Force Coefficients for group 1 --> /home/liukushka/Desktop/Università/Magistrale/ProgettoAerodinamico/progettoAerodinamico/Pythonism/automatizzazioneVSP/analysisOutputCoordinate_X_secondary_wing/Coordinate_X_secondary_wing_0.15555555555555556/geometry_Coordinate_X_secondary_wing_0.15555555555555556_DegenGeom 

   Time        Cx         Cy         Cz        Cxo        Cyo        Czo        Cxi        Cyi        Czi        Cmx        Cmy        Cmz        Cmxo       Cmyo       Cmzo       Cmxi       Cmyi       Cmzi        CL         CD         CS        CLo        CDo        CSo        CLi        CDi        CSi 
   1.00000    0.10600    0.00625   -0.96545    0.03286   -0.00012    0.00229    0.07314    0.00637   -0.96774    0.17505    0.89457   -0.58477    0.00006    0.02934   -0.00010    0.17500    0.86523   -0.58467   -0.96545    0.10600    0.00625    0.00229    0.03286   -0.00012   -0.96774    0.07314    0.00637 
   2.00000    0.11398    0.00146   -0.96980    0.03271   -0.00008    0.00269    0.08127    0.00154   -0.97249    0.18237    1.12537   -0.46263    0.00005    0.02850   -0.00002    0.18232    1.09687   -0.46261   -0.96980    0.11398    0.00146    0.00269    0.03271   -0.00008   -0.97249    0.08127    0.00154 
   3.00000    0.12309   -0.00403   -0.97586    0.03266   -0.00004    0.00274    0.09043   -0.00400   -0.97860    0.19186    1.16613   -0.46028    0.00001    0.02844    0.00000    0.19185    1.13769   -0.46028   -0.97586    0.12309   -0.00403    0.00274    0.03266   -0.00004   -0.97860    0.09043   -0.00400 
   4.00000    0.12274   -0.00418   -0.94946    0.03243   -0.00009    0.00270    0.09031   -0.00409   -0.95215    0.18576    1.14028   -0.45253    0.00004    0.02835   -0.00005    0.18572    1.11193   -0.45247   -0.94946    0.12274   -0.00418    0.00270    0.03243   -0.00009   -0.95215    0.09031   -0.00409 
   5.00000    0.11809   -0.00233   -0.91837    0.03240   -0.00010    0.00248    0.08570   -0.00223   -0.92085    0.19252    1.05948   -0.46872   -0.00006    0.02878    0.00000    0.19258    1.03070   -0.46872   -0.91837    0.11809   -0.00233    0.00248    0.03240   -0.00010   -0.92085    0.08570   -0.00223 
   6.00000    0.12232   -0.01974   -0.96419    0.03347    0.00066    0.00263    0.08885   -0.02040   -0.96682    0.22856    1.18855   -0.48329   -0.00009    0.02951    0.00086    0.22866    1.15904   -0.48415   -0.96419    0.12232   -0.01974    0.00263    0.03347    0.00066   -0.96682    0.08885   -0.02040 
   7.00000    0.13140    0.02336   -0.91071    0.03264    0.00028    0.00264    0.09876    0.02308   -0.91335    0.19111    1.09282   -0.45721   -0.00014    0.02867    0.00007    0.19125    1.06415   -0.45728   -0.91071    0.13140    0.02336    0.00264    0.03264    0.00028   -0.91335    0.09876    0.02308 
   8.00000    0.13540   -0.00109   -0.91620    0.03219   -0.00015    0.00274    0.10321   -0.00094   -0.91894    0.18276    1.08132   -0.47586    0.00012    0.02800   -0.00013    0.18264    1.05332   -0.47573   -0.91620    0.13540   -0.00109    0.00274    0.03219   -0.00015   -0.91894    0.10321   -0.00094 
   9.00000    0.12478    0.00522   -0.92993    0.03218    0.00003    0.00264    0.09260    0.00520   -0.93257    0.17952    1.07102   -0.45453    0.00006    0.02820    0.00005    0.17945    1.04283   -0.45458   -0.92993    0.12478    0.00522    0.00264    0.03218    0.00003   -0.93257    0.09260    0.00520 
  10.00000    0.11517    0.00684   -0.89514    0.03187   -0.00002    0.00254    0.08330    0.00686   -0.89768    0.20077    1.00875   -0.45694    0.00005    0.02809    0.00003    0.20071    0.98066   -0.45697   -0.89514    0.11517    0.00684    0.00254    0.03187   -0.00002   -0.89768    0.08330    0.00686 
  11.00000    0.11097    0.00259   -0.87127    0.03191   -0.00005    0.00249    0.07906    0.00265   -0.87376    0.19991    0.93755   -0.47547   -0.00000    0.02825    0.00004    0.19991    0.90930   -0.47552   -0.87127    0.11097    0.00259    0.00249    0.03191   -0.00005   -0.87376    0.07906    0.00265 
  12.00000    0.11770   -0.00009   -0.90539    0.03203   -0.00004    0.00253    0.08566   -0.00005   -0.90793    0.19808    1.04730   -0.47355    0.00000    0.02826    0.00003    0.19808    1.01904   -0.47358   -0.90539    0.11770   -0.00009    0.00253    0.03203   -0.00004   -0.90793    0.08566   -0.00005 
  13.00000    0.11915    0.00603   -0.90438    0.03253    0.00008    0.00248    0.08662    0.00595   -0.90686    0.20616    1.04300   -0.45564   -0.00006    0.02888   -0.00005    0.20622    1.01411   -0.45559   -0.90438    0.11915    0.00603    0.00248    0.03253    0.00008   -0.90686    0.08662    0.00595 
  14.00000    0.12464    0.00788   -0.96705    0.03276   -0.00008    0.00278    0.09187    0.00796   -0.96983    0.21034    1.11926   -0.45811    0.00002    0.02853    0.00015    0.21031    1.09073   -0.45826   -0.96705    0.12464    0.00788    0.00278    0.03276   -0.00008   -0.96983    0.09187    0.00796 
  15.00000    0.12250    0.00036   -0.95160    0.03280   -0.00023    0.00268    0.08970    0.00059   -0.95428    0.21751    1.12176   -0.45499   -0.00011    0.02877    0.00000    0.21762    1.09299   -0.45500   -0.95160    0.12250    0.00036    0.00268    0.03280   -0.00023   -0.95428    0.08970    0.00059 
  16.00000    0.12082    0.00830   -0.95607    0.03243   -0.00008    0.00267    0.08839    0.00837   -0.95875    0.18230    1.11201   -0.45950    0.00007    0.02840   -0.00007    0.18223    1.08362   -0.45943   -0.95607    0.12082    0.00830    0.00267    0.03243   -0.00008   -0.95875    0.08839    0.00837 


Average over last full revolution: 

  16.00000    0.12082    0.00830   -0.95607    0.03243   -0.00008    0.00267    0.08839    0.00837   -0.95875    0.18230    1.11201   -0.45950    0.00007    0.02840   -0.00007    0.18223    1.08362   -0.45943   -0.95607    0.12082    0.00830    0.00267    0.03243   -0.00008   -0.95875    0.08839    0.00837 



Average loading for wing surface: 1 --> VSP Surface: 1 ... NOTE: values are per area! 

  Station     S       Chord     Area      V/Vref        Cx            Cy            Cz           Cxo           Cyo           Czo          Cxi            Cyi           Czi           Cl            Cd            Cs            Clo           Cdo           Cso           Cli           Cdi           Csi           Cmx           Cmy           Cmz          Cmxo          Cmyo          Cmzo          Cmxi          Cmyi          Cmzi 
        1   0.06064   0.32000   0.01489   1.02304  3.367290e-02 -1.966414e-04 -5.911070e-01  1.701749e-02 -2.354588e-04  6.486729e-04  1.665540e-02  3.881740e-05 -5.917556e-01 -5.911070e-01  3.367290e-02  1.705631e-02  6.486729e-04  1.701749e-02 -2.354588e-04 -5.917556e-01  1.665540e-02  3.881740e-05 -4.268601e-02  6.093519e-01 -2.635865e-03  2.703564e-04  1.549015e-02 -1.469920e-03 -4.295636e-02  5.938617e-01 -1.165945e-03 
        2   0.15507   0.32000   0.01489   1.02302  3.099645e-02 -1.477745e-04 -5.926793e-01  1.702729e-02 -2.397352e-04  6.504635e-04  1.396917e-02  9.196072e-05 -5.933298e-01 -5.926793e-01  3.099645e-02  1.711925e-02  6.504635e-04  1.702729e-02 -2.397352e-04 -5.933298e-01  1.396917e-02  9.196072e-05 -1.288119e-01  6.071011e-01 -6.886744e-03  3.689163e-04  1.549764e-02 -3.945360e-03 -1.291808e-01  5.916035e-01 -2.941384e-03 
        3   0.22267   0.32000   0.01489   1.02072  3.049778e-02 -3.195370e-04 -5.970134e-01  1.700599e-02 -3.360615e-04  6.517221e-04  1.349179e-02  1.652451e-05 -5.976651e-01 -5.970134e-01  3.049778e-02  1.702252e-02  6.517221e-04  1.700599e-02 -3.360615e-04 -5.976651e-01  1.349179e-02  1.652451e-05 -2.162421e-01  6.061441e-01 -1.138508e-02  5.550990e-04  1.547619e-02 -6.504394e-03 -2.167972e-01  5.906679e-01 -4.880690e-03 
        4   0.29026   0.32000   0.01489   1.02041  2.723109e-02 -4.004425e-04 -6.035313e-01  1.704498e-02 -3.458260e-04  6.540300e-04  1.018610e-02 -5.461652e-05 -6.041853e-01 -6.035313e-01  2.723109e-02  1.699037e-02  6.540300e-04  1.704498e-02 -3.458260e-04 -6.041853e-01  1.018610e-02 -5.461652e-05 -3.060877e-01  6.069635e-01 -1.422966e-02  6.600882e-04  1.551086e-02 -9.001320e-03 -3.067478e-01  5.914526e-01 -5.228343e-03 
        5   0.35786   0.32000   0.01489   1.01576  3.229288e-02 -2.997159e-04 -6.149760e-01  1.703143e-02 -2.812764e-04  6.535333e-04  1.526145e-02 -1.843948e-05 -6.156296e-01 -6.149760e-01  3.229288e-02  1.701299e-02  6.535333e-04  1.703143e-02 -2.812764e-04 -6.156296e-01  1.526145e-02 -1.843948e-05 -4.012846e-01  6.206073e-01 -2.138278e-02  6.934397e-04  1.549850e-02 -1.140096e-02 -4.019780e-01  6.051088e-01 -9.981819e-03 
        6   0.42545   0.32000   0.01489   1.01619  3.121381e-02 -2.626160e-04 -6.139177e-01  1.703237e-02 -2.790376e-04  6.550232e-04  1.418144e-02  1.642162e-05 -6.145727e-01 -6.139177e-01  3.121381e-02  1.704879e-02  6.550232e-04  1.703237e-02 -2.790376e-04 -6.145727e-01  1.418144e-02  1.642162e-05 -4.896725e-01  6.181701e-01 -2.517053e-02  7.873252e-04  1.549790e-02 -1.387053e-02 -4.904598e-01  6.026722e-01 -1.130000e-02 
        7   0.49304   0.32000   0.01489   1.01540  2.917956e-02 -9.552454e-05 -6.025270e-01  1.693207e-02 -1.945760e-04  6.500572e-04  1.224749e-02  9.905149e-05 -6.031771e-01 -6.025270e-01  2.917956e-02  1.703112e-02  6.500572e-04  1.693207e-02 -1.945760e-04 -6.031771e-01  1.224749e-02  9.905149e-05 -5.681355e-01  6.060327e-01 -2.758955e-02  7.975781e-04  1.540775e-02 -1.616268e-02 -5.689331e-01  5.906250e-01 -1.142687e-02 
        8   0.56064   0.32000   0.01489   1.01530  3.016052e-02  1.115785e-04 -5.830838e-01  1.679045e-02 -1.951628e-04  6.466365e-04  1.337007e-02  3.067413e-04 -5.837305e-01 -5.830838e-01  3.016052e-02  1.709719e-02  6.466365e-04  1.679045e-02 -1.951628e-04 -5.837305e-01  1.337007e-02  3.067413e-04 -6.345879e-01  5.885265e-01 -3.261605e-02  8.887279e-04  1.527686e-02 -1.846581e-02 -6.354767e-01  5.732497e-01 -1.415024e-02 
        9   0.62823   0.32000   0.01489   1.01637  2.808018e-02  5.770604e-04 -5.505893e-01  1.659167e-02 -5.862411e-05  6.336574e-04  1.148852e-02  6.356846e-04 -5.512230e-01 -5.505893e-01  2.808018e-02  1.722735e-02  6.336574e-04  1.659167e-02 -5.862411e-05 -5.512230e-01  1.148852e-02  6.356846e-04 -6.795340e-01  5.557100e-01 -3.384271e-02  8.370531e-04  1.510132e-02 -2.052025e-02 -6.803711e-01  5.406087e-01 -1.332247e-02 
       10   0.69583   0.32000   0.01489   1.01829  2.877448e-02  1.520948e-03 -5.091396e-01  1.637006e-02 -5.584630e-05  6.239423e-04  1.240442e-02  1.576794e-03 -5.097635e-01 -5.091396e-01  2.877448e-02  1.794686e-02  6.239423e-04  1.637006e-02 -5.584630e-05 -5.097635e-01  1.240442e-02  1.576794e-03 -7.031597e-01  5.166335e-01 -3.762126e-02  9.129642e-04  1.490088e-02 -2.261927e-02 -7.040727e-01  5.017326e-01 -1.500199e-02 
       11   0.76342   0.32000   0.01489   1.02099  2.428128e-02  3.774823e-03 -4.500339e-01  1.609168e-02 -1.585236e-05  6.037594e-04  8.189595e-03  3.790675e-03 -4.506376e-01 -4.500339e-01  2.428128e-02  1.988235e-02  6.037594e-04  1.609168e-02 -1.585236e-05 -4.506376e-01  8.189595e-03  3.790675e-03 -6.891642e-01  4.564899e-01 -3.202761e-02  9.348150e-04  1.465705e-02 -2.453029e-02 -6.900990e-01  4.418328e-01 -7.497315e-03 
       12   0.83101   0.32000   0.01489   1.03528  2.317623e-02 -5.315932e-02 -3.406718e-01  1.591964e-02 -5.682405e-04  5.420369e-04  7.256591e-03 -5.259108e-02 -3.412138e-01 -3.406718e-01  2.317623e-02 -3.667144e-02  5.420369e-04  1.591964e-02 -5.682405e-04 -3.412138e-01  7.256591e-03 -5.259108e-02 -5.160316e-01  3.366709e-01 -1.084502e-01  1.443290e-03  1.455560e-02 -2.713021e-02 -5.174749e-01  3.221153e-01 -8.132001e-02 
       13   0.89861   0.32000   0.01489   0.96893  3.022605e-02 -5.102861e-02 -4.837240e-01  1.510718e-02 -2.874625e-04  5.275103e-04  1.511886e-02 -5.074115e-02 -4.842515e-01 -4.837240e-01  3.022605e-02 -3.563397e-02  5.275103e-04  1.510718e-02 -2.874625e-04 -4.842515e-01  1.511886e-02 -5.074115e-02 -8.309599e-01  5.125633e-01 -1.224010e-01  1.229309e-03  1.379962e-02 -2.768577e-02 -8.321892e-01  4.987637e-01 -9.471518e-02 
       14   0.96620   0.32000   0.01489   0.99318  3.935741e-02  5.141943e-03 -4.899323e-01  1.567183e-02  6.669982e-04  5.752734e-04  2.368557e-02  4.474944e-03 -4.905076e-01 -4.899323e-01  3.935741e-02  2.014678e-02  5.752734e-04  1.567183e-02  6.669982e-04 -4.905076e-01  2.368557e-02  4.474944e-03 -9.646344e-01  5.626188e-01 -7.099580e-02  4.942282e-04  1.428736e-02 -3.002938e-02 -9.651286e-01  5.483314e-01 -4.096642e-02 



Average loading for wing surface: 2 --> VSP Surface: 2 ... NOTE: values are per area! 

  Station     S       Chord     Area      V/Vref        Cx            Cy            Cz           Cxo           Cyo           Czo          Cxi            Cyi           Czi           Cl            Cd            Cs            Clo           Cdo           Cso           Cli           Cdi           Csi           Cmx           Cmy           Cmz          Cmxo          Cmyo          Cmzo          Cmxi          Cmyi          Cmzi 
        1   0.06064   0.32000   0.01489   1.02289  3.372652e-02  1.985282e-04 -5.916695e-01  1.701805e-02  2.419649e-04  6.507277e-04  1.670848e-02 -4.343661e-05 -5.923202e-01 -5.916695e-01  3.372652e-02  1.697461e-02  6.507277e-04  1.701805e-02  2.419649e-04 -5.923202e-01  1.670848e-02 -4.343661e-05  4.272367e-02  6.099644e-01  2.641282e-03 -2.766755e-04  1.548862e-02  1.476465e-03  4.300034e-02  5.944758e-01  1.164818e-03 
        2   0.15507   0.32000   0.01489   1.02287  3.096937e-02  1.409951e-04 -5.939362e-01  1.703283e-02  2.427293e-04  6.507465e-04  1.393654e-02 -1.017342e-04 -5.945870e-01 -5.939362e-01  3.096937e-02  1.693110e-02  6.507465e-04  1.703283e-02  2.427293e-04 -5.945870e-01  1.393654e-02 -1.017342e-04  1.290908e-01  6.083149e-01  6.874131e-03 -3.718174e-04  1.550262e-02  3.949561e-03  1.294626e-01  5.928123e-01  2.924570e-03 
        3   0.22267   0.32000   0.01489   1.02055  3.066532e-02  3.070606e-04 -5.989835e-01  1.701627e-02  3.353037e-04  6.559567e-04  1.364905e-02 -2.824312e-05 -5.996395e-01 -5.989835e-01  3.066532e-02  1.698803e-02  6.559567e-04  1.701627e-02  3.353037e-04 -5.996395e-01  1.364905e-02 -2.824312e-05  2.169687e-01  6.081921e-01  1.143305e-02 -5.559163e-04  1.548170e-02  6.507364e-03  2.175246e-01  5.927104e-01  4.925687e-03 
        4   0.29026   0.32000   0.01489   1.02022  2.751016e-02  3.706811e-04 -6.062297e-01  1.706046e-02  3.452090e-04  6.596892e-04  1.044970e-02  2.547208e-05 -6.068894e-01 -6.062297e-01  2.751016e-02  1.708593e-02  6.596892e-04  1.706046e-02  3.452090e-04 -6.068894e-01  1.044970e-02  2.547208e-05  3.074861e-01  6.098706e-01  1.433593e-02 -6.623769e-04  1.551988e-02  9.008561e-03  3.081485e-01  5.943507e-01  5.327365e-03 
        5   0.35786   0.32000   0.01489   1.01524  3.281642e-02  2.686160e-04 -6.183665e-01  1.704531e-02  2.763311e-04  6.708459e-04  1.577111e-02 -7.715168e-06 -6.190373e-01 -6.183665e-01  3.281642e-02  1.703760e-02  6.708459e-04  1.704531e-02  2.763311e-04 -6.190373e-01  1.577111e-02 -7.715168e-06  4.035276e-01  6.244134e-01  2.168782e-02 -7.000532e-04  1.549436e-02  1.140508e-02  4.042277e-01  6.089190e-01  1.028274e-02 
        6   0.42545   0.32000   0.01489   1.01568  3.183370e-02  2.830863e-04 -6.180073e-01  1.705181e-02  2.743943e-04  6.723410e-04  1.478188e-02  8.692009e-06 -6.186796e-01 -6.180073e-01  3.183370e-02  1.706051e-02  6.723410e-04  1.705181e-02  2.743943e-04 -6.186796e-01  1.478188e-02  8.692009e-06  4.929162e-01  6.228660e-01  2.569249e-02 -7.967410e-04  1.549903e-02  1.388140e-02  4.937129e-01  6.073670e-01  1.181109e-02 
        7   0.49304   0.32000   0.01489   1.01487  2.995318e-02  1.779598e-04 -6.073388e-01  1.695559e-02  1.895961e-04  6.711208e-04  1.299759e-02 -1.163636e-05 -6.080099e-01 -6.073388e-01  2.995318e-02  1.694396e-02  6.711208e-04  1.695559e-02  1.895961e-04 -6.080099e-01  1.299759e-02 -1.163636e-05  5.725954e-01  6.116915e-01  2.842570e-02 -8.127199e-04  1.540900e-02  1.617989e-02  5.734082e-01  5.962825e-01  1.224580e-02 
        8   0.56064   0.32000   0.01489   1.01480  3.109453e-02  7.909683e-05 -5.887253e-01  1.681942e-02  1.903596e-04  6.673781e-04  1.427511e-02 -1.112628e-04 -5.893927e-01 -5.887253e-01  3.109453e-02  1.670816e-02  6.673781e-04  1.681942e-02  1.903596e-04 -5.893927e-01  1.427511e-02 -1.112628e-04  6.405460e-01  5.953492e-01  3.388071e-02 -9.067429e-04  1.528360e-02  1.849253e-02  6.414527e-01  5.800656e-01  1.538818e-02 
        9   0.62823   0.32000   0.01489   1.01585  2.930158e-02 -2.174616e-04 -5.566797e-01  1.662055e-02  5.050062e-05  6.557103e-04  1.268103e-02 -2.679622e-04 -5.573354e-01 -5.566797e-01  2.930158e-02  1.635258e-02  6.557103e-04  1.662055e-02  5.050062e-05 -5.573354e-01  1.268103e-02 -2.679622e-04  6.867039e-01  5.631158e-01  3.582342e-02 -8.565458e-04  1.510666e-02  2.054774e-02  6.875604e-01  5.480092e-01  1.527568e-02 
       10   0.69583   0.32000   0.01489   1.01765  3.017839e-02 -9.593448e-04 -5.155985e-01  1.639496e-02  4.737382e-05  6.474067e-04  1.378343e-02 -1.006719e-03 -5.162460e-01 -5.155985e-01  3.017839e-02  1.538824e-02  6.474067e-04  1.639496e-02  4.737382e-05 -5.162460e-01  1.378343e-02 -1.006719e-03  7.115273e-01  5.246563e-01  4.029861e-02 -9.372710e-04  1.490102e-02  2.264512e-02  7.124646e-01  5.097553e-01  1.765349e-02 
       11   0.76342   0.32000   0.01489   1.02089  2.535747e-02 -2.968759e-03 -4.551901e-01  1.611635e-02  4.224037e-06  6.414298e-04  9.241120e-03 -2.972983e-03 -4.558315e-01 -4.551901e-01  2.535747e-02  1.314337e-02  6.414298e-04  1.611635e-02  4.224037e-06 -4.558315e-01  9.241120e-03 -2.972983e-03  6.962302e-01  4.625598e-01  3.472960e-02 -9.811751e-04  1.464278e-02  2.455625e-02  6.972114e-01  4.479170e-01  1.017334e-02 
       12   0.83101   0.32000   0.01489   1.03545  2.676998e-02  5.466409e-02 -3.551577e-01  1.598411e-02  4.916457e-04  5.971749e-04  1.078587e-02  5.417245e-02 -3.557548e-01 -3.551577e-01  2.676998e-02  7.015656e-02  5.971749e-04  1.598411e-02  4.916457e-04 -3.557548e-01  1.078587e-02  5.417245e-02  5.393895e-01  3.590249e-01  1.164579e-01 -1.462649e-03  1.456161e-02  2.716120e-02  5.408522e-01  3.444633e-01  8.929672e-02 
       13   0.89861   0.32000   0.01489   0.97169  3.514570e-02  5.280497e-02 -5.011153e-01  1.528070e-02  2.380334e-04  6.080725e-04  1.986500e-02  5.256694e-02 -5.017234e-01 -5.011153e-01  3.514570e-02  6.784764e-02  6.080725e-04  1.528070e-02  2.380334e-04 -5.017234e-01  1.986500e-02  5.256694e-02  8.603132e-01  5.405036e-01  1.334595e-01 -1.328541e-03  1.388364e-02  2.795105e-02  8.616418e-01  5.266200e-01  1.055084e-01 
       14   0.96620   0.32000   0.01489   0.99602  4.313624e-02 -4.463552e-03 -5.017833e-01  1.580664e-02 -7.116192e-04  6.487689e-04  2.732959e-02 -3.751932e-03 -5.024320e-01 -5.017833e-01  4.313624e-02  1.205471e-02  6.487689e-04  1.580664e-02 -7.116192e-04 -5.024320e-01  2.732959e-02 -3.751932e-03  9.872258e-01  5.807675e-01  7.932387e-02 -5.958662e-04  1.434173e-02  3.024882e-02  9.878217e-01  5.664258e-01  4.907504e-02 



Average loading for wing surface: 3 --> VSP Surface: 3 ... NOTE: values are per area! 

  Station     S       Chord     Area      V/Vref        Cx            Cy            Cz           Cxo           Cyo           Czo          Cxi            Cyi           Czi           Cl            Cd            Cs            Clo           Cdo           Cso           Cli           Cdi           Csi           Cmx           Cmy           Cmz          Cmxo          Cmyo          Cmzo          Cmxi          Cmyi          Cmzi 
        1   0.03103   0.13000   0.00606   0.98480  1.439755e-01 -3.574202e-04 -8.897033e-01  2.177743e-02 -3.325904e-04  4.623720e-03  1.221981e-01 -2.482987e-05 -8.943271e-01 -8.897033e-01  1.439755e-01  2.175260e-02  4.623720e-03  2.177743e-02 -3.325904e-04 -8.943271e-01  1.221981e-01 -2.482987e-05 -1.579675e-01  4.470828e+00 -2.742031e-02  1.685999e-03  3.429839e-02 -5.473822e-03 -1.596535e-01  4.436529e+00 -2.194649e-02 
        2   0.09814   0.13000   0.00606   0.98486  1.419491e-01 -4.217400e-04 -8.834224e-01  2.170813e-02 -4.188566e-04  4.581324e-03  1.202409e-01 -2.883344e-06 -8.880038e-01 -8.834224e-01  1.419491e-01  2.170524e-02  4.581324e-03  2.170813e-02 -4.188566e-04 -8.880038e-01  1.202409e-01 -2.883344e-06 -4.722623e-01  4.436769e+00 -7.806064e-02  3.537767e-03  3.432116e-02 -1.362546e-02 -4.758001e-01  4.402448e+00 -6.443519e-02 
        3   0.17029   0.13000   0.00606   0.98573  1.316161e-01 -5.375955e-04 -8.603831e-01  2.145140e-02 -5.529102e-04  4.513172e-03  1.101647e-01  1.531471e-05 -8.648963e-01 -8.603831e-01  1.316161e-01  2.146671e-02  4.513172e-03  2.145140e-02 -5.529102e-04 -8.648963e-01  1.101647e-01  1.531471e-05 -7.667226e-01  4.302022e+00 -1.200385e-01  5.459870e-03  3.398185e-02 -2.178799e-02 -7.721825e-01  4.268040e+00 -9.825050e-02 
        4   0.24244   0.13000   0.00606   0.98449  1.390633e-01 -7.382276e-04 -8.708693e-01  2.155745e-02 -5.932531e-04  4.525029e-03  1.175058e-01 -1.449745e-04 -8.753944e-01 -8.708693e-01  1.390633e-01  2.141247e-02  4.525029e-03  2.155745e-02 -5.932531e-04 -8.753944e-01  1.175058e-01 -1.449745e-04 -1.086794e+00  4.377746e+00 -1.774040e-01  7.190897e-03  3.419967e-02 -2.977402e-02 -1.093985e+00  4.343546e+00 -1.476300e-01 
        5   0.31459   0.13000   0.00606   0.98491  1.459404e-01 -6.176272e-04 -8.507408e-01  2.137670e-02 -4.834681e-04  4.439999e-03  1.245637e-01 -1.341591e-04 -8.551808e-01 -8.507408e-01  1.459404e-01  2.124254e-02  4.439999e-03  2.137670e-02 -4.834681e-04 -8.551808e-01  1.245637e-01 -1.341591e-04 -1.365582e+00  4.300817e+00 -2.375019e-01  8.386334e-03  3.413734e-02 -3.665943e-02 -1.373969e+00  4.266680e+00 -2.008425e-01 
        6   0.38673   0.13000   0.00606   0.98521  1.425898e-01 -1.487303e-04 -8.357591e-01  2.122549e-02 -2.437998e-04  4.386193e-03  1.213643e-01  9.506948e-05 -8.401453e-01 -8.357591e-01  1.425898e-01  2.132056e-02  4.386193e-03  2.122549e-02 -2.437998e-04 -8.401453e-01  1.213643e-01  9.506948e-05 -1.641212e+00  4.225031e+00 -2.807809e-01  9.246391e-03  3.400260e-02 -4.285477e-02 -1.650459e+00  4.191029e+00 -2.379262e-01 
        7   0.45888   0.13000   0.00606   0.98482  1.411418e-01  1.808510e-04 -8.284850e-01  2.114077e-02 -6.241080e-05  4.362617e-03  1.200010e-01  2.432618e-04 -8.328476e-01 -8.284850e-01  1.411418e-01  2.138403e-02  4.362617e-03  2.114077e-02 -6.241080e-05 -8.328476e-01  1.200010e-01  2.432618e-04 -1.923685e+00  4.189770e+00 -3.267780e-01  1.028895e-02  3.389582e-02 -4.937422e-02 -1.933974e+00  4.155874e+00 -2.774038e-01 
        8   0.53103   0.13000   0.00606   0.98460  1.415560e-01  5.283009e-05 -8.213923e-01  2.107007e-02  1.607516e-04  4.312833e-03  1.204859e-01 -1.079215e-04 -8.257052e-01 -8.213923e-01  1.415560e-01  2.096215e-02  4.312833e-03  2.107007e-02  1.607516e-04 -8.257052e-01  1.204859e-01 -1.079215e-04 -2.200572e+00  4.160756e+00 -3.789670e-01  1.113640e-02  3.395017e-02 -5.567160e-02 -2.211708e+00  4.126806e+00 -3.232954e-01 
        9   0.60318   0.13000   0.00606   0.97433  1.465112e-01  5.317564e-04 -8.329509e-01  2.098792e-02  8.917619e-04  4.209263e-03  1.255233e-01 -3.600054e-04 -8.371602e-01 -8.329509e-01  1.465112e-01  2.062792e-02  4.209263e-03  2.098792e-02  8.917619e-04 -8.371602e-01  1.255233e-01 -3.600054e-04 -2.530020e+00  4.224156e+00 -4.422214e-01  1.047133e-02  3.423125e-02 -5.946355e-02 -2.540491e+00  4.189925e+00 -3.827579e-01 
       10   0.67533   0.13000   0.00606   0.97364  1.516375e-01  1.228281e-03 -8.382097e-01  2.103309e-02  1.265999e-03  4.165460e-03  1.306044e-01 -3.771778e-05 -8.423752e-01 -8.382097e-01  1.516375e-01  2.099537e-02  4.165460e-03  2.103309e-02  1.265999e-03 -8.423752e-01  1.306044e-01 -3.771778e-05 -2.846741e+00  4.258708e+00 -5.085155e-01  1.085796e-02  3.455685e-02 -6.532903e-02 -2.857599e+00  4.224152e+00 -4.431865e-01 
       11   0.74748   0.13000   0.00606   0.97547  1.267849e-01  1.493661e-02 -8.550471e-01  2.113326e-02  2.209167e-03  4.113768e-03  1.056517e-01  1.272744e-02 -8.591609e-01 -8.550471e-01  1.267849e-01  3.386070e-02  4.113768e-03  2.113326e-02  2.209167e-03 -8.591609e-01  1.056517e-01  1.272744e-02 -3.250690e+00  4.274685e+00 -4.035650e-01  9.712021e-03  3.506229e-02 -6.872169e-02 -3.260403e+00  4.239623e+00 -3.348433e-01 
       12   0.81963   0.13000   0.00606   0.98641  1.301488e-01  3.443393e-02 -9.679557e-01  2.245663e-02  3.517596e-03  4.552377e-03  1.076921e-01  3.091633e-02 -9.725081e-01 -9.679557e-01  1.301488e-01  5.337296e-02  4.552377e-03  2.245663e-02  3.517596e-03 -9.725081e-01  1.076921e-01  3.091633e-02 -4.058544e+00  4.781355e+00 -3.716582e-01  9.598047e-03  3.639532e-02 -7.546910e-02 -4.068142e+00  4.744959e+00 -2.961891e-01 
       13   0.89178   0.13000   0.00606   1.00170  1.788004e-01  4.790901e-02 -8.750532e-01  2.161044e-02  9.849461e-04  6.372097e-03  1.571900e-01  4.692406e-02 -8.814253e-01 -8.750532e-01  1.788004e-01  6.853450e-02  6.372097e-03  2.161044e-02  9.849461e-04 -8.814253e-01  1.571900e-01  4.692406e-02 -4.027838e+00  4.416075e+00 -5.573537e-01  2.589903e-02  2.553435e-02 -9.178131e-02 -4.053737e+00  4.390541e+00 -4.655723e-01 
       14   0.96393   0.13000   0.00606   0.97089  3.332989e-01  2.717555e-02 -8.839108e-01  1.992285e-02 -1.497628e-03  1.029601e-02  3.133760e-01  2.867318e-02 -8.942068e-01 -8.839108e-01  3.332989e-01  4.859603e-02  1.029601e-02  1.992285e-02 -1.497628e-03 -8.942068e-01  3.133760e-01  2.867318e-02 -4.338114e+00  4.944028e+00 -1.461602e+00  5.351548e-02  2.469123e-03 -1.031937e-01 -4.391629e+00  4.941559e+00 -1.358409e+00 



Average loading for wing surface: 4 --> VSP Surface: 4 ... NOTE: values are per area! 

  Station     S       Chord     Area      V/Vref        Cx            Cy            Cz           Cxo           Cyo           Czo          Cxi            Cyi           Czi           Cl            Cd            Cs            Clo           Cdo           Cso           Cli           Cdi           Csi           Cmx           Cmy           Cmz          Cmxo          Cmyo          Cmzo          Cmxi          Cmyi          Cmzi 
        1   0.03103   0.13000   0.00606   0.98446  1.436976e-01  4.146607e-04 -8.897656e-01  2.176971e-02  3.996471e-04  4.621606e-03  1.219279e-01  1.501361e-05 -8.943872e-01 -8.897656e-01  1.436976e-01  2.178472e-02  4.621606e-03  2.176971e-02  3.996471e-04 -8.943872e-01  1.219279e-01  1.501361e-05  1.578277e-01  4.470473e+00  2.764140e-02 -1.859082e-03  3.428849e-02  5.792010e-03  1.596868e-01  4.436185e+00  2.184939e-02 
        2   0.09814   0.13000   0.00606   0.98449  1.423063e-01  4.782310e-04 -8.851647e-01  2.171442e-02  4.687675e-04  4.611985e-03  1.205919e-01  9.463428e-06 -8.897767e-01 -8.851647e-01  1.423063e-01  2.172389e-02  4.611985e-03  2.171442e-02  4.687675e-04 -8.897767e-01  1.205919e-01  9.463428e-06  4.730559e-01  4.445415e+00  7.851475e-02 -3.683300e-03  3.419133e-02  1.386669e-02  4.767392e-01  4.411224e+00  6.464806e-02 
        3   0.17029   0.13000   0.00606   0.98532  1.324329e-01  5.750365e-04 -8.613402e-01  2.144784e-02  5.757619e-04  4.547748e-03  1.109851e-01 -7.254014e-07 -8.658880e-01 -8.613402e-01  1.324329e-01  2.144711e-02  4.547748e-03  2.144784e-02  5.757619e-04 -8.658880e-01  1.109851e-01 -7.254014e-07  7.674799e-01  4.306962e+00  1.209394e-01 -5.549854e-03  3.380786e-02  2.189371e-02  7.730298e-01  4.273154e+00  9.904571e-02 
        4   0.24244   0.13000   0.00606   0.98413  1.405492e-01  8.151879e-04 -8.735634e-01  2.156953e-02  6.230119e-04  4.594183e-03  1.189797e-01  1.921760e-04 -8.781576e-01 -8.735634e-01  1.405492e-01  2.176171e-02  4.594183e-03  2.156953e-02  6.230119e-04 -8.781576e-01  1.189797e-01  1.921760e-04  1.089975e+00  4.393485e+00  1.796467e-01 -7.354318e-03  3.390136e-02  2.993094e-02  1.097330e+00  4.359583e+00  1.497158e-01 
        5   0.31459   0.13000   0.00606   0.98389  1.460447e-01  7.353256e-04 -8.495069e-01  2.132294e-02  5.100957e-04  4.530096e-03  1.247218e-01  2.252300e-04 -8.540370e-01 -8.495069e-01  1.460447e-01  2.154817e-02  4.530096e-03  2.132294e-02  5.100957e-04 -8.540370e-01  1.247218e-01  2.252300e-04  1.363281e+00  4.293549e+00  2.382334e-01 -8.600013e-03  3.356890e-02  3.669992e-02  1.371881e+00  4.259980e+00  2.015334e-01 
        6   0.38673   0.13000   0.00606   0.98413  1.437128e-01  2.524689e-04 -8.341095e-01  2.116401e-02  2.699513e-04  4.499913e-03  1.225488e-01 -1.748240e-05 -8.386094e-01 -8.341095e-01  1.437128e-01  2.114653e-02  4.499913e-03  2.116401e-02  2.699513e-04 -8.386094e-01  1.225488e-01 -1.748240e-05  1.637709e+00  4.217742e+00  2.834744e-01 -9.537416e-03  3.330163e-02  4.285864e-02  1.647247e+00  4.184440e+00  2.406158e-01 
        7   0.45888   0.13000   0.00606   0.98321  1.413147e-01  4.155217e-06 -8.226022e-01  2.102078e-02  9.547657e-05  4.472938e-03  1.202940e-01 -9.132135e-05 -8.270751e-01 -8.226022e-01  1.413147e-01  2.092946e-02  4.472938e-03  2.102078e-02  9.547657e-05 -8.270751e-01  1.202940e-01 -9.132135e-05  1.909578e+00  4.158083e+00  3.280577e-01 -1.063058e-02  3.305968e-02  4.925324e-02  1.920209e+00  4.125024e+00  2.788045e-01 
        8   0.53103   0.13000   0.00606   0.98300  1.450534e-01 -1.544628e-04 -8.173285e-01  2.096369e-02 -1.505123e-04  4.492670e-03  1.240897e-01 -3.950540e-06 -8.218211e-01 -8.173285e-01  1.450534e-01  2.095974e-02  4.492670e-03  2.096369e-02 -1.505123e-04 -8.218211e-01  1.240897e-01 -3.950540e-06  2.189827e+00  4.144588e+00  3.878305e-01 -1.164460e-02  3.281797e-02  5.543546e-02  2.201472e+00  4.111769e+00  3.323950e-01 
        9   0.60318   0.13000   0.00606   0.97416  1.468131e-01 -1.240244e-03 -8.201936e-01  2.079213e-02 -9.622213e-04  4.459542e-03  1.260209e-01 -2.780233e-04 -8.246531e-01 -8.201936e-01  1.468131e-01  2.051410e-02  4.459542e-03  2.079213e-02 -9.622213e-04 -8.246531e-01  1.260209e-01 -2.780233e-04  2.493391e+00  4.158368e+00  4.398321e-01 -1.104885e-02  3.253205e-02  5.853339e-02  2.504440e+00  4.125836e+00  3.812987e-01 
       10   0.67533   0.13000   0.00606   0.97118  1.660292e-01 -1.586896e-03 -8.272654e-01  2.082198e-02 -1.270151e-03  4.527980e-03  1.452072e-01 -3.167451e-04 -8.317934e-01 -8.272654e-01  1.660292e-01  2.050523e-02  4.527980e-03  2.082198e-02 -1.270151e-03 -8.317934e-01  1.452072e-01 -3.167451e-04  2.809565e+00  4.234865e+00  5.554387e-01 -1.207720e-02  3.228311e-02  6.459295e-02  2.821643e+00  4.202582e+00  4.908457e-01 
       11   0.74748   0.13000   0.00606   0.97810  1.446186e-01 -7.272486e-03 -8.218277e-01  2.076904e-02 -2.427517e-03  4.468004e-03  1.238496e-01 -4.844969e-03 -8.262956e-01 -8.218277e-01  1.446186e-01  1.592407e-02  4.468004e-03  2.076904e-02 -2.427517e-03 -8.262956e-01  1.238496e-01 -4.844969e-03  3.104310e+00  4.168361e+00  5.071664e-01 -1.047558e-02  3.243198e-02  6.631529e-02  3.114786e+00  4.135929e+00  4.408511e-01 
       12   0.81963   0.13000   0.00606   0.99360  1.553335e-01 -9.137392e-03 -8.824831e-01  2.161018e-02 -3.462030e-03  4.734008e-03  1.337233e-01 -5.675361e-03 -8.872171e-01 -8.824831e-01  1.553335e-01  1.593482e-02  4.734008e-03  2.161018e-02 -3.462030e-03 -8.872171e-01  1.337233e-01 -5.675361e-03  3.643029e+00  4.476805e+00  5.908754e-01 -1.048777e-02  3.334015e-02  7.225740e-02  3.653517e+00  4.443465e+00  5.186180e-01 
       13   0.89178   0.13000   0.00606   1.00629  9.722759e-02 -5.361097e-02 -6.501074e-01  1.958333e-02 -3.805372e-03  4.082857e-03  7.764426e-02 -4.980560e-02 -6.541902e-01 -6.501074e-01  9.722759e-02 -3.022227e-02  4.082857e-03  1.958333e-02 -3.805372e-03 -6.541902e-01  7.764426e-02 -4.980560e-02  3.043253e+00  3.198821e+00  1.626544e-01 -8.383416e-03  3.120029e-02  6.929066e-02  3.051637e+00  3.167620e+00  9.336371e-02 
       14   0.96393   0.13000   0.00606   1.01238  1.519401e-02 -4.810788e-02 -3.692295e-01  1.861253e-02  8.606139e-04  1.537475e-03 -3.418521e-03 -4.896849e-02 -3.707670e-01 -3.692295e-01  1.519401e-02 -3.035596e-02  1.537475e-03  1.861253e-02  8.606139e-04 -3.707670e-01 -3.418521e-03 -4.896849e-02  1.910309e+00  1.689773e+00 -1.700605e-01 -9.639038e-03  4.081935e-02  9.384033e-02  1.919948e+00  1.648954e+00 -2.639008e-01 



Average loading for wing surface: 5 --> VSP Surface: 5 ... NOTE: values are per area! 

  Station     S       Chord     Area      V/Vref        Cx            Cy            Cz           Cxo           Cyo           Czo          Cxi            Cyi           Czi           Cl            Cd            Cs            Clo           Cdo           Cso           Cli           Cdi           Csi           Cmx           Cmy           Cmz          Cmxo          Cmyo          Cmzo          Cmxi          Cmyi          Cmzi 
        1   0.24304   0.45000   0.01350   1.03885  1.362322e-02 -7.806199e-02  1.072869e-01  1.432819e-02 -1.168379e-04 -2.242576e-04 -7.049710e-04 -7.794515e-02  1.075112e-01  1.072869e-01  1.362322e-02 -6.361696e-02 -2.242576e-04  1.432819e-02 -1.168379e-04  1.075112e-01 -7.049710e-04 -7.794515e-02  2.019490e-01 -8.578875e-02 -6.955017e-02 -2.538249e-04  8.788782e-03 -2.079624e-02  2.022028e-01 -9.457753e-02 -4.875393e-02 
        2   0.55031   0.45000   0.01350   1.03428  2.014247e-01  2.245123e-01 -5.751791e-01  1.420629e-02 -1.730174e-04  2.784232e-03  1.872185e-01  2.246854e-01 -5.779633e-01 -5.751791e-01  2.014247e-01  2.388916e-01  2.784232e-03  1.420629e-02 -1.730174e-04 -5.779633e-01  1.872185e-01  2.246854e-01 -9.879304e-01  7.717726e-01  7.558982e-03  4.137014e-03  7.088794e-03 -2.066822e-02 -9.920674e-01  7.646837e-01  2.822720e-02 
        3   0.67879   0.45000   0.01350   0.93197  8.511611e-03  4.137374e-01 -6.857644e-01  1.299835e-02 -7.805372e-05 -1.560929e-04 -4.486741e-03  4.138154e-01 -6.856084e-01 -6.857644e-01  8.511611e-03  4.268138e-01 -1.560929e-04  1.299835e-02 -7.805372e-05 -6.856084e-01 -4.486741e-03  4.138154e-01 -1.286657e+00  7.403130e-01  4.495831e-01 -1.682282e-04  9.665671e-03 -1.884218e-02 -1.286489e+00  7.306473e-01  4.684253e-01 
        4   0.80728   0.45000   0.01350   0.91863  9.813129e-03  1.851230e-01  8.247758e-03  1.171883e-02  3.604172e-05 -2.225293e-04 -1.905700e-03  1.850870e-01  8.470287e-03  8.247758e-03  9.813129e-03  1.968058e-01 -2.225293e-04  1.171883e-02  3.604172e-05  8.470287e-03 -1.905700e-03  1.850870e-01 -1.363449e-01 -1.998572e-03  1.568665e-01 -3.502646e-04  9.565450e-03 -1.689636e-02 -1.359947e-01 -1.156402e-02  1.737629e-01 
        5   0.93576   0.45000   0.01350   0.92346  9.917526e-03  1.274760e-01  8.356905e-03  1.169188e-02  2.059176e-05 -2.472388e-04 -1.774357e-03  1.274554e-01  8.604144e-03  8.356905e-03  9.917526e-03  1.391473e-01 -2.472388e-04  1.169188e-02  2.059176e-05  8.604144e-03 -1.774357e-03  1.274554e-01 -9.824759e-02 -1.144341e-03  1.001486e-01 -3.749689e-04  1.034449e-02 -1.687066e-02 -9.787262e-02 -1.148883e-02  1.170193e-01 



Average loading for wing surface: 6 --> VSP Surface: 6 ... NOTE: values are per area! 

  Station     S       Chord     Area      V/Vref        Cx            Cy            Cz           Cxo           Cyo           Czo          Cxi            Cyi           Czi           Cl            Cd            Cs            Clo           Cdo           Cso           Cli           Cdi           Csi           Cmx           Cmy           Cmz          Cmxo          Cmyo          Cmzo          Cmxi          Cmyi          Cmzi 
        1   0.24304   0.45000   0.01350   1.04051  1.387277e-02  9.237027e-02  1.200795e-01  1.438303e-02 -7.485120e-05 -2.531882e-04 -5.102671e-04  9.244512e-02  1.203327e-01  1.200795e-01  1.387277e-02  1.068282e-01 -2.531882e-04  1.438303e-02 -7.485120e-05  1.203327e-01 -5.102671e-04  9.244512e-02 -2.288551e-01 -9.953985e-02  8.464882e-02  4.106270e-04  8.846437e-03  2.071145e-02 -2.292658e-01 -1.083863e-01  6.393736e-02 
        2   0.55031   0.45000   0.01350   1.05018  2.469393e-01 -1.653194e-01 -4.686901e-01  1.442178e-02 -1.224518e-04  2.997638e-03  2.325175e-01 -1.651969e-01 -4.716877e-01 -4.686901e-01  2.469393e-01 -1.507751e-01  2.997638e-03  1.442178e-02 -1.224518e-04 -4.716877e-01  2.325175e-01 -1.651969e-01  7.932078e-01  6.546628e-01  1.364763e-01 -4.248287e-03  7.049877e-03  2.072670e-02  7.974561e-01  6.476129e-01  1.157496e-01 
        3   0.67879   0.45000   0.01350   0.90967 -1.684181e-03 -2.997994e-01 -5.952396e-01  1.194634e-02  6.919997e-05  1.002989e-04 -1.363052e-02 -2.998686e-01 -5.953399e-01 -5.952396e-01 -1.684181e-03 -2.879223e-01  1.002989e-04  1.194634e-02  6.919997e-05 -5.953399e-01 -1.363052e-02 -2.998686e-01  1.073630e+00  6.035379e-01 -3.190103e-01 -1.956228e-04  8.674836e-03  1.731502e-02  1.073825e+00  5.948631e-01 -3.363253e-01 
        4   0.80728   0.45000   0.01350   0.92142  1.025261e-02 -1.469755e-01  4.060121e-03  1.168805e-02 -5.356539e-05 -1.085465e-04 -1.435442e-03 -1.469219e-01  4.168667e-03  4.060121e-03  1.025261e-02 -1.352339e-01 -1.085465e-04  1.168805e-02 -5.356539e-05  4.168667e-03 -1.435442e-03 -1.469219e-01  1.117844e-01  3.956836e-03 -1.090215e-01  1.996417e-04  9.443306e-03  1.683691e-02  1.115848e-01 -5.486469e-03 -1.258584e-01 
        5   0.93576   0.45000   0.01350   0.92906  1.046094e-02 -1.068374e-01  7.282460e-03  1.178233e-02 -3.679657e-05 -2.057381e-04 -1.321396e-03 -1.068006e-01  7.488198e-03  7.282460e-03  1.046094e-02 -9.501826e-02 -2.057381e-04  1.178233e-02 -3.679657e-05  7.488198e-03 -1.321396e-03 -1.068006e-01  8.200513e-02  7.266243e-04 -7.423799e-02  3.290677e-04  1.038738e-02  1.698744e-02  8.167606e-02 -9.660752e-03 -9.122544e-02 



Average loading for wing surface: 7 --> VSP Surface: 7 ... NOTE: values are per area! 

  Station     S       Chord     Area      V/Vref        Cx            Cy            Cz           Cxo           Cyo           Czo          Cxi            Cyi           Czi           Cl            Cd            Cs            Clo           Cdo           Cso           Cli           Cdi           Csi           Cmx           Cmy           Cmz          Cmxo          Cmyo          Cmzo          Cmxi          Cmyi          Cmzi 
        1   0.11280   0.21979   0.00235   0.89453  2.815435e-02 -1.519163e-01 -4.743828e-02  1.291157e-02  6.380134e-04 -6.521710e-04  1.524277e-02 -1.525543e-01 -4.678611e-02 -4.743828e-02  2.815435e-02 -1.396427e-01 -6.521710e-04  1.291157e-02  6.380134e-04 -4.678611e-02  1.524277e-02 -1.525543e-01  9.101381e-02  1.245470e-01 -3.155150e-01 -2.533593e-03  1.885230e-02 -3.171661e-02  9.354741e-02  1.056947e-01 -2.837984e-01 
        2   0.24711   0.21979   0.00235   0.88947  5.054277e-02 -2.527942e-01 -5.173175e-02  1.312932e-02  6.203859e-04 -2.480440e-04  3.741345e-02 -2.534146e-01 -5.148371e-02 -5.173175e-02  5.054277e-02 -2.402853e-01 -2.480440e-04  1.312932e-02  6.203859e-04 -5.148371e-02  3.741345e-02 -2.534146e-01  2.332577e-01  1.658899e-01 -5.442207e-01 -1.517957e-03  1.921390e-02 -3.229152e-02  2.347756e-01  1.466760e-01 -5.119292e-01 
        3   0.29013   0.21979   0.00235   0.90114  6.331574e-02 -3.186878e-01 -5.244263e-03  1.370667e-02  6.941101e-04 -9.020967e-05  4.960907e-02 -3.193819e-01 -5.154054e-03 -5.244263e-03  6.331574e-02 -3.056752e-01 -9.020967e-05  1.370667e-02  6.941101e-04 -5.154054e-03  4.960907e-02 -3.193819e-01  4.600518e-01  1.032598e-01 -6.854577e-01 -1.258422e-03  2.047741e-02 -3.364602e-02  4.613102e-01  8.278242e-02 -6.518117e-01 
        4   0.33316   0.21979   0.00235   0.90323  7.355277e-02 -3.513640e-01 -7.465769e-04  1.392758e-02  7.155771e-04 -6.658337e-05  5.962519e-02 -3.520796e-01 -6.799936e-04 -7.465769e-04  7.355277e-02 -3.381520e-01 -6.658337e-05  1.392758e-02  7.155771e-04 -6.799936e-04  5.962519e-02 -3.520796e-01  5.366331e-01  1.140120e-01 -7.651901e-01 -1.264883e-03  2.143914e-02 -3.417382e-02  5.378980e-01  9.257285e-02 -7.310163e-01 
        5   0.37618   0.21979   0.00235   0.90219  6.556097e-02 -3.651793e-01 -7.359715e-04  1.397679e-02  7.349356e-04  1.857464e-05  5.158419e-02 -3.659143e-01 -7.545461e-04 -7.359715e-04  6.556097e-02 -3.519375e-01  1.857464e-05  1.397679e-02  7.349356e-04 -7.545461e-04  5.158419e-02 -3.659143e-01  5.753160e-01  1.049448e-01 -7.681723e-01 -1.114633e-03  2.206391e-02 -3.427083e-02  5.764306e-01  8.288092e-02 -7.339015e-01 
        6   0.41920   0.21979   0.00235   0.90197  6.653135e-02 -3.764409e-01 -7.881770e-04  1.403666e-02  7.362018e-04  1.555995e-05  5.249469e-02 -3.771770e-01 -8.037369e-04 -7.881770e-04  6.653135e-02 -3.631404e-01  1.555995e-05  1.403666e-02  7.362018e-04 -8.037369e-04  5.249469e-02 -3.771770e-01  6.110106e-01  1.097590e-01 -7.891681e-01 -1.159509e-03  2.283505e-02 -3.442028e-02  6.121701e-01  8.692399e-02 -7.547478e-01 
        7   0.46222   0.21979   0.00235   0.90470  7.413385e-02 -3.858277e-01 -2.216596e-04  1.415706e-02  7.374422e-04  5.523778e-05  5.997679e-02 -3.865652e-01 -2.768974e-04 -2.216596e-04  7.413385e-02 -3.724082e-01  5.523778e-05  1.415706e-02  7.374422e-04 -2.768974e-04  5.997679e-02 -3.865652e-01  6.461858e-01  1.246964e-01 -8.234060e-01 -1.096617e-03  2.365321e-02 -3.472268e-02  6.472824e-01  1.010432e-01 -7.886834e-01 
        8   0.50524   0.21979   0.00235   0.90464  7.442592e-02 -3.900030e-01  1.028386e-04  1.418058e-02  7.383990e-04  5.875214e-05  6.024534e-02 -3.907414e-01  4.408648e-05  1.028386e-04  7.442592e-02 -3.765608e-01  5.875214e-05  1.418058e-02  7.383990e-04  4.408648e-05  6.024534e-02 -3.907414e-01  6.726781e-01  1.281736e-01 -8.313715e-01 -1.124708e-03  2.436684e-02 -3.478075e-02  6.738028e-01  1.038068e-01 -7.965908e-01 
        9   0.54827   0.21979   0.00235   0.91270  7.028499e-02 -3.909742e-01  2.394350e-04  1.437074e-02  7.519041e-04  9.545122e-05  5.591426e-02 -3.917261e-01  1.439838e-04  2.394350e-04  7.028499e-02 -3.773553e-01  9.545122e-05  1.437074e-02  7.519041e-04  1.439838e-04  5.591426e-02 -3.917261e-01  6.934270e-01  1.241785e-01 -8.239138e-01 -1.091298e-03  2.533124e-02 -3.524207e-02  6.945183e-01  9.884729e-02 -7.886717e-01 
       10   0.59129   0.21979   0.00235   0.91269  7.126428e-02 -3.899070e-01  3.341196e-04  1.436449e-02  7.519596e-04  9.773780e-05  5.689979e-02 -3.906590e-01  2.363818e-04  3.341196e-04  7.126428e-02 -3.762945e-01  9.773780e-05  1.436449e-02  7.519596e-04  2.363818e-04  5.689979e-02 -3.906590e-01  7.104444e-01  1.291590e-01 -8.254483e-01 -1.121634e-03  2.600490e-02 -3.522620e-02  7.115660e-01  1.031541e-01 -7.902222e-01 
       11   0.63431   0.21979   0.00235   0.91270  7.166319e-02 -3.867494e-01  3.810113e-04  1.434617e-02  7.504411e-04  1.009571e-04  5.731702e-02 -3.874999e-01  2.800542e-04  3.810113e-04  7.166319e-02 -3.731537e-01  1.009571e-04  1.434617e-02  7.504411e-04  2.800542e-04  5.731702e-02 -3.874999e-01  7.233388e-01  1.332347e-01 -8.222255e-01 -1.146680e-03  2.665411e-02 -3.518206e-02  7.244855e-01  1.065806e-01 -7.870434e-01 
       12   0.67733   0.21979   0.00235   0.91706  7.297747e-02 -3.810655e-01  3.755218e-04  1.441563e-02  7.539626e-04  9.901474e-05  5.856184e-02 -3.818194e-01  2.765071e-04  3.755218e-04  7.297747e-02 -3.674038e-01  9.901474e-05  1.441563e-02  7.539626e-04  2.765071e-04  5.856184e-02 -3.818194e-01  7.309570e-01  1.391860e-01 -8.173400e-01 -1.194274e-03  2.747701e-02 -3.535257e-02  7.321513e-01  1.117090e-01 -7.819874e-01 
       13   0.72036   0.21979   0.00235   0.92061  7.272781e-02 -3.719879e-01  4.452353e-04  1.444818e-02  7.587898e-04  9.222008e-05  5.827963e-02 -3.727467e-01  3.530152e-04  4.452353e-04  7.272781e-02 -3.582985e-01  9.222008e-05  1.444818e-02  7.587898e-04  3.530152e-04  5.827963e-02 -3.727467e-01  7.315586e-01  1.420613e-01 -8.031415e-01 -1.257027e-03  2.824092e-02 -3.542799e-02  7.328156e-01  1.138204e-01 -7.677135e-01 
       14   0.76338   0.21979   0.00235   0.92053  7.134155e-02 -3.604069e-01  6.700599e-04  1.438303e-02  7.546400e-04  9.664358e-05  5.695853e-02 -3.611615e-01  5.734163e-04  6.700599e-04  7.134155e-02 -3.467785e-01  9.664358e-05  1.438303e-02  7.546400e-04  5.734163e-04  5.695853e-02 -3.611615e-01  7.266423e-01  1.423618e-01 -7.826451e-01 -1.273846e-03  2.879560e-02 -3.526925e-02  7.279161e-01  1.135662e-01 -7.473758e-01 
       15   0.80640   0.21979   0.00235   0.92080  6.992801e-02 -3.430168e-01  8.759289e-04  1.429805e-02  7.523094e-04  1.010746e-04  5.562996e-02 -3.437691e-01  7.748544e-04  8.759289e-04  6.992801e-02 -3.294711e-01  1.010746e-04  1.429805e-02  7.523094e-04  7.748544e-04  5.562996e-02 -3.437691e-01  7.086115e-01  1.424881e-01 -7.518228e-01 -1.293996e-03  2.930319e-02 -3.505787e-02  7.099055e-01  1.131849e-01 -7.167649e-01 
       16   0.84942   0.21979   0.00235   0.92733  6.856916e-02 -3.202965e-01  1.203681e-03  1.434503e-02  7.519521e-04  7.166397e-05  5.422412e-02 -3.210484e-01  1.132017e-03  1.203681e-03  6.856916e-02 -3.067034e-01  7.166397e-05  1.434503e-02  7.519521e-04  1.132017e-03  5.422412e-02 -3.210484e-01  6.779691e-01  1.423899e-01 -7.126259e-01 -1.403568e-03  3.012845e-02 -3.517707e-02  6.793727e-01  1.122614e-01 -6.774488e-01 
       17   0.89244   0.21979   0.00235   0.92882  6.560199e-02 -2.896968e-01  3.575934e-03  1.424459e-02  7.474216e-04  6.458049e-05  5.135739e-02 -2.904443e-01  3.511353e-03  3.575934e-03  6.560199e-02 -2.761997e-01  6.458049e-05  1.424459e-02  7.474216e-04  3.511353e-03  5.135739e-02 -2.904443e-01  6.333115e-01  1.351372e-01 -6.563031e-01 -1.447711e-03  3.060900e-02 -3.492974e-02  6.347592e-01  1.045282e-01 -6.213734e-01 
       18   0.93547   0.21979   0.00235   0.92998  5.981936e-02 -2.464508e-01  1.451963e-02  1.410276e-02  7.495606e-04  6.537244e-05  4.571660e-02 -2.472004e-01  1.445426e-02  1.451963e-02  5.981936e-02 -2.330976e-01  6.537244e-05  1.410276e-02  7.495606e-04  1.445426e-02  4.571660e-02 -2.472004e-01  5.793822e-01  1.066145e-01 -5.720861e-01 -1.486219e-03  3.097764e-02 -3.456844e-02  5.808684e-01  7.563682e-02 -5.375176e-01 
       19   0.97849   0.21979   0.00235   0.93045  5.367373e-02 -1.839155e-01  1.168898e-02  1.391589e-02  7.701756e-04  3.140570e-05  3.975785e-02 -1.846857e-01  1.165758e-02  1.168898e-02  5.367373e-02 -1.707698e-01  3.140570e-05  1.391589e-02  7.701756e-04  1.165758e-02  3.975785e-02 -1.846857e-01  4.434177e-01  1.006094e-01 -4.534974e-01 -1.654326e-03  3.128029e-02 -3.406732e-02  4.450720e-01  6.932909e-02 -4.194300e-01 



Average loading for wing surface: 8 --> VSP Surface: 8 ... NOTE: values are per area! 

  Station     S       Chord     Area      V/Vref        Cx            Cy            Cz           Cxo           Cyo           Czo          Cxi            Cyi           Czi           Cl            Cd            Cs            Clo           Cdo           Cso           Cli           Cdi           Csi           Cmx           Cmy           Cmz          Cmxo          Cmyo          Cmzo          Cmxi          Cmyi          Cmzi 
        1   0.11280   0.21979   0.00235   0.89296  2.992562e-02  1.565235e-01 -4.398853e-02  1.288535e-02 -6.493812e-04 -6.087362e-04  1.704027e-02  1.571728e-01 -4.337980e-02 -4.398853e-02  2.992562e-02  1.700582e-01 -6.087362e-04  1.288535e-02 -6.493812e-04 -4.337980e-02  1.704027e-02  1.571728e-01 -1.062406e-01  1.205230e-01  3.288458e-01  2.439662e-03  1.875466e-02  3.163434e-02 -1.086803e-01  1.017683e-01  2.972115e-01 
        2   0.24711   0.21979   0.00235   0.88899  5.475377e-02  2.605138e-01 -4.785706e-02  1.314987e-02 -6.482900e-04 -2.036142e-04  4.160391e-02  2.611620e-01 -4.765344e-02 -4.785706e-02  5.475377e-02  2.743119e-01 -2.036142e-04  1.314987e-02 -6.482900e-04 -4.765344e-02  4.160391e-02  2.611620e-01 -2.541650e-01  1.646148e-01  5.696909e-01  1.445816e-03  1.918079e-02  3.230408e-02 -2.556108e-01  1.454340e-01  5.373868e-01 
        3   0.29013   0.21979   0.00235   0.90173  6.479279e-02  3.215092e-01 -4.750968e-03  1.373474e-02 -7.054628e-04 -6.055011e-05  5.105805e-02  3.222146e-01 -4.690418e-03 -4.750968e-03  6.479279e-02  3.359494e-01 -6.055011e-05  1.373474e-02 -7.054628e-04 -4.690418e-03  5.105805e-02  3.222146e-01 -4.654808e-01  1.045279e-01  6.949378e-01  1.200354e-03  2.047729e-02  3.370094e-02 -4.666812e-01  8.405059e-02  6.612368e-01 
        4   0.33316   0.21979   0.00235   0.90321  7.381282e-02  3.516849e-01 -6.717808e-04  1.392904e-02 -7.165354e-04 -3.931270e-05  5.988378e-02  3.524014e-01 -6.324681e-04 -6.717808e-04  7.381282e-02  3.663304e-01 -3.931270e-05  1.392904e-02 -7.165354e-04 -6.324681e-04  5.988378e-02  3.524014e-01 -5.373160e-01  1.142843e-01  7.669989e-01  1.197463e-03  2.140293e-02  3.417615e-02 -5.385135e-01  9.288140e-02  7.328228e-01 
        5   0.37618   0.21979   0.00235   0.90276  6.588776e-02  3.650530e-01 -6.913895e-04  1.398917e-02 -7.379348e-04  3.835784e-05  5.189859e-02  3.657910e-01 -7.297473e-04 -6.913895e-04  6.588776e-02  3.797801e-01  3.835784e-05  1.398917e-02 -7.379348e-04 -7.297473e-04  5.189859e-02  3.657910e-01 -5.752283e-01  1.053874e-01  7.693728e-01  1.069399e-03  2.205559e-02  3.429788e-02 -5.762977e-01  8.333177e-02  7.350750e-01 
        6   0.41920   0.21979   0.00235   0.90255  6.674579e-02  3.759393e-01 -7.474163e-04  1.404685e-02 -7.393914e-04  3.615200e-05  5.269894e-02  3.766787e-01 -7.835683e-04 -7.474163e-04  6.674579e-02  3.907256e-01  3.615200e-05  1.404685e-02 -7.393914e-04 -7.835683e-04  5.269894e-02  3.766787e-01 -6.102962e-01  1.100428e-01  7.894102e-01  1.112685e-03  2.282262e-02  3.444153e-02 -6.114089e-01  8.722017e-02  7.549687e-01 
        7   0.46222   0.21979   0.00235   0.90530  7.422260e-02  3.851232e-01 -1.987271e-04  1.416647e-02 -7.398925e-04  7.793287e-05  6.005613e-02  3.858631e-01 -2.766599e-04 -1.987271e-04  7.422260e-02  4.000296e-01  7.793287e-05  1.416647e-02 -7.398925e-04 -2.766599e-04  6.005613e-02  3.858631e-01 -6.450614e-01  1.248126e-01  8.229849e-01  1.043394e-03  2.363699e-02  3.474300e-02 -6.461049e-01  1.011756e-01  7.882419e-01 
        8   0.50524   0.21979   0.00235   0.90524  7.448060e-02  3.891556e-01  1.202237e-04  1.418915e-02 -7.410456e-04  8.143673e-05  6.029145e-02  3.898966e-01  3.878698e-05  1.202237e-04  7.448060e-02  4.040858e-01  8.143673e-05  1.418915e-02 -7.410456e-04  3.878698e-05  6.029145e-02  3.898966e-01 -6.712604e-01  1.282436e-01  8.306149e-01  1.071967e-03  2.434965e-02  3.479868e-02 -6.723324e-01  1.038940e-01  7.958162e-01 
        9   0.54827   0.21979   0.00235   0.91354  7.043322e-02  3.901103e-01  2.518785e-04  1.438479e-02 -7.548985e-04  1.115779e-04  5.604843e-02  3.908653e-01  1.403006e-04  2.518785e-04  7.043322e-02  4.052500e-01  1.115779e-04  1.438479e-02 -7.548985e-04  1.403006e-04  5.604843e-02  3.908653e-01 -6.919280e-01  1.244223e-01  8.233566e-01  1.055867e-03  2.533341e-02  3.527335e-02 -6.929839e-01  9.908885e-02  7.880833e-01 
       10   0.59129   0.21979   0.00235   0.91353  7.139398e-02  3.890401e-01  3.495507e-04  1.437871e-02 -7.547480e-04  1.140045e-04  5.701527e-02  3.897949e-01  2.355462e-04  3.495507e-04  7.139398e-02  4.041736e-01  1.140045e-04  1.437871e-02 -7.547480e-04  2.355462e-04  5.701527e-02  3.897949e-01 -7.089059e-01  1.293707e-01  8.248377e-01  1.085618e-03  2.600786e-02  3.525820e-02 -7.099915e-01  1.033628e-01  7.895795e-01 
       11   0.63431   0.21979   0.00235   0.91353  7.175004e-02  3.858556e-01  4.022989e-04  1.436010e-02 -7.537849e-04  1.175695e-04  5.738994e-02  3.866094e-01  2.847294e-04  4.022989e-04  7.175004e-02  4.009695e-01  1.175695e-04  1.436010e-02 -7.537849e-04  2.847294e-04  5.738994e-02  3.866094e-01 -7.217235e-01  1.333617e-01  8.214609e-01  1.110961e-03  2.665671e-02  3.521254e-02 -7.228344e-01  1.067050e-01  7.862484e-01 
       12   0.67733   0.21979   0.00235   0.91805  7.299325e-02  3.801544e-01  4.064170e-04  1.443349e-02 -7.561376e-04  1.134130e-04  5.855976e-02  3.809105e-01  2.930041e-04  4.064170e-04  7.299325e-02  3.953440e-01  1.134130e-04  1.443349e-02 -7.561376e-04  2.930041e-04  5.855976e-02  3.809105e-01 -7.292899e-01  1.391626e-01  8.163696e-01  1.162069e-03  2.749093e-02  3.539462e-02 -7.304520e-01  1.116717e-01  7.809750e-01 
       13   0.72036   0.21979   0.00235   0.92166  7.269675e-02  3.710374e-01  4.886445e-04  1.446767e-02 -7.606546e-04  1.047049e-04  5.822908e-02  3.717980e-01  3.839396e-04  4.886445e-04  7.269675e-02  3.862657e-01  1.047049e-04  1.446767e-02 -7.606546e-04  3.839396e-04  5.822908e-02  3.717980e-01 -7.298019e-01  1.419237e-01  8.019745e-01  1.229151e-03  2.826159e-02  3.547459e-02 -7.310311e-01  1.136621e-01  7.664999e-01 
       14   0.76338   0.21979   0.00235   0.92158  7.129246e-02  3.594485e-01  7.312559e-04  1.440262e-02 -7.565515e-04  1.089535e-04  5.688983e-02  3.602050e-01  6.223025e-04  7.312559e-04  7.129246e-02  3.746077e-01  1.089535e-04  1.440262e-02 -7.565515e-04  6.223025e-04  5.688983e-02  3.602050e-01 -7.248693e-01  1.421549e-01  7.813992e-01  1.246595e-03  2.881767e-02  3.531607e-02 -7.261158e-01  1.133372e-01  7.460831e-01 
       15   0.80640   0.21979   0.00235   0.92185  6.985129e-02  3.420658e-01  9.610652e-04  1.431827e-02 -7.538656e-04  1.134793e-04  5.553301e-02  3.428196e-01  8.475859e-04  9.610652e-04  6.985129e-02  3.571379e-01  1.134793e-04  1.431827e-02 -7.538656e-04  8.475859e-04  5.553301e-02  3.428196e-01 -7.068678e-01  1.421797e-01  7.504972e-01  1.265865e-03  2.932736e-02  3.510677e-02 -7.081337e-01  1.128523e-01  7.153904e-01 
       16   0.84942   0.21979   0.00235   0.92843  6.846583e-02  3.193120e-01  1.312055e-03  1.436723e-02 -7.532958e-04  8.023250e-05  5.409860e-02  3.200653e-01  1.231822e-03  1.312055e-03  6.846583e-02  3.344325e-01  8.023250e-05  1.436723e-02 -7.532958e-04  1.231822e-03  5.409860e-02  3.200653e-01 -6.761676e-01  1.419811e-01  7.111309e-01  1.384754e-03  3.016315e-02  3.523125e-02 -6.775524e-01  1.118180e-01  6.758996e-01 
       17   0.89244   0.21979   0.00235   0.92994  6.535238e-02  2.885842e-01  3.753931e-03  1.426750e-02 -7.475084e-04  7.235346e-05  5.108489e-02  2.893317e-01  3.681577e-03  3.753931e-03  6.535238e-02  3.035992e-01  7.235346e-05  1.426750e-02 -7.475084e-04  3.681577e-03  5.108489e-02  2.893317e-01 -6.313624e-01  1.342837e-01  6.541412e-01  1.428262e-03  3.064740e-02  3.498747e-02 -6.327907e-01  1.036363e-01  6.191538e-01 
       18   0.93547   0.21979   0.00235   0.93115  5.940211e-02  2.451798e-01  1.480518e-02  1.412754e-02 -7.484305e-04  7.294172e-05  4.527457e-02  2.459282e-01  1.473224e-02  1.480518e-02  5.940211e-02  2.600558e-01  7.294172e-05  1.412754e-02 -7.484305e-04  1.473224e-02  4.527457e-02  2.459282e-01 -5.773068e-01  1.051847e-01  5.691021e-01  1.464609e-03  3.102155e-02  3.463262e-02 -5.787714e-01  7.416319e-02  5.344695e-01 
       19   0.97849   0.21979   0.00235   0.93149  5.317499e-02  1.827423e-01  1.186087e-02  1.393949e-02 -7.674271e-04  3.815988e-05  3.923550e-02  1.835097e-01  1.182271e-02  1.186087e-02  5.317499e-02  1.974492e-01  3.815988e-05  1.393949e-02 -7.674271e-04  1.182271e-02  3.923550e-02  1.835097e-01 -4.412108e-01  9.917866e-02  4.503523e-01  1.631077e-03  3.132389e-02  3.413080e-02 -4.428419e-01  6.785477e-02  4.162215e-01 



Time history of loading for wing surface: 1 --> VSP Surface: 1 ... NOTE: values per area! 

  Station    Time       S       Chord     Area      V/Vref        Cx            Cy            Cz           Cxo           Cyo           Czo          Cxi            Cyi           Czi           Cl            Cd            Cs            Clo           Cdo           Cso           Cli           Cdi           Csi           Cmx           Cmy           Cmz          Cmxo          Cmyo          Cmzo          Cmxi          Cmyi          Cmzi 
        1   0.00000   0.06064   0.32000   0.01489   1.02304  3.367290e-02 -1.966414e-04 -5.911070e-01  1.701749e-02 -2.354588e-04  6.486729e-04  1.665540e-02  3.881740e-05 -5.917556e-01 -5.911070e-01  3.367290e-02  1.705631e-02  6.486729e-04  1.701749e-02 -2.354588e-04 -5.917556e-01  1.665540e-02  3.881740e-05 -4.268601e-02  6.093519e-01 -2.635865e-03  2.703564e-04  1.549015e-02 -1.469920e-03 -4.295636e-02  5.938617e-01 -1.165945e-03 
        2   0.00000   0.15507   0.32000   0.01489   1.02302  3.099645e-02 -1.477745e-04 -5.926793e-01  1.702729e-02 -2.397352e-04  6.504635e-04  1.396917e-02  9.196072e-05 -5.933298e-01 -5.926793e-01  3.099645e-02  1.711925e-02  6.504635e-04  1.702729e-02 -2.397352e-04 -5.933298e-01  1.396917e-02  9.196072e-05 -1.288119e-01  6.071011e-01 -6.886744e-03  3.689163e-04  1.549764e-02 -3.945360e-03 -1.291808e-01  5.916035e-01 -2.941384e-03 
        3   0.00000   0.22267   0.32000   0.01489   1.02072  3.049778e-02 -3.195370e-04 -5.970134e-01  1.700599e-02 -3.360615e-04  6.517221e-04  1.349179e-02  1.652451e-05 -5.976651e-01 -5.970134e-01  3.049778e-02  1.702252e-02  6.517221e-04  1.700599e-02 -3.360615e-04 -5.976651e-01  1.349179e-02  1.652451e-05 -2.162421e-01  6.061441e-01 -1.138508e-02  5.550990e-04  1.547619e-02 -6.504394e-03 -2.167972e-01  5.906679e-01 -4.880690e-03 
        4   0.00000   0.29026   0.32000   0.01489   1.02041  2.723109e-02 -4.004425e-04 -6.035313e-01  1.704498e-02 -3.458260e-04  6.540300e-04  1.018610e-02 -5.461652e-05 -6.041853e-01 -6.035313e-01  2.723109e-02  1.699037e-02  6.540300e-04  1.704498e-02 -3.458260e-04 -6.041853e-01  1.018610e-02 -5.461652e-05 -3.060877e-01  6.069635e-01 -1.422966e-02  6.600882e-04  1.551086e-02 -9.001320e-03 -3.067478e-01  5.914526e-01 -5.228343e-03 
        5   0.00000   0.35786   0.32000   0.01489   1.01576  3.229288e-02 -2.997159e-04 -6.149760e-01  1.703143e-02 -2.812764e-04  6.535333e-04  1.526145e-02 -1.843948e-05 -6.156296e-01 -6.149760e-01  3.229288e-02  1.701299e-02  6.535333e-04  1.703143e-02 -2.812764e-04 -6.156296e-01  1.526145e-02 -1.843948e-05 -4.012846e-01  6.206073e-01 -2.138278e-02  6.934397e-04  1.549850e-02 -1.140096e-02 -4.019780e-01  6.051088e-01 -9.981819e-03 
        6   0.00000   0.42545   0.32000   0.01489   1.01619  3.121381e-02 -2.626160e-04 -6.139177e-01  1.703237e-02 -2.790376e-04  6.550232e-04  1.418144e-02  1.642162e-05 -6.145727e-01 -6.139177e-01  3.121381e-02  1.704879e-02  6.550232e-04  1.703237e-02 -2.790376e-04 -6.145727e-01  1.418144e-02  1.642162e-05 -4.896725e-01  6.181701e-01 -2.517053e-02  7.873252e-04  1.549790e-02 -1.387053e-02 -4.904598e-01  6.026722e-01 -1.130000e-02 
        7   0.00000   0.49304   0.32000   0.01489   1.01540  2.917956e-02 -9.552454e-05 -6.025270e-01  1.693207e-02 -1.945760e-04  6.500572e-04  1.224749e-02  9.905149e-05 -6.031771e-01 -6.025270e-01  2.917956e-02  1.703112e-02  6.500572e-04  1.693207e-02 -1.945760e-04 -6.031771e-01  1.224749e-02  9.905149e-05 -5.681355e-01  6.060327e-01 -2.758955e-02  7.975781e-04  1.540775e-02 -1.616268e-02 -5.689331e-01  5.906250e-01 -1.142687e-02 
        8   0.00000   0.56064   0.32000   0.01489   1.01530  3.016052e-02  1.115785e-04 -5.830838e-01  1.679045e-02 -1.951628e-04  6.466365e-04  1.337007e-02  3.067413e-04 -5.837305e-01 -5.830838e-01  3.016052e-02  1.709719e-02  6.466365e-04  1.679045e-02 -1.951628e-04 -5.837305e-01  1.337007e-02  3.067413e-04 -6.345879e-01  5.885265e-01 -3.261605e-02  8.887279e-04  1.527686e-02 -1.846581e-02 -6.354767e-01  5.732497e-01 -1.415024e-02 
        9   0.00000   0.62823   0.32000   0.01489   1.01637  2.808018e-02  5.770604e-04 -5.505893e-01  1.659167e-02 -5.862411e-05  6.336574e-04  1.148852e-02  6.356846e-04 -5.512230e-01 -5.505893e-01  2.808018e-02  1.722735e-02  6.336574e-04  1.659167e-02 -5.862411e-05 -5.512230e-01  1.148852e-02  6.356846e-04 -6.795340e-01  5.557100e-01 -3.384271e-02  8.370531e-04  1.510132e-02 -2.052025e-02 -6.803711e-01  5.406087e-01 -1.332247e-02 
       10   0.00000   0.69583   0.32000   0.01489   1.01829  2.877448e-02  1.520948e-03 -5.091396e-01  1.637006e-02 -5.584630e-05  6.239423e-04  1.240442e-02  1.576794e-03 -5.097635e-01 -5.091396e-01  2.877448e-02  1.794686e-02  6.239423e-04  1.637006e-02 -5.584630e-05 -5.097635e-01  1.240442e-02  1.576794e-03 -7.031597e-01  5.166335e-01 -3.762126e-02  9.129642e-04  1.490088e-02 -2.261927e-02 -7.040727e-01  5.017326e-01 -1.500199e-02 
       11   0.00000   0.76342   0.32000   0.01489   1.02099  2.428128e-02  3.774823e-03 -4.500339e-01  1.609168e-02 -1.585236e-05  6.037594e-04  8.189595e-03  3.790675e-03 -4.506376e-01 -4.500339e-01  2.428128e-02  1.988235e-02  6.037594e-04  1.609168e-02 -1.585236e-05 -4.506376e-01  8.189595e-03  3.790675e-03 -6.891642e-01  4.564899e-01 -3.202761e-02  9.348150e-04  1.465705e-02 -2.453029e-02 -6.900990e-01  4.418328e-01 -7.497315e-03 
       12   0.00000   0.83101   0.32000   0.01489   1.03528  2.317623e-02 -5.315932e-02 -3.406718e-01  1.591964e-02 -5.682405e-04  5.420369e-04  7.256591e-03 -5.259108e-02 -3.412138e-01 -3.406718e-01  2.317623e-02 -3.667144e-02  5.420369e-04  1.591964e-02 -5.682405e-04 -3.412138e-01  7.256591e-03 -5.259108e-02 -5.160316e-01  3.366709e-01 -1.084502e-01  1.443290e-03  1.455560e-02 -2.713021e-02 -5.174749e-01  3.221153e-01 -8.132001e-02 
       13   0.00000   0.89861   0.32000   0.01489   0.96893  3.022605e-02 -5.102861e-02 -4.837240e-01  1.510718e-02 -2.874625e-04  5.275103e-04  1.511886e-02 -5.074115e-02 -4.842515e-01 -4.837240e-01  3.022605e-02 -3.563397e-02  5.275103e-04  1.510718e-02 -2.874625e-04 -4.842515e-01  1.511886e-02 -5.074115e-02 -8.309599e-01  5.125633e-01 -1.224010e-01  1.229309e-03  1.379962e-02 -2.768577e-02 -8.321892e-01  4.987637e-01 -9.471518e-02 
       14   0.00000   0.96620   0.32000   0.01489   0.99318  3.935741e-02  5.141943e-03 -4.899323e-01  1.567183e-02  6.669982e-04  5.752734e-04  2.368557e-02  4.474944e-03 -4.905076e-01 -4.899323e-01  3.935741e-02  2.014678e-02  5.752734e-04  1.567183e-02  6.669982e-04 -4.905076e-01  2.368557e-02  4.474944e-03 -9.646344e-01  5.626188e-01 -7.099580e-02  4.942282e-04  1.428736e-02 -3.002938e-02 -9.651286e-01  5.483314e-01 -4.096642e-02 



Time history of loading for wing surface: 2 --> VSP Surface: 2 ... NOTE: values per area! 

  Station    Time       S       Chord     Area      V/Vref        Cx            Cy            Cz           Cxo           Cyo           Czo          Cxi            Cyi           Czi           Cl            Cd            Cs            Clo           Cdo           Cso           Cli           Cdi           Csi           Cmx           Cmy           Cmz          Cmxo          Cmyo          Cmzo          Cmxi          Cmyi          Cmzi 
        1   0.00000   0.06064   0.32000   0.01489   1.02289  3.372652e-02  1.985282e-04 -5.916695e-01  1.701805e-02  2.419649e-04  6.507277e-04  1.670848e-02 -4.343661e-05 -5.923202e-01 -5.916695e-01  3.372652e-02  1.697461e-02  6.507277e-04  1.701805e-02  2.419649e-04 -5.923202e-01  1.670848e-02 -4.343661e-05  4.272367e-02  6.099644e-01  2.641282e-03 -2.766755e-04  1.548862e-02  1.476465e-03  4.300034e-02  5.944758e-01  1.164818e-03 
        2   0.00000   0.15507   0.32000   0.01489   1.02287  3.096937e-02  1.409951e-04 -5.939362e-01  1.703283e-02  2.427293e-04  6.507465e-04  1.393654e-02 -1.017342e-04 -5.945870e-01 -5.939362e-01  3.096937e-02  1.693110e-02  6.507465e-04  1.703283e-02  2.427293e-04 -5.945870e-01  1.393654e-02 -1.017342e-04  1.290908e-01  6.083149e-01  6.874131e-03 -3.718174e-04  1.550262e-02  3.949561e-03  1.294626e-01  5.928123e-01  2.924570e-03 
        3   0.00000   0.22267   0.32000   0.01489   1.02055  3.066532e-02  3.070606e-04 -5.989835e-01  1.701627e-02  3.353037e-04  6.559567e-04  1.364905e-02 -2.824312e-05 -5.996395e-01 -5.989835e-01  3.066532e-02  1.698803e-02  6.559567e-04  1.701627e-02  3.353037e-04 -5.996395e-01  1.364905e-02 -2.824312e-05  2.169687e-01  6.081921e-01  1.143305e-02 -5.559163e-04  1.548170e-02  6.507364e-03  2.175246e-01  5.927104e-01  4.925687e-03 
        4   0.00000   0.29026   0.32000   0.01489   1.02022  2.751016e-02  3.706811e-04 -6.062297e-01  1.706046e-02  3.452090e-04  6.596892e-04  1.044970e-02  2.547208e-05 -6.068894e-01 -6.062297e-01  2.751016e-02  1.708593e-02  6.596892e-04  1.706046e-02  3.452090e-04 -6.068894e-01  1.044970e-02  2.547208e-05  3.074861e-01  6.098706e-01  1.433593e-02 -6.623769e-04  1.551988e-02  9.008561e-03  3.081485e-01  5.943507e-01  5.327365e-03 
        5   0.00000   0.35786   0.32000   0.01489   1.01524  3.281642e-02  2.686160e-04 -6.183665e-01  1.704531e-02  2.763311e-04  6.708459e-04  1.577111e-02 -7.715168e-06 -6.190373e-01 -6.183665e-01  3.281642e-02  1.703760e-02  6.708459e-04  1.704531e-02  2.763311e-04 -6.190373e-01  1.577111e-02 -7.715168e-06  4.035276e-01  6.244134e-01  2.168782e-02 -7.000532e-04  1.549436e-02  1.140508e-02  4.042277e-01  6.089190e-01  1.028274e-02 
        6   0.00000   0.42545   0.32000   0.01489   1.01568  3.183370e-02  2.830863e-04 -6.180073e-01  1.705181e-02  2.743943e-04  6.723410e-04  1.478188e-02  8.692009e-06 -6.186796e-01 -6.180073e-01  3.183370e-02  1.706051e-02  6.723410e-04  1.705181e-02  2.743943e-04 -6.186796e-01  1.478188e-02  8.692009e-06  4.929162e-01  6.228660e-01  2.569249e-02 -7.967410e-04  1.549903e-02  1.388140e-02  4.937129e-01  6.073670e-01  1.181109e-02 
        7   0.00000   0.49304   0.32000   0.01489   1.01487  2.995318e-02  1.779598e-04 -6.073388e-01  1.695559e-02  1.895961e-04  6.711208e-04  1.299759e-02 -1.163636e-05 -6.080099e-01 -6.073388e-01  2.995318e-02  1.694396e-02  6.711208e-04  1.695559e-02  1.895961e-04 -6.080099e-01  1.299759e-02 -1.163636e-05  5.725954e-01  6.116915e-01  2.842570e-02 -8.127199e-04  1.540900e-02  1.617989e-02  5.734082e-01  5.962825e-01  1.224580e-02 
        8   0.00000   0.56064   0.32000   0.01489   1.01480  3.109453e-02  7.909683e-05 -5.887253e-01  1.681942e-02  1.903596e-04  6.673781e-04  1.427511e-02 -1.112628e-04 -5.893927e-01 -5.887253e-01  3.109453e-02  1.670816e-02  6.673781e-04  1.681942e-02  1.903596e-04 -5.893927e-01  1.427511e-02 -1.112628e-04  6.405460e-01  5.953492e-01  3.388071e-02 -9.067429e-04  1.528360e-02  1.849253e-02  6.414527e-01  5.800656e-01  1.538818e-02 
        9   0.00000   0.62823   0.32000   0.01489   1.01585  2.930158e-02 -2.174616e-04 -5.566797e-01  1.662055e-02  5.050062e-05  6.557103e-04  1.268103e-02 -2.679622e-04 -5.573354e-01 -5.566797e-01  2.930158e-02  1.635258e-02  6.557103e-04  1.662055e-02  5.050062e-05 -5.573354e-01  1.268103e-02 -2.679622e-04  6.867039e-01  5.631158e-01  3.582342e-02 -8.565458e-04  1.510666e-02  2.054774e-02  6.875604e-01  5.480092e-01  1.527568e-02 
       10   0.00000   0.69583   0.32000   0.01489   1.01765  3.017839e-02 -9.593448e-04 -5.155985e-01  1.639496e-02  4.737382e-05  6.474067e-04  1.378343e-02 -1.006719e-03 -5.162460e-01 -5.155985e-01  3.017839e-02  1.538824e-02  6.474067e-04  1.639496e-02  4.737382e-05 -5.162460e-01  1.378343e-02 -1.006719e-03  7.115273e-01  5.246563e-01  4.029861e-02 -9.372710e-04  1.490102e-02  2.264512e-02  7.124646e-01  5.097553e-01  1.765349e-02 
       11   0.00000   0.76342   0.32000   0.01489   1.02089  2.535747e-02 -2.968759e-03 -4.551901e-01  1.611635e-02  4.224037e-06  6.414298e-04  9.241120e-03 -2.972983e-03 -4.558315e-01 -4.551901e-01  2.535747e-02  1.314337e-02  6.414298e-04  1.611635e-02  4.224037e-06 -4.558315e-01  9.241120e-03 -2.972983e-03  6.962302e-01  4.625598e-01  3.472960e-02 -9.811751e-04  1.464278e-02  2.455625e-02  6.972114e-01  4.479170e-01  1.017334e-02 
       12   0.00000   0.83101   0.32000   0.01489   1.03545  2.676998e-02  5.466409e-02 -3.551577e-01  1.598411e-02  4.916457e-04  5.971749e-04  1.078587e-02  5.417245e-02 -3.557548e-01 -3.551577e-01  2.676998e-02  7.015656e-02  5.971749e-04  1.598411e-02  4.916457e-04 -3.557548e-01  1.078587e-02  5.417245e-02  5.393895e-01  3.590249e-01  1.164579e-01 -1.462649e-03  1.456161e-02  2.716120e-02  5.408522e-01  3.444633e-01  8.929672e-02 
       13   0.00000   0.89861   0.32000   0.01489   0.97169  3.514570e-02  5.280497e-02 -5.011153e-01  1.528070e-02  2.380334e-04  6.080725e-04  1.986500e-02  5.256694e-02 -5.017234e-01 -5.011153e-01  3.514570e-02  6.784764e-02  6.080725e-04  1.528070e-02  2.380334e-04 -5.017234e-01  1.986500e-02  5.256694e-02  8.603132e-01  5.405036e-01  1.334595e-01 -1.328541e-03  1.388364e-02  2.795105e-02  8.616418e-01  5.266200e-01  1.055084e-01 
       14   0.00000   0.96620   0.32000   0.01489   0.99602  4.313624e-02 -4.463552e-03 -5.017833e-01  1.580664e-02 -7.116192e-04  6.487689e-04  2.732959e-02 -3.751932e-03 -5.024320e-01 -5.017833e-01  4.313624e-02  1.205471e-02  6.487689e-04  1.580664e-02 -7.116192e-04 -5.024320e-01  2.732959e-02 -3.751932e-03  9.872258e-01  5.807675e-01  7.932387e-02 -5.958662e-04  1.434173e-02  3.024882e-02  9.878217e-01  5.664258e-01  4.907504e-02 



Time history of loading for wing surface: 3 --> VSP Surface: 3 ... NOTE: values per area! 

  Station    Time       S       Chord     Area      V/Vref        Cx            Cy            Cz           Cxo           Cyo           Czo          Cxi            Cyi           Czi           Cl            Cd            Cs            Clo           Cdo           Cso           Cli           Cdi           Csi           Cmx           Cmy           Cmz          Cmxo          Cmyo          Cmzo          Cmxi          Cmyi          Cmzi 
        1   0.00000   0.03103   0.13000   0.00606   0.98480  1.439755e-01 -3.574202e-04 -8.897033e-01  2.177743e-02 -3.325904e-04  4.623720e-03  1.221981e-01 -2.482987e-05 -8.943271e-01 -8.897033e-01  1.439755e-01  2.175260e-02  4.623720e-03  2.177743e-02 -3.325904e-04 -8.943271e-01  1.221981e-01 -2.482987e-05 -1.579675e-01  4.470828e+00 -2.742031e-02  1.685999e-03  3.429839e-02 -5.473822e-03 -1.596535e-01  4.436529e+00 -2.194649e-02 
        2   0.00000   0.09814   0.13000   0.00606   0.98486  1.419491e-01 -4.217400e-04 -8.834224e-01  2.170813e-02 -4.188566e-04  4.581324e-03  1.202409e-01 -2.883344e-06 -8.880038e-01 -8.834224e-01  1.419491e-01  2.170524e-02  4.581324e-03  2.170813e-02 -4.188566e-04 -8.880038e-01  1.202409e-01 -2.883344e-06 -4.722623e-01  4.436769e+00 -7.806064e-02  3.537767e-03  3.432116e-02 -1.362546e-02 -4.758001e-01  4.402448e+00 -6.443519e-02 
        3   0.00000   0.17029   0.13000   0.00606   0.98573  1.316161e-01 -5.375955e-04 -8.603831e-01  2.145140e-02 -5.529102e-04  4.513172e-03  1.101647e-01  1.531471e-05 -8.648963e-01 -8.603831e-01  1.316161e-01  2.146671e-02  4.513172e-03  2.145140e-02 -5.529102e-04 -8.648963e-01  1.101647e-01  1.531471e-05 -7.667226e-01  4.302022e+00 -1.200385e-01  5.459870e-03  3.398185e-02 -2.178799e-02 -7.721825e-01  4.268040e+00 -9.825050e-02 
        4   0.00000   0.24244   0.13000   0.00606   0.98449  1.390633e-01 -7.382276e-04 -8.708693e-01  2.155745e-02 -5.932531e-04  4.525029e-03  1.175058e-01 -1.449745e-04 -8.753944e-01 -8.708693e-01  1.390633e-01  2.141247e-02  4.525029e-03  2.155745e-02 -5.932531e-04 -8.753944e-01  1.175058e-01 -1.449745e-04 -1.086794e+00  4.377746e+00 -1.774040e-01  7.190897e-03  3.419967e-02 -2.977402e-02 -1.093985e+00  4.343546e+00 -1.476300e-01 
        5   0.00000   0.31459   0.13000   0.00606   0.98491  1.459404e-01 -6.176272e-04 -8.507408e-01  2.137670e-02 -4.834681e-04  4.439999e-03  1.245637e-01 -1.341591e-04 -8.551808e-01 -8.507408e-01  1.459404e-01  2.124254e-02  4.439999e-03  2.137670e-02 -4.834681e-04 -8.551808e-01  1.245637e-01 -1.341591e-04 -1.365582e+00  4.300817e+00 -2.375019e-01  8.386334e-03  3.413734e-02 -3.665943e-02 -1.373969e+00  4.266680e+00 -2.008425e-01 
        6   0.00000   0.38673   0.13000   0.00606   0.98521  1.425898e-01 -1.487303e-04 -8.357591e-01  2.122549e-02 -2.437998e-04  4.386193e-03  1.213643e-01  9.506948e-05 -8.401453e-01 -8.357591e-01  1.425898e-01  2.132056e-02  4.386193e-03  2.122549e-02 -2.437998e-04 -8.401453e-01  1.213643e-01  9.506948e-05 -1.641212e+00  4.225031e+00 -2.807809e-01  9.246391e-03  3.400260e-02 -4.285477e-02 -1.650459e+00  4.191029e+00 -2.379262e-01 
        7   0.00000   0.45888   0.13000   0.00606   0.98482  1.411418e-01  1.808510e-04 -8.284850e-01  2.114077e-02 -6.241080e-05  4.362617e-03  1.200010e-01  2.432618e-04 -8.328476e-01 -8.284850e-01  1.411418e-01  2.138403e-02  4.362617e-03  2.114077e-02 -6.241080e-05 -8.328476e-01  1.200010e-01  2.432618e-04 -1.923685e+00  4.189770e+00 -3.267780e-01  1.028895e-02  3.389582e-02 -4.937422e-02 -1.933974e+00  4.155874e+00 -2.774038e-01 
        8   0.00000   0.53103   0.13000   0.00606   0.98460  1.415560e-01  5.283009e-05 -8.213923e-01  2.107007e-02  1.607516e-04  4.312833e-03  1.204859e-01 -1.079215e-04 -8.257052e-01 -8.213923e-01  1.415560e-01  2.096215e-02  4.312833e-03  2.107007e-02  1.607516e-04 -8.257052e-01  1.204859e-01 -1.079215e-04 -2.200572e+00  4.160756e+00 -3.789670e-01  1.113640e-02  3.395017e-02 -5.567160e-02 -2.211708e+00  4.126806e+00 -3.232954e-01 
        9   0.00000   0.60318   0.13000   0.00606   0.97433  1.465112e-01  5.317564e-04 -8.329509e-01  2.098792e-02  8.917619e-04  4.209263e-03  1.255233e-01 -3.600054e-04 -8.371602e-01 -8.329509e-01  1.465112e-01  2.062792e-02  4.209263e-03  2.098792e-02  8.917619e-04 -8.371602e-01  1.255233e-01 -3.600054e-04 -2.530020e+00  4.224156e+00 -4.422214e-01  1.047133e-02  3.423125e-02 -5.946355e-02 -2.540491e+00  4.189925e+00 -3.827579e-01 
       10   0.00000   0.67533   0.13000   0.00606   0.97364  1.516375e-01  1.228281e-03 -8.382097e-01  2.103309e-02  1.265999e-03  4.165460e-03  1.306044e-01 -3.771778e-05 -8.423752e-01 -8.382097e-01  1.516375e-01  2.099537e-02  4.165460e-03  2.103309e-02  1.265999e-03 -8.423752e-01  1.306044e-01 -3.771778e-05 -2.846741e+00  4.258708e+00 -5.085155e-01  1.085796e-02  3.455685e-02 -6.532903e-02 -2.857599e+00  4.224152e+00 -4.431865e-01 
       11   0.00000   0.74748   0.13000   0.00606   0.97547  1.267849e-01  1.493661e-02 -8.550471e-01  2.113326e-02  2.209167e-03  4.113768e-03  1.056517e-01  1.272744e-02 -8.591609e-01 -8.550471e-01  1.267849e-01  3.386070e-02  4.113768e-03  2.113326e-02  2.209167e-03 -8.591609e-01  1.056517e-01  1.272744e-02 -3.250690e+00  4.274685e+00 -4.035650e-01  9.712021e-03  3.506229e-02 -6.872169e-02 -3.260403e+00  4.239623e+00 -3.348433e-01 
       12   0.00000   0.81963   0.13000   0.00606   0.98641  1.301488e-01  3.443393e-02 -9.679557e-01  2.245663e-02  3.517596e-03  4.552377e-03  1.076921e-01  3.091633e-02 -9.725081e-01 -9.679557e-01  1.301488e-01  5.337296e-02  4.552377e-03  2.245663e-02  3.517596e-03 -9.725081e-01  1.076921e-01  3.091633e-02 -4.058544e+00  4.781355e+00 -3.716582e-01  9.598047e-03  3.639532e-02 -7.546910e-02 -4.068142e+00  4.744959e+00 -2.961891e-01 
       13   0.00000   0.89178   0.13000   0.00606   1.00170  1.788004e-01  4.790901e-02 -8.750532e-01  2.161044e-02  9.849461e-04  6.372097e-03  1.571900e-01  4.692406e-02 -8.814253e-01 -8.750532e-01  1.788004e-01  6.853450e-02  6.372097e-03  2.161044e-02  9.849461e-04 -8.814253e-01  1.571900e-01  4.692406e-02 -4.027838e+00  4.416075e+00 -5.573537e-01  2.589903e-02  2.553435e-02 -9.178131e-02 -4.053737e+00  4.390541e+00 -4.655723e-01 
       14   0.00000   0.96393   0.13000   0.00606   0.97089  3.332989e-01  2.717555e-02 -8.839108e-01  1.992285e-02 -1.497628e-03  1.029601e-02  3.133760e-01  2.867318e-02 -8.942068e-01 -8.839108e-01  3.332989e-01  4.859603e-02  1.029601e-02  1.992285e-02 -1.497628e-03 -8.942068e-01  3.133760e-01  2.867318e-02 -4.338114e+00  4.944028e+00 -1.461602e+00  5.351548e-02  2.469123e-03 -1.031937e-01 -4.391629e+00  4.941559e+00 -1.358409e+00 



Time history of loading for wing surface: 4 --> VSP Surface: 4 ... NOTE: values per area! 

  Station    Time       S       Chord     Area      V/Vref        Cx            Cy            Cz           Cxo           Cyo           Czo          Cxi            Cyi           Czi           Cl            Cd            Cs            Clo           Cdo           Cso           Cli           Cdi           Csi           Cmx           Cmy           Cmz          Cmxo          Cmyo          Cmzo          Cmxi          Cmyi          Cmzi 
        1   0.00000   0.03103   0.13000   0.00606   0.98446  1.436976e-01  4.146607e-04 -8.897656e-01  2.176971e-02  3.996471e-04  4.621606e-03  1.219279e-01  1.501361e-05 -8.943872e-01 -8.897656e-01  1.436976e-01  2.178472e-02  4.621606e-03  2.176971e-02  3.996471e-04 -8.943872e-01  1.219279e-01  1.501361e-05  1.578277e-01  4.470473e+00  2.764140e-02 -1.859082e-03  3.428849e-02  5.792010e-03  1.596868e-01  4.436185e+00  2.184939e-02 
        2   0.00000   0.09814   0.13000   0.00606   0.98449  1.423063e-01  4.782310e-04 -8.851647e-01  2.171442e-02  4.687675e-04  4.611985e-03  1.205919e-01  9.463428e-06 -8.897767e-01 -8.851647e-01  1.423063e-01  2.172389e-02  4.611985e-03  2.171442e-02  4.687675e-04 -8.897767e-01  1.205919e-01  9.463428e-06  4.730559e-01  4.445415e+00  7.851475e-02 -3.683300e-03  3.419133e-02  1.386669e-02  4.767392e-01  4.411224e+00  6.464806e-02 
        3   0.00000   0.17029   0.13000   0.00606   0.98532  1.324329e-01  5.750365e-04 -8.613402e-01  2.144784e-02  5.757619e-04  4.547748e-03  1.109851e-01 -7.254014e-07 -8.658880e-01 -8.613402e-01  1.324329e-01  2.144711e-02  4.547748e-03  2.144784e-02  5.757619e-04 -8.658880e-01  1.109851e-01 -7.254014e-07  7.674799e-01  4.306962e+00  1.209394e-01 -5.549854e-03  3.380786e-02  2.189371e-02  7.730298e-01  4.273154e+00  9.904571e-02 
        4   0.00000   0.24244   0.13000   0.00606   0.98413  1.405492e-01  8.151879e-04 -8.735634e-01  2.156953e-02  6.230119e-04  4.594183e-03  1.189797e-01  1.921760e-04 -8.781576e-01 -8.735634e-01  1.405492e-01  2.176171e-02  4.594183e-03  2.156953e-02  6.230119e-04 -8.781576e-01  1.189797e-01  1.921760e-04  1.089975e+00  4.393485e+00  1.796467e-01 -7.354318e-03  3.390136e-02  2.993094e-02  1.097330e+00  4.359583e+00  1.497158e-01 
        5   0.00000   0.31459   0.13000   0.00606   0.98389  1.460447e-01  7.353256e-04 -8.495069e-01  2.132294e-02  5.100957e-04  4.530096e-03  1.247218e-01  2.252300e-04 -8.540370e-01 -8.495069e-01  1.460447e-01  2.154817e-02  4.530096e-03  2.132294e-02  5.100957e-04 -8.540370e-01  1.247218e-01  2.252300e-04  1.363281e+00  4.293549e+00  2.382334e-01 -8.600013e-03  3.356890e-02  3.669992e-02  1.371881e+00  4.259980e+00  2.015334e-01 
        6   0.00000   0.38673   0.13000   0.00606   0.98413  1.437128e-01  2.524689e-04 -8.341095e-01  2.116401e-02  2.699513e-04  4.499913e-03  1.225488e-01 -1.748240e-05 -8.386094e-01 -8.341095e-01  1.437128e-01  2.114653e-02  4.499913e-03  2.116401e-02  2.699513e-04 -8.386094e-01  1.225488e-01 -1.748240e-05  1.637709e+00  4.217742e+00  2.834744e-01 -9.537416e-03  3.330163e-02  4.285864e-02  1.647247e+00  4.184440e+00  2.406158e-01 
        7   0.00000   0.45888   0.13000   0.00606   0.98321  1.413147e-01  4.155217e-06 -8.226022e-01  2.102078e-02  9.547657e-05  4.472938e-03  1.202940e-01 -9.132135e-05 -8.270751e-01 -8.226022e-01  1.413147e-01  2.092946e-02  4.472938e-03  2.102078e-02  9.547657e-05 -8.270751e-01  1.202940e-01 -9.132135e-05  1.909578e+00  4.158083e+00  3.280577e-01 -1.063058e-02  3.305968e-02  4.925324e-02  1.920209e+00  4.125024e+00  2.788045e-01 
        8   0.00000   0.53103   0.13000   0.00606   0.98300  1.450534e-01 -1.544628e-04 -8.173285e-01  2.096369e-02 -1.505123e-04  4.492670e-03  1.240897e-01 -3.950540e-06 -8.218211e-01 -8.173285e-01  1.450534e-01  2.095974e-02  4.492670e-03  2.096369e-02 -1.505123e-04 -8.218211e-01  1.240897e-01 -3.950540e-06  2.189827e+00  4.144588e+00  3.878305e-01 -1.164460e-02  3.281797e-02  5.543546e-02  2.201472e+00  4.111769e+00  3.323950e-01 
        9   0.00000   0.60318   0.13000   0.00606   0.97416  1.468131e-01 -1.240244e-03 -8.201936e-01  2.079213e-02 -9.622213e-04  4.459542e-03  1.260209e-01 -2.780233e-04 -8.246531e-01 -8.201936e-01  1.468131e-01  2.051410e-02  4.459542e-03  2.079213e-02 -9.622213e-04 -8.246531e-01  1.260209e-01 -2.780233e-04  2.493391e+00  4.158368e+00  4.398321e-01 -1.104885e-02  3.253205e-02  5.853339e-02  2.504440e+00  4.125836e+00  3.812987e-01 
       10   0.00000   0.67533   0.13000   0.00606   0.97118  1.660292e-01 -1.586896e-03 -8.272654e-01  2.082198e-02 -1.270151e-03  4.527980e-03  1.452072e-01 -3.167451e-04 -8.317934e-01 -8.272654e-01  1.660292e-01  2.050523e-02  4.527980e-03  2.082198e-02 -1.270151e-03 -8.317934e-01  1.452072e-01 -3.167451e-04  2.809565e+00  4.234865e+00  5.554387e-01 -1.207720e-02  3.228311e-02  6.459295e-02  2.821643e+00  4.202582e+00  4.908457e-01 
       11   0.00000   0.74748   0.13000   0.00606   0.97810  1.446186e-01 -7.272486e-03 -8.218277e-01  2.076904e-02 -2.427517e-03  4.468004e-03  1.238496e-01 -4.844969e-03 -8.262956e-01 -8.218277e-01  1.446186e-01  1.592407e-02  4.468004e-03  2.076904e-02 -2.427517e-03 -8.262956e-01  1.238496e-01 -4.844969e-03  3.104310e+00  4.168361e+00  5.071664e-01 -1.047558e-02  3.243198e-02  6.631529e-02  3.114786e+00  4.135929e+00  4.408511e-01 
       12   0.00000   0.81963   0.13000   0.00606   0.99360  1.553335e-01 -9.137392e-03 -8.824831e-01  2.161018e-02 -3.462030e-03  4.734008e-03  1.337233e-01 -5.675361e-03 -8.872171e-01 -8.824831e-01  1.553335e-01  1.593482e-02  4.734008e-03  2.161018e-02 -3.462030e-03 -8.872171e-01  1.337233e-01 -5.675361e-03  3.643029e+00  4.476805e+00  5.908754e-01 -1.048777e-02  3.334015e-02  7.225740e-02  3.653517e+00  4.443465e+00  5.186180e-01 
       13   0.00000   0.89178   0.13000   0.00606   1.00629  9.722759e-02 -5.361097e-02 -6.501074e-01  1.958333e-02 -3.805372e-03  4.082857e-03  7.764426e-02 -4.980560e-02 -6.541902e-01 -6.501074e-01  9.722759e-02 -3.022227e-02  4.082857e-03  1.958333e-02 -3.805372e-03 -6.541902e-01  7.764426e-02 -4.980560e-02  3.043253e+00  3.198821e+00  1.626544e-01 -8.383416e-03  3.120029e-02  6.929066e-02  3.051637e+00  3.167620e+00  9.336371e-02 
       14   0.00000   0.96393   0.13000   0.00606   1.01238  1.519401e-02 -4.810788e-02 -3.692295e-01  1.861253e-02  8.606139e-04  1.537475e-03 -3.418521e-03 -4.896849e-02 -3.707670e-01 -3.692295e-01  1.519401e-02 -3.035596e-02  1.537475e-03  1.861253e-02  8.606139e-04 -3.707670e-01 -3.418521e-03 -4.896849e-02  1.910309e+00  1.689773e+00 -1.700605e-01 -9.639038e-03  4.081935e-02  9.384033e-02  1.919948e+00  1.648954e+00 -2.639008e-01 



Time history of loading for wing surface: 5 --> VSP Surface: 5 ... NOTE: values per area! 

  Station    Time       S       Chord     Area      V/Vref        Cx            Cy            Cz           Cxo           Cyo           Czo          Cxi            Cyi           Czi           Cl            Cd            Cs            Clo           Cdo           Cso           Cli           Cdi           Csi           Cmx           Cmy           Cmz          Cmxo          Cmyo          Cmzo          Cmxi          Cmyi          Cmzi 
        1   0.00000   0.24304   0.45000   0.01350   1.03885  1.362322e-02 -7.806199e-02  1.072869e-01  1.432819e-02 -1.168379e-04 -2.242576e-04 -7.049710e-04 -7.794515e-02  1.075112e-01  1.072869e-01  1.362322e-02 -6.361696e-02 -2.242576e-04  1.432819e-02 -1.168379e-04  1.075112e-01 -7.049710e-04 -7.794515e-02  2.019490e-01 -8.578875e-02 -6.955017e-02 -2.538249e-04  8.788782e-03 -2.079624e-02  2.022028e-01 -9.457753e-02 -4.875393e-02 
        2   0.00000   0.55031   0.45000   0.01350   1.03428  2.014247e-01  2.245123e-01 -5.751791e-01  1.420629e-02 -1.730174e-04  2.784232e-03  1.872185e-01  2.246854e-01 -5.779633e-01 -5.751791e-01  2.014247e-01  2.388916e-01  2.784232e-03  1.420629e-02 -1.730174e-04 -5.779633e-01  1.872185e-01  2.246854e-01 -9.879304e-01  7.717726e-01  7.558982e-03  4.137014e-03  7.088794e-03 -2.066822e-02 -9.920674e-01  7.646837e-01  2.822720e-02 
        3   0.00000   0.67879   0.45000   0.01350   0.93197  8.511611e-03  4.137374e-01 -6.857644e-01  1.299835e-02 -7.805372e-05 -1.560929e-04 -4.486741e-03  4.138154e-01 -6.856084e-01 -6.857644e-01  8.511611e-03  4.268138e-01 -1.560929e-04  1.299835e-02 -7.805372e-05 -6.856084e-01 -4.486741e-03  4.138154e-01 -1.286657e+00  7.403130e-01  4.495831e-01 -1.682282e-04  9.665671e-03 -1.884218e-02 -1.286489e+00  7.306473e-01  4.684253e-01 
        4   0.00000   0.80728   0.45000   0.01350   0.91863  9.813129e-03  1.851230e-01  8.247758e-03  1.171883e-02  3.604172e-05 -2.225293e-04 -1.905700e-03  1.850870e-01  8.470287e-03  8.247758e-03  9.813129e-03  1.968058e-01 -2.225293e-04  1.171883e-02  3.604172e-05  8.470287e-03 -1.905700e-03  1.850870e-01 -1.363449e-01 -1.998572e-03  1.568665e-01 -3.502646e-04  9.565450e-03 -1.689636e-02 -1.359947e-01 -1.156402e-02  1.737629e-01 
        5   0.00000   0.93576   0.45000   0.01350   0.92346  9.917526e-03  1.274760e-01  8.356905e-03  1.169188e-02  2.059176e-05 -2.472388e-04 -1.774357e-03  1.274554e-01  8.604144e-03  8.356905e-03  9.917526e-03  1.391473e-01 -2.472388e-04  1.169188e-02  2.059176e-05  8.604144e-03 -1.774357e-03  1.274554e-01 -9.824759e-02 -1.144341e-03  1.001486e-01 -3.749689e-04  1.034449e-02 -1.687066e-02 -9.787262e-02 -1.148883e-02  1.170193e-01 



Time history of loading for wing surface: 6 --> VSP Surface: 6 ... NOTE: values per area! 

  Station    Time       S       Chord     Area      V/Vref        Cx            Cy            Cz           Cxo           Cyo           Czo          Cxi            Cyi           Czi           Cl            Cd            Cs            Clo           Cdo           Cso           Cli           Cdi           Csi           Cmx           Cmy           Cmz          Cmxo          Cmyo          Cmzo          Cmxi          Cmyi          Cmzi 
        1   0.00000   0.24304   0.45000   0.01350   1.04051  1.387277e-02  9.237027e-02  1.200795e-01  1.438303e-02 -7.485120e-05 -2.531882e-04 -5.102671e-04  9.244512e-02  1.203327e-01  1.200795e-01  1.387277e-02  1.068282e-01 -2.531882e-04  1.438303e-02 -7.485120e-05  1.203327e-01 -5.102671e-04  9.244512e-02 -2.288551e-01 -9.953985e-02  8.464882e-02  4.106270e-04  8.846437e-03  2.071145e-02 -2.292658e-01 -1.083863e-01  6.393736e-02 
        2   0.00000   0.55031   0.45000   0.01350   1.05018  2.469393e-01 -1.653194e-01 -4.686901e-01  1.442178e-02 -1.224518e-04  2.997638e-03  2.325175e-01 -1.651969e-01 -4.716877e-01 -4.686901e-01  2.469393e-01 -1.507751e-01  2.997638e-03  1.442178e-02 -1.224518e-04 -4.716877e-01  2.325175e-01 -1.651969e-01  7.932078e-01  6.546628e-01  1.364763e-01 -4.248287e-03  7.049877e-03  2.072670e-02  7.974561e-01  6.476129e-01  1.157496e-01 
        3   0.00000   0.67879   0.45000   0.01350   0.90967 -1.684181e-03 -2.997994e-01 -5.952396e-01  1.194634e-02  6.919997e-05  1.002989e-04 -1.363052e-02 -2.998686e-01 -5.953399e-01 -5.952396e-01 -1.684181e-03 -2.879223e-01  1.002989e-04  1.194634e-02  6.919997e-05 -5.953399e-01 -1.363052e-02 -2.998686e-01  1.073630e+00  6.035379e-01 -3.190103e-01 -1.956228e-04  8.674836e-03  1.731502e-02  1.073825e+00  5.948631e-01 -3.363253e-01 
        4   0.00000   0.80728   0.45000   0.01350   0.92142  1.025261e-02 -1.469755e-01  4.060121e-03  1.168805e-02 -5.356539e-05 -1.085465e-04 -1.435442e-03 -1.469219e-01  4.168667e-03  4.060121e-03  1.025261e-02 -1.352339e-01 -1.085465e-04  1.168805e-02 -5.356539e-05  4.168667e-03 -1.435442e-03 -1.469219e-01  1.117844e-01  3.956836e-03 -1.090215e-01  1.996417e-04  9.443306e-03  1.683691e-02  1.115848e-01 -5.486469e-03 -1.258584e-01 
        5   0.00000   0.93576   0.45000   0.01350   0.92906  1.046094e-02 -1.068374e-01  7.282460e-03  1.178233e-02 -3.679657e-05 -2.057381e-04 -1.321396e-03 -1.068006e-01  7.488198e-03  7.282460e-03  1.046094e-02 -9.501826e-02 -2.057381e-04  1.178233e-02 -3.679657e-05  7.488198e-03 -1.321396e-03 -1.068006e-01  8.200513e-02  7.266243e-04 -7.423799e-02  3.290677e-04  1.038738e-02  1.698744e-02  8.167606e-02 -9.660752e-03 -9.122544e-02 



Time history of loading for wing surface: 7 --> VSP Surface: 7 ... NOTE: values per area! 

  Station    Time       S       Chord     Area      V/Vref        Cx            Cy            Cz           Cxo           Cyo           Czo          Cxi            Cyi           Czi           Cl            Cd            Cs            Clo           Cdo           Cso           Cli           Cdi           Csi           Cmx           Cmy           Cmz          Cmxo          Cmyo          Cmzo          Cmxi          Cmyi          Cmzi 
        1   0.00000   0.11280   0.21979   0.00235   0.89453  2.815435e-02 -1.519163e-01 -4.743828e-02  1.291157e-02  6.380134e-04 -6.521710e-04  1.524277e-02 -1.525543e-01 -4.678611e-02 -4.743828e-02  2.815435e-02 -1.396427e-01 -6.521710e-04  1.291157e-02  6.380134e-04 -4.678611e-02  1.524277e-02 -1.525543e-01  9.101381e-02  1.245470e-01 -3.155150e-01 -2.533593e-03  1.885230e-02 -3.171661e-02  9.354741e-02  1.056947e-01 -2.837984e-01 
        2   0.00000   0.24711   0.21979   0.00235   0.88947  5.054277e-02 -2.527942e-01 -5.173175e-02  1.312932e-02  6.203859e-04 -2.480440e-04  3.741345e-02 -2.534146e-01 -5.148371e-02 -5.173175e-02  5.054277e-02 -2.402853e-01 -2.480440e-04  1.312932e-02  6.203859e-04 -5.148371e-02  3.741345e-02 -2.534146e-01  2.332577e-01  1.658899e-01 -5.442207e-01 -1.517957e-03  1.921390e-02 -3.229152e-02  2.347756e-01  1.466760e-01 -5.119292e-01 
        3   0.00000   0.29013   0.21979   0.00235   0.90114  6.331574e-02 -3.186878e-01 -5.244263e-03  1.370667e-02  6.941101e-04 -9.020967e-05  4.960907e-02 -3.193819e-01 -5.154054e-03 -5.244263e-03  6.331574e-02 -3.056752e-01 -9.020967e-05  1.370667e-02  6.941101e-04 -5.154054e-03  4.960907e-02 -3.193819e-01  4.600518e-01  1.032598e-01 -6.854577e-01 -1.258422e-03  2.047741e-02 -3.364602e-02  4.613102e-01  8.278242e-02 -6.518117e-01 
        4   0.00000   0.33316   0.21979   0.00235   0.90323  7.355277e-02 -3.513640e-01 -7.465769e-04  1.392758e-02  7.155771e-04 -6.658337e-05  5.962519e-02 -3.520796e-01 -6.799936e-04 -7.465769e-04  7.355277e-02 -3.381520e-01 -6.658337e-05  1.392758e-02  7.155771e-04 -6.799936e-04  5.962519e-02 -3.520796e-01  5.366331e-01  1.140120e-01 -7.651901e-01 -1.264883e-03  2.143914e-02 -3.417382e-02  5.378980e-01  9.257285e-02 -7.310163e-01 
        5   0.00000   0.37618   0.21979   0.00235   0.90219  6.556097e-02 -3.651793e-01 -7.359715e-04  1.397679e-02  7.349356e-04  1.857464e-05  5.158419e-02 -3.659143e-01 -7.545461e-04 -7.359715e-04  6.556097e-02 -3.519375e-01  1.857464e-05  1.397679e-02  7.349356e-04 -7.545461e-04  5.158419e-02 -3.659143e-01  5.753160e-01  1.049448e-01 -7.681723e-01 -1.114633e-03  2.206391e-02 -3.427083e-02  5.764306e-01  8.288092e-02 -7.339015e-01 
        6   0.00000   0.41920   0.21979   0.00235   0.90197  6.653135e-02 -3.764409e-01 -7.881770e-04  1.403666e-02  7.362018e-04  1.555995e-05  5.249469e-02 -3.771770e-01 -8.037369e-04 -7.881770e-04  6.653135e-02 -3.631404e-01  1.555995e-05  1.403666e-02  7.362018e-04 -8.037369e-04  5.249469e-02 -3.771770e-01  6.110106e-01  1.097590e-01 -7.891681e-01 -1.159509e-03  2.283505e-02 -3.442028e-02  6.121701e-01  8.692399e-02 -7.547478e-01 
        7   0.00000   0.46222   0.21979   0.00235   0.90470  7.413385e-02 -3.858277e-01 -2.216596e-04  1.415706e-02  7.374422e-04  5.523778e-05  5.997679e-02 -3.865652e-01 -2.768974e-04 -2.216596e-04  7.413385e-02 -3.724082e-01  5.523778e-05  1.415706e-02  7.374422e-04 -2.768974e-04  5.997679e-02 -3.865652e-01  6.461858e-01  1.246964e-01 -8.234060e-01 -1.096617e-03  2.365321e-02 -3.472268e-02  6.472824e-01  1.010432e-01 -7.886834e-01 
        8   0.00000   0.50524   0.21979   0.00235   0.90464  7.442592e-02 -3.900030e-01  1.028386e-04  1.418058e-02  7.383990e-04  5.875214e-05  6.024534e-02 -3.907414e-01  4.408648e-05  1.028386e-04  7.442592e-02 -3.765608e-01  5.875214e-05  1.418058e-02  7.383990e-04  4.408648e-05  6.024534e-02 -3.907414e-01  6.726781e-01  1.281736e-01 -8.313715e-01 -1.124708e-03  2.436684e-02 -3.478075e-02  6.738028e-01  1.038068e-01 -7.965908e-01 
        9   0.00000   0.54827   0.21979   0.00235   0.91270  7.028499e-02 -3.909742e-01  2.394350e-04  1.437074e-02  7.519041e-04  9.545122e-05  5.591426e-02 -3.917261e-01  1.439838e-04  2.394350e-04  7.028499e-02 -3.773553e-01  9.545122e-05  1.437074e-02  7.519041e-04  1.439838e-04  5.591426e-02 -3.917261e-01  6.934270e-01  1.241785e-01 -8.239138e-01 -1.091298e-03  2.533124e-02 -3.524207e-02  6.945183e-01  9.884729e-02 -7.886717e-01 
       10   0.00000   0.59129   0.21979   0.00235   0.91269  7.126428e-02 -3.899070e-01  3.341196e-04  1.436449e-02  7.519596e-04  9.773780e-05  5.689979e-02 -3.906590e-01  2.363818e-04  3.341196e-04  7.126428e-02 -3.762945e-01  9.773780e-05  1.436449e-02  7.519596e-04  2.363818e-04  5.689979e-02 -3.906590e-01  7.104444e-01  1.291590e-01 -8.254483e-01 -1.121634e-03  2.600490e-02 -3.522620e-02  7.115660e-01  1.031541e-01 -7.902222e-01 
       11   0.00000   0.63431   0.21979   0.00235   0.91270  7.166319e-02 -3.867494e-01  3.810113e-04  1.434617e-02  7.504411e-04  1.009571e-04  5.731702e-02 -3.874999e-01  2.800542e-04  3.810113e-04  7.166319e-02 -3.731537e-01  1.009571e-04  1.434617e-02  7.504411e-04  2.800542e-04  5.731702e-02 -3.874999e-01  7.233388e-01  1.332347e-01 -8.222255e-01 -1.146680e-03  2.665411e-02 -3.518206e-02  7.244855e-01  1.065806e-01 -7.870434e-01 
       12   0.00000   0.67733   0.21979   0.00235   0.91706  7.297747e-02 -3.810655e-01  3.755218e-04  1.441563e-02  7.539626e-04  9.901474e-05  5.856184e-02 -3.818194e-01  2.765071e-04  3.755218e-04  7.297747e-02 -3.674038e-01  9.901474e-05  1.441563e-02  7.539626e-04  2.765071e-04  5.856184e-02 -3.818194e-01  7.309570e-01  1.391860e-01 -8.173400e-01 -1.194274e-03  2.747701e-02 -3.535257e-02  7.321513e-01  1.117090e-01 -7.819874e-01 
       13   0.00000   0.72036   0.21979   0.00235   0.92061  7.272781e-02 -3.719879e-01  4.452353e-04  1.444818e-02  7.587898e-04  9.222008e-05  5.827963e-02 -3.727467e-01  3.530152e-04  4.452353e-04  7.272781e-02 -3.582985e-01  9.222008e-05  1.444818e-02  7.587898e-04  3.530152e-04  5.827963e-02 -3.727467e-01  7.315586e-01  1.420613e-01 -8.031415e-01 -1.257027e-03  2.824092e-02 -3.542799e-02  7.328156e-01  1.138204e-01 -7.677135e-01 
       14   0.00000   0.76338   0.21979   0.00235   0.92053  7.134155e-02 -3.604069e-01  6.700599e-04  1.438303e-02  7.546400e-04  9.664358e-05  5.695853e-02 -3.611615e-01  5.734163e-04  6.700599e-04  7.134155e-02 -3.467785e-01  9.664358e-05  1.438303e-02  7.546400e-04  5.734163e-04  5.695853e-02 -3.611615e-01  7.266423e-01  1.423618e-01 -7.826451e-01 -1.273846e-03  2.879560e-02 -3.526925e-02  7.279161e-01  1.135662e-01 -7.473758e-01 
       15   0.00000   0.80640   0.21979   0.00235   0.92080  6.992801e-02 -3.430168e-01  8.759289e-04  1.429805e-02  7.523094e-04  1.010746e-04  5.562996e-02 -3.437691e-01  7.748544e-04  8.759289e-04  6.992801e-02 -3.294711e-01  1.010746e-04  1.429805e-02  7.523094e-04  7.748544e-04  5.562996e-02 -3.437691e-01  7.086115e-01  1.424881e-01 -7.518228e-01 -1.293996e-03  2.930319e-02 -3.505787e-02  7.099055e-01  1.131849e-01 -7.167649e-01 
       16   0.00000   0.84942   0.21979   0.00235   0.92733  6.856916e-02 -3.202965e-01  1.203681e-03  1.434503e-02  7.519521e-04  7.166397e-05  5.422412e-02 -3.210484e-01  1.132017e-03  1.203681e-03  6.856916e-02 -3.067034e-01  7.166397e-05  1.434503e-02  7.519521e-04  1.132017e-03  5.422412e-02 -3.210484e-01  6.779691e-01  1.423899e-01 -7.126259e-01 -1.403568e-03  3.012845e-02 -3.517707e-02  6.793727e-01  1.122614e-01 -6.774488e-01 
       17   0.00000   0.89244   0.21979   0.00235   0.92882  6.560199e-02 -2.896968e-01  3.575934e-03  1.424459e-02  7.474216e-04  6.458049e-05  5.135739e-02 -2.904443e-01  3.511353e-03  3.575934e-03  6.560199e-02 -2.761997e-01  6.458049e-05  1.424459e-02  7.474216e-04  3.511353e-03  5.135739e-02 -2.904443e-01  6.333115e-01  1.351372e-01 -6.563031e-01 -1.447711e-03  3.060900e-02 -3.492974e-02  6.347592e-01  1.045282e-01 -6.213734e-01 
       18   0.00000   0.93547   0.21979   0.00235   0.92998  5.981936e-02 -2.464508e-01  1.451963e-02  1.410276e-02  7.495606e-04  6.537244e-05  4.571660e-02 -2.472004e-01  1.445426e-02  1.451963e-02  5.981936e-02 -2.330976e-01  6.537244e-05  1.410276e-02  7.495606e-04  1.445426e-02  4.571660e-02 -2.472004e-01  5.793822e-01  1.066145e-01 -5.720861e-01 -1.486219e-03  3.097764e-02 -3.456844e-02  5.808684e-01  7.563682e-02 -5.375176e-01 
       19   0.00000   0.97849   0.21979   0.00235   0.93045  5.367373e-02 -1.839155e-01  1.168898e-02  1.391589e-02  7.701756e-04  3.140570e-05  3.975785e-02 -1.846857e-01  1.165758e-02  1.168898e-02  5.367373e-02 -1.707698e-01  3.140570e-05  1.391589e-02  7.701756e-04  1.165758e-02  3.975785e-02 -1.846857e-01  4.434177e-01  1.006094e-01 -4.534974e-01 -1.654326e-03  3.128029e-02 -3.406732e-02  4.450720e-01  6.932909e-02 -4.194300e-01 



Time history of loading for wing surface: 8 --> VSP Surface: 8 ... NOTE: values per area! 

  Station    Time       S       Chord     Area      V/Vref        Cx            Cy            Cz           Cxo           Cyo           Czo          Cxi            Cyi           Czi           Cl            Cd            Cs            Clo           Cdo           Cso           Cli           Cdi           Csi           Cmx           Cmy           Cmz          Cmxo          Cmyo          Cmzo          Cmxi          Cmyi          Cmzi 
        1   0.00000   0.11280   0.21979   0.00235   0.89296  2.992562e-02  1.565235e-01 -4.398853e-02  1.288535e-02 -6.493812e-04 -6.087362e-04  1.704027e-02  1.571728e-01 -4.337980e-02 -4.398853e-02  2.992562e-02  1.700582e-01 -6.087362e-04  1.288535e-02 -6.493812e-04 -4.337980e-02  1.704027e-02  1.571728e-01 -1.062406e-01  1.205230e-01  3.288458e-01  2.439662e-03  1.875466e-02  3.163434e-02 -1.086803e-01  1.017683e-01  2.972115e-01 
        2   0.00000   0.24711   0.21979   0.00235   0.88899  5.475377e-02  2.605138e-01 -4.785706e-02  1.314987e-02 -6.482900e-04 -2.036142e-04  4.160391e-02  2.611620e-01 -4.765344e-02 -4.785706e-02  5.475377e-02  2.743119e-01 -2.036142e-04  1.314987e-02 -6.482900e-04 -4.765344e-02  4.160391e-02  2.611620e-01 -2.541650e-01  1.646148e-01  5.696909e-01  1.445816e-03  1.918079e-02  3.230408e-02 -2.556108e-01  1.454340e-01  5.373868e-01 
        3   0.00000   0.29013   0.21979   0.00235   0.90173  6.479279e-02  3.215092e-01 -4.750968e-03  1.373474e-02 -7.054628e-04 -6.055011e-05  5.105805e-02  3.222146e-01 -4.690418e-03 -4.750968e-03  6.479279e-02  3.359494e-01 -6.055011e-05  1.373474e-02 -7.054628e-04 -4.690418e-03  5.105805e-02  3.222146e-01 -4.654808e-01  1.045279e-01  6.949378e-01  1.200354e-03  2.047729e-02  3.370094e-02 -4.666812e-01  8.405059e-02  6.612368e-01 
        4   0.00000   0.33316   0.21979   0.00235   0.90321  7.381282e-02  3.516849e-01 -6.717808e-04  1.392904e-02 -7.165354e-04 -3.931270e-05  5.988378e-02  3.524014e-01 -6.324681e-04 -6.717808e-04  7.381282e-02  3.663304e-01 -3.931270e-05  1.392904e-02 -7.165354e-04 -6.324681e-04  5.988378e-02  3.524014e-01 -5.373160e-01  1.142843e-01  7.669989e-01  1.197463e-03  2.140293e-02  3.417615e-02 -5.385135e-01  9.288140e-02  7.328228e-01 
        5   0.00000   0.37618   0.21979   0.00235   0.90276  6.588776e-02  3.650530e-01 -6.913895e-04  1.398917e-02 -7.379348e-04  3.835784e-05  5.189859e-02  3.657910e-01 -7.297473e-04 -6.913895e-04  6.588776e-02  3.797801e-01  3.835784e-05  1.398917e-02 -7.379348e-04 -7.297473e-04  5.189859e-02  3.657910e-01 -5.752283e-01  1.053874e-01  7.693728e-01  1.069399e-03  2.205559e-02  3.429788e-02 -5.762977e-01  8.333177e-02  7.350750e-01 
        6   0.00000   0.41920   0.21979   0.00235   0.90255  6.674579e-02  3.759393e-01 -7.474163e-04  1.404685e-02 -7.393914e-04  3.615200e-05  5.269894e-02  3.766787e-01 -7.835683e-04 -7.474163e-04  6.674579e-02  3.907256e-01  3.615200e-05  1.404685e-02 -7.393914e-04 -7.835683e-04  5.269894e-02  3.766787e-01 -6.102962e-01  1.100428e-01  7.894102e-01  1.112685e-03  2.282262e-02  3.444153e-02 -6.114089e-01  8.722017e-02  7.549687e-01 
        7   0.00000   0.46222   0.21979   0.00235   0.90530  7.422260e-02  3.851232e-01 -1.987271e-04  1.416647e-02 -7.398925e-04  7.793287e-05  6.005613e-02  3.858631e-01 -2.766599e-04 -1.987271e-04  7.422260e-02  4.000296e-01  7.793287e-05  1.416647e-02 -7.398925e-04 -2.766599e-04  6.005613e-02  3.858631e-01 -6.450614e-01  1.248126e-01  8.229849e-01  1.043394e-03  2.363699e-02  3.474300e-02 -6.461049e-01  1.011756e-01  7.882419e-01 
        8   0.00000   0.50524   0.21979   0.00235   0.90524  7.448060e-02  3.891556e-01  1.202237e-04  1.418915e-02 -7.410456e-04  8.143673e-05  6.029145e-02  3.898966e-01  3.878698e-05  1.202237e-04  7.448060e-02  4.040858e-01  8.143673e-05  1.418915e-02 -7.410456e-04  3.878698e-05  6.029145e-02  3.898966e-01 -6.712604e-01  1.282436e-01  8.306149e-01  1.071967e-03  2.434965e-02  3.479868e-02 -6.723324e-01  1.038940e-01  7.958162e-01 
        9   0.00000   0.54827   0.21979   0.00235   0.91354  7.043322e-02  3.901103e-01  2.518785e-04  1.438479e-02 -7.548985e-04  1.115779e-04  5.604843e-02  3.908653e-01  1.403006e-04  2.518785e-04  7.043322e-02  4.052500e-01  1.115779e-04  1.438479e-02 -7.548985e-04  1.403006e-04  5.604843e-02  3.908653e-01 -6.919280e-01  1.244223e-01  8.233566e-01  1.055867e-03  2.533341e-02  3.527335e-02 -6.929839e-01  9.908885e-02  7.880833e-01 
       10   0.00000   0.59129   0.21979   0.00235   0.91353  7.139398e-02  3.890401e-01  3.495507e-04  1.437871e-02 -7.547480e-04  1.140045e-04  5.701527e-02  3.897949e-01  2.355462e-04  3.495507e-04  7.139398e-02  4.041736e-01  1.140045e-04  1.437871e-02 -7.547480e-04  2.355462e-04  5.701527e-02  3.897949e-01 -7.089059e-01  1.293707e-01  8.248377e-01  1.085618e-03  2.600786e-02  3.525820e-02 -7.099915e-01  1.033628e-01  7.895795e-01 
       11   0.00000   0.63431   0.21979   0.00235   0.91353  7.175004e-02  3.858556e-01  4.022989e-04  1.436010e-02 -7.537849e-04  1.175695e-04  5.738994e-02  3.866094e-01  2.847294e-04  4.022989e-04  7.175004e-02  4.009695e-01  1.175695e-04  1.436010e-02 -7.537849e-04  2.847294e-04  5.738994e-02  3.866094e-01 -7.217235e-01  1.333617e-01  8.214609e-01  1.110961e-03  2.665671e-02  3.521254e-02 -7.228344e-01  1.067050e-01  7.862484e-01 
       12   0.00000   0.67733   0.21979   0.00235   0.91805  7.299325e-02  3.801544e-01  4.064170e-04  1.443349e-02 -7.561376e-04  1.134130e-04  5.855976e-02  3.809105e-01  2.930041e-04  4.064170e-04  7.299325e-02  3.953440e-01  1.134130e-04  1.443349e-02 -7.561376e-04  2.930041e-04  5.855976e-02  3.809105e-01 -7.292899e-01  1.391626e-01  8.163696e-01  1.162069e-03  2.749093e-02  3.539462e-02 -7.304520e-01  1.116717e-01  7.809750e-01 
       13   0.00000   0.72036   0.21979   0.00235   0.92166  7.269675e-02  3.710374e-01  4.886445e-04  1.446767e-02 -7.606546e-04  1.047049e-04  5.822908e-02  3.717980e-01  3.839396e-04  4.886445e-04  7.269675e-02  3.862657e-01  1.047049e-04  1.446767e-02 -7.606546e-04  3.839396e-04  5.822908e-02  3.717980e-01 -7.298019e-01  1.419237e-01  8.019745e-01  1.229151e-03  2.826159e-02  3.547459e-02 -7.310311e-01  1.136621e-01  7.664999e-01 
       14   0.00000   0.76338   0.21979   0.00235   0.92158  7.129246e-02  3.594485e-01  7.312559e-04  1.440262e-02 -7.565515e-04  1.089535e-04  5.688983e-02  3.602050e-01  6.223025e-04  7.312559e-04  7.129246e-02  3.746077e-01  1.089535e-04  1.440262e-02 -7.565515e-04  6.223025e-04  5.688983e-02  3.602050e-01 -7.248693e-01  1.421549e-01  7.813992e-01  1.246595e-03  2.881767e-02  3.531607e-02 -7.261158e-01  1.133372e-01  7.460831e-01 
       15   0.00000   0.80640   0.21979   0.00235   0.92185  6.985129e-02  3.420658e-01  9.610652e-04  1.431827e-02 -7.538656e-04  1.134793e-04  5.553301e-02  3.428196e-01  8.475859e-04  9.610652e-04  6.985129e-02  3.571379e-01  1.134793e-04  1.431827e-02 -7.538656e-04  8.475859e-04  5.553301e-02  3.428196e-01 -7.068678e-01  1.421797e-01  7.504972e-01  1.265865e-03  2.932736e-02  3.510677e-02 -7.081337e-01  1.128523e-01  7.153904e-01 
       16   0.00000   0.84942   0.21979   0.00235   0.92843  6.846583e-02  3.193120e-01  1.312055e-03  1.436723e-02 -7.532958e-04  8.023250e-05  5.409860e-02  3.200653e-01  1.231822e-03  1.312055e-03  6.846583e-02  3.344325e-01  8.023250e-05  1.436723e-02 -7.532958e-04  1.231822e-03  5.409860e-02  3.200653e-01 -6.761676e-01  1.419811e-01  7.111309e-01  1.384754e-03  3.016315e-02  3.523125e-02 -6.775524e-01  1.118180e-01  6.758996e-01 
       17   0.00000   0.89244   0.21979   0.00235   0.92994  6.535238e-02  2.885842e-01  3.753931e-03  1.426750e-02 -7.475084e-04  7.235346e-05  5.108489e-02  2.893317e-01  3.681577e-03  3.753931e-03  6.535238e-02  3.035992e-01  7.235346e-05  1.426750e-02 -7.475084e-04  3.681577e-03  5.108489e-02  2.893317e-01 -6.313624e-01  1.342837e-01  6.541412e-01  1.428262e-03  3.064740e-02  3.498747e-02 -6.327907e-01  1.036363e-01  6.191538e-01 
       18   0.00000   0.93547   0.21979   0.00235   0.93115  5.940211e-02  2.451798e-01  1.480518e-02  1.412754e-02 -7.484305e-04  7.294172e-05  4.527457e-02  2.459282e-01  1.473224e-02  1.480518e-02  5.940211e-02  2.600558e-01  7.294172e-05  1.412754e-02 -7.484305e-04  1.473224e-02  4.527457e-02  2.459282e-01 -5.773068e-01  1.051847e-01  5.691021e-01  1.464609e-03  3.102155e-02  3.463262e-02 -5.787714e-01  7.416319e-02  5.344695e-01 
       19   0.00000   0.97849   0.21979   0.00235   0.93149  5.317499e-02  1.827423e-01  1.186087e-02  1.393949e-02 -7.674271e-04  3.815988e-05  3.923550e-02  1.835097e-01  1.182271e-02  1.186087e-02  5.317499e-02  1.974492e-01  3.815988e-05  1.393949e-02 -7.674271e-04  1.182271e-02  3.923550e-02  1.835097e-01 -4.412108e-01  9.917866e-02  4.503523e-01  1.631077e-03  3.132389e-02  3.413080e-02 -4.428419e-01  6.785477e-02  4.162215e-01 
