"Time_Iter","Outer_Iter","Inner_Iter",     "rms[P]"     ,     "rms[U]"     ,     "rms[V]"     ,     "rms[T]"     ,     "rms[k]"     ,     "rms[w]"     ,    "rms[LM_1]"   ,    "rms[LM_2]"   ,"LinSolIter",    "LinSolRes"   ,"LinSolIterTurb",  "LinSolResTurb" ,"LinSolIterTrans", "LinSolResTrans" ,     "Min DT"     ,     "Max DT"     ,     "Min CFL"    ,     "Max CFL"    ,     "Avg CFL"    ,    "RefForce"    ,       "CD"       ,       "CL"       ,       "CSF"      ,       "CMx"      ,       "CMy"      ,       "CMz"      ,       "CFx"      ,       "CFy"      ,       "CFz"      ,      "CEff"      ,       "HF"       ,      "maxHF"     ,      "Temp"      
          0,           0,           0,      -4.364329946,      -17.86627695,      -21.34372358,      -1.504733615,       -3.89520958,        1.18986897,      -4.578276445,        -2.4907623,          10,      -6.274702443,               4,        -6.0064134,                5,      -6.187005486,    0.001140630883,       0.104706997,                11,                11,                11,     0.07248936946,       1.647744894,      -3.024184692,                 0,                 0,                 0,      -5.540830695,       1.647744894,      -3.024184692,                 0,      -1.835347633,   1.499490909e-05,    0.001244935206,                 0
          0,           0,           1,      -4.539253643,      -4.368568984,      -4.509871628,      -1.679657311,      -4.368741187,      0.7234677197,        -4.9270263,      0.2486040544,         100,      -5.686620069,               5,      -6.494654464,                4,      -6.145870738,    0.001205218251,      0.1103545685,              12.1,              12.1,              12.1,     0.07248936946,       1.594863826,      -2.977172775,                 0,                 0,                 0,        -5.3768509,       1.594863826,      -2.977172775,                 0,      -1.866725375,   2.350096969e-06,   0.0002131514274,                 0
          0,           0,           2,      -4.760675938,        -4.5393696,      -4.550584121,      -1.901079603,      -4.777944676,      0.3228696147,      -4.954802987,      0.3692586971,         100,       -5.85292081,               5,      -6.084652335,                4,      -6.188527584,    0.001186103678,      0.1079002551,             13.31,             13.31,             13.31,     0.07248936946,       1.335870575,      -2.698196948,                 0,                 0,                 0,      -4.783628445,       1.335870575,      -2.698196948,                 0,      -2.019804162,   2.254787045e-06,   0.0001299111938,                 0
          0,           0,           3,      -4.937952827,      -4.644734843,      -4.608268421,      -2.078356493,      -5.106841575,    0.002740074832,      -5.116615141,      0.4217860254,         100,      -5.404736705,               6,      -6.834131203,                4,      -6.247169887,     0.00118204904,       0.106977526,            14.641,            14.641,            14.641,     0.07248936946,       1.122066536,      -2.536698519,                 0,                 0,                 0,       -4.41393416,       1.122066536,      -2.536698519,                 0,      -2.260738056,   1.476264846e-06,    7.12981148e-05,                 0
          0,           0,           4,      -5.066957197,      -4.711150073,      -4.670436857,      -2.207360866,      -5.365687391,     -0.2485138186,      -5.250035556,      0.4536984042,         100,      -5.613867354,               6,      -6.508621239,                4,      -6.279286875,    0.001247067055,      0.1126330874,           16.1051,           16.1051,           16.1051,     0.07248936946,      0.9972889142,      -2.491076919,                 0,                 0,                 0,      -4.273360734,      0.9972889142,      -2.491076919,                 0,      -2.497848802,   1.702425425e-06,   5.912801863e-05,                 0
          0,           0,           5,      -5.163754851,      -4.748565057,      -4.724723022,       -2.30415852,      -5.577865113,     -0.4545506165,      -5.333212093,      0.4857218014,         100,      -5.384298922,               6,       -6.21397712,                4,      -6.297166617,    0.001355019158,      0.1223121742,          17.71561,          17.71561,          17.71561,     0.07248936946,      0.9095650702,       -2.44276403,                 0,                 0,                 0,      -4.142692602,      0.9095650702,       -2.44276403,                 0,      -2.685639664,   1.527993047e-06,   5.664848308e-05,                 0
          0,           0,           6,      -5.233912683,       -4.77515442,      -4.775220071,      -2.374316351,      -5.759199707,     -0.6308695579,      -5.381793885,      0.5249115144,         100,      -5.317886576,               7,      -6.819390966,                4,      -6.323348587,    0.001457914399,       0.131465232,         19.487171,         19.487171,         19.487171,     0.07248936946,      0.8200763859,      -2.329331173,                 0,                 0,                 0,      -3.904517991,      0.8200763859,      -2.329331173,                 0,       -2.84038318,   1.569074405e-06,   4.890391455e-05,                 0
          0,           0,           7,       -5.28388195,      -4.803507995,      -4.821678798,      -2.424285614,      -5.916614836,      -0.784138376,      -5.410918923,       0.604473325,         100,      -5.283049942,               7,      -6.592163564,                4,      -6.384521036,    0.001573975718,      0.1418104068,        21.4358881,        21.4358881,        21.4358881,     0.07248936946,      0.7217080211,      -2.151742579,                 0,                 0,                 0,       -3.56243557,      0.7217080211,      -2.151742579,                 0,       -2.98145859,   1.617575365e-06,   4.150660665e-05,                 0
          0,           0,           8,      -5.317314932,      -4.836950217,       -4.85774517,      -2.457718603,      -6.056524189,     -0.9206939673,       -5.45367596,       0.683187127,         100,      -5.317798958,               7,      -6.348694371,                4,      -6.427433035,    0.001727970702,       0.155671136,       23.57947691,       23.57947691,       23.57947691,     0.07248936946,      0.6233696982,      -1.947542475,                 0,                 0,                 0,      -3.185840255,      0.6233696982,      -1.947542475,                 0,      -3.124217427,    1.77692183e-06,   4.028900867e-05,                 0
          0,           0,           9,       -5.33558437,      -4.869035126,      -4.879514635,      -2.475988045,      -6.184926914,      -1.046358407,      -5.505164648,       0.669462183,         100,      -5.613671361,               7,      -6.127101922,                4,      -6.311711513,     0.00188449007,        0.16970663,        25.9374246,        25.9374246,        25.9374246,     0.07248936946,      0.5389129667,      -1.763805171,                 0,                 0,                 0,      -2.856078145,      0.5389129667,      -1.763805171,                 0,       -3.27289429,   1.783959448e-06,   3.453740686e-05,                 0
          0,           0,          10,      -5.359887388,      -4.892915509,      -4.889559233,      -2.500291059,      -6.304397483,      -1.163046927,       -5.53971842,      0.6264593917,         100,      -5.170760161,               8,      -6.068199335,                4,      -6.262406792,    0.002023353621,      0.1820183946,       28.53116706,       28.53116706,       28.53116706,     0.07248936946,      0.4835598762,      -1.644841872,                 0,                 0,                 0,       -2.64596299,      0.4835598762,      -1.644841872,                 0,      -3.401526787,   1.332821477e-06,   2.804822569e-05,                 0
          0,           0,          11,      -5.415164496,      -4.907479537,      -4.898724112,      -2.555568163,      -6.414584339,      -1.271320046,      -5.545178225,      0.5729205079,         100,      -5.051178816,               8,      -6.382992207,                4,      -6.238917226,    0.002190458802,      0.1969159612,       31.38428377,       31.38428377,       31.38428377,     0.07248936946,       0.467902119,       -1.62425888,                 0,                 0,                 0,      -2.608142223,       0.467902119,       -1.62425888,                 0,       -3.47136466,   1.102408385e-06,    2.49351803e-05,                 0
          0,           0,          12,      -5.487840446,       -4.91677849,      -4.914699521,      -2.628244114,      -6.517578538,      -1.373652241,      -5.544755604,      0.5195306718,         100,      -4.966086683,               8,      -6.151707952,                4,      -6.212734488,    0.002388035848,      0.2145964628,       34.52271214,       34.52271214,       34.52271214,     0.07248936946,      0.4894437549,      -1.704395442,                 0,                 0,                 0,      -2.742206232,      0.4894437549,      -1.704395442,                 0,      -3.482311144,   7.770258038e-07,   2.339878987e-05,                 0
          0,           0,          13,      -5.525464282,      -4.925853625,      -4.938551468,       -2.66586795,      -6.615415337,      -1.471823547,      -5.570218052,      0.4687981729,         100,      -4.750033383,             100,      -5.756492107,                4,      -6.185168504,    0.002607897778,      0.2342841921,       37.97498336,       37.97498336,       37.97498336,     0.07248936946,        0.53131849,      -1.850809617,                 0,                 0,                 0,      -2.987437286,        0.53131849,      -1.850809617,                 0,      -3.483427835,   6.417784137e-07,   2.122949607e-05,                 0
          0,           0,          14,      -5.533655705,      -4.935350531,      -4.967948525,      -2.674059368,      -6.705860743,      -1.566786869,      -5.616027834,       0.420589746,         100,      -4.934331761,               9,      -6.375830934,                4,      -6.163934043,    0.002837846571,      0.2548319944,       41.77248169,       41.77248169,       41.77248169,     0.07248936946,      0.5692427829,      -2.003279542,                 0,                 0,                 0,      -3.242062181,      0.5692427829,      -2.003279542,                 0,      -3.519200599,   5.510651522e-07,   1.992960343e-05,                 0
          0,           0,          15,      -5.561482646,      -4.944749138,      -4.993373115,      -2.701886311,      -6.789058547,      -1.658839864,      -5.635649147,      0.3745832064,         100,      -4.820639967,             100,      -5.825566559,                4,      -6.146617051,    0.003073305923,      0.2758100531,       45.94972986,       45.94972986,       45.94972986,     0.07248936946,      0.5831535117,      -2.102727313,                 0,                 0,                 0,      -3.407313275,      0.5831535117,      -2.102727313,                 0,      -3.605786934,   6.376456677e-07,   1.857528141e-05,                 0
          0,           0,          16,      -5.611218373,      -4.954854018,      -5.003289872,      -2.751622037,      -6.859036313,      -1.748101034,      -5.617080863,      0.3308206961,         100,      -4.694924445,             100,      -5.930254073,                4,      -6.123258239,    0.003322517417,      0.2979864754,       50.54470285,       50.54470285,       50.54470285,     0.07248936946,      0.5688704656,      -2.125376412,                 0,                 0,                 0,      -3.443272016,      0.5688704656,      -2.125376412,                 0,      -3.736134219,   6.427607786e-07,   1.798208977e-05,                 0
          0,           0,          17,      -5.656844189,      -4.966857565,      -5.005416669,      -2.797247857,      -6.916603928,      -1.834884307,      -5.596571978,      0.2891400056,         100,      -4.574777994,              27,      -6.004937422,                4,      -6.073041962,    0.003601485665,      0.3228451922,       55.59917313,       55.59917313,       55.59917313,     0.07248936946,      0.5405363216,      -2.098161397,                 0,                 0,                 0,      -3.394777787,      0.5405363216,      -2.098161397,                 0,      -3.881628881,    6.73060745e-07,   1.781236462e-05,                 0
          0,           0,          18,      -5.695079636,       -4.98052783,      -5.013064658,      -2.835483307,      -6.956026482,      -1.919795236,      -5.604535395,      0.2494444992,         100,      -4.342237535,             100,       -5.85331131,                4,      -6.035278706,    0.003923235729,      0.3515808378,       61.15909045,       61.15909045,       61.15909045,     0.07248936946,       0.517983854,      -2.072196517,                 0,                 0,                 0,      -3.347086434,       0.517983854,      -2.072196517,                 0,      -4.000504072,   6.763115138e-07,   1.785807149e-05,                 0
          0,           0,          19,      -5.741744351,      -4.993068534,      -5.023853024,      -2.882148019,       -6.97489716,      -2.003516558,      -5.651856082,      0.2118909409,         100,       -4.42905394,             100,      -5.515319321,                4,      -6.002272827,    0.004292020406,      0.3845653052,       67.27499949,       67.27499949,       67.27499949,     0.07248936946,      0.5093862988,      -2.075932724,                 0,                 0,                 0,      -3.347147426,      0.5093862988,      -2.075932724,                 0,      -4.075360348,   6.785075418e-07,   1.674085226e-05,                 0
          0,           0,          20,       -5.79422237,      -4.999933718,      -5.028473621,      -2.934626036,      -6.966716346,      -2.086531737,       -5.73606781,      0.1764315552,         100,      -4.511799607,             100,      -5.681066414,                5,      -7.014104364,    0.004697434345,      0.4208075104,       74.00249944,       74.00249944,       74.00249944,     0.07248936946,      0.5085459015,      -2.099259912,                 0,                 0,                 0,      -3.377289674,      0.5085459015,      -2.099259912,                 0,      -4.127965451,   5.384764464e-07,   1.540841017e-05,                 0
          0,           0,          21,      -5.840166213,      -5.001802206,      -5.030021924,       -2.98056987,      -6.932989943,       -2.16883956,      -5.805481023,      0.1418934978,         100,      -4.262251018,             100,      -5.911879387,                5,      -7.003109228,    0.005135179429,      0.4598915489,       81.40274939,       81.40274939,       81.40274939,     0.07248936946,      0.5057557158,       -2.11613677,                 0,                 0,                 0,      -3.394516802,      0.5057557158,       -2.11613677,                 0,      -4.184108462,   4.901709167e-07,   1.475954923e-05,                 0
          0,           0,          22,       -5.87865132,      -5.003233183,      -5.039764986,       -3.01905498,      -6.875096463,      -2.250268918,      -5.816424336,      0.1069700894,         100,      -4.258946153,              81,      -6.000000643,                5,      -6.991594456,    0.005618478128,      0.5030372662,       89.54302433,       89.54302433,       89.54302433,     0.07248936946,      0.4968785477,      -2.109533274,                 0,                 0,                 0,      -3.373004623,      0.4968785477,      -2.109533274,                 0,      -4.245571244,   4.503080024e-07,    1.35685401e-05,                 0
          0,           0,          23,      -5.912722275,      -5.003389359,      -5.057475338,      -3.053125938,      -6.802118154,      -2.330936495,      -5.811687234,     0.07148699246,         100,      -4.121268802,             100,      -5.893682489,                5,      -6.979695956,    0.006156939592,      0.5511286352,       98.49732676,       98.49732676,       98.49732676,     0.07248936946,      0.4833499812,      -2.075665305,                 0,                 0,                 0,      -3.310074828,      0.4833499812,      -2.075665305,                 0,      -4.294332027,   3.065994689e-07,   1.271647713e-05,                 0
          0,           0,          24,      -5.942328637,      -4.998353407,      -5.072675061,      -3.082732297,      -6.719129282,      -2.410854402,       -5.82383894,      0.0342042184,         100,      -4.099991015,             100,      -5.194899495,                5,      -6.965752754,    0.006765675222,      0.6055568885,               100,               100,               100,     0.07248936946,      0.4672787245,      -2.015080359,                 0,                 0,                 0,      -3.208782018,      0.4672787245,      -2.015080359,                 0,      -4.312373437,   3.115381179e-07,   1.221529098e-05,                 0
          0,           0,          25,      -5.963583289,      -4.986571913,      -5.078237548,      -3.103986943,      -6.634624973,      -2.490069777,      -5.861598562,   -0.001800518724,         100,      -4.102648081,             100,       -5.32288809,                5,      -6.949539682,    0.006889448587,      0.6166708116,               100,               100,               100,     0.07248936946,      0.4504887817,      -1.934213149,                 0,                 0,                 0,       -3.07909307,      0.4504887817,      -1.934213149,                 0,      -4.293587826,   3.267930824e-07,   1.070537065e-05,                 0
          0,           0,          26,      -5.990104597,      -4.984127762,      -5.093030425,      -3.130508242,      -6.553158311,      -2.563283807,      -5.896157916,    -0.05289303868,         100,      -4.128078474,             100,      -5.505022063,                5,      -6.923630625,    0.006940205854,      0.6213562874,               100,               100,               100,     0.07248936946,      0.4334318334,       -1.84068066,                 0,                 0,                 0,       -2.93045476,      0.4334318334,       -1.84068066,                 0,      -4.246759278,   2.487444023e-07,   9.676370515e-06,                 0
          0,           0,          27,      -6.007690921,      -4.980523595,      -5.109400046,      -3.148094565,      -6.478892281,      -2.630351552,      -5.909504472,     -0.1085711394,         100,       -4.27227733,             100,      -5.210012251,                5,      -6.896263955,    0.007018217321,      0.6285792719,               100,               100,               100,     0.07248936946,       0.416304499,      -1.741511058,                 0,                 0,                 0,      -2.772295681,       0.416304499,      -1.741511058,                 0,      -4.183262642,   2.038550098e-07,   8.750141169e-06,                 0
          0,           0,          28,         -6.020517,        -4.9749174,      -5.129061455,      -3.160920664,      -6.414206652,       -2.69165335,      -5.907277954,     -0.1622561897,         100,      -4.119031453,             100,      -5.406894646,                5,      -6.869331784,    0.007117828337,      0.6378194246,               100,               100,               100,     0.07248936946,      0.3994504698,      -1.642603444,                 0,                 0,                 0,       -2.61371506,      0.3994504698,      -1.642603444,                 0,      -4.112157997,   5.589235795e-08,   9.463726188e-06,                 0
          0,           0,          29,      -6.036016923,      -4.969687791,      -5.150014102,      -3.176420577,      -6.360401376,      -2.748954522,      -5.895494061,     -0.2125731939,         100,      -4.134350058,             100,       -5.27988242,                5,      -6.845726249,    0.007231777999,      0.6484080499,               100,               100,               100,     0.07248936946,      0.3835410139,      -1.549050462,                 0,                 0,                 0,      -2.463320301,      0.3835410139,      -1.549050462,                 0,      -4.038813076,   4.141368418e-08,   8.959478751e-06,                 0
          0,           0,          30,      -6.058258335,       -4.96792025,      -5.169810274,      -3.198661996,      -6.318494766,      -2.803869956,      -5.884147212,      -0.260568707,         100,       -4.17522586,             100,      -5.455262762,                5,      -6.827510071,     0.00735232019,      0.6596287709,               100,               100,               100,     0.07248936946,      0.3695301687,      -1.465470782,                 0,                 0,                 0,      -2.329081085,      0.3695301687,      -1.465470782,                 0,      -3.965767632,   1.098709502e-07,   7.016974293e-06,                 0
          0,           0,          31,      -6.086725921,      -4.972145966,      -5.188510186,      -3.227129589,      -6.288299307,      -2.857800185,      -5.884558587,     -0.3084383249,         100,      -4.235305088,             100,      -5.695333897,                5,      -6.816680482,     0.00747205988,      0.6707934571,               100,               100,               100,     0.07248936946,      0.3583220049,      -1.395621657,                 0,                 0,                 0,      -2.217399883,      0.3583220049,      -1.395621657,                 0,      -3.894881247,   7.632256375e-08,   5.631671447e-06,                 0
          0,           0,          32,       -6.11690931,      -4.983390662,      -5.206954337,      -3.257312986,      -6.268365859,      -2.909384228,      -5.901677576,     -0.3563222294,         100,       -4.29107381,             100,      -5.298347371,                5,      -6.813231619,    0.007584427725,      0.6812867765,               100,               100,               100,     0.07248936946,      0.3504494746,      -1.341687263,                 0,                 0,                 0,      -2.131922592,      0.3504494746,      -1.341687263,                 0,        -3.8284756,   7.143756068e-08,   5.297362548e-06,                 0
          0,           0,          33,      -6.143640844,       -5.00129997,      -5.225698709,      -3.284044541,      -6.255438813,      -2.958498431,      -5.934321135,     -0.4043896625,         100,       -4.35836999,             100,      -5.843190025,                5,      -6.770935361,    0.007684075225,       0.690604126,               100,               100,               100,     0.07248936946,      0.3458741673,       -1.30380517,                 0,                 0,                 0,      -2.072762608,      0.3458741673,       -1.30380517,                 0,      -3.769593955,   9.964137404e-08,   4.653978845e-06,                 0
          0,           0,          34,      -6.164714134,      -5.024129385,      -5.244650551,      -3.305117812,      -6.243612752,      -3.003524027,       -5.97858964,     -0.4498931826,         100,      -4.327135185,             100,      -5.899047324,                5,      -6.639807714,    0.007767442868,      0.6984074547,               100,               100,               100,     0.07248936946,      0.3439988794,       -1.28022201,                 0,                 0,                 0,      -2.036804357,      0.3439988794,       -1.28022201,                 0,      -3.721587732,   9.158339783e-08,   4.086419465e-06,                 0
          0,           0,          35,      -6.181278939,      -5.048221765,      -5.263535924,      -3.321682594,      -6.231111043,      -3.044309634,      -6.027517623,     -0.4901735683,         100,      -4.359180271,             100,      -5.396206561,                5,      -6.589254972,    0.007832935971,      0.7045432829,               100,               100,               100,     0.07248936946,      0.3439489976,      -1.268065457,                 0,                 0,                 0,      -2.019089033,      0.3439489976,      -1.268065457,                 0,      -3.686783408,   7.903222882e-08,   3.244409256e-06,                 0
          0,           0,          36,      -6.195693203,      -5.069289944,      -5.282178271,      -3.336096862,      -6.218435685,       -3.08158027,      -6.071813169,      -0.524208456,         100,      -4.235679259,             100,      -5.850507534,                5,      -6.548089682,    0.007880724363,      0.7090247432,               100,               100,               100,     0.07248936946,      0.3448685919,      -1.264166815,                 0,                 0,                 0,      -2.014221972,      0.3448685919,      -1.264166815,                 0,      -3.665647857,   5.175839378e-08,   2.622679394e-06,                 0
          0,           0,          37,      -6.210277814,      -5.084240114,      -5.300479192,      -3.350681447,      -6.207835085,      -3.116934872,      -6.101221941,     -0.5517309119,         100,      -4.273115637,             100,      -5.102209737,                5,      -6.486433226,    0.007912436008,      0.7120028768,               100,               100,               100,     0.07248936946,      0.3460913856,      -1.265694571,                 0,                 0,                 0,      -2.017497616,      0.3460913856,      -1.265694571,                 0,      -3.657110879,   7.029198232e-08,    2.09366327e-06,                 0
          0,           0,          38,      -6.227274901,      -5.093751687,      -5.318133791,      -3.367678535,      -6.203013922,      -3.151429372,       -6.11351455,      -0.573115207,         100,      -4.225353828,             100,      -5.106227142,                5,      -6.394541315,    0.007930620367,      0.7137159272,               100,               100,               100,     0.07248936946,      0.3472774166,      -1.270574696,                 0,                 0,                 0,      -2.025640526,      0.3472774166,      -1.270574696,                 0,      -3.658673541,   6.829648713e-08,   1.994526203e-06,                 0
          0,           0,          39,      -6.249615665,      -5.101247228,      -5.334936821,      -3.390019293,      -6.203259717,      -3.187665734,      -6.111383438,     -0.5890717081,         100,       -4.18634164,             100,      -5.079924234,                5,      -6.291367409,    0.007938125088,      0.7144304346,               100,               100,               100,     0.07248936946,      0.3483938807,      -1.277637373,                 0,                 0,                 0,      -2.036906514,      0.3483938807,      -1.277637373,                 0,      -3.667221048,   4.211020976e-08,    2.08010138e-06,                 0
          0,           0,          40,      -6.279590204,      -5.110192384,      -5.351716754,      -3.419993841,       -6.20866507,      -3.225930927,       -6.10523919,     -0.6029248835,         100,      -4.164884512,             100,      -5.091679307,                5,      -6.190669416,    0.007937684279,      0.7144023203,               100,               100,               100,     0.07248936946,      0.3495665027,      -1.286290444,                 0,                 0,                 0,      -2.050535617,      0.3495665027,      -1.286290444,                 0,      -3.679673063,   4.288274385e-08,   1.858221495e-06,                 0
          0,           0,          41,      -6.316892451,      -5.122139361,      -5.370247481,      -3.457296091,      -6.221240356,      -3.262754085,      -6.105091553,     -0.6196395253,         100,      -4.191265707,             100,      -5.461621969,                5,      -6.093614208,    0.007931651464,      0.7138517031,               100,               100,               100,     0.07248936946,       0.350922255,      -1.296203966,                 0,                 0,                 0,       -2.06615757,       0.350922255,      -1.296203966,                 0,      -3.693706932,   5.416895068e-08,   2.086053474e-06,                 0
          0,           0,          42,      -6.358968535,      -5.136834755,       -5.39151573,      -3.499372196,      -6.239089785,      -3.298400465,      -6.116460392,     -0.6382794104,         100,      -4.083750619,             100,      -5.127270398,                5,      -6.003692006,    0.007921896572,      0.7129532027,               100,               100,               100,     0.07248936946,      0.3525056156,      -1.307085183,                 0,                 0,                 0,      -2.083364007,      0.3525056156,      -1.307085183,                 0,         -3.707984,   5.338218516e-08,     2.1274189e-06,                 0
          0,           0,          43,       -6.40255208,         -5.153372,      -5.414707915,      -3.542955756,      -6.260849203,      -3.332914447,      -6.141755435,     -0.6576403773,         100,      -4.018590022,             100,      -5.177020467,                6,      -6.916465596,    0.007909765404,      0.7118321939,               100,               100,               100,     0.07248936946,      0.3542506708,      -1.318530583,                 0,                 0,                 0,      -2.101515788,      0.3542506708,      -1.318530583,                 0,      -3.722027062,    4.12415611e-08,   1.866619485e-06,                 0
          0,           0,          44,       -6.44438091,      -5.170802595,      -5.438090101,      -3.584784539,      -6.284424523,      -3.367226724,      -6.180382628,     -0.6759099916,         100,      -3.856343248,             100,      -5.283609775,                6,       -6.78030954,    0.007896170609,      0.7105733114,               100,               100,               100,     0.07248936946,      0.3560196022,      -1.330052383,                 0,                 0,                 0,      -2.119793888,      0.3560196022,      -1.330052383,                 0,      -3.735896493,   3.350214461e-08,   1.700533825e-06,                 0
          0,           0,          45,      -6.481706749,      -5.188210789,       -5.46075918,       -3.62211037,       -6.30905751,      -3.401073448,      -6.227317581,     -0.6918402689,         100,       -3.82939201,             100,       -5.31365556,                6,      -6.653037712,    0.007881726846,      0.7092330677,               100,               100,               100,     0.07248936946,      0.3576574705,      -1.341173007,                 0,                 0,                 0,      -2.137393942,      0.3576574705,      -1.341173007,                 0,      -3.749881152,   2.146250327e-08,   1.385690335e-06,                 0
          0,           0,          46,      -6.513852471,      -5.204971574,      -5.483300408,      -3.654256139,      -6.334807022,      -3.434010625,      -6.272646472,     -0.7048901704,         100,      -3.886366866,             100,      -5.227335638,                6,      -6.544228817,    0.007866856277,      0.7078501055,               100,               100,               100,     0.07248936946,      0.3590523066,      -1.351543201,                 0,                 0,                 0,      -2.153714549,      0.3590523066,      -1.351543201,                 0,      -3.764195846,   3.052082542e-08,   1.268664287e-06,                 0
          0,           0,          47,      -6.543523378,      -5.221058521,      -5.506607365,      -3.683927011,      -6.361150463,      -3.464640871,      -6.303686069,     -0.7202572441,         100,       -3.78004103,             100,      -5.180978436,                6,      -6.451951635,    0.007851870788,      0.7064528697,               100,               100,               100,     0.07248936946,      0.3601542723,      -1.360963836,                 0,                 0,                 0,      -2.168455362,      0.3601542723,      -1.360963836,                 0,      -3.778835739,   1.478089737e-08,   9.919264192e-07,                 0
          0,           0,          48,      -6.575767759,      -5.236736259,      -5.530517439,       -3.71617137,      -6.387594304,      -3.492279954,      -6.313690407,     -0.7351129473,         100,      -3.752758141,             100,      -5.167603765,                6,      -6.388291546,     0.00783701046,      0.7050632947,               100,               100,               100,     0.07248936946,      0.3609969011,      -1.369452659,                 0,                 0,                 0,      -2.181660758,      0.3609969011,      -1.369452659,                 0,      -3.793530234,   1.170672547e-08,   8.788310376e-07,                 0
          0,           0,          49,      -6.614874292,       -5.25214463,       -5.55416322,      -3.755277888,      -6.414415132,      -3.519737628,      -6.306173188,     -0.7438917963,         100,       -3.79182221,             100,      -5.142150306,                6,      -6.330287697,    0.007822448137,      0.7036973047,               100,               100,               100,     0.07248936946,      0.3616531467,      -1.377136071,                 0,                 0,                 0,      -2.193587652,      0.3616531467,      -1.377136071,                 0,      -3.807891854,    1.43610382e-08,   7.384907143e-07,                 0
          0,           0,          50,      -6.662088995,      -5.267148029,      -5.577206028,      -3.802492574,       -6.44076025,      -3.545782677,      -6.289299438,     -0.7485334867,         100,      -3.924378175,             100,      -4.760271066,                6,      -6.298622659,    0.007808283977,      0.7023643543,               100,               100,               100,     0.07248936946,      0.3622165183,      -1.384231645,                 0,                 0,                 0,      -2.204618487,      0.3622165183,      -1.384231645,                 0,      -3.821558583,   3.602533271e-09,   8.608942372e-07,                 0
          0,           0,          51,      -6.714665064,        -5.2815167,      -5.600195055,      -3.855068641,      -6.466527253,      -3.571627637,      -6.267276383,     -0.7524739051,         100,      -4.036164424,             100,      -5.313870482,                6,      -6.272594049,     0.00779455301,      0.7010681558,               100,               100,               100,     0.07248936946,       0.362768648,      -1.390940891,                 0,                 0,                 0,       -2.21510668,       0.362768648,      -1.390940891,                 0,      -3.834236777,   7.959519079e-09,    9.35368569e-07,                 0
          0,           0,          52,      -6.766318232,      -5.295178485,      -5.623650959,      -3.906721788,      -6.492646315,      -3.599151475,      -6.238838461,     -0.7578580291,         100,       -3.96928346,             100,       -5.34480154,                6,      -6.263116033,    0.007781229667,      0.6998070792,               100,               100,               100,     0.07248936946,       0.363368144,      -1.397433239,                 0,                 0,                 0,      -2.225335878,       0.363368144,      -1.397433239,                 0,      -3.845778068,   1.076304845e-08,   1.167329108e-06,                 0
          0,           0,          53,      -6.810018744,      -5.308315383,      -5.647107261,      -3.950422324,      -6.518215462,      -3.626661235,      -6.198533416,      -0.765057624,         100,      -3.946257609,             100,      -5.242715992,                6,      -6.265706113,    0.007768264648,      0.6985775399,               100,               100,               100,     0.07248936946,      0.3640422467,      -1.403810604,                 0,                 0,                 0,      -2.235477088,      0.3640422467,      -1.403810604,                 0,      -3.856174983,   1.244853721e-08,   8.799095211e-07,                 0
          0,           0,          54,      -6.842683284,      -5.321259316,      -5.669246403,      -3.983086819,      -6.542856934,      -3.653600508,      -6.129911751,     -0.7740419587,         100,      -4.041158032,             100,      -5.316102116,                6,      -6.279471242,    0.007755619666,      0.6973771787,               100,               100,               100,     0.07248936946,      0.3648047854,      -1.410143528,                 0,                 0,                 0,      -2.245629277,      0.3648047854,      -1.410143528,                 0,      -3.865474314,    8.41458697e-09,   7.982295018e-07,                 0
          0,           0,          55,      -6.867273821,      -5.334293775,      -5.688949464,      -4.007677349,      -6.567264325,      -3.679199364,      -6.067012457,     -0.7837496905,         100,        -4.0615705,             100,      -5.352805947,                6,      -6.305485483,    0.007743280194,       0.696205856,               100,               100,               100,     0.07248936946,      0.3656512149,      -1.416446812,                 0,                 0,                 0,      -2.255806412,      0.3656512149,      -1.416446812,                 0,      -3.873764817,   2.587951473e-09,   6.809066849e-07,                 0
          0,           0,          56,      -6.889596088,       -5.34753506,      -5.706198762,      -4.029999667,      -6.590344283,      -3.701407632,      -6.020294191,     -0.7931937936,         100,      -4.072795899,             100,      -5.095299427,                6,       -6.34402799,     0.00773126009,      0.6950659095,               100,               100,               100,     0.07248936946,      0.3665700655,      -1.422709288,                 0,                 0,                 0,      -2.265975118,      0.3665700655,      -1.422709288,                 0,      -3.881138756,   1.105391998e-09,   9.336473207e-07,                 0
          0,           0,          57,      -6.913988423,      -5.360940037,      -5.721984219,      -4.054391919,      -6.609531457,      -3.720957971,      -5.987521007,     -0.8016770413,         100,      -4.102931344,             100,      -5.231582715,                6,      -6.400418363,    0.007719574221,      0.6939595995,               100,               100,               100,     0.07248936946,       0.367557862,      -1.428938694,                 0,                 0,                 0,      -2.276137422,       0.367557862,      -1.428938694,                 0,      -3.887656453,  -3.628451877e-09,   9.026979618e-07,                 0
          0,           0,          58,       -6.94169364,      -5.374332828,      -5.737478116,      -4.082097173,      -6.626184196,      -3.739757818,      -5.966680963,     -0.8085235241,         100,      -3.981392243,             100,      -5.184985176,                6,      -6.473883586,    0.007708236813,      0.6928888158,               100,               100,               100,     0.07248936946,      0.3686193461,      -1.435173824,                 0,                 0,                 0,      -2.286344708,      0.3686193461,      -1.435173824,                 0,      -3.893376295,  -8.853478362e-09,   7.602130565e-07,                 0
          0,           0,          59,      -6.971415873,      -5.387465404,      -5.753407221,      -4.111819406,      -6.642432534,      -3.759236887,       -5.95569657,     -0.8140867749,         100,      -4.111866665,             100,      -5.167352577,                6,      -6.548726546,    0.007697252206,      0.6918541786,               100,               100,               100,     0.07248936946,      0.3697591648,      -1.441454056,                 0,                 0,                 0,      -2.296664982,      0.3697591648,      -1.441454056,                 0,      -3.898359239,  -8.005917145e-09,   8.509235337e-07,                 0
          0,           0,          60,      -7.000620456,      -5.400039044,      -5.769977742,      -4.141024046,      -6.655585091,      -3.777776513,      -5.953241198,     -0.8184951483,         100,      -3.959706626,             100,      -5.255216763,                6,      -6.610763295,    0.007686601558,      0.6908538074,               100,               100,               100,     0.07248936946,       0.370978987,      -1.447827223,                 0,                 0,                 0,      -2.307171369,       0.370978987,      -1.447827223,                 0,      -3.902720298,   2.500923026e-10,   9.069465446e-07,                 0
          0,           0,          61,      -7.026948882,      -5.411810856,      -5.787154948,      -4.167352431,      -6.666119833,      -3.795990899,      -5.958109716,     -0.8222690949,         100,      -4.003869761,             100,      -5.370104312,                6,       -6.66996619,     0.00767625178,      0.6898842144,               100,               100,               100,     0.07248936946,      0.3722817197,      -1.454331103,                 0,                 0,                 0,      -2.317930023,      0.3722817197,      -1.454331103,                 0,      -3.906533752,   7.145809345e-09,   1.007226332e-06,                 0
          0,           0,          62,      -7.049075677,      -5.422642955,      -5.804834208,      -4.189479186,      -6.680633278,      -3.816950156,      -5.969328771,     -0.8255837623,         100,      -4.066148783,             100,      -5.333631779,                6,      -6.740420063,     0.00766617403,      0.6889421212,               100,               100,               100,     0.07248936946,      0.3736656046,      -1.460977407,                 0,                 0,                 0,      -2.328965896,      0.3736656046,      -1.460977407,                 0,      -3.909852523,   3.782337452e-09,   9.330465267e-07,                 0
          0,           0,          63,      -7.066896854,      -5.432573864,      -5.822944494,      -4.207300411,      -6.696968829,      -3.838545268,      -5.985193163,     -0.8283190388,         100,      -4.002102894,             100,      -5.315640793,                6,      -6.755295593,    0.007656355811,      0.6880257245,               100,               100,               100,     0.07248936946,      0.3751270415,      -1.467752673,                 0,                 0,                 0,      -2.340260443,      0.3751270415,      -1.467752673,                 0,        -3.9126816,   1.762169405e-08,   9.365171379e-07,                 0
          0,           0,          64,      -7.081369575,      -5.441803315,      -5.841338832,      -4.221773146,      -6.714894791,      -3.862432688,      -6.003138716,     -0.8301867306,         100,      -3.986853926,             100,      -5.579853757,                6,      -6.722357666,    0.007646800173,      0.6871346033,               100,               100,               100,     0.07248936946,       0.376660891,      -1.474625133,                 0,                 0,                 0,      -2.351765041,       0.376660891,      -1.474625133,                 0,      -3.914994011,   1.525106157e-08,   6.932486371e-07,                 0
          0,           0,          65,      -7.094023189,      -5.450630665,      -5.859760673,      -4.234426696,      -6.729676137,      -3.883643517,      -6.020821135,     -0.8314364166,         100,      -3.973930736,             100,      -5.251203984,                6,      -6.702159613,     0.00763752941,      0.6862702458,               100,               100,               100,     0.07248936946,        0.37825262,       -1.48152248,                 0,                 0,                 0,      -2.363359498,        0.37825262,       -1.48152248,                 0,      -3.916754046,   2.451245126e-08,   6.126898557e-07,                 0
          0,           0,          66,      -7.106306654,      -5.459346158,      -5.877885894,      -4.246710226,      -6.740141467,      -3.902065794,      -6.036002444,     -0.8316623345,         100,      -3.837963794,             100,      -5.514309532,                6,      -6.696239418,    0.007628584208,      0.6854360022,               100,               100,               100,     0.07248936946,      0.3798794487,       -1.48833836,                 0,                 0,                 0,      -2.374867392,      0.3798794487,       -1.48833836,                 0,      -3.917922818,    1.55100501e-08,   5.147509521e-07,                 0
          0,           0,          67,      -7.119138543,      -5.468135929,      -5.895391546,      -4.259542118,      -6.748818961,      -3.919899672,       -6.04652402,     -0.8314404193,         100,      -3.884387489,             100,      -5.663568659,                6,      -6.694018271,    0.007620022537,      0.6846369981,               100,               100,               100,     0.07248936946,      0.3815092005,      -1.494938133,                 0,                 0,                 0,      -2.386057518,      0.3815092005,      -1.494938133,                 0,       -3.91848514,   1.338479689e-08,   5.297553213e-07,                 0
          0,           0,          68,       -7.13286272,      -5.477053928,      -5.911924608,      -4.273266269,       -6.75723802,      -3.936761826,      -6.050751081,     -0.8305548639,         100,       -4.03540319,             100,      -5.587445576,                6,      -6.694194128,    0.007611920712,       0.683880233,               100,               100,               100,     0.07248936946,      0.3831048653,       -1.50115187,                 0,                 0,                 0,      -2.396661521,      0.3831048653,       -1.50115187,                 0,      -3.918383727,   1.574847827e-08,   4.849286902e-07,                 0
          0,           0,          69,      -7.147449113,      -5.486018361,       -5.92721772,      -4.287852599,      -6.769479031,      -3.954698344,      -6.048246554,     -0.8295214038,         100,      -3.685209602,             100,       -5.30459563,                6,      -6.697773691,    0.007604370786,      0.6831743152,               100,               100,               100,     0.07248936946,      0.3846362526,      -1.506852802,                 0,                 0,                 0,      -2.406453297,      0.3846362526,      -1.506852802,                 0,      -3.917604728,   1.502065221e-08,   5.427303526e-07,                 0
          0,           0,          70,      -7.162626723,      -5.494917102,      -5.941245084,      -4.303030154,      -6.775145077,      -3.966499503,      -6.037823696,     -0.8280734564,         100,      -3.867774616,             100,      -5.262148638,                6,      -6.701901614,    0.007597471631,      0.6825285947,               100,               100,               100,     0.07248936946,      0.3860776026,      -1.511915202,                 0,                 0,                 0,      -2.415246595,      0.3860776026,      -1.511915202,                 0,      -3.916091459,   1.540147987e-08,   5.626579339e-07,                 0
          0,           0,          71,      -7.178078093,      -5.503566645,       -5.95421293,      -4.318481588,      -6.785321691,      -3.980317104,       -6.02042944,      -0.826213388,         100,      -3.940222052,             100,      -5.206075634,                6,      -6.704061756,    0.007591323346,      0.6819526006,               100,               100,               100,     0.07248936946,      0.3874152055,      -1.516282482,                 0,                 0,                 0,      -2.422932113,      0.3874152055,      -1.516282482,                 0,      -3.913843494,   1.564644479e-08,   5.719775297e-07,                 0
          0,           0,          72,      -7.193365867,      -5.511870389,      -5.966597205,      -4.333769391,       -6.79905461,      -3.998232547,      -5.998764219,      -0.824540803,         100,      -3.792163923,             100,      -5.414998137,                6,      -6.708165347,    0.007586022887,      0.6814555974,               100,               100,               100,     0.07248936946,       0.388639206,      -1.519913539,                 0,                 0,                 0,      -2.429450539,       0.388639206,      -1.519913539,                 0,      -3.910860034,    2.03704176e-08,   5.729401008e-07,                 0
          0,           0,          73,      -7.208144729,      -5.519778711,      -5.978988821,      -4.348548232,      -6.812967335,      -4.018026261,      -5.976912144,     -0.8226975837,         100,      -3.698570376,             100,      -5.029790698,                6,      -6.708570489,    0.007581651177,      0.6810453479,               100,               100,               100,     0.07248936946,      0.3897470638,      -1.522812979,                 0,                 0,                 0,      -2.434795385,      0.3897470638,      -1.522812979,                 0,      -3.907182685,   6.490080592e-09,   5.262231733e-07,                 0
          0,           0,          74,      -7.222071053,      -5.527311108,      -5.991872208,      -4.362474603,      -6.819041886,      -4.033688592,      -5.958326739,     -0.8207579416,         100,      -3.652162156,             100,      -5.758434417,                6,      -6.725125542,     0.00757826671,      0.6807274929,               100,               100,               100,     0.07248936946,      0.3907337108,      -1.524976154,                 0,                 0,                 0,      -2.438960631,      0.3907337108,      -1.524976154,                 0,      -3.902852792,   1.016175545e-08,    5.32234781e-07,                 0
          0,           0,          75,       -7.23487168,      -5.534515145,      -6.005468681,      -4.375275213,      -6.829481517,      -4.050363494,      -5.945652217,     -0.8190229546,         100,      -3.795929918,             100,      -5.374720457,                5,      -6.023111604,    0.007575906174,      0.6805055971,               100,               100,               100,     0.07248936946,      0.3915934399,       -1.52641057,                 0,                 0,                 0,      -2.441946477,      0.3915934399,       -1.52641057,                 0,      -3.897947245,   3.571523666e-09,   5.008442176e-07,                 0
          0,           0,          76,      -7.246297659,      -5.541506598,      -6.019853705,      -4.386701161,      -6.826005497,      -4.062737644,      -5.940490966,     -0.8172021216,         100,      -3.724280861,             100,      -5.294863432,                5,      -6.050836271,    0.007574579122,      0.6803806448,               100,               100,               100,     0.07248936946,      0.3923208021,      -1.527123646,                 0,                 0,                 0,      -2.443761738,      0.3923208021,      -1.527123646,                 0,      -3.892538041,  -5.509912089e-09,   4.512757066e-07,                 0
          0,           0,          77,      -7.256493774,      -5.548367254,      -6.034745134,      -4.396897241,      -6.824943998,      -4.073138306,      -5.941479131,     -0.8156466242,         100,      -3.647171411,             100,      -5.530857099,                5,      -6.078849998,    0.007574271668,      0.6803513877,               100,               100,               100,     0.07248936946,      0.3929098048,      -1.527125063,                 0,                 0,                 0,      -2.444409039,      0.3929098048,      -1.527125063,                 0,      -3.886706427,  -7.609225951e-09,    4.78310812e-07,                 0
          0,           0,          78,      -7.265470921,      -5.555213621,      -6.049630686,      -4.405874384,      -6.827247651,      -4.085324786,      -5.948240971,      -0.814454233,         100,       -3.62194935,             100,      -5.413112299,                5,      -6.105659026,    0.007574950069,      0.6804146854,               100,               100,               100,     0.07248936946,      0.3933579508,      -1.526434352,                 0,                 0,                 0,      -2.443915924,      0.3933579508,      -1.526434352,                 0,      -3.880522431,  -8.103664898e-09,   6.044952658e-07,                 0
          0,           0,          79,       -7.27331087,      -5.562139026,      -6.063909849,      -4.413714372,      -6.825706993,      -4.096091976,      -5.960471408,     -0.8133415266,         100,      -3.644878741,             100,      -5.398698111,                5,      -6.131578451,    0.007576567706,      0.6805661684,               100,               100,               100,     0.07248936946,      0.3936613482,      -1.525090527,                 0,                 0,                 0,      -2.442334632,      0.3936613482,      -1.525090527,                 0,      -3.874118031,  -2.716219687e-08,    5.20987164e-07,                 0
          0,           0,          80,      -7.280080727,      -5.569170623,      -6.077066802,      -4.420484257,      -6.815194848,      -4.103673329,      -5.976538376,     -0.8119436164,         100,      -3.674403055,             100,      -5.287440635,                5,      -6.152444383,    0.007579044947,      0.6807983633,               100,               100,               100,     0.07248936946,      0.3938209411,      -1.523138607,                 0,                 0,                 0,      -2.439731939,      0.3938209411,      -1.523138607,                 0,       -3.86759171,  -1.404276866e-08,   4.738530546e-07,                 0
          0,           0,          81,      -7.285722253,      -5.576297833,      -6.088777809,      -4.426125741,      -6.787852232,      -4.106160084,      -5.995565955,     -0.8104857468,         100,      -3.729342391,             100,      -5.322000257,                5,      -6.166301237,    0.007582286774,      0.6811023515,               100,               100,               100,     0.07248936946,      0.3938485401,      -1.520649404,                 0,                 0,                 0,      -2.436223279,      0.3938485401,      -1.520649404,                 0,      -3.861000484,  -1.204889663e-08,   4.596934959e-07,                 0
          0,           0,          82,      -7.290192002,      -5.583427425,      -6.098831873,      -4.430595552,      -6.752249816,      -4.097108018,      -6.019323321,     -0.8089855931,         100,      -3.540718986,             100,      -5.176561857,                5,      -6.176221218,    0.007586186712,      0.6814681446,               100,               100,               100,     0.07248936946,      0.3937584913,      -1.517702346,                 0,                 0,                 0,      -2.431939218,      0.3937584913,      -1.517702346,                 0,      -3.854399027,  -6.814091241e-09,   4.380405341e-07,                 0
          0,           0,          83,      -7.293441593,      -5.590446917,      -6.107341188,      -4.433845117,      -6.721397672,      -4.084090021,      -6.046217987,     -0.8072932463,         100,      -3.617571889,             100,      -5.083752401,                5,      -6.193978632,    0.007590640543,      0.6818859732,               100,               100,               100,     0.07248936946,      0.3935710766,      -1.514390746,                 0,                 0,                 0,      -2.427034037,      0.3935710766,      -1.514390746,                 0,      -3.847820218,  -1.536133255e-08,    4.06385762e-07,                 0
          0,           0,          84,      -7.295444504,      -5.597217982,      -6.114534164,       -4.43584801,       -6.69500648,      -4.070935923,      -6.073902207,     -0.8056740011,         100,      -3.589299722,             100,       -5.20632745,                5,        -6.2248689,    0.007595543837,      0.6823460574,               100,               100,               100,     0.07248936946,      0.3933033368,      -1.510802856,                 0,                 0,                 0,      -2.421651013,      0.3933033368,      -1.510802856,                 0,      -3.841317159,  -3.069833886e-08,   9.906809514e-07,                 0
          0,           0,          85,      -7.296366673,      -5.603605381,      -6.120389028,      -4.436770214,      -6.676503418,      -4.053650919,      -6.095770672,     -0.8037741278,         100,      -3.568493776,             100,      -5.676052906,                5,      -6.267904617,    0.007600791804,      0.6828385934,               100,               100,               100,     0.07248936946,      0.3929578091,      -1.506998456,                 0,                 0,                 0,      -2.415881128,      0.3929578091,      -1.506998456,                 0,      -3.835013379,  -2.503289066e-08,   1.163568655e-06,                 0
          0,           0,          86,      -7.296242651,      -5.609537226,      -6.125062459,      -4.436646204,      -6.677996265,      -4.050194723,      -6.115591423,     -0.8018632262,         100,      -3.616120771,             100,      -5.789189695,                5,      -6.294586886,      0.0076062813,      0.6833539375,               100,               100,               100,     0.07248936946,      0.3925370682,      -1.503031316,                 0,                 0,                 0,      -2.409802902,      0.3925370682,      -1.503031316,                 0,      -3.829017533,  -1.705080368e-08,   4.574242609e-07,                 0
          0,           0,          87,      -7.295313931,      -5.615012012,      -6.129528576,      -4.435717438,      -6.675538021,      -4.053103061,      -6.134334489,     -0.7997162878,         100,      -3.716454623,             100,      -5.876867794,                5,      -6.313811138,     0.00761191405,       0.683882905,               100,               100,               100,     0.07248936946,      0.3920547169,      -1.498958443,                 0,                 0,                 0,      -2.403510832,      0.3920547169,      -1.498958443,                 0,      -3.823339903,  -1.347057719e-08,   1.105023994e-06,                 0
          0,           0,          88,      -7.294340975,        -5.6199109,      -6.134627354,      -4.434744565,      -6.684575451,       -4.05811743,      -6.152174274,     -0.7973076243,         100,      -3.700087943,             100,      -5.910464079,                5,      -6.327035762,    0.007617599452,      0.6844170257,               100,               100,               100,     0.07248936946,      0.3915350177,      -1.494844354,                 0,                 0,                 0,      -2.397116468,      0.3915350177,      -1.494844354,                 0,      -3.817907177,   3.521128945e-09,   1.004012819e-06,                 0
          0,           0,          89,      -7.294114161,      -5.624454936,      -6.141185392,      -4.434517733,      -6.704191172,      -4.071988515,      -6.169318631,     -0.7948189938,         100,      -3.665626131,              34,      -6.008118816,                5,      -6.334742118,    0.007623258748,      0.6849489314,               100,               100,               100,     0.07248936946,      0.3909954675,      -1.490739542,                 0,                 0,                 0,      -2.390709036,      0.3909954675,      -1.490739542,                 0,      -3.812677298,   4.032986681e-09,   1.278770039e-06,                 0
          0,           0,          90,      -7.295106154,      -5.628965291,      -6.150443722,      -4.435509736,      -6.743303731,      -4.100106287,      -6.186047102,     -0.7924592245,         100,       -3.70985171,             100,      -5.972437654,                5,      -6.337790216,    0.007628832952,      0.6854730949,               100,               100,               100,     0.07248936946,      0.3904488725,      -1.486694425,                 0,                 0,                 0,      -2.384370845,      0.3904488725,      -1.486694425,                 0,      -3.807654548,    2.61720016e-09,   1.032948048e-06,                 0
          0,           0,          91,      -7.297819797,      -5.633957816,       -6.16203033,      -4.438223419,      -6.794068486,      -4.136385676,      -6.201463856,     -0.7901185954,         100,      -3.805035997,             100,      -5.462906586,                5,      -6.336384912,    0.007634276072,      0.6859851941,               100,               100,               100,     0.07248936946,      0.3899222385,      -1.482786003,                 0,                 0,                 0,      -2.378240136,      0.3899222385,      -1.482786003,                 0,      -3.802773623,   6.335125932e-09,   6.716509182e-07,                 0
          0,           0,          92,      -7.302225692,      -5.639642407,      -6.174673208,      -4.442629195,      -6.833222473,      -4.167690721,      -6.215933672,     -0.7882139537,         100,       -3.69638571,             100,      -5.134006017,                5,      -6.334394384,    0.007639555624,      0.6864821621,               100,               100,               100,     0.07248936946,      0.3894355371,      -1.479085819,                 0,                 0,                 0,        -2.3724395,      0.3894355371,      -1.479085819,                 0,      -3.798024776,   6.428715578e-09,   8.291244423e-07,                 0
          0,           0,          93,      -7.307956129,      -5.645903019,      -6.186834908,      -4.448359699,       -6.87646191,      -4.199887176,      -6.229370084,     -0.7860147689,         100,      -3.687433916,             100,      -5.195772592,                5,      -6.330656815,    0.007644643972,       0.686961378,               100,               100,               100,     0.07248936946,       0.388992841,      -1.475620589,                 0,                 0,                 0,      -2.367014013,       0.388992841,      -1.475620589,                 0,      -3.793438937,   7.380748803e-09,   9.334457025e-07,                 0
          0,           0,          94,      -7.314359898,       -5.65256628,        -6.1975859,      -4.454763509,      -6.918717732,      -4.231759074,      -6.241764284,     -0.7841333226,         100,      -3.783067481,             100,       -5.16509092,                5,      -6.321318509,    0.007649514313,      0.6874202961,               100,               100,               100,     0.07248936946,      0.3885874975,       -1.47238523,                 0,                 0,                 0,      -2.361952381,      0.3885874975,       -1.47238523,                 0,      -3.789070003,   3.581418596e-09,   7.286207249e-07,                 0
          0,           0,          95,      -7.321039248,      -5.659422216,      -6.206716486,      -4.461442852,      -6.960950999,      -4.263268586,      -6.253051929,     -0.7824462441,         100,      -3.805033214,             100,      -5.569612243,                5,      -6.312761984,    0.007654149644,      0.6878572891,               100,               100,               100,     0.07248936946,      0.3882129206,      -1.469361067,                 0,                 0,                 0,       -2.35722313,      0.3882129206,      -1.469361067,                 0,       -3.78493602,   2.498554269e-11,   6.471125705e-07,                 0
          0,           0,          96,      -7.327758408,      -5.666295164,      -6.214471134,      -4.468161957,      -7.007054357,      -4.297514564,      -6.263311679,     -0.7808925963,         100,      -3.797446253,             100,      -5.078707845,                5,      -6.300720485,     0.00765853914,      0.6882713144,               100,               100,               100,     0.07248936946,      0.3878605338,      -1.466524025,                 0,                 0,                 0,      -2.352786124,      0.3878605338,      -1.466524025,                 0,      -3.781060194,  -4.361706979e-10,   5.379277454e-07,                 0
          0,           0,          97,      -7.334283369,       -5.67305159,       -6.22123343,      -4.474686976,      -7.053630523,      -4.333385543,      -6.272435802,     -0.7793707627,         100,      -3.772434924,             100,      -5.097089969,                5,      -6.287530319,     0.00766268009,       0.688662097,               100,               100,               100,     0.07248936946,      0.3875219719,      -1.463846617,                 0,                 0,                 0,      -2.348594019,      0.3875219719,      -1.463846617,                 0,      -3.777454501,  -6.157458127e-09,    3.97096504e-07,                 0
          0,           0,          98,      -7.340374483,      -5.679594498,      -6.227333559,      -4.480778102,      -7.097089129,      -4.364394216,      -6.280399412,      -0.777959951,         100,       -3.74191283,             100,      -4.864709981,                5,       -6.27306984,    0.007666577566,      0.6890300995,               100,               100,               100,     0.07248936946,      0.3871857036,      -1.461294753,                 0,                 0,                 0,      -2.344591136,      0.3871857036,      -1.461294753,                 0,      -3.774144396,  -6.017577019e-09,    2.95256157e-07,                 0
          0,           0,          99,      -7.345755693,      -5.685878993,      -6.232967754,      -4.486159237,      -7.135229611,      -4.390210196,      -6.287173552,     -0.7765449076,         100,      -3.882777358,             100,      -4.929304853,                5,      -6.258734324,    0.007670245137,      0.6893765873,               100,               100,               100,     0.07248936946,      0.3868468894,      -1.458847057,                 0,                 0,                 0,      -2.340738898,      0.3868468894,      -1.458847057,                 0,      -3.771122626,  -3.808868689e-09,   2.549785779e-07,                 0
          0,           0,         100,      -7.350228816,      -5.691895373,       -6.23821409,       -4.49063247,      -7.167754989,      -4.412978983,      -6.292834073,     -0.7751391677,         100,      -3.751135034,             100,       -5.18238079,                5,      -6.244754422,    0.007673702234,      0.6897033809,               100,               100,               100,     0.07248936946,      0.3865037271,      -1.456488253,                 0,                 0,                 0,      -2.337017029,      0.3865037271,      -1.456488253,                 0,      -3.768367937,  -6.485330993e-09,   2.366452077e-07,                 0
          0,           0,         101,      -7.353699045,      -5.697659845,      -6.243069148,      -4.494102619,      -7.195550526,      -4.433853483,      -6.297384947,     -0.7738017469,         100,      -3.722131895,             100,      -5.482637825,                5,       -6.23189963,    0.007676969974,       0.690012462,               100,               100,               100,     0.07248936946,      0.3861610837,      -1.454219811,                 0,                 0,                 0,      -2.333427549,      0.3861610837,      -1.454219811,                 0,      -3.765837296,   -8.05731335e-09,   2.430648693e-07,                 0
          0,           0,         102,      -7.356162806,      -5.703191712,       -6.24749598,      -4.496566398,      -7.219647531,      -4.453232275,      -6.300924095,     -0.7727261461,         100,      -3.658745783,             100,      -5.237556742,                5,      -6.218999332,    0.007680068261,         0.6903057,               100,               100,               100,     0.07248936946,      0.3858227749,      -1.452043212,                 0,                 0,                 0,      -2.329978584,      0.3858227749,      -1.452043212,                 0,      -3.763497924,  -7.759887463e-09,   2.447534531e-07,                 0
          0,           0,         103,      -7.357743715,      -5.708517697,      -6.251481229,      -4.498147297,      -7.240887899,      -4.471144901,      -6.303494607,      -0.771675331,         100,      -3.812722472,             100,      -5.180720173,                5,      -6.205949598,    0.007668148531,      0.6905845241,               100,               100,               100,     0.07248936946,      0.3854950446,      -1.449968514,                 0,                 0,                 0,      -2.326685538,      0.3854950446,      -1.449968514,                 0,       -3.76131557,  -6.200419171e-09,   1.984229343e-07,                 0
          0,           0,         104,      -7.358649388,      -5.713654682,      -6.255050997,      -4.499052962,      -7.259879811,      -4.487692601,      -6.305233123,     -0.7705443882,         100,      -3.769773595,             100,      -4.982747684,                5,      -6.192868548,     0.00758480129,       0.690849848,               100,               100,               100,     0.07248936946,       0.385180621,      -1.447998833,                 0,                 0,                 0,      -2.323558281,       0.385180621,      -1.447998833,                 0,      -3.759272284,  -1.993577208e-09,   2.483458763e-07,                 0
          0,           0,         105,      -7.359147315,       -5.71862497,      -6.258281513,      -4.499550889,      -7.277064287,      -4.503042065,      -6.306206655,     -0.7696810156,         100,       -3.85032772,             100,      -5.432878687,                5,       -6.17994889,    0.007527390512,       0.691102086,               100,               100,               100,     0.07248936946,      0.3848831632,      -1.446140847,                 0,                 0,                 0,      -2.320606048,      0.3848831632,      -1.446140847,                 0,      -3.757350243,  -3.455557758e-09,   1.967309474e-07,                 0
          0,           0,         106,      -7.359506459,      -5.723432531,      -6.261261401,      -4.499909945,      -7.292757277,      -4.517124944,      -6.306539331,     -0.7688603904,         100,      -3.773589762,             100,      -5.397056333,                5,      -6.167674335,    0.007491755921,      0.6913413384,               100,               100,               100,     0.07248936946,      0.3846022062,      -1.444392067,                 0,                 0,                 0,      -2.317828365,      0.3846022062,      -1.444392067,                 0,      -3.755548054,  -3.561290758e-09,   1.789278164e-07,                 0
          0,           0,         107,      -7.359981582,      -5.728086748,      -6.264093102,      -4.500385159,      -7.307215264,      -4.530096988,      -6.306304807,     -0.7681393893,         100,      -3.880525092,             100,      -5.444368577,                5,      -6.156071155,     0.00747433787,      0.6915675628,               100,               100,               100,     0.07248936946,      0.3843384018,      -1.442753322,                 0,                 0,                 0,      -2.315223428,      0.3843384018,      -1.442753322,                 0,      -3.753862001,  -4.635388306e-09,   1.583846137e-07,                 0
          0,           0,         108,      -7.360761412,      -5.732583443,      -6.266856532,      -4.501165016,      -7.320605422,      -4.541939661,      -6.305607025,      -0.767503509,         100,      -3.807106435,             100,      -5.088939902,                5,      -6.146089127,    0.007472108347,      0.6917807625,               100,               100,               100,     0.07248936946,      0.3840893798,      -1.441216763,                 0,                 0,                 0,      -2.312781527,      0.3840893798,      -1.441216763,                 0,       -3.75229527,  -7.261376584e-09,   1.592538217e-07,                 0
          0,           0,         109,      -7.361988715,      -5.736932042,      -6.269623571,      -4.502392209,      -7.333113356,      -4.552946297,      -6.304513274,     -0.7669655677,         100,      -3.634712787,             100,      -5.361070947,                5,      -6.138512936,    0.007482514893,      0.6919810735,               100,               100,               100,     0.07248936946,      0.3838546458,       -1.43977852,                 0,                 0,                 0,      -2.310493566,      0.3838546458,       -1.43977852,                 0,      -3.750843022,   -6.07379634e-09,    1.34185376e-07,                 0
          0,           0,         110,       -7.36370556,      -5.741130171,      -6.272432126,      -4.504109155,      -7.345027288,      -4.563294685,      -6.303112931,      -0.766516235,         100,       -3.65614073,             100,      -5.301591213,                5,      -6.133614118,    0.007503425425,      0.6921688433,               100,               100,               100,     0.07248936946,      0.3836317596,      -1.438429045,                 0,                 0,                 0,      -2.308347045,      0.3836317596,      -1.438429045,                 0,      -3.749504595,   -6.93996736e-09,   1.350257309e-07,                 0
          0,           0,         111,      -7.365891572,      -5.745181085,      -6.275301087,      -4.506295084,      -7.356443309,      -4.573101083,      -6.301444801,     -0.7661975934,         100,      -3.640250828,             100,      -5.064219913,                5,      -6.131937426,    0.007533069209,      0.6923446177,               100,               100,               100,     0.07248936946,      0.3834210965,      -1.437166017,                 0,                 0,                 0,      -2.306335088,      0.3834210965,      -1.437166017,                 0,      -3.748270582,   -6.68374014e-09,   1.549842788e-07,                 0
          0,           0,         112,      -7.368467301,      -5.749089666,      -6.278237689,      -4.508870881,      -7.367456957,      -4.582361574,      -6.299570757,     -0.7659941235,         100,      -3.730455583,             100,      -5.312946634,                5,      -6.133580439,    0.007569974718,      0.6925090942,               100,               100,               100,     0.07248936946,      0.3832210353,      -1.435981011,                 0,                 0,                 0,      -2.304447483,      0.3832210353,      -1.435981011,                 0,      -3.747135148,  -5.529348904e-09,   1.235374753e-07,                 0
          0,           0,         113,      -7.371306533,       -5.75286054,      -6.281239873,      -4.511710083,      -7.378136301,      -4.591065762,      -6.297513384,     -0.7659222505,         100,      -3.636008945,             100,       -4.98865447,                5,      -6.138285255,    0.007612905829,      0.6926630401,               100,               100,               100,     0.07248936946,      0.3830323908,      -1.434871621,                 0,                 0,                 0,      -2.302678265,      0.3830323908,      -1.434871621,                 0,      -3.746084287,   -4.60914004e-09,   1.234531396e-07,                 0
          0,           0,         114,      -7.374267936,      -5.756506655,      -6.284306703,      -4.514671611,      -7.388514153,      -4.599572412,      -6.295315089,     -0.7658993128,         100,      -3.738915491,             100,      -5.159977647,                5,      -6.145290837,     0.00766079825,      0.6928072611,               100,               100,               100,     0.07248936946,      0.3828536338,      -1.433830016,                 0,                 0,                 0,      -2.301017995,      0.3828536338,      -1.433830016,                 0,      -3.745112727,  -5.928874187e-09,    1.33591497e-07,                 0
          0,           0,         115,      -7.377196746,      -5.760031498,       -6.28742694,      -4.517600335,      -7.398606598,      -4.607769335,      -6.293023114,      -0.766031623,         100,      -3.723099845,             100,      -4.934588442,                5,      -6.153851794,    0.007707783692,      0.6929425552,               100,               100,               100,     0.07248936946,      0.3826853515,      -1.432854791,                 0,                 0,                 0,       -2.29946129,      0.3826853515,      -1.432854791,                 0,      -3.744211232,  -5.583791245e-09,   1.243341069e-07,                 0
          0,           0,         116,      -7.379979147,      -5.763452026,      -6.290599345,      -4.520382729,      -7.408463077,      -4.615671981,       -6.29065042,     -0.7662731146,         100,      -3.763495211,             100,      -5.088004359,                5,      -6.163133748,    0.007563870389,      0.6930697076,               100,               100,               100,     0.07248936946,      0.3825259021,       -1.43193799,                 0,                 0,                 0,      -2.297998659,      0.3825259021,       -1.43193799,                 0,      -3.743375238,  -6.094464785e-09,   1.165012238e-07,                 0
          0,           0,         117,      -7.382527545,      -5.766777071,      -6.293815486,      -4.522931042,      -7.418122516,      -4.622896203,      -6.288217537,     -0.7666429697,         100,      -3.762302521,             100,      -5.250423069,                5,      -6.172574635,    0.007351705904,        0.69318943,               100,               100,               100,     0.07248936946,      0.3823757429,      -1.431077396,                 0,                 0,                 0,      -2.296624239,      0.3823757429,      -1.431077396,                 0,      -3.742594613,  -7.244532852e-09,   1.097679882e-07,                 0
          0,           0,         118,      -7.384830239,      -5.770027385,      -6.297077136,      -4.525233742,       -7.42759169,      -4.630008472,      -6.285753789,     -0.7671239697,         100,      -3.759944121,             100,      -5.134932898,                5,      -6.181209207,    0.007171596659,      0.6933023943,               100,               100,               100,     0.07248936946,       0.382233066,      -1.430265509,                 0,                 0,                 0,      -2.295328847,       0.382233066,      -1.430265509,                 0,      -3.741867556,  -6.808842341e-09,   1.356127554e-07,                 0
          0,           0,         119,      -7.386889485,      -5.773210688,      -6.300374931,       -4.52729298,        -7.4368694,      -4.636960293,        -6.2832624,     -0.7678294318,         100,      -3.645826655,             100,      -5.712875227,                5,      -6.188185414,    0.007020336279,      0.6934092029,               100,               100,               100,     0.07248936946,      0.3820982617,      -1.429501493,                 0,                 0,                 0,      -2.294107829,      0.3820982617,      -1.429501493,                 0,      -3.741188162,  -5.972877236e-09,   8.611007886e-08,                 0
          0,           0,         120,      -7.388775321,      -5.776346159,      -6.303711975,      -4.529178918,      -7.446003398,      -4.643727232,      -6.280759413,     -0.7686676373,         100,      -3.631512736,             100,      -4.965758276,                5,      -6.193499489,    0.006895115219,      0.6935104007,               100,               100,               100,     0.07248936946,      0.3819695926,      -1.428778494,                 0,                 0,                 0,      -2.292953113,      0.3819695926,      -1.428778494,                 0,      -3.740555589,  -6.226137597e-09,   9.781664277e-08,                 0
          0,           0,         121,      -7.390570391,      -5.779440655,      -6.307084832,      -4.530974009,      -7.455007002,      -4.650005779,      -6.278248419,     -0.7696294379,         100,      -3.637374679,             100,      -5.092227334,                5,      -6.197073443,    0.006793373438,      0.6936064462,               100,               100,               100,     0.07248936946,      0.3818476857,      -1.428095639,                 0,                 0,                 0,      -2.291861015,      0.3818476857,      -1.428095639,                 0,      -3.739961489,  -5.770547485e-09,   9.422035163e-08,                 0
          0,           0,         122,      -7.392364847,      -5.782499863,      -6.310491956,      -4.532768393,      -7.463884359,       -4.65602224,      -6.275741407,     -0.7707485692,         100,      -3.755771898,             100,        -5.0004395,                5,      -6.198893014,    0.006712726393,      0.6936977407,               100,               100,               100,     0.07248936946,      0.3817310172,      -1.427447195,                 0,                 0,                 0,      -2.290825103,      0.3817310172,      -1.427447195,                 0,       -3.73940584,  -5.859327792e-09,   9.335173742e-08,                 0
          0,           0,         123,      -7.394267056,      -5.785534358,      -6.313936641,      -4.534670702,      -7.472616777,      -4.661998165,      -6.273243211,     -0.7720783786,         100,      -3.765498266,             100,      -5.205371951,                5,      -6.199471925,    0.006650928344,      0.6937846202,               100,               100,               100,     0.07248936946,      0.3816202414,       -1.42683425,                 0,                 0,                 0,      -2.289843689,      0.3816202414,       -1.42683425,                 0,       -3.73888514,    -6.0450815e-09,   8.023338722e-08,                 0
          0,           0,         124,       -7.39636545,      -5.788552294,      -6.317426595,       -4.53676892,      -7.481256207,      -4.668015047,      -6.270762056,     -0.7735289861,         100,      -3.724916835,             100,      -5.386315605,                5,      -6.198223682,    0.006605863706,      0.6938673771,               100,               100,               100,     0.07248936946,      0.3815140332,      -1.426251589,                 0,                 0,                 0,      -2.288911536,      0.3815140332,      -1.426251589,                 0,      -3.738398762,  -5.859430555e-09,   9.432786517e-08,                 0
          0,           0,         125,      -7.398721268,      -5.791555359,      -6.320963117,      -4.539124845,      -7.489803164,      -4.673586038,      -6.268297889,     -0.7751495951,         100,      -3.631341496,             100,      -5.770023554,                5,      -6.194388544,    0.006575542489,      0.6939462362,               100,               100,               100,     0.07248936946,      0.3814131937,      -1.425699939,                 0,                 0,                 0,      -2.288027432,      0.3814131937,      -1.425699939,                 0,      -3.737940802,  -5.992068518e-09,   1.020462703e-07,                 0
          0,           0,         126,      -7.401366136,      -5.794546536,      -6.324552033,      -4.541769649,      -7.498252641,      -4.678847128,      -6.265812703,     -0.7769925661,         100,      -3.655905699,             100,       -5.10640777,                5,      -6.190101424,    0.006558096136,      0.6940213971,               100,               100,               100,     0.07248936946,      0.3813164099,      -1.425174749,                 0,                 0,                 0,      -2.287186897,      0.3813164099,      -1.425174749,                 0,      -3.737512239,  -5.184045903e-09,    8.73635637e-08,                 0
          0,           0,         127,      -7.404303613,      -5.797524174,      -6.328192364,      -4.544707191,      -7.506587385,      -4.684162085,      -6.263369208,     -0.7789741482,         100,      -3.622719842,             100,      -5.877089954,                5,      -6.185121581,    0.006551771103,      0.6940930245,               100,               100,               100,     0.07248936946,      0.3812244908,      -1.424677938,                 0,                 0,                 0,      -2.286389687,      0.3812244908,      -1.424677938,                 0,      -3.737110213,  -5.586646506e-09,   8.657684358e-08,                 0
          0,           0,         128,      -7.407526452,      -5.800487973,      -6.331889781,      -4.547929935,      -7.514854283,      -4.689444886,      -6.260995737,     -0.7811922511,         100,      -3.529121133,             100,      -5.157380882,                5,      -6.179889715,     0.00653538137,      0.6941612731,               100,               100,               100,     0.07248936946,       0.381136087,      -1.424205076,                 0,                 0,                 0,      -2.285631612,       0.381136087,      -1.424205076,                 0,      -3.736736364,  -5.126322592e-09,   7.482401086e-08,                 0
          0,           0,         129,      -7.410986694,      -5.803432467,      -6.335641719,      -4.551390196,      -7.523042223,      -4.694434828,      -6.258668045,     -0.7836225965,         100,      -3.556629823,             100,      -5.103504692,                5,       -6.17446701,    0.006390581577,      0.6942262697,               100,               100,               100,     0.07248936946,       0.381052118,      -1.423757164,                 0,                 0,                 0,      -2.284912107,       0.381052118,      -1.423757164,                 0,      -3.736384334,  -4.854928345e-09,   6.898820097e-08,                 0
          0,           0,         130,      -7.414636939,      -5.806357989,      -6.339447754,      -4.555040516,       -7.53114764,      -4.698939326,      -6.256384894,     -0.7862456419,         100,      -3.447263868,             100,       -5.15651625,                5,      -6.169702819,    0.006265531005,      0.6942881466,               100,               100,               100,     0.07248936946,      0.3809713168,      -1.423330057,                 0,                 0,                 0,      -2.284227301,      0.3809713168,      -1.423330057,                 0,      -3.736055692,  -4.957698877e-09,   5.662701521e-08,                 0
          0,           0,         131,       -7.41843862,       -5.80926509,       -6.34330871,      -4.558842182,      -7.539125867,      -4.703675996,      -6.254148244,     -0.7890133635,         100,      -3.558240353,             100,      -5.189549077,                5,      -6.164031492,    0.006158655069,      0.6943470331,               100,               100,               100,     0.07248936946,      0.3808944925,      -1.422926081,                 0,                 0,                 0,      -2.283577482,      0.3808944925,      -1.422926081,                 0,      -3.735748637,  -4.893681368e-09,   6.301756094e-08,                 0
          0,           0,         132,      -7.422323014,      -5.812139527,        -6.3472132,       -4.56272656,      -7.547035749,      -4.708492106,      -6.251962726,     -0.7921135375,         100,      -3.486951738,             100,      -5.253323181,                5,      -6.155788422,    0.006046798445,      0.6944030713,               100,               100,               100,     0.07248936946,      0.3808204904,      -1.422540963,                 0,                 0,                 0,      -2.282958969,      0.3808204904,      -1.422540963,                 0,      -3.735463293,  -5.267189819e-09,   7.191805927e-08,                 0
          0,           0,         133,      -7.426272169,      -5.814996277,      -6.351176076,      -4.566675746,       -7.55486099,      -4.713130553,       -6.24983386,      -0.795515519,         100,      -3.418024728,             100,      -5.599118121,                5,      -6.148514873,    0.005870644556,      0.6944563869,               100,               100,               100,     0.07248936946,      0.3807502441,      -1.422176188,                 0,                 0,                 0,       -2.28237186,      0.3807502441,      -1.422176188,                 0,      -3.735194423,  -5.634445385e-09,    7.49447762e-08,                 0
          0,           0,         134,       -7.43024607,      -5.817827763,      -6.355188978,      -4.570649647,      -7.562590016,      -4.717271866,      -6.247767276,     -0.7991783721,         100,      -3.328134371,             100,       -5.48549468,                5,      -6.138494598,    0.005712842272,      0.6945071143,               100,               100,               100,     0.07248936946,      0.3806826189,      -1.421827998,                 0,                 0,                 0,      -2.281812957,      0.3806826189,      -1.421827998,                 0,      -3.734943302,  -5.181952667e-09,   6.060809866e-08,                 0
          0,           0,         135,      -7.434234907,      -5.820643253,      -6.359256562,      -4.574638471,      -7.570187017,      -4.721718762,      -6.245767429,     -0.8030157233,         100,      -3.400423082,             100,      -5.349339073,                5,      -6.128279945,    0.005572031256,      0.6945553741,               100,               100,               100,     0.07248936946,      0.3806185762,       -1.42149913,                 0,                 0,                 0,      -2.281283314,      0.3806185762,       -1.42149913,                 0,      -3.734707707,  -5.174047936e-09,   5.571083974e-08,                 0
          0,           0,         136,      -7.438223609,      -5.823438637,      -6.363372565,      -4.578627118,      -7.577712661,      -4.726495134,      -6.243836175,     -0.8071809075,         100,      -3.500033788,             100,      -5.411132148,                5,      -6.116113774,    0.005447004708,      0.6946012831,               100,               100,               100,     0.07248936946,      0.3805569535,      -1.421185872,                 0,                 0,                 0,      -2.280779963,      0.3805569535,      -1.421185872,                 0,      -3.734489304,  -4.909369249e-09,   5.354246201e-08,                 0
          0,           0,         137,      -7.442237452,      -5.826230085,      -6.367548577,       -4.58264102,      -7.585154123,      -4.730954124,      -6.241976789,     -0.8118074758,         100,      -3.463971054,             100,      -4.965391528,                5,      -6.103662878,    0.005336660358,      0.6946449364,               100,               100,               100,     0.07248936946,       0.380498829,      -1.420890022,                 0,                 0,                 0,      -2.280303615,       0.380498829,      -1.420890022,                 0,      -3.734282246,  -4.948034901e-09,    5.27173466e-08,                 0
          0,           0,         138,      -7.446292213,      -5.829025428,      -6.371785649,      -4.586695816,      -7.592502383,      -4.734951277,       -6.24019538,     -0.8166621351,         100,      -3.488334717,             100,      -5.222624889,                5,      -6.089663787,    0.005239978345,       0.694686428,               100,               100,               100,     0.07248936946,      0.3804430802,      -1.420608222,                 0,                 0,                 0,      -2.279851608,      0.3804430802,      -1.420608222,                 0,       -3.73408874,  -4.516718604e-09,   5.077092919e-08,                 0
          0,           0,         139,      -7.450400223,      -5.831830649,      -6.376082366,      -4.590803793,      -7.599706628,      -4.739318294,      -6.238494781,     -0.8217737398,         100,      -3.440987985,             100,      -5.035555613,                5,      -6.074758563,     0.00515598899,      0.6947258446,               100,               100,               100,     0.07248936946,      0.3803906203,      -1.420343465,                 0,                 0,                 0,      -2.279425283,      0.3803906203,      -1.420343465,                 0,      -3.733907696,  -4.475244838e-09,   4.794315356e-08,                 0
          0,           0,         140,      -7.454584489,      -5.834654956,      -6.380437629,      -4.594988117,      -7.606841159,      -4.743888879,      -6.236881142,     -0.8271451973,         100,      -3.334542662,             100,      -5.142526385,                5,      -6.060529268,    0.005083768312,       0.694763284,               100,               100,               100,     0.07248936946,      0.3803403554,      -1.420092103,                 0,                 0,                 0,      -2.279021864,      0.3803403554,      -1.420092103,                 0,      -3.733740275,  -4.366447936e-09,   4.758810353e-08,                 0
          0,           0,         141,      -7.458859768,      -5.837507772,      -6.384855818,        -4.5992633,      -7.613889403,      -4.748357405,      -6.235357784,     -0.8329324442,         100,      -3.455922076,             100,      -5.297854364,                5,      -6.045630741,    0.005022423218,      0.6947988242,               100,               100,               100,     0.07248936946,      0.3802932278,      -1.419856127,                 0,                 0,                 0,      -2.278642118,      0.3802932278,      -1.419856127,                 0,      -3.733582465,  -3.793639337e-09,   4.509044779e-08,                 0
          0,           0,         142,      -7.463222886,      -5.840382517,      -6.389322324,      -4.603626584,      -7.620839496,      -4.752234796,      -6.233931438,     -0.8390505248,         100,      -3.386063114,             100,      -5.090480816,                5,       -6.03062007,    0.004971086534,      0.6948325561,               100,               100,               100,     0.07248936946,      0.3802480835,      -1.419632108,                 0,                 0,                 0,      -2.278283263,      0.3802480835,      -1.419632108,                 0,       -3.73343659,  -3.210181501e-09,   4.236733719e-08,                 0
          0,           0,         143,      -7.467694739,      -5.843298772,      -6.393848335,      -4.608098374,      -7.627650182,      -4.756614968,      -6.232606341,     -0.8455269126,         100,      -3.443538824,             100,      -5.181131286,                5,      -6.015233292,    0.004928912575,      0.6948645633,               100,               100,               100,     0.07248936946,      0.3802058242,      -1.419422908,                 0,                 0,                 0,      -2.277946482,      0.3802058242,      -1.419422908,                 0,      -3.733301326,   -2.78532296e-09,   4.149665307e-08,                 0
          0,           0,         144,      -7.472269946,      -5.846250874,      -6.398419335,      -4.612673589,      -7.634408297,      -4.761293803,       -6.23138778,     -0.8523742445,         100,      -3.360064193,             100,      -5.175402246,                6,      -7.019477196,    0.004895077006,      0.6948949348,               100,               100,               100,     0.07248936946,      0.3801652092,      -1.419224889,                 0,                 0,                 0,      -2.277628778,      0.3801652092,      -1.419224889,                 0,        -3.7331793,  -2.360415868e-09,   3.982623816e-08,                 0
          0,           0,         145,      -7.476957111,      -5.849246214,      -6.403036932,      -4.617360675,      -7.641092571,      -4.766171261,      -6.230280373,     -0.8595344075,         100,      -3.371149858,             100,      -5.615174938,                6,      -6.998126058,     0.00486877769,      0.6949237478,               100,               100,               100,     0.07248936946,      0.3801272321,      -1.419039733,                 0,                 0,                 0,       -2.27733061,      0.3801272321,      -1.419039733,                 0,      -3.733065178,  -1.937424111e-09,   3.929451415e-08,                 0
          0,           0,         146,      -7.481751747,      -5.852278712,      -6.407689828,      -4.622155381,      -7.647699648,      -4.770809328,      -6.229290947,     -0.8669872897,         100,      -3.357499668,             100,       -5.09447523,                6,       -6.97510136,    0.004849238615,        0.69495109,               100,               100,               100,     0.07248936946,      0.3800907017,      -1.418863937,                 0,                 0,                 0,      -2.277049023,      0.3800907017,      -1.418863937,                 0,      -3.732961451,  -1.965456052e-09,   3.453146756e-08,                 0
          0,           0,         147,       -7.48662328,      -5.855344536,      -6.412370633,      -4.627026878,      -7.654163054,       -4.77527859,      -6.228424219,     -0.8746629232,         100,      -3.336610774,             100,      -5.443277902,                6,      -6.958537516,    0.004835707287,      0.6949770464,               100,               100,               100,     0.07248936946,       0.380056468,      -1.418700299,                 0,                 0,                 0,      -2.276785002,       0.380056468,      -1.418700299,                 0,      -3.732867134,  -1.970504355e-09,   3.261642844e-08,                 0
          0,           0,         148,      -7.491562373,      -5.858440049,      -6.417071495,      -4.631965958,      -7.660585538,      -4.780331214,      -6.227685284,     -0.8825758535,         100,      -3.322668298,             100,      -5.078451063,                6,      -6.934852702,     0.00482746163,      0.6950017197,               100,               100,               100,     0.07248936946,      0.3800233967,      -1.418544949,                 0,                 0,                 0,      -2.276535423,      0.3800233967,      -1.418544949,                 0,      -3.732783196,  -1.957833608e-09,   3.155648927e-08,                 0
          0,           0,         149,      -7.496543617,      -5.861563358,      -6.421789893,      -4.636947241,      -7.666940451,      -4.785693723,      -6.227080459,     -0.8908317221,         100,      -3.278429631,             100,      -5.065939932,                6,       -6.89865707,    0.004823811428,      0.6950251935,               100,               100,               100,     0.07248936946,      0.3799924175,       -1.41839966,                 0,                 0,                 0,      -2.276300769,      0.3799924175,       -1.41839966,                 0,      -3.732705166,  -1.881115386e-09,   2.975387122e-08,                 0
          0,           0,         150,      -7.501541842,      -5.864703918,      -6.426512457,      -4.641945518,      -7.673217575,      -4.791267294,      -6.226617134,     -0.8994529058,         100,      -3.374434099,             100,      -5.107151608,                6,       -6.88311437,    0.004824102153,      0.6950475615,               100,               100,               100,     0.07248936946,      0.3799623907,      -1.418260875,                 0,                 0,                 0,      -2.276078101,      0.3799623907,      -1.418260875,                 0,      -3.732634888,   -1.91439625e-09,   2.868387066e-08,                 0
          0,           0,         151,      -7.506515697,      -5.867847245,      -6.431227451,      -4.646919344,      -7.679362698,      -4.796880903,      -6.226299249,     -0.9085341977,         100,      -3.389420833,             100,      -5.271555912,                6,       -6.86546642,    0.004827718688,      0.6950689041,               100,               100,               100,     0.07248936946,      0.3799342497,      -1.418131405,                 0,                 0,                 0,      -2.275868569,      0.3799342497,      -1.418131405,                 0,      -3.732570587,  -1.648663539e-09,   2.682807748e-08,                 0
          0,           0,         152,      -7.511455707,      -5.871002238,      -6.435938886,      -4.651859342,      -7.685488763,      -4.801767647,      -6.226132354,      -0.917972054,         100,      -3.380322909,             100,      -4.946187024,                6,      -6.830514699,    0.004834087757,      0.6950893039,               100,               100,               100,     0.07248936946,      0.3799068079,      -1.418007641,                 0,                 0,                 0,      -2.275669298,      0.3799068079,      -1.418007641,                 0,      -3.732514427,  -1.457991206e-09,   2.501293948e-08,                 0
          0,           0,         153,      -7.516328928,      -5.874155329,      -6.440636144,      -4.656732594,      -7.691565237,      -4.807284868,      -6.226120897,     -0.9278433213,         100,      -3.360242595,             100,      -4.971144478,                6,      -6.812716297,    0.004822997895,      0.6951088213,               100,               100,               100,     0.07248936946,      0.3798811274,      -1.417891364,                 0,                 0,                 0,      -2.275481005,      0.3798811274,      -1.417891364,                 0,      -3.732460661,  -1.273966131e-09,   2.366762458e-08,                 0
          0,           0,         154,      -7.521120115,      -5.877310816,      -6.445319154,      -4.661523777,      -7.697590091,      -4.813188838,      -6.226269909,     -0.9381886098,         100,      -3.317901678,             100,      -4.981856262,                6,      -6.781895619,    0.004720381372,      0.6951275197,               100,               100,               100,     0.07248936946,      0.3798560944,      -1.417779277,                 0,                 0,                 0,      -2.275301121,      0.3798560944,      -1.417779277,                 0,      -3.732411558,  -1.000809149e-09,   2.213266505e-08,                 0
          0,           0,         155,      -7.525798057,      -5.880460845,      -6.449978456,      -4.666201672,      -7.703481038,      -4.819336646,      -6.226583834,     -0.9488281766,         100,      -3.367513357,             100,      -4.948836903,                6,      -6.757109541,    0.004626937313,      0.6951454534,               100,               100,               100,     0.07248936946,      0.3798326381,      -1.417674495,                 0,                 0,                 0,      -2.275131169,      0.3798326381,      -1.417674495,                 0,      -3.732366186,   -7.06383758e-10,   2.102494766e-08,                 0
          0,           0,         156,      -7.530336558,      -5.883603335,      -6.454610441,      -4.670740214,      -7.709361228,       -4.82565875,      -6.227067312,     -0.9598669874,         100,      -3.391061406,             100,      -5.135522786,                6,      -6.729967697,    0.004542105887,      0.6951626849,               100,               100,               100,     0.07248936946,      0.3798097048,      -1.417573488,                 0,                 0,                 0,      -2.274968615,      0.3798097048,      -1.417573488,                 0,      -3.732325609,  -5.064540908e-10,   2.027052839e-08,                 0
          0,           0,         157,      -7.534720754,      -5.886742377,       -6.45921578,      -4.675124353,      -7.715201058,      -4.832121518,      -6.227724595,     -0.9713512008,         100,      -3.445278213,             100,      -5.344975057,                6,      -6.700710041,    0.004465364999,      0.6951792534,               100,               100,               100,     0.07248936946,       0.379788297,      -1.417478455,                 0,                 0,                 0,      -2.274814628,       0.379788297,      -1.417478455,                 0,      -3.732285765,  -4.216043262e-10,   1.881576076e-08,                 0
          0,           0,         158,      -7.538923721,      -5.889880267,       -6.46379078,      -4.679327325,      -7.720985508,      -4.837712141,      -6.228560078,     -0.9834760371,         100,      -3.330900695,             100,      -5.428004962,                6,      -6.672075675,    0.004396230512,      0.6951952014,               100,               100,               100,     0.07248936946,      0.3797673404,      -1.417386271,                 0,                 0,                 0,      -2.274666949,      0.3797673404,      -1.417386271,                 0,      -3.732248986,  -4.631643587e-10,   1.802767853e-08,                 0
          0,           0,         159,      -7.542941771,      -5.893025427,       -6.46833259,      -4.683345453,      -7.726652396,      -4.843886705,      -6.229577899,     -0.9961746207,         100,      -3.530453736,             100,      -5.614171867,                6,      -6.642949924,    0.004334258108,      0.6952105587,               100,               100,               100,     0.07248936946,      0.3797478228,      -1.417300168,                 0,                 0,                 0,      -2.274527402,      0.3797478228,      -1.417300168,                 0,      -3.732214072,  -4.345391851e-10,   1.715571058e-08,                 0
          0,           0,         160,      -7.546725855,      -5.896165867,      -6.472828418,      -4.687129524,      -7.732333948,      -4.850405844,      -6.230782097,      -1.009231948,         100,      -3.405240546,             100,      -5.519170197,                6,      -6.614314767,    0.004279022538,      0.6952253548,               100,               100,               100,     0.07248936946,      0.3797286039,      -1.417216963,                 0,                 0,                 0,      -2.274393756,      0.3797286039,      -1.417216963,                 0,      -3.732183849,  -3.638571648e-10,   1.698006519e-08,                 0
          0,           0,         161,      -7.550297254,      -5.899335515,      -6.477295181,      -4.690700953,      -7.737998042,      -4.857415213,      -6.232176822,      -1.022712814,         100,      -3.420011443,             100,      -5.718774188,                6,      -6.585851344,    0.004230123713,      0.6952396012,               100,               100,               100,     0.07248936946,       0.379710774,      -1.417138843,                 0,                 0,                 0,       -2.27426731,       0.379710774,      -1.417138843,                 0,      -3.732153367,  -2.070360253e-10,   1.508784504e-08,                 0
          0,           0,         162,      -7.553614554,      -5.902520136,      -6.481715376,      -4.694018274,      -7.743639051,      -4.864397142,      -6.233766426,      -1.036136314,         100,      -3.419951138,             100,      -5.820360268,                6,      -6.557179075,    0.004187160861,      0.6952533158,               100,               100,               100,     0.07248936946,      0.3796932372,      -1.417062836,                 0,                 0,                 0,      -2.274145966,      0.3796932372,      -1.417062836,                 0,      -3.732125561,  -1.982481235e-10,   1.439913666e-08,                 0
          0,           0,         163,      -7.556669828,      -5.905732987,      -6.486089671,      -4.697073527,      -7.749156741,      -4.871410384,      -6.235554779,      -1.049163817,         100,      -3.447890291,             100,      -5.670973184,                6,      -6.528307195,    0.004149745077,       0.695266515,               100,               100,               100,     0.07248936946,       0.379676933,      -1.416992282,                 0,                 0,                 0,      -2.274031597,       0.379676933,      -1.416992282,                 0,      -3.732100001,  -1.814764216e-10,   1.397870585e-08,                 0
          0,           0,         164,       -7.55944493,      -5.908982153,      -6.490417248,      -4.699848605,      -7.754706251,      -4.878407692,      -6.237545045,       -1.06193312,         100,      -3.347218438,             100,      -5.123204948,                6,      -6.502857965,    0.004117491821,      0.6952792305,               100,               100,               100,     0.07248936946,      0.3796608061,      -1.416923858,                 0,                 0,                 0,       -2.27392194,      0.3796608061,      -1.416923858,                 0,      -3.732078306,  -2.188553119e-10,   1.391903215e-08,                 0
          0,           0,         165,      -7.561931199,      -5.912275818,      -6.494699854,      -4.702334919,      -7.760248742,       -4.88537119,      -6.239740475,      -1.074363919,         100,      -3.327384979,             100,      -5.170640727,                6,      -6.476089267,    0.004090021795,      0.6952914797,               100,               100,               100,     0.07248936946,       0.379645856,      -1.416859873,                 0,                 0,                 0,      -2.273818311,       0.379645856,      -1.416859873,                 0,      -3.732056733,   -3.44420944e-10,   1.336712349e-08,                 0
          0,           0,         166,      -7.564113546,      -5.915620372,      -6.498936123,      -4.704517211,      -7.765767867,      -4.892279931,      -6.242144233,       -1.08647025,         100,      -3.308425496,             100,      -5.264595825,                6,       -6.45184035,    0.004066966199,       0.695303292,               100,               100,               100,     0.07248936946,      0.3796310032,      -1.416797265,                 0,                 0,                 0,      -2.273718534,      0.3796310032,      -1.416797265,                 0,       -3.73203783,  -3.755227726e-10,   1.234025085e-08,                 0
          0,           0,         167,      -7.565990935,       -5.91902459,      -6.503124738,      -4.706394552,      -7.771184049,      -4.898766882,      -6.244758498,      -1.098349314,         100,       -3.34333053,             100,      -5.263040361,                6,      -6.427262914,    0.004047954569,      0.6953146898,               100,               100,               100,     0.07248936946,      0.3796172304,      -1.416739286,                 0,                 0,                 0,      -2.273624444,      0.3796172304,      -1.416739286,                 0,        -3.7320205,  -2.360381908e-10,   1.194299671e-08,                 0
          0,           0,         168,       -7.56756506,      -5.922495683,      -6.507268452,      -4.707968799,      -7.776664657,      -4.904950031,      -6.247584759,      -1.110027777,         100,      -3.408935424,             100,      -5.238995229,                6,      -6.404764872,    0.004032630267,      0.6953257036,               100,               100,               100,     0.07248936946,      0.3796033945,      -1.416682733,                 0,                 0,                 0,       -2.27353378,      0.3796033945,      -1.416682733,                 0,      -3.732007547,  -2.429602034e-10,    1.12197036e-08,                 0
          0,           0,         169,      -7.568833634,       -5.92604284,      -6.511372706,      -4.709237153,      -7.782166025,      -4.911328137,      -6.250625634,      -1.121384578,         100,      -3.492298569,             100,      -5.491379137,                6,      -6.383228878,    0.004020645718,       0.695336348,               100,               100,               100,     0.07248936946,      0.3795905899,      -1.416629747,                 0,                 0,                 0,      -2.273447794,      0.3795905899,      -1.416629747,                 0,      -3.731993851,  -1.317589582e-10,   1.044728924e-08,                 0
          0,           0,         170,       -7.56980852,      -5.929674298,       -6.51544202,      -4.710212089,      -7.787683879,      -4.917696456,      -6.253882777,      -1.132568447,         100,      -3.464611084,             100,      -5.461068619,                6,      -6.363598747,    0.004011662244,      0.6953466475,               100,               100,               100,     0.07248936946,        0.37957773,      -1.416577323,                 0,                 0,                 0,       -2.27336435,        0.37957773,      -1.416577323,                 0,      -3.731982176,  -8.669813477e-11,   1.026226548e-08,                 0
          0,           0,         171,      -7.570500727,        -5.9333987,      -6.519481224,      -4.710904258,      -7.793092639,      -4.923941686,      -6.257353204,      -1.143534551,         100,      -3.461260972,             100,      -5.360928238,                6,       -6.34636123,     0.00400535089,       0.695356625,               100,               100,               100,     0.07248936946,      0.3795657673,      -1.416528789,                 0,                 0,                 0,      -2.273285308,      0.3795657673,      -1.416528789,                 0,      -3.731971928,  -1.242450725e-10,   1.024053882e-08,                 0
          0,           0,         172,      -7.570930647,      -5.937226405,      -6.523498505,      -4.711334242,      -7.798585774,      -4.929996287,       -6.26103926,      -1.154338759,         100,      -3.448198466,             100,       -4.96570878,                6,      -6.330425485,    0.004001396801,      0.6953663184,               100,               100,               100,     0.07248936946,      0.3795536635,      -1.416480812,                 0,                 0,                 0,      -2.273208416,      0.3795536635,      -1.416480812,                 0,      -3.731964538,  -1.699823552e-10,   8.558776031e-09,                 0
          0,           0,         173,      -7.571114565,      -5.941162777,      -6.527504133,      -4.711518182,      -7.804111009,      -4.935827249,      -6.264935705,      -1.164965346,         100,      -3.468134595,             100,      -4.974709311,                6,      -6.316875818,    0.003999497798,      0.6953757485,               100,               100,               100,     0.07248936946,      0.3795424385,      -1.416435707,                 0,                 0,                 0,      -2.273135032,      0.3795424385,      -1.416435707,                 0,      -3.731956069,  -1.703021203e-10,   7.185276122e-09,                 0
          0,           0,         174,      -7.571077843,      -5.945213119,      -6.531503163,      -4.711481538,      -7.809650655,      -4.941803141,      -6.269040865,      -1.175433597,         100,      -3.475167302,             100,      -5.966534849,                6,      -6.303785023,    0.003999369707,       0.695384946,               100,               100,               100,     0.07248936946,      0.3795310353,      -1.416390452,                 0,                 0,                 0,      -2.273063061,      0.3795310353,      -1.416390452,                 0,      -3.731948958,  -1.664111942e-10,   6.348199754e-09,                 0
          0,           0,         175,      -7.570852269,      -5.949389192,      -6.535509247,      -4.711255986,      -7.815104061,      -4.947345188,       -6.27335061,      -1.185831806,         100,      -3.443559988,             100,      -5.884081945,                6,      -6.292454457,    0.003987043834,      0.6953939315,               100,               100,               100,     0.07248936946,      0.3795204592,      -1.416348373,                 0,                 0,                 0,      -2.272994463,      0.3795204592,      -1.416348373,                 0,      -3.731942083,   -2.28895337e-10,   5.919115584e-09,                 0
          0,           0,         176,      -7.570470761,      -5.953695978,      -6.539531532,       -4.71087443,      -7.820679139,      -4.952568549,      -6.277868995,      -1.196097777,         100,      -3.559382817,             100,      -5.875164739,                6,      -6.285513111,    0.003922268714,      0.6954027297,               100,               100,               100,     0.07248936946,      0.3795095874,      -1.416306346,                 0,                 0,                 0,      -2.272927115,      0.3795095874,      -1.416306346,                 0,      -3.731938252,  -1.137557151e-10,   6.241688799e-09,                 0
          0,           0,         177,      -7.569962214,      -5.958137811,      -6.543582728,      -4.710365824,      -7.826318839,      -4.957449046,      -6.282592133,      -1.206358506,         100,      -3.629219557,             100,      -5.531816599,                6,      -6.279018332,    0.003862588048,      0.6954113472,               100,               100,               100,     0.07248936946,       0.379499536,      -1.416266602,                 0,                 0,                 0,      -2.272862425,       0.379499536,      -1.416266602,                 0,      -3.731932369,   1.048292919e-11,   6.304274339e-09,                 0
          0,           0,         178,      -7.569366489,      -5.962725132,      -6.547675475,      -4.709770095,      -7.832018332,      -4.961974666,      -6.287516099,        -1.2165086,         100,      -3.594568082,             100,      -5.481921828,                6,       -6.27353503,    0.003807739511,      0.6954197975,               100,               100,               100,     0.07248936946,      0.3794892373,      -1.416226245,                 0,                 0,                 0,      -2.272798433,      0.3794892373,      -1.416226245,                 0,      -3.731927301,   1.680789284e-11,   6.298986598e-09,                 0
          0,           0,         179,      -7.568717044,      -5.967462959,      -6.551821115,       -4.70912069,      -7.837622996,      -4.966151052,       -6.29264029,      -1.226575862,         100,      -3.604636325,             100,      -5.280298451,                6,      -6.269971145,    0.003757486308,      0.6954280909,               100,               100,               100,     0.07248936946,      0.3794796601,      -1.416188728,                 0,                 0,                 0,      -2.272737184,      0.3794796601,      -1.416188728,                 0,      -3.731922622,   -1.58194497e-13,   5.443246937e-09,                 0
          0,           0,         180,      -7.568053165,      -5.972354291,      -6.556032375,      -4.708456886,      -7.843367649,      -4.969989006,      -6.297956761,      -1.236537082,         100,      -3.482739907,             100,      -5.232790056,                6,       -6.26635243,    0.003711592569,       0.695436251,               100,               100,               100,     0.07248936946,      0.3794697814,      -1.416150826,                 0,                 0,                 0,      -2.272676598,      0.3794697814,      -1.416150826,                 0,      -3.731919893,   3.188899723e-11,   5.082086895e-09,                 0
          0,           0,         181,      -7.567409775,      -5.977405999,      -6.560326392,      -4.707813397,      -7.849189008,      -4.973508176,      -6.303454246,       -1.24635657,         100,      -3.613128016,             100,      -5.375884324,                6,      -6.267687141,     0.00366982799,      0.6954442836,               100,               100,               100,     0.07248936946,      0.3794606331,      -1.416114963,                 0,                 0,                 0,      -2.272618201,      0.3794606331,      -1.416114963,                 0,      -3.731915354,  -1.747180225e-12,   4.138174192e-09,                 0
          0,           0,         182,      -7.566819513,      -5.982615513,      -6.564712547,      -4.707223179,      -7.855063319,      -4.976723966,      -6.309135313,      -1.256130063,         100,      -3.553253391,             100,      -5.495876656,                6,      -6.268816272,    0.003631980888,      0.6954522044,               100,               100,               100,     0.07248936946,      0.3794511693,      -1.416078221,                 0,                 0,                 0,      -2.272560055,      0.3794511693,      -1.416078221,                 0,      -3.731911602,    7.25493958e-13,   3.857065764e-09,                 0
          0,           0,         183,      -7.566330401,      -5.987993594,      -6.569208548,      -4.706734102,      -7.860866621,      -4.979657836,       -6.31498633,      -1.265801599,         100,      -3.607776876,             100,      -5.284896107,                6,      -6.271864833,    0.003597830067,      0.6954600193,               100,               100,               100,     0.07248936946,      0.3794424041,      -1.416044011,                 0,                 0,                 0,      -2.272504247,      0.3794424041,      -1.416044011,                 0,       -3.73190765,   3.091070455e-11,   4.849270698e-09,                 0
          0,           0,         184,      -7.565969208,      -5.993536657,      -6.573823879,      -4.706372924,      -7.866851304,      -4.982335516,      -6.320995733,      -1.275423485,         100,      -3.577184596,             100,      -5.263148801,                6,      -6.276163526,    0.003567165383,      0.6954677395,               100,               100,               100,     0.07248936946,      0.3794332229,      -1.416009284,                 0,                 0,                 0,      -2.272448771,      0.3794332229,      -1.416009284,                 0,      -3.731906428,   9.515346769e-11,   4.386174422e-09,                 0
          0,           0,         185,      -7.565774818,      -5.999249628,      -6.578579464,      -4.706178488,      -7.872948398,      -4.984798284,      -6.327159597,      -1.285006656,         100,      -3.606663879,             100,      -5.211039441,                6,      -6.281801706,    0.003539785393,      0.6954753599,               100,               100,               100,     0.07248936946,      0.3794247481,      -1.415976339,                 0,                 0,                 0,       -2.27239513,      0.3794247481,      -1.415976339,                 0,      -3.731902955,   9.927334304e-11,   3.723318753e-09,                 0
          0,           0,         186,      -7.565763014,      -6.005128637,      -6.583486021,       -4.70616666,      -7.879151178,      -4.987062797,       -6.33345422,      -1.294491186,         100,      -3.614532468,             100,      -5.352545745,                6,      -6.287679772,    0.003515491692,      0.6954828837,               100,               100,               100,     0.07248936946,      0.3794159171,      -1.415942325,                 0,                 0,                 0,      -2.272341435,      0.3794159171,      -1.415942325,                 0,      -3.731900167,   4.284503942e-11,    4.57632766e-09,                 0
          0,           0,         187,      -7.565977878,      -6.011178829,      -6.588557232,      -4.706381532,      -7.885261004,      -4.989305494,      -6.339881101,      -1.303950705,         100,      -3.632039238,             100,      -5.128625109,                6,      -6.295832658,    0.003494084138,      0.6954903129,               100,               100,               100,     0.07248936946,       0.379407705,      -1.415910724,                 0,                 0,                 0,      -2.272289781,       0.379407705,      -1.415910724,                 0,      -3.731897654,     6.0475467e-11,   4.060324996e-09,                 0
          0,           0,         188,      -7.566439423,      -6.017397788,      -6.593804757,      -4.706843104,      -7.891575801,      -4.991771527,      -6.346409792,      -1.313303589,         100,      -3.562018678,             100,      -5.144422474,                6,      -6.302641425,     0.00347536906,      0.6954976647,               100,               100,               100,     0.07248936946,      0.3793990928,      -1.415878341,                 0,                 0,                 0,      -2.272238132,      0.3793990928,      -1.415878341,                 0,      -3.731897013,   5.760845059e-11,   4.898266288e-09,                 0
          0,           0,         189,      -7.567172667,      -6.023786833,      -6.599245988,      -4.707576391,      -7.898007794,      -4.993964706,      -6.353034491,       -1.32261505,         100,      -3.590656212,             100,      -5.210555736,                6,      -6.315803102,    0.003459153891,      0.6955049398,               100,               100,               100,     0.07248936946,      0.3793911189,      -1.415847613,                 0,                 0,                 0,      -2.272188041,      0.3793911189,      -1.415847613,                 0,      -3.731894456,   5.678743773e-11,   5.221257851e-09,                 0
          0,           0,         190,      -7.568197655,      -6.030341385,      -6.604889589,      -4.708601411,      -7.904528339,       -4.99604238,      -6.359741705,      -1.331946679,         100,      -3.600942852,             100,      -5.137170473,                6,      -6.326967936,    0.003445258394,      0.6955121498,               100,               100,               100,     0.07248936946,      0.3793827429,      -1.415815637,                 0,                 0,                 0,      -2.272137595,      0.3793827429,      -1.415815637,                 0,      -3.731892564,   1.178591195e-10,   4.782424147e-09,                 0
          0,           0,         191,      -7.569534831,      -6.037061702,       -6.61074486,      -4.709938475,      -7.910972249,      -4.998023118,      -6.366505228,      -1.341265608,         100,      -3.651727653,             100,      -5.089108146,                6,      -6.338946081,    0.003433494545,      0.6955192977,               100,               100,               100,     0.07248936946,      0.3793749851,      -1.415785842,                 0,                 0,                 0,       -2.27208891,      0.3793749851,      -1.415785842,                 0,      -3.731890339,   1.275065657e-10,   4.960951987e-09,                 0
          0,           0,         192,      -7.571202931,      -6.043945642,      -6.616818686,      -4.711606615,      -7.917655746,      -4.999952627,      -6.373323406,      -1.350621338,         100,      -3.724075817,             100,      -5.115746122,                6,      -6.351712601,    0.003423686981,      0.6955263921,               100,               100,               100,     0.07248936946,      0.3793667363,       -1.41575519,                 0,                 0,                 0,      -2.272040004,      0.3793667363,       -1.41575519,                 0,      -3.731890686,   1.558988567e-10,    4.72383278e-09,                 0
          0,           0,         193,      -7.573215585,      -6.050992395,      -6.623127454,      -4.713619333,      -7.924489722,      -5.001885865,      -6.380156761,      -1.359955021,         100,      -3.701044798,             100,       -5.13252502,                6,      -6.364978884,    0.003415661112,      0.6955334251,               100,               100,               100,     0.07248936946,      0.3793591258,      -1.415725987,                 0,                 0,                 0,      -2.271992403,      0.3793591258,      -1.415725987,                 0,      -3.731888573,   1.760131646e-10,   3.954541917e-09,                 0
          0,           0,         194,      -7.575592247,      -6.058199299,      -6.629673042,      -4.715996009,      -7.931456805,      -5.003843197,      -6.387007464,      -1.369384383,         100,      -3.757188095,             100,      -5.134191154,                6,      -6.380250437,    0.003409248755,      0.6955403973,               100,               100,               100,     0.07248936946,      0.3793510976,        -1.4156954,                 0,                 0,                 0,      -2.271944248,      0.3793510976,        -1.4156954,                 0,      -3.731886923,   1.922317126e-11,   4.178771578e-09,                 0
          0,           0,         195,      -7.578334678,      -6.065560975,      -6.636461031,      -4.718738415,      -7.938307405,      -5.005863732,      -6.393840034,      -1.378741571,         100,      -3.719089872,             100,      -5.191614497,                6,        -6.3924143,    0.003404286014,      0.6955473081,               100,               100,               100,     0.07248936946,       0.379343632,      -1.415666942,                 0,                 0,                 0,      -2.271897677,       0.379343632,      -1.415666942,                 0,      -3.731885347,  -1.314933831e-11,    4.60237811e-09,                 0
          0,           0,         196,      -7.581459787,      -6.073078472,      -6.643496844,       -4.72186352,      -7.945401927,       -5.00797065,       -6.40063798,      -1.388163186,         100,        -3.8154161,             100,      -5.248022845,                6,      -6.414228401,    0.003400617829,      0.6955541716,               100,               100,               100,     0.07248936946,      0.3793357172,      -1.415637427,                 0,                 0,                 0,      -2.271850683,      0.3793357172,      -1.415637427,                 0,      -3.731885407,   -2.14049143e-11,   4.934491769e-09,                 0
          0,           0,         197,       -7.58496471,      -6.080743448,       -6.65078578,      -4.725368459,      -7.952636298,      -5.010201143,      -6.407384717,      -1.397502728,         100,      -3.767345054,             100,        -5.1803729,                6,      -6.434574441,    0.003398094908,      0.6955609858,               100,               100,               100,     0.07248936946,      0.3793283964,      -1.415609329,                 0,                 0,                 0,      -2.271804866,      0.3793283964,      -1.415609329,                 0,      -3.731883355,  -2.923979967e-11,   5.621702979e-09,                 0
          0,           0,         198,      -7.588863388,      -6.088555233,      -6.658329998,      -4.729267105,       -7.95995688,      -5.012567904,      -6.414044949,      -1.406885481,         100,      -3.802064464,             100,      -5.130598604,                6,      -6.457844528,    0.003396573742,      0.6955677589,               100,               100,               100,     0.07248936946,      0.3793206339,      -1.415579766,                 0,                 0,                 0,      -2.271758352,      0.3793206339,      -1.415579766,                 0,      -3.731881788,   4.869999709e-11,   5.115060369e-09,                 0
          0,           0,         199,      -7.593154878,      -6.096508939,      -6.666129319,      -4.733558654,      -7.967159303,      -5.015087862,      -6.420609613,      -1.416259684,         100,       -3.71623121,             100,      -5.352681009,                6,      -6.477503538,    0.003395919672,      0.6955744907,               100,               100,               100,     0.07248936946,      0.3793134557,      -1.415552183,                 0,                 0,                 0,      -2.271713294,      0.3793134557,      -1.415552183,                 0,      -3.731879694,   4.924486532e-11,   4.992363684e-09,                 0
          0,           0,         200,      -7.597839653,      -6.104600809,      -6.674183166,      -4.738243424,      -7.974639063,      -5.017779182,      -6.427049489,       -1.42571034,         100,       -3.83539112,             100,      -5.181211853,                6,      -6.511632293,    0.003396009662,      0.6955811864,               100,               100,               100,     0.07248936946,       0.379305758,      -1.415523571,                 0,                 0,                 0,       -2.27166775,       0.379305758,      -1.415523571,                 0,      -3.731879996,   1.037618647e-10,   4.981807663e-09,                 0
          0,           0,         201,       -7.60291563,      -6.112821773,      -6.682491744,      -4.743319372,      -7.982268773,      -5.020664364,       -6.43334196,      -1.435225526,         100,      -3.772242387,             100,      -5.138097978,                6,      -6.536456681,    0.003396724141,       0.695587835,               100,               100,               100,     0.07248936946,      0.3792986742,      -1.415496275,                 0,                 0,                 0,      -2.271623293,      0.3792986742,      -1.415496275,                 0,      -3.731877728,   1.143050338e-10,   5.371465638e-09,                 0
          0,           0,         202,      -7.608385826,      -6.121169856,      -6.691053718,      -4.748789333,      -7.990027017,       -5.02422063,      -6.439475569,      -1.444852104,         100,      -3.837429461,             100,      -5.116401352,                6,      -6.584954484,    0.003397954045,      0.6955944339,               100,               100,               100,     0.07248936946,      0.3792911516,      -1.415467484,                 0,                 0,                 0,      -2.271578105,      0.3792911516,      -1.415467484,                 0,      -3.731875838,   1.206202362e-10,   5.313058669e-09,                 0
          0,           0,         203,       -7.61424652,      -6.129638799,      -6.699864403,      -4.754650174,      -7.997577151,      -5.027844222,      -6.445420041,      -1.454602782,         100,      -3.786806799,             100,      -5.098159183,                6,      -6.615225818,    0.003399599641,      0.6956009793,               100,               100,               100,     0.07248936946,      0.3792841757,      -1.415440722,                 0,                 0,                 0,      -2.271534351,      0.3792841757,      -1.415440722,                 0,      -3.731873915,   9.787593209e-11,   5.674684926e-09,                 0
          0,           0,         204,      -7.620484184,      -6.138220053,      -6.708917313,      -4.760887838,      -8.005391886,      -5.031629349,      -6.451158292,        -1.4645323,         100,      -3.807137606,             100,      -5.190505662,                6,      -6.662930649,    0.003401571809,       0.695607482,               100,               100,               100,     0.07248936946,      0.3792767371,      -1.415412835,                 0,                 0,                 0,      -2.271490063,      0.3792767371,      -1.415412835,                 0,       -3.73187358,   1.363258734e-10,    5.24586571e-09,                 0
          0,           0,         205,      -7.627095939,      -6.146909946,      -6.718216096,      -4.767499582,      -8.013327802,      -5.035571412,      -6.456669971,      -1.474566897,         100,      -3.901760645,             100,      -5.131152312,                6,      -6.716135034,    0.003403790451,       0.695613937,               100,               100,               100,     0.07248936946,      0.3792698828,      -1.415386312,                 0,                 0,                 0,       -2.27144687,      0.3792698828,      -1.415386312,                 0,      -3.731871092,   9.276988529e-11,   4.975334569e-09,                 0
          0,           0,         206,      -7.634072597,      -6.155697693,      -6.727749846,      -4.774476216,      -8.021317385,       -5.03966647,      -6.461940475,      -1.484729748,         100,      -3.878770401,             100,      -5.233669128,                6,      -6.762667036,    0.003406184108,        0.69562035,               100,               100,               100,     0.07248936946,      0.3792625794,      -1.415358291,                 0,                 0,                 0,      -2.271402927,      0.3792625794,      -1.415358291,                 0,      -3.731869074,   7.725754676e-11,   5.046142454e-09,                 0
          0,           0,         207,      -7.641407476,      -6.164579088,      -6.737513109,      -4.781810953,      -8.029073863,      -5.043922328,       -6.46695555,      -1.494939631,         100,      -3.827554589,             100,      -5.268749684,                6,      -6.811806749,    0.003408689582,      0.6956267182,               100,               100,               100,     0.07248936946,      0.3792558549,      -1.415332239,                 0,                 0,                 0,      -2.271360413,      0.3792558549,      -1.415332239,                 0,      -3.731866549,   2.489283751e-11,   4.293741261e-09,                 0
          0,           0,         208,      -7.649086858,       -6.17354498,      -6.747497317,      -4.789490383,      -8.037128868,      -5.048348558,      -6.471703592,      -1.505218731,         100,      -3.903859289,             100,      -5.067975515,                6,      -6.855090784,    0.003411253846,      0.6956330448,               100,               100,               100,     0.07248936946,      0.3792486061,      -1.415305155,                 0,                 0,                 0,      -2.271317401,      0.3792486061,      -1.415305155,                 0,      -3.731866466,   4.680671619e-12,   3.866723761e-09,                 0
          0,           0,         209,      -7.657100525,      -6.182586853,      -6.757702734,      -4.797504121,      -8.045322263,      -5.052962053,        -6.4761692,      -1.515522617,         100,      -3.956448579,             100,      -5.150367848,                6,      -6.897861525,    0.003413827009,      0.6956393169,               100,               100,               100,     0.07248936946,      0.3792419681,      -1.415279388,                 0,                 0,                 0,      -2.271275479,      0.3792419681,      -1.415279388,                 0,      -3.731863843,   4.987515051e-11,   3.582266574e-09,                 0
          0,           0,         210,      -7.665434317,      -6.191695496,      -6.768118984,      -4.805837927,      -8.053617039,      -5.057748548,      -6.480346895,      -1.525929943,         100,      -4.054623488,             100,      -5.278554718,                6,      -6.906264532,    0.003416373584,      0.6956455305,               100,               100,               100,     0.07248936946,      0.3792348893,      -1.415252136,                 0,                 0,                 0,      -2.271232836,      0.3792348893,      -1.415252136,                 0,       -3.73186164,   7.426707062e-11,    3.36436452e-09,                 0
          0,           0,         211,      -7.674073451,      -6.200862756,      -6.778737286,      -4.814477157,      -8.061555069,      -5.062704603,      -6.484231906,      -1.536442018,         100,      -3.909887599,             100,      -5.444759738,                6,      -6.948740828,    0.003418861195,      0.6956516808,               100,               100,               100,     0.07248936946,      0.3792283558,      -1.415226932,                 0,                 0,                 0,      -2.271191649,      0.3792283558,      -1.415226932,                 0,      -3.731859474,   2.137923432e-11,   3.740083164e-09,                 0
          0,           0,         212,      -7.683011466,      -6.210084615,      -6.789550157,      -4.823415063,      -8.069781298,      -5.067823635,      -6.487820956,      -1.547043222,         100,      -3.908670676,             100,      -5.331601004,                6,      -6.963813864,    0.003421265271,      0.6956577783,               100,               100,               100,     0.07248936946,      0.3792213583,      -1.415200626,                 0,                 0,                 0,      -2.271149956,      0.3792213583,      -1.415200626,                 0,      -3.731858965,   7.699038805e-11,   3.329487732e-09,                 0
          0,           0,         213,      -7.692222612,      -6.219347428,      -6.800558309,      -4.832626254,      -8.078089191,      -5.073111044,      -6.491116509,      -1.557809786,         100,      -3.988216615,             100,      -5.299414864,                6,      -6.974432143,    0.003423565091,      0.6956638178,               100,               100,               100,     0.07248936946,      0.3792149454,        -1.4151757,                 0,                 0,                 0,      -2.271109382,      0.3792149454,        -1.4151757,                 0,      -3.731856345,    7.63332388e-11,   4.192446549e-09,                 0
          0,           0,         214,      -7.701700066,       -6.22864369,      -6.811749159,      -4.842103792,      -8.086401988,      -5.078551108,      -6.494123109,      -1.568690861,         100,      -4.041103354,             100,      -5.422610769,                6,      -6.983125367,    0.003425746956,      0.6956698053,               100,               100,               100,     0.07248936946,      0.3792080845,      -1.415149294,                 0,                 0,                 0,      -2.271068083,      0.3792080845,      -1.415149294,                 0,       -3.73185423,   4.480865121e-11,   3.947368448e-09,                 0
          0,           0,         215,      -7.711429288,      -6.237964777,      -6.823111538,      -4.851832952,      -8.094325857,      -5.084129413,      -6.496843686,      -1.579803316,         100,       -3.94804659,             100,        -5.7424543,                6,      -6.987825789,    0.003427801605,      0.6956757389,               100,               100,               100,     0.07248936946,      0.3792018044,      -1.415124881,                 0,                 0,                 0,      -2.271028244,      0.3792018044,      -1.415124881,                 0,      -3.731851653,   4.987947235e-11,   3.656331135e-09,                 0
          0,           0,         216,      -7.721394831,      -6.247303539,      -6.834635794,      -4.861798359,      -8.102583814,      -5.089836079,      -6.499290257,      -1.591040592,         100,      -3.936780705,             100,      -5.645902664,                6,      -6.985087679,    0.003429724168,      0.6956816223,               100,               100,               100,     0.07248936946,      0.3791950027,      -1.415099458,                 0,                 0,                 0,      -2.270987937,      0.3791950027,      -1.415099458,                 0,      -3.731851548,   2.168095498e-11,   4.351046171e-09,                 0
          0,           0,         217,       -7.73158228,      -6.256652463,      -6.846328395,      -4.871985907,      -8.110956774,      -5.095676033,      -6.501469583,      -1.602582394,         100,      -3.929587302,             100,      -5.987378626,                6,      -6.978046063,    0.003431511976,      0.6956874437,               100,               100,               100,     0.07248936946,      0.3791888154,      -1.415075367,                 0,                 0,                 0,      -2.270948745,      0.3791888154,      -1.415075367,                 0,       -3.73184891,   3.019429295e-11,   4.245363755e-09,                 0
          0,           0,         218,      -7.741976152,       -6.26600093,      -6.858177098,      -4.882379637,      -8.119408256,      -5.102146784,      -6.503397265,      -1.614395397,         100,      -3.970178693,             100,      -5.533189686,                6,      -6.939407391,    0.003433167104,      0.6956932001,               100,               100,               100,     0.07248936946,      0.3791821915,      -1.415049808,                 0,                 0,                 0,       -2.27090886,      0.3791821915,      -1.415049808,                 0,      -3.731846696,  -2.633326588e-11,   3.817283992e-09,                 0
          0,           0,         219,      -7.752561238,      -6.275344127,      -6.870167878,      -4.892964811,      -8.127318163,       -5.10846509,      -6.505087015,      -1.626450473,         100,      -3.980640922,             100,      -5.493558137,                6,      -6.953671621,    0.003434691459,      0.6956988873,               100,               100,               100,     0.07248936946,      0.3791761172,      -1.415026321,                 0,                 0,                 0,      -2.270870463,      0.3791761172,      -1.415026321,                 0,      -3.731844535,  -3.150808379e-11,   3.937128347e-09,                 0
          0,           0,         220,      -7.763323237,      -6.284671021,      -6.882288192,      -4.903726806,      -8.135565871,      -5.114828984,      -6.506556863,      -1.638761541,         100,      -4.010017561,             100,      -5.390435563,                6,      -6.945982486,    0.003436091196,      0.6957045167,               100,               100,               100,     0.07248936946,      0.3791695839,       -1.41500175,                 0,                 0,                 0,       -2.27083159,      0.3791695839,       -1.41500175,                 0,      -3.731844035,   -8.88502539e-11,   4.597942045e-09,                 0
          0,           0,         221,      -7.774250494,      -6.293980691,      -6.894551465,      -4.914654089,      -8.143884466,      -5.121218493,      -6.507822296,       -1.65129527,         100,      -4.042801257,             100,      -5.298323975,                6,      -6.943001113,    0.003437373337,      0.6957100836,               100,               100,               100,     0.07248936946,      0.3791636401,      -1.414978584,                 0,                 0,                 0,      -2.270793872,      0.3791636401,      -1.414978584,                 0,      -3.731841437,  -1.135829384e-10,   4.952420835e-09,                 0
          0,           0,         222,      -7.785330773,      -6.303262787,      -6.906941789,      -4.925734384,      -8.152163546,       -5.12761615,      -6.508904766,      -1.664041444,         100,      -4.024866733,             100,      -5.228760778,                6,      -6.938338196,     0.00343854573,      0.6957155944,               100,               100,               100,     0.07248936946,      0.3791572528,      -1.414953961,                 0,                 0,                 0,      -2.270755466,      0.3791572528,      -1.414953961,                 0,      -3.731839364,  -1.328166304e-10,   5.325206482e-09,                 0
          0,           0,         223,      -7.796550526,      -6.312511676,      -6.919447168,      -4.936954212,      -8.159873342,       -5.13401585,      -6.509822363,      -1.677104439,         100,      -4.195868571,             100,      -5.172620508,                6,      -6.885176068,     0.00343961771,      0.6957210471,               100,               100,               100,     0.07248936946,      0.3791514511,      -1.414931355,                 0,                 0,                 0,      -2.270718557,      0.3791514511,      -1.414931355,                 0,      -3.731836845,   -1.19427253e-10,   4.212877953e-09,                 0
          0,           0,         224,      -7.807896523,      -6.321721062,      -6.932058435,      -4.948300209,      -8.168005804,      -5.140419265,      -6.510594484,      -1.690473063,         100,        -4.0903579,             100,      -4.739305057,                6,       -6.91819694,    0.003440599201,       0.695726446,               100,               100,               100,     0.07248936946,       0.379145132,      -1.414907766,                 0,                 0,                 0,       -2.27068122,       0.379145132,      -1.414907766,                 0,      -3.731836826,  -1.234980041e-10,   4.338171508e-09,                 0
          0,           0,         225,      -7.819359808,      -6.330888824,      -6.944787126,       -4.95976351,      -8.176272467,      -5.146844188,      -6.511241279,      -1.704200065,         100,      -4.056620527,             100,      -5.115847454,                6,      -6.915975177,      0.0034414994,      0.6957317791,               100,               100,               100,     0.07248936946,       0.379139432,      -1.414885538,                 0,                 0,                 0,       -2.27064504,       0.379139432,      -1.414885538,                 0,      -3.731834303,  -1.133603133e-10,   4.000048661e-09,                 0
          0,           0,         226,      -7.830930198,      -6.340007355,      -6.957619377,      -4.971333806,      -8.184618244,      -5.153266347,      -6.511782138,      -1.718169469,         100,      -3.959624297,             100,      -5.148048502,                6,      -6.908433596,    0.003442330565,      0.6957370436,               100,               100,               100,     0.07248936946,      0.3791332995,       -1.41486187,                 0,                 0,                 0,      -2.270608211,      0.3791332995,       -1.41486187,                 0,      -3.731832239,  -9.918552316e-11,   3.555310766e-09,                 0
          0,           0,         227,      -7.842593079,       -6.34907166,      -6.970544552,      -4.982996772,      -8.192215634,       -5.15967694,      -6.512236873,      -1.732547678,         100,      -4.075878215,             100,      -4.925093936,                6,      -6.898493575,    0.003443101642,      0.6957422358,               100,               100,               100,     0.07248936946,      0.3791277208,      -1.414840301,                 0,                 0,                 0,      -2.270572909,      0.3791277208,      -1.414840301,                 0,       -3.73183026,  -6.559499899e-11,   3.252899117e-09,                 0
          0,           0,         228,      -7.854341521,       -6.35807811,      -6.983549478,      -4.994745222,      -8.200253897,      -5.166072211,      -6.512623935,      -1.747289385,         100,      -3.985271146,             100,      -5.118281651,                6,      -6.884522643,    0.003443822497,      0.6957473674,               100,               100,               100,     0.07248936946,       0.379121687,      -1.414817676,                 0,                 0,                 0,      -2.270537172,       0.379121687,      -1.414817676,                 0,      -3.731829975,   -6.62202113e-11,    2.92980621e-09,                 0
          0,           0,         229,      -7.866165934,      -6.367022992,       -6.99665201,      -5.006569629,      -8.208383789,      -5.172466983,      -6.512961648,      -1.762459374,         100,      -4.002518701,             100,      -4.999850889,                6,      -6.887444777,    0.003444499866,      0.6957524341,               100,               100,               100,     0.07248936946,      0.3791162469,       -1.41479648,                 0,                 0,                 0,      -2.270502628,      0.3791162469,       -1.41479648,                 0,      -3.731827616,   3.153973097e-12,   2.995341698e-09,                 0
          0,           0,         230,       -7.87805659,      -6.375902875,      -7.009836851,      -5.018460278,      -8.216459584,      -5.178839053,       -6.51326686,      -1.778132996,         100,      -4.007965561,             100,      -5.227156471,                6,      -6.873233059,    0.003445142244,      0.6957574428,               100,               100,               100,     0.07248936946,      0.3791103671,       -1.41477385,                 0,                 0,                 0,      -2.270467431,      0.3791103671,       -1.41477385,                 0,      -3.731825803,   2.908313469e-11,   3.303807219e-09,                 0
          0,           0,         231,      -7.890002607,      -6.384709562,      -7.023087682,       -5.03040623,      -8.223771304,      -5.185175668,      -6.513556325,      -1.794284436,         100,      -3.987705459,             100,      -5.090848848,                6,      -6.876371803,    0.003445758512,       0.695762392,               100,               100,               100,     0.07248936946,      0.3791050767,       -1.41475326,                 0,                 0,                 0,      -2.270433764,      0.3791050767,       -1.41475326,                 0,      -3.731823568,   7.222093085e-12,   2.999100816e-09,                 0
          0,           0,         232,      -7.901998668,      -6.393446181,      -7.036398913,      -5.042402242,      -8.231663363,      -5.191473849,      -6.513845113,      -1.810991619,         100,      -4.099202772,             100,      -4.926141769,                6,      -6.864638065,     0.00344635433,      0.6957672865,               100,               100,               100,     0.07248936946,      0.3790992723,      -1.414731706,                 0,                 0,                 0,      -2.270399698,      0.3790992723,      -1.414731706,                 0,       -3.73182385,   1.317657983e-12,   3.054650267e-09,                 0
          0,           0,         233,      -7.914031086,      -6.402106838,      -7.049789071,      -5.054434722,      -8.239744626,      -5.197757971,      -6.514147837,      -1.828308753,         100,      -3.955742956,             100,      -5.072864096,                6,       -6.85166587,    0.003446936537,      0.6957721148,               100,               100,               100,     0.07248936946,      0.3790940906,      -1.414711529,                 0,                 0,                 0,      -2.270366816,      0.3790940906,      -1.414711529,                 0,      -3.731821635,  -2.007861829e-11,   2.185552555e-09,                 0
          0,           0,         234,      -7.926096869,      -6.410689752,      -7.063240768,       -5.06650054,      -8.247953424,      -5.203996513,      -6.514477708,      -1.846278887,         100,      -4.022982146,             100,      -4.762615816,                6,      -6.861131774,    0.003447510793,      0.6957768745,               100,               100,               100,     0.07248936946,      0.3790884798,      -1.414689926,                 0,                 0,                 0,      -2.270333306,      0.3790884798,      -1.414689926,                 0,      -3.731819881,  -2.892773005e-11,   2.276135487e-09,                 0
          0,           0,         235,      -7.938185128,      -6.419190779,      -7.076739468,       -5.07858869,      -8.255191374,       -5.21018416,      -6.514846528,      -1.864880385,         100,      -4.028188649,             100,      -5.386926037,                6,      -6.854222931,     0.00344808032,      0.6957815622,               100,               100,               100,     0.07248936946,       0.379083426,      -1.414670436,                 0,                 0,                 0,      -2.270301346,       0.379083426,      -1.414670436,                 0,       -3.73181822,  -3.300365574e-11,   2.285878881e-09,                 0
          0,           0,         236,       -7.95028773,      -6.427608068,      -7.090265972,      -5.090691322,      -8.263036285,      -5.216318827,      -6.515265552,      -1.884170676,         100,      -4.110924234,             100,      -5.377925209,                6,      -6.838547301,    0.003448652801,      0.6957861901,               100,               100,               100,     0.07248936946,      0.3790779208,      -1.414649899,                 0,                 0,                 0,      -2.270268967,      0.3790779208,      -1.414649899,                 0,       -3.73181824,  -1.047751072e-11,   2.556710656e-09,                 0
          0,           0,         237,      -7.962391348,      -6.435939566,      -7.103852087,       -5.10279499,      -8.271039009,      -5.222425262,      -6.515744492,      -1.904206572,         100,      -4.041853428,             100,      -5.714579514,                6,      -6.816704155,    0.003449230489,       0.695790754,               100,               100,               100,     0.07248936946,      0.3790730122,      -1.414630804,                 0,                 0,                 0,      -2.270237799,      0.3790730122,      -1.414630804,                 0,      -3.731816189,   7.299954938e-12,    2.27870501e-09,                 0
          0,           0,         238,      -7.974501647,      -6.444185681,      -7.117474806,      -5.114905244,      -8.278999388,      -5.228810522,      -6.516292616,       -1.92495165,         100,      -4.129185856,             100,      -5.482923396,                6,      -6.832541721,     0.00344981679,       0.695795261,               100,               100,               100,     0.07248936946,      0.3790676669,      -1.414610286,                 0,                 0,                 0,      -2.270205995,      0.3790676669,      -1.414610286,                 0,      -3.731814685,   1.963195747e-11,   2.133395713e-09,                 0
          0,           0,         239,      -7.986596917,      -6.452336893,      -7.131107304,      -5.127000495,      -8.286001828,       -5.23499181,      -6.516917471,      -1.946392209,         100,      -4.078295156,             100,      -5.056172665,                6,       -6.82465635,    0.003450413096,      0.6957997099,               100,               100,               100,     0.07248936946,       0.379062914,      -1.414591812,                 0,                 0,                 0,      -2.270175732,       0.379062914,      -1.414591812,                 0,       -3.73181274,   2.586125419e-11,   1.951857085e-09,                 0
          0,           0,         240,      -7.998672729,      -6.460396619,      -7.144734332,      -5.139076399,      -8.293803944,      -5.241087993,      -6.517626324,      -1.968286588,         100,      -3.861738029,             100,       -5.43434543,                6,      -6.805171527,    0.003451020608,      0.6958041054,               100,               100,               100,     0.07248936946,      0.3790576509,      -1.414572379,                 0,                 0,                 0,      -2.270145083,      0.3790576509,      -1.414572379,                 0,      -3.731813289,   2.554464098e-11,   2.297771488e-09,                 0
          0,           0,         241,      -8.010720508,      -6.468367706,      -7.158392848,       -5.15112416,      -8.301914138,      -5.247113486,      -6.518425291,       -1.99044312,         100,      -3.847256765,             100,       -5.10660059,                6,      -6.781948511,    0.003451640614,      0.6958084361,               100,               100,               100,     0.07248936946,      0.3790530136,      -1.414554335,                 0,                 0,                 0,      -2.270115633,      0.3790530136,      -1.414554335,                 0,       -3.73181134,   4.305343633e-11,   2.222305949e-09,                 0
          0,           0,         242,      -8.022728714,      -6.476239996,      -7.172044859,      -5.163132325,       -8.31024208,      -5.253041397,      -6.519320666,      -2.012664116,         100,      -4.208839621,             100,      -5.214173601,                6,      -6.792105315,    0.003452273152,      0.6958126996,               100,               100,               100,     0.07248936946,      0.3790479497,      -1.414534874,                 0,                 0,                 0,      -2.270085568,      0.3790479497,      -1.414534874,                 0,      -3.731809854,   1.237221862e-11,   1.796244022e-09,                 0
          0,           0,         243,      -8.034676771,      -6.484008546,      -7.185660716,      -5.175080385,      -8.317322868,      -5.258878739,       -6.52031768,      -2.034903741,         100,      -4.109047843,             100,      -5.386079264,                6,      -6.782013178,    0.003452919599,      0.6958168925,               100,               100,               100,     0.07248936946,      0.3790434462,      -1.414517529,                 0,                 0,                 0,      -2.270057063,      0.3790434462,      -1.414517529,                 0,      -3.731808432,   1.881527521e-11,   1.755012908e-09,                 0
          0,           0,         244,      -8.046569703,      -6.491683688,       -7.19921442,      -5.186973361,      -8.325278323,       -5.26463205,      -6.521421513,      -2.057131276,         100,      -3.969823898,             100,      -5.175152509,                6,      -6.773332537,    0.003453579621,      0.6958210267,               100,               100,               100,     0.07248936946,      0.3790384936,      -1.414499144,                 0,                 0,                 0,       -2.27002815,      0.3790384936,      -1.414499144,                 0,       -3.73180869,   3.011632037e-11,   2.341730389e-09,                 0
          0,           0,         245,      -8.058377775,      -6.499261383,      -7.212753095,      -5.198781519,      -8.333499216,       -5.27034034,      -6.522636152,      -2.079337709,         100,      -4.016856999,             100,      -4.937841092,                6,      -6.759779802,    0.003454252812,      0.6958250981,               100,               100,               100,     0.07248936946,      0.3790341406,      -1.414482204,                 0,                 0,                 0,      -2.270000456,      0.3790341406,      -1.414482204,                 0,      -3.731806855,   2.306878748e-11,   2.343532994e-09,                 0
          0,           0,         246,      -8.070102075,      -6.506741706,      -7.226230225,      -5.210505716,      -8.341729359,      -5.275978399,      -6.523965062,      -2.101470468,         100,      -4.073501371,             100,      -4.867088157,                6,      -6.730986202,    0.003454938411,      0.6958291137,               100,               100,               100,     0.07248936946,      0.3790293531,      -1.414463844,                 0,                 0,                 0,      -2.269972131,      0.3790293531,      -1.414463844,                 0,      -3.731805551,   1.627447279e-11,   2.186579451e-09,                 0
          0,           0,         247,      -8.081719351,      -6.514119073,      -7.239600495,      -5.222123019,      -8.348714908,      -5.281541044,      -6.525410678,      -2.123504024,         100,      -3.898519693,             100,      -5.251449096,                6,      -6.728376344,    0.003455635161,      0.6958330722,               100,               100,               100,     0.07248936946,      0.3790251604,      -1.414447535,                 0,                 0,                 0,      -2.269945357,      0.3790251604,      -1.414447535,                 0,      -3.731803803,  -1.927547836e-11,   2.322229146e-09,                 0
          0,           0,         248,      -8.093209049,      -6.521395713,      -7.252828985,      -5.233612732,      -8.356853861,      -5.287032002,      -6.526975195,       -2.14542074,         100,      -4.109278292,             100,      -5.486106981,                6,      -6.708687328,    0.003456341955,      0.6958369782,               100,               100,               100,     0.07248936946,      0.3790204584,      -1.414430273,                 0,                 0,                 0,      -2.269918202,      0.3790204584,      -1.414430273,                 0,      -3.731804555,  -4.142619674e-11,   2.360673778e-09,                 0
          0,           0,         249,      -8.104547052,      -6.528573996,      -7.265972161,      -5.244950733,      -8.365455723,      -5.292496434,      -6.528659601,      -2.167198668,         100,      -4.065391113,             100,      -5.546450747,                6,      -6.688523429,    0.003457058242,      0.6958408203,               100,               100,               100,     0.07248936946,      0.3790163838,      -1.414414398,                 0,                 0,                 0,      -2.269892248,      0.3790163838,      -1.414414398,                 0,      -3.731802787,  -8.176944762e-11,   2.622257872e-09,                 0
          0,           0,         250,      -8.115736021,      -6.535658198,      -7.278975348,      -5.256139749,      -8.374411526,      -5.297892413,       -6.53046463,      -2.188830103,         100,      -3.999568992,             100,      -5.636861171,                6,      -6.670780916,     0.00345778183,      0.6958445957,               100,               100,               100,     0.07248936946,      0.3790118841,      -1.414397104,                 0,                 0,                 0,      -2.269865679,      0.3790118841,      -1.414397104,                 0,      -3.731801463,  -6.911230609e-11,   2.498901938e-09,                 0
          0,           0,         251,      -8.126736196,      -6.542644597,      -7.291788855,       -5.26713988,      -8.381752603,      -5.303217454,      -6.532390147,      -2.210304398,         100,      -4.031246698,             100,      -5.324198711,                6,      -6.652862378,    0.003458511024,      0.6958483008,               100,               100,               100,     0.07248936946,      0.3790079455,      -1.414381931,                 0,                 0,                 0,      -2.269840675,      0.3790079455,      -1.414381931,                 0,      -3.731800211,   -8.58964627e-11,   2.748436936e-09,                 0
          0,           0,         252,      -8.137532546,      -6.549539351,      -7.304355649,      -5.277936283,      -8.390311492,      -5.308471331,      -6.534435915,      -2.231613946,         100,      -3.966565331,             100,      -5.391961332,                6,      -6.631776231,    0.003459244355,      0.6958519473,               100,               100,               100,     0.07248936946,       0.379003559,      -1.414365719,                 0,                 0,                 0,      -2.269815264,       0.379003559,      -1.414365719,                 0,      -3.731800627,   -8.23578312e-11,   2.635217641e-09,                 0
          0,           0,         253,      -8.148094095,       -6.55634485,      -7.316757068,      -5.288497835,      -8.399277094,      -5.313693622,      -6.536600914,      -2.252719973,         100,       -3.95911785,             100,      -5.259733875,                6,      -6.610616734,    0.003441880825,       0.695855531,               100,               100,               100,     0.07248936946,      0.3789997727,      -1.414350953,                 0,                 0,                 0,      -2.269791074,      0.3789997727,      -1.414350953,                 0,      -3.731798949,  -5.736893854e-11,   2.606800105e-09,                 0
          0,           0,         254,      -8.158424538,      -6.563067429,      -7.328923018,      -5.298828266,      -8.408289235,      -5.318848667,      -6.538884122,      -2.273629458,         100,      -4.023308668,             100,      -5.559309267,                6,      -6.588831541,     0.00342015728,      0.6958590588,               100,               100,               100,     0.07248936946,      0.3789955528,      -1.414334769,                 0,                 0,                 0,      -2.269766254,      0.3789955528,      -1.414334769,                 0,      -3.731797797,  -6.231783424e-11,   2.465006055e-09,                 0
          0,           0,         255,      -8.168486287,      -6.569703947,      -7.340785804,      -5.308889904,      -8.415668911,      -5.323923588,      -6.541283725,      -2.294323318,         100,      -3.932950667,             100,      -5.411647066,                6,      -6.551217015,    0.003399839348,      0.6958625291,               100,               100,               100,     0.07248936946,      0.3789919282,      -1.414320632,                 0,                 0,                 0,      -2.269742982,      0.3789919282,      -1.414320632,                 0,      -3.731796186,  -6.424607613e-11,     2.4781895e-09,                 0
          0,           0,         256,      -8.178260725,      -6.576266578,      -7.352302989,      -5.318664288,      -8.424602432,      -5.328919551,      -6.543798048,      -2.314780118,         100,      -3.974697505,             100,      -5.490354846,                6,      -6.530889159,    0.003380863786,      0.6958659467,               100,               100,               100,     0.07248936946,      0.3789877956,      -1.414305537,                 0,                 0,                 0,      -2.269719325,      0.3789877956,      -1.414305537,                 0,       -3.73179705,  -6.578238223e-11,   2.439844162e-09,                 0
          0,           0,         257,      -8.187725429,      -6.582764965,      -7.363573239,      -5.328129002,      -8.434196795,      -5.333887632,      -6.546424771,      -2.335004159,         100,      -3.963561268,             100,      -5.497672567,                6,      -6.513962515,    0.003363169721,      0.6958693003,               100,               100,               100,     0.07248936946,      0.3789842907,       -1.41429183,                 0,                 0,                 0,      -2.269696865,      0.3789842907,       -1.41429183,                 0,      -3.731795392,  -8.689359601e-11,   2.641548476e-09,                 0
          0,           0,         258,      -8.196888425,      -6.589201498,      -7.374518876,       -5.33729204,      -8.444284835,      -5.338775568,        -6.5491618,      -2.354974995,         100,      -3.975359061,             100,      -5.069535004,                6,      -6.486531867,    0.003346698244,      0.6958725876,               100,               100,               100,     0.07248936946,      0.3789803605,      -1.414276701,                 0,                 0,                 0,      -2.269673785,      0.3789803605,      -1.414276701,                 0,      -3.731794173,  -9.240449185e-11,   2.775805738e-09,                 0
          0,           0,         259,      -8.205718797,      -6.595581285,      -7.385086589,      -5.346122436,      -8.452114275,      -5.343577603,      -6.552006439,      -2.374684114,         100,      -3.941291755,             100,      -5.440972156,                6,      -6.464378512,    0.003331391723,      0.6958758052,               100,               100,               100,     0.07248936946,      0.3789769909,      -1.414263682,                 0,                 0,                 0,      -2.269652254,      0.3789769909,      -1.414263682,                 0,      -3.731793001,  -8.913381057e-11,   2.523287082e-09,                 0
          0,           0,         260,       -8.21420561,      -6.601912084,      -7.395208447,      -5.354609192,       -8.46161404,      -5.348292786,      -6.554956296,      -2.394143413,         100,      -4.182805236,             100,      -5.241630712,                6,      -6.441915959,    0.003317195431,      0.6958789652,               100,               100,               100,     0.07248936946,      0.3789731719,      -1.414249616,                 0,                 0,                 0,      -2.269630302,      0.3789731719,      -1.414249616,                 0,      -3.731793489,  -8.460072069e-11,    2.65853614e-09,                 0
          0,           0,         261,      -8.222345566,      -6.608205567,       -7.40504546,      -5.362749144,      -8.471629289,      -5.352970142,      -6.558008549,      -2.413308918,         100,      -4.103509816,             100,      -5.471825946,                6,       -6.43074322,    0.003304055154,      0.6958820637,               100,               100,               100,     0.07248936946,      0.3789699517,      -1.414236982,                 0,                 0,                 0,       -2.26960955,      0.3789699517,      -1.414236982,                 0,      -3.731791864,  -9.627744454e-11,   2.707370874e-09,                 0
          0,           0,         262,      -8.230155313,      -6.614470828,      -7.414511172,      -5.370558985,      -8.481664489,      -5.357566786,       -6.56116071,      -2.432143975,         100,      -4.039510411,             100,      -5.513131407,                6,      -6.408245285,    0.003291917638,       0.695885108,               100,               100,               100,     0.07248936946,      0.3789662952,      -1.414222915,                 0,                 0,                 0,      -2.269588146,      0.3789662952,      -1.414222915,                 0,      -3.731790749,  -9.428413281e-11,   2.279467162e-09,                 0
          0,           0,         263,      -8.237627463,      -6.620710739,      -7.423542455,      -5.378031142,      -8.489278543,      -5.362070849,      -6.564409757,      -2.450654962,         100,      -3.873749636,             100,      -5.071150269,                6,      -6.390091553,    0.003280731405,      0.6958880968,               100,               100,               100,     0.07248936946,      0.3789632311,      -1.414210884,                 0,                 0,                 0,      -2.269568266,      0.3789632311,      -1.414210884,                 0,      -3.731789175,  -8.039240301e-11,   2.225382937e-09,                 0
          0,           0,         264,      -8.244750345,      -6.626934835,      -7.432102937,      -5.385154057,      -8.499018685,      -5.366486308,       -6.56775312,      -2.468864462,         100,      -4.114628314,             100,      -4.843320796,                6,      -6.366254165,    0.003270446175,      0.6958910351,               100,               100,               100,     0.07248936946,      0.3789596544,      -1.414197882,                 0,                 0,                 0,      -2.269547978,      0.3789596544,      -1.414197882,                 0,      -3.731790089,  -9.401428362e-11,   2.145562831e-09,                 0
          0,           0,         265,      -8.251555147,      -6.633159228,      -7.440384726,      -5.391958953,      -8.509546577,       -5.37087679,      -6.571187787,      -2.486673623,         100,      -3.961616147,             100,      -5.420252857,                6,       -6.34345218,    0.003261013652,      0.6958939118,               100,               100,               100,     0.07248936946,      0.3789567012,      -1.414186247,                 0,                 0,                 0,      -2.269528856,      0.3789567012,      -1.414186247,                 0,      -3.731788468,  -1.175479111e-10,   2.158241528e-09,                 0
          0,           0,         266,      -8.258055412,      -6.639385706,      -7.448299062,      -5.398459148,      -8.520635145,      -5.375184048,      -6.574711163,      -2.504148347,         100,      -4.035003841,             100,      -5.429689657,                6,      -6.318675314,    0.003252386005,      0.6958967242,               100,               100,               100,     0.07248936946,      0.3789533183,      -1.414173172,                 0,                 0,                 0,      -2.269509085,      0.3789533183,      -1.414173172,                 0,      -3.731787279,  -7.963572771e-11,   2.212946964e-09,                 0
          0,           0,         267,      -8.264263468,      -6.645617995,      -7.455814756,      -5.404667213,      -8.528381691,      -5.379408533,        -6.5783202,      -2.521184565,         100,      -3.911435608,             100,      -5.188416969,                6,      -6.282145762,    0.003244517181,      0.6958994692,               100,               100,               100,     0.07248936946,      0.3789504911,      -1.414162196,                 0,                 0,                 0,      -2.269490839,      0.3789504911,      -1.414162196,                 0,      -3.731786156,  -6.907245708e-11,   2.125731491e-09,                 0
          0,           0,         268,      -8.270183252,      -6.651865591,      -7.462870603,      -5.410586898,      -8.538264384,      -5.383553421,      -6.582012304,      -2.537750394,         100,      -4.083181902,             100,      -5.348659797,                6,      -6.258848379,    0.003237362485,      0.6959021589,               100,               100,               100,     0.07248936946,        0.37894721,      -1.414150154,                 0,                 0,                 0,      -2.269472143,        0.37894721,      -1.414150154,                 0,      -3.731786689,  -5.979028041e-11,   1.893780529e-09,                 0
          0,           0,         269,      -8.275846798,      -6.658142503,      -7.469723857,      -5.416250475,      -8.548702504,      -5.387681615,      -6.585784527,      -2.553865997,         100,      -4.140428768,             100,       -4.91485743,                6,      -6.234885853,    0.003230878765,      0.6959047894,               100,               100,               100,     0.07248936946,      0.3789445223,      -1.414139532,                 0,                 0,                 0,      -2.269454622,      0.3789445223,      -1.414139532,                 0,      -3.731785127,  -6.512077226e-11,   1.624594227e-09,                 0
          0,           0,         270,      -8.281289768,      -6.664448594,      -7.476273196,      -5.421693425,       -8.55892948,      -5.391749963,      -6.589634398,      -2.569518964,         100,      -3.989500121,             100,      -5.238992181,                6,      -6.217540361,     0.00322502369,      0.6959073681,               100,               100,               100,     0.07248936946,      0.3789413932,      -1.414127462,                 0,                 0,                 0,      -2.269436422,      0.3789413932,      -1.414127462,                 0,       -3.73178409,  -6.266367552e-11,   2.173891403e-09,                 0
          0,           0,         271,      -8.286531061,      -6.670789788,      -7.482471897,      -5.426934707,      -8.565569049,      -5.395748852,      -6.593558918,      -2.584701628,         100,      -4.147761127,             100,      -4.959561034,                6,      -6.190979941,    0.003219756269,      0.6959098943,               100,               100,               100,     0.07248936946,      0.3789388507,      -1.414117406,                 0,                 0,                 0,      -2.269419714,      0.3789388507,      -1.414117406,                 0,      -3.731782589,  -6.980039905e-11,   1.678387001e-09,                 0
          0,           0,         272,      -8.291586596,      -6.677170362,      -7.488302236,      -5.431990263,      -8.574897276,      -5.399691906,      -6.597555665,      -2.599398005,         100,      -4.167899736,             100,      -4.913291452,                6,      -6.163370165,    0.003215036949,      0.6959123731,               100,               100,               100,     0.07248936946,      0.3789357912,      -1.414106355,                 0,                 0,                 0,      -2.269402561,      0.3789357912,      -1.414106355,                 0,      -3.731783557,  -7.591693163e-11,   1.631884149e-09,                 0
          0,           0,         273,      -8.296464398,      -6.683607617,      -7.494012051,      -5.436867913,      -8.585156532,      -5.403657297,      -6.601621788,      -2.613555291,         100,      -3.987042354,             100,       -5.69703139,                6,      -6.135286554,    0.003210827804,      0.6959147942,               100,               100,               100,     0.07248936946,      0.3789333492,      -1.414096655,                 0,                 0,                 0,      -2.269386542,      0.3789333492,      -1.414096655,                 0,      -3.731782008,  -9.032169009e-11,   1.304277952e-09,                 0
          0,           0,         274,      -8.301226669,      -6.690093207,      -7.499514586,      -5.441630235,      -8.595963862,      -5.407583225,      -6.605754926,      -2.627169695,         100,      -4.015801147,             100,      -5.129150964,                6,      -6.105887741,    0.003207091759,      0.6959171556,               100,               100,               100,     0.07248936946,      0.3789304706,      -1.414085494,                 0,                 0,                 0,      -2.269369835,      0.3789304706,      -1.414085494,                 0,      -3.731780904,  -6.774586093e-11,   1.849200475e-09,                 0
          0,           0,         275,      -8.305876388,      -6.696629862,      -7.504772982,      -5.446280039,      -8.601807002,      -5.411473065,      -6.609952276,      -2.640183201,         100,      -4.009370507,             100,      -4.859834254,                6,      -6.078429061,    0.003203793582,       0.695919455,               100,               100,               100,     0.07248936946,      0.3789281407,      -1.414076398,                 0,                 0,                 0,      -2.269354604,      0.3789281407,      -1.414076398,                 0,      -3.731779844,  -4.257139995e-11,   2.087711045e-09,                 0
          0,           0,         276,      -8.310425789,      -6.703221918,      -7.509722262,      -5.450829353,      -8.610491059,       -5.41533463,      -6.614211566,      -2.652628961,         100,      -4.001081476,             100,      -5.030119097,                6,      -6.050357307,    0.003200899493,      0.6959217051,               100,               100,               100,     0.07248936946,      0.3789253489,      -1.414066205,                 0,                 0,                 0,      -2.269338871,      0.3789253489,      -1.414066205,                 0,      -3.731780441,   -2.56262418e-11,    2.02088345e-09,                 0
          0,           0,         277,      -8.314876504,      -6.709877061,      -7.514669711,      -5.455280129,      -8.619742676,      -5.419245391,       -6.61853014,       -2.66460552,         100,      -4.319496653,             100,      -5.121673752,                6,      -6.011510882,    0.003198376815,      0.6959239029,               100,               100,               100,     0.07248936946,      0.3789231421,      -1.414057398,                 0,                 0,                 0,      -2.269324257,      0.3789231421,      -1.414057398,                 0,      -3.731778929,   1.947085928e-12,   2.879998565e-09,                 0
          0,           0,         278,      -8.319294394,      -6.716587474,      -7.519496896,      -5.459697953,      -8.628552421,      -5.423156212,      -6.622905941,      -2.675977015,         100,      -4.008775873,             100,      -5.558418933,                7,       -6.44589427,     0.00319619488,      0.6959260563,               100,               100,               100,     0.07248936946,      0.3789204848,      -1.414047104,                 0,                 0,                 0,      -2.269308903,      0.3789204848,      -1.414047104,                 0,      -3.731777934,  -9.809792493e-12,   2.452373576e-09,                 0
          0,           0,         279,      -8.323667359,      -6.723360175,       -7.52413577,      -5.464070942,      -8.632212661,      -5.427058095,      -6.627336324,      -2.686765981,         100,      -4.045650938,             100,      -5.292578109,                7,      -6.412576568,    0.003194324272,      0.6959281651,               100,               100,               100,     0.07248936946,      0.3789184049,       -1.41403879,                 0,                 0,                 0,      -2.269294982,      0.3789184049,       -1.41403879,                 0,      -3.731776478,  -1.668383554e-11,   1.947009507e-09,                 0
          0,           0,         280,      -8.328003516,      -6.730186239,      -7.528549217,      -5.468407115,       -8.63957729,      -5.430965515,      -6.631819341,      -2.696988129,         100,      -4.037847502,             100,       -5.98059197,                7,      -6.423352441,    0.003192736987,       0.695930235,               100,               100,               100,     0.07248936946,      0.3789157967,      -1.414029448,                 0,                 0,                 0,      -2.269280556,      0.3789157967,      -1.414029448,                 0,      -3.731777509,  -1.237891808e-11,   2.491027439e-09,                 0
          0,           0,         281,      -8.332313003,      -6.737088073,      -7.533037857,       -5.47271659,      -8.648054473,      -5.434969511,      -6.636352599,      -2.706667558,         100,      -4.031712897,             100,      -5.476395804,                7,      -6.447388347,    0.003191406892,      0.6959322553,               100,               100,               100,     0.07248936946,      0.3789137957,      -1.414021414,                 0,                 0,                 0,      -2.269267199,      0.3789137957,      -1.414021414,                 0,      -3.731776012,  -1.039318577e-11,   2.795361111e-09,                 0
          0,           0,         282,      -8.336644816,      -6.744043111,       -7.53747168,      -5.477048423,      -8.657191777,      -5.438998064,      -6.640934216,      -2.715799226,         100,      -4.190901411,             100,      -5.434952533,                7,      -6.474026734,    0.003190309156,      0.6959342243,               100,               100,               100,     0.07248936946,       0.378911348,      -1.414011878,                 0,                 0,                 0,      -2.269253091,       0.378911348,      -1.414011878,                 0,      -3.731774955,  -2.053446408e-11,   2.261402923e-09,                 0
          0,           0,         283,      -8.340968616,      -6.751049041,      -7.541792163,       -5.48137227,      -8.659738537,      -5.443053163,      -6.645561796,      -2.724425556,         100,       -4.06558195,              53,      -6.023152769,                7,      -6.475565114,    0.003189420442,      0.6959361392,               100,               100,               100,     0.07248936946,      0.3789094389,      -1.414004377,                 0,                 0,                 0,      -2.269240404,      0.3789094389,      -1.414004377,                 0,       -3.73177396,  -1.552551854e-11,   1.998019516e-09,                 0
          0,           0,         284,      -8.345313744,        -6.7581145,      -7.545915197,      -5.485717383,      -8.666131511,      -5.447140513,      -6.650233528,      -2.732537901,         100,      -4.148525705,             100,      -5.715449941,                7,      -6.430918006,    0.003188718949,      0.6959380128,               100,               100,               100,     0.07248936946,      0.3789070576,      -1.413995748,                 0,                 0,                 0,      -2.269227161,      0.3789070576,      -1.413995748,                 0,      -3.731774638,  -2.899613037e-11,   2.279334165e-09,                 0
          0,           0,         285,      -8.349659146,      -6.765238827,      -7.550185821,      -5.490062819,      -8.673260094,      -5.451345598,        -6.6549474,      -2.740217201,         100,      -4.063218025,             100,      -5.696836245,                7,      -6.431290515,    0.003188184429,      0.6959398418,               100,               100,               100,     0.07248936946,      0.3789052518,      -1.413988469,                 0,                 0,                 0,      -2.269214982,      0.3789052518,      -1.413988469,                 0,      -3.731773213,  -3.700055864e-11,   2.305652326e-09,                 0
          0,           0,         286,       -8.35405515,      -6.772417688,      -7.554449266,      -5.494458777,      -8.679899777,      -5.455608364,       -6.65970189,      -2.747424587,         100,      -4.198065608,             100,      -5.602825809,                7,      -6.389796565,      0.0031877981,       0.695941634,               100,               100,               100,     0.07248936946,      0.3789029864,       -1.41397967,                 0,                 0,                 0,      -2.269202011,      0.3789029864,       -1.41397967,                 0,      -3.731772304,  -4.754837652e-11,    2.24031241e-09,                 0
          0,           0,         287,      -8.358480971,      -6.779636934,      -7.558606264,      -5.498884649,      -8.680204417,      -5.459914209,      -6.664494911,      -2.754148026,         100,      -4.164445594,             100,      -5.689475055,                7,      -6.377814934,    0.003187542579,      0.6959433891,               100,               100,               100,     0.07248936946,      0.3789012893,      -1.413972822,                 0,                 0,                 0,      -2.269190422,      0.3789012893,      -1.413972822,                 0,      -3.731770945,  -5.786620902e-11,   1.968502692e-09,                 0
          0,           0,         288,      -8.362909296,      -6.786901895,      -7.562603473,      -5.503312954,      -8.685336423,      -5.464274329,      -6.669325023,      -2.760533582,         100,      -4.133670663,             100,      -5.767425937,                7,      -6.366655369,    0.003187401894,       0.695945113,               100,               100,               100,     0.07248936946,      0.3788990556,      -1.413964913,                 0,                 0,                 0,      -2.269178277,      0.3788990556,      -1.413964913,                 0,      -3.731772071,  -7.186756981e-11,   1.832427115e-09,                 0
          0,           0,         289,      -8.367358464,      -6.794229291,      -7.566780791,      -5.507762099,      -8.692001438,      -5.468791327,      -6.674190351,      -2.766568541,         100,      -4.271038406,             100,       -5.41669306,                7,      -6.373922816,    0.003187361439,      0.6959467953,               100,               100,               100,     0.07248936946,      0.3788974205,      -1.413958279,                 0,                 0,                 0,      -2.269167147,      0.3788974205,      -1.413958279,                 0,      -3.731770666,  -4.708964574e-11,   1.942181511e-09,                 0
          0,           0,         290,      -8.371863297,      -6.801592828,      -7.570972338,      -5.512266972,      -8.699643743,      -5.473468901,      -6.679089609,      -2.772200236,         100,      -4.217859115,             100,      -5.705976037,                7,      -6.365888815,    0.003187407968,      0.6959484348,               100,               100,               100,     0.07248936946,      0.3788953299,      -1.413950108,                 0,                 0,                 0,      -2.269155211,      0.3788953299,      -1.413950108,                 0,      -3.731769692,  -6.268564591e-11,   2.016312215e-09,                 0
          0,           0,         291,      -8.376376748,      -6.808993271,      -7.575097496,      -5.516780403,      -8.699552007,      -5.478168141,      -6.684020908,      -2.777758851,         100,      -4.233497499,             100,      -5.942668582,                7,      -6.336802863,    0.003187529362,      0.6959500291,               100,               100,               100,     0.07248936946,      0.3788937687,      -1.413943936,                 0,                 0,                 0,      -2.269144636,      0.3788937687,      -1.413943936,                 0,      -3.731768778,  -4.344209982e-11,   1.995385276e-09,                 0
          0,           0,         292,      -8.380922122,      -6.816426488,      -7.579043763,      -5.521325762,      -8.704243373,      -5.482929907,      -6.688983021,      -2.783256822,         100,      -4.147503164,              36,      -6.013088425,                7,       -6.34024316,    0.003187714796,      0.6959515913,               100,               100,               100,     0.07248936946,      0.3788917266,      -1.413936596,                 0,                 0,                 0,      -2.269133444,      0.3788917266,      -1.413936596,                 0,      -3.731769518,  -4.119763976e-11,    1.98832446e-09,                 0
          0,           0,         293,      -8.385456974,      -6.823904997,      -7.583205521,      -5.525860649,      -8.710081927,      -5.487843075,      -6.693974272,      -2.788482691,         100,      -4.308828683,             100,      -5.648425164,                7,      -6.342329776,    0.003187954547,      0.6959531182,               100,               100,               100,     0.07248936946,      0.3788902504,      -1.413930569,                 0,                 0,                 0,      -2.269123256,      0.3788902504,      -1.413930569,                 0,      -3.731768152,  -2.740038798e-11,    1.92360656e-09,                 0
          0,           0,         294,      -8.390052769,      -6.831414094,      -7.587396585,      -5.530456409,      -8.715506982,      -5.492835481,      -6.698993615,      -2.793410987,         100,      -4.312342328,             100,      -5.506002706,                7,      -6.319772272,    0.003188239918,       0.695954618,               100,               100,               100,     0.07248936946,      0.3788883046,      -1.413922987,                 0,                 0,                 0,      -2.269112215,      0.3788883046,      -1.413922987,                 0,      -3.731767306,  -1.841478993e-11,    2.30040397e-09,                 0
          0,           0,         295,      -8.394654903,      -6.838942382,      -7.591490972,       -5.53505858,      -8.713780782,      -5.497886707,       -6.70403934,      -2.798051268,         100,      -4.272806272,             100,      -5.479852253,                7,      -6.332004649,     0.00318856327,      0.6959560901,               100,               100,               100,     0.07248936946,      0.3788869173,      -1.413917313,                 0,                 0,                 0,      -2.269102492,      0.3788869173,      -1.413917313,                 0,      -3.731765994,  -6.431439595e-12,    2.26639005e-09,                 0
          0,           0,         296,      -8.399260955,      -6.846495548,       -7.59542901,      -5.539664605,      -8.717896407,       -5.50300709,      -6.709110446,      -2.802491977,         100,      -4.321711725,             100,       -5.91089272,                7,      -6.324221382,    0.003188917821,      0.6959575401,               100,               100,               100,     0.07248936946,      0.3788849836,       -1.41391054,                 0,                 0,                 0,      -2.269092152,      0.3788849836,       -1.41391054,                 0,      -3.731767161,   1.380233242e-11,   2.249043389e-09,                 0
          0,           0,         297,      -8.403853105,       -6.85409234,      -7.599584764,      -5.544256733,      -8.724007074,      -5.508314776,      -6.714205449,       -2.80663506,         100,      -4.381445971,             100,      -5.866627705,                7,      -6.312574442,    0.003189297675,      0.6959589574,               100,               100,               100,     0.07248936946,      0.3788836392,      -1.413905008,                 0,                 0,                 0,      -2.269082772,      0.3788836392,      -1.413905008,                 0,      -3.731765804,    3.14315443e-11,   2.509043099e-09,                 0
          0,           0,         298,      -8.408488542,      -6.861707168,         -7.603775,      -5.548892114,         -8.731402,      -5.513701288,        -6.7193234,      -2.810646853,         100,      -4.402427242,             100,      -5.620056348,                7,      -6.309213358,    0.003189697715,      0.6959603402,               100,               100,               100,     0.07248936946,        0.37888183,      -1.413897909,                 0,                 0,                 0,      -2.269072533,        0.37888183,      -1.413897909,                 0,      -3.731764886,   3.230616955e-11,   2.366958257e-09,                 0
          0,           0,         299,       -8.41311941,      -6.869335582,      -7.607897445,         -5.553523,      -8.729997333,      -5.519158939,      -6.724462792,      -2.814558627,         100,      -4.283210192,             100,      -5.976017572,                7,      -6.300897794,    0.003190113569,      0.6959616857,               100,               100,               100,     0.07248936946,      0.3788805419,      -1.413892775,                 0,                 0,                 0,      -2.269063604,      0.3788805419,      -1.413892775,                 0,      -3.731764022,   3.476318559e-11,   2.329030052e-09,                 0
          0,           0,         300,      -8.417750135,      -6.876980837,      -7.611819691,      -5.558153808,      -8.734391694,      -5.524688887,      -6.729622716,      -2.818339024,         100,      -4.371915719,              35,      -6.047405809,                7,      -6.302981123,    0.003190541483,      0.6959630064,               100,               100,               100,     0.07248936946,      0.3788787642,      -1.413886446,                 0,                 0,                 0,      -2.269054014,      0.3788787642,      -1.413886446,                 0,      -3.731764827,   2.612558088e-11,   2.341864361e-09,                 0
          0,           0,         301,      -8.422358129,      -6.884658188,      -7.616005593,      -5.562761797,      -8.740184129,      -5.530402612,      -6.734801861,      -2.822133974,         100,      -4.225885471,             100,      -5.959573477,                7,      -6.302157819,    0.003190978291,      0.6959642989,               100,               100,               100,     0.07248936946,      0.3788775449,      -1.413881402,                 0,                 0,                 0,      -2.269045382,      0.3788775449,      -1.413881402,                 0,      -3.731763524,   2.153398071e-11,    2.35666886e-09,                 0
          0,           0,         302,      -8.426999944,       -6.89235603,      -7.620227656,      -5.567403513,      -8.745682962,      -5.536207423,      -6.739999457,      -2.825781162,         100,      -4.398146806,              36,      -6.041286233,                7,      -6.285644666,    0.003191421354,      0.6959655708,               100,               100,               100,     0.07248936946,       0.378875849,      -1.413874774,                 0,                 0,                 0,      -2.269035855,       0.378875849,      -1.413874774,                 0,      -3.731762735,   3.199402016e-11,   2.663541081e-09,                 0
          0,           0,         303,      -8.431638545,      -6.900054974,       -7.62434285,      -5.572042191,      -8.743059137,      -5.542072685,      -6.745214076,      -2.829330286,         100,      -4.513030807,              51,      -6.018839977,                7,      -6.282802876,    0.003190929202,      0.6959668215,               100,               100,               100,     0.07248936946,      0.3788747047,      -1.413870035,                 0,                 0,                 0,       -2.26902761,      0.3788747047,      -1.413870035,                 0,      -3.731761497,   3.427415594e-11,   2.617162456e-09,                 0
          0,           0,         304,      -8.436249701,      -6.907769221,      -7.628280121,      -5.576653346,      -8.747232065,      -5.548007091,      -6.750445018,       -2.83279674,         100,      -4.468424291,              32,      -6.000142368,                7,      -6.277079246,    0.003162120859,      0.6959680564,               100,               100,               100,     0.07248936946,      0.3788730075,      -1.413864173,                 0,                 0,                 0,       -2.26901871,      0.3788730075,      -1.413864173,                 0,      -3.731762741,    4.33296116e-11,   3.417687151e-09,                 0
          0,           0,         305,      -8.440824539,      -6.915523957,      -7.632479207,      -5.581228141,      -8.753780054,      -5.554153599,      -6.755691076,      -2.836287881,         100,      -4.404194976,             100,      -5.956227012,                7,      -6.276193368,    0.003134343363,      0.6959692646,               100,               100,               100,     0.07248936946,      0.3788718929,      -1.413859528,                 0,                 0,                 0,      -2.269010732,      0.3788718929,      -1.413859528,                 0,       -3.73176146,   1.379674008e-11,   3.801085298e-09,                 0
          0,           0,         306,      -8.445436118,      -6.923289601,      -7.636726509,      -5.585839715,      -8.761881707,       -5.56037485,      -6.760951621,      -2.839766432,         100,      -4.190568734,             100,      -5.727732958,                7,      -6.271764848,    0.003107577411,      0.6959704443,               100,               100,               100,     0.07248936946,      0.3788703072,      -1.413853292,                 0,                 0,                 0,      -2.269001858,      0.3788703072,      -1.413853292,                 0,      -3.731760618,   2.939501677e-12,    2.94893895e-09,                 0
          0,           0,         307,      -8.450022219,      -6.931066629,      -7.640906513,      -5.590425879,      -8.759921398,         -5.566658,      -6.766225361,      -2.843312651,         100,      -4.347761718,             100,      -5.818247451,                7,      -6.266031361,     0.00308180583,      0.6959715925,               100,               100,               100,     0.07248936946,      0.3788692361,      -1.413848997,                 0,                 0,                 0,      -2.268994256,      0.3788692361,      -1.413848997,                 0,      -3.731759832,   1.369362767e-12,   2.205244852e-09,                 0
          0,           0,         308,        -8.4545945,      -6.938847736,      -7.644858034,      -5.594998162,      -8.764666826,      -5.573002491,      -6.771511757,      -2.846920526,         100,      -4.280348086,             100,       -5.49774662,                7,      -6.269984705,    0.003057007669,      0.6959727219,               100,               100,               100,     0.07248936946,      0.3788676693,      -1.413843484,                 0,                 0,                 0,      -2.268985956,      0.3788676693,      -1.413843484,                 0,      -3.731760713,  -4.987023856e-12,   3.276803044e-09,                 0
          0,           0,         309,       -8.45910899,      -6.946666671,       -7.64912717,      -5.599512618,      -8.771055438,       -5.57954545,      -6.776809773,      -2.850529103,         100,      -4.290460569,             100,      -5.882583015,                7,      -6.268079545,    0.003033165059,      0.6959738288,               100,               100,               100,     0.07248936946,      0.3788666547,      -1.413839232,                 0,                 0,                 0,      -2.268978576,      0.3788666547,      -1.413839232,                 0,      -3.731759484,  -9.091188733e-13,   1.915985599e-09,                 0
          0,           0,         310,      -8.463669797,      -6.954506496,       -7.65345526,      -5.604073495,       -8.77713481,      -5.586171485,      -6.782118988,      -2.854181785,         100,      -4.256934933,             100,      -5.699476231,                7,      -6.268693703,    0.003010256336,      0.6959749209,               100,               100,               100,     0.07248936946,      0.3788651575,      -1.413833373,                 0,                 0,                 0,      -2.268970263,      0.3788651575,      -1.413833373,                 0,      -3.731758767,   6.328445393e-12,   1.789618786e-09,                 0
          0,           0,         311,      -8.468222659,      -6.962352883,      -7.657674811,      -5.608626287,      -8.773857586,      -5.592840824,      -6.787438207,       -2.85780508,         100,      -4.298984525,             100,      -5.681822824,                7,      -6.264625572,    0.002988262579,      0.6959759975,               100,               100,               100,     0.07248936946,      0.3788642057,      -1.413829379,                 0,                 0,                 0,      -2.268963195,      0.3788642057,      -1.413829379,                 0,      -3.731757599,   4.546123658e-12,   1.433324268e-09,                 0
          0,           0,         312,      -8.472725025,      -6.970209794,      -7.661690287,      -5.613128709,      -8.778394627,      -5.599562682,      -6.792767131,      -2.861649295,         100,      -4.325005435,             100,      -5.848402673,                7,      -6.261667591,    0.002967162992,       0.695977064,               100,               100,               100,     0.07248936946,      0.3788626952,      -1.413824238,                 0,                 0,                 0,      -2.268955434,      0.3788626952,      -1.413824238,                 0,      -3.731758908,   6.187287827e-12,   1.360574793e-09,                 0
          0,           0,         313,      -8.477205587,       -6.97812913,      -7.666039258,      -5.617609275,      -8.785686556,      -5.606517086,      -6.798104889,       -2.86528219,         100,      -4.485349903,             100,      -5.856155533,                7,      -6.266214422,    0.002946937283,      0.6959781093,               100,               100,               100,     0.07248936946,      0.3788617613,      -1.413820291,                 0,                 0,                 0,      -2.268948558,      0.3788617613,      -1.413820291,                 0,       -3.73175769,   5.154687705e-12,   1.476831568e-09,                 0
          0,           0,         314,       -8.48171413,      -6.986062289,      -7.670454853,      -5.622117773,      -8.794772484,       -5.61353093,      -6.803451184,       -2.86911774,         100,      -4.399549971,             100,      -5.528750881,                7,      -6.266692076,    0.002927562132,      0.6959791316,               100,               100,               100,     0.07248936946,      0.3788603505,      -1.413814732,                 0,                 0,                 0,       -2.26894075,      0.3788603505,      -1.413814732,                 0,      -3.731756913,   1.203514852e-11,   1.507882912e-09,                 0
          0,           0,         315,      -8.486211962,       -6.99401656,      -7.674814554,      -5.626615563,      -8.792177618,      -5.620586174,      -6.808805048,      -2.872926067,         100,      -4.396412563,              55,       -6.00037901,                7,      -6.264321293,    0.002909014115,      0.6959801275,               100,               100,               100,     0.07248936946,      0.3788594487,      -1.413811091,                 0,                 0,                 0,      -2.268934181,      0.3788594487,      -1.413811091,                 0,      -3.731756186,   1.203524985e-11,   1.600687226e-09,                 0
          0,           0,         316,      -8.490697969,      -7.001989108,      -7.678928687,      -5.631101604,      -8.797310444,      -5.627683085,      -6.814166315,      -2.876766264,         100,      -4.578182727,             100,       -5.53502321,                7,      -6.270206738,    0.002891268876,      0.6959811094,               100,               100,               100,     0.07248936946,      0.3788580457,      -1.413806211,                 0,                 0,                 0,      -2.268926879,      0.3788580457,      -1.413806211,                 0,      -3.731757124,     3.6191788e-12,   1.351156404e-09,                 0
          0,           0,         317,      -8.495136775,      -7.010018685,      -7.683434882,      -5.635540438,      -8.804345422,      -5.634997252,      -6.819534347,      -2.880771854,         100,      -4.337407261,             100,      -5.640819611,                7,      -6.271812899,    0.002874303904,      0.6959820735,               100,               100,               100,     0.07248936946,      0.3788571898,      -1.413802574,                 0,                 0,                 0,      -2.268920468,      0.3788571898,      -1.413802574,                 0,      -3.731755955,  -9.815558728e-12,   1.273702877e-09,                 0
          0,           0,         318,      -8.499638888,      -7.018086178,      -7.688032485,       -5.64004256,      -8.810980598,      -5.642380255,      -6.824909156,      -2.884811682,         100,      -4.408593705,             100,       -5.54581668,                7,      -6.270714175,    0.002858095189,      0.6959830274,               100,               100,               100,     0.07248936946,      0.3788558463,      -1.413797312,                 0,                 0,                 0,      -2.268913094,      0.3788558463,      -1.413797312,                 0,      -3.731755299,  -2.056590075e-11,   1.480991786e-09,                 0
          0,           0,         319,      -8.504151801,      -7.026169989,       -7.69252646,      -5.644555565,       -8.80658445,       -5.64978161,      -6.830289932,      -2.888889101,         100,      -4.242661574,             100,       -5.89778306,                7,      -6.275564748,    0.002842619513,      0.6959839699,               100,               100,               100,     0.07248936946,      0.3788550437,      -1.413793896,                 0,                 0,                 0,      -2.268906936,      0.3788550437,      -1.413793896,                 0,      -3.731754188,  -1.446786705e-11,   8.140625364e-10,                 0
          0,           0,         320,      -8.508626133,       -7.03428589,      -7.696809852,      -5.649029887,      -8.811422319,      -5.657213215,      -6.835676816,       -2.89308827,         100,      -4.514140528,             100,      -5.902393481,                7,      -6.278631116,    0.002827853356,      0.6959849063,               100,               100,               100,     0.07248936946,      0.3788536776,      -1.413789319,                 0,                 0,                 0,      -2.268900061,      0.3788536776,      -1.413789319,                 0,      -3.731755563,  -5.358384772e-12,   1.470307008e-09,                 0
          0,           0,         321,      -8.513101266,      -7.042495536,      -7.701512476,      -5.653504965,      -8.819341732,      -5.664911432,       -6.84106941,      -2.897353349,         100,      -4.405336238,              72,      -6.000269961,                7,      -6.282830574,    0.002813774183,      0.6959858254,               100,               100,               100,     0.07248936946,      0.3788528839,      -1.413785918,                 0,                 0,                 0,      -2.268894044,      0.3788528839,      -1.413785918,                 0,      -3.731754404,  -2.135014141e-11,   6.571770819e-10,                 0
          0,           0,         322,      -8.517629309,      -7.050741684,      -7.706320432,      -5.658032987,      -8.829385581,      -5.672650099,      -6.846467888,      -2.901668753,         100,      -4.335188719,              99,      -6.000840757,                7,      -6.288247364,    0.002800359973,      0.6959867251,               100,               100,               100,     0.07248936946,      0.3788516097,      -1.413780887,                 0,                 0,                 0,       -2.26888707,      0.3788516097,      -1.413780887,                 0,      -3.731753675,  -2.879002691e-11,   8.361246875e-10,                 0
          0,           0,         323,      -8.522168287,      -7.059026506,       -7.71108907,      -5.662571928,       -8.82588401,      -5.680407826,      -6.851871674,      -2.906091233,         100,      -4.477206149,             100,      -6.012097315,                7,       -6.29380482,    0.002787588533,      0.6959876021,               100,               100,               100,     0.07248936946,      0.3788508403,      -1.413777765,                 0,                 0,                 0,      -2.268881314,      0.3788508403,      -1.413777765,                 0,      -3.731753014,  -3.517421726e-11,   8.135147199e-10,                 0
          0,           0,         324,      -8.526723996,      -7.067351357,      -7.715598328,      -5.667127628,      -8.831072347,      -5.688184374,      -6.857281075,      -2.910595933,         100,      -4.315375846,             100,      -5.853400288,                7,      -6.299329941,    0.002775438184,      0.6959884685,               100,               100,               100,     0.07248936946,      0.3788495668,      -1.413773386,                 0,                 0,                 0,      -2.268874802,      0.3788495668,      -1.413773386,                 0,      -3.731753998,  -3.634195587e-11,   1.247655608e-09,                 0
          0,           0,         325,      -8.531259953,      -7.075773739,      -7.720594383,      -5.671663596,       -8.83859753,      -5.696207476,      -6.862695786,      -2.915253793,         100,      -4.337266099,             100,      -5.580114331,                7,      -6.305360794,     0.00276388767,      0.6959893205,               100,               100,               100,     0.07248936946,      0.3788488364,       -1.41377024,                 0,                 0,                 0,      -2.268869162,      0.3788488364,       -1.41377024,                 0,      -3.731752891,  -2.952379057e-11,    8.79081658e-10,                 0
          0,           0,         326,      -8.535894795,      -7.084258758,      -7.725725092,      -5.676298461,      -8.845475837,      -5.704283818,      -6.868116195,       -2.91995391,         100,      -4.359471475,             100,      -5.524202707,                7,      -6.311579004,    0.002752916167,      0.6959901653,               100,               100,               100,     0.07248936946,      0.3788476144,      -1.413765461,                 0,                 0,                 0,      -2.268862542,      0.3788476144,      -1.413765461,                 0,      -3.731752312,   -3.23313838e-11,   6.791994367e-10,                 0
          0,           0,         327,      -8.540565473,       -7.09278018,      -7.730758291,      -5.680969084,      -8.839786093,      -5.712346803,      -6.873541721,       -2.92476539,         100,      -4.395129311,             100,      -5.405880731,                7,      -6.317102782,    0.002742503035,      0.6959910017,               100,               100,               100,     0.07248936946,      0.3788469299,      -1.413762508,                 0,                 0,                 0,      -2.268857113,      0.3788469299,      -1.413762508,                 0,      -3.731751261,  -3.763448527e-11,   8.827800239e-10,                 0
          0,           0,         328,      -8.545243622,      -7.101360107,      -7.735582109,       -5.68564723,      -8.844412987,      -5.720416215,      -6.878972845,      -2.929620263,         100,      -4.577017583,             100,      -5.925507539,                7,      -6.327346805,    0.002732628496,      0.6959918348,               100,               100,               100,     0.07248936946,      0.3788456794,      -1.413758377,                 0,                 0,                 0,      -2.268850945,      0.3788456794,      -1.413758377,                 0,      -3.731752672,  -3.166238346e-11,   1.155000686e-09,                 0
          0,           0,         329,      -8.549932341,      -7.110081071,       -7.74091258,      -5.690335974,      -8.852795492,      -5.728801753,      -6.884409401,      -2.934612446,         100,      -4.333124596,             100,      -5.523431275,                7,      -6.338661995,    0.002723272839,      0.6959926533,               100,               100,               100,     0.07248936946,      0.3788449986,      -1.413755418,                 0,                 0,                 0,      -2.268845622,      0.3788449986,      -1.413755418,                 0,       -3.73175157,  -2.763895686e-11,   5.507790731e-10,                 0
          0,           0,         330,      -8.554732564,      -7.118867504,      -7.746403896,      -5.695136213,      -8.863566029,      -5.737209512,      -6.889851842,      -2.939703179,         100,      -4.436699628,             100,      -5.428764181,                7,      -6.346851113,    0.002714416888,      0.6959934553,               100,               100,               100,     0.07248936946,      0.3788438337,      -1.413750823,                 0,                 0,                 0,      -2.268839327,      0.3788438337,      -1.413750823,                 0,      -3.731750915,   -1.59601427e-11,   8.450720333e-10,                 0
          0,           0,         331,      -8.559575881,      -7.127714548,      -7.751865667,       -5.69997954,      -8.858431599,      -5.745610352,      -6.895299836,      -2.944879837,         100,       -4.43252573,              85,      -6.005030117,                7,      -6.358467473,    0.002706041963,      0.6959942373,               100,               100,               100,     0.07248936946,      0.3788431712,      -1.413748117,                 0,                 0,                 0,      -2.268834226,      0.3788431712,      -1.413748117,                 0,      -3.731750298,  -1.521398224e-11,   9.382943445e-10,                 0
          0,           0,         332,      -8.564462658,       -7.13662758,      -7.757036646,      -5.704866286,      -8.863553572,      -5.754006895,       -6.90075398,      -2.950122301,         100,      -4.534210467,             100,      -5.510431466,                7,      -6.370740765,    0.002698129909,      0.6959950117,               100,               100,               100,     0.07248936946,      0.3788420014,      -1.413744143,                 0,                 0,                 0,       -2.26882835,      0.3788420014,      -1.413744143,                 0,      -3.731751331,  -1.149656174e-11,   9.307431069e-10,                 0
          0,           0,         333,      -8.569366143,       -7.14568549,      -7.762823431,      -5.709769814,      -8.871316818,      -5.762712104,      -6.906214204,      -2.955441492,         100,      -4.484946259,             100,      -5.592861267,                7,      -6.382465734,     0.00269066267,      0.6959957745,               100,               100,               100,     0.07248936946,      0.3788413722,      -1.413741388,                 0,                 0,                 0,      -2.268823326,      0.3788413722,      -1.413741388,                 0,      -3.731750257,  -3.667341433e-13,   1.017081328e-09,                 0
          0,           0,         334,      -8.574420578,      -7.154842477,      -7.768795384,      -5.714824203,       -8.87842465,      -5.771470693,      -6.911681182,      -2.960870774,         100,      -4.380365224,             100,      -5.637474461,                7,       -6.39709712,     0.00268362282,      0.6959965331,               100,               100,               100,     0.07248936946,      0.3788402489,      -1.413736986,                 0,                 0,                 0,        -2.2688173,      0.3788402489,      -1.413736986,                 0,      -3.731749701,   1.555967207e-12,   1.027902242e-09,                 0
          0,           0,         335,       -8.57954519,      -7.164059316,      -7.774667739,      -5.719948799,      -8.870655946,      -5.780186838,      -6.917154434,      -2.966413815,         100,      -4.539021965,             100,      -5.296380844,                7,       -6.40624205,    0.002676993199,      0.6959972863,               100,               100,               100,     0.07248936946,      0.3788396604,      -1.413734402,                 0,                 0,                 0,       -2.26881245,      0.3788396604,      -1.413734402,                 0,      -3.731748678,  -7.881667786e-12,   1.214473359e-09,                 0
          0,           0,         336,      -8.584715847,      -7.173361959,      -7.780292172,      -5.725119473,       -8.87517841,      -5.788889719,      -6.922634771,      -2.972047232,         100,      -4.288468206,             100,      -5.030757857,                7,      -6.424889305,    0.002670757187,       0.695998039,               100,               100,               100,     0.07248936946,      0.3788385024,      -1.413730632,                 0,                 0,                 0,      -2.268806846,      0.3788385024,      -1.413730632,                 0,      -3.731750133,  -2.378262506e-12,   1.106470078e-09,                 0
          0,           0,         337,      -8.589928988,      -7.182874308,      -7.786567261,       -5.73033266,      -8.883856091,      -5.798009987,       -6.92812219,      -2.977769873,         100,      -4.389012414,             100,      -5.770070164,                7,      -6.443518144,    0.002664898609,      0.6959987798,               100,               100,               100,     0.07248936946,      0.3788379112,      -1.413728019,                 0,                 0,                 0,      -2.268802067,      0.3788379112,      -1.413728019,                 0,      -3.731749061,   1.056837626e-11,   7.028289941e-10,                 0
          0,           0,         338,      -8.595315341,      -7.192474066,      -7.793052544,      -5.735718948,      -8.895317736,      -5.807143285,      -6.933617427,      -2.983590936,         100,      -4.334297103,             100,      -5.898248925,                7,      -6.460352548,    0.002659401063,       0.695999506,               100,               100,               100,     0.07248936946,      0.3788368336,      -1.413723758,                 0,                 0,                 0,        -2.2687963,      0.3788368336,      -1.413723758,                 0,      -3.731748429,  -1.666334623e-11,    1.47946127e-09,                 0
          0,           0,         339,      -8.600774712,      -7.202168172,      -7.799519919,      -5.741178322,      -8.888257039,      -5.816242765,        -6.9391201,      -2.989626409,         100,      -4.649572096,             100,      -5.699758773,                7,      -6.475842415,    0.002654249121,      0.6960002139,               100,               100,               100,     0.07248936946,      0.3788362562,      -1.413721385,                 0,                 0,                 0,      -2.268791721,      0.3788362562,      -1.413721385,                 0,       -3.73174785,  -1.560180383e-11,   1.475181647e-09,                 0
          0,           0,         340,      -8.606324603,      -7.211953736,      -7.805630166,       -5.74672821,      -8.893324454,      -5.825317992,      -6.944630999,      -2.995680724,         100,      -4.383739407,             100,      -5.858851379,                7,       -6.48827751,    0.002649427637,      0.6960009155,               100,               100,               100,     0.07248936946,      0.3788351692,      -1.413717742,                 0,                 0,                 0,      -2.268786361,      0.3788351692,      -1.413717742,                 0,      -3.731748941,  -7.230587599e-12,   8.564002969e-10,                 0
          0,           0,         341,      -8.611920893,       -7.22194765,      -7.812532924,      -5.752324482,      -8.901215496,      -5.834807056,      -6.950150137,      -3.001792756,         100,      -4.444660479,             100,      -5.903157625,                7,      -6.512817409,    0.002644921865,      0.6960016064,               100,               100,               100,     0.07248936946,      0.3788346214,      -1.413715312,                 0,                 0,                 0,      -2.268781845,      0.3788346214,      -1.413715312,                 0,      -3.731747923,   -1.13128275e-11,   1.783944914e-09,                 0
          0,           0,         342,      -8.617726093,      -7.232070285,      -7.819671486,      -5.758129731,      -8.908435965,      -5.844349681,      -6.955678408,      -3.008000926,         100,       -4.64785343,             100,      -5.649762394,                7,      -6.533956757,    0.002640717321,      0.6960022936,               100,               100,               100,     0.07248936946,      0.3788335787,      -1.413711228,                 0,                 0,                 0,      -2.268776324,      0.3788335787,      -1.413711228,                 0,      -3.731747415,  -7.465022146e-13,   9.298892528e-10,                 0
          0,           0,         343,      -8.623651495,      -7.242273331,      -7.826698319,      -5.764055186,      -8.898674474,      -5.853813959,      -6.961215296,      -3.014268484,         100,       -4.60082869,             100,       -5.47205852,                7,      -6.543638301,    0.002636799911,       0.696002976,               100,               100,               100,     0.07248936946,        0.37883307,      -1.413708966,                 0,                 0,                 0,      -2.268771978,        0.37883307,      -1.413708966,                 0,      -3.731746456,  -9.551209516e-12,   6.712614167e-10,                 0
          0,           0,         344,      -8.629656793,      -7.252596024,      -7.833412483,      -5.770060486,      -8.902832951,      -5.863240063,      -6.966761791,      -3.020647277,         100,      -4.569870468,              35,      -6.020168453,                7,      -6.533819562,    0.002633155861,      0.6960036584,               100,               100,               100,     0.07248936946,      0.3788319917,      -1.413705515,                 0,                 0,                 0,      -2.268766874,      0.3788319917,      -1.413705515,                 0,      -3.731747968,  -2.613027668e-12,   8.321656771e-10,                 0
          0,           0,         345,      -8.635745054,      -7.263202842,      -7.840955871,      -5.776148719,      -8.911795362,      -5.873233238,      -6.972317947,      -3.027193048,         100,      -4.546275516,             100,      -5.953594788,                7,       -6.59547437,     0.00262977209,      0.6960043295,               100,               100,               100,     0.07248936946,      0.3788314796,      -1.413703219,                 0,                 0,                 0,      -2.268762592,      0.3788314796,      -1.413703219,                 0,      -3.731746951,   6.020040498e-12,   1.676392062e-09,                 0
          0,           0,         346,        -8.6420605,      -7.273925536,      -7.848772599,      -5.782464203,      -8.923927194,      -5.883225945,      -6.977884517,      -3.033782453,         100,       -4.50144425,             100,      -5.775438056,                7,      -6.620327949,    0.002626635353,      0.6960049872,               100,               100,               100,     0.07248936946,      0.3788304804,       -1.41369927,                 0,                 0,                 0,      -2.268757316,      0.3788304804,       -1.41369927,                 0,      -3.731746368,   1.894851258e-11,   2.390648629e-09,                 0
          0,           0,         347,      -8.648504129,      -7.284770377,      -7.856572234,      -5.788907751,      -8.915051506,      -5.893153317,      -6.983461065,      -3.040436466,         100,      -4.620399561,              86,      -6.000667254,                7,      -6.641315038,    0.002623733041,      0.6960056279,               100,               100,               100,     0.07248936946,      0.3788299806,        -1.4136972,                 0,                 0,                 0,      -2.268753217,      0.3788299806,        -1.4136972,                 0,      -3.731745829,   1.301832504e-11,   1.643431909e-09,                 0
          0,           0,         348,      -8.655076071,      -7.295733174,      -7.863901362,      -5.795479744,      -8.919858934,      -5.903020651,      -6.989048495,      -3.046622173,         100,      -4.559595264,             100,       -5.71641015,                7,      -6.668093665,    0.002621053106,      0.6960062639,               100,               100,               100,     0.07248936946,      0.3788289702,      -1.413693853,                 0,                 0,                 0,      -2.268748325,      0.3788289702,      -1.413693853,                 0,      -3.731746947,   1.342783289e-11,    1.06645845e-09,                 0
          0,           0,         349,      -8.661724949,      -7.306975553,      -7.872251979,      -5.802128631,      -8.927958278,      -5.913456133,      -6.994646789,      -3.054094075,         100,      -4.698388034,              67,      -6.004862871,                7,      -6.643220815,    0.002618583484,       0.696006891,               100,               100,               100,     0.07248936946,      0.3788284977,      -1.413691712,                 0,                 0,                 0,      -2.268744266,      0.3788284977,      -1.413691712,                 0,      -3.731745949,   1.575130683e-11,   1.314149471e-09,                 0
          0,           0,         350,      -8.668652402,       -7.31838883,      -7.880914957,      -5.809056103,       -8.93527859,      -5.923948496,       -7.00025688,      -3.061137251,         100,      -4.518178873,             100,      -5.737367729,                7,      -6.709626303,     0.00261631282,      0.6960075165,               100,               100,               100,     0.07248936946,      0.3788275285,      -1.413687909,                 0,                 0,                 0,      -2.268739189,      0.3788275285,      -1.413687909,                 0,      -3.731745459,  -1.776432744e-12,   8.004836505e-10,                 0
          0,           0,         351,      -8.675752976,       -7.32989865,      -7.889423887,      -5.816156665,      -8.923285797,      -5.934302359,      -7.005878055,      -3.068198609,         100,      -4.632005531,             100,      -5.797003695,                6,      -6.000644607,    0.002614229783,      0.6960081389,               100,               100,               100,     0.07248936946,      0.3788270916,      -1.413685918,                 0,                 0,                 0,      -2.268735272,      0.3788270916,      -1.413685918,                 0,      -3.731744507,   6.592277221e-12,   1.156868108e-09,                 0
          0,           0,         352,      -8.682958218,       -7.34154176,       -7.89748361,      -5.823361918,      -8.927377859,      -5.944570923,      -7.011511341,      -3.075357394,         100,      -4.663024799,              98,      -6.005821426,                6,      -6.004644883,    0.002612323765,      0.6960087631,               100,               100,               100,     0.07248936946,      0.3788260825,      -1.413682732,                 0,                 0,                 0,      -2.268730586,      0.3788260825,      -1.413682732,                 0,      -3.731746037,   1.494075591e-11,   1.261478825e-09,                 0
          0,           0,         353,      -8.690287466,      -7.353588326,      -7.906659517,      -5.830691146,       -8.93668062,      -5.955646268,      -7.017156667,      -3.082631418,         100,      -4.721498536,              82,      -6.017444412,                6,      -6.008099852,    0.002610584401,      0.6960093775,               100,               100,               100,     0.07248936946,      0.3788256381,      -1.413680692,                 0,                 0,                 0,      -2.268726709,      0.3788256381,      -1.413680692,                 0,       -3.73174503,   3.647872688e-11,   3.635540162e-09,                 0
          0,           0,         354,      -8.697912656,      -7.365766798,      -7.916182092,      -5.838316356,      -8.949632627,      -5.966692542,      -7.022814762,      -3.090015806,         100,      -4.688745622,              82,      -6.007292534,                6,      -6.011659609,    0.002609001719,      0.6960099794,               100,               100,               100,     0.07248936946,      0.3788247054,      -1.413676991,                 0,                 0,                 0,      -2.268721829,      0.3788247054,      -1.413676991,                 0,      -3.731744449,   9.363188706e-12,   9.304870111e-10,                 0
          0,           0,         355,      -8.705707825,      -7.378090092,      -7.925665016,      -5.846111576,      -8.939274831,      -5.977619056,      -7.028484937,      -3.097485593,         100,      -4.681296455,             100,      -5.901219928,                6,      -6.013088934,    0.002607566064,       0.696010565,               100,               100,               100,     0.07248936946,      0.3788242706,      -1.413675173,                 0,                 0,                 0,      -2.268718125,      0.3788242706,      -1.413675173,                 0,      -3.731743933,    3.27654832e-12,   6.687540191e-10,                 0
          0,           0,         356,      -8.713684166,      -7.390549105,      -7.934477824,      -5.854087875,      -8.943889615,      -5.988425903,      -7.034168126,      -3.105046468,         100,       -4.71589656,              69,      -6.002527616,                6,      -6.016175832,    0.002606268073,      0.6960111461,               100,               100,               100,     0.07248936946,       0.378823325,      -1.413672073,                 0,                 0,                 0,      -2.268713626,       0.378823325,      -1.413672073,                 0,      -3.731745065,    1.24974821e-11,   1.879758011e-09,                 0
          0,           0,         357,      -8.721755547,      -7.403381359,      -7.944650387,      -5.862159241,      -8.952374346,      -6.000029699,       -7.03986413,      -3.112725008,         100,      -4.711206264,             100,      -5.983142815,                6,      -6.018977258,    0.002605099011,      0.6960117182,               100,               100,               100,     0.07248936946,      0.3788229164,      -1.413670184,                 0,                 0,                 0,      -2.268709962,      0.3788229164,      -1.413670184,                 0,      -3.731744101,    4.78734016e-12,   9.578888713e-10,                 0
          0,           0,         358,      -8.730197691,      -7.416428538,      -7.955236574,      -5.870601398,      -8.959802023,      -6.011696234,      -7.045573913,      -3.120507827,         100,      -4.685635523,             100,      -5.858408433,                6,      -6.019954021,    0.002604050231,      0.6960122883,               100,               100,               100,     0.07248936946,      0.3788220108,      -1.413666638,                 0,                 0,                 0,      -2.268705285,      0.3788220108,      -1.413666638,                 0,      -3.731743662,  -5.871963738e-13,   5.781852982e-10,                 0
          0,           0,         359,      -8.738865852,      -7.429562957,       -7.96557351,      -5.879269579,      -8.946290816,      -6.023123152,      -7.051296295,       -3.12802424,         100,      -4.529764247,             100,      -5.935525748,                6,      -6.021169908,    0.002603113584,      0.6960128546,               100,               100,               100,     0.07248936946,      0.3788216375,        -1.4136649,                 0,                 0,                 0,       -2.26870177,      0.3788216375,        -1.4136649,                 0,      -3.731742751,  -9.176813697e-12,   9.786556269e-10,                 0
          0,           0,         360,      -8.747669409,      -7.442847169,      -7.975252976,      -5.888073076,      -8.950028847,      -6.034385937,      -7.057032351,       -3.13640009,         100,      -4.746324895,             100,      -5.843200658,                6,      -6.024928371,    0.002602281376,       0.696013422,               100,               100,               100,     0.07248936946,      0.3788206936,      -1.413661965,                 0,                 0,                 0,      -2.268697488,      0.3788206936,      -1.413661965,                 0,      -3.731744302,  -1.974632477e-12,   6.981521637e-10,                 0
          0,           0,         361,      -8.756620807,      -7.456687424,      -7.986431748,      -5.897024452,       -8.95989511,      -6.046800467,      -7.062781812,      -3.144547818,         100,       -4.76527021,             100,       -6.00207201,                6,      -6.026562067,    0.002601546136,       0.696013979,               100,               100,               100,     0.07248936946,      0.3788203148,      -1.413660185,                 0,                 0,                 0,      -2.268694023,      0.3788203148,      -1.413660185,                 0,      -3.731743335,   5.886260778e-12,   1.486009669e-09,                 0
          0,           0,         362,      -8.765970859,       -7.47067565,      -7.998086902,      -5.906374498,      -8.973806213,      -6.059153205,      -7.068545304,      -3.152135971,         100,      -4.799802835,             100,      -5.873811519,                6,      -6.031161708,    0.002600900842,      0.6960145233,               100,               100,               100,     0.07248936946,      0.3788194479,      -1.413656751,                 0,                 0,                 0,      -2.268689561,      0.3788194479,      -1.413656751,                 0,      -3.731742809,  -4.503362988e-12,   6.737609932e-10,                 0
          0,           0,         363,      -8.775533706,      -7.484811067,      -8.009629652,      -5.915937305,      -8.961636029,      -6.071272881,      -7.074321724,      -3.161040489,         100,      -4.766028621,             100,      -6.009926419,                6,      -6.034142167,    0.002600338734,      0.6960150514,               100,               100,               100,     0.07248936946,      0.3788190796,      -1.413655191,                 0,                 0,                 0,      -2.268686269,      0.3788190796,      -1.413655191,                 0,       -3.73174232,   -1.46681091e-11,   5.842312036e-10,                 0
          0,           0,         364,      -8.785322067,       -7.49907254,      -8.020117052,      -5.925725674,      -8.966366205,      -6.083155707,      -7.080111975,       -3.16952338,         100,      -4.574059798,              67,      -6.024351572,                6,      -6.039421535,    0.002599853551,      0.6960155752,               100,               100,               100,     0.07248936946,      0.3788182001,      -1.413652348,                 0,                 0,                 0,       -2.26868218,      0.3788182001,      -1.413652348,                 0,      -3.731743479,  -2.765921743e-12,   1.106251695e-09,                 0
          0,           0,         365,      -8.795214571,      -7.513853261,       -8.03255617,      -5.935618232,      -8.975380719,      -6.096235754,      -7.085915555,      -3.178074505,         100,      -4.823050973,              67,      -6.014402103,                6,      -6.046759927,     0.00259943927,      0.6960160908,               100,               100,               100,     0.07248936946,      0.3788178579,      -1.413650709,                 0,                 0,                 0,      -2.268678918,      0.3788178579,      -1.413650709,                 0,      -3.731742525,  -1.306422526e-11,   6.114608738e-10,                 0
          0,           0,         366,      -8.805602504,      -7.528883404,      -8.045556091,      -5.946006169,      -8.983447108,      -6.109360815,      -7.091733318,      -3.186785211,         100,      -4.775612992,             100,       -5.96088154,                6,      -6.053010501,    0.002599090158,      0.6960166053,               100,               100,               100,     0.07248936946,       0.378817018,      -1.413647408,                 0,                 0,                 0,      -2.268674634,       0.378817018,      -1.413647408,                 0,      -3.731742083,  -1.647310242e-11,   7.473995312e-10,                 0
          0,           0,         367,      -8.816264275,      -7.543944597,      -8.058099567,      -5.956667956,      -8.967791247,      -6.122055684,      -7.097563627,      -3.195553503,         100,      -4.685863073,             100,      -5.996743366,                6,      -6.065171101,    0.002598800798,      0.6960171173,               100,               100,               100,     0.07248936946,      0.3788167098,      -1.413645912,                 0,                 0,                 0,      -2.268671505,      0.3788167098,      -1.413645912,                 0,      -3.731741172,  -1.722685184e-11,   8.538704756e-10,                 0
          0,           0,         368,      -8.827079899,      -7.559130939,      -8.069506348,       -5.96748359,      -8.971888249,      -6.134417917,      -7.103407476,      -3.204439211,         100,      -4.683167769,              83,      -6.016486347,                6,      -6.079176478,    0.002598566221,      0.6960176316,               100,               100,               100,     0.07248936946,      0.3788158289,      -1.413643218,                 0,                 0,                 0,      -2.268667603,      0.3788158289,      -1.413643218,                 0,      -3.731742737,  -1.593449657e-11,   5.538722845e-10,                 0
          0,           0,         369,      -8.838054319,      -7.575154891,      -8.083165333,      -5.978458039,      -8.982545203,      -6.148572912,      -7.109264293,      -3.212709299,         100,      -4.807530193,             100,      -6.013572706,                6,      -6.101461298,    0.002598381691,      0.6960181365,               100,               100,               100,     0.07248936946,      0.3788155119,       -1.41364167,                 0,                 0,                 0,      -2.268664508,      0.3788155119,       -1.41364167,                 0,      -3.731741772,  -8.455475063e-12,   6.186738811e-10,                 0
          0,           0,         370,       -8.84955283,      -7.591283573,      -8.097454517,      -5.989956503,      -8.997811685,      -6.162543624,      -7.115134524,      -3.222505288,         100,      -4.694804168,             100,      -5.490118586,                6,      -6.111318464,    0.002598242702,      0.6960186291,               100,               100,               100,     0.07248936946,      0.3788147059,       -1.41363846,                 0,                 0,                 0,      -2.268660408,      0.3788147059,       -1.41363846,                 0,       -3.73174124,  -3.595606306e-12,   1.121309904e-09,                 0
          0,           0,         371,      -8.861298669,      -7.607522259,      -8.111462418,      -6.001702345,      -8.983824615,      -6.176072342,      -7.121016525,      -3.231785557,         100,      -4.727529559,             100,      -5.907659202,                6,      -6.147304829,    0.002598145061,      0.6960191056,               100,               100,               100,     0.07248936946,      0.3788143978,      -1.413637129,                 0,                 0,                 0,       -2.26865748,      0.3788143978,      -1.413637129,                 0,      -3.731740761,  -1.979433402e-11,   1.660215944e-09,                 0
          0,           0,         372,      -8.873316478,      -7.623821031,      -8.123617349,      -6.013720131,      -8.989140741,      -6.189127743,      -7.126911094,      -3.241084107,         100,      -4.747741097,              82,      -6.003633948,                6,       -6.17156155,    0.002598085043,      0.6960195776,               100,               100,               100,     0.07248936946,      0.3788135775,      -1.413634519,                 0,                 0,                 0,      -2.268653758,      0.3788135775,      -1.413634519,                 0,      -3.731741952,  -1.608038106e-11,   9.143490844e-10,                 0
          0,           0,         373,      -8.885400166,      -7.640876974,      -8.138820518,      -6.025803838,      -8.998926887,       -6.20406682,       -7.13281732,      -3.250508386,         100,      -4.765921742,              98,      -6.002887018,                6,       -6.21306959,    0.002598059056,      0.6960200407,               100,               100,               100,     0.07248936946,      0.3788132944,      -1.413633114,                 0,                 0,                 0,      -2.268650868,      0.3788132944,      -1.413633114,                 0,       -3.73174103,  -1.205187409e-11,   6.630794144e-10,                 0
          0,           0,         374,       -8.89815221,      -7.658204805,       -8.15480371,      -6.038555922,      -9.007836487,      -6.218986033,      -7.138735942,      -3.260034397,         100,      -4.720462969,              50,      -6.009184179,                6,      -6.254286195,    0.002598063684,      0.6960205017,               100,               100,               100,     0.07248936946,      0.3788125146,      -1.413630046,                 0,                 0,                 0,       -2.26864696,      0.3788125146,      -1.413630046,                 0,      -3.731740615,  -6.031523143e-12,   6.677897342e-10,                 0
          0,           0,         375,      -8.911232745,      -7.675398257,      -8.169894027,      -6.051636425,       -8.99062603,      -6.233102073,      -7.144664609,      -3.269635302,         100,      -4.777241529,              65,      -6.004064533,                6,      -6.330451611,    0.002598095881,      0.6960209591,               100,               100,               100,     0.07248936946,      0.3788122668,      -1.413628795,                 0,                 0,                 0,      -2.268644218,      0.3788122668,      -1.413628795,                 0,      -3.731739752,  -2.857171369e-12,   9.453757934e-10,                 0
          0,           0,         376,      -8.924460569,       -7.69261327,       -8.18290687,      -6.064864229,      -8.994739983,      -6.246559275,       -7.15060425,      -3.279365406,         100,      -4.817061875,             100,      -5.640950441,                6,      -6.389198692,    0.002598152731,      0.6960214177,               100,               100,               100,     0.07248936946,      0.3788114484,      -1.413626345,                 0,                 0,                 0,      -2.268640707,      0.3788114484,      -1.413626345,                 0,      -3.731741347,  -9.071400495e-13,   5.703065139e-10,                 0
          0,           0,         377,      -8.937823738,      -7.711142856,      -8.199479454,      -6.078227454,      -9.006551789,      -6.262887841,      -7.156553854,      -3.289199673,         100,      -4.851126849,             100,      -5.943638903,                6,      -6.439563411,    0.002598231518,      0.6960218662,               100,               100,               100,     0.07248936946,      0.3788111947,      -1.413625047,                 0,                 0,                 0,      -2.268638011,      0.3788111947,      -1.413625047,                 0,       -3.73174042,   1.429486718e-12,    9.23099193e-10,                 0
          0,           0,         378,      -8.951892848,      -7.729660357,       -8.21698742,      -6.092296587,      -9.023467949,      -6.278834759,      -7.162513664,      -3.298367458,         100,      -4.769755816,             100,      -5.596628182,                6,      -6.506474983,    0.002598329928,      0.6960223022,               100,               100,               100,     0.07248936946,      0.3788104523,      -1.413622093,                 0,                 0,                 0,      -2.268634314,      0.3788104523,      -1.413622093,                 0,      -3.731739936,   1.441423338e-11,   1.038670642e-09,                 0
          0,           0,         379,      -8.966234034,      -7.748141217,       -8.23382682,       -6.10663775,      -9.008023339,      -6.293905789,      -7.168481331,      -3.309059196,         100,       -4.77625938,             100,      -5.460191078,                6,      -6.534911446,    0.002598445657,      0.6960227221,               100,               100,               100,     0.07248936946,      0.3788102081,       -1.41362101,                 0,                 0,                 0,      -2.268631785,      0.3788102081,       -1.41362101,                 0,      -3.731739484,   9.202196898e-12,   8.003825692e-10,                 0
          0,           0,         380,      -8.980875414,      -7.766472492,      -8.247232449,      -6.121279163,      -9.013523914,      -6.308052017,      -7.174457551,      -3.319214625,         100,      -4.804098097,             100,      -5.421578669,                6,      -6.539429895,    0.002598576634,      0.6960231381,               100,               100,               100,     0.07248936946,      0.3788094524,      -1.413618642,                 0,                 0,                 0,      -2.268628455,      0.3788094524,      -1.413618642,                 0,      -3.731740675,   1.637546465e-11,   9.146732315e-10,                 0
          0,           0,         381,      -8.995483529,      -7.785978305,      -8.265664341,      -6.135887261,      -9.024494774,      -6.325268923,      -7.180440886,       -3.32940744,         100,      -4.792632302,             100,       -5.45546197,                6,      -6.511784031,    0.002598721016,       0.696023546,               100,               100,               100,     0.07248936946,      0.3788092336,      -1.413617478,                 0,                 0,                 0,      -2.268625952,      0.3788092336,      -1.413617478,                 0,      -3.731739758,   1.018659657e-11,   7.567766378e-10,                 0
          0,           0,         382,      -9.011029194,      -7.805739237,      -8.285333714,      -6.151432944,      -9.034309384,      -6.342360469,      -7.186431963,      -3.339663733,         100,      -4.754331175,             100,      -5.733761903,                6,      -6.471665537,    0.002598877136,      0.6960239531,               100,               100,               100,     0.07248936946,      0.3788085169,      -1.413614651,                 0,                 0,                 0,      -2.268622425,      0.3788085169,      -1.413614651,                 0,      -3.731739355,   9.236910743e-12,   7.364623689e-10,                 0
