Force Coefficients for group 1 --> /home/liukushka/Desktop/Università/Magistrale/ProgettoAerodinamico/progettoAerodinamico/Pythonism/automatizzazioneVSP/analysisOutputCoordinate_X_secondary_wing/Coordinate_X_secondary_wing_0.06666666666666665/geometry_Coordinate_X_secondary_wing_0.06666666666666665_DegenGeom 

   Time        Cx         Cy         Cz        Cxo        Cyo        Czo        Cxi        Cyi        Czi        Cmx        Cmy        Cmz        Cmxo       Cmyo       Cmzo       Cmxi       Cmyi       Cmzi        CL         CD         CS        CLo        CDo        CSo        CLi        CDi        CSi 
   1.00000    0.13198    0.00806   -1.03022    0.03305   -0.00006    0.00239    0.09892    0.00812   -1.03261    0.16644    1.02560   -0.46986    0.00002    0.02974   -0.00004    0.16642    0.99586   -0.46982   -1.03022    0.13198    0.00806    0.00239    0.03305   -0.00006   -1.03261    0.09892    0.00812 
   2.00000    0.12758    0.00035   -1.01111    0.03264   -0.00004    0.00255    0.09493    0.00039   -1.01366    0.17477    1.05129   -0.44363    0.00004    0.02918   -0.00002    0.17473    1.02211   -0.44361   -1.01111    0.12758    0.00035    0.00255    0.03264   -0.00004   -1.01366    0.09493    0.00039 
   3.00000    0.12936   -0.00427   -0.99072    0.03258    0.00000    0.00262    0.09678   -0.00427   -0.99334    0.18922    1.02305   -0.47274    0.00003    0.02907    0.00002    0.18919    0.99399   -0.47275   -0.99072    0.12936   -0.00427    0.00262    0.03258    0.00000   -0.99334    0.09678   -0.00427 
   4.00000    0.12778   -0.00227   -0.97131    0.03235   -0.00001    0.00259    0.09543   -0.00226   -0.97391    0.19517    0.99087   -0.46645   -0.00007    0.02894    0.00005    0.19524    0.96193   -0.46650   -0.97131    0.12778   -0.00227    0.00259    0.03235   -0.00001   -0.97391    0.09543   -0.00226 
   5.00000    0.12782    0.02465   -0.96691    0.03238   -0.00000    0.00238    0.09544    0.02465   -0.96929    0.17738    1.02326   -0.46212    0.00009    0.02921    0.00002    0.17729    0.99405   -0.46214   -0.96691    0.12782    0.02465    0.00238    0.03238   -0.00000   -0.96929    0.09544    0.02465 
   6.00000    0.11799    0.02250   -0.96786    0.03235    0.00002    0.00249    0.08564    0.02247   -0.97035    0.16844    0.85965   -0.47644    0.00015    0.02905    0.00005    0.16829    0.83060   -0.47649   -0.96786    0.11799    0.02250    0.00249    0.03235    0.00002   -0.97035    0.08564    0.02247 
   7.00000    0.15166    0.00618   -0.97738    0.03249    0.00008    0.00243    0.11917    0.00610   -0.97981    0.17238    0.93267   -0.51250    0.00007    0.02928    0.00000    0.17231    0.90339   -0.51250   -0.97738    0.15166    0.00618    0.00243    0.03249    0.00008   -0.97981    0.11917    0.00610 
   8.00000    0.12850    0.01782   -0.96343    0.03233   -0.00001    0.00229    0.09617    0.01783   -0.96572    0.18718    0.94168   -0.46265    0.00002    0.02930    0.00002    0.18716    0.91238   -0.46267   -0.96343    0.12850    0.01782    0.00229    0.03233   -0.00001   -0.96572    0.09617    0.01783 
   9.00000    0.11181    0.04619   -0.94631    0.03250   -0.00015    0.00232    0.07931    0.04634   -0.94863    0.18840    0.85870   -0.44127    0.00005    0.02943   -0.00002    0.18835    0.82927   -0.44124   -0.94631    0.11181    0.04619    0.00232    0.03250   -0.00015   -0.94863    0.07931    0.04634 
  10.00000    0.12306    0.02470   -0.94903    0.03218   -0.00010    0.00231    0.09088    0.02479   -0.95134    0.19312    0.82559   -0.42912    0.00005    0.02914    0.00000    0.19306    0.79644   -0.42912   -0.94903    0.12306    0.02470    0.00231    0.03218   -0.00010   -0.95134    0.09088    0.02479 
  11.00000    0.13571    0.00752   -0.93569    0.03215   -0.00001    0.00237    0.10356    0.00754   -0.93806    0.19292    0.88953   -0.43477   -0.00001    0.02902    0.00001    0.19293    0.86051   -0.43478   -0.93569    0.13571    0.00752    0.00237    0.03215   -0.00001   -0.93806    0.10356    0.00754 
  12.00000    0.12306    0.02071   -0.96277    0.03237   -0.00001    0.00238    0.09069    0.02072   -0.96516    0.19604    0.82240   -0.45605   -0.00002    0.02922    0.00008    0.19606    0.79318   -0.45613   -0.96277    0.12306    0.02071    0.00238    0.03237   -0.00001   -0.96516    0.09069    0.02072 
  13.00000    0.12077    0.00350   -0.97953    0.03238   -0.00006    0.00244    0.08839    0.00356   -0.98198    0.20111    1.00650   -0.47488   -0.00000    0.02915    0.00004    0.20111    0.97735   -0.47492   -0.97953    0.12077    0.00350    0.00244    0.03238   -0.00006   -0.98198    0.08839    0.00356 
  14.00000    0.12961    0.01644   -0.96209    0.03243   -0.00007    0.00244    0.09718    0.01651   -0.96453    0.18106    0.95693   -0.46746    0.00004    0.02919    0.00001    0.18102    0.92774   -0.46746   -0.96209    0.12961    0.01644    0.00244    0.03243   -0.00007   -0.96453    0.09718    0.01651 
  15.00000    0.13143    0.00190   -0.96388    0.03244    0.00000    0.00249    0.09899    0.00190   -0.96638    0.19085    1.03544   -0.44707    0.00002    0.02915    0.00002    0.19083    1.00629   -0.44708   -0.96388    0.13143    0.00190    0.00249    0.03244    0.00000   -0.96638    0.09899    0.00190 
  16.00000    0.13108    0.00363   -0.95852    0.03233   -0.00003    0.00250    0.09875    0.00366   -0.96103    0.20091    1.02262   -0.48313    0.00001    0.02903   -0.00001    0.20091    0.99359   -0.48312   -0.95852    0.13108    0.00363    0.00250    0.03233   -0.00003   -0.96103    0.09875    0.00366 


Average over last full revolution: 

  16.00000    0.13108    0.00363   -0.95852    0.03233   -0.00003    0.00250    0.09875    0.00366   -0.96103    0.20091    1.02262   -0.48313    0.00001    0.02903   -0.00001    0.20091    0.99359   -0.48312   -0.95852    0.13108    0.00363    0.00250    0.03233   -0.00003   -0.96103    0.09875    0.00366 



Average loading for wing surface: 1 --> VSP Surface: 1 ... NOTE: values are per area! 

  Station     S       Chord     Area      V/Vref        Cx            Cy            Cz           Cxo           Cyo           Czo          Cxi            Cyi           Czi           Cl            Cd            Cs            Clo           Cdo           Cso           Cli           Cdi           Csi           Cmx           Cmy           Cmz          Cmxo          Cmyo          Cmzo          Cmxi          Cmyi          Cmzi 
        1   0.06064   0.32000   0.01489   1.03101  3.670536e-02 -2.023290e-04 -7.245573e-01  1.822598e-02 -2.377955e-04  7.228543e-04  1.847938e-02  3.546644e-05 -7.252801e-01 -7.245573e-01  3.670536e-02  1.826145e-02  7.228543e-04  1.822598e-02 -2.377955e-04 -7.252801e-01  1.847938e-02  3.546644e-05 -5.236338e-02  7.441946e-01 -2.861971e-03  2.779538e-04  1.656206e-02 -1.559924e-03 -5.264133e-02  7.276325e-01 -1.302046e-03 
        2   0.15507   0.32000   0.01489   1.03091  3.364161e-02 -1.496823e-04 -7.253721e-01  1.822998e-02 -2.429352e-04  7.223749e-04  1.541162e-02  9.325294e-05 -7.260945e-01 -7.253721e-01  3.364161e-02  1.832324e-02  7.223749e-04  1.822998e-02 -2.429352e-04 -7.260945e-01  1.541162e-02  9.325294e-05 -1.576928e-01  7.410110e-01 -7.465000e-03  3.876012e-04  1.656633e-02 -4.210304e-03 -1.580804e-01  7.244447e-01 -3.254695e-03 
        3   0.22267   0.32000   0.01489   1.02842  3.298393e-02 -3.016931e-04 -7.287582e-01  1.820693e-02 -3.403637e-04  7.231861e-04  1.477699e-02  3.867059e-05 -7.294814e-01 -7.287582e-01  3.298393e-02  1.824560e-02  7.231861e-04  1.820693e-02 -3.403637e-04 -7.294814e-01  1.477699e-02  3.867059e-05 -2.640460e-01  7.395626e-01 -1.226588e-02  5.851004e-04  1.654366e-02 -6.944300e-03 -2.646311e-01  7.230190e-01 -5.321580e-03 
        4   0.29026   0.32000   0.01489   1.02843  2.956402e-02 -3.671300e-04 -7.332778e-01  1.824481e-02 -3.461893e-04  7.249317e-04  1.131921e-02 -2.094072e-05 -7.340027e-01 -7.332778e-01  2.956402e-02  1.822387e-02  7.249317e-04  1.824481e-02 -3.461893e-04 -7.340027e-01  1.131921e-02 -2.094072e-05 -3.720091e-01  7.382439e-01 -1.537573e-02  6.964372e-04  1.657784e-02 -9.610964e-03 -3.727055e-01  7.216661e-01 -5.764770e-03 
        5   0.35786   0.32000   0.01489   1.02408  3.505819e-02 -2.962078e-04 -7.422053e-01  1.823956e-02 -2.860338e-04  7.276359e-04  1.681862e-02 -1.017399e-05 -7.429329e-01 -7.422053e-01  3.505819e-02  1.822939e-02  7.276359e-04  1.823956e-02 -2.860338e-04 -7.429329e-01  1.681862e-02 -1.017399e-05 -4.843492e-01  7.500854e-01 -2.318462e-02  7.463327e-04  1.657016e-02 -1.219450e-02 -4.850955e-01  7.335153e-01 -1.099012e-02 
        6   0.42545   0.32000   0.01489   1.02440  3.412459e-02 -2.999792e-04 -7.396564e-01  1.822314e-02 -2.836117e-04  7.265498e-04  1.590145e-02 -1.636755e-05 -7.403830e-01 -7.396564e-01  3.412459e-02  1.820677e-02  7.265498e-04  1.822314e-02 -2.836117e-04 -7.403830e-01  1.590145e-02 -1.636755e-05 -5.899712e-01  7.466936e-01 -2.754003e-02  8.487401e-04  1.655567e-02 -1.482531e-02 -5.908199e-01  7.301379e-01 -1.271472e-02 
        7   0.49304   0.32000   0.01489   1.02362  3.245202e-02 -1.907035e-04 -7.278791e-01  1.810510e-02 -2.002269e-04  7.235566e-04  1.434693e-02  9.523424e-06 -7.286026e-01 -7.278791e-01  3.245202e-02  1.811462e-02  7.235566e-04  1.810510e-02 -2.002269e-04 -7.286026e-01  1.434693e-02  9.523424e-06 -6.862615e-01  7.351483e-01 -3.079747e-02  8.722524e-04  1.644671e-02 -1.727458e-02 -6.871338e-01  7.187015e-01 -1.352288e-02 
        8   0.56064   0.32000   0.01489   1.02359  3.413445e-02 -4.214200e-05 -7.074524e-01  1.793028e-02 -2.007651e-04  7.175254e-04  1.620417e-02  1.586231e-04 -7.081699e-01 -7.074524e-01  3.413445e-02  1.808891e-02  7.175254e-04  1.793028e-02 -2.007651e-04 -7.081699e-01  1.620417e-02  1.586231e-04 -7.697768e-01  7.178137e-01 -3.713809e-02  9.711793e-04  1.628696e-02 -1.971173e-02 -7.707479e-01  7.015267e-01 -1.742637e-02 
        9   0.62823   0.32000   0.01489   1.02392  3.118202e-02  3.375609e-04 -6.733361e-01  1.765626e-02 -7.108532e-05  7.025352e-04  1.352576e-02  4.086462e-04 -6.740387e-01 -6.733361e-01  3.118202e-02  1.806491e-02  7.025352e-04  1.765626e-02 -7.108532e-05 -6.740387e-01  1.352576e-02  4.086462e-04 -8.306841e-01  6.831240e-01 -3.797912e-02  9.338142e-04  1.604208e-02 -2.184561e-02 -8.316180e-01  6.670819e-01 -1.613350e-02 
       10   0.69583   0.32000   0.01489   1.02573  3.361550e-02  1.096916e-03 -6.332061e-01  1.738352e-02 -6.442959e-05  6.931216e-04  1.623198e-02  1.161345e-03 -6.338992e-01 -6.332061e-01  3.361550e-02  1.854487e-02  6.931216e-04  1.738352e-02 -6.442959e-05 -6.338992e-01  1.623198e-02  1.161345e-03 -8.737657e-01  6.480619e-01 -4.486235e-02  1.016456e-03  1.579283e-02 -2.402474e-02 -8.747822e-01  6.322691e-01 -2.083761e-02 
       11   0.76342   0.32000   0.01489   1.02883  2.795240e-02  2.708614e-03 -5.746346e-01  1.703104e-02 -1.740952e-05  6.788540e-04  1.092135e-02  2.726024e-03 -5.753135e-01 -5.746346e-01  2.795240e-02  1.975707e-02  6.788540e-04  1.703104e-02 -1.740952e-05 -5.753135e-01  1.092135e-02  2.726024e-03 -8.779572e-01  5.886079e-01 -3.906153e-02  1.050693e-03  1.547282e-02 -2.596290e-02 -8.790078e-01  5.731351e-01 -1.309863e-02 
       12   0.83101   0.32000   0.01489   1.04195  3.083555e-02 -3.870570e-02 -4.765167e-01  1.672985e-02 -4.175000e-04  6.557213e-04  1.410570e-02 -3.828820e-02 -4.771724e-01 -4.765167e-01  3.083555e-02 -2.155834e-02  6.557213e-04  1.672985e-02 -4.175000e-04 -4.771724e-01  1.410570e-02 -3.828820e-02 -7.570496e-01  4.867481e-01 -1.024696e-01  1.490018e-03  1.521031e-02 -2.833135e-02 -7.585396e-01  4.715378e-01 -7.413820e-02 
       13   0.89861   0.32000   0.01489   0.98790  3.797294e-02 -3.525652e-02 -5.981157e-01  1.631886e-02 -2.774659e-04  6.303455e-04  2.165409e-02 -3.497906e-02 -5.987460e-01 -5.981157e-01  3.797294e-02 -1.866020e-02  6.303455e-04  1.631886e-02 -2.774659e-04 -5.987460e-01  2.165409e-02 -3.497906e-02 -1.052482e+00  6.465135e-01 -1.158423e-01  1.406331e-03  1.484591e-02 -2.987327e-02 -1.053889e+00  6.316675e-01 -8.596901e-02 
       14   0.96620   0.32000   0.01489   1.01406  4.595613e-02  5.933437e-03 -5.834885e-01  1.675182e-02  7.920537e-04  6.871790e-04  2.920431e-02  5.141383e-03 -5.841757e-01 -5.834885e-01  4.595613e-02  2.189321e-02  6.871790e-04  1.675182e-02  7.920537e-04 -5.841757e-01  2.920431e-02  5.141383e-03 -1.148713e+00  6.743318e-01 -8.305592e-02  5.948189e-04  1.519970e-02 -3.201972e-02 -1.149308e+00  6.591322e-01 -5.103620e-02 



Average loading for wing surface: 2 --> VSP Surface: 2 ... NOTE: values are per area! 

  Station     S       Chord     Area      V/Vref        Cx            Cy            Cz           Cxo           Cyo           Czo          Cxi            Cyi           Czi           Cl            Cd            Cs            Clo           Cdo           Cso           Cli           Cdi           Csi           Cmx           Cmy           Cmz          Cmxo          Cmyo          Cmzo          Cmxi          Cmyi          Cmzi 
        1   0.06064   0.32000   0.01489   1.03095  3.676819e-02  2.010246e-04 -7.253265e-01  1.823123e-02  2.494849e-04  7.251837e-04  1.853696e-02 -4.846030e-05 -7.260517e-01 -7.253265e-01  3.676819e-02  1.818277e-02  7.251837e-04  1.823123e-02  2.494849e-04 -7.260517e-01  1.853696e-02 -4.846030e-05  5.241803e-02  7.449504e-01  2.862959e-03 -2.892086e-04  1.656471e-02  1.571992e-03  5.270724e-02  7.283856e-01  1.290968e-03 
        2   0.15507   0.32000   0.01489   1.03081  3.370522e-02  1.294566e-04 -7.274405e-01  1.824527e-02  2.498216e-04  7.275514e-04  1.545995e-02 -1.203650e-04 -7.281681e-01 -7.274405e-01  3.370522e-02  1.812491e-02  7.275514e-04  1.824527e-02  2.498216e-04 -7.281681e-01  1.545995e-02 -1.203650e-04  1.581606e-01  7.429876e-01  7.454550e-03 -3.952586e-04  1.657566e-02  4.220516e-03  1.585559e-01  7.264119e-01  3.234034e-03 
        3   0.22267   0.32000   0.01489   1.02822  3.333512e-02  2.747322e-04 -7.321113e-01  1.823164e-02  3.421520e-04  7.338818e-04  1.510348e-02 -6.741988e-05 -7.328452e-01 -7.321113e-01  3.333512e-02  1.816422e-02  7.338818e-04  1.823164e-02  3.421520e-04 -7.328452e-01  1.510348e-02 -6.741988e-05  2.652879e-01  7.430052e-01  1.236082e-02 -5.906759e-04  1.655640e-02  6.955049e-03  2.658786e-01  7.264487e-01  5.405767e-03 
        4   0.29026   0.32000   0.01489   1.02818  3.003342e-02  3.211885e-04 -7.378073e-01  1.827900e-02  3.480173e-04  7.381341e-04  1.175442e-02 -2.682880e-05 -7.385455e-01 -7.378073e-01  3.003342e-02  1.825218e-02  7.381341e-04  1.827900e-02  3.480173e-04 -7.385455e-01  1.175442e-02 -2.682880e-05  3.743527e-01  7.429757e-01  1.555557e-02 -7.048751e-04  1.659707e-02  9.630156e-03  3.750576e-01  7.263786e-01  5.925409e-03 
        5   0.35786   0.32000   0.01489   1.02371  3.590049e-02  2.568519e-04 -7.475960e-01  1.827983e-02  2.808688e-04  7.523429e-04  1.762066e-02 -2.401691e-05 -7.483484e-01 -7.475960e-01  3.590049e-02  1.825581e-02  7.523429e-04  1.827983e-02  2.808688e-04 -7.483484e-01  1.762066e-02 -2.401691e-05  4.879065e-01  7.558490e-01  2.368618e-02 -7.575655e-04  1.658364e-02  1.221562e-02  4.886640e-01  7.392654e-01  1.147056e-02 
        6   0.42545   0.32000   0.01489   1.02403  3.510663e-02  3.401109e-04 -7.459487e-01  1.827100e-02  2.786209e-04  7.538820e-04  1.683563e-02  6.149003e-05 -7.467026e-01 -7.459487e-01  3.510663e-02  1.833249e-02  7.538820e-04  1.827100e-02  2.786209e-04 -7.467026e-01  1.683563e-02  6.149003e-05  5.949547e-01  7.535186e-01  2.837680e-02 -8.658177e-04  1.657373e-02  1.485851e-02  5.958205e-01  7.369449e-01  1.351829e-02 
        7   0.49304   0.32000   0.01489   1.02333  3.350463e-02  3.162489e-04 -7.348113e-01  1.815932e-02  1.937730e-04  7.542293e-04  1.534531e-02  1.224759e-04 -7.355655e-01 -7.348113e-01  3.350463e-02  1.828180e-02  7.542293e-04  1.815932e-02  1.937730e-04 -7.355655e-01  1.534531e-02  1.224759e-04  6.926808e-01  7.426632e-01  3.195370e-02 -8.950584e-04  1.646747e-02  1.731927e-02  6.935759e-01  7.261957e-01  1.463443e-02 
        8   0.56064   0.32000   0.01489   1.02332  3.536370e-02  3.221006e-04 -7.152686e-01  1.799054e-02  1.935393e-04  7.494725e-04  1.737316e-02  1.285613e-04 -7.160181e-01 -7.152686e-01  3.536370e-02  1.811910e-02  7.494725e-04  1.799054e-02  1.935393e-04 -7.160181e-01  1.737316e-02  1.285613e-04  7.780162e-01  7.265027e-01  3.884418e-02 -9.990902e-04  1.631217e-02  1.977007e-02  7.790153e-01  7.101905e-01  1.907410e-02 
        9   0.62823   0.32000   0.01489   1.02420  3.301395e-02  1.594776e-04 -6.822891e-01  1.773385e-02  6.676145e-05  7.426450e-04  1.528010e-02  9.271613e-05 -6.830318e-01 -6.822891e-01  3.301395e-02  1.782657e-02  7.426450e-04  1.773385e-02  6.676145e-05 -6.830318e-01  1.528010e-02  9.271613e-05  8.412567e-01  6.936577e-01  4.089838e-02 -9.791789e-04  1.607556e-02  2.193698e-02  8.422358e-01  6.775821e-01  1.896140e-02 
       10   0.69583   0.32000   0.01489   1.02607  3.557028e-02 -3.954455e-04 -6.420049e-01  1.745653e-02  6.073586e-05  7.348140e-04  1.811375e-02 -4.561814e-04 -6.427397e-01 -6.420049e-01  3.557028e-02  1.700035e-02  7.348140e-04  1.745653e-02  6.073586e-05 -6.427397e-01  1.811375e-02 -4.561814e-04  8.852302e-01  6.585184e-01  4.848741e-02 -1.070420e-03  1.582039e-02  2.412168e-02  8.863006e-01  6.426980e-01  2.436573e-02 
       11   0.76342   0.32000   0.01489   1.02862  2.944000e-02 -1.956326e-03 -5.817156e-01  1.707363e-02  2.356828e-05  7.229433e-04  1.236637e-02 -1.979895e-03 -5.824386e-01 -5.817156e-01  2.944000e-02  1.509373e-02  7.229433e-04  1.707363e-02  2.356828e-05 -5.824386e-01  1.236637e-02 -1.979895e-03  8.880439e-01  5.967165e-01  4.230731e-02 -1.123700e-03  1.546913e-02  2.603393e-02  8.891676e-01  5.812474e-01  1.627338e-02 
       12   0.83101   0.32000   0.01489   1.04081  2.926837e-02  3.556579e-02 -4.702687e-01  1.666637e-02  4.569576e-04  6.757662e-04  1.260200e-02  3.510883e-02 -4.709445e-01 -4.702687e-01  2.926837e-02  5.177520e-02  6.757662e-04  1.666637e-02  4.569576e-04 -4.709445e-01  1.260200e-02  3.510883e-02  7.493125e-01  4.731290e-01  9.511857e-02 -1.560883e-03  1.513007e-02  2.826488e-02  7.508733e-01  4.579990e-01  6.685370e-02 
       13   0.89861   0.32000   0.01489   0.98597  4.017516e-02  3.263291e-02 -5.962002e-01  1.626148e-02  2.820595e-04  7.239003e-04  2.391368e-02  3.235085e-02 -5.969241e-01 -5.962002e-01  4.017516e-02  4.861233e-02  7.239003e-04  1.626148e-02  2.820595e-04 -5.969241e-01  2.391368e-02  3.235085e-02  1.051860e+00  6.430357e-01  1.160065e-01 -1.580358e-03  1.469797e-02  2.977381e-02  1.053441e+00  6.283377e-01  8.623270e-02 
       14   0.96620   0.32000   0.01489   1.01259  4.871137e-02 -5.048001e-03 -5.892133e-01  1.675910e-02 -7.987428e-04  7.437381e-04  3.195227e-02 -4.249258e-03 -5.899570e-01 -5.892133e-01  4.871137e-02  1.250985e-02  7.437381e-04  1.675910e-02 -7.987428e-04 -5.899570e-01  3.195227e-02 -4.249258e-03  1.159086e+00  6.827922e-01  8.965711e-02 -6.992568e-04  1.515006e-02  3.202729e-02  1.159785e+00  6.676422e-01  5.762982e-02 



Average loading for wing surface: 3 --> VSP Surface: 3 ... NOTE: values are per area! 

  Station     S       Chord     Area      V/Vref        Cx            Cy            Cz           Cxo           Cyo           Czo          Cxi            Cyi           Czi           Cl            Cd            Cs            Clo           Cdo           Cso           Cli           Cdi           Csi           Cmx           Cmy           Cmz          Cmxo          Cmyo          Cmzo          Cmxi          Cmyi          Cmzi 
        1   0.03103   0.13000   0.00606   0.96513  1.403608e-01 -2.996926e-04 -5.796195e-01  1.840724e-02 -2.801937e-04  3.959525e-03  1.219536e-01 -1.949898e-05 -5.835791e-01 -5.796195e-01  1.403608e-01  1.838774e-02  3.959525e-03  1.840724e-02 -2.801937e-04 -5.835791e-01  1.219536e-01 -1.949898e-05 -1.027364e-01  2.692224e+00 -2.629324e-02  1.431855e-03  3.145313e-02 -4.430714e-03 -1.041683e-01  2.660771e+00 -2.186253e-02 
        2   0.09814   0.13000   0.00606   0.96522  1.375958e-01 -3.408695e-04 -5.762253e-01  1.838269e-02 -3.457603e-04  3.930580e-03  1.192131e-01  4.890717e-06 -5.801559e-01 -5.762253e-01  1.375958e-01  1.838758e-02  3.930580e-03  1.838269e-02 -3.457603e-04 -5.801559e-01  1.192131e-01  4.890717e-06 -3.078469e-01  2.671417e+00 -7.510459e-02  3.000071e-03  3.150777e-02 -1.125921e-02 -3.108470e-01  2.639909e+00 -6.384539e-02 
        3   0.17029   0.13000   0.00606   0.96643  1.288788e-01 -5.571307e-04 -5.580260e-01  1.826041e-02 -5.412371e-04  3.895236e-03  1.106183e-01 -1.589352e-05 -5.619212e-01 -5.580260e-01  1.288788e-01  1.824452e-02  3.895236e-03  1.826041e-02 -5.412371e-04 -5.619212e-01  1.106183e-01 -1.589352e-05 -4.967033e-01  2.570347e+00 -1.173211e-01  4.877946e-03  3.133575e-02 -1.851319e-02 -5.015812e-01  2.539012e+00 -9.880788e-02 
        4   0.24244   0.13000   0.00606   0.96602  1.362709e-01 -6.280666e-04 -5.845368e-01  1.846460e-02 -5.635518e-04  3.917727e-03  1.178063e-01 -6.451477e-05 -5.884545e-01 -5.845368e-01  1.362709e-01  1.840009e-02  3.917727e-03  1.846460e-02 -5.635518e-04 -5.884545e-01  1.178063e-01 -6.451477e-05 -7.290972e-01  2.704951e+00 -1.729477e-01  6.354939e-03  3.177214e-02 -2.538109e-02 -7.354521e-01  2.673179e+00 -1.475666e-01 
        5   0.31459   0.13000   0.00606   0.96826  1.406697e-01 -4.362300e-04 -5.762185e-01  1.847096e-02 -3.984333e-04  3.903618e-03  1.221988e-01 -3.779678e-05 -5.801222e-01 -5.762185e-01  1.406697e-01  1.843317e-02  3.903618e-03  1.847096e-02 -3.984333e-04 -5.801222e-01  1.221988e-01 -3.779678e-05 -9.249465e-01  2.678932e+00 -2.278709e-01  7.304327e-03  3.184618e-02 -3.131182e-02 -9.322509e-01  2.647086e+00 -1.965591e-01 
        6   0.38673   0.13000   0.00606   0.96889  1.374394e-01 -2.072581e-04 -5.723757e-01  1.845931e-02 -2.014369e-04  3.881530e-03  1.189801e-01 -5.821279e-06 -5.762572e-01 -5.723757e-01  1.374394e-01  1.845349e-02  3.881530e-03  1.845931e-02 -2.014369e-04 -5.762572e-01  1.189801e-01 -5.821279e-06 -1.123751e+00  2.656644e+00 -2.708115e-01  8.145505e-03  3.190619e-02 -3.708159e-02 -1.131896e+00  2.624737e+00 -2.337299e-01 
        7   0.45888   0.13000   0.00606   0.96994  1.365100e-01  1.117904e-04 -5.705917e-01  1.846992e-02  9.575998e-05  3.892332e-03  1.180401e-01  1.603040e-05 -5.744841e-01 -5.705917e-01  1.365100e-01  1.848595e-02  3.892332e-03  1.846992e-02  9.575998e-05 -5.744841e-01  1.180401e-01  1.603040e-05 -1.324864e+00  2.647553e+00 -3.164380e-01  8.788061e-03  3.188956e-02 -4.248573e-02 -1.333652e+00  2.615664e+00 -2.739523e-01 
        8   0.53103   0.13000   0.00606   0.97109  1.371093e-01  3.569370e-04 -5.702723e-01  1.849926e-02  3.443473e-04  3.872762e-03  1.186100e-01  1.258973e-05 -5.741450e-01 -5.702723e-01  1.371093e-01  1.851185e-02  3.872762e-03  1.849926e-02  3.443473e-04 -5.741450e-01  1.186100e-01  1.258973e-05 -1.528497e+00  2.648964e+00 -3.658152e-01  9.482721e-03  3.204534e-02 -4.814602e-02 -1.537980e+00  2.616918e+00 -3.176692e-01 
        9   0.60318   0.13000   0.00606   0.96954  1.359550e-01  1.160681e-03 -5.783997e-01  1.848144e-02  1.123823e-03  3.914057e-03  1.174736e-01  3.685725e-05 -5.823137e-01 -5.783997e-01  1.359550e-01  1.851830e-02  3.914057e-03  1.848144e-02  1.123823e-03 -5.823137e-01  1.174736e-01  3.685725e-05 -1.759018e+00  2.679818e+00 -4.079874e-01  8.974885e-03  3.183067e-02 -5.151709e-02 -1.767992e+00  2.647987e+00 -3.564703e-01 
       10   0.67533   0.13000   0.00606   0.97161  1.428031e-01  1.482371e-03 -5.896210e-01  1.861540e-02  1.466258e-03  3.897846e-03  1.241877e-01  1.611299e-05 -5.935189e-01 -5.896210e-01  1.428031e-01  1.863151e-02  3.897846e-03  1.861540e-02  1.466258e-03 -5.935189e-01  1.241877e-01  1.611299e-05 -2.004312e+00  2.740552e+00 -4.784117e-01  9.431961e-03  3.224335e-02 -5.717433e-02 -2.013744e+00  2.708309e+00 -4.212373e-01 
       11   0.74748   0.13000   0.00606   0.96955  1.383486e-01  4.468421e-03 -5.986434e-01  1.853134e-02  2.496037e-03  3.832187e-03  1.198173e-01  1.972384e-03 -6.024755e-01 -5.986434e-01  1.383486e-01  2.050372e-02  3.832187e-03  1.853134e-02  2.496037e-03 -6.024755e-01  1.198173e-01  1.972384e-03 -2.258524e+00  2.760715e+00 -5.008746e-01  7.914023e-03  3.229394e-02 -5.930408e-02 -2.266438e+00  2.728421e+00 -4.415705e-01 
       12   0.81963   0.13000   0.00606   0.97777  1.634700e-01  3.911270e-03 -6.284781e-01  1.881070e-02  3.038438e-03  4.523239e-03  1.446593e-01  8.728323e-04 -6.330013e-01 -6.284781e-01  1.634700e-01  1.968354e-02  4.523239e-03  1.881070e-02  3.038438e-03 -6.330013e-01  1.446593e-01  8.728323e-04 -2.588732e+00  2.922752e+00 -6.549284e-01  1.071784e-02  3.019582e-02 -6.485581e-02 -2.599450e+00  2.892556e+00 -5.900726e-01 
       13   0.89178   0.13000   0.00606   0.96686  1.100073e-01  1.707588e-03 -6.162868e-01  1.879316e-02  6.324871e-04  3.409618e-03  9.121417e-02  1.075101e-03 -6.196964e-01 -6.162868e-01  1.100073e-01  1.986826e-02  3.409618e-03  1.879316e-02  6.324871e-04 -6.196964e-01  9.121417e-02  1.075101e-03 -2.756757e+00  2.742562e+00 -4.845854e-01  1.358541e-02  3.469605e-02 -8.131630e-02 -2.770343e+00  2.707865e+00 -4.032691e-01 
       14   0.96393   0.13000   0.00606   0.90548  7.371423e-02  4.185240e-03 -5.262085e-01  1.633499e-02  1.994147e-03  3.542203e-03  5.737925e-02  2.191093e-03 -5.297507e-01 -5.262085e-01  7.371423e-02  1.852608e-02  3.542203e-03  1.633499e-02  1.994147e-03 -5.297507e-01  5.737925e-02  2.191093e-03 -2.547077e+00  2.270538e+00 -3.384117e-01  1.192008e-02  2.779614e-02 -7.061817e-02 -2.558997e+00  2.242742e+00 -2.677935e-01 



Average loading for wing surface: 4 --> VSP Surface: 4 ... NOTE: values are per area! 

  Station     S       Chord     Area      V/Vref        Cx            Cy            Cz           Cxo           Cyo           Czo          Cxi            Cyi           Czi           Cl            Cd            Cs            Clo           Cdo           Cso           Cli           Cdi           Csi           Cmx           Cmy           Cmz          Cmxo          Cmyo          Cmzo          Cmxi          Cmyi          Cmzi 
        1   0.03103   0.13000   0.00606   0.96506  1.395229e-01  3.560832e-04 -5.780441e-01  1.839175e-02  3.422559e-04  3.953792e-03  1.211312e-01  1.382733e-05 -5.819979e-01 -5.780441e-01  1.395229e-01  1.840558e-02  3.953792e-03  1.839175e-02  3.422559e-04 -5.819979e-01  1.211312e-01  1.382733e-05  1.023098e-01  2.683490e+00  2.637263e-02 -1.591372e-03  3.143648e-02  4.681278e-03  1.039012e-01  2.652053e+00  2.169135e-02 
        2   0.09814   0.13000   0.00606   0.96509  1.374749e-01  3.754105e-04 -5.750997e-01  1.836570e-02  3.880479e-04  3.948061e-03  1.191092e-01 -1.263740e-05 -5.790478e-01 -5.750997e-01  1.374749e-01  1.835306e-02  3.948061e-03  1.836570e-02  3.880479e-04 -5.790478e-01  1.191092e-01 -1.263740e-05  3.071634e-01  2.666302e+00  7.517786e-02 -3.118824e-03  3.139247e-02  1.142272e-02  3.102823e-01  2.634909e+00  6.375514e-02 
        3   0.17029   0.13000   0.00606   0.96627  1.287323e-01  5.594795e-04 -5.556852e-01  1.823249e-02  5.660202e-04  3.918859e-03  1.104998e-01 -6.540614e-06 -5.596041e-01 -5.556852e-01  1.287323e-01  1.822595e-02  3.918859e-03  1.823249e-02  5.660202e-04 -5.596041e-01  1.104998e-01 -6.540614e-06  4.945940e-01  2.560166e+00  1.171869e-01 -4.963146e-03  3.116709e-02  1.858941e-02  4.995572e-01  2.528999e+00  9.859751e-02 
        4   0.24244   0.13000   0.00606   0.96572  1.370394e-01  6.444316e-04 -5.822654e-01  1.843097e-02  5.843581e-04  3.959332e-03  1.186085e-01  6.007352e-05 -5.862247e-01 -5.822654e-01  1.370394e-01  1.849104e-02  3.959332e-03  1.843097e-02  5.843581e-04 -5.862247e-01  1.186085e-01  6.007352e-05  7.262377e-01  2.697299e+00  1.739815e-01 -6.460766e-03  3.151531e-02  2.542397e-02  7.326984e-01  2.665783e+00  1.485575e-01 
        5   0.31459   0.13000   0.00606   0.96818  1.400121e-01  4.763305e-04 -5.699767e-01  1.840688e-02  4.070979e-04  3.960782e-03  1.216052e-01  6.923267e-05 -5.739375e-01 -5.699767e-01  1.400121e-01  1.847611e-02  3.960782e-03  1.840688e-02  4.070979e-04 -5.739375e-01  1.216052e-01  6.923267e-05  9.147977e-01  2.650653e+00  2.269795e-01 -7.418612e-03  3.144708e-02  3.124420e-02  9.222163e-01  2.619206e+00  1.957353e-01 
        6   0.38673   0.13000   0.00606   0.96877  1.370597e-01  2.379048e-04 -5.643668e-01  1.837815e-02  2.073725e-04  3.955084e-03  1.186815e-01  3.053231e-05 -5.683219e-01 -5.643668e-01  1.370597e-01  1.840868e-02  3.955084e-03  1.837815e-02  2.073725e-04 -5.683219e-01  1.186815e-01  3.053231e-05  1.107940e+00  2.621206e+00  2.701908e-01 -8.305340e-03  3.139602e-02  3.694640e-02  1.116245e+00  2.589809e+00  2.332444e-01 
        7   0.45888   0.13000   0.00606   0.96985  1.363367e-01 -8.598554e-05 -5.617705e-01  1.838530e-02 -9.508922e-05  3.959082e-03  1.179514e-01  9.103684e-06 -5.657296e-01 -5.617705e-01  1.363367e-01  1.839440e-02  3.959082e-03  1.838530e-02 -9.508922e-05 -5.657296e-01  1.179514e-01  9.103684e-06  1.304309e+00  2.608327e+00  3.161393e-01 -8.944753e-03  3.139818e-02  4.229201e-02  1.313254e+00  2.576929e+00  2.738473e-01 
        8   0.53103   0.13000   0.00606   0.97100  1.370411e-01 -4.098934e-04 -5.579802e-01  1.838017e-02 -3.481108e-04  3.980984e-03  1.186609e-01 -6.178264e-05 -5.619611e-01 -5.579802e-01  1.370411e-01  1.831839e-02  3.980984e-03  1.838017e-02 -3.481108e-04 -5.619611e-01  1.186609e-01 -6.178264e-05  1.495642e+00  2.595273e+00  3.653823e-01 -9.762867e-03  3.129553e-02  4.781167e-02  1.505405e+00  2.563977e+00  3.175707e-01 
        9   0.60318   0.13000   0.00606   0.97246  1.295457e-01 -1.198815e-03 -5.451577e-01  1.828126e-02 -1.123159e-03  3.973216e-03  1.112645e-01 -7.565668e-05 -5.491309e-01 -5.451577e-01  1.295457e-01  1.820560e-02  3.973216e-03  1.828126e-02 -1.123159e-03 -5.491309e-01  1.112645e-01 -7.565668e-05  1.658361e+00  2.518228e+00  3.884779e-01 -9.156194e-03  3.107137e-02  5.091211e-02  1.667517e+00  2.487157e+00  3.375658e-01 
       10   0.67533   0.13000   0.00606   0.97527  1.404805e-01 -1.763955e-03 -5.662725e-01  1.849078e-02 -1.504464e-03  4.043962e-03  1.219897e-01 -2.594915e-04 -5.703164e-01 -5.662725e-01  1.404805e-01  1.823129e-02  4.043962e-03  1.849078e-02 -1.504464e-03 -5.703164e-01  1.219897e-01 -2.594915e-04  1.926107e+00  2.631763e+00  4.694719e-01 -9.828882e-03  3.132459e-02  5.659560e-02  1.935936e+00  2.600438e+00  4.128763e-01 
       11   0.74748   0.13000   0.00606   0.97428  1.496976e-01 -9.173661e-03 -6.180419e-01  1.876274e-02 -2.630802e-03  4.094869e-03  1.309348e-01 -6.542859e-03 -6.221368e-01 -6.180419e-01  1.496976e-01  1.221988e-02  4.094869e-03  1.876274e-02 -2.630802e-03 -6.221368e-01  1.309348e-01 -6.542859e-03  2.344633e+00  2.871442e+00  5.230194e-01 -8.550475e-03  3.182029e-02  5.962175e-02  2.353183e+00  2.839622e+00  4.633977e-01 
       12   0.81963   0.13000   0.00606   0.99719  2.009393e-01 -2.620867e-02 -6.929051e-01  1.961397e-02 -3.936923e-03  5.272455e-03  1.813253e-01 -2.227175e-02 -6.981775e-01 -6.929051e-01  2.009393e-01 -2.657777e-03  5.272455e-03  1.961397e-02 -3.936923e-03 -6.981775e-01  1.813253e-01 -2.227175e-02  2.904752e+00  3.297254e+00  7.133093e-01 -1.147081e-02  2.921551e-02  6.448748e-02  2.916223e+00  3.268038e+00  6.488218e-01 
       13   0.89178   0.13000   0.00606   0.95676  9.381022e-02 -1.718977e-02 -5.637071e-01  1.821732e-02 -6.688694e-04  2.566206e-03  7.559289e-02 -1.652090e-02 -5.662733e-01 -5.637071e-01  9.381022e-02  1.696425e-03  2.566206e-03  1.821732e-02 -6.688694e-04 -5.662733e-01  7.559289e-02 -1.652090e-02  2.570364e+00  2.545354e+00  3.480636e-01 -9.726064e-03  3.664919e-02  7.859712e-02  2.580091e+00  2.508705e+00  2.694665e-01 
       14   0.96393   0.13000   0.00606   0.91608  1.812980e-01 -3.465934e-03 -7.139826e-01  1.807997e-02 -2.927200e-03  5.226228e-03  1.632181e-01 -5.387337e-04 -7.192088e-01 -7.139826e-01  1.812980e-01  1.754124e-02  5.226228e-03  1.807997e-02 -2.927200e-03 -7.192088e-01  1.632181e-01 -5.387337e-04  3.448171e+00  3.375675e+00  8.576387e-01 -1.762589e-02  2.543608e-02  7.522290e-02  3.465797e+00  3.350239e+00  7.824158e-01 



Average loading for wing surface: 5 --> VSP Surface: 5 ... NOTE: values are per area! 

  Station     S       Chord     Area      V/Vref        Cx            Cy            Cz           Cxo           Cyo           Czo          Cxi            Cyi           Czi           Cl            Cd            Cs            Clo           Cdo           Cso           Cli           Cdi           Csi           Cmx           Cmy           Cmz          Cmxo          Cmyo          Cmzo          Cmxi          Cmyi          Cmzi 
        1   0.24304   0.45000   0.01350   1.04184  1.386337e-02 -1.349619e-01  1.309823e-01  1.447301e-02 -6.164342e-05 -1.396789e-04 -6.096411e-04 -1.349003e-01  1.311220e-01  1.309823e-01  1.386337e-02 -1.204272e-01 -1.396789e-04  1.447301e-02 -6.164342e-05  1.311220e-01 -6.096411e-04 -1.349003e-01  2.708915e-01 -1.015569e-01 -1.222821e-01 -1.647724e-04  8.803312e-03 -2.095820e-02  2.710562e-01 -1.103602e-01 -1.013239e-01 
        2   0.55031   0.45000   0.01350   1.02281  3.027612e-01  1.310620e-01 -2.472436e-01  1.377340e-02  7.769176e-06  2.533540e-03  2.889878e-01  1.310542e-01 -2.497771e-01 -2.472436e-01  3.027612e-01  1.448276e-01  2.533540e-03  1.377340e-02  7.769176e-06 -2.497771e-01  2.889878e-01  1.310542e-01 -4.517728e-01  3.596903e-01 -2.571876e-01  3.654379e-03  7.014682e-03 -1.988826e-02 -4.554272e-01  3.526757e-01 -2.372993e-01 
        3   0.67879   0.45000   0.01350   0.95256  6.391279e-02  3.507144e-01 -3.898675e-01  1.306672e-02 -2.937091e-05  6.826392e-04  5.084607e-02  3.507438e-01 -3.905501e-01 -3.898675e-01  6.391279e-02  3.638105e-01  6.826392e-04  1.306672e-02 -2.937091e-05 -3.905501e-01  5.084607e-02  3.507438e-01 -8.132702e-01  3.224534e-01  2.648987e-01  1.007573e-03  8.998225e-03 -1.889928e-02 -8.142777e-01  3.134552e-01  2.837980e-01 
        4   0.80728   0.45000   0.01350   0.92334  1.189393e-02  2.403882e-01 -3.424384e-03  1.199597e-02 -7.136349e-05 -1.023786e-04 -1.020463e-04  2.404595e-01 -3.322006e-03 -3.424384e-03  1.189393e-02  2.524555e-01 -1.023786e-04  1.199597e-02 -7.136349e-05 -3.322006e-03 -1.020463e-04  2.404595e-01 -1.978909e-01  9.242755e-03  2.088777e-01 -9.078936e-05  9.684369e-03 -1.738857e-02 -1.978001e-01 -4.416135e-04  2.262663e-01 
        5   0.93576   0.45000   0.01350   0.92531  1.123649e-02  1.593359e-01  6.137359e-03  1.180082e-02 -5.078468e-05 -1.916128e-04 -5.643261e-04  1.593866e-01  6.328972e-03  6.137359e-03  1.123649e-02  1.711874e-01 -1.916128e-04  1.180082e-02 -5.078468e-05  6.328972e-03 -5.643261e-04  1.593866e-01 -1.291034e-01  3.385783e-03  1.296172e-01 -2.327607e-04  1.039131e-02 -1.708908e-02 -1.288707e-01 -7.005530e-03  1.467063e-01 



Average loading for wing surface: 6 --> VSP Surface: 6 ... NOTE: values are per area! 

  Station     S       Chord     Area      V/Vref        Cx            Cy            Cz           Cxo           Cyo           Czo          Cxi            Cyi           Czi           Cl            Cd            Cs            Clo           Cdo           Cso           Cli           Cdi           Csi           Cmx           Cmy           Cmz          Cmxo          Cmyo          Cmzo          Cmxi          Cmyi          Cmzi 
        1   0.24304   0.45000   0.01350   1.03719  1.471191e-02  1.175409e-01  1.381755e-01  1.433280e-02  3.686786e-05 -2.112680e-04  3.791163e-04  1.175040e-01  1.383867e-01  1.381755e-01  1.471191e-02  1.318368e-01 -2.112680e-04  1.433280e-02  3.686786e-05  1.383867e-01  3.791163e-04  1.175040e-01 -2.709126e-01 -1.085005e-01  1.008441e-01  2.830442e-04  8.780431e-03  2.073447e-02 -2.711957e-01 -1.172809e-01  8.010960e-02 
        2   0.55031   0.45000   0.01350   1.00741  3.274477e-01 -1.600514e-01 -4.770151e-01  1.351463e-02  2.906192e-04  2.146932e-03  3.139330e-01 -1.603420e-01 -4.791620e-01 -4.770151e-01  3.274477e-01 -1.468274e-01  2.146932e-03  1.351463e-02  2.906192e-04 -4.791620e-01  3.139330e-01 -1.603420e-01  8.019146e-01  6.828405e-01  2.556220e-01 -3.294871e-03  7.172937e-03  1.976978e-02  8.052095e-01  6.756675e-01  2.358523e-01 
        3   0.67879   0.45000   0.01350   0.96208  6.580988e-02 -1.618783e-01 -6.163410e-01  1.261810e-02 -6.040824e-04 -8.671814e-05  5.319178e-02 -1.612743e-01 -6.162542e-01 -6.163410e-01  6.580988e-02 -1.486562e-01 -8.671814e-05  1.261810e-02 -6.040824e-04 -6.162542e-01  5.319178e-02 -1.612743e-01  1.002020e+00  6.250201e-01 -1.258165e-02  5.682533e-04  9.327464e-03  1.770932e-02  1.001451e+00  6.156926e-01 -3.029097e-02 
        4   0.80728   0.45000   0.01350   0.92527  1.216767e-02 -2.366766e-01  1.092221e-02  1.202467e-02  1.050983e-04 -1.092098e-04  1.430024e-04 -2.367817e-01  1.103142e-02  1.092221e-02  1.216767e-02 -2.247570e-01 -1.092098e-04  1.202467e-02  1.050983e-04  1.103142e-02  1.430024e-04 -2.367817e-01  1.752504e-01 -8.490616e-03 -2.015304e-01  7.366887e-05  9.713167e-03  1.745888e-02  1.751767e-01 -1.820378e-02 -2.189893e-01 
        5   0.93576   0.45000   0.01350   0.92555  1.160648e-02 -1.671252e-01  9.576651e-03  1.182511e-02  8.296544e-05 -1.602896e-04 -2.186232e-04 -1.672082e-01  9.736941e-03  9.576651e-03  1.160648e-02 -1.553831e-01 -1.602896e-04  1.182511e-02  8.296544e-05  9.736941e-03 -2.186232e-04 -1.672082e-01  1.308942e-01 -9.201931e-04 -1.377523e-01  1.596260e-04  1.038556e-02  1.715169e-02  1.307346e-01 -1.130576e-02 -1.549040e-01 



Average loading for wing surface: 7 --> VSP Surface: 7 ... NOTE: values are per area! 

  Station     S       Chord     Area      V/Vref        Cx            Cy            Cz           Cxo           Cyo           Czo          Cxi            Cyi           Czi           Cl            Cd            Cs            Clo           Cdo           Cso           Cli           Cdi           Csi           Cmx           Cmy           Cmz          Cmxo          Cmyo          Cmzo          Cmxi          Cmyi          Cmzi 
        1   0.11280   0.21979   0.00235   0.86957  2.909429e-02 -1.465595e-01 -3.448585e-02  1.229089e-02  6.315774e-04 -4.485020e-04  1.680340e-02 -1.471911e-01 -3.403735e-02 -3.448585e-02  2.909429e-02 -1.349002e-01 -4.485020e-04  1.229089e-02  6.315774e-04 -3.403735e-02  1.680340e-02 -1.471911e-01  1.163988e-01  1.022100e-01 -3.154987e-01 -2.010166e-03  1.770314e-02 -3.015777e-02  1.184090e-01  8.450684e-02 -2.853409e-01 
        2   0.24711   0.21979   0.00235   0.86950  4.924818e-02 -2.313307e-01 -3.735243e-02  1.256868e-02  6.054473e-04 -1.041377e-04  3.667950e-02 -2.319362e-01 -3.724829e-02 -3.735243e-02  4.924818e-02 -2.193675e-01 -1.041377e-04  1.256868e-02  6.054473e-04 -3.724829e-02  3.667950e-02 -2.319362e-01  2.385864e-01  1.377464e-01 -5.120150e-01 -1.132971e-03  1.820552e-02 -3.089634e-02  2.397194e-01  1.195409e-01 -4.811187e-01 
        3   0.29013   0.21979   0.00235   0.88341  6.118552e-02 -2.867842e-01 -3.336888e-03  1.313448e-02  6.725357e-04  3.105838e-06  4.805103e-02 -2.874567e-01 -3.339994e-03 -3.336888e-03  6.118552e-02 -2.743223e-01  3.105838e-06  1.313448e-02  6.725357e-04 -3.339994e-03  4.805103e-02 -2.874567e-01  4.174586e-01  9.669375e-02 -6.346076e-01 -9.906664e-04  1.949635e-02 -3.223103e-02  4.184492e-01  7.719739e-02 -6.023766e-01 
        4   0.33316   0.21979   0.00235   0.88684  6.953687e-02 -3.137276e-01 -2.126676e-04  1.334681e-02  6.868474e-04  1.475344e-05  5.619006e-02 -3.144145e-01 -2.274210e-04 -2.126676e-04  6.953687e-02 -3.010677e-01  1.475344e-05  1.334681e-02  6.868474e-04 -2.274210e-04  5.619006e-02 -3.144145e-01  4.802805e-01  1.069383e-01 -7.005367e-01 -1.015387e-03  2.043441e-02 -3.274724e-02  4.812958e-01  8.650394e-02 -6.677895e-01 
        5   0.37618   0.21979   0.00235   0.88282  6.159760e-02 -3.250654e-01 -4.053052e-04  1.330885e-02  6.915918e-04  9.235750e-05  4.828875e-02 -3.257570e-01 -4.976627e-04 -4.053052e-04  6.159760e-02 -3.124481e-01  9.235750e-05  1.330885e-02  6.915918e-04 -4.976627e-04  4.828875e-02 -3.257570e-01  5.127466e-01  9.812194e-02 -7.000850e-01 -8.597456e-04  2.090424e-02 -3.264465e-02  5.136063e-01  7.721770e-02 -6.674404e-01 
        6   0.41920   0.21979   0.00235   0.88261  6.232138e-02 -3.350646e-01 -5.099223e-04  1.335764e-02  6.929695e-04  9.021015e-05  4.896374e-02 -3.357575e-01 -6.001324e-04 -5.099223e-04  6.232138e-02 -3.223999e-01  9.021015e-05  1.335764e-02  6.929695e-04 -6.001324e-04  4.896374e-02 -3.357575e-01  5.443344e-01  1.024397e-01 -7.187527e-01 -9.005362e-04  2.162412e-02 -3.276594e-02  5.452349e-01  8.081558e-02 -6.859868e-01 
        7   0.46222   0.21979   0.00235   0.88688  6.946937e-02 -3.436756e-01 -6.795724e-05  1.350477e-02  6.964012e-04  1.262200e-04  5.596460e-02 -3.443720e-01 -1.941773e-04 -6.795724e-05  6.946937e-02 -3.308672e-01  1.262200e-04  1.350477e-02  6.964012e-04 -1.941773e-04  5.596460e-02 -3.443720e-01  5.759105e-01  1.166305e-01 -7.507914e-01 -8.485128e-04  2.245974e-02 -3.313277e-02  5.767590e-01  9.417077e-02 -7.176586e-01 
        8   0.50524   0.21979   0.00235   0.88682  6.967338e-02 -3.477230e-01  1.618823e-04  1.352562e-02  6.973059e-04  1.294885e-04  5.614776e-02 -3.484203e-01  3.239374e-05  1.618823e-04  6.967338e-02 -3.348947e-01  1.294885e-04  1.352562e-02  6.973059e-04  3.239374e-05  5.614776e-02 -3.484203e-01  5.999270e-01  1.198976e-01 -7.584918e-01 -8.751691e-04  2.313787e-02 -3.318417e-02  6.008022e-01  9.675973e-02 -7.253076e-01 
        9   0.54827   0.21979   0.00235   0.89678  6.650079e-02 -3.495668e-01  2.751712e-04  1.376397e-02  7.147426e-04  1.888873e-04  5.273683e-02 -3.502815e-01  8.628394e-05  2.751712e-04  6.650079e-02 -3.365176e-01  1.888873e-04  1.376397e-02  7.147426e-04  8.628394e-05  5.273683e-02 -3.502815e-01  6.201422e-01  1.174377e-01 -7.550134e-01 -7.894172e-04  2.412430e-02 -3.376168e-02  6.209317e-01  9.331336e-02 -7.212517e-01 
       10   0.59129   0.21979   0.00235   0.89678  6.737228e-02 -3.495316e-01  3.456787e-04  1.376394e-02  7.149448e-04  1.914720e-04  5.360834e-02 -3.502465e-01  1.542067e-04  3.456787e-04  6.737228e-02 -3.364826e-01  1.914720e-04  1.376394e-02  7.149448e-04  1.542067e-04  5.360834e-02 -3.502465e-01  6.369932e-01  1.220820e-01 -7.580050e-01 -8.174872e-04  2.477981e-02 -3.376133e-02  6.378107e-01  9.730216e-02 -7.242437e-01 
       11   0.63431   0.21979   0.00235   0.89678  6.778511e-02 -3.476020e-01  3.852960e-04  1.375354e-02  7.144363e-04  1.950279e-04  5.403157e-02 -3.483164e-01  1.902681e-04  3.852960e-04  6.778511e-02 -3.345628e-01  1.950279e-04  1.375354e-02  7.144363e-04  1.902681e-04  5.403157e-02 -3.483164e-01  6.502298e-01  1.260082e-01 -7.567557e-01 -8.417961e-04  2.541458e-02 -3.373578e-02  6.510715e-01  1.005936e-01 -7.230199e-01 
       12   0.67733   0.21979   0.00235   0.90280  6.905815e-02 -3.434848e-01  3.803976e-04  1.387236e-02  7.194891e-04  1.987353e-04  5.518579e-02 -3.442043e-01  1.816623e-04  3.803976e-04  6.905815e-02 -3.303319e-01  1.987353e-04  1.387236e-02  7.194891e-04  1.816623e-04  5.518579e-02 -3.442043e-01  6.589749e-01  1.316954e-01 -7.541713e-01 -8.763276e-04  2.629567e-02 -3.402879e-02  6.598513e-01  1.053998e-01 -7.201425e-01 
       13   0.72036   0.21979   0.00235   0.90794  6.937894e-02 -3.365812e-01  4.167570e-04  1.395736e-02  7.317033e-04  1.964334e-04  5.542159e-02 -3.373129e-01  2.203236e-04  4.167570e-04  6.937894e-02 -3.233555e-01  1.964334e-04  1.395736e-02  7.317033e-04  2.203236e-04  5.542159e-02 -3.373129e-01  6.619606e-01  1.355628e-01 -7.447742e-01 -9.405853e-04  2.713023e-02 -3.422630e-02  6.629012e-01  1.084326e-01 -7.105479e-01 
       14   0.76338   0.21979   0.00235   0.90787  6.817149e-02 -3.270199e-01  6.083919e-04  1.390705e-02  7.286904e-04  2.009935e-04  5.426443e-02 -3.277486e-01  4.073984e-04  6.083919e-04  6.817149e-02 -3.138415e-01  2.009935e-04  1.390705e-02  7.286904e-04  4.073984e-04  5.426443e-02 -3.277486e-01  6.593291e-01  1.361194e-01 -7.275803e-01 -9.580496e-04  2.769107e-02 -3.410347e-02  6.602872e-01  1.084283e-01 -6.934768e-01 
       15   0.80640   0.21979   0.00235   0.90825  6.672741e-02 -3.121885e-01  7.916146e-04  1.384303e-02  7.279787e-04  2.044359e-04  5.288439e-02 -3.129165e-01  5.871787e-04  7.916146e-04  6.672741e-02 -2.990735e-01  2.044359e-04  1.384303e-02  7.279787e-04  5.871787e-04  5.288439e-02 -3.129165e-01  6.449125e-01  1.360722e-01 -7.004048e-01 -9.827875e-04  2.822042e-02 -3.394274e-02  6.458953e-01  1.078517e-01 -6.664620e-01 
       16   0.84942   0.21979   0.00235   0.91738  6.590225e-02 -2.922581e-01  9.209202e-04  1.397323e-02  7.355646e-04  1.711238e-04  5.192901e-02 -2.929936e-01  7.497964e-04  9.209202e-04  6.590225e-02 -2.790204e-01  1.711238e-04  1.397323e-02  7.355646e-04  7.497964e-04  5.192901e-02 -2.929936e-01  6.181724e-01  1.373114e-01 -6.664050e-01 -1.117789e-03  2.920475e-02 -3.426096e-02  6.192902e-01  1.081066e-01 -6.321441e-01 
       17   0.89244   0.21979   0.00235   0.91885  6.294959e-02 -2.644679e-01  2.889733e-03  1.389338e-02  7.307111e-04  1.615428e-04  4.905621e-02 -2.651986e-01  2.728190e-03  2.889733e-03  6.294959e-02 -2.513052e-01  1.615428e-04  1.389338e-02  7.307111e-04  2.728190e-03  4.905621e-02 -2.651986e-01  5.772020e-01  1.306937e-01 -6.137443e-01 -1.166759e-03  2.971539e-02 -3.406609e-02  5.783687e-01  1.009783e-01 -5.796782e-01 
       18   0.93547   0.21979   0.00235   0.92022  5.648138e-02 -2.236222e-01  1.275048e-02  1.377724e-02  7.313836e-04  1.621791e-04  4.270414e-02 -2.243535e-01  1.258830e-02  1.275048e-02  5.648138e-02 -2.105763e-01  1.621791e-04  1.377724e-02  7.313836e-04  1.258830e-02  4.270414e-02 -2.243535e-01  5.246388e-01  1.024946e-01 -5.302121e-01 -1.201630e-03  3.012403e-02 -3.377177e-02  5.258404e-01  7.237055e-02 -4.964403e-01 
       19   0.97849   0.21979   0.00235   0.92060  5.072191e-02 -1.681094e-01  1.042445e-02  1.362293e-02  7.482186e-04  1.295853e-04  3.709898e-02 -1.688577e-01  1.029486e-02  1.042445e-02  5.072191e-02 -1.552347e-01  1.295853e-04  1.362293e-02  7.482186e-04  1.029486e-02  3.709898e-02 -1.688577e-01  4.047211e-01  9.630864e-02 -4.226131e-01 -1.356889e-03  3.048246e-02 -3.335823e-02  4.060780e-01  6.582618e-02 -3.892549e-01 



Average loading for wing surface: 8 --> VSP Surface: 8 ... NOTE: values are per area! 

  Station     S       Chord     Area      V/Vref        Cx            Cy            Cz           Cxo           Cyo           Czo          Cxi            Cyi           Czi           Cl            Cd            Cs            Clo           Cdo           Cso           Cli           Cdi           Csi           Cmx           Cmy           Cmz          Cmxo          Cmyo          Cmzo          Cmxi          Cmyi          Cmzi 
        1   0.11280   0.21979   0.00235   0.86799  2.919292e-02  1.463961e-01 -3.333863e-02  1.225388e-02 -6.182332e-04 -4.093445e-04  1.693904e-02  1.470143e-01 -3.292929e-02 -3.333863e-02  2.919292e-02  1.592682e-01 -4.093445e-04  1.225388e-02 -6.182332e-04 -3.292929e-02  1.693904e-02  1.470143e-01 -1.191263e-01  1.002020e-01  3.159541e-01  1.892716e-03  1.759655e-02  3.008309e-02 -1.210190e-01  8.260545e-02  2.858710e-01 
        2   0.24711   0.21979   0.00235   0.86875  5.034988e-02  2.331300e-01 -3.651267e-02  1.255868e-02 -6.001992e-04 -6.715254e-05  3.779120e-02  2.337302e-01 -3.644552e-02 -3.651267e-02  5.034988e-02  2.462889e-01 -6.715254e-05  1.255868e-02 -6.001992e-04 -3.644552e-02  3.779120e-02  2.337302e-01 -2.432863e-01  1.377309e-01  5.189498e-01  1.032003e-03  1.813901e-02  3.087846e-02 -2.443183e-01  1.195919e-01  4.880713e-01 
        3   0.29013   0.21979   0.00235   0.88319  6.069373e-02  2.855812e-01 -3.742550e-03  1.312407e-02 -6.587936e-04  3.016315e-05  4.756966e-02  2.862400e-01 -3.772713e-03 -3.742550e-03  6.069373e-02  2.993640e-01  3.016315e-05  1.312407e-02 -6.587936e-04 -3.772713e-03  4.756966e-02  2.862400e-01 -4.146355e-01  9.671864e-02  6.320499e-01  9.019139e-04  1.944276e-02  3.222411e-02 -4.155375e-01  7.727588e-02  5.998258e-01 
        4   0.33316   0.21979   0.00235   0.88587  6.897204e-02  3.119266e-01 -3.525780e-04  1.331571e-02 -6.715654e-04  4.147144e-05  5.565633e-02  3.125982e-01 -3.940494e-04 -3.525780e-04  6.897204e-02  3.259139e-01  4.147144e-05  1.331571e-02 -6.715654e-04 -3.940494e-04  5.565633e-02  3.125982e-01 -4.771700e-01  1.063391e-01  6.968127e-01  9.244739e-04  2.034908e-02  3.269021e-02 -4.780945e-01  8.598999e-02  6.641225e-01 
        5   0.37618   0.21979   0.00235   0.88256  6.139974e-02  3.235988e-01 -4.487617e-04  1.329523e-02 -6.830343e-04  1.147308e-04  4.810451e-02  3.242818e-01 -5.634924e-04 -4.487617e-04  6.139974e-02  3.375770e-01  1.147308e-04  1.329523e-02 -6.830343e-04 -5.634924e-04  4.810451e-02  3.242818e-01 -5.103194e-01  9.789502e-02  6.980262e-01  7.897035e-04  2.085118e-02  3.262230e-02 -5.111091e-01  7.704384e-02  6.654039e-01 
        6   0.41920   0.21979   0.00235   0.88236  6.214402e-02  3.335480e-01 -5.423590e-04  1.334376e-02 -6.841042e-04  1.127375e-04  4.880026e-02  3.342321e-01 -6.550965e-04 -5.423590e-04  6.214402e-02  3.475759e-01  1.127375e-04  1.334376e-02 -6.841042e-04 -6.550965e-04  4.880026e-02  3.342321e-01 -5.417838e-01  1.022164e-01  7.167002e-01  8.291938e-04  2.156977e-02  3.274339e-02 -5.426130e-01  8.064664e-02  6.839568e-01 
        7   0.46222   0.21979   0.00235   0.88652  6.921288e-02  3.419781e-01 -8.456216e-05  1.348721e-02 -6.858306e-04  1.489029e-04  5.572567e-02  3.426639e-01 -2.334651e-04 -8.456216e-05  6.921288e-02  3.561511e-01  1.489029e-04  1.348721e-02 -6.858306e-04 -2.334651e-04  5.572567e-02  3.426639e-01 -5.730228e-01  1.162381e-01  7.482342e-01  7.734944e-04  2.239833e-02  3.310332e-02 -5.737963e-01  9.383972e-02  7.151308e-01 
        8   0.50524   0.21979   0.00235   0.88647  6.940114e-02  3.458917e-01  1.761399e-04  1.350756e-02 -6.866779e-04  1.520931e-04  5.589359e-02  3.465783e-01  2.404679e-05  1.761399e-04  6.940114e-02  3.600859e-01  1.520931e-04  1.350756e-02 -6.866779e-04  2.404679e-05  5.589359e-02  3.465783e-01 -5.968049e-01  1.194113e-01  7.556670e-01  7.997431e-04  2.307487e-02  3.315353e-02 -5.976046e-01  9.633646e-02  7.225135e-01 
        9   0.54827   0.21979   0.00235   0.89663  6.628745e-02  3.476098e-01  2.982552e-04  1.374974e-02 -7.071121e-04  2.070619e-04  5.253771e-02  3.483170e-01  9.119335e-05  2.982552e-04  6.628745e-02  3.620667e-01  2.070619e-04  1.374974e-02 -7.071121e-04  9.119335e-05  5.253771e-02  3.483170e-01 -6.167327e-01  1.170252e-01  7.520936e-01  7.299846e-04  2.407347e-02  3.373650e-02 -6.174627e-01  9.295177e-02  7.183571e-01 
       10   0.59129   0.21979   0.00235   0.89663  6.717057e-02  3.475393e-01  3.717592e-04  1.374966e-02 -7.071926e-04  2.097209e-04  5.342091e-02  3.482465e-01  1.620383e-04  3.717592e-04  6.717057e-02  3.619962e-01  2.097209e-04  1.374966e-02 -7.071926e-04  1.620383e-04  5.342091e-02  3.482465e-01 -6.334331e-01  1.216748e-01  7.550344e-01  7.572802e-04  2.472809e-02  3.373618e-02 -6.341904e-01  9.694673e-02  7.212982e-01 
       11   0.63431   0.21979   0.00235   0.89663  6.758017e-02  3.455923e-01  4.164460e-04  1.373927e-02 -7.065793e-04  2.132160e-04  5.384090e-02  3.462989e-01  2.032299e-04  4.164460e-04  6.758017e-02  3.600382e-01  2.132160e-04  1.373927e-02 -7.065793e-04  2.032299e-04  5.384090e-02  3.462989e-01 -6.465545e-01  1.255763e-01  7.537290e-01  7.811754e-04  2.536229e-02  3.371081e-02 -6.473357e-01  1.002140e-01  7.200182e-01 
       12   0.67733   0.21979   0.00235   0.90269  6.885488e-02  3.414735e-01  4.156351e-04  1.385933e-02 -7.125970e-04  2.140378e-04  5.499555e-02  3.421860e-01  2.015973e-04  4.156351e-04  6.885488e-02  3.560454e-01  2.140378e-04  1.385933e-02 -7.125970e-04  2.015973e-04  5.499555e-02  3.421860e-01 -6.552103e-01  1.312485e-01  7.511154e-01  8.244685e-04  2.624914e-02  3.400560e-02 -6.560348e-01  1.049994e-01  7.171098e-01 
       13   0.72036   0.21979   0.00235   0.90779  6.914892e-02  3.345767e-01  4.590994e-04  1.394370e-02 -7.253958e-04  2.104973e-04  5.520522e-02  3.353021e-01  2.486022e-04  4.590994e-04  6.914892e-02  3.492458e-01  2.104973e-04  1.394370e-02 -7.253958e-04  2.486022e-04  5.520522e-02  3.353021e-01 -6.581310e-01  1.350409e-01  7.416214e-01  8.926731e-04  2.708358e-02  3.420069e-02 -6.590237e-01  1.079573e-01  7.074207e-01 
       14   0.76338   0.21979   0.00235   0.90774  6.793156e-02  3.250084e-01  6.600802e-04  1.389390e-02 -7.221652e-04  2.149856e-04  5.403765e-02  3.257305e-01  4.450946e-04  6.600802e-04  6.793156e-02  3.396244e-01  2.149856e-04  1.389390e-02 -7.221652e-04  4.450946e-04  5.403765e-02  3.257305e-01 -6.554131e-01  1.355499e-01  7.243273e-01  9.095783e-04  2.764490e-02  3.407945e-02 -6.563226e-01  1.079050e-01  6.902478e-01 
       15   0.80640   0.21979   0.00235   0.90812  6.644171e-02  3.102096e-01  8.554020e-04  1.383065e-02 -7.212019e-04  2.187643e-04  5.261106e-02  3.109308e-01  6.366378e-04  8.554020e-04  6.644171e-02  3.247615e-01  2.187643e-04  1.383065e-02 -7.212019e-04  6.366378e-04  5.261106e-02  3.109308e-01 -6.409978e-01  1.353755e-01  6.970244e-01  9.326362e-04  2.817474e-02  3.392103e-02 -6.419304e-01  1.072008e-01  6.631034e-01 
       16   0.84942   0.21979   0.00235   0.91730  6.564208e-02  2.903920e-01  1.000207e-03  1.396313e-02 -7.308116e-04  1.826486e-04  5.167895e-02  2.911228e-01  8.175585e-04  1.000207e-03  6.564208e-02  3.050860e-01  1.826486e-04  1.396313e-02 -7.308116e-04  8.175585e-04  5.167895e-02  2.911228e-01 -6.144396e-01  1.366267e-01  6.631988e-01  1.078660e-03  2.916722e-02  3.424215e-02 -6.155182e-01  1.074595e-01  6.289567e-01 
       17   0.89244   0.21979   0.00235   0.91880  6.267734e-02  2.627586e-01  2.973557e-03  1.388532e-02 -7.260216e-04  1.729565e-04  4.879201e-02  2.634847e-01  2.800600e-03  2.973557e-03  6.267734e-02  2.773700e-01  1.729565e-04  1.388532e-02 -7.260216e-04  2.800600e-03  4.879201e-02  2.634847e-01 -5.737300e-01  1.299662e-01  6.106795e-01  1.127820e-03  2.968194e-02  3.405235e-02 -5.748578e-01  1.002843e-01  5.766272e-01 
       18   0.93547   0.21979   0.00235   0.92017  5.621276e-02  2.221071e-01  1.279298e-02  1.377091e-02 -7.266012e-04  1.735594e-04  4.244185e-02  2.228337e-01  1.261942e-02  1.279298e-02  5.621276e-02  2.366047e-01  1.735594e-04  1.377091e-02 -7.266012e-04  1.261942e-02  4.244185e-02  2.228337e-01 -5.214077e-01  1.018477e-01  5.273604e-01  1.162346e-03  3.009404e-02  3.376251e-02 -5.225700e-01  7.175368e-02  4.935979e-01 
       19   0.97849   0.21979   0.00235   0.92056  5.047349e-02  1.669902e-01  1.043477e-02  1.361896e-02 -7.433986e-04  1.409815e-04  3.685452e-02  1.677336e-01  1.029379e-02  1.043477e-02  5.047349e-02  1.813526e-01  1.409815e-04  1.361896e-02 -7.433986e-04  1.029379e-02  3.685452e-02  1.677336e-01 -4.022302e-01  9.574927e-02  4.203331e-01  1.317252e-03  3.045746e-02  3.335500e-02 -4.035474e-01  6.529181e-02  3.869781e-01 



Time history of loading for wing surface: 1 --> VSP Surface: 1 ... NOTE: values per area! 

  Station    Time       S       Chord     Area      V/Vref        Cx            Cy            Cz           Cxo           Cyo           Czo          Cxi            Cyi           Czi           Cl            Cd            Cs            Clo           Cdo           Cso           Cli           Cdi           Csi           Cmx           Cmy           Cmz          Cmxo          Cmyo          Cmzo          Cmxi          Cmyi          Cmzi 
        1   0.00000   0.06064   0.32000   0.01489   1.03101  3.670536e-02 -2.023290e-04 -7.245573e-01  1.822598e-02 -2.377955e-04  7.228543e-04  1.847938e-02  3.546644e-05 -7.252801e-01 -7.245573e-01  3.670536e-02  1.826145e-02  7.228543e-04  1.822598e-02 -2.377955e-04 -7.252801e-01  1.847938e-02  3.546644e-05 -5.236338e-02  7.441946e-01 -2.861971e-03  2.779538e-04  1.656206e-02 -1.559924e-03 -5.264133e-02  7.276325e-01 -1.302046e-03 
        2   0.00000   0.15507   0.32000   0.01489   1.03091  3.364161e-02 -1.496823e-04 -7.253721e-01  1.822998e-02 -2.429352e-04  7.223749e-04  1.541162e-02  9.325294e-05 -7.260945e-01 -7.253721e-01  3.364161e-02  1.832324e-02  7.223749e-04  1.822998e-02 -2.429352e-04 -7.260945e-01  1.541162e-02  9.325294e-05 -1.576928e-01  7.410110e-01 -7.465000e-03  3.876012e-04  1.656633e-02 -4.210304e-03 -1.580804e-01  7.244447e-01 -3.254695e-03 
        3   0.00000   0.22267   0.32000   0.01489   1.02842  3.298393e-02 -3.016931e-04 -7.287582e-01  1.820693e-02 -3.403637e-04  7.231861e-04  1.477699e-02  3.867059e-05 -7.294814e-01 -7.287582e-01  3.298393e-02  1.824560e-02  7.231861e-04  1.820693e-02 -3.403637e-04 -7.294814e-01  1.477699e-02  3.867059e-05 -2.640460e-01  7.395626e-01 -1.226588e-02  5.851004e-04  1.654366e-02 -6.944300e-03 -2.646311e-01  7.230190e-01 -5.321580e-03 
        4   0.00000   0.29026   0.32000   0.01489   1.02843  2.956402e-02 -3.671300e-04 -7.332778e-01  1.824481e-02 -3.461893e-04  7.249317e-04  1.131921e-02 -2.094072e-05 -7.340027e-01 -7.332778e-01  2.956402e-02  1.822387e-02  7.249317e-04  1.824481e-02 -3.461893e-04 -7.340027e-01  1.131921e-02 -2.094072e-05 -3.720091e-01  7.382439e-01 -1.537573e-02  6.964372e-04  1.657784e-02 -9.610964e-03 -3.727055e-01  7.216661e-01 -5.764770e-03 
        5   0.00000   0.35786   0.32000   0.01489   1.02408  3.505819e-02 -2.962078e-04 -7.422053e-01  1.823956e-02 -2.860338e-04  7.276359e-04  1.681862e-02 -1.017399e-05 -7.429329e-01 -7.422053e-01  3.505819e-02  1.822939e-02  7.276359e-04  1.823956e-02 -2.860338e-04 -7.429329e-01  1.681862e-02 -1.017399e-05 -4.843492e-01  7.500854e-01 -2.318462e-02  7.463327e-04  1.657016e-02 -1.219450e-02 -4.850955e-01  7.335153e-01 -1.099012e-02 
        6   0.00000   0.42545   0.32000   0.01489   1.02440  3.412459e-02 -2.999792e-04 -7.396564e-01  1.822314e-02 -2.836117e-04  7.265498e-04  1.590145e-02 -1.636755e-05 -7.403830e-01 -7.396564e-01  3.412459e-02  1.820677e-02  7.265498e-04  1.822314e-02 -2.836117e-04 -7.403830e-01  1.590145e-02 -1.636755e-05 -5.899712e-01  7.466936e-01 -2.754003e-02  8.487401e-04  1.655567e-02 -1.482531e-02 -5.908199e-01  7.301379e-01 -1.271472e-02 
        7   0.00000   0.49304   0.32000   0.01489   1.02362  3.245202e-02 -1.907035e-04 -7.278791e-01  1.810510e-02 -2.002269e-04  7.235566e-04  1.434693e-02  9.523424e-06 -7.286026e-01 -7.278791e-01  3.245202e-02  1.811462e-02  7.235566e-04  1.810510e-02 -2.002269e-04 -7.286026e-01  1.434693e-02  9.523424e-06 -6.862615e-01  7.351483e-01 -3.079747e-02  8.722524e-04  1.644671e-02 -1.727458e-02 -6.871338e-01  7.187015e-01 -1.352288e-02 
        8   0.00000   0.56064   0.32000   0.01489   1.02359  3.413445e-02 -4.214200e-05 -7.074524e-01  1.793028e-02 -2.007651e-04  7.175254e-04  1.620417e-02  1.586231e-04 -7.081699e-01 -7.074524e-01  3.413445e-02  1.808891e-02  7.175254e-04  1.793028e-02 -2.007651e-04 -7.081699e-01  1.620417e-02  1.586231e-04 -7.697768e-01  7.178137e-01 -3.713809e-02  9.711793e-04  1.628696e-02 -1.971173e-02 -7.707479e-01  7.015267e-01 -1.742637e-02 
        9   0.00000   0.62823   0.32000   0.01489   1.02392  3.118202e-02  3.375609e-04 -6.733361e-01  1.765626e-02 -7.108532e-05  7.025352e-04  1.352576e-02  4.086462e-04 -6.740387e-01 -6.733361e-01  3.118202e-02  1.806491e-02  7.025352e-04  1.765626e-02 -7.108532e-05 -6.740387e-01  1.352576e-02  4.086462e-04 -8.306841e-01  6.831240e-01 -3.797912e-02  9.338142e-04  1.604208e-02 -2.184561e-02 -8.316180e-01  6.670819e-01 -1.613350e-02 
       10   0.00000   0.69583   0.32000   0.01489   1.02573  3.361550e-02  1.096916e-03 -6.332061e-01  1.738352e-02 -6.442959e-05  6.931216e-04  1.623198e-02  1.161345e-03 -6.338992e-01 -6.332061e-01  3.361550e-02  1.854487e-02  6.931216e-04  1.738352e-02 -6.442959e-05 -6.338992e-01  1.623198e-02  1.161345e-03 -8.737657e-01  6.480619e-01 -4.486235e-02  1.016456e-03  1.579283e-02 -2.402474e-02 -8.747822e-01  6.322691e-01 -2.083761e-02 
       11   0.00000   0.76342   0.32000   0.01489   1.02883  2.795240e-02  2.708614e-03 -5.746346e-01  1.703104e-02 -1.740952e-05  6.788540e-04  1.092135e-02  2.726024e-03 -5.753135e-01 -5.746346e-01  2.795240e-02  1.975707e-02  6.788540e-04  1.703104e-02 -1.740952e-05 -5.753135e-01  1.092135e-02  2.726024e-03 -8.779572e-01  5.886079e-01 -3.906153e-02  1.050693e-03  1.547282e-02 -2.596290e-02 -8.790078e-01  5.731351e-01 -1.309863e-02 
       12   0.00000   0.83101   0.32000   0.01489   1.04195  3.083555e-02 -3.870570e-02 -4.765167e-01  1.672985e-02 -4.175000e-04  6.557213e-04  1.410570e-02 -3.828820e-02 -4.771724e-01 -4.765167e-01  3.083555e-02 -2.155834e-02  6.557213e-04  1.672985e-02 -4.175000e-04 -4.771724e-01  1.410570e-02 -3.828820e-02 -7.570496e-01  4.867481e-01 -1.024696e-01  1.490018e-03  1.521031e-02 -2.833135e-02 -7.585396e-01  4.715378e-01 -7.413820e-02 
       13   0.00000   0.89861   0.32000   0.01489   0.98790  3.797294e-02 -3.525652e-02 -5.981157e-01  1.631886e-02 -2.774659e-04  6.303455e-04  2.165409e-02 -3.497906e-02 -5.987460e-01 -5.981157e-01  3.797294e-02 -1.866020e-02  6.303455e-04  1.631886e-02 -2.774659e-04 -5.987460e-01  2.165409e-02 -3.497906e-02 -1.052482e+00  6.465135e-01 -1.158423e-01  1.406331e-03  1.484591e-02 -2.987327e-02 -1.053889e+00  6.316675e-01 -8.596901e-02 
       14   0.00000   0.96620   0.32000   0.01489   1.01406  4.595613e-02  5.933437e-03 -5.834885e-01  1.675182e-02  7.920537e-04  6.871790e-04  2.920431e-02  5.141383e-03 -5.841757e-01 -5.834885e-01  4.595613e-02  2.189321e-02  6.871790e-04  1.675182e-02  7.920537e-04 -5.841757e-01  2.920431e-02  5.141383e-03 -1.148713e+00  6.743318e-01 -8.305592e-02  5.948189e-04  1.519970e-02 -3.201972e-02 -1.149308e+00  6.591322e-01 -5.103620e-02 



Time history of loading for wing surface: 2 --> VSP Surface: 2 ... NOTE: values per area! 

  Station    Time       S       Chord     Area      V/Vref        Cx            Cy            Cz           Cxo           Cyo           Czo          Cxi            Cyi           Czi           Cl            Cd            Cs            Clo           Cdo           Cso           Cli           Cdi           Csi           Cmx           Cmy           Cmz          Cmxo          Cmyo          Cmzo          Cmxi          Cmyi          Cmzi 
        1   0.00000   0.06064   0.32000   0.01489   1.03095  3.676819e-02  2.010246e-04 -7.253265e-01  1.823123e-02  2.494849e-04  7.251837e-04  1.853696e-02 -4.846030e-05 -7.260517e-01 -7.253265e-01  3.676819e-02  1.818277e-02  7.251837e-04  1.823123e-02  2.494849e-04 -7.260517e-01  1.853696e-02 -4.846030e-05  5.241803e-02  7.449504e-01  2.862959e-03 -2.892086e-04  1.656471e-02  1.571992e-03  5.270724e-02  7.283856e-01  1.290968e-03 
        2   0.00000   0.15507   0.32000   0.01489   1.03081  3.370522e-02  1.294566e-04 -7.274405e-01  1.824527e-02  2.498216e-04  7.275514e-04  1.545995e-02 -1.203650e-04 -7.281681e-01 -7.274405e-01  3.370522e-02  1.812491e-02  7.275514e-04  1.824527e-02  2.498216e-04 -7.281681e-01  1.545995e-02 -1.203650e-04  1.581606e-01  7.429876e-01  7.454550e-03 -3.952586e-04  1.657566e-02  4.220516e-03  1.585559e-01  7.264119e-01  3.234034e-03 
        3   0.00000   0.22267   0.32000   0.01489   1.02822  3.333512e-02  2.747322e-04 -7.321113e-01  1.823164e-02  3.421520e-04  7.338818e-04  1.510348e-02 -6.741988e-05 -7.328452e-01 -7.321113e-01  3.333512e-02  1.816422e-02  7.338818e-04  1.823164e-02  3.421520e-04 -7.328452e-01  1.510348e-02 -6.741988e-05  2.652879e-01  7.430052e-01  1.236082e-02 -5.906759e-04  1.655640e-02  6.955049e-03  2.658786e-01  7.264487e-01  5.405767e-03 
        4   0.00000   0.29026   0.32000   0.01489   1.02818  3.003342e-02  3.211885e-04 -7.378073e-01  1.827900e-02  3.480173e-04  7.381341e-04  1.175442e-02 -2.682880e-05 -7.385455e-01 -7.378073e-01  3.003342e-02  1.825218e-02  7.381341e-04  1.827900e-02  3.480173e-04 -7.385455e-01  1.175442e-02 -2.682880e-05  3.743527e-01  7.429757e-01  1.555557e-02 -7.048751e-04  1.659707e-02  9.630156e-03  3.750576e-01  7.263786e-01  5.925409e-03 
        5   0.00000   0.35786   0.32000   0.01489   1.02371  3.590049e-02  2.568519e-04 -7.475960e-01  1.827983e-02  2.808688e-04  7.523429e-04  1.762066e-02 -2.401691e-05 -7.483484e-01 -7.475960e-01  3.590049e-02  1.825581e-02  7.523429e-04  1.827983e-02  2.808688e-04 -7.483484e-01  1.762066e-02 -2.401691e-05  4.879065e-01  7.558490e-01  2.368618e-02 -7.575655e-04  1.658364e-02  1.221562e-02  4.886640e-01  7.392654e-01  1.147056e-02 
        6   0.00000   0.42545   0.32000   0.01489   1.02403  3.510663e-02  3.401109e-04 -7.459487e-01  1.827100e-02  2.786209e-04  7.538820e-04  1.683563e-02  6.149003e-05 -7.467026e-01 -7.459487e-01  3.510663e-02  1.833249e-02  7.538820e-04  1.827100e-02  2.786209e-04 -7.467026e-01  1.683563e-02  6.149003e-05  5.949547e-01  7.535186e-01  2.837680e-02 -8.658177e-04  1.657373e-02  1.485851e-02  5.958205e-01  7.369449e-01  1.351829e-02 
        7   0.00000   0.49304   0.32000   0.01489   1.02333  3.350463e-02  3.162489e-04 -7.348113e-01  1.815932e-02  1.937730e-04  7.542293e-04  1.534531e-02  1.224759e-04 -7.355655e-01 -7.348113e-01  3.350463e-02  1.828180e-02  7.542293e-04  1.815932e-02  1.937730e-04 -7.355655e-01  1.534531e-02  1.224759e-04  6.926808e-01  7.426632e-01  3.195370e-02 -8.950584e-04  1.646747e-02  1.731927e-02  6.935759e-01  7.261957e-01  1.463443e-02 
        8   0.00000   0.56064   0.32000   0.01489   1.02332  3.536370e-02  3.221006e-04 -7.152686e-01  1.799054e-02  1.935393e-04  7.494725e-04  1.737316e-02  1.285613e-04 -7.160181e-01 -7.152686e-01  3.536370e-02  1.811910e-02  7.494725e-04  1.799054e-02  1.935393e-04 -7.160181e-01  1.737316e-02  1.285613e-04  7.780162e-01  7.265027e-01  3.884418e-02 -9.990902e-04  1.631217e-02  1.977007e-02  7.790153e-01  7.101905e-01  1.907410e-02 
        9   0.00000   0.62823   0.32000   0.01489   1.02420  3.301395e-02  1.594776e-04 -6.822891e-01  1.773385e-02  6.676145e-05  7.426450e-04  1.528010e-02  9.271613e-05 -6.830318e-01 -6.822891e-01  3.301395e-02  1.782657e-02  7.426450e-04  1.773385e-02  6.676145e-05 -6.830318e-01  1.528010e-02  9.271613e-05  8.412567e-01  6.936577e-01  4.089838e-02 -9.791789e-04  1.607556e-02  2.193698e-02  8.422358e-01  6.775821e-01  1.896140e-02 
       10   0.00000   0.69583   0.32000   0.01489   1.02607  3.557028e-02 -3.954455e-04 -6.420049e-01  1.745653e-02  6.073586e-05  7.348140e-04  1.811375e-02 -4.561814e-04 -6.427397e-01 -6.420049e-01  3.557028e-02  1.700035e-02  7.348140e-04  1.745653e-02  6.073586e-05 -6.427397e-01  1.811375e-02 -4.561814e-04  8.852302e-01  6.585184e-01  4.848741e-02 -1.070420e-03  1.582039e-02  2.412168e-02  8.863006e-01  6.426980e-01  2.436573e-02 
       11   0.00000   0.76342   0.32000   0.01489   1.02862  2.944000e-02 -1.956326e-03 -5.817156e-01  1.707363e-02  2.356828e-05  7.229433e-04  1.236637e-02 -1.979895e-03 -5.824386e-01 -5.817156e-01  2.944000e-02  1.509373e-02  7.229433e-04  1.707363e-02  2.356828e-05 -5.824386e-01  1.236637e-02 -1.979895e-03  8.880439e-01  5.967165e-01  4.230731e-02 -1.123700e-03  1.546913e-02  2.603393e-02  8.891676e-01  5.812474e-01  1.627338e-02 
       12   0.00000   0.83101   0.32000   0.01489   1.04081  2.926837e-02  3.556579e-02 -4.702687e-01  1.666637e-02  4.569576e-04  6.757662e-04  1.260200e-02  3.510883e-02 -4.709445e-01 -4.702687e-01  2.926837e-02  5.177520e-02  6.757662e-04  1.666637e-02  4.569576e-04 -4.709445e-01  1.260200e-02  3.510883e-02  7.493125e-01  4.731290e-01  9.511857e-02 -1.560883e-03  1.513007e-02  2.826488e-02  7.508733e-01  4.579990e-01  6.685370e-02 
       13   0.00000   0.89861   0.32000   0.01489   0.98597  4.017516e-02  3.263291e-02 -5.962002e-01  1.626148e-02  2.820595e-04  7.239003e-04  2.391368e-02  3.235085e-02 -5.969241e-01 -5.962002e-01  4.017516e-02  4.861233e-02  7.239003e-04  1.626148e-02  2.820595e-04 -5.969241e-01  2.391368e-02  3.235085e-02  1.051860e+00  6.430357e-01  1.160065e-01 -1.580358e-03  1.469797e-02  2.977381e-02  1.053441e+00  6.283377e-01  8.623270e-02 
       14   0.00000   0.96620   0.32000   0.01489   1.01259  4.871137e-02 -5.048001e-03 -5.892133e-01  1.675910e-02 -7.987428e-04  7.437381e-04  3.195227e-02 -4.249258e-03 -5.899570e-01 -5.892133e-01  4.871137e-02  1.250985e-02  7.437381e-04  1.675910e-02 -7.987428e-04 -5.899570e-01  3.195227e-02 -4.249258e-03  1.159086e+00  6.827922e-01  8.965711e-02 -6.992568e-04  1.515006e-02  3.202729e-02  1.159785e+00  6.676422e-01  5.762982e-02 



Time history of loading for wing surface: 3 --> VSP Surface: 3 ... NOTE: values per area! 

  Station    Time       S       Chord     Area      V/Vref        Cx            Cy            Cz           Cxo           Cyo           Czo          Cxi            Cyi           Czi           Cl            Cd            Cs            Clo           Cdo           Cso           Cli           Cdi           Csi           Cmx           Cmy           Cmz          Cmxo          Cmyo          Cmzo          Cmxi          Cmyi          Cmzi 
        1   0.00000   0.03103   0.13000   0.00606   0.96513  1.403608e-01 -2.996926e-04 -5.796195e-01  1.840724e-02 -2.801937e-04  3.959525e-03  1.219536e-01 -1.949898e-05 -5.835791e-01 -5.796195e-01  1.403608e-01  1.838774e-02  3.959525e-03  1.840724e-02 -2.801937e-04 -5.835791e-01  1.219536e-01 -1.949898e-05 -1.027364e-01  2.692224e+00 -2.629324e-02  1.431855e-03  3.145313e-02 -4.430714e-03 -1.041683e-01  2.660771e+00 -2.186253e-02 
        2   0.00000   0.09814   0.13000   0.00606   0.96522  1.375958e-01 -3.408695e-04 -5.762253e-01  1.838269e-02 -3.457603e-04  3.930580e-03  1.192131e-01  4.890717e-06 -5.801559e-01 -5.762253e-01  1.375958e-01  1.838758e-02  3.930580e-03  1.838269e-02 -3.457603e-04 -5.801559e-01  1.192131e-01  4.890717e-06 -3.078469e-01  2.671417e+00 -7.510459e-02  3.000071e-03  3.150777e-02 -1.125921e-02 -3.108470e-01  2.639909e+00 -6.384539e-02 
        3   0.00000   0.17029   0.13000   0.00606   0.96643  1.288788e-01 -5.571307e-04 -5.580260e-01  1.826041e-02 -5.412371e-04  3.895236e-03  1.106183e-01 -1.589352e-05 -5.619212e-01 -5.580260e-01  1.288788e-01  1.824452e-02  3.895236e-03  1.826041e-02 -5.412371e-04 -5.619212e-01  1.106183e-01 -1.589352e-05 -4.967033e-01  2.570347e+00 -1.173211e-01  4.877946e-03  3.133575e-02 -1.851319e-02 -5.015812e-01  2.539012e+00 -9.880788e-02 
        4   0.00000   0.24244   0.13000   0.00606   0.96602  1.362709e-01 -6.280666e-04 -5.845368e-01  1.846460e-02 -5.635518e-04  3.917727e-03  1.178063e-01 -6.451477e-05 -5.884545e-01 -5.845368e-01  1.362709e-01  1.840009e-02  3.917727e-03  1.846460e-02 -5.635518e-04 -5.884545e-01  1.178063e-01 -6.451477e-05 -7.290972e-01  2.704951e+00 -1.729477e-01  6.354939e-03  3.177214e-02 -2.538109e-02 -7.354521e-01  2.673179e+00 -1.475666e-01 
        5   0.00000   0.31459   0.13000   0.00606   0.96826  1.406697e-01 -4.362300e-04 -5.762185e-01  1.847096e-02 -3.984333e-04  3.903618e-03  1.221988e-01 -3.779678e-05 -5.801222e-01 -5.762185e-01  1.406697e-01  1.843317e-02  3.903618e-03  1.847096e-02 -3.984333e-04 -5.801222e-01  1.221988e-01 -3.779678e-05 -9.249465e-01  2.678932e+00 -2.278709e-01  7.304327e-03  3.184618e-02 -3.131182e-02 -9.322509e-01  2.647086e+00 -1.965591e-01 
        6   0.00000   0.38673   0.13000   0.00606   0.96889  1.374394e-01 -2.072581e-04 -5.723757e-01  1.845931e-02 -2.014369e-04  3.881530e-03  1.189801e-01 -5.821279e-06 -5.762572e-01 -5.723757e-01  1.374394e-01  1.845349e-02  3.881530e-03  1.845931e-02 -2.014369e-04 -5.762572e-01  1.189801e-01 -5.821279e-06 -1.123751e+00  2.656644e+00 -2.708115e-01  8.145505e-03  3.190619e-02 -3.708159e-02 -1.131896e+00  2.624737e+00 -2.337299e-01 
        7   0.00000   0.45888   0.13000   0.00606   0.96994  1.365100e-01  1.117904e-04 -5.705917e-01  1.846992e-02  9.575998e-05  3.892332e-03  1.180401e-01  1.603040e-05 -5.744841e-01 -5.705917e-01  1.365100e-01  1.848595e-02  3.892332e-03  1.846992e-02  9.575998e-05 -5.744841e-01  1.180401e-01  1.603040e-05 -1.324864e+00  2.647553e+00 -3.164380e-01  8.788061e-03  3.188956e-02 -4.248573e-02 -1.333652e+00  2.615664e+00 -2.739523e-01 
        8   0.00000   0.53103   0.13000   0.00606   0.97109  1.371093e-01  3.569370e-04 -5.702723e-01  1.849926e-02  3.443473e-04  3.872762e-03  1.186100e-01  1.258973e-05 -5.741450e-01 -5.702723e-01  1.371093e-01  1.851185e-02  3.872762e-03  1.849926e-02  3.443473e-04 -5.741450e-01  1.186100e-01  1.258973e-05 -1.528497e+00  2.648964e+00 -3.658152e-01  9.482721e-03  3.204534e-02 -4.814602e-02 -1.537980e+00  2.616918e+00 -3.176692e-01 
        9   0.00000   0.60318   0.13000   0.00606   0.96954  1.359550e-01  1.160681e-03 -5.783997e-01  1.848144e-02  1.123823e-03  3.914057e-03  1.174736e-01  3.685725e-05 -5.823137e-01 -5.783997e-01  1.359550e-01  1.851830e-02  3.914057e-03  1.848144e-02  1.123823e-03 -5.823137e-01  1.174736e-01  3.685725e-05 -1.759018e+00  2.679818e+00 -4.079874e-01  8.974885e-03  3.183067e-02 -5.151709e-02 -1.767992e+00  2.647987e+00 -3.564703e-01 
       10   0.00000   0.67533   0.13000   0.00606   0.97161  1.428031e-01  1.482371e-03 -5.896210e-01  1.861540e-02  1.466258e-03  3.897846e-03  1.241877e-01  1.611299e-05 -5.935189e-01 -5.896210e-01  1.428031e-01  1.863151e-02  3.897846e-03  1.861540e-02  1.466258e-03 -5.935189e-01  1.241877e-01  1.611299e-05 -2.004312e+00  2.740552e+00 -4.784117e-01  9.431961e-03  3.224335e-02 -5.717433e-02 -2.013744e+00  2.708309e+00 -4.212373e-01 
       11   0.00000   0.74748   0.13000   0.00606   0.96955  1.383486e-01  4.468421e-03 -5.986434e-01  1.853134e-02  2.496037e-03  3.832187e-03  1.198173e-01  1.972384e-03 -6.024755e-01 -5.986434e-01  1.383486e-01  2.050372e-02  3.832187e-03  1.853134e-02  2.496037e-03 -6.024755e-01  1.198173e-01  1.972384e-03 -2.258524e+00  2.760715e+00 -5.008746e-01  7.914023e-03  3.229394e-02 -5.930408e-02 -2.266438e+00  2.728421e+00 -4.415705e-01 
       12   0.00000   0.81963   0.13000   0.00606   0.97777  1.634700e-01  3.911270e-03 -6.284781e-01  1.881070e-02  3.038438e-03  4.523239e-03  1.446593e-01  8.728323e-04 -6.330013e-01 -6.284781e-01  1.634700e-01  1.968354e-02  4.523239e-03  1.881070e-02  3.038438e-03 -6.330013e-01  1.446593e-01  8.728323e-04 -2.588732e+00  2.922752e+00 -6.549284e-01  1.071784e-02  3.019582e-02 -6.485581e-02 -2.599450e+00  2.892556e+00 -5.900726e-01 
       13   0.00000   0.89178   0.13000   0.00606   0.96686  1.100073e-01  1.707588e-03 -6.162868e-01  1.879316e-02  6.324871e-04  3.409618e-03  9.121417e-02  1.075101e-03 -6.196964e-01 -6.162868e-01  1.100073e-01  1.986826e-02  3.409618e-03  1.879316e-02  6.324871e-04 -6.196964e-01  9.121417e-02  1.075101e-03 -2.756757e+00  2.742562e+00 -4.845854e-01  1.358541e-02  3.469605e-02 -8.131630e-02 -2.770343e+00  2.707865e+00 -4.032691e-01 
       14   0.00000   0.96393   0.13000   0.00606   0.90548  7.371423e-02  4.185240e-03 -5.262085e-01  1.633499e-02  1.994147e-03  3.542203e-03  5.737925e-02  2.191093e-03 -5.297507e-01 -5.262085e-01  7.371423e-02  1.852608e-02  3.542203e-03  1.633499e-02  1.994147e-03 -5.297507e-01  5.737925e-02  2.191093e-03 -2.547077e+00  2.270538e+00 -3.384117e-01  1.192008e-02  2.779614e-02 -7.061817e-02 -2.558997e+00  2.242742e+00 -2.677935e-01 



Time history of loading for wing surface: 4 --> VSP Surface: 4 ... NOTE: values per area! 

  Station    Time       S       Chord     Area      V/Vref        Cx            Cy            Cz           Cxo           Cyo           Czo          Cxi            Cyi           Czi           Cl            Cd            Cs            Clo           Cdo           Cso           Cli           Cdi           Csi           Cmx           Cmy           Cmz          Cmxo          Cmyo          Cmzo          Cmxi          Cmyi          Cmzi 
        1   0.00000   0.03103   0.13000   0.00606   0.96506  1.395229e-01  3.560832e-04 -5.780441e-01  1.839175e-02  3.422559e-04  3.953792e-03  1.211312e-01  1.382733e-05 -5.819979e-01 -5.780441e-01  1.395229e-01  1.840558e-02  3.953792e-03  1.839175e-02  3.422559e-04 -5.819979e-01  1.211312e-01  1.382733e-05  1.023098e-01  2.683490e+00  2.637263e-02 -1.591372e-03  3.143648e-02  4.681278e-03  1.039012e-01  2.652053e+00  2.169135e-02 
        2   0.00000   0.09814   0.13000   0.00606   0.96509  1.374749e-01  3.754105e-04 -5.750997e-01  1.836570e-02  3.880479e-04  3.948061e-03  1.191092e-01 -1.263740e-05 -5.790478e-01 -5.750997e-01  1.374749e-01  1.835306e-02  3.948061e-03  1.836570e-02  3.880479e-04 -5.790478e-01  1.191092e-01 -1.263740e-05  3.071634e-01  2.666302e+00  7.517786e-02 -3.118824e-03  3.139247e-02  1.142272e-02  3.102823e-01  2.634909e+00  6.375514e-02 
        3   0.00000   0.17029   0.13000   0.00606   0.96627  1.287323e-01  5.594795e-04 -5.556852e-01  1.823249e-02  5.660202e-04  3.918859e-03  1.104998e-01 -6.540614e-06 -5.596041e-01 -5.556852e-01  1.287323e-01  1.822595e-02  3.918859e-03  1.823249e-02  5.660202e-04 -5.596041e-01  1.104998e-01 -6.540614e-06  4.945940e-01  2.560166e+00  1.171869e-01 -4.963146e-03  3.116709e-02  1.858941e-02  4.995572e-01  2.528999e+00  9.859751e-02 
        4   0.00000   0.24244   0.13000   0.00606   0.96572  1.370394e-01  6.444316e-04 -5.822654e-01  1.843097e-02  5.843581e-04  3.959332e-03  1.186085e-01  6.007352e-05 -5.862247e-01 -5.822654e-01  1.370394e-01  1.849104e-02  3.959332e-03  1.843097e-02  5.843581e-04 -5.862247e-01  1.186085e-01  6.007352e-05  7.262377e-01  2.697299e+00  1.739815e-01 -6.460766e-03  3.151531e-02  2.542397e-02  7.326984e-01  2.665783e+00  1.485575e-01 
        5   0.00000   0.31459   0.13000   0.00606   0.96818  1.400121e-01  4.763305e-04 -5.699767e-01  1.840688e-02  4.070979e-04  3.960782e-03  1.216052e-01  6.923267e-05 -5.739375e-01 -5.699767e-01  1.400121e-01  1.847611e-02  3.960782e-03  1.840688e-02  4.070979e-04 -5.739375e-01  1.216052e-01  6.923267e-05  9.147977e-01  2.650653e+00  2.269795e-01 -7.418612e-03  3.144708e-02  3.124420e-02  9.222163e-01  2.619206e+00  1.957353e-01 
        6   0.00000   0.38673   0.13000   0.00606   0.96877  1.370597e-01  2.379048e-04 -5.643668e-01  1.837815e-02  2.073725e-04  3.955084e-03  1.186815e-01  3.053231e-05 -5.683219e-01 -5.643668e-01  1.370597e-01  1.840868e-02  3.955084e-03  1.837815e-02  2.073725e-04 -5.683219e-01  1.186815e-01  3.053231e-05  1.107940e+00  2.621206e+00  2.701908e-01 -8.305340e-03  3.139602e-02  3.694640e-02  1.116245e+00  2.589809e+00  2.332444e-01 
        7   0.00000   0.45888   0.13000   0.00606   0.96985  1.363367e-01 -8.598554e-05 -5.617705e-01  1.838530e-02 -9.508922e-05  3.959082e-03  1.179514e-01  9.103684e-06 -5.657296e-01 -5.617705e-01  1.363367e-01  1.839440e-02  3.959082e-03  1.838530e-02 -9.508922e-05 -5.657296e-01  1.179514e-01  9.103684e-06  1.304309e+00  2.608327e+00  3.161393e-01 -8.944753e-03  3.139818e-02  4.229201e-02  1.313254e+00  2.576929e+00  2.738473e-01 
        8   0.00000   0.53103   0.13000   0.00606   0.97100  1.370411e-01 -4.098934e-04 -5.579802e-01  1.838017e-02 -3.481108e-04  3.980984e-03  1.186609e-01 -6.178264e-05 -5.619611e-01 -5.579802e-01  1.370411e-01  1.831839e-02  3.980984e-03  1.838017e-02 -3.481108e-04 -5.619611e-01  1.186609e-01 -6.178264e-05  1.495642e+00  2.595273e+00  3.653823e-01 -9.762867e-03  3.129553e-02  4.781167e-02  1.505405e+00  2.563977e+00  3.175707e-01 
        9   0.00000   0.60318   0.13000   0.00606   0.97246  1.295457e-01 -1.198815e-03 -5.451577e-01  1.828126e-02 -1.123159e-03  3.973216e-03  1.112645e-01 -7.565668e-05 -5.491309e-01 -5.451577e-01  1.295457e-01  1.820560e-02  3.973216e-03  1.828126e-02 -1.123159e-03 -5.491309e-01  1.112645e-01 -7.565668e-05  1.658361e+00  2.518228e+00  3.884779e-01 -9.156194e-03  3.107137e-02  5.091211e-02  1.667517e+00  2.487157e+00  3.375658e-01 
       10   0.00000   0.67533   0.13000   0.00606   0.97527  1.404805e-01 -1.763955e-03 -5.662725e-01  1.849078e-02 -1.504464e-03  4.043962e-03  1.219897e-01 -2.594915e-04 -5.703164e-01 -5.662725e-01  1.404805e-01  1.823129e-02  4.043962e-03  1.849078e-02 -1.504464e-03 -5.703164e-01  1.219897e-01 -2.594915e-04  1.926107e+00  2.631763e+00  4.694719e-01 -9.828882e-03  3.132459e-02  5.659560e-02  1.935936e+00  2.600438e+00  4.128763e-01 
       11   0.00000   0.74748   0.13000   0.00606   0.97428  1.496976e-01 -9.173661e-03 -6.180419e-01  1.876274e-02 -2.630802e-03  4.094869e-03  1.309348e-01 -6.542859e-03 -6.221368e-01 -6.180419e-01  1.496976e-01  1.221988e-02  4.094869e-03  1.876274e-02 -2.630802e-03 -6.221368e-01  1.309348e-01 -6.542859e-03  2.344633e+00  2.871442e+00  5.230194e-01 -8.550475e-03  3.182029e-02  5.962175e-02  2.353183e+00  2.839622e+00  4.633977e-01 
       12   0.00000   0.81963   0.13000   0.00606   0.99719  2.009393e-01 -2.620867e-02 -6.929051e-01  1.961397e-02 -3.936923e-03  5.272455e-03  1.813253e-01 -2.227175e-02 -6.981775e-01 -6.929051e-01  2.009393e-01 -2.657777e-03  5.272455e-03  1.961397e-02 -3.936923e-03 -6.981775e-01  1.813253e-01 -2.227175e-02  2.904752e+00  3.297254e+00  7.133093e-01 -1.147081e-02  2.921551e-02  6.448748e-02  2.916223e+00  3.268038e+00  6.488218e-01 
       13   0.00000   0.89178   0.13000   0.00606   0.95676  9.381022e-02 -1.718977e-02 -5.637071e-01  1.821732e-02 -6.688694e-04  2.566206e-03  7.559289e-02 -1.652090e-02 -5.662733e-01 -5.637071e-01  9.381022e-02  1.696425e-03  2.566206e-03  1.821732e-02 -6.688694e-04 -5.662733e-01  7.559289e-02 -1.652090e-02  2.570364e+00  2.545354e+00  3.480636e-01 -9.726064e-03  3.664919e-02  7.859712e-02  2.580091e+00  2.508705e+00  2.694665e-01 
       14   0.00000   0.96393   0.13000   0.00606   0.91608  1.812980e-01 -3.465934e-03 -7.139826e-01  1.807997e-02 -2.927200e-03  5.226228e-03  1.632181e-01 -5.387337e-04 -7.192088e-01 -7.139826e-01  1.812980e-01  1.754124e-02  5.226228e-03  1.807997e-02 -2.927200e-03 -7.192088e-01  1.632181e-01 -5.387337e-04  3.448171e+00  3.375675e+00  8.576387e-01 -1.762589e-02  2.543608e-02  7.522290e-02  3.465797e+00  3.350239e+00  7.824158e-01 



Time history of loading for wing surface: 5 --> VSP Surface: 5 ... NOTE: values per area! 

  Station    Time       S       Chord     Area      V/Vref        Cx            Cy            Cz           Cxo           Cyo           Czo          Cxi            Cyi           Czi           Cl            Cd            Cs            Clo           Cdo           Cso           Cli           Cdi           Csi           Cmx           Cmy           Cmz          Cmxo          Cmyo          Cmzo          Cmxi          Cmyi          Cmzi 
        1   0.00000   0.24304   0.45000   0.01350   1.04184  1.386337e-02 -1.349619e-01  1.309823e-01  1.447301e-02 -6.164342e-05 -1.396789e-04 -6.096411e-04 -1.349003e-01  1.311220e-01  1.309823e-01  1.386337e-02 -1.204272e-01 -1.396789e-04  1.447301e-02 -6.164342e-05  1.311220e-01 -6.096411e-04 -1.349003e-01  2.708915e-01 -1.015569e-01 -1.222821e-01 -1.647724e-04  8.803312e-03 -2.095820e-02  2.710562e-01 -1.103602e-01 -1.013239e-01 
        2   0.00000   0.55031   0.45000   0.01350   1.02281  3.027612e-01  1.310620e-01 -2.472436e-01  1.377340e-02  7.769176e-06  2.533540e-03  2.889878e-01  1.310542e-01 -2.497771e-01 -2.472436e-01  3.027612e-01  1.448276e-01  2.533540e-03  1.377340e-02  7.769176e-06 -2.497771e-01  2.889878e-01  1.310542e-01 -4.517728e-01  3.596903e-01 -2.571876e-01  3.654379e-03  7.014682e-03 -1.988826e-02 -4.554272e-01  3.526757e-01 -2.372993e-01 
        3   0.00000   0.67879   0.45000   0.01350   0.95256  6.391279e-02  3.507144e-01 -3.898675e-01  1.306672e-02 -2.937091e-05  6.826392e-04  5.084607e-02  3.507438e-01 -3.905501e-01 -3.898675e-01  6.391279e-02  3.638105e-01  6.826392e-04  1.306672e-02 -2.937091e-05 -3.905501e-01  5.084607e-02  3.507438e-01 -8.132702e-01  3.224534e-01  2.648987e-01  1.007573e-03  8.998225e-03 -1.889928e-02 -8.142777e-01  3.134552e-01  2.837980e-01 
        4   0.00000   0.80728   0.45000   0.01350   0.92334  1.189393e-02  2.403882e-01 -3.424384e-03  1.199597e-02 -7.136349e-05 -1.023786e-04 -1.020463e-04  2.404595e-01 -3.322006e-03 -3.424384e-03  1.189393e-02  2.524555e-01 -1.023786e-04  1.199597e-02 -7.136349e-05 -3.322006e-03 -1.020463e-04  2.404595e-01 -1.978909e-01  9.242755e-03  2.088777e-01 -9.078936e-05  9.684369e-03 -1.738857e-02 -1.978001e-01 -4.416135e-04  2.262663e-01 
        5   0.00000   0.93576   0.45000   0.01350   0.92531  1.123649e-02  1.593359e-01  6.137359e-03  1.180082e-02 -5.078468e-05 -1.916128e-04 -5.643261e-04  1.593866e-01  6.328972e-03  6.137359e-03  1.123649e-02  1.711874e-01 -1.916128e-04  1.180082e-02 -5.078468e-05  6.328972e-03 -5.643261e-04  1.593866e-01 -1.291034e-01  3.385783e-03  1.296172e-01 -2.327607e-04  1.039131e-02 -1.708908e-02 -1.288707e-01 -7.005530e-03  1.467063e-01 



Time history of loading for wing surface: 6 --> VSP Surface: 6 ... NOTE: values per area! 

  Station    Time       S       Chord     Area      V/Vref        Cx            Cy            Cz           Cxo           Cyo           Czo          Cxi            Cyi           Czi           Cl            Cd            Cs            Clo           Cdo           Cso           Cli           Cdi           Csi           Cmx           Cmy           Cmz          Cmxo          Cmyo          Cmzo          Cmxi          Cmyi          Cmzi 
        1   0.00000   0.24304   0.45000   0.01350   1.03719  1.471191e-02  1.175409e-01  1.381755e-01  1.433280e-02  3.686786e-05 -2.112680e-04  3.791163e-04  1.175040e-01  1.383867e-01  1.381755e-01  1.471191e-02  1.318368e-01 -2.112680e-04  1.433280e-02  3.686786e-05  1.383867e-01  3.791163e-04  1.175040e-01 -2.709126e-01 -1.085005e-01  1.008441e-01  2.830442e-04  8.780431e-03  2.073447e-02 -2.711957e-01 -1.172809e-01  8.010960e-02 
        2   0.00000   0.55031   0.45000   0.01350   1.00741  3.274477e-01 -1.600514e-01 -4.770151e-01  1.351463e-02  2.906192e-04  2.146932e-03  3.139330e-01 -1.603420e-01 -4.791620e-01 -4.770151e-01  3.274477e-01 -1.468274e-01  2.146932e-03  1.351463e-02  2.906192e-04 -4.791620e-01  3.139330e-01 -1.603420e-01  8.019146e-01  6.828405e-01  2.556220e-01 -3.294871e-03  7.172937e-03  1.976978e-02  8.052095e-01  6.756675e-01  2.358523e-01 
        3   0.00000   0.67879   0.45000   0.01350   0.96208  6.580988e-02 -1.618783e-01 -6.163410e-01  1.261810e-02 -6.040824e-04 -8.671814e-05  5.319178e-02 -1.612743e-01 -6.162542e-01 -6.163410e-01  6.580988e-02 -1.486562e-01 -8.671814e-05  1.261810e-02 -6.040824e-04 -6.162542e-01  5.319178e-02 -1.612743e-01  1.002020e+00  6.250201e-01 -1.258165e-02  5.682533e-04  9.327464e-03  1.770932e-02  1.001451e+00  6.156926e-01 -3.029097e-02 
        4   0.00000   0.80728   0.45000   0.01350   0.92527  1.216767e-02 -2.366766e-01  1.092221e-02  1.202467e-02  1.050983e-04 -1.092098e-04  1.430024e-04 -2.367817e-01  1.103142e-02  1.092221e-02  1.216767e-02 -2.247570e-01 -1.092098e-04  1.202467e-02  1.050983e-04  1.103142e-02  1.430024e-04 -2.367817e-01  1.752504e-01 -8.490616e-03 -2.015304e-01  7.366887e-05  9.713167e-03  1.745888e-02  1.751767e-01 -1.820378e-02 -2.189893e-01 
        5   0.00000   0.93576   0.45000   0.01350   0.92555  1.160648e-02 -1.671252e-01  9.576651e-03  1.182511e-02  8.296544e-05 -1.602896e-04 -2.186232e-04 -1.672082e-01  9.736941e-03  9.576651e-03  1.160648e-02 -1.553831e-01 -1.602896e-04  1.182511e-02  8.296544e-05  9.736941e-03 -2.186232e-04 -1.672082e-01  1.308942e-01 -9.201931e-04 -1.377523e-01  1.596260e-04  1.038556e-02  1.715169e-02  1.307346e-01 -1.130576e-02 -1.549040e-01 



Time history of loading for wing surface: 7 --> VSP Surface: 7 ... NOTE: values per area! 

  Station    Time       S       Chord     Area      V/Vref        Cx            Cy            Cz           Cxo           Cyo           Czo          Cxi            Cyi           Czi           Cl            Cd            Cs            Clo           Cdo           Cso           Cli           Cdi           Csi           Cmx           Cmy           Cmz          Cmxo          Cmyo          Cmzo          Cmxi          Cmyi          Cmzi 
        1   0.00000   0.11280   0.21979   0.00235   0.86957  2.909429e-02 -1.465595e-01 -3.448585e-02  1.229089e-02  6.315774e-04 -4.485020e-04  1.680340e-02 -1.471911e-01 -3.403735e-02 -3.448585e-02  2.909429e-02 -1.349002e-01 -4.485020e-04  1.229089e-02  6.315774e-04 -3.403735e-02  1.680340e-02 -1.471911e-01  1.163988e-01  1.022100e-01 -3.154987e-01 -2.010166e-03  1.770314e-02 -3.015777e-02  1.184090e-01  8.450684e-02 -2.853409e-01 
        2   0.00000   0.24711   0.21979   0.00235   0.86950  4.924818e-02 -2.313307e-01 -3.735243e-02  1.256868e-02  6.054473e-04 -1.041377e-04  3.667950e-02 -2.319362e-01 -3.724829e-02 -3.735243e-02  4.924818e-02 -2.193675e-01 -1.041377e-04  1.256868e-02  6.054473e-04 -3.724829e-02  3.667950e-02 -2.319362e-01  2.385864e-01  1.377464e-01 -5.120150e-01 -1.132971e-03  1.820552e-02 -3.089634e-02  2.397194e-01  1.195409e-01 -4.811187e-01 
        3   0.00000   0.29013   0.21979   0.00235   0.88341  6.118552e-02 -2.867842e-01 -3.336888e-03  1.313448e-02  6.725357e-04  3.105838e-06  4.805103e-02 -2.874567e-01 -3.339994e-03 -3.336888e-03  6.118552e-02 -2.743223e-01  3.105838e-06  1.313448e-02  6.725357e-04 -3.339994e-03  4.805103e-02 -2.874567e-01  4.174586e-01  9.669375e-02 -6.346076e-01 -9.906664e-04  1.949635e-02 -3.223103e-02  4.184492e-01  7.719739e-02 -6.023766e-01 
        4   0.00000   0.33316   0.21979   0.00235   0.88684  6.953687e-02 -3.137276e-01 -2.126676e-04  1.334681e-02  6.868474e-04  1.475344e-05  5.619006e-02 -3.144145e-01 -2.274210e-04 -2.126676e-04  6.953687e-02 -3.010677e-01  1.475344e-05  1.334681e-02  6.868474e-04 -2.274210e-04  5.619006e-02 -3.144145e-01  4.802805e-01  1.069383e-01 -7.005367e-01 -1.015387e-03  2.043441e-02 -3.274724e-02  4.812958e-01  8.650394e-02 -6.677895e-01 
        5   0.00000   0.37618   0.21979   0.00235   0.88282  6.159760e-02 -3.250654e-01 -4.053052e-04  1.330885e-02  6.915918e-04  9.235750e-05  4.828875e-02 -3.257570e-01 -4.976627e-04 -4.053052e-04  6.159760e-02 -3.124481e-01  9.235750e-05  1.330885e-02  6.915918e-04 -4.976627e-04  4.828875e-02 -3.257570e-01  5.127466e-01  9.812194e-02 -7.000850e-01 -8.597456e-04  2.090424e-02 -3.264465e-02  5.136063e-01  7.721770e-02 -6.674404e-01 
        6   0.00000   0.41920   0.21979   0.00235   0.88261  6.232138e-02 -3.350646e-01 -5.099223e-04  1.335764e-02  6.929695e-04  9.021015e-05  4.896374e-02 -3.357575e-01 -6.001324e-04 -5.099223e-04  6.232138e-02 -3.223999e-01  9.021015e-05  1.335764e-02  6.929695e-04 -6.001324e-04  4.896374e-02 -3.357575e-01  5.443344e-01  1.024397e-01 -7.187527e-01 -9.005362e-04  2.162412e-02 -3.276594e-02  5.452349e-01  8.081558e-02 -6.859868e-01 
        7   0.00000   0.46222   0.21979   0.00235   0.88688  6.946937e-02 -3.436756e-01 -6.795724e-05  1.350477e-02  6.964012e-04  1.262200e-04  5.596460e-02 -3.443720e-01 -1.941773e-04 -6.795724e-05  6.946937e-02 -3.308672e-01  1.262200e-04  1.350477e-02  6.964012e-04 -1.941773e-04  5.596460e-02 -3.443720e-01  5.759105e-01  1.166305e-01 -7.507914e-01 -8.485128e-04  2.245974e-02 -3.313277e-02  5.767590e-01  9.417077e-02 -7.176586e-01 
        8   0.00000   0.50524   0.21979   0.00235   0.88682  6.967338e-02 -3.477230e-01  1.618823e-04  1.352562e-02  6.973059e-04  1.294885e-04  5.614776e-02 -3.484203e-01  3.239374e-05  1.618823e-04  6.967338e-02 -3.348947e-01  1.294885e-04  1.352562e-02  6.973059e-04  3.239374e-05  5.614776e-02 -3.484203e-01  5.999270e-01  1.198976e-01 -7.584918e-01 -8.751691e-04  2.313787e-02 -3.318417e-02  6.008022e-01  9.675973e-02 -7.253076e-01 
        9   0.00000   0.54827   0.21979   0.00235   0.89678  6.650079e-02 -3.495668e-01  2.751712e-04  1.376397e-02  7.147426e-04  1.888873e-04  5.273683e-02 -3.502815e-01  8.628394e-05  2.751712e-04  6.650079e-02 -3.365176e-01  1.888873e-04  1.376397e-02  7.147426e-04  8.628394e-05  5.273683e-02 -3.502815e-01  6.201422e-01  1.174377e-01 -7.550134e-01 -7.894172e-04  2.412430e-02 -3.376168e-02  6.209317e-01  9.331336e-02 -7.212517e-01 
       10   0.00000   0.59129   0.21979   0.00235   0.89678  6.737228e-02 -3.495316e-01  3.456787e-04  1.376394e-02  7.149448e-04  1.914720e-04  5.360834e-02 -3.502465e-01  1.542067e-04  3.456787e-04  6.737228e-02 -3.364826e-01  1.914720e-04  1.376394e-02  7.149448e-04  1.542067e-04  5.360834e-02 -3.502465e-01  6.369932e-01  1.220820e-01 -7.580050e-01 -8.174872e-04  2.477981e-02 -3.376133e-02  6.378107e-01  9.730216e-02 -7.242437e-01 
       11   0.00000   0.63431   0.21979   0.00235   0.89678  6.778511e-02 -3.476020e-01  3.852960e-04  1.375354e-02  7.144363e-04  1.950279e-04  5.403157e-02 -3.483164e-01  1.902681e-04  3.852960e-04  6.778511e-02 -3.345628e-01  1.950279e-04  1.375354e-02  7.144363e-04  1.902681e-04  5.403157e-02 -3.483164e-01  6.502298e-01  1.260082e-01 -7.567557e-01 -8.417961e-04  2.541458e-02 -3.373578e-02  6.510715e-01  1.005936e-01 -7.230199e-01 
       12   0.00000   0.67733   0.21979   0.00235   0.90280  6.905815e-02 -3.434848e-01  3.803976e-04  1.387236e-02  7.194891e-04  1.987353e-04  5.518579e-02 -3.442043e-01  1.816623e-04  3.803976e-04  6.905815e-02 -3.303319e-01  1.987353e-04  1.387236e-02  7.194891e-04  1.816623e-04  5.518579e-02 -3.442043e-01  6.589749e-01  1.316954e-01 -7.541713e-01 -8.763276e-04  2.629567e-02 -3.402879e-02  6.598513e-01  1.053998e-01 -7.201425e-01 
       13   0.00000   0.72036   0.21979   0.00235   0.90794  6.937894e-02 -3.365812e-01  4.167570e-04  1.395736e-02  7.317033e-04  1.964334e-04  5.542159e-02 -3.373129e-01  2.203236e-04  4.167570e-04  6.937894e-02 -3.233555e-01  1.964334e-04  1.395736e-02  7.317033e-04  2.203236e-04  5.542159e-02 -3.373129e-01  6.619606e-01  1.355628e-01 -7.447742e-01 -9.405853e-04  2.713023e-02 -3.422630e-02  6.629012e-01  1.084326e-01 -7.105479e-01 
       14   0.00000   0.76338   0.21979   0.00235   0.90787  6.817149e-02 -3.270199e-01  6.083919e-04  1.390705e-02  7.286904e-04  2.009935e-04  5.426443e-02 -3.277486e-01  4.073984e-04  6.083919e-04  6.817149e-02 -3.138415e-01  2.009935e-04  1.390705e-02  7.286904e-04  4.073984e-04  5.426443e-02 -3.277486e-01  6.593291e-01  1.361194e-01 -7.275803e-01 -9.580496e-04  2.769107e-02 -3.410347e-02  6.602872e-01  1.084283e-01 -6.934768e-01 
       15   0.00000   0.80640   0.21979   0.00235   0.90825  6.672741e-02 -3.121885e-01  7.916146e-04  1.384303e-02  7.279787e-04  2.044359e-04  5.288439e-02 -3.129165e-01  5.871787e-04  7.916146e-04  6.672741e-02 -2.990735e-01  2.044359e-04  1.384303e-02  7.279787e-04  5.871787e-04  5.288439e-02 -3.129165e-01  6.449125e-01  1.360722e-01 -7.004048e-01 -9.827875e-04  2.822042e-02 -3.394274e-02  6.458953e-01  1.078517e-01 -6.664620e-01 
       16   0.00000   0.84942   0.21979   0.00235   0.91738  6.590225e-02 -2.922581e-01  9.209202e-04  1.397323e-02  7.355646e-04  1.711238e-04  5.192901e-02 -2.929936e-01  7.497964e-04  9.209202e-04  6.590225e-02 -2.790204e-01  1.711238e-04  1.397323e-02  7.355646e-04  7.497964e-04  5.192901e-02 -2.929936e-01  6.181724e-01  1.373114e-01 -6.664050e-01 -1.117789e-03  2.920475e-02 -3.426096e-02  6.192902e-01  1.081066e-01 -6.321441e-01 
       17   0.00000   0.89244   0.21979   0.00235   0.91885  6.294959e-02 -2.644679e-01  2.889733e-03  1.389338e-02  7.307111e-04  1.615428e-04  4.905621e-02 -2.651986e-01  2.728190e-03  2.889733e-03  6.294959e-02 -2.513052e-01  1.615428e-04  1.389338e-02  7.307111e-04  2.728190e-03  4.905621e-02 -2.651986e-01  5.772020e-01  1.306937e-01 -6.137443e-01 -1.166759e-03  2.971539e-02 -3.406609e-02  5.783687e-01  1.009783e-01 -5.796782e-01 
       18   0.00000   0.93547   0.21979   0.00235   0.92022  5.648138e-02 -2.236222e-01  1.275048e-02  1.377724e-02  7.313836e-04  1.621791e-04  4.270414e-02 -2.243535e-01  1.258830e-02  1.275048e-02  5.648138e-02 -2.105763e-01  1.621791e-04  1.377724e-02  7.313836e-04  1.258830e-02  4.270414e-02 -2.243535e-01  5.246388e-01  1.024946e-01 -5.302121e-01 -1.201630e-03  3.012403e-02 -3.377177e-02  5.258404e-01  7.237055e-02 -4.964403e-01 
       19   0.00000   0.97849   0.21979   0.00235   0.92060  5.072191e-02 -1.681094e-01  1.042445e-02  1.362293e-02  7.482186e-04  1.295853e-04  3.709898e-02 -1.688577e-01  1.029486e-02  1.042445e-02  5.072191e-02 -1.552347e-01  1.295853e-04  1.362293e-02  7.482186e-04  1.029486e-02  3.709898e-02 -1.688577e-01  4.047211e-01  9.630864e-02 -4.226131e-01 -1.356889e-03  3.048246e-02 -3.335823e-02  4.060780e-01  6.582618e-02 -3.892549e-01 



Time history of loading for wing surface: 8 --> VSP Surface: 8 ... NOTE: values per area! 

  Station    Time       S       Chord     Area      V/Vref        Cx            Cy            Cz           Cxo           Cyo           Czo          Cxi            Cyi           Czi           Cl            Cd            Cs            Clo           Cdo           Cso           Cli           Cdi           Csi           Cmx           Cmy           Cmz          Cmxo          Cmyo          Cmzo          Cmxi          Cmyi          Cmzi 
        1   0.00000   0.11280   0.21979   0.00235   0.86799  2.919292e-02  1.463961e-01 -3.333863e-02  1.225388e-02 -6.182332e-04 -4.093445e-04  1.693904e-02  1.470143e-01 -3.292929e-02 -3.333863e-02  2.919292e-02  1.592682e-01 -4.093445e-04  1.225388e-02 -6.182332e-04 -3.292929e-02  1.693904e-02  1.470143e-01 -1.191263e-01  1.002020e-01  3.159541e-01  1.892716e-03  1.759655e-02  3.008309e-02 -1.210190e-01  8.260545e-02  2.858710e-01 
        2   0.00000   0.24711   0.21979   0.00235   0.86875  5.034988e-02  2.331300e-01 -3.651267e-02  1.255868e-02 -6.001992e-04 -6.715254e-05  3.779120e-02  2.337302e-01 -3.644552e-02 -3.651267e-02  5.034988e-02  2.462889e-01 -6.715254e-05  1.255868e-02 -6.001992e-04 -3.644552e-02  3.779120e-02  2.337302e-01 -2.432863e-01  1.377309e-01  5.189498e-01  1.032003e-03  1.813901e-02  3.087846e-02 -2.443183e-01  1.195919e-01  4.880713e-01 
        3   0.00000   0.29013   0.21979   0.00235   0.88319  6.069373e-02  2.855812e-01 -3.742550e-03  1.312407e-02 -6.587936e-04  3.016315e-05  4.756966e-02  2.862400e-01 -3.772713e-03 -3.742550e-03  6.069373e-02  2.993640e-01  3.016315e-05  1.312407e-02 -6.587936e-04 -3.772713e-03  4.756966e-02  2.862400e-01 -4.146355e-01  9.671864e-02  6.320499e-01  9.019139e-04  1.944276e-02  3.222411e-02 -4.155375e-01  7.727588e-02  5.998258e-01 
        4   0.00000   0.33316   0.21979   0.00235   0.88587  6.897204e-02  3.119266e-01 -3.525780e-04  1.331571e-02 -6.715654e-04  4.147144e-05  5.565633e-02  3.125982e-01 -3.940494e-04 -3.525780e-04  6.897204e-02  3.259139e-01  4.147144e-05  1.331571e-02 -6.715654e-04 -3.940494e-04  5.565633e-02  3.125982e-01 -4.771700e-01  1.063391e-01  6.968127e-01  9.244739e-04  2.034908e-02  3.269021e-02 -4.780945e-01  8.598999e-02  6.641225e-01 
        5   0.00000   0.37618   0.21979   0.00235   0.88256  6.139974e-02  3.235988e-01 -4.487617e-04  1.329523e-02 -6.830343e-04  1.147308e-04  4.810451e-02  3.242818e-01 -5.634924e-04 -4.487617e-04  6.139974e-02  3.375770e-01  1.147308e-04  1.329523e-02 -6.830343e-04 -5.634924e-04  4.810451e-02  3.242818e-01 -5.103194e-01  9.789502e-02  6.980262e-01  7.897035e-04  2.085118e-02  3.262230e-02 -5.111091e-01  7.704384e-02  6.654039e-01 
        6   0.00000   0.41920   0.21979   0.00235   0.88236  6.214402e-02  3.335480e-01 -5.423590e-04  1.334376e-02 -6.841042e-04  1.127375e-04  4.880026e-02  3.342321e-01 -6.550965e-04 -5.423590e-04  6.214402e-02  3.475759e-01  1.127375e-04  1.334376e-02 -6.841042e-04 -6.550965e-04  4.880026e-02  3.342321e-01 -5.417838e-01  1.022164e-01  7.167002e-01  8.291938e-04  2.156977e-02  3.274339e-02 -5.426130e-01  8.064664e-02  6.839568e-01 
        7   0.00000   0.46222   0.21979   0.00235   0.88652  6.921288e-02  3.419781e-01 -8.456216e-05  1.348721e-02 -6.858306e-04  1.489029e-04  5.572567e-02  3.426639e-01 -2.334651e-04 -8.456216e-05  6.921288e-02  3.561511e-01  1.489029e-04  1.348721e-02 -6.858306e-04 -2.334651e-04  5.572567e-02  3.426639e-01 -5.730228e-01  1.162381e-01  7.482342e-01  7.734944e-04  2.239833e-02  3.310332e-02 -5.737963e-01  9.383972e-02  7.151308e-01 
        8   0.00000   0.50524   0.21979   0.00235   0.88647  6.940114e-02  3.458917e-01  1.761399e-04  1.350756e-02 -6.866779e-04  1.520931e-04  5.589359e-02  3.465783e-01  2.404679e-05  1.761399e-04  6.940114e-02  3.600859e-01  1.520931e-04  1.350756e-02 -6.866779e-04  2.404679e-05  5.589359e-02  3.465783e-01 -5.968049e-01  1.194113e-01  7.556670e-01  7.997431e-04  2.307487e-02  3.315353e-02 -5.976046e-01  9.633646e-02  7.225135e-01 
        9   0.00000   0.54827   0.21979   0.00235   0.89663  6.628745e-02  3.476098e-01  2.982552e-04  1.374974e-02 -7.071121e-04  2.070619e-04  5.253771e-02  3.483170e-01  9.119335e-05  2.982552e-04  6.628745e-02  3.620667e-01  2.070619e-04  1.374974e-02 -7.071121e-04  9.119335e-05  5.253771e-02  3.483170e-01 -6.167327e-01  1.170252e-01  7.520936e-01  7.299846e-04  2.407347e-02  3.373650e-02 -6.174627e-01  9.295177e-02  7.183571e-01 
       10   0.00000   0.59129   0.21979   0.00235   0.89663  6.717057e-02  3.475393e-01  3.717592e-04  1.374966e-02 -7.071926e-04  2.097209e-04  5.342091e-02  3.482465e-01  1.620383e-04  3.717592e-04  6.717057e-02  3.619962e-01  2.097209e-04  1.374966e-02 -7.071926e-04  1.620383e-04  5.342091e-02  3.482465e-01 -6.334331e-01  1.216748e-01  7.550344e-01  7.572802e-04  2.472809e-02  3.373618e-02 -6.341904e-01  9.694673e-02  7.212982e-01 
       11   0.00000   0.63431   0.21979   0.00235   0.89663  6.758017e-02  3.455923e-01  4.164460e-04  1.373927e-02 -7.065793e-04  2.132160e-04  5.384090e-02  3.462989e-01  2.032299e-04  4.164460e-04  6.758017e-02  3.600382e-01  2.132160e-04  1.373927e-02 -7.065793e-04  2.032299e-04  5.384090e-02  3.462989e-01 -6.465545e-01  1.255763e-01  7.537290e-01  7.811754e-04  2.536229e-02  3.371081e-02 -6.473357e-01  1.002140e-01  7.200182e-01 
       12   0.00000   0.67733   0.21979   0.00235   0.90269  6.885488e-02  3.414735e-01  4.156351e-04  1.385933e-02 -7.125970e-04  2.140378e-04  5.499555e-02  3.421860e-01  2.015973e-04  4.156351e-04  6.885488e-02  3.560454e-01  2.140378e-04  1.385933e-02 -7.125970e-04  2.015973e-04  5.499555e-02  3.421860e-01 -6.552103e-01  1.312485e-01  7.511154e-01  8.244685e-04  2.624914e-02  3.400560e-02 -6.560348e-01  1.049994e-01  7.171098e-01 
       13   0.00000   0.72036   0.21979   0.00235   0.90779  6.914892e-02  3.345767e-01  4.590994e-04  1.394370e-02 -7.253958e-04  2.104973e-04  5.520522e-02  3.353021e-01  2.486022e-04  4.590994e-04  6.914892e-02  3.492458e-01  2.104973e-04  1.394370e-02 -7.253958e-04  2.486022e-04  5.520522e-02  3.353021e-01 -6.581310e-01  1.350409e-01  7.416214e-01  8.926731e-04  2.708358e-02  3.420069e-02 -6.590237e-01  1.079573e-01  7.074207e-01 
       14   0.00000   0.76338   0.21979   0.00235   0.90774  6.793156e-02  3.250084e-01  6.600802e-04  1.389390e-02 -7.221652e-04  2.149856e-04  5.403765e-02  3.257305e-01  4.450946e-04  6.600802e-04  6.793156e-02  3.396244e-01  2.149856e-04  1.389390e-02 -7.221652e-04  4.450946e-04  5.403765e-02  3.257305e-01 -6.554131e-01  1.355499e-01  7.243273e-01  9.095783e-04  2.764490e-02  3.407945e-02 -6.563226e-01  1.079050e-01  6.902478e-01 
       15   0.00000   0.80640   0.21979   0.00235   0.90812  6.644171e-02  3.102096e-01  8.554020e-04  1.383065e-02 -7.212019e-04  2.187643e-04  5.261106e-02  3.109308e-01  6.366378e-04  8.554020e-04  6.644171e-02  3.247615e-01  2.187643e-04  1.383065e-02 -7.212019e-04  6.366378e-04  5.261106e-02  3.109308e-01 -6.409978e-01  1.353755e-01  6.970244e-01  9.326362e-04  2.817474e-02  3.392103e-02 -6.419304e-01  1.072008e-01  6.631034e-01 
       16   0.00000   0.84942   0.21979   0.00235   0.91730  6.564208e-02  2.903920e-01  1.000207e-03  1.396313e-02 -7.308116e-04  1.826486e-04  5.167895e-02  2.911228e-01  8.175585e-04  1.000207e-03  6.564208e-02  3.050860e-01  1.826486e-04  1.396313e-02 -7.308116e-04  8.175585e-04  5.167895e-02  2.911228e-01 -6.144396e-01  1.366267e-01  6.631988e-01  1.078660e-03  2.916722e-02  3.424215e-02 -6.155182e-01  1.074595e-01  6.289567e-01 
       17   0.00000   0.89244   0.21979   0.00235   0.91880  6.267734e-02  2.627586e-01  2.973557e-03  1.388532e-02 -7.260216e-04  1.729565e-04  4.879201e-02  2.634847e-01  2.800600e-03  2.973557e-03  6.267734e-02  2.773700e-01  1.729565e-04  1.388532e-02 -7.260216e-04  2.800600e-03  4.879201e-02  2.634847e-01 -5.737300e-01  1.299662e-01  6.106795e-01  1.127820e-03  2.968194e-02  3.405235e-02 -5.748578e-01  1.002843e-01  5.766272e-01 
       18   0.00000   0.93547   0.21979   0.00235   0.92017  5.621276e-02  2.221071e-01  1.279298e-02  1.377091e-02 -7.266012e-04  1.735594e-04  4.244185e-02  2.228337e-01  1.261942e-02  1.279298e-02  5.621276e-02  2.366047e-01  1.735594e-04  1.377091e-02 -7.266012e-04  1.261942e-02  4.244185e-02  2.228337e-01 -5.214077e-01  1.018477e-01  5.273604e-01  1.162346e-03  3.009404e-02  3.376251e-02 -5.225700e-01  7.175368e-02  4.935979e-01 
       19   0.00000   0.97849   0.21979   0.00235   0.92056  5.047349e-02  1.669902e-01  1.043477e-02  1.361896e-02 -7.433986e-04  1.409815e-04  3.685452e-02  1.677336e-01  1.029379e-02  1.043477e-02  5.047349e-02  1.813526e-01  1.409815e-04  1.361896e-02 -7.433986e-04  1.029379e-02  3.685452e-02  1.677336e-01 -4.022302e-01  9.574927e-02  4.203331e-01  1.317252e-03  3.045746e-02  3.335500e-02 -4.035474e-01  6.529181e-02  3.869781e-01 
