2 0.000000 19.450000 1126.439207
3916 3457 
1 -10.713214 0.000000 -10.128214 19.449948 0.000000 0.000031 0.000005 
2 13.207857 0.000000 -10.128214 19.449953 -0.000029 -0.000993 0.000005 
3 13.207857 0.000000 12.180179 19.449975 -0.000020 0.000550 0.000003 
4 -10.713214 0.000000 12.180179 19.449950 -0.000002 -0.000015 0.000005 
5 1.247321 0.000000 1.025982 19.382118 0.028830 1.472216 0.001236 
6 -10.713214 0.000000 1.025982 19.450079 -0.000018 -0.000026 -0.000008 
7 1.247321 0.000000 -10.128214 19.449584 0.000246 -0.000887 0.000043 
8 13.207857 0.000000 1.025982 19.448836 0.032491 0.913085 -0.002087 
9 1.247321 0.000000 12.180179 19.449792 -0.000043 0.000357 0.000021 
10 -4.732946 0.000000 -4.551116 19.449466 0.000071 0.000372 0.000055 
11 -10.713214 0.000000 -4.551116 19.450011 -0.000005 0.000074 -0.000001 
12 -4.732946 0.000000 -10.128214 19.449760 -0.000031 -0.000065 0.000025 
13 1.247321 0.000000 -4.551116 19.446669 -0.000269 -0.006014 0.000342 
14 -4.732946 0.000000 1.025982 19.450931 -0.000256 -0.000721 -0.000096 
15 7.227589 0.000000 -4.551116 19.450161 -0.000279 -0.007704 -0.000017 
16 7.227589 0.000000 -10.128214 19.449853 0.000519 -0.001188 0.000015 
17 13.207857 0.000000 -4.551116 19.451411 0.006495 -0.001307 -0.000145 
18 7.227589 0.000000 1.025982 19.440190 -0.080477 0.719917 -0.000379 
19 -4.732946 0.000000 6.603080 19.449516 0.000013 -0.000066 0.000050 
20 -10.713214 0.000000 6.603080 19.449987 0.000003 -0.000061 0.000001 
21 1.247321 0.000000 6.603080 19.448775 0.001493 0.001623 0.000126 
22 -4.732946 0.000000 12.180179 19.449839 -0.000030 0.000046 0.000017 
23 -1.742813 0.000000 -1.762567 19.444511 -0.000916 0.012479 0.000564 
24 -4.732946 0.000000 -1.762567 19.450481 -0.000224 0.000992 -0.000049 
25 -1.742813 0.000000 -4.551116 19.446581 -0.000269 -0.000035 0.000352 
26 1.247321 0.000000 -1.762567 19.488678 -0.000198 -0.236616 -0.004129 
27 -1.742813 0.000000 1.025982 19.456595 -0.000874 -0.016630 -0.000679 
28 7.227589 0.000000 6.603080 19.450983 0.002429 0.001764 -0.000101 
29 13.207857 0.000000 6.603080 19.450097 0.000114 0.003453 -0.000010 
30 7.227589 0.000000 12.180179 19.449915 -0.000047 0.000528 0.000009 
31 4.237455 0.000000 -1.762567 19.445012 -0.029006 -0.247532 0.000349 
32 4.237455 0.000000 -4.551116 19.448789 -0.000488 -0.006787 0.000124 
33 7.227589 0.000000 -1.762567 19.447359 -0.029608 -0.265531 0.000083 
34 4.237455 0.000000 1.025982 19.441514 -0.004215 0.547127 0.000081 
35 -1.742813 0.000000 3.814531 19.445182 -0.000355 -0.000882 0.000495 
36 -4.732946 0.000000 3.814531 19.449563 0.000070 -0.000588 0.000045 
37 1.247321 0.000000 3.814531 19.446716 0.005011 0.012107 0.000337 
38 -1.742813 0.000000 6.603080 19.448718 0.000106 0.000864 0.000132 
39 -0.247746 0.000000 -0.368292 19.716803 -0.001478 0.089152 -0.027644 
40 -1.742813 0.000000 -0.368292 19.469466 -0.000224 0.008684 -0.002003 
41 -0.247746 0.000000 -1.762567 19.342034 0.000066 -0.025755 0.011069 
42 1.247321 0.000000 -0.368292 19.640265 -0.005224 -0.592339 -0.020588 
43 -0.247746 0.000000 1.025982 19.335274 -0.000081 -0.240468 0.011609 
44 4.237455 0.000000 3.814531 19.447954 -0.003316 0.012506 0.000210 
45 7.227589 0.000000 3.814531 19.450144 0.002045 0.014799 -0.000015 
46 4.237455 0.000000 6.603080 19.449836 0.002067 0.002210 0.000017 
47 2.742388 0.000000 -0.368292 19.451205 -0.008545 -0.454354 -0.000670 
48 2.742388 0.000000 -1.762567 19.434764 -0.009907 -0.218518 0.001440 
49 4.237455 0.000000 -0.368292 19.427137 -0.022339 -0.441024 0.001834 
50 2.742388 0.000000 1.025982 19.445514 -0.008357 0.589612 -0.000458 
51 -0.247746 0.000000 2.420257 19.409836 -0.001362 0.017768 0.004125 
52 -1.742813 0.000000 2.420257 19.441863 -0.000945 -0.006135 0.000836 
53 1.247321 0.000000 2.420257 19.449256 -0.002437 0.067065 0.000065 
54 -0.247746 0.000000 3.814531 19.441480 -0.000279 0.005222 0.000876 
55 0.499788 0.000000 0.328845 20.002144 -0.006756 0.392124 -0.057988 
56 -0.247746 0.000000 0.328845 19.717016 -0.001891 -0.072002 -0.027659 
57 0.499788 0.000000 -0.368292 20.041723 -0.006900 -0.463778 -0.062340 
58 1.247321 0.000000 0.328845 19.641460 -0.005417 0.522109 -0.020505 
59 0.499788 0.000000 1.025982 17.856064 0.008672 3.965154 0.115624 
60 -7.723080 0.000000 -1.762567 19.450174 0.000025 0.000162 -0.000018 
61 -10.713214 0.000000 -1.762567 19.450069 -0.000020 0.000044 -0.000007 
62 -7.723080 0.000000 -4.551116 19.449920 0.000068 0.000107 0.000008 
63 -7.723080 0.000000 1.025982 19.450217 0.000041 -0.000096 -0.000022 
64 -3.237879 0.000000 -0.368292 19.453660 -0.000501 0.001200 -0.000376 
65 -4.732946 0.000000 -0.368292 19.451186 -0.000272 0.000287 -0.000122 
66 -3.237879 0.000000 -1.762567 19.450452 -0.000399 0.003304 -0.000046 
67 -3.237879 0.000000 1.025982 19.452331 -0.000461 -0.002773 -0.000240 
68 -0.995279 0.000000 0.328845 19.511369 -0.000468 -0.028176 -0.006322 
69 -1.742813 0.000000 0.328845 19.469970 -0.000235 -0.007822 -0.002055 
70 -0.995279 0.000000 -0.368292 19.509287 -0.000461 0.031276 -0.006108 
71 -0.995279 0.000000 1.025982 19.454463 -0.000244 -0.051320 -0.000466 
72 2.742388 0.000000 2.420257 19.444370 -0.007369 0.043544 0.000574 
73 4.237455 0.000000 2.420257 19.443892 -0.008441 0.047383 0.000622 
74 2.742388 0.000000 3.814531 19.448879 0.007605 0.010497 0.000115 
75 0.499788 0.000000 1.723119 19.311498 -0.000680 0.280190 0.013984 
76 -0.247746 0.000000 1.723119 19.335614 0.000109 0.022863 0.011726 
77 1.247321 0.000000 1.723119 19.496379 -0.001374 0.253139 -0.004944 
78 0.499788 0.000000 2.420257 19.416386 -0.001446 0.063799 0.003443 
79 0.126021 0.000000 0.677414 20.531258 -0.002368 -0.453488 -0.114817 
80 -0.247746 0.000000 0.677414 19.627598 -0.001016 -0.251669 -0.018513 
81 0.126021 0.000000 0.328845 19.999278 -0.003370 0.012945 -0.057279 
82 0.499788 0.000000 0.677414 20.517289 -0.004889 1.665794 -0.120093 
83 0.126021 0.000000 1.025982 17.769586 0.003620 -0.492471 0.164688 
84 1.994855 0.000000 0.328845 19.451482 0.001462 0.414164 -0.000606 
85 1.994855 0.000000 -0.368292 19.451130 0.000461 -0.471674 -0.000704 
86 2.742388 0.000000 0.328845 19.450958 -0.008036 0.403164 -0.000528 
87 1.994855 0.000000 1.025982 19.461706 0.019038 -0.746809 -0.002679 
88 0.873555 0.000000 0.677414 19.730547 0.000860 1.227449 -0.033039 
89 0.873555 0.000000 0.328845 19.810895 -0.007362 0.502037 -0.038121 
90 1.247321 0.000000 0.677414 19.601853 0.007417 1.132646 -0.019067 
91 0.873555 0.000000 1.025982 19.219590 0.011447 1.884550 0.014164 
92 -7.723080 0.000000 3.814531 19.449971 0.000061 -0.000123 0.000003 
93 -10.713214 0.000000 3.814531 19.450030 -0.000008 -0.000068 -0.000003 
94 -7.723080 0.000000 6.603080 19.449885 -0.000018 -0.000109 0.000012 
95 -3.237879 0.000000 2.420257 19.449268 -0.000415 -0.003127 0.000075 
96 -4.732946 0.000000 2.420257 19.450100 0.000212 -0.001583 -0.000010 
97 -3.237879 0.000000 3.814531 19.448354 0.000558 -0.001764 0.000169 
98 -0.995279 0.000000 1.723119 19.423227 -0.001174 -0.023253 0.002750 
99 -1.742813 0.000000 1.723119 19.444891 -0.000917 -0.012873 0.000525 
100 -0.995279 0.000000 2.420257 19.429080 -0.001183 -0.004535 0.002150 
101 0.126021 0.000000 1.374551 18.993322 0.001857 0.182486 0.046320 
102 -0.247746 0.000000 1.374551 19.274046 0.000187 -0.052468 0.018004 
103 0.499788 0.000000 1.374551 19.100311 0.004672 0.775632 0.034044 
104 0.126021 0.000000 1.723119 19.270941 0.000318 0.126744 0.018285 
105 0.312905 0.000000 0.851698 19.387639 0.006411 1.360694 0.001508 
106 0.126021 0.000000 0.851698 19.772821 0.002131 -1.255683 -0.037638 
107 0.312905 0.000000 0.677414 21.123772 -0.004728 0.590423 -0.180437 
108 0.499788 0.000000 0.851698 18.776099 -0.007422 3.739485 0.031131 
109 0.312905 0.000000 1.025982 16.374227 0.003150 4.147053 0.245806 
110 -1.742813 0.000000 -7.339665 19.449063 0.000014 -0.000678 0.000096 
111 -4.732946 0.000000 -7.339665 19.449540 0.000109 -0.000094 0.000047 
112 -1.742813 0.000000 -10.128214 19.449624 -0.000015 -0.000307 0.000039 
113 1.247321 0.000000 -7.339665 19.449123 0.000123 -0.002076 0.000090 
114 -0.247746 0.000000 -3.156842 19.433814 -0.001455 -0.011015 0.001663 
115 -1.742813 0.000000 -3.156842 19.443291 -0.000215 0.002078 0.000690 
116 -0.247746 0.000000 -4.551116 19.445223 -0.000280 -0.003035 0.000491 
117 1.247321 0.000000 -3.156842 19.444594 -0.002677 -0.025329 0.000554 
118 0.499788 0.000000 -1.065430 37.840325 0.018667 -4.200152 -2.831674 
119 -0.247746 0.000000 -1.065430 19.312528 -0.000004 0.218858 0.013959 
120 0.499788 0.000000 -1.762567 19.328695 0.000408 -0.255809 0.012262 
121 1.247321 0.000000 -1.065430 38.885785 0.061925 -2.104406 -3.008794 
122 0.126021 0.000000 -0.019724 19.867103 -0.003445 0.010193 -0.043350 
123 -0.247746 0.000000 -0.019724 19.713633 -0.001165 0.002909 -0.027292 
124 0.126021 0.000000 -0.368292 20.020826 -0.003297 -0.010634 -0.059558 
125 0.499788 0.000000 -0.019724 19.897647 -0.005530 -0.018410 -0.046561 
126 0.312905 0.000000 0.503129 20.368672 -0.006659 0.401858 -0.097123 
127 0.126021 0.000000 0.503129 20.184305 -0.003830 -0.032855 -0.076935 
128 0.312905 0.000000 0.328845 20.058465 -0.005001 0.211835 -0.063664 
129 0.499788 0.000000 0.503129 20.199727 -0.009149 0.813551 -0.080328 
130 1.994855 0.000000 1.723119 19.441865 -0.006395 0.172209 0.000758 
131 2.742388 0.000000 1.723119 19.433431 -0.028558 0.249373 0.001536 
132 1.994855 0.000000 2.420257 19.449698 -0.005061 0.043007 0.000026 
133 0.873555 0.000000 1.374551 19.513035 0.008248 0.816463 -0.008255 
134 1.247321 0.000000 1.374551 19.598871 0.019637 1.010689 -0.018068 
135 0.873555 0.000000 1.723119 19.438008 -0.001229 0.323629 0.000956 
136 0.686671 0.000000 0.851698 19.221974 0.013045 1.849807 0.014264 
137 0.686671 0.000000 0.677414 19.795501 -0.003281 1.488803 -0.041702 
138 0.873555 0.000000 0.851698 19.522635 0.020064 1.293550 -0.011907 
139 0.686671 0.000000 1.025982 18.681185 0.011411 2.518900 0.060721 
140 0.406346 0.000000 0.764556 23.756812 0.001671 1.613542 -0.498773 
141 0.312905 0.000000 0.764556 23.615541 0.002945 0.627108 -0.475240 
142 0.406346 0.000000 0.677414 21.006016 -0.005220 1.226607 -0.170379 
143 0.499788 0.000000 0.764556 20.571678 -0.002128 2.733151 -0.138412 
144 0.406346 0.000000 0.851698 18.826488 0.010432 4.822388 0.001613 
145 0.873555 0.000000 -0.019724 19.768340 -0.004284 -0.032254 -0.033005 
146 0.873555 0.000000 -0.368292 19.813836 -0.007276 -0.573850 -0.038633 
147 1.247321 0.000000 -0.019724 19.629691 0.000709 -0.029933 -0.018565 
148 0.686671 0.000000 0.503129 19.928230 -0.029708 0.902070 -0.051933 
149 0.686671 0.000000 0.328845 19.891932 -0.007749 0.483149 -0.046576 
150 0.873555 0.000000 0.503129 19.808418 -0.030130 0.866734 -0.039183 
151 0.593230 0.000000 0.764556 19.756927 -0.000937 2.171854 -0.044278 
152 0.593230 0.000000 0.677414 20.041147 -0.004347 1.668476 -0.069069 
153 0.686671 0.000000 0.764556 19.578412 0.000992 1.779661 -0.021620 
154 0.593230 0.000000 0.851698 19.095440 0.008774 2.422982 0.020607 
155 0.312905 0.000000 1.200266 18.392347 0.006644 1.044588 0.102915 
156 0.126021 0.000000 1.200266 18.620653 0.003195 0.137478 0.083412 
157 0.499788 0.000000 1.200266 18.849185 0.004166 2.154239 0.048559 
158 0.312905 0.000000 1.374551 18.941035 0.003289 0.499991 0.050990 
159 0.406346 0.000000 0.938840 16.718704 0.004411 4.292433 0.212429 
160 0.312905 0.000000 0.938840 17.262153 0.004641 4.624214 0.155794 
161 0.499788 0.000000 0.938840 17.556654 0.005081 3.520682 0.152447 
162 0.406346 0.000000 1.025982 17.128246 0.005611 4.819422 0.163094 
163 0.453067 0.000000 0.808127 20.003781 0.006553 4.289675 -0.106397 
164 0.406346 0.000000 0.808127 21.735598 0.006266 3.203695 -0.275963 
165 0.453067 0.000000 0.764556 21.599748 0.002187 2.807471 -0.254105 
166 0.499788 0.000000 0.808127 20.349395 0.002807 4.432017 -0.146545 
167 0.453067 0.000000 0.851698 18.205976 0.012232 5.470600 0.044719 
168 0.406346 0.000000 0.590271 20.595964 -0.006866 0.881625 -0.123363 
169 0.312905 0.000000 0.590271 20.678879 -0.005910 0.500905 -0.131018 
170 0.406346 0.000000 0.503129 20.319564 -0.008010 0.641230 -0.092501 
171 0.499788 0.000000 0.590271 20.360978 -0.007217 1.156089 -0.099401 
172 0.453067 0.000000 0.720985 21.053235 -0.003862 1.875495 -0.180950 
173 0.406346 0.000000 0.720985 21.355321 -0.004083 1.453095 -0.211098 
174 0.453067 0.000000 0.677414 20.796473 -0.005292 1.502429 -0.149214 
175 0.499788 0.000000 0.720985 20.593336 -0.003463 2.076795 -0.132423 
176 0.686671 0.000000 1.200266 19.460955 0.009399 1.791221 -0.009608 
177 0.873555 0.000000 1.200266 19.697140 0.012145 1.521458 -0.031694 
178 0.686671 0.000000 1.374551 19.322142 0.006335 0.860994 0.011145 
179 0.593230 0.000000 0.938840 18.263241 0.007759 2.649591 0.099751 
180 0.686671 0.000000 0.938840 18.711119 0.009367 2.058056 0.063338 
181 0.593230 0.000000 1.025982 18.445911 0.009137 3.001523 0.076768 
182 0.546509 0.000000 0.808127 19.586625 -0.002185 2.815802 -0.035057 
183 0.546509 0.000000 0.764556 20.010560 -0.001648 2.449792 -0.074336 
184 0.593230 0.000000 0.808127 19.461487 0.000040 2.369660 -0.016025 
185 0.546509 0.000000 0.851698 19.006752 0.005160 2.919481 0.022528 
186 0.476428 0.000000 0.786341 20.807226 0.002545 3.823852 -0.183081 
187 0.453067 0.000000 0.786341 21.215810 0.002336 3.435641 -0.221018 
188 0.476428 0.000000 0.764556 21.033948 -0.002448 2.728270 -0.189182 
189 0.499788 0.000000 0.786341 20.216695 0.002899 4.649133 -0.137527 
190 0.476428 0.000000 0.808127 20.622295 0.002633 4.106323 -0.168750 
191 -0.621512 0.000000 0.677414 19.517018 -0.000463 -0.088575 -0.006924 
192 -0.995279 0.000000 0.677414 19.486675 -0.000395 -0.048299 -0.003781 
193 -0.621512 0.000000 0.328845 19.572989 -0.000618 -0.044525 -0.012692 
194 -0.621512 0.000000 1.025982 19.437545 -0.000119 -0.090228 0.001259 
195 -0.060862 0.000000 0.851698 19.501427 -0.000053 -0.575262 -0.006170 
196 -0.247746 0.000000 0.851698 19.481367 -0.000484 -0.299380 -0.003465 
197 -0.060862 0.000000 0.677414 19.835322 -0.001441 -0.397246 -0.040431 
198 -0.060862 0.000000 1.025982 19.108843 0.000847 -0.413008 0.034322 
199 0.219463 0.000000 0.764556 20.606957 0.001738 0.023800 -0.122507 
200 0.126021 0.000000 0.764556 20.539579 -0.000605 -1.187300 -0.118903 
201 0.219463 0.000000 0.677414 20.983352 -0.003658 -0.007471 -0.163886 
202 0.219463 0.000000 0.851698 19.768566 0.000743 0.873084 -0.035041 
203 0.359625 0.000000 0.808127 22.677904 0.007129 2.003420 -0.370070 
204 0.312905 0.000000 0.808127 22.058184 0.006190 1.198799 -0.289975 
205 0.359625 0.000000 0.764556 25.702443 0.002451 0.874508 -0.748284 
206 0.359625 0.000000 0.851698 20.669297 0.008597 2.438022 -0.145020 
207 0.429707 0.000000 0.786341 22.001062 0.001990 2.651932 -0.298113 
208 0.406346 0.000000 0.786341 23.489583 0.001851 1.798201 -0.467064 
209 0.429707 0.000000 0.764556 22.365023 0.001796 2.253755 -0.335634 
210 0.429707 0.000000 0.808127 20.727423 0.005938 3.724271 -0.172332 
211 0.453067 0.000000 0.895269 17.081343 0.003777 3.793185 0.190699 
212 0.406346 0.000000 0.895269 16.540509 0.003280 3.664938 0.241294 
213 0.499788 0.000000 0.895269 17.806795 0.006003 3.498252 0.129480 
214 0.453067 0.000000 0.938840 16.901623 0.004766 4.030210 0.201942 
215 0.476428 0.000000 0.829912 19.282370 0.008182 4.896584 -0.046217 
216 0.453067 0.000000 0.829912 19.475917 0.008272 4.713117 -0.061386 
217 0.499788 0.000000 0.829912 20.216695 0.002899 4.649133 -0.137527 
218 0.476428 0.000000 0.851698 18.117656 0.012961 5.642298 0.048156 
219 0.464747 0.000000 0.797234 20.997202 0.002450 3.628122 -0.200219 
220 0.453067 0.000000 0.797234 21.213285 0.002327 3.414622 -0.220354 
221 0.464747 0.000000 0.786341 20.997202 0.002450 3.628122 -0.200219 
222 0.476428 0.000000 0.797234 20.807226 0.002545 3.823852 -0.183081 
223 0.464747 0.000000 0.808127 20.947260 0.002466 3.658632 -0.195269 
224 0.429707 0.000000 0.829912 19.737418 0.008952 4.465059 -0.082474 
225 0.406346 0.000000 0.829912 20.563154 0.008701 4.065512 -0.161430 
226 0.429707 0.000000 0.851698 18.497805 0.011919 5.338691 0.020174 
227 0.441387 0.000000 0.797234 21.522020 0.002249 3.143821 -0.250536 
228 0.429707 0.000000 0.797234 22.325203 0.001947 2.443423 -0.333285 
229 0.441387 0.000000 0.786341 21.631387 0.002187 3.046217 -0.261415 
230 0.441387 0.000000 0.808127 20.430804 0.005885 3.969671 -0.145052 
231 0.359625 0.000000 0.720985 21.441690 -0.004100 1.009340 -0.217980 
232 0.312905 0.000000 0.720985 21.427452 -0.003876 0.631538 -0.214728 
233 0.359625 0.000000 0.677414 21.110423 -0.005030 0.908087 -0.180205 
234 0.382986 0.000000 0.786341 24.665962 0.001961 1.330733 -0.612943 
235 0.359625 0.000000 0.786341 24.264925 0.005155 1.562855 -0.562847 
236 0.382986 0.000000 0.764556 25.063601 0.002058 1.218894 -0.664461 
237 0.382986 0.000000 0.808127 22.617036 0.006706 2.643406 -0.370644 
238 0.219463 0.000000 0.938840 18.044736 0.003478 3.874773 0.099593 
239 0.126021 0.000000 0.938840 18.802668 0.003667 -2.361415 0.050716 
240 0.219463 0.000000 1.025982 16.095766 0.000569 1.479425 0.309382 
241 0.359625 0.000000 0.895269 16.535665 0.002105 2.787235 0.256688 
242 0.312905 0.000000 0.895269 17.613123 0.001981 2.271122 0.166328 
243 0.359625 0.000000 0.938840 16.791651 0.003833 4.484019 0.201523 
244 0.382986 0.000000 0.829912 21.624940 0.008635 3.251386 -0.264093 
245 0.359625 0.000000 0.829912 21.801006 0.008569 2.472858 -0.272524 
246 0.382986 0.000000 0.851698 19.882609 0.009075 3.910693 -0.085406 
247 0.394666 0.000000 0.797234 22.853605 0.005118 2.569178 -0.398056 
248 0.382986 0.000000 0.797234 23.006772 0.005602 2.486796 -0.415523 
249 0.394666 0.000000 0.786341 23.880716 0.001768 1.610177 -0.514347 
250 0.406346 0.000000 0.797234 22.316720 0.004750 2.744458 -0.336412 
251 0.394666 0.000000 0.808127 22.075690 0.006583 3.033498 -0.312543 
252 0.266184 0.000000 0.808127 21.067685 0.002311 0.318291 -0.173528 
253 0.219463 0.000000 0.808127 20.561405 0.001598 -0.191968 -0.117646 
254 0.266184 0.000000 0.764556 20.944248 0.002280 0.304910 -0.159798 
255 0.266184 0.000000 0.851698 19.150501 0.000623 0.850397 0.028648 
256 0.336265 0.000000 0.786341 22.932745 0.005860 1.230149 -0.394186 
257 0.312905 0.000000 0.786341 23.177468 0.002918 0.596159 -0.420954 
258 0.336265 0.000000 0.764556 25.022569 0.002786 0.727076 -0.656499 
259 0.336265 0.000000 0.808127 22.834952 0.006721 1.560056 -0.384788 
260 0.336265 0.000000 0.829912 22.172629 0.007816 1.871003 -0.308810 
261 0.312905 0.000000 0.829912 21.542699 0.007832 1.538578 -0.233022 
262 0.336265 0.000000 0.851698 20.306535 0.007634 1.843307 -0.098997 
263 0.347945 0.000000 0.797234 22.839353 0.006837 1.702258 -0.386546 
264 0.336265 0.000000 0.797234 22.782113 0.006491 1.499507 -0.377927 
265 0.347945 0.000000 0.786341 22.784892 0.006785 1.496437 -0.378237 
266 0.359625 0.000000 0.797234 22.797185 0.006958 1.872092 -0.383064 
267 0.347945 0.000000 0.808127 22.541965 0.007318 1.885154 -0.352605 
268 -0.060862 0.000000 0.503129 19.886987 -0.002297 -0.175119 -0.045520 
269 -0.247746 0.000000 0.503129 19.704207 -0.001476 -0.160449 -0.026378 
270 -0.060862 0.000000 0.328845 19.847388 -0.003039 -0.060484 -0.041290 
271 0.219463 0.000000 0.590271 20.581667 -0.004497 0.116395 -0.119788 
272 0.126021 0.000000 0.590271 20.340504 -0.003217 -0.154817 -0.093728 
273 0.219463 0.000000 0.503129 20.314981 -0.004815 0.158214 -0.090988 
274 0.266184 0.000000 0.720985 21.386074 -0.003448 0.292896 -0.209217 
275 0.219463 0.000000 0.720985 21.303718 -0.002986 -0.094698 -0.199721 
276 0.266184 0.000000 0.677414 21.082534 -0.004301 0.293755 -0.175143 
277 0.289544 0.000000 0.786341 21.795347 0.002616 0.471419 -0.256295 
278 0.266184 0.000000 0.786341 21.023408 0.002294 0.307218 -0.168584 
279 0.289544 0.000000 0.764556 21.580377 0.002612 0.472363 -0.231649 
280 0.289544 0.000000 0.808127 21.795347 0.002616 0.471419 -0.256295 
281 0.032580 0.000000 0.764556 19.913236 -0.000655 -0.753122 -0.049700 
282 -0.060862 0.000000 0.764556 19.702965 -0.000763 -0.513081 -0.026877 
283 0.032580 0.000000 0.677414 20.079893 -0.001701 -0.481870 -0.066433 
284 0.032580 0.000000 0.851698 19.558722 0.000546 -0.901048 -0.013357 
285 0.172742 0.000000 0.808127 20.255633 0.001188 -1.703038 -0.092224 
286 0.126021 0.000000 0.808127 20.022537 0.001080 -2.431303 -0.075365 
287 0.172742 0.000000 0.764556 20.221994 0.001156 -1.891171 -0.090412 
288 0.172742 0.000000 0.851698 19.792754 0.004193 -0.733870 -0.036979 
289 0.242823 0.000000 0.786341 20.779646 0.002071 0.201627 -0.141505 
290 0.219463 0.000000 0.786341 20.560539 0.001593 -0.156684 -0.117519 
291 0.242823 0.000000 0.764556 20.743051 0.002088 0.203777 -0.137491 
292 0.242823 0.000000 0.808127 20.779646 0.002071 0.201627 -0.141505 
293 0.266184 0.000000 0.895269 19.361383 0.002583 1.996960 -0.001450 
294 0.219463 0.000000 0.895269 20.520650 0.002459 1.913992 -0.122806 
295 0.266184 0.000000 0.938840 17.933717 0.004075 4.772297 0.089636 
296 0.242823 0.000000 0.829912 20.743051 0.002088 0.203777 -0.137491 
297 0.219463 0.000000 0.829912 20.568713 0.001602 -0.036095 -0.118346 
298 0.266184 0.000000 0.829912 21.055526 0.002347 0.355622 -0.172241 
299 0.242823 0.000000 0.851698 19.577927 0.000648 1.016393 -0.015928 
300 0.254504 0.000000 0.797234 20.826870 0.002111 0.228413 -0.146730 
301 0.242823 0.000000 0.797234 20.747783 0.001993 0.151677 -0.137961 
302 0.254504 0.000000 0.786341 20.871197 0.002207 0.269968 -0.151670 
303 0.266184 0.000000 0.797234 21.023408 0.002294 0.307218 -0.168584 
304 0.254504 0.000000 0.808127 20.842196 0.002173 0.253223 -0.148449 
305 0.172742 0.000000 0.720985 21.036723 -0.002258 -0.518073 -0.170524 
306 0.126021 0.000000 0.720985 20.605026 -0.001671 -0.729505 -0.123702 
307 0.172742 0.000000 0.677414 20.792837 -0.002837 -0.286077 -0.143064 
308 0.196102 0.000000 0.786341 20.330425 0.001287 -1.294728 -0.097012 
309 0.172742 0.000000 0.786341 20.255633 0.001188 -1.703038 -0.092224 
310 0.196102 0.000000 0.764556 20.482809 0.001354 -0.575266 -0.109896 
311 0.196102 0.000000 0.808127 20.316554 0.001278 -1.385241 -0.096163 
312 -0.621512 0.000000 1.374551 19.392573 -0.000050 -0.048865 0.005890 
313 -0.995279 0.000000 1.374551 19.431329 -0.000103 -0.038340 0.001915 
314 -0.621512 0.000000 1.723119 19.391983 0.000127 -0.020935 0.005956 
315 -0.060862 0.000000 1.200266 19.050157 0.001162 -0.138772 0.040641 
316 -0.247746 0.000000 1.200266 19.269583 0.000228 -0.137987 0.018416 
317 -0.060862 0.000000 1.374551 19.150663 0.000880 0.006980 0.030543 
318 0.032580 0.000000 0.938840 19.107716 0.001426 -0.869530 0.032888 
319 -0.060862 0.000000 0.938840 19.277362 0.000512 -0.536858 0.016911 
320 0.032580 0.000000 1.025982 18.775499 0.001813 -0.546591 0.067365 
321 0.172742 0.000000 0.895269 21.077027 0.001097 -0.069982 -0.174314 
322 0.126021 0.000000 0.895269 19.859732 0.003122 -1.530069 -0.048764 
323 0.172742 0.000000 0.938840 18.369785 0.002520 1.056524 0.105041 
324 0.196102 0.000000 0.829912 20.463285 0.001310 -0.713852 -0.108255 
325 0.172742 0.000000 0.829912 20.184268 0.001125 -2.095921 -0.088540 
326 0.196102 0.000000 0.851698 19.772160 0.006293 -0.244420 -0.033559 
327 0.207783 0.000000 0.797234 20.511662 0.001486 -0.537691 -0.112912 
328 0.196102 0.000000 0.797234 20.342634 0.001292 -1.242576 -0.097975 
329 0.207783 0.000000 0.786341 20.511662 0.001486 -0.537691 -0.112912 
330 0.219463 0.000000 0.797234 20.561281 0.001581 -0.149206 -0.117594 
331 0.207783 0.000000 0.808127 20.504810 0.001484 -0.592794 -0.112334 
332 0.079300 0.000000 0.808127 19.877438 0.000313 -1.090190 -0.047577 
333 0.032580 0.000000 0.808127 19.747282 -0.000044 -0.848349 -0.032705 
334 0.079300 0.000000 0.764556 20.120317 -0.000549 -0.940605 -0.072454 
335 0.079300 0.000000 0.851698 19.645322 0.001158 -1.140943 -0.023626 
336 0.149382 0.000000 0.786341 20.184268 0.001125 -2.095921 -0.088540 
337 0.126021 0.000000 0.786341 20.022537 0.001080 -2.431303 -0.075365 
338 0.149382 0.000000 0.764556 20.089512 0.001090 -2.494387 -0.083288 
339 0.149382 0.000000 0.808127 20.184268 0.001125 -2.095921 -0.088540 
340 0.184422 0.000000 0.797234 20.314221 0.001229 -1.410537 -0.096100 
341 0.172742 0.000000 0.797234 20.265638 0.001185 -1.718675 -0.093437 
342 0.184422 0.000000 0.786341 20.286161 0.001222 -1.534826 -0.094056 
343 0.184422 0.000000 0.808127 20.286161 0.001222 -1.534826 -0.094056 
344 0.149382 0.000000 0.829912 20.089512 0.001090 -2.494387 -0.083288 
345 0.126021 0.000000 0.829912 19.785037 0.001535 -1.344416 -0.039526 
346 0.149382 0.000000 0.851698 19.801580 0.002967 -1.105611 -0.039710 
347 0.161062 0.000000 0.797234 20.172279 0.001141 -2.185791 -0.088279 
348 0.149382 0.000000 0.797234 20.184268 0.001125 -2.095921 -0.088540 
349 0.161062 0.000000 0.786341 20.221994 0.001156 -1.891171 -0.090412 
350 0.161062 0.000000 0.808127 20.221994 0.001156 -1.891171 -0.090412 
351 0.418026 0.000000 0.797234 22.055735 0.003493 2.715673 -0.305385 
352 0.418026 0.000000 0.786341 22.799494 0.001861 2.118930 -0.385946 
353 0.418026 0.000000 0.808127 21.202380 0.005902 3.428351 -0.219380 
354 0.441387 0.000000 0.819020 19.648796 0.008068 4.586699 -0.076157 
355 0.429707 0.000000 0.819020 19.985734 0.008116 4.286448 -0.104416 
356 0.453067 0.000000 0.819020 19.673234 0.007749 4.546178 -0.077719 
357 0.441387 0.000000 0.829912 19.632483 0.008324 4.561285 -0.073849 
358 0.435547 0.000000 0.802680 20.971851 0.004673 3.530675 -0.195562 
359 0.429707 0.000000 0.802680 20.932330 0.005201 3.544452 -0.191442 
360 0.435547 0.000000 0.797234 21.757868 0.002113 2.902907 -0.273668 
361 0.441387 0.000000 0.802680 21.099093 0.003637 3.462052 -0.208444 
362 0.435547 0.000000 0.808127 20.475144 0.006169 3.929296 -0.149004 
363 0.429707 0.000000 0.873483 17.809608 0.010405 5.099340 0.092828 
364 0.406346 0.000000 0.873483 17.465972 0.007299 4.235206 0.146193 
365 0.453067 0.000000 0.873483 17.843913 0.010504 5.152173 0.088163 
366 0.429707 0.000000 0.895269 16.730989 0.003574 3.816343 0.221548 
367 0.441387 0.000000 0.840805 18.974162 0.010602 5.024927 -0.018415 
368 0.429707 0.000000 0.840805 19.011795 0.010950 5.033661 -0.022426 
369 0.453067 0.000000 0.840805 19.317521 0.008633 4.849511 -0.048591 
370 0.441387 0.000000 0.851698 18.305029 0.011756 5.338742 0.038927 
371 0.418026 0.000000 0.840805 19.021961 0.011709 5.154775 -0.026710 
372 0.406346 0.000000 0.840805 19.315336 0.010953 4.837551 -0.048061 
373 0.418026 0.000000 0.829912 19.945756 0.009275 4.401002 -0.102827 
374 0.418026 0.000000 0.851698 18.565689 0.011429 5.174416 0.018089 
375 0.371306 0.000000 0.819020 21.923851 0.007927 2.463848 -0.286605 
376 0.359625 0.000000 0.819020 22.137922 0.007924 2.321214 -0.309734 
377 0.371306 0.000000 0.808127 22.743133 0.006902 2.032812 -0.378216 
378 0.382986 0.000000 0.819020 22.241889 0.007419 2.793223 -0.328312 
379 0.371306 0.000000 0.829912 21.783899 0.008431 2.634733 -0.272738 
380 0.347945 0.000000 0.819020 22.308770 0.007607 1.957658 -0.325695 
381 0.336265 0.000000 0.819020 22.172629 0.007816 1.871003 -0.308810 
382 0.347945 0.000000 0.829912 21.993328 0.008318 2.114187 -0.290439 
383 0.219463 0.000000 1.113124 17.776926 0.005571 0.741649 0.163185 
384 0.126021 0.000000 1.113124 18.288808 0.003139 0.012063 0.115838 
385 0.312905 0.000000 1.113124 17.457762 0.001426 2.167635 0.181945 
386 0.219463 0.000000 1.200266 18.422268 0.004588 0.524413 0.102160 
387 0.172742 0.000000 0.982411 15.345006 0.000106 0.082415 0.377546 
388 0.126021 0.000000 0.982411 17.598328 0.003810 -1.279436 0.177013 
389 0.219463 0.000000 0.982411 15.131571 0.000664 2.743189 0.374867 
390 0.172742 0.000000 1.025982 16.874377 0.006406 0.127458 0.247267 
391 0.266184 0.000000 0.982411 16.364376 0.003530 4.649769 0.234969 
392 0.312905 0.000000 0.982411 16.627167 0.004706 4.935834 0.204803 
393 0.266184 0.000000 1.025982 15.868198 0.001432 3.061482 0.309620 
394 0.196102 0.000000 0.960626 15.744836 0.001448 2.490420 0.328310 
395 0.172742 0.000000 0.960626 14.416388 0.000912 0.576376 0.449741 
396 0.196102 0.000000 0.938840 18.854209 0.003456 2.783558 0.039844 
397 0.219463 0.000000 0.960626 17.595972 0.003118 3.920779 0.140924 
398 0.196102 0.000000 0.982411 14.787973 -0.000150 1.408758 0.416687 
399 0.032580 0.000000 1.113124 18.762365 0.001887 -0.240573 0.069305 
400 -0.060862 0.000000 1.113124 19.042343 0.000998 -0.261565 0.041298 
401 0.032580 0.000000 1.200266 18.861804 0.001878 -0.060389 0.059559 
402 0.079300 0.000000 0.982411 18.547580 0.002430 -0.965121 0.088179 
403 0.032580 0.000000 0.982411 18.898557 0.001665 -0.728573 0.054497 
404 0.079300 0.000000 0.938840 18.964789 0.002168 -1.233850 0.045247 
405 0.079300 0.000000 1.025982 18.419178 0.002514 -0.598756 0.102241 
406 0.149382 0.000000 0.960626 11.817432 0.001029 -0.708062 0.629521 
407 0.126021 0.000000 0.960626 17.892296 0.003776 -1.942478 0.143787 
408 0.149382 0.000000 0.938840 18.465143 0.002693 0.144812 0.098651 
409 0.149382 0.000000 0.982411 16.573676 0.005863 -1.130074 0.270521 
410 0.196102 0.000000 0.917054 22.222763 0.004358 2.114916 -0.317263 
411 0.172742 0.000000 0.917054 23.094641 0.001898 0.346048 -0.410200 
412 0.196102 0.000000 0.895269 20.886971 0.001523 0.824221 -0.155015 
413 0.219463 0.000000 0.917054 20.387584 0.004460 3.207596 -0.125930 
414 0.184422 0.000000 0.949733 18.067603 0.002771 2.087073 0.125583 
415 0.172742 0.000000 0.949733 17.636592 0.002482 0.878813 0.175734 
416 0.184422 0.000000 0.938840 18.365231 0.002854 2.220175 0.095404 
417 0.196102 0.000000 0.949733 17.963860 0.003315 2.997625 0.123225 
418 0.184422 0.000000 0.960626 15.323620 0.001068 1.865998 0.370093 
419 0.242823 0.000000 0.960626 17.233354 0.002882 4.429793 0.163073 
420 0.242823 0.000000 0.938840 18.003875 0.003568 4.333241 0.093539 
421 0.266184 0.000000 0.960626 16.979328 0.003532 4.651773 0.180718 
422 0.242823 0.000000 0.982411 15.790525 0.001875 3.849213 0.301730 
423 0.207783 0.000000 0.949733 17.947610 0.003300 3.372950 0.118447 
424 0.207783 0.000000 0.938840 18.300945 0.003422 3.331643 0.085323 
425 0.219463 0.000000 0.949733 17.998805 0.003482 3.850709 0.104460 
426 0.207783 0.000000 0.960626 17.343898 0.003344 3.512739 0.172223 
427 0.406346 0.000000 1.113124 18.081995 0.002503 2.873729 0.113892 
428 0.499788 0.000000 1.113124 18.926823 0.005782 3.123839 0.027278 
429 0.406346 0.000000 1.200266 18.585704 0.009456 1.493988 0.080999 
430 0.359625 0.000000 0.982411 16.712491 0.004521 4.954905 0.196784 
431 0.406346 0.000000 0.982411 16.910343 0.005299 4.920426 0.180100 
432 0.359625 0.000000 1.025982 16.787376 0.003863 4.682028 0.197104 
433 0.289544 0.000000 0.960626 16.831374 0.004367 4.850849 0.188940 
434 0.289544 0.000000 0.938840 17.752847 0.004565 4.593580 0.111122 
435 0.312905 0.000000 0.960626 16.641067 0.004814 4.920513 0.203979 
436 0.289544 0.000000 0.982411 16.466906 0.004374 4.785769 0.222679 
437 0.266184 0.000000 1.069553 16.803623 0.000847 1.755610 0.245461 
438 0.219463 0.000000 1.069553 17.183165 0.007932 0.926115 0.217243 
439 0.312905 0.000000 1.069553 16.985182 0.001615 2.785151 0.216887 
440 0.266184 0.000000 1.113124 17.646988 0.008290 1.269319 0.172547 
441 0.289544 0.000000 1.004197 16.084072 0.003140 4.226561 0.268942 
442 0.266184 0.000000 1.004197 15.867396 0.002192 3.852246 0.295236 
443 0.312905 0.000000 1.004197 16.341692 0.004317 5.011725 0.227686 
444 0.289544 0.000000 1.025982 16.092191 0.001928 3.410133 0.284732 
445 0.277864 0.000000 0.971518 16.721783 0.004237 4.811181 0.199674 
446 0.266184 0.000000 0.971518 16.760525 0.003427 4.648306 0.200317 
447 0.277864 0.000000 0.960626 16.904800 0.003664 4.702917 0.186128 
448 0.289544 0.000000 0.971518 16.725441 0.004267 4.764335 0.200536 
449 0.277864 0.000000 0.982411 16.619013 0.004041 4.809816 0.208766 
450 0.453067 0.000000 0.982411 17.092168 0.007056 4.569714 0.172555 
451 0.499788 0.000000 0.982411 17.383403 0.008031 4.007336 0.158765 
452 0.453067 0.000000 1.025982 17.508500 0.007307 4.449151 0.137350 
453 0.359625 0.000000 1.069553 17.347075 0.003134 3.782909 0.166721 
454 0.406346 0.000000 1.069553 17.598926 0.004159 4.192775 0.134815 
455 0.359625 0.000000 1.113124 17.806068 0.002211 2.711963 0.142457 
456 0.382986 0.000000 1.004197 16.867770 0.004646 4.921046 0.183885 
457 0.359625 0.000000 1.004197 16.734078 0.004412 4.966755 0.194565 
458 0.382986 0.000000 0.982411 16.784479 0.004586 4.970021 0.190014 
459 0.406346 0.000000 1.004197 16.990448 0.005166 4.849784 0.174746 
460 0.382986 0.000000 1.025982 16.882708 0.004675 4.946876 0.181878 
461 0.593230 0.000000 1.113124 19.178476 0.008653 2.668624 0.008900 
462 0.686671 0.000000 1.113124 19.292893 0.011728 2.383679 0.001070 
463 0.593230 0.000000 1.200266 19.156307 0.005939 1.961416 0.019802 
464 0.453067 0.000000 1.069553 18.023118 0.006691 4.134627 0.096152 
465 0.499788 0.000000 1.069553 18.337488 0.008658 3.791689 0.073122 
466 0.453067 0.000000 1.113124 18.467146 0.003635 3.053181 0.073870 
467 0.429707 0.000000 1.004197 17.168088 0.005895 4.715794 0.162094 
468 0.429707 0.000000 0.982411 16.952078 0.006390 4.858718 0.177959 
469 0.453067 0.000000 1.004197 17.416584 0.007362 4.491342 0.144839 
470 0.429707 0.000000 1.025982 17.283309 0.006234 4.656273 0.153075 
471 0.429707 0.000000 1.047768 17.661418 0.006900 4.547088 0.120805 
472 0.406346 0.000000 1.047768 17.388179 0.004546 4.464715 0.148083 
473 0.453067 0.000000 1.047768 17.694284 0.007437 4.390242 0.121439 
474 0.429707 0.000000 1.069553 17.914632 0.005609 4.113414 0.106920 
475 0.418026 0.000000 1.015089 17.115941 0.005734 4.818149 0.164240 
476 0.406346 0.000000 1.015089 17.081435 0.005538 4.814144 0.167461 
477 0.418026 0.000000 1.004197 17.085174 0.005595 4.832186 0.166664 
478 0.429707 0.000000 1.015089 17.283309 0.006234 4.656273 0.153075 
479 0.418026 0.000000 1.025982 17.267104 0.005930 4.721627 0.152935 
480 0.546509 0.000000 1.069553 18.476695 0.008907 3.350396 0.067906 
481 0.546509 0.000000 1.025982 18.235164 0.008844 3.404775 0.090374 
482 0.593230 0.000000 1.069553 18.637542 0.009434 2.943762 0.058891 
483 0.546509 0.000000 1.113124 19.240269 0.008109 2.838344 0.000154 
484 0.476428 0.000000 1.047768 17.800641 0.008132 4.153552 0.116805 
485 0.476428 0.000000 1.025982 17.737776 0.008159 4.198364 0.121721 
486 0.499788 0.000000 1.047768 17.982884 0.008677 3.849575 0.105997 
487 0.476428 0.000000 1.069553 18.255714 0.007881 3.939831 0.078004 
488 0.546509 0.000000 0.982411 17.736222 0.008312 3.359614 0.138624 
489 0.546509 0.000000 0.938840 17.882353 0.005637 3.106492 0.129192 
490 0.593230 0.000000 0.982411 17.889013 0.008760 2.922138 0.131500 
491 0.523148 0.000000 1.047768 18.146179 0.008865 3.631647 0.094712 
492 0.523148 0.000000 1.025982 18.006244 0.008826 3.657423 0.107588 
493 0.546509 0.000000 1.047768 18.291209 0.008886 3.388224 0.085260 
494 0.523148 0.000000 1.069553 18.538976 0.008518 3.507512 0.058964 
495 1.621088 0.000000 1.374551 19.733949 0.019410 0.623059 -0.030438 
496 1.621088 0.000000 1.025982 19.093617 0.032401 0.948480 0.033930 
497 1.994855 0.000000 1.374551 19.371113 -0.002746 0.124458 0.008054 
498 1.621088 0.000000 1.723119 19.479140 -0.002932 0.196017 -0.003100 
499 1.060438 0.000000 1.200266 19.660804 0.019959 1.523772 -0.027933 
500 1.060438 0.000000 1.025982 19.616007 0.021436 1.591582 -0.023840 
501 1.247321 0.000000 1.200266 19.501762 0.027644 1.411396 -0.010597 
502 1.060438 0.000000 1.374551 19.689460 0.015145 1.077514 -0.027844 
503 0.780113 0.000000 1.113124 19.335802 0.009275 2.137703 -0.000372 
504 0.780113 0.000000 1.025982 18.944802 0.009510 2.169044 0.038837 
505 0.873555 0.000000 1.113124 19.483573 0.011001 1.922882 -0.013229 
506 0.780113 0.000000 1.200266 19.479201 0.009070 1.666943 -0.010350 
507 0.639950 0.000000 1.069553 18.779697 0.010611 2.685692 0.048671 
508 0.639950 0.000000 1.025982 18.589277 0.010517 2.734792 0.066777 
509 0.686671 0.000000 1.069553 18.931246 0.011891 2.529577 0.035716 
510 0.639950 0.000000 1.113124 19.184370 0.010126 2.516171 0.010392 
511 1.621088 0.000000 0.677414 19.363519 0.000161 0.948348 0.006496 
512 1.621088 0.000000 0.328845 19.484490 -0.001324 0.463546 -0.004118 
513 1.994855 0.000000 0.677414 19.412420 -0.009279 0.809971 0.002126 
514 1.060438 0.000000 0.851698 19.640514 0.019825 1.234499 -0.023716 
515 1.060438 0.000000 0.677414 19.754470 0.006514 1.158160 -0.035099 
516 1.247321 0.000000 0.851698 19.361148 0.025544 1.225561 0.005144 
517 0.780113 0.000000 0.938840 19.015586 0.011297 1.666679 0.036828 
518 0.780113 0.000000 0.851698 19.366385 0.016381 1.491659 0.002697 
519 0.873555 0.000000 0.938840 19.375091 0.015658 1.392176 0.002564 
520 0.639950 0.000000 0.982411 18.249158 0.008809 2.563265 0.102300 
521 0.639950 0.000000 0.938840 18.484143 0.008115 2.317138 0.082658 
522 0.686671 0.000000 0.982411 18.570695 0.009900 2.287994 0.074535 
523 0.733392 0.000000 1.069553 19.088534 0.011852 2.373870 0.021927 
524 0.733392 0.000000 1.025982 18.831196 0.011474 2.296810 0.048673 
525 0.780113 0.000000 1.069553 19.170882 0.009217 2.212600 0.015554 
526 0.733392 0.000000 1.113124 19.380455 0.011203 2.225739 -0.005957 
527 0.663311 0.000000 1.047768 18.826204 0.011491 2.594252 0.045324 
528 0.639950 0.000000 1.047768 18.779697 0.010611 2.685692 0.048671 
529 0.663311 0.000000 1.025982 18.606991 0.010419 2.684066 0.065762 
530 0.686671 0.000000 1.047768 18.904363 0.011975 2.530266 0.038396 
531 0.663311 0.000000 1.069553 18.916219 0.011578 2.580988 0.036525 
532 0.966996 0.000000 1.113124 19.534206 0.013226 1.779644 -0.017050 
533 0.966996 0.000000 1.025982 19.383377 0.012293 1.633907 -0.000218 
534 1.060438 0.000000 1.113124 19.622379 0.020749 1.658964 -0.025080 
535 0.966996 0.000000 1.200266 19.675916 0.013796 1.339432 -0.028108 
536 0.826834 0.000000 1.069553 19.283280 0.009430 2.060177 0.005850 
537 0.826834 0.000000 1.025982 19.078288 0.009214 2.039173 0.026865 
538 0.873555 0.000000 1.069553 19.379896 0.011015 1.955007 -0.002908 
539 0.826834 0.000000 1.113124 19.401194 0.009660 2.031401 -0.005896 
540 0.966996 0.000000 0.938840 19.441304 0.015566 1.324749 -0.003746 
541 0.966996 0.000000 0.851698 19.658553 0.023918 1.180670 -0.025246 
542 1.060438 0.000000 0.938840 19.621119 0.020132 1.344635 -0.022454 
543 0.920276 0.000000 1.069553 19.438360 0.011135 1.870695 -0.008054 
544 0.920276 0.000000 1.025982 19.319006 0.010976 1.778836 0.005060 
545 0.966996 0.000000 1.069553 19.479977 0.012189 1.790162 -0.011556 
546 0.920276 0.000000 1.113124 19.508925 0.011117 1.845451 -0.015071 
547 -1.742813 0.000000 9.391630 19.449479 0.000189 0.000543 0.000054 
548 -4.732946 0.000000 9.391630 19.449727 -0.000023 0.000049 0.000028 
549 1.247321 0.000000 9.391630 19.449489 0.000183 0.001046 0.000053 
550 -1.742813 0.000000 12.180179 19.449786 -0.000032 0.000194 0.000022 
551 -0.247746 0.000000 5.208806 19.446895 0.000963 0.001270 0.000319 
552 -1.742813 0.000000 5.208806 19.447525 0.000968 -0.000017 0.000255 
553 1.247321 0.000000 5.208806 19.447450 -0.000214 0.004109 0.000262 
554 -0.247746 0.000000 6.603080 19.448512 0.001169 0.000870 0.000153 
555 0.499788 0.000000 3.117394 19.436266 -0.001942 0.023072 0.001410 
556 -0.247746 0.000000 3.117394 19.433095 -0.001467 0.011362 0.001737 
557 1.247321 0.000000 3.117394 19.443371 -0.002720 0.025971 0.000680 
558 0.499788 0.000000 3.814531 19.442541 0.003400 0.009658 0.000767 
559 0.873555 0.000000 2.071688 19.439669 -0.000378 0.162752 0.000992 
560 0.499788 0.000000 2.071688 19.389389 -0.000064 0.140204 0.006171 
561 1.247321 0.000000 2.071688 19.465354 -0.000947 0.144042 -0.001634 
562 0.873555 0.000000 2.420257 19.435248 -0.001799 0.072699 0.001502 
563 1.060438 0.000000 1.548835 19.534367 0.003967 0.441402 -0.009209 
564 0.873555 0.000000 1.548835 19.468309 0.003335 0.498873 -0.002541 
565 1.247321 0.000000 1.548835 19.542514 0.003873 0.376444 -0.009910 
566 1.060438 0.000000 1.723119 19.482552 0.001376 0.293164 -0.003577 
567 0.966996 0.000000 1.287409 19.689212 0.015163 1.092984 -0.027907 
568 0.873555 0.000000 1.287409 19.561529 0.012495 1.077080 -0.014568 
569 1.060438 0.000000 1.287409 19.690458 0.016315 1.226874 -0.028858 
570 0.966996 0.000000 1.374551 19.580491 0.009133 0.767828 -0.015022 
571 0.920276 0.000000 1.156695 19.648792 0.010691 1.707591 -0.028254 
572 0.873555 0.000000 1.156695 19.748582 0.009845 1.679671 -0.038396 
573 0.966996 0.000000 1.156695 19.634460 0.013783 1.649269 -0.026248 
574 0.920276 0.000000 1.200266 19.667465 0.011942 1.467136 -0.028177 
575 0.896915 0.000000 1.091339 19.447531 0.011170 1.898114 -0.009270 
576 0.873555 0.000000 1.091339 19.416928 0.010640 1.941211 -0.006564 
577 0.896915 0.000000 1.069553 19.422674 0.011259 1.911030 -0.006846 
578 0.920276 0.000000 1.091339 19.471570 0.010753 1.855097 -0.011316 
579 0.896915 0.000000 1.113124 19.491226 0.011008 1.862107 -0.013410 
580 1.434205 0.000000 1.200266 19.469266 0.031544 1.255022 -0.006148 
581 1.434205 0.000000 1.025982 19.260439 0.029364 1.291208 0.014988 
582 1.621088 0.000000 1.200266 19.492945 0.032338 0.822057 -0.006210 
583 1.434205 0.000000 1.374551 19.675103 0.019693 0.861748 -0.025245 
584 1.153880 0.000000 1.113124 19.537055 0.025652 1.618253 -0.015896 
585 1.153880 0.000000 1.025982 19.497999 0.025811 1.550955 -0.011302 
586 1.247321 0.000000 1.113124 19.448452 0.029933 1.487319 -0.005691 
587 1.153880 0.000000 1.200266 19.567299 0.023735 1.479551 -0.017886 
588 1.013717 0.000000 1.069553 19.577137 0.019112 1.704867 -0.020800 
589 1.013717 0.000000 1.025982 19.563850 0.019053 1.554435 -0.018129 
590 1.060438 0.000000 1.069553 19.622334 0.021466 1.620001 -0.024738 
591 1.013717 0.000000 1.113124 19.607197 0.019144 1.690309 -0.023783 
592 10.217723 0.000000 3.814531 19.451695 -0.001236 0.011205 -0.000175 
593 10.217723 0.000000 1.025982 19.429869 0.034216 1.051235 -0.000855 
594 13.207857 0.000000 3.814531 19.450010 0.000764 0.011292 -0.000001 
595 10.217723 0.000000 6.603080 19.451487 0.002638 0.000199 -0.000153 
596 5.732522 0.000000 2.420257 19.441011 -0.006398 0.063891 0.000913 
597 5.732522 0.000000 1.025982 19.447730 0.009482 0.601608 -0.000724 
598 7.227589 0.000000 2.420257 19.448446 -0.005752 0.072891 0.000146 
599 5.732522 0.000000 3.814531 19.448627 -0.004440 0.013705 0.000141 
600 3.489922 0.000000 1.723119 19.443076 -0.033863 0.260734 0.000529 
601 3.489922 0.000000 1.025982 19.441579 -0.003790 0.549733 0.000067 
602 4.237455 0.000000 1.723119 19.443762 -0.004104 0.247523 0.000479 
603 3.489922 0.000000 2.420257 19.444584 0.027661 0.062086 0.000545 
604 2.368622 0.000000 1.374551 19.374706 -0.007286 0.414917 0.007272 
605 2.368622 0.000000 1.025982 19.470433 -0.006327 0.649867 -0.003219 
606 2.742388 0.000000 1.374551 19.425541 -0.012994 0.426701 0.002032 
607 2.368622 0.000000 1.723119 19.425859 -0.006526 0.205582 0.002369 
608 1.807972 0.000000 1.200266 19.472845 0.025244 -0.007862 -0.002352 
609 1.807972 0.000000 1.025982 18.903908 0.024293 0.281763 0.055154 
610 1.994855 0.000000 1.200266 19.105686 0.015499 -1.656456 0.027838 
611 1.807972 0.000000 1.374551 19.760179 0.017815 0.230328 -0.032290 
612 10.217723 0.000000 -1.762567 19.457554 -0.000762 -0.264903 -0.000962 
613 10.217723 0.000000 -4.551116 19.450931 0.000111 -0.005902 -0.000096 
614 13.207857 0.000000 -1.762567 19.449382 0.018656 -0.180193 -0.000023 
615 5.732522 0.000000 -0.368292 19.433459 -0.026483 -0.450316 0.001162 
616 5.732522 0.000000 -1.762567 19.444780 0.007724 -0.276934 0.000334 
617 7.227589 0.000000 -0.368292 19.410711 -0.025397 -0.416771 0.003575 
618 3.489922 0.000000 0.328845 19.441457 -0.017670 0.403342 0.000447 
619 3.489922 0.000000 -0.368292 19.441002 -0.016847 -0.454356 0.000379 
620 4.237455 0.000000 0.328845 19.427559 -0.023968 0.390540 0.001902 
621 2.368622 0.000000 0.677414 19.453220 -0.013043 0.817497 -0.002098 
622 2.368622 0.000000 0.328845 19.450187 -0.001774 0.402381 -0.000447 
623 2.742388 0.000000 0.677414 19.451697 -0.007772 0.819625 -0.001950 
624 1.807972 0.000000 0.851698 19.272941 -0.009423 0.635400 0.017056 
625 1.621088 0.000000 0.851698 19.032384 0.026750 0.850037 0.040570 
626 1.807972 0.000000 0.677414 19.367623 -0.004877 0.849522 0.006545 
627 1.994855 0.000000 0.851698 19.408137 -0.015278 0.566418 0.003451 
628 1.714530 0.000000 1.113124 19.235211 0.033507 0.769844 0.020395 
629 1.621088 0.000000 1.113124 19.265354 0.035195 0.892526 0.016788 
630 1.714530 0.000000 1.025982 19.081971 0.029540 0.672070 0.036289 
631 1.807972 0.000000 1.113124 19.193100 0.026689 0.000169 0.026240 
632 1.714530 0.000000 1.200266 19.466378 0.031226 0.746213 -0.003159 
633 2.181738 0.000000 1.200266 19.195697 0.014532 -1.399591 0.020800 
634 2.181738 0.000000 1.025982 19.306521 0.010910 -1.524674 0.008554 
635 2.368622 0.000000 1.200266 19.364974 -0.006398 0.609547 0.007742 
636 2.181738 0.000000 1.374551 19.307714 -0.005211 0.316625 0.014312 
637 2.181738 0.000000 0.851698 19.485349 -0.018911 0.653456 -0.004768 
638 2.181738 0.000000 0.677414 19.445425 -0.012362 0.807414 -0.001253 
639 2.368622 0.000000 0.851698 19.465900 -0.019545 0.717790 -0.002999 
640 2.088297 0.000000 1.113124 19.158517 0.013434 -1.633596 0.022693 
641 1.994855 0.000000 1.113124 19.159260 0.014525 -1.659026 0.022397 
642 2.088297 0.000000 1.025982 19.810590 0.016687 -0.775903 -0.039014 
643 2.181738 0.000000 1.113124 19.280980 -0.080937 -0.791244 0.015632 
644 2.088297 0.000000 1.200266 19.035874 0.012836 -1.798565 0.033579 
645 3.116155 0.000000 1.374551 19.436220 -0.013383 0.423975 0.000941 
646 3.116155 0.000000 1.025982 19.447218 -0.003068 0.562352 -0.000550 
647 3.489922 0.000000 1.374551 19.437281 -0.011535 0.425153 0.000829 
648 3.116155 0.000000 1.723119 19.440495 -0.033494 0.257873 0.000798 
649 2.555505 0.000000 1.200266 19.417925 -0.010364 0.577457 0.002414 
650 2.555505 0.000000 1.025982 19.442681 -0.008538 0.611254 -0.000235 
651 2.742388 0.000000 1.200266 19.430931 -0.010227 0.563914 0.001119 
652 2.555505 0.000000 1.374551 19.411355 -0.011707 0.426167 0.003489 
653 2.275180 0.000000 1.113124 19.287839 -0.108463 -0.582465 0.015677 
654 2.275180 0.000000 1.025982 19.366263 -0.176406 -0.182897 0.008421 
655 2.368622 0.000000 1.113124 19.366263 -0.176406 -0.182897 0.008421 
656 2.275180 0.000000 1.200266 19.327503 -0.166329 -0.201288 0.012376 
657 0.079300 0.000000 0.895269 19.397252 0.001762 -1.227318 0.001435 
658 0.032580 0.000000 0.895269 19.347842 0.001045 -0.914537 0.008266 
659 0.149382 0.000000 0.917054 20.954382 0.005651 -2.341457 -0.175167 
660 0.126021 0.000000 0.917054 19.636486 0.003444 -2.001483 -0.029857 
661 0.149382 0.000000 0.895269 20.492888 0.004885 -1.326841 -0.114767 
662 0.686671 0.000000 1.548835 19.359001 0.003158 0.508145 0.008653 
663 0.499788 0.000000 1.548835 19.227727 0.002538 0.439113 0.022216 
664 0.686671 0.000000 1.723119 19.376863 -0.000852 0.319772 0.007236 
665 0.593230 0.000000 1.287409 19.179808 0.007529 1.165666 0.023998 
666 0.499788 0.000000 1.287409 19.003477 0.006437 1.105060 0.042160 
667 0.686671 0.000000 1.287409 19.326107 0.008798 1.173429 0.009059 
668 0.593230 0.000000 1.374551 19.212931 0.005261 0.837014 0.022377 
669 0.546509 0.000000 1.156695 19.072394 0.006077 2.323788 0.024177 
670 0.499788 0.000000 1.156695 18.809311 0.004220 2.454825 0.048866 
671 0.593230 0.000000 1.156695 19.184042 0.006523 2.251738 0.013758 
672 0.546509 0.000000 1.200266 19.096376 0.005977 2.088348 0.024503 
673 0.126021 0.000000 2.071688 19.370604 -0.000044 0.084740 0.008128 
674 -0.247746 0.000000 2.071688 19.381961 -0.001116 0.021876 0.006983 
675 0.126021 0.000000 2.420257 19.406699 -0.001257 0.043515 0.004443 
676 0.312905 0.000000 1.548835 19.158920 0.001746 0.303381 0.029464 
677 0.126021 0.000000 1.548835 19.180842 0.001050 0.164452 0.027414 
678 0.312905 0.000000 1.723119 19.278614 0.000224 0.214232 0.017424 
679 0.406346 0.000000 1.287409 18.839562 0.005515 0.941618 0.059441 
680 0.312905 0.000000 1.287409 18.735387 0.004393 0.683874 0.070896 
681 0.406346 0.000000 1.374551 18.996890 0.004074 0.656996 0.044909 
682 0.453067 0.000000 1.156695 18.574225 0.003353 2.324693 0.073741 
683 0.406346 0.000000 1.156695 18.274794 0.002183 2.258605 0.103708 
684 0.453067 0.000000 1.200266 18.744315 0.011614 1.631758 0.064209 
685 0.546509 0.000000 1.243838 19.064659 0.008669 1.396437 0.034076 
686 0.499788 0.000000 1.243838 18.954348 0.008239 1.357684 0.045445 
687 0.593230 0.000000 1.243838 19.165521 0.009087 1.410853 0.023777 
688 0.546509 0.000000 1.287409 19.093394 0.007147 1.145939 0.032861 
689 0.523148 0.000000 1.178481 18.968674 0.005158 2.168782 0.036448 
690 0.499788 0.000000 1.178481 18.880136 0.004490 2.146446 0.045561 
691 0.523148 0.000000 1.156695 19.015632 0.005701 2.382780 0.029158 
692 0.546509 0.000000 1.178481 19.103933 0.006133 2.159528 0.022941 
693 0.523148 0.000000 1.200266 19.093613 0.005985 2.088582 0.024780 
694 0.780113 0.000000 1.287409 19.454920 0.010367 1.138408 -0.003932 
695 0.780113 0.000000 1.374551 19.426926 0.007358 0.848511 0.000468 
696 0.639950 0.000000 1.243838 19.210099 0.005818 1.873573 0.015237 
697 0.639950 0.000000 1.200266 19.296931 0.007209 1.859296 0.006540 
698 0.686671 0.000000 1.243838 19.458991 0.009219 1.741290 -0.008940 
699 0.639950 0.000000 1.287409 19.257290 0.008065 1.172524 0.016083 
700 0.733392 0.000000 1.243838 19.467233 0.009255 1.672306 -0.009166 
701 0.733392 0.000000 1.200266 19.473843 0.009386 1.746891 -0.010520 
702 0.780113 0.000000 1.243838 19.470102 0.009048 1.599227 -0.008829 
703 0.733392 0.000000 1.287409 19.393867 0.009536 1.157393 0.002222 
704 0.733392 0.000000 1.156695 19.522376 0.010258 1.997078 -0.017999 
705 0.686671 0.000000 1.156695 19.468218 0.010032 2.056387 -0.013053 
706 0.780113 0.000000 1.156695 19.539282 0.009458 1.882145 -0.018566 
707 0.710032 0.000000 1.222052 19.460854 0.009222 1.741353 -0.009132 
708 0.686671 0.000000 1.222052 19.458083 0.009249 1.743290 -0.008865 
709 0.710032 0.000000 1.200266 19.463044 0.009315 1.756859 -0.009501 
710 0.733392 0.000000 1.222052 19.467338 0.009255 1.672747 -0.009180 
711 0.710032 0.000000 1.243838 19.465584 0.009207 1.739489 -0.009602 
712 0.826834 0.000000 1.243838 19.580112 0.010719 1.523245 -0.019558 
713 0.826834 0.000000 1.200266 19.606778 0.010844 1.581217 -0.022796 
714 0.873555 0.000000 1.243838 19.689509 0.012485 1.451779 -0.030352 
715 0.826834 0.000000 1.287409 19.512457 0.011537 1.108573 -0.009682 
716 0.920276 0.000000 1.243838 19.661775 0.012353 1.393897 -0.027031 
717 0.966996 0.000000 1.243838 19.682503 0.014395 1.204912 -0.027889 
718 0.920276 0.000000 1.287409 19.602634 0.013561 1.043925 -0.018638 
719 1.153880 0.000000 1.287409 19.619650 0.018951 1.147200 -0.021001 
720 1.247321 0.000000 1.287409 19.610199 0.020875 1.068145 -0.019558 
721 1.153880 0.000000 1.374551 19.579263 0.019044 0.986779 -0.015911 
722 1.013717 0.000000 1.243838 19.699151 0.015577 1.179876 -0.029464 
723 1.013717 0.000000 1.200266 19.673114 0.018017 1.418269 -0.028392 
724 1.060438 0.000000 1.243838 19.690458 0.016315 1.226874 -0.028858 
725 1.013717 0.000000 1.287409 19.692027 0.015585 1.147980 -0.028526 
726 4.237455 0.000000 9.391630 19.449668 -0.000047 0.001445 0.000034 
727 7.227589 0.000000 9.391630 19.449810 0.000246 0.001615 0.000019 
728 4.237455 0.000000 12.180179 19.449854 -0.000050 0.000476 0.000015 
729 2.742388 0.000000 5.208806 19.448763 0.001550 0.003461 0.000127 
730 4.237455 0.000000 5.208806 19.449547 0.001771 0.003504 0.000047 
731 2.742388 0.000000 6.603080 19.449282 0.001804 0.002044 0.000074 
732 1.994855 0.000000 3.117394 19.446618 -0.003850 0.023511 0.000346 
733 2.742388 0.000000 3.117394 19.446338 -0.004862 0.022870 0.000375 
734 1.994855 0.000000 3.814531 19.448420 0.003372 0.011503 0.000162 
735 1.621088 0.000000 2.071688 19.459028 -0.001911 0.126339 -0.000971 
736 1.994855 0.000000 2.071688 19.448760 -0.002920 0.120273 0.000089 
737 1.621088 0.000000 2.420257 19.453038 -0.003892 0.049040 -0.000319 
738 1.807972 0.000000 1.548835 19.484209 -0.003765 0.210201 -0.003638 
739 1.621088 0.000000 1.548835 19.512389 0.001144 0.275819 -0.006627 
740 1.994855 0.000000 1.548835 19.428902 -0.006311 0.197503 0.002065 
741 1.807972 0.000000 1.723119 19.467925 -0.004192 0.169822 -0.001920 
742 1.714530 0.000000 1.287409 19.619581 0.025135 0.589614 -0.018434 
743 1.621088 0.000000 1.287409 19.624966 0.024770 0.814649 -0.019828 
744 1.807972 0.000000 1.287409 19.809369 0.018907 0.181347 -0.037382 
745 1.714530 0.000000 1.374551 19.827119 0.019510 0.439662 -0.039666 
746 2.368622 0.000000 2.071688 19.442676 -0.004551 0.125754 0.000711 
747 2.742388 0.000000 2.071688 19.442974 -0.005448 0.131855 0.000676 
748 2.368622 0.000000 2.420257 19.447598 -0.006207 0.041719 0.000242 
749 2.181738 0.000000 1.548835 19.397794 -0.008023 0.245303 0.005202 
750 2.368622 0.000000 1.548835 19.405001 -0.008808 0.283734 0.004409 
751 2.181738 0.000000 1.723119 19.427609 -0.007291 0.185522 0.002210 
752 2.088297 0.000000 1.287409 18.856279 0.034572 -0.889209 0.058026 
753 1.994855 0.000000 1.287409 19.235541 0.023140 -0.686178 0.020685 
754 2.181738 0.000000 1.287409 19.184068 -0.004444 0.339842 0.026853 
755 2.088297 0.000000 1.374551 19.307965 -0.004206 0.216023 0.014428 
756 2.135017 0.000000 1.156695 19.138947 0.014182 -1.619161 0.024798 
757 2.088297 0.000000 1.156695 19.158517 0.013434 -1.633596 0.022693 
758 2.135017 0.000000 1.113124 19.175360 0.013808 -1.591012 0.021349 
759 2.181738 0.000000 1.156695 19.280980 -0.080937 -0.791244 0.015632 
760 2.135017 0.000000 1.200266 19.060236 0.014835 -1.631776 0.032638 
761 2.275180 0.000000 1.287409 19.288545 -0.005185 0.469738 0.015950 
762 2.368622 0.000000 1.287409 19.360562 -0.006790 0.503547 0.008505 
763 2.275180 0.000000 1.374551 19.341098 -0.006194 0.383920 0.010777 
764 2.228459 0.000000 1.156695 19.280980 -0.080937 -0.791244 0.015632 
765 2.228459 0.000000 1.113124 19.280980 -0.080937 -0.791244 0.015632 
766 2.275180 0.000000 1.156695 19.241795 -0.141633 -0.289111 0.021021 
767 2.228459 0.000000 1.200266 19.213266 -0.091761 -0.797295 0.022492 
768 3.116155 0.000000 0.677414 19.447328 -0.001324 0.817950 -0.001494 
769 3.116155 0.000000 0.328845 19.448256 -0.013723 0.405380 -0.000256 
770 3.489922 0.000000 0.677414 19.435299 0.009057 0.809621 -0.000222 
771 2.555505 0.000000 0.851698 19.452580 -0.017043 0.728916 -0.001671 
772 2.555505 0.000000 0.677414 19.452558 -0.011300 0.820129 -0.002041 
773 2.742388 0.000000 0.851698 19.450793 -0.011720 0.731853 -0.001498 
774 2.275180 0.000000 0.938840 19.519226 -0.008474 0.533393 -0.007883 
775 2.181738 0.000000 0.938840 19.563676 -0.006499 0.445874 -0.012249 
776 2.275180 0.000000 0.851698 19.479170 -0.019686 0.696144 -0.004284 
777 2.368622 0.000000 0.938840 19.478145 -0.010125 0.557521 -0.003718 
778 2.228459 0.000000 1.069553 19.280980 -0.080937 -0.791244 0.015632 
779 2.181738 0.000000 1.069553 19.280980 -0.080937 -0.791244 0.015632 
780 2.228459 0.000000 1.025982 19.453620 -0.144258 -0.275212 -0.000628 
781 2.275180 0.000000 1.069553 19.396679 -0.167192 -0.195322 0.005301 
782 2.205099 0.000000 1.134910 19.280980 -0.080937 -0.791244 0.015632 
783 2.181738 0.000000 1.134910 19.280980 -0.080937 -0.791244 0.015632 
784 2.205099 0.000000 1.113124 19.280980 -0.080937 -0.791244 0.015632 
785 2.228459 0.000000 1.134910 19.280980 -0.080937 -0.791244 0.015632 
786 2.205099 0.000000 1.156695 19.280980 -0.080937 -0.791244 0.015632 
787 2.088297 0.000000 0.938840 19.544296 -0.004350 0.309690 -0.009973 
788 1.994855 0.000000 0.938840 19.283474 0.021533 -0.270788 0.016855 
789 2.088297 0.000000 0.851698 19.463561 -0.017487 0.601457 -0.002352 
790 2.135017 0.000000 1.069553 19.230358 0.013323 -1.541110 0.016179 
791 2.088297 0.000000 1.069553 19.186290 0.012308 -1.656890 0.019676 
792 2.135017 0.000000 1.025982 19.402344 0.011188 -1.417384 -0.000416 
793 2.205099 0.000000 1.091339 19.280980 -0.080937 -0.791244 0.015632 
794 2.181738 0.000000 1.091339 19.280980 -0.080937 -0.791244 0.015632 
795 2.205099 0.000000 1.069553 19.280980 -0.080937 -0.791244 0.015632 
796 2.228459 0.000000 1.091339 19.280980 -0.080937 -0.791244 0.015632 
797 2.462063 0.000000 1.113124 19.424114 -0.009315 0.640286 0.001576 
798 2.462063 0.000000 1.025982 19.446160 -0.008495 0.627354 -0.000646 
799 2.555505 0.000000 1.113124 19.429520 -0.009873 0.621904 0.001082 
800 2.462063 0.000000 1.200266 19.403723 -0.009493 0.588831 0.003836 
801 2.321901 0.000000 1.156695 19.366263 -0.176406 -0.182897 0.008421 
802 2.321901 0.000000 1.113124 19.366263 -0.176406 -0.182897 0.008421 
803 2.368622 0.000000 1.156695 19.366263 -0.176406 -0.182897 0.008421 
804 2.321901 0.000000 1.200266 19.366263 -0.176406 -0.182897 0.008421 
805 2.251820 0.000000 1.134910 19.280980 -0.080937 -0.791244 0.015632 
806 2.251820 0.000000 1.113124 19.280980 -0.080937 -0.791244 0.015632 
807 2.275180 0.000000 1.134910 19.223431 -0.112422 -0.610023 0.022145 
808 2.251820 0.000000 1.156695 19.280980 -0.080937 -0.791244 0.015632 
809 2.216779 0.000000 1.124017 19.268158 -0.071982 -0.802653 0.016894 
810 2.205099 0.000000 1.124017 19.280980 -0.080937 -0.791244 0.015632 
811 2.216779 0.000000 1.113124 19.292344 -0.054766 -0.798396 0.014453 
812 2.228459 0.000000 1.124017 19.280980 -0.080937 -0.791244 0.015632 
813 2.216779 0.000000 1.134910 19.280980 -0.080937 -0.791244 0.015632 
814 0.161062 0.000000 0.949733 16.275017 0.002768 0.729031 0.298425 
815 0.149382 0.000000 0.949733 11.817432 0.001029 -0.708062 0.629521 
816 0.161062 0.000000 0.938840 18.441757 0.002634 0.413698 0.100536 
817 0.161062 0.000000 0.960626 13.020165 0.000629 -0.380707 0.551497 
818 0.546509 0.000000 0.895269 18.169433 0.005820 2.942997 0.104448 
819 0.593230 0.000000 0.895269 18.456068 0.008534 2.432085 0.083957 
820 0.523148 0.000000 0.829912 19.317103 0.009202 3.270256 -0.014651 
821 0.523148 0.000000 0.808127 19.712052 -0.004185 3.154424 -0.053431 
822 0.546509 0.000000 0.829912 19.301540 0.011406 2.902244 -0.007058 
823 0.523148 0.000000 0.851698 18.925404 0.001293 3.275421 0.024856 
824 0.488108 0.000000 0.819020 20.490217 0.002688 4.230405 -0.157130 
825 0.476428 0.000000 0.819020 19.550885 0.007378 4.674660 -0.068165 
826 0.488108 0.000000 0.808127 20.641204 0.002606 4.026583 -0.169098 
827 0.499788 0.000000 0.819020 20.349395 0.002807 4.432017 -0.146545 
828 0.488108 0.000000 0.829912 19.399427 0.007355 4.886486 -0.057925 
829 0.593230 0.000000 0.590271 20.098399 -0.007178 1.248228 -0.071903 
830 0.593230 0.000000 0.503129 20.048163 -0.008542 0.902224 -0.064606 
831 0.686671 0.000000 0.590271 19.897650 -0.006860 1.186421 -0.050281 
832 0.546509 0.000000 0.720985 20.196696 -0.003283 2.039037 -0.089245 
833 0.546509 0.000000 0.677414 20.253382 -0.004890 1.714450 -0.092086 
834 0.593230 0.000000 0.720985 19.944384 -0.002751 1.914445 -0.061171 
835 0.523148 0.000000 0.786341 20.035316 -0.001371 2.905388 -0.083406 
836 0.523148 0.000000 0.764556 20.235181 -0.001861 2.606645 -0.100329 
837 0.546509 0.000000 0.786341 19.830530 -0.000971 2.655498 -0.058152 
838 0.511468 0.000000 0.819020 20.092731 0.002916 4.881991 -0.130185 
839 0.511468 0.000000 0.808127 20.092731 0.002916 4.881991 -0.130185 
840 0.523148 0.000000 0.819020 19.517817 0.039805 3.230358 -0.034574 
841 0.511468 0.000000 0.829912 19.319703 0.008247 3.505310 -0.019127 
842 0.780113 0.000000 0.764556 19.574493 0.003399 1.489445 -0.018707 
843 0.780113 0.000000 0.677414 19.725452 -0.001599 1.330412 -0.033204 
844 0.873555 0.000000 0.764556 19.643504 0.006547 1.335282 -0.024710 
845 0.639950 0.000000 0.808127 19.415876 0.001482 2.065807 -0.007775 
846 0.639950 0.000000 0.764556 19.633162 -0.000072 1.943725 -0.028910 
847 0.686671 0.000000 0.808127 19.412856 0.002955 1.854546 -0.005276 
848 0.639950 0.000000 0.851698 19.159509 0.011029 2.085259 0.018153 
849 0.569869 0.000000 0.829912 19.288809 0.014842 2.626536 -0.001730 
850 0.569869 0.000000 0.808127 19.509118 -0.000856 2.562069 -0.023440 
851 0.593230 0.000000 0.829912 19.283045 0.021334 2.416725 0.001654 
852 0.569869 0.000000 0.851698 19.057644 0.007276 2.638252 0.021539 
853 0.569869 0.000000 0.786341 19.705843 -0.000457 2.459378 -0.042469 
854 0.569869 0.000000 0.764556 19.863009 -0.001196 2.311065 -0.057038 
855 0.593230 0.000000 0.786341 19.621777 -0.000029 2.285138 -0.031545 
856 0.558189 0.000000 0.819020 19.421688 -0.016123 2.726955 -0.016748 
857 0.546509 0.000000 0.819020 19.447177 -0.035698 2.869458 -0.021478 
858 0.558189 0.000000 0.808127 19.543465 -0.001468 2.680951 -0.028633 
859 0.569869 0.000000 0.819020 19.401185 -0.009577 2.601663 -0.012879 
860 0.558189 0.000000 0.829912 19.294332 0.012939 2.752894 -0.004090 
861 0.639950 0.000000 0.895269 18.549099 0.008490 2.250946 0.077099 
862 0.686671 0.000000 0.895269 18.641976 0.008432 2.074715 0.069983 
863 0.616590 0.000000 0.829912 19.283968 0.042715 2.236138 0.003777 
864 0.616590 0.000000 0.808127 19.431815 0.000791 2.204280 -0.010975 
865 0.639950 0.000000 0.829912 19.292176 -0.158216 2.075465 0.004710 
866 0.616590 0.000000 0.851698 19.128249 0.009962 2.237585 0.019576 
867 0.639950 0.000000 0.720985 19.792163 -0.002107 1.780854 -0.043877 
868 0.639950 0.000000 0.677414 19.900262 -0.003913 1.602073 -0.053620 
869 0.686671 0.000000 0.720985 19.704448 -0.001273 1.644908 -0.033488 
870 0.616590 0.000000 0.786341 19.566635 0.000432 2.135897 -0.024089 
871 0.616590 0.000000 0.764556 19.683417 -0.000503 2.048878 -0.035242 
872 0.639950 0.000000 0.786341 19.531024 0.000894 2.014513 -0.019076 
873 0.604910 0.000000 0.819020 19.365309 -0.002718 2.306971 -0.005379 
874 0.593230 0.000000 0.819020 19.373911 -0.004125 2.399182 -0.007407 
875 0.604910 0.000000 0.808127 19.444791 0.000347 2.281382 -0.013222 
876 0.616590 0.000000 0.819020 19.359142 -0.001575 2.226636 -0.003785 
877 0.604910 0.000000 0.829912 19.283034 0.028135 2.321589 0.002846 
878 0.733392 0.000000 0.808127 19.433857 0.004157 1.660148 -0.005626 
879 0.733392 0.000000 0.764556 19.559863 0.002079 1.611985 -0.018198 
880 0.780113 0.000000 0.808127 19.476369 0.005727 1.527409 -0.008880 
881 0.733392 0.000000 0.851698 19.292644 0.014719 1.636306 0.009037 
882 0.663311 0.000000 0.829912 19.303671 -0.020916 1.960901 0.004825 
883 0.663311 0.000000 0.808127 19.410495 0.002137 1.945923 -0.005951 
884 0.686671 0.000000 0.829912 19.319618 -0.008577 1.866097 0.004157 
885 0.663311 0.000000 0.851698 19.191363 0.011986 1.949937 0.016367 
886 1.060438 0.000000 0.503129 19.751634 -0.003123 0.847037 -0.033153 
887 1.060438 0.000000 0.328845 19.736282 -0.006426 0.521632 -0.030374 
888 1.247321 0.000000 0.503129 19.631038 -0.002143 0.846378 -0.020596 
889 0.966996 0.000000 0.764556 19.719177 0.009846 1.253089 -0.032021 
890 0.966996 0.000000 0.677414 19.758950 0.004031 1.174633 -0.035668 
891 1.060438 0.000000 0.764556 19.741786 0.013159 1.218888 -0.034156 
892 0.826834 0.000000 0.808127 19.529152 0.007283 1.424609 -0.013521 
893 0.826834 0.000000 0.764556 19.604831 0.004890 1.401369 -0.021176 
894 0.873555 0.000000 0.808127 19.587622 0.008803 1.348110 -0.019006 
895 0.826834 0.000000 0.851698 19.443753 0.018217 1.380165 -0.004394 
896 0.733392 0.000000 0.895269 18.971011 0.011694 1.737986 0.040662 
897 0.780113 0.000000 0.895269 19.020587 0.011516 1.633895 0.036611 
898 0.733392 0.000000 0.938840 18.944029 0.011372 1.803439 0.042753 
899 0.756753 0.000000 0.829912 19.391880 0.000830 1.586486 -0.000686 
900 0.733392 0.000000 0.829912 19.364923 -0.001074 1.662442 0.001424 
901 0.756753 0.000000 0.808127 19.453049 0.004828 1.587139 -0.006972 
902 0.780113 0.000000 0.829912 19.422916 0.002359 1.521758 -0.003338 
903 0.756753 0.000000 0.851698 19.328853 0.015565 1.554890 0.006027 
904 0.826834 0.000000 0.895269 19.069622 0.011255 1.544265 0.032427 
905 0.873555 0.000000 0.895269 19.445799 0.044422 1.263037 -0.003790 
906 0.826834 0.000000 0.938840 19.058215 0.011023 1.594397 0.033161 
907 0.803473 0.000000 0.829912 19.454219 0.003834 1.467436 -0.006126 
908 0.803473 0.000000 0.808127 19.501757 0.006482 1.474124 -0.011073 
909 0.826834 0.000000 0.829912 19.487546 0.005004 1.415549 -0.009161 
910 0.803473 0.000000 0.851698 19.404799 0.017306 1.432585 -0.000783 
911 0.920276 0.000000 0.808127 19.644025 0.010444 1.290707 -0.024455 
912 0.920276 0.000000 0.764556 19.684707 0.008164 1.286021 -0.028652 
913 0.966996 0.000000 0.808127 19.692046 0.012063 1.250348 -0.029177 
914 0.920276 0.000000 0.851698 19.596730 0.021976 1.226257 -0.019121 
915 1.434205 0.000000 0.851698 19.300181 0.025605 1.151048 0.011842 
916 1.434205 0.000000 0.677414 19.432916 0.004891 1.054898 -0.001186 
917 1.153880 0.000000 0.764556 19.684086 0.014776 1.197859 -0.028009 
918 1.153880 0.000000 0.677414 19.695894 0.007965 1.149180 -0.028936 
919 1.247321 0.000000 0.764556 19.575994 0.014603 1.172524 -0.016632 
920 1.153880 0.000000 0.851698 19.502709 0.022634 1.216391 -0.009340 
921 1.013717 0.000000 0.808127 19.722029 0.014096 1.222142 -0.032117 
922 1.013717 0.000000 0.764556 19.739922 0.011910 1.230933 -0.034040 
923 1.060438 0.000000 0.808127 19.728902 0.015375 1.203394 -0.032713 
924 1.013717 0.000000 0.851698 19.699492 0.026499 1.145541 -0.029290 
925 0.920276 0.000000 0.895269 19.538967 0.045891 1.178008 -0.012843 
926 0.966996 0.000000 0.895269 19.616489 0.047739 1.116595 -0.020495 
927 0.920276 0.000000 0.938840 19.408619 0.015587 1.354628 -0.000601 
928 0.943636 0.000000 0.829912 19.650507 0.009914 1.248688 -0.024846 
929 0.920276 0.000000 0.829912 19.621035 0.008972 1.272991 -0.021948 
930 0.943636 0.000000 0.808127 19.669819 0.011234 1.268441 -0.026985 
931 0.966996 0.000000 0.829912 19.675992 0.010847 1.228964 -0.027366 
932 0.943636 0.000000 0.851698 19.629615 0.022939 1.202142 -0.022376 
933 1.153880 0.000000 0.938840 19.486477 0.023579 1.355463 -0.008612 
934 1.247321 0.000000 0.938840 19.342042 0.026638 1.295445 0.006632 
935 1.107159 0.000000 0.808127 19.711687 0.016446 1.191353 -0.030842 
936 1.107159 0.000000 0.764556 19.722403 0.014238 1.209820 -0.032076 
937 1.153880 0.000000 0.808127 19.674330 0.016912 1.175683 -0.026855 
938 1.107159 0.000000 0.851698 19.637555 0.019795 1.261330 -0.023585 
939 4.237455 0.000000 -7.339665 19.449733 0.000110 -0.002699 0.000027 
940 4.237455 0.000000 -10.128214 19.449723 0.000307 -0.001185 0.000029 
941 7.227589 0.000000 -7.339665 19.450038 0.000082 -0.002677 -0.000004 
942 2.742388 0.000000 -3.156842 19.446420 -0.004734 -0.022105 0.000367 
943 2.742388 0.000000 -4.551116 19.448282 -0.000418 -0.006461 0.000177 
944 4.237455 0.000000 -3.156842 19.446145 -0.005316 -0.025205 0.000395 
945 1.994855 0.000000 -1.065430 38.685621 0.013699 0.969609 -2.958519 
946 1.994855 0.000000 -1.762567 19.442916 -0.005519 -0.163314 0.000658 
947 2.742388 0.000000 -1.065430 19.441141 -0.006140 -0.602742 -0.000050 
948 1.621088 0.000000 -0.019724 19.530564 0.003383 -0.029222 -0.008304 
949 1.621088 0.000000 -0.368292 19.476425 -0.001803 -0.522990 -0.003442 
950 1.994855 0.000000 -0.019724 19.466421 -0.000076 -0.024639 -0.001691 
951 1.434205 0.000000 0.503129 19.507201 -0.001946 0.802714 -0.007594 
952 1.434205 0.000000 0.328845 19.542658 -0.003959 0.499624 -0.010210 
953 1.621088 0.000000 0.503129 19.441083 -0.001528 0.736704 -0.000518 
954 1.340763 0.000000 0.764556 19.466041 0.013293 1.133970 -0.005050 
955 1.340763 0.000000 0.677414 19.506924 0.006633 1.102053 -0.009073 
956 1.434205 0.000000 0.764556 19.382489 0.010646 1.078849 0.003853 
957 1.340763 0.000000 0.851698 19.321756 0.025552 1.166793 0.009543 
958 1.200601 0.000000 0.808127 19.620932 0.017061 1.170546 -0.021277 
959 1.200601 0.000000 0.764556 19.633554 0.014847 1.194442 -0.022735 
960 1.247321 0.000000 0.808127 19.560426 0.016720 1.145776 -0.014858 
961 1.200601 0.000000 0.851698 19.361148 0.025544 1.225561 0.005144 
962 1.340763 0.000000 0.938840 19.317944 0.026540 1.252338 0.009385 
963 1.434205 0.000000 0.938840 19.201719 0.027009 1.116266 0.022071 
964 1.340763 0.000000 1.025982 19.366956 0.029528 1.453319 0.002936 
965 1.527646 0.000000 0.938840 19.130666 0.026524 1.043834 0.029685 
966 1.527646 0.000000 0.851698 19.032384 0.026750 0.850037 0.040570 
967 1.621088 0.000000 0.938840 18.971832 0.026906 0.776248 0.046970 
968 1.527646 0.000000 1.025982 19.225309 0.032866 1.146540 0.019493 
969 1.387484 0.000000 0.895269 19.291006 0.025822 1.185119 0.012568 
970 1.340763 0.000000 0.895269 19.319063 0.025711 1.201296 0.009602 
971 1.387484 0.000000 0.851698 19.300181 0.025605 1.151048 0.011842 
972 1.434205 0.000000 0.895269 19.291006 0.025822 1.185119 0.012568 
973 1.387484 0.000000 0.938840 19.314038 0.026610 1.235239 0.009897 
974 1.527646 0.000000 0.764556 19.331457 0.007093 1.016247 0.009422 
975 1.527646 0.000000 0.677414 19.386024 0.002871 1.002036 0.003914 
976 1.621088 0.000000 0.764556 19.307905 0.003064 0.950191 0.012171 
977 1.480926 0.000000 0.895269 19.184281 0.026191 1.058529 0.024173 
978 1.480926 0.000000 0.851698 19.305609 0.025495 1.127361 0.011431 
979 1.527646 0.000000 0.895269 19.125373 0.026454 0.996849 0.030474 
980 1.480926 0.000000 0.938840 19.169776 0.027090 1.091780 0.025454 
981 1.714530 0.000000 0.938840 18.883218 0.026988 0.594528 0.056495 
982 1.714530 0.000000 0.851698 19.238335 -0.006044 0.720876 0.020273 
983 1.807972 0.000000 0.938840 18.967372 0.024128 0.356689 0.048674 
984 1.807972 0.000000 0.503129 19.422517 -0.001478 0.674849 0.001620 
985 1.807972 0.000000 0.328845 19.460964 0.000805 0.437071 -0.001633 
986 1.994855 0.000000 0.503129 19.433249 -0.002403 0.648609 0.000610 
987 1.714530 0.000000 0.764556 19.309112 -0.001267 0.885746 0.012361 
988 1.714530 0.000000 0.677414 19.361040 -0.002323 0.897991 0.006995 
989 1.807972 0.000000 0.764556 19.330945 -0.005237 0.828141 0.010392 
990 1.667809 0.000000 0.895269 18.970262 0.026739 0.734094 0.047296 
991 1.621088 0.000000 0.895269 19.008834 0.027020 0.894050 0.042735 
992 1.667809 0.000000 0.851698 19.233505 -0.003812 0.766397 0.020585 
993 1.714530 0.000000 0.895269 18.916331 0.026735 0.599545 0.053171 
994 1.667809 0.000000 0.938840 18.946026 0.027004 0.744289 0.049685 
995 1.901413 0.000000 0.938840 19.109341 0.021542 -0.002013 0.034721 
996 1.901413 0.000000 0.851698 19.334722 -0.012619 0.570031 0.010959 
997 1.901413 0.000000 1.025982 19.094192 0.021633 -0.267145 0.036062 
998 1.761251 0.000000 0.895269 18.916331 0.026735 0.599545 0.053171 
999 1.761251 0.000000 0.851698 19.251766 -0.008014 0.676072 0.019072 
1000 1.807972 0.000000 0.895269 19.232918 -0.019522 0.428378 0.021711 
1001 1.761251 0.000000 0.938840 18.937297 0.024801 0.402250 0.051596 
1002 2.368622 0.000000 -0.019724 19.451186 -0.002811 -0.024004 -0.000124 
1003 2.368622 0.000000 -0.368292 19.451892 -0.002763 -0.452579 -0.000736 
1004 2.742388 0.000000 -0.019724 19.449110 -0.009538 -0.029536 0.000089 
1005 2.181738 0.000000 0.503129 19.445017 -0.004281 0.635055 -0.000554 
1006 2.181738 0.000000 0.328845 19.450919 0.000297 0.404618 -0.000527 
1007 2.368622 0.000000 0.503129 19.449526 -0.006118 0.633818 -0.001013 
1008 2.088297 0.000000 0.764556 19.437625 -0.013397 0.779672 -0.000335 
1009 1.994855 0.000000 0.764556 19.405174 -0.011291 0.773357 0.003023 
1010 2.088297 0.000000 0.677414 19.434203 -0.011120 0.810234 -0.000112 
1011 2.181738 0.000000 0.764556 19.455856 -0.014887 0.795403 -0.002275 
1012 2.041576 0.000000 0.895269 19.462603 -0.024064 0.368585 -0.001657 
1013 1.994855 0.000000 0.895269 19.418413 -0.023319 0.344192 0.002931 
1014 2.041576 0.000000 0.851698 19.439734 -0.016544 0.579383 0.000167 
1015 2.088297 0.000000 0.895269 19.495039 -0.024476 0.407320 -0.005077 
1016 2.041576 0.000000 0.938840 19.499267 -0.003107 0.251268 -0.005239 
1017 2.275180 0.000000 0.764556 19.459661 -0.015525 0.812026 -0.002737 
1018 2.275180 0.000000 0.677414 19.451711 -0.013085 0.813109 -0.001924 
1019 2.368622 0.000000 0.764556 19.457416 -0.015283 0.822035 -0.002550 
1020 2.228459 0.000000 0.895269 19.509857 -0.023538 0.534040 -0.006920 
1021 2.181738 0.000000 0.895269 19.516933 -0.024006 0.496101 -0.007547 
1022 2.228459 0.000000 0.851698 19.484736 -0.019433 0.677476 -0.004789 
1023 2.275180 0.000000 0.895269 19.497314 -0.022965 0.562254 -0.005708 
1024 2.228459 0.000000 0.938840 19.544933 -0.007478 0.498744 -0.010443 
1025 2.462063 0.000000 0.938840 19.459675 -0.010719 0.555705 -0.001812 
1026 2.462063 0.000000 0.851698 19.456817 -0.018813 0.725942 -0.002095 
1027 2.555505 0.000000 0.938840 19.454121 -0.010078 0.549659 -0.001223 
1028 2.929272 0.000000 0.851698 19.450560 -0.005709 0.736341 -0.001491 
1029 2.929272 0.000000 0.677414 19.450748 -0.003989 0.819076 -0.001850 
1030 3.116155 0.000000 0.851698 19.445591 -0.001168 0.741374 -0.001000 
1031 2.929272 0.000000 1.025982 19.447677 -0.005524 0.574934 -0.000635 
1032 2.648947 0.000000 0.938840 19.453017 -0.008388 0.544543 -0.001094 
1033 2.648947 0.000000 0.851698 19.450937 -0.014604 0.730212 -0.001506 
1034 2.742388 0.000000 0.938840 19.452368 -0.006134 0.540692 -0.001016 
1035 2.648947 0.000000 1.025982 19.443742 -0.009612 0.599807 -0.000308 
1036 2.555505 0.000000 0.503129 19.452921 -0.008375 0.622521 -0.001325 
1037 2.555505 0.000000 0.328845 19.451622 -0.004793 0.402140 -0.000594 
1038 2.742388 0.000000 0.503129 19.452237 -0.009321 0.623548 -0.001258 
1039 2.648947 0.000000 0.764556 19.451246 -0.009978 0.825944 -0.001932 
1040 2.555505 0.000000 0.764556 19.452540 -0.012453 0.826893 -0.002069 
1041 2.648947 0.000000 0.677414 19.452197 -0.009674 0.820059 -0.002004 
1042 2.742388 0.000000 0.764556 19.451039 -0.007302 0.825198 -0.001907 
1043 2.602226 0.000000 0.895269 19.453243 -0.016498 0.610422 -0.001319 
1044 2.555505 0.000000 0.895269 19.454325 -0.018120 0.608108 -0.001423 
1045 2.602226 0.000000 0.851698 19.451781 -0.016012 0.729987 -0.001592 
1046 2.648947 0.000000 0.895269 19.452667 -0.014458 0.612890 -0.001268 
1047 2.602226 0.000000 0.938840 19.453379 -0.009342 0.546903 -0.001138 
1048 2.929272 0.000000 1.200266 19.436652 -0.008768 0.555632 0.000556 
1049 3.116155 0.000000 1.200266 19.438858 -0.007237 0.548031 0.000351 
1050 2.929272 0.000000 1.374551 19.431668 -0.013521 0.426572 0.001403 
1051 2.835830 0.000000 0.938840 19.453029 -0.003145 0.538440 -0.001078 
1052 2.835830 0.000000 0.851698 19.450907 -0.008688 0.733704 -0.001516 
1053 2.929272 0.000000 0.938840 19.452483 0.000370 0.538358 -0.001021 
1054 2.835830 0.000000 1.025982 19.446660 -0.006922 0.581725 -0.000551 
1055 4.984989 0.000000 0.328845 19.422327 -0.023824 0.390220 0.002440 
1056 4.984989 0.000000 -0.368292 19.422432 -0.022644 -0.442133 0.002315 
1057 5.732522 0.000000 0.328845 19.433504 -0.027281 0.397545 0.001276 
1058 4.984989 0.000000 1.025982 19.442162 -0.000408 0.568595 -0.000049 
1059 3.863689 0.000000 0.677414 19.428693 -0.001449 0.796566 0.000512 
1060 3.863689 0.000000 0.328845 19.433655 -0.021066 0.397757 0.001261 
1061 4.237455 0.000000 0.677414 19.426617 -0.002009 0.793439 0.000739 
1062 3.863689 0.000000 1.025982 19.440207 -0.007297 0.545522 0.000220 
1063 3.303039 0.000000 0.851698 19.440870 0.000240 0.748034 -0.000541 
1064 3.303039 0.000000 0.677414 19.440871 0.008973 0.812747 -0.000808 
1065 3.489922 0.000000 0.851698 19.435336 -0.000617 0.751986 0.000013 
1066 3.303039 0.000000 1.025982 19.444895 -0.002201 0.555837 -0.000292 
1067 3.022713 0.000000 0.938840 19.451717 0.004959 0.538386 -0.000943 
1068 3.022713 0.000000 0.851698 19.447542 -0.003104 0.739529 -0.001193 
1069 3.116155 0.000000 0.938840 19.450025 0.012596 0.538551 -0.000770 
1070 3.022713 0.000000 1.025982 19.447834 -0.004072 0.568513 -0.000632 
1071 3.489922 0.000000 -1.065430 19.440450 -0.002231 -0.560373 0.000152 
1072 3.489922 0.000000 -1.762567 19.443200 -0.032651 -0.244373 0.000538 
1073 4.237455 0.000000 -1.065430 19.441630 -0.000243 -0.545964 0.000073 
1074 3.116155 0.000000 -0.019724 19.452962 -0.012551 -0.022980 -0.000306 
1075 3.116155 0.000000 -0.368292 19.448328 -0.013447 -0.456581 -0.000380 
1076 3.489922 0.000000 -0.019724 19.449172 -0.013943 -0.030717 0.000082 
1077 2.929272 0.000000 0.503129 19.450506 -0.010005 0.624117 -0.001082 
1078 2.929272 0.000000 0.328845 19.449590 -0.011191 0.403881 -0.000389 
1079 3.116155 0.000000 0.503129 19.447520 -0.010336 0.623550 -0.000773 
1080 3.022713 0.000000 0.764556 19.448700 0.000568 0.824251 -0.001662 
1081 2.929272 0.000000 0.764556 19.450108 -0.001694 0.824492 -0.001808 
1082 3.022713 0.000000 0.677414 19.449356 -0.002384 0.818621 -0.001705 
1083 3.116155 0.000000 0.764556 19.446023 0.002235 0.824177 -0.001387 
1084 4.984989 0.000000 1.723119 19.444676 0.008422 0.288487 0.000327 
1085 5.732522 0.000000 1.723119 19.444445 0.008728 0.294913 0.000341 
1086 4.984989 0.000000 2.420257 19.440608 -0.006708 0.054480 0.000958 
1087 3.863689 0.000000 1.374551 19.436304 -0.004517 0.432840 0.000913 
1088 4.237455 0.000000 1.374551 19.437997 0.001243 0.437132 0.000729 
1089 3.863689 0.000000 1.723119 19.442720 -0.007139 0.244712 0.000590 
1090 3.303039 0.000000 1.200266 19.438617 -0.004227 0.545711 0.000383 
1091 3.489922 0.000000 1.200266 19.438615 -0.003466 0.541154 0.000396 
1092 3.303039 0.000000 1.374551 19.437155 -0.012804 0.425361 0.000842 
1093 3.209597 0.000000 0.938840 19.448158 0.029005 0.537626 -0.000577 
1094 3.209597 0.000000 0.851698 19.443279 -0.000030 0.744170 -0.000773 
1095 3.303039 0.000000 0.938840 19.447591 0.089154 0.479136 -0.000380 
1096 3.209597 0.000000 1.025982 19.446284 -0.002357 0.558180 -0.000442 
1097 3.069434 0.000000 0.895269 19.448682 -0.023344 0.637654 -0.000941 
1098 3.022713 0.000000 0.895269 19.449674 -0.033759 0.631299 -0.001023 
1099 3.069434 0.000000 0.851698 19.446650 -0.002072 0.740035 -0.001103 
1100 3.116155 0.000000 0.895269 19.447491 -0.018083 0.640918 -0.000829 
1101 3.069434 0.000000 0.938840 19.451022 0.008174 0.538860 -0.000873 
1102 3.676805 0.000000 0.851698 19.431765 -0.001825 0.757845 0.000356 
1103 3.676805 0.000000 0.677414 19.431677 -0.001384 0.799970 0.000192 
1104 3.863689 0.000000 0.851698 19.430950 -0.001958 0.763771 0.000416 
1105 3.676805 0.000000 1.025982 19.440802 -0.006080 0.546399 0.000156 
1106 3.396480 0.000000 0.938840 19.443531 -0.086629 0.509987 -0.000042 
1107 3.396480 0.000000 0.851698 19.437930 0.000110 0.749525 -0.000244 
1108 3.489922 0.000000 0.938840 19.440624 -0.053151 0.547407 0.000164 
1109 3.396480 0.000000 1.025982 19.443081 -0.002708 0.552371 -0.000095 
1110 3.676805 0.000000 1.200266 19.437452 -0.002689 0.539589 0.000520 
1111 3.863689 0.000000 1.200266 19.437130 -0.001619 0.538088 0.000558 
1112 3.676805 0.000000 1.374551 19.436787 -0.009654 0.426845 0.000876 
1113 3.583364 0.000000 0.938840 19.438630 -0.042915 0.560125 0.000335 
1114 3.583364 0.000000 0.851698 19.433256 -0.001315 0.754887 0.000215 
1115 3.676805 0.000000 0.938840 19.437405 -0.037939 0.570363 0.000431 
1116 3.583364 0.000000 1.025982 19.441535 -0.004927 0.547264 0.000078 
1117 4.611222 0.000000 0.677414 19.426809 -0.007356 0.800004 0.000691 
1118 4.611222 0.000000 0.328845 19.423365 -0.024987 0.389675 0.002334 
1119 4.984989 0.000000 0.677414 19.427886 -0.014453 0.808363 0.000545 
1120 4.611222 0.000000 1.025982 19.442620 -0.001886 0.556563 -0.000060 
1121 4.050572 0.000000 0.851698 19.430305 -0.001088 0.771017 0.000453 
1122 4.050572 0.000000 0.677414 19.427796 -0.001318 0.794237 0.000614 
1123 4.237455 0.000000 0.851698 19.430285 -0.000776 0.779777 0.000419 
1124 4.050572 0.000000 1.025982 19.440641 -0.006122 0.544999 0.000177 
1125 3.770247 0.000000 0.938840 19.437578 -0.034624 0.579059 0.000387 
1126 3.770247 0.000000 0.851698 19.431683 -0.002042 0.760112 0.000355 
1127 3.863689 0.000000 0.938840 19.436989 -0.031867 0.588572 0.000419 
1128 3.770247 0.000000 1.025982 19.440319 -0.007053 0.545784 0.000208 
1129 4.611222 0.000000 1.374551 19.440838 0.015859 0.442972 0.000423 
1130 4.984989 0.000000 1.374551 19.441428 0.027393 0.449110 0.000346 
1131 4.611222 0.000000 1.723119 19.445596 0.005545 0.286635 0.000236 
1132 4.050572 0.000000 1.200266 19.437741 -0.001458 0.535765 0.000501 
1133 4.237455 0.000000 1.200266 19.439392 0.003697 0.534395 0.000336 
1134 4.050572 0.000000 1.374551 19.436638 -0.001979 0.434739 0.000874 
1135 3.957130 0.000000 0.938840 19.436621 -0.029590 0.597141 0.000430 
1136 3.957130 0.000000 0.851698 19.430400 -0.001590 0.766816 0.000460 
1137 4.050572 0.000000 0.938840 19.436644 -0.027432 0.606726 0.000398 
1138 3.957130 0.000000 1.025982 19.440279 -0.006990 0.544593 0.000215 
1139 8.722656 0.000000 -0.368292 19.396168 -0.042630 -0.416914 0.005064 
1140 8.722656 0.000000 -1.762567 19.451182 0.005561 -0.267021 -0.000310 
1141 10.217723 0.000000 -0.368292 19.407574 -0.027336 -0.417151 0.003896 
1142 8.722656 0.000000 1.025982 19.422609 0.004908 0.873750 0.000796 
1143 6.480056 0.000000 0.328845 19.423455 -0.026072 0.392888 0.002318 
1144 6.480056 0.000000 -0.368292 19.422041 -0.028536 -0.446027 0.002345 
1145 7.227589 0.000000 0.328845 19.411718 -0.024523 0.364102 0.003581 
1146 6.480056 0.000000 1.025982 19.438613 0.000705 0.651712 0.000048 
1147 8.722656 0.000000 2.420257 19.454497 -0.004963 0.072440 -0.000476 
1148 10.217723 0.000000 2.420257 19.455721 -0.006956 0.064051 -0.000599 
1149 8.722656 0.000000 3.814531 19.451670 -0.000141 0.013292 -0.000172 
1150 7.975123 0.000000 0.328845 19.410510 -0.033628 0.354560 0.003721 
1151 7.975123 0.000000 -0.368292 19.410831 -0.031219 -0.409363 0.003578 
1152 8.722656 0.000000 0.328845 19.396286 -0.047835 0.359344 0.005168 
1153 7.975123 0.000000 1.025982 19.430857 -0.033468 0.816717 0.000201 
1154 6.480056 0.000000 1.723119 19.446618 0.007863 0.299601 0.000110 
1155 7.227589 0.000000 1.723119 19.447311 -0.029796 0.281811 0.000064 
1156 6.480056 0.000000 2.420257 19.444925 -0.006351 0.070541 0.000509 
1157 6.853823 0.000000 0.677414 19.405815 -0.058463 0.828802 0.002713 
1158 6.480056 0.000000 0.677414 19.415551 -0.022722 0.797279 0.001858 
1159 6.853823 0.000000 0.328845 19.415370 -0.023678 0.377334 0.003180 
1160 7.227589 0.000000 0.677414 19.414040 -0.018929 0.828192 0.001880 
1161 6.853823 0.000000 1.025982 19.436027 -0.010409 0.693230 0.000166 
1162 6.106289 0.000000 0.677414 19.429810 0.003145 0.805706 0.000359 
1163 5.732522 0.000000 0.677414 19.436411 0.009065 0.803353 -0.000309 
1164 6.106289 0.000000 0.328845 19.432619 -0.029004 0.399765 0.001362 
1165 6.106289 0.000000 1.025982 19.446258 0.009869 0.622409 -0.000640 
1166 7.975123 0.000000 1.723119 19.447265 0.003366 0.276855 0.000079 
1167 8.722656 0.000000 1.723119 19.450885 0.006618 0.283370 -0.000303 
1168 7.975123 0.000000 2.420257 19.451380 -0.004735 0.073397 -0.000156 
1169 6.853823 0.000000 1.374551 19.447897 -0.012521 0.468860 -0.000365 
1170 6.480056 0.000000 1.374551 19.446944 -0.004528 0.470439 -0.000271 
1171 7.227589 0.000000 1.374551 19.447784 -0.035439 0.445295 -0.000300 
1172 6.853823 0.000000 1.723119 19.447445 0.008415 0.301913 0.000022 
1173 6.666939 0.000000 0.851698 19.416869 -0.021742 0.889688 0.001310 
1174 6.480056 0.000000 0.851698 19.420725 -0.018444 0.874547 0.000985 
1175 6.666939 0.000000 0.677414 19.410580 -0.017746 0.802035 0.002348 
1176 6.853823 0.000000 0.851698 19.416616 -0.029527 0.905895 0.001258 
1177 6.666939 0.000000 1.025982 19.436122 -0.006009 0.671134 0.000236 
1178 7.601356 0.000000 0.677414 19.417617 -0.006270 0.853852 0.001400 
1179 7.601356 0.000000 0.328845 19.409970 -0.025202 0.356641 0.003774 
1180 7.975123 0.000000 0.677414 19.419161 0.009775 0.875065 0.001144 
1181 7.601356 0.000000 1.025982 19.438367 -0.042750 0.780289 -0.000418 
1182 7.040706 0.000000 0.851698 19.419310 -0.037450 0.922191 0.000902 
1183 7.040706 0.000000 0.677414 19.411552 -0.019924 0.817446 0.002182 
1184 7.227589 0.000000 0.851698 19.421918 -0.030530 0.933969 0.000577 
1185 7.040706 0.000000 1.025982 19.437625 -0.006195 0.717933 -0.000091 
1186 6.106289 0.000000 1.374551 19.448419 0.026671 0.442920 -0.000358 
1187 5.732522 0.000000 1.374551 19.446028 0.030954 0.447401 -0.000123 
1188 6.106289 0.000000 1.723119 19.445781 0.007945 0.297398 0.000200 
1189 6.666939 0.000000 1.200266 19.445777 0.011318 0.522514 -0.000288 
1190 6.480056 0.000000 1.200266 19.446850 0.017285 0.516983 -0.000383 
1191 6.853823 0.000000 1.200266 19.447140 0.005590 0.527629 -0.000442 
1192 6.666939 0.000000 1.374551 19.447217 -0.008257 0.467761 -0.000292 
1193 6.760381 0.000000 0.938840 19.424569 -0.017584 0.837115 0.000760 
1194 6.666939 0.000000 0.938840 19.425116 -0.013923 0.826975 0.000749 
1195 6.760381 0.000000 0.851698 19.416243 -0.025336 0.897705 0.001336 
1196 6.853823 0.000000 0.938840 19.424836 -0.021659 0.847290 0.000687 
1197 6.760381 0.000000 1.025982 19.435802 -0.008800 0.681809 0.000230 
1198 7.601356 0.000000 1.374551 19.451649 -0.021621 0.471066 -0.000757 
1199 7.975123 0.000000 1.374551 19.450698 -0.019798 0.471821 -0.000661 
1200 7.601356 0.000000 1.723119 19.448066 -0.030491 0.281952 -0.000014 
1201 7.414473 0.000000 0.851698 19.424150 -0.031592 0.950006 0.000268 
1202 7.414473 0.000000 0.677414 19.415978 -0.014025 0.840654 0.001627 
1203 7.601356 0.000000 0.851698 19.424695 -0.029789 0.964947 0.000137 
1204 7.414473 0.000000 1.025982 19.440167 -0.040344 0.756951 -0.000508 
1205 7.040706 0.000000 1.200266 19.448458 0.000074 0.534084 -0.000595 
1206 7.227589 0.000000 1.200266 19.449939 -0.004281 0.539836 -0.000764 
1207 7.040706 0.000000 1.374551 19.449562 -0.013059 0.466029 -0.000530 
1208 7.134148 0.000000 0.938840 19.428518 -0.032367 0.875591 0.000178 
1209 7.040706 0.000000 0.938840 19.427038 -0.029512 0.866582 0.000372 
1210 7.134148 0.000000 0.851698 19.420923 -0.040324 0.930385 0.000695 
1211 7.227589 0.000000 0.938840 19.429863 -0.034725 0.884254 -0.000000 
1212 7.134148 0.000000 1.025982 19.439051 0.021170 0.728891 -0.000280 
1213 7.414473 0.000000 1.200266 19.450407 -0.007427 0.544950 -0.000827 
1214 7.601356 0.000000 1.200266 19.449385 -0.008949 0.550316 -0.000738 
1215 7.414473 0.000000 1.374551 19.451762 -0.017719 0.466461 -0.000757 
1216 7.321031 0.000000 0.938840 19.430864 -0.036480 0.892539 -0.000143 
1217 7.321031 0.000000 0.851698 19.423216 -0.031448 0.942061 0.000404 
1218 7.414473 0.000000 0.938840 19.431447 -0.037701 0.900363 -0.000240 
1219 7.321031 0.000000 1.025982 19.440062 -0.045098 0.746490 -0.000457 
1220 11.712790 0.000000 2.420257 19.450720 -0.005316 0.062220 -0.000084 
1221 11.712790 0.000000 1.025982 19.447164 0.001693 0.885507 -0.001781 
1222 13.207857 0.000000 2.420257 19.449781 0.007546 0.058839 0.000013 
1223 11.712790 0.000000 3.814531 19.450570 0.000695 0.009927 -0.000059 
1224 9.470190 0.000000 1.723119 19.457987 0.003739 0.286590 -0.001039 
1225 9.470190 0.000000 1.025982 19.423972 0.032081 0.948494 0.000294 
1226 10.217723 0.000000 1.723119 19.457756 -0.000193 0.283605 -0.001010 
1227 9.470190 0.000000 2.420257 19.456518 -0.006281 0.069121 -0.000683 
1228 8.348890 0.000000 1.374551 19.450046 -0.016372 0.479341 -0.000613 
1229 8.348890 0.000000 1.025982 19.424757 -0.015703 0.844661 0.000707 
1230 8.722656 0.000000 1.374551 19.452225 0.000220 0.484467 -0.000849 
1231 8.348890 0.000000 1.723119 19.448589 0.003920 0.279061 -0.000061 
1232 7.788239 0.000000 1.200266 19.446796 -0.007349 0.554929 -0.000485 
1233 7.788239 0.000000 1.025982 19.434807 -0.039374 0.800472 -0.000136 
1234 7.975123 0.000000 1.200266 19.444152 -0.004609 0.562594 -0.000235 
1235 7.788239 0.000000 1.374551 19.451665 -0.021496 0.468970 -0.000754 
1236 11.712790 0.000000 -0.368292 19.444705 -0.025322 -0.418613 0.000080 
1237 11.712790 0.000000 -1.762567 19.450010 -0.005089 -0.189123 -0.000096 
1238 13.207857 0.000000 -0.368292 19.448511 -0.052432 -0.319914 -0.000125 
1239 9.470190 0.000000 0.328845 19.389094 -0.033902 0.357380 0.005912 
1240 9.470190 0.000000 -0.368292 19.389188 -0.030396 -0.417301 0.005781 
1241 10.217723 0.000000 0.328845 19.407571 -0.028819 0.356359 0.004020 
1242 8.348890 0.000000 0.677414 19.414711 0.013698 0.887137 0.001545 
1243 8.348890 0.000000 0.328845 19.407025 -0.045994 0.358230 0.004069 
1244 8.722656 0.000000 0.677414 19.403700 0.011602 0.902230 0.002603 
1245 7.788239 0.000000 0.851698 19.423107 -0.013534 0.984577 0.000200 
1246 7.788239 0.000000 0.677414 19.418624 0.002487 0.865763 0.001242 
1247 7.975123 0.000000 0.851698 19.420901 -0.007199 0.994771 0.000374 
1248 7.694798 0.000000 1.113124 19.444852 -0.020306 0.636491 -0.000543 
1249 7.601356 0.000000 1.113124 19.446280 -0.020951 0.631728 -0.000674 
1250 7.694798 0.000000 1.025982 19.436673 -0.041398 0.791061 -0.000289 
1251 7.788239 0.000000 1.113124 19.443164 -0.018805 0.642242 -0.000388 
1252 7.694798 0.000000 1.200266 19.448252 -0.008983 0.553139 -0.000629 
1253 8.162006 0.000000 1.200266 19.441975 0.000375 0.571805 -0.000039 
1254 8.162006 0.000000 1.025982 19.427325 -0.025403 0.831039 0.000503 
1255 8.348890 0.000000 1.200266 19.442215 -0.013244 0.613770 -0.000196 
1256 8.162006 0.000000 1.374551 19.450074 -0.019317 0.473836 -0.000602 
1257 8.162006 0.000000 0.851698 19.418285 -0.000380 1.002697 0.000601 
1258 8.162006 0.000000 0.677414 19.418211 0.013574 0.881711 0.001211 
1259 8.348890 0.000000 0.851698 19.417430 -0.039854 0.988288 0.000760 
1260 8.068564 0.000000 1.113124 19.437475 -0.007017 0.661702 0.000130 
1261 7.975123 0.000000 1.113124 19.439317 -0.013053 0.656384 -0.000041 
1262 8.068564 0.000000 1.025982 19.428970 -0.029692 0.824040 0.000364 
1263 8.162006 0.000000 1.113124 19.436134 -0.001091 0.669081 0.000242 
1264 8.068564 0.000000 1.200266 19.442957 -0.002397 0.567037 -0.000126 
1265 9.096423 0.000000 1.374551 19.455858 0.002421 0.500432 -0.001264 
1266 9.096423 0.000000 1.025982 19.423041 0.021807 0.907981 0.000590 
1267 9.470190 0.000000 1.374551 19.457689 0.053970 0.495610 -0.001448 
1268 9.096423 0.000000 1.723119 19.454742 0.005575 0.285970 -0.000704 
1269 8.535773 0.000000 1.200266 19.441551 -0.006420 0.626399 -0.000169 
1270 8.535773 0.000000 1.025982 19.423147 -0.005236 0.858684 0.000810 
1271 8.722656 0.000000 1.200266 19.441761 0.000547 0.641210 -0.000240 
1272 8.535773 0.000000 1.374551 19.451155 -0.004196 0.478018 -0.000723 
1273 8.255448 0.000000 1.113124 19.435816 0.002805 0.667020 0.000282 
1274 8.255448 0.000000 1.025982 19.425765 -0.019326 0.835158 0.000646 
1275 8.348890 0.000000 1.113124 19.434277 -0.011241 0.678399 0.000399 
1276 8.255448 0.000000 1.200266 19.442819 -0.017400 0.609384 -0.000244 
1277 9.096423 0.000000 0.677414 19.398943 0.011051 0.923760 0.002987 
1278 9.096423 0.000000 0.328845 19.390002 -0.040114 0.357386 0.005818 
1279 9.470190 0.000000 0.677414 19.397271 0.007930 0.944682 0.003055 
1280 8.535773 0.000000 0.851698 19.414257 -0.033883 0.996667 0.001043 
1281 8.535773 0.000000 0.677414 19.409093 0.012327 0.893582 0.002091 
1282 8.722656 0.000000 0.851698 19.411646 -0.027964 1.007601 0.001254 
1283 8.909540 0.000000 1.200266 19.442541 0.007526 0.656725 -0.000373 
1284 8.909540 0.000000 1.025982 19.422668 0.014062 0.890170 0.000713 
1285 9.096423 0.000000 1.200266 19.444130 0.009732 0.675290 -0.000602 
1286 8.909540 0.000000 1.374551 19.454040 0.001832 0.492249 -0.001056 
1287 8.629215 0.000000 1.113124 19.431118 0.003952 0.721378 0.000565 
1288 8.535773 0.000000 1.113124 19.431609 -0.001211 0.709237 0.000561 
1289 8.629215 0.000000 1.025982 19.422752 -0.000087 0.866022 0.000817 
1290 8.722656 0.000000 1.113124 19.431243 0.007385 0.735380 0.000498 
1291 8.629215 0.000000 1.200266 19.441570 -0.002925 0.633569 -0.000194 
1292 8.909540 0.000000 0.851698 19.410062 -0.022102 1.020711 0.001347 
1293 8.909540 0.000000 0.677414 19.400386 0.011482 0.912633 0.002893 
1294 9.096423 0.000000 0.851698 19.409541 -0.028880 1.039304 0.001299 
1295 10.965257 0.000000 1.723119 19.451431 -0.001894 0.283505 -0.000360 
1296 10.965257 0.000000 1.025982 19.444212 0.012838 1.047375 -0.002305 
1297 11.712790 0.000000 1.723119 19.449914 -0.004908 0.204875 -0.000102 
1298 10.965257 0.000000 2.420257 19.452538 -0.015825 0.066252 -0.000273 
1299 9.843957 0.000000 1.374551 19.459134 0.051357 0.510757 -0.001636 
1300 9.843957 0.000000 1.025982 19.423928 0.036335 0.998054 0.000042 
1301 10.217723 0.000000 1.374551 19.457926 0.046826 0.522924 -0.001544 
1302 9.843957 0.000000 1.723119 19.459253 0.001616 0.285416 -0.001167 
1303 9.283306 0.000000 1.200266 19.445875 0.004070 0.690203 -0.000835 
1304 9.283306 0.000000 1.025982 19.423630 0.027787 0.927255 0.000435 
1305 9.470190 0.000000 1.200266 19.446650 -0.000083 0.716953 -0.001014 
1306 9.283306 0.000000 1.374551 19.457698 0.001979 0.508661 -0.001476 
1307 9.002981 0.000000 1.113124 19.431915 0.019663 0.767947 0.000299 
1308 8.909540 0.000000 1.113124 19.431526 0.016098 0.757161 0.000383 
1309 9.002981 0.000000 1.025982 19.422799 0.018144 0.898893 0.000658 
1310 9.096423 0.000000 1.113124 19.432351 0.022709 0.778791 0.000209 
1311 9.002981 0.000000 1.200266 19.443297 0.007647 0.668097 -0.000491 
1312 10.965257 0.000000 0.328845 19.434837 -0.080091 0.355087 0.001208 
1313 10.965257 0.000000 -0.368292 19.435170 -0.079862 -0.410402 0.001062 
1314 11.712790 0.000000 0.328845 19.444625 -0.026479 0.376291 0.000176 
1315 9.843957 0.000000 0.677414 19.396327 0.006854 0.959008 0.003080 
1316 9.843957 0.000000 0.328845 19.394354 -0.030312 0.357006 0.005374 
1317 10.217723 0.000000 0.677414 19.406881 0.008806 0.962181 0.001981 
1318 9.657073 0.000000 1.200266 19.447359 -0.000417 0.741127 -0.001180 
1319 9.657073 0.000000 1.025982 19.423840 0.034852 0.972114 0.000187 
1320 9.843957 0.000000 1.200266 19.447884 -0.000868 0.763604 -0.001324 
1321 9.657073 0.000000 1.374551 19.458767 0.052730 0.503342 -0.001579 
1322 10.591490 0.000000 1.374551 19.452631 0.001270 0.540379 -0.001042 
1323 10.591490 0.000000 1.025982 19.442141 0.027290 1.088183 -0.002324 
1324 10.965257 0.000000 1.374551 19.449353 0.005576 0.552853 -0.000742 
1325 10.591490 0.000000 1.723119 19.454343 -0.001375 0.282769 -0.000658 
1326 10.030840 0.000000 1.200266 19.447714 0.023268 0.751254 -0.001258 
1327 10.030840 0.000000 1.025982 19.425446 0.036320 1.025166 -0.000258 
1328 10.217723 0.000000 1.200266 19.448950 0.022869 0.769058 -0.001457 
1329 10.030840 0.000000 1.374551 19.459194 0.049695 0.517497 -0.001660 
1330 10.217723 0.000000 9.391630 19.449884 0.000429 0.001723 0.000012 
1331 13.207857 0.000000 9.391630 19.449943 0.000465 0.001779 0.000006 
1332 10.217723 0.000000 12.180179 19.449947 -0.000036 0.000540 0.000005 
1333 8.722656 0.000000 5.208806 19.451559 -0.018253 0.004448 -0.000161 
1334 7.227589 0.000000 5.208806 19.450129 -0.005239 0.006359 -0.000013 
1335 10.217723 0.000000 5.208806 19.450626 -0.000012 0.004358 -0.000064 
1336 8.722656 0.000000 6.603080 19.451390 0.002564 0.001050 -0.000143 
1337 9.470190 0.000000 3.117394 19.453362 -0.004697 0.029884 -0.000348 
1338 8.722656 0.000000 3.117394 19.452704 -0.004698 0.031971 -0.000281 
1339 10.217723 0.000000 3.117394 19.452927 -0.004742 0.027617 -0.000303 
1340 9.470190 0.000000 3.814531 19.452030 0.000049 0.012223 -0.000209 
1341 9.843957 0.000000 2.071688 19.459881 -0.003860 0.111238 -0.001049 
1342 9.470190 0.000000 2.071688 19.458668 0.036017 0.137902 -0.000945 
1343 10.217723 0.000000 2.071688 19.458352 -0.004643 0.107778 -0.000890 
1344 9.843957 0.000000 2.420257 19.456574 -0.006649 0.066477 -0.000688 
1345 9.657073 0.000000 1.548835 19.458974 -0.000210 0.377963 -0.001301 
1346 9.470190 0.000000 1.548835 19.457606 0.005955 0.380079 -0.001164 
1347 9.843957 0.000000 1.548835 19.459627 -0.001700 0.379586 -0.001371 
1348 9.657073 0.000000 1.723119 19.458931 0.002701 0.286169 -0.001135 
1349 9.750515 0.000000 1.287409 19.455818 0.000780 0.627435 -0.001639 
1350 9.657073 0.000000 1.287409 19.455530 0.001347 0.620788 -0.001587 
1351 9.750515 0.000000 1.200266 19.447636 -0.000584 0.752541 -0.001254 
1352 9.843957 0.000000 1.287409 19.455940 0.000239 0.633997 -0.001673 
1353 9.750515 0.000000 1.374551 19.459037 0.052033 0.507094 -0.001616 
1354 10.591490 0.000000 0.677414 19.426507 -0.001175 0.969009 -0.000068 
1355 10.591490 0.000000 0.328845 19.422929 -0.027961 0.357608 0.002442 
1356 10.965257 0.000000 0.677414 19.438157 0.041242 0.924237 -0.001045 
1357 10.404607 0.000000 1.200266 19.450213 0.022309 0.782046 -0.001640 
1358 10.404607 0.000000 1.025982 19.436941 0.030522 1.073176 -0.001705 
1359 10.591490 0.000000 1.200266 19.449722 0.058289 0.782391 -0.001599 
1360 10.404607 0.000000 1.374551 19.454380 0.010598 0.529520 -0.001192 
1361 10.030840 0.000000 1.548835 19.458954 -0.000463 0.382736 -0.001308 
1362 10.217723 0.000000 1.548835 19.457906 -0.001657 0.383639 -0.001202 
1363 10.030840 0.000000 1.723119 19.458834 0.000663 0.284488 -0.001123 
1364 10.124282 0.000000 1.287409 19.454782 0.058243 0.623097 -0.001527 
1365 10.030840 0.000000 1.287409 19.454813 0.058392 0.617879 -0.001513 
1366 10.124282 0.000000 1.200266 19.448225 0.023073 0.760632 -0.001348 
1367 10.217723 0.000000 1.287409 19.454668 0.058211 0.627475 -0.001530 
1368 10.124282 0.000000 1.374551 19.458630 0.047424 0.520243 -0.001609 
1369 11.712790 0.000000 5.208806 19.451978 0.005855 0.000684 -0.000203 
1370 13.207857 0.000000 5.208806 19.451233 0.003889 -0.000388 -0.000127 
1371 11.712790 0.000000 6.603080 19.451263 0.002738 -0.000520 -0.000130 
1372 10.965257 0.000000 3.117394 19.451875 -0.004729 0.026261 -0.000195 
1373 11.712790 0.000000 3.117394 19.450811 -0.004674 0.025851 -0.000085 
1374 10.965257 0.000000 3.814531 19.451086 -0.004192 0.010113 -0.000112 
1375 10.591490 0.000000 2.071688 19.455751 -0.005063 0.105617 -0.000621 
1376 10.965257 0.000000 2.071688 19.453297 -0.005224 0.104885 -0.000368 
1377 10.591490 0.000000 2.420257 19.454262 -0.007080 0.062356 -0.000449 
1378 10.404607 0.000000 1.548835 19.456121 -0.002533 0.384355 -0.001020 
1379 10.591490 0.000000 1.548835 19.453996 0.001569 0.389613 -0.000812 
1380 10.404607 0.000000 1.723119 19.456146 -0.000895 0.282977 -0.000844 
1381 10.311165 0.000000 1.287409 19.454330 0.058220 0.630738 -0.001506 
1382 10.311165 0.000000 1.200266 19.449638 0.022589 0.776259 -0.001557 
1383 10.404607 0.000000 1.287409 19.453720 0.058433 0.633234 -0.001452 
1384 10.311165 0.000000 1.374551 19.455049 0.010905 0.527340 -0.001255 
1385 12.460324 0.000000 1.723119 19.449212 0.000764 0.212007 -0.000038 
1386 12.460324 0.000000 1.025982 19.448179 0.037115 0.908187 -0.001997 
1387 13.207857 0.000000 1.723119 19.449352 0.019934 0.195360 -0.000035 
1388 12.460324 0.000000 2.420257 19.449903 -0.005218 0.062762 -0.000000 
1389 11.339023 0.000000 1.374551 19.448282 0.005247 0.555817 -0.000640 
1390 11.339023 0.000000 1.025982 19.445714 0.014950 1.065337 -0.002560 
1391 11.712790 0.000000 1.374551 19.448765 -0.000523 0.434579 -0.000372 
1392 11.339023 0.000000 1.723119 19.450900 -0.004996 0.203800 -0.000202 
1393 10.778373 0.000000 1.200266 19.447597 0.014308 0.774758 -0.001340 
1394 10.778373 0.000000 1.025982 19.443624 0.072209 1.068480 -0.002376 
1395 10.965257 0.000000 1.200266 19.447234 0.010617 0.798726 -0.001402 
1396 10.778373 0.000000 1.374551 19.450623 0.003683 0.545854 -0.000852 
1397 12.460324 0.000000 0.328845 19.447248 -0.038127 0.268186 0.000089 
1398 12.460324 0.000000 -0.368292 19.447281 -0.033642 -0.309274 0.000024 
1399 13.207857 0.000000 0.328845 19.448501 -0.057569 0.279209 -0.000061 
1400 11.339023 0.000000 0.677414 19.442738 0.017943 0.890993 -0.001353 
1401 11.339023 0.000000 0.328845 19.441617 -0.022275 0.365283 0.000508 
1402 11.712790 0.000000 0.677414 19.445622 0.006987 0.831999 -0.001380 
1403 11.152140 0.000000 1.200266 19.447076 0.008675 0.800904 -0.001395 
1404 11.152140 0.000000 1.025982 19.444957 0.017820 1.063182 -0.002470 
1405 11.339023 0.000000 1.200266 19.447091 0.005428 0.801467 -0.001399 
1406 11.152140 0.000000 1.374551 19.448633 0.005358 0.554522 -0.000672 
1407 12.086557 0.000000 1.374551 19.448442 0.011564 0.443632 -0.000360 
1408 12.086557 0.000000 1.025982 19.447770 0.001878 0.886901 -0.001850 
1409 12.460324 0.000000 1.374551 19.448779 0.019372 0.444639 -0.000398 
1410 12.086557 0.000000 1.723119 19.449399 0.004254 0.209038 -0.000054 
1411 12.086557 0.000000 0.677414 19.446849 0.000611 0.675492 -0.000882 
1412 12.086557 0.000000 0.328845 19.446162 -0.032902 0.242706 0.000236 
1413 12.460324 0.000000 0.677414 19.447638 0.029423 0.712825 -0.001103 
1414 11.899674 0.000000 1.200266 19.448123 -0.002191 0.653446 -0.000936 
1415 11.712790 0.000000 1.200266 19.448014 -0.002258 0.652670 -0.000922 
1416 11.899674 0.000000 1.025982 19.447495 0.001793 0.886300 -0.001819 
1417 12.086557 0.000000 1.200266 19.448026 0.002173 0.662056 -0.000956 
1418 11.899674 0.000000 1.374551 19.448711 -0.000480 0.435258 -0.000368 
1419 12.834090 0.000000 1.374551 19.448867 0.015389 0.448253 -0.000415 
1420 12.834090 0.000000 1.025982 19.448449 0.035050 0.911270 -0.002039 
1421 13.207857 0.000000 1.374551 19.449067 0.015430 0.448537 -0.000437 
1422 12.834090 0.000000 1.723119 19.449221 0.000804 0.212446 -0.000039 
1423 12.273440 0.000000 1.200266 19.448324 0.025472 0.667486 -0.001007 
1424 12.273440 0.000000 1.025982 19.447943 0.037084 0.907846 -0.001971 
1425 12.460324 0.000000 1.200266 19.448483 0.025504 0.667822 -0.001025 
1426 12.273440 0.000000 1.374551 19.448679 0.019341 0.444322 -0.000387 
1427 12.834090 0.000000 0.677414 19.448240 0.029508 0.713236 -0.001166 
1428 12.834090 0.000000 0.328845 19.448020 -0.038044 0.268402 0.000009 
1429 13.207857 0.000000 0.677414 19.448644 0.023712 0.719014 -0.001229 
1430 12.647207 0.000000 1.200266 19.448494 0.023768 0.670319 -0.001034 
1431 12.647207 0.000000 1.025982 19.448404 0.037149 0.908455 -0.002021 
1432 12.834090 0.000000 1.200266 19.448692 0.021215 0.671904 -0.001060 
1433 12.647207 0.000000 1.374551 19.448792 0.015379 0.448005 -0.000407 
1434 0.488108 0.000000 0.797234 20.641204 0.002606 4.026583 -0.169098 
1435 0.488108 0.000000 0.786341 20.490217 0.002688 4.230405 -0.157130 
1436 0.499788 0.000000 0.797234 20.349395 0.002807 4.432017 -0.146545 
1437 0.493948 0.000000 0.813573 20.490217 0.002688 4.230405 -0.157130 
1438 0.488108 0.000000 0.813573 20.641204 0.002606 4.026583 -0.169098 
1439 0.493948 0.000000 0.808127 20.490217 0.002688 4.230405 -0.157130 
1440 0.499788 0.000000 0.813573 20.349395 0.002807 4.432017 -0.146545 
1441 0.493948 0.000000 0.819020 20.490217 0.002688 4.230405 -0.157130 
1442 4.424339 0.000000 0.851698 19.430669 -0.002409 0.788129 0.000345 
1443 4.424339 0.000000 0.677414 19.426240 -0.003949 0.795407 0.000769 
1444 4.611222 0.000000 0.851698 19.431514 -0.005969 0.798794 0.000213 
1445 4.424339 0.000000 1.025982 19.442204 -0.002641 0.549966 0.000002 
1446 4.144014 0.000000 0.938840 19.436634 -0.025695 0.616423 0.000368 
1447 4.144014 0.000000 0.851698 19.430278 -0.000715 0.775321 0.000438 
1448 4.237455 0.000000 0.938840 19.436611 -0.024449 0.626229 0.000338 
1449 4.144014 0.000000 1.025982 19.441043 -0.005137 0.545828 0.000133 
1450 3.863689 0.000000 -0.019724 19.434888 -0.009720 -0.023942 0.001552 
1451 3.863689 0.000000 -0.368292 19.432981 -0.019795 -0.448263 0.001217 
1452 4.237455 0.000000 -0.019724 19.422598 -0.017441 -0.023875 0.002813 
1453 4.050572 0.000000 0.503129 19.428849 -0.014171 0.646671 0.001068 
1454 3.863689 0.000000 0.503129 19.431586 -0.013561 0.649761 0.000776 
1455 4.050572 0.000000 0.328845 19.430411 -0.022717 0.395059 0.001599 
1456 4.237455 0.000000 0.503129 19.426868 -0.015310 0.642699 0.001285 
1457 4.144014 0.000000 0.764556 19.427374 0.012451 0.820420 0.000546 
1458 4.050572 0.000000 0.764556 19.427939 0.002519 0.823715 0.000474 
1459 4.144014 0.000000 0.677414 19.427302 -0.001455 0.794129 0.000666 
1460 4.237455 0.000000 0.764556 19.427088 0.012149 0.821052 0.000572 
1461 4.097293 0.000000 0.895269 19.432914 -0.010256 0.706206 0.000438 
1462 4.050572 0.000000 0.895269 19.432870 -0.010635 0.702689 0.000455 
1463 4.097293 0.000000 0.851698 19.430350 -0.000851 0.773136 0.000439 
1464 4.144014 0.000000 0.895269 19.432864 -0.009996 0.709674 0.000430 
1465 4.097293 0.000000 0.938840 19.436714 -0.026464 0.611531 0.000375 
1466 3.957130 0.000000 0.764556 19.428391 0.002358 0.822580 0.000432 
1467 3.863689 0.000000 0.764556 19.429179 0.002212 0.821833 0.000354 
1468 3.957130 0.000000 0.677414 19.428602 -0.001353 0.794637 0.000530 
1469 4.003851 0.000000 0.895269 19.432799 -0.011057 0.699233 0.000475 
1470 3.957130 0.000000 0.895269 19.432844 -0.011463 0.695735 0.000484 
1471 4.003851 0.000000 0.851698 19.430267 -0.001353 0.768898 0.000465 
1472 4.003851 0.000000 0.938840 19.436620 -0.028504 0.601949 0.000415 
1473 4.424339 0.000000 1.200266 19.441207 0.008741 0.531409 0.000157 
1474 4.611222 0.000000 1.200266 19.440598 0.016438 0.530800 0.000221 
1475 4.424339 0.000000 1.374551 19.439458 0.011246 0.440182 0.000571 
1476 4.144014 0.000000 1.113124 19.440266 -0.000160 0.548134 0.000206 
1477 4.050572 0.000000 1.113124 19.439451 -0.001644 0.550052 0.000285 
1478 4.237455 0.000000 1.113124 19.441085 0.001667 0.546417 0.000127 
1479 4.144014 0.000000 1.200266 19.438633 -0.000011 0.534620 0.000413 
1480 4.097293 0.000000 0.982411 19.439817 -0.011665 0.552572 0.000239 
1481 4.050572 0.000000 0.982411 19.439683 -0.011719 0.550402 0.000259 
1482 4.144014 0.000000 0.982411 19.439863 -0.011798 0.554935 0.000228 
1483 4.097293 0.000000 1.025982 19.440831 -0.005623 0.545371 0.000156 
1484 4.073932 0.000000 0.917054 19.434721 -0.025622 0.657994 0.000424 
1485 4.050572 0.000000 0.917054 19.434707 -0.026522 0.655604 0.000434 
1486 4.073932 0.000000 0.895269 19.432847 -0.010454 0.704432 0.000451 
1487 4.097293 0.000000 0.917054 19.434747 -0.024854 0.660322 0.000414 
1488 4.073932 0.000000 0.938840 19.436667 -0.026923 0.609129 0.000388 
1489 4.330897 0.000000 0.938840 19.436688 -0.023355 0.635310 0.000300 
1490 4.330897 0.000000 0.851698 19.430375 -0.001304 0.783353 0.000395 
1491 4.424339 0.000000 0.938840 19.436901 -0.022496 0.645795 0.000243 
1492 4.330897 0.000000 1.025982 19.441890 -0.003327 0.547826 0.000040 
1493 5.358756 0.000000 0.677414 19.429999 -0.021658 0.815960 0.000294 
1494 5.358756 0.000000 0.328845 19.426147 -0.022603 0.392565 0.002043 
1495 5.358756 0.000000 1.025982 19.444387 0.002825 0.583098 -0.000322 
1496 4.798105 0.000000 0.851698 19.432191 -0.009928 0.807163 0.000108 
1497 4.798105 0.000000 0.677414 19.427547 -0.011088 0.804024 0.000598 
1498 4.984989 0.000000 0.851698 19.432414 -0.012965 0.814713 0.000052 
1499 4.798105 0.000000 1.025982 19.442482 -0.001309 0.562231 -0.000063 
1500 4.517780 0.000000 0.938840 19.436948 -0.022383 0.657057 0.000199 
1501 4.517780 0.000000 0.851698 19.430950 -0.004061 0.792915 0.000296 
1502 4.611222 0.000000 0.938840 19.437112 -0.023871 0.669902 0.000137 
1503 4.517780 0.000000 1.025982 19.442434 -0.002260 0.552526 -0.000029 
1504 5.358756 0.000000 1.374551 19.442770 0.033598 0.451536 0.000201 
1505 5.358756 0.000000 1.723119 19.444037 0.009561 0.291608 0.000388 
1506 4.798105 0.000000 1.200266 19.441127 0.021615 0.529078 0.000171 
1507 4.984989 0.000000 1.200266 19.441450 0.025988 0.527289 0.000142 
1508 4.798105 0.000000 1.374551 19.441344 0.023349 0.447684 0.000359 
1509 4.704664 0.000000 0.938840 19.437079 -0.027582 0.680005 0.000104 
1510 4.704664 0.000000 0.851698 19.431812 -0.008009 0.803159 0.000164 
1511 4.798105 0.000000 0.938840 19.437084 -0.031770 0.687029 0.000077 
1512 4.704664 0.000000 1.025982 19.442619 -0.001572 0.559388 -0.000068 
1513 5.171872 0.000000 0.851698 19.432936 -0.015337 0.822161 -0.000033 
1514 5.171872 0.000000 0.677414 19.428745 -0.017903 0.812632 0.000438 
1515 5.358756 0.000000 0.851698 19.433700 -0.016257 0.829293 -0.000143 
1516 5.171872 0.000000 1.025982 19.443077 0.000882 0.575358 -0.000163 
1517 4.891547 0.000000 0.938840 19.437107 -0.034055 0.692223 0.000056 
1518 4.891547 0.000000 0.851698 19.432264 -0.011580 0.811037 0.000084 
1519 4.984989 0.000000 0.938840 19.437043 -0.034641 0.697318 0.000043 
1520 4.891547 0.000000 1.025982 19.442340 -0.000910 0.565345 -0.000057 
1521 5.545639 0.000000 0.851698 19.435720 -0.025996 0.829713 -0.000354 
1522 5.545639 0.000000 0.677414 19.432444 -0.025743 0.818462 0.000032 
1523 5.732522 0.000000 0.851698 19.437835 -0.024501 0.835952 -0.000598 
1524 5.545639 0.000000 1.025982 19.446049 0.005833 0.591943 -0.000520 
1525 5.171872 0.000000 1.200266 19.442657 0.029117 0.525217 0.000024 
1526 5.358756 0.000000 1.200266 19.444445 0.028155 0.521267 -0.000149 
1527 5.171872 0.000000 1.374551 19.441734 0.030386 0.450297 0.000311 
1528 5.265314 0.000000 0.938840 19.438043 -0.031941 0.714940 -0.000125 
1529 5.171872 0.000000 0.938840 19.437677 -0.033387 0.708611 -0.000063 
1530 5.265314 0.000000 0.851698 19.433194 -0.016034 0.825765 -0.000076 
1531 5.358756 0.000000 0.938840 19.438486 -0.029997 0.721451 -0.000195 
1532 5.265314 0.000000 1.025982 19.443771 0.001769 0.579176 -0.000246 
1533 5.545639 0.000000 1.200266 19.446771 0.030426 0.518582 -0.000381 
1534 5.732522 0.000000 1.200266 19.449054 0.031054 0.515792 -0.000609 
1535 5.545639 0.000000 1.374551 19.444467 0.032345 0.450024 0.000031 
1536 5.452197 0.000000 0.938840 19.439168 -0.027479 0.728029 -0.000290 
1537 5.452197 0.000000 0.851698 19.434569 -0.026734 0.826402 -0.000221 
1538 5.545639 0.000000 0.938840 19.440144 -0.024481 0.734510 -0.000414 
1539 5.452197 0.000000 1.025982 19.445081 0.004145 0.587333 -0.000406 
1540 5.919406 0.000000 0.851698 19.437427 -0.023707 0.842157 -0.000584 
1541 5.919406 0.000000 0.677414 19.435783 0.004208 0.804481 -0.000249 
1542 6.106289 0.000000 0.851698 19.433005 -0.022377 0.850086 -0.000165 
1543 5.919406 0.000000 1.025982 19.448103 0.010933 0.611607 -0.000794 
1544 5.639081 0.000000 0.938840 19.441107 -0.021363 0.740632 -0.000537 
1545 5.639081 0.000000 0.851698 19.436915 -0.025229 0.832895 -0.000490 
1546 5.732522 0.000000 0.938840 19.441932 -0.018454 0.746549 -0.000645 
1547 5.639081 0.000000 1.025982 19.446890 0.007742 0.596769 -0.000622 
1548 6.293172 0.000000 0.851698 19.426741 -0.019795 0.861071 0.000429 
1549 6.293172 0.000000 0.677414 19.423169 -0.030341 0.794143 0.001088 
1550 6.293172 0.000000 1.025982 19.443000 0.006457 0.635534 -0.000348 
1551 5.919406 0.000000 1.200266 19.450261 0.029264 0.513518 -0.000726 
1552 6.106289 0.000000 1.200266 19.450068 0.025987 0.512597 -0.000703 
1553 5.919406 0.000000 1.374551 19.447496 0.028587 0.445270 -0.000269 
1554 6.012847 0.000000 0.938840 19.440563 -0.012849 0.765066 -0.000578 
1555 5.919406 0.000000 0.938840 19.441784 -0.014323 0.758515 -0.000677 
1556 6.012847 0.000000 0.851698 19.435649 -0.023207 0.845819 -0.000417 
1557 6.106289 0.000000 0.938840 19.438630 -0.011517 0.772168 -0.000408 
1558 6.012847 0.000000 1.025982 19.447427 0.010683 0.616855 -0.000742 
1559 6.293172 0.000000 1.200266 19.448854 0.022191 0.513746 -0.000581 
1560 6.293172 0.000000 1.374551 19.446918 -0.002641 0.471205 -0.000270 
1561 6.199731 0.000000 0.938840 19.436227 -0.010330 0.780033 -0.000193 
1562 6.199731 0.000000 0.851698 19.429904 -0.021160 0.855199 0.000131 
1563 6.293172 0.000000 0.938840 19.433837 -0.009278 0.788724 0.000017 
1564 6.199731 0.000000 1.025982 19.444676 0.008418 0.628550 -0.000497 
1565 6.573498 0.000000 0.938840 19.426403 -0.011181 0.816926 0.000661 
1566 6.480056 0.000000 0.938840 19.428441 -0.009515 0.807169 0.000493 
1567 6.573498 0.000000 0.851698 19.418381 -0.019365 0.881936 0.001192 
1568 6.573498 0.000000 1.025982 19.437080 -0.002715 0.661081 0.000173 
1569 6.573498 0.000000 1.113124 19.443421 0.006828 0.578200 -0.000207 
1570 6.480056 0.000000 1.113124 19.444593 0.010407 0.572776 -0.000312 
1571 6.666939 0.000000 1.113124 19.442583 0.002906 0.583932 -0.000139 
1572 6.573498 0.000000 1.200266 19.446128 0.014438 0.519549 -0.000316 
1573 6.620218 0.000000 0.982411 19.430681 0.021377 0.767522 0.000427 
1574 6.573498 0.000000 0.982411 19.431402 -0.002416 0.752150 0.000416 
1575 6.620218 0.000000 0.938840 19.425650 -0.012415 0.821913 0.000716 
1576 6.666939 0.000000 0.982411 19.429723 -0.142996 0.730063 0.000621 
1577 6.620218 0.000000 1.025982 19.436495 -0.004397 0.666029 0.000216 
1578 0.476428 0.000000 0.873483 17.851715 0.010160 4.963374 0.092475 
1579 0.499788 0.000000 0.873483 17.806890 0.006469 3.527087 0.128936 
1580 0.476428 0.000000 0.895269 17.507692 0.005048 3.709108 0.153384 
1581 0.523148 0.000000 0.873483 18.013825 0.006356 3.209364 0.114999 
1582 0.546509 0.000000 0.873483 18.173453 0.006012 2.924978 0.104341 
1583 0.523148 0.000000 0.895269 18.004416 0.005947 3.223753 0.115651 
1584 0.488108 0.000000 0.862591 18.007748 0.012460 5.467617 0.063781 
1585 0.476428 0.000000 0.862591 18.038517 0.012041 5.412721 0.062428 
1586 0.488108 0.000000 0.851698 18.058490 0.013086 5.688652 0.052425 
1587 0.499788 0.000000 0.862591 17.782216 0.006639 3.555866 0.130718 
1588 0.488108 0.000000 0.873483 17.826322 0.010057 4.867065 0.097373 
1589 7.134148 0.000000 1.113124 19.445602 -0.014616 0.611499 -0.000537 
1590 7.040706 0.000000 1.113124 19.444451 -0.011934 0.606731 -0.000403 
1591 7.227589 0.000000 1.113124 19.446590 -0.016881 0.615822 -0.000653 
1592 7.134148 0.000000 1.200266 19.449228 -0.002249 0.537088 -0.000683 
1593 7.180868 0.000000 0.982411 19.433600 -0.036948 0.818796 -0.000090 
1594 7.134148 0.000000 0.982411 19.432996 -0.036255 0.813481 -0.000005 
1595 7.180868 0.000000 0.938840 19.429209 -0.033636 0.879976 0.000087 
1596 7.227589 0.000000 0.982411 19.434126 -0.037599 0.823916 -0.000167 
1597 7.180868 0.000000 1.025982 19.451243 0.147990 0.557044 -0.001006 
1598 6.947264 0.000000 0.938840 19.425711 -0.025773 0.857130 0.000552 
1599 6.947264 0.000000 0.851698 19.417660 -0.033801 0.914076 0.001111 
1600 6.947264 0.000000 1.025982 19.436586 -0.010279 0.705364 0.000063 
1601 7.087427 0.000000 0.982411 19.432399 -0.035531 0.808008 0.000080 
1602 7.040706 0.000000 0.982411 19.431780 -0.034783 0.802365 0.000168 
1603 7.087427 0.000000 0.938840 19.427789 -0.030955 0.871121 0.000274 
1604 7.087427 0.000000 1.025982 19.438219 0.000121 0.724260 -0.000176 
1605 7.321031 0.000000 1.113124 19.447257 -0.018708 0.619761 -0.000734 
1606 7.414473 0.000000 1.113124 19.447432 -0.020065 0.623562 -0.000765 
1607 7.321031 0.000000 1.200266 19.450396 -0.006026 0.542464 -0.000819 
1608 7.180868 0.000000 1.069553 19.443806 -0.019056 0.657978 -0.000509 
1609 7.134148 0.000000 1.069553 19.443255 -0.017976 0.654621 -0.000440 
1610 7.227589 0.000000 1.069553 19.444261 -0.020019 0.661488 -0.000568 
1611 7.180868 0.000000 1.113124 19.446141 -0.015789 0.613715 -0.000600 
1612 7.157508 0.000000 1.004197 19.436364 -0.039675 0.766435 -0.000155 
1613 7.134148 0.000000 1.004197 19.436212 -0.037364 0.762685 -0.000124 
1614 7.157508 0.000000 0.982411 19.433279 -0.036604 0.816171 -0.000046 
1615 7.180868 0.000000 1.004197 19.436568 -0.041219 0.770743 -0.000194 
1616 7.157508 0.000000 1.025982 19.440154 0.055951 0.722629 -0.000376 
1617 0.569869 0.000000 0.873483 18.316896 0.007317 2.673101 0.094232 
1618 0.593230 0.000000 0.873483 18.460783 0.008670 2.426246 0.083571 
1619 0.569869 0.000000 0.895269 18.312642 0.007165 2.691936 0.094377 
1620 0.534829 0.000000 0.862591 18.809099 -0.090355 3.081745 0.039690 
1621 0.523148 0.000000 0.862591 18.743342 0.397265 3.264781 0.042752 
1622 0.534829 0.000000 0.851698 18.971679 0.003485 3.084502 0.023430 
1623 0.546509 0.000000 0.862591 18.862217 -0.030799 2.920711 0.036975 
1624 0.534829 0.000000 0.873483 18.173896 0.006061 2.930001 0.104221 
1625 0.756753 0.000000 0.873483 19.260541 0.005959 1.530120 0.013198 
1626 0.733392 0.000000 0.873483 19.215884 0.003533 1.615931 0.017026 
1627 0.780113 0.000000 0.873483 19.305643 0.007833 1.456569 0.009181 
1628 0.756753 0.000000 0.895269 18.971966 0.011562 1.717823 0.040750 
1629 0.850194 0.000000 0.873483 19.441569 0.011569 1.291824 -0.003545 
1630 0.826834 0.000000 0.873483 19.396810 0.010503 1.340180 0.000714 
1631 0.850194 0.000000 0.851698 19.482924 0.019400 1.335461 -0.008104 
1632 0.873555 0.000000 0.873483 19.485942 0.012530 1.248484 -0.007820 
1633 0.850194 0.000000 0.895269 19.395697 0.044023 1.313148 0.001013 
1634 1.013717 0.000000 0.895269 19.637555 0.019795 1.261330 -0.023585 
1635 1.060438 0.000000 0.895269 19.629304 0.019862 1.305512 -0.023029 
1636 1.013717 0.000000 0.938840 19.571273 0.018574 1.296983 -0.016957 
1637 1.107159 0.000000 0.895269 19.629304 0.019862 1.305512 -0.023029 
1638 1.153880 0.000000 0.895269 19.491931 0.022799 1.287099 -0.008697 
1639 1.107159 0.000000 0.938840 19.534918 0.022004 1.324161 -0.013387 
1640 1.083798 0.000000 0.873483 19.637555 0.019795 1.261330 -0.023585 
1641 1.060438 0.000000 0.873483 19.637555 0.019795 1.261330 -0.023585 
1642 1.083798 0.000000 0.851698 19.637555 0.019795 1.261330 -0.023585 
1643 1.107159 0.000000 0.873483 19.637555 0.019795 1.261330 -0.023585 
1644 1.083798 0.000000 0.895269 19.629304 0.019862 1.305512 -0.023029 
1645 1.200601 0.000000 0.895269 19.467757 0.023360 1.265743 -0.006063 
1646 1.247321 0.000000 0.895269 19.354559 0.025736 1.268685 0.005533 
1647 1.200601 0.000000 0.938840 19.470359 0.023898 1.323771 -0.006728 
1648 1.294042 0.000000 0.895269 19.332808 0.025684 1.221630 0.008068 
1649 1.294042 0.000000 0.851698 19.361148 0.025544 1.225561 0.005144 
1650 1.294042 0.000000 0.938840 19.325374 0.026452 1.272174 0.008494 
1651 1.574367 0.000000 0.895269 19.008834 0.027020 0.894050 0.042735 
1652 1.574367 0.000000 0.851698 19.024193 0.026743 0.868643 0.041309 
1653 1.574367 0.000000 0.938840 19.010411 0.027051 0.937870 0.042364 
1654 1.901413 0.000000 0.764556 19.364324 -0.008528 0.781584 0.007176 
1655 1.901413 0.000000 0.677414 19.388532 -0.007411 0.819369 0.004536 
1656 1.854692 0.000000 0.895269 19.270819 -0.020131 0.383751 0.017950 
1657 1.854692 0.000000 0.851698 19.302221 -0.011226 0.601580 0.014181 
1658 1.901413 0.000000 0.895269 19.316178 -0.020989 0.344719 0.013398 
1659 1.854692 0.000000 0.938840 19.018414 0.021520 0.113834 0.043851 
1660 1.948134 0.000000 0.895269 19.367418 -0.022209 0.338305 0.008170 
1661 1.948134 0.000000 0.851698 19.371887 -0.014102 0.565624 0.007170 
1662 1.948134 0.000000 0.938840 19.283474 0.021533 -0.270788 0.016855 
1663 2.135017 0.000000 0.895269 19.513373 -0.024390 0.458022 -0.007083 
1664 2.135017 0.000000 0.851698 19.479806 -0.018324 0.632489 -0.004126 
1665 2.135017 0.000000 0.938840 19.566137 -0.005530 0.385228 -0.012370 
1666 2.321901 0.000000 0.895269 19.484099 -0.022522 0.580685 -0.004402 
1667 2.321901 0.000000 0.851698 19.472467 -0.019695 0.709367 -0.003643 
1668 2.368622 0.000000 0.895269 19.473083 -0.021957 0.591796 -0.003302 
1669 2.321901 0.000000 0.938840 19.495742 -0.009330 0.551292 -0.005513 
1670 2.462063 0.000000 0.764556 19.454370 -0.014184 0.825990 -0.002253 
1671 2.462063 0.000000 0.677414 19.453117 -0.012371 0.819657 -0.002097 
1672 2.415343 0.000000 0.895269 19.464959 -0.021311 0.598419 -0.002487 
1673 2.415343 0.000000 0.851698 19.460669 -0.019254 0.722901 -0.002480 
1674 2.462063 0.000000 0.895269 19.459501 -0.020544 0.602463 -0.001938 
1675 2.415343 0.000000 0.938840 19.466591 -0.010582 0.557853 -0.002530 
1676 2.508784 0.000000 0.895269 19.456155 -0.019427 0.605458 -0.001603 
1677 2.508784 0.000000 0.851698 19.454157 -0.018031 0.727728 -0.001828 
1678 2.508784 0.000000 0.938840 19.455931 -0.010447 0.552617 -0.001417 
1679 2.695668 0.000000 0.895269 19.452447 -0.012086 0.614830 -0.001251 
1680 2.695668 0.000000 0.851698 19.450876 -0.013210 0.731125 -0.001504 
1681 2.742388 0.000000 0.895269 19.452546 -0.009249 0.617309 -0.001269 
1682 2.695668 0.000000 0.938840 19.453139 -0.007309 0.541985 -0.001099 
1683 2.835830 0.000000 0.764556 19.450993 -0.004274 0.824967 -0.001901 
1684 2.835830 0.000000 0.677414 19.451716 -0.005854 0.819686 -0.001953 
1685 2.789109 0.000000 0.895269 19.452636 -0.005339 0.619669 -0.001286 
1686 2.789109 0.000000 0.851698 19.450929 -0.010188 0.732692 -0.001515 
1687 2.835830 0.000000 0.895269 19.452663 0.000301 0.621778 -0.001296 
1688 2.789109 0.000000 0.938840 19.452720 -0.004630 0.539334 -0.001049 
1689 2.882551 0.000000 0.895269 19.451549 0.010975 0.622174 -0.001183 
1690 2.882551 0.000000 0.851698 19.450910 -0.007174 0.735321 -0.001523 
1691 2.929272 0.000000 0.895269 19.452451 0.042980 0.597777 -0.001201 
1692 2.882551 0.000000 0.938840 19.453076 -0.001452 0.537843 -0.001081 
1693 2.975993 0.000000 0.895269 19.451244 -0.065674 0.598067 -0.001085 
1694 2.975993 0.000000 0.851698 19.448868 -0.004400 0.737862 -0.001323 
1695 2.975993 0.000000 0.938840 19.452094 0.002434 0.538070 -0.000981 
1696 3.303039 0.000000 0.503129 19.445224 0.026212 0.637992 -0.000587 
1697 3.303039 0.000000 0.328845 19.445326 -0.015856 0.404406 0.000048 
1698 3.489922 0.000000 0.503129 19.440156 -0.012476 0.657204 -0.000130 
1699 3.209597 0.000000 0.764556 19.442708 0.003158 0.824546 -0.001047 
1700 3.209597 0.000000 0.677414 19.444175 0.008588 0.811642 -0.001143 
1701 3.303039 0.000000 0.764556 19.440164 0.003462 0.825314 -0.000789 
1702 3.162876 0.000000 0.895269 19.446372 -0.014977 0.644609 -0.000726 
1703 3.162876 0.000000 0.851698 19.444488 -0.000513 0.742907 -0.000892 
1704 3.209597 0.000000 0.895269 19.445148 -0.012946 0.647803 -0.000611 
1705 3.162876 0.000000 0.938840 19.449107 0.018842 0.538910 -0.000677 
1706 3.022713 0.000000 1.113124 19.442203 -0.002459 0.583657 -0.000099 
1707 2.929272 0.000000 1.113124 19.441324 -0.003756 0.588925 -0.000025 
1708 3.116155 0.000000 1.113124 19.442386 -0.001158 0.577846 -0.000100 
1709 3.022713 0.000000 1.200266 19.438102 -0.008017 0.552006 0.000417 
1710 3.069434 0.000000 0.982411 19.450009 -0.005691 0.543869 -0.000783 
1711 3.022713 0.000000 0.982411 19.450491 -0.006203 0.545957 -0.000839 
1712 3.116155 0.000000 0.982411 19.449322 -0.005156 0.541184 -0.000705 
1713 3.069434 0.000000 1.025982 19.447616 -0.003494 0.565729 -0.000601 
1714 3.092795 0.000000 0.917054 19.449495 -0.014688 0.579108 -0.000835 
1715 3.069434 0.000000 0.917054 19.450078 -0.015791 0.578330 -0.000893 
1716 3.092795 0.000000 0.895269 19.448078 -0.020320 0.639050 -0.000883 
1717 3.116155 0.000000 0.917054 19.448920 -0.013680 0.580679 -0.000781 
1718 3.092795 0.000000 0.938840 19.450510 0.010200 0.538312 -0.000819 
1719 3.256318 0.000000 0.895269 19.443749 -0.011681 0.650417 -0.000476 
1720 3.256318 0.000000 0.851698 19.441906 0.000156 0.744953 -0.000635 
1721 3.303039 0.000000 0.895269 19.442680 -0.010828 0.655320 -0.000383 
1722 3.256318 0.000000 0.938840 19.447180 0.048372 0.529492 -0.000457 
1723 3.209597 0.000000 1.113124 19.442127 -0.000445 0.573856 -0.000061 
1724 3.303039 0.000000 1.113124 19.441326 -0.000272 0.571414 0.000029 
1725 3.209597 0.000000 1.200266 19.439017 -0.004700 0.546456 0.000340 
1726 3.162876 0.000000 0.982411 19.448684 -0.004700 0.539859 -0.000635 
1727 3.209597 0.000000 0.982411 19.447929 -0.004433 0.538681 -0.000554 
1728 3.162876 0.000000 1.025982 19.446761 -0.002657 0.560267 -0.000497 
1729 3.186236 0.000000 0.917054 19.447224 -0.011025 0.585821 -0.000622 
1730 3.162876 0.000000 0.917054 19.447843 -0.011864 0.584159 -0.000681 
1731 3.186236 0.000000 0.895269 19.445737 -0.013830 0.646216 -0.000666 
1732 3.209597 0.000000 0.917054 19.446653 -0.010275 0.587504 -0.000569 
1733 3.186236 0.000000 0.938840 19.448601 0.023233 0.538583 -0.000624 
1734 3.396480 0.000000 0.764556 19.437250 0.003316 0.824307 -0.000486 
1735 3.396480 0.000000 0.677414 19.437989 0.009088 0.811019 -0.000504 
1736 3.489922 0.000000 0.764556 19.434572 0.002907 0.823810 -0.000208 
1737 3.349759 0.000000 0.895269 19.441220 -0.010284 0.657760 -0.000241 
1738 3.349759 0.000000 0.851698 19.439410 0.000335 0.748793 -0.000394 
1739 3.396480 0.000000 0.895269 19.439739 -0.010176 0.660117 -0.000097 
1740 3.349759 0.000000 0.938840 19.448804 -0.066897 0.379250 -0.000269 
1741 3.256318 0.000000 0.982411 19.447007 -0.004333 0.537636 -0.000456 
1742 3.303039 0.000000 0.982411 19.446117 -0.004320 0.538197 -0.000366 
1743 3.256318 0.000000 1.025982 19.445615 -0.002156 0.556160 -0.000367 
1744 3.279678 0.000000 0.917054 19.444887 -0.008298 0.594096 -0.000407 
1745 3.256318 0.000000 0.917054 19.445270 -0.008980 0.590417 -0.000435 
1746 3.279678 0.000000 0.895269 19.443360 -0.011204 0.653866 -0.000448 
1747 3.303039 0.000000 0.917054 19.444188 -0.007702 0.595707 -0.000341 
1748 3.279678 0.000000 0.938840 19.447252 0.065992 0.517982 -0.000438 
1749 7.507914 0.000000 1.113124 19.447106 -0.020852 0.627398 -0.000744 
1750 7.507914 0.000000 1.025982 19.439582 -0.042295 0.767716 -0.000492 
1751 7.507914 0.000000 1.200266 19.450051 -0.008458 0.547540 -0.000798 
1752 7.694798 0.000000 0.938840 19.430047 -0.037740 0.920834 -0.000194 
1753 7.601356 0.000000 0.938840 19.431052 -0.038436 0.914566 -0.000268 
1754 7.694798 0.000000 0.851698 19.424227 -0.027852 0.971627 0.000151 
1755 7.788239 0.000000 0.938840 19.428649 -0.036318 0.926653 -0.000079 
1756 7.648077 0.000000 1.069553 19.442399 -0.017478 0.697597 -0.000506 
1757 7.601356 0.000000 1.069553 19.443133 -0.019415 0.694032 -0.000568 
1758 7.648077 0.000000 1.025982 19.437596 -0.042176 0.785988 -0.000363 
1759 7.694798 0.000000 1.069553 19.441641 -0.014625 0.699813 -0.000436 
1760 7.648077 0.000000 1.113124 19.445667 -0.020712 0.634068 -0.000618 
1761 7.507914 0.000000 0.938840 19.431512 -0.038393 0.907732 -0.000282 
1762 7.507914 0.000000 0.851698 19.424625 -0.031017 0.957680 0.000181 
1763 7.554635 0.000000 1.069553 19.443644 -0.020730 0.689782 -0.000605 
1764 7.507914 0.000000 1.069553 19.444183 -0.021465 0.685589 -0.000646 
1765 7.554635 0.000000 1.025982 19.438955 -0.042916 0.774062 -0.000453 
1766 7.554635 0.000000 1.113124 19.446642 -0.021051 0.629394 -0.000703 
1767 7.648077 0.000000 0.982411 19.433727 -0.040037 0.862536 -0.000298 
1768 7.601356 0.000000 0.982411 19.434241 -0.040282 0.858866 -0.000334 
1769 7.648077 0.000000 0.938840 19.430689 -0.038170 0.917838 -0.000246 
1770 7.694798 0.000000 0.982411 19.432973 -0.039699 0.865911 -0.000236 
1771 7.624716 0.000000 1.047768 19.440822 -0.045493 0.732297 -0.000479 
1772 7.601356 0.000000 1.047768 19.441458 -0.047490 0.726512 -0.000523 
1773 7.624716 0.000000 1.025982 19.438019 -0.042471 0.783249 -0.000395 
1774 7.648077 0.000000 1.047768 19.440291 -0.043697 0.736703 -0.000442 
1775 7.624716 0.000000 1.069553 19.442771 -0.018541 0.695917 -0.000538 
1776 7.881681 0.000000 1.113124 19.441218 -0.016369 0.648872 -0.000211 
1777 7.881681 0.000000 1.025982 19.432832 -0.036684 0.808928 0.000031 
1778 7.881681 0.000000 1.200266 19.445504 -0.006305 0.558546 -0.000363 
1779 7.741519 0.000000 1.069553 19.441119 -0.010977 0.698620 -0.000377 
1780 7.741519 0.000000 1.025982 19.435776 -0.040467 0.795922 -0.000217 
1781 7.788239 0.000000 1.069553 19.441158 -0.012496 0.689583 -0.000348 
1782 7.741519 0.000000 1.113124 19.443998 -0.019667 0.639239 -0.000464 
1783 7.881681 0.000000 0.938840 19.427144 -0.034050 0.931975 0.000050 
1784 7.881681 0.000000 0.851698 19.422025 -0.010515 0.989995 0.000284 
1785 7.975123 0.000000 0.938840 19.425516 -0.031110 0.936893 0.000193 
1786 7.834960 0.000000 1.069553 19.440673 -0.035310 0.689472 -0.000301 
1787 7.834960 0.000000 1.025982 19.433847 -0.038086 0.804844 -0.000056 
1788 7.881681 0.000000 1.069553 19.438245 -0.041587 0.710369 -0.000130 
1789 7.834960 0.000000 1.113124 19.442237 -0.017666 0.645437 -0.000304 
1790 8.068564 0.000000 0.938840 19.423856 -0.027645 0.941465 0.000341 
1791 8.068564 0.000000 0.851698 19.419676 -0.003779 0.998920 0.000478 
1792 8.162006 0.000000 0.938840 19.422345 -0.023749 0.945840 0.000475 
1793 8.115285 0.000000 1.069553 19.432085 -0.025403 0.743640 0.000378 
1794 8.068564 0.000000 1.069553 19.433215 -0.028692 0.740749 0.000273 
1795 8.115285 0.000000 1.025982 19.428113 -0.027596 0.827556 0.000437 
1796 8.162006 0.000000 1.069553 19.431183 -0.023277 0.749211 0.000449 
1797 8.115285 0.000000 1.113124 19.436693 -0.004084 0.665361 0.000198 
1798 8.021844 0.000000 1.069553 19.434236 -0.030672 0.735350 0.000188 
1799 7.975123 0.000000 1.069553 19.435413 -0.033354 0.729663 0.000089 
1800 8.021844 0.000000 1.025982 19.429882 -0.031664 0.820440 0.000286 
1801 8.021844 0.000000 1.113124 19.438366 -0.009500 0.657775 0.000052 
1802 7.975123 0.000000 3.117394 19.451508 -0.004786 0.033246 -0.000158 
1803 7.227589 0.000000 3.117394 19.450076 -0.004963 0.033708 -0.000011 
1804 7.975123 0.000000 3.814531 19.451023 -0.000336 0.014129 -0.000106 
1805 8.348890 0.000000 2.071688 19.451449 0.039877 0.142129 -0.000207 
1806 7.975123 0.000000 2.071688 19.449199 0.040492 0.141392 0.000025 
1807 8.722656 0.000000 2.071688 19.454115 0.038886 0.142103 -0.000481 
1808 8.348890 0.000000 2.420257 19.452865 -0.004764 0.073208 -0.000309 
1809 8.162006 0.000000 1.548835 19.447148 -0.033425 0.365887 -0.000064 
1810 7.975123 0.000000 1.548835 19.447337 -0.033591 0.363441 -0.000078 
1811 8.348890 0.000000 1.548835 19.447404 -0.033045 0.369519 -0.000097 
1812 8.162006 0.000000 1.723119 19.447799 0.003662 0.277715 0.000022 
1813 8.068564 0.000000 1.287409 19.448352 -0.012302 0.525676 -0.000561 
1814 7.975123 0.000000 1.287409 19.449113 -0.013661 0.522572 -0.000631 
1815 8.162006 0.000000 1.287409 19.447650 -0.010665 0.529187 -0.000499 
1816 8.068564 0.000000 1.374551 19.450366 -0.020565 0.471559 -0.000627 
1817 8.115285 0.000000 1.156695 19.440036 -0.005664 0.610829 0.000038 
1818 8.068564 0.000000 1.156695 19.440742 -0.007359 0.607972 -0.000025 
1819 8.162006 0.000000 1.156695 19.439426 -0.003862 0.613876 0.000091 
1820 8.115285 0.000000 1.200266 19.442490 -0.001080 0.569358 -0.000085 
1821 8.091925 0.000000 1.091339 19.436850 -0.024583 0.678336 0.000134 
1822 8.068564 0.000000 1.091339 19.437867 -0.015009 0.671125 0.000056 
1823 8.091925 0.000000 1.069553 19.432580 -0.026379 0.740870 0.000338 
1824 8.115285 0.000000 1.091339 19.435666 -0.027347 0.688161 0.000220 
1825 8.091925 0.000000 1.113124 19.437056 -0.005594 0.663577 0.000167 
1826 8.255448 0.000000 0.938840 19.420916 -0.019522 0.950217 0.000601 
1827 8.255448 0.000000 0.851698 19.418710 -0.031212 0.992006 0.000611 
1828 8.348890 0.000000 0.938840 19.419573 -0.015178 0.954696 0.000716 
1829 8.208727 0.000000 1.069553 19.430329 -0.020853 0.754609 0.000515 
1830 8.208727 0.000000 1.025982 19.426429 -0.021742 0.831744 0.000592 
1831 8.255448 0.000000 1.069553 19.429554 -0.018240 0.759751 0.000575 
1832 8.208727 0.000000 1.113124 19.435776 0.002474 0.669843 0.000276 
1833 8.442331 0.000000 1.113124 19.432534 -0.007056 0.696917 0.000511 
1834 8.442331 0.000000 1.025982 19.423808 -0.010493 0.851560 0.000774 
1835 8.442331 0.000000 1.200266 19.441856 -0.009896 0.619801 -0.000179 
1836 8.535773 0.000000 1.548835 19.447345 0.009263 0.361865 -0.000073 
1837 8.722656 0.000000 1.548835 19.448948 0.009451 0.365953 -0.000246 
1838 8.535773 0.000000 1.723119 19.449785 0.004052 0.280635 -0.000186 
1839 8.629215 0.000000 1.287409 19.447380 -0.000228 0.551688 -0.000535 
1840 8.535773 0.000000 1.287409 19.447041 -0.002357 0.546569 -0.000485 
1841 8.722656 0.000000 1.287409 19.447925 0.001707 0.557094 -0.000607 
1842 8.629215 0.000000 1.374551 19.451590 -0.000966 0.480733 -0.000774 
1843 8.582494 0.000000 1.156695 19.436325 0.017600 0.647226 0.000298 
1844 8.535773 0.000000 1.156695 19.436318 0.014854 0.643680 0.000311 
1845 8.582494 0.000000 1.113124 19.431292 0.001350 0.715381 0.000570 
1846 8.629215 0.000000 1.156695 19.436539 0.021248 0.649044 0.000269 
1847 8.582494 0.000000 1.200266 19.441566 -0.004693 0.629908 -0.000182 
1848 8.442331 0.000000 1.287409 19.446793 -0.004522 0.541739 -0.000446 
1849 8.348890 0.000000 1.287409 19.446884 -0.006711 0.537214 -0.000443 
1850 8.442331 0.000000 1.374551 19.450293 -0.014806 0.482538 -0.000646 
1851 8.489052 0.000000 1.156695 19.436491 0.012096 0.639839 0.000306 
1852 8.442331 0.000000 1.156695 19.436763 0.009410 0.635852 0.000292 
1853 8.489052 0.000000 1.113124 19.432034 -0.004276 0.703697 0.000538 
1854 8.489052 0.000000 1.200266 19.441621 -0.008152 0.623010 -0.000165 
1855 8.629215 0.000000 0.938840 19.416562 -0.001653 0.970650 0.000945 
1856 8.535773 0.000000 0.938840 19.417327 -0.006133 0.964802 0.000896 
1857 8.629215 0.000000 0.851698 19.412863 -0.030932 1.001806 0.001160 
1858 8.722656 0.000000 0.938840 19.415932 0.002820 0.977047 0.000977 
1859 8.582494 0.000000 1.069553 19.426693 -0.000775 0.794826 0.000725 
1860 8.535773 0.000000 1.069553 19.426872 -0.003399 0.790358 0.000726 
1861 8.582494 0.000000 1.025982 19.422911 -0.002649 0.862291 0.000818 
1862 8.629215 0.000000 1.069553 19.426547 0.001829 0.799322 0.000721 
1863 8.559133 0.000000 1.134910 19.435026 0.005009 0.665346 0.000369 
1864 8.535773 0.000000 1.134910 19.435248 0.007216 0.661703 0.000359 
1865 8.559133 0.000000 1.113124 19.431449 0.000067 0.712354 0.000565 
1866 8.582494 0.000000 1.134910 19.434753 0.003809 0.669855 0.000381 
1867 8.559133 0.000000 1.156695 19.436316 0.016227 0.645513 0.000304 
1868 8.816098 0.000000 1.113124 19.431268 0.011998 0.746374 0.000452 
1869 8.816098 0.000000 1.025982 19.422552 0.009637 0.881787 0.000765 
1870 8.816098 0.000000 1.200266 19.442114 0.003849 0.649252 -0.000304 
1871 8.675935 0.000000 1.156695 19.436773 0.023056 0.651070 0.000238 
1872 8.675935 0.000000 1.113124 19.431211 0.004936 0.729701 0.000523 
1873 8.722656 0.000000 1.156695 19.437136 0.023307 0.651793 0.000198 
1874 8.675935 0.000000 1.200266 19.441662 -0.001169 0.637347 -0.000217 
1875 8.675935 0.000000 1.069553 19.426564 0.004362 0.803871 0.000700 
1876 8.675935 0.000000 1.025982 19.422656 0.002446 0.869872 0.000810 
1877 8.722656 0.000000 1.069553 19.426561 0.006786 0.808404 0.000681 
1878 9.096423 0.000000 2.071688 19.456819 0.037570 0.140746 -0.000757 
1879 9.096423 0.000000 2.420257 19.455971 -0.005250 0.070890 -0.000627 
1880 8.909540 0.000000 1.548835 19.451016 0.009178 0.370056 -0.000467 
1881 9.096423 0.000000 1.548835 19.453346 0.008401 0.373946 -0.000714 
1882 8.909540 0.000000 1.723119 19.452745 0.006255 0.284843 -0.000497 
1883 8.816098 0.000000 1.287409 19.448582 0.003445 0.562722 -0.000691 
1884 8.909540 0.000000 1.287409 19.449302 0.004861 0.568629 -0.000783 
1885 8.816098 0.000000 1.374551 19.453059 0.001138 0.488299 -0.000945 
1886 8.769377 0.000000 1.156695 19.437422 0.017788 0.658498 0.000146 
1887 8.769377 0.000000 1.113124 19.431276 0.009745 0.740919 0.000473 
1888 8.816098 0.000000 1.156695 19.437329 0.014844 0.665121 0.000133 
1889 8.769377 0.000000 1.200266 19.441959 0.002240 0.645201 -0.000274 
1890 8.699296 0.000000 1.134910 19.434138 0.006021 0.692045 0.000364 
1891 8.675935 0.000000 1.134910 19.433966 0.006568 0.686018 0.000404 
1892 8.699296 0.000000 1.113124 19.431252 0.006169 0.732540 0.000508 
1893 8.722656 0.000000 1.134910 19.434094 0.007127 0.695478 0.000356 
1894 8.699296 0.000000 1.156695 19.436925 0.023793 0.651016 0.000222 
1895 9.002981 0.000000 1.287409 19.450128 0.005981 0.574767 -0.000886 
1896 9.096423 0.000000 1.287409 19.450995 0.006706 0.581022 -0.000995 
1897 9.002981 0.000000 1.374551 19.454891 0.002316 0.496321 -0.001154 
1898 8.956261 0.000000 1.156695 19.437220 0.016333 0.688113 0.000061 
1899 8.909540 0.000000 1.156695 19.437164 0.014967 0.680995 0.000093 
1900 8.956261 0.000000 1.113124 19.431708 0.017958 0.762552 0.000342 
1901 9.002981 0.000000 1.156695 19.437344 0.017813 0.694791 0.000024 
1902 8.956261 0.000000 1.200266 19.442937 0.006297 0.664148 -0.000440 
1903 8.862819 0.000000 1.156695 19.437200 0.014126 0.673252 0.000117 
1904 8.862819 0.000000 1.113124 19.431405 0.014098 0.751791 0.000417 
1905 8.862819 0.000000 1.200266 19.442288 0.005973 0.652629 -0.000333 
1906 8.956261 0.000000 1.243838 19.446593 0.005994 0.614066 -0.000647 
1907 8.909540 0.000000 1.243838 19.446240 0.005101 0.610433 -0.000598 
1908 9.002981 0.000000 1.243838 19.446957 0.006782 0.617781 -0.000696 
1909 8.956261 0.000000 1.287409 19.449719 0.005467 0.571665 -0.000835 
1910 8.932900 0.000000 1.178481 19.439969 0.028705 0.650108 -0.000088 
1911 8.909540 0.000000 1.178481 19.441019 0.006736 0.682080 -0.000307 
1912 8.932900 0.000000 1.156695 19.437180 0.015616 0.684634 0.000078 
1913 8.956261 0.000000 1.178481 19.440228 0.028180 0.651258 -0.000119 
1914 8.932900 0.000000 1.200266 19.442790 0.005574 0.662124 -0.000418 
1915 9.283306 0.000000 0.851698 19.408851 -0.023976 1.053986 0.001289 
1916 9.283306 0.000000 0.677414 19.398279 0.009752 0.934614 0.003002 
1917 9.470190 0.000000 0.851698 19.407537 -0.019719 1.069086 0.001339 
1918 9.189865 0.000000 1.113124 19.432900 0.025177 0.789750 0.000107 
1919 9.189865 0.000000 1.025982 19.423320 0.025015 0.917411 0.000515 
1920 9.283306 0.000000 1.113124 19.433534 0.027148 0.800823 -0.000005 
1921 9.189865 0.000000 1.200266 19.445120 0.009045 0.681308 -0.000725 
1922 9.049702 0.000000 1.156695 19.437503 0.019236 0.701227 -0.000016 
1923 9.049702 0.000000 1.113124 19.432122 0.021269 0.773349 0.000255 
1924 9.096423 0.000000 1.156695 19.437699 0.020579 0.707491 -0.000060 
1925 9.049702 0.000000 1.200266 19.443692 0.008855 0.671860 -0.000545 
1926 9.283306 0.000000 1.548835 19.455684 0.007282 0.377272 -0.000961 
1927 9.283306 0.000000 1.723119 19.456517 0.004727 0.286557 -0.000887 
1928 9.189865 0.000000 1.287409 19.451914 0.007119 0.587459 -0.001109 
1929 9.283306 0.000000 1.287409 19.452784 0.007164 0.593958 -0.001219 
1930 9.189865 0.000000 1.374551 19.456817 0.002324 0.504547 -0.001374 
1931 9.143144 0.000000 1.156695 19.437946 0.021817 0.713607 -0.000108 
1932 9.143144 0.000000 1.113124 19.432618 0.024015 0.784255 0.000159 
1933 9.189865 0.000000 1.156695 19.438244 0.022903 0.719638 -0.000162 
1934 9.143144 0.000000 1.200266 19.444612 0.009936 0.678363 -0.000663 
1935 9.376748 0.000000 1.113124 19.434144 0.028625 0.812133 -0.000116 
1936 9.376748 0.000000 1.025982 19.423852 0.030137 0.937578 0.000361 
1937 9.470190 0.000000 1.113124 19.434678 0.029651 0.823702 -0.000221 
1938 9.376748 0.000000 1.200266 19.446220 0.000685 0.703661 -0.000920 
1939 9.236586 0.000000 1.156695 19.438531 0.023884 0.725580 -0.000214 
1940 9.236586 0.000000 1.113124 19.433226 0.026220 0.795269 0.000050 
1941 9.283306 0.000000 1.156695 19.438877 0.024713 0.731451 -0.000272 
1942 9.236586 0.000000 1.200266 19.445559 0.006805 0.684974 -0.000784 
1943 9.143144 0.000000 1.243838 19.448220 0.006411 0.631862 -0.000872 
1944 9.096423 0.000000 1.243838 19.447696 0.008642 0.624761 -0.000795 
1945 9.189865 0.000000 1.243838 19.448634 0.006838 0.635811 -0.000928 
1946 9.143144 0.000000 1.287409 19.451452 0.006944 0.584241 -0.001052 
1947 9.166504 0.000000 1.178481 19.441076 0.021361 0.679277 -0.000303 
1948 9.143144 0.000000 1.178481 19.440994 0.021170 0.675649 -0.000282 
1949 9.166504 0.000000 1.156695 19.438094 0.022376 0.716635 -0.000135 
1950 9.189865 0.000000 1.178481 19.441181 0.021660 0.682770 -0.000327 
1951 9.166504 0.000000 1.200266 19.444863 0.009675 0.679802 -0.000694 
1952 9.376748 0.000000 1.287409 19.453573 0.007542 0.599943 -0.001319 
1953 9.470190 0.000000 1.287409 19.454259 0.007194 0.606577 -0.001411 
1954 9.376748 0.000000 1.374551 19.458504 0.001476 0.512670 -0.001569 
1955 9.563631 0.000000 1.287409 19.454887 0.004803 0.610982 -0.001489 
1956 9.563631 0.000000 1.200266 19.447016 -0.000255 0.729326 -0.001099 
1957 9.563631 0.000000 1.374551 19.458305 0.053385 0.499526 -0.001521 
1958 9.423469 0.000000 1.243838 19.450677 0.007811 0.655653 -0.001206 
1959 9.376748 0.000000 1.243838 19.450285 0.007727 0.651724 -0.001152 
1960 9.423469 0.000000 1.200266 19.446432 0.000152 0.710456 -0.000967 
1961 9.470190 0.000000 1.243838 19.451050 0.007809 0.659454 -0.001258 
1962 9.423469 0.000000 1.287409 19.453950 0.007386 0.603275 -0.001368 
1963 9.657073 0.000000 0.851698 19.403791 0.018248 1.100762 0.001542 
1964 9.657073 0.000000 0.677414 19.396048 0.006757 0.953155 0.003138 
1965 9.843957 0.000000 0.851698 19.402731 0.034942 1.124289 0.001510 
1966 9.563631 0.000000 1.113124 19.435126 0.030320 0.835541 -0.000319 
1967 9.563631 0.000000 1.025982 19.423939 0.033618 0.959960 0.000239 
1968 9.657073 0.000000 1.113124 19.435438 0.030712 0.847690 -0.000405 
1969 9.516911 0.000000 1.243838 19.451366 0.007764 0.663224 -0.001303 
1970 9.516911 0.000000 1.200266 19.446842 -0.000192 0.723227 -0.001058 
1971 9.563631 0.000000 1.243838 19.451667 0.007589 0.666842 -0.001347 
1972 9.516911 0.000000 1.287409 19.454621 0.005059 0.607584 -0.001451 
1973 9.516911 0.000000 1.156695 19.440419 0.027105 0.760740 -0.000547 
1974 9.470190 0.000000 1.156695 19.440145 0.026814 0.754870 -0.000495 
1975 9.516911 0.000000 1.113124 19.434921 0.030014 0.829578 -0.000272 
1976 9.563631 0.000000 1.156695 19.440654 0.027305 0.766620 -0.000595 
1977 9.610352 0.000000 1.243838 19.451939 0.007246 0.670357 -0.001387 
1978 9.610352 0.000000 1.200266 19.447173 -0.000315 0.735271 -0.001138 
1979 9.657073 0.000000 1.243838 19.452226 0.006685 0.673725 -0.001429 
1980 9.610352 0.000000 1.287409 19.455333 0.001638 0.617417 -0.001556 
1981 9.540271 0.000000 1.222052 19.449800 0.003561 0.688724 -0.001233 
1982 9.516911 0.000000 1.222052 19.449672 0.004691 0.686293 -0.001211 
1983 9.540271 0.000000 1.200266 19.446947 -0.000231 0.726296 -0.001081 
1984 9.563631 0.000000 1.222052 19.449869 0.002445 0.691347 -0.001250 
1985 9.540271 0.000000 1.243838 19.451497 0.007699 0.665042 -0.001323 
1986 9.750515 0.000000 1.113124 19.435766 0.030856 0.860051 -0.000495 
1987 9.750515 0.000000 1.025982 19.423805 0.035758 0.984841 0.000125 
1988 9.843957 0.000000 1.113124 19.436171 0.030830 0.872590 -0.000594 
1989 9.937398 0.000000 1.287409 19.454779 0.058656 0.612048 -0.001491 
1990 9.937398 0.000000 1.200266 19.448136 -0.001207 0.774266 -0.001393 
1991 9.937398 0.000000 1.374551 19.459059 0.050674 0.514240 -0.001637 
1992 9.797236 0.000000 1.243838 19.452812 0.002674 0.683862 -0.001525 
1993 9.750515 0.000000 1.243838 19.452640 0.004450 0.680290 -0.001495 
1994 9.797236 0.000000 1.200266 19.447759 -0.000725 0.758110 -0.001289 
1995 9.843957 0.000000 1.243838 19.452893 0.000602 0.687875 -0.001548 
1996 9.797236 0.000000 1.287409 19.455905 0.000495 0.630745 -0.001659 
1997 9.703794 0.000000 1.243838 19.452462 0.005769 0.676970 -0.001465 
1998 9.703794 0.000000 1.200266 19.447509 -0.000492 0.746890 -0.001218 
1999 9.703794 0.000000 1.287409 19.455703 0.001067 0.624123 -0.001616 
2000 10.030840 0.000000 0.851698 19.404118 0.039195 1.139662 0.001275 
2001 10.030840 0.000000 0.677414 19.399805 0.007734 0.961761 0.002709 
2002 10.217723 0.000000 0.851698 19.409946 0.041533 1.153722 0.000591 
2003 9.937398 0.000000 1.113124 19.436668 0.030633 0.885082 -0.000703 
2004 9.937398 0.000000 1.025982 19.424396 0.036559 1.011586 -0.000077 
2005 10.030840 0.000000 1.113124 19.437516 0.030230 0.897342 -0.000848 
2006 9.797236 0.000000 1.156695 19.441617 0.027557 0.796098 -0.000815 
2007 9.750515 0.000000 1.156695 19.441435 0.027584 0.790215 -0.000772 
2008 9.797236 0.000000 1.113124 19.435959 0.030868 0.866314 -0.000543 
2009 9.843957 0.000000 1.156695 19.441803 0.027484 0.801960 -0.000859 
2010 9.773875 0.000000 1.222052 19.450308 -0.002732 0.717943 -0.001394 
2011 9.750515 0.000000 1.222052 19.450278 -0.002478 0.715059 -0.001380 
2012 9.773875 0.000000 1.200266 19.447701 -0.000651 0.755343 -0.001272 
2013 9.797236 0.000000 1.222052 19.450352 -0.002945 0.720789 -0.001410 
2014 9.773875 0.000000 1.243838 19.452722 0.003615 0.682019 -0.001510 
2015 9.890677 0.000000 1.243838 19.452934 -0.001400 0.692398 -0.001569 
2016 9.890677 0.000000 1.200266 19.447991 -0.001029 0.768985 -0.001357 
2017 9.937398 0.000000 1.243838 19.452966 -0.003181 0.697320 -0.001590 
2018 9.890677 0.000000 1.287409 19.455978 -0.000002 0.637178 -0.001688 
2019 10.124282 0.000000 1.113124 19.438804 0.029671 0.909068 -0.001036 
2020 10.124282 0.000000 1.025982 19.427282 0.035511 1.038525 -0.000520 
2021 10.217723 0.000000 1.113124 19.440503 0.028917 0.919874 -0.001263 
2022 10.171002 0.000000 1.243838 19.453112 -0.009050 0.718575 -0.001685 
2023 10.124282 0.000000 1.243838 19.453051 -0.008669 0.714310 -0.001663 
2024 10.171002 0.000000 1.200266 19.448562 0.022951 0.764963 -0.001400 
2025 10.217723 0.000000 1.243838 19.453162 -0.009310 0.722506 -0.001705 
2026 10.171002 0.000000 1.287409 19.454758 0.058229 0.625411 -0.001532 
2027 10.077561 0.000000 1.243838 19.453008 -0.006320 0.712229 -0.001650 
2028 10.030840 0.000000 1.243838 19.452994 -0.005581 0.707389 -0.001631 
2029 10.077561 0.000000 1.200266 19.447941 0.023178 0.756043 -0.001301 
2030 10.077561 0.000000 1.287409 19.454803 0.058307 0.620556 -0.001521 
2031 10.124282 0.000000 1.461693 19.457984 -0.003221 0.449566 -0.001355 
2032 10.030840 0.000000 1.461693 19.458355 -0.002497 0.448150 -0.001390 
2033 10.217723 0.000000 1.461693 19.457400 -0.003890 0.450810 -0.001298 
2034 10.124282 0.000000 1.548835 19.458525 -0.001105 0.383193 -0.001265 
2035 10.171002 0.000000 1.330980 19.456737 0.052111 0.572433 -0.001566 
2036 10.124282 0.000000 1.330980 19.456935 0.052329 0.570471 -0.001581 
2037 10.217723 0.000000 1.330980 19.456775 0.051471 0.574236 -0.001575 
2038 10.171002 0.000000 1.374551 19.458277 0.047087 0.521615 -0.001576 
2039 10.147642 0.000000 1.265623 19.453805 0.057850 0.647088 -0.001507 
2040 10.124282 0.000000 1.265623 19.453757 0.058623 0.645964 -0.001498 
2041 10.147642 0.000000 1.243838 19.453073 -0.008875 0.716474 -0.001673 
2042 10.171002 0.000000 1.265623 19.453868 0.056980 0.648248 -0.001517 
2043 10.147642 0.000000 1.287409 19.454791 0.058229 0.624289 -0.001532 
2044 10.404607 0.000000 0.851698 19.419973 0.041862 1.166851 -0.000519 
2045 10.404607 0.000000 0.677414 19.416355 0.010415 0.962197 0.001009 
2046 10.591490 0.000000 0.851698 19.430708 0.041163 1.178932 -0.001696 
2047 10.311165 0.000000 1.113124 19.442612 0.028077 0.929417 -0.001526 
2048 10.311165 0.000000 1.025982 19.433273 0.032453 1.062947 -0.001270 
2049 10.404607 0.000000 1.113124 19.444621 0.027180 0.937322 -0.001771 
2050 10.264444 0.000000 1.243838 19.453194 -0.009547 0.726067 -0.001722 
2051 10.264444 0.000000 1.200266 19.449323 0.022740 0.772817 -0.001511 
2052 10.311165 0.000000 1.243838 19.452175 0.051840 0.696418 -0.001513 
2053 10.264444 0.000000 1.287409 19.454510 0.058194 0.629251 -0.001519 
2054 10.498048 0.000000 1.287409 19.452972 0.059068 0.634934 -0.001381 
2055 10.498048 0.000000 1.200266 19.449936 0.058459 0.778967 -0.001606 
2056 10.591490 0.000000 1.287409 19.451004 0.017588 0.634692 -0.001169 
2057 10.498048 0.000000 1.374551 19.453428 0.010360 0.531281 -0.001099 
2058 10.357886 0.000000 1.243838 19.452126 0.051689 0.699229 -0.001518 
2059 10.357886 0.000000 1.200266 19.449960 0.022437 0.779341 -0.001603 
2060 10.404607 0.000000 1.243838 19.452047 0.051572 0.701680 -0.001519 
2061 10.357886 0.000000 1.287409 19.454024 0.058295 0.632082 -0.001479 
2062 10.498048 0.000000 1.113124 19.446136 0.026401 0.943526 -0.001958 
2063 10.498048 0.000000 1.025982 19.440132 0.028747 1.081590 -0.002080 
2064 10.591490 0.000000 1.113124 19.446773 0.025744 0.948322 -0.002047 
2065 10.451327 0.000000 1.243838 19.451829 0.051446 0.703808 -0.001504 
2066 10.451327 0.000000 1.200266 19.450375 0.022180 0.784420 -0.001666 
2067 10.498048 0.000000 1.243838 19.451555 0.051364 0.705540 -0.001483 
2068 10.451327 0.000000 1.287409 19.453343 0.058538 0.634242 -0.001416 
2069 10.311165 0.000000 1.461693 19.456676 -0.004386 0.451954 -0.001227 
2070 10.404607 0.000000 1.461693 19.455715 -0.004825 0.452927 -0.001130 
2071 10.311165 0.000000 1.548835 19.457091 -0.002138 0.383988 -0.001119 
2072 10.357886 0.000000 1.330980 19.455677 0.050943 0.578933 -0.001477 
2073 10.311165 0.000000 1.330980 19.456104 0.051114 0.577505 -0.001516 
2074 10.404607 0.000000 1.330980 19.455255 0.050836 0.580263 -0.001437 
2075 10.357886 0.000000 1.374551 19.454696 0.010708 0.528442 -0.001221 
2076 10.381246 0.000000 1.265623 19.453294 0.049387 0.660370 -0.001498 
2077 10.357886 0.000000 1.265623 19.453387 0.049934 0.659088 -0.001503 
2078 10.381246 0.000000 1.243838 19.452097 0.051636 0.700486 -0.001520 
2079 10.404607 0.000000 1.265623 19.453155 0.048856 0.661614 -0.001488 
2080 10.381246 0.000000 1.287409 19.453900 0.058375 0.632714 -0.001468 
2081 10.778373 0.000000 1.548835 19.452090 0.001198 0.390634 -0.000618 
2082 10.965257 0.000000 1.548835 19.450653 0.000911 0.391728 -0.000473 
2083 10.778373 0.000000 1.723119 19.452738 -0.001685 0.283027 -0.000493 
2084 10.684932 0.000000 1.287409 19.450171 0.019538 0.634904 -0.001084 
2085 10.684932 0.000000 1.200266 19.448194 0.011568 0.771330 -0.001387 
2086 10.778373 0.000000 1.287409 19.449563 0.008527 0.644893 -0.001055 
2087 10.684932 0.000000 1.374551 19.451665 0.001166 0.541784 -0.000947 
2088 10.544769 0.000000 1.243838 19.451349 0.051310 0.707089 -0.001467 
2089 10.544769 0.000000 1.200266 19.449899 0.058371 0.780789 -0.001610 
2090 10.591490 0.000000 1.243838 19.451015 0.051240 0.708420 -0.001438 
2091 10.544769 0.000000 1.287409 19.451517 0.016588 0.630520 -0.001208 
2092 10.498048 0.000000 1.461693 19.454613 -0.005094 0.453862 -0.001019 
2093 10.591490 0.000000 1.461693 19.453367 -0.001078 0.455920 -0.000896 
2094 10.498048 0.000000 1.548835 19.455069 -0.002852 0.384781 -0.000913 
2095 10.451327 0.000000 1.330980 19.454840 0.050778 0.581529 -0.001398 
2096 10.498048 0.000000 1.330980 19.452670 0.014640 0.581003 -0.001167 
2097 10.451327 0.000000 1.374551 19.453905 0.010472 0.530422 -0.001146 
2098 10.474688 0.000000 1.265623 19.452457 0.047985 0.664775 -0.001427 
2099 10.451327 0.000000 1.265623 19.452701 0.048046 0.663969 -0.001449 
2100 10.474688 0.000000 1.243838 19.451702 0.051399 0.704716 -0.001495 
2101 10.498048 0.000000 1.265623 19.452330 0.047972 0.665548 -0.001417 
2102 10.474688 0.000000 1.287409 19.453104 0.059068 0.634227 -0.001392 
2103 10.871815 0.000000 1.287409 19.448767 0.015357 0.655876 -0.001011 
2104 10.871815 0.000000 1.200266 19.447470 0.004970 0.786557 -0.001375 
2105 10.965257 0.000000 1.287409 19.448405 0.015238 0.657204 -0.000978 
2106 10.871815 0.000000 1.374551 19.449815 0.004129 0.553270 -0.000790 
2107 10.778373 0.000000 0.851698 19.437849 0.040342 1.187164 -0.002481 
2108 10.778373 0.000000 0.677414 19.434806 0.012320 0.980999 -0.000983 
2109 10.965257 0.000000 0.851698 19.440594 0.040482 1.056966 -0.001991 
2110 10.871815 0.000000 1.113124 19.445535 0.018818 0.918064 -0.001770 
2111 10.778373 0.000000 1.113124 19.445485 0.016360 0.918802 -0.001768 
2112 10.871815 0.000000 1.025982 19.443501 0.019356 1.036515 -0.002173 
2113 10.965257 0.000000 1.113124 19.445837 0.013052 0.939102 -0.001904 
2114 11.339023 0.000000 2.071688 19.451615 -0.005212 0.105018 -0.000195 
2115 11.712790 0.000000 2.071688 19.450354 -0.004313 0.108901 -0.000068 
2116 11.339023 0.000000 2.420257 19.451536 -0.005303 0.062094 -0.000168 
2117 11.152140 0.000000 1.548835 19.449777 0.000746 0.392806 -0.000385 
2118 11.339023 0.000000 1.548835 19.449867 0.021311 0.345519 -0.000303 
2119 11.152140 0.000000 1.723119 19.451302 0.020728 0.244007 -0.000292 
2120 11.058698 0.000000 1.287409 19.448017 0.010773 0.658907 -0.000944 
2121 11.058698 0.000000 1.200266 19.447106 0.008751 0.799799 -0.001394 
2122 11.152140 0.000000 1.287409 19.447880 0.012293 0.658326 -0.000928 
2123 11.058698 0.000000 1.374551 19.448911 0.005452 0.553728 -0.000699 
2124 10.918536 0.000000 1.243838 19.447917 0.005011 0.725652 -0.001178 
2125 10.871815 0.000000 1.243838 19.448403 0.000104 0.715283 -0.001188 
2126 10.918536 0.000000 1.200266 19.447518 0.004233 0.787561 -0.001384 
2127 10.965257 0.000000 1.243838 19.447792 0.004950 0.726344 -0.001168 
2128 10.918536 0.000000 1.287409 19.448589 0.015299 0.656587 -0.000995 
2129 10.825094 0.000000 1.243838 19.448619 0.000113 0.714343 -0.001207 
2130 10.778373 0.000000 1.243838 19.448867 0.000042 0.713130 -0.001228 
2131 10.825094 0.000000 1.200266 19.447612 0.004829 0.785163 -0.001384 
2132 10.825094 0.000000 1.287409 19.449242 0.008500 0.645772 -0.001025 
2133 10.871815 0.000000 1.461693 19.450709 0.003035 0.463416 -0.000641 
2134 10.778373 0.000000 1.461693 19.451478 0.003200 0.462632 -0.000718 
2135 10.965257 0.000000 1.461693 19.450096 0.002916 0.464183 -0.000579 
2136 10.871815 0.000000 1.548835 19.451326 0.001044 0.391199 -0.000541 
2137 10.918536 0.000000 1.330980 19.449154 0.010430 0.604674 -0.000880 
2138 10.871815 0.000000 1.330980 19.449409 0.010489 0.604078 -0.000904 
2139 10.965257 0.000000 1.330980 19.448817 0.006195 0.605870 -0.000849 
2140 10.918536 0.000000 1.374551 19.449620 0.005663 0.552692 -0.000768 
2141 10.895175 0.000000 1.265623 19.448331 0.003217 0.685778 -0.001072 
2142 10.871815 0.000000 1.265623 19.448456 -0.001032 0.678902 -0.001060 
2143 10.895175 0.000000 1.243838 19.448103 0.002593 0.718860 -0.001171 
2144 10.918536 0.000000 1.265623 19.448247 0.003171 0.686135 -0.001064 
2145 10.895175 0.000000 1.287409 19.448653 0.015325 0.656221 -0.001000 
2146 11.152140 0.000000 0.851698 19.442753 0.038357 1.084857 -0.002370 
2147 11.152140 0.000000 0.677414 19.440694 0.017799 0.889270 -0.001135 
2148 11.339023 0.000000 0.851698 19.444163 0.038375 1.086817 -0.002526 
2149 11.058698 0.000000 1.113124 19.445830 0.015281 0.944150 -0.001928 
2150 11.058698 0.000000 1.025982 19.444527 0.017887 1.061873 -0.002419 
2151 11.152140 0.000000 1.113124 19.446164 0.014405 0.945706 -0.001970 
2152 11.525907 0.000000 1.200266 19.447256 -0.012161 0.790854 -0.001372 
2153 11.525907 0.000000 1.025982 19.446215 0.009199 1.066867 -0.002620 
2154 11.525907 0.000000 1.374551 19.448914 -0.000620 0.433745 -0.000386 
2155 11.245582 0.000000 1.287409 19.447783 0.012222 0.659128 -0.000921 
2156 11.245582 0.000000 1.200266 19.446990 0.003825 0.802298 -0.001392 
2157 11.339023 0.000000 1.287409 19.447685 0.012156 0.659818 -0.000913 
2158 11.245582 0.000000 1.374551 19.448392 0.005271 0.555185 -0.000649 
2159 11.105419 0.000000 1.243838 19.447566 0.004813 0.728129 -0.001151 
2160 11.058698 0.000000 1.243838 19.447638 0.004855 0.727591 -0.001157 
2161 11.105419 0.000000 1.200266 19.447079 0.008704 0.800382 -0.001393 
2162 11.152140 0.000000 1.243838 19.447413 0.000200 0.729162 -0.001139 
2163 11.105419 0.000000 1.287409 19.447890 0.010710 0.659379 -0.000933 
2164 11.245582 0.000000 1.113124 19.446274 0.012516 0.946448 -0.001985 
2165 11.245582 0.000000 1.025982 19.445460 0.016864 1.064724 -0.002531 
2166 11.339023 0.000000 1.113124 19.446437 0.012507 0.947286 -0.002006 
2167 11.525907 0.000000 1.548835 19.449724 -0.003471 0.294867 -0.000202 
2168 11.712790 0.000000 1.548835 19.449404 -0.003426 0.295558 -0.000170 
2169 11.525907 0.000000 1.723119 19.450327 -0.004931 0.204346 -0.000144 
2170 11.432465 0.000000 1.287409 19.447681 0.012097 0.660438 -0.000915 
2171 11.432465 0.000000 1.200266 19.447142 0.005366 0.802112 -0.001407 
2172 11.525907 0.000000 1.287409 19.447702 -0.004691 0.651047 -0.000884 
2173 11.432465 0.000000 1.374551 19.448159 -0.010745 0.548027 -0.000605 
2174 11.292303 0.000000 1.243838 19.447413 0.001734 0.728837 -0.001138 
2175 11.245582 0.000000 1.243838 19.447420 0.001756 0.728457 -0.001137 
2176 11.292303 0.000000 1.200266 19.447086 0.005454 0.801454 -0.001398 
2177 11.339023 0.000000 1.243838 19.447410 0.001714 0.729193 -0.001139 
2178 11.292303 0.000000 1.287409 19.447708 0.012176 0.659476 -0.000914 
2179 11.525907 0.000000 0.851698 19.445275 0.037279 1.089046 -0.002653 
2180 11.525907 0.000000 0.677414 19.444225 0.018077 0.892189 -0.001511 
2181 11.712790 0.000000 0.851698 19.445864 0.009053 0.954215 -0.001982 
2182 11.432465 0.000000 1.113124 19.446597 0.008785 0.946789 -0.002020 
2183 11.432465 0.000000 1.025982 19.446010 0.014940 1.066067 -0.002595 
2184 11.525907 0.000000 1.113124 19.446701 0.008848 0.947241 -0.002033 
2185 11.385744 0.000000 1.243838 19.447399 0.001672 0.729505 -0.001139 
2186 11.385744 0.000000 1.200266 19.447129 0.005409 0.801806 -0.001404 
2187 11.432465 0.000000 1.243838 19.447447 0.001651 0.729819 -0.001145 
2188 11.385744 0.000000 1.287409 19.447713 0.012142 0.660138 -0.000917 
2189 11.245582 0.000000 1.461693 19.448983 0.002662 0.466104 -0.000470 
2190 11.152140 0.000000 1.461693 19.449253 0.002721 0.465529 -0.000496 
2191 11.339023 0.000000 1.461693 19.448722 -0.012439 0.459572 -0.000427 
2192 11.245582 0.000000 1.548835 19.449453 0.000706 0.393283 -0.000353 
2193 11.292303 0.000000 1.330980 19.448020 0.007478 0.607322 -0.000772 
2194 11.245582 0.000000 1.330980 19.448080 0.007498 0.606976 -0.000777 
2195 11.339023 0.000000 1.330980 19.448003 0.007466 0.607647 -0.000771 
2196 11.292303 0.000000 1.374551 19.448340 0.005265 0.555518 -0.000645 
2197 11.315663 0.000000 1.265623 19.447570 -0.000013 0.689371 -0.001006 
2198 11.292303 0.000000 1.265623 19.447579 -0.000004 0.689191 -0.001007 
2199 11.315663 0.000000 1.243838 19.447411 0.001724 0.729018 -0.001139 
2200 11.339023 0.000000 1.265623 19.447532 -0.000045 0.689524 -0.001003 
2201 11.315663 0.000000 1.287409 19.447692 0.012168 0.659651 -0.000913 
2202 12.460324 0.000000 3.117394 19.450282 0.003478 0.021056 -0.000030 
2203 13.207857 0.000000 3.117394 19.449843 0.001933 0.021143 0.000015 
2204 12.460324 0.000000 3.814531 19.450166 0.000766 0.009878 -0.000017 
2205 12.086557 0.000000 2.071688 19.449865 -0.004257 0.109407 -0.000018 
2206 12.460324 0.000000 2.071688 19.449627 -0.004223 0.109831 0.000006 
2207 12.086557 0.000000 2.420257 19.450201 -0.005253 0.062494 -0.000031 
2208 11.899674 0.000000 1.548835 19.449233 -0.003416 0.296111 -0.000153 
2209 12.086557 0.000000 1.548835 19.449031 0.010173 0.301708 -0.000141 
2210 11.899674 0.000000 1.723119 19.449353 0.004454 0.211176 -0.000051 
2211 11.806232 0.000000 1.287409 19.448400 0.005480 0.525671 -0.000566 
2212 11.712790 0.000000 1.287409 19.448399 0.005442 0.525281 -0.000565 
2213 11.806232 0.000000 1.200266 19.448058 -0.002221 0.653081 -0.000928 
2214 11.899674 0.000000 1.287409 19.448428 0.005503 0.526011 -0.000570 
2215 11.806232 0.000000 1.374551 19.448724 -0.000509 0.434950 -0.000369 
2216 11.619349 0.000000 1.287409 19.448429 0.005410 0.524832 -0.000567 
2217 11.619349 0.000000 1.200266 19.447957 -0.002312 0.652224 -0.000914 
2218 11.619349 0.000000 1.374551 19.448838 -0.000558 0.434157 -0.000379 
2219 11.899674 0.000000 0.851698 19.446860 0.020745 0.882766 -0.001738 
2220 11.899674 0.000000 0.677414 19.446246 0.000506 0.674944 -0.000818 
2221 12.086557 0.000000 0.851698 19.447302 0.020814 0.883315 -0.001786 
2222 11.806232 0.000000 1.113124 19.447706 0.000424 0.782776 -0.001384 
2223 11.712790 0.000000 1.113124 19.447607 0.000390 0.782353 -0.001372 
2224 11.806232 0.000000 1.025982 19.447342 0.001748 0.885908 -0.001801 
2225 11.899674 0.000000 1.113124 19.447812 0.000459 0.783158 -0.001396 
2226 11.759511 0.000000 1.243838 19.448226 -0.005475 0.587823 -0.000731 
2227 11.712790 0.000000 1.243838 19.448210 -0.005497 0.587620 -0.000729 
2228 11.759511 0.000000 1.200266 19.448038 -0.002240 0.652876 -0.000925 
2229 11.806232 0.000000 1.243838 19.448227 -0.005463 0.588018 -0.000732 
2230 11.759511 0.000000 1.287409 19.448401 0.005468 0.525480 -0.000566 
2231 11.619349 0.000000 1.113124 19.447185 0.007799 0.911389 -0.001906 
2232 11.619349 0.000000 1.025982 19.446484 -0.007175 1.048605 -0.002545 
2233 11.666069 0.000000 1.243838 19.448212 -0.005518 0.587394 -0.000728 
2234 11.619349 0.000000 1.243838 19.448180 -0.005557 0.587181 -0.000724 
2235 11.666069 0.000000 1.200266 19.448002 -0.002273 0.652442 -0.000920 
2236 11.666069 0.000000 1.287409 19.448413 0.005431 0.525068 -0.000566 
2237 11.806232 0.000000 1.461693 19.449021 -0.002250 0.357883 -0.000238 
2238 11.712790 0.000000 1.461693 19.449093 -0.002261 0.357542 -0.000245 
2239 11.899674 0.000000 1.461693 19.448975 -0.002220 0.358165 -0.000234 
2240 11.806232 0.000000 1.548835 19.449300 -0.003414 0.295863 -0.000159 
2241 11.759511 0.000000 1.330980 19.448574 0.001244 0.480080 -0.000463 
2242 11.712790 0.000000 1.330980 19.448587 0.001230 0.479894 -0.000463 
2243 11.806232 0.000000 1.330980 19.448566 0.001245 0.480274 -0.000462 
2244 11.759511 0.000000 1.374551 19.448738 -0.000513 0.434762 -0.000370 
2245 11.736151 0.000000 1.265623 19.448308 -0.006989 0.551602 -0.000630 
2246 11.712790 0.000000 1.265623 19.448307 -0.006995 0.551506 -0.000630 
2247 11.736151 0.000000 1.243838 19.448216 -0.005493 0.587720 -0.000730 
2248 11.759511 0.000000 1.265623 19.448315 -0.006972 0.551704 -0.000631 
2249 11.736151 0.000000 1.287409 19.448403 0.005463 0.525384 -0.000565 
2250 11.993115 0.000000 1.287409 19.448467 0.005507 0.526289 -0.000575 
2251 11.993115 0.000000 1.200266 19.448202 -0.002179 0.653728 -0.000945 
2252 12.086557 0.000000 1.287409 19.448280 0.008559 0.534415 -0.000578 
2253 11.993115 0.000000 1.374551 19.448719 -0.000476 0.435517 -0.000370 
2254 11.993115 0.000000 1.113124 19.447922 0.000478 0.783439 -0.001409 
2255 11.993115 0.000000 1.025982 19.447644 0.001820 0.886588 -0.001836 
2256 12.086557 0.000000 1.113124 19.448015 0.000535 0.783752 -0.001420 
2257 11.946394 0.000000 1.243838 19.448308 -0.005442 0.588500 -0.000742 
2258 11.899674 0.000000 1.243838 19.448279 -0.005438 0.588364 -0.000738 
2259 11.946394 0.000000 1.200266 19.448163 -0.002195 0.653571 -0.000940 
2260 11.993115 0.000000 1.243838 19.448335 -0.005428 0.588652 -0.000745 
2261 11.946394 0.000000 1.287409 19.448447 0.005496 0.526139 -0.000572 
2262 12.273440 0.000000 1.548835 19.449024 0.010210 0.302079 -0.000141 
2263 12.460324 0.000000 1.548835 19.448967 0.006472 0.305080 -0.000140 
2264 12.273440 0.000000 1.723119 19.449244 0.000738 0.211728 -0.000041 
2265 12.179999 0.000000 1.287409 19.448444 0.029090 0.537078 -0.000605 
2266 12.179999 0.000000 1.200266 19.448258 0.033693 0.656055 -0.000962 
2267 12.273440 0.000000 1.287409 19.448512 0.029102 0.537281 -0.000612 
2268 12.179999 0.000000 1.374551 19.448651 0.019332 0.444120 -0.000384 
2269 12.273440 0.000000 0.851698 19.447581 0.059706 0.913720 -0.001968 
2270 12.273440 0.000000 0.677414 19.447237 0.030585 0.713215 -0.001063 
2271 12.460324 0.000000 0.851698 19.447904 0.058516 0.913986 -0.002002 
2272 12.179999 0.000000 1.113124 19.447940 0.009530 0.794873 -0.001459 
2273 12.179999 0.000000 1.025982 19.447706 0.008722 0.902644 -0.001918 
2274 12.273440 0.000000 1.113124 19.448131 0.032190 0.800620 -0.001505 
2275 12.133278 0.000000 1.243838 19.448195 0.003132 0.600077 -0.000766 
2276 12.086557 0.000000 1.243838 19.448169 -0.001752 0.596897 -0.000754 
2277 12.133278 0.000000 1.200266 19.448078 0.003633 0.669638 -0.000988 
2278 12.179999 0.000000 1.243838 19.448339 0.020162 0.600743 -0.000784 
2279 12.133278 0.000000 1.287409 19.448260 0.018193 0.534643 -0.000578 
2280 12.366882 0.000000 1.287409 19.448560 0.029115 0.537460 -0.000618 
2281 12.366882 0.000000 1.200266 19.448396 0.025479 0.667671 -0.001015 
2282 12.460324 0.000000 1.287409 19.448633 0.029132 0.537614 -0.000626 
2283 12.366882 0.000000 1.374551 19.448734 0.019360 0.444480 -0.000393 
2284 12.226720 0.000000 1.243838 19.448375 0.020167 0.600852 -0.000788 
2285 12.226720 0.000000 1.200266 19.448277 0.025469 0.667386 -0.001002 
2286 12.273440 0.000000 1.243838 19.448420 0.020171 0.600948 -0.000793 
2287 12.226720 0.000000 1.287409 19.448478 0.029093 0.537183 -0.000609 
2288 12.179999 0.000000 1.461693 19.448842 0.014245 0.365298 -0.000234 
2289 12.086557 0.000000 1.461693 19.448831 0.022248 0.357203 -0.000218 
2290 12.273440 0.000000 1.461693 19.448849 0.014259 0.365483 -0.000235 
2291 12.179999 0.000000 1.548835 19.449029 0.010194 0.301908 -0.000141 
2292 12.133278 0.000000 1.330980 19.448372 0.013671 0.489191 -0.000466 
2293 12.086557 0.000000 1.330980 19.448402 0.009417 0.491725 -0.000475 
2294 12.179999 0.000000 1.330980 19.448545 0.022929 0.490497 -0.000488 
2295 12.133278 0.000000 1.374551 19.448629 0.019329 0.444013 -0.000381 
2296 12.156638 0.000000 1.265623 19.448235 0.005919 0.560909 -0.000650 
2297 12.133278 0.000000 1.265623 19.448207 0.005900 0.560857 -0.000647 
2298 12.156638 0.000000 1.243838 19.448184 0.007557 0.596987 -0.000755 
2299 12.179999 0.000000 1.265623 19.448392 0.017649 0.563947 -0.000676 
2300 12.156638 0.000000 1.287409 19.448448 0.037468 0.526794 -0.000578 
2301 12.834090 0.000000 2.071688 19.449529 -0.004187 0.110169 0.000016 
2302 13.207857 0.000000 2.071688 19.449568 0.011068 0.099888 0.000018 
2303 12.834090 0.000000 2.420257 19.449847 0.006581 0.056053 0.000007 
2304 12.647207 0.000000 1.548835 19.449009 0.006500 0.305341 -0.000145 
2305 12.834090 0.000000 1.548835 19.449043 0.006510 0.305576 -0.000149 
2306 12.647207 0.000000 1.723119 19.449200 0.000788 0.212248 -0.000037 
2307 12.553765 0.000000 1.287409 19.448692 0.029143 0.537759 -0.000632 
2308 12.553765 0.000000 1.200266 19.448559 0.025519 0.667966 -0.001033 
2309 12.647207 0.000000 1.287409 19.448608 0.027529 0.539951 -0.000630 
2310 12.553765 0.000000 1.374551 19.448665 0.017884 0.446697 -0.000391 
2311 12.647207 0.000000 0.851698 19.448183 0.058560 0.914233 -0.002032 
2312 12.647207 0.000000 0.677414 19.447976 0.029472 0.713042 -0.001138 
2313 12.834090 0.000000 0.851698 19.448393 0.058592 0.914458 -0.002054 
2314 12.553765 0.000000 1.113124 19.448429 0.032237 0.801098 -0.001538 
2315 12.460324 0.000000 1.113124 19.448329 0.032222 0.800961 -0.001527 
2316 12.553765 0.000000 1.025982 19.448296 0.037132 0.908323 -0.002009 
2317 12.647207 0.000000 1.113124 19.448514 0.032256 0.801241 -0.001547 
2318 13.020974 0.000000 1.200266 19.448833 0.021231 0.672049 -0.001075 
2319 13.020974 0.000000 1.025982 19.448691 0.032462 0.912949 -0.002071 
2320 13.207857 0.000000 1.200266 19.448953 0.021255 0.672190 -0.001088 
2321 13.020974 0.000000 1.374551 19.448978 0.015409 0.448395 -0.000427 
2322 12.740649 0.000000 1.287409 19.448730 0.024995 0.541332 -0.000646 
2323 12.740649 0.000000 1.200266 19.448556 0.023779 0.670446 -0.001041 
2324 12.834090 0.000000 1.287409 19.448782 0.025002 0.541450 -0.000651 
2325 12.740649 0.000000 1.374551 19.448830 0.015386 0.448133 -0.000411 
2326 12.600486 0.000000 1.243838 19.448654 0.020233 0.601505 -0.000819 
2327 12.553765 0.000000 1.243838 19.448627 0.020215 0.601431 -0.000816 
2328 12.600486 0.000000 1.200266 19.448592 0.025536 0.668043 -0.001037 
2329 12.647207 0.000000 1.243838 19.448550 0.018535 0.603704 -0.000815 
2330 12.600486 0.000000 1.287409 19.448574 0.027529 0.539881 -0.000626 
2331 12.507045 0.000000 1.243838 19.448595 0.020204 0.601350 -0.000812 
2332 12.460324 0.000000 1.243838 19.448556 0.020201 0.601285 -0.000808 
2333 12.507045 0.000000 1.200266 19.448527 0.025506 0.667889 -0.001029 
2334 12.507045 0.000000 1.287409 19.448660 0.029139 0.537682 -0.000629 
2335 12.553765 0.000000 1.461693 19.448866 0.010415 0.368828 -0.000243 
2336 12.460324 0.000000 1.461693 19.448756 0.012880 0.367566 -0.000230 
2337 12.647207 0.000000 1.461693 19.448902 0.010426 0.368951 -0.000247 
2338 12.553765 0.000000 1.548835 19.448988 0.006487 0.305222 -0.000142 
2339 12.600486 0.000000 1.330980 19.448631 0.021430 0.493220 -0.000503 
2340 12.553765 0.000000 1.330980 19.448601 0.021423 0.493152 -0.000500 
2341 12.647207 0.000000 1.330980 19.448741 0.018895 0.494502 -0.000518 
2342 12.600486 0.000000 1.374551 19.448693 0.017888 0.446765 -0.000394 
2343 12.577126 0.000000 1.265623 19.448667 0.017714 0.564672 -0.000707 
2344 12.553765 0.000000 1.265623 19.448660 0.017703 0.564631 -0.000706 
2345 12.577126 0.000000 1.243838 19.448635 0.020227 0.601472 -0.000817 
2346 12.600486 0.000000 1.265623 19.448544 0.016057 0.566792 -0.000700 
2347 12.577126 0.000000 1.287409 19.448557 0.027529 0.539850 -0.000624 
2348 12.740649 0.000000 1.113124 19.448455 0.030337 0.803753 -0.001551 
2349 12.740649 0.000000 1.025982 19.448481 0.037165 0.908589 -0.002030 
2350 12.834090 0.000000 1.113124 19.448604 0.027751 0.805302 -0.001573 
2351 13.020974 0.000000 1.548835 19.449125 0.006526 0.305719 -0.000157 
2352 13.207857 0.000000 1.548835 19.449180 0.026847 0.283070 -0.000129 
2353 13.020974 0.000000 1.723119 19.449262 0.000814 0.212591 -0.000044 
2354 12.927532 0.000000 1.287409 19.448844 0.025014 0.541532 -0.000658 
2355 12.927532 0.000000 1.200266 19.448763 0.021226 0.671990 -0.001068 
2356 13.020974 0.000000 1.287409 19.448905 0.025019 0.541596 -0.000664 
2357 12.927532 0.000000 1.374551 19.448924 0.015405 0.448330 -0.000421 
2358 12.787370 0.000000 1.243838 19.448709 0.015994 0.605180 -0.000836 
2359 12.740649 0.000000 1.243838 19.448680 0.015987 0.605124 -0.000833 
2360 12.787370 0.000000 1.200266 19.448664 0.021211 0.671843 -0.001057 
2361 12.834090 0.000000 1.243838 19.448736 0.015996 0.605242 -0.000839 
2362 12.787370 0.000000 1.287409 19.448753 0.024993 0.541392 -0.000648 
2363 13.020974 0.000000 0.851698 19.448562 0.053392 0.919365 -0.002094 
2364 13.020974 0.000000 0.677414 19.448383 0.026207 0.716865 -0.001194 
2365 13.207857 0.000000 0.851698 19.448733 0.053414 0.919485 -0.002112 
2366 12.927532 0.000000 1.113124 19.448684 0.027762 0.805386 -0.001581 
2367 12.927532 0.000000 1.025982 19.448607 0.032457 0.912892 -0.002063 
2368 13.020974 0.000000 1.113124 19.448760 0.027768 0.805446 -0.001589 
2369 13.114416 0.000000 1.287409 19.448960 0.025028 0.541671 -0.000670 
2370 13.114416 0.000000 1.200266 19.448891 0.021237 0.672124 -0.001081 
2371 13.207857 0.000000 1.287409 19.449004 0.025043 0.541741 -0.000675 
2372 13.114416 0.000000 1.374551 19.449026 0.015420 0.448470 -0.000432 
2373 12.974253 0.000000 1.243838 19.448838 0.016003 0.605355 -0.000850 
2374 12.927532 0.000000 1.243838 19.448803 0.016008 0.605326 -0.000846 
2375 12.974253 0.000000 1.200266 19.448800 0.021223 0.672017 -0.001072 
2376 13.020974 0.000000 1.243838 19.448869 0.016011 0.605388 -0.000853 
2377 12.974253 0.000000 1.287409 19.448876 0.025011 0.541563 -0.000661 
2378 13.114416 0.000000 1.113124 19.448828 0.027775 0.805517 -0.001597 
2379 13.114416 0.000000 1.025982 19.448767 0.032471 0.913018 -0.002079 
2380 13.207857 0.000000 1.113124 19.448895 0.027791 0.805580 -0.001604 
2381 13.067695 0.000000 1.243838 19.448897 0.016013 0.605429 -0.000856 
2382 13.067695 0.000000 1.200266 19.448864 0.021232 0.672085 -0.001078 
2383 13.114416 0.000000 1.243838 19.448927 0.016021 0.605462 -0.000859 
2384 13.067695 0.000000 1.287409 19.448931 0.025021 0.541638 -0.000667 
2385 12.927532 0.000000 1.461693 19.449009 0.010451 0.369267 -0.000259 
2386 12.834090 0.000000 1.461693 19.448957 0.010437 0.369192 -0.000253 
2387 13.020974 0.000000 1.461693 19.449053 0.010456 0.369337 -0.000264 
2388 12.927532 0.000000 1.548835 19.449088 0.006524 0.305649 -0.000153 
2389 12.974253 0.000000 1.330980 19.448914 0.018926 0.494858 -0.000537 
2390 12.927532 0.000000 1.330980 19.448884 0.018929 0.494826 -0.000533 
2391 13.020974 0.000000 1.330980 19.448941 0.018933 0.494891 -0.000540 
2392 12.974253 0.000000 1.374551 19.448954 0.015402 0.448361 -0.000424 
2393 12.997613 0.000000 1.265623 19.448873 0.013534 0.568514 -0.000739 
2394 12.974253 0.000000 1.265623 19.448857 0.013531 0.568495 -0.000737 
2395 12.997613 0.000000 1.243838 19.448852 0.016007 0.605376 -0.000851 
2396 13.020974 0.000000 1.265623 19.448887 0.013539 0.568528 -0.000740 
2397 12.997613 0.000000 1.287409 19.448891 0.025014 0.541581 -0.000663 
2398 0.511468 0.000000 0.862591 17.853753 0.006650 3.488727 0.125230 
2399 0.511468 0.000000 0.851698 18.862577 -0.001932 3.492172 0.027254 
2400 0.511468 0.000000 0.873483 17.827737 0.006483 3.511782 0.127257 
2401 0.616590 0.000000 0.873483 18.456695 0.008581 2.412120 0.084151 
2402 0.639950 0.000000 0.873483 19.021978 -0.046793 2.092419 0.031949 
2403 0.616590 0.000000 0.895269 18.456390 0.008556 2.425611 0.084008 
2404 0.663311 0.000000 0.873483 19.073265 -0.016006 1.950893 0.028302 
2405 0.686671 0.000000 0.873483 19.119363 -0.005488 1.842511 0.024736 
2406 0.663311 0.000000 0.895269 18.643892 0.008489 2.072561 0.069818 
2407 0.616590 0.000000 0.917054 18.470409 0.008319 2.385262 0.083153 
2408 0.593230 0.000000 0.917054 18.404225 0.008180 2.513503 0.087943 
2409 0.639950 0.000000 0.917054 18.560856 0.008432 2.234265 0.076143 
2410 0.616590 0.000000 0.938840 18.363939 0.008060 2.506521 0.091952 
2411 0.628270 0.000000 0.884376 18.551661 0.008568 2.238360 0.076997 
2412 0.616590 0.000000 0.884376 18.454194 0.008499 2.425293 0.084226 
2413 0.628270 0.000000 0.873483 18.456695 0.008581 2.412120 0.084151 
2414 0.639950 0.000000 0.884376 18.551661 0.008568 2.238360 0.076997 
2415 0.628270 0.000000 0.895269 18.549099 0.008490 2.250946 0.077099 
2416 0.710032 0.000000 0.873483 19.170418 0.000161 1.708404 0.020827 
2417 0.710032 0.000000 0.851698 19.258180 0.013684 1.723274 0.011777 
2418 0.710032 0.000000 0.895269 18.860605 0.010579 1.855086 0.050591 
2419 0.733392 0.000000 0.982411 18.794937 0.010686 2.079565 0.054793 
2420 0.780113 0.000000 0.982411 18.927382 0.010647 1.893867 0.043536 
2421 0.710032 0.000000 0.917054 18.804920 0.009999 1.916324 0.055525 
2422 0.686671 0.000000 0.917054 18.804436 0.009978 1.919341 0.055542 
2423 0.733392 0.000000 0.917054 18.969251 0.011515 1.743769 0.040785 
2424 0.710032 0.000000 0.938840 18.836944 0.010342 1.905682 0.052446 
2425 0.721712 0.000000 0.884376 18.971011 0.011694 1.737986 0.040662 
2426 0.710032 0.000000 0.884376 18.971011 0.011694 1.737986 0.040662 
2427 0.721712 0.000000 0.873483 19.193791 0.001996 1.657342 0.018911 
2428 0.733392 0.000000 0.884376 18.971011 0.011694 1.737986 0.040662 
2429 0.721712 0.000000 0.895269 18.969073 0.011615 1.750388 0.040742 
2430 4.704664 0.000000 1.113124 19.443553 0.011709 0.542682 -0.000116 
2431 4.611222 0.000000 1.113124 19.443485 0.009846 0.543096 -0.000110 
2432 4.798105 0.000000 1.113124 19.443835 0.013490 0.542480 -0.000145 
2433 4.704664 0.000000 1.200266 19.440852 0.019115 0.529992 0.000197 
2434 4.751385 0.000000 0.982411 19.440504 -0.018298 0.594147 0.000042 
2435 4.704664 0.000000 0.982411 19.440634 -0.017628 0.590838 0.000039 
2436 4.751385 0.000000 0.938840 19.437079 -0.029831 0.683917 0.000089 
2437 4.798105 0.000000 0.982411 19.440488 -0.018896 0.597363 0.000034 
2438 4.751385 0.000000 1.025982 19.442514 -0.001450 0.560834 -0.000062 
2439 4.891547 0.000000 1.113124 19.443832 0.015203 0.542452 -0.000144 
2440 4.984989 0.000000 1.113124 19.443814 0.016717 0.542773 -0.000143 
2441 4.891547 0.000000 1.200266 19.441237 0.023945 0.528130 0.000162 
2442 4.844826 0.000000 0.982411 19.440430 -0.019439 0.600671 0.000029 
2443 4.844826 0.000000 0.938840 19.437068 -0.033217 0.689708 0.000069 
2444 4.891547 0.000000 0.982411 19.440304 -0.019833 0.604035 0.000031 
2445 4.844826 0.000000 1.025982 19.442440 -0.001130 0.563762 -0.000063 
2446 5.732522 0.000000 -3.156842 19.447057 -0.004970 -0.030096 0.000300 
2447 5.732522 0.000000 -4.551116 19.449293 -0.000421 -0.007427 0.000073 
2448 7.227589 0.000000 -3.156842 19.450075 -0.004883 -0.032372 -0.000011 
2449 4.984989 0.000000 -1.065430 19.443291 0.010027 -0.554573 -0.000123 
2450 4.984989 0.000000 -1.762567 19.444965 0.007977 -0.270829 0.000324 
2451 5.732522 0.000000 -1.065430 19.449608 0.018271 -0.576435 -0.000839 
2452 4.611222 0.000000 -0.019724 19.416559 -0.017685 -0.023796 0.003433 
2453 4.611222 0.000000 -0.368292 19.423291 -0.023462 -0.440659 0.002230 
2454 4.984989 0.000000 -0.019724 19.413592 -0.019815 -0.016163 0.003739 
2455 4.798105 0.000000 0.503129 19.423752 0.022790 0.626923 0.001657 
2456 4.611222 0.000000 0.503129 19.424445 -0.017647 0.644771 0.001526 
2457 4.798105 0.000000 0.328845 19.422359 -0.024687 0.389627 0.002437 
2458 4.984989 0.000000 0.503129 19.424131 0.022388 0.630125 0.001607 
2459 4.891547 0.000000 0.764556 19.429671 -0.011096 0.832726 0.000256 
2460 4.798105 0.000000 0.764556 19.429560 -0.009211 0.830247 0.000278 
2461 4.891547 0.000000 0.677414 19.427574 -0.012692 0.806211 0.000586 
2462 4.984989 0.000000 0.764556 19.429956 -0.013011 0.835092 0.000216 
2463 4.844826 0.000000 0.895269 19.434349 -0.016041 0.758832 0.000086 
2464 4.798105 0.000000 0.895269 19.434337 -0.015447 0.756161 0.000098 
2465 4.844826 0.000000 0.851698 19.432230 -0.010818 0.809082 0.000096 
2466 4.891547 0.000000 0.895269 19.434354 -0.016534 0.761565 0.000074 
2467 5.078431 0.000000 0.938840 19.437455 -0.034250 0.702658 -0.000019 
2468 5.078431 0.000000 0.851698 19.432651 -0.014313 0.818426 0.000012 
2469 5.078431 0.000000 1.025982 19.442641 0.000121 0.571888 -0.000108 
2470 4.938268 0.000000 0.982411 19.440102 -0.020094 0.607385 0.000041 
2471 4.938268 0.000000 0.938840 19.436948 -0.034490 0.694793 0.000062 
2472 4.984989 0.000000 0.982411 19.439980 -0.020270 0.610706 0.000043 
2473 4.938268 0.000000 1.025982 19.442322 -0.000716 0.566899 -0.000060 
2474 4.868187 0.000000 0.960626 19.438677 -0.037966 0.651759 0.000037 
2475 4.844826 0.000000 0.960626 19.438782 -0.037832 0.650618 0.000030 
2476 4.868187 0.000000 0.938840 19.437053 -0.033669 0.690980 0.000066 
2477 4.891547 0.000000 0.960626 19.438720 -0.038057 0.652855 0.000029 
2478 4.868187 0.000000 0.982411 19.440399 -0.019671 0.602325 0.000027 
2479 4.938268 0.000000 0.895269 19.434244 -0.016974 0.764272 0.000075 
2480 4.938268 0.000000 0.851698 19.432196 -0.012225 0.812933 0.000083 
2481 4.984989 0.000000 0.895269 19.434439 -0.017388 0.766757 0.000045 
2482 5.078431 0.000000 1.113124 19.442342 0.018601 0.543085 0.000007 
2483 5.171872 0.000000 1.113124 19.443003 0.019537 0.543699 -0.000063 
2484 5.078431 0.000000 1.200266 19.441778 0.027743 0.526433 0.000111 
2485 5.031710 0.000000 0.982411 19.440369 -0.020461 0.613895 -0.000007 
2486 5.031710 0.000000 0.938840 19.437421 -0.034558 0.699840 -0.000005 
2487 5.078431 0.000000 0.982411 19.440500 -0.020452 0.617215 -0.000031 
2488 5.031710 0.000000 1.025982 19.442326 -0.000110 0.570200 -0.000071 
2489 4.961628 0.000000 0.960626 19.438546 -0.037969 0.656547 0.000034 
2490 4.938268 0.000000 0.960626 19.438556 -0.038038 0.655261 0.000038 
2491 4.961628 0.000000 0.938840 19.436974 -0.034587 0.696076 0.000055 
2492 4.984989 0.000000 0.960626 19.438519 -0.037846 0.657819 0.000033 
2493 4.961628 0.000000 0.982411 19.440084 -0.020196 0.609052 0.000038 
2494 5.358756 0.000000 -0.019724 19.416146 -0.020957 -0.023304 0.003476 
2495 5.358756 0.000000 -0.368292 19.426530 -0.022231 -0.445632 0.001886 
2496 5.732522 0.000000 -0.019724 19.421582 -0.017497 -0.023844 0.002918 
2497 5.171872 0.000000 0.503129 19.425640 0.021588 0.633747 0.001440 
2498 5.171872 0.000000 0.328845 19.423541 -0.022932 0.391140 0.002313 
2499 5.358756 0.000000 0.503129 19.428369 -0.021143 0.620967 0.001203 
2500 5.078431 0.000000 0.764556 19.430244 -0.014838 0.837424 0.000176 
2501 5.078431 0.000000 0.677414 19.428326 -0.016162 0.810559 0.000490 
2502 5.171872 0.000000 0.764556 19.430575 -0.016536 0.839669 0.000132 
2503 5.031710 0.000000 0.895269 19.434683 -0.017778 0.769282 0.000009 
2504 5.031710 0.000000 0.851698 19.432642 -0.013697 0.816570 0.000021 
2505 5.078431 0.000000 0.895269 19.434663 -0.018054 0.771904 0.000001 
2506 5.125151 0.000000 0.982411 19.440625 -0.020458 0.620698 -0.000056 
2507 5.125151 0.000000 0.938840 19.437503 -0.033868 0.705613 -0.000035 
2508 5.171872 0.000000 0.982411 19.440731 -0.020412 0.624282 -0.000078 
2509 5.125151 0.000000 1.025982 19.442820 0.000496 0.573647 -0.000132 
2510 5.055070 0.000000 0.960626 19.439055 -0.037336 0.661684 -0.000036 
2511 5.031710 0.000000 0.960626 19.438876 -0.037576 0.660368 -0.000013 
2512 5.055070 0.000000 0.938840 19.437494 -0.034432 0.701230 -0.000017 
2513 5.078431 0.000000 0.960626 19.438974 -0.037096 0.663153 -0.000033 
2514 5.055070 0.000000 0.982411 19.440419 -0.020465 0.615586 -0.000018 
2515 5.265314 0.000000 1.113124 19.444037 0.020503 0.544368 -0.000171 
2516 5.358756 0.000000 1.113124 19.446737 0.020930 0.544652 -0.000450 
2517 5.265314 0.000000 1.200266 19.443427 0.030491 0.524103 -0.000053 
2518 5.218593 0.000000 0.982411 19.441007 -0.020301 0.628000 -0.000119 
2519 5.218593 0.000000 0.938840 19.437848 -0.032722 0.711740 -0.000093 
2520 5.265314 0.000000 0.982411 19.441255 -0.020111 0.631804 -0.000157 
2521 5.218593 0.000000 1.025982 19.443433 0.001291 0.577228 -0.000206 
2522 5.452197 0.000000 1.113124 19.447700 0.022159 0.545552 -0.000552 
2523 5.545639 0.000000 1.113124 19.448827 0.023326 0.546610 -0.000671 
2524 5.452197 0.000000 1.200266 19.445468 0.029408 0.519936 -0.000251 
2525 5.405476 0.000000 0.982411 19.442017 -0.019138 0.643656 -0.000275 
2526 5.358756 0.000000 0.982411 19.441813 -0.019542 0.639579 -0.000241 
2527 5.405476 0.000000 0.938840 19.438822 -0.028797 0.724777 -0.000242 
2528 5.452197 0.000000 0.982411 19.442339 -0.018602 0.647696 -0.000322 
2529 5.405476 0.000000 1.025982 19.444695 0.003469 0.585163 -0.000360 
2530 5.312035 0.000000 0.982411 19.441538 -0.019858 0.635679 -0.000199 
2531 5.312035 0.000000 0.938840 19.438261 -0.031025 0.718183 -0.000159 
2532 5.312035 0.000000 1.025982 19.444061 0.002278 0.581175 -0.000282 
2533 5.545639 0.000000 0.503129 19.431931 -0.024736 0.623686 0.000827 
2534 5.545639 0.000000 0.328845 19.429595 -0.023321 0.394283 0.001685 
2535 5.732522 0.000000 0.503129 19.435517 -0.030600 0.626238 0.000450 
2536 5.452197 0.000000 0.764556 19.432244 -0.020702 0.845517 -0.000066 
2537 5.358756 0.000000 0.764556 19.431459 -0.019492 0.843674 0.000023 
2538 5.452197 0.000000 0.677414 19.431070 -0.023655 0.817355 0.000178 
2539 5.545639 0.000000 0.764556 19.433557 -0.021529 0.847083 -0.000208 
2540 5.405476 0.000000 0.895269 19.436033 -0.017239 0.790133 -0.000215 
2541 5.358756 0.000000 0.895269 19.435673 -0.017762 0.787550 -0.000168 
2542 5.405476 0.000000 0.851698 19.434231 -0.026866 0.824599 -0.000179 
2543 5.452197 0.000000 0.895269 19.436303 -0.016617 0.792717 -0.000254 
2544 5.382116 0.000000 0.960626 19.440264 -0.031892 0.685316 -0.000243 
2545 5.358756 0.000000 0.960626 19.440166 -0.032457 0.683446 -0.000227 
2546 5.382116 0.000000 0.938840 19.438659 -0.029413 0.723106 -0.000219 
2547 5.405476 0.000000 0.960626 19.440375 -0.031285 0.687186 -0.000261 
2548 5.382116 0.000000 0.982411 19.441917 -0.019345 0.641604 -0.000258 
2549 5.498918 0.000000 0.982411 19.442813 -0.017902 0.651793 -0.000385 
2550 5.498918 0.000000 0.938840 19.439672 -0.026021 0.731313 -0.000354 
2551 5.545639 0.000000 0.982411 19.443232 -0.017048 0.655821 -0.000442 
2552 5.498918 0.000000 1.025982 19.445608 0.004960 0.589602 -0.000467 
2553 5.498918 0.000000 0.895269 19.436974 -0.015819 0.795186 -0.000333 
2554 5.498918 0.000000 0.851698 19.435188 -0.026383 0.828042 -0.000292 
2555 5.545639 0.000000 0.895269 19.437461 -0.014964 0.797632 -0.000393 
2556 5.475558 0.000000 0.960626 19.440963 -0.029313 0.692803 -0.000342 
2557 5.452197 0.000000 0.960626 19.440714 -0.030014 0.690913 -0.000310 
2558 5.475558 0.000000 0.938840 19.439406 -0.026752 0.729672 -0.000320 
2559 5.498918 0.000000 0.960626 19.441192 -0.028582 0.694713 -0.000372 
2560 5.475558 0.000000 0.982411 19.442598 -0.018252 0.649740 -0.000356 
2561 5.639081 0.000000 1.113124 19.449841 0.024212 0.547757 -0.000778 
2562 5.732522 0.000000 1.113124 19.450820 0.024508 0.548916 -0.000882 
2563 5.639081 0.000000 1.200266 19.447906 0.031080 0.517194 -0.000494 
2564 5.592360 0.000000 0.982411 19.443626 -0.016053 0.659726 -0.000496 
2565 5.592360 0.000000 0.938840 19.440577 -0.022924 0.737609 -0.000471 
2566 5.639081 0.000000 0.982411 19.444082 -0.015091 0.663553 -0.000556 
2567 5.592360 0.000000 1.025982 19.446452 0.006804 0.594335 -0.000569 
2568 5.825964 0.000000 0.938840 19.442191 -0.016133 0.752468 -0.000695 
2569 5.825964 0.000000 0.851698 19.438106 -0.024028 0.838995 -0.000640 
2570 5.825964 0.000000 1.025982 19.448137 0.010533 0.606677 -0.000782 
2571 5.685802 0.000000 0.982411 19.444540 -0.014072 0.667247 -0.000616 
2572 5.685802 0.000000 0.938840 19.441631 -0.019813 0.743529 -0.000602 
2573 5.732522 0.000000 0.982411 19.444819 -0.013255 0.671089 -0.000658 
2574 5.685802 0.000000 1.025982 19.447420 0.008676 0.599118 -0.000684 
2575 5.825964 0.000000 1.113124 19.451250 0.024212 0.550476 -0.000931 
2576 5.919406 0.000000 1.113124 19.451435 0.023359 0.552213 -0.000955 
2577 5.825964 0.000000 1.200266 19.449720 0.030411 0.514643 -0.000674 
2578 5.779243 0.000000 0.982411 19.445066 -0.012534 0.674899 -0.000697 
2579 5.779243 0.000000 0.938840 19.442133 -0.017185 0.749499 -0.000677 
2580 5.825964 0.000000 0.982411 19.445210 -0.012032 0.678716 -0.000726 
2581 5.779243 0.000000 1.025982 19.447987 0.010085 0.604207 -0.000758 
2582 6.012847 0.000000 1.113124 19.451102 0.022055 0.554359 -0.000927 
2583 6.106289 0.000000 1.113124 19.450265 0.020416 0.556967 -0.000848 
2584 6.012847 0.000000 1.200266 19.450406 0.027738 0.512823 -0.000739 
2585 6.059568 0.000000 0.982411 19.443269 -0.012407 0.698860 -0.000599 
2586 6.012847 0.000000 0.982411 19.443960 -0.012048 0.694728 -0.000655 
2587 6.059568 0.000000 0.938840 19.439671 -0.012184 0.768520 -0.000500 
2588 6.106289 0.000000 0.982411 19.442384 -0.012965 0.703025 -0.000524 
2589 6.059568 0.000000 1.025982 19.446859 0.010365 0.619600 -0.000692 
2590 6.199731 0.000000 1.113124 19.449223 0.018521 0.560010 -0.000750 
2591 6.293172 0.000000 1.113124 19.447907 0.016307 0.563756 -0.000626 
2592 6.199731 0.000000 1.200266 19.449742 0.024220 0.512958 -0.000671 
2593 6.153010 0.000000 0.982411 19.441392 -0.013518 0.707267 -0.000438 
2594 6.153010 0.000000 0.938840 19.437424 -0.010900 0.776047 -0.000300 
2595 6.199731 0.000000 0.982411 19.440322 -0.014064 0.711443 -0.000344 
2596 6.153010 0.000000 1.025982 19.445477 0.009242 0.625412 -0.000569 
2597 6.386614 0.000000 0.938840 19.431190 -0.008929 0.797777 0.000251 
2598 6.386614 0.000000 0.851698 19.423806 -0.018674 0.867562 0.000701 
2599 6.386614 0.000000 1.025982 19.440901 0.003826 0.643194 -0.000158 
2600 6.246452 0.000000 0.982411 19.439251 -0.014539 0.715624 -0.000249 
2601 6.246452 0.000000 0.938840 19.434974 -0.009814 0.784273 -0.000082 
2602 6.293172 0.000000 0.982411 19.438237 -0.014581 0.719942 -0.000162 
2603 6.246452 0.000000 1.025982 19.443798 0.007456 0.631929 -0.000418 
2604 6.386614 0.000000 1.113124 19.446169 0.013566 0.567912 -0.000459 
2605 6.386614 0.000000 1.200266 19.447703 0.019850 0.515009 -0.000466 
2606 6.339893 0.000000 0.982411 19.437026 -0.014484 0.724162 -0.000053 
2607 6.339893 0.000000 0.938840 19.432501 -0.009004 0.793195 0.000135 
2608 6.386614 0.000000 0.982411 19.435820 -0.014008 0.728647 0.000054 
2609 6.339893 0.000000 1.025982 19.441952 0.005201 0.639262 -0.000253 
2610 6.760381 0.000000 1.113124 19.442417 -0.001355 0.589898 -0.000140 
2611 6.853823 0.000000 1.113124 19.442749 -0.005111 0.595770 -0.000193 
2612 6.760381 0.000000 1.200266 19.445781 0.008173 0.525790 -0.000297 
2613 6.713660 0.000000 0.982411 19.429935 -0.047115 0.754562 0.000551 
2614 6.713660 0.000000 0.938840 19.424752 -0.015661 0.832026 0.000764 
2615 6.760381 0.000000 0.982411 19.429809 -0.037457 0.763696 0.000530 
2616 6.713660 0.000000 1.025982 19.435874 -0.007492 0.676371 0.000243 
2617 6.713660 0.000000 1.069553 19.439531 -0.001955 0.626188 0.000040 
2618 6.666939 0.000000 1.069553 19.439726 0.000265 0.623070 0.000030 
2619 6.760381 0.000000 1.069553 19.439572 -0.004215 0.629368 0.000025 
2620 6.713660 0.000000 1.113124 19.442402 0.000797 0.586899 -0.000129 
2621 6.690300 0.000000 1.004197 19.432302 -0.001925 0.741182 0.000367 
2622 6.666939 0.000000 1.004197 19.432691 0.000358 0.733028 0.000359 
2623 6.690300 0.000000 0.982411 19.430067 -0.062752 0.747288 0.000562 
2624 6.713660 0.000000 1.004197 19.431867 -0.006568 0.749798 0.000377 
2625 6.690300 0.000000 1.025982 19.435992 -0.006774 0.673744 0.000240 
2626 6.807102 0.000000 0.982411 19.429860 -0.034223 0.771123 0.000495 
2627 6.807102 0.000000 0.938840 19.424626 -0.019635 0.842241 0.000731 
2628 6.853823 0.000000 0.982411 19.429979 -0.033231 0.777879 0.000455 
2629 6.807102 0.000000 1.025982 19.435895 -0.009740 0.687421 0.000200 
2630 6.947264 0.000000 1.113124 19.443513 -0.008772 0.601446 -0.000289 
2631 6.947264 0.000000 1.200266 19.447639 0.002706 0.530911 -0.000502 
2632 6.900543 0.000000 0.982411 19.430256 -0.033160 0.784351 0.000400 
2633 6.900543 0.000000 0.938840 19.425216 -0.023753 0.852262 0.000625 
2634 6.947264 0.000000 0.982411 19.430649 -0.033530 0.790555 0.000334 
2635 6.900543 0.000000 1.025982 19.436272 -0.010759 0.699304 0.000118 
2636 6.993985 0.000000 0.982411 19.431252 -0.034227 0.796571 0.000247 
2637 6.993985 0.000000 0.938840 19.426413 -0.027658 0.861858 0.000458 
2638 6.993985 0.000000 1.025982 19.437114 -0.009075 0.711592 -0.000014 
2639 6.900543 0.000000 1.069553 19.440404 -0.010335 0.638760 -0.000092 
2640 6.853823 0.000000 1.069553 19.440015 -0.008530 0.635684 -0.000042 
2641 6.947264 0.000000 1.069553 19.440849 -0.012167 0.641905 -0.000149 
2642 6.900543 0.000000 1.113124 19.443087 -0.007000 0.598646 -0.000237 
2643 6.923904 0.000000 1.004197 19.433165 -0.036406 0.748249 0.000247 
2644 6.900543 0.000000 1.004197 19.432940 -0.038026 0.747169 0.000274 
2645 6.923904 0.000000 0.982411 19.430415 -0.033322 0.787482 0.000371 
2646 6.947264 0.000000 1.004197 19.433454 -0.035107 0.749813 0.000211 
2647 6.923904 0.000000 1.025982 19.436395 -0.010660 0.702344 0.000094 
2648 -7.723080 0.000000 -7.339665 19.449871 -0.000027 0.000083 0.000013 
2649 -10.713214 0.000000 -7.339665 19.449972 0.000001 0.000056 0.000003 
2650 -7.723080 0.000000 -10.128214 19.449896 -0.000005 0.000023 0.000011 
2651 10.217723 0.000000 -7.339665 19.450107 0.000071 -0.002563 -0.000011 
2652 10.217723 0.000000 -10.128214 19.449888 0.000387 -0.001404 0.000012 
2653 13.207857 0.000000 -7.339665 19.450074 -0.000094 -0.002425 -0.000008 
2654 -7.723080 0.000000 9.391630 19.449880 -0.000018 -0.000031 0.000012 
2655 -10.713214 0.000000 9.391630 19.449949 0.000001 -0.000037 0.000005 
2656 -7.723080 0.000000 12.180179 19.449905 -0.000003 0.000001 0.000010 
2657 -3.237879 0.000000 -3.156842 19.448526 -0.000354 0.002131 0.000152 
2658 -4.732946 0.000000 -3.156842 19.449751 0.000286 0.001400 0.000026 
2659 -3.237879 0.000000 -4.551116 19.448500 0.000599 0.001117 0.000154 
2660 -3.237879 0.000000 5.208806 19.448718 0.000615 -0.000737 0.000132 
2661 -4.732946 0.000000 5.208806 19.449449 0.000064 -0.000227 0.000057 
2662 -3.237879 0.000000 6.603080 19.449149 0.000074 0.000227 0.000087 
2663 -0.995279 0.000000 -1.065430 19.451098 -0.000252 0.050447 -0.000120 
2664 -1.742813 0.000000 -1.065430 19.455812 -0.000892 0.016630 -0.000598 
2665 -0.995279 0.000000 -1.762567 19.423039 -0.001171 0.021559 0.002769 
2666 5.732522 0.000000 5.208806 19.449764 0.011126 0.004554 0.000024 
2667 5.732522 0.000000 6.603080 19.450415 0.002265 0.002150 -0.000043 
2668 -0.995279 0.000000 3.117394 19.437569 -0.000981 0.001066 0.001278 
2669 -1.742813 0.000000 3.117394 19.443217 -0.000243 -0.002233 0.000697 
2670 -0.995279 0.000000 3.814531 19.442890 -0.000340 0.001226 0.000731 
2671 -0.621512 0.000000 -0.019724 19.586378 -0.001410 0.003353 -0.014073 
2672 -0.995279 0.000000 -0.019724 19.519618 -0.000505 0.001805 -0.007172 
2673 -0.621512 0.000000 -0.368292 19.568924 -0.000599 0.050928 -0.012273 
2674 3.489922 0.000000 3.117394 19.447348 -0.005525 0.023061 0.000271 
2675 4.237455 0.000000 3.117394 19.446046 -0.005505 0.026075 0.000405 
2676 3.489922 0.000000 3.814531 19.447797 0.001692 0.010300 0.000226 
2677 -0.621512 0.000000 2.071688 19.406151 -0.001284 -0.004025 0.004504 
2678 -0.995279 0.000000 2.071688 19.424440 -0.001144 -0.011269 0.002626 
2679 -0.621512 0.000000 2.420257 19.419201 -0.001251 0.003365 0.003164 
2680 -0.060862 0.000000 1.548835 19.237421 0.000498 0.051167 0.021733 
2681 -0.247746 0.000000 1.548835 19.309163 0.000127 -0.000007 0.014430 
2682 -0.060862 0.000000 1.723119 19.300456 0.000253 0.058874 0.015309 
2683 0.780113 0.000000 0.590271 19.809757 -0.006075 1.111118 -0.040599 
2684 0.780113 0.000000 0.503129 19.849082 -0.031119 0.886030 -0.043535 
2685 0.873555 0.000000 0.590271 19.783776 -0.003608 1.061101 -0.037592 
2686 0.219463 0.000000 1.287409 18.741315 0.003233 0.405959 0.071109 
2687 0.126021 0.000000 1.287409 18.836683 0.002340 0.180006 0.061986 
2688 0.219463 0.000000 1.374551 18.944517 0.002462 0.334231 0.051007 
2689 0.464747 0.000000 0.819020 19.579044 0.007657 4.621074 -0.069761 
2690 0.464747 0.000000 0.829912 19.349827 0.008280 4.812871 -0.050957 
2691 0.488108 0.000000 0.840805 18.867817 0.009266 5.298832 -0.015252 
2692 0.476428 0.000000 0.840805 18.929197 0.009269 5.202196 -0.018702 
2693 0.499788 0.000000 0.840805 19.975038 0.002941 5.094969 -0.123336 
2694 0.464747 0.000000 0.840805 19.186258 0.008687 4.959898 -0.038093 
2695 0.464747 0.000000 0.851698 18.162115 0.012310 5.501759 0.048032 
2696 0.418026 0.000000 0.819020 20.610825 0.007800 3.921018 -0.163568 
2697 0.406346 0.000000 0.819020 21.253508 0.007283 3.566329 -0.227669 
2698 0.371306 0.000000 0.797234 23.365997 0.006129 2.071676 -0.454555 
2699 0.371306 0.000000 0.786341 24.788061 0.003082 1.381355 -0.629268 
2700 0.382986 0.000000 0.873483 15.762330 0.003114 2.934699 0.320482 
2701 0.359625 0.000000 0.873483 15.880957 0.002046 2.007078 0.322677 
2702 0.382986 0.000000 0.895269 16.432014 0.002721 3.289654 0.257650 
2703 0.394666 0.000000 0.819020 21.700858 0.007288 3.300522 -0.273639 
2704 0.394666 0.000000 0.829912 21.267607 0.008287 3.661423 -0.231071 
2705 0.394666 0.000000 0.840805 20.095770 0.010191 4.294237 -0.116251 
2706 0.382986 0.000000 0.840805 20.605805 0.009832 3.763750 -0.159826 
2707 0.394666 0.000000 0.851698 19.463573 0.009606 4.319307 -0.050713 
2708 0.371306 0.000000 0.840805 20.982809 0.009075 2.622863 -0.182011 
2709 0.359625 0.000000 0.840805 20.993382 0.009153 2.610474 -0.183013 
2710 0.371306 0.000000 0.851698 20.573882 0.008812 3.152092 -0.145169 
2711 0.289544 0.000000 0.829912 21.580377 0.002612 0.472363 -0.231649 
2712 0.289544 0.000000 0.851698 18.319975 0.000850 0.534376 0.112068 
2713 0.336265 0.000000 0.873483 16.603230 0.001671 1.529203 0.265123 
2714 0.312905 0.000000 0.873483 17.651105 0.001636 1.271445 0.172149 
2715 0.336265 0.000000 0.895269 17.021595 0.001838 2.367019 0.219309 
2716 0.347945 0.000000 0.840805 20.910862 0.008688 2.229656 -0.169000 
2717 0.336265 0.000000 0.840805 21.163973 0.008853 2.101492 -0.195684 
2718 0.347945 0.000000 0.851698 20.390953 0.007962 2.110313 -0.110869 
2719 0.032580 0.000000 0.590271 20.082431 -0.002472 -0.274955 -0.066289 
2720 -0.060862 0.000000 0.590271 19.883042 -0.001949 -0.271109 -0.045219 
2721 0.032580 0.000000 0.503129 20.027047 -0.002999 -0.136761 -0.060266 
2722 0.079300 0.000000 0.720985 20.247659 -0.001519 -0.693567 -0.084975 
2723 0.032580 0.000000 0.720985 20.023206 -0.001221 -0.616866 -0.060816 
2724 0.079300 0.000000 0.677414 20.270636 -0.002095 -0.488798 -0.086796 
2725 0.231143 0.000000 0.797234 20.630232 0.001784 0.019467 -0.125044 
2726 0.231143 0.000000 0.786341 20.630232 0.001784 0.019467 -0.125044 
2727 0.231143 0.000000 0.808127 20.666740 0.001890 0.093105 -0.129051 
2728 0.289544 0.000000 0.873483 18.801028 0.001636 1.372288 0.060641 
2729 0.266184 0.000000 0.873483 19.197632 0.001687 1.329589 0.021109 
2730 0.289544 0.000000 0.895269 18.417339 0.002069 1.942760 0.093390 
2731 0.289544 0.000000 0.917054 18.574511 0.004328 3.688653 0.052032 
2732 0.266184 0.000000 0.917054 19.353600 0.003801 3.608018 -0.024523 
2733 0.312905 0.000000 0.917054 17.849691 0.004102 3.777216 0.120072 
2734 0.242823 0.000000 0.917054 20.211114 0.004252 3.327049 -0.109055 
2735 0.242823 0.000000 0.895269 19.932320 0.002511 2.156543 -0.062504 
2736 0.032580 0.000000 1.287409 18.975928 0.001590 0.033531 0.048151 
2737 -0.060862 0.000000 1.287409 19.096850 0.000962 -0.051387 0.035977 
2738 0.032580 0.000000 1.374551 19.071465 0.001323 0.076256 0.038530 
2739 0.149382 0.000000 0.873483 20.085368 0.003758 -1.080068 -0.069484 
2740 0.126021 0.000000 0.873483 19.829871 0.002585 -1.296879 -0.043889 
2741 0.172742 0.000000 0.873483 20.528766 0.000921 -0.160561 -0.114071 
2742 0.196102 0.000000 0.873483 20.300196 0.000973 0.297175 -0.089568 
2743 0.219463 0.000000 0.873483 20.044873 0.001244 0.985642 -0.064673 
2744 0.172742 0.000000 1.069553 17.563045 0.004665 0.250116 0.184454 
2745 0.126021 0.000000 1.069553 18.048593 0.003307 -0.154854 0.138849 
2746 0.172742 0.000000 1.113124 18.008734 0.003994 0.315197 0.142449 
2747 0.242823 0.000000 1.004197 15.273826 0.000873 2.870528 0.361544 
2748 0.219463 0.000000 1.004197 15.505105 0.000424 1.792534 0.356014 
2749 0.242823 0.000000 1.025982 16.076091 0.000785 1.987037 0.306404 
2750 0.079300 0.000000 1.069553 18.458061 0.002431 -0.330220 0.099110 
2751 0.032580 0.000000 1.069553 18.745444 0.001777 -0.370232 0.070773 
2752 0.079300 0.000000 1.113124 18.553358 0.002381 -0.157124 0.090009 
2753 0.359625 0.000000 1.156695 17.940559 0.001922 2.338412 0.134735 
2754 0.312905 0.000000 1.156695 18.102800 0.008022 1.354196 0.128884 
2755 0.359625 0.000000 1.200266 18.460276 0.007853 1.291597 0.094772 
2756 0.336265 0.000000 1.004197 16.618612 0.004368 4.963236 0.204837 
2757 0.336265 0.000000 0.982411 16.639140 0.004452 4.961124 0.203088 
2758 0.336265 0.000000 1.025982 16.555924 0.003761 4.685837 0.217410 
2759 0.476428 0.000000 1.004197 17.548091 0.007995 4.292483 0.137302 
2760 0.476428 0.000000 0.982411 17.270431 0.007562 4.233103 0.164195 
2761 0.499788 0.000000 1.004197 17.608673 0.008804 4.056821 0.136873 
2762 0.382986 0.000000 1.047768 17.149087 0.003994 4.564709 0.167524 
2763 0.359625 0.000000 1.047768 16.982466 0.003409 4.350114 0.187614 
2764 0.382986 0.000000 1.069553 17.566909 0.003440 3.826331 0.145559 
2765 0.639950 0.000000 1.156695 19.274169 0.007110 2.049099 0.006899 
2766 0.523148 0.000000 1.004197 17.718678 0.008855 3.746602 0.132999 
2767 0.523148 0.000000 0.982411 17.599974 0.008031 3.634110 0.146276 
2768 0.546509 0.000000 1.004197 17.824500 0.008611 3.504017 0.127706 
2769 1.434205 0.000000 1.548835 19.529710 0.002992 0.326592 -0.008495 
2770 1.434205 0.000000 1.723119 19.491307 -0.001956 0.221874 -0.004382 
2771 0.826834 0.000000 1.156695 19.637414 0.009937 1.773356 -0.027677 
2772 0.826834 0.000000 0.982411 19.059715 0.011193 1.700406 0.032086 
2773 0.873555 0.000000 0.982411 19.291944 0.014275 1.568213 0.009685 
2774 1.013717 0.000000 1.156695 19.656384 0.018953 1.575577 -0.027898 
2775 1.060438 0.000000 1.156695 19.652504 0.020166 1.562874 -0.027389 
2776 1.013717 0.000000 0.982411 19.564797 0.018688 1.373228 -0.016825 
2777 0.966996 0.000000 0.982411 19.424411 0.014878 1.432666 -0.002797 
2778 1.060438 0.000000 0.982411 19.612378 0.020034 1.379372 -0.021797 
2779 0.920276 0.000000 0.982411 19.361262 0.014669 1.531401 0.002904 
2780 1.340763 0.000000 1.113124 19.420366 0.030862 1.499823 -0.002904 
2781 1.434205 0.000000 1.113124 19.360163 0.033000 1.314021 0.004649 
2782 1.340763 0.000000 1.200266 19.483068 0.029337 1.434440 -0.008845 
2783 1.527646 0.000000 1.113124 19.327394 0.033835 1.272267 0.008286 
2784 1.527646 0.000000 1.200266 19.456846 0.031642 1.212406 -0.004592 
2785 1.527646 0.000000 1.287409 19.553590 0.025820 1.028655 -0.013479 
2786 1.434205 0.000000 1.287409 19.584300 0.025151 1.138891 -0.017288 
2787 1.527646 0.000000 1.374551 19.682070 0.019596 0.816150 -0.025767 
2788 1.340763 0.000000 1.287409 19.546582 0.025431 1.244409 -0.014051 
2789 1.340763 0.000000 1.374551 19.647325 0.019802 0.964950 -0.022856 
2790 6.480056 0.000000 3.117394 19.448466 -0.005067 0.033208 0.000155 
2791 5.732522 0.000000 3.117394 19.446179 0.004083 0.032889 0.000390 
2792 6.480056 0.000000 3.814531 19.449396 -0.000389 0.015051 0.000062 
2793 4.984989 0.000000 3.117394 19.446069 -0.005207 0.028576 0.000402 
2794 4.984989 0.000000 3.814531 19.448214 -0.006421 0.013956 0.000183 
2795 3.116155 0.000000 2.071688 19.444183 -0.008812 0.136343 0.000549 
2796 3.489922 0.000000 2.071688 19.445562 -0.009751 0.137630 0.000406 
2797 3.116155 0.000000 2.420257 19.444422 0.027460 0.060759 0.000562 
2798 2.555505 0.000000 1.548835 19.418533 -0.010279 0.300944 0.002993 
2799 2.742388 0.000000 1.548835 19.428628 -0.011237 0.306679 0.001948 
2800 2.555505 0.000000 1.723119 19.428744 -0.004105 0.221549 0.002055 
2801 1.901413 0.000000 1.113124 19.171662 0.018845 -0.944218 0.026058 
2802 1.901413 0.000000 1.200266 19.373108 0.017545 -0.924601 0.005630 
2803 1.901413 0.000000 1.287409 19.595377 0.017423 -0.336894 -0.015305 
2804 1.901413 0.000000 1.374551 19.722472 0.016786 0.038759 -0.028219 
2805 8.722656 0.000000 -3.156842 19.452619 -0.004645 -0.030677 -0.000272 
2806 8.722656 0.000000 -4.551116 19.450876 -0.000094 -0.007038 -0.000090 
2807 10.217723 0.000000 -3.156842 19.452885 -0.004681 -0.026527 -0.000299 
2808 11.712790 0.000000 -3.156842 19.450798 -0.005057 -0.024832 -0.000084 
2809 11.712790 0.000000 -4.551116 19.450386 0.004079 -0.005516 -0.000040 
2810 13.207857 0.000000 -3.156842 19.449840 0.001838 -0.020162 0.000015 
2811 6.480056 0.000000 -1.065430 19.441632 0.007884 -0.613831 -0.000136 
2812 6.480056 0.000000 -1.762567 19.446874 0.007350 -0.281831 0.000111 
2813 7.227589 0.000000 -1.065430 19.443942 -0.020163 -0.667181 -0.000555 
2814 2.929272 0.000000 1.548835 19.433386 -0.012349 0.310666 0.001452 
2815 3.116155 0.000000 1.548835 19.436292 -0.012761 0.312025 0.001151 
2816 2.929272 0.000000 1.723119 19.437667 -0.032918 0.256238 0.001091 
2817 2.648947 0.000000 1.113124 19.433383 -0.009501 0.611064 0.000721 
2818 2.742388 0.000000 1.113124 19.436966 -0.008434 0.601884 0.000382 
2819 2.648947 0.000000 1.200266 19.425797 -0.010589 0.569996 0.001628 
2820 2.462063 0.000000 1.287409 19.395465 -0.009746 0.506989 0.004920 
2821 2.555505 0.000000 1.287409 19.412268 -0.010725 0.504168 0.003204 
2822 2.462063 0.000000 1.374551 19.397451 -0.008339 0.426237 0.004916 
2823 2.321901 0.000000 1.069553 19.366263 -0.176406 -0.182897 0.008421 
2824 2.321901 0.000000 1.025982 19.366263 -0.176406 -0.182897 0.008421 
2825 2.368622 0.000000 1.069553 19.366263 -0.176406 -0.182897 0.008421 
2826 0.453067 0.000000 1.243838 18.833256 0.007257 1.284612 0.058051 
2827 0.406346 0.000000 1.243838 18.721076 0.006555 1.169743 0.069932 
2828 0.453067 0.000000 1.287409 18.914162 0.005890 1.037671 0.051494 
2829 2.321901 0.000000 0.982411 19.504507 -0.009333 0.603710 -0.006576 
2830 2.275180 0.000000 0.982411 19.546196 -0.008068 0.584641 -0.010820 
2831 2.368622 0.000000 0.982411 19.478005 -0.010448 0.605361 -0.003851 
2832 2.228459 0.000000 0.982411 19.596901 -0.007177 0.532904 -0.015913 
2833 2.181738 0.000000 0.982411 19.997403 0.017026 -0.482047 -0.057695 
2834 2.251820 0.000000 1.091339 19.280980 -0.080937 -0.791244 0.015632 
2835 2.251820 0.000000 1.069553 19.338814 -0.090342 -0.799389 0.009690 
2836 2.275180 0.000000 1.091339 19.444804 -0.151177 -0.235018 0.000328 
2837 2.135017 0.000000 0.982411 19.873258 0.017061 -0.504557 -0.044670 
2838 2.088297 0.000000 0.982411 19.736135 0.016944 -0.739738 -0.031086 
2839 2.041576 0.000000 0.982411 19.555070 0.018780 -0.552158 -0.011640 
2840 1.994855 0.000000 0.982411 19.454892 0.019782 -0.474982 -0.001100 
2841 2.041576 0.000000 1.025982 19.411190 0.016672 -1.044903 0.001100 
2842 0.569869 0.000000 0.917054 18.222843 0.007055 2.751842 0.102188 
2843 0.546509 0.000000 0.917054 18.021956 0.005757 3.030581 0.117174 
2844 0.569869 0.000000 0.938840 18.066061 0.006770 2.872103 0.115439 
2845 0.523148 0.000000 0.917054 17.802451 0.005310 3.289789 0.133630 
2846 0.499788 0.000000 0.917054 17.545888 0.005062 3.582195 0.152291 
2847 0.523148 0.000000 0.938840 17.772774 0.005334 3.251482 0.137083 
2848 0.534829 0.000000 0.819020 19.642985 1.980248 1.866494 -0.039517 
2849 0.534829 0.000000 0.808127 19.641330 -0.003085 2.971002 -0.043104 
2850 0.534829 0.000000 0.829912 19.309539 0.010200 3.071532 -0.010548 
2851 0.534829 0.000000 0.840805 19.139090 0.007497 3.085322 0.006552 
2852 0.523148 0.000000 0.840805 19.117911 0.006646 3.281273 0.005396 
2853 0.546509 0.000000 0.840805 19.153819 0.008236 2.915946 0.007748 
2854 0.511468 0.000000 0.840805 19.085535 0.005814 3.509007 0.004578 
2855 0.511468 0.000000 0.797234 20.092731 0.002916 4.881991 -0.130185 
2856 0.511468 0.000000 0.786341 20.188847 -0.001704 3.053525 -0.102064 
2857 0.523148 0.000000 0.797234 19.887793 -0.001663 3.042958 -0.070001 
2858 0.733392 0.000000 0.720985 19.664449 -0.000379 1.520761 -0.028286 
2859 0.733392 0.000000 0.677414 19.745630 -0.002764 1.402633 -0.035831 
2860 0.780113 0.000000 0.720985 19.657516 0.001020 1.419125 -0.026776 
2861 0.826834 0.000000 0.720985 19.668561 0.002515 1.347167 -0.027398 
2862 0.826834 0.000000 0.677414 19.721176 -0.000093 1.270570 -0.032346 
2863 0.873555 0.000000 0.720985 19.691385 0.004100 1.292389 -0.029390 
2864 0.663311 0.000000 0.786341 19.510337 0.000934 1.906064 -0.015818 
2865 0.663311 0.000000 0.764556 19.600009 -0.000180 1.852659 -0.024558 
2866 0.686671 0.000000 0.786341 19.499856 0.001819 1.822626 -0.013914 
2867 0.581549 0.000000 0.819020 19.385795 -0.006069 2.499897 -0.009929 
2868 0.581549 0.000000 0.808127 19.482845 -0.000234 2.465817 -0.019453 
2869 0.581549 0.000000 0.829912 19.285272 0.017583 2.519798 0.000082 
2870 0.558189 0.000000 0.840805 19.164947 0.008946 2.765534 0.008879 
2871 0.569869 0.000000 0.840805 19.174281 0.009641 2.636447 0.009777 
2872 0.558189 0.000000 0.851698 19.034722 0.006278 2.769819 0.021966 
2873 0.663311 0.000000 0.917054 18.642271 0.008432 2.079362 0.069903 
2874 0.663311 0.000000 0.938840 18.577891 0.008215 2.176679 0.075142 
2875 0.710032 0.000000 0.829912 19.339966 -0.004018 1.755674 0.003135 
2876 0.710032 0.000000 0.808127 19.420037 0.003328 1.748834 -0.005006 
2877 0.966996 0.000000 0.590271 19.777607 -0.001140 1.032802 -0.036790 
2878 0.966996 0.000000 0.503129 19.783755 -0.004122 0.843332 -0.036494 
2879 1.060438 0.000000 0.590271 19.755544 0.000351 1.029888 -0.034469 
2880 0.920276 0.000000 0.720985 19.718068 0.005873 1.252991 -0.031905 
2881 0.920276 0.000000 0.677414 19.746216 0.002835 1.195905 -0.034472 
2882 0.966996 0.000000 0.720985 19.740895 0.007369 1.224515 -0.034099 
2883 1.013717 0.000000 0.720985 19.753735 0.009316 1.209366 -0.035343 
2884 1.013717 0.000000 0.677414 19.762523 0.005907 1.161899 -0.035963 
2885 1.060438 0.000000 0.720985 19.749634 0.010608 1.200223 -0.034856 
2886 0.850194 0.000000 0.829912 19.521511 0.006198 1.371565 -0.012340 
2887 0.850194 0.000000 0.808127 19.557814 0.008223 1.383097 -0.016174 
2888 0.873555 0.000000 0.829912 19.555952 0.007265 1.334208 -0.015630 
2889 0.756753 0.000000 0.917054 18.970702 0.011545 1.732141 0.040747 
2890 0.780113 0.000000 0.917054 19.019277 0.011415 1.645365 0.036643 
2891 0.756753 0.000000 0.938840 18.980093 0.011253 1.734761 0.039780 
2892 0.803473 0.000000 0.873483 19.351483 0.009252 1.397474 0.004942 
2893 0.803473 0.000000 0.895269 19.069208 0.011470 1.549967 0.032422 
2894 0.803473 0.000000 0.917054 19.068545 0.011324 1.555763 0.032441 
2895 0.826834 0.000000 0.917054 19.068768 0.011239 1.553936 0.032434 
2896 0.803473 0.000000 0.938840 19.057635 0.011142 1.592446 0.033235 
2897 0.896915 0.000000 0.829912 19.589171 0.008348 1.300336 -0.018832 
2898 0.896915 0.000000 0.808127 19.616233 0.009986 1.315643 -0.021742 
2899 0.896915 0.000000 0.851698 19.560229 0.021386 1.257688 -0.015549 
2900 1.153880 0.000000 0.590271 19.700881 0.001024 1.033488 -0.028787 
2901 1.153880 0.000000 0.503129 19.699355 -0.002053 0.855443 -0.027739 
2902 1.247321 0.000000 0.590271 19.620069 0.001042 1.023250 -0.020332 
2903 1.107159 0.000000 0.720985 19.728278 0.011361 1.193577 -0.032586 
2904 1.107159 0.000000 0.677414 19.731921 0.007644 1.155373 -0.032728 
2905 1.153880 0.000000 0.720985 19.691118 0.011894 1.184948 -0.028659 
2906 1.200601 0.000000 0.720985 19.644271 0.011902 1.185471 -0.023791 
2907 1.200601 0.000000 0.677414 19.651763 0.008074 1.148826 -0.024343 
2908 1.247321 0.000000 0.720985 19.590239 0.011588 1.165890 -0.018066 
2909 0.896915 0.000000 0.873483 19.528951 0.013574 1.207777 -0.011991 
2910 0.920276 0.000000 0.873483 19.569511 0.014449 1.172298 -0.015960 
2911 0.896915 0.000000 0.895269 19.493565 0.045443 1.218212 -0.008413 
2912 0.943636 0.000000 0.873483 19.606322 0.015449 1.144384 -0.019601 
2913 0.966996 0.000000 0.873483 19.638974 0.016359 1.120013 -0.022843 
2914 0.943636 0.000000 0.895269 19.580126 0.047128 1.144361 -0.016893 
2915 1.107159 0.000000 0.982411 19.507270 0.022592 1.328557 -0.010565 
2916 1.153880 0.000000 0.982411 19.486788 0.023490 1.352035 -0.008620 
2917 1.107159 0.000000 1.025982 19.548070 0.023269 1.522568 -0.016239 
2918 1.340763 0.000000 0.590271 19.539988 0.028994 0.982678 -0.011829 
2919 1.340763 0.000000 0.503129 19.563656 -0.002630 0.831316 -0.013548 
2920 1.434205 0.000000 0.590271 19.474608 0.028801 0.946156 -0.004901 
2921 1.294042 0.000000 0.808127 19.500081 0.017019 1.127297 -0.008516 
2922 1.294042 0.000000 0.764556 19.519318 0.014734 1.155330 -0.010669 
2923 1.340763 0.000000 0.808127 19.443518 0.016032 1.105562 -0.002565 
2924 1.948134 0.000000 0.982411 19.262922 0.021649 -0.382626 0.018756 
2925 1.901413 0.000000 0.982411 19.118755 0.021638 -0.163411 0.033699 
2926 1.948134 0.000000 1.025982 19.121216 0.021630 -0.303314 0.033278 
2927 1.854692 0.000000 0.982411 19.098143 0.021590 -0.074832 0.035837 
2928 1.807972 0.000000 0.982411 18.928904 0.024308 0.325167 0.052584 
2929 1.854692 0.000000 1.025982 19.075710 0.021687 -0.188384 0.038022 
2930 2.415343 0.000000 0.982411 19.462979 -0.011268 0.600510 -0.002289 
2931 2.462063 0.000000 0.982411 19.455029 -0.011654 0.594020 -0.001450 
2932 2.415343 0.000000 1.025982 19.453520 -0.007856 0.637948 -0.001438 
2933 2.835830 0.000000 1.113124 19.439610 -0.005224 0.595290 0.000131 
2934 2.835830 0.000000 1.200266 19.434460 -0.009536 0.559329 0.000770 
2935 3.676805 0.000000 0.503129 19.435322 -0.012844 0.654346 0.000377 
2936 3.676805 0.000000 0.328845 19.438258 -0.019411 0.400781 0.000781 
2937 2.975993 0.000000 0.982411 19.450619 -0.006723 0.548319 -0.000859 
2938 2.929272 0.000000 0.982411 19.450713 -0.007280 0.551206 -0.000877 
2939 2.975993 0.000000 1.025982 19.447894 -0.004779 0.571596 -0.000647 
2940 3.396480 0.000000 1.113124 19.440156 -0.002121 0.568075 0.000159 
2941 3.489922 0.000000 1.113124 19.440302 -0.002301 0.564014 0.000156 
2942 3.396480 0.000000 1.200266 19.439266 -0.003763 0.542790 0.000325 
2943 3.583364 0.000000 0.764556 19.432301 0.002482 0.823524 0.000026 
2944 3.583364 0.000000 0.677414 19.432887 0.008964 0.808085 0.000033 
2945 3.676805 0.000000 0.764556 19.430629 0.002255 0.823351 0.000199 
2946 3.770247 0.000000 0.764556 19.429185 0.002105 0.823408 0.000347 
2947 3.770247 0.000000 0.677414 19.430019 -0.001523 0.798492 0.000368 
2948 3.349759 0.000000 0.982411 19.445028 -0.004587 0.537263 -0.000252 
2949 3.396480 0.000000 0.982411 19.443892 -0.005033 0.536880 -0.000134 
2950 3.349759 0.000000 1.025982 19.444027 -0.002322 0.553821 -0.000197 
2951 3.583364 0.000000 1.113124 19.439497 -0.002691 0.561643 0.000246 
2952 3.676805 0.000000 1.113124 19.438960 -0.003024 0.559567 0.000307 
2953 3.583364 0.000000 1.200266 19.437909 -0.003080 0.540203 0.000471 
2954 3.770247 0.000000 1.113124 19.438583 -0.003389 0.557332 0.000353 
2955 3.863689 0.000000 1.113124 19.438567 -0.003284 0.555222 0.000360 
2956 3.770247 0.000000 1.200266 19.437243 -0.002106 0.538823 0.000544 
2957 4.424339 0.000000 0.503129 19.425119 -0.016378 0.642468 0.001465 
2958 4.424339 0.000000 0.328845 19.424943 -0.024764 0.389153 0.002173 
2959 3.957130 0.000000 1.113124 19.438885 -0.002688 0.552162 0.000337 
2960 3.957130 0.000000 1.200266 19.437353 -0.000813 0.536321 0.000540 
2961 4.003851 0.000000 0.982411 19.439563 -0.011833 0.548346 0.000278 
2962 3.957130 0.000000 0.982411 19.439487 -0.011898 0.546376 0.000291 
2963 4.003851 0.000000 1.025982 19.440418 -0.006625 0.544766 0.000200 
2964 7.975123 0.000000 -1.065430 19.434916 -0.032650 -0.738536 0.000106 
2965 7.975123 0.000000 -1.762567 19.447351 0.002518 -0.261408 0.000092 
2966 8.722656 0.000000 -1.065430 19.426162 0.006626 -0.814937 0.000694 
2967 9.470190 0.000000 -1.065430 19.428738 0.031446 -0.895053 0.000065 
2968 9.470190 0.000000 -1.762567 19.457912 0.002858 -0.268817 -0.001005 
2969 10.217723 0.000000 -1.065430 19.434939 0.031685 -0.996386 -0.001079 
2970 6.106289 0.000000 -0.019724 19.423656 -0.014581 -0.024207 0.002705 
2971 6.106289 0.000000 -0.368292 19.432296 -0.032033 -0.453761 0.001273 
2972 6.480056 0.000000 -0.019724 19.420346 -0.011697 -0.023919 0.003045 
2973 6.853823 0.000000 -0.019724 19.414895 -0.012466 -0.023145 0.003605 
2974 6.853823 0.000000 -0.368292 19.413613 -0.025288 -0.429913 0.003248 
2975 7.227589 0.000000 -0.019724 19.410053 -0.015832 -0.022265 0.004101 
2976 7.601356 0.000000 -0.019724 19.406627 -0.045310 0.004963 0.004449 
2977 7.601356 0.000000 -0.368292 19.409525 -0.024895 -0.410010 0.003712 
2978 7.975123 0.000000 -0.019724 19.403553 -0.057222 0.006213 0.004762 
2979 8.348890 0.000000 -0.019724 19.399622 -0.045923 -0.025531 0.005166 
2980 8.348890 0.000000 -0.368292 19.407550 -0.042228 -0.414353 0.003902 
2981 8.722656 0.000000 -0.019724 19.391930 -0.051567 -0.025456 0.005954 
2982 5.919406 0.000000 0.503129 19.436056 -0.037241 0.628276 0.000386 
2983 5.919406 0.000000 0.328845 19.434278 -0.027921 0.398998 0.001193 
2984 6.106289 0.000000 0.503129 19.431587 -0.040932 0.628534 0.000844 
2985 6.293172 0.000000 0.503129 19.424611 -0.039196 0.625645 0.001570 
2986 6.293172 0.000000 0.328845 19.428459 -0.028223 0.397834 0.001793 
2987 6.480056 0.000000 0.503129 19.417169 -0.034083 0.620513 0.002352 
2988 7.601356 0.000000 2.071688 19.447191 0.040859 0.140298 0.000232 
2989 7.227589 0.000000 2.071688 19.445266 0.041079 0.138745 0.000431 
2990 7.601356 0.000000 2.420257 19.449783 -0.005480 0.073366 0.000008 
2991 7.788239 0.000000 1.548835 19.447853 -0.033645 0.362143 -0.000129 
2992 7.601356 0.000000 1.548835 19.448243 -0.033344 0.361953 -0.000169 
2993 7.788239 0.000000 1.723119 19.448331 -0.030777 0.282387 -0.000042 
2994 7.414473 0.000000 1.548835 19.448154 -0.032664 0.362468 -0.000160 
2995 7.227589 0.000000 1.548835 19.447692 -0.031774 0.363320 -0.000114 
2996 7.414473 0.000000 1.723119 19.447744 -0.030226 0.281849 0.000020 
2997 7.881681 0.000000 1.287409 19.448530 0.006977 0.490144 -0.000484 
2998 7.788239 0.000000 1.287409 19.449483 0.004962 0.488825 -0.000578 
2999 7.881681 0.000000 1.374551 19.451188 -0.020757 0.470206 -0.000708 
3000 7.694798 0.000000 1.287409 19.450431 0.004463 0.486990 -0.000671 
3001 7.601356 0.000000 1.287409 19.451153 0.004352 0.485560 -0.000742 
3002 7.694798 0.000000 1.374551 19.451470 -0.023568 0.469443 -0.000735 
3003 10.965257 0.000000 -1.065430 19.444955 0.011212 -1.000724 -0.002129 
3004 10.965257 0.000000 -1.762567 19.452623 0.033062 -0.230309 -0.000413 
3005 11.712790 0.000000 -1.065430 19.447379 0.000858 -0.844748 -0.001617 
3006 12.460324 0.000000 -1.065430 19.448248 0.034745 -0.865518 -0.001803 
3007 12.460324 0.000000 -1.762567 19.449263 -0.000168 -0.195833 -0.000026 
3008 13.207857 0.000000 -1.065430 19.448862 0.030207 -0.870289 -0.001888 
3009 9.096423 0.000000 -0.019724 19.386564 -0.045718 -0.020897 0.006506 
3010 9.096423 0.000000 -0.368292 19.389965 -0.034990 -0.416376 0.005702 
3011 9.470190 0.000000 -0.019724 19.386000 -0.039225 -0.020643 0.006565 
3012 9.843957 0.000000 -0.019724 19.392428 -0.033571 -0.020348 0.005907 
3013 9.843957 0.000000 -0.368292 19.394212 -0.028006 -0.417735 0.005265 
3014 10.217723 0.000000 -0.019724 19.405297 -0.029750 -0.020262 0.004588 
3015 8.255448 0.000000 1.287409 19.447228 -0.008756 0.533034 -0.000466 
3016 8.255448 0.000000 1.374551 19.449988 -0.017869 0.476471 -0.000600 
3017 8.021844 0.000000 1.156695 19.441357 -0.008859 0.605339 -0.000080 
3018 7.975123 0.000000 1.156695 19.442090 -0.010218 0.602851 -0.000148 
3019 8.021844 0.000000 1.200266 19.443542 -0.003566 0.564772 -0.000179 
3020 8.208727 0.000000 1.156695 19.438880 -0.001932 0.617126 0.000136 
3021 8.255448 0.000000 1.156695 19.438341 0.000109 0.620559 0.000181 
3022 8.208727 0.000000 1.200266 19.441531 0.001906 0.574312 -0.000001 
3023 8.442331 0.000000 0.938840 19.418338 -0.010701 0.959516 0.000819 
3024 8.442331 0.000000 0.851698 19.415778 -0.036878 0.992198 0.000910 
3025 8.816098 0.000000 0.938840 19.415476 0.007139 0.983939 0.000988 
3026 8.816098 0.000000 0.851698 19.410733 -0.025000 1.013957 0.001314 
3027 8.909540 0.000000 0.938840 19.415193 0.011301 0.991284 0.000978 
3028 10.591490 0.000000 -0.019724 19.420516 -0.023736 -0.017607 0.003027 
3029 10.591490 0.000000 -0.368292 19.423266 -0.026360 -0.418907 0.002281 
3030 10.965257 0.000000 -0.019724 19.433598 -0.028971 -0.018088 0.001683 
3031 11.339023 0.000000 -0.019724 19.440445 -0.028271 -0.019077 0.000979 
3032 11.339023 0.000000 -0.368292 19.441784 -0.020248 -0.412225 0.000394 
3033 11.712790 0.000000 -0.019724 19.443862 -0.021735 -0.013004 0.000629 
3034 9.937398 0.000000 1.461693 19.458457 -0.001711 0.446530 -0.001397 
3035 9.843957 0.000000 1.461693 19.458463 0.000611 0.443526 -0.001390 
3036 9.937398 0.000000 1.548835 19.459575 -0.002465 0.380150 -0.001367 
3037 10.077561 0.000000 1.330980 19.457062 0.052566 0.568379 -0.001588 
3038 10.030840 0.000000 1.330980 19.457182 0.052829 0.566191 -0.001593 
3039 10.077561 0.000000 1.374551 19.459002 0.049389 0.519072 -0.001645 
3040 10.264444 0.000000 1.330980 19.456472 0.051263 0.575929 -0.001549 
3041 10.264444 0.000000 1.374551 19.457542 0.046563 0.524167 -0.001508 
3042 10.684932 0.000000 1.113124 19.446461 0.067459 0.936240 -0.001965 
3043 10.684932 0.000000 1.025982 19.443351 0.026344 1.093196 -0.002477 
3044 12.086557 0.000000 -0.019724 19.445869 -0.019634 -0.012714 0.000423 
3045 12.086557 0.000000 -0.368292 19.446221 -0.031453 -0.281455 0.000176 
3046 12.460324 0.000000 -0.019724 19.447122 -0.054565 -0.014195 0.000288 
3047 12.834090 0.000000 -0.019724 19.447950 -0.054485 -0.014209 0.000202 
3048 12.834090 0.000000 -0.368292 19.448036 -0.033552 -0.309525 -0.000054 
3049 13.207857 0.000000 -0.019724 19.448481 -0.054439 -0.014217 0.000148 
3050 12.366882 0.000000 1.113124 19.448237 0.032198 0.800801 -0.001517 
3051 12.366882 0.000000 1.025982 19.448065 0.037093 0.908028 -0.001984 
3052 4.330897 0.000000 0.764556 19.427559 0.000844 0.816630 0.000543 
3053 4.330897 0.000000 0.677414 19.426254 -0.002789 0.794271 0.000773 
3054 4.424339 0.000000 0.764556 19.427744 -0.000541 0.818888 0.000515 
3055 4.517780 0.000000 0.764556 19.428043 -0.002469 0.821364 0.000473 
3056 4.517780 0.000000 0.677414 19.426242 -0.005568 0.796956 0.000763 
3057 4.611222 0.000000 0.764556 19.428699 -0.004659 0.825160 0.000389 
3058 4.330897 0.000000 1.113124 19.441896 0.003757 0.543995 0.000051 
3059 4.424339 0.000000 1.113124 19.442567 0.005874 0.542920 -0.000015 
3060 4.330897 0.000000 1.200266 19.440397 0.006068 0.532317 0.000238 
3061 4.517780 0.000000 1.113124 19.443059 0.007901 0.542245 -0.000064 
3062 4.517780 0.000000 1.200266 19.441872 0.011436 0.530574 0.000091 
3063 4.704664 0.000000 0.764556 19.429141 -0.006895 0.827744 0.000333 
3064 4.704664 0.000000 0.677414 19.427089 -0.009241 0.802004 0.000654 
3065 4.751385 0.000000 0.895269 19.434233 -0.014781 0.753387 0.000120 
3066 4.704664 0.000000 0.895269 19.434105 -0.014076 0.750483 0.000144 
3067 4.751385 0.000000 0.851698 19.432042 -0.008974 0.805219 0.000132 
3068 5.265314 0.000000 0.764556 19.430862 -0.018152 0.841760 0.000093 
3069 5.265314 0.000000 0.677414 19.429209 -0.019741 0.814383 0.000383 
3070 5.639081 0.000000 0.764556 19.434790 -0.022430 0.848547 -0.000341 
3071 5.639081 0.000000 0.677414 19.433804 -0.028136 0.819499 -0.000113 
3072 5.732522 0.000000 0.764556 19.435869 -0.023386 0.849890 -0.000458 
3073 5.312035 0.000000 0.895269 19.435359 -0.018134 0.785018 -0.000125 
3074 5.265314 0.000000 0.895269 19.435224 -0.018355 0.782421 -0.000100 
3075 5.312035 0.000000 0.851698 19.433398 -0.016192 0.827544 -0.000105 
3076 5.825964 0.000000 0.764556 19.435901 -0.024467 0.851278 -0.000468 
3077 5.825964 0.000000 0.677414 19.436718 0.006397 0.804013 -0.000344 
3078 5.919406 0.000000 0.764556 19.434968 -0.025234 0.852690 -0.000378 
3079 6.012847 0.000000 0.764556 19.432633 -0.025406 0.854533 -0.000147 
3080 6.012847 0.000000 0.677414 19.433405 0.002928 0.805067 -0.000008 
3081 6.106289 0.000000 0.764556 19.429232 -0.024535 0.856882 0.000192 
3082 5.592360 0.000000 0.895269 19.438039 -0.014090 0.800004 -0.000463 
3083 5.592360 0.000000 0.851698 19.436350 -0.025589 0.831336 -0.000425 
3084 5.639081 0.000000 0.895269 19.438583 -0.013193 0.802314 -0.000528 
3085 5.685802 0.000000 0.895269 19.439206 -0.012290 0.804498 -0.000602 
3086 5.685802 0.000000 0.851698 19.437502 -0.024782 0.834353 -0.000557 
3087 5.732522 0.000000 0.895269 19.439507 -0.011574 0.806809 -0.000642 
3088 6.199731 0.000000 0.764556 19.425364 -0.022624 0.859980 0.000575 
3089 6.199731 0.000000 0.677414 19.427057 -0.033490 0.793147 0.000692 
3090 6.293172 0.000000 0.764556 19.421468 -0.019945 0.863755 0.000959 
3091 6.386614 0.000000 0.764556 19.417907 -0.016981 0.868177 0.001304 
3092 6.386614 0.000000 0.677414 19.419278 -0.026552 0.795494 0.001482 
3093 6.480056 0.000000 0.764556 19.414362 -0.014565 0.873243 0.001645 
3094 6.620218 0.000000 1.069553 19.440071 0.002399 0.619874 0.000005 
3095 6.573498 0.000000 1.069553 19.440570 0.004427 0.616672 -0.000036 
3096 6.620218 0.000000 1.113124 19.442969 0.004890 0.581048 -0.000170 
3097 0.464747 0.000000 0.862591 18.021569 0.011936 5.436071 0.063374 
3098 0.453067 0.000000 0.862591 18.102143 0.011540 5.337651 0.058483 
3099 0.464747 0.000000 0.873483 17.771012 0.010064 5.055616 0.097632 
3100 7.087427 0.000000 1.069553 19.442637 -0.016732 0.651368 -0.000365 
3101 7.040706 0.000000 1.069553 19.441976 -0.015363 0.648182 -0.000286 
3102 7.087427 0.000000 1.113124 19.445018 -0.013319 0.609185 -0.000469 
3103 0.558189 0.000000 0.862591 18.905402 -0.013934 2.775301 0.034855 
3104 0.569869 0.000000 0.862591 18.938885 -0.005942 2.658543 0.033183 
3105 0.558189 0.000000 0.873483 18.173009 0.005964 2.919956 0.104462 
3106 3.139516 0.000000 0.917054 19.448390 -0.012739 0.582255 -0.000731 
3107 3.139516 0.000000 0.895269 19.446969 -0.016343 0.642911 -0.000782 
3108 3.139516 0.000000 0.938840 19.449576 0.015402 0.538672 -0.000724 
3109 3.232957 0.000000 0.917054 19.446000 -0.009639 0.589239 -0.000507 
3110 3.232957 0.000000 0.895269 19.444515 -0.012250 0.649354 -0.000551 
3111 3.232957 0.000000 0.938840 19.447648 0.036858 0.535381 -0.000519 
3112 7.741519 0.000000 0.982411 19.432215 -0.039125 0.869237 -0.000173 
3113 7.741519 0.000000 0.938840 19.429371 -0.037143 0.923810 -0.000139 
3114 7.788239 0.000000 0.982411 19.431391 -0.038356 0.872490 -0.000104 
3115 7.554635 0.000000 0.982411 19.434588 -0.040340 0.855017 -0.000353 
3116 7.507914 0.000000 0.982411 19.434953 -0.040215 0.851141 -0.000373 
3117 7.554635 0.000000 0.938840 19.431258 -0.038513 0.911142 -0.000272 
3118 7.928402 0.000000 1.069553 19.436612 -0.037218 0.722486 -0.000007 
3119 7.928402 0.000000 1.025982 19.431914 -0.035156 0.812881 0.000109 
3120 7.928402 0.000000 1.113124 19.440304 -0.014838 0.652563 -0.000129 
3121 7.928402 0.000000 1.156695 19.442850 -0.011441 0.600512 -0.000218 
3122 7.881681 0.000000 1.156695 19.443669 -0.012475 0.598323 -0.000296 
3123 7.928402 0.000000 1.200266 19.444826 -0.005507 0.560532 -0.000299 
3124 7.834960 0.000000 1.156695 19.444561 -0.013846 0.597127 -0.000384 
3125 7.788239 0.000000 1.156695 19.445139 -0.014465 0.595185 -0.000437 
3126 7.834960 0.000000 1.200266 19.446218 -0.006932 0.556679 -0.000430 
3127 7.834960 0.000000 0.982411 19.430572 -0.037337 0.875611 -0.000034 
3128 7.834960 0.000000 0.938840 19.427828 -0.035197 0.929428 -0.000008 
3129 7.881681 0.000000 0.982411 19.429718 -0.036206 0.878541 0.000041 
3130 8.489052 0.000000 1.069553 19.426948 -0.004594 0.783228 0.000747 
3131 8.442331 0.000000 1.069553 19.427331 -0.007348 0.778673 0.000727 
3132 8.489052 0.000000 1.025982 19.423436 -0.007889 0.855087 0.000797 
3133 8.769377 0.000000 1.069553 19.426570 0.009152 0.812978 0.000660 
3134 8.769377 0.000000 1.025982 19.422546 0.007317 0.877722 0.000784 
3135 8.816098 0.000000 1.069553 19.426615 0.011395 0.817594 0.000636 
3136 8.862819 0.000000 1.069553 19.426686 0.013575 0.822242 0.000608 
3137 8.862819 0.000000 1.025982 19.422576 0.011900 0.885945 0.000743 
3138 8.909540 0.000000 1.069553 19.426858 0.015636 0.826955 0.000570 
3139 8.862819 0.000000 1.243838 19.445960 0.004110 0.606862 -0.000558 
3140 8.816098 0.000000 1.243838 19.445652 0.003058 0.603393 -0.000515 
3141 8.862819 0.000000 1.287409 19.448966 0.004177 0.565638 -0.000739 
3142 9.049702 0.000000 1.243838 19.447305 0.008016 0.620881 -0.000742 
3143 9.049702 0.000000 1.287409 19.450552 0.006406 0.577852 -0.000939 
3144 9.236586 0.000000 1.243838 19.449065 0.007195 0.639788 -0.000986 
3145 9.283306 0.000000 1.243838 19.449505 0.007442 0.643761 -0.001045 
3146 9.236586 0.000000 1.287409 19.452356 0.007196 0.590691 -0.001165 
3147 9.423469 0.000000 1.156695 19.439834 0.026443 0.749021 -0.000440 
3148 9.376748 0.000000 1.156695 19.439519 0.025992 0.743181 -0.000384 
3149 9.423469 0.000000 1.113124 19.434437 0.029185 0.817891 -0.000171 
3150 9.330027 0.000000 1.156695 19.439203 0.025424 0.737320 -0.000329 
3151 9.330027 0.000000 1.113124 19.433849 0.027939 0.806441 -0.000061 
3152 9.330027 0.000000 1.200266 19.446099 0.001909 0.696743 -0.000882 
3153 9.330027 0.000000 1.243838 19.449894 0.007590 0.647741 -0.001098 
3154 9.330027 0.000000 1.287409 19.453168 0.007657 0.596631 -0.001267 
3155 9.610352 0.000000 1.156695 19.440871 0.027465 0.772506 -0.000641 
3156 9.610352 0.000000 1.113124 19.435291 0.030551 0.841583 -0.000363 
3157 9.657073 0.000000 1.156695 19.441050 0.027534 0.778409 -0.000684 
3158 9.703794 0.000000 1.156695 19.441245 0.027574 0.784317 -0.000728 
3159 9.703794 0.000000 1.113124 19.435600 0.030806 0.853848 -0.000450 
3160 9.984119 0.000000 1.243838 19.452982 -0.004562 0.702388 -0.001611 
3161 9.984119 0.000000 1.200266 19.447468 0.023329 0.746292 -0.001213 
3162 9.984119 0.000000 1.287409 19.454808 0.058529 0.615021 -0.001503 
3163 9.984119 0.000000 1.330980 19.457113 0.055014 0.562251 -0.001575 
3164 9.937398 0.000000 1.330980 19.457173 0.055278 0.559929 -0.001575 
3165 9.984119 0.000000 1.374551 19.459367 0.050034 0.515878 -0.001673 
3166 9.890677 0.000000 1.330980 19.457171 0.055613 0.557516 -0.001567 
3167 9.843957 0.000000 1.330980 19.457145 0.055902 0.555050 -0.001557 
3168 9.890677 0.000000 1.374551 19.459121 0.050979 0.512522 -0.001639 
3169 9.890677 0.000000 1.156695 19.441974 0.027413 0.807762 -0.000902 
3170 9.890677 0.000000 1.113124 19.436358 0.030748 0.878847 -0.000642 
3171 9.937398 0.000000 1.156695 19.442229 0.027298 0.813499 -0.000952 
3172 10.544769 0.000000 1.330980 19.452128 0.012866 0.581709 -0.001114 
3173 10.591490 0.000000 1.330980 19.451696 0.012825 0.582615 -0.001072 
3174 10.544769 0.000000 1.374551 19.453135 0.001177 0.539352 -0.001091 
3175 10.427967 0.000000 1.265623 19.453016 0.048381 0.662865 -0.001478 
3176 10.427967 0.000000 1.243838 19.451955 0.051494 0.702784 -0.001514 
3177 10.427967 0.000000 1.287409 19.453564 0.058501 0.633732 -0.001437 
3178 10.684932 0.000000 1.461693 19.452389 -0.001274 0.456839 -0.000797 
3179 10.684932 0.000000 1.548835 19.452992 0.001354 0.390114 -0.000710 
3180 10.825094 0.000000 1.330980 19.449684 0.006079 0.597445 -0.000911 
3181 10.778373 0.000000 1.330980 19.450226 0.003531 0.593845 -0.000955 
3182 10.825094 0.000000 1.374551 19.450138 0.004194 0.552732 -0.000822 
3183 11.058698 0.000000 1.461693 19.449586 0.002785 0.464863 -0.000529 
3184 11.058698 0.000000 1.548835 19.450173 0.000821 0.392306 -0.000425 
3185 11.011978 0.000000 1.243838 19.447723 0.004896 0.727014 -0.001163 
3186 11.011978 0.000000 1.200266 19.447097 0.008789 0.799139 -0.001390 
3187 11.011978 0.000000 1.287409 19.448259 0.015194 0.657779 -0.000965 
3188 11.011978 0.000000 1.330980 19.448623 0.006141 0.606373 -0.000830 
3189 11.058698 0.000000 1.330980 19.448506 0.007682 0.605374 -0.000815 
3190 11.011978 0.000000 1.374551 19.449101 0.005501 0.553286 -0.000717 
3191 11.198861 0.000000 1.243838 19.447380 0.000151 0.729595 -0.001138 
3192 11.198861 0.000000 1.200266 19.447072 0.008644 0.801375 -0.001397 
3193 11.198861 0.000000 1.287409 19.447821 0.012246 0.658750 -0.000923 
3194 11.198861 0.000000 1.330980 19.448187 0.007548 0.606637 -0.000787 
3195 11.152140 0.000000 1.330980 19.448274 0.007585 0.606249 -0.000794 
3196 11.198861 0.000000 1.374551 19.448487 0.005307 0.554860 -0.000658 
3197 11.432465 0.000000 1.461693 19.449251 0.021513 0.414166 -0.000378 
3198 11.525907 0.000000 1.461693 19.449314 -0.002335 0.356787 -0.000266 
3199 11.432465 0.000000 1.548835 19.449934 -0.003524 0.294495 -0.000222 
3200 11.619349 0.000000 1.461693 19.449213 -0.002292 0.357162 -0.000256 
3201 11.619349 0.000000 1.548835 19.449547 -0.003444 0.295235 -0.000184 
3202 11.385744 0.000000 1.330980 19.447986 0.007440 0.607941 -0.000770 
3203 11.432465 0.000000 1.330980 19.447934 -0.008950 0.599156 -0.000737 
3204 11.385744 0.000000 1.374551 19.448219 0.005201 0.556100 -0.000634 
3205 11.993115 0.000000 1.461693 19.448686 -0.001187 0.365456 -0.000218 
3206 11.993115 0.000000 1.548835 19.448954 0.003491 0.305130 -0.000139 
3207 11.852953 0.000000 1.243838 19.448251 -0.005456 0.588209 -0.000735 
3208 11.852953 0.000000 1.200266 19.448091 -0.002208 0.653275 -0.000932 
3209 11.852953 0.000000 1.287409 19.448408 0.005483 0.525856 -0.000567 
3210 11.852953 0.000000 1.330980 19.448565 0.001260 0.480447 -0.000463 
3211 11.899674 0.000000 1.330980 19.448573 0.001275 0.480596 -0.000464 
3212 11.852953 0.000000 1.374551 19.448721 -0.000496 0.435104 -0.000369 
3213 11.666069 0.000000 1.330980 19.448609 0.001212 0.479679 -0.000465 
3214 11.619349 0.000000 1.330980 19.448637 0.001193 0.479456 -0.000468 
3215 11.666069 0.000000 1.374551 19.448798 -0.000541 0.434373 -0.000375 
3216 12.039836 0.000000 1.243838 19.448362 -0.005419 0.588790 -0.000748 
3217 12.039836 0.000000 1.200266 19.448237 -0.002170 0.653869 -0.000949 
3218 12.039836 0.000000 1.287409 19.448486 0.005519 0.526424 -0.000577 
3219 12.039836 0.000000 1.330980 19.448355 0.003718 0.488700 -0.000462 
3220 11.993115 0.000000 1.330980 19.448594 0.001280 0.480865 -0.000467 
3221 12.039836 0.000000 1.374551 19.448468 0.001443 0.443153 -0.000362 
3222 11.946394 0.000000 1.330980 19.448584 0.001267 0.480721 -0.000465 
3223 11.946394 0.000000 1.374551 19.448718 -0.000491 0.435383 -0.000369 
3224 12.366882 0.000000 1.461693 19.448888 0.014272 0.365643 -0.000240 
3225 12.366882 0.000000 1.548835 19.448875 0.008910 0.303886 -0.000129 
3226 12.226720 0.000000 1.330980 19.448571 0.022932 0.490601 -0.000491 
3227 12.273440 0.000000 1.330980 19.448596 0.022941 0.490699 -0.000493 
3228 12.226720 0.000000 1.374551 19.448666 0.019337 0.444224 -0.000385 
3229 12.740649 0.000000 1.461693 19.448927 0.010434 0.369077 -0.000250 
3230 12.740649 0.000000 1.548835 19.449014 0.006503 0.305473 -0.000145 
3231 12.507045 0.000000 1.330980 19.448729 0.022978 0.491093 -0.000508 
3232 12.460324 0.000000 1.330980 19.448707 0.022969 0.491022 -0.000506 
3233 12.507045 0.000000 1.374551 19.448648 0.017876 0.446617 -0.000389 
3234 12.693928 0.000000 1.243838 19.448581 0.018545 0.603758 -0.000819 
3235 12.693928 0.000000 1.200266 19.448527 0.023778 0.670377 -0.001038 
3236 12.693928 0.000000 1.287409 19.448708 0.024988 0.541268 -0.000643 
3237 12.693928 0.000000 1.330980 19.448761 0.018902 0.494562 -0.000520 
3238 12.740649 0.000000 1.330980 19.448780 0.018908 0.494628 -0.000522 
3239 12.693928 0.000000 1.374551 19.448808 0.015379 0.448074 -0.000409 
3240 13.114416 0.000000 1.461693 19.449089 0.010467 0.369411 -0.000267 
3241 13.207857 0.000000 1.461693 19.449130 0.029711 0.342595 -0.000223 
3242 13.114416 0.000000 1.548835 19.449150 0.006541 0.305796 -0.000160 
3243 12.880811 0.000000 1.243838 19.448766 0.015997 0.605291 -0.000842 
3244 12.880811 0.000000 1.200266 19.448723 0.021214 0.671956 -0.001063 
3245 12.880811 0.000000 1.287409 19.448808 0.025005 0.541499 -0.000654 
3246 12.880811 0.000000 1.330980 19.448850 0.018919 0.494793 -0.000530 
3247 12.834090 0.000000 1.330980 19.448826 0.018917 0.494744 -0.000527 
3248 12.880811 0.000000 1.374551 19.448900 0.015400 0.448287 -0.000419 
3249 13.067695 0.000000 1.330980 19.448970 0.018937 0.494931 -0.000543 
3250 13.114416 0.000000 1.330980 19.448993 0.018942 0.494966 -0.000545 
3251 13.067695 0.000000 1.374551 19.449004 0.015413 0.448435 -0.000430 
3252 5.125151 0.000000 0.895269 19.434718 -0.018291 0.774561 -0.000016 
3253 5.125151 0.000000 0.851698 19.432725 -0.014853 0.820296 -0.000004 
3254 5.171872 0.000000 0.895269 19.434919 -0.018423 0.777174 -0.000047 
3255 4.914908 0.000000 0.960626 19.438770 -0.038098 0.654009 0.000020 
3256 4.914908 0.000000 0.938840 19.436981 -0.034286 0.693530 0.000064 
3257 4.914908 0.000000 0.982411 19.440326 -0.020002 0.605683 0.000024 
3258 5.008349 0.000000 0.960626 19.438627 -0.037717 0.659066 0.000017 
3259 5.008349 0.000000 0.938840 19.437080 -0.034604 0.698634 0.000035 
3260 5.008349 0.000000 0.982411 19.440129 -0.020379 0.612285 0.000023 
3261 5.428837 0.000000 0.960626 19.440432 -0.030671 0.689117 -0.000274 
3262 5.428837 0.000000 0.938840 19.438867 -0.028155 0.726473 -0.000253 
3263 5.428837 0.000000 0.982411 19.442094 -0.018907 0.645737 -0.000290 
3264 5.779243 0.000000 0.895269 19.439744 -0.010880 0.809018 -0.000676 
3265 5.779243 0.000000 0.851698 19.438097 -0.024237 0.837473 -0.000632 
3266 5.825964 0.000000 0.895269 19.439759 -0.010375 0.811249 -0.000687 
3267 6.807102 0.000000 1.069553 19.439737 -0.006344 0.632476 -0.000002 
3268 6.807102 0.000000 1.113124 19.442538 -0.003160 0.592839 -0.000162 
3269 6.993985 0.000000 1.069553 19.441356 -0.013840 0.645049 -0.000212 
3270 6.993985 0.000000 1.113124 19.443924 -0.010414 0.604153 -0.000340 
3271 0.476428 0.000000 0.917054 17.335138 0.004451 3.702303 0.169411 
3272 0.453067 0.000000 0.917054 17.115753 0.003865 3.812603 0.187198 
3273 0.476428 0.000000 0.938840 17.267902 0.004534 3.717611 0.175260 
3274 0.429707 0.000000 0.917054 16.866119 0.003531 3.861294 0.208634 
3275 0.406346 0.000000 0.917054 16.599705 0.003312 3.818084 0.233079 
3276 0.429707 0.000000 0.938840 16.779955 0.004527 4.219751 0.208641 
3277 0.382986 0.000000 0.917054 16.590236 0.002968 3.790944 0.234456 
3278 0.359625 0.000000 0.917054 16.825847 0.002844 3.811572 0.213230 
3279 0.382986 0.000000 0.938840 16.773177 0.003963 4.223292 0.209163 
3280 0.336265 0.000000 0.917054 17.258535 0.003285 3.880906 0.172835 
3281 0.336265 0.000000 0.938840 16.928851 0.004233 4.565104 0.187354 
3282 0.242823 0.000000 0.873483 19.680916 0.001533 1.361737 -0.028787 
3283 0.441387 0.000000 0.862591 18.141297 0.011520 5.315354 0.055360 
3284 0.429707 0.000000 0.862591 18.229252 0.011470 5.283047 0.047809 
3285 0.441387 0.000000 0.873483 17.838447 0.010406 5.110492 0.089809 
3286 0.266184 0.000000 1.156695 18.085975 0.005862 0.976130 0.132823 
3287 0.219463 0.000000 1.156695 18.160060 0.004514 0.615833 0.127241 
3288 0.266184 0.000000 1.200266 18.376104 0.005337 0.776947 0.105782 
3289 0.172742 0.000000 1.156695 18.300975 0.003593 0.322736 0.114386 
3290 0.126021 0.000000 1.156695 18.475943 0.002848 0.098300 0.097627 
3291 0.172742 0.000000 1.200266 18.508464 0.003756 0.311219 0.094217 
3292 0.196102 0.000000 1.004197 15.792706 0.000166 0.756369 0.339202 
3293 0.172742 0.000000 1.004197 15.829767 0.000133 0.071080 0.337603 
3294 0.196102 0.000000 1.025982 16.140950 0.000198 0.739630 0.309872 
3295 0.149382 0.000000 1.004197 16.986357 0.005078 -0.565925 0.236440 
3296 0.126021 0.000000 1.004197 17.629304 0.003593 -0.810153 0.176720 
3297 0.149382 0.000000 1.025982 17.315923 0.004441 -0.276200 0.207202 
3298 0.079300 0.000000 1.156695 18.652265 0.002290 -0.053582 0.080339 
3299 0.032580 0.000000 1.156695 18.808921 0.002252 -0.138159 0.064784 
3300 0.079300 0.000000 1.200266 18.749591 0.002603 0.016703 0.070724 
3301 0.336265 0.000000 0.960626 16.699868 0.004804 5.085920 0.194422 
3302 0.359625 0.000000 0.960626 16.703833 0.004501 5.080739 0.194211 
3303 0.382986 0.000000 0.960626 16.681613 0.004447 4.929706 0.200169 
3304 0.406346 0.000000 0.960626 16.752720 0.004567 4.830569 0.196442 
3305 0.429707 0.000000 0.960626 16.869363 0.005170 4.681092 0.189833 
3306 0.453067 0.000000 0.960626 16.952710 0.005687 4.363471 0.189975 
3307 0.476428 0.000000 0.960626 17.075691 0.006571 4.056781 0.185740 
3308 0.499788 0.000000 0.960626 17.107716 0.006204 3.761681 0.188945 
3309 0.336265 0.000000 1.047768 16.784375 0.002704 3.730927 0.218522 
3310 0.312905 0.000000 1.047768 16.555115 0.002011 3.304581 0.246656 
3311 0.336265 0.000000 1.069553 17.198566 0.001814 2.963232 0.194900 
3312 0.523148 0.000000 0.960626 17.377529 0.006552 3.429594 0.170662 
3313 0.546509 0.000000 0.960626 17.608082 0.006587 3.225384 0.152933 
3314 0.569869 0.000000 0.960626 17.850592 0.007565 3.000293 0.133906 
3315 0.593230 0.000000 0.960626 18.142038 0.007564 2.751190 0.109965 
3316 0.569869 0.000000 0.982411 17.953646 0.008201 3.166188 0.121449 
3317 0.569869 0.000000 1.004197 18.044592 0.008694 3.207067 0.112106 
3318 0.593230 0.000000 1.004197 18.149308 0.008593 3.051823 0.104655 
3319 0.569869 0.000000 1.025982 18.358360 0.008815 3.198344 0.082060 
3320 0.616590 0.000000 0.960626 18.339482 0.007909 2.513799 0.094228 
3321 0.639950 0.000000 0.960626 18.460384 0.007993 2.354202 0.084521 
3322 0.616590 0.000000 0.982411 18.090832 0.009023 2.727178 0.115217 
3323 0.663311 0.000000 0.960626 18.481687 0.008166 2.335244 0.082675 
3324 0.686671 0.000000 0.960626 18.638174 0.008944 2.154796 0.069462 
3325 0.663311 0.000000 0.982411 18.352416 0.008999 2.478916 0.093434 
3326 0.663311 0.000000 1.004197 18.483433 0.010267 2.595350 0.079115 
3327 0.639950 0.000000 1.004197 18.396548 0.009478 2.692210 0.086231 
3328 0.686671 0.000000 1.004197 18.573802 0.010707 2.428764 0.072475 
3329 0.616590 0.000000 1.004197 18.313190 0.008904 2.837349 0.092199 
3330 0.616590 0.000000 1.025982 18.479467 0.009638 2.857648 0.075721 
3331 1.107159 0.000000 1.069553 19.545985 0.024960 1.600454 -0.016667 
3332 1.153880 0.000000 1.069553 19.519251 0.025668 1.586532 -0.013789 
3333 1.107159 0.000000 1.113124 19.547683 0.025705 1.647932 -0.017250 
3334 1.107159 0.000000 1.156695 19.568542 0.024347 1.566905 -0.018718 
3335 1.153880 0.000000 1.156695 19.562770 0.024227 1.534619 -0.017856 
3336 1.107159 0.000000 1.200266 19.587142 0.022965 1.478806 -0.019934 
3337 3.863689 0.000000 2.071688 19.446813 -0.009954 0.136791 0.000278 
3338 4.237455 0.000000 2.071688 19.447269 -0.012470 0.135645 0.000232 
3339 3.863689 0.000000 2.420257 19.445699 0.028104 0.061573 0.000430 
3340 2.041576 0.000000 1.069553 19.175970 0.011411 -1.736269 0.020010 
3341 1.994855 0.000000 1.069553 19.220797 0.013638 -1.613230 0.016550 
3342 2.041576 0.000000 1.113124 19.137551 0.013826 -1.743946 0.023830 
3343 2.041576 0.000000 1.156695 19.139576 0.013701 -1.788737 0.023207 
3344 1.994855 0.000000 1.156695 19.150077 0.014192 -1.677895 0.023160 
3345 2.041576 0.000000 1.200266 19.111820 0.013457 -1.755068 0.026329 
3346 3.303039 0.000000 1.548835 19.437832 -0.008267 0.316954 0.000985 
3347 3.489922 0.000000 1.548835 19.439952 -0.010027 0.319381 0.000763 
3348 3.303039 0.000000 1.723119 19.441957 -0.033961 0.259819 0.000645 
3349 2.648947 0.000000 1.287409 19.421642 -0.011262 0.501453 0.002249 
3350 2.742388 0.000000 1.287409 19.427389 -0.009862 0.497750 0.001668 
3351 2.648947 0.000000 1.374551 19.419945 -0.012461 0.427088 0.002605 
3352 0.359625 0.000000 1.243838 18.636495 0.005798 1.016496 0.079170 
3353 0.312905 0.000000 1.243838 18.580411 0.004996 0.830333 0.085596 
3354 0.359625 0.000000 1.287409 18.779584 0.004816 0.824792 0.065951 
3355 1.107159 0.000000 1.243838 19.627913 0.018896 1.186745 -0.022102 
3356 1.153880 0.000000 1.243838 19.567151 0.022767 1.335863 -0.016801 
3357 1.107159 0.000000 1.287409 19.641663 0.017796 1.151527 -0.023311 
3358 2.415343 0.000000 1.069553 19.440092 -0.008440 0.657613 -0.000125 
3359 2.462063 0.000000 1.069553 19.436103 -0.009529 0.643074 0.000335 
3360 2.415343 0.000000 1.113124 19.421555 -0.007743 0.656582 0.001783 
3361 2.415343 0.000000 1.156695 19.403148 -0.007922 0.634670 0.003747 
3362 2.462063 0.000000 1.156695 19.412838 -0.009251 0.620764 0.002799 
3363 2.415343 0.000000 1.200266 19.389935 -0.008530 0.598002 0.005221 
3364 0.534829 0.000000 0.797234 19.790163 -0.001284 2.881206 -0.057228 
3365 0.534829 0.000000 0.786341 19.919745 -0.001201 2.773455 -0.069219 
3366 0.546509 0.000000 0.797234 19.715830 -0.000885 2.744811 -0.047437 
3367 0.581549 0.000000 0.840805 19.181931 0.010366 2.528753 0.010471 
3368 0.593230 0.000000 0.840805 19.189866 0.011018 2.423224 0.011048 
3369 0.581549 0.000000 0.851698 19.077012 0.008228 2.531617 0.021044 
3370 0.558189 0.000000 0.797234 19.657476 -0.000549 2.618008 -0.039566 
3371 0.558189 0.000000 0.786341 19.760236 -0.000680 2.542857 -0.049248 
3372 0.569869 0.000000 0.797234 19.610738 -0.000189 2.508644 -0.033232 
3373 0.604910 0.000000 0.840805 19.198393 0.011703 2.326251 0.011400 
3374 0.616590 0.000000 0.840805 19.207305 0.012156 2.239268 0.011545 
3375 0.604910 0.000000 0.851698 19.112269 0.009631 2.325800 0.020127 
3376 0.710032 0.000000 0.786341 19.494110 0.002424 1.725651 -0.012413 
3377 0.710032 0.000000 0.764556 19.562642 0.001268 1.676412 -0.019045 
3378 0.733392 0.000000 0.786341 19.499428 0.003223 1.638440 -0.012185 
3379 0.756753 0.000000 0.786341 19.510519 0.004015 1.570174 -0.012750 
3380 0.756753 0.000000 0.764556 19.563767 0.002855 1.544972 -0.018042 
3381 0.780113 0.000000 0.786341 19.526963 0.004734 1.513156 -0.013982 
3382 0.803473 0.000000 0.786341 19.546369 0.005587 1.464131 -0.015601 
3383 0.803473 0.000000 0.764556 19.588136 0.004398 1.444394 -0.019770 
3384 0.826834 0.000000 0.786341 19.568100 0.006416 1.417968 -0.017496 
3385 0.850194 0.000000 0.786341 19.591843 0.007273 1.378702 -0.019663 
3386 0.850194 0.000000 0.764556 19.623308 0.006051 1.365627 -0.022830 
3387 0.873555 0.000000 0.786341 19.616934 0.008130 1.346304 -0.022031 
3388 0.850194 0.000000 0.917054 19.221786 0.013461 1.471622 0.017604 
3389 0.873555 0.000000 0.917054 19.375024 0.015798 1.387324 0.002606 
3390 0.850194 0.000000 0.938840 19.221472 0.013414 1.475453 0.017606 
3391 0.896915 0.000000 0.786341 19.641053 0.009006 1.318356 -0.024337 
3392 0.896915 0.000000 0.764556 19.664244 0.007778 1.309349 -0.026683 
3393 0.920276 0.000000 0.786341 19.664952 0.009823 1.292897 -0.026644 
3394 0.943636 0.000000 0.786341 19.687133 0.010823 1.273032 -0.028817 
3395 0.943636 0.000000 0.764556 19.703173 0.009568 1.267990 -0.030453 
3396 0.966996 0.000000 0.786341 19.706357 0.011694 1.256716 -0.030710 
3397 0.896915 0.000000 0.917054 19.376087 0.015733 1.382217 0.002535 
3398 0.920276 0.000000 0.917054 19.376213 0.015626 1.385326 0.002499 
3399 0.896915 0.000000 0.938840 19.375384 0.015661 1.390019 0.002550 
3400 1.200601 0.000000 0.982411 19.467316 0.026352 1.468882 -0.007487 
3401 1.247321 0.000000 0.982411 19.363054 0.028433 1.426191 0.003542 
3402 1.200601 0.000000 1.025982 19.470122 0.026759 1.502561 -0.008040 
3403 1.527646 0.000000 0.590271 19.431170 0.029015 0.904194 -0.000228 
3404 1.527646 0.000000 0.503129 19.466422 -0.001698 0.770599 -0.003259 
3405 1.621088 0.000000 0.590271 19.408176 0.028821 0.861659 0.002331 
3406 1.294042 0.000000 0.720985 19.536858 0.011450 1.148242 -0.012437 
3407 1.294042 0.000000 0.677414 19.553114 0.007766 1.120472 -0.013950 
3408 1.340763 0.000000 0.720985 19.487426 0.010673 1.130258 -0.007229 
3409 1.387484 0.000000 0.808127 19.394996 0.014658 1.077586 0.002578 
3410 1.387484 0.000000 0.764556 19.420157 0.012299 1.107357 -0.000175 
3411 1.434205 0.000000 0.808127 19.354268 0.012558 1.047133 0.006921 
3412 1.294042 0.000000 0.982411 19.356876 0.028655 1.424421 0.004187 
3413 1.340763 0.000000 0.982411 19.349749 0.028732 1.363222 0.005367 
3414 1.294042 0.000000 1.025982 19.376872 0.029668 1.481072 0.001705 
3415 1.480926 0.000000 0.808127 19.322507 0.010687 1.014324 0.010347 
3416 1.480926 0.000000 0.764556 19.352131 0.009034 1.047672 0.007137 
3417 1.527646 0.000000 0.808127 19.299496 0.008586 0.980255 0.012876 
3418 1.761251 0.000000 0.982411 18.914370 0.024666 0.361644 0.053972 
3419 1.714530 0.000000 0.982411 18.920869 0.026878 0.683563 0.052432 
3420 1.761251 0.000000 1.025982 18.903908 0.024293 0.281763 0.055154 
3421 1.667809 0.000000 0.982411 18.939809 0.026998 0.764447 0.050227 
3422 1.621088 0.000000 0.982411 18.955900 0.027024 0.790724 0.048507 
3423 1.667809 0.000000 1.025982 19.126274 0.030479 0.826947 0.031201 
3424 1.714530 0.000000 0.590271 19.399572 -0.003333 0.837627 0.003324 
3425 1.714530 0.000000 0.503129 19.424975 -0.001579 0.700547 0.001274 
3426 1.807972 0.000000 0.590271 19.399244 -0.004451 0.798741 0.003526 
3427 2.508784 0.000000 0.982411 19.451397 -0.011640 0.587788 -0.001057 
3428 2.555505 0.000000 0.982411 19.449894 -0.011514 0.581883 -0.000884 
3429 2.508784 0.000000 1.025982 19.443469 -0.008551 0.618711 -0.000341 
3430 2.602226 0.000000 0.982411 19.448326 -0.011230 0.576869 -0.000708 
3431 2.648947 0.000000 0.982411 19.448406 -0.010732 0.572129 -0.000702 
3432 2.602226 0.000000 1.025982 19.442971 -0.010060 0.605323 -0.000246 
3433 2.835830 0.000000 1.287409 19.431261 -0.009744 0.495483 0.001277 
3434 2.929272 0.000000 1.287409 19.433628 -0.009529 0.494041 0.001037 
3435 2.835830 0.000000 1.374551 19.429420 -0.013319 0.426410 0.001634 
3436 2.882551 0.000000 0.982411 19.450445 -0.007813 0.553574 -0.000856 
3437 2.835830 0.000000 0.982411 19.450781 -0.008411 0.556302 -0.000899 
3438 2.882551 0.000000 1.025982 19.447249 -0.006255 0.578032 -0.000600 
3439 2.789109 0.000000 0.982411 19.450307 -0.009094 0.559739 -0.000860 
3440 2.742388 0.000000 0.982411 19.449601 -0.009675 0.563297 -0.000798 
3441 2.789109 0.000000 1.025982 19.445893 -0.007752 0.585719 -0.000485 
3442 4.611222 0.000000 2.071688 19.443641 -0.020676 0.132792 0.000606 
3443 4.984989 0.000000 2.071688 19.440303 -0.019217 0.136545 0.000947 
3444 4.611222 0.000000 2.420257 19.442034 -0.007451 0.050723 0.000812 
3445 3.676805 0.000000 1.548835 19.439252 -0.004656 0.320811 0.000833 
3446 3.863689 0.000000 1.548835 19.439625 -0.002568 0.322319 0.000792 
3447 3.676805 0.000000 1.723119 19.442238 -0.008284 0.244003 0.000640 
3448 6.853823 0.000000 2.071688 19.443228 0.041192 0.136348 0.000643 
3449 6.480056 0.000000 2.071688 19.441244 -0.000781 0.152936 0.000838 
3450 6.853823 0.000000 2.420257 19.446880 -0.006101 0.072105 0.000307 
3451 6.106289 0.000000 2.071688 19.439548 -0.001188 0.148989 0.001016 
3452 5.732522 0.000000 2.071688 19.437998 -0.001155 0.143584 0.001179 
3453 6.106289 0.000000 2.420257 19.442898 -0.006483 0.067815 0.000718 
3454 6.666939 0.000000 0.503129 19.411397 -0.029097 0.614200 0.002966 
3455 6.666939 0.000000 0.328845 19.418821 -0.024316 0.385662 0.002809 
3456 6.853823 0.000000 0.503129 19.408494 -0.026746 0.608458 0.003283 
3457 7.040706 0.000000 0.503129 19.408202 -0.025876 0.604818 0.003325 
3458 7.040706 0.000000 0.328845 19.413183 -0.024088 0.369897 0.003419 
3459 7.227589 0.000000 0.503129 19.408548 -0.023924 0.603764 0.003293 
3460 7.040706 0.000000 1.548835 19.449804 -0.013115 0.376378 -0.000355 
3461 6.853823 0.000000 1.548835 19.448730 -0.012651 0.376461 -0.000244 
3462 7.040706 0.000000 1.723119 19.446735 -0.029648 0.281450 0.000124 
3463 6.666939 0.000000 1.548835 19.447887 -0.012365 0.376080 -0.000157 
3464 6.480056 0.000000 1.548835 19.447234 -0.012118 0.375486 -0.000089 
3465 6.666939 0.000000 1.723119 19.447017 0.008368 0.300938 0.000067 
3466 6.573498 0.000000 0.764556 19.411588 -0.013225 0.878766 0.001904 
3467 6.573498 0.000000 0.677414 19.412648 -0.019553 0.799472 0.002147 
3468 6.666939 0.000000 0.764556 19.409701 -0.013429 0.884764 0.002070 
3469 6.760381 0.000000 0.764556 19.408767 -0.015134 0.891170 0.002135 
3470 6.760381 0.000000 0.677414 19.409543 -0.017404 0.805115 0.002442 
3471 6.853823 0.000000 0.764556 19.408955 -0.017727 0.897980 0.002084 
3472 7.414473 0.000000 0.503129 19.408779 -0.019986 0.604780 0.003266 
3473 7.414473 0.000000 0.328845 19.410654 -0.024876 0.359531 0.003698 
3474 7.601356 0.000000 0.503129 19.409678 -0.015161 0.607414 0.003166 
3475 7.788239 0.000000 0.503129 19.411283 -0.011477 0.611190 0.002989 
3476 7.788239 0.000000 0.328845 19.410100 -0.028296 0.354725 0.003764 
3477 7.975123 0.000000 0.503129 19.413050 -0.010313 0.615694 0.002794 
3478 6.947264 0.000000 0.764556 19.409890 -0.020556 0.905016 0.001954 
3479 6.947264 0.000000 0.677414 19.410284 -0.019132 0.812849 0.002332 
3480 7.040706 0.000000 0.764556 19.411416 -0.022872 0.912293 0.001762 
3481 7.134148 0.000000 0.764556 19.412916 -0.024319 0.919888 0.001571 
3482 7.134148 0.000000 0.677414 19.410532 0.017861 0.837868 0.002198 
3483 7.227589 0.000000 0.764556 19.414348 -0.024754 0.927818 0.001386 
3484 6.293172 0.000000 1.548835 19.446556 -0.012030 0.374313 -0.000017 
3485 6.106289 0.000000 1.548835 19.445855 -0.011687 0.373774 0.000057 
3486 6.293172 0.000000 1.723119 19.446295 0.007783 0.298464 0.000145 
3487 5.919406 0.000000 1.548835 19.444845 -0.011284 0.373327 0.000161 
3488 5.732522 0.000000 1.548835 19.443690 -0.011099 0.372555 0.000282 
3489 5.919406 0.000000 1.723119 19.445116 0.008254 0.296222 0.000270 
3490 7.321031 0.000000 0.764556 19.415595 -0.023970 0.935870 0.001218 
3491 7.321031 0.000000 0.677414 19.415096 -0.017079 0.834338 0.001745 
3492 7.414473 0.000000 0.764556 19.416605 -0.022384 0.944085 0.001074 
3493 7.507914 0.000000 0.764556 19.417269 -0.020005 0.952237 0.000965 
3494 7.507914 0.000000 0.677414 19.416695 -0.010395 0.847238 0.001524 
3495 7.601356 0.000000 0.764556 19.417804 -0.016972 0.960126 0.000870 
3496 7.507914 0.000000 1.287409 19.451591 0.004394 0.484168 -0.000783 
3497 7.414473 0.000000 1.287409 19.451944 0.003889 0.484736 -0.000821 
3498 7.507914 0.000000 1.374551 19.451818 -0.021551 0.470942 -0.000774 
3499 7.321031 0.000000 1.287409 19.451862 0.004672 0.483885 -0.000810 
3500 7.227589 0.000000 1.287409 19.451637 -0.015110 0.513264 -0.000865 
3501 7.321031 0.000000 1.374551 19.451437 -0.017302 0.466545 -0.000724 
3502 8.162006 0.000000 0.503129 19.413216 -0.012009 0.620551 0.002761 
3503 8.162006 0.000000 0.328845 19.409878 -0.040229 0.356139 0.003782 
3504 8.348890 0.000000 0.503129 19.410040 -0.015195 0.625080 0.003071 
3505 8.535773 0.000000 0.503129 19.403682 -0.017239 0.629136 0.003710 
3506 8.535773 0.000000 0.328845 19.401858 -0.048863 0.359657 0.004596 
3507 8.722656 0.000000 0.503129 19.397301 -0.016465 0.632833 0.004352 
3508 7.694798 0.000000 0.764556 19.417971 -0.013416 0.967486 0.000816 
3509 7.694798 0.000000 0.677414 19.418140 -0.001863 0.860042 0.001318 
3510 7.788239 0.000000 0.764556 19.419950 -0.045197 0.959099 0.000651 
3511 7.881681 0.000000 0.764556 19.419625 -0.041203 0.964721 0.000656 
3512 7.881681 0.000000 0.677414 19.418979 0.006534 0.870776 0.001183 
3513 7.975123 0.000000 0.764556 19.419134 -0.037519 0.969522 0.000683 
3514 7.741519 0.000000 1.156695 19.446004 -0.015572 0.594042 -0.000523 
3515 7.694798 0.000000 1.156695 19.446712 -0.015959 0.592304 -0.000590 
3516 7.741519 0.000000 1.200266 19.447608 -0.007793 0.553233 -0.000563 
3517 7.648077 0.000000 1.156695 19.447347 -0.016117 0.590619 -0.000650 
3518 7.601356 0.000000 1.156695 19.447977 -0.016088 0.589068 -0.000710 
3519 7.648077 0.000000 1.200266 19.448841 -0.009061 0.551656 -0.000685 
3520 8.068564 0.000000 0.764556 19.422093 0.002782 0.950826 0.000478 
3521 8.068564 0.000000 0.677414 19.418972 0.012147 0.878676 0.001147 
3522 8.162006 0.000000 0.764556 19.420928 0.005225 0.953983 0.000581 
3523 8.255448 0.000000 0.764556 19.419431 0.006986 0.956890 0.000720 
3524 8.255448 0.000000 0.677414 19.416818 0.014014 0.884463 0.001341 
3525 8.348890 0.000000 0.764556 19.417461 0.008193 0.959788 0.000908 
3526 8.909540 0.000000 0.503129 19.393265 -0.014276 0.636582 0.004754 
3527 8.909540 0.000000 0.328845 19.392272 -0.044387 0.358190 0.005583 
3528 9.096423 0.000000 0.503129 19.391589 -0.012728 0.640881 0.004911 
3529 9.283306 0.000000 0.503129 19.391042 -0.012789 0.645482 0.004952 
3530 9.283306 0.000000 0.328845 19.388975 -0.036607 0.357270 0.005924 
3531 9.470190 0.000000 0.503129 19.390935 -0.013948 0.649976 0.004947 
3532 8.442331 0.000000 0.764556 19.415209 0.009036 0.963076 0.001122 
3533 8.442331 0.000000 0.677414 19.412074 0.013017 0.890090 0.001801 
3534 8.535773 0.000000 0.764556 19.412863 0.009788 0.967018 0.001343 
3535 8.629215 0.000000 0.764556 19.410634 0.010601 0.971655 0.001548 
3536 8.629215 0.000000 0.677414 19.406212 0.011847 0.897615 0.002367 
3537 8.722656 0.000000 0.764556 19.408639 0.011499 0.976992 0.001725 
3538 8.816098 0.000000 0.764556 19.407106 0.012512 0.982898 0.001852 
3539 8.816098 0.000000 0.677414 19.401750 0.011542 0.907295 0.002779 
3540 8.909540 0.000000 0.764556 19.406000 0.013528 0.989185 0.001932 
3541 9.002981 0.000000 0.938840 19.415049 0.015267 0.998963 0.000952 
3542 9.002981 0.000000 0.851698 19.409827 -0.031567 1.032111 0.001308 
3543 9.096423 0.000000 0.938840 19.414986 0.018948 1.006935 0.000916 
3544 8.956261 0.000000 1.069553 19.426959 0.017623 0.831717 0.000538 
3545 8.956261 0.000000 1.025982 19.422692 0.016152 0.894512 0.000690 
3546 9.002981 0.000000 1.069553 19.427135 0.019465 0.836529 0.000499 
3547 9.049702 0.000000 1.069553 19.427332 0.021196 0.841432 0.000457 
3548 9.049702 0.000000 1.025982 19.422933 0.020030 0.903376 0.000623 
3549 9.096423 0.000000 1.069553 19.427499 0.022808 0.846392 0.000417 
3550 9.657073 0.000000 0.503129 19.391605 -0.015096 0.653481 0.004866 
3551 9.657073 0.000000 0.328845 19.390650 -0.031764 0.357450 0.005753 
3552 9.843957 0.000000 0.503129 19.394304 -0.016041 0.655130 0.004584 
3553 10.030840 0.000000 0.503129 19.399785 -0.016856 0.655216 0.004021 
3554 10.030840 0.000000 0.328845 19.400205 -0.029423 0.356493 0.004776 
3555 10.217723 0.000000 0.503129 19.407478 -0.017525 0.654709 0.003234 
3556 9.750515 0.000000 1.461693 19.458119 0.001484 0.441538 -0.001350 
3557 9.657073 0.000000 1.461693 19.457501 0.002353 0.439409 -0.001282 
3558 9.750515 0.000000 1.548835 19.459397 -0.000933 0.378862 -0.001346 
3559 9.797236 0.000000 1.330980 19.457101 0.056189 0.552562 -0.001546 
3560 9.750515 0.000000 1.330980 19.457009 0.056512 0.550029 -0.001529 
3561 9.797236 0.000000 1.374551 19.459113 0.051688 0.508952 -0.001629 
3562 9.703794 0.000000 1.330980 19.456871 0.056825 0.547486 -0.001508 
3563 9.657073 0.000000 1.330980 19.456714 0.057117 0.544943 -0.001484 
3564 9.703794 0.000000 1.374551 19.458940 0.052398 0.505228 -0.001601 
3565 10.404607 0.000000 0.503129 19.416212 -0.017706 0.654709 0.002337 
3566 10.404607 0.000000 0.328845 19.415415 -0.028229 0.356933 0.003214 
3567 10.591490 0.000000 0.503129 19.424516 -0.017441 0.655825 0.001481 
3568 10.778373 0.000000 0.503129 19.431448 -0.017229 0.658028 0.000761 
3569 10.778373 0.000000 0.328845 19.429461 -0.024474 0.353764 0.001778 
3570 10.965257 0.000000 0.503129 19.436340 -0.066534 0.611541 0.000404 
3571 11.152140 0.000000 0.503129 19.440175 -0.010842 0.588828 0.000093 
3572 11.152140 0.000000 0.328845 19.438454 -0.021532 0.341900 0.000877 
3573 11.339023 0.000000 0.503129 19.441560 -0.008061 0.645640 -0.000234 
3574 11.525907 0.000000 0.503129 19.443362 -0.007846 0.646569 -0.000423 
3575 11.525907 0.000000 0.328845 19.442747 -0.018125 0.432092 0.000251 
3576 11.712790 0.000000 0.503129 19.445054 -0.018059 0.584193 -0.000394 
3577 11.899674 0.000000 0.503129 19.445729 -0.015580 0.440930 -0.000075 
3578 11.899674 0.000000 0.328845 19.445391 -0.018131 0.246922 0.000312 
3579 12.086557 0.000000 0.503129 19.446460 -0.023700 0.436303 -0.000141 
3580 12.273440 0.000000 0.503129 19.446977 -0.014050 0.465163 -0.000262 
3581 12.273440 0.000000 0.328845 19.446736 -0.038181 0.269303 0.000140 
3582 12.460324 0.000000 0.503129 19.447421 -0.013094 0.471281 -0.000322 
3583 12.647207 0.000000 0.503129 19.447804 -0.013044 0.471459 -0.000362 
3584 12.647207 0.000000 0.328845 19.447677 -0.038080 0.268310 0.000045 
3585 12.834090 0.000000 0.503129 19.448113 -0.013008 0.471608 -0.000394 
3586 13.020974 0.000000 0.503129 19.448370 -0.012995 0.471709 -0.000421 
3587 13.020974 0.000000 0.328845 19.448296 -0.038024 0.268479 -0.000019 
3588 13.207857 0.000000 0.503129 19.448573 -0.019613 0.478235 -0.000459 
3589 5.358756 0.000000 2.071688 19.438158 -0.010386 0.141671 0.001164 
3590 5.358756 0.000000 2.420257 19.440190 -0.006347 0.059136 0.000999 
3591 5.545639 0.000000 1.548835 19.442841 -0.011221 0.371242 0.000371 
3592 5.358756 0.000000 1.548835 19.442334 -0.011872 0.369538 0.000427 
3593 5.545639 0.000000 1.723119 19.444060 0.009247 0.293286 0.000383 
3594 5.171872 0.000000 1.548835 19.442634 0.013081 0.347546 0.000437 
3595 4.984989 0.000000 1.548835 19.442546 0.011191 0.345143 0.000451 
3596 5.171872 0.000000 1.723119 19.444172 0.009245 0.289945 0.000377 
3597 5.218593 0.000000 0.895269 19.435045 -0.018460 0.779791 -0.000071 
3598 5.218593 0.000000 0.851698 19.433031 -0.015747 0.823958 -0.000051 
3599 0.581549 0.000000 0.862591 18.971027 -0.001293 2.537226 0.031628 
3600 0.593230 0.000000 0.862591 18.999304 0.001739 2.426926 0.030238 
3601 0.581549 0.000000 0.873483 18.460783 0.008670 2.426246 0.083571 
3602 7.554635 0.000000 1.156695 19.448322 -0.016028 0.587299 -0.000740 
3603 7.507914 0.000000 1.156695 19.448652 -0.015658 0.585706 -0.000769 
3604 7.554635 0.000000 1.200266 19.449712 -0.008823 0.548810 -0.000767 
3605 7.928402 0.000000 0.982411 19.428808 -0.034811 0.881447 0.000121 
3606 7.928402 0.000000 0.938840 19.426327 -0.032668 0.934483 0.000122 
3607 7.975123 0.000000 0.982411 19.427890 -0.033275 0.884263 0.000202 
3608 8.021844 0.000000 0.982411 19.426957 -0.031603 0.887010 0.000286 
3609 8.021844 0.000000 0.938840 19.424709 -0.029439 0.939210 0.000265 
3610 8.068564 0.000000 0.982411 19.426074 -0.029749 0.889653 0.000364 
3611 8.769377 0.000000 1.243838 19.445349 0.001935 0.599999 -0.000473 
3612 8.722656 0.000000 1.243838 19.445112 0.000766 0.596700 -0.000439 
3613 8.769377 0.000000 1.287409 19.448174 0.002610 0.559878 -0.000641 
3614 9.189865 0.000000 0.938840 19.414912 0.022361 1.015217 0.000879 
3615 9.189865 0.000000 0.851698 19.409236 -0.026335 1.046609 0.001290 
3616 9.283306 0.000000 0.938840 19.414794 0.025469 1.023834 0.000844 
3617 9.143144 0.000000 1.069553 19.427730 0.024279 0.851427 0.000371 
3618 9.143144 0.000000 1.025982 19.423173 0.023475 0.912639 0.000553 
3619 9.189865 0.000000 1.069553 19.427934 0.025655 0.856538 0.000327 
3620 9.236586 0.000000 1.069553 19.428209 0.026879 0.861726 0.000275 
3621 9.236586 0.000000 1.025982 19.423461 0.026464 0.922283 0.000477 
3622 9.283306 0.000000 1.069553 19.428440 0.028002 0.866983 0.000227 
3623 9.376748 0.000000 0.938840 19.414566 0.028264 1.032846 0.000818 
3624 9.376748 0.000000 0.851698 19.408329 -0.021829 1.061475 0.001301 
3625 9.470190 0.000000 0.938840 19.414131 0.030871 1.042311 0.000811 
3626 9.330027 0.000000 1.069553 19.428687 0.029008 0.872348 0.000177 
3627 9.330027 0.000000 1.025982 19.423743 0.029013 0.932351 0.000398 
3628 9.376748 0.000000 1.069553 19.428909 0.029886 0.877821 0.000128 
3629 9.423469 0.000000 1.069553 19.429095 0.030663 0.883436 0.000083 
3630 9.423469 0.000000 1.025982 19.423898 0.031164 0.942945 0.000329 
3631 9.470190 0.000000 1.069553 19.429256 0.031335 0.889134 0.000040 
3632 9.563631 0.000000 1.461693 19.456697 0.003206 0.437090 -0.001194 
3633 9.470190 0.000000 1.461693 19.455884 0.005683 0.434939 -0.001105 
3634 9.563631 0.000000 1.548835 19.458361 0.000541 0.376956 -0.001236 
3635 9.610352 0.000000 1.330980 19.456478 0.057422 0.542374 -0.001453 
3636 9.563631 0.000000 1.330980 19.456224 0.057707 0.539800 -0.001419 
3637 9.610352 0.000000 1.374551 19.458574 0.053066 0.501429 -0.001554 
3638 9.516911 0.000000 1.330980 19.457417 0.002267 0.561507 -0.001596 
3639 9.470190 0.000000 1.330980 19.457109 0.002594 0.558908 -0.001557 
3640 9.516911 0.000000 1.374551 19.458025 0.053669 0.497561 -0.001487 
3641 9.563631 0.000000 0.938840 19.413517 0.033245 1.052327 0.000818 
3642 9.563631 0.000000 0.851698 19.404844 0.016072 1.092734 0.001481 
3643 9.657073 0.000000 0.938840 19.412848 0.035453 1.062920 0.000827 
3644 9.516911 0.000000 1.069553 19.429406 0.031893 0.894944 -0.000003 
3645 9.516911 0.000000 1.025982 19.423975 0.032874 0.954124 0.000265 
3646 9.563631 0.000000 1.069553 19.429511 0.032391 0.900903 -0.000042 
3647 9.610352 0.000000 1.069553 19.429582 0.032809 0.907011 -0.000079 
3648 9.610352 0.000000 1.025982 19.423891 0.034286 0.965971 0.000213 
3649 9.657073 0.000000 1.069553 19.429671 0.033143 0.913211 -0.000118 
3650 9.750515 0.000000 0.938840 19.412243 0.037483 1.074041 0.000826 
3651 9.750515 0.000000 0.851698 19.403169 0.032562 1.116299 0.001513 
3652 9.843957 0.000000 0.938840 19.411981 0.039283 1.085620 0.000786 
3653 9.703794 0.000000 1.069553 19.429741 0.033394 0.919520 -0.000156 
3654 9.703794 0.000000 1.025982 19.423792 0.035348 0.978404 0.000159 
3655 9.750515 0.000000 1.069553 19.429838 0.033570 0.925937 -0.000197 
3656 9.797236 0.000000 1.069553 19.429966 0.033695 0.932431 -0.000242 
3657 9.797236 0.000000 1.025982 19.423811 0.036094 0.991384 0.000090 
3658 9.843957 0.000000 1.069553 19.430167 0.033754 0.939024 -0.000296 
3659 9.937398 0.000000 0.938840 19.412232 0.040683 1.097497 0.000691 
3660 9.937398 0.000000 0.851698 19.402962 0.037236 1.132129 0.001439 
3661 10.030840 0.000000 0.938840 19.413254 0.041493 1.109490 0.000516 
3662 9.890677 0.000000 1.069553 19.430384 0.033748 0.945631 -0.000351 
3663 9.890677 0.000000 1.025982 19.424136 0.036506 1.004801 -0.000015 
3664 9.937398 0.000000 1.069553 19.430668 0.033665 0.952257 -0.000413 
3665 9.984119 0.000000 1.156695 19.442515 0.027164 0.819156 -0.001006 
3666 9.984119 0.000000 1.113124 19.437054 0.030460 0.891254 -0.000771 
3667 10.030840 0.000000 1.156695 19.442890 0.026999 0.824680 -0.001069 
3668 10.077561 0.000000 1.156695 19.443320 0.026830 0.830050 -0.001136 
3669 10.077561 0.000000 1.113124 19.438115 0.029965 0.903298 -0.000938 
3670 10.124282 0.000000 1.156695 19.443794 0.026637 0.835215 -0.001208 
3671 11.105419 0.000000 1.330980 19.448372 0.007632 0.605829 -0.000803 
3672 11.105419 0.000000 1.374551 19.448765 0.005403 0.554138 -0.000685 
3673 12.787370 0.000000 1.330980 19.448797 0.018910 0.494691 -0.000524 
3674 12.787370 0.000000 1.374551 19.448844 0.015387 0.448195 -0.000413 
3675 0.604910 0.000000 0.862591 19.024551 0.003916 2.328536 0.028937 
3676 0.616590 0.000000 0.862591 19.048207 0.005280 2.238042 0.027648 
3677 0.604910 0.000000 0.873483 18.460783 0.008670 2.426246 0.083571 
3678 0.628270 0.000000 0.862591 19.070275 0.006608 2.157040 0.026366 
3679 0.628270 0.000000 0.851698 19.144073 0.010581 2.160365 0.018873 
3680 0.639950 0.000000 0.862591 19.091654 0.007377 2.082682 0.025043 
3681 0.604910 0.000000 0.884376 18.458739 0.008626 2.419183 0.083861 
3682 0.593230 0.000000 0.884376 18.457526 0.008574 2.429958 0.083842 
3683 0.604910 0.000000 0.895269 18.456068 0.008534 2.432085 0.083957 
3684 0.710032 0.000000 0.960626 18.790381 0.010283 2.013626 0.055959 
3685 0.733392 0.000000 0.960626 18.867308 0.010895 1.946362 0.049005 
3686 0.710032 0.000000 0.982411 18.737361 0.010846 2.154030 0.059671 
3687 0.756753 0.000000 0.960626 18.935307 0.011065 1.841831 0.043257 
3688 0.780113 0.000000 0.960626 18.987743 0.010957 1.751123 0.038862 
3689 0.756753 0.000000 0.982411 18.858685 0.010868 2.001267 0.049292 
3690 0.710032 0.000000 1.004197 18.741529 0.011726 2.325473 0.057228 
3691 0.733392 0.000000 1.004197 18.791270 0.011536 2.262612 0.053056 
3692 0.710032 0.000000 1.025982 18.822328 0.011510 2.365510 0.048709 
3693 0.266184 0.000000 1.243838 18.574517 0.004299 0.639200 0.086918 
3694 0.219463 0.000000 1.243838 18.603853 0.003660 0.458908 0.084558 
3695 0.266184 0.000000 1.287409 18.728146 0.003715 0.545182 0.072063 
3696 0.803473 0.000000 0.960626 19.029197 0.010874 1.673702 0.035397 
3697 0.826834 0.000000 0.960626 19.060954 0.011201 1.680888 0.032136 
3698 0.803473 0.000000 0.982411 19.000802 0.010821 1.807136 0.037024 
3699 0.850194 0.000000 0.960626 19.194841 0.013028 1.564816 0.019592 
3700 0.873555 0.000000 0.960626 19.333700 0.014935 1.483763 0.006103 
3701 0.850194 0.000000 0.982411 19.151231 0.012480 1.709998 0.022756 
3702 0.896915 0.000000 0.960626 19.354510 0.015242 1.476016 0.004035 
3703 0.920276 0.000000 0.960626 19.395568 0.015230 1.408200 0.000347 
3704 0.896915 0.000000 0.982411 19.341886 0.014761 1.551978 0.004719 
3705 1.948134 0.000000 1.069553 19.249327 0.018735 -1.088670 0.017394 
3706 1.901413 0.000000 1.069553 19.147079 0.019650 -0.816810 0.029141 
3707 1.948134 0.000000 1.113124 19.165523 0.017580 -1.298577 0.024580 
3708 1.948134 0.000000 1.156695 19.176845 0.019517 -1.167499 0.024287 
3709 1.901413 0.000000 1.156695 19.266062 0.018017 -1.020699 0.016070 
3710 1.948134 0.000000 1.200266 19.211103 0.021026 -1.156037 0.020881 
3711 0.418026 0.000000 0.862591 18.105706 0.010096 4.910733 0.069708 
3712 0.406346 0.000000 0.862591 18.313565 0.009377 4.669565 0.055804 
3713 0.418026 0.000000 0.873483 17.669174 0.009082 4.721975 0.115795 
3714 0.289544 0.000000 1.047768 16.589111 0.001297 2.580833 0.254937 
3715 0.266184 0.000000 1.047768 16.502279 0.001006 2.159271 0.267814 
3716 0.289544 0.000000 1.069553 16.864294 0.001416 2.497294 0.231724 
3717 0.569869 0.000000 1.047768 18.464074 0.008931 3.162276 0.072377 
3718 0.593230 0.000000 1.047768 18.563388 0.009451 2.943889 0.066181 
3719 0.569869 0.000000 1.069553 18.541873 0.008848 3.175166 0.064551 
3720 0.616590 0.000000 1.047768 18.674191 0.009806 2.850529 0.056705 
3721 0.616590 0.000000 1.069553 18.718729 0.009773 2.842812 0.052418 
3722 0.710032 0.000000 1.047768 19.011662 0.012405 2.407563 0.029243 
3723 0.733392 0.000000 1.047768 19.016495 0.011970 2.367807 0.029259 
3724 0.710032 0.000000 1.069553 19.067205 0.012335 2.394859 0.023813 
3725 1.200601 0.000000 1.069553 19.488867 0.028310 1.627804 -0.011007 
3726 1.247321 0.000000 1.069553 19.417790 0.030950 1.534590 -0.002918 
3727 1.200601 0.000000 1.113124 19.502425 0.027453 1.584556 -0.012037 
3728 1.200601 0.000000 1.156695 19.515595 0.027471 1.584446 -0.013394 
3729 1.247321 0.000000 1.156695 19.476414 0.029897 1.497313 -0.008647 
3730 1.200601 0.000000 1.200266 19.522025 0.025435 1.450003 -0.012979 
3731 1.200601 0.000000 1.243838 19.536240 0.024788 1.413092 -0.014168 
3732 1.247321 0.000000 1.243838 19.537803 0.025957 1.366125 -0.013984 
3733 1.200601 0.000000 1.287409 19.606649 0.019372 1.128738 -0.019542 
3734 2.508784 0.000000 1.069553 19.435448 -0.009843 0.632850 0.000437 
3735 2.555505 0.000000 1.069553 19.436319 -0.009844 0.624865 0.000374 
3736 2.508784 0.000000 1.113124 19.427023 -0.009688 0.629952 0.001312 
3737 2.508784 0.000000 1.156695 19.419074 -0.009913 0.611708 0.002188 
3738 2.555505 0.000000 1.156695 19.423528 -0.010201 0.604805 0.001753 
3739 2.508784 0.000000 1.200266 19.411893 -0.010159 0.582676 0.003017 
3740 0.581549 0.000000 0.797234 19.574464 0.000138 2.419944 -0.028319 
3741 0.581549 0.000000 0.786341 19.659265 -0.000109 2.364864 -0.036417 
3742 0.593230 0.000000 0.797234 19.544200 0.000420 2.330424 -0.024066 
3743 0.628270 0.000000 0.840805 19.216305 0.012924 2.164123 0.011505 
3744 0.628270 0.000000 0.829912 19.287793 0.105698 2.156964 0.004282 
3745 0.639950 0.000000 0.840805 19.226331 0.013385 2.090103 0.011319 
3746 0.604910 0.000000 0.797234 19.520789 0.000580 2.248352 -0.020655 
3747 0.604910 0.000000 0.786341 19.591446 0.000252 2.207302 -0.027477 
3748 0.616590 0.000000 0.797234 19.501733 0.000771 2.172520 -0.017803 
3749 0.943636 0.000000 0.917054 19.441350 0.015702 1.312973 -0.003668 
3750 0.966996 0.000000 0.917054 19.441615 0.015713 1.313960 -0.003702 
3751 0.943636 0.000000 0.938840 19.408619 0.015587 1.354628 -0.000601 
3752 1.387484 0.000000 0.720985 19.444217 0.009321 1.105296 -0.002635 
3753 1.387484 0.000000 0.677414 19.466351 0.005824 1.079677 -0.004764 
3754 1.434205 0.000000 0.720985 19.407947 0.007866 1.078414 0.001245 
3755 1.387484 0.000000 0.982411 19.353538 0.028830 1.355757 0.005033 
3756 1.434205 0.000000 0.982411 19.259249 0.029181 1.253583 0.015362 
3757 1.387484 0.000000 1.025982 19.375558 0.029219 1.398949 0.002464 
3758 1.574367 0.000000 0.982411 19.010411 0.027051 0.937870 0.042364 
3759 1.527646 0.000000 0.982411 19.150447 0.027097 1.088974 0.027429 
3760 1.574367 0.000000 1.025982 19.199239 0.035155 1.109124 0.022364 
3761 1.480926 0.000000 0.982411 19.150447 0.027097 1.088974 0.027429 
3762 1.480926 0.000000 1.025982 19.259585 0.030216 1.254958 0.015319 
3763 1.480926 0.000000 0.720985 19.379811 0.006615 1.049480 0.004293 
3764 1.480926 0.000000 0.677414 19.405397 0.003880 1.028421 0.001785 
3765 1.527646 0.000000 0.720985 19.358932 0.005254 1.020498 0.006589 
3766 1.574367 0.000000 0.808127 19.283642 0.006253 0.944386 0.014675 
3767 1.574367 0.000000 0.764556 19.316038 0.005408 0.983368 0.011171 
3768 1.621088 0.000000 0.808127 19.274661 0.003908 0.907200 0.015773 
3769 1.901413 0.000000 0.590271 19.410912 -0.005568 0.782349 0.002397 
3770 1.901413 0.000000 0.503129 19.428808 -0.001678 0.662346 0.001018 
3771 1.994855 0.000000 0.590271 19.423301 -0.006871 0.767026 0.001188 
3772 1.667809 0.000000 0.808127 19.272486 0.001301 0.869746 0.016170 
3773 1.667809 0.000000 0.764556 19.306065 0.001086 0.917486 0.012521 
3774 1.714530 0.000000 0.808127 19.276957 -0.001307 0.831731 0.015886 
3775 2.088297 0.000000 0.590271 19.437188 -0.008070 0.763735 -0.000225 
3776 2.088297 0.000000 0.503129 19.440443 -0.003253 0.638768 -0.000096 
3777 2.181738 0.000000 0.590271 19.444193 -0.009284 0.755798 -0.000913 
3778 2.695668 0.000000 0.982411 19.448834 -0.010244 0.567285 -0.000731 
3779 2.695668 0.000000 1.025982 19.444702 -0.009133 0.594888 -0.000391 
3780 3.022713 0.000000 1.287409 19.435333 -0.009245 0.492014 0.000867 
3781 3.116155 0.000000 1.287409 19.435957 -0.009356 0.490232 0.000808 
3782 3.022713 0.000000 1.374551 19.433527 -0.013448 0.425860 0.001213 
3783 4.050572 0.000000 1.548835 19.439832 -0.000370 0.325009 0.000766 
3784 4.237455 0.000000 1.548835 19.440906 0.003131 0.327195 0.000652 
3785 4.050572 0.000000 1.723119 19.442999 -0.005777 0.246629 0.000559 
3786 3.209597 0.000000 1.287409 19.436894 -0.010619 0.490979 0.000710 
3787 3.303039 0.000000 1.287409 19.438204 -0.010092 0.490807 0.000576 
3788 3.209597 0.000000 1.374551 19.436967 -0.013111 0.424009 0.000864 
3789 4.798105 0.000000 1.548835 19.442799 0.013701 0.339145 0.000436 
3790 4.611222 0.000000 1.548835 19.442664 0.010105 0.336912 0.000454 
3791 4.798105 0.000000 1.723119 19.445275 0.007370 0.287528 0.000267 
3792 4.424339 0.000000 1.548835 19.441840 0.009684 0.332784 0.000546 
3793 4.424339 0.000000 1.723119 19.444913 -0.027719 0.265686 0.000334 
3794 7.134148 0.000000 1.287409 19.450142 0.006068 0.483453 -0.000633 
3795 7.040706 0.000000 1.287409 19.449469 0.007612 0.482397 -0.000561 
3796 7.134148 0.000000 1.374551 19.450276 -0.014057 0.466031 -0.000603 
3797 6.947264 0.000000 1.287409 19.448764 0.009360 0.481194 -0.000485 
3798 6.853823 0.000000 1.287409 19.448218 0.011294 0.479930 -0.000426 
3799 6.947264 0.000000 1.374551 19.448836 -0.008345 0.467284 -0.000458 
3800 9.002981 0.000000 0.764556 19.405173 0.014557 0.995716 0.001983 
3801 9.002981 0.000000 0.677414 19.399464 0.011359 0.918162 0.002961 
3802 9.096423 0.000000 0.764556 19.404680 0.015461 1.002351 0.001998 
3803 0.581549 0.000000 0.884376 18.362964 0.007701 2.599236 0.090795 
3804 0.569869 0.000000 0.884376 18.313705 0.007203 2.687227 0.094341 
3805 0.581549 0.000000 0.895269 18.311791 0.007135 2.695703 0.094406 
3806 0.558189 0.000000 0.884376 18.169469 0.005836 2.935579 0.104560 
3807 0.546509 0.000000 0.884376 18.170945 0.005911 2.933719 0.104447 
3808 0.558189 0.000000 0.895269 18.286725 0.006851 2.742925 0.096152 
3809 8.115285 0.000000 0.982411 19.425309 -0.027751 0.892305 0.000431 
3810 8.115285 0.000000 0.938840 19.423030 -0.025726 0.943655 0.000416 
3811 8.162006 0.000000 0.982411 19.424538 -0.025665 0.894922 0.000498 
3812 8.208727 0.000000 0.982411 19.423820 -0.023481 0.897551 0.000559 
3813 8.208727 0.000000 0.938840 19.421634 -0.021690 0.948023 0.000538 
3814 8.255448 0.000000 0.982411 19.423144 -0.021156 0.900164 0.000617 
3815 8.675935 0.000000 1.243838 19.444891 -0.000502 0.593513 -0.000406 
3816 8.629215 0.000000 1.243838 19.444730 -0.001803 0.590394 -0.000380 
3817 8.675935 0.000000 1.287409 19.447634 0.000757 0.554365 -0.000569 
3818 9.189865 0.000000 0.764556 19.404251 0.016235 1.008890 0.002007 
3819 9.189865 0.000000 0.677414 19.398646 0.010504 0.929245 0.002991 
3820 9.283306 0.000000 0.764556 19.402217 -0.017776 1.039476 0.002050 
3821 9.376748 0.000000 0.764556 19.401754 -0.017152 1.045786 0.002063 
3822 9.376748 0.000000 0.677414 19.397874 0.008826 0.939793 0.003018 
3823 9.470190 0.000000 0.764556 19.400996 -0.016540 1.051914 0.002107 
3824 9.376748 0.000000 1.461693 19.454229 0.008537 0.431675 -0.000928 
3825 9.283306 0.000000 1.461693 19.453004 0.009265 0.428766 -0.000795 
3826 9.376748 0.000000 1.548835 19.456641 0.006679 0.378760 -0.001062 
3827 9.423469 0.000000 1.330980 19.456751 0.002933 0.556307 -0.001512 
3828 9.376748 0.000000 1.330980 19.456376 0.003198 0.553734 -0.001466 
3829 9.423469 0.000000 1.374551 19.457361 0.054205 0.493647 -0.001409 
3830 9.330027 0.000000 1.330980 19.455969 0.003432 0.551133 -0.001417 
3831 9.283306 0.000000 1.330980 19.455542 0.003596 0.548520 -0.001365 
3832 9.330027 0.000000 1.374551 19.458085 0.001754 0.510660 -0.001521 
3833 9.563631 0.000000 0.764556 19.400108 -0.015788 1.057791 0.002165 
3834 9.563631 0.000000 0.677414 19.396634 0.007182 0.949169 0.003098 
3835 9.657073 0.000000 0.764556 19.399151 -0.014786 1.063406 0.002232 
3836 9.750515 0.000000 0.764556 19.398497 -0.013493 1.068536 0.002270 
3837 9.750515 0.000000 0.677414 19.395884 0.006664 0.956462 0.003139 
3838 9.843957 0.000000 0.764556 19.398323 -0.011947 1.073115 0.002262 
3839 9.937398 0.000000 0.764556 19.399821 0.023537 1.053318 0.002219 
3840 9.937398 0.000000 0.677414 19.397632 0.007244 0.960754 0.002938 
3841 10.030840 0.000000 0.764556 19.401500 0.012396 1.061390 0.002003 
3842 10.124282 0.000000 0.938840 19.415356 0.041540 1.121380 0.000231 
3843 10.124282 0.000000 0.851698 19.406432 0.040643 1.146869 0.000994 
3844 10.217723 0.000000 0.938840 19.418547 0.040766 1.132949 -0.000166 
3845 9.984119 0.000000 1.069553 19.431102 0.033514 0.958856 -0.000491 
3846 9.984119 0.000000 1.025982 19.424843 0.036496 1.018390 -0.000160 
3847 10.030840 0.000000 1.069553 19.431667 0.033258 0.965408 -0.000582 
3848 10.077561 0.000000 1.069553 19.432398 0.032929 0.971870 -0.000690 
3849 10.077561 0.000000 1.025982 19.426261 0.035969 1.031905 -0.000379 
3850 10.124282 0.000000 1.069553 19.433246 0.032505 0.978181 -0.000810 
3851 10.171002 0.000000 1.156695 19.444356 0.026409 0.840149 -0.001287 
3852 10.171002 0.000000 1.113124 19.439587 0.029320 0.914618 -0.001143 
3853 10.217723 0.000000 1.156695 19.444993 0.026169 0.844792 -0.001374 
3854 10.311165 0.000000 0.938840 19.422807 0.039266 1.144009 -0.000669 
3855 10.311165 0.000000 0.851698 19.414530 0.041870 1.160345 0.000080 
3856 10.404607 0.000000 0.938840 19.427794 0.037297 1.154248 -0.001243 
3857 10.264444 0.000000 1.156695 19.445710 0.025948 0.849123 -0.001467 
3858 10.264444 0.000000 1.113124 19.441508 0.028495 0.924819 -0.001390 
3859 10.311165 0.000000 1.156695 19.446411 0.025695 0.853100 -0.001557 
3860 0.756753 0.000000 1.004197 18.779447 0.010981 2.122579 0.055853 
3861 0.780113 0.000000 1.004197 18.839187 0.010276 2.044642 0.050771 
3862 0.756753 0.000000 1.025982 18.926120 0.010371 2.244009 0.039833 
3863 0.172742 0.000000 1.243838 18.660598 0.003074 0.301259 0.079285 
3864 0.126021 0.000000 1.243838 18.738735 0.002569 0.165484 0.071728 
3865 0.172742 0.000000 1.287409 18.783589 0.002729 0.286330 0.067135 
3866 0.394666 0.000000 0.862591 18.343915 0.007994 4.096936 0.066133 
3867 0.382986 0.000000 0.862591 18.526070 0.007290 3.729236 0.055987 
3868 0.394666 0.000000 0.873483 15.698618 0.003298 3.055395 0.323869 
3869 0.079300 0.000000 1.243838 18.823754 0.002133 0.062951 0.063348 
3870 0.032580 0.000000 1.243838 18.914503 0.001729 -0.010438 0.054306 
3871 0.079300 0.000000 1.287409 18.905575 0.001951 0.094488 0.055175 
3872 0.803473 0.000000 1.004197 18.930841 0.010063 1.929044 0.042835 
3873 0.826834 0.000000 1.004197 18.950453 0.009320 1.932325 0.040837 
3874 0.803473 0.000000 1.025982 19.000753 0.008992 2.104633 0.033953 
3875 0.943636 0.000000 0.960626 19.412726 0.015296 1.378536 -0.001195 
3876 0.966996 0.000000 0.960626 19.434930 0.015290 1.366567 -0.003388 
3877 0.943636 0.000000 0.982411 19.401618 0.014821 1.461340 -0.000677 
3878 1.294042 0.000000 1.069553 19.394114 0.029985 1.503454 -0.000239 
3879 1.340763 0.000000 1.069553 19.389536 0.031068 1.511170 0.000169 
3880 1.294042 0.000000 1.113124 19.428182 0.030568 1.515168 -0.003829 
3881 1.387484 0.000000 1.069553 19.371408 0.031833 1.450405 0.002502 
3882 1.434205 0.000000 1.069553 19.296441 0.031832 1.306331 0.011214 
3883 1.387484 0.000000 1.113124 19.430736 0.030435 1.426538 -0.003402 
3884 1.294042 0.000000 1.156695 19.473076 0.028454 1.448237 -0.007921 
3885 1.340763 0.000000 1.156695 19.455997 0.030047 1.474304 -0.006365 
3886 1.294042 0.000000 1.200266 19.489899 0.028067 1.424244 -0.009471 
3887 1.480926 0.000000 1.069553 19.298556 0.031816 1.260360 0.011310 
3888 1.527646 0.000000 1.069553 19.288455 0.032052 1.254103 0.012382 
3889 1.480926 0.000000 1.113124 19.346077 0.032458 1.280583 0.006320 
3890 1.574367 0.000000 1.069553 19.239319 0.034067 1.103635 0.018324 
3891 1.621088 0.000000 1.069553 19.168388 0.032350 0.880405 0.026696 
3892 1.574367 0.000000 1.113124 19.284045 0.035177 1.109222 0.013736 
3893 1.294042 0.000000 1.243838 19.521869 0.026879 1.376683 -0.012416 
3894 1.340763 0.000000 1.243838 19.530383 0.026107 1.294495 -0.012714 
3895 1.294042 0.000000 1.287409 19.611958 0.021727 1.098244 -0.019913 
3896 1.854692 0.000000 1.069553 19.163746 0.019978 -0.475724 0.028619 
3897 1.807972 0.000000 1.069553 19.095658 0.025339 0.122826 0.036063 
3898 1.854692 0.000000 1.113124 19.190632 0.018999 -0.845297 0.024603 
3899 1.854692 0.000000 1.156695 19.267603 0.018461 -0.945527 0.016303 
3900 1.807972 0.000000 1.156695 19.332007 0.026338 -0.026036 0.012092 
3901 1.854692 0.000000 1.200266 19.383719 0.017791 -0.768363 0.005242 
3902 2.602226 0.000000 1.069553 19.437437 -0.009633 0.618132 0.000281 
3903 2.648947 0.000000 1.069553 19.438733 -0.007447 0.613322 0.000164 
3904 2.602226 0.000000 1.113124 19.431898 -0.009803 0.615900 0.000858 
3905 2.695668 0.000000 1.069553 19.440133 -0.006846 0.608269 0.000036 
3906 2.742388 0.000000 1.069553 19.440782 -0.006168 0.603513 -0.000015 
3907 2.695668 0.000000 1.113124 19.435326 -0.009077 0.606468 0.000536 
3908 2.602226 0.000000 1.156695 19.426294 -0.010194 0.599852 0.001485 
3909 2.648947 0.000000 1.156695 19.429163 -0.010078 0.595512 0.001204 
3910 2.602226 0.000000 1.200266 19.422303 -0.010632 0.573442 0.001976 
3911 2.789109 0.000000 1.069553 19.441997 -0.005431 0.599219 -0.000126 
3912 2.835830 0.000000 1.069553 19.443034 -0.004669 0.595292 -0.000221 
3913 2.789109 0.000000 1.113124 19.438345 -0.005945 0.598760 0.000250 
3914 2.882551 0.000000 1.069553 19.443863 -0.003869 0.591621 -0.000294 
3915 2.929272 0.000000 1.069553 19.444345 -0.003038 0.588065 -0.000333 
3916 2.882551 0.000000 1.113124 19.440545 -0.004509 0.592030 0.000045 
1 11 62 60 61 
2 62 10 24 60 
3 60 24 14 63 
4 61 60 63 6 
5 24 66 64 65 
6 66 23 40 64 
7 64 40 27 67 
8 65 64 67 14 
9 40 70 68 69 
10 69 68 71 27 
11 6 63 92 93 
12 63 14 36 92 
13 92 36 19 94 
14 93 92 94 20 
15 14 67 95 96 
16 67 27 52 95 
17 95 52 35 97 
18 96 95 97 36 
19 27 71 98 99 
20 99 98 100 52 
21 12 112 110 111 
22 112 7 113 110 
23 110 113 13 25 
24 111 110 25 10 
25 25 116 114 115 
26 116 13 117 114 
27 114 117 26 41 
28 115 114 41 23 
29 41 120 118 119 
30 120 26 121 118 
31 118 121 42 57 
32 119 118 57 39 
33 39 124 122 123 
34 124 57 125 122 
35 122 125 55 81 
36 123 122 81 56 
37 81 128 126 127 
38 128 55 129 126 
39 57 146 145 125 
40 146 42 147 145 
41 145 147 58 89 
42 125 145 89 55 
43 55 149 148 129 
44 149 89 150 148 
45 126 170 168 169 
46 170 129 171 168 
47 168 171 82 142 
48 169 168 142 107 
49 142 174 172 173 
50 174 82 175 172 
51 172 175 143 165 
52 173 172 165 140 
53 165 188 186 187 
54 188 143 189 186 
55 68 193 191 192 
56 193 56 80 191 
57 191 80 43 194 
58 192 191 194 71 
59 80 197 195 196 
60 196 195 198 43 
61 140 209 207 208 
62 209 165 187 207 
63 187 221 219 220 
64 221 186 222 219 
65 219 222 190 223 
66 220 219 223 163 
67 207 229 227 228 
68 229 187 220 227 
69 227 220 163 230 
70 107 233 231 232 
71 233 142 173 231 
72 231 173 140 205 
73 232 231 205 141 
74 205 236 234 235 
75 236 140 208 234 
76 234 249 247 248 
77 249 208 250 247 
78 247 250 164 251 
79 248 247 251 237 
80 141 258 256 257 
81 258 205 235 256 
82 257 256 259 204 
83 204 259 260 261 
84 261 260 262 105 
85 256 265 263 264 
86 265 235 266 263 
87 263 266 203 267 
88 264 263 267 259 
89 56 270 268 269 
90 270 81 127 268 
91 269 268 197 80 
92 127 273 271 272 
93 273 126 169 271 
94 271 169 107 201 
95 272 271 201 79 
96 201 276 274 275 
97 276 107 232 274 
98 274 232 141 254 
99 275 274 254 199 
100 254 279 277 278 
101 279 141 257 277 
102 277 257 204 280 
103 278 277 280 252 
104 197 283 281 282 
105 282 281 284 195 
106 199 291 289 290 
107 291 254 278 289 
108 253 292 296 297 
109 292 252 298 296 
110 296 298 255 299 
111 297 296 299 202 
112 289 302 300 301 
113 302 278 303 300 
114 300 303 252 304 
115 301 300 304 292 
116 79 307 305 306 
117 307 201 275 305 
118 305 275 199 287 
119 306 305 287 200 
120 287 310 308 309 
121 310 199 290 308 
122 71 194 312 313 
123 194 43 102 312 
124 312 102 76 314 
125 313 312 314 98 
126 43 198 315 316 
127 316 315 317 102 
128 195 284 318 319 
129 319 318 320 198 
130 285 311 324 325 
131 311 253 297 324 
132 324 297 202 326 
133 325 324 326 288 
134 308 329 327 328 
135 329 290 330 327 
136 327 330 253 331 
137 328 327 331 311 
138 281 334 332 333 
139 334 200 286 332 
140 332 286 106 335 
141 333 332 335 284 
142 200 338 336 337 
143 338 287 309 336 
144 337 336 339 286 
145 309 342 340 341 
146 342 308 328 340 
147 340 328 311 343 
148 341 340 343 285 
149 286 339 344 345 
150 339 285 325 344 
151 344 325 288 346 
152 345 344 346 106 
153 336 349 347 348 
154 349 309 341 347 
155 347 341 285 350 
156 348 347 350 339 
157 208 352 351 250 
158 352 207 228 351 
159 351 228 210 353 
160 250 351 353 164 
161 210 230 354 355 
162 230 163 356 354 
163 354 356 216 357 
164 355 354 357 224 
165 228 360 358 359 
166 360 227 361 358 
167 358 361 230 362 
168 359 358 362 210 
169 363 365 211 366 
170 364 363 366 212 
171 224 357 367 368 
172 357 216 369 367 
173 367 369 167 370 
174 368 367 370 226 
175 225 373 371 372 
176 373 224 368 371 
177 371 368 226 374 
178 372 371 374 144 
179 203 377 375 376 
180 377 237 378 375 
181 375 378 244 379 
182 376 375 379 245 
183 259 267 380 381 
184 267 203 376 380 
185 380 376 245 382 
186 381 380 382 260 
187 394 397 389 398 
188 395 394 398 387 
189 198 320 399 400 
190 400 399 401 315 
191 318 404 402 403 
192 404 239 388 402 
193 402 388 83 405 
194 403 402 405 320 
195 239 408 406 407 
196 406 395 387 409 
197 407 406 409 388 
198 321 412 410 411 
199 412 294 413 410 
200 410 413 238 396 
201 411 410 396 323 
202 323 416 414 415 
203 416 396 417 414 
204 414 417 394 418 
205 415 414 418 395 
206 238 420 419 397 
207 420 295 421 419 
208 419 421 391 422 
209 397 419 422 389 
210 396 424 423 417 
211 424 238 425 423 
212 423 425 397 426 
213 417 423 426 394 
214 295 434 433 421 
215 434 160 435 433 
216 433 435 392 436 
217 240 393 437 438 
218 437 439 385 440 
219 438 437 440 383 
220 391 436 441 442 
221 436 392 443 441 
222 441 443 109 444 
223 442 441 444 393 
224 421 447 445 446 
225 447 433 448 445 
226 445 448 436 449 
227 446 445 449 391 
228 453 454 427 455 
229 439 453 455 385 
230 430 458 456 457 
231 458 431 459 456 
232 456 459 162 460 
233 457 456 460 432 
234 464 465 428 466 
235 454 464 466 427 
236 431 468 467 459 
237 468 450 469 467 
238 467 469 452 470 
239 162 470 471 472 
240 470 452 473 471 
241 471 473 464 474 
242 472 471 474 454 
243 459 477 475 476 
244 477 467 478 475 
245 475 478 470 479 
246 476 475 479 162 
247 480 482 461 483 
248 465 480 483 428 
249 452 485 484 473 
250 485 59 486 484 
251 484 486 465 487 
252 473 484 487 464 
253 59 492 491 486 
254 492 481 493 491 
255 491 493 480 494 
256 486 491 494 465 
257 507 509 462 510 
258 482 507 510 461 
259 524 504 525 523 
260 523 525 503 526 
261 509 523 526 462 
262 508 529 527 528 
263 529 139 530 527 
264 527 530 509 531 
265 528 527 531 507 
266 504 537 536 525 
267 537 91 538 536 
268 536 538 505 539 
269 525 536 539 503 
270 91 544 543 538 
271 544 533 545 543 
272 543 545 532 546 
273 19 38 547 548 
274 38 21 549 547 
275 547 549 9 550 
276 548 547 550 22 
277 35 54 551 552 
278 54 37 553 551 
279 551 553 21 554 
280 552 551 554 38 
281 51 78 555 556 
282 78 53 557 555 
283 555 557 37 558 
284 556 555 558 54 
285 75 135 559 560 
286 135 77 561 559 
287 559 561 53 562 
288 560 559 562 78 
289 133 502 563 564 
290 502 134 565 563 
291 563 565 77 566 
292 564 563 566 135 
293 567 569 502 570 
294 568 567 570 133 
295 505 546 571 572 
296 546 532 573 571 
297 571 573 535 574 
298 572 571 574 177 
299 538 577 575 576 
300 577 543 578 575 
301 575 578 546 579 
302 576 575 579 505 
303 533 589 588 545 
304 589 500 590 588 
305 588 590 534 591 
306 545 588 591 532 
307 496 630 628 629 
308 630 609 631 628 
309 628 631 608 632 
310 629 628 632 582 
311 284 335 657 658 
312 335 106 322 657 
313 657 322 239 404 
314 658 657 404 318 
315 322 661 659 660 
316 661 321 411 659 
317 659 411 323 408 
318 660 659 408 239 
319 103 178 662 663 
320 178 133 564 662 
321 662 564 135 664 
322 663 662 664 75 
323 665 667 178 668 
324 666 665 668 103 
325 428 483 669 670 
326 483 461 671 669 
327 669 671 463 672 
328 76 104 673 674 
329 104 75 560 673 
330 673 560 78 675 
331 674 673 675 51 
332 101 158 676 677 
333 158 103 663 676 
334 676 663 75 678 
335 677 676 678 104 
336 679 666 103 681 
337 680 679 681 158 
338 427 466 682 683 
339 466 428 670 682 
340 682 670 157 684 
341 683 682 684 429 
342 157 672 685 686 
343 672 463 687 685 
344 685 687 665 688 
345 686 685 688 666 
346 670 691 689 690 
347 691 669 692 689 
348 689 692 672 693 
349 690 689 693 157 
350 694 568 133 695 
351 667 694 695 178 
352 463 697 696 687 
353 697 176 698 696 
354 696 698 667 699 
355 687 696 699 665 
356 701 506 702 700 
357 700 702 694 703 
358 698 700 703 667 
359 462 526 704 705 
360 526 503 706 704 
361 704 706 506 701 
362 705 704 701 176 
363 176 709 707 708 
364 709 701 710 707 
365 707 710 700 711 
366 708 707 711 698 
367 506 713 712 702 
368 713 177 714 712 
369 712 714 568 715 
370 702 712 715 694 
371 177 574 716 714 
372 574 535 717 716 
373 716 717 567 718 
374 714 716 718 568 
375 719 720 134 721 
376 569 719 721 502 
377 535 723 722 717 
378 723 499 724 722 
379 722 724 569 725 
380 717 722 725 567 
381 21 46 726 549 
382 46 28 727 726 
383 726 727 30 728 
384 549 726 728 9 
385 37 74 729 553 
386 74 44 730 729 
387 729 730 46 731 
388 553 729 731 21 
389 53 132 732 557 
390 132 72 733 732 
391 732 733 74 734 
392 557 732 734 37 
393 77 498 735 561 
394 498 130 736 735 
395 735 736 132 737 
396 561 735 737 53 
397 495 611 738 739 
398 611 497 740 738 
399 738 740 130 741 
400 739 738 741 498 
401 582 632 742 743 
402 632 608 744 742 
403 742 744 611 745 
404 743 742 745 495 
405 130 607 746 736 
406 607 131 747 746 
407 746 747 72 748 
408 736 746 748 132 
409 497 636 749 740 
410 636 604 750 749 
411 749 750 607 751 
412 740 749 751 130 
413 610 644 752 753 
414 644 633 754 752 
415 752 754 636 755 
416 753 752 755 497 
417 640 758 756 757 
418 758 643 759 756 
419 756 759 633 760 
420 757 756 760 644 
421 633 656 761 754 
422 656 635 762 761 
423 761 762 604 763 
424 754 761 763 636 
425 764 766 656 767 
426 759 764 767 633 
427 634 780 778 779 
428 780 654 781 778 
429 643 784 782 783 
430 782 785 764 786 
431 783 782 786 759 
432 642 792 790 791 
433 792 634 779 790 
434 790 779 643 758 
435 791 790 758 640 
436 779 795 793 794 
437 795 778 796 793 
438 793 796 765 784 
439 794 793 784 643 
440 653 802 801 766 
441 802 655 803 801 
442 801 803 635 804 
443 766 801 804 656 
444 765 806 805 785 
445 806 653 807 805 
446 805 807 766 808 
447 785 805 808 764 
448 784 811 809 810 
449 811 765 812 809 
450 809 812 785 813 
451 810 809 813 782 
452 408 816 814 815 
453 816 323 415 814 
454 814 415 395 817 
455 815 814 817 406 
456 190 826 824 825 
457 824 827 217 828 
458 825 824 828 215 
459 129 830 829 171 
460 830 148 831 829 
461 829 831 137 152 
462 171 829 152 82 
463 82 833 832 175 
464 833 152 834 832 
465 832 834 151 183 
466 175 832 183 143 
467 143 836 835 189 
468 836 183 837 835 
469 166 839 838 827 
470 839 821 840 838 
471 838 840 820 841 
472 827 838 841 217 
473 183 854 853 837 
474 854 151 855 853 
475 182 858 856 857 
476 858 850 859 856 
477 856 859 849 860 
478 857 856 860 822 
479 864 845 865 863 
480 152 868 867 834 
481 868 137 869 867 
482 867 869 153 846 
483 834 867 846 151 
484 151 871 870 855 
485 871 846 872 870 
486 870 872 845 864 
487 184 875 873 874 
488 875 864 876 873 
489 873 876 863 877 
490 874 873 877 851 
491 845 883 882 865 
492 883 847 884 882 
493 882 884 136 885 
494 865 882 885 848 
495 89 887 886 150 
496 887 58 888 886 
497 878 901 899 900 
498 901 880 902 899 
499 899 902 518 903 
500 900 899 903 881 
501 880 908 907 902 
502 908 892 909 907 
503 907 909 895 910 
504 902 907 910 518 
505 889 922 921 913 
506 922 891 923 921 
507 921 923 514 924 
508 913 921 924 541 
509 911 930 928 929 
510 930 913 931 928 
511 928 931 541 932 
512 929 928 932 914 
513 891 936 935 923 
514 936 917 937 935 
515 935 937 920 938 
516 923 935 938 514 
517 7 940 939 113 
518 940 16 941 939 
519 939 941 15 32 
520 113 939 32 13 
521 13 943 942 117 
522 943 32 944 942 
523 942 944 31 48 
524 117 942 48 26 
525 26 946 945 121 
526 946 48 947 945 
527 945 947 47 85 
528 121 945 85 42 
529 42 949 948 147 
530 949 85 950 948 
531 948 950 84 512 
532 147 948 512 58 
533 58 952 951 888 
534 952 512 953 951 
535 917 959 958 937 
536 959 919 960 958 
537 958 960 516 961 
538 937 958 961 920 
539 957 971 969 970 
540 971 915 972 969 
541 969 972 963 973 
542 970 969 973 962 
543 975 511 976 974 
544 915 978 977 972 
545 978 966 979 977 
546 977 979 965 980 
547 972 977 980 963 
548 512 985 984 953 
549 985 84 986 984 
550 511 988 987 976 
551 988 626 989 987 
552 987 989 624 982 
553 625 992 990 991 
554 992 982 993 990 
555 990 993 981 994 
556 991 990 994 967 
557 982 999 998 993 
558 999 624 1000 998 
559 998 1000 983 1001 
560 993 998 1001 981 
561 85 1003 1002 950 
562 1003 47 1004 1002 
563 1002 1004 86 622 
564 950 1002 622 84 
565 84 1006 1005 986 
566 1006 622 1007 1005 
567 1005 1007 621 638 
568 513 1010 1008 1009 
569 1010 638 1011 1008 
570 1008 1011 637 789 
571 1009 1008 789 627 
572 627 1014 1012 1013 
573 1014 789 1015 1012 
574 1012 1015 787 1016 
575 1013 1012 1016 788 
576 638 1018 1017 1011 
577 1018 621 1019 1017 
578 1017 1019 639 776 
579 1011 1017 776 637 
580 637 1022 1020 1021 
581 1022 776 1023 1020 
582 1020 1023 774 1024 
583 1021 1020 1024 775 
584 622 1037 1036 1007 
585 1037 86 1038 1036 
586 1036 1038 623 772 
587 1007 1036 772 621 
588 772 1041 1039 1040 
589 1041 623 1042 1039 
590 1039 1042 773 1033 
591 1040 1039 1033 771 
592 771 1045 1043 1044 
593 1045 1033 1046 1043 
594 1043 1046 1032 1047 
595 1044 1043 1047 1027 
596 48 1072 1071 947 
597 1072 31 1073 1071 
598 1071 1073 49 619 
599 947 1071 619 47 
600 47 1075 1074 1004 
601 1075 619 1076 1074 
602 1074 1076 618 769 
603 1004 1074 769 86 
604 86 1078 1077 1038 
605 1078 769 1079 1077 
606 1077 1079 768 1029 
607 1038 1077 1029 623 
608 1029 1082 1080 1081 
609 1082 768 1083 1080 
610 1080 1083 1030 1068 
611 1081 1080 1068 1028 
612 1090 1091 647 1092 
613 1068 1099 1097 1098 
614 1099 1030 1100 1097 
615 1098 1097 1101 1067 
616 1107 1065 1108 1106 
617 1106 1108 601 1109 
618 1110 1111 1087 1112 
619 1091 1110 1112 647 
620 1065 1114 1113 1108 
621 1114 1102 1115 1113 
622 1113 1115 1105 1116 
623 1108 1113 1116 601 
624 1102 1126 1125 1115 
625 1126 1104 1127 1125 
626 1125 1127 1062 1128 
627 1115 1125 1128 1105 
628 1132 1133 1088 1134 
629 1111 1132 1134 1087 
630 1104 1136 1135 1127 
631 1127 1135 1138 1062 
632 1189 1191 1169 1192 
633 1190 1189 1192 1170 
634 1173 1195 1193 1194 
635 1195 1176 1196 1193 
636 1182 1210 1208 1209 
637 1210 1184 1211 1208 
638 1184 1217 1216 1211 
639 1217 1201 1218 1216 
640 1216 1218 1204 1219 
641 1211 1216 1219 18 
642 1274 1229 1275 1273 
643 1273 1275 1255 1276 
644 28 595 1330 727 
645 595 29 1331 1330 
646 1330 1331 3 1332 
647 727 1330 1332 30 
648 45 1149 1333 1334 
649 1149 592 1335 1333 
650 1333 1335 595 1336 
651 1334 1333 1336 28 
652 1147 1227 1337 1338 
653 1227 1148 1339 1337 
654 1337 1339 592 1340 
655 1338 1337 1340 1149 
656 1224 1302 1341 1342 
657 1302 1226 1343 1341 
658 1341 1343 1148 1344 
659 1342 1341 1344 1227 
660 1345 1347 1302 1348 
661 1346 1345 1348 1224 
662 1361 1362 1226 1363 
663 1347 1361 1363 1302 
664 592 1223 1369 1335 
665 1223 594 1370 1369 
666 1369 1370 29 1371 
667 1335 1369 1371 595 
668 1148 1298 1372 1339 
669 1298 1220 1373 1372 
670 1372 1373 1223 1374 
671 1339 1372 1374 592 
672 1226 1325 1375 1343 
673 1325 1295 1376 1375 
674 1375 1376 1298 1377 
675 1343 1375 1377 1148 
676 1378 1379 1325 1380 
677 1362 1378 1380 1226 
678 186 1435 1434 222 
679 1435 189 1436 1434 
680 1434 1436 166 826 
681 222 1434 826 190 
682 826 1439 1437 1438 
683 1439 166 1440 1437 
684 1437 1440 827 1441 
685 1438 1437 1441 824 
686 1447 1123 1448 1446 
687 1446 1448 34 1449 
688 619 1451 1450 1076 
689 1451 49 1452 1450 
690 1450 1452 620 1060 
691 1076 1450 1060 618 
692 1060 1455 1453 1454 
693 1455 620 1456 1453 
694 1453 1456 1061 1122 
695 1454 1453 1122 1059 
696 1122 1459 1457 1458 
697 1459 1061 1460 1457 
698 1457 1460 1123 1447 
699 1458 1457 1447 1121 
700 1121 1463 1461 1462 
701 1463 1447 1464 1461 
702 1461 1464 1446 1465 
703 1059 1468 1466 1467 
704 1468 1122 1458 1466 
705 1466 1458 1121 1136 
706 1467 1466 1136 1104 
707 1136 1471 1469 1470 
708 1471 1121 1462 1469 
709 1469 1462 1137 1472 
710 1470 1469 1472 1135 
711 1473 1474 1129 1475 
712 1133 1473 1475 1088 
713 1124 1449 1476 1477 
714 1449 34 1478 1476 
715 1476 1478 1133 1479 
716 1477 1476 1479 1132 
717 1137 1465 1480 1481 
718 1465 1446 1482 1480 
719 1480 1482 1449 1483 
720 1481 1480 1483 1124 
721 1462 1486 1484 1485 
722 1486 1461 1487 1484 
723 1484 1487 1465 1488 
724 1485 1484 1488 1137 
725 1123 1490 1489 1448 
726 1490 1442 1491 1489 
727 1489 1491 1445 1492 
728 1448 1489 1492 34 
729 1442 1501 1500 1491 
730 1501 1444 1502 1500 
731 1500 1502 1120 1503 
732 1491 1500 1503 1445 
733 1506 1507 1130 1508 
734 1474 1506 1508 1129 
735 1444 1510 1509 1502 
736 1502 1509 1512 1120 
737 1525 1526 1504 1527 
738 1507 1525 1527 1130 
739 1533 1534 1187 1535 
740 1526 1533 1535 1504 
741 1551 1552 1186 1553 
742 1534 1551 1553 1187 
743 1540 1556 1554 1555 
744 1556 1542 1557 1554 
745 1555 1554 1558 1543 
746 1559 1190 1170 1560 
747 1552 1559 1560 1186 
748 1542 1562 1561 1557 
749 1562 1548 1563 1561 
750 1174 1567 1565 1566 
751 1567 1173 1194 1565 
752 1566 1565 1568 1146 
753 1146 1568 1569 1570 
754 1569 1571 1189 1572 
755 1570 1569 1572 1190 
756 1565 1575 1573 1574 
757 1575 1194 1576 1573 
758 1573 1576 1177 1577 
759 1574 1573 1577 1568 
760 1578 1579 213 1580 
761 365 1578 1580 211 
762 1581 1582 818 1583 
763 1579 1581 1583 213 
764 218 1586 1584 1585 
765 1586 108 1587 1584 
766 1584 1587 1579 1588 
767 1585 1584 1588 1578 
768 1589 1591 1206 1592 
769 1590 1589 1592 1205 
770 1208 1595 1593 1594 
771 1595 1211 1596 1593 
772 1593 1596 18 1597 
773 1176 1599 1598 1196 
774 1599 1182 1209 1598 
775 1209 1603 1601 1602 
776 1603 1208 1594 1601 
777 1601 1594 1212 1604 
778 1602 1601 1604 1185 
779 18 1219 1605 1591 
780 1219 1204 1606 1605 
781 1605 1606 1213 1607 
782 1591 1605 1607 1206 
783 1212 1597 1608 1609 
784 1597 18 1610 1608 
785 1608 1610 1591 1611 
786 1609 1608 1611 1589 
787 1594 1614 1612 1613 
788 1614 1593 1615 1612 
789 1612 1615 1597 1616 
790 1613 1612 1616 1212 
791 823 1622 1620 1621 
792 1622 185 1623 1620 
793 1620 1623 1582 1624 
794 1621 1620 1624 1581 
795 881 903 1625 1626 
796 903 518 1627 1625 
797 1625 1627 897 1628 
798 1626 1625 1628 896 
799 895 1631 1629 1630 
800 1631 138 1632 1629 
801 1629 1632 905 1633 
802 1630 1629 1633 904 
803 541 924 1634 926 
804 924 514 1635 1634 
805 1634 1635 542 1636 
806 926 1634 1636 540 
807 938 920 1638 1637 
808 1637 1638 933 1639 
809 1635 1637 1639 542 
810 514 1642 1640 1641 
811 1642 938 1643 1640 
812 1640 1643 1637 1644 
813 1641 1640 1644 1635 
814 920 961 1645 1638 
815 961 516 1646 1645 
816 1645 1646 934 1647 
817 1638 1645 1647 933 
818 516 1649 1648 1646 
819 1649 957 970 1648 
820 1648 970 962 1650 
821 1646 1648 1650 934 
822 966 1652 1651 979 
823 1652 625 991 1651 
824 1651 991 967 1653 
825 979 1651 1653 965 
826 626 1655 1654 989 
827 1655 513 1009 1654 
828 1654 1009 627 996 
829 989 1654 996 624 
830 624 1657 1656 1000 
831 1657 996 1658 1656 
832 1656 1658 995 1659 
833 1000 1656 1659 983 
834 996 1661 1660 1658 
835 1661 627 1013 1660 
836 1660 1013 788 1662 
837 1658 1660 1662 995 
838 789 1664 1663 1015 
839 1664 637 1021 1663 
840 1663 1021 775 1665 
841 1015 1663 1665 787 
842 776 1667 1666 1023 
843 1667 639 1668 1666 
844 1666 1668 777 1669 
845 1023 1666 1669 774 
846 621 1671 1670 1019 
847 1671 772 1040 1670 
848 1670 1040 771 1026 
849 1019 1670 1026 639 
850 639 1673 1672 1668 
851 1673 1026 1674 1672 
852 1672 1674 1025 1675 
853 1668 1672 1675 777 
854 1026 1677 1676 1674 
855 1677 771 1044 1676 
856 1676 1044 1027 1678 
857 1674 1676 1678 1025 
858 1033 1680 1679 1046 
859 1680 773 1681 1679 
860 1679 1681 1034 1682 
861 1046 1679 1682 1032 
862 623 1684 1683 1042 
863 1684 1029 1081 1683 
864 1683 1081 1028 1052 
865 1042 1683 1052 773 
866 773 1686 1685 1681 
867 1686 1052 1687 1685 
868 1685 1687 1051 1688 
869 1681 1685 1688 1034 
870 1052 1690 1689 1687 
871 1690 1028 1691 1689 
872 1689 1691 1053 1692 
873 1687 1689 1692 1051 
874 1028 1694 1693 1691 
875 1694 1068 1098 1693 
876 1693 1098 1067 1695 
877 1691 1693 1695 1053 
878 769 1697 1696 1079 
879 1697 618 1698 1696 
880 1696 1698 770 1064 
881 1079 1696 1064 768 
882 768 1700 1699 1083 
883 1700 1064 1701 1699 
884 1699 1701 1063 1094 
885 1083 1699 1094 1030 
886 1030 1703 1702 1100 
887 1703 1094 1704 1702 
888 1031 1070 1706 1707 
889 1070 646 1708 1706 
890 1706 1708 1049 1709 
891 1707 1706 1709 1048 
892 1067 1101 1710 1711 
893 1101 1069 1712 1710 
894 1710 1712 646 1713 
895 1711 1710 1713 1070 
896 1097 1716 1714 1715 
897 1716 1100 1717 1714 
898 1714 1717 1069 1718 
899 1715 1714 1718 1101 
900 1094 1720 1719 1704 
901 1720 1063 1721 1719 
902 646 1096 1723 1708 
903 1096 1066 1724 1723 
904 1723 1724 1090 1725 
905 1708 1723 1725 1049 
906 1069 1705 1726 1712 
907 1705 1093 1727 1726 
908 1726 1727 1096 1728 
909 1712 1726 1728 646 
910 1702 1731 1729 1730 
911 1731 1704 1732 1729 
912 1729 1732 1093 1733 
913 1730 1729 1733 1705 
914 1064 1735 1734 1701 
915 1735 770 1736 1734 
916 1734 1736 1065 1107 
917 1701 1734 1107 1063 
918 1063 1738 1737 1721 
919 1738 1107 1739 1737 
920 1737 1739 1106 1740 
921 1721 1737 1740 1095 
922 1093 1722 1741 1727 
923 1722 1095 1742 1741 
924 1741 1742 1066 1743 
925 1727 1741 1743 1096 
926 1719 1746 1744 1745 
927 1746 1721 1747 1744 
928 1744 1747 1095 1748 
929 1745 1744 1748 1722 
930 1204 1750 1749 1606 
931 1606 1749 1751 1213 
932 1203 1754 1752 1753 
933 1754 1245 1755 1752 
934 1758 1250 1759 1756 
935 1756 1759 1248 1760 
936 1757 1756 1760 1249 
937 1201 1762 1761 1218 
938 1762 1203 1753 1761 
939 1218 1761 1750 1204 
940 1750 1765 1763 1764 
941 1765 1181 1757 1763 
942 1763 1757 1249 1766 
943 1764 1763 1766 1749 
944 1753 1769 1767 1768 
945 1769 1752 1770 1767 
946 1767 1770 1250 1758 
947 1768 1767 1758 1181 
948 1181 1773 1771 1772 
949 1773 1758 1774 1771 
950 1771 1774 1756 1775 
951 1772 1771 1775 1757 
952 1250 1780 1779 1759 
953 1780 1233 1781 1779 
954 1779 1781 1251 1782 
955 1759 1779 1782 1248 
956 1245 1784 1783 1755 
957 1784 1247 1785 1783 
958 1233 1787 1786 1781 
959 1787 1777 1788 1786 
960 1786 1788 1776 1789 
961 1781 1786 1789 1251 
962 1247 1791 1790 1785 
963 1791 1257 1792 1790 
964 1262 1795 1793 1794 
965 1795 1254 1796 1793 
966 1793 1796 1263 1797 
967 1153 1800 1798 1799 
968 1800 1262 1794 1798 
969 1798 1794 1260 1801 
970 1799 1798 1801 1261 
971 598 1168 1802 1803 
972 1168 1147 1338 1802 
973 1802 1338 1149 1804 
974 1803 1802 1804 45 
975 1166 1231 1805 1806 
976 1231 1167 1807 1805 
977 1805 1807 1147 1808 
978 1806 1805 1808 1168 
979 1199 1256 1809 1810 
980 1256 1228 1811 1809 
981 1809 1811 1231 1812 
982 1810 1809 1812 1166 
983 1234 1264 1813 1814 
984 1264 1253 1815 1813 
985 1813 1815 1256 1816 
986 1814 1813 1816 1199 
987 1260 1797 1817 1818 
988 1797 1263 1819 1817 
989 1817 1819 1253 1820 
990 1818 1817 1820 1264 
991 1794 1823 1821 1822 
992 1823 1793 1824 1821 
993 1821 1824 1797 1825 
994 1822 1821 1825 1260 
995 1257 1827 1826 1792 
996 1827 1259 1828 1826 
997 1826 1828 1229 1274 
998 1254 1830 1829 1796 
999 1830 1274 1831 1829 
1000 1829 1831 1273 1832 
1001 1796 1829 1832 1263 
1002 1229 1834 1833 1275 
1003 1275 1833 1835 1255 
1004 1228 1272 1836 1811 
1005 1272 1230 1837 1836 
1006 1836 1837 1167 1838 
1007 1811 1836 1838 1231 
1008 1269 1291 1839 1840 
1009 1839 1841 1230 1842 
1010 1840 1839 1842 1272 
1011 1845 1287 1846 1843 
1012 1843 1846 1291 1847 
1013 1844 1843 1847 1269 
1014 1255 1835 1848 1849 
1015 1835 1269 1840 1848 
1016 1848 1840 1272 1850 
1017 1849 1848 1850 1228 
1018 1833 1853 1851 1852 
1019 1853 1288 1844 1851 
1020 1851 1844 1269 1854 
1021 1852 1851 1854 1835 
1022 1280 1857 1855 1856 
1023 1857 1282 1858 1855 
1024 1855 1858 1142 1289 
1025 1856 1855 1289 1270 
1026 1270 1861 1859 1860 
1027 1861 1289 1862 1859 
1028 1859 1862 1287 1845 
1029 1860 1859 1845 1288 
1030 1288 1865 1863 1864 
1031 1865 1845 1866 1863 
1032 1863 1866 1843 1867 
1033 1864 1863 1867 1844 
1034 1287 1872 1871 1846 
1035 1871 1873 1271 1874 
1036 1846 1871 1874 1291 
1037 1289 1876 1875 1862 
1038 1876 1142 1877 1875 
1039 1875 1877 1290 1872 
1040 1862 1875 1872 1287 
1041 1167 1268 1878 1807 
1042 1268 1224 1342 1878 
1043 1878 1342 1227 1879 
1044 1807 1878 1879 1147 
1045 1230 1286 1880 1837 
1046 1286 1265 1881 1880 
1047 1880 1881 1268 1882 
1048 1837 1880 1882 1167 
1049 1883 1884 1286 1885 
1050 1841 1883 1885 1230 
1051 1290 1887 1886 1873 
1052 1887 1868 1888 1886 
1053 1886 1888 1870 1889 
1054 1873 1886 1889 1271 
1055 1872 1892 1890 1891 
1056 1892 1290 1893 1890 
1057 1890 1893 1873 1894 
1058 1891 1890 1894 1871 
1059 1895 1896 1265 1897 
1060 1884 1895 1897 1286 
1061 1308 1900 1898 1899 
1062 1900 1307 1901 1898 
1063 1898 1901 1311 1902 
1064 1868 1904 1903 1888 
1065 1904 1308 1899 1903 
1066 1903 1899 1283 1905 
1067 1888 1903 1905 1870 
1068 1283 1902 1906 1907 
1069 1902 1311 1908 1906 
1070 1906 1908 1895 1909 
1071 1907 1906 1909 1884 
1072 1899 1912 1910 1911 
1073 1912 1898 1913 1910 
1074 1910 1913 1902 1914 
1075 1911 1910 1914 1283 
1076 1307 1923 1922 1901 
1077 1923 1310 1924 1922 
1078 1922 1924 1285 1925 
1079 1901 1922 1925 1311 
1080 1265 1306 1926 1881 
1081 1926 1346 1224 1927 
1082 1881 1926 1927 1268 
1083 1928 1929 1306 1930 
1084 1896 1928 1930 1265 
1085 1310 1932 1931 1924 
1086 1932 1918 1933 1931 
1087 1924 1931 1934 1285 
1088 1918 1940 1939 1933 
1089 1940 1920 1941 1939 
1090 1939 1941 1303 1942 
1091 1933 1939 1942 1921 
1092 1285 1934 1943 1944 
1093 1934 1921 1945 1943 
1094 1943 1945 1928 1946 
1095 1944 1943 1946 1896 
1096 1931 1949 1947 1948 
1097 1949 1933 1950 1947 
1098 1947 1950 1921 1951 
1099 1948 1947 1951 1934 
1100 1938 1960 1958 1959 
1101 1960 1305 1961 1958 
1102 1958 1961 1953 1962 
1103 1959 1958 1962 1952 
1104 1305 1970 1969 1961 
1105 1969 1971 1955 1972 
1106 1961 1969 1972 1953 
1107 1937 1975 1973 1974 
1108 1975 1966 1976 1973 
1109 1973 1976 1956 1970 
1110 1974 1973 1970 1305 
1111 1956 1978 1977 1971 
1112 1978 1318 1979 1977 
1113 1977 1979 1350 1980 
1114 1971 1977 1980 1955 
1115 1970 1983 1981 1982 
1116 1983 1956 1984 1981 
1117 1981 1984 1971 1985 
1118 1982 1981 1985 1969 
1119 1994 1320 1995 1992 
1120 1992 1995 1352 1996 
1121 1993 1992 1996 1349 
1122 1318 1998 1997 1979 
1123 1998 1351 1993 1997 
1124 1997 1993 1349 1999 
1125 1979 1997 1999 1350 
1126 2001 1317 2002 2000 
1127 1986 2008 2006 2007 
1128 2008 1988 2009 2006 
1129 2006 2009 1320 1994 
1130 2007 2006 1994 1351 
1131 1351 2012 2010 2011 
1132 2012 1994 2013 2010 
1133 2010 2013 1992 2014 
1134 2011 2010 2014 1993 
1135 1320 2016 2015 1995 
1136 2016 1990 2017 2015 
1137 2015 2017 1989 2018 
1138 1995 2015 2018 1352 
1139 2020 593 2021 2019 
1140 1366 2024 2022 2023 
1141 2024 1328 2025 2022 
1142 2022 2025 1367 2026 
1143 1326 2029 2027 2028 
1144 2029 1366 2023 2027 
1145 2027 2023 1364 2030 
1146 2028 2027 2030 1365 
1147 1329 1368 2031 2032 
1148 1368 1301 2033 2031 
1149 2031 2033 1362 2034 
1150 2032 2031 2034 1361 
1151 1364 2026 2035 2036 
1152 2026 1367 2037 2035 
1153 2035 2037 1301 2038 
1154 2036 2035 2038 1368 
1155 2023 2041 2039 2040 
1156 2041 2022 2042 2039 
1157 2039 2042 2026 2043 
1158 2040 2039 2043 1364 
1159 1317 2045 2044 2002 
1160 2045 1354 2046 2044 
1161 2044 2046 1323 1358 
1162 593 2048 2047 2021 
1163 2048 1358 2049 2047 
1164 2047 2049 1357 1382 
1165 1328 2051 2050 2025 
1166 2051 1382 2052 2050 
1167 2050 2052 1381 2053 
1168 2025 2050 2053 1367 
1169 1382 2059 2058 2052 
1170 2059 1357 2060 2058 
1171 2052 2058 2061 1381 
1172 1358 2063 2062 2049 
1173 2063 1323 2064 2062 
1174 2062 2064 1359 2055 
1175 2049 2062 2055 1357 
1176 1357 2066 2065 2060 
1177 2066 2055 2067 2065 
1178 1301 1384 2069 2033 
1179 1384 1360 2070 2069 
1180 2069 2070 1378 2071 
1181 2033 2069 2071 1362 
1182 1381 2061 2072 2073 
1183 2061 1383 2074 2072 
1184 2072 2074 1360 2075 
1185 2073 2072 2075 1384 
1186 2058 2078 2076 2077 
1187 2078 2060 2079 2076 
1188 2076 2079 1383 2080 
1189 2077 2076 2080 2061 
1190 2081 2082 1295 2083 
1191 1379 2081 2083 1325 
1192 1359 2085 2084 2056 
1193 2085 1393 2086 2084 
1194 2084 2086 1396 2087 
1195 2056 2084 2087 1322 
1196 2055 2089 2088 2067 
1197 2089 1359 2090 2088 
1198 2088 2090 2056 2091 
1199 2067 2088 2091 2054 
1200 1360 2057 2092 2070 
1201 2057 1322 2093 2092 
1202 2092 2093 1379 2094 
1203 2070 2092 2094 1378 
1204 1383 2068 2095 2074 
1205 2068 2054 2096 2095 
1206 2095 2096 2057 2097 
1207 2074 2095 2097 1360 
1208 2065 2100 2098 2099 
1209 2100 2067 2101 2098 
1210 2098 2101 2054 2102 
1211 2099 2098 2102 2068 
1212 1354 2108 2107 2046 
1213 2108 1356 2109 2107 
1214 2107 2109 1296 1394 
1215 2046 2107 1394 1323 
1216 1394 2112 2110 2111 
1217 2112 1296 2113 2110 
1218 2110 2113 1395 2104 
1219 2111 2110 2104 1393 
1220 1295 1392 2114 1376 
1221 1392 1297 2115 2114 
1222 2114 2115 1220 2116 
1223 1376 2114 2116 1298 
1224 2117 2118 1392 2119 
1225 2082 2117 2119 1295 
1226 2104 2126 2124 2125 
1227 2126 1395 2127 2124 
1228 2124 2127 2105 2128 
1229 1393 2131 2129 2130 
1230 2131 2104 2125 2129 
1231 2129 2125 2103 2132 
1232 2130 2129 2132 2086 
1233 1396 2106 2133 2134 
1234 2106 1324 2135 2133 
1235 2133 2135 2082 2136 
1236 2134 2133 2136 2081 
1237 2103 2128 2137 2138 
1238 2128 2105 2139 2137 
1239 2137 2139 1324 2140 
1240 2138 2137 2140 2106 
1241 2125 2143 2141 2142 
1242 2143 2124 2144 2141 
1243 2141 2144 2128 2145 
1244 2142 2141 2145 2103 
1245 1356 2147 2146 2109 
1246 2147 1400 2148 2146 
1247 2146 2148 1390 1404 
1248 2109 2146 1404 1296 
1249 1296 2150 2149 2113 
1250 2150 1404 2151 2149 
1251 2149 2151 1403 2121 
1252 2113 2149 2121 1395 
1253 2121 2161 2159 2160 
1254 2161 1403 2162 2159 
1255 2159 2162 2122 2163 
1256 2160 2159 2163 2120 
1257 1404 2165 2164 2151 
1258 2165 1390 2166 2164 
1259 2164 2166 1405 2156 
1260 2151 2164 2156 1403 
1261 2167 2168 1297 2169 
1262 2118 2167 2169 1392 
1263 2171 2152 2172 2170 
1264 2170 2172 2154 2173 
1265 2156 2176 2174 2175 
1266 2176 1405 2177 2174 
1267 2175 2174 2178 2155 
1268 1400 2180 2179 2148 
1269 2180 1402 2181 2179 
1270 2179 2181 1221 2153 
1271 2148 2179 2153 1390 
1272 1390 2183 2182 2166 
1273 2183 2153 2184 2182 
1274 2182 2184 2152 2171 
1275 2166 2182 2171 1405 
1276 1405 2186 2185 2177 
1277 2186 2171 2187 2185 
1278 2185 2187 2170 2188 
1279 2177 2185 2188 2157 
1280 1406 2158 2189 2190 
1281 2158 1389 2191 2189 
1282 2189 2191 2118 2192 
1283 2190 2189 2192 2117 
1284 2155 2178 2193 2194 
1285 2178 2157 2195 2193 
1286 2193 2195 1389 2196 
1287 2194 2193 2196 2158 
1288 2174 2199 2197 2198 
1289 2199 2177 2200 2197 
1290 2197 2200 2157 2201 
1291 2198 2197 2201 2178 
1292 1220 1388 2202 1373 
1293 1388 1222 2203 2202 
1294 2202 2203 594 2204 
1295 1373 2202 2204 1223 
1296 1297 1410 2205 2115 
1297 1410 1385 2206 2205 
1298 2205 2206 1388 2207 
1299 2115 2205 2207 1220 
1300 2208 2209 1410 2210 
1301 2168 2208 2210 1297 
1302 2152 2217 2216 2172 
1303 2172 2216 2218 2154 
1304 1402 2220 2219 2181 
1305 2220 1411 2221 2219 
1306 2219 2221 1408 1416 
1307 2181 2219 1416 1221 
1308 1221 2224 2222 2223 
1309 2224 1416 2225 2222 
1310 2222 2225 1414 2213 
1311 2223 2222 2213 1415 
1312 1415 2228 2226 2227 
1313 2228 2213 2229 2226 
1314 2226 2229 2211 2230 
1315 2153 2232 2231 2184 
1316 2232 1221 2223 2231 
1317 2231 2223 1415 2217 
1318 2184 2231 2217 2152 
1319 2217 2235 2233 2234 
1320 2235 1415 2227 2233 
1321 2233 2227 2212 2236 
1322 2234 2233 2236 2216 
1323 1391 2215 2237 2238 
1324 2215 1418 2239 2237 
1325 2237 2239 2208 2240 
1326 2238 2237 2240 2168 
1327 2212 2230 2241 2242 
1328 2230 2211 2243 2241 
1329 2241 2243 2215 2244 
1330 2242 2241 2244 1391 
1331 2227 2247 2245 2246 
1332 2247 2226 2248 2245 
1333 2245 2248 2230 2249 
1334 2246 2245 2249 2212 
1335 1416 2255 2254 2225 
1336 2255 1408 2256 2254 
1337 2254 2256 1417 2251 
1338 2225 2254 2251 1414 
1339 1414 2259 2257 2258 
1340 2259 2251 2260 2257 
1341 2257 2260 2250 2261 
1342 2258 2257 2261 2214 
1343 2262 2263 1385 2264 
1344 2209 2262 2264 1410 
1345 1411 2270 2269 2221 
1346 2270 1413 2271 2269 
1347 2269 2271 1386 1424 
1348 2221 2269 1424 1408 
1349 1408 2273 2272 2256 
1350 2273 1424 2274 2272 
1351 2272 2274 1423 2266 
1352 2256 2272 2266 1417 
1353 1417 2277 2275 2276 
1354 2277 2266 2278 2275 
1355 2276 2275 2279 2252 
1356 1423 2281 2280 2267 
1357 2281 1425 2282 2280 
1358 2280 2282 1409 2283 
1359 2267 2280 2283 1426 
1360 2266 2285 2284 2278 
1361 2285 1423 2286 2284 
1362 2284 2286 2267 2287 
1363 2278 2284 2287 2265 
1364 1407 2268 2288 2289 
1365 2268 1426 2290 2288 
1366 2288 2290 2262 2291 
1367 2289 2288 2291 2209 
1368 2252 2279 2292 2293 
1369 2279 2265 2294 2292 
1370 2292 2294 2268 2295 
1371 2293 2292 2295 1407 
1372 2275 2298 2296 2297 
1373 2298 2278 2299 2296 
1374 2296 2299 2265 2300 
1375 2297 2296 2300 2279 
1376 1385 1422 2301 2206 
1377 1422 1387 2302 2301 
1378 2301 2302 1222 2303 
1379 2206 2301 2303 1388 
1380 2304 2305 1422 2306 
1381 2263 2304 2306 1385 
1382 1413 2312 2311 2271 
1383 2312 1427 2313 2311 
1384 2311 2313 1420 1431 
1385 2271 2311 1431 1386 
1386 1386 2316 2314 2315 
1387 2316 1431 2317 2314 
1388 2314 2317 1430 2308 
1389 2315 2314 2308 1425 
1390 2308 2328 2326 2327 
1391 2328 1430 2329 2326 
1392 2326 2329 2309 2330 
1393 1425 2333 2331 2332 
1394 2333 2308 2327 2331 
1395 2331 2327 2307 2334 
1396 2332 2331 2334 2282 
1397 1409 2310 2335 2336 
1398 2310 1433 2337 2335 
1399 2335 2337 2304 2338 
1400 2336 2335 2338 2263 
1401 2307 2330 2339 2340 
1402 2330 2309 2341 2339 
1403 2339 2341 1433 2342 
1404 2340 2339 2342 2310 
1405 2327 2345 2343 2344 
1406 2345 2326 2346 2343 
1407 2343 2346 2330 2347 
1408 2344 2343 2347 2307 
1409 1431 2349 2348 2317 
1410 2349 1420 2350 2348 
1411 2348 2350 1432 2323 
1412 2317 2348 2323 1430 
1413 2351 2352 1387 2353 
1414 2305 2351 2353 1422 
1415 2323 2360 2358 2359 
1416 2360 1432 2361 2358 
1417 2358 2361 2324 2362 
1418 2359 2358 2362 2322 
1419 1427 2364 2363 2313 
1420 2364 1429 2365 2363 
1421 2363 2365 8 2319 
1422 2313 2363 2319 1420 
1423 1420 2367 2366 2350 
1424 2367 2319 2368 2366 
1425 2366 2368 2318 2355 
1426 2350 2366 2355 1432 
1427 2370 2320 2371 2369 
1428 2369 2371 1421 2372 
1429 2355 2375 2373 2374 
1430 2375 2318 2376 2373 
1431 2374 2373 2377 2354 
1432 2319 2379 2378 2368 
1433 2379 8 2380 2378 
1434 2378 2380 2320 2370 
1435 2368 2378 2370 2318 
1436 2318 2382 2381 2376 
1437 2382 2370 2383 2381 
1438 2381 2383 2369 2384 
1439 2376 2381 2384 2356 
1440 1419 2357 2385 2386 
1441 2357 2321 2387 2385 
1442 2385 2387 2351 2388 
1443 2386 2385 2388 2305 
1444 2354 2377 2389 2390 
1445 2377 2356 2391 2389 
1446 2389 2391 2321 2392 
1447 2390 2389 2392 2357 
1448 2373 2395 2393 2394 
1449 2395 2376 2396 2393 
1450 2393 2396 2356 2397 
1451 2394 2393 2397 2377 
1452 108 2399 2398 1587 
1453 2399 823 1621 2398 
1454 2398 1621 1581 2400 
1455 1587 2398 2400 1579 
1456 848 885 2404 2402 
1457 885 136 2405 2404 
1458 2404 2405 862 2406 
1459 2402 2404 2406 861 
1460 819 2403 2407 2408 
1461 2403 861 2409 2407 
1462 2407 2409 521 2410 
1463 2408 2407 2410 179 
1464 2401 2413 2411 2412 
1465 2413 2402 2414 2411 
1466 2411 2414 861 2415 
1467 2412 2411 2415 2403 
1468 136 2417 2416 2405 
1469 2417 881 1626 2416 
1470 2405 2416 2418 862 
1471 862 2418 2421 2422 
1472 2418 896 2423 2421 
1473 2421 2423 898 2424 
1474 2422 2421 2424 180 
1475 2416 2427 2425 2426 
1476 2427 1626 2428 2425 
1477 2425 2428 896 2429 
1478 2426 2425 2429 2418 
1479 1120 1512 2430 2431 
1480 1512 1499 2432 2430 
1481 2430 2432 1506 2433 
1482 2431 2430 2433 1474 
1483 1509 2436 2434 2435 
1484 2436 1511 2437 2434 
1485 2434 2437 1499 2438 
1486 2435 2434 2438 1512 
1487 1499 1520 2439 2432 
1488 1520 1058 2440 2439 
1489 2439 2440 1507 2441 
1490 2432 2439 2441 1506 
1491 1511 2443 2442 2437 
1492 2442 2444 1520 2445 
1493 2437 2442 2445 1499 
1494 32 2447 2446 944 
1495 2447 15 2448 2446 
1496 2446 2448 33 616 
1497 944 2446 616 31 
1498 31 2450 2449 1073 
1499 2450 616 2451 2449 
1500 2449 2451 615 1056 
1501 1073 2449 1056 49 
1502 49 2453 2452 1452 
1503 2453 1056 2454 2452 
1504 2452 2454 1055 1118 
1505 1452 2452 1118 620 
1506 1118 2457 2455 2456 
1507 2457 1055 2458 2455 
1508 2455 2458 1119 1497 
1509 2456 2455 1497 1117 
1510 1497 2461 2459 2460 
1511 2461 1119 2462 2459 
1512 2459 2462 1498 1518 
1513 2460 2459 1518 1496 
1514 1496 2465 2463 2464 
1515 2465 1518 2466 2463 
1516 2463 2466 1517 2443 
1517 2464 2463 2443 1511 
1518 2470 2472 1058 2473 
1519 2444 2470 2473 1520 
1520 2443 2476 2474 2475 
1521 2476 1517 2477 2474 
1522 2474 2477 2444 2478 
1523 2475 2474 2478 2442 
1524 1518 2480 2479 2466 
1525 2480 1498 2481 2479 
1526 2479 2481 1519 2471 
1527 2466 2479 2471 1517 
1528 1058 2469 2482 2440 
1529 2469 1516 2483 2482 
1530 2482 2483 1525 2484 
1531 2440 2482 2484 1507 
1532 2485 2487 2469 2488 
1533 2472 2485 2488 1058 
1534 2471 2491 2489 2490 
1535 2491 1519 2492 2489 
1536 2489 2492 2472 2493 
1537 2490 2489 2493 2470 
1538 1056 2495 2494 2454 
1539 2495 615 2496 2494 
1540 2494 2496 1057 1494 
1541 2454 2494 1494 1055 
1542 1055 2498 2497 2458 
1543 2498 1494 2499 2497 
1544 2497 2499 1493 1514 
1545 2458 2497 1514 1119 
1546 1119 2501 2500 2462 
1547 2501 1514 2502 2500 
1548 2500 2502 1513 2468 
1549 2462 2500 2468 1498 
1550 1498 2504 2503 2481 
1551 2504 2468 2505 2503 
1552 2503 2505 2467 2486 
1553 2481 2503 2486 1519 
1554 2467 2507 2506 2487 
1555 2507 1529 2508 2506 
1556 2506 2508 1516 2509 
1557 2487 2506 2509 2469 
1558 2486 2512 2510 2511 
1559 2512 2467 2513 2510 
1560 2510 2513 2487 2514 
1561 2511 2510 2514 2485 
1562 1516 1532 2515 2483 
1563 1532 1495 2516 2515 
1564 2515 2516 1526 2517 
1565 2483 2515 2517 1525 
1566 1529 2519 2518 2508 
1567 2519 1528 2520 2518 
1568 2518 2520 1532 2521 
1569 2508 2518 2521 1516 
1570 1495 1539 2522 2516 
1571 1539 1524 2523 2522 
1572 2522 2523 1533 2524 
1573 2516 2522 2524 1526 
1574 2525 2528 1539 2529 
1575 2526 2525 2529 1495 
1576 1528 2531 2530 2520 
1577 2531 1531 2526 2530 
1578 2530 2526 1495 2532 
1579 2520 2530 2532 1532 
1580 1494 2534 2533 2499 
1581 2534 1057 2535 2533 
1582 2533 2535 1163 1522 
1583 2499 2533 1522 1493 
1584 1493 2538 2536 2537 
1585 2538 1522 2539 2536 
1586 2536 2539 1521 1537 
1587 2537 2536 1537 1515 
1588 1515 2542 2540 2541 
1589 2542 1537 2543 2540 
1590 2540 2543 1536 2527 
1591 2541 2540 2527 1531 
1592 1531 2546 2544 2545 
1593 2546 2527 2547 2544 
1594 2544 2547 2525 2548 
1595 2545 2544 2548 2526 
1596 2550 1538 2551 2549 
1597 2549 2551 1524 2552 
1598 2528 2549 2552 1539 
1599 1537 2554 2553 2543 
1600 2554 1521 2555 2553 
1601 2553 2555 1538 2550 
1602 2543 2553 2550 1536 
1603 1536 2558 2556 2557 
1604 2558 2550 2559 2556 
1605 2556 2559 2549 2560 
1606 2557 2556 2560 2528 
1607 1524 1547 2561 2523 
1608 1547 597 2562 2561 
1609 2561 2562 1534 2563 
1610 2523 2561 2563 1533 
1611 1538 2565 2564 2551 
1612 2565 1544 2566 2564 
1613 2564 2566 1547 2567 
1614 2551 2564 2567 1524 
1615 2569 1540 1555 2568 
1616 2568 1555 1543 2570 
1617 1544 2572 2571 2566 
1618 2572 1546 2573 2571 
1619 2571 2573 597 2574 
1620 2566 2571 2574 1547 
1621 597 2570 2575 2562 
1622 2570 1543 2576 2575 
1623 2575 2576 1551 2577 
1624 2562 2575 2577 1534 
1625 1546 2579 2578 2573 
1626 2579 2568 2580 2578 
1627 2578 2580 2570 2581 
1628 2573 2578 2581 597 
1629 1543 1558 2582 2576 
1630 1558 1165 2583 2582 
1631 2582 2583 1552 2584 
1632 2576 2582 2584 1551 
1633 1554 2587 2585 2586 
1634 2587 1557 2588 2585 
1635 2585 2588 1165 2589 
1636 2586 2585 2589 1558 
1637 1165 1564 2590 2583 
1638 1564 1550 2591 2590 
1639 2590 2591 1559 2592 
1640 2583 2590 2592 1552 
1641 1557 2594 2593 2588 
1642 2594 1561 2595 2593 
1643 2593 2595 1564 2596 
1644 2588 2593 2596 1165 
1645 1548 2598 2597 1563 
1646 2598 1174 1566 2597 
1647 2597 1566 1146 2599 
1648 1561 2601 2600 2595 
1649 2601 1563 2602 2600 
1650 2600 2602 1550 2603 
1651 2595 2600 2603 1564 
1652 1550 2599 2604 2591 
1653 2599 1146 1570 2604 
1654 2604 1570 1190 2605 
1655 2591 2604 2605 1559 
1656 1563 2607 2606 2602 
1657 2607 2597 2608 2606 
1658 2606 2608 2599 2609 
1659 2602 2606 2609 1550 
1660 2610 2611 1191 2612 
1661 1571 2610 2612 1189 
1662 1194 2614 2613 1576 
1663 2614 1193 2615 2613 
1664 2613 2615 1197 2616 
1665 1177 2616 2617 2618 
1666 2616 1197 2619 2617 
1667 2617 2619 2610 2620 
1668 2618 2617 2620 1571 
1669 1576 2623 2621 2622 
1670 2623 2613 2624 2621 
1671 2621 2624 2616 2625 
1672 2622 2621 2625 1177 
1673 1193 2627 2626 2615 
1674 2627 1196 2628 2626 
1675 2626 2628 1161 2629 
1676 2615 2626 2629 1197 
1677 2630 1590 1205 2631 
1678 2611 2630 2631 1191 
1679 1196 2633 2632 2628 
1680 2633 1598 2634 2632 
1681 2628 2632 2635 1161 
1682 1598 2637 2636 2634 
1683 2637 1209 1602 2636 
1684 2636 1602 1185 2638 
1685 2634 2636 2638 1600 
1686 1161 2635 2639 2640 
1687 2635 1600 2641 2639 
1688 2639 2641 2630 2642 
1689 2640 2639 2642 2611 
1690 2632 2645 2643 2644 
1691 2645 2634 2646 2643 
1692 2643 2646 1600 2647 
1693 2644 2643 2647 2635 
1694 1 2650 2648 2649 
1695 2650 12 111 2648 
1696 2648 111 10 62 
1697 2649 2648 62 11 
1698 16 2652 2651 941 
1699 2652 2 2653 2651 
1700 2651 2653 17 613 
1701 941 2651 613 15 
1702 20 94 2654 2655 
1703 94 19 548 2654 
1704 2654 548 22 2656 
1705 2655 2654 2656 4 
1706 10 2659 2657 2658 
1707 2659 25 115 2657 
1708 2657 115 23 66 
1709 2658 2657 66 24 
1710 36 97 2660 2661 
1711 97 35 552 2660 
1712 2660 552 38 2662 
1713 2661 2660 2662 19 
1714 23 2665 2663 2664 
1715 2665 41 119 2663 
1716 2663 119 39 70 
1717 2664 2663 70 40 
1718 44 599 2666 730 
1719 599 45 1334 2666 
1720 2666 1334 28 2667 
1721 730 2666 2667 46 
1722 52 100 2668 2669 
1723 100 51 556 2668 
1724 2668 556 54 2670 
1725 2669 2668 2670 35 
1726 70 2673 2671 2672 
1727 2673 39 123 2671 
1728 2671 123 56 193 
1729 2672 2671 193 68 
1730 72 603 2674 733 
1731 603 73 2675 2674 
1732 2674 2675 44 2676 
1733 733 2674 2676 74 
1734 98 314 2677 2678 
1735 314 76 674 2677 
1736 2677 674 51 2679 
1737 2678 2677 2679 100 
1738 102 317 2680 2681 
1739 317 101 677 2680 
1740 2680 677 104 2682 
1741 2681 2680 2682 76 
1742 148 2684 2683 831 
1743 2684 150 2685 2683 
1744 2683 2685 88 843 
1745 831 2683 843 137 
1746 2686 680 158 2688 
1747 2687 2686 2688 101 
1748 163 223 2689 356 
1749 223 190 825 2689 
1750 2689 825 215 2690 
1751 356 2689 2690 216 
1752 215 828 2691 2692 
1753 828 217 2693 2691 
1754 2691 2693 108 1586 
1755 2692 2691 1586 218 
1756 216 2690 2694 369 
1757 2690 215 2692 2694 
1758 2694 2692 218 2695 
1759 369 2694 2695 167 
1760 164 353 2696 2697 
1761 353 210 355 2696 
1762 2696 355 224 373 
1763 2697 2696 373 225 
1764 235 2699 2698 266 
1765 2699 234 248 2698 
1766 2698 248 237 377 
1767 266 2698 377 203 
1768 206 246 2700 2701 
1769 2700 364 212 2702 
1770 2701 2700 2702 241 
1771 237 251 2703 378 
1772 251 164 2697 2703 
1773 2703 2697 225 2704 
1774 378 2703 2704 244 
1775 244 2704 2705 2706 
1776 2704 225 372 2705 
1777 2705 372 144 2707 
1778 2706 2705 2707 246 
1779 245 379 2708 2709 
1780 379 244 2706 2708 
1781 2708 2706 246 2710 
1782 2709 2708 2710 206 
1783 252 280 2711 298 
1784 280 204 261 2711 
1785 2711 261 105 2712 
1786 298 2711 2712 255 
1787 105 262 2713 2714 
1788 262 206 2701 2713 
1789 2713 2701 241 2715 
1790 2714 2713 2715 242 
1791 260 382 2716 2717 
1792 382 245 2709 2716 
1793 2716 2709 206 2718 
1794 2717 2716 2718 262 
1795 268 2721 2719 2720 
1796 2721 127 272 2719 
1797 2719 272 79 283 
1798 2720 2719 283 197 
1799 283 2724 2722 2723 
1800 2724 79 306 2722 
1801 2722 306 200 334 
1802 2723 2722 334 281 
1803 290 2726 2725 330 
1804 2726 289 301 2725 
1805 2725 301 292 2727 
1806 330 2725 2727 253 
1807 255 2712 2728 2729 
1808 2712 105 2714 2728 
1809 2728 2714 242 2730 
1810 2729 2728 2730 293 
1811 293 2730 2731 2732 
1812 2730 242 2733 2731 
1813 2731 2733 160 434 
1814 2732 2731 434 295 
1815 294 2735 2734 413 
1816 2735 293 2732 2734 
1817 2734 2732 295 420 
1818 413 2734 420 238 
1819 315 401 2736 2737 
1820 2736 2687 101 2738 
1821 2737 2736 2738 317 
1822 106 346 2739 2740 
1823 346 288 2741 2739 
1824 2739 2741 321 661 
1825 2740 2739 661 322 
1826 288 326 2742 2741 
1827 326 202 2743 2742 
1828 2742 2743 294 412 
1829 2741 2742 412 321 
1830 83 390 2744 2745 
1831 390 240 438 2744 
1832 2744 438 383 2746 
1833 2745 2744 2746 384 
1834 389 422 2747 2748 
1835 422 391 442 2747 
1836 2747 442 393 2749 
1837 2748 2747 2749 240 
1838 320 405 2750 2751 
1839 405 83 2745 2750 
1840 2750 2745 384 2752 
1841 2751 2750 2752 399 
1842 385 455 2753 2754 
1843 455 427 683 2753 
1844 2753 683 429 2755 
1845 2754 2753 2755 155 
1846 392 2757 2756 443 
1847 2757 430 457 2756 
1848 2756 457 432 2758 
1849 443 2756 2758 109 
1850 450 2760 2759 469 
1851 2760 451 2761 2759 
1852 2759 2761 59 485 
1853 469 2759 485 452 
1854 432 460 2762 2763 
1855 460 162 472 2762 
1856 2762 472 454 2764 
1857 2763 2762 2764 453 
1858 461 510 2765 671 
1859 510 462 705 2765 
1860 2765 705 176 697 
1861 671 2765 697 463 
1862 451 2767 2766 2761 
1863 2767 488 2768 2766 
1864 2766 2768 481 492 
1865 2761 2766 492 59 
1866 134 583 2769 565 
1867 583 495 739 2769 
1868 2769 739 498 2770 
1869 565 2769 2770 77 
1870 503 539 2771 706 
1871 539 505 572 2771 
1872 2771 572 177 713 
1873 706 2771 713 506 
1874 2772 2773 91 537 
1875 532 591 2774 573 
1876 591 534 2775 2774 
1877 2774 2775 499 723 
1878 573 2774 723 535 
1879 540 1636 2776 2777 
1880 1636 542 2778 2776 
1881 2776 2778 500 589 
1882 2777 2776 589 533 
1883 2779 2777 533 544 
1884 2773 2779 544 91 
1885 2780 2781 580 2782 
1886 2783 629 582 2784 
1887 2781 2783 2784 580 
1888 580 2784 2785 2786 
1889 2784 582 743 2785 
1890 2785 743 495 2787 
1891 2786 2785 2787 583 
1892 2782 580 2786 2788 
1893 2788 2786 583 2789 
1894 720 2788 2789 134 
1895 596 1156 2790 2791 
1896 1156 598 1803 2790 
1897 2790 1803 45 2792 
1898 2791 2790 2792 599 
1899 73 1086 2793 2675 
1900 1086 596 2791 2793 
1901 2793 2791 599 2794 
1902 2675 2793 2794 44 
1903 131 648 2795 747 
1904 648 600 2796 2795 
1905 2795 2796 603 2797 
1906 747 2795 2797 72 
1907 604 652 2798 750 
1908 652 606 2799 2798 
1909 2798 2799 131 2800 
1910 750 2798 2800 607 
1911 608 2802 2803 744 
1912 2802 610 753 2803 
1913 2803 753 497 2804 
1914 744 2803 2804 611 
1915 15 2806 2805 2448 
1916 2806 613 2807 2805 
1917 2805 2807 612 1140 
1918 2448 2805 1140 33 
1919 613 2809 2808 2807 
1920 2809 17 2810 2808 
1921 2808 2810 614 1237 
1922 2807 2808 1237 612 
1923 616 2812 2811 2451 
1924 2812 33 2813 2811 
1925 2811 2813 617 1144 
1926 2451 2811 1144 615 
1927 606 1050 2814 2799 
1928 1050 645 2815 2814 
1929 2814 2815 648 2816 
1930 2799 2814 2816 131 
1931 2817 2818 651 2819 
1932 635 800 2820 762 
1933 800 649 2821 2820 
1934 2820 2821 652 2822 
1935 762 2820 2822 604 
1936 654 2824 2823 781 
1937 2824 605 2825 2823 
1938 2823 2825 655 802 
1939 781 2823 802 653 
1940 429 684 2826 2827 
1941 684 157 686 2826 
1942 2826 686 666 2828 
1943 2827 2826 2828 679 
1944 774 1669 2829 2830 
1945 1669 777 2831 2829 
1946 2829 2831 605 2824 
1947 2830 2829 2824 654 
1948 775 1024 2832 2833 
1949 1024 774 2830 2832 
1950 2832 2830 654 780 
1951 2833 2832 780 634 
1952 778 2835 2834 796 
1953 2835 781 2836 2834 
1954 2834 2836 653 806 
1955 796 2834 806 765 
1956 787 1665 2837 2838 
1957 1665 775 2833 2837 
1958 2837 2833 634 792 
1959 2838 2837 792 642 
1960 788 1016 2839 2840 
1961 1016 787 2838 2839 
1962 2839 2838 642 2841 
1963 2840 2839 2841 87 
1964 818 1619 2842 2843 
1965 1619 819 2408 2842 
1966 2842 2408 179 2844 
1967 2843 2842 2844 489 
1968 213 1583 2845 2846 
1969 1583 818 2843 2845 
1970 2845 2843 489 2847 
1971 2846 2845 2847 161 
1972 821 2849 2848 840 
1973 2849 182 857 2848 
1974 2848 857 822 2850 
1975 840 2848 2850 820 
1976 820 2850 2851 2852 
1977 2850 822 2853 2851 
1978 2851 2853 185 1622 
1979 2852 2851 1622 823 
1980 217 841 2854 2693 
1981 841 820 2852 2854 
1982 2854 2852 823 2399 
1983 2693 2854 2399 108 
1984 189 2856 2855 1436 
1985 2856 835 2857 2855 
1986 2855 2857 821 839 
1987 1436 2855 839 166 
1988 137 2859 2858 869 
1989 2859 843 2860 2858 
1990 2858 2860 842 879 
1991 869 2858 879 153 
1992 843 2862 2861 2860 
1993 2862 88 2863 2861 
1994 2861 2863 844 893 
1995 2860 2861 893 842 
1996 846 2865 2864 872 
1997 2865 153 2866 2864 
1998 2864 2866 847 883 
1999 872 2864 883 845 
2000 850 2868 2867 859 
2001 2868 184 874 2867 
2002 2867 874 851 2869 
2003 859 2867 2869 849 
2004 822 860 2870 2853 
2005 860 849 2871 2870 
2006 2870 2871 852 2872 
2007 2853 2870 2872 185 
2008 861 2406 2873 2409 
2009 2406 862 2422 2873 
2010 2873 2422 180 2874 
2011 2409 2873 2874 521 
2012 847 2876 2875 884 
2013 2876 878 900 2875 
2014 2875 900 881 2417 
2015 884 2875 2417 136 
2016 150 2878 2877 2685 
2017 2878 886 2879 2877 
2018 2877 2879 515 890 
2019 2685 2877 890 88 
2020 88 2881 2880 2863 
2021 2881 890 2882 2880 
2022 2880 2882 889 912 
2023 2863 2880 912 844 
2024 890 2884 2883 2882 
2025 2884 515 2885 2883 
2026 2883 2885 891 922 
2027 2882 2883 922 889 
2028 892 2887 2886 909 
2029 2887 894 2888 2886 
2030 2886 2888 138 1631 
2031 909 2886 1631 895 
2032 896 1628 2889 2423 
2033 1628 897 2890 2889 
2034 2889 2890 517 2891 
2035 2423 2889 2891 898 
2036 518 910 2892 1627 
2037 910 895 1630 2892 
2038 2892 1630 904 2893 
2039 1627 2892 2893 897 
2040 897 2893 2894 2890 
2041 2893 904 2895 2894 
2042 2894 2895 906 2896 
2043 2890 2894 2896 517 
2044 894 2898 2897 2888 
2045 2898 911 929 2897 
2046 2897 929 914 2899 
2047 2888 2897 2899 138 
2048 886 2901 2900 2879 
2049 2901 888 2902 2900 
2050 2900 2902 90 918 
2051 2879 2900 918 515 
2052 515 2904 2903 2885 
2053 2904 918 2905 2903 
2054 2903 2905 917 936 
2055 2885 2903 936 891 
2056 918 2907 2906 2905 
2057 2907 90 2908 2906 
2058 2906 2908 919 959 
2059 2905 2906 959 917 
2060 138 2899 2909 1632 
2061 2899 914 2910 2909 
2062 2909 2910 925 2911 
2063 1632 2909 2911 905 
2064 914 932 2912 2910 
2065 932 541 2913 2912 
2066 2912 2913 926 2914 
2067 2910 2912 2914 925 
2068 542 1639 2915 2778 
2069 1639 933 2916 2915 
2070 2915 2916 585 2917 
2071 2778 2915 2917 500 
2072 888 2919 2918 2902 
2073 2919 951 2920 2918 
2074 2918 2920 916 955 
2075 2902 2918 955 90 
2076 919 2922 2921 960 
2077 2922 954 2923 2921 
2078 2921 2923 957 1649 
2079 960 2921 1649 516 
2080 995 1662 2924 2925 
2081 1662 788 2840 2924 
2082 2924 2840 87 2926 
2083 2925 2924 2926 997 
2084 983 1659 2927 2928 
2085 1659 995 2925 2927 
2086 2927 2925 997 2929 
2087 2928 2927 2929 609 
2088 777 1675 2930 2831 
2089 1675 1025 2931 2930 
2090 2930 2931 798 2932 
2091 2831 2930 2932 605 
2092 2933 1707 1048 2934 
2093 2818 2933 2934 651 
2094 618 2936 2935 1698 
2095 2936 1060 1454 2935 
2096 2935 1454 1059 1103 
2097 1698 2935 1103 770 
2098 1053 1695 2937 2938 
2099 1695 1067 1711 2937 
2100 2937 1711 1070 2939 
2101 2938 2937 2939 1031 
2102 1066 1109 2940 1724 
2103 1109 601 2941 2940 
2104 2940 2941 1091 2942 
2105 1724 2940 2942 1090 
2106 770 2944 2943 1736 
2107 2944 1103 2945 2943 
2108 2943 2945 1102 1114 
2109 1736 2943 1114 1065 
2110 1103 2947 2946 2945 
2111 2947 1059 1467 2946 
2112 2946 1467 1104 1126 
2113 2945 2946 1126 1102 
2114 1095 1740 2948 1742 
2115 1740 1106 2949 2948 
2116 2948 2949 1109 2950 
2117 1742 2948 2950 1066 
2118 601 1116 2951 2941 
2119 1116 1105 2952 2951 
2120 2951 2952 1110 2953 
2121 2941 2951 2953 1091 
2122 1105 1128 2954 2952 
2123 1128 1062 2955 2954 
2124 2954 2955 1111 2956 
2125 2952 2954 2956 1110 
2126 620 2958 2957 1456 
2127 2958 1118 2456 2957 
2128 2957 2456 1117 1443 
2129 1456 2957 1443 1061 
2130 1062 1138 2959 2955 
2131 1138 1124 1477 2959 
2132 2959 1477 1132 2960 
2133 2955 2959 2960 1111 
2134 1135 1472 2961 2962 
2135 1472 1137 1481 2961 
2136 2961 1481 1124 2963 
2137 2962 2961 2963 1138 
2138 33 2965 2964 2813 
2139 2965 1140 2966 2964 
2140 2964 2966 1139 1151 
2141 2813 2964 1151 617 
2142 1140 2968 2967 2966 
2143 2968 612 2969 2967 
2144 2967 2969 1141 1240 
2145 2966 2967 1240 1139 
2146 615 2971 2970 2496 
2147 2971 1144 2972 2970 
2148 2970 2972 1143 1164 
2149 2496 2970 1164 1057 
2150 1144 2974 2973 2972 
2151 2974 617 2975 2973 
2152 2973 2975 1145 1159 
2153 2972 2973 1159 1143 
2154 617 2977 2976 2975 
2155 2977 1151 2978 2976 
2156 2976 2978 1150 1179 
2157 2975 2976 1179 1145 
2158 1151 2980 2979 2978 
2159 2980 1139 2981 2979 
2160 2979 2981 1152 1243 
2161 2978 2979 1243 1150 
2162 1057 2983 2982 2535 
2163 2983 1164 2984 2982 
2164 2982 2984 1162 1541 
2165 2535 2982 1541 1163 
2166 1164 2986 2985 2984 
2167 2986 1143 2987 2985 
2168 2985 2987 1158 1549 
2169 2984 2985 1549 1162 
2170 1155 1200 2988 2989 
2171 1200 1166 1806 2988 
2172 2988 1806 1168 2990 
2173 2989 2988 2990 598 
2174 1198 1235 2991 2992 
2175 1235 1199 1810 2991 
2176 2991 1810 1166 2993 
2177 2992 2991 2993 1200 
2178 1171 1215 2994 2995 
2179 1215 1198 2992 2994 
2180 2994 2992 1200 2996 
2181 2995 2994 2996 1155 
2182 1232 1778 2997 2998 
2183 1778 1234 1814 2997 
2184 2997 1814 1199 2999 
2185 2998 2997 2999 1235 
2186 1214 1252 3000 3001 
2187 1252 1232 2998 3000 
2188 3000 2998 1235 3002 
2189 3001 3000 3002 1198 
2190 612 3004 3003 2969 
2191 3004 1237 3005 3003 
2192 3003 3005 1236 1313 
2193 2969 3003 1313 1141 
2194 1237 3007 3006 3005 
2195 3007 614 3008 3006 
2196 3006 3008 1238 1398 
2197 3005 3006 1398 1236 
2198 1139 3010 3009 2981 
2199 3010 1240 3011 3009 
2200 3009 3011 1239 1278 
2201 2981 3009 1278 1152 
2202 1240 3013 3012 3011 
2203 3013 1141 3014 3012 
2204 3012 3014 1241 1316 
2205 3011 3012 1316 1239 
2206 1253 1276 3015 1815 
2207 1276 1255 1849 3015 
2208 3015 1849 1228 3016 
2209 1815 3015 3016 1256 
2210 1261 1801 3017 3018 
2211 1801 1260 1818 3017 
2212 3017 1818 1264 3019 
2213 3018 3017 3019 1234 
2214 1263 1832 3020 1819 
2215 1832 1273 3021 3020 
2216 3020 3021 1276 3022 
2217 1819 3020 3022 1253 
2218 1259 3024 3023 1828 
2219 3024 1280 1856 3023 
2220 3023 1856 1270 1834 
2221 1828 3023 1834 1229 
2222 1282 3026 3025 1858 
2223 3026 1292 3027 3025 
2224 3025 3027 1284 1869 
2225 1858 3025 1869 1142 
2226 1141 3029 3028 3014 
2227 3029 1313 3030 3028 
2228 3028 3030 1312 1355 
2229 3014 3028 1355 1241 
2230 1313 3032 3031 3030 
2231 3032 1236 3033 3031 
2232 3031 3033 1314 1401 
2233 3030 3031 1401 1312 
2234 1299 1991 3034 3035 
2235 1991 1329 2032 3034 
2236 3034 2032 1361 3036 
2237 3035 3034 3036 1347 
2238 1365 2030 3037 3038 
2239 2030 1364 2036 3037 
2240 3037 2036 1368 3039 
2241 3038 3037 3039 1329 
2242 1367 2053 3040 2037 
2243 2053 1381 2073 3040 
2244 3040 2073 1384 3041 
2245 2037 3040 3041 1301 
2246 1323 3043 3042 2064 
2247 3043 1394 2111 3042 
2248 3042 2111 1393 2085 
2249 2064 3042 2085 1359 
2250 1236 3045 3044 3033 
2251 3045 1398 3046 3044 
2252 3044 3046 1397 1412 
2253 3033 3044 1412 1314 
2254 1398 3048 3047 3046 
2255 3048 1238 3049 3047 
2256 3047 3049 1399 1428 
2257 3046 3047 1428 1397 
2258 1424 3051 3050 2274 
2259 3051 1386 2315 3050 
2260 3050 2315 1425 2281 
2261 2274 3050 2281 1423 
2262 1061 3053 3052 1460 
2263 3053 1443 3054 3052 
2264 3052 3054 1442 1490 
2265 1460 3052 1490 1123 
2266 1443 3056 3055 3054 
2267 3056 1117 3057 3055 
2268 3055 3057 1444 1501 
2269 3054 3055 1501 1442 
2270 34 1492 3058 1478 
2271 1492 1445 3059 3058 
2272 3058 3059 1473 3060 
2273 1478 3058 3060 1133 
2274 1445 1503 3061 3059 
2275 1503 1120 2431 3061 
2276 3061 2431 1474 3062 
2277 3059 3061 3062 1473 
2278 1117 3064 3063 3057 
2279 3064 1497 2460 3063 
2280 3063 2460 1496 1510 
2281 3057 3063 1510 1444 
2282 1510 3067 3065 3066 
2283 3067 1496 2464 3065 
2284 3065 2464 1511 2436 
2285 3066 3065 2436 1509 
2286 1514 3069 3068 2502 
2287 3069 1493 2537 3068 
2288 3068 2537 1515 1530 
2289 2502 3068 1530 1513 
2290 1522 3071 3070 2539 
2291 3071 1163 3072 3070 
2292 3070 3072 1523 1545 
2293 2539 3070 1545 1521 
2294 1530 3075 3073 3074 
2295 3075 1515 2541 3073 
2296 3073 2541 1531 2531 
2297 3074 3073 2531 1528 
2298 1163 3077 3076 3072 
2299 3077 1541 3078 3076 
2300 3076 3078 1540 2569 
2301 3072 3076 2569 1523 
2302 1541 3080 3079 3078 
2303 3080 1162 3081 3079 
2304 3079 3081 1542 1556 
2305 3078 3079 1556 1540 
2306 1521 3083 3082 2555 
2307 3083 1545 3084 3082 
2308 3082 3084 1544 2565 
2309 2555 3082 2565 1538 
2310 1545 3086 3085 3084 
2311 3086 1523 3087 3085 
2312 3085 3087 1546 2572 
2313 3084 3085 2572 1544 
2314 1162 3089 3088 3081 
2315 3089 1549 3090 3088 
2316 3088 3090 1548 1562 
2317 3081 3088 1562 1542 
2318 1549 3092 3091 3090 
2319 3092 1158 3093 3091 
2320 3091 3093 1174 2598 
2321 3090 3091 2598 1548 
2322 1568 1577 3094 3095 
2323 1577 1177 2618 3094 
2324 3094 2618 1571 3096 
2325 3095 3094 3096 1569 
2326 167 2695 3097 3098 
2327 2695 218 1585 3097 
2328 3097 1585 1578 3099 
2329 3098 3097 3099 365 
2330 1185 1604 3100 3101 
2331 1604 1212 1609 3100 
2332 3100 1609 1589 3102 
2333 3101 3100 3102 1590 
2334 185 2872 3103 1623 
2335 2872 852 3104 3103 
2336 3103 3104 1617 3105 
2337 1623 3103 3105 1582 
2338 1100 3107 3106 1717 
2339 3107 1702 1730 3106 
2340 3106 1730 1705 3108 
2341 1717 3106 3108 1069 
2342 1704 3110 3109 1732 
2343 3110 1719 1745 3109 
2344 3109 1745 1722 3111 
2345 1732 3109 3111 1093 
2346 1752 3113 3112 1770 
2347 3113 1755 3114 3112 
2348 3112 3114 1233 1780 
2349 1770 3112 1780 1250 
2350 1761 3117 3115 3116 
2351 3117 1753 1768 3115 
2352 3115 1768 1181 1765 
2353 3116 3115 1765 1750 
2354 1777 3119 3118 1788 
2355 3119 1153 1799 3118 
2356 3118 1799 1261 3120 
2357 1788 3118 3120 1776 
2358 1776 3120 3121 3122 
2359 3120 1261 3018 3121 
2360 3121 3018 1234 3123 
2361 3122 3121 3123 1778 
2362 1251 1789 3124 3125 
2363 1789 1776 3122 3124 
2364 3124 3122 1778 3126 
2365 3125 3124 3126 1232 
2366 1755 3128 3127 3114 
2367 3128 1783 3129 3127 
2368 3127 3129 1777 1787 
2369 3114 3127 1787 1233 
2370 1834 3132 3130 3131 
2371 3132 1270 1860 3130 
2372 3130 1860 1288 1853 
2373 3131 3130 1853 1833 
2374 1142 3134 3133 1877 
2375 3134 1869 3135 3133 
2376 3133 3135 1868 1887 
2377 1877 3133 1887 1290 
2378 1869 3137 3136 3135 
2379 3137 1284 3138 3136 
2380 3136 3138 1308 1904 
2381 3135 3136 1904 1868 
2382 1870 1905 3139 3140 
2383 1905 1283 1907 3139 
2384 3139 1907 1884 3141 
2385 3140 3139 3141 1883 
2386 1311 1925 3142 1908 
2387 1925 1285 1944 3142 
2388 3142 1944 1896 3143 
2389 1908 3142 3143 1895 
2390 1921 1942 3144 1945 
2391 1942 1303 3145 3144 
2392 3144 3145 1929 3146 
2393 1945 3144 3146 1928 
2394 1935 3149 3147 3148 
2395 3149 1937 1974 3147 
2396 3147 1974 1305 1960 
2397 3148 3147 1960 1938 
2398 1920 3151 3150 1941 
2399 3151 1935 3148 3150 
2400 3150 3148 1938 3152 
2401 1941 3150 3152 1303 
2402 1303 3152 3153 3145 
2403 3152 1938 1959 3153 
2404 3153 1959 1952 3154 
2405 3145 3153 3154 1929 
2406 1966 3156 3155 1976 
2407 3156 1968 3157 3155 
2408 3155 3157 1318 1978 
2409 1976 3155 1978 1956 
2410 1968 3159 3158 3157 
2411 3159 1986 2007 3158 
2412 3158 2007 1351 1998 
2413 3157 3158 1998 1318 
2414 1990 3161 3160 2017 
2415 3161 1326 2028 3160 
2416 3160 2028 1365 3162 
2417 2017 3160 3162 1989 
2418 1989 3162 3163 3164 
2419 3162 1365 3038 3163 
2420 3163 3038 1329 3165 
2421 3164 3163 3165 1991 
2422 1352 2018 3166 3167 
2423 2018 1989 3164 3166 
2424 3166 3164 1991 3168 
2425 3167 3166 3168 1299 
2426 1988 3170 3169 2009 
2427 3170 2003 3171 3169 
2428 3169 3171 1990 2016 
2429 2009 3169 2016 1320 
2430 2054 2091 3172 2096 
2431 2091 2056 3173 3172 
2432 3172 3173 1322 3174 
2433 2096 3172 3174 2057 
2434 2060 3176 3175 2079 
2435 3176 2065 2099 3175 
2436 3175 2099 2068 3177 
2437 2079 3175 3177 1383 
2438 1322 2087 3178 2093 
2439 2087 1396 2134 3178 
2440 3178 2134 2081 3179 
2441 2093 3178 3179 1379 
2442 2086 2132 3180 3181 
2443 2132 2103 2138 3180 
2444 3180 2138 2106 3182 
2445 3181 3180 3182 1396 
2446 1324 2123 3183 2135 
2447 2123 1406 2190 3183 
2448 3183 2190 2117 3184 
2449 2135 3183 3184 2082 
2450 1395 3186 3185 2127 
2451 3186 2121 2160 3185 
2452 3185 2160 2120 3187 
2453 2127 3185 3187 2105 
2454 2105 3187 3188 2139 
2455 3187 2120 3189 3188 
2456 3188 3189 2123 3190 
2457 2139 3188 3190 1324 
2458 1403 3192 3191 2162 
2459 3192 2156 2175 3191 
2460 3191 2175 2155 3193 
2461 2162 3191 3193 2122 
2462 2122 3193 3194 3195 
2463 3193 2155 2194 3194 
2464 3194 2194 2158 3196 
2465 3195 3194 3196 1406 
2466 1389 2173 3197 2191 
2467 2173 2154 3198 3197 
2468 3197 3198 2167 3199 
2469 2191 3197 3199 2118 
2470 2154 2218 3200 3198 
2471 2218 1391 2238 3200 
2472 3200 2238 2168 3201 
2473 3198 3200 3201 2167 
2474 2157 2188 3202 2195 
2475 2188 2170 3203 3202 
2476 3202 3203 2173 3204 
2477 2195 3202 3204 1389 
2478 1418 2253 3205 2239 
2479 2253 1407 2289 3205 
2480 3205 2289 2209 3206 
2481 2239 3205 3206 2208 
2482 2213 3208 3207 2229 
2483 3208 1414 2258 3207 
2484 3207 2258 2214 3209 
2485 2229 3207 3209 2211 
2486 2211 3209 3210 2243 
2487 3209 2214 3211 3210 
2488 3210 3211 1418 3212 
2489 2243 3210 3212 2215 
2490 2216 2236 3213 3214 
2491 2236 2212 2242 3213 
2492 3213 2242 1391 3215 
2493 3214 3213 3215 2218 
2494 2251 3217 3216 2260 
2495 3217 1417 2276 3216 
2496 3216 2276 2252 3218 
2497 2260 3216 3218 2250 
2498 2250 3218 3219 3220 
2499 3218 2252 2293 3219 
2500 3219 2293 1407 3221 
2501 3220 3219 3221 2253 
2502 2214 2261 3222 3211 
2503 2261 2250 3220 3222 
2504 3222 3220 2253 3223 
2505 3211 3222 3223 1418 
2506 1426 2283 3224 2290 
2507 2283 1409 2336 3224 
2508 3224 2336 2263 3225 
2509 2290 3224 3225 2262 
2510 2265 2287 3226 2294 
2511 2287 2267 3227 3226 
2512 3226 3227 1426 3228 
2513 2294 3226 3228 2268 
2514 1433 2325 3229 2337 
2515 2325 1419 2386 3229 
2516 3229 2386 2305 3230 
2517 2337 3229 3230 2304 
2518 2282 2334 3231 3232 
2519 2334 2307 2340 3231 
2520 3231 2340 2310 3233 
2521 3232 3231 3233 1409 
2522 1430 3235 3234 2329 
2523 3235 2323 2359 3234 
2524 3234 2359 2322 3236 
2525 2329 3234 3236 2309 
2526 2309 3236 3237 2341 
2527 3236 2322 3238 3237 
2528 3237 3238 2325 3239 
2529 2341 3237 3239 1433 
2530 2321 2372 3240 2387 
2531 2372 1421 3241 3240 
2532 3240 3241 2352 3242 
2533 2387 3240 3242 2351 
2534 1432 3244 3243 2361 
2535 3244 2355 2374 3243 
2536 3243 2374 2354 3245 
2537 2361 3243 3245 2324 
2538 2324 3245 3246 3247 
2539 3245 2354 2390 3246 
2540 3246 2390 2357 3248 
2541 3247 3246 3248 1419 
2542 2356 2384 3249 2391 
2543 2384 2369 3250 3249 
2544 3249 3250 2372 3251 
2545 2391 3249 3251 2321 
2546 2468 3253 3252 2505 
2547 3253 1513 3254 3252 
2548 3252 3254 1529 2507 
2549 2505 3252 2507 2467 
2550 1517 3256 3255 2477 
2551 3256 2471 2490 3255 
2552 3255 2490 2470 3257 
2553 2477 3255 3257 2444 
2554 1519 3259 3258 2492 
2555 3259 2486 2511 3258 
2556 3258 2511 2485 3260 
2557 2492 3258 3260 2472 
2558 2527 3262 3261 2547 
2559 3262 1536 2557 3261 
2560 3261 2557 2528 3263 
2561 2547 3261 3263 2525 
2562 1523 3265 3264 3087 
2563 3265 2569 3266 3264 
2564 3264 3266 2568 2579 
2565 3087 3264 2579 1546 
2566 1197 2629 3267 2619 
2567 2629 1161 2640 3267 
2568 3267 2640 2611 3268 
2569 2619 3267 3268 2610 
2570 1600 2638 3269 2641 
2571 2638 1185 3101 3269 
2572 3269 3101 1590 3270 
2573 2641 3269 3270 2630 
2574 211 1580 3271 3272 
2575 1580 213 2846 3271 
2576 3271 2846 161 3273 
2577 3272 3271 3273 214 
2578 212 366 3274 3275 
2579 366 211 3272 3274 
2580 3274 3272 214 3276 
2581 3275 3274 3276 159 
2582 241 2702 3277 3278 
2583 2702 212 3275 3277 
2584 3277 3275 159 3279 
2585 3278 3277 3279 243 
2586 242 2715 3280 2733 
2587 2715 241 3278 3280 
2588 3280 3278 243 3281 
2589 2733 3280 3281 160 
2590 202 299 3282 2743 
2591 299 255 2729 3282 
2592 3282 2729 293 2735 
2593 2743 3282 2735 294 
2594 226 370 3283 3284 
2595 370 167 3098 3283 
2596 3283 3098 365 3285 
2597 3284 3283 3285 363 
2598 383 440 3286 3287 
2599 440 385 2754 3286 
2600 3286 2754 155 3288 
2601 3287 3286 3288 386 
2602 384 2746 3289 3290 
2603 2746 383 3287 3289 
2604 3289 3287 386 3291 
2605 3290 3289 3291 156 
2606 387 398 3292 3293 
2607 398 389 2748 3292 
2608 3292 2748 240 3294 
2609 3293 3292 3294 390 
2610 388 409 3295 3296 
2611 409 387 3293 3295 
2612 3295 3293 390 3297 
2613 3296 3295 3297 83 
2614 399 2752 3298 3299 
2615 2752 384 3290 3298 
2616 3298 3290 156 3300 
2617 3299 3298 3300 401 
2618 160 3281 3301 435 
2619 3281 243 3302 3301 
2620 3301 3302 430 2757 
2621 435 3301 2757 392 
2622 243 3279 3303 3302 
2623 3279 159 3304 3303 
2624 3303 3304 431 458 
2625 3302 3303 458 430 
2626 159 3276 3305 3304 
2627 3276 214 3306 3305 
2628 3305 3306 450 468 
2629 3304 3305 468 431 
2630 214 3273 3307 3306 
2631 3273 161 3308 3307 
2632 3307 3308 451 2760 
2633 3306 3307 2760 450 
2634 109 2758 3309 3310 
2635 2758 432 2763 3309 
2636 3309 2763 453 3311 
2637 3310 3309 3311 439 
2638 161 2847 3312 3308 
2639 2847 489 3313 3312 
2640 3312 3313 488 2767 
2641 3308 3312 2767 451 
2642 489 2844 3314 3313 
2643 2844 179 3315 3314 
2644 3314 3315 490 3316 
2645 3313 3314 3316 488 
2646 488 3316 3317 2768 
2647 3316 490 3318 3317 
2648 3317 3318 181 3319 
2649 2768 3317 3319 481 
2650 179 2410 3320 3315 
2651 2410 521 3321 3320 
2652 3320 3321 520 3322 
2653 3315 3320 3322 490 
2654 521 2874 3323 3321 
2655 2874 180 3324 3323 
2656 3323 3324 522 3325 
2657 3321 3323 3325 520 
2658 520 3325 3326 3327 
2659 3325 522 3328 3326 
2660 3326 3328 139 529 
2661 3327 3326 529 508 
2662 490 3322 3329 3318 
2663 3322 520 3327 3329 
2664 3329 3327 508 3330 
2665 3318 3329 3330 181 
2666 500 2917 3331 590 
2667 2917 585 3332 3331 
2668 3331 3332 584 3333 
2669 590 3331 3333 534 
2670 534 3333 3334 2775 
2671 3333 584 3335 3334 
2672 3334 3335 587 3336 
2673 2775 3334 3336 499 
2674 600 1089 3337 2796 
2675 1089 602 3338 3337 
2676 3337 3338 73 3339 
2677 2796 3337 3339 603 
2678 87 2841 3340 3341 
2679 2841 642 791 3340 
2680 3340 791 640 3342 
2681 3341 3340 3342 641 
2682 641 3342 3343 3344 
2683 3342 640 757 3343 
2684 3343 757 644 3345 
2685 3344 3343 3345 610 
2686 645 1092 3346 2815 
2687 1092 647 3347 3346 
2688 3346 3347 600 3348 
2689 2815 3346 3348 648 
2690 649 2819 3349 2821 
2691 2819 651 3350 3349 
2692 3349 3350 606 3351 
2693 2821 3349 3351 652 
2694 155 2755 3352 3353 
2695 2755 429 2827 3352 
2696 3352 2827 679 3354 
2697 3353 3352 3354 680 
2698 499 3336 3355 724 
2699 3336 587 3356 3355 
2700 3355 3356 719 3357 
2701 724 3355 3357 569 
2702 605 2932 3358 2825 
2703 2932 798 3359 3358 
2704 3358 3359 797 3360 
2705 2825 3358 3360 655 
2706 655 3360 3361 803 
2707 3360 797 3362 3361 
2708 3361 3362 800 3363 
2709 803 3361 3363 635 
2710 835 3365 3364 2857 
2711 3365 837 3366 3364 
2712 3364 3366 182 2849 
2713 2857 3364 2849 821 
2714 849 2869 3367 2871 
2715 2869 851 3368 3367 
2716 3367 3368 154 3369 
2717 2871 3367 3369 852 
2718 837 3371 3370 3366 
2719 3371 853 3372 3370 
2720 3370 3372 850 858 
2721 3366 3370 858 182 
2722 851 877 3373 3368 
2723 877 863 3374 3373 
2724 3373 3374 866 3375 
2725 3368 3373 3375 154 
2726 153 3377 3376 2866 
2727 3377 879 3378 3376 
2728 3376 3378 878 2876 
2729 2866 3376 2876 847 
2730 879 3380 3379 3378 
2731 3380 842 3381 3379 
2732 3379 3381 880 901 
2733 3378 3379 901 878 
2734 842 3383 3382 3381 
2735 3383 893 3384 3382 
2736 3382 3384 892 908 
2737 3381 3382 908 880 
2738 893 3386 3385 3384 
2739 3386 844 3387 3385 
2740 3385 3387 894 2887 
2741 3384 3385 2887 892 
2742 904 1633 3388 2895 
2743 1633 905 3389 3388 
2744 3388 3389 519 3390 
2745 2895 3388 3390 906 
2746 844 3392 3391 3387 
2747 3392 912 3393 3391 
2748 3391 3393 911 2898 
2749 3387 3391 2898 894 
2750 912 3395 3394 3393 
2751 3395 889 3396 3394 
2752 3394 3396 913 930 
2753 3393 3394 930 911 
2754 905 2911 3397 3389 
2755 2911 925 3398 3397 
2756 3397 3398 927 3399 
2757 3389 3397 3399 519 
2758 933 1647 3400 2916 
2759 1647 934 3401 3400 
2760 3400 3401 5 3402 
2761 2916 3400 3402 585 
2762 951 3404 3403 2920 
2763 3404 953 3405 3403 
2764 3403 3405 511 975 
2765 2920 3403 975 916 
2766 90 3407 3406 2908 
2767 3407 955 3408 3406 
2768 3406 3408 954 2922 
2769 2908 3406 2922 919 
2770 954 3410 3409 2923 
2771 3410 956 3411 3409 
2772 3409 3411 915 971 
2773 2923 3409 971 957 
2774 934 1650 3412 3401 
2775 1650 962 3413 3412 
2776 3412 3413 964 3414 
2777 3401 3412 3414 5 
2778 956 3416 3415 3411 
2779 3416 974 3417 3415 
2780 3415 3417 966 978 
2781 3411 3415 978 915 
2782 981 1001 3418 3419 
2783 1001 983 2928 3418 
2784 3418 2928 609 3420 
2785 3419 3418 3420 630 
2786 967 994 3421 3422 
2787 994 981 3419 3421 
2788 3421 3419 630 3423 
2789 3422 3421 3423 496 
2790 953 3425 3424 3405 
2791 3425 984 3426 3424 
2792 3424 3426 626 988 
2793 3405 3424 988 511 
2794 1025 1678 3427 2931 
2795 1678 1027 3428 3427 
2796 3427 3428 650 3429 
2797 2931 3427 3429 798 
2798 1027 1047 3430 3428 
2799 1047 1032 3431 3430 
2800 3430 3431 1035 3432 
2801 3428 3430 3432 650 
2802 651 2934 3433 3350 
2803 2934 1048 3434 3433 
2804 3433 3434 1050 3435 
2805 3350 3433 3435 606 
2806 1051 1692 3436 3437 
2807 1692 1053 2938 3436 
2808 3436 2938 1031 3438 
2809 3437 3436 3438 1054 
2810 1034 1688 3439 3440 
2811 1688 1051 3437 3439 
2812 3439 3437 1054 3441 
2813 3440 3439 3441 50 
2814 602 1131 3442 3338 
2815 1131 1084 3443 3442 
2816 3442 3443 1086 3444 
2817 3338 3442 3444 73 
2818 647 1112 3445 3347 
2819 1112 1087 3446 3445 
2820 3445 3446 1089 3447 
2821 3347 3445 3447 600 
2822 1154 1172 3448 3449 
2823 1172 1155 2989 3448 
2824 3448 2989 598 3450 
2825 3449 3448 3450 1156 
2826 1085 1188 3451 3452 
2827 1188 1154 3449 3451 
2828 3451 3449 1156 3453 
2829 3452 3451 3453 596 
2830 1143 3455 3454 2987 
2831 3455 1159 3456 3454 
2832 3454 3456 1157 1175 
2833 2987 3454 1175 1158 
2834 1159 3458 3457 3456 
2835 3458 1145 3459 3457 
2836 3457 3459 1160 1183 
2837 3456 3457 1183 1157 
2838 1169 1207 3460 3461 
2839 1207 1171 2995 3460 
2840 3460 2995 1155 3462 
2841 3461 3460 3462 1172 
2842 1170 1192 3463 3464 
2843 1192 1169 3461 3463 
2844 3463 3461 1172 3465 
2845 3464 3463 3465 1154 
2846 1158 3467 3466 3093 
2847 3467 1175 3468 3466 
2848 3466 3468 1173 1567 
2849 3093 3466 1567 1174 
2850 1175 3470 3469 3468 
2851 3470 1157 3471 3469 
2852 3469 3471 1176 1195 
2853 3468 3469 1195 1173 
2854 1145 3473 3472 3459 
2855 3473 1179 3474 3472 
2856 3472 3474 1178 1202 
2857 3459 3472 1202 1160 
2858 1179 3476 3475 3474 
2859 3476 1150 3477 3475 
2860 3475 3477 1180 1246 
2861 3474 3475 1246 1178 
2862 1157 3479 3478 3471 
2863 3479 1183 3480 3478 
2864 3478 3480 1182 1599 
2865 3471 3478 1599 1176 
2866 1183 3482 3481 3480 
2867 3482 1160 3483 3481 
2868 3481 3483 1184 1210 
2869 3480 3481 1210 1182 
2870 1186 1560 3484 3485 
2871 1560 1170 3464 3484 
2872 3484 3464 1154 3486 
2873 3485 3484 3486 1188 
2874 1187 1553 3487 3488 
2875 1553 1186 3485 3487 
2876 3487 3485 1188 3489 
2877 3488 3487 3489 1085 
2878 1160 3491 3490 3483 
2879 3491 1202 3492 3490 
2880 3490 3492 1201 1217 
2881 3483 3490 1217 1184 
2882 1202 3494 3493 3492 
2883 3494 1178 3495 3493 
2884 3493 3495 1203 1762 
2885 3492 3493 1762 1201 
2886 1213 1751 3496 3497 
2887 1751 1214 3001 3496 
2888 3496 3001 1198 3498 
2889 3497 3496 3498 1215 
2890 1206 1607 3499 3500 
2891 1607 1213 3497 3499 
2892 3499 3497 1215 3501 
2893 3500 3499 3501 1171 
2894 1150 3503 3502 3477 
2895 3503 1243 3504 3502 
2896 3502 3504 1242 1258 
2897 3477 3502 1258 1180 
2898 1243 3506 3505 3504 
2899 3506 1152 3507 3505 
2900 3505 3507 1244 1281 
2901 3504 3505 1281 1242 
2902 1178 3509 3508 3495 
2903 3509 1246 3510 3508 
2904 3508 3510 1245 1754 
2905 3495 3508 1754 1203 
2906 1246 3512 3511 3510 
2907 3512 1180 3513 3511 
2908 3511 3513 1247 1784 
2909 3510 3511 1784 1245 
2910 1248 1782 3514 3515 
2911 1782 1251 3125 3514 
2912 3514 3125 1232 3516 
2913 3515 3514 3516 1252 
2914 1249 1760 3517 3518 
2915 1760 1248 3515 3517 
2916 3517 3515 1252 3519 
2917 3518 3517 3519 1214 
2918 1180 3521 3520 3513 
2919 3521 1258 3522 3520 
2920 3520 3522 1257 1791 
2921 3513 3520 1791 1247 
2922 1258 3524 3523 3522 
2923 3524 1242 3525 3523 
2924 3523 3525 1259 1827 
2925 3522 3523 1827 1257 
2926 1152 3527 3526 3507 
2927 3527 1278 3528 3526 
2928 3526 3528 1277 1293 
2929 3507 3526 1293 1244 
2930 1278 3530 3529 3528 
2931 3530 1239 3531 3529 
2932 3529 3531 1279 1916 
2933 3528 3529 1916 1277 
2934 1242 3533 3532 3525 
2935 3533 1281 3534 3532 
2936 3532 3534 1280 3024 
2937 3525 3532 3024 1259 
2938 1281 3536 3535 3534 
2939 3536 1244 3537 3535 
2940 3535 3537 1282 1857 
2941 3534 3535 1857 1280 
2942 1244 3539 3538 3537 
2943 3539 1293 3540 3538 
2944 3538 3540 1292 3026 
2945 3537 3538 3026 1282 
2946 1292 3542 3541 3027 
2947 3542 1294 3543 3541 
2948 3541 3543 1266 1309 
2949 3027 3541 1309 1284 
2950 1284 3545 3544 3138 
2951 3545 1309 3546 3544 
2952 3544 3546 1307 1900 
2953 3138 3544 1900 1308 
2954 1309 3548 3547 3546 
2955 3548 1266 3549 3547 
2956 3547 3549 1310 1923 
2957 3546 3547 1923 1307 
2958 1239 3551 3550 3531 
2959 3551 1316 3552 3550 
2960 3550 3552 1315 1964 
2961 3531 3550 1964 1279 
2962 1316 3554 3553 3552 
2963 3554 1241 3555 3553 
2964 3553 3555 1317 2001 
2965 3552 3553 2001 1315 
2966 1321 1353 3556 3557 
2967 1353 1299 3035 3556 
2968 3556 3035 1347 3558 
2969 3557 3556 3558 1345 
2970 1349 1996 3559 3560 
2971 1996 1352 3167 3559 
2972 3559 3167 1299 3561 
2973 3560 3559 3561 1353 
2974 1350 1999 3562 3563 
2975 1999 1349 3560 3562 
2976 3562 3560 1353 3564 
2977 3563 3562 3564 1321 
2978 1241 3566 3565 3555 
2979 3566 1355 3567 3565 
2980 3565 3567 1354 2045 
2981 3555 3565 2045 1317 
2982 1355 3569 3568 3567 
2983 3569 1312 3570 3568 
2984 3568 3570 1356 2108 
2985 3567 3568 2108 1354 
2986 1312 3572 3571 3570 
2987 3572 1401 3573 3571 
2988 3571 3573 1400 2147 
2989 3570 3571 2147 1356 
2990 1401 3575 3574 3573 
2991 3575 1314 3576 3574 
2992 3574 3576 1402 2180 
2993 3573 3574 2180 1400 
2994 1314 3578 3577 3576 
2995 3578 1412 3579 3577 
2996 3577 3579 1411 2220 
2997 3576 3577 2220 1402 
2998 1412 3581 3580 3579 
2999 3581 1397 3582 3580 
3000 3580 3582 1413 2270 
3001 3579 3580 2270 1411 
3002 1397 3584 3583 3582 
3003 3584 1428 3585 3583 
3004 3583 3585 1427 2312 
3005 3582 3583 2312 1413 
3006 1428 3587 3586 3585 
3007 3587 1399 3588 3586 
3008 3586 3588 1429 2364 
3009 3585 3586 2364 1427 
3010 1084 1505 3589 3443 
3011 1505 1085 3452 3589 
3012 3589 3452 596 3590 
3013 3443 3589 3590 1086 
3014 1504 1535 3591 3592 
3015 1535 1187 3488 3591 
3016 3591 3488 1085 3593 
3017 3592 3591 3593 1505 
3018 1130 1527 3594 3595 
3019 1527 1504 3592 3594 
3020 3594 3592 1505 3596 
3021 3595 3594 3596 1084 
3022 1513 3598 3597 3254 
3023 3598 1530 3074 3597 
3024 3597 3074 1528 2519 
3025 3254 3597 2519 1529 
3026 852 3369 3599 3104 
3027 3369 154 3600 3599 
3028 3599 3600 1618 3601 
3029 3104 3599 3601 1617 
3030 1749 1766 3602 3603 
3031 1766 1249 3518 3602 
3032 3602 3518 1214 3604 
3033 3603 3602 3604 1751 
3034 1783 3606 3605 3129 
3035 3606 1785 3607 3605 
3036 3605 3607 1153 3119 
3037 3129 3605 3119 1777 
3038 1785 3609 3608 3607 
3039 3609 1790 3610 3608 
3040 3608 3610 1262 1800 
3041 3607 3608 1800 1153 
3042 1271 1889 3611 3612 
3043 1889 1870 3140 3611 
3044 3611 3140 1883 3613 
3045 3612 3611 3613 1841 
3046 1294 3615 3614 3543 
3047 3615 1915 3616 3614 
3048 3614 3616 1304 1919 
3049 3543 3614 1919 1266 
3050 1266 3618 3617 3549 
3051 3618 1919 3619 3617 
3052 3617 3619 1918 1932 
3053 3549 3617 1932 1310 
3054 1919 3621 3620 3619 
3055 3621 1304 3622 3620 
3056 3620 3622 1920 1940 
3057 3619 3620 1940 1918 
3058 1915 3624 3623 3616 
3059 3624 1917 3625 3623 
3060 3623 3625 1225 1936 
3061 3616 3623 1936 1304 
3062 1304 3627 3626 3622 
3063 3627 1936 3628 3626 
3064 3626 3628 1935 3151 
3065 3622 3626 3151 1920 
3066 1936 3630 3629 3628 
3067 3630 1225 3631 3629 
3068 3629 3631 1937 3149 
3069 3628 3629 3149 1935 
3070 1267 1957 3632 3633 
3071 1957 1321 3557 3632 
3072 3632 3557 1345 3634 
3073 3633 3632 3634 1346 
3074 1955 1980 3635 3636 
3075 1980 1350 3563 3635 
3076 3635 3563 1321 3637 
3077 3636 3635 3637 1957 
3078 1953 1972 3638 3639 
3079 1972 1955 3636 3638 
3080 3638 3636 1957 3640 
3081 3639 3638 3640 1267 
3082 1917 3642 3641 3625 
3083 3642 1963 3643 3641 
3084 3641 3643 1319 1967 
3085 3625 3641 1967 1225 
3086 1225 3645 3644 3631 
3087 3645 1967 3646 3644 
3088 3644 3646 1966 1975 
3089 3631 3644 1975 1937 
3090 1967 3648 3647 3646 
3091 3648 1319 3649 3647 
3092 3647 3649 1968 3156 
3093 3646 3647 3156 1966 
3094 1963 3651 3650 3643 
3095 3651 1965 3652 3650 
3096 3650 3652 1300 1987 
3097 3643 3650 1987 1319 
3098 1319 3654 3653 3649 
3099 3654 1987 3655 3653 
3100 3653 3655 1986 3159 
3101 3649 3653 3159 1968 
3102 1987 3657 3656 3655 
3103 3657 1300 3658 3656 
3104 3656 3658 1988 2008 
3105 3655 3656 2008 1986 
3106 1965 3660 3659 3652 
3107 3660 2000 3661 3659 
3108 3659 3661 1327 2004 
3109 3652 3659 2004 1300 
3110 1300 3663 3662 3658 
3111 3663 2004 3664 3662 
3112 3662 3664 2003 3170 
3113 3658 3662 3170 1988 
3114 2003 3666 3665 3171 
3115 3666 2005 3667 3665 
3116 3665 3667 1326 3161 
3117 3171 3665 3161 1990 
3118 2005 3669 3668 3667 
3119 3669 2019 3670 3668 
3120 3668 3670 1366 2029 
3121 3667 3668 2029 1326 
3122 2120 2163 3671 3189 
3123 2163 2122 3195 3671 
3124 3671 3195 1406 3672 
3125 3189 3671 3672 2123 
3126 2322 2362 3673 3238 
3127 2362 2324 3247 3673 
3128 3673 3247 1419 3674 
3129 3238 3673 3674 2325 
3130 154 3375 3675 3600 
3131 3375 866 3676 3675 
3132 3675 3676 2401 3677 
3133 3600 3675 3677 1618 
3134 866 3679 3678 3676 
3135 3679 848 3680 3678 
3136 3678 3680 2402 2413 
3137 3676 3678 2413 2401 
3138 1618 3677 3681 3682 
3139 3677 2401 2412 3681 
3140 3681 2412 2403 3683 
3141 3682 3681 3683 819 
3142 180 2424 3684 3324 
3143 2424 898 3685 3684 
3144 3684 3685 2419 3686 
3145 3324 3684 3686 522 
3146 898 2891 3687 3685 
3147 2891 517 3688 3687 
3148 3687 3688 2420 3689 
3149 3685 3687 3689 2419 
3150 522 3686 3690 3328 
3151 3686 2419 3691 3690 
3152 3690 3691 524 3692 
3153 3328 3690 3692 139 
3154 386 3288 3693 3694 
3155 3288 155 3353 3693 
3156 3693 3353 680 3695 
3157 3694 3693 3695 2686 
3158 517 2896 3696 3688 
3159 2896 906 3697 3696 
3160 3696 3697 2772 3698 
3161 3688 3696 3698 2420 
3162 906 3390 3699 3697 
3163 3390 519 3700 3699 
3164 3699 3700 2773 3701 
3165 3697 3699 3701 2772 
3166 519 3399 3702 3700 
3167 3399 927 3703 3702 
3168 3702 3703 2779 3704 
3169 3700 3702 3704 2773 
3170 997 2926 3705 3706 
3171 2926 87 3341 3705 
3172 3705 3341 641 3707 
3173 3706 3705 3707 2801 
3174 2801 3707 3708 3709 
3175 3707 641 3344 3708 
3176 3708 3344 610 3710 
3177 3709 3708 3710 2802 
3178 144 374 3711 3712 
3179 374 226 3284 3711 
3180 3711 3284 363 3713 
3181 3712 3711 3713 364 
3182 393 444 3714 3715 
3183 444 109 3310 3714 
3184 3714 3310 439 3716 
3185 3715 3714 3716 437 
3186 481 3319 3717 493 
3187 3319 181 3718 3717 
3188 3717 3718 482 3719 
3189 493 3717 3719 480 
3190 181 3330 3720 3718 
3191 3330 508 528 3720 
3192 3720 528 507 3721 
3193 3718 3720 3721 482 
3194 139 3692 3722 530 
3195 3692 524 3723 3722 
3196 3722 3723 523 3724 
3197 530 3722 3724 509 
3198 585 3402 3725 3332 
3199 3402 5 3726 3725 
3200 3725 3726 586 3727 
3201 3332 3725 3727 584 
3202 584 3727 3728 3335 
3203 3727 586 3729 3728 
3204 3728 3729 501 3730 
3205 3335 3728 3730 587 
3206 587 3730 3731 3356 
3207 3730 501 3732 3731 
3208 3731 3732 720 3733 
3209 3356 3731 3733 719 
3210 798 3429 3734 3359 
3211 3429 650 3735 3734 
3212 3734 3735 799 3736 
3213 3359 3734 3736 797 
3214 797 3736 3737 3362 
3215 3736 799 3738 3737 
3216 3737 3738 649 3739 
3217 3362 3737 3739 800 
3218 853 3741 3740 3372 
3219 3741 855 3742 3740 
3220 3740 3742 184 2868 
3221 3372 3740 2868 850 
3222 863 3744 3743 3374 
3223 3744 865 3745 3743 
3224 3743 3745 848 3679 
3225 3374 3743 3679 866 
3226 855 3747 3746 3742 
3227 3747 870 3748 3746 
3228 3746 3748 864 875 
3229 3742 3746 875 184 
3230 925 2914 3749 3398 
3231 2914 926 3750 3749 
3232 3749 3750 540 3751 
3233 3398 3749 3751 927 
3234 955 3753 3752 3408 
3235 3753 916 3754 3752 
3236 3752 3754 956 3410 
3237 3408 3752 3410 954 
3238 962 973 3755 3413 
3239 973 963 3756 3755 
3240 3755 3756 581 3757 
3241 3413 3755 3757 964 
3242 965 1653 3758 3759 
3243 1653 967 3422 3758 
3244 3758 3422 496 3760 
3245 3759 3758 3760 968 
3246 963 980 3761 3756 
3247 980 965 3759 3761 
3248 3761 3759 968 3762 
3249 3756 3761 3762 581 
3250 916 3764 3763 3754 
3251 3764 975 3765 3763 
3252 3763 3765 974 3416 
3253 3754 3763 3416 956 
3254 974 3767 3766 3417 
3255 3767 976 3768 3766 
3256 3766 3768 625 1652 
3257 3417 3766 1652 966 
3258 984 3770 3769 3426 
3259 3770 986 3771 3769 
3260 3769 3771 513 1655 
3261 3426 3769 1655 626 
3262 976 3773 3772 3768 
3263 3773 987 3774 3772 
3264 3772 3774 982 992 
3265 3768 3772 992 625 
3266 986 3776 3775 3771 
3267 3776 1005 3777 3775 
3268 3775 3777 638 1010 
3269 3771 3775 1010 513 
3270 1032 1682 3778 3431 
3271 1682 1034 3440 3778 
3272 3778 3440 50 3779 
3273 3431 3778 3779 1035 
3274 1048 1709 3780 3434 
3275 1709 1049 3781 3780 
3276 3780 3781 645 3782 
3277 3434 3780 3782 1050 
3278 1087 1134 3783 3446 
3279 1134 1088 3784 3783 
3280 3783 3784 602 3785 
3281 3446 3783 3785 1089 
3282 1049 1725 3786 3781 
3283 1725 1090 3787 3786 
3284 3786 3787 1092 3788 
3285 3781 3786 3788 645 
3286 1129 1508 3789 3790 
3287 1508 1130 3595 3789 
3288 3789 3595 1084 3791 
3289 3790 3789 3791 1131 
3290 1088 1475 3792 3784 
3291 1475 1129 3790 3792 
3292 3792 3790 1131 3793 
3293 3784 3792 3793 602 
3294 1205 1592 3794 3795 
3295 1592 1206 3500 3794 
3296 3794 3500 1171 3796 
3297 3795 3794 3796 1207 
3298 1191 2631 3797 3798 
3299 2631 1205 3795 3797 
3300 3797 3795 1207 3799 
3301 3798 3797 3799 1169 
3302 1293 3801 3800 3540 
3303 3801 1277 3802 3800 
3304 3800 3802 1294 3542 
3305 3540 3800 3542 1292 
3306 1617 3601 3803 3804 
3307 3601 1618 3682 3803 
3308 3803 3682 819 3805 
3309 3804 3803 3805 1619 
3310 1582 3105 3806 3807 
3311 3105 1617 3804 3806 
3312 3806 3804 1619 3808 
3313 3807 3806 3808 818 
3314 1790 3810 3809 3610 
3315 3810 1792 3811 3809 
3316 3809 3811 1254 1795 
3317 3610 3809 1795 1262 
3318 1792 3813 3812 3811 
3319 3813 1826 3814 3812 
3320 3812 3814 1274 1830 
3321 3811 3812 1830 1254 
3322 1291 1874 3815 3816 
3323 1874 1271 3612 3815 
3324 3815 3612 1841 3817 
3325 3816 3815 3817 1839 
3326 1277 3819 3818 3802 
3327 3819 1916 3820 3818 
3328 3818 3820 1915 3615 
3329 3802 3818 3615 1294 
3330 1916 3822 3821 3820 
3331 3822 1279 3823 3821 
3332 3821 3823 1917 3624 
3333 3820 3821 3624 1915 
3334 1306 1954 3824 3825 
3335 1954 1267 3633 3824 
3336 3824 3633 1346 3826 
3337 3825 3824 3826 1926 
3338 1952 1962 3827 3828 
3339 1962 1953 3639 3827 
3340 3827 3639 1267 3829 
3341 3828 3827 3829 1954 
3342 1929 3154 3830 3831 
3343 3154 1952 3828 3830 
3344 3830 3828 1954 3832 
3345 3831 3830 3832 1306 
3346 1279 3834 3833 3823 
3347 3834 1964 3835 3833 
3348 3833 3835 1963 3642 
3349 3823 3833 3642 1917 
3350 1964 3837 3836 3835 
3351 3837 1315 3838 3836 
3352 3836 3838 1965 3651 
3353 3835 3836 3651 1963 
3354 1315 3840 3839 3838 
3355 3840 2001 3841 3839 
3356 3839 3841 2000 3660 
3357 3838 3839 3660 1965 
3358 2000 3843 3842 3661 
3359 3843 2002 3844 3842 
3360 3842 3844 593 2020 
3361 3661 3842 2020 1327 
3362 2004 3846 3845 3664 
3363 3846 1327 3847 3845 
3364 3845 3847 2005 3666 
3365 3664 3845 3666 2003 
3366 1327 3849 3848 3847 
3367 3849 2020 3850 3848 
3368 3848 3850 2019 3669 
3369 3847 3848 3669 2005 
3370 2019 3852 3851 3670 
3371 3852 2021 3853 3851 
3372 3851 3853 1328 2024 
3373 3670 3851 2024 1366 
3374 2002 3855 3854 3844 
3375 3855 2044 3856 3854 
3376 3854 3856 1358 2048 
3377 3844 3854 2048 593 
3378 2021 3858 3857 3853 
3379 3858 2047 3859 3857 
3380 3857 3859 1382 2051 
3381 3853 3857 2051 1328 
3382 2419 3689 3860 3691 
3383 3689 2420 3861 3860 
3384 3860 3861 504 3862 
3385 3691 3860 3862 524 
3386 156 3291 3863 3864 
3387 3291 386 3694 3863 
3388 3863 3694 2686 3865 
3389 3864 3863 3865 2687 
3390 246 2707 3866 3867 
3391 2707 144 3712 3866 
3392 3866 3712 364 3868 
3393 3867 3866 3868 2700 
3394 401 3300 3869 3870 
3395 3300 156 3864 3869 
3396 3869 3864 2687 3871 
3397 3870 3869 3871 2736 
3398 2420 3698 3872 3861 
3399 3698 2772 3873 3872 
3400 3872 3873 537 3874 
3401 3861 3872 3874 504 
3402 927 3751 3875 3703 
3403 3751 540 3876 3875 
3404 3875 3876 2777 3877 
3405 3703 3875 3877 2779 
3406 5 3414 3878 3726 
3407 3414 964 3879 3878 
3408 3878 3879 2780 3880 
3409 3726 3878 3880 586 
3410 964 3757 3881 3879 
3411 3757 581 3882 3881 
3412 3881 3882 2781 3883 
3413 3879 3881 3883 2780 
3414 586 3880 3884 3729 
3415 3880 2780 3885 3884 
3416 3884 3885 2782 3886 
3417 3729 3884 3886 501 
3418 581 3762 3887 3882 
3419 3762 968 3888 3887 
3420 3887 3888 2783 3889 
3421 3882 3887 3889 2781 
3422 968 3760 3890 3888 
3423 3760 496 3891 3890 
3424 3890 3891 629 3892 
3425 3888 3890 3892 2783 
3426 501 3886 3893 3732 
3427 3886 2782 3894 3893 
3428 3893 3894 2788 3895 
3429 3732 3893 3895 720 
3430 609 2929 3896 3897 
3431 2929 997 3706 3896 
3432 3896 3706 2801 3898 
3433 3897 3896 3898 631 
3434 631 3898 3899 3900 
3435 3898 2801 3709 3899 
3436 3899 3709 2802 3901 
3437 3900 3899 3901 608 
3438 650 3432 3902 3735 
3439 3432 1035 3903 3902 
3440 3902 3903 2817 3904 
3441 3735 3902 3904 799 
3442 1035 3779 3905 3903 
3443 3779 50 3906 3905 
3444 3905 3906 2818 3907 
3445 3903 3905 3907 2817 
3446 799 3904 3908 3738 
3447 3904 2817 3909 3908 
3448 3908 3909 2819 3910 
3449 3738 3908 3910 649 
3450 50 3441 3911 3906 
3451 3441 1054 3912 3911 
3452 3911 3912 2933 3913 
3453 3906 3911 3913 2818 
3454 1054 3438 3914 3912 
3455 3438 1031 3915 3914 
3456 3914 3915 1707 3916 
3457 3912 3914 3916 2933 
