Force Coefficients for group 1 --> /home/liukushka/Desktop/Università/Magistrale/ProgettoAerodinamico/progettoAerodinamico/Pythonism/automatizzazioneVSP/analysisOutputCoordinate_X_secondary_wing/Coordinate_X_secondary_wing_-0.06666666666666668/geometry_Coordinate_X_secondary_wing_-0.06666666666666668_DegenGeom 

   Time        Cx         Cy         Cz        Cxo        Cyo        Czo        Cxi        Cyi        Czi        Cmx        Cmy        Cmz        Cmxo       Cmyo       Cmzo       Cmxi       Cmyi       Cmzi        CL         CD         CS        CLo        CDo        CSo        CLi        CDi        CSi 
   1.00000    0.08159    0.00509   -0.62690    0.03583   -0.00002    0.00280    0.04576    0.00511   -0.62970    0.18288    0.37967   -0.45763   -0.00011    0.03304    0.00040    0.18299    0.34663   -0.45803   -0.62690    0.08159    0.00509    0.00280    0.03583   -0.00002   -0.62970    0.04576    0.00511 
   2.00000    0.07453   -0.00084   -0.56852    0.03657   -0.00001    0.00278    0.03797   -0.00083   -0.57130    0.18800    0.32502   -0.46848   -0.00004    0.03381    0.00007    0.18803    0.29120   -0.46855   -0.56852    0.07453   -0.00084    0.00278    0.03657   -0.00001   -0.57130    0.03797   -0.00083 
   3.00000    0.07337   -0.00029   -0.53188    0.03830    0.00001    0.00314    0.03507   -0.00030   -0.53501    0.19076    0.13626   -0.45233   -0.00000    0.03516   -0.00003    0.19077    0.10110   -0.45229   -0.53188    0.07337   -0.00029    0.00314    0.03830    0.00001   -0.53501    0.03507   -0.00030 
   4.00000    0.06854   -0.00092   -0.55703    0.03849    0.00001    0.00317    0.03004   -0.00093   -0.56020    0.18800    0.37427   -0.50023   -0.00000    0.03531   -0.00003    0.18801    0.33896   -0.50020   -0.55703    0.06854   -0.00092    0.00317    0.03849    0.00001   -0.56020    0.03004   -0.00093 
   5.00000    0.07459   -0.00080   -0.54980    0.03866    0.00003    0.00324    0.03593   -0.00083   -0.55304    0.18438    0.30310   -0.47924    0.00000    0.03542   -0.00005    0.18438    0.26768   -0.47919   -0.54980    0.07459   -0.00080    0.00324    0.03866    0.00003   -0.55304    0.03593   -0.00083 
   6.00000    0.08075   -0.01201   -0.50153    0.04021    0.00012    0.00339    0.04054   -0.01213   -0.50492    0.19600    0.18135   -0.46985   -0.00004    0.03680   -0.00025    0.19604    0.14455   -0.46960   -0.50153    0.08075   -0.01201    0.00339    0.04021    0.00012   -0.50492    0.04054   -0.01213 
   7.00000    0.07035   -0.00213   -0.53337    0.03991    0.00005    0.00333    0.03044   -0.00218   -0.53670    0.17830    0.33937   -0.46680   -0.00002    0.03656   -0.00011    0.17832    0.30281   -0.46669   -0.53337    0.07035   -0.00213    0.00333    0.03991    0.00005   -0.53670    0.03044   -0.00218 
   8.00000    0.07342   -0.00187   -0.55703    0.03968    0.00003    0.00328    0.03375   -0.00191   -0.56031    0.19079    0.27990   -0.46608   -0.00001    0.03637   -0.00005    0.19080    0.24353   -0.46603   -0.55703    0.07342   -0.00187    0.00328    0.03968    0.00003   -0.56031    0.03375   -0.00191 
   9.00000    0.07367    0.00048   -0.56083    0.03965    0.00000    0.00324    0.03403    0.00048   -0.56407    0.18958    0.41287   -0.44971    0.00001    0.03639   -0.00003    0.18958    0.37647   -0.44967   -0.56083    0.07367    0.00048    0.00324    0.03965    0.00000   -0.56407    0.03403    0.00048 
  10.00000    0.07501    0.00094   -0.56054    0.03971    0.00000    0.00324    0.03530    0.00094   -0.56378    0.18695    0.30603   -0.45916    0.00000    0.03646   -0.00002    0.18695    0.26957   -0.45915   -0.56054    0.07501    0.00094    0.00324    0.03971    0.00000   -0.56378    0.03530    0.00094 
  11.00000    0.06676    0.00062   -0.52952    0.03977   -0.00000    0.00322    0.02699    0.00062   -0.53273    0.18176    0.23567   -0.45937   -0.00000    0.03654   -0.00001    0.18176    0.19914   -0.45936   -0.52952    0.06676    0.00062    0.00322    0.03977   -0.00000   -0.53273    0.02699    0.00062 
  12.00000    0.07343   -0.00067   -0.55417    0.03969   -0.00001    0.00331    0.03373   -0.00066   -0.55748    0.19428    0.32235   -0.48981    0.00001    0.03636    0.00001    0.19427    0.28599   -0.48982   -0.55417    0.07343   -0.00067    0.00331    0.03969   -0.00001   -0.55748    0.03373   -0.00066 
  13.00000    0.07451    0.02972   -0.56313    0.03951   -0.00003    0.00328    0.03500    0.02975   -0.56641    0.17776    0.29355   -0.45495    0.00002    0.03620    0.00001    0.17774    0.25735   -0.45496   -0.56313    0.07451    0.02972    0.00328    0.03951   -0.00003   -0.56641    0.03500    0.02975 
  14.00000    0.07540    0.00203   -0.57157    0.03959   -0.00001    0.00326    0.03581    0.00204   -0.57484    0.19068    0.27581   -0.49879    0.00003    0.03630   -0.00001    0.19066    0.23951   -0.49878   -0.57157    0.07540    0.00203    0.00326    0.03959   -0.00001   -0.57484    0.03581    0.00204 
  15.00000    0.07327    0.00079   -0.55415    0.03969   -0.00001    0.00326    0.03359    0.00080   -0.55741    0.17895    0.37384   -0.48066    0.00001    0.03640   -0.00002    0.17894    0.33744   -0.48063   -0.55415    0.07327    0.00079    0.00326    0.03969   -0.00001   -0.55741    0.03359    0.00080 
  16.00000    0.07149    0.00025   -0.52387    0.03953   -0.00011    0.00321    0.03195    0.00036   -0.52708    0.18923    0.16220   -0.47866    0.00000    0.03630   -0.00008    0.18923    0.12590   -0.47858   -0.52387    0.07149    0.00025    0.00321    0.03953   -0.00011   -0.52708    0.03195    0.00036 


Average over last full revolution: 

  16.00000    0.07149    0.00025   -0.52387    0.03953   -0.00011    0.00321    0.03195    0.00036   -0.52708    0.18923    0.16220   -0.47866    0.00000    0.03630   -0.00008    0.18923    0.12590   -0.47858   -0.52387    0.07149    0.00025    0.00321    0.03953   -0.00011   -0.52708    0.03195    0.00036 



Average loading for wing surface: 1 --> VSP Surface: 1 ... NOTE: values are per area! 

  Station     S       Chord     Area      V/Vref        Cx            Cy            Cz           Cxo           Cyo           Czo          Cxi            Cyi           Czi           Cl            Cd            Cs            Clo           Cdo           Cso           Cli           Cdi           Csi           Cmx           Cmy           Cmz          Cmxo          Cmyo          Cmzo          Cmxi          Cmyi          Cmzi 
        1   0.06064   0.32000   0.01489   1.14737  1.183545e-02 -2.015130e-04  5.239816e-02  1.833659e-02 -2.135972e-04  7.319470e-04 -6.501140e-03  1.208422e-05  5.166621e-02  5.239816e-02  1.183545e-02  1.834868e-02  7.319470e-04  1.833659e-02 -2.135972e-04  5.166621e-02 -6.501140e-03  1.208422e-05  3.997335e-03 -9.965878e-02 -1.063712e-03  2.556649e-04  1.665787e-02 -1.543756e-03  3.741670e-03 -1.163166e-01  4.800436e-04 
        2   0.15507   0.32000   0.01489   1.14821  1.139980e-02 -1.448219e-04  5.612583e-02  1.836278e-02 -1.789368e-04  7.350929e-04 -6.962980e-03  3.411493e-05  5.539074e-02  5.612583e-02  1.139980e-02  1.839690e-02  7.350929e-04  1.836278e-02 -1.789368e-04  5.539074e-02 -6.962980e-03  3.411493e-05  1.237266e-02 -1.062014e-01 -2.630234e-03  3.296757e-04  1.667956e-02 -4.175222e-03  1.204298e-02 -1.228809e-01  1.544988e-03 
        3   0.22267   0.32000   0.01489   1.14786  8.760026e-03 -2.152158e-04  6.529663e-02  1.835764e-02 -2.158473e-04  7.393195e-04 -9.597614e-03  6.314840e-07  6.455731e-02  6.529663e-02  8.760026e-03  1.835827e-02  7.393195e-04  1.835764e-02 -2.158473e-04  6.455731e-02 -9.597614e-03  6.314840e-07  2.388262e-02 -1.256279e-01 -3.390589e-03  4.728663e-04  1.667046e-02 -6.874477e-03  2.340975e-02 -1.422983e-01  3.483888e-03 
        4   0.29026   0.32000   0.01489   1.15007  9.195409e-03 -2.961712e-04  6.768607e-02  1.842182e-02 -2.395179e-04  7.428217e-04 -9.226413e-03 -5.665326e-05  6.694324e-02  6.768607e-02  9.195409e-03  1.836517e-02  7.428217e-04  1.842182e-02 -2.395179e-04  6.694324e-02 -9.226413e-03 -5.665326e-05  3.465519e-02 -1.306923e-01 -4.956677e-03  6.043593e-04  1.672782e-02 -9.594207e-03  3.405083e-02 -1.474202e-01  4.637530e-03 
        5   0.35786   0.32000   0.01489   1.14904  6.143987e-03 -2.791098e-04  7.304409e-02  1.839629e-02 -1.779126e-04  7.514585e-04 -1.225230e-02 -1.011971e-04  7.229263e-02  7.304409e-02  6.143987e-03  1.829509e-02  7.514585e-04  1.839629e-02 -1.779126e-04  7.229263e-02 -1.225230e-02 -1.011971e-04  4.792620e-02 -1.446727e-01 -4.306917e-03  6.593488e-04  1.669498e-02 -1.218873e-02  4.726685e-02 -1.613677e-01  7.881815e-03 
        6   0.42545   0.32000   0.01489   1.15141  5.746585e-03 -2.757414e-04  8.656371e-02  1.847381e-02 -2.012498e-04  7.555714e-04 -1.272722e-02 -7.449156e-05  8.580814e-02  8.656371e-02  5.746585e-03  1.839931e-02  7.555714e-04  1.847381e-02 -2.012498e-04  8.580814e-02 -1.272722e-02 -7.449156e-05  6.932708e-02 -1.611812e-01 -4.893257e-03  7.937904e-04  1.676438e-02 -1.494300e-02  6.853329e-02 -1.779455e-01  1.004974e-02 
        7   0.49304   0.32000   0.01489   1.15316  6.038611e-03 -7.485056e-05  1.084099e-01  1.854429e-02 -1.447884e-04  7.624935e-04 -1.250568e-02  6.993779e-05  1.076475e-01  1.084099e-01  6.038611e-03  1.861423e-02  7.624935e-04  1.854429e-02 -1.447884e-04  1.076475e-01 -1.250568e-02  6.993779e-05  1.023138e-01 -1.833836e-01 -5.766760e-03  8.563972e-04  1.682430e-02 -1.763335e-02  1.014574e-01 -2.002079e-01  1.186659e-02 
        8   0.56064   0.32000   0.01489   1.15421  4.984262e-03  5.254854e-05  1.363510e-01  1.860606e-02 -1.627332e-04  7.656803e-04 -1.362179e-02  2.152817e-04  1.355853e-01  1.363510e-01  4.984262e-03  1.882134e-02  7.656803e-04  1.860606e-02 -1.627332e-04  1.355853e-01 -1.362179e-02  2.152817e-04  1.483285e-01 -2.128981e-01 -5.326511e-03  9.875116e-04  1.687969e-02 -2.040905e-02  1.473409e-01 -2.297778e-01  1.508254e-02 
        9   0.62823   0.32000   0.01489   1.15618  3.703834e-03  2.863955e-04  1.764331e-01  1.872126e-02 -8.095102e-05  7.728275e-04 -1.501743e-02  3.673465e-04  1.756603e-01  1.764331e-01  3.703834e-03  1.908861e-02  7.728275e-04  1.872126e-02 -8.095102e-05  1.756603e-01 -1.501743e-02  3.673465e-04  2.173308e-01 -2.549776e-01 -4.181332e-03  1.029858e-03  1.698180e-02 -2.316888e-02  2.163009e-01 -2.719594e-01  1.898755e-02 
       10   0.69583   0.32000   0.01489   1.15935  2.020319e-03  9.743954e-04  2.258479e-01  1.890375e-02 -9.612948e-05  7.827550e-04 -1.688343e-02  1.070525e-03  2.250652e-01  2.258479e-01  2.020319e-03  1.997427e-02  7.827550e-04  1.890375e-02 -9.612948e-05  2.250652e-01 -1.688343e-02  1.070525e-03  3.103790e-01 -3.050629e-01 -1.532807e-03  1.170064e-03  1.714494e-02 -2.615182e-02  3.092089e-01 -3.222079e-01  2.461901e-02 
       11   0.76342   0.32000   0.01489   1.15870  3.842820e-03  3.387009e-03  2.868617e-01  1.903020e-02 -1.335638e-04  7.852215e-04 -1.518738e-02  3.520573e-03  2.860764e-01  2.868617e-01  3.842820e-03  2.255077e-02  7.852215e-04  1.903020e-02 -1.335638e-04  2.860764e-01 -1.518738e-02  3.520573e-03  4.337688e-01 -3.599221e-01 -1.742818e-03  1.322891e-03  1.726240e-02 -2.912459e-02  4.324459e-01 -3.771845e-01  2.738177e-02 
       12   0.83101   0.32000   0.01489   1.17776  4.718605e-04 -1.524518e-01  4.377252e-01  2.003577e-02 -1.046538e-03  8.170942e-04 -1.956391e-02 -1.514053e-01  4.369081e-01  4.377252e-01  4.718605e-04 -1.313695e-01  8.170942e-04  2.003577e-02 -1.046538e-03  4.369081e-01 -1.956391e-02 -1.514053e-01  8.793063e-01 -5.186364e-01 -1.959903e-01  2.355823e-03  1.818417e-02 -3.447620e-02  8.769505e-01 -5.368206e-01 -1.615141e-01 
       13   0.89861   0.32000   0.01489   1.05961  1.246876e-02 -1.550098e-01  7.801849e-02  1.591440e-02 -6.748744e-04  6.067040e-04 -3.445640e-03 -1.543350e-01  7.741178e-02  7.801849e-02  1.246876e-02 -1.384206e-01  6.067040e-04  1.591440e-02 -6.748744e-04  7.741178e-02 -3.445640e-03 -1.543350e-01  2.819717e-01 -1.235857e-01 -2.209849e-01  1.740340e-03  1.448598e-02 -2.953706e-02  2.802314e-01 -1.380717e-01 -1.914479e-01 
       14   0.96620   0.32000   0.01489   1.06558  1.778793e-02 -7.001495e-04 -4.593046e-02  1.606023e-02 -4.511072e-04  6.415063e-04  1.727697e-03 -2.490423e-04 -4.657197e-02 -4.593046e-02  1.778793e-02  1.581119e-02  6.415063e-04  1.606023e-02 -4.511072e-04 -4.657197e-02  1.727697e-03 -2.490423e-04 -8.943048e-02  3.311548e-02 -3.570430e-02  1.684321e-03  1.458949e-02 -3.190798e-02 -9.111480e-02  1.852600e-02 -3.796325e-03 



Average loading for wing surface: 2 --> VSP Surface: 2 ... NOTE: values are per area! 

  Station     S       Chord     Area      V/Vref        Cx            Cy            Cz           Cxo           Cyo           Czo          Cxi            Cyi           Czi           Cl            Cd            Cs            Clo           Cdo           Cso           Cli           Cdi           Csi           Cmx           Cmy           Cmz          Cmxo          Cmyo          Cmzo          Cmxi          Cmyi          Cmzi 
        1   0.06064   0.32000   0.01489   1.14727  1.185091e-02  2.027232e-04  5.231313e-02  1.833382e-02  2.170698e-04  7.282580e-04 -6.482909e-03 -1.434663e-05  5.158488e-02  5.231313e-02  1.185091e-02  1.831947e-02  7.282580e-04  1.833382e-02  2.170698e-04  5.158488e-02 -6.482909e-03 -1.434663e-05 -3.992881e-03 -9.959629e-02  1.065442e-03 -2.586905e-04  1.665893e-02  1.547027e-03 -3.734191e-03 -1.162552e-01 -4.815848e-04 
        2   0.15507   0.32000   0.01489   1.14816  1.138486e-02  1.481001e-04  5.583676e-02  1.836119e-02  1.825299e-04  7.321057e-04 -6.976333e-03 -3.442980e-05  5.510465e-02  5.583676e-02  1.138486e-02  1.832676e-02  7.321057e-04  1.836119e-02  1.825299e-04  5.510465e-02 -6.976333e-03 -3.442980e-05 -1.231330e-02 -1.060724e-01  2.628947e-03 -3.324331e-04  1.668104e-02  4.178468e-03 -1.198087e-02 -1.227535e-01 -1.549520e-03 
        3   0.22267   0.32000   0.01489   1.14779  8.757945e-03  2.262317e-04  6.455908e-02  1.835515e-02  2.201762e-04  7.361753e-04 -9.597206e-03  6.055440e-06  6.382290e-02  6.455908e-02  8.757945e-03  1.836121e-02  7.361753e-04  1.835515e-02  2.201762e-04  6.382290e-02 -9.597206e-03  6.055440e-06 -2.362540e-02 -1.250814e-01  3.399855e-03 -4.758312e-04  1.667124e-02  6.877903e-03 -2.314956e-02 -1.417527e-01 -3.478048e-03 
        4   0.29026   0.32000   0.01489   1.14996  9.182821e-03  3.117312e-04  6.668835e-02  1.841824e-02  2.436752e-04  7.386156e-04 -9.235419e-03  6.805605e-05  6.594973e-02  6.668835e-02  9.182821e-03  1.848630e-02  7.386156e-04  1.841824e-02  2.436752e-04  6.594973e-02 -9.235419e-03  6.805605e-05 -3.416333e-02 -1.299866e-01  4.964640e-03 -6.061659e-04  1.672863e-02  9.596545e-03 -3.355717e-02 -1.467152e-01 -4.631904e-03 
        5   0.35786   0.32000   0.01489   1.14868  6.185125e-03  2.678455e-04  7.169440e-02  1.838544e-02  1.780674e-04  7.416444e-04 -1.220032e-02  8.977815e-05  7.095275e-02  7.169440e-02  6.185125e-03  1.847522e-02  7.416444e-04  1.838544e-02  1.780674e-04  7.095275e-02 -1.220032e-02  8.977815e-05 -4.703373e-02 -1.437143e-01  4.315239e-03 -6.530880e-04  1.669450e-02  1.218180e-02 -4.638065e-02 -1.604088e-01 -7.866564e-03 
        6   0.42545   0.32000   0.01489   1.15097  5.877742e-03  2.373757e-04  8.413500e-02  1.845973e-02  2.043902e-04  7.433449e-04 -1.258199e-02  3.298546e-05  8.339165e-02  8.413500e-02  5.877742e-03  1.849271e-02  7.433449e-04  1.845973e-02  2.043902e-04  8.339165e-02 -1.258199e-02  3.298546e-05 -6.735197e-02 -1.590953e-01  4.944902e-03 -7.870121e-04  1.676325e-02  1.493491e-02 -6.656496e-02 -1.758586e-01 -9.990003e-03 
        7   0.49304   0.32000   0.01489   1.15260  5.856768e-03  2.265003e-05  1.037183e-01  1.852430e-02  1.493283e-04  7.418321e-04 -1.266753e-02 -1.266782e-04  1.029764e-01  1.037183e-01  5.856768e-03  1.839762e-02  7.418321e-04  1.852430e-02  1.493283e-04  1.029764e-01 -1.266753e-02 -1.266782e-04 -9.783697e-02 -1.795719e-01  5.522675e-03 -8.412174e-04  1.682600e-02  1.761904e-02 -9.699576e-02 -1.963979e-01 -1.209636e-02 
        8   0.56064   0.32000   0.01489   1.15341  4.930042e-03 -2.079676e-04  1.300957e-01  1.857635e-02  1.688260e-04  7.387915e-04 -1.364630e-02 -3.767936e-04  1.293569e-01  1.300957e-01  4.930042e-03  1.819955e-02  7.387915e-04  1.857635e-02  1.688260e-04  1.293569e-01 -1.364630e-02 -3.767936e-04 -1.413715e-01 -2.075593e-01  5.050347e-03 -9.640304e-04  1.687840e-02  2.038282e-02 -1.404074e-01 -2.244377e-01 -1.533247e-02 
        9   0.62823   0.32000   0.01489   1.15510  3.436158e-03 -6.199704e-04  1.694687e-01  1.868066e-02  9.618941e-05  7.371234e-04 -1.524450e-02 -7.161598e-04  1.687315e-01  1.694687e-01  3.436158e-03  1.796450e-02  7.371234e-04  1.868066e-02  9.618941e-05  1.687315e-01 -1.524450e-02 -7.161598e-04 -2.084205e-01 -2.499312e-01  3.381606e-03 -1.000278e-03  1.697899e-02  2.313405e-02 -2.074203e-01 -2.669102e-01 -1.975244e-02 
       10   0.69583   0.32000   0.01489   1.15794  1.994467e-03 -1.364306e-03  2.139705e-01  1.884152e-02  1.172969e-04  7.300896e-04 -1.684705e-02 -1.481603e-03  2.132404e-01  2.139705e-01  1.994467e-03  1.735991e-02  7.300896e-04  1.884152e-02  1.172969e-04  2.132404e-01 -1.684705e-02 -1.481603e-03 -2.936253e-01 -2.946488e-01  9.487338e-04 -1.117548e-03  1.713857e-02  2.608720e-02 -2.925078e-01 -3.117874e-01 -2.513847e-02 
       11   0.76342   0.32000   0.01489   1.15571  4.552703e-03 -3.136656e-03  2.609351e-01  1.888258e-02  1.629430e-04  7.109805e-04 -1.432987e-02 -3.299599e-03  2.602241e-01  2.609351e-01  4.552703e-03  1.558298e-02  7.109805e-04  1.888258e-02  1.629430e-04  2.602241e-01 -1.432987e-02 -3.299599e-03 -3.945093e-01 -3.319734e-01  3.201695e-03 -1.237653e-03  1.719662e-02  2.892906e-02 -3.932716e-01 -3.491701e-01 -2.572737e-02 
       12   0.83101   0.32000   0.01489   1.17117  8.298521e-03  1.097610e-01  3.471292e-01  1.953079e-02  1.016858e-03  7.898257e-04 -1.123227e-02  1.087442e-01  3.463394e-01  3.471292e-01  8.298521e-03  1.282750e-01  7.898257e-04  1.953079e-02  1.016858e-03  3.463394e-01 -1.123227e-02  1.087442e-01 -6.853636e-01 -3.992866e-01  1.485389e-01 -2.282178e-03  1.773253e-02  3.360397e-02 -6.830814e-01 -4.170191e-01  1.149350e-01 
       13   0.89861   0.32000   0.01489   1.05702  1.950622e-02  1.117506e-01  1.541052e-03  1.581447e-02  6.570328e-04  5.455924e-04  3.691755e-03  1.110936e-01  9.954599e-04  1.541052e-03  1.950622e-02  1.269081e-01  5.455924e-04  1.581447e-02  6.570328e-04  9.954599e-04  3.691755e-03  1.110936e-01 -1.039865e-01 -1.862256e-02  1.719005e-01 -1.612588e-03  1.445230e-02  2.933798e-02 -1.023739e-01 -3.307486e-02  1.425625e-01 
       14   0.96620   0.32000   0.01489   1.06531  1.933601e-02  5.120238e-04 -7.124829e-02  1.607087e-02  4.317786e-04  6.195673e-04  3.265138e-03  8.024526e-05 -7.186786e-02 -7.124829e-02  1.933601e-02  1.615111e-02  6.195673e-04  1.607087e-02  4.317786e-04 -7.186786e-02  3.265138e-03  8.024526e-05  1.391517e-01  6.429358e-02  3.847760e-02 -1.623019e-03  1.462151e-02  3.190948e-02  1.407747e-01  4.967207e-02  6.568115e-03 



Average loading for wing surface: 3 --> VSP Surface: 3 ... NOTE: values are per area! 

  Station     S       Chord     Area      V/Vref        Cx            Cy            Cz           Cxo           Cyo           Czo          Cxi            Cyi           Czi           Cl            Cd            Cs            Clo           Cdo           Cso           Cli           Cdi           Csi           Cmx           Cmy           Cmz          Cmxo          Cmyo          Cmzo          Cmxi          Cmyi          Cmzi 
        1   0.03103   0.13000   0.00606   1.05619  1.540219e-01 -5.539009e-04 -1.563489e+00  3.225286e-02 -6.733356e-04  6.689118e-03  1.217691e-01  1.194347e-04 -1.570178e+00 -1.563489e+00  1.540219e-01  3.237229e-02  6.689118e-03  3.225286e-02 -6.733356e-04 -1.570178e+00  1.217691e-01  1.194347e-04 -2.777255e-01  4.845812e+00 -2.916786e-02  2.936251e-03  6.298744e-02 -7.817291e-03 -2.806618e-01  4.782824e+00 -2.135057e-02 
        2   0.09814   0.13000   0.00606   1.05763  1.450049e-01 -4.148977e-04 -1.581930e+00  3.253788e-02 -7.137576e-04  6.753493e-03  1.124670e-01  2.988600e-04 -1.588683e+00 -1.581930e+00  1.450049e-01  3.283674e-02  6.753493e-03  3.253788e-02 -7.137576e-04 -1.588683e+00  1.124670e-01  2.988600e-04 -8.462299e-01  4.875570e+00 -7.887723e-02  5.464270e-03  6.352797e-02 -1.961240e-02 -8.516942e-01  4.812042e+00 -5.926483e-02 
        3   0.17029   0.13000   0.00606   1.06396  1.441590e-01 -9.241097e-04 -1.621856e+00  3.323851e-02 -1.102825e-03  6.899818e-03  1.109205e-01  1.787153e-04 -1.628756e+00 -1.621856e+00  1.441590e-01  3.341722e-02  6.899818e-03  3.323851e-02 -1.102825e-03 -1.628756e+00  1.109205e-01  1.787153e-04 -1.445653e+00  4.983090e+00 -1.315017e-01  9.013308e-03  6.489314e-02 -3.304770e-02 -1.454666e+00  4.918197e+00 -9.845397e-02 
        4   0.24244   0.13000   0.00606   1.06610  1.283899e-01 -1.134394e-03 -1.668044e+00  3.398876e-02 -1.156230e-03  7.048006e-03  9.440108e-02  2.183636e-05 -1.675092e+00 -1.668044e+00  1.283899e-01  3.401060e-02  7.048006e-03  3.398876e-02 -1.156230e-03 -1.675092e+00  9.440108e-02  2.183636e-05 -2.082013e+00  5.074585e+00 -1.639161e-01  1.180091e-02  6.638099e-02 -4.601963e-02 -2.093814e+00  5.008205e+00 -1.178964e-01 
        5   0.31459   0.13000   0.00606   1.06737  1.461803e-01 -4.824585e-04 -1.732786e+00  3.522212e-02 -6.805636e-04  7.317488e-03  1.109582e-01  1.981051e-04 -1.740104e+00 -1.732786e+00  1.461803e-01  3.542023e-02  7.317488e-03  3.522212e-02 -6.805636e-04 -1.740104e+00  1.109582e-01  1.981051e-04 -2.783844e+00  5.302872e+00 -2.364174e-01  1.352071e-02  6.874782e-02 -5.868693e-02 -2.797365e+00  5.234124e+00 -1.777305e-01 
        6   0.38673   0.13000   0.00606   1.07087  1.393448e-01 -2.066432e-04 -1.776994e+00  3.601297e-02 -4.158942e-04  7.481632e-03  1.033318e-01  2.092510e-04 -1.784476e+00 -1.776994e+00  1.393448e-01  3.622222e-02  7.481632e-03  3.601297e-02 -4.158942e-04 -1.784476e+00  1.033318e-01  2.092510e-04 -3.490099e+00  5.412408e+00 -2.743149e-01  1.577189e-02  7.029190e-02 -7.201082e-02 -3.505871e+00  5.342116e+00 -2.023041e-01 
        7   0.45888   0.13000   0.00606   1.07541  1.358133e-01  4.251977e-04 -1.813131e+00  3.667004e-02  3.663452e-04  7.630206e-03  9.914326e-02  5.885247e-05 -1.820762e+00 -1.813131e+00  1.358133e-01  3.672889e-02  7.630206e-03  3.667004e-02  3.663452e-04 -1.820762e+00  9.914326e-02  5.885247e-05 -4.210222e+00  5.506081e+00 -3.139665e-01  1.676533e-02  7.153752e-02 -8.400725e-02 -4.226988e+00  5.434543e+00 -2.299593e-01 
        8   0.53103   0.13000   0.00606   1.07885  1.396314e-01  6.748949e-04 -1.844641e+00  3.727093e-02  6.077294e-04  7.763319e-03  1.023604e-01  6.716554e-05 -1.852405e+00 -1.844641e+00  1.396314e-01  3.733810e-02  7.763319e-03  3.727093e-02  6.077294e-04 -1.852405e+00  1.023604e-01  6.716554e-05 -4.942762e+00  5.605634e+00 -3.719223e-01  1.922255e-02  7.268507e-02 -9.797551e-02 -4.961985e+00  5.532949e+00 -2.739468e-01 
        9   0.60318   0.13000   0.00606   1.09360  1.397543e-01  1.835405e-03 -1.880774e+00  3.790540e-02  1.794397e-03  7.914327e-03  1.018489e-01  4.100801e-05 -1.888688e+00 -1.880774e+00  1.397543e-01  3.794641e-02  7.914327e-03  3.790540e-02  1.794397e-03 -1.888688e+00  1.018489e-01  4.100801e-05 -5.714261e+00  5.713169e+00 -4.186186e-01  1.938394e-02  7.386477e-02 -1.095859e-01 -5.733645e+00  5.639304e+00 -3.090327e-01 
       10   0.67533   0.13000   0.00606   1.10472  1.464353e-01  2.448082e-03 -1.913072e+00  3.849995e-02  2.435440e-03  8.044774e-03  1.079353e-01  1.264266e-05 -1.921117e+00 -1.913072e+00  1.464353e-01  3.851259e-02  8.044774e-03  3.849995e-02  2.435440e-03 -1.921117e+00  1.079353e-01  1.264266e-05 -6.496832e+00  5.816660e+00 -4.892715e-01  2.099484e-02  7.500407e-02 -1.231816e-01 -6.517827e+00  5.741656e+00 -3.660899e-01 
       11   0.74748   0.13000   0.00606   1.12574  1.361314e-01  4.017742e-03 -1.934129e+00  3.875885e-02  3.900581e-03  8.051584e-03  9.737258e-02  1.171612e-04 -1.942181e+00 -1.934129e+00  1.361314e-01  3.887601e-02  8.051584e-03  3.875885e-02  3.900581e-03 -1.942181e+00  9.737258e-02  1.171612e-04 -7.263091e+00  5.839801e+00 -4.980905e-01  2.010353e-02  7.565298e-02 -1.334247e-01 -7.283195e+00  5.764148e+00 -3.646658e-01 
       12   0.81963   0.13000   0.00606   1.16478  1.376950e-01  1.837153e-02 -1.936297e+00  3.872541e-02  5.767098e-03  8.033129e-03  9.896954e-02  1.260443e-02 -1.944330e+00 -1.936297e+00  1.376950e-01  5.132984e-02  8.033129e-03  3.872541e-02  5.767098e-03 -1.944330e+00  9.896954e-02  1.260443e-02 -7.996425e+00  5.817475e+00 -5.051548e-01  1.807505e-02  7.562288e-02 -1.414254e-01 -8.014500e+00  5.741852e+00 -3.637294e-01 
       13   0.89178   0.13000   0.00606   0.93452  5.938928e-02  1.645889e-02 -1.287690e+00  2.652657e-02  9.798127e-04  5.503868e-03  3.286271e-02  1.547908e-02 -1.293194e+00 -1.287690e+00  5.938928e-02  4.200564e-02  5.503868e-03  2.652657e-02  9.798127e-04 -1.293194e+00  3.286271e-02  1.547908e-02 -5.795617e+00  3.789457e+00 -2.118001e-01  2.203629e-02  5.179720e-02 -1.154277e-01 -5.817653e+00  3.737659e+00 -9.637239e-02 
       14   0.96393   0.13000   0.00606   0.95038  1.050636e-01  2.941957e-03 -1.168732e+00  2.488777e-02 -3.620976e-05  5.033667e-03  8.017584e-02  2.978167e-03 -1.173766e+00 -1.168732e+00  1.050636e-01  2.786594e-02  5.033667e-03  2.488777e-02 -3.620976e-05 -1.173766e+00  8.017584e-02  2.978167e-03 -5.643588e+00  3.607046e+00 -4.970788e-01  2.436313e-02  4.899504e-02 -1.201053e-01 -5.667951e+00  3.558051e+00 -3.769735e-01 



Average loading for wing surface: 4 --> VSP Surface: 4 ... NOTE: values are per area! 

  Station     S       Chord     Area      V/Vref        Cx            Cy            Cz           Cxo           Cyo           Czo          Cxi            Cyi           Czi           Cl            Cd            Cs            Clo           Cdo           Cso           Cli           Cdi           Csi           Cmx           Cmy           Cmz          Cmxo          Cmyo          Cmzo          Cmxi          Cmyi          Cmzi 
        1   0.03103   0.13000   0.00606   1.05590  1.540232e-01  5.855042e-04 -1.564163e+00  3.226203e-02  7.083215e-04  6.688736e-03  1.217612e-01 -1.228173e-04 -1.570852e+00 -1.564163e+00  1.540232e-01  3.213922e-02  6.688736e-03  3.226203e-02  7.083215e-04 -1.570852e+00  1.217612e-01 -1.228173e-04  2.777609e-01  4.847672e+00  2.926310e-02 -3.026683e-03  6.301234e-02  7.925854e-03  2.807876e-01  4.784660e+00  2.133724e-02 
        2   0.09814   0.13000   0.00606   1.05738  1.448158e-01  4.522130e-04 -1.582910e+00  3.255232e-02  7.425017e-04  6.752921e-03  1.122634e-01 -2.902887e-04 -1.589663e+00 -1.582910e+00  1.448158e-01  3.226203e-02  6.752921e-03  3.255232e-02  7.425017e-04 -1.589663e+00  1.122634e-01 -2.902887e-04  8.466528e-01  4.877829e+00  7.889213e-02 -5.538318e-03  6.356707e-02  1.970798e-02  8.521911e-01  4.814262e+00  5.918416e-02 
        3   0.17029   0.13000   0.00606   1.06358  1.438431e-01  9.521931e-04 -1.622547e+00  3.324655e-02  1.132866e-03  6.899606e-03  1.105966e-01 -1.806730e-04 -1.629446e+00 -1.622547e+00  1.438431e-01  3.306588e-02  6.899606e-03  3.324655e-02  1.132866e-03 -1.629446e+00  1.105966e-01 -1.806730e-04  1.446201e+00  4.984029e+00  1.313038e-01 -9.090828e-03  6.491461e-02  3.314670e-02  1.455292e+00  4.919114e+00  9.815706e-02 
        4   0.24244   0.13000   0.00606   1.06564  1.278185e-01  1.094470e-03 -1.668467e+00  3.399029e-02  1.187622e-03  7.052728e-03  9.382818e-02 -9.315219e-05 -1.675520e+00 -1.668467e+00  1.278185e-01  3.389714e-02  7.052728e-03  3.399029e-02  1.187622e-03 -1.675520e+00  9.382818e-02 -9.315219e-05  2.082665e+00  5.074115e+00  1.630464e-01 -1.188802e-02  6.637050e-02  4.611748e-02  2.094553e+00  5.007744e+00  1.169290e-01 
        5   0.31459   0.13000   0.00606   1.06660  1.455432e-01  4.954165e-04 -1.732515e+00  3.521442e-02  7.200908e-04  7.305293e-03  1.103288e-01 -2.246743e-04 -1.739820e+00 -1.732515e+00  1.455432e-01  3.498974e-02  7.305293e-03  3.521442e-02  7.200908e-04 -1.739820e+00  1.103288e-01 -2.246743e-04  2.783365e+00  5.299951e+00  2.354063e-01 -1.360336e-02  6.876516e-02  5.879535e-02  2.796968e+00  5.231185e+00  1.766109e-01 
        6   0.38673   0.13000   0.00606   1.06982  1.380669e-01  3.075491e-04 -1.774351e+00  3.595961e-02  4.775066e-04  7.459062e-03  1.021073e-01 -1.699574e-04 -1.781810e+00 -1.774351e+00  1.380669e-01  3.578965e-02  7.459062e-03  3.595961e-02  4.775066e-04 -1.781810e+00  1.021073e-01 -1.699574e-04  3.484645e+00  5.400864e+00  2.721242e-01 -1.588693e-02  7.022285e-02  7.209431e-02  3.500532e+00  5.330641e+00  2.000299e-01 
        7   0.45888   0.13000   0.00606   1.07445  1.345524e-01 -3.121202e-04 -1.806597e+00  3.654705e-02 -2.825969e-04  7.586671e-03  9.800531e-02 -2.952333e-05 -1.814184e+00 -1.806597e+00  1.345524e-01  3.651753e-02  7.586671e-03  3.654705e-02 -2.825969e-04 -1.814184e+00  9.800531e-02 -2.952333e-05  4.194749e+00  5.483649e+00  3.113910e-01 -1.688090e-02  7.135242e-02  8.397769e-02  4.211630e+00  5.412296e+00  2.274133e-01 
        8   0.53103   0.13000   0.00606   1.07772  1.372300e-01 -5.259393e-04 -1.833185e+00  3.705076e-02 -5.200226e-04  7.699647e-03  1.001792e-01 -5.916733e-06 -1.840884e+00 -1.833185e+00  1.372300e-01  3.704484e-02  7.699647e-03  3.705076e-02 -5.200226e-04 -1.840884e+00  1.001792e-01 -5.916733e-06  4.911664e+00  5.565948e+00  3.659602e-01 -1.927887e-02  7.231012e-02  9.765380e-02  4.930943e+00  5.493638e+00  2.683064e-01 
        9   0.60318   0.13000   0.00606   1.09145  1.353802e-01 -1.646756e-03 -1.862953e+00  3.756233e-02 -1.654115e-03  7.838010e-03  9.781788e-02  7.358723e-06 -1.870791e+00 -1.862953e+00  1.353802e-01  3.756968e-02  7.838010e-03  3.756233e-02 -1.654115e-03 -1.870791e+00  9.781788e-02  7.358723e-06  5.659696e+00  5.650486e+00  4.059436e-01 -1.951514e-02  7.321056e-02  1.089732e-01  5.679211e+00  5.577275e+00  2.969704e-01 
       10   0.67533   0.13000   0.00606   1.10051  1.448504e-01 -2.184772e-03 -1.894061e+00  3.815320e-02 -2.142392e-03  7.984757e-03  1.066972e-01 -4.237944e-05 -1.902046e+00 -1.894061e+00  1.448504e-01  3.811081e-02  7.984757e-03  3.815320e-02 -2.142392e-03 -1.902046e+00  1.066972e-01 -4.237944e-05  6.431595e+00  5.760948e+00  4.846812e-01 -2.154926e-02  7.429052e-02  1.229007e-01  6.453144e+00  5.686657e+00  3.617804e-01 
       11   0.74748   0.13000   0.00606   1.11447  1.324045e-01 -3.500130e-03 -1.890952e+00  3.796679e-02 -3.431037e-03  7.970278e-03  9.443774e-02 -6.909337e-05 -1.898922e+00 -1.890952e+00  1.324045e-01  3.789769e-02  7.970278e-03  3.796679e-02 -3.431037e-03 -1.898922e+00  9.443774e-02 -6.909337e-05  7.099644e+00  5.703077e+00  4.856778e-01 -2.101324e-02  7.385258e-02  1.318895e-01  7.120657e+00  5.629225e+00  3.537883e-01 
       12   0.81963   0.13000   0.00606   1.14465  1.255920e-01 -1.480151e-02 -1.852334e+00  3.718186e-02 -5.237570e-03  7.836802e-03  8.841018e-02 -9.563938e-03 -1.860171e+00 -1.852334e+00  1.255920e-01  2.761792e-02  7.836802e-03  3.718186e-02 -5.237570e-03 -1.860171e+00  8.841018e-02 -9.563938e-03  7.642503e+00  5.531650e+00  4.671208e-01 -1.863847e-02  7.223007e-02  1.367041e-01  7.661142e+00  5.459420e+00  3.304167e-01 
       13   0.89178   0.13000   0.00606   0.92220  5.347958e-02 -1.299901e-02 -1.245741e+00  2.570014e-02 -1.236256e-03  5.369789e-03  2.777944e-02 -1.176275e-02 -1.251111e+00 -1.245741e+00  5.347958e-02  1.393739e-02  5.369789e-03  2.570014e-02 -1.236256e-03 -1.251111e+00  2.777944e-02 -1.176275e-02  5.599133e+00  3.646335e+00  1.968127e-01 -2.077436e-02  5.006920e-02  1.109545e-01  5.619907e+00  3.596266e+00  8.585818e-02 
       14   0.96393   0.13000   0.00606   0.94760  1.034856e-01 -2.355049e-03 -1.151628e+00  2.457268e-02 -1.385088e-04  5.073265e-03  7.891292e-02 -2.216540e-03 -1.156701e+00 -1.151628e+00  1.034856e-01  2.235614e-02  5.073265e-03  2.457268e-02 -1.385088e-04 -1.156701e+00  7.891292e-02 -2.216540e-03  5.559745e+00  3.550601e+00  4.914972e-01 -2.410209e-02  4.805896e-02  1.180521e-01  5.583847e+00  3.502542e+00  3.734450e-01 



Average loading for wing surface: 5 --> VSP Surface: 5 ... NOTE: values are per area! 

  Station     S       Chord     Area      V/Vref        Cx            Cy            Cz           Cxo           Cyo           Czo          Cxi            Cyi           Czi           Cl            Cd            Cs            Clo           Cdo           Cso           Cli           Cdi           Csi           Cmx           Cmy           Cmz          Cmxo          Cmyo          Cmzo          Cmxi          Cmyi          Cmzi 
        1   0.24304   0.45000   0.01350   1.00954  1.249161e-02 -5.901529e-02  1.429227e-02  1.359645e-02  8.173153e-05 -3.650271e-04 -1.104842e-03 -5.909702e-02  1.465729e-02  1.429227e-02  1.249161e-02 -4.550057e-02 -3.650271e-04  1.359645e-02  8.173153e-05  1.465729e-02 -1.104842e-03 -5.909702e-02  5.615749e-02 -2.294313e-03 -5.340141e-02 -5.763003e-04  8.470170e-03 -1.956939e-02  5.673379e-02 -1.076448e-02 -3.383203e-02 
        2   0.55031   0.45000   0.01350   1.01764  1.335601e-02 -1.089687e-01  1.667404e-01  1.384777e-02  3.606462e-05 -2.137928e-05 -4.917604e-04 -1.090047e-01  1.667618e-01  1.667404e-01  1.335601e-02 -9.515695e-02 -2.137928e-05  1.384777e-02  3.606462e-05  1.667618e-01 -4.917604e-04 -1.090047e-01  3.159007e-01 -1.613448e-01 -1.107617e-01 -5.492426e-05  9.250141e-03 -1.997149e-02  3.159556e-01 -1.705950e-01 -9.079021e-02 
        3   0.67879   0.45000   0.01350   0.93624 -6.195984e-02 -1.799529e-01  3.259384e-01  1.171589e-02 -6.115089e-04 -2.935509e-03 -7.367573e-02 -1.793414e-01  3.288739e-01  3.259384e-01 -6.195984e-02 -1.676255e-01 -2.935509e-03  1.171589e-02 -6.115089e-04  3.288739e-01 -7.367573e-02 -1.793414e-01  6.059841e-01 -4.090768e-01 -1.067591e-01 -3.791740e-03  1.110314e-02 -1.744613e-02  6.097758e-01 -4.201799e-01 -8.931296e-02 
        4   0.80728   0.45000   0.01350   0.95991 -8.549560e-02  1.218718e-02  1.800848e-01  1.120120e-02 -4.048341e-03 -3.481325e-03 -9.669680e-02  1.623552e-02  1.835662e-01  1.800848e-01 -8.549560e-02  2.743673e-02 -3.481325e-03  1.120120e-02 -4.048341e-03  1.835662e-01 -9.669680e-02  1.623552e-02  2.443124e-01 -2.786714e-01  7.239497e-02 -1.789908e-03  1.193943e-02 -1.964310e-02  2.461023e-01 -2.906108e-01  9.203807e-02 
        5   0.93576   0.45000   0.01350   0.94456  1.145337e-02  1.163916e-01  6.321866e-03  1.213917e-02  2.779265e-05 -4.748571e-04 -6.858011e-04  1.163638e-01  6.796723e-03  6.321866e-03  1.145337e-02  1.285030e-01 -4.748571e-04  1.213917e-02  2.779265e-05  6.796723e-03 -6.858011e-04  1.163638e-01 -9.141111e-02  3.064695e-03  7.600677e-02 -7.099917e-04  1.092688e-02 -1.751058e-02 -9.070112e-02 -7.862190e-03  9.351736e-02 



Average loading for wing surface: 6 --> VSP Surface: 6 ... NOTE: values are per area! 

  Station     S       Chord     Area      V/Vref        Cx            Cy            Cz           Cxo           Cyo           Czo          Cxi            Cyi           Czi           Cl            Cd            Cs            Clo           Cdo           Cso           Cli           Cdi           Csi           Cmx           Cmy           Cmz          Cmxo          Cmyo          Cmzo          Cmxi          Cmyi          Cmzi 
        1   0.24304   0.45000   0.01350   1.01128  1.280904e-02  6.779494e-02  1.682150e-02  1.364469e-02 -1.127318e-05 -3.849733e-04 -8.356413e-04  6.780621e-02  1.720647e-02  1.682150e-02  1.280904e-02  8.145089e-02 -3.849733e-04  1.364469e-02 -1.127318e-05  1.720647e-02 -8.356413e-04  6.780621e-02 -6.509654e-02 -4.794320e-03  6.247794e-02  5.628364e-04  8.516177e-03  1.969935e-02 -6.565938e-02 -1.331050e-02  4.277860e-02 
        2   0.55031   0.45000   0.01350   1.00937  1.258380e-02  1.892728e-01  1.391077e-01  1.379434e-02 -1.287894e-04 -1.705788e-04 -1.210539e-03  1.894016e-01  1.392782e-01  1.391077e-01  1.258380e-02  2.031959e-01 -1.705788e-04  1.379434e-02 -1.287894e-04  1.392782e-01 -1.210539e-03  1.894016e-01 -3.319560e-01 -1.264518e-01  2.123660e-01  3.322511e-04  9.342167e-03  1.981497e-02 -3.322883e-01 -1.357939e-01  1.925510e-01 
        3   0.67879   0.45000   0.01350   0.91933 -8.415265e-02  2.049605e-01  3.494534e-01  1.145394e-02  4.219897e-04 -2.772465e-03 -9.560659e-02  2.045385e-01  3.522259e-01  3.494534e-01 -8.415265e-02  2.159925e-01 -2.772465e-03  1.145394e-02  4.219897e-04  3.522259e-01 -9.560659e-02  2.045385e-01 -6.552491e-01 -4.421005e-01  1.115788e-01  3.695212e-03  1.077155e-02  1.690562e-02 -6.589443e-01 -4.528720e-01  9.467317e-02 
        4   0.80728   0.45000   0.01350   0.93874  5.723135e-03  1.757009e-02  2.323235e-01  1.184807e-02 -9.367939e-06 -1.335904e-03 -6.124934e-03  1.757946e-02  2.336594e-01  2.323235e-01  5.723135e-03  2.942753e-02 -1.335904e-03  1.184807e-02 -9.367939e-06  2.336594e-01 -6.124934e-03  1.757946e-02 -3.442589e-01 -2.587038e-01  8.780769e-02  1.937134e-03  1.062139e-02  1.710586e-02 -3.461960e-01 -2.693252e-01  7.070182e-02 
        5   0.93576   0.45000   0.01350   0.93711  1.159191e-02 -1.199543e-01  3.216870e-03  1.198272e-02  3.185304e-06 -2.884535e-04 -3.908092e-04 -1.199574e-01  3.505323e-03  3.216870e-03  1.159191e-02 -1.079747e-01 -2.884535e-04  1.198272e-02  3.185304e-06  3.505323e-03 -3.908092e-04 -1.199574e-01  9.907956e-02  6.450531e-03 -7.941673e-02  4.138945e-04  1.063181e-02  1.731110e-02  9.866567e-02 -4.181283e-03 -9.672783e-02 



Average loading for wing surface: 7 --> VSP Surface: 7 ... NOTE: values are per area! 

  Station     S       Chord     Area      V/Vref        Cx            Cy            Cz           Cxo           Cyo           Czo          Cxi            Cyi           Czi           Cl            Cd            Cs            Clo           Cdo           Cso           Cli           Cdi           Csi           Cmx           Cmy           Cmz          Cmxo          Cmyo          Cmzo          Cmxi          Cmyi          Cmzi 
        1   0.11280   0.21979   0.00235   1.19955  6.644709e-02 -3.648471e-01 -1.494742e-01  2.202027e-02  1.425551e-03 -1.301624e-03  4.442683e-02 -3.662727e-01 -1.481726e-01 -1.494742e-01  6.644709e-02 -3.442524e-01 -1.301624e-03  2.202027e-02  1.425551e-03 -1.481726e-01  4.442683e-02 -3.662727e-01  1.294445e-01  3.638335e-01 -7.413450e-01 -5.267996e-03  3.241892e-02 -5.361599e-02  1.347124e-01  3.314146e-01 -6.877291e-01 
        2   0.24711   0.21979   0.00235   1.19543  1.248594e-01 -6.256098e-01 -1.565724e-01  2.306876e-02  1.573206e-03 -5.847216e-04  1.017906e-01 -6.271830e-01 -1.559877e-01 -1.565724e-01  1.248594e-01 -6.041142e-01 -5.847216e-04  2.306876e-02  1.573206e-03 -1.559877e-01  1.017906e-01 -6.271830e-01  5.049730e-01  4.639204e-01 -1.332401e+00 -3.737454e-03  3.396949e-02 -5.605645e-02  5.087104e-01  4.299509e-01 -1.276344e+00 
        3   0.29013   0.21979   0.00235   0.97790  1.114505e-01 -5.320051e-01 -9.428446e-03  1.677403e-02  1.012861e-03 -1.074522e-03  9.467646e-02 -5.330179e-01 -8.353924e-03 -9.428446e-03  1.114505e-01 -5.162439e-01 -1.074522e-03  1.677403e-02  1.012861e-03 -8.353924e-03  9.467646e-02 -5.330179e-01  7.656214e-01  1.819311e-01 -1.154878e+00 -4.218143e-03  2.641898e-02 -4.094519e-02  7.698396e-01  1.555121e-01 -1.113933e+00 
        4   0.33316   0.21979   0.00235   0.87325  8.406560e-02 -3.957998e-01 -1.451679e-02  1.350959e-02  6.011450e-04 -5.605020e-04  7.055602e-02 -3.964010e-01 -1.395628e-02 -1.451679e-02  8.406560e-02 -3.828914e-01 -5.605020e-04  1.350959e-02  6.011450e-04 -1.395628e-02  7.055602e-02 -3.964010e-01  5.697727e-01  1.555213e-01 -8.496996e-01 -2.337194e-03  2.149474e-02 -3.327922e-02  5.721099e-01  1.340265e-01 -8.164203e-01 
        5   0.37618   0.21979   0.00235   0.83917  4.481456e-02 -3.549715e-01 -1.365955e-02  1.250762e-02  4.964648e-04 -2.521175e-04  3.230694e-02 -3.554680e-01 -1.340743e-02 -1.365955e-02  4.481456e-02 -3.429603e-01 -2.521175e-04  1.250762e-02  4.964648e-04 -1.340743e-02  3.230694e-02 -3.554680e-01  5.267395e-01  9.626953e-02 -6.755957e-01 -1.421529e-03  2.012348e-02 -3.089571e-02  5.281610e-01  7.614605e-02 -6.447000e-01 
        6   0.41920   0.21979   0.00235   0.85906  5.382900e-02 -3.727589e-01 -3.317014e-04  1.305298e-02  5.364823e-04 -2.078078e-04  4.077602e-02 -3.732953e-01 -1.238935e-04 -3.317014e-04  5.382900e-02 -3.602424e-01 -2.078078e-04  1.305298e-02  5.364823e-04 -1.238935e-04  4.077602e-02 -3.732953e-01  6.062215e-01  8.819059e-02 -7.303897e-01 -1.398539e-03  2.154811e-02 -3.221694e-02  6.076201e-01  6.664247e-02 -6.981727e-01 
        7   0.46222   0.21979   0.00235   0.87690  6.908157e-02 -3.857469e-01 -2.354890e-04  1.353170e-02  6.019666e-04 -8.087264e-05  5.554986e-02 -3.863489e-01 -1.546163e-04 -2.354890e-04  6.908157e-02 -3.728172e-01 -8.087264e-05  1.353170e-02  6.019666e-04 -1.546163e-04  5.554986e-02 -3.863489e-01  6.459790e-01  1.161798e-01 -7.912858e-01 -1.213352e-03  2.279680e-02 -3.333393e-02  6.471924e-01  9.338304e-02 -7.579519e-01 
        8   0.50524   0.21979   0.00235   0.87694  6.967674e-02 -3.893507e-01 -5.557369e-05  1.355569e-02  6.025831e-04 -7.464439e-05  5.612105e-02 -3.899533e-01  1.907070e-05 -5.557369e-05  6.967674e-02 -3.763976e-01 -7.464439e-05  1.355569e-02  6.025831e-04  1.907070e-05  5.612105e-02 -3.899533e-01  6.711378e-01  1.202069e-01 -7.997625e-01 -1.227512e-03  2.347746e-02 -3.339365e-02  6.723653e-01  9.672946e-02 -7.663689e-01 
        9   0.54827   0.21979   0.00235   0.88990  6.310894e-02 -3.915612e-01  3.257878e-04  1.385409e-02  6.652747e-04  7.628447e-05  4.925485e-02 -3.922265e-01  2.495034e-04  3.257878e-04  6.310894e-02 -3.783724e-01  7.628447e-05  1.385409e-02  6.652747e-04  2.495034e-04  4.925485e-02 -3.922265e-01  6.946785e-01  1.113310e-01 -7.902569e-01 -9.862031e-04  2.444272e-02 -3.405907e-02  6.956648e-01  8.688828e-02 -7.561978e-01 
       10   0.59129   0.21979   0.00235   0.88992  6.555597e-02 -3.916594e-01  5.163832e-04  1.385594e-02  6.654603e-04  7.854080e-05  5.170003e-02 -3.923249e-01  4.378424e-04  5.163832e-04  6.555597e-02 -3.784690e-01  7.854080e-05  1.385594e-02  6.654603e-04  4.378424e-04  5.170003e-02 -3.923249e-01  7.140793e-01  1.184620e-01 -7.986829e-01 -1.012704e-03  2.510643e-02 -3.406349e-02  7.150920e-01  9.335562e-02 -7.646194e-01 
       11   0.63431   0.21979   0.00235   0.89534  6.630672e-02 -3.893291e-01  5.164064e-04  1.396393e-02  6.777171e-04  9.047969e-05  5.234278e-02 -3.900068e-01  4.259267e-04  5.164064e-04  6.630672e-02 -3.760428e-01  9.047969e-05  1.396393e-02  6.777171e-04  4.259267e-04  5.234278e-02 -3.900068e-01  7.284978e-01  1.229912e-01 -7.986769e-01 -1.037310e-03  2.595493e-02 -3.431901e-02  7.295351e-01  9.703623e-02 -7.643579e-01 
       12   0.67733   0.21979   0.00235   0.90386  6.823666e-02 -3.847908e-01  5.391369e-04  1.412999e-02  6.969415e-04  2.091507e-04  5.410667e-02 -3.854877e-01  3.299862e-04  5.391369e-04  6.823666e-02 -3.713577e-01  2.091507e-04  1.412999e-02  6.969415e-04  3.299862e-04  5.410667e-02 -3.854877e-01  7.384997e-01  1.298500e-01 -7.983787e-01 -8.068218e-04  2.677456e-02 -3.471140e-02  7.393065e-01  1.030754e-01 -7.636673e-01 
       13   0.72036   0.21979   0.00235   0.91098  6.968592e-02 -3.765914e-01  4.200671e-04  1.424707e-02  7.333637e-04  1.457054e-04  5.543885e-02 -3.773248e-01  2.743617e-04  4.200671e-04  6.968592e-02 -3.630778e-01  1.457054e-04  1.424707e-02  7.333637e-04  2.743617e-04  5.543885e-02 -3.773248e-01  7.405319e-01  1.361392e-01 -7.908304e-01 -1.071990e-03  2.777061e-02 -3.495579e-02  7.416039e-01  1.083685e-01 -7.558746e-01 
       14   0.76338   0.21979   0.00235   0.91085  6.873536e-02 -3.657363e-01  5.618648e-04  1.418270e-02  7.301114e-04  1.504189e-04  5.455265e-02 -3.664664e-01  4.114459e-04  5.618648e-04  6.873536e-02 -3.522837e-01  1.504189e-04  1.418270e-02  7.301114e-04  4.114459e-04  5.455265e-02 -3.664664e-01  7.370910e-01  1.373028e-01 -7.736685e-01 -1.088664e-03  2.831684e-02 -3.479780e-02  7.381797e-01  1.089860e-01 -7.388707e-01 
       15   0.80640   0.21979   0.00235   0.91105  6.794272e-02 -3.487475e-01  7.292342e-04  1.409503e-02  7.284860e-04  1.552847e-04  5.384769e-02 -3.494760e-01  5.739495e-04  7.292342e-04  6.794272e-02 -3.353810e-01  1.552847e-04  1.409503e-02  7.284860e-04  5.739495e-04  5.384769e-02 -3.494760e-01  7.200466e-01  1.386508e-01 -7.461188e-01 -1.107993e-03  2.880868e-02 -3.457861e-02  7.211545e-01  1.098421e-01 -7.115402e-01 
       16   0.84942   0.21979   0.00235   0.92467  6.673764e-02 -3.261862e-01  1.125460e-03  1.430701e-02  7.499922e-04  1.638021e-04  5.243063e-02 -3.269361e-01  9.616582e-04  1.125460e-03  6.673764e-02 -3.126291e-01  1.638021e-04  1.430701e-02  7.499922e-04  9.616582e-04  5.243063e-02 -3.269361e-01  6.901776e-01  1.386894e-01 -7.090579e-01 -1.166687e-03  2.991845e-02 -3.508378e-02  6.913443e-01  1.087710e-01 -6.739741e-01 
       17   0.89244   0.21979   0.00235   0.92643  6.429295e-02 -2.950702e-01  3.719725e-03  1.420751e-02  7.489803e-04  1.434274e-04  5.008544e-02 -2.958192e-01  3.576298e-03  3.719725e-03  6.429295e-02 -2.816117e-01  1.434274e-04  1.420751e-02  7.489803e-04  3.576298e-03  5.008544e-02 -2.958192e-01  6.452402e-01  1.320773e-01 -6.545812e-01 -1.251895e-03  3.041793e-02 -3.483385e-02  6.464921e-01  1.016593e-01 -6.197474e-01 
       18   0.93547   0.21979   0.00235   0.92758  5.844602e-02 -2.496700e-01  1.562207e-02  1.405290e-02  7.517830e-04  1.439065e-04  4.439313e-02 -2.504217e-01  1.547816e-02  1.562207e-02  5.844602e-02 -2.363688e-01  1.439065e-04  1.405290e-02  7.517830e-04  1.547816e-02  4.439313e-02 -2.504217e-01  5.892236e-01  1.015962e-01 -5.680296e-01 -1.292730e-03  3.075708e-02 -3.443934e-02  5.905163e-01  7.083912e-02 -5.335903e-01 
       19   0.97849   0.21979   0.00235   0.92767  5.362161e-02 -1.883786e-01  1.266658e-02  1.385626e-02  7.714997e-04  1.077787e-04  3.976534e-02 -1.891501e-01  1.255880e-02  1.266658e-02  5.362161e-02 -1.752939e-01  1.077787e-04  1.385626e-02  7.714997e-04  1.255880e-02  3.976534e-02 -1.891501e-01  4.560056e-01  9.875662e-02 -4.572192e-01 -1.464380e-03  3.103843e-02 -3.391484e-02  4.574699e-01  6.771819e-02 -4.233044e-01 



Average loading for wing surface: 8 --> VSP Surface: 8 ... NOTE: values are per area! 

  Station     S       Chord     Area      V/Vref        Cx            Cy            Cz           Cxo           Cyo           Czo          Cxi            Cyi           Czi           Cl            Cd            Cs            Clo           Cdo           Cso           Cli           Cdi           Csi           Cmx           Cmy           Cmz          Cmxo          Cmyo          Cmzo          Cmxi          Cmyi          Cmzi 
        1   0.11280   0.21979   0.00235   1.18828  5.731565e-02  3.303037e-01 -1.384988e-01  2.156207e-02 -1.371065e-03 -1.353810e-03  3.575359e-02  3.316748e-01 -1.371450e-01 -1.384988e-01  5.731565e-02  3.532369e-01 -1.353810e-03  2.156207e-02 -1.371065e-03 -1.371450e-01  3.575359e-02  3.316748e-01 -1.090672e-01  3.309994e-01  6.556131e-01  5.324147e-03  3.185608e-02  5.253533e-02 -1.143914e-01  2.991433e-01  6.030778e-01 
        2   0.24711   0.21979   0.00235   1.18234  1.128454e-01  5.838430e-01 -1.448646e-01  2.246193e-02 -1.525646e-03 -5.885630e-04  9.038344e-02  5.853686e-01 -1.442760e-01 -1.448646e-01  1.128454e-01  6.078306e-01 -5.885630e-04  2.246193e-02 -1.525646e-03 -1.442760e-01  9.038344e-02  5.853686e-01 -4.745283e-01  4.253186e-01  1.227500e+00  3.678824e-03  3.310301e-02  5.459058e-02 -4.782071e-01  3.922155e-01  1.172909e+00 
        3   0.29013   0.21979   0.00235   0.96768  1.044841e-01  5.027938e-01 -8.837584e-03  1.633297e-02 -9.846974e-04 -1.043793e-03  8.815115e-02  5.037786e-01 -7.793791e-03 -8.837584e-03  1.044841e-01  5.201116e-01 -1.043793e-03  1.633297e-02 -9.846974e-04 -7.793791e-03  8.815115e-02  5.037786e-01 -7.237291e-01  1.705563e-01  1.085975e+00  4.098704e-03  2.572083e-02  3.987073e-02 -7.278278e-01  1.448355e-01  1.046104e+00 
        4   0.33316   0.21979   0.00235   0.86748  7.881866e-02  3.798598e-01 -1.261922e-02  1.328074e-02 -5.734481e-04 -5.243970e-04  6.553792e-02  3.804333e-01 -1.209482e-02 -1.261922e-02  7.881866e-02  3.937140e-01 -5.243970e-04  1.328074e-02 -5.734481e-04 -1.209482e-02  6.553792e-02  3.804333e-01 -5.501654e-01  1.439416e-01  8.092486e-01  2.203541e-03  2.109312e-02  3.274018e-02 -5.523690e-01  1.228485e-01  7.765084e-01 
        5   0.37618   0.21979   0.00235   0.83442  4.232994e-02  3.444924e-01 -1.168345e-02  1.234073e-02 -4.740591e-04 -2.240276e-04  2.998921e-02  3.449664e-01 -1.145942e-02 -1.168345e-02  4.232994e-02  3.573072e-01 -2.240276e-04  1.234073e-02 -4.740591e-04 -1.145942e-02  2.998921e-02  3.449664e-01 -5.151846e-01  8.865461e-02  6.523360e-01  1.315159e-03  1.982012e-02  3.050572e-02 -5.164998e-01  6.883449e-02  6.218303e-01 
        6   0.41920   0.21979   0.00235   0.85403  5.188149e-02  3.633935e-01 -4.168230e-04  1.288461e-02 -5.220464e-04 -1.816861e-04  3.899688e-02  3.639155e-01 -2.351369e-04 -4.168230e-04  5.188149e-02  3.768001e-01 -1.816861e-04  1.288461e-02 -5.220464e-04 -2.351369e-04  3.899688e-02  3.639155e-01 -5.907557e-01  8.518985e-02  7.105793e-01  1.309046e-03  2.123712e-02  3.181196e-02 -5.920647e-01  6.395273e-02  6.787674e-01 
        7   0.46222   0.21979   0.00235   0.87264  6.725362e-02  3.769808e-01 -2.813417e-04  1.338242e-02 -5.857521e-04 -5.934445e-05  5.387120e-02  3.775665e-01 -2.219972e-04 -2.813417e-04  6.725362e-02  3.909490e-01 -5.934445e-05  1.338242e-02 -5.857521e-04 -2.219972e-04  5.387120e-02  3.775665e-01 -6.311646e-01  1.132093e-01  7.728908e-01  1.131790e-03  2.251622e-02  3.297968e-02 -6.322964e-01  9.069309e-02  7.399111e-01 
        8   0.50524   0.21979   0.00235   0.87266  6.799279e-02  3.807898e-01 -6.667978e-06  1.340677e-02 -5.875605e-04 -5.315601e-05  5.458602e-02  3.813773e-01  4.648803e-05 -6.667978e-06  6.799279e-02  3.947841e-01 -5.315601e-05  1.340677e-02 -5.875605e-04  4.648803e-05  5.458602e-02  3.813773e-01 -6.564978e-01  1.172223e-01  7.821094e-01  1.147329e-03  2.319040e-02  3.303864e-02 -6.576451e-01  9.403191e-02  7.490707e-01 
        9   0.54827   0.21979   0.00235   0.88611  6.153857e-02  3.832933e-01  3.828352e-04  1.371751e-02 -6.560037e-04  9.684710e-05  4.782105e-02  3.839493e-01  2.859881e-04  3.828352e-04  6.153857e-02  3.976668e-01  9.684710e-05  1.371751e-02 -6.560037e-04  2.859881e-04  4.782105e-02  3.839493e-01 -6.801716e-01  1.084526e-01  7.734299e-01  9.178311e-04  2.417171e-02  3.372713e-02 -6.810894e-01  8.428085e-02  7.397028e-01 
       10   0.59129   0.21979   0.00235   0.88613  6.404592e-02  3.837368e-01  5.694063e-04  1.372135e-02 -6.565100e-04  9.911127e-05  5.032458e-02  3.843933e-01  4.702950e-04  5.694063e-04  6.404592e-02  3.981147e-01  9.911127e-05  1.372135e-02 -6.565100e-04  4.702950e-04  5.032458e-02  3.843933e-01 -6.997941e-01  1.156253e-01  7.826106e-01  9.444513e-04  2.483248e-02  3.373611e-02 -7.007385e-01  9.079284e-02  7.488745e-01 
       11   0.63431   0.21979   0.00235   0.89149  6.498288e-02  3.816960e-01  5.751260e-04  1.382982e-02 -6.689507e-04  1.110273e-04  5.115307e-02  3.823650e-01  4.640987e-04  5.751260e-04  6.498288e-02  3.961948e-01  1.110273e-04  1.382982e-02 -6.689507e-04  4.640987e-04  5.115307e-02  3.823650e-01 -7.143875e-01  1.204206e-01  7.835572e-01  9.690300e-04  2.567545e-02  3.399257e-02 -7.153566e-01  9.474519e-02  7.495646e-01 
       12   0.67733   0.21979   0.00235   0.90058  6.683040e-02  3.774205e-01  6.151490e-04  1.401089e-02 -6.824496e-04  2.282452e-04  5.281951e-02  3.781030e-01  3.869039e-04  6.151490e-04  6.683040e-02  3.921139e-01  2.282452e-04  1.401089e-02 -6.824496e-04  3.869039e-04  5.281951e-02  3.781030e-01 -7.245705e-01  1.270286e-01  7.835023e-01  7.308247e-04  2.651947e-02  3.443095e-02 -7.253013e-01  1.005091e-01  7.490714e-01 
       13   0.72036   0.21979   0.00235   0.90802  6.836579e-02  3.694777e-01  5.227622e-04  1.413770e-02 -7.191688e-04  1.661962e-04  5.422809e-02  3.701968e-01  3.565660e-04  5.227622e-04  6.836579e-02  3.843345e-01  1.661962e-04  1.413770e-02 -7.191688e-04  3.565660e-04  5.422809e-02  3.701968e-01 -7.268197e-01  1.333734e-01  7.765852e-01  9.923543e-04  2.752697e-02  3.469953e-02 -7.278120e-01  1.058464e-01  7.418856e-01 
       14   0.76338   0.21979   0.00235   0.90790  6.741226e-02  3.587348e-01  6.981426e-04  1.407495e-02 -7.153829e-04  1.707846e-04  5.333732e-02  3.594502e-01  5.273580e-04  6.981426e-04  6.741226e-02  3.735252e-01  1.707846e-04  1.407495e-02 -7.153829e-04  5.273580e-04  5.333732e-02  3.594502e-01 -7.233486e-01  1.344068e-01  7.595258e-01  1.007592e-03  2.807138e-02  3.454635e-02 -7.243562e-01  1.063355e-01  7.249794e-01 
       15   0.80640   0.21979   0.00235   0.90811  6.649677e-02  3.418456e-01  9.210768e-04  1.398921e-02 -7.126403e-04  1.758480e-04  5.250757e-02  3.425583e-01  7.452288e-04  9.210768e-04  6.649677e-02  3.565475e-01  1.758480e-04  1.398921e-02 -7.126403e-04  7.452288e-04  5.250757e-02  3.425583e-01 -7.063137e-01  1.353385e-01  7.317421e-01  1.023415e-03  2.856176e-02  3.433362e-02 -7.073372e-01  1.067767e-01  6.974085e-01 
       16   0.84942   0.21979   0.00235   0.92224  6.514862e-02  3.193838e-01  1.414010e-03  1.421537e-02 -7.333298e-04  1.842034e-04  5.093325e-02  3.201172e-01  1.229807e-03  1.414010e-03  6.514862e-02  3.343325e-01  1.842034e-04  1.421537e-02 -7.333298e-04  1.229807e-03  5.093325e-02  3.201172e-01 -6.765677e-01  1.348292e-01  6.943610e-01  1.080039e-03  2.969658e-02  3.487578e-02 -6.776478e-01  1.051326e-01  6.594852e-01 
       17   0.89244   0.21979   0.00235   0.92412  6.263698e-02  2.885531e-01  4.141180e-03  1.412252e-02 -7.314952e-04  1.637126e-04  4.851447e-02  2.892846e-01  3.977467e-03  4.141180e-03  6.263698e-02  3.034071e-01  1.637126e-04  1.412252e-02 -7.314952e-04  3.977467e-03  4.851447e-02  2.892846e-01 -6.322547e-01  1.277485e-01  6.400456e-01  1.162968e-03  3.020616e-02  3.464380e-02 -6.334177e-01  9.754233e-02  6.054018e-01 
       18   0.93547   0.21979   0.00235   0.92532  5.665863e-02  2.435099e-01  1.604207e-02  1.397432e-02 -7.323311e-04  1.645878e-04  4.268431e-02  2.442422e-01  1.587748e-02  1.604207e-02  5.665863e-02  2.582165e-01  1.645878e-04  1.397432e-02 -7.323311e-04  1.587748e-02  4.268431e-02  2.442422e-01 -5.767103e-01  9.688509e-02  5.535423e-01  1.197633e-03  3.055481e-02  3.426826e-02 -5.779080e-01  6.633028e-02  5.192741e-01 
       19   0.97849   0.21979   0.00235   0.92546  5.209339e-02  1.839555e-01  1.285245e-02  1.378851e-02 -7.507741e-04  1.292215e-04  3.830489e-02  1.847062e-01  1.272323e-02  1.285245e-02  5.209339e-02  1.984947e-01  1.292215e-04  1.378851e-02 -7.507741e-04  1.272323e-02  3.830489e-02  1.847062e-01 -4.465327e-01  9.497709e-02  4.461201e-01  1.363561e-03  3.085568e-02  3.377289e-02 -4.478963e-01  6.412141e-02  4.123472e-01 



Time history of loading for wing surface: 1 --> VSP Surface: 1 ... NOTE: values per area! 

  Station    Time       S       Chord     Area      V/Vref        Cx            Cy            Cz           Cxo           Cyo           Czo          Cxi            Cyi           Czi           Cl            Cd            Cs            Clo           Cdo           Cso           Cli           Cdi           Csi           Cmx           Cmy           Cmz          Cmxo          Cmyo          Cmzo          Cmxi          Cmyi          Cmzi 
        1   0.00000   0.06064   0.32000   0.01489   1.14737  1.183545e-02 -2.015130e-04  5.239816e-02  1.833659e-02 -2.135972e-04  7.319470e-04 -6.501140e-03  1.208422e-05  5.166621e-02  5.239816e-02  1.183545e-02  1.834868e-02  7.319470e-04  1.833659e-02 -2.135972e-04  5.166621e-02 -6.501140e-03  1.208422e-05  3.997335e-03 -9.965878e-02 -1.063712e-03  2.556649e-04  1.665787e-02 -1.543756e-03  3.741670e-03 -1.163166e-01  4.800436e-04 
        2   0.00000   0.15507   0.32000   0.01489   1.14821  1.139980e-02 -1.448219e-04  5.612583e-02  1.836278e-02 -1.789368e-04  7.350929e-04 -6.962980e-03  3.411493e-05  5.539074e-02  5.612583e-02  1.139980e-02  1.839690e-02  7.350929e-04  1.836278e-02 -1.789368e-04  5.539074e-02 -6.962980e-03  3.411493e-05  1.237266e-02 -1.062014e-01 -2.630234e-03  3.296757e-04  1.667956e-02 -4.175222e-03  1.204298e-02 -1.228809e-01  1.544988e-03 
        3   0.00000   0.22267   0.32000   0.01489   1.14786  8.760026e-03 -2.152158e-04  6.529663e-02  1.835764e-02 -2.158473e-04  7.393195e-04 -9.597614e-03  6.314840e-07  6.455731e-02  6.529663e-02  8.760026e-03  1.835827e-02  7.393195e-04  1.835764e-02 -2.158473e-04  6.455731e-02 -9.597614e-03  6.314840e-07  2.388262e-02 -1.256279e-01 -3.390589e-03  4.728663e-04  1.667046e-02 -6.874477e-03  2.340975e-02 -1.422983e-01  3.483888e-03 
        4   0.00000   0.29026   0.32000   0.01489   1.15007  9.195409e-03 -2.961712e-04  6.768607e-02  1.842182e-02 -2.395179e-04  7.428217e-04 -9.226413e-03 -5.665326e-05  6.694324e-02  6.768607e-02  9.195409e-03  1.836517e-02  7.428217e-04  1.842182e-02 -2.395179e-04  6.694324e-02 -9.226413e-03 -5.665326e-05  3.465519e-02 -1.306923e-01 -4.956677e-03  6.043593e-04  1.672782e-02 -9.594207e-03  3.405083e-02 -1.474202e-01  4.637530e-03 
        5   0.00000   0.35786   0.32000   0.01489   1.14904  6.143987e-03 -2.791098e-04  7.304409e-02  1.839629e-02 -1.779126e-04  7.514585e-04 -1.225230e-02 -1.011971e-04  7.229263e-02  7.304409e-02  6.143987e-03  1.829509e-02  7.514585e-04  1.839629e-02 -1.779126e-04  7.229263e-02 -1.225230e-02 -1.011971e-04  4.792620e-02 -1.446727e-01 -4.306917e-03  6.593488e-04  1.669498e-02 -1.218873e-02  4.726685e-02 -1.613677e-01  7.881815e-03 
        6   0.00000   0.42545   0.32000   0.01489   1.15141  5.746585e-03 -2.757414e-04  8.656371e-02  1.847381e-02 -2.012498e-04  7.555714e-04 -1.272722e-02 -7.449156e-05  8.580814e-02  8.656371e-02  5.746585e-03  1.839931e-02  7.555714e-04  1.847381e-02 -2.012498e-04  8.580814e-02 -1.272722e-02 -7.449156e-05  6.932708e-02 -1.611812e-01 -4.893257e-03  7.937904e-04  1.676438e-02 -1.494300e-02  6.853329e-02 -1.779455e-01  1.004974e-02 
        7   0.00000   0.49304   0.32000   0.01489   1.15316  6.038611e-03 -7.485056e-05  1.084099e-01  1.854429e-02 -1.447884e-04  7.624935e-04 -1.250568e-02  6.993779e-05  1.076475e-01  1.084099e-01  6.038611e-03  1.861423e-02  7.624935e-04  1.854429e-02 -1.447884e-04  1.076475e-01 -1.250568e-02  6.993779e-05  1.023138e-01 -1.833836e-01 -5.766760e-03  8.563972e-04  1.682430e-02 -1.763335e-02  1.014574e-01 -2.002079e-01  1.186659e-02 
        8   0.00000   0.56064   0.32000   0.01489   1.15421  4.984262e-03  5.254854e-05  1.363510e-01  1.860606e-02 -1.627332e-04  7.656803e-04 -1.362179e-02  2.152817e-04  1.355853e-01  1.363510e-01  4.984262e-03  1.882134e-02  7.656803e-04  1.860606e-02 -1.627332e-04  1.355853e-01 -1.362179e-02  2.152817e-04  1.483285e-01 -2.128981e-01 -5.326511e-03  9.875116e-04  1.687969e-02 -2.040905e-02  1.473409e-01 -2.297778e-01  1.508254e-02 
        9   0.00000   0.62823   0.32000   0.01489   1.15618  3.703834e-03  2.863955e-04  1.764331e-01  1.872126e-02 -8.095102e-05  7.728275e-04 -1.501743e-02  3.673465e-04  1.756603e-01  1.764331e-01  3.703834e-03  1.908861e-02  7.728275e-04  1.872126e-02 -8.095102e-05  1.756603e-01 -1.501743e-02  3.673465e-04  2.173308e-01 -2.549776e-01 -4.181332e-03  1.029858e-03  1.698180e-02 -2.316888e-02  2.163009e-01 -2.719594e-01  1.898755e-02 
       10   0.00000   0.69583   0.32000   0.01489   1.15935  2.020319e-03  9.743954e-04  2.258479e-01  1.890375e-02 -9.612948e-05  7.827550e-04 -1.688343e-02  1.070525e-03  2.250652e-01  2.258479e-01  2.020319e-03  1.997427e-02  7.827550e-04  1.890375e-02 -9.612948e-05  2.250652e-01 -1.688343e-02  1.070525e-03  3.103790e-01 -3.050629e-01 -1.532807e-03  1.170064e-03  1.714494e-02 -2.615182e-02  3.092089e-01 -3.222079e-01  2.461901e-02 
       11   0.00000   0.76342   0.32000   0.01489   1.15870  3.842820e-03  3.387009e-03  2.868617e-01  1.903020e-02 -1.335638e-04  7.852215e-04 -1.518738e-02  3.520573e-03  2.860764e-01  2.868617e-01  3.842820e-03  2.255077e-02  7.852215e-04  1.903020e-02 -1.335638e-04  2.860764e-01 -1.518738e-02  3.520573e-03  4.337688e-01 -3.599221e-01 -1.742818e-03  1.322891e-03  1.726240e-02 -2.912459e-02  4.324459e-01 -3.771845e-01  2.738177e-02 
       12   0.00000   0.83101   0.32000   0.01489   1.17776  4.718605e-04 -1.524518e-01  4.377252e-01  2.003577e-02 -1.046538e-03  8.170942e-04 -1.956391e-02 -1.514053e-01  4.369081e-01  4.377252e-01  4.718605e-04 -1.313695e-01  8.170942e-04  2.003577e-02 -1.046538e-03  4.369081e-01 -1.956391e-02 -1.514053e-01  8.793063e-01 -5.186364e-01 -1.959903e-01  2.355823e-03  1.818417e-02 -3.447620e-02  8.769505e-01 -5.368206e-01 -1.615141e-01 
       13   0.00000   0.89861   0.32000   0.01489   1.05961  1.246876e-02 -1.550098e-01  7.801849e-02  1.591440e-02 -6.748744e-04  6.067040e-04 -3.445640e-03 -1.543350e-01  7.741178e-02  7.801849e-02  1.246876e-02 -1.384206e-01  6.067040e-04  1.591440e-02 -6.748744e-04  7.741178e-02 -3.445640e-03 -1.543350e-01  2.819717e-01 -1.235857e-01 -2.209849e-01  1.740340e-03  1.448598e-02 -2.953706e-02  2.802314e-01 -1.380717e-01 -1.914479e-01 
       14   0.00000   0.96620   0.32000   0.01489   1.06558  1.778793e-02 -7.001495e-04 -4.593046e-02  1.606023e-02 -4.511072e-04  6.415063e-04  1.727697e-03 -2.490423e-04 -4.657197e-02 -4.593046e-02  1.778793e-02  1.581119e-02  6.415063e-04  1.606023e-02 -4.511072e-04 -4.657197e-02  1.727697e-03 -2.490423e-04 -8.943048e-02  3.311548e-02 -3.570430e-02  1.684321e-03  1.458949e-02 -3.190798e-02 -9.111480e-02  1.852600e-02 -3.796325e-03 



Time history of loading for wing surface: 2 --> VSP Surface: 2 ... NOTE: values per area! 

  Station    Time       S       Chord     Area      V/Vref        Cx            Cy            Cz           Cxo           Cyo           Czo          Cxi            Cyi           Czi           Cl            Cd            Cs            Clo           Cdo           Cso           Cli           Cdi           Csi           Cmx           Cmy           Cmz          Cmxo          Cmyo          Cmzo          Cmxi          Cmyi          Cmzi 
        1   0.00000   0.06064   0.32000   0.01489   1.14727  1.185091e-02  2.027232e-04  5.231313e-02  1.833382e-02  2.170698e-04  7.282580e-04 -6.482909e-03 -1.434663e-05  5.158488e-02  5.231313e-02  1.185091e-02  1.831947e-02  7.282580e-04  1.833382e-02  2.170698e-04  5.158488e-02 -6.482909e-03 -1.434663e-05 -3.992881e-03 -9.959629e-02  1.065442e-03 -2.586905e-04  1.665893e-02  1.547027e-03 -3.734191e-03 -1.162552e-01 -4.815848e-04 
        2   0.00000   0.15507   0.32000   0.01489   1.14816  1.138486e-02  1.481001e-04  5.583676e-02  1.836119e-02  1.825299e-04  7.321057e-04 -6.976333e-03 -3.442980e-05  5.510465e-02  5.583676e-02  1.138486e-02  1.832676e-02  7.321057e-04  1.836119e-02  1.825299e-04  5.510465e-02 -6.976333e-03 -3.442980e-05 -1.231330e-02 -1.060724e-01  2.628947e-03 -3.324331e-04  1.668104e-02  4.178468e-03 -1.198087e-02 -1.227535e-01 -1.549520e-03 
        3   0.00000   0.22267   0.32000   0.01489   1.14779  8.757945e-03  2.262317e-04  6.455908e-02  1.835515e-02  2.201762e-04  7.361753e-04 -9.597206e-03  6.055440e-06  6.382290e-02  6.455908e-02  8.757945e-03  1.836121e-02  7.361753e-04  1.835515e-02  2.201762e-04  6.382290e-02 -9.597206e-03  6.055440e-06 -2.362540e-02 -1.250814e-01  3.399855e-03 -4.758312e-04  1.667124e-02  6.877903e-03 -2.314956e-02 -1.417527e-01 -3.478048e-03 
        4   0.00000   0.29026   0.32000   0.01489   1.14996  9.182821e-03  3.117312e-04  6.668835e-02  1.841824e-02  2.436752e-04  7.386156e-04 -9.235419e-03  6.805605e-05  6.594973e-02  6.668835e-02  9.182821e-03  1.848630e-02  7.386156e-04  1.841824e-02  2.436752e-04  6.594973e-02 -9.235419e-03  6.805605e-05 -3.416333e-02 -1.299866e-01  4.964640e-03 -6.061659e-04  1.672863e-02  9.596545e-03 -3.355717e-02 -1.467152e-01 -4.631904e-03 
        5   0.00000   0.35786   0.32000   0.01489   1.14868  6.185125e-03  2.678455e-04  7.169440e-02  1.838544e-02  1.780674e-04  7.416444e-04 -1.220032e-02  8.977815e-05  7.095275e-02  7.169440e-02  6.185125e-03  1.847522e-02  7.416444e-04  1.838544e-02  1.780674e-04  7.095275e-02 -1.220032e-02  8.977815e-05 -4.703373e-02 -1.437143e-01  4.315239e-03 -6.530880e-04  1.669450e-02  1.218180e-02 -4.638065e-02 -1.604088e-01 -7.866564e-03 
        6   0.00000   0.42545   0.32000   0.01489   1.15097  5.877742e-03  2.373757e-04  8.413500e-02  1.845973e-02  2.043902e-04  7.433449e-04 -1.258199e-02  3.298546e-05  8.339165e-02  8.413500e-02  5.877742e-03  1.849271e-02  7.433449e-04  1.845973e-02  2.043902e-04  8.339165e-02 -1.258199e-02  3.298546e-05 -6.735197e-02 -1.590953e-01  4.944902e-03 -7.870121e-04  1.676325e-02  1.493491e-02 -6.656496e-02 -1.758586e-01 -9.990003e-03 
        7   0.00000   0.49304   0.32000   0.01489   1.15260  5.856768e-03  2.265003e-05  1.037183e-01  1.852430e-02  1.493283e-04  7.418321e-04 -1.266753e-02 -1.266782e-04  1.029764e-01  1.037183e-01  5.856768e-03  1.839762e-02  7.418321e-04  1.852430e-02  1.493283e-04  1.029764e-01 -1.266753e-02 -1.266782e-04 -9.783697e-02 -1.795719e-01  5.522675e-03 -8.412174e-04  1.682600e-02  1.761904e-02 -9.699576e-02 -1.963979e-01 -1.209636e-02 
        8   0.00000   0.56064   0.32000   0.01489   1.15341  4.930042e-03 -2.079676e-04  1.300957e-01  1.857635e-02  1.688260e-04  7.387915e-04 -1.364630e-02 -3.767936e-04  1.293569e-01  1.300957e-01  4.930042e-03  1.819955e-02  7.387915e-04  1.857635e-02  1.688260e-04  1.293569e-01 -1.364630e-02 -3.767936e-04 -1.413715e-01 -2.075593e-01  5.050347e-03 -9.640304e-04  1.687840e-02  2.038282e-02 -1.404074e-01 -2.244377e-01 -1.533247e-02 
        9   0.00000   0.62823   0.32000   0.01489   1.15510  3.436158e-03 -6.199704e-04  1.694687e-01  1.868066e-02  9.618941e-05  7.371234e-04 -1.524450e-02 -7.161598e-04  1.687315e-01  1.694687e-01  3.436158e-03  1.796450e-02  7.371234e-04  1.868066e-02  9.618941e-05  1.687315e-01 -1.524450e-02 -7.161598e-04 -2.084205e-01 -2.499312e-01  3.381606e-03 -1.000278e-03  1.697899e-02  2.313405e-02 -2.074203e-01 -2.669102e-01 -1.975244e-02 
       10   0.00000   0.69583   0.32000   0.01489   1.15794  1.994467e-03 -1.364306e-03  2.139705e-01  1.884152e-02  1.172969e-04  7.300896e-04 -1.684705e-02 -1.481603e-03  2.132404e-01  2.139705e-01  1.994467e-03  1.735991e-02  7.300896e-04  1.884152e-02  1.172969e-04  2.132404e-01 -1.684705e-02 -1.481603e-03 -2.936253e-01 -2.946488e-01  9.487338e-04 -1.117548e-03  1.713857e-02  2.608720e-02 -2.925078e-01 -3.117874e-01 -2.513847e-02 
       11   0.00000   0.76342   0.32000   0.01489   1.15571  4.552703e-03 -3.136656e-03  2.609351e-01  1.888258e-02  1.629430e-04  7.109805e-04 -1.432987e-02 -3.299599e-03  2.602241e-01  2.609351e-01  4.552703e-03  1.558298e-02  7.109805e-04  1.888258e-02  1.629430e-04  2.602241e-01 -1.432987e-02 -3.299599e-03 -3.945093e-01 -3.319734e-01  3.201695e-03 -1.237653e-03  1.719662e-02  2.892906e-02 -3.932716e-01 -3.491701e-01 -2.572737e-02 
       12   0.00000   0.83101   0.32000   0.01489   1.17117  8.298521e-03  1.097610e-01  3.471292e-01  1.953079e-02  1.016858e-03  7.898257e-04 -1.123227e-02  1.087442e-01  3.463394e-01  3.471292e-01  8.298521e-03  1.282750e-01  7.898257e-04  1.953079e-02  1.016858e-03  3.463394e-01 -1.123227e-02  1.087442e-01 -6.853636e-01 -3.992866e-01  1.485389e-01 -2.282178e-03  1.773253e-02  3.360397e-02 -6.830814e-01 -4.170191e-01  1.149350e-01 
       13   0.00000   0.89861   0.32000   0.01489   1.05702  1.950622e-02  1.117506e-01  1.541052e-03  1.581447e-02  6.570328e-04  5.455924e-04  3.691755e-03  1.110936e-01  9.954599e-04  1.541052e-03  1.950622e-02  1.269081e-01  5.455924e-04  1.581447e-02  6.570328e-04  9.954599e-04  3.691755e-03  1.110936e-01 -1.039865e-01 -1.862256e-02  1.719005e-01 -1.612588e-03  1.445230e-02  2.933798e-02 -1.023739e-01 -3.307486e-02  1.425625e-01 
       14   0.00000   0.96620   0.32000   0.01489   1.06531  1.933601e-02  5.120238e-04 -7.124829e-02  1.607087e-02  4.317786e-04  6.195673e-04  3.265138e-03  8.024526e-05 -7.186786e-02 -7.124829e-02  1.933601e-02  1.615111e-02  6.195673e-04  1.607087e-02  4.317786e-04 -7.186786e-02  3.265138e-03  8.024526e-05  1.391517e-01  6.429358e-02  3.847760e-02 -1.623019e-03  1.462151e-02  3.190948e-02  1.407747e-01  4.967207e-02  6.568115e-03 



Time history of loading for wing surface: 3 --> VSP Surface: 3 ... NOTE: values per area! 

  Station    Time       S       Chord     Area      V/Vref        Cx            Cy            Cz           Cxo           Cyo           Czo          Cxi            Cyi           Czi           Cl            Cd            Cs            Clo           Cdo           Cso           Cli           Cdi           Csi           Cmx           Cmy           Cmz          Cmxo          Cmyo          Cmzo          Cmxi          Cmyi          Cmzi 
        1   0.00000   0.03103   0.13000   0.00606   1.05619  1.540219e-01 -5.539009e-04 -1.563489e+00  3.225286e-02 -6.733356e-04  6.689118e-03  1.217691e-01  1.194347e-04 -1.570178e+00 -1.563489e+00  1.540219e-01  3.237229e-02  6.689118e-03  3.225286e-02 -6.733356e-04 -1.570178e+00  1.217691e-01  1.194347e-04 -2.777255e-01  4.845812e+00 -2.916786e-02  2.936251e-03  6.298744e-02 -7.817291e-03 -2.806618e-01  4.782824e+00 -2.135057e-02 
        2   0.00000   0.09814   0.13000   0.00606   1.05763  1.450049e-01 -4.148977e-04 -1.581930e+00  3.253788e-02 -7.137576e-04  6.753493e-03  1.124670e-01  2.988600e-04 -1.588683e+00 -1.581930e+00  1.450049e-01  3.283674e-02  6.753493e-03  3.253788e-02 -7.137576e-04 -1.588683e+00  1.124670e-01  2.988600e-04 -8.462299e-01  4.875570e+00 -7.887723e-02  5.464270e-03  6.352797e-02 -1.961240e-02 -8.516942e-01  4.812042e+00 -5.926483e-02 
        3   0.00000   0.17029   0.13000   0.00606   1.06396  1.441590e-01 -9.241097e-04 -1.621856e+00  3.323851e-02 -1.102825e-03  6.899818e-03  1.109205e-01  1.787153e-04 -1.628756e+00 -1.621856e+00  1.441590e-01  3.341722e-02  6.899818e-03  3.323851e-02 -1.102825e-03 -1.628756e+00  1.109205e-01  1.787153e-04 -1.445653e+00  4.983090e+00 -1.315017e-01  9.013308e-03  6.489314e-02 -3.304770e-02 -1.454666e+00  4.918197e+00 -9.845397e-02 
        4   0.00000   0.24244   0.13000   0.00606   1.06610  1.283899e-01 -1.134394e-03 -1.668044e+00  3.398876e-02 -1.156230e-03  7.048006e-03  9.440108e-02  2.183636e-05 -1.675092e+00 -1.668044e+00  1.283899e-01  3.401060e-02  7.048006e-03  3.398876e-02 -1.156230e-03 -1.675092e+00  9.440108e-02  2.183636e-05 -2.082013e+00  5.074585e+00 -1.639161e-01  1.180091e-02  6.638099e-02 -4.601963e-02 -2.093814e+00  5.008205e+00 -1.178964e-01 
        5   0.00000   0.31459   0.13000   0.00606   1.06737  1.461803e-01 -4.824585e-04 -1.732786e+00  3.522212e-02 -6.805636e-04  7.317488e-03  1.109582e-01  1.981051e-04 -1.740104e+00 -1.732786e+00  1.461803e-01  3.542023e-02  7.317488e-03  3.522212e-02 -6.805636e-04 -1.740104e+00  1.109582e-01  1.981051e-04 -2.783844e+00  5.302872e+00 -2.364174e-01  1.352071e-02  6.874782e-02 -5.868693e-02 -2.797365e+00  5.234124e+00 -1.777305e-01 
        6   0.00000   0.38673   0.13000   0.00606   1.07087  1.393448e-01 -2.066432e-04 -1.776994e+00  3.601297e-02 -4.158942e-04  7.481632e-03  1.033318e-01  2.092510e-04 -1.784476e+00 -1.776994e+00  1.393448e-01  3.622222e-02  7.481632e-03  3.601297e-02 -4.158942e-04 -1.784476e+00  1.033318e-01  2.092510e-04 -3.490099e+00  5.412408e+00 -2.743149e-01  1.577189e-02  7.029190e-02 -7.201082e-02 -3.505871e+00  5.342116e+00 -2.023041e-01 
        7   0.00000   0.45888   0.13000   0.00606   1.07541  1.358133e-01  4.251977e-04 -1.813131e+00  3.667004e-02  3.663452e-04  7.630206e-03  9.914326e-02  5.885247e-05 -1.820762e+00 -1.813131e+00  1.358133e-01  3.672889e-02  7.630206e-03  3.667004e-02  3.663452e-04 -1.820762e+00  9.914326e-02  5.885247e-05 -4.210222e+00  5.506081e+00 -3.139665e-01  1.676533e-02  7.153752e-02 -8.400725e-02 -4.226988e+00  5.434543e+00 -2.299593e-01 
        8   0.00000   0.53103   0.13000   0.00606   1.07885  1.396314e-01  6.748949e-04 -1.844641e+00  3.727093e-02  6.077294e-04  7.763319e-03  1.023604e-01  6.716554e-05 -1.852405e+00 -1.844641e+00  1.396314e-01  3.733810e-02  7.763319e-03  3.727093e-02  6.077294e-04 -1.852405e+00  1.023604e-01  6.716554e-05 -4.942762e+00  5.605634e+00 -3.719223e-01  1.922255e-02  7.268507e-02 -9.797551e-02 -4.961985e+00  5.532949e+00 -2.739468e-01 
        9   0.00000   0.60318   0.13000   0.00606   1.09360  1.397543e-01  1.835405e-03 -1.880774e+00  3.790540e-02  1.794397e-03  7.914327e-03  1.018489e-01  4.100801e-05 -1.888688e+00 -1.880774e+00  1.397543e-01  3.794641e-02  7.914327e-03  3.790540e-02  1.794397e-03 -1.888688e+00  1.018489e-01  4.100801e-05 -5.714261e+00  5.713169e+00 -4.186186e-01  1.938394e-02  7.386477e-02 -1.095859e-01 -5.733645e+00  5.639304e+00 -3.090327e-01 
       10   0.00000   0.67533   0.13000   0.00606   1.10472  1.464353e-01  2.448082e-03 -1.913072e+00  3.849995e-02  2.435440e-03  8.044774e-03  1.079353e-01  1.264266e-05 -1.921117e+00 -1.913072e+00  1.464353e-01  3.851259e-02  8.044774e-03  3.849995e-02  2.435440e-03 -1.921117e+00  1.079353e-01  1.264266e-05 -6.496832e+00  5.816660e+00 -4.892715e-01  2.099484e-02  7.500407e-02 -1.231816e-01 -6.517827e+00  5.741656e+00 -3.660899e-01 
       11   0.00000   0.74748   0.13000   0.00606   1.12574  1.361314e-01  4.017742e-03 -1.934129e+00  3.875885e-02  3.900581e-03  8.051584e-03  9.737258e-02  1.171612e-04 -1.942181e+00 -1.934129e+00  1.361314e-01  3.887601e-02  8.051584e-03  3.875885e-02  3.900581e-03 -1.942181e+00  9.737258e-02  1.171612e-04 -7.263091e+00  5.839801e+00 -4.980905e-01  2.010353e-02  7.565298e-02 -1.334247e-01 -7.283195e+00  5.764148e+00 -3.646658e-01 
       12   0.00000   0.81963   0.13000   0.00606   1.16478  1.376950e-01  1.837153e-02 -1.936297e+00  3.872541e-02  5.767098e-03  8.033129e-03  9.896954e-02  1.260443e-02 -1.944330e+00 -1.936297e+00  1.376950e-01  5.132984e-02  8.033129e-03  3.872541e-02  5.767098e-03 -1.944330e+00  9.896954e-02  1.260443e-02 -7.996425e+00  5.817475e+00 -5.051548e-01  1.807505e-02  7.562288e-02 -1.414254e-01 -8.014500e+00  5.741852e+00 -3.637294e-01 
       13   0.00000   0.89178   0.13000   0.00606   0.93452  5.938928e-02  1.645889e-02 -1.287690e+00  2.652657e-02  9.798127e-04  5.503868e-03  3.286271e-02  1.547908e-02 -1.293194e+00 -1.287690e+00  5.938928e-02  4.200564e-02  5.503868e-03  2.652657e-02  9.798127e-04 -1.293194e+00  3.286271e-02  1.547908e-02 -5.795617e+00  3.789457e+00 -2.118001e-01  2.203629e-02  5.179720e-02 -1.154277e-01 -5.817653e+00  3.737659e+00 -9.637239e-02 
       14   0.00000   0.96393   0.13000   0.00606   0.95038  1.050636e-01  2.941957e-03 -1.168732e+00  2.488777e-02 -3.620976e-05  5.033667e-03  8.017584e-02  2.978167e-03 -1.173766e+00 -1.168732e+00  1.050636e-01  2.786594e-02  5.033667e-03  2.488777e-02 -3.620976e-05 -1.173766e+00  8.017584e-02  2.978167e-03 -5.643588e+00  3.607046e+00 -4.970788e-01  2.436313e-02  4.899504e-02 -1.201053e-01 -5.667951e+00  3.558051e+00 -3.769735e-01 



Time history of loading for wing surface: 4 --> VSP Surface: 4 ... NOTE: values per area! 

  Station    Time       S       Chord     Area      V/Vref        Cx            Cy            Cz           Cxo           Cyo           Czo          Cxi            Cyi           Czi           Cl            Cd            Cs            Clo           Cdo           Cso           Cli           Cdi           Csi           Cmx           Cmy           Cmz          Cmxo          Cmyo          Cmzo          Cmxi          Cmyi          Cmzi 
        1   0.00000   0.03103   0.13000   0.00606   1.05590  1.540232e-01  5.855042e-04 -1.564163e+00  3.226203e-02  7.083215e-04  6.688736e-03  1.217612e-01 -1.228173e-04 -1.570852e+00 -1.564163e+00  1.540232e-01  3.213922e-02  6.688736e-03  3.226203e-02  7.083215e-04 -1.570852e+00  1.217612e-01 -1.228173e-04  2.777609e-01  4.847672e+00  2.926310e-02 -3.026683e-03  6.301234e-02  7.925854e-03  2.807876e-01  4.784660e+00  2.133724e-02 
        2   0.00000   0.09814   0.13000   0.00606   1.05738  1.448158e-01  4.522130e-04 -1.582910e+00  3.255232e-02  7.425017e-04  6.752921e-03  1.122634e-01 -2.902887e-04 -1.589663e+00 -1.582910e+00  1.448158e-01  3.226203e-02  6.752921e-03  3.255232e-02  7.425017e-04 -1.589663e+00  1.122634e-01 -2.902887e-04  8.466528e-01  4.877829e+00  7.889213e-02 -5.538318e-03  6.356707e-02  1.970798e-02  8.521911e-01  4.814262e+00  5.918416e-02 
        3   0.00000   0.17029   0.13000   0.00606   1.06358  1.438431e-01  9.521931e-04 -1.622547e+00  3.324655e-02  1.132866e-03  6.899606e-03  1.105966e-01 -1.806730e-04 -1.629446e+00 -1.622547e+00  1.438431e-01  3.306588e-02  6.899606e-03  3.324655e-02  1.132866e-03 -1.629446e+00  1.105966e-01 -1.806730e-04  1.446201e+00  4.984029e+00  1.313038e-01 -9.090828e-03  6.491461e-02  3.314670e-02  1.455292e+00  4.919114e+00  9.815706e-02 
        4   0.00000   0.24244   0.13000   0.00606   1.06564  1.278185e-01  1.094470e-03 -1.668467e+00  3.399029e-02  1.187622e-03  7.052728e-03  9.382818e-02 -9.315219e-05 -1.675520e+00 -1.668467e+00  1.278185e-01  3.389714e-02  7.052728e-03  3.399029e-02  1.187622e-03 -1.675520e+00  9.382818e-02 -9.315219e-05  2.082665e+00  5.074115e+00  1.630464e-01 -1.188802e-02  6.637050e-02  4.611748e-02  2.094553e+00  5.007744e+00  1.169290e-01 
        5   0.00000   0.31459   0.13000   0.00606   1.06660  1.455432e-01  4.954165e-04 -1.732515e+00  3.521442e-02  7.200908e-04  7.305293e-03  1.103288e-01 -2.246743e-04 -1.739820e+00 -1.732515e+00  1.455432e-01  3.498974e-02  7.305293e-03  3.521442e-02  7.200908e-04 -1.739820e+00  1.103288e-01 -2.246743e-04  2.783365e+00  5.299951e+00  2.354063e-01 -1.360336e-02  6.876516e-02  5.879535e-02  2.796968e+00  5.231185e+00  1.766109e-01 
        6   0.00000   0.38673   0.13000   0.00606   1.06982  1.380669e-01  3.075491e-04 -1.774351e+00  3.595961e-02  4.775066e-04  7.459062e-03  1.021073e-01 -1.699574e-04 -1.781810e+00 -1.774351e+00  1.380669e-01  3.578965e-02  7.459062e-03  3.595961e-02  4.775066e-04 -1.781810e+00  1.021073e-01 -1.699574e-04  3.484645e+00  5.400864e+00  2.721242e-01 -1.588693e-02  7.022285e-02  7.209431e-02  3.500532e+00  5.330641e+00  2.000299e-01 
        7   0.00000   0.45888   0.13000   0.00606   1.07445  1.345524e-01 -3.121202e-04 -1.806597e+00  3.654705e-02 -2.825969e-04  7.586671e-03  9.800531e-02 -2.952333e-05 -1.814184e+00 -1.806597e+00  1.345524e-01  3.651753e-02  7.586671e-03  3.654705e-02 -2.825969e-04 -1.814184e+00  9.800531e-02 -2.952333e-05  4.194749e+00  5.483649e+00  3.113910e-01 -1.688090e-02  7.135242e-02  8.397769e-02  4.211630e+00  5.412296e+00  2.274133e-01 
        8   0.00000   0.53103   0.13000   0.00606   1.07772  1.372300e-01 -5.259393e-04 -1.833185e+00  3.705076e-02 -5.200226e-04  7.699647e-03  1.001792e-01 -5.916733e-06 -1.840884e+00 -1.833185e+00  1.372300e-01  3.704484e-02  7.699647e-03  3.705076e-02 -5.200226e-04 -1.840884e+00  1.001792e-01 -5.916733e-06  4.911664e+00  5.565948e+00  3.659602e-01 -1.927887e-02  7.231012e-02  9.765380e-02  4.930943e+00  5.493638e+00  2.683064e-01 
        9   0.00000   0.60318   0.13000   0.00606   1.09145  1.353802e-01 -1.646756e-03 -1.862953e+00  3.756233e-02 -1.654115e-03  7.838010e-03  9.781788e-02  7.358723e-06 -1.870791e+00 -1.862953e+00  1.353802e-01  3.756968e-02  7.838010e-03  3.756233e-02 -1.654115e-03 -1.870791e+00  9.781788e-02  7.358723e-06  5.659696e+00  5.650486e+00  4.059436e-01 -1.951514e-02  7.321056e-02  1.089732e-01  5.679211e+00  5.577275e+00  2.969704e-01 
       10   0.00000   0.67533   0.13000   0.00606   1.10051  1.448504e-01 -2.184772e-03 -1.894061e+00  3.815320e-02 -2.142392e-03  7.984757e-03  1.066972e-01 -4.237944e-05 -1.902046e+00 -1.894061e+00  1.448504e-01  3.811081e-02  7.984757e-03  3.815320e-02 -2.142392e-03 -1.902046e+00  1.066972e-01 -4.237944e-05  6.431595e+00  5.760948e+00  4.846812e-01 -2.154926e-02  7.429052e-02  1.229007e-01  6.453144e+00  5.686657e+00  3.617804e-01 
       11   0.00000   0.74748   0.13000   0.00606   1.11447  1.324045e-01 -3.500130e-03 -1.890952e+00  3.796679e-02 -3.431037e-03  7.970278e-03  9.443774e-02 -6.909337e-05 -1.898922e+00 -1.890952e+00  1.324045e-01  3.789769e-02  7.970278e-03  3.796679e-02 -3.431037e-03 -1.898922e+00  9.443774e-02 -6.909337e-05  7.099644e+00  5.703077e+00  4.856778e-01 -2.101324e-02  7.385258e-02  1.318895e-01  7.120657e+00  5.629225e+00  3.537883e-01 
       12   0.00000   0.81963   0.13000   0.00606   1.14465  1.255920e-01 -1.480151e-02 -1.852334e+00  3.718186e-02 -5.237570e-03  7.836802e-03  8.841018e-02 -9.563938e-03 -1.860171e+00 -1.852334e+00  1.255920e-01  2.761792e-02  7.836802e-03  3.718186e-02 -5.237570e-03 -1.860171e+00  8.841018e-02 -9.563938e-03  7.642503e+00  5.531650e+00  4.671208e-01 -1.863847e-02  7.223007e-02  1.367041e-01  7.661142e+00  5.459420e+00  3.304167e-01 
       13   0.00000   0.89178   0.13000   0.00606   0.92220  5.347958e-02 -1.299901e-02 -1.245741e+00  2.570014e-02 -1.236256e-03  5.369789e-03  2.777944e-02 -1.176275e-02 -1.251111e+00 -1.245741e+00  5.347958e-02  1.393739e-02  5.369789e-03  2.570014e-02 -1.236256e-03 -1.251111e+00  2.777944e-02 -1.176275e-02  5.599133e+00  3.646335e+00  1.968127e-01 -2.077436e-02  5.006920e-02  1.109545e-01  5.619907e+00  3.596266e+00  8.585818e-02 
       14   0.00000   0.96393   0.13000   0.00606   0.94760  1.034856e-01 -2.355049e-03 -1.151628e+00  2.457268e-02 -1.385088e-04  5.073265e-03  7.891292e-02 -2.216540e-03 -1.156701e+00 -1.151628e+00  1.034856e-01  2.235614e-02  5.073265e-03  2.457268e-02 -1.385088e-04 -1.156701e+00  7.891292e-02 -2.216540e-03  5.559745e+00  3.550601e+00  4.914972e-01 -2.410209e-02  4.805896e-02  1.180521e-01  5.583847e+00  3.502542e+00  3.734450e-01 



Time history of loading for wing surface: 5 --> VSP Surface: 5 ... NOTE: values per area! 

  Station    Time       S       Chord     Area      V/Vref        Cx            Cy            Cz           Cxo           Cyo           Czo          Cxi            Cyi           Czi           Cl            Cd            Cs            Clo           Cdo           Cso           Cli           Cdi           Csi           Cmx           Cmy           Cmz          Cmxo          Cmyo          Cmzo          Cmxi          Cmyi          Cmzi 
        1   0.00000   0.24304   0.45000   0.01350   1.00954  1.249161e-02 -5.901529e-02  1.429227e-02  1.359645e-02  8.173153e-05 -3.650271e-04 -1.104842e-03 -5.909702e-02  1.465729e-02  1.429227e-02  1.249161e-02 -4.550057e-02 -3.650271e-04  1.359645e-02  8.173153e-05  1.465729e-02 -1.104842e-03 -5.909702e-02  5.615749e-02 -2.294313e-03 -5.340141e-02 -5.763003e-04  8.470170e-03 -1.956939e-02  5.673379e-02 -1.076448e-02 -3.383203e-02 
        2   0.00000   0.55031   0.45000   0.01350   1.01764  1.335601e-02 -1.089687e-01  1.667404e-01  1.384777e-02  3.606462e-05 -2.137928e-05 -4.917604e-04 -1.090047e-01  1.667618e-01  1.667404e-01  1.335601e-02 -9.515695e-02 -2.137928e-05  1.384777e-02  3.606462e-05  1.667618e-01 -4.917604e-04 -1.090047e-01  3.159007e-01 -1.613448e-01 -1.107617e-01 -5.492426e-05  9.250141e-03 -1.997149e-02  3.159556e-01 -1.705950e-01 -9.079021e-02 
        3   0.00000   0.67879   0.45000   0.01350   0.93624 -6.195984e-02 -1.799529e-01  3.259384e-01  1.171589e-02 -6.115089e-04 -2.935509e-03 -7.367573e-02 -1.793414e-01  3.288739e-01  3.259384e-01 -6.195984e-02 -1.676255e-01 -2.935509e-03  1.171589e-02 -6.115089e-04  3.288739e-01 -7.367573e-02 -1.793414e-01  6.059841e-01 -4.090768e-01 -1.067591e-01 -3.791740e-03  1.110314e-02 -1.744613e-02  6.097758e-01 -4.201799e-01 -8.931296e-02 
        4   0.00000   0.80728   0.45000   0.01350   0.95991 -8.549560e-02  1.218718e-02  1.800848e-01  1.120120e-02 -4.048341e-03 -3.481325e-03 -9.669680e-02  1.623552e-02  1.835662e-01  1.800848e-01 -8.549560e-02  2.743673e-02 -3.481325e-03  1.120120e-02 -4.048341e-03  1.835662e-01 -9.669680e-02  1.623552e-02  2.443124e-01 -2.786714e-01  7.239497e-02 -1.789908e-03  1.193943e-02 -1.964310e-02  2.461023e-01 -2.906108e-01  9.203807e-02 
        5   0.00000   0.93576   0.45000   0.01350   0.94456  1.145337e-02  1.163916e-01  6.321866e-03  1.213917e-02  2.779265e-05 -4.748571e-04 -6.858011e-04  1.163638e-01  6.796723e-03  6.321866e-03  1.145337e-02  1.285030e-01 -4.748571e-04  1.213917e-02  2.779265e-05  6.796723e-03 -6.858011e-04  1.163638e-01 -9.141111e-02  3.064695e-03  7.600677e-02 -7.099917e-04  1.092688e-02 -1.751058e-02 -9.070112e-02 -7.862190e-03  9.351736e-02 



Time history of loading for wing surface: 6 --> VSP Surface: 6 ... NOTE: values per area! 

  Station    Time       S       Chord     Area      V/Vref        Cx            Cy            Cz           Cxo           Cyo           Czo          Cxi            Cyi           Czi           Cl            Cd            Cs            Clo           Cdo           Cso           Cli           Cdi           Csi           Cmx           Cmy           Cmz          Cmxo          Cmyo          Cmzo          Cmxi          Cmyi          Cmzi 
        1   0.00000   0.24304   0.45000   0.01350   1.01128  1.280904e-02  6.779494e-02  1.682150e-02  1.364469e-02 -1.127318e-05 -3.849733e-04 -8.356413e-04  6.780621e-02  1.720647e-02  1.682150e-02  1.280904e-02  8.145089e-02 -3.849733e-04  1.364469e-02 -1.127318e-05  1.720647e-02 -8.356413e-04  6.780621e-02 -6.509654e-02 -4.794320e-03  6.247794e-02  5.628364e-04  8.516177e-03  1.969935e-02 -6.565938e-02 -1.331050e-02  4.277860e-02 
        2   0.00000   0.55031   0.45000   0.01350   1.00937  1.258380e-02  1.892728e-01  1.391077e-01  1.379434e-02 -1.287894e-04 -1.705788e-04 -1.210539e-03  1.894016e-01  1.392782e-01  1.391077e-01  1.258380e-02  2.031959e-01 -1.705788e-04  1.379434e-02 -1.287894e-04  1.392782e-01 -1.210539e-03  1.894016e-01 -3.319560e-01 -1.264518e-01  2.123660e-01  3.322511e-04  9.342167e-03  1.981497e-02 -3.322883e-01 -1.357939e-01  1.925510e-01 
        3   0.00000   0.67879   0.45000   0.01350   0.91933 -8.415265e-02  2.049605e-01  3.494534e-01  1.145394e-02  4.219897e-04 -2.772465e-03 -9.560659e-02  2.045385e-01  3.522259e-01  3.494534e-01 -8.415265e-02  2.159925e-01 -2.772465e-03  1.145394e-02  4.219897e-04  3.522259e-01 -9.560659e-02  2.045385e-01 -6.552491e-01 -4.421005e-01  1.115788e-01  3.695212e-03  1.077155e-02  1.690562e-02 -6.589443e-01 -4.528720e-01  9.467317e-02 
        4   0.00000   0.80728   0.45000   0.01350   0.93874  5.723135e-03  1.757009e-02  2.323235e-01  1.184807e-02 -9.367939e-06 -1.335904e-03 -6.124934e-03  1.757946e-02  2.336594e-01  2.323235e-01  5.723135e-03  2.942753e-02 -1.335904e-03  1.184807e-02 -9.367939e-06  2.336594e-01 -6.124934e-03  1.757946e-02 -3.442589e-01 -2.587038e-01  8.780769e-02  1.937134e-03  1.062139e-02  1.710586e-02 -3.461960e-01 -2.693252e-01  7.070182e-02 
        5   0.00000   0.93576   0.45000   0.01350   0.93711  1.159191e-02 -1.199543e-01  3.216870e-03  1.198272e-02  3.185304e-06 -2.884535e-04 -3.908092e-04 -1.199574e-01  3.505323e-03  3.216870e-03  1.159191e-02 -1.079747e-01 -2.884535e-04  1.198272e-02  3.185304e-06  3.505323e-03 -3.908092e-04 -1.199574e-01  9.907956e-02  6.450531e-03 -7.941673e-02  4.138945e-04  1.063181e-02  1.731110e-02  9.866567e-02 -4.181283e-03 -9.672783e-02 



Time history of loading for wing surface: 7 --> VSP Surface: 7 ... NOTE: values per area! 

  Station    Time       S       Chord     Area      V/Vref        Cx            Cy            Cz           Cxo           Cyo           Czo          Cxi            Cyi           Czi           Cl            Cd            Cs            Clo           Cdo           Cso           Cli           Cdi           Csi           Cmx           Cmy           Cmz          Cmxo          Cmyo          Cmzo          Cmxi          Cmyi          Cmzi 
        1   0.00000   0.11280   0.21979   0.00235   1.19955  6.644709e-02 -3.648471e-01 -1.494742e-01  2.202027e-02  1.425551e-03 -1.301624e-03  4.442683e-02 -3.662727e-01 -1.481726e-01 -1.494742e-01  6.644709e-02 -3.442524e-01 -1.301624e-03  2.202027e-02  1.425551e-03 -1.481726e-01  4.442683e-02 -3.662727e-01  1.294445e-01  3.638335e-01 -7.413450e-01 -5.267996e-03  3.241892e-02 -5.361599e-02  1.347124e-01  3.314146e-01 -6.877291e-01 
        2   0.00000   0.24711   0.21979   0.00235   1.19543  1.248594e-01 -6.256098e-01 -1.565724e-01  2.306876e-02  1.573206e-03 -5.847216e-04  1.017906e-01 -6.271830e-01 -1.559877e-01 -1.565724e-01  1.248594e-01 -6.041142e-01 -5.847216e-04  2.306876e-02  1.573206e-03 -1.559877e-01  1.017906e-01 -6.271830e-01  5.049730e-01  4.639204e-01 -1.332401e+00 -3.737454e-03  3.396949e-02 -5.605645e-02  5.087104e-01  4.299509e-01 -1.276344e+00 
        3   0.00000   0.29013   0.21979   0.00235   0.97790  1.114505e-01 -5.320051e-01 -9.428446e-03  1.677403e-02  1.012861e-03 -1.074522e-03  9.467646e-02 -5.330179e-01 -8.353924e-03 -9.428446e-03  1.114505e-01 -5.162439e-01 -1.074522e-03  1.677403e-02  1.012861e-03 -8.353924e-03  9.467646e-02 -5.330179e-01  7.656214e-01  1.819311e-01 -1.154878e+00 -4.218143e-03  2.641898e-02 -4.094519e-02  7.698396e-01  1.555121e-01 -1.113933e+00 
        4   0.00000   0.33316   0.21979   0.00235   0.87325  8.406560e-02 -3.957998e-01 -1.451679e-02  1.350959e-02  6.011450e-04 -5.605020e-04  7.055602e-02 -3.964010e-01 -1.395628e-02 -1.451679e-02  8.406560e-02 -3.828914e-01 -5.605020e-04  1.350959e-02  6.011450e-04 -1.395628e-02  7.055602e-02 -3.964010e-01  5.697727e-01  1.555213e-01 -8.496996e-01 -2.337194e-03  2.149474e-02 -3.327922e-02  5.721099e-01  1.340265e-01 -8.164203e-01 
        5   0.00000   0.37618   0.21979   0.00235   0.83917  4.481456e-02 -3.549715e-01 -1.365955e-02  1.250762e-02  4.964648e-04 -2.521175e-04  3.230694e-02 -3.554680e-01 -1.340743e-02 -1.365955e-02  4.481456e-02 -3.429603e-01 -2.521175e-04  1.250762e-02  4.964648e-04 -1.340743e-02  3.230694e-02 -3.554680e-01  5.267395e-01  9.626953e-02 -6.755957e-01 -1.421529e-03  2.012348e-02 -3.089571e-02  5.281610e-01  7.614605e-02 -6.447000e-01 
        6   0.00000   0.41920   0.21979   0.00235   0.85906  5.382900e-02 -3.727589e-01 -3.317014e-04  1.305298e-02  5.364823e-04 -2.078078e-04  4.077602e-02 -3.732953e-01 -1.238935e-04 -3.317014e-04  5.382900e-02 -3.602424e-01 -2.078078e-04  1.305298e-02  5.364823e-04 -1.238935e-04  4.077602e-02 -3.732953e-01  6.062215e-01  8.819059e-02 -7.303897e-01 -1.398539e-03  2.154811e-02 -3.221694e-02  6.076201e-01  6.664247e-02 -6.981727e-01 
        7   0.00000   0.46222   0.21979   0.00235   0.87690  6.908157e-02 -3.857469e-01 -2.354890e-04  1.353170e-02  6.019666e-04 -8.087264e-05  5.554986e-02 -3.863489e-01 -1.546163e-04 -2.354890e-04  6.908157e-02 -3.728172e-01 -8.087264e-05  1.353170e-02  6.019666e-04 -1.546163e-04  5.554986e-02 -3.863489e-01  6.459790e-01  1.161798e-01 -7.912858e-01 -1.213352e-03  2.279680e-02 -3.333393e-02  6.471924e-01  9.338304e-02 -7.579519e-01 
        8   0.00000   0.50524   0.21979   0.00235   0.87694  6.967674e-02 -3.893507e-01 -5.557369e-05  1.355569e-02  6.025831e-04 -7.464439e-05  5.612105e-02 -3.899533e-01  1.907070e-05 -5.557369e-05  6.967674e-02 -3.763976e-01 -7.464439e-05  1.355569e-02  6.025831e-04  1.907070e-05  5.612105e-02 -3.899533e-01  6.711378e-01  1.202069e-01 -7.997625e-01 -1.227512e-03  2.347746e-02 -3.339365e-02  6.723653e-01  9.672946e-02 -7.663689e-01 
        9   0.00000   0.54827   0.21979   0.00235   0.88990  6.310894e-02 -3.915612e-01  3.257878e-04  1.385409e-02  6.652747e-04  7.628447e-05  4.925485e-02 -3.922265e-01  2.495034e-04  3.257878e-04  6.310894e-02 -3.783724e-01  7.628447e-05  1.385409e-02  6.652747e-04  2.495034e-04  4.925485e-02 -3.922265e-01  6.946785e-01  1.113310e-01 -7.902569e-01 -9.862031e-04  2.444272e-02 -3.405907e-02  6.956648e-01  8.688828e-02 -7.561978e-01 
       10   0.00000   0.59129   0.21979   0.00235   0.88992  6.555597e-02 -3.916594e-01  5.163832e-04  1.385594e-02  6.654603e-04  7.854080e-05  5.170003e-02 -3.923249e-01  4.378424e-04  5.163832e-04  6.555597e-02 -3.784690e-01  7.854080e-05  1.385594e-02  6.654603e-04  4.378424e-04  5.170003e-02 -3.923249e-01  7.140793e-01  1.184620e-01 -7.986829e-01 -1.012704e-03  2.510643e-02 -3.406349e-02  7.150920e-01  9.335562e-02 -7.646194e-01 
       11   0.00000   0.63431   0.21979   0.00235   0.89534  6.630672e-02 -3.893291e-01  5.164064e-04  1.396393e-02  6.777171e-04  9.047969e-05  5.234278e-02 -3.900068e-01  4.259267e-04  5.164064e-04  6.630672e-02 -3.760428e-01  9.047969e-05  1.396393e-02  6.777171e-04  4.259267e-04  5.234278e-02 -3.900068e-01  7.284978e-01  1.229912e-01 -7.986769e-01 -1.037310e-03  2.595493e-02 -3.431901e-02  7.295351e-01  9.703623e-02 -7.643579e-01 
       12   0.00000   0.67733   0.21979   0.00235   0.90386  6.823666e-02 -3.847908e-01  5.391369e-04  1.412999e-02  6.969415e-04  2.091507e-04  5.410667e-02 -3.854877e-01  3.299862e-04  5.391369e-04  6.823666e-02 -3.713577e-01  2.091507e-04  1.412999e-02  6.969415e-04  3.299862e-04  5.410667e-02 -3.854877e-01  7.384997e-01  1.298500e-01 -7.983787e-01 -8.068218e-04  2.677456e-02 -3.471140e-02  7.393065e-01  1.030754e-01 -7.636673e-01 
       13   0.00000   0.72036   0.21979   0.00235   0.91098  6.968592e-02 -3.765914e-01  4.200671e-04  1.424707e-02  7.333637e-04  1.457054e-04  5.543885e-02 -3.773248e-01  2.743617e-04  4.200671e-04  6.968592e-02 -3.630778e-01  1.457054e-04  1.424707e-02  7.333637e-04  2.743617e-04  5.543885e-02 -3.773248e-01  7.405319e-01  1.361392e-01 -7.908304e-01 -1.071990e-03  2.777061e-02 -3.495579e-02  7.416039e-01  1.083685e-01 -7.558746e-01 
       14   0.00000   0.76338   0.21979   0.00235   0.91085  6.873536e-02 -3.657363e-01  5.618648e-04  1.418270e-02  7.301114e-04  1.504189e-04  5.455265e-02 -3.664664e-01  4.114459e-04  5.618648e-04  6.873536e-02 -3.522837e-01  1.504189e-04  1.418270e-02  7.301114e-04  4.114459e-04  5.455265e-02 -3.664664e-01  7.370910e-01  1.373028e-01 -7.736685e-01 -1.088664e-03  2.831684e-02 -3.479780e-02  7.381797e-01  1.089860e-01 -7.388707e-01 
       15   0.00000   0.80640   0.21979   0.00235   0.91105  6.794272e-02 -3.487475e-01  7.292342e-04  1.409503e-02  7.284860e-04  1.552847e-04  5.384769e-02 -3.494760e-01  5.739495e-04  7.292342e-04  6.794272e-02 -3.353810e-01  1.552847e-04  1.409503e-02  7.284860e-04  5.739495e-04  5.384769e-02 -3.494760e-01  7.200466e-01  1.386508e-01 -7.461188e-01 -1.107993e-03  2.880868e-02 -3.457861e-02  7.211545e-01  1.098421e-01 -7.115402e-01 
       16   0.00000   0.84942   0.21979   0.00235   0.92467  6.673764e-02 -3.261862e-01  1.125460e-03  1.430701e-02  7.499922e-04  1.638021e-04  5.243063e-02 -3.269361e-01  9.616582e-04  1.125460e-03  6.673764e-02 -3.126291e-01  1.638021e-04  1.430701e-02  7.499922e-04  9.616582e-04  5.243063e-02 -3.269361e-01  6.901776e-01  1.386894e-01 -7.090579e-01 -1.166687e-03  2.991845e-02 -3.508378e-02  6.913443e-01  1.087710e-01 -6.739741e-01 
       17   0.00000   0.89244   0.21979   0.00235   0.92643  6.429295e-02 -2.950702e-01  3.719725e-03  1.420751e-02  7.489803e-04  1.434274e-04  5.008544e-02 -2.958192e-01  3.576298e-03  3.719725e-03  6.429295e-02 -2.816117e-01  1.434274e-04  1.420751e-02  7.489803e-04  3.576298e-03  5.008544e-02 -2.958192e-01  6.452402e-01  1.320773e-01 -6.545812e-01 -1.251895e-03  3.041793e-02 -3.483385e-02  6.464921e-01  1.016593e-01 -6.197474e-01 
       18   0.00000   0.93547   0.21979   0.00235   0.92758  5.844602e-02 -2.496700e-01  1.562207e-02  1.405290e-02  7.517830e-04  1.439065e-04  4.439313e-02 -2.504217e-01  1.547816e-02  1.562207e-02  5.844602e-02 -2.363688e-01  1.439065e-04  1.405290e-02  7.517830e-04  1.547816e-02  4.439313e-02 -2.504217e-01  5.892236e-01  1.015962e-01 -5.680296e-01 -1.292730e-03  3.075708e-02 -3.443934e-02  5.905163e-01  7.083912e-02 -5.335903e-01 
       19   0.00000   0.97849   0.21979   0.00235   0.92767  5.362161e-02 -1.883786e-01  1.266658e-02  1.385626e-02  7.714997e-04  1.077787e-04  3.976534e-02 -1.891501e-01  1.255880e-02  1.266658e-02  5.362161e-02 -1.752939e-01  1.077787e-04  1.385626e-02  7.714997e-04  1.255880e-02  3.976534e-02 -1.891501e-01  4.560056e-01  9.875662e-02 -4.572192e-01 -1.464380e-03  3.103843e-02 -3.391484e-02  4.574699e-01  6.771819e-02 -4.233044e-01 



Time history of loading for wing surface: 8 --> VSP Surface: 8 ... NOTE: values per area! 

  Station    Time       S       Chord     Area      V/Vref        Cx            Cy            Cz           Cxo           Cyo           Czo          Cxi            Cyi           Czi           Cl            Cd            Cs            Clo           Cdo           Cso           Cli           Cdi           Csi           Cmx           Cmy           Cmz          Cmxo          Cmyo          Cmzo          Cmxi          Cmyi          Cmzi 
        1   0.00000   0.11280   0.21979   0.00235   1.18828  5.731565e-02  3.303037e-01 -1.384988e-01  2.156207e-02 -1.371065e-03 -1.353810e-03  3.575359e-02  3.316748e-01 -1.371450e-01 -1.384988e-01  5.731565e-02  3.532369e-01 -1.353810e-03  2.156207e-02 -1.371065e-03 -1.371450e-01  3.575359e-02  3.316748e-01 -1.090672e-01  3.309994e-01  6.556131e-01  5.324147e-03  3.185608e-02  5.253533e-02 -1.143914e-01  2.991433e-01  6.030778e-01 
        2   0.00000   0.24711   0.21979   0.00235   1.18234  1.128454e-01  5.838430e-01 -1.448646e-01  2.246193e-02 -1.525646e-03 -5.885630e-04  9.038344e-02  5.853686e-01 -1.442760e-01 -1.448646e-01  1.128454e-01  6.078306e-01 -5.885630e-04  2.246193e-02 -1.525646e-03 -1.442760e-01  9.038344e-02  5.853686e-01 -4.745283e-01  4.253186e-01  1.227500e+00  3.678824e-03  3.310301e-02  5.459058e-02 -4.782071e-01  3.922155e-01  1.172909e+00 
        3   0.00000   0.29013   0.21979   0.00235   0.96768  1.044841e-01  5.027938e-01 -8.837584e-03  1.633297e-02 -9.846974e-04 -1.043793e-03  8.815115e-02  5.037786e-01 -7.793791e-03 -8.837584e-03  1.044841e-01  5.201116e-01 -1.043793e-03  1.633297e-02 -9.846974e-04 -7.793791e-03  8.815115e-02  5.037786e-01 -7.237291e-01  1.705563e-01  1.085975e+00  4.098704e-03  2.572083e-02  3.987073e-02 -7.278278e-01  1.448355e-01  1.046104e+00 
        4   0.00000   0.33316   0.21979   0.00235   0.86748  7.881866e-02  3.798598e-01 -1.261922e-02  1.328074e-02 -5.734481e-04 -5.243970e-04  6.553792e-02  3.804333e-01 -1.209482e-02 -1.261922e-02  7.881866e-02  3.937140e-01 -5.243970e-04  1.328074e-02 -5.734481e-04 -1.209482e-02  6.553792e-02  3.804333e-01 -5.501654e-01  1.439416e-01  8.092486e-01  2.203541e-03  2.109312e-02  3.274018e-02 -5.523690e-01  1.228485e-01  7.765084e-01 
        5   0.00000   0.37618   0.21979   0.00235   0.83442  4.232994e-02  3.444924e-01 -1.168345e-02  1.234073e-02 -4.740591e-04 -2.240276e-04  2.998921e-02  3.449664e-01 -1.145942e-02 -1.168345e-02  4.232994e-02  3.573072e-01 -2.240276e-04  1.234073e-02 -4.740591e-04 -1.145942e-02  2.998921e-02  3.449664e-01 -5.151846e-01  8.865461e-02  6.523360e-01  1.315159e-03  1.982012e-02  3.050572e-02 -5.164998e-01  6.883449e-02  6.218303e-01 
        6   0.00000   0.41920   0.21979   0.00235   0.85403  5.188149e-02  3.633935e-01 -4.168230e-04  1.288461e-02 -5.220464e-04 -1.816861e-04  3.899688e-02  3.639155e-01 -2.351369e-04 -4.168230e-04  5.188149e-02  3.768001e-01 -1.816861e-04  1.288461e-02 -5.220464e-04 -2.351369e-04  3.899688e-02  3.639155e-01 -5.907557e-01  8.518985e-02  7.105793e-01  1.309046e-03  2.123712e-02  3.181196e-02 -5.920647e-01  6.395273e-02  6.787674e-01 
        7   0.00000   0.46222   0.21979   0.00235   0.87264  6.725362e-02  3.769808e-01 -2.813417e-04  1.338242e-02 -5.857521e-04 -5.934445e-05  5.387120e-02  3.775665e-01 -2.219972e-04 -2.813417e-04  6.725362e-02  3.909490e-01 -5.934445e-05  1.338242e-02 -5.857521e-04 -2.219972e-04  5.387120e-02  3.775665e-01 -6.311646e-01  1.132093e-01  7.728908e-01  1.131790e-03  2.251622e-02  3.297968e-02 -6.322964e-01  9.069309e-02  7.399111e-01 
        8   0.00000   0.50524   0.21979   0.00235   0.87266  6.799279e-02  3.807898e-01 -6.667978e-06  1.340677e-02 -5.875605e-04 -5.315601e-05  5.458602e-02  3.813773e-01  4.648803e-05 -6.667978e-06  6.799279e-02  3.947841e-01 -5.315601e-05  1.340677e-02 -5.875605e-04  4.648803e-05  5.458602e-02  3.813773e-01 -6.564978e-01  1.172223e-01  7.821094e-01  1.147329e-03  2.319040e-02  3.303864e-02 -6.576451e-01  9.403191e-02  7.490707e-01 
        9   0.00000   0.54827   0.21979   0.00235   0.88611  6.153857e-02  3.832933e-01  3.828352e-04  1.371751e-02 -6.560037e-04  9.684710e-05  4.782105e-02  3.839493e-01  2.859881e-04  3.828352e-04  6.153857e-02  3.976668e-01  9.684710e-05  1.371751e-02 -6.560037e-04  2.859881e-04  4.782105e-02  3.839493e-01 -6.801716e-01  1.084526e-01  7.734299e-01  9.178311e-04  2.417171e-02  3.372713e-02 -6.810894e-01  8.428085e-02  7.397028e-01 
       10   0.00000   0.59129   0.21979   0.00235   0.88613  6.404592e-02  3.837368e-01  5.694063e-04  1.372135e-02 -6.565100e-04  9.911127e-05  5.032458e-02  3.843933e-01  4.702950e-04  5.694063e-04  6.404592e-02  3.981147e-01  9.911127e-05  1.372135e-02 -6.565100e-04  4.702950e-04  5.032458e-02  3.843933e-01 -6.997941e-01  1.156253e-01  7.826106e-01  9.444513e-04  2.483248e-02  3.373611e-02 -7.007385e-01  9.079284e-02  7.488745e-01 
       11   0.00000   0.63431   0.21979   0.00235   0.89149  6.498288e-02  3.816960e-01  5.751260e-04  1.382982e-02 -6.689507e-04  1.110273e-04  5.115307e-02  3.823650e-01  4.640987e-04  5.751260e-04  6.498288e-02  3.961948e-01  1.110273e-04  1.382982e-02 -6.689507e-04  4.640987e-04  5.115307e-02  3.823650e-01 -7.143875e-01  1.204206e-01  7.835572e-01  9.690300e-04  2.567545e-02  3.399257e-02 -7.153566e-01  9.474519e-02  7.495646e-01 
       12   0.00000   0.67733   0.21979   0.00235   0.90058  6.683040e-02  3.774205e-01  6.151490e-04  1.401089e-02 -6.824496e-04  2.282452e-04  5.281951e-02  3.781030e-01  3.869039e-04  6.151490e-04  6.683040e-02  3.921139e-01  2.282452e-04  1.401089e-02 -6.824496e-04  3.869039e-04  5.281951e-02  3.781030e-01 -7.245705e-01  1.270286e-01  7.835023e-01  7.308247e-04  2.651947e-02  3.443095e-02 -7.253013e-01  1.005091e-01  7.490714e-01 
       13   0.00000   0.72036   0.21979   0.00235   0.90802  6.836579e-02  3.694777e-01  5.227622e-04  1.413770e-02 -7.191688e-04  1.661962e-04  5.422809e-02  3.701968e-01  3.565660e-04  5.227622e-04  6.836579e-02  3.843345e-01  1.661962e-04  1.413770e-02 -7.191688e-04  3.565660e-04  5.422809e-02  3.701968e-01 -7.268197e-01  1.333734e-01  7.765852e-01  9.923543e-04  2.752697e-02  3.469953e-02 -7.278120e-01  1.058464e-01  7.418856e-01 
       14   0.00000   0.76338   0.21979   0.00235   0.90790  6.741226e-02  3.587348e-01  6.981426e-04  1.407495e-02 -7.153829e-04  1.707846e-04  5.333732e-02  3.594502e-01  5.273580e-04  6.981426e-04  6.741226e-02  3.735252e-01  1.707846e-04  1.407495e-02 -7.153829e-04  5.273580e-04  5.333732e-02  3.594502e-01 -7.233486e-01  1.344068e-01  7.595258e-01  1.007592e-03  2.807138e-02  3.454635e-02 -7.243562e-01  1.063355e-01  7.249794e-01 
       15   0.00000   0.80640   0.21979   0.00235   0.90811  6.649677e-02  3.418456e-01  9.210768e-04  1.398921e-02 -7.126403e-04  1.758480e-04  5.250757e-02  3.425583e-01  7.452288e-04  9.210768e-04  6.649677e-02  3.565475e-01  1.758480e-04  1.398921e-02 -7.126403e-04  7.452288e-04  5.250757e-02  3.425583e-01 -7.063137e-01  1.353385e-01  7.317421e-01  1.023415e-03  2.856176e-02  3.433362e-02 -7.073372e-01  1.067767e-01  6.974085e-01 
       16   0.00000   0.84942   0.21979   0.00235   0.92224  6.514862e-02  3.193838e-01  1.414010e-03  1.421537e-02 -7.333298e-04  1.842034e-04  5.093325e-02  3.201172e-01  1.229807e-03  1.414010e-03  6.514862e-02  3.343325e-01  1.842034e-04  1.421537e-02 -7.333298e-04  1.229807e-03  5.093325e-02  3.201172e-01 -6.765677e-01  1.348292e-01  6.943610e-01  1.080039e-03  2.969658e-02  3.487578e-02 -6.776478e-01  1.051326e-01  6.594852e-01 
       17   0.00000   0.89244   0.21979   0.00235   0.92412  6.263698e-02  2.885531e-01  4.141180e-03  1.412252e-02 -7.314952e-04  1.637126e-04  4.851447e-02  2.892846e-01  3.977467e-03  4.141180e-03  6.263698e-02  3.034071e-01  1.637126e-04  1.412252e-02 -7.314952e-04  3.977467e-03  4.851447e-02  2.892846e-01 -6.322547e-01  1.277485e-01  6.400456e-01  1.162968e-03  3.020616e-02  3.464380e-02 -6.334177e-01  9.754233e-02  6.054018e-01 
       18   0.00000   0.93547   0.21979   0.00235   0.92532  5.665863e-02  2.435099e-01  1.604207e-02  1.397432e-02 -7.323311e-04  1.645878e-04  4.268431e-02  2.442422e-01  1.587748e-02  1.604207e-02  5.665863e-02  2.582165e-01  1.645878e-04  1.397432e-02 -7.323311e-04  1.587748e-02  4.268431e-02  2.442422e-01 -5.767103e-01  9.688509e-02  5.535423e-01  1.197633e-03  3.055481e-02  3.426826e-02 -5.779080e-01  6.633028e-02  5.192741e-01 
       19   0.00000   0.97849   0.21979   0.00235   0.92546  5.209339e-02  1.839555e-01  1.285245e-02  1.378851e-02 -7.507741e-04  1.292215e-04  3.830489e-02  1.847062e-01  1.272323e-02  1.285245e-02  5.209339e-02  1.984947e-01  1.292215e-04  1.378851e-02 -7.507741e-04  1.272323e-02  3.830489e-02  1.847062e-01 -4.465327e-01  9.497709e-02  4.461201e-01  1.363561e-03  3.085568e-02  3.377289e-02 -4.478963e-01  6.412141e-02  4.123472e-01 
