Results_Name,VSPAERO_History
Results_Timestamp,1756636020
Results_Date,8,31,2025
Results_Time,12,27,0
CMxo,-8.788443000000000383e-05,-1.126069100000000084e-05,-9.822911000000000522e-06,-1.148122859999999934e-04,1.841512109999999896e-04,3.206612000000000259e-05,7.727454099999999900e-05,-7.312906000000000148e-05,-2.878622000000000033e-06,2.264696459999999967e-04,-7.553977049999999931e-04,-9.611192099999999448e-05,-4.457929099999999724e-05,4.923613000000000322e-05,1.760256600000000015e-05,-2.013015830000000042e-04,9.679216499999999555e-05,2.176796360000000073e-04,9.684742000000000524e-05,1.527882210000000129e-04,-1.386211799999999988e-05,7.206511700000000210e-05,-2.647486440000000087e-04,2.311113399999999935e-05,-3.181317680000000014e-04,-1.180745299999999979e-05,1.108925680000000019e-04,4.975144919999999931e-04,2.683168159999999892e-04,1.540927410000000083e-04,3.381402499999999886e-04,-2.828549380000000188e-04,-1.369946120000000041e-04,-1.691127129999999866e-04,-1.852511639999999873e-04
CMzi,-3.477246277250000128e-01,-3.591951768030000047e-01,-3.836488296519999786e-01,-2.719043031400000254e-01,-2.553630323139999825e-01,-4.307095797080000010e-01,-3.743743552939999830e-01,-3.704668647480000021e-01,-3.591775941779999926e-01,-3.882232566209999902e-01,-3.668955481080000136e-01,-3.608895469719999860e-01,-3.647529252469999816e-01,-3.249472940959999834e-01,-3.432380358050000080e-01,-3.061988274290000089e-01,-3.376522850590000235e-01,-3.747465293739999925e-01,-3.015243186229999983e-01,-3.666575392359999741e-01,-3.639994696289999832e-01,-3.771806639690000185e-01,-3.420101341239999981e-01,-4.299829920830000041e-01,-2.078874156630000081e-01,-4.002949569640000260e-01,-3.585656616260000096e-01,-3.294557556370000251e-01,-3.116815471739999843e-01,-3.492684240139999896e-01,-3.930143480859999983e-01,-4.034893106699999898e-01,-3.860117654040000068e-01,-3.831824899310000143e-01,-3.892590893980000244e-01
CFy,3.574942309000000290e-02,2.578092907400000161e-02,1.106119815500000020e-02,-5.094314203499999971e-02,5.053353926399999779e-02,3.835434270299999809e-02,1.114271894400000081e-02,-4.976140139000000129e-02,-3.861355596499999737e-02,-6.479030028799999397e-02,-4.228120921299999974e-02,-1.134077106200000011e-02,-1.766525911199999868e-02,4.530192511299999808e-02,3.326123808599999732e-02,-2.355290938000000056e-03,-3.336665327700000239e-02,-2.982183265999999860e-02,4.813324542399999989e-02,-3.885936147699999704e-02,1.241934264800000076e-02,-8.383014914899999948e-02,-1.399510762199999980e-01,-3.307892736100000175e-02,-1.552579837489999892e-01,-2.825430808699999977e-02,2.118179155100000099e-02,1.998296714330000112e-01,1.922903917459999890e-01,8.664240265200000291e-02,1.233470834280000067e-01,-4.026808914700000241e-02,-8.527370428800000457e-02,-8.715046673699999857e-02,-5.964598398999999829e-02
CFx,2.337747867420000014e-01,2.408244686500000120e-01,2.671113215109999772e-01,1.884949209329999931e-01,3.045169368749999772e-01,3.859918712150000042e-01,3.036467901100000089e-01,3.162535585080000211e-01,2.533556009119999897e-01,2.881712072100000022e-01,2.908515233539999967e-01,2.878966673919999830e-01,2.701008142569999992e-01,2.848357719890000084e-01,2.924324442949999825e-01,2.541708530219999873e-01,2.744188813430000207e-01,2.414470019999999939e-01,2.448788811539999999e-01,1.835043546519999902e-01,2.555155007109999876e-01,2.784406890639999910e-01,2.185672857390000001e-01,2.359482274209999952e-01,5.650712938199999869e-01,2.096590112379999871e-01,2.305776789320000131e-01,2.209959951500000130e-01,2.931241715619999910e-01,2.236638340719999951e-01,3.774307536750000081e-01,2.125766123579999889e-01,2.558201380510000122e-01,2.579282830310000163e-01,2.567707171920000087e-01
CFzi,-1.638609774400000108e+00,-1.703517292948000028e+00,-1.723050385570999987e+00,-1.654809064514999983e+00,-1.564485367057999898e+00,-1.814240470062999933e+00,-1.790830043226000035e+00,-1.888052578044000063e+00,-1.805396793764999952e+00,-1.802909017156999916e+00,-1.887379763348000061e+00,-1.837651169491999914e+00,-1.727217174008000011e+00,-1.535428761271999898e+00,-1.631019064655000017e+00,-1.657687046988000068e+00,-1.812223805806000065e+00,-1.837625799575999919e+00,-1.838800948982000083e+00,-1.780997789651000085e+00,-1.808277032829000097e+00,-1.733356965945000105e+00,-1.684830446044000007e+00,-1.621209008282000097e+00,-1.800045084134000106e+00,-1.806771905239000109e+00,-1.931399499427999933e+00,-1.867940807262000069e+00,-1.761052564637999973e+00,-1.703826399815999926e+00,-1.761699130797000024e+00,-1.794866093406999985e+00,-1.841611943471000101e+00,-1.778447381681000028e+00,-1.835649416514999910e+00
CFyi,3.591552188100000098e-02,2.598437370000000052e-02,1.122813890900000063e-02,-5.062635270699999968e-02,5.025132356400000000e-02,3.849480038900000151e-02,1.123259794699999967e-02,-4.961320648599999716e-02,-3.884769542400000331e-02,-6.538239036199999799e-02,-3.990305583599999817e-02,-1.127604092899999952e-02,-1.759557102100000117e-02,4.528007298799999886e-02,3.305682733200000084e-02,-2.140607939999999813e-03,-3.375175994900000281e-02,-2.997754870600000121e-02,4.800461990200000084e-02,-3.957738771899999702e-02,1.302529269000000066e-02,-8.389173129499999382e-02,-1.392538589710000108e-01,-3.391705467199999935e-02,-1.545412374529999966e-01,-2.875422354100000064e-02,2.118502221699999910e-02,1.994968537880000004e-01,1.925427999069999896e-01,8.699225688099999909e-02,1.226115211380000014e-01,-3.990450520399999729e-02,-8.525413855199999447e-02,-8.717425721799999805e-02,-5.946341647000000230e-02
CFzo,6.799879031999999865e-03,6.720466797000000311e-03,6.930516236999999767e-03,6.642585430000000346e-03,5.739682486000000083e-03,5.927323584999999798e-03,5.671215361000000142e-03,5.504309035999999621e-03,5.392012756000000295e-03,6.320482821000000286e-03,9.887954605000000632e-03,7.582968883000000201e-03,7.206249791999999946e-03,6.860702867999999774e-03,6.536582305000000065e-03,5.646597407000000270e-03,5.407950937000000069e-03,5.824423324999999582e-03,6.312736783000000122e-03,6.495128795999999607e-03,6.585609333999999614e-03,6.468273981999999624e-03,5.960301763999999863e-03,5.806891354999999671e-03,5.727111105999999584e-03,5.622900543000000119e-03,6.163752792999999640e-03,6.198436231999999817e-03,6.361233709999999757e-03,6.210802807000000321e-03,6.076374215999999842e-03,6.431048267000000207e-03,6.089689684999999991e-03,5.906742371000000234e-03,5.816996886000000422e-03
CFxo,5.354481920100000181e-02,5.295447814300000000e-02,5.309106252000000276e-02,5.275262630799999741e-02,5.321736040399999840e-02,5.338319151700000181e-02,5.333060061500000115e-02,5.364746613899999683e-02,5.305314803700000165e-02,5.444590105299999816e-02,6.058283139199999862e-02,5.466196143000000285e-02,5.371076314800000279e-02,5.333614348299999669e-02,5.310946936299999754e-02,5.236099213900000104e-02,5.285054542400000055e-02,5.297929065800000004e-02,5.329437653699999750e-02,5.336746237199999771e-02,5.346967390000000042e-02,5.288195762299999908e-02,5.313717126700000237e-02,5.312691394900000141e-02,5.443193265400000230e-02,5.435028083900000223e-02,5.400273408200000069e-02,5.495601273700000122e-02,5.382763179399999848e-02,5.337573776699999772e-02,5.380207483700000237e-02,5.345048931400000342e-02,5.368475608199999721e-02,5.314296889299999910e-02,5.314541422900000145e-02
CMz,-3.477696560910000234e-01,-3.592361957079999724e-01,-3.836710104769999741e-01,-2.720085499939999818e-01,-2.553988800779999901e-01,-4.306300444669999838e-01,-3.743039942709999734e-01,-3.706381046900000253e-01,-3.594221687299999912e-01,-3.880437189400000042e-01,-3.653354530169999892e-01,-3.607503430969999925e-01,-3.646609314040000216e-01,-3.251789197630000072e-01,-3.431674954069999783e-01,-3.063496686609999964e-01,-3.378398540129999850e-01,-3.748608238569999807e-01,-3.014901116500000033e-01,-3.665545214939999741e-01,-3.637736821270000087e-01,-3.771255749369999966e-01,-3.423629827599999897e-01,-4.301014395860000006e-01,-2.079408538879999879e-01,-4.006180375410000050e-01,-3.586946527489999759e-01,-3.289573262630000050e-01,-3.114476386419999798e-01,-3.493021319460000162e-01,-3.933735704140000067e-01,-4.034755077350000163e-01,-3.861840298009999728e-01,-3.833365627149999955e-01,-3.891828987659999850e-01
CMy,3.722326561420000179e-01,3.692051148030000007e-01,3.592105861170000192e-01,-6.564305853000000635e-02,-5.910533018900000074e-02,9.943984296699999448e-02,1.923660634599999864e-01,5.436530402289999619e-01,3.447545271990000160e-01,4.642824493859999957e-01,3.202699820709999923e-01,3.550573189499999782e-01,3.441401104699999824e-01,9.347145358300000539e-02,1.450543411490000101e-01,1.305735145109999940e-01,1.054974578620000020e-01,-6.888095308000000139e-02,3.603093607119999819e-01,2.573749448670000217e-01,3.457172122530000058e-01,1.751390266470000123e-01,2.386052020270000018e-01,3.061839450320000267e-01,1.370467247749999895e-01,4.417260056849999783e-01,4.838297575930000094e-01,4.015305330819999852e-01,1.858122246320000059e-01,8.379579697700000052e-02,1.755458240380000090e-01,1.489128540670000000e-01,-2.486963720700000047e-02,9.008197012200000464e-02,3.727100910880000173e-01
E,1.167295796020999976e+00,1.210298579098999960e+00,1.086920833151000076e+00,1.580656274525999994e+00,7.631468183520000448e-01,7.753770927099999932e-01,1.003868085961999945e+00,1.063604619329999945e+00,1.275016807464000035e+00,1.089679367920000086e+00,1.212105824365000029e+00,1.134461649626999913e+00,1.080223073144999990e+00,7.979320108509999621e-01,8.709445900040000410e-01,1.066889764304999932e+00,1.161375900754999968e+00,1.403893121125999954e+00,1.382820794521000041e+00,1.909779262540000078e+00,1.268051498508000030e+00,1.043694081031000032e+00,1.344481024810000092e+00,1.126439925961000066e+00,4.971750439829999979e-01,1.646901525265000110e+00,1.655282003718000050e+00,1.646532792854999983e+00,1.015465243319999988e+00,1.335744022762000105e+00,7.514036900480000059e-01,1.586278612672000099e+00,1.314651828701999925e+00,1.210152426035000062e+00,1.296595713055999965e+00
L/D,-7.009352023105000384e+00,-7.073688576994999977e+00,-6.450682718438000229e+00,-8.779064477289999502e+00,-5.137597215821999797e+00,-4.700203826446999855e+00,-5.897740735464999773e+00,-5.970059552688000259e+00,-7.125939932905000163e+00,-6.256381526142999583e+00,-6.489152064884000204e+00,-6.383023416482999757e+00,-6.394712947300000394e+00,-5.390575595728000380e+00,-5.577421713877999565e+00,-6.521939975718000326e+00,-6.603859752428999919e+00,-7.610886796489999995e+00,-7.509022175845999847e+00,-9.705479703870999231e+00,-7.076975869554000376e+00,-6.225228689707000385e+00,-7.708520698103000335e+00,-6.871037032150000279e+00,-3.185518542211999815e+00,-8.617668730645000608e+00,-8.376350687430999642e+00,-8.452374016978000171e+00,-6.007872210782999822e+00,-7.617800199504999981e+00,-4.667608862403000103e+00,-8.443384592012000311e+00,-7.198854466667000018e+00,-6.895123562192000399e+00,-7.148982705605000376e+00
AnalysisMethod,0
FC_Vinf_,1.000000000000000000e+02
FC_Beta_,0.000000000000000000e+00
FC_Rho_,2.377000000000000206e-03
CDt,2.637649994660000163e-01,2.773970794549999730e-01,2.699326103299999891e-01,2.586207987460000246e-01,2.587717933509999790e-01,3.238153943930000001e-01,2.775641572399999979e-01,2.692492310749999840e-01,2.437582202499999906e-01,2.658809436299999773e-01,4.901929120490000069e-01,3.270140190349999920e-01,3.151659960300000063e-01,2.962886970320000035e-01,2.830482483519999870e-01,2.513383371619999918e-01,2.864191364320000099e-01,2.504925414340000156e-01,2.666318492309999733e-01,2.985958765899999756e-01,3.417174863440000099e-01,2.791544210790000147e-01,2.643563154620000022e-01,2.890913355340000157e-01,2.929256310439999900e-01,3.299238864510000147e-01,3.038470891450000266e-01,2.859299322969999779e-01,2.988752612939999942e-01,2.749385429110000056e-01,2.834842263930000272e-01,2.871487742470000271e-01,3.016639651029999758e-01,2.681225616860000160e-01,2.386935448910000035e-01
FC_Mach_,5.000000000000000278e-02
Mach,5.000000000000000278e-02,5.000000000000000278e-02,5.000000000000000278e-02,5.000000000000000278e-02,5.000000000000000278e-02,5.000000000000000278e-02,5.000000000000000278e-02,5.000000000000000278e-02,5.000000000000000278e-02,5.000000000000000278e-02,5.000000000000000278e-02,5.000000000000000278e-02,5.000000000000000278e-02,5.000000000000000278e-02,5.000000000000000278e-02,5.000000000000000278e-02,5.000000000000000278e-02,5.000000000000000278e-02,5.000000000000000278e-02,5.000000000000000278e-02,5.000000000000000278e-02,5.000000000000000278e-02,5.000000000000000278e-02,5.000000000000000278e-02,5.000000000000000278e-02,5.000000000000000278e-02,5.000000000000000278e-02,5.000000000000000278e-02,5.000000000000000278e-02,5.000000000000000278e-02,5.000000000000000278e-02,5.000000000000000278e-02,5.000000000000000278e-02,5.000000000000000278e-02,5.000000000000000278e-02
FC_AoA_,0.000000000000000000e+00
CMzo,-4.502836500000000167e-05,-4.101890500000000161e-05,-2.218082600000000060e-05,-1.042468539999999937e-04,-3.584776299999999799e-05,7.953524199999999862e-05,7.036102200000000635e-05,-1.712399410000000125e-04,-2.445745520000000236e-04,1.795376810000000019e-04,1.560095090999999911e-03,1.392038749999999886e-04,9.199384199999999484e-05,-2.316256669999999969e-04,7.054039799999999418e-05,-1.508412309999999999e-04,-1.875689540000000002e-04,-1.142944829999999949e-04,3.420697299999999908e-05,1.030177419999999961e-04,2.257875029999999942e-04,5.508903200000000148e-05,-3.528486360000000137e-04,-1.184475029999999953e-04,-5.343822500000000114e-05,-3.230805769999999747e-04,-1.289911230000000087e-04,4.984293730000000219e-04,2.339085319999999993e-04,-3.370793199999999709e-05,-3.592223290000000108e-04,1.380293500000000035e-05,-1.722643970000000020e-04,-1.540727840000000095e-04,7.619063199999999609e-05
CFyo,-1.660987910000000050e-04,-2.034446249999999953e-04,-1.669407539999999933e-04,-3.167893279999999825e-04,2.822157000000000159e-04,-1.404576859999999970e-04,-8.987900299999999941e-05,-1.481949040000000040e-04,2.341394580000000019e-04,5.920900740000000070e-04,-2.378153377999999828e-03,-6.473013199999999969e-05,-6.968809199999999923e-05,2.185212499999999875e-05,2.044107539999999988e-04,-2.146829979999999988e-04,3.851066729999999896e-04,1.557160460000000038e-04,1.286255219999999971e-04,7.180262419999999812e-04,-6.059500420000000056e-04,6.158214499999999753e-05,-6.972172479999999605e-04,8.381273109999999842e-04,-7.167462959999999945e-04,4.999154540000000022e-04,-3.230666000000000164e-06,3.328176449999999792e-04,-2.524081619999999759e-04,-3.498542289999999810e-04,7.355622899999999685e-04,-3.635839439999999736e-04,-1.956573599999999986e-05,2.379048100000000001e-05,-1.825675199999999979e-04
CS,3.574942309000000290e-02,2.578092907400000161e-02,1.106119815500000020e-02,-5.094314203499999971e-02,5.053353926399999779e-02,3.835434270299999809e-02,1.114271894400000081e-02,-4.976140139000000129e-02,-3.861355596499999737e-02,-6.479030028799999397e-02,-4.228120921299999974e-02,-1.134077106200000011e-02,-1.766525911199999868e-02,4.530192511299999808e-02,3.326123808599999732e-02,-2.355290938000000056e-03,-3.336665327700000239e-02,-2.982183265999999860e-02,4.813324542399999989e-02,-3.885936147699999704e-02,1.241934264800000076e-02,-8.383014914899999948e-02,-1.399510762199999980e-01,-3.307892736100000175e-02,-1.552579837489999892e-01,-2.825430808699999977e-02,2.118179155100000099e-02,1.998296714330000112e-01,1.922903917459999890e-01,8.664240265200000291e-02,1.233470834280000067e-01,-4.026808914700000241e-02,-8.527370428800000457e-02,-8.715046673699999857e-02,-5.964598398999999829e-02
FC_Zcg_,3.058170000000000055e-01
FC_Roll__Rate,0.000000000000000000e+00
CLi,-1.638609774400000108e+00,-1.703517292948000028e+00,-1.723050385570999987e+00,-1.654809064514999983e+00,-1.564485367057999898e+00,-1.814240470062999933e+00,-1.790830043226000035e+00,-1.888052578044000063e+00,-1.805396793764999952e+00,-1.802909017156999916e+00,-1.887379763348000061e+00,-1.837651169491999914e+00,-1.727217174008000011e+00,-1.535428761271999898e+00,-1.631019064655000017e+00,-1.657687046988000068e+00,-1.812223805806000065e+00,-1.837625799575999919e+00,-1.838800948982000083e+00,-1.780997789651000085e+00,-1.808277032829000097e+00,-1.733356965945000105e+00,-1.684830446044000007e+00,-1.621209008282000097e+00,-1.800045084134000106e+00,-1.806771905239000109e+00,-1.931399499427999933e+00,-1.867940807262000069e+00,-1.761052564637999973e+00,-1.703826399815999926e+00,-1.761699130797000024e+00,-1.794866093406999985e+00,-1.841611943471000101e+00,-1.778447381681000028e+00,-1.835649416514999910e+00
FC_Ycg_,0.000000000000000000e+00
FC_Cref_,3.200000000000000067e-01
CSi,3.591552188100000098e-02,2.598437370000000052e-02,1.122813890900000063e-02,-5.062635270699999968e-02,5.025132356400000000e-02,3.849480038900000151e-02,1.123259794699999967e-02,-4.961320648599999716e-02,-3.884769542400000331e-02,-6.538239036199999799e-02,-3.990305583599999817e-02,-1.127604092899999952e-02,-1.759557102100000117e-02,4.528007298799999886e-02,3.305682733200000084e-02,-2.140607939999999813e-03,-3.375175994900000281e-02,-2.997754870600000121e-02,4.800461990200000084e-02,-3.957738771899999702e-02,1.302529269000000066e-02,-8.389173129499999382e-02,-1.392538589710000108e-01,-3.391705467199999935e-02,-1.545412374529999966e-01,-2.875422354100000064e-02,2.118502221699999910e-02,1.994968537880000004e-01,1.925427999069999896e-01,8.699225688099999909e-02,1.226115211380000014e-01,-3.990450520399999729e-02,-8.525413855199999447e-02,-8.717425721799999805e-02,-5.946341647000000230e-02
CDi,1.802299675410000135e-01,1.878699905060000064e-01,2.140202589909999953e-01,1.357422946259999874e-01,2.512995764700000079e-01,3.326086796980000093e-01,2.503161894950000077e-01,2.626060923690000104e-01,2.003024528759999867e-01,2.337253061569999901e-01,2.302686919620000050e-01,2.332347059629999997e-01,2.163900511090000034e-01,2.314996285060000047e-01,2.393229749319999988e-01,2.018098608829999863e-01,2.215683359189999924e-01,1.884677113419999939e-01,1.915845046169999955e-01,1.301368922799999994e-01,2.020458268110000011e-01,2.255587314420000045e-01,1.654301144720000116e-01,1.828213134730000133e-01,5.106393611659999499e-01,1.553087303980000000e-01,1.765749448499999985e-01,1.660399824129999979e-01,2.392965397679999995e-01,1.702880963060000030e-01,3.236286788380000057e-01,1.591261230440000063e-01,2.021353819689999942e-01,2.047853141379999964e-01,2.036253029639999990e-01
FC_Xcg_,2.954149999999999832e-01
T/QS,0.000000000000000000e+00,0.000000000000000000e+00,0.000000000000000000e+00,0.000000000000000000e+00,0.000000000000000000e+00,0.000000000000000000e+00,0.000000000000000000e+00,0.000000000000000000e+00,0.000000000000000000e+00,0.000000000000000000e+00,0.000000000000000000e+00,0.000000000000000000e+00,0.000000000000000000e+00,0.000000000000000000e+00,0.000000000000000000e+00,0.000000000000000000e+00,0.000000000000000000e+00,0.000000000000000000e+00,0.000000000000000000e+00,0.000000000000000000e+00,0.000000000000000000e+00,0.000000000000000000e+00,0.000000000000000000e+00,0.000000000000000000e+00,0.000000000000000000e+00,0.000000000000000000e+00,0.000000000000000000e+00,0.000000000000000000e+00,0.000000000000000000e+00,0.000000000000000000e+00,0.000000000000000000e+00,0.000000000000000000e+00,0.000000000000000000e+00,0.000000000000000000e+00,0.000000000000000000e+00
FC_Sref_,4.159999999999999809e-01
FC_Pitch_Rate,0.000000000000000000e+00
FC_Yaw___Rate,0.000000000000000000e+00
CFxi,1.802299675410000135e-01,1.878699905060000064e-01,2.140202589909999953e-01,1.357422946259999874e-01,2.512995764700000079e-01,3.326086796980000093e-01,2.503161894950000077e-01,2.626060923690000104e-01,2.003024528759999867e-01,2.337253061569999901e-01,2.302686919620000050e-01,2.332347059629999997e-01,2.163900511090000034e-01,2.314996285060000047e-01,2.393229749319999988e-01,2.018098608829999863e-01,2.215683359189999924e-01,1.884677113419999939e-01,1.915845046169999955e-01,1.301368922799999994e-01,2.020458268110000011e-01,2.255587314420000045e-01,1.654301144720000116e-01,1.828213134730000133e-01,5.106393611659999499e-01,1.553087303980000000e-01,1.765749448499999985e-01,1.660399824129999979e-01,2.392965397679999995e-01,1.702880963060000030e-01,3.236286788380000057e-01,1.591261230440000063e-01,2.021353819689999942e-01,2.047853141379999964e-01,2.036253029639999990e-01
WakeIter,1,2,3,4,5,6,7,8,9,10,11,12,13,14,15,16,17,18,19,20,21,22,23,24,25,26,27,28,29,30,31,32,33,34,35
Beta,0.000000000000000000e+00,0.000000000000000000e+00,0.000000000000000000e+00,0.000000000000000000e+00,0.000000000000000000e+00,0.000000000000000000e+00,0.000000000000000000e+00,0.000000000000000000e+00,0.000000000000000000e+00,0.000000000000000000e+00,0.000000000000000000e+00,0.000000000000000000e+00,0.000000000000000000e+00,0.000000000000000000e+00,0.000000000000000000e+00,0.000000000000000000e+00,0.000000000000000000e+00,0.000000000000000000e+00,0.000000000000000000e+00,0.000000000000000000e+00,0.000000000000000000e+00,0.000000000000000000e+00,0.000000000000000000e+00,0.000000000000000000e+00,0.000000000000000000e+00,0.000000000000000000e+00,0.000000000000000000e+00,0.000000000000000000e+00,0.000000000000000000e+00,0.000000000000000000e+00,0.000000000000000000e+00,0.000000000000000000e+00,0.000000000000000000e+00,0.000000000000000000e+00,0.000000000000000000e+00
FC_ReCref_,4.331490000000000000e+05
CMx,-1.466978075399999991e-02,-2.656036871000000063e-03,-4.460755168500000339e-02,-7.794369987400000255e-02,-5.469962968199999775e-02,-3.711762370800000127e-02,-4.391700204300000299e-02,-5.254763012699999875e-02,1.191042615000000027e-02,-3.001633633699999845e-02,-5.217640409799999962e-02,-1.908109092699999954e-02,-1.370206066899999978e-02,-6.524584134999999833e-03,-1.544442421800000000e-02,-4.702364148500000340e-02,-8.549975924600000665e-02,-1.063082874739999933e-01,-4.516774235599999715e-02,-2.148737108300000087e-02,4.780342754800000205e-02,5.017527245999999809e-03,-5.108643764600000192e-02,-1.427264683849999993e-01,-7.457344918199999839e-02,-1.087351832550000064e-01,-9.078091851700000048e-02,-5.282943397999999985e-02,-2.748452483999999987e-03,2.358211911000000077e-03,-2.669341095000000042e-03,2.910139781600000128e-02,4.966007679000000036e-03,-3.245166818499999745e-02,-3.380003771600000040e-02
Alpha,0.000000000000000000e+00,0.000000000000000000e+00,0.000000000000000000e+00,0.000000000000000000e+00,0.000000000000000000e+00,0.000000000000000000e+00,0.000000000000000000e+00,0.000000000000000000e+00,0.000000000000000000e+00,0.000000000000000000e+00,0.000000000000000000e+00,0.000000000000000000e+00,0.000000000000000000e+00,0.000000000000000000e+00,0.000000000000000000e+00,0.000000000000000000e+00,0.000000000000000000e+00,0.000000000000000000e+00,0.000000000000000000e+00,0.000000000000000000e+00,0.000000000000000000e+00,0.000000000000000000e+00,0.000000000000000000e+00,0.000000000000000000e+00,0.000000000000000000e+00,0.000000000000000000e+00,0.000000000000000000e+00,0.000000000000000000e+00,0.000000000000000000e+00,0.000000000000000000e+00,0.000000000000000000e+00,0.000000000000000000e+00,0.000000000000000000e+00,0.000000000000000000e+00,0.000000000000000000e+00
CMxi,-1.458189632399999915e-02,-2.644776179999999872e-03,-4.459772877399999919e-02,-7.782888758799999529e-02,-5.488378089300000040e-02,-3.714968982800000152e-02,-4.399427658399999996e-02,-5.247450106599999692e-02,1.191330477300000037e-02,-3.024280598299999845e-02,-5.142100639200000017e-02,-1.898497900600000163e-02,-1.365748137800000019e-02,-6.573820265000000426e-03,-1.546202678499999927e-02,-4.682233990200000001e-02,-8.559655141100000475e-02,-1.065259671099999944e-01,-4.526458977600000128e-02,-2.164015930400000134e-02,4.781728966599999714e-02,4.945462129000000213e-03,-5.082168900299999931e-02,-1.427495795189999972e-01,-7.425531741499999394e-02,-1.087233758020000052e-01,-9.089181108499999606e-02,-5.332694847200000060e-02,-3.016769299999999977e-03,2.204119169999999798e-03,-3.007481344000000143e-03,2.938425275400000092e-02,5.103002290999999850e-03,-3.228255547199999909e-02,-3.361478655200000193e-02
CSo,-1.660987910000000050e-04,-2.034446249999999953e-04,-1.669407539999999933e-04,-3.167893279999999825e-04,2.822157000000000159e-04,-1.404576859999999970e-04,-8.987900299999999941e-05,-1.481949040000000040e-04,2.341394580000000019e-04,5.920900740000000070e-04,-2.378153377999999828e-03,-6.473013199999999969e-05,-6.968809199999999923e-05,2.185212499999999875e-05,2.044107539999999988e-04,-2.146829979999999988e-04,3.851066729999999896e-04,1.557160460000000038e-04,1.286255219999999971e-04,7.180262419999999812e-04,-6.059500420000000056e-04,6.158214499999999753e-05,-6.972172479999999605e-04,8.381273109999999842e-04,-7.167462959999999945e-04,4.999154540000000022e-04,-3.230666000000000164e-06,3.328176449999999792e-04,-2.524081619999999759e-04,-3.498542289999999810e-04,7.355622899999999685e-04,-3.635839439999999736e-04,-1.956573599999999986e-05,2.379048100000000001e-05,-1.825675199999999979e-04
CLo,6.799879031999999865e-03,6.720466797000000311e-03,6.930516236999999767e-03,6.642585430000000346e-03,5.739682486000000083e-03,5.927323584999999798e-03,5.671215361000000142e-03,5.504309035999999621e-03,5.392012756000000295e-03,6.320482821000000286e-03,9.887954605000000632e-03,7.582968883000000201e-03,7.206249791999999946e-03,6.860702867999999774e-03,6.536582305000000065e-03,5.646597407000000270e-03,5.407950937000000069e-03,5.824423324999999582e-03,6.312736783000000122e-03,6.495128795999999607e-03,6.585609333999999614e-03,6.468273981999999624e-03,5.960301763999999863e-03,5.806891354999999671e-03,5.727111105999999584e-03,5.622900543000000119e-03,6.163752792999999640e-03,6.198436231999999817e-03,6.361233709999999757e-03,6.210802807000000321e-03,6.076374215999999842e-03,6.431048267000000207e-03,6.089689684999999991e-03,5.906742371000000234e-03,5.816996886000000422e-03
CMyi,4.005599931989999862e-01,3.971529954290000108e-01,3.873635056949999989e-01,-3.786494544099999748e-02,-3.133226798299999782e-02,1.274026873280000027e-01,2.202370453370000036e-01,5.716704166660000475e-01,3.721878291469999933e-01,4.928526579029999799e-01,3.535436432940000095e-01,3.843340807280000160e-01,3.727464475180000125e-01,1.217102711980000002e-01,1.730937395150000113e-01,1.576905039179999912e-01,1.328261115580000040e-01,-4.128143978399999997e-02,3.882835913680000028e-01,2.855043999929999798e-01,3.739701663159999967e-01,2.029655395839999876e-01,2.663759482799999967e-01,3.338013558080000220e-01,1.655341189410000080e-01,4.700660596360000110e-01,5.121589907510000206e-01,4.304484120839999761e-01,2.142032020640000090e-01,1.118458310529999999e-01,2.037707363909999903e-01,1.770468258529999950e-01,3.284653400999999924e-03,1.178446162170000006e-01,4.004483441350000228e-01
CL,-1.631809895368000030e+00,-1.696796826151999893e+00,-1.716119869334999937e+00,-1.648166479086000002e+00,-1.558745684572000023e+00,-1.808313146478000011e+00,-1.785158827864999909e+00,-1.882548269007999986e+00,-1.800004781007999988e+00,-1.796588534335000098e+00,-1.877491808742000057e+00,-1.830068200609000106e+00,-1.720010924215999992e+00,-1.528568058405000096e+00,-1.624482482349999923e+00,-1.652040449580999937e+00,-1.806815854869000093e+00,-1.831801376250000057e+00,-1.832488212199000044e+00,-1.774502660855000080e+00,-1.801691423495000111e+00,-1.726888691961999900e+00,-1.678870144280000032e+00,-1.615402116927999954e+00,-1.794317973028999980e+00,-1.801149004695999922e+00,-1.925235746635000078e+00,-1.861742371030000065e+00,-1.754691330927999893e+00,-1.697615597009999977e+00,-1.755622756581000088e+00,-1.788435045139999957e+00,-1.835522253786000091e+00,-1.772540639310000055e+00,-1.829832419628999896e+00
CFz,-1.631809895368000030e+00,-1.696796826151999893e+00,-1.716119869334999937e+00,-1.648166479086000002e+00,-1.558745684572000023e+00,-1.808313146478000011e+00,-1.785158827864999909e+00,-1.882548269007999986e+00,-1.800004781007999988e+00,-1.796588534335000098e+00,-1.877491808742000057e+00,-1.830068200609000106e+00,-1.720010924215999992e+00,-1.528568058405000096e+00,-1.624482482349999923e+00,-1.652040449580999937e+00,-1.806815854869000093e+00,-1.831801376250000057e+00,-1.832488212199000044e+00,-1.774502660855000080e+00,-1.801691423495000111e+00,-1.726888691961999900e+00,-1.678870144280000032e+00,-1.615402116927999954e+00,-1.794317973028999980e+00,-1.801149004695999922e+00,-1.925235746635000078e+00,-1.861742371030000065e+00,-1.754691330927999893e+00,-1.697615597009999977e+00,-1.755622756581000088e+00,-1.788435045139999957e+00,-1.835522253786000091e+00,-1.772540639310000055e+00,-1.829832419628999896e+00
CDo,5.354481920100000181e-02,5.295447814300000000e-02,5.309106252000000276e-02,5.275262630799999741e-02,5.321736040399999840e-02,5.338319151700000181e-02,5.333060061500000115e-02,5.364746613899999683e-02,5.305314803700000165e-02,5.444590105299999816e-02,6.058283139199999862e-02,5.466196143000000285e-02,5.371076314800000279e-02,5.333614348299999669e-02,5.310946936299999754e-02,5.236099213900000104e-02,5.285054542400000055e-02,5.297929065800000004e-02,5.329437653699999750e-02,5.336746237199999771e-02,5.346967390000000042e-02,5.288195762299999908e-02,5.313717126700000237e-02,5.312691394900000141e-02,5.443193265400000230e-02,5.435028083900000223e-02,5.400273408200000069e-02,5.495601273700000122e-02,5.382763179399999848e-02,5.337573776699999772e-02,5.380207483700000237e-02,5.345048931400000342e-02,5.368475608199999721e-02,5.314296889299999910e-02,5.314541422900000145e-02
CDtot,2.337747867420000014e-01,2.408244686500000120e-01,2.671113215109999772e-01,1.884949209329999931e-01,3.045169368749999772e-01,3.859918712150000042e-01,3.036467901100000089e-01,3.162535585080000211e-01,2.533556009119999897e-01,2.881712072100000022e-01,2.908515233539999967e-01,2.878966673919999830e-01,2.701008142569999992e-01,2.848357719890000084e-01,2.924324442949999825e-01,2.541708530219999873e-01,2.744188813430000207e-01,2.414470019999999939e-01,2.448788811539999999e-01,1.835043546519999902e-01,2.555155007109999876e-01,2.784406890639999910e-01,2.185672857390000001e-01,2.359482274209999952e-01,5.650712938199999869e-01,2.096590112379999871e-01,2.305776789320000131e-01,2.209959951500000130e-01,2.931241715619999910e-01,2.236638340719999951e-01,3.774307536750000081e-01,2.125766123579999889e-01,2.558201380510000122e-01,2.579282830310000163e-01,2.567707171920000087e-01
CMyo,-2.832733705699999951e-02,-2.794788062699999839e-02,-2.815291957800000050e-02,-2.777811308799999976e-02,-2.777306220700000161e-02,-2.796284436100000131e-02,-2.787098187699999993e-02,-2.801737643699999877e-02,-2.743330194800000163e-02,-2.857020851700000155e-02,-3.327366122300000340e-02,-2.927676177799999960e-02,-2.860633704799999885e-02,-2.823881761500000170e-02,-2.803939836600000124e-02,-2.711698940700000074e-02,-2.732865369599999858e-02,-2.759951329600000142e-02,-2.797423065699999878e-02,-2.812945512599999975e-02,-2.825295406199999915e-02,-2.782651293699999959e-02,-2.777074625299999835e-02,-2.761741077500000016e-02,-2.848739416499999899e-02,-2.834005395100000144e-02,-2.832923315699999861e-02,-2.891787900200000136e-02,-2.839097743199999954e-02,-2.805003407599999943e-02,-2.822491235299999859e-02,-2.813397178599999840e-02,-2.815429060799999952e-02,-2.776264609499999939e-02,-2.773825304599999986e-02
FC_Bref_,1.300000000000000044e+00
CDtott,3.173098186669999765e-01,3.303515575980000007e-01,3.230236728509999766e-01,3.113734250529999747e-01,3.119891537550000260e-01,3.771985859099999949e-01,3.308947578549999990e-01,3.228966972139999947e-01,2.968113682869999992e-01,3.203268446829999894e-01,5.507757434400000207e-01,3.816759804639999754e-01,3.688767591780000021e-01,3.496248405140000015e-01,3.361577177150000262e-01,3.036993293010000206e-01,3.392696818559999827e-01,3.034718320920000156e-01,3.199262257670000276e-01,3.519633389619999941e-01,3.951871602429999908e-01,3.320363787019999791e-01,3.174934867290000184e-01,3.422182494830000032e-01,3.473575636980000270e-01,3.842741672900000238e-01,3.578498232269999857e-01,3.408859450339999930e-01,3.527028930880000135e-01,3.283142806770000255e-01,3.372863012299999741e-01,3.405992635610000097e-01,3.553487211840000159e-01,3.212655305789999804e-01,2.918389591200000188e-01
Results_Name,VSPAERO_Polar
Results_Timestamp,1756636020
Results_Date,8,31,2025
Results_Time,12,27,0
CMl,3.380003771600000040e-02
Fopt,0.000000000000000000e+00
CMn,3.891828987659999850e-01
CMy,3.727100910880000173e-01
CMx,-3.380003771600000040e-02
CFz,-1.829832419628999896e+00
CFy,-5.964598398999999829e-02
Beta,0.000000000000000000e+00
Alpha,0.000000000000000000e+00
Re_1e6,4.331490000000000062e-01
CL,-1.829832419628999896e+00
CMm,3.727100910880000173e-01
CFx,2.567707171920000087e-01
E,1.021724918125999970e+00
CDo,5.314541422900000145e-02
Mach,5.000000000000000278e-02
CDi,2.036253029639999990e-01
CDtot,2.567707171920000087e-01
CDt,2.386935448910000035e-01
CMz,-3.891828987659999850e-01
CDtott,2.918389591200000188e-01
CS,-5.964598398999999829e-02
L_D,-7.126328265296000275e+00
Results_Name,VSPAERO_Load
Results_Timestamp,1756636020
Results_Date,8,31,2025
Results_Time,12,27,0
cmy*c/cref,-2.554000000000000020e-02,-3.014000000000000012e-02,-3.354000000000000037e-02,-3.518999999999999906e-02,-3.549000000000000071e-02,-3.808999999999999886e-02,-3.184000000000000025e-02,-3.755000000000000004e-02,-3.375999999999999834e-02,-4.667999999999999927e-02,-6.053999999999999659e-02,-1.429999999999999882e-01,9.393799999999999928e-01,6.109999999999999980e-03,-2.136000000000000051e-02,-2.670000000000000151e-02,-3.045000000000000137e-02,-3.287000000000000338e-02,-3.173999999999999738e-02,-3.468000000000000249e-02,-2.937999999999999987e-02,-3.577999999999999931e-02,-3.237000000000000294e-02,-4.436999999999999972e-02,-6.067999999999999783e-02,-1.353199999999999958e-01,9.226299999999999502e-01,2.202000000000000138e-02,8.139678546874999920e-01,8.063446578124998654e-01,8.303799118749998209e-01,8.040092974999999420e-01,8.250396406249999037e-01,8.239344787499998102e-01,8.361880618749998328e-01,8.315859096874997913e-01,8.463402240624999795e-01,8.520273709374999171e-01,8.995170640624998715e-01,8.362888978124998207e-01,9.652338612499997694e-01,8.313842378124999266e-01,8.106201015624998618e-01,8.140565903124997726e-01,8.363453659374998628e-01,8.185982409374997770e-01,8.410927218749999490e-01,8.397294199999999487e-01,8.549959809374998443e-01,8.564278512499998719e-01,8.875337212499998518e-01,9.035303343749998550e-01,9.423844378124999199e-01,9.141302081249997880e-01,1.056478284374999799e+00,9.651612593749998581e-01,-7.731000000000000372e-02,2.734800000000000009e-01,7.159499999999999753e-01,-1.035149999999999959e-01,-1.322099999999999942e-01,-8.278499999999999748e-02,6.760650000000000270e-01,1.342964999999999964e+00,1.540499999999999925e-01,1.176300000000000123e-01,-2.752959999999999782e-02,-2.361519999999999592e-02,-1.710799999999999821e-02,-1.814399999999999694e-02,-6.171199999999999949e-03,-5.521599999999999772e-03,-9.452799999999999050e-03,-9.536799999999999791e-03,-6.036799999999999285e-03,-6.719999999999999411e-03,-7.061599999999999475e-03,-5.179999999999998841e-03,-5.403999999999999949e-03,-3.522399999999999316e-03,-3.343199999999999297e-03,-2.626399999999999655e-03,-2.396799999999999712e-03,-4.463199999999999633e-03,-3.488799999999999801e-03,-2.690239999999999645e-02,-2.472959999999999742e-02,-1.807680000000000051e-02,-1.905119999999999730e-02,-6.803999999999999285e-03,-6.053599999999999259e-03,-1.006319999999999958e-02,-1.009679999999999953e-02,-6.423199999999998702e-03,-7.089599999999998854e-03,-7.397599999999998968e-03,-5.476799999999999551e-03,-5.762399999999999987e-03,-3.975999999999999500e-03,-3.863999999999999380e-03,-3.063199999999999864e-03,-2.772000000000000158e-03,-4.939199999999999494e-03,-4.155199999999999519e-03,-2.637953031249999358e-01,-4.722284449999999412e-01,-4.209579956249999144e-01,-4.457563687499999094e-01,-3.585229618749999903e-01,-3.367175637499999485e-01,-3.348587687499999244e-01,-3.131951431249999640e-01,-2.695567799999999403e-01,-2.519572993749999434e-01,-2.318137899999999918e-01,-2.094176731249999535e-01,-1.863481368749999867e-01,-1.604273981249999814e-01,-1.381848681249999711e-01,-1.080582118749999904e-01,-7.841200687499999544e-02,-7.402493562499999624e-02,-4.889575999999999645e-02,-2.658194993749999346e-01,-4.683887731249999353e-01,-4.170316849999999298e-01,-4.438188112500000004e-01,-3.627328174999999710e-01,-3.437077356249999549e-01,-3.443338974999999857e-01,-3.229026212499999660e-01,-2.785869006249999669e-01,-2.604636493749999948e-01,-2.397333593749999825e-01,-2.162621343749999980e-01,-1.921450568749999699e-01,-1.648971699999999818e-01,-1.414220068749999781e-01,-1.103344481249999703e-01,-8.039288374999999098e-02,-7.726601249999999477e-02,-5.167607624999999427e-02
cmx*c/cref,-7.828000000000000236e-02,-2.352899999999999991e-01,-3.924300000000000010e-01,-5.446999999999999620e-01,-6.918800000000000505e-01,-8.267900000000000249e-01,-9.423599999999999755e-01,-1.029090000000000060e+00,-1.065830000000000055e+00,-1.002070000000000016e+00,-7.056499999999999995e-01,-7.494600000000000151e-01,-1.301500000000000101e+00,-1.795279999999999987e+00,7.803000000000000214e-02,2.331699999999999884e-01,3.872900000000000231e-01,5.358899999999999775e-01,6.779600000000000071e-01,8.081099999999999950e-01,9.186999999999999611e-01,1.001659999999999995e+00,1.034769999999999968e+00,9.828599999999999559e-01,6.888400000000000079e-01,7.537800000000000056e-01,1.248399999999999954e+00,1.879690000000000083e+00,-1.227738040624999777e-01,-3.666435021874999700e-01,-6.108439421874999331e-01,-8.707707549999998964e-01,-1.121106053437499694e+00,-1.370388624687499890e+00,-1.619933369374999765e+00,-1.879384236562499755e+00,-2.168787410624999801e+00,-2.504433945624999769e+00,-2.780885751874999645e+00,-3.045882595624999745e+00,-3.165853160624999774e+00,-3.019915324999999484e+00,1.232537831249999882e-01,3.712053199999999498e-01,6.186526771874998332e-01,8.831413078124998872e-01,1.137869019687499872e+00,1.392165153749999940e+00,1.649893743124999812e+00,1.920642268749999770e+00,2.228901763124999658e+00,2.600869402812499676e+00,2.946559197187499368e+00,3.311250515624999835e+00,3.518331230312499613e+00,3.431584089999999421e+00,1.014104999999999812e+00,-3.332114999999999938e+00,-4.265145000000000408e+00,1.847999999999999990e-02,2.854650000000000243e-01,-9.847799999999999887e-01,3.783719999999999750e+00,4.863134999999999764e+00,1.724549999999999972e-01,3.851999999999999869e-02,-3.213055999999999690e-01,-3.736375999999999586e-01,-2.820383999999999669e-01,-2.652943999999999858e-01,-2.594815999999999789e-01,-2.537023999999999946e-01,-2.436559999999999560e-01,-2.301487999999999867e-01,-2.137631999999999866e-01,-1.965487999999999957e-01,-1.779679999999999873e-01,-1.588887999999999689e-01,-1.348367999999999789e-01,-1.143687999999999788e-01,-9.213119999999999643e-02,-7.133839999999999626e-02,-4.487839999999999885e-02,9.083199999999997873e-03,1.782479999999999828e-02,3.250295999999999741e-01,3.844623999999999819e-01,2.905615999999999755e-01,2.734647999999999524e-01,2.672207999999999806e-01,2.610775999999999653e-01,2.506727999999999734e-01,2.365271999999999930e-01,2.195759999999999934e-01,2.018015999999999976e-01,1.826047999999999838e-01,1.630103999999999997e-01,1.384431999999999885e-01,1.172023999999999844e-01,9.427039999999999031e-02,7.327039999999999942e-02,4.720239999999999853e-02,-5.661599999999999272e-03,-1.487359999999999897e-02,-2.084169955624999737e+00,-2.348532348750000054e+00,-7.913859093749998630e-01,-6.394294181249999820e-01,-6.341562687499999740e-01,-5.939755793749998958e-01,-5.439259487499999990e-01,-4.950931987499999076e-01,-4.595240537499999389e-01,-4.165630481250000017e-01,-3.757089393749999950e-01,-3.378793106249999845e-01,-2.945599356249999912e-01,-2.553125818749999998e-01,-2.088151399999999824e-01,-1.547328693749999706e-01,-7.379258624999998628e-02,2.138835068749999624e-01,2.104612762499999679e-01,2.096799522500000013e+00,2.361965293124999921e+00,8.075794793749999645e-01,6.496921718749999464e-01,6.442142399999999380e-01,6.065342599999998807e-01,5.555237268749999568e-01,5.079472387499999186e-01,4.727837206249999591e-01,4.285349481249999815e-01,3.866490506249999348e-01,3.478033856249999611e-01,3.034325312499999705e-01,2.623145681249999805e-01,2.134503131249999852e-01,1.560836462499999855e-01,6.878722937499999468e-02,-2.310222268749999586e-01,-2.226025156249999970e-01
cz*c/cref,-1.078119999999999967e+00,-1.080559999999999965e+00,-1.081769999999999898e+00,-1.072899999999999965e+00,-1.060370000000000035e+00,-1.037379999999999969e+00,-1.001179999999999959e+00,-9.484900000000000553e-01,-8.673399999999999999e-01,-7.390299999999999647e-01,-4.485000000000000098e-01,-4.528900000000000148e-01,-6.742899999999999450e-01,-8.578599999999999559e-01,-1.075369999999999937e+00,-1.071329999999999893e+00,-1.067909999999999915e+00,-1.056049999999999933e+00,-1.039760000000000018e+00,-1.014880000000000004e+00,-9.769499999999999851e-01,-9.239300000000000290e-01,-8.431800000000000406e-01,-7.240199999999999969e-01,-4.413000000000000256e-01,-4.607600000000000029e-01,-6.413299999999999557e-01,-8.982499999999999929e-01,-6.826633303124999275e-01,-6.798762249999998897e-01,-6.791623065624998734e-01,-6.913997559374999158e-01,-6.925775196874999207e-01,-6.927348237499998396e-01,-6.927711246874999063e-01,-6.965060878124998966e-01,-7.092275496874999030e-01,-7.333233053124998957e-01,-7.378286549999999444e-01,-7.375463143749999562e-01,-7.099898693749998602e-01,-6.227667834374999156e-01,-6.852568306249998686e-01,-6.881528387499998844e-01,-6.878462974999999258e-01,-7.013744468749998351e-01,-7.029192534374998358e-01,-7.037420746874998301e-01,-7.055893890624999054e-01,-7.118170165624999601e-01,-7.287130862499999751e-01,-7.613919968749999212e-01,-7.814381812499998636e-01,-8.020006456249999527e-01,-7.894122871874998948e-01,-7.075294724999998675e-01,8.325000000000000178e-01,-2.015099999999999891e+00,-2.999579999999999913e+00,7.560000000000000053e-02,2.275949999999999918e-01,8.423549999999999649e-01,-2.641230000000000189e+00,-3.519359999999999822e+00,-2.550149999999999917e-01,-2.192250000000000032e-01,-3.490479999999999972e-02,-4.131679999999999381e-02,-6.719999999999999411e-03,-5.879999999999998726e-04,-1.254399999999999699e-03,-1.394399999999999850e-03,-4.031999999999999885e-04,1.175999999999999989e-04,3.304000000000000079e-04,5.095999999999999185e-04,5.319999999999999209e-04,5.935999999999999003e-04,9.183999999999998805e-04,1.215199999999999831e-03,1.075199999999999897e-03,1.489599999999999778e-03,4.289599999999999316e-03,1.770159999999999789e-02,1.446479999999999815e-02,-3.608079999999999621e-02,-4.287919999999999232e-02,-7.335999999999999639e-03,-9.519999999999998299e-04,-1.506399999999999970e-03,-1.579199999999999788e-03,-4.871999999999999703e-04,1.175999999999999989e-04,3.527999999999999561e-04,5.487999999999998955e-04,6.047999999999999557e-04,6.775999999999998821e-04,1.041599999999999948e-03,1.461599999999999748e-03,1.405599999999999905e-03,1.741599999999999832e-03,4.278399999999999911e-03,1.738239999999999924e-02,1.423519999999999994e-02,-2.913346112499999863e-01,-3.145026006249999617e-01,-2.516068062499999744e-02,-1.862733124999999814e-03,5.710281249999999429e-04,4.646987499999999729e-04,2.244731249999999516e-04,1.413786874999999749e-03,2.402256250000000051e-03,2.130525624999999538e-03,1.835166249999999923e-03,1.661888749999999642e-03,1.898176249999999551e-03,2.165968749999999492e-03,2.193535625000000034e-03,3.292272499999999470e-03,9.837436249999997884e-03,6.328566874999999592e-02,5.558269624999998687e-02,-2.918583818749999614e-01,-3.166213118749999778e-01,-2.751961749999999596e-02,-2.607038749999999495e-03,2.008443749999999823e-04,-6.694812499999999863e-05,-7.088625000000000253e-05,8.978924999999998062e-04,1.776094374999999783e-03,1.638259999999999673e-03,1.370467499999999950e-03,1.197189999999999886e-03,1.401972499999999764e-03,1.768218124999999721e-03,2.004505624999999847e-03,3.634889374999999891e-03,1.143631499999999898e-02,6.749946249999999592e-02,5.859929999999998612e-02
cy*c/cref,-1.100000000000000039e-04,-1.700000000000000122e-04,-4.000000000000000327e-05,2.000000000000000096e-04,5.999999999999999474e-04,1.369999999999999907e-03,2.419999999999999842e-03,3.870000000000000176e-03,4.740000000000000289e-03,1.999000000000000082e-02,-3.812000000000000111e-02,1.893999999999999850e-02,-9.878000000000000669e-02,-1.735099999999999976e-01,3.000000000000000076e-05,1.000000000000000082e-05,-1.100000000000000039e-04,-5.599999999999999509e-04,-1.240000000000000000e-03,-2.380000000000000171e-03,-3.550000000000000204e-03,-4.879999999999999789e-03,-6.579999999999999911e-03,-1.831999999999999948e-02,3.039000000000000035e-02,-3.130999999999999756e-02,1.069800000000000056e-01,1.833700000000000052e-01,1.210031249999999918e-05,1.532706249999999976e-04,-6.856843749999999820e-05,-2.137721874999999681e-04,4.033437499999999446e-06,6.856843749999999820e-05,3.226749999999999557e-05,-3.630093749999999586e-05,4.880459374999998796e-04,1.621441874999999914e-03,1.653709374999999971e-03,8.780793437500000048e-03,1.249962281249999800e-02,4.247209687499998824e-03,0.000000000000000000e+00,-7.663531249999999879e-05,2.420062499999999837e-05,1.129362499999999811e-04,8.066874999999998892e-06,-6.050156249999998407e-05,-2.420062499999999837e-05,7.663531249999999879e-05,-2.823406249999999527e-04,-1.540773124999999773e-03,-1.298766874999999999e-03,-1.008762718749999822e-02,-1.479868218749999867e-02,-4.795757187499999352e-03,-2.119500000000000273e-01,-1.312335000000000029e+00,-4.178250000000000020e-01,-2.671199999999999686e-01,-3.509999999999999926e-02,2.907750000000000057e-01,4.266149999999999665e-01,2.372549999999999937e-01,-5.389650000000000274e-01,-8.233349999999999280e-01,-1.796479999999999744e-01,-2.172351999999999617e-01,-2.311175999999999786e-01,-2.436111999999999722e-01,-2.501015999999999795e-01,-2.589384000000000130e-01,-2.676295999999999675e-01,-2.719471999999999445e-01,-2.721543999999999630e-01,-2.711575999999999431e-01,-2.673159999999999981e-01,-2.620687999999999906e-01,-2.480407999999999780e-01,-2.377871999999999764e-01,-2.179295999999999733e-01,-1.998359999999999859e-01,-1.776879999999999848e-01,-1.514631999999999645e-01,-1.063999999999999946e-01,1.800679999999999781e-01,2.227175999999999878e-01,2.371487999999999929e-01,2.502527999999999975e-01,2.570063999999999682e-01,2.660671999999999482e-01,2.751167999999999947e-01,2.794735999999999887e-01,2.796191999999999567e-01,2.784935999999999523e-01,2.744895999999999447e-01,2.691527999999999698e-01,2.551527999999999574e-01,2.448543999999999721e-01,2.248959999999999848e-01,2.066848000000000019e-01,1.846823999999999966e-01,1.608879999999999755e-01,1.174543999999999866e-01,-4.339144268749999811e-01,-5.429453556249999036e-01,-4.181225456249999528e-01,-4.100021318749999533e-01,-4.373445337499999863e-01,-4.343358062499999561e-01,-4.228404193749999429e-01,-4.159290099999999324e-01,-4.191503962500000013e-01,-4.103250581249999751e-01,-4.019998618749999753e-01,-3.962383849999999152e-01,-3.845421537499999487e-01,-3.762957199999999447e-01,-3.521747043749999806e-01,-3.154910699999999846e-01,-2.570138518749999768e-01,-1.666299449999999738e-01,-1.222984718749999811e-01,4.401012212499999521e-01,5.457493006249999334e-01,4.216196006249999795e-01,4.144955324999999302e-01,4.431453918749999610e-01,4.417709862499999418e-01,4.308269368749999551e-01,4.247110287499999415e-01,4.285113193749999216e-01,4.197568674999999083e-01,4.113095893749999510e-01,4.052921343749999461e-01,3.930209368749999488e-01,3.837742193749999475e-01,3.583418081249999387e-01,3.208626725000000013e-01,2.613142843749999833e-01,1.700167324999999896e-01,1.263586787499999808e-01
cx*c/cref,-7.020000000000000198e-03,-4.899999999999999842e-03,-4.040000000000000188e-03,-6.939999999999999988e-03,-6.910000000000000343e-03,-3.530000000000000152e-03,-7.000000000000000146e-03,-1.440000000000000091e-03,-9.369999999999999857e-03,-9.499999999999999764e-03,-4.062999999999999945e-02,-3.928999999999999854e-02,-1.506559999999999899e+00,2.145999999999999991e-02,-1.043999999999999963e-02,-7.740000000000000352e-03,-6.590000000000000371e-03,-8.259999999999999981e-03,-9.700000000000000289e-03,-5.660000000000000100e-03,-8.439999999999999586e-03,-2.239999999999999804e-03,-9.409999999999999962e-03,-7.289999999999999605e-03,-3.683999999999999775e-02,-3.801999999999999824e-02,-1.492739999999999956e+00,2.929999999999999966e-02,1.907049584374999884e-01,1.925805068749999738e-01,1.765032249999999581e-01,2.043379771874999640e-01,1.913180409374999613e-01,1.916850837499999849e-01,1.839650843749999765e-01,1.896441643749999795e-01,1.920359928124999727e-01,2.113884259374999575e-01,1.771243743749999766e-01,2.204757606249999613e-01,7.491303468749999084e-02,8.815884343749998131e-02,1.949965359374999652e-01,1.955571837499999743e-01,1.802543218749999843e-01,2.051406312499999829e-01,1.916084484374999675e-01,1.930645193749999655e-01,1.853404865624999620e-01,1.908178946874999893e-01,1.894828268749999545e-01,2.113238909374999808e-01,2.015266712499999557e-01,2.467092381249999522e-01,1.127184443749999765e-01,9.918222812499999375e-02,1.200000000000000112e-03,1.023434999999999873e+00,4.536599999999999522e-01,1.085550000000000126e-01,1.316999999999999942e-02,-9.150000000000000147e-04,1.059375000000000178e+00,-1.824749999999999983e-01,-2.279999999999999909e-03,1.286849999999999938e-01,2.531759999999999913e-02,2.364319999999999616e-02,1.535519999999999767e-02,1.668240000000000001e-02,6.171199999999999949e-03,5.924800000000000032e-03,1.052239999999999946e-02,1.124479999999999924e-02,7.587999999999999259e-03,9.077599999999998170e-03,1.037680000000000026e-02,8.288000000000000228e-03,9.475199999999999595e-03,6.742399999999999088e-03,7.313599999999999095e-03,6.551999999999999665e-03,6.215999999999999304e-03,9.620799999999998797e-03,8.080799999999999095e-03,2.494239999999999999e-02,2.467919999999999489e-02,1.618959999999999844e-02,1.751679999999999904e-02,6.792799999999999012e-03,6.484799999999999766e-03,1.119439999999999845e-02,1.190559999999999882e-02,8.091999999999998500e-03,9.598399999999998253e-03,1.089760000000000034e-02,8.808800000000000310e-03,1.016959999999999913e-02,7.643999999999999753e-03,8.450399999999998538e-03,7.783999999999998386e-03,7.856799999999998854e-03,1.279599999999999835e-02,1.250479999999999821e-02,2.913858068749999308e-01,4.305867112499999760e-01,2.717660681249999821e-01,2.907005731249999725e-01,2.459477206249999770e-01,2.451482812499999886e-01,2.597272199999999809e-01,2.589514093749999413e-01,2.387015706249999425e-01,2.411235174999999953e-01,2.413794956249999679e-01,2.389929918749999771e-01,2.346610543749999833e-01,2.254143368749999543e-01,2.193063049999999792e-01,1.949293112499999592e-01,1.548431368749999815e-01,7.213069749999999336e-02,3.639221312499999611e-02,2.923939668749999665e-01,4.289011937499999094e-01,2.705294968749999418e-01,2.898341856249999626e-01,2.490273343749999646e-01,2.505513887499999925e-01,2.672529768749999368e-01,2.673238631250000052e-01,2.471764156249999789e-01,2.496810631249999635e-01,2.500354943749999448e-01,2.472394256249999533e-01,2.424979231249999867e-01,2.321485306249999603e-01,2.246818456249999596e-01,1.985878293749999690e-01,1.566586124999999885e-01,7.263083937499999199e-02,3.853061499999999723e-02
cs*c/cref,-1.100000000000000039e-04,-1.700000000000000122e-04,-4.000000000000000327e-05,2.000000000000000096e-04,5.999999999999999474e-04,1.369999999999999907e-03,2.419999999999999842e-03,3.870000000000000176e-03,4.740000000000000289e-03,1.999000000000000082e-02,-3.812000000000000111e-02,1.893999999999999850e-02,-9.878000000000000669e-02,-1.735099999999999976e-01,3.000000000000000076e-05,1.000000000000000082e-05,-1.100000000000000039e-04,-5.599999999999999509e-04,-1.240000000000000000e-03,-2.380000000000000171e-03,-3.550000000000000204e-03,-4.879999999999999789e-03,-6.579999999999999911e-03,-1.831999999999999948e-02,3.039000000000000035e-02,-3.130999999999999756e-02,1.069800000000000056e-01,1.833700000000000052e-01,1.210031249999999918e-05,1.532706249999999976e-04,-6.856843749999999820e-05,-2.137721874999999681e-04,4.033437499999999446e-06,6.856843749999999820e-05,3.226749999999999557e-05,-3.630093749999999586e-05,4.880459374999998796e-04,1.621441874999999914e-03,1.653709374999999971e-03,8.780793437500000048e-03,1.249962281249999800e-02,4.247209687499998824e-03,0.000000000000000000e+00,-7.663531249999999879e-05,2.420062499999999837e-05,1.129362499999999811e-04,8.066874999999998892e-06,-6.050156249999998407e-05,-2.420062499999999837e-05,7.663531249999999879e-05,-2.823406249999999527e-04,-1.540773124999999773e-03,-1.298766874999999999e-03,-1.008762718749999822e-02,-1.479868218749999867e-02,-4.795757187499999352e-03,-2.119500000000000273e-01,-1.312335000000000029e+00,-4.178250000000000020e-01,-2.671199999999999686e-01,-3.509999999999999926e-02,2.907750000000000057e-01,4.266149999999999665e-01,2.372549999999999937e-01,-5.389650000000000274e-01,-8.233349999999999280e-01,-1.796479999999999744e-01,-2.172351999999999617e-01,-2.311175999999999786e-01,-2.436111999999999722e-01,-2.501015999999999795e-01,-2.589384000000000130e-01,-2.676295999999999675e-01,-2.719471999999999445e-01,-2.721543999999999630e-01,-2.711575999999999431e-01,-2.673159999999999981e-01,-2.620687999999999906e-01,-2.480407999999999780e-01,-2.377871999999999764e-01,-2.179295999999999733e-01,-1.998359999999999859e-01,-1.776879999999999848e-01,-1.514631999999999645e-01,-1.063999999999999946e-01,1.800679999999999781e-01,2.227175999999999878e-01,2.371487999999999929e-01,2.502527999999999975e-01,2.570063999999999682e-01,2.660671999999999482e-01,2.751167999999999947e-01,2.794735999999999887e-01,2.796191999999999567e-01,2.784935999999999523e-01,2.744895999999999447e-01,2.691527999999999698e-01,2.551527999999999574e-01,2.448543999999999721e-01,2.248959999999999848e-01,2.066848000000000019e-01,1.846823999999999966e-01,1.608879999999999755e-01,1.174543999999999866e-01,-4.339144268749999811e-01,-5.429453556249999036e-01,-4.181225456249999528e-01,-4.100021318749999533e-01,-4.373445337499999863e-01,-4.343358062499999561e-01,-4.228404193749999429e-01,-4.159290099999999324e-01,-4.191503962500000013e-01,-4.103250581249999751e-01,-4.019998618749999753e-01,-3.962383849999999152e-01,-3.845421537499999487e-01,-3.762957199999999447e-01,-3.521747043749999806e-01,-3.154910699999999846e-01,-2.570138518749999768e-01,-1.666299449999999738e-01,-1.222984718749999811e-01,4.401012212499999521e-01,5.457493006249999334e-01,4.216196006249999795e-01,4.144955324999999302e-01,4.431453918749999610e-01,4.417709862499999418e-01,4.308269368749999551e-01,4.247110287499999415e-01,4.285113193749999216e-01,4.197568674999999083e-01,4.113095893749999510e-01,4.052921343749999461e-01,3.930209368749999488e-01,3.837742193749999475e-01,3.583418081249999387e-01,3.208626725000000013e-01,2.613142843749999833e-01,1.700167324999999896e-01,1.263586787499999808e-01
cd*c/cref,-7.020000000000000198e-03,-4.899999999999999842e-03,-4.040000000000000188e-03,-6.939999999999999988e-03,-6.910000000000000343e-03,-3.530000000000000152e-03,-7.000000000000000146e-03,-1.440000000000000091e-03,-9.369999999999999857e-03,-9.499999999999999764e-03,-4.062999999999999945e-02,-3.928999999999999854e-02,-1.506559999999999899e+00,2.145999999999999991e-02,-1.043999999999999963e-02,-7.740000000000000352e-03,-6.590000000000000371e-03,-8.259999999999999981e-03,-9.700000000000000289e-03,-5.660000000000000100e-03,-8.439999999999999586e-03,-2.239999999999999804e-03,-9.409999999999999962e-03,-7.289999999999999605e-03,-3.683999999999999775e-02,-3.801999999999999824e-02,-1.492739999999999956e+00,2.929999999999999966e-02,1.907049584374999884e-01,1.925805068749999738e-01,1.765032249999999581e-01,2.043379771874999640e-01,1.913180409374999613e-01,1.916850837499999849e-01,1.839650843749999765e-01,1.896441643749999795e-01,1.920359928124999727e-01,2.113884259374999575e-01,1.771243743749999766e-01,2.204757606249999613e-01,7.491303468749999084e-02,8.815884343749998131e-02,1.949965359374999652e-01,1.955571837499999743e-01,1.802543218749999843e-01,2.051406312499999829e-01,1.916084484374999675e-01,1.930645193749999655e-01,1.853404865624999620e-01,1.908178946874999893e-01,1.894828268749999545e-01,2.113238909374999808e-01,2.015266712499999557e-01,2.467092381249999522e-01,1.127184443749999765e-01,9.918222812499999375e-02,1.200000000000000112e-03,1.023434999999999873e+00,4.536599999999999522e-01,1.085550000000000126e-01,1.316999999999999942e-02,-9.150000000000000147e-04,1.059375000000000178e+00,-1.824749999999999983e-01,-2.279999999999999909e-03,1.286849999999999938e-01,2.531759999999999913e-02,2.364319999999999616e-02,1.535519999999999767e-02,1.668240000000000001e-02,6.171199999999999949e-03,5.924800000000000032e-03,1.052239999999999946e-02,1.124479999999999924e-02,7.587999999999999259e-03,9.077599999999998170e-03,1.037680000000000026e-02,8.288000000000000228e-03,9.475199999999999595e-03,6.742399999999999088e-03,7.313599999999999095e-03,6.551999999999999665e-03,6.215999999999999304e-03,9.620799999999998797e-03,8.080799999999999095e-03,2.494239999999999999e-02,2.467919999999999489e-02,1.618959999999999844e-02,1.751679999999999904e-02,6.792799999999999012e-03,6.484799999999999766e-03,1.119439999999999845e-02,1.190559999999999882e-02,8.091999999999998500e-03,9.598399999999998253e-03,1.089760000000000034e-02,8.808800000000000310e-03,1.016959999999999913e-02,7.643999999999999753e-03,8.450399999999998538e-03,7.783999999999998386e-03,7.856799999999998854e-03,1.279599999999999835e-02,1.250479999999999821e-02,2.913858068749999308e-01,4.305867112499999760e-01,2.717660681249999821e-01,2.907005731249999725e-01,2.459477206249999770e-01,2.451482812499999886e-01,2.597272199999999809e-01,2.589514093749999413e-01,2.387015706249999425e-01,2.411235174999999953e-01,2.413794956249999679e-01,2.389929918749999771e-01,2.346610543749999833e-01,2.254143368749999543e-01,2.193063049999999792e-01,1.949293112499999592e-01,1.548431368749999815e-01,7.213069749999999336e-02,3.639221312499999611e-02,2.923939668749999665e-01,4.289011937499999094e-01,2.705294968749999418e-01,2.898341856249999626e-01,2.490273343749999646e-01,2.505513887499999925e-01,2.672529768749999368e-01,2.673238631250000052e-01,2.471764156249999789e-01,2.496810631249999635e-01,2.500354943749999448e-01,2.472394256249999533e-01,2.424979231249999867e-01,2.321485306249999603e-01,2.246818456249999596e-01,1.985878293749999690e-01,1.566586124999999885e-01,7.263083937499999199e-02,3.853061499999999723e-02
cmz,4.899999999999999842e-04,1.039999999999999909e-03,1.469999999999999953e-03,3.589999999999999875e-03,4.689999999999999725e-03,3.239999999999999825e-03,7.409999999999999920e-03,2.909999999999999826e-03,1.320999999999999952e-02,1.629999999999999852e-02,5.025999999999999912e-02,8.314000000000000556e-02,2.686620000000000008e+00,-1.171800000000000064e-01,-7.600000000000000418e-04,-1.709999999999999932e-03,-2.449999999999999921e-03,-4.380000000000000213e-03,-6.729999999999999871e-03,-5.329999999999999669e-03,-9.220000000000000764e-03,-4.159999999999999636e-03,-1.414999999999999938e-02,-1.250000000000000069e-02,-4.680000000000000132e-02,-8.509999999999999509e-02,-2.655899999999999928e+00,1.381699999999999873e-01,-8.500000000000000611e-02,-2.569299999999999917e-01,-3.938099999999999934e-01,-6.387800000000000145e-01,-7.678099999999999925e-01,-9.398600000000000287e-01,-1.066470000000000029e+00,-1.268920000000000048e+00,-1.454709999999999948e+00,-1.784710000000000019e+00,-1.647550000000000070e+00,-2.234799999999999898e+00,-7.819599999999999884e-01,-1.046030000000000015e+00,8.695999999999999563e-02,2.612499999999999822e-01,4.020299999999999985e-01,6.407599999999999962e-01,7.690500000000000114e-01,9.466700000000000115e-01,1.074480000000000102e+00,1.276860000000000106e+00,1.436260000000000092e+00,1.784569999999999990e+00,1.877709999999999990e+00,2.497500000000000053e+00,1.188239999999999963e+00,1.176560000000000050e+00,2.619000000000000147e-02,-1.439340000000000064e+00,-7.024899999999999478e-01,-3.605200000000000071e-01,-1.697200000000000097e-01,-1.330000000000000019e-03,1.023619999999999974e+00,5.879999999999999810e-03,-1.081700000000000023e-01,-1.021200000000000024e-01,-9.560000000000000442e-02,-5.299999999999999850e-02,1.271000000000000081e-02,2.349000000000000046e-02,8.393000000000000460e-02,9.099000000000000143e-02,7.356999999999999651e-02,7.187000000000000333e-02,8.797000000000000652e-02,7.914999999999999813e-02,7.023000000000000076e-02,7.542000000000000093e-02,6.637999999999999456e-02,7.098999999999999755e-02,6.293999999999999595e-02,5.467000000000000332e-02,4.234999999999999876e-02,5.389999999999999826e-03,-6.570000000000000319e-03,9.196000000000000008e-02,5.827000000000000235e-02,-9.079999999999999530e-03,-2.011999999999999900e-02,-8.187999999999999445e-02,-8.946999999999999398e-02,-7.155000000000000249e-02,-7.001000000000000278e-02,-8.697000000000000564e-02,-7.811999999999999500e-02,-6.922000000000000375e-02,-7.430000000000000493e-02,-6.414999999999999869e-02,-6.751999999999999669e-02,-5.802999999999999825e-02,-4.889999999999999902e-02,-3.402999999999999775e-02,1.269999999999999948e-02,3.282999999999999807e-02,-4.083099999999999952e+00,-5.760670000000000179e+00,-3.505999999999999783e+00,-3.642100000000000115e+00,-3.186069999999999958e+00,-3.168820000000000192e+00,-3.305860000000000021e+00,-3.287189999999999834e+00,-3.078170000000000073e+00,-3.092410000000000103e+00,-3.084340000000000082e+00,-3.053090000000000082e+00,-2.986639999999999961e+00,-2.875550000000000050e+00,-2.764279999999999848e+00,-2.433969999999999967e+00,-1.906800000000000050e+00,-8.839399999999999480e-01,-4.704099999999999948e-01,4.109409999999999563e+00,5.746699999999999697e+00,3.495049999999999990e+00,3.635170000000000012e+00,3.225560000000000205e+00,3.237119999999999997e+00,3.398000000000000131e+00,3.389689999999999870e+00,3.182170000000000165e+00,3.196889999999999787e+00,3.189389999999999947e+00,3.153099999999999792e+00,3.081370000000000164e+00,2.956519999999999815e+00,2.828720000000000123e+00,2.480480000000000018e+00,1.933920000000000083e+00,8.979200000000000514e-01,5.055500000000000549e-01
cmy,-2.554000000000000020e-02,-3.014000000000000012e-02,-3.354000000000000037e-02,-3.518999999999999906e-02,-3.549000000000000071e-02,-3.808999999999999886e-02,-3.184000000000000025e-02,-3.755000000000000004e-02,-3.375999999999999834e-02,-4.667999999999999927e-02,-6.053999999999999659e-02,-1.429999999999999882e-01,9.393799999999999928e-01,6.109999999999999980e-03,-2.136000000000000051e-02,-2.670000000000000151e-02,-3.045000000000000137e-02,-3.287000000000000338e-02,-3.173999999999999738e-02,-3.468000000000000249e-02,-2.937999999999999987e-02,-3.577999999999999931e-02,-3.237000000000000294e-02,-4.436999999999999972e-02,-6.067999999999999783e-02,-1.353199999999999958e-01,9.226299999999999502e-01,2.202000000000000138e-02,2.018050000000000122e+00,1.999149999999999983e+00,2.058739999999999792e+00,1.993360000000000021e+00,2.045500000000000096e+00,2.042759999999999909e+00,2.073139999999999983e+00,2.061729999999999841e+00,2.098310000000000120e+00,2.112410000000000121e+00,2.230150000000000077e+00,2.073389999999999844e+00,2.393079999999999874e+00,2.061230000000000118e+00,2.009749999999999925e+00,2.018269999999999786e+00,2.073529999999999873e+00,2.029529999999999834e+00,2.085300000000000153e+00,2.081920000000000215e+00,2.119769999999999932e+00,2.123320000000000096e+00,2.200439999999999952e+00,2.240099999999999980e+00,2.336430000000000007e+00,2.266379999999999839e+00,2.619299999999999962e+00,2.392900000000000027e+00,-5.154000000000000248e-02,1.823200000000000098e-01,4.773000000000000020e-01,-6.901000000000000190e-02,-8.813999999999999613e-02,-5.519000000000000294e-02,4.507099999999999995e-01,8.953100000000000502e-01,1.026999999999999996e-01,7.842000000000000359e-02,-4.916000000000000231e-02,-4.216999999999999915e-02,-3.055000000000000077e-02,-3.239999999999999825e-02,-1.102000000000000028e-02,-9.860000000000000708e-03,-1.687999999999999917e-02,-1.703000000000000000e-02,-1.077999999999999965e-02,-1.200000000000000025e-02,-1.260999999999999968e-02,-9.249999999999999542e-03,-9.650000000000000591e-03,-6.289999999999999584e-03,-5.969999999999999613e-03,-4.689999999999999725e-03,-4.279999999999999950e-03,-7.969999999999999654e-03,-6.230000000000000294e-03,-4.803999999999999937e-02,-4.415999999999999787e-02,-3.228000000000000314e-02,-3.402000000000000163e-02,-1.214999999999999934e-02,-1.081000000000000016e-02,-1.796999999999999986e-02,-1.803000000000000089e-02,-1.146999999999999929e-02,-1.265999999999999938e-02,-1.320999999999999952e-02,-9.780000000000000498e-03,-1.029000000000000054e-02,-7.100000000000000408e-03,-6.899999999999999883e-03,-5.470000000000000036e-03,-4.950000000000000407e-03,-8.819999999999999715e-03,-7.420000000000000380e-03,-6.698499999999999455e-01,-1.199119999999999964e+00,-1.068929999999999936e+00,-1.131899999999999906e+00,-9.103900000000000325e-01,-8.550200000000000022e-01,-8.502999999999999448e-01,-7.952900000000000524e-01,-6.844799999999999773e-01,-6.397899999999999698e-01,-5.886400000000000521e-01,-5.317699999999999649e-01,-4.731899999999999995e-01,-4.073700000000000099e-01,-3.508899999999999797e-01,-2.743900000000000228e-01,-1.991100000000000092e-01,-1.879699999999999982e-01,-1.241600000000000065e-01,-6.749899999999999789e-01,-1.189370000000000038e+00,-1.058959999999999901e+00,-1.126980000000000093e+00,-9.210800000000000098e-01,-8.727700000000000458e-01,-8.743600000000000261e-01,-8.199400000000000022e-01,-7.074099999999999833e-01,-6.613900000000000334e-01,-6.087500000000000133e-01,-5.491500000000000270e-01,-4.879100000000000104e-01,-4.187199999999999811e-01,-3.591099999999999848e-01,-2.801699999999999746e-01,-2.041399999999999881e-01,-1.962000000000000133e-01,-1.312200000000000033e-01
FC_Roll__Rate,0.000000000000000000e+00
FC_Bref_,1.300000000000000044e+00
AnalysisMethod,0
FC_Vinf_,1.000000000000000000e+02
cs,-1.100000000000000039e-04,-1.700000000000000122e-04,-4.000000000000000327e-05,2.000000000000000096e-04,5.999999999999999474e-04,1.369999999999999907e-03,2.419999999999999842e-03,3.870000000000000176e-03,4.740000000000000289e-03,1.999000000000000082e-02,-3.812000000000000111e-02,1.893999999999999850e-02,-9.878000000000000669e-02,-1.735099999999999976e-01,3.000000000000000076e-05,1.000000000000000082e-05,-1.100000000000000039e-04,-5.599999999999999509e-04,-1.240000000000000000e-03,-2.380000000000000171e-03,-3.550000000000000204e-03,-4.879999999999999789e-03,-6.579999999999999911e-03,-1.831999999999999948e-02,3.039000000000000035e-02,-3.130999999999999756e-02,1.069800000000000056e-01,1.833700000000000052e-01,3.000000000000000076e-05,3.800000000000000209e-04,-1.700000000000000122e-04,-5.299999999999999807e-04,1.000000000000000082e-05,1.700000000000000122e-04,8.000000000000000654e-05,-9.000000000000000567e-05,1.209999999999999921e-03,4.020000000000000136e-03,4.100000000000000346e-03,2.177000000000000116e-02,3.099000000000000019e-02,1.052999999999999943e-02,0.000000000000000000e+00,-1.900000000000000105e-04,6.000000000000000152e-05,2.799999999999999755e-04,2.000000000000000164e-05,-1.499999999999999869e-04,-6.000000000000000152e-05,1.900000000000000105e-04,-6.999999999999999929e-04,-3.820000000000000045e-03,-3.220000000000000206e-03,-2.501000000000000098e-02,-3.669000000000000039e-02,-1.188999999999999953e-02,-1.413000000000000089e-01,-8.748899999999999455e-01,-2.785500000000000198e-01,-1.780799999999999883e-01,-2.340000000000000066e-02,1.938499999999999945e-01,2.844099999999999961e-01,1.581700000000000050e-01,-3.593100000000000183e-01,-5.488899999999999890e-01,-3.207999999999999741e-01,-3.879199999999999871e-01,-4.127100000000000213e-01,-4.350200000000000178e-01,-4.466100000000000070e-01,-4.623900000000000232e-01,-4.779100000000000015e-01,-4.856199999999999961e-01,-4.859899999999999776e-01,-4.842099999999999738e-01,-4.773499999999999965e-01,-4.679800000000000071e-01,-4.429299999999999904e-01,-4.246199999999999974e-01,-3.891600000000000059e-01,-3.568500000000000005e-01,-3.173000000000000265e-01,-2.704699999999999882e-01,-1.900000000000000022e-01,3.215500000000000025e-01,3.977100000000000080e-01,4.234800000000000231e-01,4.468799999999999994e-01,4.589400000000000146e-01,4.751199999999999868e-01,4.912799999999999945e-01,4.990600000000000036e-01,4.993199999999999861e-01,4.973099999999999743e-01,4.901599999999999846e-01,4.806300000000000017e-01,4.556299999999999795e-01,4.372400000000000175e-01,4.016000000000000125e-01,3.690800000000000192e-01,3.297900000000000276e-01,2.872999999999999998e-01,2.097400000000000098e-01,-1.101830000000000087e+00,-1.378689999999999971e+00,-1.061730000000000063e+00,-1.041109999999999980e+00,-1.110540000000000083e+00,-1.102899999999999991e+00,-1.073709999999999942e+00,-1.056159999999999988e+00,-1.064340000000000064e+00,-1.041930000000000023e+00,-1.020790000000000086e+00,-1.006159999999999943e+00,-9.764599999999999946e-01,-9.555200000000000360e-01,-8.942700000000000093e-01,-8.011200000000000543e-01,-6.526300000000000434e-01,-4.231199999999999961e-01,-3.105499999999999927e-01,1.117539999999999978e+00,1.385809999999999986e+00,1.070610000000000062e+00,1.052519999999999900e+00,1.125269999999999992e+00,1.121779999999999999e+00,1.093990000000000018e+00,1.078459999999999974e+00,1.088109999999999911e+00,1.065879999999999939e+00,1.044429999999999970e+00,1.029150000000000009e+00,9.979900000000000437e-01,9.745099999999999874e-01,9.099300000000000166e-01,8.147600000000000398e-01,6.635499999999999732e-01,4.317199999999999926e-01,3.208599999999999786e-01
FC_Rho_,2.377000000000000206e-03
FC_Mach_,5.000000000000000278e-02
Chord,3.200000000000000067e-01,3.200000000000000067e-01,3.200000000000000067e-01,3.200000000000000067e-01,3.200000000000000067e-01,3.200000000000000067e-01,3.200000000000000067e-01,3.200000000000000067e-01,3.200000000000000067e-01,3.200000000000000067e-01,3.200000000000000067e-01,3.200000000000000067e-01,3.200000000000000067e-01,3.200000000000000067e-01,3.200000000000000067e-01,3.200000000000000067e-01,3.200000000000000067e-01,3.200000000000000067e-01,3.200000000000000067e-01,3.200000000000000067e-01,3.200000000000000067e-01,3.200000000000000067e-01,3.200000000000000067e-01,3.200000000000000067e-01,3.200000000000000067e-01,3.200000000000000067e-01,3.200000000000000067e-01,3.200000000000000067e-01,1.290699999999999903e-01,1.290699999999999903e-01,1.290699999999999903e-01,1.290699999999999903e-01,1.290699999999999903e-01,1.290699999999999903e-01,1.290699999999999903e-01,1.290699999999999903e-01,1.290699999999999903e-01,1.290699999999999903e-01,1.290699999999999903e-01,1.290699999999999903e-01,1.290699999999999903e-01,1.290699999999999903e-01,1.290699999999999903e-01,1.290699999999999903e-01,1.290699999999999903e-01,1.290699999999999903e-01,1.290699999999999903e-01,1.290699999999999903e-01,1.290699999999999903e-01,1.290699999999999903e-01,1.290699999999999903e-01,1.290699999999999903e-01,1.290699999999999903e-01,1.290699999999999903e-01,1.290699999999999903e-01,1.290699999999999903e-01,4.799999999999999822e-01,4.799999999999999822e-01,4.799999999999999822e-01,4.799999999999999822e-01,4.799999999999999822e-01,4.799999999999999822e-01,4.799999999999999822e-01,4.799999999999999822e-01,4.799999999999999822e-01,4.799999999999999822e-01,1.791999999999999982e-01,1.791999999999999982e-01,1.791999999999999982e-01,1.791999999999999982e-01,1.791999999999999982e-01,1.791999999999999982e-01,1.791999999999999982e-01,1.791999999999999982e-01,1.791999999999999982e-01,1.791999999999999982e-01,1.791999999999999982e-01,1.791999999999999982e-01,1.791999999999999982e-01,1.791999999999999982e-01,1.791999999999999982e-01,1.791999999999999982e-01,1.791999999999999982e-01,1.791999999999999982e-01,1.791999999999999982e-01,1.791999999999999982e-01,1.791999999999999982e-01,1.791999999999999982e-01,1.791999999999999982e-01,1.791999999999999982e-01,1.791999999999999982e-01,1.791999999999999982e-01,1.791999999999999982e-01,1.791999999999999982e-01,1.791999999999999982e-01,1.791999999999999982e-01,1.791999999999999982e-01,1.791999999999999982e-01,1.791999999999999982e-01,1.791999999999999982e-01,1.791999999999999982e-01,1.791999999999999982e-01,1.791999999999999982e-01,1.791999999999999982e-01,1.260199999999999931e-01,1.260199999999999931e-01,1.260199999999999931e-01,1.260199999999999931e-01,1.260199999999999931e-01,1.260199999999999931e-01,1.260199999999999931e-01,1.260199999999999931e-01,1.260199999999999931e-01,1.260199999999999931e-01,1.260199999999999931e-01,1.260199999999999931e-01,1.260199999999999931e-01,1.260199999999999931e-01,1.260199999999999931e-01,1.260199999999999931e-01,1.260199999999999931e-01,1.260199999999999931e-01,1.260199999999999931e-01,1.260199999999999931e-01,1.260199999999999931e-01,1.260199999999999931e-01,1.260199999999999931e-01,1.260199999999999931e-01,1.260199999999999931e-01,1.260199999999999931e-01,1.260199999999999931e-01,1.260199999999999931e-01,1.260199999999999931e-01,1.260199999999999931e-01,1.260199999999999931e-01,1.260199999999999931e-01,1.260199999999999931e-01,1.260199999999999931e-01,1.260199999999999931e-01,1.260199999999999931e-01,1.260199999999999931e-01,1.260199999999999931e-01
cy,-1.100000000000000039e-04,-1.700000000000000122e-04,-4.000000000000000327e-05,2.000000000000000096e-04,5.999999999999999474e-04,1.369999999999999907e-03,2.419999999999999842e-03,3.870000000000000176e-03,4.740000000000000289e-03,1.999000000000000082e-02,-3.812000000000000111e-02,1.893999999999999850e-02,-9.878000000000000669e-02,-1.735099999999999976e-01,3.000000000000000076e-05,1.000000000000000082e-05,-1.100000000000000039e-04,-5.599999999999999509e-04,-1.240000000000000000e-03,-2.380000000000000171e-03,-3.550000000000000204e-03,-4.879999999999999789e-03,-6.579999999999999911e-03,-1.831999999999999948e-02,3.039000000000000035e-02,-3.130999999999999756e-02,1.069800000000000056e-01,1.833700000000000052e-01,3.000000000000000076e-05,3.800000000000000209e-04,-1.700000000000000122e-04,-5.299999999999999807e-04,1.000000000000000082e-05,1.700000000000000122e-04,8.000000000000000654e-05,-9.000000000000000567e-05,1.209999999999999921e-03,4.020000000000000136e-03,4.100000000000000346e-03,2.177000000000000116e-02,3.099000000000000019e-02,1.052999999999999943e-02,0.000000000000000000e+00,-1.900000000000000105e-04,6.000000000000000152e-05,2.799999999999999755e-04,2.000000000000000164e-05,-1.499999999999999869e-04,-6.000000000000000152e-05,1.900000000000000105e-04,-6.999999999999999929e-04,-3.820000000000000045e-03,-3.220000000000000206e-03,-2.501000000000000098e-02,-3.669000000000000039e-02,-1.188999999999999953e-02,-1.413000000000000089e-01,-8.748899999999999455e-01,-2.785500000000000198e-01,-1.780799999999999883e-01,-2.340000000000000066e-02,1.938499999999999945e-01,2.844099999999999961e-01,1.581700000000000050e-01,-3.593100000000000183e-01,-5.488899999999999890e-01,-3.207999999999999741e-01,-3.879199999999999871e-01,-4.127100000000000213e-01,-4.350200000000000178e-01,-4.466100000000000070e-01,-4.623900000000000232e-01,-4.779100000000000015e-01,-4.856199999999999961e-01,-4.859899999999999776e-01,-4.842099999999999738e-01,-4.773499999999999965e-01,-4.679800000000000071e-01,-4.429299999999999904e-01,-4.246199999999999974e-01,-3.891600000000000059e-01,-3.568500000000000005e-01,-3.173000000000000265e-01,-2.704699999999999882e-01,-1.900000000000000022e-01,3.215500000000000025e-01,3.977100000000000080e-01,4.234800000000000231e-01,4.468799999999999994e-01,4.589400000000000146e-01,4.751199999999999868e-01,4.912799999999999945e-01,4.990600000000000036e-01,4.993199999999999861e-01,4.973099999999999743e-01,4.901599999999999846e-01,4.806300000000000017e-01,4.556299999999999795e-01,4.372400000000000175e-01,4.016000000000000125e-01,3.690800000000000192e-01,3.297900000000000276e-01,2.872999999999999998e-01,2.097400000000000098e-01,-1.101830000000000087e+00,-1.378689999999999971e+00,-1.061730000000000063e+00,-1.041109999999999980e+00,-1.110540000000000083e+00,-1.102899999999999991e+00,-1.073709999999999942e+00,-1.056159999999999988e+00,-1.064340000000000064e+00,-1.041930000000000023e+00,-1.020790000000000086e+00,-1.006159999999999943e+00,-9.764599999999999946e-01,-9.555200000000000360e-01,-8.942700000000000093e-01,-8.011200000000000543e-01,-6.526300000000000434e-01,-4.231199999999999961e-01,-3.105499999999999927e-01,1.117539999999999978e+00,1.385809999999999986e+00,1.070610000000000062e+00,1.052519999999999900e+00,1.125269999999999992e+00,1.121779999999999999e+00,1.093990000000000018e+00,1.078459999999999974e+00,1.088109999999999911e+00,1.065879999999999939e+00,1.044429999999999970e+00,1.029150000000000009e+00,9.979900000000000437e-01,9.745099999999999874e-01,9.099300000000000166e-01,8.147600000000000398e-01,6.635499999999999732e-01,4.317199999999999926e-01,3.208599999999999786e-01
cmz*c/cref,4.899999999999999842e-04,1.039999999999999909e-03,1.469999999999999953e-03,3.589999999999999875e-03,4.689999999999999725e-03,3.239999999999999825e-03,7.409999999999999920e-03,2.909999999999999826e-03,1.320999999999999952e-02,1.629999999999999852e-02,5.025999999999999912e-02,8.314000000000000556e-02,2.686620000000000008e+00,-1.171800000000000064e-01,-7.600000000000000418e-04,-1.709999999999999932e-03,-2.449999999999999921e-03,-4.380000000000000213e-03,-6.729999999999999871e-03,-5.329999999999999669e-03,-9.220000000000000764e-03,-4.159999999999999636e-03,-1.414999999999999938e-02,-1.250000000000000069e-02,-4.680000000000000132e-02,-8.509999999999999509e-02,-2.655899999999999928e+00,1.381699999999999873e-01,-3.428421874999999786e-02,-1.036311096874999865e-01,-1.588408021874999632e-01,-2.576479206249999709e-01,-3.096913646874999704e-01,-3.790866568749999832e-01,-4.301540090624999535e-01,-5.118109512499999791e-01,-5.867481865624999404e-01,-7.198516240624999174e-01,-6.645289953124999816e-01,-9.013926124999998013e-01,-3.153986787499999389e-01,-4.219096628124999748e-01,3.507477249999999686e-02,1.053735546874999818e-01,1.621562878124999663e-01,2.584465412499999393e-01,3.101915109374999702e-01,3.818334278124999592e-01,4.333847925000000045e-01,5.150135006249999536e-01,5.793064943749999252e-01,7.197951559374998753e-01,7.573625928124998463e-01,1.007351015624999846e+00,4.792691774999999210e-01,4.745581224999999570e-01,3.928500000000000048e-02,-2.159010000000000318e+00,-1.053734999999999866e+00,-5.407800000000000384e-01,-2.545800000000000285e-01,-1.995000000000000245e-03,1.535429999999999851e+00,8.819999999999999715e-03,-1.622550000000000103e-01,-1.531800000000000106e-01,-5.353600000000000025e-02,-2.967999999999999458e-02,7.117599999999999968e-03,1.315439999999999839e-02,4.700079999999999536e-02,5.095439999999999692e-02,4.119919999999999138e-02,4.024719999999999687e-02,4.926320000000000005e-02,4.432399999999999535e-02,3.932879999999999709e-02,4.223519999999999358e-02,3.717279999999999196e-02,3.975439999999999530e-02,3.524639999999999718e-02,3.061519999999999866e-02,2.371599999999999750e-02,3.018399999999999642e-03,-3.679199999999999658e-03,5.149759999999999754e-02,3.263119999999999910e-02,-5.084799999999999563e-03,-1.126719999999999805e-02,-4.585279999999999218e-02,-5.010319999999999357e-02,-4.006799999999999945e-02,-3.920560000000000017e-02,-4.870319999999999511e-02,-4.374719999999999304e-02,-3.876319999999999766e-02,-4.160799999999999915e-02,-3.592399999999999760e-02,-3.781119999999999620e-02,-3.249679999999999236e-02,-2.738399999999999515e-02,-1.905679999999999527e-02,7.111999999999999399e-03,1.838479999999999628e-02,-1.607975818749999730e+00,-2.268623854374999915e+00,-1.380706624999999743e+00,-1.434304506249999944e+00,-1.254714191874999774e+00,-1.247920926249999951e+00,-1.301888991249999794e+00,-1.294536511874999851e+00,-1.212221823124999931e+00,-1.217829713124999991e+00,-1.214651646249999883e+00,-1.202345005624999796e+00,-1.176176164999999774e+00,-1.132427534374999878e+00,-1.088608017499999914e+00,-9.585278106249999208e-01,-7.509216749999999552e-01,-3.481066212499999146e-01,-1.852533381249999722e-01,1.618337025624999592e+00,2.263122293749999514e+00,1.376394378124999873e+00,1.431575385624999752e+00,1.270265847499999934e+00,1.274818319999999838e+00,1.338174874999999986e+00,1.334902293124999861e+00,1.253178323124999993e+00,1.258975243124999865e+00,1.256021649374999827e+00,1.241730193749999822e+00,1.213482023124999865e+00,1.164314532499999721e+00,1.113985294999999986e+00,9.768440299999998633e-01,7.616018699999999031e-01,3.536121199999999742e-01,1.990919093749999869e-01
FC_AoA_,0.000000000000000000e+00
FC_Zcg_,3.058170000000000055e-01
cl,-1.078119999999999967e+00,-1.080559999999999965e+00,-1.081769999999999898e+00,-1.072899999999999965e+00,-1.060370000000000035e+00,-1.037379999999999969e+00,-1.001179999999999959e+00,-9.484900000000000553e-01,-8.673399999999999999e-01,-7.390299999999999647e-01,-4.485000000000000098e-01,-4.528900000000000148e-01,-6.742899999999999450e-01,-8.578599999999999559e-01,-1.075369999999999937e+00,-1.071329999999999893e+00,-1.067909999999999915e+00,-1.056049999999999933e+00,-1.039760000000000018e+00,-1.014880000000000004e+00,-9.769499999999999851e-01,-9.239300000000000290e-01,-8.431800000000000406e-01,-7.240199999999999969e-01,-4.413000000000000256e-01,-4.607600000000000029e-01,-6.413299999999999557e-01,-8.982499999999999929e-01,-1.692509999999999959e+00,-1.685599999999999987e+00,-1.683829999999999938e+00,-1.714169999999999972e+00,-1.717090000000000005e+00,-1.717479999999999896e+00,-1.717570000000000041e+00,-1.726830000000000087e+00,-1.758369999999999989e+00,-1.818109999999999893e+00,-1.829280000000000017e+00,-1.828580000000000094e+00,-1.760259999999999936e+00,-1.544010000000000105e+00,-1.698939999999999895e+00,-1.706120000000000081e+00,-1.705359999999999987e+00,-1.738899999999999890e+00,-1.742729999999999890e+00,-1.744769999999999932e+00,-1.749349999999999961e+00,-1.764790000000000081e+00,-1.806680000000000064e+00,-1.887699999999999934e+00,-1.937400000000000011e+00,-1.988380000000000036e+00,-1.957170000000000076e+00,-1.754159999999999942e+00,5.550000000000000488e-01,-1.343399999999999928e+00,-1.999719999999999942e+00,5.040000000000000036e-02,1.517300000000000038e-01,5.615700000000000136e-01,-1.760820000000000052e+00,-2.346239999999999881e+00,-1.700099999999999945e-01,-1.461500000000000021e-01,-6.233000000000000346e-02,-7.377999999999999836e-02,-1.200000000000000025e-02,-1.049999999999999935e-03,-2.239999999999999804e-03,-2.490000000000000026e-03,-7.200000000000000453e-04,2.100000000000000087e-04,5.900000000000000296e-04,9.100000000000000016e-04,9.499999999999999981e-04,1.059999999999999961e-03,1.639999999999999965e-03,2.170000000000000054e-03,1.920000000000000049e-03,2.660000000000000038e-03,7.660000000000000142e-03,3.160999999999999921e-02,2.582999999999999879e-02,-6.443000000000000116e-02,-7.656999999999999917e-02,-1.310000000000000053e-02,-1.699999999999999905e-03,-2.690000000000000117e-03,-2.820000000000000024e-03,-8.700000000000000051e-04,2.100000000000000087e-04,6.300000000000000261e-04,9.799999999999999684e-04,1.080000000000000014e-03,1.209999999999999921e-03,1.860000000000000108e-03,2.609999999999999907e-03,2.510000000000000078e-03,3.109999999999999917e-03,7.640000000000000090e-03,3.104000000000000162e-02,2.542000000000000162e-02,-7.397799999999999931e-01,-7.986100000000000421e-01,-6.389000000000000234e-02,-4.729999999999999830e-03,1.449999999999999900e-03,1.180000000000000059e-03,5.699999999999999772e-04,3.589999999999999875e-03,6.100000000000000387e-03,5.409999999999999878e-03,4.660000000000000080e-03,4.219999999999999793e-03,4.819999999999999632e-03,5.499999999999999681e-03,5.570000000000000298e-03,8.359999999999999376e-03,2.497999999999999873e-02,1.607000000000000095e-01,1.411399999999999877e-01,-7.411100000000000465e-01,-8.039899999999999824e-01,-6.987999999999999767e-02,-6.620000000000000016e-03,5.100000000000000366e-04,-1.700000000000000122e-04,-1.800000000000000113e-04,2.279999999999999909e-03,4.510000000000000120e-03,4.159999999999999636e-03,3.480000000000000020e-03,3.040000000000000167e-03,3.559999999999999797e-03,4.490000000000000067e-03,5.089999999999999906e-03,9.230000000000000357e-03,2.903999999999999984e-02,1.713999999999999968e-01,1.487999999999999878e-01
FC_Ycg_,0.000000000000000000e+00
FC_Cref_,3.200000000000000067e-01
cmx,-7.828000000000000236e-02,-2.352899999999999991e-01,-3.924300000000000010e-01,-5.446999999999999620e-01,-6.918800000000000505e-01,-8.267900000000000249e-01,-9.423599999999999755e-01,-1.029090000000000060e+00,-1.065830000000000055e+00,-1.002070000000000016e+00,-7.056499999999999995e-01,-7.494600000000000151e-01,-1.301500000000000101e+00,-1.795279999999999987e+00,7.803000000000000214e-02,2.331699999999999884e-01,3.872900000000000231e-01,5.358899999999999775e-01,6.779600000000000071e-01,8.081099999999999950e-01,9.186999999999999611e-01,1.001659999999999995e+00,1.034769999999999968e+00,9.828599999999999559e-01,6.888400000000000079e-01,7.537800000000000056e-01,1.248399999999999954e+00,1.879690000000000083e+00,-3.043899999999999939e-01,-9.090099999999999847e-01,-1.514450000000000074e+00,-2.158879999999999910e+00,-2.779529999999999834e+00,-3.397569999999999979e+00,-4.016259999999999941e+00,-4.659510000000000041e+00,-5.377019999999999911e+00,-6.209179999999999922e+00,-6.894580000000000375e+00,-7.551580000000000403e+00,-7.849020000000000330e+00,-7.487199999999999633e+00,3.055800000000000183e-01,9.203200000000000269e-01,1.533809999999999896e+00,2.189550000000000107e+00,2.821089999999999876e+00,3.451560000000000183e+00,4.090539999999999843e+00,4.761800000000000033e+00,5.526060000000000194e+00,6.448269999999999946e+00,7.305329999999999657e+00,8.209500000000000242e+00,8.722910000000000608e+00,8.507839999999999847e+00,6.760699999999999488e-01,-2.221410000000000107e+00,-2.843430000000000124e+00,1.231999999999999935e-02,1.903100000000000069e-01,-6.565199999999999925e-01,2.522479999999999833e+00,3.242090000000000138e+00,1.149700000000000027e-01,2.568000000000000144e-02,-5.737600000000000477e-01,-6.672099999999999698e-01,-5.036399999999999766e-01,-4.737399999999999944e-01,-4.633599999999999941e-01,-4.530399999999999983e-01,-4.350999999999999868e-01,-4.109800000000000120e-01,-3.817200000000000037e-01,-3.509800000000000142e-01,-3.178000000000000269e-01,-2.837299999999999822e-01,-2.407799999999999940e-01,-2.042299999999999949e-01,-1.645199999999999996e-01,-1.273900000000000032e-01,-8.014000000000000290e-02,1.621999999999999831e-02,3.182999999999999718e-02,5.804099999999999815e-01,6.865400000000000391e-01,5.188599999999999879e-01,4.883299999999999863e-01,4.771799999999999931e-01,4.662100000000000133e-01,4.476299999999999724e-01,4.223700000000000232e-01,3.921000000000000041e-01,3.603600000000000136e-01,3.260799999999999810e-01,2.910900000000000154e-01,2.472199999999999953e-01,2.092900000000000038e-01,1.683399999999999896e-01,1.308400000000000118e-01,8.429000000000000381e-02,-1.010999999999999920e-02,-2.656000000000000028e-02,-5.292290000000000383e+00,-5.963580000000000325e+00,-2.009549999999999947e+00,-1.623690000000000078e+00,-1.610300000000000065e+00,-1.508270000000000000e+00,-1.381180000000000074e+00,-1.257179999999999964e+00,-1.166860000000000008e+00,-1.057770000000000099e+00,-9.540300000000000447e-01,-8.579700000000000104e-01,-7.479700000000000237e-01,-6.483100000000000529e-01,-5.302400000000000446e-01,-3.929099999999999815e-01,-1.873799999999999910e-01,5.431099999999999817e-01,5.344200000000000061e-01,5.324360000000000426e+00,5.997690000000000410e+00,2.050670000000000215e+00,1.649750000000000050e+00,1.635839999999999961e+00,1.540159999999999973e+00,1.410630000000000051e+00,1.289819999999999967e+00,1.200530000000000097e+00,1.088170000000000082e+00,9.818099999999999605e-01,8.831700000000000106e-01,7.704999999999999627e-01,6.660899999999999599e-01,5.420099999999999918e-01,3.963400000000000256e-01,1.746699999999999919e-01,-5.866299999999999848e-01,-5.652500000000000302e-01
FC_Sref_,4.159999999999999809e-01
FC_Beta_,0.000000000000000000e+00
cx,-7.020000000000000198e-03,-4.899999999999999842e-03,-4.040000000000000188e-03,-6.939999999999999988e-03,-6.910000000000000343e-03,-3.530000000000000152e-03,-7.000000000000000146e-03,-1.440000000000000091e-03,-9.369999999999999857e-03,-9.499999999999999764e-03,-4.062999999999999945e-02,-3.928999999999999854e-02,-1.506559999999999899e+00,2.145999999999999991e-02,-1.043999999999999963e-02,-7.740000000000000352e-03,-6.590000000000000371e-03,-8.259999999999999981e-03,-9.700000000000000289e-03,-5.660000000000000100e-03,-8.439999999999999586e-03,-2.239999999999999804e-03,-9.409999999999999962e-03,-7.289999999999999605e-03,-3.683999999999999775e-02,-3.801999999999999824e-02,-1.492739999999999956e+00,2.929999999999999966e-02,4.728100000000000080e-01,4.774599999999999955e-01,4.375999999999999890e-01,5.066100000000000048e-01,4.743299999999999739e-01,4.752399999999999958e-01,4.561000000000000054e-01,4.701799999999999868e-01,4.761099999999999777e-01,5.240899999999999448e-01,4.391399999999999748e-01,5.466199999999999948e-01,1.857300000000000062e-01,2.185699999999999865e-01,4.834499999999999909e-01,4.848399999999999932e-01,4.469000000000000195e-01,5.086000000000000520e-01,4.750499999999999723e-01,4.786599999999999744e-01,4.595099999999999740e-01,4.730900000000000105e-01,4.697799999999999754e-01,5.239300000000000068e-01,4.996399999999999730e-01,6.116599999999999815e-01,2.794599999999999862e-01,2.459000000000000075e-01,8.000000000000000383e-04,6.822899999999999521e-01,3.024399999999999866e-01,7.237000000000000377e-02,8.779999999999999610e-03,-6.099999999999999737e-04,7.062500000000000444e-01,-1.216499999999999942e-01,-1.520000000000000084e-03,8.579000000000000514e-02,4.521000000000000019e-02,4.222000000000000058e-02,2.741999999999999993e-02,2.979000000000000051e-02,1.102000000000000028e-02,1.058000000000000086e-02,1.879000000000000115e-02,2.008000000000000063e-02,1.354999999999999954e-02,1.620999999999999872e-02,1.853000000000000133e-02,1.480000000000000066e-02,1.692000000000000101e-02,1.204000000000000035e-02,1.306000000000000043e-02,1.170000000000000033e-02,1.110000000000000049e-02,1.718000000000000083e-02,1.443000000000000012e-02,4.454000000000000320e-02,4.406999999999999806e-02,2.891000000000000167e-02,3.128000000000000225e-02,1.213000000000000016e-02,1.158000000000000002e-02,1.999000000000000082e-02,2.126000000000000112e-02,1.444999999999999930e-02,1.713999999999999899e-02,1.946000000000000160e-02,1.573000000000000093e-02,1.815999999999999906e-02,1.365000000000000067e-02,1.508999999999999925e-02,1.389999999999999916e-02,1.403000000000000080e-02,2.284999999999999878e-02,2.232999999999999916e-02,7.399099999999999566e-01,1.093380000000000019e+00,6.900899999999999812e-01,7.381699999999999928e-01,6.245300000000000296e-01,6.225000000000000533e-01,6.595199999999999951e-01,6.575499999999999678e-01,6.061299999999999466e-01,6.122800000000000464e-01,6.129299999999999748e-01,6.068700000000000205e-01,5.958700000000000108e-01,5.723899999999999544e-01,5.568800000000000416e-01,4.949799999999999756e-01,3.931899999999999840e-01,1.831599999999999895e-01,9.241000000000000603e-02,7.424699999999999633e-01,1.089099999999999957e+00,6.869499999999999496e-01,7.359700000000000131e-01,6.323499999999999677e-01,6.362200000000000077e-01,6.786299999999999555e-01,6.788100000000000245e-01,6.276500000000000412e-01,6.340099999999999625e-01,6.349099999999999744e-01,6.278099999999999792e-01,6.157700000000000395e-01,5.894899999999999585e-01,5.705299999999999816e-01,5.042699999999999960e-01,3.977999999999999869e-01,1.844300000000000106e-01,9.783999999999999642e-02
FC_Pitch_Rate,0.000000000000000000e+00
cd,-7.020000000000000198e-03,-4.899999999999999842e-03,-4.040000000000000188e-03,-6.939999999999999988e-03,-6.910000000000000343e-03,-3.530000000000000152e-03,-7.000000000000000146e-03,-1.440000000000000091e-03,-9.369999999999999857e-03,-9.499999999999999764e-03,-4.062999999999999945e-02,-3.928999999999999854e-02,-1.506559999999999899e+00,2.145999999999999991e-02,-1.043999999999999963e-02,-7.740000000000000352e-03,-6.590000000000000371e-03,-8.259999999999999981e-03,-9.700000000000000289e-03,-5.660000000000000100e-03,-8.439999999999999586e-03,-2.239999999999999804e-03,-9.409999999999999962e-03,-7.289999999999999605e-03,-3.683999999999999775e-02,-3.801999999999999824e-02,-1.492739999999999956e+00,2.929999999999999966e-02,4.728100000000000080e-01,4.774599999999999955e-01,4.375999999999999890e-01,5.066100000000000048e-01,4.743299999999999739e-01,4.752399999999999958e-01,4.561000000000000054e-01,4.701799999999999868e-01,4.761099999999999777e-01,5.240899999999999448e-01,4.391399999999999748e-01,5.466199999999999948e-01,1.857300000000000062e-01,2.185699999999999865e-01,4.834499999999999909e-01,4.848399999999999932e-01,4.469000000000000195e-01,5.086000000000000520e-01,4.750499999999999723e-01,4.786599999999999744e-01,4.595099999999999740e-01,4.730900000000000105e-01,4.697799999999999754e-01,5.239300000000000068e-01,4.996399999999999730e-01,6.116599999999999815e-01,2.794599999999999862e-01,2.459000000000000075e-01,8.000000000000000383e-04,6.822899999999999521e-01,3.024399999999999866e-01,7.237000000000000377e-02,8.779999999999999610e-03,-6.099999999999999737e-04,7.062500000000000444e-01,-1.216499999999999942e-01,-1.520000000000000084e-03,8.579000000000000514e-02,4.521000000000000019e-02,4.222000000000000058e-02,2.741999999999999993e-02,2.979000000000000051e-02,1.102000000000000028e-02,1.058000000000000086e-02,1.879000000000000115e-02,2.008000000000000063e-02,1.354999999999999954e-02,1.620999999999999872e-02,1.853000000000000133e-02,1.480000000000000066e-02,1.692000000000000101e-02,1.204000000000000035e-02,1.306000000000000043e-02,1.170000000000000033e-02,1.110000000000000049e-02,1.718000000000000083e-02,1.443000000000000012e-02,4.454000000000000320e-02,4.406999999999999806e-02,2.891000000000000167e-02,3.128000000000000225e-02,1.213000000000000016e-02,1.158000000000000002e-02,1.999000000000000082e-02,2.126000000000000112e-02,1.444999999999999930e-02,1.713999999999999899e-02,1.946000000000000160e-02,1.573000000000000093e-02,1.815999999999999906e-02,1.365000000000000067e-02,1.508999999999999925e-02,1.389999999999999916e-02,1.403000000000000080e-02,2.284999999999999878e-02,2.232999999999999916e-02,7.399099999999999566e-01,1.093380000000000019e+00,6.900899999999999812e-01,7.381699999999999928e-01,6.245300000000000296e-01,6.225000000000000533e-01,6.595199999999999951e-01,6.575499999999999678e-01,6.061299999999999466e-01,6.122800000000000464e-01,6.129299999999999748e-01,6.068700000000000205e-01,5.958700000000000108e-01,5.723899999999999544e-01,5.568800000000000416e-01,4.949799999999999756e-01,3.931899999999999840e-01,1.831599999999999895e-01,9.241000000000000603e-02,7.424699999999999633e-01,1.089099999999999957e+00,6.869499999999999496e-01,7.359700000000000131e-01,6.323499999999999677e-01,6.362200000000000077e-01,6.786299999999999555e-01,6.788100000000000245e-01,6.276500000000000412e-01,6.340099999999999625e-01,6.349099999999999744e-01,6.278099999999999792e-01,6.157700000000000395e-01,5.894899999999999585e-01,5.705299999999999816e-01,5.042699999999999960e-01,3.977999999999999869e-01,1.844300000000000106e-01,9.783999999999999642e-02
FC_Yaw___Rate,0.000000000000000000e+00
cl*c/cref,-1.078119999999999967e+00,-1.080559999999999965e+00,-1.081769999999999898e+00,-1.072899999999999965e+00,-1.060370000000000035e+00,-1.037379999999999969e+00,-1.001179999999999959e+00,-9.484900000000000553e-01,-8.673399999999999999e-01,-7.390299999999999647e-01,-4.485000000000000098e-01,-4.528900000000000148e-01,-6.742899999999999450e-01,-8.578599999999999559e-01,-1.075369999999999937e+00,-1.071329999999999893e+00,-1.067909999999999915e+00,-1.056049999999999933e+00,-1.039760000000000018e+00,-1.014880000000000004e+00,-9.769499999999999851e-01,-9.239300000000000290e-01,-8.431800000000000406e-01,-7.240199999999999969e-01,-4.413000000000000256e-01,-4.607600000000000029e-01,-6.413299999999999557e-01,-8.982499999999999929e-01,-6.826633303124999275e-01,-6.798762249999998897e-01,-6.791623065624998734e-01,-6.913997559374999158e-01,-6.925775196874999207e-01,-6.927348237499998396e-01,-6.927711246874999063e-01,-6.965060878124998966e-01,-7.092275496874999030e-01,-7.333233053124998957e-01,-7.378286549999999444e-01,-7.375463143749999562e-01,-7.099898693749998602e-01,-6.227667834374999156e-01,-6.852568306249998686e-01,-6.881528387499998844e-01,-6.878462974999999258e-01,-7.013744468749998351e-01,-7.029192534374998358e-01,-7.037420746874998301e-01,-7.055893890624999054e-01,-7.118170165624999601e-01,-7.287130862499999751e-01,-7.613919968749999212e-01,-7.814381812499998636e-01,-8.020006456249999527e-01,-7.894122871874998948e-01,-7.075294724999998675e-01,8.325000000000000178e-01,-2.015099999999999891e+00,-2.999579999999999913e+00,7.560000000000000053e-02,2.275949999999999918e-01,8.423549999999999649e-01,-2.641230000000000189e+00,-3.519359999999999822e+00,-2.550149999999999917e-01,-2.192250000000000032e-01,-3.490479999999999972e-02,-4.131679999999999381e-02,-6.719999999999999411e-03,-5.879999999999998726e-04,-1.254399999999999699e-03,-1.394399999999999850e-03,-4.031999999999999885e-04,1.175999999999999989e-04,3.304000000000000079e-04,5.095999999999999185e-04,5.319999999999999209e-04,5.935999999999999003e-04,9.183999999999998805e-04,1.215199999999999831e-03,1.075199999999999897e-03,1.489599999999999778e-03,4.289599999999999316e-03,1.770159999999999789e-02,1.446479999999999815e-02,-3.608079999999999621e-02,-4.287919999999999232e-02,-7.335999999999999639e-03,-9.519999999999998299e-04,-1.506399999999999970e-03,-1.579199999999999788e-03,-4.871999999999999703e-04,1.175999999999999989e-04,3.527999999999999561e-04,5.487999999999998955e-04,6.047999999999999557e-04,6.775999999999998821e-04,1.041599999999999948e-03,1.461599999999999748e-03,1.405599999999999905e-03,1.741599999999999832e-03,4.278399999999999911e-03,1.738239999999999924e-02,1.423519999999999994e-02,-2.913346112499999863e-01,-3.145026006249999617e-01,-2.516068062499999744e-02,-1.862733124999999814e-03,5.710281249999999429e-04,4.646987499999999729e-04,2.244731249999999516e-04,1.413786874999999749e-03,2.402256250000000051e-03,2.130525624999999538e-03,1.835166249999999923e-03,1.661888749999999642e-03,1.898176249999999551e-03,2.165968749999999492e-03,2.193535625000000034e-03,3.292272499999999470e-03,9.837436249999997884e-03,6.328566874999999592e-02,5.558269624999998687e-02,-2.918583818749999614e-01,-3.166213118749999778e-01,-2.751961749999999596e-02,-2.607038749999999495e-03,2.008443749999999823e-04,-6.694812499999999863e-05,-7.088625000000000253e-05,8.978924999999998062e-04,1.776094374999999783e-03,1.638259999999999673e-03,1.370467499999999950e-03,1.197189999999999886e-03,1.401972499999999764e-03,1.768218124999999721e-03,2.004505624999999847e-03,3.634889374999999891e-03,1.143631499999999898e-02,6.749946249999999592e-02,5.859929999999998612e-02
WingId,1,1,1,1,1,1,1,1,1,1,1,1,1,1,2,2,2,2,2,2,2,2,2,2,2,2,2,2,3,3,3,3,3,3,3,3,3,3,3,3,3,3,4,4,4,4,4,4,4,4,4,4,4,4,4,4,5,5,5,5,5,6,6,6,6,6,7,7,7,7,7,7,7,7,7,7,7,7,7,7,7,7,7,7,7,8,8,8,8,8,8,8,8,8,8,8,8,8,8,8,8,8,8,8,9,9,9,9,9,9,9,9,9,9,9,9,9,9,9,9,9,9,9,10,10,10,10,10,10,10,10,10,10,10,10,10,10,10,10,10,10,10
S,6.063999999999999946e-02,1.550700000000000134e-01,2.226700000000000068e-01,2.902600000000000180e-01,3.578500000000000014e-01,4.254499999999999948e-01,4.930399999999999783e-01,5.606400000000000272e-01,6.282299999999999551e-01,6.958299999999999486e-01,7.634199999999999875e-01,8.310100000000000264e-01,8.986100000000000199e-01,9.661999999999999478e-01,6.063999999999999946e-02,1.550700000000000134e-01,2.226700000000000068e-01,2.902600000000000180e-01,3.578500000000000014e-01,4.254499999999999948e-01,4.930399999999999783e-01,5.606400000000000272e-01,6.282299999999999551e-01,6.958299999999999486e-01,7.634199999999999875e-01,8.310100000000000264e-01,8.986100000000000199e-01,9.661999999999999478e-01,3.089000000000000079e-02,9.786999999999999866e-02,1.700399999999999967e-01,2.422100000000000086e-01,3.143799999999999928e-01,3.865500000000000047e-01,4.587200000000000166e-01,5.308899999999999730e-01,6.030600000000000405e-01,6.752299999999999969e-01,7.473999999999999533e-01,8.195700000000000207e-01,8.917399999999999771e-01,9.639100000000000446e-01,3.089000000000000079e-02,9.786999999999999866e-02,1.700399999999999967e-01,2.422100000000000086e-01,3.143799999999999928e-01,3.865500000000000047e-01,4.587200000000000166e-01,5.308899999999999730e-01,6.030600000000000405e-01,6.752299999999999969e-01,7.473999999999999533e-01,8.195700000000000207e-01,8.917399999999999771e-01,9.639100000000000446e-01,2.509700000000000264e-01,5.642000000000000348e-01,6.887100000000000444e-01,8.132300000000000084e-01,9.377400000000000180e-01,2.509700000000000264e-01,5.642000000000000348e-01,6.887100000000000444e-01,8.132300000000000084e-01,9.377400000000000180e-01,9.614000000000000323e-02,2.147300000000000042e-01,2.595999999999999974e-01,3.044700000000000184e-01,3.493399999999999839e-01,3.942200000000000149e-01,4.390899999999999803e-01,4.839600000000000013e-01,5.288399999999999768e-01,5.737100000000000533e-01,6.185800000000000187e-01,6.634499999999999842e-01,7.083300000000000152e-01,7.531999999999999806e-01,7.980699999999999461e-01,8.429499999999999771e-01,8.878200000000000536e-01,9.326900000000000190e-01,9.775599999999999845e-01,9.614000000000000323e-02,2.147300000000000042e-01,2.595999999999999974e-01,3.044700000000000184e-01,3.493399999999999839e-01,3.942200000000000149e-01,4.390899999999999803e-01,4.839600000000000013e-01,5.288399999999999768e-01,5.737100000000000533e-01,6.185800000000000187e-01,6.634499999999999842e-01,7.083300000000000152e-01,7.531999999999999806e-01,7.980699999999999461e-01,8.429499999999999771e-01,8.878200000000000536e-01,9.326900000000000190e-01,9.775599999999999845e-01,7.212999999999999967e-02,1.680300000000000127e-01,2.155700000000000116e-01,2.631100000000000105e-01,3.106599999999999917e-01,3.582000000000000184e-01,4.057399999999999896e-01,4.532800000000000162e-01,5.008200000000000429e-01,5.483599999999999586e-01,5.958999999999999853e-01,6.434400000000000119e-01,6.909800000000000386e-01,7.385199999999999543e-01,7.860700000000000465e-01,8.336099999999999621e-01,8.811499999999999888e-01,9.286900000000000155e-01,9.762300000000000422e-01,7.212999999999999967e-02,1.680300000000000127e-01,2.155700000000000116e-01,2.631100000000000105e-01,3.106599999999999917e-01,3.582000000000000184e-01,4.057399999999999896e-01,4.532800000000000162e-01,5.008200000000000429e-01,5.483599999999999586e-01,5.958999999999999853e-01,6.434400000000000119e-01,6.909800000000000386e-01,7.385199999999999543e-01,7.860700000000000465e-01,8.336099999999999621e-01,8.811499999999999888e-01,9.286900000000000155e-01,9.762300000000000422e-01
Xavg,3.201999999999999846e-01,3.201999999999999846e-01,3.201999999999999846e-01,3.201999999999999846e-01,3.201999999999999846e-01,3.201999999999999846e-01,3.201999999999999846e-01,3.201999999999999846e-01,3.201999999999999846e-01,3.201999999999999846e-01,3.201999999999999846e-01,3.201999999999999846e-01,3.201999999999999846e-01,3.201999999999999846e-01,3.201999999999999846e-01,3.201999999999999846e-01,3.201999999999999846e-01,3.201999999999999846e-01,3.201999999999999846e-01,3.201999999999999846e-01,3.201999999999999846e-01,3.201999999999999846e-01,3.201999999999999846e-01,3.201999999999999846e-01,3.201999999999999846e-01,3.201999999999999846e-01,3.201999999999999846e-01,3.201999999999999846e-01,5.157699999999999507e-01,5.157699999999999507e-01,5.157699999999999507e-01,5.157699999999999507e-01,5.157699999999999507e-01,5.157699999999999507e-01,5.157699999999999507e-01,5.157699999999999507e-01,5.157699999999999507e-01,5.157699999999999507e-01,5.157699999999999507e-01,5.157699999999999507e-01,5.157699999999999507e-01,5.157699999999999507e-01,5.157699999999999507e-01,5.157699999999999507e-01,5.157699999999999507e-01,5.157699999999999507e-01,5.157699999999999507e-01,5.157699999999999507e-01,5.157699999999999507e-01,5.157699999999999507e-01,5.157699999999999507e-01,5.157699999999999507e-01,5.157699999999999507e-01,5.157699999999999507e-01,5.157699999999999507e-01,5.157699999999999507e-01,3.990000000000000213e-01,3.990000000000000213e-01,3.990000000000000213e-01,3.990000000000000213e-01,3.990000000000000213e-01,3.990000000000000213e-01,3.990000000000000213e-01,3.990000000000000213e-01,3.990000000000000213e-01,3.990000000000000213e-01,2.713999999999999746e-01,2.713999999999999746e-01,2.713999999999999746e-01,2.713999999999999746e-01,2.713999999999999746e-01,2.713999999999999746e-01,2.713999999999999746e-01,2.713999999999999746e-01,2.713999999999999746e-01,2.713999999999999746e-01,2.713999999999999746e-01,2.713999999999999746e-01,2.713999999999999746e-01,2.713999999999999746e-01,2.713999999999999746e-01,2.713999999999999746e-01,2.713999999999999746e-01,2.713999999999999746e-01,2.713999999999999746e-01,2.713999999999999746e-01,2.713999999999999746e-01,2.713999999999999746e-01,2.713999999999999746e-01,2.713999999999999746e-01,2.713999999999999746e-01,2.713999999999999746e-01,2.713999999999999746e-01,2.713999999999999746e-01,2.713999999999999746e-01,2.713999999999999746e-01,2.713999999999999746e-01,2.713999999999999746e-01,2.713999999999999746e-01,2.713999999999999746e-01,2.713999999999999746e-01,2.713999999999999746e-01,2.713999999999999746e-01,2.713999999999999746e-01,3.780100000000000127e-01,3.780100000000000127e-01,3.780100000000000127e-01,3.780100000000000127e-01,3.780100000000000127e-01,3.780100000000000127e-01,3.780100000000000127e-01,3.780100000000000127e-01,3.780100000000000127e-01,3.780100000000000127e-01,3.780100000000000127e-01,3.780100000000000127e-01,3.780100000000000127e-01,3.780100000000000127e-01,3.780100000000000127e-01,3.780100000000000127e-01,3.780100000000000127e-01,3.780100000000000127e-01,3.780100000000000127e-01,3.780100000000000127e-01,3.780100000000000127e-01,3.780100000000000127e-01,3.780100000000000127e-01,3.780100000000000127e-01,3.780100000000000127e-01,3.780100000000000127e-01,3.780100000000000127e-01,3.780100000000000127e-01,3.780100000000000127e-01,3.780100000000000127e-01,3.780100000000000127e-01,3.780100000000000127e-01,3.780100000000000127e-01,3.780100000000000127e-01,3.780100000000000127e-01,3.780100000000000127e-01,3.780100000000000127e-01,3.780100000000000127e-01
Yavg,2.321000000000000146e-02,6.963999999999999357e-02,1.160700000000000065e-01,1.625000000000000056e-01,2.089300000000000046e-01,2.553599999999999759e-01,3.017900000000000027e-01,3.482100000000000195e-01,3.946399999999999908e-01,4.410700000000000176e-01,4.874999999999999889e-01,5.339300000000000157e-01,5.803599999999999870e-01,6.267899999999999583e-01,-2.321000000000000146e-02,-6.963999999999999357e-02,-1.160700000000000065e-01,-1.625000000000000056e-01,-2.089300000000000046e-01,-2.553599999999999759e-01,-3.017900000000000027e-01,-3.482100000000000195e-01,-3.946399999999999908e-01,-4.410700000000000176e-01,-4.874999999999999889e-01,-5.339300000000000157e-01,-5.803599999999999870e-01,-6.267899999999999583e-01,2.321000000000000146e-02,6.963999999999999357e-02,1.160700000000000065e-01,1.625000000000000056e-01,2.089300000000000046e-01,2.553599999999999759e-01,3.017900000000000027e-01,3.482100000000000195e-01,3.946399999999999908e-01,4.410700000000000176e-01,4.874999999999999889e-01,5.339300000000000157e-01,5.803599999999999870e-01,6.267899999999999583e-01,-2.321000000000000146e-02,-6.963999999999999357e-02,-1.160700000000000065e-01,-1.625000000000000056e-01,-2.089300000000000046e-01,-2.553599999999999759e-01,-3.017900000000000027e-01,-3.482100000000000195e-01,-3.946399999999999908e-01,-4.410700000000000176e-01,-4.874999999999999889e-01,-5.339300000000000157e-01,-5.803599999999999870e-01,-6.267899999999999583e-01,6.500000000000000222e-01,6.500000000000000222e-01,6.500000000000000222e-01,6.500000000000000222e-01,6.500000000000000222e-01,-6.500000000000000222e-01,-6.500000000000000222e-01,-6.500000000000000222e-01,-6.500000000000000222e-01,-6.500000000000000222e-01,4.833799999999999764e-01,4.833799999999999764e-01,4.833799999999999764e-01,4.833799999999999764e-01,4.833799999999999764e-01,4.833799999999999764e-01,4.833799999999999764e-01,4.833799999999999764e-01,4.833799999999999764e-01,4.833799999999999764e-01,4.833799999999999764e-01,4.833799999999999764e-01,4.833799999999999764e-01,4.833799999999999764e-01,4.833799999999999764e-01,4.833799999999999764e-01,4.833799999999999764e-01,4.833799999999999764e-01,4.833799999999999764e-01,-4.833799999999999764e-01,-4.833799999999999764e-01,-4.833799999999999764e-01,-4.833799999999999764e-01,-4.833799999999999764e-01,-4.833799999999999764e-01,-4.833799999999999764e-01,-4.833799999999999764e-01,-4.833799999999999764e-01,-4.833799999999999764e-01,-4.833799999999999764e-01,-4.833799999999999764e-01,-4.833799999999999764e-01,-4.833799999999999764e-01,-4.833799999999999764e-01,-4.833799999999999764e-01,-4.833799999999999764e-01,-4.833799999999999764e-01,-4.833799999999999764e-01,5.425299999999999567e-01,5.425299999999999567e-01,5.425299999999999567e-01,5.425299999999999567e-01,5.425299999999999567e-01,5.425299999999999567e-01,5.425299999999999567e-01,5.425299999999999567e-01,5.425299999999999567e-01,5.425299999999999567e-01,5.425299999999999567e-01,5.425299999999999567e-01,5.425299999999999567e-01,5.425299999999999567e-01,5.425299999999999567e-01,5.425299999999999567e-01,5.425299999999999567e-01,5.425299999999999567e-01,5.425299999999999567e-01,-5.425299999999999567e-01,-5.425299999999999567e-01,-5.425299999999999567e-01,-5.425299999999999567e-01,-5.425299999999999567e-01,-5.425299999999999567e-01,-5.425299999999999567e-01,-5.425299999999999567e-01,-5.425299999999999567e-01,-5.425299999999999567e-01,-5.425299999999999567e-01,-5.425299999999999567e-01,-5.425299999999999567e-01,-5.425299999999999567e-01,-5.425299999999999567e-01,-5.425299999999999567e-01,-5.425299999999999567e-01,-5.425299999999999567e-01,-5.425299999999999567e-01
Zavg,7.063999999999999446e-02,7.063999999999999446e-02,7.063999999999999446e-02,7.063999999999999446e-02,7.063999999999999446e-02,7.063999999999999446e-02,7.063999999999999446e-02,7.063999999999999446e-02,7.063999999999999446e-02,7.063999999999999446e-02,7.063999999999999446e-02,7.063999999999999446e-02,7.063999999999999446e-02,7.063999999999999446e-02,7.063999999999999446e-02,7.063999999999999446e-02,7.063999999999999446e-02,7.063999999999999446e-02,7.063999999999999446e-02,7.063999999999999446e-02,7.063999999999999446e-02,7.063999999999999446e-02,7.063999999999999446e-02,7.063999999999999446e-02,7.063999999999999446e-02,7.063999999999999446e-02,7.063999999999999446e-02,7.063999999999999446e-02,1.238599999999999979e-01,1.238599999999999979e-01,1.238599999999999979e-01,1.238599999999999979e-01,1.238599999999999979e-01,1.238599999999999979e-01,1.238599999999999979e-01,1.238599999999999979e-01,1.238599999999999979e-01,1.238599999999999979e-01,1.238599999999999979e-01,1.238599999999999979e-01,1.238599999999999979e-01,1.238599999999999979e-01,1.238599999999999979e-01,1.238599999999999979e-01,1.238599999999999979e-01,1.238599999999999979e-01,1.238599999999999979e-01,1.238599999999999979e-01,1.238599999999999979e-01,1.238599999999999979e-01,1.238599999999999979e-01,1.238599999999999979e-01,1.238599999999999979e-01,1.238599999999999979e-01,1.238599999999999979e-01,1.238599999999999979e-01,4.499999999999999833e-02,7.499999999999999722e-02,1.049999999999999961e-01,1.350000000000000089e-01,1.650000000000000078e-01,4.499999999999999833e-02,7.499999999999999722e-02,1.049999999999999961e-01,1.350000000000000089e-01,1.650000000000000078e-01,8.025999999999999801e-02,9.078999999999999571e-02,1.013199999999999934e-01,1.118399999999999950e-01,1.223700000000000065e-01,1.328900000000000081e-01,1.434199999999999919e-01,1.539500000000000035e-01,1.644700000000000051e-01,1.749999999999999889e-01,1.855300000000000005e-01,1.960500000000000020e-01,2.065800000000000136e-01,2.171099999999999974e-01,2.276299999999999990e-01,2.381600000000000106e-01,2.486800000000000122e-01,2.592099999999999960e-01,2.697399999999999798e-01,8.025999999999999801e-02,9.078999999999999571e-02,1.013199999999999934e-01,1.118399999999999950e-01,1.223700000000000065e-01,1.328900000000000081e-01,1.434199999999999919e-01,1.539500000000000035e-01,1.644700000000000051e-01,1.749999999999999889e-01,1.855300000000000005e-01,1.960500000000000020e-01,2.065800000000000136e-01,2.171099999999999974e-01,2.276299999999999990e-01,2.381600000000000106e-01,2.486800000000000122e-01,2.592099999999999960e-01,2.697399999999999798e-01,8.025999999999999801e-02,9.078999999999999571e-02,1.013199999999999934e-01,1.118399999999999950e-01,1.223700000000000065e-01,1.328900000000000081e-01,1.434199999999999919e-01,1.539500000000000035e-01,1.644700000000000051e-01,1.749999999999999889e-01,1.855300000000000005e-01,1.960500000000000020e-01,2.065800000000000136e-01,2.171099999999999974e-01,2.276299999999999990e-01,2.381600000000000106e-01,2.486800000000000122e-01,2.592099999999999960e-01,2.697399999999999798e-01,8.025999999999999801e-02,9.078999999999999571e-02,1.013199999999999934e-01,1.118399999999999950e-01,1.223700000000000065e-01,1.328900000000000081e-01,1.434199999999999919e-01,1.539500000000000035e-01,1.644700000000000051e-01,1.749999999999999889e-01,1.855300000000000005e-01,1.960500000000000020e-01,2.065800000000000136e-01,2.171099999999999974e-01,2.276299999999999990e-01,2.381600000000000106e-01,2.486800000000000122e-01,2.592099999999999960e-01,2.697399999999999798e-01
V/Vref,1.084859999999999935e+00,1.084500000000000020e+00,1.082319999999999949e+00,1.083539999999999948e+00,1.084770000000000012e+00,1.085380000000000011e+00,1.092060000000000031e+00,1.096700000000000008e+00,1.106370000000000076e+00,1.129329999999999945e+00,1.150849999999999929e+00,1.090649999999999897e+00,1.014229999999999965e+00,9.790799999999999503e-01,1.086000000000000076e+00,1.085960000000000036e+00,1.084030000000000049e+00,1.085099999999999953e+00,1.087919999999999998e+00,1.088470000000000049e+00,1.095409999999999995e+00,1.100209999999999910e+00,1.111439999999999984e+00,1.134919999999999929e+00,1.154700000000000060e+00,1.102130000000000054e+00,1.022250000000000103e+00,9.837200000000000388e-01,9.575700000000000323e-01,9.567200000000000149e-01,9.615200000000000413e-01,9.586799999999999766e-01,9.666099999999999692e-01,9.676900000000000501e-01,9.760100000000000442e-01,9.797599999999999643e-01,9.868000000000000105e-01,9.945500000000000451e-01,1.028980000000000006e+00,1.048070000000000057e+00,1.116249999999999964e+00,9.437400000000000233e-01,9.565700000000000314e-01,9.565500000000000114e-01,9.610499999999999599e-01,9.586500000000000021e-01,9.703000000000000513e-01,9.715899999999999537e-01,9.807599999999999651e-01,9.844500000000000473e-01,1.004059999999999953e+00,1.013929999999999998e+00,1.057120000000000060e+00,1.075760000000000050e+00,1.140819999999999945e+00,9.601600000000000135e-01,1.086719999999999908e+00,1.029290000000000038e+00,1.010680000000000023e+00,8.425899999999999501e-01,8.582300000000000484e-01,1.084640000000000049e+00,1.008620000000000072e+00,9.638400000000000301e-01,8.742299999999999516e-01,8.341399999999999926e-01,8.316799999999999748e-01,8.764100000000000223e-01,9.163900000000000379e-01,9.174600000000000533e-01,9.201099999999999834e-01,9.195499999999999785e-01,9.203999999999999959e-01,9.196699999999999875e-01,9.324999999999999956e-01,9.317800000000000527e-01,9.297400000000000109e-01,9.374299999999999855e-01,9.388400000000000079e-01,9.364500000000000046e-01,9.343799999999999883e-01,9.409100000000000241e-01,9.361599999999999921e-01,9.235900000000000221e-01,9.097300000000000386e-01,8.380900000000000016e-01,8.830000000000000071e-01,9.226999999999999647e-01,9.238399999999999945e-01,9.270599999999999952e-01,9.265700000000000047e-01,9.275299999999999656e-01,9.268800000000000372e-01,9.397900000000000142e-01,9.390800000000000258e-01,9.370300000000000296e-01,9.447799999999999532e-01,9.460800000000000320e-01,9.435799999999999743e-01,9.415700000000000180e-01,9.481000000000000538e-01,9.435799999999999743e-01,9.315999999999999837e-01,9.193700000000000205e-01,7.571799999999999642e-01,7.682999999999999829e-01,8.117799999999999461e-01,8.118300000000000516e-01,8.115700000000000136e-01,8.115299999999999736e-01,7.963799999999999768e-01,7.967999999999999527e-01,8.198100000000000387e-01,8.197600000000000442e-01,8.222300000000000164e-01,8.305399999999999450e-01,8.434000000000000385e-01,8.569299999999999695e-01,8.591400000000000148e-01,8.519700000000000051e-01,8.509400000000000297e-01,8.220699999999999674e-01,8.054900000000000393e-01,7.618500000000000272e-01,7.685800000000000409e-01,8.146400000000000308e-01,8.160699999999999621e-01,8.160399999999999876e-01,8.158100000000000351e-01,7.997900000000000009e-01,8.001899999999999569e-01,8.228799999999999448e-01,8.228799999999999448e-01,8.249800000000000466e-01,8.345900000000000540e-01,8.477099999999999635e-01,8.602899999999999991e-01,8.631199999999999983e-01,8.559700000000000086e-01,8.544300000000000228e-01,8.239900000000000002e-01,8.055499999999999883e-01
FC_Xcg_,2.954149999999999832e-01
cz,-1.078119999999999967e+00,-1.080559999999999965e+00,-1.081769999999999898e+00,-1.072899999999999965e+00,-1.060370000000000035e+00,-1.037379999999999969e+00,-1.001179999999999959e+00,-9.484900000000000553e-01,-8.673399999999999999e-01,-7.390299999999999647e-01,-4.485000000000000098e-01,-4.528900000000000148e-01,-6.742899999999999450e-01,-8.578599999999999559e-01,-1.075369999999999937e+00,-1.071329999999999893e+00,-1.067909999999999915e+00,-1.056049999999999933e+00,-1.039760000000000018e+00,-1.014880000000000004e+00,-9.769499999999999851e-01,-9.239300000000000290e-01,-8.431800000000000406e-01,-7.240199999999999969e-01,-4.413000000000000256e-01,-4.607600000000000029e-01,-6.413299999999999557e-01,-8.982499999999999929e-01,-1.692509999999999959e+00,-1.685599999999999987e+00,-1.683829999999999938e+00,-1.714169999999999972e+00,-1.717090000000000005e+00,-1.717479999999999896e+00,-1.717570000000000041e+00,-1.726830000000000087e+00,-1.758369999999999989e+00,-1.818109999999999893e+00,-1.829280000000000017e+00,-1.828580000000000094e+00,-1.760259999999999936e+00,-1.544010000000000105e+00,-1.698939999999999895e+00,-1.706120000000000081e+00,-1.705359999999999987e+00,-1.738899999999999890e+00,-1.742729999999999890e+00,-1.744769999999999932e+00,-1.749349999999999961e+00,-1.764790000000000081e+00,-1.806680000000000064e+00,-1.887699999999999934e+00,-1.937400000000000011e+00,-1.988380000000000036e+00,-1.957170000000000076e+00,-1.754159999999999942e+00,5.550000000000000488e-01,-1.343399999999999928e+00,-1.999719999999999942e+00,5.040000000000000036e-02,1.517300000000000038e-01,5.615700000000000136e-01,-1.760820000000000052e+00,-2.346239999999999881e+00,-1.700099999999999945e-01,-1.461500000000000021e-01,-6.233000000000000346e-02,-7.377999999999999836e-02,-1.200000000000000025e-02,-1.049999999999999935e-03,-2.239999999999999804e-03,-2.490000000000000026e-03,-7.200000000000000453e-04,2.100000000000000087e-04,5.900000000000000296e-04,9.100000000000000016e-04,9.499999999999999981e-04,1.059999999999999961e-03,1.639999999999999965e-03,2.170000000000000054e-03,1.920000000000000049e-03,2.660000000000000038e-03,7.660000000000000142e-03,3.160999999999999921e-02,2.582999999999999879e-02,-6.443000000000000116e-02,-7.656999999999999917e-02,-1.310000000000000053e-02,-1.699999999999999905e-03,-2.690000000000000117e-03,-2.820000000000000024e-03,-8.700000000000000051e-04,2.100000000000000087e-04,6.300000000000000261e-04,9.799999999999999684e-04,1.080000000000000014e-03,1.209999999999999921e-03,1.860000000000000108e-03,2.609999999999999907e-03,2.510000000000000078e-03,3.109999999999999917e-03,7.640000000000000090e-03,3.104000000000000162e-02,2.542000000000000162e-02,-7.397799999999999931e-01,-7.986100000000000421e-01,-6.389000000000000234e-02,-4.729999999999999830e-03,1.449999999999999900e-03,1.180000000000000059e-03,5.699999999999999772e-04,3.589999999999999875e-03,6.100000000000000387e-03,5.409999999999999878e-03,4.660000000000000080e-03,4.219999999999999793e-03,4.819999999999999632e-03,5.499999999999999681e-03,5.570000000000000298e-03,8.359999999999999376e-03,2.497999999999999873e-02,1.607000000000000095e-01,1.411399999999999877e-01,-7.411100000000000465e-01,-8.039899999999999824e-01,-6.987999999999999767e-02,-6.620000000000000016e-03,5.100000000000000366e-04,-1.700000000000000122e-04,-1.800000000000000113e-04,2.279999999999999909e-03,4.510000000000000120e-03,4.159999999999999636e-03,3.480000000000000020e-03,3.040000000000000167e-03,3.559999999999999797e-03,4.490000000000000067e-03,5.089999999999999906e-03,9.230000000000000357e-03,2.903999999999999984e-02,1.713999999999999968e-01,1.487999999999999878e-01
Results_Name,VSPAERO_Comp_Load
Results_Timestamp,1756636020
Results_Date,8,31,2025
Results_Time,12,27,0
Comp_ID,0,1,2,3,4,5,6,7,8,9,10,11,12,13,14,15,16,17,18,19,20,21,22
Comp_Name,NONE,WingGeom_main,WingGeom_main,WingGeom_sec,WingGeom_sec,WingGeom_endplate,WingGeom_endplate,WingGeom_outwash,WingGeom_outwash,WingGeom_outwash2,WingGeom_outwash2,Musetto,Musetto,Musetto,Musetto,rightTyre,rightTyre,rightTyre,rightTyre,leftTyre,leftTyre,leftTyre,leftTyre
CL,0.000000000000000000e+00,-4.448500000000000232e-01,-4.389100000000000223e-01,-3.528000000000000025e-01,-3.672199999999999909e-01,-8.952000000000000235e-02,-1.336700000000000110e-01,-3.600000000000000227e-04,-3.899999999999999929e-04,-3.959999999999999978e-03,-3.969999999999999571e-03,0.000000000000000000e+00,0.000000000000000000e+00,0.000000000000000000e+00,0.000000000000000000e+00,0.000000000000000000e+00,0.000000000000000000e+00,0.000000000000000000e+00,0.000000000000000000e+00,0.000000000000000000e+00,0.000000000000000000e+00,0.000000000000000000e+00,0.000000000000000000e+00
Cmz,0.000000000000000000e+00,2.435000000000000012e-02,-2.393999999999999947e-02,-2.079999999999999905e-02,2.231999999999999956e-02,-3.382000000000000284e-02,1.044999999999999922e-02,5.199999999999999544e-04,-4.699999999999999859e-04,-1.764999999999999902e-02,1.798999999999999905e-02,1.213999999999999975e-02,-1.511000000000000017e-02,2.589999999999999854e-03,-2.510000000000000078e-03,4.049999999999999781e-03,-1.299999999999999940e-03,-1.237599999999999950e-01,-7.342999999999999527e-02,-2.870000000000000155e-03,-1.930000000000000075e-03,-7.563000000000000278e-02,-9.045999999999999874e-02
CFx,0.000000000000000000e+00,-5.831999999999999684e-02,-5.790000000000000008e-02,8.984000000000000319e-02,9.392000000000000348e-02,3.692000000000000143e-02,2.313000000000000125e-02,1.690000000000000096e-03,1.860000000000000108e-03,3.590000000000000135e-02,3.658000000000000140e-02,0.000000000000000000e+00,0.000000000000000000e+00,0.000000000000000000e+00,0.000000000000000000e+00,0.000000000000000000e+00,0.000000000000000000e+00,0.000000000000000000e+00,0.000000000000000000e+00,0.000000000000000000e+00,0.000000000000000000e+00,0.000000000000000000e+00,0.000000000000000000e+00
AoA,0.000000000000000000e+00,0.000000000000000000e+00,0.000000000000000000e+00,0.000000000000000000e+00,0.000000000000000000e+00,0.000000000000000000e+00,0.000000000000000000e+00,0.000000000000000000e+00,0.000000000000000000e+00,0.000000000000000000e+00,0.000000000000000000e+00,0.000000000000000000e+00,0.000000000000000000e+00,0.000000000000000000e+00,0.000000000000000000e+00,0.000000000000000000e+00,0.000000000000000000e+00,0.000000000000000000e+00,0.000000000000000000e+00,0.000000000000000000e+00,0.000000000000000000e+00,0.000000000000000000e+00,0.000000000000000000e+00
Beta,0.000000000000000000e+00,0.000000000000000000e+00,0.000000000000000000e+00,0.000000000000000000e+00,0.000000000000000000e+00,0.000000000000000000e+00,0.000000000000000000e+00,0.000000000000000000e+00,0.000000000000000000e+00,0.000000000000000000e+00,0.000000000000000000e+00,0.000000000000000000e+00,0.000000000000000000e+00,0.000000000000000000e+00,0.000000000000000000e+00,0.000000000000000000e+00,0.000000000000000000e+00,0.000000000000000000e+00,0.000000000000000000e+00,0.000000000000000000e+00,0.000000000000000000e+00,0.000000000000000000e+00,0.000000000000000000e+00
Cmx,0.000000000000000000e+00,-1.003200000000000064e-01,9.915999999999999814e-02,-8.846999999999999309e-02,9.381000000000000449e-02,-5.349999999999999895e-02,6.708000000000000074e-02,-3.889999999999999795e-03,4.009999999999999676e-03,-8.149999999999999259e-03,8.250000000000000389e-03,-2.909999999999999826e-03,3.040000000000000167e-03,-1.000000000000000048e-04,1.000000000000000082e-05,1.610000000000000103e-03,-3.170000000000000075e-03,-3.019000000000000156e-02,-7.349999999999999763e-03,1.250000000000000026e-03,6.000000000000000125e-03,-2.441000000000000114e-02,4.629999999999999567e-03
Mach,5.000000000000000278e-02,5.000000000000000278e-02,5.000000000000000278e-02,5.000000000000000278e-02,5.000000000000000278e-02,5.000000000000000278e-02,5.000000000000000278e-02,5.000000000000000278e-02,5.000000000000000278e-02,5.000000000000000278e-02,5.000000000000000278e-02,5.000000000000000278e-02,5.000000000000000278e-02,5.000000000000000278e-02,5.000000000000000278e-02,5.000000000000000278e-02,5.000000000000000278e-02,5.000000000000000278e-02,5.000000000000000278e-02,5.000000000000000278e-02,5.000000000000000278e-02,5.000000000000000278e-02,5.000000000000000278e-02
CDi,0.000000000000000000e+00,-5.831999999999999684e-02,-5.790000000000000008e-02,8.984000000000000319e-02,9.392000000000000348e-02,3.692000000000000143e-02,2.313000000000000125e-02,1.690000000000000096e-03,1.860000000000000108e-03,3.590000000000000135e-02,3.658000000000000140e-02,0.000000000000000000e+00,0.000000000000000000e+00,0.000000000000000000e+00,0.000000000000000000e+00,0.000000000000000000e+00,0.000000000000000000e+00,0.000000000000000000e+00,0.000000000000000000e+00,0.000000000000000000e+00,0.000000000000000000e+00,0.000000000000000000e+00,0.000000000000000000e+00
Cmy,0.000000000000000000e+00,1.413999999999999979e-02,1.538999999999999917e-02,1.721000000000000030e-01,1.799600000000000088e-01,2.341000000000000025e-02,7.642999999999999794e-02,-7.799999999999999859e-04,-8.199999999999999824e-04,-1.514000000000000068e-02,-1.538999999999999917e-02,-4.191000000000000281e-02,-4.646999999999999742e-02,-2.334999999999999923e-02,1.222999999999999955e-02,-2.170000000000000054e-03,1.090999999999999956e-02,-2.066000000000000128e-02,3.538000000000000173e-02,1.515999999999999986e-02,2.738000000000000156e-02,-4.998999999999999971e-02,3.463000000000000106e-02
CFy,0.000000000000000000e+00,-9.280000000000000054e-03,9.039999999999999425e-03,1.059999999999999961e-03,-1.180000000000000059e-03,-5.179000000000000270e-02,-9.409999999999999962e-03,-3.592999999999999666e-02,3.701999999999999735e-02,-5.818000000000000255e-02,5.918999999999999956e-02,0.000000000000000000e+00,0.000000000000000000e+00,0.000000000000000000e+00,0.000000000000000000e+00,0.000000000000000000e+00,0.000000000000000000e+00,0.000000000000000000e+00,0.000000000000000000e+00,0.000000000000000000e+00,0.000000000000000000e+00,0.000000000000000000e+00,0.000000000000000000e+00
Cs,0.000000000000000000e+00,-9.280000000000000054e-03,9.039999999999999425e-03,1.059999999999999961e-03,-1.180000000000000059e-03,-5.179000000000000270e-02,-9.409999999999999962e-03,-3.592999999999999666e-02,3.701999999999999735e-02,-5.818000000000000255e-02,5.918999999999999956e-02,0.000000000000000000e+00,0.000000000000000000e+00,0.000000000000000000e+00,0.000000000000000000e+00,0.000000000000000000e+00,0.000000000000000000e+00,0.000000000000000000e+00,0.000000000000000000e+00,0.000000000000000000e+00,0.000000000000000000e+00,0.000000000000000000e+00,0.000000000000000000e+00
CFz,0.000000000000000000e+00,-4.448500000000000232e-01,-4.389100000000000223e-01,-3.528000000000000025e-01,-3.672199999999999909e-01,-8.952000000000000235e-02,-1.336700000000000110e-01,-3.600000000000000227e-04,-3.899999999999999929e-04,-3.959999999999999978e-03,-3.969999999999999571e-03,0.000000000000000000e+00,0.000000000000000000e+00,0.000000000000000000e+00,0.000000000000000000e+00,0.000000000000000000e+00,0.000000000000000000e+00,0.000000000000000000e+00,0.000000000000000000e+00,0.000000000000000000e+00,0.000000000000000000e+00,0.000000000000000000e+00,0.000000000000000000e+00
Results_Name,CpSlice_Wrapper
Results_Timestamp,1756636021
Results_Date,8,31,2025
Results_Time,12,27,1
CpSlice_Case_ID_Vec,DSNHZOI
Num_Cuts,1
Results_Name,CpSlicer_Case
Results_Timestamp,1756636021
Results_Date,8,31,2025
Results_Time,12,27,1
Beta,0.000000000000000000e+00
dCp,-4.859999999999999737e-02,-4.859999999999999737e-02,-1.003000000000000003e-01,-1.003000000000000003e-01,-1.315999999999999948e-01,-1.315999999999999948e-01,-9.220000000000000417e-02,-9.220000000000000417e-02,2.790000000000000119e-02,2.790000000000000119e-02,2.194000000000000117e-01,2.194000000000000117e-01,4.451999999999999846e-01,4.451999999999999846e-01,6.572000000000000064e-01,6.572000000000000064e-01,8.235000000000000098e-01,8.235000000000000098e-01,9.372000000000000330e-01,9.372000000000000330e-01,1.005900000000000016e+00,1.005900000000000016e+00,1.044000000000000039e+00,1.044000000000000039e+00,1.068000000000000060e+00,1.068000000000000060e+00,1.088400000000000034e+00,1.088400000000000034e+00,1.106600000000000028e+00,1.106600000000000028e+00,1.125399999999999956e+00,1.125399999999999956e+00,1.151499999999999968e+00,1.151499999999999968e+00,1.183000000000000052e+00,1.183000000000000052e+00,1.209100000000000064e+00,1.209100000000000064e+00,1.225100000000000078e+00,1.225100000000000078e+00,1.237800000000000011e+00,1.237800000000000011e+00,1.257100000000000106e+00,1.257100000000000106e+00,1.291800000000000059e+00,1.291800000000000059e+00,1.354100000000000081e+00,1.354100000000000081e+00,1.468099999999999961e+00,1.468099999999999961e+00,1.682700000000000085e+00,1.682700000000000085e+00,2.099400000000000155e+00,2.099400000000000155e+00,2.923000000000000043e+00,2.923000000000000043e+00,4.493900000000000006e+00,4.493900000000000006e+00,6.609600000000000364e+00,6.609600000000000364e+00,8.419900000000000162e+00,-4.510000000000000120e-02,-4.510000000000000120e-02,-9.180000000000000659e-02,-9.180000000000000659e-02,-1.150000000000000050e-01,-1.150000000000000050e-01,-6.590000000000000024e-02,-6.590000000000000024e-02,6.550000000000000266e-02,6.550000000000000266e-02,2.674000000000000266e-01,2.674000000000000266e-01,4.948000000000000176e-01,4.948000000000000176e-01,6.888999999999999568e-01,6.888999999999999568e-01,8.236999999999999877e-01,8.236999999999999877e-01,9.130000000000000338e-01,9.130000000000000338e-01,9.744000000000000439e-01,9.744000000000000439e-01,1.015700000000000047e+00,1.015700000000000047e+00,1.045500000000000096e+00,1.045500000000000096e+00,1.070999999999999952e+00,1.070999999999999952e+00,1.093199999999999950e+00,1.093199999999999950e+00,1.114700000000000024e+00,1.114700000000000024e+00,1.142700000000000049e+00,1.142700000000000049e+00,1.175599999999999978e+00,1.175599999999999978e+00,1.202599999999999891e+00,1.202599999999999891e+00,1.219000000000000083e+00,1.219000000000000083e+00,1.231700000000000017e+00,1.231700000000000017e+00,1.250799999999999912e+00,1.250799999999999912e+00,1.284999999999999920e+00,1.284999999999999920e+00,1.346300000000000052e+00,1.346300000000000052e+00,1.458599999999999897e+00,1.458599999999999897e+00,1.670299999999999896e+00,1.670299999999999896e+00,2.081799999999999873e+00,2.081799999999999873e+00,2.896100000000000119e+00,2.896100000000000119e+00,4.450499999999999901e+00,4.450499999999999901e+00,6.545399999999999885e+00,6.545399999999999885e+00,8.338300000000000267e+00,1.622999999999999998e-01,1.622999999999999998e-01,3.714999999999999969e-01,3.714999999999999969e-01,6.150999999999999801e-01,6.150999999999999801e-01,7.927999999999999492e-01,7.927999999999999492e-01,9.174999999999999822e-01,9.174999999999999822e-01,1.008999999999999897e+00,1.008999999999999897e+00,1.085399999999999920e+00,1.085399999999999920e+00,1.158500000000000085e+00,1.158500000000000085e+00,1.234399999999999942e+00,1.234399999999999942e+00,1.315299999999999914e+00,1.315299999999999914e+00,1.398400000000000087e+00,1.398400000000000087e+00,1.476299999999999946e+00,1.476299999999999946e+00,1.547500000000000098e+00,1.547500000000000098e+00,1.621699999999999919e+00,1.621699999999999919e+00,1.707100000000000062e+00,1.707100000000000062e+00,1.802699999999999969e+00,1.802699999999999969e+00,1.906199999999999894e+00,1.906199999999999894e+00,2.020199999999999996e+00,2.020199999999999996e+00,2.150199999999999889e+00,2.150199999999999889e+00,2.304899999999999949e+00,2.304899999999999949e+00,2.499000000000000110e+00,2.499000000000000110e+00,2.758900000000000130e+00,2.758900000000000130e+00,3.130799999999999805e+00,3.130799999999999805e+00,3.694199999999999928e+00,3.694199999999999928e+00,4.802699999999999747e+00,4.802699999999999747e+00,6.361900000000000333e+00,6.361900000000000333e+00,7.891600000000000392e+00,1.622999999999999998e-01,1.622999999999999998e-01,3.713000000000000189e-01,3.713000000000000189e-01,6.145000000000000462e-01,6.145000000000000462e-01,7.915999999999999703e-01,7.915999999999999703e-01,9.154999999999999805e-01,9.154999999999999805e-01,1.005900000000000016e+00,1.005900000000000016e+00,1.080600000000000005e+00,1.080600000000000005e+00,1.151200000000000001e+00,1.151200000000000001e+00,1.223799999999999999e+00,1.223799999999999999e+00,1.301399999999999890e+00,1.301399999999999890e+00,1.384600000000000053e+00,1.384600000000000053e+00,1.472399999999999931e+00,1.472399999999999931e+00,1.563199999999999923e+00,1.563199999999999923e+00,1.655499999999999972e+00,1.655499999999999972e+00,1.748599999999999932e+00,1.748599999999999932e+00,1.844100000000000072e+00,1.844100000000000072e+00,1.946600000000000108e+00,1.946600000000000108e+00,2.061599999999999877e+00,2.061599999999999877e+00,2.196000000000000174e+00,2.196000000000000174e+00,2.358099999999999863e+00,2.358099999999999863e+00,2.558699999999999974e+00,2.558699999999999974e+00,2.812899999999999956e+00,2.812899999999999956e+00,3.157300000000000217e+00,3.157300000000000217e+00,3.679399999999999782e+00,3.679399999999999782e+00,4.743100000000000094e+00,4.743100000000000094e+00,6.260500000000000398e+00,6.260500000000000398e+00,7.753400000000000070e+00,1.033000000000000029e-01,1.033000000000000029e-01,1.033000000000000029e-01,1.033000000000000029e-01,1.836500000000000021e+00,1.836500000000000021e+00,1.523600000000000065e+00,1.523600000000000065e+00,1.129799999999999915e+00,1.129799999999999915e+00,8.511999999999999567e-01,8.511999999999999567e-01,6.653000000000000025e-01,6.653000000000000025e-01,5.292000000000000037e-01,5.292000000000000037e-01,4.162000000000000144e-01,4.162000000000000144e-01,3.135999999999999899e-01,3.135999999999999899e-01,2.214000000000000135e-01,2.214000000000000135e-01,1.395000000000000129e-01,1.395000000000000129e-01,6.419999999999999318e-02,6.419999999999999318e-02,-5.799999999999999600e-03,-5.799999999999999600e-03,-7.030000000000000138e-02,-7.030000000000000138e-02,-1.333999999999999908e-01,-1.333999999999999908e-01,-1.980999999999999983e-01,-1.980999999999999983e-01,-2.611999999999999877e-01,-2.611999999999999877e-01,-3.150000000000000022e-01,-3.150000000000000022e-01,-3.524999999999999800e-01,-3.524999999999999800e-01,-3.684000000000000052e-01,-3.684000000000000052e-01,-3.593000000000000083e-01,-3.593000000000000083e-01,-3.309000000000000274e-01,-3.309000000000000274e-01,-2.882000000000000117e-01,-2.882000000000000117e-01,-2.407999999999999863e-01,-2.407999999999999863e-01,-1.955999999999999961e-01,-1.955999999999999961e-01,-1.577999999999999958e-01,-1.577999999999999958e-01,-1.283999999999999864e-01,-1.283999999999999864e-01,-1.037000000000000005e-01,-1.037000000000000005e-01,-8.140000000000000013e-02,-8.140000000000000013e-02,-6.289999999999999758e-02,-6.289999999999999758e-02,-4.839999999999999858e-02,-4.839999999999999858e-02,-3.459999999999999881e-02,-3.459999999999999881e-02,-2.009999999999999981e-02,-2.009999999999999981e-02,-9.400000000000000369e-03,-9.400000000000000369e-03,-8.399999999999999481e-03,-8.399999999999999481e-03,-1.899999999999999953e-02,-1.899999999999999953e-02,-3.969999999999999918e-02,-3.969999999999999918e-02,-6.410000000000000420e-02,-6.410000000000000420e-02,-7.449999999999999678e-02,-7.449999999999999678e-02,-4.290000000000000063e-02,-4.290000000000000063e-02,5.009999999999999870e-02,5.009999999999999870e-02,1.577000000000000068e-01,1.577000000000000068e-01,2.344999999999999862e-01,2.344999999999999862e-01,1.978999999999999926e-01,1.927000000000000102e-01,1.927000000000000102e-01,1.927000000000000102e-01,1.927000000000000102e-01,1.853799999999999892e+00,1.853799999999999892e+00,1.538000000000000034e+00,1.538000000000000034e+00,1.140700000000000047e+00,1.140700000000000047e+00,8.595000000000000417e-01,8.595000000000000417e-01,6.717999999999999527e-01,6.717999999999999527e-01,5.342999999999999972e-01,5.342999999999999972e-01,4.202000000000000179e-01,4.202000000000000179e-01,3.171999999999999820e-01,3.171999999999999820e-01,2.253000000000000003e-01,2.253000000000000003e-01,1.443000000000000116e-01,1.443000000000000116e-01,6.809999999999999387e-02,6.809999999999999387e-02,-7.100000000000000408e-03,-7.100000000000000408e-03,-7.900000000000000078e-02,-7.900000000000000078e-02,-1.461000000000000076e-01,-1.461000000000000076e-01,-2.097999999999999865e-01,-2.097999999999999865e-01,-2.692999999999999838e-01,-2.692999999999999838e-01,-3.195000000000000062e-01,-3.195000000000000062e-01,-3.537000000000000144e-01,-3.537000000000000144e-01,-3.664999999999999925e-01,-3.664999999999999925e-01,-3.548000000000000043e-01,-3.548000000000000043e-01,-3.265000000000000124e-01,-3.265000000000000124e-01,-2.866000000000000214e-01,-2.866000000000000214e-01,-2.434000000000000052e-01,-2.434000000000000052e-01,-2.021000000000000019e-01,-2.021000000000000019e-01,-1.660999999999999976e-01,-1.660999999999999976e-01,-1.356999999999999873e-01,-1.356999999999999873e-01,-1.081000000000000016e-01,-1.081000000000000016e-01,-8.279999999999999860e-02,-8.279999999999999860e-02,-6.230000000000000121e-02,-6.230000000000000121e-02,-4.730000000000000177e-02,-4.730000000000000177e-02,-3.379999999999999671e-02,-3.379999999999999671e-02,-1.969999999999999876e-02,-1.969999999999999876e-02,-8.500000000000000611e-03,-8.500000000000000611e-03,-5.300000000000000024e-03,-5.300000000000000024e-03,-1.290000000000000001e-02,-1.290000000000000001e-02,-3.090000000000000038e-02,-3.090000000000000038e-02,-5.739999999999999963e-02,-5.739999999999999963e-02,-7.570000000000000340e-02,-7.570000000000000340e-02,-5.160000000000000003e-02,-5.160000000000000003e-02,3.880000000000000115e-02,3.880000000000000115e-02,1.453000000000000125e-01,1.453000000000000125e-01,2.270999999999999963e-01,2.270999999999999963e-01,2.286999999999999866e-01,-3.099999999999999891e-03,-3.099999999999999891e-03,-4.700000000000000185e-03,-1.699999999999999905e-03,-1.000000000000000021e-03,-1.000000000000000021e-03,-1.699999999999999905e-03,-1.699999999999999905e-03,-1.000000000000000021e-03,-1.179999999999999973e-02,-1.089999999999999997e-02,-1.089999999999999997e-02,-1.179999999999999973e-02,-1.179999999999999973e-02,-1.089999999999999997e-02,3.399999999999999811e-03,2.500000000000000052e-03,2.500000000000000052e-03,-4.700000000000000185e-03,-6.799999999999999621e-03,-2.999999999999999737e-04,-2.999999999999999737e-04,-1.000000000000000021e-03,-2.999999999999999737e-04,-1.000000000000000021e-02,-1.000000000000000021e-02,-1.089999999999999997e-02,-1.000000000000000021e-02,2.999999999999999737e-04,2.999999999999999737e-04,-9.199999999999999845e-03,-9.199999999999999845e-03,-2.999999999999999737e-04,-0.000000000000000000e+00,-0.000000000000000000e+00,-0.000000000000000000e+00,-1.000000000000000021e-02,-9.299999999999999239e-03,-9.299999999999999239e-03,-9.299999999999999239e-03,2.999999999999999737e-04,4.000000000000000192e-04,-1.119999999999999989e-02,-1.119999999999999989e-02,-0.000000000000000000e+00,-0.000000000000000000e+00,-0.000000000000000000e+00,-0.000000000000000000e+00,-9.299999999999999239e-03,-9.199999999999999845e-03,-9.199999999999999845e-03,-9.199999999999999845e-03,4.000000000000000192e-04,1.299999999999999940e-03,1.140000000000000041e-02,1.140000000000000041e-02,1.280000000000000061e-02,1.500000000000000031e-03,1.500000000000000031e-03,1.500000000000000031e-03,1.199999999999999895e-03,1.500000000000000031e-03,1.500000000000000031e-03,8.999999999999999754e-04,1.199999999999999895e-03,5.000000000000000104e-04,8.999999999999999754e-04,2.999999999999999737e-04,5.000000000000000104e-04,0.000000000000000000e+00,2.999999999999999737e-04,-5.000000000000000104e-04,0.000000000000000000e+00,-8.999999999999999754e-04,-5.000000000000000104e-04,-1.100000000000000066e-03,-8.999999999999999754e-04,-1.100000000000000066e-03,-1.100000000000000066e-03,-1.299999999999999940e-03,-1.100000000000000066e-03,-1.399999999999999986e-03,-1.299999999999999940e-03,-1.299999999999999940e-03,-1.399999999999999986e-03,-1.199999999999999895e-03,-1.299999999999999940e-03,-1.799999999999999951e-03,-2.299999999999999961e-03,-1.500000000000000031e-03,-1.799999999999999951e-03,-3.299999999999999982e-03,-2.299999999999999961e-03,-3.000000000000000062e-03,-3.299999999999999982e-03,8.999999999999999754e-04,-3.000000000000000062e-03,8.500000000000000611e-03,1.280000000000000061e-02,1.359999999999999924e-02,1.399999999999999986e-03,1.399999999999999986e-03,1.500000000000000031e-03,1.399999999999999986e-03,-2.700000000000000143e-03,-2.700000000000000143e-03,-1.799999999999999951e-03,-2.700000000000000143e-03,3.500000000000000073e-03,3.500000000000000073e-03,1.420000000000000082e-02,1.420000000000000082e-02,1.399999999999999986e-03,1.199999999999999895e-03,1.199999999999999895e-03,1.199999999999999895e-03,-2.700000000000000143e-03,-4.499999999999999660e-03,-4.499999999999999660e-03,-4.499999999999999660e-03,3.500000000000000073e-03,2.899999999999999800e-03,1.450000000000000074e-02,1.450000000000000074e-02,1.199999999999999895e-03,1.199999999999999895e-03,1.199999999999999895e-03,1.199999999999999895e-03,-4.499999999999999660e-03,-5.400000000000000286e-03,-5.400000000000000286e-03,-5.400000000000000286e-03,2.899999999999999800e-03,4.000000000000000083e-03
Alpha,0.000000000000000000e+00
Mach,5.000000000000000278e-02
Case,1
X_Loc,4.797000000000000153e-01,4.797000000000000153e-01,4.767000000000000126e-01,4.767000000000000126e-01,4.731000000000000205e-01,4.731000000000000205e-01,4.687999999999999945e-01,4.687999999999999945e-01,4.635000000000000231e-01,4.635000000000000231e-01,4.571999999999999953e-01,4.571999999999999953e-01,4.496999999999999886e-01,4.496999999999999886e-01,4.408000000000000251e-01,4.408000000000000251e-01,4.304999999999999938e-01,4.304999999999999938e-01,4.186000000000000276e-01,4.186000000000000276e-01,4.051000000000000156e-01,4.051000000000000156e-01,3.900000000000000133e-01,3.900000000000000133e-01,3.734999999999999987e-01,3.734999999999999987e-01,3.558000000000000052e-01,3.558000000000000052e-01,3.372999999999999887e-01,3.372999999999999887e-01,3.181999999999999829e-01,3.181999999999999829e-01,2.990999999999999770e-01,2.990999999999999770e-01,2.803999999999999826e-01,2.803999999999999826e-01,2.626000000000000001e-01,2.626000000000000001e-01,2.459000000000000075e-01,2.459000000000000075e-01,2.305999999999999994e-01,2.305999999999999994e-01,2.169000000000000095e-01,2.169000000000000095e-01,2.048999999999999988e-01,2.048999999999999988e-01,1.945000000000000062e-01,1.945000000000000062e-01,1.855999999999999872e-01,1.855999999999999872e-01,1.781999999999999973e-01,1.781999999999999973e-01,1.721000000000000030e-01,1.721000000000000030e-01,1.671999999999999875e-01,1.671999999999999875e-01,1.633999999999999897e-01,1.633999999999999897e-01,1.608999999999999875e-01,1.608999999999999875e-01,1.600999999999999923e-01,4.797000000000000153e-01,4.797000000000000153e-01,4.767000000000000126e-01,4.767000000000000126e-01,4.731000000000000205e-01,4.731000000000000205e-01,4.687999999999999945e-01,4.687999999999999945e-01,4.635000000000000231e-01,4.635000000000000231e-01,4.571999999999999953e-01,4.571999999999999953e-01,4.496999999999999886e-01,4.496999999999999886e-01,4.408000000000000251e-01,4.408000000000000251e-01,4.304999999999999938e-01,4.304999999999999938e-01,4.186000000000000276e-01,4.186000000000000276e-01,4.051000000000000156e-01,4.051000000000000156e-01,3.900000000000000133e-01,3.900000000000000133e-01,3.734999999999999987e-01,3.734999999999999987e-01,3.558000000000000052e-01,3.558000000000000052e-01,3.372999999999999887e-01,3.372999999999999887e-01,3.181999999999999829e-01,3.181999999999999829e-01,2.990999999999999770e-01,2.990999999999999770e-01,2.803999999999999826e-01,2.803999999999999826e-01,2.626000000000000001e-01,2.626000000000000001e-01,2.459000000000000075e-01,2.459000000000000075e-01,2.305999999999999994e-01,2.305999999999999994e-01,2.169000000000000095e-01,2.169000000000000095e-01,2.048999999999999988e-01,2.048999999999999988e-01,1.945000000000000062e-01,1.945000000000000062e-01,1.855999999999999872e-01,1.855999999999999872e-01,1.781999999999999973e-01,1.781999999999999973e-01,1.721000000000000030e-01,1.721000000000000030e-01,1.671999999999999875e-01,1.671999999999999875e-01,1.633999999999999897e-01,1.633999999999999897e-01,1.608999999999999875e-01,1.608999999999999875e-01,1.600999999999999923e-01,5.728999999999999648e-01,5.728999999999999648e-01,5.718999999999999639e-01,5.718999999999999639e-01,5.705999999999999961e-01,5.705999999999999961e-01,5.689999999999999503e-01,5.689999999999999503e-01,5.667999999999999705e-01,5.667999999999999705e-01,5.641000000000000458e-01,5.641000000000000458e-01,5.606999999999999762e-01,5.606999999999999762e-01,5.565999999999999837e-01,5.565999999999999837e-01,5.516999999999999682e-01,5.516999999999999682e-01,5.460000000000000409e-01,5.460000000000000409e-01,5.394999999999999796e-01,5.394999999999999796e-01,5.322000000000000064e-01,5.322000000000000064e-01,5.244999999999999662e-01,5.244999999999999662e-01,5.162999999999999812e-01,5.162999999999999812e-01,5.080999999999999961e-01,5.080999999999999961e-01,5.000000000000000000e-01,5.000000000000000000e-01,4.923000000000000154e-01,4.923000000000000154e-01,4.852000000000000202e-01,4.852000000000000202e-01,4.788999999999999924e-01,4.788999999999999924e-01,4.732999999999999985e-01,4.732999999999999985e-01,4.685000000000000275e-01,4.685000000000000275e-01,4.645000000000000240e-01,4.645000000000000240e-01,4.611999999999999988e-01,4.611999999999999988e-01,4.585000000000000187e-01,4.585000000000000187e-01,4.562999999999999834e-01,4.562999999999999834e-01,4.546000000000000041e-01,4.546000000000000041e-01,4.541000000000000036e-01,5.728999999999999648e-01,5.728999999999999648e-01,5.718999999999999639e-01,5.718999999999999639e-01,5.705999999999999961e-01,5.705999999999999961e-01,5.689999999999999503e-01,5.689999999999999503e-01,5.667999999999999705e-01,5.667999999999999705e-01,5.641000000000000458e-01,5.641000000000000458e-01,5.606999999999999762e-01,5.606999999999999762e-01,5.565999999999999837e-01,5.565999999999999837e-01,5.516999999999999682e-01,5.516999999999999682e-01,5.460000000000000409e-01,5.460000000000000409e-01,5.394999999999999796e-01,5.394999999999999796e-01,5.322000000000000064e-01,5.322000000000000064e-01,5.244999999999999662e-01,5.244999999999999662e-01,5.162999999999999812e-01,5.162999999999999812e-01,5.080999999999999961e-01,5.080999999999999961e-01,5.000000000000000000e-01,5.000000000000000000e-01,4.923000000000000154e-01,4.923000000000000154e-01,4.852000000000000202e-01,4.852000000000000202e-01,4.788999999999999924e-01,4.788999999999999924e-01,4.732999999999999985e-01,4.732999999999999985e-01,4.685000000000000275e-01,4.685000000000000275e-01,4.645000000000000240e-01,4.645000000000000240e-01,4.611999999999999988e-01,4.611999999999999988e-01,4.585000000000000187e-01,4.585000000000000187e-01,4.562999999999999834e-01,4.562999999999999834e-01,4.546000000000000041e-01,4.546000000000000041e-01,4.541000000000000036e-01,2.334600000000000009e+00,2.334600000000000009e+00,2.334600000000000009e+00,2.334600000000000009e+00,1.650000000000000078e-01,1.650000000000000078e-01,1.766000000000000070e-01,1.766000000000000070e-01,1.894000000000000128e-01,1.894000000000000128e-01,2.033999999999999975e-01,2.033999999999999975e-01,2.184999999999999998e-01,2.184999999999999998e-01,2.346000000000000030e-01,2.346000000000000030e-01,2.515000000000000013e-01,2.515000000000000013e-01,2.692999999999999838e-01,2.692999999999999838e-01,2.878000000000000003e-01,2.878000000000000003e-01,3.069999999999999951e-01,3.069999999999999951e-01,3.266000000000000014e-01,3.266000000000000014e-01,3.467000000000000082e-01,3.467000000000000082e-01,3.670999999999999819e-01,3.670999999999999819e-01,3.877999999999999781e-01,3.877999999999999781e-01,4.087000000000000077e-01,4.087000000000000077e-01,4.295999999999999819e-01,4.295999999999999819e-01,4.505000000000000115e-01,4.505000000000000115e-01,4.712999999999999967e-01,4.712999999999999967e-01,4.919000000000000039e-01,4.919000000000000039e-01,5.120999999999999996e-01,5.120999999999999996e-01,5.407999999999999474e-01,5.407999999999999474e-01,5.718999999999999639e-01,5.718999999999999639e-01,6.052999999999999492e-01,6.052999999999999492e-01,6.404999999999999583e-01,6.404999999999999583e-01,6.774000000000000021e-01,6.774000000000000021e-01,7.156000000000000139e-01,7.156000000000000139e-01,7.549000000000000155e-01,7.549000000000000155e-01,7.947999999999999510e-01,7.947999999999999510e-01,8.352000000000000535e-01,8.352000000000000535e-01,8.757000000000000339e-01,8.757000000000000339e-01,9.160000000000000364e-01,9.160000000000000364e-01,9.557999999999999829e-01,9.557999999999999829e-01,9.949000000000000066e-01,9.949000000000000066e-01,1.032899999999999929e+00,1.032899999999999929e+00,1.158500000000000085e+00,1.158500000000000085e+00,1.314300000000000024e+00,1.314300000000000024e+00,1.481899999999999995e+00,1.481899999999999995e+00,1.643100000000000005e+00,1.643100000000000005e+00,1.779800000000000049e+00,1.779800000000000049e+00,1.894300000000000095e+00,1.894300000000000095e+00,2.003499999999999837e+00,2.003499999999999837e+00,2.110899999999999999e+00,2.110899999999999999e+00,2.220200000000000173e+00,2.334600000000000009e+00,2.334600000000000009e+00,2.334600000000000009e+00,2.334600000000000009e+00,1.650000000000000078e-01,1.650000000000000078e-01,1.766000000000000070e-01,1.766000000000000070e-01,1.894000000000000128e-01,1.894000000000000128e-01,2.033999999999999975e-01,2.033999999999999975e-01,2.184999999999999998e-01,2.184999999999999998e-01,2.346000000000000030e-01,2.346000000000000030e-01,2.515000000000000013e-01,2.515000000000000013e-01,2.692999999999999838e-01,2.692999999999999838e-01,2.878000000000000003e-01,2.878000000000000003e-01,3.069999999999999951e-01,3.069999999999999951e-01,3.266000000000000014e-01,3.266000000000000014e-01,3.467000000000000082e-01,3.467000000000000082e-01,3.670999999999999819e-01,3.670999999999999819e-01,3.877999999999999781e-01,3.877999999999999781e-01,4.087000000000000077e-01,4.087000000000000077e-01,4.295999999999999819e-01,4.295999999999999819e-01,4.505000000000000115e-01,4.505000000000000115e-01,4.712999999999999967e-01,4.712999999999999967e-01,4.919000000000000039e-01,4.919000000000000039e-01,5.120999999999999996e-01,5.120999999999999996e-01,5.407999999999999474e-01,5.407999999999999474e-01,5.718999999999999639e-01,5.718999999999999639e-01,6.052999999999999492e-01,6.052999999999999492e-01,6.404999999999999583e-01,6.404999999999999583e-01,6.774000000000000021e-01,6.774000000000000021e-01,7.156000000000000139e-01,7.156000000000000139e-01,7.549000000000000155e-01,7.549000000000000155e-01,7.947999999999999510e-01,7.947999999999999510e-01,8.352000000000000535e-01,8.352000000000000535e-01,8.757000000000000339e-01,8.757000000000000339e-01,9.160000000000000364e-01,9.160000000000000364e-01,9.557999999999999829e-01,9.557999999999999829e-01,9.949000000000000066e-01,9.949000000000000066e-01,1.032899999999999929e+00,1.032899999999999929e+00,1.158500000000000085e+00,1.158500000000000085e+00,1.314300000000000024e+00,1.314300000000000024e+00,1.481899999999999995e+00,1.481899999999999995e+00,1.643100000000000005e+00,1.643100000000000005e+00,1.779800000000000049e+00,1.779800000000000049e+00,1.894300000000000095e+00,1.894300000000000095e+00,2.003499999999999837e+00,2.003499999999999837e+00,2.110899999999999999e+00,2.110899999999999999e+00,2.220200000000000173e+00,1.650000000000000078e-01,1.650000000000000078e-01,1.650000000000000078e-01,5.433000000000000052e-01,5.409000000000000474e-01,5.409000000000000474e-01,5.433000000000000052e-01,5.433000000000000052e-01,5.409000000000000474e-01,1.045900000000000052e+00,1.044899999999999940e+00,1.044899999999999940e+00,1.045900000000000052e+00,1.045900000000000052e+00,1.044899999999999940e+00,1.779800000000000049e+00,1.779800000000000049e+00,1.779800000000000049e+00,1.650000000000000078e-01,1.650000000000000078e-01,5.342000000000000082e-01,5.342000000000000082e-01,5.409000000000000474e-01,5.342000000000000082e-01,1.042100000000000026e+00,1.042100000000000026e+00,1.044899999999999940e+00,1.042100000000000026e+00,1.779800000000000049e+00,1.779800000000000049e+00,1.650000000000000078e-01,1.650000000000000078e-01,5.342000000000000082e-01,5.242999999999999883e-01,5.242999999999999883e-01,5.242999999999999883e-01,1.042100000000000026e+00,1.037900000000000045e+00,1.037900000000000045e+00,1.037900000000000045e+00,1.779800000000000049e+00,1.779800000000000049e+00,1.650000000000000078e-01,1.650000000000000078e-01,5.242999999999999883e-01,5.120999999999999996e-01,5.120999999999999996e-01,5.120999999999999996e-01,1.037900000000000045e+00,1.032899999999999929e+00,1.032899999999999929e+00,1.032899999999999929e+00,1.779800000000000049e+00,1.779800000000000049e+00,1.650000000000000078e-01,1.650000000000000078e-01,1.650000000000000078e-01,4.809999999999999831e-01,4.833999999999999964e-01,4.833999999999999964e-01,5.098000000000000309e-01,4.809999999999999831e-01,4.833999999999999964e-01,5.416999999999999593e-01,5.098000000000000309e-01,5.762000000000000455e-01,5.416999999999999593e-01,6.129000000000000004e-01,5.762000000000000455e-01,6.514999999999999680e-01,6.129000000000000004e-01,6.915999999999999925e-01,6.514999999999999680e-01,7.327000000000000179e-01,6.915999999999999925e-01,7.745999999999999552e-01,7.327000000000000179e-01,8.167999999999999705e-01,7.745999999999999552e-01,8.589999999999999858e-01,8.167999999999999705e-01,9.008000000000000451e-01,8.589999999999999858e-01,9.416999999999999815e-01,9.008000000000000451e-01,9.815000000000000391e-01,9.416999999999999815e-01,1.020799999999999930e+00,1.146800000000000042e+00,1.019800000000000040e+00,1.020799999999999930e+00,1.305800000000000072e+00,1.146800000000000042e+00,1.477300000000000058e+00,1.305800000000000072e+00,1.641799999999999926e+00,1.477300000000000058e+00,1.779800000000000049e+00,1.650000000000000078e-01,1.650000000000000078e-01,4.900999999999999801e-01,4.900999999999999801e-01,4.833999999999999964e-01,4.900999999999999801e-01,1.023600000000000065e+00,1.023600000000000065e+00,1.020799999999999930e+00,1.023600000000000065e+00,1.779800000000000049e+00,1.779800000000000049e+00,1.650000000000000078e-01,1.650000000000000078e-01,4.900999999999999801e-01,5.000000000000000000e-01,5.000000000000000000e-01,5.000000000000000000e-01,1.023600000000000065e+00,1.027800000000000047e+00,1.027800000000000047e+00,1.027800000000000047e+00,1.779800000000000049e+00,1.779800000000000049e+00,1.650000000000000078e-01,1.650000000000000078e-01,5.000000000000000000e-01,5.120999999999999996e-01,5.120999999999999996e-01,5.120999999999999996e-01,1.027800000000000047e+00,1.032899999999999929e+00,1.032899999999999929e+00,1.032899999999999929e+00,1.779800000000000049e+00,1.779800000000000049e+00
Cut_Num,1
Y_Loc,0.000000000000000000e+00,0.000000000000000000e+00,0.000000000000000000e+00,0.000000000000000000e+00,0.000000000000000000e+00,0.000000000000000000e+00,0.000000000000000000e+00,0.000000000000000000e+00,0.000000000000000000e+00,0.000000000000000000e+00,0.000000000000000000e+00,0.000000000000000000e+00,0.000000000000000000e+00,0.000000000000000000e+00,0.000000000000000000e+00,0.000000000000000000e+00,0.000000000000000000e+00,0.000000000000000000e+00,0.000000000000000000e+00,0.000000000000000000e+00,0.000000000000000000e+00,0.000000000000000000e+00,0.000000000000000000e+00,0.000000000000000000e+00,0.000000000000000000e+00,0.000000000000000000e+00,0.000000000000000000e+00,0.000000000000000000e+00,0.000000000000000000e+00,0.000000000000000000e+00,0.000000000000000000e+00,0.000000000000000000e+00,0.000000000000000000e+00,0.000000000000000000e+00,0.000000000000000000e+00,0.000000000000000000e+00,0.000000000000000000e+00,0.000000000000000000e+00,0.000000000000000000e+00,0.000000000000000000e+00,0.000000000000000000e+00,0.000000000000000000e+00,0.000000000000000000e+00,0.000000000000000000e+00,0.000000000000000000e+00,0.000000000000000000e+00,0.000000000000000000e+00,0.000000000000000000e+00,0.000000000000000000e+00,0.000000000000000000e+00,0.000000000000000000e+00,0.000000000000000000e+00,0.000000000000000000e+00,0.000000000000000000e+00,0.000000000000000000e+00,0.000000000000000000e+00,0.000000000000000000e+00,0.000000000000000000e+00,0.000000000000000000e+00,0.000000000000000000e+00,0.000000000000000000e+00,0.000000000000000000e+00,0.000000000000000000e+00,0.000000000000000000e+00,0.000000000000000000e+00,0.000000000000000000e+00,0.000000000000000000e+00,0.000000000000000000e+00,0.000000000000000000e+00,0.000000000000000000e+00,0.000000000000000000e+00,0.000000000000000000e+00,0.000000000000000000e+00,0.000000000000000000e+00,0.000000000000000000e+00,0.000000000000000000e+00,0.000000000000000000e+00,0.000000000000000000e+00,0.000000000000000000e+00,0.000000000000000000e+00,0.000000000000000000e+00,0.000000000000000000e+00,0.000000000000000000e+00,0.000000000000000000e+00,0.000000000000000000e+00,0.000000000000000000e+00,0.000000000000000000e+00,0.000000000000000000e+00,0.000000000000000000e+00,0.000000000000000000e+00,0.000000000000000000e+00,0.000000000000000000e+00,0.000000000000000000e+00,0.000000000000000000e+00,0.000000000000000000e+00,0.000000000000000000e+00,0.000000000000000000e+00,0.000000000000000000e+00,0.000000000000000000e+00,0.000000000000000000e+00,0.000000000000000000e+00,0.000000000000000000e+00,0.000000000000000000e+00,0.000000000000000000e+00,0.000000000000000000e+00,0.000000000000000000e+00,0.000000000000000000e+00,0.000000000000000000e+00,0.000000000000000000e+00,0.000000000000000000e+00,0.000000000000000000e+00,0.000000000000000000e+00,0.000000000000000000e+00,0.000000000000000000e+00,0.000000000000000000e+00,0.000000000000000000e+00,0.000000000000000000e+00,0.000000000000000000e+00,0.000000000000000000e+00,0.000000000000000000e+00,0.000000000000000000e+00,0.000000000000000000e+00,0.000000000000000000e+00,0.000000000000000000e+00,0.000000000000000000e+00,0.000000000000000000e+00,0.000000000000000000e+00,0.000000000000000000e+00,0.000000000000000000e+00,0.000000000000000000e+00,0.000000000000000000e+00,0.000000000000000000e+00,0.000000000000000000e+00,0.000000000000000000e+00,0.000000000000000000e+00,0.000000000000000000e+00,0.000000000000000000e+00,0.000000000000000000e+00,0.000000000000000000e+00,0.000000000000000000e+00,0.000000000000000000e+00,0.000000000000000000e+00,0.000000000000000000e+00,0.000000000000000000e+00,0.000000000000000000e+00,0.000000000000000000e+00,0.000000000000000000e+00,0.000000000000000000e+00,0.000000000000000000e+00,0.000000000000000000e+00,0.000000000000000000e+00,0.000000000000000000e+00,0.000000000000000000e+00,0.000000000000000000e+00,0.000000000000000000e+00,0.000000000000000000e+00,0.000000000000000000e+00,0.000000000000000000e+00,0.000000000000000000e+00,0.000000000000000000e+00,0.000000000000000000e+00,0.000000000000000000e+00,0.000000000000000000e+00,0.000000000000000000e+00,0.000000000000000000e+00,0.000000000000000000e+00,0.000000000000000000e+00,0.000000000000000000e+00,0.000000000000000000e+00,0.000000000000000000e+00,0.000000000000000000e+00,0.000000000000000000e+00,0.000000000000000000e+00,0.000000000000000000e+00,0.000000000000000000e+00,0.000000000000000000e+00,0.000000000000000000e+00,0.000000000000000000e+00,0.000000000000000000e+00,0.000000000000000000e+00,0.000000000000000000e+00,0.000000000000000000e+00,0.000000000000000000e+00,0.000000000000000000e+00,0.000000000000000000e+00,0.000000000000000000e+00,0.000000000000000000e+00,0.000000000000000000e+00,0.000000000000000000e+00,0.000000000000000000e+00,0.000000000000000000e+00,0.000000000000000000e+00,0.000000000000000000e+00,0.000000000000000000e+00,0.000000000000000000e+00,0.000000000000000000e+00,0.000000000000000000e+00,0.000000000000000000e+00,0.000000000000000000e+00,0.000000000000000000e+00,0.000000000000000000e+00,0.000000000000000000e+00,0.000000000000000000e+00,0.000000000000000000e+00,0.000000000000000000e+00,0.000000000000000000e+00,0.000000000000000000e+00,0.000000000000000000e+00,0.000000000000000000e+00,0.000000000000000000e+00,0.000000000000000000e+00,0.000000000000000000e+00,0.000000000000000000e+00,0.000000000000000000e+00,0.000000000000000000e+00,0.000000000000000000e+00,0.000000000000000000e+00,0.000000000000000000e+00,0.000000000000000000e+00,0.000000000000000000e+00,0.000000000000000000e+00,0.000000000000000000e+00,0.000000000000000000e+00,0.000000000000000000e+00,0.000000000000000000e+00,0.000000000000000000e+00,0.000000000000000000e+00,0.000000000000000000e+00,0.000000000000000000e+00,0.000000000000000000e+00,0.000000000000000000e+00,0.000000000000000000e+00,0.000000000000000000e+00,0.000000000000000000e+00,0.000000000000000000e+00,0.000000000000000000e+00,0.000000000000000000e+00,0.000000000000000000e+00,0.000000000000000000e+00,0.000000000000000000e+00,0.000000000000000000e+00,0.000000000000000000e+00,0.000000000000000000e+00,0.000000000000000000e+00,0.000000000000000000e+00,0.000000000000000000e+00,0.000000000000000000e+00,0.000000000000000000e+00,0.000000000000000000e+00,0.000000000000000000e+00,0.000000000000000000e+00,0.000000000000000000e+00,0.000000000000000000e+00,0.000000000000000000e+00,0.000000000000000000e+00,0.000000000000000000e+00,0.000000000000000000e+00,0.000000000000000000e+00,0.000000000000000000e+00,0.000000000000000000e+00,0.000000000000000000e+00,0.000000000000000000e+00,0.000000000000000000e+00,0.000000000000000000e+00,0.000000000000000000e+00,0.000000000000000000e+00,0.000000000000000000e+00,0.000000000000000000e+00,0.000000000000000000e+00,0.000000000000000000e+00,0.000000000000000000e+00,0.000000000000000000e+00,0.000000000000000000e+00,0.000000000000000000e+00,0.000000000000000000e+00,0.000000000000000000e+00,0.000000000000000000e+00,0.000000000000000000e+00,0.000000000000000000e+00,0.000000000000000000e+00,0.000000000000000000e+00,0.000000000000000000e+00,0.000000000000000000e+00,0.000000000000000000e+00,0.000000000000000000e+00,0.000000000000000000e+00,0.000000000000000000e+00,0.000000000000000000e+00,0.000000000000000000e+00,0.000000000000000000e+00,0.000000000000000000e+00,0.000000000000000000e+00,0.000000000000000000e+00,0.000000000000000000e+00,0.000000000000000000e+00,0.000000000000000000e+00,0.000000000000000000e+00,0.000000000000000000e+00,0.000000000000000000e+00,0.000000000000000000e+00,0.000000000000000000e+00,0.000000000000000000e+00,0.000000000000000000e+00,0.000000000000000000e+00,0.000000000000000000e+00,0.000000000000000000e+00,0.000000000000000000e+00,0.000000000000000000e+00,0.000000000000000000e+00,0.000000000000000000e+00,0.000000000000000000e+00,0.000000000000000000e+00,0.000000000000000000e+00,0.000000000000000000e+00,0.000000000000000000e+00,0.000000000000000000e+00,0.000000000000000000e+00,0.000000000000000000e+00,0.000000000000000000e+00,0.000000000000000000e+00,0.000000000000000000e+00,0.000000000000000000e+00,0.000000000000000000e+00,0.000000000000000000e+00,0.000000000000000000e+00,0.000000000000000000e+00,0.000000000000000000e+00,0.000000000000000000e+00,0.000000000000000000e+00,0.000000000000000000e+00,0.000000000000000000e+00,0.000000000000000000e+00,0.000000000000000000e+00,0.000000000000000000e+00,0.000000000000000000e+00,0.000000000000000000e+00,0.000000000000000000e+00,0.000000000000000000e+00,0.000000000000000000e+00,0.000000000000000000e+00,0.000000000000000000e+00,0.000000000000000000e+00,0.000000000000000000e+00,0.000000000000000000e+00,0.000000000000000000e+00,0.000000000000000000e+00,0.000000000000000000e+00,0.000000000000000000e+00,0.000000000000000000e+00,0.000000000000000000e+00,0.000000000000000000e+00,0.000000000000000000e+00,0.000000000000000000e+00,0.000000000000000000e+00,0.000000000000000000e+00,0.000000000000000000e+00,0.000000000000000000e+00,0.000000000000000000e+00,0.000000000000000000e+00,0.000000000000000000e+00,0.000000000000000000e+00,0.000000000000000000e+00,0.000000000000000000e+00,0.000000000000000000e+00,0.000000000000000000e+00,0.000000000000000000e+00,0.000000000000000000e+00,0.000000000000000000e+00,0.000000000000000000e+00,0.000000000000000000e+00,0.000000000000000000e+00,0.000000000000000000e+00,0.000000000000000000e+00,0.000000000000000000e+00,0.000000000000000000e+00,0.000000000000000000e+00,0.000000000000000000e+00,0.000000000000000000e+00,0.000000000000000000e+00,0.000000000000000000e+00,0.000000000000000000e+00,0.000000000000000000e+00,0.000000000000000000e+00,0.000000000000000000e+00,0.000000000000000000e+00,0.000000000000000000e+00,0.000000000000000000e+00,0.000000000000000000e+00,0.000000000000000000e+00,0.000000000000000000e+00,0.000000000000000000e+00,0.000000000000000000e+00,0.000000000000000000e+00,0.000000000000000000e+00,0.000000000000000000e+00,0.000000000000000000e+00,0.000000000000000000e+00,0.000000000000000000e+00,0.000000000000000000e+00,0.000000000000000000e+00,0.000000000000000000e+00,0.000000000000000000e+00,0.000000000000000000e+00,0.000000000000000000e+00,0.000000000000000000e+00,0.000000000000000000e+00,0.000000000000000000e+00,0.000000000000000000e+00,0.000000000000000000e+00,0.000000000000000000e+00,0.000000000000000000e+00,0.000000000000000000e+00,0.000000000000000000e+00,0.000000000000000000e+00,0.000000000000000000e+00,0.000000000000000000e+00,0.000000000000000000e+00,0.000000000000000000e+00,0.000000000000000000e+00,0.000000000000000000e+00,0.000000000000000000e+00,0.000000000000000000e+00,0.000000000000000000e+00,0.000000000000000000e+00,0.000000000000000000e+00,0.000000000000000000e+00,0.000000000000000000e+00,0.000000000000000000e+00,0.000000000000000000e+00,0.000000000000000000e+00,0.000000000000000000e+00,0.000000000000000000e+00,0.000000000000000000e+00,0.000000000000000000e+00,0.000000000000000000e+00,0.000000000000000000e+00,0.000000000000000000e+00,0.000000000000000000e+00,0.000000000000000000e+00,0.000000000000000000e+00,0.000000000000000000e+00,0.000000000000000000e+00,0.000000000000000000e+00,0.000000000000000000e+00,0.000000000000000000e+00,0.000000000000000000e+00,0.000000000000000000e+00,0.000000000000000000e+00,0.000000000000000000e+00,0.000000000000000000e+00,0.000000000000000000e+00,0.000000000000000000e+00,0.000000000000000000e+00,0.000000000000000000e+00,0.000000000000000000e+00,0.000000000000000000e+00,0.000000000000000000e+00,0.000000000000000000e+00,0.000000000000000000e+00,0.000000000000000000e+00,0.000000000000000000e+00,0.000000000000000000e+00,0.000000000000000000e+00,0.000000000000000000e+00,0.000000000000000000e+00,0.000000000000000000e+00,0.000000000000000000e+00,0.000000000000000000e+00,0.000000000000000000e+00,0.000000000000000000e+00,0.000000000000000000e+00,0.000000000000000000e+00,0.000000000000000000e+00,0.000000000000000000e+00,0.000000000000000000e+00,0.000000000000000000e+00,0.000000000000000000e+00,0.000000000000000000e+00,0.000000000000000000e+00,0.000000000000000000e+00,0.000000000000000000e+00,0.000000000000000000e+00,0.000000000000000000e+00,0.000000000000000000e+00,0.000000000000000000e+00,0.000000000000000000e+00,0.000000000000000000e+00,0.000000000000000000e+00,0.000000000000000000e+00,0.000000000000000000e+00,0.000000000000000000e+00,0.000000000000000000e+00,0.000000000000000000e+00,0.000000000000000000e+00,0.000000000000000000e+00,0.000000000000000000e+00,0.000000000000000000e+00,0.000000000000000000e+00,0.000000000000000000e+00,0.000000000000000000e+00,0.000000000000000000e+00,0.000000000000000000e+00,0.000000000000000000e+00,0.000000000000000000e+00,0.000000000000000000e+00,0.000000000000000000e+00,0.000000000000000000e+00,0.000000000000000000e+00,0.000000000000000000e+00,0.000000000000000000e+00,0.000000000000000000e+00,0.000000000000000000e+00,0.000000000000000000e+00,0.000000000000000000e+00,0.000000000000000000e+00,0.000000000000000000e+00,0.000000000000000000e+00,0.000000000000000000e+00,0.000000000000000000e+00,0.000000000000000000e+00,0.000000000000000000e+00,0.000000000000000000e+00,0.000000000000000000e+00,0.000000000000000000e+00,0.000000000000000000e+00,0.000000000000000000e+00,0.000000000000000000e+00,0.000000000000000000e+00,0.000000000000000000e+00,0.000000000000000000e+00,0.000000000000000000e+00,0.000000000000000000e+00,0.000000000000000000e+00,0.000000000000000000e+00,0.000000000000000000e+00,0.000000000000000000e+00,0.000000000000000000e+00,0.000000000000000000e+00,0.000000000000000000e+00,0.000000000000000000e+00
Cut_Loc,0.000000000000000000e+00
Z_Loc,8.759999999999999731e-02,8.759999999999999731e-02,8.699999999999999400e-02,8.699999999999999400e-02,8.630000000000000171e-02,8.630000000000000171e-02,8.550000000000000655e-02,8.550000000000000655e-02,8.459999999999999465e-02,8.459999999999999465e-02,8.350000000000000477e-02,8.350000000000000477e-02,8.219999999999999529e-02,8.219999999999999529e-02,8.079999999999999682e-02,8.079999999999999682e-02,7.920000000000000651e-02,7.920000000000000651e-02,7.739999999999999658e-02,7.739999999999999658e-02,7.549999999999999767e-02,7.549999999999999767e-02,7.359999999999999876e-02,7.359999999999999876e-02,7.159999999999999698e-02,7.159999999999999698e-02,6.969999999999999807e-02,6.969999999999999807e-02,6.800000000000000488e-02,6.800000000000000488e-02,6.650000000000000355e-02,6.650000000000000355e-02,6.529999999999999694e-02,6.529999999999999694e-02,6.429999999999999605e-02,6.429999999999999605e-02,6.389999999999999847e-02,6.389999999999999847e-02,6.389999999999999847e-02,6.389999999999999847e-02,6.429999999999999605e-02,6.429999999999999605e-02,6.500000000000000222e-02,6.500000000000000222e-02,6.579999999999999738e-02,6.579999999999999738e-02,6.669999999999999540e-02,6.669999999999999540e-02,6.759999999999999343e-02,6.759999999999999343e-02,6.840000000000000246e-02,6.840000000000000246e-02,6.909999999999999476e-02,6.909999999999999476e-02,6.980000000000000093e-02,6.980000000000000093e-02,7.030000000000000138e-02,7.030000000000000138e-02,7.069999999999999896e-02,7.069999999999999896e-02,7.080000000000000182e-02,8.759999999999999731e-02,8.759999999999999731e-02,8.699999999999999400e-02,8.699999999999999400e-02,8.630000000000000171e-02,8.630000000000000171e-02,8.550000000000000655e-02,8.550000000000000655e-02,8.459999999999999465e-02,8.459999999999999465e-02,8.350000000000000477e-02,8.350000000000000477e-02,8.219999999999999529e-02,8.219999999999999529e-02,8.079999999999999682e-02,8.079999999999999682e-02,7.920000000000000651e-02,7.920000000000000651e-02,7.739999999999999658e-02,7.739999999999999658e-02,7.549999999999999767e-02,7.549999999999999767e-02,7.359999999999999876e-02,7.359999999999999876e-02,7.159999999999999698e-02,7.159999999999999698e-02,6.969999999999999807e-02,6.969999999999999807e-02,6.800000000000000488e-02,6.800000000000000488e-02,6.650000000000000355e-02,6.650000000000000355e-02,6.529999999999999694e-02,6.529999999999999694e-02,6.429999999999999605e-02,6.429999999999999605e-02,6.389999999999999847e-02,6.389999999999999847e-02,6.389999999999999847e-02,6.389999999999999847e-02,6.429999999999999605e-02,6.429999999999999605e-02,6.500000000000000222e-02,6.500000000000000222e-02,6.579999999999999738e-02,6.579999999999999738e-02,6.669999999999999540e-02,6.669999999999999540e-02,6.759999999999999343e-02,6.759999999999999343e-02,6.840000000000000246e-02,6.840000000000000246e-02,6.909999999999999476e-02,6.909999999999999476e-02,6.980000000000000093e-02,6.980000000000000093e-02,7.030000000000000138e-02,7.030000000000000138e-02,7.069999999999999896e-02,7.069999999999999896e-02,7.080000000000000182e-02,1.542000000000000037e-01,1.542000000000000037e-01,1.532000000000000028e-01,1.532000000000000028e-01,1.519999999999999962e-01,1.519999999999999962e-01,1.504999999999999949e-01,1.504999999999999949e-01,1.487999999999999878e-01,1.487999999999999878e-01,1.468000000000000138e-01,1.468000000000000138e-01,1.444999999999999896e-01,1.444999999999999896e-01,1.418999999999999984e-01,1.418999999999999984e-01,1.390000000000000124e-01,1.390000000000000124e-01,1.356999999999999873e-01,1.356999999999999873e-01,1.322000000000000119e-01,1.322000000000000119e-01,1.285000000000000031e-01,1.285000000000000031e-01,1.248999999999999971e-01,1.248999999999999971e-01,1.213000000000000050e-01,1.213000000000000050e-01,1.179999999999999938e-01,1.179999999999999938e-01,1.150999999999999940e-01,1.150999999999999940e-01,1.125000000000000028e-01,1.125000000000000028e-01,1.103999999999999981e-01,1.103999999999999981e-01,1.086000000000000021e-01,1.086000000000000021e-01,1.073000000000000065e-01,1.073000000000000065e-01,1.062000000000000027e-01,1.062000000000000027e-01,1.054999999999999966e-01,1.054999999999999966e-01,1.048999999999999932e-01,1.048999999999999932e-01,1.045999999999999985e-01,1.045999999999999985e-01,1.043000000000000038e-01,1.043000000000000038e-01,1.042000000000000010e-01,1.042000000000000010e-01,1.039000000000000062e-01,1.542000000000000037e-01,1.542000000000000037e-01,1.532000000000000028e-01,1.532000000000000028e-01,1.519999999999999962e-01,1.519999999999999962e-01,1.504999999999999949e-01,1.504999999999999949e-01,1.487999999999999878e-01,1.487999999999999878e-01,1.468000000000000138e-01,1.468000000000000138e-01,1.444999999999999896e-01,1.444999999999999896e-01,1.418999999999999984e-01,1.418999999999999984e-01,1.390000000000000124e-01,1.390000000000000124e-01,1.356999999999999873e-01,1.356999999999999873e-01,1.322000000000000119e-01,1.322000000000000119e-01,1.285000000000000031e-01,1.285000000000000031e-01,1.248999999999999971e-01,1.248999999999999971e-01,1.213000000000000050e-01,1.213000000000000050e-01,1.179999999999999938e-01,1.179999999999999938e-01,1.150999999999999940e-01,1.150999999999999940e-01,1.125000000000000028e-01,1.125000000000000028e-01,1.103999999999999981e-01,1.103999999999999981e-01,1.086000000000000021e-01,1.086000000000000021e-01,1.073000000000000065e-01,1.073000000000000065e-01,1.062000000000000027e-01,1.062000000000000027e-01,1.054999999999999966e-01,1.054999999999999966e-01,1.048999999999999932e-01,1.048999999999999932e-01,1.045999999999999985e-01,1.045999999999999985e-01,1.043000000000000038e-01,1.043000000000000038e-01,1.042000000000000010e-01,1.042000000000000010e-01,1.039000000000000062e-01,3.886000000000000010e-01,3.886000000000000010e-01,3.886000000000000010e-01,3.886000000000000010e-01,2.149999999999999967e-01,2.149999999999999967e-01,2.156000000000000139e-01,2.156000000000000139e-01,2.172000000000000042e-01,2.172000000000000042e-01,2.197999999999999954e-01,2.197999999999999954e-01,2.232000000000000095e-01,2.232000000000000095e-01,2.273999999999999910e-01,2.273999999999999910e-01,2.323000000000000065e-01,2.323000000000000065e-01,2.376999999999999946e-01,2.376999999999999946e-01,2.436000000000000110e-01,2.436000000000000110e-01,2.499000000000000110e-01,2.499000000000000110e-01,2.564000000000000168e-01,2.564000000000000168e-01,2.631999999999999895e-01,2.631999999999999895e-01,2.700000000000000178e-01,2.700000000000000178e-01,2.767000000000000015e-01,2.767000000000000015e-01,2.833999999999999853e-01,2.833999999999999853e-01,2.898999999999999910e-01,2.898999999999999910e-01,2.959999999999999853e-01,2.959999999999999853e-01,3.017000000000000237e-01,3.017000000000000237e-01,3.069000000000000061e-01,3.069000000000000061e-01,3.114999999999999991e-01,3.114999999999999991e-01,3.173000000000000265e-01,3.173000000000000265e-01,3.229000000000000203e-01,3.229000000000000203e-01,3.284000000000000252e-01,3.284000000000000252e-01,3.337999999999999856e-01,3.337999999999999856e-01,3.391000000000000125e-01,3.391000000000000125e-01,3.441000000000000170e-01,3.441000000000000170e-01,3.491000000000000214e-01,3.491000000000000214e-01,3.538000000000000034e-01,3.538000000000000034e-01,3.583000000000000074e-01,3.583000000000000074e-01,3.627000000000000224e-01,3.627000000000000224e-01,3.668000000000000149e-01,3.668000000000000149e-01,3.706999999999999740e-01,3.706999999999999740e-01,3.743000000000000216e-01,3.743000000000000216e-01,3.776999999999999802e-01,3.776999999999999802e-01,3.891999999999999904e-01,3.891999999999999904e-01,4.033999999999999808e-01,4.033999999999999808e-01,4.173000000000000043e-01,4.173000000000000043e-01,4.278000000000000136e-01,4.278000000000000136e-01,4.319999999999999951e-01,4.319999999999999951e-01,4.274999999999999911e-01,4.274999999999999911e-01,4.167000000000000148e-01,4.167000000000000148e-01,4.037999999999999923e-01,4.037999999999999923e-01,3.931000000000000050e-01,3.886000000000000010e-01,3.886000000000000010e-01,3.886000000000000010e-01,3.886000000000000010e-01,2.149999999999999967e-01,2.149999999999999967e-01,2.156000000000000139e-01,2.156000000000000139e-01,2.172000000000000042e-01,2.172000000000000042e-01,2.197999999999999954e-01,2.197999999999999954e-01,2.232000000000000095e-01,2.232000000000000095e-01,2.273999999999999910e-01,2.273999999999999910e-01,2.323000000000000065e-01,2.323000000000000065e-01,2.376999999999999946e-01,2.376999999999999946e-01,2.436000000000000110e-01,2.436000000000000110e-01,2.499000000000000110e-01,2.499000000000000110e-01,2.564000000000000168e-01,2.564000000000000168e-01,2.631999999999999895e-01,2.631999999999999895e-01,2.700000000000000178e-01,2.700000000000000178e-01,2.767000000000000015e-01,2.767000000000000015e-01,2.833999999999999853e-01,2.833999999999999853e-01,2.898999999999999910e-01,2.898999999999999910e-01,2.959999999999999853e-01,2.959999999999999853e-01,3.017000000000000237e-01,3.017000000000000237e-01,3.069000000000000061e-01,3.069000000000000061e-01,3.114999999999999991e-01,3.114999999999999991e-01,3.173000000000000265e-01,3.173000000000000265e-01,3.229000000000000203e-01,3.229000000000000203e-01,3.284000000000000252e-01,3.284000000000000252e-01,3.337999999999999856e-01,3.337999999999999856e-01,3.391000000000000125e-01,3.391000000000000125e-01,3.441000000000000170e-01,3.441000000000000170e-01,3.491000000000000214e-01,3.491000000000000214e-01,3.538000000000000034e-01,3.538000000000000034e-01,3.583000000000000074e-01,3.583000000000000074e-01,3.627000000000000224e-01,3.627000000000000224e-01,3.668000000000000149e-01,3.668000000000000149e-01,3.706999999999999740e-01,3.706999999999999740e-01,3.743000000000000216e-01,3.743000000000000216e-01,3.776999999999999802e-01,3.776999999999999802e-01,3.891999999999999904e-01,3.891999999999999904e-01,4.033999999999999808e-01,4.033999999999999808e-01,4.173000000000000043e-01,4.173000000000000043e-01,4.278000000000000136e-01,4.278000000000000136e-01,4.319999999999999951e-01,4.319999999999999951e-01,4.274999999999999911e-01,4.274999999999999911e-01,4.167000000000000148e-01,4.167000000000000148e-01,4.037999999999999923e-01,4.037999999999999923e-01,3.931000000000000050e-01,1.650000000000000078e-01,1.650000000000000078e-01,1.688999999999999946e-01,1.648000000000000020e-01,1.764000000000000012e-01,1.764000000000000012e-01,1.648000000000000020e-01,1.648000000000000020e-01,1.764000000000000012e-01,2.283000000000000029e-01,2.399999999999999911e-01,2.399999999999999911e-01,2.283000000000000029e-01,2.283000000000000029e-01,2.399999999999999911e-01,2.819999999999999729e-01,2.938000000000000056e-01,2.938000000000000056e-01,1.688999999999999946e-01,1.796999999999999986e-01,2.078000000000000125e-01,2.078000000000000125e-01,1.764000000000000012e-01,2.078000000000000125e-01,2.721000000000000085e-01,2.721000000000000085e-01,2.399999999999999911e-01,2.721000000000000085e-01,3.259000000000000230e-01,3.259000000000000230e-01,1.955000000000000071e-01,1.955000000000000071e-01,2.078000000000000125e-01,2.545000000000000040e-01,2.545000000000000040e-01,2.545000000000000040e-01,2.721000000000000085e-01,3.195999999999999952e-01,3.195999999999999952e-01,3.195999999999999952e-01,3.259000000000000230e-01,3.735999999999999877e-01,2.149999999999999967e-01,2.149999999999999967e-01,2.545000000000000040e-01,3.114999999999999991e-01,3.114999999999999991e-01,3.114999999999999991e-01,3.195999999999999952e-01,3.776999999999999802e-01,3.776999999999999802e-01,3.776999999999999802e-01,3.735999999999999877e-01,4.319999999999999951e-01,2.650000000000000133e-01,2.650000000000000133e-01,2.610999999999999988e-01,4.582999999999999852e-01,4.466999999999999860e-01,4.466999999999999860e-01,4.641000000000000125e-01,4.582999999999999852e-01,4.466999999999999860e-01,4.697999999999999954e-01,4.641000000000000125e-01,4.754999999999999782e-01,4.697999999999999954e-01,4.811000000000000276e-01,4.754999999999999782e-01,4.865999999999999770e-01,4.811000000000000276e-01,4.919000000000000039e-01,4.865999999999999770e-01,4.970999999999999863e-01,4.919000000000000039e-01,5.021999999999999797e-01,4.970999999999999863e-01,5.070000000000000062e-01,5.021999999999999797e-01,5.116000000000000547e-01,5.070000000000000062e-01,5.159000000000000252e-01,5.116000000000000547e-01,5.200000000000000178e-01,5.159000000000000252e-01,5.237000000000000544e-01,5.200000000000000178e-01,5.153999999999999693e-01,5.386999999999999567e-01,5.272000000000000020e-01,5.153999999999999693e-01,5.530000000000000471e-01,5.386999999999999567e-01,5.671000000000000485e-01,5.530000000000000471e-01,5.776999999999999913e-01,5.671000000000000485e-01,5.702000000000000401e-01,2.610999999999999988e-01,2.503000000000000225e-01,4.153000000000000025e-01,4.153000000000000025e-01,4.466999999999999860e-01,4.153000000000000025e-01,4.833999999999999964e-01,4.833999999999999964e-01,5.153999999999999693e-01,4.833999999999999964e-01,5.380000000000000338e-01,5.380000000000000338e-01,2.344999999999999862e-01,2.344999999999999862e-01,4.153000000000000025e-01,3.685999999999999832e-01,3.685999999999999832e-01,3.685999999999999832e-01,4.833999999999999964e-01,4.359000000000000097e-01,4.359000000000000097e-01,4.359000000000000097e-01,5.380000000000000338e-01,4.903000000000000136e-01,2.149999999999999967e-01,2.149999999999999967e-01,3.685999999999999832e-01,3.114999999999999991e-01,3.114999999999999991e-01,3.114999999999999991e-01,4.359000000000000097e-01,3.776999999999999802e-01,3.776999999999999802e-01,3.776999999999999802e-01,4.903000000000000136e-01,4.319999999999999951e-01
Cut_Type,1
