Results_Name,VSPAERO_History
Results_Timestamp,1757614506
Results_Date,9,11,2025
Results_Time,20,15,6
CMxo,-3.917271199999999799e-05,1.609804300000000168e-05,-8.894949999999999853e-07,1.890072200000000033e-05,-1.093940599999999939e-04,-1.060745790000000051e-04,-1.728792999999999967e-05,-2.291821600000000067e-05,-1.342016700000000042e-05,1.479720899999999916e-05,6.269937999999999667e-06,-9.646049000000000181e-05,-6.810531870000000520e-04,-2.231256940000000077e-04,1.585859399999999984e-04,4.608205000000000038e-05,-6.017643390000000213e-04,6.752599899999999411e-05,8.267470100000000593e-05,-1.707343139999999875e-04,-4.888577499999999698e-05,1.425856549999999893e-04,1.206362580000000008e-04,-1.400562879999999897e-04,-2.458312000000000257e-04,-1.707994729999999961e-04,-5.197325400000000009e-05,-2.739849299999999951e-05,-2.808482099999999997e-05,-1.476864699999999975e-05
CMzi,-4.031395962830000013e-01,-3.869825495499999990e-01,-3.763603530829999766e-01,-3.835802733340000215e-01,-3.989919251040000003e-01,-4.600246863829999810e-01,-4.316539779840000146e-01,-4.196184391180000084e-01,-3.686498640229999846e-01,-4.215911935900000240e-01,-5.152154634840000469e-01,-3.441132066429999914e-01,-4.093795607699999839e-01,-1.172451789778000020e+00,-4.095743165230000260e-01,-3.458996415589999929e-01,-3.224776506779999941e-01,-4.362415018870000050e-01,-3.312198046770000182e-01,-3.514648399399999956e-01,-3.812045102630000071e-01,-4.648291816519999897e-01,-3.317866862320000276e-01,-3.265353487550000100e-01,-4.214318844939999864e-01,-3.886585600729999812e-01,-3.288362080219999761e-01,-3.274782681430000175e-01,-3.617559466829999848e-01,-3.228018309390000007e-01
CFy,5.790054321399999704e-02,2.375853299000000099e-02,8.243992159999999694e-03,1.265019800000000095e-03,-6.266491029999999782e-04,-3.085556314099999892e-02,5.957813505000000322e-03,-6.022753899999999894e-05,3.046886222999999928e-03,4.089078700000000271e-05,-4.858691293499999703e-02,-1.733093620500000126e-02,-1.098656868940000031e-01,-3.503880721250000052e-01,-1.004282585379999981e-01,-3.230777948500000024e-02,-1.041617375840000054e-01,4.566863976600000347e-02,1.786768343099999837e-02,-8.161175265299999704e-02,-5.994071774600000235e-02,-1.761525912580000075e-01,-7.026502399999999928e-04,8.360485397899999893e-02,-1.331157348200000083e-02,-8.922967250100000136e-02,-3.257200544100000150e-02,-1.708987224900000018e-02,1.916037357500000038e-02,5.562445865500000031e-02
CFx,2.366718640730000045e-01,2.388334915130000125e-01,2.512191141930000260e-01,3.238169004279999874e-01,1.713706158349999897e-01,1.029177540625000109e+00,2.694429754630000007e-01,2.673785276539999978e-01,2.664026885749999907e-01,2.495903369380000070e-01,1.021623493780000058e-01,3.950013168359999827e-01,2.764859519990000014e-01,1.403738363064999994e+00,2.080914750860000106e-01,2.346143507610000123e-01,2.202896757360000013e-01,3.709882292739999921e-01,2.282651634499999888e-02,2.033750151460000100e-01,3.324542540539999758e-01,3.872609121330000126e-01,2.396472456959999886e-01,2.523888661129999877e-01,2.113069126440000056e-01,2.187304906099999946e-01,2.350046109770000113e-01,2.550748077819999793e-01,2.574613792689999792e-01,2.670864610540000239e-01
CFzi,-1.657875077404000086e+00,-1.673297659471999932e+00,-1.627166809185000007e+00,-1.519996324926000009e+00,-1.328987922322000026e+00,-1.899194344924999944e+00,-1.630469894670999897e+00,-1.788242972079999937e+00,-1.857571741602999982e+00,-1.890806571966999972e+00,-1.824358231291000054e+00,-1.883322097738999945e+00,-1.947434660169000020e+00,-1.656994840996000029e+00,-1.651003745971999948e+00,-1.634417314735999938e+00,-1.566521565813999928e+00,-1.537047175659000064e+00,-1.261126818769999991e+00,-1.692204968892000005e+00,-1.756863223676000008e+00,-1.659571840086000005e+00,-1.745099951632000046e+00,-1.905456195556999965e+00,-2.012269400201000202e+00,-2.013011285369000092e+00,-1.902282215937999954e+00,-1.789187874700000069e+00,-1.758288765092999917e+00,-1.727104775172999984e+00
CFyi,5.806718349799999679e-02,2.387400593200000171e-02,8.353181440999999860e-03,1.321237054000000063e-03,-7.216154740000000527e-04,-3.071353120600000056e-02,6.024873881999999979e-03,-2.637562099999999946e-05,3.083301002000000089e-03,9.085579999999999839e-05,-4.871724210899999741e-02,-1.728420828600000028e-02,-1.083867775960000029e-01,-3.513130207629999724e-01,-1.005486771110000038e-01,-3.254876814200000079e-02,-1.033557012820000010e-01,4.546954915000000347e-02,1.794475627399999898e-02,-8.115825207099999772e-02,-5.989327354800000336e-02,-1.781684739999999934e-01,-9.743550339999999636e-04,8.377738950499999393e-02,-1.289507890099999936e-02,-8.893807345099999373e-02,-3.262625611799999797e-02,-1.706795853500000029e-02,1.922780068599999961e-02,5.570424160000000263e-02
CFzo,6.973936715999999765e-03,6.776164309000000385e-03,6.776110858999999723e-03,6.557325999000000044e-03,5.297120160999999570e-03,5.386275238000000180e-03,5.417960183999999575e-03,5.499022939000000262e-03,5.561084681000000307e-03,5.555655082000000161e-03,5.586553963000000234e-03,5.712310590999999764e-03,7.813265687000000084e-03,8.940525374000000622e-03,6.971635226000000296e-03,6.597546329999999688e-03,5.523757615000000377e-03,6.370647711000000310e-03,5.807668093999999830e-03,5.703004008999999763e-03,5.870670869999999701e-03,5.709795279999999897e-03,5.725003273000000420e-03,6.015185575999999583e-03,6.634270723999999980e-03,6.773460777000000176e-03,6.768721224999999647e-03,6.662441481000000096e-03,6.542709790999999726e-03,6.478654755000000376e-03
CFxo,5.500039302100000194e-02,5.370106173199999666e-02,5.300756950300000020e-02,5.228944259200000305e-02,5.349011291700000309e-02,5.571472644199999824e-02,5.299057902700000239e-02,5.338825270699999737e-02,5.381610638499999960e-02,5.373549777500000180e-02,5.365195273799999720e-02,5.344401412900000314e-02,5.516224188600000328e-02,7.073154912100000635e-02,5.417304177800000287e-02,5.341113136500000302e-02,5.673500402400000198e-02,5.250193125400000327e-02,5.279628623200000037e-02,5.411390041099999743e-02,5.350328742700000140e-02,5.697290168300000318e-02,5.359008517600000188e-02,5.458654919699999775e-02,5.509284621100000306e-02,5.448622528500000201e-02,5.348925906100000099e-02,5.313814273200000160e-02,5.289763205300000021e-02,5.304549186100000063e-02
CMz,-4.034113893610000168e-01,-3.870978673589999808e-01,-3.763771047139999881e-01,-3.835843323209999767e-01,-3.989987942009999844e-01,-4.601966740849999793e-01,-4.316430092319999967e-01,-4.195903526029999830e-01,-3.686101727939999906e-01,-4.215785899889999966e-01,-5.152776629109999673e-01,-3.442277609130000027e-01,-4.090119722209999975e-01,-1.175800505505000038e+00,-4.094620810119999899e-01,-3.458312936960000195e-01,-3.244804589790000193e-01,-4.361427528269999909e-01,-3.311680872330000081e-01,-3.520672703280000038e-01,-3.814723771519999973e-01,-4.667388231879999738e-01,-3.317714332069999772e-01,-3.260008843219999730e-01,-4.212808305210000159e-01,-3.886643044770000111e-01,-3.288077060160000120e-01,-3.274433089379999995e-01,-3.617832560479999904e-01,-3.228517801649999908e-01
CMy,4.497062535590000132e-01,4.033956728740000219e-01,2.064373148330000129e-01,1.766756710279999976e-01,1.488973680179999926e-01,-9.163058328999999780e-02,9.185617910299999356e-02,2.973155286749999959e-01,4.332578462819999809e-01,4.733578975859999982e-01,4.578122850349999884e-01,3.802357827339999941e-01,4.591988704960000001e-01,-5.405203048660000009e-01,9.053891071500000387e-02,2.531561873279999930e-01,2.229021066859999956e-01,1.161290621489999980e-01,-1.598216176600000121e-02,1.913476772169999951e-01,1.426985338479999921e-01,-2.067346929799999955e-02,-2.925697537099999912e-02,4.066761988529999927e-01,3.794746455940000152e-01,7.001982275599999417e-02,3.061516371349999877e-01,2.238577147939999901e-01,-9.313361791700000558e-02,1.707986684820000101e-01
E,1.185424002681999989e+00,1.185006546936999916e+00,1.046627283012999898e+00,6.666964857460000449e-01,1.173969818835000067e+00,2.903195581629999800e-01,9.623211123239999720e-01,1.170889363266000016e+00,1.271780569269999939e+00,1.430265764897999947e+00,5.375789554176000351e+00,8.136590752669999871e-01,1.342624884921000072e+00,1.613863452859999881e-01,1.387593723691000092e+00,1.155092710746000062e+00,1.175619134623999917e+00,5.812199133630000514e-01,-4.158061974440999897e+00,1.503197673093999986e+00,8.669716110059999536e-01,6.533654252399999640e-01,1.282481378368999891e+00,1.438213655164999993e+00,2.030995457823999928e+00,1.933121041711000077e+00,1.562044410916000103e+00,1.242091405070000043e+00,1.184155060679999982e+00,1.091936302327999986e+00
L/D,-7.004952126001000146e+00,-7.006126523017999652e+00,-6.477082026234000089e+00,-4.693999364815000241e+00,-7.755051330399999721e+00,-1.845351525814000082e+00,-6.051261465889999691e+00,-6.688057518197999762e+00,-6.972796526726000366e+00,-7.575640127599999829e+00,-1.785744202625300048e+01,-4.767888149905999740e+00,-7.043521184675999969e+00,-1.180415727456999964e+00,-7.934028750063999880e+00,-6.966399580572000261e+00,-7.111189212939000193e+00,-4.143115749700999828e+00,-5.524832609954700047e+01,-8.320613855534000791e+00,-5.284526223543999812e+00,-4.285410141048999755e+00,-7.281952882726000276e+00,-7.549684044725999854e+00,-9.522970048743999882e+00,-9.203158095399999183e+00,-8.094659113415000107e+00,-7.014365276821999728e+00,-6.829330170163999902e+00,-6.466463213275999600e+00
AnalysisMethod,0
FC_Vinf_,1.000000000000000000e+02
FC_Beta_,0.000000000000000000e+00
FC_Rho_,2.377000000000000206e-03
CDt,2.617205132329999961e-01,2.739132435209999938e-01,2.704657620740000268e-01,2.588794117000000061e-01,2.511039128309999757e-01,7.332231287499999528e-01,2.624653670729999999e-01,2.595054001650000108e-01,2.644061919890000056e-01,2.654544999980000264e-01,2.570033197600000152e-01,2.757575994429999899e-01,2.908942719529999943e-01,1.516582970311000089e+00,3.060643888640000032e-01,2.800130766289999906e-01,2.856447771460000062e-01,2.811997930919999944e-01,2.643619673579999940e-01,2.760062345800000094e-01,3.131090064000000006e-01,5.246537772939999789e-01,2.941328420720000225e-01,3.087192579420000027e-01,3.188308911700000192e-01,3.117078468150000226e-01,2.922992365250000057e-01,2.863529542720000265e-01,2.841644847359999781e-01,2.860225779950000269e-01
FC_Mach_,5.000000000000000278e-02
Mach,5.000000000000000278e-02,5.000000000000000278e-02,5.000000000000000278e-02,5.000000000000000278e-02,5.000000000000000278e-02,5.000000000000000278e-02,5.000000000000000278e-02,5.000000000000000278e-02,5.000000000000000278e-02,5.000000000000000278e-02,5.000000000000000278e-02,5.000000000000000278e-02,5.000000000000000278e-02,5.000000000000000278e-02,5.000000000000000278e-02,5.000000000000000278e-02,5.000000000000000278e-02,5.000000000000000278e-02,5.000000000000000278e-02,5.000000000000000278e-02,5.000000000000000278e-02,5.000000000000000278e-02,5.000000000000000278e-02,5.000000000000000278e-02,5.000000000000000278e-02,5.000000000000000278e-02,5.000000000000000278e-02,5.000000000000000278e-02,5.000000000000000278e-02,5.000000000000000278e-02
FC_AoA_,0.000000000000000000e+00
CMzo,-2.717930780000000048e-04,-1.153178090000000003e-04,-1.675163200000000157e-05,-4.058986999999999869e-06,-6.869097000000000142e-06,-1.719877020000000055e-04,1.096875199999999943e-05,2.808651500000000056e-05,3.969122800000000033e-05,1.260360100000000015e-05,-6.219942800000000278e-05,-1.145542689999999971e-04,3.675885489999999932e-04,-3.348715727000000069e-03,1.122355110000000032e-04,6.834786400000000491e-05,-2.002808301000000117e-03,9.874906000000000352e-05,5.171744499999999693e-05,-6.024303880000000120e-04,-2.678668889999999848e-04,-1.909641535999999926e-03,1.525302499999999954e-05,5.344644330000000157e-04,1.510539729999999935e-04,-5.744403999999999694e-06,2.850200599999999892e-05,3.495920399999999991e-05,-2.730936600000000012e-05,-4.994922599999999718e-05
CFyo,-1.666402839999999938e-04,-1.154729419999999984e-04,-1.091892810000000030e-04,-5.621725400000000215e-05,9.496637100000000678e-05,-1.420319339999999908e-04,-6.706037699999999621e-05,-3.385191800000000287e-05,-3.641477899999999825e-05,-4.996501300000000245e-05,1.303291740000000012e-04,-4.672791900000000231e-05,-1.478909297999999933e-03,9.249486380000000339e-04,1.204185720000000028e-04,2.409886570000000080e-04,-8.060363029999999740e-04,1.990906159999999980e-04,-7.707284300000000275e-05,-4.535005809999999738e-04,-4.744419799999999667e-05,2.015882742000000161e-03,2.717047940000000251e-04,-1.725355260000000130e-04,-4.164945820000000060e-04,-2.915990499999999877e-04,5.425067700000000263e-05,-2.191371400000000159e-05,-6.742711200000000313e-05,-7.978294499999999444e-05
CS,5.790054321399999704e-02,2.375853299000000099e-02,8.243992159999999694e-03,1.265019800000000095e-03,-6.266491029999999782e-04,-3.085556314099999892e-02,5.957813505000000322e-03,-6.022753899999999894e-05,3.046886222999999928e-03,4.089078700000000271e-05,-4.858691293499999703e-02,-1.733093620500000126e-02,-1.098656868940000031e-01,-3.503880721250000052e-01,-1.004282585379999981e-01,-3.230777948500000024e-02,-1.041617375840000054e-01,4.566863976600000347e-02,1.786768343099999837e-02,-8.161175265299999704e-02,-5.994071774600000235e-02,-1.761525912580000075e-01,-7.026502399999999928e-04,8.360485397899999893e-02,-1.331157348200000083e-02,-8.922967250100000136e-02,-3.257200544100000150e-02,-1.708987224900000018e-02,1.916037357500000038e-02,5.562445865500000031e-02
FC_Zcg_,3.058170000000000055e-01
FC_Roll__Rate,0.000000000000000000e+00
CLi,-1.657875077404000086e+00,-1.673297659471999932e+00,-1.627166809185000007e+00,-1.519996324926000009e+00,-1.328987922322000026e+00,-1.899194344924999944e+00,-1.630469894670999897e+00,-1.788242972079999937e+00,-1.857571741602999982e+00,-1.890806571966999972e+00,-1.824358231291000054e+00,-1.883322097738999945e+00,-1.947434660169000020e+00,-1.656994840996000029e+00,-1.651003745971999948e+00,-1.634417314735999938e+00,-1.566521565813999928e+00,-1.537047175659000064e+00,-1.261126818769999991e+00,-1.692204968892000005e+00,-1.756863223676000008e+00,-1.659571840086000005e+00,-1.745099951632000046e+00,-1.905456195556999965e+00,-2.012269400201000202e+00,-2.013011285369000092e+00,-1.902282215937999954e+00,-1.789187874700000069e+00,-1.758288765092999917e+00,-1.727104775172999984e+00
FC_Ycg_,0.000000000000000000e+00
FC_Cref_,3.200000000000000067e-01
CSi,5.806718349799999679e-02,2.387400593200000171e-02,8.353181440999999860e-03,1.321237054000000063e-03,-7.216154740000000527e-04,-3.071353120600000056e-02,6.024873881999999979e-03,-2.637562099999999946e-05,3.083301002000000089e-03,9.085579999999999839e-05,-4.871724210899999741e-02,-1.728420828600000028e-02,-1.083867775960000029e-01,-3.513130207629999724e-01,-1.005486771110000038e-01,-3.254876814200000079e-02,-1.033557012820000010e-01,4.546954915000000347e-02,1.794475627399999898e-02,-8.115825207099999772e-02,-5.989327354800000336e-02,-1.781684739999999934e-01,-9.743550339999999636e-04,8.377738950499999393e-02,-1.289507890099999936e-02,-8.893807345099999373e-02,-3.262625611799999797e-02,-1.706795853500000029e-02,1.922780068599999961e-02,5.570424160000000263e-02
CDi,1.816714710519999887e-01,1.851324297810000019e-01,1.982115446899999911e-01,2.715274578369999969e-01,1.178805029179999936e-01,9.734628141829999581e-01,2.164523964349999996e-01,2.139902749469999865e-01,2.125865821900000119e-01,1.958548391619999995e-01,4.851039664100000037e-02,3.415573027070000212e-01,2.213237101130000051e-01,1.333006813943999891e+00,1.539184333080000078e-01,1.812032193960000093e-01,1.635546717119999993e-01,3.184862980200000027e-01,-2.996976988700000150e-02,1.492611147340000000e-01,2.789509666269999744e-01,3.302880104500000025e-01,1.860571605199999867e-01,1.978023169149999982e-01,1.562140664330000095e-01,1.642442653249999995e-01,1.815153519159999895e-01,2.019366650499999916e-01,2.045637472160000137e-01,2.140409691940000081e-01
FC_Xcg_,2.954149999999999832e-01
T/QS,0.000000000000000000e+00,0.000000000000000000e+00,0.000000000000000000e+00,0.000000000000000000e+00,0.000000000000000000e+00,0.000000000000000000e+00,0.000000000000000000e+00,0.000000000000000000e+00,0.000000000000000000e+00,0.000000000000000000e+00,0.000000000000000000e+00,0.000000000000000000e+00,0.000000000000000000e+00,0.000000000000000000e+00,0.000000000000000000e+00,0.000000000000000000e+00,0.000000000000000000e+00,0.000000000000000000e+00,0.000000000000000000e+00,0.000000000000000000e+00,0.000000000000000000e+00,0.000000000000000000e+00,0.000000000000000000e+00,0.000000000000000000e+00,0.000000000000000000e+00,0.000000000000000000e+00,0.000000000000000000e+00,0.000000000000000000e+00,0.000000000000000000e+00,0.000000000000000000e+00
FC_Sref_,4.159999999999999809e-01
FC_Pitch_Rate,0.000000000000000000e+00
FC_Yaw___Rate,0.000000000000000000e+00
CFxi,1.816714710519999887e-01,1.851324297810000019e-01,1.982115446899999911e-01,2.715274578369999969e-01,1.178805029179999936e-01,9.734628141829999581e-01,2.164523964349999996e-01,2.139902749469999865e-01,2.125865821900000119e-01,1.958548391619999995e-01,4.851039664100000037e-02,3.415573027070000212e-01,2.213237101130000051e-01,1.333006813943999891e+00,1.539184333080000078e-01,1.812032193960000093e-01,1.635546717119999993e-01,3.184862980200000027e-01,-2.996976988700000150e-02,1.492611147340000000e-01,2.789509666269999744e-01,3.302880104500000025e-01,1.860571605199999867e-01,1.978023169149999982e-01,1.562140664330000095e-01,1.642442653249999995e-01,1.815153519159999895e-01,2.019366650499999916e-01,2.045637472160000137e-01,2.140409691940000081e-01
WakeIter,1,2,3,4,5,6,7,8,9,10,11,12,13,14,15,16,17,18,19,20,21,22,23,24,25,26,27,28,29,30
Beta,0.000000000000000000e+00,0.000000000000000000e+00,0.000000000000000000e+00,0.000000000000000000e+00,0.000000000000000000e+00,0.000000000000000000e+00,0.000000000000000000e+00,0.000000000000000000e+00,0.000000000000000000e+00,0.000000000000000000e+00,0.000000000000000000e+00,0.000000000000000000e+00,0.000000000000000000e+00,0.000000000000000000e+00,0.000000000000000000e+00,0.000000000000000000e+00,0.000000000000000000e+00,0.000000000000000000e+00,0.000000000000000000e+00,0.000000000000000000e+00,0.000000000000000000e+00,0.000000000000000000e+00,0.000000000000000000e+00,0.000000000000000000e+00,0.000000000000000000e+00,0.000000000000000000e+00,0.000000000000000000e+00,0.000000000000000000e+00,0.000000000000000000e+00,0.000000000000000000e+00
FC_ReCref_,4.331490000000000000e+05
CMx,-1.391599711500000024e-02,2.984006408000000089e-03,-2.241070460600000022e-02,-1.248632616699999962e-02,-1.811367441900000111e-02,-3.830691926299999855e-02,-4.054623041000000178e-02,-2.913251841900000097e-02,-1.268774703200000083e-02,-2.660325046799999829e-02,-5.816297901399999914e-02,-4.428745126099999790e-02,-1.135045024199999968e-02,-3.028476244000000150e-02,-1.030219250180000046e-01,-5.538261920100000235e-02,-1.958891055100000014e-02,-3.181732632499999908e-02,1.367534268349999971e-01,-4.232713314400000232e-02,-4.825065116399999965e-02,-2.667597054500000023e-02,-1.196597658499999953e-02,5.410495363500000127e-02,2.135490729299999862e-02,-4.355501784199999893e-02,-6.546129493699999469e-02,-3.258006907199999941e-02,1.740456584000000086e-03,-3.567614060100000178e-02
Alpha,0.000000000000000000e+00,0.000000000000000000e+00,0.000000000000000000e+00,0.000000000000000000e+00,0.000000000000000000e+00,0.000000000000000000e+00,0.000000000000000000e+00,0.000000000000000000e+00,0.000000000000000000e+00,0.000000000000000000e+00,0.000000000000000000e+00,0.000000000000000000e+00,0.000000000000000000e+00,0.000000000000000000e+00,0.000000000000000000e+00,0.000000000000000000e+00,0.000000000000000000e+00,0.000000000000000000e+00,0.000000000000000000e+00,0.000000000000000000e+00,0.000000000000000000e+00,0.000000000000000000e+00,0.000000000000000000e+00,0.000000000000000000e+00,0.000000000000000000e+00,0.000000000000000000e+00,0.000000000000000000e+00,0.000000000000000000e+00,0.000000000000000000e+00,0.000000000000000000e+00
CMxi,-1.387682440300000083e-02,2.967908364999999847e-03,-2.240981510999999829e-02,-1.250522688899999985e-02,-1.800428035900000084e-02,-3.820084468400000016e-02,-4.052894248000000338e-02,-2.910960020300000159e-02,-1.267432686500000009e-02,-2.661804767600000135e-02,-5.816924895199999945e-02,-4.419099077099999939e-02,-1.066939705499999995e-02,-3.006163674600000058e-02,-1.031805109580000018e-01,-5.542870125100000239e-02,-1.898714621200000077e-02,-3.188485232499999739e-02,1.366707521340000120e-01,-4.215639882999999699e-02,-4.820176538899999946e-02,-2.681855619999999954e-02,-1.208661284299999972e-02,5.424500992299999963e-02,2.160073849200000104e-02,-4.338421836999999809e-02,-6.540932168299999627e-02,-3.255267057999999825e-02,1.768541403999999897e-03,-3.566137195300000257e-02
CSo,-1.666402839999999938e-04,-1.154729419999999984e-04,-1.091892810000000030e-04,-5.621725400000000215e-05,9.496637100000000678e-05,-1.420319339999999908e-04,-6.706037699999999621e-05,-3.385191800000000287e-05,-3.641477899999999825e-05,-4.996501300000000245e-05,1.303291740000000012e-04,-4.672791900000000231e-05,-1.478909297999999933e-03,9.249486380000000339e-04,1.204185720000000028e-04,2.409886570000000080e-04,-8.060363029999999740e-04,1.990906159999999980e-04,-7.707284300000000275e-05,-4.535005809999999738e-04,-4.744419799999999667e-05,2.015882742000000161e-03,2.717047940000000251e-04,-1.725355260000000130e-04,-4.164945820000000060e-04,-2.915990499999999877e-04,5.425067700000000263e-05,-2.191371400000000159e-05,-6.742711200000000313e-05,-7.978294499999999444e-05
CLo,6.973936715999999765e-03,6.776164309000000385e-03,6.776110858999999723e-03,6.557325999000000044e-03,5.297120160999999570e-03,5.386275238000000180e-03,5.417960183999999575e-03,5.499022939000000262e-03,5.561084681000000307e-03,5.555655082000000161e-03,5.586553963000000234e-03,5.712310590999999764e-03,7.813265687000000084e-03,8.940525374000000622e-03,6.971635226000000296e-03,6.597546329999999688e-03,5.523757615000000377e-03,6.370647711000000310e-03,5.807668093999999830e-03,5.703004008999999763e-03,5.870670869999999701e-03,5.709795279999999897e-03,5.725003273000000420e-03,6.015185575999999583e-03,6.634270723999999980e-03,6.773460777000000176e-03,6.768721224999999647e-03,6.662441481000000096e-03,6.542709790999999726e-03,6.478654755000000376e-03
CMyi,4.790182753900000256e-01,4.317980654570000021e-01,2.343823666840000042e-01,2.040558446340000054e-01,1.766973151219999871e-01,-6.242158730399999939e-02,1.193602442029999960e-01,3.250714626890000014e-01,4.613444412480000034e-01,5.013785168759999911e-01,4.857901175989999820e-01,4.081585704410000126e-01,4.886926093019999806e-01,-5.010483925309999753e-01,1.193610791699999951e-01,2.813344211830000052e-01,2.520836018029999903e-01,1.436712302700000055e-01,1.148401730399999966e-02,2.195785966059999872e-01,1.705356412290000012e-01,8.690874458000000247e-03,-1.295725727000000089e-03,4.353427276110000133e-01,4.087634684740000246e-01,9.898502007899999400e-02,3.344724993200000052e-01,2.519073428029999784e-01,-6.530094723899999842e-02,1.986995184039999918e-01
CL,-1.650901140688999957e+00,-1.666521495163000077e+00,-1.620390698327000001e+00,-1.513438998927000068e+00,-1.323690802161000102e+00,-1.893808069687000106e+00,-1.625051934487000027e+00,-1.782743949140999984e+00,-1.852010656922000065e+00,-1.885250916883999928e+00,-1.818771677328000047e+00,-1.877609787147999976e+00,-1.939621394481999994e+00,-1.648054315620999910e+00,-1.644032110746000086e+00,-1.627819768406000067e+00,-1.560997808198999914e+00,-1.530676527947999910e+00,-1.255319150675999973e+00,-1.686501964882999971e+00,-1.750992552805999969e+00,-1.653862044805000098e+00,-1.739374948358999973e+00,-1.899441009980999961e+00,-2.005635129477000067e+00,-2.006237824593000152e+00,-1.895513494712999902e+00,-1.782525433218999922e+00,-1.751746055301999894e+00,-1.720626120418000005e+00
CFz,-1.650901140688999957e+00,-1.666521495163000077e+00,-1.620390698327000001e+00,-1.513438998927000068e+00,-1.323690802161000102e+00,-1.893808069687000106e+00,-1.625051934487000027e+00,-1.782743949140999984e+00,-1.852010656922000065e+00,-1.885250916883999928e+00,-1.818771677328000047e+00,-1.877609787147999976e+00,-1.939621394481999994e+00,-1.648054315620999910e+00,-1.644032110746000086e+00,-1.627819768406000067e+00,-1.560997808198999914e+00,-1.530676527947999910e+00,-1.255319150675999973e+00,-1.686501964882999971e+00,-1.750992552805999969e+00,-1.653862044805000098e+00,-1.739374948358999973e+00,-1.899441009980999961e+00,-2.005635129477000067e+00,-2.006237824593000152e+00,-1.895513494712999902e+00,-1.782525433218999922e+00,-1.751746055301999894e+00,-1.720626120418000005e+00
CDo,5.500039302100000194e-02,5.370106173199999666e-02,5.300756950300000020e-02,5.228944259200000305e-02,5.349011291700000309e-02,5.571472644199999824e-02,5.299057902700000239e-02,5.338825270699999737e-02,5.381610638499999960e-02,5.373549777500000180e-02,5.365195273799999720e-02,5.344401412900000314e-02,5.516224188600000328e-02,7.073154912100000635e-02,5.417304177800000287e-02,5.341113136500000302e-02,5.673500402400000198e-02,5.250193125400000327e-02,5.279628623200000037e-02,5.411390041099999743e-02,5.350328742700000140e-02,5.697290168300000318e-02,5.359008517600000188e-02,5.458654919699999775e-02,5.509284621100000306e-02,5.448622528500000201e-02,5.348925906100000099e-02,5.313814273200000160e-02,5.289763205300000021e-02,5.304549186100000063e-02
CDtot,2.366718640730000045e-01,2.388334915130000125e-01,2.512191141930000260e-01,3.238169004279999874e-01,1.713706158349999897e-01,1.029177540625000109e+00,2.694429754630000007e-01,2.673785276539999978e-01,2.664026885749999907e-01,2.495903369380000070e-01,1.021623493780000058e-01,3.950013168359999827e-01,2.764859519990000014e-01,1.403738363064999994e+00,2.080914750860000106e-01,2.346143507610000123e-01,2.202896757360000013e-01,3.709882292739999921e-01,2.282651634499999888e-02,2.033750151460000100e-01,3.324542540539999758e-01,3.872609121330000126e-01,2.396472456959999886e-01,2.523888661129999877e-01,2.113069126440000056e-01,2.187304906099999946e-01,2.350046109770000113e-01,2.550748077819999793e-01,2.574613792689999792e-01,2.670864610540000239e-01
CMyo,-2.931202183099999858e-02,-2.840239258300000097e-02,-2.794505185100000164e-02,-2.738017360600000089e-02,-2.779994710400000152e-02,-2.920899598700000058e-02,-2.750406509900000032e-02,-2.775593401399999854e-02,-2.808659496600000166e-02,-2.802061928999999979e-02,-2.797783256400000057e-02,-2.792278770799999990e-02,-2.949373880499999920e-02,-3.947191233599999655e-02,-2.882216845500000166e-02,-2.817823385499999833e-02,-2.918149511700000170e-02,-2.754216812100000050e-02,-2.746617906999999914e-02,-2.823091938899999903e-02,-2.783710738200000090e-02,-2.936434375599999980e-02,-2.796124964399999968e-02,-2.866652875799999972e-02,-2.928882287999999903e-02,-2.896519732299999983e-02,-2.832086218500000016e-02,-2.804962800800000003e-02,-2.783267067700000152e-02,-2.790084992199999905e-02
FC_Bref_,1.300000000000000044e+00
CDtott,3.167209062540000120e-01,3.276143052530000044e-01,3.234733315780000118e-01,3.111688542909999966e-01,3.045940257479999858e-01,7.889378551919999927e-01,3.154559460999999954e-01,3.128936528719999943e-01,3.182222983740000122e-01,3.191899977739999783e-01,3.106552724980000124e-01,3.292016135720000070e-01,3.460565138389999906e-01,1.587314519431999971e+00,3.602374306419999783e-01,3.334242079940000214e-01,3.423797811689999748e-01,3.337017243459999838e-01,3.171582535909999723e-01,3.301201349910000138e-01,3.666122938270000020e-01,5.816266789759999556e-01,3.477229272469999910e-01,3.633058071390000143e-01,3.739237373820000210e-01,3.661940720999999899e-01,3.457884955859999998e-01,3.394910970050000198e-01,3.370621167889999992e-01,3.390680698549999872e-01
Results_Name,VSPAERO_Polar
Results_Timestamp,1757614506
Results_Date,9,11,2025
Results_Time,20,15,6
CMl,3.567614060100000178e-02
Fopt,0.000000000000000000e+00
CMn,3.228517801649999908e-01
CMy,1.707986684820000101e-01
CMx,-3.567614060100000178e-02
CFz,-1.720626120418000005e+00
CFy,5.562445865500000031e-02
Beta,0.000000000000000000e+00
Alpha,0.000000000000000000e+00
Re_1e6,4.331490000000000062e-01
CL,-1.720626120418000005e+00
CMm,1.707986684820000101e-01
CFx,2.670864610540000239e-01
E,8.685163391000000344e-01
CDo,5.304549186100000063e-02
Mach,5.000000000000000278e-02
CDi,2.140409691940000081e-01
CDtot,2.670864610540000239e-01
CDt,2.860225779950000269e-01
CMz,-3.228517801649999908e-01
CDtott,3.390680698549999872e-01
CS,5.562445865500000031e-02
L_D,-6.442206443653000214e+00
Results_Name,VSPAERO_Load
Results_Timestamp,1757614506
Results_Date,9,11,2025
Results_Time,20,15,6
cmy*c/cref,-3.438999999999999696e-02,-3.257999999999999785e-02,-3.463999999999999718e-02,-3.590999999999999748e-02,-3.520999999999999824e-02,-3.749999999999999861e-02,-3.073000000000000037e-02,-3.624000000000000138e-02,-3.216999999999999721e-02,-4.456999999999999851e-02,-5.265999999999999848e-02,-1.262900000000000134e-01,9.157699999999999729e-01,1.810000000000000150e-02,-3.413000000000000062e-02,-3.239999999999999825e-02,-3.452000000000000207e-02,-3.556999999999999745e-02,-3.443000000000000227e-02,-3.692000000000000143e-02,-3.031999999999999973e-02,-3.592000000000000054e-02,-3.115000000000000061e-02,-4.469999999999999668e-02,-5.559999999999999665e-02,-1.308900000000000063e-01,9.338699999999999779e-01,1.085999999999999986e-02,7.968459124999999199e-01,7.968257453124998335e-01,8.225873106249997901e-01,7.973057243749999135e-01,8.206189931249997516e-01,8.197437371874998213e-01,8.356637149999998071e-01,8.347279574999998397e-01,8.626514453124998205e-01,8.770185496874999265e-01,9.410050021874998283e-01,8.721743912499999585e-01,9.271904787499999356e-01,7.515181418749999898e-01,7.962691309374998472e-01,7.976606668749998130e-01,8.150367156249999079e-01,8.047958178124998696e-01,8.231076240624998208e-01,8.227526815624998102e-01,8.393180093750000070e-01,8.389307993749999248e-01,8.685846318749999018e-01,8.894052362499998976e-01,9.609543840624998889e-01,9.076767081249997871e-01,9.918182478124998314e-01,8.708957915624999657e-01,-9.385499999999999399e-02,-1.226999999999999966e-02,6.429150000000000142e-01,-2.700449999999999795e-01,-3.368700000000000028e-01,-8.152500000000000024e-02,4.008000000000000451e-02,5.670150000000000468e-01,3.772499999999999465e-02,-3.323999999999999871e-02,-3.030719999999999595e-02,-2.690799999999999789e-02,-1.947120000000000101e-02,-1.953279999999999947e-02,-7.095199999999999424e-03,-6.154399999999999107e-03,-9.979199999999998835e-03,-9.956800000000000025e-03,-6.260799999999999525e-03,-6.932799999999999380e-03,-7.240799999999999494e-03,-5.314399999999999506e-03,-5.504799999999999797e-03,-3.690399999999999930e-03,-3.723999999999999446e-03,-2.827999999999999785e-03,-2.419199999999999823e-03,-4.793599999999999424e-03,-3.903199999999999465e-03,-3.041919999999999694e-02,-2.653279999999999528e-02,-1.875439999999999746e-02,-1.906240000000000018e-02,-6.635999999999998671e-03,-5.779199999999999095e-03,-9.715999999999998943e-03,-9.749599999999998892e-03,-6.075999999999999804e-03,-6.781599999999998740e-03,-7.123199999999999671e-03,-5.219199999999999361e-03,-5.465599999999999278e-03,-3.662399999999999683e-03,-3.718399999999999744e-03,-2.816799999999999513e-03,-2.413599999999999687e-03,-4.855199999999999620e-03,-3.953599999999999823e-03,-3.557859649999999818e-01,-5.258696456249999374e-01,-4.230255112499999304e-01,-4.359110562499999286e-01,-3.551282981249999637e-01,-3.375445699999999327e-01,-3.375642606249999456e-01,-3.160345312499999726e-01,-2.729160006249999881e-01,-2.559899393749999752e-01,-2.358582443749999979e-01,-2.130053049999999781e-01,-1.896955431249999768e-01,-1.631525806249999877e-01,-1.398034374999999885e-01,-1.089521662499999960e-01,-8.610710312500000074e-02,-9.807900312499998052e-02,-6.504601062499999753e-02,-3.663873974999999339e-01,-5.490730781249999470e-01,-4.312325637499999642e-01,-4.449017956249999295e-01,-3.625201587499999878e-01,-3.443457118749999601e-01,-3.440661049999999554e-01,-3.221228724999999904e-01,-2.775787406249999312e-01,-2.600501462500000027e-01,-2.394183093749999713e-01,-2.160573518749999422e-01,-1.924640449999999725e-01,-1.654721362499999848e-01,-1.418040049999999830e-01,-1.104604681249999887e-01,-8.741456062499998458e-02,-9.961881000000000208e-02,-6.629833437499998983e-02
cmx*c/cref,-7.756000000000000394e-02,-2.326000000000000012e-01,-3.871499999999999941e-01,-5.361099999999999755e-01,-6.797499999999999654e-01,-8.114700000000000246e-01,-9.254000000000000004e-01,-1.011169999999999902e+00,-1.046310000000000073e+00,-9.913999999999999480e-01,-7.273899999999999810e-01,-8.232399999999999718e-01,-1.279060000000000086e+00,-1.851299999999999946e+00,7.749999999999999944e-02,2.320599999999999885e-01,3.856600000000000028e-01,5.338699999999999557e-01,6.756400000000000183e-01,8.054400000000000448e-01,9.165799999999999503e-01,9.998099999999999765e-01,1.032960000000000100e+00,9.694399999999999684e-01,6.895400000000000418e-01,7.751299999999999857e-01,1.197000000000000064e+00,1.794380000000000086e+00,-1.217291437499999907e-01,-3.646025828124999646e-01,-6.076938274999998946e-01,-8.669631899999997726e-01,-1.117649397499999919e+00,-1.367399847499999765e+00,-1.622127559374999750e+00,-1.888205364374999640e+00,-2.192011943749999414e+00,-2.560982739374999539e+00,-2.922915186562499823e+00,-3.229032925624999883e+00,-3.278486902812499881e+00,-2.857254857499999634e+00,1.216444415624999970e-01,3.651551637499999559e-01,6.078672653124999048e-01,8.693388846874999798e-01,1.119936356562499791e+00,1.371380850312499788e+00,1.627524298749999598e+00,1.895957631249999720e+00,2.202184273124999425e+00,2.586054586874999561e+00,2.974051107187499543e+00,3.329598622812499187e+00,3.455784714999999618e+00,3.204360388437499374e+00,1.046819999999999862e+00,-1.604969999999999786e+00,-2.875904999999999934e+00,4.543049999999999589e-01,5.799449999999999328e-01,-9.437699999999999978e-01,2.186084999999999834e+00,3.351105000000000000e+00,2.886449999999999849e-01,-9.418499999999999095e-02,-3.354007999999999434e-01,-3.918151999999999746e-01,-2.937255999999999756e-01,-2.733863999999999739e-01,-2.658711999999999742e-01,-2.591399999999999815e-01,-2.482703999999999744e-01,-2.338615999999999751e-01,-2.167815999999999910e-01,-1.991247999999999907e-01,-1.799783999999999828e-01,-1.602999999999999980e-01,-1.356039999999999746e-01,-1.146151999999999865e-01,-9.247279999999999389e-02,-7.283919999999999284e-02,-4.762239999999999529e-02,7.503999999999999386e-03,1.744399999999999770e-02,3.389903999999999695e-01,3.949287999999999688e-01,2.953271999999999564e-01,2.755255999999999816e-01,2.679824000000000095e-01,2.613519999999999732e-01,2.505047999999999719e-01,2.360231999999999886e-01,2.188199999999999590e-01,2.010231999999999852e-01,1.817031999999999814e-01,1.618903999999999899e-01,1.371159999999999879e-01,1.159647999999999790e-01,9.343599999999999128e-02,7.325919999999998267e-02,4.782399999999999846e-02,-7.649599999999999456e-03,-1.772399999999999670e-02,-1.865580389374999815e+00,-2.089234384374999642e+00,-7.752474731249998641e-01,-6.293596324999999325e-01,-6.306828424999999516e-01,-5.950782543749999487e-01,-5.462258137499999000e-01,-4.996338568749999487e-01,-4.653761074999999692e-01,-4.223363393749999251e-01,-3.813050149999999694e-01,-3.433808712499999971e-01,-2.997621987499999308e-01,-2.584315768749999576e-01,-2.105833581249999809e-01,-1.544690149999999595e-01,-4.337844687499999713e-02,2.936581049999999471e-01,2.618695599999999457e-01,1.920785025624999864e+00,2.153488831874999843e+00,7.871957443749998395e-01,6.415835724999998657e-01,6.424775268749999269e-01,6.055851718749999391e-01,5.557166949999998717e-01,5.082504743749999276e-01,4.727679681249999932e-01,4.285743293749999516e-01,3.866687412499999477e-01,3.480829924999999658e-01,3.036845712499999794e-01,2.621609812499999803e-01,2.134975706249999661e-01,1.560442649999999876e-01,4.365805374999999489e-02,-2.968873674999999435e-01,-2.645120418749999924e-01
cz*c/cref,-1.069220000000000059e+00,-1.068829999999999947e+00,-1.067390000000000061e+00,-1.056009999999999893e+00,-1.041730000000000045e+00,-1.018040000000000056e+00,-9.828799999999999759e-01,-9.316299999999999581e-01,-8.511400000000000077e-01,-7.297099999999999698e-01,-4.577499999999999902e-01,-4.949299999999999811e-01,-6.773299999999999876e-01,-8.973200000000000065e-01,-1.068359999999999976e+00,-1.066380000000000106e+00,-1.063350000000000017e+00,-1.051690000000000014e+00,-1.035560000000000036e+00,-1.010629999999999917e+00,-9.736399999999999499e-01,-9.211899999999999533e-01,-8.406200000000000339e-01,-7.147200000000000220e-01,-4.334100000000000175e-01,-4.669200000000000017e-01,-6.325300000000000367e-01,-8.680499999999999883e-01,-6.767987121874998735e-01,-6.760041249999998447e-01,-6.756612828124999304e-01,-6.884674468749999443e-01,-6.904276974999998817e-01,-6.912222846874999105e-01,-6.936988153124998835e-01,-6.997852724999998886e-01,-7.167539440624999258e-01,-7.498402318749998186e-01,-7.756582653124999283e-01,-7.827087140624998662e-01,-7.369211315624998315e-01,-5.895554590624999536e-01,-6.763187331249999046e-01,-6.769237487499999428e-01,-6.758589212499999110e-01,-6.904075303124999063e-01,-6.918394006249999340e-01,-6.932309365624998998e-01,-6.960099749999999474e-01,-7.026651468749999241e-01,-7.200371621874999128e-01,-7.570963859374999494e-01,-7.892590165624998599e-01,-8.072804153124998328e-01,-7.769933331249998520e-01,-6.611973759374998316e-01,8.829600000000000781e-01,-1.467465000000000019e+00,-2.466479999999999784e+00,3.747300000000000075e-01,4.908000000000000140e-01,8.404949999999999921e-01,-1.575194999999999901e+00,-2.568990000000000329e+00,-2.002500000000000113e-02,1.332899999999999918e-01,-3.683679999999999594e-02,-4.418399999999999411e-02,-8.159199999999998398e-03,-1.304799999999999840e-03,-1.607199999999999818e-03,-1.640799999999999767e-03,-5.319999999999999209e-04,1.287999999999999865e-04,4.031999999999999885e-04,6.103999999999999834e-04,6.999999999999999929e-04,8.343999999999998987e-04,1.254399999999999699e-03,1.640799999999999767e-03,1.534399999999999783e-03,1.500799999999999834e-03,3.779999999999999506e-03,1.767359999999999765e-02,1.472239999999999834e-02,-3.731840000000000157e-02,-4.465999999999999831e-02,-8.198399999999999785e-03,-1.355199999999999764e-03,-1.635199999999999848e-03,-1.663199999999999878e-03,-5.375999999999999486e-04,1.287999999999999865e-04,4.031999999999999885e-04,6.103999999999999834e-04,6.943999999999999652e-04,8.231999999999998433e-04,1.220799999999999967e-03,1.607199999999999818e-03,1.539999999999999702e-03,1.590399999999999843e-03,3.891999999999999193e-03,1.789759999999999962e-02,1.491279999999999863e-02,-2.387921474999999683e-01,-2.602391762499999817e-01,-2.283324874999999657e-02,-1.386219999999999857e-03,8.663874999999999105e-05,0.000000000000000000e+00,-5.907187499999999082e-05,8.191299999999998365e-04,1.701269999999999736e-03,1.626445624999999905e-03,1.401972499999999764e-03,1.275952499999999856e-03,1.531930624999999812e-03,2.067515624999999909e-03,2.236854999999999833e-03,3.756971249999999443e-03,1.696544249999999698e-02,8.174759874999998344e-02,6.742857624999999688e-02,-2.469637568749999401e-01,-2.683005181249999427e-01,-2.280174374999999892e-02,-1.484673124999999873e-03,8.663874999999999105e-05,4.725749999999999265e-05,-5.513374999999998691e-05,8.191299999999998365e-04,1.752465624999999813e-03,1.685517499999999828e-03,1.457106249999999981e-03,1.350776874999999903e-03,1.630383749999999611e-03,2.059639375000000064e-03,2.225040624999999415e-03,3.871176874999999584e-03,1.724111124999999634e-02,8.273212999999998707e-02,6.820044874999998952e-02
cy*c/cref,0.000000000000000000e+00,1.000000000000000082e-05,4.000000000000000327e-05,2.200000000000000078e-04,5.299999999999999807e-04,1.199999999999999895e-03,2.020000000000000094e-03,3.299999999999999982e-03,4.139999999999999583e-03,1.716000000000000164e-02,-4.803999999999999937e-02,1.370999999999999996e-02,-6.351999999999999313e-02,-1.404299999999999993e-01,-1.000000000000000082e-05,-3.000000000000000076e-05,-6.999999999999999387e-05,-2.799999999999999755e-04,-6.400000000000000524e-04,-1.369999999999999907e-03,-2.150000000000000001e-03,-3.279999999999999930e-03,-4.669999999999999672e-03,-1.881999999999999992e-02,4.716999999999999665e-02,-1.591000000000000053e-02,6.194000000000000200e-02,1.412599999999999967e-01,0.000000000000000000e+00,1.129362499999999811e-04,-3.226749999999999557e-05,-1.613374999999999846e-04,-1.210031249999999918e-05,6.050156249999998407e-05,2.016718749999999808e-05,-5.646812499999999055e-05,4.396446874999999574e-04,2.174022812499999419e-03,2.089320624999999650e-03,1.092254874999999854e-02,1.777939249999999777e-02,7.235986874999999346e-03,0.000000000000000000e+00,-7.260187499999999172e-05,2.823406249999999527e-05,1.129362499999999811e-04,1.210031249999999918e-05,-5.243468749999999026e-05,-2.016718749999999808e-05,5.646812499999999055e-05,-4.073771874999999550e-04,-2.202256874999999631e-03,-2.149822187499999485e-03,-1.206401156249999745e-02,-1.940486781249999709e-02,-7.719999374999998894e-03,-2.787749999999999950e-01,8.686799999999998967e-01,1.032150000000000123e+00,-1.601549999999999918e-01,-2.774999999999999689e-01,3.632099999999999773e-01,8.359500000000000264e-02,-2.801549999999999874e-01,7.689900000000000624e-01,2.506049999999999667e-01,-1.866479999999999806e-01,-2.258031999999999817e-01,-2.379159999999999886e-01,-2.492951999999999668e-01,-2.554215999999999709e-01,-2.638943999999999734e-01,-2.723391999999999480e-01,-2.763543999999999445e-01,-2.762479999999999936e-01,-2.750663999999999887e-01,-2.709615999999999691e-01,-2.654231999999999703e-01,-2.510759999999999659e-01,-2.406039999999999568e-01,-2.215527999999999664e-01,-2.036551999999999807e-01,-1.815295999999999854e-01,-1.568391999999999842e-01,-1.116303999999999769e-01,1.884567999999999799e-01,2.273319999999999508e-01,2.392320000000000002e-01,2.511319999999999664e-01,2.574152000000000107e-01,2.661176000000000097e-01,2.747807999999999917e-01,2.788967999999999448e-01,2.788183999999999663e-01,2.776591999999999394e-01,2.735151999999999584e-01,2.679767999999999595e-01,2.536127999999999716e-01,2.431351999999999680e-01,2.238095999999999974e-01,2.054639999999999800e-01,1.831647999999999610e-01,1.585919999999999830e-01,1.128567999999999794e-01,-4.477018024999999679e-01,-5.378376074999999812e-01,-4.145979237499999859e-01,-4.048156212499999795e-01,-4.335087999999999719e-01,-4.336505724999999423e-01,-4.236477349999999698e-01,-4.175278887499999092e-01,-4.216392912499999368e-01,-4.137512268749999333e-01,-4.058710387499999683e-01,-4.006254562500000116e-01,-3.891025024999999471e-01,-3.801708349999999292e-01,-3.553842762499999641e-01,-3.186258174999999637e-01,-2.618065499999999712e-01,-1.824375787499999679e-01,-1.333212837499999914e-01,4.579094224999999407e-01,5.539445387499999374e-01,4.221591237499999205e-01,4.124792124999999698e-01,4.416134612499999501e-01,4.414480599999999200e-01,4.310356574999999468e-01,4.246795237499998987e-01,4.284207424999999514e-01,4.200167837499999557e-01,4.117467212499998919e-01,4.063987474999999350e-01,3.946355681249999470e-01,3.854046031249999671e-01,3.599721918749999583e-01,3.225284993749999440e-01,2.651815231249999849e-01,1.853951106249999981e-01,1.358850031249999868e-01
cx*c/cref,1.990000000000000015e-03,-9.600000000000000243e-04,-4.499999999999999877e-04,-3.259999999999999877e-03,-3.729999999999999809e-03,-1.600000000000000131e-04,-3.299999999999999982e-03,2.650000000000000012e-03,-5.539999999999999786e-03,-4.320000000000000055e-03,-3.565000000000000113e-02,-3.084999999999999895e-02,-1.472939999999999916e+00,2.858000000000000124e-02,1.869999999999999917e-03,-9.200000000000000278e-04,-3.899999999999999929e-04,-2.759999999999999867e-03,-3.850000000000000124e-03,-1.000000000000000082e-05,-3.170000000000000075e-03,2.949999999999999931e-03,-5.060000000000000261e-03,-4.329999999999999648e-03,-3.638000000000000261e-02,-3.273999999999999827e-02,-1.520739999999999981e+00,2.595000000000000084e-02,1.956862537499999555e-01,1.947464628124999653e-01,1.779754296874999642e-01,2.057658140624999688e-01,1.926006740624999769e-01,1.939639759374999772e-01,1.872926703124999648e-01,1.938510396874999764e-01,1.940809456249999732e-01,2.183904734374999546e-01,1.960653968749999643e-01,2.559135424999999797e-01,1.389680556249999754e-01,1.192526131249999760e-01,1.955087824999999779e-01,1.950852715624999678e-01,1.818918974999999827e-01,2.038136303124999937e-01,1.927055434374999598e-01,1.942019487499999919e-01,1.872563693749999814e-01,1.945810918749999729e-01,1.944036206249999954e-01,2.188220512499999826e-01,1.979974134374999639e-01,2.615442212499999863e-01,1.433040009374999812e-01,1.285093521874999811e-01,-3.990000000000000491e-03,1.069215000000000027e+00,-2.167499999999999982e-02,1.858500000000000082e-02,1.277850000000000097e-01,-3.765000000000000117e-03,1.018725000000000103e+00,2.348100000000000187e-01,-6.965999999999999970e-02,-1.894500000000000003e-02,2.781519999999999479e-02,2.675119999999999582e-02,1.753919999999999785e-02,1.799279999999999630e-02,7.072799999999999747e-03,6.574399999999999342e-03,1.109920000000000004e-02,1.173759999999999908e-02,7.879199999999999399e-03,9.379999999999999449e-03,1.066239999999999896e-02,8.528799999999999576e-03,9.665599999999999886e-03,7.061599999999999475e-03,8.181599999999998943e-03,7.587999999999999259e-03,7.543199999999999038e-03,1.197279999999999872e-02,1.045519999999999783e-02,2.793839999999999518e-02,2.645439999999999597e-02,1.689519999999999911e-02,1.757279999999999606e-02,6.624799999999999266e-03,6.193599999999999627e-03,1.080799999999999990e-02,1.148559999999999859e-02,7.643999999999999753e-03,9.178399999999998018e-03,1.048879999999999951e-02,8.366399999999999532e-03,9.603999999999997955e-03,7.022399999999999823e-03,8.159199999999998398e-03,7.447999999999998892e-03,7.431199999999999785e-03,1.212959999999999733e-02,1.057839999999999996e-02,3.148885368749999580e-01,4.314294699999999816e-01,2.716439862499999691e-01,2.839466887499999537e-01,2.438802049999999888e-01,2.460186068749999622e-01,2.619798274999999843e-01,2.616569012499999625e-01,2.421710587500000011e-01,2.453648781249999633e-01,2.459359062500000026e-01,2.434273206249999433e-01,2.392410937499999946e-01,2.293052043749999602e-01,2.217676331249999744e-01,1.961540681249999696e-01,1.576077006249999857e-01,9.081710062499999403e-02,5.138859312499999277e-02,3.250607137499999522e-01,4.489974456249999912e-01,2.765981474999999468e-01,2.898420618750000011e-01,2.489564481249999794e-01,2.509491393749999633e-01,2.670245656249999877e-01,2.667134537499999403e-01,2.462942756249999754e-01,2.492321168749999927e-01,2.496180531249999890e-01,2.468613656249999677e-01,2.426554481249999784e-01,2.326250437499999824e-01,2.250126481249999921e-01,1.987414162499999692e-01,1.599705756249999999e-01,9.296731687499998342e-02,5.377509687499999746e-02
cs*c/cref,0.000000000000000000e+00,1.000000000000000082e-05,4.000000000000000327e-05,2.200000000000000078e-04,5.299999999999999807e-04,1.199999999999999895e-03,2.020000000000000094e-03,3.299999999999999982e-03,4.139999999999999583e-03,1.716000000000000164e-02,-4.803999999999999937e-02,1.370999999999999996e-02,-6.351999999999999313e-02,-1.404299999999999993e-01,-1.000000000000000082e-05,-3.000000000000000076e-05,-6.999999999999999387e-05,-2.799999999999999755e-04,-6.400000000000000524e-04,-1.369999999999999907e-03,-2.150000000000000001e-03,-3.279999999999999930e-03,-4.669999999999999672e-03,-1.881999999999999992e-02,4.716999999999999665e-02,-1.591000000000000053e-02,6.194000000000000200e-02,1.412599999999999967e-01,0.000000000000000000e+00,1.129362499999999811e-04,-3.226749999999999557e-05,-1.613374999999999846e-04,-1.210031249999999918e-05,6.050156249999998407e-05,2.016718749999999808e-05,-5.646812499999999055e-05,4.396446874999999574e-04,2.174022812499999419e-03,2.089320624999999650e-03,1.092254874999999854e-02,1.777939249999999777e-02,7.235986874999999346e-03,0.000000000000000000e+00,-7.260187499999999172e-05,2.823406249999999527e-05,1.129362499999999811e-04,1.210031249999999918e-05,-5.243468749999999026e-05,-2.016718749999999808e-05,5.646812499999999055e-05,-4.073771874999999550e-04,-2.202256874999999631e-03,-2.149822187499999485e-03,-1.206401156249999745e-02,-1.940486781249999709e-02,-7.719999374999998894e-03,-2.787749999999999950e-01,8.686799999999998967e-01,1.032150000000000123e+00,-1.601549999999999918e-01,-2.774999999999999689e-01,3.632099999999999773e-01,8.359500000000000264e-02,-2.801549999999999874e-01,7.689900000000000624e-01,2.506049999999999667e-01,-1.866479999999999806e-01,-2.258031999999999817e-01,-2.379159999999999886e-01,-2.492951999999999668e-01,-2.554215999999999709e-01,-2.638943999999999734e-01,-2.723391999999999480e-01,-2.763543999999999445e-01,-2.762479999999999936e-01,-2.750663999999999887e-01,-2.709615999999999691e-01,-2.654231999999999703e-01,-2.510759999999999659e-01,-2.406039999999999568e-01,-2.215527999999999664e-01,-2.036551999999999807e-01,-1.815295999999999854e-01,-1.568391999999999842e-01,-1.116303999999999769e-01,1.884567999999999799e-01,2.273319999999999508e-01,2.392320000000000002e-01,2.511319999999999664e-01,2.574152000000000107e-01,2.661176000000000097e-01,2.747807999999999917e-01,2.788967999999999448e-01,2.788183999999999663e-01,2.776591999999999394e-01,2.735151999999999584e-01,2.679767999999999595e-01,2.536127999999999716e-01,2.431351999999999680e-01,2.238095999999999974e-01,2.054639999999999800e-01,1.831647999999999610e-01,1.585919999999999830e-01,1.128567999999999794e-01,-4.477018024999999679e-01,-5.378376074999999812e-01,-4.145979237499999859e-01,-4.048156212499999795e-01,-4.335087999999999719e-01,-4.336505724999999423e-01,-4.236477349999999698e-01,-4.175278887499999092e-01,-4.216392912499999368e-01,-4.137512268749999333e-01,-4.058710387499999683e-01,-4.006254562500000116e-01,-3.891025024999999471e-01,-3.801708349999999292e-01,-3.553842762499999641e-01,-3.186258174999999637e-01,-2.618065499999999712e-01,-1.824375787499999679e-01,-1.333212837499999914e-01,4.579094224999999407e-01,5.539445387499999374e-01,4.221591237499999205e-01,4.124792124999999698e-01,4.416134612499999501e-01,4.414480599999999200e-01,4.310356574999999468e-01,4.246795237499998987e-01,4.284207424999999514e-01,4.200167837499999557e-01,4.117467212499998919e-01,4.063987474999999350e-01,3.946355681249999470e-01,3.854046031249999671e-01,3.599721918749999583e-01,3.225284993749999440e-01,2.651815231249999849e-01,1.853951106249999981e-01,1.358850031249999868e-01
cd*c/cref,1.990000000000000015e-03,-9.600000000000000243e-04,-4.499999999999999877e-04,-3.259999999999999877e-03,-3.729999999999999809e-03,-1.600000000000000131e-04,-3.299999999999999982e-03,2.650000000000000012e-03,-5.539999999999999786e-03,-4.320000000000000055e-03,-3.565000000000000113e-02,-3.084999999999999895e-02,-1.472939999999999916e+00,2.858000000000000124e-02,1.869999999999999917e-03,-9.200000000000000278e-04,-3.899999999999999929e-04,-2.759999999999999867e-03,-3.850000000000000124e-03,-1.000000000000000082e-05,-3.170000000000000075e-03,2.949999999999999931e-03,-5.060000000000000261e-03,-4.329999999999999648e-03,-3.638000000000000261e-02,-3.273999999999999827e-02,-1.520739999999999981e+00,2.595000000000000084e-02,1.956862537499999555e-01,1.947464628124999653e-01,1.779754296874999642e-01,2.057658140624999688e-01,1.926006740624999769e-01,1.939639759374999772e-01,1.872926703124999648e-01,1.938510396874999764e-01,1.940809456249999732e-01,2.183904734374999546e-01,1.960653968749999643e-01,2.559135424999999797e-01,1.389680556249999754e-01,1.192526131249999760e-01,1.955087824999999779e-01,1.950852715624999678e-01,1.818918974999999827e-01,2.038136303124999937e-01,1.927055434374999598e-01,1.942019487499999919e-01,1.872563693749999814e-01,1.945810918749999729e-01,1.944036206249999954e-01,2.188220512499999826e-01,1.979974134374999639e-01,2.615442212499999863e-01,1.433040009374999812e-01,1.285093521874999811e-01,-3.990000000000000491e-03,1.069215000000000027e+00,-2.167499999999999982e-02,1.858500000000000082e-02,1.277850000000000097e-01,-3.765000000000000117e-03,1.018725000000000103e+00,2.348100000000000187e-01,-6.965999999999999970e-02,-1.894500000000000003e-02,2.781519999999999479e-02,2.675119999999999582e-02,1.753919999999999785e-02,1.799279999999999630e-02,7.072799999999999747e-03,6.574399999999999342e-03,1.109920000000000004e-02,1.173759999999999908e-02,7.879199999999999399e-03,9.379999999999999449e-03,1.066239999999999896e-02,8.528799999999999576e-03,9.665599999999999886e-03,7.061599999999999475e-03,8.181599999999998943e-03,7.587999999999999259e-03,7.543199999999999038e-03,1.197279999999999872e-02,1.045519999999999783e-02,2.793839999999999518e-02,2.645439999999999597e-02,1.689519999999999911e-02,1.757279999999999606e-02,6.624799999999999266e-03,6.193599999999999627e-03,1.080799999999999990e-02,1.148559999999999859e-02,7.643999999999999753e-03,9.178399999999998018e-03,1.048879999999999951e-02,8.366399999999999532e-03,9.603999999999997955e-03,7.022399999999999823e-03,8.159199999999998398e-03,7.447999999999998892e-03,7.431199999999999785e-03,1.212959999999999733e-02,1.057839999999999996e-02,3.148885368749999580e-01,4.314294699999999816e-01,2.716439862499999691e-01,2.839466887499999537e-01,2.438802049999999888e-01,2.460186068749999622e-01,2.619798274999999843e-01,2.616569012499999625e-01,2.421710587500000011e-01,2.453648781249999633e-01,2.459359062500000026e-01,2.434273206249999433e-01,2.392410937499999946e-01,2.293052043749999602e-01,2.217676331249999744e-01,1.961540681249999696e-01,1.576077006249999857e-01,9.081710062499999403e-02,5.138859312499999277e-02,3.250607137499999522e-01,4.489974456249999912e-01,2.765981474999999468e-01,2.898420618750000011e-01,2.489564481249999794e-01,2.509491393749999633e-01,2.670245656249999877e-01,2.667134537499999403e-01,2.462942756249999754e-01,2.492321168749999927e-01,2.496180531249999890e-01,2.468613656249999677e-01,2.426554481249999784e-01,2.326250437499999824e-01,2.250126481249999921e-01,1.987414162499999692e-01,1.599705756249999999e-01,9.296731687499998342e-02,5.377509687499999746e-02
cmz,-1.399999999999999877e-04,2.200000000000000078e-04,1.800000000000000113e-04,1.719999999999999958e-03,2.589999999999999854e-03,5.100000000000000366e-04,3.799999999999999992e-03,-1.680000000000000070e-03,8.410000000000000808e-03,8.149999999999999259e-03,3.839999999999999664e-02,6.640999999999999681e-02,2.640919999999999934e+00,-1.173300000000000037e-01,1.299999999999999886e-04,-2.100000000000000087e-04,-1.700000000000000122e-04,-1.479999999999999979e-03,-2.700000000000000143e-03,-4.499999999999999877e-04,-3.720000000000000216e-03,2.069999999999999792e-03,-8.049999999999999864e-03,-8.909999999999999518e-03,-3.982000000000000123e-02,-7.040000000000000424e-02,-2.728390000000000093e+00,1.123399999999999954e-01,-8.726000000000000423e-02,-2.600100000000000189e-01,-3.969900000000000095e-01,-6.429399999999999560e-01,-7.730299999999999949e-01,-9.510999999999999455e-01,-1.085839999999999916e+00,-1.297060000000000102e+00,-1.470310000000000006e+00,-1.842160000000000020e+00,-1.822799999999999976e+00,-2.585929999999999840e+00,-1.463549999999999907e+00,-1.408490000000000020e+00,8.717999999999999361e-02,2.606299999999999728e-01,4.057000000000000051e-01,6.366500000000000492e-01,7.734600000000000364e-01,9.522899999999999698e-01,1.085620000000000029e+00,1.301919999999999966e+00,1.472939999999999916e+00,1.845920000000000005e+00,1.840440000000000076e+00,2.639079999999999870e+00,1.504240000000000022e+00,1.517989999999999950e+00,4.409999999999999858e-03,-6.596499999999999586e-01,2.116399999999999948e-01,-2.404600000000000071e-01,-3.720100000000000073e-01,3.071000000000000119e-02,9.407499999999999751e-01,2.892500000000000071e-01,4.051100000000000256e-01,2.224800000000000111e-01,-1.116299999999999931e-01,-7.242999999999999439e-02,-6.599999999999999964e-04,1.518000000000000078e-02,7.795000000000000540e-02,8.655999999999999805e-02,6.962000000000000133e-02,6.840999999999999859e-02,8.558999999999999941e-02,7.674000000000000266e-02,6.791999999999999427e-02,7.331999999999999629e-02,6.453000000000000402e-02,6.852999999999999370e-02,5.707999999999999879e-02,4.759000000000000036e-02,3.366000000000000242e-02,-9.669999999999999776e-03,-2.146999999999999950e-02,1.115700000000000025e-01,6.943000000000000560e-02,-4.570000000000000277e-03,-1.931000000000000077e-02,-8.229000000000000203e-02,-9.059999999999999998e-02,-7.320000000000000118e-02,-7.177000000000000046e-02,-8.884999999999999842e-02,-7.981000000000000594e-02,-7.079000000000000570e-02,-7.605000000000000648e-02,-6.664000000000000479e-02,-7.033000000000000362e-02,-5.872999999999999748e-02,-4.984999999999999848e-02,-3.550999999999999990e-02,9.650000000000000591e-03,2.156999999999999890e-02,-4.396720000000000184e+00,-5.765649999999999942e+00,-3.500779999999999781e+00,-3.553980000000000139e+00,-3.152880000000000127e+00,-3.174179999999999779e+00,-3.328390000000000182e+00,-3.315189999999999859e+00,-3.115619999999999834e+00,-3.140060000000000073e+00,-3.136390000000000011e+00,-3.105069999999999997e+00,-3.041030000000000122e+00,-2.921370000000000022e+00,-2.793940000000000090e+00,-2.451880000000000059e+00,-1.950099999999999945e+00,-1.145599999999999952e+00,-6.762599999999999723e-01,4.533990000000000187e+00,6.000519999999999854e+00,3.565690000000000026e+00,3.629280000000000062e+00,3.219689999999999941e+00,3.238929999999999865e+00,3.393800000000000150e+00,3.380510000000000126e+00,3.169599999999999973e+00,3.190139999999999976e+00,3.183800000000000185e+00,3.149840000000000195e+00,3.085490000000000066e+00,2.964510000000000201e+00,2.835030000000000161e+00,2.484370000000000189e+00,1.979800000000000004e+00,1.173680000000000057e+00,7.078100000000000502e-01
cmy,-3.438999999999999696e-02,-3.257999999999999785e-02,-3.463999999999999718e-02,-3.590999999999999748e-02,-3.520999999999999824e-02,-3.749999999999999861e-02,-3.073000000000000037e-02,-3.624000000000000138e-02,-3.216999999999999721e-02,-4.456999999999999851e-02,-5.265999999999999848e-02,-1.262900000000000134e-01,9.157699999999999729e-01,1.810000000000000150e-02,-3.413000000000000062e-02,-3.239999999999999825e-02,-3.452000000000000207e-02,-3.556999999999999745e-02,-3.443000000000000227e-02,-3.692000000000000143e-02,-3.031999999999999973e-02,-3.592000000000000054e-02,-3.115000000000000061e-02,-4.469999999999999668e-02,-5.559999999999999665e-02,-1.308900000000000063e-01,9.338699999999999779e-01,1.085999999999999986e-02,1.975600000000000023e+00,1.975549999999999917e+00,2.039419999999999789e+00,1.976739999999999942e+00,2.034539999999999793e+00,2.032369999999999788e+00,2.071839999999999904e+00,2.069519999999999804e+00,2.138749999999999929e+00,2.174370000000000136e+00,2.333009999999999806e+00,2.162360000000000060e+00,2.298760000000000137e+00,1.863220000000000098e+00,1.974169999999999980e+00,1.977619999999999933e+00,2.020700000000000163e+00,1.995309999999999917e+00,2.040709999999999802e+00,2.039829999999999810e+00,2.080900000000000194e+00,2.079940000000000122e+00,2.153459999999999930e+00,2.205080000000000151e+00,2.382470000000000088e+00,2.250379999999999825e+00,2.458990000000000009e+00,2.159190000000000165e+00,-6.257000000000000062e-02,-8.179999999999999771e-03,4.286099999999999910e-01,-1.800299999999999956e-01,-2.245800000000000018e-01,-5.435000000000000248e-02,2.672000000000000069e-02,3.780100000000000127e-01,2.514999999999999875e-02,-2.215999999999999914e-02,-5.412000000000000144e-02,-4.805000000000000243e-02,-3.477000000000000229e-02,-3.488000000000000128e-02,-1.267000000000000071e-02,-1.098999999999999977e-02,-1.781999999999999904e-02,-1.778000000000000067e-02,-1.118000000000000070e-02,-1.238000000000000038e-02,-1.293000000000000052e-02,-9.490000000000000172e-03,-9.830000000000000196e-03,-6.590000000000000371e-03,-6.649999999999999661e-03,-5.049999999999999802e-03,-4.320000000000000055e-03,-8.559999999999999901e-03,-6.969999999999999633e-03,-5.432000000000000023e-02,-4.737999999999999851e-02,-3.348999999999999894e-02,-3.404000000000000081e-02,-1.184999999999999942e-02,-1.031999999999999931e-02,-1.735000000000000084e-02,-1.740999999999999839e-02,-1.085000000000000027e-02,-1.210999999999999924e-02,-1.272000000000000040e-02,-9.320000000000000159e-03,-9.759999999999999579e-03,-6.539999999999999807e-03,-6.640000000000000069e-03,-5.029999999999999749e-03,-4.309999999999999595e-03,-8.670000000000000623e-03,-7.060000000000000303e-03,-9.034400000000000208e-01,-1.335329999999999906e+00,-1.074179999999999913e+00,-1.106899999999999995e+00,-9.017699999999999605e-01,-8.571199999999999930e-01,-8.571699999999999875e-01,-8.024999999999999911e-01,-6.930100000000000149e-01,-6.500299999999999967e-01,-5.989100000000000534e-01,-5.408800000000000274e-01,-4.816900000000000071e-01,-4.142899999999999916e-01,-3.549999999999999822e-01,-2.766600000000000170e-01,-2.186500000000000110e-01,-2.490499999999999936e-01,-1.651700000000000113e-01,-9.303599999999999648e-01,-1.394249999999999989e+00,-1.095020000000000104e+00,-1.129729999999999901e+00,-9.205400000000000249e-01,-8.743900000000000006e-01,-8.736800000000000122e-01,-8.179600000000000204e-01,-7.048499999999999766e-01,-6.603400000000000380e-01,-6.079499999999999904e-01,-5.486299999999999510e-01,-4.887199999999999878e-01,-4.201799999999999979e-01,-3.600800000000000112e-01,-2.804900000000000171e-01,-2.219700000000000006e-01,-2.529600000000000182e-01,-1.683499999999999996e-01
FC_Roll__Rate,0.000000000000000000e+00
FC_Bref_,1.300000000000000044e+00
AnalysisMethod,0
FC_Vinf_,1.000000000000000000e+02
cs,0.000000000000000000e+00,1.000000000000000082e-05,4.000000000000000327e-05,2.200000000000000078e-04,5.299999999999999807e-04,1.199999999999999895e-03,2.020000000000000094e-03,3.299999999999999982e-03,4.139999999999999583e-03,1.716000000000000164e-02,-4.803999999999999937e-02,1.370999999999999996e-02,-6.351999999999999313e-02,-1.404299999999999993e-01,-1.000000000000000082e-05,-3.000000000000000076e-05,-6.999999999999999387e-05,-2.799999999999999755e-04,-6.400000000000000524e-04,-1.369999999999999907e-03,-2.150000000000000001e-03,-3.279999999999999930e-03,-4.669999999999999672e-03,-1.881999999999999992e-02,4.716999999999999665e-02,-1.591000000000000053e-02,6.194000000000000200e-02,1.412599999999999967e-01,0.000000000000000000e+00,2.799999999999999755e-04,-8.000000000000000654e-05,-4.000000000000000192e-04,-3.000000000000000076e-05,1.499999999999999869e-04,5.000000000000000240e-05,-1.399999999999999877e-04,1.090000000000000040e-03,5.389999999999999826e-03,5.179999999999999709e-03,2.707999999999999990e-02,4.408000000000000113e-02,1.794000000000000108e-02,0.000000000000000000e+00,-1.800000000000000113e-04,6.999999999999999387e-05,2.799999999999999755e-04,3.000000000000000076e-05,-1.299999999999999886e-04,-5.000000000000000240e-05,1.399999999999999877e-04,-1.010000000000000047e-03,-5.459999999999999576e-03,-5.329999999999999669e-03,-2.990999999999999909e-02,-4.810999999999999999e-02,-1.914000000000000076e-02,-1.858499999999999874e-01,5.791199999999999681e-01,6.881000000000000449e-01,-1.067700000000000038e-01,-1.849999999999999978e-01,2.421399999999999941e-01,5.573000000000000176e-02,-1.867699999999999916e-01,5.126600000000000046e-01,1.670699999999999963e-01,-3.332999999999999852e-01,-4.032200000000000228e-01,-4.248500000000000054e-01,-4.451700000000000101e-01,-4.561100000000000154e-01,-4.712399999999999922e-01,-4.863199999999999745e-01,-4.934899999999999842e-01,-4.933000000000000163e-01,-4.911900000000000155e-01,-4.838600000000000123e-01,-4.739700000000000024e-01,-4.483500000000000263e-01,-4.296499999999999764e-01,-3.956299999999999817e-01,-3.636699999999999933e-01,-3.241600000000000037e-01,-2.800699999999999856e-01,-1.993399999999999894e-01,3.365299999999999958e-01,4.059499999999999775e-01,4.272000000000000242e-01,4.484500000000000153e-01,4.596700000000000230e-01,4.752100000000000213e-01,4.906800000000000050e-01,4.980299999999999727e-01,4.978899999999999992e-01,4.958199999999999830e-01,4.884200000000000208e-01,4.785300000000000109e-01,4.528800000000000048e-01,4.341700000000000004e-01,3.996600000000000152e-01,3.669000000000000039e-01,3.270799999999999819e-01,2.832000000000000073e-01,2.015299999999999869e-01,-1.136840000000000073e+00,-1.365720000000000045e+00,-1.052780000000000049e+00,-1.027940000000000076e+00,-1.100800000000000001e+00,-1.101159999999999917e+00,-1.075760000000000050e+00,-1.060219999999999940e+00,-1.070659999999999945e+00,-1.050629999999999953e+00,-1.030620000000000092e+00,-1.017300000000000093e+00,-9.880400000000000293e-01,-9.653599999999999959e-01,-9.024199999999999999e-01,-8.090800000000000214e-01,-6.647999999999999465e-01,-4.632600000000000051e-01,-3.385400000000000076e-01,1.162760000000000016e+00,1.406619999999999981e+00,1.071979999999999933e+00,1.047400000000000109e+00,1.121380000000000043e+00,1.120959999999999956e+00,1.094519999999999937e+00,1.078379999999999894e+00,1.087879999999999958e+00,1.066540000000000044e+00,1.045539999999999914e+00,1.031959999999999988e+00,1.002089999999999925e+00,9.786500000000000199e-01,9.140700000000000491e-01,8.189899999999999958e-01,6.733700000000000241e-01,4.707700000000000218e-01,3.450500000000000234e-01
FC_Rho_,2.377000000000000206e-03
FC_Mach_,5.000000000000000278e-02
Chord,3.200000000000000067e-01,3.200000000000000067e-01,3.200000000000000067e-01,3.200000000000000067e-01,3.200000000000000067e-01,3.200000000000000067e-01,3.200000000000000067e-01,3.200000000000000067e-01,3.200000000000000067e-01,3.200000000000000067e-01,3.200000000000000067e-01,3.200000000000000067e-01,3.200000000000000067e-01,3.200000000000000067e-01,3.200000000000000067e-01,3.200000000000000067e-01,3.200000000000000067e-01,3.200000000000000067e-01,3.200000000000000067e-01,3.200000000000000067e-01,3.200000000000000067e-01,3.200000000000000067e-01,3.200000000000000067e-01,3.200000000000000067e-01,3.200000000000000067e-01,3.200000000000000067e-01,3.200000000000000067e-01,3.200000000000000067e-01,1.290699999999999903e-01,1.290699999999999903e-01,1.290699999999999903e-01,1.290699999999999903e-01,1.290699999999999903e-01,1.290699999999999903e-01,1.290699999999999903e-01,1.290699999999999903e-01,1.290699999999999903e-01,1.290699999999999903e-01,1.290699999999999903e-01,1.290699999999999903e-01,1.290699999999999903e-01,1.290699999999999903e-01,1.290699999999999903e-01,1.290699999999999903e-01,1.290699999999999903e-01,1.290699999999999903e-01,1.290699999999999903e-01,1.290699999999999903e-01,1.290699999999999903e-01,1.290699999999999903e-01,1.290699999999999903e-01,1.290699999999999903e-01,1.290699999999999903e-01,1.290699999999999903e-01,1.290699999999999903e-01,1.290699999999999903e-01,4.799999999999999822e-01,4.799999999999999822e-01,4.799999999999999822e-01,4.799999999999999822e-01,4.799999999999999822e-01,4.799999999999999822e-01,4.799999999999999822e-01,4.799999999999999822e-01,4.799999999999999822e-01,4.799999999999999822e-01,1.791999999999999982e-01,1.791999999999999982e-01,1.791999999999999982e-01,1.791999999999999982e-01,1.791999999999999982e-01,1.791999999999999982e-01,1.791999999999999982e-01,1.791999999999999982e-01,1.791999999999999982e-01,1.791999999999999982e-01,1.791999999999999982e-01,1.791999999999999982e-01,1.791999999999999982e-01,1.791999999999999982e-01,1.791999999999999982e-01,1.791999999999999982e-01,1.791999999999999982e-01,1.791999999999999982e-01,1.791999999999999982e-01,1.791999999999999982e-01,1.791999999999999982e-01,1.791999999999999982e-01,1.791999999999999982e-01,1.791999999999999982e-01,1.791999999999999982e-01,1.791999999999999982e-01,1.791999999999999982e-01,1.791999999999999982e-01,1.791999999999999982e-01,1.791999999999999982e-01,1.791999999999999982e-01,1.791999999999999982e-01,1.791999999999999982e-01,1.791999999999999982e-01,1.791999999999999982e-01,1.791999999999999982e-01,1.791999999999999982e-01,1.791999999999999982e-01,1.260199999999999931e-01,1.260199999999999931e-01,1.260199999999999931e-01,1.260199999999999931e-01,1.260199999999999931e-01,1.260199999999999931e-01,1.260199999999999931e-01,1.260199999999999931e-01,1.260199999999999931e-01,1.260199999999999931e-01,1.260199999999999931e-01,1.260199999999999931e-01,1.260199999999999931e-01,1.260199999999999931e-01,1.260199999999999931e-01,1.260199999999999931e-01,1.260199999999999931e-01,1.260199999999999931e-01,1.260199999999999931e-01,1.260199999999999931e-01,1.260199999999999931e-01,1.260199999999999931e-01,1.260199999999999931e-01,1.260199999999999931e-01,1.260199999999999931e-01,1.260199999999999931e-01,1.260199999999999931e-01,1.260199999999999931e-01,1.260199999999999931e-01,1.260199999999999931e-01,1.260199999999999931e-01,1.260199999999999931e-01,1.260199999999999931e-01,1.260199999999999931e-01,1.260199999999999931e-01,1.260199999999999931e-01,1.260199999999999931e-01,1.260199999999999931e-01
cy,0.000000000000000000e+00,1.000000000000000082e-05,4.000000000000000327e-05,2.200000000000000078e-04,5.299999999999999807e-04,1.199999999999999895e-03,2.020000000000000094e-03,3.299999999999999982e-03,4.139999999999999583e-03,1.716000000000000164e-02,-4.803999999999999937e-02,1.370999999999999996e-02,-6.351999999999999313e-02,-1.404299999999999993e-01,-1.000000000000000082e-05,-3.000000000000000076e-05,-6.999999999999999387e-05,-2.799999999999999755e-04,-6.400000000000000524e-04,-1.369999999999999907e-03,-2.150000000000000001e-03,-3.279999999999999930e-03,-4.669999999999999672e-03,-1.881999999999999992e-02,4.716999999999999665e-02,-1.591000000000000053e-02,6.194000000000000200e-02,1.412599999999999967e-01,0.000000000000000000e+00,2.799999999999999755e-04,-8.000000000000000654e-05,-4.000000000000000192e-04,-3.000000000000000076e-05,1.499999999999999869e-04,5.000000000000000240e-05,-1.399999999999999877e-04,1.090000000000000040e-03,5.389999999999999826e-03,5.179999999999999709e-03,2.707999999999999990e-02,4.408000000000000113e-02,1.794000000000000108e-02,0.000000000000000000e+00,-1.800000000000000113e-04,6.999999999999999387e-05,2.799999999999999755e-04,3.000000000000000076e-05,-1.299999999999999886e-04,-5.000000000000000240e-05,1.399999999999999877e-04,-1.010000000000000047e-03,-5.459999999999999576e-03,-5.329999999999999669e-03,-2.990999999999999909e-02,-4.810999999999999999e-02,-1.914000000000000076e-02,-1.858499999999999874e-01,5.791199999999999681e-01,6.881000000000000449e-01,-1.067700000000000038e-01,-1.849999999999999978e-01,2.421399999999999941e-01,5.573000000000000176e-02,-1.867699999999999916e-01,5.126600000000000046e-01,1.670699999999999963e-01,-3.332999999999999852e-01,-4.032200000000000228e-01,-4.248500000000000054e-01,-4.451700000000000101e-01,-4.561100000000000154e-01,-4.712399999999999922e-01,-4.863199999999999745e-01,-4.934899999999999842e-01,-4.933000000000000163e-01,-4.911900000000000155e-01,-4.838600000000000123e-01,-4.739700000000000024e-01,-4.483500000000000263e-01,-4.296499999999999764e-01,-3.956299999999999817e-01,-3.636699999999999933e-01,-3.241600000000000037e-01,-2.800699999999999856e-01,-1.993399999999999894e-01,3.365299999999999958e-01,4.059499999999999775e-01,4.272000000000000242e-01,4.484500000000000153e-01,4.596700000000000230e-01,4.752100000000000213e-01,4.906800000000000050e-01,4.980299999999999727e-01,4.978899999999999992e-01,4.958199999999999830e-01,4.884200000000000208e-01,4.785300000000000109e-01,4.528800000000000048e-01,4.341700000000000004e-01,3.996600000000000152e-01,3.669000000000000039e-01,3.270799999999999819e-01,2.832000000000000073e-01,2.015299999999999869e-01,-1.136840000000000073e+00,-1.365720000000000045e+00,-1.052780000000000049e+00,-1.027940000000000076e+00,-1.100800000000000001e+00,-1.101159999999999917e+00,-1.075760000000000050e+00,-1.060219999999999940e+00,-1.070659999999999945e+00,-1.050629999999999953e+00,-1.030620000000000092e+00,-1.017300000000000093e+00,-9.880400000000000293e-01,-9.653599999999999959e-01,-9.024199999999999999e-01,-8.090800000000000214e-01,-6.647999999999999465e-01,-4.632600000000000051e-01,-3.385400000000000076e-01,1.162760000000000016e+00,1.406619999999999981e+00,1.071979999999999933e+00,1.047400000000000109e+00,1.121380000000000043e+00,1.120959999999999956e+00,1.094519999999999937e+00,1.078379999999999894e+00,1.087879999999999958e+00,1.066540000000000044e+00,1.045539999999999914e+00,1.031959999999999988e+00,1.002089999999999925e+00,9.786500000000000199e-01,9.140700000000000491e-01,8.189899999999999958e-01,6.733700000000000241e-01,4.707700000000000218e-01,3.450500000000000234e-01
cmz*c/cref,-1.399999999999999877e-04,2.200000000000000078e-04,1.800000000000000113e-04,1.719999999999999958e-03,2.589999999999999854e-03,5.100000000000000366e-04,3.799999999999999992e-03,-1.680000000000000070e-03,8.410000000000000808e-03,8.149999999999999259e-03,3.839999999999999664e-02,6.640999999999999681e-02,2.640919999999999934e+00,-1.173300000000000037e-01,1.299999999999999886e-04,-2.100000000000000087e-04,-1.700000000000000122e-04,-1.479999999999999979e-03,-2.700000000000000143e-03,-4.499999999999999877e-04,-3.720000000000000216e-03,2.069999999999999792e-03,-8.049999999999999864e-03,-8.909999999999999518e-03,-3.982000000000000123e-02,-7.040000000000000424e-02,-2.728390000000000093e+00,1.123399999999999954e-01,-3.519577562499999479e-02,-1.048734084374999959e-01,-1.601234353124999787e-01,-2.593258306249999201e-01,-3.117968190624999525e-01,-3.836202406249999419e-01,-4.379667774999999041e-01,-5.231610443749999950e-01,-5.930403490624999163e-01,-7.430237224999999279e-01,-7.352149874999999168e-01,-1.043018703437499806e+00,-5.903137453124999157e-01,-5.681056384374999491e-01,3.516350812499999257e-02,1.051234815624999680e-01,1.636365593749999903e-01,2.567887984374999655e-01,3.119702568749999627e-01,3.841002196874999108e-01,4.378780418749999570e-01,5.251212949999999324e-01,5.941011431249998420e-01,7.445402949999998521e-01,7.423299712499998870e-01,1.064456423749999825e+00,6.067258024999999666e-01,6.122717790624998546e-01,6.614999999999999353e-03,-9.894749999999998824e-01,3.174599999999999644e-01,-3.606900000000000106e-01,-5.580150000000000388e-01,4.606500000000000178e-02,1.411124999999999963e+00,4.338750000000000107e-01,6.076650000000000107e-01,3.337200000000000166e-01,-6.251279999999999337e-02,-4.056079999999999408e-02,-3.695999999999999850e-04,8.500799999999999329e-03,4.365199999999999636e-02,4.847359999999999169e-02,3.898719999999999963e-02,3.830959999999999227e-02,4.793039999999999801e-02,4.297439999999999594e-02,3.803519999999999124e-02,4.105919999999999709e-02,3.613679999999999670e-02,3.837679999999999564e-02,3.196479999999999461e-02,2.665039999999999770e-02,1.884960000000000108e-02,-5.415199999999999354e-03,-1.202319999999999778e-02,6.247919999999999169e-02,3.888080000000000008e-02,-2.559199999999999756e-03,-1.081359999999999960e-02,-4.608239999999999559e-02,-5.073599999999999638e-02,-4.099199999999999372e-02,-4.019119999999999637e-02,-4.975599999999999468e-02,-4.469359999999999999e-02,-3.964240000000000125e-02,-4.258800000000000086e-02,-3.731840000000000157e-02,-3.938479999999999759e-02,-3.288879999999999582e-02,-2.791599999999999637e-02,-1.988559999999999633e-02,5.403999999999999949e-03,1.207919999999999827e-02,-1.731483294999999867e+00,-2.270585040624999884e+00,-1.378650923749999757e+00,-1.399601748749999874e+00,-1.241643555000000010e+00,-1.250031761249999818e+00,-1.310761586874999995e+00,-1.305563261874999714e+00,-1.226970101249999834e+00,-1.236594878749999848e+00,-1.235149586874999761e+00,-1.222815379374999845e+00,-1.197595626874999875e+00,-1.150472023124999854e+00,-1.100288496249999914e+00,-9.655809924999999572e-01,-7.679737562499998615e-01,-4.511515999999999305e-01,-2.663196412499999610e-01,1.785541936874999847e+00,2.363079782499999837e+00,1.404213293124999762e+00,1.429255829999999783e+00,1.267954168124999725e+00,1.275531120624999737e+00,1.336520862499999796e+00,1.331287094374999924e+00,1.248228099999999952e+00,1.256317008749999742e+00,1.253820237499999823e+00,1.240446364999999940e+00,1.215104530624999901e+00,1.167461094374999897e+00,1.116470251875000042e+00,9.783759606249999852e-01,7.796699874999999391e-01,4.622098549999999473e-01,2.787444256250000141e-01
FC_AoA_,0.000000000000000000e+00
FC_Zcg_,3.058170000000000055e-01
cl,-1.069220000000000059e+00,-1.068829999999999947e+00,-1.067390000000000061e+00,-1.056009999999999893e+00,-1.041730000000000045e+00,-1.018040000000000056e+00,-9.828799999999999759e-01,-9.316299999999999581e-01,-8.511400000000000077e-01,-7.297099999999999698e-01,-4.577499999999999902e-01,-4.949299999999999811e-01,-6.773299999999999876e-01,-8.973200000000000065e-01,-1.068359999999999976e+00,-1.066380000000000106e+00,-1.063350000000000017e+00,-1.051690000000000014e+00,-1.035560000000000036e+00,-1.010629999999999917e+00,-9.736399999999999499e-01,-9.211899999999999533e-01,-8.406200000000000339e-01,-7.147200000000000220e-01,-4.334100000000000175e-01,-4.669200000000000017e-01,-6.325300000000000367e-01,-8.680499999999999883e-01,-1.677969999999999962e+00,-1.675999999999999934e+00,-1.675149999999999917e+00,-1.706900000000000084e+00,-1.711759999999999948e+00,-1.713729999999999976e+00,-1.719870000000000010e+00,-1.734960000000000058e+00,-1.777030000000000109e+00,-1.859059999999999935e+00,-1.923070000000000057e+00,-1.940549999999999997e+00,-1.827029999999999932e+00,-1.461670000000000025e+00,-1.676779999999999937e+00,-1.678279999999999994e+00,-1.675640000000000018e+00,-1.711710000000000065e+00,-1.715260000000000007e+00,-1.718709999999999960e+00,-1.725600000000000023e+00,-1.742099999999999982e+00,-1.785169999999999924e+00,-1.877050000000000107e+00,-1.956790000000000029e+00,-2.001469999999999860e+00,-1.926379999999999981e+00,-1.639289999999999914e+00,5.886400000000000521e-01,-9.783100000000000129e-01,-1.644320000000000004e+00,2.498199999999999865e-01,3.271999999999999909e-01,5.603299999999999947e-01,-1.050130000000000008e+00,-1.712660000000000071e+00,-1.335000000000000075e-02,8.885999999999999455e-02,-6.578000000000000513e-02,-7.889999999999999791e-02,-1.456999999999999962e-02,-2.330000000000000040e-03,-2.870000000000000155e-03,-2.929999999999999879e-03,-9.499999999999999981e-04,2.300000000000000070e-04,7.200000000000000453e-04,1.090000000000000040e-03,1.250000000000000026e-03,1.490000000000000005e-03,2.239999999999999804e-03,2.929999999999999879e-03,2.739999999999999814e-03,2.680000000000000090e-03,6.749999999999999924e-03,3.155999999999999778e-02,2.629000000000000087e-02,-6.664000000000000479e-02,-7.975000000000000144e-02,-1.464000000000000024e-02,-2.419999999999999842e-03,-2.919999999999999853e-03,-2.969999999999999984e-03,-9.600000000000000243e-04,2.300000000000000070e-04,7.200000000000000453e-04,1.090000000000000040e-03,1.240000000000000000e-03,1.469999999999999953e-03,2.180000000000000080e-03,2.870000000000000155e-03,2.749999999999999840e-03,2.840000000000000076e-03,6.949999999999999581e-03,3.196000000000000230e-02,2.663000000000000089e-02,-6.063600000000000101e-01,-6.608199999999999630e-01,-5.797999999999999682e-02,-3.520000000000000125e-03,2.200000000000000078e-04,0.000000000000000000e+00,-1.499999999999999869e-04,2.079999999999999818e-03,4.320000000000000055e-03,4.129999999999999991e-03,3.559999999999999797e-03,3.239999999999999825e-03,3.889999999999999795e-03,5.250000000000000326e-03,5.680000000000000153e-03,9.539999999999999869e-03,4.308000000000000024e-02,2.075799999999999867e-01,1.712200000000000111e-01,-6.271099999999999453e-01,-6.812899999999999512e-01,-5.790000000000000008e-02,-3.769999999999999914e-03,2.200000000000000078e-04,1.200000000000000030e-04,-1.399999999999999877e-04,2.079999999999999818e-03,4.449999999999999963e-03,4.279999999999999950e-03,3.700000000000000164e-03,3.429999999999999889e-03,4.139999999999999583e-03,5.230000000000000274e-03,5.649999999999999641e-03,9.830000000000000196e-03,4.377999999999999947e-02,2.100799999999999890e-01,1.731800000000000006e-01
FC_Ycg_,0.000000000000000000e+00
FC_Cref_,3.200000000000000067e-01
cmx,-7.756000000000000394e-02,-2.326000000000000012e-01,-3.871499999999999941e-01,-5.361099999999999755e-01,-6.797499999999999654e-01,-8.114700000000000246e-01,-9.254000000000000004e-01,-1.011169999999999902e+00,-1.046310000000000073e+00,-9.913999999999999480e-01,-7.273899999999999810e-01,-8.232399999999999718e-01,-1.279060000000000086e+00,-1.851299999999999946e+00,7.749999999999999944e-02,2.320599999999999885e-01,3.856600000000000028e-01,5.338699999999999557e-01,6.756400000000000183e-01,8.054400000000000448e-01,9.165799999999999503e-01,9.998099999999999765e-01,1.032960000000000100e+00,9.694399999999999684e-01,6.895400000000000418e-01,7.751299999999999857e-01,1.197000000000000064e+00,1.794380000000000086e+00,-3.018000000000000127e-01,-9.039500000000000313e-01,-1.506639999999999979e+00,-2.149439999999999795e+00,-2.770960000000000090e+00,-3.390159999999999840e+00,-4.021700000000000053e+00,-4.681379999999999875e+00,-5.434599999999999653e+00,-6.349380000000000024e+00,-7.246710000000000207e+00,-8.005660000000000664e+00,-8.128270000000000550e+00,-7.083919999999999995e+00,3.015900000000000247e-01,9.053200000000000136e-01,1.507069999999999910e+00,2.155330000000000190e+00,2.776629999999999932e+00,3.400030000000000108e+00,4.035079999999999778e+00,4.700599999999999667e+00,5.459819999999999673e+00,6.411539999999999573e+00,7.373490000000000322e+00,8.254989999999999384e+00,8.567840000000000344e+00,7.944490000000000052e+00,6.978799999999999448e-01,-1.069979999999999931e+00,-1.917270000000000030e+00,3.028699999999999726e-01,3.866299999999999737e-01,-6.291799999999999615e-01,1.457389999999999963e+00,2.234070000000000000e+00,1.924299999999999899e-01,-6.278999999999999859e-02,-5.989299999999999624e-01,-6.996700000000000141e-01,-5.245100000000000318e-01,-4.881900000000000128e-01,-4.747700000000000253e-01,-4.627499999999999947e-01,-4.433400000000000118e-01,-4.176099999999999812e-01,-3.871100000000000096e-01,-3.555800000000000072e-01,-3.213900000000000090e-01,-2.862500000000000044e-01,-2.421500000000000041e-01,-2.046699999999999908e-01,-1.651299999999999990e-01,-1.300699999999999912e-01,-8.504000000000000448e-02,1.340000000000000045e-02,3.115000000000000061e-02,6.053399999999999892e-01,7.052300000000000235e-01,5.273700000000000054e-01,4.920100000000000029e-01,4.785400000000000209e-01,4.667000000000000037e-01,4.473300000000000054e-01,4.214700000000000113e-01,3.907499999999999862e-01,3.589700000000000113e-01,3.244699999999999807e-01,2.890900000000000136e-01,2.448500000000000121e-01,2.070799999999999863e-01,1.668499999999999983e-01,1.308199999999999918e-01,8.540000000000000369e-02,-1.366000000000000027e-02,-3.164999999999999758e-02,-4.737230000000000274e+00,-5.305150000000000254e+00,-1.968569999999999931e+00,-1.598119999999999985e+00,-1.601480000000000015e+00,-1.511069999999999913e+00,-1.387019999999999920e+00,-1.268710000000000004e+00,-1.181720000000000104e+00,-1.072429999999999994e+00,-9.682399999999999896e-01,-8.719400000000000484e-01,-7.611799999999999677e-01,-6.562299999999999800e-01,-5.347300000000000386e-01,-3.922399999999999776e-01,-1.101499999999999979e-01,7.456800000000000095e-01,6.649599999999999955e-01,4.877410000000000245e+00,5.468309999999999782e+00,1.998909999999999965e+00,1.629159999999999942e+00,1.631429999999999936e+00,1.537749999999999950e+00,1.411119999999999930e+00,1.290589999999999904e+00,1.200490000000000057e+00,1.088270000000000071e+00,9.818599999999999550e-01,8.838799999999999990e-01,7.711400000000000476e-01,6.656999999999999584e-01,5.421300000000000008e-01,3.962399999999999811e-01,1.108600000000000002e-01,-7.538799999999999946e-01,-6.716699999999999893e-01
FC_Sref_,4.159999999999999809e-01
FC_Beta_,0.000000000000000000e+00
cx,1.990000000000000015e-03,-9.600000000000000243e-04,-4.499999999999999877e-04,-3.259999999999999877e-03,-3.729999999999999809e-03,-1.600000000000000131e-04,-3.299999999999999982e-03,2.650000000000000012e-03,-5.539999999999999786e-03,-4.320000000000000055e-03,-3.565000000000000113e-02,-3.084999999999999895e-02,-1.472939999999999916e+00,2.858000000000000124e-02,1.869999999999999917e-03,-9.200000000000000278e-04,-3.899999999999999929e-04,-2.759999999999999867e-03,-3.850000000000000124e-03,-1.000000000000000082e-05,-3.170000000000000075e-03,2.949999999999999931e-03,-5.060000000000000261e-03,-4.329999999999999648e-03,-3.638000000000000261e-02,-3.273999999999999827e-02,-1.520739999999999981e+00,2.595000000000000084e-02,4.851599999999999802e-01,4.828299999999999814e-01,4.412499999999999756e-01,5.101499999999999924e-01,4.775099999999999900e-01,4.808899999999999841e-01,4.643499999999999850e-01,4.806099999999999817e-01,4.811799999999999966e-01,5.414499999999999869e-01,4.860999999999999766e-01,6.344800000000000439e-01,3.445400000000000129e-01,2.956599999999999784e-01,4.847199999999999842e-01,4.836699999999999888e-01,4.509600000000000275e-01,5.053100000000000369e-01,4.777699999999999725e-01,4.814800000000000191e-01,4.642600000000000060e-01,4.824200000000000155e-01,4.819800000000000195e-01,5.425200000000000022e-01,4.908899999999999930e-01,6.484400000000000164e-01,3.552899999999999947e-01,3.186100000000000043e-01,-2.660000000000000038e-03,7.128100000000000547e-01,-1.444999999999999930e-02,1.238999999999999997e-02,8.519000000000000183e-02,-2.510000000000000078e-03,6.791500000000000314e-01,1.565400000000000125e-01,-4.644000000000000211e-02,-1.263000000000000060e-02,4.966999999999999887e-02,4.776999999999999996e-02,3.132000000000000062e-02,3.212999999999999884e-02,1.263000000000000060e-02,1.174000000000000044e-02,1.982000000000000081e-02,2.095999999999999946e-02,1.406999999999999917e-02,1.675000000000000100e-02,1.904000000000000137e-02,1.523000000000000048e-02,1.726000000000000104e-02,1.260999999999999968e-02,1.460999999999999972e-02,1.354999999999999954e-02,1.346999999999999933e-02,2.137999999999999970e-02,1.866999999999999910e-02,4.988999999999999685e-02,4.723999999999999727e-02,3.016999999999999890e-02,3.137999999999999817e-02,1.183000000000000024e-02,1.106000000000000039e-02,1.930000000000000118e-02,2.051000000000000045e-02,1.365000000000000067e-02,1.638999999999999832e-02,1.873000000000000012e-02,1.494000000000000015e-02,1.714999999999999858e-02,1.254000000000000080e-02,1.456999999999999962e-02,1.329999999999999932e-02,1.327000000000000055e-02,2.165999999999999870e-02,1.889000000000000054e-02,7.995900000000000230e-01,1.095520000000000049e+00,6.897799999999999487e-01,7.210199999999999942e-01,6.192800000000000527e-01,6.247099999999999875e-01,6.652400000000000535e-01,6.644200000000000106e-01,6.149400000000000421e-01,6.230499999999999927e-01,6.245000000000000551e-01,6.181299999999999573e-01,6.075000000000000400e-01,5.822699999999999543e-01,5.631300000000000194e-01,4.980899999999999772e-01,4.002100000000000102e-01,2.306100000000000094e-01,1.304899999999999949e-01,8.254200000000000426e-01,1.140130000000000088e+00,7.023599999999999843e-01,7.359900000000000331e-01,6.321700000000000097e-01,6.372299999999999631e-01,6.780500000000000416e-01,6.772599999999999731e-01,6.254100000000000215e-01,6.328700000000000436e-01,6.338500000000000245e-01,6.268500000000000183e-01,6.161699999999999955e-01,5.907000000000000028e-01,5.713700000000000445e-01,5.046599999999999975e-01,4.062100000000000155e-01,2.360700000000000021e-01,1.365500000000000047e-01
FC_Pitch_Rate,0.000000000000000000e+00
cd,1.990000000000000015e-03,-9.600000000000000243e-04,-4.499999999999999877e-04,-3.259999999999999877e-03,-3.729999999999999809e-03,-1.600000000000000131e-04,-3.299999999999999982e-03,2.650000000000000012e-03,-5.539999999999999786e-03,-4.320000000000000055e-03,-3.565000000000000113e-02,-3.084999999999999895e-02,-1.472939999999999916e+00,2.858000000000000124e-02,1.869999999999999917e-03,-9.200000000000000278e-04,-3.899999999999999929e-04,-2.759999999999999867e-03,-3.850000000000000124e-03,-1.000000000000000082e-05,-3.170000000000000075e-03,2.949999999999999931e-03,-5.060000000000000261e-03,-4.329999999999999648e-03,-3.638000000000000261e-02,-3.273999999999999827e-02,-1.520739999999999981e+00,2.595000000000000084e-02,4.851599999999999802e-01,4.828299999999999814e-01,4.412499999999999756e-01,5.101499999999999924e-01,4.775099999999999900e-01,4.808899999999999841e-01,4.643499999999999850e-01,4.806099999999999817e-01,4.811799999999999966e-01,5.414499999999999869e-01,4.860999999999999766e-01,6.344800000000000439e-01,3.445400000000000129e-01,2.956599999999999784e-01,4.847199999999999842e-01,4.836699999999999888e-01,4.509600000000000275e-01,5.053100000000000369e-01,4.777699999999999725e-01,4.814800000000000191e-01,4.642600000000000060e-01,4.824200000000000155e-01,4.819800000000000195e-01,5.425200000000000022e-01,4.908899999999999930e-01,6.484400000000000164e-01,3.552899999999999947e-01,3.186100000000000043e-01,-2.660000000000000038e-03,7.128100000000000547e-01,-1.444999999999999930e-02,1.238999999999999997e-02,8.519000000000000183e-02,-2.510000000000000078e-03,6.791500000000000314e-01,1.565400000000000125e-01,-4.644000000000000211e-02,-1.263000000000000060e-02,4.966999999999999887e-02,4.776999999999999996e-02,3.132000000000000062e-02,3.212999999999999884e-02,1.263000000000000060e-02,1.174000000000000044e-02,1.982000000000000081e-02,2.095999999999999946e-02,1.406999999999999917e-02,1.675000000000000100e-02,1.904000000000000137e-02,1.523000000000000048e-02,1.726000000000000104e-02,1.260999999999999968e-02,1.460999999999999972e-02,1.354999999999999954e-02,1.346999999999999933e-02,2.137999999999999970e-02,1.866999999999999910e-02,4.988999999999999685e-02,4.723999999999999727e-02,3.016999999999999890e-02,3.137999999999999817e-02,1.183000000000000024e-02,1.106000000000000039e-02,1.930000000000000118e-02,2.051000000000000045e-02,1.365000000000000067e-02,1.638999999999999832e-02,1.873000000000000012e-02,1.494000000000000015e-02,1.714999999999999858e-02,1.254000000000000080e-02,1.456999999999999962e-02,1.329999999999999932e-02,1.327000000000000055e-02,2.165999999999999870e-02,1.889000000000000054e-02,7.995900000000000230e-01,1.095520000000000049e+00,6.897799999999999487e-01,7.210199999999999942e-01,6.192800000000000527e-01,6.247099999999999875e-01,6.652400000000000535e-01,6.644200000000000106e-01,6.149400000000000421e-01,6.230499999999999927e-01,6.245000000000000551e-01,6.181299999999999573e-01,6.075000000000000400e-01,5.822699999999999543e-01,5.631300000000000194e-01,4.980899999999999772e-01,4.002100000000000102e-01,2.306100000000000094e-01,1.304899999999999949e-01,8.254200000000000426e-01,1.140130000000000088e+00,7.023599999999999843e-01,7.359900000000000331e-01,6.321700000000000097e-01,6.372299999999999631e-01,6.780500000000000416e-01,6.772599999999999731e-01,6.254100000000000215e-01,6.328700000000000436e-01,6.338500000000000245e-01,6.268500000000000183e-01,6.161699999999999955e-01,5.907000000000000028e-01,5.713700000000000445e-01,5.046599999999999975e-01,4.062100000000000155e-01,2.360700000000000021e-01,1.365500000000000047e-01
FC_Yaw___Rate,0.000000000000000000e+00
cl*c/cref,-1.069220000000000059e+00,-1.068829999999999947e+00,-1.067390000000000061e+00,-1.056009999999999893e+00,-1.041730000000000045e+00,-1.018040000000000056e+00,-9.828799999999999759e-01,-9.316299999999999581e-01,-8.511400000000000077e-01,-7.297099999999999698e-01,-4.577499999999999902e-01,-4.949299999999999811e-01,-6.773299999999999876e-01,-8.973200000000000065e-01,-1.068359999999999976e+00,-1.066380000000000106e+00,-1.063350000000000017e+00,-1.051690000000000014e+00,-1.035560000000000036e+00,-1.010629999999999917e+00,-9.736399999999999499e-01,-9.211899999999999533e-01,-8.406200000000000339e-01,-7.147200000000000220e-01,-4.334100000000000175e-01,-4.669200000000000017e-01,-6.325300000000000367e-01,-8.680499999999999883e-01,-6.767987121874998735e-01,-6.760041249999998447e-01,-6.756612828124999304e-01,-6.884674468749999443e-01,-6.904276974999998817e-01,-6.912222846874999105e-01,-6.936988153124998835e-01,-6.997852724999998886e-01,-7.167539440624999258e-01,-7.498402318749998186e-01,-7.756582653124999283e-01,-7.827087140624998662e-01,-7.369211315624998315e-01,-5.895554590624999536e-01,-6.763187331249999046e-01,-6.769237487499999428e-01,-6.758589212499999110e-01,-6.904075303124999063e-01,-6.918394006249999340e-01,-6.932309365624998998e-01,-6.960099749999999474e-01,-7.026651468749999241e-01,-7.200371621874999128e-01,-7.570963859374999494e-01,-7.892590165624998599e-01,-8.072804153124998328e-01,-7.769933331249998520e-01,-6.611973759374998316e-01,8.829600000000000781e-01,-1.467465000000000019e+00,-2.466479999999999784e+00,3.747300000000000075e-01,4.908000000000000140e-01,8.404949999999999921e-01,-1.575194999999999901e+00,-2.568990000000000329e+00,-2.002500000000000113e-02,1.332899999999999918e-01,-3.683679999999999594e-02,-4.418399999999999411e-02,-8.159199999999998398e-03,-1.304799999999999840e-03,-1.607199999999999818e-03,-1.640799999999999767e-03,-5.319999999999999209e-04,1.287999999999999865e-04,4.031999999999999885e-04,6.103999999999999834e-04,6.999999999999999929e-04,8.343999999999998987e-04,1.254399999999999699e-03,1.640799999999999767e-03,1.534399999999999783e-03,1.500799999999999834e-03,3.779999999999999506e-03,1.767359999999999765e-02,1.472239999999999834e-02,-3.731840000000000157e-02,-4.465999999999999831e-02,-8.198399999999999785e-03,-1.355199999999999764e-03,-1.635199999999999848e-03,-1.663199999999999878e-03,-5.375999999999999486e-04,1.287999999999999865e-04,4.031999999999999885e-04,6.103999999999999834e-04,6.943999999999999652e-04,8.231999999999998433e-04,1.220799999999999967e-03,1.607199999999999818e-03,1.539999999999999702e-03,1.590399999999999843e-03,3.891999999999999193e-03,1.789759999999999962e-02,1.491279999999999863e-02,-2.387921474999999683e-01,-2.602391762499999817e-01,-2.283324874999999657e-02,-1.386219999999999857e-03,8.663874999999999105e-05,0.000000000000000000e+00,-5.907187499999999082e-05,8.191299999999998365e-04,1.701269999999999736e-03,1.626445624999999905e-03,1.401972499999999764e-03,1.275952499999999856e-03,1.531930624999999812e-03,2.067515624999999909e-03,2.236854999999999833e-03,3.756971249999999443e-03,1.696544249999999698e-02,8.174759874999998344e-02,6.742857624999999688e-02,-2.469637568749999401e-01,-2.683005181249999427e-01,-2.280174374999999892e-02,-1.484673124999999873e-03,8.663874999999999105e-05,4.725749999999999265e-05,-5.513374999999998691e-05,8.191299999999998365e-04,1.752465624999999813e-03,1.685517499999999828e-03,1.457106249999999981e-03,1.350776874999999903e-03,1.630383749999999611e-03,2.059639375000000064e-03,2.225040624999999415e-03,3.871176874999999584e-03,1.724111124999999634e-02,8.273212999999998707e-02,6.820044874999998952e-02
WingId,1,1,1,1,1,1,1,1,1,1,1,1,1,1,2,2,2,2,2,2,2,2,2,2,2,2,2,2,3,3,3,3,3,3,3,3,3,3,3,3,3,3,4,4,4,4,4,4,4,4,4,4,4,4,4,4,5,5,5,5,5,6,6,6,6,6,7,7,7,7,7,7,7,7,7,7,7,7,7,7,7,7,7,7,7,8,8,8,8,8,8,8,8,8,8,8,8,8,8,8,8,8,8,8,9,9,9,9,9,9,9,9,9,9,9,9,9,9,9,9,9,9,9,10,10,10,10,10,10,10,10,10,10,10,10,10,10,10,10,10,10,10
S,6.063999999999999946e-02,1.550700000000000134e-01,2.226700000000000068e-01,2.902600000000000180e-01,3.578500000000000014e-01,4.254499999999999948e-01,4.930399999999999783e-01,5.606400000000000272e-01,6.282299999999999551e-01,6.958299999999999486e-01,7.634199999999999875e-01,8.310100000000000264e-01,8.986100000000000199e-01,9.661999999999999478e-01,6.063999999999999946e-02,1.550700000000000134e-01,2.226700000000000068e-01,2.902600000000000180e-01,3.578500000000000014e-01,4.254499999999999948e-01,4.930399999999999783e-01,5.606400000000000272e-01,6.282299999999999551e-01,6.958299999999999486e-01,7.634199999999999875e-01,8.310100000000000264e-01,8.986100000000000199e-01,9.661999999999999478e-01,3.089000000000000079e-02,9.786999999999999866e-02,1.700399999999999967e-01,2.422100000000000086e-01,3.143799999999999928e-01,3.865500000000000047e-01,4.587200000000000166e-01,5.308899999999999730e-01,6.030600000000000405e-01,6.752299999999999969e-01,7.473999999999999533e-01,8.195700000000000207e-01,8.917399999999999771e-01,9.639100000000000446e-01,3.089000000000000079e-02,9.786999999999999866e-02,1.700399999999999967e-01,2.422100000000000086e-01,3.143799999999999928e-01,3.865500000000000047e-01,4.587200000000000166e-01,5.308899999999999730e-01,6.030600000000000405e-01,6.752299999999999969e-01,7.473999999999999533e-01,8.195700000000000207e-01,8.917399999999999771e-01,9.639100000000000446e-01,2.509700000000000264e-01,5.642000000000000348e-01,6.887100000000000444e-01,8.132300000000000084e-01,9.377400000000000180e-01,2.509700000000000264e-01,5.642000000000000348e-01,6.887100000000000444e-01,8.132300000000000084e-01,9.377400000000000180e-01,9.614000000000000323e-02,2.147300000000000042e-01,2.595999999999999974e-01,3.044700000000000184e-01,3.493399999999999839e-01,3.942200000000000149e-01,4.390899999999999803e-01,4.839600000000000013e-01,5.288399999999999768e-01,5.737100000000000533e-01,6.185800000000000187e-01,6.634499999999999842e-01,7.083300000000000152e-01,7.531999999999999806e-01,7.980699999999999461e-01,8.429499999999999771e-01,8.878200000000000536e-01,9.326900000000000190e-01,9.775599999999999845e-01,9.614000000000000323e-02,2.147300000000000042e-01,2.595999999999999974e-01,3.044700000000000184e-01,3.493399999999999839e-01,3.942200000000000149e-01,4.390899999999999803e-01,4.839600000000000013e-01,5.288399999999999768e-01,5.737100000000000533e-01,6.185800000000000187e-01,6.634499999999999842e-01,7.083300000000000152e-01,7.531999999999999806e-01,7.980699999999999461e-01,8.429499999999999771e-01,8.878200000000000536e-01,9.326900000000000190e-01,9.775599999999999845e-01,7.212999999999999967e-02,1.680300000000000127e-01,2.155700000000000116e-01,2.631100000000000105e-01,3.106599999999999917e-01,3.582000000000000184e-01,4.057399999999999896e-01,4.532800000000000162e-01,5.008200000000000429e-01,5.483599999999999586e-01,5.958999999999999853e-01,6.434400000000000119e-01,6.909800000000000386e-01,7.385199999999999543e-01,7.860700000000000465e-01,8.336099999999999621e-01,8.811499999999999888e-01,9.286900000000000155e-01,9.762300000000000422e-01,7.212999999999999967e-02,1.680300000000000127e-01,2.155700000000000116e-01,2.631100000000000105e-01,3.106599999999999917e-01,3.582000000000000184e-01,4.057399999999999896e-01,4.532800000000000162e-01,5.008200000000000429e-01,5.483599999999999586e-01,5.958999999999999853e-01,6.434400000000000119e-01,6.909800000000000386e-01,7.385199999999999543e-01,7.860700000000000465e-01,8.336099999999999621e-01,8.811499999999999888e-01,9.286900000000000155e-01,9.762300000000000422e-01
Xavg,3.201999999999999846e-01,3.201999999999999846e-01,3.201999999999999846e-01,3.201999999999999846e-01,3.201999999999999846e-01,3.201999999999999846e-01,3.201999999999999846e-01,3.201999999999999846e-01,3.201999999999999846e-01,3.201999999999999846e-01,3.201999999999999846e-01,3.201999999999999846e-01,3.201999999999999846e-01,3.201999999999999846e-01,3.201999999999999846e-01,3.201999999999999846e-01,3.201999999999999846e-01,3.201999999999999846e-01,3.201999999999999846e-01,3.201999999999999846e-01,3.201999999999999846e-01,3.201999999999999846e-01,3.201999999999999846e-01,3.201999999999999846e-01,3.201999999999999846e-01,3.201999999999999846e-01,3.201999999999999846e-01,3.201999999999999846e-01,5.157699999999999507e-01,5.157699999999999507e-01,5.157699999999999507e-01,5.157699999999999507e-01,5.157699999999999507e-01,5.157699999999999507e-01,5.157699999999999507e-01,5.157699999999999507e-01,5.157699999999999507e-01,5.157699999999999507e-01,5.157699999999999507e-01,5.157699999999999507e-01,5.157699999999999507e-01,5.157699999999999507e-01,5.157699999999999507e-01,5.157699999999999507e-01,5.157699999999999507e-01,5.157699999999999507e-01,5.157699999999999507e-01,5.157699999999999507e-01,5.157699999999999507e-01,5.157699999999999507e-01,5.157699999999999507e-01,5.157699999999999507e-01,5.157699999999999507e-01,5.157699999999999507e-01,5.157699999999999507e-01,5.157699999999999507e-01,3.990000000000000213e-01,3.990000000000000213e-01,3.990000000000000213e-01,3.990000000000000213e-01,3.990000000000000213e-01,3.990000000000000213e-01,3.990000000000000213e-01,3.990000000000000213e-01,3.990000000000000213e-01,3.990000000000000213e-01,2.713999999999999746e-01,2.713999999999999746e-01,2.713999999999999746e-01,2.713999999999999746e-01,2.713999999999999746e-01,2.713999999999999746e-01,2.713999999999999746e-01,2.713999999999999746e-01,2.713999999999999746e-01,2.713999999999999746e-01,2.713999999999999746e-01,2.713999999999999746e-01,2.713999999999999746e-01,2.713999999999999746e-01,2.713999999999999746e-01,2.713999999999999746e-01,2.713999999999999746e-01,2.713999999999999746e-01,2.713999999999999746e-01,2.713999999999999746e-01,2.713999999999999746e-01,2.713999999999999746e-01,2.713999999999999746e-01,2.713999999999999746e-01,2.713999999999999746e-01,2.713999999999999746e-01,2.713999999999999746e-01,2.713999999999999746e-01,2.713999999999999746e-01,2.713999999999999746e-01,2.713999999999999746e-01,2.713999999999999746e-01,2.713999999999999746e-01,2.713999999999999746e-01,2.713999999999999746e-01,2.713999999999999746e-01,2.713999999999999746e-01,2.713999999999999746e-01,3.780100000000000127e-01,3.780100000000000127e-01,3.780100000000000127e-01,3.780100000000000127e-01,3.780100000000000127e-01,3.780100000000000127e-01,3.780100000000000127e-01,3.780100000000000127e-01,3.780100000000000127e-01,3.780100000000000127e-01,3.780100000000000127e-01,3.780100000000000127e-01,3.780100000000000127e-01,3.780100000000000127e-01,3.780100000000000127e-01,3.780100000000000127e-01,3.780100000000000127e-01,3.780100000000000127e-01,3.780100000000000127e-01,3.780100000000000127e-01,3.780100000000000127e-01,3.780100000000000127e-01,3.780100000000000127e-01,3.780100000000000127e-01,3.780100000000000127e-01,3.780100000000000127e-01,3.780100000000000127e-01,3.780100000000000127e-01,3.780100000000000127e-01,3.780100000000000127e-01,3.780100000000000127e-01,3.780100000000000127e-01,3.780100000000000127e-01,3.780100000000000127e-01,3.780100000000000127e-01,3.780100000000000127e-01,3.780100000000000127e-01,3.780100000000000127e-01
Yavg,2.321000000000000146e-02,6.963999999999999357e-02,1.160700000000000065e-01,1.625000000000000056e-01,2.089300000000000046e-01,2.553599999999999759e-01,3.017900000000000027e-01,3.482100000000000195e-01,3.946399999999999908e-01,4.410700000000000176e-01,4.874999999999999889e-01,5.339300000000000157e-01,5.803599999999999870e-01,6.267899999999999583e-01,-2.321000000000000146e-02,-6.963999999999999357e-02,-1.160700000000000065e-01,-1.625000000000000056e-01,-2.089300000000000046e-01,-2.553599999999999759e-01,-3.017900000000000027e-01,-3.482100000000000195e-01,-3.946399999999999908e-01,-4.410700000000000176e-01,-4.874999999999999889e-01,-5.339300000000000157e-01,-5.803599999999999870e-01,-6.267899999999999583e-01,2.321000000000000146e-02,6.963999999999999357e-02,1.160700000000000065e-01,1.625000000000000056e-01,2.089300000000000046e-01,2.553599999999999759e-01,3.017900000000000027e-01,3.482100000000000195e-01,3.946399999999999908e-01,4.410700000000000176e-01,4.874999999999999889e-01,5.339300000000000157e-01,5.803599999999999870e-01,6.267899999999999583e-01,-2.321000000000000146e-02,-6.963999999999999357e-02,-1.160700000000000065e-01,-1.625000000000000056e-01,-2.089300000000000046e-01,-2.553599999999999759e-01,-3.017900000000000027e-01,-3.482100000000000195e-01,-3.946399999999999908e-01,-4.410700000000000176e-01,-4.874999999999999889e-01,-5.339300000000000157e-01,-5.803599999999999870e-01,-6.267899999999999583e-01,6.500000000000000222e-01,6.500000000000000222e-01,6.500000000000000222e-01,6.500000000000000222e-01,6.500000000000000222e-01,-6.500000000000000222e-01,-6.500000000000000222e-01,-6.500000000000000222e-01,-6.500000000000000222e-01,-6.500000000000000222e-01,4.833799999999999764e-01,4.833799999999999764e-01,4.833799999999999764e-01,4.833799999999999764e-01,4.833799999999999764e-01,4.833799999999999764e-01,4.833799999999999764e-01,4.833799999999999764e-01,4.833799999999999764e-01,4.833799999999999764e-01,4.833799999999999764e-01,4.833799999999999764e-01,4.833799999999999764e-01,4.833799999999999764e-01,4.833799999999999764e-01,4.833799999999999764e-01,4.833799999999999764e-01,4.833799999999999764e-01,4.833799999999999764e-01,-4.833799999999999764e-01,-4.833799999999999764e-01,-4.833799999999999764e-01,-4.833799999999999764e-01,-4.833799999999999764e-01,-4.833799999999999764e-01,-4.833799999999999764e-01,-4.833799999999999764e-01,-4.833799999999999764e-01,-4.833799999999999764e-01,-4.833799999999999764e-01,-4.833799999999999764e-01,-4.833799999999999764e-01,-4.833799999999999764e-01,-4.833799999999999764e-01,-4.833799999999999764e-01,-4.833799999999999764e-01,-4.833799999999999764e-01,-4.833799999999999764e-01,5.425299999999999567e-01,5.425299999999999567e-01,5.425299999999999567e-01,5.425299999999999567e-01,5.425299999999999567e-01,5.425299999999999567e-01,5.425299999999999567e-01,5.425299999999999567e-01,5.425299999999999567e-01,5.425299999999999567e-01,5.425299999999999567e-01,5.425299999999999567e-01,5.425299999999999567e-01,5.425299999999999567e-01,5.425299999999999567e-01,5.425299999999999567e-01,5.425299999999999567e-01,5.425299999999999567e-01,5.425299999999999567e-01,-5.425299999999999567e-01,-5.425299999999999567e-01,-5.425299999999999567e-01,-5.425299999999999567e-01,-5.425299999999999567e-01,-5.425299999999999567e-01,-5.425299999999999567e-01,-5.425299999999999567e-01,-5.425299999999999567e-01,-5.425299999999999567e-01,-5.425299999999999567e-01,-5.425299999999999567e-01,-5.425299999999999567e-01,-5.425299999999999567e-01,-5.425299999999999567e-01,-5.425299999999999567e-01,-5.425299999999999567e-01,-5.425299999999999567e-01,-5.425299999999999567e-01
Zavg,7.063999999999999446e-02,7.063999999999999446e-02,7.063999999999999446e-02,7.063999999999999446e-02,7.063999999999999446e-02,7.063999999999999446e-02,7.063999999999999446e-02,7.063999999999999446e-02,7.063999999999999446e-02,7.063999999999999446e-02,7.063999999999999446e-02,7.063999999999999446e-02,7.063999999999999446e-02,7.063999999999999446e-02,7.063999999999999446e-02,7.063999999999999446e-02,7.063999999999999446e-02,7.063999999999999446e-02,7.063999999999999446e-02,7.063999999999999446e-02,7.063999999999999446e-02,7.063999999999999446e-02,7.063999999999999446e-02,7.063999999999999446e-02,7.063999999999999446e-02,7.063999999999999446e-02,7.063999999999999446e-02,7.063999999999999446e-02,1.238599999999999979e-01,1.238599999999999979e-01,1.238599999999999979e-01,1.238599999999999979e-01,1.238599999999999979e-01,1.238599999999999979e-01,1.238599999999999979e-01,1.238599999999999979e-01,1.238599999999999979e-01,1.238599999999999979e-01,1.238599999999999979e-01,1.238599999999999979e-01,1.238599999999999979e-01,1.238599999999999979e-01,1.238599999999999979e-01,1.238599999999999979e-01,1.238599999999999979e-01,1.238599999999999979e-01,1.238599999999999979e-01,1.238599999999999979e-01,1.238599999999999979e-01,1.238599999999999979e-01,1.238599999999999979e-01,1.238599999999999979e-01,1.238599999999999979e-01,1.238599999999999979e-01,1.238599999999999979e-01,1.238599999999999979e-01,4.499999999999999833e-02,7.499999999999999722e-02,1.049999999999999961e-01,1.350000000000000089e-01,1.650000000000000078e-01,4.499999999999999833e-02,7.499999999999999722e-02,1.049999999999999961e-01,1.350000000000000089e-01,1.650000000000000078e-01,8.025999999999999801e-02,9.078999999999999571e-02,1.013199999999999934e-01,1.118399999999999950e-01,1.223700000000000065e-01,1.328900000000000081e-01,1.434199999999999919e-01,1.539500000000000035e-01,1.644700000000000051e-01,1.749999999999999889e-01,1.855300000000000005e-01,1.960500000000000020e-01,2.065800000000000136e-01,2.171099999999999974e-01,2.276299999999999990e-01,2.381600000000000106e-01,2.486800000000000122e-01,2.592099999999999960e-01,2.697399999999999798e-01,8.025999999999999801e-02,9.078999999999999571e-02,1.013199999999999934e-01,1.118399999999999950e-01,1.223700000000000065e-01,1.328900000000000081e-01,1.434199999999999919e-01,1.539500000000000035e-01,1.644700000000000051e-01,1.749999999999999889e-01,1.855300000000000005e-01,1.960500000000000020e-01,2.065800000000000136e-01,2.171099999999999974e-01,2.276299999999999990e-01,2.381600000000000106e-01,2.486800000000000122e-01,2.592099999999999960e-01,2.697399999999999798e-01,8.025999999999999801e-02,9.078999999999999571e-02,1.013199999999999934e-01,1.118399999999999950e-01,1.223700000000000065e-01,1.328900000000000081e-01,1.434199999999999919e-01,1.539500000000000035e-01,1.644700000000000051e-01,1.749999999999999889e-01,1.855300000000000005e-01,1.960500000000000020e-01,2.065800000000000136e-01,2.171099999999999974e-01,2.276299999999999990e-01,2.381600000000000106e-01,2.486800000000000122e-01,2.592099999999999960e-01,2.697399999999999798e-01,8.025999999999999801e-02,9.078999999999999571e-02,1.013199999999999934e-01,1.118399999999999950e-01,1.223700000000000065e-01,1.328900000000000081e-01,1.434199999999999919e-01,1.539500000000000035e-01,1.644700000000000051e-01,1.749999999999999889e-01,1.855300000000000005e-01,1.960500000000000020e-01,2.065800000000000136e-01,2.171099999999999974e-01,2.276299999999999990e-01,2.381600000000000106e-01,2.486800000000000122e-01,2.592099999999999960e-01,2.697399999999999798e-01
V/Vref,1.083250000000000046e+00,1.083059999999999912e+00,1.081040000000000001e+00,1.082270000000000065e+00,1.084770000000000012e+00,1.085290000000000088e+00,1.092100000000000071e+00,1.096759999999999957e+00,1.108039999999999914e+00,1.131210000000000049e+00,1.153980000000000006e+00,1.094519999999999937e+00,1.034980000000000011e+00,9.875500000000000389e-01,1.083599999999999897e+00,1.083539999999999948e+00,1.081700000000000106e+00,1.082689999999999930e+00,1.085490000000000066e+00,1.086079999999999934e+00,1.093069999999999986e+00,1.097599999999999909e+00,1.108950000000000102e+00,1.132430000000000048e+00,1.156439999999999912e+00,1.097010000000000041e+00,1.034480000000000066e+00,9.917399999999999549e-01,9.583199999999999497e-01,9.580300000000000482e-01,9.622399999999999842e-01,9.595299999999999940e-01,9.706000000000000183e-01,9.717299999999999827e-01,9.788499999999999979e-01,9.826200000000000490e-01,1.002520000000000078e+00,1.011419999999999986e+00,1.056740000000000013e+00,1.066740000000000022e+00,1.157329999999999970e+00,9.371099999999999985e-01,9.595799999999999885e-01,9.593300000000000161e-01,9.630999999999999561e-01,9.607999999999999874e-01,9.724699999999999456e-01,9.735300000000000065e-01,9.807900000000000507e-01,9.843300000000000383e-01,1.006110000000000060e+00,1.015940000000000065e+00,1.068040000000000100e+00,1.079080000000000039e+00,1.197060000000000013e+00,9.723399999999999821e-01,1.083590000000000053e+00,1.022380000000000067e+00,9.377400000000000180e-01,8.253500000000000281e-01,9.246199999999999974e-01,1.076230000000000020e+00,1.012329999999999952e+00,9.438600000000000323e-01,8.697399999999999576e-01,8.129600000000000160e-01,8.365399999999999503e-01,8.805300000000000349e-01,9.202500000000000124e-01,9.206999999999999629e-01,9.238600000000000145e-01,9.234099999999999531e-01,9.242899999999999450e-01,9.236600000000000366e-01,9.370199999999999640e-01,9.363000000000000211e-01,9.341699999999999449e-01,9.420500000000000540e-01,9.436200000000000143e-01,9.412399999999999656e-01,9.394599999999999618e-01,9.454500000000000126e-01,9.408999999999999586e-01,9.275400000000000311e-01,9.136999999999999567e-01,8.414000000000000368e-01,8.849799999999999889e-01,9.243099999999999650e-01,9.248600000000000154e-01,9.280500000000000416e-01,9.275400000000000311e-01,9.283099999999999685e-01,9.276699999999999946e-01,9.406999999999999806e-01,9.399600000000000177e-01,9.377900000000000125e-01,9.455000000000000071e-01,9.469300000000000495e-01,9.442700000000000538e-01,9.425299999999999789e-01,9.482199999999999518e-01,9.437999999999999723e-01,9.302300000000000013e-01,9.162700000000000289e-01,7.572100000000000497e-01,7.399599999999999511e-01,7.959300000000000264e-01,7.967899999999999983e-01,8.056499999999999773e-01,8.060000000000000497e-01,7.917100000000000248e-01,7.922599999999999643e-01,8.222199999999999509e-01,8.222199999999999509e-01,8.253500000000000281e-01,8.354099999999999859e-01,8.490199999999999969e-01,8.626500000000000279e-01,8.656899999999999595e-01,8.608500000000000041e-01,8.569799999999999640e-01,8.317900000000000293e-01,7.807199999999999696e-01,7.590000000000000080e-01,7.507800000000000029e-01,8.017600000000000282e-01,8.028600000000000181e-01,8.109600000000000142e-01,8.112800000000000011e-01,7.966400000000000148e-01,7.971799999999999997e-01,8.259300000000000530e-01,8.259900000000000020e-01,8.291600000000000081e-01,8.388099999999999445e-01,8.521400000000000086e-01,8.656800000000000050e-01,8.684699999999999642e-01,8.627700000000000369e-01,8.597299999999999942e-01,8.338499999999999801e-01,7.822000000000000064e-01
FC_Xcg_,2.954149999999999832e-01
cz,-1.069220000000000059e+00,-1.068829999999999947e+00,-1.067390000000000061e+00,-1.056009999999999893e+00,-1.041730000000000045e+00,-1.018040000000000056e+00,-9.828799999999999759e-01,-9.316299999999999581e-01,-8.511400000000000077e-01,-7.297099999999999698e-01,-4.577499999999999902e-01,-4.949299999999999811e-01,-6.773299999999999876e-01,-8.973200000000000065e-01,-1.068359999999999976e+00,-1.066380000000000106e+00,-1.063350000000000017e+00,-1.051690000000000014e+00,-1.035560000000000036e+00,-1.010629999999999917e+00,-9.736399999999999499e-01,-9.211899999999999533e-01,-8.406200000000000339e-01,-7.147200000000000220e-01,-4.334100000000000175e-01,-4.669200000000000017e-01,-6.325300000000000367e-01,-8.680499999999999883e-01,-1.677969999999999962e+00,-1.675999999999999934e+00,-1.675149999999999917e+00,-1.706900000000000084e+00,-1.711759999999999948e+00,-1.713729999999999976e+00,-1.719870000000000010e+00,-1.734960000000000058e+00,-1.777030000000000109e+00,-1.859059999999999935e+00,-1.923070000000000057e+00,-1.940549999999999997e+00,-1.827029999999999932e+00,-1.461670000000000025e+00,-1.676779999999999937e+00,-1.678279999999999994e+00,-1.675640000000000018e+00,-1.711710000000000065e+00,-1.715260000000000007e+00,-1.718709999999999960e+00,-1.725600000000000023e+00,-1.742099999999999982e+00,-1.785169999999999924e+00,-1.877050000000000107e+00,-1.956790000000000029e+00,-2.001469999999999860e+00,-1.926379999999999981e+00,-1.639289999999999914e+00,5.886400000000000521e-01,-9.783100000000000129e-01,-1.644320000000000004e+00,2.498199999999999865e-01,3.271999999999999909e-01,5.603299999999999947e-01,-1.050130000000000008e+00,-1.712660000000000071e+00,-1.335000000000000075e-02,8.885999999999999455e-02,-6.578000000000000513e-02,-7.889999999999999791e-02,-1.456999999999999962e-02,-2.330000000000000040e-03,-2.870000000000000155e-03,-2.929999999999999879e-03,-9.499999999999999981e-04,2.300000000000000070e-04,7.200000000000000453e-04,1.090000000000000040e-03,1.250000000000000026e-03,1.490000000000000005e-03,2.239999999999999804e-03,2.929999999999999879e-03,2.739999999999999814e-03,2.680000000000000090e-03,6.749999999999999924e-03,3.155999999999999778e-02,2.629000000000000087e-02,-6.664000000000000479e-02,-7.975000000000000144e-02,-1.464000000000000024e-02,-2.419999999999999842e-03,-2.919999999999999853e-03,-2.969999999999999984e-03,-9.600000000000000243e-04,2.300000000000000070e-04,7.200000000000000453e-04,1.090000000000000040e-03,1.240000000000000000e-03,1.469999999999999953e-03,2.180000000000000080e-03,2.870000000000000155e-03,2.749999999999999840e-03,2.840000000000000076e-03,6.949999999999999581e-03,3.196000000000000230e-02,2.663000000000000089e-02,-6.063600000000000101e-01,-6.608199999999999630e-01,-5.797999999999999682e-02,-3.520000000000000125e-03,2.200000000000000078e-04,0.000000000000000000e+00,-1.499999999999999869e-04,2.079999999999999818e-03,4.320000000000000055e-03,4.129999999999999991e-03,3.559999999999999797e-03,3.239999999999999825e-03,3.889999999999999795e-03,5.250000000000000326e-03,5.680000000000000153e-03,9.539999999999999869e-03,4.308000000000000024e-02,2.075799999999999867e-01,1.712200000000000111e-01,-6.271099999999999453e-01,-6.812899999999999512e-01,-5.790000000000000008e-02,-3.769999999999999914e-03,2.200000000000000078e-04,1.200000000000000030e-04,-1.399999999999999877e-04,2.079999999999999818e-03,4.449999999999999963e-03,4.279999999999999950e-03,3.700000000000000164e-03,3.429999999999999889e-03,4.139999999999999583e-03,5.230000000000000274e-03,5.649999999999999641e-03,9.830000000000000196e-03,4.377999999999999947e-02,2.100799999999999890e-01,1.731800000000000006e-01
Results_Name,VSPAERO_Comp_Load
Results_Timestamp,1757614506
Results_Date,9,11,2025
Results_Time,20,15,6
Comp_ID,0,1,2,3,4,5,6,7,8,9,10,11,12,13,14,15,16,17,18,19,20,21,22
Comp_Name,NONE,WingGeom_main,WingGeom_main,WingGeom_sec,WingGeom_sec,WingGeom_endplate,WingGeom_endplate,WingGeom_outwash,WingGeom_outwash,WingGeom_outwash2,WingGeom_outwash2,Musetto,Musetto,Musetto,Musetto,rightTyre,rightTyre,rightTyre,rightTyre,leftTyre,leftTyre,leftTyre,leftTyre
CL,0.000000000000000000e+00,-4.428199999999999914e-01,-4.357500000000000262e-01,-3.558799999999999741e-01,-3.620900000000000230e-01,-5.043000000000000260e-02,-7.363000000000000100e-02,-4.099999999999999912e-04,-4.200000000000000174e-04,-2.779999999999999919e-03,-2.899999999999999800e-03,0.000000000000000000e+00,0.000000000000000000e+00,0.000000000000000000e+00,0.000000000000000000e+00,0.000000000000000000e+00,0.000000000000000000e+00,0.000000000000000000e+00,0.000000000000000000e+00,0.000000000000000000e+00,0.000000000000000000e+00,0.000000000000000000e+00,0.000000000000000000e+00
Cmz,0.000000000000000000e+00,2.341999999999999985e-02,-2.427999999999999950e-02,-2.329000000000000167e-02,2.363000000000000170e-02,-1.349999999999999985e-02,2.412999999999999867e-02,4.299999999999999894e-04,-4.600000000000000139e-04,-1.798999999999999905e-02,1.837000000000000091e-02,3.119999999999999944e-03,-3.759999999999999887e-03,8.499999999999999526e-04,-3.600000000000000227e-04,-2.300000000000000070e-04,1.389999999999999960e-03,-7.799000000000000377e-02,-8.683000000000000440e-02,-6.669999999999999714e-03,1.000000000000000048e-04,-5.680999999999999939e-02,-1.060900000000000037e-01
CFx,0.000000000000000000e+00,-5.480999999999999761e-02,-5.666000000000000203e-02,9.632999999999999896e-02,9.723999999999999311e-02,2.745999999999999830e-02,2.680000000000000090e-02,1.869999999999999917e-03,1.840000000000000056e-03,3.660999999999999671e-02,3.737000000000000044e-02,0.000000000000000000e+00,0.000000000000000000e+00,0.000000000000000000e+00,0.000000000000000000e+00,0.000000000000000000e+00,0.000000000000000000e+00,0.000000000000000000e+00,0.000000000000000000e+00,0.000000000000000000e+00,0.000000000000000000e+00,0.000000000000000000e+00,0.000000000000000000e+00
AoA,0.000000000000000000e+00,0.000000000000000000e+00,0.000000000000000000e+00,0.000000000000000000e+00,0.000000000000000000e+00,0.000000000000000000e+00,0.000000000000000000e+00,0.000000000000000000e+00,0.000000000000000000e+00,0.000000000000000000e+00,0.000000000000000000e+00,0.000000000000000000e+00,0.000000000000000000e+00,0.000000000000000000e+00,0.000000000000000000e+00,0.000000000000000000e+00,0.000000000000000000e+00,0.000000000000000000e+00,0.000000000000000000e+00,0.000000000000000000e+00,0.000000000000000000e+00,0.000000000000000000e+00,0.000000000000000000e+00
Beta,0.000000000000000000e+00,0.000000000000000000e+00,0.000000000000000000e+00,0.000000000000000000e+00,0.000000000000000000e+00,0.000000000000000000e+00,0.000000000000000000e+00,0.000000000000000000e+00,0.000000000000000000e+00,0.000000000000000000e+00,0.000000000000000000e+00,0.000000000000000000e+00,0.000000000000000000e+00,0.000000000000000000e+00,0.000000000000000000e+00,0.000000000000000000e+00,0.000000000000000000e+00,0.000000000000000000e+00,0.000000000000000000e+00,0.000000000000000000e+00,0.000000000000000000e+00,0.000000000000000000e+00,0.000000000000000000e+00
Cmx,0.000000000000000000e+00,-1.004899999999999960e-01,9.787999999999999479e-02,-8.973000000000000420e-02,9.235999999999999766e-02,-2.044999999999999943e-02,4.080000000000000293e-02,-4.000000000000000083e-03,4.029999999999999728e-03,-7.649999999999999682e-03,7.820000000000000562e-03,-2.399999999999999790e-03,2.530000000000000131e-03,-8.000000000000000654e-05,-0.000000000000000000e+00,2.089999999999999844e-03,-1.389999999999999960e-03,-1.525999999999999926e-02,-7.230000000000000315e-03,-7.760000000000000404e-03,-6.420000000000000359e-03,-2.590999999999999900e-02,5.610000000000000403e-03
Mach,5.000000000000000278e-02,5.000000000000000278e-02,5.000000000000000278e-02,5.000000000000000278e-02,5.000000000000000278e-02,5.000000000000000278e-02,5.000000000000000278e-02,5.000000000000000278e-02,5.000000000000000278e-02,5.000000000000000278e-02,5.000000000000000278e-02,5.000000000000000278e-02,5.000000000000000278e-02,5.000000000000000278e-02,5.000000000000000278e-02,5.000000000000000278e-02,5.000000000000000278e-02,5.000000000000000278e-02,5.000000000000000278e-02,5.000000000000000278e-02,5.000000000000000278e-02,5.000000000000000278e-02,5.000000000000000278e-02
CDi,0.000000000000000000e+00,-5.480999999999999761e-02,-5.666000000000000203e-02,9.632999999999999896e-02,9.723999999999999311e-02,2.745999999999999830e-02,2.680000000000000090e-02,1.869999999999999917e-03,1.840000000000000056e-03,3.660999999999999671e-02,3.737000000000000044e-02,0.000000000000000000e+00,0.000000000000000000e+00,0.000000000000000000e+00,0.000000000000000000e+00,0.000000000000000000e+00,0.000000000000000000e+00,0.000000000000000000e+00,0.000000000000000000e+00,0.000000000000000000e+00,0.000000000000000000e+00,0.000000000000000000e+00,0.000000000000000000e+00
Cmy,0.000000000000000000e+00,1.438000000000000042e-02,1.464000000000000024e-02,1.714299999999999990e-01,1.753800000000000081e-01,-2.429999999999999868e-03,1.835000000000000173e-02,-8.499999999999999526e-04,-8.300000000000000086e-04,-1.582000000000000073e-02,-1.616000000000000075e-02,-2.457000000000000156e-02,-2.605999999999999983e-02,-1.369999999999999907e-03,4.699999999999999859e-04,-1.311999999999999972e-02,4.640000000000000027e-03,-3.106000000000000080e-02,3.493000000000000271e-02,-5.186999999999999944e-02,-2.818000000000000019e-02,-6.504999999999999671e-02,4.186000000000000137e-02
CFy,0.000000000000000000e+00,-7.519999999999999775e-03,7.289999999999999605e-03,1.469999999999999953e-03,-1.590000000000000050e-03,2.733000000000000013e-02,2.736999999999999850e-02,-3.667999999999999733e-02,3.699999999999999817e-02,-5.865000000000000074e-02,5.967000000000000082e-02,0.000000000000000000e+00,0.000000000000000000e+00,0.000000000000000000e+00,0.000000000000000000e+00,0.000000000000000000e+00,0.000000000000000000e+00,0.000000000000000000e+00,0.000000000000000000e+00,0.000000000000000000e+00,0.000000000000000000e+00,0.000000000000000000e+00,0.000000000000000000e+00
Cs,0.000000000000000000e+00,-7.519999999999999775e-03,7.289999999999999605e-03,1.469999999999999953e-03,-1.590000000000000050e-03,2.733000000000000013e-02,2.736999999999999850e-02,-3.667999999999999733e-02,3.699999999999999817e-02,-5.865000000000000074e-02,5.967000000000000082e-02,0.000000000000000000e+00,0.000000000000000000e+00,0.000000000000000000e+00,0.000000000000000000e+00,0.000000000000000000e+00,0.000000000000000000e+00,0.000000000000000000e+00,0.000000000000000000e+00,0.000000000000000000e+00,0.000000000000000000e+00,0.000000000000000000e+00,0.000000000000000000e+00
CFz,0.000000000000000000e+00,-4.428199999999999914e-01,-4.357500000000000262e-01,-3.558799999999999741e-01,-3.620900000000000230e-01,-5.043000000000000260e-02,-7.363000000000000100e-02,-4.099999999999999912e-04,-4.200000000000000174e-04,-2.779999999999999919e-03,-2.899999999999999800e-03,0.000000000000000000e+00,0.000000000000000000e+00,0.000000000000000000e+00,0.000000000000000000e+00,0.000000000000000000e+00,0.000000000000000000e+00,0.000000000000000000e+00,0.000000000000000000e+00,0.000000000000000000e+00,0.000000000000000000e+00,0.000000000000000000e+00,0.000000000000000000e+00
Results_Name,CpSlice_Wrapper
Results_Timestamp,1757614507
Results_Date,9,11,2025
Results_Time,20,15,7
CpSlice_Case_ID_Vec,QKCTPOL
Num_Cuts,1
Results_Name,CpSlicer_Case
Results_Timestamp,1757614507
Results_Date,9,11,2025
Results_Time,20,15,7
Beta,0.000000000000000000e+00
dCp,-5.079999999999999793e-02,-5.079999999999999793e-02,-1.053000000000000047e-01,-1.053000000000000047e-01,-1.398000000000000076e-01,-1.398000000000000076e-01,-1.029999999999999943e-01,-1.029999999999999943e-01,1.480000000000000066e-02,1.480000000000000066e-02,2.043000000000000094e-01,2.043000000000000094e-01,4.287000000000000255e-01,4.287000000000000255e-01,6.401000000000000023e-01,6.401000000000000023e-01,8.068999999999999506e-01,8.068999999999999506e-01,9.223000000000000087e-01,9.223000000000000087e-01,9.929999999999999938e-01,9.929999999999999938e-01,1.033099999999999907e+00,1.033099999999999907e+00,1.058999999999999941e+00,1.058999999999999941e+00,1.080999999999999961e+00,1.080999999999999961e+00,1.100300000000000056e+00,1.100300000000000056e+00,1.119699999999999918e+00,1.119699999999999918e+00,1.146200000000000108e+00,1.146200000000000108e+00,1.178099999999999925e+00,1.178099999999999925e+00,1.204399999999999915e+00,1.204399999999999915e+00,1.219999999999999973e+00,1.219999999999999973e+00,1.231999999999999984e+00,1.231999999999999984e+00,1.250399999999999956e+00,1.250399999999999956e+00,1.283600000000000074e+00,1.283600000000000074e+00,1.343599999999999905e+00,1.343599999999999905e+00,1.453799999999999981e+00,1.453799999999999981e+00,1.662400000000000100e+00,1.662400000000000100e+00,2.068900000000000183e+00,2.068900000000000183e+00,2.874499999999999833e+00,2.874499999999999833e+00,4.413899999999999935e+00,4.413899999999999935e+00,6.489399999999999835e+00,6.489399999999999835e+00,8.266199999999999548e+00,-5.059999999999999915e-02,-5.059999999999999915e-02,-1.048999999999999932e-01,-1.048999999999999932e-01,-1.391000000000000014e-01,-1.391000000000000014e-01,-1.019000000000000045e-01,-1.019000000000000045e-01,1.619999999999999912e-02,1.619999999999999912e-02,2.058999999999999997e-01,2.058999999999999997e-01,4.298000000000000154e-01,4.298000000000000154e-01,6.398000000000000353e-01,6.398000000000000353e-01,8.051000000000000378e-01,8.051000000000000378e-01,9.195999999999999730e-01,9.195999999999999730e-01,9.903999999999999471e-01,9.903999999999999471e-01,1.030899999999999928e+00,1.030899999999999928e+00,1.057299999999999907e+00,1.057299999999999907e+00,1.079599999999999893e+00,1.079599999999999893e+00,1.099099999999999966e+00,1.099099999999999966e+00,1.118500000000000050e+00,1.118500000000000050e+00,1.144900000000000029e+00,1.144900000000000029e+00,1.176700000000000079e+00,1.176700000000000079e+00,1.202700000000000102e+00,1.202700000000000102e+00,1.218099999999999961e+00,1.218099999999999961e+00,1.229800000000000004e+00,1.229800000000000004e+00,1.247900000000000009e+00,1.247900000000000009e+00,1.280899999999999928e+00,1.280899999999999928e+00,1.340500000000000025e+00,1.340500000000000025e+00,1.449999999999999956e+00,1.449999999999999956e+00,1.657599999999999962e+00,1.657599999999999962e+00,2.062300000000000022e+00,2.062300000000000022e+00,2.864500000000000046e+00,2.864500000000000046e+00,4.397899999999999920e+00,4.397899999999999920e+00,6.465799999999999770e+00,6.465799999999999770e+00,8.236200000000000188e+00,1.613999999999999879e-01,1.613999999999999879e-01,3.694000000000000061e-01,3.694000000000000061e-01,6.112999999999999545e-01,6.112999999999999545e-01,7.872000000000000108e-01,7.872000000000000108e-01,9.100000000000000311e-01,9.100000000000000311e-01,9.993999999999999551e-01,9.993999999999999551e-01,1.073299999999999921e+00,1.073299999999999921e+00,1.143199999999999994e+00,1.143199999999999994e+00,1.215300000000000047e+00,1.215300000000000047e+00,1.292599999999999971e+00,1.292599999999999971e+00,1.375399999999999956e+00,1.375399999999999956e+00,1.462199999999999944e+00,1.462199999999999944e+00,1.550400000000000000e+00,1.550400000000000000e+00,1.638400000000000079e+00,1.638400000000000079e+00,1.726399999999999935e+00,1.726399999999999935e+00,1.816599999999999993e+00,1.816599999999999993e+00,1.912800000000000056e+00,1.912800000000000056e+00,2.019899999999999807e+00,2.019899999999999807e+00,2.143899999999999917e+00,2.143899999999999917e+00,2.292899999999999938e+00,2.292899999999999938e+00,2.481100000000000083e+00,2.481100000000000083e+00,2.734599999999999920e+00,2.734599999999999920e+00,3.100299999999999834e+00,3.100299999999999834e+00,3.660299999999999887e+00,3.660299999999999887e+00,4.767999999999999794e+00,4.767999999999999794e+00,6.323299999999999699e+00,6.323299999999999699e+00,7.847299999999999720e+00,1.615000000000000047e-01,1.615000000000000047e-01,3.695999999999999841e-01,3.695999999999999841e-01,6.115000000000000435e-01,6.115000000000000435e-01,7.872999999999999998e-01,7.872999999999999998e-01,9.096999999999999531e-01,9.096999999999999531e-01,9.987000000000000322e-01,9.987000000000000322e-01,1.072200000000000042e+00,1.072200000000000042e+00,1.141999999999999904e+00,1.141999999999999904e+00,1.213999999999999968e+00,1.213999999999999968e+00,1.290699999999999958e+00,1.290699999999999958e+00,1.372900000000000009e+00,1.372900000000000009e+00,1.459200000000000053e+00,1.459200000000000053e+00,1.547700000000000076e+00,1.547700000000000076e+00,1.637199999999999989e+00,1.637199999999999989e+00,1.727300000000000058e+00,1.727300000000000058e+00,1.819499999999999895e+00,1.819499999999999895e+00,1.916800000000000059e+00,1.916800000000000059e+00,2.024199999999999999e+00,2.024199999999999999e+00,2.147899999999999920e+00,2.147899999999999920e+00,2.296600000000000197e+00,2.296600000000000197e+00,2.484300000000000175e+00,2.484300000000000175e+00,2.737099999999999866e+00,2.737099999999999866e+00,3.102199999999999847e+00,3.102199999999999847e+00,3.662399999999999878e+00,3.662399999999999878e+00,4.771099999999999675e+00,4.771099999999999675e+00,6.327799999999999869e+00,6.327799999999999869e+00,7.852899999999999991e+00,3.847999999999999754e-01,3.847999999999999754e-01,3.847999999999999754e-01,3.847999999999999754e-01,1.827199999999999935e+00,1.827199999999999935e+00,1.516999999999999904e+00,1.516999999999999904e+00,1.126400000000000068e+00,1.126400000000000068e+00,8.496000000000000218e-01,8.496000000000000218e-01,6.645999999999999686e-01,6.645999999999999686e-01,5.292999999999999927e-01,5.292999999999999927e-01,4.168000000000000038e-01,4.168000000000000038e-01,3.149000000000000132e-01,3.149000000000000132e-01,2.233999999999999875e-01,2.233999999999999875e-01,1.421000000000000041e-01,1.421000000000000041e-01,6.510000000000000508e-02,6.510000000000000508e-02,-1.080000000000000057e-02,-1.080000000000000057e-02,-8.319999999999999618e-02,-8.319999999999999618e-02,-1.501000000000000112e-01,-1.501000000000000112e-01,-2.131000000000000116e-01,-2.131000000000000116e-01,-2.723999999999999755e-01,-2.723999999999999755e-01,-3.244000000000000217e-01,-3.244000000000000217e-01,-3.623000000000000109e-01,-3.623000000000000109e-01,-3.778000000000000247e-01,-3.778000000000000247e-01,-3.658000000000000140e-01,-3.658000000000000140e-01,-3.345000000000000195e-01,-3.345000000000000195e-01,-2.898999999999999910e-01,-2.898999999999999910e-01,-2.416000000000000092e-01,-2.416000000000000092e-01,-1.955000000000000071e-01,-1.955000000000000071e-01,-1.554000000000000103e-01,-1.554000000000000103e-01,-1.223999999999999949e-01,-1.223999999999999949e-01,-9.489999999999999825e-02,-9.489999999999999825e-02,-7.159999999999999698e-02,-7.159999999999999698e-02,-5.220000000000000334e-02,-5.220000000000000334e-02,-3.579999999999999849e-02,-3.579999999999999849e-02,-1.930000000000000118e-02,-1.930000000000000118e-02,-3.000000000000000062e-03,-3.000000000000000062e-03,7.000000000000000146e-03,7.000000000000000146e-03,3.200000000000000153e-03,3.200000000000000153e-03,-1.239999999999999956e-02,-1.239999999999999956e-02,-3.910000000000000281e-02,-3.910000000000000281e-02,-6.759999999999999343e-02,-6.759999999999999343e-02,-7.839999999999999747e-02,-7.839999999999999747e-02,-4.159999999999999809e-02,-4.159999999999999809e-02,6.690000000000000113e-02,6.690000000000000113e-02,1.978999999999999926e-01,1.978999999999999926e-01,3.140999999999999903e-01,3.140999999999999903e-01,3.582000000000000184e-01,4.091000000000000192e-01,4.091000000000000192e-01,4.091000000000000192e-01,4.091000000000000192e-01,1.822500000000000009e+00,1.822500000000000009e+00,1.512999999999999901e+00,1.512999999999999901e+00,1.123299999999999965e+00,1.123299999999999965e+00,8.469999999999999751e-01,8.469999999999999751e-01,6.623999999999999888e-01,6.623999999999999888e-01,5.272000000000000020e-01,5.272000000000000020e-01,4.148999999999999910e-01,4.148999999999999910e-01,3.130999999999999894e-01,3.130999999999999894e-01,2.217000000000000082e-01,2.217000000000000082e-01,1.406000000000000028e-01,1.406000000000000028e-01,6.389999999999999847e-02,6.389999999999999847e-02,-1.179999999999999973e-02,-1.179999999999999973e-02,-8.400000000000000522e-02,-8.400000000000000522e-02,-1.509999999999999953e-01,-1.509999999999999953e-01,-2.141000000000000125e-01,-2.141000000000000125e-01,-2.733999999999999764e-01,-2.733999999999999764e-01,-3.254000000000000226e-01,-3.254000000000000226e-01,-3.634999999999999898e-01,-3.634999999999999898e-01,-3.790999999999999925e-01,-3.790999999999999925e-01,-3.677000000000000268e-01,-3.677000000000000268e-01,-3.371999999999999997e-01,-3.371999999999999997e-01,-2.938999999999999946e-01,-2.938999999999999946e-01,-2.472000000000000031e-01,-2.472000000000000031e-01,-2.026999999999999913e-01,-2.026999999999999913e-01,-1.622999999999999998e-01,-1.622999999999999998e-01,-1.262999999999999956e-01,-1.262999999999999956e-01,-9.410000000000000309e-02,-9.410000000000000309e-02,-6.629999999999999782e-02,-6.629999999999999782e-02,-4.449999999999999789e-02,-4.449999999999999789e-02,-2.829999999999999877e-02,-2.829999999999999877e-02,-1.319999999999999993e-02,-1.319999999999999993e-02,1.600000000000000077e-03,1.600000000000000077e-03,9.599999999999999159e-03,9.599999999999999159e-03,2.599999999999999881e-03,2.599999999999999881e-03,-1.469999999999999953e-02,-1.469999999999999953e-02,-4.270000000000000184e-02,-4.270000000000000184e-02,-7.140000000000000513e-02,-7.140000000000000513e-02,-8.100000000000000255e-02,-8.100000000000000255e-02,-4.150000000000000216e-02,-4.150000000000000216e-02,7.090000000000000469e-02,7.090000000000000469e-02,2.049999999999999878e-01,2.049999999999999878e-01,3.249000000000000221e-01,3.249000000000000221e-01,3.751999999999999780e-01,4.599999999999999922e-03,4.599999999999999922e-03,5.400000000000000286e-03,3.899999999999999821e-03,3.799999999999999992e-03,3.799999999999999992e-03,3.899999999999999821e-03,3.899999999999999821e-03,3.799999999999999992e-03,1.399999999999999986e-03,1.500000000000000031e-03,1.500000000000000031e-03,1.399999999999999986e-03,1.399999999999999986e-03,1.500000000000000031e-03,-2.000000000000000042e-03,-1.699999999999999905e-03,-1.699999999999999905e-03,5.400000000000000286e-03,6.000000000000000125e-03,3.599999999999999901e-03,3.599999999999999901e-03,3.799999999999999992e-03,3.599999999999999901e-03,1.299999999999999940e-03,1.299999999999999940e-03,1.500000000000000031e-03,1.299999999999999940e-03,-6.999999999999999929e-04,-6.999999999999999929e-04,6.599999999999999964e-03,6.599999999999999964e-03,3.599999999999999901e-03,3.500000000000000073e-03,3.500000000000000073e-03,3.500000000000000073e-03,1.299999999999999940e-03,1.199999999999999895e-03,1.199999999999999895e-03,1.199999999999999895e-03,-6.999999999999999929e-04,-1.100000000000000066e-03,7.000000000000000146e-03,7.000000000000000146e-03,3.500000000000000073e-03,3.500000000000000073e-03,3.500000000000000073e-03,3.500000000000000073e-03,1.199999999999999895e-03,1.100000000000000066e-03,1.100000000000000066e-03,1.100000000000000066e-03,-1.100000000000000066e-03,-1.699999999999999905e-03,3.500000000000000073e-03,3.500000000000000073e-03,3.700000000000000164e-03,8.999999999999999754e-04,1.000000000000000021e-03,1.000000000000000021e-03,6.999999999999999929e-04,8.999999999999999754e-04,1.000000000000000021e-03,5.999999999999999474e-04,6.999999999999999929e-04,4.000000000000000192e-04,5.999999999999999474e-04,4.000000000000000192e-04,4.000000000000000192e-04,5.999999999999999474e-04,4.000000000000000192e-04,8.000000000000000383e-04,5.999999999999999474e-04,1.199999999999999895e-03,8.000000000000000383e-04,1.600000000000000077e-03,1.199999999999999895e-03,1.799999999999999951e-03,1.600000000000000077e-03,1.799999999999999951e-03,1.799999999999999951e-03,1.699999999999999905e-03,1.799999999999999951e-03,1.299999999999999940e-03,1.699999999999999905e-03,6.999999999999999929e-04,1.299999999999999940e-03,-4.000000000000000192e-04,-1.100000000000000066e-03,-2.999999999999999737e-04,-4.000000000000000192e-04,-1.699999999999999905e-03,-1.100000000000000066e-03,-1.500000000000000031e-03,-1.699999999999999905e-03,-2.999999999999999737e-04,-1.500000000000000031e-03,1.500000000000000031e-03,3.700000000000000164e-03,3.700000000000000164e-03,1.100000000000000066e-03,1.100000000000000066e-03,1.000000000000000021e-03,1.100000000000000066e-03,-2.000000000000000096e-04,-2.000000000000000096e-04,-4.000000000000000192e-04,-2.000000000000000096e-04,1.100000000000000066e-03,1.100000000000000066e-03,3.599999999999999901e-03,3.599999999999999901e-03,1.100000000000000066e-03,1.000000000000000021e-03,1.000000000000000021e-03,1.000000000000000021e-03,-2.000000000000000096e-04,-4.000000000000000192e-04,-4.000000000000000192e-04,-4.000000000000000192e-04,1.100000000000000066e-03,1.500000000000000031e-03,3.500000000000000073e-03,3.500000000000000073e-03,1.000000000000000021e-03,1.000000000000000021e-03,1.000000000000000021e-03,1.000000000000000021e-03,-4.000000000000000192e-04,-5.999999999999999474e-04,-5.999999999999999474e-04,-5.999999999999999474e-04,1.500000000000000031e-03,2.099999999999999870e-03
Alpha,0.000000000000000000e+00
Mach,5.000000000000000278e-02
Case,1
X_Loc,4.797000000000000153e-01,4.797000000000000153e-01,4.767000000000000126e-01,4.767000000000000126e-01,4.731000000000000205e-01,4.731000000000000205e-01,4.687999999999999945e-01,4.687999999999999945e-01,4.635000000000000231e-01,4.635000000000000231e-01,4.571999999999999953e-01,4.571999999999999953e-01,4.496999999999999886e-01,4.496999999999999886e-01,4.408000000000000251e-01,4.408000000000000251e-01,4.304999999999999938e-01,4.304999999999999938e-01,4.186000000000000276e-01,4.186000000000000276e-01,4.051000000000000156e-01,4.051000000000000156e-01,3.900000000000000133e-01,3.900000000000000133e-01,3.734999999999999987e-01,3.734999999999999987e-01,3.558000000000000052e-01,3.558000000000000052e-01,3.372999999999999887e-01,3.372999999999999887e-01,3.181999999999999829e-01,3.181999999999999829e-01,2.990999999999999770e-01,2.990999999999999770e-01,2.803999999999999826e-01,2.803999999999999826e-01,2.626000000000000001e-01,2.626000000000000001e-01,2.459000000000000075e-01,2.459000000000000075e-01,2.305999999999999994e-01,2.305999999999999994e-01,2.169000000000000095e-01,2.169000000000000095e-01,2.048999999999999988e-01,2.048999999999999988e-01,1.945000000000000062e-01,1.945000000000000062e-01,1.855999999999999872e-01,1.855999999999999872e-01,1.781999999999999973e-01,1.781999999999999973e-01,1.721000000000000030e-01,1.721000000000000030e-01,1.671999999999999875e-01,1.671999999999999875e-01,1.633999999999999897e-01,1.633999999999999897e-01,1.608999999999999875e-01,1.608999999999999875e-01,1.600999999999999923e-01,4.797000000000000153e-01,4.797000000000000153e-01,4.767000000000000126e-01,4.767000000000000126e-01,4.731000000000000205e-01,4.731000000000000205e-01,4.687999999999999945e-01,4.687999999999999945e-01,4.635000000000000231e-01,4.635000000000000231e-01,4.571999999999999953e-01,4.571999999999999953e-01,4.496999999999999886e-01,4.496999999999999886e-01,4.408000000000000251e-01,4.408000000000000251e-01,4.304999999999999938e-01,4.304999999999999938e-01,4.186000000000000276e-01,4.186000000000000276e-01,4.051000000000000156e-01,4.051000000000000156e-01,3.900000000000000133e-01,3.900000000000000133e-01,3.734999999999999987e-01,3.734999999999999987e-01,3.558000000000000052e-01,3.558000000000000052e-01,3.372999999999999887e-01,3.372999999999999887e-01,3.181999999999999829e-01,3.181999999999999829e-01,2.990999999999999770e-01,2.990999999999999770e-01,2.803999999999999826e-01,2.803999999999999826e-01,2.626000000000000001e-01,2.626000000000000001e-01,2.459000000000000075e-01,2.459000000000000075e-01,2.305999999999999994e-01,2.305999999999999994e-01,2.169000000000000095e-01,2.169000000000000095e-01,2.048999999999999988e-01,2.048999999999999988e-01,1.945000000000000062e-01,1.945000000000000062e-01,1.855999999999999872e-01,1.855999999999999872e-01,1.781999999999999973e-01,1.781999999999999973e-01,1.721000000000000030e-01,1.721000000000000030e-01,1.671999999999999875e-01,1.671999999999999875e-01,1.633999999999999897e-01,1.633999999999999897e-01,1.608999999999999875e-01,1.608999999999999875e-01,1.600999999999999923e-01,5.728999999999999648e-01,5.728999999999999648e-01,5.718999999999999639e-01,5.718999999999999639e-01,5.705999999999999961e-01,5.705999999999999961e-01,5.689999999999999503e-01,5.689999999999999503e-01,5.667999999999999705e-01,5.667999999999999705e-01,5.641000000000000458e-01,5.641000000000000458e-01,5.606999999999999762e-01,5.606999999999999762e-01,5.565999999999999837e-01,5.565999999999999837e-01,5.516999999999999682e-01,5.516999999999999682e-01,5.460000000000000409e-01,5.460000000000000409e-01,5.394999999999999796e-01,5.394999999999999796e-01,5.322000000000000064e-01,5.322000000000000064e-01,5.244999999999999662e-01,5.244999999999999662e-01,5.162999999999999812e-01,5.162999999999999812e-01,5.080999999999999961e-01,5.080999999999999961e-01,5.000000000000000000e-01,5.000000000000000000e-01,4.923000000000000154e-01,4.923000000000000154e-01,4.852000000000000202e-01,4.852000000000000202e-01,4.788999999999999924e-01,4.788999999999999924e-01,4.732999999999999985e-01,4.732999999999999985e-01,4.685000000000000275e-01,4.685000000000000275e-01,4.645000000000000240e-01,4.645000000000000240e-01,4.611999999999999988e-01,4.611999999999999988e-01,4.585000000000000187e-01,4.585000000000000187e-01,4.562999999999999834e-01,4.562999999999999834e-01,4.546000000000000041e-01,4.546000000000000041e-01,4.541000000000000036e-01,5.728999999999999648e-01,5.728999999999999648e-01,5.718999999999999639e-01,5.718999999999999639e-01,5.705999999999999961e-01,5.705999999999999961e-01,5.689999999999999503e-01,5.689999999999999503e-01,5.667999999999999705e-01,5.667999999999999705e-01,5.641000000000000458e-01,5.641000000000000458e-01,5.606999999999999762e-01,5.606999999999999762e-01,5.565999999999999837e-01,5.565999999999999837e-01,5.516999999999999682e-01,5.516999999999999682e-01,5.460000000000000409e-01,5.460000000000000409e-01,5.394999999999999796e-01,5.394999999999999796e-01,5.322000000000000064e-01,5.322000000000000064e-01,5.244999999999999662e-01,5.244999999999999662e-01,5.162999999999999812e-01,5.162999999999999812e-01,5.080999999999999961e-01,5.080999999999999961e-01,5.000000000000000000e-01,5.000000000000000000e-01,4.923000000000000154e-01,4.923000000000000154e-01,4.852000000000000202e-01,4.852000000000000202e-01,4.788999999999999924e-01,4.788999999999999924e-01,4.732999999999999985e-01,4.732999999999999985e-01,4.685000000000000275e-01,4.685000000000000275e-01,4.645000000000000240e-01,4.645000000000000240e-01,4.611999999999999988e-01,4.611999999999999988e-01,4.585000000000000187e-01,4.585000000000000187e-01,4.562999999999999834e-01,4.562999999999999834e-01,4.546000000000000041e-01,4.546000000000000041e-01,4.541000000000000036e-01,2.334600000000000009e+00,2.334600000000000009e+00,2.334600000000000009e+00,2.334600000000000009e+00,1.650000000000000078e-01,1.650000000000000078e-01,1.766000000000000070e-01,1.766000000000000070e-01,1.894000000000000128e-01,1.894000000000000128e-01,2.033999999999999975e-01,2.033999999999999975e-01,2.184999999999999998e-01,2.184999999999999998e-01,2.346000000000000030e-01,2.346000000000000030e-01,2.515000000000000013e-01,2.515000000000000013e-01,2.692999999999999838e-01,2.692999999999999838e-01,2.878000000000000003e-01,2.878000000000000003e-01,3.069999999999999951e-01,3.069999999999999951e-01,3.266000000000000014e-01,3.266000000000000014e-01,3.467000000000000082e-01,3.467000000000000082e-01,3.670999999999999819e-01,3.670999999999999819e-01,3.877999999999999781e-01,3.877999999999999781e-01,4.087000000000000077e-01,4.087000000000000077e-01,4.295999999999999819e-01,4.295999999999999819e-01,4.505000000000000115e-01,4.505000000000000115e-01,4.712999999999999967e-01,4.712999999999999967e-01,4.919000000000000039e-01,4.919000000000000039e-01,5.120999999999999996e-01,5.120999999999999996e-01,5.407999999999999474e-01,5.407999999999999474e-01,5.718999999999999639e-01,5.718999999999999639e-01,6.052999999999999492e-01,6.052999999999999492e-01,6.404999999999999583e-01,6.404999999999999583e-01,6.774000000000000021e-01,6.774000000000000021e-01,7.156000000000000139e-01,7.156000000000000139e-01,7.549000000000000155e-01,7.549000000000000155e-01,7.947999999999999510e-01,7.947999999999999510e-01,8.352000000000000535e-01,8.352000000000000535e-01,8.757000000000000339e-01,8.757000000000000339e-01,9.160000000000000364e-01,9.160000000000000364e-01,9.557999999999999829e-01,9.557999999999999829e-01,9.949000000000000066e-01,9.949000000000000066e-01,1.032899999999999929e+00,1.032899999999999929e+00,1.158500000000000085e+00,1.158500000000000085e+00,1.314300000000000024e+00,1.314300000000000024e+00,1.481899999999999995e+00,1.481899999999999995e+00,1.643100000000000005e+00,1.643100000000000005e+00,1.779800000000000049e+00,1.779800000000000049e+00,1.894300000000000095e+00,1.894300000000000095e+00,2.003499999999999837e+00,2.003499999999999837e+00,2.110899999999999999e+00,2.110899999999999999e+00,2.220200000000000173e+00,2.334600000000000009e+00,2.334600000000000009e+00,2.334600000000000009e+00,2.334600000000000009e+00,1.650000000000000078e-01,1.650000000000000078e-01,1.766000000000000070e-01,1.766000000000000070e-01,1.894000000000000128e-01,1.894000000000000128e-01,2.033999999999999975e-01,2.033999999999999975e-01,2.184999999999999998e-01,2.184999999999999998e-01,2.346000000000000030e-01,2.346000000000000030e-01,2.515000000000000013e-01,2.515000000000000013e-01,2.692999999999999838e-01,2.692999999999999838e-01,2.878000000000000003e-01,2.878000000000000003e-01,3.069999999999999951e-01,3.069999999999999951e-01,3.266000000000000014e-01,3.266000000000000014e-01,3.467000000000000082e-01,3.467000000000000082e-01,3.670999999999999819e-01,3.670999999999999819e-01,3.877999999999999781e-01,3.877999999999999781e-01,4.087000000000000077e-01,4.087000000000000077e-01,4.295999999999999819e-01,4.295999999999999819e-01,4.505000000000000115e-01,4.505000000000000115e-01,4.712999999999999967e-01,4.712999999999999967e-01,4.919000000000000039e-01,4.919000000000000039e-01,5.120999999999999996e-01,5.120999999999999996e-01,5.407999999999999474e-01,5.407999999999999474e-01,5.718999999999999639e-01,5.718999999999999639e-01,6.052999999999999492e-01,6.052999999999999492e-01,6.404999999999999583e-01,6.404999999999999583e-01,6.774000000000000021e-01,6.774000000000000021e-01,7.156000000000000139e-01,7.156000000000000139e-01,7.549000000000000155e-01,7.549000000000000155e-01,7.947999999999999510e-01,7.947999999999999510e-01,8.352000000000000535e-01,8.352000000000000535e-01,8.757000000000000339e-01,8.757000000000000339e-01,9.160000000000000364e-01,9.160000000000000364e-01,9.557999999999999829e-01,9.557999999999999829e-01,9.949000000000000066e-01,9.949000000000000066e-01,1.032899999999999929e+00,1.032899999999999929e+00,1.158500000000000085e+00,1.158500000000000085e+00,1.314300000000000024e+00,1.314300000000000024e+00,1.481899999999999995e+00,1.481899999999999995e+00,1.643100000000000005e+00,1.643100000000000005e+00,1.779800000000000049e+00,1.779800000000000049e+00,1.894300000000000095e+00,1.894300000000000095e+00,2.003499999999999837e+00,2.003499999999999837e+00,2.110899999999999999e+00,2.110899999999999999e+00,2.220200000000000173e+00,1.650000000000000078e-01,1.650000000000000078e-01,1.650000000000000078e-01,5.433000000000000052e-01,5.409000000000000474e-01,5.409000000000000474e-01,5.433000000000000052e-01,5.433000000000000052e-01,5.409000000000000474e-01,1.045900000000000052e+00,1.044899999999999940e+00,1.044899999999999940e+00,1.045900000000000052e+00,1.045900000000000052e+00,1.044899999999999940e+00,1.779800000000000049e+00,1.779800000000000049e+00,1.779800000000000049e+00,1.650000000000000078e-01,1.650000000000000078e-01,5.342000000000000082e-01,5.342000000000000082e-01,5.409000000000000474e-01,5.342000000000000082e-01,1.042100000000000026e+00,1.042100000000000026e+00,1.044899999999999940e+00,1.042100000000000026e+00,1.779800000000000049e+00,1.779800000000000049e+00,1.650000000000000078e-01,1.650000000000000078e-01,5.342000000000000082e-01,5.242999999999999883e-01,5.242999999999999883e-01,5.242999999999999883e-01,1.042100000000000026e+00,1.037900000000000045e+00,1.037900000000000045e+00,1.037900000000000045e+00,1.779800000000000049e+00,1.779800000000000049e+00,1.650000000000000078e-01,1.650000000000000078e-01,5.242999999999999883e-01,5.120999999999999996e-01,5.120999999999999996e-01,5.120999999999999996e-01,1.037900000000000045e+00,1.032899999999999929e+00,1.032899999999999929e+00,1.032899999999999929e+00,1.779800000000000049e+00,1.779800000000000049e+00,1.650000000000000078e-01,1.650000000000000078e-01,1.650000000000000078e-01,4.809999999999999831e-01,4.833999999999999964e-01,4.833999999999999964e-01,5.098000000000000309e-01,4.809999999999999831e-01,4.833999999999999964e-01,5.416999999999999593e-01,5.098000000000000309e-01,5.762000000000000455e-01,5.416999999999999593e-01,6.129000000000000004e-01,5.762000000000000455e-01,6.514999999999999680e-01,6.129000000000000004e-01,6.915999999999999925e-01,6.514999999999999680e-01,7.327000000000000179e-01,6.915999999999999925e-01,7.745999999999999552e-01,7.327000000000000179e-01,8.167999999999999705e-01,7.745999999999999552e-01,8.589999999999999858e-01,8.167999999999999705e-01,9.008000000000000451e-01,8.589999999999999858e-01,9.416999999999999815e-01,9.008000000000000451e-01,9.815000000000000391e-01,9.416999999999999815e-01,1.020799999999999930e+00,1.146800000000000042e+00,1.019800000000000040e+00,1.020799999999999930e+00,1.305800000000000072e+00,1.146800000000000042e+00,1.477300000000000058e+00,1.305800000000000072e+00,1.641799999999999926e+00,1.477300000000000058e+00,1.779800000000000049e+00,1.650000000000000078e-01,1.650000000000000078e-01,4.900999999999999801e-01,4.900999999999999801e-01,4.833999999999999964e-01,4.900999999999999801e-01,1.023600000000000065e+00,1.023600000000000065e+00,1.020799999999999930e+00,1.023600000000000065e+00,1.779800000000000049e+00,1.779800000000000049e+00,1.650000000000000078e-01,1.650000000000000078e-01,4.900999999999999801e-01,5.000000000000000000e-01,5.000000000000000000e-01,5.000000000000000000e-01,1.023600000000000065e+00,1.027800000000000047e+00,1.027800000000000047e+00,1.027800000000000047e+00,1.779800000000000049e+00,1.779800000000000049e+00,1.650000000000000078e-01,1.650000000000000078e-01,5.000000000000000000e-01,5.120999999999999996e-01,5.120999999999999996e-01,5.120999999999999996e-01,1.027800000000000047e+00,1.032899999999999929e+00,1.032899999999999929e+00,1.032899999999999929e+00,1.779800000000000049e+00,1.779800000000000049e+00
Cut_Num,1
Y_Loc,0.000000000000000000e+00,0.000000000000000000e+00,0.000000000000000000e+00,0.000000000000000000e+00,0.000000000000000000e+00,0.000000000000000000e+00,0.000000000000000000e+00,0.000000000000000000e+00,0.000000000000000000e+00,0.000000000000000000e+00,0.000000000000000000e+00,0.000000000000000000e+00,0.000000000000000000e+00,0.000000000000000000e+00,0.000000000000000000e+00,0.000000000000000000e+00,0.000000000000000000e+00,0.000000000000000000e+00,0.000000000000000000e+00,0.000000000000000000e+00,0.000000000000000000e+00,0.000000000000000000e+00,0.000000000000000000e+00,0.000000000000000000e+00,0.000000000000000000e+00,0.000000000000000000e+00,0.000000000000000000e+00,0.000000000000000000e+00,0.000000000000000000e+00,0.000000000000000000e+00,0.000000000000000000e+00,0.000000000000000000e+00,0.000000000000000000e+00,0.000000000000000000e+00,0.000000000000000000e+00,0.000000000000000000e+00,0.000000000000000000e+00,0.000000000000000000e+00,0.000000000000000000e+00,0.000000000000000000e+00,0.000000000000000000e+00,0.000000000000000000e+00,0.000000000000000000e+00,0.000000000000000000e+00,0.000000000000000000e+00,0.000000000000000000e+00,0.000000000000000000e+00,0.000000000000000000e+00,0.000000000000000000e+00,0.000000000000000000e+00,0.000000000000000000e+00,0.000000000000000000e+00,0.000000000000000000e+00,0.000000000000000000e+00,0.000000000000000000e+00,0.000000000000000000e+00,0.000000000000000000e+00,0.000000000000000000e+00,0.000000000000000000e+00,0.000000000000000000e+00,0.000000000000000000e+00,0.000000000000000000e+00,0.000000000000000000e+00,0.000000000000000000e+00,0.000000000000000000e+00,0.000000000000000000e+00,0.000000000000000000e+00,0.000000000000000000e+00,0.000000000000000000e+00,0.000000000000000000e+00,0.000000000000000000e+00,0.000000000000000000e+00,0.000000000000000000e+00,0.000000000000000000e+00,0.000000000000000000e+00,0.000000000000000000e+00,0.000000000000000000e+00,0.000000000000000000e+00,0.000000000000000000e+00,0.000000000000000000e+00,0.000000000000000000e+00,0.000000000000000000e+00,0.000000000000000000e+00,0.000000000000000000e+00,0.000000000000000000e+00,0.000000000000000000e+00,0.000000000000000000e+00,0.000000000000000000e+00,0.000000000000000000e+00,0.000000000000000000e+00,0.000000000000000000e+00,0.000000000000000000e+00,0.000000000000000000e+00,0.000000000000000000e+00,0.000000000000000000e+00,0.000000000000000000e+00,0.000000000000000000e+00,0.000000000000000000e+00,0.000000000000000000e+00,0.000000000000000000e+00,0.000000000000000000e+00,0.000000000000000000e+00,0.000000000000000000e+00,0.000000000000000000e+00,0.000000000000000000e+00,0.000000000000000000e+00,0.000000000000000000e+00,0.000000000000000000e+00,0.000000000000000000e+00,0.000000000000000000e+00,0.000000000000000000e+00,0.000000000000000000e+00,0.000000000000000000e+00,0.000000000000000000e+00,0.000000000000000000e+00,0.000000000000000000e+00,0.000000000000000000e+00,0.000000000000000000e+00,0.000000000000000000e+00,0.000000000000000000e+00,0.000000000000000000e+00,0.000000000000000000e+00,0.000000000000000000e+00,0.000000000000000000e+00,0.000000000000000000e+00,0.000000000000000000e+00,0.000000000000000000e+00,0.000000000000000000e+00,0.000000000000000000e+00,0.000000000000000000e+00,0.000000000000000000e+00,0.000000000000000000e+00,0.000000000000000000e+00,0.000000000000000000e+00,0.000000000000000000e+00,0.000000000000000000e+00,0.000000000000000000e+00,0.000000000000000000e+00,0.000000000000000000e+00,0.000000000000000000e+00,0.000000000000000000e+00,0.000000000000000000e+00,0.000000000000000000e+00,0.000000000000000000e+00,0.000000000000000000e+00,0.000000000000000000e+00,0.000000000000000000e+00,0.000000000000000000e+00,0.000000000000000000e+00,0.000000000000000000e+00,0.000000000000000000e+00,0.000000000000000000e+00,0.000000000000000000e+00,0.000000000000000000e+00,0.000000000000000000e+00,0.000000000000000000e+00,0.000000000000000000e+00,0.000000000000000000e+00,0.000000000000000000e+00,0.000000000000000000e+00,0.000000000000000000e+00,0.000000000000000000e+00,0.000000000000000000e+00,0.000000000000000000e+00,0.000000000000000000e+00,0.000000000000000000e+00,0.000000000000000000e+00,0.000000000000000000e+00,0.000000000000000000e+00,0.000000000000000000e+00,0.000000000000000000e+00,0.000000000000000000e+00,0.000000000000000000e+00,0.000000000000000000e+00,0.000000000000000000e+00,0.000000000000000000e+00,0.000000000000000000e+00,0.000000000000000000e+00,0.000000000000000000e+00,0.000000000000000000e+00,0.000000000000000000e+00,0.000000000000000000e+00,0.000000000000000000e+00,0.000000000000000000e+00,0.000000000000000000e+00,0.000000000000000000e+00,0.000000000000000000e+00,0.000000000000000000e+00,0.000000000000000000e+00,0.000000000000000000e+00,0.000000000000000000e+00,0.000000000000000000e+00,0.000000000000000000e+00,0.000000000000000000e+00,0.000000000000000000e+00,0.000000000000000000e+00,0.000000000000000000e+00,0.000000000000000000e+00,0.000000000000000000e+00,0.000000000000000000e+00,0.000000000000000000e+00,0.000000000000000000e+00,0.000000000000000000e+00,0.000000000000000000e+00,0.000000000000000000e+00,0.000000000000000000e+00,0.000000000000000000e+00,0.000000000000000000e+00,0.000000000000000000e+00,0.000000000000000000e+00,0.000000000000000000e+00,0.000000000000000000e+00,0.000000000000000000e+00,0.000000000000000000e+00,0.000000000000000000e+00,0.000000000000000000e+00,0.000000000000000000e+00,0.000000000000000000e+00,0.000000000000000000e+00,0.000000000000000000e+00,0.000000000000000000e+00,0.000000000000000000e+00,0.000000000000000000e+00,0.000000000000000000e+00,0.000000000000000000e+00,0.000000000000000000e+00,0.000000000000000000e+00,0.000000000000000000e+00,0.000000000000000000e+00,0.000000000000000000e+00,0.000000000000000000e+00,0.000000000000000000e+00,0.000000000000000000e+00,0.000000000000000000e+00,0.000000000000000000e+00,0.000000000000000000e+00,0.000000000000000000e+00,0.000000000000000000e+00,0.000000000000000000e+00,0.000000000000000000e+00,0.000000000000000000e+00,0.000000000000000000e+00,0.000000000000000000e+00,0.000000000000000000e+00,0.000000000000000000e+00,0.000000000000000000e+00,0.000000000000000000e+00,0.000000000000000000e+00,0.000000000000000000e+00,0.000000000000000000e+00,0.000000000000000000e+00,0.000000000000000000e+00,0.000000000000000000e+00,0.000000000000000000e+00,0.000000000000000000e+00,0.000000000000000000e+00,0.000000000000000000e+00,0.000000000000000000e+00,0.000000000000000000e+00,0.000000000000000000e+00,0.000000000000000000e+00,0.000000000000000000e+00,0.000000000000000000e+00,0.000000000000000000e+00,0.000000000000000000e+00,0.000000000000000000e+00,0.000000000000000000e+00,0.000000000000000000e+00,0.000000000000000000e+00,0.000000000000000000e+00,0.000000000000000000e+00,0.000000000000000000e+00,0.000000000000000000e+00,0.000000000000000000e+00,0.000000000000000000e+00,0.000000000000000000e+00,0.000000000000000000e+00,0.000000000000000000e+00,0.000000000000000000e+00,0.000000000000000000e+00,0.000000000000000000e+00,0.000000000000000000e+00,0.000000000000000000e+00,0.000000000000000000e+00,0.000000000000000000e+00,0.000000000000000000e+00,0.000000000000000000e+00,0.000000000000000000e+00,0.000000000000000000e+00,0.000000000000000000e+00,0.000000000000000000e+00,0.000000000000000000e+00,0.000000000000000000e+00,0.000000000000000000e+00,0.000000000000000000e+00,0.000000000000000000e+00,0.000000000000000000e+00,0.000000000000000000e+00,0.000000000000000000e+00,0.000000000000000000e+00,0.000000000000000000e+00,0.000000000000000000e+00,0.000000000000000000e+00,0.000000000000000000e+00,0.000000000000000000e+00,0.000000000000000000e+00,0.000000000000000000e+00,0.000000000000000000e+00,0.000000000000000000e+00,0.000000000000000000e+00,0.000000000000000000e+00,0.000000000000000000e+00,0.000000000000000000e+00,0.000000000000000000e+00,0.000000000000000000e+00,0.000000000000000000e+00,0.000000000000000000e+00,0.000000000000000000e+00,0.000000000000000000e+00,0.000000000000000000e+00,0.000000000000000000e+00,0.000000000000000000e+00,0.000000000000000000e+00,0.000000000000000000e+00,0.000000000000000000e+00,0.000000000000000000e+00,0.000000000000000000e+00,0.000000000000000000e+00,0.000000000000000000e+00,0.000000000000000000e+00,0.000000000000000000e+00,0.000000000000000000e+00,0.000000000000000000e+00,0.000000000000000000e+00,0.000000000000000000e+00,0.000000000000000000e+00,0.000000000000000000e+00,0.000000000000000000e+00,0.000000000000000000e+00,0.000000000000000000e+00,0.000000000000000000e+00,0.000000000000000000e+00,0.000000000000000000e+00,0.000000000000000000e+00,0.000000000000000000e+00,0.000000000000000000e+00,0.000000000000000000e+00,0.000000000000000000e+00,0.000000000000000000e+00,0.000000000000000000e+00,0.000000000000000000e+00,0.000000000000000000e+00,0.000000000000000000e+00,0.000000000000000000e+00,0.000000000000000000e+00,0.000000000000000000e+00,0.000000000000000000e+00,0.000000000000000000e+00,0.000000000000000000e+00,0.000000000000000000e+00,0.000000000000000000e+00,0.000000000000000000e+00,0.000000000000000000e+00,0.000000000000000000e+00,0.000000000000000000e+00,0.000000000000000000e+00,0.000000000000000000e+00,0.000000000000000000e+00,0.000000000000000000e+00,0.000000000000000000e+00,0.000000000000000000e+00,0.000000000000000000e+00,0.000000000000000000e+00,0.000000000000000000e+00,0.000000000000000000e+00,0.000000000000000000e+00,0.000000000000000000e+00,0.000000000000000000e+00,0.000000000000000000e+00,0.000000000000000000e+00,0.000000000000000000e+00,0.000000000000000000e+00,0.000000000000000000e+00,0.000000000000000000e+00,0.000000000000000000e+00,0.000000000000000000e+00,0.000000000000000000e+00,0.000000000000000000e+00,0.000000000000000000e+00,0.000000000000000000e+00,0.000000000000000000e+00,0.000000000000000000e+00,0.000000000000000000e+00,0.000000000000000000e+00,0.000000000000000000e+00,0.000000000000000000e+00,0.000000000000000000e+00,0.000000000000000000e+00,0.000000000000000000e+00,0.000000000000000000e+00,0.000000000000000000e+00,0.000000000000000000e+00,0.000000000000000000e+00,0.000000000000000000e+00,0.000000000000000000e+00,0.000000000000000000e+00,0.000000000000000000e+00,0.000000000000000000e+00,0.000000000000000000e+00,0.000000000000000000e+00,0.000000000000000000e+00,0.000000000000000000e+00,0.000000000000000000e+00,0.000000000000000000e+00,0.000000000000000000e+00,0.000000000000000000e+00,0.000000000000000000e+00,0.000000000000000000e+00,0.000000000000000000e+00,0.000000000000000000e+00,0.000000000000000000e+00,0.000000000000000000e+00,0.000000000000000000e+00,0.000000000000000000e+00,0.000000000000000000e+00,0.000000000000000000e+00,0.000000000000000000e+00,0.000000000000000000e+00,0.000000000000000000e+00,0.000000000000000000e+00,0.000000000000000000e+00,0.000000000000000000e+00,0.000000000000000000e+00,0.000000000000000000e+00,0.000000000000000000e+00,0.000000000000000000e+00,0.000000000000000000e+00,0.000000000000000000e+00,0.000000000000000000e+00,0.000000000000000000e+00,0.000000000000000000e+00,0.000000000000000000e+00,0.000000000000000000e+00,0.000000000000000000e+00,0.000000000000000000e+00,0.000000000000000000e+00,0.000000000000000000e+00,0.000000000000000000e+00,0.000000000000000000e+00,0.000000000000000000e+00,0.000000000000000000e+00,0.000000000000000000e+00,0.000000000000000000e+00,0.000000000000000000e+00,0.000000000000000000e+00,0.000000000000000000e+00,0.000000000000000000e+00,0.000000000000000000e+00,0.000000000000000000e+00,0.000000000000000000e+00,0.000000000000000000e+00,0.000000000000000000e+00,0.000000000000000000e+00,0.000000000000000000e+00,0.000000000000000000e+00,0.000000000000000000e+00,0.000000000000000000e+00,0.000000000000000000e+00,0.000000000000000000e+00,0.000000000000000000e+00,0.000000000000000000e+00,0.000000000000000000e+00,0.000000000000000000e+00,0.000000000000000000e+00,0.000000000000000000e+00,0.000000000000000000e+00,0.000000000000000000e+00,0.000000000000000000e+00,0.000000000000000000e+00,0.000000000000000000e+00,0.000000000000000000e+00,0.000000000000000000e+00,0.000000000000000000e+00,0.000000000000000000e+00,0.000000000000000000e+00,0.000000000000000000e+00,0.000000000000000000e+00,0.000000000000000000e+00,0.000000000000000000e+00,0.000000000000000000e+00,0.000000000000000000e+00,0.000000000000000000e+00,0.000000000000000000e+00,0.000000000000000000e+00,0.000000000000000000e+00,0.000000000000000000e+00,0.000000000000000000e+00,0.000000000000000000e+00,0.000000000000000000e+00,0.000000000000000000e+00,0.000000000000000000e+00,0.000000000000000000e+00,0.000000000000000000e+00,0.000000000000000000e+00,0.000000000000000000e+00,0.000000000000000000e+00,0.000000000000000000e+00,0.000000000000000000e+00,0.000000000000000000e+00,0.000000000000000000e+00,0.000000000000000000e+00,0.000000000000000000e+00,0.000000000000000000e+00,0.000000000000000000e+00,0.000000000000000000e+00,0.000000000000000000e+00,0.000000000000000000e+00,0.000000000000000000e+00,0.000000000000000000e+00,0.000000000000000000e+00,0.000000000000000000e+00,0.000000000000000000e+00,0.000000000000000000e+00,0.000000000000000000e+00,0.000000000000000000e+00,0.000000000000000000e+00,0.000000000000000000e+00,0.000000000000000000e+00,0.000000000000000000e+00,0.000000000000000000e+00,0.000000000000000000e+00,0.000000000000000000e+00,0.000000000000000000e+00,0.000000000000000000e+00,0.000000000000000000e+00,0.000000000000000000e+00,0.000000000000000000e+00,0.000000000000000000e+00,0.000000000000000000e+00,0.000000000000000000e+00
Cut_Loc,0.000000000000000000e+00
Z_Loc,8.759999999999999731e-02,8.759999999999999731e-02,8.699999999999999400e-02,8.699999999999999400e-02,8.630000000000000171e-02,8.630000000000000171e-02,8.550000000000000655e-02,8.550000000000000655e-02,8.459999999999999465e-02,8.459999999999999465e-02,8.350000000000000477e-02,8.350000000000000477e-02,8.219999999999999529e-02,8.219999999999999529e-02,8.079999999999999682e-02,8.079999999999999682e-02,7.920000000000000651e-02,7.920000000000000651e-02,7.739999999999999658e-02,7.739999999999999658e-02,7.549999999999999767e-02,7.549999999999999767e-02,7.359999999999999876e-02,7.359999999999999876e-02,7.159999999999999698e-02,7.159999999999999698e-02,6.969999999999999807e-02,6.969999999999999807e-02,6.800000000000000488e-02,6.800000000000000488e-02,6.650000000000000355e-02,6.650000000000000355e-02,6.529999999999999694e-02,6.529999999999999694e-02,6.429999999999999605e-02,6.429999999999999605e-02,6.389999999999999847e-02,6.389999999999999847e-02,6.389999999999999847e-02,6.389999999999999847e-02,6.429999999999999605e-02,6.429999999999999605e-02,6.500000000000000222e-02,6.500000000000000222e-02,6.579999999999999738e-02,6.579999999999999738e-02,6.669999999999999540e-02,6.669999999999999540e-02,6.759999999999999343e-02,6.759999999999999343e-02,6.840000000000000246e-02,6.840000000000000246e-02,6.909999999999999476e-02,6.909999999999999476e-02,6.980000000000000093e-02,6.980000000000000093e-02,7.030000000000000138e-02,7.030000000000000138e-02,7.069999999999999896e-02,7.069999999999999896e-02,7.080000000000000182e-02,8.759999999999999731e-02,8.759999999999999731e-02,8.699999999999999400e-02,8.699999999999999400e-02,8.630000000000000171e-02,8.630000000000000171e-02,8.550000000000000655e-02,8.550000000000000655e-02,8.459999999999999465e-02,8.459999999999999465e-02,8.350000000000000477e-02,8.350000000000000477e-02,8.219999999999999529e-02,8.219999999999999529e-02,8.079999999999999682e-02,8.079999999999999682e-02,7.920000000000000651e-02,7.920000000000000651e-02,7.739999999999999658e-02,7.739999999999999658e-02,7.549999999999999767e-02,7.549999999999999767e-02,7.359999999999999876e-02,7.359999999999999876e-02,7.159999999999999698e-02,7.159999999999999698e-02,6.969999999999999807e-02,6.969999999999999807e-02,6.800000000000000488e-02,6.800000000000000488e-02,6.650000000000000355e-02,6.650000000000000355e-02,6.529999999999999694e-02,6.529999999999999694e-02,6.429999999999999605e-02,6.429999999999999605e-02,6.389999999999999847e-02,6.389999999999999847e-02,6.389999999999999847e-02,6.389999999999999847e-02,6.429999999999999605e-02,6.429999999999999605e-02,6.500000000000000222e-02,6.500000000000000222e-02,6.579999999999999738e-02,6.579999999999999738e-02,6.669999999999999540e-02,6.669999999999999540e-02,6.759999999999999343e-02,6.759999999999999343e-02,6.840000000000000246e-02,6.840000000000000246e-02,6.909999999999999476e-02,6.909999999999999476e-02,6.980000000000000093e-02,6.980000000000000093e-02,7.030000000000000138e-02,7.030000000000000138e-02,7.069999999999999896e-02,7.069999999999999896e-02,7.080000000000000182e-02,1.542000000000000037e-01,1.542000000000000037e-01,1.532000000000000028e-01,1.532000000000000028e-01,1.519999999999999962e-01,1.519999999999999962e-01,1.504999999999999949e-01,1.504999999999999949e-01,1.487999999999999878e-01,1.487999999999999878e-01,1.468000000000000138e-01,1.468000000000000138e-01,1.444999999999999896e-01,1.444999999999999896e-01,1.418999999999999984e-01,1.418999999999999984e-01,1.390000000000000124e-01,1.390000000000000124e-01,1.356999999999999873e-01,1.356999999999999873e-01,1.322000000000000119e-01,1.322000000000000119e-01,1.285000000000000031e-01,1.285000000000000031e-01,1.248999999999999971e-01,1.248999999999999971e-01,1.213000000000000050e-01,1.213000000000000050e-01,1.179999999999999938e-01,1.179999999999999938e-01,1.150999999999999940e-01,1.150999999999999940e-01,1.125000000000000028e-01,1.125000000000000028e-01,1.103999999999999981e-01,1.103999999999999981e-01,1.086000000000000021e-01,1.086000000000000021e-01,1.073000000000000065e-01,1.073000000000000065e-01,1.062000000000000027e-01,1.062000000000000027e-01,1.054999999999999966e-01,1.054999999999999966e-01,1.048999999999999932e-01,1.048999999999999932e-01,1.045999999999999985e-01,1.045999999999999985e-01,1.043000000000000038e-01,1.043000000000000038e-01,1.042000000000000010e-01,1.042000000000000010e-01,1.039000000000000062e-01,1.542000000000000037e-01,1.542000000000000037e-01,1.532000000000000028e-01,1.532000000000000028e-01,1.519999999999999962e-01,1.519999999999999962e-01,1.504999999999999949e-01,1.504999999999999949e-01,1.487999999999999878e-01,1.487999999999999878e-01,1.468000000000000138e-01,1.468000000000000138e-01,1.444999999999999896e-01,1.444999999999999896e-01,1.418999999999999984e-01,1.418999999999999984e-01,1.390000000000000124e-01,1.390000000000000124e-01,1.356999999999999873e-01,1.356999999999999873e-01,1.322000000000000119e-01,1.322000000000000119e-01,1.285000000000000031e-01,1.285000000000000031e-01,1.248999999999999971e-01,1.248999999999999971e-01,1.213000000000000050e-01,1.213000000000000050e-01,1.179999999999999938e-01,1.179999999999999938e-01,1.150999999999999940e-01,1.150999999999999940e-01,1.125000000000000028e-01,1.125000000000000028e-01,1.103999999999999981e-01,1.103999999999999981e-01,1.086000000000000021e-01,1.086000000000000021e-01,1.073000000000000065e-01,1.073000000000000065e-01,1.062000000000000027e-01,1.062000000000000027e-01,1.054999999999999966e-01,1.054999999999999966e-01,1.048999999999999932e-01,1.048999999999999932e-01,1.045999999999999985e-01,1.045999999999999985e-01,1.043000000000000038e-01,1.043000000000000038e-01,1.042000000000000010e-01,1.042000000000000010e-01,1.039000000000000062e-01,3.886000000000000010e-01,3.886000000000000010e-01,3.886000000000000010e-01,3.886000000000000010e-01,2.149999999999999967e-01,2.149999999999999967e-01,2.156000000000000139e-01,2.156000000000000139e-01,2.172000000000000042e-01,2.172000000000000042e-01,2.197999999999999954e-01,2.197999999999999954e-01,2.232000000000000095e-01,2.232000000000000095e-01,2.273999999999999910e-01,2.273999999999999910e-01,2.323000000000000065e-01,2.323000000000000065e-01,2.376999999999999946e-01,2.376999999999999946e-01,2.436000000000000110e-01,2.436000000000000110e-01,2.499000000000000110e-01,2.499000000000000110e-01,2.564000000000000168e-01,2.564000000000000168e-01,2.631999999999999895e-01,2.631999999999999895e-01,2.700000000000000178e-01,2.700000000000000178e-01,2.767000000000000015e-01,2.767000000000000015e-01,2.833999999999999853e-01,2.833999999999999853e-01,2.898999999999999910e-01,2.898999999999999910e-01,2.959999999999999853e-01,2.959999999999999853e-01,3.017000000000000237e-01,3.017000000000000237e-01,3.069000000000000061e-01,3.069000000000000061e-01,3.114999999999999991e-01,3.114999999999999991e-01,3.173000000000000265e-01,3.173000000000000265e-01,3.229000000000000203e-01,3.229000000000000203e-01,3.284000000000000252e-01,3.284000000000000252e-01,3.337999999999999856e-01,3.337999999999999856e-01,3.391000000000000125e-01,3.391000000000000125e-01,3.441000000000000170e-01,3.441000000000000170e-01,3.491000000000000214e-01,3.491000000000000214e-01,3.538000000000000034e-01,3.538000000000000034e-01,3.583000000000000074e-01,3.583000000000000074e-01,3.627000000000000224e-01,3.627000000000000224e-01,3.668000000000000149e-01,3.668000000000000149e-01,3.706999999999999740e-01,3.706999999999999740e-01,3.743000000000000216e-01,3.743000000000000216e-01,3.776999999999999802e-01,3.776999999999999802e-01,3.891999999999999904e-01,3.891999999999999904e-01,4.033999999999999808e-01,4.033999999999999808e-01,4.173000000000000043e-01,4.173000000000000043e-01,4.278000000000000136e-01,4.278000000000000136e-01,4.319999999999999951e-01,4.319999999999999951e-01,4.274999999999999911e-01,4.274999999999999911e-01,4.167000000000000148e-01,4.167000000000000148e-01,4.037999999999999923e-01,4.037999999999999923e-01,3.931000000000000050e-01,3.886000000000000010e-01,3.886000000000000010e-01,3.886000000000000010e-01,3.886000000000000010e-01,2.149999999999999967e-01,2.149999999999999967e-01,2.156000000000000139e-01,2.156000000000000139e-01,2.172000000000000042e-01,2.172000000000000042e-01,2.197999999999999954e-01,2.197999999999999954e-01,2.232000000000000095e-01,2.232000000000000095e-01,2.273999999999999910e-01,2.273999999999999910e-01,2.323000000000000065e-01,2.323000000000000065e-01,2.376999999999999946e-01,2.376999999999999946e-01,2.436000000000000110e-01,2.436000000000000110e-01,2.499000000000000110e-01,2.499000000000000110e-01,2.564000000000000168e-01,2.564000000000000168e-01,2.631999999999999895e-01,2.631999999999999895e-01,2.700000000000000178e-01,2.700000000000000178e-01,2.767000000000000015e-01,2.767000000000000015e-01,2.833999999999999853e-01,2.833999999999999853e-01,2.898999999999999910e-01,2.898999999999999910e-01,2.959999999999999853e-01,2.959999999999999853e-01,3.017000000000000237e-01,3.017000000000000237e-01,3.069000000000000061e-01,3.069000000000000061e-01,3.114999999999999991e-01,3.114999999999999991e-01,3.173000000000000265e-01,3.173000000000000265e-01,3.229000000000000203e-01,3.229000000000000203e-01,3.284000000000000252e-01,3.284000000000000252e-01,3.337999999999999856e-01,3.337999999999999856e-01,3.391000000000000125e-01,3.391000000000000125e-01,3.441000000000000170e-01,3.441000000000000170e-01,3.491000000000000214e-01,3.491000000000000214e-01,3.538000000000000034e-01,3.538000000000000034e-01,3.583000000000000074e-01,3.583000000000000074e-01,3.627000000000000224e-01,3.627000000000000224e-01,3.668000000000000149e-01,3.668000000000000149e-01,3.706999999999999740e-01,3.706999999999999740e-01,3.743000000000000216e-01,3.743000000000000216e-01,3.776999999999999802e-01,3.776999999999999802e-01,3.891999999999999904e-01,3.891999999999999904e-01,4.033999999999999808e-01,4.033999999999999808e-01,4.173000000000000043e-01,4.173000000000000043e-01,4.278000000000000136e-01,4.278000000000000136e-01,4.319999999999999951e-01,4.319999999999999951e-01,4.274999999999999911e-01,4.274999999999999911e-01,4.167000000000000148e-01,4.167000000000000148e-01,4.037999999999999923e-01,4.037999999999999923e-01,3.931000000000000050e-01,1.650000000000000078e-01,1.650000000000000078e-01,1.688999999999999946e-01,1.648000000000000020e-01,1.764000000000000012e-01,1.764000000000000012e-01,1.648000000000000020e-01,1.648000000000000020e-01,1.764000000000000012e-01,2.283000000000000029e-01,2.399999999999999911e-01,2.399999999999999911e-01,2.283000000000000029e-01,2.283000000000000029e-01,2.399999999999999911e-01,2.819999999999999729e-01,2.938000000000000056e-01,2.938000000000000056e-01,1.688999999999999946e-01,1.796999999999999986e-01,2.078000000000000125e-01,2.078000000000000125e-01,1.764000000000000012e-01,2.078000000000000125e-01,2.721000000000000085e-01,2.721000000000000085e-01,2.399999999999999911e-01,2.721000000000000085e-01,3.259000000000000230e-01,3.259000000000000230e-01,1.955000000000000071e-01,1.955000000000000071e-01,2.078000000000000125e-01,2.545000000000000040e-01,2.545000000000000040e-01,2.545000000000000040e-01,2.721000000000000085e-01,3.195999999999999952e-01,3.195999999999999952e-01,3.195999999999999952e-01,3.259000000000000230e-01,3.735999999999999877e-01,2.149999999999999967e-01,2.149999999999999967e-01,2.545000000000000040e-01,3.114999999999999991e-01,3.114999999999999991e-01,3.114999999999999991e-01,3.195999999999999952e-01,3.776999999999999802e-01,3.776999999999999802e-01,3.776999999999999802e-01,3.735999999999999877e-01,4.319999999999999951e-01,2.650000000000000133e-01,2.650000000000000133e-01,2.610999999999999988e-01,4.582999999999999852e-01,4.466999999999999860e-01,4.466999999999999860e-01,4.641000000000000125e-01,4.582999999999999852e-01,4.466999999999999860e-01,4.697999999999999954e-01,4.641000000000000125e-01,4.754999999999999782e-01,4.697999999999999954e-01,4.811000000000000276e-01,4.754999999999999782e-01,4.865999999999999770e-01,4.811000000000000276e-01,4.919000000000000039e-01,4.865999999999999770e-01,4.970999999999999863e-01,4.919000000000000039e-01,5.021999999999999797e-01,4.970999999999999863e-01,5.070000000000000062e-01,5.021999999999999797e-01,5.116000000000000547e-01,5.070000000000000062e-01,5.159000000000000252e-01,5.116000000000000547e-01,5.200000000000000178e-01,5.159000000000000252e-01,5.237000000000000544e-01,5.200000000000000178e-01,5.153999999999999693e-01,5.386999999999999567e-01,5.272000000000000020e-01,5.153999999999999693e-01,5.530000000000000471e-01,5.386999999999999567e-01,5.671000000000000485e-01,5.530000000000000471e-01,5.776999999999999913e-01,5.671000000000000485e-01,5.702000000000000401e-01,2.610999999999999988e-01,2.503000000000000225e-01,4.153000000000000025e-01,4.153000000000000025e-01,4.466999999999999860e-01,4.153000000000000025e-01,4.833999999999999964e-01,4.833999999999999964e-01,5.153999999999999693e-01,4.833999999999999964e-01,5.380000000000000338e-01,5.380000000000000338e-01,2.344999999999999862e-01,2.344999999999999862e-01,4.153000000000000025e-01,3.685999999999999832e-01,3.685999999999999832e-01,3.685999999999999832e-01,4.833999999999999964e-01,4.359000000000000097e-01,4.359000000000000097e-01,4.359000000000000097e-01,5.380000000000000338e-01,4.903000000000000136e-01,2.149999999999999967e-01,2.149999999999999967e-01,3.685999999999999832e-01,3.114999999999999991e-01,3.114999999999999991e-01,3.114999999999999991e-01,4.359000000000000097e-01,3.776999999999999802e-01,3.776999999999999802e-01,3.776999999999999802e-01,4.903000000000000136e-01,4.319999999999999951e-01
Cut_Type,1
