Results_Name,VSPAERO_History
Results_Timestamp,1757693364
Results_Date,9,12,2025
Results_Time,18,9,24
CMxo,-6.120370110000000188e-04,-1.487668240000000058e-04,-1.307704299999999961e-05,9.797816999999999437e-06,1.736815554000000015e-03,-5.998384520000000358e-04,-3.256903770000000187e-04,-7.109947229999999873e-04,-1.290748200000000044e-05,1.263553299999999983e-05,-2.717902900000000117e-05,-1.954354280000000126e-04,-9.636810199999999520e-05,3.844631999999999954e-05,1.290690199999999950e-04,1.486353070000000090e-04,1.245517969999999940e-04,3.500194920000000102e-04,-5.992397119999999739e-04,1.877891239999999930e-04,1.798126370000000082e-04,2.143823490000000098e-04,-2.170188719999999866e-04,1.520014229999999873e-04,2.333197559999999947e-04,4.021839149999999977e-04,5.705956210000000337e-04,4.895330559999999968e-04,1.297901942299999924e-02,3.458401950000000160e-04
CMzi,-3.861758838830000040e-01,-3.815989910809999830e-01,-3.798210287539999785e-01,-3.653078933159999986e-01,-3.597274820299999898e-01,-4.410237680260000181e-01,-2.832897518029999784e-01,-7.193905965200000363e-01,-3.609808096259999877e-01,-3.943345130720000147e-01,-3.919031767180000125e-01,-4.342834854629999963e-01,-4.047160843409999820e-01,-3.816515533550000061e-01,-3.588811493849999867e-01,-3.409348954470000082e-01,-3.329213075629999796e-01,-3.372216109289999930e-01,-4.608972375100000018e-01,-4.293667756760000120e-01,-3.333310716819999908e-01,-3.453692493700000199e-01,-3.812975275339999803e-01,-3.197286089010000221e-01,-3.159327375659999881e-01,-2.959005788690000083e-01,-3.066603578350000081e-01,-3.279385098620000161e-01,-2.434165123200000141e-02,-3.843358198679999727e-01
CFy,-5.814292873400000311e-02,-2.602293869999999874e-03,1.209694562000000013e-03,-5.545766306000000229e-03,-5.451692034000000034e-03,1.764629755000000078e-01,-1.629826737539999959e-01,-1.619476774929999863e-01,3.755756550699999863e-02,-1.421809556200000040e-02,1.562355622700000064e-02,-6.947139814500000177e-02,-7.107523837800000521e-02,-7.541277511800000000e-02,-8.338144276999999785e-03,1.466488412599999992e-02,5.438196536099999812e-02,1.898705261900000135e-02,2.072304345000000048e-01,-8.641694036899999487e-02,2.629426606800000163e-02,-9.565068843999999584e-03,-4.564811751399999729e-02,-4.142186175399999865e-02,1.357923354200000002e-02,4.914637352600000064e-02,5.478911022699999717e-02,4.095397444300000189e-02,-1.285501382439999896e+00,-2.354170189000000159e-03
CFx,3.520821980759999970e-01,3.488224728250000073e-01,3.640234310659999917e-01,3.693960284180000109e-01,3.731739648110000140e-01,9.088386300900000436e-02,-1.414510305130000090e-01,8.740487975409999555e-01,3.196146466579999901e-01,3.584110750669999845e-01,4.624190066159999946e-01,4.422243846969999836e-01,4.084864320289999795e-01,3.526732413929999921e-01,3.849409586129999838e-01,3.736720076419999814e-01,3.708528629769999863e-01,3.727420652049999727e-01,1.178460242839999977e-01,4.994331110640000126e-01,4.614863495509999858e-01,4.202551247329999740e-01,3.367145351879999859e-01,3.670542936069999818e-01,3.714816207189999830e-01,3.680117858370000050e-01,3.678408803409999872e-01,3.616431465489999830e-01,-7.411224457380000130e-01,4.265786378129999834e-01
CFzi,-1.110476727727000013e+00,-1.537055039908999943e+00,-1.696388897587999933e+00,-1.772365236973999947e+00,-1.791378020768999990e+00,-2.062165198014000111e+00,-2.015353297367000085e+00,-1.674679212055999900e+00,-1.829556089161999965e+00,-1.746668808716999921e+00,-1.733027345378000073e+00,-1.687180410217999915e+00,-1.614604497695999896e+00,-1.533211603820999969e+00,-1.585660677301000021e+00,-1.649081371464000023e+00,-1.693304636194999935e+00,-1.761982232035000040e+00,-1.916558787552999910e+00,-1.747488386392999971e+00,-1.665567294556999922e+00,-1.664830308138000037e+00,-1.715155241476000070e+00,-1.575953726225000073e+00,-1.575292171187999912e+00,-1.627402017507999954e+00,-1.714325892176999933e+00,-1.765879613172999907e+00,-3.169205842579000176e+00,-1.836326733456000060e+00
CFyi,-5.769199979999999756e-02,-2.480715502999999815e-03,1.228090848999999901e-03,-5.534020423000000216e-03,-7.272474198999999764e-03,1.781692169269999959e-01,-1.650048331129999879e-01,-1.573202602119999904e-01,3.744247426700000186e-02,-1.425985858299999923e-02,1.563663695800000114e-02,-6.936530467399999733e-02,-7.100084916299999327e-02,-7.544437219100000314e-02,-8.598071560000000030e-03,1.442364412700000015e-02,5.425831616699999804e-02,1.844405260899999871e-02,2.106241585489999901e-01,-8.653791222399999372e-02,2.606603745599999841e-02,-9.544848591000000548e-03,-4.518069191699999876e-02,-4.150927940400000321e-02,1.347498709399999953e-02,4.908983498200000101e-02,5.460477489200000339e-02,4.247382548399999957e-02,-1.361891837858999921e+00,-2.522689007999999802e-03
CFzo,2.823395209999999731e-04,2.334704421999999994e-03,3.484373682000000121e-03,3.852971819999999933e-03,-3.221952021000000065e-03,5.219039531000000016e-03,4.551990855000000169e-03,5.870913612000000330e-03,5.369987353999999997e-03,5.317890262000000284e-03,5.517542258999999678e-03,5.828983099000000292e-03,5.594013004000000094e-03,5.291134171000000039e-03,5.089333912000000397e-03,4.854545614000000189e-03,4.522329293999999972e-03,4.639411752000000000e-03,5.323213214999999825e-03,5.159565147999999914e-03,5.592900450999999974e-03,5.281225044999999889e-03,5.755655624000000255e-03,5.046850595999999647e-03,4.851135137000000229e-03,4.512873698000000391e-03,4.408255308000000317e-03,5.212368377999999566e-03,1.541976663999999973e-03,5.086845335999999954e-03
CFxo,6.673415633000000236e-02,6.020040020700000161e-02,5.807803531499999838e-02,5.722894262599999976e-02,5.768093640699999830e-02,5.886273949600000222e-02,5.994332664000000255e-02,5.957820631300000253e-02,5.690339861100000146e-02,5.683836208000000306e-02,5.675011902000000330e-02,5.784763334200000023e-02,5.716029366699999781e-02,5.666628353900000220e-02,5.670155629000000336e-02,5.683976670299999839e-02,5.711531482999999965e-02,5.691088869100000003e-02,6.151779915700000129e-02,5.801076299300000211e-02,5.805403584499999742e-02,5.842310935799999855e-02,5.752906452800000264e-02,5.671233363099999897e-02,5.677932445100000031e-02,5.733766363900000274e-02,5.741152063200000155e-02,5.898026026900000246e-02,1.069258332200000022e-01,5.743853680500000253e-02
CMz,-3.875427375170000244e-01,-3.818146854660000034e-01,-3.798203848059999999e-01,-3.653049366230000095e-01,-3.594520356149999984e-01,-4.406029764120000247e-01,-2.840824674179999731e-01,-7.211031869739999989e-01,-3.609672157959999961e-01,-3.943641757440000117e-01,-3.920386617409999941e-01,-4.338606196620000133e-01,-4.045764445600000259e-01,-3.817118358070000217e-01,-3.589477001629999831e-01,-3.409013262530000143e-01,-3.327562774539999935e-01,-3.371913304060000227e-01,-4.589731549300000157e-01,-4.290436262030000170e-01,-3.336682472310000258e-01,-3.449850751169999952e-01,-3.812119214929999833e-01,-3.200459964979999739e-01,-3.159576020930000007e-01,-2.956446734550000066e-01,-3.063324297000000196e-01,-3.289189441679999937e-01,-4.283149522299999762e-02,-3.848730059289999783e-01
CMy,-1.779630561559999991e-01,4.115828823199999681e-02,1.960735682420000070e-01,1.970532843599999973e-01,7.623348700800000599e-02,3.843840560469999890e-01,6.356852972559999815e-01,-4.693661823140000133e-01,-1.198030593239999969e-01,1.423823578389999955e-01,9.422122452400000236e-02,1.300539700660000020e-01,7.717573432200000583e-02,-6.588951091470000021e-01,-4.586357812399999984e-02,-5.965481932600000259e-02,5.949905727399999733e-02,1.449915979270000044e-01,5.201811463080000530e-01,1.887177754069999935e-01,1.159315444400000061e-01,1.103262347800000043e-01,1.950837327749999905e-01,2.528748716700000149e-02,3.482919029599999827e-02,6.083953093600000250e-02,1.406598867309999945e-01,2.101302975369999937e-01,2.053720440244999779e+00,-2.368229147499999881e-02
E,3.386108501380000191e-01,6.413663067839999732e-01,7.369936819889999491e-01,7.884536718489999485e-01,7.969692398290000312e-01,1.040560136912599987e+01,-1.580199522537999890e+00,2.698017082070000017e-01,9.983196803830000077e-01,7.926581519790000252e-01,5.800907942390000072e-01,5.802601956680000228e-01,5.814049131009999538e-01,6.222417096129999603e-01,6.001870810670000278e-01,6.725299754969999988e-01,7.160783449719999583e-01,7.702024483260000443e-01,5.109460744505000207e+00,5.420397338900000417e-01,5.387788406489999460e-01,6.001914434339999938e-01,8.256023117570000514e-01,6.270515820290000208e-01,6.178444661890000189e-01,6.679461698730000396e-01,7.417897424930000039e-01,8.072719450409999720e-01,-9.279768932049999863e-01,7.157568787779999830e-01
L/D,-3.154026911317000081e+00,-4.406410594651999801e+00,-4.660109083141000141e+00,-4.798008372107999797e+00,-4.800383171626999790e+00,-2.269011384122899955e+01,0.000000000000000000e+00,-1.916001963240000050e+00,-5.724256094935999961e+00,-4.873367287517000435e+00,-3.747742459942000171e+00,-3.815213426943000030e+00,-3.952651474066999793e+00,-4.347399870109000197e+00,-4.119230863390000330e+00,-4.413178771059000027e+00,-4.565974285875999961e+00,-4.727081798686000091e+00,-1.626324518960899823e+01,-3.498943797838999892e+00,-3.609136643324000193e+00,-3.961475328099000048e+00,-5.093796264295000320e+00,-4.293516664089000123e+00,-4.240565571289000246e+00,-4.422146464158999812e+00,-4.660509431657000157e+00,-4.882933991766999604e+00,0.000000000000000000e+00,-4.304778933302999988e+00
AnalysisMethod,0
FC_Vinf_,1.000000000000000000e+02
FC_Beta_,0.000000000000000000e+00
FC_Rho_,2.377000000000000206e-03
CDt,2.898686016329999893e-01,3.300786550079999881e-01,3.657812091770000218e-01,3.685061670099999964e-01,3.621320063690000035e-01,6.255007287849999598e-01,3.973779723670000097e-01,4.667872682790000227e-01,4.091947938959999975e-01,3.895076494699999947e-01,4.092731231369999834e-01,3.904853146669999830e-01,3.780671758179999786e-01,3.790987784800000093e-01,3.723438330530000062e-01,3.667333352889999842e-01,3.602550798320000025e-01,3.670686708129999865e-01,3.946737995719999947e-01,3.822755189270000131e-01,3.914170754180000267e-01,3.671679007240000181e-01,3.577543166420000254e-01,3.463033704119999889e-01,3.533263928590000269e-01,3.687021564919999994e-01,3.797072612360000154e-01,3.716674640020000142e-01,4.330557569549999819e-01,5.116040205190000023e-01
FC_Mach_,5.000000000000000278e-02
Mach,5.000000000000000278e-02,5.000000000000000278e-02,5.000000000000000278e-02,5.000000000000000278e-02,5.000000000000000278e-02,5.000000000000000278e-02,5.000000000000000278e-02,5.000000000000000278e-02,5.000000000000000278e-02,5.000000000000000278e-02,5.000000000000000278e-02,5.000000000000000278e-02,5.000000000000000278e-02,5.000000000000000278e-02,5.000000000000000278e-02,5.000000000000000278e-02,5.000000000000000278e-02,5.000000000000000278e-02,5.000000000000000278e-02,5.000000000000000278e-02,5.000000000000000278e-02,5.000000000000000278e-02,5.000000000000000278e-02,5.000000000000000278e-02,5.000000000000000278e-02,5.000000000000000278e-02,5.000000000000000278e-02,5.000000000000000278e-02,5.000000000000000278e-02,5.000000000000000278e-02
FC_AoA_,0.000000000000000000e+00
CMzo,-1.366853633999999974e-03,-2.156943850000000052e-04,6.439480000000000432e-07,2.956693000000000018e-06,2.754464150000000139e-04,4.207916139999999896e-04,-7.927156149999999707e-04,-1.712590454000000083e-03,1.359383000000000059e-05,-2.966267199999999985e-05,-1.354850230000000111e-04,4.228658000000000265e-04,1.396397809999999921e-04,-6.028245199999999961e-05,-6.655077700000000367e-05,3.356919400000000066e-05,1.650301090000000088e-04,3.028052299999999875e-05,1.924082579999999987e-03,3.231494730000000130e-04,-3.371755479999999751e-04,3.841742530000000037e-04,8.560604100000000554e-05,-3.173875969999999749e-04,-2.486452699999999939e-05,2.559054139999999825e-04,3.279281350000000112e-04,-9.804343069999999372e-04,-1.848984399099999967e-02,-5.371860610000000168e-04
CFyo,-4.509289340000000252e-04,-1.215783670000000045e-04,-1.839628699999999980e-05,-1.174588300000000065e-05,1.820782164999999947e-03,-1.706241427000000080e-03,2.022159358999999802e-03,-4.627417281999999729e-03,1.150912400000000030e-04,4.176302099999999718e-05,-1.308073099999999977e-05,-1.060934710000000040e-04,-7.438921399999999409e-05,3.159707300000000227e-05,2.599272829999999738e-04,2.412399979999999954e-04,1.236491939999999920e-04,5.430000100000000399e-04,-3.393724049000000111e-03,1.209718539999999937e-04,2.282286119999999915e-04,-2.022025300000000164e-05,-4.674255959999999948e-04,8.741765099999999412e-05,1.042464480000000033e-04,5.653854400000000123e-05,1.843353340000000100e-04,-1.519851042000000063e-03,7.639045541899999736e-02,1.685188179999999993e-04
CS,-5.814292873400000311e-02,-2.602293869999999874e-03,1.209694562000000013e-03,-5.545766306000000229e-03,-5.451692034000000034e-03,1.764629755000000078e-01,-1.629826737539999959e-01,-1.619476774929999863e-01,3.755756550699999863e-02,-1.421809556200000040e-02,1.562355622700000064e-02,-6.947139814500000177e-02,-7.107523837800000521e-02,-7.541277511800000000e-02,-8.338144276999999785e-03,1.466488412599999992e-02,5.438196536099999812e-02,1.898705261900000135e-02,2.072304345000000048e-01,-8.641694036899999487e-02,2.629426606800000163e-02,-9.565068843999999584e-03,-4.564811751399999729e-02,-4.142186175399999865e-02,1.357923354200000002e-02,4.914637352600000064e-02,5.478911022699999717e-02,4.095397444300000189e-02,-1.285501382439999896e+00,-2.354170189000000159e-03
FC_Zcg_,3.058170000000000055e-01
FC_Roll__Rate,0.000000000000000000e+00
CLi,-1.110476727727000013e+00,-1.537055039908999943e+00,-1.696388897587999933e+00,-1.772365236973999947e+00,-1.791378020768999990e+00,-2.062165198014000111e+00,-2.015353297367000085e+00,-1.674679212055999900e+00,-1.829556089161999965e+00,-1.746668808716999921e+00,-1.733027345378000073e+00,-1.687180410217999915e+00,-1.614604497695999896e+00,-1.533211603820999969e+00,-1.585660677301000021e+00,-1.649081371464000023e+00,-1.693304636194999935e+00,-1.761982232035000040e+00,-1.916558787552999910e+00,-1.747488386392999971e+00,-1.665567294556999922e+00,-1.664830308138000037e+00,-1.715155241476000070e+00,-1.575953726225000073e+00,-1.575292171187999912e+00,-1.627402017507999954e+00,-1.714325892176999933e+00,-1.765879613172999907e+00,-3.169205842579000176e+00,-1.836326733456000060e+00
FC_Ycg_,0.000000000000000000e+00
FC_Cref_,3.200000000000000067e-01
CSi,-5.769199979999999756e-02,-2.480715502999999815e-03,1.228090848999999901e-03,-5.534020423000000216e-03,-7.272474198999999764e-03,1.781692169269999959e-01,-1.650048331129999879e-01,-1.573202602119999904e-01,3.744247426700000186e-02,-1.425985858299999923e-02,1.563663695800000114e-02,-6.936530467399999733e-02,-7.100084916299999327e-02,-7.544437219100000314e-02,-8.598071560000000030e-03,1.442364412700000015e-02,5.425831616699999804e-02,1.844405260899999871e-02,2.106241585489999901e-01,-8.653791222399999372e-02,2.606603745599999841e-02,-9.544848591000000548e-03,-4.518069191699999876e-02,-4.150927940400000321e-02,1.347498709399999953e-02,4.908983498200000101e-02,5.460477489200000339e-02,4.247382548399999957e-02,-1.361891837858999921e+00,-2.522689007999999802e-03
CDi,2.853480417459999807e-01,2.886220726179999918e-01,3.059453957509999933e-01,3.121670857930000098e-01,3.154930284040000088e-01,3.202112351300000215e-02,-2.013943571540000033e-01,8.144705912280000293e-01,2.627112480470000233e-01,3.015727129879999802e-01,4.056688875960000051e-01,3.843767513560000237e-01,3.513261383619999956e-01,2.960069578539999968e-01,3.282394023219999957e-01,3.168322409389999761e-01,3.137375481470000005e-01,3.158311765130000226e-01,5.632822512700000339e-02,4.414223480710000036e-01,4.034323137049999897e-01,3.618320153749999823e-01,2.791854706599999902e-01,3.103419599750000257e-01,3.147022962680000036e-01,3.106741221980000023e-01,3.104293597089999857e-01,3.026628862799999875e-01,-8.480482789579999459e-01,3.691401010090000212e-01
FC_Xcg_,2.954149999999999832e-01
T/QS,0.000000000000000000e+00,0.000000000000000000e+00,0.000000000000000000e+00,0.000000000000000000e+00,0.000000000000000000e+00,0.000000000000000000e+00,0.000000000000000000e+00,0.000000000000000000e+00,0.000000000000000000e+00,0.000000000000000000e+00,0.000000000000000000e+00,0.000000000000000000e+00,0.000000000000000000e+00,0.000000000000000000e+00,0.000000000000000000e+00,0.000000000000000000e+00,0.000000000000000000e+00,0.000000000000000000e+00,0.000000000000000000e+00,0.000000000000000000e+00,0.000000000000000000e+00,0.000000000000000000e+00,0.000000000000000000e+00,0.000000000000000000e+00,0.000000000000000000e+00,0.000000000000000000e+00,0.000000000000000000e+00,0.000000000000000000e+00,0.000000000000000000e+00,0.000000000000000000e+00
FC_Sref_,4.159999999999999809e-01
FC_Pitch_Rate,0.000000000000000000e+00
FC_Yaw___Rate,0.000000000000000000e+00
CFxi,2.853480417459999807e-01,2.886220726179999918e-01,3.059453957509999933e-01,3.121670857930000098e-01,3.154930284040000088e-01,3.202112351300000215e-02,-2.013943571540000033e-01,8.144705912280000293e-01,2.627112480470000233e-01,3.015727129879999802e-01,4.056688875960000051e-01,3.843767513560000237e-01,3.513261383619999956e-01,2.960069578539999968e-01,3.282394023219999957e-01,3.168322409389999761e-01,3.137375481470000005e-01,3.158311765130000226e-01,5.632822512700000339e-02,4.414223480710000036e-01,4.034323137049999897e-01,3.618320153749999823e-01,2.791854706599999902e-01,3.103419599750000257e-01,3.147022962680000036e-01,3.106741221980000023e-01,3.104293597089999857e-01,3.026628862799999875e-01,-8.480482789579999459e-01,3.691401010090000212e-01
WakeIter,1,2,3,4,5,6,7,8,9,10,11,12,13,14,15,16,17,18,19,20,21,22,23,24,25,26,27,28,29,30
Beta,0.000000000000000000e+00,0.000000000000000000e+00,0.000000000000000000e+00,0.000000000000000000e+00,0.000000000000000000e+00,0.000000000000000000e+00,0.000000000000000000e+00,0.000000000000000000e+00,0.000000000000000000e+00,0.000000000000000000e+00,0.000000000000000000e+00,0.000000000000000000e+00,0.000000000000000000e+00,0.000000000000000000e+00,0.000000000000000000e+00,0.000000000000000000e+00,0.000000000000000000e+00,0.000000000000000000e+00,0.000000000000000000e+00,0.000000000000000000e+00,0.000000000000000000e+00,0.000000000000000000e+00,0.000000000000000000e+00,0.000000000000000000e+00,0.000000000000000000e+00,0.000000000000000000e+00,0.000000000000000000e+00,0.000000000000000000e+00,0.000000000000000000e+00,0.000000000000000000e+00
FC_ReCref_,4.331490000000000000e+05
CMx,1.362631973099999970e-02,-1.749361592399999860e-02,-2.052025852300000050e-02,-3.497304760600000034e-02,-5.270014858699999943e-02,1.252720563430000100e-01,-1.106951632470000030e-01,8.673239426000000155e-03,-2.955344705200000158e-02,-1.549845145899999936e-02,-4.759961858200000007e-02,-7.847798248500000018e-02,-9.249269975700000201e-02,-2.239915840850000006e-01,-1.106519156829999934e-01,-6.636940780099999382e-02,-5.441643502500000118e-02,-2.166157507600000032e-02,8.440874026300000665e-02,-5.420459485200000010e-02,-3.472812000900000334e-02,-4.275078873899999798e-02,-1.134490140700000066e-02,-7.799890093799999313e-02,-8.523852850499999412e-02,-7.309953952700000424e-02,-4.608314359799999677e-02,-1.709609975200000048e-02,-9.667785767459999846e-01,-6.620488622600000095e-02
Alpha,0.000000000000000000e+00,0.000000000000000000e+00,0.000000000000000000e+00,0.000000000000000000e+00,0.000000000000000000e+00,0.000000000000000000e+00,0.000000000000000000e+00,0.000000000000000000e+00,0.000000000000000000e+00,0.000000000000000000e+00,0.000000000000000000e+00,0.000000000000000000e+00,0.000000000000000000e+00,0.000000000000000000e+00,0.000000000000000000e+00,0.000000000000000000e+00,0.000000000000000000e+00,0.000000000000000000e+00,0.000000000000000000e+00,0.000000000000000000e+00,0.000000000000000000e+00,0.000000000000000000e+00,0.000000000000000000e+00,0.000000000000000000e+00,0.000000000000000000e+00,0.000000000000000000e+00,0.000000000000000000e+00,0.000000000000000000e+00,0.000000000000000000e+00,0.000000000000000000e+00
CMxi,1.423835674300000069e-02,-1.734484910000000032e-02,-2.050718148000000088e-02,-3.498284542200000291e-02,-5.443696414100000075e-02,1.258718947949999944e-01,-1.103694728689999932e-01,9.384234150000000246e-03,-2.954053956999999966e-02,-1.551108699199999982e-02,-4.757243955300000104e-02,-7.828254705699999594e-02,-9.239633165499999690e-02,-2.240300304049999969e-01,-1.107809847039999962e-01,-6.651804310799999675e-02,-5.454098682200000242e-02,-2.201159456800000011e-02,8.500797997499999481e-02,-5.439238397599999858e-02,-3.490793264500000048e-02,-4.296517108799999957e-02,-1.112788253499999956e-02,-7.815090236199999374e-02,-8.547184825999999680e-02,-7.350172344300000271e-02,-4.665373921899999832e-02,-1.758563280899999928e-02,-9.797575961690000446e-01,-6.655072642199999500e-02
CSo,-4.509289340000000252e-04,-1.215783670000000045e-04,-1.839628699999999980e-05,-1.174588300000000065e-05,1.820782164999999947e-03,-1.706241427000000080e-03,2.022159358999999802e-03,-4.627417281999999729e-03,1.150912400000000030e-04,4.176302099999999718e-05,-1.308073099999999977e-05,-1.060934710000000040e-04,-7.438921399999999409e-05,3.159707300000000227e-05,2.599272829999999738e-04,2.412399979999999954e-04,1.236491939999999920e-04,5.430000100000000399e-04,-3.393724049000000111e-03,1.209718539999999937e-04,2.282286119999999915e-04,-2.022025300000000164e-05,-4.674255959999999948e-04,8.741765099999999412e-05,1.042464480000000033e-04,5.653854400000000123e-05,1.843353340000000100e-04,-1.519851042000000063e-03,7.639045541899999736e-02,1.685188179999999993e-04
CLo,2.823395209999999731e-04,2.334704421999999994e-03,3.484373682000000121e-03,3.852971819999999933e-03,-3.221952021000000065e-03,5.219039531000000016e-03,4.551990855000000169e-03,5.870913612000000330e-03,5.369987353999999997e-03,5.317890262000000284e-03,5.517542258999999678e-03,5.828983099000000292e-03,5.594013004000000094e-03,5.291134171000000039e-03,5.089333912000000397e-03,4.854545614000000189e-03,4.522329293999999972e-03,4.639411752000000000e-03,5.323213214999999825e-03,5.159565147999999914e-03,5.592900450999999974e-03,5.281225044999999889e-03,5.755655624000000255e-03,5.046850595999999647e-03,4.851135137000000229e-03,4.512873698000000391e-03,4.408255308000000317e-03,5.212368377999999566e-03,1.541976663999999973e-03,5.086845335999999954e-03
CMyi,-1.422105841619999977e-01,7.274481569000000591e-02,2.265503060309999872e-01,2.270679211770000039e-01,1.043353654549999954e-01,4.161247650809999921e-01,6.680162755990000090e-01,-4.368118429369999833e-01,-8.951733980499999854e-02,1.726107671329999982e-01,1.245051680659999965e-01,1.609494958040000034e-01,1.076576603269999988e-01,-6.287989972959999729e-01,-1.576292609200000139e-02,-2.954299081100000141e-02,8.965440168200000670e-02,1.750855319590000070e-01,5.538970142179999723e-01,2.196046225959999987e-01,1.470953524380000099e-01,1.416410123530000009e-01,2.259236241329999895e-01,5.543816954800000196e-02,6.496955888300000315e-02,9.128573437900000531e-02,1.711307265700000024e-01,2.420267666400000017e-01,2.120402535066999938e+00,6.894249659999999828e-03
CL,-1.110194388205999916e+00,-1.534720335487000042e+00,-1.692904523906000103e+00,-1.768512265153999952e+00,-1.794599972789999942e+00,-2.056946158482999998e+00,-2.010801306512000064e+00,-1.668808298444999894e+00,-1.824186101807999894e+00,-1.741350918455000008e+00,-1.727509803118999931e+00,-1.681351427118999986e+00,-1.609010484691000054e+00,-1.527920469649999946e+00,-1.580571343389000072e+00,-1.644226825849999907e+00,-1.688782306900999952e+00,-1.757342820282999929e+00,-1.911235574338000065e+00,-1.742328821245000103e+00,-1.659974394105000028e+00,-1.659549083094000066e+00,-1.709399585851999914e+00,-1.570906875629000110e+00,-1.570441036050999939e+00,-1.622889143809999934e+00,-1.709917636868999891e+00,-1.760667244795000030e+00,-3.167663865914000176e+00,-1.831239888120000048e+00
CFz,-1.110194388205999916e+00,-1.534720335487000042e+00,-1.692904523906000103e+00,-1.768512265153999952e+00,-1.794599972789999942e+00,-2.056946158482999998e+00,-2.010801306512000064e+00,-1.668808298444999894e+00,-1.824186101807999894e+00,-1.741350918455000008e+00,-1.727509803118999931e+00,-1.681351427118999986e+00,-1.609010484691000054e+00,-1.527920469649999946e+00,-1.580571343389000072e+00,-1.644226825849999907e+00,-1.688782306900999952e+00,-1.757342820282999929e+00,-1.911235574338000065e+00,-1.742328821245000103e+00,-1.659974394105000028e+00,-1.659549083094000066e+00,-1.709399585851999914e+00,-1.570906875629000110e+00,-1.570441036050999939e+00,-1.622889143809999934e+00,-1.709917636868999891e+00,-1.760667244795000030e+00,-3.167663865914000176e+00,-1.831239888120000048e+00
CDo,6.673415633000000236e-02,6.020040020700000161e-02,5.807803531499999838e-02,5.722894262599999976e-02,5.768093640699999830e-02,5.886273949600000222e-02,5.994332664000000255e-02,5.957820631300000253e-02,5.690339861100000146e-02,5.683836208000000306e-02,5.675011902000000330e-02,5.784763334200000023e-02,5.716029366699999781e-02,5.666628353900000220e-02,5.670155629000000336e-02,5.683976670299999839e-02,5.711531482999999965e-02,5.691088869100000003e-02,6.151779915700000129e-02,5.801076299300000211e-02,5.805403584499999742e-02,5.842310935799999855e-02,5.752906452800000264e-02,5.671233363099999897e-02,5.677932445100000031e-02,5.733766363900000274e-02,5.741152063200000155e-02,5.898026026900000246e-02,1.069258332200000022e-01,5.743853680500000253e-02
CDtot,3.520821980759999970e-01,3.488224728250000073e-01,3.640234310659999917e-01,3.693960284180000109e-01,3.731739648110000140e-01,9.088386300900000436e-02,-1.414510305130000090e-01,8.740487975409999555e-01,3.196146466579999901e-01,3.584110750669999845e-01,4.624190066159999946e-01,4.422243846969999836e-01,4.084864320289999795e-01,3.526732413929999921e-01,3.849409586129999838e-01,3.736720076419999814e-01,3.708528629769999863e-01,3.727420652049999727e-01,1.178460242839999977e-01,4.994331110640000126e-01,4.614863495509999858e-01,4.202551247329999740e-01,3.367145351879999859e-01,3.670542936069999818e-01,3.714816207189999830e-01,3.680117858370000050e-01,3.678408803409999872e-01,3.616431465489999830e-01,-7.411224457380000130e-01,4.265786378129999834e-01
CMyo,-3.575247199400000131e-02,-3.158652745800000217e-02,-3.047673778799999886e-02,-3.001463681699999969e-02,-2.810187844799999848e-02,-3.174070903400000310e-02,-3.233097834399999843e-02,-3.255433937800000094e-02,-3.028571951899999837e-02,-3.022840929399999918e-02,-3.028394354200000110e-02,-3.089552573800000146e-02,-3.048192600499999988e-02,-3.009611185100000141e-02,-3.010065203199999845e-02,-3.011182851500000118e-02,-3.015534440799999896e-02,-3.009393403199999914e-02,-3.371586790899999686e-02,-3.088684718799999951e-02,-3.116380799800000032e-02,-3.131477757299999665e-02,-3.083989135700000023e-02,-3.015068238100000048e-02,-3.014036858700000140e-02,-3.044620344299999934e-02,-3.047083983999999968e-02,-3.189646910300000110e-02,-6.668209482299999880e-02,-3.057654113499999951e-02
FC_Bref_,1.300000000000000044e+00
CDtott,3.566027579630000055e-01,3.902790552140000258e-01,4.238592444920000202e-01,4.257351096359999754e-01,4.198129427760000087e-01,6.843634682810000314e-01,4.573212990080000040e-01,5.263654745929999823e-01,4.660981925059999864e-01,4.463460115499999770e-01,4.660232421569999728e-01,4.483329480079999985e-01,4.352274694850000181e-01,4.357650620190000046e-01,4.290453893439999944e-01,4.235731019919999896e-01,4.173703946619999883e-01,4.239795595040000142e-01,4.561915987290000030e-01,4.402862819200000222e-01,4.494711112640000228e-01,4.255910100820000097e-01,4.152833811700000211e-01,4.030157040430000226e-01,4.101057173100000064e-01,4.260398201319999800e-01,4.371187818680000170e-01,4.306477242710000097e-01,5.399815901750000258e-01,5.690425573239999979e-01
Results_Name,VSPAERO_Polar
Results_Timestamp,1757693364
Results_Date,9,12,2025
Results_Time,18,9,24
CMl,6.620488622600000095e-02
Fopt,0.000000000000000000e+00
CMn,3.848730059289999783e-01
CMy,-2.368229147499999881e-02
CMx,-6.620488622600000095e-02
CFz,-1.831239888120000048e+00
CFy,-2.354170189000000159e-03
Beta,0.000000000000000000e+00
Alpha,0.000000000000000000e+00
Re_1e6,4.331490000000000062e-01
CL,-1.831239888120000048e+00
CMm,-2.368229147499999881e-02
CFx,4.265786378129999834e-01
E,6.159539147479999865e-01
CDo,5.743853680500000253e-02
Mach,5.000000000000000278e-02
CDi,3.691401010090000212e-01
CDtot,4.265786378129999834e-01
CDt,5.116040205190000023e-01
CMz,-3.848730059289999783e-01
CDtott,5.690425573239999979e-01
CS,-2.354170189000000159e-03
L_D,-4.292854179259999903e+00
Results_Name,VSPAERO_Load
Results_Timestamp,1757693364
Results_Date,9,12,2025
Results_Time,18,9,24
cmy*c/cref,6.427526312499999561e-02,6.890332093749999831e-02,6.975926281250000027e-02,6.634544812499999777e-02,7.639778875000000080e-02,7.122232624999999540e-02,7.825896468750000168e-02,6.808719031250000386e-02,8.313584281249999930e-02,6.599709968749999101e-02,7.824901187499999633e-02,1.012201031250000056e-02,-3.307319593750000092e-02,4.135393593749999569e-02,6.147852281249999856e-02,6.449422500000000225e-02,6.475299812500000252e-02,5.969696937499999884e-02,6.962987625000000014e-02,6.265295468750001207e-02,6.912228281250000494e-02,5.654192781249999661e-02,7.171001406250000765e-02,5.322764124999999902e-02,6.182687125000000533e-02,-4.906736562500000655e-03,-6.017470437499999880e-02,1.215238406250000042e-02,4.157874906249999780e-01,4.190939999999999110e-01,4.229583312499999304e-01,4.248541171874999911e-01,4.382984328125000273e-01,4.361156515624999841e-01,4.384803312499999106e-01,4.325827796874999742e-01,4.534768468750000059e-01,4.692656312499999260e-01,5.476153515624998525e-01,6.527283953124999316e-01,7.993749156249998489e-01,7.812982531249998974e-01,4.172992687499999520e-01,4.132530390624999939e-01,4.149062937499999881e-01,4.057992453125000010e-01,4.180349468749999797e-01,4.093240328124999050e-01,4.059730593749999450e-01,3.924964062499999295e-01,4.036407171874999422e-01,4.124405593749999599e-01,4.881183937499999348e-01,5.890396890624999271e-01,7.428125859374998807e-01,7.449226078124999706e-01,-1.854750000000000010e-01,-3.840449999999999697e-01,-6.773999999999999466e-02,9.811499999999999388e-02,4.358850000000000224e-01,-3.266400000000000414e-01,4.978499999999999592e-02,-2.527800000000000047e-01,3.879000000000000503e-02,2.912100000000000244e-01,7.895660937499998297e-03,1.916875406249999789e-02,3.106563249999999554e-02,3.610087249999999887e-02,3.934905187499999207e-02,3.935467156249999182e-02,3.967499374999999134e-02,3.807338281249999373e-02,3.618516781249999509e-02,3.365630843749999046e-02,3.039688968749999429e-02,2.789050906249999559e-02,2.333294249999999515e-02,1.939354156249999475e-02,1.545414062499999783e-02,1.150350031249999794e-02,8.109209062499999135e-03,4.270962499999999412e-03,1.416161249999999851e-03,7.507902499999999195e-03,1.839885687499999423e-02,2.993045562499999437e-02,3.494883656249999498e-02,3.814643874999999046e-02,3.825883249999999236e-02,3.864097124999999605e-02,3.718547218749999883e-02,3.533659499999999842e-02,3.297632624999999318e-02,2.982368156249999569e-02,2.741845531249999593e-02,2.293394468749999568e-02,1.909007843749999794e-02,1.522373343749999774e-02,1.133490968749999855e-02,7.946238124999997765e-03,4.181047499999999972e-03,1.376823437499999662e-03,-2.964985387499999847e-01,-4.189561762499999231e-01,-5.097431924999999975e-01,-4.942599524999999328e-01,-4.090981987499999750e-01,-3.671250862500000101e-01,-3.625776712500000110e-01,-3.308323087499999704e-01,-2.993151037499999778e-01,-2.773254412499999710e-01,-2.535773924999999984e-01,-2.276185762499999821e-01,-2.013175237499999770e-01,-1.726562212499999915e-01,-1.491520650000000003e-01,-1.199793749999999853e-01,-1.041735674999999944e-01,-1.301166487500000080e-01,-8.751807000000000336e-02,-3.184252612499999802e-01,-4.204864050000000075e-01,-5.025208274999999336e-01,-4.862429699999999966e-01,-4.151286374999999529e-01,-3.773764387499999873e-01,-3.720776774999999814e-01,-3.394904924999999629e-01,-3.075405749999999827e-01,-2.847248249999999592e-01,-2.604889912499999682e-01,-2.333933212499999799e-01,-2.059554150000000028e-01,-1.769007374999999882e-01,-1.528694587499999924e-01,-1.233781349999999860e-01,-1.075880624999999979e-01,-1.334367337500000084e-01,-9.075948000000000349e-02
cmx*c/cref,-1.192645521875000114e-01,-3.575647418750000361e-01,-5.948895559374999253e-01,-8.280043303124999809e-01,-1.053923221250000042e+00,-1.271123448437500025e+00,-1.474857520312499837e+00,-1.663353836249999995e+00,-1.830511322187500012e+00,-1.955070770624999899e+00,-1.960007365625000109e+00,-1.743961664687500024e+00,-1.436519286562500053e+00,-2.389680234062499853e+00,1.191152600000000006e-01,3.565893662499999839e-01,5.919136649999999777e-01,8.212762290624999739e-01,1.041462300000000063e+00,1.250959050312500098e+00,1.444322291562500027e+00,1.619690847812500056e+00,1.770227136874999996e+00,1.873268604687500005e+00,1.852327887187499966e+00,1.603627008437499946e+00,1.211665346562500023e+00,2.061078176562499920e+00,-6.656674374999999033e-02,-2.005975968749999783e-01,-3.294423234374999621e-01,-4.852726937499999837e-01,-6.195379937499999601e-01,-7.580799281249999133e-01,-8.952475187499999709e-01,-1.036513887499999731e+00,-1.209046576562500031e+00,-1.465729524999999756e+00,-1.897241124999999862e+00,-2.508116710937499771e+00,-3.307920098437500123e+00,-3.562129228124999436e+00,6.639292968749999080e-02,1.970040921874999795e-01,3.198582968749999478e-01,4.648879421874999585e-01,5.854421421874999032e-01,7.058306124999998987e-01,8.203053624999999682e-01,9.296182390624998515e-01,1.055936598437499763e+00,1.265334037499999953e+00,1.646261703124999976e+00,2.209706260937499778e+00,2.927889798437499635e+00,3.021692801562499753e+00,9.161550000000000527e-01,3.690900000000000292e-01,-8.961000000000001187e-01,-5.473799999999999777e-01,-8.178750000000000187e-01,-1.562099999999999878e-01,-3.362100000000000088e-01,-2.692649999999999766e-01,4.336500000000000354e-01,4.173000000000000043e-01,-2.986863906249999714e-02,-1.045823843749999968e-02,3.565129749999999126e-02,5.652843656249999238e-02,6.826234406249997999e-02,7.424731124999997545e-02,7.662443906249997994e-02,7.614676562499998747e-02,7.283114999999998340e-02,6.779029031249998727e-02,6.147376156249999279e-02,5.371297312499998672e-02,4.748635937499999515e-02,3.868592874999999404e-02,3.044184718749999574e-02,2.120308093749999692e-02,1.449879374999999727e-02,1.788746531249999633e-02,1.029526749999999831e-02,2.668789593749999398e-02,7.507902499999999195e-03,-3.656730656249999878e-02,-5.742196687499999397e-02,-6.978527937499998113e-02,-7.612990656249998822e-02,-7.896222906249998619e-02,-7.890603218749998871e-02,-7.595569624999998215e-02,-7.104408937499999410e-02,-6.483433468749999484e-02,-5.706792656249998902e-02,-5.072891906249999555e-02,-4.174303874999998887e-02,-3.325169093749999472e-02,-2.383309468749999702e-02,-1.669047187499999793e-02,-1.853372937499999859e-02,-1.019411312499999764e-02,-1.317648900000000012e+00,-1.555510961249999990e+00,-9.190695487499999095e-01,-8.535726112499999463e-01,-8.890393012499999692e-01,-8.801765624999998705e-01,-8.262291149999998474e-01,-7.787998912499999316e-01,-7.297499624999999046e-01,-6.695399850000000042e-01,-6.038463599999999154e-01,-5.362487999999999699e-01,-4.589545462499999284e-01,-3.842801699999999765e-01,-3.032921249999999680e-01,-2.224456949999999711e-01,-8.906403374999999345e-02,3.138227737499999503e-01,2.988155174999999608e-01,1.324178925000000007e+00,1.566686744999999936e+00,9.464051774999999722e-01,8.699016075000000070e-01,8.910061762499998927e-01,8.834455087499999415e-01,8.298206287499999556e-01,7.826392312499999004e-01,7.338646650000000271e-01,6.736114162499999836e-01,6.074693437499999460e-01,5.394154687500000156e-01,4.615390200000000220e-01,3.865106062499999995e-01,3.046807387500000130e-01,2.220247837499999821e-01,8.626713749999999348e-02,-3.135198750000000034e-01,-2.960343562500000192e-01
cz*c/cref,-1.636182658125000078e+00,-1.635257046562500038e+00,-1.632430447812500018e+00,-1.623253954687500000e+00,-1.607349360312499975e+00,-1.586498218125000026e+00,-1.557774401250000107e+00,-1.522999274374999823e+00,-1.478948126249999939e+00,-1.413339186249999990e+00,-1.282469654687500071e+00,-1.049026437500000020e+00,-6.956916409375000221e-01,-1.130291151562500040e+00,-1.634142331562500106e+00,-1.630599130312500034e+00,-1.624080038125000014e+00,-1.609658412812499995e+00,-1.587841847812500040e+00,-1.560740339375000119e+00,-1.524820639062499872e+00,-1.482133026250000096e+00,-1.429213922187500208e+00,-1.352845991874999987e+00,-1.210620301250000086e+00,-9.630739487499999640e-01,-5.714208240625000546e-01,-9.621184787500000057e-01,-3.708989984374999604e-01,-3.728796703124999667e-01,-3.671074265625000055e-01,-3.862431421874999438e-01,-3.835267921874999653e-01,-3.840320656249999742e-01,-3.836803953124999778e-01,-3.850668656249999766e-01,-3.961626703124999649e-01,-4.304687156249999425e-01,-5.059929468749999604e-01,-6.150713765624999940e-01,-7.457633828124999864e-01,-7.394575703124999233e-01,-3.700743921874999343e-01,-3.664242968749999441e-01,-3.565451906249999525e-01,-3.700622656249999420e-01,-3.625114593749999559e-01,-3.576931718749999933e-01,-3.516905234374999578e-01,-3.455504406249999549e-01,-3.459101953124999462e-01,-3.709960109374999537e-01,-4.380397328124999157e-01,-5.395228921874999362e-01,-6.561561703124999534e-01,-6.241016234374999749e-01,8.222849999999999326e-01,1.227300000000000058e-01,-1.708500000000000296e-02,4.449000000000000177e-02,-6.379650000000000043e-01,4.853849999999999554e-01,7.037700000000000067e-01,4.673100000000000032e-01,-1.377299999999999913e-01,-3.866549999999999709e-01,-8.957781874999997535e-03,-1.060996999999999808e-02,-1.534174687499999549e-03,1.011543749999999932e-04,-2.416465624999999582e-04,-2.866040624999999491e-04,-3.371812499999999322e-05,4.495749999999999774e-05,2.247874999999999887e-05,-5.619687499999999717e-06,-5.619687499999999548e-05,-6.743624999999998644e-05,1.123937499999999943e-05,8.991499999999999547e-05,1.123937499999999943e-05,1.011543749999999932e-04,9.497271874999999378e-04,4.776734374999999297e-03,3.961879687499999386e-03,-8.142927187499997624e-03,-9.722059374999997977e-03,-1.556653437499999626e-03,-8.429531249999997627e-05,-3.652796874999999469e-04,-3.765190624999999311e-04,-1.123937499999999910e-04,1.123937499999999943e-05,3.371812499999999322e-05,3.933781249999999209e-05,3.371812499999999322e-05,6.181656249999999434e-05,1.854496874999999559e-04,2.866040624999999491e-04,2.641253124999999266e-04,4.270962499999999412e-04,1.253190312499999999e-03,4.658720937499999382e-03,3.714613437499999626e-03,-1.434127237499999985e-01,-1.622789887499999917e-01,-1.735570499999999905e-02,1.066046250000000049e-03,-2.545136249999999795e-03,-3.442031250000000212e-03,-1.483023749999999802e-03,-3.933750000000000242e-06,5.428574999999999503e-04,1.069980000000000106e-03,1.510559999999999984e-03,1.962941249999999600e-03,3.190271249999999600e-03,4.547414999999999964e-03,5.389237499999999584e-03,7.316774999999999321e-03,2.055384374999999833e-02,9.573173999999999573e-02,7.957976249999999807e-02,-1.415087887499999753e-01,-1.629201899999999925e-01,-2.234763374999999830e-02,-1.778054999999999740e-03,-3.221741249999999623e-03,-3.792134999999999430e-03,-1.593168749999999880e-03,-1.022774999999999910e-04,4.366462499999999836e-04,9.716362499999998742e-04,1.427951249999999872e-03,1.947206250000000022e-03,3.249277499999999805e-03,4.586752500000000100e-03,5.550521249999999102e-03,7.914704999999999310e-03,2.170249874999999676e-02,9.634540499999999508e-02,7.948535249999999497e-02
cy*c/cref,-9.952812500000001535e-06,9.952812500000001535e-06,5.971687500000000243e-05,2.687259374999999804e-04,6.170743750000000274e-04,1.104762187500000136e-03,1.512827500000000179e-03,2.169713125000000131e-03,2.518061562499999961e-03,2.687259375000000238e-03,2.169713125000000131e-03,1.636242375000000054e-02,-2.121840096874999804e-01,-2.279194062500000117e-01,9.952812500000001535e-06,3.981125000000000614e-05,3.981125000000000614e-05,-9.952812500000001535e-06,-1.691978125000000058e-04,-4.777350000000000194e-04,-6.071215624999999920e-04,-8.360362500000000476e-04,-7.265553124999999833e-04,-9.952812500000000179e-05,7.265553124999999833e-04,-1.117700843750000020e-02,2.172997553125000092e-01,2.291236965625000066e-01,-0.000000000000000000e+00,1.172234374999999855e-04,3.233749999999999998e-05,-1.091390624999999940e-04,-1.212656249999999915e-05,3.637968749999999574e-05,-4.042187499999999997e-06,-1.212656249999999915e-05,4.648515624999999328e-04,3.197370312499999995e-03,8.056079687499998615e-03,2.903503281250000012e-02,2.703414999999999638e-02,3.302467187499999804e-03,-2.021093749999999914e-05,-2.101937499999999694e-04,-8.892812499999998808e-05,7.680156250000000080e-05,-9.701249999999999316e-05,-1.980671874999999685e-04,-1.899828124999999770e-04,-2.627421874999999549e-04,-2.182781249999999880e-04,-1.406681249999999772e-03,-4.308971874999999521e-03,-1.865873749999999789e-02,-9.717418749999998107e-03,6.018817187499999992e-03,-3.485249999999999737e-01,3.108600000000000252e-01,-1.904460000000000264e+00,-1.658099999999999907e+00,1.552650000000000141e-01,8.992049999999999210e-01,1.255605000000000082e+00,7.758749999999999813e-01,6.673649999999999860e-01,-3.484649999999999692e-01,-3.916922187499998799e-03,1.502142468749999814e-02,3.361697062499999222e-02,5.004331718749999158e-02,6.486243312499997971e-02,7.493853281249998610e-02,8.165405937499999045e-02,8.656566624999999238e-02,8.910014531249998981e-02,8.978012749999998710e-02,8.884163968749998752e-02,8.525627906249999555e-02,8.314327656249997922e-02,7.547240312499998993e-02,6.790268406249999611e-02,5.418502687499999332e-02,3.659540499999999058e-02,1.799985906249999823e-02,-3.343714062499999768e-03,3.214461249999999489e-03,-1.543166187499999710e-02,-3.445430406249999633e-02,-5.128526812499999143e-02,-6.661015593749998465e-02,-7.706839437499998779e-02,-8.437398812499997958e-02,-8.981946531249998533e-02,-9.289343437499998635e-02,-9.393869624999998114e-02,-9.332615031249998083e-02,-8.998805593749997778e-02,-8.798744718749998417e-02,-8.038400999999999186e-02,-7.264570031249999171e-02,-5.868077687499998613e-02,-4.077645249999999055e-02,-2.169199374999999930e-02,4.889128124999998814e-04,-3.626602799999999460e-01,-4.659448199999999818e-01,-4.973518800000000240e-01,-5.346123600000000087e-01,-5.781943762499999195e-01,-6.047629237499999588e-01,-6.105534037500000011e-01,-6.207457499999999850e-01,-6.275550712499999850e-01,-6.249941999999999442e-01,-6.160488524999999660e-01,-6.033113699999999024e-01,-5.802202574999999474e-01,-5.561260387499998847e-01,-5.117769412499999504e-01,-4.622038237500000202e-01,-3.887135062499999516e-01,-2.991459524999999786e-01,-1.973090325000000089e-01,3.706339912499999611e-01,4.702326075000000105e-01,4.998891487499999564e-01,5.366461087499999616e-01,5.774745000000000017e-01,6.059469825000000087e-01,6.128546474999999605e-01,6.234403687499999736e-01,6.306666675000000000e-01,6.283418212499999322e-01,6.192902624999999661e-01,6.067297987499999934e-01,5.836780237499999968e-01,5.594225212499999156e-01,5.150537549999999465e-01,4.662870562499999427e-01,3.938549174999999569e-01,3.074461649999999935e-01,2.051096587500000068e-01
cx*c/cref,9.401426687500000212e-02,8.934639781250000579e-02,8.846059750000000166e-02,9.213318531250000443e-02,8.324532375000000262e-02,9.211327968749999373e-02,8.802267375000000227e-02,1.050220775000000051e-01,9.959779468750000475e-02,1.230963850000000026e-01,8.854022000000000281e-02,6.675351343750000888e-02,-1.313771250000000078e-02,1.072017434374999967e-01,9.573610343749999751e-02,9.178483687499999766e-02,9.054073531249999529e-02,9.451190750000000584e-02,8.418088812500000573e-02,9.342705093749999190e-02,8.800276812500000545e-02,1.051614168750000106e-01,9.698020499999999988e-02,1.177915359374999971e-01,8.226994812499999199e-02,5.334707500000000074e-02,-3.621828468749999780e-02,5.195368125000000142e-02,1.566266812499999828e-01,1.566792296874999768e-01,1.455308765624999945e-01,1.687532437500000038e-01,1.559597203124999942e-01,1.580778265624999679e-01,1.554423203124999930e-01,1.609801171874999937e-01,1.617764281249999825e-01,1.893360624999999853e-01,2.199192531249999638e-01,2.678555546874999416e-01,2.822457421874999817e-01,2.483722109375000042e-01,1.551593671875000080e-01,1.537526859374999666e-01,1.401143453124999716e-01,1.635832859374999892e-01,1.466909843749999720e-01,1.473053968749999942e-01,1.426083749999999817e-01,1.449568859374999741e-01,1.406964203124999868e-01,1.643230062499999866e-01,1.887216499999999908e-01,2.356999531249999447e-01,2.366013609374999771e-01,1.605354765624999736e-01,3.090000000000000299e-03,1.047674999999999912e+00,-2.834999999999999847e-03,-1.785599999999999965e-01,-2.580000000000000002e-02,6.137549999999999395e-01,-2.864849999999999897e-01,-5.700000000000000205e-03,2.893499999999999961e-01,-3.314999999999999891e-02,-6.181656249999998784e-03,-1.560587218749999797e-02,-2.627765874999999848e-02,-3.211089437499999727e-02,-3.703936031249999150e-02,-3.932657312499999308e-02,-4.223195156249998777e-02,-4.335026937499999317e-02,-4.429999656249999224e-02,-4.456412187499998734e-02,-4.381108374999999333e-02,-4.409206812499999462e-02,-4.085512812499999397e-02,-3.805652374999999449e-02,-3.447116312499999558e-02,-2.969442874999999454e-02,-2.475472343749999388e-02,-1.570702656249999690e-02,-6.501978437499999174e-03,-5.861334062499999262e-03,-1.495398843749999769e-02,-2.529983312499999373e-02,-3.107125218749999529e-02,-3.589294406249999431e-02,-3.823073406249998668e-02,-4.112487312499998882e-02,-4.233310593749999018e-02,-4.325473468749999051e-02,-4.365373249999999344e-02,-4.297375031249998922e-02,-4.333341031249999392e-02,-4.013018843749999176e-02,-3.743835812499999444e-02,-3.393167312499999894e-02,-2.923923406249999413e-02,-2.427143031249999472e-02,-1.542604218749999735e-02,-6.355866562499999650e-03,2.205102899999999699e-01,3.065532037500000029e-01,3.085043437499999652e-01,3.071196637499999937e-01,2.707993499999999942e-01,2.585417850000000239e-01,2.708465549999999888e-01,2.635612500000000247e-01,2.560635224999999737e-01,2.560871249999999710e-01,2.544585524999999904e-01,2.500881562499999711e-01,2.435266612499999983e-01,2.320519124999999849e-01,2.258444549999999718e-01,2.063920612499999807e-01,1.894493999999999900e-01,1.477319812499999774e-01,8.945740874999999481e-02,2.316152662500000070e-01,3.081070349999999736e-01,3.069426449999999584e-01,3.036697649999999804e-01,2.751343425000000176e-01,2.659018312499999981e-01,2.779548412500000287e-01,2.705082524999999904e-01,2.631836099999999568e-01,2.630223262499999382e-01,2.615196337499999801e-01,2.565277049999999948e-01,2.491991287499999708e-01,2.378856637499999760e-01,2.315208562499999900e-01,2.117576962499999604e-01,1.947992999999999808e-01,1.549779487499999830e-01,1.009439587499999930e-01
cs*c/cref,-9.952812500000001535e-06,9.952812500000001535e-06,5.971687500000000243e-05,2.687259374999999804e-04,6.170743750000000274e-04,1.104762187500000136e-03,1.512827500000000179e-03,2.169713125000000131e-03,2.518061562499999961e-03,2.687259375000000238e-03,2.169713125000000131e-03,1.636242375000000054e-02,-2.121840096874999804e-01,-2.279194062500000117e-01,9.952812500000001535e-06,3.981125000000000614e-05,3.981125000000000614e-05,-9.952812500000001535e-06,-1.691978125000000058e-04,-4.777350000000000194e-04,-6.071215624999999920e-04,-8.360362500000000476e-04,-7.265553124999999833e-04,-9.952812500000000179e-05,7.265553124999999833e-04,-1.117700843750000020e-02,2.172997553125000092e-01,2.291236965625000066e-01,-0.000000000000000000e+00,1.172234374999999855e-04,3.233749999999999998e-05,-1.091390624999999940e-04,-1.212656249999999915e-05,3.637968749999999574e-05,-4.042187499999999997e-06,-1.212656249999999915e-05,4.648515624999999328e-04,3.197370312499999995e-03,8.056079687499998615e-03,2.903503281250000012e-02,2.703414999999999638e-02,3.302467187499999804e-03,-2.021093749999999914e-05,-2.101937499999999694e-04,-8.892812499999998808e-05,7.680156250000000080e-05,-9.701249999999999316e-05,-1.980671874999999685e-04,-1.899828124999999770e-04,-2.627421874999999549e-04,-2.182781249999999880e-04,-1.406681249999999772e-03,-4.308971874999999521e-03,-1.865873749999999789e-02,-9.717418749999998107e-03,6.018817187499999992e-03,-3.485249999999999737e-01,3.108600000000000252e-01,-1.904460000000000264e+00,-1.658099999999999907e+00,1.552650000000000141e-01,8.992049999999999210e-01,1.255605000000000082e+00,7.758749999999999813e-01,6.673649999999999860e-01,-3.484649999999999692e-01,-3.916922187499998799e-03,1.502142468749999814e-02,3.361697062499999222e-02,5.004331718749999158e-02,6.486243312499997971e-02,7.493853281249998610e-02,8.165405937499999045e-02,8.656566624999999238e-02,8.910014531249998981e-02,8.978012749999998710e-02,8.884163968749998752e-02,8.525627906249999555e-02,8.314327656249997922e-02,7.547240312499998993e-02,6.790268406249999611e-02,5.418502687499999332e-02,3.659540499999999058e-02,1.799985906249999823e-02,-3.343714062499999768e-03,3.214461249999999489e-03,-1.543166187499999710e-02,-3.445430406249999633e-02,-5.128526812499999143e-02,-6.661015593749998465e-02,-7.706839437499998779e-02,-8.437398812499997958e-02,-8.981946531249998533e-02,-9.289343437499998635e-02,-9.393869624999998114e-02,-9.332615031249998083e-02,-8.998805593749997778e-02,-8.798744718749998417e-02,-8.038400999999999186e-02,-7.264570031249999171e-02,-5.868077687499998613e-02,-4.077645249999999055e-02,-2.169199374999999930e-02,4.889128124999998814e-04,-3.626602799999999460e-01,-4.659448199999999818e-01,-4.973518800000000240e-01,-5.346123600000000087e-01,-5.781943762499999195e-01,-6.047629237499999588e-01,-6.105534037500000011e-01,-6.207457499999999850e-01,-6.275550712499999850e-01,-6.249941999999999442e-01,-6.160488524999999660e-01,-6.033113699999999024e-01,-5.802202574999999474e-01,-5.561260387499998847e-01,-5.117769412499999504e-01,-4.622038237500000202e-01,-3.887135062499999516e-01,-2.991459524999999786e-01,-1.973090325000000089e-01,3.706339912499999611e-01,4.702326075000000105e-01,4.998891487499999564e-01,5.366461087499999616e-01,5.774745000000000017e-01,6.059469825000000087e-01,6.128546474999999605e-01,6.234403687499999736e-01,6.306666675000000000e-01,6.283418212499999322e-01,6.192902624999999661e-01,6.067297987499999934e-01,5.836780237499999968e-01,5.594225212499999156e-01,5.150537549999999465e-01,4.662870562499999427e-01,3.938549174999999569e-01,3.074461649999999935e-01,2.051096587500000068e-01
cd*c/cref,9.401426687500000212e-02,8.934639781250000579e-02,8.846059750000000166e-02,9.213318531250000443e-02,8.324532375000000262e-02,9.211327968749999373e-02,8.802267375000000227e-02,1.050220775000000051e-01,9.959779468750000475e-02,1.230963850000000026e-01,8.854022000000000281e-02,6.675351343750000888e-02,-1.313771250000000078e-02,1.072017434374999967e-01,9.573610343749999751e-02,9.178483687499999766e-02,9.054073531249999529e-02,9.451190750000000584e-02,8.418088812500000573e-02,9.342705093749999190e-02,8.800276812500000545e-02,1.051614168750000106e-01,9.698020499999999988e-02,1.177915359374999971e-01,8.226994812499999199e-02,5.334707500000000074e-02,-3.621828468749999780e-02,5.195368125000000142e-02,1.566266812499999828e-01,1.566792296874999768e-01,1.455308765624999945e-01,1.687532437500000038e-01,1.559597203124999942e-01,1.580778265624999679e-01,1.554423203124999930e-01,1.609801171874999937e-01,1.617764281249999825e-01,1.893360624999999853e-01,2.199192531249999638e-01,2.678555546874999416e-01,2.822457421874999817e-01,2.483722109375000042e-01,1.551593671875000080e-01,1.537526859374999666e-01,1.401143453124999716e-01,1.635832859374999892e-01,1.466909843749999720e-01,1.473053968749999942e-01,1.426083749999999817e-01,1.449568859374999741e-01,1.406964203124999868e-01,1.643230062499999866e-01,1.887216499999999908e-01,2.356999531249999447e-01,2.366013609374999771e-01,1.605354765624999736e-01,3.090000000000000299e-03,1.047674999999999912e+00,-2.834999999999999847e-03,-1.785599999999999965e-01,-2.580000000000000002e-02,6.137549999999999395e-01,-2.864849999999999897e-01,-5.700000000000000205e-03,2.893499999999999961e-01,-3.314999999999999891e-02,-6.181656249999998784e-03,-1.560587218749999797e-02,-2.627765874999999848e-02,-3.211089437499999727e-02,-3.703936031249999150e-02,-3.932657312499999308e-02,-4.223195156249998777e-02,-4.335026937499999317e-02,-4.429999656249999224e-02,-4.456412187499998734e-02,-4.381108374999999333e-02,-4.409206812499999462e-02,-4.085512812499999397e-02,-3.805652374999999449e-02,-3.447116312499999558e-02,-2.969442874999999454e-02,-2.475472343749999388e-02,-1.570702656249999690e-02,-6.501978437499999174e-03,-5.861334062499999262e-03,-1.495398843749999769e-02,-2.529983312499999373e-02,-3.107125218749999529e-02,-3.589294406249999431e-02,-3.823073406249998668e-02,-4.112487312499998882e-02,-4.233310593749999018e-02,-4.325473468749999051e-02,-4.365373249999999344e-02,-4.297375031249998922e-02,-4.333341031249999392e-02,-4.013018843749999176e-02,-3.743835812499999444e-02,-3.393167312499999894e-02,-2.923923406249999413e-02,-2.427143031249999472e-02,-1.542604218749999735e-02,-6.355866562499999650e-03,2.205102899999999699e-01,3.065532037500000029e-01,3.085043437499999652e-01,3.071196637499999937e-01,2.707993499999999942e-01,2.585417850000000239e-01,2.708465549999999888e-01,2.635612500000000247e-01,2.560635224999999737e-01,2.560871249999999710e-01,2.544585524999999904e-01,2.500881562499999711e-01,2.435266612499999983e-01,2.320519124999999849e-01,2.258444549999999718e-01,2.063920612499999807e-01,1.894493999999999900e-01,1.477319812499999774e-01,8.945740874999999481e-02,2.316152662500000070e-01,3.081070349999999736e-01,3.069426449999999584e-01,3.036697649999999804e-01,2.751343425000000176e-01,2.659018312499999981e-01,2.779548412500000287e-01,2.705082524999999904e-01,2.631836099999999568e-01,2.630223262499999382e-01,2.615196337499999801e-01,2.565277049999999948e-01,2.491991287499999708e-01,2.378856637499999760e-01,2.315208562499999900e-01,2.117576962499999604e-01,1.947992999999999808e-01,1.549779487499999830e-01,1.009439587499999930e-01
cmz,-6.890000000000000291e-03,-1.961999999999999855e-02,-3.237999999999999906e-02,-4.719000000000000278e-02,-5.475000000000000006e-02,-7.391000000000000347e-02,-8.337999999999999579e-02,-1.147399999999999948e-01,-1.232199999999999962e-01,-1.698800000000000032e-01,-1.341900000000000037e-01,-1.031099999999999933e-01,-7.566000000000000503e-02,-3.117699999999999916e-01,7.020000000000000198e-03,2.018000000000000002e-02,3.316999999999999810e-02,4.850999999999999757e-02,5.553000000000000297e-02,7.520000000000000295e-02,8.366999999999999438e-02,1.153700000000000003e-01,1.206499999999999934e-01,1.635699999999999932e-01,1.260300000000000031e-01,8.337999999999999579e-02,3.543999999999999928e-02,2.045800000000000118e-01,-6.954000000000000459e-02,-2.081000000000000072e-01,-3.230000000000000093e-01,-5.248800000000000132e-01,-6.233300000000000507e-01,-7.718399999999999705e-01,-8.973100000000000520e-01,-1.072079999999999922e+00,-1.220029999999999948e+00,-1.584759999999999946e+00,-2.014569999999999972e+00,-2.618570000000000064e+00,-3.024439999999999795e+00,-2.952109999999999790e+00,6.880000000000000004e-02,2.037700000000000067e-01,3.106599999999999917e-01,5.086600000000000010e-01,5.857900000000000329e-01,7.184599999999999875e-01,8.222800000000000109e-01,9.639600000000000390e-01,1.061960000000000015e+00,1.381930000000000103e+00,1.740339999999999998e+00,2.332289999999999974e+00,2.584579999999999878e+00,1.945149999999999935e+00,3.114000000000000101e-02,-7.241499999999999604e-01,-7.127099999999999547e-01,-7.079800000000000537e-01,-4.315000000000000085e-02,7.704400000000000137e-01,1.211300000000000016e-01,3.396500000000000075e-01,7.134899999999999576e-01,-2.599999999999999881e-02,8.631999999999999396e-02,1.683199999999999974e-01,2.556999999999999829e-01,3.100200000000000178e-01,3.512799999999999812e-01,3.750000000000000000e-01,3.998099999999999987e-01,4.116400000000000059e-01,4.183600000000000096e-01,4.199899999999999745e-01,4.142299999999999871e-01,4.103200000000000180e-01,3.878099999999999881e-01,3.626900000000000124e-01,3.330299999999999927e-01,2.912699999999999734e-01,2.438800000000000134e-01,1.702400000000000024e-01,8.805999999999999939e-02,-8.193999999999999895e-02,-1.607999999999999985e-01,-2.448700000000000043e-01,-2.977699999999999791e-01,-3.377299999999999747e-01,-3.611599999999999810e-01,-3.855799999999999783e-01,-3.976500000000000035e-01,-4.041199999999999792e-01,-4.063499999999999890e-01,-4.010000000000000231e-01,-3.975699999999999790e-01,-3.754199999999999759e-01,-3.512299999999999867e-01,-3.223199999999999954e-01,-2.816100000000000270e-01,-2.349799999999999944e-01,-1.635900000000000132e-01,-8.386000000000000398e-02,-3.064290000000000180e+00,-4.093860000000000277e+00,-4.047649999999999970e+00,-4.031869999999999621e+00,-3.656699999999999839e+00,-3.535379999999999967e+00,-3.652660000000000018e+00,-3.573189999999999866e+00,-3.493370000000000086e+00,-3.486050000000000093e+00,-3.454410000000000203e+00,-3.393019999999999925e+00,-3.293260000000000076e+00,-3.148460000000000036e+00,-3.024649999999999839e+00,-2.761940000000000062e+00,-2.497440000000000104e+00,-1.966920000000000002e+00,-1.202439999999999953e+00,3.214339999999999975e+00,4.121839999999999726e+00,4.040399999999999991e+00,4.003129999999999633e+00,3.711390000000000189e+00,3.628969999999999807e+00,3.745130000000000070e+00,3.663759999999999906e+00,3.585949999999999971e+00,3.576369999999999827e+00,3.545350000000000001e+00,3.476999999999999869e+00,3.368129999999999846e+00,3.224419999999999842e+00,3.098479999999999901e+00,2.833810000000000162e+00,2.569819999999999993e+00,2.065189999999999859e+00,1.352640000000000065e+00
cmy,6.457999999999999852e-02,6.922999999999999987e-02,7.008999999999999952e-02,6.665999999999999703e-02,7.675999999999999490e-02,7.155999999999999861e-02,7.863000000000000544e-02,6.840999999999999859e-02,8.352999999999999314e-02,6.630999999999999395e-02,7.861999999999999544e-02,1.017000000000000022e-02,-3.323000000000000259e-02,4.154999999999999666e-02,6.176999999999999852e-02,6.479999999999999649e-02,6.506000000000000671e-02,5.997999999999999859e-02,6.995999999999999441e-02,6.295000000000000595e-02,6.944999999999999785e-02,5.680999999999999939e-02,7.205000000000000293e-02,5.347999999999999976e-02,6.212000000000000161e-02,-4.930000000000000354e-03,-6.045999999999999985e-02,1.221000000000000037e-02,1.028620000000000090e+00,1.036799999999999944e+00,1.046359999999999957e+00,1.051050000000000040e+00,1.084310000000000107e+00,1.078910000000000036e+00,1.084759999999999946e+00,1.070170000000000066e+00,1.121860000000000079e+00,1.160919999999999952e+00,1.354749999999999899e+00,1.614789999999999948e+00,1.977579999999999893e+00,1.932860000000000023e+00,1.032359999999999944e+00,1.022350000000000092e+00,1.026440000000000019e+00,1.003910000000000080e+00,1.034180000000000099e+00,1.012629999999999919e+00,1.004340000000000011e+00,9.709999999999999742e-01,9.985699999999999577e-01,1.020340000000000025e+00,1.207559999999999967e+00,1.457230000000000025e+00,1.837650000000000006e+00,1.842870000000000008e+00,-1.236499999999999960e-01,-2.560299999999999798e-01,-4.515999999999999875e-02,6.540999999999999592e-02,2.905900000000000150e-01,-2.177600000000000091e-01,3.318999999999999728e-02,-1.685200000000000031e-01,2.586000000000000104e-02,1.941400000000000070e-01,1.404999999999999999e-02,3.411000000000000143e-02,5.528000000000000275e-02,6.424000000000000543e-02,7.001999999999999891e-02,7.002999999999999503e-02,7.059999999999999609e-02,6.775000000000000466e-02,6.439000000000000279e-02,5.988999999999999879e-02,5.408999999999999919e-02,4.963000000000000050e-02,4.152000000000000135e-02,3.450999999999999901e-02,2.750000000000000014e-02,2.046999999999999861e-02,1.443000000000000012e-02,7.599999999999999985e-03,2.520000000000000104e-03,1.336000000000000035e-02,3.273999999999999827e-02,5.326000000000000179e-02,6.219000000000000222e-02,6.787999999999999590e-02,6.808000000000000163e-02,6.876000000000000167e-02,6.617000000000000659e-02,6.288000000000000533e-02,5.868000000000000299e-02,5.306999999999999912e-02,4.879000000000000004e-02,4.080999999999999905e-02,3.397000000000000020e-02,2.708999999999999950e-02,2.017000000000000043e-02,1.413999999999999979e-02,7.440000000000000432e-03,2.449999999999999921e-03,-7.537300000000000111e-01,-1.065029999999999921e+00,-1.295819999999999972e+00,-1.256459999999999910e+00,-1.039970000000000061e+00,-9.332700000000000440e-01,-9.217100000000000293e-01,-8.410100000000000353e-01,-7.608899999999999553e-01,-7.049900000000000055e-01,-6.446199999999999708e-01,-5.786299999999999777e-01,-5.117699999999999472e-01,-4.389100000000000223e-01,-3.791599999999999970e-01,-3.049999999999999933e-01,-2.648199999999999998e-01,-3.307700000000000085e-01,-2.224800000000000111e-01,-8.094700000000000228e-01,-1.068920000000000092e+00,-1.277460000000000040e+00,-1.236080000000000068e+00,-1.055299999999999905e+00,-9.593300000000000161e-01,-9.458600000000000341e-01,-8.630200000000000093e-01,-7.818000000000000504e-01,-7.237999999999999989e-01,-6.621899999999999453e-01,-5.933100000000000041e-01,-5.235600000000000254e-01,-4.496999999999999886e-01,-3.886100000000000110e-01,-3.136399999999999744e-01,-2.735000000000000209e-01,-3.392100000000000115e-01,-2.307200000000000084e-01
FC_Roll__Rate,0.000000000000000000e+00
FC_Bref_,1.300000000000000044e+00
AnalysisMethod,0
FC_Vinf_,1.000000000000000000e+02
cs,-1.000000000000000082e-05,1.000000000000000082e-05,6.000000000000000152e-05,2.700000000000000035e-04,6.199999999999999999e-04,1.110000000000000092e-03,1.520000000000000084e-03,2.180000000000000080e-03,2.530000000000000131e-03,2.700000000000000143e-03,2.180000000000000080e-03,1.643999999999999975e-02,-2.131899999999999906e-01,-2.290000000000000091e-01,1.000000000000000082e-05,4.000000000000000327e-05,4.000000000000000327e-05,-1.000000000000000082e-05,-1.700000000000000122e-04,-4.800000000000000122e-04,-6.099999999999999737e-04,-8.400000000000000348e-04,-7.299999999999999632e-04,-1.000000000000000048e-04,7.299999999999999632e-04,-1.123000000000000040e-02,2.183299999999999963e-01,2.302099999999999980e-01,-0.000000000000000000e+00,2.900000000000000017e-04,8.000000000000000654e-05,-2.700000000000000035e-04,-3.000000000000000076e-05,9.000000000000000567e-05,-1.000000000000000082e-05,-3.000000000000000076e-05,1.149999999999999981e-03,7.910000000000000364e-03,1.992999999999999980e-02,7.183000000000000496e-02,6.687999999999999501e-02,8.170000000000000179e-03,-5.000000000000000240e-05,-5.199999999999999544e-04,-2.200000000000000078e-04,1.900000000000000105e-04,-2.400000000000000061e-04,-4.899999999999999842e-04,-4.699999999999999859e-04,-6.499999999999999702e-04,-5.400000000000000069e-04,-3.480000000000000020e-03,-1.065999999999999934e-02,-4.615999999999999964e-02,-2.403999999999999887e-02,1.489000000000000046e-02,-2.323500000000000010e-01,2.072400000000000075e-01,-1.269640000000000102e+00,-1.105399999999999938e+00,1.035100000000000048e-01,5.994699999999999473e-01,8.370699999999999807e-01,5.172499999999999876e-01,4.449100000000000277e-01,-2.323099999999999887e-01,-6.969999999999999633e-03,2.673000000000000029e-02,5.981999999999999817e-02,8.905000000000000415e-02,1.154199999999999948e-01,1.333499999999999963e-01,1.453000000000000125e-01,1.540400000000000102e-01,1.585499999999999965e-01,1.597600000000000131e-01,1.580900000000000083e-01,1.517100000000000115e-01,1.479499999999999982e-01,1.343000000000000027e-01,1.208300000000000068e-01,9.642000000000000570e-02,6.511999999999999733e-02,3.203000000000000291e-02,-5.950000000000000427e-03,5.720000000000000258e-03,-2.745999999999999830e-02,-6.131000000000000338e-02,-9.125999999999999390e-02,-1.185299999999999965e-01,-1.371400000000000119e-01,-1.501399999999999957e-01,-1.598299999999999998e-01,-1.653000000000000025e-01,-1.671600000000000030e-01,-1.660699999999999954e-01,-1.601299999999999946e-01,-1.565699999999999870e-01,-1.430400000000000005e-01,-1.292699999999999960e-01,-1.044199999999999989e-01,-7.255999999999999950e-02,-3.860000000000000236e-02,8.700000000000000051e-04,-9.219199999999999617e-01,-1.184479999999999977e+00,-1.264320000000000110e+00,-1.359040000000000026e+00,-1.469829999999999970e+00,-1.537369999999999903e+00,-1.552089999999999970e+00,-1.578000000000000069e+00,-1.595310000000000006e+00,-1.588799999999999990e+00,-1.566060000000000008e+00,-1.533679999999999932e+00,-1.474979999999999958e+00,-1.413729999999999931e+00,-1.300990000000000091e+00,-1.174970000000000070e+00,-9.881499999999999728e-01,-7.604600000000000248e-01,-5.015800000000000258e-01,9.421899999999999720e-01,1.195380000000000109e+00,1.270769999999999955e+00,1.364209999999999923e+00,1.467999999999999972e+00,1.540380000000000082e+00,1.557940000000000103e+00,1.584850000000000092e+00,1.603220000000000089e+00,1.597310000000000008e+00,1.574300000000000033e+00,1.542370000000000019e+00,1.483770000000000033e+00,1.422109999999999985e+00,1.309320000000000039e+00,1.185349999999999904e+00,1.001219999999999999e+00,7.815600000000000325e-01,5.214100000000000401e-01
FC_Rho_,2.377000000000000206e-03
FC_Mach_,5.000000000000000278e-02
Chord,3.184899999999999953e-01,3.184899999999999953e-01,3.184899999999999953e-01,3.184899999999999953e-01,3.184899999999999953e-01,3.184899999999999953e-01,3.184899999999999953e-01,3.184899999999999953e-01,3.184899999999999953e-01,3.184899999999999953e-01,3.184899999999999953e-01,3.184899999999999953e-01,3.184899999999999953e-01,3.184899999999999953e-01,3.184899999999999953e-01,3.184899999999999953e-01,3.184899999999999953e-01,3.184899999999999953e-01,3.184899999999999953e-01,3.184899999999999953e-01,3.184899999999999953e-01,3.184899999999999953e-01,3.184899999999999953e-01,3.184899999999999953e-01,3.184899999999999953e-01,3.184899999999999953e-01,3.184899999999999953e-01,3.184899999999999953e-01,1.293499999999999928e-01,1.293499999999999928e-01,1.293499999999999928e-01,1.293499999999999928e-01,1.293499999999999928e-01,1.293499999999999928e-01,1.293499999999999928e-01,1.293499999999999928e-01,1.293499999999999928e-01,1.293499999999999928e-01,1.293499999999999928e-01,1.293499999999999928e-01,1.293499999999999928e-01,1.293499999999999928e-01,1.293499999999999928e-01,1.293499999999999928e-01,1.293499999999999928e-01,1.293499999999999928e-01,1.293499999999999928e-01,1.293499999999999928e-01,1.293499999999999928e-01,1.293499999999999928e-01,1.293499999999999928e-01,1.293499999999999928e-01,1.293499999999999928e-01,1.293499999999999928e-01,1.293499999999999928e-01,1.293499999999999928e-01,4.799999999999999822e-01,4.799999999999999822e-01,4.799999999999999822e-01,4.799999999999999822e-01,4.799999999999999822e-01,4.799999999999999822e-01,4.799999999999999822e-01,4.799999999999999822e-01,4.799999999999999822e-01,4.799999999999999822e-01,1.798299999999999899e-01,1.798299999999999899e-01,1.798299999999999899e-01,1.798299999999999899e-01,1.798299999999999899e-01,1.798299999999999899e-01,1.798299999999999899e-01,1.798299999999999899e-01,1.798299999999999899e-01,1.798299999999999899e-01,1.798299999999999899e-01,1.798299999999999899e-01,1.798299999999999899e-01,1.798299999999999899e-01,1.798299999999999899e-01,1.798299999999999899e-01,1.798299999999999899e-01,1.798299999999999899e-01,1.798299999999999899e-01,1.798299999999999899e-01,1.798299999999999899e-01,1.798299999999999899e-01,1.798299999999999899e-01,1.798299999999999899e-01,1.798299999999999899e-01,1.798299999999999899e-01,1.798299999999999899e-01,1.798299999999999899e-01,1.798299999999999899e-01,1.798299999999999899e-01,1.798299999999999899e-01,1.798299999999999899e-01,1.798299999999999899e-01,1.798299999999999899e-01,1.798299999999999899e-01,1.798299999999999899e-01,1.798299999999999899e-01,1.798299999999999899e-01,1.258799999999999919e-01,1.258799999999999919e-01,1.258799999999999919e-01,1.258799999999999919e-01,1.258799999999999919e-01,1.258799999999999919e-01,1.258799999999999919e-01,1.258799999999999919e-01,1.258799999999999919e-01,1.258799999999999919e-01,1.258799999999999919e-01,1.258799999999999919e-01,1.258799999999999919e-01,1.258799999999999919e-01,1.258799999999999919e-01,1.258799999999999919e-01,1.258799999999999919e-01,1.258799999999999919e-01,1.258799999999999919e-01,1.258799999999999919e-01,1.258799999999999919e-01,1.258799999999999919e-01,1.258799999999999919e-01,1.258799999999999919e-01,1.258799999999999919e-01,1.258799999999999919e-01,1.258799999999999919e-01,1.258799999999999919e-01,1.258799999999999919e-01,1.258799999999999919e-01,1.258799999999999919e-01,1.258799999999999919e-01,1.258799999999999919e-01,1.258799999999999919e-01,1.258799999999999919e-01,1.258799999999999919e-01,1.258799999999999919e-01,1.258799999999999919e-01
cy,-1.000000000000000082e-05,1.000000000000000082e-05,6.000000000000000152e-05,2.700000000000000035e-04,6.199999999999999999e-04,1.110000000000000092e-03,1.520000000000000084e-03,2.180000000000000080e-03,2.530000000000000131e-03,2.700000000000000143e-03,2.180000000000000080e-03,1.643999999999999975e-02,-2.131899999999999906e-01,-2.290000000000000091e-01,1.000000000000000082e-05,4.000000000000000327e-05,4.000000000000000327e-05,-1.000000000000000082e-05,-1.700000000000000122e-04,-4.800000000000000122e-04,-6.099999999999999737e-04,-8.400000000000000348e-04,-7.299999999999999632e-04,-1.000000000000000048e-04,7.299999999999999632e-04,-1.123000000000000040e-02,2.183299999999999963e-01,2.302099999999999980e-01,-0.000000000000000000e+00,2.900000000000000017e-04,8.000000000000000654e-05,-2.700000000000000035e-04,-3.000000000000000076e-05,9.000000000000000567e-05,-1.000000000000000082e-05,-3.000000000000000076e-05,1.149999999999999981e-03,7.910000000000000364e-03,1.992999999999999980e-02,7.183000000000000496e-02,6.687999999999999501e-02,8.170000000000000179e-03,-5.000000000000000240e-05,-5.199999999999999544e-04,-2.200000000000000078e-04,1.900000000000000105e-04,-2.400000000000000061e-04,-4.899999999999999842e-04,-4.699999999999999859e-04,-6.499999999999999702e-04,-5.400000000000000069e-04,-3.480000000000000020e-03,-1.065999999999999934e-02,-4.615999999999999964e-02,-2.403999999999999887e-02,1.489000000000000046e-02,-2.323500000000000010e-01,2.072400000000000075e-01,-1.269640000000000102e+00,-1.105399999999999938e+00,1.035100000000000048e-01,5.994699999999999473e-01,8.370699999999999807e-01,5.172499999999999876e-01,4.449100000000000277e-01,-2.323099999999999887e-01,-6.969999999999999633e-03,2.673000000000000029e-02,5.981999999999999817e-02,8.905000000000000415e-02,1.154199999999999948e-01,1.333499999999999963e-01,1.453000000000000125e-01,1.540400000000000102e-01,1.585499999999999965e-01,1.597600000000000131e-01,1.580900000000000083e-01,1.517100000000000115e-01,1.479499999999999982e-01,1.343000000000000027e-01,1.208300000000000068e-01,9.642000000000000570e-02,6.511999999999999733e-02,3.203000000000000291e-02,-5.950000000000000427e-03,5.720000000000000258e-03,-2.745999999999999830e-02,-6.131000000000000338e-02,-9.125999999999999390e-02,-1.185299999999999965e-01,-1.371400000000000119e-01,-1.501399999999999957e-01,-1.598299999999999998e-01,-1.653000000000000025e-01,-1.671600000000000030e-01,-1.660699999999999954e-01,-1.601299999999999946e-01,-1.565699999999999870e-01,-1.430400000000000005e-01,-1.292699999999999960e-01,-1.044199999999999989e-01,-7.255999999999999950e-02,-3.860000000000000236e-02,8.700000000000000051e-04,-9.219199999999999617e-01,-1.184479999999999977e+00,-1.264320000000000110e+00,-1.359040000000000026e+00,-1.469829999999999970e+00,-1.537369999999999903e+00,-1.552089999999999970e+00,-1.578000000000000069e+00,-1.595310000000000006e+00,-1.588799999999999990e+00,-1.566060000000000008e+00,-1.533679999999999932e+00,-1.474979999999999958e+00,-1.413729999999999931e+00,-1.300990000000000091e+00,-1.174970000000000070e+00,-9.881499999999999728e-01,-7.604600000000000248e-01,-5.015800000000000258e-01,9.421899999999999720e-01,1.195380000000000109e+00,1.270769999999999955e+00,1.364209999999999923e+00,1.467999999999999972e+00,1.540380000000000082e+00,1.557940000000000103e+00,1.584850000000000092e+00,1.603220000000000089e+00,1.597310000000000008e+00,1.574300000000000033e+00,1.542370000000000019e+00,1.483770000000000033e+00,1.422109999999999985e+00,1.309320000000000039e+00,1.185349999999999904e+00,1.001219999999999999e+00,7.815600000000000325e-01,5.214100000000000401e-01
cmz*c/cref,-6.857487812500000224e-03,-1.952741812499999771e-02,-3.222720687499999737e-02,-4.696732218750000049e-02,-5.449164843749999820e-02,-7.356123718750000318e-02,-8.298655062500000235e-02,-1.141985706249999954e-01,-1.226385556249999925e-01,-1.690783787500000079e-01,-1.335567909375000029e-01,-1.026234496874999930e-01,-7.530297937500000927e-02,-3.102988353125000209e-01,6.986874375000000359e-03,2.008477562499999883e-02,3.301347906249999659e-02,4.828109343749999866e-02,5.526796781250000595e-02,7.484514999999999918e-02,8.327518218749999090e-02,1.148255978124999993e-01,1.200806828124999920e-01,1.627981540625000056e-01,1.254352959374999965e-01,8.298655062500000235e-02,3.527276749999999628e-02,2.036146381250000248e-01,-2.810937187500000059e-02,-8.411792187500000129e-02,-1.305626562499999921e-01,-2.121663374999999963e-01,-2.519616734374999778e-01,-3.119921999999999418e-01,-3.627095265624999954e-01,-4.333548374999999231e-01,-4.931590015624999213e-01,-6.405897062499998906e-01,-8.143269671874998616e-01,-1.058475092187499911e+00,-1.222535356249999872e+00,-1.193298214062499696e+00,2.781024999999999817e-02,8.236765468749999985e-02,1.255745968749999719e-01,2.056099093749999829e-01,2.367873015624999966e-01,2.904150031249999597e-01,3.323809937499999645e-01,3.896507062499999785e-01,4.292641437499999379e-01,5.586020171875000218e-01,7.034780593749999644e-01,9.427553484374998627e-01,1.044735696874999897e+00,7.862661015624998750e-01,4.671000000000000152e-02,-1.086224999999999996e+00,-1.069064999999999932e+00,-1.061970000000000081e+00,-6.472500000000000475e-02,1.155660000000000132e+00,1.816949999999999954e-01,5.094750000000000112e-01,1.070234999999999825e+00,-3.899999999999999994e-02,4.850914249999999095e-02,9.459057999999997968e-02,1.436954093749999717e-01,1.742215518749999914e-01,1.974083824999999515e-01,2.107382812499999647e-01,2.246807259374999644e-01,2.313288162499999578e-01,2.351052462499999551e-01,2.360212553124999557e-01,2.327843153124999620e-01,2.305870174999999633e-01,2.179371009374999613e-01,2.038204459374999833e-01,1.871524528124999531e-01,1.636846378124999501e-01,1.370529387499999918e-01,9.566955999999998683e-02,4.948696812499998876e-02,-4.604771937499999024e-02,-9.036457499999998866e-02,-1.376092878124999808e-01,-1.673374346874999530e-01,-1.897937059374999458e-01,-2.029606337499999524e-01,-2.166839106249999480e-01,-2.234668734374999632e-01,-2.271028112499999529e-01,-2.283560015624999662e-01,-2.253494687499999760e-01,-2.234219159374999375e-01,-2.109743081249999541e-01,-1.973802840624999666e-01,-1.811337674999999592e-01,-1.582560196874999991e-01,-1.320514168749999662e-01,-9.193246781249998778e-02,-4.712669937499999739e-02,-1.205415078749999980e+00,-1.610422177500000052e+00,-1.592244318749999943e+00,-1.586036861249999763e+00,-1.438454362499999917e+00,-1.390730107499999813e+00,-1.436865127499999950e+00,-1.405603616249999854e+00,-1.374204423749999959e+00,-1.371324918749999844e+00,-1.358878533750000006e+00,-1.334729242499999913e+00,-1.295486152499999877e+00,-1.238525452500000013e+00,-1.189821693749999909e+00,-1.086478147500000047e+00,-9.824304600000000054e-01,-7.737371549999999543e-01,-4.730098349999999341e-01,1.264440997499999941e+00,1.621428809999999832e+00,1.589392349999999787e+00,1.574731263749999721e+00,1.459968041250000015e+00,1.427546073749999866e+00,1.473240513749999980e+00,1.441231589999999896e+00,1.410623081249999800e+00,1.406854548749999934e+00,1.394652056249999994e+00,1.367764874999999769e+00,1.324938138749999883e+00,1.268406217499999933e+00,1.218864569999999814e+00,1.114750008749999965e+00,1.010902942500000012e+00,8.123941162499999091e-01,5.320947600000000000e-01
FC_AoA_,0.000000000000000000e+00
FC_Zcg_,3.058170000000000055e-01
cl,-1.643939999999999957e+00,-1.643010000000000081e+00,-1.640169999999999906e+00,-1.630949999999999900e+00,-1.614970000000000017e+00,-1.594019999999999992e+00,-1.565160000000000107e+00,-1.530219999999999914e+00,-1.485959999999999948e+00,-1.420039999999999969e+00,-1.288550000000000084e+00,-1.054000000000000048e+00,-6.989900000000000002e-01,-1.135650000000000048e+00,-1.641890000000000072e+00,-1.638330000000000064e+00,-1.631780000000000008e+00,-1.617289999999999894e+00,-1.595369999999999955e+00,-1.568140000000000089e+00,-1.532049999999999912e+00,-1.489160000000000039e+00,-1.435990000000000100e+00,-1.359259999999999913e+00,-1.216360000000000108e+00,-9.676399999999999446e-01,-5.741300000000000292e-01,-9.666799999999999837e-01,-9.175699999999999967e-01,-9.224700000000000122e-01,-9.081900000000000528e-01,-9.555299999999999905e-01,-9.488100000000000422e-01,-9.500600000000000156e-01,-9.491899999999999782e-01,-9.526200000000000223e-01,-9.800699999999999967e-01,-1.064939999999999998e+00,-1.251779999999999893e+00,-1.521630000000000038e+00,-1.844950000000000090e+00,-1.829350000000000032e+00,-9.155299999999999550e-01,-9.064999999999999725e-01,-8.820599999999999552e-01,-9.154999999999999805e-01,-8.968199999999999505e-01,-8.849000000000000199e-01,-8.700499999999999901e-01,-8.548599999999999532e-01,-8.557500000000000107e-01,-9.178100000000000147e-01,-1.083669999999999911e+00,-1.334729999999999972e+00,-1.623269999999999991e+00,-1.543970000000000065e+00,5.481899999999999551e-01,8.182000000000000384e-02,-1.139000000000000082e-02,2.965999999999999887e-02,-4.253100000000000214e-01,3.235899999999999888e-01,4.691799999999999859e-01,3.115399999999999836e-01,-9.181999999999999884e-02,-2.577699999999999991e-01,-1.593999999999999931e-02,-1.888000000000000095e-02,-2.729999999999999788e-03,1.800000000000000113e-04,-4.299999999999999894e-04,-5.100000000000000366e-04,-6.000000000000000152e-05,8.000000000000000654e-05,4.000000000000000327e-05,-1.000000000000000082e-05,-1.000000000000000048e-04,-1.200000000000000030e-04,2.000000000000000164e-05,1.600000000000000131e-04,2.000000000000000164e-05,1.800000000000000113e-04,1.690000000000000096e-03,8.500000000000000611e-03,7.049999999999999843e-03,-1.448999999999999941e-02,-1.729999999999999941e-02,-2.769999999999999893e-03,-1.499999999999999869e-04,-6.499999999999999702e-04,-6.700000000000000226e-04,-2.000000000000000096e-04,2.000000000000000164e-05,6.000000000000000152e-05,6.999999999999999387e-05,6.000000000000000152e-05,1.100000000000000039e-04,3.299999999999999982e-04,5.100000000000000366e-04,4.699999999999999859e-04,7.600000000000000418e-04,2.230000000000000211e-03,8.290000000000000493e-03,6.610000000000000424e-03,-3.645700000000000052e-01,-4.125300000000000078e-01,-4.411999999999999950e-02,2.710000000000000169e-03,-6.470000000000000057e-03,-8.750000000000000833e-03,-3.769999999999999914e-03,-1.000000000000000082e-05,1.379999999999999933e-03,2.720000000000000195e-03,3.840000000000000097e-03,4.989999999999999644e-03,8.109999999999999154e-03,1.156000000000000083e-02,1.370000000000000037e-02,1.859999999999999848e-02,5.224999999999999784e-02,2.433599999999999930e-01,2.023000000000000076e-01,-3.597299999999999942e-01,-4.141599999999999726e-01,-5.680999999999999939e-02,-4.519999999999999712e-03,-8.189999999999999364e-03,-9.639999999999999264e-03,-4.049999999999999781e-03,-2.599999999999999772e-04,1.110000000000000092e-03,2.469999999999999973e-03,3.629999999999999980e-03,4.950000000000000407e-03,8.259999999999999981e-03,1.166000000000000023e-02,1.410999999999999928e-02,2.011999999999999900e-02,5.516999999999999682e-02,2.449199999999999988e-01,2.020599999999999896e-01
FC_Ycg_,0.000000000000000000e+00
FC_Cref_,3.200000000000000067e-01
cmx,-1.198300000000000060e-01,-3.592600000000000238e-01,-5.977099999999999635e-01,-8.319299999999999473e-01,-1.058920000000000083e+00,-1.277150000000000007e+00,-1.481849999999999890e+00,-1.671240000000000059e+00,-1.839190000000000103e+00,-1.964339999999999975e+00,-1.969300000000000050e+00,-1.752229999999999954e+00,-1.443330000000000002e+00,-2.401009999999999867e+00,1.196799999999999947e-01,3.582799999999999874e-01,5.947200000000000264e-01,8.251699999999999591e-01,1.046399999999999997e+00,1.256890000000000063e+00,1.451170000000000071e+00,1.627369999999999983e+00,1.778620000000000090e+00,1.882149999999999990e+00,1.861110000000000042e+00,1.611229999999999940e+00,1.217410000000000103e+00,2.070850000000000080e+00,-1.646799999999999931e-01,-4.962599999999999789e-01,-8.150100000000000122e-01,-1.200520000000000032e+00,-1.532680000000000042e+00,-1.875420000000000087e+00,-2.214760000000000062e+00,-2.564239999999999853e+00,-2.991070000000000118e+00,-3.626079999999999970e+00,-4.693599999999999994e+00,-6.204850000000000421e+00,-8.183490000000000819e+00,-8.812379999999999214e+00,1.642500000000000071e-01,4.873700000000000254e-01,7.913000000000000034e-01,1.150090000000000057e+00,1.448329999999999895e+00,1.746159999999999934e+00,2.029360000000000053e+00,2.299789999999999779e+00,2.612289999999999779e+00,3.130320000000000213e+00,4.072700000000000209e+00,5.466610000000000191e+00,7.243330000000000268e+00,7.475389999999999979e+00,6.107700000000000351e-01,2.460600000000000009e-01,-5.974000000000000421e-01,-3.649200000000000221e-01,-5.452500000000000124e-01,-1.041399999999999965e-01,-2.241400000000000059e-01,-1.795100000000000029e-01,2.891000000000000236e-01,2.782000000000000028e-01,-5.315000000000000280e-02,-1.861000000000000154e-02,6.343999999999999639e-02,1.005899999999999989e-01,1.214699999999999946e-01,1.321199999999999875e-01,1.363499999999999990e-01,1.355000000000000093e-01,1.295999999999999930e-01,1.206300000000000011e-01,1.093900000000000011e-01,9.557999999999999829e-02,8.450000000000000566e-02,6.883999999999999841e-02,5.417000000000000287e-02,3.772999999999999965e-02,2.580000000000000002e-02,3.182999999999999718e-02,1.831999999999999948e-02,4.748999999999999749e-02,1.336000000000000035e-02,-6.507000000000000284e-02,-1.021800000000000069e-01,-1.241799999999999987e-01,-1.354700000000000071e-01,-1.405099999999999960e-01,-1.404100000000000070e-01,-1.351600000000000024e-01,-1.264200000000000046e-01,-1.153700000000000003e-01,-1.015500000000000014e-01,-9.027000000000000302e-02,-7.427999999999999881e-02,-5.917000000000000037e-02,-4.241000000000000325e-02,-2.970000000000000070e-02,-3.298000000000000237e-02,-1.813999999999999987e-02,-3.349600000000000133e+00,-3.954270000000000174e+00,-2.336370000000000058e+00,-2.169869999999999965e+00,-2.260029999999999983e+00,-2.237499999999999822e+00,-2.100359999999999783e+00,-1.979789999999999939e+00,-1.855099999999999971e+00,-1.702039999999999997e+00,-1.535039999999999960e+00,-1.363199999999999967e+00,-1.166709999999999914e+00,-9.768799999999999706e-01,-7.710000000000000187e-01,-5.654799999999999827e-01,-2.264100000000000001e-01,7.977699999999999791e-01,7.596199999999999619e-01,3.366200000000000081e+00,3.982680000000000220e+00,2.405860000000000110e+00,2.211380000000000123e+00,2.265029999999999877e+00,2.245810000000000084e+00,2.109490000000000087e+00,1.989549999999999930e+00,1.865560000000000107e+00,1.712390000000000079e+00,1.544249999999999901e+00,1.371250000000000080e+00,1.173280000000000101e+00,9.825500000000000345e-01,7.745300000000000518e-01,5.644099999999999673e-01,2.192999999999999949e-01,-7.970000000000000417e-01,-7.525500000000000522e-01
FC_Sref_,4.159999999999999809e-01
FC_Beta_,0.000000000000000000e+00
cx,9.446000000000000230e-02,8.977000000000000257e-02,8.888000000000000067e-02,9.256999999999999951e-02,8.364000000000000601e-02,9.254999999999999338e-02,8.844000000000000472e-02,1.055200000000000027e-01,1.000700000000000062e-01,1.236799999999999983e-01,8.895999999999999741e-02,6.707000000000000461e-02,-1.319999999999999993e-02,1.077100000000000002e-01,9.618999999999999773e-02,9.221999999999999642e-02,9.096999999999999531e-02,9.496000000000000274e-02,8.458000000000000240e-02,9.386999999999999511e-02,8.841999999999999860e-02,1.056600000000000039e-01,9.743999999999999884e-02,1.183499999999999969e-01,8.265999999999999737e-02,5.360000000000000181e-02,-3.638999999999999874e-02,5.220000000000000334e-02,3.874799999999999911e-01,3.876100000000000101e-01,3.600300000000000167e-01,4.174800000000000177e-01,3.858300000000000063e-01,3.910699999999999732e-01,3.845500000000000029e-01,3.982499999999999929e-01,4.002200000000000202e-01,4.683999999999999830e-01,5.440599999999999881e-01,6.626499999999999613e-01,6.982500000000000373e-01,6.144500000000000517e-01,3.838500000000000245e-01,3.803699999999999859e-01,3.466299999999999937e-01,4.046899999999999942e-01,3.629000000000000004e-01,3.644200000000000217e-01,3.528000000000000025e-01,3.586099999999999843e-01,3.480699999999999905e-01,4.065199999999999925e-01,4.668800000000000172e-01,5.830999999999999517e-01,5.853300000000000169e-01,3.971500000000000030e-01,2.060000000000000199e-03,6.984500000000000153e-01,-1.889999999999999970e-03,-1.190400000000000069e-01,-1.720000000000000001e-02,4.091699999999999782e-01,-1.909899999999999931e-01,-3.799999999999999992e-03,1.928999999999999881e-01,-2.210000000000000159e-02,-1.099999999999999936e-02,-2.776999999999999955e-02,-4.676000000000000295e-02,-5.714000000000000329e-02,-6.590999999999999637e-02,-6.998000000000000054e-02,-7.514999999999999458e-02,-7.714000000000000024e-02,-7.882999999999999730e-02,-7.929999999999999549e-02,-7.796000000000000152e-02,-7.846000000000000196e-02,-7.270000000000000073e-02,-6.772000000000000242e-02,-6.133999999999999869e-02,-5.283999999999999808e-02,-4.404999999999999888e-02,-2.794999999999999915e-02,-1.157000000000000042e-02,-1.043000000000000003e-02,-2.661000000000000171e-02,-4.501999999999999752e-02,-5.528999999999999887e-02,-6.386999999999999622e-02,-6.802999999999999325e-02,-7.317999999999999505e-02,-7.532999999999999419e-02,-7.696999999999999675e-02,-7.767999999999999905e-02,-7.646999999999999631e-02,-7.710999999999999799e-02,-7.141000000000000125e-02,-6.661999999999999866e-02,-6.038000000000000311e-02,-5.202999999999999986e-02,-4.318999999999999923e-02,-2.744999999999999871e-02,-1.131000000000000061e-02,5.605599999999999472e-01,7.792900000000000382e-01,7.842500000000000027e-01,7.807300000000000351e-01,6.884000000000000119e-01,6.572400000000000464e-01,6.885200000000000209e-01,6.700000000000000400e-01,6.509399999999999631e-01,6.510000000000000231e-01,6.468599999999999905e-01,6.357500000000000373e-01,6.190700000000000092e-01,5.898999999999999799e-01,5.741199999999999637e-01,5.246699999999999697e-01,4.815999999999999726e-01,3.755499999999999949e-01,2.274100000000000010e-01,5.887900000000000356e-01,7.832400000000000473e-01,7.802799999999999736e-01,7.719599999999999795e-01,6.994200000000000417e-01,6.759500000000000508e-01,7.065900000000000514e-01,6.876600000000000490e-01,6.690399999999999681e-01,6.686299999999999466e-01,6.648100000000000120e-01,6.521200000000000330e-01,6.334899999999999975e-01,6.047299999999999898e-01,5.885500000000000176e-01,5.383099999999999552e-01,4.951999999999999735e-01,3.939699999999999869e-01,2.566100000000000048e-01
FC_Pitch_Rate,0.000000000000000000e+00
cd,9.446000000000000230e-02,8.977000000000000257e-02,8.888000000000000067e-02,9.256999999999999951e-02,8.364000000000000601e-02,9.254999999999999338e-02,8.844000000000000472e-02,1.055200000000000027e-01,1.000700000000000062e-01,1.236799999999999983e-01,8.895999999999999741e-02,6.707000000000000461e-02,-1.319999999999999993e-02,1.077100000000000002e-01,9.618999999999999773e-02,9.221999999999999642e-02,9.096999999999999531e-02,9.496000000000000274e-02,8.458000000000000240e-02,9.386999999999999511e-02,8.841999999999999860e-02,1.056600000000000039e-01,9.743999999999999884e-02,1.183499999999999969e-01,8.265999999999999737e-02,5.360000000000000181e-02,-3.638999999999999874e-02,5.220000000000000334e-02,3.874799999999999911e-01,3.876100000000000101e-01,3.600300000000000167e-01,4.174800000000000177e-01,3.858300000000000063e-01,3.910699999999999732e-01,3.845500000000000029e-01,3.982499999999999929e-01,4.002200000000000202e-01,4.683999999999999830e-01,5.440599999999999881e-01,6.626499999999999613e-01,6.982500000000000373e-01,6.144500000000000517e-01,3.838500000000000245e-01,3.803699999999999859e-01,3.466299999999999937e-01,4.046899999999999942e-01,3.629000000000000004e-01,3.644200000000000217e-01,3.528000000000000025e-01,3.586099999999999843e-01,3.480699999999999905e-01,4.065199999999999925e-01,4.668800000000000172e-01,5.830999999999999517e-01,5.853300000000000169e-01,3.971500000000000030e-01,2.060000000000000199e-03,6.984500000000000153e-01,-1.889999999999999970e-03,-1.190400000000000069e-01,-1.720000000000000001e-02,4.091699999999999782e-01,-1.909899999999999931e-01,-3.799999999999999992e-03,1.928999999999999881e-01,-2.210000000000000159e-02,-1.099999999999999936e-02,-2.776999999999999955e-02,-4.676000000000000295e-02,-5.714000000000000329e-02,-6.590999999999999637e-02,-6.998000000000000054e-02,-7.514999999999999458e-02,-7.714000000000000024e-02,-7.882999999999999730e-02,-7.929999999999999549e-02,-7.796000000000000152e-02,-7.846000000000000196e-02,-7.270000000000000073e-02,-6.772000000000000242e-02,-6.133999999999999869e-02,-5.283999999999999808e-02,-4.404999999999999888e-02,-2.794999999999999915e-02,-1.157000000000000042e-02,-1.043000000000000003e-02,-2.661000000000000171e-02,-4.501999999999999752e-02,-5.528999999999999887e-02,-6.386999999999999622e-02,-6.802999999999999325e-02,-7.317999999999999505e-02,-7.532999999999999419e-02,-7.696999999999999675e-02,-7.767999999999999905e-02,-7.646999999999999631e-02,-7.710999999999999799e-02,-7.141000000000000125e-02,-6.661999999999999866e-02,-6.038000000000000311e-02,-5.202999999999999986e-02,-4.318999999999999923e-02,-2.744999999999999871e-02,-1.131000000000000061e-02,5.605599999999999472e-01,7.792900000000000382e-01,7.842500000000000027e-01,7.807300000000000351e-01,6.884000000000000119e-01,6.572400000000000464e-01,6.885200000000000209e-01,6.700000000000000400e-01,6.509399999999999631e-01,6.510000000000000231e-01,6.468599999999999905e-01,6.357500000000000373e-01,6.190700000000000092e-01,5.898999999999999799e-01,5.741199999999999637e-01,5.246699999999999697e-01,4.815999999999999726e-01,3.755499999999999949e-01,2.274100000000000010e-01,5.887900000000000356e-01,7.832400000000000473e-01,7.802799999999999736e-01,7.719599999999999795e-01,6.994200000000000417e-01,6.759500000000000508e-01,7.065900000000000514e-01,6.876600000000000490e-01,6.690399999999999681e-01,6.686299999999999466e-01,6.648100000000000120e-01,6.521200000000000330e-01,6.334899999999999975e-01,6.047299999999999898e-01,5.885500000000000176e-01,5.383099999999999552e-01,4.951999999999999735e-01,3.939699999999999869e-01,2.566100000000000048e-01
FC_Yaw___Rate,0.000000000000000000e+00
cl*c/cref,-1.636182658125000078e+00,-1.635257046562500038e+00,-1.632430447812500018e+00,-1.623253954687500000e+00,-1.607349360312499975e+00,-1.586498218125000026e+00,-1.557774401250000107e+00,-1.522999274374999823e+00,-1.478948126249999939e+00,-1.413339186249999990e+00,-1.282469654687500071e+00,-1.049026437500000020e+00,-6.956916409375000221e-01,-1.130291151562500040e+00,-1.634142331562500106e+00,-1.630599130312500034e+00,-1.624080038125000014e+00,-1.609658412812499995e+00,-1.587841847812500040e+00,-1.560740339375000119e+00,-1.524820639062499872e+00,-1.482133026250000096e+00,-1.429213922187500208e+00,-1.352845991874999987e+00,-1.210620301250000086e+00,-9.630739487499999640e-01,-5.714208240625000546e-01,-9.621184787500000057e-01,-3.708989984374999604e-01,-3.728796703124999667e-01,-3.671074265625000055e-01,-3.862431421874999438e-01,-3.835267921874999653e-01,-3.840320656249999742e-01,-3.836803953124999778e-01,-3.850668656249999766e-01,-3.961626703124999649e-01,-4.304687156249999425e-01,-5.059929468749999604e-01,-6.150713765624999940e-01,-7.457633828124999864e-01,-7.394575703124999233e-01,-3.700743921874999343e-01,-3.664242968749999441e-01,-3.565451906249999525e-01,-3.700622656249999420e-01,-3.625114593749999559e-01,-3.576931718749999933e-01,-3.516905234374999578e-01,-3.455504406249999549e-01,-3.459101953124999462e-01,-3.709960109374999537e-01,-4.380397328124999157e-01,-5.395228921874999362e-01,-6.561561703124999534e-01,-6.241016234374999749e-01,8.222849999999999326e-01,1.227300000000000058e-01,-1.708500000000000296e-02,4.449000000000000177e-02,-6.379650000000000043e-01,4.853849999999999554e-01,7.037700000000000067e-01,4.673100000000000032e-01,-1.377299999999999913e-01,-3.866549999999999709e-01,-8.957781874999997535e-03,-1.060996999999999808e-02,-1.534174687499999549e-03,1.011543749999999932e-04,-2.416465624999999582e-04,-2.866040624999999491e-04,-3.371812499999999322e-05,4.495749999999999774e-05,2.247874999999999887e-05,-5.619687499999999717e-06,-5.619687499999999548e-05,-6.743624999999998644e-05,1.123937499999999943e-05,8.991499999999999547e-05,1.123937499999999943e-05,1.011543749999999932e-04,9.497271874999999378e-04,4.776734374999999297e-03,3.961879687499999386e-03,-8.142927187499997624e-03,-9.722059374999997977e-03,-1.556653437499999626e-03,-8.429531249999997627e-05,-3.652796874999999469e-04,-3.765190624999999311e-04,-1.123937499999999910e-04,1.123937499999999943e-05,3.371812499999999322e-05,3.933781249999999209e-05,3.371812499999999322e-05,6.181656249999999434e-05,1.854496874999999559e-04,2.866040624999999491e-04,2.641253124999999266e-04,4.270962499999999412e-04,1.253190312499999999e-03,4.658720937499999382e-03,3.714613437499999626e-03,-1.434127237499999985e-01,-1.622789887499999917e-01,-1.735570499999999905e-02,1.066046250000000049e-03,-2.545136249999999795e-03,-3.442031250000000212e-03,-1.483023749999999802e-03,-3.933750000000000242e-06,5.428574999999999503e-04,1.069980000000000106e-03,1.510559999999999984e-03,1.962941249999999600e-03,3.190271249999999600e-03,4.547414999999999964e-03,5.389237499999999584e-03,7.316774999999999321e-03,2.055384374999999833e-02,9.573173999999999573e-02,7.957976249999999807e-02,-1.415087887499999753e-01,-1.629201899999999925e-01,-2.234763374999999830e-02,-1.778054999999999740e-03,-3.221741249999999623e-03,-3.792134999999999430e-03,-1.593168749999999880e-03,-1.022774999999999910e-04,4.366462499999999836e-04,9.716362499999998742e-04,1.427951249999999872e-03,1.947206250000000022e-03,3.249277499999999805e-03,4.586752500000000100e-03,5.550521249999999102e-03,7.914704999999999310e-03,2.170249874999999676e-02,9.634540499999999508e-02,7.948535249999999497e-02
WingId,1,1,1,1,1,1,1,1,1,1,1,1,1,1,2,2,2,2,2,2,2,2,2,2,2,2,2,2,3,3,3,3,3,3,3,3,3,3,3,3,3,3,4,4,4,4,4,4,4,4,4,4,4,4,4,4,5,5,5,5,5,6,6,6,6,6,7,7,7,7,7,7,7,7,7,7,7,7,7,7,7,7,7,7,7,8,8,8,8,8,8,8,8,8,8,8,8,8,8,8,8,8,8,8,9,9,9,9,9,9,9,9,9,9,9,9,9,9,9,9,9,9,9,10,10,10,10,10,10,10,10,10,10,10,10,10,10,10,10,10,10,10
S,6.040999999999999842e-02,1.546299999999999897e-01,2.222600000000000131e-01,2.898899999999999810e-01,3.575200000000000045e-01,4.251499999999999724e-01,4.927799999999999958e-01,5.604099999999999637e-01,6.280400000000000427e-01,6.956700000000000106e-01,7.632999999999999785e-01,8.309299999999999464e-01,8.985600000000000254e-01,9.661899999999999933e-01,6.040999999999999842e-02,1.546299999999999897e-01,2.222600000000000131e-01,2.898899999999999810e-01,3.575200000000000045e-01,4.251499999999999724e-01,4.927799999999999958e-01,5.604099999999999637e-01,6.280400000000000427e-01,6.956700000000000106e-01,7.632999999999999785e-01,8.309299999999999464e-01,8.985600000000000254e-01,9.661899999999999933e-01,3.093999999999999875e-02,9.794999999999999540e-02,1.701199999999999934e-01,2.422799999999999954e-01,3.144399999999999973e-01,3.866100000000000092e-01,4.587700000000000111e-01,5.309399999999999675e-01,6.030999999999999694e-01,6.752599999999999714e-01,7.474300000000000388e-01,8.195900000000000407e-01,8.917500000000000426e-01,9.639199999999999990e-01,3.093999999999999875e-02,9.794999999999999540e-02,1.701199999999999934e-01,2.422799999999999954e-01,3.144399999999999973e-01,3.866100000000000092e-01,4.587700000000000111e-01,5.309399999999999675e-01,6.030999999999999694e-01,6.752599999999999714e-01,7.474300000000000388e-01,8.195900000000000407e-01,8.917500000000000426e-01,9.639199999999999990e-01,2.392600000000000005e-01,5.437100000000000266e-01,6.740800000000000125e-01,8.044499999999999984e-01,9.348199999999999843e-01,2.392600000000000005e-01,5.437100000000000266e-01,6.740800000000000125e-01,8.044499999999999984e-01,9.348199999999999843e-01,9.273000000000000687e-02,2.080799999999999872e-01,2.533400000000000096e-01,2.985900000000000221e-01,3.438399999999999790e-01,3.890899999999999914e-01,4.343500000000000139e-01,4.796000000000000263e-01,5.248500000000000387e-01,5.701000000000000512e-01,6.153499999999999526e-01,6.606100000000000305e-01,7.058600000000000430e-01,7.511100000000000554e-01,7.963599999999999568e-01,8.416200000000000347e-01,8.868700000000000472e-01,9.321199999999999486e-01,9.773699999999999610e-01,9.273000000000000687e-02,2.080799999999999872e-01,2.533400000000000096e-01,2.985900000000000221e-01,3.438399999999999790e-01,3.890899999999999914e-01,4.343500000000000139e-01,4.796000000000000263e-01,5.248500000000000387e-01,5.701000000000000512e-01,6.153499999999999526e-01,6.606100000000000305e-01,7.058600000000000430e-01,7.511100000000000554e-01,7.963599999999999568e-01,8.416200000000000347e-01,8.868700000000000472e-01,9.321199999999999486e-01,9.773699999999999610e-01,6.919000000000000150e-02,1.623100000000000098e-01,2.101800000000000057e-01,2.580500000000000016e-01,3.059100000000000152e-01,3.537799999999999834e-01,4.016500000000000070e-01,4.495199999999999751e-01,4.973899999999999988e-01,5.452500000000000124e-01,5.931199999999999806e-01,6.409899999999999487e-01,6.888600000000000279e-01,7.367299999999999960e-01,7.845900000000000096e-01,8.324599999999999778e-01,8.803299999999999459e-01,9.282000000000000250e-01,9.760699999999999932e-01,6.919000000000000150e-02,1.623100000000000098e-01,2.101800000000000057e-01,2.580500000000000016e-01,3.059100000000000152e-01,3.537799999999999834e-01,4.016500000000000070e-01,4.495199999999999751e-01,4.973899999999999988e-01,5.452500000000000124e-01,5.931199999999999806e-01,6.409899999999999487e-01,6.888600000000000279e-01,7.367299999999999960e-01,7.845900000000000096e-01,8.324599999999999778e-01,8.803299999999999459e-01,9.282000000000000250e-01,9.760699999999999932e-01
Xavg,3.212800000000000100e-01,3.212800000000000100e-01,3.212800000000000100e-01,3.212800000000000100e-01,3.212800000000000100e-01,3.212800000000000100e-01,3.212800000000000100e-01,3.212800000000000100e-01,3.212800000000000100e-01,3.212800000000000100e-01,3.212800000000000100e-01,3.212800000000000100e-01,3.212800000000000100e-01,3.212800000000000100e-01,3.212800000000000100e-01,3.212800000000000100e-01,3.212800000000000100e-01,3.212800000000000100e-01,3.212800000000000100e-01,3.212800000000000100e-01,3.212800000000000100e-01,3.212800000000000100e-01,3.212800000000000100e-01,3.212800000000000100e-01,3.212800000000000100e-01,3.212800000000000100e-01,3.212800000000000100e-01,3.212800000000000100e-01,5.160900000000000487e-01,5.160900000000000487e-01,5.160900000000000487e-01,5.160900000000000487e-01,5.160900000000000487e-01,5.160900000000000487e-01,5.160900000000000487e-01,5.160900000000000487e-01,5.160900000000000487e-01,5.160900000000000487e-01,5.160900000000000487e-01,5.160900000000000487e-01,5.160900000000000487e-01,5.160900000000000487e-01,5.160900000000000487e-01,5.160900000000000487e-01,5.160900000000000487e-01,5.160900000000000487e-01,5.160900000000000487e-01,5.160900000000000487e-01,5.160900000000000487e-01,5.160900000000000487e-01,5.160900000000000487e-01,5.160900000000000487e-01,5.160900000000000487e-01,5.160900000000000487e-01,5.160900000000000487e-01,5.160900000000000487e-01,3.990000000000000213e-01,3.990000000000000213e-01,3.990000000000000213e-01,3.990000000000000213e-01,3.990000000000000213e-01,3.990000000000000213e-01,3.990000000000000213e-01,3.990000000000000213e-01,3.990000000000000213e-01,3.990000000000000213e-01,2.700099999999999723e-01,2.700099999999999723e-01,2.700099999999999723e-01,2.700099999999999723e-01,2.700099999999999723e-01,2.700099999999999723e-01,2.700099999999999723e-01,2.700099999999999723e-01,2.700099999999999723e-01,2.700099999999999723e-01,2.700099999999999723e-01,2.700099999999999723e-01,2.700099999999999723e-01,2.700099999999999723e-01,2.700099999999999723e-01,2.700099999999999723e-01,2.700099999999999723e-01,2.700099999999999723e-01,2.700099999999999723e-01,2.700099999999999723e-01,2.700099999999999723e-01,2.700099999999999723e-01,2.700099999999999723e-01,2.700099999999999723e-01,2.700099999999999723e-01,2.700099999999999723e-01,2.700099999999999723e-01,2.700099999999999723e-01,2.700099999999999723e-01,2.700099999999999723e-01,2.700099999999999723e-01,2.700099999999999723e-01,2.700099999999999723e-01,2.700099999999999723e-01,2.700099999999999723e-01,2.700099999999999723e-01,2.700099999999999723e-01,2.700099999999999723e-01,3.791499999999999870e-01,3.791499999999999870e-01,3.791499999999999870e-01,3.791499999999999870e-01,3.791499999999999870e-01,3.791499999999999870e-01,3.791499999999999870e-01,3.791499999999999870e-01,3.791499999999999870e-01,3.791499999999999870e-01,3.791499999999999870e-01,3.791499999999999870e-01,3.791499999999999870e-01,3.791499999999999870e-01,3.791499999999999870e-01,3.791499999999999870e-01,3.791499999999999870e-01,3.791499999999999870e-01,3.791499999999999870e-01,3.791499999999999870e-01,3.791499999999999870e-01,3.791499999999999870e-01,3.791499999999999870e-01,3.791499999999999870e-01,3.791499999999999870e-01,3.791499999999999870e-01,3.791499999999999870e-01,3.791499999999999870e-01,3.791499999999999870e-01,3.791499999999999870e-01,3.791499999999999870e-01,3.791499999999999870e-01,3.791499999999999870e-01,3.791499999999999870e-01,3.791499999999999870e-01,3.791499999999999870e-01,3.791499999999999870e-01,3.791499999999999870e-01
Yavg,2.321000000000000146e-02,6.963999999999999357e-02,1.160700000000000065e-01,1.625000000000000056e-01,2.089300000000000046e-01,2.553599999999999759e-01,3.017900000000000027e-01,3.482100000000000195e-01,3.946399999999999908e-01,4.410700000000000176e-01,4.874999999999999889e-01,5.339300000000000157e-01,5.803599999999999870e-01,6.267899999999999583e-01,-2.321000000000000146e-02,-6.963999999999999357e-02,-1.160700000000000065e-01,-1.625000000000000056e-01,-2.089300000000000046e-01,-2.553599999999999759e-01,-3.017900000000000027e-01,-3.482100000000000195e-01,-3.946399999999999908e-01,-4.410700000000000176e-01,-4.874999999999999889e-01,-5.339300000000000157e-01,-5.803599999999999870e-01,-6.267899999999999583e-01,2.321000000000000146e-02,6.963999999999999357e-02,1.160700000000000065e-01,1.625000000000000056e-01,2.089300000000000046e-01,2.553599999999999759e-01,3.017900000000000027e-01,3.482100000000000195e-01,3.946399999999999908e-01,4.410700000000000176e-01,4.874999999999999889e-01,5.339300000000000157e-01,5.803599999999999870e-01,6.267899999999999583e-01,-2.321000000000000146e-02,-6.963999999999999357e-02,-1.160700000000000065e-01,-1.625000000000000056e-01,-2.089300000000000046e-01,-2.553599999999999759e-01,-3.017900000000000027e-01,-3.482100000000000195e-01,-3.946399999999999908e-01,-4.410700000000000176e-01,-4.874999999999999889e-01,-5.339300000000000157e-01,-5.803599999999999870e-01,-6.267899999999999583e-01,6.500000000000000222e-01,6.500000000000000222e-01,6.500000000000000222e-01,6.500000000000000222e-01,6.500000000000000222e-01,-6.500000000000000222e-01,-6.500000000000000222e-01,-6.500000000000000222e-01,-6.500000000000000222e-01,-6.500000000000000222e-01,4.934000000000000052e-01,4.934000000000000052e-01,4.934000000000000052e-01,4.934000000000000052e-01,4.934000000000000052e-01,4.934000000000000052e-01,4.934000000000000052e-01,4.934000000000000052e-01,4.934000000000000052e-01,4.934000000000000052e-01,4.934000000000000052e-01,4.934000000000000052e-01,4.934000000000000052e-01,4.934000000000000052e-01,4.934000000000000052e-01,4.934000000000000052e-01,4.934000000000000052e-01,4.934000000000000052e-01,4.934000000000000052e-01,-4.934000000000000052e-01,-4.934000000000000052e-01,-4.934000000000000052e-01,-4.934000000000000052e-01,-4.934000000000000052e-01,-4.934000000000000052e-01,-4.934000000000000052e-01,-4.934000000000000052e-01,-4.934000000000000052e-01,-4.934000000000000052e-01,-4.934000000000000052e-01,-4.934000000000000052e-01,-4.934000000000000052e-01,-4.934000000000000052e-01,-4.934000000000000052e-01,-4.934000000000000052e-01,-4.934000000000000052e-01,-4.934000000000000052e-01,-4.934000000000000052e-01,5.476299999999999502e-01,5.476299999999999502e-01,5.476299999999999502e-01,5.476299999999999502e-01,5.476299999999999502e-01,5.476299999999999502e-01,5.476299999999999502e-01,5.476299999999999502e-01,5.476299999999999502e-01,5.476299999999999502e-01,5.476299999999999502e-01,5.476299999999999502e-01,5.476299999999999502e-01,5.476299999999999502e-01,5.476299999999999502e-01,5.476299999999999502e-01,5.476299999999999502e-01,5.476299999999999502e-01,5.476299999999999502e-01,-5.476299999999999502e-01,-5.476299999999999502e-01,-5.476299999999999502e-01,-5.476299999999999502e-01,-5.476299999999999502e-01,-5.476299999999999502e-01,-5.476299999999999502e-01,-5.476299999999999502e-01,-5.476299999999999502e-01,-5.476299999999999502e-01,-5.476299999999999502e-01,-5.476299999999999502e-01,-5.476299999999999502e-01,-5.476299999999999502e-01,-5.476299999999999502e-01,-5.476299999999999502e-01,-5.476299999999999502e-01,-5.476299999999999502e-01,-5.476299999999999502e-01
Zavg,5.600000000000000117e-02,5.600000000000000117e-02,5.600000000000000117e-02,5.600000000000000117e-02,5.600000000000000117e-02,5.600000000000000117e-02,5.600000000000000117e-02,5.600000000000000117e-02,5.600000000000000117e-02,5.600000000000000117e-02,5.600000000000000117e-02,5.600000000000000117e-02,5.600000000000000117e-02,5.600000000000000117e-02,5.600000000000000117e-02,5.600000000000000117e-02,5.600000000000000117e-02,5.600000000000000117e-02,5.600000000000000117e-02,5.600000000000000117e-02,5.600000000000000117e-02,5.600000000000000117e-02,5.600000000000000117e-02,5.600000000000000117e-02,5.600000000000000117e-02,5.600000000000000117e-02,5.600000000000000117e-02,5.600000000000000117e-02,1.227499999999999980e-01,1.227499999999999980e-01,1.227499999999999980e-01,1.227499999999999980e-01,1.227499999999999980e-01,1.227499999999999980e-01,1.227499999999999980e-01,1.227499999999999980e-01,1.227499999999999980e-01,1.227499999999999980e-01,1.227499999999999980e-01,1.227499999999999980e-01,1.227499999999999980e-01,1.227499999999999980e-01,1.227499999999999980e-01,1.227499999999999980e-01,1.227499999999999980e-01,1.227499999999999980e-01,1.227499999999999980e-01,1.227499999999999980e-01,1.227499999999999980e-01,1.227499999999999980e-01,1.227499999999999980e-01,1.227499999999999980e-01,1.227499999999999980e-01,1.227499999999999980e-01,1.227499999999999980e-01,1.227499999999999980e-01,3.150000000000000022e-02,6.450000000000000178e-02,9.750000000000000333e-02,1.305000000000000049e-01,1.635000000000000064e-01,3.150000000000000022e-02,6.450000000000000178e-02,9.750000000000000333e-02,1.305000000000000049e-01,1.635000000000000064e-01,7.052999999999999547e-02,8.157999999999999974e-02,9.263000000000000400e-02,1.036799999999999944e-01,1.147399999999999948e-01,1.257900000000000129e-01,1.368399999999999894e-01,1.478899999999999937e-01,1.589500000000000079e-01,1.700000000000000122e-01,1.810499999999999887e-01,1.921100000000000030e-01,2.031600000000000072e-01,2.142100000000000115e-01,2.252599999999999880e-01,2.363200000000000023e-01,2.473700000000000065e-01,2.584199999999999831e-01,2.694699999999999873e-01,7.052999999999999547e-02,8.157999999999999974e-02,9.263000000000000400e-02,1.036799999999999944e-01,1.147399999999999948e-01,1.257900000000000129e-01,1.368399999999999894e-01,1.478899999999999937e-01,1.589500000000000079e-01,1.700000000000000122e-01,1.810499999999999887e-01,1.921100000000000030e-01,2.031600000000000072e-01,2.142100000000000115e-01,2.252599999999999880e-01,2.363200000000000023e-01,2.473700000000000065e-01,2.584199999999999831e-01,2.694699999999999873e-01,7.052999999999999547e-02,8.157999999999999974e-02,9.263000000000000400e-02,1.036799999999999944e-01,1.147399999999999948e-01,1.257900000000000129e-01,1.368399999999999894e-01,1.478899999999999937e-01,1.589500000000000079e-01,1.700000000000000122e-01,1.810499999999999887e-01,1.921100000000000030e-01,2.031600000000000072e-01,2.142100000000000115e-01,2.252599999999999880e-01,2.363200000000000023e-01,2.473700000000000065e-01,2.584199999999999831e-01,2.694699999999999873e-01,7.052999999999999547e-02,8.157999999999999974e-02,9.263000000000000400e-02,1.036799999999999944e-01,1.147399999999999948e-01,1.257900000000000129e-01,1.368399999999999894e-01,1.478899999999999937e-01,1.589500000000000079e-01,1.700000000000000122e-01,1.810499999999999887e-01,1.921100000000000030e-01,2.031600000000000072e-01,2.142100000000000115e-01,2.252599999999999880e-01,2.363200000000000023e-01,2.473700000000000065e-01,2.584199999999999831e-01,2.694699999999999873e-01
V/Vref,1.028210000000000068e+00,1.028019999999999934e+00,1.026359999999999939e+00,1.027009999999999978e+00,1.030629999999999935e+00,1.030699999999999950e+00,1.034869999999999957e+00,1.037330000000000085e+00,1.045279999999999987e+00,1.056170000000000053e+00,1.070619999999999905e+00,1.104249999999999954e+00,1.109760000000000080e+00,9.526299999999999768e-01,1.025300000000000100e+00,1.024669999999999970e+00,1.021870000000000056e+00,1.022310000000000052e+00,1.021050000000000013e+00,1.020739999999999981e+00,1.022920000000000051e+00,1.024420000000000108e+00,1.027930000000000010e+00,1.038359999999999950e+00,1.048450000000000104e+00,1.081520000000000037e+00,1.083660000000000068e+00,9.155699999999999950e-01,8.942900000000000293e-01,8.942600000000000549e-01,8.967000000000000526e-01,8.942900000000000293e-01,9.122299999999999853e-01,9.143000000000000016e-01,9.188199999999999701e-01,9.185499999999999776e-01,9.420100000000000140e-01,9.451500000000000457e-01,1.006080000000000085e+00,1.086130000000000040e+00,1.203219999999999956e+00,1.068389999999999951e+00,8.896300000000000319e-01,8.897000000000000464e-01,8.911400000000000432e-01,8.893499999999999739e-01,9.003799999999999581e-01,9.019899999999999585e-01,9.035999999999999588e-01,9.025600000000000289e-01,9.204599999999999449e-01,9.247300000000000519e-01,9.847799999999999887e-01,1.077280000000000015e+00,1.221379999999999910e+00,1.029800000000000049e+00,1.133340000000000014e+00,1.020040000000000058e+00,9.687299999999999800e-01,8.073599999999999666e-01,7.982399999999999496e-01,1.039600000000000080e+00,8.892200000000000104e-01,1.027369999999999894e+00,8.654300000000000326e-01,8.407900000000000373e-01,7.727500000000000480e-01,8.259499999999999620e-01,8.933699999999999974e-01,9.001200000000000312e-01,9.244099999999999540e-01,9.272899999999999476e-01,9.326699999999999990e-01,9.337999999999999634e-01,9.655799999999999939e-01,9.655899999999999483e-01,9.635200000000000431e-01,9.779499999999999860e-01,9.802999999999999492e-01,9.757099999999999662e-01,9.691999999999999504e-01,9.791100000000000358e-01,9.705700000000000438e-01,9.511899999999999800e-01,9.353500000000000147e-01,7.712799999999999656e-01,8.236400000000000388e-01,8.897100000000000009e-01,8.964600000000000346e-01,9.229000000000000536e-01,9.258199999999999763e-01,9.313399999999999457e-01,9.325499999999999901e-01,9.654300000000000104e-01,9.654899999999999594e-01,9.635299999999999976e-01,9.781699999999999839e-01,9.807099999999999707e-01,9.761300000000000532e-01,9.696299999999999919e-01,9.795099999999999918e-01,9.709600000000000453e-01,9.517099999999999449e-01,9.360100000000000087e-01,7.300999999999999712e-01,7.399599999999999511e-01,7.634699999999999820e-01,7.605300000000000393e-01,7.578000000000000291e-01,7.591400000000000370e-01,7.512699999999999934e-01,7.520400000000000418e-01,7.861099999999999755e-01,7.857899999999999885e-01,7.843999999999999861e-01,7.973900000000000432e-01,8.124400000000000510e-01,8.085400000000000365e-01,8.064200000000000257e-01,8.084700000000000220e-01,8.056799999999999518e-01,7.848600000000000021e-01,7.578799999999999981e-01,7.432800000000000518e-01,7.461200000000000054e-01,7.666199999999999681e-01,7.642400000000000304e-01,7.690599999999999659e-01,7.698300000000000143e-01,7.615300000000000402e-01,7.623199999999999976e-01,7.980399999999999716e-01,7.977800000000000447e-01,7.962299999999999933e-01,8.088400000000000034e-01,8.230100000000000193e-01,8.189300000000000468e-01,8.167799999999999505e-01,8.172899999999999610e-01,8.149399999999999977e-01,7.974499999999999922e-01,7.760899999999999466e-01
FC_Xcg_,2.954149999999999832e-01
cz,-1.643939999999999957e+00,-1.643010000000000081e+00,-1.640169999999999906e+00,-1.630949999999999900e+00,-1.614970000000000017e+00,-1.594019999999999992e+00,-1.565160000000000107e+00,-1.530219999999999914e+00,-1.485959999999999948e+00,-1.420039999999999969e+00,-1.288550000000000084e+00,-1.054000000000000048e+00,-6.989900000000000002e-01,-1.135650000000000048e+00,-1.641890000000000072e+00,-1.638330000000000064e+00,-1.631780000000000008e+00,-1.617289999999999894e+00,-1.595369999999999955e+00,-1.568140000000000089e+00,-1.532049999999999912e+00,-1.489160000000000039e+00,-1.435990000000000100e+00,-1.359259999999999913e+00,-1.216360000000000108e+00,-9.676399999999999446e-01,-5.741300000000000292e-01,-9.666799999999999837e-01,-9.175699999999999967e-01,-9.224700000000000122e-01,-9.081900000000000528e-01,-9.555299999999999905e-01,-9.488100000000000422e-01,-9.500600000000000156e-01,-9.491899999999999782e-01,-9.526200000000000223e-01,-9.800699999999999967e-01,-1.064939999999999998e+00,-1.251779999999999893e+00,-1.521630000000000038e+00,-1.844950000000000090e+00,-1.829350000000000032e+00,-9.155299999999999550e-01,-9.064999999999999725e-01,-8.820599999999999552e-01,-9.154999999999999805e-01,-8.968199999999999505e-01,-8.849000000000000199e-01,-8.700499999999999901e-01,-8.548599999999999532e-01,-8.557500000000000107e-01,-9.178100000000000147e-01,-1.083669999999999911e+00,-1.334729999999999972e+00,-1.623269999999999991e+00,-1.543970000000000065e+00,5.481899999999999551e-01,8.182000000000000384e-02,-1.139000000000000082e-02,2.965999999999999887e-02,-4.253100000000000214e-01,3.235899999999999888e-01,4.691799999999999859e-01,3.115399999999999836e-01,-9.181999999999999884e-02,-2.577699999999999991e-01,-1.593999999999999931e-02,-1.888000000000000095e-02,-2.729999999999999788e-03,1.800000000000000113e-04,-4.299999999999999894e-04,-5.100000000000000366e-04,-6.000000000000000152e-05,8.000000000000000654e-05,4.000000000000000327e-05,-1.000000000000000082e-05,-1.000000000000000048e-04,-1.200000000000000030e-04,2.000000000000000164e-05,1.600000000000000131e-04,2.000000000000000164e-05,1.800000000000000113e-04,1.690000000000000096e-03,8.500000000000000611e-03,7.049999999999999843e-03,-1.448999999999999941e-02,-1.729999999999999941e-02,-2.769999999999999893e-03,-1.499999999999999869e-04,-6.499999999999999702e-04,-6.700000000000000226e-04,-2.000000000000000096e-04,2.000000000000000164e-05,6.000000000000000152e-05,6.999999999999999387e-05,6.000000000000000152e-05,1.100000000000000039e-04,3.299999999999999982e-04,5.100000000000000366e-04,4.699999999999999859e-04,7.600000000000000418e-04,2.230000000000000211e-03,8.290000000000000493e-03,6.610000000000000424e-03,-3.645700000000000052e-01,-4.125300000000000078e-01,-4.411999999999999950e-02,2.710000000000000169e-03,-6.470000000000000057e-03,-8.750000000000000833e-03,-3.769999999999999914e-03,-1.000000000000000082e-05,1.379999999999999933e-03,2.720000000000000195e-03,3.840000000000000097e-03,4.989999999999999644e-03,8.109999999999999154e-03,1.156000000000000083e-02,1.370000000000000037e-02,1.859999999999999848e-02,5.224999999999999784e-02,2.433599999999999930e-01,2.023000000000000076e-01,-3.597299999999999942e-01,-4.141599999999999726e-01,-5.680999999999999939e-02,-4.519999999999999712e-03,-8.189999999999999364e-03,-9.639999999999999264e-03,-4.049999999999999781e-03,-2.599999999999999772e-04,1.110000000000000092e-03,2.469999999999999973e-03,3.629999999999999980e-03,4.950000000000000407e-03,8.259999999999999981e-03,1.166000000000000023e-02,1.410999999999999928e-02,2.011999999999999900e-02,5.516999999999999682e-02,2.449199999999999988e-01,2.020599999999999896e-01
Results_Name,VSPAERO_Comp_Load
Results_Timestamp,1757693364
Results_Date,9,12,2025
Results_Time,18,9,24
Comp_ID,0,1,2,3,4,5,6,7,8,9,10,11,12,13,14,15,16,17,18,19,20,21,22
Comp_Name,NONE,WingGeom_main,WingGeom_main,WingGeom_sec,WingGeom_sec,WingGeom_endplate,WingGeom_endplate,WingGeom_outwash,WingGeom_outwash,WingGeom_outwash2,WingGeom_outwash2,Musetto,Musetto,Musetto,Musetto,rightTyre,rightTyre,rightTyre,rightTyre,leftTyre,leftTyre,leftTyre,leftTyre
CL,0.000000000000000000e+00,-7.257099999999999662e-01,-6.998199999999999976e-01,-2.340200000000000058e-01,-2.119099999999999873e-01,8.489999999999999283e-03,2.874000000000000166e-02,-1.000000000000000048e-04,-8.000000000000000654e-05,-9.300000000000000541e-04,-9.799999999999999684e-04,0.000000000000000000e+00,0.000000000000000000e+00,0.000000000000000000e+00,0.000000000000000000e+00,0.000000000000000000e+00,0.000000000000000000e+00,0.000000000000000000e+00,0.000000000000000000e+00,0.000000000000000000e+00,0.000000000000000000e+00,0.000000000000000000e+00,0.000000000000000000e+00
Cmz,0.000000000000000000e+00,-1.204000000000000035e-02,1.044999999999999922e-02,-2.605999999999999983e-02,2.216999999999999874e-02,-3.031999999999999973e-02,2.698000000000000051e-02,3.910000000000000281e-03,-3.779999999999999940e-03,-2.018999999999999961e-02,2.067000000000000087e-02,3.867999999999999911e-02,-3.846999999999999725e-02,-7.700000000000000247e-03,4.400000000000000265e-03,3.099999999999999891e-03,-1.000000000000000048e-04,-1.100700000000000012e-01,-8.634999999999999620e-02,-1.039999999999999909e-03,-2.459999999999999947e-03,-9.175999999999999435e-02,-8.434999999999999443e-02
CFx,0.000000000000000000e+00,4.402999999999999969e-02,4.055999999999999883e-02,9.508999999999999397e-02,8.398999999999999522e-02,2.140999999999999848e-02,1.467000000000000075e-02,-5.199999999999999761e-03,-5.080000000000000314e-03,3.937000000000000222e-02,4.030000000000000249e-02,0.000000000000000000e+00,0.000000000000000000e+00,0.000000000000000000e+00,0.000000000000000000e+00,0.000000000000000000e+00,0.000000000000000000e+00,0.000000000000000000e+00,0.000000000000000000e+00,0.000000000000000000e+00,0.000000000000000000e+00,0.000000000000000000e+00,0.000000000000000000e+00
AoA,0.000000000000000000e+00,0.000000000000000000e+00,0.000000000000000000e+00,0.000000000000000000e+00,0.000000000000000000e+00,0.000000000000000000e+00,0.000000000000000000e+00,0.000000000000000000e+00,0.000000000000000000e+00,0.000000000000000000e+00,0.000000000000000000e+00,0.000000000000000000e+00,0.000000000000000000e+00,0.000000000000000000e+00,0.000000000000000000e+00,0.000000000000000000e+00,0.000000000000000000e+00,0.000000000000000000e+00,0.000000000000000000e+00,0.000000000000000000e+00,0.000000000000000000e+00,0.000000000000000000e+00,0.000000000000000000e+00
Beta,0.000000000000000000e+00,0.000000000000000000e+00,0.000000000000000000e+00,0.000000000000000000e+00,0.000000000000000000e+00,0.000000000000000000e+00,0.000000000000000000e+00,0.000000000000000000e+00,0.000000000000000000e+00,0.000000000000000000e+00,0.000000000000000000e+00,0.000000000000000000e+00,0.000000000000000000e+00,0.000000000000000000e+00,0.000000000000000000e+00,0.000000000000000000e+00,0.000000000000000000e+00,0.000000000000000000e+00,0.000000000000000000e+00,0.000000000000000000e+00,0.000000000000000000e+00,0.000000000000000000e+00,0.000000000000000000e+00
Cmx,0.000000000000000000e+00,-1.672899999999999943e-01,1.577900000000000136e-01,-6.604999999999999760e-02,5.838999999999999746e-02,-9.150000000000000147e-03,8.400000000000000348e-04,9.300000000000000541e-04,-9.799999999999999684e-04,-9.539999999999999869e-03,9.620000000000000079e-03,-3.619999999999999954e-03,3.449999999999999942e-03,4.899999999999999842e-04,-2.200000000000000078e-04,-1.690000000000000096e-03,-4.799999999999999580e-03,-1.433000000000000072e-02,-7.689999999999999787e-03,1.610000000000000103e-03,1.397999999999999937e-02,-3.363000000000000017e-02,5.340000000000000129e-03
Mach,5.000000000000000278e-02,5.000000000000000278e-02,5.000000000000000278e-02,5.000000000000000278e-02,5.000000000000000278e-02,5.000000000000000278e-02,5.000000000000000278e-02,5.000000000000000278e-02,5.000000000000000278e-02,5.000000000000000278e-02,5.000000000000000278e-02,5.000000000000000278e-02,5.000000000000000278e-02,5.000000000000000278e-02,5.000000000000000278e-02,5.000000000000000278e-02,5.000000000000000278e-02,5.000000000000000278e-02,5.000000000000000278e-02,5.000000000000000278e-02,5.000000000000000278e-02,5.000000000000000278e-02,5.000000000000000278e-02
CDi,0.000000000000000000e+00,4.402999999999999969e-02,4.055999999999999883e-02,9.508999999999999397e-02,8.398999999999999522e-02,2.140999999999999848e-02,1.467000000000000075e-02,-5.199999999999999761e-03,-5.080000000000000314e-03,3.937000000000000222e-02,4.030000000000000249e-02,0.000000000000000000e+00,0.000000000000000000e+00,0.000000000000000000e+00,0.000000000000000000e+00,0.000000000000000000e+00,0.000000000000000000e+00,0.000000000000000000e+00,0.000000000000000000e+00,0.000000000000000000e+00,0.000000000000000000e+00,0.000000000000000000e+00,0.000000000000000000e+00
Cmy,0.000000000000000000e+00,2.944000000000000089e-02,2.336999999999999841e-02,1.043300000000000061e-01,9.740000000000000047e-02,-3.930000000000000333e-03,-7.599999999999999985e-03,2.220000000000000185e-03,2.160000000000000028e-03,-1.771000000000000005e-02,-1.804000000000000048e-02,-6.310000000000000331e-02,-4.837000000000000327e-02,-1.786200000000000010e-01,5.596999999999999892e-02,1.694999999999999979e-02,2.528000000000000039e-02,-8.755999999999999894e-02,3.846999999999999725e-02,1.564000000000000112e-02,6.268999999999999573e-02,-7.800999999999999601e-02,3.590999999999999748e-02
CFy,0.000000000000000000e+00,-1.501000000000000077e-02,1.583000000000000032e-02,2.569999999999999802e-03,-1.059999999999999961e-03,-8.744999999999999996e-02,8.248999999999999388e-02,9.280000000000000054e-03,-9.799999999999999684e-03,-8.415000000000000258e-02,8.476000000000000201e-02,0.000000000000000000e+00,0.000000000000000000e+00,0.000000000000000000e+00,0.000000000000000000e+00,0.000000000000000000e+00,0.000000000000000000e+00,0.000000000000000000e+00,0.000000000000000000e+00,0.000000000000000000e+00,0.000000000000000000e+00,0.000000000000000000e+00,0.000000000000000000e+00
Cs,0.000000000000000000e+00,-1.501000000000000077e-02,1.583000000000000032e-02,2.569999999999999802e-03,-1.059999999999999961e-03,-8.744999999999999996e-02,8.248999999999999388e-02,9.280000000000000054e-03,-9.799999999999999684e-03,-8.415000000000000258e-02,8.476000000000000201e-02,0.000000000000000000e+00,0.000000000000000000e+00,0.000000000000000000e+00,0.000000000000000000e+00,0.000000000000000000e+00,0.000000000000000000e+00,0.000000000000000000e+00,0.000000000000000000e+00,0.000000000000000000e+00,0.000000000000000000e+00,0.000000000000000000e+00,0.000000000000000000e+00
CFz,0.000000000000000000e+00,-7.257099999999999662e-01,-6.998199999999999976e-01,-2.340200000000000058e-01,-2.119099999999999873e-01,8.489999999999999283e-03,2.874000000000000166e-02,-1.000000000000000048e-04,-8.000000000000000654e-05,-9.300000000000000541e-04,-9.799999999999999684e-04,0.000000000000000000e+00,0.000000000000000000e+00,0.000000000000000000e+00,0.000000000000000000e+00,0.000000000000000000e+00,0.000000000000000000e+00,0.000000000000000000e+00,0.000000000000000000e+00,0.000000000000000000e+00,0.000000000000000000e+00,0.000000000000000000e+00,0.000000000000000000e+00
Results_Name,CpSlice_Wrapper
Results_Timestamp,1757693365
Results_Date,9,12,2025
Results_Time,18,9,25
CpSlice_Case_ID_Vec,NJIIBMO
Num_Cuts,1
Results_Name,CpSlicer_Case
Results_Timestamp,1757693365
Results_Date,9,12,2025
Results_Time,18,9,25
Beta,0.000000000000000000e+00
dCp,2.391999999999999960e-01,2.391999999999999960e-01,5.441000000000000281e-01,5.441000000000000281e-01,9.076999999999999513e-01,9.076999999999999513e-01,1.191500000000000004e+00,1.191500000000000004e+00,1.417699999999999960e+00,1.417699999999999960e+00,1.598400000000000043e+00,1.598400000000000043e+00,1.735000000000000098e+00,1.735000000000000098e+00,1.827299999999999924e+00,1.827299999999999924e+00,1.879000000000000004e+00,1.879000000000000004e+00,1.894600000000000062e+00,1.894600000000000062e+00,1.879099999999999993e+00,1.879099999999999993e+00,1.846100000000000074e+00,1.846100000000000074e+00,1.815299999999999914e+00,1.815299999999999914e+00,1.793900000000000050e+00,1.793900000000000050e+00,1.771099999999999897e+00,1.771099999999999897e+00,1.737200000000000077e+00,1.737200000000000077e+00,1.697400000000000020e+00,1.697400000000000020e+00,1.660199999999999898e+00,1.660199999999999898e+00,1.626500000000000057e+00,1.626500000000000057e+00,1.593099999999999961e+00,1.593099999999999961e+00,1.556799999999999962e+00,1.556799999999999962e+00,1.511800000000000033e+00,1.511800000000000033e+00,1.452199999999999935e+00,1.452199999999999935e+00,1.386300000000000088e+00,1.386300000000000088e+00,1.354600000000000026e+00,1.354600000000000026e+00,1.454499999999999904e+00,1.454499999999999904e+00,1.887799999999999923e+00,1.887799999999999923e+00,2.992999999999999883e+00,2.992999999999999883e+00,5.391200000000000436e+00,5.391200000000000436e+00,8.953300000000000480e+00,8.953300000000000480e+00,1.226130000000000031e+01,2.356999999999999929e-01,2.356999999999999929e-01,5.359000000000000430e-01,5.359000000000000430e-01,8.934999999999999609e-01,8.934999999999999609e-01,1.172199999999999909e+00,1.172199999999999909e+00,1.393499999999999961e+00,1.393499999999999961e+00,1.569800000000000084e+00,1.569800000000000084e+00,1.704900000000000082e+00,1.704900000000000082e+00,1.802899999999999947e+00,1.802899999999999947e+00,1.866700000000000026e+00,1.866700000000000026e+00,1.893399999999999972e+00,1.893399999999999972e+00,1.882400000000000073e+00,1.882400000000000073e+00,1.849199999999999955e+00,1.849199999999999955e+00,1.816799999999999971e+00,1.816799999999999971e+00,1.794000000000000039e+00,1.794000000000000039e+00,1.770199999999999996e+00,1.770199999999999996e+00,1.735800000000000010e+00,1.735800000000000010e+00,1.695799999999999974e+00,1.695799999999999974e+00,1.658600000000000074e+00,1.658600000000000074e+00,1.625000000000000000e+00,1.625000000000000000e+00,1.591699999999999893e+00,1.591699999999999893e+00,1.555600000000000094e+00,1.555600000000000094e+00,1.510899999999999910e+00,1.510899999999999910e+00,1.452099999999999946e+00,1.452099999999999946e+00,1.387000000000000011e+00,1.387000000000000011e+00,1.356500000000000039e+00,1.356500000000000039e+00,1.457699999999999996e+00,1.457699999999999996e+00,1.893000000000000016e+00,1.893000000000000016e+00,3.001199999999999868e+00,3.001199999999999868e+00,5.404899999999999594e+00,5.404899999999999594e+00,8.974800000000000111e+00,8.974800000000000111e+00,1.229010000000000069e+01,-6.189999999999999669e-02,-6.189999999999999669e-02,-1.607000000000000095e-01,-1.607000000000000095e-01,-3.235999999999999988e-01,-3.235999999999999988e-01,-5.220000000000000195e-01,-5.220000000000000195e-01,-7.386000000000000343e-01,-7.386000000000000343e-01,-9.340000000000000524e-01,-9.340000000000000524e-01,-1.069499999999999895e+00,-1.069499999999999895e+00,-1.135999999999999899e+00,-1.135999999999999899e+00,-1.155899999999999928e+00,-1.155899999999999928e+00,-1.158400000000000096e+00,-1.158400000000000096e+00,-1.160800000000000054e+00,-1.160800000000000054e+00,-1.167699999999999960e+00,-1.167699999999999960e+00,-1.176099999999999923e+00,-1.176099999999999923e+00,-1.179400000000000004e+00,-1.179400000000000004e+00,-1.170700000000000074e+00,-1.170700000000000074e+00,-1.144300000000000095e+00,-1.144300000000000095e+00,-1.095900000000000096e+00,-1.095900000000000096e+00,-1.023099999999999898e+00,-1.023099999999999898e+00,-9.284000000000000030e-01,-9.284000000000000030e-01,-8.199999999999999512e-01,-8.199999999999999512e-01,-7.089999999999999636e-01,-7.089999999999999636e-01,-6.089999999999999858e-01,-6.089999999999999858e-01,-5.415999999999999703e-01,-5.415999999999999703e-01,-5.543000000000000149e-01,-5.543000000000000149e-01,-7.376000000000000334e-01,-7.376000000000000334e-01,-1.085900000000000087e+00,-1.085900000000000087e+00,-1.378400000000000070e+00,-6.250000000000000000e-02,-6.250000000000000000e-02,-1.615000000000000047e-01,-1.615000000000000047e-01,-3.240000000000000102e-01,-3.240000000000000102e-01,-5.211999999999999966e-01,-5.211999999999999966e-01,-7.362999999999999545e-01,-7.362999999999999545e-01,-9.307999999999999607e-01,-9.307999999999999607e-01,-1.066100000000000048e+00,-1.066100000000000048e+00,-1.133000000000000007e+00,-1.133000000000000007e+00,-1.153499999999999970e+00,-1.153499999999999970e+00,-1.156600000000000072e+00,-1.156600000000000072e+00,-1.159200000000000008e+00,-1.159200000000000008e+00,-1.164099999999999913e+00,-1.164099999999999913e+00,-1.167300000000000004e+00,-1.167300000000000004e+00,-1.164800000000000058e+00,-1.164800000000000058e+00,-1.152800000000000047e+00,-1.152800000000000047e+00,-1.125299999999999967e+00,-1.125299999999999967e+00,-1.075599999999999890e+00,-1.075599999999999890e+00,-1.000499999999999945e+00,-1.000499999999999945e+00,-9.029000000000000359e-01,-9.029000000000000359e-01,-7.915999999999999703e-01,-7.915999999999999703e-01,-6.784000000000000030e-01,-6.784000000000000030e-01,-5.796999999999999931e-01,-5.796999999999999931e-01,-5.193999999999999728e-01,-5.193999999999999728e-01,-5.433999999999999941e-01,-5.433999999999999941e-01,-7.368999999999999995e-01,-7.368999999999999995e-01,-1.092700000000000005e+00,-1.092700000000000005e+00,-1.389799999999999924e+00,-6.176000000000000378e-01,-6.176000000000000378e-01,-6.176000000000000378e-01,-6.176000000000000378e-01,1.633399999999999963e+00,1.633399999999999963e+00,1.350600000000000023e+00,1.350600000000000023e+00,9.902999999999999581e-01,9.902999999999999581e-01,7.291999999999999593e-01,7.291999999999999593e-01,5.524000000000000021e-01,5.524000000000000021e-01,4.237000000000000210e-01,4.237000000000000210e-01,3.171999999999999820e-01,3.171999999999999820e-01,2.205000000000000016e-01,2.205000000000000016e-01,1.351999999999999869e-01,1.351999999999999869e-01,6.160000000000000198e-02,6.160000000000000198e-02,-7.799999999999999642e-03,-7.799999999999999642e-03,-7.749999999999999944e-02,-7.749999999999999944e-02,-1.433000000000000107e-01,-1.433000000000000107e-01,-2.020000000000000129e-01,-2.020000000000000129e-01,-2.577999999999999736e-01,-2.577999999999999736e-01,-3.121999999999999775e-01,-3.121999999999999775e-01,-3.573999999999999955e-01,-3.573999999999999955e-01,-3.851999999999999869e-01,-3.851999999999999869e-01,-3.911000000000000032e-01,-3.911000000000000032e-01,-3.730999999999999872e-01,-3.730999999999999872e-01,-3.412000000000000033e-01,-3.412000000000000033e-01,-2.993999999999999995e-01,-2.993999999999999995e-01,-2.551999999999999824e-01,-2.551999999999999824e-01,-2.127999999999999892e-01,-2.127999999999999892e-01,-1.749999999999999889e-01,-1.749999999999999889e-01,-1.423999999999999988e-01,-1.423999999999999988e-01,-1.118999999999999995e-01,-1.118999999999999995e-01,-8.229999999999999816e-02,-8.229999999999999816e-02,-5.580000000000000238e-02,-5.580000000000000238e-02,-3.269999999999999990e-02,-3.269999999999999990e-02,-8.399999999999999481e-03,-8.399999999999999481e-03,1.600000000000000033e-02,1.600000000000000033e-02,2.960000000000000131e-02,2.960000000000000131e-02,2.529999999999999957e-02,2.529999999999999957e-02,1.329999999999999932e-02,1.329999999999999932e-02,-6.400000000000000307e-03,-6.400000000000000307e-03,-3.500000000000000333e-02,-3.500000000000000333e-02,-6.079999999999999988e-02,-6.079999999999999988e-02,-5.510000000000000314e-02,-5.510000000000000314e-02,-1.209999999999999964e-02,-1.209999999999999964e-02,1.669999999999999957e-02,1.669999999999999957e-02,-2.369999999999999885e-02,-2.369999999999999885e-02,-2.373000000000000109e-01,-8.366999999999999993e-01,-8.366999999999999993e-01,-8.366999999999999993e-01,-8.366999999999999993e-01,1.633799999999999919e+00,1.633799999999999919e+00,1.351299999999999946e+00,1.351299999999999946e+00,9.912999999999999590e-01,9.912999999999999590e-01,7.307000000000000162e-01,7.307000000000000162e-01,5.543000000000000149e-01,5.543000000000000149e-01,4.259000000000000008e-01,4.259000000000000008e-01,3.195000000000000062e-01,3.195000000000000062e-01,2.228999999999999870e-01,2.228999999999999870e-01,1.373999999999999944e-01,1.373999999999999944e-01,6.339999999999999802e-02,6.339999999999999802e-02,-5.700000000000000205e-03,-5.700000000000000205e-03,-7.340000000000000691e-02,-7.340000000000000691e-02,-1.363000000000000045e-01,-1.363000000000000045e-01,-1.932000000000000106e-01,-1.932000000000000106e-01,-2.492000000000000048e-01,-2.492000000000000048e-01,-3.044999999999999929e-01,-3.044999999999999929e-01,-3.506000000000000227e-01,-3.506000000000000227e-01,-3.790000000000000036e-01,-3.790000000000000036e-01,-3.851999999999999869e-01,-3.851999999999999869e-01,-3.674999999999999933e-01,-3.674999999999999933e-01,-3.355000000000000204e-01,-3.355000000000000204e-01,-2.933000000000000052e-01,-2.933000000000000052e-01,-2.490999999999999881e-01,-2.490999999999999881e-01,-2.076000000000000068e-01,-2.076000000000000068e-01,-1.706000000000000016e-01,-1.706000000000000016e-01,-1.376999999999999891e-01,-1.376999999999999891e-01,-1.058000000000000052e-01,-1.058000000000000052e-01,-7.480000000000000537e-02,-7.480000000000000537e-02,-4.859999999999999737e-02,-4.859999999999999737e-02,-2.740000000000000074e-02,-2.740000000000000074e-02,-5.799999999999999600e-03,-5.799999999999999600e-03,1.660000000000000017e-02,1.660000000000000017e-02,2.939999999999999905e-02,2.939999999999999905e-02,2.280000000000000082e-02,2.280000000000000082e-02,3.899999999999999821e-03,3.899999999999999821e-03,-2.580000000000000002e-02,-2.580000000000000002e-02,-5.589999999999999830e-02,-5.589999999999999830e-02,-6.859999999999999432e-02,-6.859999999999999432e-02,-4.130000000000000338e-02,-4.130000000000000338e-02,1.820000000000000090e-02,1.820000000000000090e-02,4.599999999999999922e-02,4.599999999999999922e-02,-3.359999999999999792e-02,-3.359999999999999792e-02,-3.392999999999999905e-01,-2.799999999999999972e-03,-2.799999999999999972e-03,-2.899999999999999800e-03,-6.899999999999999883e-03,-7.700000000000000247e-03,-7.700000000000000247e-03,-6.899999999999999883e-03,-6.899999999999999883e-03,-7.700000000000000247e-03,-8.500000000000000611e-03,-8.600000000000000006e-03,-8.600000000000000006e-03,-8.500000000000000611e-03,-8.500000000000000611e-03,-8.600000000000000006e-03,1.190000000000000085e-02,1.260000000000000009e-02,1.260000000000000009e-02,-2.899999999999999800e-03,-2.899999999999999800e-03,-8.200000000000000691e-03,-8.200000000000000691e-03,-7.700000000000000247e-03,-8.200000000000000691e-03,-9.100000000000000450e-03,-9.100000000000000450e-03,-8.600000000000000006e-03,-9.100000000000000450e-03,1.299999999999999940e-02,1.299999999999999940e-02,-2.700000000000000143e-03,-2.700000000000000143e-03,-8.200000000000000691e-03,-8.800000000000000530e-03,-8.800000000000000530e-03,-8.800000000000000530e-03,-9.100000000000000450e-03,-7.799999999999999642e-03,-7.799999999999999642e-03,-7.799999999999999642e-03,1.299999999999999940e-02,1.480000000000000066e-02,-2.599999999999999881e-03,-2.599999999999999881e-03,-8.800000000000000530e-03,-8.800000000000000530e-03,-8.800000000000000530e-03,-8.800000000000000530e-03,-7.799999999999999642e-03,-6.700000000000000226e-03,-6.700000000000000226e-03,-6.700000000000000226e-03,1.480000000000000066e-02,1.529999999999999936e-02,-5.400000000000000286e-03,-5.400000000000000286e-03,-6.000000000000000125e-03,-3.899999999999999821e-03,-4.000000000000000083e-03,-4.000000000000000083e-03,-4.499999999999999660e-03,-3.899999999999999821e-03,-4.000000000000000083e-03,-4.799999999999999580e-03,-4.499999999999999660e-03,-4.400000000000000265e-03,-4.799999999999999580e-03,-3.700000000000000164e-03,-4.400000000000000265e-03,-3.399999999999999811e-03,-3.700000000000000164e-03,-3.799999999999999992e-03,-3.399999999999999811e-03,-5.000000000000000104e-03,-3.799999999999999992e-03,-6.499999999999999702e-03,-5.000000000000000104e-03,-6.499999999999999702e-03,-6.499999999999999702e-03,-4.700000000000000185e-03,-6.499999999999999702e-03,-3.000000000000000062e-03,-4.700000000000000185e-03,-2.700000000000000143e-03,-3.000000000000000062e-03,-3.000000000000000062e-03,-2.700000000000000143e-03,-3.700000000000000164e-03,-2.599999999999999881e-03,-3.000000000000000062e-03,-3.700000000000000164e-03,-2.000000000000000042e-03,-2.599999999999999881e-03,-1.199999999999999895e-03,-2.000000000000000042e-03,-4.000000000000000192e-04,-1.199999999999999895e-03,-1.100000000000000066e-03,-6.000000000000000125e-03,-6.300000000000000044e-03,-3.399999999999999811e-03,-3.399999999999999811e-03,-4.000000000000000083e-03,-3.399999999999999811e-03,-4.899999999999999842e-03,-4.899999999999999842e-03,-3.700000000000000164e-03,-4.899999999999999842e-03,-1.299999999999999940e-03,-1.299999999999999940e-03,-6.499999999999999702e-03,-6.499999999999999702e-03,-3.399999999999999811e-03,-2.500000000000000052e-03,-2.500000000000000052e-03,-2.500000000000000052e-03,-4.899999999999999842e-03,-5.899999999999999863e-03,-5.899999999999999863e-03,-5.899999999999999863e-03,-1.299999999999999940e-03,-2.599999999999999881e-03,-6.599999999999999964e-03,-6.599999999999999964e-03,-2.500000000000000052e-03,-1.699999999999999905e-03,-1.699999999999999905e-03,-1.699999999999999905e-03,-5.899999999999999863e-03,-6.199999999999999782e-03,-6.199999999999999782e-03,-6.199999999999999782e-03,-2.599999999999999881e-03,-3.700000000000000164e-03
Alpha,0.000000000000000000e+00
Mach,5.000000000000000278e-02
Case,1
X_Loc,4.783000000000000029e-01,4.783000000000000029e-01,4.757000000000000117e-01,4.757000000000000117e-01,4.723999999999999866e-01,4.723999999999999866e-01,4.683999999999999830e-01,4.683999999999999830e-01,4.635000000000000231e-01,4.635000000000000231e-01,4.576000000000000068e-01,4.576000000000000068e-01,4.504000000000000226e-01,4.504000000000000226e-01,4.416999999999999815e-01,4.416999999999999815e-01,4.314999999999999947e-01,4.314999999999999947e-01,4.197000000000000175e-01,4.197000000000000175e-01,4.061000000000000165e-01,4.061000000000000165e-01,3.909000000000000252e-01,3.909000000000000252e-01,3.740999999999999881e-01,3.740999999999999881e-01,3.561000000000000276e-01,3.561000000000000276e-01,3.371000000000000107e-01,3.371000000000000107e-01,3.174000000000000155e-01,3.174000000000000155e-01,2.977000000000000202e-01,2.977000000000000202e-01,2.783999999999999808e-01,2.783999999999999808e-01,2.600000000000000089e-01,2.600000000000000089e-01,2.427999999999999881e-01,2.427999999999999881e-01,2.270999999999999963e-01,2.270999999999999963e-01,2.132000000000000006e-01,2.132000000000000006e-01,2.010000000000000120e-01,2.010000000000000120e-01,1.905999999999999917e-01,1.905999999999999917e-01,1.819000000000000061e-01,1.819000000000000061e-01,1.748000000000000109e-01,1.748000000000000109e-01,1.691000000000000003e-01,1.691000000000000003e-01,1.648000000000000020e-01,1.648000000000000020e-01,1.622000000000000108e-01,1.622000000000000108e-01,1.608999999999999875e-01,1.608999999999999875e-01,1.605000000000000038e-01,4.783000000000000029e-01,4.783000000000000029e-01,4.757000000000000117e-01,4.757000000000000117e-01,4.723999999999999866e-01,4.723999999999999866e-01,4.683999999999999830e-01,4.683999999999999830e-01,4.635000000000000231e-01,4.635000000000000231e-01,4.576000000000000068e-01,4.576000000000000068e-01,4.504000000000000226e-01,4.504000000000000226e-01,4.416999999999999815e-01,4.416999999999999815e-01,4.314999999999999947e-01,4.314999999999999947e-01,4.197000000000000175e-01,4.197000000000000175e-01,4.061000000000000165e-01,4.061000000000000165e-01,3.909000000000000252e-01,3.909000000000000252e-01,3.740999999999999881e-01,3.740999999999999881e-01,3.561000000000000276e-01,3.561000000000000276e-01,3.371000000000000107e-01,3.371000000000000107e-01,3.174000000000000155e-01,3.174000000000000155e-01,2.977000000000000202e-01,2.977000000000000202e-01,2.783999999999999808e-01,2.783999999999999808e-01,2.600000000000000089e-01,2.600000000000000089e-01,2.427999999999999881e-01,2.427999999999999881e-01,2.270999999999999963e-01,2.270999999999999963e-01,2.132000000000000006e-01,2.132000000000000006e-01,2.010000000000000120e-01,2.010000000000000120e-01,1.905999999999999917e-01,1.905999999999999917e-01,1.819000000000000061e-01,1.819000000000000061e-01,1.748000000000000109e-01,1.748000000000000109e-01,1.691000000000000003e-01,1.691000000000000003e-01,1.648000000000000020e-01,1.648000000000000020e-01,1.622000000000000108e-01,1.622000000000000108e-01,1.608999999999999875e-01,1.608999999999999875e-01,1.605000000000000038e-01,5.734000000000000208e-01,5.734000000000000208e-01,5.722000000000000419e-01,5.722000000000000419e-01,5.707999999999999741e-01,5.707999999999999741e-01,5.691000000000000503e-01,5.691000000000000503e-01,5.671000000000000485e-01,5.671000000000000485e-01,5.645999999999999908e-01,5.645999999999999908e-01,5.613000000000000211e-01,5.613000000000000211e-01,5.572000000000000286e-01,5.572000000000000286e-01,5.523000000000000131e-01,5.523000000000000131e-01,5.463999999999999968e-01,5.463999999999999968e-01,5.397999999999999465e-01,5.397999999999999465e-01,5.323999999999999844e-01,5.323999999999999844e-01,5.244999999999999662e-01,5.244999999999999662e-01,5.161999999999999922e-01,5.161999999999999922e-01,5.079000000000000181e-01,5.079000000000000181e-01,4.996999999999999775e-01,4.996999999999999775e-01,4.919000000000000039e-01,4.919000000000000039e-01,4.848000000000000087e-01,4.848000000000000087e-01,4.783000000000000029e-01,4.783000000000000029e-01,4.727000000000000091e-01,4.727000000000000091e-01,4.678999999999999826e-01,4.678999999999999826e-01,4.637999999999999901e-01,4.637999999999999901e-01,4.605000000000000204e-01,4.605000000000000204e-01,4.578999999999999737e-01,4.578999999999999737e-01,4.559000000000000274e-01,4.559000000000000274e-01,4.546000000000000041e-01,4.546000000000000041e-01,4.541000000000000036e-01,5.734000000000000208e-01,5.734000000000000208e-01,5.722000000000000419e-01,5.722000000000000419e-01,5.707999999999999741e-01,5.707999999999999741e-01,5.691000000000000503e-01,5.691000000000000503e-01,5.671000000000000485e-01,5.671000000000000485e-01,5.645999999999999908e-01,5.645999999999999908e-01,5.613000000000000211e-01,5.613000000000000211e-01,5.572000000000000286e-01,5.572000000000000286e-01,5.523000000000000131e-01,5.523000000000000131e-01,5.463999999999999968e-01,5.463999999999999968e-01,5.397999999999999465e-01,5.397999999999999465e-01,5.323999999999999844e-01,5.323999999999999844e-01,5.244999999999999662e-01,5.244999999999999662e-01,5.161999999999999922e-01,5.161999999999999922e-01,5.079000000000000181e-01,5.079000000000000181e-01,4.996999999999999775e-01,4.996999999999999775e-01,4.919000000000000039e-01,4.919000000000000039e-01,4.848000000000000087e-01,4.848000000000000087e-01,4.783000000000000029e-01,4.783000000000000029e-01,4.727000000000000091e-01,4.727000000000000091e-01,4.678999999999999826e-01,4.678999999999999826e-01,4.637999999999999901e-01,4.637999999999999901e-01,4.605000000000000204e-01,4.605000000000000204e-01,4.578999999999999737e-01,4.578999999999999737e-01,4.559000000000000274e-01,4.559000000000000274e-01,4.546000000000000041e-01,4.546000000000000041e-01,4.541000000000000036e-01,2.334600000000000009e+00,2.334600000000000009e+00,2.334600000000000009e+00,2.334600000000000009e+00,1.650000000000000078e-01,1.650000000000000078e-01,1.766000000000000070e-01,1.766000000000000070e-01,1.894000000000000128e-01,1.894000000000000128e-01,2.033999999999999975e-01,2.033999999999999975e-01,2.184999999999999998e-01,2.184999999999999998e-01,2.346000000000000030e-01,2.346000000000000030e-01,2.515000000000000013e-01,2.515000000000000013e-01,2.692999999999999838e-01,2.692999999999999838e-01,2.878000000000000003e-01,2.878000000000000003e-01,3.069999999999999951e-01,3.069999999999999951e-01,3.266000000000000014e-01,3.266000000000000014e-01,3.467000000000000082e-01,3.467000000000000082e-01,3.670999999999999819e-01,3.670999999999999819e-01,3.877999999999999781e-01,3.877999999999999781e-01,4.087000000000000077e-01,4.087000000000000077e-01,4.295999999999999819e-01,4.295999999999999819e-01,4.505000000000000115e-01,4.505000000000000115e-01,4.712999999999999967e-01,4.712999999999999967e-01,4.919000000000000039e-01,4.919000000000000039e-01,5.120999999999999996e-01,5.120999999999999996e-01,5.407999999999999474e-01,5.407999999999999474e-01,5.718999999999999639e-01,5.718999999999999639e-01,6.052999999999999492e-01,6.052999999999999492e-01,6.404999999999999583e-01,6.404999999999999583e-01,6.774000000000000021e-01,6.774000000000000021e-01,7.156000000000000139e-01,7.156000000000000139e-01,7.549000000000000155e-01,7.549000000000000155e-01,7.947999999999999510e-01,7.947999999999999510e-01,8.352000000000000535e-01,8.352000000000000535e-01,8.757000000000000339e-01,8.757000000000000339e-01,9.160000000000000364e-01,9.160000000000000364e-01,9.557999999999999829e-01,9.557999999999999829e-01,9.949000000000000066e-01,9.949000000000000066e-01,1.032899999999999929e+00,1.032899999999999929e+00,1.158500000000000085e+00,1.158500000000000085e+00,1.314300000000000024e+00,1.314300000000000024e+00,1.481899999999999995e+00,1.481899999999999995e+00,1.643100000000000005e+00,1.643100000000000005e+00,1.779800000000000049e+00,1.779800000000000049e+00,1.894300000000000095e+00,1.894300000000000095e+00,2.003499999999999837e+00,2.003499999999999837e+00,2.110899999999999999e+00,2.110899999999999999e+00,2.220200000000000173e+00,2.334600000000000009e+00,2.334600000000000009e+00,2.334600000000000009e+00,2.334600000000000009e+00,1.650000000000000078e-01,1.650000000000000078e-01,1.766000000000000070e-01,1.766000000000000070e-01,1.894000000000000128e-01,1.894000000000000128e-01,2.033999999999999975e-01,2.033999999999999975e-01,2.184999999999999998e-01,2.184999999999999998e-01,2.346000000000000030e-01,2.346000000000000030e-01,2.515000000000000013e-01,2.515000000000000013e-01,2.692999999999999838e-01,2.692999999999999838e-01,2.878000000000000003e-01,2.878000000000000003e-01,3.069999999999999951e-01,3.069999999999999951e-01,3.266000000000000014e-01,3.266000000000000014e-01,3.467000000000000082e-01,3.467000000000000082e-01,3.670999999999999819e-01,3.670999999999999819e-01,3.877999999999999781e-01,3.877999999999999781e-01,4.087000000000000077e-01,4.087000000000000077e-01,4.295999999999999819e-01,4.295999999999999819e-01,4.505000000000000115e-01,4.505000000000000115e-01,4.712999999999999967e-01,4.712999999999999967e-01,4.919000000000000039e-01,4.919000000000000039e-01,5.120999999999999996e-01,5.120999999999999996e-01,5.407999999999999474e-01,5.407999999999999474e-01,5.718999999999999639e-01,5.718999999999999639e-01,6.052999999999999492e-01,6.052999999999999492e-01,6.404999999999999583e-01,6.404999999999999583e-01,6.774000000000000021e-01,6.774000000000000021e-01,7.156000000000000139e-01,7.156000000000000139e-01,7.549000000000000155e-01,7.549000000000000155e-01,7.947999999999999510e-01,7.947999999999999510e-01,8.352000000000000535e-01,8.352000000000000535e-01,8.757000000000000339e-01,8.757000000000000339e-01,9.160000000000000364e-01,9.160000000000000364e-01,9.557999999999999829e-01,9.557999999999999829e-01,9.949000000000000066e-01,9.949000000000000066e-01,1.032899999999999929e+00,1.032899999999999929e+00,1.158500000000000085e+00,1.158500000000000085e+00,1.314300000000000024e+00,1.314300000000000024e+00,1.481899999999999995e+00,1.481899999999999995e+00,1.643100000000000005e+00,1.643100000000000005e+00,1.779800000000000049e+00,1.779800000000000049e+00,1.894300000000000095e+00,1.894300000000000095e+00,2.003499999999999837e+00,2.003499999999999837e+00,2.110899999999999999e+00,2.110899999999999999e+00,2.220200000000000173e+00,1.650000000000000078e-01,1.650000000000000078e-01,1.650000000000000078e-01,5.433000000000000052e-01,5.409000000000000474e-01,5.409000000000000474e-01,5.433000000000000052e-01,5.433000000000000052e-01,5.409000000000000474e-01,1.045900000000000052e+00,1.044899999999999940e+00,1.044899999999999940e+00,1.045900000000000052e+00,1.045900000000000052e+00,1.044899999999999940e+00,1.779800000000000049e+00,1.779800000000000049e+00,1.779800000000000049e+00,1.650000000000000078e-01,1.650000000000000078e-01,5.342000000000000082e-01,5.342000000000000082e-01,5.409000000000000474e-01,5.342000000000000082e-01,1.042100000000000026e+00,1.042100000000000026e+00,1.044899999999999940e+00,1.042100000000000026e+00,1.779800000000000049e+00,1.779800000000000049e+00,1.650000000000000078e-01,1.650000000000000078e-01,5.342000000000000082e-01,5.242999999999999883e-01,5.242999999999999883e-01,5.242999999999999883e-01,1.042100000000000026e+00,1.037900000000000045e+00,1.037900000000000045e+00,1.037900000000000045e+00,1.779800000000000049e+00,1.779800000000000049e+00,1.650000000000000078e-01,1.650000000000000078e-01,5.242999999999999883e-01,5.120999999999999996e-01,5.120999999999999996e-01,5.120999999999999996e-01,1.037900000000000045e+00,1.032899999999999929e+00,1.032899999999999929e+00,1.032899999999999929e+00,1.779800000000000049e+00,1.779800000000000049e+00,1.650000000000000078e-01,1.650000000000000078e-01,1.650000000000000078e-01,4.809999999999999831e-01,4.833999999999999964e-01,4.833999999999999964e-01,5.098000000000000309e-01,4.809999999999999831e-01,4.833999999999999964e-01,5.416999999999999593e-01,5.098000000000000309e-01,5.762000000000000455e-01,5.416999999999999593e-01,6.129000000000000004e-01,5.762000000000000455e-01,6.514999999999999680e-01,6.129000000000000004e-01,6.915999999999999925e-01,6.514999999999999680e-01,7.327000000000000179e-01,6.915999999999999925e-01,7.745999999999999552e-01,7.327000000000000179e-01,8.167999999999999705e-01,7.745999999999999552e-01,8.589999999999999858e-01,8.167999999999999705e-01,9.008000000000000451e-01,8.589999999999999858e-01,9.416999999999999815e-01,9.008000000000000451e-01,9.815000000000000391e-01,9.416999999999999815e-01,1.020799999999999930e+00,1.146800000000000042e+00,1.019800000000000040e+00,1.020799999999999930e+00,1.305800000000000072e+00,1.146800000000000042e+00,1.477300000000000058e+00,1.305800000000000072e+00,1.641799999999999926e+00,1.477300000000000058e+00,1.779800000000000049e+00,1.650000000000000078e-01,1.650000000000000078e-01,4.900999999999999801e-01,4.900999999999999801e-01,4.833999999999999964e-01,4.900999999999999801e-01,1.023600000000000065e+00,1.023600000000000065e+00,1.020799999999999930e+00,1.023600000000000065e+00,1.779800000000000049e+00,1.779800000000000049e+00,1.650000000000000078e-01,1.650000000000000078e-01,4.900999999999999801e-01,5.000000000000000000e-01,5.000000000000000000e-01,5.000000000000000000e-01,1.023600000000000065e+00,1.027800000000000047e+00,1.027800000000000047e+00,1.027800000000000047e+00,1.779800000000000049e+00,1.779800000000000049e+00,1.650000000000000078e-01,1.650000000000000078e-01,5.000000000000000000e-01,5.120999999999999996e-01,5.120999999999999996e-01,5.120999999999999996e-01,1.027800000000000047e+00,1.032899999999999929e+00,1.032899999999999929e+00,1.032899999999999929e+00,1.779800000000000049e+00,1.779800000000000049e+00
Cut_Num,1
Y_Loc,0.000000000000000000e+00,0.000000000000000000e+00,0.000000000000000000e+00,0.000000000000000000e+00,0.000000000000000000e+00,0.000000000000000000e+00,0.000000000000000000e+00,0.000000000000000000e+00,0.000000000000000000e+00,0.000000000000000000e+00,0.000000000000000000e+00,0.000000000000000000e+00,0.000000000000000000e+00,0.000000000000000000e+00,0.000000000000000000e+00,0.000000000000000000e+00,0.000000000000000000e+00,0.000000000000000000e+00,0.000000000000000000e+00,0.000000000000000000e+00,0.000000000000000000e+00,0.000000000000000000e+00,0.000000000000000000e+00,0.000000000000000000e+00,0.000000000000000000e+00,0.000000000000000000e+00,0.000000000000000000e+00,0.000000000000000000e+00,0.000000000000000000e+00,0.000000000000000000e+00,0.000000000000000000e+00,0.000000000000000000e+00,0.000000000000000000e+00,0.000000000000000000e+00,0.000000000000000000e+00,0.000000000000000000e+00,0.000000000000000000e+00,0.000000000000000000e+00,0.000000000000000000e+00,0.000000000000000000e+00,0.000000000000000000e+00,0.000000000000000000e+00,0.000000000000000000e+00,0.000000000000000000e+00,0.000000000000000000e+00,0.000000000000000000e+00,0.000000000000000000e+00,0.000000000000000000e+00,0.000000000000000000e+00,0.000000000000000000e+00,0.000000000000000000e+00,0.000000000000000000e+00,0.000000000000000000e+00,0.000000000000000000e+00,0.000000000000000000e+00,0.000000000000000000e+00,0.000000000000000000e+00,0.000000000000000000e+00,0.000000000000000000e+00,0.000000000000000000e+00,0.000000000000000000e+00,0.000000000000000000e+00,0.000000000000000000e+00,0.000000000000000000e+00,0.000000000000000000e+00,0.000000000000000000e+00,0.000000000000000000e+00,0.000000000000000000e+00,0.000000000000000000e+00,0.000000000000000000e+00,0.000000000000000000e+00,0.000000000000000000e+00,0.000000000000000000e+00,0.000000000000000000e+00,0.000000000000000000e+00,0.000000000000000000e+00,0.000000000000000000e+00,0.000000000000000000e+00,0.000000000000000000e+00,0.000000000000000000e+00,0.000000000000000000e+00,0.000000000000000000e+00,0.000000000000000000e+00,0.000000000000000000e+00,0.000000000000000000e+00,0.000000000000000000e+00,0.000000000000000000e+00,0.000000000000000000e+00,0.000000000000000000e+00,0.000000000000000000e+00,0.000000000000000000e+00,0.000000000000000000e+00,0.000000000000000000e+00,0.000000000000000000e+00,0.000000000000000000e+00,0.000000000000000000e+00,0.000000000000000000e+00,0.000000000000000000e+00,0.000000000000000000e+00,0.000000000000000000e+00,0.000000000000000000e+00,0.000000000000000000e+00,0.000000000000000000e+00,0.000000000000000000e+00,0.000000000000000000e+00,0.000000000000000000e+00,0.000000000000000000e+00,0.000000000000000000e+00,0.000000000000000000e+00,0.000000000000000000e+00,0.000000000000000000e+00,0.000000000000000000e+00,0.000000000000000000e+00,0.000000000000000000e+00,0.000000000000000000e+00,0.000000000000000000e+00,0.000000000000000000e+00,0.000000000000000000e+00,0.000000000000000000e+00,0.000000000000000000e+00,0.000000000000000000e+00,0.000000000000000000e+00,0.000000000000000000e+00,0.000000000000000000e+00,0.000000000000000000e+00,0.000000000000000000e+00,0.000000000000000000e+00,0.000000000000000000e+00,0.000000000000000000e+00,0.000000000000000000e+00,0.000000000000000000e+00,0.000000000000000000e+00,0.000000000000000000e+00,0.000000000000000000e+00,0.000000000000000000e+00,0.000000000000000000e+00,0.000000000000000000e+00,0.000000000000000000e+00,0.000000000000000000e+00,0.000000000000000000e+00,0.000000000000000000e+00,0.000000000000000000e+00,0.000000000000000000e+00,0.000000000000000000e+00,0.000000000000000000e+00,0.000000000000000000e+00,0.000000000000000000e+00,0.000000000000000000e+00,0.000000000000000000e+00,0.000000000000000000e+00,0.000000000000000000e+00,0.000000000000000000e+00,0.000000000000000000e+00,0.000000000000000000e+00,0.000000000000000000e+00,0.000000000000000000e+00,0.000000000000000000e+00,0.000000000000000000e+00,0.000000000000000000e+00,0.000000000000000000e+00,0.000000000000000000e+00,0.000000000000000000e+00,0.000000000000000000e+00,0.000000000000000000e+00,0.000000000000000000e+00,0.000000000000000000e+00,0.000000000000000000e+00,0.000000000000000000e+00,0.000000000000000000e+00,0.000000000000000000e+00,0.000000000000000000e+00,0.000000000000000000e+00,0.000000000000000000e+00,0.000000000000000000e+00,0.000000000000000000e+00,0.000000000000000000e+00,0.000000000000000000e+00,0.000000000000000000e+00,0.000000000000000000e+00,0.000000000000000000e+00,0.000000000000000000e+00,0.000000000000000000e+00,0.000000000000000000e+00,0.000000000000000000e+00,0.000000000000000000e+00,0.000000000000000000e+00,0.000000000000000000e+00,0.000000000000000000e+00,0.000000000000000000e+00,0.000000000000000000e+00,0.000000000000000000e+00,0.000000000000000000e+00,0.000000000000000000e+00,0.000000000000000000e+00,0.000000000000000000e+00,0.000000000000000000e+00,0.000000000000000000e+00,0.000000000000000000e+00,0.000000000000000000e+00,0.000000000000000000e+00,0.000000000000000000e+00,0.000000000000000000e+00,0.000000000000000000e+00,0.000000000000000000e+00,0.000000000000000000e+00,0.000000000000000000e+00,0.000000000000000000e+00,0.000000000000000000e+00,0.000000000000000000e+00,0.000000000000000000e+00,0.000000000000000000e+00,0.000000000000000000e+00,0.000000000000000000e+00,0.000000000000000000e+00,0.000000000000000000e+00,0.000000000000000000e+00,0.000000000000000000e+00,0.000000000000000000e+00,0.000000000000000000e+00,0.000000000000000000e+00,0.000000000000000000e+00,0.000000000000000000e+00,0.000000000000000000e+00,0.000000000000000000e+00,0.000000000000000000e+00,0.000000000000000000e+00,0.000000000000000000e+00,0.000000000000000000e+00,0.000000000000000000e+00,0.000000000000000000e+00,0.000000000000000000e+00,0.000000000000000000e+00,0.000000000000000000e+00,0.000000000000000000e+00,0.000000000000000000e+00,0.000000000000000000e+00,0.000000000000000000e+00,0.000000000000000000e+00,0.000000000000000000e+00,0.000000000000000000e+00,0.000000000000000000e+00,0.000000000000000000e+00,0.000000000000000000e+00,0.000000000000000000e+00,0.000000000000000000e+00,0.000000000000000000e+00,0.000000000000000000e+00,0.000000000000000000e+00,0.000000000000000000e+00,0.000000000000000000e+00,0.000000000000000000e+00,0.000000000000000000e+00,0.000000000000000000e+00,0.000000000000000000e+00,0.000000000000000000e+00,0.000000000000000000e+00,0.000000000000000000e+00,0.000000000000000000e+00,0.000000000000000000e+00,0.000000000000000000e+00,0.000000000000000000e+00,0.000000000000000000e+00,0.000000000000000000e+00,0.000000000000000000e+00,0.000000000000000000e+00,0.000000000000000000e+00,0.000000000000000000e+00,0.000000000000000000e+00,0.000000000000000000e+00,0.000000000000000000e+00,0.000000000000000000e+00,0.000000000000000000e+00,0.000000000000000000e+00,0.000000000000000000e+00,0.000000000000000000e+00,0.000000000000000000e+00,0.000000000000000000e+00,0.000000000000000000e+00,0.000000000000000000e+00,0.000000000000000000e+00,0.000000000000000000e+00,0.000000000000000000e+00,0.000000000000000000e+00,0.000000000000000000e+00,0.000000000000000000e+00,0.000000000000000000e+00,0.000000000000000000e+00,0.000000000000000000e+00,0.000000000000000000e+00,0.000000000000000000e+00,0.000000000000000000e+00,0.000000000000000000e+00,0.000000000000000000e+00,0.000000000000000000e+00,0.000000000000000000e+00,0.000000000000000000e+00,0.000000000000000000e+00,0.000000000000000000e+00,0.000000000000000000e+00,0.000000000000000000e+00,0.000000000000000000e+00,0.000000000000000000e+00,0.000000000000000000e+00,0.000000000000000000e+00,0.000000000000000000e+00,0.000000000000000000e+00,0.000000000000000000e+00,0.000000000000000000e+00,0.000000000000000000e+00,0.000000000000000000e+00,0.000000000000000000e+00,0.000000000000000000e+00,0.000000000000000000e+00,0.000000000000000000e+00,0.000000000000000000e+00,0.000000000000000000e+00,0.000000000000000000e+00,0.000000000000000000e+00,0.000000000000000000e+00,0.000000000000000000e+00,0.000000000000000000e+00,0.000000000000000000e+00,0.000000000000000000e+00,0.000000000000000000e+00,0.000000000000000000e+00,0.000000000000000000e+00,0.000000000000000000e+00,0.000000000000000000e+00,0.000000000000000000e+00,0.000000000000000000e+00,0.000000000000000000e+00,0.000000000000000000e+00,0.000000000000000000e+00,0.000000000000000000e+00,0.000000000000000000e+00,0.000000000000000000e+00,0.000000000000000000e+00,0.000000000000000000e+00,0.000000000000000000e+00,0.000000000000000000e+00,0.000000000000000000e+00,0.000000000000000000e+00,0.000000000000000000e+00,0.000000000000000000e+00,0.000000000000000000e+00,0.000000000000000000e+00,0.000000000000000000e+00,0.000000000000000000e+00,0.000000000000000000e+00,0.000000000000000000e+00,0.000000000000000000e+00,0.000000000000000000e+00,0.000000000000000000e+00,0.000000000000000000e+00,0.000000000000000000e+00,0.000000000000000000e+00,0.000000000000000000e+00,0.000000000000000000e+00,0.000000000000000000e+00,0.000000000000000000e+00,0.000000000000000000e+00,0.000000000000000000e+00,0.000000000000000000e+00,0.000000000000000000e+00,0.000000000000000000e+00,0.000000000000000000e+00,0.000000000000000000e+00,0.000000000000000000e+00,0.000000000000000000e+00,0.000000000000000000e+00,0.000000000000000000e+00,0.000000000000000000e+00,0.000000000000000000e+00,0.000000000000000000e+00,0.000000000000000000e+00,0.000000000000000000e+00,0.000000000000000000e+00,0.000000000000000000e+00,0.000000000000000000e+00,0.000000000000000000e+00,0.000000000000000000e+00,0.000000000000000000e+00,0.000000000000000000e+00,0.000000000000000000e+00,0.000000000000000000e+00,0.000000000000000000e+00,0.000000000000000000e+00,0.000000000000000000e+00,0.000000000000000000e+00,0.000000000000000000e+00,0.000000000000000000e+00,0.000000000000000000e+00,0.000000000000000000e+00,0.000000000000000000e+00,0.000000000000000000e+00,0.000000000000000000e+00,0.000000000000000000e+00,0.000000000000000000e+00,0.000000000000000000e+00,0.000000000000000000e+00,0.000000000000000000e+00,0.000000000000000000e+00,0.000000000000000000e+00,0.000000000000000000e+00,0.000000000000000000e+00,0.000000000000000000e+00,0.000000000000000000e+00,0.000000000000000000e+00,0.000000000000000000e+00,0.000000000000000000e+00,0.000000000000000000e+00,0.000000000000000000e+00,0.000000000000000000e+00,0.000000000000000000e+00,0.000000000000000000e+00,0.000000000000000000e+00,0.000000000000000000e+00,0.000000000000000000e+00,0.000000000000000000e+00,0.000000000000000000e+00,0.000000000000000000e+00,0.000000000000000000e+00,0.000000000000000000e+00,0.000000000000000000e+00,0.000000000000000000e+00,0.000000000000000000e+00,0.000000000000000000e+00,0.000000000000000000e+00,0.000000000000000000e+00,0.000000000000000000e+00,0.000000000000000000e+00,0.000000000000000000e+00,0.000000000000000000e+00,0.000000000000000000e+00,0.000000000000000000e+00,0.000000000000000000e+00,0.000000000000000000e+00,0.000000000000000000e+00,0.000000000000000000e+00,0.000000000000000000e+00,0.000000000000000000e+00,0.000000000000000000e+00,0.000000000000000000e+00,0.000000000000000000e+00,0.000000000000000000e+00,0.000000000000000000e+00,0.000000000000000000e+00,0.000000000000000000e+00,0.000000000000000000e+00,0.000000000000000000e+00,0.000000000000000000e+00,0.000000000000000000e+00,0.000000000000000000e+00,0.000000000000000000e+00,0.000000000000000000e+00,0.000000000000000000e+00,0.000000000000000000e+00,0.000000000000000000e+00,0.000000000000000000e+00,0.000000000000000000e+00,0.000000000000000000e+00,0.000000000000000000e+00,0.000000000000000000e+00,0.000000000000000000e+00,0.000000000000000000e+00,0.000000000000000000e+00,0.000000000000000000e+00,0.000000000000000000e+00,0.000000000000000000e+00,0.000000000000000000e+00,0.000000000000000000e+00,0.000000000000000000e+00,0.000000000000000000e+00,0.000000000000000000e+00,0.000000000000000000e+00,0.000000000000000000e+00,0.000000000000000000e+00,0.000000000000000000e+00,0.000000000000000000e+00,0.000000000000000000e+00,0.000000000000000000e+00,0.000000000000000000e+00,0.000000000000000000e+00,0.000000000000000000e+00,0.000000000000000000e+00,0.000000000000000000e+00,0.000000000000000000e+00,0.000000000000000000e+00,0.000000000000000000e+00,0.000000000000000000e+00,0.000000000000000000e+00,0.000000000000000000e+00,0.000000000000000000e+00,0.000000000000000000e+00,0.000000000000000000e+00,0.000000000000000000e+00,0.000000000000000000e+00,0.000000000000000000e+00,0.000000000000000000e+00,0.000000000000000000e+00,0.000000000000000000e+00,0.000000000000000000e+00,0.000000000000000000e+00,0.000000000000000000e+00,0.000000000000000000e+00,0.000000000000000000e+00,0.000000000000000000e+00,0.000000000000000000e+00,0.000000000000000000e+00,0.000000000000000000e+00,0.000000000000000000e+00,0.000000000000000000e+00,0.000000000000000000e+00,0.000000000000000000e+00,0.000000000000000000e+00,0.000000000000000000e+00,0.000000000000000000e+00,0.000000000000000000e+00,0.000000000000000000e+00,0.000000000000000000e+00,0.000000000000000000e+00,0.000000000000000000e+00,0.000000000000000000e+00,0.000000000000000000e+00,0.000000000000000000e+00,0.000000000000000000e+00,0.000000000000000000e+00,0.000000000000000000e+00,0.000000000000000000e+00,0.000000000000000000e+00,0.000000000000000000e+00,0.000000000000000000e+00,0.000000000000000000e+00,0.000000000000000000e+00,0.000000000000000000e+00,0.000000000000000000e+00,0.000000000000000000e+00,0.000000000000000000e+00,0.000000000000000000e+00,0.000000000000000000e+00
Cut_Loc,0.000000000000000000e+00
Z_Loc,8.590000000000000413e-02,8.590000000000000413e-02,8.429999999999999993e-02,8.429999999999999993e-02,8.229999999999999816e-02,8.229999999999999816e-02,8.000000000000000167e-02,8.000000000000000167e-02,7.729999999999999372e-02,7.729999999999999372e-02,7.439999999999999392e-02,7.439999999999999392e-02,7.119999999999999940e-02,7.119999999999999940e-02,6.779999999999999916e-02,6.779999999999999916e-02,6.429999999999999605e-02,6.429999999999999605e-02,6.090000000000000274e-02,6.090000000000000274e-02,5.770000000000000129e-02,5.770000000000000129e-02,5.489999999999999741e-02,5.489999999999999741e-02,5.220000000000000334e-02,5.220000000000000334e-02,5.000000000000000278e-02,5.000000000000000278e-02,4.809999999999999692e-02,4.809999999999999692e-02,4.700000000000000011e-02,4.700000000000000011e-02,4.660000000000000253e-02,4.660000000000000253e-02,4.700000000000000011e-02,4.700000000000000011e-02,4.780000000000000221e-02,4.780000000000000221e-02,4.920000000000000068e-02,4.920000000000000068e-02,5.090000000000000080e-02,5.090000000000000080e-02,5.299999999999999850e-02,5.299999999999999850e-02,5.530000000000000193e-02,5.530000000000000193e-02,5.779999999999999721e-02,5.779999999999999721e-02,6.010000000000000064e-02,6.010000000000000064e-02,6.219999999999999835e-02,6.219999999999999835e-02,6.370000000000000662e-02,6.370000000000000662e-02,6.460000000000000464e-02,6.460000000000000464e-02,6.460000000000000464e-02,6.460000000000000464e-02,6.450000000000000178e-02,6.450000000000000178e-02,6.450000000000000178e-02,8.590000000000000413e-02,8.590000000000000413e-02,8.429999999999999993e-02,8.429999999999999993e-02,8.229999999999999816e-02,8.229999999999999816e-02,8.000000000000000167e-02,8.000000000000000167e-02,7.729999999999999372e-02,7.729999999999999372e-02,7.439999999999999392e-02,7.439999999999999392e-02,7.119999999999999940e-02,7.119999999999999940e-02,6.779999999999999916e-02,6.779999999999999916e-02,6.429999999999999605e-02,6.429999999999999605e-02,6.090000000000000274e-02,6.090000000000000274e-02,5.770000000000000129e-02,5.770000000000000129e-02,5.489999999999999741e-02,5.489999999999999741e-02,5.220000000000000334e-02,5.220000000000000334e-02,5.000000000000000278e-02,5.000000000000000278e-02,4.809999999999999692e-02,4.809999999999999692e-02,4.700000000000000011e-02,4.700000000000000011e-02,4.660000000000000253e-02,4.660000000000000253e-02,4.700000000000000011e-02,4.700000000000000011e-02,4.780000000000000221e-02,4.780000000000000221e-02,4.920000000000000068e-02,4.920000000000000068e-02,5.090000000000000080e-02,5.090000000000000080e-02,5.299999999999999850e-02,5.299999999999999850e-02,5.530000000000000193e-02,5.530000000000000193e-02,5.779999999999999721e-02,5.779999999999999721e-02,6.010000000000000064e-02,6.010000000000000064e-02,6.219999999999999835e-02,6.219999999999999835e-02,6.370000000000000662e-02,6.370000000000000662e-02,6.460000000000000464e-02,6.460000000000000464e-02,6.460000000000000464e-02,6.460000000000000464e-02,6.450000000000000178e-02,6.450000000000000178e-02,6.450000000000000178e-02,1.531000000000000139e-01,1.531000000000000139e-01,1.522999999999999909e-01,1.522999999999999909e-01,1.511000000000000121e-01,1.511000000000000121e-01,1.496000000000000107e-01,1.496000000000000107e-01,1.476999999999999980e-01,1.476999999999999980e-01,1.454000000000000015e-01,1.454000000000000015e-01,1.428000000000000103e-01,1.428000000000000103e-01,1.401000000000000023e-01,1.401000000000000023e-01,1.371999999999999886e-01,1.371999999999999886e-01,1.340999999999999970e-01,1.340999999999999970e-01,1.307000000000000106e-01,1.307000000000000106e-01,1.272000000000000075e-01,1.272000000000000075e-01,1.237000000000000044e-01,1.237000000000000044e-01,1.203000000000000042e-01,1.203000000000000042e-01,1.170000000000000068e-01,1.170000000000000068e-01,1.140000000000000041e-01,1.140000000000000041e-01,1.113999999999999990e-01,1.113999999999999990e-01,1.092000000000000054e-01,1.092000000000000054e-01,1.074999999999999983e-01,1.074999999999999983e-01,1.062000000000000027e-01,1.062000000000000027e-01,1.053000000000000047e-01,1.053000000000000047e-01,1.045999999999999985e-01,1.045999999999999985e-01,1.042000000000000010e-01,1.042000000000000010e-01,1.039000000000000062e-01,1.039000000000000062e-01,1.035999999999999976e-01,1.035999999999999976e-01,1.033000000000000029e-01,1.033000000000000029e-01,1.030999999999999972e-01,1.531000000000000139e-01,1.531000000000000139e-01,1.522999999999999909e-01,1.522999999999999909e-01,1.511000000000000121e-01,1.511000000000000121e-01,1.496000000000000107e-01,1.496000000000000107e-01,1.476999999999999980e-01,1.476999999999999980e-01,1.454000000000000015e-01,1.454000000000000015e-01,1.428000000000000103e-01,1.428000000000000103e-01,1.401000000000000023e-01,1.401000000000000023e-01,1.371999999999999886e-01,1.371999999999999886e-01,1.340999999999999970e-01,1.340999999999999970e-01,1.307000000000000106e-01,1.307000000000000106e-01,1.272000000000000075e-01,1.272000000000000075e-01,1.237000000000000044e-01,1.237000000000000044e-01,1.203000000000000042e-01,1.203000000000000042e-01,1.170000000000000068e-01,1.170000000000000068e-01,1.140000000000000041e-01,1.140000000000000041e-01,1.113999999999999990e-01,1.113999999999999990e-01,1.092000000000000054e-01,1.092000000000000054e-01,1.074999999999999983e-01,1.074999999999999983e-01,1.062000000000000027e-01,1.062000000000000027e-01,1.053000000000000047e-01,1.053000000000000047e-01,1.045999999999999985e-01,1.045999999999999985e-01,1.042000000000000010e-01,1.042000000000000010e-01,1.039000000000000062e-01,1.039000000000000062e-01,1.035999999999999976e-01,1.035999999999999976e-01,1.033000000000000029e-01,1.033000000000000029e-01,1.030999999999999972e-01,3.886000000000000010e-01,3.886000000000000010e-01,3.886000000000000010e-01,3.886000000000000010e-01,2.149999999999999967e-01,2.149999999999999967e-01,2.156000000000000139e-01,2.156000000000000139e-01,2.172000000000000042e-01,2.172000000000000042e-01,2.197999999999999954e-01,2.197999999999999954e-01,2.232000000000000095e-01,2.232000000000000095e-01,2.273999999999999910e-01,2.273999999999999910e-01,2.323000000000000065e-01,2.323000000000000065e-01,2.376999999999999946e-01,2.376999999999999946e-01,2.436000000000000110e-01,2.436000000000000110e-01,2.499000000000000110e-01,2.499000000000000110e-01,2.564000000000000168e-01,2.564000000000000168e-01,2.631999999999999895e-01,2.631999999999999895e-01,2.700000000000000178e-01,2.700000000000000178e-01,2.767000000000000015e-01,2.767000000000000015e-01,2.833999999999999853e-01,2.833999999999999853e-01,2.898999999999999910e-01,2.898999999999999910e-01,2.959999999999999853e-01,2.959999999999999853e-01,3.017000000000000237e-01,3.017000000000000237e-01,3.069000000000000061e-01,3.069000000000000061e-01,3.114999999999999991e-01,3.114999999999999991e-01,3.173000000000000265e-01,3.173000000000000265e-01,3.229000000000000203e-01,3.229000000000000203e-01,3.284000000000000252e-01,3.284000000000000252e-01,3.337999999999999856e-01,3.337999999999999856e-01,3.391000000000000125e-01,3.391000000000000125e-01,3.441000000000000170e-01,3.441000000000000170e-01,3.491000000000000214e-01,3.491000000000000214e-01,3.538000000000000034e-01,3.538000000000000034e-01,3.583000000000000074e-01,3.583000000000000074e-01,3.627000000000000224e-01,3.627000000000000224e-01,3.668000000000000149e-01,3.668000000000000149e-01,3.706999999999999740e-01,3.706999999999999740e-01,3.743000000000000216e-01,3.743000000000000216e-01,3.776999999999999802e-01,3.776999999999999802e-01,3.891999999999999904e-01,3.891999999999999904e-01,4.033999999999999808e-01,4.033999999999999808e-01,4.173000000000000043e-01,4.173000000000000043e-01,4.278000000000000136e-01,4.278000000000000136e-01,4.319999999999999951e-01,4.319999999999999951e-01,4.274999999999999911e-01,4.274999999999999911e-01,4.167000000000000148e-01,4.167000000000000148e-01,4.037999999999999923e-01,4.037999999999999923e-01,3.931000000000000050e-01,3.886000000000000010e-01,3.886000000000000010e-01,3.886000000000000010e-01,3.886000000000000010e-01,2.149999999999999967e-01,2.149999999999999967e-01,2.156000000000000139e-01,2.156000000000000139e-01,2.172000000000000042e-01,2.172000000000000042e-01,2.197999999999999954e-01,2.197999999999999954e-01,2.232000000000000095e-01,2.232000000000000095e-01,2.273999999999999910e-01,2.273999999999999910e-01,2.323000000000000065e-01,2.323000000000000065e-01,2.376999999999999946e-01,2.376999999999999946e-01,2.436000000000000110e-01,2.436000000000000110e-01,2.499000000000000110e-01,2.499000000000000110e-01,2.564000000000000168e-01,2.564000000000000168e-01,2.631999999999999895e-01,2.631999999999999895e-01,2.700000000000000178e-01,2.700000000000000178e-01,2.767000000000000015e-01,2.767000000000000015e-01,2.833999999999999853e-01,2.833999999999999853e-01,2.898999999999999910e-01,2.898999999999999910e-01,2.959999999999999853e-01,2.959999999999999853e-01,3.017000000000000237e-01,3.017000000000000237e-01,3.069000000000000061e-01,3.069000000000000061e-01,3.114999999999999991e-01,3.114999999999999991e-01,3.173000000000000265e-01,3.173000000000000265e-01,3.229000000000000203e-01,3.229000000000000203e-01,3.284000000000000252e-01,3.284000000000000252e-01,3.337999999999999856e-01,3.337999999999999856e-01,3.391000000000000125e-01,3.391000000000000125e-01,3.441000000000000170e-01,3.441000000000000170e-01,3.491000000000000214e-01,3.491000000000000214e-01,3.538000000000000034e-01,3.538000000000000034e-01,3.583000000000000074e-01,3.583000000000000074e-01,3.627000000000000224e-01,3.627000000000000224e-01,3.668000000000000149e-01,3.668000000000000149e-01,3.706999999999999740e-01,3.706999999999999740e-01,3.743000000000000216e-01,3.743000000000000216e-01,3.776999999999999802e-01,3.776999999999999802e-01,3.891999999999999904e-01,3.891999999999999904e-01,4.033999999999999808e-01,4.033999999999999808e-01,4.173000000000000043e-01,4.173000000000000043e-01,4.278000000000000136e-01,4.278000000000000136e-01,4.319999999999999951e-01,4.319999999999999951e-01,4.274999999999999911e-01,4.274999999999999911e-01,4.167000000000000148e-01,4.167000000000000148e-01,4.037999999999999923e-01,4.037999999999999923e-01,3.931000000000000050e-01,1.650000000000000078e-01,1.650000000000000078e-01,1.688999999999999946e-01,1.648000000000000020e-01,1.764000000000000012e-01,1.764000000000000012e-01,1.648000000000000020e-01,1.648000000000000020e-01,1.764000000000000012e-01,2.283000000000000029e-01,2.399999999999999911e-01,2.399999999999999911e-01,2.283000000000000029e-01,2.283000000000000029e-01,2.399999999999999911e-01,2.819999999999999729e-01,2.938000000000000056e-01,2.938000000000000056e-01,1.688999999999999946e-01,1.796999999999999986e-01,2.078000000000000125e-01,2.078000000000000125e-01,1.764000000000000012e-01,2.078000000000000125e-01,2.721000000000000085e-01,2.721000000000000085e-01,2.399999999999999911e-01,2.721000000000000085e-01,3.259000000000000230e-01,3.259000000000000230e-01,1.955000000000000071e-01,1.955000000000000071e-01,2.078000000000000125e-01,2.545000000000000040e-01,2.545000000000000040e-01,2.545000000000000040e-01,2.721000000000000085e-01,3.195999999999999952e-01,3.195999999999999952e-01,3.195999999999999952e-01,3.259000000000000230e-01,3.735999999999999877e-01,2.149999999999999967e-01,2.149999999999999967e-01,2.545000000000000040e-01,3.114999999999999991e-01,3.114999999999999991e-01,3.114999999999999991e-01,3.195999999999999952e-01,3.776999999999999802e-01,3.776999999999999802e-01,3.776999999999999802e-01,3.735999999999999877e-01,4.319999999999999951e-01,2.650000000000000133e-01,2.650000000000000133e-01,2.610999999999999988e-01,4.582999999999999852e-01,4.466999999999999860e-01,4.466999999999999860e-01,4.641000000000000125e-01,4.582999999999999852e-01,4.466999999999999860e-01,4.697999999999999954e-01,4.641000000000000125e-01,4.754999999999999782e-01,4.697999999999999954e-01,4.811000000000000276e-01,4.754999999999999782e-01,4.865999999999999770e-01,4.811000000000000276e-01,4.919000000000000039e-01,4.865999999999999770e-01,4.970999999999999863e-01,4.919000000000000039e-01,5.021999999999999797e-01,4.970999999999999863e-01,5.070000000000000062e-01,5.021999999999999797e-01,5.116000000000000547e-01,5.070000000000000062e-01,5.159000000000000252e-01,5.116000000000000547e-01,5.200000000000000178e-01,5.159000000000000252e-01,5.237000000000000544e-01,5.200000000000000178e-01,5.153999999999999693e-01,5.386999999999999567e-01,5.272000000000000020e-01,5.153999999999999693e-01,5.530000000000000471e-01,5.386999999999999567e-01,5.671000000000000485e-01,5.530000000000000471e-01,5.776999999999999913e-01,5.671000000000000485e-01,5.702000000000000401e-01,2.610999999999999988e-01,2.503000000000000225e-01,4.153000000000000025e-01,4.153000000000000025e-01,4.466999999999999860e-01,4.153000000000000025e-01,4.833999999999999964e-01,4.833999999999999964e-01,5.153999999999999693e-01,4.833999999999999964e-01,5.380000000000000338e-01,5.380000000000000338e-01,2.344999999999999862e-01,2.344999999999999862e-01,4.153000000000000025e-01,3.685999999999999832e-01,3.685999999999999832e-01,3.685999999999999832e-01,4.833999999999999964e-01,4.359000000000000097e-01,4.359000000000000097e-01,4.359000000000000097e-01,5.380000000000000338e-01,4.903000000000000136e-01,2.149999999999999967e-01,2.149999999999999967e-01,3.685999999999999832e-01,3.114999999999999991e-01,3.114999999999999991e-01,3.114999999999999991e-01,4.359000000000000097e-01,3.776999999999999802e-01,3.776999999999999802e-01,3.776999999999999802e-01,4.903000000000000136e-01,4.319999999999999951e-01
Cut_Type,1
