Results_Name,VSPAERO_History
Results_Timestamp,1757699039
Results_Date,9,12,2025
Results_Time,19,43,59
CMxo,-8.543615108000000499e-03,-1.430418307999999994e-03,-1.484149710000000019e-04,-7.514529100000000240e-05,3.163405600000000225e-05,1.126540989999999932e-04,1.384041069999999909e-04,2.360340181999999974e-03,3.223337649999999843e-04,-1.240498600000000070e-05,-2.803209459999999871e-04,-3.054522359999999807e-04,-3.701603140000000124e-04,-2.424473921000000129e-03,-7.423484355000000041e-03,-2.125109681999999903e-03,2.431390459000000188e-03,-1.274417966999999950e-03,3.003580109999999829e-04,4.020563680000000212e-04,4.827982349999999771e-04,7.501044699999999919e-04,1.133330462999999986e-03,-1.140107552999999972e-03,2.883539295000000190e-03,8.060794630000000117e-04,7.914899900000000124e-05,2.213989729999999985e-04,1.083856753000000039e-03,-6.586459079999999701e-04
CMzi,-3.768635157160000193e-01,-3.218388138450000158e-01,-3.012029240870000013e-01,-4.250918173889999818e-01,-3.083761433239999850e-01,3.172345299224000215e+00,-1.341540274009999922e-01,-9.013554545409999674e-01,-4.282685093979999857e-01,-4.743570052599999781e-02,9.757143330600000219e-02,-3.309585957960000102e-01,-3.487351926019999770e-01,-5.973034114949999918e-01,-1.284740314149999951e-01,-2.289810847260000115e-01,-7.247025065540000366e-01,-3.697149290310000058e-01,-3.711248123920000141e-01,-3.484344785069999895e-01,-2.967341700789999925e-01,-2.791758886779999727e-01,-2.854727085439999756e-01,-3.174667794930000064e-01,-1.232844290272000043e+00,-4.101703508589999991e-01,-2.868723833249999799e-01,-4.356455728999999999e-01,-3.133996684970000168e-01,-2.994263731969999953e-01
CFy,-2.628099734770000251e-01,-4.400580060699999657e-02,-4.506686132599999756e-02,-3.411799655400000325e-02,-1.047616955000000086e-02,-1.269000801999999994e-03,3.091442260900000016e-02,2.959045716529999925e-01,1.254546168690000019e-01,2.065272952240000126e-01,6.455799749200000215e-02,8.021513471499999715e-02,9.718450119999999526e-02,-3.618027986560000131e-01,-2.187163030869999913e-01,-5.113483758090000553e-01,-3.036704738220000199e-01,6.939790856899999416e-02,7.228071621399999314e-02,4.473825138200000079e-02,5.249128976100000260e-02,8.772968970899999719e-02,1.159421454009999936e-01,-1.367716621799999928e-02,-1.846345513908999925e+00,3.428329669169999927e-01,4.865044471700000206e-02,-1.969992135000000165e-03,1.330124911349999939e-01,-8.411059149699999515e-02
CFx,6.232167419040000045e-01,5.435489389909999858e-01,5.540916657750000196e-01,5.056804998749999669e-01,5.543065671139999484e-01,5.962855438380000317e-01,5.793139182069999560e-01,9.399085570280000246e-01,6.120969179880000333e-01,6.756976472660000121e-01,6.585193633929999901e-01,8.751501982079999964e-01,1.135600348832999984e+00,2.582060405180000018e+00,1.805827339953000044e+00,1.242862720458000059e+00,5.991837727069999620e-01,3.386472814789999730e-01,5.234327480370000174e-01,5.817383663859999610e-01,5.820122475110000027e-01,5.824349117139999699e-01,5.885196954189999552e-01,3.175268031719999939e-01,1.420615128209999911e+00,7.136637653089999977e-01,6.036754179000000109e-01,6.297587967319999702e-01,7.596114538289999718e-01,8.747885779480000235e-01
CFzi,-3.798290291465999946e+00,-5.839754816654999736e+00,-6.772401305708999786e+00,-6.715283223505999821e+00,-6.398237383011999846e+00,-6.377545893330999860e+00,-6.439503435365000250e+00,-8.304434655725000169e+00,-6.881854132846999761e+00,-5.877069767062000238e+00,-5.964243867943999966e+00,-5.805550154291999831e+00,-5.654725253501999838e+00,-6.517721150266999608e+00,-6.296545522078999646e+00,-5.807328314241000378e+00,-4.947537086104000004e+00,-4.279734418098000148e+00,-5.492710841412000278e+00,-5.758046809532999966e+00,-5.645943977876999753e+00,-5.451894294619999748e+00,-5.349550984888000293e+00,-5.344590920283000202e+00,-6.106718858305000275e+00,-5.894048544251000443e+00,-5.082011348778999960e+00,-5.212055039632000231e+00,-4.909013895942999639e+00,-4.710764668233999863e+00
CFyi,-2.611427628490000097e-01,-4.331435224099999814e-02,-4.497231933000000320e-02,-3.403767159200000308e-02,-1.056110968399999982e-02,-1.317881469999999987e-03,3.084937344500000150e-02,3.007645604890000213e-01,1.253125369729999883e-01,2.075539727759999897e-01,6.498893633499999711e-02,8.121400854200000463e-02,9.807538657500000645e-02,-3.967304758920000007e-01,-2.284610025330000016e-01,-4.978315481250000230e-01,-3.066716638690000218e-01,7.086178997599999752e-02,7.260851981600000005e-02,4.479142597900000189e-02,5.233101390599999986e-02,8.803552260199999646e-02,1.157161412350000002e-01,-1.369698297100000080e-02,-1.964851986388000071e+00,3.451760016209999837e-01,4.842600004500000055e-02,-2.759934418999999972e-03,1.320686884089999902e-01,-8.461012230200000428e-02
CFzo,-5.854385069299999911e-02,-2.276755613699999944e-02,-2.378450818000000036e-03,4.440668255000000328e-03,1.261515375999999961e-03,9.070687830000000390e-04,3.791366536000000034e-03,2.351868777999999941e-03,8.644966395000000178e-03,9.844339691000000836e-03,8.121468734999999842e-03,6.298077214999999590e-03,1.017152287399999966e-02,-3.566258255999999946e-03,-8.067301428999999399e-03,8.836239968000000541e-03,1.612369559999999929e-03,-5.141722821999999797e-03,3.605530805999999835e-03,3.223061372999999966e-03,4.756369300999999973e-03,4.212156180000000034e-03,3.018693575000000115e-03,8.361218850000000412e-04,-4.035435469999999747e-02,7.002697474000000276e-03,5.440946781999999801e-03,6.304016307000000034e-03,4.285864971999999926e-03,5.696743362999999623e-03
CFxo,2.603996807569999850e-01,1.970345229040000035e-01,1.794272587609999914e-01,1.698545833810000127e-01,1.728070571070000061e-01,1.749168090110000129e-01,1.728702304270000045e-01,2.166735009980000071e-01,1.821317389029999956e-01,1.529011397800000005e-01,1.599378735800000007e-01,1.631310136520000009e-01,1.523972267969999905e-01,1.847428051789999914e-01,1.724728144569999955e-01,1.562035026770000057e-01,1.594360832360000035e-01,1.581295213089999874e-01,1.475151793950000012e-01,1.546273218599999999e-01,1.498121647890000019e-01,1.484242613779999942e-01,1.502486182799999959e-01,1.487572777939999980e-01,2.285343863990000057e-01,1.321814043229999902e-01,1.374670955410000062e-01,1.440768139580000107e-01,1.458069022129999948e-01,1.390515160249999882e-01
CMz,-3.905727527780000208e-01,-3.238325275460000041e-01,-3.021641743819999948e-01,-4.256897188289999745e-01,-3.086562454210000084e-01,3.172421196150000178e+00,-1.336206158380000009e-01,-8.897102852749999569e-01,-4.243698155510000070e-01,-4.299795830500000027e-02,9.947806907099999985e-02,-3.285079953799999730e-01,-3.466700009509999791e-01,-6.112738851979999666e-01,-1.379955164420000047e-01,-2.237567924870000058e-01,-7.189993094979999499e-01,-3.716161440579999753e-01,-3.694423344559999989e-01,-3.474905049259999767e-01,-2.953290231230000229e-01,-2.771264134979999905e-01,-2.827898987029999756e-01,-3.164439283000000103e-01,-1.263271126680999945e+00,-4.056470169170000029e-01,-2.864161083110000061e-01,-4.369295698530000216e-01,-3.109327999589999725e-01,-2.998755447709999800e-01
CMy,1.301977494820999892e+00,2.609206552254000222e+00,2.919889063053000111e+00,2.945453427719999961e+00,1.876832978086000026e+00,1.111526324647599928e+01,4.723452699982000347e+00,3.387343152489000087e+00,4.194967542618999623e+00,2.592269424272000133e+00,2.992916379076000055e+00,3.033416095769000176e+00,3.216799793958999842e+00,1.774298224295999926e+00,2.275551563036999791e+00,1.859724991922000026e+00,2.287691553261999911e+00,2.244408026140999990e+00,2.458987033086000196e+00,2.947297362276999788e+00,2.961272840323000199e+00,2.749154293776999936e+00,2.288359674664000032e+00,2.456983637592999870e+00,2.630052739601000056e+00,3.295423299002000039e+00,1.518809255419000026e+00,2.564572494747999976e+00,2.498751414688999972e+00,2.151105642251000205e+00
E,3.115626932557999940e+00,7.711249648080999997e+00,9.591792520298000113e+00,1.052134601309399997e+01,8.407822934985000884e+00,7.563132700698999678e+00,7.993946160220000152e+00,7.471323121062999562e+00,8.630470738533000841e+00,5.176614906614999789e+00,5.590253190261000427e+00,3.708957961162000050e+00,2.548218193437000068e+00,1.388426268674999964e+00,1.901871097496999896e+00,2.431734934889000055e+00,4.361454980839999607e+00,7.950062560946999923e+00,6.288364304266999660e+00,6.082280208323999737e+00,5.778899304061000386e+00,5.366007932737000274e+00,5.116213914375999927e+00,1.326147264194299957e+01,2.451133832272000213e+00,4.681097807432999858e+00,4.340583176963000334e+00,4.382509208463999606e+00,3.076204917051999832e+00,2.363290059106000207e+00
L/D,-6.094653811548999656e+00,-1.074375166197999931e+01,-1.222252873311099997e+01,-1.327969582603899923e+01,-1.154277752168700033e+01,-1.069545616062099924e+01,-1.111574093591799972e+01,-8.835364455008999585e+00,-1.124307920952599993e+01,-8.697780421225999703e+00,-9.057051621396000840e+00,-6.633775740641000063e+00,-4.979502920469999872e+00,-2.524232638861000133e+00,-3.486792664376999973e+00,-4.672542042376999660e+00,-8.257127965519000412e+00,-1.263773445752399915e+01,-1.049363239501900047e+01,-9.898000789098000851e+00,-9.700730529342999731e+00,-9.360521124286000472e+00,-9.089841897446000019e+00,-1.683193628661399899e+01,-4.298644113413000234e+00,-8.258859186580000511e+00,-8.418450044662000309e+00,-8.276271910253999664e+00,-6.462532747761000174e+00,-5.385032208906999962e+00
AnalysisMethod,0
FC_Vinf_,1.000000000000000000e+02
FC_Beta_,0.000000000000000000e+00
FC_Rho_,2.377000000000000206e-03
CDt,4.355953245429999843e-01,6.237472188749999535e-01,8.355821018519999921e-01,9.169619466330000135e-01,9.260262529449999613e-01,9.037161723640000366e-01,9.135870870610000027e-01,1.413394888068999933e+00,1.055781683168999896e+00,1.002023049071999905e+00,9.565385049000000306e-01,9.794707602109999911e-01,9.614460661000000519e-01,9.802182549689999469e-01,9.530354423250000373e-01,9.659900020439999846e-01,9.377836780910000503e-01,9.062288186400000445e-01,9.090675387490000370e-01,9.781972336280000402e-01,9.846547947320000160e-01,9.573917570459999915e-01,9.647979282590000150e-01,1.004633648285000014e+00,1.109090782515000040e+00,1.032651244441000093e+00,9.510839173899999777e-01,1.065529600949000066e+00,1.146056091132999999e+00,1.156783275186000104e+00
FC_Mach_,5.000000000000000278e-02
Mach,5.000000000000000278e-02,5.000000000000000278e-02,5.000000000000000278e-02,5.000000000000000278e-02,5.000000000000000278e-02,5.000000000000000278e-02,5.000000000000000278e-02,5.000000000000000278e-02,5.000000000000000278e-02,5.000000000000000278e-02,5.000000000000000278e-02,5.000000000000000278e-02,5.000000000000000278e-02,5.000000000000000278e-02,5.000000000000000278e-02,5.000000000000000278e-02,5.000000000000000278e-02,5.000000000000000278e-02,5.000000000000000278e-02,5.000000000000000278e-02,5.000000000000000278e-02,5.000000000000000278e-02,5.000000000000000278e-02,5.000000000000000278e-02,5.000000000000000278e-02,5.000000000000000278e-02,5.000000000000000278e-02,5.000000000000000278e-02,5.000000000000000278e-02,5.000000000000000278e-02
FC_AoA_,0.000000000000000000e+00
CMzo,-1.370923706199999974e-02,-1.993713701000000057e-03,-9.612502959999999833e-04,-5.979014400000000513e-04,-2.801020970000000013e-04,7.589692499999999670e-05,5.334115630000000469e-04,1.164516926499999973e-02,3.898693847000000035e-03,4.437742221000000147e-03,1.906635766000000032e-03,2.450600415999999900e-03,2.065191651000000076e-03,-1.397047370300000084e-02,-9.521485027000000864e-03,5.224292238999999650e-03,5.703197055000000341e-03,-1.901215026000000049e-03,1.682477936000000094e-03,9.439735820000000289e-04,1.405146955999999996e-03,2.049475180999999965e-03,2.682809840000000088e-03,1.022851193000000065e-03,-3.042683640899999931e-02,4.523333943000000176e-03,4.562750140000000165e-04,-1.283996953000000017e-03,2.466868538000000118e-03,-4.491715729999999867e-04
CFyo,-1.667210628000000009e-03,-6.914483660000000529e-04,-9.454199700000000229e-05,-8.032496099999999410e-05,8.494013400000000318e-05,4.888066800000000022e-05,6.504916400000000209e-05,-4.859988836000000111e-03,1.420798960000000039e-04,-1.026677552000000108e-03,-4.309388430000000059e-04,-9.988738269999998965e-04,-8.908853750000000253e-04,3.492767723600000151e-02,9.744699445999999848e-03,-1.351682768499999979e-02,3.001190048000000176e-03,-1.463881407000000101e-03,-3.278036020000000259e-04,-5.317459599999999981e-05,1.602758550000000050e-04,-3.058328929999999776e-04,2.260041659999999870e-04,1.981675300000000119e-05,1.185064724789999940e-01,-2.343034704000000138e-03,2.244446719999999926e-04,7.899422830000000281e-04,9.438027250000000177e-04,4.995308050000000187e-04
CS,-2.628099734770000251e-01,-4.400580060699999657e-02,-4.506686132599999756e-02,-3.411799655400000325e-02,-1.047616955000000086e-02,-1.269000801999999994e-03,3.091442260900000016e-02,2.959045716529999925e-01,1.254546168690000019e-01,2.065272952240000126e-01,6.455799749200000215e-02,8.021513471499999715e-02,9.718450119999999526e-02,-3.618027986560000131e-01,-2.187163030869999913e-01,-5.113483758090000553e-01,-3.036704738220000199e-01,6.939790856899999416e-02,7.228071621399999314e-02,4.473825138200000079e-02,5.249128976100000260e-02,8.772968970899999719e-02,1.159421454009999936e-01,-1.367716621799999928e-02,-1.846345513908999925e+00,3.428329669169999927e-01,4.865044471700000206e-02,-1.969992135000000165e-03,1.330124911349999939e-01,-8.411059149699999515e-02
FC_Zcg_,2.999999999999999889e-01
FC_Roll__Rate,0.000000000000000000e+00
CLi,-3.798290291465999946e+00,-5.839754816654999736e+00,-6.772401305708999786e+00,-6.715283223505999821e+00,-6.398237383011999846e+00,-6.377545893330999860e+00,-6.439503435365000250e+00,-8.304434655725000169e+00,-6.881854132846999761e+00,-5.877069767062000238e+00,-5.964243867943999966e+00,-5.805550154291999831e+00,-5.654725253501999838e+00,-6.517721150266999608e+00,-6.296545522078999646e+00,-5.807328314241000378e+00,-4.947537086104000004e+00,-4.279734418098000148e+00,-5.492710841412000278e+00,-5.758046809532999966e+00,-5.645943977876999753e+00,-5.451894294619999748e+00,-5.349550984888000293e+00,-5.344590920283000202e+00,-6.106718858305000275e+00,-5.894048544251000443e+00,-5.082011348778999960e+00,-5.212055039632000231e+00,-4.909013895942999639e+00,-4.710764668233999863e+00
FC_Ycg_,0.000000000000000000e+00
FC_Cref_,3.200000000000000067e-01
CSi,-2.611427628490000097e-01,-4.331435224099999814e-02,-4.497231933000000320e-02,-3.403767159200000308e-02,-1.056110968399999982e-02,-1.317881469999999987e-03,3.084937344500000150e-02,3.007645604890000213e-01,1.253125369729999883e-01,2.075539727759999897e-01,6.498893633499999711e-02,8.121400854200000463e-02,9.807538657500000645e-02,-3.967304758920000007e-01,-2.284610025330000016e-01,-4.978315481250000230e-01,-3.066716638690000218e-01,7.086178997599999752e-02,7.260851981600000005e-02,4.479142597900000189e-02,5.233101390599999986e-02,8.803552260199999646e-02,1.157161412350000002e-01,-1.369698297100000080e-02,-1.964851986388000071e+00,3.451760016209999837e-01,4.842600004500000055e-02,-2.759934418999999972e-03,1.320686884089999902e-01,-8.461012230200000428e-02
CDi,3.628170611470000195e-01,3.465144160879999879e-01,3.746644070140000005e-01,3.358259164949999875e-01,3.814995100069999978e-01,4.213687348269999910e-01,4.064436877800000070e-01,7.232350560300000453e-01,4.299651790849999822e-01,5.227965074870000173e-01,4.985814898140000229e-01,7.120191845559999955e-01,9.832031220360000212e-01,2.397317600001000137e+00,1.633354525496000020e+00,1.086659217780999942e+00,4.397476894710000139e-01,1.805177601700000134e-01,3.759175686419999884e-01,4.271110445260000166e-01,4.322000827220000008e-01,4.340106503360000034e-01,4.382710771389999871e-01,1.687695253779999960e-01,1.192080741810999989e+00,5.814823609860000353e-01,4.662083223590000047e-01,4.856819827739999873e-01,6.138045516160000048e-01,7.357370619230000353e-01
FC_Xcg_,2.954149999999999832e-01
T/QS,0.000000000000000000e+00,0.000000000000000000e+00,0.000000000000000000e+00,0.000000000000000000e+00,0.000000000000000000e+00,0.000000000000000000e+00,0.000000000000000000e+00,0.000000000000000000e+00,0.000000000000000000e+00,0.000000000000000000e+00,0.000000000000000000e+00,0.000000000000000000e+00,0.000000000000000000e+00,0.000000000000000000e+00,0.000000000000000000e+00,0.000000000000000000e+00,0.000000000000000000e+00,0.000000000000000000e+00,0.000000000000000000e+00,0.000000000000000000e+00,0.000000000000000000e+00,0.000000000000000000e+00,0.000000000000000000e+00,0.000000000000000000e+00,0.000000000000000000e+00,0.000000000000000000e+00,0.000000000000000000e+00,0.000000000000000000e+00,0.000000000000000000e+00,0.000000000000000000e+00
FC_Sref_,4.159999999999999809e-01
FC_Pitch_Rate,0.000000000000000000e+00
FC_Yaw___Rate,0.000000000000000000e+00
CFxi,3.628170611470000195e-01,3.465144160879999879e-01,3.746644070140000005e-01,3.358259164949999875e-01,3.814995100069999978e-01,4.213687348269999910e-01,4.064436877800000070e-01,7.232350560300000453e-01,4.299651790849999822e-01,5.227965074870000173e-01,4.985814898140000229e-01,7.120191845559999955e-01,9.832031220360000212e-01,2.397317600001000137e+00,1.633354525496000020e+00,1.086659217780999942e+00,4.397476894710000139e-01,1.805177601700000134e-01,3.759175686419999884e-01,4.271110445260000166e-01,4.322000827220000008e-01,4.340106503360000034e-01,4.382710771389999871e-01,1.687695253779999960e-01,1.192080741810999989e+00,5.814823609860000353e-01,4.662083223590000047e-01,4.856819827739999873e-01,6.138045516160000048e-01,7.357370619230000353e-01
WakeIter,1,2,3,4,5,6,7,8,9,10,11,12,13,14,15,16,17,18,19,20,21,22,23,24,25,26,27,28,29,30
Beta,0.000000000000000000e+00,0.000000000000000000e+00,0.000000000000000000e+00,0.000000000000000000e+00,0.000000000000000000e+00,0.000000000000000000e+00,0.000000000000000000e+00,0.000000000000000000e+00,0.000000000000000000e+00,0.000000000000000000e+00,0.000000000000000000e+00,0.000000000000000000e+00,0.000000000000000000e+00,0.000000000000000000e+00,0.000000000000000000e+00,0.000000000000000000e+00,0.000000000000000000e+00,0.000000000000000000e+00,0.000000000000000000e+00,0.000000000000000000e+00,0.000000000000000000e+00,0.000000000000000000e+00,0.000000000000000000e+00,0.000000000000000000e+00,0.000000000000000000e+00,0.000000000000000000e+00,0.000000000000000000e+00,0.000000000000000000e+00,0.000000000000000000e+00,0.000000000000000000e+00
FC_ReCref_,4.331490000000000000e+05
CMx,1.961380809800000041e-02,-4.375467784400000060e-02,-3.926203151799999985e-02,-1.194408875129999992e-01,-7.743522974600000608e-02,2.592977726799999827e-02,-2.384254396899999906e-01,2.673660043780000106e-01,1.516951353300000083e-01,2.227462062380000107e-01,1.935405144299999838e-02,1.293572497999999956e-03,1.731953091589999993e-01,-2.407468835680000030e-01,1.293711568990000005e-01,9.912655963899999478e-02,-4.949878604990000097e-01,-1.591036485599999981e-02,3.925943718899999740e-02,-7.549024523800000608e-02,-9.022822212299999589e-02,-6.431925617900000058e-02,3.551682735899999721e-02,2.532489684200000049e-02,-8.620009089110000078e-01,-4.661448020919999879e-01,-7.204473696400000293e-02,-2.175689697369999898e-01,-2.154320565030000134e-01,-1.763588166900000032e-01
Alpha,0.000000000000000000e+00,0.000000000000000000e+00,0.000000000000000000e+00,0.000000000000000000e+00,0.000000000000000000e+00,0.000000000000000000e+00,0.000000000000000000e+00,0.000000000000000000e+00,0.000000000000000000e+00,0.000000000000000000e+00,0.000000000000000000e+00,0.000000000000000000e+00,0.000000000000000000e+00,0.000000000000000000e+00,0.000000000000000000e+00,0.000000000000000000e+00,0.000000000000000000e+00,0.000000000000000000e+00,0.000000000000000000e+00,0.000000000000000000e+00,0.000000000000000000e+00,0.000000000000000000e+00,0.000000000000000000e+00,0.000000000000000000e+00,0.000000000000000000e+00,0.000000000000000000e+00,0.000000000000000000e+00,0.000000000000000000e+00,0.000000000000000000e+00,0.000000000000000000e+00
CMxi,2.815742320599999918e-02,-4.232425953599999735e-02,-3.911361654800000337e-02,-1.193657422219999986e-01,-7.746686380200000499e-02,2.581712316899999887e-02,-2.385638437969999914e-01,2.650056641960000237e-01,1.513728015639999869e-01,2.227586112240000082e-01,1.963437238899999951e-02,1.599024732999999995e-03,1.735654694730000003e-01,-2.383224096469999942e-01,1.367946412540000101e-01,1.012516693210000068e-01,-4.974192509570000142e-01,-1.463594688900000072e-02,3.895907917799999731e-02,-7.589230160599999553e-02,-9.071102035799999408e-02,-6.506936064899999927e-02,3.438349689600000286e-02,2.646500439499999829e-02,-8.648844482049999893e-01,-4.669508815549999747e-01,-7.212388596400000351e-02,-2.177903687099999874e-01,-2.165159132549999976e-01,-1.757001707820000092e-01
CSo,-1.667210628000000009e-03,-6.914483660000000529e-04,-9.454199700000000229e-05,-8.032496099999999410e-05,8.494013400000000318e-05,4.888066800000000022e-05,6.504916400000000209e-05,-4.859988836000000111e-03,1.420798960000000039e-04,-1.026677552000000108e-03,-4.309388430000000059e-04,-9.988738269999998965e-04,-8.908853750000000253e-04,3.492767723600000151e-02,9.744699445999999848e-03,-1.351682768499999979e-02,3.001190048000000176e-03,-1.463881407000000101e-03,-3.278036020000000259e-04,-5.317459599999999981e-05,1.602758550000000050e-04,-3.058328929999999776e-04,2.260041659999999870e-04,1.981675300000000119e-05,1.185064724789999940e-01,-2.343034704000000138e-03,2.244446719999999926e-04,7.899422830000000281e-04,9.438027250000000177e-04,4.995308050000000187e-04
CLo,-5.854385069299999911e-02,-2.276755613699999944e-02,-2.378450818000000036e-03,4.440668255000000328e-03,1.261515375999999961e-03,9.070687830000000390e-04,3.791366536000000034e-03,2.351868777999999941e-03,8.644966395000000178e-03,9.844339691000000836e-03,8.121468734999999842e-03,6.298077214999999590e-03,1.017152287399999966e-02,-3.566258255999999946e-03,-8.067301428999999399e-03,8.836239968000000541e-03,1.612369559999999929e-03,-5.141722821999999797e-03,3.605530805999999835e-03,3.223061372999999966e-03,4.756369300999999973e-03,4.212156180000000034e-03,3.018693575000000115e-03,8.361218850000000412e-04,-4.035435469999999747e-02,7.002697474000000276e-03,5.440946781999999801e-03,6.304016307000000034e-03,4.285864971999999926e-03,5.696743362999999623e-03
CMyi,1.457669010712000057e+00,2.729004457164000197e+00,3.033279862948000005e+00,3.054749590674000093e+00,1.987948431019999962e+00,1.122755030248099928e+01,4.834923811710999608e+00,3.527257289208999946e+00,4.313817267738000005e+00,2.691062943546000064e+00,3.095783634767999892e+00,3.137711607782000200e+00,3.315202996062999841e+00,1.889166315069999991e+00,2.381139147273000134e+00,1.960313609728999928e+00,2.388591744054000099e+00,2.343313541803000000e+00,2.551723662177999952e+00,3.045259670785999795e+00,3.056586184741000078e+00,2.843463969009000003e+00,2.383626567558000175e+00,2.550693552774999873e+00,2.777961701180999832e+00,3.379036117811000217e+00,1.605494251102000058e+00,2.656241920724999872e+00,2.590409714771999994e+00,2.239231762385000213e+00
CL,-3.856834142159999868e+00,-5.862522372792000169e+00,-6.774779756526999819e+00,-6.710842555251000263e+00,-6.396975867634999702e+00,-6.376638824548000350e+00,-6.435712068830000021e+00,-8.302082786947000415e+00,-6.873209166450999774e+00,-5.867225427370000190e+00,-5.956122399208999774e+00,-5.799252077078000056e+00,-5.644553730628000032e+00,-6.521287408522000284e+00,-6.304612823508000119e+00,-5.798492074272999730e+00,-4.945924716544999988e+00,-4.284876140918999710e+00,-5.489105310605999932e+00,-5.754823748160999841e+00,-5.641187608575999768e+00,-5.447682138440000266e+00,-5.346532291314000318e+00,-5.343754798396999739e+00,-6.147073213005000092e+00,-5.887045846777000158e+00,-5.076570401997000381e+00,-5.205751023324999949e+00,-4.904728030971000408e+00,-4.705067924870999896e+00
CFz,-3.856834142159999868e+00,-5.862522372792000169e+00,-6.774779756526999819e+00,-6.710842555251000263e+00,-6.396975867634999702e+00,-6.376638824548000350e+00,-6.435712068830000021e+00,-8.302082786947000415e+00,-6.873209166450999774e+00,-5.867225427370000190e+00,-5.956122399208999774e+00,-5.799252077078000056e+00,-5.644553730628000032e+00,-6.521287408522000284e+00,-6.304612823508000119e+00,-5.798492074272999730e+00,-4.945924716544999988e+00,-4.284876140918999710e+00,-5.489105310605999932e+00,-5.754823748160999841e+00,-5.641187608575999768e+00,-5.447682138440000266e+00,-5.346532291314000318e+00,-5.343754798396999739e+00,-6.147073213005000092e+00,-5.887045846777000158e+00,-5.076570401997000381e+00,-5.205751023324999949e+00,-4.904728030971000408e+00,-4.705067924870999896e+00
CDo,2.603996807569999850e-01,1.970345229040000035e-01,1.794272587609999914e-01,1.698545833810000127e-01,1.728070571070000061e-01,1.749168090110000129e-01,1.728702304270000045e-01,2.166735009980000071e-01,1.821317389029999956e-01,1.529011397800000005e-01,1.599378735800000007e-01,1.631310136520000009e-01,1.523972267969999905e-01,1.847428051789999914e-01,1.724728144569999955e-01,1.562035026770000057e-01,1.594360832360000035e-01,1.581295213089999874e-01,1.475151793950000012e-01,1.546273218599999999e-01,1.498121647890000019e-01,1.484242613779999942e-01,1.502486182799999959e-01,1.487572777939999980e-01,2.285343863990000057e-01,1.321814043229999902e-01,1.374670955410000062e-01,1.440768139580000107e-01,1.458069022129999948e-01,1.390515160249999882e-01
CDtot,6.232167419040000045e-01,5.435489389909999858e-01,5.540916657750000196e-01,5.056804998749999669e-01,5.543065671139999484e-01,5.962855438380000317e-01,5.793139182069999560e-01,9.399085570280000246e-01,6.120969179880000333e-01,6.756976472660000121e-01,6.585193633929999901e-01,8.751501982079999964e-01,1.135600348832999984e+00,2.582060405180000018e+00,1.805827339953000044e+00,1.242862720458000059e+00,5.991837727069999620e-01,3.386472814789999730e-01,5.234327480370000174e-01,5.817383663859999610e-01,5.820122475110000027e-01,5.824349117139999699e-01,5.885196954189999552e-01,3.175268031719999939e-01,1.420615128209999911e+00,7.136637653089999977e-01,6.036754179000000109e-01,6.297587967319999702e-01,7.596114538289999718e-01,8.747885779480000235e-01
CMyo,-1.556915158909999986e-01,-1.197979049100000026e-01,-1.133907998950000051e-01,-1.092961629530000006e-01,-1.111154529340000058e-01,-1.122870560040000049e-01,-1.114711117289999970e-01,-1.399141367199999986e-01,-1.188497251180000019e-01,-9.879351927399999955e-02,-1.028672556929999954e-01,-1.042955120129999969e-01,-9.840320210399999823e-02,-1.148680907739999951e-01,-1.055875842359999955e-01,-1.005886178059999941e-01,-1.009001907919999941e-01,-9.890551566199999589e-02,-9.273662909200000581e-02,-9.796230850900000675e-02,-9.531334441800000390e-02,-9.430967523199999814e-02,-9.526689289400000482e-02,-9.370991518200000314e-02,-1.479089615799999979e-01,-8.361281881000000304e-02,-8.668499568300000457e-02,-9.166942597699999362e-02,-9.165830008299999387e-02,-8.812612013399999389e-02
FC_Bref_,1.300000000000000044e+00
CDtott,6.959950053000000247e-01,8.207817417789999848e-01,1.015009360612999956e+00,1.086816530012999937e+00,1.098833310052000023e+00,1.078632981374999966e+00,1.086457317487999896e+00,1.630068389065999934e+00,1.237913422072000058e+00,1.154924188852000100e+00,1.116476378478999942e+00,1.142601773863000103e+00,1.113843292896999904e+00,1.164961060148000049e+00,1.125508256782000061e+00,1.122193504721000101e+00,1.097219761327000054e+00,1.064358339948999976e+00,1.056582718143999955e+00,1.132824555488000096e+00,1.134466959520999962e+00,1.105816018425000102e+00,1.115046546539000039e+00,1.153390926079000067e+00,1.337625168915000051e+00,1.164832648763999945e+00,1.088551012931999962e+00,1.209606414907000049e+00,1.291862993345999966e+00,1.295834791210999981e+00
Results_Name,VSPAERO_Polar
Results_Timestamp,1757699039
Results_Date,9,12,2025
Results_Time,19,43,59
CMl,1.763588166900000032e-01
Fopt,0.000000000000000000e+00
CMn,2.998755447709999800e-01
CMy,2.151105642251000205e+00
CMx,-1.763588166900000032e-01
CFz,-4.705067924870999896e+00
CFy,-8.411059149699999515e-02
Beta,0.000000000000000000e+00
Alpha,0.000000000000000000e+00
Re_1e6,4.331490000000000062e-01
CL,-4.705067924870999896e+00
CMm,2.151105642251000205e+00
CFx,8.747885779480000235e-01
E,1.982830245361999921e+00
CDo,1.390515160249999882e-01
Mach,5.000000000000000278e-02
CDi,7.357370619230000353e-01
CDtot,8.747885779480000235e-01
CDt,1.156783275186000104e+00
CMz,-2.998755447709999800e-01
CDtott,1.295834791210999981e+00
CS,-8.411059149699999515e-02
L_D,-5.378520071567000294e+00
Results_Name,VSPAERO_Load
Results_Timestamp,1757699039
Results_Date,9,12,2025
Results_Time,19,43,59
cmy*c/cref,1.123772059375000021e-01,1.197422871875000044e-01,1.384436218750000058e-01,1.056391518750000036e-01,1.293168928125000006e-01,1.006030287500000037e-01,1.274756224999999965e-01,9.620388562499999907e-02,1.402251753124999778e-01,1.124468756249999979e-01,1.701930937500000240e-01,9.108813999999999800e-02,7.127209031249999438e-02,7.936372687500001244e-02,9.954803062499999189e-02,1.150445596875000059e-01,1.262912378125000123e-01,1.078387234375000059e-01,1.325316512499999932e-01,1.182891765625000008e-01,1.481078028124999946e-01,1.205186065625000053e-01,1.659731012500000047e-01,1.280926968750000228e-01,1.854706609374999760e-01,9.895086187499999020e-02,6.733077656249999987e-02,8.275763593750000424e-02,5.506510343749999592e-01,5.716987046874999479e-01,6.126420218749999425e-01,6.836187921874999907e-01,7.563902937499998869e-01,7.927497703124999351e-01,8.242181999999999009e-01,8.214493015624998451e-01,8.594094843749999768e-01,8.681325249999998217e-01,1.097114362499999940e+00,1.653666990624999888e+00,2.139804712499999706e+00,1.672936098437499908e+00,5.251690843749999837e-01,5.102412859374999554e-01,4.981470609374999414e-01,5.018011984374999290e-01,5.338517031249999656e-01,5.563020124999998872e-01,6.031954296874999510e-01,6.414668609374999386e-01,7.642766015624998799e-01,8.647613406249998746e-01,1.107240042187499940e+00,1.681008346874999893e+00,2.483148118749999966e+00,1.774415215624999709e+00,-5.919600000000000417e-01,-1.084740000000000038e+00,-1.585485000000000255e+00,-5.003699999999999815e-01,8.099999999999999561e-04,-6.004050000000000775e-01,-2.265495000000000037e+00,-5.251079999999999970e+00,-9.160349999999999326e-01,-1.321334999999999926e+00,1.236331249999999757e-02,2.721052687499999484e-02,4.577797437499999539e-02,5.198772906249998771e-02,5.483691062499999186e-02,5.357810062499998582e-02,5.317348312499999008e-02,5.012761249999999474e-02,4.719975531249998718e-02,4.325473468749999051e-02,3.848923968749998897e-02,3.497131531249999398e-02,2.920551593749999564e-02,2.405788218749999735e-02,1.903950124999999674e-02,1.412227468749999680e-02,9.997424062499997779e-03,5.164492812499999266e-03,1.719624374999999695e-03,1.217786281249999721e-02,2.713747093749999464e-02,4.626126749999999455e-02,5.254969781249999028e-02,5.508417687499998772e-02,5.379726843749998988e-02,5.343760843749998518e-02,5.033554093749999236e-02,4.775048468749999719e-02,4.377174593749999509e-02,3.891071624999999090e-02,3.535345406249999073e-02,2.958765468749999586e-02,2.437820437499999687e-02,1.929800687499999903e-02,1.432458343749999641e-02,1.016601468749999716e-02,5.288125937499998930e-03,1.781440937499999743e-03,-3.227051812499999728e-01,-5.037009524999999099e-01,-6.782847112499998943e-01,-6.768410249999998740e-01,-5.329169137499999431e-01,-4.714481362499999273e-01,-4.606696612499999732e-01,-4.205414774999999272e-01,-3.741271612499999510e-01,-3.443604749999999437e-01,-3.129140774999999430e-01,-2.793827924999999768e-01,-2.464691062500000140e-01,-2.106523124999999663e-01,-1.822349024999999900e-01,-1.473228712499999871e-01,-1.291174762500000017e-01,-1.615079737499999779e-01,-1.135201574999999963e-01,-3.583292212499999962e-01,-4.912899712499999572e-01,-6.870609074999999288e-01,-6.804994124999999006e-01,-5.339003512499999049e-01,-4.720460662499999516e-01,-4.615193512499999873e-01,-4.209073162499999965e-01,-3.754410337499999861e-01,-3.456192750000000036e-01,-3.137008274999999458e-01,-2.802206812499999922e-01,-2.473974712499999729e-01,-2.111479649999999930e-01,-1.828328324999999865e-01,-1.480034100000000019e-01,-1.305454274999999775e-01,-1.693990762500000025e-01,-1.150149824999999876e-01
cmx*c/cref,-3.901203915625000018e-01,-1.159731570937500011e+00,-1.904201945937499918e+00,-2.619829070312500008e+00,-3.288210193749999899e+00,-3.909633947812500399e+00,-4.473231861250000385e+00,-4.970096166874999888e+00,-5.359718917812500649e+00,-5.658900461562500261e+00,-5.735487353749999961e+00,-5.592624683124999940e+00,-4.990519338124999926e+00,-5.281489811562500414e+00,3.917327471875000078e-01,1.175068854999999912e+00,1.949258328124999995e+00,2.702397602812499855e+00,3.421876465625000030e+00,4.102191011250000408e+00,4.729088812187499435e+00,5.293482950625000072e+00,5.756308637500000103e+00,6.139511824374999982e+00,6.284205812499999766e+00,6.166165456249999899e+00,5.290666304687500876e+00,5.385894814687500087e+00,-8.804692812499999299e-02,-2.746140921874999918e-01,-4.743062390624999125e-01,-7.565358124999999045e-01,-1.062707262499999805e+00,-1.385047462499999993e+00,-1.699513481249999902e+00,-2.004710764062499706e+00,-2.351712349999999674e+00,-2.818706271875000002e+00,-3.773903473437499656e+00,-5.989216248437499779e+00,-8.711775048437498725e+00,-6.833103732812499054e+00,8.353584687499999994e-02,2.443098125000000009e-01,3.869586093749999844e-01,5.839384484374998685e-01,7.616127999999999787e-01,9.678896703124999501e-01,1.230757165624999816e+00,1.518221371874999726e+00,1.987604226562500020e+00,2.628387957812499565e+00,3.716726731249999194e+00,5.922188695312499362e+00,9.323701603124998627e+00,8.533813701562499077e+00,1.480080000000000062e+00,2.997480000000000366e+00,2.128079999999999750e+00,2.947950000000000292e-01,-6.089550000000000241e-01,-1.450649999999999995e+00,-8.700089999999999435e+00,-6.066209999999999880e+00,-5.939100000000000490e-01,-8.627400000000000624e-01,-5.274638687499998840e-02,-3.373498406249999387e-02,3.875898468749999770e-02,6.265951562499999516e-02,7.225232218749998159e-02,7.656824218749999633e-02,7.684360687499998399e-02,7.425293093749998907e-02,6.898728374999998914e-02,6.279438812499998912e-02,5.558994874999998587e-02,4.703678437499998755e-02,4.099562031249999461e-02,3.231882281249999489e-02,2.474910374999999760e-02,1.635329062499999916e-02,1.207670843749999653e-02,2.448497843749999556e-02,1.644320562499999860e-02,5.445477187499998817e-02,3.522982093749998933e-02,-3.952326218749999814e-02,-6.480623624999999610e-02,-7.479804062499997852e-02,-7.902966531249998317e-02,-7.941742374999999354e-02,-7.693914156249999359e-02,-7.134755249999998050e-02,-6.503664343749998578e-02,-5.783220406249998946e-02,-4.919474437499999492e-02,-4.292317312499999149e-02,-3.411712281249999756e-02,-2.643500999999999490e-02,-1.796052124999999999e-02,-1.370641781249999636e-02,-2.669913531249999347e-02,-1.780878968749999985e-02,-2.022037976249999591e+00,-2.320519124999999683e+00,-1.184908440000000063e+00,-1.061719124999999764e+00,-1.128931177499999938e+00,-1.102972361249999977e+00,-1.027133594999999788e+00,-9.656451487499998487e-01,-9.016745062499998964e-01,-8.221026112499999483e-01,-7.394073187499999866e-01,-6.554610937499999457e-01,-5.603154824999999617e-01,-4.694261887499999730e-01,-3.706890637499999919e-01,-2.723453137499999843e-01,-1.115100112499999990e-01,3.678685649999999807e-01,3.510360487499999960e-01,2.040451859999999673e+00,2.262909356249999782e+00,1.153871152500000052e+00,1.047423877499999767e+00,1.128022481249999931e+00,1.106646483750000076e+00,1.033081424999999776e+00,9.726629587499999730e-01,9.085074299999998937e-01,8.284792199999999607e-01,7.448122912499999249e-01,6.593948437500000148e-01,5.620660012499999469e-01,4.692885074999999517e-01,3.681439274999999678e-01,2.669914800000000032e-01,9.801724874999999393e-02,-4.140114524999999324e-01,-3.886584337499999764e-01
cz*c/cref,-5.351696950937499864e+00,-5.305993635937499953e+00,-5.227595331874999474e+00,-5.135671155625000317e+00,-5.013828825000000045e+00,-4.877176709375000030e+00,-4.721683919687500008e+00,-4.547260880625000112e+00,-4.329493343124999782e+00,-4.091889850312500521e+00,-3.754021724374999813e+00,-3.362607467187500365e+00,-2.669185067499999953e+00,-2.602889383437499760e+00,-5.374230118437499648e+00,-5.373822053125000053e+00,-5.348870352187500288e+00,-5.296866906874999614e+00,-5.217891339687500185e+00,-5.119796419687499878e+00,-4.995744564687499611e+00,-4.848204072187500380e+00,-4.653686304687499664e+00,-4.439889939374999983e+00,-4.110013921874999809e+00,-3.699122010625000012e+00,-2.839029812812499998e+00,-2.663880218437499892e+00,-4.889793796874999376e-01,-5.092832874999999593e-01,-5.263655718749998824e-01,-5.983043828124999797e-01,-6.542644265624999456e-01,-6.993914078124998657e-01,-7.271410249999999964e-01,-7.436048546874999277e-01,-7.681894390624999236e-01,-8.217686343749998068e-01,-1.011407860937499903e+00,-1.522045281249999826e+00,-2.019759828124999768e+00,-1.414377574999999831e+00,-4.655751140625000173e-01,-4.549724562499999347e-01,-4.314347984374999334e-01,-4.645524406249999516e-01,-4.712018390624999609e-01,-4.895169906249999259e-01,-5.264262046874998990e-01,-5.608898953124999975e-01,-6.467742531249999205e-01,-7.647616640624999018e-01,-9.919730234374999345e-01,-1.523367076562500033e+00,-2.177530448437499988e+00,-1.764164228124999623e+00,2.235179999999999723e+00,4.710839999999999250e+00,3.340214999999999712e+00,7.231199999999999850e-01,-1.414199999999999902e-01,2.306865000000000165e+00,7.899090000000001055e+00,6.293940000000000978e+00,1.237200000000000077e+00,5.354700000000000015e-01,-1.792680312499999457e-02,-2.010724187499999746e-02,-8.991499999999999276e-04,1.539794374999999731e-03,0.000000000000000000e+00,-3.203221874999999559e-04,-2.247874999999999887e-05,5.619687499999999548e-05,2.247874999999999887e-05,1.123937499999999943e-05,-2.809843749999999774e-05,-2.809843749999999774e-05,1.404921874999999921e-04,3.203221874999999559e-04,2.866040624999999491e-04,5.732081249999998983e-04,2.174819062499999678e-03,9.103893749999997925e-03,7.395508749999999028e-03,-1.897206499999999629e-02,-2.160207874999999639e-02,-1.494836874999999794e-03,1.292528124999999754e-03,-1.910693749999999751e-04,-5.226309374999999965e-04,-1.573512499999999684e-04,2.247874999999999887e-05,4.495749999999999774e-05,7.867562499999998418e-05,1.067740624999999853e-04,1.517315624999999763e-04,3.708993749999999119e-04,5.788278124999999717e-04,5.619687499999999683e-04,8.935303124999998542e-04,2.579436562499999759e-03,9.772636562499997445e-03,7.833844374999997598e-03,-2.432040937499999611e-01,-2.735215049999999981e-01,-2.537662124999999838e-02,5.818016249999999508e-03,-9.873712499999999937e-04,-2.792962500000000133e-03,-9.440999999999999089e-04,1.298137499999999834e-04,6.451349999999999143e-04,1.168323750000000013e-03,1.479089999999999962e-03,1.907868749999999886e-03,3.296482500000000055e-03,4.807042499999999823e-03,5.766877499999998984e-03,8.390688749999998183e-03,2.442858749999999787e-02,1.143501787499999894e-01,9.514561124999999786e-02,-2.367606112500000026e-01,-2.638523474999999729e-01,-2.016833624999999838e-02,8.044518750000000107e-03,-6.372674999999999087e-04,-2.710353750000000020e-03,-1.007040000000000062e-03,6.294000000000000386e-05,6.412012499999999657e-04,1.306004999999999840e-03,1.809524999999999762e-03,2.407454999999999751e-03,4.028160000000000247e-03,5.782612499999999212e-03,7.025677499999999874e-03,1.002712874999999934e-02,2.758345499999999978e-02,1.243379700000000060e-01,1.028911649999999928e-01
cy*c/cref,6.966968749999999041e-05,8.858003125000000078e-04,1.333676874999999975e-03,1.094809374999999993e-03,1.273960000000000196e-03,1.403346562500000115e-03,1.054998125000000068e-03,2.508108750000000251e-03,6.877393437500000511e-03,1.253059093750000068e-02,1.338653281250000091e-02,5.963725250000000144e-02,-1.678840412500000046e-01,-2.219477187499999948e-01,1.990562500000000307e-05,-5.971687500000000243e-05,-1.891034375000000224e-04,-4.478765624999999674e-04,-1.522780312499999889e-03,-3.981125000000000289e-03,-6.379752812500000259e-03,-1.034097218750000026e-02,-1.435195562500000098e-02,-1.537709531250000018e-02,-9.485030312500000033e-03,-4.916689375000000278e-02,1.566075046874999821e-01,2.040625146875000018e-01,-1.778562499999999762e-04,-2.829531249999999473e-04,-1.317753124999999784e-03,-3.476281249999999771e-03,-4.418110937499999773e-03,-3.512660937499999421e-03,-2.376806249999999839e-03,-2.146401562499999742e-03,-4.935510937499999230e-03,-1.092199062499999915e-02,3.741448749999999601e-02,2.542738046874999935e-01,2.242322671874999451e-01,1.448315781249999955e-02,-2.829531249999999405e-05,-4.729359374999999514e-04,-2.021093749999999778e-04,3.314593749999999507e-04,2.789109374999999380e-04,9.943781249999999062e-04,1.839195312499999901e-03,5.295265625000000059e-03,9.608279687499998722e-03,1.224378593749999959e-02,-2.175909531250000070e-02,-3.063250531249999686e-01,-2.874359109374999832e-01,-9.774009374999998237e-03,-2.779304999999999914e+00,-6.890744999999999010e+00,-5.258429999999999715e+00,-1.931865000000000165e+00,-1.298999999999999932e+00,2.991614999999999913e+00,3.927465000000000206e+00,5.680709999999999482e+00,2.985179999999999723e+00,-5.713500000000000245e-01,-2.523239687499999676e-03,1.734235562499999647e-02,3.476900656249999610e-02,5.195401093749999616e-02,6.798697937499999233e-02,7.734937874999998908e-02,8.183388937499998239e-02,8.436836843749999371e-02,8.439646687499999245e-02,8.309831906249998124e-02,8.022665874999998503e-02,7.448895781249999237e-02,7.113962406249998982e-02,6.171540812499998890e-02,5.351628406249998859e-02,3.825321281249999955e-02,1.874727749999999596e-02,-2.332170312499999565e-03,-1.894958624999999730e-02,1.629709374999999605e-03,-1.943849906249999968e-02,-3.681457281249999464e-02,-5.446039156249998792e-02,-7.088673812499998728e-02,-8.036153124999997899e-02,-8.497529468749999426e-02,-8.753225249999999069e-02,-8.720069093749999167e-02,-8.581824781249999812e-02,-8.294096781249998829e-02,-7.713021093749999890e-02,-7.342121718749998471e-02,-6.383964999999999779e-02,-5.556185031249998713e-02,-4.011894906249999226e-02,-2.034888843749999704e-02,8.935303124999998542e-04,1.819654812499999635e-02,-4.988663737499999806e-01,-6.136492649999999438e-01,-6.322204987499999707e-01,-6.769354349999999743e-01,-7.406700524999999535e-01,-7.625928412499999309e-01,-7.620932549999999139e-01,-7.701771112499999905e-01,-7.753067212499998861e-01,-7.668058875000000052e-01,-7.526679899999999535e-01,-7.349818499999999366e-01,-7.050420787499999120e-01,-6.746813962499998985e-01,-6.197426437499999885e-01,-5.613225225000000318e-01,-4.743158399999999331e-01,-3.740996249999999357e-01,-2.534672474999999925e-01,5.252972399999999986e-01,6.074339399999999500e-01,6.280703924999999632e-01,6.742998224999999790e-01,7.411184999999999024e-01,7.654566112499999742e-01,7.663259699999999119e-01,7.755309449999998606e-01,7.811404724999999605e-01,7.732769062500000068e-01,7.595953237499999400e-01,7.417793699999999379e-01,7.111747949999999152e-01,6.804482737499999434e-01,6.245300174999999232e-01,5.648786324999999220e-01,4.759168762499999539e-01,3.733836824999999804e-01,2.468034749999999666e-01
cx*c/cref,7.053558218750000108e-02,6.699238093749999845e-02,4.471798656249999920e-02,8.692786437499999685e-02,6.553927031250000868e-02,1.106553693750000067e-01,1.012300559374999936e-01,1.596431124999999895e-01,1.312576912500000026e-01,1.906162650000000069e-01,1.363734368750000037e-01,2.041023259374999954e-01,1.516310984375000004e-01,2.369167487500000169e-01,8.172254343750000316e-02,6.548950624999999581e-02,5.448169562499999979e-02,7.769165437500000215e-02,5.602438156250000301e-02,8.591267749999999259e-02,7.299392687500000365e-02,1.318150487499999968e-01,1.133923928125000063e-01,2.059535490624999909e-01,1.744329918749999986e-01,2.642571246875000113e-01,1.475404925000000089e-01,1.861275465625000236e-01,1.973395937499999864e-01,2.052622812499999838e-01,1.940613796874999797e-01,2.378989031249999497e-01,2.471595546875000049e-01,2.666752359374999770e-01,2.729244578124999654e-01,2.935840781249999254e-01,2.942631656249999339e-01,3.473411296874999721e-01,4.308688921874999633e-01,6.729029531249999252e-01,8.872359031249998917e-01,3.318999734374999400e-01,1.849866687499999718e-01,1.823996687499999658e-01,1.591813437499999817e-01,2.012888109374999790e-01,1.858193593749999928e-01,1.915956453124999792e-01,2.050601718749999747e-01,2.192159124999999986e-01,2.357120796874999924e-01,3.046152078124999552e-01,4.130226343749999196e-01,6.641799124999998583e-01,7.879395671874999119e-01,7.055436171874999163e-01,4.579500000000000237e-02,-1.181415000000000104e+00,5.154000000000000248e-02,1.735049999999999926e-01,4.184999999999999831e-02,7.094999999999999918e-02,-1.281870000000000065e+00,5.775104999999999933e+00,2.657849999999999935e-01,3.025425000000000253e+00,-9.750157812499998453e-03,-2.229330031249999317e-02,-3.875898468749999770e-02,-4.623316906249998887e-02,-5.158873124999999171e-02,-5.353314312499998784e-02,-5.659025312499998961e-02,-5.706792656249998902e-02,-5.778724656249999148e-02,-5.727023531249999383e-02,-5.547755499999999090e-02,-5.528648562499998559e-02,-5.111667749999999205e-02,-4.718289624999999488e-02,-4.243426031249999258e-02,-3.631442062499998930e-02,-3.018334156249999692e-02,-1.831456156249999800e-02,-7.541620624999998551e-03,-9.637764062499998285e-03,-2.226520187499999789e-02,-3.916922187499999319e-02,-4.673894093749998702e-02,-5.182475812499998807e-02,-5.375231093749999189e-02,-5.686561781249999115e-02,-5.730395343749999232e-02,-5.845598937499998926e-02,-5.795021749999999111e-02,-5.608448124999999146e-02,-5.589903156249999283e-02,-5.179665968749998933e-02,-4.780106187499998799e-02,-4.300746843749999465e-02,-3.683143187499999388e-02,-3.069473312499999482e-02,-1.874727749999999596e-02,-7.766408124999998885e-03,2.785291687499999447e-01,4.054240762499999318e-01,4.129690087499999218e-01,4.194478949999999040e-01,3.517087199999999747e-01,3.311234062499999742e-01,3.436760024999999663e-01,3.350532225000000253e-01,3.201325087499999889e-01,3.181656337500000098e-01,3.143892337499999967e-01,3.075051712499999867e-01,2.988745237499999541e-01,2.840206837500000026e-01,2.771012174999999966e-01,2.543602087499999831e-01,2.365599899999999978e-01,1.944767324999999714e-01,1.386882899999999919e-01,2.933633399999999725e-01,3.929658899999999844e-01,4.153292587499999300e-01,4.205021399999999132e-01,3.521571674999999790e-01,3.314538412499999365e-01,3.443054024999999685e-01,3.353718562499999889e-01,3.212654287499999706e-01,3.192395474999999982e-01,3.149360249999999528e-01,3.080126249999999843e-01,2.993072362499999972e-01,2.836548449999999888e-01,2.764718174999999944e-01,2.532036862499999486e-01,2.339007750000000052e-01,1.920102712499999753e-01,1.192634324999999884e-01
cs*c/cref,6.966968749999999041e-05,8.858003125000000078e-04,1.333676874999999975e-03,1.094809374999999993e-03,1.273960000000000196e-03,1.403346562500000115e-03,1.054998125000000068e-03,2.508108750000000251e-03,6.877393437500000511e-03,1.253059093750000068e-02,1.338653281250000091e-02,5.963725250000000144e-02,-1.678840412500000046e-01,-2.219477187499999948e-01,1.990562500000000307e-05,-5.971687500000000243e-05,-1.891034375000000224e-04,-4.478765624999999674e-04,-1.522780312499999889e-03,-3.981125000000000289e-03,-6.379752812500000259e-03,-1.034097218750000026e-02,-1.435195562500000098e-02,-1.537709531250000018e-02,-9.485030312500000033e-03,-4.916689375000000278e-02,1.566075046874999821e-01,2.040625146875000018e-01,-1.778562499999999762e-04,-2.829531249999999473e-04,-1.317753124999999784e-03,-3.476281249999999771e-03,-4.418110937499999773e-03,-3.512660937499999421e-03,-2.376806249999999839e-03,-2.146401562499999742e-03,-4.935510937499999230e-03,-1.092199062499999915e-02,3.741448749999999601e-02,2.542738046874999935e-01,2.242322671874999451e-01,1.448315781249999955e-02,-2.829531249999999405e-05,-4.729359374999999514e-04,-2.021093749999999778e-04,3.314593749999999507e-04,2.789109374999999380e-04,9.943781249999999062e-04,1.839195312499999901e-03,5.295265625000000059e-03,9.608279687499998722e-03,1.224378593749999959e-02,-2.175909531250000070e-02,-3.063250531249999686e-01,-2.874359109374999832e-01,-9.774009374999998237e-03,-2.779304999999999914e+00,-6.890744999999999010e+00,-5.258429999999999715e+00,-1.931865000000000165e+00,-1.298999999999999932e+00,2.991614999999999913e+00,3.927465000000000206e+00,5.680709999999999482e+00,2.985179999999999723e+00,-5.713500000000000245e-01,-2.523239687499999676e-03,1.734235562499999647e-02,3.476900656249999610e-02,5.195401093749999616e-02,6.798697937499999233e-02,7.734937874999998908e-02,8.183388937499998239e-02,8.436836843749999371e-02,8.439646687499999245e-02,8.309831906249998124e-02,8.022665874999998503e-02,7.448895781249999237e-02,7.113962406249998982e-02,6.171540812499998890e-02,5.351628406249998859e-02,3.825321281249999955e-02,1.874727749999999596e-02,-2.332170312499999565e-03,-1.894958624999999730e-02,1.629709374999999605e-03,-1.943849906249999968e-02,-3.681457281249999464e-02,-5.446039156249998792e-02,-7.088673812499998728e-02,-8.036153124999997899e-02,-8.497529468749999426e-02,-8.753225249999999069e-02,-8.720069093749999167e-02,-8.581824781249999812e-02,-8.294096781249998829e-02,-7.713021093749999890e-02,-7.342121718749998471e-02,-6.383964999999999779e-02,-5.556185031249998713e-02,-4.011894906249999226e-02,-2.034888843749999704e-02,8.935303124999998542e-04,1.819654812499999635e-02,-4.988663737499999806e-01,-6.136492649999999438e-01,-6.322204987499999707e-01,-6.769354349999999743e-01,-7.406700524999999535e-01,-7.625928412499999309e-01,-7.620932549999999139e-01,-7.701771112499999905e-01,-7.753067212499998861e-01,-7.668058875000000052e-01,-7.526679899999999535e-01,-7.349818499999999366e-01,-7.050420787499999120e-01,-6.746813962499998985e-01,-6.197426437499999885e-01,-5.613225225000000318e-01,-4.743158399999999331e-01,-3.740996249999999357e-01,-2.534672474999999925e-01,5.252972399999999986e-01,6.074339399999999500e-01,6.280703924999999632e-01,6.742998224999999790e-01,7.411184999999999024e-01,7.654566112499999742e-01,7.663259699999999119e-01,7.755309449999998606e-01,7.811404724999999605e-01,7.732769062500000068e-01,7.595953237499999400e-01,7.417793699999999379e-01,7.111747949999999152e-01,6.804482737499999434e-01,6.245300174999999232e-01,5.648786324999999220e-01,4.759168762499999539e-01,3.733836824999999804e-01,2.468034749999999666e-01
cd*c/cref,7.053558218750000108e-02,6.699238093749999845e-02,4.471798656249999920e-02,8.692786437499999685e-02,6.553927031250000868e-02,1.106553693750000067e-01,1.012300559374999936e-01,1.596431124999999895e-01,1.312576912500000026e-01,1.906162650000000069e-01,1.363734368750000037e-01,2.041023259374999954e-01,1.516310984375000004e-01,2.369167487500000169e-01,8.172254343750000316e-02,6.548950624999999581e-02,5.448169562499999979e-02,7.769165437500000215e-02,5.602438156250000301e-02,8.591267749999999259e-02,7.299392687500000365e-02,1.318150487499999968e-01,1.133923928125000063e-01,2.059535490624999909e-01,1.744329918749999986e-01,2.642571246875000113e-01,1.475404925000000089e-01,1.861275465625000236e-01,1.973395937499999864e-01,2.052622812499999838e-01,1.940613796874999797e-01,2.378989031249999497e-01,2.471595546875000049e-01,2.666752359374999770e-01,2.729244578124999654e-01,2.935840781249999254e-01,2.942631656249999339e-01,3.473411296874999721e-01,4.308688921874999633e-01,6.729029531249999252e-01,8.872359031249998917e-01,3.318999734374999400e-01,1.849866687499999718e-01,1.823996687499999658e-01,1.591813437499999817e-01,2.012888109374999790e-01,1.858193593749999928e-01,1.915956453124999792e-01,2.050601718749999747e-01,2.192159124999999986e-01,2.357120796874999924e-01,3.046152078124999552e-01,4.130226343749999196e-01,6.641799124999998583e-01,7.879395671874999119e-01,7.055436171874999163e-01,4.579500000000000237e-02,-1.181415000000000104e+00,5.154000000000000248e-02,1.735049999999999926e-01,4.184999999999999831e-02,7.094999999999999918e-02,-1.281870000000000065e+00,5.775104999999999933e+00,2.657849999999999935e-01,3.025425000000000253e+00,-9.750157812499998453e-03,-2.229330031249999317e-02,-3.875898468749999770e-02,-4.623316906249998887e-02,-5.158873124999999171e-02,-5.353314312499998784e-02,-5.659025312499998961e-02,-5.706792656249998902e-02,-5.778724656249999148e-02,-5.727023531249999383e-02,-5.547755499999999090e-02,-5.528648562499998559e-02,-5.111667749999999205e-02,-4.718289624999999488e-02,-4.243426031249999258e-02,-3.631442062499998930e-02,-3.018334156249999692e-02,-1.831456156249999800e-02,-7.541620624999998551e-03,-9.637764062499998285e-03,-2.226520187499999789e-02,-3.916922187499999319e-02,-4.673894093749998702e-02,-5.182475812499998807e-02,-5.375231093749999189e-02,-5.686561781249999115e-02,-5.730395343749999232e-02,-5.845598937499998926e-02,-5.795021749999999111e-02,-5.608448124999999146e-02,-5.589903156249999283e-02,-5.179665968749998933e-02,-4.780106187499998799e-02,-4.300746843749999465e-02,-3.683143187499999388e-02,-3.069473312499999482e-02,-1.874727749999999596e-02,-7.766408124999998885e-03,2.785291687499999447e-01,4.054240762499999318e-01,4.129690087499999218e-01,4.194478949999999040e-01,3.517087199999999747e-01,3.311234062499999742e-01,3.436760024999999663e-01,3.350532225000000253e-01,3.201325087499999889e-01,3.181656337500000098e-01,3.143892337499999967e-01,3.075051712499999867e-01,2.988745237499999541e-01,2.840206837500000026e-01,2.771012174999999966e-01,2.543602087499999831e-01,2.365599899999999978e-01,1.944767324999999714e-01,1.386882899999999919e-01,2.933633399999999725e-01,3.929658899999999844e-01,4.153292587499999300e-01,4.205021399999999132e-01,3.521571674999999790e-01,3.314538412499999365e-01,3.443054024999999685e-01,3.353718562499999889e-01,3.212654287499999706e-01,3.192395474999999982e-01,3.149360249999999528e-01,3.080126249999999843e-01,2.993072362499999972e-01,2.836548449999999888e-01,2.764718174999999944e-01,2.532036862499999486e-01,2.339007750000000052e-01,1.920102712499999753e-01,1.192634324999999884e-01
cmz,-5.150000000000000064e-03,-1.438000000000000042e-02,-1.585999999999999910e-02,-4.440999999999999809e-02,-4.304000000000000187e-02,-8.914999999999999314e-02,-9.674000000000000654e-02,-1.754900000000000071e-01,-1.615000000000000047e-01,-2.585399999999999920e-01,-2.026399999999999868e-01,-3.188099999999999823e-01,-3.583799999999999764e-01,-5.701899999999999746e-01,5.989999999999999665e-03,1.437000000000000083e-02,1.991000000000000061e-02,3.985999999999999960e-02,3.660000000000000059e-02,6.802999999999999325e-02,6.743999999999999995e-02,1.413399999999999934e-01,1.359599999999999975e-01,2.785599999999999743e-01,2.631399999999999850e-01,4.264100000000000112e-01,3.454499999999999793e-01,4.608099999999999974e-01,-8.841000000000000247e-02,-2.747800000000000242e-01,-4.376999999999999780e-01,-7.563499999999999668e-01,-1.008699999999999930e+00,-1.318850000000000078e+00,-1.586659999999999959e+00,-1.965710000000000068e+00,-2.247329999999999828e+00,-2.988490000000000091e+00,-3.848559999999999981e+00,-5.705020000000000202e+00,-8.714639999999999276e+00,-3.904720000000000191e+00,8.203000000000000569e-02,2.407499999999999918e-01,3.525900000000000145e-01,6.269200000000000328e-01,7.439000000000000057e-01,9.408699999999999841e-01,1.192499999999999893e+00,1.486990000000000034e+00,1.827599999999999891e+00,2.636200000000000099e+00,3.758389999999999898e+00,5.392220000000000013e+00,7.337279999999999802e+00,8.416489999999999583e+00,-4.708499999999999908e-01,-8.315500000000000114e-01,-1.621860000000000079e+00,-1.039549999999999974e+00,-7.165099999999999802e-01,5.293999999999999817e-01,-1.819000000000000131e-02,6.944939999999999891e+00,1.525770000000000071e+00,2.693550000000000111e+00,1.256700000000000039e-01,2.352799999999999891e-01,3.644800000000000262e-01,4.369199999999999751e-01,4.853799999999999781e-01,5.103900000000000103e-01,5.381299999999999972e-01,5.478199999999999736e-01,5.530800000000000161e-01,5.501599999999999824e-01,5.380099999999999882e-01,5.297300000000000342e-01,5.000599999999999490e-01,4.655500000000000194e-01,4.263700000000000268e-01,3.725499999999999923e-01,3.122900000000000120e-01,2.155400000000000094e-01,1.142600000000000005e-01,-1.244299999999999989e-01,-2.349700000000000122e-01,-3.664999999999999925e-01,-4.398900000000000032e-01,-4.873199999999999754e-01,-5.124400000000000066e-01,-5.407600000000000184e-01,-5.504499999999999948e-01,-5.580199999999999605e-01,-5.553099999999999703e-01,-5.429599999999999982e-01,-5.348100000000000076e-01,-5.054600000000000204e-01,-4.706899999999999973e-01,-4.313199999999999812e-01,-3.772199999999999998e-01,-3.166900000000000270e-01,-2.192099999999999882e-01,-1.164099999999999996e-01,-3.986019999999999897e+00,-5.466920000000000002e+00,-5.385460000000000136e+00,-5.448850000000000193e+00,-4.754489999999999661e+00,-4.525000000000000355e+00,-4.629039999999999822e+00,-4.532149999999999679e+00,-4.368669999999999831e+00,-4.330530000000000435e+00,-4.269120000000000026e+00,-4.175900000000000389e+00,-4.046109999999999651e+00,-3.859179999999999833e+00,-3.714589999999999836e+00,-3.410480000000000178e+00,-3.125039999999999818e+00,-2.598269999999999857e+00,-1.860079999999999956e+00,4.228080000000000283e+00,5.303279999999999994e+00,5.402370000000000339e+00,5.453829999999999956e+00,4.760060000000000180e+00,4.534080000000000332e+00,4.644140000000000157e+00,4.545320000000000249e+00,4.390900000000000247e+00,4.352769999999999584e+00,4.285949999999999704e+00,4.191410000000000302e+00,4.058749999999999858e+00,3.861979999999999968e+00,3.712489999999999846e+00,3.400240000000000151e+00,3.094240000000000101e+00,2.568210000000000104e+00,1.613259999999999916e+00
cmy,1.129099999999999965e-01,1.203100000000000003e-01,1.391000000000000014e-01,1.061399999999999982e-01,1.299299999999999899e-01,1.010800000000000032e-01,1.280799999999999994e-01,9.665999999999999592e-02,1.408899999999999875e-01,1.129799999999999971e-01,1.710000000000000131e-01,9.152000000000000413e-02,7.160999999999999310e-02,7.974000000000000532e-02,1.000199999999999978e-01,1.155899999999999983e-01,1.268900000000000028e-01,1.083500000000000019e-01,1.331600000000000006e-01,1.188499999999999973e-01,1.488099999999999978e-01,1.210900000000000032e-01,1.667599999999999916e-01,1.287000000000000088e-01,1.863499999999999879e-01,9.941999999999999449e-02,6.765000000000000180e-02,8.315000000000000169e-02,1.362260000000000026e+00,1.414330000000000087e+00,1.515619999999999967e+00,1.691210000000000102e+00,1.871240000000000014e+00,1.961189999999999989e+00,2.039039999999999964e+00,2.032189999999999941e+00,2.126100000000000101e+00,2.147679999999999811e+00,2.714160000000000128e+00,4.091020000000000323e+00,5.293680000000000163e+00,4.138690000000000424e+00,1.299220000000000041e+00,1.262289999999999912e+00,1.232369999999999965e+00,1.241409999999999902e+00,1.320699999999999985e+00,1.376239999999999908e+00,1.492250000000000076e+00,1.586929999999999952e+00,1.890749999999999931e+00,2.139339999999999797e+00,2.739209999999999923e+00,4.158660000000000245e+00,6.143080000000000318e+00,4.389739999999999753e+00,-3.946399999999999908e-01,-7.231600000000000250e-01,-1.056990000000000096e+00,-3.335799999999999876e-01,5.400000000000000069e-04,-4.002700000000000147e-01,-1.510329999999999950e+00,-3.500719999999999832e+00,-6.106899999999999551e-01,-8.808899999999999508e-01,2.199999999999999872e-02,4.841999999999999776e-02,8.146000000000000463e-02,9.250999999999999501e-02,9.758000000000000007e-02,9.533999999999999420e-02,9.461999999999999578e-02,8.920000000000000151e-02,8.398999999999999522e-02,7.696999999999999675e-02,6.848999999999999533e-02,6.223000000000000059e-02,5.197000000000000230e-02,4.281000000000000083e-02,3.388000000000000039e-02,2.512999999999999956e-02,1.779000000000000026e-02,9.190000000000000252e-03,3.059999999999999786e-03,2.166999999999999829e-02,4.828999999999999959e-02,8.232000000000000428e-02,9.350999999999999590e-02,9.801999999999999602e-02,9.572999999999999565e-02,9.508999999999999397e-02,8.956999999999999684e-02,8.497000000000000386e-02,7.789000000000000090e-02,6.923999999999999599e-02,6.290999999999999370e-02,5.265000000000000235e-02,4.338000000000000189e-02,3.434000000000000247e-02,2.548999999999999877e-02,1.808999999999999844e-02,9.409999999999999962e-03,3.170000000000000075e-03,-8.203500000000000236e-01,-1.280459999999999932e+00,-1.724269999999999969e+00,-1.720599999999999907e+00,-1.354729999999999990e+00,-1.198469999999999924e+00,-1.171070000000000055e+00,-1.069059999999999899e+00,-9.510699999999999710e-01,-8.753999999999999559e-01,-7.954599999999999449e-01,-7.102199999999999624e-01,-6.265500000000000513e-01,-5.354999999999999760e-01,-4.632600000000000051e-01,-3.745100000000000096e-01,-3.282300000000000217e-01,-4.105699999999999905e-01,-2.885800000000000032e-01,-9.109099999999999975e-01,-1.248909999999999965e+00,-1.746580000000000021e+00,-1.729899999999999993e+00,-1.357229999999999936e+00,-1.199989999999999890e+00,-1.173229999999999995e+00,-1.069989999999999997e+00,-9.544099999999999806e-01,-8.786000000000000476e-01,-7.974599999999999467e-01,-7.123500000000000387e-01,-6.289099999999999691e-01,-5.367600000000000149e-01,-4.647800000000000264e-01,-3.762400000000000189e-01,-3.318599999999999883e-01,-4.306300000000000128e-01,-2.923799999999999732e-01
FC_Roll__Rate,0.000000000000000000e+00
FC_Bref_,1.300000000000000044e+00
AnalysisMethod,0
FC_Vinf_,1.000000000000000000e+02
cs,6.999999999999999387e-05,8.899999999999999491e-04,1.340000000000000045e-03,1.100000000000000066e-03,1.280000000000000105e-03,1.410000000000000012e-03,1.059999999999999961e-03,2.520000000000000104e-03,6.910000000000000343e-03,1.259000000000000050e-02,1.345000000000000015e-02,5.992000000000000104e-02,-1.686799999999999966e-01,-2.230000000000000038e-01,2.000000000000000164e-05,-6.000000000000000152e-05,-1.900000000000000105e-04,-4.499999999999999877e-04,-1.529999999999999893e-03,-4.000000000000000083e-03,-6.409999999999999899e-03,-1.038999999999999993e-02,-1.442000000000000053e-02,-1.545000000000000019e-02,-9.530000000000000276e-03,-4.939999999999999947e-02,1.573499999999999899e-01,2.050299999999999900e-01,-4.400000000000000157e-04,-6.999999999999999929e-04,-3.259999999999999877e-03,-8.600000000000000006e-03,-1.093000000000000048e-02,-8.689999999999999808e-03,-5.879999999999999810e-03,-5.309999999999999616e-03,-1.221000000000000037e-02,-2.701999999999999888e-02,9.256000000000000338e-02,6.290499999999999980e-01,5.547299999999999454e-01,3.583000000000000074e-02,-6.999999999999999387e-05,-1.170000000000000033e-03,-5.000000000000000104e-04,8.199999999999999824e-04,6.899999999999999667e-04,2.459999999999999947e-03,4.550000000000000225e-03,1.310000000000000053e-02,2.376999999999999946e-02,3.029000000000000095e-02,-5.383000000000000285e-02,-7.578200000000000491e-01,-7.110899999999999999e-01,-2.418000000000000010e-02,-1.852870000000000017e+00,-4.593829999999999636e+00,-3.505619999999999958e+00,-1.287910000000000110e+00,-8.659999999999999920e-01,1.994410000000000016e+00,2.618310000000000137e+00,3.787139999999999951e+00,1.990119999999999889e+00,-3.809000000000000163e-01,-4.490000000000000067e-03,3.085999999999999854e-02,6.187000000000000138e-02,9.245000000000000440e-02,1.209800000000000042e-01,1.376400000000000123e-01,1.456199999999999994e-01,1.501300000000000134e-01,1.501800000000000079e-01,1.478700000000000014e-01,1.427599999999999980e-01,1.325500000000000012e-01,1.265900000000000081e-01,1.098200000000000010e-01,9.522999999999999521e-02,6.807000000000000550e-02,3.336000000000000076e-02,-4.150000000000000043e-03,-3.371999999999999997e-02,2.899999999999999800e-03,-3.459000000000000269e-02,-6.550999999999999879e-02,-9.690999999999999615e-02,-1.261400000000000021e-01,-1.429999999999999882e-01,-1.512100000000000111e-01,-1.557600000000000096e-01,-1.551700000000000024e-01,-1.527100000000000124e-01,-1.475899999999999990e-01,-1.372500000000000109e-01,-1.306499999999999884e-01,-1.136000000000000065e-01,-9.886999999999999955e-02,-7.138999999999999513e-02,-3.620999999999999913e-02,1.590000000000000050e-03,3.237999999999999906e-02,-1.268170000000000019e+00,-1.559960000000000013e+00,-1.607169999999999987e+00,-1.720839999999999925e+00,-1.882859999999999978e+00,-1.938590000000000035e+00,-1.937319999999999931e+00,-1.957869999999999999e+00,-1.970909999999999940e+00,-1.949300000000000033e+00,-1.913359999999999950e+00,-1.868400000000000061e+00,-1.792289999999999939e+00,-1.715109999999999912e+00,-1.575450000000000017e+00,-1.426940000000000097e+00,-1.205759999999999943e+00,-9.509999999999999565e-01,-6.443400000000000238e-01,1.335360000000000102e+00,1.544159999999999977e+00,1.596619999999999928e+00,1.714139999999999997e+00,1.883999999999999897e+00,1.945869999999999989e+00,1.948080000000000034e+00,1.971479999999999899e+00,1.985740000000000061e+00,1.965750000000000108e+00,1.930970000000000075e+00,1.885680000000000023e+00,1.807879999999999932e+00,1.729770000000000030e+00,1.587620000000000031e+00,1.435980000000000034e+00,1.209829999999999961e+00,9.491800000000000237e-01,6.273999999999999577e-01
FC_Rho_,2.377000000000000206e-03
FC_Mach_,5.000000000000000278e-02
Chord,3.184899999999999953e-01,3.184899999999999953e-01,3.184899999999999953e-01,3.184899999999999953e-01,3.184899999999999953e-01,3.184899999999999953e-01,3.184899999999999953e-01,3.184899999999999953e-01,3.184899999999999953e-01,3.184899999999999953e-01,3.184899999999999953e-01,3.184899999999999953e-01,3.184899999999999953e-01,3.184899999999999953e-01,3.184899999999999953e-01,3.184899999999999953e-01,3.184899999999999953e-01,3.184899999999999953e-01,3.184899999999999953e-01,3.184899999999999953e-01,3.184899999999999953e-01,3.184899999999999953e-01,3.184899999999999953e-01,3.184899999999999953e-01,3.184899999999999953e-01,3.184899999999999953e-01,3.184899999999999953e-01,3.184899999999999953e-01,1.293499999999999928e-01,1.293499999999999928e-01,1.293499999999999928e-01,1.293499999999999928e-01,1.293499999999999928e-01,1.293499999999999928e-01,1.293499999999999928e-01,1.293499999999999928e-01,1.293499999999999928e-01,1.293499999999999928e-01,1.293499999999999928e-01,1.293499999999999928e-01,1.293499999999999928e-01,1.293499999999999928e-01,1.293499999999999928e-01,1.293499999999999928e-01,1.293499999999999928e-01,1.293499999999999928e-01,1.293499999999999928e-01,1.293499999999999928e-01,1.293499999999999928e-01,1.293499999999999928e-01,1.293499999999999928e-01,1.293499999999999928e-01,1.293499999999999928e-01,1.293499999999999928e-01,1.293499999999999928e-01,1.293499999999999928e-01,4.799999999999999822e-01,4.799999999999999822e-01,4.799999999999999822e-01,4.799999999999999822e-01,4.799999999999999822e-01,4.799999999999999822e-01,4.799999999999999822e-01,4.799999999999999822e-01,4.799999999999999822e-01,4.799999999999999822e-01,1.798299999999999899e-01,1.798299999999999899e-01,1.798299999999999899e-01,1.798299999999999899e-01,1.798299999999999899e-01,1.798299999999999899e-01,1.798299999999999899e-01,1.798299999999999899e-01,1.798299999999999899e-01,1.798299999999999899e-01,1.798299999999999899e-01,1.798299999999999899e-01,1.798299999999999899e-01,1.798299999999999899e-01,1.798299999999999899e-01,1.798299999999999899e-01,1.798299999999999899e-01,1.798299999999999899e-01,1.798299999999999899e-01,1.798299999999999899e-01,1.798299999999999899e-01,1.798299999999999899e-01,1.798299999999999899e-01,1.798299999999999899e-01,1.798299999999999899e-01,1.798299999999999899e-01,1.798299999999999899e-01,1.798299999999999899e-01,1.798299999999999899e-01,1.798299999999999899e-01,1.798299999999999899e-01,1.798299999999999899e-01,1.798299999999999899e-01,1.798299999999999899e-01,1.798299999999999899e-01,1.798299999999999899e-01,1.798299999999999899e-01,1.798299999999999899e-01,1.258799999999999919e-01,1.258799999999999919e-01,1.258799999999999919e-01,1.258799999999999919e-01,1.258799999999999919e-01,1.258799999999999919e-01,1.258799999999999919e-01,1.258799999999999919e-01,1.258799999999999919e-01,1.258799999999999919e-01,1.258799999999999919e-01,1.258799999999999919e-01,1.258799999999999919e-01,1.258799999999999919e-01,1.258799999999999919e-01,1.258799999999999919e-01,1.258799999999999919e-01,1.258799999999999919e-01,1.258799999999999919e-01,1.258799999999999919e-01,1.258799999999999919e-01,1.258799999999999919e-01,1.258799999999999919e-01,1.258799999999999919e-01,1.258799999999999919e-01,1.258799999999999919e-01,1.258799999999999919e-01,1.258799999999999919e-01,1.258799999999999919e-01,1.258799999999999919e-01,1.258799999999999919e-01,1.258799999999999919e-01,1.258799999999999919e-01,1.258799999999999919e-01,1.258799999999999919e-01,1.258799999999999919e-01,1.258799999999999919e-01,1.258799999999999919e-01
cy,6.999999999999999387e-05,8.899999999999999491e-04,1.340000000000000045e-03,1.100000000000000066e-03,1.280000000000000105e-03,1.410000000000000012e-03,1.059999999999999961e-03,2.520000000000000104e-03,6.910000000000000343e-03,1.259000000000000050e-02,1.345000000000000015e-02,5.992000000000000104e-02,-1.686799999999999966e-01,-2.230000000000000038e-01,2.000000000000000164e-05,-6.000000000000000152e-05,-1.900000000000000105e-04,-4.499999999999999877e-04,-1.529999999999999893e-03,-4.000000000000000083e-03,-6.409999999999999899e-03,-1.038999999999999993e-02,-1.442000000000000053e-02,-1.545000000000000019e-02,-9.530000000000000276e-03,-4.939999999999999947e-02,1.573499999999999899e-01,2.050299999999999900e-01,-4.400000000000000157e-04,-6.999999999999999929e-04,-3.259999999999999877e-03,-8.600000000000000006e-03,-1.093000000000000048e-02,-8.689999999999999808e-03,-5.879999999999999810e-03,-5.309999999999999616e-03,-1.221000000000000037e-02,-2.701999999999999888e-02,9.256000000000000338e-02,6.290499999999999980e-01,5.547299999999999454e-01,3.583000000000000074e-02,-6.999999999999999387e-05,-1.170000000000000033e-03,-5.000000000000000104e-04,8.199999999999999824e-04,6.899999999999999667e-04,2.459999999999999947e-03,4.550000000000000225e-03,1.310000000000000053e-02,2.376999999999999946e-02,3.029000000000000095e-02,-5.383000000000000285e-02,-7.578200000000000491e-01,-7.110899999999999999e-01,-2.418000000000000010e-02,-1.852870000000000017e+00,-4.593829999999999636e+00,-3.505619999999999958e+00,-1.287910000000000110e+00,-8.659999999999999920e-01,1.994410000000000016e+00,2.618310000000000137e+00,3.787139999999999951e+00,1.990119999999999889e+00,-3.809000000000000163e-01,-4.490000000000000067e-03,3.085999999999999854e-02,6.187000000000000138e-02,9.245000000000000440e-02,1.209800000000000042e-01,1.376400000000000123e-01,1.456199999999999994e-01,1.501300000000000134e-01,1.501800000000000079e-01,1.478700000000000014e-01,1.427599999999999980e-01,1.325500000000000012e-01,1.265900000000000081e-01,1.098200000000000010e-01,9.522999999999999521e-02,6.807000000000000550e-02,3.336000000000000076e-02,-4.150000000000000043e-03,-3.371999999999999997e-02,2.899999999999999800e-03,-3.459000000000000269e-02,-6.550999999999999879e-02,-9.690999999999999615e-02,-1.261400000000000021e-01,-1.429999999999999882e-01,-1.512100000000000111e-01,-1.557600000000000096e-01,-1.551700000000000024e-01,-1.527100000000000124e-01,-1.475899999999999990e-01,-1.372500000000000109e-01,-1.306499999999999884e-01,-1.136000000000000065e-01,-9.886999999999999955e-02,-7.138999999999999513e-02,-3.620999999999999913e-02,1.590000000000000050e-03,3.237999999999999906e-02,-1.268170000000000019e+00,-1.559960000000000013e+00,-1.607169999999999987e+00,-1.720839999999999925e+00,-1.882859999999999978e+00,-1.938590000000000035e+00,-1.937319999999999931e+00,-1.957869999999999999e+00,-1.970909999999999940e+00,-1.949300000000000033e+00,-1.913359999999999950e+00,-1.868400000000000061e+00,-1.792289999999999939e+00,-1.715109999999999912e+00,-1.575450000000000017e+00,-1.426940000000000097e+00,-1.205759999999999943e+00,-9.509999999999999565e-01,-6.443400000000000238e-01,1.335360000000000102e+00,1.544159999999999977e+00,1.596619999999999928e+00,1.714139999999999997e+00,1.883999999999999897e+00,1.945869999999999989e+00,1.948080000000000034e+00,1.971479999999999899e+00,1.985740000000000061e+00,1.965750000000000108e+00,1.930970000000000075e+00,1.885680000000000023e+00,1.807879999999999932e+00,1.729770000000000030e+00,1.587620000000000031e+00,1.435980000000000034e+00,1.209829999999999961e+00,9.491800000000000237e-01,6.273999999999999577e-01
cmz*c/cref,-5.125698437500000350e-03,-1.431214437500000040e-02,-1.578516062499999914e-02,-4.420044031249999866e-02,-4.283690500000000151e-02,-8.872932343749999340e-02,-9.628350812500000022e-02,-1.746619065624999967e-01,-1.607379218749999950e-01,-2.573200143750000168e-01,-2.016837924999999865e-01,-3.173056153125000112e-01,-3.566888943749999541e-01,-5.674994159374999736e-01,5.961734687499999422e-03,1.430219156250000026e-02,1.981604968750000015e-02,3.967191062500000087e-02,3.642729374999999908e-02,6.770898343749999493e-02,6.712176749999999859e-02,1.406730518749999825e-01,1.353184387499999919e-01,2.772455449999999821e-01,2.618983081249999789e-01,4.243978778124999907e-01,3.438199078124999919e-01,4.586355528125000136e-01,-3.573697968749999648e-02,-1.110712281250000044e-01,-1.769265468749999792e-01,-3.057308515624999612e-01,-4.077354531249999248e-01,-5.331038984374999457e-01,-6.413577218749999531e-01,-7.945768390624999844e-01,-9.084129234374997974e-01,-1.208003692187499922e+00,-1.555660112499999803e+00,-2.306076053124999969e+00,-3.522620887499999576e+00,-1.578361037499999897e+00,3.315806406249999921e-02,9.731566406249998746e-02,1.425234890624999806e-01,2.534128187499999907e-01,3.006983281249999695e-01,3.803172953124999700e-01,4.820308593749998982e-01,6.010692390624999826e-01,7.387501874999998774e-01,1.065601468749999947e+00,1.519211707812499812e+00,2.179636428124999803e+00,2.965866149999999646e+00,3.402103067187499441e+00,-7.062749999999999861e-01,-1.247325000000000017e+00,-2.432790000000000230e+00,-1.559324999999999850e+00,-1.074764999999999970e+00,7.941000000000000281e-01,-2.728500000000000369e-02,1.041741000000000028e+01,2.288655000000000328e+00,4.040325000000000166e+00,7.062261281249998524e-02,1.322200074999999586e-01,2.048263699999999798e-01,2.455353862499999318e-01,2.727683918749999603e-01,2.868232303124999549e-01,3.024122434374999502e-01,3.078577206249999421e-01,3.108136762499999484e-01,3.091727274999999109e-01,3.023448071874999532e-01,2.976917059374999952e-01,2.810180931249999237e-01,2.616245515624999740e-01,2.396066159374999616e-01,2.093614578124999570e-01,1.754972209374999759e-01,1.211267443749999839e-01,6.421054937499999504e-02,-6.992577156249998871e-02,-1.320457971874999803e-01,-2.059615468749999567e-01,-2.472044334374999541e-01,-2.738586112499999392e-01,-2.879752662499999727e-01,-3.038902212499999811e-01,-3.093356984374999730e-01,-3.135898018749999072e-01,-3.120668665624999338e-01,-3.051265524999999257e-01,-3.005465071874999783e-01,-2.840527243749999542e-01,-2.645130709374999278e-01,-2.423883612499999618e-01,-2.119858518749999643e-01,-1.779698834374999761e-01,-1.231891696874999748e-01,-6.541878218749998253e-02,-1.568000617499999860e+00,-2.150549654999999838e+00,-2.118505327499999868e+00,-2.143441368750000020e+00,-1.870297503749999812e+00,-1.780021875000000087e+00,-1.820948609999999857e+00,-1.782834506249999729e+00,-1.718525561249999889e+00,-1.703522238749999973e+00,-1.679365079999999955e+00,-1.642694662500000069e+00,-1.591638521249999716e+00,-1.518104932499999782e+00,-1.461226841249999797e+00,-1.341597570000000017e+00,-1.229312609999999806e+00,-1.022094461249999808e+00,-7.317089699999999031e-01,1.663220970000000021e+00,2.086177769999999931e+00,2.125157298750000034e+00,2.145400376250000019e+00,1.872488602500000043e+00,1.783593720000000049e+00,1.826888572499999919e+00,1.788015254999999915e+00,1.727270287499999890e+00,1.712270898749999715e+00,1.685985581249999754e+00,1.648795908749999928e+00,1.596610781249999889e+00,1.519206382499999952e+00,1.460400753749999891e+00,1.337569409999999959e+00,1.217196659999999930e+00,1.010269608750000048e+00,6.346161524999999193e-01
FC_AoA_,0.000000000000000000e+00
FC_Zcg_,2.999999999999999889e-01
cl,-5.377069999999999794e+00,-5.331150000000000055e+00,-5.252379999999999605e+00,-5.160020000000000273e+00,-5.037600000000000300e+00,-4.900299999999999656e+00,-4.744069999999999787e+00,-4.568819999999999659e+00,-4.350019999999999776e+00,-4.111290000000000333e+00,-3.771819999999999951e+00,-3.378550000000000164e+00,-2.681839999999999780e+00,-2.615229999999999944e+00,-5.399709999999999788e+00,-5.399300000000000210e+00,-5.374229999999999841e+00,-5.321979999999999933e+00,-5.242630000000000123e+00,-5.144070000000000142e+00,-5.019429999999999836e+00,-4.871190000000000353e+00,-4.675749999999999851e+00,-4.460939999999999905e+00,-4.129500000000000171e+00,-3.716660000000000075e+00,-2.852489999999999970e+00,-2.676509999999999945e+00,-1.209689999999999932e+00,-1.259919999999999929e+00,-1.302179999999999893e+00,-1.480150000000000077e+00,-1.618589999999999973e+00,-1.730229999999999935e+00,-1.798880000000000035e+00,-1.839609999999999967e+00,-1.900430000000000064e+00,-2.032979999999999787e+00,-2.502130000000000187e+00,-3.765400000000000080e+00,-4.996699999999999697e+00,-3.499039999999999928e+00,-1.151790000000000092e+00,-1.125559999999999894e+00,-1.067329999999999890e+00,-1.149259999999999948e+00,-1.165710000000000024e+00,-1.211019999999999985e+00,-1.302329999999999988e+00,-1.387590000000000101e+00,-1.600060000000000038e+00,-1.891950000000000021e+00,-2.454050000000000065e+00,-3.768670000000000186e+00,-5.387010000000000076e+00,-4.364379999999999704e+00,1.490119999999999889e+00,3.140559999999999796e+00,2.226809999999999956e+00,4.820800000000000085e-01,-9.428000000000000269e-02,1.537910000000000110e+00,5.266060000000000407e+00,4.195960000000000356e+00,8.247999999999999776e-01,3.569800000000000195e-01,-3.189999999999999780e-02,-3.577999999999999931e-02,-1.600000000000000077e-03,2.739999999999999814e-03,0.000000000000000000e+00,-5.699999999999999772e-04,-4.000000000000000327e-05,1.000000000000000048e-04,4.000000000000000327e-05,2.000000000000000164e-05,-5.000000000000000240e-05,-5.000000000000000240e-05,2.500000000000000052e-04,5.699999999999999772e-04,5.100000000000000366e-04,1.020000000000000073e-03,3.870000000000000176e-03,1.619999999999999912e-02,1.315999999999999982e-02,-3.375999999999999834e-02,-3.844000000000000195e-02,-2.660000000000000038e-03,2.299999999999999961e-03,-3.400000000000000244e-04,-9.300000000000000541e-04,-2.799999999999999755e-04,4.000000000000000327e-05,8.000000000000000654e-05,1.399999999999999877e-04,1.900000000000000105e-04,2.700000000000000035e-04,6.599999999999999964e-04,1.030000000000000100e-03,1.000000000000000021e-03,1.590000000000000050e-03,4.590000000000000330e-03,1.738999999999999921e-02,1.393999999999999927e-02,-6.182499999999999662e-01,-6.953200000000000491e-01,-6.450999999999999790e-02,1.478999999999999933e-02,-2.510000000000000078e-03,-7.100000000000000408e-03,-2.399999999999999790e-03,3.299999999999999982e-04,1.639999999999999965e-03,2.969999999999999984e-03,3.759999999999999887e-03,4.850000000000000144e-03,8.380000000000000296e-03,1.221999999999999996e-02,1.465999999999999942e-02,2.132999999999999827e-02,6.210000000000000242e-02,2.906900000000000039e-01,2.418700000000000017e-01,-6.018700000000000161e-01,-6.707400000000000029e-01,-5.127000000000000307e-02,2.044999999999999943e-02,-1.619999999999999912e-03,-6.890000000000000291e-03,-2.560000000000000209e-03,1.600000000000000131e-04,1.629999999999999939e-03,3.320000000000000034e-03,4.599999999999999922e-03,6.119999999999999572e-03,1.024000000000000084e-02,1.469999999999999953e-02,1.786000000000000087e-02,2.548999999999999877e-02,7.012000000000000177e-02,3.160800000000000276e-01,2.615600000000000147e-01
FC_Ycg_,0.000000000000000000e+00
FC_Cref_,3.200000000000000067e-01
cmx,-3.919699999999999851e-01,-1.165229999999999988e+00,-1.913229999999999986e+00,-2.632249999999999979e+00,-3.303799999999999848e+00,-3.928170000000000162e+00,-4.494439999999999991e+00,-4.993660000000000210e+00,-5.385130000000000194e+00,-5.685730000000000395e+00,-5.762679999999999580e+00,-5.619139999999999802e+00,-5.014179999999999637e+00,-5.306530000000000413e+00,3.935899999999999954e-01,1.180639999999999912e+00,1.958499999999999908e+00,2.715209999999999901e+00,3.438099999999999934e+00,4.121640000000000192e+00,4.751509999999999678e+00,5.318579999999999863e+00,5.783599999999999852e+00,6.168619999999999770e+00,6.314000000000000057e+00,6.195400000000000240e+00,5.315750000000000419e+00,5.411430000000000184e+00,-2.178200000000000136e-01,-6.793700000000000294e-01,-1.173389999999999933e+00,-1.871599999999999930e+00,-2.629039999999999822e+00,-3.426480000000000192e+00,-4.204439999999999955e+00,-4.959469999999999601e+00,-5.817919999999999980e+00,-6.973220000000000418e+00,-9.336289999999999978e+00,-1.481677000000000000e+01,-2.155212999999999823e+01,-1.690446999999999989e+01,2.066600000000000104e-01,6.044000000000000483e-01,9.573000000000000398e-01,1.444609999999999950e+00,1.884160000000000057e+00,2.394470000000000098e+00,3.044779999999999820e+00,3.755939999999999834e+00,4.917150000000000354e+00,6.502390000000000114e+00,9.194839999999999236e+00,1.465094999999999992e+01,2.306597999999999971e+01,2.111186999999999969e+01,9.867200000000000415e-01,1.998320000000000096e+00,1.418719999999999981e+00,1.965300000000000102e-01,-4.059699999999999975e-01,-9.670999999999999597e-01,-5.800060000000000215e+00,-4.044139999999999624e+00,-3.959400000000000142e-01,-5.751600000000000046e-01,-9.385999999999999899e-02,-6.003000000000000003e-02,6.897000000000000353e-02,1.115000000000000019e-01,1.285699999999999898e-01,1.362500000000000100e-01,1.367400000000000004e-01,1.321299999999999975e-01,1.227599999999999941e-01,1.117400000000000060e-01,9.891999999999999404e-02,8.369999999999999662e-02,7.295000000000000095e-02,5.750999999999999862e-02,4.404000000000000276e-02,2.910000000000000087e-02,2.148999999999999869e-02,4.356999999999999762e-02,2.926000000000000129e-02,9.690000000000000002e-02,6.268999999999999573e-02,-7.033000000000000362e-02,-1.153200000000000058e-01,-1.330999999999999961e-01,-1.406300000000000050e-01,-1.413200000000000012e-01,-1.369100000000000039e-01,-1.269599999999999895e-01,-1.157299999999999995e-01,-1.029100000000000015e-01,-8.754000000000000670e-02,-7.638000000000000345e-02,-6.071000000000000008e-02,-4.703999999999999848e-02,-3.196000000000000230e-02,-2.438999999999999849e-02,-4.750999999999999668e-02,-3.169000000000000289e-02,-5.140229999999999855e+00,-5.899000000000000021e+00,-3.012160000000000171e+00,-2.698999999999999844e+00,-2.869860000000000078e+00,-2.803869999999999862e+00,-2.611079999999999846e+00,-2.454769999999999897e+00,-2.292149999999999910e+00,-2.089869999999999894e+00,-1.879650000000000043e+00,-1.666250000000000009e+00,-1.424379999999999979e+00,-1.193330000000000002e+00,-9.423300000000000010e-01,-6.923300000000000010e-01,-2.834699999999999998e-01,9.351599999999999913e-01,8.923699999999999966e-01,5.187039999999999651e+00,5.752550000000000274e+00,2.933260000000000201e+00,2.662659999999999805e+00,2.867550000000000043e+00,2.813210000000000210e+00,2.626199999999999868e+00,2.472609999999999975e+00,2.309520000000000017e+00,2.106079999999999952e+00,1.893389999999999906e+00,1.676250000000000018e+00,1.428830000000000044e+00,1.192979999999999929e+00,9.358600000000000252e-01,6.787199999999999900e-01,2.491700000000000026e-01,-1.052459999999999951e+00,-9.880100000000000549e-01
FC_Sref_,4.159999999999999809e-01
FC_Beta_,0.000000000000000000e+00
cx,7.087000000000000244e-02,6.730999999999999484e-02,4.492999999999999772e-02,8.734000000000000097e-02,6.585000000000000575e-02,1.111800000000000010e-01,1.017099999999999949e-01,1.603999999999999870e-01,1.318799999999999972e-01,1.915199999999999958e-01,1.370200000000000029e-01,2.050700000000000023e-01,1.523500000000000132e-01,2.380400000000000016e-01,8.211000000000000243e-02,6.579999999999999738e-02,5.473999999999999699e-02,7.806000000000000438e-02,5.628999999999999976e-02,8.631999999999999396e-02,7.334000000000000241e-02,1.324400000000000022e-01,1.139300000000000035e-01,2.069300000000000028e-01,1.752599999999999991e-01,2.655100000000000238e-01,1.482400000000000106e-01,1.870100000000000096e-01,4.882000000000000228e-01,5.078000000000000291e-01,4.800900000000000167e-01,5.885399999999999521e-01,6.114500000000000490e-01,6.597300000000000386e-01,6.751899999999999569e-01,7.262999999999999456e-01,7.279799999999999605e-01,8.592899999999999983e-01,1.065930000000000044e+00,1.664700000000000069e+00,2.194939999999999891e+00,8.210899999999999865e-01,4.576399999999999912e-01,4.512399999999999745e-01,3.937999999999999834e-01,4.979700000000000237e-01,4.596999999999999975e-01,4.739900000000000224e-01,5.072999999999999732e-01,5.423200000000000243e-01,5.831300000000000372e-01,7.535899999999999821e-01,1.021779999999999911e+00,1.643119999999999914e+00,1.949289999999999967e+00,1.745449999999999946e+00,3.053000000000000158e-02,-7.876100000000000323e-01,3.436000000000000165e-02,1.156699999999999950e-01,2.790000000000000119e-02,4.730000000000000177e-02,-8.545800000000000063e-01,3.850070000000000103e+00,1.771899999999999864e-01,2.016950000000000021e+00,-1.735000000000000084e-02,-3.966999999999999693e-02,-6.897000000000000353e-02,-8.226999999999999591e-02,-9.180000000000000659e-02,-9.525999999999999746e-02,-1.006999999999999978e-01,-1.015500000000000014e-01,-1.028300000000000047e-01,-1.019100000000000006e-01,-9.872000000000000219e-02,-9.837999999999999523e-02,-9.095999999999999919e-02,-8.396000000000000685e-02,-7.550999999999999379e-02,-6.461999999999999689e-02,-5.371000000000000080e-02,-3.259000000000000091e-02,-1.341999999999999964e-02,-1.714999999999999858e-02,-3.962000000000000244e-02,-6.969999999999999807e-02,-8.316999999999999393e-02,-9.221999999999999642e-02,-9.564999999999999891e-02,-1.011900000000000022e-01,-1.019700000000000051e-01,-1.040200000000000014e-01,-1.031200000000000033e-01,-9.979999999999999982e-02,-9.947000000000000286e-02,-9.217000000000000193e-02,-8.505999999999999672e-02,-7.653000000000000080e-02,-6.554000000000000103e-02,-5.462000000000000188e-02,-3.336000000000000076e-02,-1.382000000000000069e-02,7.080499999999999572e-01,1.030629999999999935e+00,1.049809999999999910e+00,1.066279999999999895e+00,8.940799999999999859e-01,8.417499999999999982e-01,8.736599999999999921e-01,8.517400000000000526e-01,8.138100000000000334e-01,8.088100000000000289e-01,7.992099999999999760e-01,7.817100000000000160e-01,7.597699999999999454e-01,7.220100000000000406e-01,7.044200000000000461e-01,6.466100000000000181e-01,6.013600000000000056e-01,4.943799999999999861e-01,3.525599999999999845e-01,7.457599999999999785e-01,9.989599999999999591e-01,1.055809999999999915e+00,1.068959999999999910e+00,8.952200000000000157e-01,8.425899999999999501e-01,8.752600000000000380e-01,8.525500000000000300e-01,8.166900000000000270e-01,8.115400000000000391e-01,8.005999999999999783e-01,7.830000000000000293e-01,7.608700000000000463e-01,7.210800000000000542e-01,7.028200000000000003e-01,6.436699999999999644e-01,5.946000000000000174e-01,4.881099999999999883e-01,3.031800000000000050e-01
FC_Pitch_Rate,0.000000000000000000e+00
cd,7.087000000000000244e-02,6.730999999999999484e-02,4.492999999999999772e-02,8.734000000000000097e-02,6.585000000000000575e-02,1.111800000000000010e-01,1.017099999999999949e-01,1.603999999999999870e-01,1.318799999999999972e-01,1.915199999999999958e-01,1.370200000000000029e-01,2.050700000000000023e-01,1.523500000000000132e-01,2.380400000000000016e-01,8.211000000000000243e-02,6.579999999999999738e-02,5.473999999999999699e-02,7.806000000000000438e-02,5.628999999999999976e-02,8.631999999999999396e-02,7.334000000000000241e-02,1.324400000000000022e-01,1.139300000000000035e-01,2.069300000000000028e-01,1.752599999999999991e-01,2.655100000000000238e-01,1.482400000000000106e-01,1.870100000000000096e-01,4.882000000000000228e-01,5.078000000000000291e-01,4.800900000000000167e-01,5.885399999999999521e-01,6.114500000000000490e-01,6.597300000000000386e-01,6.751899999999999569e-01,7.262999999999999456e-01,7.279799999999999605e-01,8.592899999999999983e-01,1.065930000000000044e+00,1.664700000000000069e+00,2.194939999999999891e+00,8.210899999999999865e-01,4.576399999999999912e-01,4.512399999999999745e-01,3.937999999999999834e-01,4.979700000000000237e-01,4.596999999999999975e-01,4.739900000000000224e-01,5.072999999999999732e-01,5.423200000000000243e-01,5.831300000000000372e-01,7.535899999999999821e-01,1.021779999999999911e+00,1.643119999999999914e+00,1.949289999999999967e+00,1.745449999999999946e+00,3.053000000000000158e-02,-7.876100000000000323e-01,3.436000000000000165e-02,1.156699999999999950e-01,2.790000000000000119e-02,4.730000000000000177e-02,-8.545800000000000063e-01,3.850070000000000103e+00,1.771899999999999864e-01,2.016950000000000021e+00,-1.735000000000000084e-02,-3.966999999999999693e-02,-6.897000000000000353e-02,-8.226999999999999591e-02,-9.180000000000000659e-02,-9.525999999999999746e-02,-1.006999999999999978e-01,-1.015500000000000014e-01,-1.028300000000000047e-01,-1.019100000000000006e-01,-9.872000000000000219e-02,-9.837999999999999523e-02,-9.095999999999999919e-02,-8.396000000000000685e-02,-7.550999999999999379e-02,-6.461999999999999689e-02,-5.371000000000000080e-02,-3.259000000000000091e-02,-1.341999999999999964e-02,-1.714999999999999858e-02,-3.962000000000000244e-02,-6.969999999999999807e-02,-8.316999999999999393e-02,-9.221999999999999642e-02,-9.564999999999999891e-02,-1.011900000000000022e-01,-1.019700000000000051e-01,-1.040200000000000014e-01,-1.031200000000000033e-01,-9.979999999999999982e-02,-9.947000000000000286e-02,-9.217000000000000193e-02,-8.505999999999999672e-02,-7.653000000000000080e-02,-6.554000000000000103e-02,-5.462000000000000188e-02,-3.336000000000000076e-02,-1.382000000000000069e-02,7.080499999999999572e-01,1.030629999999999935e+00,1.049809999999999910e+00,1.066279999999999895e+00,8.940799999999999859e-01,8.417499999999999982e-01,8.736599999999999921e-01,8.517400000000000526e-01,8.138100000000000334e-01,8.088100000000000289e-01,7.992099999999999760e-01,7.817100000000000160e-01,7.597699999999999454e-01,7.220100000000000406e-01,7.044200000000000461e-01,6.466100000000000181e-01,6.013600000000000056e-01,4.943799999999999861e-01,3.525599999999999845e-01,7.457599999999999785e-01,9.989599999999999591e-01,1.055809999999999915e+00,1.068959999999999910e+00,8.952200000000000157e-01,8.425899999999999501e-01,8.752600000000000380e-01,8.525500000000000300e-01,8.166900000000000270e-01,8.115400000000000391e-01,8.005999999999999783e-01,7.830000000000000293e-01,7.608700000000000463e-01,7.210800000000000542e-01,7.028200000000000003e-01,6.436699999999999644e-01,5.946000000000000174e-01,4.881099999999999883e-01,3.031800000000000050e-01
FC_Yaw___Rate,0.000000000000000000e+00
cl*c/cref,-5.351696950937499864e+00,-5.305993635937499953e+00,-5.227595331874999474e+00,-5.135671155625000317e+00,-5.013828825000000045e+00,-4.877176709375000030e+00,-4.721683919687500008e+00,-4.547260880625000112e+00,-4.329493343124999782e+00,-4.091889850312500521e+00,-3.754021724374999813e+00,-3.362607467187500365e+00,-2.669185067499999953e+00,-2.602889383437499760e+00,-5.374230118437499648e+00,-5.373822053125000053e+00,-5.348870352187500288e+00,-5.296866906874999614e+00,-5.217891339687500185e+00,-5.119796419687499878e+00,-4.995744564687499611e+00,-4.848204072187500380e+00,-4.653686304687499664e+00,-4.439889939374999983e+00,-4.110013921874999809e+00,-3.699122010625000012e+00,-2.839029812812499998e+00,-2.663880218437499892e+00,-4.889793796874999376e-01,-5.092832874999999593e-01,-5.263655718749998824e-01,-5.983043828124999797e-01,-6.542644265624999456e-01,-6.993914078124998657e-01,-7.271410249999999964e-01,-7.436048546874999277e-01,-7.681894390624999236e-01,-8.217686343749998068e-01,-1.011407860937499903e+00,-1.522045281249999826e+00,-2.019759828124999768e+00,-1.414377574999999831e+00,-4.655751140625000173e-01,-4.549724562499999347e-01,-4.314347984374999334e-01,-4.645524406249999516e-01,-4.712018390624999609e-01,-4.895169906249999259e-01,-5.264262046874998990e-01,-5.608898953124999975e-01,-6.467742531249999205e-01,-7.647616640624999018e-01,-9.919730234374999345e-01,-1.523367076562500033e+00,-2.177530448437499988e+00,-1.764164228124999623e+00,2.235179999999999723e+00,4.710839999999999250e+00,3.340214999999999712e+00,7.231199999999999850e-01,-1.414199999999999902e-01,2.306865000000000165e+00,7.899090000000001055e+00,6.293940000000000978e+00,1.237200000000000077e+00,5.354700000000000015e-01,-1.792680312499999457e-02,-2.010724187499999746e-02,-8.991499999999999276e-04,1.539794374999999731e-03,0.000000000000000000e+00,-3.203221874999999559e-04,-2.247874999999999887e-05,5.619687499999999548e-05,2.247874999999999887e-05,1.123937499999999943e-05,-2.809843749999999774e-05,-2.809843749999999774e-05,1.404921874999999921e-04,3.203221874999999559e-04,2.866040624999999491e-04,5.732081249999998983e-04,2.174819062499999678e-03,9.103893749999997925e-03,7.395508749999999028e-03,-1.897206499999999629e-02,-2.160207874999999639e-02,-1.494836874999999794e-03,1.292528124999999754e-03,-1.910693749999999751e-04,-5.226309374999999965e-04,-1.573512499999999684e-04,2.247874999999999887e-05,4.495749999999999774e-05,7.867562499999998418e-05,1.067740624999999853e-04,1.517315624999999763e-04,3.708993749999999119e-04,5.788278124999999717e-04,5.619687499999999683e-04,8.935303124999998542e-04,2.579436562499999759e-03,9.772636562499997445e-03,7.833844374999997598e-03,-2.432040937499999611e-01,-2.735215049999999981e-01,-2.537662124999999838e-02,5.818016249999999508e-03,-9.873712499999999937e-04,-2.792962500000000133e-03,-9.440999999999999089e-04,1.298137499999999834e-04,6.451349999999999143e-04,1.168323750000000013e-03,1.479089999999999962e-03,1.907868749999999886e-03,3.296482500000000055e-03,4.807042499999999823e-03,5.766877499999998984e-03,8.390688749999998183e-03,2.442858749999999787e-02,1.143501787499999894e-01,9.514561124999999786e-02,-2.367606112500000026e-01,-2.638523474999999729e-01,-2.016833624999999838e-02,8.044518750000000107e-03,-6.372674999999999087e-04,-2.710353750000000020e-03,-1.007040000000000062e-03,6.294000000000000386e-05,6.412012499999999657e-04,1.306004999999999840e-03,1.809524999999999762e-03,2.407454999999999751e-03,4.028160000000000247e-03,5.782612499999999212e-03,7.025677499999999874e-03,1.002712874999999934e-02,2.758345499999999978e-02,1.243379700000000060e-01,1.028911649999999928e-01
WingId,1,1,1,1,1,1,1,1,1,1,1,1,1,1,2,2,2,2,2,2,2,2,2,2,2,2,2,2,3,3,3,3,3,3,3,3,3,3,3,3,3,3,4,4,4,4,4,4,4,4,4,4,4,4,4,4,5,5,5,5,5,6,6,6,6,6,7,7,7,7,7,7,7,7,7,7,7,7,7,7,7,7,7,7,7,8,8,8,8,8,8,8,8,8,8,8,8,8,8,8,8,8,8,8,9,9,9,9,9,9,9,9,9,9,9,9,9,9,9,9,9,9,9,10,10,10,10,10,10,10,10,10,10,10,10,10,10,10,10,10,10,10
S,6.040999999999999842e-02,1.546299999999999897e-01,2.222600000000000131e-01,2.898899999999999810e-01,3.575200000000000045e-01,4.251499999999999724e-01,4.927799999999999958e-01,5.604099999999999637e-01,6.280400000000000427e-01,6.956700000000000106e-01,7.632999999999999785e-01,8.309299999999999464e-01,8.985600000000000254e-01,9.661899999999999933e-01,6.040999999999999842e-02,1.546299999999999897e-01,2.222600000000000131e-01,2.898899999999999810e-01,3.575200000000000045e-01,4.251499999999999724e-01,4.927799999999999958e-01,5.604099999999999637e-01,6.280400000000000427e-01,6.956700000000000106e-01,7.632999999999999785e-01,8.309299999999999464e-01,8.985600000000000254e-01,9.661899999999999933e-01,3.093999999999999875e-02,9.794999999999999540e-02,1.701199999999999934e-01,2.422799999999999954e-01,3.144399999999999973e-01,3.866100000000000092e-01,4.587700000000000111e-01,5.309399999999999675e-01,6.030999999999999694e-01,6.752599999999999714e-01,7.474300000000000388e-01,8.195900000000000407e-01,8.917500000000000426e-01,9.639199999999999990e-01,3.093999999999999875e-02,9.794999999999999540e-02,1.701199999999999934e-01,2.422799999999999954e-01,3.144399999999999973e-01,3.866100000000000092e-01,4.587700000000000111e-01,5.309399999999999675e-01,6.030999999999999694e-01,6.752599999999999714e-01,7.474300000000000388e-01,8.195900000000000407e-01,8.917500000000000426e-01,9.639199999999999990e-01,2.392600000000000005e-01,5.437100000000000266e-01,6.740800000000000125e-01,8.044499999999999984e-01,9.348199999999999843e-01,2.392600000000000005e-01,5.437100000000000266e-01,6.740800000000000125e-01,8.044499999999999984e-01,9.348199999999999843e-01,9.273000000000000687e-02,2.080799999999999872e-01,2.533400000000000096e-01,2.985900000000000221e-01,3.438399999999999790e-01,3.890899999999999914e-01,4.343500000000000139e-01,4.796000000000000263e-01,5.248500000000000387e-01,5.701000000000000512e-01,6.153499999999999526e-01,6.606100000000000305e-01,7.058600000000000430e-01,7.511100000000000554e-01,7.963599999999999568e-01,8.416200000000000347e-01,8.868700000000000472e-01,9.321199999999999486e-01,9.773699999999999610e-01,9.273000000000000687e-02,2.080799999999999872e-01,2.533400000000000096e-01,2.985900000000000221e-01,3.438399999999999790e-01,3.890899999999999914e-01,4.343500000000000139e-01,4.796000000000000263e-01,5.248500000000000387e-01,5.701000000000000512e-01,6.153499999999999526e-01,6.606100000000000305e-01,7.058600000000000430e-01,7.511100000000000554e-01,7.963599999999999568e-01,8.416200000000000347e-01,8.868700000000000472e-01,9.321199999999999486e-01,9.773699999999999610e-01,6.919000000000000150e-02,1.623100000000000098e-01,2.101800000000000057e-01,2.580500000000000016e-01,3.059100000000000152e-01,3.537799999999999834e-01,4.016500000000000070e-01,4.495199999999999751e-01,4.973899999999999988e-01,5.452500000000000124e-01,5.931199999999999806e-01,6.409899999999999487e-01,6.888600000000000279e-01,7.367299999999999960e-01,7.845900000000000096e-01,8.324599999999999778e-01,8.803299999999999459e-01,9.282000000000000250e-01,9.760699999999999932e-01,6.919000000000000150e-02,1.623100000000000098e-01,2.101800000000000057e-01,2.580500000000000016e-01,3.059100000000000152e-01,3.537799999999999834e-01,4.016500000000000070e-01,4.495199999999999751e-01,4.973899999999999988e-01,5.452500000000000124e-01,5.931199999999999806e-01,6.409899999999999487e-01,6.888600000000000279e-01,7.367299999999999960e-01,7.845900000000000096e-01,8.324599999999999778e-01,8.803299999999999459e-01,9.282000000000000250e-01,9.760699999999999932e-01
Xavg,3.212800000000000100e-01,3.212800000000000100e-01,3.212800000000000100e-01,3.212800000000000100e-01,3.212800000000000100e-01,3.212800000000000100e-01,3.212800000000000100e-01,3.212800000000000100e-01,3.212800000000000100e-01,3.212800000000000100e-01,3.212800000000000100e-01,3.212800000000000100e-01,3.212800000000000100e-01,3.212800000000000100e-01,3.212800000000000100e-01,3.212800000000000100e-01,3.212800000000000100e-01,3.212800000000000100e-01,3.212800000000000100e-01,3.212800000000000100e-01,3.212800000000000100e-01,3.212800000000000100e-01,3.212800000000000100e-01,3.212800000000000100e-01,3.212800000000000100e-01,3.212800000000000100e-01,3.212800000000000100e-01,3.212800000000000100e-01,5.160900000000000487e-01,5.160900000000000487e-01,5.160900000000000487e-01,5.160900000000000487e-01,5.160900000000000487e-01,5.160900000000000487e-01,5.160900000000000487e-01,5.160900000000000487e-01,5.160900000000000487e-01,5.160900000000000487e-01,5.160900000000000487e-01,5.160900000000000487e-01,5.160900000000000487e-01,5.160900000000000487e-01,5.160900000000000487e-01,5.160900000000000487e-01,5.160900000000000487e-01,5.160900000000000487e-01,5.160900000000000487e-01,5.160900000000000487e-01,5.160900000000000487e-01,5.160900000000000487e-01,5.160900000000000487e-01,5.160900000000000487e-01,5.160900000000000487e-01,5.160900000000000487e-01,5.160900000000000487e-01,5.160900000000000487e-01,3.990000000000000213e-01,3.990000000000000213e-01,3.990000000000000213e-01,3.990000000000000213e-01,3.990000000000000213e-01,3.990000000000000213e-01,3.990000000000000213e-01,3.990000000000000213e-01,3.990000000000000213e-01,3.990000000000000213e-01,2.700099999999999723e-01,2.700099999999999723e-01,2.700099999999999723e-01,2.700099999999999723e-01,2.700099999999999723e-01,2.700099999999999723e-01,2.700099999999999723e-01,2.700099999999999723e-01,2.700099999999999723e-01,2.700099999999999723e-01,2.700099999999999723e-01,2.700099999999999723e-01,2.700099999999999723e-01,2.700099999999999723e-01,2.700099999999999723e-01,2.700099999999999723e-01,2.700099999999999723e-01,2.700099999999999723e-01,2.700099999999999723e-01,2.700099999999999723e-01,2.700099999999999723e-01,2.700099999999999723e-01,2.700099999999999723e-01,2.700099999999999723e-01,2.700099999999999723e-01,2.700099999999999723e-01,2.700099999999999723e-01,2.700099999999999723e-01,2.700099999999999723e-01,2.700099999999999723e-01,2.700099999999999723e-01,2.700099999999999723e-01,2.700099999999999723e-01,2.700099999999999723e-01,2.700099999999999723e-01,2.700099999999999723e-01,2.700099999999999723e-01,2.700099999999999723e-01,3.791499999999999870e-01,3.791499999999999870e-01,3.791499999999999870e-01,3.791499999999999870e-01,3.791499999999999870e-01,3.791499999999999870e-01,3.791499999999999870e-01,3.791499999999999870e-01,3.791499999999999870e-01,3.791499999999999870e-01,3.791499999999999870e-01,3.791499999999999870e-01,3.791499999999999870e-01,3.791499999999999870e-01,3.791499999999999870e-01,3.791499999999999870e-01,3.791499999999999870e-01,3.791499999999999870e-01,3.791499999999999870e-01,3.791499999999999870e-01,3.791499999999999870e-01,3.791499999999999870e-01,3.791499999999999870e-01,3.791499999999999870e-01,3.791499999999999870e-01,3.791499999999999870e-01,3.791499999999999870e-01,3.791499999999999870e-01,3.791499999999999870e-01,3.791499999999999870e-01,3.791499999999999870e-01,3.791499999999999870e-01,3.791499999999999870e-01,3.791499999999999870e-01,3.791499999999999870e-01,3.791499999999999870e-01,3.791499999999999870e-01,3.791499999999999870e-01
Yavg,2.321000000000000146e-02,6.963999999999999357e-02,1.160700000000000065e-01,1.625000000000000056e-01,2.089300000000000046e-01,2.553599999999999759e-01,3.017900000000000027e-01,3.482100000000000195e-01,3.946399999999999908e-01,4.410700000000000176e-01,4.874999999999999889e-01,5.339300000000000157e-01,5.803599999999999870e-01,6.267899999999999583e-01,-2.321000000000000146e-02,-6.963999999999999357e-02,-1.160700000000000065e-01,-1.625000000000000056e-01,-2.089300000000000046e-01,-2.553599999999999759e-01,-3.017900000000000027e-01,-3.482100000000000195e-01,-3.946399999999999908e-01,-4.410700000000000176e-01,-4.874999999999999889e-01,-5.339300000000000157e-01,-5.803599999999999870e-01,-6.267899999999999583e-01,2.321000000000000146e-02,6.963999999999999357e-02,1.160700000000000065e-01,1.625000000000000056e-01,2.089300000000000046e-01,2.553599999999999759e-01,3.017900000000000027e-01,3.482100000000000195e-01,3.946399999999999908e-01,4.410700000000000176e-01,4.874999999999999889e-01,5.339300000000000157e-01,5.803599999999999870e-01,6.267899999999999583e-01,-2.321000000000000146e-02,-6.963999999999999357e-02,-1.160700000000000065e-01,-1.625000000000000056e-01,-2.089300000000000046e-01,-2.553599999999999759e-01,-3.017900000000000027e-01,-3.482100000000000195e-01,-3.946399999999999908e-01,-4.410700000000000176e-01,-4.874999999999999889e-01,-5.339300000000000157e-01,-5.803599999999999870e-01,-6.267899999999999583e-01,6.500000000000000222e-01,6.500000000000000222e-01,6.500000000000000222e-01,6.500000000000000222e-01,6.500000000000000222e-01,-6.500000000000000222e-01,-6.500000000000000222e-01,-6.500000000000000222e-01,-6.500000000000000222e-01,-6.500000000000000222e-01,4.934000000000000052e-01,4.934000000000000052e-01,4.934000000000000052e-01,4.934000000000000052e-01,4.934000000000000052e-01,4.934000000000000052e-01,4.934000000000000052e-01,4.934000000000000052e-01,4.934000000000000052e-01,4.934000000000000052e-01,4.934000000000000052e-01,4.934000000000000052e-01,4.934000000000000052e-01,4.934000000000000052e-01,4.934000000000000052e-01,4.934000000000000052e-01,4.934000000000000052e-01,4.934000000000000052e-01,4.934000000000000052e-01,-4.934000000000000052e-01,-4.934000000000000052e-01,-4.934000000000000052e-01,-4.934000000000000052e-01,-4.934000000000000052e-01,-4.934000000000000052e-01,-4.934000000000000052e-01,-4.934000000000000052e-01,-4.934000000000000052e-01,-4.934000000000000052e-01,-4.934000000000000052e-01,-4.934000000000000052e-01,-4.934000000000000052e-01,-4.934000000000000052e-01,-4.934000000000000052e-01,-4.934000000000000052e-01,-4.934000000000000052e-01,-4.934000000000000052e-01,-4.934000000000000052e-01,5.476299999999999502e-01,5.476299999999999502e-01,5.476299999999999502e-01,5.476299999999999502e-01,5.476299999999999502e-01,5.476299999999999502e-01,5.476299999999999502e-01,5.476299999999999502e-01,5.476299999999999502e-01,5.476299999999999502e-01,5.476299999999999502e-01,5.476299999999999502e-01,5.476299999999999502e-01,5.476299999999999502e-01,5.476299999999999502e-01,5.476299999999999502e-01,5.476299999999999502e-01,5.476299999999999502e-01,5.476299999999999502e-01,-5.476299999999999502e-01,-5.476299999999999502e-01,-5.476299999999999502e-01,-5.476299999999999502e-01,-5.476299999999999502e-01,-5.476299999999999502e-01,-5.476299999999999502e-01,-5.476299999999999502e-01,-5.476299999999999502e-01,-5.476299999999999502e-01,-5.476299999999999502e-01,-5.476299999999999502e-01,-5.476299999999999502e-01,-5.476299999999999502e-01,-5.476299999999999502e-01,-5.476299999999999502e-01,-5.476299999999999502e-01,-5.476299999999999502e-01,-5.476299999999999502e-01
Zavg,5.018000000000000238e-02,5.018000000000000238e-02,5.018000000000000238e-02,5.018000000000000238e-02,5.018000000000000238e-02,5.018000000000000238e-02,5.018000000000000238e-02,5.018000000000000238e-02,5.018000000000000238e-02,5.018000000000000238e-02,5.018000000000000238e-02,5.018000000000000238e-02,5.018000000000000238e-02,5.018000000000000238e-02,5.018000000000000238e-02,5.018000000000000238e-02,5.018000000000000238e-02,5.018000000000000238e-02,5.018000000000000238e-02,5.018000000000000238e-02,5.018000000000000238e-02,5.018000000000000238e-02,5.018000000000000238e-02,5.018000000000000238e-02,5.018000000000000238e-02,5.018000000000000238e-02,5.018000000000000238e-02,5.018000000000000238e-02,1.169300000000000062e-01,1.169300000000000062e-01,1.169300000000000062e-01,1.169300000000000062e-01,1.169300000000000062e-01,1.169300000000000062e-01,1.169300000000000062e-01,1.169300000000000062e-01,1.169300000000000062e-01,1.169300000000000062e-01,1.169300000000000062e-01,1.169300000000000062e-01,1.169300000000000062e-01,1.169300000000000062e-01,1.169300000000000062e-01,1.169300000000000062e-01,1.169300000000000062e-01,1.169300000000000062e-01,1.169300000000000062e-01,1.169300000000000062e-01,1.169300000000000062e-01,1.169300000000000062e-01,1.169300000000000062e-01,1.169300000000000062e-01,1.169300000000000062e-01,1.169300000000000062e-01,1.169300000000000062e-01,1.169300000000000062e-01,2.568000000000000144e-02,5.868000000000000299e-02,9.167999999999999761e-02,1.246799999999999992e-01,1.576799999999999868e-01,2.568000000000000144e-02,5.868000000000000299e-02,9.167999999999999761e-02,1.246799999999999992e-01,1.576799999999999868e-01,6.471000000000000363e-02,7.575999999999999401e-02,8.680999999999999828e-02,9.786999999999999866e-02,1.089200000000000029e-01,1.199699999999999933e-01,1.310300000000000076e-01,1.420800000000000118e-01,1.531299999999999883e-01,1.641799999999999926e-01,1.752400000000000069e-01,1.862900000000000111e-01,1.973399999999999876e-01,2.083899999999999919e-01,2.194500000000000062e-01,2.305000000000000104e-01,2.415499999999999869e-01,2.525999999999999912e-01,2.636600000000000055e-01,6.471000000000000363e-02,7.575999999999999401e-02,8.680999999999999828e-02,9.786999999999999866e-02,1.089200000000000029e-01,1.199699999999999933e-01,1.310300000000000076e-01,1.420800000000000118e-01,1.531299999999999883e-01,1.641799999999999926e-01,1.752400000000000069e-01,1.862900000000000111e-01,1.973399999999999876e-01,2.083899999999999919e-01,2.194500000000000062e-01,2.305000000000000104e-01,2.415499999999999869e-01,2.525999999999999912e-01,2.636600000000000055e-01,6.471000000000000363e-02,7.575999999999999401e-02,8.680999999999999828e-02,9.786999999999999866e-02,1.089200000000000029e-01,1.199699999999999933e-01,1.310300000000000076e-01,1.420800000000000118e-01,1.531299999999999883e-01,1.641799999999999926e-01,1.752400000000000069e-01,1.862900000000000111e-01,1.973399999999999876e-01,2.083899999999999919e-01,2.194500000000000062e-01,2.305000000000000104e-01,2.415499999999999869e-01,2.525999999999999912e-01,2.636600000000000055e-01,6.471000000000000363e-02,7.575999999999999401e-02,8.680999999999999828e-02,9.786999999999999866e-02,1.089200000000000029e-01,1.199699999999999933e-01,1.310300000000000076e-01,1.420800000000000118e-01,1.531299999999999883e-01,1.641799999999999926e-01,1.752400000000000069e-01,1.862900000000000111e-01,1.973399999999999876e-01,2.083899999999999919e-01,2.194500000000000062e-01,2.305000000000000104e-01,2.415499999999999869e-01,2.525999999999999912e-01,2.636600000000000055e-01
V/Vref,1.491340000000000110e+00,1.492010000000000058e+00,1.484240000000000004e+00,1.484730000000000105e+00,1.464390000000000081e+00,1.466579999999999995e+00,1.463070000000000093e+00,1.466509999999999980e+00,1.451940000000000008e+00,1.468210000000000015e+00,1.456599999999999895e+00,1.507719999999999949e+00,1.509179999999999966e+00,1.329590000000000050e+00,1.491270000000000095e+00,1.491780000000000106e+00,1.487100000000000088e+00,1.487789999999999946e+00,1.475689999999999946e+00,1.475090000000000012e+00,1.477819999999999911e+00,1.481559999999999988e+00,1.480359999999999898e+00,1.494790000000000063e+00,1.484830000000000094e+00,1.528920000000000057e+00,1.510490000000000110e+00,1.300570000000000004e+00,9.593099999999999961e-01,9.834600000000000009e-01,1.021749999999999936e+00,1.021409999999999929e+00,1.051409999999999956e+00,1.082000000000000073e+00,1.100710000000000077e+00,1.118910000000000071e+00,1.134100000000000108e+00,1.147350000000000092e+00,1.163569999999999993e+00,1.319560000000000066e+00,1.821050000000000058e+00,1.314259999999999984e+00,9.470499999999999474e-01,9.499800000000000466e-01,9.517099999999999449e-01,9.515000000000000124e-01,9.696000000000000174e-01,9.768200000000000216e-01,1.023830000000000018e+00,1.028759999999999897e+00,1.091280000000000028e+00,1.105099999999999971e+00,1.182369999999999921e+00,1.318570000000000020e+00,1.714979999999999949e+00,1.512049999999999894e+00,1.113860000000000072e+00,9.509900000000000020e-01,1.115660000000000096e+00,8.288400000000000212e-01,9.393399999999999528e-01,1.080850000000000088e+00,8.628900000000000459e-01,1.218320000000000070e+00,8.500499999999999723e-01,3.274000000000000243e-01,7.940899999999999626e-01,8.902400000000000313e-01,9.953899999999999970e-01,1.002780000000000005e+00,1.004159999999999942e+00,1.006879999999999997e+00,1.011870000000000047e+00,1.012829999999999897e+00,1.040859999999999896e+00,1.040629999999999944e+00,1.037779999999999925e+00,1.049819999999999975e+00,1.049400000000000110e+00,1.044059999999999988e+00,1.036929999999999907e+00,1.042040000000000077e+00,1.032019999999999937e+00,1.010720000000000063e+00,9.932199999999999918e-01,7.839500000000000357e-01,8.833100000000000396e-01,9.927399999999999558e-01,1.000240000000000018e+00,1.001160000000000050e+00,1.003910000000000080e+00,1.008909999999999973e+00,1.009889999999999954e+00,1.039670000000000094e+00,1.039439999999999920e+00,1.036559999999999926e+00,1.049220000000000041e+00,1.049239999999999950e+00,1.043919999999999959e+00,1.036790000000000100e+00,1.042729999999999935e+00,1.032669999999999977e+00,1.011230000000000073e+00,9.936000000000000387e-01,8.605000000000000426e-01,8.792200000000000015e-01,9.040700000000000403e-01,8.987699999999999578e-01,8.508599999999999497e-01,8.510799999999999477e-01,8.397799999999999709e-01,8.405099999999999794e-01,8.473300000000000276e-01,8.468200000000000172e-01,8.448799999999999644e-01,8.500299999999999523e-01,8.617599999999999705e-01,8.577799999999999869e-01,8.553199999999999692e-01,8.502899999999999903e-01,8.479600000000000470e-01,8.263899999999999579e-01,8.047800000000000509e-01,8.647200000000000442e-01,8.672199999999999909e-01,8.896300000000000319e-01,8.842900000000000205e-01,8.424800000000000066e-01,8.430199999999999916e-01,8.333800000000000097e-01,8.341600000000000126e-01,8.458200000000000163e-01,8.453399999999999803e-01,8.432600000000000096e-01,8.496099999999999763e-01,8.614000000000000545e-01,8.571100000000000385e-01,8.545800000000000063e-01,8.505300000000000082e-01,8.477599999999999580e-01,8.246799999999999686e-01,7.962599999999999678e-01
FC_Xcg_,2.954149999999999832e-01
cz,-5.377069999999999794e+00,-5.331150000000000055e+00,-5.252379999999999605e+00,-5.160020000000000273e+00,-5.037600000000000300e+00,-4.900299999999999656e+00,-4.744069999999999787e+00,-4.568819999999999659e+00,-4.350019999999999776e+00,-4.111290000000000333e+00,-3.771819999999999951e+00,-3.378550000000000164e+00,-2.681839999999999780e+00,-2.615229999999999944e+00,-5.399709999999999788e+00,-5.399300000000000210e+00,-5.374229999999999841e+00,-5.321979999999999933e+00,-5.242630000000000123e+00,-5.144070000000000142e+00,-5.019429999999999836e+00,-4.871190000000000353e+00,-4.675749999999999851e+00,-4.460939999999999905e+00,-4.129500000000000171e+00,-3.716660000000000075e+00,-2.852489999999999970e+00,-2.676509999999999945e+00,-1.209689999999999932e+00,-1.259919999999999929e+00,-1.302179999999999893e+00,-1.480150000000000077e+00,-1.618589999999999973e+00,-1.730229999999999935e+00,-1.798880000000000035e+00,-1.839609999999999967e+00,-1.900430000000000064e+00,-2.032979999999999787e+00,-2.502130000000000187e+00,-3.765400000000000080e+00,-4.996699999999999697e+00,-3.499039999999999928e+00,-1.151790000000000092e+00,-1.125559999999999894e+00,-1.067329999999999890e+00,-1.149259999999999948e+00,-1.165710000000000024e+00,-1.211019999999999985e+00,-1.302329999999999988e+00,-1.387590000000000101e+00,-1.600060000000000038e+00,-1.891950000000000021e+00,-2.454050000000000065e+00,-3.768670000000000186e+00,-5.387010000000000076e+00,-4.364379999999999704e+00,1.490119999999999889e+00,3.140559999999999796e+00,2.226809999999999956e+00,4.820800000000000085e-01,-9.428000000000000269e-02,1.537910000000000110e+00,5.266060000000000407e+00,4.195960000000000356e+00,8.247999999999999776e-01,3.569800000000000195e-01,-3.189999999999999780e-02,-3.577999999999999931e-02,-1.600000000000000077e-03,2.739999999999999814e-03,0.000000000000000000e+00,-5.699999999999999772e-04,-4.000000000000000327e-05,1.000000000000000048e-04,4.000000000000000327e-05,2.000000000000000164e-05,-5.000000000000000240e-05,-5.000000000000000240e-05,2.500000000000000052e-04,5.699999999999999772e-04,5.100000000000000366e-04,1.020000000000000073e-03,3.870000000000000176e-03,1.619999999999999912e-02,1.315999999999999982e-02,-3.375999999999999834e-02,-3.844000000000000195e-02,-2.660000000000000038e-03,2.299999999999999961e-03,-3.400000000000000244e-04,-9.300000000000000541e-04,-2.799999999999999755e-04,4.000000000000000327e-05,8.000000000000000654e-05,1.399999999999999877e-04,1.900000000000000105e-04,2.700000000000000035e-04,6.599999999999999964e-04,1.030000000000000100e-03,1.000000000000000021e-03,1.590000000000000050e-03,4.590000000000000330e-03,1.738999999999999921e-02,1.393999999999999927e-02,-6.182499999999999662e-01,-6.953200000000000491e-01,-6.450999999999999790e-02,1.478999999999999933e-02,-2.510000000000000078e-03,-7.100000000000000408e-03,-2.399999999999999790e-03,3.299999999999999982e-04,1.639999999999999965e-03,2.969999999999999984e-03,3.759999999999999887e-03,4.850000000000000144e-03,8.380000000000000296e-03,1.221999999999999996e-02,1.465999999999999942e-02,2.132999999999999827e-02,6.210000000000000242e-02,2.906900000000000039e-01,2.418700000000000017e-01,-6.018700000000000161e-01,-6.707400000000000029e-01,-5.127000000000000307e-02,2.044999999999999943e-02,-1.619999999999999912e-03,-6.890000000000000291e-03,-2.560000000000000209e-03,1.600000000000000131e-04,1.629999999999999939e-03,3.320000000000000034e-03,4.599999999999999922e-03,6.119999999999999572e-03,1.024000000000000084e-02,1.469999999999999953e-02,1.786000000000000087e-02,2.548999999999999877e-02,7.012000000000000177e-02,3.160800000000000276e-01,2.615600000000000147e-01
Results_Name,VSPAERO_Comp_Load
Results_Timestamp,1757699039
Results_Date,9,12,2025
Results_Time,19,43,59
Comp_ID,0,1,2,3,4,5,6,7,8,9,10,11,12,13,14,15,16,17,18,19,20,21,22
Comp_Name,NONE,WingGeom_main,WingGeom_main,WingGeom_sec,WingGeom_sec,WingGeom_endplate,WingGeom_endplate,WingGeom_outwash,WingGeom_outwash,WingGeom_outwash2,WingGeom_outwash2,Musetto,Musetto,Musetto,Musetto,rightTyre,rightTyre,rightTyre,rightTyre,leftTyre,leftTyre,leftTyre,leftTyre
CL,0.000000000000000000e+00,-2.229639999999999844e+00,-2.338950000000000085e+00,-4.525600000000000178e-01,-4.246300000000000074e-01,2.758800000000000141e-01,4.638399999999999745e-01,-1.499999999999999869e-04,-1.600000000000000131e-04,-2.409999999999999816e-03,-1.979999999999999989e-03,0.000000000000000000e+00,0.000000000000000000e+00,0.000000000000000000e+00,0.000000000000000000e+00,0.000000000000000000e+00,0.000000000000000000e+00,0.000000000000000000e+00,0.000000000000000000e+00,0.000000000000000000e+00,0.000000000000000000e+00,0.000000000000000000e+00,0.000000000000000000e+00
Cmz,0.000000000000000000e+00,-2.099000000000000171e-02,2.053999999999999923e-02,-5.072000000000000119e-02,5.099999999999999672e-02,-6.579999999999999738e-02,1.641499999999999904e-01,5.190000000000000169e-03,-5.230000000000000274e-03,-2.581999999999999920e-02,2.580000000000000002e-02,8.300000000000000086e-03,-6.749999999999999924e-03,-6.099999999999999737e-04,1.860000000000000108e-03,-1.868999999999999828e-02,-9.100000000000000450e-03,-1.044599999999999973e-01,-8.236999999999999877e-02,-7.669999999999999735e-03,2.809999999999999998e-03,-7.750999999999999557e-02,-1.033400000000000013e-01
CFx,0.000000000000000000e+00,6.424000000000000543e-02,6.279999999999999472e-02,1.765899999999999970e-01,1.679400000000000059e-01,-2.205000000000000016e-02,1.994100000000000039e-01,-6.779999999999999569e-03,-6.850000000000000186e-03,5.029000000000000137e-02,5.016000000000000320e-02,0.000000000000000000e+00,0.000000000000000000e+00,0.000000000000000000e+00,0.000000000000000000e+00,0.000000000000000000e+00,0.000000000000000000e+00,0.000000000000000000e+00,0.000000000000000000e+00,0.000000000000000000e+00,0.000000000000000000e+00,0.000000000000000000e+00,0.000000000000000000e+00
AoA,0.000000000000000000e+00,0.000000000000000000e+00,0.000000000000000000e+00,0.000000000000000000e+00,0.000000000000000000e+00,0.000000000000000000e+00,0.000000000000000000e+00,0.000000000000000000e+00,0.000000000000000000e+00,0.000000000000000000e+00,0.000000000000000000e+00,0.000000000000000000e+00,0.000000000000000000e+00,0.000000000000000000e+00,0.000000000000000000e+00,0.000000000000000000e+00,0.000000000000000000e+00,0.000000000000000000e+00,0.000000000000000000e+00,0.000000000000000000e+00,0.000000000000000000e+00,0.000000000000000000e+00,0.000000000000000000e+00
Beta,0.000000000000000000e+00,0.000000000000000000e+00,0.000000000000000000e+00,0.000000000000000000e+00,0.000000000000000000e+00,0.000000000000000000e+00,0.000000000000000000e+00,0.000000000000000000e+00,0.000000000000000000e+00,0.000000000000000000e+00,0.000000000000000000e+00,0.000000000000000000e+00,0.000000000000000000e+00,0.000000000000000000e+00,0.000000000000000000e+00,0.000000000000000000e+00,0.000000000000000000e+00,0.000000000000000000e+00,0.000000000000000000e+00,0.000000000000000000e+00,0.000000000000000000e+00,0.000000000000000000e+00,0.000000000000000000e+00
Cmx,0.000000000000000000e+00,-4.955800000000000205e-01,5.265199999999999880e-01,-1.376400000000000123e-01,1.364400000000000057e-01,5.897000000000000158e-02,-1.656499999999999917e-01,8.499999999999999526e-04,-8.800000000000000313e-04,-1.254000000000000080e-02,1.242000000000000048e-02,-2.239999999999999804e-03,2.180000000000000080e-03,1.000000000000000048e-04,-6.999999999999999387e-05,-1.061999999999999923e-02,-1.360000000000000098e-03,-2.294700000000000073e-01,-7.660000000000000142e-03,-3.579999999999999849e-03,-1.825999999999999845e-02,1.649500000000000133e-01,7.450000000000000025e-03
Mach,5.000000000000000278e-02,5.000000000000000278e-02,5.000000000000000278e-02,5.000000000000000278e-02,5.000000000000000278e-02,5.000000000000000278e-02,5.000000000000000278e-02,5.000000000000000278e-02,5.000000000000000278e-02,5.000000000000000278e-02,5.000000000000000278e-02,5.000000000000000278e-02,5.000000000000000278e-02,5.000000000000000278e-02,5.000000000000000278e-02,5.000000000000000278e-02,5.000000000000000278e-02,5.000000000000000278e-02,5.000000000000000278e-02,5.000000000000000278e-02,5.000000000000000278e-02,5.000000000000000278e-02,5.000000000000000278e-02
CDi,0.000000000000000000e+00,6.424000000000000543e-02,6.279999999999999472e-02,1.765899999999999970e-01,1.679400000000000059e-01,-2.205000000000000016e-02,1.994100000000000039e-01,-6.779999999999999569e-03,-6.850000000000000186e-03,5.029000000000000137e-02,5.016000000000000320e-02,0.000000000000000000e+00,0.000000000000000000e+00,0.000000000000000000e+00,0.000000000000000000e+00,0.000000000000000000e+00,0.000000000000000000e+00,0.000000000000000000e+00,0.000000000000000000e+00,0.000000000000000000e+00,0.000000000000000000e+00,0.000000000000000000e+00,0.000000000000000000e+00
Cmy,0.000000000000000000e+00,5.800999999999999907e-02,6.174000000000000321e-02,2.034100000000000075e-01,1.908299999999999996e-01,-1.432400000000000062e-01,-3.942599999999999993e-01,2.959999999999999958e-03,2.980000000000000010e-03,-2.231999999999999956e-02,-2.250999999999999876e-02,2.486000000000000015e-02,1.362000000000000016e-02,-1.180000000000000059e-03,1.369999999999999907e-03,7.306999999999999607e-02,-2.426000000000000031e-02,1.168260000000000076e+00,4.476000000000000117e-02,-4.299999999999999656e-02,-8.394000000000000072e-02,1.064400000000000013e+00,6.368999999999999662e-02
CFy,0.000000000000000000e+00,-1.051999999999999984e-02,9.119999999999999635e-03,1.797999999999999945e-02,-2.154999999999999971e-02,-4.609699999999999909e-01,3.811200000000000143e-01,8.170000000000000179e-03,-8.540000000000000716e-03,-1.049500000000000016e-01,1.055200000000000027e-01,0.000000000000000000e+00,0.000000000000000000e+00,0.000000000000000000e+00,0.000000000000000000e+00,0.000000000000000000e+00,0.000000000000000000e+00,0.000000000000000000e+00,0.000000000000000000e+00,0.000000000000000000e+00,0.000000000000000000e+00,0.000000000000000000e+00,0.000000000000000000e+00
Cs,0.000000000000000000e+00,-1.051999999999999984e-02,9.119999999999999635e-03,1.797999999999999945e-02,-2.154999999999999971e-02,-4.609699999999999909e-01,3.811200000000000143e-01,8.170000000000000179e-03,-8.540000000000000716e-03,-1.049500000000000016e-01,1.055200000000000027e-01,0.000000000000000000e+00,0.000000000000000000e+00,0.000000000000000000e+00,0.000000000000000000e+00,0.000000000000000000e+00,0.000000000000000000e+00,0.000000000000000000e+00,0.000000000000000000e+00,0.000000000000000000e+00,0.000000000000000000e+00,0.000000000000000000e+00,0.000000000000000000e+00
CFz,0.000000000000000000e+00,-2.229639999999999844e+00,-2.338950000000000085e+00,-4.525600000000000178e-01,-4.246300000000000074e-01,2.758800000000000141e-01,4.638399999999999745e-01,-1.499999999999999869e-04,-1.600000000000000131e-04,-2.409999999999999816e-03,-1.979999999999999989e-03,0.000000000000000000e+00,0.000000000000000000e+00,0.000000000000000000e+00,0.000000000000000000e+00,0.000000000000000000e+00,0.000000000000000000e+00,0.000000000000000000e+00,0.000000000000000000e+00,0.000000000000000000e+00,0.000000000000000000e+00,0.000000000000000000e+00,0.000000000000000000e+00
Results_Name,CpSlice_Wrapper
Results_Timestamp,1757699040
Results_Date,9,12,2025
Results_Time,19,44,0
CpSlice_Case_ID_Vec,ULUKRAJ
Num_Cuts,1
Results_Name,CpSlicer_Case
Results_Timestamp,1757699040
Results_Date,9,12,2025
Results_Time,19,44,0
Beta,0.000000000000000000e+00
dCp,3.715999999999999859e-01,3.715999999999999859e-01,8.511999999999999567e-01,8.511999999999999567e-01,1.440700000000000092e+00,1.440700000000000092e+00,1.937699999999999978e+00,1.937699999999999978e+00,2.386899999999999800e+00,2.386899999999999800e+00,2.816100000000000048e+00,2.816100000000000048e+00,3.233900000000000219e+00,3.233900000000000219e+00,3.645199999999999996e+00,3.645199999999999996e+00,4.058300000000000018e+00,4.058300000000000018e+00,4.476799999999999891e+00,4.476799999999999891e+00,4.898200000000000109e+00,4.898200000000000109e+00,5.326200000000000045e+00,5.326200000000000045e+00,5.764400000000000190e+00,5.764400000000000190e+00,6.189400000000000013e+00,6.189400000000000013e+00,6.543300000000000338e+00,6.543300000000000338e+00,6.762400000000000411e+00,6.762400000000000411e+00,6.813900000000000290e+00,6.813900000000000290e+00,6.708099999999999952e+00,6.708099999999999952e+00,6.483399999999999608e+00,6.483399999999999608e+00,6.179700000000000415e+00,6.179700000000000415e+00,5.826200000000000045e+00,5.826200000000000045e+00,5.446900000000000297e+00,5.446900000000000297e+00,5.074600000000000222e+00,5.074600000000000222e+00,4.769800000000000040e+00,4.769800000000000040e+00,4.657000000000000028e+00,4.657000000000000028e+00,4.993500000000000050e+00,4.993500000000000050e+00,6.318299999999999805e+00,6.318299999999999805e+00,9.590299999999999159e+00,9.590299999999999159e+00,1.665960000000000107e+01,1.665960000000000107e+01,2.717239999999999966e+01,2.717239999999999966e+01,3.694279999999999831e+01,3.613000000000000100e-01,3.613000000000000100e-01,8.279999999999999583e-01,8.279999999999999583e-01,1.402199999999999891e+00,1.402199999999999891e+00,1.886600000000000055e+00,1.886600000000000055e+00,2.326000000000000068e+00,2.326000000000000068e+00,2.748600000000000154e+00,2.748600000000000154e+00,3.169599999999999973e+00,3.169599999999999973e+00,3.608499999999999819e+00,3.608499999999999819e+00,4.072400000000000020e+00,4.072400000000000020e+00,4.537399999999999878e+00,4.537399999999999878e+00,4.980199999999999960e+00,4.980199999999999960e+00,5.410700000000000287e+00,5.410700000000000287e+00,5.847000000000000419e+00,5.847000000000000419e+00,6.271499999999999631e+00,6.271499999999999631e+00,6.625200000000000422e+00,6.625200000000000422e+00,6.842800000000000438e+00,6.842800000000000438e+00,6.892000000000000348e+00,6.892000000000000348e+00,6.783900000000000041e+00,6.783900000000000041e+00,6.556499999999999773e+00,6.556499999999999773e+00,6.249600000000000044e+00,6.249600000000000044e+00,5.892500000000000071e+00,5.892500000000000071e+00,5.509800000000000253e+00,5.509800000000000253e+00,5.135100000000000442e+00,5.135100000000000442e+00,4.829500000000000348e+00,4.829500000000000348e+00,4.719599999999999795e+00,4.719599999999999795e+00,5.065900000000000070e+00,5.065900000000000070e+00,6.414600000000000080e+00,6.414600000000000080e+00,9.736700000000000799e+00,9.736700000000000799e+00,1.690439999999999898e+01,1.690439999999999898e+01,2.755399999999999849e+01,2.755399999999999849e+01,3.744720000000000226e+01,-7.689999999999999614e-02,-7.689999999999999614e-02,-1.975000000000000089e-01,-1.975000000000000089e-01,-3.922999999999999821e-01,-3.922999999999999821e-01,-6.262999999999999678e-01,-6.262999999999999678e-01,-8.830999999999999961e-01,-8.830999999999999961e-01,-1.120000000000000107e+00,-1.120000000000000107e+00,-1.293099999999999916e+00,-1.293099999999999916e+00,-1.393299999999999983e+00,-1.393299999999999983e+00,-1.449500000000000011e+00,-1.449500000000000011e+00,-1.493200000000000083e+00,-1.493200000000000083e+00,-1.529099999999999904e+00,-1.529099999999999904e+00,-1.547400000000000109e+00,-1.547400000000000109e+00,-1.552300000000000013e+00,-1.552300000000000013e+00,-1.556100000000000039e+00,-1.556100000000000039e+00,-1.556899999999999951e+00,-1.556899999999999951e+00,-1.542699999999999960e+00,-1.542699999999999960e+00,-1.503400000000000070e+00,-1.503400000000000070e+00,-1.432700000000000085e+00,-1.432700000000000085e+00,-1.331299999999999928e+00,-1.331299999999999928e+00,-1.210599999999999898e+00,-1.210599999999999898e+00,-1.091399999999999926e+00,-1.091399999999999926e+00,-1.001400000000000068e+00,-1.001400000000000068e+00,-9.821999999999999620e-01,-9.821999999999999620e-01,-1.120800000000000018e+00,-1.120800000000000018e+00,-1.573600000000000110e+00,-1.573600000000000110e+00,-2.313200000000000145e+00,-2.313200000000000145e+00,-2.912399999999999878e+00,-6.829999999999999960e-02,-6.829999999999999960e-02,-1.759000000000000008e-01,-1.759000000000000008e-01,-3.512000000000000122e-01,-3.512000000000000122e-01,-5.628999999999999559e-01,-5.628999999999999559e-01,-7.949000000000000510e-01,-7.949000000000000510e-01,-1.007100000000000106e+00,-1.007100000000000106e+00,-1.159000000000000030e+00,-1.159000000000000030e+00,-1.241900000000000004e+00,-1.241900000000000004e+00,-1.280899999999999928e+00,-1.280899999999999928e+00,-1.306899999999999951e+00,-1.306899999999999951e+00,-1.335599999999999898e+00,-1.335599999999999898e+00,-1.368500000000000050e+00,-1.368500000000000050e+00,-1.402500000000000080e+00,-1.402500000000000080e+00,-1.432800000000000074e+00,-1.432800000000000074e+00,-1.451400000000000023e+00,-1.451400000000000023e+00,-1.448199999999999932e+00,-1.448199999999999932e+00,-1.414400000000000102e+00,-1.414400000000000102e+00,-1.345699999999999896e+00,-1.345699999999999896e+00,-1.244499999999999940e+00,-1.244499999999999940e+00,-1.123499999999999943e+00,-1.123499999999999943e+00,-1.005500000000000060e+00,-1.005500000000000060e+00,-9.184999999999999831e-01,-9.184999999999999831e-01,-8.971999999999999975e-01,-8.971999999999999975e-01,-1.016199999999999992e+00,-1.016199999999999992e+00,-1.422199999999999909e+00,-1.422199999999999909e+00,-2.096699999999999786e+00,-2.096699999999999786e+00,-2.646599999999999842e+00,6.014000000000000457e-01,6.014000000000000457e-01,6.014000000000000457e-01,6.014000000000000457e-01,2.034800000000000164e+00,2.034800000000000164e+00,1.673999999999999932e+00,1.673999999999999932e+00,1.218099999999999961e+00,1.218099999999999961e+00,8.934999999999999609e-01,8.934999999999999609e-01,6.781000000000000361e-01,6.781000000000000361e-01,5.241999999999999993e-01,5.241999999999999993e-01,3.996999999999999997e-01,3.996999999999999997e-01,2.892000000000000126e-01,2.892000000000000126e-01,1.925000000000000044e-01,1.925000000000000044e-01,1.089999999999999997e-01,1.089999999999999997e-01,3.020000000000000115e-02,3.020000000000000115e-02,-4.909999999999999781e-02,-4.909999999999999781e-02,-1.250999999999999890e-01,-1.250999999999999890e-01,-1.940000000000000058e-01,-1.940000000000000058e-01,-2.575000000000000067e-01,-2.575000000000000067e-01,-3.165000000000000036e-01,-3.165000000000000036e-01,-3.655999999999999805e-01,-3.655999999999999805e-01,-3.970000000000000195e-01,-3.970000000000000195e-01,-4.047000000000000042e-01,-4.047000000000000042e-01,-3.855000000000000093e-01,-3.855000000000000093e-01,-3.492000000000000104e-01,-3.492000000000000104e-01,-2.994999999999999885e-01,-2.994999999999999885e-01,-2.442999999999999894e-01,-2.442999999999999894e-01,-1.907000000000000084e-01,-1.907000000000000084e-01,-1.472999999999999865e-01,-1.472999999999999865e-01,-1.175999999999999962e-01,-1.175999999999999962e-01,-9.779999999999999805e-02,-9.779999999999999805e-02,-8.229999999999999816e-02,-8.229999999999999816e-02,-6.679999999999999827e-02,-6.679999999999999827e-02,-4.800000000000000100e-02,-4.800000000000000100e-02,-2.510000000000000078e-02,-2.510000000000000078e-02,-3.000000000000000062e-03,-3.000000000000000062e-03,6.599999999999999964e-03,6.599999999999999964e-03,-7.499999999999999722e-03,-7.499999999999999722e-03,-3.370000000000000079e-02,-3.370000000000000079e-02,-6.990000000000000380e-02,-6.990000000000000380e-02,-9.940000000000000224e-02,-9.940000000000000224e-02,-9.679999999999999716e-02,-9.679999999999999716e-02,-2.479999999999999913e-02,-2.479999999999999913e-02,1.418999999999999984e-01,1.418999999999999984e-01,3.270000000000000129e-01,3.270000000000000129e-01,4.827000000000000179e-01,4.827000000000000179e-01,5.499000000000000554e-01,5.123999999999999666e-01,5.123999999999999666e-01,5.123999999999999666e-01,5.123999999999999666e-01,2.044200000000000017e+00,2.044200000000000017e+00,1.682700000000000085e+00,1.682700000000000085e+00,1.226199999999999957e+00,1.226199999999999957e+00,9.018000000000000460e-01,9.018000000000000460e-01,6.870000000000000551e-01,6.870000000000000551e-01,5.335999999999999632e-01,5.335999999999999632e-01,4.093999999999999861e-01,4.093999999999999861e-01,2.992000000000000215e-01,2.992000000000000215e-01,2.030000000000000138e-01,2.030000000000000138e-01,1.200999999999999984e-01,1.200999999999999984e-01,4.270000000000000184e-02,4.270000000000000184e-02,-3.359999999999999792e-02,-3.359999999999999792e-02,-1.055999999999999994e-01,-1.055999999999999994e-01,-1.713000000000000078e-01,-1.713000000000000078e-01,-2.336000000000000021e-01,-2.336000000000000021e-01,-2.924999999999999822e-01,-2.924999999999999822e-01,-3.420000000000000262e-01,-3.420000000000000262e-01,-3.744000000000000106e-01,-3.744000000000000106e-01,-3.842999999999999750e-01,-3.842999999999999750e-01,-3.689999999999999947e-01,-3.689999999999999947e-01,-3.371000000000000107e-01,-3.371000000000000107e-01,-2.929999999999999827e-01,-2.929999999999999827e-01,-2.449999999999999956e-01,-2.449999999999999956e-01,-1.990999999999999992e-01,-1.990999999999999992e-01,-1.607999999999999985e-01,-1.607999999999999985e-01,-1.323000000000000009e-01,-1.323000000000000009e-01,-1.105000000000000010e-01,-1.105000000000000010e-01,-9.229999999999999316e-02,-9.229999999999999316e-02,-7.670000000000000429e-02,-7.670000000000000429e-02,-6.250000000000000000e-02,-6.250000000000000000e-02,-4.590000000000000330e-02,-4.590000000000000330e-02,-2.659999999999999865e-02,-2.659999999999999865e-02,-1.290000000000000001e-02,-1.290000000000000001e-02,-1.480000000000000066e-02,-1.480000000000000066e-02,-3.099999999999999978e-02,-3.099999999999999978e-02,-5.670000000000000040e-02,-5.670000000000000040e-02,-7.969999999999999307e-02,-7.969999999999999307e-02,-7.950000000000000122e-02,-7.950000000000000122e-02,-2.380000000000000171e-02,-2.380000000000000171e-02,1.145000000000000046e-01,1.145000000000000046e-01,2.737999999999999878e-01,2.737999999999999878e-01,4.099999999999999756e-01,4.099999999999999756e-01,4.672999999999999932e-01,-9.199999999999999845e-03,-9.199999999999999845e-03,-1.030000000000000013e-02,-4.809999999999999692e-02,-3.649999999999999772e-02,-3.649999999999999772e-02,-4.809999999999999692e-02,-4.809999999999999692e-02,-3.649999999999999772e-02,1.020000000000000073e-02,1.420000000000000082e-02,1.420000000000000082e-02,1.020000000000000073e-02,1.020000000000000073e-02,1.420000000000000082e-02,-1.099999999999999936e-02,-1.220000000000000077e-02,-1.220000000000000077e-02,-1.030000000000000013e-02,-1.110000000000000049e-02,-2.670000000000000151e-02,-2.670000000000000151e-02,-3.649999999999999772e-02,-2.670000000000000151e-02,2.189999999999999933e-02,2.189999999999999933e-02,1.420000000000000082e-02,2.189999999999999933e-02,-1.540000000000000049e-02,-1.540000000000000049e-02,-1.179999999999999973e-02,-1.179999999999999973e-02,-2.670000000000000151e-02,-2.069999999999999965e-02,-2.069999999999999965e-02,-2.069999999999999965e-02,2.189999999999999933e-02,1.629999999999999852e-02,1.629999999999999852e-02,1.629999999999999852e-02,-1.540000000000000049e-02,-1.129999999999999928e-02,-1.220000000000000077e-02,-1.220000000000000077e-02,-2.069999999999999965e-02,-1.770000000000000046e-02,-1.770000000000000046e-02,-1.770000000000000046e-02,1.629999999999999852e-02,1.209999999999999964e-02,1.209999999999999964e-02,1.209999999999999964e-02,-1.129999999999999928e-02,-6.799999999999999621e-03,-7.300000000000000065e-03,-7.300000000000000065e-03,-7.900000000000000772e-03,-1.299999999999999940e-03,-2.000000000000000042e-03,-2.000000000000000042e-03,2.999999999999999737e-04,-1.299999999999999940e-03,-2.000000000000000042e-03,3.200000000000000153e-03,2.999999999999999737e-04,5.199999999999999761e-03,3.200000000000000153e-03,5.199999999999999761e-03,5.199999999999999761e-03,4.199999999999999740e-03,5.199999999999999761e-03,3.599999999999999901e-03,4.199999999999999740e-03,3.700000000000000164e-03,3.599999999999999901e-03,4.400000000000000265e-03,3.700000000000000164e-03,4.499999999999999660e-03,4.400000000000000265e-03,3.700000000000000164e-03,4.499999999999999660e-03,2.700000000000000143e-03,3.700000000000000164e-03,1.899999999999999996e-03,2.700000000000000143e-03,8.999999999999999754e-04,1.899999999999999996e-03,-8.999999999999999754e-04,-1.299999999999999940e-03,-8.999999999999999754e-04,-8.999999999999999754e-04,-1.100000000000000066e-03,-1.299999999999999940e-03,-8.999999999999999754e-04,-1.100000000000000066e-03,-1.299999999999999940e-03,-8.999999999999999754e-04,-3.399999999999999811e-03,-7.900000000000000772e-03,-8.200000000000000691e-03,1.299999999999999940e-03,1.299999999999999940e-03,-2.000000000000000042e-03,1.299999999999999940e-03,-8.000000000000000383e-04,-8.000000000000000383e-04,-8.999999999999999754e-04,-8.000000000000000383e-04,-3.000000000000000062e-03,-3.000000000000000062e-03,-8.300000000000000086e-03,-8.300000000000000086e-03,1.299999999999999940e-03,9.299999999999999239e-03,9.299999999999999239e-03,9.299999999999999239e-03,-8.000000000000000383e-04,-1.199999999999999895e-03,-1.199999999999999895e-03,-1.199999999999999895e-03,-3.000000000000000062e-03,-4.000000000000000083e-03,-8.300000000000000086e-03,-8.300000000000000086e-03,9.299999999999999239e-03,1.609999999999999973e-02,1.609999999999999973e-02,1.609999999999999973e-02,-1.199999999999999895e-03,-1.600000000000000077e-03,-1.600000000000000077e-03,-1.600000000000000077e-03,-4.000000000000000083e-03,-4.799999999999999580e-03
Alpha,0.000000000000000000e+00
Mach,5.000000000000000278e-02
Case,1
X_Loc,4.783000000000000029e-01,4.783000000000000029e-01,4.757000000000000117e-01,4.757000000000000117e-01,4.723999999999999866e-01,4.723999999999999866e-01,4.683999999999999830e-01,4.683999999999999830e-01,4.635000000000000231e-01,4.635000000000000231e-01,4.576000000000000068e-01,4.576000000000000068e-01,4.504000000000000226e-01,4.504000000000000226e-01,4.416999999999999815e-01,4.416999999999999815e-01,4.314999999999999947e-01,4.314999999999999947e-01,4.197000000000000175e-01,4.197000000000000175e-01,4.061000000000000165e-01,4.061000000000000165e-01,3.909000000000000252e-01,3.909000000000000252e-01,3.740999999999999881e-01,3.740999999999999881e-01,3.561000000000000276e-01,3.561000000000000276e-01,3.371000000000000107e-01,3.371000000000000107e-01,3.174000000000000155e-01,3.174000000000000155e-01,2.977000000000000202e-01,2.977000000000000202e-01,2.783999999999999808e-01,2.783999999999999808e-01,2.600000000000000089e-01,2.600000000000000089e-01,2.427999999999999881e-01,2.427999999999999881e-01,2.270999999999999963e-01,2.270999999999999963e-01,2.132000000000000006e-01,2.132000000000000006e-01,2.010000000000000120e-01,2.010000000000000120e-01,1.905999999999999917e-01,1.905999999999999917e-01,1.819000000000000061e-01,1.819000000000000061e-01,1.748000000000000109e-01,1.748000000000000109e-01,1.691000000000000003e-01,1.691000000000000003e-01,1.648000000000000020e-01,1.648000000000000020e-01,1.622000000000000108e-01,1.622000000000000108e-01,1.608999999999999875e-01,1.608999999999999875e-01,1.605000000000000038e-01,4.783000000000000029e-01,4.783000000000000029e-01,4.757000000000000117e-01,4.757000000000000117e-01,4.723999999999999866e-01,4.723999999999999866e-01,4.683999999999999830e-01,4.683999999999999830e-01,4.635000000000000231e-01,4.635000000000000231e-01,4.576000000000000068e-01,4.576000000000000068e-01,4.504000000000000226e-01,4.504000000000000226e-01,4.416999999999999815e-01,4.416999999999999815e-01,4.314999999999999947e-01,4.314999999999999947e-01,4.197000000000000175e-01,4.197000000000000175e-01,4.061000000000000165e-01,4.061000000000000165e-01,3.909000000000000252e-01,3.909000000000000252e-01,3.740999999999999881e-01,3.740999999999999881e-01,3.561000000000000276e-01,3.561000000000000276e-01,3.371000000000000107e-01,3.371000000000000107e-01,3.174000000000000155e-01,3.174000000000000155e-01,2.977000000000000202e-01,2.977000000000000202e-01,2.783999999999999808e-01,2.783999999999999808e-01,2.600000000000000089e-01,2.600000000000000089e-01,2.427999999999999881e-01,2.427999999999999881e-01,2.270999999999999963e-01,2.270999999999999963e-01,2.132000000000000006e-01,2.132000000000000006e-01,2.010000000000000120e-01,2.010000000000000120e-01,1.905999999999999917e-01,1.905999999999999917e-01,1.819000000000000061e-01,1.819000000000000061e-01,1.748000000000000109e-01,1.748000000000000109e-01,1.691000000000000003e-01,1.691000000000000003e-01,1.648000000000000020e-01,1.648000000000000020e-01,1.622000000000000108e-01,1.622000000000000108e-01,1.608999999999999875e-01,1.608999999999999875e-01,1.605000000000000038e-01,5.734000000000000208e-01,5.734000000000000208e-01,5.722000000000000419e-01,5.722000000000000419e-01,5.707999999999999741e-01,5.707999999999999741e-01,5.691000000000000503e-01,5.691000000000000503e-01,5.671000000000000485e-01,5.671000000000000485e-01,5.645999999999999908e-01,5.645999999999999908e-01,5.613000000000000211e-01,5.613000000000000211e-01,5.572000000000000286e-01,5.572000000000000286e-01,5.523000000000000131e-01,5.523000000000000131e-01,5.463999999999999968e-01,5.463999999999999968e-01,5.397999999999999465e-01,5.397999999999999465e-01,5.323999999999999844e-01,5.323999999999999844e-01,5.244999999999999662e-01,5.244999999999999662e-01,5.161999999999999922e-01,5.161999999999999922e-01,5.079000000000000181e-01,5.079000000000000181e-01,4.996999999999999775e-01,4.996999999999999775e-01,4.919000000000000039e-01,4.919000000000000039e-01,4.848000000000000087e-01,4.848000000000000087e-01,4.783000000000000029e-01,4.783000000000000029e-01,4.727000000000000091e-01,4.727000000000000091e-01,4.678999999999999826e-01,4.678999999999999826e-01,4.637999999999999901e-01,4.637999999999999901e-01,4.605000000000000204e-01,4.605000000000000204e-01,4.578999999999999737e-01,4.578999999999999737e-01,4.559000000000000274e-01,4.559000000000000274e-01,4.546000000000000041e-01,4.546000000000000041e-01,4.541000000000000036e-01,5.734000000000000208e-01,5.734000000000000208e-01,5.722000000000000419e-01,5.722000000000000419e-01,5.707999999999999741e-01,5.707999999999999741e-01,5.691000000000000503e-01,5.691000000000000503e-01,5.671000000000000485e-01,5.671000000000000485e-01,5.645999999999999908e-01,5.645999999999999908e-01,5.613000000000000211e-01,5.613000000000000211e-01,5.572000000000000286e-01,5.572000000000000286e-01,5.523000000000000131e-01,5.523000000000000131e-01,5.463999999999999968e-01,5.463999999999999968e-01,5.397999999999999465e-01,5.397999999999999465e-01,5.323999999999999844e-01,5.323999999999999844e-01,5.244999999999999662e-01,5.244999999999999662e-01,5.161999999999999922e-01,5.161999999999999922e-01,5.079000000000000181e-01,5.079000000000000181e-01,4.996999999999999775e-01,4.996999999999999775e-01,4.919000000000000039e-01,4.919000000000000039e-01,4.848000000000000087e-01,4.848000000000000087e-01,4.783000000000000029e-01,4.783000000000000029e-01,4.727000000000000091e-01,4.727000000000000091e-01,4.678999999999999826e-01,4.678999999999999826e-01,4.637999999999999901e-01,4.637999999999999901e-01,4.605000000000000204e-01,4.605000000000000204e-01,4.578999999999999737e-01,4.578999999999999737e-01,4.559000000000000274e-01,4.559000000000000274e-01,4.546000000000000041e-01,4.546000000000000041e-01,4.541000000000000036e-01,2.334600000000000009e+00,2.334600000000000009e+00,2.334600000000000009e+00,2.334600000000000009e+00,1.650000000000000078e-01,1.650000000000000078e-01,1.766000000000000070e-01,1.766000000000000070e-01,1.894000000000000128e-01,1.894000000000000128e-01,2.033999999999999975e-01,2.033999999999999975e-01,2.184999999999999998e-01,2.184999999999999998e-01,2.346000000000000030e-01,2.346000000000000030e-01,2.515000000000000013e-01,2.515000000000000013e-01,2.692999999999999838e-01,2.692999999999999838e-01,2.878000000000000003e-01,2.878000000000000003e-01,3.069999999999999951e-01,3.069999999999999951e-01,3.266000000000000014e-01,3.266000000000000014e-01,3.467000000000000082e-01,3.467000000000000082e-01,3.670999999999999819e-01,3.670999999999999819e-01,3.877999999999999781e-01,3.877999999999999781e-01,4.087000000000000077e-01,4.087000000000000077e-01,4.295999999999999819e-01,4.295999999999999819e-01,4.505000000000000115e-01,4.505000000000000115e-01,4.712999999999999967e-01,4.712999999999999967e-01,4.919000000000000039e-01,4.919000000000000039e-01,5.120999999999999996e-01,5.120999999999999996e-01,5.407999999999999474e-01,5.407999999999999474e-01,5.718999999999999639e-01,5.718999999999999639e-01,6.052999999999999492e-01,6.052999999999999492e-01,6.404999999999999583e-01,6.404999999999999583e-01,6.774000000000000021e-01,6.774000000000000021e-01,7.156000000000000139e-01,7.156000000000000139e-01,7.549000000000000155e-01,7.549000000000000155e-01,7.947999999999999510e-01,7.947999999999999510e-01,8.352000000000000535e-01,8.352000000000000535e-01,8.757000000000000339e-01,8.757000000000000339e-01,9.160000000000000364e-01,9.160000000000000364e-01,9.557999999999999829e-01,9.557999999999999829e-01,9.949000000000000066e-01,9.949000000000000066e-01,1.032899999999999929e+00,1.032899999999999929e+00,1.158500000000000085e+00,1.158500000000000085e+00,1.314300000000000024e+00,1.314300000000000024e+00,1.481899999999999995e+00,1.481899999999999995e+00,1.643100000000000005e+00,1.643100000000000005e+00,1.779800000000000049e+00,1.779800000000000049e+00,1.894300000000000095e+00,1.894300000000000095e+00,2.003499999999999837e+00,2.003499999999999837e+00,2.110899999999999999e+00,2.110899999999999999e+00,2.220200000000000173e+00,2.334600000000000009e+00,2.334600000000000009e+00,2.334600000000000009e+00,2.334600000000000009e+00,1.650000000000000078e-01,1.650000000000000078e-01,1.766000000000000070e-01,1.766000000000000070e-01,1.894000000000000128e-01,1.894000000000000128e-01,2.033999999999999975e-01,2.033999999999999975e-01,2.184999999999999998e-01,2.184999999999999998e-01,2.346000000000000030e-01,2.346000000000000030e-01,2.515000000000000013e-01,2.515000000000000013e-01,2.692999999999999838e-01,2.692999999999999838e-01,2.878000000000000003e-01,2.878000000000000003e-01,3.069999999999999951e-01,3.069999999999999951e-01,3.266000000000000014e-01,3.266000000000000014e-01,3.467000000000000082e-01,3.467000000000000082e-01,3.670999999999999819e-01,3.670999999999999819e-01,3.877999999999999781e-01,3.877999999999999781e-01,4.087000000000000077e-01,4.087000000000000077e-01,4.295999999999999819e-01,4.295999999999999819e-01,4.505000000000000115e-01,4.505000000000000115e-01,4.712999999999999967e-01,4.712999999999999967e-01,4.919000000000000039e-01,4.919000000000000039e-01,5.120999999999999996e-01,5.120999999999999996e-01,5.407999999999999474e-01,5.407999999999999474e-01,5.718999999999999639e-01,5.718999999999999639e-01,6.052999999999999492e-01,6.052999999999999492e-01,6.404999999999999583e-01,6.404999999999999583e-01,6.774000000000000021e-01,6.774000000000000021e-01,7.156000000000000139e-01,7.156000000000000139e-01,7.549000000000000155e-01,7.549000000000000155e-01,7.947999999999999510e-01,7.947999999999999510e-01,8.352000000000000535e-01,8.352000000000000535e-01,8.757000000000000339e-01,8.757000000000000339e-01,9.160000000000000364e-01,9.160000000000000364e-01,9.557999999999999829e-01,9.557999999999999829e-01,9.949000000000000066e-01,9.949000000000000066e-01,1.032899999999999929e+00,1.032899999999999929e+00,1.158500000000000085e+00,1.158500000000000085e+00,1.314300000000000024e+00,1.314300000000000024e+00,1.481899999999999995e+00,1.481899999999999995e+00,1.643100000000000005e+00,1.643100000000000005e+00,1.779800000000000049e+00,1.779800000000000049e+00,1.894300000000000095e+00,1.894300000000000095e+00,2.003499999999999837e+00,2.003499999999999837e+00,2.110899999999999999e+00,2.110899999999999999e+00,2.220200000000000173e+00,1.650000000000000078e-01,1.650000000000000078e-01,1.650000000000000078e-01,5.433000000000000052e-01,5.409000000000000474e-01,5.409000000000000474e-01,5.433000000000000052e-01,5.433000000000000052e-01,5.409000000000000474e-01,1.045900000000000052e+00,1.044899999999999940e+00,1.044899999999999940e+00,1.045900000000000052e+00,1.045900000000000052e+00,1.044899999999999940e+00,1.779800000000000049e+00,1.779800000000000049e+00,1.779800000000000049e+00,1.650000000000000078e-01,1.650000000000000078e-01,5.342000000000000082e-01,5.342000000000000082e-01,5.409000000000000474e-01,5.342000000000000082e-01,1.042100000000000026e+00,1.042100000000000026e+00,1.044899999999999940e+00,1.042100000000000026e+00,1.779800000000000049e+00,1.779800000000000049e+00,1.650000000000000078e-01,1.650000000000000078e-01,5.342000000000000082e-01,5.242999999999999883e-01,5.242999999999999883e-01,5.242999999999999883e-01,1.042100000000000026e+00,1.037900000000000045e+00,1.037900000000000045e+00,1.037900000000000045e+00,1.779800000000000049e+00,1.779800000000000049e+00,1.650000000000000078e-01,1.650000000000000078e-01,5.242999999999999883e-01,5.120999999999999996e-01,5.120999999999999996e-01,5.120999999999999996e-01,1.037900000000000045e+00,1.032899999999999929e+00,1.032899999999999929e+00,1.032899999999999929e+00,1.779800000000000049e+00,1.779800000000000049e+00,1.650000000000000078e-01,1.650000000000000078e-01,1.650000000000000078e-01,4.809999999999999831e-01,4.833999999999999964e-01,4.833999999999999964e-01,5.098000000000000309e-01,4.809999999999999831e-01,4.833999999999999964e-01,5.416999999999999593e-01,5.098000000000000309e-01,5.762000000000000455e-01,5.416999999999999593e-01,6.129000000000000004e-01,5.762000000000000455e-01,6.514999999999999680e-01,6.129000000000000004e-01,6.915999999999999925e-01,6.514999999999999680e-01,7.327000000000000179e-01,6.915999999999999925e-01,7.745999999999999552e-01,7.327000000000000179e-01,8.167999999999999705e-01,7.745999999999999552e-01,8.589999999999999858e-01,8.167999999999999705e-01,9.008000000000000451e-01,8.589999999999999858e-01,9.416999999999999815e-01,9.008000000000000451e-01,9.815000000000000391e-01,9.416999999999999815e-01,1.020799999999999930e+00,1.146800000000000042e+00,1.019800000000000040e+00,1.020799999999999930e+00,1.305800000000000072e+00,1.146800000000000042e+00,1.477300000000000058e+00,1.305800000000000072e+00,1.641799999999999926e+00,1.477300000000000058e+00,1.779800000000000049e+00,1.650000000000000078e-01,1.650000000000000078e-01,4.900999999999999801e-01,4.900999999999999801e-01,4.833999999999999964e-01,4.900999999999999801e-01,1.023600000000000065e+00,1.023600000000000065e+00,1.020799999999999930e+00,1.023600000000000065e+00,1.779800000000000049e+00,1.779800000000000049e+00,1.650000000000000078e-01,1.650000000000000078e-01,4.900999999999999801e-01,5.000000000000000000e-01,5.000000000000000000e-01,5.000000000000000000e-01,1.023600000000000065e+00,1.027800000000000047e+00,1.027800000000000047e+00,1.027800000000000047e+00,1.779800000000000049e+00,1.779800000000000049e+00,1.650000000000000078e-01,1.650000000000000078e-01,5.000000000000000000e-01,5.120999999999999996e-01,5.120999999999999996e-01,5.120999999999999996e-01,1.027800000000000047e+00,1.032899999999999929e+00,1.032899999999999929e+00,1.032899999999999929e+00,1.779800000000000049e+00,1.779800000000000049e+00
Cut_Num,1
Y_Loc,0.000000000000000000e+00,0.000000000000000000e+00,0.000000000000000000e+00,0.000000000000000000e+00,0.000000000000000000e+00,0.000000000000000000e+00,0.000000000000000000e+00,0.000000000000000000e+00,0.000000000000000000e+00,0.000000000000000000e+00,0.000000000000000000e+00,0.000000000000000000e+00,0.000000000000000000e+00,0.000000000000000000e+00,0.000000000000000000e+00,0.000000000000000000e+00,0.000000000000000000e+00,0.000000000000000000e+00,0.000000000000000000e+00,0.000000000000000000e+00,0.000000000000000000e+00,0.000000000000000000e+00,0.000000000000000000e+00,0.000000000000000000e+00,0.000000000000000000e+00,0.000000000000000000e+00,0.000000000000000000e+00,0.000000000000000000e+00,0.000000000000000000e+00,0.000000000000000000e+00,0.000000000000000000e+00,0.000000000000000000e+00,0.000000000000000000e+00,0.000000000000000000e+00,0.000000000000000000e+00,0.000000000000000000e+00,0.000000000000000000e+00,0.000000000000000000e+00,0.000000000000000000e+00,0.000000000000000000e+00,0.000000000000000000e+00,0.000000000000000000e+00,0.000000000000000000e+00,0.000000000000000000e+00,0.000000000000000000e+00,0.000000000000000000e+00,0.000000000000000000e+00,0.000000000000000000e+00,0.000000000000000000e+00,0.000000000000000000e+00,0.000000000000000000e+00,0.000000000000000000e+00,0.000000000000000000e+00,0.000000000000000000e+00,0.000000000000000000e+00,0.000000000000000000e+00,0.000000000000000000e+00,0.000000000000000000e+00,0.000000000000000000e+00,0.000000000000000000e+00,0.000000000000000000e+00,0.000000000000000000e+00,0.000000000000000000e+00,0.000000000000000000e+00,0.000000000000000000e+00,0.000000000000000000e+00,0.000000000000000000e+00,0.000000000000000000e+00,0.000000000000000000e+00,0.000000000000000000e+00,0.000000000000000000e+00,0.000000000000000000e+00,0.000000000000000000e+00,0.000000000000000000e+00,0.000000000000000000e+00,0.000000000000000000e+00,0.000000000000000000e+00,0.000000000000000000e+00,0.000000000000000000e+00,0.000000000000000000e+00,0.000000000000000000e+00,0.000000000000000000e+00,0.000000000000000000e+00,0.000000000000000000e+00,0.000000000000000000e+00,0.000000000000000000e+00,0.000000000000000000e+00,0.000000000000000000e+00,0.000000000000000000e+00,0.000000000000000000e+00,0.000000000000000000e+00,0.000000000000000000e+00,0.000000000000000000e+00,0.000000000000000000e+00,0.000000000000000000e+00,0.000000000000000000e+00,0.000000000000000000e+00,0.000000000000000000e+00,0.000000000000000000e+00,0.000000000000000000e+00,0.000000000000000000e+00,0.000000000000000000e+00,0.000000000000000000e+00,0.000000000000000000e+00,0.000000000000000000e+00,0.000000000000000000e+00,0.000000000000000000e+00,0.000000000000000000e+00,0.000000000000000000e+00,0.000000000000000000e+00,0.000000000000000000e+00,0.000000000000000000e+00,0.000000000000000000e+00,0.000000000000000000e+00,0.000000000000000000e+00,0.000000000000000000e+00,0.000000000000000000e+00,0.000000000000000000e+00,0.000000000000000000e+00,0.000000000000000000e+00,0.000000000000000000e+00,0.000000000000000000e+00,0.000000000000000000e+00,0.000000000000000000e+00,0.000000000000000000e+00,0.000000000000000000e+00,0.000000000000000000e+00,0.000000000000000000e+00,0.000000000000000000e+00,0.000000000000000000e+00,0.000000000000000000e+00,0.000000000000000000e+00,0.000000000000000000e+00,0.000000000000000000e+00,0.000000000000000000e+00,0.000000000000000000e+00,0.000000000000000000e+00,0.000000000000000000e+00,0.000000000000000000e+00,0.000000000000000000e+00,0.000000000000000000e+00,0.000000000000000000e+00,0.000000000000000000e+00,0.000000000000000000e+00,0.000000000000000000e+00,0.000000000000000000e+00,0.000000000000000000e+00,0.000000000000000000e+00,0.000000000000000000e+00,0.000000000000000000e+00,0.000000000000000000e+00,0.000000000000000000e+00,0.000000000000000000e+00,0.000000000000000000e+00,0.000000000000000000e+00,0.000000000000000000e+00,0.000000000000000000e+00,0.000000000000000000e+00,0.000000000000000000e+00,0.000000000000000000e+00,0.000000000000000000e+00,0.000000000000000000e+00,0.000000000000000000e+00,0.000000000000000000e+00,0.000000000000000000e+00,0.000000000000000000e+00,0.000000000000000000e+00,0.000000000000000000e+00,0.000000000000000000e+00,0.000000000000000000e+00,0.000000000000000000e+00,0.000000000000000000e+00,0.000000000000000000e+00,0.000000000000000000e+00,0.000000000000000000e+00,0.000000000000000000e+00,0.000000000000000000e+00,0.000000000000000000e+00,0.000000000000000000e+00,0.000000000000000000e+00,0.000000000000000000e+00,0.000000000000000000e+00,0.000000000000000000e+00,0.000000000000000000e+00,0.000000000000000000e+00,0.000000000000000000e+00,0.000000000000000000e+00,0.000000000000000000e+00,0.000000000000000000e+00,0.000000000000000000e+00,0.000000000000000000e+00,0.000000000000000000e+00,0.000000000000000000e+00,0.000000000000000000e+00,0.000000000000000000e+00,0.000000000000000000e+00,0.000000000000000000e+00,0.000000000000000000e+00,0.000000000000000000e+00,0.000000000000000000e+00,0.000000000000000000e+00,0.000000000000000000e+00,0.000000000000000000e+00,0.000000000000000000e+00,0.000000000000000000e+00,0.000000000000000000e+00,0.000000000000000000e+00,0.000000000000000000e+00,0.000000000000000000e+00,0.000000000000000000e+00,0.000000000000000000e+00,0.000000000000000000e+00,0.000000000000000000e+00,0.000000000000000000e+00,0.000000000000000000e+00,0.000000000000000000e+00,0.000000000000000000e+00,0.000000000000000000e+00,0.000000000000000000e+00,0.000000000000000000e+00,0.000000000000000000e+00,0.000000000000000000e+00,0.000000000000000000e+00,0.000000000000000000e+00,0.000000000000000000e+00,0.000000000000000000e+00,0.000000000000000000e+00,0.000000000000000000e+00,0.000000000000000000e+00,0.000000000000000000e+00,0.000000000000000000e+00,0.000000000000000000e+00,0.000000000000000000e+00,0.000000000000000000e+00,0.000000000000000000e+00,0.000000000000000000e+00,0.000000000000000000e+00,0.000000000000000000e+00,0.000000000000000000e+00,0.000000000000000000e+00,0.000000000000000000e+00,0.000000000000000000e+00,0.000000000000000000e+00,0.000000000000000000e+00,0.000000000000000000e+00,0.000000000000000000e+00,0.000000000000000000e+00,0.000000000000000000e+00,0.000000000000000000e+00,0.000000000000000000e+00,0.000000000000000000e+00,0.000000000000000000e+00,0.000000000000000000e+00,0.000000000000000000e+00,0.000000000000000000e+00,0.000000000000000000e+00,0.000000000000000000e+00,0.000000000000000000e+00,0.000000000000000000e+00,0.000000000000000000e+00,0.000000000000000000e+00,0.000000000000000000e+00,0.000000000000000000e+00,0.000000000000000000e+00,0.000000000000000000e+00,0.000000000000000000e+00,0.000000000000000000e+00,0.000000000000000000e+00,0.000000000000000000e+00,0.000000000000000000e+00,0.000000000000000000e+00,0.000000000000000000e+00,0.000000000000000000e+00,0.000000000000000000e+00,0.000000000000000000e+00,0.000000000000000000e+00,0.000000000000000000e+00,0.000000000000000000e+00,0.000000000000000000e+00,0.000000000000000000e+00,0.000000000000000000e+00,0.000000000000000000e+00,0.000000000000000000e+00,0.000000000000000000e+00,0.000000000000000000e+00,0.000000000000000000e+00,0.000000000000000000e+00,0.000000000000000000e+00,0.000000000000000000e+00,0.000000000000000000e+00,0.000000000000000000e+00,0.000000000000000000e+00,0.000000000000000000e+00,0.000000000000000000e+00,0.000000000000000000e+00,0.000000000000000000e+00,0.000000000000000000e+00,0.000000000000000000e+00,0.000000000000000000e+00,0.000000000000000000e+00,0.000000000000000000e+00,0.000000000000000000e+00,0.000000000000000000e+00,0.000000000000000000e+00,0.000000000000000000e+00,0.000000000000000000e+00,0.000000000000000000e+00,0.000000000000000000e+00,0.000000000000000000e+00,0.000000000000000000e+00,0.000000000000000000e+00,0.000000000000000000e+00,0.000000000000000000e+00,0.000000000000000000e+00,0.000000000000000000e+00,0.000000000000000000e+00,0.000000000000000000e+00,0.000000000000000000e+00,0.000000000000000000e+00,0.000000000000000000e+00,0.000000000000000000e+00,0.000000000000000000e+00,0.000000000000000000e+00,0.000000000000000000e+00,0.000000000000000000e+00,0.000000000000000000e+00,0.000000000000000000e+00,0.000000000000000000e+00,0.000000000000000000e+00,0.000000000000000000e+00,0.000000000000000000e+00,0.000000000000000000e+00,0.000000000000000000e+00,0.000000000000000000e+00,0.000000000000000000e+00,0.000000000000000000e+00,0.000000000000000000e+00,0.000000000000000000e+00,0.000000000000000000e+00,0.000000000000000000e+00,0.000000000000000000e+00,0.000000000000000000e+00,0.000000000000000000e+00,0.000000000000000000e+00,0.000000000000000000e+00,0.000000000000000000e+00,0.000000000000000000e+00,0.000000000000000000e+00,0.000000000000000000e+00,0.000000000000000000e+00,0.000000000000000000e+00,0.000000000000000000e+00,0.000000000000000000e+00,0.000000000000000000e+00,0.000000000000000000e+00,0.000000000000000000e+00,0.000000000000000000e+00,0.000000000000000000e+00,0.000000000000000000e+00,0.000000000000000000e+00,0.000000000000000000e+00,0.000000000000000000e+00,0.000000000000000000e+00,0.000000000000000000e+00,0.000000000000000000e+00,0.000000000000000000e+00,0.000000000000000000e+00,0.000000000000000000e+00,0.000000000000000000e+00,0.000000000000000000e+00,0.000000000000000000e+00,0.000000000000000000e+00,0.000000000000000000e+00,0.000000000000000000e+00,0.000000000000000000e+00,0.000000000000000000e+00,0.000000000000000000e+00,0.000000000000000000e+00,0.000000000000000000e+00,0.000000000000000000e+00,0.000000000000000000e+00,0.000000000000000000e+00,0.000000000000000000e+00,0.000000000000000000e+00,0.000000000000000000e+00,0.000000000000000000e+00,0.000000000000000000e+00,0.000000000000000000e+00,0.000000000000000000e+00,0.000000000000000000e+00,0.000000000000000000e+00,0.000000000000000000e+00,0.000000000000000000e+00,0.000000000000000000e+00,0.000000000000000000e+00,0.000000000000000000e+00,0.000000000000000000e+00,0.000000000000000000e+00,0.000000000000000000e+00,0.000000000000000000e+00,0.000000000000000000e+00,0.000000000000000000e+00,0.000000000000000000e+00,0.000000000000000000e+00,0.000000000000000000e+00,0.000000000000000000e+00,0.000000000000000000e+00,0.000000000000000000e+00,0.000000000000000000e+00,0.000000000000000000e+00,0.000000000000000000e+00,0.000000000000000000e+00,0.000000000000000000e+00,0.000000000000000000e+00,0.000000000000000000e+00,0.000000000000000000e+00,0.000000000000000000e+00,0.000000000000000000e+00,0.000000000000000000e+00,0.000000000000000000e+00,0.000000000000000000e+00,0.000000000000000000e+00,0.000000000000000000e+00,0.000000000000000000e+00,0.000000000000000000e+00,0.000000000000000000e+00,0.000000000000000000e+00,0.000000000000000000e+00,0.000000000000000000e+00,0.000000000000000000e+00,0.000000000000000000e+00,0.000000000000000000e+00,0.000000000000000000e+00,0.000000000000000000e+00,0.000000000000000000e+00,0.000000000000000000e+00,0.000000000000000000e+00,0.000000000000000000e+00,0.000000000000000000e+00,0.000000000000000000e+00,0.000000000000000000e+00,0.000000000000000000e+00,0.000000000000000000e+00,0.000000000000000000e+00,0.000000000000000000e+00,0.000000000000000000e+00,0.000000000000000000e+00,0.000000000000000000e+00,0.000000000000000000e+00,0.000000000000000000e+00,0.000000000000000000e+00,0.000000000000000000e+00,0.000000000000000000e+00,0.000000000000000000e+00,0.000000000000000000e+00,0.000000000000000000e+00,0.000000000000000000e+00,0.000000000000000000e+00,0.000000000000000000e+00,0.000000000000000000e+00,0.000000000000000000e+00,0.000000000000000000e+00,0.000000000000000000e+00,0.000000000000000000e+00,0.000000000000000000e+00,0.000000000000000000e+00,0.000000000000000000e+00,0.000000000000000000e+00,0.000000000000000000e+00,0.000000000000000000e+00,0.000000000000000000e+00,0.000000000000000000e+00,0.000000000000000000e+00,0.000000000000000000e+00,0.000000000000000000e+00,0.000000000000000000e+00,0.000000000000000000e+00,0.000000000000000000e+00,0.000000000000000000e+00,0.000000000000000000e+00,0.000000000000000000e+00,0.000000000000000000e+00,0.000000000000000000e+00,0.000000000000000000e+00,0.000000000000000000e+00,0.000000000000000000e+00,0.000000000000000000e+00,0.000000000000000000e+00,0.000000000000000000e+00,0.000000000000000000e+00,0.000000000000000000e+00,0.000000000000000000e+00,0.000000000000000000e+00,0.000000000000000000e+00,0.000000000000000000e+00,0.000000000000000000e+00,0.000000000000000000e+00,0.000000000000000000e+00,0.000000000000000000e+00,0.000000000000000000e+00,0.000000000000000000e+00,0.000000000000000000e+00,0.000000000000000000e+00,0.000000000000000000e+00,0.000000000000000000e+00,0.000000000000000000e+00,0.000000000000000000e+00,0.000000000000000000e+00,0.000000000000000000e+00,0.000000000000000000e+00,0.000000000000000000e+00,0.000000000000000000e+00,0.000000000000000000e+00,0.000000000000000000e+00,0.000000000000000000e+00,0.000000000000000000e+00,0.000000000000000000e+00,0.000000000000000000e+00,0.000000000000000000e+00,0.000000000000000000e+00,0.000000000000000000e+00,0.000000000000000000e+00,0.000000000000000000e+00,0.000000000000000000e+00,0.000000000000000000e+00,0.000000000000000000e+00,0.000000000000000000e+00,0.000000000000000000e+00,0.000000000000000000e+00,0.000000000000000000e+00,0.000000000000000000e+00,0.000000000000000000e+00,0.000000000000000000e+00,0.000000000000000000e+00,0.000000000000000000e+00,0.000000000000000000e+00,0.000000000000000000e+00,0.000000000000000000e+00,0.000000000000000000e+00,0.000000000000000000e+00
Cut_Loc,0.000000000000000000e+00
Z_Loc,8.010000000000000453e-02,8.010000000000000453e-02,7.839999999999999747e-02,7.839999999999999747e-02,7.649999999999999856e-02,7.649999999999999856e-02,7.420000000000000207e-02,7.420000000000000207e-02,7.149999999999999412e-02,7.149999999999999412e-02,6.859999999999999432e-02,6.859999999999999432e-02,6.529999999999999694e-02,6.529999999999999694e-02,6.199999999999999956e-02,6.199999999999999956e-02,5.850000000000000339e-02,5.850000000000000339e-02,5.510000000000000314e-02,5.510000000000000314e-02,5.190000000000000169e-02,5.190000000000000169e-02,4.900000000000000189e-02,4.900000000000000189e-02,4.639999999999999680e-02,4.639999999999999680e-02,4.410000000000000031e-02,4.410000000000000031e-02,4.229999999999999732e-02,4.229999999999999732e-02,4.120000000000000051e-02,4.120000000000000051e-02,4.080000000000000293e-02,4.080000000000000293e-02,4.109999999999999765e-02,4.109999999999999765e-02,4.200000000000000261e-02,4.200000000000000261e-02,4.340000000000000108e-02,4.340000000000000108e-02,4.510000000000000120e-02,4.510000000000000120e-02,4.719999999999999890e-02,4.719999999999999890e-02,4.950000000000000233e-02,4.950000000000000233e-02,5.190000000000000169e-02,5.190000000000000169e-02,5.430000000000000104e-02,5.430000000000000104e-02,5.630000000000000282e-02,5.630000000000000282e-02,5.790000000000000008e-02,5.790000000000000008e-02,5.870000000000000218e-02,5.870000000000000218e-02,5.879999999999999810e-02,5.879999999999999810e-02,5.870000000000000218e-02,5.870000000000000218e-02,5.870000000000000218e-02,8.010000000000000453e-02,8.010000000000000453e-02,7.839999999999999747e-02,7.839999999999999747e-02,7.649999999999999856e-02,7.649999999999999856e-02,7.420000000000000207e-02,7.420000000000000207e-02,7.149999999999999412e-02,7.149999999999999412e-02,6.859999999999999432e-02,6.859999999999999432e-02,6.529999999999999694e-02,6.529999999999999694e-02,6.199999999999999956e-02,6.199999999999999956e-02,5.850000000000000339e-02,5.850000000000000339e-02,5.510000000000000314e-02,5.510000000000000314e-02,5.190000000000000169e-02,5.190000000000000169e-02,4.900000000000000189e-02,4.900000000000000189e-02,4.639999999999999680e-02,4.639999999999999680e-02,4.410000000000000031e-02,4.410000000000000031e-02,4.229999999999999732e-02,4.229999999999999732e-02,4.120000000000000051e-02,4.120000000000000051e-02,4.080000000000000293e-02,4.080000000000000293e-02,4.109999999999999765e-02,4.109999999999999765e-02,4.200000000000000261e-02,4.200000000000000261e-02,4.340000000000000108e-02,4.340000000000000108e-02,4.510000000000000120e-02,4.510000000000000120e-02,4.719999999999999890e-02,4.719999999999999890e-02,4.950000000000000233e-02,4.950000000000000233e-02,5.190000000000000169e-02,5.190000000000000169e-02,5.430000000000000104e-02,5.430000000000000104e-02,5.630000000000000282e-02,5.630000000000000282e-02,5.790000000000000008e-02,5.790000000000000008e-02,5.870000000000000218e-02,5.870000000000000218e-02,5.879999999999999810e-02,5.879999999999999810e-02,5.870000000000000218e-02,5.870000000000000218e-02,5.870000000000000218e-02,1.472999999999999865e-01,1.472999999999999865e-01,1.464000000000000024e-01,1.464000000000000024e-01,1.453000000000000125e-01,1.453000000000000125e-01,1.438000000000000111e-01,1.438000000000000111e-01,1.418999999999999984e-01,1.418999999999999984e-01,1.396000000000000019e-01,1.396000000000000019e-01,1.370000000000000107e-01,1.370000000000000107e-01,1.343000000000000027e-01,1.343000000000000027e-01,1.313999999999999890e-01,1.313999999999999890e-01,1.282000000000000084e-01,1.282000000000000084e-01,1.248999999999999971e-01,1.248999999999999971e-01,1.213999999999999940e-01,1.213999999999999940e-01,1.179000000000000048e-01,1.179000000000000048e-01,1.144000000000000017e-01,1.144000000000000017e-01,1.111999999999999933e-01,1.111999999999999933e-01,1.082000000000000045e-01,1.082000000000000045e-01,1.054999999999999966e-01,1.054999999999999966e-01,1.034000000000000058e-01,1.034000000000000058e-01,1.015999999999999959e-01,1.015999999999999959e-01,1.004000000000000031e-01,1.004000000000000031e-01,9.940000000000000224e-02,9.940000000000000224e-02,9.879999999999999893e-02,9.879999999999999893e-02,9.840000000000000135e-02,9.840000000000000135e-02,9.810000000000000664e-02,9.810000000000000664e-02,9.779999999999999805e-02,9.779999999999999805e-02,9.750000000000000333e-02,9.750000000000000333e-02,9.729999999999999760e-02,1.472999999999999865e-01,1.472999999999999865e-01,1.464000000000000024e-01,1.464000000000000024e-01,1.453000000000000125e-01,1.453000000000000125e-01,1.438000000000000111e-01,1.438000000000000111e-01,1.418999999999999984e-01,1.418999999999999984e-01,1.396000000000000019e-01,1.396000000000000019e-01,1.370000000000000107e-01,1.370000000000000107e-01,1.343000000000000027e-01,1.343000000000000027e-01,1.313999999999999890e-01,1.313999999999999890e-01,1.282000000000000084e-01,1.282000000000000084e-01,1.248999999999999971e-01,1.248999999999999971e-01,1.213999999999999940e-01,1.213999999999999940e-01,1.179000000000000048e-01,1.179000000000000048e-01,1.144000000000000017e-01,1.144000000000000017e-01,1.111999999999999933e-01,1.111999999999999933e-01,1.082000000000000045e-01,1.082000000000000045e-01,1.054999999999999966e-01,1.054999999999999966e-01,1.034000000000000058e-01,1.034000000000000058e-01,1.015999999999999959e-01,1.015999999999999959e-01,1.004000000000000031e-01,1.004000000000000031e-01,9.940000000000000224e-02,9.940000000000000224e-02,9.879999999999999893e-02,9.879999999999999893e-02,9.840000000000000135e-02,9.840000000000000135e-02,9.810000000000000664e-02,9.810000000000000664e-02,9.779999999999999805e-02,9.779999999999999805e-02,9.750000000000000333e-02,9.750000000000000333e-02,9.729999999999999760e-02,3.827999999999999736e-01,3.827999999999999736e-01,3.827999999999999736e-01,3.827999999999999736e-01,2.091999999999999971e-01,2.091999999999999971e-01,2.096999999999999975e-01,2.096999999999999975e-01,2.114000000000000046e-01,2.114000000000000046e-01,2.139000000000000068e-01,2.139000000000000068e-01,2.174000000000000099e-01,2.174000000000000099e-01,2.215999999999999914e-01,2.215999999999999914e-01,2.263999999999999901e-01,2.263999999999999901e-01,2.318999999999999950e-01,2.318999999999999950e-01,2.378000000000000114e-01,2.378000000000000114e-01,2.441000000000000114e-01,2.441000000000000114e-01,2.505999999999999894e-01,2.505999999999999894e-01,2.572999999999999732e-01,2.572999999999999732e-01,2.641000000000000014e-01,2.641000000000000014e-01,2.708999999999999742e-01,2.708999999999999742e-01,2.776000000000000134e-01,2.776000000000000134e-01,2.839999999999999747e-01,2.839999999999999747e-01,2.902000000000000135e-01,2.902000000000000135e-01,2.958999999999999964e-01,2.958999999999999964e-01,3.010999999999999788e-01,3.010999999999999788e-01,3.057000000000000273e-01,3.057000000000000273e-01,3.114999999999999991e-01,3.114999999999999991e-01,3.170999999999999930e-01,3.170999999999999930e-01,3.225999999999999979e-01,3.225999999999999979e-01,3.280000000000000138e-01,3.280000000000000138e-01,3.332999999999999852e-01,3.332999999999999852e-01,3.382999999999999896e-01,3.382999999999999896e-01,3.432000000000000051e-01,3.432000000000000051e-01,3.479999999999999760e-01,3.479999999999999760e-01,3.524999999999999800e-01,3.524999999999999800e-01,3.568000000000000060e-01,3.568000000000000060e-01,3.609999999999999876e-01,3.609999999999999876e-01,3.649000000000000021e-01,3.649000000000000021e-01,3.684999999999999942e-01,3.684999999999999942e-01,3.719000000000000083e-01,3.719000000000000083e-01,3.834000000000000186e-01,3.834000000000000186e-01,3.976000000000000090e-01,3.976000000000000090e-01,4.113999999999999879e-01,4.113999999999999879e-01,4.219999999999999862e-01,4.219999999999999862e-01,4.260999999999999788e-01,4.260999999999999788e-01,4.215999999999999748e-01,4.215999999999999748e-01,4.108999999999999875e-01,4.108999999999999875e-01,3.980000000000000204e-01,3.980000000000000204e-01,3.872999999999999776e-01,3.827999999999999736e-01,3.827999999999999736e-01,3.827999999999999736e-01,3.827999999999999736e-01,2.091999999999999971e-01,2.091999999999999971e-01,2.096999999999999975e-01,2.096999999999999975e-01,2.114000000000000046e-01,2.114000000000000046e-01,2.139000000000000068e-01,2.139000000000000068e-01,2.174000000000000099e-01,2.174000000000000099e-01,2.215999999999999914e-01,2.215999999999999914e-01,2.263999999999999901e-01,2.263999999999999901e-01,2.318999999999999950e-01,2.318999999999999950e-01,2.378000000000000114e-01,2.378000000000000114e-01,2.441000000000000114e-01,2.441000000000000114e-01,2.505999999999999894e-01,2.505999999999999894e-01,2.572999999999999732e-01,2.572999999999999732e-01,2.641000000000000014e-01,2.641000000000000014e-01,2.708999999999999742e-01,2.708999999999999742e-01,2.776000000000000134e-01,2.776000000000000134e-01,2.839999999999999747e-01,2.839999999999999747e-01,2.902000000000000135e-01,2.902000000000000135e-01,2.958999999999999964e-01,2.958999999999999964e-01,3.010999999999999788e-01,3.010999999999999788e-01,3.057000000000000273e-01,3.057000000000000273e-01,3.114999999999999991e-01,3.114999999999999991e-01,3.170999999999999930e-01,3.170999999999999930e-01,3.225999999999999979e-01,3.225999999999999979e-01,3.280000000000000138e-01,3.280000000000000138e-01,3.332999999999999852e-01,3.332999999999999852e-01,3.382999999999999896e-01,3.382999999999999896e-01,3.432000000000000051e-01,3.432000000000000051e-01,3.479999999999999760e-01,3.479999999999999760e-01,3.524999999999999800e-01,3.524999999999999800e-01,3.568000000000000060e-01,3.568000000000000060e-01,3.609999999999999876e-01,3.609999999999999876e-01,3.649000000000000021e-01,3.649000000000000021e-01,3.684999999999999942e-01,3.684999999999999942e-01,3.719000000000000083e-01,3.719000000000000083e-01,3.834000000000000186e-01,3.834000000000000186e-01,3.976000000000000090e-01,3.976000000000000090e-01,4.113999999999999879e-01,4.113999999999999879e-01,4.219999999999999862e-01,4.219999999999999862e-01,4.260999999999999788e-01,4.260999999999999788e-01,4.215999999999999748e-01,4.215999999999999748e-01,4.108999999999999875e-01,4.108999999999999875e-01,3.980000000000000204e-01,3.980000000000000204e-01,3.872999999999999776e-01,1.592000000000000082e-01,1.592000000000000082e-01,1.630999999999999950e-01,1.590000000000000024e-01,1.705000000000000127e-01,1.705000000000000127e-01,1.590000000000000024e-01,1.590000000000000024e-01,1.705000000000000127e-01,2.225000000000000033e-01,2.341999999999999915e-01,2.341999999999999915e-01,2.225000000000000033e-01,2.225000000000000033e-01,2.341999999999999915e-01,2.761000000000000121e-01,2.878999999999999893e-01,2.878999999999999893e-01,1.630999999999999950e-01,1.738000000000000100e-01,2.020000000000000129e-01,2.020000000000000129e-01,1.705000000000000127e-01,2.020000000000000129e-01,2.662999999999999812e-01,2.662999999999999812e-01,2.341999999999999915e-01,2.662999999999999812e-01,3.200999999999999956e-01,3.200999999999999956e-01,1.897000000000000075e-01,1.897000000000000075e-01,2.020000000000000129e-01,2.485999999999999877e-01,2.485999999999999877e-01,2.485999999999999877e-01,2.662999999999999812e-01,3.138000000000000234e-01,3.138000000000000234e-01,3.138000000000000234e-01,3.200999999999999956e-01,3.678000000000000158e-01,2.091999999999999971e-01,2.091999999999999971e-01,2.485999999999999877e-01,3.057000000000000273e-01,3.057000000000000273e-01,3.057000000000000273e-01,3.138000000000000234e-01,3.719000000000000083e-01,3.719000000000000083e-01,3.719000000000000083e-01,3.678000000000000158e-01,4.260999999999999788e-01,2.591999999999999860e-01,2.591999999999999860e-01,2.553000000000000269e-01,4.525000000000000133e-01,4.409000000000000141e-01,4.409000000000000141e-01,4.581999999999999962e-01,4.525000000000000133e-01,4.409000000000000141e-01,4.640000000000000235e-01,4.581999999999999962e-01,4.697000000000000064e-01,4.640000000000000235e-01,4.753000000000000003e-01,4.697000000000000064e-01,4.808000000000000052e-01,4.753000000000000003e-01,4.860999999999999766e-01,4.808000000000000052e-01,4.913000000000000145e-01,4.860999999999999766e-01,4.963000000000000189e-01,4.913000000000000145e-01,5.011999999999999789e-01,4.963000000000000189e-01,5.057000000000000384e-01,5.011999999999999789e-01,5.100999999999999979e-01,5.057000000000000384e-01,5.141000000000000014e-01,5.100999999999999979e-01,5.179000000000000270e-01,5.141000000000000014e-01,5.096000000000000529e-01,5.329000000000000403e-01,5.212999999999999856e-01,5.096000000000000529e-01,5.472000000000000197e-01,5.329000000000000403e-01,5.612000000000000322e-01,5.472000000000000197e-01,5.718999999999999639e-01,5.612000000000000322e-01,5.644000000000000128e-01,2.553000000000000269e-01,2.444999999999999951e-01,4.094999999999999751e-01,4.094999999999999751e-01,4.409000000000000141e-01,4.094999999999999751e-01,4.774999999999999800e-01,4.774999999999999800e-01,5.096000000000000529e-01,4.774999999999999800e-01,5.322000000000000064e-01,5.322000000000000064e-01,2.285999999999999976e-01,2.285999999999999976e-01,4.094999999999999751e-01,3.628000000000000114e-01,3.628000000000000114e-01,3.628000000000000114e-01,4.774999999999999800e-01,4.299999999999999933e-01,4.299999999999999933e-01,4.299999999999999933e-01,5.322000000000000064e-01,4.844999999999999862e-01,2.091999999999999971e-01,2.091999999999999971e-01,3.628000000000000114e-01,3.057000000000000273e-01,3.057000000000000273e-01,3.057000000000000273e-01,4.299999999999999933e-01,3.719000000000000083e-01,3.719000000000000083e-01,3.719000000000000083e-01,4.844999999999999862e-01,4.260999999999999788e-01
Cut_Type,1
