2 0.000000 19.450000 1126.439207
3383 2998 
1 -10.713214 0.000000 -10.128214 19.449952 0.000111 0.000019 0.000005 
2 13.207857 0.000000 -10.128214 19.450141 0.000502 -0.000228 -0.000014 
3 13.207857 0.000000 12.180179 19.450029 0.000326 0.000266 -0.000003 
4 -10.713214 0.000000 12.180179 19.449955 0.000100 -0.000006 0.000005 
5 1.247321 0.000000 1.025982 19.394049 0.023282 1.435367 0.000298 
6 -10.713214 0.000000 1.025982 19.450069 0.000048 -0.000026 -0.000007 
7 1.247321 0.000000 -10.128214 19.449872 0.000446 -0.000680 0.000013 
8 13.207857 0.000000 1.025982 19.449563 -0.098150 0.717009 -0.001340 
9 1.247321 0.000000 12.180179 19.449880 0.000139 0.000334 0.000012 
10 -4.732946 0.000000 -4.551116 19.449442 0.000038 0.000287 0.000057 
11 -10.713214 0.000000 -4.551116 19.450012 0.000050 0.000060 -0.000001 
12 -4.732946 0.000000 -10.128214 19.449779 0.000083 -0.000089 0.000023 
13 1.247321 0.000000 -4.551116 19.447596 -0.000232 -0.005537 0.000247 
14 -4.732946 0.000000 1.025982 19.450629 -0.000340 -0.000652 -0.000065 
15 7.227589 0.000000 -4.551116 19.450606 -0.000020 -0.003840 -0.000062 
16 7.227589 0.000000 -10.128214 19.450262 0.000720 -0.000587 -0.000027 
17 13.207857 0.000000 -4.551116 19.450100 0.002325 0.000961 -0.000010 
18 7.227589 0.000000 1.025982 19.441552 -0.060704 0.664643 -0.000309 
19 -4.732946 0.000000 6.603080 19.449654 0.000319 -0.000086 0.000036 
20 -10.713214 0.000000 6.603080 19.449974 0.000049 -0.000056 0.000003 
21 1.247321 0.000000 6.603080 19.449090 0.000105 0.001162 0.000094 
22 -4.732946 0.000000 12.180179 19.449848 0.000155 0.000104 0.000016 
23 -1.742813 0.000000 -1.762567 19.443998 -0.001170 0.012521 0.000617 
24 -4.732946 0.000000 -1.762567 19.450225 -0.000304 0.000885 -0.000023 
25 -1.742813 0.000000 -4.551116 19.446674 -0.000455 -0.000372 0.000342 
26 1.247321 0.000000 -1.762567 19.496067 -0.007383 -0.230151 -0.004883 
27 -1.742813 0.000000 1.025982 19.455761 -0.001385 -0.016706 -0.000593 
28 7.227589 0.000000 6.603080 19.450440 0.000303 0.000129 -0.000045 
29 13.207857 0.000000 6.603080 19.450089 0.001748 0.000416 -0.000009 
30 7.227589 0.000000 12.180179 19.450035 0.000228 0.000350 -0.000004 
31 4.237455 0.000000 -1.762567 19.472348 -0.009620 -0.252543 -0.002468 
32 4.237455 0.000000 -4.551116 19.450049 -0.000121 -0.004218 -0.000005 
33 7.227589 0.000000 -1.762567 19.459350 0.004288 -0.192787 -0.001060 
34 4.237455 0.000000 1.025982 19.474632 -0.043383 0.446627 -0.003067 
35 -1.742813 0.000000 3.814531 19.445221 -0.000430 -0.000522 0.000491 
36 -4.732946 0.000000 3.814531 19.449456 0.000003 -0.000481 0.000056 
37 1.247321 0.000000 3.814531 19.448562 0.001091 0.010131 0.000148 
38 -1.742813 0.000000 6.603080 19.448939 0.000261 0.000843 0.000109 
39 -0.247746 0.000000 -0.368292 19.714633 -0.001104 0.086498 -0.027417 
40 -1.742813 0.000000 -0.368292 19.468243 -0.001098 0.008487 -0.001877 
41 -0.247746 0.000000 -1.762567 19.340204 -0.002103 -0.026965 0.011256 
42 1.247321 0.000000 -0.368292 19.639820 0.037912 -0.583934 -0.020519 
43 -0.247746 0.000000 1.025982 19.345596 -0.003377 -0.249315 0.010542 
44 4.237455 0.000000 3.814531 19.450390 -0.002832 0.007925 -0.000040 
45 7.227589 0.000000 3.814531 19.452249 -0.005591 0.005594 -0.000231 
46 4.237455 0.000000 6.603080 19.450045 0.000219 0.000766 -0.000005 
47 2.742388 0.000000 -0.368292 19.444652 0.027385 -0.432853 0.000053 
48 2.742388 0.000000 -1.762567 19.426932 -0.022176 -0.247237 0.002208 
49 4.237455 0.000000 -0.368292 19.395035 0.006826 -0.474385 0.005049 
50 2.742388 0.000000 1.025982 19.439311 -0.073779 0.461469 0.000522 
51 -0.247746 0.000000 2.420257 19.410596 -0.001679 0.016021 0.004047 
52 -1.742813 0.000000 2.420257 19.441569 -0.000973 -0.006083 0.000867 
53 1.247321 0.000000 2.420257 19.451980 -0.007476 0.064912 -0.000215 
54 -0.247746 0.000000 3.814531 19.442091 -0.000446 0.005396 0.000813 
55 0.499788 0.000000 0.328845 19.987932 0.013489 0.372224 -0.056446 
56 -0.247746 0.000000 0.328845 19.714097 0.001099 -0.070722 -0.027354 
57 0.499788 0.000000 -0.368292 20.007759 0.014972 -0.431131 -0.058667 
58 1.247321 0.000000 0.328845 19.640073 0.035417 0.516232 -0.020348 
59 0.499788 0.000000 1.025982 17.983983 0.010549 3.970510 0.103393 
60 -7.723080 0.000000 -1.762567 19.450139 0.000052 0.000144 -0.000014 
61 -10.713214 0.000000 -1.762567 19.450062 0.000051 0.000032 -0.000006 
62 -7.723080 0.000000 -4.551116 19.449935 0.000108 0.000099 0.000007 
63 -7.723080 0.000000 1.025982 19.450132 -0.000025 -0.000083 -0.000014 
64 -3.237879 0.000000 -0.368292 19.453159 -0.000614 0.001139 -0.000325 
65 -4.732946 0.000000 -0.368292 19.450862 -0.000359 0.000261 -0.000089 
66 -3.237879 0.000000 -1.762567 19.450123 -0.000406 0.003152 -0.000013 
67 -3.237879 0.000000 1.025982 19.451916 -0.000583 -0.002608 -0.000197 
68 -0.995279 0.000000 0.328845 19.509346 -0.002336 -0.027791 -0.006114 
69 -1.742813 0.000000 0.328845 19.468716 -0.001102 -0.007650 -0.001926 
70 -0.995279 0.000000 -0.368292 19.507361 -0.002327 0.030871 -0.005910 
71 -0.995279 0.000000 1.025982 19.453886 -0.001800 -0.049565 -0.000406 
72 2.742388 0.000000 2.420257 19.442673 -0.005053 0.032715 0.000750 
73 4.237455 0.000000 2.420257 19.454652 0.032391 0.054523 -0.000489 
74 2.742388 0.000000 3.814531 19.450539 -0.004353 0.008219 -0.000056 
75 0.499788 0.000000 1.723119 19.318428 -0.006251 0.278750 0.013278 
76 -0.247746 0.000000 1.723119 19.333530 -0.002171 0.024125 0.011939 
77 1.247321 0.000000 1.723119 19.501587 -0.012077 0.248811 -0.005476 
78 0.499788 0.000000 2.420257 19.417970 -0.005292 0.064778 0.003280 
79 0.126021 0.000000 0.677414 20.492209 0.004038 -0.389271 -0.110440 
80 -0.247746 0.000000 0.677414 19.632993 -0.001655 -0.236734 -0.019053 
81 0.126021 0.000000 0.328845 19.973896 0.004407 0.014738 -0.054597 
82 0.499788 0.000000 0.677414 20.452243 0.034194 1.571442 -0.112244 
83 0.126021 0.000000 1.025982 17.748879 -0.010983 -0.582272 0.166376 
84 1.994855 0.000000 0.328845 19.448929 0.043472 0.405941 -0.000330 
85 1.994855 0.000000 -0.368292 19.447383 0.044631 -0.459748 -0.000295 
86 2.742388 0.000000 0.328845 19.444279 0.026357 0.385748 0.000193 
87 1.994855 0.000000 1.025982 19.430492 0.020543 -0.758552 0.000483 
88 0.873555 0.000000 0.677414 19.741415 0.052356 1.156619 -0.033734 
89 0.873555 0.000000 0.328845 19.807513 0.024263 0.487026 -0.037729 
90 1.247321 0.000000 0.677414 19.603538 0.063956 1.090758 -0.019006 
91 0.873555 0.000000 1.025982 19.261947 0.013269 1.871600 0.009984 
92 -7.723080 0.000000 3.814531 19.449992 0.000108 -0.000106 0.000001 
93 -10.713214 0.000000 3.814531 19.450020 0.000058 -0.000064 -0.000002 
94 -7.723080 0.000000 6.603080 19.449895 0.000062 -0.000073 0.000011 
95 -3.237879 0.000000 2.420257 19.448906 -0.000476 -0.002859 0.000112 
96 -4.732946 0.000000 2.420257 19.449893 -0.000221 -0.001509 0.000011 
97 -3.237879 0.000000 3.814531 19.448263 -0.000215 -0.001642 0.000179 
98 -0.995279 0.000000 1.723119 19.423005 -0.001857 -0.024341 0.002772 
99 -1.742813 0.000000 1.723119 19.444418 -0.001156 -0.012857 0.000573 
100 -0.995279 0.000000 2.420257 19.429320 -0.001164 -0.004866 0.002125 
101 0.126021 0.000000 1.374551 18.986916 -0.005692 0.170926 0.046974 
102 -0.247746 0.000000 1.374551 19.275490 -0.002644 -0.056617 0.017856 
103 0.499788 0.000000 1.374551 19.102565 -0.011013 0.768891 0.033844 
104 0.126021 0.000000 1.723119 19.281674 -0.002901 0.130982 0.017188 
105 0.312905 0.000000 0.851698 21.491034 -0.035472 2.541443 -0.237964 
106 0.126021 0.000000 0.851698 20.051066 -0.009663 -1.271636 -0.067036 
107 0.312905 0.000000 0.677414 21.029377 0.019741 0.575082 -0.169873 
108 0.499788 0.000000 0.851698 18.890734 -0.084336 3.148935 0.030451 
109 0.312905 0.000000 1.025982 16.339807 0.002586 4.123000 0.249309 
110 -1.742813 0.000000 -7.339665 19.449428 0.000602 -0.000472 0.000059 
111 -4.732946 0.000000 -7.339665 19.449713 0.000468 -0.000027 0.000030 
112 -1.742813 0.000000 -10.128214 19.449749 0.000125 -0.000314 0.000026 
113 1.247321 0.000000 -7.339665 19.449602 0.000563 -0.001674 0.000041 
114 -0.247746 0.000000 -3.156842 19.434869 -0.001155 -0.010276 0.001555 
115 -1.742813 0.000000 -3.156842 19.443380 -0.000270 0.001799 0.000681 
116 -0.247746 0.000000 -4.551116 19.445685 -0.000270 -0.003099 0.000444 
117 1.247321 0.000000 -3.156842 19.447048 -0.001768 -0.021048 0.000302 
118 0.499788 0.000000 -1.065430 37.913942 0.003883 -4.182221 -2.846017 
119 -0.247746 0.000000 -1.065430 19.320224 -0.006868 0.226183 0.013165 
120 0.499788 0.000000 -1.762567 19.333657 -0.014444 -0.252062 0.011759 
121 1.247321 0.000000 -1.065430 38.907912 0.003572 -1.985359 -3.012047 
122 0.126021 0.000000 -0.019724 19.849664 -0.015241 0.020897 -0.041521 
123 -0.247746 0.000000 -0.019724 19.698602 -0.000581 -0.000456 -0.025727 
124 0.126021 0.000000 -0.368292 19.995304 0.004792 -0.013400 -0.056859 
125 0.499788 0.000000 -0.019724 19.885243 0.010076 -0.016300 -0.045257 
126 0.312905 0.000000 0.503129 20.326390 0.014792 0.389516 -0.092549 
127 0.126021 0.000000 0.503129 20.153494 0.004273 -0.015606 -0.073648 
128 0.312905 0.000000 0.328845 20.032655 0.008637 0.199515 -0.060916 
129 0.499788 0.000000 0.503129 20.163622 0.023279 0.770349 -0.076296 
130 1.994855 0.000000 1.723119 19.440618 -0.022018 0.193347 0.000864 
131 2.742388 0.000000 1.723119 19.425188 -0.026673 0.259848 0.002369 
132 1.994855 0.000000 2.420257 19.450175 -0.004542 0.027933 -0.000020 
133 0.873555 0.000000 1.374551 19.525255 -0.017011 0.802559 -0.009457 
134 1.247321 0.000000 1.374551 19.611927 0.016657 0.993168 -0.019328 
135 0.873555 0.000000 1.723119 19.447902 -0.016852 0.309578 -0.000038 
136 0.686671 0.000000 0.851698 19.276218 -0.092475 1.668983 0.010404 
137 0.686671 0.000000 0.677414 19.793302 0.042518 1.388223 -0.040712 
138 0.873555 0.000000 0.851698 19.552713 -0.101782 1.180327 -0.014300 
139 0.686671 0.000000 1.025982 18.753946 0.015440 2.500759 0.053761 
140 0.406346 0.000000 0.764556 22.156903 -0.018127 1.482510 -0.303524 
141 0.312905 0.000000 0.764556 27.144158 -0.010123 0.705488 -0.948978 
142 0.406346 0.000000 0.677414 20.911363 0.028226 1.170642 -0.159538 
143 0.499788 0.000000 0.764556 20.449961 0.047703 2.562187 -0.122826 
144 0.406346 0.000000 0.851698 18.630028 -0.055234 5.508050 0.002334 
145 0.873555 0.000000 -0.019724 19.758098 0.004139 -0.012942 -0.031932 
146 0.873555 0.000000 -0.368292 19.808627 0.025843 -0.551770 -0.038023 
147 1.247321 0.000000 -0.019724 19.629082 -0.028856 0.017600 -0.018502 
148 0.686671 0.000000 0.503129 19.907336 0.026182 0.860042 -0.049537 
149 0.686671 0.000000 0.328845 19.881298 0.018930 0.461106 -0.045404 
150 0.873555 0.000000 0.503129 19.804684 0.033701 0.848709 -0.038711 
151 0.593230 0.000000 0.764556 19.743917 0.049028 2.000297 -0.041034 
152 0.593230 0.000000 0.677414 20.016471 0.037791 1.572380 -0.065636 
153 0.686671 0.000000 0.764556 19.590636 0.052907 1.630141 -0.021545 
154 0.593230 0.000000 0.851698 19.166030 -0.087239 2.187551 0.016317 
155 0.312905 0.000000 1.200266 18.385059 -0.012163 1.034204 0.103680 
156 0.126021 0.000000 1.200266 18.625602 -0.006436 0.115702 0.082939 
157 0.499788 0.000000 1.200266 18.880383 0.002946 2.133534 0.045682 
158 0.312905 0.000000 1.374551 18.935585 -0.007851 0.492102 0.051556 
159 0.406346 0.000000 0.938840 17.028716 0.006928 4.457560 0.180954 
160 0.312905 0.000000 0.938840 17.003248 0.006199 4.695865 0.177479 
161 0.499788 0.000000 0.938840 17.864921 0.005383 3.355352 0.126588 
162 0.406346 0.000000 1.025982 17.229356 0.007194 4.860165 0.152869 
163 0.453067 0.000000 0.808127 20.356633 -0.018364 3.270253 -0.123671 
164 0.406346 0.000000 0.808127 20.659772 -0.037641 3.353696 -0.158001 
165 0.453067 0.000000 0.764556 20.608904 -0.018681 2.649387 -0.141273 
166 0.499788 0.000000 0.808127 19.782083 -0.017937 4.304557 -0.083420 
167 0.453067 0.000000 0.851698 18.164381 -0.050586 5.390339 0.051016 
168 0.406346 0.000000 0.590271 20.532339 0.021071 0.843626 -0.116274 
169 0.312905 0.000000 0.590271 20.620925 0.014993 0.495382 -0.124677 
170 0.406346 0.000000 0.503129 20.283051 0.019379 0.613757 -0.088492 
171 0.499788 0.000000 0.590271 20.311038 0.025301 1.099443 -0.093695 
172 0.453067 0.000000 0.720985 20.939051 0.037811 1.775058 -0.167310 
173 0.406346 0.000000 0.720985 21.234846 0.034121 1.390693 -0.197068 
174 0.453067 0.000000 0.677414 20.709617 0.031374 1.421279 -0.139060 
175 0.499788 0.000000 0.720985 20.503318 0.039816 1.945855 -0.121256 
176 0.686671 0.000000 1.200266 19.490189 0.005554 1.771539 -0.012433 
177 0.873555 0.000000 1.200266 19.715534 0.009040 1.521378 -0.033609 
178 0.686671 0.000000 1.374551 19.330261 -0.014059 0.851479 0.010358 
179 0.593230 0.000000 0.938840 18.419600 0.006057 2.480504 0.086883 
180 0.686671 0.000000 0.938840 18.799895 0.006080 1.926948 0.055916 
181 0.593230 0.000000 1.025982 18.538593 0.015180 2.992967 0.067843 
182 0.546509 0.000000 0.808127 19.565545 0.109524 2.577095 -0.029504 
183 0.546509 0.000000 0.764556 19.958914 0.047718 2.271756 -0.066663 
184 0.593230 0.000000 0.808127 19.479929 0.082213 2.174570 -0.015598 
185 0.546509 0.000000 0.851698 19.088429 -0.085744 2.600940 0.018932 
186 0.476428 0.000000 0.786341 20.088775 -0.018132 3.686282 -0.102683 
187 0.453067 0.000000 0.786341 20.357946 -0.018428 3.290965 -0.124171 
188 0.476428 0.000000 0.764556 20.886844 0.048750 2.586192 -0.170891 
189 0.499788 0.000000 0.786341 19.683827 -0.018063 4.522534 -0.078255 
190 0.476428 0.000000 0.808127 19.956879 -0.018280 3.971225 -0.094489 
191 -0.621512 0.000000 0.677414 19.516803 -0.002164 -0.080259 -0.006898 
192 -0.995279 0.000000 0.677414 19.485529 -0.001602 -0.046080 -0.003662 
193 -0.621512 0.000000 0.328845 19.570550 -0.002277 -0.039989 -0.012439 
194 -0.621512 0.000000 1.025982 19.439393 -0.002100 -0.084631 0.001071 
195 -0.060862 0.000000 0.851698 19.542252 -0.003544 -0.568374 -0.010362 
196 -0.247746 0.000000 0.851698 19.495830 -0.002454 -0.291122 -0.004942 
197 -0.060862 0.000000 0.677414 19.845893 -0.000866 -0.369721 -0.041484 
198 -0.060862 0.000000 1.025982 19.133246 -0.005036 -0.435402 0.031805 
199 0.219463 0.000000 0.764556 21.450374 -0.003715 0.017126 -0.216272 
200 0.126021 0.000000 0.764556 20.533912 -0.000020 -0.977849 -0.117089 
201 0.219463 0.000000 0.677414 20.890052 0.010617 0.022421 -0.153561 
202 0.219463 0.000000 0.851698 19.763007 0.001832 0.014035 -0.032445 
203 0.359625 0.000000 0.808127 22.886264 -0.036340 3.013984 -0.408573 
204 0.312905 0.000000 0.808127 24.058078 -0.031945 2.039243 -0.540964 
205 0.359625 0.000000 0.764556 25.154475 -0.014472 0.834271 -0.674437 
206 0.359625 0.000000 0.851698 19.673485 -0.050134 4.952653 -0.087958 
207 0.429707 0.000000 0.786341 20.894356 -0.018568 2.501968 -0.170583 
208 0.406346 0.000000 0.786341 22.025937 -0.018105 1.658617 -0.289691 
209 0.429707 0.000000 0.764556 21.109813 -0.019309 2.083344 -0.189431 
210 0.429707 0.000000 0.808127 20.828905 -0.018609 2.571600 -0.164298 
211 0.453067 0.000000 0.895269 17.775890 0.004454 3.668612 0.129160 
212 0.406346 0.000000 0.895269 17.131551 0.003403 4.038556 0.181079 
213 0.499788 0.000000 0.895269 18.195394 0.005220 3.163553 0.098392 
214 0.453067 0.000000 0.938840 17.262303 0.006863 4.040145 0.169157 
215 0.476428 0.000000 0.829912 19.982013 -0.017988 3.894775 -0.095553 
216 0.453067 0.000000 0.829912 20.212378 -0.018282 3.484591 -0.112028 
217 0.499788 0.000000 0.829912 19.683827 -0.018063 4.522534 -0.078255 
218 0.476428 0.000000 0.851698 18.713511 -0.083442 3.422515 0.043316 
219 0.464747 0.000000 0.797234 20.212378 -0.018282 3.484591 -0.112028 
220 0.453067 0.000000 0.797234 20.356633 -0.018364 3.270253 -0.123671 
221 0.464747 0.000000 0.786341 20.212378 -0.018282 3.484591 -0.112028 
222 0.476428 0.000000 0.797234 20.088775 -0.018132 3.686282 -0.102683 
223 0.464747 0.000000 0.808127 20.185273 -0.018137 3.517798 -0.109748 
224 0.429707 0.000000 0.829912 19.650015 -0.043140 4.171441 -0.066675 
225 0.406346 0.000000 0.829912 19.676578 -0.051150 4.589407 -0.079118 
226 0.429707 0.000000 0.851698 18.475293 -0.060012 5.672761 0.012641 
227 0.441387 0.000000 0.797234 20.564222 -0.018513 2.996003 -0.141583 
228 0.429707 0.000000 0.797234 21.127347 -0.018512 2.290215 -0.193781 
229 0.441387 0.000000 0.786341 20.646303 -0.018375 2.901428 -0.149050 
230 0.441387 0.000000 0.808127 20.564222 -0.018513 2.996003 -0.141583 
231 0.359625 0.000000 0.720985 21.325420 0.028902 0.975369 -0.204660 
232 0.312905 0.000000 0.720985 21.318883 0.022809 0.613884 -0.202403 
233 0.359625 0.000000 0.677414 21.014431 0.024386 0.873581 -0.169355 
234 0.382986 0.000000 0.786341 23.120688 -0.016853 1.225131 -0.417034 
235 0.359625 0.000000 0.786341 24.761696 -0.014961 0.884539 -0.622839 
236 0.382986 0.000000 0.764556 23.367862 -0.016194 1.119486 -0.446753 
237 0.382986 0.000000 0.808127 21.370803 -0.040151 3.466187 -0.239028 
238 0.219463 0.000000 0.938840 17.869316 0.003535 3.786956 0.118025 
239 0.126021 0.000000 0.938840 18.875255 -0.013462 -2.507951 0.041600 
240 0.219463 0.000000 1.025982 16.055506 0.001575 1.410757 0.313329 
241 0.359625 0.000000 0.895269 16.554551 0.002165 3.594641 0.241415 
242 0.312905 0.000000 0.895269 16.677282 0.002222 2.747352 0.244838 
243 0.359625 0.000000 0.938840 16.835464 0.005333 4.698635 0.192419 
244 0.382986 0.000000 0.829912 20.010709 -0.053480 4.750930 -0.118160 
245 0.359625 0.000000 0.829912 21.332161 -0.050824 4.423084 -0.254624 
246 0.382986 0.000000 0.851698 18.880201 -0.055616 5.418128 -0.019875 
247 0.394666 0.000000 0.797234 22.783287 -0.017189 1.347862 -0.376928 
248 0.382986 0.000000 0.797234 23.026956 -0.016883 1.244307 -0.405725 
249 0.394666 0.000000 0.786341 22.315139 -0.017783 1.479289 -0.322101 
250 0.406346 0.000000 0.797234 22.042067 -0.018157 1.609637 -0.291147 
251 0.394666 0.000000 0.808127 20.635136 -0.041829 3.689335 -0.161562 
252 0.266184 0.000000 0.808127 23.129995 -0.023195 1.148658 -0.417693 
253 0.219463 0.000000 0.808127 21.245062 -0.003391 -0.202451 -0.193208 
254 0.266184 0.000000 0.764556 23.615252 -0.005261 0.338822 -0.474468 
255 0.266184 0.000000 0.851698 20.367719 -0.026579 1.437112 -0.102055 
256 0.336265 0.000000 0.786341 26.193839 -0.012334 0.763603 -0.815215 
257 0.312905 0.000000 0.786341 25.573080 -0.024408 1.467253 -0.734421 
258 0.336265 0.000000 0.764556 26.388928 -0.012469 0.748436 -0.842271 
259 0.336265 0.000000 0.808127 24.017706 -0.034565 2.489417 -0.541223 
260 0.336265 0.000000 0.829912 23.277168 -0.041948 3.210750 -0.459512 
261 0.312905 0.000000 0.829912 23.226773 -0.039299 2.604122 -0.443993 
262 0.336265 0.000000 0.851698 20.769390 -0.039612 3.863088 -0.179724 
263 0.347945 0.000000 0.797234 23.812294 -0.032666 2.620750 -0.517026 
264 0.336265 0.000000 0.797234 24.487873 -0.030266 2.298647 -0.599092 
265 0.347945 0.000000 0.786341 25.757756 -0.013449 0.787429 -0.755426 
266 0.359625 0.000000 0.797234 23.170900 -0.033065 2.701020 -0.438497 
267 0.347945 0.000000 0.808127 23.472362 -0.036823 2.990341 -0.480020 
268 -0.060862 0.000000 0.503129 19.868875 0.000183 -0.147004 -0.043593 
269 -0.247746 0.000000 0.503129 19.701068 -0.000976 -0.149536 -0.026043 
270 -0.060862 0.000000 0.328845 19.839601 0.002559 -0.059215 -0.040472 
271 0.219463 0.000000 0.590271 20.533759 0.009252 0.129682 -0.114590 
272 0.126021 0.000000 0.590271 20.323500 0.004619 -0.140827 -0.091889 
273 0.219463 0.000000 0.503129 20.279368 0.007643 0.164509 -0.087172 
274 0.266184 0.000000 0.720985 21.271204 0.016794 0.289096 -0.196260 
275 0.219463 0.000000 0.720985 21.176832 0.011251 -0.065194 -0.185460 
276 0.266184 0.000000 0.677414 20.988000 0.015013 0.296366 -0.164635 
277 0.289544 0.000000 0.786341 23.944892 -0.025392 1.295694 -0.520046 
278 0.266184 0.000000 0.786341 23.760089 -0.005407 0.345231 -0.492618 
279 0.289544 0.000000 0.764556 26.425084 -0.007281 0.570353 -0.846698 
280 0.289544 0.000000 0.808127 23.894785 -0.029078 1.630335 -0.516299 
281 0.032580 0.000000 0.764556 19.963103 -0.001830 -0.716942 -0.054816 
282 -0.060862 0.000000 0.764556 19.731663 -0.002162 -0.489848 -0.029807 
283 0.032580 0.000000 0.677414 20.081336 0.000417 -0.432734 -0.066468 
284 0.032580 0.000000 0.851698 19.645087 -0.004841 -0.914266 -0.022371 
285 0.172742 0.000000 0.808127 20.573745 -0.002651 -1.732382 -0.126823 
286 0.126021 0.000000 0.808127 20.316623 -0.002519 -2.469772 -0.107222 
287 0.172742 0.000000 0.764556 20.519947 -0.002572 -1.922529 -0.122817 
288 0.172742 0.000000 0.851698 20.269949 -0.019086 -0.995190 -0.088710 
289 0.242823 0.000000 0.786341 22.534289 -0.004473 0.214600 -0.342418 
290 0.219463 0.000000 0.786341 21.249125 -0.003470 -0.166910 -0.193630 
291 0.242823 0.000000 0.764556 22.297574 -0.004315 0.210861 -0.314362 
292 0.242823 0.000000 0.808127 22.534289 -0.004473 0.214600 -0.342418 
293 0.266184 0.000000 0.895269 18.720428 0.003589 1.592935 0.066906 
294 0.219463 0.000000 0.895269 20.400306 0.002997 1.499676 -0.106050 
295 0.266184 0.000000 0.938840 17.676839 0.006808 4.692136 0.115822 
296 0.242823 0.000000 0.829912 22.297574 -0.004315 0.210861 -0.314362 
297 0.219463 0.000000 0.829912 21.234864 -0.003636 -0.045840 -0.191960 
298 0.266184 0.000000 0.829912 22.841285 -0.031080 1.508331 -0.385136 
299 0.242823 0.000000 0.851698 19.381339 0.002020 -0.048818 0.007041 
300 0.254504 0.000000 0.797234 22.874851 -0.004822 0.247639 -0.383338 
301 0.242823 0.000000 0.797234 22.343019 -0.004324 0.161375 -0.319676 
302 0.254504 0.000000 0.786341 23.155074 -0.004991 0.294115 -0.417500 
303 0.266184 0.000000 0.797234 22.914802 -0.018797 1.002540 -0.390669 
304 0.254504 0.000000 0.808127 22.008978 -0.016873 1.262013 -0.284655 
305 0.172742 0.000000 0.720985 20.928553 0.006469 -0.435794 -0.158317 
306 0.126021 0.000000 0.720985 20.559477 0.002740 -0.613540 -0.118334 
307 0.172742 0.000000 0.677414 20.716673 0.007063 -0.229416 -0.134630 
308 0.196102 0.000000 0.786341 20.729908 -0.002866 -1.319282 -0.140541 
309 0.172742 0.000000 0.786341 20.573745 -0.002651 -1.732382 -0.126823 
310 0.196102 0.000000 0.764556 20.907775 -0.003013 -0.592422 -0.156445 
311 0.196102 0.000000 0.808127 20.714924 -0.002862 -1.410705 -0.139559 
312 -0.621512 0.000000 1.374551 19.392242 -0.002014 -0.048239 0.005924 
313 -0.995279 0.000000 1.374551 19.430978 -0.001991 -0.037076 0.001951 
314 -0.621512 0.000000 1.723119 19.391547 -0.002700 -0.019813 0.006000 
315 -0.060862 0.000000 1.200266 19.057859 -0.004451 -0.153380 0.039854 
316 -0.247746 0.000000 1.200266 19.275629 -0.002823 -0.138755 0.017799 
317 -0.060862 0.000000 1.374551 19.149425 -0.003807 -0.001406 0.030669 
318 0.032580 0.000000 0.938840 19.166101 -0.006568 -0.910521 0.026788 
319 -0.060862 0.000000 0.938840 19.313877 -0.004558 -0.549774 0.013149 
320 0.032580 0.000000 1.025982 18.801383 -0.006982 -0.584988 0.064679 
321 0.172742 0.000000 0.895269 21.261914 0.000938 -0.352629 -0.195322 
322 0.126021 0.000000 0.895269 20.036344 -0.012450 -1.650898 -0.068406 
323 0.172742 0.000000 0.938840 18.375473 -0.001238 1.008146 0.104753 
324 0.196102 0.000000 0.829912 20.836342 -0.002815 -0.732724 -0.149054 
325 0.172742 0.000000 0.829912 20.468331 -0.002533 -2.129382 -0.119440 
326 0.196102 0.000000 0.851698 20.302927 -0.029063 -0.750483 -0.091119 
327 0.207783 0.000000 0.797234 21.088213 -0.003222 -0.552549 -0.176355 
328 0.196102 0.000000 0.797234 20.740514 -0.002859 -1.266683 -0.141344 
329 0.207783 0.000000 0.786341 21.088213 -0.003222 -0.552549 -0.176355 
330 0.219463 0.000000 0.797234 21.232175 -0.003494 -0.159643 -0.191720 
331 0.207783 0.000000 0.808127 21.085049 -0.003167 -0.608022 -0.176172 
332 0.079300 0.000000 0.808127 19.995086 -0.003763 -1.007797 -0.059520 
333 0.032580 0.000000 0.808127 19.822790 -0.003384 -0.828579 -0.040515 
334 0.079300 0.000000 0.764556 20.169488 -0.001204 -0.834329 -0.077192 
335 0.079300 0.000000 0.851698 19.790036 -0.006143 -1.132387 -0.038660 
336 0.149382 0.000000 0.786341 20.468331 -0.002533 -2.129382 -0.119440 
337 0.126021 0.000000 0.786341 20.316623 -0.002519 -2.469772 -0.107222 
338 0.149382 0.000000 0.764556 20.363668 -0.002519 -2.532108 -0.113105 
339 0.149382 0.000000 0.808127 20.468331 -0.002533 -2.129382 -0.119440 
340 0.184422 0.000000 0.797234 20.661039 -0.002746 -1.436663 -0.133861 
341 0.172742 0.000000 0.797234 20.580094 -0.002632 -1.748259 -0.127660 
342 0.184422 0.000000 0.786341 20.635721 -0.002766 -1.562265 -0.132093 
343 0.184422 0.000000 0.808127 20.635721 -0.002766 -1.562265 -0.132093 
344 0.149382 0.000000 0.829912 20.363668 -0.002519 -2.532108 -0.113105 
345 0.126021 0.000000 0.829912 20.084259 -0.007805 -1.253324 -0.070435 
346 0.149382 0.000000 0.851698 20.183036 -0.013252 -1.205840 -0.080641 
347 0.161062 0.000000 0.797234 20.460058 -0.002563 -2.220208 -0.119589 
348 0.149382 0.000000 0.797234 20.468331 -0.002533 -2.129382 -0.119440 
349 0.161062 0.000000 0.786341 20.519947 -0.002572 -1.922529 -0.122817 
350 0.161062 0.000000 0.808127 20.519947 -0.002572 -1.922529 -0.122817 
351 0.418026 0.000000 0.797234 21.342931 -0.018676 2.065549 -0.215397 
352 0.418026 0.000000 0.786341 21.461020 -0.018513 1.969842 -0.227737 
353 0.418026 0.000000 0.808127 21.342931 -0.018676 2.065549 -0.215397 
354 0.441387 0.000000 0.819020 20.144514 -0.022979 3.544099 -0.105894 
355 0.429707 0.000000 0.819020 19.745367 -0.039606 4.016386 -0.073248 
356 0.453067 0.000000 0.819020 20.357946 -0.018428 3.290965 -0.124171 
357 0.441387 0.000000 0.829912 19.653115 -0.035993 4.125880 -0.065996 
358 0.435547 0.000000 0.802680 20.724722 -0.018549 2.750759 -0.155375 
359 0.429707 0.000000 0.802680 20.828905 -0.018609 2.571600 -0.164298 
360 0.435547 0.000000 0.797234 20.724722 -0.018549 2.750759 -0.155375 
361 0.441387 0.000000 0.802680 20.564222 -0.018513 2.996003 -0.141583 
362 0.435547 0.000000 0.808127 20.664332 -0.018441 2.834046 -0.149997 
363 0.382986 0.000000 0.873483 18.232913 -0.045963 5.211360 0.049439 
364 0.359625 0.000000 0.873483 18.111502 -0.029321 4.325642 0.083436 
365 0.406346 0.000000 0.873483 18.176879 -0.045191 5.300509 0.052355 
366 0.382986 0.000000 0.895269 16.820905 0.002722 3.910707 0.211645 
367 0.394666 0.000000 0.840805 18.941343 -0.060423 5.579789 -0.030689 
368 0.382986 0.000000 0.840805 19.108582 -0.060104 5.518903 -0.045723 
369 0.394666 0.000000 0.829912 19.914161 -0.051305 4.557208 -0.103203 
370 0.406346 0.000000 0.840805 18.766626 -0.060257 5.611277 -0.014205 
371 0.394666 0.000000 0.851698 18.723687 -0.055551 5.466734 -0.005716 
372 0.371306 0.000000 0.840805 19.646416 -0.055779 5.221371 -0.092373 
373 0.359625 0.000000 0.840805 20.410179 -0.054959 5.014370 -0.167643 
374 0.371306 0.000000 0.829912 20.793311 -0.051079 4.490086 -0.196199 
375 0.371306 0.000000 0.851698 19.142210 -0.054300 5.262336 -0.041810 
376 0.289544 0.000000 0.829912 23.359319 -0.035526 2.063076 -0.453639 
377 0.289544 0.000000 0.851698 21.468495 -0.031922 1.681064 -0.225800 
378 0.324585 0.000000 0.819020 23.335748 -0.037713 2.575068 -0.457007 
379 0.312905 0.000000 0.819020 23.551489 -0.036647 2.318758 -0.480431 
380 0.324585 0.000000 0.808127 23.685839 -0.034830 2.276513 -0.496693 
381 0.336265 0.000000 0.819020 23.402892 -0.040780 3.051051 -0.472382 
382 0.324585 0.000000 0.829912 22.991910 -0.041086 2.854310 -0.418909 
383 0.301224 0.000000 0.819020 23.576638 -0.034791 2.125815 -0.481296 
384 0.289544 0.000000 0.819020 23.636089 -0.031795 1.858683 -0.485902 
385 0.301224 0.000000 0.808127 24.160606 -0.030569 1.884279 -0.552425 
386 0.301224 0.000000 0.829912 23.442113 -0.036801 2.242746 -0.465927 
387 0.219463 0.000000 1.113124 17.737146 -0.014382 0.700892 0.167074 
388 0.126021 0.000000 1.113124 18.286055 -0.009638 -0.021721 0.116103 
389 0.312905 0.000000 1.113124 17.450541 0.001295 2.141475 0.182910 
390 0.219463 0.000000 1.200266 18.414021 -0.008856 0.506501 0.103012 
391 0.172742 0.000000 0.982411 15.269633 0.002178 -0.013417 0.383663 
392 0.126021 0.000000 0.982411 17.599142 -0.012627 -1.383485 0.176204 
393 0.219463 0.000000 0.982411 15.045536 0.003381 2.696543 0.382400 
394 0.172742 0.000000 1.025982 16.835463 -0.019248 0.063107 0.250766 
395 0.266184 0.000000 0.982411 16.207775 0.005011 4.596615 0.249752 
396 0.312905 0.000000 0.982411 16.552751 0.004568 4.932253 0.211423 
397 0.266184 0.000000 1.025982 15.807827 0.001947 3.021000 0.315326 
398 0.196102 0.000000 0.960626 15.643608 0.002683 2.465340 0.337037 
399 0.172742 0.000000 0.960626 14.311046 0.002363 0.534513 0.457863 
400 0.196102 0.000000 0.938840 18.785753 0.001285 2.705828 0.047783 
401 0.219463 0.000000 0.960626 17.431808 0.003054 3.839712 0.157787 
402 0.196102 0.000000 0.982411 14.726577 0.003810 1.352414 0.421888 
403 0.032580 0.000000 1.113124 18.773983 -0.010897 -0.266019 0.068118 
404 -0.060862 0.000000 1.113124 19.060274 -0.009166 -0.272573 0.039477 
405 0.032580 0.000000 1.200266 18.870542 -0.005785 -0.077719 0.058681 
406 0.079300 0.000000 0.982411 18.572635 -0.008705 -1.058086 0.085223 
407 0.032580 0.000000 0.982411 18.933275 -0.006869 -0.778825 0.050824 
408 0.079300 0.000000 0.938840 19.028148 -0.008602 -1.331109 0.038224 
409 0.079300 0.000000 1.025982 18.430853 -0.008585 -0.658747 0.100904 
410 0.149382 0.000000 0.960626 11.599744 0.003664 -0.773676 0.642739 
411 0.126021 0.000000 0.960626 17.914108 -0.013216 -2.073939 0.140326 
412 0.149382 0.000000 0.938840 18.482456 -0.002770 0.088032 0.096995 
413 0.149382 0.000000 0.982411 16.549668 -0.019558 -1.228862 0.272006 
414 0.196102 0.000000 0.917054 22.220196 0.001704 1.900829 -0.314689 
415 0.172742 0.000000 0.917054 23.260146 0.000260 0.160995 -0.430232 
416 0.196102 0.000000 0.895269 20.948977 0.001527 0.472294 -0.160666 
417 0.219463 0.000000 0.917054 20.207424 0.004159 2.983010 -0.102923 
418 0.184422 0.000000 0.949733 18.024101 0.001082 2.026494 0.130392 
419 0.172742 0.000000 0.949733 17.614500 -0.001320 0.832192 0.178004 
420 0.184422 0.000000 0.938840 18.330022 0.000959 2.159835 0.099518 
421 0.196102 0.000000 0.949733 17.861480 0.002347 2.924162 0.134071 
422 0.184422 0.000000 0.960626 15.229460 0.002877 1.836728 0.377984 
423 0.242823 0.000000 0.960626 17.021223 0.004805 4.354847 0.184021 
424 0.242823 0.000000 0.938840 17.780009 0.004708 4.238663 0.116858 
425 0.266184 0.000000 0.960626 16.772333 0.006102 4.588175 0.200739 
426 0.242823 0.000000 0.982411 15.667788 0.002877 3.798028 0.312971 
427 0.207783 0.000000 0.949733 17.820904 0.002678 3.296807 0.131770 
428 0.207783 0.000000 0.938840 18.180235 0.002516 3.249841 0.098387 
429 0.219463 0.000000 0.949733 17.832296 0.003194 3.764366 0.121969 
430 0.207783 0.000000 0.960626 17.207146 0.002794 3.448155 0.185901 
431 0.406346 0.000000 1.113124 18.098808 0.002220 2.883013 0.112143 
432 0.499788 0.000000 1.113124 18.939693 0.005391 3.119229 0.026066 
433 0.406346 0.000000 1.200266 18.593086 -0.021180 1.486687 0.080330 
434 0.359625 0.000000 0.982411 16.753004 0.005590 4.996641 0.192103 
435 0.406346 0.000000 0.982411 17.034988 0.007503 4.976377 0.167451 
436 0.359625 0.000000 1.025982 16.802627 0.004179 4.685883 0.195655 
437 0.289544 0.000000 0.960626 16.664893 0.005935 4.808546 0.204761 
438 0.289544 0.000000 0.938840 17.435371 0.007775 4.537837 0.141998 
439 0.312905 0.000000 0.960626 16.552895 0.004620 4.916868 0.211811 
440 0.289544 0.000000 0.982411 16.353125 0.004442 4.762856 0.233128 
441 0.266184 0.000000 1.069553 16.794094 0.001194 1.735870 0.246490 
442 0.219463 0.000000 1.069553 17.143879 -0.021690 0.888857 0.220986 
443 0.312905 0.000000 1.069553 16.955294 0.001471 2.772660 0.219752 
444 0.266184 0.000000 1.113124 17.616022 -0.021476 1.251824 0.175549 
445 0.289544 0.000000 1.004197 16.006765 0.002362 4.189784 0.276318 
446 0.266184 0.000000 1.004197 15.764549 0.002582 3.805207 0.304788 
447 0.312905 0.000000 1.004197 16.294835 0.003169 4.986144 0.232405 
448 0.289544 0.000000 1.025982 16.043084 0.002166 3.377387 0.289491 
449 0.277864 0.000000 0.971518 16.556260 0.005722 4.762275 0.215472 
450 0.266184 0.000000 0.971518 16.562445 0.006201 4.582986 0.219359 
451 0.277864 0.000000 0.960626 16.703479 0.006384 4.641785 0.205524 
452 0.289544 0.000000 0.971518 16.572805 0.005970 4.723578 0.214993 
453 0.277864 0.000000 0.982411 16.456338 0.005694 4.759564 0.224260 
454 0.453067 0.000000 0.982411 17.289234 0.009172 4.598794 0.153940 
455 0.499788 0.000000 0.982411 17.584853 0.009756 3.985164 0.140612 
456 0.453067 0.000000 1.025982 17.632218 0.008873 4.472334 0.125311 
457 0.359625 0.000000 1.069553 17.314813 0.003186 3.789485 0.169546 
458 0.406346 0.000000 1.069553 17.621219 0.004641 4.214790 0.132250 
459 0.359625 0.000000 1.113124 17.804930 0.002039 2.714887 0.142522 
460 0.382986 0.000000 1.004197 16.948248 0.006391 4.969052 0.175436 
461 0.359625 0.000000 1.004197 16.774087 0.005380 5.002929 0.190068 
462 0.382986 0.000000 0.982411 16.872053 0.006422 5.022945 0.180824 
463 0.406346 0.000000 1.004197 17.098962 0.007271 4.900507 0.163660 
464 0.382986 0.000000 1.025982 16.944979 0.005754 4.978439 0.175482 
465 0.593230 0.000000 1.113124 19.204185 0.010567 2.669245 0.006283 
466 0.686671 0.000000 1.113124 19.327363 0.014397 2.384388 -0.002458 
467 0.593230 0.000000 1.200266 19.184407 0.004434 1.936541 0.017211 
468 0.453067 0.000000 1.069553 18.082803 0.006879 4.151997 0.090075 
469 0.499788 0.000000 1.069553 18.407657 0.009582 3.808336 0.065971 
470 0.453067 0.000000 1.113124 18.493742 0.002478 3.045795 0.071390 
471 0.429707 0.000000 1.004197 17.296203 0.008032 4.758017 0.149365 
472 0.429707 0.000000 0.982411 17.118472 0.008784 4.910081 0.161647 
473 0.453067 0.000000 1.004197 17.555757 0.009104 4.519768 0.131296 
474 0.429707 0.000000 1.025982 17.403612 0.008060 4.690664 0.141195 
475 0.429707 0.000000 1.047768 17.728364 0.007540 4.570843 0.113969 
476 0.406346 0.000000 1.047768 17.425701 0.005297 4.487762 0.144084 
477 0.453067 0.000000 1.047768 17.790263 0.008465 4.412752 0.111912 
478 0.429707 0.000000 1.069553 17.958359 0.005889 4.132610 0.102355 
479 0.418026 0.000000 1.015089 17.231192 0.007521 4.861367 0.152670 
480 0.406346 0.000000 1.015089 17.186135 0.007365 4.857767 0.156862 
481 0.418026 0.000000 1.004197 17.195268 0.007465 4.878608 0.155496 
482 0.429707 0.000000 1.015089 17.403612 0.008060 4.690664 0.141195 
483 0.418026 0.000000 1.025982 17.378016 0.007678 4.757394 0.141882 
484 0.546509 0.000000 1.069553 18.554142 0.013635 3.358529 0.060180 
485 0.546509 0.000000 1.025982 18.340522 0.013181 3.403506 0.080210 
486 0.593230 0.000000 1.069553 18.710289 0.015639 2.944203 0.051702 
487 0.546509 0.000000 1.113124 19.251932 0.007794 2.834236 -0.000971 
488 0.476428 0.000000 1.047768 17.913654 0.009782 4.165750 0.105868 
489 0.476428 0.000000 1.025982 17.860290 0.009888 4.210723 0.109918 
490 0.499788 0.000000 1.047768 18.097031 0.010394 3.853043 0.095040 
491 0.476428 0.000000 1.069553 18.317432 0.007899 3.953870 0.071744 
492 0.546509 0.000000 0.982411 17.915719 0.010524 3.306451 0.122645 
493 0.546509 0.000000 0.938840 18.103331 0.005708 2.927593 0.111025 
494 0.593230 0.000000 0.982411 18.060161 0.009358 2.843637 0.116433 
495 0.523148 0.000000 1.047768 18.252945 0.011668 3.636449 0.084347 
496 0.523148 0.000000 1.025982 18.129186 0.011803 3.658179 0.095830 
497 0.546509 0.000000 1.047768 18.389505 0.013181 3.388949 0.075716 
498 0.523148 0.000000 1.069553 18.600016 0.011421 3.523404 0.052676 
499 1.621088 0.000000 1.374551 19.759891 0.014990 0.634704 -0.033185 
500 1.621088 0.000000 1.025982 19.096207 0.018153 0.928028 0.033771 
501 1.994855 0.000000 1.374551 19.382557 -0.045533 0.076225 0.006902 
502 1.621088 0.000000 1.723119 19.483293 -0.036360 0.202163 -0.003538 
503 1.060438 0.000000 1.200266 19.682554 0.014582 1.517404 -0.030143 
504 1.060438 0.000000 1.025982 19.635679 0.016198 1.556011 -0.025585 
505 1.247321 0.000000 1.200266 19.512376 0.020047 1.411574 -0.011692 
506 1.060438 0.000000 1.374551 19.713726 0.011377 1.057905 -0.030261 
507 0.780113 0.000000 1.113124 19.353669 0.015978 2.145858 -0.002292 
508 0.780113 0.000000 1.025982 19.001009 0.014343 2.141487 0.033513 
509 0.873555 0.000000 1.113124 19.504439 0.015045 1.947553 -0.015633 
510 0.780113 0.000000 1.200266 19.493080 0.005555 1.661874 -0.011735 
511 0.639950 0.000000 1.069553 18.842725 0.015823 2.684013 0.042426 
512 0.639950 0.000000 1.025982 18.666681 0.016352 2.725720 0.059285 
513 0.686671 0.000000 1.069553 18.986896 0.016389 2.526014 0.030186 
514 0.639950 0.000000 1.113124 19.218132 0.013162 2.518566 0.006932 
515 1.621088 0.000000 0.677414 19.354720 0.059998 0.910368 0.007573 
516 1.621088 0.000000 0.328845 19.484754 0.042918 0.461413 -0.004145 
517 1.994855 0.000000 0.677414 19.394684 0.043958 0.767642 0.004117 
518 1.060438 0.000000 0.851698 19.664523 0.013789 1.117378 -0.025481 
519 1.060438 0.000000 0.677414 19.761859 0.060233 1.106772 -0.035572 
520 1.247321 0.000000 0.851698 19.377750 0.024997 1.113101 0.004139 
521 0.780113 0.000000 0.938840 19.078332 0.006185 1.536469 0.031612 
522 0.780113 0.000000 0.851698 19.407003 -0.097318 1.358919 -0.000490 
523 0.873555 0.000000 0.938840 19.414461 0.009321 1.292663 -0.000766 
524 0.639950 0.000000 0.982411 18.369231 0.008531 2.497803 0.091553 
525 0.639950 0.000000 0.938840 18.598332 0.005967 2.182754 0.073063 
526 0.686671 0.000000 0.982411 18.660876 0.007384 2.218800 0.066484 
527 0.733392 0.000000 1.069553 19.132402 0.018069 2.370335 0.017539 
528 0.733392 0.000000 1.025982 18.895868 0.014025 2.267329 0.042579 
529 0.780113 0.000000 1.069553 19.203471 0.017910 2.214311 0.012228 
530 0.733392 0.000000 1.113124 19.401527 0.014893 2.229477 -0.008162 
531 0.663311 0.000000 1.047768 18.888988 0.016676 2.590135 0.039121 
532 0.639950 0.000000 1.047768 18.842725 0.015823 2.684013 0.042426 
533 0.663311 0.000000 1.025982 18.684019 0.016251 2.676681 0.058274 
534 0.686671 0.000000 1.047768 18.962156 0.016661 2.525744 0.032671 
535 0.663311 0.000000 1.069553 18.972179 0.016892 2.580581 0.030926 
536 0.966996 0.000000 1.113124 19.558830 0.016053 1.797341 -0.019762 
537 0.966996 0.000000 1.025982 19.402442 0.013158 1.599810 -0.001882 
538 1.060438 0.000000 1.113124 19.643003 0.016433 1.650896 -0.027150 
539 0.966996 0.000000 1.200266 19.704004 0.010505 1.333830 -0.030992 
540 0.826834 0.000000 1.069553 19.311180 0.016460 2.070237 0.002894 
541 0.826834 0.000000 1.025982 19.126266 0.014671 2.021209 0.022212 
542 0.873555 0.000000 1.069553 19.406969 0.015985 1.973039 -0.005871 
543 0.826834 0.000000 1.113124 19.419164 0.015871 2.048738 -0.007927 
544 0.966996 0.000000 0.938840 19.473138 0.008940 1.227975 -0.006367 
545 0.966996 0.000000 0.851698 19.680546 -0.109776 1.078394 -0.026953 
546 1.060438 0.000000 0.938840 19.643607 0.015143 1.252454 -0.024154 
547 0.920276 0.000000 1.069553 19.464296 0.016005 1.889484 -0.010909 
548 0.920276 0.000000 1.025982 19.348655 0.013924 1.765581 0.002153 
549 0.966996 0.000000 1.069553 19.504126 0.016236 1.803306 -0.014170 
550 0.920276 0.000000 1.113124 19.533876 0.015246 1.870381 -0.017891 
551 -1.742813 0.000000 9.391630 19.449680 0.000328 0.000466 0.000033 
552 -4.732946 0.000000 9.391630 19.449774 0.000085 0.000092 0.000023 
553 1.247321 0.000000 9.391630 19.450015 0.001044 0.000520 -0.000002 
554 -1.742813 0.000000 12.180179 19.449835 0.000101 0.000203 0.000017 
555 -0.247746 0.000000 5.208806 19.447127 -0.000439 0.001267 0.000295 
556 -1.742813 0.000000 5.208806 19.447641 -0.000053 0.000002 0.000243 
557 1.247321 0.000000 5.208806 19.448092 -0.000486 0.003806 0.000196 
558 -0.247746 0.000000 6.603080 19.448745 0.000025 0.000664 0.000129 
559 0.499788 0.000000 3.117394 19.438280 -0.001443 0.020890 0.001204 
560 -0.247746 0.000000 3.117394 19.434166 -0.001170 0.010599 0.001627 
561 1.247321 0.000000 3.117394 19.445875 -0.001836 0.021459 0.000423 
562 0.499788 0.000000 3.814531 19.443598 -0.001319 0.009548 0.000658 
563 0.873555 0.000000 2.071688 19.443253 -0.003991 0.163400 0.000623 
564 0.499788 0.000000 2.071688 19.390582 -0.003057 0.142624 0.006047 
565 1.247321 0.000000 2.071688 19.469805 -0.005473 0.141222 -0.002090 
566 0.873555 0.000000 2.420257 19.437826 -0.006373 0.072448 0.001237 
567 1.060438 0.000000 1.548835 19.542687 -0.014359 0.426495 -0.010035 
568 0.873555 0.000000 1.548835 19.471578 -0.012003 0.492808 -0.002862 
569 1.247321 0.000000 1.548835 19.548745 -0.017477 0.358162 -0.010519 
570 1.060438 0.000000 1.723119 19.491128 -0.016124 0.273276 -0.004432 
571 0.966996 0.000000 1.287409 19.713143 0.011425 1.075796 -0.030301 
572 0.873555 0.000000 1.287409 19.575128 -0.029510 1.068477 -0.015928 
573 1.060438 0.000000 1.287409 19.713259 0.013000 1.213389 -0.031146 
574 0.966996 0.000000 1.374551 19.596062 -0.019367 0.750363 -0.016565 
575 0.920276 0.000000 1.156695 19.673908 0.012170 1.738279 -0.031144 
576 0.873555 0.000000 1.156695 19.761240 0.010295 1.711248 -0.040001 
577 0.966996 0.000000 1.156695 19.664525 0.014059 1.668562 -0.029541 
578 0.920276 0.000000 1.200266 19.693052 0.009091 1.468121 -0.030846 
579 0.896915 0.000000 1.091339 19.472745 0.016129 1.919157 -0.012077 
580 0.873555 0.000000 1.091339 19.441746 0.015534 1.961967 -0.009327 
581 0.896915 0.000000 1.069553 19.448319 0.016038 1.929861 -0.009673 
582 0.920276 0.000000 1.091339 19.496807 0.015612 1.877119 -0.014134 
583 0.896915 0.000000 1.113124 19.516293 0.015171 1.886965 -0.016241 
584 1.434205 0.000000 1.200266 19.482033 0.012811 1.266932 -0.007540 
585 1.434205 0.000000 1.025982 19.268467 0.022924 1.260900 0.014376 
586 1.621088 0.000000 1.200266 19.511791 0.007797 0.846214 -0.008257 
587 1.434205 0.000000 1.374551 19.691798 0.015790 0.856507 -0.026958 
588 1.153880 0.000000 1.113124 19.552514 0.019116 1.610504 -0.017426 
589 1.153880 0.000000 1.025982 19.514293 0.019999 1.514002 -0.012682 
590 1.247321 0.000000 1.113124 19.459519 0.019908 1.474776 -0.006729 
591 1.153880 0.000000 1.200266 19.582292 0.017883 1.477357 -0.019420 
592 1.013717 0.000000 1.069553 19.595246 0.017112 1.700008 -0.022631 
593 1.013717 0.000000 1.025982 19.579908 0.016815 1.513336 -0.019457 
594 1.060438 0.000000 1.069553 19.642161 0.016143 1.593633 -0.026571 
595 1.013717 0.000000 1.113124 19.627947 0.016911 1.691139 -0.025942 
596 10.217723 0.000000 3.814531 19.452233 -0.004986 -0.000130 -0.000230 
597 10.217723 0.000000 1.025982 19.460215 -0.123774 0.971667 -0.003587 
598 13.207857 0.000000 3.814531 19.449979 0.000544 0.004547 0.000002 
599 10.217723 0.000000 6.603080 19.450344 0.000475 -0.000652 -0.000035 
600 5.732522 0.000000 2.420257 19.451670 0.000174 0.035494 -0.000175 
601 5.732522 0.000000 1.025982 19.460861 0.006025 0.581104 -0.002010 
602 7.227589 0.000000 2.420257 19.456190 -0.003830 0.035101 -0.000640 
603 5.732522 0.000000 3.814531 19.451250 -0.000363 0.007575 -0.000129 
604 3.489922 0.000000 1.723119 19.451332 -0.019668 0.280251 -0.000346 
605 3.489922 0.000000 1.025982 19.446966 -0.051530 0.417208 -0.000155 
606 4.237455 0.000000 1.723119 19.473552 -0.010806 0.268025 -0.002613 
607 3.489922 0.000000 2.420257 19.447845 0.029903 0.056840 0.000211 
608 2.368622 0.000000 1.374551 19.365241 -0.039473 0.350778 0.008367 
609 2.368622 0.000000 1.025982 19.456823 -0.059915 0.528040 -0.001448 
610 2.742388 0.000000 1.374551 19.413810 -0.043511 0.368417 0.003354 
611 2.368622 0.000000 1.723119 19.418988 -0.023694 0.223213 0.003053 
612 1.807972 0.000000 1.200266 19.494770 0.003342 0.008199 -0.004609 
613 1.807972 0.000000 1.025982 18.888524 0.024281 0.222443 0.056770 
614 1.994855 0.000000 1.200266 19.126128 0.000999 -1.640169 0.025915 
615 1.807972 0.000000 1.374551 19.796248 0.015056 0.232322 -0.036064 
616 10.217723 0.000000 -1.762567 19.449123 -0.017039 -0.174270 0.000009 
617 10.217723 0.000000 -4.551116 19.450765 0.000527 -0.001726 -0.000079 
618 13.207857 0.000000 -1.762567 19.449825 -0.030180 -0.068196 0.000003 
619 5.732522 0.000000 -0.368292 19.422742 -0.034846 -0.534997 0.002041 
620 5.732522 0.000000 -1.762567 19.458437 0.034473 -0.208523 -0.000986 
621 7.227589 0.000000 -0.368292 19.368037 0.006573 -0.640771 0.007325 
622 3.489922 0.000000 0.328845 19.416832 0.006711 0.395041 0.002995 
623 3.489922 0.000000 -0.368292 19.417523 0.007477 -0.444318 0.002815 
624 4.237455 0.000000 0.328845 19.392868 0.006142 0.420140 0.005399 
625 2.368622 0.000000 0.677414 19.437584 0.038000 0.769122 -0.000291 
626 2.368622 0.000000 0.328845 19.445713 0.037396 0.386124 0.000043 
627 2.742388 0.000000 0.677414 19.444483 0.034233 0.776763 -0.001031 
628 1.807972 0.000000 0.851698 19.255786 0.139129 0.562663 0.018983 
629 1.621088 0.000000 0.851698 19.032845 0.028565 0.769725 0.040867 
630 1.807972 0.000000 0.677414 19.353897 0.052594 0.809712 0.008117 
631 1.994855 0.000000 0.851698 19.385362 0.087266 0.488454 0.005985 
632 1.714530 0.000000 1.113124 19.244489 0.011684 0.778427 0.019419 
633 1.621088 0.000000 1.113124 19.275853 0.009820 0.899646 0.015687 
634 1.714530 0.000000 1.025982 19.085002 0.019440 0.649116 0.036065 
635 1.807972 0.000000 1.113124 19.198605 0.006861 -0.003134 0.025683 
636 1.714530 0.000000 1.200266 19.484603 0.008675 0.771940 -0.005137 
637 2.181738 0.000000 1.200266 19.199800 0.004987 -1.372008 0.020586 
638 2.181738 0.000000 1.025982 19.308374 0.001652 -1.514267 0.008449 
639 2.368622 0.000000 1.200266 19.354842 -0.043011 0.513270 0.009060 
640 2.181738 0.000000 1.374551 19.307442 -0.039456 0.254420 0.014430 
641 2.181738 0.000000 0.851698 19.464597 0.065438 0.568264 -0.002366 
642 2.181738 0.000000 0.677414 19.427232 0.038858 0.760896 0.000805 
643 2.368622 0.000000 0.851698 19.450667 0.056316 0.630410 -0.001128 
644 2.088297 0.000000 1.113124 19.163573 0.000753 -1.608902 0.022393 
645 1.994855 0.000000 1.113124 19.163396 0.000277 -1.649081 0.022065 
646 2.088297 0.000000 1.025982 19.784298 0.020518 -0.735291 -0.036101 
647 2.181738 0.000000 1.113124 19.281443 -0.031256 -0.759654 0.015729 
648 2.088297 0.000000 1.200266 19.046170 -0.003121 -1.776757 0.032749 
649 3.116155 0.000000 1.374551 19.432599 -0.048775 0.369125 0.001422 
650 3.116155 0.000000 1.025982 19.442870 -0.060499 0.421290 0.000254 
651 3.489922 0.000000 1.374551 19.447254 -0.049702 0.373570 -0.000093 
652 3.116155 0.000000 1.723119 19.437586 -0.022592 0.274474 0.001076 
653 2.555505 0.000000 1.200266 19.405749 -0.045687 0.481486 0.003927 
654 2.555505 0.000000 1.025982 19.433075 -0.065301 0.490604 0.001092 
655 2.742388 0.000000 1.200266 19.419726 -0.047788 0.465729 0.002531 
656 2.555505 0.000000 1.374551 19.399189 -0.041255 0.366638 0.004858 
657 2.275180 0.000000 1.113124 19.287528 -0.045256 -0.545151 0.015846 
658 2.275180 0.000000 1.025982 19.363086 -0.067500 -0.147301 0.008848 
659 2.368622 0.000000 1.113124 19.363086 -0.067500 -0.147301 0.008848 
660 2.275180 0.000000 1.200266 19.325333 -0.063145 -0.161484 0.012699 
661 0.079300 0.000000 0.895269 19.513512 -0.007754 -1.280321 -0.010875 
662 0.032580 0.000000 0.895269 19.423208 -0.005978 -0.960964 0.000312 
663 0.149382 0.000000 0.917054 21.111574 -0.022869 -2.545678 -0.195286 
664 0.126021 0.000000 0.917054 19.763910 -0.013294 -2.142943 -0.044679 
665 0.149382 0.000000 0.895269 20.697973 -0.020189 -1.515050 -0.138512 
666 0.686671 0.000000 1.548835 19.366239 -0.009892 0.500459 0.007932 
667 0.499788 0.000000 1.548835 19.226034 -0.007859 0.434983 0.022397 
668 0.686671 0.000000 1.723119 19.382306 -0.007695 0.316950 0.006683 
669 0.593230 0.000000 1.287409 19.187299 -0.018716 1.157991 0.023285 
670 0.499788 0.000000 1.287409 19.008912 -0.014695 1.097900 0.041655 
671 0.686671 0.000000 1.287409 19.335413 -0.022722 1.165399 0.008156 
672 0.593230 0.000000 1.374551 19.218694 -0.012795 0.828920 0.021827 
673 0.546509 0.000000 1.156695 19.101465 0.004458 2.300944 0.021523 
674 0.499788 0.000000 1.156695 18.841822 0.003217 2.440467 0.045816 
675 0.593230 0.000000 1.156695 19.211118 0.005114 2.230578 0.011261 
676 0.546509 0.000000 1.200266 19.127422 0.004081 2.058544 0.021693 
677 0.126021 0.000000 2.071688 19.369790 -0.002322 0.087320 0.008211 
678 -0.247746 0.000000 2.071688 19.381680 -0.004018 0.023362 0.007011 
679 0.126021 0.000000 2.420257 19.407365 -0.004315 0.045025 0.004374 
680 0.312905 0.000000 1.548835 19.155966 -0.006125 0.299090 0.029770 
681 0.126021 0.000000 1.548835 19.173138 -0.004410 0.161716 0.028197 
682 0.312905 0.000000 1.723119 19.279271 -0.004680 0.216031 0.017355 
683 0.406346 0.000000 1.287409 18.846538 -0.012105 0.932914 0.058789 
684 0.312905 0.000000 1.287409 18.737191 -0.009726 0.673492 0.070754 
685 0.406346 0.000000 1.374551 18.994734 -0.009346 0.650143 0.045149 
686 0.453067 0.000000 1.156695 18.604037 0.002596 2.302346 0.071085 
687 0.406346 0.000000 1.156695 18.307013 0.001997 2.251293 0.100680 
688 0.453067 0.000000 1.200266 18.752225 -0.031218 1.625508 0.063476 
689 0.546509 0.000000 1.243838 19.070097 -0.025037 1.391333 0.033564 
690 0.499788 0.000000 1.243838 18.963383 -0.021163 1.350010 0.044593 
691 0.593230 0.000000 1.243838 19.175897 -0.038310 1.401448 0.022791 
692 0.546509 0.000000 1.287409 19.099941 -0.016493 1.138662 0.032244 
693 0.523148 0.000000 1.178481 18.998668 0.003779 2.145972 0.033698 
694 0.499788 0.000000 1.178481 18.910762 0.003348 2.125817 0.042734 
695 0.523148 0.000000 1.156695 19.045546 0.004227 2.362739 0.026400 
696 0.546509 0.000000 1.178481 19.133939 0.004314 2.131674 0.020224 
697 0.523148 0.000000 1.200266 19.126109 0.004119 2.059624 0.021814 
698 0.780113 0.000000 1.287409 19.466112 -0.026052 1.130117 -0.005035 
699 0.780113 0.000000 1.374551 19.437898 -0.015719 0.836427 -0.000606 
700 0.639950 0.000000 1.243838 19.233549 0.004323 1.853126 0.013056 
701 0.639950 0.000000 1.200266 19.324183 0.004996 1.838758 0.003958 
702 0.686671 0.000000 1.243838 19.488565 0.005126 1.721420 -0.011803 
703 0.639950 0.000000 1.287409 19.266155 -0.020710 1.164210 0.015231 
704 0.733392 0.000000 1.243838 19.489098 0.005179 1.658109 -0.011292 
705 0.733392 0.000000 1.200266 19.494304 0.005610 1.734518 -0.012514 
706 0.780113 0.000000 1.243838 19.486300 0.005180 1.590872 -0.010426 
707 0.733392 0.000000 1.287409 19.404593 -0.024691 1.148912 0.001173 
708 0.733392 0.000000 1.156695 19.536896 0.007845 1.990566 -0.019429 
709 0.686671 0.000000 1.156695 19.495647 0.006877 2.041192 -0.015713 
710 0.780113 0.000000 1.156695 19.544713 0.007586 1.887736 -0.019183 
711 0.710032 0.000000 1.222052 19.489874 0.005202 1.721274 -0.011936 
712 0.686671 0.000000 1.222052 19.487840 0.005254 1.722955 -0.011742 
713 0.710032 0.000000 1.200266 19.490511 0.005525 1.737740 -0.012152 
714 0.733392 0.000000 1.222052 19.489260 0.005219 1.658423 -0.011311 
715 0.710032 0.000000 1.243838 19.493071 0.005231 1.719646 -0.012251 
716 0.826834 0.000000 1.243838 19.597942 0.006948 1.513848 -0.021328 
717 0.826834 0.000000 1.200266 19.621678 0.007557 1.578137 -0.024315 
718 0.873555 0.000000 1.243838 19.709260 0.008730 1.440568 -0.032323 
719 0.826834 0.000000 1.287409 19.525354 -0.027863 1.099582 -0.010962 
720 0.920276 0.000000 1.243838 19.687064 0.008655 1.382927 -0.029581 
721 0.966996 0.000000 1.243838 19.708685 0.010682 1.188883 -0.030513 
722 0.920276 0.000000 1.287409 19.614572 -0.031664 1.038501 -0.019848 
723 1.153880 0.000000 1.287409 19.636194 0.015617 1.135605 -0.022647 
724 1.247321 0.000000 1.287409 19.622375 0.017468 1.056815 -0.020757 
725 1.153880 0.000000 1.374551 19.592877 0.016287 0.966431 -0.017215 
726 1.013717 0.000000 1.243838 19.724014 0.012198 1.164026 -0.031957 
727 1.013717 0.000000 1.200266 19.696807 0.014429 1.409885 -0.030795 
728 1.060438 0.000000 1.243838 19.713259 0.013000 1.213389 -0.031146 
729 1.013717 0.000000 1.287409 19.715564 0.011853 1.132595 -0.030885 
730 4.237455 0.000000 9.391630 19.450153 0.000682 0.000943 -0.000016 
731 7.227589 0.000000 9.391630 19.450250 0.000812 0.000783 -0.000026 
732 4.237455 0.000000 12.180179 19.449972 0.000183 0.000384 0.000003 
733 2.742388 0.000000 5.208806 19.449109 -0.007880 0.003184 0.000091 
734 4.237455 0.000000 5.208806 19.449759 -0.000498 0.003667 0.000025 
735 2.742388 0.000000 6.603080 19.449668 0.000157 0.001070 0.000034 
736 1.994855 0.000000 3.117394 19.448782 -0.002215 0.017777 0.000124 
737 2.742388 0.000000 3.117394 19.449038 -0.002416 0.016976 0.000098 
738 1.994855 0.000000 3.814531 19.450129 -0.003637 0.009687 -0.000014 
739 1.621088 0.000000 2.071688 19.462248 -0.004402 0.121014 -0.001299 
740 1.994855 0.000000 2.071688 19.449518 -0.005921 0.112358 0.000016 
741 1.621088 0.000000 2.420257 19.454885 0.010873 0.043157 -0.000508 
742 1.807972 0.000000 1.548835 19.487710 -0.027627 0.185460 -0.003974 
743 1.621088 0.000000 1.548835 19.515988 -0.025152 0.253704 -0.006969 
744 1.994855 0.000000 1.548835 19.428280 -0.034392 0.180038 0.002143 
745 1.807972 0.000000 1.723119 19.469000 -0.020263 0.192858 -0.002054 
746 1.714530 0.000000 1.287409 19.643288 0.010820 0.613220 -0.020968 
747 1.621088 0.000000 1.287409 19.647143 0.011854 0.837726 -0.022230 
748 1.807972 0.000000 1.287409 19.847463 0.012591 0.194661 -0.041388 
749 1.714530 0.000000 1.374551 19.860628 0.014502 0.452821 -0.043212 
750 2.368622 0.000000 2.071688 19.440463 -0.008551 0.118892 0.000943 
751 2.742388 0.000000 2.071688 19.439560 -0.008854 0.128616 0.001029 
752 2.368622 0.000000 2.420257 19.446256 -0.005029 0.027815 0.000383 
753 2.181738 0.000000 1.548835 19.394037 -0.035985 0.212729 0.005623 
754 2.368622 0.000000 1.548835 19.395843 -0.059935 0.269324 0.005360 
755 2.181738 0.000000 1.723119 19.423111 -0.023232 0.206033 0.002649 
756 2.088297 0.000000 1.287409 18.890755 0.019086 -0.748688 0.055196 
757 1.994855 0.000000 1.287409 19.282040 0.013938 -0.638603 0.016118 
758 2.181738 0.000000 1.287409 19.187701 -0.045127 0.263857 0.026600 
759 2.088297 0.000000 1.374551 19.314373 -0.041306 0.159006 0.013826 
760 2.135017 0.000000 1.156695 19.145735 0.003353 -1.592781 0.024336 
761 2.088297 0.000000 1.156695 19.163573 0.000753 -1.608902 0.022393 
762 2.135017 0.000000 1.113124 19.179510 0.003729 -1.566906 0.021130 
763 2.181738 0.000000 1.156695 19.281443 -0.031256 -0.759654 0.015729 
764 2.135017 0.000000 1.200266 19.071112 0.004484 -1.604125 0.031779 
765 2.275180 0.000000 1.287409 19.283269 -0.043651 0.390833 0.016662 
766 2.368622 0.000000 1.287409 19.350412 -0.043998 0.424873 0.009732 
767 2.275180 0.000000 1.374551 19.335534 -0.039091 0.319923 0.011461 
768 2.228459 0.000000 1.156695 19.281443 -0.031256 -0.759654 0.015729 
769 2.228459 0.000000 1.113124 19.281443 -0.031256 -0.759654 0.015729 
770 2.275180 0.000000 1.156695 19.241782 -0.052306 -0.242888 0.021133 
771 2.228459 0.000000 1.200266 19.215528 -0.037353 -0.766545 0.022408 
772 3.116155 0.000000 0.677414 19.435220 0.025739 0.788039 -0.000124 
773 3.116155 0.000000 0.328845 19.433299 0.015484 0.390491 0.001313 
774 3.489922 0.000000 0.677414 19.422632 0.020581 0.801798 0.001112 
775 2.555505 0.000000 0.851698 19.443539 0.051864 0.641104 -0.000429 
776 2.555505 0.000000 0.677414 19.441315 0.037595 0.772364 -0.000688 
777 2.742388 0.000000 0.851698 19.447179 0.043765 0.643931 -0.000811 
778 2.275180 0.000000 0.938840 19.502278 -0.073774 0.398237 -0.005816 
779 2.181738 0.000000 0.938840 19.542055 -0.073240 0.310884 -0.009758 
780 2.275180 0.000000 0.851698 19.460848 0.059440 0.609121 -0.002106 
781 2.368622 0.000000 0.938840 19.464853 -0.073811 0.423802 -0.002017 
782 2.228459 0.000000 1.069553 19.281443 -0.031256 -0.759654 0.015729 
783 2.181738 0.000000 1.069553 19.281443 -0.031256 -0.759654 0.015729 
784 2.228459 0.000000 1.025982 19.448351 -0.052313 -0.239024 0.000011 
785 2.275180 0.000000 1.069553 19.392694 -0.063291 -0.159951 0.005806 
786 2.205099 0.000000 1.134910 19.281443 -0.031256 -0.759654 0.015729 
787 2.181738 0.000000 1.134910 19.281443 -0.031256 -0.759654 0.015729 
788 2.205099 0.000000 1.113124 19.281443 -0.031256 -0.759654 0.015729 
789 2.228459 0.000000 1.134910 19.281443 -0.031256 -0.759654 0.015729 
790 2.205099 0.000000 1.156695 19.281443 -0.031256 -0.759654 0.015729 
791 2.088297 0.000000 0.938840 19.519420 -0.071424 0.178298 -0.007249 
792 1.994855 0.000000 0.938840 19.253049 0.023710 -0.358109 0.019809 
793 2.088297 0.000000 0.851698 19.441182 0.074073 0.519427 0.000179 
794 2.135017 0.000000 1.069553 19.230100 0.005795 -1.517859 0.016394 
795 2.088297 0.000000 1.069553 19.189032 0.001152 -1.639718 0.019548 
796 2.135017 0.000000 1.025982 19.398029 0.003321 -1.402639 0.000136 
797 2.205099 0.000000 1.091339 19.281443 -0.031256 -0.759654 0.015729 
798 2.181738 0.000000 1.091339 19.281443 -0.031256 -0.759654 0.015729 
799 2.205099 0.000000 1.069553 19.281443 -0.031256 -0.759654 0.015729 
800 2.228459 0.000000 1.091339 19.281443 -0.031256 -0.759654 0.015729 
801 2.462063 0.000000 1.113124 19.412780 -0.061619 0.533539 0.003061 
802 2.462063 0.000000 1.025982 19.434931 -0.060049 0.505644 0.000864 
803 2.555505 0.000000 1.113124 19.419100 -0.061710 0.513931 0.002467 
804 2.462063 0.000000 1.200266 19.391771 -0.045151 0.493317 0.005330 
805 2.321901 0.000000 1.156695 19.363086 -0.067500 -0.147301 0.008848 
806 2.321901 0.000000 1.113124 19.363086 -0.067500 -0.147301 0.008848 
807 2.368622 0.000000 1.156695 19.363086 -0.067500 -0.147301 0.008848 
808 2.321901 0.000000 1.200266 19.363086 -0.067500 -0.147301 0.008848 
809 2.251820 0.000000 1.134910 19.281443 -0.031256 -0.759654 0.015729 
810 2.251820 0.000000 1.113124 19.281443 -0.031256 -0.759654 0.015729 
811 2.275180 0.000000 1.134910 19.224854 -0.047395 -0.572847 0.022144 
812 2.251820 0.000000 1.156695 19.281443 -0.031256 -0.759654 0.015729 
813 2.216779 0.000000 1.124017 19.268734 -0.023010 -0.770564 0.016981 
814 2.205099 0.000000 1.124017 19.281443 -0.031256 -0.759654 0.015729 
815 2.216779 0.000000 1.113124 19.292751 0.011093 -0.767618 0.014546 
816 2.228459 0.000000 1.124017 19.281443 -0.031256 -0.759654 0.015729 
817 2.216779 0.000000 1.134910 19.281443 -0.031256 -0.759654 0.015729 
818 0.161062 0.000000 0.949733 16.215770 -0.002711 0.712113 0.303578 
819 0.149382 0.000000 0.949733 11.599744 0.003664 -0.773676 0.642739 
820 0.161062 0.000000 0.938840 18.458008 -0.002325 0.360727 0.099059 
821 0.161062 0.000000 0.960626 12.852632 0.003430 -0.450322 0.562802 
822 0.546509 0.000000 0.895269 18.391869 0.005566 2.682135 0.086829 
823 0.593230 0.000000 0.895269 18.596640 0.006034 2.208467 0.072931 
824 0.523148 0.000000 0.829912 19.305451 -0.127250 2.901921 -0.007495 
825 0.523148 0.000000 0.808127 19.637980 0.145677 2.868542 -0.041230 
826 0.546509 0.000000 0.829912 19.323567 -0.146351 2.620924 -0.005256 
827 0.523148 0.000000 0.851698 19.017668 -0.085104 2.855703 0.022386 
828 0.488108 0.000000 0.819020 19.880723 -0.017912 4.101041 -0.089239 
829 0.476428 0.000000 0.819020 20.088775 -0.018132 3.686282 -0.102683 
830 0.488108 0.000000 0.808127 19.982013 -0.017988 3.894775 -0.095553 
831 0.499788 0.000000 0.819020 19.782083 -0.017937 4.304557 -0.083420 
832 0.488108 0.000000 0.829912 19.880723 -0.017912 4.101041 -0.089239 
833 0.593230 0.000000 0.590271 20.052020 0.029492 1.168302 -0.066473 
834 0.593230 0.000000 0.503129 20.018526 0.022699 0.852760 -0.061238 
835 0.686671 0.000000 0.590271 19.883668 0.033504 1.111758 -0.048360 
836 0.546509 0.000000 0.720985 20.145223 0.041179 1.902892 -0.082342 
837 0.546509 0.000000 0.677414 20.202160 0.036103 1.604666 -0.085648 
838 0.593230 0.000000 0.720985 19.919345 0.043203 1.780248 -0.057227 
839 0.523148 0.000000 0.786341 19.945275 0.055232 2.677495 -0.070535 
840 0.523148 0.000000 0.764556 20.153136 0.047429 2.436375 -0.089306 
841 0.546509 0.000000 0.786341 19.787174 0.054120 2.449747 -0.050843 
842 0.511468 0.000000 0.819020 19.589066 -0.018377 4.755435 -0.074130 
843 0.511468 0.000000 0.808127 19.589066 -0.018377 4.755435 -0.074130 
844 0.523148 0.000000 0.819020 19.462971 -0.453402 2.941009 -0.024742 
845 0.511468 0.000000 0.829912 19.274552 -0.120016 3.081418 -0.007178 
846 0.780113 0.000000 0.764556 19.597787 0.057628 1.379816 -0.020296 
847 0.780113 0.000000 0.677414 19.731381 0.047343 1.233864 -0.033173 
848 0.873555 0.000000 0.764556 19.664315 0.062157 1.246553 -0.026277 
849 0.639950 0.000000 0.808127 19.445674 0.073502 1.927894 -0.009394 
850 0.639950 0.000000 0.764556 19.642427 0.051377 1.815548 -0.028605 
851 0.686671 0.000000 0.808127 19.444320 0.069587 1.702750 -0.007093 
852 0.639950 0.000000 0.851698 19.218152 -0.089052 1.914041 0.013993 
853 0.569869 0.000000 0.829912 19.325168 -0.176135 2.395821 -0.002460 
854 0.569869 0.000000 0.808127 19.514584 0.092379 2.354696 -0.021331 
855 0.593230 0.000000 0.829912 19.324835 -0.226206 2.212776 -0.000249 
856 0.569869 0.000000 0.851698 19.133631 -0.085964 2.373888 0.017351 
857 0.569869 0.000000 0.786341 19.687814 0.054363 2.255948 -0.038064 
858 0.569869 0.000000 0.764556 19.831565 0.048939 2.126744 -0.051583 
859 0.593230 0.000000 0.786341 19.621632 0.054575 2.101481 -0.029408 
860 0.558189 0.000000 0.819020 19.411513 0.874599 2.695137 -0.017269 
861 0.546509 0.000000 0.819020 18.963816 -0.079261 6.726506 -0.070251 
862 0.558189 0.000000 0.808127 19.537931 0.099741 2.458878 -0.025071 
863 0.569869 0.000000 0.819020 19.415510 0.464573 2.439323 -0.012756 
864 0.558189 0.000000 0.829912 19.325222 -0.159276 2.499212 -0.003788 
865 0.639950 0.000000 0.895269 18.667453 0.006010 2.061713 0.067613 
866 0.686671 0.000000 0.895269 18.740061 0.005926 1.907339 0.062053 
867 0.616590 0.000000 0.829912 19.326495 -0.320648 2.071804 0.001041 
868 0.616590 0.000000 0.808127 19.457805 0.076909 2.029423 -0.011705 
869 0.639950 0.000000 0.829912 19.328261 -0.544326 2.022407 0.000884 
870 0.616590 0.000000 0.851698 19.194323 -0.087860 2.025307 0.015255 
871 0.639950 0.000000 0.720985 19.780097 0.045876 1.650048 -0.041434 
872 0.639950 0.000000 0.677414 19.874993 0.040926 1.481675 -0.049986 
873 0.686671 0.000000 0.720985 19.708339 0.048093 1.525318 -0.032897 
874 0.616590 0.000000 0.786341 19.577364 0.054894 1.973937 -0.023447 
875 0.616590 0.000000 0.764556 19.682484 0.050471 1.894915 -0.033547 
876 0.639950 0.000000 0.786341 19.549437 0.055577 1.880602 -0.019608 
877 0.604910 0.000000 0.819020 19.396647 0.203585 2.130375 -0.006628 
878 0.593230 0.000000 0.819020 19.402463 0.247493 2.212545 -0.008220 
879 0.604910 0.000000 0.808127 19.466958 0.079383 2.100805 -0.013427 
880 0.616590 0.000000 0.819020 19.393482 0.175174 2.053859 -0.005429 
881 0.604910 0.000000 0.829912 19.324772 -0.265539 2.140165 0.000542 
882 0.733392 0.000000 0.808127 19.467334 0.069443 1.547443 -0.008126 
883 0.733392 0.000000 0.764556 19.581384 0.055200 1.493547 -0.019460 
884 0.780113 0.000000 0.808127 19.508203 0.070270 1.418208 -0.011324 
885 0.733392 0.000000 0.851698 19.339068 -0.095284 1.494012 0.005450 
886 0.663311 0.000000 0.829912 19.296104 -1.420890 2.554289 -0.006821 
887 0.663311 0.000000 0.808127 19.440425 0.071135 1.803697 -0.007629 
888 0.686671 0.000000 0.829912 19.322189 1.344572 2.432368 -0.007319 
889 0.663311 0.000000 0.851698 19.246896 -0.090989 1.776950 0.012407 
890 1.060438 0.000000 0.503129 19.745913 0.042254 0.849568 -0.032572 
891 1.060438 0.000000 0.328845 19.731433 0.030923 0.510235 -0.029839 
892 1.247321 0.000000 0.503129 19.623761 0.048218 0.860075 -0.019909 
893 0.966996 0.000000 0.764556 19.735754 0.066635 1.176081 -0.033267 
894 0.966996 0.000000 0.677414 19.768355 0.056151 1.114484 -0.036295 
895 1.060438 0.000000 0.764556 19.754228 0.069663 1.151353 -0.035045 
896 0.826834 0.000000 0.808127 19.558001 0.071703 1.326612 -0.015802 
897 0.826834 0.000000 0.764556 19.626916 0.059880 1.302716 -0.022770 
898 0.873555 0.000000 0.808127 19.613034 0.073037 1.258481 -0.021035 
899 0.826834 0.000000 0.851698 19.478907 -0.099569 1.258086 -0.007185 
900 0.733392 0.000000 0.895269 19.040596 0.006274 1.594209 0.034937 
901 0.780113 0.000000 0.895269 19.083777 0.006137 1.493058 0.031411 
902 0.733392 0.000000 0.938840 19.013940 0.006298 1.674094 0.036928 
903 0.756753 0.000000 0.829912 19.429337 0.317925 1.501488 -0.004103 
904 0.733392 0.000000 0.829912 19.402704 0.408571 1.597722 -0.002332 
905 0.756753 0.000000 0.808127 19.486231 0.069788 1.472829 -0.009476 
906 0.780113 0.000000 0.829912 19.458411 0.268003 1.432734 -0.006481 
907 0.756753 0.000000 0.851698 19.372980 -0.096202 1.414477 0.002591 
908 0.826834 0.000000 0.895269 19.124859 0.005971 1.418081 0.027838 
909 0.873555 0.000000 0.895269 19.480872 -0.063118 1.108998 -0.006439 
910 0.826834 0.000000 0.938840 19.115282 0.006091 1.475534 0.028367 
911 0.803473 0.000000 0.829912 19.487857 0.237046 1.376835 -0.009056 
912 0.803473 0.000000 0.808127 19.532032 0.071028 1.369742 -0.013426 
913 0.826834 0.000000 0.829912 19.519215 0.215499 1.327604 -0.011912 
914 0.803473 0.000000 0.851698 19.442663 -0.098521 1.303913 -0.003766 
915 0.920276 0.000000 0.808127 19.666745 0.074502 1.208043 -0.026284 
916 0.920276 0.000000 0.764556 19.703890 0.064444 1.204317 -0.030122 
917 0.966996 0.000000 0.808127 19.711557 0.075847 1.171223 -0.030717 
918 0.920276 0.000000 0.851698 19.622749 -0.105253 1.119985 -0.021187 
919 1.434205 0.000000 0.851698 19.314287 0.024429 1.052456 0.010977 
920 1.434205 0.000000 0.677414 19.429693 0.064390 1.017410 -0.000660 
921 1.153880 0.000000 0.764556 19.693168 0.071172 1.131083 -0.028556 
922 1.153880 0.000000 0.677414 19.700485 0.061808 1.097899 -0.029119 
923 1.247321 0.000000 0.764556 19.581225 0.071975 1.114782 -0.016838 
924 1.153880 0.000000 0.851698 19.522956 0.019369 1.099149 -0.010711 
925 1.013717 0.000000 0.808127 19.738695 0.076819 1.144369 -0.033383 
926 1.013717 0.000000 0.764556 19.754281 0.067924 1.156112 -0.035079 
927 1.060438 0.000000 0.808127 19.743281 0.077499 1.132155 -0.033789 
928 1.013717 0.000000 0.851698 19.718090 -0.116432 1.044912 -0.030679 
929 0.920276 0.000000 0.895269 19.567880 -0.063361 1.031079 -0.014979 
930 0.966996 0.000000 0.895269 19.639974 -0.063373 0.973625 -0.022146 
931 0.920276 0.000000 0.938840 19.444114 0.009118 1.257119 -0.003573 
932 0.943636 0.000000 0.829912 19.672900 0.157385 1.168399 -0.026726 
933 0.920276 0.000000 0.829912 19.645133 0.165947 1.192213 -0.023996 
934 0.943636 0.000000 0.808127 19.691094 0.075046 1.187327 -0.028686 
935 0.966996 0.000000 0.829912 19.696297 0.150248 1.149232 -0.029037 
936 0.943636 0.000000 0.851698 19.653667 -0.107529 1.097956 -0.024269 
937 1.153880 0.000000 0.938840 19.505880 0.020789 1.270028 -0.010019 
938 1.247321 0.000000 0.938840 19.357544 0.025841 1.208143 0.005624 
939 1.107159 0.000000 0.808127 19.723638 0.078234 1.117240 -0.031651 
940 1.107159 0.000000 0.764556 19.732551 0.070599 1.137215 -0.032697 
941 1.153880 0.000000 0.808127 19.684936 0.078288 1.103844 -0.027541 
942 1.107159 0.000000 0.851698 19.661308 0.013810 1.148759 -0.025335 
943 4.237455 0.000000 -7.339665 19.450345 0.000859 -0.001746 -0.000035 
944 4.237455 0.000000 -10.128214 19.450109 0.000598 -0.000718 -0.000011 
945 7.227589 0.000000 -7.339665 19.450589 0.001063 -0.001005 -0.000061 
946 2.742388 0.000000 -3.156842 19.449131 -0.002346 -0.016419 0.000089 
947 2.742388 0.000000 -4.551116 19.449340 -0.000138 -0.004943 0.000068 
948 4.237455 0.000000 -3.156842 19.451088 -0.002084 -0.016439 -0.000113 
949 1.994855 0.000000 -1.065430 38.675622 -0.052439 1.080870 -2.957084 
950 1.994855 0.000000 -1.762567 19.445459 0.001104 -0.166528 0.000394 
951 2.742388 0.000000 -1.065430 19.433226 -0.064998 -0.485040 0.001091 
952 1.621088 0.000000 -0.019724 19.539559 0.033660 0.010992 -0.009234 
953 1.621088 0.000000 -0.368292 19.476420 0.045296 -0.518077 -0.003433 
954 1.994855 0.000000 -0.019724 19.472833 0.054483 -0.024586 -0.002359 
955 1.434205 0.000000 0.503129 19.503648 0.079743 0.811582 -0.007282 
956 1.434205 0.000000 0.328845 19.542777 0.040112 0.495525 -0.010216 
957 1.621088 0.000000 0.503129 19.436048 0.080535 0.747532 -0.000060 
958 1.340763 0.000000 0.764556 19.467883 0.071721 1.076283 -0.004915 
959 1.340763 0.000000 0.677414 19.506819 0.064590 1.062436 -0.008846 
960 1.434205 0.000000 0.764556 19.380225 0.070370 1.022501 0.004385 
961 1.340763 0.000000 0.851698 19.336655 0.024602 1.061944 0.008638 
962 1.200601 0.000000 0.808127 19.628863 0.078123 1.101156 -0.021698 
963 1.200601 0.000000 0.764556 19.640029 0.071376 1.130636 -0.023028 
964 1.247321 0.000000 0.808127 19.566804 0.078342 1.085112 -0.015175 
965 1.200601 0.000000 0.851698 19.377750 0.024997 1.113101 0.004139 
966 1.340763 0.000000 0.938840 19.332476 0.025196 1.167829 0.008441 
967 1.434205 0.000000 0.938840 19.210576 0.026355 1.042581 0.021593 
968 1.340763 0.000000 1.025982 19.378853 0.023163 1.420037 0.001971 
969 1.294042 0.000000 0.808127 19.504333 0.077991 1.055064 -0.008553 
970 1.294042 0.000000 0.764556 19.522122 0.072031 1.089502 -0.010581 
971 1.340763 0.000000 0.808127 19.446005 0.077173 1.040629 -0.002468 
972 1.294042 0.000000 0.851698 19.377750 0.024997 1.113101 0.004139 
973 1.527646 0.000000 0.764556 19.325515 0.067696 0.960197 0.010310 
974 1.527646 0.000000 0.677414 19.379939 0.062606 0.964843 0.004720 
975 1.621088 0.000000 0.764556 19.298765 0.063880 0.894206 0.013366 
976 1.527646 0.000000 0.851698 19.032845 0.028565 0.769725 0.040867 
977 1.387484 0.000000 0.808127 19.395041 0.076858 1.013536 0.002912 
978 1.387484 0.000000 0.764556 19.419893 0.071648 1.050578 0.000162 
979 1.434205 0.000000 0.808127 19.352738 0.075580 0.983727 0.007403 
980 1.387484 0.000000 0.851698 19.314287 0.024429 1.052456 0.010977 
981 1.527646 0.000000 0.938840 19.137048 0.026060 0.978057 0.029391 
982 1.621088 0.000000 0.938840 18.969143 0.028309 0.707725 0.047508 
983 1.527646 0.000000 1.025982 19.234321 0.016974 1.121441 0.018730 
984 1.480926 0.000000 0.895269 19.192643 0.026105 0.975423 0.023772 
985 1.434205 0.000000 0.895269 19.304737 0.024475 1.097167 0.011698 
986 1.480926 0.000000 0.851698 19.319765 0.024407 1.024277 0.010572 
987 1.527646 0.000000 0.895269 19.131313 0.026656 0.918280 0.030271 
988 1.480926 0.000000 0.938840 19.177492 0.026493 1.022337 0.025060 
989 1.714530 0.000000 0.938840 18.875334 0.028032 0.531718 0.057469 
990 1.714530 0.000000 0.851698 19.224581 0.201350 0.651593 0.021815 
991 1.807972 0.000000 0.938840 18.952800 0.025837 0.275344 0.050270 
992 1.807972 0.000000 0.503129 19.412947 0.079441 0.684427 0.002552 
993 1.807972 0.000000 0.328845 19.459484 0.044805 0.432853 -0.001476 
994 1.994855 0.000000 0.503129 19.421222 0.075771 0.654861 0.001808 
995 1.714530 0.000000 0.764556 19.296583 0.058930 0.828400 0.013890 
996 1.714530 0.000000 0.677414 19.349444 0.056295 0.859885 0.008350 
997 1.807972 0.000000 0.764556 19.315210 0.053646 0.769990 0.012237 
998 1.667809 0.000000 0.895269 18.966682 0.028556 0.659439 0.047929 
999 1.621088 0.000000 0.895269 19.009330 0.028141 0.828829 0.042982 
1000 1.667809 0.000000 0.851698 19.221749 0.255230 0.702271 0.021857 
1001 1.714530 0.000000 0.895269 18.908863 0.028562 0.526071 0.054136 
1002 1.667809 0.000000 0.938840 18.942332 0.028087 0.680273 0.050296 
1003 1.901413 0.000000 0.938840 19.084986 0.023358 -0.091654 0.037158 
1004 1.901413 0.000000 0.851698 19.313699 0.106676 0.494439 0.013290 
1005 1.901413 0.000000 1.025982 19.067489 0.021808 -0.339487 0.038640 
1006 1.761251 0.000000 0.895269 18.908863 0.028562 0.526071 0.054136 
1007 1.761251 0.000000 0.851698 19.235784 0.164212 0.604853 0.020868 
1008 1.807972 0.000000 0.895269 19.215058 -0.045739 0.328760 0.023721 
1009 1.761251 0.000000 0.938840 18.923895 0.026064 0.328878 0.053079 
1010 2.368622 0.000000 -0.019724 19.455905 0.048935 -0.023269 -0.000615 
1011 2.368622 0.000000 -0.368292 19.446947 0.037127 -0.433943 -0.000187 
1012 2.742388 0.000000 -0.019724 19.444052 0.037163 -0.023282 0.000606 
1013 2.181738 0.000000 0.503129 19.432070 0.072907 0.637553 0.000754 
1014 2.181738 0.000000 0.328845 19.446789 0.041080 0.392018 -0.000081 
1015 2.368622 0.000000 0.503129 19.437495 0.070742 0.633819 0.000210 
1016 2.088297 0.000000 0.764556 19.417219 0.038897 0.715033 0.002012 
1017 1.994855 0.000000 0.764556 19.385395 0.042650 0.711268 0.005290 
1018 2.088297 0.000000 0.677414 19.415651 0.040793 0.765802 0.001974 
1019 2.181738 0.000000 0.764556 19.435874 0.036972 0.728622 0.000045 
1020 2.041576 0.000000 0.895269 19.438188 -0.069770 0.267221 0.001013 
1021 1.994855 0.000000 0.895269 19.394057 -0.065715 0.243991 0.005575 
1022 2.041576 0.000000 0.851698 19.417108 0.080520 0.499319 0.002703 
1023 2.088297 0.000000 0.895269 19.470681 -0.073021 0.304500 -0.002387 
1024 2.041576 0.000000 0.938840 19.472785 -0.061781 0.126071 -0.002396 
1025 2.275180 0.000000 0.764556 19.441474 0.036557 0.744119 -0.000591 
1026 2.275180 0.000000 0.677414 19.434100 0.038194 0.765270 0.000082 
1027 2.368622 0.000000 0.764556 19.441376 0.037096 0.754162 -0.000620 
1028 2.228459 0.000000 0.895269 19.489553 -0.080146 0.429058 -0.004575 
1029 2.181738 0.000000 0.895269 19.494991 -0.077937 0.391475 -0.005053 
1030 2.228459 0.000000 0.851698 19.464454 0.062556 0.590964 -0.002420 
1031 2.275180 0.000000 0.895269 19.479094 -0.082210 0.457523 -0.003565 
1032 2.228459 0.000000 0.938840 19.525278 -0.073062 0.363154 -0.008118 
1033 2.462063 0.000000 0.938840 19.449092 -0.073226 0.424101 -0.000396 
1034 2.462063 0.000000 0.851698 19.444515 0.054130 0.638612 -0.000522 
1035 2.555505 0.000000 0.938840 19.446014 -0.072768 0.419909 -0.000070 
1036 2.929272 0.000000 0.851698 19.445814 0.035882 0.648207 -0.000684 
1037 2.929272 0.000000 0.677414 19.442297 0.029273 0.782949 -0.000831 
1038 3.116155 0.000000 0.851698 19.437871 0.032127 0.653791 0.000114 
1039 2.929272 0.000000 1.025982 19.442563 -0.059695 0.434716 0.000256 
1040 2.648947 0.000000 0.938840 19.447239 -0.073949 0.416443 -0.000189 
1041 2.648947 0.000000 0.851698 19.445247 0.048335 0.642288 -0.000608 
1042 2.742388 0.000000 0.938840 19.448127 -0.077090 0.413579 -0.000275 
1043 2.648947 0.000000 1.025982 19.436102 -0.072529 0.474173 0.000820 
1044 2.555505 0.000000 0.503129 19.441044 0.067646 0.635202 -0.000158 
1045 2.555505 0.000000 0.328845 19.446647 0.033156 0.383274 -0.000046 
1046 2.742388 0.000000 0.503129 19.441090 0.063141 0.639696 -0.000176 
1047 2.648947 0.000000 0.764556 19.444523 0.038214 0.761354 -0.000973 
1048 2.555505 0.000000 0.764556 19.442736 0.038798 0.760551 -0.000786 
1049 2.648947 0.000000 0.677414 19.443311 0.036396 0.774406 -0.000901 
1050 2.742388 0.000000 0.764556 19.446258 0.036186 0.762640 -0.001156 
1051 2.602226 0.000000 0.895269 19.445688 -0.115427 0.512493 -0.000286 
1052 2.555505 0.000000 0.895269 19.445372 -0.105118 0.508871 -0.000238 
1053 2.602226 0.000000 0.851698 19.444586 0.050281 0.642220 -0.000540 
1054 2.648947 0.000000 0.895269 19.446278 -0.130796 0.517254 -0.000370 
1055 2.602226 0.000000 0.938840 19.446454 -0.073100 0.418233 -0.000112 
1056 2.929272 0.000000 1.200266 19.427569 -0.050982 0.455353 0.001750 
1057 3.116155 0.000000 1.200266 19.433544 -0.053419 0.447435 0.001155 
1058 2.929272 0.000000 1.374551 19.423136 -0.046366 0.369924 0.002393 
1059 2.835830 0.000000 0.938840 19.449021 -0.081466 0.411976 -0.000365 
1060 2.835830 0.000000 0.851698 19.447385 0.039544 0.645920 -0.000838 
1061 2.929272 0.000000 0.938840 19.447814 -0.086134 0.412546 -0.000245 
1062 2.835830 0.000000 1.025982 19.441591 -0.058236 0.443668 0.000335 
1063 4.984989 0.000000 0.328845 19.398273 0.006458 0.455525 0.004763 
1064 4.984989 0.000000 -0.368292 19.399966 0.007201 -0.516424 0.004433 
1065 5.732522 0.000000 0.328845 19.419164 -0.053406 0.506218 0.002483 
1066 4.984989 0.000000 1.025982 19.477457 -0.023402 0.525259 -0.003556 
1067 3.863689 0.000000 0.677414 19.426401 0.045997 0.809597 0.000687 
1068 3.863689 0.000000 0.328845 19.402922 0.003250 0.404653 0.004402 
1069 4.237455 0.000000 0.677414 19.423674 0.038042 0.836140 0.000853 
1070 3.863689 0.000000 1.025982 19.462920 -0.045027 0.425025 -0.001812 
1071 3.303039 0.000000 0.851698 19.433014 0.032572 0.665196 0.000573 
1072 3.303039 0.000000 0.677414 19.426383 0.023289 0.795518 0.000753 
1073 3.489922 0.000000 0.851698 19.432294 0.033333 0.678612 0.000600 
1074 3.303039 0.000000 1.025982 19.443437 -0.057155 0.417884 0.000205 
1075 3.022713 0.000000 0.938840 19.445984 -0.090957 0.413261 -0.000060 
1076 3.022713 0.000000 0.851698 19.441329 0.033288 0.651135 -0.000232 
1077 3.116155 0.000000 0.938840 19.444008 -0.096162 0.414343 0.000138 
1078 3.022713 0.000000 1.025982 19.442884 -0.060635 0.427278 0.000239 
1079 3.489922 0.000000 -1.065430 19.447005 -0.053689 -0.431826 -0.000193 
1080 3.489922 0.000000 -1.762567 19.451419 -0.017659 -0.264677 -0.000332 
1081 4.237455 0.000000 -1.065430 19.477522 -0.048990 -0.442144 -0.003355 
1082 3.116155 0.000000 -0.019724 19.429861 0.019645 -0.015370 0.002068 
1083 3.116155 0.000000 -0.368292 19.433907 0.016587 -0.438867 0.001144 
1084 3.489922 0.000000 -0.019724 19.417328 0.028232 0.024068 0.003353 
1085 2.929272 0.000000 0.503129 19.439854 0.030269 0.639342 -0.000040 
1086 2.929272 0.000000 0.328845 19.439262 0.020682 0.387269 0.000706 
1087 3.116155 0.000000 0.503129 19.434573 -0.014091 0.617446 0.000577 
1088 3.022713 0.000000 0.764556 19.441195 0.029515 0.768379 -0.000658 
1089 2.929272 0.000000 0.764556 19.444324 0.031143 0.766520 -0.000972 
1090 3.022713 0.000000 0.677414 19.439153 0.027250 0.785643 -0.000518 
1091 3.116155 0.000000 0.764556 19.436592 0.028702 0.770839 -0.000195 
1092 4.984989 0.000000 1.723119 19.473326 0.000903 0.248316 -0.002563 
1093 5.732522 0.000000 1.723119 19.458472 0.036877 0.222386 -0.001006 
1094 4.984989 0.000000 2.420257 19.453474 -0.000716 0.036236 -0.000361 
1095 3.863689 0.000000 1.374551 19.462777 -0.047957 0.377122 -0.001696 
1096 4.237455 0.000000 1.374551 19.476283 -0.057632 0.369366 -0.003074 
1097 3.863689 0.000000 1.723119 19.464498 -0.015371 0.277362 -0.001695 
1098 3.303039 0.000000 1.200266 19.440024 -0.057426 0.445340 0.000493 
1099 3.489922 0.000000 1.200266 19.447506 -0.056286 0.443130 -0.000271 
1100 3.303039 0.000000 1.374551 19.439663 -0.049834 0.372307 0.000690 
1101 3.209597 0.000000 0.938840 19.442318 -0.103950 0.413644 0.000309 
1102 3.209597 0.000000 0.851698 19.434945 0.032093 0.658313 0.000399 
1103 3.303039 0.000000 0.938840 19.442439 -0.105574 0.394959 0.000336 
1104 3.209597 0.000000 1.025982 19.442799 -0.059307 0.418154 0.000269 
1105 3.069434 0.000000 0.895269 19.440436 0.237170 0.517877 0.000126 
1106 3.022713 0.000000 0.895269 19.438792 0.402242 0.552131 -0.000081 
1107 3.069434 0.000000 0.851698 19.439446 0.032484 0.651878 -0.000041 
1108 3.116155 0.000000 0.895269 19.439741 0.170217 0.516037 0.000274 
1109 3.069434 0.000000 0.938840 19.445056 -0.093454 0.414206 0.000032 
1110 2.975993 0.000000 0.895269 19.418157 0.916351 1.034977 -0.001779 
1111 2.929272 0.000000 0.895269 19.422396 -0.739048 1.240102 -0.002673 
1112 2.975993 0.000000 0.851698 19.443470 0.034445 0.649553 -0.000447 
1113 2.975993 0.000000 0.938840 19.447150 -0.088555 0.412666 -0.000178 
1114 3.022713 0.000000 1.113124 19.436376 -0.051949 0.463041 0.000827 
1115 2.929272 0.000000 1.113124 19.434030 -0.073120 0.474412 0.001032 
1116 3.116155 0.000000 1.113124 19.438055 -0.052666 0.456967 0.000669 
1117 3.022713 0.000000 1.200266 19.430824 -0.052456 0.451273 0.001425 
1118 3.069434 0.000000 0.982411 19.444930 -0.065718 0.402801 0.000081 
1119 3.022713 0.000000 0.982411 19.445381 -0.065774 0.404323 0.000031 
1120 3.116155 0.000000 0.982411 19.444304 -0.065319 0.401087 0.000149 
1121 3.069434 0.000000 1.025982 19.442852 -0.060689 0.424355 0.000249 
1122 3.046074 0.000000 0.917054 19.444671 -0.103330 0.459190 -0.000038 
1123 3.022713 0.000000 0.917054 19.445133 -0.099953 0.458542 -0.000082 
1124 3.046074 0.000000 0.895269 19.440093 0.299703 0.526178 0.000049 
1125 3.069434 0.000000 0.917054 19.444107 -0.106829 0.459843 0.000017 
1126 3.046074 0.000000 0.938840 19.445528 -0.092165 0.413653 -0.000015 
1127 2.975993 0.000000 0.982411 19.445922 -0.065523 0.406490 -0.000029 
1128 2.929272 0.000000 0.982411 19.446208 -0.065047 0.409418 -0.000064 
1129 2.975993 0.000000 1.025982 19.442894 -0.060247 0.430737 0.000231 
1130 2.999353 0.000000 0.917054 19.445808 -0.096783 0.457893 -0.000148 
1131 2.975993 0.000000 0.917054 19.446405 -0.093668 0.457120 -0.000206 
1132 2.999353 0.000000 0.895269 19.434179 0.587075 0.641483 -0.000373 
1133 2.999353 0.000000 0.938840 19.446479 -0.089772 0.412963 -0.000110 
1134 3.303039 0.000000 0.503129 19.427608 0.016373 0.598521 0.001354 
1135 3.303039 0.000000 0.328845 19.425163 0.010638 0.392109 0.002146 
1136 3.489922 0.000000 0.503129 19.420426 0.011897 0.603260 0.002076 
1137 3.209597 0.000000 0.764556 19.431635 0.028508 0.773935 0.000302 
1138 3.209597 0.000000 0.677414 19.430213 0.024435 0.790736 0.000379 
1139 3.303039 0.000000 0.764556 19.429002 0.028514 0.778156 0.000555 
1140 3.069434 0.000000 0.808127 19.438440 0.030060 0.727878 -0.000215 
1141 3.022713 0.000000 0.808127 19.442040 0.030514 0.726365 -0.000579 
1142 3.069434 0.000000 0.764556 19.439120 0.028941 0.768821 -0.000446 
1143 3.116155 0.000000 0.808127 19.436400 0.029946 0.729285 -0.000010 
1144 3.046074 0.000000 0.873483 19.441265 0.044265 0.596213 -0.000047 
1145 3.022713 0.000000 0.873483 19.441882 0.045890 0.595510 -0.000108 
1146 3.046074 0.000000 0.851698 19.440540 0.032805 0.651903 -0.000154 
1147 3.069434 0.000000 0.873483 19.440339 0.042940 0.597074 0.000046 
1148 3.034394 0.000000 0.906162 19.445009 -0.193002 0.493313 -0.000229 
1149 3.022713 0.000000 0.906162 19.445264 -0.183332 0.494347 -0.000248 
1150 3.034394 0.000000 0.895269 19.439564 0.344226 0.535498 0.000002 
1151 3.046074 0.000000 0.906162 19.444928 -0.203933 0.491810 -0.000228 
1152 3.034394 0.000000 0.917054 19.444878 -0.101638 0.458856 -0.000057 
1153 8.722656 0.000000 2.420257 19.458924 -0.004323 0.022902 -0.000919 
1154 8.722656 0.000000 1.025982 19.439879 0.035589 0.845435 -0.000852 
1155 10.217723 0.000000 2.420257 19.453914 -0.004039 0.011192 -0.000403 
1156 8.722656 0.000000 3.814531 19.453148 -0.005038 0.002699 -0.000324 
1157 8.722656 0.000000 -0.368292 19.411188 0.074706 -0.630547 0.002921 
1158 8.722656 0.000000 -1.762567 19.457993 -0.015945 -0.178913 -0.000907 
1159 10.217723 0.000000 -0.368292 19.461907 0.190635 -0.509766 -0.002008 
1160 7.975123 0.000000 1.723119 19.459615 -0.007470 0.200134 -0.001095 
1161 7.227589 0.000000 1.723119 19.459669 0.026843 0.219802 -0.001124 
1162 7.975123 0.000000 1.025982 19.430898 -0.030821 0.691910 0.000695 
1163 8.722656 0.000000 1.723119 19.458415 -0.017516 0.192294 -0.000964 
1164 7.975123 0.000000 2.420257 19.457970 -0.003669 0.030224 -0.000822 
1165 7.975123 0.000000 0.328845 19.386083 0.040020 0.571324 0.005695 
1166 7.227589 0.000000 0.328845 19.368100 0.019760 0.533588 0.007650 
1167 7.975123 0.000000 -0.368292 19.385658 0.069447 -0.664256 0.005426 
1168 8.722656 0.000000 0.328845 19.414216 0.031353 0.518059 0.002964 
1169 11.712790 0.000000 2.420257 19.451045 -0.005690 0.008293 -0.000108 
1170 11.712790 0.000000 1.025982 19.448733 -0.088976 0.787457 -0.001530 
1171 13.207857 0.000000 2.420257 19.449683 -0.001570 0.019562 0.000032 
1172 11.712790 0.000000 3.814531 19.450262 -0.000834 0.003927 -0.000027 
1173 9.470190 0.000000 1.723119 19.456638 0.001059 0.151690 -0.000743 
1174 9.470190 0.000000 1.025982 19.440860 -0.026707 0.920246 -0.001301 
1175 10.217723 0.000000 1.723119 19.453190 0.000120 0.147841 -0.000386 
1176 9.470190 0.000000 2.420257 19.457161 -0.004277 0.015600 -0.000737 
1177 8.348890 0.000000 1.374551 19.459491 -0.104018 0.354575 -0.001337 
1178 7.975123 0.000000 1.374551 19.456825 -0.057189 0.351001 -0.001036 
1179 8.348890 0.000000 1.025982 19.435294 0.049401 0.744753 0.000039 
1180 8.722656 0.000000 1.374551 19.459318 -0.106693 0.355176 -0.001322 
1181 8.348890 0.000000 1.723119 19.459445 -0.013463 0.196403 -0.001074 
1182 11.712790 0.000000 -0.368292 19.449690 0.155211 -0.438430 -0.000540 
1183 11.712790 0.000000 -1.762567 19.449769 -0.024199 -0.055200 0.000014 
1184 13.207857 0.000000 -0.368292 19.449300 0.153407 -0.495304 -0.000639 
1185 9.470190 0.000000 0.328845 19.450820 0.110762 0.424856 -0.000594 
1186 9.470190 0.000000 -0.368292 19.448189 0.098976 -0.515152 -0.000541 
1187 10.217723 0.000000 0.328845 19.460550 0.173782 0.404596 -0.001598 
1188 8.348890 0.000000 0.677414 19.400862 -0.041684 1.231396 0.001034 
1189 7.975123 0.000000 0.677414 19.403753 -0.016060 1.178050 0.001081 
1190 8.348890 0.000000 0.328845 19.400630 0.046056 0.573233 0.004196 
1191 8.722656 0.000000 0.677414 19.400365 -0.010757 1.259175 0.000906 
1192 9.096423 0.000000 1.374551 19.457144 -0.101863 0.372156 -0.001128 
1193 9.096423 0.000000 1.025982 19.439763 0.006752 0.886951 -0.001027 
1194 9.470190 0.000000 1.374551 19.457260 -0.072149 0.371493 -0.001125 
1195 9.096423 0.000000 1.723119 19.456266 -0.020011 0.188787 -0.000740 
1196 8.535773 0.000000 1.200266 19.453841 -0.057898 0.552857 -0.001212 
1197 8.348890 0.000000 1.200266 19.451117 -0.047708 0.539532 -0.000890 
1198 8.535773 0.000000 1.025982 19.438531 0.052688 0.807172 -0.000551 
1199 8.722656 0.000000 1.200266 19.454229 -0.067611 0.563160 -0.001285 
1200 8.535773 0.000000 1.374551 19.459942 -0.102603 0.354647 -0.001383 
1201 9.096423 0.000000 0.677414 19.406641 -0.028927 1.291104 0.000045 
1202 9.096423 0.000000 0.328845 19.428007 0.049769 0.484212 0.001634 
1203 9.470190 0.000000 0.677414 19.414773 -0.055571 1.280194 -0.000721 
1204 8.535773 0.000000 0.851698 19.416120 -0.032470 1.107458 0.000236 
1205 8.348890 0.000000 0.851698 19.414991 -0.048712 1.090201 0.000449 
1206 8.535773 0.000000 0.677414 19.399179 -0.027143 1.245011 0.001120 
1207 8.722656 0.000000 0.851698 19.418585 -0.021945 1.128319 -0.000139 
1208 8.909540 0.000000 1.200266 19.453521 -0.075515 0.571936 -0.001242 
1209 8.909540 0.000000 1.025982 19.439750 0.020278 0.868544 -0.000941 
1210 9.096423 0.000000 1.200266 19.451973 -0.101922 0.587494 -0.001143 
1211 8.909540 0.000000 1.374551 19.457646 -0.100120 0.369892 -0.001175 
1212 8.629215 0.000000 1.113124 19.446894 -0.059193 0.672181 -0.000884 
1213 8.535773 0.000000 1.113124 19.445913 -0.055195 0.660770 -0.000742 
1214 8.629215 0.000000 1.025982 19.439464 0.044541 0.829182 -0.000740 
1215 8.722656 0.000000 1.113124 19.447336 -0.063170 0.683095 -0.000970 
1216 8.629215 0.000000 1.200266 19.454262 -0.062956 0.558283 -0.001273 
1217 6.480056 0.000000 1.723119 19.456863 0.037737 0.223309 -0.000841 
1218 6.480056 0.000000 1.025982 19.453807 -0.012706 0.615229 -0.001393 
1219 6.480056 0.000000 2.420257 19.452565 -0.001401 0.037001 -0.000267 
1220 7.601356 0.000000 1.374551 19.453082 0.006818 0.357188 -0.000654 
1221 7.227589 0.000000 1.374551 19.455005 0.017230 0.346535 -0.000833 
1222 7.601356 0.000000 1.025982 19.430073 -0.054258 0.683921 0.000804 
1223 7.601356 0.000000 1.723119 19.459015 0.019729 0.217102 -0.001053 
1224 8.162006 0.000000 1.200266 19.447394 -0.039553 0.523570 -0.000461 
1225 7.975123 0.000000 1.200266 19.445202 -0.033649 0.507678 -0.000191 
1226 8.162006 0.000000 1.025982 19.432262 0.005131 0.700055 0.000528 
1227 8.162006 0.000000 1.374551 19.458369 -0.078594 0.345412 -0.001192 
1228 8.442331 0.000000 1.113124 19.443986 -0.051725 0.648819 -0.000502 
1229 8.348890 0.000000 1.113124 19.441843 -0.049306 0.636471 -0.000239 
1230 8.442331 0.000000 1.025982 19.437129 0.056527 0.778144 -0.000286 
1231 8.442331 0.000000 1.200266 19.452833 -0.052695 0.546668 -0.001089 
1232 8.909540 0.000000 0.851698 19.419987 -0.024064 1.141097 -0.000360 
1233 8.909540 0.000000 0.677414 19.403398 -0.000383 1.272292 0.000507 
1234 9.096423 0.000000 0.851698 19.420486 -0.029916 1.161587 -0.000537 
1235 8.629215 0.000000 0.938840 19.427346 0.006253 0.978298 -0.000202 
1236 8.535773 0.000000 0.938840 19.425545 0.003647 0.966998 0.000041 
1237 8.629215 0.000000 0.851698 19.417414 -0.026274 1.117693 0.000044 
1238 8.722656 0.000000 0.938840 19.428680 0.007435 0.989562 -0.000398 
1239 8.582494 0.000000 1.069553 19.440070 -0.082729 0.738493 -0.000439 
1240 8.535773 0.000000 1.069553 19.439431 -0.079445 0.729120 -0.000336 
1241 8.582494 0.000000 1.025982 19.439095 0.048887 0.818975 -0.000658 
1242 8.629215 0.000000 1.069553 19.440400 -0.085826 0.748599 -0.000514 
1243 8.582494 0.000000 1.113124 19.446472 -0.057161 0.666525 -0.000820 
1244 10.965257 0.000000 1.723119 19.447340 -0.016833 0.189432 0.000178 
1245 10.965257 0.000000 1.025982 19.450757 -0.182318 0.983921 -0.002725 
1246 11.712790 0.000000 1.723119 19.449739 -0.027335 0.062389 0.000015 
1247 10.965257 0.000000 2.420257 19.451836 -0.004636 0.008404 -0.000189 
1248 9.843957 0.000000 1.374551 19.461017 -0.073037 0.378972 -0.001527 
1249 9.843957 0.000000 1.025982 19.451050 -0.074930 0.951783 -0.002517 
1250 10.217723 0.000000 1.374551 19.460621 -0.073568 0.380543 -0.001490 
1251 9.843957 0.000000 1.723119 19.455020 0.000005 0.149830 -0.000576 
1252 9.283306 0.000000 1.200266 19.450859 -0.106411 0.595663 -0.001056 
1253 9.283306 0.000000 1.025982 19.439718 -0.008525 0.904052 -0.001104 
1254 9.470190 0.000000 1.200266 19.451471 -0.103683 0.601394 -0.001136 
1255 9.283306 0.000000 1.374551 19.456466 -0.070688 0.367293 -0.001035 
1256 9.002981 0.000000 1.113124 19.447093 -0.075120 0.713462 -0.001062 
1257 8.909540 0.000000 1.113124 19.447335 -0.070984 0.703693 -0.001048 
1258 9.002981 0.000000 1.025982 19.439858 0.013552 0.878021 -0.000996 
1259 9.096423 0.000000 1.113124 19.446664 -0.079468 0.723004 -0.001056 
1260 9.002981 0.000000 1.200266 19.452633 -0.097245 0.584124 -0.001198 
1261 10.965257 0.000000 0.328845 19.450663 0.116957 0.448244 -0.000635 
1262 10.965257 0.000000 -0.368292 19.449998 0.081638 -0.533766 -0.000771 
1263 11.712790 0.000000 0.328845 19.449687 0.168187 0.380428 -0.000425 
1264 9.843957 0.000000 0.677414 19.429553 -0.073566 1.257089 -0.002090 
1265 9.843957 0.000000 0.328845 19.461658 0.148826 0.409852 -0.001702 
1266 10.217723 0.000000 0.677414 19.451689 -0.046913 1.257881 -0.004362 
1267 9.283306 0.000000 0.851698 19.420433 -0.044038 1.181643 -0.000658 
1268 9.283306 0.000000 0.677414 19.409841 -0.038386 1.294196 -0.000306 
1269 9.470190 0.000000 0.851698 19.422672 -0.024764 1.217007 -0.001109 
1270 9.657073 0.000000 1.200266 19.455112 -0.105049 0.611033 -0.001542 
1271 9.657073 0.000000 1.025982 19.445121 -0.048717 0.936092 -0.001821 
1272 9.843957 0.000000 1.200266 19.459434 -0.114215 0.617557 -0.002013 
1273 9.657073 0.000000 1.374551 19.459054 -0.073609 0.374806 -0.001317 
1274 9.376748 0.000000 1.113124 19.445401 -0.091791 0.751785 -0.001043 
1275 9.283306 0.000000 1.113124 19.445634 -0.088088 0.742006 -0.001027 
1276 9.376748 0.000000 1.025982 19.439993 -0.017223 0.912261 -0.001172 
1277 9.470190 0.000000 1.113124 19.445813 -0.094674 0.761808 -0.001127 
1278 9.376748 0.000000 1.200266 19.450910 -0.102003 0.596984 -0.001063 
1279 9.657073 0.000000 0.851698 19.427155 -0.049380 1.235577 -0.001694 
1280 9.657073 0.000000 0.677414 19.421623 -0.066688 1.269857 -0.001358 
1281 9.843957 0.000000 0.851698 19.434571 -0.076680 1.253341 -0.002582 
1282 10.591490 0.000000 1.374551 19.453386 -0.091043 0.383853 -0.000760 
1283 10.591490 0.000000 1.025982 19.457191 -0.166060 0.980367 -0.003353 
1284 10.965257 0.000000 1.374551 19.449139 -0.041095 0.344851 -0.000230 
1285 10.591490 0.000000 1.723119 19.447737 -0.017824 0.188498 0.000138 
1286 10.030840 0.000000 1.200266 19.461371 -0.117922 0.625534 -0.002241 
1287 10.030840 0.000000 1.025982 19.456219 -0.101392 0.964602 -0.003126 
1288 10.217723 0.000000 1.200266 19.461195 -0.126235 0.630542 -0.002245 
1289 10.030840 0.000000 1.374551 19.460921 -0.071350 0.381455 -0.001521 
1290 9.750515 0.000000 1.113124 19.451868 -0.107668 0.795303 -0.001895 
1291 9.657073 0.000000 1.113124 19.449440 -0.096676 0.781481 -0.001581 
1292 9.750515 0.000000 1.025982 19.448095 -0.061450 0.944059 -0.002170 
1293 9.843957 0.000000 1.113124 19.454413 -0.106469 0.801094 -0.002180 
1294 9.750515 0.000000 1.200266 19.457550 -0.109219 0.614518 -0.001806 
1295 10.591490 0.000000 0.677414 19.457592 -0.056619 1.258804 -0.004978 
1296 10.591490 0.000000 0.328845 19.454551 0.205189 0.431893 -0.001072 
1297 10.965257 0.000000 0.677414 19.451156 -0.041439 1.267637 -0.004371 
1298 10.030840 0.000000 0.851698 19.444180 -0.105527 1.269043 -0.003688 
1299 10.030840 0.000000 0.677414 19.440669 -0.037793 1.264303 -0.003270 
1300 10.217723 0.000000 0.851698 19.453785 -0.114356 1.286592 -0.004799 
1301 10.404607 0.000000 1.200266 19.458432 -0.131381 0.635048 -0.001979 
1302 10.404607 0.000000 1.025982 19.460432 -0.158362 0.982190 -0.003689 
1303 10.591490 0.000000 1.200266 19.455191 -0.137846 0.637922 -0.001660 
1304 10.404607 0.000000 1.374551 19.456292 -0.091932 0.383079 -0.001057 
1305 10.124282 0.000000 1.113124 19.459434 -0.114968 0.802026 -0.002706 
1306 10.030840 0.000000 1.113124 19.458074 -0.110198 0.803690 -0.002570 
1307 10.124282 0.000000 1.025982 19.458458 -0.113240 0.968952 -0.003386 
1308 10.217723 0.000000 1.113124 19.460280 -0.120805 0.799724 -0.002786 
1309 10.124282 0.000000 1.200266 19.461573 -0.122250 0.628056 -0.002273 
1310 10.404607 0.000000 0.851698 19.460011 -0.133919 1.292095 -0.005490 
1311 10.404607 0.000000 0.677414 19.458351 -0.053630 1.256882 -0.005042 
1312 10.591490 0.000000 0.851698 19.458350 -0.144268 1.293659 -0.005338 
1313 12.460324 0.000000 1.723119 19.450010 -0.028815 0.068144 -0.000016 
1314 12.460324 0.000000 1.025982 19.449309 -0.101330 0.719861 -0.001326 
1315 13.207857 0.000000 1.723119 19.449808 -0.033208 0.077292 0.000001 
1316 12.460324 0.000000 2.420257 19.450373 -0.005378 0.008577 -0.000039 
1317 11.339023 0.000000 1.374551 19.447275 -0.054815 0.411445 -0.000175 
1318 11.339023 0.000000 1.025982 19.447940 -0.134590 0.963174 -0.002288 
1319 11.712790 0.000000 1.374551 19.449402 -0.075266 0.204443 -0.000064 
1320 11.339023 0.000000 1.723119 19.448216 -0.039041 0.169445 0.000103 
1321 10.778373 0.000000 1.200266 19.451588 -0.153295 0.642067 -0.001315 
1322 10.778373 0.000000 1.025982 19.453031 -0.160398 0.977105 -0.002903 
1323 10.965257 0.000000 1.200266 19.450721 -0.157744 0.556669 -0.000959 
1324 10.778373 0.000000 1.374551 19.451982 -0.106768 0.374619 -0.000605 
1325 10.498048 0.000000 1.113124 19.458193 -0.135498 0.792905 -0.002553 
1326 10.404607 0.000000 1.113124 19.459456 -0.131896 0.794742 -0.002688 
1327 10.498048 0.000000 1.025982 19.459075 -0.163168 0.981335 -0.003549 
1328 10.591490 0.000000 1.113124 19.456568 -0.137580 0.792068 -0.002384 
1329 10.498048 0.000000 1.200266 19.457472 -0.138479 0.633741 -0.001881 
1330 10.311165 0.000000 1.113124 19.460303 -0.126807 0.797236 -0.002782 
1331 10.311165 0.000000 1.025982 19.460751 -0.151438 0.982349 -0.003717 
1332 10.311165 0.000000 1.200266 19.460090 -0.129444 0.632936 -0.002141 
1333 10.217723 0.000000 9.391630 19.450206 0.000937 0.000576 -0.000021 
1334 13.207857 0.000000 9.391630 19.450194 0.001068 0.000329 -0.000020 
1335 10.217723 0.000000 12.180179 19.450050 0.000283 0.000301 -0.000005 
1336 11.712790 0.000000 5.208806 19.450256 0.001681 -0.000872 -0.000026 
1337 10.217723 0.000000 5.208806 19.450454 -0.002883 0.000371 -0.000047 
1338 13.207857 0.000000 5.208806 19.450112 0.001141 -0.001235 -0.000011 
1339 11.712790 0.000000 6.603080 19.450224 0.000682 -0.000977 -0.000023 
1340 10.965257 0.000000 3.117394 19.452214 -0.002087 0.001024 -0.000228 
1341 10.217723 0.000000 3.117394 19.453808 -0.002357 0.002198 -0.000392 
1342 11.712790 0.000000 3.117394 19.451137 0.001291 0.000113 -0.000117 
1343 10.965257 0.000000 3.814531 19.450689 0.001069 0.002323 -0.000071 
1344 10.591490 0.000000 2.071688 19.449538 -0.026573 0.089760 0.000024 
1345 10.217723 0.000000 2.071688 19.449282 -0.006604 0.102694 0.000046 
1346 10.965257 0.000000 2.071688 19.448902 -0.025615 0.090260 0.000090 
1347 10.591490 0.000000 2.420257 19.452481 -0.003869 0.010263 -0.000255 
1348 10.404607 0.000000 1.548835 19.452587 -0.044894 0.247438 -0.000433 
1349 10.217723 0.000000 1.548835 19.457032 -0.052910 0.242719 -0.000886 
1350 10.591490 0.000000 1.548835 19.451345 -0.005413 0.214535 -0.000260 
1351 10.404607 0.000000 1.723119 19.448374 -0.018509 0.188121 0.000073 
1352 10.498048 0.000000 1.287409 19.456604 -0.111657 0.499716 -0.001372 
1353 10.404607 0.000000 1.287409 19.458286 -0.110107 0.499547 -0.001544 
1354 10.591490 0.000000 1.287409 19.455138 -0.111195 0.496129 -0.001212 
1355 10.498048 0.000000 1.374551 19.454835 -0.094460 0.379828 -0.000902 
1356 10.451327 0.000000 1.156695 19.457651 -0.124423 0.720682 -0.002201 
1357 10.404607 0.000000 1.156695 19.458057 -0.124931 0.721745 -0.002247 
1358 10.451327 0.000000 1.113124 19.458839 -0.133899 0.793642 -0.002621 
1359 10.498048 0.000000 1.156695 19.457617 -0.124900 0.719987 -0.002195 
1360 10.451327 0.000000 1.200266 19.457829 -0.131820 0.635985 -0.001920 
1361 12.460324 0.000000 0.328845 19.448992 0.166395 0.430210 -0.000459 
1362 12.460324 0.000000 -0.368292 19.448998 0.152995 -0.495196 -0.000607 
1363 13.207857 0.000000 0.328845 19.449295 0.166810 0.430304 -0.000491 
1364 11.339023 0.000000 0.677414 19.449029 -0.073143 1.239951 -0.003978 
1365 11.339023 0.000000 0.328845 19.449973 0.143452 0.581114 -0.000944 
1366 11.712790 0.000000 0.677414 19.448878 -0.131814 1.053095 -0.002862 
1367 11.152140 0.000000 1.200266 19.447582 -0.087263 0.625655 -0.000806 
1368 11.152140 0.000000 1.025982 19.449193 -0.160044 0.930460 -0.002273 
1369 11.339023 0.000000 1.200266 19.447628 -0.073436 0.634786 -0.000836 
1370 11.152140 0.000000 1.374551 19.447366 -0.038592 0.403197 -0.000163 
1371 12.086557 0.000000 1.374551 19.449282 -0.072870 0.208746 -0.000055 
1372 12.086557 0.000000 1.025982 19.449144 -0.120518 0.668693 -0.001132 
1373 12.460324 0.000000 1.374551 19.449558 -0.071407 0.226382 -0.000103 
1374 12.086557 0.000000 1.723119 19.449825 -0.029099 0.070178 0.000003 
1375 12.086557 0.000000 0.677414 19.449110 -0.058071 0.949132 -0.002299 
1376 12.086557 0.000000 0.328845 19.449281 0.187466 0.367342 -0.000376 
1377 12.460324 0.000000 0.677414 19.449106 -0.043849 1.028748 -0.002711 
1378 11.899674 0.000000 1.200266 19.449247 -0.113522 0.386475 -0.000351 
1379 11.712790 0.000000 1.200266 19.448923 -0.059228 0.482749 -0.000515 
1380 11.899674 0.000000 1.025982 19.449214 -0.120692 0.668605 -0.001139 
1381 12.086557 0.000000 1.200266 19.449238 -0.113367 0.386599 -0.000351 
1382 11.899674 0.000000 1.374551 19.449387 -0.075125 0.204593 -0.000063 
1383 12.834090 0.000000 1.374551 19.449716 -0.069838 0.223661 -0.000116 
1384 12.834090 0.000000 1.025982 19.449373 -0.101150 0.720053 -0.001333 
1385 13.207857 0.000000 1.374551 19.449690 -0.069641 0.223853 -0.000113 
1386 12.834090 0.000000 1.723119 19.449890 -0.028175 0.068087 -0.000003 
1387 12.273440 0.000000 1.200266 19.449349 -0.103033 0.420753 -0.000429 
1388 12.273440 0.000000 1.025982 19.449297 -0.090116 0.660289 -0.001102 
1389 12.460324 0.000000 1.200266 19.449440 -0.102919 0.420815 -0.000439 
1390 12.273440 0.000000 1.374551 19.449478 -0.071502 0.226307 -0.000095 
1391 12.834090 0.000000 0.677414 19.449241 -0.043643 1.028899 -0.002725 
1392 12.834090 0.000000 0.328845 19.449156 0.166637 0.430244 -0.000476 
1393 13.207857 0.000000 0.677414 19.449431 -0.038021 1.026155 -0.002729 
1394 12.647207 0.000000 1.200266 19.449432 -0.102828 0.420944 -0.000438 
1395 12.647207 0.000000 1.025982 19.449339 -0.101218 0.719969 -0.001329 
1396 12.834090 0.000000 1.200266 19.449452 -0.102759 0.421033 -0.000440 
1397 12.647207 0.000000 1.374551 19.449530 -0.071333 0.226515 -0.000101 
1398 3.676805 0.000000 0.851698 19.436141 0.033351 0.695785 0.000142 
1399 3.676805 0.000000 0.677414 19.423481 0.043947 0.795958 0.001045 
1400 3.863689 0.000000 0.851698 19.443915 0.033926 0.714577 -0.000727 
1401 3.676805 0.000000 1.025982 19.454651 -0.046905 0.419448 -0.000949 
1402 3.396480 0.000000 0.938840 19.441990 -0.069591 0.399011 0.000390 
1403 3.396480 0.000000 0.851698 19.431902 0.033096 0.671072 0.000667 
1404 3.489922 0.000000 0.938840 19.442942 -0.064285 0.425777 0.000235 
1405 3.396480 0.000000 1.025982 19.444715 -0.054215 0.417006 0.000076 
1406 3.676805 0.000000 1.200266 19.454477 -0.049526 0.445943 -0.000993 
1407 3.863689 0.000000 1.200266 19.462951 -0.050267 0.445926 -0.001864 
1408 3.676805 0.000000 1.374551 19.454759 -0.048839 0.375579 -0.000869 
1409 3.583364 0.000000 0.938840 19.445189 -0.068258 0.443313 -0.000037 
1410 3.583364 0.000000 0.851698 19.433704 0.033604 0.686933 0.000425 
1411 3.676805 0.000000 0.938840 19.448290 -0.073905 0.454715 -0.000385 
1412 3.583364 0.000000 1.025982 19.451120 -0.048632 0.417539 -0.000582 
1413 4.611222 0.000000 0.677414 19.420773 -0.020511 0.858160 0.001055 
1414 4.611222 0.000000 0.328845 19.389143 0.009177 0.439858 0.005736 
1415 4.984989 0.000000 0.677414 19.426727 -0.029552 0.907194 0.000214 
1416 4.611222 0.000000 1.025982 19.478049 -0.042482 0.487685 -0.003520 
1417 4.050572 0.000000 0.851698 19.448118 0.038399 0.735324 -0.001240 
1418 4.050572 0.000000 0.677414 19.428754 0.034043 0.815874 0.000421 
1419 4.237455 0.000000 0.851698 19.446025 0.038698 0.760823 -0.001125 
1420 4.050572 0.000000 1.025982 19.470142 -0.044245 0.432466 -0.002572 
1421 3.770247 0.000000 0.938840 19.453254 -0.080723 0.461071 -0.000914 
1422 3.770247 0.000000 0.851698 19.440460 0.033205 0.704406 -0.000334 
1423 3.863689 0.000000 0.938840 19.457504 -0.089285 0.463034 -0.001360 
1424 3.770247 0.000000 1.025982 19.458734 -0.045598 0.422021 -0.001375 
1425 4.611222 0.000000 1.374551 19.484469 -0.031007 0.375788 -0.003923 
1426 4.984989 0.000000 1.374551 19.481804 -0.016135 0.363288 -0.003623 
1427 4.611222 0.000000 1.723119 19.475831 -0.005073 0.258296 -0.002834 
1428 4.050572 0.000000 1.200266 19.471897 -0.051471 0.444380 -0.002782 
1429 4.237455 0.000000 1.200266 19.479781 -0.050235 0.443573 -0.003591 
1430 4.050572 0.000000 1.374551 19.470381 -0.052867 0.378563 -0.002483 
1431 3.957130 0.000000 0.938840 19.461810 -0.096470 0.453731 -0.001784 
1432 3.957130 0.000000 0.851698 19.446726 0.035772 0.724336 -0.001054 
1433 4.050572 0.000000 0.938840 19.465282 -0.089567 0.430966 -0.002084 
1434 3.957130 0.000000 1.025982 19.466801 -0.044668 0.427835 -0.002218 
1435 4.424339 0.000000 0.851698 19.444521 0.052359 0.777542 -0.001042 
1436 4.424339 0.000000 0.677414 19.419101 -0.009034 0.833621 0.001338 
1437 4.611222 0.000000 0.851698 19.446991 0.038875 0.811381 -0.001435 
1438 4.424339 0.000000 1.025982 19.477028 -0.043250 0.465392 -0.003359 
1439 4.144014 0.000000 0.938840 19.466482 -0.052380 0.413884 -0.002156 
1440 4.144014 0.000000 0.851698 19.447393 0.040001 0.747532 -0.001213 
1441 4.237455 0.000000 0.938840 19.465923 -0.005949 0.432166 -0.002132 
1442 4.144014 0.000000 1.025982 19.472540 -0.043793 0.438718 -0.002833 
1443 4.424339 0.000000 1.200266 19.484274 -0.046168 0.442156 -0.004050 
1444 4.611222 0.000000 1.200266 19.485664 -0.047399 0.440582 -0.004190 
1445 4.424339 0.000000 1.374551 19.483382 -0.041953 0.376078 -0.003814 
1446 4.330897 0.000000 0.938840 19.464799 0.020071 0.472715 -0.002114 
1447 4.330897 0.000000 0.851698 19.444366 0.059001 0.761341 -0.000962 
1448 4.424339 0.000000 0.938840 19.464374 0.027312 0.515588 -0.002183 
1449 4.330897 0.000000 1.025982 19.475950 -0.043303 0.454915 -0.003222 
1450 6.480056 0.000000 0.328845 19.394166 -0.039825 0.482005 0.005115 
1451 6.480056 0.000000 -0.368292 19.396576 -0.037361 -0.546301 0.004693 
1452 5.358756 0.000000 0.677414 19.429572 -0.034552 0.944783 -0.000263 
1453 5.358756 0.000000 0.328845 19.414084 -0.011228 0.467139 0.003113 
1454 5.732522 0.000000 0.677414 19.429753 0.034004 0.968415 -0.000401 
1455 5.358756 0.000000 1.025982 19.468873 -0.000019 0.555664 -0.002758 
1456 4.798105 0.000000 0.851698 19.449995 0.033709 0.841008 -0.001872 
1457 4.798105 0.000000 0.677414 19.423857 -0.027549 0.882687 0.000625 
1458 4.984989 0.000000 0.851698 19.451706 0.037938 0.868228 -0.002172 
1459 4.798105 0.000000 1.025982 19.478261 -0.035935 0.507702 -0.003593 
1460 4.517780 0.000000 0.938840 19.464617 0.025388 0.552237 -0.002311 
1461 4.517780 0.000000 0.851698 19.445565 0.045319 0.793887 -0.001215 
1462 4.611222 0.000000 0.938840 19.464814 0.021065 0.584228 -0.002427 
1463 4.517780 0.000000 1.025982 19.477748 -0.043219 0.475763 -0.003459 
1464 5.358756 0.000000 1.374551 19.473823 0.007486 0.353194 -0.002781 
1465 5.732522 0.000000 1.374551 19.467366 0.011603 0.345654 -0.002103 
1466 5.358756 0.000000 1.723119 19.468798 0.006526 0.241301 -0.002088 
1467 4.798105 0.000000 1.200266 19.484909 -0.038135 0.439913 -0.004108 
1468 4.984989 0.000000 1.200266 19.482865 -0.026117 0.438580 -0.003893 
1469 4.798105 0.000000 1.374551 19.483672 -0.024553 0.371131 -0.003831 
1470 4.704664 0.000000 0.938840 19.465023 0.018238 0.609847 -0.002529 
1471 4.704664 0.000000 0.851698 19.448418 0.034874 0.826657 -0.001647 
1472 4.798105 0.000000 0.938840 19.465577 0.018086 0.631838 -0.002659 
1473 4.704664 0.000000 1.025982 19.478080 -0.040115 0.497965 -0.003549 
1474 5.171872 0.000000 0.851698 19.450063 0.044725 0.892202 -0.002116 
1475 5.171872 0.000000 0.677414 19.428745 -0.031145 0.928423 -0.000097 
1476 5.358756 0.000000 0.851698 19.446403 0.031210 0.902017 -0.001783 
1477 5.171872 0.000000 1.025982 19.473767 -0.009913 0.540826 -0.003219 
1478 4.891547 0.000000 0.938840 19.466277 0.019994 0.651628 -0.002798 
1479 4.891547 0.000000 0.851698 19.451360 0.035065 0.854843 -0.002075 
1480 4.984989 0.000000 0.938840 19.466029 0.023345 0.669942 -0.002837 
1481 4.891547 0.000000 1.025982 19.478212 -0.030175 0.516823 -0.003612 
1482 6.106289 0.000000 0.677414 19.428834 0.035213 0.985295 -0.000394 
1483 6.106289 0.000000 0.328845 19.416108 -0.046600 0.470446 0.002891 
1484 6.480056 0.000000 0.677414 19.427067 0.005761 0.991700 -0.000243 
1485 6.106289 0.000000 1.025982 19.456200 -0.008951 0.603152 -0.001599 
1486 5.545639 0.000000 0.851698 19.442938 0.034207 0.918842 -0.001509 
1487 5.545639 0.000000 0.677414 19.428855 -0.040200 0.956128 -0.000248 
1488 5.732522 0.000000 0.851698 19.440639 0.035317 0.934001 -0.001347 
1489 5.545639 0.000000 1.025982 19.464530 0.004964 0.568946 -0.002350 
1490 5.171872 0.000000 1.200266 19.479466 -0.013707 0.437083 -0.003538 
1491 5.358756 0.000000 1.200266 19.475190 -0.002802 0.436539 -0.003096 
1492 5.171872 0.000000 1.374551 19.477625 -0.005163 0.360159 -0.003186 
1493 5.265314 0.000000 0.938840 19.460410 0.034440 0.717069 -0.002433 
1494 5.171872 0.000000 0.938840 19.462628 0.031058 0.702321 -0.002605 
1495 5.265314 0.000000 0.851698 19.448483 0.047683 0.902926 -0.002005 
1496 5.358756 0.000000 0.938840 19.458170 0.036712 0.731414 -0.002258 
1497 5.265314 0.000000 1.025982 19.471262 -0.004298 0.548556 -0.002983 
1498 6.106289 0.000000 1.374551 19.461449 0.013191 0.341479 -0.001486 
1499 6.480056 0.000000 1.374551 19.458746 0.006558 0.339708 -0.001205 
1500 6.106289 0.000000 1.723119 19.456387 0.039601 0.222693 -0.000792 
1501 5.545639 0.000000 1.200266 19.471316 0.005965 0.437178 -0.002698 
1502 5.732522 0.000000 1.200266 19.467219 0.011793 0.438502 -0.002280 
1503 5.545639 0.000000 1.374551 19.470396 0.014011 0.350525 -0.002424 
1504 5.452197 0.000000 0.938840 19.455969 0.038016 0.745179 -0.002086 
1505 5.452197 0.000000 0.851698 19.444576 0.032879 0.910545 -0.001637 
1506 5.545639 0.000000 0.938840 19.453884 0.038948 0.758715 -0.001925 
1507 5.452197 0.000000 1.025982 19.466741 0.002966 0.562530 -0.002559 
1508 5.919406 0.000000 0.851698 19.439140 0.034765 0.947673 -0.001261 
1509 5.919406 0.000000 0.677414 19.428862 0.031835 0.976226 -0.000350 
1510 6.106289 0.000000 0.851698 19.438954 0.033737 0.960051 -0.001304 
1511 5.919406 0.000000 1.025982 19.458356 0.001720 0.592289 -0.001787 
1512 5.639081 0.000000 0.938840 19.452230 0.039149 0.771396 -0.001806 
1513 5.639081 0.000000 0.851698 19.441731 0.034989 0.926608 -0.001423 
1514 5.732522 0.000000 0.938840 19.450843 0.038968 0.783109 -0.001712 
1515 5.639081 0.000000 1.025982 19.462550 0.006028 0.575170 -0.002165 
1516 6.853823 0.000000 0.677414 19.430041 0.014325 1.035825 -0.000785 
1517 6.853823 0.000000 0.328845 19.369924 -0.028471 0.514392 0.007516 
1518 7.227589 0.000000 0.677414 19.415468 0.027323 1.084190 0.000439 
1519 6.853823 0.000000 1.025982 19.453494 -0.060114 0.646476 -0.001474 
1520 6.293172 0.000000 0.851698 19.439881 0.032220 0.971019 -0.001455 
1521 6.293172 0.000000 0.677414 19.426098 -0.000545 0.975592 -0.000060 
1522 6.480056 0.000000 0.851698 19.441887 0.028242 0.980795 -0.001711 
1523 6.293172 0.000000 1.025982 19.453888 0.003066 0.604301 -0.001365 
1524 5.919406 0.000000 1.200266 19.463990 0.013958 0.440030 -0.001951 
1525 6.106289 0.000000 1.200266 19.461053 0.011977 0.441641 -0.001653 
1526 5.919406 0.000000 1.374551 19.463958 0.014017 0.343897 -0.001749 
1527 6.012847 0.000000 0.938840 19.446525 0.062181 0.802936 -0.001357 
1528 5.919406 0.000000 0.938840 19.447284 0.063943 0.793149 -0.001394 
1529 6.012847 0.000000 0.851698 19.438960 0.034155 0.954137 -0.001275 
1530 6.106289 0.000000 0.938840 19.446095 0.060210 0.811875 -0.001350 
1531 6.012847 0.000000 1.025982 19.457221 -0.003054 0.597796 -0.001687 
1532 6.853823 0.000000 1.374551 19.457800 -0.003954 0.345144 -0.001117 
1533 6.853823 0.000000 1.723119 19.458833 0.033178 0.222429 -0.001042 
1534 6.293172 0.000000 1.200266 19.459015 0.006396 0.443303 -0.001447 
1535 6.480056 0.000000 1.200266 19.457872 -0.001413 0.444960 -0.001333 
1536 6.293172 0.000000 1.374551 19.459541 0.010494 0.340565 -0.001288 
1537 6.199731 0.000000 0.938840 19.446041 0.057757 0.820060 -0.001379 
1538 6.199731 0.000000 0.851698 19.439334 0.033155 0.965660 -0.001371 
1539 6.293172 0.000000 0.938840 19.446182 0.054773 0.827287 -0.001425 
1540 6.199731 0.000000 1.025982 19.454441 0.010399 0.598930 -0.001405 
1541 6.666939 0.000000 0.851698 19.445460 0.042028 0.998776 -0.002175 
1542 6.666939 0.000000 0.677414 19.428490 0.009126 1.012091 -0.000497 
1543 6.853823 0.000000 0.851698 19.444870 0.018872 0.996096 -0.002096 
1544 6.666939 0.000000 1.025982 19.453560 -0.026332 0.626579 -0.001406 
1545 6.386614 0.000000 0.938840 19.446576 0.051178 0.833680 -0.001492 
1546 6.386614 0.000000 0.851698 19.440803 0.030633 0.976088 -0.001575 
1547 6.480056 0.000000 0.938840 19.447321 0.046943 0.839238 -0.001592 
1548 6.386614 0.000000 1.025982 19.453783 -0.004753 0.609723 -0.001372 
1549 7.601356 0.000000 0.677414 19.396065 -0.003667 1.127836 0.002176 
1550 7.601356 0.000000 0.328845 19.372480 0.054578 0.546074 0.007159 
1551 7.040706 0.000000 0.851698 19.441091 0.018808 1.001645 -0.001737 
1552 7.040706 0.000000 0.677414 19.427147 0.024328 1.060210 -0.000624 
1553 7.227589 0.000000 0.851698 19.429030 -0.025178 0.993810 -0.000457 
1554 7.040706 0.000000 1.025982 19.449139 -0.061753 0.656035 -0.001059 
1555 6.666939 0.000000 1.200266 19.457437 -0.008527 0.446345 -0.001292 
1556 6.853823 0.000000 1.200266 19.456541 -0.013380 0.447677 -0.001203 
1557 6.666939 0.000000 1.374551 19.458809 -0.004915 0.350113 -0.001230 
1558 6.760381 0.000000 0.938840 19.448810 0.035076 0.851058 -0.001795 
1559 6.666939 0.000000 0.938840 19.448437 0.038405 0.847844 -0.001743 
1560 6.760381 0.000000 0.851698 19.446345 0.039729 1.002238 -0.002284 
1561 6.853823 0.000000 0.938840 19.448755 0.032999 0.853804 -0.001802 
1562 6.760381 0.000000 1.025982 19.454156 -0.057182 0.641326 -0.001523 
1563 7.414473 0.000000 1.200266 19.446839 -0.020023 0.465480 -0.000249 
1564 7.227589 0.000000 1.200266 19.450423 -0.017625 0.455963 -0.000594 
1565 7.414473 0.000000 1.025982 19.433727 -0.058025 0.673988 0.000463 
1566 7.601356 0.000000 1.200266 19.444918 -0.023851 0.478246 -0.000084 
1567 7.414473 0.000000 1.374551 19.453891 0.012956 0.351548 -0.000727 
1568 7.040706 0.000000 1.200266 19.454142 -0.015867 0.450389 -0.000963 
1569 7.040706 0.000000 1.374551 19.456573 0.019629 0.342963 -0.000988 
1570 7.414473 0.000000 0.851698 19.417837 -0.034577 1.005644 0.000628 
1571 7.414473 0.000000 0.677414 19.402376 0.015083 1.106576 0.001654 
1572 7.601356 0.000000 0.851698 19.412583 -0.044929 1.020996 0.001083 
1573 7.321031 0.000000 1.113124 19.443720 -0.028875 0.534345 -0.000111 
1574 7.227589 0.000000 1.113124 19.446869 -0.026251 0.529906 -0.000422 
1575 7.321031 0.000000 1.025982 19.437273 -0.059482 0.669104 0.000115 
1576 7.414473 0.000000 1.113124 19.441114 -0.031784 0.540377 0.000139 
1577 7.321031 0.000000 1.200266 19.448436 -0.018622 0.460204 -0.000400 
1578 7.788239 0.000000 1.200266 19.444271 -0.028483 0.492539 -0.000054 
1579 7.788239 0.000000 1.025982 19.430061 -0.047329 0.690258 0.000784 
1580 7.788239 0.000000 1.374551 19.453784 -0.010413 0.357134 -0.000727 
1581 7.788239 0.000000 0.851698 19.414055 -0.049885 1.036529 0.000846 
1582 7.788239 0.000000 0.677414 19.399072 -0.013923 1.158440 0.001682 
1583 7.975123 0.000000 0.851698 19.416242 -0.047810 1.049574 0.000550 
1584 7.694798 0.000000 1.113124 19.437444 -0.040109 0.564424 0.000444 
1585 7.601356 0.000000 1.113124 19.438018 -0.037494 0.555842 0.000411 
1586 7.694798 0.000000 1.025982 19.429837 -0.051477 0.687776 0.000815 
1587 7.788239 0.000000 1.113124 19.436956 -0.042188 0.573257 0.000467 
1588 7.694798 0.000000 1.200266 19.444611 -0.026146 0.485297 -0.000070 
1589 8.162006 0.000000 0.851698 19.417080 -0.063252 1.078178 0.000299 
1590 8.162006 0.000000 0.677414 19.404539 -0.012592 1.195218 0.000893 
1591 8.068564 0.000000 1.113124 19.437731 -0.046434 0.601796 0.000298 
1592 7.975123 0.000000 1.113124 19.437221 -0.045437 0.591737 0.000383 
1593 8.068564 0.000000 1.025982 19.431462 -0.015758 0.693476 0.000633 
1594 8.162006 0.000000 1.113124 19.438447 -0.047115 0.612625 0.000190 
1595 8.068564 0.000000 1.200266 19.446124 -0.036402 0.515492 -0.000307 
1596 8.255448 0.000000 1.113124 19.439797 -0.047841 0.624301 0.000013 
1597 8.255448 0.000000 1.025982 19.433427 0.029573 0.716510 0.000344 
1598 8.255448 0.000000 1.200266 19.449074 -0.043253 0.531698 -0.000657 
1599 0.429707 0.000000 0.873483 18.103684 -0.039244 5.119838 0.064353 
1600 0.453067 0.000000 0.873483 17.915392 0.003795 3.601896 0.117281 
1601 0.429707 0.000000 0.895269 17.463672 0.003913 3.946637 0.152647 
1602 0.476428 0.000000 0.873483 18.087221 0.004355 3.364971 0.105291 
1603 0.499788 0.000000 0.873483 18.199499 0.004726 3.153544 0.098165 
1604 0.476428 0.000000 0.895269 18.080688 0.004727 3.371732 0.105795 
1605 0.464747 0.000000 0.862591 17.904462 0.003270 3.617207 0.118023 
1606 0.453067 0.000000 0.862591 17.890179 0.003462 3.620484 0.119312 
1607 0.464747 0.000000 0.851698 17.968637 0.003506 3.570693 0.112822 
1608 0.476428 0.000000 0.862591 18.085369 0.003843 3.358718 0.105579 
1609 0.464747 0.000000 0.873483 17.940468 0.004021 3.569836 0.115512 
1610 0.523148 0.000000 0.873483 18.297982 0.005062 2.901856 0.092692 
1611 0.546509 0.000000 0.873483 18.394476 0.005323 2.662286 0.086856 
1612 0.523148 0.000000 0.895269 18.293123 0.005537 2.931046 0.092712 
1613 0.488108 0.000000 0.862591 18.202101 0.004180 3.146743 0.098027 
1614 0.488108 0.000000 0.851698 18.803766 -0.083549 3.291735 0.036686 
1615 0.499788 0.000000 0.862591 18.202101 0.004180 3.146743 0.098027 
1616 0.488108 0.000000 0.873483 18.122310 0.004213 3.297395 0.103123 
1617 0.569869 0.000000 0.873483 18.497917 0.005690 2.427678 0.079925 
1618 0.593230 0.000000 0.873483 18.602642 0.005816 2.195355 0.072494 
1619 0.569869 0.000000 0.895269 18.494519 0.005888 2.447964 0.079996 
1620 0.616590 0.000000 0.873483 18.596681 0.006006 2.190650 0.073135 
1621 0.639950 0.000000 0.873483 19.095428 -0.060540 1.899283 0.026582 
1622 0.616590 0.000000 0.895269 18.596750 0.006020 2.202725 0.072988 
1623 0.663311 0.000000 0.873483 19.142124 -0.061613 1.753081 0.023274 
1624 0.686671 0.000000 0.873483 19.185113 -0.062201 1.638996 0.019941 
1625 0.663311 0.000000 0.895269 18.741261 0.005887 1.909485 0.061912 
1626 0.710032 0.000000 0.873483 19.228096 -0.062167 1.532602 0.016469 
1627 0.710032 0.000000 0.851698 19.307085 -0.093946 1.576804 0.008046 
1628 0.733392 0.000000 0.873483 19.268956 -0.061938 1.448509 0.012973 
1629 0.710032 0.000000 0.895269 18.939215 0.006175 1.704906 0.044150 
1630 0.850194 0.000000 0.873483 19.477216 -0.059667 1.148131 -0.006294 
1631 0.826834 0.000000 0.873483 19.435494 -0.060074 1.191685 -0.002272 
1632 0.850194 0.000000 0.851698 19.515698 -0.100673 1.218611 -0.010719 
1633 0.873555 0.000000 0.873483 19.518739 -0.059507 1.107567 -0.010333 
1634 0.850194 0.000000 0.895269 19.434150 -0.063448 1.154986 -0.001908 
1635 1.013717 0.000000 0.895269 19.661308 0.013810 1.148759 -0.025335 
1636 1.060438 0.000000 0.895269 19.652664 0.014222 1.203858 -0.024780 
1637 1.013717 0.000000 0.938840 19.596070 0.012682 1.195540 -0.018855 
1638 1.107159 0.000000 0.895269 19.652664 0.014222 1.203858 -0.024780 
1639 1.153880 0.000000 0.895269 19.511812 0.019669 1.186085 -0.010086 
1640 1.107159 0.000000 0.938840 19.555764 0.018584 1.228331 -0.014894 
1641 1.083798 0.000000 0.873483 19.661308 0.013810 1.148759 -0.025335 
1642 1.060438 0.000000 0.873483 19.661308 0.013810 1.148759 -0.025335 
1643 1.083798 0.000000 0.851698 19.661308 0.013810 1.148759 -0.025335 
1644 1.107159 0.000000 0.873483 19.661308 0.013810 1.148759 -0.025335 
1645 1.083798 0.000000 0.895269 19.652664 0.014222 1.203858 -0.024780 
1646 1.200601 0.000000 0.895269 19.487100 0.020593 1.160490 -0.007380 
1647 1.247321 0.000000 0.895269 19.370961 0.025115 1.168311 0.004501 
1648 1.200601 0.000000 0.938840 19.489421 0.021067 1.232573 -0.008075 
1649 1.387484 0.000000 0.895269 19.304737 0.024475 1.097167 0.011698 
1650 1.340763 0.000000 0.895269 19.333943 0.024684 1.103540 0.008678 
1651 1.387484 0.000000 0.938840 19.328325 0.025171 1.149346 0.008979 
1652 1.574367 0.000000 0.895269 19.009330 0.028141 0.828829 0.042982 
1653 1.574367 0.000000 0.851698 19.024501 0.028549 0.792807 0.041611 
1654 1.574367 0.000000 0.938840 19.011282 0.027248 0.888724 0.042514 
1655 1.901413 0.000000 0.764556 19.346110 0.047731 0.721545 0.009272 
1656 1.901413 0.000000 0.677414 19.372149 0.047567 0.778046 0.006383 
1657 1.854692 0.000000 0.895269 19.250752 -0.050783 0.284032 0.020163 
1658 1.854692 0.000000 0.851698 19.282786 0.120320 0.527170 0.016347 
1659 1.901413 0.000000 0.895269 19.294171 -0.055978 0.245285 0.015792 
1660 1.854692 0.000000 0.938840 18.996736 0.023112 0.024617 0.046062 
1661 1.948134 0.000000 0.895269 19.343551 -0.061084 0.239023 0.010755 
1662 1.948134 0.000000 0.851698 19.349431 0.096240 0.489050 0.009658 
1663 1.948134 0.000000 0.938840 19.253049 0.023710 -0.358109 0.019809 
1664 2.135017 0.000000 0.895269 19.490029 -0.075666 0.354597 -0.004468 
1665 2.135017 0.000000 0.851698 19.457499 0.069675 0.549176 -0.001581 
1666 2.135017 0.000000 0.938840 19.542260 -0.072124 0.251799 -0.009691 
1667 2.321901 0.000000 0.895269 19.467663 -0.084493 0.476784 -0.002437 
1668 2.321901 0.000000 0.851698 19.455232 0.057720 0.621580 -0.001568 
1669 2.368622 0.000000 0.895269 19.458149 -0.086657 0.489088 -0.001490 
1670 2.321901 0.000000 0.938840 19.480588 -0.073588 0.416402 -0.003620 
1671 2.462063 0.000000 0.764556 19.441330 0.038291 0.758802 -0.000635 
1672 2.462063 0.000000 0.677414 19.439579 0.038182 0.771635 -0.000506 
1673 2.415343 0.000000 0.895269 19.451731 -0.089478 0.497039 -0.000852 
1674 2.415343 0.000000 0.851698 19.446748 0.055081 0.635484 -0.000741 
1675 2.462063 0.000000 0.895269 19.447771 -0.093039 0.502171 -0.000460 
1676 2.415343 0.000000 0.938840 19.454717 -0.073584 0.425216 -0.000977 
1677 2.508784 0.000000 0.895269 19.445828 -0.098018 0.505630 -0.000272 
1678 2.508784 0.000000 0.851698 19.443646 0.053118 0.640244 -0.000438 
1679 2.508784 0.000000 0.938840 19.446621 -0.072918 0.421987 -0.000137 
1680 2.695668 0.000000 0.895269 19.446840 -0.152525 0.523607 -0.000461 
1681 2.695668 0.000000 0.851698 19.446333 0.046169 0.643202 -0.000722 
1682 2.742388 0.000000 0.895269 19.447402 -0.184140 0.534912 -0.000579 
1683 2.695668 0.000000 0.938840 19.448173 -0.075232 0.414389 -0.000281 
1684 2.835830 0.000000 0.764556 19.446540 0.033663 0.764729 -0.001193 
1685 2.835830 0.000000 0.677414 19.444567 0.031725 0.780073 -0.001053 
1686 2.789109 0.000000 0.895269 19.447434 -0.226907 0.553150 -0.000681 
1687 2.789109 0.000000 0.851698 19.447610 0.041639 0.644933 -0.000858 
1688 2.835830 0.000000 0.895269 19.446764 -0.295373 0.589780 -0.000817 
1689 2.789109 0.000000 0.938840 19.448769 -0.079208 0.412593 -0.000340 
1690 2.882551 0.000000 0.895269 19.442345 -0.429523 0.684282 -0.000938 
1691 2.882551 0.000000 0.851698 19.447067 0.037556 0.647455 -0.000810 
1692 2.882551 0.000000 0.938840 19.448952 -0.083773 0.411722 -0.000359 
1693 3.162876 0.000000 0.895269 19.438801 0.132560 0.519779 0.000391 
1694 3.162876 0.000000 0.851698 19.436370 0.032007 0.656047 0.000261 
1695 3.209597 0.000000 0.895269 19.437690 0.109596 0.524635 0.000506 
1696 3.162876 0.000000 0.938840 19.443166 -0.099551 0.415074 0.000221 
1697 3.256318 0.000000 0.895269 19.436767 0.093819 0.529358 0.000596 
1698 3.256318 0.000000 0.851698 19.433630 0.032276 0.660421 0.000527 
1699 3.303039 0.000000 0.895269 19.436551 0.082610 0.536926 0.000602 
1700 3.256318 0.000000 0.938840 19.442039 -0.108614 0.406422 0.000351 
1701 3.396480 0.000000 0.764556 19.426991 0.028401 0.781313 0.000749 
1702 3.396480 0.000000 0.677414 19.423744 0.021911 0.798070 0.001013 
1703 3.489922 0.000000 0.764556 19.426651 0.027860 0.785892 0.000765 
1704 3.349759 0.000000 0.895269 19.436245 0.074772 0.542368 0.000622 
1705 3.349759 0.000000 0.851698 19.432370 0.032893 0.667997 0.000630 
1706 3.396480 0.000000 0.895269 19.436000 0.068979 0.547903 0.000633 
1707 3.349759 0.000000 0.938840 19.442117 -0.084918 0.388060 0.000393 
1708 3.209597 0.000000 1.113124 19.439513 -0.052577 0.453395 0.000527 
1709 3.303039 0.000000 1.113124 19.441410 -0.059083 0.449274 0.000340 
1710 3.209597 0.000000 1.200266 19.435909 -0.059727 0.447979 0.000908 
1711 3.256318 0.000000 0.982411 19.443225 -0.062411 0.400927 0.000261 
1712 3.209597 0.000000 0.982411 19.443351 -0.063597 0.400717 0.000248 
1713 3.303039 0.000000 0.982411 19.443427 -0.061131 0.403262 0.000236 
1714 3.256318 0.000000 1.025982 19.442917 -0.058306 0.417044 0.000259 
1715 3.279678 0.000000 0.917054 19.440638 -0.150742 0.458973 0.000346 
1716 3.256318 0.000000 0.917054 19.440381 -0.143812 0.458898 0.000378 
1717 3.279678 0.000000 0.895269 19.436804 0.087814 0.534131 0.000582 
1718 3.303039 0.000000 0.917054 19.440623 -0.158549 0.455939 0.000348 
1719 3.279678 0.000000 0.938840 19.442353 -0.108962 0.402527 0.000326 
1720 4.330897 0.000000 1.113124 19.481633 -0.053753 0.445391 -0.003787 
1721 4.237455 0.000000 1.113124 19.479341 -0.055119 0.443843 -0.003548 
1722 4.424339 0.000000 1.113124 19.483216 -0.051743 0.448719 -0.003958 
1723 4.330897 0.000000 1.200266 19.482576 -0.048637 0.442068 -0.003875 
1724 4.284176 0.000000 0.982411 19.470153 -0.049995 0.468147 -0.002659 
1725 4.237455 0.000000 0.982411 19.469773 -0.049046 0.463443 -0.002608 
1726 4.284176 0.000000 0.938840 19.465302 0.009991 0.450598 -0.002111 
1727 4.330897 0.000000 0.982411 19.470570 -0.051249 0.474296 -0.002718 
1728 4.284176 0.000000 1.025982 19.475229 -0.043175 0.450034 -0.003136 
1729 4.377618 0.000000 0.982411 19.471109 -0.052530 0.480785 -0.002790 
1730 4.377618 0.000000 0.938840 19.464564 0.025390 0.494659 -0.002147 
1731 4.424339 0.000000 0.982411 19.471505 -0.053947 0.487153 -0.002848 
1732 4.377618 0.000000 1.025982 19.476545 -0.043286 0.460150 -0.003296 
1733 4.517780 0.000000 1.113124 19.484167 -0.049427 0.452199 -0.004063 
1734 4.611222 0.000000 1.113124 19.484417 -0.046261 0.457377 -0.004101 
1735 4.517780 0.000000 1.200266 19.485292 -0.050968 0.439214 -0.004149 
1736 4.471060 0.000000 0.982411 19.471964 -0.055343 0.493619 -0.002912 
1737 4.471060 0.000000 0.938840 19.464466 0.026830 0.534697 -0.002246 
1738 4.517780 0.000000 0.982411 19.472326 -0.056668 0.499700 -0.002966 
1739 4.471060 0.000000 1.025982 19.477418 -0.043263 0.470579 -0.003412 
1740 4.564501 0.000000 0.982411 19.472538 -0.057851 0.505984 -0.003005 
1741 4.564501 0.000000 0.938840 19.464674 0.023128 0.568102 -0.002364 
1742 4.611222 0.000000 0.982411 19.472713 -0.058450 0.513532 -0.003043 
1743 4.564501 0.000000 1.025982 19.477918 -0.043055 0.480994 -0.003489 
1744 5.732522 0.000000 -3.156842 19.451386 -0.002135 -0.015268 -0.000143 
1745 5.732522 0.000000 -4.551116 19.450048 -0.000129 -0.004021 -0.000005 
1746 7.227589 0.000000 -3.156842 19.453932 -0.002529 -0.014098 -0.000405 
1747 4.984989 0.000000 -1.065430 19.480280 -0.021313 -0.495398 -0.003766 
1748 4.984989 0.000000 -1.762567 19.472391 0.000403 -0.233606 -0.002448 
1749 5.732522 0.000000 -1.065430 19.463035 0.017231 -0.539560 -0.002111 
1750 4.611222 0.000000 -0.019724 19.380514 0.047008 -0.037277 0.007123 
1751 4.237455 0.000000 -0.019724 19.384086 -0.020189 -0.064577 0.006754 
1752 4.611222 0.000000 -0.368292 19.391056 0.009432 -0.497359 0.005398 
1753 4.984989 0.000000 -0.019724 19.390206 0.032272 -0.025763 0.006135 
1754 4.424339 0.000000 0.503129 19.401154 0.011387 0.667053 0.003840 
1755 4.237455 0.000000 0.503129 19.404927 0.012170 0.650554 0.003510 
1756 4.424339 0.000000 0.328845 19.389375 0.008119 0.429700 0.005736 
1757 4.611222 0.000000 0.503129 19.400807 0.009321 0.684816 0.003812 
1758 4.517780 0.000000 0.764556 19.431891 0.030048 0.864316 -0.000116 
1759 4.424339 0.000000 0.764556 19.430961 0.037512 0.850917 0.000039 
1760 4.517780 0.000000 0.677414 19.419392 -0.014958 0.844840 0.001258 
1761 4.611222 0.000000 0.764556 19.433545 0.023068 0.879417 -0.000354 
1762 4.564501 0.000000 0.895269 19.454834 0.012963 0.731811 -0.001913 
1763 4.517780 0.000000 0.895269 19.454244 0.016095 0.722596 -0.001817 
1764 4.564501 0.000000 0.851698 19.446280 0.041797 0.802041 -0.001323 
1765 4.611222 0.000000 0.895269 19.455413 0.010303 0.742071 -0.002013 
1766 4.704664 0.000000 1.113124 19.484271 -0.042024 0.460955 -0.004093 
1767 4.798105 0.000000 1.113124 19.483921 -0.036718 0.464332 -0.004065 
1768 4.704664 0.000000 1.200266 19.485423 -0.043132 0.440316 -0.004163 
1769 4.657943 0.000000 0.982411 19.472677 -0.058502 0.519672 -0.003056 
1770 4.657943 0.000000 0.938840 19.464812 0.019354 0.597519 -0.002468 
1771 4.704664 0.000000 0.982411 19.472846 -0.058037 0.525773 -0.003090 
1772 4.657943 0.000000 1.025982 19.478007 -0.041526 0.492863 -0.003529 
1773 4.587862 0.000000 0.960626 19.470093 -0.067082 0.507527 -0.002760 
1774 4.564501 0.000000 0.960626 19.469897 -0.068142 0.504008 -0.002731 
1775 4.587862 0.000000 0.938840 19.464787 0.022066 0.577075 -0.002403 
1776 4.611222 0.000000 0.960626 19.470178 -0.065700 0.509550 -0.002774 
1777 4.587862 0.000000 0.982411 19.472636 -0.058185 0.510522 -0.003027 
1778 4.751385 0.000000 0.982411 19.473031 -0.056818 0.531800 -0.003126 
1779 4.751385 0.000000 0.938840 19.465220 0.017893 0.621158 -0.002586 
1780 4.798105 0.000000 0.982411 19.473224 -0.055198 0.537770 -0.003162 
1781 4.751385 0.000000 1.025982 19.478137 -0.038188 0.502919 -0.003568 
1782 4.891547 0.000000 1.113124 19.483389 -0.030286 0.467272 -0.004016 
1783 4.984989 0.000000 1.113124 19.482332 -0.023231 0.469943 -0.003913 
1784 4.891547 0.000000 1.200266 19.483984 -0.032383 0.439392 -0.004011 
1785 4.844826 0.000000 0.982411 19.473490 -0.053042 0.543668 -0.003206 
1786 4.844826 0.000000 0.938840 19.466023 0.018810 0.641960 -0.002739 
1787 4.891547 0.000000 0.982411 19.473637 -0.050578 0.549309 -0.003236 
1788 4.844826 0.000000 1.025982 19.478293 -0.033223 0.512315 -0.003608 
1789 5.078431 0.000000 0.938840 19.464756 0.027194 0.686830 -0.002767 
1790 5.078431 0.000000 0.851698 19.451291 0.041365 0.880718 -0.002188 
1791 5.078431 0.000000 1.025982 19.475975 -0.016433 0.533200 -0.003425 
1792 4.938268 0.000000 0.982411 19.473553 -0.047796 0.554760 -0.003243 
1793 4.938268 0.000000 0.938840 19.466294 0.021544 0.660979 -0.002832 
1794 4.984989 0.000000 0.982411 19.473139 -0.044824 0.560090 -0.003215 
1795 4.938268 0.000000 1.025982 19.477974 -0.026904 0.521142 -0.003598 
1796 5.078431 0.000000 1.113124 19.480891 -0.016090 0.472547 -0.003770 
1797 5.171872 0.000000 1.113124 19.478579 -0.009293 0.475355 -0.003538 
1798 5.078431 0.000000 1.200266 19.481450 -0.019838 0.437693 -0.003744 
1799 5.031710 0.000000 0.982411 19.472549 -0.041786 0.565153 -0.003169 
1800 5.031710 0.000000 0.938840 19.465551 0.025262 0.678456 -0.002818 
1801 5.078431 0.000000 0.982411 19.471819 -0.038802 0.570288 -0.003109 
1802 5.031710 0.000000 1.025982 19.476772 -0.019916 0.529240 -0.003496 
1803 5.265314 0.000000 1.113124 19.476188 -0.003081 0.478213 -0.003299 
1804 5.358756 0.000000 1.113124 19.473847 0.002526 0.481597 -0.003067 
1805 5.265314 0.000000 1.200266 19.477245 -0.008032 0.436672 -0.003308 
1806 5.218593 0.000000 0.982411 19.468285 -0.030978 0.586008 -0.002791 
1807 5.171872 0.000000 0.982411 19.469464 -0.033392 0.580730 -0.002897 
1808 5.218593 0.000000 0.938840 19.461508 0.032802 0.709709 -0.002518 
1809 5.265314 0.000000 0.982411 19.467272 -0.028746 0.591263 -0.002703 
1810 5.218593 0.000000 1.025982 19.472348 -0.006984 0.544775 -0.003084 
1811 5.312035 0.000000 0.982411 19.466083 -0.026924 0.596428 -0.002597 
1812 5.312035 0.000000 0.938840 19.459185 0.035725 0.724247 -0.002335 
1813 5.358756 0.000000 0.982411 19.465120 -0.025216 0.601425 -0.002513 
1814 5.312035 0.000000 1.025982 19.470094 -0.001971 0.552134 -0.002873 
1815 5.452197 0.000000 1.113124 19.471517 0.007188 0.485124 -0.002836 
1816 5.545639 0.000000 1.113124 19.469388 0.011069 0.488609 -0.002626 
1817 5.452197 0.000000 1.200266 19.473258 0.001895 0.436801 -0.002897 
1818 5.405476 0.000000 0.982411 19.463996 -0.023462 0.606192 -0.002413 
1819 5.405476 0.000000 0.938840 19.457065 0.037518 0.738480 -0.002172 
1820 5.452197 0.000000 0.982411 19.463046 -0.021827 0.610930 -0.002330 
1821 5.405476 0.000000 1.025982 19.467808 0.001605 0.559212 -0.002659 
1822 5.498918 0.000000 0.982411 19.461883 -0.020008 0.615535 -0.002225 
1823 5.498918 0.000000 0.938840 19.454943 0.038545 0.752124 -0.002008 
1824 5.545639 0.000000 0.982411 19.460938 -0.018047 0.620358 -0.002143 
1825 5.498918 0.000000 1.025982 19.465589 0.004002 0.565695 -0.002450 
1826 5.825964 0.000000 0.938840 19.448147 0.065147 0.782811 -0.001441 
1827 5.825964 0.000000 0.851698 19.439755 0.035149 0.941146 -0.001291 
1828 5.825964 0.000000 1.025982 19.459410 0.004690 0.586734 -0.001878 
1829 5.639081 0.000000 1.113124 19.467282 0.014304 0.492341 -0.002419 
1830 5.732522 0.000000 1.113124 19.465303 0.016678 0.496028 -0.002225 
1831 5.639081 0.000000 1.200266 19.469370 0.009207 0.437637 -0.002499 
1832 5.685802 0.000000 0.982411 19.458105 -0.011750 0.635104 -0.001900 
1833 5.639081 0.000000 0.982411 19.459006 -0.013806 0.630033 -0.001976 
1834 5.685802 0.000000 0.938840 19.451567 0.039126 0.777368 -0.001763 
1835 5.732522 0.000000 0.982411 19.457347 -0.009781 0.640403 -0.001840 
1836 5.685802 0.000000 1.025982 19.461646 0.006179 0.578222 -0.002082 
1837 5.825964 0.000000 1.113124 19.463671 0.017959 0.499603 -0.002067 
1838 5.919406 0.000000 1.113124 19.462177 0.018173 0.503161 -0.001923 
1839 5.825964 0.000000 1.200266 19.465513 0.013407 0.439239 -0.002106 
1840 5.779243 0.000000 0.982411 19.456326 -0.008104 0.645841 -0.001753 
1841 5.779243 0.000000 0.938840 19.448622 0.065441 0.777309 -0.001467 
1842 5.825964 0.000000 0.982411 19.455681 -0.006635 0.651722 -0.001707 
1843 5.779243 0.000000 1.025982 19.460045 0.005534 0.583947 -0.001935 
1844 6.012847 0.000000 1.113124 19.460905 0.017324 0.506525 -0.001801 
1845 6.106289 0.000000 1.113124 19.459338 0.015213 0.509274 -0.001647 
1846 6.012847 0.000000 1.200266 19.462561 0.013510 0.440819 -0.001806 
1847 5.966127 0.000000 0.982411 19.452514 0.022869 0.659004 -0.001408 
1848 5.919406 0.000000 0.982411 19.453252 0.022028 0.653039 -0.001463 
1849 5.966127 0.000000 0.938840 19.446687 0.063153 0.797990 -0.001353 
1850 6.012847 0.000000 0.982411 19.452204 0.023750 0.664993 -0.001397 
1851 5.966127 0.000000 1.025982 19.457800 -0.000461 0.595026 -0.001738 
1852 6.059568 0.000000 0.982411 19.451693 0.024655 0.670724 -0.001365 
1853 6.059568 0.000000 0.938840 19.446211 0.061234 0.807436 -0.001344 
1854 6.106289 0.000000 0.982411 19.451252 0.025437 0.676518 -0.001340 
1855 6.059568 0.000000 1.025982 19.456690 -0.005902 0.600389 -0.001641 
1856 6.199731 0.000000 1.113124 19.458331 0.012314 0.512171 -0.001551 
1857 6.293172 0.000000 1.113124 19.457458 0.008627 0.514807 -0.001468 
1858 6.199731 0.000000 1.200266 19.459853 0.009497 0.442472 -0.001531 
1859 6.153010 0.000000 0.982411 19.451013 0.026084 0.682232 -0.001336 
1860 6.153010 0.000000 0.938840 19.446054 0.059054 0.816080 -0.001364 
1861 6.199731 0.000000 0.982411 19.450767 0.026469 0.687834 -0.001331 
1862 6.153010 0.000000 1.025982 19.454668 0.013796 0.596165 -0.001420 
1863 6.386614 0.000000 1.113124 19.456911 0.004185 0.517060 -0.001418 
1864 6.480056 0.000000 1.113124 19.456728 -0.000538 0.518989 -0.001404 
1865 6.386614 0.000000 1.200266 19.458375 0.002570 0.444150 -0.001383 
1866 6.339893 0.000000 0.982411 19.450284 0.025796 0.703469 -0.001339 
1867 6.293172 0.000000 0.982411 19.450396 0.026318 0.698478 -0.001332 
1868 6.339893 0.000000 0.938840 19.446338 0.053075 0.830547 -0.001454 
1869 6.386614 0.000000 0.982411 19.450313 0.024991 0.708434 -0.001361 
1870 6.339893 0.000000 1.025982 19.453807 -0.000761 0.606981 -0.001365 
1871 6.573498 0.000000 0.938840 19.447920 0.042535 0.843935 -0.001674 
1872 6.573498 0.000000 0.851698 19.444434 0.044916 0.994958 -0.002050 
1873 6.573498 0.000000 1.025982 19.453739 -0.020092 0.620899 -0.001405 
1874 6.433335 0.000000 0.982411 19.450492 0.023899 0.713180 -0.001397 
1875 6.433335 0.000000 0.938840 19.446929 0.049116 0.836558 -0.001540 
1876 6.480056 0.000000 0.982411 19.450524 0.022616 0.717669 -0.001417 
1877 6.433335 0.000000 1.025982 19.453895 -0.008777 0.612490 -0.001392 
1878 6.947264 0.000000 1.113124 19.454533 -0.019827 0.524305 -0.001194 
1879 6.853823 0.000000 1.113124 19.455692 -0.017214 0.523646 -0.001311 
1880 6.947264 0.000000 1.025982 19.451950 -0.061515 0.651375 -0.001332 
1881 7.040706 0.000000 1.113124 19.452356 -0.021841 0.525258 -0.000973 
1882 6.947264 0.000000 1.200266 19.455501 -0.014736 0.448798 -0.001099 
1883 7.134148 0.000000 1.113124 19.449828 -0.023981 0.526902 -0.000718 
1884 7.134148 0.000000 1.025982 19.445662 -0.061424 0.660407 -0.000717 
1885 7.134148 0.000000 1.200266 19.452515 -0.016756 0.452738 -0.000801 
1886 7.134148 0.000000 0.938840 19.440942 0.030512 0.860919 -0.001030 
1887 7.040706 0.000000 0.938840 19.444975 0.031246 0.858084 -0.001432 
1888 7.134148 0.000000 0.851698 19.436371 0.018175 1.005073 -0.001270 
1889 7.227589 0.000000 0.938840 19.436100 0.028993 0.864330 -0.000548 
1890 7.180868 0.000000 1.069553 19.446354 -0.057104 0.576271 -0.000512 
1891 7.134148 0.000000 1.069553 19.448255 -0.054856 0.573308 -0.000697 
1892 7.180868 0.000000 1.025982 19.443681 -0.061126 0.662481 -0.000520 
1893 7.227589 0.000000 1.069553 19.444502 -0.058925 0.579767 -0.000332 
1894 7.180868 0.000000 1.113124 19.448349 -0.025119 0.528177 -0.000569 
1895 7.321031 0.000000 0.938840 19.429391 0.007493 0.861686 0.000155 
1896 7.321031 0.000000 0.851698 19.423040 -0.029313 0.999171 0.000129 
1897 7.414473 0.000000 0.938840 19.424808 0.004704 0.867558 0.000599 
1898 7.507914 0.000000 1.113124 19.439153 -0.034693 0.547757 0.000319 
1899 7.507914 0.000000 1.025982 19.431314 -0.056297 0.679119 0.000693 
1900 7.507914 0.000000 1.200266 19.445605 -0.021780 0.471568 -0.000137 
1901 7.367752 0.000000 1.069553 19.438740 -0.062768 0.592118 0.000220 
1902 7.321031 0.000000 1.069553 19.440515 -0.061741 0.587704 0.000052 
1903 7.367752 0.000000 1.025982 19.435357 -0.058778 0.671516 0.000304 
1904 7.414473 0.000000 1.069553 19.437183 -0.063582 0.596729 0.000366 
1905 7.367752 0.000000 1.113124 19.442396 -0.030291 0.537196 0.000017 
1906 7.507914 0.000000 0.938840 19.422940 -0.025199 0.884096 0.000713 
1907 7.507914 0.000000 0.851698 19.414126 -0.040083 1.012978 0.000969 
1908 7.601356 0.000000 0.938840 19.421474 -0.027398 0.891415 0.000829 
1909 7.554635 0.000000 1.069553 19.434075 -0.065447 0.611319 0.000638 
1910 7.507914 0.000000 1.069553 19.434815 -0.064820 0.606412 0.000578 
1911 7.554635 0.000000 1.025982 19.430566 -0.055316 0.681618 0.000761 
1912 7.601356 0.000000 1.069553 19.433494 -0.065962 0.616262 0.000681 
1913 7.554635 0.000000 1.113124 19.438495 -0.036142 0.551743 0.000374 
1914 7.694798 0.000000 0.938840 19.421354 -0.028614 0.898831 0.000806 
1915 7.694798 0.000000 0.851698 19.412795 -0.048301 1.029008 0.001017 
1916 7.788239 0.000000 0.938840 19.421914 -0.028725 0.905858 0.000715 
1917 7.648077 0.000000 1.069553 19.433160 -0.066414 0.621179 0.000699 
1918 7.648077 0.000000 1.025982 19.429922 -0.052995 0.685987 0.000812 
1919 7.694798 0.000000 1.069553 19.432896 -0.066826 0.626059 0.000710 
1920 7.648077 0.000000 1.113124 19.437660 -0.038837 0.560093 0.000435 
1921 7.881681 0.000000 1.113124 19.436964 -0.044059 0.582342 0.000438 
1922 7.881681 0.000000 1.025982 19.430290 -0.040813 0.691483 0.000757 
1923 7.881681 0.000000 1.200266 19.444595 -0.030963 0.500029 -0.000108 
1924 7.881681 0.000000 0.938840 19.422262 -0.027583 0.912461 0.000647 
1925 7.881681 0.000000 0.851698 19.415513 -0.049591 1.043411 0.000659 
1926 7.975123 0.000000 0.938840 19.422605 -0.025515 0.918457 0.000583 
1927 7.834960 0.000000 1.069553 19.432440 -0.067504 0.640242 0.000709 
1928 7.788239 0.000000 1.069553 19.432717 -0.067416 0.635577 0.000697 
1929 7.834960 0.000000 1.025982 19.430012 -0.044369 0.691029 0.000787 
1930 7.881681 0.000000 1.069553 19.432465 -0.067599 0.644880 0.000691 
1931 7.834960 0.000000 1.113124 19.436909 -0.043203 0.577776 0.000458 
1932 8.068564 0.000000 0.938840 19.422401 -0.022284 0.924244 0.000577 
1933 8.068564 0.000000 0.851698 19.416816 -0.040248 1.063644 0.000415 
1934 8.162006 0.000000 0.938840 19.421798 -0.017883 0.930424 0.000609 
1935 8.021844 0.000000 1.069553 19.432632 -0.067464 0.658749 0.000626 
1936 7.975123 0.000000 1.069553 19.432574 -0.067578 0.654043 0.000648 
1937 8.021844 0.000000 1.025982 19.431129 -0.024059 0.692329 0.000671 
1938 8.068564 0.000000 1.069553 19.432824 -0.067314 0.663595 0.000589 
1939 8.021844 0.000000 1.113124 19.437452 -0.045950 0.596678 0.000343 
1940 8.115285 0.000000 1.069553 19.432929 -0.067176 0.668620 0.000561 
1941 8.115285 0.000000 1.025982 19.431821 -0.005877 0.695863 0.000588 
1942 8.162006 0.000000 1.069553 19.433126 -0.067034 0.673852 0.000522 
1943 8.115285 0.000000 1.113124 19.438024 -0.046787 0.607081 0.000251 
1944 8.255448 0.000000 0.938840 19.421519 -0.012206 0.937719 0.000602 
1945 8.255448 0.000000 0.851698 19.415782 -0.056685 1.083700 0.000403 
1946 8.348890 0.000000 0.938840 19.422072 -0.006108 0.946208 0.000503 
1947 8.302169 0.000000 1.069553 19.434751 -0.067951 0.691394 0.000292 
1948 8.255448 0.000000 1.069553 19.434037 -0.067326 0.685225 0.000388 
1949 8.302169 0.000000 1.025982 19.434470 0.040604 0.729278 0.000186 
1950 8.348890 0.000000 1.069553 19.435740 -0.069216 0.697910 0.000166 
1951 8.302169 0.000000 1.113124 19.440730 -0.048435 0.630379 -0.000104 
1952 8.442331 0.000000 0.938840 19.423547 -0.000572 0.956112 0.000302 
1953 8.442331 0.000000 0.851698 19.415179 -0.040221 1.098134 0.000385 
1954 8.489052 0.000000 1.069553 19.438634 -0.076239 0.720448 -0.000219 
1955 8.442331 0.000000 1.069553 19.437695 -0.073335 0.712409 -0.000091 
1956 8.489052 0.000000 1.025982 19.437840 0.055556 0.793592 -0.000423 
1957 8.489052 0.000000 1.113124 19.445053 -0.053334 0.654834 -0.000632 
1958 8.816098 0.000000 1.113124 19.447351 -0.067028 0.693584 -0.001011 
1959 8.816098 0.000000 1.025982 19.439821 0.027489 0.857968 -0.000901 
1960 8.816098 0.000000 1.200266 19.453964 -0.071780 0.567680 -0.001273 
1961 8.675935 0.000000 1.069553 19.440678 -0.088533 0.759366 -0.000587 
1962 8.675935 0.000000 1.025982 19.439679 0.040017 0.837873 -0.000799 
1963 8.722656 0.000000 1.069553 19.440774 -0.090479 0.770848 -0.000644 
1964 8.675935 0.000000 1.113124 19.447181 -0.061234 0.677710 -0.000934 
1965 8.816098 0.000000 0.938840 19.429525 0.007481 1.000546 -0.000542 
1966 8.816098 0.000000 0.851698 19.419561 -0.019634 1.138957 -0.000303 
1967 8.909540 0.000000 0.938840 19.430040 0.006355 1.011332 -0.000652 
1968 8.862819 0.000000 1.069553 19.440548 -0.089338 0.808758 -0.000778 
1969 8.816098 0.000000 1.069553 19.440667 -0.091263 0.795745 -0.000736 
1970 8.862819 0.000000 1.025982 19.439823 0.023803 0.863445 -0.000926 
1971 8.909540 0.000000 1.069553 19.440390 -0.085507 0.821606 -0.000816 
1972 8.862819 0.000000 1.113124 19.447298 -0.069032 0.698686 -0.001025 
1973 9.002981 0.000000 0.938840 19.430465 0.003859 1.021905 -0.000753 
1974 9.002981 0.000000 0.851698 19.420326 -0.025898 1.151430 -0.000457 
1975 9.096423 0.000000 0.938840 19.430719 -0.000150 1.032461 -0.000836 
1976 9.189865 0.000000 1.113124 19.446140 -0.083911 0.732467 -0.001040 
1977 9.189865 0.000000 1.025982 19.439711 -0.000539 0.895576 -0.001062 
1978 9.189865 0.000000 1.200266 19.451291 -0.104356 0.591526 -0.001086 
1979 9.049702 0.000000 1.069553 19.440317 -0.063280 0.851807 -0.000933 
1980 9.002981 0.000000 1.069553 19.440374 -0.072070 0.843738 -0.000906 
1981 9.049702 0.000000 1.025982 19.439820 0.010159 0.882500 -0.001012 
1982 9.096423 0.000000 1.069553 19.440512 -0.054527 0.857066 -0.000974 
1983 9.049702 0.000000 1.113124 19.446886 -0.077302 0.718256 -0.001059 
1984 9.189865 0.000000 0.938840 19.430848 -0.005775 1.043059 -0.000908 
1985 9.189865 0.000000 0.851698 19.420486 -0.036028 1.171634 -0.000600 
1986 9.283306 0.000000 0.938840 19.430960 -0.013083 1.053825 -0.000979 
1987 9.143144 0.000000 1.069553 19.440567 -0.046698 0.859931 -0.000991 
1988 9.143144 0.000000 1.025982 19.439767 0.003193 0.891322 -0.001048 
1989 9.189865 0.000000 1.069553 19.440779 -0.040201 0.860973 -0.001016 
1990 9.143144 0.000000 1.113124 19.446400 -0.081681 0.727747 -0.001047 
1991 9.376748 0.000000 0.938840 19.431423 -0.021968 1.064611 -0.001088 
1992 9.376748 0.000000 0.851698 19.421618 -0.013766 1.207498 -0.000938 
1993 9.470190 0.000000 0.938840 19.432445 -0.032298 1.075433 -0.001256 
1994 9.330027 0.000000 1.069553 19.441591 -0.032052 0.859003 -0.001089 
1995 9.283306 0.000000 1.069553 19.441230 -0.033094 0.859976 -0.001056 
1996 9.330027 0.000000 1.025982 19.439795 -0.012773 0.908179 -0.001132 
1997 9.376748 0.000000 1.069553 19.441929 -0.032480 0.858217 -0.001120 
1998 9.330027 0.000000 1.113124 19.445442 -0.090003 0.746879 -0.001027 
1999 9.563631 0.000000 1.113124 19.447226 -0.096468 0.771895 -0.001314 
2000 9.563631 0.000000 1.025982 19.442570 -0.037148 0.928141 -0.001517 
2001 9.563631 0.000000 1.200266 19.452869 -0.105690 0.605693 -0.001294 
2002 9.563631 0.000000 0.938840 19.434242 -0.043997 1.086312 -0.001505 
2003 9.563631 0.000000 0.851698 19.424470 -0.036700 1.226384 -0.001356 
2004 9.657073 0.000000 0.938840 19.436858 -0.057003 1.097188 -0.001840 
2005 9.516911 0.000000 1.069553 19.443910 -0.039031 0.857662 -0.001322 
2006 9.470190 0.000000 1.069553 19.443097 -0.036078 0.857476 -0.001237 
2007 9.516911 0.000000 1.025982 19.441571 -0.031784 0.924211 -0.001394 
2008 9.563631 0.000000 1.069553 19.445051 -0.042539 0.858169 -0.001443 
2009 9.516911 0.000000 1.113124 19.446382 -0.095717 0.766867 -0.001207 
2010 9.937398 0.000000 1.113124 19.456411 -0.107181 0.803764 -0.002397 
2011 9.937398 0.000000 1.025982 19.453730 -0.088478 0.958788 -0.002834 
2012 9.937398 0.000000 1.200266 19.460705 -0.119308 0.620318 -0.002156 
2013 8.722656 0.000000 5.208806 19.450674 0.004179 0.003723 -0.000069 
2014 7.227589 0.000000 5.208806 19.450515 0.000537 0.003916 -0.000053 
2015 8.722656 0.000000 6.603080 19.450440 0.000368 -0.000322 -0.000045 
2016 9.470190 0.000000 3.117394 19.455315 -0.002565 0.004715 -0.000547 
2017 8.722656 0.000000 3.117394 19.456053 -0.002660 0.008298 -0.000623 
2018 9.470190 0.000000 3.814531 19.452887 -0.005162 0.001110 -0.000297 
2019 9.843957 0.000000 2.071688 19.450510 -0.007736 0.102659 -0.000080 
2020 9.470190 0.000000 2.071688 19.452310 -0.008459 0.103240 -0.000266 
2021 9.843957 0.000000 2.420257 19.455615 -0.004175 0.012959 -0.000578 
2022 10.030840 0.000000 1.548835 19.457730 -0.053149 0.244758 -0.000961 
2023 9.843957 0.000000 1.548835 19.457479 -0.053530 0.246006 -0.000937 
2024 10.030840 0.000000 1.723119 19.454133 -0.000031 0.148878 -0.000484 
2025 9.937398 0.000000 1.287409 19.461902 -0.102128 0.494547 -0.001898 
2026 9.843957 0.000000 1.287409 19.460883 -0.100203 0.493987 -0.001791 
2027 10.030840 0.000000 1.287409 19.462472 -0.103903 0.494923 -0.001959 
2028 9.937398 0.000000 1.374551 19.461774 -0.073664 0.378875 -0.001605 
2029 9.890677 0.000000 1.156695 19.458222 -0.128719 0.700824 -0.002188 
2030 9.843957 0.000000 1.156695 19.457533 -0.125492 0.697840 -0.002104 
2031 9.890677 0.000000 1.113124 19.455416 -0.106531 0.802821 -0.002291 
2032 9.937398 0.000000 1.156695 19.458834 -0.131660 0.703770 -0.002264 
2033 9.890677 0.000000 1.200266 19.460161 -0.116780 0.618983 -0.002094 
2034 10.124282 0.000000 1.287409 19.462623 -0.105809 0.495260 -0.001976 
2035 10.217723 0.000000 1.287409 19.462202 -0.108000 0.495423 -0.001935 
2036 10.124282 0.000000 1.374551 19.461023 -0.072315 0.381110 -0.001532 
2037 10.077561 0.000000 1.156695 19.459794 -0.137649 0.711912 -0.002397 
2038 10.030840 0.000000 1.156695 19.459575 -0.136230 0.709367 -0.002364 
2039 10.077561 0.000000 1.113124 19.458797 -0.112407 0.802990 -0.002643 
2040 10.124282 0.000000 1.156695 19.459881 -0.138338 0.714187 -0.002415 
2041 10.077561 0.000000 1.200266 19.461527 -0.120119 0.626784 -0.002262 
2042 10.311165 0.000000 1.287409 19.461027 -0.110359 0.495552 -0.001816 
2043 10.311165 0.000000 1.374551 19.459561 -0.075000 0.379941 -0.001380 
2044 10.264444 0.000000 1.156695 19.459517 -0.128412 0.722094 -0.002401 
2045 10.217723 0.000000 1.156695 19.459810 -0.137680 0.717578 -0.002420 
2046 10.264444 0.000000 1.113124 19.460441 -0.123848 0.798494 -0.002800 
2047 10.311165 0.000000 1.156695 19.459143 -0.127132 0.722466 -0.002363 
2048 10.264444 0.000000 1.200266 19.460725 -0.127959 0.631750 -0.002201 
2049 10.357886 0.000000 1.156695 19.458679 -0.125924 0.722325 -0.002314 
2050 10.357886 0.000000 1.113124 19.459983 -0.129509 0.795958 -0.002746 
2051 10.357886 0.000000 1.200266 19.459303 -0.130597 0.634040 -0.002065 
2052 10.778373 0.000000 0.851698 19.454028 -0.147327 1.289921 -0.004870 
2053 10.778373 0.000000 0.677414 19.453375 -0.038822 1.264397 -0.004577 
2054 10.965257 0.000000 0.851698 19.451493 -0.154195 1.289132 -0.004609 
2055 10.498048 0.000000 0.938840 19.460109 -0.150595 1.156726 -0.004637 
2056 10.404607 0.000000 0.938840 19.460902 -0.144587 1.156864 -0.004714 
2057 10.498048 0.000000 0.851698 19.460034 -0.140202 1.293193 -0.005505 
2058 10.591490 0.000000 0.938840 19.458193 -0.154399 1.156137 -0.004439 
2059 10.451327 0.000000 1.069553 19.459425 -0.152143 0.885367 -0.003103 
2060 10.404607 0.000000 1.069553 19.460057 -0.149755 0.885894 -0.003168 
2061 10.451327 0.000000 1.025982 19.459855 -0.161023 0.981809 -0.003630 
2062 10.498048 0.000000 1.069553 19.458684 -0.147743 0.881498 -0.003005 
2063 10.427967 0.000000 1.134910 19.458503 -0.129346 0.755757 -0.002429 
2064 10.404607 0.000000 1.134910 19.458764 -0.128768 0.756611 -0.002458 
2065 10.427967 0.000000 1.113124 19.459167 -0.132952 0.794170 -0.002657 
2066 10.451327 0.000000 1.134910 19.458267 -0.121715 0.758654 -0.002411 
2067 10.427967 0.000000 1.156695 19.457756 -0.124616 0.721227 -0.002214 
2068 10.684932 0.000000 1.113124 19.454045 -0.128955 0.800131 -0.002152 
2069 10.684932 0.000000 1.025982 19.455267 -0.167637 0.979687 -0.003153 
2070 10.778373 0.000000 1.113124 19.452820 -0.128659 0.796007 -0.002009 
2071 10.684932 0.000000 1.200266 19.453883 -0.137476 0.633976 -0.001512 
2072 10.871815 0.000000 1.113124 19.450985 -0.151061 0.801970 -0.001862 
2073 10.871815 0.000000 1.025982 19.451896 -0.158493 0.978834 -0.002794 
2074 10.965257 0.000000 1.113124 19.450761 -0.165179 0.792942 -0.001812 
2075 10.871815 0.000000 1.200266 19.451375 -0.167851 0.631581 -0.001270 
2076 11.152140 0.000000 0.851698 19.449874 -0.170053 1.297791 -0.004516 
2077 11.152140 0.000000 0.677414 19.450041 -0.070357 1.292645 -0.004434 
2078 11.339023 0.000000 0.851698 19.448477 -0.124621 1.275284 -0.004184 
2079 11.058698 0.000000 1.113124 19.449227 -0.127501 0.744121 -0.001427 
2080 11.058698 0.000000 1.025982 19.450045 -0.136983 0.961095 -0.002496 
2081 11.152140 0.000000 1.113124 19.448970 -0.148431 0.736011 -0.001384 
2082 11.058698 0.000000 1.200266 19.449129 -0.110471 0.567084 -0.000793 
2083 11.525907 0.000000 1.200266 19.447619 -0.090604 0.644262 -0.000874 
2084 11.525907 0.000000 1.025982 19.448040 -0.084919 0.960312 -0.002255 
2085 11.525907 0.000000 1.374551 19.447995 -0.076457 0.379689 -0.000190 
2086 11.245582 0.000000 1.113124 19.447786 -0.078610 0.776790 -0.001384 
2087 11.245582 0.000000 1.025982 19.448065 -0.112884 0.972017 -0.002332 
2088 11.339023 0.000000 1.113124 19.447909 -0.078499 0.776762 -0.001396 
2089 11.245582 0.000000 1.200266 19.447457 -0.073556 0.634733 -0.000818 
2090 11.339023 0.000000 2.071688 19.450457 -0.009711 0.022820 -0.000049 
2091 11.712790 0.000000 2.071688 19.450329 -0.008015 0.016305 -0.000035 
2092 11.339023 0.000000 2.420257 19.451498 -0.004108 0.002805 -0.000154 
2093 11.152140 0.000000 1.548835 19.447163 -0.031203 0.273071 0.000092 
2094 10.965257 0.000000 1.548835 19.446898 -0.031565 0.272665 0.000120 
2095 11.339023 0.000000 1.548835 19.447438 -0.030904 0.273369 0.000063 
2096 11.152140 0.000000 1.723119 19.447490 -0.016476 0.189847 0.000162 
2097 11.058698 0.000000 1.287409 19.448860 -0.066026 0.441724 -0.000410 
2098 10.965257 0.000000 1.287409 19.449357 -0.079434 0.433147 -0.000447 
2099 11.152140 0.000000 1.287409 19.447304 -0.054208 0.501488 -0.000395 
2100 11.058698 0.000000 1.374551 19.447202 -0.038740 0.403049 -0.000146 
2101 11.105419 0.000000 1.156695 19.449011 -0.140717 0.660408 -0.001104 
2102 11.058698 0.000000 1.156695 19.448981 -0.140821 0.660379 -0.001100 
2103 11.105419 0.000000 1.113124 19.449205 -0.127407 0.744152 -0.001425 
2104 11.152140 0.000000 1.156695 19.447598 -0.077819 0.705105 -0.001083 
2105 11.105419 0.000000 1.200266 19.449100 -0.110398 0.567108 -0.000790 
2106 11.525907 0.000000 0.851698 19.448384 -0.154567 1.261116 -0.004101 
2107 11.525907 0.000000 0.677414 19.448902 -0.086180 1.247878 -0.004023 
2108 11.712790 0.000000 0.851698 19.448889 -0.107890 1.064520 -0.002912 
2109 11.432465 0.000000 1.113124 19.447817 -0.064579 0.786509 -0.001422 
2110 11.432465 0.000000 1.025982 19.448134 -0.099119 0.949839 -0.002219 
2111 11.525907 0.000000 1.113124 19.448021 -0.064400 0.786456 -0.001442 
2112 11.432465 0.000000 1.200266 19.447823 -0.073326 0.634770 -0.000855 
2113 11.245582 0.000000 1.287409 19.447472 -0.054034 0.501542 -0.000413 
2114 11.339023 0.000000 1.287409 19.447236 -0.070908 0.510380 -0.000418 
2115 11.245582 0.000000 1.374551 19.447094 -0.054926 0.411328 -0.000156 
2116 11.292303 0.000000 1.156695 19.447555 -0.063910 0.714470 -0.001109 
2117 11.245582 0.000000 1.156695 19.447756 -0.077655 0.705069 -0.001099 
2118 11.292303 0.000000 1.113124 19.447862 -0.078537 0.776748 -0.001391 
2119 11.339023 0.000000 1.156695 19.447643 -0.063860 0.714511 -0.001118 
2120 11.292303 0.000000 1.200266 19.447559 -0.073481 0.634729 -0.000828 
2121 11.619349 0.000000 1.113124 19.448000 -0.097808 0.754393 -0.001324 
2122 11.619349 0.000000 1.025982 19.448346 -0.096525 0.914641 -0.002066 
2123 11.712790 0.000000 1.113124 19.448824 -0.058772 0.622859 -0.000914 
2124 11.619349 0.000000 1.200266 19.448024 -0.108987 0.605394 -0.000797 
2125 11.899674 0.000000 0.851698 19.449126 -0.123251 0.950263 -0.002337 
2126 11.899674 0.000000 0.677414 19.449337 -0.038295 0.932897 -0.002236 
2127 12.086557 0.000000 0.851698 19.449134 -0.123051 0.950318 -0.002338 
2128 11.806232 0.000000 1.113124 19.449250 -0.103888 0.514429 -0.000651 
2129 11.806232 0.000000 1.025982 19.449200 -0.120790 0.668557 -0.001138 
2130 11.899674 0.000000 1.113124 19.449235 -0.103785 0.514479 -0.000649 
2131 11.806232 0.000000 1.200266 19.449290 -0.113589 0.386424 -0.000356 
2132 12.273440 0.000000 0.851698 19.449163 -0.111812 0.979299 -0.002482 
2133 12.273440 0.000000 0.677414 19.449092 -0.069073 0.982206 -0.002469 
2134 12.460324 0.000000 0.851698 19.449200 -0.100012 1.020236 -0.002696 
2135 12.179999 0.000000 1.113124 19.449151 -0.102632 0.519754 -0.000655 
2136 12.086557 0.000000 1.113124 19.449190 -0.103633 0.514581 -0.000645 
2137 12.179999 0.000000 1.025982 19.449106 -0.120115 0.674076 -0.001147 
2138 12.273440 0.000000 1.113124 19.449348 -0.071472 0.501066 -0.000610 
2139 12.179999 0.000000 1.200266 19.449210 -0.085239 0.425780 -0.000417 
2140 11.993115 0.000000 1.113124 19.449197 -0.103702 0.514511 -0.000646 
2141 11.993115 0.000000 1.025982 19.449143 -0.120582 0.668633 -0.001132 
2142 11.993115 0.000000 1.200266 19.449247 -0.113435 0.386528 -0.000352 
2143 12.460324 0.000000 3.117394 19.449952 0.004058 0.005480 0.000005 
2144 13.207857 0.000000 3.117394 19.449846 0.001467 0.006477 0.000016 
2145 12.460324 0.000000 3.814531 19.450048 0.001314 0.002635 -0.000005 
2146 12.086557 0.000000 2.071688 19.450464 -0.011787 0.023165 -0.000049 
2147 12.460324 0.000000 2.071688 19.450202 -0.011619 0.023374 -0.000023 
2148 12.086557 0.000000 2.420257 19.450644 -0.005532 0.008448 -0.000067 
2149 12.273440 0.000000 1.548835 19.449665 -0.046546 0.124069 -0.000012 
2150 12.086557 0.000000 1.548835 19.449543 -0.030980 0.112363 0.000011 
2151 12.460324 0.000000 1.548835 19.449663 -0.046476 0.124176 -0.000012 
2152 12.273440 0.000000 1.723119 19.449858 -0.028999 0.070293 -0.000001 
2153 12.179999 0.000000 1.287409 19.449490 -0.060639 0.259873 -0.000136 
2154 12.086557 0.000000 1.287409 19.449288 -0.092831 0.278526 -0.000155 
2155 12.273440 0.000000 1.287409 19.449416 -0.086325 0.305832 -0.000207 
2156 12.179999 0.000000 1.374551 19.449553 -0.043518 0.185434 -0.000050 
2157 12.133278 0.000000 1.156695 19.449221 -0.103556 0.454143 -0.000493 
2158 12.086557 0.000000 1.156695 19.449210 -0.103597 0.454120 -0.000492 
2159 12.133278 0.000000 1.113124 19.449206 -0.103585 0.514604 -0.000647 
2160 12.179999 0.000000 1.156695 19.449175 -0.102333 0.459142 -0.000500 
2161 12.133278 0.000000 1.200266 19.449183 -0.111903 0.391432 -0.000354 
2162 12.366882 0.000000 1.113124 19.449294 -0.088838 0.556776 -0.000768 
2163 12.366882 0.000000 1.025982 19.449236 -0.101389 0.719863 -0.001318 
2164 12.460324 0.000000 1.113124 19.449369 -0.088781 0.556772 -0.000775 
2165 12.366882 0.000000 1.200266 19.449384 -0.102959 0.420785 -0.000433 
2166 12.647207 0.000000 0.851698 19.449256 -0.099902 1.020329 -0.002702 
2167 12.647207 0.000000 0.677414 19.449178 -0.043734 1.028828 -0.002718 
2168 12.834090 0.000000 0.851698 19.449302 -0.099825 1.020409 -0.002707 
2169 12.553765 0.000000 1.113124 19.449384 -0.088729 0.556821 -0.000777 
2170 12.553765 0.000000 1.025982 19.449337 -0.101277 0.719894 -0.001329 
2171 12.647207 0.000000 1.113124 19.449384 -0.088679 0.556893 -0.000777 
2172 12.553765 0.000000 1.200266 19.449434 -0.102871 0.420872 -0.000438 
2173 13.020974 0.000000 1.200266 19.449619 -0.100645 0.418028 -0.000450 
2174 13.020974 0.000000 1.025982 19.449539 -0.098236 0.716933 -0.001337 
2175 13.207857 0.000000 1.200266 19.449621 -0.100545 0.418109 -0.000450 
2176 13.020974 0.000000 1.374551 19.449693 -0.069738 0.223784 -0.000114 
2177 12.740649 0.000000 1.113124 19.449399 -0.088649 0.556944 -0.000779 
2178 12.740649 0.000000 1.025982 19.449358 -0.101189 0.720023 -0.001331 
2179 12.834090 0.000000 1.113124 19.449412 -0.088607 0.556980 -0.000780 
2180 12.740649 0.000000 1.200266 19.449442 -0.102794 0.420993 -0.000439 
2181 13.020974 0.000000 0.851698 19.449354 -0.099735 1.020486 -0.002713 
2182 13.020974 0.000000 0.677414 19.449299 -0.043556 1.028965 -0.002732 
2183 13.207857 0.000000 0.851698 19.449491 -0.095717 1.017390 -0.002708 
2184 12.927532 0.000000 1.113124 19.449576 -0.086414 0.554118 -0.000788 
2185 12.927532 0.000000 1.025982 19.449390 -0.101106 0.720107 -0.001335 
2186 13.020974 0.000000 1.113124 19.449579 -0.086124 0.553906 -0.000787 
2187 12.927532 0.000000 1.200266 19.449610 -0.100693 0.417990 -0.000449 
2188 13.114416 0.000000 1.113124 19.449577 -0.086077 0.553955 -0.000787 
2189 13.114416 0.000000 1.025982 19.449542 -0.098188 0.716981 -0.001337 
2190 13.207857 0.000000 1.113124 19.449584 -0.086021 0.553987 -0.000788 
2191 13.114416 0.000000 1.200266 19.449607 -0.100593 0.418078 -0.000448 
2192 12.834090 0.000000 2.071688 19.450040 -0.011452 0.023573 -0.000006 
2193 13.207857 0.000000 2.071688 19.449930 -0.011785 0.025927 0.000005 
2194 12.834090 0.000000 2.420257 19.450184 -0.002361 0.008337 -0.000019 
2195 13.020974 0.000000 1.548835 19.449760 -0.045272 0.121777 -0.000020 
2196 12.834090 0.000000 1.548835 19.449796 -0.045369 0.121666 -0.000024 
2197 13.207857 0.000000 1.548835 19.449768 -0.045178 0.121836 -0.000021 
2198 13.020974 0.000000 1.723119 19.449838 -0.028092 0.068198 0.000002 
2199 12.927532 0.000000 1.287409 19.449658 -0.084313 0.303156 -0.000227 
2200 12.834090 0.000000 1.287409 19.449672 -0.084701 0.303370 -0.000229 
2201 13.020974 0.000000 1.287409 19.449653 -0.084271 0.303210 -0.000226 
2202 12.927532 0.000000 1.374551 19.449702 -0.069778 0.223729 -0.000115 
2203 12.974253 0.000000 1.156695 19.449595 -0.088554 0.489336 -0.000612 
2204 12.927532 0.000000 1.156695 19.449589 -0.088581 0.489318 -0.000611 
2205 12.974253 0.000000 1.113124 19.449574 -0.086147 0.553887 -0.000787 
2206 13.020974 0.000000 1.156695 19.449599 -0.088531 0.489356 -0.000612 
2207 12.974253 0.000000 1.200266 19.449616 -0.100667 0.418008 -0.000449 
2208 -7.723080 0.000000 -7.339665 19.449867 0.000064 0.000066 0.000014 
2209 -10.713214 0.000000 -7.339665 19.449962 0.000052 0.000047 0.000004 
2210 -7.723080 0.000000 -10.128214 19.449915 0.000066 0.000010 0.000009 
2211 10.217723 0.000000 -7.339665 19.450321 0.001237 -0.000390 -0.000033 
2212 10.217723 0.000000 -10.128214 19.450249 0.000832 -0.000352 -0.000026 
2213 13.207857 0.000000 -7.339665 19.450123 -0.000735 0.000025 -0.000013 
2214 -7.723080 0.000000 9.391630 19.449891 0.000052 -0.000016 0.000011 
2215 -10.713214 0.000000 9.391630 19.449948 0.000111 -0.000025 0.000005 
2216 -7.723080 0.000000 12.180179 19.449913 0.000128 0.000015 0.000009 
2217 -3.237879 0.000000 -3.156842 19.448284 -0.000471 0.001817 0.000176 
2218 -4.732946 0.000000 -3.156842 19.449588 -0.000186 0.001324 0.000042 
2219 -3.237879 0.000000 -4.551116 19.448454 -0.000153 0.001028 0.000159 
2220 -3.237879 0.000000 5.208806 19.448694 -0.000112 -0.000677 0.000134 
2221 -4.732946 0.000000 5.208806 19.449451 0.000061 -0.000152 0.000056 
2222 -3.237879 0.000000 6.603080 19.449250 0.000153 0.000268 0.000077 
2223 -0.995279 0.000000 -1.065430 19.450562 -0.001768 0.048724 -0.000064 
2224 -1.742813 0.000000 -1.065430 19.454915 -0.001378 0.016833 -0.000506 
2225 -0.995279 0.000000 -1.762567 19.422821 -0.001823 0.022613 0.002791 
2226 5.732522 0.000000 5.208806 19.450301 0.000264 0.002988 -0.000031 
2227 5.732522 0.000000 6.603080 19.450295 0.000268 0.000542 -0.000030 
2228 -0.995279 0.000000 3.117394 19.437627 0.000276 0.001205 0.001272 
2229 -1.742813 0.000000 3.117394 19.443259 -0.000301 -0.001941 0.000693 
2230 -0.995279 0.000000 3.814531 19.443064 -0.000447 0.001651 0.000713 
2231 -0.621512 0.000000 -0.019724 19.583262 -0.000055 0.003187 -0.013750 
2232 -0.995279 0.000000 -0.019724 19.517097 -0.002301 0.001778 -0.006911 
2233 -0.621512 0.000000 -0.368292 19.565926 -0.002139 0.044404 -0.011961 
2234 3.489922 0.000000 3.117394 19.451166 -0.002323 0.016394 -0.000121 
2235 4.237455 0.000000 3.117394 19.451125 -0.002151 0.017107 -0.000116 
2236 3.489922 0.000000 3.814531 19.449875 -0.004652 0.008036 0.000013 
2237 -0.621512 0.000000 2.071688 19.406229 -0.001763 -0.005523 0.004496 
2238 -0.995279 0.000000 2.071688 19.424295 -0.001542 -0.012068 0.002641 
2239 -0.621512 0.000000 2.420257 19.419441 -0.001445 0.002410 0.003140 
2240 -0.060862 0.000000 1.548835 19.235626 -0.003475 0.049103 0.021916 
2241 -0.247746 0.000000 1.548835 19.306633 -0.002594 -0.001019 0.014688 
2242 -0.060862 0.000000 1.723119 19.304175 -0.002814 0.062171 0.014928 
2243 0.780113 0.000000 0.590271 19.807126 0.038785 1.050174 -0.039979 
2244 0.780113 0.000000 0.503129 19.842668 0.031402 0.860652 -0.042745 
2245 0.873555 0.000000 0.590271 19.786785 0.043049 1.012812 -0.037647 
2246 0.219463 0.000000 1.287409 18.747991 -0.007701 0.394450 0.070472 
2247 0.126021 0.000000 1.287409 18.835636 -0.006299 0.165848 0.062103 
2248 0.219463 0.000000 1.374551 18.937573 -0.006616 0.324385 0.051719 
2249 0.488108 0.000000 0.797234 19.982013 -0.017988 3.894775 -0.095553 
2250 0.488108 0.000000 0.786341 19.880723 -0.017912 4.101041 -0.089239 
2251 0.499788 0.000000 0.797234 19.782083 -0.017937 4.304557 -0.083420 
2252 0.464747 0.000000 0.819020 20.212378 -0.018282 3.484591 -0.112028 
2253 0.464747 0.000000 0.829912 20.088775 -0.018132 3.686282 -0.102683 
2254 0.488108 0.000000 0.840805 19.683827 -0.018063 4.522534 -0.078255 
2255 0.476428 0.000000 0.840805 19.782083 -0.017937 4.304557 -0.083420 
2256 0.499788 0.000000 0.840805 19.495243 -0.018798 4.968523 -0.069914 
2257 0.464747 0.000000 0.840805 19.982013 -0.017988 3.894775 -0.095553 
2258 0.453067 0.000000 0.840805 19.855631 -0.023857 3.953286 -0.083459 
2259 0.418026 0.000000 0.819020 19.765536 -0.045662 4.223022 -0.079856 
2260 0.406346 0.000000 0.819020 19.985646 -0.047186 4.251325 -0.103620 
2261 0.418026 0.000000 0.829912 19.472063 -0.050008 4.556847 -0.057166 
2262 0.441387 0.000000 0.840805 19.102485 -0.048897 4.809443 -0.025735 
2263 0.429707 0.000000 0.840805 19.015137 -0.054981 5.048685 -0.023170 
2264 0.441387 0.000000 0.851698 18.229990 -0.052992 5.509639 0.041266 
2265 0.418026 0.000000 0.840805 18.635213 -0.063762 5.725142 -0.004626 
2266 0.418026 0.000000 0.851698 18.462832 -0.057190 5.597484 0.016101 
2267 0.371306 0.000000 0.797234 23.024988 -0.028115 2.262066 -0.414920 
2268 0.371306 0.000000 0.786341 24.023938 -0.015719 1.028654 -0.528428 
2269 0.371306 0.000000 0.808127 22.161206 -0.037149 3.135653 -0.324212 
2270 0.336265 0.000000 0.873483 15.939833 0.000658 2.829075 0.307216 
2271 0.312905 0.000000 0.873483 16.106091 0.001500 1.951632 0.304221 
2272 0.336265 0.000000 0.895269 16.432663 0.001986 3.125912 0.260370 
2273 0.371306 0.000000 0.819020 21.138530 -0.046670 4.063496 -0.224818 
2274 0.359625 0.000000 0.819020 22.079200 -0.043843 3.739070 -0.325589 
2275 0.382986 0.000000 0.819020 20.678806 -0.046590 4.078776 -0.174329 
2276 0.394666 0.000000 0.819020 19.982599 -0.049424 4.411063 -0.106956 
2277 0.324585 0.000000 0.797234 24.806901 -0.031078 2.011433 -0.637391 
2278 0.312905 0.000000 0.797234 24.181843 -0.030792 1.893908 -0.555235 
2279 0.324585 0.000000 0.786341 25.837412 -0.020868 1.454091 -0.770241 
2280 0.347945 0.000000 0.819020 23.009462 -0.040427 3.357016 -0.429297 
2281 0.347945 0.000000 0.829912 22.192631 -0.047679 4.054611 -0.345365 
2282 0.347945 0.000000 0.840805 20.944415 -0.048804 4.446935 -0.211851 
2283 0.336265 0.000000 0.840805 22.074193 -0.047132 3.854122 -0.327315 
2284 0.347945 0.000000 0.851698 19.969738 -0.043021 4.369800 -0.104638 
2285 0.324585 0.000000 0.840805 21.976148 -0.041440 2.916899 -0.299122 
2286 0.312905 0.000000 0.840805 22.391749 -0.040734 2.614046 -0.343436 
2287 0.324585 0.000000 0.851698 21.085340 -0.034803 2.972938 -0.198594 
2288 0.032580 0.000000 0.590271 20.067049 0.001685 -0.239507 -0.064608 
2289 -0.060862 0.000000 0.590271 19.880055 -0.000129 -0.248398 -0.044874 
2290 0.032580 0.000000 0.503129 20.012386 0.001799 -0.120401 -0.058703 
2291 0.301224 0.000000 0.797234 24.264341 -0.029418 1.740493 -0.564326 
2292 0.289544 0.000000 0.797234 24.201367 -0.026599 1.440667 -0.553737 
2293 0.301224 0.000000 0.786341 24.412841 -0.027091 1.467619 -0.581120 
2294 0.277864 0.000000 0.797234 23.825710 -0.022486 1.153505 -0.504076 
2295 0.277864 0.000000 0.786341 23.382038 -0.018607 1.151205 -0.448696 
2296 0.277864 0.000000 0.808127 23.578380 -0.026035 1.383410 -0.474626 
2297 0.079300 0.000000 0.720985 20.259124 0.000744 -0.628238 -0.085974 
2298 0.032580 0.000000 0.720985 20.041077 -0.000472 -0.556428 -0.062521 
2299 0.079300 0.000000 0.677414 20.267328 0.001908 -0.446519 -0.086337 
2300 0.231143 0.000000 0.797234 21.623190 -0.003815 0.015675 -0.235949 
2301 0.231143 0.000000 0.786341 21.623190 -0.003815 0.015675 -0.235949 
2302 0.231143 0.000000 0.808127 21.805128 -0.003955 0.092270 -0.256857 
2303 0.289544 0.000000 0.873483 17.438457 0.002417 0.868321 0.194153 
2304 0.266184 0.000000 0.873483 18.334941 0.002841 0.531043 0.110627 
2305 0.289544 0.000000 0.895269 17.313618 0.002649 1.879015 0.198282 
2306 0.289544 0.000000 0.917054 18.037462 0.009578 3.617386 0.105384 
2307 0.266184 0.000000 0.917054 18.870073 0.009545 3.412580 0.027959 
2308 0.312905 0.000000 0.917054 17.394356 0.006671 3.921411 0.159558 
2309 0.242823 0.000000 0.917054 19.890165 0.006462 3.069892 -0.070685 
2310 0.242823 0.000000 0.895269 19.595051 0.004077 1.708402 -0.022686 
2311 0.032580 0.000000 1.287409 18.971447 -0.005069 0.016319 0.048602 
2312 -0.060862 0.000000 1.287409 19.095513 -0.004075 -0.066019 0.036107 
2313 0.032580 0.000000 1.374551 19.067032 -0.004899 0.064421 0.038981 
2314 0.149382 0.000000 0.873483 20.368125 -0.016214 -1.246122 -0.100742 
2315 0.126021 0.000000 0.873483 20.060507 -0.011295 -1.378434 -0.068785 
2316 0.172742 0.000000 0.873483 20.744824 0.000985 -0.482630 -0.138191 
2317 0.196102 0.000000 0.873483 20.469955 0.001226 -0.190115 -0.107725 
2318 0.219463 0.000000 0.873483 20.043893 0.002016 0.318384 -0.062269 
2319 0.277864 0.000000 0.819020 23.388236 -0.031105 1.630630 -0.452989 
2320 0.266184 0.000000 0.819020 23.187150 -0.026507 1.312085 -0.425754 
2321 0.277864 0.000000 0.829912 23.388236 -0.031105 1.630630 -0.452989 
2322 0.301224 0.000000 0.840805 22.179501 -0.038202 2.324255 -0.314646 
2323 0.289544 0.000000 0.840805 22.181870 -0.036186 1.914526 -0.310333 
2324 0.301224 0.000000 0.851698 21.260651 -0.031710 1.916936 -0.204568 
2325 0.277864 0.000000 0.840805 22.120208 -0.035204 1.712050 -0.301170 
2326 0.266184 0.000000 0.840805 21.778968 -0.034826 1.591082 -0.260516 
2327 0.277864 0.000000 0.851698 20.773890 -0.026298 1.072300 -0.143807 
2328 0.172742 0.000000 1.069553 17.538703 -0.013062 0.201300 0.186770 
2329 0.126021 0.000000 1.069553 18.026847 -0.009771 -0.223712 0.140853 
2330 0.172742 0.000000 1.113124 17.990684 -0.010903 0.278724 0.144223 
2331 0.242823 0.000000 1.004197 15.211099 0.002385 2.820028 0.367358 
2332 0.219463 0.000000 1.004197 15.449404 0.002215 1.721272 0.361234 
2333 0.242823 0.000000 1.025982 16.021246 0.001532 1.932696 0.311621 
2334 0.079300 0.000000 1.069553 18.465663 -0.007976 -0.372858 0.098288 
2335 0.032580 0.000000 1.069553 18.762645 -0.007109 -0.401131 0.069005 
2336 0.079300 0.000000 1.113124 18.558407 -0.007978 -0.188756 0.089485 
2337 0.359625 0.000000 1.156695 17.945144 0.001585 2.329274 0.134413 
2338 0.312905 0.000000 1.156695 18.090576 -0.023977 1.348479 0.130093 
2339 0.359625 0.000000 1.200266 18.459014 -0.015461 1.283749 0.094948 
2340 0.336265 0.000000 1.004197 16.610874 0.004532 4.981896 0.205027 
2341 0.336265 0.000000 0.982411 16.617284 0.004569 4.980964 0.204488 
2342 0.336265 0.000000 1.025982 16.553013 0.003493 4.677825 0.217863 
2343 0.476428 0.000000 1.004197 17.693060 0.009704 4.308401 0.123435 
2344 0.476428 0.000000 0.982411 17.478926 0.009297 4.230466 0.145103 
2345 0.499788 0.000000 1.004197 17.763175 0.011126 4.064736 0.122256 
2346 0.382986 0.000000 1.047768 17.176827 0.004671 4.585759 0.164498 
2347 0.359625 0.000000 1.047768 16.980727 0.003862 4.355055 0.187656 
2348 0.382986 0.000000 1.069553 17.540630 0.003646 3.838448 0.147752 
2349 0.639950 0.000000 1.156695 19.301445 0.005471 2.029657 0.004328 
2350 0.523148 0.000000 1.004197 17.875663 0.012531 3.740135 0.118356 
2351 0.523148 0.000000 0.982411 17.790494 0.010377 3.592432 0.129249 
2352 0.546509 0.000000 1.004197 17.980302 0.012169 3.479650 0.113410 
2353 1.434205 0.000000 1.548835 19.534573 -0.021236 0.305722 -0.008964 
2354 1.434205 0.000000 1.723119 19.495418 -0.014333 0.214548 -0.004798 
2355 0.826834 0.000000 1.156695 19.642361 0.008599 1.789056 -0.028339 
2356 0.826834 0.000000 0.982411 19.116758 0.006563 1.608950 0.027130 
2357 0.780113 0.000000 0.982411 18.994610 0.006549 1.809100 0.037627 
2358 0.873555 0.000000 0.982411 19.334841 0.008926 1.492719 0.005916 
2359 0.733392 0.000000 0.982411 18.872704 0.006522 2.002104 0.047885 
2360 1.013717 0.000000 1.156695 19.680998 0.015074 1.575893 -0.030459 
2361 1.060438 0.000000 1.156695 19.674477 0.015283 1.556407 -0.029620 
2362 1.013717 0.000000 0.982411 19.586665 0.013759 1.290288 -0.018504 
2363 0.966996 0.000000 0.982411 19.454151 0.009356 1.355035 -0.005281 
2364 1.060438 0.000000 0.982411 19.633854 0.015315 1.296556 -0.023439 
2365 0.920276 0.000000 0.982411 19.396956 0.009421 1.464039 -0.000219 
2366 1.340763 0.000000 1.113124 19.431030 0.019948 1.491930 -0.003935 
2367 1.434205 0.000000 1.113124 19.370838 0.014987 1.311984 0.003573 
2368 1.340763 0.000000 1.200266 19.493438 0.017915 1.437214 -0.009933 
2369 1.527646 0.000000 1.113124 19.337500 0.014228 1.273940 0.007244 
2370 1.527646 0.000000 1.200266 19.469521 0.011636 1.225595 -0.005979 
2371 1.527646 0.000000 1.287409 19.568260 0.013125 1.042552 -0.015071 
2372 1.434205 0.000000 1.287409 19.598382 0.017756 1.147445 -0.018797 
2373 1.527646 0.000000 1.374551 19.700517 0.015342 0.817005 -0.027691 
2374 1.340763 0.000000 1.287409 19.557544 0.019226 1.242606 -0.015172 
2375 1.340763 0.000000 1.374551 19.660794 0.016193 0.948391 -0.024171 
2376 4.984989 0.000000 3.117394 19.451320 -0.002117 0.016118 -0.000136 
2377 5.732522 0.000000 3.117394 19.451384 -0.002173 0.015920 -0.000143 
2378 4.984989 0.000000 3.814531 19.450926 -0.003532 0.007555 -0.000095 
2379 3.116155 0.000000 2.071688 19.443842 -0.008246 0.136438 0.000584 
2380 3.489922 0.000000 2.071688 19.450882 -0.006969 0.140031 -0.000143 
2381 3.116155 0.000000 2.420257 19.443784 -0.004847 0.037133 0.000635 
2382 2.555505 0.000000 1.548835 19.405879 -0.060644 0.288537 0.004302 
2383 2.742388 0.000000 1.548835 19.415880 -0.061110 0.297670 0.003261 
2384 2.555505 0.000000 1.723119 19.419379 -0.023807 0.223990 0.003012 
2385 1.901413 0.000000 1.113124 19.173631 0.004307 -0.959761 0.025781 
2386 1.901413 0.000000 1.200266 19.400804 0.001285 -0.917758 0.002826 
2387 1.901413 0.000000 1.287409 19.642816 0.012173 -0.335185 -0.020222 
2388 1.901413 0.000000 1.374551 19.761923 0.015446 0.035165 -0.032335 
2389 8.722656 0.000000 -3.156842 19.455861 -0.002569 -0.007892 -0.000603 
2390 8.722656 0.000000 -4.551116 19.451049 0.000188 -0.002845 -0.000108 
2391 10.217723 0.000000 -3.156842 19.453717 -0.002254 -0.002041 -0.000382 
2392 11.712790 0.000000 -3.156842 19.451167 0.001797 0.000133 -0.000120 
2393 11.712790 0.000000 -4.551116 19.450249 0.000889 -0.001287 -0.000026 
2394 13.207857 0.000000 -3.156842 19.449852 0.001502 -0.006126 0.000015 
2395 6.480056 0.000000 -1.065430 19.456084 -0.008970 -0.563752 -0.001466 
2396 6.480056 0.000000 -1.762567 19.456862 0.035136 -0.209284 -0.000825 
2397 7.227589 0.000000 -1.065430 19.444207 -0.062285 -0.587505 -0.000327 
2398 3.863689 0.000000 -0.019724 19.400776 0.026581 0.006864 0.005053 
2399 3.863689 0.000000 -0.368292 19.404666 0.003902 -0.455721 0.004107 
2400 2.929272 0.000000 1.548835 19.421861 -0.069160 0.294809 0.002649 
2401 3.116155 0.000000 1.548835 19.429194 -0.069111 0.299591 0.001888 
2402 2.929272 0.000000 1.723119 19.431324 -0.023646 0.269599 0.001726 
2403 2.648947 0.000000 1.113124 19.423773 -0.062279 0.501352 0.002020 
2404 2.742388 0.000000 1.113124 19.428365 -0.063657 0.489827 0.001579 
2405 2.648947 0.000000 1.200266 19.413781 -0.046588 0.473089 0.003124 
2406 2.462063 0.000000 1.287409 19.383020 -0.044771 0.427894 0.006386 
2407 2.555505 0.000000 1.287409 19.399010 -0.045684 0.425455 0.004752 
2408 2.462063 0.000000 1.374551 19.385992 -0.040218 0.362226 0.006220 
2409 2.321901 0.000000 1.069553 19.363086 -0.067500 -0.147301 0.008848 
2410 2.321901 0.000000 1.025982 19.363086 -0.067500 -0.147301 0.008848 
2411 2.368622 0.000000 1.069553 19.363086 -0.067500 -0.147301 0.008848 
2412 0.453067 0.000000 1.243838 18.846836 -0.017345 1.273976 0.056769 
2413 0.406346 0.000000 1.243838 18.731780 -0.014581 1.159253 0.068936 
2414 0.453067 0.000000 1.287409 18.915673 -0.013035 1.031134 0.051378 
2415 2.321901 0.000000 0.982411 19.488539 -0.065655 0.474273 -0.004573 
2416 2.275180 0.000000 0.982411 19.527845 -0.065912 0.455261 -0.008580 
2417 2.368622 0.000000 0.982411 19.464458 -0.072746 0.472951 -0.002092 
2418 2.228459 0.000000 0.982411 19.575546 -0.066983 0.404468 -0.013396 
2419 2.181738 0.000000 0.982411 19.977582 0.020945 -0.449977 -0.055522 
2420 2.251820 0.000000 1.091339 19.281443 -0.031256 -0.759654 0.015729 
2421 2.251820 0.000000 1.069553 19.337948 -0.035727 -0.775366 0.009896 
2422 2.275180 0.000000 1.091339 19.439607 -0.055864 -0.199517 0.000955 
2423 2.135017 0.000000 0.982411 19.846914 0.020108 -0.470755 -0.041817 
2424 2.088297 0.000000 0.982411 19.702543 0.019331 -0.697761 -0.027425 
2425 2.041576 0.000000 0.982411 19.522745 0.021083 -0.561900 -0.008330 
2426 1.994855 0.000000 0.982411 19.422726 0.021683 -0.507472 0.002121 
2427 2.041576 0.000000 1.025982 19.387822 0.016018 -1.050718 0.003464 
2428 0.534829 0.000000 0.819020 19.437106 -0.868065 2.925970 -0.023297 
2429 0.534829 0.000000 0.808127 19.599584 0.125045 2.716257 -0.034985 
2430 0.534829 0.000000 0.829912 19.318884 -0.134839 2.764253 -0.006809 
2431 0.511468 0.000000 0.840805 19.109288 -0.094294 3.040342 0.010270 
2432 0.523148 0.000000 0.840805 19.156293 -0.095549 2.880434 0.008017 
2433 0.511468 0.000000 0.851698 18.963373 -0.084154 3.002332 0.025567 
2434 0.511468 0.000000 0.797234 19.589066 -0.018377 4.755435 -0.074130 
2435 0.511468 0.000000 0.786341 20.069890 0.056902 2.827806 -0.085904 
2436 0.523148 0.000000 0.797234 19.802572 0.070528 2.787706 -0.057139 
2437 0.733392 0.000000 0.720985 19.675632 0.049840 1.410855 -0.028604 
2438 0.733392 0.000000 0.677414 19.749478 0.044969 1.304182 -0.035533 
2439 0.780113 0.000000 0.720985 19.672781 0.052016 1.315015 -0.027618 
2440 0.826834 0.000000 0.720985 19.684218 0.054296 1.254835 -0.028399 
2441 0.826834 0.000000 0.677414 19.731257 0.049371 1.190094 -0.032880 
2442 0.873555 0.000000 0.720985 19.707439 0.056982 1.209900 -0.030525 
2443 0.663311 0.000000 0.786341 19.529146 0.056204 1.763263 -0.016382 
2444 0.663311 0.000000 0.764556 19.608725 0.052462 1.710314 -0.024128 
2445 0.686671 0.000000 0.786341 19.521141 0.056784 1.671918 -0.014726 
2446 0.581549 0.000000 0.819020 19.408741 0.320802 2.312118 -0.010165 
2447 0.581549 0.000000 0.808127 19.495185 0.086932 2.260618 -0.018180 
2448 0.581549 0.000000 0.829912 19.325012 -0.197660 2.298128 -0.001253 
2449 0.710032 0.000000 0.829912 19.375315 0.614484 1.758756 -0.001510 
2450 0.710032 0.000000 0.808127 19.453415 0.069129 1.629042 -0.007379 
2451 0.966996 0.000000 0.590271 19.780088 0.046628 0.991358 -0.036834 
2452 0.966996 0.000000 0.503129 19.778895 0.038844 0.844088 -0.035993 
2453 1.060438 0.000000 0.590271 19.757082 0.049974 0.996490 -0.034457 
2454 0.920276 0.000000 0.720985 19.733351 0.059233 1.177100 -0.033020 
2455 0.920276 0.000000 0.677414 19.757424 0.053963 1.129843 -0.035244 
2456 0.966996 0.000000 0.720985 19.754209 0.061303 1.153965 -0.035056 
2457 1.013717 0.000000 0.720985 19.765376 0.063068 1.141740 -0.036149 
2458 1.013717 0.000000 0.677414 19.770910 0.058258 1.104221 -0.036503 
2459 1.060438 0.000000 0.720985 19.759945 0.064781 1.140125 -0.035572 
2460 0.850194 0.000000 0.829912 19.551253 0.198918 1.285622 -0.014912 
2461 0.850194 0.000000 0.808127 19.585143 0.072219 1.289654 -0.018355 
2462 0.873555 0.000000 0.829912 19.583628 0.186057 1.249719 -0.018008 
2463 0.756753 0.000000 0.873483 19.310036 -0.061290 1.363285 0.009418 
2464 0.780113 0.000000 0.873483 19.351116 -0.060897 1.296334 0.005690 
2465 0.756753 0.000000 0.895269 19.041131 0.006192 1.571199 0.035075 
2466 0.803473 0.000000 0.873483 19.393583 -0.060557 1.241725 0.001707 
2467 0.803473 0.000000 0.895269 19.126423 0.006082 1.414916 0.027704 
2468 0.896915 0.000000 0.829912 19.615359 0.175470 1.218236 -0.021080 
2469 0.896915 0.000000 0.808127 19.640722 0.073862 1.230140 -0.023722 
2470 0.896915 0.000000 0.851698 19.588566 -0.103529 1.148427 -0.017814 
2471 1.153880 0.000000 0.590271 19.702209 0.053205 1.009020 -0.028801 
2472 1.153880 0.000000 0.503129 19.693669 0.045217 0.869912 -0.027219 
2473 1.247321 0.000000 0.590271 19.617590 0.056036 0.994275 -0.019929 
2474 1.107159 0.000000 0.720985 19.735932 0.065774 1.129891 -0.033004 
2475 1.107159 0.000000 0.677414 19.736552 0.061141 1.097981 -0.032879 
2476 1.153880 0.000000 0.720985 19.698163 0.066638 1.126059 -0.029044 
2477 1.200601 0.000000 0.720985 19.648723 0.067227 1.129891 -0.023925 
2478 1.200601 0.000000 0.677414 19.654482 0.063106 1.103846 -0.024368 
2479 1.247321 0.000000 0.720985 19.593803 0.067856 1.116360 -0.018148 
2480 0.896915 0.000000 0.873483 19.559208 -0.059156 1.071607 -0.014306 
2481 0.920276 0.000000 0.873483 19.597316 -0.058892 1.038552 -0.018066 
2482 0.896915 0.000000 0.895269 19.525620 -0.063341 1.068550 -0.010820 
2483 0.943636 0.000000 0.873483 19.631982 -0.058664 1.012743 -0.021521 
2484 0.966996 0.000000 0.873483 19.661942 -0.058112 0.989953 -0.024512 
2485 0.943636 0.000000 0.895269 19.606668 -0.063338 0.999330 -0.018825 
2486 1.107159 0.000000 0.982411 19.527424 0.019551 1.235531 -0.012013 
2487 1.153880 0.000000 0.982411 19.506254 0.020647 1.265166 -0.010025 
2488 1.107159 0.000000 1.025982 19.567798 0.018643 1.473314 -0.017888 
2489 1.340763 0.000000 0.590271 19.536621 0.057733 0.977018 -0.011459 
2490 1.340763 0.000000 0.503129 19.561397 0.078052 0.838267 -0.013361 
2491 1.434205 0.000000 0.590271 19.469732 0.057848 0.941218 -0.004381 
2492 1.294042 0.000000 0.720985 19.538144 0.068513 1.091359 -0.012245 
2493 1.294042 0.000000 0.677414 19.553286 0.064725 1.076308 -0.013722 
2494 1.340763 0.000000 0.720985 19.488242 0.068183 1.081221 -0.007039 
2495 1.387484 0.000000 0.720985 19.443223 0.068336 1.057313 -0.002271 
2496 1.387484 0.000000 0.677414 19.464853 0.064987 1.041505 -0.004406 
2497 1.434205 0.000000 0.720985 19.405926 0.067251 1.031119 0.001704 
2498 1.294042 0.000000 0.895269 19.348291 0.024841 1.121969 0.007102 
2499 1.294042 0.000000 0.938840 19.340310 0.025461 1.186848 0.007522 
2500 1.480926 0.000000 0.808127 19.318968 0.074064 0.950813 0.011024 
2501 1.480926 0.000000 0.764556 19.348501 0.069144 0.991751 0.007797 
2502 1.527646 0.000000 0.808127 19.294233 0.072430 0.916685 0.013718 
2503 1.948134 0.000000 0.982411 19.231334 0.023298 -0.462393 0.021792 
2504 1.901413 0.000000 0.982411 19.091510 0.023076 -0.243854 0.036364 
2505 1.948134 0.000000 1.025982 19.094023 0.022056 -0.377171 0.035892 
2506 1.854692 0.000000 0.982411 19.072232 0.023197 -0.158433 0.038400 
2507 1.807972 0.000000 0.982411 18.913511 0.025443 0.253201 0.054234 
2508 1.854692 0.000000 1.025982 19.049037 0.022225 -0.262571 0.040622 
2509 2.415343 0.000000 0.982411 19.450576 -0.078705 0.471005 -0.000662 
2510 2.462063 0.000000 0.982411 19.443960 -0.078350 0.464750 0.000034 
2511 2.415343 0.000000 1.025982 19.441252 -0.060237 0.516358 0.000185 
2512 2.835830 0.000000 1.113124 19.431513 -0.071312 0.482691 0.001271 
2513 2.835830 0.000000 1.200266 19.423941 -0.049318 0.459866 0.002112 
2514 2.882551 0.000000 0.982411 19.446242 -0.064281 0.412191 -0.000074 
2515 2.835830 0.000000 0.982411 19.446580 -0.063431 0.415468 -0.000115 
2516 2.882551 0.000000 1.025982 19.442298 -0.059004 0.438807 0.000274 
2517 2.789109 0.000000 0.982411 19.446038 -0.062524 0.419446 -0.000068 
2518 2.742388 0.000000 0.982411 19.445059 -0.061585 0.423875 0.000023 
2519 2.789109 0.000000 1.025982 19.440600 -0.057400 0.448785 0.000425 
2520 5.358756 0.000000 -0.019724 19.404775 0.025613 -0.026319 0.004641 
2521 5.358756 0.000000 -0.368292 19.415082 -0.010192 -0.529992 0.002844 
2522 5.732522 0.000000 -0.019724 19.415481 0.017998 -0.027188 0.003544 
2523 3.676805 0.000000 0.503129 19.415540 0.008545 0.610486 0.002555 
2524 3.676805 0.000000 0.328845 19.409836 0.003982 0.398428 0.003706 
2525 3.863689 0.000000 0.503129 19.412686 0.008178 0.620485 0.002815 
2526 4.050572 0.000000 0.503129 19.409528 0.010187 0.635747 0.003089 
2527 4.050572 0.000000 0.328845 19.397326 0.004328 0.413056 0.004958 
2528 2.975993 0.000000 0.808127 19.443725 0.031206 0.725516 -0.000749 
2529 2.929272 0.000000 0.808127 19.445126 0.031972 0.724789 -0.000890 
2530 2.975993 0.000000 0.764556 19.442920 0.030252 0.767458 -0.000831 
2531 3.396480 0.000000 1.113124 19.443684 -0.057711 0.447195 0.000112 
2532 3.489922 0.000000 1.113124 19.447758 -0.056327 0.444789 -0.000301 
2533 3.396480 0.000000 1.200266 19.444225 -0.056977 0.443605 0.000065 
2534 3.162876 0.000000 0.982411 19.443768 -0.064596 0.400660 0.000205 
2535 3.162876 0.000000 1.025982 19.442795 -0.060015 0.419556 0.000266 
2536 2.999353 0.000000 0.873483 19.442594 0.047747 0.595045 -0.000181 
2537 2.975993 0.000000 0.873483 19.443318 0.049772 0.594537 -0.000254 
2538 2.999353 0.000000 0.851698 19.442062 0.033827 0.650618 -0.000306 
2539 3.162876 0.000000 0.808127 19.434684 0.029963 0.730995 0.000159 
2540 3.162876 0.000000 0.764556 19.433466 0.028616 0.772642 0.000119 
2541 3.209597 0.000000 0.808127 19.433033 0.030117 0.732580 0.000323 
2542 7.975123 0.000000 3.117394 19.455563 -0.002669 0.011996 -0.000572 
2543 7.227589 0.000000 3.117394 19.454029 -0.002594 0.014773 -0.000415 
2544 7.975123 0.000000 3.814531 19.452889 -0.005206 0.004315 -0.000297 
2545 7.975123 0.000000 -1.065430 19.432175 -0.069331 -0.659882 0.000668 
2546 7.975123 0.000000 -1.762567 19.459241 -0.007193 -0.186472 -0.001042 
2547 8.722656 0.000000 -1.065430 19.439591 -0.100854 -0.787452 -0.000596 
2548 9.470190 0.000000 -1.065430 19.443071 -0.033288 -0.861609 -0.001253 
2549 9.470190 0.000000 -1.762567 19.453095 -0.019188 -0.173899 -0.000399 
2550 10.217723 0.000000 -1.065430 19.460434 -0.136498 -0.895167 -0.003241 
2551 9.096423 0.000000 2.071688 19.455122 -0.054804 0.082812 -0.000553 
2552 8.722656 0.000000 2.071688 19.456636 -0.054199 0.086026 -0.000710 
2553 9.096423 0.000000 2.420257 19.458371 -0.004293 0.019035 -0.000862 
2554 10.965257 0.000000 -1.065430 19.450752 -0.173417 -0.894785 -0.002273 
2555 10.965257 0.000000 -1.762567 19.447426 -0.014549 -0.175589 0.000183 
2556 11.712790 0.000000 -1.065430 19.448772 -0.076211 -0.709234 -0.001219 
2557 12.460324 0.000000 -1.065430 19.449333 -0.096982 -0.641899 -0.001045 
2558 12.460324 0.000000 -1.762567 19.450029 -0.025494 -0.059795 -0.000014 
2559 13.207857 0.000000 -1.065430 19.449566 -0.093991 -0.639071 -0.001058 
2560 8.395610 0.000000 1.069553 19.436711 -0.070959 0.704905 0.000039 
2561 8.395610 0.000000 1.025982 19.436183 0.054596 0.761459 -0.000120 
2562 8.395610 0.000000 1.113124 19.442978 -0.050361 0.642652 -0.000376 
2563 9.657073 0.000000 1.548835 19.456940 -0.053611 0.246298 -0.000882 
2564 9.470190 0.000000 1.548835 19.456626 -0.053241 0.245618 -0.000848 
2565 9.657073 0.000000 1.723119 19.455828 0.000354 0.150743 -0.000659 
2566 8.956261 0.000000 1.069553 19.440379 -0.079633 0.833690 -0.000865 
2567 8.956261 0.000000 1.025982 19.439818 0.016900 0.873314 -0.000970 
2568 8.956261 0.000000 1.113124 19.447245 -0.073046 0.708625 -0.001058 
2569 9.750515 0.000000 1.287409 19.459432 -0.098277 0.493022 -0.001638 
2570 9.657073 0.000000 1.287409 19.457370 -0.116285 0.483953 -0.001413 
2571 9.750515 0.000000 1.374551 19.460048 -0.072370 0.378660 -0.001426 
2572 9.563631 0.000000 1.287409 19.455758 -0.115079 0.481495 -0.001240 
2573 9.470190 0.000000 1.287409 19.454647 -0.114268 0.478481 -0.001118 
2574 9.563631 0.000000 1.374551 19.458022 -0.072877 0.373386 -0.001208 
2575 9.423469 0.000000 1.069553 19.442414 -0.033797 0.857634 -0.001167 
2576 9.423469 0.000000 1.025982 19.440340 -0.021873 0.916261 -0.001227 
2577 9.423469 0.000000 1.113124 19.445514 -0.093371 0.756774 -0.001076 
2578 9.750515 0.000000 0.938840 19.440065 -0.071107 1.107971 -0.002237 
2579 9.750515 0.000000 0.851698 19.430543 -0.062763 1.244604 -0.002105 
2580 9.843957 0.000000 0.938840 19.442608 -0.068250 1.123886 -0.002591 
2581 10.778373 0.000000 1.548835 19.449500 -0.020812 0.221512 -0.000079 
2582 10.778373 0.000000 1.723119 19.447404 -0.017324 0.188959 0.000172 
2583 9.937398 0.000000 0.938840 19.446282 -0.083510 1.133559 -0.003033 
2584 9.937398 0.000000 0.851698 19.439051 -0.091068 1.261602 -0.003104 
2585 10.030840 0.000000 0.938840 19.450155 -0.098489 1.141936 -0.003489 
2586 10.171002 0.000000 1.156695 19.459926 -0.138329 0.716107 -0.002427 
2587 10.171002 0.000000 1.113124 19.459905 -0.117813 0.800914 -0.002751 
2588 10.171002 0.000000 1.200266 19.461463 -0.124299 0.629306 -0.002267 
2589 10.311165 0.000000 0.938840 19.460034 -0.136128 1.155879 -0.004613 
2590 10.217723 0.000000 0.938840 19.457569 -0.125346 1.153226 -0.004336 
2591 10.311165 0.000000 0.851698 19.457854 -0.125315 1.289986 -0.005248 
2592 11.525907 0.000000 1.548835 19.449377 0.015851 0.164487 -0.000008 
2593 11.712790 0.000000 1.548835 19.449592 -0.046541 0.110725 0.000004 
2594 11.525907 0.000000 1.723119 19.449878 -0.027442 0.062227 0.000000 
2595 10.871815 0.000000 1.287409 19.451222 -0.128917 0.475017 -0.000766 
2596 10.778373 0.000000 1.287409 19.451786 -0.120776 0.468109 -0.000801 
2597 10.871815 0.000000 1.374551 19.449357 -0.041142 0.344681 -0.000252 
2598 10.684932 0.000000 1.287409 19.452246 -0.149328 0.490822 -0.000927 
2599 10.684932 0.000000 1.374551 19.452738 -0.098842 0.368406 -0.000666 
2600 10.357886 0.000000 1.069553 19.460537 -0.146895 0.886341 -0.003217 
2601 10.311165 0.000000 1.069553 19.460774 -0.143565 0.886622 -0.003241 
2602 10.357886 0.000000 1.025982 19.460737 -0.155179 0.982398 -0.003719 
2603 11.899674 0.000000 1.548835 19.449504 -0.046410 0.110874 0.000013 
2604 11.899674 0.000000 1.723119 19.449619 -0.027212 0.062542 0.000027 
2605 11.993115 0.000000 1.287409 19.449306 -0.092896 0.278452 -0.000156 
2606 11.899674 0.000000 1.287409 19.449315 -0.092974 0.278390 -0.000157 
2607 11.993115 0.000000 1.374551 19.449346 -0.075057 0.204664 -0.000058 
2608 11.806232 0.000000 1.287409 19.449322 -0.093046 0.278320 -0.000158 
2609 11.712790 0.000000 1.287409 19.449355 -0.093124 0.278279 -0.000161 
2610 11.806232 0.000000 1.374551 19.449392 -0.075195 0.204521 -0.000063 
2611 12.647207 0.000000 1.548835 19.449830 -0.045462 0.121555 -0.000027 
2612 12.647207 0.000000 1.723119 19.449942 -0.028264 0.067977 -0.000008 
2613 12.366882 0.000000 1.287409 19.449451 -0.086260 0.305869 -0.000211 
2614 12.460324 0.000000 1.287409 19.449499 -0.086226 0.305899 -0.000215 
2615 12.366882 0.000000 1.374551 19.449550 -0.071442 0.226328 -0.000103 
2616 12.740649 0.000000 1.287409 19.449484 -0.086097 0.306079 -0.000214 
2617 12.647207 0.000000 1.287409 19.449477 -0.086135 0.306040 -0.000213 
2618 12.740649 0.000000 1.374551 19.449720 -0.070246 0.223902 -0.000117 
2619 12.553765 0.000000 1.287409 19.449484 -0.086162 0.305973 -0.000214 
2620 12.553765 0.000000 1.374551 19.449530 -0.071352 0.226451 -0.000101 
2621 3.583364 0.000000 0.764556 19.427232 0.027385 0.791306 0.000683 
2622 3.583364 0.000000 0.677414 19.423093 0.044330 0.790707 0.001107 
2623 3.676805 0.000000 0.764556 19.428819 0.027277 0.797512 0.000494 
2624 3.770247 0.000000 0.764556 19.431409 0.027840 0.805014 0.000196 
2625 3.770247 0.000000 0.677414 19.424938 0.044441 0.802559 0.000868 
2626 3.863689 0.000000 0.764556 19.435445 0.054509 0.796964 -0.000191 
2627 3.349759 0.000000 0.982411 19.443594 -0.059545 0.404008 0.000218 
2628 3.396480 0.000000 0.982411 19.444029 -0.057761 0.405420 0.000171 
2629 3.349759 0.000000 1.025982 19.443949 -0.055754 0.417078 0.000154 
2630 3.583364 0.000000 1.113124 19.451119 -0.055173 0.444106 -0.000644 
2631 3.676805 0.000000 1.113124 19.454923 -0.054432 0.443418 -0.001034 
2632 3.583364 0.000000 1.200266 19.450969 -0.055679 0.443310 -0.000627 
2633 3.770247 0.000000 1.113124 19.459199 -0.054474 0.442984 -0.001473 
2634 3.863689 0.000000 1.113124 19.463634 -0.054990 0.442482 -0.001928 
2635 3.770247 0.000000 1.200266 19.458583 -0.049696 0.446018 -0.001415 
2636 4.798105 0.000000 0.503129 19.403433 0.008102 0.701765 0.003481 
2637 4.798105 0.000000 0.328845 19.392188 0.009308 0.448119 0.005405 
2638 4.984989 0.000000 0.503129 19.408122 0.006585 0.717727 0.002940 
2639 3.957130 0.000000 0.764556 19.437651 0.057957 0.806307 -0.000458 
2640 3.957130 0.000000 0.677414 19.429026 0.030244 0.805657 0.000437 
2641 4.050572 0.000000 0.764556 19.438219 0.062477 0.816380 -0.000561 
2642 4.144014 0.000000 0.764556 19.436555 0.066084 0.827126 -0.000438 
2643 4.144014 0.000000 0.677414 19.426780 0.037166 0.826673 0.000576 
2644 4.237455 0.000000 0.764556 19.433747 0.066518 0.837093 -0.000193 
2645 3.957130 0.000000 1.113124 19.468108 -0.055714 0.441215 -0.002386 
2646 4.050572 0.000000 1.113124 19.472356 -0.056152 0.441231 -0.002823 
2647 3.957130 0.000000 1.200266 19.467474 -0.050990 0.444760 -0.002327 
2648 4.144014 0.000000 1.113124 19.476108 -0.056066 0.442113 -0.003211 
2649 4.144014 0.000000 1.200266 19.476033 -0.051273 0.444016 -0.003207 
2650 4.330897 0.000000 0.764556 19.431484 0.062646 0.849234 -0.000014 
2651 4.330897 0.000000 0.677414 19.421269 0.035640 0.846668 0.001054 
2652 6.106289 0.000000 -0.019724 19.412495 0.016297 -0.027759 0.003850 
2653 6.106289 0.000000 -0.368292 19.415437 -0.051124 -0.540320 0.002772 
2654 6.480056 0.000000 -0.019724 19.391521 0.015491 -0.028309 0.006001 
2655 6.853823 0.000000 -0.019724 19.367244 0.004811 -0.029045 0.008489 
2656 6.853823 0.000000 -0.368292 19.375098 -0.022003 -0.584935 0.006781 
2657 7.227589 0.000000 -0.019724 19.362780 -0.004210 -0.029354 0.008946 
2658 5.171872 0.000000 0.503129 19.414031 0.001796 0.730864 0.002283 
2659 5.171872 0.000000 0.328845 19.406177 -0.000425 0.461870 0.003937 
2660 5.358756 0.000000 0.503129 19.419420 -0.007183 0.740431 0.001693 
2661 5.545639 0.000000 0.503129 19.422515 -0.019235 0.745779 0.001353 
2662 5.545639 0.000000 0.328845 19.419787 -0.023452 0.470569 0.002518 
2663 5.732522 0.000000 0.503129 19.423020 -0.030511 0.748165 0.001290 
2664 4.704664 0.000000 0.764556 19.435288 0.018080 0.892911 -0.000596 
2665 4.704664 0.000000 0.677414 19.422256 -0.024813 0.870219 0.000847 
2666 4.798105 0.000000 0.764556 19.437156 0.015448 0.906250 -0.000851 
2667 4.891547 0.000000 0.764556 19.438736 0.014918 0.919559 -0.001078 
2668 4.891547 0.000000 0.677414 19.425429 -0.028905 0.895135 0.000405 
2669 4.984989 0.000000 0.764556 19.439594 0.015650 0.932509 -0.001230 
2670 4.471060 0.000000 0.895269 19.453571 0.019325 0.713325 -0.001713 
2671 4.424339 0.000000 0.895269 19.453174 0.022828 0.703827 -0.001637 
2672 4.471060 0.000000 0.851698 19.444914 0.048801 0.785818 -0.001116 
2673 4.657943 0.000000 0.895269 19.455796 0.008318 0.750584 -0.002085 
2674 4.657943 0.000000 0.851698 19.447617 0.036526 0.819056 -0.001532 
2675 4.704664 0.000000 0.895269 19.456378 0.007054 0.758879 -0.002178 
2676 4.751385 0.000000 0.895269 19.457022 0.006569 0.766836 -0.002277 
2677 4.751385 0.000000 0.851698 19.449172 0.033969 0.833884 -0.001756 
2678 4.798105 0.000000 0.895269 19.457776 0.006703 0.774594 -0.002386 
2679 5.078431 0.000000 0.764556 19.439992 0.016730 0.944585 -0.001330 
2680 5.078431 0.000000 0.677414 19.427983 -0.030243 0.918468 0.000030 
2681 5.171872 0.000000 0.764556 19.439755 0.017708 0.955577 -0.001361 
2682 5.265314 0.000000 0.764556 19.439166 0.018356 0.965518 -0.001351 
2683 5.265314 0.000000 0.677414 19.429260 -0.032552 0.937317 -0.000194 
2684 5.358756 0.000000 0.764556 19.438412 0.018528 0.974105 -0.001318 
2685 4.844826 0.000000 0.895269 19.458397 0.007504 0.782175 -0.002481 
2686 4.844826 0.000000 0.851698 19.450761 0.034137 0.847970 -0.001982 
2687 4.891547 0.000000 0.895269 19.458842 0.008789 0.789546 -0.002557 
2688 4.938268 0.000000 0.895269 19.459138 0.010526 0.796701 -0.002618 
2689 4.938268 0.000000 0.851698 19.451806 0.036375 0.861551 -0.002151 
2690 4.984989 0.000000 0.895269 19.459092 0.012574 0.803631 -0.002643 
2691 5.919406 0.000000 0.503129 19.421839 -0.036492 0.748964 0.001407 
2692 5.919406 0.000000 0.328845 19.419195 -0.062302 0.504491 0.002482 
2693 6.106289 0.000000 0.503129 19.418865 -0.034501 0.751493 0.001703 
2694 6.293172 0.000000 0.503129 19.414369 -0.026516 0.758624 0.002137 
2695 6.293172 0.000000 0.328845 19.406442 -0.044333 0.474084 0.003875 
2696 6.480056 0.000000 0.503129 19.408751 -0.016213 0.772918 0.002657 
2697 5.452197 0.000000 0.764556 19.437458 0.018145 0.981404 -0.001258 
2698 5.452197 0.000000 0.677414 19.429437 -0.037253 0.950766 -0.000280 
2699 5.545639 0.000000 0.764556 19.436335 0.017509 0.988182 -0.001177 
2700 5.639081 0.000000 0.764556 19.435463 0.016563 0.994453 -0.001121 
2701 5.639081 0.000000 0.677414 19.427884 -0.005472 0.941281 -0.000069 
2702 5.732522 0.000000 0.764556 19.434570 0.015466 1.000288 -0.001060 
2703 5.825964 0.000000 0.764556 19.433882 0.014548 1.006067 -0.001019 
2704 5.825964 0.000000 0.677414 19.429240 0.032263 0.972462 -0.000369 
2705 5.919406 0.000000 0.764556 19.433474 0.014067 1.011439 -0.001006 
2706 6.012847 0.000000 0.764556 19.433652 0.014175 1.017137 -0.001055 
2707 6.012847 0.000000 0.677414 19.428965 0.032784 0.980613 -0.000383 
2708 6.106289 0.000000 0.764556 19.433705 0.015141 1.022657 -0.001090 
2709 5.592360 0.000000 0.982411 19.459968 -0.015922 0.625095 -0.002059 
2710 5.592360 0.000000 0.938840 19.452988 0.039157 0.765123 -0.001859 
2711 5.592360 0.000000 1.025982 19.463522 0.005601 0.572110 -0.002256 
2712 6.666939 0.000000 0.503129 19.403366 -0.005318 0.796090 0.003114 
2713 6.666939 0.000000 0.328845 19.381103 -0.034310 0.495260 0.006420 
2714 6.853823 0.000000 0.503129 19.399766 0.007794 0.828450 0.003344 
2715 7.040706 0.000000 0.503129 19.395646 0.025781 0.866935 0.003593 
2716 7.040706 0.000000 0.328845 19.363447 -0.021923 0.537331 0.008116 
2717 7.227589 0.000000 0.503129 19.388212 0.041270 0.903229 0.004182 
2718 6.199731 0.000000 0.764556 19.434107 0.016618 1.028295 -0.001162 
2719 6.199731 0.000000 0.677414 19.428866 0.038711 0.990565 -0.000426 
2720 6.293172 0.000000 0.764556 19.434718 0.018120 1.034266 -0.001258 
2721 6.386614 0.000000 0.764556 19.435636 0.019122 1.040488 -0.001386 
2722 6.386614 0.000000 0.677414 19.426483 0.002973 0.983100 -0.000138 
2723 6.480056 0.000000 0.764556 19.436762 0.019261 1.046994 -0.001538 
2724 6.246452 0.000000 0.982411 19.450497 0.026517 0.693225 -0.001323 
2725 6.246452 0.000000 0.938840 19.446036 0.056347 0.823796 -0.001395 
2726 6.246452 0.000000 1.025982 19.454088 0.006786 0.601588 -0.001377 
2727 6.573498 0.000000 0.764556 19.437900 0.018540 1.053748 -0.001692 
2728 6.573498 0.000000 0.677414 19.427763 0.007643 1.001374 -0.000366 
2729 6.666939 0.000000 0.764556 19.438974 0.017556 1.060669 -0.001841 
2730 6.760381 0.000000 0.764556 19.439918 0.017002 1.067691 -0.001978 
2731 6.760381 0.000000 0.677414 19.429373 0.011058 1.023626 -0.000650 
2732 6.853823 0.000000 0.764556 19.438204 -0.024720 1.057271 -0.001744 
2733 7.601356 0.000000 -0.019724 19.372393 0.009185 -0.028889 0.007962 
2734 7.601356 0.000000 -0.368292 19.373563 0.061987 -0.643673 0.006739 
2735 7.975123 0.000000 -0.019724 19.387104 0.038523 -0.027643 0.006451 
2736 7.414473 0.000000 0.503129 19.380670 0.046100 0.929952 0.004825 
2737 7.414473 0.000000 0.328845 19.369126 0.034638 0.546511 0.007506 
2738 7.601356 0.000000 0.503129 19.377667 0.041375 0.949370 0.005037 
2739 7.788239 0.000000 0.503129 19.381705 0.034875 0.975992 0.004489 
2740 7.788239 0.000000 0.328845 19.377805 0.063729 0.548704 0.006603 
2741 7.975123 0.000000 0.503129 19.387607 0.031737 0.991040 0.003807 
2742 6.947264 0.000000 0.938840 19.447618 0.031828 0.855925 -0.001694 
2743 6.947264 0.000000 0.851698 19.443942 0.018681 0.998873 -0.002016 
2744 6.573498 0.000000 1.113124 19.456567 -0.005362 0.520564 -0.001392 
2745 6.666939 0.000000 1.113124 19.456454 -0.009952 0.521807 -0.001384 
2746 6.573498 0.000000 1.200266 19.457634 -0.005185 0.445644 -0.001310 
2747 6.760381 0.000000 1.113124 19.456183 -0.013942 0.522876 -0.001359 
2748 6.760381 0.000000 1.200266 19.457175 -0.011408 0.446968 -0.001266 
2749 7.274310 0.000000 1.069553 19.442486 -0.060526 0.583570 -0.000137 
2750 7.274310 0.000000 1.025982 19.439378 -0.060100 0.666836 -0.000093 
2751 7.274310 0.000000 1.113124 19.445319 -0.027509 0.531896 -0.000269 
2752 7.741519 0.000000 1.069553 19.432838 -0.067146 0.630829 0.000700 
2753 7.741519 0.000000 1.025982 19.429925 -0.049629 0.689138 0.000801 
2754 7.741519 0.000000 1.113124 19.437312 -0.041241 0.568799 0.000445 
2755 8.208727 0.000000 1.069553 19.433472 -0.067039 0.679416 0.000467 
2756 8.208727 0.000000 1.025982 19.432786 0.017451 0.706806 0.000448 
2757 8.208727 0.000000 1.113124 19.439017 -0.047436 0.618397 0.000112 
2758 0.441387 0.000000 0.862591 18.201654 -0.048620 5.364823 0.048159 
2759 0.429707 0.000000 0.862591 18.306562 -0.052210 5.478238 0.034783 
2760 0.441387 0.000000 0.873483 17.955325 -0.027619 4.798713 0.086916 
2761 0.511468 0.000000 0.862591 18.200203 0.005043 3.139142 0.098336 
2762 0.523148 0.000000 0.862591 18.887928 -0.073316 2.843736 0.035571 
2763 0.511468 0.000000 0.873483 18.198959 0.004945 3.151275 0.098254 
2764 2.882551 0.000000 0.808127 19.446452 0.033131 0.724154 -0.001024 
2765 2.835830 0.000000 0.808127 19.446901 0.034522 0.722967 -0.001066 
2766 2.882551 0.000000 0.764556 19.445922 0.032294 0.765776 -0.001134 
2767 2.789109 0.000000 0.808127 19.447040 0.035922 0.722240 -0.001078 
2768 2.742388 0.000000 0.808127 19.446710 0.037266 0.721605 -0.001042 
2769 2.789109 0.000000 0.764556 19.446506 0.034855 0.763449 -0.001185 
2770 5.031710 0.000000 0.895269 19.458736 0.014646 0.810453 -0.002635 
2771 5.031710 0.000000 0.851698 19.451552 0.039620 0.874570 -0.002186 
2772 5.078431 0.000000 0.895269 19.458268 0.016815 0.816984 -0.002616 
2773 5.125151 0.000000 0.982411 19.470812 -0.035979 0.575354 -0.003020 
2774 5.125151 0.000000 0.938840 19.463755 0.029195 0.694750 -0.002693 
2775 5.125151 0.000000 1.025982 19.474961 -0.013083 0.537031 -0.003331 
2776 5.872685 0.000000 0.982411 19.455089 -0.005423 0.657573 -0.001666 
2777 5.872685 0.000000 0.938840 19.447632 0.064565 0.788027 -0.001409 
2778 5.872685 0.000000 1.025982 19.458881 0.003408 0.589491 -0.001832 
2779 7.461194 0.000000 1.069553 19.435886 -0.064224 0.601518 0.000483 
2780 7.461194 0.000000 1.025982 19.432393 -0.057163 0.676553 0.000591 
2781 7.461194 0.000000 1.113124 19.440072 -0.033201 0.543925 0.000236 
2782 7.928402 0.000000 1.069553 19.432530 -0.067635 0.649438 0.000669 
2783 7.928402 0.000000 1.025982 19.430565 -0.036414 0.691711 0.000729 
2784 7.928402 0.000000 1.113124 19.437082 -0.044798 0.586977 0.000412 
2785 8.769377 0.000000 1.069553 19.440737 -0.091341 0.782977 -0.000690 
2786 8.769377 0.000000 1.025982 19.439829 0.031454 0.852121 -0.000876 
2787 8.769377 0.000000 1.113124 19.447361 -0.065073 0.688373 -0.000992 
2788 9.236586 0.000000 1.069553 19.441074 -0.035845 0.860795 -0.001044 
2789 9.236586 0.000000 1.025982 19.439694 -0.004419 0.899853 -0.001081 
2790 9.236586 0.000000 1.113124 19.445872 -0.086043 0.737231 -0.001032 
2791 9.984119 0.000000 1.156695 19.459265 -0.134221 0.706604 -0.002320 
2792 9.984119 0.000000 1.113124 19.457279 -0.108492 0.804008 -0.002488 
2793 9.984119 0.000000 1.200266 19.461078 -0.115628 0.624250 -0.002205 
2794 10.684932 0.000000 0.938840 19.455917 -0.156465 1.155661 -0.004204 
2795 10.684932 0.000000 0.851698 19.456038 -0.146453 1.293882 -0.005103 
2796 10.778373 0.000000 0.938840 19.453823 -0.176117 1.161672 -0.004042 
2797 11.619349 0.000000 1.287409 19.448375 -0.064665 0.421115 -0.000313 
2798 11.525907 0.000000 1.287409 19.447939 -0.091194 0.475087 -0.000407 
2799 11.619349 0.000000 1.374551 19.449111 -0.012639 0.277127 -0.000112 
2800 11.432465 0.000000 1.287409 19.447439 -0.070756 0.510400 -0.000439 
2801 11.432465 0.000000 1.374551 19.447474 -0.054661 0.411503 -0.000196 
2802 11.198861 0.000000 1.156695 19.447676 -0.077751 0.705088 -0.001091 
2803 11.198861 0.000000 1.113124 19.447649 -0.112874 0.789043 -0.001438 
2804 11.198861 0.000000 1.200266 19.447637 -0.087218 0.625649 -0.000812 
2805 13.114416 0.000000 1.287409 19.449648 -0.084214 0.303247 -0.000226 
2806 13.207857 0.000000 1.287409 19.449656 -0.084171 0.303280 -0.000226 
2807 13.114416 0.000000 1.374551 19.449687 -0.069684 0.223819 -0.000113 
2808 0.336265 0.000000 0.917054 17.060085 0.005294 4.179271 0.184481 
2809 0.359625 0.000000 0.917054 16.867730 0.004050 4.162129 0.202110 
2810 0.336265 0.000000 0.938840 16.780445 0.004599 4.725031 0.196650 
2811 0.242823 0.000000 0.873483 19.388795 0.002785 0.572737 0.005417 
2812 0.254504 0.000000 0.819020 22.127147 -0.021083 1.248433 -0.298352 
2813 0.242823 0.000000 0.819020 22.021558 -0.004187 0.150342 -0.281968 
2814 0.254504 0.000000 0.829912 21.675040 -0.026365 1.565632 -0.248364 
2815 0.254504 0.000000 0.840805 19.260023 -0.023978 2.346375 0.004885 
2816 0.242823 0.000000 0.840805 19.307080 0.001964 -0.120613 0.014604 
2817 0.254504 0.000000 0.851698 18.530635 0.001971 -0.443580 0.091782 
2818 0.266184 0.000000 1.156695 18.064271 -0.018892 0.962136 0.134968 
2819 0.219463 0.000000 1.156695 18.149010 -0.015734 0.598629 0.128356 
2820 0.266184 0.000000 1.200266 18.365518 -0.009773 0.762095 0.106870 
2821 0.172742 0.000000 1.156695 18.296431 -0.014084 0.302594 0.114859 
2822 0.126021 0.000000 1.156695 18.468516 -0.012746 0.073310 0.098363 
2823 0.172742 0.000000 1.200266 18.504677 -0.007314 0.287103 0.094625 
2824 0.196102 0.000000 1.004197 15.746155 0.001944 0.660723 0.343441 
2825 0.172742 0.000000 1.004197 15.764672 0.001797 -0.032292 0.343050 
2826 0.196102 0.000000 1.025982 16.102445 0.001564 0.634101 0.313537 
2827 0.149382 0.000000 1.004197 16.958205 -0.015952 -0.650707 0.238693 
2828 0.126021 0.000000 1.004197 17.622805 -0.011650 -0.893949 0.176948 
2829 0.149382 0.000000 1.025982 17.291579 -0.013611 -0.345693 0.209314 
2830 0.079300 0.000000 1.156695 18.656432 -0.011527 -0.076528 0.079920 
2831 0.032580 0.000000 1.156695 18.820275 -0.005022 -0.162855 0.063635 
2832 0.079300 0.000000 1.200266 18.751260 -0.005430 -0.007598 0.070559 
2833 0.336265 0.000000 0.960626 16.679268 0.004810 5.121287 0.195285 
2834 0.359625 0.000000 0.960626 16.750656 0.005669 5.164724 0.187796 
2835 0.382986 0.000000 0.960626 16.825141 0.006019 5.040626 0.184533 
2836 0.382986 0.000000 0.938840 16.985246 0.006454 4.463681 0.184718 
2837 0.406346 0.000000 0.960626 16.958164 0.006595 4.913411 0.176001 
2838 0.429707 0.000000 0.960626 17.101618 0.007434 4.730993 0.167736 
2839 0.429707 0.000000 0.938840 17.133995 0.006942 4.307783 0.174917 
2840 0.453067 0.000000 0.960626 17.228910 0.007981 4.384725 0.164528 
2841 0.476428 0.000000 0.960626 17.359411 0.008927 4.035930 0.160360 
2842 0.476428 0.000000 0.938840 17.617644 0.004815 3.628912 0.144731 
2843 0.499788 0.000000 0.960626 17.394321 0.008993 3.699798 0.164026 
2844 0.336265 0.000000 1.047768 16.746952 0.002823 3.711293 0.222225 
2845 0.312905 0.000000 1.047768 16.511008 0.002081 3.277430 0.250983 
2846 0.336265 0.000000 1.069553 17.175548 0.001514 2.963618 0.196985 
2847 0.523148 0.000000 0.960626 17.625099 0.008775 3.335549 0.149437 
2848 0.523148 0.000000 0.938840 18.018613 0.005565 3.078012 0.116726 
2849 0.546509 0.000000 0.960626 17.831599 0.007912 3.112124 0.133891 
2850 1.107159 0.000000 1.069553 19.563631 0.019525 1.575247 -0.018279 
2851 1.153880 0.000000 1.069553 19.535586 0.019392 1.560110 -0.015255 
2852 1.107159 0.000000 1.113124 19.563246 0.018453 1.644030 -0.018824 
2853 1.107159 0.000000 1.156695 19.584290 0.017421 1.565554 -0.020336 
2854 1.153880 0.000000 1.156695 19.578380 0.017832 1.531063 -0.019442 
2855 1.107159 0.000000 1.200266 19.603444 0.017594 1.475450 -0.021596 
2856 6.480056 0.000000 3.117394 19.452281 -0.002347 0.015964 -0.000235 
2857 6.480056 0.000000 3.814531 19.451459 -0.005625 0.006162 -0.000150 
2858 3.863689 0.000000 2.071688 19.458100 -0.005008 0.138110 -0.000884 
2859 4.237455 0.000000 2.071688 19.458892 0.059242 0.100194 -0.000950 
2860 3.863689 0.000000 2.420257 19.452377 0.031083 0.055683 -0.000255 
2861 2.041576 0.000000 1.069553 19.172909 -0.001434 -1.741486 0.020273 
2862 1.994855 0.000000 1.069553 19.217173 0.003226 -1.617109 0.016885 
2863 2.041576 0.000000 1.113124 19.142626 -0.001342 -1.727979 0.023464 
2864 2.041576 0.000000 1.156695 19.148558 -0.002722 -1.771088 0.022465 
2865 1.994855 0.000000 1.156695 19.162552 -0.000900 -1.665828 0.022004 
2866 2.041576 0.000000 1.200266 19.129523 -0.003139 -1.739397 0.024685 
2867 3.303039 0.000000 1.548835 19.437329 -0.052628 0.310458 0.001040 
2868 3.489922 0.000000 1.548835 19.444717 -0.053961 0.316407 0.000271 
2869 3.303039 0.000000 1.723119 19.444292 -0.021404 0.278686 0.000380 
2870 2.648947 0.000000 1.287409 19.408317 -0.046816 0.422747 0.003803 
2871 2.742388 0.000000 1.287409 19.414775 -0.048074 0.419618 0.003147 
2872 2.648947 0.000000 1.374551 19.407504 -0.042408 0.368242 0.004002 
2873 0.359625 0.000000 1.243838 18.634517 -0.012393 1.006641 0.079417 
2874 0.312905 0.000000 1.243838 18.577693 -0.010862 0.818448 0.085915 
2875 0.359625 0.000000 1.287409 18.781859 -0.010377 0.815698 0.065764 
2876 1.107159 0.000000 1.243838 19.644963 0.015719 1.175626 -0.023802 
2877 1.153880 0.000000 1.243838 19.581846 0.018179 1.330993 -0.018287 
2878 1.107159 0.000000 1.287409 19.660132 0.014726 1.136850 -0.025141 
2879 2.415343 0.000000 1.069553 19.428159 -0.062930 0.542637 0.001456 
2880 2.462063 0.000000 1.069553 19.424897 -0.063262 0.528116 0.001832 
2881 2.415343 0.000000 1.113124 19.409912 -0.060694 0.549696 0.003309 
2882 2.415343 0.000000 1.156695 19.393127 -0.030816 0.523164 0.005114 
2883 2.462063 0.000000 1.156695 19.402724 -0.031470 0.509251 0.004167 
2884 2.415343 0.000000 1.200266 19.378513 -0.044667 0.502253 0.006665 
2885 0.523148 0.000000 0.917054 18.069895 0.005562 3.086687 0.111693 
2886 0.499788 0.000000 0.917054 17.900049 0.005384 3.395143 0.122557 
2887 0.546509 0.000000 0.917054 18.246101 0.005821 2.810659 0.099081 
2888 0.534829 0.000000 0.840805 19.184937 -0.097080 2.752345 0.007021 
2889 0.546509 0.000000 0.840805 19.204943 -0.099225 2.613220 0.006962 
2890 0.534829 0.000000 0.851698 19.058061 -0.084651 2.728820 0.020193 
2891 0.534829 0.000000 0.797234 19.735162 0.067669 2.648982 -0.048099 
2892 0.534829 0.000000 0.786341 19.857173 0.055414 2.561068 -0.059653 
2893 0.546509 0.000000 0.797234 19.681431 0.065229 2.523086 -0.040778 
2894 0.558189 0.000000 0.840805 19.219115 -0.101139 2.492176 0.007156 
2895 0.569869 0.000000 0.840805 19.229927 -0.103354 2.386371 0.007420 
2896 0.558189 0.000000 0.851698 19.113508 -0.085681 2.481940 0.017999 
2897 0.558189 0.000000 0.797234 19.639015 0.063501 2.408320 -0.034873 
2898 0.558189 0.000000 0.786341 19.732420 0.054449 2.345840 -0.043806 
2899 0.569869 0.000000 0.797234 19.604265 0.062387 2.310911 -0.030052 
2900 0.710032 0.000000 0.786341 19.520366 0.057785 1.605284 -0.014069 
2901 0.710032 0.000000 0.764556 19.583362 0.054078 1.558367 -0.020188 
2902 0.733392 0.000000 0.786341 19.526916 0.058821 1.525204 -0.014083 
2903 0.756753 0.000000 0.786341 19.538706 0.060044 1.455373 -0.014751 
2904 0.756753 0.000000 0.764556 19.586890 0.056386 1.430244 -0.019541 
2905 0.780113 0.000000 0.786341 19.554608 0.061143 1.402873 -0.015998 
2906 0.803473 0.000000 0.786341 19.573072 0.062287 1.358043 -0.017581 
2907 0.803473 0.000000 0.764556 19.610980 0.058829 1.337912 -0.021363 
2908 0.826834 0.000000 0.786341 19.593786 0.063330 1.319324 -0.019452 
2909 0.850194 0.000000 0.786341 19.616350 0.064334 1.284541 -0.021551 
2910 0.850194 0.000000 0.764556 19.644930 0.061037 1.271663 -0.024429 
2911 0.873555 0.000000 0.786341 19.640138 0.065415 1.256070 -0.023829 
2912 0.896915 0.000000 0.786341 19.663583 0.066498 1.232545 -0.026110 
2913 0.896915 0.000000 0.764556 19.684608 0.063267 1.224439 -0.028243 
2914 0.920276 0.000000 0.786341 19.686320 0.067569 1.210204 -0.028331 
2915 0.943636 0.000000 0.786341 19.707233 0.068471 1.192110 -0.030395 
2916 0.943636 0.000000 0.764556 19.721578 0.065360 1.188211 -0.031864 
2917 0.966996 0.000000 0.786341 19.724823 0.069437 1.178087 -0.032141 
2918 1.200601 0.000000 0.982411 19.483310 0.021909 1.415125 -0.008723 
2919 1.247321 0.000000 0.982411 19.375895 0.024984 1.375383 0.002603 
2920 1.200601 0.000000 1.025982 19.484929 0.020663 1.460683 -0.009236 
2921 1.527646 0.000000 0.590271 19.424532 0.056945 0.900148 0.000467 
2922 1.527646 0.000000 0.503129 19.462550 0.080738 0.780184 -0.002917 
2923 1.621088 0.000000 0.590271 19.398975 0.055626 0.857375 0.003289 
2924 1.294042 0.000000 0.982411 19.369591 0.025202 1.375632 0.003247 
2925 1.340763 0.000000 0.982411 19.362686 0.024505 1.311490 0.004410 
2926 1.294042 0.000000 1.025982 19.388568 0.023136 1.450799 0.000742 
2927 1.480926 0.000000 0.720985 19.375949 0.066253 1.002525 0.004932 
2928 1.480926 0.000000 0.677414 19.401372 0.063516 0.990995 0.002387 
2929 1.527646 0.000000 0.720985 19.353643 0.065050 0.973676 0.007366 
2930 1.574367 0.000000 0.808127 19.276216 0.070571 0.880882 0.015726 
2931 1.574367 0.000000 0.764556 19.308813 0.065943 0.927494 0.012180 
2932 1.621088 0.000000 0.808127 19.265303 0.068294 0.843441 0.017009 
2933 1.761251 0.000000 0.982411 18.900215 0.025116 0.300506 0.055494 
2934 1.714530 0.000000 0.982411 18.915907 0.027392 0.627518 0.053123 
2935 1.761251 0.000000 1.025982 18.888524 0.024281 0.222443 0.056770 
2936 1.667809 0.000000 0.982411 18.936446 0.027030 0.716799 0.050750 
2937 1.621088 0.000000 0.982411 18.953019 0.027584 0.735721 0.049018 
2938 1.667809 0.000000 1.025982 19.130675 0.017599 0.814726 0.030810 
2939 1.714530 0.000000 0.590271 19.389333 0.053478 0.817641 0.004454 
2940 1.714530 0.000000 0.503129 19.417189 0.080090 0.710973 0.002018 
2941 1.807972 0.000000 0.590271 19.386121 0.050416 0.777377 0.004954 
2942 1.667809 0.000000 0.808127 19.261297 0.065534 0.805472 0.017583 
2943 1.667809 0.000000 0.764556 19.295275 0.061383 0.860592 0.013879 
2944 1.714530 0.000000 0.808127 19.263804 0.062738 0.766698 0.017490 
2945 2.508784 0.000000 0.982411 19.441470 -0.077806 0.458176 0.000306 
2946 2.555505 0.000000 0.982411 19.441169 -0.077468 0.452260 0.000351 
2947 2.508784 0.000000 1.025982 19.432902 -0.065614 0.498738 0.001088 
2948 2.695668 0.000000 0.982411 19.443774 -0.060737 0.428454 0.000145 
2949 2.648947 0.000000 0.982411 19.442537 -0.060176 0.434076 0.000260 
2950 2.695668 0.000000 1.025982 19.437700 -0.073088 0.467953 0.000671 
2951 2.602226 0.000000 0.982411 19.441523 -0.060112 0.439446 0.000351 
2952 2.602226 0.000000 1.025982 19.434362 -0.064975 0.483880 0.000977 
2953 2.695668 0.000000 0.808127 19.445875 0.038560 0.721034 -0.000954 
2954 2.648947 0.000000 0.808127 19.444845 0.039417 0.720455 -0.000846 
2955 2.695668 0.000000 0.764556 19.445476 0.037354 0.761985 -0.001073 
2956 2.602226 0.000000 0.808127 19.444166 0.039924 0.720591 -0.000777 
2957 2.555505 0.000000 0.808127 19.443222 0.040118 0.719886 -0.000677 
2958 2.602226 0.000000 0.764556 19.443429 0.038638 0.760632 -0.000858 
2959 2.835830 0.000000 1.287409 19.419541 -0.049635 0.417335 0.002663 
2960 2.929272 0.000000 1.287409 19.423858 -0.051235 0.416153 0.002222 
2961 2.835830 0.000000 1.374551 19.418965 -0.044943 0.369017 0.002823 
2962 4.611222 0.000000 2.071688 19.458178 0.043349 0.087034 -0.000866 
2963 4.984989 0.000000 2.071688 19.458544 0.009628 0.102971 -0.000907 
2964 4.611222 0.000000 2.420257 19.453635 -0.001792 0.038174 -0.000378 
2965 3.676805 0.000000 1.548835 19.458950 -0.026953 0.354141 -0.001254 
2966 3.863689 0.000000 1.548835 19.466574 -0.024884 0.354042 -0.002038 
2967 3.676805 0.000000 1.723119 19.458196 -0.017551 0.280151 -0.001051 
2968 3.256318 0.000000 0.808127 19.431920 0.030404 0.735814 0.000425 
2969 3.256318 0.000000 0.764556 19.430395 0.028519 0.776857 0.000417 
2970 3.303039 0.000000 0.808127 19.430840 0.030647 0.737820 0.000528 
2971 8.348890 0.000000 2.071688 19.457398 -0.053123 0.089517 -0.000789 
2972 7.975123 0.000000 2.071688 19.458549 0.032134 0.093280 -0.000905 
2973 8.348890 0.000000 2.420257 19.458679 -0.004090 0.026732 -0.000895 
2974 7.601356 0.000000 2.071688 19.460150 0.042457 0.078547 -0.001065 
2975 7.227589 0.000000 2.071688 19.458798 0.044948 0.082268 -0.000928 
2976 7.601356 0.000000 2.420257 19.456771 -0.002782 0.033119 -0.000699 
2977 8.348890 0.000000 -0.019724 19.407095 0.065186 -0.030684 0.004393 
2978 8.348890 0.000000 -0.368292 19.400508 0.071023 -0.658967 0.003921 
2979 8.722656 0.000000 -0.019724 19.422928 0.085965 -0.026722 0.002760 
2980 9.096423 0.000000 -0.019724 19.436049 0.122376 -0.035457 0.001391 
2981 9.096423 0.000000 -0.368292 19.427695 0.067518 -0.563550 0.001441 
2982 9.470190 0.000000 -0.019724 19.451940 0.080684 -0.021053 -0.000218 
2983 9.843957 0.000000 -0.019724 19.455408 0.104675 -0.021572 -0.000586 
2984 9.843957 0.000000 -0.368292 19.460325 0.140049 -0.493326 -0.001757 
2985 10.217723 0.000000 -0.019724 19.452888 0.122904 -0.022410 -0.000338 
2986 8.162006 0.000000 0.503129 19.391638 0.029560 1.002566 0.003333 
2987 8.162006 0.000000 0.328845 19.394070 0.043089 0.569208 0.004882 
2988 8.348890 0.000000 0.503129 19.396666 0.048899 0.983423 0.002914 
2989 8.535773 0.000000 0.503129 19.397595 0.045980 0.980157 0.002836 
2990 8.535773 0.000000 0.328845 19.412348 -0.006489 0.567856 0.003015 
2991 8.722656 0.000000 0.503129 19.399936 0.046625 0.972234 0.002637 
2992 9.283306 0.000000 1.548835 19.456645 -0.052555 0.244610 -0.000849 
2993 9.096423 0.000000 1.548835 19.452955 -0.013057 0.272057 -0.000500 
2994 9.283306 0.000000 1.723119 19.454798 -0.020869 0.187722 -0.000588 
2995 8.909540 0.000000 1.548835 19.453360 -0.011566 0.270869 -0.000540 
2996 8.722656 0.000000 1.548835 19.454063 -0.009745 0.270218 -0.000611 
2997 8.909540 0.000000 1.723119 19.457462 -0.018857 0.190360 -0.000864 
2998 8.909540 0.000000 0.503129 19.405168 0.049733 0.961479 0.002154 
2999 8.909540 0.000000 0.328845 19.420089 0.038088 0.500983 0.002406 
3000 9.096423 0.000000 0.503129 19.413043 0.053867 0.947523 0.001416 
3001 9.283306 0.000000 0.503129 19.422913 0.058468 0.929071 0.000493 
3002 9.283306 0.000000 0.328845 19.437693 0.064424 0.465771 0.000681 
3003 9.470190 0.000000 0.503129 19.433832 0.065842 0.906218 -0.000521 
3004 6.853823 0.000000 2.071688 19.456333 0.047339 0.084954 -0.000676 
3005 6.480056 0.000000 2.071688 19.453436 0.049235 0.085695 -0.000379 
3006 6.853823 0.000000 2.420257 19.454364 -0.002573 0.036609 -0.000452 
3007 6.106289 0.000000 2.071688 19.453182 -0.015554 0.109805 -0.000360 
3008 5.732522 0.000000 2.071688 19.455136 -0.013374 0.109858 -0.000561 
3009 6.106289 0.000000 2.420257 19.451485 -0.000657 0.036422 -0.000156 
3010 9.376748 0.000000 1.287409 19.454136 -0.113605 0.475280 -0.001057 
3011 9.283306 0.000000 1.287409 19.454021 -0.112870 0.472153 -0.001036 
3012 9.376748 0.000000 1.374551 19.456733 -0.071412 0.369367 -0.001067 
3013 9.189865 0.000000 1.287409 19.454265 -0.112015 0.469297 -0.001054 
3014 9.096423 0.000000 1.287409 19.454751 -0.110903 0.466742 -0.001097 
3015 9.189865 0.000000 1.374551 19.456452 -0.069970 0.365332 -0.001029 
3016 10.591490 0.000000 -0.019724 19.447949 0.135159 -0.022846 0.000161 
3017 10.591490 0.000000 -0.368292 19.454783 0.199344 -0.507834 -0.001279 
3018 10.965257 0.000000 -0.019724 19.451702 0.160130 -0.069117 -0.000255 
3019 11.339023 0.000000 -0.019724 19.450789 0.152970 -0.026686 -0.000145 
3020 11.339023 0.000000 -0.368292 19.449887 0.129901 -0.650487 -0.001152 
3021 11.712790 0.000000 -0.019724 19.449680 0.182705 -0.019833 -0.000056 
3022 9.657073 0.000000 0.503129 19.443685 0.079428 0.870933 -0.001372 
3023 9.657073 0.000000 0.328845 19.457846 0.129912 0.415868 -0.001309 
3024 9.843957 0.000000 0.503129 19.450353 0.062485 0.871733 -0.002055 
3025 10.030840 0.000000 0.503129 19.454669 0.080756 0.851943 -0.002416 
3026 10.030840 0.000000 0.328845 19.462632 0.164007 0.406130 -0.001806 
3027 10.217723 0.000000 0.503129 19.457505 0.092382 0.839198 -0.002656 
3028 10.404607 0.000000 0.503129 19.458356 0.076312 0.858693 -0.002824 
3029 10.404607 0.000000 0.328845 19.458285 0.201774 0.430818 -0.001450 
3030 10.591490 0.000000 0.503129 19.454799 0.049714 0.867580 -0.002490 
3031 10.778373 0.000000 0.503129 19.453691 0.097740 0.887164 -0.002485 
3032 10.778373 0.000000 0.328845 19.452909 0.196549 0.432914 -0.000897 
3033 10.965257 0.000000 0.503129 19.451535 0.066878 0.830787 -0.001994 
3034 10.124282 0.000000 0.938840 19.454084 -0.112635 1.148567 -0.003941 
3035 10.124282 0.000000 0.851698 19.448584 -0.101456 1.281668 -0.004224 
3036 10.264444 0.000000 1.069553 19.460772 -0.139779 0.886669 -0.003238 
3037 10.217723 0.000000 1.069553 19.460467 -0.135639 0.886454 -0.003202 
3038 10.264444 0.000000 1.025982 19.460436 -0.147213 0.981972 -0.003680 
3039 12.086557 0.000000 -0.019724 19.449481 0.158741 -0.019005 -0.000014 
3040 12.086557 0.000000 -0.368292 19.449069 0.154894 -0.448931 -0.000500 
3041 12.460324 0.000000 -0.019724 19.448944 0.184527 -0.022344 0.000017 
3042 12.834090 0.000000 -0.019724 19.449124 0.184759 -0.022349 -0.000002 
3043 12.834090 0.000000 -0.368292 19.449163 0.153235 -0.495238 -0.000624 
3044 13.207857 0.000000 -0.019724 19.449276 0.184944 -0.022353 -0.000017 
3045 11.152140 0.000000 0.503129 19.450189 0.079592 0.953487 -0.002439 
3046 11.152140 0.000000 0.328845 19.451417 0.132310 0.545015 -0.000977 
3047 11.339023 0.000000 0.503129 19.449533 0.050256 0.914945 -0.002172 
3048 11.525907 0.000000 0.503129 19.449306 0.050801 0.914573 -0.002147 
3049 11.525907 0.000000 0.328845 19.449627 0.144084 0.580782 -0.000908 
3050 11.712790 0.000000 0.503129 19.449039 0.013077 0.771287 -0.001474 
3051 11.899674 0.000000 0.503129 19.449385 0.036272 0.658627 -0.001087 
3052 11.899674 0.000000 0.328845 19.449530 0.156557 0.394281 -0.000427 
3053 12.086557 0.000000 0.503129 19.449076 0.074432 0.672497 -0.001115 
3054 12.273440 0.000000 0.503129 19.449094 0.043975 0.701439 -0.001213 
3055 12.273440 0.000000 0.328845 19.449067 0.126712 0.411960 -0.000395 
3056 12.460324 0.000000 0.503129 19.449035 0.075243 0.740045 -0.001363 
3057 12.647207 0.000000 0.503129 19.449118 0.075369 0.740061 -0.001372 
3058 12.647207 0.000000 0.328845 19.449071 0.166524 0.430217 -0.000467 
3059 12.834090 0.000000 0.503129 19.449190 0.075463 0.740116 -0.001380 
3060 13.020974 0.000000 0.503129 19.449258 0.075550 0.740169 -0.001387 
3061 13.020974 0.000000 0.328845 19.449229 0.166713 0.430275 -0.000484 
3062 13.207857 0.000000 0.503129 19.449320 0.075638 0.740200 -0.001393 
3063 4.377618 0.000000 0.895269 19.452747 0.026255 0.694316 -0.001559 
3064 4.330897 0.000000 0.895269 19.452651 0.029431 0.684863 -0.001515 
3065 4.377618 0.000000 0.851698 19.444255 0.055868 0.769414 -0.000982 
3066 6.947264 0.000000 0.764556 19.437644 -0.022969 1.064093 -0.001724 
3067 6.947264 0.000000 0.677414 19.429701 0.019117 1.047984 -0.000818 
3068 7.040706 0.000000 0.764556 19.434914 -0.020924 1.070791 -0.001481 
3069 7.134148 0.000000 0.764556 19.430035 -0.020359 1.077961 -0.001021 
3070 7.134148 0.000000 0.677414 19.422285 0.027708 1.072478 -0.000195 
3071 7.227589 0.000000 0.764556 19.423375 -0.022550 1.085220 -0.000379 
3072 7.321031 0.000000 0.764556 19.416491 -0.027758 1.093268 0.000281 
3073 7.321031 0.000000 0.677414 19.408471 0.022808 1.095624 0.001091 
3074 7.414473 0.000000 0.764556 19.410450 -0.035075 1.101937 0.000850 
3075 7.507914 0.000000 0.764556 19.406288 -0.043189 1.111132 0.001221 
3076 7.507914 0.000000 0.677414 19.398043 0.005721 1.117297 0.002036 
3077 7.601356 0.000000 0.764556 19.404270 -0.050689 1.120666 0.001370 
3078 7.694798 0.000000 0.764556 19.404628 -0.056399 1.130340 0.001274 
3079 7.694798 0.000000 0.677414 19.396311 -0.011402 1.138200 0.002088 
3080 7.788239 0.000000 0.764556 19.406465 -0.059584 1.139596 0.001029 
3081 7.881681 0.000000 0.764556 19.409231 -0.056756 1.157834 0.000636 
3082 7.881681 0.000000 0.677414 19.401720 -0.016108 1.168365 0.001349 
3083 7.975123 0.000000 0.764556 19.410700 -0.055420 1.165944 0.000435 
3084 8.068564 0.000000 0.764556 19.411243 -0.052635 1.173190 0.000336 
3085 8.068564 0.000000 0.677414 19.404806 -0.014722 1.186934 0.000917 
3086 8.162006 0.000000 0.764556 19.410510 -0.048565 1.179843 0.000371 
3087 8.255448 0.000000 0.764556 19.408954 -0.042766 1.186296 0.000491 
3088 8.255448 0.000000 0.677414 19.402476 -0.046362 1.224371 0.000912 
3089 8.348890 0.000000 0.764556 19.407425 -0.035074 1.192885 0.000608 
3090 0.418026 0.000000 0.862591 18.233541 -0.047178 5.366091 0.045052 
3091 0.406346 0.000000 0.862591 18.348372 -0.048224 5.373509 0.033737 
3092 0.418026 0.000000 0.873483 18.018913 -0.041760 5.251240 0.068844 
3093 0.534829 0.000000 0.862591 18.935142 -0.074274 2.721383 0.032650 
3094 0.546509 0.000000 0.862591 18.975397 -0.074900 2.594371 0.030400 
3095 0.534829 0.000000 0.873483 18.395761 0.005081 2.664571 0.086699 
3096 0.558189 0.000000 0.862591 19.008789 -0.075437 2.477566 0.028613 
3097 0.569869 0.000000 0.862591 19.037132 -0.075427 2.369570 0.027146 
3098 0.558189 0.000000 0.873483 18.393191 0.005564 2.660002 0.087013 
3099 2.508784 0.000000 0.808127 19.442636 0.039851 0.719056 -0.000614 
3100 2.462063 0.000000 0.808127 19.442664 0.039314 0.717907 -0.000612 
3101 2.508784 0.000000 0.764556 19.441814 0.038714 0.759750 -0.000688 
3102 2.415343 0.000000 0.808127 19.443618 0.038607 0.715451 -0.000701 
3103 2.368622 0.000000 0.808127 19.444986 0.037776 0.711500 -0.000826 
3104 2.415343 0.000000 0.764556 19.441358 0.037755 0.756967 -0.000630 
3105 3.349759 0.000000 0.808127 19.429842 0.030834 0.739639 0.000623 
3106 3.349759 0.000000 0.764556 19.427880 0.028447 0.779925 0.000663 
3107 3.396480 0.000000 0.808127 19.429060 0.030969 0.741707 0.000695 
3108 5.125151 0.000000 0.895269 19.457537 0.018987 0.823200 -0.002567 
3109 5.125151 0.000000 0.851698 19.450752 0.043116 0.886573 -0.002160 
3110 5.171872 0.000000 0.895269 19.456623 0.021051 0.829217 -0.002500 
3111 10.871815 0.000000 0.938840 19.451845 -0.176563 1.162947 -0.003847 
3112 10.871815 0.000000 0.851698 19.451944 -0.147857 1.295642 -0.004695 
3113 10.965257 0.000000 0.938840 19.451449 -0.177928 1.155421 -0.003762 
3114 11.058698 0.000000 0.938840 19.450336 -0.191494 1.089738 -0.003271 
3115 11.058698 0.000000 0.851698 19.450225 -0.197577 1.238412 -0.004180 
3116 11.152140 0.000000 0.938840 19.449247 -0.173040 1.125044 -0.003348 
3117 0.266184 0.000000 1.243838 18.568306 -0.009488 0.624739 0.087576 
3118 0.219463 0.000000 1.243838 18.600107 -0.008525 0.443164 0.084964 
3119 0.266184 0.000000 1.287409 18.729907 -0.008499 0.533746 0.071922 
3120 1.948134 0.000000 1.069553 19.241698 0.008528 -1.104147 0.018082 
3121 1.901413 0.000000 1.069553 19.141868 0.008690 -0.846338 0.029540 
3122 1.948134 0.000000 1.113124 19.170488 0.001519 -1.312844 0.023979 
3123 1.948134 0.000000 1.156695 19.199614 0.002103 -1.146999 0.022103 
3124 1.901413 0.000000 1.156695 19.284278 0.001056 -1.019044 0.014223 
3125 1.948134 0.000000 1.200266 19.241036 0.005595 -1.124592 0.018029 
3126 0.476428 0.000000 0.917054 17.775581 0.004990 3.556070 0.131338 
3127 0.453067 0.000000 0.917054 17.621831 0.004538 3.733620 0.142303 
3128 0.429707 0.000000 0.917054 17.444500 0.004077 3.923116 0.154905 
3129 0.406346 0.000000 0.917054 17.128006 0.003477 4.097889 0.180124 
3130 0.382986 0.000000 0.917054 16.928934 0.003083 4.122007 0.197521 
3131 0.231143 0.000000 0.819020 21.818072 -0.004006 0.078034 -0.258343 
3132 0.219463 0.000000 0.819020 21.336550 -0.003540 -0.081211 -0.203415 
3133 0.231143 0.000000 0.829912 21.599122 -0.003858 0.093235 -0.233221 
3134 0.231143 0.000000 0.840805 19.500382 0.002052 0.006890 -0.005188 
3135 0.219463 0.000000 0.840805 20.347626 -0.032821 -0.891630 -0.096535 
3136 0.231143 0.000000 0.851698 19.436613 0.002051 -0.020479 0.001375 
3137 0.207783 0.000000 0.819020 21.007638 -0.003148 -0.476203 -0.167181 
3138 0.196102 0.000000 0.819020 20.772478 -0.002872 -1.173333 -0.144250 
3139 0.207783 0.000000 0.829912 21.026299 -0.003310 -0.238992 -0.168806 
3140 0.207783 0.000000 0.840805 20.296704 -0.028119 -0.808414 -0.090689 
3141 0.196102 0.000000 0.840805 20.237752 -0.023972 -0.832992 -0.084479 
3142 0.207783 0.000000 0.851698 20.286263 0.001307 -0.017071 -0.087840 
3143 0.394666 0.000000 0.862591 18.296918 -0.047598 5.277803 0.041416 
3144 0.382986 0.000000 0.862591 18.421926 -0.048282 5.247512 0.030125 
3145 0.394666 0.000000 0.873483 18.159126 -0.046760 5.273786 0.054807 
3146 0.289544 0.000000 1.047768 16.541820 0.001403 2.555549 0.259422 
3147 0.266184 0.000000 1.047768 16.459892 0.001355 2.129067 0.271850 
3148 0.289544 0.000000 1.069553 16.833730 0.001460 2.473226 0.234762 
3149 1.200601 0.000000 1.069553 19.503328 0.019057 1.609417 -0.012339 
3150 1.247321 0.000000 1.069553 19.428778 0.020473 1.518749 -0.003917 
3151 1.200601 0.000000 1.113124 19.516522 0.019094 1.570708 -0.013375 
3152 1.200601 0.000000 1.156695 19.528955 0.018062 1.580882 -0.014742 
3153 1.247321 0.000000 1.156695 19.486968 0.018891 1.495814 -0.009720 
3154 1.200601 0.000000 1.200266 19.535042 0.018897 1.446839 -0.014298 
3155 1.200601 0.000000 1.243838 19.549454 0.017696 1.411260 -0.015518 
3156 1.247321 0.000000 1.243838 19.548564 0.018823 1.365619 -0.015091 
3157 1.200601 0.000000 1.287409 19.622159 0.016101 1.117174 -0.021081 
3158 2.508784 0.000000 1.069553 19.425116 -0.063131 0.517226 0.001839 
3159 2.555505 0.000000 1.069553 19.426555 -0.063011 0.508560 0.001715 
3160 2.508784 0.000000 1.113124 19.416204 -0.061625 0.522624 0.002740 
3161 2.508784 0.000000 1.156695 19.408908 -0.031615 0.499884 0.003558 
3162 2.555505 0.000000 1.156695 19.413341 -0.031751 0.492559 0.003122 
3163 2.508784 0.000000 1.200266 19.399717 -0.045449 0.486835 0.004532 
3164 0.569869 0.000000 0.917054 18.404023 0.005956 2.537563 0.087642 
3165 0.593230 0.000000 0.917054 18.552876 0.006133 2.296630 0.076179 
3166 0.569869 0.000000 0.938840 18.251344 0.005911 2.702363 0.100153 
3167 0.581549 0.000000 0.840805 19.238728 -0.105824 2.287468 0.007745 
3168 0.593230 0.000000 0.840805 19.246562 -0.108558 2.197944 0.008008 
3169 0.581549 0.000000 0.851698 19.151062 -0.086376 2.276745 0.016781 
3170 0.581549 0.000000 0.797234 19.575755 0.061522 2.221961 -0.026034 
3171 0.581549 0.000000 0.786341 19.651482 0.054389 2.174240 -0.033329 
3172 0.593230 0.000000 0.797234 19.552544 0.060932 2.141838 -0.022708 
3173 0.616590 0.000000 0.917054 18.600834 0.006171 2.195350 0.072672 
3174 0.639950 0.000000 0.917054 18.676302 0.006050 2.050664 0.066859 
3175 0.616590 0.000000 0.938840 18.500205 0.006092 2.355226 0.080617 
3176 0.604910 0.000000 0.840805 19.253966 -0.111667 2.118747 0.008157 
3177 0.616590 0.000000 0.840805 19.261905 -0.115233 2.040468 0.008207 
3178 0.604910 0.000000 0.851698 19.180262 -0.087316 2.105240 0.015808 
3179 0.604910 0.000000 0.797234 19.534025 0.060439 2.072484 -0.020022 
3180 0.604910 0.000000 0.786341 19.596895 0.054641 2.035720 -0.026124 
3181 0.616590 0.000000 0.797234 19.519175 0.060243 2.002015 -0.017730 
3182 1.387484 0.000000 0.982411 19.366137 0.024027 1.305868 0.004096 
3183 1.434205 0.000000 0.982411 19.267510 0.024852 1.213282 0.014784 
3184 1.387484 0.000000 1.025982 19.387673 0.022484 1.362531 0.001490 
3185 1.574367 0.000000 0.720985 19.338317 0.063493 0.943779 0.009086 
3186 1.574367 0.000000 0.677414 19.364213 0.061330 0.937918 0.006466 
3187 1.621088 0.000000 0.720985 19.328455 0.061783 0.913915 0.010241 
3188 1.574367 0.000000 0.982411 19.011282 0.027248 0.888724 0.042514 
3189 1.527646 0.000000 0.982411 19.157447 0.026253 1.028096 0.027060 
3190 1.574367 0.000000 1.025982 19.206605 0.013660 1.103030 0.021655 
3191 1.480926 0.000000 0.982411 19.157447 0.026253 1.028096 0.027060 
3192 1.480926 0.000000 1.025982 19.268093 0.020258 1.233554 0.014594 
3193 1.901413 0.000000 0.590271 19.398299 0.077536 0.742512 0.003836 
3194 1.901413 0.000000 0.503129 19.417694 0.077730 0.670928 0.002113 
3195 1.994855 0.000000 0.590271 19.409580 0.075448 0.724639 0.002749 
3196 1.667809 0.000000 0.720985 19.324568 0.059818 0.884569 0.010778 
3197 1.667809 0.000000 0.677414 19.350230 0.058223 0.884721 0.008155 
3198 1.714530 0.000000 0.720985 19.324631 0.057461 0.856540 0.010902 
3199 1.761251 0.000000 0.808127 19.272961 0.059702 0.729835 0.016704 
3200 1.761251 0.000000 0.764556 19.303552 0.056269 0.797512 0.013313 
3201 1.807972 0.000000 0.808127 19.288336 0.056575 0.696450 0.015264 
3202 2.088297 0.000000 0.590271 19.422430 0.073508 0.719006 0.001452 
3203 2.088297 0.000000 0.503129 19.427510 0.074046 0.643048 0.001204 
3204 2.181738 0.000000 0.590271 19.426976 0.040219 0.727534 0.000963 
3205 2.321901 0.000000 0.808127 19.447221 0.037547 0.705495 -0.001034 
3206 2.275180 0.000000 0.808127 19.448873 0.037201 0.696760 -0.001171 
3207 2.321901 0.000000 0.764556 19.441736 0.036937 0.750046 -0.000641 
3208 2.228459 0.000000 0.808127 19.449187 0.037120 0.685188 -0.001161 
3209 2.181738 0.000000 0.808127 19.446442 0.037502 0.671119 -0.000828 
3210 2.228459 0.000000 0.764556 19.439734 0.036623 0.736991 -0.000384 
3211 3.022713 0.000000 1.287409 19.427840 -0.052571 0.414530 0.001816 
3212 3.116155 0.000000 1.287409 19.431493 -0.053764 0.412686 0.001444 
3213 3.022713 0.000000 1.374551 19.427377 -0.047564 0.370093 0.001957 
3214 5.358756 0.000000 2.071688 19.455557 0.012207 0.101053 -0.000599 
3215 5.358756 0.000000 2.420257 19.452410 -0.000135 0.035426 -0.000251 
3216 4.050572 0.000000 1.548835 19.473254 -0.021678 0.350699 -0.002719 
3217 4.237455 0.000000 1.548835 19.479125 -0.017481 0.349768 -0.003321 
3218 4.050572 0.000000 1.723119 19.469514 -0.013134 0.273856 -0.002206 
3219 3.209597 0.000000 1.287409 19.434855 -0.054441 0.412688 0.001099 
3220 3.303039 0.000000 1.287409 19.439226 -0.054772 0.413565 0.000648 
3221 3.209597 0.000000 1.374551 19.436326 -0.049570 0.370001 0.001037 
3222 8.535773 0.000000 1.548835 19.455133 -0.007142 0.270150 -0.000721 
3223 8.348890 0.000000 1.548835 19.460074 0.039869 0.237881 -0.001190 
3224 8.535773 0.000000 1.723119 19.459073 -0.015711 0.194346 -0.001034 
3225 8.162006 0.000000 1.548835 19.460789 0.038339 0.247692 -0.001276 
3226 7.975123 0.000000 1.548835 19.461203 0.043866 0.249181 -0.001322 
3227 8.162006 0.000000 1.723119 19.459602 -0.010682 0.198385 -0.001092 
3228 8.442331 0.000000 0.764556 19.406575 -0.025780 1.200185 0.000651 
3229 8.442331 0.000000 0.677414 19.399712 -0.035148 1.238189 0.001108 
3230 8.535773 0.000000 0.764556 19.406592 -0.016063 1.208525 0.000597 
3231 8.629215 0.000000 0.764556 19.408106 -0.035344 1.226895 0.000321 
3232 8.629215 0.000000 0.677414 19.399452 -0.018661 1.252030 0.001046 
3233 8.722656 0.000000 0.764556 19.409015 -0.027834 1.236422 0.000167 
3234 9.002981 0.000000 1.287409 19.455436 -0.093385 0.470903 -0.001168 
3235 8.909540 0.000000 1.287409 19.455881 -0.091589 0.468961 -0.001208 
3236 9.002981 0.000000 1.374551 19.457365 -0.101054 0.370885 -0.001148 
3237 8.816098 0.000000 1.287409 19.456140 -0.095495 0.469974 -0.001239 
3238 8.722656 0.000000 1.287409 19.456552 -0.092902 0.468303 -0.001276 
3239 8.816098 0.000000 1.374551 19.458990 -0.108148 0.355598 -0.001290 
3240 7.788239 0.000000 1.548835 19.461957 0.049954 0.250345 -0.001402 
3241 7.601356 0.000000 1.548835 19.455085 0.056017 0.250206 -0.000697 
3242 7.788239 0.000000 1.723119 19.458398 0.016038 0.216104 -0.000988 
3243 7.414473 0.000000 1.548835 19.455545 0.060981 0.249292 -0.000744 
3244 7.227589 0.000000 1.548835 19.456192 0.065203 0.248589 -0.000811 
3245 7.414473 0.000000 1.723119 19.459505 0.023371 0.218453 -0.001105 
3246 8.816098 0.000000 0.764556 19.410049 -0.022613 1.245995 -0.000001 
3247 8.816098 0.000000 0.677414 19.401771 -0.004484 1.266045 0.000716 
3248 8.909540 0.000000 0.764556 19.410912 -0.019995 1.255327 -0.000151 
3249 9.002981 0.000000 0.764556 19.411508 -0.020140 1.264216 -0.000272 
3250 9.002981 0.000000 0.677414 19.404975 0.001070 1.277685 0.000309 
3251 9.096423 0.000000 0.764556 19.411947 -0.023126 1.272330 -0.000372 
3252 9.189865 0.000000 0.764556 19.412346 -0.032870 1.270612 -0.000402 
3253 9.189865 0.000000 0.677414 19.408172 -0.032634 1.293472 -0.000129 
3254 9.283306 0.000000 0.764556 19.412741 -0.040639 1.277251 -0.000489 
3255 9.376748 0.000000 0.764556 19.413562 -0.049951 1.282847 -0.000613 
3256 9.376748 0.000000 0.677414 19.412089 -0.048572 1.283211 -0.000464 
3257 9.470190 0.000000 0.764556 19.414974 -0.060103 1.287441 -0.000793 
3258 9.563631 0.000000 0.764556 19.417158 -0.070427 1.291148 -0.001046 
3259 9.563631 0.000000 0.677414 19.418005 -0.061794 1.275600 -0.001024 
3260 9.657073 0.000000 0.764556 19.421363 -0.039071 1.311440 -0.001608 
3261 9.750515 0.000000 0.764556 19.424984 -0.049044 1.313863 -0.001999 
3262 9.750515 0.000000 0.677414 19.425479 -0.070422 1.263490 -0.001713 
3263 9.843957 0.000000 0.764556 19.429198 -0.059117 1.316070 -0.002450 
3264 9.937398 0.000000 0.764556 19.434047 -0.069548 1.318346 -0.002967 
3265 9.937398 0.000000 0.677414 19.435649 -0.033818 1.269536 -0.002788 
3266 10.030840 0.000000 0.764556 19.439595 -0.080361 1.320655 -0.003558 
3267 10.124282 0.000000 0.764556 19.445808 -0.091214 1.322921 -0.004217 
3268 10.124282 0.000000 0.677414 19.446264 -0.042308 1.260372 -0.003820 
3269 10.217723 0.000000 0.764556 19.451845 -0.101307 1.325058 -0.004858 
3270 10.171002 0.000000 1.069553 19.459972 -0.131153 0.886015 -0.003146 
3271 10.124282 0.000000 1.069553 19.459395 -0.126374 0.885258 -0.003080 
3272 10.171002 0.000000 1.025982 19.459372 -0.118676 0.970535 -0.003491 
3273 10.311165 0.000000 0.764556 19.456638 -0.109800 1.327009 -0.005369 
3274 10.311165 0.000000 0.677414 19.455933 -0.050814 1.256812 -0.004792 
3275 10.404607 0.000000 0.764556 19.458344 -0.097685 1.336052 -0.005602 
3276 10.498048 0.000000 0.764556 19.458901 -0.102375 1.337737 -0.005674 
3277 10.498048 0.000000 0.677414 19.458716 -0.055465 1.257742 -0.005086 
3278 10.591490 0.000000 0.764556 19.457615 -0.105400 1.339060 -0.005552 
3279 4.424339 0.000000 1.548835 19.484047 0.047070 0.283847 -0.003723 
3280 4.611222 0.000000 1.548835 19.484505 0.051702 0.278533 -0.003763 
3281 4.424339 0.000000 1.723119 19.475758 -0.008136 0.262507 -0.002833 
3282 4.284176 0.000000 0.895269 19.452735 0.032359 0.675687 -0.001491 
3283 4.237455 0.000000 0.895269 19.453175 0.034658 0.667949 -0.001509 
3284 4.284176 0.000000 0.851698 19.445178 0.036728 0.767121 -0.001063 
3285 5.218593 0.000000 0.895269 19.455747 0.023071 0.835160 -0.002436 
3286 5.218593 0.000000 0.851698 19.449317 0.046264 0.897767 -0.002066 
3287 5.265314 0.000000 0.895269 19.454706 0.024890 0.840743 -0.002354 
3288 5.312035 0.000000 0.895269 19.452259 0.053157 0.833727 -0.002077 
3289 5.312035 0.000000 0.851698 19.447656 0.048913 0.907877 -0.001944 
3290 5.358756 0.000000 0.895269 19.451331 0.054648 0.839059 -0.002006 
3291 5.405476 0.000000 0.895269 19.450374 0.056026 0.844181 -0.001931 
3292 5.405476 0.000000 0.851698 19.445489 0.032150 0.906463 -0.001711 
3293 5.452197 0.000000 0.895269 19.449327 0.057107 0.848928 -0.001844 
3294 5.498918 0.000000 0.895269 19.448453 0.058188 0.853876 -0.001777 
3295 5.498918 0.000000 0.851698 19.443784 0.033617 0.914856 -0.001576 
3296 5.545639 0.000000 0.895269 19.447494 0.059109 0.858531 -0.001700 
3297 5.592360 0.000000 0.895269 19.446743 0.059862 0.863136 -0.001644 
3298 5.592360 0.000000 0.851698 19.442220 0.034641 0.922792 -0.001454 
3299 5.639081 0.000000 0.895269 19.446048 0.060472 0.867579 -0.001593 
3300 5.685802 0.000000 0.895269 19.445566 0.060933 0.871917 -0.001564 
3301 5.685802 0.000000 0.851698 19.441196 0.035195 0.930355 -0.001386 
3302 5.732522 0.000000 0.895269 19.444950 0.061201 0.876110 -0.001520 
3303 7.040706 0.000000 1.548835 19.456613 0.068635 0.247843 -0.000855 
3304 6.853823 0.000000 1.548835 19.456758 0.066028 0.249492 -0.000871 
3305 7.040706 0.000000 1.723119 19.459488 0.030206 0.221285 -0.001108 
3306 6.666939 0.000000 1.548835 19.457136 0.068948 0.249185 -0.000911 
3307 6.480056 0.000000 1.548835 19.459047 0.043447 0.240176 -0.001088 
3308 6.666939 0.000000 1.723119 19.457794 0.035737 0.223143 -0.000937 
3309 0.581549 0.000000 0.862591 19.062323 -0.075421 2.271358 0.025814 
3310 0.593230 0.000000 0.862591 19.084273 -0.075398 2.181051 0.024664 
3311 0.581549 0.000000 0.873483 18.602642 0.005816 2.195355 0.072494 
3312 0.604910 0.000000 0.862591 19.104982 -0.075392 2.095977 0.023535 
3313 0.616590 0.000000 0.862591 19.124857 -0.075440 2.014349 0.022413 
3314 0.604910 0.000000 0.873483 18.602642 0.005816 2.195355 0.072494 
3315 1.854692 0.000000 0.808127 19.306329 0.053127 0.660525 0.013558 
3316 1.854692 0.000000 0.764556 19.327741 0.050635 0.739186 0.011081 
3317 1.901413 0.000000 0.808127 19.330903 0.049731 0.639674 0.011121 
3318 5.779243 0.000000 0.895269 19.444339 0.061322 0.880229 -0.001476 
3319 5.779243 0.000000 0.851698 19.439979 0.035263 0.937492 -0.001296 
3320 5.825964 0.000000 0.895269 19.443984 0.061342 0.884273 -0.001458 
3321 5.872685 0.000000 0.895269 19.443619 0.061203 0.888147 -0.001439 
3322 5.872685 0.000000 0.851698 19.439521 0.034972 0.944520 -0.001284 
3323 5.919406 0.000000 0.895269 19.443221 0.060957 0.891782 -0.001415 
3324 10.684932 0.000000 0.764556 19.455617 -0.106996 1.339942 -0.005354 
3325 10.684932 0.000000 0.677414 19.455964 -0.057655 1.255555 -0.004789 
3326 10.778373 0.000000 0.764556 19.453782 -0.107876 1.336328 -0.005140 
3327 10.871815 0.000000 0.764556 19.451884 -0.108770 1.340142 -0.004972 
3328 10.871815 0.000000 0.677414 19.451680 -0.040250 1.268090 -0.004428 
3329 10.965257 0.000000 0.764556 19.451333 -0.112811 1.337538 -0.004900 
3330 11.058698 0.000000 0.764556 19.450706 -0.124996 1.257466 -0.004294 
3331 11.058698 0.000000 0.677414 19.450519 -0.062350 1.191380 -0.003816 
3332 11.152140 0.000000 0.764556 19.450025 -0.129884 1.349813 -0.004863 
3333 11.245582 0.000000 0.938840 19.448224 -0.125664 1.145503 -0.003328 
3334 11.245582 0.000000 0.851698 19.448469 -0.133886 1.270764 -0.004159 
3335 11.339023 0.000000 0.938840 19.448290 -0.125437 1.145357 -0.003333 
3336 11.432465 0.000000 0.938840 19.448185 -0.148012 1.135710 -0.003281 
3337 11.432465 0.000000 0.851698 19.448534 -0.131169 1.271633 -0.004169 
3338 11.525907 0.000000 0.938840 19.448335 -0.111207 1.121208 -0.003185 
3339 0.172742 0.000000 1.243838 18.660356 -0.007522 0.285173 0.079334 
3340 0.126021 0.000000 1.243838 18.743046 -0.006765 0.149769 0.071314 
3341 0.172742 0.000000 1.287409 18.781378 -0.006923 0.272783 0.067374 
3342 0.079300 0.000000 1.243838 18.828556 -0.006102 0.047389 0.062875 
3343 0.032580 0.000000 1.243838 18.917132 -0.005340 -0.027155 0.054041 
3344 0.079300 0.000000 1.287409 18.898987 -0.005644 0.076442 0.055841 
3345 1.294042 0.000000 1.069553 19.405206 0.022108 1.483699 -0.001220 
3346 1.340763 0.000000 1.069553 19.400704 0.020623 1.493241 -0.000833 
3347 1.294042 0.000000 1.113124 19.438931 0.020245 1.503408 -0.004838 
3348 1.387484 0.000000 1.069553 19.382930 0.019327 1.429757 0.001480 
3349 1.434205 0.000000 1.069553 19.305492 0.017925 1.292478 0.010388 
3350 1.387484 0.000000 1.113124 19.441706 0.019011 1.416182 -0.004450 
3351 1.294042 0.000000 1.156695 19.483590 0.019890 1.447028 -0.008993 
3352 1.340763 0.000000 1.156695 19.466397 0.018621 1.474736 -0.007437 
3353 1.294042 0.000000 1.200266 19.500278 0.019779 1.425302 -0.010548 
3354 1.480926 0.000000 1.069553 19.307874 0.017989 1.249732 0.010432 
3355 1.527646 0.000000 1.069553 19.297902 0.017474 1.241405 0.011504 
3356 1.480926 0.000000 1.113124 19.356345 0.015831 1.276528 0.005299 
3357 1.574367 0.000000 1.069553 19.247678 0.013373 1.102297 0.017484 
3358 1.621088 0.000000 1.069553 19.174407 0.015118 0.875616 0.026111 
3359 1.574367 0.000000 1.113124 19.294350 0.009983 1.111143 0.012677 
3360 1.294042 0.000000 1.243838 19.532394 0.019369 1.377786 -0.013509 
3361 1.340763 0.000000 1.243838 19.541111 0.018245 1.294450 -0.013821 
3362 1.294042 0.000000 1.287409 19.623795 0.017849 1.090191 -0.021093 
3363 1.854692 0.000000 1.069553 19.153099 0.010853 -0.512223 0.029603 
3364 1.807972 0.000000 1.069553 19.094287 0.013654 0.102720 0.036214 
3365 1.854692 0.000000 1.113124 19.194044 0.004098 -0.858302 0.024199 
3366 1.854692 0.000000 1.156695 19.282250 0.000844 -0.943757 0.014821 
3367 1.807972 0.000000 1.156695 19.346238 0.003608 -0.013052 0.010641 
3368 1.854692 0.000000 1.200266 19.411930 0.002686 -0.762941 0.002372 
3369 2.602226 0.000000 1.069553 19.428445 -0.062996 0.501181 0.001541 
3370 2.648947 0.000000 1.069553 19.430023 -0.069343 0.496673 0.001388 
3371 2.602226 0.000000 1.113124 19.421809 -0.061923 0.507284 0.002206 
3372 2.695668 0.000000 1.069553 19.431604 -0.064125 0.492647 0.001238 
3373 2.742388 0.000000 1.069553 19.432718 -0.064893 0.486516 0.001139 
3374 2.695668 0.000000 1.113124 19.426231 -0.062924 0.495755 0.001783 
3375 2.602226 0.000000 1.156695 19.416394 -0.031852 0.487014 0.002823 
3376 2.648947 0.000000 1.156695 19.419483 -0.032261 0.481653 0.002520 
3377 2.602226 0.000000 1.200266 19.410074 -0.046102 0.476995 0.003494 
3378 2.789109 0.000000 1.069553 19.434395 -0.065712 0.481073 0.000981 
3379 2.835830 0.000000 1.069553 19.435677 -0.066608 0.475957 0.000862 
3380 2.789109 0.000000 1.113124 19.429900 -0.070414 0.487219 0.001425 
3381 2.882551 0.000000 1.069553 19.437547 -0.050333 0.463736 0.000705 
3382 2.929272 0.000000 1.069553 19.438396 -0.058428 0.456126 0.000634 
3383 2.882551 0.000000 1.113124 19.432759 -0.072164 0.478353 0.001153 
1 11 62 60 61 
2 62 10 24 60 
3 60 24 14 63 
4 61 60 63 6 
5 24 66 64 65 
6 66 23 40 64 
7 64 40 27 67 
8 65 64 67 14 
9 40 70 68 69 
10 69 68 71 27 
11 6 63 92 93 
12 63 14 36 92 
13 92 36 19 94 
14 93 92 94 20 
15 14 67 95 96 
16 67 27 52 95 
17 95 52 35 97 
18 96 95 97 36 
19 27 71 98 99 
20 99 98 100 52 
21 12 112 110 111 
22 112 7 113 110 
23 110 113 13 25 
24 111 110 25 10 
25 25 116 114 115 
26 116 13 117 114 
27 114 117 26 41 
28 115 114 41 23 
29 41 120 118 119 
30 120 26 121 118 
31 118 121 42 57 
32 119 118 57 39 
33 39 124 122 123 
34 124 57 125 122 
35 122 125 55 81 
36 123 122 81 56 
37 81 128 126 127 
38 128 55 129 126 
39 57 146 145 125 
40 146 42 147 145 
41 145 147 58 89 
42 125 145 89 55 
43 55 149 148 129 
44 149 89 150 148 
45 126 170 168 169 
46 170 129 171 168 
47 168 171 82 142 
48 169 168 142 107 
49 142 174 172 173 
50 174 82 175 172 
51 172 175 143 165 
52 173 172 165 140 
53 165 188 186 187 
54 188 143 189 186 
55 68 193 191 192 
56 193 56 80 191 
57 191 80 43 194 
58 192 191 194 71 
59 80 197 195 196 
60 196 195 198 43 
61 140 209 207 208 
62 209 165 187 207 
63 187 221 219 220 
64 221 186 222 219 
65 219 222 190 223 
66 220 219 223 163 
67 207 229 227 228 
68 229 187 220 227 
69 227 220 163 230 
70 107 233 231 232 
71 233 142 173 231 
72 231 173 140 205 
73 232 231 205 141 
74 205 236 234 235 
75 236 140 208 234 
76 234 249 247 248 
77 249 208 250 247 
78 247 250 164 251 
79 248 247 251 237 
80 141 258 256 257 
81 258 205 235 256 
82 256 265 263 264 
83 265 235 266 263 
84 263 266 203 267 
85 264 263 267 259 
86 56 270 268 269 
87 270 81 127 268 
88 269 268 197 80 
89 127 273 271 272 
90 273 126 169 271 
91 271 169 107 201 
92 272 271 201 79 
93 201 276 274 275 
94 276 107 232 274 
95 274 232 141 254 
96 275 274 254 199 
97 254 279 277 278 
98 279 141 257 277 
99 197 283 281 282 
100 282 281 284 195 
101 199 291 289 290 
102 291 254 278 289 
103 289 302 300 301 
104 302 278 303 300 
105 300 303 252 304 
106 301 300 304 292 
107 79 307 305 306 
108 307 201 275 305 
109 305 275 199 287 
110 306 305 287 200 
111 287 310 308 309 
112 310 199 290 308 
113 71 194 312 313 
114 194 43 102 312 
115 312 102 76 314 
116 313 312 314 98 
117 43 198 315 316 
118 316 315 317 102 
119 195 284 318 319 
120 319 318 320 198 
121 285 311 324 325 
122 325 324 326 288 
123 308 329 327 328 
124 329 290 330 327 
125 327 330 253 331 
126 328 327 331 311 
127 281 334 332 333 
128 334 200 286 332 
129 332 286 106 335 
130 333 332 335 284 
131 200 338 336 337 
132 338 287 309 336 
133 337 336 339 286 
134 309 342 340 341 
135 342 308 328 340 
136 340 328 311 343 
137 341 340 343 285 
138 286 339 344 345 
139 339 285 325 344 
140 344 325 288 346 
141 345 344 346 106 
142 336 349 347 348 
143 349 309 341 347 
144 347 341 285 350 
145 348 347 350 339 
146 208 352 351 250 
147 352 207 228 351 
148 351 228 210 353 
149 250 351 353 164 
150 210 230 354 355 
151 230 163 356 354 
152 354 356 216 357 
153 355 354 357 224 
154 228 360 358 359 
155 360 227 361 358 
156 358 361 230 362 
157 359 358 362 210 
158 206 246 363 364 
159 363 365 212 366 
160 364 363 366 241 
161 244 369 367 368 
162 369 225 370 367 
163 367 370 144 371 
164 368 367 371 246 
165 245 374 372 373 
166 374 244 368 372 
167 372 368 246 375 
168 373 372 375 206 
169 204 380 378 379 
170 380 259 381 378 
171 378 381 260 382 
172 379 378 382 261 
173 280 385 383 384 
174 385 204 379 383 
175 383 379 261 386 
176 384 383 386 376 
177 398 401 393 402 
178 399 398 402 391 
179 198 320 403 404 
180 404 403 405 315 
181 318 408 406 407 
182 408 239 392 406 
183 406 392 83 409 
184 407 406 409 320 
185 239 412 410 411 
186 410 399 391 413 
187 411 410 413 392 
188 321 416 414 415 
189 416 294 417 414 
190 414 417 238 400 
191 415 414 400 323 
192 323 420 418 419 
193 420 400 421 418 
194 418 421 398 422 
195 419 418 422 399 
196 238 424 423 401 
197 424 295 425 423 
198 423 425 395 426 
199 401 423 426 393 
200 400 428 427 421 
201 428 238 429 427 
202 427 429 401 430 
203 421 427 430 398 
204 295 438 437 425 
205 438 160 439 437 
206 437 439 396 440 
207 240 397 441 442 
208 441 443 389 444 
209 442 441 444 387 
210 395 440 445 446 
211 440 396 447 445 
212 445 447 109 448 
213 446 445 448 397 
214 425 451 449 450 
215 451 437 452 449 
216 449 452 440 453 
217 450 449 453 395 
218 457 458 431 459 
219 443 457 459 389 
220 434 462 460 461 
221 462 435 463 460 
222 460 463 162 464 
223 461 460 464 436 
224 468 469 432 470 
225 458 468 470 431 
226 435 472 471 463 
227 472 454 473 471 
228 471 473 456 474 
229 162 474 475 476 
230 474 456 477 475 
231 475 477 468 478 
232 476 475 478 458 
233 463 481 479 480 
234 481 471 482 479 
235 479 482 474 483 
236 480 479 483 162 
237 485 181 486 484 
238 484 486 465 487 
239 469 484 487 432 
240 456 489 488 477 
241 489 59 490 488 
242 488 490 469 491 
243 477 488 491 468 
244 493 179 494 492 
245 492 494 181 485 
246 59 496 495 490 
247 496 485 497 495 
248 495 497 484 498 
249 490 495 498 469 
250 181 512 511 486 
251 511 513 466 514 
252 486 511 514 465 
253 179 525 524 494 
254 525 180 526 524 
255 524 526 139 512 
256 494 524 512 181 
257 139 528 527 513 
258 528 508 529 527 
259 527 529 507 530 
260 513 527 530 466 
261 512 533 531 532 
262 533 139 534 531 
263 531 534 513 535 
264 532 531 535 511 
265 508 541 540 529 
266 541 91 542 540 
267 540 542 509 543 
268 529 540 543 507 
269 91 548 547 542 
270 548 537 549 547 
271 547 549 536 550 
272 19 38 551 552 
273 38 21 553 551 
274 551 553 9 554 
275 552 551 554 22 
276 35 54 555 556 
277 54 37 557 555 
278 555 557 21 558 
279 556 555 558 38 
280 51 78 559 560 
281 78 53 561 559 
282 559 561 37 562 
283 560 559 562 54 
284 75 135 563 564 
285 135 77 565 563 
286 563 565 53 566 
287 564 563 566 78 
288 133 506 567 568 
289 506 134 569 567 
290 567 569 77 570 
291 568 567 570 135 
292 571 573 506 574 
293 572 571 574 133 
294 509 550 575 576 
295 550 536 577 575 
296 575 577 539 578 
297 576 575 578 177 
298 542 581 579 580 
299 581 547 582 579 
300 579 582 550 583 
301 580 579 583 509 
302 537 593 592 549 
303 593 504 594 592 
304 592 594 538 595 
305 549 592 595 536 
306 500 634 632 633 
307 634 613 635 632 
308 632 635 612 636 
309 633 632 636 586 
310 284 335 661 662 
311 335 106 322 661 
312 661 322 239 408 
313 662 661 408 318 
314 322 665 663 664 
315 665 321 415 663 
316 663 415 323 412 
317 664 663 412 239 
318 103 178 666 667 
319 178 133 568 666 
320 666 568 135 668 
321 667 666 668 75 
322 669 671 178 672 
323 670 669 672 103 
324 432 487 673 674 
325 487 465 675 673 
326 673 675 467 676 
327 76 104 677 678 
328 104 75 564 677 
329 677 564 78 679 
330 678 677 679 51 
331 101 158 680 681 
332 158 103 667 680 
333 680 667 75 682 
334 681 680 682 104 
335 683 670 103 685 
336 684 683 685 158 
337 431 470 686 687 
338 470 432 674 686 
339 686 674 157 688 
340 687 686 688 433 
341 157 676 689 690 
342 676 467 691 689 
343 689 691 669 692 
344 690 689 692 670 
345 674 695 693 694 
346 695 673 696 693 
347 693 696 676 697 
348 694 693 697 157 
349 698 572 133 699 
350 671 698 699 178 
351 467 701 700 691 
352 701 176 702 700 
353 700 702 671 703 
354 691 700 703 669 
355 705 510 706 704 
356 704 706 698 707 
357 702 704 707 671 
358 466 530 708 709 
359 530 507 710 708 
360 708 710 510 705 
361 709 708 705 176 
362 176 713 711 712 
363 713 705 714 711 
364 711 714 704 715 
365 712 711 715 702 
366 510 717 716 706 
367 717 177 718 716 
368 716 718 572 719 
369 706 716 719 698 
370 177 578 720 718 
371 578 539 721 720 
372 720 721 571 722 
373 718 720 722 572 
374 723 724 134 725 
375 573 723 725 506 
376 539 727 726 721 
377 727 503 728 726 
378 726 728 573 729 
379 721 726 729 571 
380 21 46 730 553 
381 46 28 731 730 
382 730 731 30 732 
383 553 730 732 9 
384 37 74 733 557 
385 74 44 734 733 
386 733 734 46 735 
387 557 733 735 21 
388 53 132 736 561 
389 132 72 737 736 
390 736 737 74 738 
391 561 736 738 37 
392 77 502 739 565 
393 502 130 740 739 
394 739 740 132 741 
395 565 739 741 53 
396 499 615 742 743 
397 615 501 744 742 
398 742 744 130 745 
399 743 742 745 502 
400 586 636 746 747 
401 636 612 748 746 
402 746 748 615 749 
403 747 746 749 499 
404 130 611 750 740 
405 611 131 751 750 
406 750 751 72 752 
407 740 750 752 132 
408 501 640 753 744 
409 640 608 754 753 
410 753 754 611 755 
411 744 753 755 130 
412 614 648 756 757 
413 648 637 758 756 
414 756 758 640 759 
415 757 756 759 501 
416 644 762 760 761 
417 762 647 763 760 
418 760 763 637 764 
419 761 760 764 648 
420 637 660 765 758 
421 660 639 766 765 
422 765 766 608 767 
423 758 765 767 640 
424 768 770 660 771 
425 763 768 771 637 
426 638 784 782 783 
427 784 658 785 782 
428 647 788 786 787 
429 786 789 768 790 
430 787 786 790 763 
431 646 796 794 795 
432 796 638 783 794 
433 794 783 647 762 
434 795 794 762 644 
435 783 799 797 798 
436 799 782 800 797 
437 797 800 769 788 
438 798 797 788 647 
439 657 806 805 770 
440 806 659 807 805 
441 805 807 639 808 
442 770 805 808 660 
443 769 810 809 789 
444 810 657 811 809 
445 809 811 770 812 
446 789 809 812 768 
447 788 815 813 814 
448 815 769 816 813 
449 813 816 789 817 
450 814 813 817 786 
451 412 820 818 819 
452 820 323 419 818 
453 818 419 399 821 
454 819 818 821 410 
455 190 830 828 829 
456 830 166 831 828 
457 828 831 217 832 
458 829 828 832 215 
459 129 834 833 171 
460 834 148 835 833 
461 833 835 137 152 
462 171 833 152 82 
463 82 837 836 175 
464 837 152 838 836 
465 836 838 151 183 
466 175 836 183 143 
467 143 840 839 189 
468 840 183 841 839 
469 166 843 842 831 
470 843 825 844 842 
471 842 844 824 845 
472 831 842 845 217 
473 183 858 857 841 
474 858 151 859 857 
475 182 862 860 861 
476 862 854 863 860 
477 860 863 853 864 
478 861 860 864 826 
479 865 866 180 525 
480 868 849 869 867 
481 867 869 852 870 
482 152 872 871 838 
483 872 137 873 871 
484 871 873 153 850 
485 838 871 850 151 
486 151 875 874 859 
487 875 850 876 874 
488 874 876 849 868 
489 184 879 877 878 
490 879 868 880 877 
491 877 880 867 881 
492 878 877 881 855 
493 849 887 886 869 
494 887 851 888 886 
495 886 888 136 889 
496 869 886 889 852 
497 89 891 890 150 
498 891 58 892 890 
499 900 901 521 902 
500 866 900 902 180 
501 882 905 903 904 
502 905 884 906 903 
503 903 906 522 907 
504 904 903 907 885 
505 908 909 523 910 
506 901 908 910 521 
507 884 912 911 906 
508 912 896 913 911 
509 911 913 899 914 
510 906 911 914 522 
511 893 926 925 917 
512 926 895 927 925 
513 925 927 518 928 
514 917 925 928 545 
515 929 930 544 931 
516 909 929 931 523 
517 915 934 932 933 
518 934 917 935 932 
519 932 935 545 936 
520 933 932 936 918 
521 895 940 939 927 
522 940 921 941 939 
523 939 941 924 942 
524 927 939 942 518 
525 7 944 943 113 
526 944 16 945 943 
527 943 945 15 32 
528 113 943 32 13 
529 13 947 946 117 
530 947 32 948 946 
531 946 948 31 48 
532 117 946 48 26 
533 26 950 949 121 
534 950 48 951 949 
535 949 951 47 85 
536 121 949 85 42 
537 42 953 952 147 
538 953 85 954 952 
539 952 954 84 516 
540 147 952 516 58 
541 58 956 955 892 
542 956 516 957 955 
543 921 963 962 941 
544 963 923 964 962 
545 962 964 520 965 
546 941 962 965 924 
547 923 970 969 964 
548 970 958 971 969 
549 969 971 961 972 
550 964 969 972 520 
551 958 978 977 971 
552 978 960 979 977 
553 977 979 919 980 
554 971 977 980 961 
555 919 986 984 985 
556 986 976 987 984 
557 984 987 981 988 
558 985 984 988 967 
559 516 993 992 957 
560 993 84 994 992 
561 996 630 997 995 
562 629 1000 998 999 
563 1000 990 1001 998 
564 998 1001 989 1002 
565 999 998 1002 982 
566 990 1007 1006 1001 
567 1007 628 1008 1006 
568 1006 1008 991 1009 
569 1001 1006 1009 989 
570 85 1011 1010 954 
571 1011 47 1012 1010 
572 1010 1012 86 626 
573 954 1010 626 84 
574 84 1014 1013 994 
575 1014 626 1015 1013 
576 1013 1015 625 642 
577 517 1018 1016 1017 
578 1018 642 1019 1016 
579 1016 1019 641 793 
580 1017 1016 793 631 
581 631 1022 1020 1021 
582 1022 793 1023 1020 
583 1020 1023 791 1024 
584 1021 1020 1024 792 
585 642 1026 1025 1019 
586 1026 625 1027 1025 
587 641 1030 1028 1029 
588 1030 780 1031 1028 
589 1028 1031 778 1032 
590 1029 1028 1032 779 
591 626 1045 1044 1015 
592 1045 86 1046 1044 
593 1044 1046 627 776 
594 1015 1044 776 625 
595 776 1049 1047 1048 
596 1049 627 1050 1047 
597 775 1053 1051 1052 
598 1053 1041 1054 1051 
599 1051 1054 1040 1055 
600 1052 1051 1055 1035 
601 48 1080 1079 951 
602 1080 31 1081 1079 
603 1079 1081 49 623 
604 951 1079 623 47 
605 47 1083 1082 1012 
606 1083 623 1084 1082 
607 1082 1084 622 773 
608 1012 1082 773 86 
609 86 1086 1085 1046 
610 1086 773 1087 1085 
611 1085 1087 772 1037 
612 1046 1085 1037 627 
613 1037 1090 1088 1089 
614 1090 772 1091 1088 
615 1098 1099 651 1100 
616 1107 1038 1108 1105 
617 1105 1108 1077 1109 
618 1036 1112 1110 1111 
619 1111 1110 1113 1061 
620 1039 1078 1114 1115 
621 1078 650 1116 1114 
622 1114 1116 1057 1117 
623 1115 1114 1117 1056 
624 1075 1109 1118 1119 
625 1109 1077 1120 1118 
626 1118 1120 650 1121 
627 1119 1118 1121 1078 
628 1124 1105 1125 1122 
629 1122 1125 1109 1126 
630 1123 1122 1126 1075 
631 1061 1113 1127 1128 
632 1113 1075 1119 1127 
633 1127 1119 1078 1129 
634 1128 1127 1129 1039 
635 1110 1132 1130 1131 
636 1132 1106 1123 1130 
637 1130 1123 1075 1133 
638 1131 1130 1133 1113 
639 773 1135 1134 1087 
640 1135 622 1136 1134 
641 1134 1136 774 1072 
642 1087 1134 1072 772 
643 772 1138 1137 1091 
644 1138 1072 1139 1137 
645 1088 1142 1140 1141 
646 1142 1091 1143 1140 
647 1140 1143 1038 1107 
648 1141 1140 1107 1076 
649 1076 1146 1144 1145 
650 1146 1107 1147 1144 
651 1144 1147 1105 1124 
652 1145 1144 1124 1106 
653 1106 1150 1148 1149 
654 1150 1124 1151 1148 
655 1148 1151 1122 1152 
656 1149 1148 1152 1123 
657 1196 1199 1180 1200 
658 1197 1196 1200 1177 
659 1212 1215 1199 1216 
660 1213 1212 1216 1196 
661 1224 1197 1177 1227 
662 1225 1224 1227 1178 
663 1228 1213 1196 1231 
664 1229 1228 1231 1197 
665 1204 1237 1235 1236 
666 1237 1207 1238 1235 
667 1235 1238 1154 1214 
668 1236 1235 1214 1198 
669 1198 1241 1239 1240 
670 1241 1214 1242 1239 
671 1239 1242 1212 1243 
672 1240 1239 1243 1213 
673 1256 1259 1210 1260 
674 1257 1256 1260 1208 
675 1274 1277 1254 1278 
676 1275 1274 1278 1252 
677 1271 1292 1290 1291 
678 1292 1249 1293 1290 
679 1290 1293 1272 1294 
680 1291 1290 1294 1270 
681 1287 1307 1305 1306 
682 1327 1283 1328 1325 
683 1325 1328 1303 1329 
684 28 599 1333 731 
685 599 29 1334 1333 
686 1333 1334 3 1335 
687 731 1333 1335 30 
688 596 1172 1336 1337 
689 1172 598 1338 1336 
690 1336 1338 29 1339 
691 1337 1336 1339 599 
692 1155 1247 1340 1341 
693 1247 1169 1342 1340 
694 1340 1342 1172 1343 
695 1341 1340 1343 596 
696 1175 1285 1344 1345 
697 1285 1244 1346 1344 
698 1344 1346 1247 1347 
699 1345 1344 1347 1155 
700 1250 1304 1348 1349 
701 1304 1282 1350 1348 
702 1348 1350 1285 1351 
703 1349 1348 1351 1175 
704 1301 1329 1352 1353 
705 1329 1303 1354 1352 
706 1352 1354 1282 1355 
707 1353 1352 1355 1304 
708 1358 1325 1359 1356 
709 1356 1359 1329 1360 
710 1357 1356 1360 1301 
711 1403 1073 1404 1402 
712 1402 1404 605 1405 
713 1406 1407 1095 1408 
714 1099 1406 1408 651 
715 1073 1410 1409 1404 
716 1410 1398 1411 1409 
717 1409 1411 1401 1412 
718 1404 1409 1412 605 
719 1398 1422 1421 1411 
720 1422 1400 1423 1421 
721 1421 1423 1070 1424 
722 1411 1421 1424 1401 
723 1425 1426 1092 1427 
724 1428 1429 1096 1430 
725 1407 1428 1430 1095 
726 1400 1432 1431 1423 
727 1432 1417 1433 1431 
728 1431 1433 1420 1434 
729 1423 1431 1434 1070 
730 1417 1440 1439 1433 
731 1440 1419 1441 1439 
732 1439 1441 34 1442 
733 1433 1439 1442 1420 
734 1443 1444 1425 1445 
735 1429 1443 1445 1096 
736 1464 1465 1093 1466 
737 1426 1464 1466 1092 
738 1467 1468 1426 1469 
739 1444 1467 1469 1425 
740 1490 1491 1464 1492 
741 1468 1490 1492 1426 
742 1498 1499 1217 1500 
743 1465 1498 1500 1093 
744 1501 1502 1465 1503 
745 1491 1501 1503 1464 
746 1524 1525 1498 1526 
747 1502 1524 1526 1465 
748 1508 1529 1527 1528 
749 1529 1510 1530 1527 
750 1534 1535 1499 1536 
751 1525 1534 1536 1498 
752 1510 1538 1537 1530 
753 1538 1520 1539 1537 
754 1520 1546 1545 1539 
755 1546 1522 1547 1545 
756 1555 1556 1532 1557 
757 1535 1555 1557 1499 
758 1541 1560 1558 1559 
759 1560 1543 1561 1558 
760 1558 1561 1519 1562 
761 1559 1558 1562 1544 
762 1563 1566 1220 1567 
763 1564 1563 1567 1221 
764 1568 1564 1221 1569 
765 1556 1568 1569 1532 
766 1573 1576 1563 1577 
767 1574 1573 1577 1564 
768 1578 1225 1178 1580 
769 1566 1578 1580 1220 
770 1584 1587 1578 1588 
771 1585 1584 1588 1566 
772 1591 1594 1224 1595 
773 1592 1591 1595 1225 
774 1596 1229 1197 1598 
775 1594 1596 1598 1224 
776 1599 1600 211 1601 
777 365 1599 1601 212 
778 1602 1603 213 1604 
779 1600 1602 1604 211 
780 167 1607 1605 1606 
781 1607 218 1608 1605 
782 1605 1608 1602 1609 
783 1606 1605 1609 1600 
784 1610 1611 822 1612 
785 1603 1610 1612 213 
786 218 1614 1613 1608 
787 1614 108 1615 1613 
788 1613 1615 1603 1616 
789 1608 1613 1616 1602 
790 1617 1618 823 1619 
791 1611 1617 1619 822 
792 870 852 1621 1620 
793 1620 1621 865 1622 
794 1618 1620 1622 823 
795 852 889 1623 1621 
796 889 136 1624 1623 
797 1623 1624 866 1625 
798 1621 1623 1625 865 
799 136 1627 1626 1624 
800 1627 885 1628 1626 
801 1626 1628 900 1629 
802 1624 1626 1629 866 
803 899 1632 1630 1631 
804 1632 138 1633 1630 
805 1630 1633 909 1634 
806 1631 1630 1634 908 
807 545 928 1635 930 
808 928 518 1636 1635 
809 1635 1636 546 1637 
810 930 1635 1637 544 
811 942 924 1639 1638 
812 1638 1639 937 1640 
813 1636 1638 1640 546 
814 518 1643 1641 1642 
815 1643 942 1644 1641 
816 1641 1644 1638 1645 
817 1642 1641 1645 1636 
818 924 965 1646 1639 
819 965 520 1647 1646 
820 1646 1647 938 1648 
821 1639 1646 1648 937 
822 961 980 1649 1650 
823 980 919 985 1649 
824 1649 985 967 1651 
825 1650 1649 1651 966 
826 976 1653 1652 987 
827 1653 629 999 1652 
828 1652 999 982 1654 
829 987 1652 1654 981 
830 630 1656 1655 997 
831 1656 517 1017 1655 
832 1655 1017 631 1004 
833 628 1658 1657 1008 
834 1658 1004 1659 1657 
835 1657 1659 1003 1660 
836 1008 1657 1660 991 
837 1004 1662 1661 1659 
838 1662 631 1021 1661 
839 1661 1021 792 1663 
840 1659 1661 1663 1003 
841 793 1665 1664 1023 
842 1665 641 1029 1664 
843 1664 1029 779 1666 
844 1023 1664 1666 791 
845 780 1668 1667 1031 
846 1668 643 1669 1667 
847 1667 1669 781 1670 
848 1031 1667 1670 778 
849 625 1672 1671 1027 
850 1672 776 1048 1671 
851 643 1674 1673 1669 
852 1674 1034 1675 1673 
853 1673 1675 1033 1676 
854 1669 1673 1676 781 
855 1034 1678 1677 1675 
856 1678 775 1052 1677 
857 1677 1052 1035 1679 
858 1675 1677 1679 1033 
859 1041 1681 1680 1054 
860 1681 777 1682 1680 
861 1680 1682 1042 1683 
862 1054 1680 1683 1040 
863 627 1685 1684 1050 
864 1685 1037 1089 1684 
865 777 1687 1686 1682 
866 1687 1060 1688 1686 
867 1686 1688 1059 1689 
868 1682 1686 1689 1042 
869 1060 1691 1690 1688 
870 1691 1036 1111 1690 
871 1690 1111 1061 1692 
872 1688 1690 1692 1059 
873 1038 1694 1693 1108 
874 1694 1102 1695 1693 
875 1693 1695 1101 1696 
876 1108 1693 1696 1077 
877 1102 1698 1697 1695 
878 1698 1071 1699 1697 
879 1695 1697 1700 1101 
880 1072 1702 1701 1139 
881 1702 774 1703 1701 
882 1701 1703 1073 1403 
883 1071 1705 1704 1699 
884 1705 1403 1706 1704 
885 1704 1706 1402 1707 
886 1699 1704 1707 1103 
887 650 1104 1708 1116 
888 1104 1074 1709 1708 
889 1708 1709 1098 1710 
890 1116 1708 1710 1057 
891 1101 1700 1711 1712 
892 1700 1103 1713 1711 
893 1711 1713 1074 1714 
894 1712 1711 1714 1104 
895 1697 1717 1715 1716 
896 1717 1699 1718 1715 
897 1715 1718 1103 1719 
898 1716 1715 1719 1700 
899 34 1449 1720 1721 
900 1449 1438 1722 1720 
901 1720 1722 1443 1723 
902 1721 1720 1723 1429 
903 1441 1726 1724 1725 
904 1726 1446 1727 1724 
905 1724 1727 1449 1728 
906 1725 1724 1728 34 
907 1446 1730 1729 1727 
908 1730 1448 1731 1729 
909 1729 1731 1438 1732 
910 1727 1729 1732 1449 
911 1438 1463 1733 1722 
912 1463 1416 1734 1733 
913 1733 1734 1444 1735 
914 1722 1733 1735 1443 
915 1448 1737 1736 1731 
916 1737 1460 1738 1736 
917 1736 1738 1463 1739 
918 1731 1736 1739 1438 
919 1460 1741 1740 1738 
920 1740 1742 1416 1743 
921 1738 1740 1743 1463 
922 32 1745 1744 948 
923 1745 15 1746 1744 
924 1744 1746 33 620 
925 948 1744 620 31 
926 31 1748 1747 1081 
927 1748 620 1749 1747 
928 1747 1749 619 1064 
929 1081 1747 1064 49 
930 49 1752 1750 1751 
931 1752 1064 1753 1750 
932 1750 1753 1063 1414 
933 1751 1750 1414 624 
934 624 1756 1754 1755 
935 1756 1414 1757 1754 
936 1754 1757 1413 1436 
937 1755 1754 1436 1069 
938 1436 1760 1758 1759 
939 1760 1413 1761 1758 
940 1758 1761 1437 1461 
941 1759 1758 1461 1435 
942 1461 1764 1762 1763 
943 1764 1437 1765 1762 
944 1762 1765 1462 1741 
945 1763 1762 1741 1460 
946 1416 1473 1766 1734 
947 1473 1459 1767 1766 
948 1766 1767 1467 1768 
949 1734 1766 1768 1444 
950 1462 1770 1769 1742 
951 1770 1470 1771 1769 
952 1769 1771 1473 1772 
953 1742 1769 1772 1416 
954 1741 1775 1773 1774 
955 1775 1462 1776 1773 
956 1773 1776 1742 1777 
957 1774 1773 1777 1740 
958 1470 1779 1778 1771 
959 1779 1472 1780 1778 
960 1778 1780 1459 1781 
961 1771 1778 1781 1473 
962 1459 1481 1782 1767 
963 1481 1066 1783 1782 
964 1782 1783 1468 1784 
965 1767 1782 1784 1467 
966 1472 1786 1785 1780 
967 1786 1478 1787 1785 
968 1785 1787 1481 1788 
969 1780 1785 1788 1459 
970 1478 1793 1792 1787 
971 1793 1480 1794 1792 
972 1792 1794 1066 1795 
973 1787 1792 1795 1481 
974 1066 1791 1796 1783 
975 1791 1477 1797 1796 
976 1796 1797 1490 1798 
977 1783 1796 1798 1468 
978 1480 1800 1799 1794 
979 1800 1789 1801 1799 
980 1799 1801 1791 1802 
981 1794 1799 1802 1066 
982 1477 1497 1803 1797 
983 1497 1455 1804 1803 
984 1803 1804 1491 1805 
985 1797 1803 1805 1490 
986 1494 1808 1806 1807 
987 1808 1493 1809 1806 
988 1806 1809 1497 1810 
989 1807 1806 1810 1477 
990 1493 1812 1811 1809 
991 1812 1496 1813 1811 
992 1811 1813 1455 1814 
993 1809 1811 1814 1497 
994 1455 1507 1815 1804 
995 1507 1489 1816 1815 
996 1815 1816 1501 1817 
997 1804 1815 1817 1491 
998 1496 1819 1818 1813 
999 1819 1504 1820 1818 
1000 1818 1820 1507 1821 
1001 1813 1818 1821 1455 
1002 1504 1823 1822 1820 
1003 1823 1506 1824 1822 
1004 1822 1824 1489 1825 
1005 1820 1822 1825 1507 
1006 1489 1515 1829 1816 
1007 1515 601 1830 1829 
1008 1829 1830 1502 1831 
1009 1816 1829 1831 1501 
1010 1512 1834 1832 1833 
1011 1834 1514 1835 1832 
1012 1832 1835 601 1836 
1013 1833 1832 1836 1515 
1014 601 1828 1837 1830 
1015 1828 1511 1838 1837 
1016 1837 1838 1524 1839 
1017 1830 1837 1839 1502 
1018 1514 1841 1840 1835 
1019 1841 1826 1842 1840 
1020 1840 1842 1828 1843 
1021 1835 1840 1843 601 
1022 1511 1531 1844 1838 
1023 1531 1485 1845 1844 
1024 1844 1845 1525 1846 
1025 1838 1844 1846 1524 
1026 1528 1849 1847 1848 
1027 1849 1527 1850 1847 
1028 1847 1850 1531 1851 
1029 1848 1847 1851 1511 
1030 1527 1853 1852 1850 
1031 1853 1530 1854 1852 
1032 1852 1854 1485 1855 
1033 1850 1852 1855 1531 
1034 1485 1540 1856 1845 
1035 1540 1523 1857 1856 
1036 1856 1857 1534 1858 
1037 1845 1856 1858 1525 
1038 1530 1860 1859 1854 
1039 1860 1537 1861 1859 
1040 1859 1861 1540 1862 
1041 1854 1859 1862 1485 
1042 1523 1548 1863 1857 
1043 1548 1218 1864 1863 
1044 1863 1864 1535 1865 
1045 1857 1863 1865 1534 
1046 1539 1868 1866 1867 
1047 1868 1545 1869 1866 
1048 1866 1869 1548 1870 
1049 1867 1866 1870 1523 
1050 1522 1872 1871 1547 
1051 1872 1541 1559 1871 
1052 1871 1559 1544 1873 
1053 1547 1871 1873 1218 
1054 1545 1875 1874 1869 
1055 1875 1547 1876 1874 
1056 1874 1876 1218 1877 
1057 1869 1874 1877 1548 
1058 1519 1880 1878 1879 
1059 1880 1554 1881 1878 
1060 1878 1881 1568 1882 
1061 1879 1878 1882 1556 
1062 1554 1884 1883 1881 
1063 1883 1574 1564 1885 
1064 1881 1883 1885 1568 
1065 1551 1888 1886 1887 
1066 1888 1553 1889 1886 
1067 1886 1889 18 1884 
1068 1887 1886 1884 1554 
1069 1884 1892 1890 1891 
1070 1892 18 1893 1890 
1071 1890 1893 1574 1894 
1072 1891 1890 1894 1883 
1073 1553 1896 1895 1889 
1074 1896 1570 1897 1895 
1075 1895 1897 1565 1575 
1076 1889 1895 1575 18 
1077 1898 1585 1566 1900 
1078 1576 1898 1900 1563 
1079 1575 1903 1901 1902 
1080 1903 1565 1904 1901 
1081 1901 1904 1576 1905 
1082 1902 1901 1905 1573 
1083 1570 1907 1906 1897 
1084 1907 1572 1908 1906 
1085 1906 1908 1222 1899 
1086 1897 1906 1899 1565 
1087 1899 1911 1909 1910 
1088 1911 1222 1912 1909 
1089 1909 1912 1585 1913 
1090 1910 1909 1913 1898 
1091 1572 1915 1914 1908 
1092 1915 1581 1916 1914 
1093 1914 1916 1579 1586 
1094 1908 1914 1586 1222 
1095 1222 1918 1917 1912 
1096 1918 1586 1919 1917 
1097 1917 1919 1584 1920 
1098 1912 1917 1920 1585 
1099 1921 1592 1225 1923 
1100 1587 1921 1923 1578 
1101 1581 1925 1924 1916 
1102 1925 1583 1926 1924 
1103 1924 1926 1162 1922 
1104 1916 1924 1922 1579 
1105 1579 1929 1927 1928 
1106 1929 1922 1930 1927 
1107 1927 1930 1921 1931 
1108 1928 1927 1931 1587 
1109 1583 1933 1932 1926 
1110 1933 1589 1934 1932 
1111 1932 1934 1226 1593 
1112 1926 1932 1593 1162 
1113 1162 1937 1935 1936 
1114 1937 1593 1938 1935 
1115 1935 1938 1591 1939 
1116 1936 1935 1939 1592 
1117 1593 1941 1940 1938 
1118 1941 1226 1942 1940 
1119 1940 1942 1594 1943 
1120 1938 1940 1943 1591 
1121 1589 1945 1944 1934 
1122 1945 1205 1946 1944 
1123 1944 1946 1179 1597 
1124 1934 1944 1597 1226 
1125 1597 1949 1947 1948 
1126 1949 1179 1950 1947 
1127 1947 1950 1229 1951 
1128 1948 1947 1951 1596 
1129 1205 1953 1952 1946 
1130 1953 1204 1236 1952 
1131 1952 1236 1198 1230 
1132 1946 1952 1230 1179 
1133 1230 1956 1954 1955 
1134 1956 1198 1240 1954 
1135 1954 1240 1213 1957 
1136 1955 1954 1957 1228 
1137 1958 1257 1208 1960 
1138 1215 1958 1960 1199 
1139 1214 1962 1961 1242 
1140 1962 1154 1963 1961 
1141 1961 1963 1215 1964 
1142 1242 1961 1964 1212 
1143 1207 1966 1965 1238 
1144 1966 1232 1967 1965 
1145 1965 1967 1209 1959 
1146 1238 1965 1959 1154 
1147 1959 1970 1968 1969 
1148 1970 1209 1971 1968 
1149 1968 1971 1257 1972 
1150 1969 1968 1972 1958 
1151 1232 1974 1973 1967 
1152 1974 1234 1975 1973 
1153 1973 1975 1193 1258 
1154 1967 1973 1258 1209 
1155 1976 1275 1252 1978 
1156 1259 1976 1978 1210 
1157 1258 1981 1979 1980 
1158 1981 1193 1982 1979 
1159 1979 1982 1259 1983 
1160 1980 1979 1983 1256 
1161 1234 1985 1984 1975 
1162 1985 1267 1986 1984 
1163 1984 1986 1253 1977 
1164 1975 1984 1977 1193 
1165 1193 1988 1987 1982 
1166 1988 1977 1989 1987 
1167 1987 1989 1976 1990 
1168 1982 1987 1990 1259 
1169 1267 1992 1991 1986 
1170 1992 1269 1993 1991 
1171 1991 1993 1174 1276 
1172 1986 1991 1276 1253 
1173 1253 1996 1994 1995 
1174 1996 1276 1997 1994 
1175 1994 1997 1274 1998 
1176 1995 1994 1998 1275 
1177 2000 1271 1291 1999 
1178 1999 1291 1270 2001 
1179 1277 1999 2001 1254 
1180 1269 2003 2002 1993 
1181 2003 1279 2004 2002 
1182 2002 2004 1271 2000 
1183 1993 2002 2000 1174 
1184 1174 2007 2005 2006 
1185 2007 2000 2008 2005 
1186 2005 2008 1999 2009 
1187 2006 2005 2009 1277 
1188 1249 2011 2010 1293 
1189 2011 1287 1306 2010 
1190 45 1156 2013 2014 
1191 1156 596 1337 2013 
1192 2013 1337 599 2015 
1193 2014 2013 2015 28 
1194 1153 1176 2016 2017 
1195 1176 1155 1341 2016 
1196 2016 1341 596 2018 
1197 2017 2016 2018 1156 
1198 1173 1251 2019 2020 
1199 1251 1175 1345 2019 
1200 2019 1345 1155 2021 
1201 2020 2019 2021 1176 
1202 1248 1289 2022 2023 
1203 1289 1250 1349 2022 
1204 2022 1349 1175 2024 
1205 2023 2022 2024 1251 
1206 1272 2012 2025 2026 
1207 2012 1286 2027 2025 
1208 2025 2027 1289 2028 
1209 2026 2025 2028 1248 
1210 1293 2031 2029 2030 
1211 2031 2010 2032 2029 
1212 2029 2032 2012 2033 
1213 2030 2029 2033 1272 
1214 1286 1309 2034 2027 
1215 1309 1288 2035 2034 
1216 2034 2035 1250 2036 
1217 2027 2034 2036 1289 
1218 1306 2039 2037 2038 
1219 2039 1305 2040 2037 
1220 2037 2040 1309 2041 
1221 2038 2037 2041 1286 
1222 1288 1332 2042 2035 
1223 1332 1301 1353 2042 
1224 2042 1353 1304 2043 
1225 2035 2042 2043 1250 
1226 1308 2046 2044 2045 
1227 2046 1330 2047 2044 
1228 2044 2047 1332 2048 
1229 2045 2044 2048 1288 
1230 1330 2050 2049 2047 
1231 2050 1326 1357 2049 
1232 2049 1357 1301 2051 
1233 2047 2049 2051 1332 
1234 1310 2057 2055 2056 
1235 2057 1312 2058 2055 
1236 2055 2058 1283 1327 
1237 2056 2055 1327 1302 
1238 1302 2061 2059 2060 
1239 2061 1327 2062 2059 
1240 2059 2062 1325 1358 
1241 2060 2059 1358 1326 
1242 1326 2065 2063 2064 
1243 2065 1358 2066 2063 
1244 2063 2066 1356 2067 
1245 2064 2063 2067 1357 
1246 1283 2069 2068 1328 
1247 2069 1322 2070 2068 
1248 2068 2070 1321 2071 
1249 1328 2068 2071 1303 
1250 1322 2073 2072 2070 
1251 2073 1245 2074 2072 
1252 2072 2074 1323 2075 
1253 2070 2072 2075 1321 
1254 2077 1364 2078 2076 
1255 1245 2080 2079 2074 
1256 2080 1368 2081 2079 
1257 2074 2079 2082 1323 
1258 1368 2087 2086 2081 
1259 2087 1318 2088 2086 
1260 1244 1320 2090 1346 
1261 1320 1246 2091 2090 
1262 2090 2091 1169 2092 
1263 1346 2090 2092 1247 
1264 1284 1370 2093 2094 
1265 1370 1317 2095 2093 
1266 2093 2095 1320 2096 
1267 2094 2093 2096 1244 
1268 1323 2082 2097 2098 
1269 2082 1367 2099 2097 
1270 2097 2099 1370 2100 
1271 2098 2097 2100 1284 
1272 2079 2103 2101 2102 
1273 2103 2081 2104 2101 
1274 2101 2104 1367 2105 
1275 2102 2101 2105 2082 
1276 1364 2107 2106 2078 
1277 2107 1366 2108 2106 
1278 2106 2108 1170 2084 
1279 1318 2110 2109 2088 
1280 2110 2084 2111 2109 
1281 2109 2111 2083 2112 
1282 2088 2109 2112 1369 
1283 1367 2089 2113 2099 
1284 2089 1369 2114 2113 
1285 2113 2114 1317 2115 
1286 2099 2113 2115 1370 
1287 2086 2118 2116 2117 
1288 2118 2088 2119 2116 
1289 2116 2119 1369 2120 
1290 2117 2116 2120 2089 
1291 2084 2122 2121 2111 
1292 2122 1170 2123 2121 
1293 2121 2123 1379 2124 
1294 2111 2121 2124 2083 
1295 1366 2126 2125 2108 
1296 2126 1375 2127 2125 
1297 2125 2127 1372 1380 
1298 2108 2125 1380 1170 
1299 1170 2129 2128 2123 
1300 2129 1380 2130 2128 
1301 2128 2130 1378 2131 
1302 2123 2128 2131 1379 
1303 1375 2133 2132 2127 
1304 2133 1377 2134 2132 
1305 2132 2134 1314 1388 
1306 2127 2132 1388 1372 
1307 1372 2137 2135 2136 
1308 2137 1388 2138 2135 
1309 2135 2138 1387 2139 
1310 1380 2141 2140 2130 
1311 2141 1372 2136 2140 
1312 2140 2136 1381 2142 
1313 2130 2140 2142 1378 
1314 1169 1316 2143 1342 
1315 1316 1171 2144 2143 
1316 2143 2144 598 2145 
1317 1342 2143 2145 1172 
1318 1246 1374 2146 2091 
1319 1374 1313 2147 2146 
1320 2146 2147 1316 2148 
1321 2091 2146 2148 1169 
1322 1371 1390 2149 2150 
1323 1390 1373 2151 2149 
1324 2149 2151 1313 2152 
1325 2150 2149 2152 1374 
1326 1381 2139 2153 2154 
1327 2139 1387 2155 2153 
1328 2153 2155 1390 2156 
1329 2154 2153 2156 1371 
1330 2136 2159 2157 2158 
1331 2159 2135 2160 2157 
1332 2157 2160 2139 2161 
1333 2158 2157 2161 1381 
1334 1388 2163 2162 2138 
1335 2163 1314 2164 2162 
1336 2162 2164 1389 2165 
1337 2138 2162 2165 1387 
1338 1377 2167 2166 2134 
1339 2167 1391 2168 2166 
1340 2166 2168 1384 1395 
1341 2134 2166 1395 1314 
1342 1314 2170 2169 2164 
1343 2170 1395 2171 2169 
1344 2169 2171 1394 2172 
1345 2164 2169 2172 1389 
1346 1395 2178 2177 2171 
1347 2178 1384 2179 2177 
1348 2177 2179 1396 2180 
1349 2171 2177 2180 1394 
1350 1391 2182 2181 2168 
1351 2182 1393 2183 2181 
1352 2181 2183 8 2174 
1353 2168 2181 2174 1384 
1354 1384 2185 2184 2179 
1355 2185 2174 2186 2184 
1356 2179 2184 2187 1396 
1357 2174 2189 2188 2186 
1358 2189 8 2190 2188 
1359 2188 2190 2175 2191 
1360 2186 2188 2191 2173 
1361 1313 1386 2192 2147 
1362 1386 1315 2193 2192 
1363 2192 2193 1171 2194 
1364 2147 2192 2194 1316 
1365 1383 2176 2195 2196 
1366 2176 1385 2197 2195 
1367 2195 2197 1315 2198 
1368 2196 2195 2198 1386 
1369 1396 2187 2199 2200 
1370 2187 2173 2201 2199 
1371 2199 2201 2176 2202 
1372 2200 2199 2202 1383 
1373 2184 2205 2203 2204 
1374 2205 2186 2206 2203 
1375 2203 2206 2173 2207 
1376 2204 2203 2207 2187 
1377 1 2210 2208 2209 
1378 2210 12 111 2208 
1379 2208 111 10 62 
1380 2209 2208 62 11 
1381 16 2212 2211 945 
1382 2212 2 2213 2211 
1383 2211 2213 17 617 
1384 945 2211 617 15 
1385 20 94 2214 2215 
1386 94 19 552 2214 
1387 2214 552 22 2216 
1388 2215 2214 2216 4 
1389 10 2219 2217 2218 
1390 2219 25 115 2217 
1391 2217 115 23 66 
1392 2218 2217 66 24 
1393 36 97 2220 2221 
1394 97 35 556 2220 
1395 2220 556 38 2222 
1396 2221 2220 2222 19 
1397 23 2225 2223 2224 
1398 2225 41 119 2223 
1399 2223 119 39 70 
1400 2224 2223 70 40 
1401 44 603 2226 734 
1402 603 45 2014 2226 
1403 2226 2014 28 2227 
1404 734 2226 2227 46 
1405 52 100 2228 2229 
1406 100 51 560 2228 
1407 2228 560 54 2230 
1408 2229 2228 2230 35 
1409 70 2233 2231 2232 
1410 2233 39 123 2231 
1411 2231 123 56 193 
1412 2232 2231 193 68 
1413 72 607 2234 737 
1414 607 73 2235 2234 
1415 2234 2235 44 2236 
1416 737 2234 2236 74 
1417 98 314 2237 2238 
1418 314 76 678 2237 
1419 2237 678 51 2239 
1420 2238 2237 2239 100 
1421 102 317 2240 2241 
1422 317 101 681 2240 
1423 2240 681 104 2242 
1424 2241 2240 2242 76 
1425 148 2244 2243 835 
1426 2244 150 2245 2243 
1427 2243 2245 88 847 
1428 835 2243 847 137 
1429 2246 684 158 2248 
1430 2247 2246 2248 101 
1431 186 2250 2249 222 
1432 2250 189 2251 2249 
1433 2249 2251 166 830 
1434 222 2249 830 190 
1435 163 223 2252 356 
1436 223 190 829 2252 
1437 2252 829 215 2253 
1438 356 2252 2253 216 
1439 215 832 2254 2255 
1440 832 217 2256 2254 
1441 2254 2256 108 1614 
1442 2255 2254 1614 218 
1443 216 2253 2257 2258 
1444 2253 215 2255 2257 
1445 2257 2255 218 1607 
1446 2258 2257 1607 167 
1447 164 353 2259 2260 
1448 353 210 355 2259 
1449 2259 355 224 2261 
1450 2260 2259 2261 225 
1451 224 357 2262 2263 
1452 357 216 2258 2262 
1453 2262 2258 167 2264 
1454 2263 2262 2264 226 
1455 225 2261 2265 370 
1456 2261 224 2263 2265 
1457 2265 2263 226 2266 
1458 370 2265 2266 144 
1459 235 2268 2267 266 
1460 2268 234 248 2267 
1461 2267 248 237 2269 
1462 266 2267 2269 203 
1463 105 262 2270 2271 
1464 262 206 364 2270 
1465 2270 364 241 2272 
1466 2271 2270 2272 242 
1467 203 2269 2273 2274 
1468 2269 237 2275 2273 
1469 2273 2275 244 374 
1470 2274 2273 374 245 
1471 237 251 2276 2275 
1472 251 164 2260 2276 
1473 2276 2260 225 369 
1474 2275 2276 369 244 
1475 257 2279 2277 2278 
1476 2279 256 264 2277 
1477 2277 264 259 380 
1478 2278 2277 380 204 
1479 259 267 2280 381 
1480 267 203 2274 2280 
1481 2280 2274 245 2281 
1482 381 2280 2281 260 
1483 260 2281 2282 2283 
1484 2281 245 373 2282 
1485 2282 373 206 2284 
1486 2283 2282 2284 262 
1487 261 382 2285 2286 
1488 382 260 2283 2285 
1489 2285 2283 262 2287 
1490 2286 2285 2287 105 
1491 268 2290 2288 2289 
1492 2290 127 272 2288 
1493 2288 272 79 283 
1494 2289 2288 283 197 
1495 277 2293 2291 2292 
1496 2293 257 2278 2291 
1497 2291 2278 204 385 
1498 2292 2291 385 280 
1499 278 2295 2294 303 
1500 2295 277 2292 2294 
1501 2294 2292 280 2296 
1502 303 2294 2296 252 
1503 283 2299 2297 2298 
1504 2299 79 306 2297 
1505 2297 306 200 334 
1506 2298 2297 334 281 
1507 290 2301 2300 330 
1508 2301 289 301 2300 
1509 2300 301 292 2302 
1510 330 2300 2302 253 
1511 255 377 2303 2304 
1512 377 105 2271 2303 
1513 2303 2271 242 2305 
1514 2304 2303 2305 293 
1515 293 2305 2306 2307 
1516 2305 242 2308 2306 
1517 2306 2308 160 438 
1518 2307 2306 438 295 
1519 294 2310 2309 417 
1520 2310 293 2307 2309 
1521 2309 2307 295 424 
1522 417 2309 424 238 
1523 315 405 2311 2312 
1524 2311 2247 101 2313 
1525 2312 2311 2313 317 
1526 106 346 2314 2315 
1527 346 288 2316 2314 
1528 2314 2316 321 665 
1529 2315 2314 665 322 
1530 288 326 2317 2316 
1531 326 202 2318 2317 
1532 2317 2318 294 416 
1533 2316 2317 416 321 
1534 252 2296 2319 2320 
1535 2296 280 384 2319 
1536 2319 384 376 2321 
1537 2320 2319 2321 298 
1538 376 386 2322 2323 
1539 386 261 2286 2322 
1540 2322 2286 105 2324 
1541 2323 2322 2324 377 
1542 298 2321 2325 2326 
1543 2321 376 2323 2325 
1544 2325 2323 377 2327 
1545 2326 2325 2327 255 
1546 83 394 2328 2329 
1547 394 240 442 2328 
1548 2328 442 387 2330 
1549 2329 2328 2330 388 
1550 393 426 2331 2332 
1551 426 395 446 2331 
1552 2331 446 397 2333 
1553 2332 2331 2333 240 
1554 320 409 2334 2335 
1555 409 83 2329 2334 
1556 2334 2329 388 2336 
1557 2335 2334 2336 403 
1558 389 459 2337 2338 
1559 459 431 687 2337 
1560 2337 687 433 2339 
1561 2338 2337 2339 155 
1562 396 2341 2340 447 
1563 2341 434 461 2340 
1564 2340 461 436 2342 
1565 447 2340 2342 109 
1566 454 2344 2343 473 
1567 2344 455 2345 2343 
1568 2343 2345 59 489 
1569 473 2343 489 456 
1570 436 464 2346 2347 
1571 464 162 476 2346 
1572 2346 476 458 2348 
1573 2347 2346 2348 457 
1574 465 514 2349 675 
1575 514 466 709 2349 
1576 2349 709 176 701 
1577 675 2349 701 467 
1578 455 2351 2350 2345 
1579 2351 492 2352 2350 
1580 2350 2352 485 496 
1581 2345 2350 496 59 
1582 134 587 2353 569 
1583 587 499 743 2353 
1584 2353 743 502 2354 
1585 569 2353 2354 77 
1586 507 543 2355 710 
1587 543 509 576 2355 
1588 2355 576 177 717 
1589 710 2355 717 510 
1590 521 910 2356 2357 
1591 910 523 2358 2356 
1592 2356 2358 91 541 
1593 2357 2356 541 508 
1594 180 902 2359 526 
1595 902 521 2357 2359 
1596 2359 2357 508 528 
1597 526 2359 528 139 
1598 536 595 2360 577 
1599 595 538 2361 2360 
1600 2360 2361 503 727 
1601 577 2360 727 539 
1602 544 1637 2362 2363 
1603 1637 546 2364 2362 
1604 2362 2364 504 593 
1605 2363 2362 593 537 
1606 523 931 2365 2358 
1607 931 544 2363 2365 
1608 2365 2363 537 548 
1609 2358 2365 548 91 
1610 2366 2367 584 2368 
1611 2369 633 586 2370 
1612 2367 2369 2370 584 
1613 584 2370 2371 2372 
1614 2370 586 747 2371 
1615 2371 747 499 2373 
1616 2372 2371 2373 587 
1617 2368 584 2372 2374 
1618 2374 2372 587 2375 
1619 724 2374 2375 134 
1620 73 1094 2376 2235 
1621 1094 600 2377 2376 
1622 2376 2377 603 2378 
1623 2235 2376 2378 44 
1624 131 652 2379 751 
1625 652 604 2380 2379 
1626 2379 2380 607 2381 
1627 751 2379 2381 72 
1628 608 656 2382 754 
1629 656 610 2383 2382 
1630 2382 2383 131 2384 
1631 754 2382 2384 611 
1632 612 2386 2387 748 
1633 2386 614 757 2387 
1634 2387 757 501 2388 
1635 748 2387 2388 615 
1636 15 2390 2389 1746 
1637 2390 617 2391 2389 
1638 2389 2391 616 1158 
1639 1746 2389 1158 33 
1640 617 2393 2392 2391 
1641 2393 17 2394 2392 
1642 2392 2394 618 1183 
1643 2391 2392 1183 616 
1644 620 2396 2395 1749 
1645 2396 33 2397 2395 
1646 2395 2397 621 1451 
1647 1749 2395 1451 619 
1648 623 2399 2398 1084 
1649 2399 49 1751 2398 
1650 2398 1751 624 1068 
1651 1084 2398 1068 622 
1652 610 1058 2400 2383 
1653 1058 649 2401 2400 
1654 2400 2401 652 2402 
1655 2383 2400 2402 131 
1656 2403 2404 655 2405 
1657 639 804 2406 766 
1658 804 653 2407 2406 
1659 2406 2407 656 2408 
1660 766 2406 2408 608 
1661 658 2410 2409 785 
1662 2410 609 2411 2409 
1663 2409 2411 659 806 
1664 785 2409 806 657 
1665 433 688 2412 2413 
1666 688 157 690 2412 
1667 2412 690 670 2414 
1668 2413 2412 2414 683 
1669 778 1670 2415 2416 
1670 1670 781 2417 2415 
1671 2415 2417 609 2410 
1672 2416 2415 2410 658 
1673 779 1032 2418 2419 
1674 1032 778 2416 2418 
1675 2418 2416 658 784 
1676 2419 2418 784 638 
1677 782 2421 2420 800 
1678 2421 785 2422 2420 
1679 2420 2422 657 810 
1680 800 2420 810 769 
1681 791 1666 2423 2424 
1682 1666 779 2419 2423 
1683 2423 2419 638 796 
1684 2424 2423 796 646 
1685 792 1024 2425 2426 
1686 1024 791 2424 2425 
1687 2425 2424 646 2427 
1688 2426 2425 2427 87 
1689 825 2429 2428 844 
1690 2429 182 861 2428 
1691 2428 861 826 2430 
1692 844 2428 2430 824 
1693 217 845 2431 2256 
1694 845 824 2432 2431 
1695 2431 2432 827 2433 
1696 2256 2431 2433 108 
1697 189 2435 2434 2251 
1698 2435 839 2436 2434 
1699 2434 2436 825 843 
1700 2251 2434 843 166 
1701 137 2438 2437 873 
1702 2438 847 2439 2437 
1703 2437 2439 846 883 
1704 873 2437 883 153 
1705 847 2441 2440 2439 
1706 2441 88 2442 2440 
1707 2440 2442 848 897 
1708 2439 2440 897 846 
1709 850 2444 2443 876 
1710 2444 153 2445 2443 
1711 2443 2445 851 887 
1712 876 2443 887 849 
1713 854 2447 2446 863 
1714 2447 184 878 2446 
1715 2446 878 855 2448 
1716 863 2446 2448 853 
1717 851 2450 2449 888 
1718 2450 882 904 2449 
1719 2449 904 885 1627 
1720 888 2449 1627 136 
1721 150 2452 2451 2245 
1722 2452 890 2453 2451 
1723 2451 2453 519 894 
1724 2245 2451 894 88 
1725 88 2455 2454 2442 
1726 2455 894 2456 2454 
1727 2454 2456 893 916 
1728 2442 2454 916 848 
1729 894 2458 2457 2456 
1730 2458 519 2459 2457 
1731 2457 2459 895 926 
1732 2456 2457 926 893 
1733 896 2461 2460 913 
1734 2461 898 2462 2460 
1735 2460 2462 138 1632 
1736 913 2460 1632 899 
1737 885 907 2463 1628 
1738 907 522 2464 2463 
1739 2463 2464 901 2465 
1740 1628 2463 2465 900 
1741 522 914 2466 2464 
1742 914 899 1631 2466 
1743 2466 1631 908 2467 
1744 2464 2466 2467 901 
1745 898 2469 2468 2462 
1746 2469 915 933 2468 
1747 2468 933 918 2470 
1748 2462 2468 2470 138 
1749 890 2472 2471 2453 
1750 2472 892 2473 2471 
1751 2471 2473 90 922 
1752 2453 2471 922 519 
1753 519 2475 2474 2459 
1754 2475 922 2476 2474 
1755 2474 2476 921 940 
1756 2459 2474 940 895 
1757 922 2478 2477 2476 
1758 2478 90 2479 2477 
1759 2477 2479 923 963 
1760 2476 2477 963 921 
1761 138 2470 2480 1633 
1762 2470 918 2481 2480 
1763 2480 2481 929 2482 
1764 1633 2480 2482 909 
1765 918 936 2483 2481 
1766 936 545 2484 2483 
1767 2483 2484 930 2485 
1768 2481 2483 2485 929 
1769 546 1640 2486 2364 
1770 1640 937 2487 2486 
1771 2486 2487 589 2488 
1772 2364 2486 2488 504 
1773 892 2490 2489 2473 
1774 2490 955 2491 2489 
1775 2489 2491 920 959 
1776 2473 2489 959 90 
1777 90 2493 2492 2479 
1778 2493 959 2494 2492 
1779 2492 2494 958 970 
1780 2479 2492 970 923 
1781 959 2496 2495 2494 
1782 2496 920 2497 2495 
1783 2495 2497 960 978 
1784 2494 2495 978 958 
1785 520 972 2498 1647 
1786 972 961 1650 2498 
1787 2498 1650 966 2499 
1788 1647 2498 2499 938 
1789 960 2501 2500 979 
1790 2501 973 2502 2500 
1791 2500 2502 976 986 
1792 979 2500 986 919 
1793 1003 1663 2503 2504 
1794 1663 792 2426 2503 
1795 2503 2426 87 2505 
1796 2504 2503 2505 1005 
1797 991 1660 2506 2507 
1798 1660 1003 2504 2506 
1799 2506 2504 1005 2508 
1800 2507 2506 2508 613 
1801 781 1676 2509 2417 
1802 1676 1033 2510 2509 
1803 2509 2510 802 2511 
1804 2417 2509 2511 609 
1805 2512 1115 1056 2513 
1806 2404 2512 2513 655 
1807 1059 1692 2514 2515 
1808 1692 1061 1128 2514 
1809 2514 1128 1039 2516 
1810 2515 2514 2516 1062 
1811 1042 1689 2517 2518 
1812 1689 1059 2515 2517 
1813 2517 2515 1062 2519 
1814 2518 2517 2519 50 
1815 1064 2521 2520 1753 
1816 2521 619 2522 2520 
1817 2520 2522 1065 1453 
1818 1753 2520 1453 1063 
1819 622 2524 2523 1136 
1820 2524 1068 2525 2523 
1821 2523 2525 1067 1399 
1822 1136 2523 1399 774 
1823 1068 2527 2526 2525 
1824 2527 624 1755 2526 
1825 2526 1755 1069 1418 
1826 2525 2526 1418 1067 
1827 1089 2530 2528 2529 
1828 2530 1088 1141 2528 
1829 2528 1141 1076 1112 
1830 2529 2528 1112 1036 
1831 1074 1405 2531 1709 
1832 1405 605 2532 2531 
1833 2531 2532 1099 2533 
1834 1709 2531 2533 1098 
1835 1077 1696 2534 1120 
1836 1696 1101 1712 2534 
1837 2534 1712 1104 2535 
1838 1120 2534 2535 650 
1839 1112 2538 2536 2537 
1840 2538 1076 1145 2536 
1841 2536 1145 1106 1132 
1842 2537 2536 1132 1110 
1843 1091 2540 2539 1143 
1844 2540 1137 2541 2539 
1845 2539 2541 1102 1694 
1846 1143 2539 1694 1038 
1847 602 1164 2542 2543 
1848 1164 1153 2017 2542 
1849 2542 2017 1156 2544 
1850 2543 2542 2544 45 
1851 33 2546 2545 2397 
1852 2546 1158 2547 2545 
1853 2545 2547 1157 1167 
1854 2397 2545 1167 621 
1855 1158 2549 2548 2547 
1856 2549 616 2550 2548 
1857 2548 2550 1159 1186 
1858 2547 2548 1186 1157 
1859 1163 1195 2551 2552 
1860 1195 1173 2020 2551 
1861 2551 2020 1176 2553 
1862 2552 2551 2553 1153 
1863 616 2555 2554 2550 
1864 2555 1183 2556 2554 
1865 2554 2556 1182 1262 
1866 2550 2554 1262 1159 
1867 1183 2558 2557 2556 
1868 2558 618 2559 2557 
1869 2557 2559 1184 1362 
1870 2556 2557 1362 1182 
1871 1179 2561 2560 1950 
1872 2561 1230 1955 2560 
1873 2560 1955 1228 2562 
1874 1950 2560 2562 1229 
1875 1194 1273 2563 2564 
1876 1273 1248 2023 2563 
1877 2563 2023 1251 2565 
1878 2564 2563 2565 1173 
1879 1209 2567 2566 1971 
1880 2567 1258 1980 2566 
1881 2566 1980 1256 2568 
1882 1971 2566 2568 1257 
1883 1270 1294 2569 2570 
1884 1294 1272 2026 2569 
1885 2569 2026 1248 2571 
1886 2570 2569 2571 1273 
1887 1254 2001 2572 2573 
1888 2001 1270 2570 2572 
1889 2572 2570 1273 2574 
1890 2573 2572 2574 1194 
1891 1276 2576 2575 1997 
1892 2576 1174 2006 2575 
1893 2575 2006 1277 2577 
1894 1997 2575 2577 1274 
1895 1279 2579 2578 2004 
1896 2579 1281 2580 2578 
1897 2578 2580 1249 1292 
1898 2004 2578 1292 1271 
1899 1282 1324 2581 1350 
1900 1324 1284 2094 2581 
1901 2581 2094 1244 2582 
1902 1350 2581 2582 1285 
1903 1281 2584 2583 2580 
1904 2584 1298 2585 2583 
1905 2583 2585 1287 2011 
1906 2580 2583 2011 1249 
1907 1305 2587 2586 2040 
1908 2587 1308 2045 2586 
1909 2586 2045 1288 2588 
1910 2040 2586 2588 1309 
1911 1300 2591 2589 2590 
1912 2591 1310 2056 2589 
1913 2589 2056 1302 1331 
1914 2590 2589 1331 597 
1915 1317 2085 2592 2095 
1916 2085 1319 2593 2592 
1917 2592 2593 1246 2594 
1918 2095 2592 2594 1320 
1919 1321 2075 2595 2596 
1920 2075 1323 2098 2595 
1921 2595 2098 1284 2597 
1922 2596 2595 2597 1324 
1923 1303 2071 2598 1354 
1924 2071 1321 2596 2598 
1925 2598 2596 1324 2599 
1926 1354 2598 2599 1282 
1927 1331 2602 2600 2601 
1928 2602 1302 2060 2600 
1929 2600 2060 1326 2050 
1930 2601 2600 2050 1330 
1931 1319 1382 2603 2593 
1932 1382 1371 2150 2603 
1933 2603 2150 1374 2604 
1934 2593 2603 2604 1246 
1935 1378 2142 2605 2606 
1936 2142 1381 2154 2605 
1937 2605 2154 1371 2607 
1938 2606 2605 2607 1382 
1939 1379 2131 2608 2609 
1940 2131 1378 2606 2608 
1941 2608 2606 1382 2610 
1942 2609 2608 2610 1319 
1943 1373 1397 2611 2151 
1944 1397 1383 2196 2611 
1945 2611 2196 1386 2612 
1946 2151 2611 2612 1313 
1947 1387 2165 2613 2155 
1948 2165 1389 2614 2613 
1949 2613 2614 1373 2615 
1950 2155 2613 2615 1390 
1951 1394 2180 2616 2617 
1952 2180 1396 2200 2616 
1953 2616 2200 1383 2618 
1954 2617 2616 2618 1397 
1955 1389 2172 2619 2614 
1956 2172 1394 2617 2619 
1957 2619 2617 1397 2620 
1958 2614 2619 2620 1373 
1959 774 2622 2621 1703 
1960 2622 1399 2623 2621 
1961 2621 2623 1398 1410 
1962 1703 2621 1410 1073 
1963 1399 2625 2624 2623 
1964 2625 1067 2626 2624 
1965 2624 2626 1400 1422 
1966 2623 2624 1422 1398 
1967 1103 1707 2627 1713 
1968 1707 1402 2628 2627 
1969 2627 2628 1405 2629 
1970 1713 2627 2629 1074 
1971 605 1412 2630 2532 
1972 1412 1401 2631 2630 
1973 2630 2631 1406 2632 
1974 2532 2630 2632 1099 
1975 1401 1424 2633 2631 
1976 1424 1070 2634 2633 
1977 2633 2634 1407 2635 
1978 2631 2633 2635 1406 
1979 1414 2637 2636 1757 
1980 2637 1063 2638 2636 
1981 2636 2638 1415 1457 
1982 1757 2636 1457 1413 
1983 1067 2640 2639 2626 
1984 2640 1418 2641 2639 
1985 2639 2641 1417 1432 
1986 2626 2639 1432 1400 
1987 1418 2643 2642 2641 
1988 2643 1069 2644 2642 
1989 2642 2644 1419 1440 
1990 2641 2642 1440 1417 
1991 1070 1434 2645 2634 
1992 1434 1420 2646 2645 
1993 2645 2646 1428 2647 
1994 2634 2645 2647 1407 
1995 1420 1442 2648 2646 
1996 1442 34 1721 2648 
1997 2648 1721 1429 2649 
1998 2646 2648 2649 1428 
1999 1069 2651 2650 2644 
2000 2651 1436 1759 2650 
2001 2650 1759 1435 1447 
2002 2644 2650 1447 1419 
2003 619 2653 2652 2522 
2004 2653 1451 2654 2652 
2005 2652 2654 1450 1483 
2006 2522 2652 1483 1065 
2007 1451 2656 2655 2654 
2008 2656 621 2657 2655 
2009 2655 2657 1166 1517 
2010 2654 2655 1517 1450 
2011 1063 2659 2658 2638 
2012 2659 1453 2660 2658 
2013 2658 2660 1452 1475 
2014 2638 2658 1475 1415 
2015 1453 2662 2661 2660 
2016 2662 1065 2663 2661 
2017 2661 2663 1454 1487 
2018 2660 2661 1487 1452 
2019 1413 2665 2664 1761 
2020 2665 1457 2666 2664 
2021 2664 2666 1456 1471 
2022 1761 2664 1471 1437 
2023 1457 2668 2667 2666 
2024 2668 1415 2669 2667 
2025 2667 2669 1458 1479 
2026 2666 2667 1479 1456 
2027 1435 2672 2670 2671 
2028 2672 1461 1763 2670 
2029 2670 1763 1460 1737 
2030 2671 2670 1737 1448 
2031 1437 2674 2673 1765 
2032 2674 1471 2675 2673 
2033 2673 2675 1470 1770 
2034 1765 2673 1770 1462 
2035 1471 2677 2676 2675 
2036 2677 1456 2678 2676 
2037 2676 2678 1472 1779 
2038 2675 2676 1779 1470 
2039 1415 2680 2679 2669 
2040 2680 1475 2681 2679 
2041 2679 2681 1474 1790 
2042 2669 2679 1790 1458 
2043 1475 2683 2682 2681 
2044 2683 1452 2684 2682 
2045 2682 2684 1476 1495 
2046 2681 2682 1495 1474 
2047 1456 2686 2685 2678 
2048 2686 1479 2687 2685 
2049 2685 2687 1478 1786 
2050 2678 2685 1786 1472 
2051 1479 2689 2688 2687 
2052 2689 1458 2690 2688 
2053 2688 2690 1480 1793 
2054 2687 2688 1793 1478 
2055 1065 2692 2691 2663 
2056 2692 1483 2693 2691 
2057 2691 2693 1482 1509 
2058 2663 2691 1509 1454 
2059 1483 2695 2694 2693 
2060 2695 1450 2696 2694 
2061 2694 2696 1484 1521 
2062 2693 2694 1521 1482 
2063 1452 2698 2697 2684 
2064 2698 1487 2699 2697 
2065 2697 2699 1486 1505 
2066 2684 2697 1505 1476 
2067 1487 2701 2700 2699 
2068 2701 1454 2702 2700 
2069 2700 2702 1488 1513 
2070 2699 2700 1513 1486 
2071 1454 2704 2703 2702 
2072 2704 1509 2705 2703 
2073 2703 2705 1508 1827 
2074 2702 2703 1827 1488 
2075 1509 2707 2706 2705 
2076 2707 1482 2708 2706 
2077 2706 2708 1510 1529 
2078 2705 2706 1529 1508 
2079 1506 2710 2709 1824 
2080 2710 1512 1833 2709 
2081 2709 1833 1515 2711 
2082 1824 2709 2711 1489 
2083 1450 2713 2712 2696 
2084 2713 1517 2714 2712 
2085 2712 2714 1516 1542 
2086 2696 2712 1542 1484 
2087 1517 2716 2715 2714 
2088 2716 1166 2717 2715 
2089 2715 2717 1518 1552 
2090 2714 2715 1552 1516 
2091 1482 2719 2718 2708 
2092 2719 1521 2720 2718 
2093 2718 2720 1520 1538 
2094 2708 2718 1538 1510 
2095 1521 2722 2721 2720 
2096 2722 1484 2723 2721 
2097 2721 2723 1522 1546 
2098 2720 2721 1546 1520 
2099 1537 2725 2724 1861 
2100 2725 1539 1867 2724 
2101 2724 1867 1523 2726 
2102 1861 2724 2726 1540 
2103 1484 2728 2727 2723 
2104 2728 1542 2729 2727 
2105 2727 2729 1541 1872 
2106 2723 2727 1872 1522 
2107 1542 2731 2730 2729 
2108 2731 1516 2732 2730 
2109 2730 2732 1543 1560 
2110 2729 2730 1560 1541 
2111 621 2734 2733 2657 
2112 2734 1167 2735 2733 
2113 2733 2735 1165 1550 
2114 2657 2733 1550 1166 
2115 1166 2737 2736 2717 
2116 2737 1550 2738 2736 
2117 2736 2738 1549 1571 
2118 2717 2736 1571 1518 
2119 1550 2740 2739 2738 
2120 2740 1165 2741 2739 
2121 2739 2741 1189 1582 
2122 2738 2739 1582 1549 
2123 1543 2743 2742 1561 
2124 2743 1551 1887 2742 
2125 2742 1887 1554 1880 
2126 1561 2742 1880 1519 
2127 1218 1873 2744 1864 
2128 1873 1544 2745 2744 
2129 2744 2745 1555 2746 
2130 1864 2744 2746 1535 
2131 1544 1562 2747 2745 
2132 1562 1519 1879 2747 
2133 2747 1879 1556 2748 
2134 2745 2747 2748 1555 
2135 18 2750 2749 1893 
2136 2750 1575 1902 2749 
2137 2749 1902 1573 2751 
2138 1893 2749 2751 1574 
2139 1586 2753 2752 1919 
2140 2753 1579 1928 2752 
2141 2752 1928 1587 2754 
2142 1919 2752 2754 1584 
2143 1226 2756 2755 1942 
2144 2756 1597 1948 2755 
2145 2755 1948 1596 2757 
2146 1942 2755 2757 1594 
2147 226 2264 2758 2759 
2148 2264 167 1606 2758 
2149 2758 1606 1600 2760 
2150 2759 2758 2760 1599 
2151 108 2433 2761 1615 
2152 2433 827 2762 2761 
2153 2761 2762 1610 2763 
2154 1615 2761 2763 1603 
2155 1684 2766 2764 2765 
2156 2766 1089 2529 2764 
2157 2764 2529 1036 1691 
2158 2765 2764 1691 1060 
2159 1050 2769 2767 2768 
2160 2769 1684 2765 2767 
2161 2767 2765 1060 1687 
2162 2768 2767 1687 777 
2163 1458 2771 2770 2690 
2164 2771 1790 2772 2770 
2165 2770 2772 1789 1800 
2166 2690 2770 1800 1480 
2167 1789 2774 2773 1801 
2168 2774 1494 1807 2773 
2169 2773 1807 1477 2775 
2170 1801 2773 2775 1791 
2171 1826 2777 2776 1842 
2172 2777 1528 1848 2776 
2173 2776 1848 1511 2778 
2174 1842 2776 2778 1828 
2175 1565 2780 2779 1904 
2176 2780 1899 1910 2779 
2177 2779 1910 1898 2781 
2178 1904 2779 2781 1576 
2179 1922 2783 2782 1930 
2180 2783 1162 1936 2782 
2181 2782 1936 1592 2784 
2182 1930 2782 2784 1921 
2183 1154 2786 2785 1963 
2184 2786 1959 1969 2785 
2185 2785 1969 1958 2787 
2186 1963 2785 2787 1215 
2187 1977 2789 2788 1989 
2188 2789 1253 1995 2788 
2189 2788 1995 1275 2790 
2190 1989 2788 2790 1976 
2191 2010 2792 2791 2032 
2192 2792 1306 2038 2791 
2193 2791 2038 1286 2793 
2194 2032 2791 2793 2012 
2195 1312 2795 2794 2058 
2196 2795 2052 2796 2794 
2197 2794 2796 1322 2069 
2198 2058 2794 2069 1283 
2199 2083 2124 2797 2798 
2200 2124 1379 2609 2797 
2201 2797 2609 1319 2799 
2202 2798 2797 2799 2085 
2203 1369 2112 2800 2114 
2204 2112 2083 2798 2800 
2205 2800 2798 2085 2801 
2206 2114 2800 2801 1317 
2207 2081 2803 2802 2104 
2208 2803 2086 2117 2802 
2209 2802 2117 2089 2804 
2210 2104 2802 2804 1367 
2211 2173 2191 2805 2201 
2212 2191 2175 2806 2805 
2213 2805 2806 1385 2807 
2214 2201 2805 2807 2176 
2215 242 2272 2808 2308 
2216 2272 241 2809 2808 
2217 2808 2809 243 2810 
2218 2308 2808 2810 160 
2219 202 299 2811 2318 
2220 299 255 2304 2811 
2221 2811 2304 293 2310 
2222 2318 2811 2310 294 
2223 292 304 2812 2813 
2224 304 252 2320 2812 
2225 2812 2320 298 2814 
2226 2813 2812 2814 296 
2227 296 2814 2815 2816 
2228 2814 298 2326 2815 
2229 2815 2326 255 2817 
2230 2816 2815 2817 299 
2231 387 444 2818 2819 
2232 444 389 2338 2818 
2233 2818 2338 155 2820 
2234 2819 2818 2820 390 
2235 388 2330 2821 2822 
2236 2330 387 2819 2821 
2237 2821 2819 390 2823 
2238 2822 2821 2823 156 
2239 391 402 2824 2825 
2240 402 393 2332 2824 
2241 2824 2332 240 2826 
2242 2825 2824 2826 394 
2243 392 413 2827 2828 
2244 413 391 2825 2827 
2245 2827 2825 394 2829 
2246 2828 2827 2829 83 
2247 403 2336 2830 2831 
2248 2336 388 2822 2830 
2249 2830 2822 156 2832 
2250 2831 2830 2832 405 
2251 160 2810 2833 439 
2252 2810 243 2834 2833 
2253 2833 2834 434 2341 
2254 439 2833 2341 396 
2255 243 2836 2835 2834 
2256 2836 159 2837 2835 
2257 2835 2837 435 462 
2258 2834 2835 462 434 
2259 159 2839 2838 2837 
2260 2839 214 2840 2838 
2261 2838 2840 454 472 
2262 2837 2838 472 435 
2263 214 2842 2841 2840 
2264 2842 161 2843 2841 
2265 2841 2843 455 2344 
2266 2840 2841 2344 454 
2267 109 2342 2844 2845 
2268 2342 436 2347 2844 
2269 2844 2347 457 2846 
2270 2845 2844 2846 443 
2271 161 2848 2847 2843 
2272 2848 493 2849 2847 
2273 2847 2849 492 2351 
2274 2843 2847 2351 455 
2275 504 2488 2850 594 
2276 2488 589 2851 2850 
2277 2850 2851 588 2852 
2278 594 2850 2852 538 
2279 538 2852 2853 2361 
2280 2852 588 2854 2853 
2281 2853 2854 591 2855 
2282 2361 2853 2855 503 
2283 600 1219 2856 2377 
2284 1219 602 2543 2856 
2285 2856 2543 45 2857 
2286 2377 2856 2857 603 
2287 604 1097 2858 2380 
2288 1097 606 2859 2858 
2289 2858 2859 73 2860 
2290 2380 2858 2860 607 
2291 87 2427 2861 2862 
2292 2427 646 795 2861 
2293 2861 795 644 2863 
2294 2862 2861 2863 645 
2295 645 2863 2864 2865 
2296 2863 644 761 2864 
2297 2864 761 648 2866 
2298 2865 2864 2866 614 
2299 649 1100 2867 2401 
2300 1100 651 2868 2867 
2301 2867 2868 604 2869 
2302 2401 2867 2869 652 
2303 653 2405 2870 2407 
2304 2405 655 2871 2870 
2305 2870 2871 610 2872 
2306 2407 2870 2872 656 
2307 155 2339 2873 2874 
2308 2339 433 2413 2873 
2309 2873 2413 683 2875 
2310 2874 2873 2875 684 
2311 503 2855 2876 728 
2312 2855 591 2877 2876 
2313 2876 2877 723 2878 
2314 728 2876 2878 573 
2315 609 2511 2879 2411 
2316 2511 802 2880 2879 
2317 2879 2880 801 2881 
2318 2411 2879 2881 659 
2319 659 2881 2882 807 
2320 2881 801 2883 2882 
2321 2882 2883 804 2884 
2322 807 2882 2884 639 
2323 213 1612 2885 2886 
2324 1612 822 2887 2885 
2325 2885 2887 493 2848 
2326 2886 2885 2848 161 
2327 824 2430 2888 2432 
2328 2430 826 2889 2888 
2329 2888 2889 185 2890 
2330 2432 2888 2890 827 
2331 839 2892 2891 2436 
2332 2892 841 2893 2891 
2333 2891 2893 182 2429 
2334 2436 2891 2429 825 
2335 826 864 2894 2889 
2336 864 853 2895 2894 
2337 2894 2895 856 2896 
2338 2889 2894 2896 185 
2339 841 2898 2897 2893 
2340 2898 857 2899 2897 
2341 2897 2899 854 862 
2342 2893 2897 862 182 
2343 153 2901 2900 2445 
2344 2901 883 2902 2900 
2345 2900 2902 882 2450 
2346 2445 2900 2450 851 
2347 883 2904 2903 2902 
2348 2904 846 2905 2903 
2349 2903 2905 884 905 
2350 2902 2903 905 882 
2351 846 2907 2906 2905 
2352 2907 897 2908 2906 
2353 2906 2908 896 912 
2354 2905 2906 912 884 
2355 897 2910 2909 2908 
2356 2910 848 2911 2909 
2357 2909 2911 898 2461 
2358 2908 2909 2461 896 
2359 848 2913 2912 2911 
2360 2913 916 2914 2912 
2361 2912 2914 915 2469 
2362 2911 2912 2469 898 
2363 916 2916 2915 2914 
2364 2916 893 2917 2915 
2365 2915 2917 917 934 
2366 2914 2915 934 915 
2367 937 1648 2918 2487 
2368 1648 938 2919 2918 
2369 2918 2919 5 2920 
2370 2487 2918 2920 589 
2371 955 2922 2921 2491 
2372 2922 957 2923 2921 
2373 2921 2923 515 974 
2374 2491 2921 974 920 
2375 938 2499 2924 2919 
2376 2499 966 2925 2924 
2377 2924 2925 968 2926 
2378 2919 2924 2926 5 
2379 920 2928 2927 2497 
2380 2928 974 2929 2927 
2381 2927 2929 973 2501 
2382 2497 2927 2501 960 
2383 973 2931 2930 2502 
2384 2931 975 2932 2930 
2385 2930 2932 629 1653 
2386 2502 2930 1653 976 
2387 989 1009 2933 2934 
2388 1009 991 2507 2933 
2389 2933 2507 613 2935 
2390 2934 2933 2935 634 
2391 982 1002 2936 2937 
2392 1002 989 2934 2936 
2393 2936 2934 634 2938 
2394 2937 2936 2938 500 
2395 957 2940 2939 2923 
2396 2940 992 2941 2939 
2397 2939 2941 630 996 
2398 2923 2939 996 515 
2399 975 2943 2942 2932 
2400 2943 995 2944 2942 
2401 2942 2944 990 1000 
2402 2932 2942 1000 629 
2403 1033 1679 2945 2510 
2404 1679 1035 2946 2945 
2405 2945 2946 654 2947 
2406 2510 2945 2947 802 
2407 1040 1683 2948 2949 
2408 1683 1042 2518 2948 
2409 2948 2518 50 2950 
2410 2949 2948 2950 1043 
2411 1035 1055 2951 2946 
2412 1055 1040 2949 2951 
2413 2951 2949 1043 2952 
2414 2946 2951 2952 654 
2415 1047 2955 2953 2954 
2416 2955 1050 2768 2953 
2417 2953 2768 777 1681 
2418 2954 2953 1681 1041 
2419 1048 2958 2956 2957 
2420 2958 1047 2954 2956 
2421 2956 2954 1041 1053 
2422 2957 2956 1053 775 
2423 655 2513 2959 2871 
2424 2513 1056 2960 2959 
2425 2959 2960 1058 2961 
2426 2871 2959 2961 610 
2427 606 1427 2962 2859 
2428 1427 1092 2963 2962 
2429 2962 2963 1094 2964 
2430 2859 2962 2964 73 
2431 651 1408 2965 2868 
2432 1408 1095 2966 2965 
2433 2965 2966 1097 2967 
2434 2868 2965 2967 604 
2435 1137 2969 2968 2541 
2436 2969 1139 2970 2968 
2437 2968 2970 1071 1698 
2438 2541 2968 1698 1102 
2439 1160 1181 2971 2972 
2440 1181 1163 2552 2971 
2441 2971 2552 1153 2973 
2442 2972 2971 2973 1164 
2443 1161 1223 2974 2975 
2444 1223 1160 2972 2974 
2445 2974 2972 1164 2976 
2446 2975 2974 2976 602 
2447 1167 2978 2977 2735 
2448 2978 1157 2979 2977 
2449 2977 2979 1168 1190 
2450 2735 2977 1190 1165 
2451 1157 2981 2980 2979 
2452 2981 1186 2982 2980 
2453 2980 2982 1185 1202 
2454 2979 2980 1202 1168 
2455 1186 2984 2983 2982 
2456 2984 1159 2985 2983 
2457 2983 2985 1187 1265 
2458 2982 2983 1265 1185 
2459 1165 2987 2986 2741 
2460 2987 1190 2988 2986 
2461 2986 2988 1188 1590 
2462 2741 2986 1590 1189 
2463 1190 2990 2989 2988 
2464 2990 1168 2991 2989 
2465 2989 2991 1191 1206 
2466 2988 2989 1206 1188 
2467 1192 1255 2992 2993 
2468 1255 1194 2564 2992 
2469 2992 2564 1173 2994 
2470 2993 2992 2994 1195 
2471 1180 1211 2995 2996 
2472 1211 1192 2993 2995 
2473 2995 2993 1195 2997 
2474 2996 2995 2997 1163 
2475 1168 2999 2998 2991 
2476 2999 1202 3000 2998 
2477 2998 3000 1201 1233 
2478 2991 2998 1233 1191 
2479 1202 3002 3001 3000 
2480 3002 1185 3003 3001 
2481 3001 3003 1203 1268 
2482 3000 3001 1268 1201 
2483 1217 1533 3004 3005 
2484 1533 1161 2975 3004 
2485 3004 2975 602 3006 
2486 3005 3004 3006 1219 
2487 1093 1500 3007 3008 
2488 1500 1217 3005 3007 
2489 3007 3005 1219 3009 
2490 3008 3007 3009 600 
2491 1252 1278 3010 3011 
2492 1278 1254 2573 3010 
2493 3010 2573 1194 3012 
2494 3011 3010 3012 1255 
2495 1210 1978 3013 3014 
2496 1978 1252 3011 3013 
2497 3013 3011 1255 3015 
2498 3014 3013 3015 1192 
2499 1159 3017 3016 2985 
2500 3017 1262 3018 3016 
2501 3016 3018 1261 1296 
2502 2985 3016 1296 1187 
2503 1262 3020 3019 3018 
2504 3020 1182 3021 3019 
2505 3019 3021 1263 1365 
2506 3018 3019 1365 1261 
2507 1185 3023 3022 3003 
2508 3023 1265 3024 3022 
2509 3022 3024 1264 1280 
2510 3003 3022 1280 1203 
2511 1265 3026 3025 3024 
2512 3026 1187 3027 3025 
2513 3025 3027 1266 1299 
2514 3024 3025 1299 1264 
2515 1187 3029 3028 3027 
2516 3029 1296 3030 3028 
2517 3028 3030 1295 1311 
2518 3027 3028 1311 1266 
2519 1296 3032 3031 3030 
2520 3032 1261 3033 3031 
2521 3031 3033 1297 2053 
2522 3030 3031 2053 1295 
2523 1298 3035 3034 2585 
2524 3035 1300 2590 3034 
2525 3034 2590 597 1307 
2526 2585 3034 1307 1287 
2527 597 3038 3036 3037 
2528 3038 1331 2601 3036 
2529 3036 2601 1330 2046 
2530 3037 3036 2046 1308 
2531 1182 3040 3039 3021 
2532 3040 1362 3041 3039 
2533 3039 3041 1361 1376 
2534 3021 3039 1376 1263 
2535 1362 3043 3042 3041 
2536 3043 1184 3044 3042 
2537 3042 3044 1363 1392 
2538 3041 3042 1392 1361 
2539 1261 3046 3045 3033 
2540 3046 1365 3047 3045 
2541 3045 3047 1364 2077 
2542 3033 3045 2077 1297 
2543 1365 3049 3048 3047 
2544 3049 1263 3050 3048 
2545 3048 3050 1366 2107 
2546 3047 3048 2107 1364 
2547 1263 3052 3051 3050 
2548 3052 1376 3053 3051 
2549 3051 3053 1375 2126 
2550 3050 3051 2126 1366 
2551 1376 3055 3054 3053 
2552 3055 1361 3056 3054 
2553 3054 3056 1377 2133 
2554 3053 3054 2133 1375 
2555 1361 3058 3057 3056 
2556 3058 1392 3059 3057 
2557 3057 3059 1391 2167 
2558 3056 3057 2167 1377 
2559 1392 3061 3060 3059 
2560 3061 1363 3062 3060 
2561 3060 3062 1393 2182 
2562 3059 3060 2182 1391 
2563 1447 3065 3063 3064 
2564 3065 1435 2671 3063 
2565 3063 2671 1448 1730 
2566 3064 3063 1730 1446 
2567 1516 3067 3066 2732 
2568 3067 1552 3068 3066 
2569 3066 3068 1551 2743 
2570 2732 3066 2743 1543 
2571 1552 3070 3069 3068 
2572 3070 1518 3071 3069 
2573 3069 3071 1553 1888 
2574 3068 3069 1888 1551 
2575 1518 3073 3072 3071 
2576 3073 1571 3074 3072 
2577 3072 3074 1570 1896 
2578 3071 3072 1896 1553 
2579 1571 3076 3075 3074 
2580 3076 1549 3077 3075 
2581 3075 3077 1572 1907 
2582 3074 3075 1907 1570 
2583 1549 3079 3078 3077 
2584 3079 1582 3080 3078 
2585 3078 3080 1581 1915 
2586 3077 3078 1915 1572 
2587 1582 3082 3081 3080 
2588 3082 1189 3083 3081 
2589 3081 3083 1583 1925 
2590 3080 3081 1925 1581 
2591 1189 3085 3084 3083 
2592 3085 1590 3086 3084 
2593 3084 3086 1589 1933 
2594 3083 3084 1933 1583 
2595 1590 3088 3087 3086 
2596 3088 1188 3089 3087 
2597 3087 3089 1205 1945 
2598 3086 3087 1945 1589 
2599 144 2266 3090 3091 
2600 2266 226 2759 3090 
2601 3090 2759 1599 3092 
2602 3091 3090 3092 365 
2603 827 2890 3093 2762 
2604 2890 185 3094 3093 
2605 3093 3094 1611 3095 
2606 2762 3093 3095 1610 
2607 185 2896 3096 3094 
2608 2896 856 3097 3096 
2609 3096 3097 1617 3098 
2610 3094 3096 3098 1611 
2611 1671 3101 3099 3100 
2612 3101 1048 2957 3099 
2613 3099 2957 775 1678 
2614 3100 3099 1678 1034 
2615 1027 3104 3102 3103 
2616 3104 1671 3100 3102 
2617 3102 3100 1034 1674 
2618 3103 3102 1674 643 
2619 1139 3106 3105 2970 
2620 3106 1701 3107 3105 
2621 3105 3107 1403 1705 
2622 2970 3105 1705 1071 
2623 1790 3109 3108 2772 
2624 3109 1474 3110 3108 
2625 3108 3110 1494 2774 
2626 2772 3108 2774 1789 
2627 2052 3112 3111 2796 
2628 3112 2054 3113 3111 
2629 3111 3113 1245 2073 
2630 2796 3111 2073 1322 
2631 2054 3115 3114 3113 
2632 3115 2076 3116 3114 
2633 3114 3116 1368 2080 
2634 3113 3114 2080 1245 
2635 390 2820 3117 3118 
2636 2820 155 2874 3117 
2637 3117 2874 684 3119 
2638 3118 3117 3119 2246 
2639 1005 2505 3120 3121 
2640 2505 87 2862 3120 
2641 3120 2862 645 3122 
2642 3121 3120 3122 2385 
2643 2385 3122 3123 3124 
2644 3122 645 2865 3123 
2645 3123 2865 614 3125 
2646 3124 3123 3125 2386 
2647 211 1604 3126 3127 
2648 1604 213 2886 3126 
2649 3126 2886 161 2842 
2650 3127 3126 2842 214 
2651 212 1601 3128 3129 
2652 1601 211 3127 3128 
2653 3128 3127 214 2839 
2654 3129 3128 2839 159 
2655 241 366 3130 2809 
2656 366 212 3129 3130 
2657 3130 3129 159 2836 
2658 2809 3130 2836 243 
2659 253 2302 3131 3132 
2660 2302 292 2813 3131 
2661 3131 2813 296 3133 
2662 3132 3131 3133 297 
2663 297 3133 3134 3135 
2664 3133 296 2816 3134 
2665 3134 2816 299 3136 
2666 3135 3134 3136 202 
2667 311 331 3137 3138 
2668 331 253 3132 3137 
2669 3137 3132 297 3139 
2670 3138 3137 3139 324 
2671 324 3139 3140 3141 
2672 3139 297 3135 3140 
2673 3140 3135 202 3142 
2674 3141 3140 3142 326 
2675 246 371 3143 3144 
2676 371 144 3091 3143 
2677 3143 3091 365 3145 
2678 3144 3143 3145 363 
2679 397 448 3146 3147 
2680 448 109 2845 3146 
2681 3146 2845 443 3148 
2682 3147 3146 3148 441 
2683 589 2920 3149 2851 
2684 2920 5 3150 3149 
2685 3149 3150 590 3151 
2686 2851 3149 3151 588 
2687 588 3151 3152 2854 
2688 3151 590 3153 3152 
2689 3152 3153 505 3154 
2690 2854 3152 3154 591 
2691 591 3154 3155 2877 
2692 3154 505 3156 3155 
2693 3155 3156 724 3157 
2694 2877 3155 3157 723 
2695 802 2947 3158 2880 
2696 2947 654 3159 3158 
2697 3158 3159 803 3160 
2698 2880 3158 3160 801 
2699 801 3160 3161 2883 
2700 3160 803 3162 3161 
2701 3161 3162 653 3163 
2702 2883 3161 3163 804 
2703 822 1619 3164 2887 
2704 1619 823 3165 3164 
2705 3164 3165 179 3166 
2706 2887 3164 3166 493 
2707 853 2448 3167 2895 
2708 2448 855 3168 3167 
2709 3167 3168 154 3169 
2710 2895 3167 3169 856 
2711 857 3171 3170 2899 
2712 3171 859 3172 3170 
2713 3170 3172 184 2447 
2714 2899 3170 2447 854 
2715 823 1622 3173 3165 
2716 1622 865 3174 3173 
2717 3173 3174 525 3175 
2718 3165 3173 3175 179 
2719 855 881 3176 3168 
2720 881 867 3177 3176 
2721 3176 3177 870 3178 
2722 3168 3176 3178 154 
2723 859 3180 3179 3172 
2724 3180 874 3181 3179 
2725 3179 3181 868 879 
2726 3172 3179 879 184 
2727 966 1651 3182 2925 
2728 1651 967 3183 3182 
2729 3182 3183 585 3184 
2730 2925 3182 3184 968 
2731 974 3186 3185 2929 
2732 3186 515 3187 3185 
2733 3185 3187 975 2931 
2734 2929 3185 2931 973 
2735 981 1654 3188 3189 
2736 1654 982 2937 3188 
2737 3188 2937 500 3190 
2738 3189 3188 3190 983 
2739 967 988 3191 3183 
2740 988 981 3189 3191 
2741 3191 3189 983 3192 
2742 3183 3191 3192 585 
2743 992 3194 3193 2941 
2744 3194 994 3195 3193 
2745 3193 3195 517 1656 
2746 2941 3193 1656 630 
2747 515 3197 3196 3187 
2748 3197 996 3198 3196 
2749 3196 3198 995 2943 
2750 3187 3196 2943 975 
2751 995 3200 3199 2944 
2752 3200 997 3201 3199 
2753 3199 3201 628 1007 
2754 2944 3199 1007 990 
2755 994 3203 3202 3195 
2756 3203 1013 3204 3202 
2757 3202 3204 642 1018 
2758 3195 3202 1018 517 
2759 1025 3207 3205 3206 
2760 3207 1027 3103 3205 
2761 3205 3103 643 1668 
2762 3206 3205 1668 780 
2763 1019 3210 3208 3209 
2764 3210 1025 3206 3208 
2765 3208 3206 780 1030 
2766 3209 3208 1030 641 
2767 1056 1117 3211 2960 
2768 1117 1057 3212 3211 
2769 3211 3212 649 3213 
2770 2960 3211 3213 1058 
2771 1092 1466 3214 2963 
2772 1466 1093 3008 3214 
2773 3214 3008 600 3215 
2774 2963 3214 3215 1094 
2775 1095 1430 3216 2966 
2776 1430 1096 3217 3216 
2777 3216 3217 606 3218 
2778 2966 3216 3218 1097 
2779 1057 1710 3219 3212 
2780 1710 1098 3220 3219 
2781 3219 3220 1100 3221 
2782 3212 3219 3221 649 
2783 1177 1200 3222 3223 
2784 1200 1180 2996 3222 
2785 3222 2996 1163 3224 
2786 3223 3222 3224 1181 
2787 1178 1227 3225 3226 
2788 1227 1177 3223 3225 
2789 3225 3223 1181 3227 
2790 3226 3225 3227 1160 
2791 1188 3229 3228 3089 
2792 3229 1206 3230 3228 
2793 3228 3230 1204 1953 
2794 3089 3228 1953 1205 
2795 1206 3232 3231 3230 
2796 3232 1191 3233 3231 
2797 3231 3233 1207 1237 
2798 3230 3231 1237 1204 
2799 1208 1260 3234 3235 
2800 1260 1210 3014 3234 
2801 3234 3014 1192 3236 
2802 3235 3234 3236 1211 
2803 1199 1960 3237 3238 
2804 1960 1208 3235 3237 
2805 3237 3235 1211 3239 
2806 3238 3237 3239 1180 
2807 1220 1580 3240 3241 
2808 1580 1178 3226 3240 
2809 3240 3226 1160 3242 
2810 3241 3240 3242 1223 
2811 1221 1567 3243 3244 
2812 1567 1220 3241 3243 
2813 3243 3241 1223 3245 
2814 3244 3243 3245 1161 
2815 1191 3247 3246 3233 
2816 3247 1233 3248 3246 
2817 3246 3248 1232 1966 
2818 3233 3246 1966 1207 
2819 1233 3250 3249 3248 
2820 3250 1201 3251 3249 
2821 3249 3251 1234 1974 
2822 3248 3249 1974 1232 
2823 1201 3253 3252 3251 
2824 3253 1268 3254 3252 
2825 3252 3254 1267 1985 
2826 3251 3252 1985 1234 
2827 1268 3256 3255 3254 
2828 3256 1203 3257 3255 
2829 3255 3257 1269 1992 
2830 3254 3255 1992 1267 
2831 1203 3259 3258 3257 
2832 3259 1280 3260 3258 
2833 3258 3260 1279 2003 
2834 3257 3258 2003 1269 
2835 1280 3262 3261 3260 
2836 3262 1264 3263 3261 
2837 3261 3263 1281 2579 
2838 3260 3261 2579 1279 
2839 1264 3265 3264 3263 
2840 3265 1299 3266 3264 
2841 3264 3266 1298 2584 
2842 3263 3264 2584 1281 
2843 1299 3268 3267 3266 
2844 3268 1266 3269 3267 
2845 3267 3269 1300 3035 
2846 3266 3267 3035 1298 
2847 1307 3272 3270 3271 
2848 3272 597 3037 3270 
2849 3270 3037 1308 2587 
2850 3271 3270 2587 1305 
2851 1266 3274 3273 3269 
2852 3274 1311 3275 3273 
2853 3273 3275 1310 2591 
2854 3269 3273 2591 1300 
2855 1311 3277 3276 3275 
2856 3277 1295 3278 3276 
2857 3276 3278 1312 2057 
2858 3275 3276 2057 1310 
2859 1096 1445 3279 3217 
2860 1445 1425 3280 3279 
2861 3279 3280 1427 3281 
2862 3217 3279 3281 606 
2863 1419 3284 3282 3283 
2864 3284 1447 3064 3282 
2865 3282 3064 1446 1726 
2866 3283 3282 1726 1441 
2867 1474 3286 3285 3110 
2868 3286 1495 3287 3285 
2869 3285 3287 1493 1808 
2870 3110 3285 1808 1494 
2871 1495 3289 3288 3287 
2872 3289 1476 3290 3288 
2873 3288 3290 1496 1812 
2874 3287 3288 1812 1493 
2875 1476 3292 3291 3290 
2876 3292 1505 3293 3291 
2877 3291 3293 1504 1819 
2878 3290 3291 1819 1496 
2879 1505 3295 3294 3293 
2880 3295 1486 3296 3294 
2881 3294 3296 1506 1823 
2882 3293 3294 1823 1504 
2883 1486 3298 3297 3296 
2884 3298 1513 3299 3297 
2885 3297 3299 1512 2710 
2886 3296 3297 2710 1506 
2887 1513 3301 3300 3299 
2888 3301 1488 3302 3300 
2889 3300 3302 1514 1834 
2890 3299 3300 1834 1512 
2891 1532 1569 3303 3304 
2892 1569 1221 3244 3303 
2893 3303 3244 1161 3305 
2894 3304 3303 3305 1533 
2895 1499 1557 3306 3307 
2896 1557 1532 3304 3306 
2897 3306 3304 1533 3308 
2898 3307 3306 3308 1217 
2899 856 3169 3309 3097 
2900 3169 154 3310 3309 
2901 3309 3310 1618 3311 
2902 3097 3309 3311 1617 
2903 154 3178 3312 3310 
2904 3178 870 3313 3312 
2905 3312 3313 1620 3314 
2906 3310 3312 3314 1618 
2907 997 3316 3315 3201 
2908 3316 1655 3317 3315 
2909 3315 3317 1004 1658 
2910 3201 3315 1658 628 
2911 1488 3319 3318 3302 
2912 3319 1827 3320 3318 
2913 3318 3320 1826 1841 
2914 3302 3318 1841 1514 
2915 1827 3322 3321 3320 
2916 3322 1508 3323 3321 
2917 3321 3323 1528 2777 
2918 3320 3321 2777 1826 
2919 1295 3325 3324 3278 
2920 3325 2053 3326 3324 
2921 3324 3326 2052 2795 
2922 3278 3324 2795 1312 
2923 2053 3328 3327 3326 
2924 3328 1297 3329 3327 
2925 3327 3329 2054 3112 
2926 3326 3327 3112 2052 
2927 1297 3331 3330 3329 
2928 3331 2077 3332 3330 
2929 3330 3332 2076 3115 
2930 3329 3330 3115 2054 
2931 2076 3334 3333 3116 
2932 3334 2078 3335 3333 
2933 3333 3335 1318 2087 
2934 3116 3333 2087 1368 
2935 2078 3337 3336 3335 
2936 3337 2106 3338 3336 
2937 3336 3338 2084 2110 
2938 3335 3336 2110 1318 
2939 156 2823 3339 3340 
2940 2823 390 3118 3339 
2941 3339 3118 2246 3341 
2942 3340 3339 3341 2247 
2943 405 2832 3342 3343 
2944 2832 156 3340 3342 
2945 3342 3340 2247 3344 
2946 3343 3342 3344 2311 
2947 5 2926 3345 3150 
2948 2926 968 3346 3345 
2949 3345 3346 2366 3347 
2950 3150 3345 3347 590 
2951 968 3184 3348 3346 
2952 3184 585 3349 3348 
2953 3348 3349 2367 3350 
2954 3346 3348 3350 2366 
2955 590 3347 3351 3153 
2956 3347 2366 3352 3351 
2957 3351 3352 2368 3353 
2958 3153 3351 3353 505 
2959 585 3192 3354 3349 
2960 3192 983 3355 3354 
2961 3354 3355 2369 3356 
2962 3349 3354 3356 2367 
2963 983 3190 3357 3355 
2964 3190 500 3358 3357 
2965 3357 3358 633 3359 
2966 3355 3357 3359 2369 
2967 505 3353 3360 3156 
2968 3353 2368 3361 3360 
2969 3360 3361 2374 3362 
2970 3156 3360 3362 724 
2971 613 2508 3363 3364 
2972 2508 1005 3121 3363 
2973 3363 3121 2385 3365 
2974 3364 3363 3365 635 
2975 635 3365 3366 3367 
2976 3365 2385 3124 3366 
2977 3366 3124 2386 3368 
2978 3367 3366 3368 612 
2979 654 2952 3369 3159 
2980 2952 1043 3370 3369 
2981 3369 3370 2403 3371 
2982 3159 3369 3371 803 
2983 1043 2950 3372 3370 
2984 2950 50 3373 3372 
2985 3372 3373 2404 3374 
2986 3370 3372 3374 2403 
2987 803 3371 3375 3162 
2988 3371 2403 3376 3375 
2989 3375 3376 2405 3377 
2990 3162 3375 3377 653 
2991 50 2519 3378 3373 
2992 2519 1062 3379 3378 
2993 3378 3379 2512 3380 
2994 3373 3378 3380 2404 
2995 1062 2516 3381 3379 
2996 2516 1039 3382 3381 
2997 3381 3382 1115 3383 
2998 3379 3381 3383 2512 
