"Time_Iter","Outer_Iter","Inner_Iter",     "rms[P]"     ,     "rms[U]"     ,     "rms[V]"     ,     "rms[T]"     ,     "rms[k]"     ,     "rms[w]"     ,    "rms[LM_1]"   ,    "rms[LM_2]"   ,"LinSolIter",    "LinSolRes"   ,"LinSolIterTurb",  "LinSolResTurb" ,"LinSolIterTrans", "LinSolResTrans" ,     "Min DT"     ,     "Max DT"     ,     "Min CFL"    ,     "Max CFL"    ,     "Avg CFL"    ,    "RefForce"    ,       "CD"       ,       "CL"       ,       "CSF"      ,       "CMx"      ,       "CMy"      ,       "CMz"      ,       "CFx"      ,       "CFy"      ,       "CFz"      ,      "CEff"      ,       "HF"       ,      "maxHF"     ,      "Temp"      
          0,           0,           0,      -3.931002038,      -17.93510657,      -21.34388258,      -1.071405706,      -3.947340644,       1.137738678,      -4.161623077,      -2.075623635,          13,      -6.210089332,               5,      -6.909743321,                5,      -6.228455042,    0.001140630883,      0.1038965785,                11,                11,                11,     0.07248936946,        1.65714224,      -3.012431246,                 0,                 0,                 0,      -5.525059678,        1.65714224,      -3.012431246,                 0,      -1.817847119,   1.643513274e-05,    0.002345200195,                 0
          0,           0,           1,      -4.111508766,      -3.898100564,      -4.063920419,      -1.251912433,      -4.420497056,      0.6717329865,      -4.530250825,      0.1962265228,         100,      -5.357222665,               5,      -6.432112668,                4,      -6.014287894,    0.001105968049,     0.09989256274,              12.1,              12.1,              12.1,     0.07248936946,       1.578047732,      -2.836886361,                 0,                 0,                 0,       -5.16029234,       1.578047732,      -2.836886361,                 0,      -1.797718982,   1.833078271e-06,   0.0002523818045,                 0
          0,           0,           2,      -4.306648398,      -4.079968052,      -4.096330671,      -1.447052066,      -4.816988963,       0.283995954,      -4.608631027,       0.310009001,         100,      -5.387179746,               6,      -6.960251244,                4,      -6.030346248,    0.001158632658,       0.104338769,             13.31,             13.31,             13.31,     0.07248936946,       1.231923847,      -2.309191015,                 0,                 0,                 0,      -4.137382756,       1.231923847,      -2.309191015,                 0,      -1.874459221,   5.601269776e-07,   0.0001131964979,                 0
          0,           0,           3,      -4.449905088,      -4.192146002,      -4.139330033,      -1.590308756,      -5.142784492,    -0.03308900751,      -4.803804547,      0.3651812099,         100,      -5.256872553,               6,      -6.621162913,                4,      -6.081472546,    0.001161124014,      0.1040140165,            14.641,            14.641,            14.641,     0.07248936946,      0.9475521472,       -1.97656994,                 0,                 0,                 0,      -3.442755232,      0.9475521472,       -1.97656994,                 0,      -2.085974842,   4.476829283e-07,   0.0001038718435,                 0
          0,           0,           4,      -4.534665601,      -4.257988695,      -4.176848069,       -1.67506927,      -5.399064036,     -0.2820467382,      -4.957766589,      0.3977159613,         100,      -5.411619958,               6,      -6.372287903,                4,      -6.132303763,    0.001174542364,      0.1047630011,           16.1051,           16.1051,           16.1051,     0.07248936946,      0.8406914846,      -2.054247147,                 0,                 0,                 0,      -3.442157599,      0.8406914846,      -2.054247147,                 0,      -2.443520822,  -3.277102592e-07,   8.999333785e-05,                 0
          0,           0,           5,      -4.595082255,      -4.291053367,      -4.193997958,      -1.735485922,      -5.602340364,     -0.4799862151,      -5.024287332,      0.4225873557,         100,       -5.23132908,               6,      -6.149504555,                4,      -6.166195278,    0.001229782472,      0.1094306255,          17.71561,          17.71561,          17.71561,     0.07248936946,       0.855329357,      -2.384739039,                 0,                 0,                 0,      -3.864052645,       0.855329357,      -2.384739039,                 0,      -2.788094457,  -3.177906502e-07,    9.10087531e-05,                 0
          0,           0,           6,      -4.638534541,      -4.305700206,      -4.199980531,      -1.778938208,      -5.770868901,     -0.6449731403,      -5.048282489,      0.4517275592,         100,      -5.056622156,               7,      -6.757168602,                4,      -6.188981701,    0.001317936332,      0.1171338715,         19.487171,         19.487171,         19.487171,     0.07248936946,      0.8871673396,      -2.671477364,                 0,                 0,                 0,      -4.238360048,      0.8871673396,      -2.671477364,                 0,       -3.01124404,   1.045759832e-07,   8.205028834e-05,                 0
          0,           0,           7,       -4.67146377,      -4.310491011,       -4.19960272,      -1.811867436,      -5.917513043,     -0.7884852655,      -5.045028496,      0.5087957016,         100,      -5.192035136,               7,      -6.534573046,                4,      -6.226096808,    0.001429738267,      0.1269907727,        21.4358881,        21.4358881,        21.4358881,     0.07248936946,      0.8875831664,      -2.769140485,                 0,                 0,                 0,      -4.355369881,      0.8875831664,      -2.769140485,                 0,      -3.119865934,   1.641653992e-07,   7.507576704e-05,                 0
          0,           0,           8,      -4.697129315,      -4.310339128,      -4.197343603,      -1.837532982,      -6.048915561,      -0.917314834,      -5.027789903,       0.608043926,         100,       -5.13023948,               7,      -6.312651163,                4,      -6.292731005,    0.001563381275,      0.1388241374,       23.57947691,       23.57947691,       23.57947691,     0.07248936946,      0.8584722296,       -2.70941641,                 0,                 0,                 0,      -4.261475584,      0.8584722296,       -2.70941641,                 0,      -3.156090921,   1.782476738e-07,   6.856609656e-05,                 0
          0,           0,           9,      -4.715229202,      -4.306327218,      -4.195244421,      -1.855632868,      -6.168122209,       -1.03584547,       -4.99698172,      0.6096119757,         100,      -5.157941365,               7,      -6.088315675,                4,       -6.20788602,    0.001721529333,      0.1528744396,        25.9374246,        25.9374246,        25.9374246,     0.07248936946,      0.8129258898,      -2.578571824,                 0,                 0,                 0,      -4.065205582,      0.8129258898,      -2.578571824,                 0,      -3.171964205,   3.781892299e-07,   6.574793018e-05,                 0
          0,           0,          10,      -4.726224368,      -4.300737392,      -4.194496374,      -1.866628038,      -6.276977167,      -1.147165382,      -4.955949286,      0.5767616212,         100,      -5.040931732,               8,      -6.603571922,                4,      -6.086900078,    0.001908734922,      0.1695587243,       28.53116706,       28.53116706,       28.53116706,     0.07248936946,      0.7621096677,      -2.445882863,                 0,                 0,                 0,      -3.855558885,      0.7621096677,      -2.445882863,                 0,      -3.209358136,    5.18150312e-07,   6.226293034e-05,                 0
          0,           0,          11,       -4.73150523,      -4.297219775,      -4.196960571,      -1.871908898,      -6.375362022,      -1.253566372,      -4.924706901,      0.5310064133,         100,      -5.072478595,             100,      -5.692463999,                4,      -6.022938524,     0.00213110787,      0.1894406746,       31.38428377,       31.38428377,       31.38428377,     0.07248936946,       0.719740763,      -2.360626874,                 0,                 0,                 0,      -3.712140937,       0.719740763,      -2.360626874,                 0,      -3.279829344,   5.259236725e-07,     5.5404311e-05,                 0
          0,           0,          12,       -4.73237025,      -4.296009013,      -4.202526805,      -1.872773915,      -6.461401114,      -1.356822444,       -4.90233369,      0.4803471815,         100,      -5.133213997,               8,      -6.007354497,                5,      -7.216801677,    0.002375539649,      0.2112980827,       34.52271214,       34.52271214,       34.52271214,     0.07248936946,      0.7000578917,      -2.354048833,                 0,                 0,                 0,      -3.697300769,      0.7000578917,      -2.354048833,                 0,      -3.362648805,   7.742071181e-07,   5.144149572e-05,                 0
          0,           0,          13,      -4.734187364,      -4.290960468,      -4.207932601,      -1.874591033,      -6.532343311,      -1.457547695,      -4.884033246,      0.4288937222,         100,      -5.087145842,               9,      -6.273401161,                5,      -7.215963886,     0.00253765923,       0.225417252,       37.97498336,       37.97498336,       37.97498336,     0.07248936946,      0.7102542762,      -2.433508785,                 0,                 0,                 0,      -3.829270597,      0.7102542762,      -2.433508785,                 0,        -3.4262501,   6.899185973e-07,   4.347462041e-05,                 0
          0,           0,          14,      -4.745015784,      -4.279740371,      -4.216286655,       -1.88541945,      -6.579041256,      -1.552637364,      -4.853447616,      0.3777746247,         100,      -5.042815843,              10,       -6.01521744,                5,      -7.215397202,    0.002703855419,       0.239844398,       41.77248169,       41.77248169,       41.77248169,     0.07248936946,      0.7419914899,      -2.571692866,                 0,                 0,                 0,      -4.058968261,      0.7419914899,      -2.571692866,                 0,      -3.465933102,   5.537880056e-07,   3.415136372e-05,                 0
          0,           0,          15,      -4.767243976,      -4.265867832,      -4.230917325,      -1.907647645,       -6.59977734,      -1.642659144,      -4.798293463,      0.3349154704,         100,      -4.795160994,             100,      -5.725451012,                4,      -6.046615475,    0.002873129032,      0.2544906474,       45.94972986,       45.94972986,       45.94972986,     0.07248936946,       0.778453596,      -2.721678199,                 0,                 0,                 0,      -4.299204393,       0.778453596,      -2.721678199,                 0,      -3.496262607,    6.17110197e-07,   3.143560197e-05,                 0
          0,           0,          16,      -4.790914048,      -4.265257753,      -4.260880218,      -1.931317716,      -6.593801794,      -1.727777594,      -4.731509866,      0.2948413061,         100,      -4.803315924,             100,      -5.904178092,                4,      -6.090635733,    0.003049764754,      0.2697574641,       50.54470285,       50.54470285,       50.54470285,     0.07248936946,       0.806575194,      -2.844985757,                 0,                 0,                 0,      -4.484829778,       0.806575194,      -2.844985757,                 0,      -3.527241822,   4.779519396e-07,   2.416483316e-05,                 0
          0,           0,          17,      -4.810127904,      -4.291983634,      -4.311638053,      -1.950531574,      -6.567168619,      -1.807880501,       -4.69081797,      0.2543037921,         100,      -4.755647513,             100,      -5.653253828,                4,      -6.113698451,    0.003240190253,      0.2862404427,       55.59917313,       55.59917313,       55.59917313,     0.07248936946,        0.82545178,      -2.937297661,                 0,                 0,                 0,      -4.616819183,        0.82545178,      -2.937297661,                 0,      -3.558412172,   4.537191608e-07,   2.239254916e-05,                 0
          0,           0,          18,      -4.835930567,       -4.34804708,      -4.371861586,      -1.976334238,      -6.527567161,      -1.884491735,      -4.704065625,      0.2211301011,         100,        -4.7958736,             100,      -5.556587088,                4,      -6.128397449,    0.003449088003,      0.3043671469,       61.15909045,       61.15909045,       61.15909045,     0.07248936946,      0.8419274253,      -3.020465361,                 0,                 0,                 0,      -4.739332322,      0.8419274253,      -3.020465361,                 0,      -3.587560246,   3.864658077e-07,   2.155911493e-05,                 0
          0,           0,          19,      -4.885326999,      -4.411396707,      -4.403790571,      -2.025730669,      -6.481583151,      -1.960817014,      -4.779408631,      0.1998236456,         100,      -4.650524208,             100,      -5.933314808,                4,      -6.133371907,     0.00367943267,       0.324396832,       67.27499949,       67.27499949,       67.27499949,     0.07248936946,      0.8592182209,      -3.108016703,                 0,                 0,                 0,      -4.875365984,      0.8592182209,      -3.108016703,                 0,      -3.617261165,   2.837190949e-07,    2.06111448e-05,                 0
          0,           0,          20,      -4.966145179,      -4.441171765,      -4.381797222,      -2.106548845,      -6.433381257,      -2.037067973,      -4.893710591,      0.1841633294,         100,      -4.691637992,             100,      -5.622871144,                4,      -6.117770411,    0.003934364507,      0.3465889199,       74.00249944,       74.00249944,       74.00249944,     0.07248936946,      0.8727631587,      -3.187798169,                 0,                 0,                 0,      -4.999424371,      0.8727631587,      -3.187798169,                 0,      -3.652535212,   2.542740221e-07,   1.978856105e-05,                 0
          0,           0,          21,      -5.066561803,      -4.439328827,      -4.344969236,      -2.206965471,      -6.384718172,      -2.109756738,      -4.988640247,      0.1599604675,         100,      -4.853169673,             100,       -5.59324575,                4,      -6.095172914,    0.004217992263,      0.3712790081,       81.40274939,       81.40274939,       81.40274939,     0.07248936946,      0.8756344942,      -3.236878635,                 0,                 0,                 0,      -5.068168395,      0.8756344942,      -3.236878635,                 0,      -3.696609323,   2.059281491e-07,   1.950721001e-05,                 0
          0,           0,          22,      -5.134490437,      -4.445369253,      -4.340243683,      -2.274894101,      -6.336955282,      -2.180620924,      -5.031792956,      0.1195277294,         100,      -4.692361129,             100,      -5.779755603,                4,       -6.08761251,     0.00453514245,       0.398866694,       89.54302433,       89.54302433,       89.54302433,     0.07248936946,      0.8642761192,      -3.241116735,                 0,                 0,                 0,      -5.056962976,      0.8642761192,      -3.241116735,                 0,      -3.750094053,   1.001772876e-07,    1.75147293e-05,                 0
          0,           0,          23,      -5.132572522,      -4.470100735,      -4.378760118,      -2.272976187,       -6.28892204,      -2.250420805,      -5.063936412,     0.06210715997,         100,      -4.695154058,             100,      -5.782692295,                4,      -6.071549938,    0.004892449579,      0.4299283781,       98.49732676,       98.49732676,       98.49732676,     0.07248936946,      0.8388303917,      -3.197396158,                 0,                 0,                 0,      -4.963068242,      0.8388303917,      -3.197396158,                 0,      -3.811731417,   1.614710718e-07,   1.547645609e-05,                 0
          0,           0,          24,      -5.119695297,      -4.484761315,      -4.431959508,      -2.260098965,      -6.237920155,      -2.317289848,       -5.10664928,     0.01847806255,         100,      -4.688945704,             100,      -5.446599655,                4,      -6.064780347,    0.005301196869,      0.4654818675,               100,               100,               100,     0.07248936946,      0.8012315978,      -3.107472103,                 0,                 0,                 0,      -4.792088366,      0.8012315978,      -3.107472103,                 0,       -3.87836939,   2.015122896e-07,   1.860900839e-05,                 0
          0,           0,          25,      -5.142936202,      -4.462787983,      -4.455830225,       -2.28333988,      -6.181022896,      -2.384715405,      -5.146906691,     0.01256691131,         100,      -4.647879063,             100,      -5.557723221,                4,      -6.089997196,     0.00533385579,      0.4680675715,               100,               100,               100,     0.07248936946,      0.7586976508,       -2.99044501,                 0,                 0,                 0,      -4.576953865,      0.7586976508,       -2.99044501,                 0,      -3.941550374,  -4.793755588e-09,   1.758696723e-05,                 0
          0,           0,          26,      -5.209268202,      -4.448669119,      -4.490400208,      -2.349671881,       -6.11990152,      -2.451312071,      -5.174216747,    -0.02905100519,         100,      -4.593821478,             100,      -5.512130475,                4,      -6.096380922,    0.005325060343,      0.4671436807,               100,               100,               100,     0.07248936946,      0.7159709718,      -2.861627454,                 0,                 0,                 0,      -4.342768458,      0.7159709718,      -2.861627454,                 0,       -3.99684843,    9.65244171e-08,   1.809076657e-05,                 0
          0,           0,          27,      -5.266169269,      -4.452423996,      -4.550617906,      -2.406572937,      -6.057731158,      -2.514709367,      -5.206706464,    -0.09196217057,         100,      -4.568528782,             100,      -5.957369952,                4,      -6.095932556,    0.005350522899,      0.4693327497,               100,               100,               100,     0.07248936946,      0.6769267352,      -2.735463102,                 0,                 0,                 0,      -4.112666836,      0.6769267352,      -2.735463102,                 0,      -4.041003198,   1.493361991e-07,   1.639365561e-05,                 0
          0,           0,          28,      -5.293554564,      -4.471125934,      -4.623273997,      -2.433958231,      -5.998462612,       -2.56650981,      -5.243214195,     -0.1326917943,         100,      -4.620455468,             100,      -5.460077184,                4,      -6.117872151,    0.005401025876,      0.4737733217,               100,               100,               100,     0.07248936946,      0.6457782493,      -2.627722832,                 0,                 0,                 0,      -3.912640459,      0.6457782493,      -2.627722832,                 0,      -4.069079184,    1.43464194e-07,   1.546238159e-05,                 0
          0,           0,          29,       -5.30404303,      -4.495988827,      -4.661613738,        -2.4444467,      -5.942014172,      -2.604250554,      -5.252780456,     -0.1305694366,         100,      -4.665297791,              17,      -6.002595658,                4,      -6.118909075,    0.005464157076,      0.4793140271,               100,               100,               100,     0.07248936946,      0.6264734738,      -2.552489398,                 0,                 0,                 0,      -3.766916154,      0.6264734738,      -2.552489398,                 0,      -4.074377456,   3.671903748e-07,   1.498817703e-05,                 0
          0,           0,          30,         -5.311071,      -4.520301987,      -4.648082436,      -2.451474663,      -5.891722345,      -2.631574333,      -5.209841348,     -0.1005973259,         100,      -4.693221567,             100,      -5.370919686,                4,      -6.078223992,    0.005525927168,      0.4846715292,               100,               100,               100,     0.07248936946,      0.6217160557,      -2.519141862,                 0,                 0,                 0,      -3.692149886,      0.6217160557,      -2.519141862,                 0,       -4.05191701,   4.472891941e-07,   1.445408969e-05,                 0
          0,           0,          31,      -5.320096703,      -4.542097239,      -4.621177529,      -2.460500364,      -5.843928365,      -2.641201136,      -5.134753242,    -0.07212072252,         100,      -4.693424502,             100,      -5.521381214,                4,       -6.07407588,     0.00557360101,      0.4886988168,               100,               100,               100,     0.07248936946,      0.6321811302,      -2.531087269,                 0,                 0,                 0,      -3.694498855,      0.6321811302,      -2.531087269,                 0,      -4.003737456,   4.140072799e-07,   1.298660933e-05,                 0
          0,           0,          32,      -5.334957512,      -4.561567418,      -4.610524663,      -2.475361184,      -5.805530431,      -2.638884237,      -5.060686091,    -0.04527048902,         100,      -4.801223826,             100,      -5.697441082,                4,      -6.086965671,    0.005598494447,      0.4906416038,               100,               100,               100,     0.07248936946,      0.6564271921,      -2.586076734,                 0,                 0,                 0,      -3.769946709,      0.6564271921,      -2.586076734,                 0,       -3.93962463,   4.122496415e-07,   1.222421001e-05,                 0
          0,           0,          33,      -5.359695353,      -4.578041805,      -4.623390001,      -2.500099023,      -5.768681082,      -2.637562164,      -5.003848329,    -0.01761316051,         100,      -4.688475955,             100,      -5.642595508,                4,       -6.06335595,    0.005597882733,      0.4903004308,               100,               100,               100,     0.07248936946,      0.6913101071,      -2.677497342,                 0,                 0,                 0,      -3.906641748,      0.6913101071,      -2.677497342,                 0,      -3.873077095,   4.653158926e-07,   1.120544265e-05,                 0
          0,           0,          34,      -5.396634013,      -4.589719017,      -4.658168865,      -2.537037687,      -5.733179197,      -2.649977386,      -4.967893826,    0.002195433838,         100,      -4.758373505,             100,      -5.540848376,                5,      -6.656223502,    0.005574541748,      0.4879718061,               100,               100,               100,     0.07248936946,      0.7327769831,       -2.79598129,                 0,                 0,                 0,      -4.087991608,      0.7327769831,       -2.79598129,                 0,      -3.815596497,   4.095209717e-07,   1.067945075e-05,                 0
          0,           0,          35,      -5.444610517,      -4.595449349,      -4.709966646,      -2.585014177,      -5.700254433,      -2.682282148,      -4.951143474,    0.006637739826,         100,      -4.689722093,              65,      -6.000239677,                5,      -6.555555979,    0.005534869308,      0.4842631925,               100,               100,               100,     0.07248936946,      0.7766034002,      -2.930847666,                 0,                 0,                 0,      -4.295449939,      0.7766034002,      -2.930847666,                 0,      -3.773931025,   4.077180914e-07,   1.227415536e-05,                 0
          0,           0,          36,      -5.497973718,      -4.596424859,       -4.77079341,      -2.638377384,      -5.670714673,      -2.732091797,      -4.949720212,   -0.004804196173,         100,      -4.593604588,             100,      -5.504153992,                5,      -6.448788248,    0.005486559147,      0.4798774177,               100,               100,               100,     0.07248936946,      0.8189054127,      -3.071261192,                 0,                 0,                 0,       -4.51056667,      0.8189054127,      -3.071261192,                 0,      -3.750446809,    4.51551757e-07,   9.443768297e-06,                 0
          0,           0,          37,      -5.546971904,      -4.595707197,      -4.828997422,      -2.687375569,      -5.645391741,      -2.794298327,      -4.959063984,    -0.02830255188,         100,      -4.576664617,             100,      -5.513602853,                5,      -6.332570487,    0.005436940506,      0.4754666739,               100,               100,               100,     0.07248936946,      0.8563948186,      -3.207064633,                 0,                 0,                 0,      -4.716276657,      0.8563948186,      -3.207064633,                 0,      -3.744843574,    4.09706937e-07,   8.765430357e-06,                 0
          0,           0,          38,      -5.581743505,      -4.595522685,       -4.87000631,      -2.722147171,       -5.62530989,      -2.856546972,      -4.976929154,    -0.05772988744,         100,      -4.649393157,             100,      -5.347106475,                5,      -6.248259793,    0.005370524358,      0.4696204893,               100,               100,               100,     0.07248936946,        0.88689901,      -3.330313176,                 0,                 0,                 0,      -4.899052358,        0.88689901,      -3.330313176,                 0,      -3.755008336,   4.273512758e-07,   7.506252388e-06,                 0
          0,           0,          39,      -5.599460633,      -4.598954806,      -4.891121674,      -2.739864293,      -5.611053135,      -2.903540245,      -4.998392258,    -0.08807173124,         100,      -4.559244603,             100,      -5.496812569,                5,      -6.177488915,    0.005312789352,      0.4646096609,               100,               100,               100,     0.07248936946,      0.9080152639,      -3.432207582,                 0,                 0,                 0,      -5.044622536,      0.9080152639,      -3.432207582,                 0,      -3.779900755,   4.012556014e-07,   7.333397581e-06,                 0
          0,           0,          40,       -5.60480247,      -4.605916263,      -4.895126067,      -2.745206133,      -5.602228459,      -2.933787362,      -5.019909562,      -0.115316702,         100,       -4.53409153,             100,      -5.497681575,                5,      -6.125428652,    0.005270207205,      0.4609977527,               100,               100,               100,     0.07248936946,      0.9182433433,      -3.506137995,                 0,                 0,                 0,      -5.142148879,      0.9182433433,      -3.506137995,                 0,      -3.818310277,   3.761648243e-07,   5.859679444e-06,                 0
          0,           0,          41,      -5.602481598,       -4.61596557,      -4.891407562,      -2.742885261,      -5.599240964,       -2.95364948,      -5.039773112,     -0.1364583035,         100,      -4.585834826,             100,      -5.369217858,                5,      -6.086169817,     0.00524564481,      0.4590285729,               100,               100,               100,     0.07248936946,       0.916961389,       -3.54771352,                 0,                 0,                 0,      -5.184636023,       0.916961389,       -3.54771352,                 0,      -3.868988992,   3.462751749e-07,   5.002710961e-06,                 0
          0,           0,          42,      -5.595256492,        -4.6283005,      -4.887950593,      -2.735660157,      -5.601372149,      -2.970745335,      -5.057480014,     -0.1516078549,         100,      -4.507608131,             100,      -5.571592471,                5,      -6.055713147,     0.00524136023,      0.4588969007,               100,               100,               100,     0.07248936946,      0.9043598851,      -3.554771749,                 0,                 0,                 0,      -5.169098372,      0.9043598851,      -3.554771749,                 0,      -3.930704809,   3.006833672e-07,   6.229210497e-06,                 0
          0,           0,          43,      -5.584982195,      -4.641164914,      -4.886890399,      -2.725385867,      -5.608035459,      -2.989919396,      -5.074421441,     -0.1591535032,         100,      -4.487751506,             100,        -5.3297165,                5,      -6.042158014,    0.005234512696,      0.4585374587,               100,               100,               100,     0.07248936946,      0.8819434666,      -3.528824767,                 0,                 0,                 0,      -5.098513493,      0.8819434666,      -3.528824767,                 0,      -4.001191574,   2.945872946e-07,   6.060344173e-06,                 0
          0,           0,          44,      -5.572779993,      -4.655133597,      -4.891272154,      -2.713183655,      -5.618578496,      -3.007354129,      -5.089937084,     -0.1594420552,         100,      -4.551238564,             100,      -5.688843481,                5,      -6.036473291,    0.005248803419,      0.4600809401,               100,               100,               100,     0.07248936946,      0.8510291618,      -3.471372928,                 0,                 0,                 0,      -4.976987461,      0.8510291618,      -3.471372928,                 0,      -4.079029349,   2.680642676e-07,     5.8133101e-06,                 0
          0,           0,          45,      -5.560556977,      -4.668942012,      -4.898040338,      -2.700960654,      -5.632373181,      -3.021293488,      -5.103868977,     -0.1628576587,         100,      -4.660125739,             100,      -5.369567791,                5,      -6.024683407,    0.005286244681,      0.4637108462,               100,               100,               100,     0.07248936946,      0.8137155363,      -3.386520553,                 0,                 0,                 0,      -4.812753731,      0.8137155363,      -3.386520553,                 0,      -4.161799058,   2.547652356e-07,   4.434829684e-06,                 0
          0,           0,          46,      -5.549667988,      -4.682081614,      -4.904881339,       -2.69007165,      -5.654774593,      -3.030373026,      -5.116000677,     -0.1790159793,         100,      -4.727640305,             100,      -5.388132053,                6,      -6.866038364,    0.005346557854,      0.4694050316,               100,               100,               100,     0.07248936946,      0.7724844968,      -3.280083398,                 0,                 0,                 0,      -4.616851727,      0.7724844968,      -3.280083398,                 0,      -4.246147867,   3.330459205e-07,   4.365168581e-06,                 0
          0,           0,          47,      -5.541826994,      -4.693800081,      -4.910082385,      -2.682230659,      -5.674542425,       -3.03981242,      -5.126866865,     -0.1873874681,         100,      -4.647281184,             100,      -5.774365659,                6,      -6.800030973,    0.005413307321,      0.4756756999,               100,               100,               100,     0.07248936946,       0.730086981,      -3.159305793,                 0,                 0,                 0,      -4.402259081,       0.730086981,      -3.159305793,                 0,      -4.327300548,   3.006761112e-07,   7.106247858e-06,                 0
          0,           0,          48,      -5.536168778,      -4.704697364,      -4.913723293,      -2.676572445,      -5.692175293,      -3.056194878,      -5.136116851,     -0.1875461645,         100,       -4.73696228,             100,      -5.576287852,                6,      -6.743030067,    0.005494258335,      0.4832278313,               100,               100,               100,     0.07248936946,       0.688609278,      -3.030419264,                 0,                 0,                 0,      -4.180483386,       0.688609278,      -3.030419264,                 0,      -4.400781924,   3.043165924e-07,   6.326825026e-06,                 0
          0,           0,          49,      -5.532896261,      -4.714716383,      -4.917827615,      -2.673299931,      -5.706685925,      -3.076267134,      -5.143685895,     -0.1918856513,         100,      -4.638038144,             100,       -5.60660853,                6,      -6.689554447,    0.005589427586,      0.4920668596,               100,               100,               100,     0.07248936946,      0.6497097683,      -2.899045939,                 0,                 0,                 0,      -3.961501498,      0.6497097683,      -2.899045939,                 0,      -4.462063033,   2.453440094e-07,   5.035159994e-06,                 0
          0,           0,          50,      -5.534156004,      -4.723206497,      -4.924326271,      -2.674559666,      -5.718200967,      -3.099335746,       -5.15138067,     -0.2009940197,         100,      -4.694374393,             100,      -5.919174055,                6,      -6.658767806,     0.00565955881,       0.498612574,               100,               100,               100,     0.07248936946,       0.615146958,       -2.77144187,                 0,                 0,                 0,      -3.755170024,       0.615146958,       -2.77144187,                 0,      -4.505332968,   1.421264622e-07,    3.99971078e-06,                 0
          0,           0,          51,      -5.538663776,       -4.73042527,      -4.930855022,      -2.679067434,      -5.733121935,      -3.125685963,      -5.161352505,     -0.2131997712,         100,      -4.607761142,             100,      -5.345814257,                6,      -6.655615279,    0.005668968782,      0.4995934941,               100,               100,               100,     0.07248936946,      0.5862417832,      -2.652960302,                 0,                 0,                 0,      -3.569576274,      0.5862417832,      -2.652960302,                 0,      -4.525368847,   8.099434599e-08,   3.840754165e-06,                 0
          0,           0,          52,      -5.543325385,      -4.739443438,      -4.941344709,      -2.683729048,       -5.74811035,      -3.149726288,      -5.170996357,     -0.2222010005,         100,       -4.46202357,             100,      -5.231038744,                6,      -6.659851607,    0.005697545662,      0.5023022299,               100,               100,               100,     0.07248936946,      0.5620102238,      -2.542767749,                 0,                 0,                 0,      -3.404499653,      0.5620102238,      -2.542767749,                 0,      -4.524415467,   1.315417146e-07,   4.321209816e-06,                 0
          0,           0,          53,      -5.552051771,      -4.747629062,      -4.956646393,       -2.69245544,       -5.76249238,      -3.171805978,      -5.180363978,     -0.2288520488,         100,      -4.331154765,             100,      -5.170538552,                6,      -6.658093347,    0.005742482585,      0.5064857366,               100,               100,               100,     0.07248936946,      0.5416673997,      -2.440235286,                 0,                 0,                 0,      -3.258059113,      0.5416673997,      -2.440235286,                 0,      -4.505043662,    1.46456238e-07,   3.213970903e-06,                 0
          0,           0,          54,      -5.565695751,      -4.754754964,      -4.974294388,      -2.706099418,      -5.775863999,      -3.191555113,      -5.190113727,     -0.2346016486,         100,      -4.311761356,             100,      -4.886110861,                6,      -6.657886062,    0.005802750781,       0.512057129,               100,               100,               100,     0.07248936946,      0.5243928692,      -2.344509242,                 0,                 0,                 0,      -3.127631302,      0.5243928692,      -2.344509242,                 0,      -4.470902218,    1.59453955e-07,   4.964612946e-06,                 0
          0,           0,          55,      -5.585130305,      -4.760425412,      -4.991449948,      -2.725533972,      -5.788053149,      -3.208340525,      -5.200799928,     -0.2385543865,         100,      -4.473178337,             100,       -5.67294977,                6,       -6.66318281,    0.005877487389,      0.5189443265,               100,               100,               100,     0.07248936946,      0.5093937604,      -2.254579483,                 0,                 0,                 0,      -3.010302143,      0.5093937604,      -2.254579483,                 0,      -4.426005299,   5.316817731e-08,   4.122239141e-06,                 0
          0,           0,          56,      -5.611087595,      -4.764464686,      -5.005634069,      -2.751491264,      -5.799231859,      -3.221375857,      -5.212770658,     -0.2412730179,         100,      -4.409702363,             100,      -5.423401835,                6,      -6.670697117,    0.005965526886,      0.5270456087,               100,               100,               100,     0.07248936946,      0.4959546218,      -2.169469717,                 0,                 0,                 0,      -2.903183661,      0.4959546218,      -2.169469717,                 0,      -4.374331081,   6.348422091e-08,   5.299952451e-06,                 0
          0,           0,          57,      -5.643952146,      -4.766927203,      -5.015308214,      -2.784355813,      -5.809675324,      -3.228939302,      -5.226120424,     -0.2430503529,         100,      -4.609842915,             100,      -5.610364856,                6,      -6.676790991,    0.006065397486,      0.5362306366,               100,               100,               100,     0.07248936946,      0.4834700504,      -2.088303478,                 0,                 0,                 0,      -2.803645016,      0.4834700504,      -2.088303478,                 0,      -4.319406085,     3.0798766e-08,   5.054960585e-06,                 0
          0,           0,          58,      -5.688245291,      -4.766772199,      -5.021169476,      -2.828648958,      -5.821085768,      -3.229644823,      -5.242823503,     -0.2441962524,         100,       -4.56300609,             100,      -5.274940199,                5,      -6.021053336,    0.006125094939,      0.5417175253,               100,               100,               100,     0.07248936946,      0.4720599564,      -2.012264163,                 0,                 0,                 0,      -2.711619395,      0.4720599564,      -2.012264163,                 0,      -4.262730052,   6.142373316e-08,   7.119553255e-06,                 0
          0,           0,          59,      -5.737925475,       -4.76605551,       -5.02075057,      -2.878329139,      -5.831469568,      -3.220644299,      -5.262251761,     -0.2472294938,         100,       -4.49088384,             100,      -5.127306008,                5,      -6.054613966,    0.006162005721,      0.5451003868,               100,               100,               100,     0.07248936946,       0.461429149,      -1.941029596,                 0,                 0,                 0,      -2.626080826,       0.461429149,      -1.941029596,                 0,      -4.206560423,   9.345830137e-08,     6.1162903e-06,                 0
          0,           0,          60,      -5.791923662,      -4.765388463,      -5.017737292,      -2.932327331,      -5.840643027,      -3.207425908,      -5.282360733,     -0.2484002731,         100,      -4.497889356,             100,      -5.305687515,                5,      -6.100726705,    0.006200763277,       0.548644851,               100,               100,               100,     0.07248936946,       0.451208424,      -1.873680198,                 0,                 0,                 0,      -2.545466298,       0.451208424,      -1.873680198,                 0,      -4.152582484,   1.010740607e-07,    7.53589416e-06,                 0
          0,           0,          61,      -5.849251986,      -4.764509675,      -5.014756195,      -2.989655652,      -5.850053675,      -3.192214788,      -5.301834098,      -0.249101406,         100,      -4.449662786,             100,      -5.644164004,                5,      -6.126178086,    0.006242265284,       0.552433728,               100,               100,               100,     0.07248936946,      0.4412534162,      -1.809861799,                 0,                 0,                 0,      -2.468874123,      0.4412534162,      -1.809861799,                 0,      -4.101638044,   1.052030612e-07,   6.742494854e-06,                 0
          0,           0,          62,      -5.906684248,      -4.763561816,      -5.013159744,      -3.047087911,      -5.859654933,      -3.177084557,      -5.320023339,     -0.2516716828,         100,       -4.39012338,             100,      -5.256802304,                5,      -6.148166069,    0.006283117529,      0.5561538527,               100,               100,               100,     0.07248936946,      0.4315804954,      -1.749631797,                 0,                 0,                 0,      -2.396112103,      0.4315804954,      -1.749631797,                 0,      -4.054010354,   1.125821331e-07,   6.727924079e-06,                 0
          0,           0,          63,      -5.959635421,      -4.762618571,      -5.013373273,      -3.100039096,      -5.869432116,      -3.167633792,      -5.336626755,     -0.2505652255,         100,      -4.365110041,              36,      -6.029072389,                5,      -6.167993264,    0.006318012258,      0.5593140152,               100,               100,               100,     0.07248936946,      0.4223153851,      -1.693247302,                 0,                 0,                 0,      -2.327481246,      0.4223153851,      -1.693247302,                 0,      -4.009437879,   8.576190226e-08,   9.956831395e-06,                 0
          0,           0,          64,      -6.001805925,      -4.762125315,      -5.015282434,      -3.142209592,      -5.879155242,      -3.169542922,      -5.351210463,     -0.2513673468,         100,      -4.186924982,             100,      -5.822962837,                5,      -6.179648951,     0.00635567494,      0.5627165625,               100,               100,               100,     0.07248936946,      0.4135319777,      -1.640700147,                 0,                 0,                 0,      -2.263132356,      0.4135319777,      -1.640700147,                 0,       -3.96752908,   1.185567709e-07,   8.815210671e-06,                 0
          0,           0,          65,      -6.029701345,      -4.761347744,      -5.018265924,      -3.170105015,      -5.889205299,      -3.171484481,      -5.363715022,     -0.2517187344,         100,      -4.115095381,             100,      -5.355413586,                5,      -6.190814499,    0.006347429382,      0.5645381905,               100,               100,               100,     0.07248936946,      0.4055155258,      -1.592634107,                 0,                 0,                 0,      -2.203953399,      0.4055155258,      -1.592634107,                 0,      -3.927430654,   1.060282634e-07,   5.175351815e-06,                 0
          0,           0,          66,      -6.040398796,       -4.76114851,      -5.021355384,      -3.180802448,      -5.899652233,      -3.174335632,      -5.374264364,     -0.2538588522,         100,       -4.15356871,             100,      -5.368509561,                5,      -6.199980711,    0.006199179132,      0.5652225284,               100,               100,               100,     0.07248936946,      0.3984068067,      -1.549255031,                 0,                 0,                 0,      -2.150426991,      0.3984068067,      -1.549255031,                 0,      -3.888625909,   1.127674295e-07,   6.391480844e-06,                 0
          0,           0,          67,      -6.035388141,      -4.761824501,      -5.024398941,      -3.175791802,       -5.91012972,      -3.182122561,      -5.382624346,     -0.2515753942,         100,      -4.087267031,             100,      -5.734973306,                5,      -6.203146254,    0.006077414053,      0.5659664444,               100,               100,               100,     0.07248936946,      0.3922198056,       -1.51036661,                 0,                 0,                 0,      -2.102548691,      0.3922198056,       -1.51036661,                 0,      -3.850816783,   1.082628726e-07,   7.674205467e-06,                 0
          0,           0,          68,      -6.017154433,      -4.763014997,      -5.026978847,      -3.157558089,      -5.920866945,      -3.190827698,      -5.388385973,     -0.2473663649,         100,      -4.078159024,             100,      -5.962972995,                5,      -6.206051511,    0.005978493227,      0.5666455969,               100,               100,               100,     0.07248936946,      0.3870336434,      -1.476019625,                 0,                 0,                 0,      -2.060499362,      0.3870336434,      -1.476019625,                 0,      -3.813672663,    1.05396969e-07,   7.978493417e-06,                 0
          0,           0,          69,      -5.990165972,      -4.765040487,      -5.028916792,      -3.130569627,      -5.931696092,      -3.211265822,      -5.391537411,     -0.2428181894,         100,       -4.07818857,              92,      -6.008314397,                5,      -6.219634266,    0.005899588601,      0.5676440457,               100,               100,               100,     0.07248936946,      0.3828711778,      -1.446135812,                 0,                 0,                 0,      -2.024322802,      0.3828711778,      -1.446135812,                 0,      -3.777081942,   1.012217825e-07,   1.044605231e-05,                 0
          0,           0,          70,       -5.95837257,       -4.76783219,      -5.030071701,      -3.098776243,      -5.942400047,      -3.250821431,      -5.392216966,     -0.2434522596,         100,      -4.216185737,             100,      -5.614305677,                5,      -6.235307795,    0.005823313362,      0.5689062653,               100,               100,               100,     0.07248936946,      0.3797610086,      -1.420698229,                 0,                 0,                 0,      -1.994094249,      0.3797610086,      -1.420698229,                 0,      -3.741032377,   4.285200807e-08,   4.864022271e-06,                 0
          0,           0,          71,      -5.925257775,       -4.77133393,      -5.030293759,      -3.065661436,      -5.953126738,      -3.298133159,      -5.390875092,     -0.2510895806,         100,      -4.283346602,             100,       -5.74356779,                5,       -6.24194886,    0.005537036151,      0.5700503377,               100,               100,               100,     0.07248936946,      0.3777260171,      -1.399707587,                 0,                 0,                 0,      -1.969893506,      0.3777260171,      -1.399707587,                 0,      -3.705616037,   3.682470885e-08,   6.221112084e-06,                 0
          0,           0,          72,      -5.893181551,      -4.775635019,      -5.029736791,      -3.033585222,      -5.963540974,      -3.351575685,      -5.388591741,     -0.2645873434,         100,      -4.221151876,             100,      -5.327776365,                5,      -6.235010989,    0.005027448008,      0.5713723387,               100,               100,               100,     0.07248936946,      0.3767114588,      -1.382963532,                 0,                 0,                 0,      -1.951520434,      0.3767114588,      -1.382963532,                 0,      -3.671148035,  -1.388847149e-08,   5.254823811e-06,                 0
          0,           0,          73,      -5.863622015,      -4.780485054,      -5.028682283,      -3.004025697,      -5.972421245,      -3.404915517,       -5.38646651,     -0.2790615749,         100,       -4.34849638,             100,      -5.789899045,                5,      -6.227205088,    0.004617309152,      0.5728188537,               100,               100,               100,     0.07248936946,      0.3766433496,      -1.370216383,                 0,                 0,                 0,      -1.938671732,      0.3766433496,      -1.370216383,                 0,      -3.637967815,    -3.2791704e-08,   7.206076953e-06,                 0
          0,           0,          74,       -5.83740502,      -4.785709812,      -5.027447245,      -2.977808692,      -5.981336065,      -3.453705386,      -5.385433862,     -0.2914306352,         100,      -4.375707805,             100,      -5.427386325,                5,      -6.220733994,     0.00428290404,       0.574311482,               100,               100,               100,     0.07248936946,      0.3774405631,        -1.3611895,                 0,                 0,                 0,      -1.930964951,      0.3774405631,        -1.3611895,                 0,      -3.606367818,   -8.43591145e-08,    7.09992648e-06,                 0
          0,           0,          75,      -5.814800632,      -4.791172879,      -5.026431563,      -2.955204306,      -5.990266411,      -3.500650688,      -5.386220491,     -0.3044835924,         100,      -4.482311481,             100,      -5.509509051,                5,      -6.210388455,    0.004008830789,      0.5761966474,               100,               100,               100,     0.07248936946,      0.3789753725,      -1.355471575,                 0,                 0,                 0,      -1.927857192,      0.3789753725,      -1.355471575,                 0,      -3.576674564,  -1.152772169e-07,   6.417210454e-06,                 0
          0,           0,          76,      -5.796290469,      -4.796519596,      -5.025857362,      -2.936694142,       -5.99903173,      -3.541801206,      -5.389175881,     -0.3172414659,         100,      -4.482829418,             100,      -5.296600441,                5,      -6.208230678,    0.003783767405,      0.5781880613,               100,               100,               100,     0.07248936946,      0.3811819462,      -1.352830842,                 0,                 0,                 0,      -1.929011532,      0.3811819462,      -1.352830842,                 0,      -3.549042277,  -1.572929514e-07,   7.071234479e-06,                 0
          0,           0,          77,      -5.781825555,      -4.801713721,      -5.025900433,      -2.922229223,      -6.007443429,      -3.574252539,       -5.39430271,     -0.3282914083,         100,      -4.546136837,             100,      -5.967148004,                5,      -6.205104116,    0.003598997854,      0.5803271292,               100,               100,               100,     0.07248936946,      0.3839885061,      -1.353006517,                 0,                 0,                 0,      -1.934088993,      0.3839885061,      -1.353006517,                 0,      -3.523559938,   -2.05558096e-07,   7.522637485e-06,                 0
          0,           0,          78,      -5.771369928,      -4.806557355,      -5.026464106,      -2.911773595,      -6.015256588,      -3.595032651,      -5.401437312,     -0.3359989615,         100,      -4.498237985,             100,      -5.555076403,                5,      -6.199070346,     0.00344756012,      0.5826932737,               100,               100,               100,     0.07248936946,       0.387330453,       -1.35575402,                 0,                 0,                 0,       -1.94276628,       0.387330453,       -1.35575402,                 0,      -3.500251555,  -2.132844048e-07,   7.652659089e-06,                 0
          0,           0,          79,      -5.764911432,      -4.811096858,      -5.027607181,      -2.905315103,      -6.022427551,      -3.601483292,       -5.41028926,     -0.3409367294,         100,      -4.610532682,             100,      -5.460880264,                5,      -6.190993085,    0.003323779191,      0.5854718595,               100,               100,               100,     0.07248936946,      0.3911384818,      -1.360807311,                 0,                 0,                 0,      -1.954696874,      0.3911384818,      -1.360807311,                 0,      -3.479093402,  -2.188517434e-07,   7.532359421e-06,                 0
          0,           0,          80,      -5.762662323,      -4.815283768,      -5.029327845,      -2.903065991,      -6.028981457,      -3.595814074,      -5.420455626,     -0.3460440688,         100,      -4.593458712,             100,      -5.611446538,                5,      -6.179236374,    0.003222860657,      0.5883481526,               100,               100,               100,     0.07248936946,      0.3953903059,      -1.368042046,                 0,                 0,                 0,      -1.969700509,      0.3953903059,      -1.368042046,                 0,      -3.459978724,  -2.143730984e-07,   7.258430162e-06,                 0
          0,           0,          81,      -5.764500625,      -4.819255847,      -5.031737856,      -2.904904298,      -6.034922445,      -3.581917968,      -5.431446849,     -0.3499528456,         100,      -4.579603107,             100,       -5.80278451,                5,      -6.166523845,    0.003140837131,      0.5911025268,               100,               100,               100,     0.07248936946,      0.4000687143,      -1.377346243,                 0,                 0,                 0,      -1.987628537,      0.4000687143,      -1.377346243,                 0,      -3.442774189,  -2.316203306e-07,   6.853531614e-06,                 0
          0,           0,          82,      -5.770192188,      -4.823276742,      -5.035035021,      -2.910595853,      -6.040223528,      -3.562094829,      -5.442590253,     -0.3525788418,         100,      -4.544327553,             100,      -5.741050903,                5,       -6.15265056,    0.002870722558,      0.5940507347,               100,               100,               100,     0.07248936946,      0.4051151062,       -1.38850137,                 0,                 0,                 0,      -2.008190247,      0.4051151062,       -1.38850137,                 0,      -3.427424326,  -2.283352786e-07,   6.268483163e-06,                 0
          0,           0,          83,      -5.780048484,      -4.827403012,      -5.039015541,      -2.920452144,      -6.044853442,      -3.540399037,      -5.453177662,     -0.3556162874,         100,      -4.505953216,             100,      -5.514491556,                5,      -6.137760238,    0.002570691854,      0.5968812268,               100,               100,               100,     0.07248936946,      0.4105121814,       -1.40140829,                 0,                 0,                 0,      -2.031231007,      0.4105121814,       -1.40140829,                 0,      -3.413804397,  -1.912774536e-07,   5.528944091e-06,                 0
          0,           0,          84,      -5.793437197,      -4.831714325,       -5.04354116,      -2.933840863,      -6.048762566,      -3.516369339,      -5.462298525,       -0.35609019,         100,      -4.470861287,             100,      -5.717530602,                5,      -6.126224863,    0.002359806788,       0.600022401,               100,               100,               100,     0.07248936946,       0.416193464,      -1.415841884,                 0,                 0,                 0,      -2.056431684,       0.416193464,      -1.415841884,                 0,      -3.401883995,  -1.882676157e-07,   4.897936275e-06,                 0
          0,           0,          85,      -5.810638848,      -4.836136161,      -5.048510313,      -2.951042514,      -6.051999618,       -3.49312119,      -5.469532953,     -0.3572345092,         100,      -4.505495106,             100,      -5.661254626,                5,      -6.118438114,    0.002203175891,      0.6031788247,               100,               100,               100,     0.07248936946,      0.4221390266,       -1.43170559,                 0,                 0,                 0,      -2.083627396,      0.4221390266,       -1.43170559,                 0,       -3.39154994,  -1.597955895e-07,   4.365723099e-06,                 0
          0,           0,          86,      -5.831080966,      -4.840750581,      -5.054147797,      -2.971484633,      -6.054704998,      -3.471173775,      -5.474091577,     -0.3578353379,         100,      -4.481512486,             100,      -5.759013388,                5,      -6.114520694,    0.002080289064,      0.6064385709,               100,               100,               100,     0.07248936946,      0.4283092964,      -1.448866073,                 0,                 0,                 0,      -2.112602161,      0.4283092964,      -1.448866073,                 0,       -3.38275654,  -1.629648916e-07,   3.806989586e-06,                 0
          0,           0,          87,      -5.854575335,      -4.845669015,      -5.060704325,      -2.994978996,      -6.057071718,      -3.451115277,      -5.475352243,      -0.358899514,         100,      -4.494774784,             100,      -5.633449737,                5,      -6.110502255,     0.00197887965,      0.6097295349,               100,               100,               100,     0.07248936946,      0.4346712622,      -1.467202702,                 0,                 0,                 0,      -2.143158311,      0.4346712622,      -1.467202702,                 0,      -3.375430652,  -1.424839341e-07,   3.237364029e-06,                 0
          0,           0,          88,      -5.880449402,      -4.850985528,      -5.068353055,      -3.020853068,      -6.059247756,      -3.434085566,      -5.473067013,     -0.3609969208,         100,      -4.480126458,             100,      -5.940628725,                5,      -6.106335504,    0.001892183958,      0.6129805869,               100,               100,               100,     0.07248936946,        0.44119556,      -1.486611241,                 0,                 0,                 0,       -2.17510867,        0.44119556,      -1.486611241,                 0,      -3.369506351,  -1.197676084e-07,   3.317323409e-06,                 0
          0,           0,          89,      -5.908086395,      -4.856785726,       -5.07697439,      -3.048490065,      -6.061344134,      -3.420005195,      -5.467427103,     -0.3627403625,         100,      -4.426763249,             100,      -5.957182951,                5,       -6.10564851,    0.001816782149,      0.6160710618,               100,               100,               100,     0.07248936946,      0.4478539352,      -1.506988871,                 0,                 0,                 0,       -2.20827143,      0.4478539352,      -1.506988871,                 0,      -3.364911531,  -9.829994619e-08,   3.033277636e-06,                 0
          0,           0,          90,      -5.936021223,      -4.863160229,      -5.086366013,      -3.076424891,      -6.063435133,      -3.406935723,      -5.458700673,     -0.3636921433,         100,      -4.421316965,             100,      -5.850463233,                5,      -6.107679038,    0.001750966344,      0.6194571178,               100,               100,               100,     0.07248936946,      0.4545683632,      -1.528108089,                 0,                 0,                 0,      -2.242294931,      0.4545683632,      -1.528108089,                 0,      -3.361668371,  -1.096993164e-07,   3.534639351e-06,                 0
          0,           0,          91,      -5.964286638,      -4.870159097,       -5.09617286,      -3.104690297,      -6.065611751,      -3.399012143,      -5.447749203,     -0.3664115099,         100,       -4.42561242,              96,      -6.000049822,                5,      -6.108582061,    0.001693694734,      0.6227311701,               100,               100,               100,     0.07248936946,      0.4613185628,      -1.549898632,                 0,                 0,                 0,      -2.277025449,      0.4613185628,      -1.549898632,                 0,      -3.359714429,  -1.169777075e-07,   2.872789765e-06,                 0
          0,           0,          92,      -5.990822263,      -4.877834794,      -5.106399264,      -3.131225925,      -6.067881817,       -3.39304834,      -5.435178099,        -0.3690499,         100,      -4.421143472,              54,      -6.008962953,                5,      -6.109692916,    0.001644132403,      0.6262514463,               100,               100,               100,     0.07248936946,      0.4680340314,      -1.572157412,                 0,                 0,                 0,      -2.312142386,      0.4680340314,      -1.572157412,                 0,      -3.359066449,  -1.069100795e-07,   2.702957946e-06,                 0
          0,           0,          93,      -6.015060754,      -4.885963073,      -5.116957995,      -3.155464432,      -6.070284311,      -3.390458156,      -5.422346969,      -0.372717828,         100,      -4.450028418,             100,      -5.753047529,                5,      -6.110723532,    0.001601595715,      0.6298868517,               100,               100,               100,     0.07248936946,      0.4746662324,      -1.594740525,                 0,                 0,                 0,      -2.347395929,      0.4746662324,      -1.594740525,                 0,      -3.359709237,  -8.426694539e-08,    2.28687969e-06,                 0
          0,           0,          94,      -6.036503533,      -4.894510054,      -5.127969749,      -3.176907205,        -6.0729035,      -3.392891706,      -5.410181274,     -0.3756418861,         100,      -4.315614331,              37,      -6.048335527,                5,      -6.111683834,    0.001565491138,      0.6334359266,               100,               100,               100,     0.07248936946,      0.4811750426,      -1.617523789,                 0,                 0,                 0,      -2.382557363,      0.4811750426,      -1.617523789,                 0,      -3.361611983,  -9.824292081e-08,   2.138584588e-06,                 0
          0,           0,          95,       -6.05379501,      -4.903457308,      -5.139619052,      -3.194198669,      -6.075810937,      -3.397364088,      -5.399128063,     -0.3797933576,         100,      -4.338157435,              98,      -6.000211865,                5,      -6.111092547,    0.001535289452,      0.6371917896,               100,               100,               100,     0.07248936946,      0.4874763577,      -1.640258005,                 0,                 0,                 0,      -2.417242239,      0.4874763577,      -1.640258005,                 0,      -3.364794988,  -7.002923904e-08,   1.916298885e-06,                 0
          0,           0,          96,      -6.068160195,      -4.912738476,      -5.152006739,      -3.208563863,      -6.079086088,      -3.406255169,      -5.389708087,     -0.3846620069,         100,      -4.373059272,              99,      -6.004929981,                5,      -6.110562977,    0.001494040139,      0.6409548584,               100,               100,               100,     0.07248936946,      0.4935199386,      -1.662779089,                 0,                 0,                 0,      -2.451170044,      0.4935199386,      -1.662779089,                 0,      -3.369223732,   -6.38853545e-08,   1.611684851e-06,                 0
          0,           0,          97,      -6.085001078,      -4.921955064,      -5.165073171,      -3.225404753,      -6.082609022,       -3.43623526,      -5.384412959,     -0.3902756301,         100,      -4.221098641,             100,      -5.999511971,                5,      -6.111480926,    0.001362910081,      0.6418165689,               100,               100,               100,     0.07248936946,      0.4994800822,      -1.685519939,                 0,                 0,                 0,      -2.484856114,      0.4994800822,      -1.685519939,                 0,      -3.374548854,  -5.781686465e-08,   1.789936629e-06,                 0
          0,           0,          98,      -6.094141516,      -4.931022896,      -5.178310118,       -3.23454518,      -6.086156895,       -3.47738194,      -5.383684212,     -0.3972994936,         100,      -4.284376989,             100,      -5.997144067,                5,      -6.116292463,    0.001267933971,      0.6397671901,               100,               100,               100,     0.07248936946,      0.5053373549,      -1.708373726,                 0,                 0,                 0,      -2.518150775,      0.5053373549,      -1.708373726,                 0,      -3.380659888,  -7.818340547e-08,   1.889336592e-06,                 0
          0,           0,          99,      -6.101142625,      -4.940661791,      -5.192618284,      -3.241546295,       -6.08975223,       -3.51102654,      -5.385270994,     -0.4036702217,         100,      -4.316192009,             100,      -5.925997635,                5,      -6.121330522,    0.001197876747,      0.6376901346,               100,               100,               100,     0.07248936946,      0.5107790881,      -1.730447274,                 0,                 0,                 0,      -2.549839362,      0.5107790881,      -1.730447274,                 0,      -3.387858497,  -3.315255168e-08,   1.222477523e-06,                 0
          0,           0,         100,       -6.10853084,      -4.950373714,      -5.206652408,      -3.248934512,       -6.09362114,       -3.54313739,      -5.388101868,     -0.4107465274,         100,      -4.332111832,             100,      -5.532525636,                5,      -6.124179559,    0.001145359986,      0.6356110622,               100,               100,               100,     0.07248936946,      0.5156731256,      -1.751338228,                 0,                 0,                 0,      -2.579290699,      0.5156731256,      -1.751338228,                 0,      -3.396217762,  -3.532027934e-08,   1.746156683e-06,                 0
          0,           0,         101,      -6.115719938,      -4.960247634,      -5.220475308,      -3.256123604,      -6.097998922,      -3.576816888,      -5.392015303,     -0.4179587251,         100,      -4.368161069,              83,      -6.000259981,                5,      -6.123609908,    0.001105270725,      0.6335542529,               100,               100,               100,     0.07248936946,      0.5199474076,      -1.770783175,                 0,                 0,                 0,      -2.606106828,      0.5199474076,      -1.770783175,                 0,       -3.40569671,  -4.068672305e-08,   1.106555233e-06,                 0
          0,           0,         102,      -6.122006395,      -4.970226479,      -5.234013602,      -3.262410069,      -6.103025823,      -3.611318687,      -5.396826321,     -0.4248405631,         100,      -4.426631239,             100,      -5.682918159,                5,       -6.11864563,    0.001073974013,      0.6314680439,               100,               100,               100,     0.07248936946,      0.5235515658,      -1.788563685,                 0,                 0,                 0,      -2.629971143,      0.5235515658,      -1.788563685,                 0,      -3.416213038,  -4.202351627e-08,   2.354705328e-06,                 0
          0,           0,         103,      -6.126869762,       -4.98032798,      -5.247281557,      -3.267273425,      -6.108126939,      -3.645474228,      -5.402257188,     -0.4313076085,         100,      -4.434367331,              68,      -6.018052917,                5,      -6.111979572,    0.001048779211,      0.6294550754,               100,               100,               100,     0.07248936946,      0.5264245355,      -1.804421418,                 0,                 0,                 0,      -2.650527304,      0.5264245355,      -1.804421418,                 0,      -3.427692473,  -3.033062497e-08,   2.107212536e-06,                 0
          0,           0,         104,      -6.129633831,      -4.990437503,       -5.26008093,      -3.270037507,      -6.113861626,       -3.67808674,      -5.408138401,     -0.4376583959,         100,      -4.384684825,              38,      -6.014930263,                5,      -6.104864658,    0.001027673033,       0.627542831,               100,               100,               100,     0.07248936946,      0.5285145931,      -1.818122275,                 0,                 0,                 0,      -2.667445236,      0.5285145931,      -1.818122275,                 0,      -3.440060689,  -2.749139579e-08,   3.262458908e-06,                 0
          0,           0,         105,      -6.129754415,      -5.000469832,      -5.272280361,      -3.270158089,      -6.120535062,      -3.711652379,      -5.414359505,     -0.4446788442,         100,      -4.435385349,              84,      -6.007050089,                5,      -6.095910326,    0.001009185625,      0.6257526338,               100,               100,               100,     0.07248936946,      0.5297787511,      -1.829446426,                 0,                 0,                 0,      -2.680433099,      0.5297787511,      -1.829446426,                 0,      -3.453227261,  -3.022806149e-08,   2.998261722e-06,                 0
          0,           0,         106,      -6.126886004,      -5.010324128,      -5.283778405,      -3.267289674,      -6.127974131,      -3.743323186,      -5.420823686,     -0.4515626348,         100,      -4.472107468,             100,      -5.871793898,                5,      -6.085007526,   0.0009923078867,      0.6241042635,               100,               100,               100,     0.07248936946,      0.5301920597,      -1.838225517,                 0,                 0,                 0,      -2.689273736,      0.5301920597,      -1.838225517,                 0,      -3.467093639,  -1.229738515e-08,   2.638756478e-06,                 0
          0,           0,         107,       -6.12102215,      -5.019950257,      -5.294552962,      -3.261425826,      -6.135628423,       -3.77118519,      -5.427463238,     -0.4584008337,         100,      -4.428766131,             100,      -5.875646068,                5,      -6.073556479,   0.0009764143011,      0.6226158948,               100,               100,               100,     0.07248936946,      0.5297432198,       -1.84431939,                 0,                 0,                 0,      -2.693820135,      0.5297432198,       -1.84431939,                 0,      -3.481534677,  -2.510578983e-09,    1.80859081e-06,                 0
          0,           0,         108,      -6.112404048,      -5.029250117,      -5.304578504,      -3.252807717,      -6.143469111,       -3.79554605,      -5.434172059,     -0.4653065435,         100,      -4.516128729,              57,      -6.000052439,                5,      -6.060285676,    0.000961176395,      0.6213039289,               100,               100,               100,     0.07248936946,      0.5284426305,      -1.847652591,                 0,                 0,                 0,      -2.694022352,      0.5284426305,      -1.847652591,                 0,      -3.496410933,   1.753226572e-09,   2.036559471e-06,                 0
          0,           0,         109,      -6.101594931,      -5.038170655,      -5.313866961,      -3.241998607,      -6.151009367,      -3.818838013,      -5.440787083,     -0.4721048383,         100,      -4.433818372,             100,      -5.756478636,                5,      -6.043444814,   0.0009464727427,      0.6201827246,               100,               100,               100,     0.07248936946,       0.526314517,      -1.848187339,                 0,                 0,                 0,      -2.689913124,       0.526314517,      -1.848187339,                 0,      -3.511564434,   3.374619934e-09,   3.753632877e-06,                 0
          0,           0,         110,      -6.089366529,      -5.046716531,      -5.322454977,        -3.2297702,      -6.158421503,       -3.83767703,      -5.447230462,     -0.4791765168,         100,      -4.557169305,             100,      -5.717616561,                5,      -6.023586606,   0.0009323097636,      0.6192645969,               100,               100,               100,     0.07248936946,       0.523399718,      -1.845957019,                 0,                 0,                 0,      -2.681626807,       0.523399718,      -1.845957019,                 0,      -3.526859025,   8.506156685e-09,    2.75588792e-06,                 0
          0,           0,         111,      -6.076535135,      -5.054856304,        -5.3303708,      -3.216938808,      -6.166088642,      -3.854537578,      -5.453329113,     -0.4867229496,         100,      -4.553992026,             100,      -5.410647021,                6,      -6.727474506,   0.0009187599059,      0.6185597492,               100,               100,               100,     0.07248936946,      0.5197501673,        -1.8410181,                 0,                 0,                 0,      -2.669345153,      0.5197501673,        -1.8410181,                 0,      -3.542121226,   2.393055223e-08,   1.536091708e-06,                 0
          0,           0,         112,      -6.063898517,      -5.062604432,      -5.337689986,      -3.204302187,      -6.173879499,      -3.868509899,      -5.458989138,     -0.4944675186,         100,      -4.568216667,             100,      -5.372760372,                6,      -6.719215774,   0.0009059211598,      0.6180764147,               100,               100,               100,     0.07248936946,       0.515429824,      -1.833473006,                 0,                 0,                 0,      -2.653309013,       0.515429824,      -1.833473006,                 0,      -3.557172909,    2.65499426e-08,   1.393714408e-06,                 0
          0,           0,         113,      -6.052161582,      -5.069966497,       -5.34449272,      -3.192565253,       -6.18145994,      -3.878118508,      -5.464169421,     -0.5020883573,         100,      -4.582024329,             100,      -5.517083457,                6,      -6.706954696,   0.0008938911971,      0.6178208474,               100,               100,               100,     0.07248936946,      0.5105134912,      -1.823464828,                 0,                 0,                 0,       -2.63382816,      0.5105134912,      -1.823464828,                 0,      -3.571824955,   3.556296941e-08,   1.419099064e-06,                 0
          0,           0,         114,       -6.04192113,       -5.07694498,      -5.350881722,      -3.182324803,      -6.188455346,      -3.885237523,      -5.468938258,     -0.5096127925,         100,      -4.583964556,             100,       -5.36659438,                6,      -6.689932976,    0.000882759253,      0.6177971535,               100,               100,               100,     0.07248936946,      0.5050876766,      -1.811187929,                 0,                 0,                 0,      -2.611274187,      0.5050876766,      -1.811187929,                 0,      -3.585888178,   3.417336056e-08,   1.354139786e-06,                 0
          0,           0,         115,      -6.033658556,      -5.083536132,      -5.356981667,       -3.17406223,      -6.194547731,      -3.888372913,      -5.473333298,     -0.5176527043,         100,      -4.604647285,             100,      -5.362043631,                6,      -6.666036997,    0.000872602035,      0.6180070869,               100,               100,               100,     0.07248936946,      0.4992402975,      -1.796853129,                 0,                 0,                 0,      -2.586043373,      0.4992402975,      -1.796853129,                 0,      -3.599174863,   2.441116776e-08,   1.891819151e-06,                 0
          0,           0,         116,      -6.027761309,      -5.089727389,      -5.362921705,      -3.168164977,      -6.199544865,      -3.889640065,      -5.477469311,     -0.5260333582,         100,      -4.524923388,             100,      -5.527468005,                6,      -6.635904864,   0.0008634845399,      0.6184109428,               100,               100,               100,     0.07248936946,      0.4930659546,       -1.78070526,                 0,                 0,                 0,      -2.558563071,      0.4930659546,       -1.78070526,                 0,      -3.611495062,   4.062157015e-08,   1.833345997e-06,                 0
          0,           0,         117,      -6.024461584,       -5.09551635,      -5.368822811,      -3.164865256,      -6.203356242,      -3.888612077,      -5.481464769,     -0.5346110625,         100,      -4.578368679,             100,      -5.487387379,                6,      -6.601163603,   0.0008554635882,      0.6190409968,               100,               100,               100,     0.07248936946,      0.4866523815,      -1.762982787,                 0,                 0,                 0,       -2.52924951,      0.4866523815,      -1.762982787,                 0,      -3.622673706,   1.639019844e-08,    1.58466549e-06,                 0
          0,           0,         118,      -6.023983109,      -5.100884206,      -5.374791315,       -3.16438678,      -6.205998103,      -3.885322032,      -5.485433848,     -0.5444389164,         100,      -4.618420094,             100,      -5.537931121,                6,      -6.561896981,   0.0008485910411,      0.6198921387,               100,               100,               100,     0.07248936946,      0.4800883857,      -1.743947513,                 0,                 0,                 0,      -2.498527027,      0.4800883857,      -1.743947513,                 0,      -3.632555097,   1.454918163e-08,   1.701617183e-06,                 0
          0,           0,         119,      -6.026458844,      -5.105811791,      -5.380915264,      -3.166862515,      -6.207559415,      -3.879357262,      -5.489464652,     -0.5551338099,         100,       -4.53874258,             100,      -5.404735601,                6,      -6.518235981,   0.0008429169676,      0.6209560527,               100,               100,               100,     0.07248936946,      0.4734545587,      -1.723853129,                 0,                 0,                 0,      -2.466801778,      0.4734545587,      -1.723853129,                 0,      -3.641010731,   3.120398518e-08,   1.909239955e-06,                 0
          0,           0,         120,      -6.031991612,      -5.110290966,      -5.387261391,      -3.172395279,      -6.208178806,       -3.87266998,      -5.493613127,     -0.5662596557,         100,      -4.586327112,             100,      -5.547616141,                6,      -6.476704644,   0.0008384936755,      0.6221998473,               100,               100,               100,     0.07248936946,      0.4668271449,      -1.702961252,                 0,                 0,                 0,      -2.434465695,      0.4668271449,      -1.702961252,                 0,       -3.64794822,   3.009271403e-09,   1.717437194e-06,                 0
          0,           0,         121,      -6.040581026,       -5.11434165,      -5.393843965,      -3.180984699,      -6.208075497,      -3.864367514,       -5.49783858,     -0.5779148105,         100,      -4.594607211,             100,      -5.628907779,                6,      -6.432150495,   0.0008353781287,      0.6236310765,               100,               100,               100,     0.07248936946,      0.4602672095,      -1.681503723,                 0,                 0,                 0,      -2.401861977,      0.4602672095,      -1.681503723,                 0,      -3.653320698,   2.074861351e-08,   1.264296111e-06,                 0
          0,           0,         122,      -6.052251299,      -5.117973026,      -5.400674478,      -3.192654971,      -6.208132302,      -3.858831924,      -5.502062701,     -0.5897777671,         100,      -4.548458318,             100,      -5.636600932,                6,      -6.388098917,   0.0008336354399,      0.6252393012,               100,               100,               100,     0.07248936946,      0.4538272384,      -1.659706692,                 0,                 0,                 0,      -2.369294737,      0.4538272384,      -1.659706692,                 0,      -3.657133269,   1.667800093e-08,   9.493842675e-07,                 0
          0,           0,         123,      -6.066987218,      -5.121202737,      -5.407734805,      -3.207390892,      -6.209722823,      -3.853633577,      -5.506261678,     -0.6017459538,         100,      -4.564640739,             100,      -5.579264149,                6,      -6.344947136,   0.0008260126599,      0.6270103543,               100,               100,               100,     0.07248936946,       0.447545456,      -1.637758373,                 0,                 0,                 0,      -2.337012618,       0.447545456,      -1.637758373,                 0,      -3.659423531,   3.611601176e-08,   1.117815525e-06,                 0
          0,           0,         124,      -6.084729343,      -5.124075373,      -5.414969832,      -3.225133016,      -6.209688074,      -3.845311915,      -5.510421383,      -0.612217353,         100,      -4.458789122,              52,      -6.000967071,                6,      -6.305902952,   0.0008180743043,      0.6289296057,               100,               100,               100,     0.07248936946,      0.4414549622,      -1.615837432,                 0,                 0,                 0,      -2.305230154,      0.4414549622,      -1.615837432,                 0,       -3.66025432,   3.624303626e-08,   1.581556871e-06,                 0
          0,           0,         125,      -6.105372938,      -5.126628491,      -5.422295628,      -3.245776612,      -6.209839824,      -3.838196919,      -5.514418888,      -0.621015439,         100,      -4.540410678,              97,      -6.009470103,                6,      -6.269227961,   0.0008104669948,      0.6309821383,               100,               100,               100,     0.07248936946,      0.4355768653,      -1.594091201,                 0,                 0,                 0,      -2.274115385,      0.4355768653,      -1.594091201,                 0,      -3.659724215,   3.837988006e-08,   1.430120937e-06,                 0
          0,           0,         126,      -6.128778392,      -5.128901637,      -5.429619505,      -3.269182062,      -6.210243209,      -3.831608853,      -5.518163152,     -0.6289431596,         100,      -4.570078698,             100,      -5.674519684,                6,      -6.235207946,   0.0008031298556,      0.6331529067,               100,               100,               100,     0.07248936946,      0.4299299454,      -1.572668202,                 0,                 0,                 0,      -2.243816642,      0.4299299454,      -1.572668202,                 0,      -3.657963858,   1.419385351e-08,   1.482842588e-06,                 0
          0,           0,         127,      -6.154760099,      -5.130949046,      -5.436856536,      -3.295163768,      -6.210779754,       -3.82814757,      -5.521632355,      -0.636037298,         100,      -4.494733616,             100,      -5.557964957,                6,      -6.202957874,   0.0007960369063,      0.6354268289,               100,               100,               100,     0.07248936946,      0.4245234739,      -1.551681764,                 0,                 0,                 0,      -2.214442871,      0.4245234739,      -1.551681764,                 0,      -3.655114168,  -7.915783622e-09,   1.612440592e-06,                 0
          0,           0,         128,      -6.183089623,       -5.13282579,      -5.443938285,      -3.323493294,      -6.211641561,       -3.82385357,      -5.524815039,     -0.6420093264,         100,      -4.443744007,             100,       -5.61077209,                6,      -6.175373912,   0.0007891886425,      0.6377890807,               100,               100,               100,     0.07248936946,      0.4193677453,      -1.531248456,                 0,                 0,                 0,      -2.186094065,      0.4193677453,      -1.531248456,                 0,      -3.651326249,  -1.352210314e-09,   1.365388027e-06,                 0
          0,           0,         129,      -6.213469459,      -5.134575961,      -5.450799649,      -3.353873129,      -6.212888225,      -3.819918304,       -5.52771468,     -0.6468937291,         100,      -4.408156379,             100,      -5.581921695,                6,      -6.149993268,   0.0007826039261,      0.6402251741,               100,               100,               100,     0.07248936946,      0.4144660313,      -1.511454876,                 0,                 0,                 0,      -2.158844387,      0.4144660313,      -1.511454876,                 0,      -3.646752114,  -1.058390018e-08,   1.696395333e-06,                 0
          0,           0,         130,      -6.245539545,       -5.13625433,       -5.45740112,      -3.385943213,      -6.215496137,      -3.817920646,      -5.530322889,     -0.6510223775,         100,      -4.427749913,             100,      -5.521964636,                6,       -6.12732388,   0.0007763148262,      0.6427211585,               100,               100,               100,     0.07248936946,       0.409824352,      -1.492393867,                 0,                 0,                 0,       -2.13276817,       0.409824352,      -1.492393867,                 0,      -3.641545116,  -3.179367708e-08,   1.578140997e-06,                 0
          0,           0,         131,      -6.278870448,      -5.137912742,      -5.463719916,      -3.419274118,      -6.218038938,      -3.818159354,      -5.532704105,     -0.6541950953,         100,      -4.371116215,             100,      -5.464851449,                6,      -6.108378727,   0.0007703609922,      0.6452635115,               100,               100,               100,     0.07248936946,      0.4054453032,      -1.474133035,                 0,                 0,                 0,      -2.107924593,      0.4054453032,      -1.474133035,                 0,      -3.635837001,  -2.822597765e-08,   1.222860204e-06,                 0
          0,           0,         132,      -6.312939091,      -5.139580365,      -5.469735589,      -3.453342766,      -6.220668157,      -3.818351767,      -5.534871828,     -0.6569964857,         100,      -4.380400768,             100,      -5.451819759,                6,      -6.090644645,   0.0007647871217,      0.6478389723,               100,               100,               100,     0.07248936946,      0.4013340827,      -1.456741876,                 0,                 0,                 0,      -2.084371872,      0.4013340827,      -1.456741876,                 0,      -3.629748727,  -1.679469648e-08,   1.082449954e-06,                 0
          0,           0,         133,      -6.347158753,      -5.141302055,      -5.475455349,      -3.487562427,      -6.223691691,      -3.819484687,      -5.536812438,     -0.6593896368,         100,      -4.342366073,             100,       -5.63500411,                6,      -6.075426872,   0.0007596412966,      0.6504345986,               100,               100,               100,     0.07248936946,      0.3974919718,      -1.440267541,                 0,                 0,                 0,      -2.062151853,      0.3974919718,      -1.440267541,                 0,      -3.623387748,  -1.292673796e-08,   2.126588731e-06,                 0
          0,           0,         134,      -6.381509863,      -5.143099379,       -5.48100876,      -3.521913541,      -6.227098548,      -3.821654605,      -5.538577429,     -0.6616794291,         100,      -4.288466886,             100,      -5.652351469,                6,      -6.065002216,   0.0007549738932,      0.6529523636,               100,               100,               100,     0.07248936946,      0.3939267954,      -1.424771854,                 0,                 0,                 0,      -2.041319976,      0.3939267954,      -1.424771854,                 0,      -3.616844223,  -3.305297166e-08,   1.548621086e-06,                 0
          0,           0,         135,      -6.415941539,      -5.145005883,      -5.486447366,      -3.556345214,      -6.230869232,      -3.828851623,      -5.540244262,      -0.662935813,         100,      -4.338254956,             100,      -5.287420269,                6,       -6.05654441,   0.0007508367471,      0.6552330238,               100,               100,               100,     0.07248936946,      0.3906473462,      -1.410309333,                 0,                 0,                 0,      -2.021933197,      0.3906473462,      -1.410309333,                 0,      -3.610185368,  -3.102651646e-08,   1.741617836e-06,                 0
          0,           0,         136,      -6.446529751,      -5.147075047,      -5.491214628,      -3.586933435,      -6.235019807,      -3.834981864,       -5.54185174,     -0.6644219652,         100,      -4.260145517,             100,      -5.489756172,                6,      -6.048388399,   0.0007472830489,      0.6575162845,               100,               100,               100,     0.07248936946,      0.3876387257,      -1.396861344,                 0,                 0,                 0,      -2.003960768,      0.3876387257,      -1.396861344,                 0,      -3.603513405,  -1.540821455e-08,   3.422277128e-06,                 0
          0,           0,         137,      -6.474524463,      -5.149232149,      -5.495785204,      -3.614928124,      -6.239759907,      -3.841259478,      -5.543368866,     -0.6660465867,         100,      -4.237578939,             100,      -5.623985465,                6,      -6.039677987,   0.0007443670374,      0.6597932303,               100,               100,               100,     0.07248936946,      0.3848910609,      -1.384414327,                 0,                 0,                 0,      -1.987376541,      0.3848910609,      -1.384414327,                 0,      -3.596899143,  -1.298870124e-08,   2.085145008e-06,                 0
          0,           0,         138,      -6.499170131,      -5.151479992,      -5.500234568,        -3.6395738,      -6.244318261,      -3.847364078,      -5.544799129,     -0.6670970432,         100,       -4.17466765,             100,      -5.705835916,                6,      -6.031912619,   0.0007421445847,      0.6620557848,               100,               100,               100,     0.07248936946,      0.3823979908,      -1.372959619,                 0,                 0,                 0,      -1.972160409,      0.3823979908,      -1.372959619,                 0,      -3.590394438,  -2.049067138e-08,   2.323061651e-06,                 0
          0,           0,         139,      -6.519701408,      -5.153828771,      -5.504580783,      -3.660105073,      -6.248888735,      -3.855363087,      -5.546157567,     -0.6685773936,         100,      -4.159061647,             100,      -5.686551881,                6,      -6.024292383,   0.0007406735363,      0.6642964304,               100,               100,               100,     0.07248936946,      0.3801514769,      -1.362477045,                 0,                 0,                 0,       -1.95828522,      0.3801514769,      -1.362477045,                 0,      -3.584037226,  -3.778118565e-08,   1.329142074e-06,                 0
          0,           0,         140,      -6.535545591,      -5.156295954,      -5.508834609,      -3.675949259,      -6.253474954,      -3.864135998,       -5.54748179,     -0.6704368352,         100,      -4.124424882,             100,      -5.727923311,                6,      -6.016223546,   0.0007400138877,      0.6665081873,               100,               100,               100,     0.07248936946,       0.378144394,       -1.35294802,                 0,                 0,                 0,      -1.945723103,       0.378144394,       -1.35294802,                 0,      -3.577860844,  -3.884876224e-08,   1.122230002e-06,                 0
          0,           0,         141,      -6.546360023,      -5.158883855,      -5.512996689,      -3.686763683,      -6.258133957,        -3.8719728,      -5.548809372,      -0.672222778,         100,      -4.031103391,             100,       -5.90825009,                6,       -6.00818774,    0.000740227869,       0.668684399,               100,               100,               100,     0.07248936946,      0.3763671448,      -1.344341128,                 0,                 0,                 0,      -1.934434503,      0.3763671448,      -1.344341128,                 0,      -3.571887575,  -3.485463708e-08,    1.20832703e-06,                 0
          0,           0,         142,       -6.55211738,       -5.16160653,      -5.517066616,       -3.69252106,      -6.262894912,      -3.879413275,      -5.550105584,     -0.6740684258,         100,      -4.070042924,             100,      -5.841455137,                7,      -6.671921161,   0.0007413799508,      0.6708186585,               100,               100,               100,     0.07248936946,      0.3748102928,      -1.336626456,                 0,                 0,                 0,      -1.924377367,      0.3748102928,      -1.336626456,                 0,      -3.566141277,  -3.396194528e-08,   1.630163752e-06,                 0
          0,           0,         143,       -6.55309081,       -5.16446043,      -5.521030246,      -3.693494494,      -6.267758243,      -3.886446841,      -5.551400267,      -0.675394765,         100,      -4.063321987,             100,      -5.581048213,                7,      -6.663552396,   0.0007435361123,      0.6729048104,               100,               100,               100,     0.07248936946,      0.3734621191,      -1.329765063,                 0,                 0,                 0,      -1.915501344,      0.3734621191,      -1.329765063,                 0,      -3.560642418,  -2.881328195e-08,   1.305622732e-06,                 0
          0,           0,         144,       -6.54983941,      -5.167457158,      -5.524880884,       -3.69024308,      -6.272714699,       -3.89439555,      -5.552691256,       -0.67697763,         100,       -4.17064171,             100,      -5.509718259,                7,      -6.649082915,   0.0007467626226,      0.6749370233,               100,               100,               100,     0.07248936946,      0.3723114518,      -1.323720345,                 0,                 0,                 0,      -1.907755366,      0.3723114518,      -1.323720345,                 0,      -3.555411306,  -2.862718733e-08,   1.285051673e-06,                 0
          0,           0,         145,       -6.54309902,      -5.170606353,      -5.528610218,      -3.683502691,       -6.27775112,      -3.903314767,      -5.554023656,     -0.6794163734,         100,      -4.110132244,             100,       -5.67390486,                7,      -6.635178048,   0.0007511241049,      0.6769098693,               100,               100,               100,     0.07248936946,      0.3713453932,      -1.318447819,                 0,                 0,                 0,       -1.90108175,      0.3713453932,      -1.318447819,                 0,        -3.5504623,  -2.031076711e-08,   1.026331776e-06,                 0
          0,           0,         146,      -6.533693678,      -5.173910611,      -5.532203425,       -3.67409735,      -6.282857751,         -3.910933,      -5.555378209,     -0.6819106311,         100,      -4.170772042,             100,      -5.752728535,                7,      -6.623127113,   0.0007566803319,      0.6788182718,               100,               100,               100,     0.07248936946,      0.3705520566,      -1.313906531,                 0,                 0,                 0,      -1.895423171,      0.3705520566,      -1.313906531,                 0,      -3.545808228,  -1.799134594e-08,   9.290076535e-07,                 0
          0,           0,         147,       -6.52244143,      -5.177375561,      -5.535647577,      -3.662845114,      -6.288026793,      -3.917842075,      -5.556797405,      -0.684068884,         100,      -4.158559598,             100,      -5.860100176,                7,      -6.609958225,   0.0007634810835,       0.680657623,               100,               100,               100,     0.07248936946,      0.3699183752,      -1.310049606,                 0,                 0,                 0,      -1.890717791,      0.3699183752,      -1.310049606,                 0,      -3.541455882,  -1.487962679e-08,   8.589002097e-07,                 0
          0,           0,         148,      -6.510152776,      -5.181019094,      -5.538943652,      -3.650556455,      -6.293254119,      -3.924067806,       -5.55825554,     -0.6870470906,         100,      -4.202068901,             100,      -5.732734688,                7,      -6.596970046,   0.0007715610665,      0.6824191519,               100,               100,               100,     0.07248936946,      0.3694330569,      -1.306835791,                 0,                 0,                 0,      -1.886907443,      0.3694330569,      -1.306835791,                 0,      -3.537408919,  -7.794458621e-09,   7.301658123e-07,                 0
          0,           0,         149,      -6.497497645,      -5.184838367,      -5.542085338,      -3.637901312,      -6.298536046,      -3.930071261,      -5.559759332,     -0.6898239595,         100,      -4.204553414,             100,      -5.522477837,                7,      -6.585661316,   0.0007809335019,      0.6840903832,               100,               100,               100,     0.07248936946,      0.3690842494,      -1.304219647,                 0,                 0,                 0,      -1.883931985,      0.3690842494,      -1.304219647,                 0,      -3.533663788,   3.299356005e-11,    6.87843147e-07,                 0
          0,           0,         150,      -6.484831676,      -5.188845274,      -5.545052396,      -3.625235365,      -6.303868222,      -3.935917129,      -5.561303594,     -0.6924433959,         100,      -4.160820243,             100,      -5.976071258,                7,      -6.576235855,   0.0007915823796,      0.6856810685,               100,               100,               100,     0.07248936946,      0.3688607822,      -1.302158712,                 0,                 0,                 0,      -1.881731461,      0.3688607822,      -1.302158712,                 0,      -3.530217293,   4.709975326e-09,   6.775747174e-07,                 0
          0,           0,         151,      -6.472844799,      -5.193038162,      -5.547897979,      -3.613248476,      -6.309249751,      -3.943184233,      -5.562927553,     -0.6955865649,         100,      -4.131292311,             100,      -5.765662398,                7,      -6.566479834,   0.0008034539803,      0.6871764982,               100,               100,               100,     0.07248936946,      0.3687520042,      -1.300609837,                 0,                 0,                 0,      -1.880247841,      0.3687520042,      -1.300609837,                 0,      -3.527058355,   5.789607175e-09,    7.30810745e-07,                 0
          0,           0,         152,      -6.461738017,      -5.197407339,      -5.550625698,      -3.602141707,      -6.314678511,      -3.950772647,      -5.564632061,     -0.6983572586,         100,      -4.193842345,             100,      -5.990662024,                7,      -6.557773592,   0.0008164486222,      0.6885753986,               100,               100,               100,     0.07248936946,      0.3687487582,      -1.299535506,                 0,                 0,                 0,      -1.879426826,      0.3687487582,      -1.299535506,                 0,      -3.524175953,   3.754408142e-09,   7.178688452e-07,                 0
          0,           0,         153,      -6.451719629,      -5.201956574,      -5.553260676,      -3.592123298,      -6.320151609,      -3.957979102,      -5.566472987,     -0.7018211933,         100,      -4.240682735,             100,      -5.859677292,                7,      -6.549501904,   0.0008304139961,      0.6898880169,               100,               100,               100,     0.07248936946,      0.3688405815,      -1.298892286,                 0,                 0,                 0,      -1.879210345,      0.3688405815,      -1.298892286,                 0,      -3.521554706,   8.997645585e-10,   6.161773406e-07,                 0
          0,           0,         154,        -6.4430691,       -5.20667636,       -5.55584698,      -3.583472763,      -6.325667814,      -3.965163161,      -5.568431415,     -0.7060293297,         100,       -4.21226547,             100,      -5.755838444,                7,      -6.540669241,   0.0008451416539,      0.6911140973,               100,               100,               100,     0.07248936946,      0.3690196798,      -1.298646402,                 0,                 0,                 0,      -1.879548352,      0.3690196798,      -1.298646402,                 0,      -3.519179255,   9.288588477e-10,    5.18959488e-07,                 0
          0,           0,         155,      -6.435906159,      -5.211566328,      -5.558416673,      -3.576309829,      -6.331225736,      -3.972377893,      -5.570528448,     -0.7099838768,         100,      -4.217770803,             100,      -5.790087792,                7,      -6.535319034,   0.0008603686986,       0.692253766,               100,               100,               100,     0.07248936946,      0.3692778884,       -1.29876126,                 0,                 0,                 0,      -1.880391384,      0.3692778884,       -1.29876126,                 0,      -3.517029589,   1.479264132e-10,   4.412452092e-07,                 0
          0,           0,         156,      -6.430296026,      -5.216615888,      -5.560991046,      -3.570699693,      -6.336822124,      -3.979104801,      -5.572783035,     -0.7139835615,         100,      -4.298006036,             100,      -6.007188964,                7,      -6.529447985,   0.0008757860782,      0.6933075297,               100,               100,               100,     0.07248936946,      0.3696093341,      -1.299209391,                 0,                 0,                 0,      -1.881697724,      0.3696093341,      -1.299209391,                 0,      -3.515088152,  -3.023181084e-09,   3.201985448e-07,                 0
          0,           0,         157,      -6.426276867,      -5.221820759,      -5.563588349,      -3.566680527,      -6.342454162,      -3.986665142,      -5.575218952,     -0.7185272665,         100,      -4.258896252,             100,      -5.942582704,                7,      -6.523564494,   0.0008910531384,      0.6942761211,               100,               100,               100,     0.07248936946,      0.3700075223,      -1.299959998,                 0,                 0,                 0,      -1.883425975,      0.3700075223,      -1.299959998,                 0,      -3.513333972,  -5.279257762e-10,   3.202260824e-07,                 0
          0,           0,         158,      -6.424338833,      -5.227167224,      -5.566307448,      -3.564742498,       -6.34812172,      -3.995673137,      -5.577894904,     -0.7228300666,         100,      -4.290162763,             100,      -5.714149095,                7,      -6.518453493,   0.0009058189082,       0.695012345,               100,               100,               100,     0.07248936946,      0.3704765981,      -1.301015455,                 0,                 0,                 0,      -1.885572025,      0.3704765981,      -1.301015455,                 0,      -3.511734511,  -2.214724167e-09,   2.493545504e-07,                 0
          0,           0,         159,      -6.423517628,        -5.2326718,      -5.568951099,      -3.563921303,      -6.353820709,      -4.005399915,      -5.580827854,     -0.7276811812,         100,      -4.237690435,             100,      -5.633545875,                7,      -6.512698346,   0.0009197466672,      0.6955825491,               100,               100,               100,     0.07248936946,      0.3710098546,      -1.302346256,                 0,                 0,                 0,      -1.888099254,      0.3710098546,      -1.302346256,                 0,      -3.510274025,  -2.112670071e-09,   2.262554027e-07,                 0
          0,           0,         160,      -6.424072746,      -5.238316992,      -5.571586803,      -3.564476413,      -6.359547582,      -4.016252005,      -5.583990966,     -0.7337429462,         100,      -4.288116885,             100,      -5.712967919,                7,       -6.50597638,   0.0009325390128,      0.6960714595,               100,               100,               100,     0.07248936946,       0.371599078,      -1.303922344,                 0,                 0,                 0,      -1.890963793,       0.371599078,      -1.303922344,                 0,      -3.508949352,  -2.809817686e-09,   2.067874948e-07,                 0
          0,           0,         161,      -6.426270165,      -5.244067855,      -5.574351951,      -3.566673835,      -6.365301344,      -4.028120799,      -5.587410526,      -0.739222949,         100,      -4.213577341,             100,      -5.651911448,                7,      -6.499446408,   0.0009439586657,      0.6964821073,               100,               100,               100,     0.07248936946,       0.372238868,      -1.305719946,                 0,                 0,                 0,      -1.894133094,       0.372238868,      -1.305719946,                 0,      -3.507747467,  -3.876028365e-09,    1.96541139e-07,                 0
          0,           0,         162,      -6.429981319,      -5.249931478,      -5.577292737,      -3.570384983,      -6.371080209,      -4.038930555,      -5.591103302,     -0.7459816891,         100,      -4.176476871,             100,       -5.72129356,                7,      -6.492005069,   0.0009538421003,      0.6968174093,               100,               100,               100,     0.07248936946,      0.3729272252,       -1.30772811,                 0,                 0,                 0,      -1.897587335,      0.3729272252,       -1.30772811,                 0,      -3.506657657,  -6.065364061e-09,   1.790106087e-07,                 0
          0,           0,         163,      -6.435093119,      -5.255903553,      -5.580417036,      -3.575496789,      -6.376883625,      -4.049519349,      -5.595087185,     -0.7526869298,         100,      -4.207373986,             100,      -5.525568454,                7,      -6.483517318,   0.0009621028547,      0.6970802262,               100,               100,               100,     0.07248936946,      0.3736610513,       -1.30993078,                 0,                 0,                 0,      -1.901306217,      0.3736610513,       -1.30993078,                 0,      -3.505665832,  -5.739061639e-09,   1.748764425e-07,                 0
          0,           0,         164,       -6.44151771,      -5.261987484,      -5.583725101,      -3.581921374,      -6.382711988,       -4.06092349,      -5.599445642,     -0.7596500889,         100,      -4.282618759,             100,       -5.71640167,                7,      -6.479386847,   0.0009687267841,      0.6972733111,               100,               100,               100,     0.07248936946,      0.3744391946,      -1.312321167,                 0,                 0,                 0,      -1.905276062,      0.3744391946,      -1.312321167,                 0,      -3.504764421,   -4.46862797e-09,   1.727378219e-07,                 0
          0,           0,         165,      -6.449171249,       -5.26819134,      -5.587216204,      -3.589574919,       -6.38856363,      -4.072747737,      -5.604133903,     -0.7667882804,         100,       -4.25618955,             100,      -5.812203556,                7,      -6.475984437,   0.0009615484812,      0.6973993367,               100,               100,               100,     0.07248936946,      0.3752585762,      -1.314885017,                 0,                 0,                 0,      -1.909479129,      0.3752585762,      -1.314885017,                 0,      -3.503943947,  -7.067146107e-09,    1.89791391e-07,                 0
          0,           0,         166,      -6.457962966,      -5.274532425,      -5.590887795,      -3.598366642,      -6.394439522,       -4.08488446,      -5.609143603,     -0.7749863085,         100,      -4.099165369,             100,      -5.758874254,                7,      -6.473253509,   0.0009379593161,      0.6974608889,               100,               100,               100,     0.07248936946,      0.3761179167,      -1.317616936,                 0,                 0,                 0,      -1.913903207,      0.3761179167,      -1.317616936,                 0,      -3.503201729,  -4.218064484e-09,   2.084087861e-07,                 0
          0,           0,         167,      -6.467792997,      -5.281021825,      -5.594739657,      -3.608196664,      -6.400339221,      -4.097262174,      -5.614475053,     -0.7849964651,         100,      -4.194476055,             100,      -5.667980844,                7,      -6.469555401,   0.0009156560649,      0.6974604645,               100,               100,               100,     0.07248936946,      0.3770137756,      -1.320503093,                 0,                 0,                 0,       -1.91853111,      0.3770137756,      -1.320503093,                 0,      -3.502532741,  -7.841903053e-09,   2.233919404e-07,                 0
          0,           0,         168,      -6.478538316,      -5.287658114,      -5.598764732,      -3.618941988,       -6.40626332,      -4.108309771,      -5.620179423,     -0.7950481252,         100,      -4.302566224,             100,      -5.749191551,                7,      -6.465158057,     0.00089455037,      0.6974005038,               100,               100,               100,     0.07248936946,      0.3779444697,      -1.323538339,                 0,                 0,                 0,        -1.9233506,      0.3779444697,      -1.323538339,                 0,      -3.501938632,  -9.376303068e-09,   2.177739383e-07,                 0
          0,           0,         169,      -6.490064516,       -5.29445188,      -5.602958523,      -3.630468177,      -6.412211724,      -4.119545168,      -5.626279338,      -0.804444749,         100,      -4.228197856,             100,      -5.518978634,                7,      -6.461275321,   0.0008745652086,      0.6972669447,               100,               100,               100,     0.07248936946,       0.378906805,       -1.32671041,                 0,                 0,                 0,      -1.928346408,       0.378906805,       -1.32671041,                 0,       -3.50141616,  -8.931672255e-09,   2.314337243e-07,                 0
          0,           0,         170,      -6.502222128,      -5.301422114,      -5.607319911,      -3.642625797,      -6.418193741,      -4.131893921,       -5.63279073,     -0.8141371868,         100,      -4.273549221,             100,      -5.639062042,                7,      -6.460827403,   0.0008556331987,      0.6970732119,               100,               100,               100,     0.07248936946,      0.3798980708,      -1.330011973,                 0,                 0,                 0,       -1.93350335,      0.3798980708,      -1.330011973,                 0,      -3.500970591,  -8.789712191e-09,    2.34282245e-07,                 0
          0,           0,         171,       -6.51487619,      -5.308555822,      -5.611855224,      -3.655279847,      -6.424214074,      -4.144687417,      -5.639634086,     -0.8249241238,         100,      -4.271408818,             100,      -5.518449315,                7,      -6.458130978,   0.0008376946463,      0.6968270989,               100,               100,               100,     0.07248936946,      0.3809129378,      -1.333425219,                 0,                 0,                 0,      -1.938798855,      0.3809129378,      -1.333425219,                 0,      -3.500603647,  -9.411164169e-09,   3.680773865e-07,                 0
          0,           0,         172,      -6.527861939,      -5.315874093,      -5.616588192,      -3.668265601,      -6.430279678,      -4.157736012,      -5.646784726,     -0.8365000104,         100,      -4.233590285,             100,      -5.661712016,                7,       -6.45535841,   0.0008206965304,      0.6965312256,               100,               100,               100,     0.07248936946,        0.38194836,      -1.336942269,                 0,                 0,                 0,      -1.944215937,        0.38194836,      -1.336942269,                 0,      -3.500322057,  -8.848945557e-09,   3.058378594e-07,                 0
          0,           0,         173,      -6.540989129,      -5.323387737,      -5.621534392,      -3.681392787,      -6.436398856,      -4.169871692,      -5.654228931,     -0.8494148275,         100,      -4.304219006,             100,      -5.480218368,                7,      -6.453725115,    0.000804591314,      0.6961882825,               100,               100,               100,     0.07248936946,      0.3829986838,      -1.340544433,                 0,                 0,                 0,      -1.949730456,      0.3829986838,      -1.340544433,                 0,      -3.500128042,  -6.475622734e-09,   4.563819638e-07,                 0
          0,           0,         174,      -6.554069207,      -5.331113419,      -5.626713401,      -3.694472879,       -6.44257684,      -4.180928622,      -5.661978041,     -0.8618076881,         100,      -4.134188588,             100,      -5.471485872,                7,      -6.454321566,   0.0007893362728,      0.6958010528,               100,               100,               100,     0.07248936946,      0.3840604549,       -1.34422258,                 0,                 0,                 0,      -1.955323316,      0.3840604549,       -1.34422258,                 0,       -3.50002861,  -6.761251231e-09,   2.128896445e-07,                 0
          0,           0,         175,       -6.56692121,      -5.339063674,      -5.632152555,      -3.707324865,      -6.448823752,      -4.193538827,      -5.670200971,     -0.8743108996,         100,      -4.088692242,             100,       -5.34980701,                7,      -6.456744283,    0.000774892529,      0.6953724475,               100,               100,               100,     0.07248936946,      0.3851275245,      -1.347956375,                 0,                 0,                 0,      -1.960967996,      0.3851275245,      -1.347956375,                 0,      -3.500026068,   6.218051632e-10,    1.96530691e-07,                 0
          0,           0,         176,      -6.579341613,      -5.347245943,      -5.637868866,      -3.719745276,      -6.455145896,      -4.206528352,       -5.67863489,     -0.8875212417,         100,      -4.046376143,             100,      -5.526538501,                7,      -6.459618704,   0.0007612246514,      0.6948994908,               100,               100,               100,     0.07248936946,      0.3861963854,      -1.351736267,                 0,                 0,                 0,       -1.96664427,      0.3861963854,      -1.351736267,                 0,      -3.500126665,  -2.636839853e-09,   2.075073538e-07,                 0
          0,           0,         177,      -6.591138388,      -5.355668582,      -5.643881405,      -3.731542037,      -6.461549054,      -4.219861893,        -5.6872631,     -0.9021425225,         100,      -4.109850187,             100,      -5.494584838,                7,      -6.462299073,   0.0007482999571,      0.6943763169,               100,               100,               100,     0.07248936946,      0.3872610819,      -1.355541915,                 0,                 0,                 0,      -1.972325497,      0.3872610819,      -1.355541915,                 0,      -3.500330859,   -3.91521179e-09,    2.13922005e-07,                 0
          0,           0,         178,      -6.602270954,      -5.364353823,      -5.650214339,       -3.74267463,      -6.468034608,       -4.23357173,      -5.696080637,     -0.9167972243,         100,      -4.111251527,             100,      -5.320452473,                7,      -6.466049702,   0.0007360883634,       0.693821901,               100,               100,               100,     0.07248936946,      0.3883168205,       -1.35935966,                 0,                 0,                 0,      -1.977986301,      0.3883168205,       -1.35935966,                 0,      -3.500645835,  -8.276449388e-09,   2.235854482e-07,                 0
          0,           0,         179,      -6.612601412,      -5.373302959,      -5.656887691,      -3.753005078,      -6.474613961,      -4.245762567,      -5.705077855,     -0.9324483801,         100,      -4.112442349,             100,       -5.43427714,                7,      -6.468865328,   0.0007245618033,      0.6932396665,               100,               100,               100,     0.07248936946,      0.3893566345,      -1.363165677,                 0,                 0,                 0,      -1.983595608,      0.3893566345,      -1.363165677,                 0,       -3.50107217,  -6.594100057e-09,   2.013586863e-07,                 0
          0,           0,         180,      -6.622039817,      -5.382533309,      -5.663920173,      -3.762443479,      -6.481282827,      -4.258190865,      -5.714226756,     -0.9490216797,         100,      -4.130021543,             100,      -5.303265778,                7,      -6.472702963,   0.0007136938801,      0.6926331237,               100,               100,               100,     0.07248936946,      0.3903765271,      -1.366948005,                 0,                 0,                 0,      -1.989130034,      0.3903765271,      -1.366948005,                 0,      -3.501614237,  -3.430645202e-09,   3.667806683e-07,                 0
          0,           0,         181,      -6.630554317,      -5.392055453,      -5.671320765,      -3.770957982,      -6.488033499,      -4.271649675,      -5.723682082,     -0.9657445594,         100,      -4.035724128,             100,       -5.24633805,                7,      -6.476374407,   0.0007034597417,      0.6920058515,               100,               100,               100,     0.07248936946,      0.3913698149,      -1.370682474,                 0,                 0,                 0,      -1.994559055,      0.3913698149,      -1.370682474,                 0,      -3.502269265,  -4.897603879e-09,   2.900550113e-07,                 0
          0,           0,         182,      -6.638151985,       -5.40187433,      -5.679090938,      -3.778555633,       -6.49488567,      -4.285513671,      -5.733327475,     -0.9831119017,         100,      -3.997135824,             100,       -5.16195134,                7,      -6.479743226,   0.0006938357287,      0.6913615479,               100,               100,               100,     0.07248936946,      0.3923328239,      -1.374356965,                 0,                 0,                 0,      -1.999859897,      0.3923328239,      -1.374356965,                 0,      -3.503038444,  -4.594081895e-09,   2.935568758e-07,                 0
          0,           0,         183,      -6.644886942,      -5.411999202,      -5.687231353,      -3.785290613,      -6.501853537,      -4.299535717,      -5.743017551,      -1.001032534,         100,      -4.022335325,             100,      -5.276799279,                7,      -6.482446044,   0.0006847991476,      0.6907039474,               100,               100,               100,     0.07248936946,      0.3932591505,      -1.377947434,                 0,                 0,                 0,      -2.005002926,      0.3932591505,      -1.377947434,                 0,      -3.503917028,   1.766853389e-09,    2.41659348e-07,                 0
          0,           0,         184,      -6.650841201,      -5.422444634,      -5.695744555,      -3.791244863,      -6.508943583,      -4.313595754,      -5.752759341,      -1.020511639,         100,      -4.034950994,             100,      -5.074218347,                7,      -6.484546865,   0.0006763280913,      0.6900368218,               100,               100,               100,     0.07248936946,       0.394145542,      -1.381442554,                 0,                 0,                 0,      -2.009966768,       0.394145542,      -1.381442554,                 0,      -3.504904679,  -3.849219657e-10,   4.148436264e-07,                 0
          0,           0,         185,      -6.656108907,      -5.433208977,      -5.704628956,      -3.796512546,      -6.516162125,      -4.327568809,      -5.762555811,      -1.041135003,         100,      -4.031740432,             100,      -5.155785963,                7,      -6.485106833,   0.0006684013534,      0.6893639338,               100,               100,               100,     0.07248936946,      0.3949858897,      -1.384818671,                 0,                 0,                 0,      -2.014722895,      0.3949858897,      -1.384818671,                 0,      -3.505995296,   4.467874095e-09,   4.901345903e-07,                 0
          0,           0,         186,      -6.660783026,      -5.444293932,      -5.713879298,      -3.801186681,      -6.523496049,      -4.341365637,      -5.772395725,      -1.061406113,         100,      -4.149300544,             100,      -5.111412367,                7,      -6.485310781,   0.0006609980825,      0.6886890474,               100,               100,               100,     0.07248936946,      0.3957773468,      -1.388065357,                 0,                 0,                 0,      -2.019251444,      0.3957773468,      -1.388065357,                 0,      -3.507187483,   3.835034773e-09,    3.76365143e-07,                 0
          0,           0,         187,      -6.664947916,      -5.455688772,      -5.723488514,      -3.805351561,      -6.530943218,        -4.3536826,      -5.782326509,      -1.081840412,         100,      -4.166883455,             100,      -5.167178959,                7,      -6.484437639,   0.0006540978463,      0.6880158933,               100,               100,               100,     0.07248936946,      0.3965141855,      -1.391159918,                 0,                 0,                 0,      -2.023525822,      0.3965141855,      -1.391159918,                 0,      -3.508474522,   3.923232267e-09,   3.322950723e-07,                 0
          0,           0,         188,      -6.668689733,      -5.467393911,      -5.733456898,      -3.809093386,      -6.538491008,      -4.366022265,      -5.792309731,      -1.103081372,         100,      -4.278233689,             100,      -5.097822556,                7,      -6.481648679,   0.0006476804124,       0.687348166,               100,               100,               100,     0.07248936946,      0.3971940229,      -1.394093273,                 0,                 0,                 0,       -2.02752831,      0.3971940229,      -1.394093273,                 0,      -3.509854612,   7.086534668e-09,   4.182733667e-07,                 0
          0,           0,         189,      -6.672065183,      -5.479384523,      -5.743771007,      -3.812468855,      -6.546126802,      -4.378713167,      -5.802343412,      -1.125248269,         100,      -4.221961057,             100,      -5.095271045,                7,      -6.476244231,   0.0006417256959,      0.6866895117,               100,               100,               100,     0.07248936946,      0.3978115485,      -1.396843842,                 0,                 0,                 0,      -2.031234495,      0.3978115485,      -1.396843842,                 0,      -3.511320491,   8.663011686e-09,   3.443964334e-07,                 0
          0,           0,         190,      -6.675116618,      -5.491650393,      -5.754423475,      -3.815520285,      -6.553837965,      -4.391255054,      -5.812524683,      -1.148251034,         100,      -4.297874637,             100,      -5.278712575,                7,      -6.467875405,   0.0006362136478,      0.6860435412,               100,               100,               100,     0.07248936946,      0.3983649482,      -1.399404313,                 0,                 0,                 0,      -2.034629498,      0.3983649482,      -1.399404313,                 0,      -3.512870095,   9.083552375e-09,   4.099071851e-07,                 0
          0,           0,         191,       -6.67786715,      -5.504159683,      -5.765389384,      -3.818270819,      -6.561611484,      -4.403459986,      -5.822819257,      -1.171718278,         100,      -4.376919387,             100,      -5.212003708,                7,      -6.458767413,   0.0006311241811,      0.6854137936,               100,               100,               100,     0.07248936946,        0.39884942,      -1.401754565,                 0,                 0,                 0,      -2.037691619,        0.39884942,      -1.401754565,                 0,      -3.514495684,   4.266582713e-09,   2.356683207e-07,                 0
          0,           0,         192,      -6.680323315,      -5.516885446,      -5.776648454,      -3.820726985,      -6.569438637,      -4.415349162,      -5.833087395,      -1.195485861,         100,      -4.428126974,             100,      -5.233449565,                7,       -6.44738067,   0.0006264372403,      0.6848037382,               100,               100,               100,     0.07248936946,      0.3992637704,      -1.403889215,                 0,                 0,                 0,      -2.040409038,      0.3992637704,      -1.403889215,                 0,      -3.516194853,   4.952519592e-10,   1.934800747e-07,                 0
          0,           0,         193,      -6.682480464,      -5.529786052,      -5.788168564,      -3.822884138,      -6.577284894,      -4.426940919,      -5.843348201,      -1.219325093,         100,      -4.457614102,             100,      -5.225751888,                7,      -6.434752791,   0.0006221327639,      0.6842167527,               100,               100,               100,     0.07248936946,      0.3996036954,      -1.405789531,                 0,                 0,                 0,       -2.04276257,      0.3996036954,      -1.405789531,                 0,      -3.517959287,  -1.281827097e-09,   1.862807497e-07,                 0
          0,           0,         194,      -6.684327139,      -5.542834818,      -5.799923435,      -3.824730822,      -6.585136144,      -4.438325962,      -5.853617016,      -1.243507111,         100,      -4.423736108,             100,      -5.257255927,                7,      -6.421130952,   0.0006181906442,      0.6836560978,               100,               100,               100,     0.07248936946,      0.3998686035,      -1.407451893,                 0,                 0,                 0,      -2.044743114,      0.3998686035,      -1.407451893,                 0,       -3.51978595,  -2.690855588e-09,   2.544852611e-07,                 0
          0,           0,         195,      -6.685847549,      -5.555994381,      -5.811869072,      -3.826251226,      -6.592968355,      -4.449555942,      -5.863900144,      -1.267920885,         100,       -4.44231827,             100,      -5.116051065,                7,      -6.406676963,   0.0006145908197,      0.6831248942,               100,               100,               100,     0.07248936946,      0.4000547387,      -1.408859053,                 0,                 0,                 0,      -2.046334044,      0.4000547387,      -1.408859053,                 0,      -3.521665704,  -4.482674492e-09,   2.786989224e-07,                 0
          0,           0,         196,      -6.687038368,      -5.569228477,       -5.82396071,      -3.827442044,      -6.600758144,      -4.460725098,      -5.874170495,      -1.292890184,         100,      -4.483269075,             100,      -5.274536774,                7,      -6.391182811,   0.0006113133247,      0.6826260872,               100,               100,               100,     0.07248936946,      0.4001621083,      -1.410009104,                 0,                 0,                 0,      -2.047528784,      0.4001621083,      -1.410009104,                 0,      -3.523594751,  -3.831026947e-09,   2.553013328e-07,                 0
          0,           0,         197,      -6.687916176,       -5.58249369,      -5.836155676,      -3.828319849,      -6.608484486,      -4.471868029,      -5.884496185,      -1.317842182,         100,      -4.443017758,             100,      -4.973856831,                7,       -6.37544367,   0.0006083383293,      0.6821624395,               100,               100,               100,     0.07248936946,      0.4001875878,      -1.410886455,                 0,                 0,                 0,      -2.048313403,      0.4001875878,      -1.410886455,                 0,      -3.525562756,  -5.521146128e-09,   3.340698936e-07,                 0
          0,           0,         198,        -6.6884957,      -5.595742534,      -5.848401489,      -3.828899391,      -6.616125527,      -4.483031544,      -5.894837925,      -1.343014698,         100,      -4.440242953,             100,      -5.120769106,                7,          -6.35911,   0.0006056463002,      0.6817365096,               100,               100,               100,     0.07248936946,      0.4001319566,       -1.41149142,                 0,                 0,                 0,      -2.048684605,      0.4001319566,       -1.41149142,                 0,      -3.527564837,  -5.213999142e-09,   3.142188327e-07,                 0
          0,           0,         199,      -6.688812576,       -5.60892118,      -5.860644395,       -3.82921625,      -6.623661006,      -4.494201456,      -5.905195044,      -1.367991854,         100,      -4.494093538,             100,       -4.90219578,                7,      -6.342745826,   0.0006032180387,      0.6813506333,               100,               100,               100,     0.07248936946,      0.3999928907,      -1.411810652,                 0,                 0,                 0,      -2.048631994,      0.3999928907,      -1.411810652,                 0,      -3.529589362,  -6.176071824e-09,   3.553542526e-07,                 0
          0,           0,         200,      -6.688926628,      -5.621993926,      -5.872837229,      -3.829330299,      -6.631061751,      -4.505354345,      -5.915562865,      -1.392669683,         100,      -4.560576996,             100,      -5.121147001,                7,      -6.326559758,   0.0006010348943,      0.6810069127,               100,               100,               100,     0.07248936946,      0.3997721084,      -1.411847247,                 0,                 0,                 0,      -2.048156394,      0.3997721084,      -1.411847247,                 0,      -3.531630189,  -8.070696337e-09,   5.735548436e-07,                 0
          0,           0,         201,      -6.688907067,      -5.634910251,       -5.88492612,      -3.829310742,      -6.638324824,      -4.516415753,      -5.925937451,      -1.417168922,         100,       -4.53464831,             100,      -5.115875356,                7,      -6.309956912,   0.0005990788143,      0.6807072158,               100,               100,               100,     0.07248936946,      0.3994682801,      -1.411590797,                 0,                 0,                 0,      -2.047251949,      0.3994682801,      -1.411590797,                 0,      -3.533674306,  -6.422359114e-09,   4.848035338e-07,                 0
          0,           0,         202,      -6.688839008,      -5.647631475,      -5.896861984,      -3.829242683,      -6.645405828,        -4.5272854,      -5.936305813,      -1.441545511,         100,      -4.558620692,             100,      -5.095201597,                7,       -6.29353312,   0.0005973325606,       0.680453161,               100,               100,               100,     0.07248936946,      0.3990842221,      -1.411047797,                 0,                 0,                 0,      -2.045924544,      0.3990842221,      -1.411047797,                 0,      -3.535714316,  -5.998010061e-09,   4.229522337e-07,                 0
          0,           0,         203,      -6.688821966,      -5.660113531,      -5.908603828,      -3.829225632,      -6.652294689,      -4.537822105,      -5.946681944,      -1.465044384,         100,      -4.615764475,             100,      -5.275396088,                7,      -6.277368847,   0.0005957797914,       0.680246118,               100,               100,               100,     0.07248936946,      0.3986197342,      -1.410211359,                 0,                 0,                 0,      -2.044173694,      0.3986197342,      -1.410211359,                 0,      -3.537735938,  -5.974908717e-09,   2.469022853e-07,                 0
          0,           0,         204,      -6.688961529,      -5.672328515,      -5.920122783,      -3.829365197,      -6.658969759,      -4.547866244,      -5.957038833,      -1.488303768,         100,      -4.654913691,             100,      -5.283011175,                7,      -6.261274853,   0.0005944052054,      0.6800871904,               100,               100,               100,     0.07248936946,      0.3980788189,       -1.40909183,                 0,                 0,                 0,      -2.042011029,      0.3980788189,       -1.40909183,                 0,      -3.539730733,  -2.583070723e-09,   2.164457438e-07,                 0
          0,           0,         205,      -6.689355417,      -5.684222008,        -5.9313885,      -3.829759086,      -6.665424314,      -4.557241885,      -5.967395881,      -1.510633169,         100,      -4.720540835,             100,      -5.436876824,                7,      -6.245839884,   0.0005931946669,       0.679977222,               100,               100,               100,     0.07248936946,       0.397462451,      -1.407686203,                 0,                 0,                 0,      -2.039441902,       0.397462451,      -1.407686203,                 0,      -3.541683495,  -1.477157499e-09,   1.389288228e-07,                 0
          0,           0,         206,      -6.690101015,      -5.695758604,      -5.942379149,      -3.830504675,      -6.671651401,      -4.565760895,      -5.977690671,      -1.532105194,         100,      -4.677302998,             100,       -5.16339682,                7,      -6.230605771,    0.000592135281,      0.6799167818,               100,               100,               100,     0.07248936946,      0.3967758437,      -1.406008926,                 0,                 0,                 0,      -2.036484035,      0.3967758437,      -1.406008926,                 0,      -3.543584995,  -6.707108305e-10,   1.507939817e-07,                 0
          0,           0,         207,      -6.691294164,      -5.706906925,       -5.95308243,      -3.831697833,      -6.677641205,      -4.573251296,      -5.987907168,      -1.552575207,         100,       -4.61467282,             100,      -5.275885854,                7,      -6.215859976,   0.0005912154849,      0.6799061639,               100,               100,               100,     0.07248936946,      0.3960211229,      -1.404061054,                 0,                 0,                 0,      -2.033148791,      0.3960211229,      -1.404061054,                 0,      -3.545419607,   1.586491455e-09,   1.646452838e-07,                 0
          0,           0,         208,      -6.693023509,      -5.717649153,       -5.96349043,      -3.833427177,      -6.683392399,      -4.579546247,      -5.998036702,       -1.57171097,         100,      -4.599986216,             100,      -5.174276962,                7,      -6.201702846,   0.0005904250878,      0.6799453783,               100,               100,               100,     0.07248936946,      0.3952045689,      -1.401860984,                 0,                 0,                 0,      -2.029459642,      0.3952045689,      -1.401860984,                 0,       -3.54717808,   4.308416431e-09,    1.37803563e-07,                 0
          0,           0,         209,      -6.695374959,      -5.727963541,       -5.97360176,      -3.835778627,      -6.688898332,      -4.584608077,      -6.008062598,      -1.589729313,         100,      -4.739226093,             100,      -5.306586672,                7,      -6.187865846,   0.0005897553108,      0.6800341547,               100,               100,               100,     0.07248936946,      0.3943292733,      -1.399413553,                 0,                 0,                 0,      -2.025433356,      0.3943292733,      -1.399413553,                 0,      -3.548845211,   3.284064536e-09,   1.572901088e-07,                 0
          0,           0,         210,      -6.698426245,      -5.737844965,      -5.983421875,      -3.838829909,      -6.694161449,       -4.58823825,      -6.017960201,      -1.606392584,         100,       -4.84878457,             100,      -5.144898117,                7,      -6.177257126,   0.0005891987802,      0.6801719426,               100,               100,               100,     0.07248936946,      0.3934023734,      -1.396740726,                 0,                 0,                 0,      -2.021098446,      0.3934023734,      -1.396740726,                 0,      -3.550412556,   2.372412337e-09,   1.578478324e-07,                 0
          0,           0,         211,      -6.702248151,      -5.747292712,      -5.992965942,      -3.842651821,      -6.699188035,      -4.590497359,      -6.027705904,      -1.621436715,         100,      -4.690215799,             100,      -5.158126421,                7,      -6.166642637,   0.0005887495093,      0.6803579165,               100,               100,               100,     0.07248936946,      0.3924277277,      -1.393850758,                 0,                 0,                 0,      -2.016476358,      0.3924277277,      -1.393850758,                 0,       -3.55186614,   6.343279501e-09,   2.913752847e-07,                 0
          0,           0,         212,      -6.706900593,      -5.756308958,      -6.002254163,      -3.847304257,      -6.703985089,      -4.591391941,      -6.037272937,      -1.634606303,         100,      -4.698585309,             100,       -5.43747112,                7,      -6.157825497,   0.0005884028443,       0.680590979,               100,               100,               100,     0.07248936946,      0.3914130332,      -1.390768516,                 0,                 0,                 0,      -2.011599482,      0.3914130332,      -1.390768516,                 0,      -3.553199302,   5.736609761e-09,   2.735993435e-07,                 0
          0,           0,         213,      -6.712431502,       -5.76489638,      -6.011304593,       -3.85283517,       -6.70856021,      -4.591051437,      -6.046635331,      -1.646228763,         100,      -4.746857249,             100,      -5.436144356,                7,      -6.150927021,   0.0005881553923,      0.6808697775,               100,               100,               100,     0.07248936946,      0.3903625763,      -1.387504827,                 0,                 0,                 0,       -2.00649247,      0.3903625763,      -1.387504827,                 0,       -3.55440022,   5.514603054e-09,    1.51586124e-07,                 0
          0,           0,         214,      -6.718886136,      -5.773061333,       -6.02013979,      -3.859289809,      -6.712932502,      -4.589558239,      -6.055764575,      -1.656092636,         100,      -4.666045852,             100,      -5.230100493,                7,      -6.144583749,   0.0005880049174,      0.6811927144,               100,               100,               100,     0.07248936946,      0.3892843171,      -1.384086651,                 0,                 0,                 0,      -2.001190229,      0.3892843171,      -1.384086651,                 0,      -3.555464709,   6.994983127e-09,   2.220278907e-07,                 0
          0,           0,         215,       -6.72638944,      -5.780838199,      -6.028818058,      -3.866793111,      -6.717105914,      -4.587082929,      -6.064635349,      -1.664229554,         100,      -4.709078457,             100,       -5.46573059,                7,      -6.142552963,   0.0005879502343,      0.6815465664,               100,               100,               100,     0.07248936946,      0.3881833221,      -1.380528434,                 0,                 0,                 0,       -1.99572149,      0.3881833221,      -1.380528434,                 0,      -3.556382655,   9.658648804e-09,   2.887133973e-07,                 0
          0,           0,         216,      -6.734818374,      -5.788228056,      -6.037297379,      -3.875222042,      -6.721101324,      -4.583858896,       -6.07320337,       -1.67048471,         100,      -4.780239713,             100,      -5.320306524,                7,      -6.141355258,   0.0005879910739,      0.6819387336,               100,               100,               100,     0.07248936946,       0.387067076,      -1.376857089,                 0,                 0,                 0,      -1.990120937,       0.387067076,      -1.376857089,                 0,      -3.557153719,     4.3396035e-09,   1.870670652e-07,                 0
          0,           0,         217,      -6.744242371,      -5.795252477,      -6.045616553,      -3.884646039,      -6.724931551,      -4.580098463,      -6.081449851,      -1.674977187,         100,      -4.641776165,             100,      -5.528226253,                7,      -6.141652417,   0.0005881279434,      0.6823693151,               100,               100,               100,     0.07248936946,      0.3859396126,      -1.373085487,                 0,                 0,                 0,      -1.984414539,      0.3859396126,      -1.373085487,                 0,       -3.55777288,   6.417136755e-09,   3.315171212e-07,                 0
          0,           0,         218,      -6.754704897,      -5.801930895,      -6.053801601,      -3.895108562,      -6.728615689,      -4.575885013,       -6.08935299,      -1.677918023,         100,      -4.595982177,             100,      -5.418237886,                7,      -6.143885787,   0.0005883619804,      0.6828359737,               100,               100,               100,     0.07248936946,      0.3848083464,      -1.369241519,                 0,                 0,                 0,      -1.978637152,      0.3848083464,      -1.369241519,                 0,      -3.558242777,   5.563474635e-09,   4.050130662e-07,                 0
          0,           0,         219,      -6.766220627,      -5.808295865,      -6.061871129,      -3.906624296,      -6.732171405,      -4.571421844,       -6.09688989,      -1.679261562,         100,      -4.722793701,             100,      -5.529311054,                7,      -6.147892356,   0.0005886947909,      0.6833362304,               100,               100,               100,     0.07248936946,      0.3836770586,      -1.365338407,                 0,                 0,                 0,      -1.972814197,      0.3836770586,      -1.365338407,                 0,      -3.558561493,   8.525400899e-09,   3.933952761e-07,                 0
          0,           0,         220,      -6.778798902,      -5.814360355,      -6.069833621,      -3.919202574,      -6.735617723,      -4.566796047,      -6.104037007,      -1.679412723,         100,      -4.626618757,             100,      -5.313711396,                7,      -6.155681606,   0.0005891282989,      0.6838674804,               100,               100,               100,     0.07248936946,      0.3825526469,       -1.36140333,                 0,                 0,                 0,      -1.966978916,      0.3825526469,       -1.36140333,                 0,      -3.558734571,    1.31051847e-09,   2.524955127e-07,                 0
          0,           0,         221,      -6.792442274,      -5.820163699,      -6.077701928,      -3.932845941,      -6.738973838,        -4.5621916,      -6.110779185,      -1.678439066,         100,      -4.581857225,             100,      -5.202610824,                7,      -6.163850513,   0.0005896645959,      0.6844270238,               100,               100,               100,     0.07248936946,         0.3814384,      -1.357449037,                 0,                 0,                 0,      -1.961154981,         0.3814384,      -1.357449037,                 0,      -3.558763452,  -9.786675233e-10,   2.625315437e-07,                 0
          0,           0,         222,      -6.807149155,      -5.825714846,       -6.08547562,      -3.947552823,      -6.742258416,      -4.557667013,      -6.117099519,       -1.67607343,         100,      -4.572420514,             100,      -5.204754208,                7,      -6.174400388,   0.0005903057812,      0.6850120727,               100,               100,               100,     0.07248936946,      0.3803403771,      -1.353500972,                 0,                 0,                 0,      -1.955372436,      0.3803403771,      -1.353500972,                 0,       -3.55865707,   1.516022003e-09,   2.716335588e-07,                 0
          0,           0,         223,      -6.822907936,      -5.831050458,      -6.093159939,      -3.963311602,      -6.745487369,      -4.553380421,      -6.122986517,      -1.672832388,         100,      -4.593200235,             100,      -5.237699011,                7,      -6.185154173,    0.000591053833,      0.6856197984,               100,               100,               100,     0.07248936946,      0.3792610834,       -1.34957012,                 0,                 0,                 0,       -1.94965154,      0.3792610834,       -1.34957012,                 0,      -3.558419724,  -4.172764287e-09,   2.686255737e-07,                 0
          0,           0,         224,       -6.83970916,      -5.836181536,      -6.100750529,      -3.980112825,      -6.748675265,      -4.549363626,      -6.128429615,       -1.66859267,         100,      -4.603038273,             100,      -5.208076917,                7,       -6.19488518,   0.0005919104528,      0.6862473248,               100,               100,               100,     0.07248936946,      0.3782057258,      -1.345679666,                 0,                 0,                 0,       -1.94401862,      0.3782057258,      -1.345679666,                 0,      -3.558062646,  -6.461252228e-09,   3.111571287e-07,                 0
          0,           0,         225,      -6.857533136,      -5.841145378,      -6.108248275,      -3.997936799,      -6.751836669,      -4.545740354,      -6.133426207,       -1.66391039,         100,      -4.607733865,             100,      -5.474037015,                7,      -6.203430733,   0.0005928769609,      0.6868917819,               100,               100,               100,     0.07248936946,      0.3771760293,      -1.341838619,                 0,                 0,                 0,       -1.93849016,      0.3771760293,      -1.341838619,                 0,      -3.557592517,   3.707617054e-09,   3.110879319e-07,                 0
          0,           0,         226,      -6.876358139,      -5.845945983,      -6.115645323,      -4.016761803,      -6.754985008,      -4.542509824,      -6.137980247,      -1.659034183,         100,      -4.603660756,             100,      -5.622205336,                7,      -6.210882757,   0.0005939541515,      0.6875503048,               100,               100,               100,     0.07248936946,      0.3761762972,      -1.338067527,                 0,                 0,                 0,      -1.933088352,      0.3761762972,      -1.338067527,                 0,       -3.55702243,   5.291684212e-09,   2.548208308e-07,                 0
          0,           0,         227,      -6.896147315,      -5.850615709,      -6.122938907,       -4.03655098,        -6.7581306,       -4.54314496,      -6.142110261,      -1.653425826,         100,       -4.51744496,             100,      -5.362027357,                7,      -6.217216163,   0.0005951422138,      0.6882200612,               100,               100,               100,     0.07248936946,      0.3752074826,      -1.334372997,                 0,                 0,                 0,      -1.927825726,      0.3752074826,      -1.334372997,                 0,      -3.556360304,   6.780288674e-09,   3.816436664e-07,                 0
          0,           0,         228,      -6.916862438,      -5.855159037,      -6.130120671,      -4.057266102,      -6.761283318,      -4.542305454,      -6.145815661,       -1.65018698,         100,       -4.48182473,             100,      -5.444312153,                7,      -6.219679256,   0.0005964406442,      0.6888982544,               100,               100,               100,     0.07248936946,      0.3742730242,      -1.330772649,                 0,                 0,                 0,       -1.92272015,      0.3742730242,      -1.330772649,                 0,      -3.555619997,    5.20208006e-09,   4.492223637e-07,                 0
          0,           0,         229,      -6.938444839,      -5.859603376,      -6.137185428,      -4.078848503,       -6.76445172,       -4.54160759,      -6.149077185,      -1.646115927,         100,      -4.521848795,             100,      -5.430248874,                7,       -6.22366218,   0.0005978481863,      0.6895821746,               100,               100,               100,     0.07248936946,      0.3733731329,      -1.327270577,                 0,                 0,                 0,      -1.917780018,      0.3733731329,      -1.327270577,                 0,      -3.554810081,   6.511669324e-09,   5.813017677e-07,                 0
          0,           0,         230,      -6.960828086,      -5.863945527,      -6.144118346,      -4.101231752,      -6.767641361,       -4.54114623,      -6.151990577,      -1.642063968,         100,      -4.451362017,             100,      -5.455715804,                7,      -6.226095437,    0.000599362766,      0.6902691952,               100,               100,               100,     0.07248936946,      0.3725104409,      -1.323881433,                 0,                 0,                 0,      -1.913018979,      0.3725104409,      -1.323881433,                 0,      -3.553944501,   3.534711972e-09,   4.242781358e-07,                 0
          0,           0,         231,      -6.983928522,      -5.868211842,      -6.150915886,       -4.12433219,      -6.770855984,      -4.540850131,      -6.154551002,      -1.637117652,         100,      -4.420485098,             100,      -5.500300855,                7,      -6.229474804,   0.0006009814715,      0.6909567712,               100,               100,               100,     0.07248936946,       0.371684515,      -1.320606807,                 0,                 0,                 0,      -1.908441681,       0.371684515,      -1.320606807,                 0,      -3.553031545,   2.775774688e-09,   5.223996112e-07,                 0
          0,           0,         232,      -7.007645065,      -5.872395624,      -6.157564954,      -4.148048732,      -6.774286403,      -4.541908798,      -6.156785325,      -1.631621483,         100,      -4.371938078,             100,      -5.623680804,                7,      -6.235307541,   0.0006027005416,      0.6916424754,               100,               100,               100,     0.07248936946,      0.3708972644,      -1.317458398,                 0,                 0,                 0,      -1.904057773,      0.3708972644,      -1.317458398,                 0,      -3.552084431,  -1.159106026e-09,   4.182374499e-07,                 0
          0,           0,         233,      -7.031852003,      -5.876523885,      -6.164066292,      -4.172255668,      -6.777692423,       -4.54262364,      -6.158727175,      -1.625919206,         100,      -4.397438634,             100,        -5.6438546,                7,      -6.241976958,   0.0006045153571,      0.6923240023,               100,               100,               100,     0.07248936946,      0.3701477337,      -1.314435202,                 0,                 0,                 0,      -1.899868346,      0.3701477337,      -1.314435202,                 0,      -3.551109684,   7.999275994e-10,   5.236394923e-07,                 0
          0,           0,         234,      -7.056390571,       -5.88058885,      -6.170409791,      -4.196794238,      -6.781041199,      -4.543747553,      -6.160408395,      -1.620704241,         100,      -4.355893926,             100,       -5.63911951,                7,      -6.247870645,   0.0006064204778,      0.6929991662,               100,               100,               100,     0.07248936946,       0.369437329,      -1.311545939,                 0,                 0,                 0,      -1.895879664,       0.369437329,      -1.311545939,                 0,      -3.550117532,  -1.373500754e-09,   6.851391799e-07,                 0
          0,           0,         235,       -7.08106304,       -5.88461115,       -6.17659802,       -4.22146671,       -6.78438923,      -4.545386827,      -6.161867394,      -1.615934422,         100,      -4.329828494,             100,      -5.511508223,                7,       -6.25276987,   0.0006084096965,      0.6936659061,               100,               100,               100,     0.07248936946,      0.3687647878,      -1.308787799,                 0,                 0,                 0,      -1.892090368,      0.3687647878,      -1.308787799,                 0,       -3.54911272,   6.636181231e-10,   4.742391667e-07,                 0
          0,           0,         236,      -7.105636878,      -5.888581859,      -6.182626304,      -4.246040545,      -6.787743034,      -4.547449363,      -6.163137101,      -1.611162897,         100,      -4.266816571,             100,      -5.369649478,                7,      -6.258719409,   0.0006104761016,      0.6943222787,               100,               100,               100,     0.07248936946,      0.3681311192,      -1.306167694,                 0,                 0,                 0,      -1.888504282,      0.3681311192,      -1.306167694,                 0,      -3.548104535,  -1.465760967e-09,   3.400147819e-07,                 0
          0,           0,         237,       -7.12983355,      -5.892521807,      -6.188501583,      -4.270237215,      -6.791110189,      -4.549994049,       -6.16425697,      -1.606494346,         100,      -4.292361465,             100,      -5.839680898,                7,      -6.264000497,   0.0006126121874,      0.6949664796,               100,               100,               100,     0.07248936946,      0.3675347089,      -1.303681235,                 0,                 0,                 0,        -1.8851177,      0.3675347089,      -1.303681235,                 0,      -3.547096924,    -2.4047666e-10,   2.828159596e-07,                 0
          0,           0,         238,      -7.153335549,      -5.896421227,      -6.194222054,      -4.293739214,      -6.794497052,      -4.553000743,      -6.165260243,      -1.602108942,         100,      -4.272841243,             100,      -5.573008626,                7,      -6.270233828,   0.0006148099663,      0.6955968334,               100,               100,               100,     0.07248936946,      0.3669761041,       -1.30133332,                 0,                 0,                 0,      -1.881931869,      0.3669761041,       -1.30133332,                 0,      -3.546098249,   -2.86308959e-09,   2.133381176e-07,                 0
          0,           0,         239,       -7.17577089,      -5.900297068,      -6.199793865,      -4.316174549,      -6.797904099,      -4.556491587,      -6.166183611,      -1.598411482,         100,      -4.289029148,             100,       -5.38792695,                7,      -6.276023158,   0.0006170610498,      0.6962118373,               100,               100,               100,     0.07248936946,      0.3664534028,      -1.299118199,                 0,                 0,                 0,      -1.878941223,      0.3664534028,      -1.299118199,                 0,      -3.545111572,  -1.650372075e-09,   2.164815797e-07,                 0
          0,           0,         240,      -7.196747494,      -5.904142694,      -6.205215808,      -4.337151158,      -6.801331809,      -4.560438831,      -6.167059574,      -1.594709194,         100,      -4.256460834,             100,      -5.393543161,                7,       -6.28176373,   0.0006193568433,      0.6968101399,               100,               100,               100,     0.07248936946,      0.3659668583,      -1.297039379,                 0,                 0,                 0,      -1.876145382,      0.3659668583,      -1.297039379,                 0,      -3.544144367,   -8.37053799e-10,   3.834527552e-07,                 0
          0,           0,         241,      -7.215855744,      -5.907975871,      -6.210495053,      -4.356259403,      -6.804779581,      -4.564848417,      -6.167924664,      -1.591596122,         100,      -4.258763467,             100,      -5.259013351,                7,      -6.286882363,   0.0006216886887,       0.697390553,               100,               100,               100,     0.07248936946,      0.3655143711,      -1.295090101,                 0,                 0,                 0,      -1.873537464,      0.3655143711,      -1.295090101,                 0,      -3.543198855,  -5.413270914e-10,   2.319493381e-07,                 0
          0,           0,         242,      -7.232707549,      -5.911787748,      -6.215627786,      -4.373111214,      -6.808247158,      -4.569689418,      -6.168751463,      -1.589321344,         100,      -4.245837129,             100,      -5.349944121,                7,      -6.291843782,   0.0006240480242,      0.6979520775,               100,               100,               100,     0.07248936946,      0.3650959897,      -1.293272718,                 0,                 0,                 0,      -1.871115891,      0.3650959897,      -1.293272718,                 0,      -3.542281357,   6.835670668e-10,   2.168910093e-07,                 0
          0,           0,         243,      -7.246970743,      -5.915595173,      -6.220619266,      -4.387374415,      -6.811735043,      -4.574973383,      -6.169648186,      -1.587278243,         100,      -4.181788904,             100,      -5.632208089,                7,      -6.296354154,   0.0006264265545,      0.6984938883,               100,               100,               100,     0.07248936946,      0.3647094856,       -1.29157967,                 0,                 0,                 0,      -1.868872866,      0.3647094856,       -1.29157967,                 0,      -3.541393139,  -1.218947826e-09,   2.953214069e-07,                 0
          0,           0,         244,      -7.258430764,      -5.919392401,      -6.225467068,      -4.398834427,       -6.81524233,      -4.580675372,      -6.170647444,      -1.585438757,         100,      -4.213993962,             100,      -5.461727319,                7,      -6.300546405,   0.0006288164171,      0.6990153132,               100,               100,               100,     0.07248936946,      0.3643547374,      -1.290012314,                 0,                 0,                 0,      -1.866805785,      0.3643547374,      -1.290012314,                 0,      -3.540539428,  -4.616689651e-10,   3.537039106e-07,                 0
          0,           0,         245,       -7.26699224,      -5.923193073,      -6.230173671,      -4.407395912,      -6.818767619,      -4.586796565,      -6.171752312,      -1.583894699,         100,      -4.174277263,             100,      -5.466426434,                7,      -6.304862147,   0.0006312103162,      0.6995158474,               100,               100,               100,     0.07248936946,      0.3640294546,       -1.28856243,                 0,                 0,                 0,      -1.864906126,      0.3640294546,       -1.28856243,                 0,      -3.539720244,  -2.294363741e-09,   1.765085807e-07,                 0
          0,           0,         246,      -7.272723937,      -5.926991275,      -6.234734005,      -4.413127612,      -6.822311623,       -4.59331272,      -6.172987021,      -1.582624527,         100,      -4.210231147,             100,      -5.442647262,                7,      -6.308659216,   0.0006298966445,      0.6999951281,               100,               100,               100,     0.07248936946,      0.3637333783,      -1.287230483,                 0,                 0,                 0,      -1.863170331,      0.3637333783,      -1.287230483,                 0,      -3.538939673,   -5.47609142e-09,   2.639726141e-07,                 0
          0,           0,         247,      -7.275840241,           -5.9308,      -6.239149995,      -4.416243916,      -6.825873883,       -4.60022883,      -6.174378819,      -1.581974342,         100,      -4.236328615,             100,      -5.428176882,                7,      -6.312260396,   0.0006287172476,      0.7004529242,               100,               100,               100,     0.07248936946,      0.3634641338,      -1.286007581,                 0,                 0,                 0,      -1.861589043,      0.3634641338,      -1.286007581,                 0,       -3.53819665,  -5.866607821e-09,   2.554624149e-07,                 0
          0,           0,         248,      -7.276677883,      -5.934612377,      -6.243413953,      -4.417081552,      -6.829455959,      -4.607526838,      -6.175947257,      -1.582432485,         100,      -4.217409186,             100,      -5.279086251,                7,      -6.314157603,   0.0006276688055,       0.700889117,               100,               100,               100,     0.07248936946,      0.3632213892,      -1.284893506,                 0,                 0,                 0,      -1.860157969,      0.3632213892,      -1.284893506,                 0,      -3.537494057,  -6.363170096e-09,   2.231839897e-07,                 0
          0,           0,         249,      -7.275657813,      -5.938438145,      -6.247526389,      -4.416061488,      -6.833056475,      -4.615206637,      -6.177714352,       -1.58344511,         100,      -4.219908258,             100,      -5.450665466,                7,      -6.316751298,   0.0006267443312,      0.7013036796,               100,               100,               100,     0.07248936946,      0.3630027339,      -1.283878904,                 0,                 0,                 0,       -1.85886715,      0.3630027339,      -1.283878904,                 0,      -3.536829847,  -5.347385142e-09,   1.934702594e-07,                 0
          0,           0,         250,      -7.273245755,      -5.942274051,      -6.251480973,      -4.413649427,      -6.836677197,      -4.623248746,      -6.179697218,      -1.584079579,         100,      -4.293413584,             100,      -5.330712791,                7,      -6.319977184,   0.0006259371299,      0.7016966793,               100,               100,               100,     0.07248936946,      0.3628078147,      -1.282963129,                 0,                 0,                 0,      -1.857711839,      0.3628078147,      -1.282963129,                 0,      -3.536205885,  -5.286698803e-09,   1.480645591e-07,                 0
          0,           0,         251,       -7.26989936,      -5.946125118,      -6.255275833,      -4.410303025,      -6.840317967,      -4.631646198,      -6.181915644,      -1.585022685,         100,      -4.247370678,             100,      -5.509763958,                7,      -6.322431093,   0.0006252408453,      0.7020682601,               100,               100,               100,     0.07248936946,      0.3626342971,      -1.282136791,                 0,                 0,                 0,      -1.856682095,      0.3626342971,      -1.282136791,                 0,      -3.535619222,  -5.929587758e-09,   1.494846295e-07,                 0
          0,           0,         252,      -7.266056146,      -5.949986786,      -6.258903514,      -4.406459813,      -6.843980171,      -4.640378122,      -6.184384255,      -1.586478663,         100,      -4.319375631,             100,      -5.254763382,                7,      -6.324667066,   0.0006246494725,      0.7024186273,               100,               100,               100,     0.07248936946,      0.3624819084,      -1.281399259,                 0,                 0,                 0,      -1.855773329,      0.3624819084,      -1.281399259,                 0,      -3.535070936,  -6.280519266e-09,   1.659557099e-07,                 0
          0,           0,         253,      -7.262102801,      -5.953863774,      -6.262363609,      -4.402506482,      -6.847664053,       -4.64942746,      -6.187119992,      -1.588285419,         100,      -4.231870746,             100,      -5.297391567,                7,      -6.326986804,   0.0006241574005,      0.7027480493,               100,               100,               100,     0.07248936946,      0.3623484387,      -1.280741372,                 0,                 0,                 0,      -1.854975973,      0.3623484387,      -1.280741372,                 0,      -3.534557445,  -6.261414347e-09,   1.953577286e-07,                 0
          0,           0,         254,      -7.258367746,      -5.957745943,      -6.265647678,      -4.398771417,      -6.851370257,        -4.6587676,       -6.19013452,       -1.59075857,         100,      -4.282324616,             100,      -5.283207698,                7,      -6.328296019,   0.0006237594151,      0.7030568504,               100,               100,               100,     0.07248936946,      0.3622337482,      -1.280162787,                 0,                 0,                 0,      -1.854285966,      0.3622337482,      -1.280162787,                 0,      -3.534079289,   -6.61304084e-09,   2.048100831e-07,                 0
          0,           0,         255,       -7.25513004,      -5.961636953,      -6.268757662,      -4.395533704,      -6.855098579,      -4.668372652,      -6.193441255,      -1.593194564,         100,      -4.310845922,             100,      -5.086511333,                7,      -6.329957178,   0.0006234507179,      0.7033454047,               100,               100,               100,     0.07248936946,      0.3621357899,      -1.279654797,                 0,                 0,                 0,      -1.853694442,      0.3621357899,      -1.279654797,                 0,      -3.533632501,  -6.384393209e-09,   1.836749117e-07,                 0
          0,           0,         256,      -7.252609976,      -5.965527496,      -6.271688934,      -4.393013648,      -6.858849204,      -4.678205285,      -6.197048946,      -1.596149382,         100,      -4.238696611,             100,      -5.035537523,                7,      -6.330429025,   0.0006232269329,       0.703614129,               100,               100,               100,     0.07248936946,      0.3620545756,      -1.279217489,                 0,                 0,                 0,      -1.853198026,      0.3620545756,      -1.279217489,                 0,      -3.533217297,  -6.375501979e-09,   1.768127512e-07,                 0
          0,           0,         257,      -7.250979093,      -5.969420018,      -6.274444373,      -4.391382759,      -6.862620706,      -4.688219264,      -6.200966819,      -1.599166612,         100,      -4.305961956,             100,      -5.017334477,                7,       -6.33097205,    0.000623084099,      0.7038634777,               100,               100,               100,     0.07248936946,      0.3619882202,      -1.278842702,                 0,                 0,                 0,      -1.852788665,      0.3619882202,      -1.278842702,                 0,      -3.532829607,  -6.394692664e-09,   1.958567019e-07,                 0
          0,           0,         258,      -7.250366651,      -5.973301664,      -6.277023659,      -4.390770322,      -6.866412936,       -4.69836694,       -6.20520041,      -1.602467751,         100,      -4.296701279,             100,      -5.159661596,                7,      -6.331540781,   0.0006230186772,      0.7040939363,               100,               100,               100,     0.07248936946,      0.3619368724,      -1.278531003,                 0,                 0,                 0,      -1.852463714,      0.3619368724,      -1.278531003,                 0,      -3.532469611,  -6.030086232e-09,    1.87435466e-07,                 0
          0,           0,         259,      -7.250863024,      -5.977172277,      -6.279433069,      -4.391266695,        -6.8702242,      -4.708587862,      -6.209755456,      -1.605781633,         100,      -4.257055852,             100,      -5.189476115,                7,      -6.332352145,   0.0006230275357,      0.7043060179,               100,               100,               100,     0.07248936946,      0.3618987624,      -1.278274678,                 0,                 0,                 0,       -1.85221575,      0.3618987624,      -1.278274678,                 0,      -3.532133322,  -6.100255985e-09,   1.793464348e-07,                 0
          0,           0,         260,      -7.252526241,      -5.981022917,      -6.281677754,      -4.392929904,      -6.874053868,      -4.718820675,      -6.214633604,      -1.609589246,         100,      -4.265780641,             100,      -5.247276974,                7,      -6.332554188,   0.0006231079316,       0.704500255,               100,               100,               100,     0.07248936946,      0.3618741416,      -1.278074705,                 0,                 0,                 0,      -1.852042732,      0.3618741416,      -1.278074705,                 0,      -3.531821035,  -5.541347654e-09,   1.618695544e-07,                 0
          0,           0,         261,      -7.255381242,      -5.984850028,      -6.283768267,       -4.39578491,      -6.877900067,      -4.729478967,      -6.219841426,      -1.613557353,         100,      -4.283884499,             100,      -5.009137585,                7,       -6.33365597,   0.0006232575017,      0.7046772006,               100,               100,               100,     0.07248936946,       0.361861336,       -1.27792379,                 0,                 0,                 0,      -1.851937825,       0.361861336,       -1.27792379,                 0,      -3.531528967,   -5.95033431e-09,   1.661197826e-07,                 0
          0,           0,         262,      -7.259423992,      -5.988644591,      -6.285714649,      -4.399827657,      -6.881760928,      -4.740097122,      -6.225373068,      -1.617576597,         100,      -4.281779638,             100,      -5.199437288,                7,      -6.334111154,    0.000623474225,      0.7048374179,               100,               100,               100,     0.07248936946,      0.3618606664,      -1.277823276,                 0,                 0,                 0,      -1.851899472,      0.3618606664,      -1.277823276,                 0,      -3.531257733,  -5.242123091e-09,   1.465140675e-07,                 0
          0,           0,         263,      -7.264621811,       -5.99240499,      -6.287532826,      -4.405025471,      -6.885634054,      -4.750045963,      -6.231221285,      -1.622108856,         100,      -4.340524279,             100,      -5.166402434,                7,      -6.334116962,   0.0006237564191,      0.7049814821,               100,               100,               100,     0.07248936946,      0.3618705041,      -1.277766172,                 0,                 0,                 0,      -1.851921223,      0.3618705041,      -1.277766172,                 0,      -3.531003928,  -4.864635845e-09,   1.345392382e-07,                 0
          0,           0,         264,       -7.27098194,      -5.996126859,      -6.289246508,      -4.411385608,      -6.889517511,      -4.759623094,      -6.237378275,      -1.626412261,         100,      -4.279673648,             100,      -5.255594373,                7,      -6.334268789,   0.0006241026899,      0.7051076581,               100,               100,               100,     0.07248936946,      0.3618913355,      -1.277754456,                 0,                 0,                 0,      -1.852002321,      0.3618913355,      -1.277754456,                 0,      -3.530768302,  -4.754019597e-09,   1.309499434e-07,                 0
          0,           0,         265,      -7.278347282,      -5.999809612,      -6.290868738,      -4.418750948,      -6.893408954,       -4.76884859,       -6.24382923,      -1.630820664,         100,      -4.359001735,             100,      -5.042089521,                7,      -6.334980777,   0.0006245119135,      0.7052152588,               100,               100,               100,     0.07248936946,      0.3619216544,      -1.277781658,                 0,                 0,                 0,      -1.852136989,      0.3619216544,      -1.277781658,                 0,      -3.530547681,  -4.957407272e-09,   1.327769804e-07,                 0
          0,           0,         266,      -7.286461922,      -6.003444764,      -6.292402076,      -4.426865578,      -6.897305529,      -4.777532851,      -6.250560822,      -1.635411108,         100,      -4.192583155,             100,      -5.124747589,                7,      -6.335883762,   0.0006249832015,      0.7053086704,               100,               100,               100,     0.07248936946,      0.3619616447,      -1.277849075,                 0,                 0,                 0,      -1.852323635,      0.3619616447,      -1.277849075,                 0,      -3.530343874,  -4.730919566e-09,   1.185506184e-07,                 0
          0,           0,         267,      -7.295311751,        -6.0070316,      -6.293888672,      -4.435715417,      -6.901204519,      -4.785730031,      -6.257565233,      -1.640131113,         100,      -4.310944157,             100,      -5.163050759,                7,      -6.337793279,   0.0006255158757,      0.7053885038,               100,               100,               100,     0.07248936946,      0.3620096429,       -1.27794996,                 0,                 0,                 0,      -1.852556026,      0.3620096429,       -1.27794996,                 0,      -3.530154473,  -3.824123658e-09,   1.094378465e-07,                 0
          0,           0,         268,      -7.304684748,      -6.010568612,      -6.295357497,      -4.445088406,      -6.905104382,      -4.793429664,      -6.264825141,      -1.644870724,         100,      -4.324107636,             100,      -5.217182157,                7,      -6.338148183,   0.0006261094291,      0.7054553693,               100,               100,               100,     0.07248936946,      0.3620659946,      -1.278086197,                 0,                 0,                 0,      -1.852833204,      0.3620659946,      -1.278086197,                 0,      -3.529981318,  -3.763861992e-09,   1.030237049e-07,                 0
          0,           0,         269,      -7.314330977,      -6.014056635,      -6.296834623,      -4.454734631,      -6.909002584,      -4.800606991,      -6.272320099,      -1.649537966,         100,      -4.333793657,             100,      -5.102527675,                7,      -6.338970435,   0.0006267635087,      0.7055098821,               100,               100,               100,     0.07248936946,      0.3621290681,      -1.278251241,                 0,                 0,                 0,       -1.85314921,      0.3621290681,      -1.278251241,                 0,      -3.529822248,  -3.621073123e-09,   9.422261975e-08,                 0
          0,           0,         270,      -7.323976492,      -6.017501505,      -6.298347916,      -4.464380165,      -6.912897477,      -4.807283851,      -6.280027326,      -1.654514244,         100,      -4.184674903,             100,      -5.193170812,                7,      -6.339680222,   0.0006274778703,      0.7055526591,               100,               100,               100,     0.07248936946,      0.3621991909,      -1.278447035,                 0,                 0,                 0,      -1.853503147,      0.3621991909,      -1.278447035,                 0,      -3.529679435,  -3.057409034e-09,   8.626321938e-08,                 0
          0,           0,         271,      -7.333315895,      -6.020906303,       -6.29992585,      -4.473719545,      -6.916787956,      -4.813460934,      -6.287922458,      -1.659073435,         100,      -4.194665829,             100,       -5.09353936,                7,      -6.340964802,   0.0006282523633,      0.7055843212,               100,               100,               100,     0.07248936946,       0.362274685,      -1.278666991,                 0,                 0,                 0,      -1.853888959,       0.362274685,      -1.278666991,                 0,      -3.529551041,  -2.931135349e-09,   7.901511583e-08,                 0
          0,           0,         272,      -7.342012357,      -6.024270095,      -6.301592449,      -4.482416037,      -6.920673233,      -4.819191048,      -6.295978703,      -1.663977613,         100,       -4.28285443,             100,      -5.288888844,                7,      -6.341142706,   0.0006290868956,      0.7056054907,               100,               100,               100,     0.07248936946,      0.3623558286,      -1.278912998,                 0,                 0,                 0,      -1.854305626,      0.3623558286,      -1.278912998,                 0,      -3.529439565,  -2.651085717e-09,   7.367393661e-08,                 0
          0,           0,         273,      -7.349745126,      -6.027605275,      -6.303379848,      -4.490148794,         -6.924553,      -4.824497741,      -6.304167863,      -1.669367972,         100,      -4.285002006,             100,      -5.187103177,                7,      -6.341418775,   0.0006299814282,      0.7056167953,               100,               100,               100,     0.07248936946,      0.3624408847,      -1.279178351,                 0,                 0,                 0,      -1.854746903,      0.3624408847,      -1.279178351,                 0,      -3.529343419,  -2.415423777e-09,   7.077754041e-08,                 0
          0,           0,         274,      -7.356189437,      -6.030914588,      -6.305313116,      -4.496593103,      -6.928426361,      -4.829448497,      -6.312461037,      -1.674126521,         100,      -4.285872313,             100,       -5.23018457,                7,      -6.342194971,    0.000630935946,      0.7056188634,               100,               100,               100,     0.07248936946,      0.3625300762,      -1.279464822,                 0,                 0,                 0,      -1.855211557,      0.3625300762,      -1.279464822,                 0,      -3.529265311,  -2.235386153e-09,   6.795643589e-08,                 0
          0,           0,         275,      -7.361075198,       -6.03420899,      -6.307417735,      -4.501478864,      -6.932293728,      -4.834082416,      -6.320828622,      -1.679292657,         100,      -4.221746392,             100,      -5.141305325,                7,      -6.342791375,   0.0006319504312,      0.7056123293,               100,               100,               100,     0.07248936946,      0.3626215974,      -1.279765524,                 0,                 0,                 0,      -1.855693073,      0.3626215974,      -1.279765524,                 0,      -3.529203813,  -2.211925144e-09,   6.120220676e-08,                 0
          0,           0,         276,      -7.364205031,      -6.037495513,      -6.309719303,      -4.504608709,      -6.936155899,       -4.83847361,      -6.329240831,       -1.68478605,         100,      -4.226206418,             100,      -5.306289998,                7,      -6.342536896,   0.0006330248632,      0.7055978315,               100,               100,               100,     0.07248936946,      0.3627156203,       -1.28008209,                 0,                 0,                 0,      -1.856189983,      0.3627156203,       -1.28008209,                 0,       -3.52916174,  -2.221416189e-09,     5.0905435e-08,                 0
          0,           0,         277,      -7.365470181,      -6.040782026,      -6.312237798,      -4.505873843,      -6.940013588,      -4.842661938,      -6.337668624,      -1.689989663,         100,      -4.160663311,             100,      -5.146912764,                7,      -6.342696342,    0.000634159219,      0.7055760139,               100,               100,               100,     0.07248936946,      0.3628102775,      -1.280407427,                 0,                 0,                 0,      -1.856695492,      0.3628102775,      -1.280407427,                 0,      -3.529137697,  -1.610120016e-09,   4.302719485e-08,                 0
          0,           0,         278,      -7.364863059,      -6.044077564,      -6.314994187,      -4.505266731,       -6.94386789,      -4.846728302,      -6.346083646,      -1.695171831,         100,      -4.178755677,             100,       -5.04934979,                7,      -6.342472878,   0.0006353534643,       0.705547525,               100,               100,               100,     0.07248936946,      0.3629056965,      -1.280743015,                 0,                 0,                 0,      -1.857207888,      0.3629056965,      -1.280743015,                 0,      -3.529134503,  -1.032108207e-09,   3.323882595e-08,                 0
          0,           0,         279,      -7.362475959,      -6.047389464,      -6.318004303,      -4.502879617,      -6.947719992,      -4.850701054,      -6.354467103,      -1.700634669,         100,         -4.129291,             100,      -5.140062604,                7,      -6.341792437,   0.0006366075532,      0.7055130215,               100,               100,               100,     0.07248936946,      0.3629999576,      -1.281081559,                 0,                 0,                 0,      -1.857720115,      0.3629999576,      -1.281081559,                 0,      -3.529150712,  -6.978960352e-10,   3.838651372e-08,                 0
          0,           0,         280,      -7.358485621,      -6.050728076,      -6.321284641,      -4.498889288,      -6.951571223,      -4.854654956,      -6.362791266,       -1.70632371,         100,      -4.169946986,             100,      -5.185907538,                7,      -6.340239512,   0.0006379214451,      0.7054731643,               100,               100,               100,     0.07248936946,      0.3630931563,      -1.281424395,                 0,                 0,                 0,       -1.85823025,      0.3630931563,      -1.281424395,                 0,      -3.529189059,  -4.762287383e-10,   2.939619823e-08,                 0
          0,           0,         281,      -7.353133913,      -6.054099556,      -6.324844628,      -4.493537572,      -6.955423937,      -4.858597738,      -6.371029209,      -1.712556787,         100,      -4.182144239,             100,      -4.898890218,                7,       -6.33839343,   0.0006392950939,       0.705428625,               100,               100,               100,     0.07248936946,      0.3631833398,      -1.281764062,                 0,                 0,                 0,      -1.858731053,      0.3631833398,      -1.281764062,                 0,      -3.529247962,   9.160736042e-11,   2.629113291e-08,                 0
          0,           0,         282,      -7.346691755,      -6.057515563,      -6.328694777,      -4.487095411,      -6.959279805,      -4.861851901,      -6.379169688,      -1.719046449,         100,      -4.229246774,             100,      -5.042399091,                7,      -6.336205948,   0.0006407284405,      0.7053800771,               100,               100,               100,     0.07248936946,      0.3632705867,      -1.282101793,                 0,                 0,                 0,      -1.859220458,      0.3632705867,      -1.282101793,                 0,      -3.529330036,  -2.156595077e-10,   3.649507275e-08,                 0
          0,           0,         283,      -7.339446149,      -6.060981503,      -6.332837896,      -4.479849803,      -6.963140141,      -4.865273545,      -6.387201621,      -1.725498204,         100,      -4.189489509,             100,      -5.244794631,                7,      -6.333734697,   0.0006422214827,      0.7053282056,               100,               100,               100,     0.07248936946,      0.3633529231,      -1.282429972,                 0,                 0,                 0,      -1.859691076,      0.3633529231,      -1.282429972,                 0,      -3.529433481,  -9.929354888e-10,   3.949134922e-08,                 0
          0,           0,         284,      -7.331671236,      -6.064507589,      -6.337277748,      -4.472074895,      -6.967006708,      -4.869048472,       -6.39511987,      -1.732134242,         100,      -4.216560774,             100,      -5.140753303,                7,      -6.331182105,   0.0006437742219,      0.7052736993,               100,               100,               100,     0.07248936946,      0.3634304323,      -1.282749775,                 0,                 0,                 0,      -1.860140784,      0.3634304323,      -1.282749775,                 0,      -3.529560711,  -9.114919077e-10,   4.410237554e-08,                 0
          0,           0,         285,      -7.323617648,      -6.068097394,      -6.342011244,      -4.464021306,      -6.970880786,      -4.873046186,      -6.402923766,      -1.739165866,         100,      -4.238621037,             100,      -5.224699917,                7,      -6.327937122,   0.0006453866891,      0.7052172545,               100,               100,               100,     0.07248936946,      0.3635011419,      -1.283053496,                 0,                 0,                 0,      -1.860562156,      0.3635011419,      -1.283053496,                 0,      -3.529709671,  -6.190881281e-10,   4.755976446e-08,                 0
          0,           0,         286,       -7.31549198,      -6.071757537,      -6.347032589,      -4.455895651,      -6.974762951,      -4.877246172,      -6.410615789,      -1.746608941,         100,      -4.232759461,             100,      -5.167496087,                7,      -6.323966906,    0.000647058976,      0.7051595661,               100,               100,               100,     0.07248936946,      0.3635651591,      -1.283342306,                 0,                 0,                 0,      -1.860953091,      0.3635651591,      -1.283342306,                 0,      -3.529882535,  -1.083285875e-09,   5.117499346e-08,                 0
          0,           0,         287,      -7.307477584,      -6.075494977,      -6.352334287,      -4.447881246,      -6.978654857,      -4.881582361,       -6.41820408,      -1.754732149,         100,      -4.276480516,             100,      -5.214602856,                7,      -6.319583585,   0.0006487912187,      0.7051013368,               100,               100,               100,     0.07248936946,      0.3636205249,      -1.283608432,                 0,                 0,                 0,      -1.861306168,      0.3636205249,      -1.283608432,                 0,      -3.530076947,   -8.24491223e-10,   4.267446516e-08,                 0
          0,           0,         288,      -7.299706153,      -6.079313758,      -6.357905053,      -4.440109816,      -6.982556143,       -4.88606144,      -6.425699042,       -1.76328099,         100,      -4.200421723,             100,      -5.125763687,                7,      -6.314552578,   0.0006505836529,      0.7050432664,               100,               100,               100,     0.07248936946,      0.3636673958,      -1.283853118,                 0,                 0,                 0,      -1.861619431,      0.3636673958,      -1.283853118,                 0,      -3.530294806,  -6.777779355e-10,   4.646207429e-08,                 0
          0,           0,         289,      -7.292284093,      -6.083214134,      -6.363730267,      -4.432687762,      -6.986467116,      -4.890635998,      -6.433116582,      -1.772301351,         100,      -4.221403679,             100,      -5.309955128,                7,      -6.308573852,   0.0006524365781,      0.7049860552,               100,               100,               100,     0.07248936946,      0.3637038548,      -1.284068625,                 0,                 0,                 0,      -1.861885609,      0.3637038548,      -1.284068625,                 0,       -3.53053345,   -4.44821258e-10,   4.140747093e-08,                 0
          0,           0,         290,       -7.28527901,      -6.087202718,      -6.369794412,      -4.425682666,      -6.990387173,      -4.895316327,      -6.440473439,      -1.782127213,         100,      -4.305812122,             100,      -5.182728289,                7,      -6.302139256,    0.000654350425,      0.7049303971,               100,               100,               100,     0.07248936946,      0.3637301275,      -1.284256328,                 0,                 0,                 0,      -1.862102983,      0.3637301275,      -1.284256328,                 0,      -3.530794485,  -6.227593122e-10,   4.998058624e-08,                 0
          0,           0,         291,      -7.278733295,      -6.091274407,      -6.376073964,      -4.419136952,      -6.994315873,      -4.900064309,      -6.447790733,      -1.792297094,         100,      -4.243611733,             100,      -5.375333964,                7,      -6.294735234,    0.000656325678,      0.7048769837,               100,               100,               100,     0.07248936946,      0.3637443638,      -1.284408598,                 0,                 0,                 0,      -1.862264551,      0.3637443638,      -1.284408598,                 0,      -3.531074914,  -8.802888793e-10,   4.810563401e-08,                 0
          0,           0,         292,      -7.272669798,      -6.095438329,      -6.382552143,      -4.413073471,      -6.998251716,      -4.904894859,      -6.455089063,      -1.802770266,         100,      -4.280047437,             100,      -5.342614734,                7,      -6.288094889,   0.0006583629469,      0.7048264961,               100,               100,               100,     0.07248936946,      0.3637468861,      -1.284527041,                 0,                 0,                 0,      -1.862368975,      0.3637468861,      -1.284527041,                 0,      -3.531376047,  -7.485669693e-10,   4.254133631e-08,                 0
          0,           0,         293,      -7.267091431,       -6.09968525,      -6.389202067,      -4.407495092,       -7.00219326,      -4.909770135,      -6.462392016,      -1.813949718,         100,       -4.27776773,             100,      -5.198611709,                7,      -6.280111144,   0.0006604629147,      0.7047796074,               100,               100,               100,     0.07248936946,      0.3637359367,      -1.284604225,                 0,                 0,                 0,      -1.862409649,      0.3637359367,      -1.284604225,                 0,       -3.53169455,  -7.034990765e-10,   3.522596904e-08,                 0
          0,           0,         294,      -7.261987496,      -6.104017351,      -6.396002241,      -4.402391157,      -7.006138412,      -4.914707423,      -6.469720269,      -1.825288426,         100,      -4.277685432,             100,      -5.270655279,                7,      -6.271973016,   0.0006626263474,      0.7047369743,               100,               100,               100,     0.07248936946,      0.3637119612,      -1.284642082,                 0,                 0,                 0,      -1.862385755,      0.3637119612,      -1.284642082,                 0,      -3.532031439,  -3.771635103e-10,   3.081442839e-08,                 0
          0,           0,         295,      -7.257340835,       -6.10842865,      -6.402926238,      -4.397744494,      -7.010084684,      -4.919677717,      -6.477097674,      -1.837287011,         100,      -4.288000924,             100,      -5.257845141,                7,      -6.263442243,   0.0006643722765,      0.7046992396,               100,               100,               100,     0.07248936946,       0.363673319,      -1.284633469,                 0,                 0,                 0,      -1.862291214,       0.363673319,      -1.284633469,                 0,      -3.532383054,  -2.053667768e-10,   1.900562319e-08,                 0
          0,           0,         296,        -7.2531243,      -6.112916018,      -6.409949573,      -4.393527963,      -7.014028786,      -4.924698963,      -6.484544347,      -1.850026441,         100,      -4.315541988,             100,      -5.359973292,                7,      -6.254282294,   0.0006641832227,      0.7046670241,               100,               100,               100,     0.07248936946,      0.3636205983,      -1.284580716,                 0,                 0,                 0,      -1.862125834,      0.3636205983,      -1.284580716,                 0,      -3.532750131,  -4.524745122e-10,   1.414679915e-08,                 0
          0,           0,         297,      -7.249311448,      -6.117470647,      -6.417044049,      -4.389715111,      -7.017967927,      -4.929752877,      -6.492081865,       -1.86333881,         100,      -4.344632721,             100,      -5.302434802,                7,      -6.244657538,   0.0006640603211,       0.704640929,               100,               100,               100,     0.07248936946,      0.3635523008,      -1.284477074,                 0,                 0,                 0,      -1.861884201,      0.3635523008,      -1.284477074,                 0,      -3.533128717,  -7.379391152e-11,   1.911611024e-08,                 0
          0,           0,         298,      -7.245875587,      -6.122090013,      -6.424188454,      -4.386279251,      -7.021899479,      -4.934860843,      -6.499726483,      -1.877006442,         100,      -4.369715404,             100,      -5.314397987,                7,      -6.234771349,   0.0006640012011,      0.7046215267,               100,               100,               100,     0.07248936946,      0.3634691754,      -1.284325346,                 0,                 0,                 0,      -1.861566863,      0.3634691754,      -1.284325346,                 0,      -3.533519299,  -1.299515259e-10,   2.426974435e-08,                 0
          0,           0,         299,      -7.242792125,      -6.126766613,      -6.431355821,      -4.383195795,      -7.025819037,       -4.94000214,      -6.507495686,      -1.891250196,         100,      -4.425293606,             100,      -5.387886761,                7,      -6.224391124,    0.000664003722,      0.7046093637,               100,               100,               100,     0.07248936946,      0.3633698815,      -1.284119246,                 0,                 0,                 0,      -1.861169158,      0.3633698815,      -1.284119246,                 0,      -3.533917674,   1.023994836e-10,   2.797272348e-08,                 0
          0,           0,         300,      -7.240039057,      -6.131492841,      -6.438525569,      -4.380442719,      -7.029722388,      -4.945078578,      -6.515400931,      -1.906039653,         100,      -4.396844519,             100,      -5.444892458,                7,      -6.213777037,   0.0006640659829,      0.7046049514,               100,               100,               100,     0.07248936946,      0.3632553427,      -1.283862119,                 0,                 0,                 0,      -1.860692464,      0.3632553427,      -1.283862119,                 0,      -3.534324118,   3.311188576e-10,   3.102356484e-08,                 0
          0,           0,         301,      -7.237603047,      -6.136259749,      -6.445677984,      -4.378006712,      -7.033606486,      -4.950236973,      -6.523453472,      -1.921396433,         100,      -4.384424538,             100,      -5.333771884,                7,       -6.20247522,   0.0006641863074,      0.7046087694,               100,               100,               100,     0.07248936946,      0.3631243894,      -1.283548214,                 0,                 0,                 0,      -1.860132958,      0.3631243894,      -1.283548214,                 0,      -3.534734243,   1.137699894e-09,   3.312730711e-08,                 0
          0,           0,         302,      -7.235475762,      -6.141062353,      -6.452796825,      -4.375879426,      -7.037467808,      -4.955514831,      -6.531660298,      -1.937104809,         100,      -4.417940899,             100,       -5.39541789,                7,      -6.191574602,   0.0006643632497,      0.7046212563,               100,               100,               100,     0.07248936946,      0.3629781242,      -1.283181455,                 0,                 0,                 0,      -1.859492896,      0.3629781242,      -1.283181455,                 0,       -3.53514818,     1.1855058e-09,    2.84971466e-08,                 0
          0,           0,         303,      -7.233655339,      -6.145888155,      -6.459864141,      -4.374059006,      -7.041303077,      -4.960840016,       -6.54002881,      -1.953623353,         100,       -4.46309016,             100,      -5.347059088,                7,      -6.179499749,   0.0006645955839,      0.7046428134,               100,               100,               100,     0.07248936946,      0.3628155598,       -1.28275669,                 0,                 0,                 0,      -1.858769365,      0.3628155598,       -1.28275669,                 0,      -3.535561404,   1.259998994e-09,   2.779694545e-08,                 0
          0,           0,         304,      -7.232150012,      -6.150730693,      -6.466870231,      -4.372553675,      -7.045109236,      -4.966178255,      -6.548559483,      -1.970086576,         100,      -4.452412159,             100,      -5.569638159,                7,      -6.168193213,   0.0006648822965,      0.7046737957,               100,               100,               100,     0.07248936946,      0.3626379789,      -1.282278453,                 0,                 0,                 0,      -1.857965537,      0.3626379789,      -1.282278453,                 0,      -3.535973967,   1.184595437e-09,   3.857754545e-08,                 0
          0,           0,         305,      -7.230970784,      -6.155580605,      -6.473803627,      -4.371374447,      -7.048882328,      -4.971517939,      -6.557253974,      -1.987320541,         100,      -4.420151816,             100,       -5.92413176,                7,      -6.155832881,   0.0006652225897,      0.7047145165,               100,               100,               100,     0.07248936946,      0.3624445762,      -1.281742221,                 0,                 0,                 0,      -1.857079427,      0.3624445762,      -1.281742221,                 0,      -3.536381299,   9.548446159e-10,   3.370915644e-08,                 0
          0,           0,         306,       -7.23013949,      -6.160429147,      -6.480660111,      -4.370543158,      -7.052619456,       -4.97682305,      -6.566106739,      -2.005171311,         100,       -4.45188979,             100,      -5.645274791,                7,      -6.143204325,   0.0006656158584,      0.7047652375,               100,               100,               100,     0.07248936946,      0.3622368096,      -1.281153148,                 0,                 0,                 0,      -1.856115124,      0.3622368096,      -1.281153148,                 0,      -3.536783435,   5.885371911e-10,   4.555125331e-08,                 0
          0,           0,         307,      -7.229679298,       -6.16526855,      -6.487435924,      -4.370082966,      -7.056318254,       -4.98208517,      -6.575113849,      -2.023570513,         100,      -4.481799384,             100,       -5.60255912,                7,      -6.130340998,   0.0006660616862,      0.7048261752,               100,               100,               100,     0.07248936946,      0.3620140511,      -1.280507356,                 0,                 0,                 0,      -1.855071566,      0.3620140511,      -1.280507356,                 0,      -3.537175841,   4.455651717e-10,   4.216753364e-08,                 0
          0,           0,         308,      -7.229621631,      -6.170089074,      -6.494132193,      -4.370025298,      -7.059976803,      -4.987252969,      -6.584264366,      -2.042481431,         100,      -4.525380326,             100,      -5.499132463,                7,      -6.117004532,   0.0006665598426,      0.7048974914,               100,               100,               100,     0.07248936946,       0.361777919,      -1.279810591,                 0,                 0,                 0,      -1.853953711,       0.361777919,      -1.279810591,                 0,      -3.537558606,  -7.599624657e-10,   3.500943346e-08,                 0
          0,           0,         309,      -7.229997927,      -6.174888831,      -6.500752821,      -4.370401593,      -7.063593133,      -4.992323198,      -6.593549315,      -2.061965775,         100,      -4.506425398,             100,      -5.513028877,                7,      -6.102934317,   0.0006671102721,      0.7049793002,               100,               100,               100,     0.07248936946,      0.3615279597,      -1.279059638,                 0,                 0,                 0,      -1.852761424,      0.3615279597,      -1.279059638,                 0,        -3.5379273,  -1.712268861e-09,   3.817356567e-08,                 0
          0,           0,         310,      -7.230844883,      -6.179656599,      -6.507303089,       -4.37124855,      -7.067165987,      -4.997227386,      -6.602955986,      -2.081932164,         100,      -4.500773441,             100,      -5.399944207,                7,      -6.088822752,   0.0006677130748,      0.7050716569,               100,               100,               100,     0.07248936946,      0.3612659363,      -1.278260817,                 0,                 0,                 0,       -1.85150049,      0.3612659363,      -1.278260817,                 0,      -3.538282159,  -9.043410736e-10,   8.073988382e-08,                 0
          0,           0,         311,       -7.23219763,      -6.184392595,      -6.513792555,      -4.372601298,      -7.070694634,      -5.001976546,      -6.612463788,      -2.102520246,         100,      -4.522107528,             100,      -5.900249975,                7,      -6.074459767,   0.0006683685115,      0.7051745699,               100,               100,               100,     0.07248936946,       0.360991545,      -1.277411519,                 0,                 0,                 0,      -1.850171584,       0.360991545,      -1.277411519,                 0,      -3.538618941,  -3.555725076e-10,   6.918142835e-08,                 0
          0,           0,         312,      -7.234095363,       -6.18908866,      -6.520230889,       -4.37449903,       -7.07417888,      -5.006490987,      -6.622054099,       -2.12360196,         100,      -4.429563726,             100,      -5.757805048,                7,      -6.059174509,   0.0006690769907,      0.7052879861,               100,               100,               100,     0.07248936946,      0.3607066762,      -1.276518591,                 0,                 0,                 0,      -1.848781249,      0.3607066762,      -1.276518591,                 0,      -3.538938077,  -1.584571237e-10,   5.692530124e-08,                 0
          0,           0,         313,      -7.236571928,      -6.193745847,      -6.526631702,      -4.376975597,      -7.077619398,      -5.010794899,      -6.631710211,      -2.144615525,         100,      -4.445411205,             100,      -5.697892137,                7,      -6.044726217,   0.0006698390387,      0.7054118045,               100,               100,               100,     0.07248936946,      0.3604111493,       -1.27557997,                 0,                 0,                 0,      -1.847330854,      0.3604111493,       -1.27557997,                 0,        -3.5392356,  -1.342866615e-09,   4.862561487e-08,                 0
          0,           0,         314,      -7.239665295,      -6.198357321,      -6.533006428,      -4.380068961,      -7.081017426,      -5.014808814,      -6.641407145,      -2.166274907,         100,      -4.443229631,             100,       -5.56559978,                7,      -6.029305263,   0.0006706553228,      0.7055458697,               100,               100,               100,     0.07248936946,      0.3601069505,      -1.274602943,                 0,                 0,                 0,      -1.845827555,      0.3601069505,      -1.274602943,                 0,      -3.539512195,   2.103469894e-10,   7.113339815e-08,                 0
          0,           0,         315,      -7.243406557,      -6.202927936,      -6.539371991,      -4.383810226,      -7.084372815,      -5.018576906,      -6.651123861,      -2.188485882,         100,      -4.533252897,             100,      -5.822187588,                7,      -6.013353155,   0.0006715266173,      0.7056899744,               100,               100,               100,     0.07248936946,      0.3597940129,      -1.273585969,                 0,                 0,                 0,      -1.844273373,      0.3597940129,      -1.273585969,                 0,      -3.539764207,  -3.082263762e-10,   7.300942677e-08,                 0
          0,           0,         316,      -7.247827902,      -6.207446783,      -6.545739236,      -4.388231567,      -7.087687308,      -5.022018656,      -6.660831614,      -2.211192965,         100,      -4.504894914,             100,      -5.354215859,                8,      -6.653798097,   0.0006694054804,      0.7058438602,               100,               100,               100,     0.07248936946,      0.3594743838,      -1.272536673,                 0,                 0,                 0,      -1.842675924,      0.3594743838,      -1.272536673,                 0,      -3.539992641,   5.116427471e-10,    7.65843571e-08,                 0
          0,           0,         317,      -7.252954364,      -6.211925753,      -6.552126286,       -4.39335803,      -7.090963106,      -5.025205424,      -6.670506872,      -2.234294834,         100,      -4.460099527,             100,      -5.529162686,                8,      -6.632054682,    0.000666918325,      0.7060072209,               100,               100,               100,     0.07248936946,      0.3591480687,       -1.27145393,                 0,                 0,                 0,      -1.841037682,      0.3591480687,       -1.27145393,                 0,      -3.540194256,   -5.09456372e-10,   7.902080817e-08,                 0
          0,           0,         318,      -7.258818301,      -6.216356467,      -6.558544367,      -4.399221969,       -7.09420286,      -5.028061298,      -6.680118248,      -2.257673387,         100,      -4.455074245,             100,      -5.371081265,                8,      -6.630641509,   0.0006644555764,       0.706179697,               100,               100,               100,     0.07248936946,      0.3588171502,      -1.270345615,                 0,                 0,                 0,        -1.8393666,      0.3588171502,      -1.270345615,                 0,      -3.540370392,   1.562458065e-10,   8.463660055e-08,                 0
          0,           0,         319,      -7.265437134,      -6.220754489,      -6.565010133,      -4.405840802,      -7.097426025,      -5.030911475,      -6.689640681,      -2.281323606,         100,      -4.425547847,             100,      -5.530858306,                8,      -6.602654758,   0.0006620165361,      0.7063608926,               100,               100,               100,     0.07248936946,      0.3584816799,      -1.269210913,                 0,                 0,                 0,      -1.837665453,      0.3584816799,      -1.269210913,                 0,      -3.540518201,   1.015948481e-09,   9.518258601e-08,                 0
          0,           0,         320,      -7.272832968,      -6.225111192,      -6.571529526,      -4.413236637,        -7.1006154,      -5.033268549,      -6.699040634,      -2.305120218,         100,      -4.438861976,             100,      -5.069300823,                8,        -6.5835762,   0.0006596005288,      0.7065503659,               100,               100,               100,     0.07248936946,      0.3581437514,      -1.268057807,                 0,                 0,                 0,      -1.835942381,      0.3581437514,      -1.268057807,                 0,      -3.540639205,    1.22133499e-09,   1.077191719e-07,                 0
          0,           0,         321,      -7.281015853,      -6.229441848,      -6.578116743,      -4.421419521,      -7.103776822,      -5.035472771,      -6.708292687,      -2.328990395,         100,      -4.442693531,             100,      -5.360487484,                8,      -6.581848527,   0.0006572069071,      0.7067476384,               100,               100,               100,     0.07248936946,       0.357803446,      -1.266885679,                 0,                 0,                 0,      -1.834200347,       0.357803446,      -1.266885679,                 0,      -3.540730792,    2.40488682e-10,   1.068159107e-07,                 0
          0,           0,         322,      -7.290003685,      -6.233735126,      -6.584774117,      -4.430407355,       -7.10691263,      -5.037360638,       -6.71736256,      -2.352467251,         100,      -4.423999127,             100,      -5.440353619,                8,      -6.562387171,   0.0006548350485,      0.7069521891,               100,               100,               100,     0.07248936946,      0.3574628207,      -1.265702522,                 0,                 0,                 0,      -1.832447452,      0.3574628207,      -1.265702522,                 0,       -3.54079487,  -6.709408501e-10,    1.18490599e-07,                 0
          0,           0,         323,      -7.299805468,      -6.238012279,       -6.59151611,      -4.440209136,      -7.110026768,      -5.039082879,      -6.726225514,      -2.375600876,         100,      -4.412202371,             100,       -5.47798557,                8,       -6.55956943,   0.0006524843564,      0.7071634671,               100,               100,               100,     0.07248936946,      0.3571219587,      -1.264507866,                 0,                 0,                 0,       -1.83068671,      0.3571219587,      -1.264507866,                 0,      -3.540829218,   1.444525704e-09,    1.32610147e-07,                 0
          0,           0,         324,      -7.310428984,      -6.242261034,      -6.598336955,      -4.450832652,      -7.113123878,      -5.040598858,      -6.734847396,      -2.398179641,         100,      -4.420399902,             100,      -5.605323343,                8,      -6.547429978,   0.0006501542567,      0.7073808905,               100,               100,               100,     0.07248936946,      0.3567828771,      -1.263309662,                 0,                 0,                 0,      -1.828926147,      0.3567828771,      -1.263309662,                 0,       -3.54083602,  -1.630577111e-09,   8.950129479e-08,                 0
          0,           0,         325,       -7.32187529,      -6.246504918,      -6.605245951,       -4.46227896,      -7.116207603,      -5.042048729,        -6.7432565,      -2.420021752,         100,      -4.368059362,             100,      -5.554251833,                8,      -6.526544178,   0.0006478441975,      0.7076038526,               100,               100,               100,     0.07248936946,       0.356445632,      -1.262107499,                 0,                 0,                 0,      -1.827168675,       0.356445632,      -1.262107499,                 0,       -3.54081348,  -1.745939498e-10,   1.031686487e-07,                 0
          0,           0,         326,      -7.334209812,      -6.250736334,      -6.612249481,      -4.474613481,      -7.119282359,      -5.043345332,      -6.751337689,      -2.440603095,         100,      -4.420850072,             100,      -5.575452328,                8,      -6.485034195,   0.0006455536609,      0.7078309303,               100,               100,               100,     0.07248936946,      0.3561121941,      -1.260909268,                 0,                 0,                 0,      -1.825422165,      0.3561121941,      -1.260909268,                 0,      -3.540764087,   -1.89291435e-09,   1.073236778e-07,                 0
          0,           0,         327,      -7.347380098,      -6.254976907,      -6.619337822,      -4.487783769,      -7.122351394,      -5.044624668,      -6.759094336,      -2.459667582,         100,      -4.405285578,             100,       -5.74763614,                8,       -6.51376674,   0.0006432821379,      0.7080614957,               100,               100,               100,     0.07248936946,       0.355782567,      -1.259714529,                 0,                 0,                 0,      -1.823689297,       0.355782567,      -1.259714529,                 0,      -3.540686493,  -2.468097954e-09,    1.33263402e-07,                 0
          0,           0,         328,       -7.36130189,      -6.259204955,      -6.626475062,      -4.501705557,      -7.125418582,      -5.045841983,      -6.766498149,       -2.47716044,         100,      -4.407493564,             100,      -5.560736108,                8,      -6.480452794,   0.0006410291465,      0.7082958258,               100,               100,               100,     0.07248936946,      0.3554585174,      -1.258530653,                 0,                 0,                 0,       -1.82197721,      0.3554585174,      -1.258530653,                 0,      -3.540583757,  -4.256074442e-09,    1.80588876e-07,                 0
          0,           0,         329,      -7.376024751,      -6.263449531,      -6.633684345,      -4.516428421,      -7.128486836,      -5.047169193,      -6.773540727,       -2.49232409,         100,      -4.356662385,             100,      -5.324330929,                8,      -6.499195505,   0.0006387942295,       0.708533254,               100,               100,               100,     0.07248936946,      0.3551399405,      -1.257357005,                 0,                 0,                 0,      -1.820288115,      0.3551399405,      -1.257357005,                 0,      -3.540455076,   -3.22420848e-09,   1.271419178e-07,                 0
          0,           0,         330,      -7.391553828,      -6.267694582,      -6.640948496,      -4.531957496,      -7.131559337,      -5.048424354,      -6.780197844,      -2.506046575,         100,      -4.430366747,             100,      -5.252186288,                8,      -6.497333776,   0.0006365769586,      0.7087731079,               100,               100,               100,     0.07248936946,      0.3548285064,      -1.256200712,                 0,                 0,                 0,      -1.818628749,      0.3548285064,      -1.256200712,                 0,      -3.540303807,  -1.647593429e-09,   1.066209331e-07,                 0
          0,           0,         331,      -7.407866029,      -6.271965601,      -6.648267805,      -4.548269702,      -7.134637673,      -5.049755159,      -6.786462771,      -2.516877187,         100,      -4.346258622,             100,      -5.283492842,                8,      -6.491504346,    0.000634376906,      0.7090147209,               100,               100,               100,     0.07248936946,       0.354524041,      -1.255061017,                 0,                 0,                 0,      -1.817001018,       0.354524041,      -1.255061017,                 0,      -3.540129501,  -2.032109707e-09,   1.514732216e-07,                 0
          0,           0,         332,      -7.424941143,       -6.27624327,      -6.655615687,      -4.565344814,      -7.137724738,      -5.051095202,      -6.792315444,      -2.525361767,         100,      -4.341729109,             100,      -5.348253815,                8,      -6.484637204,    0.000632193668,      0.7092574372,               100,               100,               100,     0.07248936946,      0.3542280616,      -1.253944626,                 0,                 0,                 0,      -1.815411062,      0.3542280616,      -1.253944626,                 0,      -3.539935883,  -3.234687322e-09,   2.008943858e-07,                 0
          0,           0,         333,      -7.442756118,      -6.280554133,       -6.66299693,      -4.583159791,       -7.14082195,      -5.052554699,      -6.797757094,      -2.531499655,         100,      -4.338320303,             100,      -5.554510761,                8,      -6.474812683,   0.0006300268592,      0.7095006136,               100,               100,               100,     0.07248936946,      0.3539402606,      -1.252850442,                 0,                 0,                 0,      -1.813860156,      0.3539402606,      -1.252850442,                 0,      -3.539722891,  -5.347521328e-09,   1.571547179e-07,                 0
          0,           0,         334,      -7.461280354,       -6.28487661,      -6.670384268,      -4.601684027,      -7.143931494,      -5.054068382,      -6.802775019,      -2.535336724,         100,      -4.288643927,             100,      -5.411444612,                8,      -6.490269677,   0.0006278761138,       0.709743623,               100,               100,               100,     0.07248936946,       0.353661997,       -1.25178467,                 0,                 0,                 0,      -1.812353743,       0.353661997,       -1.25178467,                 0,      -3.539494433,  -6.264031899e-09,   1.739658074e-07,                 0
          0,           0,         335,      -7.480463234,       -6.28923541,      -6.677778784,      -4.620866905,      -7.147054108,      -5.055747404,      -6.807379569,      -2.537162446,         100,      -4.270258286,             100,      -5.654862971,                8,      -6.489116271,   0.0006257410869,      0.7099858598,               100,               100,               100,     0.07248936946,      0.3533928343,       -1.25074581,                 0,                 0,                 0,      -1.810892406,      0.3533928343,       -1.25074581,                 0,      -3.539250626,  -6.424970428e-09,   1.878276209e-07,                 0
          0,           0,         336,      -7.500252702,      -6.293607976,      -6.685152783,      -4.640656375,       -7.15019065,      -5.057533309,      -6.811566215,      -2.537128514,         100,      -4.274252561,             100,      -5.586107108,                8,      -6.497012096,   0.0006236214484,      0.7102267424,               100,               100,               100,     0.07248936946,      0.3531339663,      -1.249739504,                 0,                 0,                 0,      -1.809480811,      0.3531339663,      -1.249739504,                 0,      -3.538995461,  -4.927577873e-09,   1.655628587e-07,                 0
          0,           0,         337,      -7.520579665,      -6.298019945,      -6.692511548,      -4.660983334,      -7.153340968,      -5.059531802,      -6.815355456,       -2.53552378,         100,      -4.238514665,             100,      -5.351967753,                8,      -6.518400958,    0.000621516886,      0.7104657055,               100,               100,               100,     0.07248936946,      0.3528848154,      -1.248763785,                 0,                 0,                 0,      -1.808118753,      0.3528848154,      -1.248763785,                 0,      -3.538729155,   -4.54916897e-09,   1.514716134e-07,                 0
          0,           0,         338,      -7.541358804,      -6.302448745,      -6.699827924,      -4.681762476,      -7.156505871,      -5.062294063,       -6.81875429,      -2.532631976,         100,      -4.193509874,             100,      -5.491659519,                8,      -6.523514139,   0.0006194271061,      0.7107022145,               100,               100,               100,     0.07248936946,      0.3526464085,      -1.247823666,                 0,                 0,                 0,      -1.806810035,      0.3526464085,      -1.247823666,                 0,      -3.538455619,  -5.488608182e-09,   1.517752688e-07,                 0
          0,           0,         339,      -7.562478117,      -6.306915849,       -6.70710783,      -4.702881786,      -7.159684458,      -5.066222815,      -6.821801507,      -2.530222222,         100,      -4.212171464,             100,      -5.501544845,                8,      -6.485844532,   0.0006173518171,      0.7109357511,               100,               100,               100,     0.07248936946,      0.3524180592,      -1.246916778,                 0,                 0,                 0,      -1.805553796,      0.3524180592,      -1.246916778,                 0,      -3.538175033,  -5.941990804e-09,   1.539604338e-07,                 0
          0,           0,         340,      -7.583819456,      -6.311399725,      -6.714328895,      -4.724223127,      -7.162877542,      -5.069622937,      -6.824500435,      -2.531766225,         100,      -4.163197703,             100,      -5.311348002,                8,        -6.5115451,    0.000615290754,      0.7111658291,               100,               100,               100,     0.07248936946,      0.3522006401,      -1.246047517,                 0,                 0,                 0,      -1.804353002,      0.3522006401,      -1.246047517,                 0,       -3.53789112,  -5.758539734e-09,   1.645078834e-07,                 0
          0,           0,         341,       -7.60520888,      -6.315921361,      -6.721497552,      -4.745612556,      -7.166083831,      -5.073077482,      -6.826894486,      -2.530757074,         100,       -4.15821344,             100,      -4.958696373,                8,      -6.512653173,   0.0006132436653,      0.7113919916,               100,               100,               100,     0.07248936946,      0.3519933629,      -1.245213096,                 0,                 0,                 0,       -1.80320613,      0.3519933629,      -1.245213096,                 0,      -3.537603908,  -5.736801605e-09,   1.654533924e-07,                 0
          0,           0,         342,      -7.626473319,      -6.320458736,      -6.728593901,      -4.766876993,       -7.16930319,      -5.076597983,      -6.829004854,       -2.52849085,         100,      -4.116817149,             100,      -5.084883166,                8,      -6.466625162,   0.0006112103252,      0.7116138045,               100,               100,               100,     0.07248936946,      0.3517969827,      -1.244417415,                 0,                 0,                 0,      -1.802115505,      0.3517969827,      -1.244417415,                 0,      -3.537316909,  -5.835948386e-09,   1.707605967e-07,                 0
          0,           0,         343,       -7.64738281,      -6.325033322,      -6.735629221,      -4.787786483,      -7.172533565,       -5.08035533,      -6.830878256,      -2.524337004,         100,       -4.20466816,             100,      -5.086152495,                8,      -6.535743236,   0.0006091904819,      0.7118308716,               100,               100,               100,     0.07248936946,       0.351610622,      -1.243657305,                 0,                 0,                 0,      -1.801079015,       0.351610622,      -1.243657305,                 0,      -3.537029961,  -6.224720868e-09,   1.755471544e-07,                 0
          0,           0,         344,      -7.667696842,      -6.329621475,       -6.74258457,      -4.808100514,      -7.175775107,      -5.084367598,      -6.832542865,      -2.519463931,         100,       -4.20378994,             100,      -5.345822752,                8,      -6.529047704,   0.0006071839257,      0.7120428275,               100,               100,               100,     0.07248936946,      0.3514349285,       -1.24293617,                 0,                 0,                 0,      -1.800098355,      0.3514349285,       -1.24293617,                 0,      -3.536746261,  -6.078111372e-09,   1.715849341e-07,                 0
          0,           0,         345,      -7.687123582,       -6.33424486,      -6.749472181,      -4.827527262,      -7.179026341,      -5.088742007,      -6.834051163,      -2.514364214,         100,      -4.070734414,             100,      -5.317727407,                8,      -6.567892314,   0.0006051904371,      0.7122493404,               100,               100,               100,     0.07248936946,      0.3512689703,      -1.242250568,                 0,                 0,                 0,      -1.799171004,      0.3512689703,      -1.242250568,                 0,      -3.536465425,  -6.955911077e-09,    1.72743991e-07,                 0
          0,           0,         346,      -7.705385068,      -6.338880927,      -6.756276073,      -4.845788742,      -7.182287074,      -5.093460281,       -6.83543555,      -2.509285864,         100,      -4.116680132,             100,      -5.249229081,                8,      -6.575700005,   0.0006032098356,      0.7124501136,               100,               100,               100,     0.07248936946,      0.3511133148,      -1.241603513,                 0,                 0,                 0,      -1.798298189,      0.3511133148,      -1.241603513,                 0,      -3.536190343,  -6.798662337e-09,   1.622085011e-07,                 0
          0,           0,         347,      -7.722649567,      -6.343557714,       -6.76305289,      -4.863053239,      -7.185556117,      -5.098529602,      -6.836755181,      -2.504434638,         100,       -4.09976727,             100,      -5.285933943,                8,      -6.570270989,   0.0006012419381,      0.7126436143,               100,               100,               100,     0.07248936946,       0.350967035,      -1.240991462,                 0,                 0,                 0,      -1.797477192,       0.350967035,      -1.240991462,                 0,      -3.535920295,  -5.896972655e-09,   1.550847247e-07,                 0
          0,           0,         348,      -7.737917641,      -6.348242066,      -6.769714497,      -4.878321321,      -7.188832975,      -5.103982988,      -6.838037868,      -2.499995702,         100,      -4.119890701,             100,      -5.259674366,                8,      -6.568330569,   0.0005992865728,      0.7128304596,               100,               100,               100,     0.07248936946,      0.3508306039,      -1.240416999,                 0,                 0,                 0,      -1.796708747,      0.3508306039,      -1.240416999,                 0,      -3.535657907,  -7.405676988e-09,   1.853627523e-07,                 0
          0,           0,         349,      -7.751066331,      -6.352953004,      -6.776292847,      -4.891470009,      -7.192116507,      -5.109896592,       -6.83933864,      -2.495848218,         100,      -4.112784923,             100,      -5.164521024,                8,      -6.588715752,   0.0005973435826,      0.7130107884,               100,               100,               100,     0.07248936946,      0.3507029757,      -1.239876141,                 0,                 0,                 0,      -1.795989562,      0.3507029757,      -1.239876141,                 0,      -3.535402397,  -5.321394884e-09,   1.402536632e-07,                 0
          0,           0,         350,      -7.762074597,      -6.357670647,      -6.782786949,      -4.902478266,       -7.19540647,      -5.116229341,      -6.840692532,      -2.491738837,         100,      -4.139879673,             100,      -5.180408144,                8,      -6.599886879,   0.0005954128143,      0.7131844524,               100,               100,               100,     0.07248936946,      0.3505845882,      -1.239371243,                 0,                 0,                 0,      -1.795320084,      0.3505845882,      -1.239371243,                 0,      -3.535156093,  -5.252199693e-09,   1.426241976e-07,                 0
          0,           0,         351,      -7.770865439,      -6.362413087,        -6.7892123,      -4.911269116,      -7.198701906,      -5.123012615,      -6.842151823,      -2.487868577,         100,        -4.1816317,             100,      -5.295232758,                8,      -6.598414777,   0.0005934941234,      0.7133513353,               100,               100,               100,     0.07248936946,      0.3504743917,      -1.238898218,                 0,                 0,                 0,      -1.794696873,      0.3504743917,      -1.238898218,                 0,      -3.534917949,  -5.319626812e-09,   1.420423574e-07,                 0
          0,           0,         352,      -7.777476811,      -6.367159907,      -6.795554708,      -4.917880481,      -7.202002784,      -5.130211764,      -6.843747731,      -2.484680446,         100,      -4.108080661,             100,       -5.26144595,                8,       -6.59687729,   0.0005915873702,      0.7135113557,               100,               100,               100,     0.07248936946,      0.3503728077,      -1.238459249,                 0,                 0,                 0,      -1.794120228,      0.3503728077,      -1.238459249,                 0,       -3.53468997,   -4.81852305e-09,   1.333809129e-07,                 0
          0,           0,         353,      -7.782017614,      -6.371926093,      -6.801825795,      -4.922421295,      -7.205308786,      -5.137840209,      -6.845527779,      -2.481555359,         100,      -4.110604811,             100,      -5.227826896,                8,      -6.608509972,   0.0005896924396,      0.7136644612,               100,               100,               100,     0.07248936946,      0.3502787834,      -1.238050159,                 0,                 0,                 0,      -1.793586602,      0.3502787834,      -1.238050159,                 0,      -3.534470877,  -4.840170185e-09,   1.360175438e-07,                 0
          0,           0,         354,      -7.784705199,      -6.376691176,      -6.808011451,      -4.925108877,      -7.208619117,      -5.145863881,      -6.847519391,      -2.478800074,         100,      -4.092172866,             100,      -5.069980403,                8,      -6.593342785,    0.000587809204,      0.7138106311,               100,               100,               100,     0.07248936946,      0.3501927202,      -1.237672973,                 0,                 0,                 0,      -1.793096153,      0.3501927202,      -1.237672973,                 0,      -3.534262426,  -5.178689105e-09,   1.354073711e-07,                 0
          0,           0,         355,      -7.785796078,      -6.381468199,      -6.814121927,       -4.92619975,      -7.211933002,      -5.154281819,      -6.849764916,      -2.476134008,         100,      -4.123467934,             100,      -4.951399417,                8,      -6.613135682,   0.0005859375684,      0.7139498704,               100,               100,               100,     0.07248936946,      0.3501135653,      -1.237323458,                 0,                 0,                 0,      -1.792645276,      0.3501135653,      -1.237323458,                 0,      -3.534063176,  -4.494491406e-09,   1.395557889e-07,                 0
          0,           0,         356,      -7.785607041,      -6.386238497,      -6.820143908,      -4.926010717,      -7.215250454,      -5.163046597,      -6.852286918,      -2.473675267,         100,      -4.201343536,             100,      -5.276752625,                8,      -6.621502172,   0.0005840774285,       0.714082206,               100,               100,               100,     0.07248936946,      0.3500417133,      -1.237003536,                 0,                 0,                 0,      -1.792234047,      0.3500417133,      -1.237003536,                 0,      -3.533874647,  -4.695936151e-09,   1.328013099e-07,                 0
          0,           0,         357,      -7.784441687,      -6.391012904,      -6.826083346,      -4.924845365,       -7.21857054,      -5.172139612,      -6.855120945,      -2.471305704,         100,      -4.105876958,             100,      -5.143991674,                8,      -6.632097589,   0.0005822286678,      0.7142076918,               100,               100,               100,     0.07248936946,      0.3499761269,      -1.236708969,                 0,                 0,                 0,      -1.791858881,      0.3499761269,      -1.236708969,                 0,      -3.533695227,  -4.261165994e-09,   1.236178432e-07,                 0
          0,           0,         358,      -7.782625098,      -6.395775658,      -6.831928961,      -4.923028782,      -7.221893117,      -5.181505726,      -6.858284096,      -2.469003469,         100,      -4.154813931,             100,      -5.385395712,                8,      -6.630233474,   0.0005803912121,      0.7143264011,               100,               100,               100,     0.07248936946,      0.3499172076,      -1.236441635,                 0,                 0,                 0,      -1.791519866,      0.3499172076,      -1.236441635,                 0,      -3.533526241,  -4.091230982e-09,   1.190436172e-07,                 0
          0,           0,         359,      -7.780438426,      -6.400535692,      -6.837686565,      -4.920842101,      -7.225218131,      -5.191104434,       -6.86180535,      -2.466860531,         100,      -4.090334089,             100,      -5.033814353,                8,      -6.631355272,   0.0005785649665,      0.7144384275,               100,               100,               100,     0.07248936946,      0.3498639383,      -1.236197317,                 0,                 0,                 0,      -1.791213464,      0.3498639383,      -1.236197317,                 0,      -3.533365921,  -3.880622692e-09,   1.256572728e-07,                 0
          0,           0,         360,      -7.778149068,      -6.405276627,      -6.843343107,      -4.918552747,      -7.228544885,      -5.200875056,      -6.865696457,      -2.464575129,         100,      -4.210220789,             100,      -5.291085831,                8,      -6.628236761,    0.000576749875,      0.7145438783,               100,               100,               100,     0.07248936946,      0.3498167383,      -1.235977901,                 0,                 0,                 0,      -1.790939838,      0.3498167383,      -1.235977901,                 0,       -3.53321544,  -3.699315599e-09,   1.222185039e-07,                 0
          0,           0,         361,      -7.775979358,      -6.410007646,      -6.848905253,      -4.916383034,       -7.23187255,      -5.210759773,      -6.869978798,      -2.462196332,         100,       -4.19209725,             100,      -5.113533464,                8,       -6.62377552,   0.0005749458405,      0.7146428782,               100,               100,               100,     0.07248936946,      0.3497746143,      -1.235779214,                 0,                 0,                 0,       -1.79069553,      0.3497746143,      -1.235779214,                 0,      -3.533072909,  -3.461606622e-09,   1.129042034e-07,                 0
          0,           0,         362,      -7.774122184,      -6.414713909,      -6.854361281,      -4.914525861,      -7.235200806,      -5.220694881,      -6.874657784,      -2.459575147,         100,      -4.260547941,             100,      -5.036421051,                8,      -6.611231361,    0.000573152811,       0.714735561,               100,               100,               100,     0.07248936946,       0.349738011,      -1.235603188,                 0,                 0,                 0,      -1.790480815,       0.349738011,      -1.235603188,                 0,      -3.532939368,  -2.855553959e-09,   9.912729892e-08,                 0
          0,           0,         363,      -7.772730526,      -6.419402805,       -6.85971817,      -4.913134204,      -7.238529235,      -5.230608278,      -6.879747986,       -2.45681244,         100,      -4.198706314,             100,      -5.075192112,                8,      -6.628837705,   0.0005713707243,      0.7148220744,               100,               100,               100,     0.07248936946,       0.349705963,      -1.235445726,                 0,                 0,                 0,      -1.790292362,       0.349705963,      -1.235445726,                 0,      -3.532812867,  -2.773016316e-09,   9.631131148e-08,                 0
          0,           0,         364,      -7.771931379,       -6.42406148,      -6.864968638,      -4.912335056,      -7.241857247,      -5.240436057,      -6.885249116,      -2.453858792,         100,      -4.200305037,             100,      -5.121070602,                8,      -6.643965359,   0.0005695995124,      0.7149025714,               100,               100,               100,     0.07248936946,      0.3496789391,      -1.235308816,                 0,                 0,                 0,       -1.79013056,      0.3496789391,      -1.235308816,                 0,      -3.532694361,  -2.353852825e-09,   9.362655885e-08,                 0
          0,           0,         365,      -7.771815877,      -6.428697203,       -6.87011982,      -4.912219557,      -7.245184773,      -5.250098819,      -6.891168786,      -2.450696493,         100,      -4.166363157,             100,      -5.574043304,                8,      -6.645594279,   0.0005678391203,      0.7149772145,               100,               100,               100,     0.07248936946,      0.3496560068,      -1.235188469,                 0,                 0,                 0,      -1.789992245,      0.3496560068,      -1.235188469,                 0,      -3.532581865,   -2.20301829e-09,    8.88373775e-08,                 0
          0,           0,         366,      -7.772454751,      -6.433298528,      -6.875167771,       -4.91285843,      -7.248510822,      -5.259542517,      -6.897501067,      -2.447315372,         100,         -4.166996,             100,       -5.05936623,                8,      -6.644239659,   0.0005660894903,        0.71504617,               100,               100,               100,     0.07248936946,      0.3496376563,      -1.235086744,                 0,                 0,                 0,      -1.789877928,      0.3496376563,      -1.235086744,                 0,      -3.532476329,  -2.068473208e-09,   8.612932954e-08,                 0
          0,           0,         367,      -7.773892833,      -6.437872031,      -6.880122901,       -4.91429651,      -7.251834807,       -5.26868523,      -6.904246584,       -2.44430421,         100,      -4.220341129,             100,      -5.224591421,                7,      -6.006026388,   0.0005643505928,      0.7151096111,               100,               100,               100,     0.07248936946,      0.3496229805,       -1.23499975,                 0,                 0,                 0,      -1.789784587,      0.3496229805,       -1.23499975,                 0,      -3.532375785,  -2.032985162e-09,   8.171016489e-08,                 0
          0,           0,         368,      -7.776157066,      -6.442409957,      -6.884985902,      -4.916560747,      -7.255156386,      -5.277489834,      -6.911396112,      -2.440465985,         100,      -4.191738546,             100,      -5.095222745,                7,      -6.014460648,   0.0005626223707,      0.7151677139,               100,               100,               100,     0.07248936946,      0.3496124897,      -1.234929632,                 0,                 0,                 0,      -1.789712864,      0.3496124897,      -1.234929632,                 0,       -3.53228122,  -1.988327162e-09,   7.089174316e-08,                 0
          0,           0,         369,      -7.779254497,      -6.446918118,      -6.889768233,      -4.919658175,      -7.258475039,      -5.285882315,      -6.918940313,      -2.436378796,         100,      -4.220286078,             100,      -5.134545809,                7,      -6.022853246,   0.0005609047907,       0.715220658,               100,               100,               100,     0.07248936946,      0.3496052977,      -1.234872597,                 0,                 0,                 0,      -1.789659872,      0.3496052977,      -1.234872597,                 0,      -3.532190745,  -2.044150147e-09,    7.04980304e-08,                 0
          0,           0,         370,      -7.783178094,      -6.451390501,      -6.894475428,      -4.923581771,      -7.261790147,       -5.29384827,      -6.926861966,       -2.43222357,         100,      -4.337170517,             100,      -5.256757214,                7,      -6.031211548,   0.0005591978145,      0.7152686237,               100,               100,               100,     0.07248936946,       0.349601928,       -1.23483087,                 0,                 0,                 0,      -1.789626368,       0.349601928,       -1.23483087,                 0,      -3.532105436,  -1.949473898e-09,   6.726613697e-08,                 0
          0,           0,         371,      -7.787905945,      -6.455832575,      -6.899121393,      -4.928309623,       -7.26510149,      -5.301326991,      -6.935149587,      -2.427991776,         100,      -4.304753316,             100,      -5.254514157,                7,      -6.038799557,   0.0005575014014,      0.7153117953,               100,               100,               100,     0.07248936946,      0.3496015065,      -1.234800743,                 0,                 0,                 0,      -1.789609569,      0.3496015065,      -1.234800743,                 0,      -3.532023519,  -1.962416939e-09,   6.323345392e-08,                 0
          0,           0,         372,      -7.793401751,      -6.460241601,      -6.903715627,       -4.93380543,      -7.268408684,      -5.308333291,      -6.943781052,      -2.423698597,         100,      -4.262281161,             100,      -5.154917923,                7,      -6.046740545,   0.0005558155152,      0.7153503563,               100,               100,               100,     0.07248936946,      0.3496045645,      -1.234784512,                 0,                 0,                 0,      -1.789610324,      0.3496045645,      -1.234784512,                 0,      -3.531946196,  -1.829488735e-09,   5.848748104e-08,                 0
          0,           0,         373,       -7.79961878,      -6.464623709,      -6.908273017,      -4.940022458,       -7.27171166,      -5.314824062,       -6.95273804,      -2.419317667,         100,      -4.292568921,             100,      -4.987561236,                7,      -6.054794571,   0.0005541401282,      0.7153844934,               100,               100,               100,     0.07248936946,      0.3496102314,       -1.23477853,                 0,                 0,                 0,      -1.789625922,      0.3496102314,       -1.23477853,                 0,      -3.531871837,  -1.650133575e-09,   5.210095725e-08,                 0
          0,           0,         374,      -7.806497926,      -6.468979024,      -6.912807492,      -4.946901605,      -7.275010065,      -5.320842405,      -6.961992799,      -2.415032424,         100,      -4.331106268,             100,      -4.997048832,                7,      -6.062493942,   0.0005524752146,      0.7154143927,               100,               100,               100,     0.07248936946,      0.3496190391,      -1.234785145,                 0,                 0,                 0,      -1.789657265,      0.3496190391,      -1.234785145,                 0,      -3.531801781,  -1.537472569e-09,    4.52789116e-08,                 0
          0,           0,         375,      -7.813969171,      -6.473313105,      -6.917333026,      -4.954372847,      -7.278303702,      -5.326362442,      -6.971521571,      -2.410852004,         100,      -4.248764738,             100,      -5.031889738,                7,       -6.07057495,   0.0005508207388,      0.7154402425,               100,               100,               100,     0.07248936946,      0.3496301147,      -1.234800752,                 0,                 0,                 0,      -1.789701685,      0.3496301147,      -1.234800752,                 0,      -3.531734538,  -1.359839534e-09,   3.998229712e-08,                 0
          0,           0,         376,       -7.82195456,      -6.477628578,      -6.921867504,      -4.962358239,      -7.281592223,      -5.331454075,      -6.981291854,      -2.407540693,         100,      -4.382744054,             100,      -4.934965842,                7,      -6.077900117,   0.0005491766773,      0.7154622302,               100,               100,               100,     0.07248936946,      0.3496439845,      -1.234827725,                 0,                 0,                 0,      -1.789760104,      0.3496439845,      -1.234827725,                 0,      -3.531671586,  -1.277107051e-09,   3.607890701e-08,                 0
          0,           0,         377,      -7.830369197,      -6.481932308,      -6.926425936,       -4.97077288,      -7.284876187,      -5.336104225,      -6.991275465,      -2.403572496,         100,      -4.304929121,             100,      -5.187301514,                7,      -6.085998314,   0.0005475429966,      0.7154805449,               100,               100,               100,     0.07248936946,      0.3496597674,      -1.234862475,                 0,                 0,                 0,      -1.789829854,      0.3496597674,      -1.234862475,                 0,      -3.531611555,  -1.103853003e-09,   3.223349343e-08,                 0
          0,           0,         378,      -7.839115829,      -6.486227538,      -6.931024906,      -4.979519507,        -7.2881554,      -5.340403225,      -7.001436415,       -2.39989597,         100,      -4.338951491,             100,      -5.338107108,                7,      -6.093893109,     0.00054591967,       0.715495374,               100,               100,               100,     0.07248936946,      0.3496779802,      -1.234907383,                 0,                 0,                 0,      -1.789911845,      0.3496779802,      -1.234907383,                 0,      -3.531556039,  -1.126836526e-09,   2.808353094e-08,                 0
          0,           0,         379,       -7.84810081,      -6.490521664,      -6.935679981,      -4.988504495,      -7.291430113,      -5.344341789,      -7.011743632,      -2.396452822,         100,      -4.283301309,             100,      -5.137978485,                7,       -6.10161244,   0.0005443066711,      0.7155069067,               100,               100,               100,     0.07248936946,      0.3496977295,      -1.234958847,                 0,                 0,                 0,      -1.790003381,      0.3496977295,      -1.234958847,                 0,      -3.531503762,  -1.023250421e-09,    2.45946003e-08,                 0
          0,           0,         380,      -7.857219888,      -6.494820118,      -6.940408681,      -4.997623569,      -7.294700382,      -5.348022885,      -7.022158751,      -2.393349713,         100,      -4.252636526,             100,      -5.299976981,                7,      -6.108743376,   0.0005427039779,      0.7155153304,               100,               100,               100,     0.07248936946,      0.3497195197,      -1.235019236,                 0,                 0,                 0,      -1.790105331,      0.3497195197,      -1.235019236,                 0,      -3.531456401,  -7.639452415e-10,   2.422783733e-08,                 0
          0,           0,         381,       -7.86637895,      -6.499129746,      -6.945224466,       -5.00678263,      -7.297966602,      -5.351438801,      -7.032649942,      -2.390442548,         100,      -4.334640433,             100,      -5.198256446,                7,      -6.115898889,   0.0005411115594,      0.7155208337,               100,               100,               100,     0.07248936946,      0.3497424429,      -1.235084917,                 0,                 0,                 0,      -1.790214942,      0.3497424429,      -1.235084917,                 0,      -3.531412736,  -5.830621439e-10,   2.509458932e-08,                 0
          0,           0,         382,      -7.875475833,      -6.503456507,      -6.950143655,      -5.015879516,       -7.30122898,      -5.354697645,      -7.043178874,      -2.387745711,         100,      -4.249457262,             100,      -4.994104362,                7,      -6.121997644,   0.0005395293932,      0.7155236033,               100,               100,               100,     0.07248936946,      0.3497669906,      -1.235158229,                 0,                 0,                 0,      -1.790333028,      0.3497669906,      -1.235158229,                 0,      -3.531374492,  -4.304797961e-10,   2.518587225e-08,                 0
          0,           0,         383,      -7.884429823,      -6.507808054,      -6.955179676,      -5.024833504,      -7.304487937,      -5.357782275,      -7.053715447,      -2.385610002,         100,      -4.245469204,             100,       -5.18603843,                7,      -6.128498888,   0.0005379574683,      0.7155238274,               100,               100,               100,     0.07248936946,       0.349792241,      -1.235235494,                 0,                 0,                 0,      -1.790456768,       0.349792241,      -1.235235494,                 0,      -3.531340461,  -4.513886358e-10,   1.757321678e-08,                 0
          0,           0,         384,       -7.89314933,      -6.512189929,       -6.96034617,      -5.033553014,      -7.307743693,      -5.360801005,      -7.064223647,      -2.384091035,         100,      -4.276521967,             100,      -5.104148927,                7,       -6.13484825,   0.0005363957452,      0.7155216912,               100,               100,               100,     0.07248936946,      0.3498186744,      -1.235319015,                 0,                 0,                 0,       -1.79058691,      0.3498186744,      -1.235319015,                 0,       -3.53131238,  -5.304564994e-10,    1.86221409e-08,                 0
          0,           0,         385,      -7.901575881,      -6.516607248,      -6.965652276,      -5.041979561,      -7.310996823,      -5.363732191,      -7.074677932,      -2.383082278,         100,      -4.332411011,             100,        -5.1029742,                7,      -6.140902867,   0.0005348441996,       0.715517382,               100,               100,               100,     0.07248936946,      0.3498453574,      -1.235405067,                 0,                 0,                 0,      -1.790720566,      0.3498453574,      -1.235405067,                 0,      -3.531289013,   -3.30344684e-10,   1.706367643e-08,                 0
          0,           0,         386,      -7.909645218,      -6.521067083,      -6.971111236,      -5.050048897,      -7.314247613,      -5.366678866,      -7.085047526,      -2.382559477,         100,      -4.265508687,             100,       -5.19796331,                7,      -6.146223096,   0.0005333028055,      0.7155110844,               100,               100,               100,     0.07248936946,      0.3498727632,      -1.235495917,                 0,                 0,                 0,      -1.790858429,      0.3498727632,      -1.235495917,                 0,      -3.531272071,  -3.579221081e-10,   1.766499217e-08,                 0
          0,           0,         387,      -7.917325699,      -6.525573294,      -6.976728308,      -5.057729385,       -7.31749642,      -5.369607404,      -7.095314421,      -2.382525253,         100,      -4.315696983,             100,       -5.25734493,                7,      -6.151263118,   0.0005317715361,      0.7155029841,               100,               100,               100,     0.07248936946,      0.3498999509,      -1.235587793,                 0,                 0,                 0,      -1.790997554,      0.3498999509,      -1.235587793,                 0,      -3.531260264,   -4.02476487e-12,   1.726698685e-08,                 0
          0,           0,         388,      -7.924578062,      -6.530132736,       -6.98251495,       -5.06498174,      -7.320743464,      -5.372618223,      -7.105454994,       -2.38302743,         100,      -4.277760661,             100,      -5.128379818,                7,      -6.155662705,   0.0005302503636,      0.7154932642,               100,               100,               100,     0.07248936946,      0.3499273914,      -1.235682937,                 0,                 0,                 0,      -1.791138595,      0.3499273914,      -1.235682937,                 0,      -3.531255246,   2.231340578e-10,   1.319646888e-08,                 0
          0,           0,         389,      -7.931400028,      -6.534746913,      -6.988472167,      -5.071803702,      -7.323989274,      -5.375668655,        -7.1154605,      -2.384232652,         100,      -4.318566759,             100,       -5.21765547,                7,      -6.159308515,   0.0005287392599,      0.7154821094,               100,               100,               100,     0.07248936946,      0.3499541411,      -1.235777536,                 0,                 0,                 0,      -1.791278568,      0.3499541411,      -1.235777536,                 0,      -3.531255645,   1.814640219e-10,   1.482376396e-08,                 0
          0,           0,         390,      -7.937775149,      -6.539422113,      -6.994608214,      -5.078178817,      -7.327233793,      -5.378855414,      -7.125315776,      -2.385334928,         100,      -4.236422498,             100,      -5.231914376,                7,       -6.16334679,   0.0005272381936,      0.7154697011,               100,               100,               100,     0.07248936946,      0.3499806752,      -1.235873823,                 0,                 0,                 0,      -1.791418115,      0.3499806752,      -1.235873823,                 0,      -3.531263039,   7.771207102e-11,   1.675252103e-08,                 0
          0,           0,         391,      -7.943727703,      -6.544158496,      -7.000921147,      -5.084131378,      -7.330477448,      -5.382128533,      -7.135022603,      -2.386830141,         100,      -4.234742156,             100,      -5.145033677,                7,      -6.166829568,   0.0005257471343,      0.7154562223,               100,               100,               100,     0.07248936946,      0.3500060539,      -1.235967963,                 0,                 0,                 0,      -1.791554243,      0.3500060539,      -1.235967963,                 0,      -3.531275956,   2.274400958e-10,   1.736307871e-08,                 0
          0,           0,         392,      -7.949256652,      -6.548962184,      -7.007416898,      -5.089660325,       -7.33372008,      -5.385577381,      -7.144574557,       -2.38896468,         100,      -4.271768616,             100,      -5.304940049,                7,      -6.169602448,   0.0005242660549,      0.7154418524,               100,               100,               100,     0.07248936946,      0.3500307622,      -1.236062192,                 0,                 0,                 0,      -1.791687609,      0.3500307622,      -1.236062192,                 0,       -3.53129589,   4.248211057e-10,   1.829552175e-08,                 0
          0,           0,         393,      -7.954391725,       -6.55382982,      -7.014086849,      -5.094795402,      -7.336961931,      -5.389147932,      -7.153983457,      -2.391764254,         100,      -4.318155262,             100,      -5.199781787,                7,      -6.172159804,   0.0005227949175,      0.7154267715,               100,               100,               100,     0.07248936946,      0.3500538697,      -1.236152672,                 0,                 0,                 0,      -1.791815241,      0.3500538697,      -1.236152672,                 0,      -3.531321258,   3.218217925e-10,   1.554820469e-08,                 0
          0,           0,         394,      -7.959139799,      -6.558767382,      -7.020936352,      -5.099543472,      -7.340202761,      -5.392927735,      -7.163250849,      -2.395174645,         100,      -4.266134609,             100,       -5.30987865,                7,      -6.174255818,   0.0005213336987,      0.7154111561,               100,               100,               100,     0.07248936946,      0.3500758783,      -1.236241664,                 0,                 0,                 0,      -1.791937844,      0.3500758783,      -1.236241664,                 0,      -3.531353459,   3.945566909e-10,   1.512167246e-08,                 0
          0,           0,         395,      -7.963538472,      -6.563771409,      -7.027956431,      -5.103942149,      -7.343442666,      -5.396857834,      -7.172397058,      -2.399115832,         100,      -4.285036573,             100,      -5.100183493,                7,      -6.175870653,   0.0005198823571,       0.715395183,               100,               100,               100,     0.07248936946,       0.350095873,      -1.236325344,                 0,                 0,                 0,      -1.792052496,       0.350095873,      -1.236325344,                 0,      -3.531390798,   4.061114825e-10,   1.588687572e-08,                 0
          0,           0,         396,      -7.967589107,      -6.568846103,      -7.035148261,      -5.107992776,      -7.346681399,      -5.401023352,      -7.181429446,      -2.403561585,         100,      -4.216036338,             100,      -5.258700436,                7,      -6.176487775,   0.0005184408638,      0.7153790241,               100,               100,               100,     0.07248936946,      0.3501143804,       -1.23640603,                 0,                 0,                 0,      -1.792159998,      0.3501143804,       -1.23640603,                 0,      -3.531434581,   4.815703348e-10,   1.539565379e-08,                 0
          0,           0,         397,      -7.971326667,      -6.573985474,       -7.04249923,      -5.111730342,      -7.349919223,       -5.40535884,      -7.190374716,      -2.408494119,         100,      -4.269872795,             100,      -5.429163095,                7,      -6.177338857,   0.0005170091741,      0.7153628508,               100,               100,               100,     0.07248936946,      0.3501305063,      -1.236479934,                 0,                 0,                 0,       -1.79225751,      0.3501305063,      -1.236479934,                 0,       -3.53148301,   3.106473641e-10,   1.140145008e-08,                 0
          0,           0,         398,      -7.974746284,      -6.579193866,      -7.050009499,      -5.115149954,      -7.353155526,      -5.409945012,      -7.199243478,      -2.413898797,         100,      -4.285035416,             100,       -5.42016448,                7,      -6.177328384,   0.0005155872558,      0.7153468286,               100,               100,               100,     0.07248936946,      0.3501448044,       -1.23654944,                 0,                 0,                 0,      -1.792345941,      0.3501448044,       -1.23654944,                 0,      -3.531537308,   9.604679518e-12,   1.038323674e-08,                 0
          0,           0,         399,      -7.977877298,      -6.584463047,      -7.057663228,      -5.118280973,      -7.356390119,      -5.414718262,      -7.208065876,      -2.419749217,         100,      -4.233225774,             100,      -5.450420556,                7,      -6.177144898,   0.0005141750692,      0.7153311216,               100,               100,               100,     0.07248936946,       0.350156408,       -1.23661082,                 0,                 0,                 0,      -1.792422571,       0.350156408,       -1.23661082,                 0,      -3.531595574,   1.155640883e-10,   1.079738136e-08,                 0
          0,           0,         400,       -7.98071569,      -6.589798163,      -7.065462318,      -5.121119372,      -7.359622291,      -5.419749667,      -7.216852637,      -2.426115228,         100,      -4.197111963,             100,      -5.411862616,                7,      -6.175818804,    0.000512772575,      0.7153158873,               100,               100,               100,     0.07248936946,      0.3501659044,      -1.236666553,                 0,                 0,                 0,      -1.792488456,      0.3501659044,      -1.236666553,                 0,      -3.531658959,   2.550641644e-10,   1.366719075e-08,                 0
          0,           0,         401,      -7.983285723,      -6.595189157,      -7.073387475,      -5.123689394,      -7.362851888,      -5.424975252,      -7.225634687,      -2.432964311,         100,      -4.253703306,             100,      -5.295699697,                7,       -6.17489731,    0.000511379735,        0.71530128,               100,               100,               100,     0.07248936946,      0.3501724578,      -1.236712992,                 0,                 0,                 0,      -1.792541022,      0.3501724578,      -1.236712992,                 0,      -3.531725482,   4.779797435e-10,   1.812753105e-08,                 0
          0,           0,         402,      -7.985583831,      -6.600639112,      -7.081437864,      -5.125987499,      -7.366078631,      -5.430458036,       -7.23442118,      -2.440288079,         100,      -4.197903348,             100,      -5.384169516,                7,      -6.173263052,   0.0005099965077,       0.715287446,               100,               100,               100,     0.07248936946,      0.3501766917,      -1.236752722,                 0,                 0,                 0,       -1.79258149,      0.3501766917,      -1.236752722,                 0,      -3.531796238,    5.19381471e-10,   1.444317909e-08,                 0
          0,           0,         403,      -7.987639956,      -6.606139578,      -7.089596723,      -5.128043638,      -7.369302381,      -5.436132731,      -7.243241465,      -2.448037209,         100,      -4.236365588,             100,      -5.344840205,                7,      -6.171183455,   0.0005086228498,      0.7152745275,               100,               100,               100,     0.07248936946,      0.3501778049,      -1.236782195,                 0,                 0,                 0,      -1.792607452,      0.3501778049,      -1.236782195,                 0,      -3.531869176,   5.735072351e-10,   1.578611149e-08,                 0
          0,           0,         404,      -7.989460984,      -6.611691571,      -7.097862262,      -5.129864662,      -7.372522755,      -5.442050731,      -7.252100704,      -2.456353751,         100,      -4.219514579,             100,      -5.397315587,                7,      -6.168508084,    0.000507258719,      0.7152626575,               100,               100,               100,     0.07248936946,      0.3501764599,       -1.23680412,                 0,                 0,                 0,      -1.792620317,      0.3501764599,       -1.23680412,                 0,      -3.531945351,   6.350648154e-10,   1.696917486e-08,                 0
          0,           0,         405,      -7.991084117,      -6.617287138,      -7.106217329,      -5.131487796,      -7.375739617,      -5.448147352,      -7.261024943,      -2.465101103,         100,      -4.324878829,             100,      -5.374560747,                7,      -6.165558299,   0.0005059040686,      0.7152519632,               100,               100,               100,     0.07248936946,      0.3501718923,      -1.236815061,                 0,                 0,                 0,      -1.792617862,      0.3501718923,      -1.236815061,                 0,      -3.532022669,   6.474114043e-10,   2.025603679e-08,                 0
          0,           0,         406,      -7.992531193,      -6.622926513,      -7.114661559,      -5.132934872,      -7.378952513,      -5.454460089,      -7.270013802,      -2.474326777,         100,      -4.407945986,             100,      -5.455309358,                7,      -6.162059487,   0.0005045588558,      0.7152425613,               100,               100,               100,     0.07248936946,      0.3501648045,      -1.236817863,                 0,                 0,                 0,      -1.792601692,      0.3501648045,      -1.236817863,                 0,      -3.532102162,   7.057140461e-10,   2.452634979e-08,                 0
          0,           0,         407,      -7.993851005,      -6.628600819,      -7.123177414,      -5.134254686,      -7.382161576,      -5.460927296,      -7.279088894,      -2.484023095,         100,      -4.362335133,             100,      -5.589554061,                7,      -6.158171773,   0.0005032230323,      0.7152345618,               100,               100,               100,     0.07248936946,      0.3501544692,      -1.236809213,                 0,                 0,                 0,      -1.792569777,      0.3501544692,      -1.236809213,                 0,      -3.532181712,   6.631621784e-10,   2.237002516e-08,                 0
          0,           0,         408,      -7.995082905,      -6.634312188,      -7.131767955,      -5.135486589,      -7.385366499,      -5.467569761,      -7.288243184,      -2.494273029,         100,      -4.277642732,             100,      -5.453434803,                7,       -6.15355236,   0.0005018965493,      0.7152280629,               100,               100,               100,     0.07248936946,      0.3501416291,      -1.236792093,                 0,                 0,                 0,      -1.792523927,      0.3501416291,      -1.236792093,                 0,      -3.532262348,   5.481287507e-10,   1.925315329e-08,                 0
          0,           0,         409,      -7.996286264,       -6.64004986,      -7.140414877,      -5.136689945,      -7.388567419,       -5.47432988,        -7.2974935,      -2.504767036,         100,       -4.31084757,             100,      -5.270298058,                7,      -6.148755354,   0.0005005793629,      0.7152231551,               100,               100,               100,     0.07248936946,      0.3501255937,      -1.236763322,                 0,                 0,                 0,      -1.792462307,      0.3501255937,      -1.236763322,                 0,      -3.532341948,   5.416110033e-10,   1.832028313e-08,                 0
          0,           0,         410,      -7.997515825,      -6.645815103,       -7.14912156,      -5.137919508,      -7.391764536,      -5.481211244,      -7.306826547,      -2.515905688,         100,      -4.490807671,             100,       -5.24894363,                7,      -6.143426632,    0.000499271426,      0.7152199159,               100,               100,               100,     0.07248936946,      0.3501071434,      -1.236726021,                 0,                 0,                 0,      -1.792386926,      0.3501071434,      -1.236726021,                 0,      -3.532421559,   4.697605735e-10,   1.362680087e-08,                 0
          0,           0,         411,      -7.998837183,      -6.651599598,      -7.157872977,      -5.139240863,      -7.394957635,      -5.488163065,      -7.316254171,      -2.527607769,         100,      -4.454774299,             100,      -5.301689071,                7,      -6.137653324,   0.0004979726868,      0.7152184141,               100,               100,               100,     0.07248936946,      0.3500856229,      -1.236677141,                 0,                 0,                 0,      -1.792296142,      0.3500856229,      -1.236677141,                 0,       -3.53249908,   5.158301894e-10,   1.124616207e-08,                 0
          0,           0,         412,      -8.000310736,      -6.657403026,      -7.166672676,      -5.140714414,      -7.398146619,      -5.495172311,      -7.325756468,      -2.539850448,         100,      -4.377731655,             100,      -5.317260707,                7,      -6.131000521,   0.0004966830955,      0.7152187052,               100,               100,               100,     0.07248936946,      0.3500618474,      -1.236619937,                 0,                 0,                 0,      -1.792192153,      0.3500618474,      -1.236619937,                 0,      -3.532575589,   3.923134658e-10,   1.008856783e-08,                 0
          0,           0,         413,      -8.002007774,      -6.663219253,      -7.175512386,      -5.142411452,      -7.401331871,      -5.502198543,      -7.335339987,      -2.552480599,         100,      -4.388431485,             100,      -5.186347767,                7,      -6.124025514,    0.000495402599,      0.7152208351,               100,               100,               100,     0.07248936946,      0.3500351938,      -1.236551486,                 0,                 0,                 0,      -1.792073497,      0.3500351938,      -1.236551486,                 0,      -3.532649024,    3.74002029e-10,   9.731473383e-09,                 0
          0,           0,         414,      -8.003992086,      -6.669045012,      -7.184393259,      -5.144395755,      -7.404513937,      -5.509213894,      -7.344979073,      -2.565968639,         100,      -4.352956535,             100,      -5.233168654,                7,      -6.115935287,   0.0004941311464,       0.715224836,               100,               100,               100,     0.07248936946,      0.3500065084,      -1.236475172,                 0,                 0,                 0,      -1.791942547,      0.3500065084,      -1.236475172,                 0,      -3.532720513,   2.559837661e-10,   7.812046408e-09,                 0
          0,           0,         415,      -8.006329798,      -6.674877368,      -7.193311022,      -5.146733472,      -7.407692908,      -5.516194907,      -7.354677476,      -2.579881132,         100,      -4.369693344,             100,      -5.136207703,                7,      -6.107246037,   0.0004928686871,      0.7152307304,               100,               100,               100,     0.07248936946,       0.349975196,       -1.23638819,                 0,                 0,                 0,      -1.791798003,       0.349975196,       -1.23638819,                 0,       -3.53278805,   1.233495088e-10,   9.057422356e-09,                 0
          0,           0,         416,      -8.009082618,      -6.680711809,      -7.202267238,      -5.149486294,      -7.410869195,      -5.523095549,      -7.364403874,      -2.594358738,         100,      -4.402078816,             100,      -5.064204068,                7,      -6.097836039,   0.0004916151659,      0.7152385267,               100,               100,               100,     0.07248936946,      0.3499421282,      -1.236294036,                 0,                 0,                 0,      -1.791642391,      0.3499421282,      -1.236294036,                 0,      -3.532852826,   2.983037323e-10,   9.803040397e-09,                 0
          0,           0,         417,      -8.012301359,      -6.686546633,      -7.211259411,      -5.152705039,      -7.414043045,      -5.529913008,      -7.374159027,      -2.609352112,         100,      -4.390834518,             100,      -5.152157517,                7,      -6.087552044,   0.0004903705333,      0.7152482243,               100,               100,               100,     0.07248936946,       0.349906733,      -1.236190014,                 0,                 0,                 0,      -1.791474549,       0.349906733,      -1.236190014,                 0,      -3.532912908,   1.865229156e-10,   7.706963186e-09,                 0
          0,           0,         418,      -8.016045652,      -6.692376262,      -7.220290452,      -5.156449334,      -7.417214664,      -5.536590324,      -7.383907733,      -2.625142777,         100,      -4.383735011,             100,      -5.111634083,                7,      -6.076834141,   0.0004891347294,      0.7152598079,               100,               100,               100,     0.07248936946,      0.3498699016,      -1.236079711,                 0,                 0,                 0,      -1.791297125,      0.3498699016,      -1.236079711,                 0,      -3.532969557,   1.555762502e-10,   1.159181991e-08,                 0
          0,           0,         419,       -8.02035335,      -6.698202009,      -7.229362334,      -5.160757029,      -7.420384747,       -5.54314912,      -7.393649691,      -2.641312348,         100,      -4.413426211,             100,      -5.140730337,                7,      -6.065890109,   0.0004879077025,      0.7152732543,               100,               100,               100,     0.07248936946,      0.3498310799,      -1.235960526,                 0,                 0,                 0,      -1.791109075,      0.3498310799,      -1.235960526,                 0,      -3.533020925,   1.321571362e-10,   8.363857028e-09,                 0
          0,           0,         420,      -8.025272682,       -6.70401555,      -7.238474051,      -5.165676364,      -7.423553972,      -5.549519956,      -7.403347051,       -2.65801521,         100,      -4.401896736,             100,      -5.037842409,                7,      -6.053994155,   0.0004866893942,      0.7152885262,               100,               100,               100,     0.07248936946,      0.3497911714,      -1.235836118,                 0,                 0,                 0,      -1.790913136,      0.3497911714,      -1.235836118,                 0,      -3.533068354,   3.336577566e-10,    1.00724996e-08,                 0
          0,           0,         421,      -8.030828393,      -6.709821202,      -7.247632158,      -5.171232076,      -7.426722764,      -5.555751506,      -7.413001171,      -2.675760511,         100,      -4.400282128,             100,      -5.156044945,                7,      -6.041067848,    0.000485479753,      0.7153055786,               100,               100,               100,     0.07248936946,      0.3497496341,       -1.23570396,                 0,                 0,                 0,      -1.790708346,      0.3497496341,       -1.23570396,                 0,      -3.533110085,   8.006343213e-11,   1.028274913e-08,                 0
          0,           0,         422,      -8.037056495,      -6.715608786,       -7.25683193,      -5.177460179,      -7.429891481,      -5.561764516,      -7.422571782,      -2.693311101,         100,      -4.502710396,             100,      -5.035879307,                7,      -6.028389772,   0.0004842787213,       0.715324354,               100,               100,               100,     0.07248936946,      0.3497073794,      -1.235567767,                 0,                 0,                 0,      -1.790497512,      0.3497073794,      -1.235567767,                 0,      -3.533147538,   4.652883393e-10,   1.113466867e-08,                 0
          0,           0,         423,      -8.043965471,      -6.721384803,      -7.266082485,      -5.184369153,       -7.43306085,      -5.567633355,      -7.432062117,      -2.712292839,         100,       -4.44813943,             100,      -4.936488831,                7,      -6.013569293,   0.0004830862442,      0.7153447878,               100,               100,               100,     0.07248936946,      0.3496638702,      -1.235425062,                 0,                 0,                 0,       -1.79027972,      0.3496638702,      -1.235425062,                 0,      -3.533179053,    7.00398899e-10,   1.919649702e-08,                 0
          0,           0,         424,      -8.051582747,      -6.727137924,       -7.27537685,      -5.191986434,      -7.436231305,      -5.573268623,      -7.441431396,      -2.731695794,         100,      -4.385112477,             100,      -5.058993109,                8,      -6.646684342,   0.0004819022644,      0.7153668043,               100,               100,               100,     0.07248936946,      0.3496200165,      -1.235279586,                 0,                 0,                 0,      -1.790057794,      0.3496200165,      -1.235279586,                 0,      -3.533206133,   8.491980193e-10,   2.064702524e-08,                 0
          0,           0,         425,      -8.059897784,      -6.732876994,      -7.284726444,      -5.200301468,       -7.43940343,        -5.5787676,      -7.450686635,      -2.751725223,         100,       -4.47639746,             100,      -5.032833896,                8,       -6.63531792,   0.0004807267215,      0.7153903225,               100,               100,               100,     0.07248936946,      0.3495752829,      -1.235128901,                 0,                 0,                 0,      -1.789830852,      0.3495752829,      -1.235128901,                 0,      -3.533227208,   5.375128185e-10,   2.219996745e-08,                 0
          0,           0,         426,      -8.068926754,      -6.738586585,      -7.294115807,       -5.20933043,      -7.442577883,      -5.584030212,      -7.459786943,      -2.772375881,         100,      -4.365083014,             100,      -4.919634796,                8,      -6.616191879,   0.0004795595616,      0.7154152513,               100,               100,               100,     0.07248936946,      0.3495305735,      -1.234976752,                 0,                 0,                 0,      -1.789601714,      0.3495305735,      -1.234976752,                 0,      -3.533243858,   3.277292273e-10,   2.342659404e-08,                 0
          0,           0,         427,      -8.078645455,      -6.744280704,      -7.303561739,      -5.219049135,      -7.445755044,      -5.589173907,      -7.468744177,      -2.793300044,         100,      -4.343258232,             100,      -4.973757876,                8,       -6.59302772,   0.0004784007274,      0.7154414954,               100,               100,               100,     0.07248936946,      0.3494853469,      -1.234820712,                 0,                 0,                 0,      -1.789369482,      0.3494853469,      -1.234820712,                 0,      -3.533254606,   3.304562572e-10,   2.112283665e-08,                 0
          0,           0,         428,       -8.08905679,      -6.749940093,      -7.313040521,      -5.229460471,      -7.448935289,      -5.594087639,      -7.477516714,      -2.815543328,         100,      -4.340633894,             100,      -4.964373473,                8,      -6.542490319,    0.000477250158,      0.7154689519,               100,               100,               100,     0.07248936946,      0.3494404959,      -1.234664511,                 0,                 0,                 0,      -1.789136946,      0.3494404959,      -1.234664511,                 0,        -3.5332611,   1.650067742e-10,   2.125160968e-08,                 0
          0,           0,         429,      -8.100120416,      -6.755581609,      -7.322570987,      -5.240524099,       -7.45211927,      -5.598903791,      -7.486121784,      -2.836900207,         100,      -4.314813995,             100,      -4.942241688,                8,      -6.525016923,   0.0004761077954,       0.715497515,               100,               100,               100,     0.07248936946,      0.3493954686,      -1.234505713,                 0,                 0,                 0,      -1.788903166,      0.3493954686,      -1.234505713,                 0,      -3.533261944,  -4.136242836e-11,   1.432113152e-08,                 0
          0,           0,         430,       -8.11182947,       -6.76118368,      -7.332122537,      -5.252233143,      -7.455307561,      -5.603498994,      -7.494516814,      -2.860439394,         100,      -4.447746987,             100,      -5.053343622,                8,      -6.524741717,   0.0004749735867,      0.7155270732,               100,               100,               100,     0.07248936946,       0.349351142,      -1.234348013,                 0,                 0,                 0,      -1.788670874,       0.349351142,      -1.234348013,                 0,      -3.533258847,   3.617336319e-10,   2.061294936e-08,                 0
          0,           0,         431,      -8.124127243,      -6.766765432,      -7.341715882,      -5.264530925,      -7.458499989,      -5.608017771,      -7.502724653,      -2.883466647,         100,      -4.296505944,             100,      -5.066751463,                8,      -6.505264986,   0.0004738474628,      0.7155575134,               100,               100,               100,     0.07248936946,      0.3493069492,      -1.234188949,                 0,                 0,                 0,      -1.788439063,      0.3493069492,      -1.234188949,                 0,      -3.533250489,   1.181922283e-10,   1.900945712e-08,                 0
          0,           0,         432,      -8.136997212,       -6.77230405,      -7.351314712,      -5.277400891,      -7.461696839,      -5.612326249,      -7.510700215,      -2.906793427,         100,      -4.303840784,             100,      -5.037330785,                8,      -6.488996909,   0.0004727293711,       0.715588719,               100,               100,               100,     0.07248936946,      0.3492637466,      -1.234032159,                 0,                 0,                 0,      -1.788210377,      0.3492637466,      -1.234032159,                 0,      -3.533238623,   1.080502311e-10,   1.742451377e-08,                 0
          0,           0,         433,      -8.150359302,      -6.777819466,      -7.360938649,      -5.290762981,      -7.464898271,      -5.616573119,      -7.518469689,      -2.930288822,         100,      -4.328006453,             100,      -5.338794237,                8,      -6.492373454,   0.0004716192546,       0.715620574,               100,               100,               100,     0.07248936946,      0.3492209521,      -1.233875146,                 0,                 0,                 0,      -1.787983739,      0.3492209521,      -1.233875146,                 0,      -3.533221985,   1.042450958e-10,   1.590630147e-08,                 0
          0,           0,         434,      -8.164188583,      -6.783286308,      -7.370543342,      -5.304592263,       -7.46810427,      -5.620620056,      -7.525985158,      -2.953756122,         100,       -4.33440079,             100,      -5.480292189,                8,      -6.412857905,   0.0004705170468,      0.7156529595,               100,               100,               100,     0.07248936946,      0.3491793985,      -1.233721477,                 0,                 0,                 0,      -1.787761685,      0.3491793985,      -1.233721477,                 0,      -3.533202365,   2.462519759e-10,   1.348640786e-08,                 0
          0,           0,         435,      -8.178388168,      -6.788728177,      -7.380152516,      -5.318791856,      -7.471314995,      -5.624618144,      -7.533277165,      -2.977007517,         100,      -4.336083093,             100,      -5.563441748,                8,      -6.456669172,   0.0004694226909,      0.7156857596,               100,               100,               100,     0.07248936946,      0.3491384826,      -1.233568598,                 0,                 0,                 0,      -1.787543032,      0.3491384826,      -1.233568598,                 0,       -3.53317855,  -2.618346874e-10,   2.120218113e-08,                 0
          0,           0,         436,      -8.192919758,      -6.794116793,      -7.389714056,      -5.333323438,      -7.474530526,      -5.628426078,      -7.540294263,      -2.999134073,         100,      -4.366888209,             100,       -5.44417302,                8,      -6.357560205,   0.0004683361307,      0.7157188574,               100,               100,               100,     0.07248936946,       0.349099014,      -1.233419999,                 0,                 0,                 0,      -1.787330206,       0.349099014,      -1.233419999,                 0,      -3.533152343,  -5.597339915e-10,   2.415898884e-08,                 0
          0,           0,         437,      -8.207664056,      -6.799477261,       -7.39925242,      -5.348067741,      -7.477750688,      -5.632198025,      -7.547070494,      -3.021832944,         100,      -4.417974981,             100,      -5.428524213,                8,      -6.395788703,   0.0004672573085,      0.7157521401,               100,               100,               100,     0.07248936946,      0.3490603683,      -1.233273063,                 0,                 0,                 0,      -1.787121916,      0.3490603683,      -1.233273063,                 0,      -3.533122564,  -6.519477053e-10,   4.153215123e-08,                 0
          0,           0,         438,      -8.222574639,      -6.804781079,      -7.408712517,      -5.362978316,      -7.480975386,      -5.635794832,      -7.553551116,      -3.042932628,         100,      -4.241006581,             100,      -5.353749572,                8,      -6.381905668,   0.0004661861644,      0.7157854955,               100,               100,               100,     0.07248936946,      0.3490233294,      -1.233131192,                 0,                 0,                 0,      -1.786920461,      0.3490233294,      -1.233131192,                 0,      -3.533091022,  -7.383841352e-10,   4.506249213e-08,                 0
          0,           0,         439,      -8.237512728,       -6.81005482,      -7.418122463,      -5.377916407,      -7.484204363,      -5.639368648,      -7.559773983,      -3.062675259,         100,      -4.278894782,             100,      -5.821488573,                8,      -6.407510051,   0.0004651226397,      0.7158188163,               100,               100,               100,     0.07248936946,       0.348987254,      -1.232991705,                 0,                 0,                 0,      -1.786724446,       0.348987254,      -1.232991705,                 0,      -3.533056554,  -6.499126018e-10,   4.142398945e-08,                 0
          0,           0,         440,       -8.25241589,      -6.815267317,      -7.427418718,      -5.392819567,      -7.487437397,      -5.642788011,      -7.565682286,      -3.080770415,         100,      -4.352232782,             100,      -5.663319389,                8,      -6.392236645,   0.0004640666713,       0.715851998,               100,               100,               100,     0.07248936946,      0.3489529001,       -1.23285791,                 0,                 0,                 0,      -1.786536041,      0.3489529001,       -1.23285791,                 0,      -3.533020961,  -6.599672959e-10,   3.076249128e-08,                 0
          0,           0,         441,      -8.267128385,      -6.820446687,      -7.436632378,      -5.407532062,      -7.490674258,      -5.646204384,      -7.571319098,      -3.096949616,         100,      -4.261728217,             100,       -5.48185309,                8,      -6.366247567,   0.0004630182059,      0.7158849424,               100,               100,               100,     0.07248936946,      0.3489196036,      -1.232727057,                 0,                 0,                 0,      -1.786353734,      0.3489196036,      -1.232727057,                 0,      -3.532983083,  -6.045151354e-10,   2.895221518e-08,                 0
          0,           0,         442,      -8.281576897,      -6.825562249,      -7.445698251,      -5.421980575,      -7.493914548,      -5.649497184,      -7.576627873,      -3.110936907,         100,      -4.264590362,             100,      -5.521254025,                8,      -6.368276295,   0.0004619771838,      0.7159175542,               100,               100,               100,     0.07248936946,      0.3488880988,       -1.23260236,                 0,                 0,                 0,      -1.786179573,      0.3488880988,       -1.23260236,                 0,      -3.532944701,  -8.662443969e-10,    2.95913967e-08,                 0
          0,           0,         443,      -8.295592693,      -6.830642228,      -7.454650898,      -5.435996372,      -7.497157714,      -5.652814142,      -7.581657309,       -3.12256732,         100,      -4.164171444,             100,      -5.380938561,                8,      -6.371613601,   0.0004609435466,      0.7159497454,               100,               100,               100,     0.07248936946,      0.3488577036,      -1.232481002,                 0,                 0,                 0,       -1.78601194,      0.3488577036,      -1.232481002,                 0,      -3.532904646,  -7.735031644e-10,   3.073471217e-08,                 0
          0,           0,         444,      -8.309097204,      -6.835656378,      -7.463423407,      -5.449500879,      -7.500403581,      -5.656044619,      -7.586354089,       -3.13170702,         100,      -4.180995016,             100,      -5.509922903,                8,      -6.354086241,   0.0004599172344,      0.7159814322,               100,               100,               100,     0.07248936946,      0.3488291299,      -1.232366107,                 0,                 0,                 0,      -1.785852762,      0.3488291299,      -1.232366107,                 0,      -3.532864665,  -8.450259118e-10,   2.555847417e-08,                 0
          0,           0,         445,      -8.321913587,      -6.840632824,      -7.472051906,      -5.462317263,      -7.503651583,      -5.659332952,      -7.590775008,       -3.13837293,         100,      -4.278461231,             100,      -5.394997756,                8,      -6.302941845,   0.0004588981894,      0.7160125388,               100,               100,               100,     0.07248936946,        0.34880168,      -1.232254797,                 0,                 0,                 0,      -1.785700331,        0.34880168,      -1.232254797,                 0,      -3.532823571,  -7.887970185e-10,   2.369950875e-08,                 0
          0,           0,         446,      -8.333971615,      -6.845541385,      -7.480468677,      -5.474375288,      -7.506901542,      -5.662581582,      -7.594873209,      -3.142617876,         100,      -4.229954554,             100,      -5.408029268,                8,      -6.323269615,    0.000457886355,      0.7160429934,               100,               100,               100,     0.07248936946,      0.3487760461,      -1.232150113,                 0,                 0,                 0,      -1.785556465,      0.3487760461,      -1.232150113,                 0,      -3.532783076,  -8.398518122e-10,   2.317793655e-08,                 0
          0,           0,         447,      -8.345106194,      -6.850411784,      -7.488714297,      -5.485509869,      -7.510152667,       -5.66592361,      -7.598714278,      -3.144626095,         100,      -4.247975203,             100,       -5.38637012,                8,      -6.359965403,   0.0004568816711,      0.7160727327,               100,               100,               100,     0.07248936946,       0.348751515,      -1.232049112,                 0,                 0,                 0,      -1.785419358,       0.348751515,      -1.232049112,                 0,      -3.532741965,  -7.882689997e-10,   2.734492961e-08,                 0
          0,           0,         448,      -8.355265079,      -6.855213799,      -7.496720312,      -5.495668754,      -7.513404838,      -5.669273583,      -7.602260061,        -3.1445987,         100,      -4.267186643,             100,      -5.425153883,                8,      -6.357322948,   0.0004558840839,      0.7161016984,               100,               100,               100,     0.07248936946,      0.3487287645,      -1.231954769,                 0,                 0,                 0,      -1.785290747,      0.3487287645,      -1.231954769,                 0,        -3.5327019,  -7.731581045e-10,   2.254080712e-08,                 0
          0,           0,         449,      -8.364311025,      -6.859975982,      -7.504526711,      -5.504714707,      -7.516657476,      -5.672753213,      -7.605585115,       -3.14280607,         100,      -4.239422359,             100,      -5.333583328,                8,      -6.349944121,   0.0004548935336,      0.7161298404,               100,               100,               100,     0.07248936946,      0.3487070703,      -1.231864089,                 0,                 0,                 0,      -1.785168755,      0.3487070703,      -1.231864089,                 0,      -3.532661634,   -8.15134324e-10,   2.616786483e-08,                 0
          0,           0,         450,       -8.37223217,      -6.864670312,      -7.512066975,      -5.512635847,      -7.519910259,       -5.67628729,      -7.608661095,      -3.139494639,         100,      -4.192748463,             100,      -5.378360525,                8,      -6.364217279,   0.0004539099664,      0.7161571132,               100,               100,               100,     0.07248936946,      0.3486870963,      -1.231779981,                 0,                 0,                 0,      -1.785055037,      0.3486870963,      -1.231779981,                 0,      -3.532622784,  -8.285084203e-10,   2.271960245e-08,                 0
          0,           0,         451,      -8.378939877,      -6.869324081,      -7.519380889,       -5.51934356,      -7.523162632,      -5.679981591,      -7.611570152,      -3.134947456,         100,      -4.211390328,             100,      -5.543910479,                8,      -6.357332504,   0.0004529333248,      0.7161834796,               100,               100,               100,     0.07248936946,      0.3486681103,      -1.231699411,                 0,                 0,                 0,      -1.784947658,      0.3486681103,      -1.231699411,                 0,      -3.532584066,  -7.734722993e-10,   2.104360352e-08,                 0
          0,           0,         452,      -8.384473053,      -6.873910817,      -7.526403449,      -5.524876736,      -7.526414355,       -5.68376802,       -7.61429349,      -3.129382783,         100,      -4.238401262,             100,      -5.398004645,                8,      -6.380409296,   0.0004519635502,      0.7162089067,               100,               100,               100,     0.07248936946,      0.3486507665,      -1.231625235,                 0,                 0,                 0,      -1.784848212,      0.3486507665,      -1.231625235,                 0,      -3.532547044,  -8.649214728e-10,   2.275575978e-08,                 0
          0,           0,         453,      -8.388798373,       -6.87845608,      -7.533170727,      -5.529202047,      -7.529664999,        -5.6877345,         -7.616918,      -3.123031081,         100,      -4.310939664,             100,       -5.46687088,                8,      -6.389196756,   0.0004510005891,      0.7162333701,               100,               100,               100,     0.07248936946,      0.3486343273,      -1.231554387,                 0,                 0,                 0,      -1.784754724,      0.3486343273,      -1.231554387,                 0,        -3.5325104,  -9.487903164e-10,   2.806377462e-08,                 0
          0,           0,         454,      -8.392010213,      -6.882934972,      -7.539620819,      -5.532413887,      -7.532914238,      -5.691818459,      -7.619433058,      -3.116048136,         100,      -4.237135506,             100,      -5.211714299,                8,      -6.257155285,   0.0004500443871,      0.7162568488,               100,               100,               100,     0.07248936946,      0.3486194401,      -1.231489684,                 0,                 0,                 0,      -1.784668744,      0.3486194401,      -1.231489684,                 0,      -3.532475653,  -9.662380717e-10,   3.088144321e-08,                 0
          0,           0,         455,      -8.394135236,      -6.887372338,      -7.545789503,      -5.534538919,      -7.536161955,       -5.69608746,       -7.62192647,      -3.108592655,         100,      -4.281404205,             100,      -5.299895109,                8,       -6.38250692,   0.0004490948908,      0.7162793294,               100,               100,               100,     0.07248936946,      0.3486053649,      -1.231428039,                 0,                 0,                 0,      -1.784588268,      0.3486053649,      -1.231428039,                 0,      -3.532441446,  -8.701412036e-10,   2.465815378e-08,                 0
          0,           0,         456,      -8.395307121,       -6.89174399,      -7.551615921,      -5.535710797,       -7.53940731,      -5.700482624,      -7.624393284,      -3.100761005,         100,      -4.282827097,             100,      -5.370748938,                8,      -6.405016538,   0.0004481520462,      0.7163008021,               100,               100,               100,     0.07248936946,      0.3485927447,      -1.231372238,                 0,                 0,                 0,      -1.784514817,      0.3485927447,      -1.231372238,                 0,      -3.532409256,  -6.499206375e-10,   2.036659188e-08,                 0
          0,           0,         457,      -8.395596369,      -6.896072772,      -7.557134363,      -5.536000041,      -7.542649998,      -5.705050824,      -7.626918531,      -3.092648506,         100,       -4.29011925,             100,      -5.284983955,                8,      -6.384226249,    0.000447215796,      0.7163212638,               100,               100,               100,     0.07248936946,      0.3485808389,       -1.23131918,                 0,                 0,                 0,      -1.784446373,      0.3485808389,       -1.23131918,                 0,      -3.532377694,  -6.008661076e-10,   1.685152433e-08,                 0
          0,           0,         458,      -8.395158363,        -6.9003371,      -7.562288551,      -5.535562043,      -7.545889744,       -5.70973658,      -7.629499976,      -3.084306912,         100,      -4.204830182,             100,      -5.133011167,                8,      -6.416686332,   0.0004462860898,      0.7163407142,               100,               100,               100,     0.07248936946,      0.3485702898,      -1.231271635,                 0,                 0,                 0,      -1.784384443,      0.3485702898,      -1.231271635,                 0,      -3.532348198,  -5.814514285e-10,   1.398837225e-08,                 0
          0,           0,         459,      -8.394087135,      -6.904557244,      -7.567111446,      -5.534490812,      -7.549126071,      -5.714565942,      -7.632216301,      -3.075788854,         100,       -4.22622501,             100,      -5.118694581,                8,      -6.391162668,   0.0004453628764,       0.716359159,               100,               100,               100,     0.07248936946,      0.3485603581,      -1.231226498,                 0,                 0,                 0,      -1.784327005,      0.3485603581,      -1.231226498,                 0,      -3.532319352,  -4.940615485e-10,   1.407633075e-08,                 0
          0,           0,         460,      -8.392536485,      -6.908712576,      -7.571552295,       -5.53294016,      -7.552358771,      -5.719485023,      -7.635065876,      -3.067113663,         100,      -4.252450484,             100,      -4.999065763,                8,      -6.437905311,   0.0004444461034,      0.7163766059,               100,               100,               100,     0.07248936946,       0.348551687,      -1.231186531,                 0,                 0,                 0,       -1.78427557,       0.348551687,      -1.231186531,                 0,      -3.532292561,   -3.80136849e-10,    1.25038463e-08,                 0
          0,           0,         461,      -8.390603311,      -6.912822279,      -7.575644835,      -5.531006989,      -7.555587487,      -5.724502162,      -7.638118202,      -3.058315107,         100,      -4.255520817,             100,      -5.035226035,                8,      -6.405774517,   0.0004435357203,      0.7163930682,               100,               100,               100,     0.07248936946,        0.34854354,      -1.231148631,                 0,                 0,                 0,      -1.784228121,        0.34854354,      -1.231148631,                 0,      -3.532266389,  -3.359082449e-10,   1.246889908e-08,                 0
          0,           0,         462,      -8.388425777,      -6.916867133,      -7.579347586,      -5.528829449,      -7.558811391,      -5.729566577,      -7.641369639,      -3.049395536,         100,      -4.219926111,             100,      -4.996767046,                8,      -6.445571525,   0.0004426316732,      0.7164085601,               100,               100,               100,     0.07248936946,      0.3485365619,      -1.231115558,                 0,                 0,                 0,      -1.784186171,      0.3485365619,      -1.231115558,                 0,      -3.532242217,  -2.857493112e-10,   1.256706641e-08,                 0
          0,           0,         463,      -8.386086937,      -6.920864108,      -7.582695618,      -5.526490606,       -7.56203025,      -5.734671484,      -7.644877801,      -3.040381146,         100,      -4.299510792,             100,      -5.125139343,                8,      -6.461917672,   0.0004417339124,      0.7164231007,               100,               100,               100,     0.07248936946,      0.3485300204,      -1.231084219,                 0,                 0,                 0,      -1.784147721,      0.3485300204,      -1.231084219,                 0,      -3.532218594,  -3.373890949e-10,   1.156260196e-08,                 0
          0,           0,         464,      -8.383698755,      -6.924795826,      -7.585658446,      -5.524102432,      -7.565243533,      -5.739771438,      -7.648635609,      -3.031275101,         100,      -4.340013843,             100,      -5.109657343,                8,      -6.464527913,   0.0004408423833,      0.7164367094,               100,               100,               100,     0.07248936946,      0.3485245636,      -1.231057377,                 0,                 0,                 0,      -1.784114301,      0.3485245636,      -1.231057377,                 0,      -3.532196883,  -2.992604077e-10,   1.152007982e-08,                 0
          0,           0,         465,      -8.381324958,      -6.928677959,      -7.588275038,       -5.52172863,      -7.568451399,      -5.744845794,      -7.652688373,      -3.022102159,         100,      -4.351139516,             100,      -5.204420099,                8,      -6.479461711,   0.0004399570382,      0.7164494097,               100,               100,               100,     0.07248936946,      0.3485194632,      -1.231031953,                 0,                 0,                 0,      -1.784083928,      0.3485194632,      -1.231031953,                 0,      -3.532175626,  -3.411239266e-10,   1.023520278e-08,                 0
          0,           0,         466,      -8.379046276,      -6.932494729,      -7.590527013,       -5.51944996,      -7.571653274,      -5.749856196,      -7.657025244,      -3.012874123,         100,      -4.322002595,             100,      -5.142188555,                8,      -6.489835194,   0.0004390778294,      0.7164612249,               100,               100,               100,     0.07248936946,      0.3485153705,      -1.231010719,                 0,                 0,                 0,      -1.784058149,      0.3485153705,      -1.231010719,                 0,      -3.532156177,  -3.641291065e-10,   1.057440207e-08,                 0
          0,           0,         467,      -8.376902781,      -6.936259085,       -7.59245546,      -5.517306461,       -7.57484812,      -5.754775667,      -7.661679514,       -3.00361913,         100,      -4.326423426,             100,      -5.046389126,                8,      -6.503718976,    0.000438204709,      0.7164721814,               100,               100,               100,     0.07248936946,      0.3485115616,      -1.230990608,                 0,                 0,                 0,      -1.784035003,      0.3485115616,      -1.230990608,                 0,      -3.532137076,  -3.893314893e-10,   1.161773958e-08,                 0
          0,           0,         468,      -8.374948895,      -6.939959062,      -7.594056242,       -5.51535258,      -7.578035322,       -5.75957572,      -7.666634109,      -2.994353126,         100,      -4.363053006,             100,      -5.071573342,                8,      -6.475927822,    0.000437337629,      0.7164823048,               100,               100,               100,     0.07248936946,      0.3485086914,      -1.230974406,                 0,                 0,                 0,      -1.784016055,      0.3485086914,      -1.230974406,                 0,      -3.532119675,  -4.632205795e-10,   1.288962048e-08,                 0
          0,           0,         469,       -8.37320143,      -6.943605081,       -7.59537155,        -5.5136051,      -7.581214171,      -5.764224699,      -7.671907936,       -2.98511703,         100,      -4.324012175,             100,      -5.019284704,                8,      -6.495200525,   0.0004364765448,       0.716491624,               100,               100,               100,     0.07248936946,      0.3485060398,       -1.23095906,                 0,                 0,                 0,      -1.783999369,      0.3485060398,       -1.23095906,                 0,      -3.532102516,  -4.910112858e-10,   1.379142182e-08,                 0
          0,           0,         470,      -8.371688241,      -6.947187223,      -7.596408282,      -5.512091911,      -7.584384353,      -5.768706754,      -7.677479766,      -2.975928955,         100,      -4.408781046,             100,      -5.065857414,                8,      -6.514504559,   0.0004356214075,      0.7165001659,               100,               100,               100,     0.07248936946,      0.3485042648,      -1.230947367,                 0,                 0,                 0,      -1.783986526,      0.3485042648,      -1.230947367,                 0,      -3.532086955,  -5.125998087e-10,   1.433915416e-08,                 0
          0,           0,         471,      -8.370408311,      -6.950714892,       -7.59721113,      -5.510811987,      -7.587545354,      -5.772988992,      -7.683356799,      -2.966830675,         100,      -4.415810979,             100,      -4.990244654,                8,      -6.547119492,   0.0004347721705,      0.7165079604,               100,               100,               100,     0.07248936946,      0.3485026493,       -1.23093629,                 0,                 0,                 0,      -1.783975608,      0.3485026493,       -1.23093629,                 0,      -3.532071542,  -4.506340565e-10,   1.299852353e-08,                 0
          0,           0,         472,      -8.369367057,      -6.954180107,      -7.597794724,      -5.509770735,       -7.59069672,      -5.777071551,      -7.689513176,      -2.957849237,         100,      -4.436818622,             100,      -5.059353777,                8,      -6.543472731,   0.0004339287881,      0.7165150352,               100,               100,               100,     0.07248936946,      0.3485018536,      -1.230928635,                 0,                 0,                 0,      -1.783968213,      0.3485018536,      -1.230928635,                 0,      -3.532057642,  -4.404671311e-10,   1.174575151e-08,                 0
          0,           0,         473,       -8.36855275,      -6.957591986,      -7.598206112,      -5.508956432,      -7.593837867,      -5.780922391,      -7.695944519,      -2.949029113,         100,      -4.453006087,             100,      -5.017827675,                8,        -6.5383142,   0.0004330912161,      0.7165214204,               100,               100,               100,     0.07248936946,      0.3485011632,      -1.230921378,                 0,                 0,                 0,      -1.783962437,      0.3485011632,      -1.230921378,                 0,      -3.532043815,  -3.958424077e-10,   1.120630072e-08,                 0
          0,           0,         474,      -8.367956051,      -6.960945093,      -7.598466942,      -5.508359733,      -7.596968309,      -5.784557359,        -7.7026204,      -2.940384683,         100,      -4.343938881,             100,      -5.065901636,                8,      -6.552019628,   0.0004322594089,      0.7165271438,               100,               100,               100,     0.07248936946,      0.3485012395,      -1.230917334,                 0,                 0,                 0,      -1.783959892,      0.3485012395,      -1.230917334,                 0,      -3.532031437,  -3.736926325e-10,   1.088980115e-08,                 0
          0,           0,         475,      -8.367555679,      -6.964247381,      -7.598620899,       -5.50795936,      -7.600087638,      -5.787944984,      -7.709527127,      -2.931982645,         100,      -4.356469263,             100,       -5.06982052,                8,      -6.576679215,   0.0004314333234,      0.7165322355,               100,               100,               100,     0.07248936946,      0.3485013694,      -1.230913487,                 0,                 0,                 0,      -1.783958684,      0.3485013694,      -1.230913487,                 0,      -3.532019083,  -3.395375803e-10,   9.379632342e-09,                 0
          0,           0,         476,       -8.36732947,      -6.967493934,      -7.598689853,      -5.507733147,      -7.603195295,      -5.791117778,      -7.716630544,      -2.923825245,         100,      -4.365429621,             100,      -5.153258192,                8,      -6.581851779,   0.0004306129145,      0.7165367229,               100,               100,               100,     0.07248936946,      0.3485022151,      -1.230912661,                 0,                 0,                 0,      -1.783960432,      0.3485022151,      -1.230912661,                 0,       -3.53200814,   -3.22962827e-10,   9.289125939e-09,                 0
          0,           0,         477,      -8.367255922,      -6.970693557,      -7.598715875,      -5.507659593,      -7.606290912,      -5.794046349,      -7.723908881,      -2.915954443,         100,      -4.364530465,             100,      -4.978462013,                8,      -6.601142614,   0.0004297981382,      0.7165406357,               100,               100,               100,     0.07248936946,      0.3485030636,      -1.230911843,                 0,                 0,                 0,      -1.783963247,      0.3485030636,      -1.230911843,                 0,      -3.531997196,  -2.543747978e-10,   7.366775216e-09,                 0
          0,           0,         478,      -8.367307177,      -6.973842606,      -7.598720596,      -5.507710855,      -7.609374021,      -5.796777932,       -7.73132536,      -2.908396319,         100,      -4.295360101,             100,      -5.067468631,                8,      -6.590613193,   0.0004289889562,       0.716544001,               100,               100,               100,     0.07248936946,      0.3485045768,      -1.230913862,                 0,                 0,                 0,      -1.783968752,      0.3485045768,      -1.230913862,                 0,      -3.531987653,  -2.162028627e-10,   6.134052374e-09,                 0
          0,           0,         479,      -8.367467577,      -6.976950551,       -7.59874425,      -5.507871255,      -7.612444259,      -5.799280541,       -7.73885348,      -2.901169309,         100,      -4.465402226,             100,      -5.177962644,                8,      -6.609213869,   0.0004281853251,      0.7165468477,               100,               100,               100,     0.07248936946,      0.3485060411,      -1.230915709,                 0,                 0,                 0,      -1.783975059,      0.3485060411,      -1.230915709,                 0,      -3.531978111,  -1.811767193e-10,   5.522564453e-09,                 0
          0,           0,         480,      -8.367704741,      -6.980013968,      -7.598802894,      -5.508108416,      -7.615501125,      -5.801614963,      -7.746455108,      -2.894301702,         100,      -4.399671462,             100,      -5.233183181,                8,      -6.593125316,   0.0004273872007,      0.7165492025,               100,               100,               100,     0.07248936946,      0.3485081175,       -1.23092021,                 0,                 0,                 0,      -1.783983789,      0.3485081175,       -1.23092021,                 0,      -3.531969982,  -1.521786069e-10,   4.780612011e-09,                 0
          0,           0,         481,      -8.368013056,      -6.983042478,      -7.598932702,      -5.508416737,      -7.618544446,      -5.803749804,      -7.754101286,      -2.887809322,         100,      -4.439826041,             100,      -5.213152208,                8,      -6.631106407,   0.0004265945431,      0.7165510937,               100,               100,               100,     0.07248936946,      0.3485100911,      -1.230924356,                 0,                 0,                 0,       -1.78399305,      0.3485100911,      -1.230924356,                 0,      -3.531961878,  -1.161329301e-10,   4.218583674e-09,                 0
          0,           0,         482,       -8.36836658,      -6.986034452,      -7.599149675,      -5.508770258,      -7.621573748,      -5.805750711,      -7.761755314,      -2.881706247,         100,      -4.399472511,             100,      -5.243080118,                8,      -6.637669478,   0.0004258073122,      0.7165525477,               100,               100,               100,     0.07248936946,      0.3485126213,      -1.230930972,                 0,                 0,                 0,      -1.784004458,      0.3485126213,      -1.230930972,                 0,      -3.531955221,   -1.51374041e-10,   4.800677664e-09,                 0
          0,           0,         483,      -8.368760239,      -6.988997337,      -7.599476972,      -5.509163921,      -7.624588898,      -5.807586014,       -7.76938913,      -2.876004438,         100,      -4.427269971,             100,      -5.161971642,                8,       -6.64756006,   0.0004250254679,      0.7165535923,               100,               100,               100,     0.07248936946,      0.3485149913,      -1.230937046,                 0,                 0,                 0,      -1.784016115,      0.3485149913,      -1.230937046,                 0,      -3.531948629,  -1.318929416e-10,   4.013199293e-09,                 0
          0,           0,         484,      -8.369179905,       -6.99193218,      -7.599932911,      -5.509583584,      -7.627589645,      -5.809326592,      -7.776968458,      -2.870713536,         100,      -4.514836302,             100,      -5.198143232,                8,       -6.65606256,   0.0004242489709,      0.7165542536,               100,               100,               100,     0.07248936946,      0.3485178589,      -1.230945397,                 0,                 0,                 0,      -1.784029628,      0.3485178589,      -1.230945397,                 0,      -3.531943532,  -8.841826505e-11,   3.205975619e-09,                 0
          0,           0,         485,      -8.369629901,      -6.994843656,      -7.600531104,      -5.510033585,      -7.630575887,      -5.810939659,      -7.784469637,      -2.865843831,         100,       -4.32986844,             100,      -5.212003804,                8,      -6.655444792,   0.0004234777795,      0.7165545593,               100,               100,               100,     0.07248936946,      0.3485205054,      -1.230953008,                 0,                 0,                 0,      -1.784043091,      0.3485205054,      -1.230953008,                 0,      -3.531938549,  -1.164458944e-10,   3.038936333e-09,                 0
          0,           0,         486,      -8.370104508,      -6.997735837,      -7.601290661,      -5.510508193,      -7.633547004,      -5.812496661,      -7.791863361,      -2.861392893,         100,      -4.485825778,             100,      -5.132952046,                8,      -6.665489014,   0.0004227118573,      0.7165545352,               100,               100,               100,     0.07248936946,      0.3485235868,      -1.230962694,                 0,                 0,                 0,      -1.784058102,      0.3485235868,      -1.230962694,                 0,      -3.531935113,  -6.782557184e-11,   2.940568246e-09,                 0
          0,           0,         487,      -8.370613255,      -7.000610115,      -7.602213323,      -5.511016928,      -7.636503081,      -5.813964355,      -7.799132771,      -2.857370551,         100,      -4.347092131,             100,      -4.965344735,                7,      -6.002723129,   0.0004219511649,       0.716554209,               100,               100,               100,     0.07248936946,      0.3485263825,      -1.230971429,                 0,                 0,                 0,      -1.784072747,      0.3485263825,      -1.230971429,                 0,      -3.531931844,  -3.998063368e-11,   2.595172418e-09,                 0
          0,           0,         488,      -8.371158489,      -7.003472707,      -7.603318992,      -5.511562176,       -7.63944371,      -5.815416389,      -7.806254092,      -2.853770629,         100,      -4.423329544,             100,      -5.032834834,                7,      -6.008489322,   0.0004211956671,      0.7165536066,               100,               100,               100,     0.07248936946,      0.3485295472,      -1.230982024,                 0,                 0,                 0,      -1.784088615,      0.3485295472,      -1.230982024,                 0,      -3.531930172,  -3.423394595e-11,   2.460860153e-09,                 0
          0,           0,         489,      -8.371756146,       -7.00632397,      -7.604603421,      -5.512159826,      -7.642368991,      -5.816812693,      -7.813220337,      -2.850593147,         100,      -4.381224673,             100,        -5.0382514,                7,      -6.013152595,   0.0004204453237,      0.7165527557,               100,               100,               100,     0.07248936946,      0.3485323589,      -1.230991446,                 0,                 0,                 0,      -1.784103782,      0.3485323589,      -1.230991446,                 0,      -3.531928713,  -1.322640542e-11,    1.99033308e-09,                 0
          0,           0,         490,       -8.37240908,      -7.009169317,      -7.606082109,      -5.512812775,      -7.645278584,      -5.818232053,      -7.820013696,      -2.847245734,         100,      -4.450203777,             100,      -5.057950543,                7,      -6.018600689,   0.0004197000959,      0.7165516822,               100,               100,               100,     0.07248936946,      0.3485354716,      -1.231002502,                 0,                 0,                 0,      -1.784119833,      0.3485354716,      -1.231002502,                 0,      -3.531928892,  -2.077914959e-11,   2.304335925e-09,                 0
          0,           0,         491,      -8.373140139,      -7.012008635,      -7.607748025,       -5.51354383,       -7.64817268,      -5.819630755,      -7.826637418,      -2.845430831,         100,      -4.347685048,             100,       -4.91648369,                7,      -6.022598007,   0.0004189599463,      0.7165504142,               100,               100,               100,     0.07248936946,      0.3485381625,      -1.231012153,                 0,                 0,                 0,      -1.784134838,      0.3485381625,      -1.231012153,                 0,      -3.531929313,  -8.532797091e-12,   2.214454109e-09,                 0
          0,           0,         492,      -8.373951894,      -7.014847564,       -7.60961446,      -5.514355597,      -7.651050941,      -5.821085756,      -7.833079879,      -2.843502682,         100,      -4.347236102,             100,      -5.076308077,                7,      -6.024654037,   0.0004182248411,      0.7165489777,               100,               100,               100,     0.07248936946,      0.3485410856,      -1.231023203,                 0,                 0,                 0,      -1.784150378,      0.3485410856,      -1.231023203,                 0,      -3.531931395,  -2.735081021e-11,   2.540089773e-09,                 0
          0,           0,         493,      -8.374867522,      -7.017684957,      -7.611669873,      -5.515271217,      -7.653913523,      -5.822549992,      -7.839354498,      -2.841828587,         100,      -4.388545305,             100,      -4.959674912,                7,      -6.028852725,   0.0004174947392,      0.7165474007,               100,               100,               100,     0.07248936946,      0.3485435183,      -1.231032609,                 0,                 0,                 0,       -1.78416452,      0.3485435183,      -1.231032609,                 0,      -3.531933731,  -5.738200917e-11,   3.008424687e-09,                 0
          0,           0,         494,      -8.375884959,      -7.020525748,      -7.613923867,      -5.516288679,      -7.656760156,      -5.824102526,      -7.845453349,      -2.840632782,         100,      -4.351246487,             100,      -4.868124769,                7,       -6.03210869,   0.0004167696084,      0.7165457093,               100,               100,               100,     0.07248936946,      0.3485461157,      -1.231043175,                 0,                 0,                 0,       -1.78417885,      0.3485461157,      -1.231043175,                 0,      -3.531937725,  -3.754038072e-11,   2.572790705e-09,                 0
          0,           0,         495,      -8.377029793,      -7.023367829,      -7.616363604,      -5.517433504,      -7.659591122,      -5.825692368,      -7.851399394,      -2.839871954,         100,      -4.395441021,             100,      -4.825543258,                7,      -6.034999684,   0.0004160494109,      0.7165439316,               100,               100,               100,     0.07248936946,      0.3485481564,      -1.231051857,                 0,                 0,                 0,      -1.784191435,      0.3485481564,      -1.231051857,                 0,      -3.531941956,   -4.47769818e-11,   2.066868852e-09,                 0
          0,           0,         496,      -8.378295466,      -7.026216287,      -7.618997137,      -5.518699172,      -7.662406071,      -5.827397992,      -7.857187225,      -2.838367507,         100,       -4.41894874,             100,      -4.895107063,                7,      -6.037623439,   0.0004153341108,      0.7165420936,               100,               100,               100,     0.07248936946,      0.3485502976,      -1.231061462,                 0,                 0,                 0,      -1.784203867,      0.3485502976,      -1.231061462,                 0,      -3.531947816,  -5.090635298e-11,    2.18669589e-09,                 0
          0,           0,         497,      -8.379701281,      -7.029067934,      -7.621807287,      -5.520104986,       -7.66520527,      -5.829167595,      -7.862846646,      -2.839552921,         100,      -4.418077741,             100,      -4.860833378,                7,      -6.039236996,   0.0004146236728,       0.716540223,               100,               100,               100,     0.07248936946,      0.3485518202,      -1.231068949,                 0,                 0,                 0,      -1.784214222,      0.3485518202,      -1.231068949,                 0,      -3.531953867,  -4.717706347e-11,    2.12607881e-09,                 0
          0,           0,         498,      -8.381239061,      -7.031927646,       -7.62480276,      -5.521642764,      -7.667988494,       -5.83107431,      -7.868372262,      -2.839604336,         100,      -4.362820225,             100,       -4.82692777,                7,      -6.042202303,    0.000413918059,      0.7165383454,               100,               100,               100,     0.07248936946,      0.3485533846,      -1.231077131,                 0,                 0,                 0,      -1.784224103,      0.3485533846,      -1.231077131,                 0,      -3.531961487,  -2.930217878e-11,   1.881273382e-09,                 0
          0,           0,         499,      -8.382925378,      -7.034791274,      -7.627963938,      -5.523329073,      -7.670755993,      -5.833066174,        -7.8737987,      -2.840192729,         100,      -4.355363467,             100,      -4.872247544,                7,      -6.042820594,   0.0004132172382,       0.716536488,               100,               100,               100,     0.07248936946,      0.3485542752,      -1.231082972,                 0,                 0,                 0,      -1.784231601,      0.3485542752,      -1.231082972,                 0,      -3.531969221,  -6.593593112e-12,   2.403395568e-09,                 0
          0,           0,         500,      -8.384747231,      -7.037663261,      -7.631298038,      -5.525150941,      -7.673507557,      -5.835210683,      -7.879118982,      -2.841186768,         100,      -4.349902638,             100,      -4.817912205,                7,       -6.04439884,   0.0004125211704,      0.7165346756,               100,               100,               100,     0.07248936946,      0.3485551567,      -1.231089296,                 0,                 0,                 0,      -1.784238336,      0.3485551567,      -1.231089296,                 0,      -3.531978433,  -1.320702207e-11,   1.810982783e-09,                 0
          0,           0,         501,      -8.386717318,      -7.040538426,      -7.634783752,      -5.527121027,      -7.676244047,      -5.837457356,      -7.884370639,      -2.842523601,         100,      -4.458406008,             100,      -4.888107131,                7,      -6.045178326,   0.0004118298243,      0.7165329344,               100,               100,               100,     0.07248936946,      0.3485553176,      -1.231093078,                 0,                 0,                 0,      -1.784242417,      0.3485553176,      -1.231093078,                 0,      -3.531987653,  -1.456564272e-11,   1.770040099e-09,                 0
          0,           0,         502,        -8.3888195,      -7.043421112,      -7.638427462,      -5.529223196,      -7.678964886,      -5.839866269,      -7.889542971,      -2.844176627,         100,       -4.43634077,             100,       -4.91161807,                7,      -6.045201556,   0.0004111431631,      0.7165312878,               100,               100,               100,     0.07248936946,      0.3485554279,      -1.231097155,                 0,                 0,                 0,      -1.784245488,      0.3485554279,      -1.231097155,                 0,      -3.531998231,  -8.628104965e-12,   5.700437608e-10,                 0
          0,           0,         503,      -8.391066163,      -7.046306323,      -7.642208585,      -5.531469851,      -7.681670131,       -5.84239049,      -7.894673139,      -2.846126979,         100,      -4.545472264,             100,      -4.884758959,                7,      -6.046458267,   0.0004104611512,      0.7165297607,               100,               100,               100,     0.07248936946,      0.3485547814,      -1.231098515,                 0,                 0,                 0,      -1.784245681,      0.3485547814,      -1.231098515,                 0,      -3.532008683,   -1.40160812e-12,   1.324341644e-09,                 0
          0,           0,         504,      -8.393440297,      -7.049198257,      -7.646133697,      -5.533843999,      -7.684359659,      -5.845078645,      -7.899746539,      -2.847032395,         100,      -4.521303506,             100,      -4.919828973,                7,      -6.046895297,    0.000409783755,      0.7165283748,               100,               100,               100,     0.07248936946,      0.3485540541,      -1.231100012,                 0,                 0,                 0,      -1.784244666,      0.3485540541,      -1.231100012,                 0,       -3.53202035,   2.138772181e-11,   1.402494035e-09,                 0
          0,           0,         505,      -8.395950558,      -7.052090505,      -7.650179183,      -5.536354262,      -7.687033902,      -5.847888901,      -7.904800004,      -2.850852029,         100,       -4.47164189,             100,      -4.912260514,                7,       -6.04526802,   0.0004091109392,      0.7165271529,               100,               100,               100,     0.07248936946,      0.3485525455,      -1.231098651,                 0,                 0,                 0,      -1.784240605,      0.3485525455,      -1.231098651,                 0,      -3.532031734,    3.28662077e-11,   1.602132955e-09,                 0
          0,           0,         506,      -8.398585081,      -7.054986776,       -7.65435157,       -5.53898879,      -7.689693032,      -5.850854739,      -7.909813879,      -2.853426379,         100,      -4.418193106,             100,      -4.895016267,                7,      -6.045396074,   0.0004084426734,      0.7165261146,               100,               100,               100,     0.07248936946,      0.3485509379,      -1.231097307,                 0,                 0,                 0,      -1.784235198,      0.3485509379,      -1.231097307,                 0,      -3.532044168,   3.254344619e-11,     1.8041743e-09,                 0
          0,           0,         507,      -8.401349103,      -7.057881436,      -7.658627951,      -5.541752804,       -7.69233724,      -5.853943672,      -7.914823763,      -2.856373045,         100,      -4.360659636,             100,      -4.915001705,                7,      -6.045018844,   0.0004077789207,      0.7165252802,               100,               100,               100,     0.07248936946,      0.3485485373,      -1.231093004,                 0,                 0,                 0,      -1.784226637,      0.3485485373,      -1.231093004,                 0,      -3.532056147,   1.717259444e-11,   1.267566243e-09,                 0
          0,           0,         508,      -8.404235696,      -7.060777055,      -7.663014882,      -5.544639403,      -7.694966253,      -5.857175512,      -7.919804788,      -2.859614775,         100,      -4.461786315,             100,      -4.903828622,                7,      -6.044314027,     0.00040711965,      0.7165246665,               100,               100,               100,     0.07248936946,      0.3485460326,      -1.231088637,                 0,                 0,                 0,      -1.784216655,      0.3485460326,      -1.231088637,                 0,         -3.532069,   2.802844063e-11,   1.876644952e-09,                 0
          0,           0,         509,      -8.407248155,      -7.063668124,      -7.667488089,      -5.547651864,      -7.697580536,      -5.860523303,      -7.924790894,      -2.863099903,         100,      -4.357168003,             100,      -4.937356747,                7,      -6.042501537,   0.0004064648263,       0.716524291,               100,               100,               100,     0.07248936946,      0.3485427362,      -1.231081252,                 0,                 0,                 0,      -1.784203476,      0.3485427362,      -1.231081252,                 0,      -3.532081217,   3.572083257e-11,   1.270837899e-09,                 0
          0,           0,         510,       -8.41038482,      -7.066557227,      -7.672053367,      -5.550788529,      -7.700179956,      -5.863994644,      -7.929752245,      -2.866798808,         100,      -4.458249908,             100,      -4.959211777,                7,      -6.041630344,   0.0004058144137,      0.7165241672,               100,               100,               100,     0.07248936946,      0.3485393437,      -1.231073768,                 0,                 0,                 0,       -1.78418887,      0.3485393437,      -1.231073768,                 0,      -3.532094123,   4.235060354e-11,   1.940704015e-09,                 0
          0,           0,         511,      -8.413648892,      -7.069439827,      -7.676689766,      -5.554052605,      -7.702765034,      -5.867565987,      -7.934721664,      -2.870332344,         100,      -4.608908725,             100,      -4.962832052,                7,       -6.04047478,   0.0004051683813,      0.7165243092,               100,               100,               100,     0.07248936946,      0.3485351736,      -1.231063252,                 0,                 0,                 0,      -1.784171092,      0.3485351736,      -1.231063252,                 0,      -3.532106212,   8.509111414e-11,   2.663736857e-09,                 0
          0,           0,         512,       -8.41704168,      -7.072315356,      -7.681398059,      -5.557445392,      -7.705335799,      -5.871240964,      -7.939665621,      -2.874764653,         100,      -4.370839031,             100,      -4.978742997,                7,      -6.037526858,   0.0004045266953,      0.7165247272,               100,               100,               100,     0.07248936946,      0.3485309282,      -1.231052647,                 0,                 0,                 0,      -1.784151945,      0.3485309282,      -1.231052647,                 0,      -3.532118808,   6.954812536e-11,   2.733033592e-09,                 0
          0,           0,         513,      -8.420573799,      -7.075184149,      -7.686168103,      -5.560977514,      -7.707892786,      -5.874998769,      -7.944615874,      -2.879042676,         100,      -4.450522248,             100,      -4.994253745,                7,      -6.036279051,   0.0004038893247,      0.7165254316,               100,               100,               100,     0.07248936946,      0.3485259319,      -1.231039042,                 0,                 0,                 0,      -1.784129717,      0.3485259319,      -1.231039042,                 0,      -3.532130409,   9.125485035e-11,   2.496410824e-09,                 0
          0,           0,         514,      -8.424242993,      -7.078041197,      -7.690990398,      -5.564646706,       -7.71043591,      -5.878824322,      -7.949536316,      -2.883457335,         100,      -4.467912569,             100,      -5.037748429,                7,      -6.034777055,   0.0004032562364,      0.7165264285,               100,               100,               100,     0.07248936946,      0.3485208927,      -1.231025403,                 0,                 0,                 0,      -1.784106243,      0.3485208927,      -1.231025403,                 0,      -3.532142346,   1.045081548e-10,   2.451654932e-09,                 0
          0,           0,         515,      -8.428056187,        -7.0808877,      -7.695856379,      -5.568459909,      -7.712966102,      -5.882716832,      -7.954458496,      -2.888014328,         100,      -4.419140063,             100,      -5.022254919,                7,      -6.032024064,   0.0004026273971,      0.7165277246,               100,               100,               100,     0.07248936946,      0.3485151404,      -1.231008841,                 0,                 0,                 0,      -1.784079842,      0.3485151404,      -1.231008841,                 0,      -3.532153122,   8.279796297e-11,   2.209970837e-09,                 0
          0,           0,         516,      -8.432021562,      -7.083720206,      -7.700763465,      -5.572425288,      -7.715483153,      -5.886643817,      -7.959343627,      -2.892697132,         100,      -4.405519244,             100,      -5.217661436,                7,      -6.029750766,   0.0004020027755,      0.7165293222,               100,               100,               100,     0.07248936946,      0.3485093879,      -1.230992342,                 0,                 0,                 0,      -1.784052375,      0.3485093879,      -1.230992342,                 0,       -3.53216408,   9.450143119e-11,   1.863531595e-09,                 0
          0,           0,         517,      -8.436139137,      -7.086540716,      -7.705704254,      -5.576542876,      -7.717987377,      -5.890616666,      -7.964224674,      -2.897493554,         100,      -4.435131739,             100,      -5.077667033,                7,      -6.026256277,   0.0004013823385,      0.7165312236,               100,               100,               100,     0.07248936946,      0.3485029698,      -1.230973035,                 0,                 0,                 0,       -1.78402219,      0.3485029698,      -1.230973035,                 0,      -3.532173732,   3.637721629e-11,    1.55135629e-09,                 0
          0,           0,         518,      -8.440418476,      -7.089342548,      -7.710665299,      -5.580822198,      -7.720478809,      -5.894589121,      -7.969061123,      -2.902385727,         100,      -4.328627733,             100,      -5.045230266,                7,      -6.025417824,   0.0004007660567,      0.7165334274,               100,               100,               100,     0.07248936946,      0.3484966029,      -1.230953926,                 0,                 0,                 0,      -1.783991172,      0.3484966029,      -1.230953926,                 0,      -3.532183431,   4.644596503e-11,   2.184564834e-09,                 0
          0,           0,         519,      -8.444856399,       -7.09213116,      -7.715645667,      -5.585260127,      -7.722958267,      -5.898583898,      -7.973887903,      -2.907355783,         100,      -4.383458636,             100,      -5.179983338,                7,      -6.023568179,   0.0004001538975,      0.7165359318,               100,               100,               100,     0.07248936946,      0.3484896259,      -1.230932165,                 0,                 0,                 0,      -1.783957694,      0.3484896259,      -1.230932165,                 0,      -3.532191704,   5.199674433e-11,   2.224711566e-09,                 0
          0,           0,         520,      -8.449459855,      -7.094898037,      -7.720629736,       -5.58986357,      -7.725425641,      -5.902544371,      -7.978664277,      -2.912390506,         100,      -4.499776807,             100,      -5.305493045,                7,      -6.020375592,   0.0003995458278,      0.7165387314,               100,               100,               100,     0.07248936946,      0.3484827581,      -1.230910769,                 0,                 0,                 0,      -1.783923656,      0.3484827581,      -1.230910769,                 0,      -3.532199917,   3.772731849e-11,   2.037796935e-09,                 0
          0,           0,         521,      -8.454219751,      -7.097649428,      -7.725620188,      -5.594623466,      -7.727881479,      -5.906513495,      -7.983427667,      -2.917474813,         100,      -4.373007316,             100,      -5.198384377,                7,      -6.017474326,   0.0003989418172,      0.7165418208,               100,               100,               100,     0.07248936946,      0.3484753405,      -1.230886902,                 0,                 0,                 0,      -1.783887449,      0.3484753405,      -1.230886902,                 0,      -3.532206613,    9.85994065e-11,   1.413571576e-09,                 0
          0,           0,         522,      -8.459146761,      -7.100376874,      -7.730601238,      -5.599550475,      -7.730325893,       -5.91041526,      -7.988134311,      -2.921057241,         100,      -4.356649886,             100,      -5.158029137,                7,      -6.016577591,   0.0003983418359,      0.7165451908,               100,               100,               100,     0.07248936946,      0.3484680948,      -1.230863594,                 0,                 0,                 0,       -1.78385099,      0.3484680948,      -1.230863594,                 0,      -3.532213171,   7.445664264e-12,   2.524776767e-09,                 0
          0,           0,         523,      -8.464219338,      -7.103088633,       -7.73557827,      -5.604623071,      -7.732759432,      -5.914306483,      -7.992826784,      -2.927893782,         100,      -4.370628746,             100,      -5.166478778,                7,      -6.012538359,   0.0003977458525,      0.7165488324,               100,               100,               100,     0.07248936946,      0.3484603636,      -1.230838022,                 0,                 0,                 0,      -1.783812681,      0.3484603636,      -1.230838022,                 0,      -3.532218153,   -1.70034889e-11,   2.379778473e-09,                 0
          0,           0,         524,      -8.469445447,      -7.105772503,      -7.740528333,      -5.609849168,      -7.735182154,      -5.918105367,      -7.997460296,      -2.932847034,         100,      -4.267587368,             100,      -5.135123822,                7,      -6.009668313,   0.0003971538363,      0.7165527331,               100,               100,               100,     0.07248936946,      0.3484528687,       -1.23081322,                 0,                 0,                 0,      -1.783774446,      0.3484528687,       -1.23081322,                 0,      -3.532222951,   2.384066031e-11,   2.124130709e-09,                 0
          0,           0,         525,      -8.474799181,       -7.10844117,      -7.745466201,      -5.615202907,      -7.737594715,      -5.921878499,      -8.002082052,      -2.937875705,         100,      -4.384869411,             100,      -5.163355565,                7,      -6.007817542,   0.0003965657566,      0.7165568807,               100,               100,               100,     0.07248936946,      0.3484449533,      -1.230786374,                 0,                 0,                 0,      -1.783734693,      0.3484449533,      -1.230786374,                 0,      -3.532226145,   9.088603989e-11,   2.852801729e-09,                 0
          0,           0,         526,      -8.480281353,      -7.111078246,      -7.750358558,       -5.62068507,      -7.739997118,      -5.925535102,      -8.006644976,      -2.942933573,         100,      -4.557081774,             100,      -5.092212925,                7,      -6.004990659,   0.0003959815834,        0.71656126,               100,               100,               100,     0.07248936946,      0.3484373387,      -1.230760522,                 0,                 0,                 0,      -1.783695348,      0.3484373387,      -1.230760522,                 0,      -3.532229142,   4.346468147e-11,    3.29148034e-09,                 0
          0,           0,         527,      -8.485859167,      -7.113699564,      -7.755227441,      -5.626262896,       -7.74239003,      -5.929163501,      -8.011202068,       -2.94797223,         100,      -4.384514602,             100,      -5.179771523,                7,      -6.002501693,   0.0003954012869,      0.7165658561,               100,               100,               100,     0.07248936946,      0.3484293675,      -1.230732852,                 0,                 0,                 0,       -1.78365482,      0.3484293675,      -1.230732852,                 0,      -3.532230537,   8.849757787e-11,   3.615916246e-09,                 0
          0,           0,         528,      -8.491536983,      -7.116289445,      -7.760040708,      -5.631940702,      -7.744773432,      -5.932657363,      -8.015702874,      -2.952957261,         100,       -4.41500507,             100,      -5.147012548,                7,      -6.000011802,   0.0003948248368,      0.7165706511,               100,               100,               100,     0.07248936946,      0.3484217594,      -1.230706402,                 0,                 0,                 0,      -1.783615032,      0.3484217594,      -1.230706402,                 0,      -3.532231753,   9.884670193e-11,   4.845919643e-09,                 0
          0,           0,         529,      -8.497268453,      -7.118862908,      -7.764818891,      -5.637672174,      -7.747147985,      -5.936111972,      -8.020206256,      -2.957875879,         100,      -4.360002238,             100,      -5.086029498,                8,      -6.669974532,   0.0003942522024,      0.7165756282,               100,               100,               100,     0.07248936946,      0.3484138554,      -1.230678361,                 0,                 0,                 0,      -1.783574387,      0.3484138554,      -1.230678361,                 0,        -3.5322314,   1.376679911e-10,   4.468121435e-09,                 0
          0,           0,         530,      -8.503055855,      -7.121402355,      -7.769524883,      -5.643459572,      -7.749513704,      -5.939422829,      -8.024657667,       -2.96271234,         100,      -4.475205789,             100,      -5.119905303,                8,      -6.667848059,    0.000393683355,       0.716580768,               100,               100,               100,     0.07248936946,      0.3484063725,      -1.230651759,                 0,                 0,                 0,      -1.783534798,      0.3484063725,      -1.230651759,                 0,      -3.532230913,   7.493833161e-11,   2.307755347e-09,                 0
          0,           0,         531,      -8.508849652,      -7.123925881,       -7.77418665,      -5.649253369,      -7.751871105,      -5.942693338,      -8.029120764,      -2.967460198,         100,      -4.355211013,             100,      -5.091606091,                8,      -6.661659092,   0.0003931182636,       0.716586052,               100,               100,               100,     0.07248936946,      0.3483986496,      -1.230623784,                 0,                 0,                 0,       -1.78349466,      0.3483986496,      -1.230623784,                 0,      -3.532228916,   9.203529992e-11,   4.566836856e-09,                 0
          0,           0,         532,         -8.514651,      -7.126414465,      -7.778763222,      -5.655054715,      -7.754220526,      -5.945813234,      -8.033535799,      -2.972106733,         100,      -4.328917141,             100,      -5.069762076,                8,      -6.651738644,   0.0003925568982,      0.7165914594,               100,               100,               100,     0.07248936946,      0.3483914002,      -1.230597459,                 0,                 0,                 0,      -1.783455874,      0.3483914002,      -1.230597459,                 0,      -3.532226854,   1.141941494e-10,   4.571657796e-09,                 0
          0,           0,         533,      -8.520407821,      -7.128887282,      -7.783289747,      -5.660811534,      -7.756562203,      -5.948891956,      -8.037971751,      -2.976645126,         100,      -4.366468388,             100,      -5.011146453,                8,      -6.663137174,   0.0003919992317,      0.7165969711,               100,               100,               100,     0.07248936946,      0.3483839603,      -1.230569964,                 0,                 0,                 0,      -1.783416818,      0.3483839603,      -1.230569964,                 0,      -3.532223362,   9.691521164e-11,   4.240540225e-09,                 0
          0,           0,         534,      -8.526119243,      -7.131323304,      -7.787718113,      -5.666522953,      -7.758896145,      -5.951819358,      -8.042362674,      -2.981066389,         100,      -4.343340185,             100,      -5.051176994,                8,      -6.647336423,   0.0003914452341,      0.7166025659,               100,               100,               100,     0.07248936946,      0.3483770395,      -1.230544309,                 0,                 0,                 0,      -1.783379375,      0.3483770395,      -1.230544309,                 0,      -3.532219893,   1.216395613e-10,   5.308909053e-09,                 0
          0,           0,         535,      -8.531733711,      -7.133744171,      -7.792084744,      -5.672137422,      -7.761222757,       -5.95470938,      -8.046781099,      -2.985367077,         100,      -4.250922039,             100,      -5.047103926,                8,      -6.662562443,   0.0003908948764,      0.7166082243,               100,               100,               100,     0.07248936946,      0.3483699703,      -1.230517667,                 0,                 0,                 0,      -1.783341911,      0.3483699703,      -1.230517667,                 0,      -3.532215093,   1.144881424e-10,   5.431184471e-09,                 0
          0,           0,         536,      -8.537254572,      -7.136127548,      -7.796340057,      -5.677658288,      -7.763542117,      -5.957453153,      -8.051153658,      -2.989540574,         100,      -4.273270699,             100,      -5.068509583,                8,      -6.658834958,   0.0003903481296,      0.7166139252,               100,               100,               100,     0.07248936946,      0.3483634581,      -1.230493035,                 0,                 0,                 0,      -1.783306287,      0.3483634581,      -1.230493035,                 0,      -3.532210416,   7.419368552e-11,   3.986754316e-09,                 0
          0,           0,         537,      -8.542629439,      -7.138495269,       -7.80052505,      -5.683033156,      -7.765854712,      -5.960162724,      -8.055556746,      -2.993583267,         100,      -4.420046486,             100,      -5.053674775,                8,      -6.658073378,   0.0003898049644,      0.7166196494,               100,               100,               100,     0.07248936946,      0.3483568321,      -1.230467576,                 0,                 0,                 0,      -1.783270849,      0.3483568321,      -1.230467576,                 0,      -3.532204517,   4.467840338e-11,   3.420939896e-09,                 0
          0,           0,         538,      -8.547863841,      -7.140825011,      -7.804590132,      -5.688267575,      -7.768160546,      -5.962735142,      -8.059909658,      -2.997491506,         100,      -4.341413075,             100,      -5.065179156,                8,      -6.655670522,   0.0003892653528,      0.7166253764,               100,               100,               100,     0.07248936946,      0.3483507924,       -1.23044427,                 0,                 0,                 0,      -1.783237437,      0.3483507924,       -1.23044427,                 0,      -3.532198853,   7.276811656e-11,    3.66950736e-09,                 0
          0,           0,         539,      -8.552913567,      -7.143139584,       -7.80858095,      -5.693317294,      -7.770459981,      -5.965281389,      -8.064291356,      -3.001266688,         100,      -4.346429399,             100,      -5.022457856,                8,      -6.663880995,   0.0003887292686,      0.7166310881,               100,               100,               100,     0.07248936946,      0.3483446648,      -1.230420267,                 0,                 0,                 0,      -1.783204376,      0.3483446648,      -1.230420267,                 0,      -3.532192081,   5.096278502e-11,   3.305718107e-09,                 0
          0,           0,         540,      -8.557789321,      -7.145415537,      -7.812445569,      -5.698193038,       -7.77275308,      -5.967701442,       -8.06861325,      -3.004904435,         100,      -4.461903965,             100,        -5.0105345,                8,      -6.662244566,   0.0003881966814,       0.716636765,               100,               100,               100,     0.07248936946,      0.3483391455,      -1.230398534,                 0,                 0,                 0,      -1.783173486,      0.3483391455,      -1.230398534,                 0,      -3.532185658,  -7.523945803e-13,   2.395440443e-09,                 0
          0,           0,         541,      -8.562446965,       -7.14767553,      -7.816228982,      -5.702850679,       -7.77504014,      -5.970104882,      -8.072956438,      -3.008407402,         100,      -4.362161552,             100,      -5.017746033,                8,      -6.661059927,   0.0003876675659,      0.7166423904,               100,               100,               100,     0.07248936946,       0.348333556,      -1.230376207,                 0,                 0,                 0,      -1.783143072,       0.348333556,      -1.230376207,                 0,      -3.532178241,  -1.291501228e-11,   2.466787592e-09,                 0
          0,           0,         542,      -8.566907743,      -7.149897354,      -7.819883512,      -5.707311454,      -7.777321103,      -5.972395926,      -8.077225325,      -3.011769404,         100,       -4.49482114,             100,       -5.03349467,                8,      -6.656654502,   0.0003871418938,      0.7166479463,               100,               100,               100,     0.07248936946,      0.3483285885,      -1.230356238,                 0,                 0,                 0,       -1.78311493,      0.3483285885,      -1.230356238,                 0,      -3.532171285,  -5.822999475e-11,   2.326200831e-09,                 0
          0,           0,         543,      -8.571132805,      -7.152102595,      -7.823453385,        -5.7115365,       -7.77959639,      -5.974683468,      -8.081502093,      -3.015000448,         100,      -4.244443267,             100,      -4.967490419,                8,      -6.652760519,    0.000386619637,      0.7166534178,               100,               100,               100,     0.07248936946,      0.3483235611,       -1.23033575,                 0,                 0,                 0,      -1.783087346,      0.3483235611,       -1.23033575,                 0,      -3.532163447,    -1.0805012e-10,   3.211906201e-09,                 0
          0,           0,         544,      -8.575150407,      -7.154270256,      -7.826893771,      -5.715554119,      -7.781865894,      -5.976875769,      -8.085684953,      -3.018091033,         100,      -4.234223761,             100,      -5.000883036,                8,      -6.659610221,   0.0003861007689,      0.7166587887,               100,               100,               100,     0.07248936946,      0.3483191618,      -1.230317678,                 0,                 0,                 0,      -1.783062095,      0.3483191618,      -1.230317678,                 0,      -3.532156175,  -1.361817987e-10,   5.148965696e-09,                 0
          0,           0,         545,        -8.5789266,      -7.156420806,       -7.83024697,       -5.71933029,      -7.784129889,      -5.979066827,      -8.089856473,      -3.021047575,         100,      -4.377066555,             100,      -4.970508091,                8,      -6.660840933,   0.0003855852626,      0.7166640461,               100,               100,               100,     0.07248936946,      0.3483147062,      -1.230299136,                 0,                 0,                 0,      -1.783037447,      0.3483147062,      -1.230299136,                 0,      -3.532148123,   -1.26473181e-10,    5.24288521e-09,                 0
          0,           0,         546,      -8.582487943,       -7.15853252,      -7.833466332,      -5.722891642,       -7.78638826,      -5.981184461,      -8.093910593,      -3.023868765,         100,      -4.408043488,             100,      -4.964566518,                8,      -6.656857167,   0.0003850730915,      0.7166691762,               100,               100,               100,     0.07248936946,      0.3483108784,      -1.230283042,                 0,                 0,                 0,      -1.783015156,      0.3483108784,      -1.230283042,                 0,      -3.532140734,  -1.686041903e-10,   5.612339078e-09,                 0
          0,           0,         547,      -8.585819737,       -7.16062719,      -7.836601124,      -5.726223449,      -7.788641448,      -5.983313521,      -8.097929456,      -3.026559855,         100,       -4.34810734,             100,      -4.958915404,                8,      -6.644983038,   0.0003845642278,      0.7166741681,               100,               100,               100,     0.07248936946,      0.3483069908,      -1.230266496,                 0,                 0,                 0,      -1.782993473,      0.3483069908,      -1.230266496,                 0,      -3.532132656,  -1.638439291e-10,   5.142644969e-09,                 0
          0,           0,         548,      -8.588947888,      -7.162683919,      -7.839604432,      -5.729351608,      -7.790889134,      -5.985388082,      -8.101804403,      -3.029116421,         100,      -4.320843522,             100,      -4.995462705,                8,      -6.653303109,   0.0003840586476,      0.7166790103,               100,               100,               100,     0.07248936946,      0.3483037252,      -1.230252408,                 0,                 0,                 0,      -1.782974138,      0.3483037252,      -1.230252408,                 0,      -3.532125323,  -1.568262619e-10,   5.446738331e-09,                 0
          0,           0,         549,      -8.591862433,      -7.164722838,      -7.842522868,      -5.732266124,      -7.793131725,      -5.987479807,      -8.105616806,      -3.031542069,         100,      -4.336439357,             100,      -5.020200459,                8,      -6.653230753,   0.0003835563203,      0.7166836941,               100,               100,               100,     0.07248936946,      0.3483003921,      -1.230237868,                 0,                 0,                 0,      -1.782955389,      0.3483003921,      -1.230237868,                 0,      -3.532117379,  -1.621991002e-10,   5.394136946e-09,                 0
          0,           0,         550,      -8.594590117,      -7.166723771,      -7.845311457,      -5.734993822,      -7.795368961,      -5.989533047,      -8.109256451,      -3.033836039,         100,      -4.362367412,             100,      -5.090211049,                8,      -6.640765917,   0.0003830572213,      0.7166882105,               100,               100,               100,     0.07248936946,      0.3482976705,      -1.230225772,                 0,                 0,                 0,      -1.782938953,      0.3482976705,      -1.230225772,                 0,      -3.532110249,  -1.558646983e-10,   5.289720636e-09,                 0
          0,           0,         551,       -8.59712575,      -7.168705468,      -7.848013887,      -5.737529467,      -7.797601207,       -5.99161064,      -8.112803254,      -3.035998913,         100,      -4.160971875,             100,      -5.041906042,                8,      -6.657234553,    0.000382561323,      0.7166925531,               100,               100,               100,     0.07248936946,      0.3482948688,      -1.230213202,                 0,                 0,                 0,      -1.782923052,      0.3482948688,      -1.230213202,                 0,      -3.532102571,  -1.604382675e-10,   4.934526927e-09,                 0
          0,           0,         552,      -8.599501897,      -7.170650916,      -7.850593692,      -5.739905615,       -7.79982836,      -5.993658676,      -8.116150352,      -3.038027083,         100,      -4.391150392,             100,      -5.202799676,                8,      -6.656792364,    0.000382068602,       0.716696715,               100,               100,               100,     0.07248936946,      0.3482926651,      -1.230203046,                 0,                 0,                 0,      -1.782909405,      0.3482926651,      -1.230203046,                 0,      -3.532095761,  -9.918337496e-11,   3.655255459e-09,                 0
          0,           0,         553,      -8.601709049,      -7.172574838,      -7.853083855,      -5.742112759,      -7.802050554,      -5.995733147,      -8.119374588,       -3.03979741,         100,      -4.289780077,             100,      -5.125314729,                8,      -6.650545154,   0.0003815790312,      0.7167006922,               100,               100,               100,     0.07248936946,      0.3482903663,       -1.23019238,                 0,                 0,                 0,      -1.782896227,      0.3482903663,       -1.23019238,                 0,      -3.532088449,  -1.096272952e-10,   3.890092217e-09,                 0
          0,           0,         554,       -8.60378487,      -7.174463393,      -7.855456611,      -5.744188595,      -7.804267694,      -5.997792626,      -8.122373434,      -3.041421754,         100,      -4.338081582,             100,      -5.100185284,                8,      -6.639223006,   0.0003810925859,      0.7167044799,               100,               100,               100,     0.07248936946,      0.3482886487,      -1.230184082,                 0,                 0,                 0,      -1.782885224,      0.3482886487,      -1.230184082,                 0,      -3.532082044,  -1.173868202e-10,   4.712917737e-09,                 0
          0,           0,         555,      -8.605728159,      -7.176330156,      -7.857743515,       -5.74613187,      -7.806480071,      -5.999873914,      -8.125220393,      -3.043026616,         100,      -4.308343195,             100,      -5.242855539,                8,      -6.656591353,   0.0003806092409,      0.7167080761,               100,               100,               100,     0.07248936946,       0.348286819,      -1.230175225,                 0,                 0,                 0,      -1.782874608,       0.348286819,      -1.230175225,                 0,      -3.532075169,  -1.215039064e-10,   4.550415941e-09,                 0
          0,           0,         556,      -8.607566641,      -7.178161525,      -7.859914811,      -5.747970343,      -7.808687315,      -6.001945168,      -8.127819113,      -3.044511144,         100,      -4.292062075,             100,      -5.233904944,                8,      -6.637443109,   0.0003801289702,      0.7167114781,               100,               100,               100,     0.07248936946,      0.3482855526,      -1.230168682,                 0,                 0,                 0,       -1.78286608,      0.3482855526,      -1.230168682,                 0,      -3.532069227,  -1.071704672e-10,     4.2425858e-09,                 0
          0,           0,         557,      -8.609304584,      -7.179970347,      -7.862000962,      -5.749708291,      -7.810889928,      -6.004029768,       -8.13023905,      -3.045861612,         100,      -4.353083761,             100,      -5.195704775,                8,      -6.662618548,    0.000379651749,       0.716714686,               100,               100,               100,     0.07248936946,      0.3482841561,      -1.230161523,                 0,                 0,                 0,      -1.782857847,      0.3482841561,      -1.230161523,                 0,      -3.532062833,  -1.176368168e-10,   4.089445908e-09,                 0
          0,           0,         558,      -8.610966644,      -7.181743891,      -7.863975603,      -5.751370369,       -7.81308753,      -6.006109594,      -8.132392584,      -3.047072797,         100,      -4.248614289,             100,      -5.172659038,                8,      -6.665010691,   0.0003791775533,      0.7167176985,               100,               100,               100,     0.07248936946,      0.3482833043,      -1.230156616,                 0,                 0,                 0,      -1.782851606,      0.3482833043,      -1.230156616,                 0,      -3.532057383,  -1.123113567e-10,   3.545078422e-09,                 0
          0,           0,         559,        -8.6125625,       -7.18349463,      -7.865868535,      -5.752966198,      -7.815280481,      -6.008191249,      -8.134343617,      -3.048142341,         100,      -4.308429166,             100,        -5.1261576,                8,      -6.664491791,   0.0003787063597,      0.7167205175,               100,               100,               100,     0.07248936946,       0.348282304,       -1.23015103,                 0,                 0,                 0,      -1.782845565,       0.348282304,       -1.23015103,                 0,      -3.532051489,   -1.12456316e-10,   3.341443448e-09,                 0
          0,           0,         560,      -8.614108702,      -7.185210545,      -7.867654165,      -5.754512391,      -7.817468475,      -6.010265271,      -8.136014684,      -3.049069569,         100,      -4.245402701,             100,      -5.170614779,                8,      -6.659107583,   0.0003782381431,      0.7167231434,               100,               100,               100,     0.07248936946,        0.34828183,      -1.230147633,                 0,                 0,                 0,      -1.782841419,        0.34828183,      -1.230147633,                 0,       -3.53204654,  -9.993587023e-11,    3.55857219e-09,                 0
          0,           0,         561,      -8.615617138,      -7.186902541,      -7.869359392,      -5.756020827,      -7.819651886,      -6.012327438,      -8.137463784,      -3.049852159,         100,      -4.365139633,             100,      -5.081988615,                8,        -6.6499757,   0.0003777728793,      0.7167255792,               100,               100,               100,     0.07248936946,      0.3482811895,      -1.230143491,                 0,                 0,                 0,      -1.782837377,      0.3482811895,      -1.230143491,                 0,      -3.532041145,  -1.198962666e-10,   3.729072854e-09,                 0
          0,           0,         562,      -8.617100215,      -7.188560299,      -7.870962499,      -5.757503895,      -7.821830863,      -6.014376051,      -8.138624853,      -3.050489994,         100,      -4.253633207,             100,      -5.202414217,                8,      -6.650192784,   0.0003773105463,      0.7167278268,               100,               100,               100,     0.07248936946,      0.3482810574,      -1.230141472,                 0,                 0,                 0,      -1.782835134,      0.3482810574,      -1.230141472,                 0,      -3.532036687,  -1.199363958e-10,   4.222039861e-09,                 0
          0,           0,         563,       -8.61857289,      -7.190193833,      -7.872489743,      -5.758976588,      -7.824005255,      -6.016395875,      -8.139550224,      -3.050980163,         100,       -4.42762568,             100,      -5.165223687,                8,      -6.653696769,   0.0003768511197,      0.7167298904,               100,               100,               100,     0.07248936946,      0.3482807415,      -1.230138645,                 0,                 0,                 0,      -1.782832899,      0.3482807415,      -1.230138645,                 0,      -3.532031774,  -1.079881995e-10,   3.280937866e-09,                 0
          0,           0,         564,      -8.620039707,      -7.191793555,      -7.873920635,      -5.760443399,      -7.826174683,        -6.0183956,      -8.140185168,      -3.051326938,         100,       -4.40033892,             100,      -5.164512284,                8,      -6.673025162,   0.0003763945774,      0.7167317728,               100,               100,               100,     0.07248936946,      0.3482809173,      -1.230137877,                 0,                 0,                 0,      -1.782832372,      0.3482809173,      -1.230137877,                 0,      -3.532027786,  -1.009725278e-10,   2.896804199e-09,                 0
          0,           0,         565,      -8.621516579,      -7.193368257,      -7.875279041,      -5.761920273,      -7.828339519,      -6.020355365,      -8.140573175,      -3.051528127,         100,      -4.327841726,             100,      -5.191956961,                8,      -6.667249766,   0.0003759408966,      0.7167334791,               100,               100,               100,     0.07248936946,      0.3482808929,      -1.230136238,                 0,                 0,                 0,      -1.782831763,      0.3482808929,      -1.230136238,                 0,      -3.532023327,  -1.052061421e-10,   3.021002554e-09,                 0
          0,           0,         566,      -8.623007546,      -7.194911922,      -7.876553416,      -5.763411251,       -7.83049939,      -6.022282955,      -8.140672341,      -3.051588316,         100,      -4.306384769,             100,      -5.093340254,                8,      -6.676023108,   0.0003754900545,      0.7167350128,               100,               100,               100,     0.07248936946,      0.3482813445,      -1.230136597,                 0,                 0,                 0,      -1.782832775,      0.3482813445,      -1.230136597,                 0,      -3.532019778,  -9.690662193e-11,   3.114314663e-09,                 0
          0,           0,         567,      -8.624521299,      -7.196428886,      -7.877757859,      -5.764924998,      -7.832654806,      -6.024154847,      -8.140520808,      -3.051510393,         100,      -4.254827826,             100,      -5.085390173,                8,       -6.67297351,   0.0003750420294,      0.7167363799,               100,               100,               100,     0.07248936946,       0.348281581,      -1.230136027,                 0,                 0,                 0,      -1.782833622,       0.348281581,      -1.230136027,                 0,      -3.532015741,  -9.793829079e-11,   3.021482786e-09,                 0
          0,           0,         568,      -8.626058423,        -7.1979153,      -7.878886453,      -5.766462126,       -7.83480524,      -6.025985649,      -8.140088411,      -3.051293547,         100,      -4.304852255,             100,       -5.14012791,                8,      -6.673360224,   0.0003745967993,      0.7167375844,               100,               100,               100,     0.07248936946,       0.348282279,      -1.230137397,                 0,                 0,                 0,      -1.782836008,       0.348282279,      -1.230137397,                 0,      -3.532012597,  -8.619050129e-11,   2.724691352e-09,                 0
          0,           0,         569,      -8.627628072,      -7.199375875,      -7.879953685,       -5.76803177,      -7.836951231,      -6.027752142,      -8.139407536,      -3.050948978,         100,      -4.336758241,             100,      -5.114719086,                8,      -6.681062494,   0.0003741543407,      0.7167386325,               100,               100,               100,     0.07248936946,      0.3482827479,      -1.230137782,                 0,                 0,                 0,      -1.782838151,      0.3482827479,      -1.230137782,                 0,      -3.532008949,  -6.966844291e-11,   2.481958959e-09,                 0
          0,           0,         570,      -8.629228653,       -7.20080762,      -7.880957465,      -5.769632362,      -7.839092413,      -6.029473745,      -8.138460013,      -3.050479584,         100,      -4.273841485,             100,      -5.144565738,                8,      -6.679314735,   0.0003737146329,      0.7167395289,               100,               100,               100,     0.07248936946,      0.3482836648,      -1.230140056,                 0,                 0,                 0,      -1.782841759,      0.3482836648,      -1.230140056,                 0,      -3.532006177,  -6.751509784e-11,   1.929720774e-09,                 0
          0,           0,         571,      -8.630865824,      -7.202213587,      -7.881908307,      -5.771269535,      -7.841229197,      -6.031117552,      -8.137273077,      -3.049887998,         100,      -4.330718653,             100,      -5.033048018,                8,      -6.681678533,   0.0003732776531,      0.7167402799,               100,               100,               100,     0.07248936946,      0.3482843398,      -1.230141293,                 0,                 0,                 0,      -1.782845052,      0.3482843398,      -1.230141293,                 0,      -3.532002886,  -3.882298709e-11,    1.67825198e-09,                 0
          0,           0,         572,      -8.632531676,      -7.203592697,      -7.882808547,      -5.772935378,      -7.843361255,      -6.032714796,      -8.135839917,      -3.049189887,         100,       -4.28699168,             100,      -5.058268019,                8,      -6.667380589,   0.0003728433814,      0.7167408903,               100,               100,               100,     0.07248936946,      0.3482854503,       -1.23014437,                 0,                 0,                 0,      -1.782849741,      0.3482854503,       -1.23014437,                 0,      -3.532000457,  -2.530953529e-11,   1.506283768e-09,                 0
          0,           0,         573,       -8.63423542,      -7.204946579,      -7.883667002,      -5.774639114,      -7.845489187,          -6.03423,      -8.134183308,      -3.048389683,         100,      -4.284261232,             100,      -4.996557658,                7,      -6.001491369,   0.0003724117948,      0.7167413669,               100,               100,               100,     0.07248936946,      0.3482863066,      -1.230146363,                 0,                 0,                 0,      -1.782854048,      0.3482863066,      -1.230146363,                 0,      -3.531997497,  -3.885805059e-11,   1.611040349e-09,                 0
          0,           0,         574,      -8.635965205,      -7.206275396,      -7.884487913,      -5.776368897,      -7.847612617,      -6.035698544,      -8.132306291,      -3.047497818,         100,      -4.336217257,             100,      -5.036472169,                7,       -6.00380127,   0.0003719828726,      0.7167417143,               100,               100,               100,     0.07248936946,      0.3482875866,       -1.23015015,                 0,                 0,                 0,      -1.782859687,      0.3482875866,       -1.23015015,                 0,      -3.531995388,  -4.373844249e-11,   1.444999459e-09,                 0
          0,           0,         575,      -8.637728396,      -7.207579553,       -7.88527694,      -5.778132093,       -7.84973175,      -6.037087634,      -8.130228732,       -3.04652788,         100,      -4.195665825,             100,      -5.031284586,                7,      -6.007007538,   0.0003715565921,      0.7167419395,               100,               100,               100,     0.07248936946,      0.3482886007,      -1.230152809,                 0,                 0,                 0,      -1.782864881,      0.3482886007,      -1.230152809,                 0,       -3.53199274,  -3.484003679e-11,   1.287377251e-09,                 0
          0,           0,         576,      -8.639511304,      -7.208860941,      -7.886042357,      -5.779915005,      -7.851846177,      -6.038432636,       -8.12796039,      -3.045484654,         100,      -4.196165819,             100,       -5.02736424,                7,      -6.009047538,   0.0003711329333,      0.7167420471,               100,               100,               100,     0.07248936946,       0.348290027,      -1.230157219,                 0,                 0,                 0,      -1.782871344,       0.348290027,      -1.230157219,                 0,      -3.531990938,  -3.782907272e-11,   1.331594688e-09,                 0
          0,           0,         577,      -8.641321731,      -7.210119231,      -7.886787918,      -5.781725427,      -7.853956483,      -6.039695983,      -8.125518792,      -3.044381042,         100,       -4.39593975,             100,      -5.032736053,                7,       -6.01299898,   0.0003707118739,      0.7167420438,               100,               100,               100,     0.07248936946,       0.348291176,       -1.23016046,                 0,                 0,                 0,      -1.782877303,       0.348291176,       -1.23016046,                 0,      -3.531988591,  -2.687853616e-11,   1.185047501e-09,                 0
          0,           0,         578,      -8.643141204,      -7.211356126,      -7.887521006,      -5.783544917,      -7.856062182,        -6.0409306,      -8.122920373,      -3.043235787,         100,      -4.173455892,             100,      -5.048218013,                7,      -6.015645184,   0.0003702933946,      0.7167419346,               100,               100,               100,     0.07248936946,      0.3482927259,       -1.23016541,                 0,                 0,                 0,      -1.782884472,      0.3482927259,       -1.23016541,                 0,      -3.531987087,  -2.535133124e-11,   9.216174543e-10,                 0
          0,           0,         579,      -8.644986065,      -7.212572571,      -7.888248808,      -5.785389753,      -7.858163863,       -6.04209172,      -8.120180535,      -3.042052889,         100,      -4.188879917,             100,      -5.035811743,                7,      -6.018376831,    0.000369877473,      0.7167417259,               100,               100,               100,     0.07248936946,      0.3482939868,      -1.230169151,                 0,                 0,                 0,      -1.782891077,      0.3482939868,      -1.230169151,                 0,      -3.531985039,   5.443087739e-13,   1.601035751e-09,                 0
          0,           0,         580,      -8.646832749,      -7.213770341,      -7.888977802,      -5.787236443,      -7.860261077,      -6.043222595,      -8.117320325,      -3.040843595,         100,      -4.337964936,             100,      -5.005325214,                7,      -6.021261571,   0.0003694640893,      0.7167414226,               100,               100,               100,     0.07248936946,       0.348295637,       -1.23017456,                 0,                 0,                 0,      -1.782898833,       0.348295637,       -1.23017456,                 0,      -3.531983836,   1.071345129e-11,   1.434844344e-09,                 0
          0,           0,         581,      -8.648693516,      -7.214947657,      -7.889707427,      -5.789097221,      -7.862354453,      -6.044295354,      -8.114354077,      -3.039628846,         100,      -4.183307981,             100,      -5.025478156,                7,      -6.023351098,   0.0003690532238,      0.7167410313,               100,               100,               100,     0.07248936946,      0.3482969866,      -1.230178719,                 0,                 0,                 0,      -1.782905965,      0.3482969866,      -1.230178719,                 0,      -3.531982091,  -3.712829673e-12,   1.169300702e-09,                 0
          0,           0,         582,      -8.650554438,      -7.216109951,      -7.890453828,      -5.790958125,      -7.864443469,      -6.045353649,      -8.111304644,      -3.038411698,         100,      -4.203218429,             100,      -5.040470087,                7,      -6.027760199,   0.0003686448547,      0.7167405565,               100,               100,               100,     0.07248936946,      0.3482987135,      -1.230184507,                 0,                 0,                 0,      -1.782914188,      0.3482987135,      -1.230184507,                 0,      -3.531981196,  -1.024088048e-11,   8.270224595e-10,                 0
          0,           0,         583,      -8.652425447,      -7.217254068,      -7.891210353,      -5.792829131,      -7.866528791,      -6.046356666,      -8.108184779,      -3.037204939,         100,      -4.330388754,             100,      -5.023587591,                7,      -6.029769008,   0.0003682389621,      0.7167400049,               100,               100,               100,     0.07248936946,      0.3483001276,      -1.230189003,                 0,                 0,                 0,      -1.782921726,      0.3483001276,      -1.230189003,                 0,      -3.531979764,  -9.736387315e-12,   1.120884138e-09,                 0
          0,           0,         584,      -8.654289004,      -7.218384344,      -7.891990472,      -5.794692721,       -7.86860991,      -6.047363147,      -8.105018544,      -3.036024409,         100,      -4.216670358,             100,       -4.98820037,                7,      -6.032975248,   0.0003678355275,      0.7167393809,               100,               100,               100,     0.07248936946,      0.3483019069,      -1.230195086,                 0,                 0,                 0,      -1.782930293,      0.3483019069,      -1.230195086,                 0,      -3.531979188,  -6.954774982e-12,   6.727646994e-10,                 0
          0,           0,         585,      -8.656165999,      -7.219499257,       -7.89279234,      -5.796569711,      -7.870687497,      -6.048328765,      -8.101816888,       -3.03487904,         100,      -4.224109969,             100,      -4.989522723,                7,      -6.036102576,   0.0003674345307,      0.7167386912,               100,               100,               100,     0.07248936946,      0.3483033606,      -1.230199836,                 0,                 0,                 0,      -1.782938113,      0.3483033606,      -1.230199836,                 0,      -3.531978083,  -9.138059702e-12,   8.074380528e-10,                 0
          0,           0,         586,      -8.658033355,      -7.220602672,      -7.893625944,      -5.798437059,      -7.872760993,       -6.04930653,       -8.09860303,      -3.033776453,         100,      -4.237616811,             100,      -5.021390258,                7,      -6.038740094,   0.0003670359539,      0.7167379402,               100,               100,               100,     0.07248936946,      0.3483051667,      -1.230206131,                 0,                 0,                 0,      -1.782946898,      0.3483051667,      -1.230206131,                 0,      -3.531977841,  -7.426031779e-12,    6.23627697e-10,                 0
          0,           0,         587,      -8.659912472,      -7.221692005,      -7.894485305,      -5.800316158,      -7.874831013,       -6.05025757,      -8.095386057,      -3.032727974,         100,       -4.30887868,             100,       -4.99281816,                7,      -6.041086545,   0.0003666397757,      0.7167371344,               100,               100,               100,     0.07248936946,      0.3483066345,      -1.230211048,                 0,                 0,                 0,      -1.782954871,      0.3483066345,      -1.230211048,                 0,      -3.531977075,   3.573235139e-12,   1.902928558e-09,                 0
          0,           0,         588,      -8.661785435,       -7.22277271,      -7.895384833,      -5.802189123,      -7.876897136,      -6.051232551,       -8.09218743,      -3.031739505,         100,      -4.370935117,             100,      -5.019734487,                7,      -6.043796321,   0.0003662459789,      0.7167362783,               100,               100,               100,     0.07248936946,      0.3483084414,      -1.230217467,                 0,                 0,                 0,      -1.782963743,      0.3483084414,      -1.230217467,                 0,      -3.531977181,  -5.036607808e-12,   6.020191198e-10,                 0
          0,           0,         589,      -8.663672838,       -7.22384101,      -7.896314574,      -5.804076533,      -7.878959971,      -6.052190278,      -8.089014624,        -3.0308214,         100,      -4.346719582,             100,      -4.986690533,                7,      -6.045975377,   0.0003658545434,      0.7167353785,               100,               100,               100,     0.07248936946,      0.3483098967,      -1.230222463,                 0,                 0,                 0,      -1.782971737,      0.3483098967,      -1.230222463,                 0,      -3.531976768,   8.750971689e-12,   1.310850031e-09,                 0
          0,           0,         590,      -8.665557049,      -7.224902868,      -7.897289986,      -5.805960754,      -7.881018987,      -6.053188772,      -8.085886511,      -3.029982926,         100,      -4.290878056,             100,      -4.996773044,                7,        -6.0478729,   0.0003654654521,      0.7167344393,               100,               100,               100,     0.07248936946,      0.3483116779,      -1.230228915,                 0,                 0,                 0,      -1.782980563,      0.3483116779,      -1.230228915,                 0,       -3.53197723,   1.784957124e-11,   1.519501727e-09,                 0
          0,           0,         591,      -8.667462643,      -7.225953992,      -7.898299588,      -5.807866348,      -7.883074839,      -6.054176221,      -8.082808314,      -3.029227306,         100,      -4.329774675,             100,      -5.022197132,                7,      -6.050911043,    0.000365078686,      0.7167334672,               100,               100,               100,     0.07248936946,       0.348313094,      -1.230233899,                 0,                 0,                 0,      -1.782988443,       0.348313094,      -1.230233899,                 0,      -3.531977177,   1.869207201e-11,    1.48108384e-09,                 0
          0,           0,         592,      -8.669365745,      -7.226999932,      -7.899355747,      -5.809769454,      -7.885126925,      -6.055216984,      -8.079796093,      -3.028565188,         100,      -4.224687267,             100,      -5.002648331,                7,      -6.053344353,   0.0003646942268,      0.7167324667,               100,               100,               100,     0.07248936946,       0.348314823,      -1.230240292,                 0,                 0,                 0,      -1.782997087,       0.348314823,      -1.230240292,                 0,      -3.531978002,   2.128981533e-11,   1.464821851e-09,                 0
          0,           0,         593,      -8.671296624,      -7.228036752,      -7.900448661,      -5.811700317,       -7.88717604,      -6.056259741,      -8.076853331,      -3.027998223,         100,       -4.20936101,             100,      -5.039354483,                7,      -6.054649101,    0.000364312057,      0.7167314442,               100,               100,               100,     0.07248936946,      0.3483161737,      -1.230245171,                 0,                 0,                 0,      -1.783004717,      0.3483161737,      -1.230245171,                 0,       -3.53197831,   3.084247064e-11,    1.95354181e-09,                 0
          0,           0,         594,       -8.67323266,      -7.229070552,      -7.901591564,      -5.813636361,      -7.889221425,      -6.057361641,      -8.073992688,       -3.02753162,         100,      -4.244456415,             100,      -5.022405324,                7,      -6.057539548,   0.0003639321588,      0.7167304041,               100,               100,               100,     0.07248936946,      0.3483178244,      -1.230251413,                 0,                 0,                 0,      -1.783013044,      0.3483178244,      -1.230251413,                 0,      -3.531979493,   2.281440003e-11,   2.044661733e-09,                 0
          0,           0,         595,      -8.675199811,       -7.23009567,      -7.902769441,      -5.815603495,      -7.891263943,       -6.05847544,      -8.071216028,       -3.02717045,         100,      -4.243481934,             100,      -4.997450433,                7,       -6.06030329,   0.0003635545145,      0.7167293528,               100,               100,               100,     0.07248936946,      0.3483190844,      -1.230256094,                 0,                 0,                 0,      -1.783020292,      0.3483190844,      -1.230256094,                 0,      -3.531980156,    1.71077928e-11,   1.848969892e-09,                 0
          0,           0,         596,      -8.677175955,      -7.231118822,      -7.903997093,      -5.817579656,      -7.893302884,        -6.0596561,      -8.068533449,      -3.026917353,         100,      -4.135747417,             100,      -5.002015131,                7,      -6.062008475,   0.0003631791074,      0.7167282946,               100,               100,               100,     0.07248936946,      0.3483206322,      -1.230262094,                 0,                 0,                 0,      -1.783028172,      0.3483206322,      -1.230262094,                 0,      -3.531981686,   2.919203848e-11,   1.701285263e-09,                 0
          0,           0,         597,      -8.679187795,      -7.232134705,      -7.905259573,      -5.819591511,      -7.895338986,      -6.060851353,      -8.065944265,      -3.026771831,         100,      -4.320256391,             100,      -5.020167191,                7,      -6.064039741,   0.0003628059189,      0.7167272359,               100,               100,               100,     0.07248936946,      0.3483217775,      -1.230266487,                 0,                 0,                 0,      -1.783034909,      0.3483217775,      -1.230266487,                 0,      -3.531982686,    4.06541035e-11,   1.525418169e-09,                 0
          0,           0,         598,      -8.681209402,      -7.233148559,      -7.906568565,      -5.821613108,      -7.897371568,       -6.06212374,      -8.063455374,      -3.026742311,         100,      -4.228546911,             100,        -5.0370196,                7,      -6.065873502,   0.0003624349325,      0.7167261809,               100,               100,               100,     0.07248936946,      0.3483231997,      -1.230272157,                 0,                 0,                 0,      -1.783042219,      0.3483231997,      -1.230272157,                 0,      -3.531984541,   2.535467457e-11,   1.608703103e-09,                 0
          0,           0,         599,      -8.683271566,      -7.234156555,      -7.907912556,      -5.823675277,      -7.899401293,      -6.063417284,      -8.061065218,      -3.021119283,         100,       -4.31869065,             100,      -5.044473074,                7,      -6.073243312,   0.0003620661307,      0.7167251356,               100,               100,               100,     0.07248936946,       0.348324209,      -1.230276178,                 0,                 0,                 0,      -1.783048328,       0.348324209,      -1.230276178,                 0,      -3.531985851,    4.14590086e-11,   1.823632096e-09,                 0
          0,           0,         600,      -8.685346048,      -7.235163789,      -7.909302294,      -5.825749748,      -7.901427752,      -6.064789282,      -8.058778678,      -3.027174933,         100,      -4.160387971,             100,      -5.006610109,                7,      -6.069051307,   0.0003616994976,      0.7167241041,               100,               100,               100,     0.07248936946,      0.3483254856,      -1.230281435,                 0,                 0,                 0,      -1.783054956,      0.3483254856,      -1.230281435,                 0,      -3.531987999,   3.430031463e-11,   1.679237305e-09,                 0
          0,           0,         601,      -8.687462394,      -7.236165714,      -7.910724913,      -5.827866101,       -7.90345155,      -6.066184911,      -8.056592984,      -3.027331184,         100,      -4.279860141,             100,      -5.019885138,                7,      -6.070707232,   0.0003613350164,      0.7167230924,               100,               100,               100,     0.07248936946,      0.3483263404,      -1.230285005,                 0,                 0,                 0,      -1.783060331,      0.3483263404,      -1.230285005,                 0,      -3.531989581,   4.519558207e-11,   2.199041979e-09,                 0
          0,           0,         602,      -8.689590999,      -7.237166892,      -7.912189474,      -5.829994707,      -7.905471933,      -6.067655448,      -8.054510919,      -3.027597098,         100,      -4.181219802,             100,      -4.959920729,                7,      -6.071939696,   0.0003609726718,      0.7167221042,               100,               100,               100,     0.07248936946,      0.3483274548,      -1.230289776,                 0,                 0,                 0,      -1.783066179,      0.3483274548,      -1.230289776,                 0,      -3.531991979,   4.163057721e-11,   1.256287669e-09,                 0
          0,           0,         603,      -8.691760783,      -7.238162857,      -7.913684176,      -5.832164499,      -7.907489701,      -6.069154954,      -8.052528531,      -3.028091999,         100,      -4.283780201,             100,      -4.994410589,                7,       -6.07342245,    0.000360612448,      0.7167211451,               100,               100,               100,     0.07248936946,      0.3483281405,      -1.230292828,                 0,                 0,                 0,      -1.783070732,      0.3483281405,      -1.230292828,                 0,      -3.531993787,   1.510771839e-11,     1.2320799e-09,                 0
          0,           0,         604,      -8.693943426,      -7.239158529,       -7.91521767,      -5.834347128,      -7.909504045,      -6.070729337,      -8.050646844,      -3.028731222,         100,      -4.151551768,             100,      -4.986288843,                7,      -6.075017835,   0.0003602543277,      0.7167202185,               100,               100,               100,     0.07248936946,        0.34832908,      -1.230297051,                 0,                 0,                 0,      -1.783075721,        0.34832908,      -1.230297051,                 0,      -3.531996385,   3.918948449e-11,   1.464433125e-09,                 0
          0,           0,         605,      -8.696166113,      -7.240149445,       -7.91677887,      -5.836569825,      -7.911515962,       -6.07233448,      -8.048861234,      -3.029487266,         100,      -4.198878765,             100,      -4.988910671,                7,      -6.075489874,   0.0003598982953,      0.7167193296,               100,               100,               100,     0.07248936946,      0.3483295862,      -1.230299528,                 0,                 0,                 0,      -1.783079383,      0.3483295862,      -1.230299528,                 0,      -3.531998364,   4.837309149e-11,   1.710226481e-09,                 0
          0,           0,         606,      -8.698400869,      -7.241140014,      -7.918375384,      -5.838804581,      -7.913524434,      -6.074004662,      -8.047172015,      -3.030352572,         100,       -4.29583759,             100,      -4.958375946,                7,      -6.076959943,   0.0003595443354,      0.7167184815,               100,               100,               100,     0.07248936946,      0.3483303425,      -1.230303154,                 0,                 0,                 0,      -1.783083455,      0.3483303425,      -1.230303154,                 0,      -3.532001103,   4.457136406e-11,   1.978945552e-09,                 0
          0,           0,         607,      -8.700669654,       -7.24212485,      -7.919993135,      -5.841073378,       -7.91553041,      -6.075710835,      -8.045573424,      -3.031322804,         100,      -4.180539711,             100,      -4.973966894,                7,      -6.077644167,   0.0003591924323,      0.7167176788,               100,               100,               100,     0.07248936946,      0.3483306631,      -1.230305014,                 0,                 0,                 0,      -1.783086179,      0.3483306631,      -1.230305014,                 0,      -3.532003192,   3.614622688e-11,   1.772936485e-09,                 0
          0,           0,         608,      -8.702955202,      -7.243110847,      -7.921647924,      -5.843358925,      -7.917533144,      -6.077474511,      -8.044065656,      -3.032393707,         100,      -4.153669394,             100,      -5.004548419,                7,      -6.078777214,   0.0003588425705,      0.7167169241,               100,               100,               100,     0.07248936946,      0.3483312329,      -1.230308007,                 0,                 0,                 0,      -1.783089297,      0.3483312329,      -1.230308007,                 0,      -3.532006008,    4.51982864e-11,   2.069171118e-09,                 0
          0,           0,         609,      -8.705270364,      -7.244090874,      -7.923320219,      -5.845674082,      -7.919533333,      -6.079265379,      -8.042642648,      -3.029937729,         100,      -4.353026483,             100,      -4.991335845,                7,      -6.082490695,   0.0003584947347,      0.7167162214,               100,               100,               100,     0.07248936946,      0.3483313668,      -1.230309224,                 0,                 0,                 0,       -1.78309106,      0.3483313668,      -1.230309224,                 0,      -3.532008142,   2.151678659e-11,   1.610936151e-09,                 0
          0,           0,         610,      -8.707594902,      -7.245069774,      -7.925019832,      -5.847998624,      -7.921530285,      -6.081113444,       -8.04130403,      -3.034820628,         100,      -4.228542124,             100,      -5.005455469,                7,      -6.079038897,   0.0003581489082,      0.7167155727,               100,               100,               100,     0.07248936946,      0.3483317512,      -1.230311567,                 0,                 0,                 0,      -1.783093214,      0.3483317512,      -1.230311567,                 0,       -3.53201097,   2.102748214e-11,   1.019762719e-09,                 0
          0,           0,         611,       -8.70995103,      -7.246044569,      -7.926738966,      -5.850354765,      -7.923524869,      -6.082988329,       -8.04004391,      -3.036205439,         100,      -4.144939029,             100,      -4.975991157,                7,       -6.07989634,   0.0003578050779,      0.7167149815,               100,               100,               100,     0.07248936946,      0.3483317022,      -1.230312129,                 0,                 0,                 0,      -1.783094016,      0.3483317022,      -1.230312129,                 0,      -3.532013082,   3.135162905e-11,   1.184024655e-09,                 0
          0,           0,         612,      -8.712317575,      -7.247018481,      -7.928483489,      -5.852721297,      -7.925516219,      -6.084898771,      -8.038862314,      -3.037601154,         100,      -4.310251001,             100,      -5.043253328,                7,       -6.08062251,   0.0003574632281,       0.716714449,               100,               100,               100,     0.07248936946,      0.3483319072,      -1.230313819,                 0,                 0,                 0,      -1.783095221,      0.3483319072,      -1.230313819,                 0,      -3.532015856,   2.620386658e-11,   9.389227431e-10,                 0
          0,           0,         613,      -8.714705078,      -7.247985974,      -7.930238073,       -5.85510877,      -7.927505131,      -6.086836611,      -8.037752614,      -3.039108917,         100,      -4.318037932,             100,      -5.021604248,                7,      -6.080844446,   0.0003571233433,       0.716713978,               100,               100,               100,     0.07248936946,      0.3483316835,      -1.230313734,                 0,                 0,                 0,      -1.783095088,      0.3483316835,      -1.230313734,                 0,       -3.53201788,   2.018625636e-11,   1.000407247e-09,                 0
          0,           0,         614,       -8.71710417,      -7.248952758,      -7.932016563,      -5.857507856,      -7.929491085,      -6.088807568,      -8.036715635,      -3.040702228,         100,      -4.162968807,             100,      -5.051392575,                7,      -6.081548047,   0.0003567854098,       0.716713569,               100,               100,               100,     0.07248936946,      0.3483317196,      -1.230314787,                 0,                 0,                 0,       -1.78309538,      0.3483317196,      -1.230314787,                 0,      -3.532020535,   2.188894888e-11,   8.514365726e-10,                 0
          0,           0,         615,      -8.719526065,      -7.249914931,      -7.933808372,      -5.859929773,      -7.931474755,      -6.090795897,      -8.035745203,      -3.042371216,         100,      -4.172929783,             100,      -5.037359668,                7,      -6.081364425,    0.000356449413,      0.7167132241,               100,               100,               100,     0.07248936946,      0.3483313339,      -1.230314078,                 0,                 0,                 0,      -1.783094362,      0.3483313339,      -1.230314078,                 0,       -3.53202241,   3.337361826e-11,   2.303291229e-09,                 0
          0,           0,         616,      -8.721952341,       -7.25087427,      -7.935614054,      -5.862356044,      -7.933455185,      -6.092802048,      -8.034841902,      -3.044108448,         100,      -4.200878345,             100,      -5.040569949,                7,      -6.082036783,   0.0003561153376,       0.716712943,               100,               100,               100,     0.07248936946,      0.3483312157,      -1.230314523,                 0,                 0,                 0,      -1.783093801,      0.3483312157,      -1.230314523,                 0,      -3.532024887,   3.636794694e-11,   1.260023692e-09,                 0
          0,           0,         617,      -8.724394555,      -7.251828532,       -7.93742884,      -5.864798278,      -7.935433707,      -6.094822085,      -8.034000159,      -3.045904358,         100,      -4.220516902,             100,      -5.001373343,                7,      -6.081968233,   0.0003557831707,      0.7167127272,               100,               100,               100,     0.07248936946,      0.3483306844,      -1.230313228,                 0,                 0,                 0,      -1.783091968,      0.3483306844,      -1.230313228,                 0,      -3.532026556,   2.542938587e-11,   9.958846718e-10,                 0
          0,           0,         618,      -8.726841776,      -7.252779822,         -7.939255,      -5.867245473,      -7.937409013,      -6.096851422,      -8.033220881,      -3.041365968,         100,      -4.159403738,             100,      -5.026091163,                7,      -6.088539005,   0.0003554528976,      0.7167125755,               100,               100,               100,     0.07248936946,        0.34833043,      -1.230313111,                 0,                 0,                 0,      -1.783090635,        0.34833043,      -1.230313111,                 0,      -3.532028802,   2.519716212e-11,   9.607010103e-10,                 0
          0,           0,         619,      -8.729301559,      -7.253726514,      -7.941089309,      -5.869705255,      -7.939382443,      -6.098889108,       -8.03249888,      -3.049984838,         100,      -4.247255078,             100,      -4.980559846,                7,       -6.08182747,   0.0003551245037,      0.7167124885,               100,               100,               100,     0.07248936946,      0.3483297726,      -1.230311283,                 0,                 0,                 0,      -1.783088077,      0.3483297726,      -1.230311283,                 0,      -3.532030218,   8.641955678e-12,   1.063521475e-09,                 0
          0,           0,         620,      -8.731761215,      -7.254669086,      -7.942928793,      -5.872164931,      -7.941353049,      -6.100928203,      -8.031835747,      -3.051617931,         100,      -4.091189135,             100,      -4.983278317,                7,      -6.082373308,   0.0003547979754,      0.7167124646,               100,               100,               100,     0.07248936946,       0.348329403,      -1.230310664,                 0,                 0,                 0,      -1.783086069,       0.348329403,      -1.230310664,                 0,      -3.532032189,   1.642357508e-11,    1.04425621e-09,                 0
          0,           0,         621,       -8.73422962,      -7.255607914,       -7.94477563,      -5.874633354,      -7.943321989,      -6.102968077,      -8.031226453,      -3.053367493,         100,       -4.12010206,             100,      -4.967006065,                7,      -6.081996946,    0.000354473299,      0.7167125036,               100,               100,               100,     0.07248936946,      0.3483286417,      -1.230308367,                 0,                 0,                 0,       -1.78308289,      0.3483286417,      -1.230308367,                 0,      -3.532033313,   2.933930457e-11,   1.130835954e-09,                 0
          0,           0,         622,      -8.736692853,      -7.256541423,      -7.946623352,      -5.877096548,      -7.945288162,      -6.104996085,      -8.030673453,       -3.05531357,         100,      -4.113216053,             100,      -4.991670426,                7,      -6.082109131,    0.000354150461,      0.7167126029,               100,               100,               100,     0.07248936946,      0.3483281799,      -1.230307315,                 0,                 0,                 0,      -1.783080319,      0.3483281799,      -1.230307315,                 0,      -3.532034977,   1.869697806e-11,   9.537659259e-10,                 0
          0,           0,         623,       -8.73915604,      -7.257470964,      -7.948474724,      -5.879559739,      -7.947252352,      -6.107025747,      -8.030171761,      -3.057315179,         100,      -4.128533645,             100,      -4.974166261,                7,      -6.082826885,   0.0003538294477,      0.7167127619,               100,               100,               100,     0.07248936946,      0.3483273385,      -1.230304623,                 0,                 0,                 0,      -1.783076637,      0.3483273385,      -1.230304623,                 0,      -3.532035779,   1.775752764e-11,   1.177056135e-09,                 0
          0,           0,         624,       -8.74161087,      -7.258395103,      -7.950322619,       -5.88201457,      -7.949213769,      -6.109032559,      -8.029723458,      -3.059357437,         100,      -4.170379807,             100,      -4.992101329,                7,      -6.082660967,    0.000353510246,      0.7167129773,               100,               100,               100,     0.07248936946,      0.3483268088,      -1.230303216,                 0,                 0,                 0,      -1.783073624,      0.3483268088,      -1.230303216,                 0,      -3.532037112,    2.19724089e-11,   1.048423349e-09,                 0
          0,           0,         625,       -8.74405758,      -7.259315172,      -7.952170511,      -5.884461279,      -7.951173462,       -6.11104215,      -8.029324227,      -3.061460052,         100,      -4.097405187,             100,      -4.997895956,                7,      -6.082808603,   0.0003531928419,      0.7167132478,               100,               100,               100,     0.07248936946,      0.3483259119,       -1.23030021,                 0,                 0,                 0,      -1.783069563,      0.3483259119,       -1.23030021,                 0,      -3.532037578,   7.167794698e-13,   1.516630659e-09,                 0
          0,           0,         626,       -8.74649155,      -7.260229849,       -7.95401145,      -5.886895277,      -7.953130609,      -6.113018735,      -8.028976219,       -3.06358723,         100,      -4.188095094,             100,      -4.992051452,                7,      -6.081967786,   0.0003528772223,      0.7167135697,               100,               100,               100,     0.07248936946,      0.3483253392,      -1.230298532,                 0,                 0,                 0,      -1.783066234,      0.3483253392,      -1.230298532,                 0,      -3.532038568,   6.238148223e-12,   1.278148174e-09,                 0
          0,           0,         627,      -8.748906792,      -7.261140174,      -7.955847828,      -5.889310522,       -7.95508614,      -6.114993475,      -8.028675694,      -3.065728389,         100,      -4.185994639,             100,      -4.969654528,                7,      -6.081990088,   0.0003525633748,      0.7167139411,               100,               100,               100,     0.07248936946,      0.3483244117,      -1.230295299,                 0,                 0,                 0,      -1.783061922,      0.3483244117,      -1.230295299,                 0,       -3.53203869,   1.419418719e-11,   7.616732589e-10,                 0
          0,           0,         628,      -8.751302626,      -7.262044503,      -7.957671922,      -5.891706338,      -7.957039083,      -6.116933651,      -8.028424331,      -3.067880294,         100,      -4.185684693,             100,      -5.016356567,                7,       -6.08122115,   0.0003522512853,      0.7167143578,               100,               100,               100,     0.07248936946,      0.3483238205,      -1.230293436,                 0,                 0,                 0,      -1.783058406,      0.3483238205,      -1.230293436,                 0,      -3.532039338,   1.128756948e-11,   8.660416359e-10,                 0
          0,           0,         629,      -8.753674403,      -7.262945572,      -7.959491819,      -5.894078119,      -7.958990805,      -6.118871068,      -8.028219326,      -3.070035669,         100,      -4.077268668,             100,       -4.96275218,                7,       -6.08113163,   0.0003519409416,      0.7167148174,               100,               100,               100,     0.07248936946,      0.3483228865,      -1.230290061,                 0,                 0,                 0,       -1.78305397,      0.3483228865,      -1.230290061,                 0,       -3.53203912,   2.955165141e-12,   1.088663121e-09,                 0
          0,           0,         630,      -8.756019003,      -7.263840083,       -7.96129525,      -5.896422727,      -7.960940278,      -6.120763092,       -8.02806196,       -3.07219072,         100,      -4.130507604,             100,      -4.950392004,                7,      -6.080993785,   0.0003516323318,      0.7167153154,               100,               100,               100,     0.07248936946,      0.3483223004,      -1.230288101,                 0,                 0,                 0,      -1.783050393,      0.3483223004,      -1.230288101,                 0,      -3.532039435,   7.361180015e-12,    1.82919819e-09,                 0
          0,           0,         631,      -8.758328904,      -7.264730616,      -7.963089113,      -5.898732618,      -7.962888337,      -6.122651642,      -8.027949247,      -3.074343651,         100,      -4.128399804,             100,      -4.975108819,                7,      -6.081051857,   0.0003513254415,      0.7167158491,               100,               100,               100,     0.07248936946,      0.3483213826,      -1.230284671,                 0,                 0,                 0,      -1.783045957,      0.3483213826,      -1.230284671,                 0,      -3.532038893,   2.629927484e-12,   1.474961255e-09,                 0
          0,           0,         632,      -8.760603767,      -7.265614322,      -7.964862018,      -5.901007501,      -7.964834441,      -6.124495212,      -8.027882131,      -3.076489053,         100,      -4.158685215,             100,       -4.95574138,                7,      -6.080876594,   0.0003510202592,      0.7167164137,               100,               100,               100,     0.07248936946,      0.3483208236,      -1.230282697,                 0,                 0,                 0,      -1.783042439,      0.3483208236,      -1.230282697,                 0,      -3.532038894,   4.498865677e-12,    8.54786288e-10,                 0
          0,           0,         633,      -8.762839031,       -7.26649501,      -7.966624627,      -5.903242748,      -7.966779331,      -6.126333217,      -8.027857989,      -3.078624142,         100,      -4.152639175,             100,       -5.02011866,                7,      -6.080644416,   0.0003507167715,      0.7167170064,               100,               100,               100,     0.07248936946,      0.3483199432,      -1.230279293,                 0,                 0,                 0,      -1.783038118,      0.3483199432,      -1.230279293,                 0,      -3.532038051,  -7.991972879e-13,   1.362531389e-09,                 0
          0,           0,         634,      -8.765032911,      -7.267368356,      -7.968361272,       -5.90543665,      -7.968722401,      -6.128128229,      -8.027877034,      -3.080748368,         100,      -4.143148016,             100,      -4.977433215,                7,       -6.08076324,   0.0003504149668,      0.7167176221,               100,               100,               100,     0.07248936946,      0.3483194311,      -1.230277385,                 0,                 0,                 0,       -1.78303477,      0.3483194311,      -1.230277385,                 0,      -3.532037765,   1.502071967e-11,   1.155421457e-09,                 0
          0,           0,         635,       -8.76718202,      -7.268238896,      -7.970085579,      -5.907585743,      -7.970664305,      -6.129915998,      -8.027936915,      -3.082857601,         100,       -4.11727478,             100,       -4.99519097,                7,      -6.081088692,   0.0003501148326,       0.716718258,               100,               100,               100,     0.07248936946,      0.3483186067,      -1.230274085,                 0,                 0,                 0,      -1.783030671,      0.3483186067,      -1.230274085,                 0,       -3.53203665,   1.096814178e-11,   1.187759989e-09,                 0
          0,           0,         636,      -8.769284553,       -7.26910199,      -7.971780992,      -5.909688247,      -7.972604602,      -6.131657362,       -8.02803716,      -3.084948899,         100,      -4.165787749,             100,      -5.017810884,                7,      -6.081340488,   0.0003498163569,       0.716718909,               100,               100,               100,     0.07248936946,      0.3483181589,      -1.230272315,                 0,                 0,                 0,      -1.783027592,      0.3483181589,      -1.230272315,                 0,      -3.532036109,   2.425453752e-11,   8.785619522e-10,                 0
          0,           0,         637,      -8.771335922,      -7.269961961,      -7.973460505,      -5.911739631,      -7.974543983,      -6.133394929,      -8.028175591,      -3.087020995,         100,      -4.153652739,             100,      -4.997684885,                7,      -6.081347544,   0.0003495195273,      0.7167195721,               100,               100,               100,     0.07248936946,      0.3483174065,      -1.230269187,                 0,                 0,                 0,      -1.783023807,      0.3483174065,      -1.230269187,                 0,      -3.532034758,   2.246529476e-11,   1.750911968e-09,                 0
          0,           0,         638,      -8.773338756,      -7.270814583,      -7.975109383,      -5.913742451,      -7.976481764,       -6.13509086,      -8.028350932,      -3.089072029,         100,      -4.089970633,             100,      -5.042264239,                7,      -6.080892832,   0.0003492243319,      0.7167202424,               100,               100,               100,     0.07248936946,      0.3483170378,       -1.23026762,                 0,                 0,                 0,      -1.783021084,      0.3483170378,       -1.23026762,                 0,      -3.532033999,   2.859805407e-11,   1.169508443e-09,                 0
          0,           0,         639,      -8.775288891,      -7.271664475,      -7.976742067,      -5.915692604,      -7.978418964,      -6.136777813,      -8.028561242,      -3.091097081,         100,      -4.126306538,             100,      -4.920952035,                7,      -6.080719506,   0.0003489307586,      0.7167209171,               100,               100,               100,     0.07248936946,      0.3483163707,      -1.230264724,                 0,                 0,                 0,      -1.783017694,      0.3483163707,      -1.230264724,                 0,       -3.53203245,   2.411994473e-11,   1.100336191e-09,                 0
          0,           0,         640,        -8.7771853,       -7.27250648,      -7.978339666,      -5.917588985,      -7.980354513,      -6.138426258,      -8.028804469,      -3.093100739,         100,      -4.083569556,             100,      -4.968975377,                7,      -6.081707879,   0.0003486387968,      0.7167215913,               100,               100,               100,     0.07248936946,      0.3483160927,      -1.230263416,                 0,                 0,                 0,      -1.783015399,      0.3483160927,      -1.230263416,                 0,      -3.532031512,   3.230032288e-11,   1.656041384e-09,                 0
          0,           0,         641,      -8.779029057,      -7.273345909,      -7.979919576,      -5.919432773,      -7.982289597,      -6.140072603,      -8.029078504,      -3.095076444,         100,      -4.008446399,             100,      -4.959136991,                7,      -6.081282378,   0.0003483484328,      0.7167222625,               100,               100,               100,     0.07248936946,      0.3483155213,      -1.230260803,                 0,                 0,                 0,      -1.783012468,      0.3483155213,      -1.230260803,                 0,      -3.532029804,    3.73737162e-11,   2.710588998e-09,                 0
          0,           0,         642,      -8.780820536,      -7.274177752,      -7.981464435,      -5.921224244,      -7.984223255,      -6.141675821,      -8.029380775,      -3.097023932,         100,      -4.085846174,             100,      -4.974494684,                7,      -6.081578758,   0.0003480596564,      0.7167229262,               100,               100,               100,     0.07248936946,      0.3483153432,      -1.230259799,                 0,                 0,                 0,      -1.783010659,      0.3483153432,      -1.230259799,                 0,      -3.532028728,   1.671165587e-11,   6.757929907e-10,                 0
          0,           0,         643,      -8.782557121,       -7.27500643,      -7.982987918,      -5.922960848,      -7.986156508,      -6.143273679,       -8.02970891,       -3.09894199,         100,      -4.105796562,             100,      -5.014790781,                7,      -6.081587158,   0.0003477724565,      0.7167235798,               100,               100,               100,     0.07248936946,      0.3483148751,      -1.230257509,                 0,                 0,                 0,      -1.783008236,      0.3483148751,      -1.230257509,                 0,      -3.532026901,   2.279499376e-11,   1.645522966e-09,                 0
          0,           0,         644,      -8.784242638,      -7.275827594,      -7.984475842,      -5.924646377,      -7.988088419,      -6.144840646,      -8.030060171,      -3.100831289,         100,      -4.124883147,             100,      -4.986542464,                7,      -6.081522879,   0.0003474868204,      0.7167242192,               100,               100,               100,     0.07248936946,       0.348314803,      -1.230256845,                 0,                 0,                 0,      -1.783006956,       0.348314803,      -1.230256845,                 0,      -3.532025725,   9.774209288e-12,   1.230116018e-09,                 0
          0,           0,         645,      -8.785879014,      -7.276645831,      -7.985943135,       -5.92628274,      -7.990019999,      -6.146403278,      -8.030432049,      -3.102691194,         100,      -4.167750874,             100,      -5.305971113,                7,      -6.081321465,   0.0003472027378,      0.7167248424,               100,               100,               100,     0.07248936946,      0.3483144431,      -1.230254909,                 0,                 0,                 0,      -1.783005078,      0.3483144431,      -1.230254909,                 0,      -3.532023817,   6.007525509e-12,     1.5066664e-09,                 0
          0,           0,         646,      -8.787464885,      -7.277456609,      -7.987374204,      -5.927868601,      -7.991950477,      -6.147939144,      -8.030821687,      -3.104513684,         100,      -4.151693521,             100,      -5.155432324,                7,      -6.081735233,   0.0003469201955,      0.7167254454,               100,               100,               100,     0.07248936946,      0.3483144808,      -1.230254611,                 0,                 0,                 0,      -1.783004355,      0.3483144808,      -1.230254611,                 0,      -3.532022578,   7.542299965e-12,   1.018383319e-09,                 0
          0,           0,         647,       -8.78900536,      -7.278264326,      -7.988783973,      -5.929409086,      -7.993880762,      -6.149468987,      -8.031226192,      -3.106310526,         100,      -4.166619124,             100,      -5.396354314,                7,      -6.082161059,   0.0003466391852,      0.7167260266,               100,               100,               100,     0.07248936946,      0.3483142318,       -1.23025305,                 0,                 0,                 0,      -1.783003044,      0.3483142318,       -1.23025305,                 0,      -3.532020623,   8.464196887e-12,   1.824383257e-09,                 0
          0,           0,         648,      -8.790498691,      -7.279064881,      -7.990157765,      -5.930902413,      -7.995809873,      -6.150976265,      -8.031642784,       -3.10807617,         100,       -4.10152717,             100,      -5.096579436,                7,      -6.082068453,   0.0003463596942,      0.7167265826,               100,               100,               100,     0.07248936946,      0.3483143808,      -1.230253134,                 0,                 0,                 0,      -1.783002895,      0.3483143808,      -1.230253134,                 0,      -3.532019353,  -8.046128123e-12,   1.671005489e-09,                 0
          0,           0,         649,      -8.791951608,      -7.279862124,      -7.991509834,      -5.932355348,      -7.997738914,      -6.152479418,      -8.032068306,      -3.109811844,         100,      -4.023011098,             100,      -5.355532686,                7,      -6.082549983,    0.000346081714,       0.716727112,               100,               100,               100,     0.07248936946,       0.348314243,      -1.230251961,                 0,                 0,                 0,      -1.783002162,       0.348314243,      -1.230251961,                 0,      -3.532017383,  -1.668530367e-11,   1.108673717e-09,                 0
          0,           0,         650,      -8.793362678,      -7.280652725,      -7.992828043,      -5.933766391,      -7.999666873,       -6.15396052,      -8.032500069,      -3.111512436,         100,      -4.002114515,             100,      -5.323310734,                7,      -6.082465382,   0.0003458052314,      0.7167276118,               100,               100,               100,     0.07248936946,      0.3483145028,      -1.230252436,                 0,                 0,                 0,       -1.78300259,      0.3483145028,      -1.230252436,                 0,      -3.532016111,  -1.248661565e-11,   1.321630138e-09,                 0
          0,           0,         651,      -8.794737819,      -7.281439313,      -7.994123765,      -5.935141536,      -8.001594822,      -6.155432166,      -8.032934362,      -3.113179585,         100,      -4.039082132,             100,      -5.370603663,                7,      -6.083372425,   0.0003455302367,       0.716728081,               100,               100,               100,     0.07248936946,      0.3483144751,      -1.230251655,                 0,                 0,                 0,      -1.783002434,      0.3483144751,      -1.230251655,                 0,      -3.532014151,   8.375146298e-12,   5.624594146e-10,                 0
          0,           0,         652,      -8.796073083,      -7.282219138,      -7.995385457,      -5.936476815,      -8.003521785,      -6.156888664,      -8.033369487,      -3.114812899,         100,      -4.089837009,             100,      -5.403613142,                7,      -6.083634439,    0.000345256719,      0.7167285171,               100,               100,               100,     0.07248936946,      0.3483148437,      -1.230252522,                 0,                 0,                 0,      -1.783003436,      0.3483148437,      -1.230252522,                 0,      -3.532012901,   6.884542524e-12,   1.175782973e-09,                 0
          0,           0,         653,      -8.797381081,      -7.282994969,      -7.996626008,      -5.937784802,      -8.005448844,      -6.158337084,      -8.033800937,      -3.116412172,         100,       -4.15610406,             100,       -5.38647436,                7,      -6.083807974,   0.0003449846676,      0.7167289195,               100,               100,               100,     0.07248936946,      0.3483149232,      -1.230252131,                 0,                 0,                 0,      -1.783003848,      0.3483149232,      -1.230252131,                 0,      -3.532010973,   4.889438491e-12,   1.548871038e-09,                 0
          0,           0,         654,      -8.798654811,      -7.283764422,      -7.997834989,      -5.939058524,      -8.007375518,      -6.159773643,      -8.034228026,      -3.117977823,         100,      -4.179921647,             100,      -5.394145049,                7,      -6.084001739,   0.0003447140727,      0.7167292861,               100,               100,               100,     0.07248936946,      0.3483153974,      -1.230253385,                 0,                 0,                 0,      -1.783005411,      0.3483153974,      -1.230253385,                 0,      -3.532009764,  -2.029063185e-12,   1.969667901e-09,                 0
          0,           0,         655,      -8.799907716,      -7.284529668,      -7.999024636,      -5.940311444,      -8.009302418,      -6.161207804,      -8.034646052,      -3.119510608,         100,      -4.048589973,             100,       -5.41518186,                7,      -6.084828619,   0.0003444449236,      0.7167296166,               100,               100,               100,     0.07248936946,      0.3483155805,      -1.230253377,                 0,                 0,                 0,      -1.783006375,      0.3483155805,      -1.230253377,                 0,      -3.532007885,  -3.774981055e-12,   2.185083254e-09,                 0
          0,           0,         656,      -8.801133885,      -7.285289791,      -8.000187987,      -5.941537645,      -8.011228286,      -6.162625213,      -8.035055043,      -3.121005955,         100,       -4.17908014,             100,      -5.422799362,                7,      -6.085001641,   0.0003441772099,      0.7167299093,               100,               100,               100,     0.07248936946,      0.3483161559,      -1.230255007,                 0,                 0,                 0,       -1.78300848,      0.3483161559,      -1.230255007,                 0,       -3.53200673,  -7.813592111e-12,   2.347212825e-09,                 0
          0,           0,         657,      -8.802340585,      -7.286044331,      -8.001327613,      -5.942744288,      -8.013154235,      -6.164036434,      -8.035449127,      -3.122467493,         100,      -4.118822192,             100,      -5.413891538,                7,      -6.085478321,   0.0003439109213,      0.7167301644,               100,               100,               100,     0.07248936946,       0.348316438,       -1.23025537,                 0,                 0,                 0,      -1.783009975,       0.348316438,       -1.23025537,                 0,      -3.532004911,  -9.303653311e-12,   1.445599763e-09,                 0
          0,           0,         658,      -8.803526353,      -7.286794209,      -8.002443381,      -5.943930077,      -8.015079207,      -6.165436982,      -8.035829979,      -3.123893754,         100,      -4.186957786,             100,      -5.368510991,                7,      -6.085775745,   0.0003436460478,      0.7167303803,               100,               100,               100,     0.07248936946,      0.3483171101,      -1.230257364,                 0,                 0,                 0,      -1.783012599,      0.3483171101,      -1.230257364,                 0,      -3.532003821,  -6.215530011e-12,   1.073216468e-09,                 0
          0,           0,         659,      -8.804700227,      -7.287538616,      -8.003537338,      -5.945103987,      -8.017004361,      -6.166829577,      -8.036191095,      -3.125285526,         100,      -4.075975353,             100,      -5.303030127,                7,      -6.086850084,   0.0003433825796,      0.7167305578,               100,               100,               100,     0.07248936946,      0.3483174861,      -1.230258082,                 0,                 0,                 0,        -1.7830146,      0.3483174861,      -1.230258082,                 0,       -3.53200207,   5.255505903e-12,   8.077079478e-10,                 0
          0,           0,         660,      -8.805857696,      -7.288278876,      -8.004610116,       -5.94626142,      -8.018928629,      -6.168213487,      -8.036535607,      -3.126641622,         100,      -4.106131914,             100,      -5.294552513,                7,      -6.087560531,   0.0003431205067,      0.7167306954,               100,               100,               100,     0.07248936946,      0.3483182496,      -1.230260423,                 0,                 0,                 0,      -1.783017718,      0.3483182496,      -1.230260423,                 0,      -3.532001051,   1.997572843e-12,   7.736770922e-10,                 0
          0,           0,         661,      -8.807008422,      -7.289013444,      -8.005661718,      -5.947412141,      -8.020853192,      -6.169581392,      -8.036856308,      -3.127960808,         100,       -4.09614383,             100,      -5.323590895,                7,      -6.088079063,   0.0003428598191,      0.7167307942,               100,               100,               100,     0.07248936946,      0.3483187144,       -1.23026148,                 0,                 0,                 0,      -1.783020199,      0.3483187144,       -1.23026148,                 0,      -3.531999372,    1.17079862e-12,    3.30774573e-10,                 0
          0,           0,         662,      -8.808144627,      -7.289743621,      -8.006693222,      -5.948548341,      -8.022776897,      -6.170943888,       -8.03715781,      -3.129243098,         100,      -4.189438624,             100,      -5.479798418,                7,       -6.08839183,   0.0003426005066,      0.7167308531,               100,               100,               100,     0.07248936946,       0.348319564,      -1.230264151,                 0,                 0,                 0,      -1.783023782,       0.348319564,      -1.230264151,                 0,      -3.531998425,   2.679765716e-12,   1.326497639e-09,                 0
          0,           0,         663,      -8.809279741,      -7.290468099,      -8.007705133,       -5.94968347,      -8.024700938,      -6.172293439,      -8.037432366,      -3.130491952,         100,      -4.078264052,             100,      -5.396293761,                7,      -6.089158637,   0.0003423425595,      0.7167308733,               100,               100,               100,     0.07248936946,      0.3483201122,      -1.230265529,                 0,                 0,                 0,      -1.783026714,      0.3483201122,      -1.230265529,                 0,       -3.53199682,   9.921233483e-12,   5.878238436e-10,                 0
          0,           0,         664,      -8.810405144,      -7.291189263,       -8.00870126,      -5.950808869,      -8.026624233,        -6.1736373,      -8.037686069,      -3.131703414,         100,      -4.037286589,             100,      -5.315408907,                7,      -6.089286424,   0.0003420859687,      0.7167308541,               100,               100,               100,     0.07248936946,      0.3483210425,      -1.230268511,                 0,                 0,                 0,      -1.783030734,      0.3483210425,      -1.230268511,                 0,      -3.531995947,  -4.646896731e-12,   1.469480114e-09,                 0
          0,           0,         665,      -8.811534586,      -7.291904866,      -8.009679932,      -5.951938324,       -8.02854799,       -6.17495907,      -8.037910566,      -3.132880056,         100,      -4.199432986,             100,      -5.416266777,                7,      -6.090539812,   0.0003418307248,      0.7167307968,               100,               100,               100,     0.07248936946,       0.348321669,      -1.230270189,                 0,                 0,                 0,       -1.78303409,       0.348321669,      -1.230270189,                 0,      -3.531994415,  -1.196049947e-11,   7.901058695e-10,                 0
          0,           0,         666,      -8.812650566,      -7.292616068,      -8.010639912,      -5.953054281,      -8.030470915,      -6.176282097,      -8.038113441,      -3.134021235,         100,      -4.129916648,             100,       -5.42396103,                7,      -6.091146564,   0.0003415768177,      0.7167307009,               100,               100,               100,     0.07248936946,      0.3483226748,      -1.230273463,                 0,                 0,                 0,       -1.78303852,      0.3483226748,      -1.230273463,                 0,      -3.531993614,  -1.428967196e-11,   1.178344531e-09,                 0
          0,           0,         667,      -8.813779055,      -7.293322818,      -8.011587893,      -5.954182785,      -8.032394352,      -6.177579096,       -8.03828575,      -3.135128234,         100,      -4.260152965,             100,      -5.438504954,                7,      -6.092024947,   0.0003413242386,      0.7167305679,               100,               100,               100,     0.07248936946,      0.3483233742,      -1.230275424,                 0,                 0,                 0,      -1.783042271,      0.3483233742,      -1.230275424,                 0,      -3.531992154,  -1.921865835e-11,   2.147328806e-09,                 0
          0,           0,         668,      -8.814894332,       -7.29402554,      -8.012518917,      -5.955298093,      -8.034317112,      -6.178883302,      -8.038436727,      -3.136203118,         100,      -4.149632755,             100,      -5.541516455,                7,      -6.092221619,   0.0003410729776,      0.7167303974,               100,               100,               100,     0.07248936946,      0.3483244505,      -1.230278972,                 0,                 0,                 0,      -1.783047082,      0.3483244505,      -1.230278972,                 0,      -3.531991424,  -1.538440701e-11,    2.47739633e-09,                 0
          0,           0,         669,      -8.816025287,      -7.294723962,      -8.013439396,       -5.95642902,      -8.036240379,         -6.180161,      -8.038556717,      -3.137243304,         100,      -4.105385298,             100,      -5.517979968,                7,       -6.09348851,   0.0003408230261,       0.716730191,               100,               100,               100,     0.07248936946,      0.3483252177,      -1.230281197,                 0,                 0,                 0,      -1.783051202,      0.3483252177,      -1.230281197,                 0,      -3.531990032,  -1.672522072e-11,   1.768595737e-09,                 0
          0,           0,         670,      -8.817145948,      -7.295419483,      -8.014347693,      -5.957549678,      -8.038162966,      -6.181438125,      -8.038656336,      -3.138249369,         100,      -4.094665898,             100,      -5.534134733,                7,      -6.094342442,   0.0003405743747,      0.7167299485,               100,               100,               100,     0.07248936946,      0.3483263594,      -1.230284999,                 0,                 0,                 0,      -1.783056368,      0.3483263594,      -1.230284999,                 0,      -3.531989371,  -1.950197487e-11,   1.863202589e-09,                 0
          0,           0,         671,      -8.818278092,      -7.296109567,       -8.01524181,      -5.958681832,      -8.040086178,      -6.182688192,      -8.038725318,      -3.139222676,         100,      -4.051852614,             100,      -5.762041092,                7,      -6.094918439,   0.0003403270147,      0.7167296717,               100,               100,               100,     0.07248936946,      0.3483271896,       -1.23028747,                 0,                 0,                 0,      -1.783060829,      0.3483271896,       -1.23028747,                 0,      -3.531988047,  -2.140914918e-12,   1.216771994e-09,                 0
          0,           0,         672,      -8.819402329,      -7.296797874,       -8.01612797,      -5.959806039,      -8.042008714,      -6.183941692,      -8.038775694,      -3.140164987,         100,      -4.068258963,             100,      -5.455977827,                7,       -6.09541413,   0.0003400809366,      0.7167293603,               100,               100,               100,     0.07248936946,      0.3483283918,      -1.230291509,                 0,                 0,                 0,      -1.783066324,      0.3483283918,      -1.230291509,                 0,      -3.531987453,  -2.964941913e-12,   1.540718347e-09,                 0
          0,           0,         673,      -8.820539306,      -7.297480645,       -8.01700059,       -5.96094306,      -8.043932004,      -6.185165606,      -8.038796787,      -3.141077807,         100,      -4.136262421,             100,      -5.525739289,                7,       -6.09689535,   0.0003398361321,      0.7167290163,               100,               100,               100,     0.07248936946,        0.34832928,      -1.230294208,                 0,                 0,                 0,        -1.7830711,        0.34832928,      -1.230294208,                 0,      -3.531986195,  -2.157038615e-11,   1.897895502e-09,                 0
          0,           0,         674,       -8.82166562,      -7.298161669,      -8.017865759,      -5.962069312,      -8.045854639,      -6.186397936,      -8.038801592,      -3.141962298,         100,      -4.104653674,             100,       -5.48318425,                7,      -6.097980573,   0.0003395925923,      0.7167286394,               100,               100,               100,     0.07248936946,      0.3483305377,      -1.230298466,                 0,                 0,                 0,      -1.783076898,      0.3483305377,      -1.230298466,                 0,      -3.531985666,  -3.476875331e-12,    1.11689601e-09,                 0
          0,           0,         675,      -8.822807945,      -7.298838067,       -8.01872141,      -5.963211653,      -8.047778103,      -6.187601484,      -8.038779175,      -3.142819506,         100,      -4.142772875,             100,      -5.499258354,                7,      -6.098694388,   0.0003393503083,      0.7167282317,               100,               100,               100,     0.07248936946,       0.348331479,      -1.230301376,                 0,                 0,                 0,      -1.783081965,       0.348331479,      -1.230301376,                 0,      -3.531984474,   -2.07961212e-12,   7.951508038e-10,                 0
          0,           0,         676,      -8.823936909,      -7.299513299,      -8.019570856,      -5.964340631,       -8.04970091,      -6.188818653,      -8.038743469,      -3.143652946,         100,      -4.022679007,             100,      -5.512877379,                7,      -6.099471642,   0.0003391092716,      0.7167277931,               100,               100,               100,     0.07248936946,      0.3483327873,      -1.230305835,                 0,                 0,                 0,      -1.783088039,      0.3483327873,      -1.230305835,                 0,      -3.531984012,   6.162514534e-13,   1.424889322e-09,                 0
          0,           0,         677,      -8.825083411,      -7.300184439,      -8.020412568,       -5.96548716,      -8.051624609,      -6.190001653,      -8.038683033,      -3.144459912,         100,      -4.133298248,             100,      -5.576989814,                7,      -6.101128354,   0.0003388694734,      0.7167273255,               100,               100,               100,     0.07248936946,      0.3483337766,      -1.230308938,                 0,                 0,                 0,      -1.783093369,      0.3483337766,      -1.230308938,                 0,      -3.531982886,   3.637617751e-12,   9.614875902e-10,                 0
          0,           0,         678,       -8.82621255,      -7.300854368,      -8.021248232,      -5.966616277,      -8.053547793,      -6.191197094,      -8.038612695,       -3.14524599,         100,      -4.136373315,             100,      -5.444711868,                7,      -6.101496163,   0.0003386309052,       0.716726829,               100,               100,               100,     0.07248936946,      0.3483351304,      -1.230313582,                 0,                 0,                 0,      -1.783099695,      0.3483351304,      -1.230313582,                 0,      -3.531982491,  -1.304258484e-11,   1.938576246e-09,                 0
          0,           0,         679,       -8.82735654,      -7.301520001,       -8.02207534,      -5.967760253,      -8.055471929,      -6.192364486,       -8.03852063,      -3.146011403,         100,      -4.141410699,             100,      -5.434722234,                7,      -6.102648644,   0.0003383935591,      0.7167263055,               100,               100,               100,     0.07248936946,      0.3483361626,      -1.230316859,                 0,                 0,                 0,      -1.783105262,      0.3483361626,      -1.230316859,                 0,      -3.531981434,  -2.399911008e-11,   2.267941242e-09,                 0
          0,           0,         680,      -8.828486511,      -7.302186183,      -8.022902348,      -5.968890198,      -8.057395598,      -6.193550208,      -8.038422401,      -3.146759623,         100,      -4.053509935,             100,      -5.654527089,                7,      -6.103937835,   0.0003381574265,       0.716725755,               100,               100,               100,     0.07248936946,      0.3483375567,       -1.23032167,                 0,                 0,                 0,      -1.783111812,      0.3483375567,       -1.23032167,                 0,      -3.531981109,  -1.237677211e-11,   1.209531825e-09,                 0
          0,           0,         681,      -8.829629644,      -7.302848174,      -8.023720409,      -5.970033325,      -8.059320195,      -6.194705915,      -8.038305863,      -3.147491327,         100,      -4.165296316,             100,      -5.624913389,                7,      -6.104695729,   0.0003379224984,      0.7167251797,               100,               100,               100,     0.07248936946,      0.3483386263,      -1.230325104,                 0,                 0,                 0,       -1.78311759,      0.3483386263,      -1.230325104,                 0,      -3.531980122,  -1.363297844e-11,   1.276713116e-09,                 0
          0,           0,         682,      -8.830753195,      -7.303510444,      -8.024536814,      -5.971156917,      -8.061244448,      -6.195882638,      -8.038186801,      -3.148210291,         100,      -4.030146074,             100,      -5.493122328,                7,      -6.105623133,   0.0003376887672,      0.7167245795,               100,               100,               100,     0.07248936946,      0.3483400551,      -1.230330062,                 0,                 0,                 0,      -1.783124336,      0.3483400551,      -1.230330062,                 0,       -3.53197987,  -4.500295656e-12,   1.016668107e-09,                 0
          0,           0,         683,      -8.831892719,      -7.304169618,      -8.025347792,      -5.972296427,      -8.063169835,      -6.197030811,       -8.03805308,      -3.148916868,         100,      -4.123349875,             100,      -5.536717852,                7,      -6.106336671,   0.0003374562251,      0.7167239567,               100,               100,               100,     0.07248936946,      0.3483411566,      -1.230333635,                 0,                 0,                 0,      -1.783130296,      0.3483411566,      -1.230333635,                 0,      -3.531978958,  -5.895398187e-12,   7.476422612e-10,                 0
          0,           0,         684,      -8.833011555,      -7.304829589,      -8.026158482,      -5.973415257,      -8.065094847,      -6.198203942,      -8.037920755,      -3.149616098,         100,      -4.101059867,             100,       -5.55986471,                7,       -6.10729853,   0.0003372248636,      0.7167233111,               100,               100,               100,     0.07248936946,      0.3483426143,      -1.230338722,                 0,                 0,                 0,      -1.783137209,      0.3483426143,      -1.230338722,                 0,      -3.531978781,  -6.735744652e-12,   8.372486471e-10,                 0
          0,           0,         685,      -8.834143278,      -7.305485983,      -8.026961914,      -5.974546925,      -8.067021043,      -6.199347439,      -8.037777197,      -3.150305961,         100,      -4.236844596,             100,      -5.709712249,                7,      -6.108098697,   0.0003369946752,      0.7167226451,               100,               100,               100,     0.07248936946,      0.3483437418,      -1.230342414,                 0,                 0,                 0,      -1.783143322,      0.3483437418,      -1.230342414,                 0,      -3.531977946,   4.110565857e-12,   2.244798389e-09,                 0
          0,           0,         686,      -8.835254068,      -7.306144106,      -8.027767847,      -5.975657778,      -8.068946934,      -6.200523028,      -8.037638594,      -3.150993747,         100,      -4.099504221,             100,      -5.589794448,                7,       -6.10980219,   0.0003367656509,      0.7167219586,               100,               100,               100,     0.07248936946,      0.3483452225,       -1.23034761,                 0,                 0,                 0,      -1.783150373,      0.3483452225,       -1.23034761,                 0,      -3.531977849,    2.21769284e-11,    1.83135424e-09,                 0
          0,           0,         687,       -8.83638015,      -7.306799664,      -8.028569627,      -5.976783868,       -8.07087431,      -6.201674247,      -8.037492403,      -3.151678389,         100,       -4.11675277,             100,      -5.496767934,                7,      -6.110569028,    0.000336537784,      0.7167212539,               100,               100,               100,     0.07248936946,      0.3483463699,        -1.2303514,                 0,                 0,                 0,      -1.783156609,      0.3483463699,        -1.2303514,                 0,      -3.531977096,   1.446081882e-11,   1.459742599e-09,                 0
          0,           0,         688,      -8.837483728,      -7.307457538,      -8.029375363,       -5.97788745,      -8.072801453,      -6.202853477,        -8.0373548,      -3.152364173,         100,      -4.112599208,             100,      -5.562383575,                7,      -6.111635628,   0.0003363110666,       0.716720531,               100,               100,               100,     0.07248936946,      0.3483478674,      -1.230356684,                 0,                 0,                 0,      -1.783163767,      0.3483478674,      -1.230356684,                 0,      -3.531977081,   3.153086244e-11,   1.564495427e-09,                 0
          0,           0,         689,      -8.838598799,      -7.308111933,      -8.030173385,      -5.979002543,      -8.074729926,      -6.204011858,      -8.037212791,      -3.153052031,         100,       -4.09980214,             100,      -5.505231049,                7,      -6.112237661,   0.0003360854904,      0.7167197922,               100,               100,               100,     0.07248936946,      0.3483490284,      -1.230360551,                 0,                 0,                 0,      -1.783170093,      0.3483490284,      -1.230360551,                 0,      -3.531976411,   1.064895091e-11,   2.656015696e-09,                 0
          0,           0,         690,      -8.839693698,      -7.308769906,      -8.030979136,      -5.980097442,      -8.076658154,      -6.205202331,      -8.037082379,      -3.153745117,         100,      -4.041132707,             100,      -5.399497573,                7,      -6.112788418,   0.0003358610483,      0.7167190376,               100,               100,               100,     0.07248936946,      0.3483505365,      -1.230365902,                 0,                 0,                 0,      -1.783177326,      0.3483505365,      -1.230365902,                 0,      -3.531976482,   2.844788101e-11,   3.271195919e-09,                 0
          0,           0,         691,      -8.840800164,      -7.309424768,      -8.031778135,      -5.981203892,      -8.078587839,      -6.206372208,      -8.036950581,      -3.154445458,         100,      -4.158676017,             100,      -5.466876811,                7,      -6.113924733,   0.0003356377326,      0.7167182694,               100,               100,               100,     0.07248936946,      0.3483517049,      -1.230369826,                 0,                 0,                 0,      -1.783183711,      0.3483517049,      -1.230369826,                 0,      -3.531975897,   1.256318572e-11,    1.10791995e-09,                 0
          0,           0,         692,      -8.841882734,       -7.31008284,      -8.032582998,      -5.982286488,       -8.08051727,      -6.207581721,      -8.036833019,      -3.155156447,         100,      -3.998048639,             100,       -5.49684952,                7,      -6.115338123,   0.0003354155357,      0.7167174878,               100,               100,               100,     0.07248936946,      0.3483532172,      -1.230375221,                 0,                 0,                 0,      -1.783190987,      0.3483532172,      -1.230375221,                 0,      -3.531976053,   1.439206457e-11,   1.069687763e-09,                 0
          0,           0,         693,      -8.842981978,      -7.310739051,      -8.033385337,      -5.983385744,      -8.082448324,      -6.208769496,      -8.036716539,      -3.155877309,         100,       -4.08001927,             100,      -5.362499847,                7,      -6.116479975,     0.00033519445,      0.7167166951,               100,               100,               100,     0.07248936946,      0.3483543867,      -1.230379178,                 0,                 0,                 0,      -1.783197399,      0.3483543867,      -1.230379178,                 0,      -3.531975555,   8.743086822e-12,   1.541771871e-09,                 0
          0,           0,         694,      -8.844055136,      -7.311398732,      -8.034193906,       -5.98445889,       -8.08437953,      -6.209996777,      -8.036616934,        -3.1566138,         100,      -4.038731998,             100,      -5.401794327,                7,      -6.117307409,   0.0003349744683,      0.7167158914,               100,               100,               100,     0.07248936946,      0.3483558971,      -1.230384597,                 0,                 0,                 0,      -1.783204686,      0.3483558971,      -1.230384597,                 0,      -3.531975796,   1.684818063e-11,   1.133804246e-09,                 0
          0,           0,         695,      -8.845142226,      -7.312055879,      -8.034997773,      -5.985545952,      -8.086312323,      -6.211207308,      -8.036520857,       -3.15736535,         100,      -4.126352356,             100,      -5.528508695,                7,      -6.117955322,   0.0003347555833,      0.7167150789,               100,               100,               100,     0.07248936946,      0.3483570617,      -1.230388566,                 0,                 0,                 0,      -1.783211092,      0.3483570617,      -1.230388566,                 0,      -3.531975382,   2.682117718e-11,   9.224656744e-10,                 0
          0,           0,         696,      -8.846205327,      -7.312717408,      -8.035810592,      -5.986609054,      -8.088244915,       -6.21245952,      -8.036443621,      -3.158135868,         100,      -4.131933994,             100,      -5.382481773,                7,      -6.118992478,   0.0003345377873,      0.7167142578,               100,               100,               100,     0.07248936946,      0.3483585641,      -1.230393986,                 0,                 0,                 0,      -1.783218358,      0.3483585641,      -1.230393986,                 0,      -3.531975707,   1.731160443e-11,   1.741508365e-09,                 0
          0,           0,         697,       -8.84728161,      -7.313376452,      -8.036617782,       -5.98768534,      -8.090179129,      -6.213694335,      -8.036371345,      -3.158922729,         100,      -4.173289996,             100,      -5.438161875,                7,      -6.119637481,   0.0003343210738,      0.7167134305,               100,               100,               100,     0.07248936946,      0.3483597179,      -1.230397945,                 0,                 0,                 0,      -1.783224728,      0.3483597179,      -1.230397945,                 0,      -3.531975373,   4.896681037e-12,   8.529058158e-10,                 0
          0,           0,         698,      -8.848336526,      -7.314040737,      -8.037436865,      -5.988740245,       -8.09211317,      -6.214972518,      -8.036319282,      -3.159730996,         100,       -4.13801018,             100,      -5.561409761,                7,      -6.120141907,   0.0003341054355,       0.716712597,               100,               100,               100,     0.07248936946,      0.3483612069,      -1.230403345,                 0,                 0,                 0,      -1.783231944,      0.3483612069,      -1.230403345,                 0,      -3.531975777,  -5.520479823e-12,   1.873706606e-09,                 0
          0,           0,         699,      -8.849405104,      -7.314702684,      -8.038251231,      -5.989808801,      -8.094048822,        -6.2162388,      -8.036273688,      -3.160562488,         100,      -4.108304271,             100,      -5.600952919,                7,      -6.120982846,   0.0003338908647,      0.7167117596,               100,               100,               100,     0.07248936946,      0.3483623446,      -1.230407273,                 0,                 0,                 0,      -1.783238249,      0.3483623446,      -1.230407273,                 0,       -3.53197552,   3.852578491e-12,   1.314539906e-09,                 0
          0,           0,         700,      -8.850450183,      -7.315370068,      -8.039077323,      -5.990853895,      -8.095984416,      -6.217542161,      -8.036249413,      -3.161414972,         100,      -4.158415768,             100,      -5.577998267,                7,       -6.12173575,   0.0003336773547,      0.7167109184,               100,               100,               100,     0.07248936946,      0.3483638151,      -1.230412633,                 0,                 0,                 0,      -1.783245386,      0.3483638151,      -1.230412633,                 0,      -3.531975996,   7.967435522e-12,   8.929644554e-10,                 0
          0,           0,         701,      -8.851507116,      -7.316034729,      -8.039897102,      -5.991910828,      -8.097921735,      -6.218835507,      -8.036232647,      -3.162293307,         100,      -4.120667871,             100,      -5.618643348,                7,       -6.12272716,   0.0003334648986,      0.7167100756,               100,               100,               100,     0.07248936946,      0.3483649319,      -1.230416512,                 0,                 0,                 0,        -1.7832516,      0.3483649319,      -1.230416512,                 0,      -3.531975807,  -5.887038684e-12,   1.562682077e-09,                 0
          0,           0,         702,      -8.852543252,      -7.316705428,       -8.04073108,      -5.992946971,      -8.099859008,      -6.220171256,      -8.036238166,      -3.163196521,         100,      -4.066077769,             100,      -5.633625299,                7,      -6.122759287,   0.0003332534897,      0.7167092313,               100,               100,               100,     0.07248936946,      0.3483663795,      -1.230421813,                 0,                 0,                 0,      -1.783258634,      0.3483663795,      -1.230421813,                 0,      -3.531976348,  -1.271227276e-13,   1.049565325e-09,                 0
          0,           0,         703,      -8.853592279,      -7.317373851,       -8.04156021,      -5.993996015,       -8.10179802,      -6.221491819,      -8.036251686,      -3.164124299,         100,      -4.066550103,             100,       -5.64405152,                7,      -6.123481358,   0.0003330431208,      0.7167083877,               100,               100,               100,     0.07248936946,      0.3483674714,      -1.230425624,                 0,                 0,                 0,      -1.783264733,      0.3483674714,      -1.230425624,                 0,      -3.531976219,  -5.327254725e-13,   9.032035071e-10,                 0
          0,           0,         704,      -8.854618795,      -7.318048043,       -8.04240282,      -5.995022503,      -8.103737043,      -6.222854793,      -8.036288026,      -3.165079894,         100,      -4.053987538,             100,      -5.654951076,                7,      -6.124348121,   0.0003328337852,      0.7167075449,               100,               100,               100,     0.07248936946,      0.3483688923,      -1.230430851,                 0,                 0,                 0,      -1.783271641,      0.3483688923,      -1.230430851,                 0,      -3.531976815,  -9.029441328e-12,   1.681697526e-09,                 0
          0,           0,         705,      -8.855657802,      -7.318720026,       -8.04324079,      -5.996061543,      -8.105677845,      -6.224204743,      -8.036332826,      -3.166061765,         100,      -4.082682959,             100,      -5.569031755,                7,      -6.124849858,   0.0003326254764,      0.7167067047,               100,               100,               100,     0.07248936946,      0.3483699559,       -1.23043458,                 0,                 0,                 0,      -1.783277606,      0.3483699559,       -1.23043458,                 0,      -3.531976736,  -8.907675626e-12,   7.172826027e-10,                 0
          0,           0,         706,      -8.856674522,      -7.319397845,      -8.044092763,      -5.997078246,      -8.107618659,       -6.22559348,      -8.036400797,      -3.167072158,         100,      -4.184785288,             100,      -5.583628743,                7,      -6.125198372,   0.0003324181878,      0.7167058674,               100,               100,               100,     0.07248936946,      0.3483713473,      -1.230439717,                 0,                 0,                 0,      -1.783284371,      0.3483713473,      -1.230439717,                 0,      -3.531977376,  -5.000591228e-12,   7.260106348e-10,                 0
          0,           0,         707,      -8.857701232,       -7.32007298,      -8.044938497,      -5.998104961,      -8.109561299,      -6.226975675,      -8.036477336,      -3.168110276,         100,      -4.086258839,             100,      -5.601953763,                7,      -6.125544628,   0.0003322119128,      0.7167050348,               100,               100,               100,     0.07248936946,      0.3483723804,      -1.230443352,                 0,                 0,                 0,      -1.783290185,      0.3483723804,      -1.230443352,                 0,      -3.531977335,   1.984323723e-11,   7.955174571e-10,                 0
          0,           0,         708,      -8.858711569,      -7.320755409,      -8.045803832,      -5.999115291,      -8.111503936,      -6.228396755,      -8.036577218,      -3.169177065,         100,      -4.092583885,             100,      -5.615767141,                7,      -6.126199411,   0.0003320066445,      0.7167042068,               100,               100,               100,     0.07248936946,      0.3483737403,      -1.230448389,                 0,                 0,                 0,      -1.783296794,      0.3483737403,      -1.230448389,                 0,      -3.531978006,   3.099055369e-11,   7.522267934e-10,                 0
          0,           0,         709,      -8.859730237,      -7.321435186,      -8.046663154,       -6.00013397,      -8.113448438,       -6.22980647,      -8.036685917,      -3.170271803,         100,      -4.093089642,             100,      -5.637113089,                7,        -6.1269266,   0.0003318023768,      0.7167033852,               100,               100,               100,     0.07248936946,      0.3483747413,      -1.230451919,                 0,                 0,                 0,      -1.783302447,      0.3483747413,      -1.230451919,                 0,      -3.531977991,   2.271216803e-11,   1.050846345e-09,                 0
          0,           0,         710,      -8.860726795,      -7.322121095,      -8.047537137,      -6.001130529,      -8.115392926,      -6.231250898,      -8.036817771,      -3.171392596,         100,      -4.084571595,             100,      -5.654806014,                7,      -6.127279863,   0.0003315991031,        0.71670257,               100,               100,               100,     0.07248936946,      0.3483760687,      -1.230456848,                 0,                 0,                 0,      -1.783308891,      0.3483760687,      -1.230456848,                 0,      -3.531978682,   2.285801308e-11,   1.228999738e-09,                 0
          0,           0,         711,      -8.861735628,       -7.32280525,      -8.048408566,      -6.002139341,      -8.117339293,      -6.232683778,      -8.036958369,      -3.172542174,         100,      -4.126933908,             100,      -5.672599377,                7,      -6.127481549,   0.0003313968171,      0.7167017627,               100,               100,               100,     0.07248936946,      0.3483770369,      -1.230460267,                 0,                 0,                 0,      -1.783314376,      0.3483770369,      -1.230460267,                 0,      -3.531978679,   5.851669344e-11,   2.395068572e-09,                 0
          0,           0,         712,      -8.862720984,      -7.323495057,      -8.049293423,      -6.003124702,      -8.119285662,      -6.234151584,      -8.037122134,      -3.173717577,         100,      -4.110309085,             100,      -5.640162039,                7,      -6.128066217,   0.0003311955122,      0.7167009632,               100,               100,               100,     0.07248936946,      0.3483783316,      -1.230465083,                 0,                 0,                 0,      -1.783320651,      0.3483783316,      -1.230465083,                 0,      -3.531979377,   4.813772206e-11,   1.617427873e-09,                 0
          0,           0,         713,      -8.863718797,      -7.324183494,      -8.050177007,      -6.004122511,      -8.121233987,      -6.235611663,      -8.037294419,      -3.174920033,         100,      -3.920287856,             100,      -5.653232897,                7,      -6.128882596,   0.0003309951826,      0.7167001729,               100,               100,               100,     0.07248936946,      0.3483792674,      -1.230468387,                 0,                 0,                 0,      -1.783325966,      0.3483792674,      -1.230468387,                 0,      -3.531979375,   4.175979046e-11,   1.239021483e-09,                 0
          0,           0,         714,      -8.864697096,        -7.3248786,      -8.051077787,      -6.005100807,      -8.123182282,      -6.237100529,      -8.037489985,      -3.176149394,         100,      -3.911298122,             100,      -5.612698549,                7,       -6.12896179,   0.0003307958216,      0.7166993914,               100,               100,               100,     0.07248936946,      0.3483805302,      -1.230473089,                 0,                 0,                 0,      -1.783332073,      0.3483805302,      -1.230473089,                 0,      -3.531980068,   4.358591269e-11,   1.750761614e-09,                 0
          0,           0,         715,       -8.86568183,      -7.325571233,      -8.051973185,      -6.006085569,      -8.125132538,      -6.238572679,      -8.037693875,      -3.177401226,         100,       -4.00531453,             100,      -5.623438797,                7,      -6.129238884,   0.0003305974234,      0.7166986202,               100,               100,               100,     0.07248936946,      0.3483814347,      -1.230476278,                 0,                 0,                 0,      -1.783337221,      0.3483814347,      -1.230476278,                 0,      -3.531980054,   5.957426186e-11,   2.218124504e-09,                 0
          0,           0,         716,      -8.866644365,      -7.326269637,      -8.052882299,      -6.007048121,       -8.12708278,      -6.240077892,        -8.0379209,      -3.178640943,         100,      -3.958390768,             100,      -5.577651686,                7,      -6.129509635,   0.0003303999818,      0.7166978587,               100,               100,               100,     0.07248936946,       0.348382667,      -1.230480866,                 0,                 0,                 0,      -1.783343164,       0.348382667,      -1.230480866,                 0,      -3.531980729,   5.371471539e-11,    1.47151629e-09,                 0
          0,           0,         717,      -8.867618752,      -7.326966819,      -8.053790867,      -6.008022469,      -8.129035015,       -6.24156875,      -8.038156143,      -3.179746874,         100,      -3.951596213,             100,       -5.67720608,                7,      -6.130431692,   0.0003302034909,      0.7166971082,               100,               100,               100,     0.07248936946,      0.3483835421,      -1.230483944,                 0,                 0,                 0,      -1.783348153,      0.3483835421,      -1.230483944,                 0,      -3.531980692,    5.10945939e-11,   1.192522908e-09,                 0
          0,           0,         718,      -8.868570758,      -7.327669752,      -8.054713028,      -6.008974489,      -8.130987183,      -6.243087697,       -8.03841453,       -3.18103932,         100,      -4.003365618,             100,      -5.622095171,                7,      -6.130207608,   0.0003300079441,      0.7166963679,               100,               100,               100,     0.07248936946,      0.3483847463,      -1.230488423,                 0,                 0,                 0,      -1.783353941,      0.3483847463,      -1.230488423,                 0,       -3.53198134,   3.445629194e-11,   8.135126619e-10,                 0
          0,           0,         719,      -8.869531081,      -7.328370884,      -8.055632306,      -6.009934843,      -8.132941387,      -6.244592302,      -8.038681067,      -3.182379576,         100,      -4.022370955,             100,      -5.647874041,                7,      -6.130311304,    0.000329813336,       0.716695639,               100,               100,               100,     0.07248936946,      0.3483855945,      -1.230491395,                 0,                 0,                 0,      -1.783358781,      0.3483855945,      -1.230491395,                 0,      -3.531981271,   1.863852861e-11,   9.385263362e-10,                 0
          0,           0,         720,      -8.870470137,      -7.329078033,      -8.056565897,      -6.010873861,      -8.134895568,      -6.246123212,      -8.038970689,      -3.183745529,         100,      -4.028049112,             100,      -5.741829097,                7,       -6.13073044,   0.0003296196605,      0.7166949207,               100,               100,               100,     0.07248936946,      0.3483867733,      -1.230495771,                 0,                 0,                 0,      -1.783364427,      0.3483867733,      -1.230495771,                 0,      -3.531981882,   3.985289323e-11,    9.71476561e-10,                 0
          0,           0,         721,      -8.871417631,      -7.329783687,      -8.057497461,      -6.011821368,      -8.136851796,      -6.247641222,      -8.039268477,      -3.185130959,         100,      -3.996792727,             100,       -5.63421132,                7,       -6.13101247,   0.0003294269117,      0.7166942138,               100,               100,               100,     0.07248936946,      0.3483875977,      -1.230498645,                 0,                 0,                 0,      -1.783369132,      0.3483875977,      -1.230498645,                 0,      -3.531981772,   2.986147624e-11,   1.066390021e-09,                 0
          0,           0,         722,      -8.872343731,      -7.330495286,      -8.058442544,      -6.012747476,      -8.138808017,      -6.249178427,      -8.039589341,      -3.186534726,         100,      -4.076705543,             100,      -5.735664915,                7,      -6.131328052,    0.000329235084,      0.7166935176,               100,               100,               100,     0.07248936946,      0.3483887545,      -1.230502928,                 0,                 0,                 0,       -1.78337465,      0.3483887545,      -1.230502928,                 0,      -3.531982339,   2.337020431e-11,    1.05838827e-09,                 0
          0,           0,         723,      -8.873275608,      -7.331204919,      -8.059383603,      -6.013679311,      -8.140766267,      -6.250702697,      -8.039918229,      -3.187954184,         100,      -4.019309869,             100,      -5.672589898,                7,      -6.131150215,   0.0003290441715,      0.7166928327,               100,               100,               100,     0.07248936946,      0.3483895585,      -1.230505714,                 0,                 0,                 0,      -1.783379237,      0.3483895585,      -1.230505714,                 0,      -3.531982183,   2.482319113e-11,   1.349734298e-09,                 0
          0,           0,         724,      -8.874188089,      -7.331920863,       -8.06033944,      -6.014591841,      -8.142724555,      -6.252248481,      -8.040270273,      -3.189391407,         100,      -3.962841392,             100,      -5.709624753,                7,      -6.131686821,   0.0003288541684,      0.7166921581,               100,               100,               100,     0.07248936946,      0.3483906969,      -1.230509914,                 0,                 0,                 0,      -1.783384646,      0.3483906969,      -1.230509914,                 0,      -3.531982701,   2.259666822e-11,   8.590266876e-10,                 0
          0,           0,         725,      -8.875106579,      -7.332635394,      -8.061292363,      -6.015510337,      -8.144684947,      -6.253776031,      -8.040630436,      -3.190841967,         100,      -4.000285065,             100,        -5.6038338,                7,      -6.131480433,   0.0003286650692,      0.7166914945,               100,               100,               100,     0.07248936946,      0.3483914843,      -1.230512624,                 0,                 0,                 0,      -1.783389133,      0.3483914843,      -1.230512624,                 0,      -3.531982493,   2.065382971e-11,   1.431424274e-09,                 0
          0,           0,         726,      -8.876001763,      -7.333355211,      -8.062255372,      -6.016405514,      -8.146645325,      -6.255320377,      -8.041013555,      -3.192305865,         100,      -4.046296477,             100,      -5.735002166,                7,      -6.132202636,   0.0003284768683,      0.7166908407,               100,               100,               100,     0.07248936946,       0.348392608,      -1.230516754,                 0,                 0,                 0,      -1.783394452,       0.348392608,      -1.230516754,                 0,      -3.531982959,   1.062248573e-11,   1.147027925e-09,                 0
          0,           0,         727,      -8.876904304,      -7.334073754,      -8.063215752,      -6.017308068,       -8.14860782,      -6.256851904,      -8.041404859,      -3.193784434,         100,      -4.023166957,             100,      -5.682341467,                7,      -6.131851166,     0.00032828956,      0.7166901972,               100,               100,               100,     0.07248936946,      0.3483933827,        -1.2305194,                 0,                 0,                 0,      -1.783398857,      0.3483933827,        -1.2305194,                 0,      -3.531982698,   5.974221454e-12,   6.783838797e-10,                 0
          0,           0,         728,      -8.877785603,      -7.334797941,      -8.064187116,      -6.018189328,      -8.150570342,      -6.258396123,      -8.041819037,      -3.195274444,         100,       -4.07989361,             100,       -5.73316369,                7,       -6.13244818,    0.000328103139,      0.7166895629,               100,               100,               100,     0.07248936946,      0.3483944956,      -1.230523474,                 0,                 0,                 0,      -1.783404106,      0.3483944956,      -1.230523474,                 0,      -3.531983109,   1.338525983e-11,   2.050852774e-09,                 0
          0,           0,         729,      -8.878672037,      -7.335520582,      -8.065154498,      -6.019075791,      -8.152535049,      -6.259929011,      -8.042241476,      -3.196777681,         100,      -4.050638038,             100,      -5.645659878,                7,      -6.132311095,   0.0003279175995,      0.7166889381,               100,               100,               100,     0.07248936946,      0.3483952614,      -1.230526069,                 0,                 0,                 0,      -1.783408451,      0.3483952614,      -1.230526069,                 0,      -3.531982794,   5.932430567e-12,   9.246090319e-10,                 0
          0,           0,         730,      -8.879537629,      -7.336248856,      -8.066132267,      -6.019941376,      -8.154499768,       -6.26147466,      -8.042686653,      -3.198289926,         100,      -4.034270966,             100,      -5.620214222,                7,      -6.132334698,   0.0003277329366,      0.7166883215,               100,               100,               100,     0.07248936946,      0.3483963673,      -1.230530099,                 0,                 0,                 0,      -1.783413649,      0.3483963673,      -1.230530099,                 0,      -3.531983151,   1.378230219e-11,   8.051872831e-10,                 0
          0,           0,         731,      -8.880409929,      -7.336976106,      -8.067107219,      -6.020813647,      -8.156466742,       -6.26300431,      -8.043139785,      -3.199810094,         100,      -3.987977452,             100,      -5.673738839,                7,      -6.132639014,   0.0003275491445,      0.7166877135,               100,               100,               100,     0.07248936946,      0.3483971279,      -1.230532657,                 0,                 0,                 0,      -1.783417954,      0.3483971279,      -1.230532657,                 0,      -3.531982783,    1.15183903e-11,    1.05330888e-09,                 0
          0,           0,         732,      -8.881260593,      -7.337708761,      -8.068091178,       -6.02166432,      -8.158433758,      -6.264545839,      -8.043615447,      -3.201337233,         100,      -3.978152017,             100,      -5.650049215,                7,      -6.132779823,   0.0003273662181,      0.7166871126,               100,               100,               100,     0.07248936946,      0.3483982304,      -1.230536658,                 0,                 0,                 0,      -1.783423121,      0.3483982304,      -1.230536658,                 0,      -3.531983089,   8.206275173e-12,   1.614408933e-09,                 0
          0,           0,         733,      -8.882116678,      -7.338440077,       -8.06907076,      -6.022520453,      -8.160403093,      -6.266070699,      -8.044099076,      -3.202871558,         100,      -4.015983878,             100,      -5.651907195,                7,      -6.132626651,    0.000327184152,      0.7166865193,               100,               100,               100,     0.07248936946,      0.3483989893,      -1.230539193,                 0,                 0,                 0,      -1.783427403,      0.3483989893,      -1.230539193,                 0,       -3.53198267,   8.604743057e-12,   8.194320872e-10,                 0
          0,           0,         734,      -8.882950509,      -7.339176362,      -8.070057416,       -6.02335423,      -8.162372408,      -6.267610524,      -8.044605184,      -3.204412582,         100,      -4.054019922,             100,      -5.638744947,                7,      -6.133049705,   0.0003270029408,      0.7166859319,               100,               100,               100,     0.07248936946,      0.3484000916,      -1.230543176,                 0,                 0,                 0,      -1.783432557,      0.3484000916,      -1.230543176,                 0,      -3.531982928,   1.164427266e-11,   8.279608536e-10,                 0
          0,           0,         735,      -8.883790872,      -7.339911419,      -8.071039542,      -6.024194632,      -8.164344071,      -6.269133803,       -8.04511869,      -3.205955675,         100,      -4.041052087,             100,       -5.72740727,                7,      -6.132236175,   0.0003268225798,      0.7166853509,               100,               100,               100,     0.07248936946,       0.348400852,      -1.230545699,                 0,                 0,                 0,      -1.783436836,       0.348400852,      -1.230545699,                 0,      -3.531982463,   5.654110189e-12,   1.039981619e-09,                 0
          0,           0,         736,      -8.884611566,      -7.340652043,      -8.072030316,      -6.025015325,      -8.166315706,      -6.270670586,      -8.045654074,      -3.207501622,         100,      -3.991680291,             100,      -5.579459909,                7,      -6.133077172,   0.0003266430633,      0.7166847748,               100,               100,               100,     0.07248936946,      0.3484019573,      -1.230549678,                 0,                 0,                 0,      -1.783441994,      0.3484019573,      -1.230549678,                 0,      -3.531982677,  -3.415203614e-13,   1.260667303e-09,                 0
          0,           0,         737,      -8.885439463,      -7.341391723,       -8.07301689,       -6.02584319,      -8.168289776,      -6.272190021,      -8.046196553,      -3.209051159,         100,      -3.920575915,             100,        -5.6075247,                7,      -6.132880179,   0.0003264643867,      0.7166842038,               100,               100,               100,     0.07248936946,      0.3484027218,      -1.230552202,                 0,                 0,                 0,      -1.783446284,      0.3484027218,      -1.230552202,                 0,      -3.531982171,   3.835822673e-12,   1.225094246e-09,                 0
          0,           0,         738,      -8.886246001,      -7.342136347,      -8.074009495,      -6.026649768,      -8.170263828,      -6.273717007,      -8.046760311,      -3.210601301,         100,      -4.079485884,             100,      -5.623563291,                7,      -6.133049337,   0.0003262865447,      0.7166836363,               100,               100,               100,     0.07248936946,      0.3484038325,      -1.230556186,                 0,                 0,                 0,      -1.783451461,      0.3484038325,      -1.230556186,                 0,      -3.531982346,  -3.862430844e-12,   1.986036077e-09,                 0
          0,           0,         739,      -8.887058004,      -7.342879291,      -8.074994737,      -6.027461735,        -8.1722403,      -6.275230669,      -8.047330456,      -3.212152857,         100,      -3.993876664,             100,      -5.640263082,                7,      -6.133227014,   0.0003261095323,      0.7166830729,               100,               100,               100,     0.07248936946,      0.3484046037,      -1.230558721,                 0,                 0,                 0,      -1.783455777,      0.3484046037,      -1.230558721,                 0,      -3.531981805,  -4.381230973e-12,   1.271870538e-09,                 0
          0,           0,         740,      -8.887853331,      -7.343628019,      -8.075988998,      -6.028257055,      -8.174216805,      -6.276757866,      -8.047921335,       -3.21370615,         100,      -3.928823775,             100,      -5.639938515,                7,      -6.133170755,   0.0003259333443,      0.7166825117,               100,               100,               100,     0.07248936946,       0.348405722,      -1.230562721,                 0,                 0,                 0,      -1.783460986,       0.348405722,      -1.230562721,                 0,      -3.531981948,  -5.438220607e-12,   1.240541078e-09,                 0
          0,           0,         741,      -8.888656259,      -7.344375522,      -8.076977331,      -6.029059991,      -8.176195802,       -6.27826354,      -8.048517861,      -3.215258473,         100,       -3.99076884,             100,      -5.633025392,                7,      -6.133114871,   0.0003257579761,      0.7166819534,               100,               100,               100,     0.07248936946,      0.3484065016,      -1.230565275,                 0,                 0,                 0,       -1.78346534,      0.3484065016,      -1.230565275,                 0,      -3.531981377,  -2.799770092e-12,   1.506669652e-09,                 0
          0,           0,         742,      -8.889438445,        -7.3451277,      -8.077970112,      -6.029842175,      -8.178174822,      -6.279784215,      -8.049134307,      -3.216811404,         100,      -3.997963839,             100,      -5.607771124,                7,      -6.133180349,   0.0003255834228,      0.7166813963,               100,               100,               100,     0.07248936946,      0.3484076293,      -1.230569299,                 0,                 0,                 0,      -1.783470591,      0.3484076293,      -1.230569299,                 0,      -3.531981494,  -2.820880858e-11,   1.329078399e-09,                 0
          0,           0,         743,      -8.890230584,      -7.345878784,       -8.07895743,      -6.030634337,      -8.180156376,      -6.281285417,      -8.049755518,      -3.218363056,         100,      -4.013337068,             100,      -5.664811226,                7,      -6.133102092,   0.0003254096794,      0.7166808408,               100,               100,               100,     0.07248936946,      0.3484084189,      -1.230571881,                 0,                 0,                 0,      -1.783474991,      0.3484084189,      -1.230571881,                 0,        -3.5319809,  -3.544306206e-11,   1.928746645e-09,                 0
          0,           0,         744,      -8.891004031,      -7.346634886,      -8.079949881,      -6.031407757,      -8.182137945,      -6.282801971,      -8.050395687,      -3.215976238,         100,      -3.983673358,             100,      -5.631717412,                7,      -6.137155949,    0.000325236741,      0.7166802854,               100,               100,               100,     0.07248936946,      0.3484095571,      -1.230575935,                 0,                 0,                 0,      -1.783480293,      0.3484095571,      -1.230575935,                 0,      -3.531980996,  -2.784750549e-11,   2.112192156e-09,                 0
          0,           0,         745,      -8.891788611,      -7.347389871,      -8.080937005,      -6.032192359,      -8.184122107,      -6.284296999,      -8.051039551,      -3.221601917,         100,      -3.988445018,             100,      -5.648913405,                7,      -6.133077743,   0.0003250646031,      0.7166797305,               100,               100,               100,     0.07248936946,      0.3484103578,       -1.23057855,                 0,                 0,                 0,      -1.783484747,      0.3484103578,       -1.23057855,                 0,      -3.531980385,  -4.278543853e-11,    2.15991519e-09,                 0
          0,           0,         746,      -8.892554688,      -7.348149865,      -8.081928984,      -6.032958435,      -8.186106299,      -6.285809942,      -8.051701461,      -3.223078241,         100,      -3.931332575,             100,      -5.631323233,                7,      -6.133106083,   0.0003248932607,      0.7166791748,               100,               100,               100,     0.07248936946,      0.3484115075,      -1.230582639,                 0,                 0,                 0,      -1.783490106,      0.3484115075,      -1.230582639,                 0,      -3.531980467,  -3.087557094e-11,   1.696969013e-09,                 0
          0,           0,         747,      -8.893333072,      -7.348908627,      -8.082914892,       -6.03373679,      -8.188093104,      -6.287299536,      -8.052366032,      -3.224512237,         100,      -4.002474016,             100,      -5.607793617,                7,      -6.133327407,   0.0003247227093,      0.7166786188,               100,               100,               100,     0.07248936946,      0.3484123199,      -1.230585291,                 0,                 0,                 0,      -1.783494619,      0.3484123199,      -1.230585291,                 0,      -3.531979844,  -2.415120167e-11,   1.252910117e-09,                 0
          0,           0,         748,      -8.894092154,      -7.349671994,      -8.083904287,      -6.034495906,      -8.190080179,      -6.288806718,      -8.053047593,      -3.225935829,         100,      -4.013261869,             100,      -5.656478368,                7,      -6.133012918,   0.0003245529443,      0.7166780609,               100,               100,               100,     0.07248936946,      0.3484134815,      -1.230589419,                 0,                 0,                 0,      -1.783500038,      0.3484134815,      -1.230589419,                 0,      -3.531979917,  -8.067700358e-12,   1.749173584e-09,                 0
          0,           0,         749,      -8.894865123,      -7.350434108,      -8.084887467,      -6.035268863,      -8.192070053,      -6.290292418,      -8.053730668,      -3.227447801,         100,      -3.977635696,             100,      -5.617447926,                7,      -6.132974457,    0.000324383961,      0.7166775018,               100,               100,               100,     0.07248936946,       0.348414306,      -1.230592112,                 0,                 0,                 0,      -1.783504613,       0.348414306,      -1.230592112,                 0,      -3.531979287,  -3.202137585e-12,   1.965612197e-09,                 0
          0,           0,         750,      -8.895622818,      -7.351201603,      -8.085877138,       -6.03602656,      -8.194059906,      -6.291793154,       -8.05442959,      -3.228979871,         100,      -3.948147785,             100,      -5.563927645,                7,      -6.133489286,    0.000324215755,      0.7166769402,               100,               100,               100,     0.07248936946,      0.3484154798,      -1.230596282,                 0,                 0,                 0,      -1.783510095,      0.3484154798,      -1.230596282,                 0,      -3.531979356,   1.825672864e-12,   1.337748749e-09,                 0
          0,           0,         751,      -8.896393655,      -7.351967526,      -8.086859678,      -6.036797374,      -8.196052428,      -6.293272563,      -8.055128711,      -3.230513415,         100,      -3.996622439,             100,      -5.546974665,                7,       -6.13396033,   0.0003240483217,      0.7166763766,               100,               100,               100,     0.07248936946,      0.3484163164,      -1.230599017,                 0,                 0,                 0,      -1.783514734,      0.3484163164,      -1.230599017,                 0,      -3.531978724,   8.438035981e-12,   1.047895366e-09,                 0
          0,           0,         752,      -8.897147956,      -7.352738424,      -8.087846768,      -6.037551666,      -8.198044903,      -6.294768601,      -8.055842506,      -3.215292754,         100,      -4.005302663,             100,      -5.557017369,                7,      -6.150997163,   0.0003238816565,      0.7166758098,               100,               100,               100,     0.07248936946,      0.3484175023,      -1.230603229,                 0,                 0,                 0,       -1.78352028,      0.3484175023,      -1.230603229,                 0,      -3.531978793,   1.355347415e-11,   2.033571084e-09,                 0
          0,           0,         753,      -8.897917526,      -7.353507751,      -8.088826848,      -6.038321258,      -8.200040106,      -6.296240723,      -8.056555095,       -3.23353942,         100,      -4.080101607,             100,      -5.629367612,                7,      -6.134270764,    0.000323715755,      0.7166752404,               100,               100,               100,     0.07248936946,      0.3484183508,      -1.230606006,                 0,                 0,                 0,      -1.783524981,      0.3484183508,      -1.230606006,                 0,      -3.531978162,   2.311239508e-12,   1.163344593e-09,                 0
          0,           0,         754,      -8.898671543,      -7.354282028,      -8.089811828,      -6.039075284,      -8.202035277,       -6.29773502,      -8.057281402,      -3.235191906,         100,      -4.000517501,             100,      -5.575412504,                7,      -6.134042875,   0.0003235506127,      0.7166746673,               100,               100,               100,     0.07248936946,      0.3484195484,      -1.230610261,                 0,                 0,                 0,       -1.78353059,      0.3484195484,      -1.230610261,                 0,      -3.531978234,   1.001668628e-11,   8.628947404e-10,                 0
          0,           0,         755,      -8.899443409,      -7.355055118,       -8.09079175,       -6.03984714,      -8.204033236,      -6.299206564,      -8.058005332,       -3.23653577,         100,      -3.911975098,             100,       -5.66130904,                7,       -6.13461548,   0.0003233862254,      0.7166740912,               100,               100,               100,     0.07248936946,      0.3484204085,      -1.230613081,                 0,                 0,                 0,      -1.783535353,      0.3484204085,      -1.230613081,                 0,      -3.531977608,   1.056673536e-11,   8.886151299e-10,                 0
          0,           0,         756,      -8.900199883,      -7.355833333,       -8.09177727,       -6.04060362,      -8.206031151,       -6.30069342,      -8.058741806,      -3.237995099,         100,      -4.009147129,             100,       -5.60895895,                7,      -6.134788278,   0.0003232225887,      0.7166735109,               100,               100,               100,     0.07248936946,      0.3484216174,      -1.230617378,                 0,                 0,                 0,      -1.783541023,      0.3484216174,      -1.230617378,                 0,      -3.531977685,   6.249934953e-12,    1.06961584e-09,                 0
          0,           0,         757,      -8.900971245,      -7.356609426,      -8.092754042,      -6.041375001,      -8.208031914,      -6.302155493,      -8.059474521,      -3.239488881,         100,      -3.967517453,             100,      -5.604942456,                7,      -6.135131148,   0.0003230596983,      0.7166729272,               100,               100,               100,     0.07248936946,      0.3484224885,      -1.230620239,                 0,                 0,                 0,      -1.783545846,      0.3484224885,      -1.230620239,                 0,      -3.531977066,   1.150167826e-11,   9.602616063e-10,                 0
          0,           0,         758,      -8.901730441,      -7.357391184,      -8.093738831,      -6.042134185,       -8.21003264,      -6.303639359,      -8.060218999,      -3.240991674,         100,      -3.918413349,             100,      -5.586874983,                7,      -6.135148839,     0.00032289755,      0.7166723391,               100,               100,               100,     0.07248936946,      0.3484237082,      -1.230624576,                 0,                 0,                 0,      -1.783551574,      0.3484237082,      -1.230624576,                 0,      -3.531977151,   2.301801452e-11,   1.219921356e-09,                 0
          0,           0,         759,      -8.902506158,      -7.358170873,      -8.094715655,      -6.042909881,      -8.212036235,      -6.305099052,      -8.060958803,       -3.24249331,         100,      -3.943757591,             100,      -5.537571354,                7,      -6.135069419,   0.0003227361395,      0.7166717473,               100,               100,               100,     0.07248936946,      0.3484245897,      -1.230627476,                 0,                 0,                 0,      -1.783556454,      0.3484245897,      -1.230627476,                 0,       -3.53197654,   1.832950402e-11,   1.045573754e-09,                 0
          0,           0,         760,      -8.903267919,      -7.358955978,      -8.095699289,       -6.04367164,      -8.214039794,       -6.30657727,      -8.061709471,      -3.243990068,         100,      -3.945301807,             100,      -5.600833007,                7,      -6.134672231,   0.0003225754628,      0.7166711509,               100,               100,               100,     0.07248936946,      0.3484258194,      -1.230631853,                 0,                 0,                 0,      -1.783562237,      0.3484258194,      -1.230631853,                 0,      -3.531976634,   3.295816267e-11,   1.198916754e-09,                 0
          0,           0,         761,      -8.904047407,      -7.359738975,      -8.096675146,       -6.04445112,      -8.216046247,      -6.308031157,      -8.062454424,      -3.245482631,         100,      -3.935279698,             100,      -5.566995768,                7,      -6.135115007,   0.0003224155155,      0.7166705507,               100,               100,               100,     0.07248936946,      0.3484267105,       -1.23063479,                 0,                 0,                 0,      -1.783567169,      0.3484267105,       -1.23063479,                 0,      -3.531976031,   2.191112615e-11,   1.166472132e-09,                 0
          0,           0,         762,      -8.904813423,       -7.36052753,      -8.097658639,      -6.045217148,      -8.218052664,      -6.309507473,      -8.063209741,      -3.246971128,         100,      -3.946903625,             100,      -5.614162322,                7,      -6.135221028,   0.0003222562937,      0.7166699456,               100,               100,               100,     0.07248936946,      0.3484279496,      -1.230639203,                 0,                 0,                 0,      -1.783573004,      0.3484279496,      -1.230639203,                 0,      -3.531976135,   2.694721384e-11,   1.543457087e-09,                 0
          0,           0,         763,      -8.905597295,      -7.361313892,      -8.098634214,      -6.046001025,      -8.220062016,      -6.310957386,      -8.063958531,      -3.248454161,         100,      -3.981904929,             100,      -5.658259494,                7,      -6.135465015,    0.000322097793,      0.7166693368,               100,               100,               100,     0.07248936946,      0.3484288497,      -1.230642175,                 0,                 0,                 0,      -1.783577986,      0.3484288497,      -1.230642175,                 0,      -3.531975543,   2.455413917e-11,   1.770097206e-09,                 0
          0,           0,         764,      -8.906366628,      -7.362105614,      -8.099616787,      -6.046770344,      -8.222071297,      -6.312429576,      -8.064717093,      -3.249932578,         100,      -4.000195306,             100,      -5.625614054,                7,       -6.13583596,   0.0003219400098,      0.7166687231,               100,               100,               100,     0.07248936946,      0.3484300973,      -1.230646622,                 0,                 0,                 0,      -1.783583868,      0.3484300973,      -1.230646622,                 0,      -3.531975657,   2.469197512e-11,   1.641884413e-09,                 0
          0,           0,         765,      -8.907154989,      -7.362895411,       -8.10059243,      -6.047558726,      -8.224083595,      -6.313876135,      -8.065468365,      -3.251404581,         100,      -3.893370262,             100,      -5.712652349,                7,      -6.135659911,   0.0003217829397,      0.7166681057,               100,               100,               100,     0.07248936946,      0.3484310056,      -1.230649627,                 0,                 0,                 0,      -1.783588896,      0.3484310056,      -1.230649627,                 0,      -3.531975075,   2.326772707e-11,   1.418487895e-09,                 0
          0,           0,         766,      -8.907929999,      -7.363690962,      -8.101576797,      -6.048333767,      -8.226095799,      -6.315342287,      -8.066229031,      -3.252871495,         100,      -3.996935091,             100,      -5.651110563,                7,       -6.13568994,   0.0003216265788,      0.7166674834,               100,               100,               100,     0.07248936946,      0.3484322611,      -1.230654105,                 0,                 0,                 0,      -1.783594822,      0.3484322611,      -1.230654105,                 0,      -3.531975199,   1.909756665e-11,   1.820149073e-09,                 0
          0,           0,         767,       -8.90872144,       -7.36448407,      -8.102552025,      -6.049125244,      -8.228111053,      -6.316783924,      -8.066982017,      -3.254334188,         100,      -4.002658632,             100,      -5.537365852,                7,      -6.135701074,   0.0003214709235,      0.7166668574,               100,               100,               100,     0.07248936946,      0.3484331768,       -1.23065714,                 0,                 0,                 0,      -1.783599891,      0.3484331768,       -1.23065714,                 0,      -3.531974627,   2.313713783e-11,   1.025253801e-09,                 0
          0,           0,         768,      -8.909499683,       -7.36528293,      -8.103535743,      -6.049903472,      -8.230126244,      -6.318247688,      -8.067744125,      -3.255789741,         100,      -3.965224738,             100,       -5.48052767,                7,       -6.13582165,   0.0003213159697,      0.7166662267,               100,               100,               100,     0.07248936946,      0.3484344395,      -1.230661646,                 0,                 0,                 0,      -1.783605857,      0.3484344395,      -1.230661646,                 0,      -3.531974761,   4.143645303e-11,   1.752702188e-09,                 0
          0,           0,         769,      -8.910297484,      -7.366079755,      -8.104512485,      -6.050701268,      -8.232144515,      -6.319684678,      -8.068498192,      -3.257241249,         100,      -4.003276589,             100,       -5.56230456,                7,      -6.136303273,   0.0003211617137,      0.7166655925,               100,               100,               100,     0.07248936946,      0.3484353619,      -1.230664708,                 0,                 0,                 0,      -1.783610964,      0.3484353619,      -1.230664708,                 0,        -3.5319742,   3.812155148e-11,    1.78386903e-09,                 0
          0,           0,         770,      -8.911079564,      -7.366882194,      -8.105496866,      -6.051483306,      -8.234162658,      -6.321145418,      -8.069261406,      -3.258686384,         100,      -3.976707185,             100,       -5.62227812,                7,      -6.136196548,   0.0003210081513,      0.7166649537,               100,               100,               100,     0.07248936946,      0.3484366308,      -1.230669241,                 0,                 0,                 0,      -1.783616965,      0.3484366308,      -1.230669241,                 0,      -3.531974345,   3.992570491e-11,   2.533203634e-09,                 0
          0,           0,         771,      -8.911880654,      -7.367682529,      -8.106473899,      -6.052284411,       -8.23618391,      -6.322576619,      -8.070016247,      -3.260125963,         100,      -4.033175315,             100,      -5.529274909,                7,      -6.136296718,   0.0003208552789,      0.7166643115,               100,               100,               100,     0.07248936946,      0.3484375591,      -1.230672328,                 0,                 0,                 0,      -1.783622105,      0.3484375591,      -1.230672328,                 0,      -3.531973794,   4.864400715e-11,   2.311399211e-09,                 0
          0,           0,         772,      -8.912665817,      -7.368488511,      -8.107458845,      -6.053069573,      -8.238205088,      -6.324034947,      -8.070780415,       -3.26154503,         100,      -3.991745488,             100,      -5.787867668,                7,      -6.136484924,   0.0003207030927,      0.7166636649,               100,               100,               100,     0.07248936946,      0.3484388336,      -1.230676883,                 0,                 0,                 0,      -1.783628138,      0.3484388336,      -1.230676883,                 0,      -3.531973949,    6.01448572e-11,    1.76457334e-09,                 0
          0,           0,         773,      -8.913470383,      -7.369292494,      -8.108436805,      -6.053874153,       -8.24022941,       -6.32546457,      -8.071536187,      -3.262965919,         100,      -3.930891415,             100,      -5.666619046,                7,      -6.136595201,   0.0003205515888,      0.7166630152,               100,               100,               100,     0.07248936946,       0.348439767,      -1.230679992,                 0,                 0,                 0,      -1.783633308,       0.348439767,      -1.230679992,                 0,      -3.531973409,   5.453858214e-11,   2.052267526e-09,                 0
          0,           0,         774,      -8.914257891,      -7.370102185,      -8.109422659,      -6.054661617,      -8.242253639,      -6.326920814,      -8.072301587,      -3.264389913,         100,      -4.026723677,             100,      -5.593944012,                7,      -6.136785363,   0.0003204007638,      0.7166623613,               100,               100,               100,     0.07248936946,      0.3484410462,      -1.230684568,                 0,                 0,                 0,      -1.783639367,      0.3484410462,      -1.230684568,                 0,      -3.531973575,   6.821371764e-11,   2.547446098e-09,                 0
          0,           0,         775,      -8.915063808,      -7.370909664,      -8.110400514,      -6.055467571,       -8.24428112,      -6.328347742,      -8.073058586,      -3.265808602,         100,      -3.985032775,             100,      -5.561901455,                7,      -6.136765846,   0.0003202506139,      0.7166617045,               100,               100,               100,     0.07248936946,       0.348441984,      -1.230687695,                 0,                 0,                 0,      -1.783644563,       0.348441984,      -1.230687695,                 0,      -3.531973046,   5.729472958e-11,    2.00566464e-09,                 0
          0,           0,         776,      -8.915853712,      -7.371723264,      -8.111387796,      -6.056257452,      -8.246308439,      -6.329802546,      -8.073825515,      -3.267223207,         100,      -3.922891018,             100,      -5.747525504,                7,      -6.137352487,   0.0003201011357,      0.7166610439,               100,               100,               100,     0.07248936946,      0.3484432671,      -1.230692289,                 0,                 0,                 0,      -1.783650646,      0.3484432671,      -1.230692289,                 0,      -3.531973223,   3.365864617e-11,   1.853216128e-09,                 0
          0,           0,         777,        -8.9166616,      -7.372534575,       -8.11236673,       -6.05706534,      -8.248339027,      -6.331227029,      -8.074584251,      -3.268632979,         100,      -3.951922417,             100,      -5.544663642,                7,      -6.137469998,   0.0003199523252,      0.7166603805,               100,               100,               100,     0.07248936946,      0.3484442082,      -1.230695433,                 0,                 0,                 0,      -1.783655862,      0.3484442082,      -1.230695433,                 0,      -3.531972705,   5.277970051e-11,   1.741585345e-09,                 0
          0,           0,         778,      -8.917450864,      -7.373351894,      -8.113353901,      -6.057854613,      -8.250369521,      -6.332680026,      -8.075353347,      -3.270039487,         100,       -4.09552094,             100,      -5.526344159,                7,      -6.137441168,   0.0003198041791,      0.7166597137,               100,               100,               100,     0.07248936946,      0.3484454943,      -1.230700041,                 0,                 0,                 0,      -1.783661963,      0.3484454943,      -1.230700041,                 0,      -3.531972894,   4.020821053e-11,    1.42603528e-09,                 0
          0,           0,         779,      -8.918258606,      -7.374167022,      -8.114332658,       -6.05866239,      -8.252403381,      -6.334106546,      -8.076114625,      -3.271440841,         100,      -3.962429647,             100,      -5.452725758,                7,      -6.137931815,   0.0003196566938,      0.7166590444,               100,               100,               100,     0.07248936946,      0.3484464381,      -1.230703198,                 0,                 0,                 0,      -1.783667196,      0.3484464381,      -1.230703198,                 0,      -3.531972388,   4.008141124e-11,   2.496606873e-09,                 0
          0,           0,         780,      -8.919050632,       -7.37498866,      -8.115322399,      -6.059454393,      -8.254437051,       -6.33556126,      -8.076886792,      -3.272839868,         100,      -4.024775795,             100,      -5.552734849,                7,      -6.138009081,   0.0003195098661,      0.7166583719,               100,               100,               100,     0.07248936946,      0.3484477263,      -1.230707818,                 0,                 0,                 0,      -1.783673312,      0.3484477263,      -1.230707818,                 0,       -3.53197259,   4.774547228e-11,   2.300715812e-09,                 0
          0,           0,         781,      -8.919858688,      -7.375807911,      -8.116302577,      -6.060262441,       -8.25647409,      -6.336986679,      -8.077651522,      -3.274233794,         100,      -3.900971884,             100,      -5.542244962,                7,      -6.138037882,   0.0003193636919,      0.7166576973,               100,               100,               100,     0.07248936946,      0.3484486716,      -1.230710985,                 0,                 0,                 0,      -1.783678556,      0.3484486716,      -1.230710985,                 0,      -3.531972096,   5.449336153e-11,   1.929221803e-09,                 0
          0,           0,         782,      -8.920647375,      -7.376633189,      -8.117291301,      -6.061051114,      -8.258511004,      -6.338442065,       -8.07842761,      -3.275626432,         100,       -4.03536315,             100,      -5.567570986,                7,      -6.138454426,   0.0003192181681,      0.7166570199,               100,               100,               100,     0.07248936946,      0.3484499609,      -1.230715614,                 0,                 0,                 0,      -1.783684681,      0.3484499609,      -1.230715614,                 0,      -3.531972311,   6.021112916e-11,   2.442447154e-09,                 0
          0,           0,         783,      -8.921454726,      -7.377456807,      -8.118273044,      -6.061858468,      -8.260551376,      -6.339870314,      -8.079196717,      -3.277015525,         100,      -3.936916827,             100,      -5.459426412,                7,       -6.13852754,   0.0003190732911,      0.7166563407,               100,               100,               100,     0.07248936946,      0.3484509068,      -1.230718787,                 0,                 0,                 0,      -1.783689932,      0.3484509068,      -1.230718787,                 0,      -3.531971831,   4.900441554e-11,   2.064909246e-09,                 0
          0,           0,         784,      -8.922243598,      -7.378286779,      -8.119264091,      -6.062647355,      -8.262591616,      -6.341327595,      -8.079977774,      -3.278402263,         100,      -4.007663716,             100,      -5.651701767,                7,      -6.138398945,   0.0003189290579,       0.716655659,               100,               100,               100,     0.07248936946,      0.3484521961,      -1.230723421,                 0,                 0,                 0,      -1.783696061,      0.3484521961,      -1.230723421,                 0,       -3.53197206,   4.368153844e-11,   1.902249965e-09,                 0
          0,           0,         785,      -8.923048734,      -7.379114366,      -8.120245278,      -6.063452483,      -8.264635298,      -6.342754859,      -8.080752166,      -3.279785807,         100,      -4.023895105,             100,       -5.58352741,                7,      -6.138648937,   0.0003187854645,      0.7166549759,               100,               100,               100,     0.07248936946,      0.3484531415,      -1.230726598,                 0,                 0,                 0,      -1.783701313,      0.3484531415,      -1.230726598,                 0,      -3.531971594,   4.941641963e-11,    1.85814494e-09,                 0
          0,           0,         786,       -8.92383515,      -7.379948529,      -8.121236469,       -6.06423892,      -8.266678873,      -6.344215424,      -8.081539112,      -3.281169622,         100,      -4.047870062,             100,      -5.582697839,                7,      -6.138981576,    0.000318642508,      0.7166542906,               100,               100,               100,     0.07248936946,      0.3484544299,      -1.230731233,                 0,                 0,                 0,      -1.783707441,      0.3484544299,      -1.230731233,                 0,      -3.531971838,   3.813647867e-11,   2.515686467e-09,                 0
          0,           0,         787,      -8.924638488,       -7.38078048,      -8.122218944,      -6.065042238,      -8.268726002,      -6.345648262,      -8.082319968,      -3.282552698,         100,      -3.978571761,             100,      -5.474384568,                7,       -6.13898399,   0.0003185001853,      0.7166536043,               100,               100,               100,     0.07248936946,      0.3484553737,       -1.23073441,                 0,                 0,                 0,      -1.783712688,      0.3484553737,       -1.23073441,                 0,      -3.531971387,   4.200897329e-11,   1.862846442e-09,                 0
          0,           0,         788,      -8.925421855,      -7.381619118,      -8.123211564,        -6.0658256,      -8.270772968,      -6.347112607,      -8.083113758,      -3.283933981,         100,      -3.959061599,             100,      -5.787617357,                7,      -6.139385653,   0.0003183584929,      0.7166529162,               100,               100,               100,     0.07248936946,      0.3484566599,      -1.230739043,                 0,                 0,                 0,      -1.783718809,      0.3484566599,      -1.230739043,                 0,      -3.531971647,   4.096016442e-11,   1.671399573e-09,                 0
          0,           0,         789,      -8.926222293,      -7.382455703,      -8.124195432,      -6.066626049,      -8.272823478,      -6.348548451,       -8.08390183,      -3.285316234,         100,      -3.985701347,             100,      -5.680603905,                7,      -6.139585042,   0.0003182174272,      0.7166522276,               100,               100,               100,     0.07248936946,      0.3484576009,      -1.230742215,                 0,                 0,                 0,      -1.783724047,      0.3484576009,      -1.230742215,                 0,      -3.531971212,   3.549943295e-11,   1.649778282e-09,                 0
          0,           0,         790,      -8.927001614,      -7.383298879,      -8.125188571,      -6.067405354,      -8.274873868,       -6.35001701,      -8.084703404,      -3.286698765,         100,      -4.103882539,             100,      -5.669081642,                7,      -6.139657393,   0.0003180769853,      0.7166515375,               100,               100,               100,     0.07248936946,      0.3484588838,      -1.230746842,                 0,                 0,                 0,      -1.783730155,      0.3484588838,      -1.230746842,                 0,      -3.531971487,   2.013339176e-11,   1.215228238e-09,                 0
          0,           0,         791,      -8.927797994,      -7.384139832,       -8.12617226,      -6.068201737,      -8.276928009,      -6.351459145,      -8.085499677,      -3.288082088,         100,      -4.039610614,             100,      -5.761966139,                7,      -6.139260342,    0.000317937164,      0.7166508473,               100,               100,               100,     0.07248936946,      0.3484598209,      -1.230750006,                 0,                 0,                 0,      -1.783735377,      0.3484598209,      -1.230750006,                 0,      -3.531971068,   2.855722782e-11,   8.871070785e-10,                 0
          0,           0,         792,      -8.928575617,      -7.384987968,      -8.127167628,      -6.068979387,      -8.278981859,      -6.352937003,      -8.086310029,      -3.289469128,         100,      -4.043125478,             100,       -5.70840413,                7,       -6.13992845,   0.0003177979601,      0.7166501561,               100,               100,               100,     0.07248936946,      0.3484610994,      -1.230754623,                 0,                 0,                 0,      -1.783741466,      0.3484610994,      -1.230754623,                 0,       -3.53197136,   2.868258002e-11,   1.594958611e-09,                 0
          0,           0,         793,      -8.929369321,      -7.385833789,      -8.128153168,      -6.069773085,      -8.281039506,      -6.354383844,      -8.087115353,      -3.290856414,         100,      -4.029265895,             100,      -5.585239806,                7,      -6.139957037,   0.0003176593706,      0.7166494652,               100,               100,               100,     0.07248936946,      0.3484620314,      -1.230757775,                 0,                 0,                 0,      -1.783746666,      0.3484620314,      -1.230757775,                 0,      -3.531970957,   3.558736685e-11,   1.344923153e-09,                 0
          0,           0,         794,      -8.930142348,      -7.386686651,      -8.129149513,      -6.070546107,      -8.283096954,      -6.355865851,       -8.08793507,      -3.292246568,         100,      -3.980449934,             100,      -5.598282495,                7,       -6.13971014,   0.0003175213925,      0.7166487737,               100,               100,               100,     0.07248936946,      0.3484633042,      -1.230762378,                 0,                 0,                 0,       -1.78375273,      0.3484633042,      -1.230762378,                 0,      -3.531971265,   2.561804131e-11,   1.175327382e-09,                 0
          0,           0,         795,      -8.930932132,      -7.387537391,      -8.130136843,      -6.071335895,      -8.285158236,      -6.357319401,      -8.088750116,      -3.293640792,         100,      -3.976441739,             100,      -5.828551728,                7,      -6.140591342,   0.0003173840225,      0.7166480829,               100,               100,               100,     0.07248936946,      0.3484642301,      -1.230765513,                 0,                 0,                 0,      -1.783757903,      0.3484642301,      -1.230765513,                 0,      -3.531970879,   3.393312941e-11,   1.552569874e-09,                 0
          0,           0,         796,       -8.93170175,      -7.388395292,      -8.131135284,       -6.07210549,      -8.287219225,      -6.358807146,      -8.089579794,      -3.295036201,         100,       -3.95627528,             100,      -5.896147808,                7,      -6.140636388,   0.0003172472574,       0.716647392,               100,               100,               100,     0.07248936946,      0.3484654962,      -1.230770098,                 0,                 0,                 0,      -1.783763936,      0.3484654962,      -1.230770098,                 0,      -3.531971202,   2.377680389e-11,   1.530334246e-09,                 0
          0,           0,         797,      -8.932487488,      -7.389250762,      -8.132123446,      -6.072891242,      -8.289284094,      -6.360266312,      -8.090405076,      -3.296437419,         100,      -4.042651404,              99,      -6.004397527,                7,      -6.140709358,   0.0003171110942,      0.7166467021,               100,               100,               100,     0.07248936946,      0.3484664148,      -1.230773213,                 0,                 0,                 0,      -1.783769075,      0.3484664148,      -1.230773213,                 0,      -3.531970831,    2.08671052e-11,   1.096934846e-09,                 0
          0,           0,         798,      -8.933253078,      -7.390113488,      -8.133123192,      -6.073656831,      -8.291348696,      -6.361763492,      -8.091245372,      -3.297843024,         100,       -3.96486735,             100,      -5.660984378,                7,      -6.140970895,   0.0003169755301,      0.7166460127,               100,               100,               100,     0.07248936946,      0.3484676731,      -1.230777775,                 0,                 0,                 0,      -1.783775073,      0.3484676731,      -1.230777775,                 0,       -3.53197117,   9.688314211e-12,   1.155812315e-09,                 0
          0,           0,         799,      -8.934036499,      -7.390974215,      -8.134114723,      -6.074440244,      -8.293417338,      -6.363230561,      -8.092081462,      -3.299253971,         100,      -4.010660076,             100,       -5.80976748,                7,      -6.141126971,   0.0003168405623,      0.7166453247,               100,               100,               100,     0.07248936946,      0.3484685834,      -1.230780866,                 0,                 0,                 0,      -1.783780173,      0.3484685834,      -1.230780866,                 0,      -3.531970814,   1.745351759e-11,   8.584176635e-10,                 0
          0,           0,         800,      -8.934798875,      -7.391842174,      -8.135117493,      -6.075202608,        -8.2954856,      -6.364734327,      -8.092932838,       -3.30067011,         100,      -4.113232744,             100,      -5.575371048,                7,       -6.14110736,   0.0003167061875,      0.7166446375,               100,               100,               100,     0.07248936946,       0.348469833,      -1.230785403,                 0,                 0,                 0,      -1.783786129,       0.348469833,      -1.230785403,                 0,      -3.531971166,   2.809976851e-12,   6.290742518e-10,                 0
          0,           0,         801,      -8.935577803,      -7.392707722,      -8.136110143,      -6.075981548,      -8.297557914,      -6.366211433,      -8.093780202,      -3.302092652,         100,      -4.053604055,             100,      -5.697517891,                7,      -6.140795621,   0.0003165724031,      0.7166439523,               100,               100,               100,     0.07248936946,      0.3484707342,      -1.230788466,                 0,                 0,                 0,      -1.783791185,      0.3484707342,      -1.230788466,                 0,      -3.531970823,   1.619912632e-13,   6.100268426e-10,                 0
          0,           0,         802,      -8.936337684,      -7.393580872,      -8.137115924,      -6.076741448,      -8.299629896,      -6.367724376,      -8.094642952,       -3.30352055,         100,      -4.036197222,             100,      -5.579231506,                7,      -6.141121367,   0.0003164392061,      0.7166432683,               100,               100,               100,     0.07248936946,      0.3484719743,      -1.230792973,                 0,                 0,                 0,      -1.783797096,      0.3484719743,      -1.230792973,                 0,      -3.531971189,   7.126062267e-12,   7.946021406e-10,                 0
          0,           0,         803,      -8.937114091,      -7.394452001,      -8.138113076,      -6.077517844,      -8.301705991,      -6.369206435,      -8.095501659,        -3.3049542,         100,      -3.976817381,             100,      -5.710452647,                7,      -6.141256649,   0.0003163065936,      0.7166425866,               100,               100,               100,     0.07248936946,      0.3484728656,      -1.230796006,                 0,                 0,                 0,      -1.783802104,      0.3484728656,      -1.230796006,                 0,      -3.531970857,   9.448261975e-12,   1.025105805e-09,                 0
          0,           0,         804,      -8.937869555,      -7.395330287,      -8.139121761,      -6.078273292,       -8.30378166,      -6.370727038,      -8.096376001,      -3.306391253,         100,      -3.930466183,             100,       -5.58275753,                7,      -6.141475396,   0.0003161745626,      0.7166419065,               100,               100,               100,     0.07248936946,      0.3484740954,      -1.230800481,                 0,                 0,                 0,      -1.783807964,      0.3484740954,      -1.230800481,                 0,      -3.531971234,   1.429271015e-11,   1.115154703e-09,                 0
          0,           0,         805,      -8.938641943,      -7.396206493,      -8.140121614,      -6.079045699,      -8.305861487,       -6.37221578,      -8.097246285,      -3.307843587,         100,      -4.014594074,             100,      -5.603229596,                7,      -6.141340218,   0.0003160431105,      0.7166412292,               100,               100,               100,     0.07248936946,      0.3484749761,      -1.230803479,                 0,                 0,                 0,       -1.78381292,      0.3484749761,      -1.230803479,                 0,      -3.531970912,    1.70565137e-11,   1.053329279e-09,                 0
          0,           0,         806,      -8.939394479,      -7.397090178,      -8.141134109,      -6.079798225,      -8.307940931,      -6.373742274,      -8.098132229,      -3.309299674,         100,      -3.973347661,             100,      -5.930976307,                7,      -6.141506958,   0.0003159122345,      0.7166405539,               100,               100,               100,     0.07248936946,      0.3484761952,      -1.230807919,                 0,                 0,                 0,      -1.783818727,      0.3484761952,      -1.230807919,                 0,      -3.531971298,   7.196047298e-12,   3.903375521e-10,                 0
          0,           0,         807,      -8.940165134,      -7.397971776,      -8.142138118,       -6.08056888,       -8.31002453,      -6.375239145,       -8.09901418,      -3.310762497,         100,      -4.045288772,             100,      -5.830282625,                7,      -6.141683238,   0.0003157819314,      0.7166398817,               100,               100,               100,     0.07248936946,      0.3484770649,      -1.230810882,                 0,                 0,                 0,      -1.783823628,      0.3484770649,      -1.230810882,                 0,      -3.531970984,   8.918298478e-12,   7.021626776e-10,                 0
          0,           0,         808,      -8.940915535,      -7.398860753,      -8.143154493,      -6.081319309,      -8.312107717,      -6.376775001,      -8.099912019,      -3.312234099,         100,      -4.007062324,             100,       -5.59176536,                7,      -6.141804597,   0.0003156521988,      0.7166392117,               100,               100,               100,     0.07248936946,      0.3484782728,      -1.230815285,                 0,                 0,                 0,      -1.783829378,      0.3484782728,      -1.230815285,                 0,      -3.531971376,   2.243743311e-11,   9.793649375e-10,                 0
          0,           0,         809,      -8.941683681,       -7.39974766,      -8.144162671,      -6.082087444,      -8.314195191,      -6.378277833,      -8.100805855,       -3.31371197,         100,      -4.115873334,             100,      -5.457733216,                7,      -6.141869276,   0.0003155230341,      0.7166385453,               100,               100,               100,     0.07248936946,      0.3484791311,      -1.230818209,                 0,                 0,                 0,      -1.783834222,      0.3484791311,      -1.230818209,                 0,      -3.531971068,   2.808051414e-11,   1.370986274e-09,                 0
          0,           0,         810,      -8.942431477,      -7.400641864,      -8.145183268,      -6.082835215,      -8.316282225,      -6.379820571,      -8.101715654,      -3.315199926,         100,      -4.078588982,             100,      -5.544317345,                7,      -6.141234162,   0.0003153944346,      0.7166378814,               100,               100,               100,     0.07248936946,      0.3484803276,      -1.230822573,                 0,                 0,                 0,      -1.783839915,      0.3484803276,      -1.230822573,                 0,      -3.531971465,   1.932098453e-11,   9.035667656e-10,                 0
          0,           0,         811,      -8.943197503,      -7.401534281,      -8.146196598,      -6.083601281,        -8.3183735,      -6.381334457,      -8.102621539,      -3.316694935,         100,      -3.997755272,             100,      -5.556450974,                7,      -6.141749884,   0.0003152663973,      0.7166372213,               100,               100,               100,     0.07248936946,      0.3484811745,      -1.230825458,                 0,                 0,                 0,      -1.783844701,      0.3484811745,      -1.230825458,                 0,       -3.53197116,   1.606786309e-11,   1.374344661e-09,                 0
          0,           0,         812,      -8.943944389,       -7.40243424,      -8.147223511,      -6.084348139,      -8.320464282,      -6.382883439,      -8.103543301,      -3.318198085,         100,      -3.961333862,             100,      -5.713297138,                7,      -6.141874238,   0.0003151389198,      0.7166365641,               100,               100,               100,     0.07248936946,      0.3484823596,      -1.230829783,                 0,                 0,                 0,      -1.783850335,      0.3484823596,      -1.230829783,                 0,      -3.531971559,   3.487736138e-11,   9.639284838e-10,                 0
          0,           0,         813,      -8.944707724,      -7.403332013,      -8.148241558,      -6.085111517,      -8.322559362,      -6.384401508,      -8.104461084,      -3.319710733,         100,       -4.04281831,             100,      -5.587897773,                7,      -6.142186171,   0.0003150119991,      0.7166359109,               100,               100,               100,     0.07248936946,       0.348483195,      -1.230832628,                 0,                 0,                 0,      -1.783855061,       0.348483195,      -1.230832628,                 0,      -3.531971255,   4.737695025e-11,   1.379636998e-09,                 0
          0,           0,         814,      -8.945451891,       -7.40423723,      -8.149272725,      -6.085855683,      -8.324653977,       -6.38595348,      -8.105394642,      -3.321227786,         100,      -4.002189079,             100,       -5.52639058,                7,      -6.141913633,   0.0003148856329,      0.7166352607,               100,               100,               100,     0.07248936946,      0.3484843687,      -1.230836912,                 0,                 0,                 0,      -1.783860637,      0.3484843687,      -1.230836912,                 0,      -3.531971654,   3.675297689e-11,   1.104718071e-09,                 0
          0,           0,         815,      -8.946214752,      -7.405140506,       -8.15029667,      -6.086618526,      -8.326752973,      -6.387476403,      -8.106324206,      -3.322754338,         100,      -4.078224739,             100,      -5.537852343,                7,      -6.142375405,   0.0003147598186,      0.7166346147,               100,               100,               100,     0.07248936946,      0.3484851929,      -1.230839717,                 0,                 0,                 0,      -1.783865305,      0.3484851929,      -1.230839717,                 0,      -3.531971349,   3.100026501e-11,   1.292522865e-09,                 0
          0,           0,         816,      -8.946957779,      -7.406051195,      -8.151333495,      -6.087361534,        -8.3288514,      -6.389035104,       -8.10726977,       -3.32428958,         100,      -4.137003712,             100,      -5.471302591,                7,      -6.142350906,   0.0003146345535,       0.716633972,               100,               100,               100,     0.07248936946,      0.3484863555,      -1.230843962,                 0,                 0,                 0,      -1.783870822,      0.3484863555,      -1.230843962,                 0,      -3.531971746,   2.110655776e-11,    1.07904458e-09,                 0
          0,           0,         817,      -8.947718676,      -7.406959807,      -8.152362624,      -6.088122416,      -8.330954297,      -6.390566191,      -8.108211288,      -3.325831573,         100,      -4.048739805,             100,      -5.449561578,                7,      -6.142334084,   0.0003145098351,      0.7166333336,               100,               100,               100,     0.07248936946,      0.3484871688,      -1.230846726,                 0,                 0,                 0,      -1.783875433,      0.3484871688,      -1.230846726,                 0,      -3.531971438,   2.170191154e-11,    1.27098202e-09,                 0
          0,           0,         818,      -8.948462404,      -7.407876345,      -8.153406718,      -6.088866153,      -8.333056558,      -6.392132647,      -8.109168997,      -3.327383466,         100,      -3.944808525,             100,      -5.585889797,                7,      -6.142371156,   0.0003143856609,      0.7166326986,               100,               100,               100,     0.07248936946,      0.3484883206,      -1.230850932,                 0,                 0,                 0,      -1.783880894,      0.3484883206,      -1.230850932,                 0,      -3.531971831,   2.900616416e-11,    1.08233974e-09,                 0
          0,           0,         819,      -8.949222087,      -7.408790545,      -8.154441954,      -6.089625832,       -8.33516327,      -6.393666416,       -8.11012251,      -3.328941097,         100,      -3.937562825,             100,      -5.630128385,                7,      -6.142254675,   0.0003142620281,       0.716632068,               100,               100,               100,     0.07248936946,      0.3484891233,      -1.230853658,                 0,                 0,                 0,      -1.783885448,      0.3484891233,      -1.230853658,                 0,      -3.531971518,   2.668880742e-11,   9.781832556e-10,                 0
          0,           0,         820,      -8.949963396,       -7.40971236,      -8.155491078,      -6.090367139,      -8.337269338,       -6.39523445,      -8.111092113,      -3.330507093,         100,      -3.972240585,             100,      -5.544990508,                7,      -6.142021189,   0.0003141389345,      0.7166314408,               100,               100,               100,     0.07248936946,      0.3484902649,      -1.230857825,                 0,                 0,                 0,      -1.783890855,      0.3484902649,      -1.230857825,                 0,      -3.531971905,   1.782780204e-11,   1.161080271e-09,                 0
          0,           0,         821,      -8.950722501,       -7.41063208,      -8.156532524,      -6.091126267,      -8.339380013,      -6.396773054,      -8.112057617,      -3.332079944,         100,      -3.968007992,             100,      -5.451933073,                7,      -6.142404907,   0.0003140163775,       0.716630818,               100,               100,               100,     0.07248936946,      0.3484910577,      -1.230860513,                 0,                 0,                 0,      -1.783895356,      0.3484910577,      -1.230860513,                 0,      -3.531971585,   1.244014088e-11,   1.363893022e-09,                 0
          0,           0,         822,      -8.951464009,       -7.41155932,      -8.157587376,      -6.091867753,      -8.341489971,      -6.398346297,      -8.113039257,      -3.333660004,         100,      -3.983078431,             100,      -5.544398204,                7,      -6.142708546,   0.0003138943548,      0.7166301987,               100,               100,               100,     0.07248936946,      0.3484921896,      -1.230864644,                 0,                 0,                 0,      -1.783900711,      0.3484921896,      -1.230864644,                 0,      -3.531971966,   1.220984661e-12,   1.148101155e-09,                 0
          0,           0,         823,      -8.952224582,      -7.412484841,      -8.158635867,      -6.092628354,      -8.343604482,      -6.399888471,      -8.114016759,      -3.335245906,         100,      -4.024988616,             100,       -5.35213736,                7,      -6.142046456,   0.0003137728638,      0.7166295838,               100,               100,               100,     0.07248936946,       0.348492973,      -1.230867297,                 0,                 0,                 0,      -1.783905162,       0.348492973,      -1.230867297,                 0,      -3.531971638,   7.103621687e-12,   1.918908893e-09,                 0
          0,           0,         824,      -8.952966418,      -7.413417578,       -8.15969663,      -6.093370176,      -8.345718324,      -6.401467137,      -8.115010682,      -3.336841015,         100,      -3.990008486,             100,      -5.480775527,                7,       -6.14224361,   0.0003136519023,      0.7166289724,               100,               100,               100,     0.07248936946,       0.348494096,      -1.230871393,                 0,                 0,                 0,      -1.783910468,       0.348494096,      -1.230871393,                 0,       -3.53197201,   6.675832459e-12,   9.201159851e-10,                 0
          0,           0,         825,      -8.953726634,      -7.414348515,      -8.160750552,       -6.09413041,      -8.347836787,       -6.40300983,      -8.116000167,      -3.338437161,         100,      -4.033026222,             100,       -5.45771398,                7,      -6.142700487,   0.0003135314676,      0.7166283652,               100,               100,               100,     0.07248936946,      0.3484948706,      -1.230874012,                 0,                 0,                 0,      -1.783914872,      0.3484948706,      -1.230874012,                 0,      -3.531971674,   1.939674858e-12,   1.597437206e-09,                 0
          0,           0,         826,      -8.954469188,      -7.415286856,      -8.161817729,      -6.094872944,      -8.349954438,       -6.40459098,      -8.117006189,      -3.340045475,         100,      -4.050147752,             100,       -5.42987763,                7,      -6.142226004,   0.0003134115576,      0.7166277614,               100,               100,               100,     0.07248936946,      0.3484959852,      -1.230878075,                 0,                 0,                 0,      -1.783920132,      0.3484959852,      -1.230878075,                 0,      -3.531972038,   8.666648593e-12,   1.152917878e-09,                 0
          0,           0,         827,      -8.955229416,       -7.41622319,      -8.162877341,      -6.095633156,      -8.352076842,      -6.406138805,       -8.11800796,      -3.341655967,         100,      -4.045435889,             100,      -5.505781798,                7,      -6.142220832,   0.0003132921698,      0.7166271619,               100,               100,               100,     0.07248936946,      0.3484967519,      -1.230880663,                 0,                 0,                 0,      -1.783924493,      0.3484967519,      -1.230880663,                 0,      -3.531971693,  -1.012297771e-11,    1.27958709e-09,                 0
          0,           0,         828,      -8.955972737,      -7.417167026,      -8.163950241,      -6.096376507,      -8.354198344,      -6.407721657,      -8.119026082,      -3.343274332,         100,      -4.042242341,             100,      -5.476244763,                7,      -6.142401309,   0.0003131733018,      0.7166265656,               100,               100,               100,     0.07248936946,      0.3484978588,      -1.230884696,                 0,                 0,                 0,      -1.783929712,      0.3484978588,      -1.230884696,                 0,      -3.531972047,  -8.983897317e-12,   9.138969077e-10,                 0
          0,           0,         829,      -8.956734111,      -7.418108943,      -8.165016085,      -6.097137863,      -8.356324684,      -6.409272375,      -8.120039946,      -3.344895442,         100,      -4.014671628,             100,      -5.495059781,                7,      -6.142279647,   0.0003130549513,      0.7166259733,               100,               100,               100,     0.07248936946,      0.3484986182,      -1.230887254,                 0,                 0,                 0,      -1.783934032,      0.3484986182,      -1.230887254,                 0,      -3.531971693,   -4.34684283e-12,   1.301037946e-09,                 0
          0,           0,         830,      -8.957478782,      -7.419058393,      -8.166095242,      -6.097882537,      -8.358450069,      -6.410855879,      -8.121070113,      -3.346523869,         100,      -4.050620853,             100,      -5.462859569,                7,      -6.142360774,    0.000312937116,      0.7166253842,               100,               100,               100,     0.07248936946,      0.3484997182,       -1.23089126,                 0,                 0,                 0,      -1.783939213,      0.3484997182,       -1.23089126,                 0,      -3.531972038,  -4.659346133e-12,   9.841346641e-10,                 0
          0,           0,         831,      -8.958241824,      -7.420005892,      -8.167167025,      -6.098645588,      -8.360580359,      -6.412405354,      -8.122095909,      -3.348154404,         100,      -4.111136457,             100,      -5.362177612,                7,       -6.14241577,   0.0003128197936,      0.7166247989,               100,               100,               100,     0.07248936946,      0.3485004709,      -1.230893792,                 0,                 0,                 0,      -1.783943497,      0.3485004709,      -1.230893792,                 0,      -3.531971674,   1.237035989e-12,   1.189372079e-09,                 0
          0,           0,         832,      -8.958987199,      -7.420960543,      -8.168250773,      -6.099390956,      -8.362709651,      -6.413992193,      -8.123138119,      -3.349794787,         100,      -4.114261673,             100,      -5.381576993,                7,      -6.142270501,   0.0003127029821,      0.7166242165,               100,               100,               100,     0.07248936946,      0.3485015647,      -1.230897772,                 0,                 0,                 0,      -1.783948643,      0.3485015647,      -1.230897772,                 0,       -3.53197201,   1.899981709e-11,   1.081928243e-09,                 0
          0,           0,         833,      -8.959752173,      -7.421913554,      -8.169328357,      -6.100155949,      -8.364843875,      -6.415546601,      -8.124175937,        -3.3514402,         100,      -4.045051783,             100,      -5.357226171,                7,      -6.142304347,   0.0003125866791,      0.7166236379,               100,               100,               100,     0.07248936946,      0.3485023114,       -1.23090028,                 0,                 0,                 0,      -1.783952894,      0.3485023114,       -1.23090028,                 0,      -3.531971638,   1.472919629e-11,   1.009549229e-09,                 0
          0,           0,         834,      -8.960500674,      -7.422874033,      -8.170418923,      -6.100904454,      -8.366977077,      -6.417134207,      -8.125229992,      -3.353091731,         100,      -3.977784436,             100,      -5.363006471,                7,      -6.142006434,   0.0003124708822,      0.7166230619,               100,               100,               100,     0.07248936946,      0.3485033996,      -1.230904237,                 0,                 0,                 0,      -1.783958009,      0.3485033996,      -1.230904237,                 0,      -3.531971965,   2.413775751e-11,   1.144153552e-09,                 0
          0,           0,         835,      -8.961267843,      -7.423832721,        -8.1715025,      -6.101671598,      -8.369115236,       -6.41868511,      -8.126279486,      -3.354744988,         100,      -4.124649196,             100,      -5.289678771,                7,      -6.142015951,   0.0003123555893,      0.7166224895,               100,               100,               100,     0.07248936946,      0.3485041409,      -1.230906723,                 0,                 0,                 0,      -1.783962231,      0.3485041409,      -1.230906723,                 0,      -3.531971585,   3.342017508e-11,   1.173271893e-09,                 0
          0,           0,         836,       -8.96201679,      -7.424798403,      -8.172596706,      -6.102420541,      -8.371252366,      -6.420274634,      -8.127345293,      -3.356404011,         100,      -4.010100351,             100,      -5.347744572,                7,      -6.141919417,   0.0003122407983,      0.7166219195,               100,               100,               100,     0.07248936946,       0.348505224,       -1.23091066,                 0,                 0,                 0,      -1.783967318,       0.348505224,       -1.23091066,                 0,      -3.531971905,   2.722514024e-11,   1.370347199e-09,                 0
          0,           0,         837,       -8.96278728,      -7.425762548,      -8.173685184,      -6.103191053,      -8.373394458,      -6.421828379,      -8.128406417,      -3.345203358,         100,      -4.010176783,             100,      -5.248188729,                7,       -6.15431651,   0.0003121265068,      0.7166213528,               100,               100,               100,     0.07248936946,      0.3485059606,      -1.230913126,                 0,                 0,                 0,      -1.783971514,      0.3485059606,      -1.230913126,                 0,      -3.531971516,   2.878795886e-11,   9.072370663e-10,                 0
          0,           0,         838,       -8.96354018,      -7.426733845,      -8.174785102,      -6.103943952,      -8.375535494,      -6.423416221,      -8.129483666,      -3.359165408,         100,      -4.011326116,             100,      -5.368043489,                7,      -6.142271631,    0.000312012713,      0.7166207883,               100,               100,               100,     0.07248936946,      0.3485070391,      -1.230917044,                 0,                 0,                 0,      -1.783976576,      0.3485070391,      -1.230917044,                 0,      -3.531971829,   2.301876792e-11,   7.698774314e-10,                 0
          0,           0,         839,      -8.964312725,      -7.427703365,      -8.175878063,      -6.104716502,      -8.377681553,      -6.424971262,      -8.130556155,      -3.341037625,         100,      -4.085224796,             100,      -5.271907373,                7,      -6.161419662,   0.0003118994143,      0.7166202269,               100,               100,               100,     0.07248936946,      0.3485077713,      -1.230919493,                 0,                 0,                 0,      -1.783980747,      0.3485077713,      -1.230919493,                 0,      -3.531971435,   2.019764786e-11,   6.893483585e-10,                 0
          0,           0,         840,      -8.965069417,      -7.428680199,      -8.176982874,      -6.105473197,      -8.379826504,      -6.426560752,      -8.131644686,      -3.362559041,         100,      -4.016061221,             100,      -5.356117462,                7,      -6.142119082,   0.0003117866089,      0.7166196675,               100,               100,               100,     0.07248936946,      0.3485088457,      -1.230923395,                 0,                 0,                 0,      -1.783985787,      0.3485088457,      -1.230923395,                 0,      -3.531971742,   9.005690144e-12,   9.967379196e-10,                 0
          0,           0,         841,      -8.965846153,      -7.429655172,      -8.178080454,      -6.106249933,      -8.381976543,      -6.428114082,      -8.132728185,      -3.364820363,         100,      -4.105927123,             100,       -5.31772244,                7,      -6.141775648,   0.0003116742945,      0.7166191109,               100,               100,               100,     0.07248936946,       0.348509574,      -1.230925827,                 0,                 0,                 0,      -1.783989937,       0.348509574,      -1.230925827,                 0,      -3.531971341,   7.210091144e-12,   9.455067242e-10,                 0
          0,           0,         842,      -8.966606182,      -7.430637384,      -8.179189628,      -6.107009954,      -8.384125376,       -6.42970306,      -8.133827634,      -3.334415137,         100,      -4.149664376,             100,      -5.251943899,                7,      -6.173919363,    0.000311562469,      0.7166185561,               100,               100,               100,     0.07248936946,      0.3485106446,      -1.230929714,                 0,                 0,                 0,      -1.783994956,      0.3485106446,      -1.230929714,                 0,      -3.531971643,  -1.247260684e-12,   1.132070323e-09,                 0
          0,           0,         843,      -8.967386268,      -7.431617649,      -8.180291013,      -6.107790065,      -8.386279454,      -6.431257574,      -8.134921901,      -3.367904071,         100,      -4.159618304,             100,      -5.217114136,                7,      -6.141991063,   0.0003114511306,       0.716618004,               100,               100,               100,     0.07248936946,      0.3485113692,      -1.230932132,                 0,                 0,                 0,      -1.783999087,      0.3485113692,      -1.230932132,                 0,      -3.531971239,  -1.012935794e-11,   1.589006284e-09,                 0
          0,           0,         844,      -8.968151337,      -7.432605354,      -8.181404957,      -6.108555113,      -8.388432199,      -6.432845578,      -8.136031928,      -3.369862277,         100,      -4.188997822,             100,      -5.286024787,                7,       -6.14158907,   0.0003113402772,      0.7166174534,               100,               100,               100,     0.07248936946,      0.3485124364,      -1.230936006,                 0,                 0,                 0,      -1.784004088,      0.3485124364,      -1.230936006,                 0,      -3.531971537,  -2.444995436e-12,   1.760215584e-09,                 0
          0,           0,         845,      -8.968935994,       -7.43359105,      -8.182511029,      -6.109339755,      -8.390590164,      -6.434402143,      -8.137136533,      -3.371218254,         100,       -4.10869968,             100,      -5.233720205,                7,      -6.141919862,   0.0003112299064,      0.7166169052,               100,               100,               100,     0.07248936946,      0.3485131577,      -1.230938411,                 0,                 0,                 0,      -1.784008202,      0.3485131577,      -1.230938411,                 0,      -3.531971128,  -3.304365046e-12,   1.810899913e-09,                 0
          0,           0,         846,      -8.969705952,      -7.434584325,      -8.183630409,      -6.110109702,      -8.392746878,      -6.435988461,      -8.138256441,       -3.37279513,         100,      -4.141127397,             100,      -5.291649633,                7,       -6.14200996,   0.0003111200163,      0.7166163584,               100,               100,               100,     0.07248936946,      0.3485142217,      -1.230942272,                 0,                 0,                 0,      -1.784013185,      0.3485142217,      -1.230942272,                 0,      -3.531971423,  -1.859100833e-11,   1.527254058e-09,                 0
          0,           0,         847,      -8.970495394,       -7.43557553,      -8.184741407,      -6.110899154,      -8.394908823,      -6.437541238,      -8.139370668,      -3.374448242,         100,      -4.177802298,             100,      -5.253547504,                7,      -6.142048476,   0.0003110106049,      0.7166158138,               100,               100,               100,     0.07248936946,      0.3485149398,      -1.230944665,                 0,                 0,                 0,      -1.784017282,      0.3485149398,      -1.230944665,                 0,      -3.531971013,  -1.400055164e-11,   1.303646315e-09,                 0
          0,           0,         848,      -8.971268668,      -7.436573848,      -8.185863442,      -6.111672444,      -8.397069396,      -6.439127308,       -8.14050003,      -3.376122238,         100,      -4.178239784,             100,      -5.304043217,                7,      -6.141980998,   0.0003109016702,      0.7166152704,               100,               100,               100,     0.07248936946,      0.3485160007,      -1.230948514,                 0,                 0,                 0,       -1.78402225,      0.3485160007,      -1.230948514,                 0,      -3.531971306,   1.027128712e-11,   9.925819406e-10,                 0
          0,           0,         849,      -8.972063926,      -7.437570481,      -8.186979111,      -6.112467706,      -8.399235371,       -6.44068118,      -8.141623397,      -3.377803259,         100,      -4.064598424,             100,      -5.195629469,                7,      -6.141911647,     0.00031079321,      0.7166147291,               100,               100,               100,     0.07248936946,      0.3485167158,      -1.230950896,                 0,                 0,                 0,      -1.784026331,      0.3485167158,      -1.230950896,                 0,      -3.531970893,   8.203434783e-12,   1.274795914e-09,                 0
          0,           0,         850,      -8.972843693,      -7.438574543,      -8.188106783,      -6.113247482,      -8.401399885,      -6.442267354,      -8.142761846,      -3.379488118,         100,      -4.091892393,             100,      -5.204504851,                7,      -6.141966655,   0.0003106852227,      0.7166141887,               100,               100,               100,     0.07248936946,      0.3485177736,      -1.230954734,                 0,                 0,                 0,      -1.784031284,      0.3485177736,      -1.230954734,                 0,      -3.531971185,   3.134482041e-12,   4.871814357e-10,                 0
          0,           0,         851,      -8.973643866,      -7.439576395,       -8.18922589,      -6.114047628,      -8.403569863,      -6.443817995,      -8.143893884,       -3.38117325,         100,      -4.048635706,             100,      -5.278534314,                7,      -6.141769592,   0.0003105777062,      0.7166136503,               100,               100,               100,     0.07248936946,      0.3485184858,      -1.230957105,                 0,                 0,                 0,       -1.78403535,      0.3485184858,      -1.230957105,                 0,      -3.531970772,   1.216243735e-11,   7.446722701e-10,                 0
          0,           0,         852,      -8.974428943,      -7.440585594,      -8.190357085,       -6.11483273,      -8.405738183,      -6.445400969,      -8.145040571,      -3.382858904,         100,       -4.14792217,             100,      -5.254729829,                7,        -6.1416557,   0.0003104706583,      0.7166131128,               100,               100,               100,     0.07248936946,      0.3485195407,      -1.230960933,                 0,                 0,                 0,      -1.784040287,      0.3485195407,      -1.230960933,                 0,      -3.531971063,   2.502076613e-13,   1.261561412e-09,                 0
          0,           0,         853,      -8.975234957,      -7.441592732,      -8.191480235,       -6.11563873,       -8.40791211,      -6.446950834,      -8.146180555,      -3.384546104,         100,      -4.093830499,             100,      -5.207434652,                7,      -6.141787795,   0.0003103640773,       0.716612577,               100,               100,               100,     0.07248936946,        0.34852025,      -1.230963294,                 0,                 0,                 0,      -1.784044339,        0.34852025,      -1.230963294,                 0,       -3.53197065,   -6.67566994e-12,    1.44188222e-09,                 0
          0,           0,         854,      -8.976026675,      -7.442607369,         -8.192616,      -6.116430445,      -8.410084421,      -6.448538016,      -8.147335345,      -3.386236969,         100,       -4.02699142,             100,      -5.251735811,                7,      -6.141712488,   0.0003102579613,       0.716612042,               100,               100,               100,     0.07248936946,       0.348521302,      -1.230967111,                 0,                 0,                 0,      -1.784049262,       0.348521302,      -1.230967111,                 0,      -3.531970942,   1.879421654e-12,   1.110523165e-09,                 0
          0,           0,         855,      -8.976839289,      -7.443619881,      -8.193743694,       -6.11724304,      -8.412262325,      -6.450084078,      -8.148482867,      -3.387925322,         100,      -4.065919041,             100,      -5.227915841,                7,      -6.141672599,   0.0003101523082,      0.7166115087,               100,               100,               100,     0.07248936946,      0.3485220083,      -1.230969462,                 0,                 0,                 0,      -1.784053299,      0.3485220083,      -1.230969462,                 0,      -3.531970528,   3.145095231e-12,   1.452184368e-09,                 0
          0,           0,         856,      -8.977636103,      -7.444639654,      -8.194883082,      -6.118039878,      -8.414438536,      -6.451667959,      -8.149644845,      -3.389615721,         100,      -3.993969396,             100,      -5.273460208,                7,      -6.141524569,   0.0003100471162,       0.716610976,               100,               100,               100,     0.07248936946,      0.3485230574,      -1.230973269,                 0,                 0,                 0,      -1.784058208,      0.3485230574,      -1.230973269,                 0,      -3.531970821,   3.128739215e-12,   1.527614047e-09,                 0
          0,           0,         857,       -8.97845486,      -7.445657432,      -8.196015037,      -6.118858639,      -8.416620358,       -6.45321237,      -8.150799443,      -3.391307446,         100,      -4.203108454,             100,      -5.277687753,                7,      -6.141581511,   0.0003099423836,      0.7166104449,               100,               100,               100,     0.07248936946,      0.3485237607,      -1.230975609,                 0,                 0,                 0,      -1.784062229,      0.3485237607,      -1.230975609,                 0,      -3.531970408,   1.145185086e-11,   1.366676505e-09,                 0
          0,           0,         858,      -8.979256607,      -7.446682168,      -8.197157381,      -6.119660387,      -8.418800448,      -6.454795471,      -8.151968215,      -3.392999721,         100,      -4.166495596,             100,      -5.316402216,                7,      -6.141646191,   0.0003098381084,      0.7166099143,               100,               100,               100,     0.07248936946,      0.3485248068,      -1.230979406,                 0,                 0,                 0,      -1.784067124,      0.3485248068,      -1.230979406,                 0,      -3.531970702,   1.737629392e-11,   1.768523369e-09,                 0
          0,           0,         859,      -8.980083049,      -7.447705345,      -8.198293941,      -6.120486817,      -8.420986193,      -6.456340235,      -8.153129164,      -3.394691477,         100,      -4.165271396,             100,      -5.372159001,                7,      -6.141510754,   0.0003097342886,      0.7166093853,               100,               100,               100,     0.07248936946,      0.3485255071,      -1.230981737,                 0,                 0,                 0,      -1.784071131,      0.3485255071,      -1.230981737,                 0,       -3.53197029,   1.883603565e-11,   1.629278781e-09,                 0
          0,           0,         860,      -8.980893031,      -7.448735778,      -8.199442235,      -6.121296783,      -8.423170154,      -6.457922617,      -8.154304317,       -3.39638467,         100,      -4.198036043,             100,       -5.22541524,                7,      -6.141430195,   0.0003096309222,      0.7166088568,               100,               100,               100,     0.07248936946,      0.3485265502,      -1.230985523,                 0,                 0,                 0,       -1.78407601,      0.3485265502,      -1.230985523,                 0,      -3.531970585,   2.398543596e-11,   1.151922611e-09,                 0
          0,           0,         861,      -8.981724075,      -7.449763961,      -8.200581997,      -6.122127857,      -8.425359997,      -6.459467131,      -8.155471474,      -3.398078255,         100,      -4.129812119,             100,      -5.316510836,                7,      -6.141244961,   0.0003095280077,      0.7166083297,               100,               100,               100,     0.07248936946,      0.3485272474,      -1.230987843,                 0,                 0,                 0,      -1.784080002,      0.3485272474,      -1.230987843,                 0,      -3.531970175,   1.559663934e-11,   1.841201141e-09,                 0
          0,           0,         862,      -8.982540695,      -7.450799751,      -8.201734988,      -6.122944463,      -8.427547809,      -6.461046575,      -8.156652539,      -3.399772666,         100,      -4.182571401,             100,      -5.328918379,                7,      -6.141460352,   0.0003094255433,      0.7166078031,               100,               100,               100,     0.07248936946,      0.3485282874,      -1.230991619,                 0,                 0,                 0,      -1.784084865,      0.3485282874,      -1.230991619,                 0,      -3.531970471,   1.196024037e-11,   1.797299392e-09,                 0
          0,           0,         863,      -8.983378155,       -7.45183316,      -8.202878793,      -6.123781934,      -8.429741486,      -6.462589499,      -8.157825365,      -3.401467897,         100,       -4.18203904,             100,      -5.297705113,                7,      -6.141354472,   0.0003093235269,      0.7166072778,               100,               100,               100,     0.07248936946,      0.3485289814,      -1.230993928,                 0,                 0,                 0,      -1.784088841,      0.3485289814,      -1.230993928,                 0,      -3.531970063,   5.213127158e-12,   1.606794482e-09,                 0
          0,           0,         864,      -8.984200524,      -7.452873981,      -8.204034865,       -6.12460431,      -8.431933173,       -6.46416947,      -8.159012017,      -3.403163757,         100,      -4.130794395,             100,      -5.311905821,                7,      -6.141327126,   0.0003092219571,      0.7166067531,               100,               100,               100,     0.07248936946,      0.3485300181,      -1.230997694,                 0,                 0,                 0,      -1.784093689,      0.3485300181,      -1.230997694,                 0,      -3.531970361,   1.094352905e-11,   9.225429341e-10,                 0
          0,           0,         865,      -8.985045373,      -7.453912763,      -8.205183719,       -6.12544916,      -8.434130835,      -6.465711604,       -8.16019017,       -3.40485948,         100,       -4.09235376,             100,      -5.301291291,                7,      -6.141209352,   0.0003091208317,      0.7166062297,               100,               100,               100,     0.07248936946,      0.3485307088,      -1.230999992,                 0,                 0,                 0,      -1.784097649,      0.3485307088,      -1.230999992,                 0,      -3.531969954,   1.889271633e-12,   7.589188614e-10,                 0
          0,           0,         866,      -8.985874388,      -7.454958951,      -8.206344808,      -6.126278169,      -8.436326356,      -6.467290623,      -8.161382138,      -3.406557141,         100,      -4.167396943,             100,      -5.248965352,                7,      -6.140995042,   0.0003090201492,      0.7166057067,               100,               100,               100,     0.07248936946,      0.3485317422,      -1.231003746,                 0,                 0,                 0,       -1.78410248,      0.3485317422,      -1.231003746,                 0,      -3.531970254,   1.407777554e-11,   1.666089598e-09,                 0
          0,           0,         867,      -8.986724432,      -7.456002652,      -8.207496569,      -6.127128212,      -8.438527913,      -6.468829829,       -8.16256528,      -3.408252719,         100,       -4.15862288,             100,      -5.331064472,                7,        -6.1410168,   0.0003089199079,      0.7166051851,               100,               100,               100,     0.07248936946,      0.3485324295,      -1.231006033,                 0,                 0,                 0,      -1.784106424,      0.3485324295,      -1.231006033,                 0,      -3.531969849,   1.836425432e-11,   8.016859966e-10,                 0
          0,           0,         868,      -8.987559563,      -7.457054018,      -8.208661712,      -6.127963344,      -8.440727248,      -6.470410146,      -8.163762227,      -3.409949458,         100,      -4.101917294,             100,      -5.311637791,                7,      -6.141041189,   0.0003088201058,      0.7166046639,               100,               100,               100,     0.07248936946,      0.3485334595,      -1.231009776,                 0,                 0,                 0,      -1.784111238,      0.3485334595,      -1.231009776,                 0,      -3.531970151,   1.982194138e-11,   6.673249353e-10,                 0
          0,           0,         869,       -8.98841653,      -7.458103186,      -8.209818782,      -6.128820315,      -8.442932744,      -6.471948749,      -8.164950174,      -3.411646384,         100,      -4.173321126,             100,      -5.306508224,                7,       -6.14124667,   0.0003087207412,      0.7166041441,               100,               100,               100,     0.07248936946,      0.3485341433,       -1.23101205,                 0,                 0,                 0,      -1.784115164,      0.3485341433,       -1.23101205,                 0,      -3.531969748,   1.432671431e-11,   8.161906865e-10,                 0
          0,           0,         870,      -8.989256856,      -7.459159622,      -8.210987268,      -6.129660645,      -8.445135921,      -6.473528329,      -8.166151961,      -3.413345253,         100,       -4.13057858,             100,      -5.307713463,                7,      -6.141083719,   0.0003086218127,      0.7166036247,               100,               100,               100,     0.07248936946,      0.3485351697,      -1.231015782,                 0,                 0,                 0,      -1.784119961,      0.3485351697,      -1.231015782,                 0,      -3.531970052,   7.821294601e-12,   1.056210586e-09,                 0
          0,           0,         871,      -8.990119532,      -7.460213883,       -8.21214799,      -6.130523317,      -8.447345308,      -6.475066924,      -8.167344581,      -3.415041436,         100,      -4.062619267,             100,      -5.298819991,                7,      -6.141072411,   0.0003085233182,      0.7166031067,               100,               100,               100,     0.07248936946,      0.3485358499,      -1.231018044,                 0,                 0,                 0,      -1.784123869,      0.3485358499,      -1.231018044,                 0,      -3.531969651,   2.030834314e-11,   7.460819443e-10,                 0
          0,           0,         872,       -8.99096586,      -7.461275695,      -8.213321401,      -6.131369645,      -8.449552324,      -6.476644553,      -8.168551029,      -3.416739399,         100,      -4.146447738,             100,      -5.323669327,                7,      -6.141100527,   0.0003084252562,      0.7166025892,               100,               100,               100,     0.07248936946,      0.3485368727,      -1.231021763,                 0,                 0,                 0,      -1.784128648,      0.3485368727,      -1.231021763,                 0,      -3.531969957,   2.624473861e-11,   1.680487986e-09,                 0
          0,           0,         873,      -8.991833292,      -7.462335083,      -8.214485834,       -6.13223706,      -8.451765581,      -6.478182846,       -8.16974823,      -3.418435861,         100,      -4.111131886,             100,      -5.304284672,                7,      -6.141066638,   0.0003083276248,       0.716602073,               100,               100,               100,     0.07248936946,      0.3485375492,      -1.231024014,                 0,                 0,                 0,      -1.784132538,      0.3485375492,      -1.231024014,                 0,      -3.531969558,   2.654260541e-11,   9.825673427e-10,                 0
          0,           0,         874,      -8.992685508,      -7.463402085,      -8.215663111,      -6.133089301,       -8.45397642,       -6.47976298,      -8.170959404,      -3.420135513,         100,      -4.087077006,             100,      -5.314712646,                7,      -6.140950404,   0.0003082304226,      0.7166015573,               100,               100,               100,     0.07248936946,      0.3485385681,       -1.23102772,                 0,                 0,                 0,      -1.784137298,      0.3485385681,       -1.23102772,                 0,      -3.531969866,   3.015800281e-11,   1.583220332e-09,                 0
          0,           0,         875,      -8.993558665,      -7.464466715,      -8.216831503,      -6.133962435,      -8.456193558,      -6.481299179,      -8.172161134,      -3.421831023,         100,      -4.177150387,             100,      -5.283491362,                7,      -6.141069883,   0.0003081336475,      0.7166010431,               100,               100,               100,     0.07248936946,      0.3485392407,      -1.231029957,                 0,                 0,                 0,      -1.784141168,      0.3485392407,      -1.231029957,                 0,       -3.53196947,   1.325628609e-11,   7.453037199e-10,                 0
          0,           0,         876,      -8.994415191,      -7.465538825,       -8.21801189,      -6.134818947,      -8.458408204,      -6.482877236,       -8.17337687,       -3.42352992,         100,        -4.2031252,             100,      -5.284930437,                7,      -6.140993676,   0.0003080372984,      0.7166005293,               100,               100,               100,     0.07248936946,      0.3485402558,       -1.23103365,                 0,                 0,                 0,      -1.784145909,      0.3485402558,       -1.23103365,                 0,       -3.53196978,   1.136258003e-11,   1.254652772e-09,                 0
          0,           0,         877,      -8.995293355,      -7.466608576,        -8.2191837,      -6.135697143,      -8.460629293,      -6.484416084,      -8.174583304,      -3.425228953,         100,      -4.233900518,             100,      -5.285534092,                7,      -6.140931894,   0.0003079413734,       0.716600017,               100,               100,               100,     0.07248936946,      0.3485409243,      -1.231035874,                 0,                 0,                 0,       -1.78414976,      0.3485409243,      -1.231035874,                 0,      -3.531969386,   1.463011381e-11,   6.771697699e-10,                 0
          0,           0,         878,      -8.996155371,      -7.467686004,      -8.220368413,      -6.136559157,      -8.462847658,      -6.485999693,      -8.175803993,      -3.426928173,         100,      -4.135008826,             100,      -5.288128456,                7,      -6.141021958,   0.0003078458707,      0.7165995052,               100,               100,               100,     0.07248936946,      0.3485419353,      -1.231039554,                 0,                 0,                 0,       -1.78415448,      0.3485419353,      -1.231039554,                 0,      -3.531969699,   2.307174721e-11,   1.136457753e-09,                 0
          0,           0,         879,      -8.997039093,      -7.468761152,      -8.221544747,      -6.137442873,        -8.4650726,       -6.48753813,      -8.177015255,      -3.428626785,         100,      -4.124651007,             100,       -5.27873156,                7,      -6.141052154,   0.0003077507888,       0.716598995,               100,               100,               100,     0.07248936946,      0.3485425996,      -1.231041764,                 0,                 0,                 0,       -1.78415831,      0.3485425996,      -1.231041764,                 0,      -3.531969307,   3.316922279e-11,    1.71969781e-09,                 0
          0,           0,         880,      -8.997904973,       -7.46984376,      -8.222732855,      -6.138308756,      -8.467294772,      -6.489118172,      -8.178240686,      -3.430326082,         100,       -4.14119475,             100,      -5.317684433,                7,      -6.140907887,   0.0003076561262,      0.7165984853,               100,               100,               100,     0.07248936946,      0.3485436063,       -1.23104543,                 0,                 0,                 0,      -1.784163009,      0.3485436063,       -1.23104543,                 0,      -3.531969622,   3.439216424e-11,   1.016991401e-09,                 0
          0,           0,         881,      -8.998792389,      -7.470923968,      -8.223912045,       -6.13919617,      -8.469523518,      -6.490655321,      -8.179456622,      -3.432023798,         100,      -4.178426405,             100,      -5.330876199,                7,      -6.141003274,   0.0003075618811,      0.7165979772,               100,               100,               100,     0.07248936946,      0.3485442663,      -1.231047625,                 0,                 0,                 0,      -1.784166818,      0.3485442663,      -1.231047625,                 0,      -3.531969233,   1.771132974e-11,    1.18380552e-09,                 0
          0,           0,         882,      -8.999662421,      -7.472011773,      -8.225103593,      -6.140066192,      -8.471749467,      -6.492238691,      -8.180687014,      -3.433724529,         100,      -4.187981964,             100,      -5.277220629,                7,      -6.140934284,   0.0003074680518,      0.7165974697,               100,               100,               100,     0.07248936946,      0.3485452686,      -1.231051276,                 0,                 0,                 0,      -1.784171495,      0.3485452686,      -1.231051276,                 0,      -3.531969551,   2.019079741e-11,   1.135583918e-09,                 0
          0,           0,         883,       -9.00055452,      -7.473097188,      -8.226286298,      -6.140958297,      -8.473982145,      -6.493779183,      -8.181908035,      -3.435425081,         100,      -4.173255431,             100,      -5.340461679,                7,       -6.14076848,   0.0003073746369,      0.7165969638,               100,               100,               100,     0.07248936946,      0.3485459241,      -1.231053456,                 0,                 0,                 0,      -1.784175281,      0.3485459241,      -1.231053456,                 0,      -3.531969165,   2.338729016e-11,   1.253679158e-09,                 0
