Force Coefficients for group 1 --> /home/liukushka/Desktop/Università/Magistrale/ProgettoAerodinamico/progettoAerodinamico/Pythonism/automatizzazioneVSP/analysisOutputCoordinate_X_secondary_wing/Coordinate_X_secondary_wing_0.2/geometry_Coordinate_X_secondary_wing_0.2_DegenGeom 

   Time        Cx         Cy         Cz        Cxo        Cyo        Czo        Cxi        Cyi        Czi        Cmx        Cmy        Cmz        Cmxo       Cmyo       Cmzo       Cmxi       Cmyi       Cmzi        CL         CD         CS        CLo        CDo        CSo        CLi        CDi        CSi 
   1.00000    0.08923    0.00747   -0.89634    0.03261   -0.00015    0.00204    0.05663    0.00762   -0.89839    0.15881    1.01982   -0.48817    0.00003    0.02933   -0.00009    0.15879    0.99049   -0.48807   -0.89634    0.08923    0.00747    0.00204    0.03261   -0.00015   -0.89839    0.05663    0.00762 
   2.00000    0.11254   -0.00015   -0.95991    0.03275   -0.00008    0.00278    0.07979   -0.00007   -0.96269    0.18508    1.25257   -0.44424    0.00007    0.02808   -0.00001    0.18502    1.22449   -0.44423   -0.95991    0.11254   -0.00015    0.00278    0.03275   -0.00008   -0.96269    0.07979   -0.00007 
   3.00000    0.11558   -0.00014   -0.95216    0.03262   -0.00001    0.00266    0.08296   -0.00013   -0.95482    0.18872    1.19402   -0.46165   -0.00001    0.02828    0.00001    0.18873    1.16574   -0.46166   -0.95216    0.11558   -0.00014    0.00266    0.03262   -0.00001   -0.95482    0.08296   -0.00013 
   4.00000    0.12112    0.00283   -0.95193    0.03278    0.00054    0.00254    0.08834    0.00229   -0.95447    0.18513    1.16787   -0.46325   -0.00017    0.02876    0.00032    0.18530    1.13912   -0.46357   -0.95193    0.12112    0.00283    0.00254    0.03278    0.00054   -0.95447    0.08834    0.00229 
   5.00000    0.15249   -0.00039   -1.05095    0.03421   -0.00046    0.00321    0.11828    0.00006   -1.05415    0.20696    1.44839   -0.46819    0.00019    0.02884    0.00017    0.20678    1.41955   -0.46836   -1.05095    0.15249   -0.00039    0.00321    0.03421   -0.00046   -1.05415    0.11828    0.00006 
   6.00000    0.12153   -0.00643   -0.90449    0.03246   -0.00001    0.00257    0.08907   -0.00642   -0.90706    0.18429    1.15335   -0.48008    0.00011    0.02842    0.00001    0.18418    1.12493   -0.48009   -0.90449    0.12153   -0.00643    0.00257    0.03246   -0.00001   -0.90706    0.08907   -0.00642 
   7.00000    0.10573   -0.02581   -0.98174    0.03341   -0.00029    0.00334    0.07232   -0.02552   -0.98509    0.21882    1.25632   -0.48505    0.00023    0.02773    0.00031    0.21859    1.22860   -0.48536   -0.98174    0.10573   -0.02581    0.00334    0.03341   -0.00029   -0.98509    0.07232   -0.02552 
   8.00000    0.12221   -0.01403   -0.90063    0.03216    0.00009    0.00276    0.09005   -0.01412   -0.90338    0.21829    1.13852   -0.47384   -0.00051    0.02768    0.00008    0.21881    1.11085   -0.47392   -0.90063    0.12221   -0.01403    0.00276    0.03216    0.00009   -0.90338    0.09005   -0.01412 
   9.00000    0.09051   -0.00880   -0.84922    0.03225    0.00007    0.00225    0.05826   -0.00886   -0.85147    0.17775    1.00568   -0.47980    0.00007    0.02889    0.00015    0.17769    0.97679   -0.47996   -0.84922    0.09051   -0.00880    0.00225    0.03225    0.00007   -0.85147    0.05826   -0.00886 
  10.00000    0.11291   -0.07215   -0.90299    0.03227    0.00010    0.00284    0.08064   -0.07224   -0.90583    0.19540    1.11854   -0.48872   -0.00013    0.02763    0.00003    0.19553    1.09091   -0.48875   -0.90299    0.11291   -0.07215    0.00284    0.03227    0.00010   -0.90583    0.08064   -0.07224 
  11.00000    0.11201   -0.02114   -0.84502    0.03201    0.00015    0.00241    0.08000   -0.02129   -0.84744    0.17626    1.03394   -0.45433    0.00004    0.02828    0.00007    0.17622    1.00566   -0.45440   -0.84502    0.11201   -0.02114    0.00241    0.03201    0.00015   -0.84744    0.08000   -0.02129 
  12.00000    0.10936   -0.02183   -0.89047    0.03203    0.00013    0.00262    0.07733   -0.02197   -0.89309    0.18528    1.03649   -0.47015   -0.00006    0.02782    0.00002    0.18534    1.00867   -0.47016   -0.89047    0.10936   -0.02183    0.00262    0.03203    0.00013   -0.89309    0.07733   -0.02197 
  13.00000    0.11315   -0.00507   -0.89871    0.03200    0.00025    0.00252    0.08116   -0.00532   -0.90122    0.18823    1.20142   -0.45702   -0.00001    0.02803    0.00003    0.18825    1.17339   -0.45705   -0.89871    0.11315   -0.00507    0.00252    0.03200    0.00025   -0.90122    0.08116   -0.00532 
  14.00000    0.12335   -0.01037   -0.89340    0.03232    0.00003    0.00235    0.09103   -0.01040   -0.89575    0.13302    0.84606   -0.41602    0.00010    0.02868   -0.00008    0.13293    0.81738   -0.41594   -0.89340    0.12335   -0.01037    0.00235    0.03232    0.00003   -0.89575    0.09103   -0.01040 
  15.00000    0.12462   -0.04083   -0.96554    0.03288   -0.00023    0.00294    0.09174   -0.04060   -0.96847    0.21122    1.36740   -0.46257   -0.00008    0.02804    0.00006    0.21129    1.33935   -0.46263   -0.96554    0.12462   -0.04083    0.00294    0.03288   -0.00023   -0.96847    0.09174   -0.04060 
  16.00000    0.11511    0.00128   -0.93807    0.03248   -0.00008    0.00261    0.08263    0.00136   -0.94069    0.17188    1.23315   -0.45374    0.00003    0.02832   -0.00005    0.17185    1.20482   -0.45369   -0.93807    0.11511    0.00128    0.00261    0.03248   -0.00008   -0.94069    0.08263    0.00136 


Average over last full revolution: 

  16.00000    0.11511    0.00128   -0.93807    0.03248   -0.00008    0.00261    0.08263    0.00136   -0.94069    0.17188    1.23315   -0.45374    0.00003    0.02832   -0.00005    0.17185    1.20482   -0.45369   -0.93807    0.11511    0.00128    0.00261    0.03248   -0.00008   -0.94069    0.08263    0.00136 



Average loading for wing surface: 1 --> VSP Surface: 1 ... NOTE: values are per area! 

  Station     S       Chord     Area      V/Vref        Cx            Cy            Cz           Cxo           Cyo           Czo          Cxi            Cyi           Czi           Cl            Cd            Cs            Clo           Cdo           Cso           Cli           Cdi           Csi           Cmx           Cmy           Cmz          Cmxo          Cmyo          Cmzo          Cmxi          Cmyi          Cmzi 
        1   0.06064   0.32000   0.01489   1.02298  3.345669e-02 -1.964348e-04 -5.440757e-01  1.669709e-02 -2.473468e-04  6.336923e-04  1.675960e-02  5.091202e-05 -5.447094e-01 -5.440757e-01  3.345669e-02  1.674800e-02  6.336923e-04  1.669709e-02 -2.473468e-04 -5.447094e-01  1.675960e-02  5.091202e-05 -3.927109e-02  5.657369e-01 -2.617390e-03  2.805437e-04  1.520126e-02 -1.458561e-03 -3.955164e-02  5.505357e-01 -1.158828e-03 
        2   0.15507   0.32000   0.01489   1.02294  3.094597e-02 -1.330736e-04 -5.468302e-01  1.671330e-02 -2.474198e-04  6.387721e-04  1.423267e-02  1.143462e-04 -5.474690e-01 -5.468302e-01  3.094597e-02  1.682765e-02  6.387721e-04  1.671330e-02 -2.474198e-04 -5.474690e-01  1.423267e-02  1.143462e-04 -1.188436e-01  5.646136e-01 -6.855791e-03  3.736596e-04  1.521156e-02 -3.884710e-03 -1.192172e-01  5.494020e-01 -2.971081e-03 
        3   0.22267   0.32000   0.01489   1.02056  3.065294e-02 -3.099710e-04 -5.525635e-01  1.669566e-02 -3.405146e-04  6.425380e-04  1.395728e-02  3.054370e-05 -5.532061e-01 -5.525635e-01  3.065294e-02  1.672621e-02  6.425380e-04  1.669566e-02 -3.405146e-04 -5.532061e-01  1.395728e-02  3.054370e-05 -2.001288e-01  5.649047e-01 -1.142755e-02  5.559909e-04  1.519107e-02 -6.396282e-03 -2.006848e-01  5.497137e-01 -5.031268e-03 
        4   0.29026   0.32000   0.01489   1.02027  2.739804e-02 -3.877651e-04 -5.605057e-01  1.674111e-02 -3.514662e-04  6.448259e-04  1.065693e-02 -3.629892e-05 -5.611506e-01 -5.605057e-01  2.739804e-02  1.670481e-02  6.448259e-04  1.674111e-02 -3.514662e-04 -5.611506e-01  1.065693e-02 -3.629892e-05 -2.842485e-01  5.670260e-01 -1.429515e-02  6.607632e-04  1.523188e-02 -8.852650e-03 -2.849093e-01  5.517941e-01 -5.442498e-03 
        5   0.35786   0.32000   0.01489   1.01532  3.251728e-02 -2.772621e-04 -5.739667e-01  1.672612e-02 -2.813155e-04  6.484649e-04  1.579116e-02  4.053346e-06 -5.746152e-01 -5.739667e-01  3.251728e-02  1.673017e-02  6.484649e-04  1.672612e-02 -2.813155e-04 -5.746152e-01  1.579116e-02  4.053346e-06 -3.745355e-01  5.825366e-01 -2.149994e-02  6.901676e-04  1.521403e-02 -1.120166e-02 -3.752257e-01  5.673226e-01 -1.029827e-02 
        6   0.42545   0.32000   0.01489   1.01575  3.129607e-02 -2.720931e-04 -5.746268e-01  1.673993e-02 -2.795010e-04  6.485097e-04  1.455614e-02  7.407843e-06 -5.752753e-01 -5.746268e-01  3.129607e-02  1.674734e-02  6.485097e-04  1.673993e-02 -2.795010e-04 -5.752753e-01  1.455614e-02  7.407843e-06 -4.583109e-01  5.817060e-01 -2.524830e-02  7.825670e-04  1.522708e-02 -1.363763e-02 -4.590935e-01  5.664790e-01 -1.161068e-02 
        7   0.49304   0.32000   0.01489   1.01504  2.949737e-02 -1.468114e-04 -5.648373e-01  1.665756e-02 -1.938956e-04  6.452587e-04  1.283981e-02  4.708419e-05 -5.654825e-01 -5.648373e-01  2.949737e-02  1.670464e-02  6.452587e-04  1.665756e-02 -1.938956e-04 -5.654825e-01  1.283981e-02  4.708419e-05 -5.325443e-01  5.711778e-01 -2.795651e-02  7.924075e-04  1.515221e-02 -1.590312e-02 -5.333367e-01  5.560256e-01 -1.205339e-02 
        8   0.56064   0.32000   0.01489   1.01499  3.025052e-02 -1.256921e-05 -5.473313e-01  1.653838e-02 -1.945758e-04  6.399425e-04  1.371213e-02  1.820066e-04 -5.479713e-01 -5.473313e-01  3.025052e-02  1.672039e-02  6.399425e-04  1.653838e-02 -1.945758e-04 -5.479713e-01  1.371213e-02  1.820066e-04 -5.955660e-01  5.554261e-01 -3.287807e-02  8.808870e-04  1.504450e-02 -1.819093e-02 -5.964469e-01  5.403816e-01 -1.468714e-02 
        9   0.62823   0.32000   0.01489   1.01616  2.870864e-02  3.328449e-04 -5.174390e-01  1.637242e-02 -5.277584e-05  6.394793e-04  1.233622e-02  3.856207e-04 -5.180785e-01 -5.174390e-01  2.870864e-02  1.675804e-02  6.394793e-04  1.637242e-02 -5.277584e-05 -5.180785e-01  1.233622e-02  3.856207e-04 -6.384192e-01  5.256004e-01 -3.494517e-02  8.386867e-04  1.488758e-02 -2.024401e-02 -6.392578e-01  5.107128e-01 -1.470116e-02 
       10   0.69583   0.32000   0.01489   1.01809  2.925597e-02  9.973904e-04 -4.781582e-01  1.618071e-02 -4.836902e-05  6.325761e-04  1.307526e-02  1.045759e-03 -4.787908e-01 -4.781582e-01  2.925597e-02  1.722647e-02  6.325761e-04  1.618071e-02 -4.836902e-05 -4.787908e-01  1.307526e-02  1.045759e-03 -6.599560e-01  4.885118e-01 -3.899273e-02  9.177732e-04  1.471267e-02 -2.235081e-02 -6.608738e-01  4.737991e-01 -1.664191e-02 
       11   0.76342   0.32000   0.01489   1.02149  2.539143e-02  2.437856e-03 -4.213738e-01  1.595291e-02  8.269883e-07  6.356208e-04  9.438523e-03  2.437029e-03 -4.220094e-01 -4.213738e-01  2.539143e-02  1.838994e-02  6.356208e-04  1.595291e-02  8.269883e-07 -4.220094e-01  9.438523e-03  2.437029e-03 -6.442096e-01  4.309753e-01 -3.556539e-02  9.675354e-04  1.449359e-02 -2.430221e-02 -6.451771e-01  4.164817e-01 -1.126318e-02 
       12   0.83101   0.32000   0.01489   1.03858  2.679758e-02 -6.569758e-02 -3.185749e-01  1.591750e-02 -4.672579e-04  6.605948e-04  1.088008e-02 -6.523032e-02 -3.192355e-01 -3.185749e-01  2.679758e-02 -4.931282e-02  6.605948e-04  1.591750e-02 -4.672579e-04 -3.192355e-01  1.088008e-02 -6.523032e-02 -4.672328e-01  3.222797e-01 -1.316627e-01  1.545337e-03  1.443504e-02 -2.702569e-02 -4.687781e-01  3.078446e-01 -1.046370e-01 
       13   0.89861   0.32000   0.01489   0.97054  3.180606e-02 -6.362617e-02 -4.682072e-01  1.504331e-02 -2.989413e-04  5.663287e-04  1.676275e-02 -6.332723e-02 -4.687735e-01 -4.682072e-01  3.180606e-02 -4.828392e-02  5.663287e-04  1.504331e-02 -2.989413e-04 -4.687735e-01  1.676275e-02 -6.332723e-02 -7.909676e-01  5.014832e-01 -1.423973e-01  1.310597e-03  1.370024e-02 -2.758142e-02 -7.922782e-01  4.877830e-01 -1.148159e-01 
       14   0.96620   0.32000   0.01489   0.99384  4.234141e-02  4.211653e-03 -4.822826e-01  1.563798e-02  6.665374e-04  6.430490e-04  2.670343e-02  3.545115e-03 -4.829257e-01 -4.822826e-01  4.234141e-02  1.918310e-02  6.430490e-04  1.563798e-02  6.665374e-04 -4.829257e-01  2.670343e-02  3.545115e-03 -9.487499e-01  5.604783e-01 -7.804608e-02  6.274162e-04  1.418750e-02 -2.996354e-02 -9.493773e-01  5.462908e-01 -4.808253e-02 



Average loading for wing surface: 2 --> VSP Surface: 2 ... NOTE: values are per area! 

  Station     S       Chord     Area      V/Vref        Cx            Cy            Cz           Cxo           Cyo           Czo          Cxi            Cyi           Czi           Cl            Cd            Cs            Clo           Cdo           Cso           Cli           Cdi           Csi           Cmx           Cmy           Cmz          Cmxo          Cmyo          Cmzo          Cmxi          Cmyi          Cmzi 
        1   0.06064   0.32000   0.01489   1.02311  3.334019e-02  1.921458e-04 -5.432098e-01  1.669467e-02  2.308433e-04  6.325241e-04  1.664553e-02 -3.869754e-05 -5.438423e-01 -5.432098e-01  3.334019e-02  1.665597e-02  6.325241e-04  1.669467e-02  2.308433e-04 -5.438423e-01  1.664553e-02 -3.869754e-05  3.921556e-02  5.648046e-01  2.608599e-03 -2.648078e-04  1.520013e-02  1.441886e-03  3.948037e-02  5.496044e-01  1.166713e-03 
        2   0.15507   0.32000   0.01489   1.02309  3.076118e-02  1.432230e-04 -5.447232e-01  1.670339e-02  2.353725e-04  6.326306e-04  1.405779e-02 -9.214957e-05 -5.453558e-01 -5.447232e-01  3.076118e-02  1.661124e-02  6.326306e-04  1.670339e-02  2.353725e-04 -5.453558e-01  1.405779e-02 -9.214957e-05  1.183768e-01  5.624891e-01  6.834551e-03 -3.608979e-04  1.520830e-02  3.870508e-03  1.187377e-01  5.472808e-01  2.964043e-03 
        3   0.22267   0.32000   0.01489   1.02073  3.038986e-02  3.249060e-04 -5.496395e-01  1.668045e-02  3.326749e-04  6.350047e-04  1.370941e-02 -7.768873e-06 -5.502745e-01 -5.496395e-01  3.038986e-02  1.667268e-02  6.350047e-04  1.668045e-02  3.326749e-04 -5.502745e-01  1.370941e-02 -7.768873e-06  1.990527e-01  5.620309e-01  1.135762e-02 -5.458235e-04  1.518417e-02  6.382926e-03  1.995985e-01  5.468467e-01  4.974698e-03 
        4   0.29026   0.32000   0.01489   1.02044  2.721003e-02  4.056017e-04 -5.570610e-01  1.672217e-02  3.435816e-04  6.371435e-04  1.048786e-02  6.202011e-05 -5.576982e-01 -5.570610e-01  2.721003e-02  1.678419e-02  6.371435e-04  1.672217e-02  3.435816e-04 -5.576982e-01  1.048786e-02  6.202011e-05  2.824816e-01  5.637488e-01  1.422895e-02 -6.493847e-04  1.522160e-02  8.835151e-03  2.831310e-01  5.485272e-01  5.393797e-03 
        5   0.35786   0.32000   0.01489   1.01539  3.240485e-02  2.900556e-04 -5.702574e-01  1.670227e-02  2.800437e-04  6.416529e-04  1.570258e-02  1.001193e-05 -5.708991e-01 -5.702574e-01  3.240485e-02  1.671228e-02  6.416529e-04  1.670227e-02  2.800437e-04 -5.708991e-01  1.570258e-02  1.001193e-05  3.721002e-01  5.790842e-01  2.144584e-02 -6.845139e-04  1.519822e-02  1.118482e-02  3.727847e-01  5.638859e-01  1.026102e-02 
        6   0.42545   0.32000   0.01489   1.01584  3.127767e-02  2.681320e-04 -5.706204e-01  1.671428e-02  2.781090e-04  6.425303e-04  1.456339e-02 -9.977002e-06 -5.712629e-01 -5.706204e-01  3.127767e-02  1.670430e-02  6.425303e-04  1.671428e-02  2.781090e-04 -5.712629e-01  1.456339e-02 -9.977002e-06  4.551167e-01  5.780013e-01  2.522794e-02 -7.764754e-04  1.520873e-02  1.361576e-02  4.558932e-01  5.627926e-01  1.161217e-02 
        7   0.49304   0.32000   0.01489   1.01478  2.952836e-02  1.412945e-04 -5.606316e-01  1.662303e-02  1.962212e-04  6.411000e-04  1.290533e-02 -5.492668e-05 -5.612727e-01 -5.606316e-01  2.952836e-02  1.656810e-02  6.411000e-04  1.662303e-02  1.962212e-04 -5.612727e-01  1.290533e-02 -5.492668e-05  5.285826e-01  5.673639e-01  2.797396e-02 -7.906911e-04  1.512362e-02  1.587288e-02  5.293733e-01  5.522403e-01  1.210108e-02 
        8   0.56064   0.32000   0.01489   1.01474  3.030344e-02 -3.212827e-06 -5.425887e-01  1.650156e-02  1.968814e-04  6.365265e-04  1.380188e-02 -2.000942e-04 -5.432252e-01 -5.425887e-01  3.030344e-02  1.630147e-02  6.365265e-04  1.650156e-02  1.968814e-04 -5.432252e-01  1.380188e-02 -2.000942e-04  5.904201e-01  5.509952e-01  3.290507e-02 -8.793564e-04  1.501300e-02  1.815317e-02  5.912994e-01  5.359822e-01  1.475190e-02 
        9   0.62823   0.32000   0.01489   1.01575  2.841657e-02 -3.703211e-04 -5.104896e-01  1.632023e-02  5.108074e-05  6.238682e-04  1.209634e-02 -4.214018e-04 -5.111135e-01 -5.104896e-01  2.841657e-02  1.589883e-02  6.238682e-04  1.632023e-02  5.108074e-05 -5.111135e-01  1.209634e-02 -4.214018e-04  6.298843e-01  5.178742e-01  3.452101e-02 -8.178267e-04  1.485369e-02  2.017795e-02  6.307022e-01  5.030205e-01  1.434306e-02 
       10   0.69583   0.32000   0.01489   1.01761  2.886241e-02 -1.159257e-03 -4.703095e-01  1.612484e-02  4.692863e-05  6.181005e-04  1.273757e-02 -1.206186e-03 -4.709276e-01 -4.703095e-01  2.886241e-02  1.491866e-02  6.181005e-04  1.612484e-02  4.692863e-05 -4.709276e-01  1.273757e-02 -1.206186e-03  6.492898e-01  4.796770e-01  3.820936e-02 -8.964550e-04  1.467416e-02  2.227236e-02  6.501863e-01  4.650028e-01  1.593699e-02 
       11   0.76342   0.32000   0.01489   1.02215  2.463253e-02 -2.699476e-03 -4.129601e-01  1.592729e-02 -2.643881e-06  6.138964e-04  8.705244e-03 -2.696832e-03 -4.135740e-01 -4.129601e-01  2.463253e-02  1.323046e-02  6.138964e-04  1.592729e-02 -2.643881e-06 -4.135740e-01  8.705244e-03 -2.696832e-03  6.316446e-01  4.215404e-01  3.405399e-02 -9.327168e-04  1.449101e-02  2.426136e-02  6.325773e-01  4.070494e-01  9.792629e-03 
       12   0.83101   0.32000   0.01489   1.03810  2.718958e-02  5.702097e-02 -3.134009e-01  1.588583e-02  4.948817e-04  6.525654e-04  1.130375e-02  5.652608e-02 -3.140535e-01 -3.134009e-01  2.718958e-02  7.241192e-02  6.525654e-04  1.588583e-02  4.948817e-04 -3.140535e-01  1.130375e-02  5.652608e-02  4.667075e-01  3.191232e-01  1.196239e-01 -1.558138e-03  1.441304e-02  2.700046e-02  4.682656e-01  3.047102e-01  9.262344e-02 
       13   0.89861   0.32000   0.01489   0.96852  3.099154e-02  5.486366e-02 -4.568786e-01  1.492977e-02  2.357980e-04  5.639494e-04  1.606178e-02  5.462786e-02 -4.574425e-01 -4.568786e-01  3.099154e-02  6.955763e-02  5.639494e-04  1.492977e-02  2.357980e-04 -4.574425e-01  1.606178e-02  5.462786e-02  7.790421e-01  4.873655e-01  1.281603e-01 -1.246399e-03  1.359494e-02  2.731236e-02  7.802885e-01  4.737705e-01  1.008480e-01 
       14   0.96620   0.32000   0.01489   0.99461  4.065943e-02 -4.332069e-03 -4.735047e-01  1.560273e-02 -6.706204e-04  6.136351e-04  2.505670e-02 -3.661449e-03 -4.741184e-01 -4.735047e-01  4.065943e-02  1.194128e-02  6.136351e-04  1.560273e-02 -6.706204e-04 -4.741184e-01  2.505670e-02 -3.661449e-03  9.316968e-01  5.488346e-01  7.459014e-02 -5.659316e-04  1.418347e-02  2.989041e-02  9.322627e-01  5.346511e-01  4.469973e-02 



Average loading for wing surface: 3 --> VSP Surface: 3 ... NOTE: values are per area! 

  Station     S       Chord     Area      V/Vref        Cx            Cy            Cz           Cxo           Cyo           Czo          Cxi            Cyi           Czi           Cl            Cd            Cs            Clo           Cdo           Cso           Cli           Cdi           Csi           Cmx           Cmy           Cmz          Cmxo          Cmyo          Cmzo          Cmxi          Cmyi          Cmzi 
        1   0.03103   0.13000   0.00606   0.98591  1.384139e-01 -4.248536e-04 -9.761289e-01  2.278927e-02 -4.081605e-04  4.821430e-03  1.156246e-01 -1.669307e-05 -9.809503e-01 -9.761289e-01  1.384139e-01  2.277257e-02  4.821430e-03  2.278927e-02 -4.081605e-04 -9.809503e-01  1.156246e-01 -1.669307e-05 -1.732287e-01  5.178541e+00 -2.689452e-02  1.916787e-03  3.432522e-02 -6.154187e-03 -1.751455e-01  5.144215e+00 -2.074034e-02 
        2   0.09814   0.13000   0.00606   0.98594  1.364099e-01 -5.015921e-04 -9.694281e-01  2.270710e-02 -5.002586e-04  4.777322e-03  1.137028e-01 -1.333429e-06 -9.742054e-01 -9.694281e-01  1.364099e-01  2.270577e-02  4.777322e-03  2.270710e-02 -5.002586e-04 -9.742054e-01  1.137028e-01 -1.333429e-06 -5.181367e-01  5.139869e+00 -7.564733e-02  3.853334e-03  3.433795e-02 -1.471958e-02 -5.219901e-01  5.105531e+00 -6.092775e-02 
        3   0.17029   0.13000   0.00606   0.98700  1.267554e-01 -6.069661e-04 -9.455572e-01  2.241877e-02 -6.114453e-04  4.704737e-03  1.043366e-01  4.479198e-06 -9.502619e-01 -9.455572e-01  1.267554e-01  2.242325e-02  4.704737e-03  2.241877e-02 -6.114453e-04 -9.502619e-01  1.043366e-01  4.479198e-06 -8.426036e-01  4.995076e+00 -1.162395e-01  5.782327e-03  3.396284e-02 -2.313971e-02 -8.483859e-01  4.961113e+00 -9.309976e-02 
        4   0.24244   0.13000   0.00606   0.98591  1.345399e-01 -8.594239e-04 -9.516045e-01  2.248848e-02 -6.573893e-04  4.716380e-03  1.120515e-01 -2.020346e-04 -9.563209e-01 -9.516045e-01  1.345399e-01  2.228644e-02  4.716380e-03  2.248848e-02 -6.573893e-04 -9.563209e-01  1.120515e-01 -2.020346e-04 -1.187409e+00  5.052684e+00 -1.726202e-01  7.595991e-03  3.408369e-02 -3.146821e-02 -1.195005e+00  5.018601e+00 -1.411520e-01 
        5   0.31459   0.13000   0.00606   0.98421  1.429372e-01 -8.378171e-04 -9.297953e-01  2.222464e-02 -6.070160e-04  4.658638e-03  1.207126e-01 -2.308012e-04 -9.344539e-01 -9.297953e-01  1.429372e-01  2.199383e-02  4.658638e-03  2.222464e-02 -6.070160e-04 -9.344539e-01  1.207126e-01 -2.308012e-04 -1.492049e+00  4.965571e+00 -2.340106e-01  9.057308e-03  3.369611e-02 -3.881849e-02 -1.501106e+00  4.931875e+00 -1.951921e-01 
        6   0.38673   0.13000   0.00606   0.98454  1.417448e-01 -3.194276e-04 -9.140205e-01  2.205133e-02 -3.392786e-04  4.625566e-03  1.196934e-01  1.985102e-05 -9.186461e-01 -9.140205e-01  1.417448e-01  2.207118e-02  4.625566e-03  2.205133e-02 -3.392786e-04 -9.186461e-01  1.196934e-01  1.985102e-05 -1.794500e+00  4.885989e+00 -2.800489e-01  9.963569e-03  3.341673e-02 -4.504798e-02 -1.804464e+00  4.852573e+00 -2.350009e-01 
        7   0.45888   0.13000   0.00606   0.98275  1.396034e-01 -6.448187e-05 -9.017417e-01  2.188464e-02 -1.800883e-04  4.535573e-03  1.177188e-01  1.156064e-04 -9.062773e-01 -9.017417e-01  1.396034e-01  2.200024e-02  4.535573e-03  2.188464e-02 -1.800883e-04 -9.062773e-01  1.177188e-01  1.156064e-04 -2.093132e+00  4.819133e+00 -3.244063e-01  1.099486e-02  3.344516e-02 -5.172342e-02 -2.104127e+00  4.785688e+00 -2.726829e-01 
        8   0.53103   0.13000   0.00606   0.98236  1.438364e-01  2.543780e-05 -8.954675e-01  2.181471e-02  4.959655e-05  4.534759e-03  1.220217e-01 -2.415874e-05 -9.000023e-01 -8.954675e-01  1.438364e-01  2.179055e-02  4.534759e-03  2.181471e-02  4.959655e-05 -9.000023e-01  1.220217e-01 -2.415874e-05 -2.398756e+00  4.800968e+00 -3.851717e-01  1.201838e-02  3.326843e-02 -5.817894e-02 -2.410774e+00  4.767700e+00 -3.269928e-01 
        9   0.60318   0.13000   0.00606   0.96906  1.464730e-01  8.646502e-04 -9.049318e-01  2.164842e-02  8.829021e-04  4.571133e-03  1.248245e-01 -1.825184e-05 -9.095030e-01 -9.049318e-01  1.464730e-01  2.163017e-02  4.571133e-03  2.164842e-02  8.829021e-04 -9.095030e-01  1.248245e-01 -1.825184e-05 -2.749589e+00  4.856232e+00 -4.402368e-01  1.159279e-02  3.265250e-02 -6.120900e-02 -2.761182e+00  4.823580e+00 -3.790278e-01 
       10   0.67533   0.13000   0.00606   0.96484  1.622810e-01  1.801793e-03 -9.171148e-01  2.173823e-02  1.191035e-03  4.609898e-03  1.405427e-01  6.107586e-04 -9.217247e-01 -9.171148e-01  1.622810e-01  2.234899e-02  4.609898e-03  2.173823e-02  1.191035e-03 -9.217247e-01  1.405427e-01  6.107586e-04 -3.116272e+00  4.956867e+00 -5.412872e-01  1.255979e-02  3.268683e-02 -6.767153e-02 -3.128832e+00  4.924180e+00 -4.736157e-01 
       11   0.74748   0.13000   0.00606   0.95964  1.729230e-01  2.615039e-02 -9.497439e-01  2.196252e-02  2.102007e-03  4.910481e-03  1.509605e-01  2.404839e-02 -9.546544e-01 -9.497439e-01  1.729230e-01  4.601091e-02  4.910481e-03  2.196252e-02  2.102007e-03 -9.546544e-01  1.509605e-01  2.404839e-02 -3.632512e+00  5.155340e+00 -5.108373e-01  1.297689e-02  3.173180e-02 -7.162349e-02 -3.645489e+00  5.123608e+00 -4.392138e-01 
       12   0.81963   0.13000   0.00606   0.98207  1.317240e-01  1.952113e-02 -1.074352e+00  2.380459e-02  4.133412e-03  3.931458e-03  1.079194e-01  1.538772e-02 -1.078284e+00 -1.074352e+00  1.317240e-01  3.919231e-02  3.931458e-03  2.380459e-02  4.133412e-03 -1.078284e+00  1.079194e-01  1.538772e-02 -4.457290e+00  5.686296e+00 -4.383447e-01  5.454868e-03  4.149715e-02 -7.665749e-02 -4.462745e+00  5.644798e+00 -3.616873e-01 
       13   0.89178   0.13000   0.00606   0.99032  1.112720e-01  4.821188e-03 -8.338122e-01  2.113557e-02  2.546192e-03  4.165707e-03  9.013648e-02  2.274996e-03 -8.379779e-01 -8.338122e-01  1.112720e-01  2.341057e-02  4.165707e-03  2.113557e-02  2.546192e-03 -8.379779e-01  9.013648e-02  2.274996e-03 -3.733847e+00  4.404301e+00 -4.733061e-01  1.201049e-02  3.339658e-02 -8.135058e-02 -3.745857e+00  4.370904e+00 -3.919556e-01 
       14   0.96393   0.13000   0.00606   0.99788  7.911586e-02  1.264619e-02 -6.489000e-01  1.962231e-02  2.259271e-03  3.744435e-03  5.949355e-02  1.038692e-02 -6.526445e-01 -6.489000e-01  7.911586e-02  3.000923e-02  3.744435e-03  1.962231e-02  2.259271e-03 -6.526445e-01  5.949355e-02  1.038692e-02 -3.164555e+00  3.393183e+00 -3.158832e-01  1.220931e-02  3.163376e-02 -8.306836e-02 -3.176764e+00  3.361550e+00 -2.328148e-01 



Average loading for wing surface: 4 --> VSP Surface: 4 ... NOTE: values are per area! 

  Station     S       Chord     Area      V/Vref        Cx            Cy            Cz           Cxo           Cyo           Czo          Cxi            Cyi           Czi           Cl            Cd            Cs            Clo           Cdo           Cso           Cli           Cdi           Csi           Cmx           Cmy           Cmz          Cmxo          Cmyo          Cmzo          Cmxi          Cmyi          Cmzi 
        1   0.03103   0.13000   0.00606   0.98544  1.374507e-01  3.633743e-04 -9.731492e-01  2.274251e-02  3.468741e-04  4.816806e-03  1.147082e-01  1.650021e-05 -9.779660e-01 -9.731492e-01  1.374507e-01  2.275901e-02  4.816806e-03  2.274251e-02  3.468741e-04 -9.779660e-01  1.147082e-01  1.650021e-05  1.728546e-01  5.160382e+00  2.640658e-02 -1.757428e-03  3.422790e-02  5.832819e-03  1.746120e-01  5.126154e+00  2.057376e-02 
        2   0.09814   0.13000   0.00606   0.98535  1.365474e-01  4.494895e-04 -9.646631e-01  2.263472e-02  4.562422e-04  4.793266e-03  1.139127e-01 -6.752723e-06 -9.694564e-01 -9.646631e-01  1.365474e-01  2.262797e-02  4.793266e-03  2.263472e-02  4.562422e-04 -9.694564e-01  1.139127e-01 -6.752723e-06  5.157369e-01  5.115577e+00  7.544283e-02 -3.748015e-03  3.406930e-02  1.445600e-02  5.194849e-01  5.081507e+00  6.098683e-02 
        3   0.17029   0.13000   0.00606   0.98641  1.265395e-01  5.805576e-04 -9.357083e-01  2.228469e-02  5.840514e-04  4.722068e-03  1.042549e-01 -3.493773e-06 -9.404304e-01 -9.357083e-01  1.265395e-01  2.228119e-02  4.722068e-03  2.228469e-02  5.840514e-04 -9.404304e-01  1.042549e-01 -3.493773e-06  8.339207e-01  4.944701e+00  1.159077e-01 -5.726940e-03  3.352748e-02  2.288008e-02  8.396476e-01  4.911174e+00  9.302765e-02 
        4   0.24244   0.13000   0.00606   0.98508  1.347133e-01  9.127156e-04 -9.351846e-01  2.227288e-02  6.426684e-04  4.717059e-03  1.124404e-01  2.700472e-04 -9.399016e-01 -9.351846e-01  1.347133e-01  2.254293e-02  4.717059e-03  2.227288e-02  6.426684e-04 -9.399016e-01  1.124404e-01  2.700472e-04  1.166898e+00  4.971885e+00  1.731216e-01 -7.558759e-03  3.352253e-02  3.112353e-02  1.174457e+00  4.938362e+00  1.419981e-01 
        5   0.31459   0.13000   0.00606   0.98634  1.335776e-01  5.426278e-04 -8.902774e-01  2.179086e-02  5.451119e-04  4.598064e-03  1.117868e-01 -2.484100e-06 -8.948755e-01 -8.902774e-01  1.335776e-01  2.178838e-02  4.598064e-03  2.179086e-02  5.451119e-04 -8.948755e-01  1.117868e-01 -2.484100e-06  1.429158e+00  4.748568e+00  2.173746e-01 -8.799826e-03  3.288342e-02  3.780518e-02  1.437958e+00  4.715684e+00  1.795694e-01 
        6   0.38673   0.13000   0.00606   0.98671  1.311442e-01 -5.812762e-04 -8.598591e-01  2.146678e-02  2.909917e-04  4.530691e-03  1.096774e-01 -8.722679e-04 -8.643898e-01 -8.598591e-01  1.311442e-01  2.059451e-02  4.530691e-03  2.146678e-02  2.909917e-04 -8.643898e-01  1.096774e-01 -8.722679e-04  1.690381e+00  4.594060e+00  2.545310e-01 -9.652300e-03  3.238920e-02  4.365313e-02  1.700033e+00  4.561671e+00  2.108779e-01 
        7   0.45888   0.13000   0.00606   0.98719  1.241101e-01 -8.802855e-04 -8.330054e-01  2.117961e-02  9.794246e-05  4.476821e-03  1.029305e-01 -9.782280e-04 -8.374822e-01 -8.330054e-01  1.241101e-01  2.020138e-02  4.476821e-03  2.117961e-02  9.794246e-05 -8.374822e-01  1.029305e-01 -9.782280e-04  1.935977e+00  4.445236e+00  2.835372e-01 -1.064598e-02  3.192149e-02  4.966719e-02  1.946623e+00  4.413314e+00  2.338700e-01 
        8   0.53103   0.13000   0.00606   0.98656  1.269907e-01 -3.216457e-04 -8.206332e-01  2.104773e-02 -1.377266e-04  4.437064e-03  1.059429e-01 -1.839191e-04 -8.250702e-01 -8.206332e-01  1.269907e-01  2.086381e-02  4.437064e-03  2.104773e-02 -1.377266e-04 -8.250702e-01  1.059429e-01 -1.839191e-04  2.199103e+00  4.393347e+00  3.385061e-01 -1.152873e-02  3.178340e-02  5.567440e-02  2.210632e+00  4.361564e+00  2.828317e-01 
        9   0.60318   0.13000   0.00606   0.97568  1.258584e-01 -3.487876e-04 -8.232160e-01  2.082530e-02 -9.467449e-04  4.383303e-03  1.050331e-01  5.979574e-04 -8.275992e-01 -8.232160e-01  1.258584e-01  2.142326e-02  4.383303e-03  2.082530e-02 -9.467449e-04 -8.275992e-01  1.050331e-01  5.979574e-04  2.500227e+00  4.401121e+00  3.803513e-01 -1.085744e-02  3.148262e-02  5.838417e-02  2.511084e+00  4.369638e+00  3.219672e-01 
       10   0.67533   0.13000   0.00606   0.97241  1.359861e-01 -1.545045e-03 -8.398340e-01  2.094543e-02 -1.178737e-03  4.414122e-03  1.150407e-01 -3.663081e-04 -8.442481e-01 -8.398340e-01  1.359861e-01  2.057913e-02  4.414122e-03  2.094543e-02 -1.178737e-03 -8.442481e-01  1.150407e-01 -3.663081e-04  2.854330e+00  4.508076e+00  4.534512e-01 -1.192736e-02  3.163597e-02  6.504448e-02  2.866258e+00  4.476440e+00  3.884067e-01 
       11   0.74748   0.13000   0.00606   0.97237  1.443563e-01 -2.253673e-02 -8.929825e-01  2.142670e-02 -2.385885e-03  4.681796e-03  1.229295e-01 -2.015085e-02 -8.976643e-01 -8.929825e-01  1.443563e-01  1.275853e-03  4.681796e-03  2.142670e-02 -2.385885e-03 -8.976643e-01  1.229295e-01 -2.015085e-02  3.408465e+00  4.791215e+00  4.263321e-01 -1.138500e-02  3.151375e-02  6.816425e-02  3.419850e+00  4.759702e+00  3.581678e-01 
       12   0.81963   0.13000   0.00606   1.00369  1.213390e-01 -1.842485e-02 -9.387231e-01  2.256100e-02 -3.122856e-03  4.087193e-03  9.877797e-02 -1.530200e-02 -9.428103e-01 -9.387231e-01  1.213390e-01  7.259008e-03  4.087193e-03  2.256100e-02 -3.122856e-03 -9.428103e-01  9.877797e-02 -1.530200e-02  3.896214e+00  4.912750e+00  4.028379e-01 -8.708573e-03  3.748486e-02  7.671131e-02  3.904923e+00  4.875265e+00  3.261266e-01 
       13   0.89178   0.13000   0.00606   1.00932  6.900964e-02 -6.400451e-03 -7.932538e-01  2.082433e-02 -4.612081e-03  3.563696e-03  4.818531e-02 -1.788370e-03 -7.968176e-01 -7.932538e-01  6.900964e-02  1.903596e-02  3.563696e-03  2.082433e-02 -4.612081e-03 -7.968176e-01  4.818531e-02 -1.788370e-03  3.558706e+00  4.080785e+00  2.745133e-01 -3.978959e-03  3.566625e-02  6.940962e-02  3.562685e+00  4.045119e+00  2.051037e-01 
       14   0.96393   0.13000   0.00606   1.08791  7.922357e-02 -1.165889e-02 -7.793121e-01  2.224992e-02 -5.811119e-03  4.998571e-03  5.697365e-02 -5.847770e-03 -7.843107e-01 -7.793121e-01  7.922357e-02  1.640215e-02  4.998571e-03  2.224992e-02 -5.811119e-03 -7.843107e-01  5.697365e-02 -5.847770e-03  3.790173e+00  4.022842e+00  3.225407e-01 -9.068219e-03  3.202529e-02  7.759615e-02  3.799241e+00  3.990817e+00  2.449446e-01 



Average loading for wing surface: 5 --> VSP Surface: 5 ... NOTE: values are per area! 

  Station     S       Chord     Area      V/Vref        Cx            Cy            Cz           Cxo           Cyo           Czo          Cxi            Cyi           Czi           Cl            Cd            Cs            Clo           Cdo           Cso           Cli           Cdi           Csi           Cmx           Cmy           Cmz          Cmxo          Cmyo          Cmzo          Cmxi          Cmyi          Cmzi 
        1   0.24304   0.45000   0.01350   1.03583  1.377617e-02 -7.425695e-02  1.032031e-01  1.425158e-02  2.664183e-05 -1.871339e-04 -4.754044e-04 -7.428359e-02  1.033902e-01  1.032031e-01  1.377617e-02 -6.003201e-02 -1.871339e-04  1.425158e-02  2.664183e-05  1.033902e-01 -4.754044e-04 -7.428359e-02  1.937727e-01 -8.285511e-02 -6.431755e-02 -2.862897e-04  8.711050e-03 -2.056282e-02  1.940590e-01 -9.156616e-02 -4.375473e-02 
        2   0.55031   0.45000   0.01350   1.04076  2.212857e-01  1.515613e-01 -4.940352e-01  1.422169e-02  3.976123e-05  2.695178e-03  2.070641e-01  1.515215e-01 -4.967303e-01 -4.940352e-01  2.212857e-01  1.657432e-01  2.695178e-03  1.422169e-02  3.976123e-05 -4.967303e-01  2.070641e-01  1.515215e-01 -8.194550e-01  6.786222e-01 -1.127724e-01  3.866527e-03  7.175254e-03 -2.050843e-02 -8.233215e-01  6.714470e-01 -9.226398e-02 
        3   0.67879   0.45000   0.01350   0.91936  1.169052e-02  2.330661e-01 -6.033900e-01  1.188491e-02  4.664725e-05  5.581813e-05 -1.943963e-04  2.330194e-01 -6.034458e-01 -6.033900e-01  1.169052e-02  2.449043e-01  5.581813e-05  1.188491e-02  4.664725e-05 -6.034458e-01 -1.943963e-04  2.330194e-01 -1.037881e+00  6.372957e-01  2.214953e-01  4.641820e-05  8.667848e-03 -1.712719e-02 -1.037928e+00  6.286278e-01  2.386225e-01 
        4   0.80728   0.45000   0.01350   0.92245  1.129387e-02  1.181397e-01  1.845598e-03  1.165489e-02  1.719662e-05 -1.050923e-04 -3.610184e-04  1.181225e-01  1.950690e-03  1.845598e-03  1.129387e-02  1.297774e-01 -1.050923e-04  1.165489e-02  1.719662e-05  1.950690e-03 -3.610184e-04  1.181225e-01 -9.184515e-02  7.294883e-03  7.539799e-02 -1.655573e-04  9.413824e-03 -1.682013e-02 -9.167959e-02 -2.118942e-03  9.221812e-02 
        5   0.93576   0.45000   0.01350   0.92857  1.133572e-02  9.064223e-02  5.093740e-03  1.174872e-02  5.861383e-06 -1.822179e-04 -4.130017e-04  9.063637e-02  5.275957e-03  5.093740e-03  1.133572e-02  1.023851e-01 -1.822179e-04  1.174872e-02  5.861383e-06  5.275957e-03 -4.130017e-04  9.063637e-02 -7.113650e-02  4.064839e-03  5.502728e-02 -2.682834e-04  1.033812e-02 -1.696536e-02 -7.086821e-02 -6.273284e-03  7.199264e-02 



Average loading for wing surface: 6 --> VSP Surface: 6 ... NOTE: values are per area! 

  Station     S       Chord     Area      V/Vref        Cx            Cy            Cz           Cxo           Cyo           Czo          Cxi            Cyi           Czi           Cl            Cd            Cs            Clo           Cdo           Cso           Cli           Cdi           Csi           Cmx           Cmy           Cmz          Cmxo          Cmyo          Cmzo          Cmxi          Cmyi          Cmzi 
        1   0.24304   0.45000   0.01350   1.04038  1.398491e-02  9.072367e-02  9.769488e-02  1.437925e-02 -3.055330e-05 -1.792906e-04 -3.943361e-04  9.075422e-02  9.787417e-02  9.769488e-02  1.398491e-02  1.051335e-01 -1.792906e-04  1.437925e-02 -3.055330e-05  9.787417e-02 -3.943361e-04  9.075422e-02 -1.957295e-01 -7.728521e-02  8.553138e-02  2.773074e-04  8.780942e-03  2.074388e-02 -1.960068e-01 -8.606615e-02  6.478749e-02 
        2   0.55031   0.45000   0.01350   1.04469  2.119432e-01 -1.126622e-01 -4.718711e-01  1.428108e-02 -9.145644e-05  2.577372e-03  1.976621e-01 -1.125707e-01 -4.744484e-01 -4.718711e-01  2.119432e-01 -9.828965e-02  2.577372e-03  1.428108e-02 -9.145644e-05 -4.744484e-01  1.976621e-01 -1.125707e-01  7.611865e-01  6.472098e-01  1.478572e-01 -3.661899e-03  7.315633e-03  2.054998e-02  7.648484e-01  6.398942e-01  1.273072e-01 
        3   0.67879   0.45000   0.01350   0.91489  1.210456e-02 -2.421118e-01 -5.748336e-01  1.182168e-02  3.172198e-05 -1.052819e-06  2.828810e-04 -2.421435e-01 -5.748326e-01 -5.748336e-01  1.210456e-02 -2.303218e-01 -1.052819e-06  1.182168e-02  3.172198e-05 -5.748326e-01  2.828810e-04 -2.421435e-01  1.003594e+00  6.058164e-01 -2.344010e-01 -2.174205e-05  8.670132e-03  1.710290e-02  1.003615e+00  5.971462e-01 -2.515039e-01 
        4   0.80728   0.45000   0.01350   0.92167  1.110979e-02 -1.192436e-01  2.604834e-03  1.163889e-02 -9.330401e-06 -1.530358e-04 -5.290970e-04 -1.192343e-01  2.757870e-03  2.604834e-03  1.110979e-02 -1.075954e-01 -1.530358e-04  1.163889e-02 -9.330401e-06  2.757870e-03 -5.290970e-04 -1.192343e-01  9.164625e-02  6.114974e-03 -7.867093e-02  2.285160e-04  9.442043e-03  1.680375e-02  9.141774e-02 -3.327069e-03 -9.547468e-02 
        5   0.93576   0.45000   0.01350   0.92912  1.122505e-02 -8.892281e-02  5.052343e-03  1.175828e-02 -1.237288e-05 -2.154645e-04 -5.332263e-04 -8.891043e-02  5.267807e-03  5.052343e-03  1.122505e-02 -7.715216e-02 -2.154645e-04  1.175828e-02 -1.237288e-05  5.267807e-03 -5.332263e-04 -8.891043e-02  6.971857e-02  4.019151e-03 -5.401013e-02  3.219497e-04  1.037485e-02  1.697359e-02  6.939662e-02 -6.355700e-03 -7.098373e-02 



Average loading for wing surface: 7 --> VSP Surface: 7 ... NOTE: values are per area! 

  Station     S       Chord     Area      V/Vref        Cx            Cy            Cz           Cxo           Cyo           Czo          Cxi            Cyi           Czi           Cl            Cd            Cs            Clo           Cdo           Cso           Cli           Cdi           Csi           Cmx           Cmy           Cmz          Cmxo          Cmyo          Cmzo          Cmxi          Cmyi          Cmzi 
        1   0.11280   0.21979   0.00235   0.89477  2.958204e-02 -1.601276e-01 -4.527085e-02  1.293416e-02  6.991196e-04 -6.665610e-04  1.664788e-02 -1.608267e-01 -4.460428e-02 -4.527085e-02  2.958204e-02 -1.478926e-01 -6.665610e-04  1.293416e-02  6.991196e-04 -4.460428e-02  1.664788e-02 -1.608267e-01  1.080235e-01  1.221788e-01 -3.322869e-01 -2.654815e-03  1.890396e-02 -3.168753e-02  1.106783e-01  1.032748e-01 -3.005993e-01 
        2   0.24711   0.21979   0.00235   0.89323  5.489846e-02 -2.650895e-01 -4.903729e-02  1.326993e-02  6.557444e-04 -2.463434e-04  4.162853e-02 -2.657452e-01 -4.879095e-02 -4.903729e-02  5.489846e-02 -2.524753e-01 -2.463434e-04  1.326993e-02  6.557444e-04 -4.879095e-02  4.162853e-02 -2.657452e-01  2.578793e-01  1.667261e-01 -5.748658e-01 -1.564464e-03  1.941353e-02 -3.259687e-02  2.594437e-01  1.473126e-01 -5.422689e-01 
        3   0.29013   0.21979   0.00235   0.90609  6.568545e-02 -3.312189e-01 -4.795163e-03  1.388704e-02  7.106430e-04 -8.070223e-05  5.179841e-02 -3.319295e-01 -4.714461e-03 -4.795163e-03  6.568545e-02 -3.180425e-01 -8.070223e-05  1.388704e-02  7.106430e-04 -4.714461e-03  5.179841e-02 -3.319295e-01  4.798172e-01  1.058457e-01 -7.105474e-01 -1.258952e-03  2.073181e-02 -3.407835e-02  4.810762e-01  8.511388e-02 -6.764690e-01 
        4   0.33316   0.21979   0.00235   0.90831  7.450640e-02 -3.629292e-01 -8.880449e-04  1.411047e-02  7.178721e-04 -6.004476e-05  6.039593e-02 -3.636471e-01 -8.280002e-04 -8.880449e-04  7.450640e-02 -3.495366e-01 -6.004476e-05  1.411047e-02  7.178721e-04 -8.280002e-04  6.039593e-02 -3.636471e-01  5.540085e-01  1.157054e-01 -7.843226e-01 -1.251883e-03  2.171022e-02 -3.463258e-02  5.552604e-01  9.399522e-02 -7.496900e-01 
        5   0.37618   0.21979   0.00235   0.90832  6.645973e-02 -3.769025e-01 -8.716819e-04  1.418638e-02  7.405667e-04  2.726679e-05  5.227335e-02 -3.776431e-01 -8.989487e-04 -8.716819e-04  6.645973e-02 -3.634567e-01  2.726679e-05  1.418638e-02  7.405667e-04 -8.989487e-04  5.227335e-02 -3.776431e-01  5.935049e-01  1.066034e-01 -7.870441e-01 -1.101575e-03  2.238291e-02 -3.479234e-02  5.946065e-01  8.422046e-02 -7.522517e-01 
        6   0.41920   0.21979   0.00235   0.90810  6.729627e-02 -3.883535e-01 -9.114739e-04  1.424831e-02  7.421441e-04  2.443853e-05  5.304795e-02 -3.890956e-01 -9.359125e-04 -9.114739e-04  6.729627e-02 -3.748473e-01  2.443853e-05  1.424831e-02  7.421441e-04 -9.359125e-04  5.304795e-02 -3.890956e-01  6.300995e-01  1.112243e-01 -8.077889e-01 -1.146757e-03  2.316718e-02 -3.494656e-02  6.312463e-01  8.805714e-02 -7.728424e-01 
        7   0.46222   0.21979   0.00235   0.91054  7.476509e-02 -3.978932e-01 -3.037420e-04  1.436422e-02  7.392253e-04  6.152313e-05  6.040087e-02 -3.986325e-01 -3.652651e-04 -3.037420e-04  7.476509e-02 -3.842682e-01  6.152313e-05  1.436422e-02  7.392253e-04 -3.652651e-04  6.040087e-02 -3.986325e-01  6.662043e-01  1.259034e-01 -8.418146e-01 -1.083728e-03  2.399161e-02 -3.524348e-02  6.672880e-01  1.019118e-01 -8.065711e-01 
        8   0.50524   0.21979   0.00235   0.91047  7.504552e-02 -4.021973e-01  9.295087e-05  1.438887e-02  7.405689e-04  6.520176e-05  6.065665e-02 -4.029379e-01  2.774911e-05  9.295087e-05  7.504552e-02 -3.885490e-01  6.520176e-05  1.438887e-02  7.405689e-04  2.774911e-05  6.065665e-02 -4.029379e-01  6.936783e-01  1.292629e-01 -8.498834e-01 -1.112156e-03  2.471687e-02 -3.530384e-02  6.947905e-01  1.045460e-01 -8.145796e-01 
        9   0.54827   0.21979   0.00235   0.91853  7.099957e-02 -4.031979e-01  2.608087e-04  1.457892e-02  7.585329e-04  9.450551e-05  5.642066e-02 -4.039565e-01  1.663032e-04  2.608087e-04  7.099957e-02 -3.893776e-01  9.450551e-05  1.457892e-02  7.585329e-04  1.663032e-04  5.642066e-02 -4.039565e-01  7.151416e-01  1.254071e-01 -8.426635e-01 -1.105434e-03  2.570147e-02 -3.575860e-02  7.162470e-01  9.970562e-02 -8.069049e-01 
       10   0.59129   0.21979   0.00235   0.91852  7.201322e-02 -4.020757e-01  3.794391e-04  1.457237e-02  7.582246e-04  9.703758e-05  5.744085e-02 -4.028339e-01  2.824015e-04  3.794391e-04  7.201322e-02 -3.882616e-01  9.703758e-05  1.457237e-02  7.582246e-04  2.824015e-04  5.744085e-02 -4.028339e-01  7.327045e-01  1.304420e-01 -8.441975e-01 -1.134805e-03  2.638422e-02 -3.574249e-02  7.338393e-01  1.040578e-01 -8.084550e-01 
       11   0.63431   0.21979   0.00235   0.91849  7.242119e-02 -3.987413e-01  4.584201e-04  1.455199e-02  7.571287e-04  1.003314e-04  5.786920e-02 -3.994985e-01  3.580887e-04  4.584201e-04  7.242119e-02 -3.849465e-01  1.003314e-04  1.455199e-02  7.571287e-04  3.580887e-04  5.786920e-02 -3.994985e-01  7.459320e-01  1.345146e-01 -8.407563e-01 -1.160752e-03  2.703944e-02 -3.569256e-02  7.470928e-01  1.074752e-01 -8.050637e-01 
       12   0.67733   0.21979   0.00235   0.92265  7.364621e-02 -3.927979e-01  4.927511e-04  1.461467e-02  7.578712e-04  9.488334e-05  5.903154e-02 -3.935558e-01  3.978678e-04  4.927511e-04  7.364621e-02 -3.789411e-01  9.488334e-05  1.461467e-02  7.578712e-04  3.978678e-04  5.903154e-02 -3.935558e-01  7.537280e-01  1.402596e-01 -8.353364e-01 -1.212198e-03  2.786414e-02 -3.584985e-02  7.549402e-01  1.123955e-01 -7.994865e-01 
       13   0.72036   0.21979   0.00235   0.92594  7.339288e-02 -3.832670e-01  6.048065e-04  1.463769e-02  7.626220e-04  8.394844e-05  5.875519e-02 -3.840296e-01  5.208580e-04  6.048065e-04  7.339288e-02 -3.693919e-01  8.394844e-05  1.463769e-02  7.626220e-04  5.208580e-04  5.875519e-02 -3.840296e-01  7.541070e-01  1.430845e-01 -8.204917e-01 -1.285447e-03  2.862469e-02 -3.590130e-02  7.553925e-01  1.144598e-01 -7.845904e-01 
       14   0.76338   0.21979   0.00235   0.92585  7.194011e-02 -3.711049e-01  8.777092e-04  1.456789e-02  7.581652e-04  8.861353e-05  5.737223e-02 -3.718631e-01  7.890957e-04  8.777092e-04  7.194011e-02 -3.572952e-01  8.861353e-05  1.456789e-02  7.581652e-04  7.890957e-04  5.737223e-02 -3.718631e-01  7.486829e-01  1.431990e-01 -7.990286e-01 -1.301222e-03  2.917877e-02 -3.573126e-02  7.499842e-01  1.140202e-01 -7.632974e-01 
       15   0.80640   0.21979   0.00235   0.92609  7.052335e-02 -3.529521e-01  1.137092e-03  1.447668e-02  7.549655e-04  9.335113e-05  5.604667e-02 -3.537070e-01  1.043741e-03  1.137092e-03  7.052335e-02 -3.392303e-01  9.335113e-05  1.447668e-02  7.549655e-04  1.043741e-03  5.604667e-02 -3.537070e-01  7.297274e-01  1.432529e-01 -7.671154e-01 -1.318976e-03  2.968196e-02 -3.550537e-02  7.310464e-01  1.135710e-01 -7.316100e-01 
       16   0.84942   0.21979   0.00235   0.93214  6.908434e-02 -3.294158e-01  1.580074e-03  1.450615e-02  7.534808e-04  5.863067e-05  5.457819e-02 -3.301693e-01  1.521443e-03  1.580074e-03  6.908434e-02 -3.156632e-01  5.863067e-05  1.450615e-02  7.534808e-04  1.521443e-03  5.457819e-02 -3.301693e-01  6.981312e-01  1.428069e-01 -7.266402e-01 -1.439712e-03  3.048634e-02 -3.558190e-02  6.995709e-01  1.123205e-01 -6.910583e-01 
       17   0.89244   0.21979   0.00235   0.93357  6.602069e-02 -2.977816e-01  4.184815e-03  1.439713e-02  7.478267e-04  5.068012e-05  5.162357e-02 -2.985295e-01  4.134134e-03  4.184815e-03  6.602069e-02 -2.841323e-01  5.068012e-05  1.439713e-02  7.478267e-04  4.134134e-03  5.162357e-02 -2.985295e-01  6.522650e-01  1.349554e-01 -6.686769e-01 -1.483697e-03  3.095734e-02 -3.531448e-02  6.537487e-01  1.039980e-01 -6.333624e-01 
       18   0.93547   0.21979   0.00235   0.93474  6.037325e-02 -2.535610e-01  1.578018e-02  1.424870e-02  7.500151e-04  5.155891e-05  4.612454e-02 -2.543110e-01  1.572862e-02  1.578018e-02  6.037325e-02 -2.400623e-01  5.155891e-05  1.424870e-02  7.500151e-04  1.572862e-02  4.612454e-02 -2.543110e-01  5.982159e-01  1.055843e-01 -5.836565e-01 -1.522115e-03  3.131863e-02 -3.493646e-02  5.997381e-01  7.426564e-02 -5.487201e-01 
       19   0.97849   0.21979   0.00235   0.93512  5.418947e-02 -1.888599e-01  1.256884e-02  1.404938e-02  7.691707e-04  1.668388e-05  4.014009e-02 -1.896291e-01  1.255215e-02  1.256884e-02  5.418947e-02 -1.755797e-01  1.668388e-05  1.404938e-02  7.691707e-04  1.255215e-02  4.014009e-02 -1.896291e-01  4.567405e-01  1.001869e-01 -4.619657e-01 -1.689252e-03  3.160154e-02 -3.440595e-02  4.584297e-01  6.858532e-02 -4.275597e-01 



Average loading for wing surface: 8 --> VSP Surface: 8 ... NOTE: values are per area! 

  Station     S       Chord     Area      V/Vref        Cx            Cy            Cz           Cxo           Cyo           Czo          Cxi            Cyi           Czi           Cl            Cd            Cs            Clo           Cdo           Cso           Cli           Cdi           Csi           Cmx           Cmy           Cmz          Cmxo          Cmyo          Cmzo          Cmxi          Cmyi          Cmzi 
        1   0.11280   0.21979   0.00235   0.90279  2.977417e-02  1.597331e-01 -4.931425e-02  1.313444e-02 -6.505424e-04 -7.093477e-04  1.663973e-02  1.603836e-01 -4.860490e-02 -4.931425e-02  2.977417e-02  1.735181e-01 -7.093477e-04  1.313444e-02 -6.505424e-04 -4.860490e-02  1.663973e-02  1.603836e-01 -9.719736e-02  1.299637e-01  3.313182e-01  2.695429e-03  1.924244e-02  3.226193e-02 -9.989279e-02  1.107213e-01  2.990563e-01 
        2   0.24711   0.21979   0.00235   0.89631  5.471309e-02  2.681003e-01 -5.355038e-02  1.335695e-02 -6.478668e-04 -2.705722e-04  4.135614e-02  2.687482e-01 -5.327981e-02 -5.355038e-02  5.471309e-02  2.821051e-01 -2.705722e-04  1.335695e-02 -6.478668e-04 -5.327981e-02  4.135614e-02  2.687482e-01 -2.507904e-01  1.748804e-01  5.790728e-01  1.614350e-03  1.957272e-02  3.282780e-02 -2.524047e-01  1.553076e-01  5.462450e-01 
        3   0.29013   0.21979   0.00235   0.90852  6.597038e-02  3.349659e-01 -5.402528e-03  1.396370e-02 -7.163388e-04 -9.730256e-05  5.200669e-02  3.356823e-01 -5.305225e-03 -5.402528e-03  6.597038e-02  3.496459e-01 -9.730256e-05  1.396370e-02 -7.163388e-04 -5.305225e-03  5.200669e-02  3.356823e-01 -4.838400e-01  1.074013e-01  7.169904e-01  1.309342e-03  2.086902e-02  3.426398e-02 -4.851494e-01  8.653229e-02  6.827264e-01 
        4   0.33316   0.21979   0.00235   0.90974  7.507519e-02  3.668233e-01 -9.721970e-04  1.416553e-02 -7.251345e-04 -7.289874e-05  6.090966e-02  3.675485e-01 -8.992983e-04 -9.721970e-04  7.507519e-02  3.817140e-01 -7.289874e-05  1.416553e-02 -7.251345e-04 -8.992983e-04  6.090966e-02  3.675485e-01 -5.597682e-01  1.167433e-01  7.915757e-01  1.295484e-03  2.181271e-02  3.476142e-02 -5.610637e-01  9.493055e-02  7.568143e-01 
        5   0.37618   0.21979   0.00235   0.91012  6.747045e-02  3.814579e-01 -7.995556e-04  1.425414e-02 -7.553304e-04  2.109704e-05  5.321630e-02  3.822132e-01 -8.206526e-04 -7.995556e-04  6.747045e-02  3.964674e-01  2.109704e-05  1.425414e-02 -7.553304e-04 -8.206526e-04  5.321630e-02  3.822132e-01 -6.008860e-01  1.080695e-01  7.965698e-01  1.140495e-03  2.249871e-02  3.494271e-02 -6.020265e-01  8.557078e-02  7.616271e-01 
        6   0.41920   0.21979   0.00235   0.90992  6.838176e-02  3.930021e-01 -8.219856e-04  1.431771e-02 -7.570863e-04  1.822604e-05  5.406405e-02  3.937592e-01 -8.402117e-04 -8.219856e-04  6.838176e-02  4.080769e-01  1.822604e-05  1.431771e-02 -7.570863e-04 -8.402117e-04  5.406405e-02  3.937592e-01 -6.378944e-01  1.128285e-01  8.176231e-01  1.186782e-03  2.328895e-02  3.510081e-02 -6.390812e-01  8.953950e-02  7.825223e-01 
        7   0.46222   0.21979   0.00235   0.91217  7.583082e-02  4.024936e-01 -2.445059e-04  1.442940e-02 -7.545979e-04  5.684483e-05  6.140142e-02  4.032482e-01 -3.013508e-04 -2.445059e-04  7.583082e-02  4.176776e-01  5.684483e-05  1.442940e-02 -7.545979e-04 -3.013508e-04  6.140142e-02  4.032482e-01 -6.740650e-01  1.275813e-01  8.514783e-01  1.121315e-03  2.410747e-02  3.538646e-02 -6.751863e-01  1.034738e-01  8.160919e-01 
        8   0.50524   0.21979   0.00235   0.91211  7.608798e-02  4.067427e-01  9.648684e-05  1.445409e-02 -7.558474e-04  6.040829e-05  6.163390e-02  4.074986e-01  3.607855e-05  9.648684e-05  7.608798e-02  4.219527e-01  6.040829e-05  1.445409e-02 -7.558474e-04  3.607855e-05  6.163390e-02  4.074986e-01 -7.015246e-01  1.310501e-01  8.593703e-01  1.150608e-03  2.483608e-02  3.544706e-02 -7.026752e-01  1.062141e-01  8.239233e-01 
        9   0.54827   0.21979   0.00235   0.92022  7.194408e-02  4.076892e-01  2.423982e-04  1.464503e-02 -7.731057e-04  9.118609e-05  5.729905e-02  4.084623e-01  1.512121e-04  2.423982e-04  7.194408e-02  4.231073e-01  9.118609e-05  1.464503e-02 -7.731057e-04  1.512121e-04  5.729905e-02  4.084623e-01 -7.230544e-01  1.271097e-01  8.518069e-01  1.139643e-03  2.582331e-02  3.590508e-02 -7.241941e-01  1.012864e-01  8.159018e-01 
       10   0.59129   0.21979   0.00235   0.92021  7.294378e-02  4.064628e-01  3.523856e-04  1.463776e-02 -7.728072e-04  9.370313e-05  5.830602e-02  4.072356e-01  2.586825e-04  3.523856e-04  7.294378e-02  4.218733e-01  9.370313e-05  1.463776e-02 -7.728072e-04  2.586825e-04  5.830602e-02  4.072356e-01 -7.406211e-01  1.321801e-01  8.531219e-01  1.169768e-03  2.650794e-02  3.588714e-02 -7.417909e-01  1.056722e-01  8.172347e-01 
       11   0.63431   0.21979   0.00235   0.92020  7.329848e-02  4.030011e-01  4.134282e-04  1.461677e-02 -7.715906e-04  9.678313e-05  5.868171e-02  4.037727e-01  3.166451e-04  4.134282e-04  7.329848e-02  4.183895e-01  9.678313e-05  1.461677e-02 -7.715906e-04  3.166451e-04  5.868171e-02  4.037727e-01 -7.537763e-01  1.362285e-01  8.493294e-01  1.196728e-03  2.716544e-02  3.583582e-02 -7.549731e-01  1.090630e-01  8.134936e-01 
       12   0.67733   0.21979   0.00235   0.92419  7.457546e-02  3.968949e-01  4.217323e-04  1.467438e-02 -7.724954e-04  8.979324e-05  5.990108e-02  3.976674e-01  3.319390e-04  4.217323e-04  7.457546e-02  4.123418e-01  8.979324e-05  1.467438e-02 -7.724954e-04  3.319390e-04  5.990108e-02  3.976674e-01 -7.613992e-01  1.421592e-01  8.437541e-01  1.253072e-03  2.798571e-02  3.598008e-02 -7.626523e-01  1.141735e-01  8.077739e-01 
       13   0.72036   0.21979   0.00235   0.92744  7.425262e-02  3.871778e-01  5.103417e-04  1.469507e-02 -7.761830e-04  7.891088e-05  5.955755e-02  3.879540e-01  4.314308e-04  5.103417e-04  7.425262e-02  4.026490e-01  7.891088e-05  1.469507e-02 -7.761830e-04  4.314308e-04  5.955755e-02  3.879540e-01 -7.615505e-01  1.449329e-01  8.284386e-01  1.324801e-03  2.874449e-02  3.602715e-02 -7.628753e-01  1.161884e-01  7.924114e-01 
       14   0.76338   0.21979   0.00235   0.92735  7.276177e-02  3.748525e-01  7.616648e-04  1.462367e-02 -7.716765e-04  8.361773e-05  5.813810e-02  3.756242e-01  6.780471e-04  7.616648e-04  7.276177e-02  3.902479e-01  8.361773e-05  1.462367e-02 -7.716765e-04  6.780471e-04  5.813810e-02  3.756242e-01 -7.559312e-01  1.450511e-01  8.066555e-01  1.341020e-03  2.929802e-02  3.585313e-02 -7.572722e-01  1.157531e-01  7.708024e-01 
       15   0.80640   0.21979   0.00235   0.92759  7.133830e-02  3.564445e-01  9.976150e-04  1.453056e-02 -7.686594e-04  8.809920e-05  5.680774e-02  3.572131e-01  9.095159e-04  9.976150e-04  7.133830e-02  3.717437e-01  8.809920e-05  1.453056e-02 -7.686594e-04  9.095159e-04  5.680774e-02  3.572131e-01 -7.365711e-01  1.451721e-01  7.743388e-01  1.360444e-03  2.980032e-02  3.562217e-02 -7.379315e-01  1.153718e-01  7.387167e-01 
       16   0.84942   0.21979   0.00235   0.93348  6.982148e-02  3.324947e-01  1.388391e-03  1.455349e-02 -7.664470e-04  5.350292e-05  5.526799e-02  3.332612e-01  1.334888e-03  1.388391e-03  6.982148e-02  3.478146e-01  5.350292e-05  1.455349e-02 -7.664470e-04  1.334888e-03  5.526799e-02  3.332612e-01 -7.041386e-01  1.446968e-01  7.330164e-01  1.479989e-03  3.059332e-02  3.568321e-02 -7.056187e-01  1.141035e-01  6.973332e-01 
       17   0.89244   0.21979   0.00235   0.93494  6.644628e-02  3.000553e-01  3.937237e-03  1.444080e-02 -7.593627e-04  4.553634e-05  5.200548e-02  3.008146e-01  3.891701e-03  3.937237e-03  6.644628e-02  3.152555e-01  4.553634e-05  1.444080e-02 -7.593627e-04  3.891701e-03  5.200548e-02  3.008146e-01 -6.565430e-01  1.363143e-01  6.729144e-01  1.521553e-03  3.105872e-02  3.540855e-02 -6.580646e-01  1.052556e-01  6.375058e-01 
       18   0.93547   0.21979   0.00235   0.93615  6.068027e-02  2.552826e-01  1.566367e-02  1.429025e-02 -7.612326e-04  4.597965e-05  4.639002e-02  2.560439e-01  1.561769e-02  1.566367e-02  6.068027e-02  2.703341e-01  4.597965e-05  1.429025e-02 -7.612326e-04  1.561769e-02  4.639002e-02  2.560439e-01 -6.017218e-01  1.064562e-01  5.867580e-01  1.560922e-03  3.141803e-02  3.502561e-02 -6.032827e-01  7.503815e-02  5.517323e-01 
       19   0.97849   0.21979   0.00235   0.93645  5.432696e-02  1.898427e-01  1.258001e-02  1.408593e-02 -7.801453e-04  1.038441e-05  4.024103e-02  1.906228e-01  1.256963e-02  1.258001e-02  5.432696e-02  2.047088e-01  1.038441e-05  1.408593e-02 -7.801453e-04  1.256963e-02  4.024103e-02  1.906228e-01 -4.589802e-01  1.004595e-01  4.635566e-01  1.729869e-03  3.169268e-02  3.448280e-02 -4.607100e-01  6.876682e-02  4.290738e-01 



Time history of loading for wing surface: 1 --> VSP Surface: 1 ... NOTE: values per area! 

  Station    Time       S       Chord     Area      V/Vref        Cx            Cy            Cz           Cxo           Cyo           Czo          Cxi            Cyi           Czi           Cl            Cd            Cs            Clo           Cdo           Cso           Cli           Cdi           Csi           Cmx           Cmy           Cmz          Cmxo          Cmyo          Cmzo          Cmxi          Cmyi          Cmzi 
        1   0.00000   0.06064   0.32000   0.01489   1.02298  3.345669e-02 -1.964348e-04 -5.440757e-01  1.669709e-02 -2.473468e-04  6.336923e-04  1.675960e-02  5.091202e-05 -5.447094e-01 -5.440757e-01  3.345669e-02  1.674800e-02  6.336923e-04  1.669709e-02 -2.473468e-04 -5.447094e-01  1.675960e-02  5.091202e-05 -3.927109e-02  5.657369e-01 -2.617390e-03  2.805437e-04  1.520126e-02 -1.458561e-03 -3.955164e-02  5.505357e-01 -1.158828e-03 
        2   0.00000   0.15507   0.32000   0.01489   1.02294  3.094597e-02 -1.330736e-04 -5.468302e-01  1.671330e-02 -2.474198e-04  6.387721e-04  1.423267e-02  1.143462e-04 -5.474690e-01 -5.468302e-01  3.094597e-02  1.682765e-02  6.387721e-04  1.671330e-02 -2.474198e-04 -5.474690e-01  1.423267e-02  1.143462e-04 -1.188436e-01  5.646136e-01 -6.855791e-03  3.736596e-04  1.521156e-02 -3.884710e-03 -1.192172e-01  5.494020e-01 -2.971081e-03 
        3   0.00000   0.22267   0.32000   0.01489   1.02056  3.065294e-02 -3.099710e-04 -5.525635e-01  1.669566e-02 -3.405146e-04  6.425380e-04  1.395728e-02  3.054370e-05 -5.532061e-01 -5.525635e-01  3.065294e-02  1.672621e-02  6.425380e-04  1.669566e-02 -3.405146e-04 -5.532061e-01  1.395728e-02  3.054370e-05 -2.001288e-01  5.649047e-01 -1.142755e-02  5.559909e-04  1.519107e-02 -6.396282e-03 -2.006848e-01  5.497137e-01 -5.031268e-03 
        4   0.00000   0.29026   0.32000   0.01489   1.02027  2.739804e-02 -3.877651e-04 -5.605057e-01  1.674111e-02 -3.514662e-04  6.448259e-04  1.065693e-02 -3.629892e-05 -5.611506e-01 -5.605057e-01  2.739804e-02  1.670481e-02  6.448259e-04  1.674111e-02 -3.514662e-04 -5.611506e-01  1.065693e-02 -3.629892e-05 -2.842485e-01  5.670260e-01 -1.429515e-02  6.607632e-04  1.523188e-02 -8.852650e-03 -2.849093e-01  5.517941e-01 -5.442498e-03 
        5   0.00000   0.35786   0.32000   0.01489   1.01532  3.251728e-02 -2.772621e-04 -5.739667e-01  1.672612e-02 -2.813155e-04  6.484649e-04  1.579116e-02  4.053346e-06 -5.746152e-01 -5.739667e-01  3.251728e-02  1.673017e-02  6.484649e-04  1.672612e-02 -2.813155e-04 -5.746152e-01  1.579116e-02  4.053346e-06 -3.745355e-01  5.825366e-01 -2.149994e-02  6.901676e-04  1.521403e-02 -1.120166e-02 -3.752257e-01  5.673226e-01 -1.029827e-02 
        6   0.00000   0.42545   0.32000   0.01489   1.01575  3.129607e-02 -2.720931e-04 -5.746268e-01  1.673993e-02 -2.795010e-04  6.485097e-04  1.455614e-02  7.407843e-06 -5.752753e-01 -5.746268e-01  3.129607e-02  1.674734e-02  6.485097e-04  1.673993e-02 -2.795010e-04 -5.752753e-01  1.455614e-02  7.407843e-06 -4.583109e-01  5.817060e-01 -2.524830e-02  7.825670e-04  1.522708e-02 -1.363763e-02 -4.590935e-01  5.664790e-01 -1.161068e-02 
        7   0.00000   0.49304   0.32000   0.01489   1.01504  2.949737e-02 -1.468114e-04 -5.648373e-01  1.665756e-02 -1.938956e-04  6.452587e-04  1.283981e-02  4.708419e-05 -5.654825e-01 -5.648373e-01  2.949737e-02  1.670464e-02  6.452587e-04  1.665756e-02 -1.938956e-04 -5.654825e-01  1.283981e-02  4.708419e-05 -5.325443e-01  5.711778e-01 -2.795651e-02  7.924075e-04  1.515221e-02 -1.590312e-02 -5.333367e-01  5.560256e-01 -1.205339e-02 
        8   0.00000   0.56064   0.32000   0.01489   1.01499  3.025052e-02 -1.256921e-05 -5.473313e-01  1.653838e-02 -1.945758e-04  6.399425e-04  1.371213e-02  1.820066e-04 -5.479713e-01 -5.473313e-01  3.025052e-02  1.672039e-02  6.399425e-04  1.653838e-02 -1.945758e-04 -5.479713e-01  1.371213e-02  1.820066e-04 -5.955660e-01  5.554261e-01 -3.287807e-02  8.808870e-04  1.504450e-02 -1.819093e-02 -5.964469e-01  5.403816e-01 -1.468714e-02 
        9   0.00000   0.62823   0.32000   0.01489   1.01616  2.870864e-02  3.328449e-04 -5.174390e-01  1.637242e-02 -5.277584e-05  6.394793e-04  1.233622e-02  3.856207e-04 -5.180785e-01 -5.174390e-01  2.870864e-02  1.675804e-02  6.394793e-04  1.637242e-02 -5.277584e-05 -5.180785e-01  1.233622e-02  3.856207e-04 -6.384192e-01  5.256004e-01 -3.494517e-02  8.386867e-04  1.488758e-02 -2.024401e-02 -6.392578e-01  5.107128e-01 -1.470116e-02 
       10   0.00000   0.69583   0.32000   0.01489   1.01809  2.925597e-02  9.973904e-04 -4.781582e-01  1.618071e-02 -4.836902e-05  6.325761e-04  1.307526e-02  1.045759e-03 -4.787908e-01 -4.781582e-01  2.925597e-02  1.722647e-02  6.325761e-04  1.618071e-02 -4.836902e-05 -4.787908e-01  1.307526e-02  1.045759e-03 -6.599560e-01  4.885118e-01 -3.899273e-02  9.177732e-04  1.471267e-02 -2.235081e-02 -6.608738e-01  4.737991e-01 -1.664191e-02 
       11   0.00000   0.76342   0.32000   0.01489   1.02149  2.539143e-02  2.437856e-03 -4.213738e-01  1.595291e-02  8.269883e-07  6.356208e-04  9.438523e-03  2.437029e-03 -4.220094e-01 -4.213738e-01  2.539143e-02  1.838994e-02  6.356208e-04  1.595291e-02  8.269883e-07 -4.220094e-01  9.438523e-03  2.437029e-03 -6.442096e-01  4.309753e-01 -3.556539e-02  9.675354e-04  1.449359e-02 -2.430221e-02 -6.451771e-01  4.164817e-01 -1.126318e-02 
       12   0.00000   0.83101   0.32000   0.01489   1.03858  2.679758e-02 -6.569758e-02 -3.185749e-01  1.591750e-02 -4.672579e-04  6.605948e-04  1.088008e-02 -6.523032e-02 -3.192355e-01 -3.185749e-01  2.679758e-02 -4.931282e-02  6.605948e-04  1.591750e-02 -4.672579e-04 -3.192355e-01  1.088008e-02 -6.523032e-02 -4.672328e-01  3.222797e-01 -1.316627e-01  1.545337e-03  1.443504e-02 -2.702569e-02 -4.687781e-01  3.078446e-01 -1.046370e-01 
       13   0.00000   0.89861   0.32000   0.01489   0.97054  3.180606e-02 -6.362617e-02 -4.682072e-01  1.504331e-02 -2.989413e-04  5.663287e-04  1.676275e-02 -6.332723e-02 -4.687735e-01 -4.682072e-01  3.180606e-02 -4.828392e-02  5.663287e-04  1.504331e-02 -2.989413e-04 -4.687735e-01  1.676275e-02 -6.332723e-02 -7.909676e-01  5.014832e-01 -1.423973e-01  1.310597e-03  1.370024e-02 -2.758142e-02 -7.922782e-01  4.877830e-01 -1.148159e-01 
       14   0.00000   0.96620   0.32000   0.01489   0.99384  4.234141e-02  4.211653e-03 -4.822826e-01  1.563798e-02  6.665374e-04  6.430490e-04  2.670343e-02  3.545115e-03 -4.829257e-01 -4.822826e-01  4.234141e-02  1.918310e-02  6.430490e-04  1.563798e-02  6.665374e-04 -4.829257e-01  2.670343e-02  3.545115e-03 -9.487499e-01  5.604783e-01 -7.804608e-02  6.274162e-04  1.418750e-02 -2.996354e-02 -9.493773e-01  5.462908e-01 -4.808253e-02 



Time history of loading for wing surface: 2 --> VSP Surface: 2 ... NOTE: values per area! 

  Station    Time       S       Chord     Area      V/Vref        Cx            Cy            Cz           Cxo           Cyo           Czo          Cxi            Cyi           Czi           Cl            Cd            Cs            Clo           Cdo           Cso           Cli           Cdi           Csi           Cmx           Cmy           Cmz          Cmxo          Cmyo          Cmzo          Cmxi          Cmyi          Cmzi 
        1   0.00000   0.06064   0.32000   0.01489   1.02311  3.334019e-02  1.921458e-04 -5.432098e-01  1.669467e-02  2.308433e-04  6.325241e-04  1.664553e-02 -3.869754e-05 -5.438423e-01 -5.432098e-01  3.334019e-02  1.665597e-02  6.325241e-04  1.669467e-02  2.308433e-04 -5.438423e-01  1.664553e-02 -3.869754e-05  3.921556e-02  5.648046e-01  2.608599e-03 -2.648078e-04  1.520013e-02  1.441886e-03  3.948037e-02  5.496044e-01  1.166713e-03 
        2   0.00000   0.15507   0.32000   0.01489   1.02309  3.076118e-02  1.432230e-04 -5.447232e-01  1.670339e-02  2.353725e-04  6.326306e-04  1.405779e-02 -9.214957e-05 -5.453558e-01 -5.447232e-01  3.076118e-02  1.661124e-02  6.326306e-04  1.670339e-02  2.353725e-04 -5.453558e-01  1.405779e-02 -9.214957e-05  1.183768e-01  5.624891e-01  6.834551e-03 -3.608979e-04  1.520830e-02  3.870508e-03  1.187377e-01  5.472808e-01  2.964043e-03 
        3   0.00000   0.22267   0.32000   0.01489   1.02073  3.038986e-02  3.249060e-04 -5.496395e-01  1.668045e-02  3.326749e-04  6.350047e-04  1.370941e-02 -7.768873e-06 -5.502745e-01 -5.496395e-01  3.038986e-02  1.667268e-02  6.350047e-04  1.668045e-02  3.326749e-04 -5.502745e-01  1.370941e-02 -7.768873e-06  1.990527e-01  5.620309e-01  1.135762e-02 -5.458235e-04  1.518417e-02  6.382926e-03  1.995985e-01  5.468467e-01  4.974698e-03 
        4   0.00000   0.29026   0.32000   0.01489   1.02044  2.721003e-02  4.056017e-04 -5.570610e-01  1.672217e-02  3.435816e-04  6.371435e-04  1.048786e-02  6.202011e-05 -5.576982e-01 -5.570610e-01  2.721003e-02  1.678419e-02  6.371435e-04  1.672217e-02  3.435816e-04 -5.576982e-01  1.048786e-02  6.202011e-05  2.824816e-01  5.637488e-01  1.422895e-02 -6.493847e-04  1.522160e-02  8.835151e-03  2.831310e-01  5.485272e-01  5.393797e-03 
        5   0.00000   0.35786   0.32000   0.01489   1.01539  3.240485e-02  2.900556e-04 -5.702574e-01  1.670227e-02  2.800437e-04  6.416529e-04  1.570258e-02  1.001193e-05 -5.708991e-01 -5.702574e-01  3.240485e-02  1.671228e-02  6.416529e-04  1.670227e-02  2.800437e-04 -5.708991e-01  1.570258e-02  1.001193e-05  3.721002e-01  5.790842e-01  2.144584e-02 -6.845139e-04  1.519822e-02  1.118482e-02  3.727847e-01  5.638859e-01  1.026102e-02 
        6   0.00000   0.42545   0.32000   0.01489   1.01584  3.127767e-02  2.681320e-04 -5.706204e-01  1.671428e-02  2.781090e-04  6.425303e-04  1.456339e-02 -9.977002e-06 -5.712629e-01 -5.706204e-01  3.127767e-02  1.670430e-02  6.425303e-04  1.671428e-02  2.781090e-04 -5.712629e-01  1.456339e-02 -9.977002e-06  4.551167e-01  5.780013e-01  2.522794e-02 -7.764754e-04  1.520873e-02  1.361576e-02  4.558932e-01  5.627926e-01  1.161217e-02 
        7   0.00000   0.49304   0.32000   0.01489   1.01478  2.952836e-02  1.412945e-04 -5.606316e-01  1.662303e-02  1.962212e-04  6.411000e-04  1.290533e-02 -5.492668e-05 -5.612727e-01 -5.606316e-01  2.952836e-02  1.656810e-02  6.411000e-04  1.662303e-02  1.962212e-04 -5.612727e-01  1.290533e-02 -5.492668e-05  5.285826e-01  5.673639e-01  2.797396e-02 -7.906911e-04  1.512362e-02  1.587288e-02  5.293733e-01  5.522403e-01  1.210108e-02 
        8   0.00000   0.56064   0.32000   0.01489   1.01474  3.030344e-02 -3.212827e-06 -5.425887e-01  1.650156e-02  1.968814e-04  6.365265e-04  1.380188e-02 -2.000942e-04 -5.432252e-01 -5.425887e-01  3.030344e-02  1.630147e-02  6.365265e-04  1.650156e-02  1.968814e-04 -5.432252e-01  1.380188e-02 -2.000942e-04  5.904201e-01  5.509952e-01  3.290507e-02 -8.793564e-04  1.501300e-02  1.815317e-02  5.912994e-01  5.359822e-01  1.475190e-02 
        9   0.00000   0.62823   0.32000   0.01489   1.01575  2.841657e-02 -3.703211e-04 -5.104896e-01  1.632023e-02  5.108074e-05  6.238682e-04  1.209634e-02 -4.214018e-04 -5.111135e-01 -5.104896e-01  2.841657e-02  1.589883e-02  6.238682e-04  1.632023e-02  5.108074e-05 -5.111135e-01  1.209634e-02 -4.214018e-04  6.298843e-01  5.178742e-01  3.452101e-02 -8.178267e-04  1.485369e-02  2.017795e-02  6.307022e-01  5.030205e-01  1.434306e-02 
       10   0.00000   0.69583   0.32000   0.01489   1.01761  2.886241e-02 -1.159257e-03 -4.703095e-01  1.612484e-02  4.692863e-05  6.181005e-04  1.273757e-02 -1.206186e-03 -4.709276e-01 -4.703095e-01  2.886241e-02  1.491866e-02  6.181005e-04  1.612484e-02  4.692863e-05 -4.709276e-01  1.273757e-02 -1.206186e-03  6.492898e-01  4.796770e-01  3.820936e-02 -8.964550e-04  1.467416e-02  2.227236e-02  6.501863e-01  4.650028e-01  1.593699e-02 
       11   0.00000   0.76342   0.32000   0.01489   1.02215  2.463253e-02 -2.699476e-03 -4.129601e-01  1.592729e-02 -2.643881e-06  6.138964e-04  8.705244e-03 -2.696832e-03 -4.135740e-01 -4.129601e-01  2.463253e-02  1.323046e-02  6.138964e-04  1.592729e-02 -2.643881e-06 -4.135740e-01  8.705244e-03 -2.696832e-03  6.316446e-01  4.215404e-01  3.405399e-02 -9.327168e-04  1.449101e-02  2.426136e-02  6.325773e-01  4.070494e-01  9.792629e-03 
       12   0.00000   0.83101   0.32000   0.01489   1.03810  2.718958e-02  5.702097e-02 -3.134009e-01  1.588583e-02  4.948817e-04  6.525654e-04  1.130375e-02  5.652608e-02 -3.140535e-01 -3.134009e-01  2.718958e-02  7.241192e-02  6.525654e-04  1.588583e-02  4.948817e-04 -3.140535e-01  1.130375e-02  5.652608e-02  4.667075e-01  3.191232e-01  1.196239e-01 -1.558138e-03  1.441304e-02  2.700046e-02  4.682656e-01  3.047102e-01  9.262344e-02 
       13   0.00000   0.89861   0.32000   0.01489   0.96852  3.099154e-02  5.486366e-02 -4.568786e-01  1.492977e-02  2.357980e-04  5.639494e-04  1.606178e-02  5.462786e-02 -4.574425e-01 -4.568786e-01  3.099154e-02  6.955763e-02  5.639494e-04  1.492977e-02  2.357980e-04 -4.574425e-01  1.606178e-02  5.462786e-02  7.790421e-01  4.873655e-01  1.281603e-01 -1.246399e-03  1.359494e-02  2.731236e-02  7.802885e-01  4.737705e-01  1.008480e-01 
       14   0.00000   0.96620   0.32000   0.01489   0.99461  4.065943e-02 -4.332069e-03 -4.735047e-01  1.560273e-02 -6.706204e-04  6.136351e-04  2.505670e-02 -3.661449e-03 -4.741184e-01 -4.735047e-01  4.065943e-02  1.194128e-02  6.136351e-04  1.560273e-02 -6.706204e-04 -4.741184e-01  2.505670e-02 -3.661449e-03  9.316968e-01  5.488346e-01  7.459014e-02 -5.659316e-04  1.418347e-02  2.989041e-02  9.322627e-01  5.346511e-01  4.469973e-02 



Time history of loading for wing surface: 3 --> VSP Surface: 3 ... NOTE: values per area! 

  Station    Time       S       Chord     Area      V/Vref        Cx            Cy            Cz           Cxo           Cyo           Czo          Cxi            Cyi           Czi           Cl            Cd            Cs            Clo           Cdo           Cso           Cli           Cdi           Csi           Cmx           Cmy           Cmz          Cmxo          Cmyo          Cmzo          Cmxi          Cmyi          Cmzi 
        1   0.00000   0.03103   0.13000   0.00606   0.98591  1.384139e-01 -4.248536e-04 -9.761289e-01  2.278927e-02 -4.081605e-04  4.821430e-03  1.156246e-01 -1.669307e-05 -9.809503e-01 -9.761289e-01  1.384139e-01  2.277257e-02  4.821430e-03  2.278927e-02 -4.081605e-04 -9.809503e-01  1.156246e-01 -1.669307e-05 -1.732287e-01  5.178541e+00 -2.689452e-02  1.916787e-03  3.432522e-02 -6.154187e-03 -1.751455e-01  5.144215e+00 -2.074034e-02 
        2   0.00000   0.09814   0.13000   0.00606   0.98594  1.364099e-01 -5.015921e-04 -9.694281e-01  2.270710e-02 -5.002586e-04  4.777322e-03  1.137028e-01 -1.333429e-06 -9.742054e-01 -9.694281e-01  1.364099e-01  2.270577e-02  4.777322e-03  2.270710e-02 -5.002586e-04 -9.742054e-01  1.137028e-01 -1.333429e-06 -5.181367e-01  5.139869e+00 -7.564733e-02  3.853334e-03  3.433795e-02 -1.471958e-02 -5.219901e-01  5.105531e+00 -6.092775e-02 
        3   0.00000   0.17029   0.13000   0.00606   0.98700  1.267554e-01 -6.069661e-04 -9.455572e-01  2.241877e-02 -6.114453e-04  4.704737e-03  1.043366e-01  4.479198e-06 -9.502619e-01 -9.455572e-01  1.267554e-01  2.242325e-02  4.704737e-03  2.241877e-02 -6.114453e-04 -9.502619e-01  1.043366e-01  4.479198e-06 -8.426036e-01  4.995076e+00 -1.162395e-01  5.782327e-03  3.396284e-02 -2.313971e-02 -8.483859e-01  4.961113e+00 -9.309976e-02 
        4   0.00000   0.24244   0.13000   0.00606   0.98591  1.345399e-01 -8.594239e-04 -9.516045e-01  2.248848e-02 -6.573893e-04  4.716380e-03  1.120515e-01 -2.020346e-04 -9.563209e-01 -9.516045e-01  1.345399e-01  2.228644e-02  4.716380e-03  2.248848e-02 -6.573893e-04 -9.563209e-01  1.120515e-01 -2.020346e-04 -1.187409e+00  5.052684e+00 -1.726202e-01  7.595991e-03  3.408369e-02 -3.146821e-02 -1.195005e+00  5.018601e+00 -1.411520e-01 
        5   0.00000   0.31459   0.13000   0.00606   0.98421  1.429372e-01 -8.378171e-04 -9.297953e-01  2.222464e-02 -6.070160e-04  4.658638e-03  1.207126e-01 -2.308012e-04 -9.344539e-01 -9.297953e-01  1.429372e-01  2.199383e-02  4.658638e-03  2.222464e-02 -6.070160e-04 -9.344539e-01  1.207126e-01 -2.308012e-04 -1.492049e+00  4.965571e+00 -2.340106e-01  9.057308e-03  3.369611e-02 -3.881849e-02 -1.501106e+00  4.931875e+00 -1.951921e-01 
        6   0.00000   0.38673   0.13000   0.00606   0.98454  1.417448e-01 -3.194276e-04 -9.140205e-01  2.205133e-02 -3.392786e-04  4.625566e-03  1.196934e-01  1.985102e-05 -9.186461e-01 -9.140205e-01  1.417448e-01  2.207118e-02  4.625566e-03  2.205133e-02 -3.392786e-04 -9.186461e-01  1.196934e-01  1.985102e-05 -1.794500e+00  4.885989e+00 -2.800489e-01  9.963569e-03  3.341673e-02 -4.504798e-02 -1.804464e+00  4.852573e+00 -2.350009e-01 
        7   0.00000   0.45888   0.13000   0.00606   0.98275  1.396034e-01 -6.448187e-05 -9.017417e-01  2.188464e-02 -1.800883e-04  4.535573e-03  1.177188e-01  1.156064e-04 -9.062773e-01 -9.017417e-01  1.396034e-01  2.200024e-02  4.535573e-03  2.188464e-02 -1.800883e-04 -9.062773e-01  1.177188e-01  1.156064e-04 -2.093132e+00  4.819133e+00 -3.244063e-01  1.099486e-02  3.344516e-02 -5.172342e-02 -2.104127e+00  4.785688e+00 -2.726829e-01 
        8   0.00000   0.53103   0.13000   0.00606   0.98236  1.438364e-01  2.543780e-05 -8.954675e-01  2.181471e-02  4.959655e-05  4.534759e-03  1.220217e-01 -2.415874e-05 -9.000023e-01 -8.954675e-01  1.438364e-01  2.179055e-02  4.534759e-03  2.181471e-02  4.959655e-05 -9.000023e-01  1.220217e-01 -2.415874e-05 -2.398756e+00  4.800968e+00 -3.851717e-01  1.201838e-02  3.326843e-02 -5.817894e-02 -2.410774e+00  4.767700e+00 -3.269928e-01 
        9   0.00000   0.60318   0.13000   0.00606   0.96906  1.464730e-01  8.646502e-04 -9.049318e-01  2.164842e-02  8.829021e-04  4.571133e-03  1.248245e-01 -1.825184e-05 -9.095030e-01 -9.049318e-01  1.464730e-01  2.163017e-02  4.571133e-03  2.164842e-02  8.829021e-04 -9.095030e-01  1.248245e-01 -1.825184e-05 -2.749589e+00  4.856232e+00 -4.402368e-01  1.159279e-02  3.265250e-02 -6.120900e-02 -2.761182e+00  4.823580e+00 -3.790278e-01 
       10   0.00000   0.67533   0.13000   0.00606   0.96484  1.622810e-01  1.801793e-03 -9.171148e-01  2.173823e-02  1.191035e-03  4.609898e-03  1.405427e-01  6.107586e-04 -9.217247e-01 -9.171148e-01  1.622810e-01  2.234899e-02  4.609898e-03  2.173823e-02  1.191035e-03 -9.217247e-01  1.405427e-01  6.107586e-04 -3.116272e+00  4.956867e+00 -5.412872e-01  1.255979e-02  3.268683e-02 -6.767153e-02 -3.128832e+00  4.924180e+00 -4.736157e-01 
       11   0.00000   0.74748   0.13000   0.00606   0.95964  1.729230e-01  2.615039e-02 -9.497439e-01  2.196252e-02  2.102007e-03  4.910481e-03  1.509605e-01  2.404839e-02 -9.546544e-01 -9.497439e-01  1.729230e-01  4.601091e-02  4.910481e-03  2.196252e-02  2.102007e-03 -9.546544e-01  1.509605e-01  2.404839e-02 -3.632512e+00  5.155340e+00 -5.108373e-01  1.297689e-02  3.173180e-02 -7.162349e-02 -3.645489e+00  5.123608e+00 -4.392138e-01 
       12   0.00000   0.81963   0.13000   0.00606   0.98207  1.317240e-01  1.952113e-02 -1.074352e+00  2.380459e-02  4.133412e-03  3.931458e-03  1.079194e-01  1.538772e-02 -1.078284e+00 -1.074352e+00  1.317240e-01  3.919231e-02  3.931458e-03  2.380459e-02  4.133412e-03 -1.078284e+00  1.079194e-01  1.538772e-02 -4.457290e+00  5.686296e+00 -4.383447e-01  5.454868e-03  4.149715e-02 -7.665749e-02 -4.462745e+00  5.644798e+00 -3.616873e-01 
       13   0.00000   0.89178   0.13000   0.00606   0.99032  1.112720e-01  4.821188e-03 -8.338122e-01  2.113557e-02  2.546192e-03  4.165707e-03  9.013648e-02  2.274996e-03 -8.379779e-01 -8.338122e-01  1.112720e-01  2.341057e-02  4.165707e-03  2.113557e-02  2.546192e-03 -8.379779e-01  9.013648e-02  2.274996e-03 -3.733847e+00  4.404301e+00 -4.733061e-01  1.201049e-02  3.339658e-02 -8.135058e-02 -3.745857e+00  4.370904e+00 -3.919556e-01 
       14   0.00000   0.96393   0.13000   0.00606   0.99788  7.911586e-02  1.264619e-02 -6.489000e-01  1.962231e-02  2.259271e-03  3.744435e-03  5.949355e-02  1.038692e-02 -6.526445e-01 -6.489000e-01  7.911586e-02  3.000923e-02  3.744435e-03  1.962231e-02  2.259271e-03 -6.526445e-01  5.949355e-02  1.038692e-02 -3.164555e+00  3.393183e+00 -3.158832e-01  1.220931e-02  3.163376e-02 -8.306836e-02 -3.176764e+00  3.361550e+00 -2.328148e-01 



Time history of loading for wing surface: 4 --> VSP Surface: 4 ... NOTE: values per area! 

  Station    Time       S       Chord     Area      V/Vref        Cx            Cy            Cz           Cxo           Cyo           Czo          Cxi            Cyi           Czi           Cl            Cd            Cs            Clo           Cdo           Cso           Cli           Cdi           Csi           Cmx           Cmy           Cmz          Cmxo          Cmyo          Cmzo          Cmxi          Cmyi          Cmzi 
        1   0.00000   0.03103   0.13000   0.00606   0.98544  1.374507e-01  3.633743e-04 -9.731492e-01  2.274251e-02  3.468741e-04  4.816806e-03  1.147082e-01  1.650021e-05 -9.779660e-01 -9.731492e-01  1.374507e-01  2.275901e-02  4.816806e-03  2.274251e-02  3.468741e-04 -9.779660e-01  1.147082e-01  1.650021e-05  1.728546e-01  5.160382e+00  2.640658e-02 -1.757428e-03  3.422790e-02  5.832819e-03  1.746120e-01  5.126154e+00  2.057376e-02 
        2   0.00000   0.09814   0.13000   0.00606   0.98535  1.365474e-01  4.494895e-04 -9.646631e-01  2.263472e-02  4.562422e-04  4.793266e-03  1.139127e-01 -6.752723e-06 -9.694564e-01 -9.646631e-01  1.365474e-01  2.262797e-02  4.793266e-03  2.263472e-02  4.562422e-04 -9.694564e-01  1.139127e-01 -6.752723e-06  5.157369e-01  5.115577e+00  7.544283e-02 -3.748015e-03  3.406930e-02  1.445600e-02  5.194849e-01  5.081507e+00  6.098683e-02 
        3   0.00000   0.17029   0.13000   0.00606   0.98641  1.265395e-01  5.805576e-04 -9.357083e-01  2.228469e-02  5.840514e-04  4.722068e-03  1.042549e-01 -3.493773e-06 -9.404304e-01 -9.357083e-01  1.265395e-01  2.228119e-02  4.722068e-03  2.228469e-02  5.840514e-04 -9.404304e-01  1.042549e-01 -3.493773e-06  8.339207e-01  4.944701e+00  1.159077e-01 -5.726940e-03  3.352748e-02  2.288008e-02  8.396476e-01  4.911174e+00  9.302765e-02 
        4   0.00000   0.24244   0.13000   0.00606   0.98508  1.347133e-01  9.127156e-04 -9.351846e-01  2.227288e-02  6.426684e-04  4.717059e-03  1.124404e-01  2.700472e-04 -9.399016e-01 -9.351846e-01  1.347133e-01  2.254293e-02  4.717059e-03  2.227288e-02  6.426684e-04 -9.399016e-01  1.124404e-01  2.700472e-04  1.166898e+00  4.971885e+00  1.731216e-01 -7.558759e-03  3.352253e-02  3.112353e-02  1.174457e+00  4.938362e+00  1.419981e-01 
        5   0.00000   0.31459   0.13000   0.00606   0.98634  1.335776e-01  5.426278e-04 -8.902774e-01  2.179086e-02  5.451119e-04  4.598064e-03  1.117868e-01 -2.484100e-06 -8.948755e-01 -8.902774e-01  1.335776e-01  2.178838e-02  4.598064e-03  2.179086e-02  5.451119e-04 -8.948755e-01  1.117868e-01 -2.484100e-06  1.429158e+00  4.748568e+00  2.173746e-01 -8.799826e-03  3.288342e-02  3.780518e-02  1.437958e+00  4.715684e+00  1.795694e-01 
        6   0.00000   0.38673   0.13000   0.00606   0.98671  1.311442e-01 -5.812762e-04 -8.598591e-01  2.146678e-02  2.909917e-04  4.530691e-03  1.096774e-01 -8.722679e-04 -8.643898e-01 -8.598591e-01  1.311442e-01  2.059451e-02  4.530691e-03  2.146678e-02  2.909917e-04 -8.643898e-01  1.096774e-01 -8.722679e-04  1.690381e+00  4.594060e+00  2.545310e-01 -9.652300e-03  3.238920e-02  4.365313e-02  1.700033e+00  4.561671e+00  2.108779e-01 
        7   0.00000   0.45888   0.13000   0.00606   0.98719  1.241101e-01 -8.802855e-04 -8.330054e-01  2.117961e-02  9.794246e-05  4.476821e-03  1.029305e-01 -9.782280e-04 -8.374822e-01 -8.330054e-01  1.241101e-01  2.020138e-02  4.476821e-03  2.117961e-02  9.794246e-05 -8.374822e-01  1.029305e-01 -9.782280e-04  1.935977e+00  4.445236e+00  2.835372e-01 -1.064598e-02  3.192149e-02  4.966719e-02  1.946623e+00  4.413314e+00  2.338700e-01 
        8   0.00000   0.53103   0.13000   0.00606   0.98656  1.269907e-01 -3.216457e-04 -8.206332e-01  2.104773e-02 -1.377266e-04  4.437064e-03  1.059429e-01 -1.839191e-04 -8.250702e-01 -8.206332e-01  1.269907e-01  2.086381e-02  4.437064e-03  2.104773e-02 -1.377266e-04 -8.250702e-01  1.059429e-01 -1.839191e-04  2.199103e+00  4.393347e+00  3.385061e-01 -1.152873e-02  3.178340e-02  5.567440e-02  2.210632e+00  4.361564e+00  2.828317e-01 
        9   0.00000   0.60318   0.13000   0.00606   0.97568  1.258584e-01 -3.487876e-04 -8.232160e-01  2.082530e-02 -9.467449e-04  4.383303e-03  1.050331e-01  5.979574e-04 -8.275992e-01 -8.232160e-01  1.258584e-01  2.142326e-02  4.383303e-03  2.082530e-02 -9.467449e-04 -8.275992e-01  1.050331e-01  5.979574e-04  2.500227e+00  4.401121e+00  3.803513e-01 -1.085744e-02  3.148262e-02  5.838417e-02  2.511084e+00  4.369638e+00  3.219672e-01 
       10   0.00000   0.67533   0.13000   0.00606   0.97241  1.359861e-01 -1.545045e-03 -8.398340e-01  2.094543e-02 -1.178737e-03  4.414122e-03  1.150407e-01 -3.663081e-04 -8.442481e-01 -8.398340e-01  1.359861e-01  2.057913e-02  4.414122e-03  2.094543e-02 -1.178737e-03 -8.442481e-01  1.150407e-01 -3.663081e-04  2.854330e+00  4.508076e+00  4.534512e-01 -1.192736e-02  3.163597e-02  6.504448e-02  2.866258e+00  4.476440e+00  3.884067e-01 
       11   0.00000   0.74748   0.13000   0.00606   0.97237  1.443563e-01 -2.253673e-02 -8.929825e-01  2.142670e-02 -2.385885e-03  4.681796e-03  1.229295e-01 -2.015085e-02 -8.976643e-01 -8.929825e-01  1.443563e-01  1.275853e-03  4.681796e-03  2.142670e-02 -2.385885e-03 -8.976643e-01  1.229295e-01 -2.015085e-02  3.408465e+00  4.791215e+00  4.263321e-01 -1.138500e-02  3.151375e-02  6.816425e-02  3.419850e+00  4.759702e+00  3.581678e-01 
       12   0.00000   0.81963   0.13000   0.00606   1.00369  1.213390e-01 -1.842485e-02 -9.387231e-01  2.256100e-02 -3.122856e-03  4.087193e-03  9.877797e-02 -1.530200e-02 -9.428103e-01 -9.387231e-01  1.213390e-01  7.259008e-03  4.087193e-03  2.256100e-02 -3.122856e-03 -9.428103e-01  9.877797e-02 -1.530200e-02  3.896214e+00  4.912750e+00  4.028379e-01 -8.708573e-03  3.748486e-02  7.671131e-02  3.904923e+00  4.875265e+00  3.261266e-01 
       13   0.00000   0.89178   0.13000   0.00606   1.00932  6.900964e-02 -6.400451e-03 -7.932538e-01  2.082433e-02 -4.612081e-03  3.563696e-03  4.818531e-02 -1.788370e-03 -7.968176e-01 -7.932538e-01  6.900964e-02  1.903596e-02  3.563696e-03  2.082433e-02 -4.612081e-03 -7.968176e-01  4.818531e-02 -1.788370e-03  3.558706e+00  4.080785e+00  2.745133e-01 -3.978959e-03  3.566625e-02  6.940962e-02  3.562685e+00  4.045119e+00  2.051037e-01 
       14   0.00000   0.96393   0.13000   0.00606   1.08791  7.922357e-02 -1.165889e-02 -7.793121e-01  2.224992e-02 -5.811119e-03  4.998571e-03  5.697365e-02 -5.847770e-03 -7.843107e-01 -7.793121e-01  7.922357e-02  1.640215e-02  4.998571e-03  2.224992e-02 -5.811119e-03 -7.843107e-01  5.697365e-02 -5.847770e-03  3.790173e+00  4.022842e+00  3.225407e-01 -9.068219e-03  3.202529e-02  7.759615e-02  3.799241e+00  3.990817e+00  2.449446e-01 



Time history of loading for wing surface: 5 --> VSP Surface: 5 ... NOTE: values per area! 

  Station    Time       S       Chord     Area      V/Vref        Cx            Cy            Cz           Cxo           Cyo           Czo          Cxi            Cyi           Czi           Cl            Cd            Cs            Clo           Cdo           Cso           Cli           Cdi           Csi           Cmx           Cmy           Cmz          Cmxo          Cmyo          Cmzo          Cmxi          Cmyi          Cmzi 
        1   0.00000   0.24304   0.45000   0.01350   1.03583  1.377617e-02 -7.425695e-02  1.032031e-01  1.425158e-02  2.664183e-05 -1.871339e-04 -4.754044e-04 -7.428359e-02  1.033902e-01  1.032031e-01  1.377617e-02 -6.003201e-02 -1.871339e-04  1.425158e-02  2.664183e-05  1.033902e-01 -4.754044e-04 -7.428359e-02  1.937727e-01 -8.285511e-02 -6.431755e-02 -2.862897e-04  8.711050e-03 -2.056282e-02  1.940590e-01 -9.156616e-02 -4.375473e-02 
        2   0.00000   0.55031   0.45000   0.01350   1.04076  2.212857e-01  1.515613e-01 -4.940352e-01  1.422169e-02  3.976123e-05  2.695178e-03  2.070641e-01  1.515215e-01 -4.967303e-01 -4.940352e-01  2.212857e-01  1.657432e-01  2.695178e-03  1.422169e-02  3.976123e-05 -4.967303e-01  2.070641e-01  1.515215e-01 -8.194550e-01  6.786222e-01 -1.127724e-01  3.866527e-03  7.175254e-03 -2.050843e-02 -8.233215e-01  6.714470e-01 -9.226398e-02 
        3   0.00000   0.67879   0.45000   0.01350   0.91936  1.169052e-02  2.330661e-01 -6.033900e-01  1.188491e-02  4.664725e-05  5.581813e-05 -1.943963e-04  2.330194e-01 -6.034458e-01 -6.033900e-01  1.169052e-02  2.449043e-01  5.581813e-05  1.188491e-02  4.664725e-05 -6.034458e-01 -1.943963e-04  2.330194e-01 -1.037881e+00  6.372957e-01  2.214953e-01  4.641820e-05  8.667848e-03 -1.712719e-02 -1.037928e+00  6.286278e-01  2.386225e-01 
        4   0.00000   0.80728   0.45000   0.01350   0.92245  1.129387e-02  1.181397e-01  1.845598e-03  1.165489e-02  1.719662e-05 -1.050923e-04 -3.610184e-04  1.181225e-01  1.950690e-03  1.845598e-03  1.129387e-02  1.297774e-01 -1.050923e-04  1.165489e-02  1.719662e-05  1.950690e-03 -3.610184e-04  1.181225e-01 -9.184515e-02  7.294883e-03  7.539799e-02 -1.655573e-04  9.413824e-03 -1.682013e-02 -9.167959e-02 -2.118942e-03  9.221812e-02 
        5   0.00000   0.93576   0.45000   0.01350   0.92857  1.133572e-02  9.064223e-02  5.093740e-03  1.174872e-02  5.861383e-06 -1.822179e-04 -4.130017e-04  9.063637e-02  5.275957e-03  5.093740e-03  1.133572e-02  1.023851e-01 -1.822179e-04  1.174872e-02  5.861383e-06  5.275957e-03 -4.130017e-04  9.063637e-02 -7.113650e-02  4.064839e-03  5.502728e-02 -2.682834e-04  1.033812e-02 -1.696536e-02 -7.086821e-02 -6.273284e-03  7.199264e-02 



Time history of loading for wing surface: 6 --> VSP Surface: 6 ... NOTE: values per area! 

  Station    Time       S       Chord     Area      V/Vref        Cx            Cy            Cz           Cxo           Cyo           Czo          Cxi            Cyi           Czi           Cl            Cd            Cs            Clo           Cdo           Cso           Cli           Cdi           Csi           Cmx           Cmy           Cmz          Cmxo          Cmyo          Cmzo          Cmxi          Cmyi          Cmzi 
        1   0.00000   0.24304   0.45000   0.01350   1.04038  1.398491e-02  9.072367e-02  9.769488e-02  1.437925e-02 -3.055330e-05 -1.792906e-04 -3.943361e-04  9.075422e-02  9.787417e-02  9.769488e-02  1.398491e-02  1.051335e-01 -1.792906e-04  1.437925e-02 -3.055330e-05  9.787417e-02 -3.943361e-04  9.075422e-02 -1.957295e-01 -7.728521e-02  8.553138e-02  2.773074e-04  8.780942e-03  2.074388e-02 -1.960068e-01 -8.606615e-02  6.478749e-02 
        2   0.00000   0.55031   0.45000   0.01350   1.04469  2.119432e-01 -1.126622e-01 -4.718711e-01  1.428108e-02 -9.145644e-05  2.577372e-03  1.976621e-01 -1.125707e-01 -4.744484e-01 -4.718711e-01  2.119432e-01 -9.828965e-02  2.577372e-03  1.428108e-02 -9.145644e-05 -4.744484e-01  1.976621e-01 -1.125707e-01  7.611865e-01  6.472098e-01  1.478572e-01 -3.661899e-03  7.315633e-03  2.054998e-02  7.648484e-01  6.398942e-01  1.273072e-01 
        3   0.00000   0.67879   0.45000   0.01350   0.91489  1.210456e-02 -2.421118e-01 -5.748336e-01  1.182168e-02  3.172198e-05 -1.052819e-06  2.828810e-04 -2.421435e-01 -5.748326e-01 -5.748336e-01  1.210456e-02 -2.303218e-01 -1.052819e-06  1.182168e-02  3.172198e-05 -5.748326e-01  2.828810e-04 -2.421435e-01  1.003594e+00  6.058164e-01 -2.344010e-01 -2.174205e-05  8.670132e-03  1.710290e-02  1.003615e+00  5.971462e-01 -2.515039e-01 
        4   0.00000   0.80728   0.45000   0.01350   0.92167  1.110979e-02 -1.192436e-01  2.604834e-03  1.163889e-02 -9.330401e-06 -1.530358e-04 -5.290970e-04 -1.192343e-01  2.757870e-03  2.604834e-03  1.110979e-02 -1.075954e-01 -1.530358e-04  1.163889e-02 -9.330401e-06  2.757870e-03 -5.290970e-04 -1.192343e-01  9.164625e-02  6.114974e-03 -7.867093e-02  2.285160e-04  9.442043e-03  1.680375e-02  9.141774e-02 -3.327069e-03 -9.547468e-02 
        5   0.00000   0.93576   0.45000   0.01350   0.92912  1.122505e-02 -8.892281e-02  5.052343e-03  1.175828e-02 -1.237288e-05 -2.154645e-04 -5.332263e-04 -8.891043e-02  5.267807e-03  5.052343e-03  1.122505e-02 -7.715216e-02 -2.154645e-04  1.175828e-02 -1.237288e-05  5.267807e-03 -5.332263e-04 -8.891043e-02  6.971857e-02  4.019151e-03 -5.401013e-02  3.219497e-04  1.037485e-02  1.697359e-02  6.939662e-02 -6.355700e-03 -7.098373e-02 



Time history of loading for wing surface: 7 --> VSP Surface: 7 ... NOTE: values per area! 

  Station    Time       S       Chord     Area      V/Vref        Cx            Cy            Cz           Cxo           Cyo           Czo          Cxi            Cyi           Czi           Cl            Cd            Cs            Clo           Cdo           Cso           Cli           Cdi           Csi           Cmx           Cmy           Cmz          Cmxo          Cmyo          Cmzo          Cmxi          Cmyi          Cmzi 
        1   0.00000   0.11280   0.21979   0.00235   0.89477  2.958204e-02 -1.601276e-01 -4.527085e-02  1.293416e-02  6.991196e-04 -6.665610e-04  1.664788e-02 -1.608267e-01 -4.460428e-02 -4.527085e-02  2.958204e-02 -1.478926e-01 -6.665610e-04  1.293416e-02  6.991196e-04 -4.460428e-02  1.664788e-02 -1.608267e-01  1.080235e-01  1.221788e-01 -3.322869e-01 -2.654815e-03  1.890396e-02 -3.168753e-02  1.106783e-01  1.032748e-01 -3.005993e-01 
        2   0.00000   0.24711   0.21979   0.00235   0.89323  5.489846e-02 -2.650895e-01 -4.903729e-02  1.326993e-02  6.557444e-04 -2.463434e-04  4.162853e-02 -2.657452e-01 -4.879095e-02 -4.903729e-02  5.489846e-02 -2.524753e-01 -2.463434e-04  1.326993e-02  6.557444e-04 -4.879095e-02  4.162853e-02 -2.657452e-01  2.578793e-01  1.667261e-01 -5.748658e-01 -1.564464e-03  1.941353e-02 -3.259687e-02  2.594437e-01  1.473126e-01 -5.422689e-01 
        3   0.00000   0.29013   0.21979   0.00235   0.90609  6.568545e-02 -3.312189e-01 -4.795163e-03  1.388704e-02  7.106430e-04 -8.070223e-05  5.179841e-02 -3.319295e-01 -4.714461e-03 -4.795163e-03  6.568545e-02 -3.180425e-01 -8.070223e-05  1.388704e-02  7.106430e-04 -4.714461e-03  5.179841e-02 -3.319295e-01  4.798172e-01  1.058457e-01 -7.105474e-01 -1.258952e-03  2.073181e-02 -3.407835e-02  4.810762e-01  8.511388e-02 -6.764690e-01 
        4   0.00000   0.33316   0.21979   0.00235   0.90831  7.450640e-02 -3.629292e-01 -8.880449e-04  1.411047e-02  7.178721e-04 -6.004476e-05  6.039593e-02 -3.636471e-01 -8.280002e-04 -8.880449e-04  7.450640e-02 -3.495366e-01 -6.004476e-05  1.411047e-02  7.178721e-04 -8.280002e-04  6.039593e-02 -3.636471e-01  5.540085e-01  1.157054e-01 -7.843226e-01 -1.251883e-03  2.171022e-02 -3.463258e-02  5.552604e-01  9.399522e-02 -7.496900e-01 
        5   0.00000   0.37618   0.21979   0.00235   0.90832  6.645973e-02 -3.769025e-01 -8.716819e-04  1.418638e-02  7.405667e-04  2.726679e-05  5.227335e-02 -3.776431e-01 -8.989487e-04 -8.716819e-04  6.645973e-02 -3.634567e-01  2.726679e-05  1.418638e-02  7.405667e-04 -8.989487e-04  5.227335e-02 -3.776431e-01  5.935049e-01  1.066034e-01 -7.870441e-01 -1.101575e-03  2.238291e-02 -3.479234e-02  5.946065e-01  8.422046e-02 -7.522517e-01 
        6   0.00000   0.41920   0.21979   0.00235   0.90810  6.729627e-02 -3.883535e-01 -9.114739e-04  1.424831e-02  7.421441e-04  2.443853e-05  5.304795e-02 -3.890956e-01 -9.359125e-04 -9.114739e-04  6.729627e-02 -3.748473e-01  2.443853e-05  1.424831e-02  7.421441e-04 -9.359125e-04  5.304795e-02 -3.890956e-01  6.300995e-01  1.112243e-01 -8.077889e-01 -1.146757e-03  2.316718e-02 -3.494656e-02  6.312463e-01  8.805714e-02 -7.728424e-01 
        7   0.00000   0.46222   0.21979   0.00235   0.91054  7.476509e-02 -3.978932e-01 -3.037420e-04  1.436422e-02  7.392253e-04  6.152313e-05  6.040087e-02 -3.986325e-01 -3.652651e-04 -3.037420e-04  7.476509e-02 -3.842682e-01  6.152313e-05  1.436422e-02  7.392253e-04 -3.652651e-04  6.040087e-02 -3.986325e-01  6.662043e-01  1.259034e-01 -8.418146e-01 -1.083728e-03  2.399161e-02 -3.524348e-02  6.672880e-01  1.019118e-01 -8.065711e-01 
        8   0.00000   0.50524   0.21979   0.00235   0.91047  7.504552e-02 -4.021973e-01  9.295087e-05  1.438887e-02  7.405689e-04  6.520176e-05  6.065665e-02 -4.029379e-01  2.774911e-05  9.295087e-05  7.504552e-02 -3.885490e-01  6.520176e-05  1.438887e-02  7.405689e-04  2.774911e-05  6.065665e-02 -4.029379e-01  6.936783e-01  1.292629e-01 -8.498834e-01 -1.112156e-03  2.471687e-02 -3.530384e-02  6.947905e-01  1.045460e-01 -8.145796e-01 
        9   0.00000   0.54827   0.21979   0.00235   0.91853  7.099957e-02 -4.031979e-01  2.608087e-04  1.457892e-02  7.585329e-04  9.450551e-05  5.642066e-02 -4.039565e-01  1.663032e-04  2.608087e-04  7.099957e-02 -3.893776e-01  9.450551e-05  1.457892e-02  7.585329e-04  1.663032e-04  5.642066e-02 -4.039565e-01  7.151416e-01  1.254071e-01 -8.426635e-01 -1.105434e-03  2.570147e-02 -3.575860e-02  7.162470e-01  9.970562e-02 -8.069049e-01 
       10   0.00000   0.59129   0.21979   0.00235   0.91852  7.201322e-02 -4.020757e-01  3.794391e-04  1.457237e-02  7.582246e-04  9.703758e-05  5.744085e-02 -4.028339e-01  2.824015e-04  3.794391e-04  7.201322e-02 -3.882616e-01  9.703758e-05  1.457237e-02  7.582246e-04  2.824015e-04  5.744085e-02 -4.028339e-01  7.327045e-01  1.304420e-01 -8.441975e-01 -1.134805e-03  2.638422e-02 -3.574249e-02  7.338393e-01  1.040578e-01 -8.084550e-01 
       11   0.00000   0.63431   0.21979   0.00235   0.91849  7.242119e-02 -3.987413e-01  4.584201e-04  1.455199e-02  7.571287e-04  1.003314e-04  5.786920e-02 -3.994985e-01  3.580887e-04  4.584201e-04  7.242119e-02 -3.849465e-01  1.003314e-04  1.455199e-02  7.571287e-04  3.580887e-04  5.786920e-02 -3.994985e-01  7.459320e-01  1.345146e-01 -8.407563e-01 -1.160752e-03  2.703944e-02 -3.569256e-02  7.470928e-01  1.074752e-01 -8.050637e-01 
       12   0.00000   0.67733   0.21979   0.00235   0.92265  7.364621e-02 -3.927979e-01  4.927511e-04  1.461467e-02  7.578712e-04  9.488334e-05  5.903154e-02 -3.935558e-01  3.978678e-04  4.927511e-04  7.364621e-02 -3.789411e-01  9.488334e-05  1.461467e-02  7.578712e-04  3.978678e-04  5.903154e-02 -3.935558e-01  7.537280e-01  1.402596e-01 -8.353364e-01 -1.212198e-03  2.786414e-02 -3.584985e-02  7.549402e-01  1.123955e-01 -7.994865e-01 
       13   0.00000   0.72036   0.21979   0.00235   0.92594  7.339288e-02 -3.832670e-01  6.048065e-04  1.463769e-02  7.626220e-04  8.394844e-05  5.875519e-02 -3.840296e-01  5.208580e-04  6.048065e-04  7.339288e-02 -3.693919e-01  8.394844e-05  1.463769e-02  7.626220e-04  5.208580e-04  5.875519e-02 -3.840296e-01  7.541070e-01  1.430845e-01 -8.204917e-01 -1.285447e-03  2.862469e-02 -3.590130e-02  7.553925e-01  1.144598e-01 -7.845904e-01 
       14   0.00000   0.76338   0.21979   0.00235   0.92585  7.194011e-02 -3.711049e-01  8.777092e-04  1.456789e-02  7.581652e-04  8.861353e-05  5.737223e-02 -3.718631e-01  7.890957e-04  8.777092e-04  7.194011e-02 -3.572952e-01  8.861353e-05  1.456789e-02  7.581652e-04  7.890957e-04  5.737223e-02 -3.718631e-01  7.486829e-01  1.431990e-01 -7.990286e-01 -1.301222e-03  2.917877e-02 -3.573126e-02  7.499842e-01  1.140202e-01 -7.632974e-01 
       15   0.00000   0.80640   0.21979   0.00235   0.92609  7.052335e-02 -3.529521e-01  1.137092e-03  1.447668e-02  7.549655e-04  9.335113e-05  5.604667e-02 -3.537070e-01  1.043741e-03  1.137092e-03  7.052335e-02 -3.392303e-01  9.335113e-05  1.447668e-02  7.549655e-04  1.043741e-03  5.604667e-02 -3.537070e-01  7.297274e-01  1.432529e-01 -7.671154e-01 -1.318976e-03  2.968196e-02 -3.550537e-02  7.310464e-01  1.135710e-01 -7.316100e-01 
       16   0.00000   0.84942   0.21979   0.00235   0.93214  6.908434e-02 -3.294158e-01  1.580074e-03  1.450615e-02  7.534808e-04  5.863067e-05  5.457819e-02 -3.301693e-01  1.521443e-03  1.580074e-03  6.908434e-02 -3.156632e-01  5.863067e-05  1.450615e-02  7.534808e-04  1.521443e-03  5.457819e-02 -3.301693e-01  6.981312e-01  1.428069e-01 -7.266402e-01 -1.439712e-03  3.048634e-02 -3.558190e-02  6.995709e-01  1.123205e-01 -6.910583e-01 
       17   0.00000   0.89244   0.21979   0.00235   0.93357  6.602069e-02 -2.977816e-01  4.184815e-03  1.439713e-02  7.478267e-04  5.068012e-05  5.162357e-02 -2.985295e-01  4.134134e-03  4.184815e-03  6.602069e-02 -2.841323e-01  5.068012e-05  1.439713e-02  7.478267e-04  4.134134e-03  5.162357e-02 -2.985295e-01  6.522650e-01  1.349554e-01 -6.686769e-01 -1.483697e-03  3.095734e-02 -3.531448e-02  6.537487e-01  1.039980e-01 -6.333624e-01 
       18   0.00000   0.93547   0.21979   0.00235   0.93474  6.037325e-02 -2.535610e-01  1.578018e-02  1.424870e-02  7.500151e-04  5.155891e-05  4.612454e-02 -2.543110e-01  1.572862e-02  1.578018e-02  6.037325e-02 -2.400623e-01  5.155891e-05  1.424870e-02  7.500151e-04  1.572862e-02  4.612454e-02 -2.543110e-01  5.982159e-01  1.055843e-01 -5.836565e-01 -1.522115e-03  3.131863e-02 -3.493646e-02  5.997381e-01  7.426564e-02 -5.487201e-01 
       19   0.00000   0.97849   0.21979   0.00235   0.93512  5.418947e-02 -1.888599e-01  1.256884e-02  1.404938e-02  7.691707e-04  1.668388e-05  4.014009e-02 -1.896291e-01  1.255215e-02  1.256884e-02  5.418947e-02 -1.755797e-01  1.668388e-05  1.404938e-02  7.691707e-04  1.255215e-02  4.014009e-02 -1.896291e-01  4.567405e-01  1.001869e-01 -4.619657e-01 -1.689252e-03  3.160154e-02 -3.440595e-02  4.584297e-01  6.858532e-02 -4.275597e-01 



Time history of loading for wing surface: 8 --> VSP Surface: 8 ... NOTE: values per area! 

  Station    Time       S       Chord     Area      V/Vref        Cx            Cy            Cz           Cxo           Cyo           Czo          Cxi            Cyi           Czi           Cl            Cd            Cs            Clo           Cdo           Cso           Cli           Cdi           Csi           Cmx           Cmy           Cmz          Cmxo          Cmyo          Cmzo          Cmxi          Cmyi          Cmzi 
        1   0.00000   0.11280   0.21979   0.00235   0.90279  2.977417e-02  1.597331e-01 -4.931425e-02  1.313444e-02 -6.505424e-04 -7.093477e-04  1.663973e-02  1.603836e-01 -4.860490e-02 -4.931425e-02  2.977417e-02  1.735181e-01 -7.093477e-04  1.313444e-02 -6.505424e-04 -4.860490e-02  1.663973e-02  1.603836e-01 -9.719736e-02  1.299637e-01  3.313182e-01  2.695429e-03  1.924244e-02  3.226193e-02 -9.989279e-02  1.107213e-01  2.990563e-01 
        2   0.00000   0.24711   0.21979   0.00235   0.89631  5.471309e-02  2.681003e-01 -5.355038e-02  1.335695e-02 -6.478668e-04 -2.705722e-04  4.135614e-02  2.687482e-01 -5.327981e-02 -5.355038e-02  5.471309e-02  2.821051e-01 -2.705722e-04  1.335695e-02 -6.478668e-04 -5.327981e-02  4.135614e-02  2.687482e-01 -2.507904e-01  1.748804e-01  5.790728e-01  1.614350e-03  1.957272e-02  3.282780e-02 -2.524047e-01  1.553076e-01  5.462450e-01 
        3   0.00000   0.29013   0.21979   0.00235   0.90852  6.597038e-02  3.349659e-01 -5.402528e-03  1.396370e-02 -7.163388e-04 -9.730256e-05  5.200669e-02  3.356823e-01 -5.305225e-03 -5.402528e-03  6.597038e-02  3.496459e-01 -9.730256e-05  1.396370e-02 -7.163388e-04 -5.305225e-03  5.200669e-02  3.356823e-01 -4.838400e-01  1.074013e-01  7.169904e-01  1.309342e-03  2.086902e-02  3.426398e-02 -4.851494e-01  8.653229e-02  6.827264e-01 
        4   0.00000   0.33316   0.21979   0.00235   0.90974  7.507519e-02  3.668233e-01 -9.721970e-04  1.416553e-02 -7.251345e-04 -7.289874e-05  6.090966e-02  3.675485e-01 -8.992983e-04 -9.721970e-04  7.507519e-02  3.817140e-01 -7.289874e-05  1.416553e-02 -7.251345e-04 -8.992983e-04  6.090966e-02  3.675485e-01 -5.597682e-01  1.167433e-01  7.915757e-01  1.295484e-03  2.181271e-02  3.476142e-02 -5.610637e-01  9.493055e-02  7.568143e-01 
        5   0.00000   0.37618   0.21979   0.00235   0.91012  6.747045e-02  3.814579e-01 -7.995556e-04  1.425414e-02 -7.553304e-04  2.109704e-05  5.321630e-02  3.822132e-01 -8.206526e-04 -7.995556e-04  6.747045e-02  3.964674e-01  2.109704e-05  1.425414e-02 -7.553304e-04 -8.206526e-04  5.321630e-02  3.822132e-01 -6.008860e-01  1.080695e-01  7.965698e-01  1.140495e-03  2.249871e-02  3.494271e-02 -6.020265e-01  8.557078e-02  7.616271e-01 
        6   0.00000   0.41920   0.21979   0.00235   0.90992  6.838176e-02  3.930021e-01 -8.219856e-04  1.431771e-02 -7.570863e-04  1.822604e-05  5.406405e-02  3.937592e-01 -8.402117e-04 -8.219856e-04  6.838176e-02  4.080769e-01  1.822604e-05  1.431771e-02 -7.570863e-04 -8.402117e-04  5.406405e-02  3.937592e-01 -6.378944e-01  1.128285e-01  8.176231e-01  1.186782e-03  2.328895e-02  3.510081e-02 -6.390812e-01  8.953950e-02  7.825223e-01 
        7   0.00000   0.46222   0.21979   0.00235   0.91217  7.583082e-02  4.024936e-01 -2.445059e-04  1.442940e-02 -7.545979e-04  5.684483e-05  6.140142e-02  4.032482e-01 -3.013508e-04 -2.445059e-04  7.583082e-02  4.176776e-01  5.684483e-05  1.442940e-02 -7.545979e-04 -3.013508e-04  6.140142e-02  4.032482e-01 -6.740650e-01  1.275813e-01  8.514783e-01  1.121315e-03  2.410747e-02  3.538646e-02 -6.751863e-01  1.034738e-01  8.160919e-01 
        8   0.00000   0.50524   0.21979   0.00235   0.91211  7.608798e-02  4.067427e-01  9.648684e-05  1.445409e-02 -7.558474e-04  6.040829e-05  6.163390e-02  4.074986e-01  3.607855e-05  9.648684e-05  7.608798e-02  4.219527e-01  6.040829e-05  1.445409e-02 -7.558474e-04  3.607855e-05  6.163390e-02  4.074986e-01 -7.015246e-01  1.310501e-01  8.593703e-01  1.150608e-03  2.483608e-02  3.544706e-02 -7.026752e-01  1.062141e-01  8.239233e-01 
        9   0.00000   0.54827   0.21979   0.00235   0.92022  7.194408e-02  4.076892e-01  2.423982e-04  1.464503e-02 -7.731057e-04  9.118609e-05  5.729905e-02  4.084623e-01  1.512121e-04  2.423982e-04  7.194408e-02  4.231073e-01  9.118609e-05  1.464503e-02 -7.731057e-04  1.512121e-04  5.729905e-02  4.084623e-01 -7.230544e-01  1.271097e-01  8.518069e-01  1.139643e-03  2.582331e-02  3.590508e-02 -7.241941e-01  1.012864e-01  8.159018e-01 
       10   0.00000   0.59129   0.21979   0.00235   0.92021  7.294378e-02  4.064628e-01  3.523856e-04  1.463776e-02 -7.728072e-04  9.370313e-05  5.830602e-02  4.072356e-01  2.586825e-04  3.523856e-04  7.294378e-02  4.218733e-01  9.370313e-05  1.463776e-02 -7.728072e-04  2.586825e-04  5.830602e-02  4.072356e-01 -7.406211e-01  1.321801e-01  8.531219e-01  1.169768e-03  2.650794e-02  3.588714e-02 -7.417909e-01  1.056722e-01  8.172347e-01 
       11   0.00000   0.63431   0.21979   0.00235   0.92020  7.329848e-02  4.030011e-01  4.134282e-04  1.461677e-02 -7.715906e-04  9.678313e-05  5.868171e-02  4.037727e-01  3.166451e-04  4.134282e-04  7.329848e-02  4.183895e-01  9.678313e-05  1.461677e-02 -7.715906e-04  3.166451e-04  5.868171e-02  4.037727e-01 -7.537763e-01  1.362285e-01  8.493294e-01  1.196728e-03  2.716544e-02  3.583582e-02 -7.549731e-01  1.090630e-01  8.134936e-01 
       12   0.00000   0.67733   0.21979   0.00235   0.92419  7.457546e-02  3.968949e-01  4.217323e-04  1.467438e-02 -7.724954e-04  8.979324e-05  5.990108e-02  3.976674e-01  3.319390e-04  4.217323e-04  7.457546e-02  4.123418e-01  8.979324e-05  1.467438e-02 -7.724954e-04  3.319390e-04  5.990108e-02  3.976674e-01 -7.613992e-01  1.421592e-01  8.437541e-01  1.253072e-03  2.798571e-02  3.598008e-02 -7.626523e-01  1.141735e-01  8.077739e-01 
       13   0.00000   0.72036   0.21979   0.00235   0.92744  7.425262e-02  3.871778e-01  5.103417e-04  1.469507e-02 -7.761830e-04  7.891088e-05  5.955755e-02  3.879540e-01  4.314308e-04  5.103417e-04  7.425262e-02  4.026490e-01  7.891088e-05  1.469507e-02 -7.761830e-04  4.314308e-04  5.955755e-02  3.879540e-01 -7.615505e-01  1.449329e-01  8.284386e-01  1.324801e-03  2.874449e-02  3.602715e-02 -7.628753e-01  1.161884e-01  7.924114e-01 
       14   0.00000   0.76338   0.21979   0.00235   0.92735  7.276177e-02  3.748525e-01  7.616648e-04  1.462367e-02 -7.716765e-04  8.361773e-05  5.813810e-02  3.756242e-01  6.780471e-04  7.616648e-04  7.276177e-02  3.902479e-01  8.361773e-05  1.462367e-02 -7.716765e-04  6.780471e-04  5.813810e-02  3.756242e-01 -7.559312e-01  1.450511e-01  8.066555e-01  1.341020e-03  2.929802e-02  3.585313e-02 -7.572722e-01  1.157531e-01  7.708024e-01 
       15   0.00000   0.80640   0.21979   0.00235   0.92759  7.133830e-02  3.564445e-01  9.976150e-04  1.453056e-02 -7.686594e-04  8.809920e-05  5.680774e-02  3.572131e-01  9.095159e-04  9.976150e-04  7.133830e-02  3.717437e-01  8.809920e-05  1.453056e-02 -7.686594e-04  9.095159e-04  5.680774e-02  3.572131e-01 -7.365711e-01  1.451721e-01  7.743388e-01  1.360444e-03  2.980032e-02  3.562217e-02 -7.379315e-01  1.153718e-01  7.387167e-01 
       16   0.00000   0.84942   0.21979   0.00235   0.93348  6.982148e-02  3.324947e-01  1.388391e-03  1.455349e-02 -7.664470e-04  5.350292e-05  5.526799e-02  3.332612e-01  1.334888e-03  1.388391e-03  6.982148e-02  3.478146e-01  5.350292e-05  1.455349e-02 -7.664470e-04  1.334888e-03  5.526799e-02  3.332612e-01 -7.041386e-01  1.446968e-01  7.330164e-01  1.479989e-03  3.059332e-02  3.568321e-02 -7.056187e-01  1.141035e-01  6.973332e-01 
       17   0.00000   0.89244   0.21979   0.00235   0.93494  6.644628e-02  3.000553e-01  3.937237e-03  1.444080e-02 -7.593627e-04  4.553634e-05  5.200548e-02  3.008146e-01  3.891701e-03  3.937237e-03  6.644628e-02  3.152555e-01  4.553634e-05  1.444080e-02 -7.593627e-04  3.891701e-03  5.200548e-02  3.008146e-01 -6.565430e-01  1.363143e-01  6.729144e-01  1.521553e-03  3.105872e-02  3.540855e-02 -6.580646e-01  1.052556e-01  6.375058e-01 
       18   0.00000   0.93547   0.21979   0.00235   0.93615  6.068027e-02  2.552826e-01  1.566367e-02  1.429025e-02 -7.612326e-04  4.597965e-05  4.639002e-02  2.560439e-01  1.561769e-02  1.566367e-02  6.068027e-02  2.703341e-01  4.597965e-05  1.429025e-02 -7.612326e-04  1.561769e-02  4.639002e-02  2.560439e-01 -6.017218e-01  1.064562e-01  5.867580e-01  1.560922e-03  3.141803e-02  3.502561e-02 -6.032827e-01  7.503815e-02  5.517323e-01 
       19   0.00000   0.97849   0.21979   0.00235   0.93645  5.432696e-02  1.898427e-01  1.258001e-02  1.408593e-02 -7.801453e-04  1.038441e-05  4.024103e-02  1.906228e-01  1.256963e-02  1.258001e-02  5.432696e-02  2.047088e-01  1.038441e-05  1.408593e-02 -7.801453e-04  1.256963e-02  4.024103e-02  1.906228e-01 -4.589802e-01  1.004595e-01  4.635566e-01  1.729869e-03  3.169268e-02  3.448280e-02 -4.607100e-01  6.876682e-02  4.290738e-01 
