"Time_Iter","Outer_Iter","Inner_Iter",     "rms[P]"     ,     "rms[U]"     ,     "rms[V]"     ,     "rms[T]"     ,     "rms[k]"     ,     "rms[w]"     ,    "rms[LM_1]"   ,    "rms[LM_2]"   ,"LinSolIter",    "LinSolRes"   ,"LinSolIterTurb",  "LinSolResTurb" ,"LinSolIterTrans", "LinSolResTrans" ,     "Min DT"     ,     "Max DT"     ,     "Min CFL"    ,     "Max CFL"    ,     "Avg CFL"    ,    "RefForce"    ,       "CD"       ,       "CL"       ,       "CSF"      ,       "CMx"      ,       "CMy"      ,       "CMz"      ,       "CFx"      ,       "CFy"      ,       "CFz"      ,      "CEff"      ,       "HF"       ,      "maxHF"     ,      "Temp"      
          0,           0,           0,      -3.934962164,      -17.92650003,      -21.34385313,      -1.075365833,      -3.947682685,       1.137396624,      -4.166286788,      -2.080306747,          14,      -6.147854359,               4,      -6.041313301,                6,      -6.226372532,    0.001140630883,      0.1038965785,                11,                11,                11,      0.0724683887,       1.418251065,      -2.960981045,                 0,                 0,                 0,      -5.264097223,       1.418251065,      -2.960981045,                 0,      -2.087769308,  -8.259611725e-06,     0.00117585978,                 0
          0,           0,           1,      -4.116133651,      -3.901884828,      -4.067493777,      -1.256537319,      -4.420839606,      0.6713903979,      -4.535075254,        0.19588459,         100,      -5.197981878,               5,      -6.650858004,                4,      -6.174612869,     0.00110596804,     0.09989256184,              12.1,              12.1,              12.1,      0.0724683887,       1.336417555,       -2.73295806,                 0,                 0,                 0,      -4.833791902,       1.336417555,       -2.73295806,                 0,      -2.044988148,  -2.472556729e-07,   0.0001236262659,                 0
          0,           0,           2,      -4.309279349,      -4.087213158,      -4.101224935,      -1.449683016,      -4.817332823,      0.2836522149,      -4.611517578,      0.3096671587,         100,      -5.610487953,               5,      -6.119677283,                4,      -6.185279346,    0.001178327476,      0.1062195078,             13.31,             13.31,             13.31,      0.0724683887,       1.007633673,      -2.132341563,                 0,                 0,                 0,      -3.714922616,       1.007633673,      -2.132341563,                 0,      -2.116187281,  -9.605631606e-07,   0.0001079202782,                 0
          0,           0,           3,      -4.449662847,      -4.200436294,      -4.146655654,      -1.590066515,      -5.145700358,    -0.03598737837,      -4.810143312,      0.3666552078,         100,       -5.25809625,               6,      -6.850409997,                4,      -6.229683216,    0.001172136089,      0.1050540697,            14.641,            14.641,            14.641,      0.0724683887,       0.746248688,      -1.757016324,                 0,                 0,                 0,      -2.969661131,       0.746248688,      -1.757016324,                 0,      -2.354464875,  -1.061796168e-06,   0.0001113062074,                 0
          0,           0,           4,      -4.534097812,      -4.273556137,      -4.184230405,      -1.674501479,      -5.402946819,      -0.285880831,      -4.952617893,      0.3990782301,         100,      -5.207044709,               6,      -6.562750307,                4,      -6.252692428,    0.001231241578,      0.1100819705,           16.1051,           16.1051,           16.1051,      0.0724683887,      0.6527096392,      -1.791511457,                 0,                 0,                 0,       -2.91458085,      0.6527096392,      -1.791511457,                 0,      -2.744729585,  -8.341580898e-07,   8.055696249e-05,                 0
          0,           0,           5,      -4.590938177,      -4.313231716,       -4.20540886,      -1.731341845,      -5.611873576,     -0.4895175708,      -5.015059087,      0.4302564762,         100,      -5.308546452,               6,      -6.311593826,                4,      -6.262900851,    0.001331246311,      0.1189180781,          17.71561,          17.71561,          17.71561,      0.0724683887,      0.6580031841,      -2.028943514,                 0,                 0,                 0,      -3.196092677,      0.6580031841,      -2.028943514,                 0,      -3.083485861,  -4.496528384e-07,   6.292857118e-05,                 0
          0,           0,           6,       -4.62790974,       -4.33510871,      -4.218354467,      -1.768313408,      -5.788813239,     -0.6626451416,      -5.038427449,      0.4677937496,         100,       -5.07038371,               6,      -6.068998348,                4,      -6.268478855,    0.001456582377,      0.1300789871,         19.487171,         19.487171,         19.487171,      0.0724683887,      0.6723037764,       -2.20789941,                 0,                 0,                 0,      -3.402519777,      0.6723037764,       -2.20789941,                 0,      -3.284080036,    -4.8070068e-07,   6.466112734e-05,                 0
          0,           0,           7,      -4.653738936,      -4.346666734,      -4.225746612,      -1.794142604,      -5.944562455,     -0.8147283255,      -5.037002547,      0.5450663099,         100,       -5.20126896,               7,      -6.644982657,                4,      -6.291594949,    0.001601106464,      0.1429804868,        21.4358881,        21.4358881,        21.4358881,      0.0724683887,      0.6611523497,      -2.232002681,                 0,                 0,                 0,       -3.40380802,      0.6611523497,      -2.232002681,                 0,      -3.375927926,  -3.807715808e-07,   5.514001698e-05,                 0
          0,           0,           8,      -4.673162104,      -4.352980708,      -4.230637214,      -1.813565772,      -6.084584101,     -0.9517438284,      -5.020412661,      0.6342063716,         100,      -5.214632314,               7,      -6.375775422,                4,      -6.328312554,    0.001766044266,       0.157731436,       23.57947691,       23.57947691,       23.57947691,      0.0724683887,      0.6294454693,      -2.142976681,                 0,                 0,                 0,      -3.262647785,      0.6294454693,      -2.142976681,                 0,      -3.404546995,  -5.053335202e-07,   7.039456069e-05,                 0
          0,           0,           9,      -4.686359307,      -4.354697799,      -4.234426891,      -1.826762976,      -6.212042369,      -1.077855888,      -4.988624614,      0.6227273111,         100,      -5.163339253,               7,      -6.098931709,                4,      -6.216068978,    0.001955552382,      0.1747158238,        25.9374246,        25.9374246,        25.9374246,      0.0724683887,      0.5879406068,       -2.01176487,                 0,                 0,                 0,      -3.064212496,      0.5879406068,       -2.01176487,                 0,      -3.421714449,   -4.54590714e-07,   5.825996746e-05,                 0
          0,           0,          10,      -4.694410249,      -4.352002317,      -4.237144412,      -1.834813916,      -6.328352747,      -1.196119326,      -4.954831099,      0.5804299074,         100,      -5.150078493,             100,      -5.811116857,                4,      -6.180442255,    0.002104701079,      0.1878346402,       28.53116706,       28.53116706,       28.53116706,      0.0724683887,      0.5446245459,      -1.886158601,                 0,                 0,                 0,      -2.865818221,      0.5446245459,      -1.886158601,                 0,      -3.463227311,  -4.798801439e-07,   4.753529095e-05,                 0
          0,           0,          11,      -4.701517283,      -4.347899375,      -4.240160616,      -1.841920952,      -6.430707559,      -1.305763883,      -4.930390918,        0.52233468,         100,      -5.370568523,               8,      -6.042281208,                4,      -6.178522381,     0.00225418843,      0.2009119346,       31.38428377,       31.38428377,       31.38428377,      0.0724683887,      0.5108309129,      -1.804045477,                 0,                 0,                 0,      -2.731146393,      0.5108309129,      -1.804045477,                 0,      -3.531590261,  -4.182038306e-07,   3.587061529e-05,                 0
          0,           0,          12,       -4.71106693,      -4.341788723,      -4.242563833,      -1.851470598,      -6.516585105,       -1.40824934,      -4.908644681,      0.4591276328,         100,      -5.286770565,             100,      -5.457194926,                4,      -6.202328904,    0.002422425454,      0.2156656941,       34.52271214,       34.52271214,       34.52271214,      0.0724683887,      0.5021370001,      -1.800651157,                 0,                 0,                 0,      -2.730125856,      0.5021370001,      -1.800651157,                 0,      -3.585975853,  -3.180013297e-07,   2.822564704e-05,                 0
          0,           0,          13,      -4.725144766,       -4.33019899,      -4.243753977,      -1.865548436,      -6.582839023,      -1.505279113,      -4.885208936,      0.3988063122,         100,      -5.212727735,             100,       -5.72732167,                4,      -6.274355595,    0.002605350275,      0.2317079291,       37.97498336,       37.97498336,       37.97498336,      0.0724683887,      0.5280168332,      -1.894173713,                 0,                 0,                 0,      -2.897117689,      0.5280168332,      -1.894173713,                 0,      -3.587335846,  -4.977986792e-07,   2.378196968e-05,                 0
          0,           0,          14,      -4.746711376,       -4.31217615,      -4.246826575,      -1.887115047,      -6.623959031,      -1.597800827,      -4.856556766,      0.3492431973,         100,      -4.988243156,             100,      -5.481237602,                4,      -6.385787942,    0.002794500742,      0.2482468391,       41.77248169,       41.77248169,       41.77248169,      0.0724683887,      0.5822038505,       -2.06825311,                 0,                 0,                 0,      -3.195976127,      0.5822038505,       -2.06825311,                 0,      -3.552455224,  -3.121370198e-07,   2.383023868e-05,                 0
          0,           0,          15,      -4.774102346,      -4.295677386,      -4.258948259,      -1.914506011,      -6.636709147,      -1.686165551,      -4.805421193,      0.3101808593,         100,      -4.801927582,              33,      -6.001421469,                4,       -6.44228251,    0.002982724826,       0.264621607,       45.94972986,       45.94972986,       45.94972986,      0.0724683887,      0.6441103896,      -2.269974422,                 0,                 0,                 0,       -3.52737589,      0.6441103896,      -2.269974422,                 0,      -3.524200911,  -2.957354425e-07,   2.593797216e-05,                 0
          0,           0,          16,      -4.798673181,      -4.295199338,      -4.289051962,      -1.939076846,      -6.623264077,      -1.770207179,      -4.741507791,       0.272498517,         100,      -4.775674868,             100,      -5.590678522,                4,      -6.397932875,    0.003169893417,      0.2808305517,       50.54470285,       50.54470285,       50.54470285,      0.0724683887,      0.6913442309,      -2.434729316,                 0,                 0,                 0,      -3.783160957,      0.6913442309,      -2.434729316,                 0,       -3.52173231,  -3.017807198e-07,   2.259294139e-05,                 0
          0,           0,          17,      -4.817511976,      -4.322862501,       -4.34133326,      -1.957915644,      -6.590480548,      -1.849285473,      -4.702579474,       0.232309362,         100,      -4.645336185,             100,      -5.741594153,                4,      -6.300488164,    0.003363340446,      0.2975616716,       55.59917313,       55.59917313,       55.59917313,      0.0724683887,      0.7141248661,       -2.52802086,                 0,                 0,                 0,      -3.915724871,      0.7141248661,       -2.52802086,                 0,      -3.540026374,  -3.107469427e-07,   1.826296066e-05,                 0
          0,           0,          18,      -4.844258221,      -4.380037196,      -4.403334278,       -1.98466189,      -6.546545311,      -1.924734256,      -4.717092398,       0.199114272,         100,      -4.708972707,             100,      -5.632357018,                4,      -6.212457702,    0.003573438138,      0.3157717315,       61.15909045,       61.15909045,       61.15909045,      0.0724683887,      0.7192862731,      -2.566525229,                 0,                 0,                 0,      -3.962461909,      0.7192862731,      -2.566525229,                 0,      -3.568155441,  -2.654725373e-07,   1.681492205e-05,                 0
          0,           0,          19,      -4.896104647,      -4.445484551,      -4.438032352,      -2.036508321,      -6.496919574,      -2.000175306,      -4.794113659,      0.1779574075,         100,      -4.658949517,             100,      -5.586504138,                4,      -6.152987607,    0.003808488788,      0.3362091679,       67.27499949,       67.27499949,       67.27499949,      0.0724683887,      0.7206589554,       -2.59390414,                 0,                 0,                 0,        -3.9981493,      0.7206589554,       -2.59390414,                 0,      -3.599350456,  -3.694828317e-07,   1.436367292e-05,                 0
          0,           0,          20,      -4.978393562,      -4.478490845,      -4.420048788,      -2.118797231,      -6.444476956,      -2.075810397,      -4.910125502,      0.1619406869,         100,      -4.628279322,             100,      -5.523851127,                4,      -6.135339313,    0.004072762837,       0.359234315,       74.00249944,       74.00249944,       74.00249944,      0.0724683887,      0.7263844599,      -2.638725427,                 0,                 0,                 0,      -4.065866837,      0.7263844599,      -2.638725427,                 0,      -3.632684305,  -4.275986936e-07,   1.320813421e-05,                 0
          0,           0,          21,      -5.077198353,      -4.478230192,      -4.384385925,      -2.217602018,      -6.390384439,      -2.148116588,       -5.00646003,      0.1369493836,         100,      -4.689047845,             100,      -5.901042708,                4,      -6.166226082,    0.004368100469,      0.3849728408,       81.40274939,       81.40274939,       81.40274939,      0.0724683887,      0.7346026522,      -2.696601865,                 0,                 0,                 0,      -4.152652141,      0.7346026522,      -2.696601865,                 0,       -3.67083056,  -5.874886084e-07,   1.274601292e-05,                 0
          0,           0,          22,      -5.145703106,       -4.48152494,      -4.376620374,      -2.286106774,      -6.334805984,      -2.218518663,      -5.052132938,     0.09639665241,         100,      -4.551963213,             100,      -5.668779029,                4,      -6.245534056,    0.004697015503,      0.4136119447,       89.54302433,       89.54302433,       89.54302433,      0.0724683887,      0.7377184909,      -2.742193806,                 0,                 0,                 0,      -4.213915386,      0.7377184909,      -2.742193806,                 0,      -3.717127657,  -5.926563552e-07,    1.41654151e-05,                 0
          0,           0,          23,      -5.149521039,      -4.499027486,      -4.409422603,      -2.289924704,      -6.277387341,      -2.287364509,      -5.083685234,     0.03724743562,         100,      -4.687853647,             100,      -5.734131073,                4,      -6.377740256,    0.005066121607,      0.4457261446,       98.49732676,       98.49732676,       98.49732676,      0.0724683887,      0.7286184902,      -2.749413422,                 0,                 0,                 0,      -4.207650053,      0.7286184902,      -2.749413422,                 0,      -3.773460953,  -7.433401199e-07,   1.403132064e-05,                 0
          0,           0,          24,      -5.137568096,      -4.507996874,      -4.458343275,       -2.27797176,      -6.217365589,      -2.353768753,      -5.121100565,  -0.0006813247842,         100,      -4.562966668,             100,      -5.953932264,                4,      -6.532822558,    0.005489047833,      0.4825471871,       108.3470594,       108.3470594,       108.3470594,      0.0724683887,      0.7047123904,      -2.705281684,                 0,                 0,                 0,      -4.114806253,      0.7047123904,      -2.705281684,                 0,      -3.838845068,  -8.304687186e-07,   1.611919259e-05,                 0
          0,           0,          25,      -5.154833145,      -4.487278038,      -4.483248814,      -2.295236809,      -6.154481125,      -2.419740098,      -5.149897878,   -0.002032966342,         100,      -4.489321357,             100,      -5.719225667,                4,      -6.478529461,    0.005986732846,      0.5259802308,       119.1817654,       119.1817654,       119.1817654,      0.0724683887,      0.6690449164,      -2.615578678,                 0,                 0,                 0,      -3.945689108,      0.6690449164,      -2.615578678,                 0,      -3.909421645,  -8.738517189e-07,   1.572660152e-05,                 0
          0,           0,          26,      -5.197537316,      -4.455987858,      -4.498068117,      -2.337940986,      -6.089807027,      -2.490484751,      -5.168913256,    -0.03057301161,         100,      -4.412720001,             100,      -5.787684032,                4,      -6.311441074,    0.006583292275,      0.5782055419,       131.0999419,       131.0999419,       131.0999419,      0.0724683887,      0.6286706235,      -2.502060534,                 0,                 0,                 0,      -3.734825399,      0.6286706235,      -2.502060534,                 0,      -3.979922777,  -9.509561247e-07,   1.506330779e-05,                 0
          0,           0,          27,      -5.233191389,      -4.440812364,      -4.544044854,      -2.373595053,      -6.024941923,      -2.561772675,      -5.194652502,    -0.06835927665,         100,       -4.20191359,             100,      -5.286099086,                4,      -6.166173887,    0.007297847761,      0.6409097078,       144.2099361,       144.2099361,       144.2099361,      0.0724683887,      0.5920901898,       -2.39388698,                 0,                 0,                 0,        -3.5287147,      0.5920901898,       -2.39388698,                 0,      -4.043112049,  -9.715193069e-07,   1.484666241e-05,                 0
          0,           0,          28,       -5.24288008,      -4.443929607,      -4.601386322,      -2.383283751,      -5.961496308,      -2.612058187,      -5.195627382,    -0.05526611846,         100,      -4.249496016,             100,      -5.512779636,                4,      -6.094031431,    0.008134770065,      0.7143842056,       158.6309297,       158.6309297,       158.6309297,      0.0724683887,      0.5678231612,      -2.320075276,                 0,                 0,                 0,      -3.375600328,      0.5678231612,      -2.320075276,                 0,      -4.085911662,  -9.063652594e-07,   1.622774288e-05,                 0
          0,           0,          29,      -5.236323325,      -4.454513752,      -4.592567234,      -2.376726981,      -5.905670399,      -2.623212516,      -5.115598983,    0.006449980419,         100,      -4.317195205,             100,      -5.477045069,                4,      -6.085537417,    0.009076723821,      0.7969219545,       174.4940227,       174.4940227,       174.4940227,      0.0724683887,      0.5633027811,      -2.305104984,                 0,                 0,                 0,      -3.317788187,      0.5633027811,      -2.305104984,                 0,      -4.092124274,  -9.703622453e-07,   1.535118546e-05,                 0
          0,           0,          30,      -5.228156349,      -4.464422031,       -4.53889267,      -2.368560027,      -5.845481382,       -2.58964248,      -5.002073276,     0.07146890387,         100,       -4.32159343,             100,      -5.286432156,                4,      -6.090742232,     0.01005061099,      0.8818357963,        191.943425,        191.943425,        191.943425,      0.0724683887,      0.5827349897,      -2.364527728,                 0,                 0,                 0,      -3.382122435,      0.5827349897,      -2.364527728,                 0,      -4.057638154,  -6.981242162e-07,   1.343507392e-05,                 0
          0,           0,          31,      -5.235836994,      -4.469448735,      -4.515080959,      -2.376240664,      -5.780741331,      -2.570771309,      -4.916891022,      0.1440241017,         100,      -4.393244396,             100,      -5.513350514,                4,       -6.11117376,     0.01102835301,      0.9667415845,       211.1377675,       211.1377675,       211.1377675,      0.0724683887,       0.623042588,      -2.495743937,                 0,                 0,                 0,      -3.563681604,       0.623042588,      -2.495743937,                 0,      -4.005735699,  -8.818641796e-07,   2.136514303e-05,                 0
          0,           0,          32,      -5.273730227,        -4.4618557,      -4.541779786,      -2.414133878,      -5.715715057,      -2.611299995,      -4.875593466,      0.1966146547,         100,      -4.298646374,             100,      -5.806040245,                4,      -6.124792468,     0.01199559442,        1.05067852,       232.2515442,       232.2515442,       232.2515442,      0.0724683887,      0.6740718852,      -2.676890902,                 0,                 0,                 0,      -3.824238508,      0.6740718852,      -2.676890902,                 0,      -3.971224673,  -5.839864282e-07,    1.84505375e-05,                 0
          0,           0,          33,      -5.331570911,      -4.440362288,      -4.604823463,      -2.471974574,      -5.658369456,      -2.713789186,      -4.870781403,      0.2030739632,         100,      -4.217276329,             100,      -5.629220504,                4,      -6.109497353,     0.01297556716,        1.13606156,       255.4766986,       255.4766986,       255.4766986,      0.0724683887,      0.7198739981,      -2.867042497,                 0,                 0,                 0,      -4.093600299,      0.7198739981,      -2.867042497,                 0,      -3.982700451,  -5.896379817e-07,   1.507783582e-05,                 0
          0,           0,          34,      -5.365418864,      -4.418151754,      -4.657859111,       -2.50582254,      -5.619105338,      -2.835587242,      -4.891292633,      0.1821745252,         100,      -4.249112698,             100,      -4.965515044,                4,      -6.086098023,     0.01403551297,       1.229076826,       281.0243685,       281.0243685,       281.0243685,      0.0724683887,      0.7409895064,      -3.009115472,                 0,                 0,                 0,      -4.274986681,      0.7409895064,      -3.009115472,                 0,      -4.060942087,  -4.938523624e-07,   1.054683102e-05,                 0
          0,           0,          35,      -5.347846832,      -4.407594615,       -4.65579914,      -2.488250506,      -5.607789645,      -2.899290571,      -4.924340275,      0.1601590439,         100,       -4.14808874,             100,      -5.293825157,                4,      -6.035021065,     0.01524420883,       1.335851673,       309.1268053,       309.1268053,       309.1268053,      0.0724683887,      0.7205121393,      -3.043335214,                 0,                 0,                 0,      -4.269083806,      0.7205121393,      -3.043335214,                 0,       -4.22385002,  -4.149587685e-07,   1.143071099e-05,                 0
          0,           0,          36,      -5.306974272,      -4.408986926,      -4.622796237,      -2.447377944,      -5.629586807,      -2.923061851,       -4.95731913,      0.1518693538,         100,      -4.209548086,             100,      -4.921980306,                5,      -6.773889139,     0.01666290487,       1.461719571,       340.0394859,       340.0394859,       340.0394859,      0.0724683887,       0.654061575,      -2.933749976,                 0,                 0,                 0,      -4.022000826,       0.654061575,      -2.933749976,                 0,      -4.485433923,  -1.943735868e-07,   5.859309103e-06,                 0
          0,           0,          37,      -5.268314826,      -4.415256148,      -4.597052647,       -2.40871848,      -5.651302059,      -2.923547583,      -4.980293529,        0.12613731,         100,      -4.190770192,             100,      -4.944638466,                5,      -6.662465659,     0.01849315673,       1.624706501,       374.0434344,       374.0434344,       374.0434344,      0.0724683887,      0.5569315891,       -2.69464579,                 0,                 0,                 0,      -3.573097727,      0.5569315891,       -2.69464579,                 0,      -4.838378434,  -2.134468478e-07,    8.22293564e-06,                 0
          0,           0,          38,      -5.235805865,      -4.416860725,      -4.580572785,      -2.376209524,      -5.645066838,      -2.941091121,      -4.991308168,       0.120662467,         100,       -4.17857554,             100,      -4.839732074,                5,      -6.597186862,     0.02089891431,       1.839619315,               400,               400,               400,      0.0724683887,      0.4601648942,      -2.394674627,                 0,                 0,                 0,      -3.057753326,      0.4601648942,      -2.394674627,                 0,      -5.203948971,  -1.204529729e-07,   1.202489562e-05,                 0
          0,           0,          39,      -5.218287565,      -4.403278337,      -4.560916746,      -2.358691231,      -5.649408839,      -2.974627115,      -5.011087826,     0.09703404453,         100,      -4.089073134,             100,      -4.976566358,                5,      -6.548717463,     0.02244679638,       1.977568304,               400,               400,               400,      0.0724683887,      0.3984959235,      -2.134825606,                 0,                 0,                 0,      -2.658996788,      0.3984959235,      -2.134825606,                 0,      -5.357208142,  -4.647651915e-08,   2.006632904e-05,                 0
          0,           0,          40,      -5.222079559,      -4.404761072,      -4.572754433,      -2.362483229,      -5.686348275,      -3.000128697,      -5.051342557,     0.06133121513,         100,      -3.914391565,             100,      -4.940053037,                5,      -6.472858923,     0.02273940344,       2.005055284,               400,               400,               400,      0.0724683887,       0.374217281,      -1.941623548,                 0,                 0,                 0,      -2.423386447,       0.374217281,      -1.941623548,                 0,      -5.188492479,   -2.11789844e-07,    7.44319917e-06,                 0
          0,           0,          41,      -5.274589033,      -4.425519735,      -4.631503079,      -2.414992701,      -5.724628653,       -2.97872077,      -5.106604061,     0.04641671411,         100,       -3.83363702,             100,      -5.054640859,                5,      -6.402496657,     0.02359157919,       2.083261306,               400,               400,               400,      0.0724683887,      0.3654490379,      -1.778029196,                 0,                 0,                 0,      -2.267651439,      0.3654490379,      -1.778029196,                 0,      -4.865327342,  -4.312846794e-07,   8.651161912e-06,                 0
          0,           0,          42,      -5.370858218,       -4.43604843,      -4.687855084,      -2.511261883,      -5.762823661,      -2.925969296,      -5.155754997,      0.0550731266,         100,      -3.682429074,             100,      -4.935681092,                5,      -6.344839369,     0.02493259698,       2.206098897,               400,               400,               400,      0.0724683887,       0.357161458,      -1.622503668,                 0,                 0,                 0,      -2.124728762,       0.357161458,      -1.622503668,                 0,      -4.542773672,  -3.016292421e-07,   9.914583997e-06,                 0
          0,           0,          43,      -5.508049346,      -4.438181896,      -4.717350284,      -2.648453021,      -5.812182069,      -2.903081926,      -5.179723768,     0.07495524857,         100,      -3.502066776,             100,      -4.899833534,                5,      -6.304872458,     0.02608262647,       2.311226489,               400,               400,               400,      0.0724683887,      0.3481139915,      -1.489149805,                 0,                 0,                 0,       -1.99414402,      0.3481139915,      -1.489149805,                 0,      -4.277764875,  -5.871443394e-08,   1.188432789e-05,                 0
          0,           0,          44,      -5.605940423,      -4.435085021,      -4.719634453,      -2.746344064,      -5.878084886,      -2.937028354,      -5.189208627,     0.09750744695,         100,      -3.408737319,             100,       -4.75491994,                5,      -6.314339773,     0.02620054968,       2.320898208,               400,               400,               400,      0.0724683887,      0.3430260272,      -1.397777308,                 0,                 0,                 0,      -1.902191267,      0.3430260272,      -1.397777308,                 0,      -4.074843298,   1.356868364e-07,    9.18263795e-06,                 0
          0,           0,          45,      -5.584171984,      -4.447538117,      -4.727571384,      -2.724575633,      -5.947690323,      -3.046056555,      -5.194775428,       0.107474638,         100,      -3.477508091,             100,      -4.862009926,                5,      -6.300100005,     0.02629601757,       2.328582598,               400,               400,               400,      0.0724683887,      0.3422145912,      -1.341931868,                 0,                 0,                 0,      -1.848683625,      0.3422145912,      -1.341931868,                 0,      -3.921316922,      7.839864e-08,   1.253423149e-05,                 0
          0,           0,          46,      -5.524062488,      -4.460996814,      -4.744789148,      -2.664466159,      -6.016811566,      -3.215133721,      -5.206881641,     0.09372808992,         100,      -3.563216306,             100,      -4.996449359,                5,       -6.25148778,     0.02649514854,       2.346083792,               400,               400,               400,      0.0724683887,      0.3460422601,       -1.31605378,                 0,                 0,                 0,      -1.830988576,      0.3460422601,       -1.31605378,                 0,      -3.803159126,   1.199700993e-07,   1.105225663e-05,                 0
          0,           0,          47,      -5.479794822,      -4.476278053,      -4.765543817,      -2.620198486,       -6.07699934,      -3.402311877,      -5.225754023,     0.07713158114,         100,      -3.633161665,             100,      -5.169101065,                5,      -6.186016023,     0.02538298025,       2.381051477,               400,               400,               400,      0.0724683887,      0.3536876643,      -1.313489283,                 0,                 0,                 0,      -1.842106143,      0.3536876643,      -1.313489283,                 0,      -3.713698316,  -9.458107175e-08,   7.764401165e-06,                 0
          0,           0,          48,      -5.463374921,      -4.491144744,      -4.789152453,      -2.603778573,      -6.121556842,      -3.427548565,      -5.247779311,     0.06364927795,         100,      -3.666680467,             100,      -4.707345937,                5,       -6.12486526,      0.0188213376,       2.422814445,               400,               400,               400,      0.0724683887,       0.364176895,      -1.329306196,                 0,                 0,                 0,      -1.875687535,       0.364176895,      -1.329306196,                 0,      -3.650166209,   8.811197341e-08,    6.49956833e-06,                 0
          0,           0,          49,      -5.476006185,      -4.506269877,      -4.819315192,      -2.616409857,      -6.146886437,      -3.328159076,      -5.265046253,     0.05897364018,         100,      -3.667910696,             100,      -4.767029873,                5,      -6.084069741,     0.01528606639,       2.460128698,               400,               400,               400,      0.0724683887,       0.376473845,      -1.358833579,                 0,                 0,                 0,      -1.925432235,       0.376473845,      -1.358833579,                 0,      -3.609370471,   -6.97411467e-08,   6.581481472e-06,                 0
          0,           0,          50,      -5.512955651,      -4.523669517,      -4.857032612,       -2.65335927,      -6.157485824,      -3.225775012,      -5.265854228,     0.06185304317,         100,      -3.627844074,             100,      -5.048130013,                5,      -6.046294168,     0.01351273577,       2.510645225,               400,               400,               400,      0.0724683887,      0.3890167742,      -1.395685712,                 0,                 0,                 0,      -1.982716986,      0.3890167742,      -1.395685712,                 0,        -3.5877263,  -1.661773316e-07,   7.163770138e-06,                 0
          0,           0,          51,      -5.578439638,      -4.540947931,      -4.898679475,      -2.718843304,      -6.162102329,      -3.172136849,       -5.24720658,      0.0658370578,         100,      -3.558405612,             100,      -4.801380057,                5,      -6.009510172,     0.01053967235,       2.560082061,               400,               400,               400,      0.0724683887,      0.4010038823,       -1.43606777,                 0,                 0,                 0,      -2.042225489,      0.4010038823,       -1.43606777,                 0,      -3.581181714,  -4.013247813e-08,   6.456760794e-06,                 0
          0,           0,          52,      -5.662272053,      -4.562069625,      -4.946752829,      -2.802675728,      -6.164770427,      -3.140442007,      -5.215860008,     0.06413656404,         100,      -3.488011139,             100,      -4.339373103,                6,      -6.684176102,    0.008474645156,       2.616321456,               400,               400,               400,      0.0724683887,      0.4113436676,      -1.475431425,                 0,                 0,                 0,      -2.097694375,      0.4113436676,      -1.475431425,                 0,      -3.586858242,  -7.640699131e-08,   6.586173793e-06,                 0
          0,           0,          53,      -5.778725672,      -4.581527156,      -4.991463791,       -2.91912929,      -6.169719448,      -3.228416197,      -5.196678348,     0.05565213289,         100,      -3.412366047,             100,      -5.100314995,                6,      -6.671775949,    0.007297206824,        2.59690444,               400,               400,               400,      0.0724683887,      0.4206721326,       -1.51481029,                 0,                 0,                 0,      -2.150172763,      0.4206721326,       -1.51481029,                 0,      -3.600928544,  -1.270850242e-07,   5.864088042e-06,                 0
          0,           0,          54,      -5.872712803,      -4.609589496,      -5.040502557,      -3.013116447,      -6.183888437,      -3.284980847,      -5.184968259,     0.03341236523,         100,      -3.372391467,             100,      -4.657147888,                6,      -6.626801778,    0.006530454712,       2.575149134,               400,               400,               400,      0.0724683887,      0.4270574443,      -1.546910125,                 0,                 0,                 0,       -2.19001268,      0.4270574443,      -1.546910125,                 0,      -3.622253039,  -1.245610923e-07,    6.46881418e-06,                 0
          0,           0,          55,      -5.941477737,      -4.637784936,      -5.083766263,      -3.081881417,      -6.204765178,       -3.34734604,      -5.178395318,    0.003561409027,         100,      -3.355941988,             100,      -5.093730029,                6,      -6.573408507,      0.0060386791,       2.555197651,               400,               400,               400,      0.0724683887,       0.429837828,      -1.568446712,                 0,                 0,                 0,       -2.21301516,       0.429837828,      -1.568446712,                 0,      -3.648926666,  -1.422517554e-07,    6.55543855e-06,                 0
          0,           0,          56,      -5.959354622,      -4.666664202,      -5.120869501,      -3.099758293,      -6.225020908,      -3.413717458,      -5.177224216,    -0.03410527944,         100,      -3.399018285,             100,       -5.08687066,                6,       -6.52416129,    0.005594834734,       2.539025264,               400,               400,               400,      0.0724683887,      0.4289110611,      -1.577762526,                 0,                 0,                 0,      -2.217621919,      0.4289110611,      -1.577762526,                 0,      -3.678530746,  -1.504720826e-07,   5.332221618e-06,                 0
          0,           0,          57,       -5.93703716,      -4.695475562,      -5.147851262,      -3.077440851,      -6.244302145,      -3.485930469,      -5.180693587,    -0.07498881003,         100,      -3.489497562,             100,      -5.059627963,                6,      -6.474509021,    0.005156822458,       2.528005216,               400,               400,               400,      0.0724683887,        0.42465469,      -1.574656464,                 0,                 0,                 0,      -2.204573676,        0.42465469,      -1.574656464,                 0,      -3.708086831,  -1.315355733e-07,   4.172608614e-06,                 0
          0,           0,          58,      -5.900108531,      -4.722529231,      -5.163296698,       -3.04051217,      -6.265662986,      -3.552944341,      -5.187037108,     -0.1134814361,         100,      -3.557663558,             100,      -4.805084822,                6,      -6.407845799,    0.004854553868,       2.522869031,               400,               400,               400,      0.0724683887,      0.4178411137,      -1.560361791,                 0,                 0,                 0,       -2.17673803,      0.4178411137,      -1.560361791,                 0,      -3.734342408,  -1.035000226e-07,   4.596442698e-06,                 0
          0,           0,          59,      -5.867135248,      -4.746352381,      -5.170595653,      -3.007538878,      -6.286581368,      -3.603743833,      -5.194884906,     -0.1458983803,         100,      -3.612116791,             100,      -4.653487816,                6,      -6.326638597,    0.004649281427,        2.52348126,               400,               400,               400,      0.0724683887,       0.409447609,      -1.537204051,                 0,                 0,                 0,      -2.138342597,       0.409447609,      -1.537204051,                 0,      -3.754336372,  -9.420004924e-08,   4.483431096e-06,                 0
          0,           0,          60,      -5.847273603,      -4.766304911,       -5.17573637,      -2.987677292,      -6.302747217,      -3.628269208,      -5.203299778,     -0.1722822112,         100,      -3.661103775,             100,      -4.654015449,                6,      -6.241071541,    0.004517055148,       2.529414407,               400,               400,               400,      0.0724683887,      0.4004037416,      -1.507940975,                 0,                 0,                 0,      -2.093865684,      0.4004037416,      -1.507940975,                 0,      -3.766051157,  -1.529242519e-07,   3.635843941e-06,                 0
          0,           0,          61,      -5.844031224,      -4.782637684,      -5.183436954,      -2.984434902,       -6.31287647,      -3.627684039,      -5.211503878,     -0.1932390052,         100,      -3.676719134,             100,      -4.732586544,                6,      -6.158182185,    0.004441264118,       2.540098424,               400,               400,               400,      0.0724683887,      0.3914196541,      -1.475272498,                 0,                 0,                 0,      -2.047164029,      0.3914196541,      -1.475272498,                 0,      -3.769030202,  -1.094517145e-07,   2.407685977e-06,                 0
          0,           0,          62,      -5.858072985,      -4.796011072,      -5.195820424,      -2.998476654,      -6.319409807,      -3.614369492,      -5.218822799,     -0.2083325135,         100,       -3.66632651,             100,      -4.693094006,                6,      -6.082529801,    0.004408581449,        2.55491943,               400,               400,               400,      0.0724683887,      0.3829275927,      -1.441446952,                 0,                 0,                 0,      -2.001051236,      0.3829275927,      -1.441446952,                 0,      -3.764280715,  -1.162264358e-07,   2.523647566e-06,                 0
          0,           0,          63,      -5.888795666,      -4.807409139,      -5.212784821,      -3.029199343,      -6.325918985,      -3.603249015,      -5.224956441,     -0.2204937868,         100,       -3.65689838,             100,      -4.843864702,                6,      -6.012926949,    0.004406435187,       2.572807338,               400,               400,               400,      0.0724683887,      0.3751361184,       -1.40824898,                 0,                 0,                 0,      -1.957359912,      0.3751361184,       -1.40824898,                 0,      -3.753967989,  -7.541125245e-08,   2.192677605e-06,                 0
          0,           0,          64,      -5.934322365,      -4.818087629,      -5.233046496,      -3.074726042,      -6.334521691,      -3.594963322,      -5.229910312,     -0.2310851626,         100,      -3.645470539,             100,      -4.848870994,                7,      -6.636096016,    0.004421765207,       2.592826058,               400,               400,               400,      0.0724683887,       0.368094885,      -1.376903888,                 0,                 0,                 0,      -1.917102942,       0.368094885,      -1.376903888,                 0,      -3.740622171,   -4.17844952e-08,   2.141767422e-06,                 0
          0,           0,          65,       -5.99152103,      -4.829117515,      -5.255054422,      -3.131924696,      -6.345906822,      -3.597269652,      -5.233712624,     -0.2405932411,         100,      -3.613767602,             100,      -5.107869834,                7,      -6.561057862,    0.004106193516,       2.614416652,               400,               400,               400,      0.0724683887,      0.3617864835,      -1.348224846,                 0,                 0,                 0,      -1.880778867,      0.3617864835,      -1.348224846,                 0,      -3.726576053,  -6.462659139e-08,   3.447460491e-06,                 0
          0,           0,          66,      -6.056365399,       -4.84140633,      -5.277648384,      -3.196769063,      -6.361352124,      -3.603857003,      -5.236920392,     -0.2508676357,         100,      -3.589949435,             100,      -5.053658819,                7,      -6.507255198,    0.003844741518,       2.636799378,               400,               400,               400,      0.0724683887,      0.3561842121,      -1.322687521,                 0,                 0,                 0,      -1.848630909,      0.3561842121,      -1.322687521,                 0,      -3.713492839,  -2.343417171e-08,   1.433686461e-06,                 0
          0,           0,          67,      -6.123797349,      -4.855558104,      -5.299925097,      -3.264201003,      -6.379945595,      -3.623410286,      -5.240036501,     -0.2618796489,         100,      -3.546863134,             100,      -4.935706673,                7,       -6.45711183,    0.003634965644,       2.658875635,               400,               400,               400,      0.0724683887,      0.3512803244,       -1.30056158,                 0,                 0,                 0,      -1.820776313,      0.3512803244,       -1.30056158,                 0,      -3.702346787,   4.201846516e-08,   3.759875618e-06,                 0
          0,           0,          68,      -6.187069707,      -4.872018699,      -5.321143866,      -3.327473381,      -6.403505922,      -3.646060923,      -5.243462194,     -0.2752473737,         100,      -3.534855099,             100,      -4.944948182,                7,      -6.410382552,     0.00346250509,       2.679992545,               400,               400,               400,      0.0724683887,      0.3470630756,      -1.281863964,                 0,                 0,                 0,      -1.797169643,      0.3470630756,      -1.281863964,                 0,      -3.693461086,   2.923494529e-08,   3.153494219e-06,                 0
          0,           0,          69,      -6.239857438,      -4.890931998,      -5.341103171,      -3.380261048,      -6.426351912,      -3.676848131,      -5.247432547,     -0.2909666059,         100,      -3.518292884,             100,      -5.111420433,                7,      -6.367224073,    0.003318255293,       2.699715293,               400,               400,               400,      0.0724683887,      0.3435145026,      -1.266450079,                 0,                 0,                 0,      -1.777625755,      0.3435145026,      -1.266450079,                 0,       -3.68674414,   7.172341787e-09,    3.24555824e-06,                 0
          0,           0,          70,      -6.278973999,      -4.912404153,      -5.360037242,      -3.419377601,      -6.450161372,      -3.710529034,      -5.252032441,     -0.3086183474,         100,       -3.52846144,             100,      -4.733754452,                7,      -6.330241988,     0.00319632768,       2.717614069,               400,               400,               400,      0.0724683887,       0.340604939,      -1.254069169,                 0,                 0,                 0,      -1.761870382,       0.340604939,      -1.254069169,                 0,      -3.681887798,  -1.651295993e-08,   2.155732872e-06,                 0
          0,           0,          71,      -6.305340006,      -4.936362045,      -5.378297934,      -3.445743629,      -6.474345627,      -3.747420262,      -5.257382529,     -0.3312317985,         100,      -3.536061878,             100,       -4.60724614,                7,      -6.295514689,     0.00309282791,       2.733396164,               400,               400,               400,      0.0724683887,      0.3382898986,      -1.244404234,                 0,                 0,                 0,      -1.749535242,      0.3382898986,      -1.244404234,                 0,      -3.678514313,  -5.353332146e-08,   1.636420594e-06,                 0
          0,           0,          72,      -6.323210779,      -4.962703076,      -5.396505162,      -3.463614377,      -6.498494313,       -3.79156557,      -5.263443102,     -0.3563660061,         100,      -3.524089898,             100,       -4.51684959,                7,      -6.239069513,    0.003005113595,       2.746902878,               400,               400,               400,      0.0724683887,       0.336510327,      -1.237093657,                 0,                 0,                 0,      -1.740199349,       0.336510327,      -1.237093657,                 0,       -3.67624277,  -5.630115282e-08,   1.669570992e-06,                 0
          0,           0,          73,      -6.337254364,      -4.991164833,      -5.415265797,      -3.477657962,      -6.522382685,      -3.838485078,       -5.27025758,     -0.3853908923,         100,      -3.555854656,             100,      -4.891924968,                7,      -6.174942439,    0.002931316045,       2.758109096,               400,               400,               400,      0.0724683887,      0.3351976931,      -1.231781787,                 0,                 0,                 0,      -1.733420776,      0.3351976931,      -1.231781787,                 0,       -3.67479196,  -6.037536845e-08,   1.030265787e-06,                 0
          0,           0,          74,      -6.351691711,        -5.0214652,      -5.435194195,      -3.492095407,      -6.545917527,      -3.888942156,      -5.277753222,     -0.4168857101,         100,      -3.558797365,             100,      -4.653228009,                7,      -6.117611178,    0.002870032357,       2.766700622,               400,               400,               400,      0.0724683887,      0.3342787853,      -1.228126239,                 0,                 0,                 0,      -1.728768183,      0.3342787853,      -1.228126239,                 0,      -3.673958063,  -5.419274906e-08,   8.510288992e-07,                 0
          0,           0,          75,      -6.366668252,      -5.053447246,      -5.456353741,      -3.507071867,      -6.568984537,      -3.943816145,      -5.285918412,     -0.4507873526,         100,      -3.582624678,             100,      -5.117280741,                7,      -6.072409799,    0.002820141438,       2.773193232,               400,               400,               400,      0.0724683887,      0.3336661709,      -1.225769882,                 0,                 0,                 0,        -1.7257703,      0.3336661709,      -1.225769882,                 0,      -3.673641468,  -5.093372537e-08,   9.749045608e-07,                 0
          0,           0,          76,      -6.383493503,       -5.08681144,       -5.47918378,      -3.523897166,      -6.591599429,      -4.002119095,      -5.294526659,     -0.4894866354,         100,      -3.608220638,             100,      -5.544560485,                7,      -6.036137291,    0.002780669305,       2.777933796,               400,               400,               400,      0.0724683887,       0.333271189,      -1.224364114,                 0,                 0,                 0,      -1.723970942,       0.333271189,      -1.224364114,                 0,      -3.673777256,  -3.688436722e-08,   1.041162568e-06,                 0
          0,           0,          77,      -6.402243139,       -5.12128294,      -5.503863079,      -3.542646832,      -6.613850878,      -4.062651986,      -5.303481893,     -0.5313784401,         100,      -3.596516519,             100,      -5.280968294,                7,      -6.004982468,    0.002750710746,       2.781027349,               400,               400,               400,      0.0724683887,      0.3330121432,      -1.223608329,                 0,                 0,                 0,      -1.722953267,      0.3330121432,      -1.223608329,                 0,      -3.674365497,  -3.059482957e-08,   9.585241344e-07,                 0
          0,           0,          78,      -6.421499507,      -5.156665757,      -5.530316605,      -3.561903177,        -6.6356632,      -4.123431337,       -5.31296634,     -0.5761015705,         100,      -3.613138441,             100,      -5.261288189,                8,      -6.697996703,     0.00272936624,       2.783140075,               400,               400,               400,      0.0724683887,      0.3328030896,      -1.223185811,                 0,                 0,                 0,      -1.722292487,      0.3328030896,      -1.223185811,                 0,      -3.675404013,  -2.749610009e-08,   9.172208594e-07,                 0
          0,           0,          79,       -6.44084091,      -5.192702099,      -5.558764751,      -3.581244675,      -6.657054445,      -4.181523422,        -5.3225461,     -0.6244686213,         100,      -3.631826422,             100,      -5.375940126,                8,      -6.680763782,    0.002715697347,       2.784566634,               400,               400,               400,      0.0724683887,      0.3325723122,      -1.222837057,                 0,                 0,                 0,      -1.721624202,      0.3325723122,      -1.222837057,                 0,      -3.676905781,  -2.294294125e-08,   8.758941669e-07,                 0
          0,           0,          80,      -6.459229867,      -5.229435049,      -5.589131546,      -3.599633598,       -6.67809333,      -4.236720282,      -5.332150664,     -0.6773805624,         100,       -3.63684737,             100,      -5.192960353,                8,      -6.656255916,    0.002708689182,       2.785586205,               400,               400,               400,      0.0724683887,      0.3322591828,      -1.222321351,                 0,                 0,                 0,      -1.720635344,      0.3322591828,      -1.222321351,                 0,      -3.678818869,  -2.103676043e-08,   7.348888908e-07,                 0
          0,           0,          81,      -6.475960196,      -5.266769043,      -5.621334608,      -3.616363821,      -6.698540415,       -4.28678716,      -5.342043153,     -0.7313658788,         100,      -3.645903858,             100,        -5.0141183,                8,      -6.633970299,    0.002707244643,        2.78645357,               400,               400,               400,      0.0724683887,      0.3318184598,      -1.221459679,                 0,                 0,                 0,      -1.719076079,      0.3318184598,      -1.221459679,                 0,      -3.681108278,  -2.509492865e-08,   6.994354462e-07,                 0
          0,           0,          82,      -6.490619786,      -5.304213445,      -5.655117578,      -3.631023361,      -6.718330765,      -4.331039528,      -5.351852349,     -0.7875635616,         100,      -3.678832334,             100,      -4.916557054,                8,       -6.60712907,    0.002710198012,        2.78739102,               400,               400,               400,      0.0724683887,      0.3312174994,      -1.220097454,                 0,                 0,                 0,       -1.71675881,      0.3312174994,      -1.220097454,                 0,      -3.683674491,  -3.233048735e-08,   8.510136466e-07,                 0
          0,           0,          83,      -6.503501835,       -5.34167273,      -5.690315006,      -3.643905477,      -6.737310633,       -4.37004952,      -5.361481021,      -0.845927789,         100,      -3.719439356,             100,      -5.232277646,                8,      -6.574989425,    0.002716352803,       2.788576357,               400,               400,               400,      0.0724683887,      0.3304402195,      -1.218146578,                 0,                 0,                 0,      -1.713567891,      0.3304402195,      -1.218146578,                 0,      -3.686435567,  -2.917379409e-08,   1.012485679e-06,                 0
          0,           0,          84,      -6.515359873,      -5.378853949,      -5.726738746,      -3.655763525,      -6.755357116,      -4.404854314,      -5.370939081,     -0.9067766365,         100,      -3.723080338,             100,      -4.872560263,                8,      -6.543977448,    0.002724541787,       2.790145905,               400,               400,               400,      0.0724683887,      0.3294826483,      -1.215541614,                 0,                 0,                 0,        -1.7094513,      0.3294826483,      -1.215541614,                 0,      -3.689243183,  -1.896805292e-08,    7.84350255e-07,                 0
          0,           0,          85,      -6.527083744,       -5.41538913,      -5.764168069,      -3.667487419,      -6.772272827,      -4.435975475,      -5.380274931,     -0.9678879677,         100,      -3.760915856,             100,      -5.072441959,                8,      -6.506160043,    0.002733702149,       2.792192833,               400,               400,               400,      0.0724683887,      0.3283546725,      -1.212286084,                 0,                 0,                 0,      -1.704421162,      0.3283546725,      -1.212286084,                 0,      -3.692001928,  -3.713155286e-08,   7.488791514e-07,                 0
          0,           0,          86,      -6.539526118,       -5.45061819,      -5.802201515,      -3.679929782,      -6.788009811,      -4.462979118,      -5.389419875,       -1.02894979,         100,      -3.765562871,             100,      -5.231136488,                8,       -6.47506997,    0.002742954249,       2.794770488,               400,               400,               400,      0.0724683887,      0.3270738276,      -1.208397706,                 0,                 0,                 0,      -1.698539532,      0.3270738276,      -1.208397706,                 0,      -3.694571697,  -3.318116235e-08,   5.836062812e-07,                 0
          0,           0,          87,      -6.553548475,       -5.48407019,      -5.840369606,      -3.693952148,      -6.802544731,      -4.485040396,      -5.398317151,      -1.090776505,         100,      -3.767193988,             100,      -4.798328778,                8,       -6.43379725,    0.002723145773,       2.797891956,               400,               400,               400,      0.0724683887,      0.3256678312,      -1.203952916,                 0,                 0,                 0,      -1.691917524,      0.3256678312,      -1.203952916,                 0,      -3.696873934,  -6.262916697e-09,   5.552188326e-07,                 0
          0,           0,          88,      -6.569981749,       -5.51549623,      -5.878152082,      -3.710385398,      -6.815947911,      -4.500529476,      -5.406989291,      -1.152507176,         100,      -3.764869663,             100,      -4.820552397,                8,      -6.361919796,    0.002708140749,       2.801540214,               400,               400,               400,      0.0724683887,      0.3241680456,      -1.199029766,                 0,                 0,                 0,      -1.684698423,      0.3241680456,      -1.199029766,                 0,      -3.698790743,  -5.752655663e-09,    5.34041551e-07,                 0
          0,           0,          89,       -6.58969396,      -5.544997458,      -5.915249237,      -3.730097616,      -6.828375651,      -4.509083209,      -5.415473803,      -1.214042202,         100,       -3.75382741,             100,      -4.799812002,                8,      -6.315563032,    0.002697788211,       2.805668591,               400,               400,               400,      0.0724683887,       0.322611639,      -1.193754873,                 0,                 0,                 0,      -1.677054929,       0.322611639,      -1.193754873,                 0,      -3.700284581,  -5.734965525e-09,   4.727557325e-07,                 0
          0,           0,          90,      -6.613492477,      -5.572781027,      -5.951561285,       -3.75389616,      -6.840047272,      -4.511843475,      -5.423802322,      -1.274537506,         100,      -3.730377583,             100,      -4.748882072,                8,      -6.277749744,    0.002691682667,       2.810207942,               400,               400,               400,      0.0724683887,      0.3210344818,      -1.188241006,                 0,                 0,                 0,      -1.669169281,      0.3210344818,      -1.188241006,                 0,      -3.701287786,  -6.770103098e-09,   1.187058294e-06,                 0
          0,           0,          91,      -6.642025406,      -5.599047561,      -5.987017594,      -3.782429078,      -6.851166607,      -4.510934914,      -5.432001045,      -1.333543304,         100,      -3.719923602,             100,      -4.879385749,                8,      -6.221315416,    0.002689389488,       2.815069935,               400,               400,               400,      0.0724683887,      0.3194744137,      -1.182634511,                 0,                 0,                 0,      -1.661233527,      0.3194744137,      -1.182634511,                 0,      -3.701812915,  -1.348562238e-09,   7.363045808e-07,                 0
          0,           0,          92,      -6.675851775,      -5.623992207,      -6.021652809,       -3.81625545,      -6.862013696,      -4.509112719,      -5.440098647,      -1.390470263,         100,      -3.684457283,             100,      -4.996964414,                8,      -6.199803358,    0.002690452327,       2.820156732,               400,               400,               400,      0.0724683887,      0.3179642801,       -1.17705297,                 0,                 0,                 0,      -1.653428163,      0.3179642801,       -1.17705297,                 0,      -3.701840249,  -1.899835609e-09,   5.956410423e-07,                 0
          0,           0,          93,       -6.71554671,      -5.647906563,      -6.055636248,       -3.85595036,      -6.872817013,      -4.508490442,      -5.448123076,      -1.443969877,         100,      -3.651557039,             100,      -4.807821756,                8,      -6.206105075,    0.002694402323,       2.825360102,               400,               400,               400,      0.0724683887,       0.316535786,       -1.17163541,                 0,                 0,                 0,      -1.645926176,       0.316535786,       -1.17163541,                 0,      -3.701431122,   3.414977198e-09,   1.126446982e-06,                 0
          0,           0,          94,      -6.761449751,      -5.670992666,      -6.089062719,      -3.901853419,       -6.88374599,      -4.510864625,      -5.456115874,      -1.493404571,         100,      -3.612166882,             100,      -4.765488506,                8,      -6.170255804,    0.002700771026,       2.830571655,               400,               400,               400,      0.0724683887,      0.3152131832,      -1.166481283,                 0,                 0,                 0,      -1.638874086,      0.3152131832,      -1.166481283,                 0,      -3.700610714,  -6.219544685e-09,   5.368415503e-07,                 0
          0,           0,          95,      -6.813743206,      -5.693450257,       -6.12195749,       -3.95414688,      -6.894912486,      -4.517259901,      -5.464112962,      -1.537246592,         100,      -3.570109252,             100,      -4.937024447,                8,       -6.14169008,    0.002709109201,       2.835684317,               400,               400,               400,      0.0724683887,      0.3140179791,      -1.161701306,                 0,                 0,                 0,      -1.632399829,      0.3140179791,      -1.161701306,                 0,      -3.699473861,  -1.289933201e-08,   5.353994622e-07,                 0
          0,           0,          96,       -6.87216064,      -5.715436695,      -6.154195219,      -4.012564297,      -6.906366205,      -4.528505672,      -5.472154626,      -1.574468953,         100,      -3.517799102,             100,      -4.787737464,                8,      -6.135660181,    0.002719007253,       2.840599694,               400,               400,               400,      0.0724683887,      0.3129636652,      -1.157361285,                 0,                 0,                 0,      -1.626598627,      0.3129636652,      -1.157361285,                 0,      -3.698069182,  -9.564944501e-09,   7.657093758e-07,                 0
          0,           0,          97,      -6.935835338,      -5.737073125,      -6.185494564,      -4.076238977,      -6.918085196,      -4.544915746,      -5.480278609,      -1.604299232,         100,      -3.470438655,             100,      -4.667116515,                8,      -6.119548428,    0.002730115972,       2.845227209,               400,               400,               400,      0.0724683887,       0.312060462,      -1.153533027,                 0,                 0,                 0,      -1.621541661,       0.312060462,      -1.153533027,                 0,        -3.6965049,   6.182077203e-09,   4.483940297e-07,                 0
          0,           0,          98,      -7.002608758,      -5.758455568,      -6.215464069,      -4.143012428,      -6.930014761,      -4.566860918,      -5.488522494,        -1.6269494,         100,      -3.434942421,             100,      -4.736065056,                8,      -6.111449048,    0.002742166245,        2.84949159,               400,               400,               400,      0.0724683887,      0.3113108654,      -1.150242705,                 0,                 0,                 0,      -1.617266418,      0.3113108654,      -1.150242705,                 0,      -3.694836362,  -4.125579446e-10,   6.939121956e-07,                 0
          0,           0,          99,      -7.068523395,      -5.779649614,      -6.243678417,      -4.208927014,      -6.942069458,      -4.594388565,      -5.496914102,      -1.643575955,         100,      -3.380383903,             100,      -4.732306711,                8,      -6.107252705,    0.002745369952,       2.853331757,               400,               400,               400,      0.0724683887,      0.3107146318,      -1.147520783,                 0,                 0,                 0,      -1.613787368,      0.3107146318,      -1.147520783,                 0,      -3.693166222,  -4.348736768e-09,   4.769018096e-07,                 0
          0,           0,         100,      -7.127409669,      -5.800763874,      -6.269826954,      -4.267813314,      -6.954130848,      -4.627520682,       -5.50548739,      -1.656048633,         100,      -3.353616478,             100,      -4.606653404,                8,      -6.120144577,    0.002742608727,       2.856703904,               400,               400,               400,      0.0724683887,      0.3102654431,      -1.145356052,                 0,                 0,                 0,      -1.611091617,      0.3102654431,      -1.145356052,                 0,      -3.691535997,    3.79307956e-09,    4.60383618e-07,                 0
          0,           0,         101,      -7.172375764,      -5.821754894,      -6.293648957,      -4.312779378,       -6.96608689,      -4.665906992,      -5.514259539,      -1.666091711,         100,      -3.342970185,             100,      -4.739457217,                8,      -6.110346556,    0.002742759084,       2.859579828,               400,               400,               400,      0.0724683887,      0.3099550966,      -1.143743316,                 0,                 0,                 0,      -1.609146599,      0.3099550966,      -1.143743316,                 0,      -3.690029067,   7.727940044e-10,     4.0341396e-07,                 0
          0,           0,         102,      -7.199235564,      -5.842673241,      -6.315153554,      -4.339639139,      -6.977831624,      -4.709047801,      -5.523246142,      -1.675567499,         100,      -3.357043824,             100,      -4.778933363,                8,      -6.120818454,    0.002745611461,       2.861949617,               400,               400,               400,      0.0724683887,      0.3097707082,      -1.142640703,                 0,                 0,                 0,      -1.607899011,      0.3097707082,      -1.142640703,                 0,      -3.688666076,  -2.297591193e-09,   4.297813442e-07,                 0
          0,           0,         103,       -7.20981132,      -5.863500778,       -6.33450722,      -4.350214956,      -6.989293398,      -4.755859751,      -5.532455162,      -1.685645164,         100,      -3.398352267,             100,       -4.72172391,                8,      -6.139891586,    0.002750954085,       2.863817677,               400,               400,               400,      0.0724683887,      0.3096992473,      -1.142017429,                 0,                 0,                 0,      -1.607284931,      0.3096992473,      -1.142017429,                 0,      -3.687504698,   1.508722282e-10,   4.345420023e-07,                 0
          0,           0,         104,      -7.210335652,      -5.884301581,      -6.352100383,      -4.350739278,      -7.000420383,        -4.8047096,      -5.541885891,      -1.697086471,         100,      -3.436584578,             100,      -4.534165602,                8,      -6.142850634,    0.002758579017,       2.865202879,               400,               400,               400,      0.0724683887,      0.3097244852,      -1.141811611,                 0,                 0,                 0,      -1.607227113,      0.3097244852,      -1.141811611,                 0,      -3.686539702,   3.412158963e-09,   5.132731792e-07,                 0
          0,           0,         105,      -7.207708223,      -5.905078533,      -6.368414736,      -4.348111856,      -7.011192788,      -4.853054077,      -5.551542634,       -1.71037421,         100,      -3.486845048,             100,      -4.502930306,                8,      -6.137611874,    0.002767355168,        2.86613472,               400,               400,               400,      0.0724683887,      0.3098314343,      -1.141978184,                 0,                 0,                 0,      -1.607645561,      0.3098314343,      -1.141978184,                 0,      -3.685804787,   7.274871172e-09,   3.258359766e-07,                 0
          0,           0,         106,      -7.206851334,      -5.925838046,      -6.383939186,      -4.347254928,      -7.021617861,      -4.897831923,      -5.561416318,      -1.725250181,         100,      -3.505348182,             100,      -4.456189508,                8,      -6.141601725,    0.002728554308,       2.866654077,               400,               400,               400,      0.0724683887,      0.3100030463,      -1.142446276,                 0,                 0,                 0,      -1.608453827,      0.3100030463,      -1.142446276,                 0,      -3.685274353,    1.31553605e-09,    1.89863766e-07,                 0
          0,           0,         107,      -7.210714567,      -5.946632845,      -6.399210436,      -4.351118197,      -7.031733064,      -4.935941696,      -5.571496314,      -1.741738417,         100,       -3.51926325,             100,      -4.474978958,                8,      -6.139603392,     0.00269272587,       2.866806952,               400,               400,               400,      0.0724683887,      0.3102246464,      -1.143166618,                 0,                 0,                 0,      -1.609569353,      0.3102246464,      -1.143166618,                 0,      -3.684963885,  -3.186739265e-11,   1.459093416e-07,                 0
          0,           0,         108,      -7.220717299,      -5.967477589,      -6.414617053,      -4.361120907,       -7.04159489,      -4.965417235,      -5.581770907,      -1.759464267,         100,       -3.53531677,             100,      -4.345916885,                8,      -6.152944984,    0.002659718576,       2.866645351,               400,               400,               400,      0.0724683887,      0.3104804349,      -1.144068322,                 0,                 0,                 0,      -1.610908775,      0.3104804349,      -1.144068322,                 0,      -3.684832258,  -2.870633655e-09,   2.443780908e-07,                 0
          0,           0,         109,      -7.237448853,      -5.988415288,      -6.430484667,      -4.377852486,      -7.051265843,      -4.986480354,      -5.592225812,      -1.778257449,         100,      -3.538369519,             100,      -4.378087566,                8,      -6.144931065,    0.002629403567,       2.866222398,               400,               400,               400,      0.0724683887,      0.3107577883,      -1.145106435,                 0,                 0,                 0,      -1.612397525,      0.3107577883,      -1.145106435,                 0,      -3.684884106,  -4.760024043e-10,   3.251395917e-07,                 0
          0,           0,         110,      -7.261041526,      -6.009465905,      -6.446996818,      -4.401445161,      -7.060804061,       -5.00102911,      -5.602847325,      -1.796820404,         100,      -3.551415482,             100,      -4.342978044,                8,      -6.145269933,    0.002601669349,       2.865593121,               400,               400,               400,      0.0724683887,       0.311043441,      -1.146217026,                 0,                 0,                 0,      -1.613963923,       0.311043441,      -1.146217026,                 0,      -3.685070556,   -5.70950282e-09,   3.730854691e-07,                 0
          0,           0,         111,       -7.29135727,      -6.030615872,      -6.464247248,      -4.431760921,      -7.070265169,      -5.012274871,      -5.613620656,      -1.814996895,         100,      -3.545191439,             100,       -4.35589199,                8,      -6.138604097,    0.002576419483,       2.864809039,               400,               400,               400,      0.0724683887,      0.3113278539,      -1.147365066,                 0,                 0,                 0,       -1.61554838,      0.3113278539,      -1.147365066,                 0,      -3.685391627,   -4.82798398e-09,   2.929980293e-07,                 0
          0,           0,         112,      -7.328134462,      -6.051861346,       -6.48219832,        -4.4685381,      -7.079688641,      -5.022870147,      -5.624532334,      -1.831929745,         100,      -3.534047423,             100,      -4.373813938,                8,      -6.150166155,    0.002553569571,       2.863920312,               400,               400,               400,      0.0724683887,      0.3116010622,      -1.148497631,                 0,                 0,                 0,      -1.617095966,      0.3116010622,      -1.148497631,                 0,      -3.685794979,  -1.117306332e-08,   2.333338521e-07,                 0
          0,           0,         113,      -7.370838958,       -6.07315802,      -6.500725202,      -4.511242602,      -7.089105009,      -5.035264464,      -5.635569058,      -1.846995353,         100,      -3.515844741,             100,      -4.412099563,                8,      -6.144217371,    0.002533045184,       2.862971266,               400,               400,               400,      0.0724683887,      0.3118570983,      -1.149592838,                 0,                 0,                 0,      -1.618565603,      0.3118570983,      -1.149592838,                 0,      -3.686280812,  -1.415227692e-09,   6.010776784e-07,                 0
          0,           0,         114,      -7.418821312,       -6.09447807,      -6.519623349,      -4.559224939,        -7.0985264,      -5.050463375,      -5.646719127,      -1.859912881,         100,      -3.503265217,             100,      -4.500934637,                8,      -6.138488791,    0.002514779059,       2.862002565,               400,               400,               400,      0.0724683887,      0.3120894906,      -1.150610769,                 0,                 0,                 0,      -1.619921053,      0.3120894906,      -1.150610769,                 0,      -3.686797548,   6.534868087e-09,   4.348660228e-07,                 0
          0,           0,         115,      -7.470843807,       -6.11573402,      -6.538635212,      -4.611247432,      -7.107956122,       -5.06923459,      -5.657971374,      -1.870518496,         100,      -3.495984181,             100,      -4.396473733,                8,      -6.142858489,    0.002498711138,       2.861047161,               400,               400,               400,      0.0724683887,      0.3122958555,      -1.151543618,                 0,                 0,                 0,      -1.621140519,      0.3122958555,      -1.151543618,                 0,      -3.687348384,    9.12033021e-09,   4.360477486e-07,                 0
          0,           0,         116,       -7.52535421,      -6.136880969,      -6.557487432,      -4.665757784,      -7.117388129,      -5.091125266,      -5.669315919,      -1.878919556,         100,      -3.477459021,             100,      -4.320059778,                8,      -6.135672057,     0.00248478719,       2.860133778,               400,               400,               400,      0.0724683887,      0.3124730984,       -1.15236471,                 0,                 0,                 0,      -1.622206437,      0.3124730984,       -1.15236471,                 0,      -3.687884543,   7.531400187e-09,   6.064770139e-07,                 0
          0,           0,         117,      -7.579835712,      -6.157874853,      -6.575958383,      -4.720239318,       -7.12681006,      -5.115703025,      -5.680743416,      -1.885470612,         100,      -3.471701532,             100,      -4.272795908,                8,      -6.150673181,    0.002472956886,       2.859283177,               400,               400,               400,      0.0724683887,      0.3126219541,      -1.153079331,                 0,                 0,                 0,      -1.623114314,      0.3126219541,      -1.153079331,                 0,      -3.688414445,    8.42972771e-09,    6.82442244e-07,                 0
          0,           0,         118,      -7.631468614,      -6.178514391,      -6.593836401,      -4.771872174,      -7.136211286,      -5.141446551,      -5.692245085,      -1.890548405,         100,      -3.449127863,             100,      -4.351920206,                8,      -6.146090786,    0.002463174066,       2.858511552,               400,               400,               400,      0.0724683887,      0.3127420663,      -1.153672438,                 0,                 0,                 0,      -1.623862361,      0.3127420663,      -1.153672438,                 0,       -3.68889434,   5.944363409e-09,    6.86752256e-07,                 0
          0,           0,         119,      -7.676999335,      -6.198666908,      -6.611063914,      -4.817402878,      -7.145584309,       -5.16710782,       -5.70381248,      -1.894776387,         100,      -3.453721697,             100,      -4.452832059,                8,      -6.156127207,     0.00245539594,       2.857827703,               400,               400,               400,      0.0724683887,      0.3128366161,       -1.15416039,                 0,                 0,                 0,        -1.6244604,      0.3128366161,       -1.15416039,                 0,      -3.689339196,   4.901066037e-09,   6.890510179e-07,                 0
          0,           0,         120,      -7.714518028,      -6.218212623,       -6.62761723,      -4.854921616,      -7.154929941,      -5.190734693,      -5.715437223,      -1.898603785,         100,      -3.451627692,             100,      -4.554116824,                8,      -6.153702332,    0.002449583625,       2.857237021,               400,               400,               400,      0.0724683887,      0.3129070564,      -1.154536732,                 0,                 0,                 0,      -1.624917777,      0.3129070564,      -1.154536732,                 0,      -3.689711397,   2.007963908e-09,   4.651142176e-07,                 0
          0,           0,         121,      -7.743346129,      -6.237116797,      -6.643612481,      -4.883749749,      -7.164256132,      -5.211100453,      -5.727111421,      -1.902443404,         100,       -3.44963577,             100,      -4.687345274,                8,      -6.166515803,    0.002445701025,       2.856738412,               400,               400,               400,      0.0724683887,      0.3129579582,      -1.154825274,                 0,                 0,                 0,      -1.625253244,      0.3129579582,      -1.154825274,                 0,      -3.690033257,   5.311151183e-10,   3.081873325e-07,                 0
          0,           0,         122,      -7.765121145,      -6.255302382,      -6.659209047,      -4.905524743,      -7.173578357,       -5.22704371,       -5.73882695,       -1.90669443,         100,      -3.483624105,             100,      -4.539440722,                8,      -6.179159954,    0.002443715594,       2.856328724,               400,               400,               400,      0.0724683887,      0.3129916436,      -1.155024879,                 0,                 0,                 0,      -1.625482516,      0.3129916436,      -1.155024879,                 0,      -3.690273855,   -4.04480773e-10,   3.139428211e-07,                 0
          0,           0,         123,      -7.782055286,      -6.272738295,      -6.674556489,      -4.922458857,      -7.182918609,      -5.238627946,      -5.750576276,      -1.911552079,         100,      -3.527785235,             100,      -4.561498953,                8,      -6.164811832,    0.002443597821,       2.856000028,               400,               400,               400,      0.0724683887,      0.3130130407,      -1.155162892,                 0,                 0,                 0,      -1.625627836,      0.3130130407,      -1.155162892,                 0,       -3.69046251,  -8.520483164e-10,   2.459220043e-07,                 0
          0,           0,         124,      -7.796871142,      -6.289511904,      -6.689870668,      -4.937274676,       -7.19230433,      -5.246340498,      -5.762351588,      -1.917094134,         100,      -3.525050495,             100,      -4.544035197,                8,      -6.179107412,    0.002413811217,       2.855744027,               400,               400,               400,      0.0724683887,       0.313024378,      -1.155239662,                 0,                 0,                 0,      -1.625705931,       0.313024378,      -1.155239662,                 0,      -3.690574101,   8.267858381e-10,   1.922886225e-07,                 0
          0,           0,         125,      -7.811226602,      -6.305706569,      -6.705269487,      -4.951630152,      -7.201764012,       -5.25140627,      -5.774146151,      -1.923243543,         100,       -3.53906242,             100,       -4.65020078,                8,      -6.189325645,     0.00238495884,       2.855549141,               400,               400,               400,      0.0724683887,      0.3130301228,      -1.155282584,                 0,                 0,                 0,      -1.625737907,      0.3130301228,      -1.155282584,                 0,      -3.690643489,   1.317144265e-09,   1.393599006e-07,                 0
          0,           0,         126,      -7.826221261,      -6.321422363,      -6.720846419,      -4.966624825,      -7.211325095,      -5.255016512,      -5.785953129,      -1.929977194,         100,      -3.519870193,             100,      -4.713050113,                8,      -6.181607574,    0.002357050081,       2.855405038,               400,               400,               400,      0.0724683887,      0.3130317362,      -1.155290464,                 0,                 0,                 0,      -1.625737495,      0.3130317362,      -1.155290464,                 0,      -3.690649637,   3.067904311e-09,   1.596672994e-07,                 0
          0,           0,         127,      -7.842145417,      -6.336751091,      -6.736620254,      -4.982548993,      -7.221013876,      -5.258365939,      -5.797767008,      -1.937164558,         100,      -3.491018257,             100,      -4.669354331,                8,      -6.183943074,    0.002330038579,       2.855299709,               400,               400,               400,      0.0724683887,      0.3130327016,      -1.155288046,                 0,                 0,                 0,       -1.62572135,      0.3130327016,      -1.155288046,                 0,       -3.69063053,   4.227445551e-09,   1.490213192e-07,                 0
          0,           0,         128,      -7.858906447,      -6.351787019,      -6.752588243,      -4.999310065,      -7.230851323,      -5.262301685,      -5.809582211,      -1.944860571,         100,      -3.471924596,             100,      -4.561233381,                8,      -6.164974009,    0.002303882746,       2.855223557,               400,               400,               400,      0.0724683887,      0.3130333937,      -1.155270611,                 0,                 0,                 0,      -1.625697875,      0.3130333937,      -1.155270611,                 0,      -3.690566674,   5.148483235e-09,   1.411287996e-07,                 0
          0,           0,         129,      -7.876308952,      -6.366614152,      -6.768707059,      -5.016712612,      -7.240852982,      -5.267391404,      -5.821394525,      -1.953073807,         100,      -3.434263573,             100,      -4.499536128,                8,      -6.191493333,    0.002278544757,       2.855166294,               400,               400,               400,      0.0724683887,       0.313036154,      -1.155258875,                 0,                 0,                 0,      -1.625677834,       0.313036154,      -1.155258875,                 0,      -3.690496642,   4.355989854e-09,   1.225971455e-07,                 0
          0,           0,         130,      -7.894001179,      -6.381293951,      -6.784917051,      -5.034404802,      -7.251029346,      -5.273844018,      -5.833199664,      -1.962008932,         100,      -3.405616686,             100,      -4.537445577,                8,      -6.197568842,    0.002253989428,       2.855120948,               400,               400,               400,      0.0724683887,      0.3130402623,      -1.155243861,                 0,                 0,                 0,      -1.625663701,      0.3130402623,      -1.155243861,                 0,      -3.690400247,   4.625255739e-09,   1.102165565e-07,                 0
          0,           0,         131,      -7.911945353,      -6.395882893,      -6.801153759,      -5.052349099,       -7.26138715,      -5.281701806,      -5.844994673,      -1.971436681,         100,      -3.406908744,             100,      -4.564919659,                8,         -6.186857,    0.002230183053,       2.855080416,               400,               400,               400,      0.0724683887,      0.3130470377,      -1.155242041,                 0,                 0,                 0,      -1.625660484,      0.3130470377,      -1.155242041,                 0,      -3.690314559,   4.366261211e-09,   1.046849668e-07,                 0
          0,           0,         132,      -7.929972044,      -6.410407279,      -6.817346201,      -5.070375688,      -7.271925333,      -5.290794298,      -5.856776579,      -1.981428112,         100,      -3.376240462,             100,       -4.57834938,                8,      -6.192231604,    0.002207095204,       2.855041082,               400,               400,               400,      0.0724683887,      0.3130548955,      -1.155240522,                 0,                 0,                 0,      -1.625665544,      0.3130548955,      -1.155240522,                 0,       -3.69021708,   4.097980756e-09,   9.231002002e-08,                 0
          0,           0,         133,      -7.948213284,      -6.424915091,      -6.833473982,      -5.088617036,      -7.282643268,      -5.300910571,      -5.868543576,      -1.992111735,         100,      -3.350254075,             100,      -4.515646816,                8,      -6.189237314,    0.002184697439,       2.854999298,               400,               400,               400,      0.0724683887,       0.313064426,      -1.155252285,                 0,                 0,                 0,      -1.625679421,       0.313064426,      -1.155252285,                 0,      -3.690142314,   3.502991978e-09,    7.20167025e-08,                 0
          0,           0,         134,      -7.966374483,       -6.43941027,      -6.849472044,      -5.106778229,      -7.293531176,      -5.311648802,      -5.880293887,      -2.003240943,         100,      -3.357937143,             100,      -4.523570194,                8,      -6.188571713,    0.002162963498,       2.854954827,               400,               400,               400,      0.0724683887,      0.3130735127,      -1.155261548,                 0,                 0,                 0,      -1.625695959,      0.3130735127,      -1.155261548,                 0,      -3.690064798,   2.887261599e-09,   5.239397848e-08,                 0
          0,           0,         135,      -7.984208004,      -6.453881204,      -6.865295472,      -5.124611714,      -7.304582356,      -5.322799034,      -5.892026921,      -2.014741582,         100,      -3.344656268,             100,      -4.568432761,                8,      -6.193295558,    0.002141868202,        2.85490703,               400,               400,               400,      0.0724683887,      0.3130823809,      -1.155279054,                 0,                 0,                 0,      -1.625713076,      0.3130823809,      -1.155279054,                 0,      -3.690016188,   2.108910746e-09,   3.687341241e-08,                 0
          0,           0,         136,      -8.000936559,      -6.468336175,      -6.880922088,      -5.141340476,      -7.315782941,      -5.334018306,      -5.903741991,       -2.02671991,         100,      -3.341990963,             100,      -4.485669464,                8,       -6.18757465,    0.002121387688,       2.854858209,               400,               400,               400,      0.0724683887,      0.3130887401,      -1.155287493,                 0,                 0,                 0,      -1.625723012,      0.3130887401,      -1.155287493,                 0,      -3.689968194,   1.768931568e-09,   3.198753559e-08,                 0
          0,           0,         137,      -8.015600115,      -6.482762502,       -6.89633425,      -5.156003892,      -7.327122656,      -5.345161011,       -5.91543939,      -2.039023319,         100,      -3.341138413,             100,      -4.460490296,                8,       -6.18090162,    0.002101500196,       2.854809807,               400,               400,               400,      0.0724683887,       0.313092788,      -1.155296753,                 0,                 0,                 0,       -1.62572294,       0.313092788,      -1.155296753,                 0,      -3.689950064,   7.384310017e-10,   1.840169559e-08,                 0
          0,           0,         138,      -8.026865029,      -6.497144836,      -6.911498537,      -5.167268776,      -7.338583308,      -5.355927319,      -5.927119344,      -2.051699245,         100,      -3.344059598,             100,      -4.483368408,                8,      -6.179014052,    0.002082184437,       2.854765651,               400,               400,               400,      0.0724683887,      0.3130923571,      -1.155289294,                 0,                 0,                 0,      -1.625705209,      0.3130923571,      -1.155289294,                 0,       -3.68993132,   1.586311252e-10,   1.665550913e-08,                 0
          0,           0,         139,      -8.033661102,      -6.511474197,      -6.926413054,      -5.174065022,      -7.350152397,       -5.36630394,      -5.938782866,      -2.064080536,         100,      -3.337074936,             100,      -4.392060113,                8,        -6.1667528,     0.00206342018,       2.854728085,               400,               400,               400,      0.0724683887,       0.313087875,       -1.15527534,                 0,                 0,                 0,      -1.625667784,       0.313087875,       -1.15527534,                 0,      -3.689939575,   1.465603159e-10,   1.370079199e-08,                 0
          0,           0,         140,      -8.035281391,      -6.525724222,      -6.941044883,      -5.175685267,      -7.361810921,       -5.37601891,      -5.950430756,      -2.076094531,         100,      -3.347864123,             100,      -4.406113641,                8,      -6.172988466,    0.002045188821,       2.854701311,               400,               400,               400,      0.0724683887,       0.313077498,       -1.15523813,                 0,                 0,                 0,      -1.625604384,       0.313077498,       -1.15523813,                 0,      -3.689943024,    5.96372005e-11,   1.662971322e-08,                 0
          0,           0,         141,      -8.031847585,      -6.539880743,      -6.955390597,      -5.172251349,      -7.373544824,       -5.38510717,       -5.96206435,      -2.087569812,         100,      -3.361682623,             100,      -4.406663351,                8,       -6.17018135,    0.002027471542,       2.854687589,               400,               400,               400,      0.0724683887,      0.3130620299,      -1.155189033,                 0,                 0,                 0,      -1.625514735,      0.3130620299,      -1.155189033,                 0,      -3.689968513,   1.599658669e-11,   1.087639753e-08,                 0
          0,           0,         142,      -8.024203139,      -6.553912235,      -6.969427353,      -5.164606924,      -7.385336367,      -5.393303503,      -5.973684551,      -2.098295872,         100,      -3.388965309,             100,      -4.399538395,                8,       -6.16706282,    0.002010250625,       2.854690574,               400,               400,               400,      0.0724683887,      0.3130400403,      -1.155112668,                 0,                 0,                 0,      -1.625394602,      0.3130400403,      -1.155112668,                 0,      -3.689983771,   2.388426746e-10,   1.223035012e-08,                 0
          0,           0,         143,      -8.013767064,      -6.567800622,      -6.983158902,      -5.154170861,      -7.397172859,      -5.400662342,       -5.98529254,      -2.108168719,         100,      -3.405518408,             100,        -4.5462893,                8,      -6.164277046,    0.001993508909,       2.854711612,               400,               400,               400,      0.0724683887,      0.3130127489,       -1.15502193,                 0,                 0,                 0,      -1.625245856,      0.3130127489,       -1.15502193,                 0,      -3.690015612,   2.726822173e-10,     1.9029518e-08,                 0
          0,           0,         144,      -8.002053393,      -6.581519711,      -6.996599667,      -5.142457158,      -7.409039358,      -5.407015675,      -5.996888845,      -2.116896947,         100,      -3.437048418,             100,      -4.434675555,                8,      -6.162076052,    0.001977229094,       2.854753228,               400,               400,               400,      0.0724683887,      0.3129791342,      -1.154903004,                 0,                 0,                 0,      -1.625066439,      0.3129791342,      -1.154903004,                 0,      -3.690031947,   2.719579296e-10,   1.143314884e-08,                 0
          0,           0,         145,      -7.990546929,      -6.595044486,      -7.009764628,      -5.130950717,      -7.420924446,      -5.412425032,      -6.008473972,      -2.124628057,         100,       -3.47637452,             100,      -4.563396195,                8,      -6.165780852,    0.001961396165,       2.854815476,               400,               400,               400,      0.0724683887,      0.3129407872,      -1.154770312,                 0,                 0,                 0,      -1.624860265,      0.3129407872,      -1.154770312,                 0,      -3.690060098,  -2.450277334e-10,   1.157096054e-08,                 0
          0,           0,         146,       -7.98029986,      -6.608353916,      -7.022706472,      -5.120703643,      -7.432816796,      -5.416860754,      -6.020047682,      -2.131186689,         100,        -3.5055942,             100,      -4.591002806,                8,      -6.158676391,    0.001945994243,       2.854899477,               400,               400,               400,      0.0724683887,      0.3128970171,      -1.154611461,                 0,                 0,                 0,       -1.62462714,      0.3128970171,      -1.154611461,                 0,      -3.690068611,  -2.706030236e-10,   3.132334912e-08,                 0
          0,           0,         147,      -7.972223565,      -6.621426325,      -7.035452012,      -5.112627302,      -7.444709757,      -5.420517781,      -6.031609397,       -2.13690476,         100,      -3.500261415,             100,      -4.605044943,                8,      -6.170310282,    0.001931008809,       2.855003889,               400,               400,               400,      0.0724683887,      0.3128496862,      -1.154442119,                 0,                 0,                 0,      -1.624372577,      0.3128496862,      -1.154442119,                 0,       -3.69008559,  -4.681527884e-10,    2.31480299e-08,                 0
          0,           0,         148,      -7.966738515,      -6.634284933,      -7.048115798,      -5.107142299,      -7.456597282,      -5.423540384,      -6.043157712,      -2.141626625,         100,      -3.516101383,             100,      -4.632942184,                8,      -6.171827864,    0.001916425588,       2.855128527,               400,               400,               400,      0.0724683887,      0.3127983227,      -1.154250962,                 0,                 0,                 0,      -1.624097708,      0.3127983227,      -1.154250962,                 0,      -3.690080406,  -2.487541743e-10,   1.289789475e-08,                 0
          0,           0,         149,      -7.964229045,      -6.646885034,      -7.060699919,      -5.104632779,      -7.468475369,      -5.426160463,      -6.054690717,      -2.145566026,         100,      -3.532659378,             100,      -4.562592616,                8,      -6.166588472,    0.001902231055,       2.855270856,               400,               400,               400,      0.0724683887,      0.3127449238,      -1.154054427,                 0,                 0,                 0,      -1.623808956,      0.3127449238,      -1.154054427,                 0,      -3.690082042,  -5.164077597e-10,   3.276179921e-08,                 0
          0,           0,         150,      -7.964641166,      -6.659256657,      -7.073324535,      -5.105044907,      -7.480343213,      -5.428690296,       -6.06620577,       -2.14898126,         100,      -3.541442691,             100,      -4.552477428,                8,      -6.171076884,     0.00188841213,       2.855429669,               400,               400,               400,      0.0724683887,      0.3126890895,      -1.153841735,                 0,                 0,                 0,      -1.623508009,      0.3126890895,      -1.153841735,                 0,      -3.690060747,  -2.592191117e-10,   4.325637986e-08,                 0
          0,           0,         151,      -7.968133637,      -6.671418492,       -7.08601993,      -5.108537363,      -7.492198767,       -5.43136737,      -6.077699399,      -2.152045586,         100,      -3.563034556,             100,      -4.544219062,                8,      -6.182965861,    0.001874956069,       2.855601618,               400,               400,               400,      0.0724683887,       0.312632834,      -1.153629628,                 0,                 0,                 0,      -1.623201586,       0.312632834,      -1.153629628,                 0,      -3.690046287,   1.180161763e-10,   4.438873287e-08,                 0
          0,           0,         152,      -7.974344466,      -6.683392658,      -7.098851981,      -5.114748184,      -7.504043647,      -5.434515399,      -6.089167605,      -2.155141214,         100,      -3.574364935,             100,       -4.57902859,                8,      -6.187231253,    0.001861850442,        2.85578492,               400,               400,               400,      0.0724683887,      0.3125757132,      -1.153407404,                 0,                 0,                 0,      -1.622891301,      0.3125757132,      -1.153407404,                 0,      -3.690009668,  -5.220907353e-10,   2.811208277e-08,                 0
          0,           0,         153,      -7.983297437,      -6.695216792,      -7.111838169,      -5.123701186,      -7.515877248,       -5.43829009,      -6.100605415,      -2.157997406,         100,       -3.56218469,             100,      -4.713323072,                8,      -6.183893532,    0.001849083323,       2.855975864,               400,               400,               400,      0.0724683887,      0.3125196278,      -1.153191572,                 0,                 0,                 0,      -1.622583434,      0.3125196278,      -1.153191572,                 0,      -3.689981266,  -6.773763479e-10,   2.878928948e-08,                 0
          0,           0,         154,      -7.994450044,      -6.706941173,      -7.125021733,      -5.134853755,      -7.527701387,      -5.442960686,       -6.11200748,      -2.161008166,         100,      -3.561648102,             100,      -4.693578649,                8,      -6.191643067,    0.001836642807,       2.856172529,               400,               400,               400,      0.0724683887,      0.3124640001,      -1.152971106,                 0,                 0,                 0,      -1.622279007,      0.3124640001,      -1.152971106,                 0,      -3.689932617,  -1.033032599e-09,   4.083954619e-08,                 0
          0,           0,         155,      -8.007780113,      -6.718587654,      -7.138365768,      -5.148183853,       -7.53951462,      -5.448564672,      -6.123367256,      -2.164289341,         100,      -3.556154541,             100,       -4.64666112,                8,      -6.192565401,    0.001824518417,       2.856371299,               400,               400,               400,      0.0724683887,      0.3124105471,      -1.152761943,                 0,                 0,                 0,      -1.621983444,      0.3124105471,      -1.152761943,                 0,      -3.689894446,  -7.308750352e-10,    4.06767977e-08,                 0
          0,           0,         156,      -8.022618876,      -6.730225257,      -7.151891766,      -5.163022642,      -7.551316916,      -5.455279831,      -6.134678051,      -2.168029455,         100,      -3.560601541,             100,      -4.678795132,                8,       -6.18896362,    0.001812699456,       2.856570513,               400,               400,               400,      0.0724683887,      0.3123585002,      -1.152552439,                 0,                 0,                 0,      -1.621696814,      0.3123585002,      -1.152552439,                 0,      -3.689838563,  -3.452027602e-11,   6.570043403e-08,                 0
          0,           0,         157,      -8.038912196,      -6.741853165,       -7.16550878,      -5.179315893,      -7.563105493,      -5.463045778,       -6.14593175,      -2.172286985,         100,      -3.561458442,             100,      -4.659722076,                8,      -6.200805998,    0.001801175679,       2.856766989,               400,               400,               400,      0.0724683887,      0.3123093595,      -1.152357746,                 0,                 0,                 0,      -1.621423438,      0.3123093595,      -1.152357746,                 0,      -3.689795745,  -6.111983392e-10,   5.118961715e-08,                 0
          0,           0,         158,      -8.055943871,      -6.753555358,      -7.179236466,      -5.196347574,      -7.574878749,      -5.471949196,      -6.157120322,      -2.176833752,         100,      -3.554823898,             100,      -4.654494018,                8,      -6.194134282,      0.0017899372,       2.856959613,               400,               400,               400,      0.0724683887,      0.3122621496,      -1.152165459,                 0,                 0,                 0,      -1.621162277,      0.3122621496,      -1.152165459,                 0,      -3.689737808,  -3.949556097e-10,   5.019654676e-08,                 0
          0,           0,         159,      -8.073714217,      -6.765323856,      -7.192977003,      -5.214118026,      -7.586633144,       -5.48186112,      -6.168234001,      -2.181881865,         100,      -3.526793919,             100,      -4.583597966,                8,      -6.200994466,    0.001778974642,        2.85714584,               400,               400,               400,      0.0724683887,      0.3122181799,       -1.15198996,                 0,                 0,                 0,      -1.620916649,      0.3122181799,       -1.15198996,                 0,       -3.68969533,  -4.624463769e-10,   2.951646067e-08,                 0
          0,           0,         160,      -8.091483312,      -6.777230622,      -7.206734759,      -5.231887034,      -7.598364646,      -5.492787045,       -6.17926342,      -2.187488417,         100,      -3.505729857,             100,      -4.573578404,                8,      -6.201679593,    0.001768278948,       2.857325237,               400,               400,               400,      0.0724683887,      0.3121762944,      -1.151818116,                 0,                 0,                 0,      -1.620684493,      0.3121762944,      -1.151818116,                 0,      -3.689639913,   3.577719629e-10,   2.146061486e-08,                 0
          0,           0,         161,      -8.109352292,      -6.789240783,      -7.220407231,      -5.249755987,      -7.610065556,      -5.504536464,      -6.190197259,      -2.193634271,         100,      -3.505804911,             100,      -4.552988867,                8,      -6.194428328,    0.001757841169,       2.857495964,               400,               400,               400,      0.0724683887,      0.3121376331,      -1.151663563,                 0,                 0,                 0,      -1.620468172,      0.3121376331,      -1.151663563,                 0,      -3.689601769,   2.029078934e-10,   3.433791448e-08,                 0
          0,           0,         162,      -8.126639374,      -6.801398022,      -7.233982226,      -5.267043149,      -7.621730561,      -5.517075509,      -6.201024842,      -2.200399524,         100,      -3.509644521,             100,      -4.526325798,                8,      -6.204819291,    0.001747652883,       2.857658291,               400,               400,               400,      0.0724683887,      0.3121009151,       -1.15151261,                 0,                 0,                 0,      -1.620264885,      0.3121009151,       -1.15151261,                 0,      -3.689552174,  -9.049403943e-11,   3.731382492e-08,                 0
          0,           0,         163,      -8.143615335,       -6.81368802,      -7.247411433,       -5.28401899,      -7.633354289,      -5.530221057,      -6.211733462,       -2.20768558,         100,       -3.51238009,             100,      -4.549326247,                8,       -6.20613936,     0.00173770592,       2.857811021,               400,               400,               400,      0.0724683887,      0.3120671654,      -1.151378332,                 0,                 0,                 0,      -1.620076309,      0.3120671654,      -1.151378332,                 0,       -3.68952091,  -1.411226551e-10,   2.938914882e-08,                 0
          0,           0,         164,       -8.15966922,      -6.826134683,      -7.260687033,      -5.300073013,      -7.644930357,      -5.543917198,      -6.222311327,      -2.215376429,         100,      -3.490152846,             100,      -4.631199891,                8,      -6.202889572,    0.001727992348,       2.857955005,               400,               400,               400,      0.0724683887,      0.3120350374,       -1.15124668,                 0,                 0,                 0,      -1.619899199,      0.3120350374,       -1.15124668,                 0,      -3.689478879,   7.040451055e-10,   1.922986373e-08,                 0
          0,           0,         165,      -8.175230512,      -6.838725648,      -7.273794523,      -5.315634074,       -7.65645318,      -5.557969249,      -6.232744656,      -2.223463306,         100,       -3.49461496,             100,      -4.631028768,                8,      -6.201443874,    0.001718503974,        2.85808955,               400,               400,               400,      0.0724683887,      0.3120055043,      -1.151130413,                 0,                 0,                 0,       -1.61973489,      0.3120055043,      -1.151130413,                 0,      -3.689455465,   1.017253804e-09,   2.176941688e-08,                 0
          0,           0,         166,      -8.189792498,      -6.851444368,        -7.2867173,      -5.330196228,       -7.66791717,      -5.572301405,      -6.243021021,      -2.231760292,         100,      -3.536854472,             100,       -4.68827713,                8,      -6.198195627,    0.001709233924,       2.858215932,               400,               400,               400,      0.0724683887,      0.3119771934,      -1.151015291,                 0,                 0,                 0,      -1.619579909,      0.3119771934,      -1.151015291,                 0,      -3.689421263,   2.106273542e-10,   3.230432231e-08,                 0
          0,           0,         167,      -8.203880318,      -6.864269509,      -7.299459137,       -5.34428411,      -7.679316395,      -5.586813723,      -6.253126121,      -2.240368264,         100,      -3.530541593,             100,       -4.64998499,                8,      -6.197398305,    0.001700174854,       2.858333781,               400,               400,               400,      0.0724683887,      0.3119510743,      -1.150913963,                 0,                 0,                 0,      -1.619435518,      0.3119510743,      -1.150913963,                 0,      -3.689405352,   2.348323166e-10,   2.114193682e-08,                 0
          0,           0,         168,      -8.217120041,      -6.877241305,      -7.312072932,      -5.357523782,      -7.690645783,      -5.601387037,      -6.263047523,      -2.249214653,         100,      -3.545720541,             100,      -4.559656562,                8,      -6.193846105,    0.001691320071,       2.858444582,               400,               400,               400,      0.0724683887,      0.3119257979,       -1.15081221,                 0,                 0,                 0,      -1.619298313,      0.3119257979,       -1.15081221,                 0,      -3.689378109,   2.806942123e-10,   3.097666757e-08,                 0
          0,           0,         169,      -8.230044571,      -6.890285484,      -7.324527135,      -5.370448256,      -7.701900039,      -5.615957103,      -6.272771213,      -2.258288091,         100,      -3.543860486,             100,      -4.642270234,                8,      -6.188411872,    0.001682663254,       2.858548121,               400,               400,               400,      0.0724683887,      0.3119023616,      -1.150722722,                 0,                 0,                 0,      -1.619169664,      0.3119023616,      -1.150722722,                 0,      -3.689368419,  -2.315568266e-10,   2.691612931e-08,                 0
          0,           0,         170,       -8.24232909,      -6.903420675,      -7.336852231,      -5.382732724,      -7.713075572,      -5.630454207,      -6.282285668,      -2.267421878,         100,       -3.54757098,             100,      -4.596255474,                8,      -6.192469796,    0.001674197314,       2.858645941,               400,               400,               400,      0.0724683887,      0.3118794587,      -1.150631413,                 0,                 0,                 0,      -1.619046362,      0.3118794587,      -1.150631413,                 0,      -3.689346575,  -2.267347844e-10,    3.13899061e-08,                 0
          0,           0,         171,      -8.254554027,      -6.916615051,      -7.349075752,      -5.394957706,      -7.724167467,      -5.644835415,      -6.291582423,       -2.27650093,         100,      -3.546185291,             100,      -4.611031437,                8,      -6.184377247,    0.001665916333,       2.858737812,               400,               400,               400,      0.0724683887,      0.3118581348,      -1.150551121,                 0,                 0,                 0,      -1.618930022,      0.3118581348,      -1.150551121,                 0,      -3.689341377,  -1.033781414e-11,   2.035119433e-08,                 0
          0,           0,         172,       -8.26639403,      -6.929855132,       -7.36120044,      -5.406797631,      -7.735172139,       -5.65906035,      -6.300648209,      -2.285557885,         100,       -3.55161665,             100,      -4.573987783,                8,      -6.184586887,    0.001657814149,       2.858825209,               400,               400,               400,      0.0724683887,      0.3118371343,       -1.15046795,                 0,                 0,                 0,      -1.618817692,      0.3118371343,       -1.15046795,                 0,      -3.689323122,   4.833198734e-10,   2.212058976e-08,                 0
          0,           0,         173,      -8.278433792,      -6.943119414,      -7.373256568,      -5.418837458,      -7.746085121,      -5.673119831,       -6.30946924,      -2.294668921,         100,      -3.551423761,             100,       -4.64521611,                8,       -6.17494591,    0.001649885053,       2.858907789,               400,               400,               400,      0.0724683887,      0.3118175561,      -1.150394944,                 0,                 0,                 0,      -1.618711285,      0.3118175561,      -1.150394944,                 0,      -3.689320636,  -1.181751373e-11,   1.850291205e-08,                 0
          0,           0,         174,      -8.290314057,      -6.956401708,      -7.385251064,      -5.430717688,      -7.756904635,      -5.686992007,      -6.318040019,      -2.303525463,         100,      -3.571622003,             100,      -4.723815942,                8,      -6.179768588,    0.001642123082,       2.858986875,               400,               400,               400,      0.0724683887,      0.3117981937,      -1.150318417,                 0,                 0,                 0,      -1.618608119,      0.3117981937,      -1.150318417,                 0,      -3.689304299,   8.395287311e-11,    1.41672345e-08,                 0
          0,           0,         175,       -8.30259713,      -6.969673585,      -7.397204689,      -5.443000822,      -7.767626423,      -5.700712765,      -6.326353968,      -2.312240308,         100,      -3.573300801,             100,      -4.760813654,                8,      -6.164453733,    0.001634522818,       2.859061962,               400,               400,               400,      0.0724683887,      0.3117801887,      -1.150251592,                 0,                 0,                 0,      -1.618510357,      0.3117801887,      -1.150251592,                 0,      -3.689303021,  -2.100553143e-11,   1.899879192e-08,                 0
          0,           0,         176,      -8.314878102,      -6.982952491,      -7.409139455,      -5.455281812,      -7.778250059,       -5.71428622,      -6.334408366,      -2.320819262,         100,      -3.564421928,             100,       -4.71727335,                8,      -6.172840837,    0.001627078973,       2.859134203,               400,               400,               400,      0.0724683887,      0.3117623727,      -1.150180961,                 0,                 0,                 0,      -1.618415538,      0.3117623727,      -1.150180961,                 0,      -3.689287296,  -1.649626629e-11,    2.03711011e-08,                 0
          0,           0,         177,      -8.327697879,      -6.996203412,      -7.421061902,      -5.468101545,      -7.788769939,      -5.727768081,      -6.342200283,      -2.329272608,         100,      -3.561445504,             100,      -4.672763838,                8,      -6.166821159,     0.00161978669,        2.85920292,               400,               400,               400,      0.0724683887,      0.3117459169,      -1.150119894,                 0,                 0,                 0,      -1.618326014,      0.3117459169,      -1.150119894,                 0,      -3.689286151,  -5.381281282e-10,    2.38746814e-08,                 0
          0,           0,         178,      -8.340583718,      -7.009452278,      -7.432991141,      -5.480987418,      -7.799187081,      -5.741168565,      -6.349731204,      -2.337552938,         100,      -3.562262368,             100,      -4.607225674,                8,       -6.15939417,    0.001612641164,       2.859269109,               400,               400,               400,      0.0724683887,      0.3117296782,      -1.150055019,                 0,                 0,                 0,      -1.618239487,      0.3117296782,      -1.150055019,                 0,      -3.689270223,  -6.998093475e-10,   2.105636761e-08,                 0
          0,           0,         179,      -8.354030562,      -7.022659676,       -7.44492002,      -5.494434247,      -7.809495173,      -5.754565263,      -6.357002522,      -2.345688592,         100,      -3.550794431,             100,      -4.557679854,                8,      -6.160735954,    0.001605637778,       2.859331956,               400,               400,               400,      0.0724683887,       0.311714835,      -1.149999767,                 0,                 0,                 0,      -1.618158375,       0.311714835,      -1.149999767,                 0,      -3.689268646,   -8.86897926e-10,   2.961277919e-08,                 0
          0,           0,         180,         -8.367533,      -7.035863094,      -7.456876058,      -5.507936671,      -7.819696567,      -5.767990976,      -6.364020229,      -2.353700735,         100,      -3.529348452,             100,      -4.650168938,                8,      -6.150680201,    0.001598772047,       2.859392343,               400,               400,               400,      0.0724683887,      0.3117002534,      -1.149940839,                 0,                 0,                 0,      -1.618080454,      0.3117002534,      -1.149940839,                 0,      -3.689252179,  -5.247898769e-10,   2.475182219e-08,                 0
          0,           0,         181,      -8.381563732,      -7.049048351,      -7.468862328,      -5.521967503,      -7.829784619,      -5.781477887,      -6.370790076,      -2.361651315,         100,      -3.539518169,             100,      -4.767727641,                8,      -6.150727493,    0.001592039611,       2.859449364,               400,               400,               400,      0.0724683887,        0.31168711,      -1.149891687,                 0,                 0,                 0,      -1.618008162,        0.31168711,      -1.149891687,                 0,      -3.689250054,  -6.371183843e-10,   2.304712384e-08,                 0
          0,           0,         182,      -8.395505489,      -7.062220203,        -7.4808671,      -5.535909142,      -7.839762559,      -5.795086899,      -6.377322279,      -2.369546613,         100,      -3.539403881,             100,      -4.663091528,                8,       -6.15954956,    0.001585436393,       2.859503847,               400,               400,               400,      0.0724683887,      0.3116742649,      -1.149839021,                 0,                 0,                 0,       -1.61793926,      0.3116742649,      -1.149839021,                 0,       -3.68923312,  -7.564325268e-10,   2.172219259e-08,                 0
          0,           0,         183,      -8.409885144,      -7.075382615,      -7.492915262,      -5.550288816,      -7.849624477,      -5.808840866,      -6.383626497,       -2.37729286,         100,      -3.544452344,             100,      -4.714868636,                8,      -6.154024675,      0.0015789588,       2.859554853,               400,               400,               400,      0.0724683887,      0.3116628774,      -1.149796248,                 0,                 0,                 0,      -1.617876116,      0.3116628774,      -1.149796248,                 0,      -3.689230677,   -8.51319963e-10,   2.691360267e-08,                 0
          0,           0,         184,      -8.424031407,      -7.088562552,      -7.504994759,      -5.564435089,      -7.859372571,      -5.822757665,      -6.389716541,      -2.385021594,         100,      -3.554178214,             100,      -4.643960987,                8,      -6.155765276,    0.001572603013,       2.859603201,               400,               400,               400,      0.0724683887,      0.3116517952,      -1.149750049,                 0,                 0,                 0,      -1.617816437,      0.3116517952,      -1.149750049,                 0,      -3.689213624,  -6.355155553e-10,   2.106901037e-08,                 0
          0,           0,         185,      -8.438480087,      -7.101743741,       -7.51711603,      -5.578883763,      -7.869000733,      -5.836876493,      -6.395605244,      -2.392747746,         100,       -3.54894142,             100,      -4.699502866,                8,      -6.152273531,     0.00156636559,       2.859647967,               400,               400,               400,      0.0724683887,      0.3116421566,      -1.149713764,                 0,                 0,                 0,      -1.617762493,      0.3116421566,      -1.149713764,                 0,      -3.689211293,  -4.144783447e-10,   1.910637931e-08,                 0
          0,           0,         186,      -8.452565837,      -7.114966435,      -7.529274443,      -5.592969493,      -7.878513714,      -5.851172872,      -6.401309131,      -2.400477306,         100,      -3.541271585,             100,      -4.657925368,                8,      -6.152960326,    0.001560243053,       2.859690006,               400,               400,               400,      0.0724683887,      0.3116327922,      -1.149674015,                 0,                 0,                 0,      -1.617711903,      0.3116327922,      -1.149674015,                 0,      -3.689194603,  -5.624712471e-10,   1.634861472e-08,                 0
          0,           0,         187,      -8.466854055,      -7.128209924,      -7.541486769,       -5.60725779,      -7.887903588,      -5.865662831,      -6.406843282,      -2.408223205,         100,      -3.565218033,             100,      -4.667633967,                8,       -6.15214399,    0.001554232169,       2.859728441,               400,               400,               400,      0.0724683887,      0.3116248171,      -1.149644057,                 0,                 0,                 0,      -1.617666819,      0.3116248171,      -1.149644057,                 0,      -3.689192882,  -3.893174297e-10,   1.680016805e-08,                 0
          0,           0,         188,      -8.480668971,      -7.141487852,      -7.553712557,      -5.621072729,      -7.897175958,      -5.880308298,       -6.41222596,      -2.415990695,         100,      -3.554405039,             100,      -4.743336235,                8,      -6.144432038,    0.001548329882,       2.859764189,               400,               400,               400,      0.0724683887,      0.3116170445,      -1.149610443,                 0,                 0,                 0,      -1.617624763,      0.3116170445,      -1.149610443,                 0,      -3.689177031,  -2.616590372e-10,   8.472558587e-09,                 0
          0,           0,         189,       -8.49464027,      -7.154801478,      -7.565987998,      -5.635043912,      -7.906324134,      -5.895134751,      -6.417473499,      -2.423785188,         100,      -3.543048792,             100,      -4.679078245,                8,      -6.146928186,    0.001542533155,       2.859796438,               400,               400,               400,      0.0724683887,      0.3116105722,      -1.149586354,                 0,                 0,                 0,      -1.617587794,      0.3116105722,      -1.149586354,                 0,      -3.689176352,  -2.966278901e-10,   1.084329942e-08,                 0
          0,           0,         190,      -8.508112901,      -7.168166946,      -7.578276927,      -5.648516561,      -7.915351807,      -5.910044109,      -6.422605012,      -2.431525648,         100,      -3.554793697,             100,      -4.566244463,                8,      -6.142960585,     0.00153683917,       2.859826169,               400,               400,               400,      0.0724683887,      0.3116042008,      -1.149558287,                 0,                 0,                 0,      -1.617553357,      0.3116042008,      -1.149558287,                 0,      -3.689161713,  -4.081812283e-10,   1.371000634e-08,                 0
          0,           0,         191,       -8.52172074,      -7.181549534,      -7.590593836,      -5.662124437,      -7.924254178,      -5.925095663,      -6.427637227,      -2.439469057,         100,      -3.548638247,             100,      -4.641760791,                8,      -6.124180972,    0.001531245295,       2.859852635,               400,               400,               400,      0.0724683887,       0.311599016,      -1.149539365,                 0,                 0,                 0,      -1.617523442,       0.311599016,      -1.149539365,                 0,      -3.689162371,  -3.664893431e-10,   1.111799462e-08,                 0
          0,           0,         192,      -8.534847955,      -7.194986541,      -7.602899095,       -5.67525162,      -7.933035906,      -5.940135437,      -6.432589275,      -2.447308971,         100,      -3.533487657,             100,      -4.656624465,                8,      -6.136496518,    0.001525748762,       2.859876877,               400,               400,               400,      0.0724683887,       0.311593812,      -1.149516046,                 0,                 0,                 0,      -1.617495448,       0.311593812,      -1.149516046,                 0,      -3.689149149,  -2.534641716e-10,   1.115081565e-08,                 0
          0,           0,         193,      -8.548127854,      -7.208442132,      -7.615225353,      -5.688531446,      -7.941693428,      -5.955257809,      -6.437477638,      -2.455152175,         100,      -3.557807228,             100,      -4.669938922,                8,      -6.130900164,    0.001520347134,       2.859898198,               400,               400,               400,      0.0724683887,      0.3115896697,      -1.149501422,                 0,                 0,                 0,      -1.617471329,      0.3115896697,      -1.149501422,                 0,      -3.689151259,  -1.776396767e-10,   9.913727359e-09,                 0
          0,           0,         194,      -8.560976683,      -7.221922456,      -7.627518294,      -5.701380321,      -7.950232152,      -5.970254618,      -6.442320832,      -2.462978396,         100,      -3.582023961,             100,        -4.6525496,                8,      -6.133195277,    0.001515037955,       2.859917683,               400,               400,               400,      0.0724683887,      0.3115853839,      -1.149481941,                 0,                 0,                 0,       -1.61744848,      0.3115853839,      -1.149481941,                 0,       -3.68913948,   -1.21511954e-10,   1.211678188e-08,                 0
          0,           0,         195,      -8.573993092,      -7.235392209,      -7.639804856,      -5.714396792,        -7.9586483,       -5.98530661,       -6.44713464,      -2.470776125,         100,      -3.595209307,             100,      -4.699398275,                8,      -6.126906529,    0.001509819021,       2.859934664,               400,               400,               400,      0.0724683887,      0.3115820372,      -1.149470686,                 0,                 0,                 0,      -1.617428854,      0.3115820372,      -1.149470686,                 0,      -3.689142982,  -6.823125794e-11,   2.076450641e-08,                 0
          0,           0,         196,      -8.586638226,      -7.248895516,      -7.652047872,      -5.727041915,      -7.966948194,      -6.000151637,      -6.451936684,      -2.478524543,         100,      -3.595996393,             100,      -4.624635103,                8,      -6.122154733,    0.001504688074,       2.859950241,               400,               400,               400,      0.0724683887,      0.3115784312,       -1.14945412,                 0,                 0,                 0,       -1.61740987,      0.3115784312,       -1.14945412,                 0,      -3.689132509,  -4.094849052e-11,    1.28392811e-08,                 0
          0,           0,         197,      -8.599472099,      -7.262375808,      -7.664268455,      -5.739875926,      -7.975127253,      -6.014979092,      -6.456741684,      -2.486216668,         100,      -3.603955039,             100,      -4.618817237,                8,      -6.122368613,    0.001499643128,       2.859963753,               400,               400,               400,      0.0724683887,      0.3115756559,      -1.149445345,                 0,                 0,                 0,      -1.617393518,      0.3115756559,      -1.149445345,                 0,      -3.689137206,  -1.290405489e-10,   1.756702841e-08,                 0
          0,           0,         198,      -8.611973264,      -7.275859216,      -7.676415157,      -5.752376942,      -7.983193777,      -6.029528672,      -6.461566086,      -2.493831181,         100,      -3.582428631,             100,       -4.55503678,                8,      -6.117041669,    0.001494682071,       2.859976297,               400,               400,               400,      0.0724683887,      0.3115725229,      -1.149430854,                 0,                 0,                 0,      -1.617377262,      0.3115725229,      -1.149430854,                 0,      -3.689127795,  -8.880871668e-11,   6.388605825e-09,                 0
          0,           0,         199,      -8.624676348,      -7.289302979,      -7.688516006,      -5.765080043,       -7.99114289,      -6.044039867,      -6.466423474,      -2.501361344,         100,      -3.611060606,             100,      -4.592196742,                8,      -6.116704901,    0.001489803012,       2.859987196,               400,               400,               400,      0.0724683887,      0.3115701326,      -1.149423784,                 0,                 0,                 0,      -1.617363145,      0.3115701326,      -1.149423784,                 0,      -3.689133405,   -2.92909705e-11,   7.332403602e-09,                 0
          0,           0,         200,      -8.637069271,      -7.302712985,      -7.700507082,      -5.777472948,      -7.998984213,      -6.058232424,      -6.471329146,       -2.50878906,         100,      -3.618666504,             100,      -4.611029566,                8,      -6.108517907,     0.00148500399,       2.859997523,               400,               400,               400,      0.0724683887,      0.3115673087,      -1.149410671,                 0,                 0,                 0,       -1.61734869,      0.3115673087,      -1.149410671,                 0,      -3.689124753,   3.818701555e-11,   4.966125341e-09,                 0
          0,           0,         201,      -8.649675974,      -7.316067435,      -7.712431514,      -5.790079628,      -8.006712548,      -6.072375386,      -6.476295462,      -2.516112963,         100,        -3.6361927,             100,      -4.554209646,                8,      -6.111472278,     0.00148028325,        2.86000657,               400,               400,               400,      0.0724683887,      0.3115651635,      -1.149404694,                 0,                 0,                 0,      -1.617336003,      0.3115651635,      -1.149404694,                 0,      -3.689130971,    2.11688283e-10,   1.619783957e-08,                 0
          0,           0,         202,      -8.661986068,      -7.329373707,      -7.724228524,      -5.802389727,      -8.014339948,      -6.086172086,      -6.481336604,      -2.523318882,         100,      -3.636498703,             100,      -4.577976495,                8,      -6.111070134,    0.001475639134,       2.860015376,               400,               400,               400,      0.0724683887,      0.3115625327,      -1.149392436,                 0,                 0,                 0,      -1.617322674,      0.3115625327,      -1.149392436,                 0,      -3.689122778,   2.166636201e-10,   1.538642852e-08,                 0
          0,           0,         203,      -8.674499936,      -7.342609278,       -7.73592671,      -5.814903586,      -8.021857533,       -6.09993699,      -6.486463782,      -2.530410476,         100,      -3.643327031,             100,       -4.65968444,                8,      -6.105840426,    0.001471069869,       2.860023191,               400,               400,               400,      0.0724683887,      0.3115605394,       -1.14938712,                 0,                 0,                 0,      -1.617310866,      0.3115605394,       -1.14938712,                 0,      -3.689129317,   2.205588538e-10,   1.473766701e-08,                 0
          0,           0,         204,      -8.686731659,       -7.35579055,      -7.747488797,      -5.827135362,      -8.029280505,      -6.113359614,      -6.491690085,      -2.537378699,         100,      -3.641957111,             100,      -4.678022622,                8,      -6.109650206,    0.001466573837,       2.860031015,               400,               400,               400,      0.0724683887,      0.3115580298,      -1.149375371,                 0,                 0,                 0,      -1.617298227,      0.3115580298,      -1.149375371,                 0,      -3.689121323,   2.283392304e-10,   1.843426735e-08,                 0
          0,           0,         205,      -8.699180241,      -7.368883808,       -7.75894024,      -5.839583945,      -8.036600457,      -6.126755934,      -6.497025747,       -2.54423122,         100,      -3.628025936,             100,      -4.756787232,                8,       -6.10640003,    0.001462149556,       2.860038057,               400,               400,               400,      0.0724683887,      0.3115561359,       -1.14937045,                 0,                 0,                 0,      -1.617286971,      0.3115561359,       -1.14937045,                 0,      -3.689127954,    1.72282168e-10,   1.316669699e-08,                 0
          0,           0,         206,      -8.711322881,      -7.381911441,      -7.770233197,      -5.851726499,      -8.043832355,      -6.139816808,      -6.502482874,      -2.550962734,         100,       -3.65693759,             100,      -4.822227673,                8,      -6.100311649,    0.001457795514,       2.860045276,               400,               400,               400,      0.0724683887,       0.311553712,       -1.14935902,                 0,                 0,                 0,      -1.617274791,       0.311553712,       -1.14935902,                 0,      -3.689119968,   1.628127128e-10,   1.386582711e-08,                 0
          0,           0,         207,      -8.723693108,      -7.394839848,      -7.781403328,      -5.864096745,      -8.050966828,      -6.152876362,      -6.508070764,      -2.557584986,         100,      -3.658494024,             100,      -4.836979316,                8,      -6.106644189,    0.001453510288,       2.860051844,               400,               400,               400,      0.0724683887,      0.3115518965,       -1.14935437,                 0,                 0,                 0,      -1.617263942,      0.3115518965,       -1.14935437,                 0,      -3.689126538,     3.3489708e-10,   2.379794472e-08,                 0
          0,           0,         208,      -8.735749857,      -7.407702538,      -7.792416548,      -5.876153435,      -8.058020171,      -6.165648473,      -6.513800648,      -2.564096284,         100,      -3.621720445,             100,      -4.735030647,                8,      -6.099080484,    0.001449292503,       2.860058687,               400,               400,               400,      0.0724683887,      0.3115495484,      -1.149343185,                 0,                 0,                 0,      -1.617252144,      0.3115495484,      -1.149343185,                 0,      -3.689118442,   1.670376609e-10,   1.642060205e-08,                 0
          0,           0,         209,      -8.748060611,       -7.42047651,      -7.803317812,      -5.888464228,      -8.064982822,      -6.178435688,      -6.519681066,      -2.569583662,         100,      -3.649309137,             100,      -4.768044645,                8,      -6.099642805,     0.00144514094,       2.860064946,               400,               400,               400,      0.0724683887,      0.3115478102,      -1.149338775,                 0,                 0,                 0,      -1.617241677,      0.3115478102,      -1.149338775,                 0,      -3.689124871,   1.425103224e-10,    1.44907537e-08,                 0
          0,           0,         210,      -8.760029331,      -7.433177045,      -7.814056824,      -5.900432929,      -8.071870864,      -6.190949252,      -6.525722415,      -2.576905758,         100,      -3.653689326,             100,      -4.669419235,                8,       -6.10032919,     0.00144105421,       2.860071523,               400,               400,               400,      0.0724683887,      0.3115455434,      -1.149327842,                 0,                 0,                 0,       -1.61723028,      0.3115455434,      -1.149327842,                 0,      -3.689116621,   1.529496446e-10,   1.910825953e-08,                 0
          0,           0,         211,      -8.772259856,      -7.445783253,      -7.824678928,      -5.912663536,      -8.078674516,       -6.20352525,      -6.531932536,       -2.58311478,         100,      -3.626798841,             100,      -4.611782906,                8,       -6.09090734,    0.001437031159,       2.860077538,               400,               400,               400,      0.0724683887,      0.3115438917,      -1.149323704,                 0,                 0,                 0,      -1.617220241,      0.3115438917,      -1.149323704,                 0,      -3.689122895,   4.246287289e-11,   1.745649136e-08,                 0
          0,           0,         212,      -8.784135019,      -7.458341866,      -7.835159419,      -5.924538649,      -8.085411137,      -6.215867118,      -6.538321153,      -2.589242498,         100,      -3.650054925,             100,      -4.627349512,                8,      -6.098805764,    0.001433070546,       2.860083878,               400,               400,               400,      0.0724683887,      0.3115417172,      -1.149313066,                 0,                 0,                 0,      -1.617209305,      0.3115417172,      -1.149313066,                 0,        -3.6891145,  -1.164751198e-10,   9.685277627e-09,                 0
          0,           0,         213,      -8.796293112,      -7.470801048,      -7.845526595,      -5.936696708,      -8.092068689,      -6.228292401,      -6.544895382,      -2.595311563,         100,      -3.650100298,             100,      -4.541870029,                8,      -6.090834364,    0.001429171158,       2.860089651,               400,               400,               400,      0.0724683887,      0.3115401633,      -1.149309249,                 0,                 0,                 0,      -1.617199762,      0.3115401633,      -1.149309249,                 0,      -3.689120649,  -1.866830323e-10,   1.307147139e-08,                 0
          0,           0,         214,      -8.808075524,      -7.483223545,      -7.855768351,      -5.948479203,      -8.098666886,      -6.240490398,       -6.55166429,      -2.601312503,         100,      -3.653466374,             100,      -4.626194576,                8,      -6.089371969,    0.001425331913,       2.860095735,               400,               400,               400,      0.0724683887,      0.3115380911,      -1.149298959,                 0,                 0,                 0,       -1.61718935,      0.3115380911,      -1.149298959,                 0,      -3.689112156,  -1.464058145e-10,   1.070383806e-08,                 0
          0,           0,         215,      -8.820149493,      -7.495555697,      -7.865904264,      -5.960553066,      -8.105192066,       -6.25278751,      -6.558634376,      -2.607255802,         100,      -3.665656683,             100,      -4.608392489,                8,      -6.088620468,     0.00142155163,       2.860101238,               400,               400,               400,      0.0724683887,      0.3115366425,       -1.14929551,                 0,                 0,                 0,      -1.617180355,      0.3115366425,       -1.14929551,                 0,       -3.68911824,  -7.343702248e-11,   1.095278464e-08,                 0
          0,           0,         216,      -8.831828537,      -7.507858044,      -7.875927463,      -5.972232209,      -8.111664711,      -6.264880278,      -6.565814085,      -2.613140177,         100,      -3.669794299,             100,      -4.679433208,                8,      -6.080697031,    0.001417829269,       2.860107036,               400,               400,               400,      0.0724683887,       0.311534677,      -1.149285603,                 0,                 0,                 0,      -1.617170507,       0.311534677,      -1.149285603,                 0,      -3.689109713,   2.840097089e-11,   1.061354221e-08,                 0
          0,           0,         217,      -8.843833619,      -7.520083785,      -7.885872234,      -5.984237199,      -8.118070351,      -6.277066363,      -6.573209307,      -2.618975595,         100,      -3.662658701,             100,       -4.75649687,                8,      -6.083196821,    0.001414163773,       2.860112237,               400,               400,               400,      0.0724683887,      0.3115333348,      -1.149282546,                 0,                 0,                 0,      -1.617162081,      0.3115333348,      -1.149282546,                 0,      -3.689115794,  -1.119945967e-10,   1.103878712e-08,                 0
          0,           0,         218,      -8.855409654,      -7.532279313,      -7.895704115,      -5.995813283,      -8.124430083,      -6.289041684,      -6.580827889,      -2.624760326,         100,      -3.671124457,             100,      -4.610194358,                8,      -6.086791925,    0.001410554143,       2.860117723,               400,               400,               400,      0.0724683887,       0.311531474,      -1.149273034,                 0,                 0,                 0,        -1.6171528,       0.311531474,      -1.149273034,                 0,      -3.689107297,  -3.594568077e-12,   1.236801865e-08,                 0
          0,           0,         219,        -8.8673463,      -7.544406738,      -7.905478009,      -6.007749836,      -8.130728481,      -6.301116066,      -6.588675051,      -2.630503603,         100,      -3.670139031,             100,      -4.645077648,                8,      -6.083102409,    0.001406999484,       2.860122605,               400,               400,               400,      0.0724683887,      0.3115302329,      -1.149270367,                 0,                 0,                 0,       -1.61714493,      0.3115302329,      -1.149270367,                 0,      -3.689113435,   1.764059483e-10,   2.048257287e-08,                 0
          0,           0,         220,      -8.878855834,      -7.556518757,      -7.915157928,       -6.01925956,      -8.136987087,       -6.31296029,      -6.596758059,      -2.636200447,         100,      -3.687691297,             100,      -4.600764447,                8,      -6.085630315,     0.00140349876,        2.86012777,               400,               400,               400,      0.0724683887,      0.3115284685,      -1.149261235,                 0,                 0,                 0,      -1.617136186,      0.3115284685,      -1.149261235,                 0,      -3.689105014,   1.434668625e-10,   2.376750837e-08,                 0
          0,           0,         221,      -8.890730365,      -7.568554389,       -7.92477951,       -6.03113399,      -8.143189299,      -6.324902993,      -6.605081489,      -2.641860187,         100,      -3.683423061,             100,      -4.647129652,                8,      -6.085626436,    0.001400051102,       2.860132337,               400,               400,               400,      0.0724683887,      0.3115273184,      -1.149258934,                 0,                 0,                 0,      -1.617128828,      0.3115273184,      -1.149258934,                 0,      -3.689111246,   1.435869043e-10,   1.724069094e-08,                 0
          0,           0,         222,      -8.902177712,      -7.580580318,      -7.934313173,      -6.042581316,      -8.149358061,      -6.336596992,      -6.613651975,      -2.647477754,         100,      -3.665828566,             100,      -4.621515837,                8,      -6.087787945,    0.001396655597,       2.860137195,               400,               400,               400,      0.0724683887,       0.311525639,      -1.149250148,                 0,                 0,                 0,      -1.617120565,       0.311525639,      -1.149250148,                 0,      -3.689102932,    3.72569531e-11,   1.461723997e-08,                 0
          0,           0,         223,      -8.914015431,      -7.592533241,      -7.943791143,      -6.054418911,      -8.155474723,       -6.34837453,      -6.622473386,      -2.653060029,         100,      -3.686398668,             100,      -4.510656057,                8,      -6.078549557,    0.001393311371,       2.860141467,               400,               400,               400,      0.0724683887,      0.3115245671,      -1.149248172,                 0,                 0,                 0,      -1.617113657,      0.3115245671,      -1.149248172,                 0,      -3.689109281,  -1.629008315e-11,   1.505060634e-08,                 0
          0,           0,         224,      -8.925441087,      -7.604495015,      -7.953204623,      -6.065844606,      -8.161564423,      -6.359892834,      -6.631551723,      -2.658602081,         100,      -3.668330814,             100,      -4.461216226,                8,      -6.083385557,    0.001390017608,       2.860146049,               400,               400,               400,      0.0724683887,      0.3115229595,      -1.149239687,                 0,                 0,                 0,      -1.617105811,      0.3115229595,      -1.149239687,                 0,      -3.689101083,  -2.924253867e-11,   1.585006468e-08,                 0
          0,           0,         225,      -8.937273438,       -7.61637962,      -7.962564616,      -6.077677013,      -8.167605448,      -6.371477448,      -6.640890137,      -2.664109112,         100,      -3.672143284,             100,      -4.463712622,                8,      -6.076168136,    0.001386773416,       2.860150063,               400,               400,               400,      0.0724683887,      0.3115219536,      -1.149237988,                 0,                 0,                 0,      -1.617099287,      0.3115219536,      -1.149237988,                 0,       -3.68910754,  -5.192268853e-11,   1.053147184e-08,                 0
          0,           0,         226,      -8.948683524,      -7.628252087,      -7.971843598,      -6.089087072,      -8.173623604,       -6.38276136,      -6.650493933,      -2.669576697,         100,      -3.680451715,             100,      -4.490847295,                8,      -6.081992802,    0.001383577963,       2.860154407,               400,               400,               400,      0.0724683887,      0.3115204065,      -1.149229759,                 0,                 0,                 0,      -1.617091795,      0.3115204065,      -1.149229759,                 0,      -3.689099448,  -2.587517296e-10,   1.328800697e-08,                 0
          0,           0,         227,      -8.960531985,      -7.640045474,      -7.981065188,      -6.100935494,      -8.179598533,      -6.394117235,      -6.660365486,      -2.675010434,         100,      -3.692094263,             100,      -4.744443532,                8,      -6.079598111,    0.001380430398,       2.860158205,               400,               400,               400,      0.0724683887,       0.311519456,      -1.149228296,                 0,                 0,                 0,      -1.617085597,       0.311519456,      -1.149228296,                 0,      -3.689106005,  -2.126724428e-10,   1.870180686e-08,                 0
          0,           0,         228,       -8.97196507,      -7.651847622,      -7.990216795,      -6.112368571,      -8.185556747,      -6.405170787,      -6.670509344,      -2.680404596,         100,      -3.727205389,             100,      -4.634583864,                8,      -6.078785087,    0.001377329863,       2.860162352,               400,               400,               400,      0.0724683887,      0.3115179607,      -1.149220285,                 0,                 0,                 0,      -1.617078408,      0.3115179607,      -1.149220285,                 0,      -3.689097997,  -1.077564551e-10,   6.455758267e-09,                 0
          0,           0,         229,      -8.983851038,      -7.663549493,      -7.999313888,      -6.124254485,       -8.19147512,      -6.416279765,      -6.680927109,      -2.685765418,         100,      -3.727242181,             100,      -4.633671194,                8,       -6.07442853,    0.001374275747,       2.860165972,               400,               400,               400,      0.0724683887,      0.3115170594,      -1.149219023,                 0,                 0,                 0,      -1.617072496,      0.3115170594,      -1.149219023,                 0,      -3.689104622,  -4.022237402e-11,   9.447342888e-09,                 0
          0,           0,         230,      -8.995314395,      -7.675271512,      -8.008344892,      -6.135717873,      -8.197380898,      -6.427063418,       -6.69162252,      -2.691088014,         100,      -3.767765393,             100,      -4.633898782,                8,      -6.074255831,    0.001371267256,       2.860169959,               400,               400,               400,      0.0724683887,      0.3115156115,      -1.149211207,                 0,                 0,                 0,      -1.617065581,      0.3115156115,      -1.149211207,                 0,      -3.689096675,  -8.734483357e-11,   7.214890155e-09,                 0
          0,           0,         231,      -9.007263725,      -7.686892096,      -8.017305827,      -6.147667167,      -8.203249782,      -6.437905194,      -6.702596296,      -2.696377711,         100,      -3.767729224,             100,      -4.584745273,                8,      -6.073078766,    0.001368303647,       2.860173432,               400,               400,               400,      0.0724683887,      0.3115147564,       -1.14921013,                 0,                 0,                 0,      -1.617059933,      0.3115147564,       -1.14921013,                 0,      -3.689103345,  -7.248656075e-11,   8.143052966e-09,                 0
