"Time_Iter","Outer_Iter","Inner_Iter",     "rms[P]"     ,     "rms[U]"     ,     "rms[V]"     ,     "rms[T]"     ,     "rms[k]"     ,     "rms[w]"     ,    "rms[LM_1]"   ,    "rms[LM_2]"   ,"LinSolIter",    "LinSolRes"   ,"LinSolIterTurb",  "LinSolResTurb" ,"LinSolIterTrans", "LinSolResTrans" ,     "Min DT"     ,     "Max DT"     ,     "Min CFL"    ,     "Max CFL"    ,     "Avg CFL"    ,    "RefForce"    ,       "CD"       ,       "CL"       ,       "CSF"      ,       "CMx"      ,       "CMy"      ,       "CMz"      ,       "CFx"      ,       "CFy"      ,       "CFz"      ,      "CEff"      ,       "HF"       ,      "maxHF"     ,      "Temp"      
          0,           0,           0,      -4.378201495,      -17.87503208,      -21.34358269,      -1.518605164,      -3.895997064,       1.189081475,      -4.612826517,      -2.525117738,          10,      -6.528002043,               4,      -6.153053025,                5,      -6.105759574,    0.001140630883,      0.1043302698,                11,                11,                11,     0.07223624925,       1.581081166,      -3.120773881,                 0,                 0,                 0,      -5.658583105,       1.581081166,      -3.120773881,                 0,      -1.973822691,   2.879627282e-05,    0.001270645162,                 0
          0,           0,           1,      -4.578371949,      -4.389664161,      -4.531528683,      -1.718775618,      -4.369353204,      0.7228620485,      -4.958265597,      0.2476079215,         100,      -5.621543688,               5,       -6.79881332,                4,      -6.418156067,    0.001198267872,      0.1092921553,              12.1,              12.1,              12.1,     0.07223624925,       1.518389486,      -3.036564563,                 0,                 0,                 0,      -5.425373985,       1.518389486,      -3.036564563,                 0,      -1.999858792,   3.439613525e-06,   0.0001729475412,                 0
          0,           0,           2,       -4.78476129,      -4.562104458,      -4.563336598,       -1.92516497,      -4.777604989,      0.3232259978,      -4.971975348,      0.3677728915,         100,      -5.637561293,               5,      -6.367185662,                4,      -6.461652906,    0.001192806546,      0.1081764166,             13.31,             13.31,             13.31,     0.07223624925,       1.265251848,      -2.713462194,                 0,                 0,                 0,      -4.760582236,       1.265251848,      -2.713462194,                 0,      -2.144602435,   1.090879369e-06,   0.0001580332726,                 0
          0,           0,           3,      -4.952603382,      -4.672254882,      -4.621408194,      -2.093007055,      -5.107367957,    0.002227994193,       -5.12813027,      0.4211076643,         100,      -5.678923757,               5,      -6.006085417,                4,      -6.513672632,    0.001217871979,      0.1100226285,            14.641,            14.641,            14.641,     0.07223624925,       1.060893978,      -2.509624671,                 0,                 0,                 0,      -4.325908856,       1.060893978,      -2.509624671,                 0,      -2.365575376,   2.354675656e-06,    0.000164268032,                 0
          0,           0,           4,      -5.076563817,      -4.739555854,      -4.689317257,      -2.216967485,      -5.370543178,     -0.2533066617,      -5.263526935,      0.4565983283,         100,      -5.228729008,               6,      -6.909778267,                4,      -6.536057482,    0.001303953616,      0.1176425597,           16.1051,           16.1051,           16.1051,     0.07223624925,       0.937372836,      -2.426096736,                 0,                 0,                 0,      -4.123781385,       0.937372836,      -2.426096736,                 0,      -2.588187585,   1.896160617e-06,   0.0001064052932,                 0
          0,           0,           5,      -5.163178054,       -4.77621064,      -4.749867285,      -2.303581719,      -5.588098111,     -0.4646004628,      -5.346394918,      0.4925683073,         100,      -5.486606709,               6,      -6.624818065,                4,      -6.570341434,    0.001385392918,      0.1247831195,          17.71561,          17.71561,          17.71561,     0.07223624925,      0.8430030696,      -2.345213007,                 0,                 0,                 0,      -3.936162356,      0.8430030696,      -2.345213007,                 0,      -2.781974457,   1.767297191e-06,   9.173601478e-05,                 0
          0,           0,           6,      -5.229084674,      -4.804679089,      -4.803925467,      -2.369488346,      -5.770612338,     -0.6420584587,      -5.384047654,      0.5295881417,         100,      -5.174547715,               6,      -6.328657081,                4,      -6.589158097,    0.001506638095,      0.1356316442,         19.487171,         19.487171,         19.487171,     0.07223624925,      0.7481383185,      -2.207641843,                 0,                 0,                 0,      -3.656953662,      0.7481383185,      -2.207641843,                 0,      -2.950847175,    1.37897366e-06,   7.707604602e-05,                 0
          0,           0,           7,      -5.278133116,      -4.837906725,      -4.851973584,      -2.418536787,      -5.930143925,     -0.7974520232,      -5.408028848,       0.616548205,         100,      -5.162989416,               6,      -6.028075372,                4,      -6.630940313,    0.001654341531,       0.148915996,        21.4358881,        21.4358881,        21.4358881,     0.07223624925,      0.6490650275,      -2.017634012,                 0,                 0,                 0,      -3.296657733,      0.6490650275,      -2.017634012,                 0,      -3.108523686,   1.348384639e-06,   6.613308147e-05,                 0
          0,           0,           8,      -5.308763309,      -4.874183731,       -4.89035965,      -2.449166979,       -6.07370039,     -0.9375354146,       -5.46341014,      0.6921002621,         100,      -5.279209741,               7,      -6.675807117,                4,      -6.672111005,    0.001749147468,      0.1571681743,       23.57947691,       23.57947691,       23.57947691,     0.07223624925,       0.550724894,      -1.800978642,                 0,                 0,                 0,      -2.901809891,       0.550724894,      -1.800978642,                 0,      -3.270196538,   1.444101062e-06,   5.976131239e-05,                 0
          0,           0,           9,      -5.331765509,      -4.907376605,      -4.912301297,      -2.472169175,      -6.201320778,      -1.062238129,       -5.51311515,      0.6664111712,         100,       -5.35415653,              14,      -6.010817154,                4,       -6.68069691,    0.001855944069,      0.1665030067,        25.9374246,        25.9374246,        25.9374246,     0.07223624925,      0.4676886684,      -1.607802894,                 0,                 0,                 0,      -2.559132127,      0.4676886684,      -1.607802894,                 0,      -3.437763202,   1.462799131e-06,   5.415596391e-05,                 0
          0,           0,          10,       -5.36563551,      -4.928956258,      -4.918380801,      -2.506039174,       -6.31724459,      -1.175550706,      -5.544242071,       0.615684653,         100,      -5.307422191,             100,      -5.757327915,                4,      -6.658126519,    0.001982636076,      0.1776501766,       28.53116706,       28.53116706,       28.53116706,     0.07223624925,      0.4167058465,      -1.490061717,                 0,                 0,                 0,      -2.354312931,      0.4167058465,      -1.490061717,                 0,      -3.575811882,   1.566180387e-06,    5.21830382e-05,                 0
          0,           0,          11,      -5.427992577,      -4.941131426,      -4.925037866,      -2.568396245,      -6.424039427,       -1.28058652,         -5.551083,      0.5607641899,         100,       -5.02359785,             100,      -5.654487868,                4,      -6.628107015,     0.00213726822,       0.191347229,       31.38428377,       31.38428377,       31.38428377,     0.07223624925,      0.4076317428,      -1.478398695,                 0,                 0,                 0,      -2.334777191,      0.4076317428,      -1.478398695,                 0,      -3.626799731,   1.670216598e-06,   4.879088498e-05,                 0
          0,           0,          12,      -5.506180965,      -4.950901558,      -4.943760781,      -2.646584635,      -6.524700552,      -1.379815117,      -5.555636067,      0.5077545947,         100,      -4.982732007,               8,      -6.261543326,                4,      -6.591752573,    0.002322363988,      0.2078163255,       34.52271214,       34.52271214,       34.52271214,     0.07223624925,      0.4360434167,      -1.567497693,                 0,                 0,                 0,      -2.487190111,      0.4360434167,      -1.567497693,                 0,      -3.594820224,   1.787279518e-06,   4.570624671e-05,                 0
          0,           0,          13,      -5.547816672,      -4.961275541,      -4.972981649,      -2.688220341,      -6.620026946,      -1.475031942,      -5.582467089,      0.4581470859,         100,      -4.781755134,              71,      -6.001563411,                4,      -6.549335439,    0.002531440414,      0.2264444874,       37.97498336,       37.97498336,       37.97498336,     0.07223624925,      0.4838458408,      -1.717324736,                 0,                 0,                 0,      -2.741377994,      0.4838458408,      -1.717324736,                 0,      -3.549322101,   1.788412463e-06,   3.994005011e-05,                 0
          0,           0,          14,      -5.558155683,      -4.971135001,      -5.006213135,      -2.698559352,      -6.709812544,      -1.567254177,      -5.630718127,      0.4115552116,         100,      -4.743234928,               9,      -6.066563776,                4,      -6.499942328,    0.002752453026,      0.2461056689,       41.77248169,       41.77248169,       41.77248169,     0.07223624925,      0.5266896189,      -1.867218314,                 0,                 0,                 0,      -2.994837296,      0.5266896189,      -1.867218314,                 0,      -3.545196729,   1.670834542e-06,   3.990228163e-05,                 0
          0,           0,          15,      -5.588563939,      -4.980988953,      -5.032498663,      -2.728967601,      -6.792383142,      -1.656822432,      -5.656753578,      0.3674145437,         100,       -4.86878294,             100,      -5.615353936,                4,      -6.452496072,     0.00297781549,      0.2660925655,       45.94972986,       45.94972986,       45.94972986,     0.07223624925,      0.5448206845,      -1.960679289,                 0,                 0,                 0,      -3.153088437,      0.5448206845,      -1.960679289,                 0,      -3.598760738,    1.59307455e-06,   4.116425141e-05,                 0
          0,           0,          16,       -5.64045562,      -4.993320425,      -5.042305394,      -2.780859281,      -6.864155574,      -1.743798209,      -5.640027044,      0.3254073976,         100,      -4.587256949,               9,       -6.04210293,                4,      -6.411960736,    0.003212008037,      0.2868196634,       50.54470285,       50.54470285,       50.54470285,     0.07223624925,      0.5336675783,       -1.97585264,                 0,                 0,                 0,      -3.179037443,      0.5336675783,       -1.97585264,                 0,       -3.70240337,   1.604357042e-06,   4.164357002e-05,                 0
          0,           0,          17,      -5.687542603,      -5.008531469,      -5.045466932,      -2.827946267,      -6.924383735,      -1.828375219,       -5.62055038,      0.2851678231,         100,      -4.518812433,             100,      -5.734718371,                4,      -6.351506384,    0.003468918102,      0.3095673599,       55.59917313,       55.59917313,       55.59917313,     0.07223624925,      0.5070208439,      -1.940336319,                 0,                 0,                 0,      -3.118293212,      0.5070208439,      -1.940336319,                 0,      -3.826935997,   1.432746662e-06,   4.018928372e-05,                 0
          0,           0,          18,        -5.7281161,       -5.02346928,      -5.053554334,      -2.868519764,      -6.969640776,      -1.911037729,       -5.63138477,        0.24665172,         100,      -4.482579852,             100,      -5.710013737,                4,      -6.310607647,    0.003762526374,      0.3356143098,       61.15909045,       61.15909045,       61.15909045,     0.07223624925,      0.4855553202,      -1.906764984,                 0,                 0,                 0,      -3.058977474,      0.4855553202,      -1.906764984,                 0,      -3.926977844,   1.288730499e-06,   3.743069138e-05,                 0
          0,           0,          19,       -5.77768714,      -5.034408222,      -5.061723818,      -2.918090807,      -6.997025233,      -1.992404333,      -5.684689688,      0.2101253184,         100,      -4.371456375,             100,      -5.583124659,                4,      -6.281634478,    0.004099338304,      0.3655419563,       67.27499949,       67.27499949,       67.27499949,     0.07223624925,      0.4790424499,      -1.906341286,                 0,                 0,                 0,      -3.053407039,      0.4790424499,      -1.906341286,                 0,      -3.979483001,   1.225845948e-06,   3.554288971e-05,                 0
          0,           0,          20,      -5.832515359,      -5.039243901,      -5.063134251,      -2.972919028,      -7.000609954,      -2.072982637,      -5.775348897,      0.1756188233,         100,      -4.432678328,             100,      -5.573056101,                4,      -6.258760483,    0.004478248293,      0.3992292905,       74.00249944,       74.00249944,       74.00249944,     0.07223624925,      0.4817590184,      -1.930407427,                 0,                 0,                 0,      -3.086694167,      0.4817590184,      -1.930407427,                 0,      -4.006998007,   1.134434229e-06,    3.48108862e-05,                 0
          0,           0,          21,      -5.879594135,      -5.038719035,      -5.062844418,      -3.019997808,      -6.976578865,      -2.152977664,      -5.846845213,       0.142364049,         100,      -4.282456025,              13,      -6.004443765,                4,       -6.23835874,    0.004896823297,      0.4364370401,       81.40274939,       81.40274939,       81.40274939,     0.07223624925,      0.4832244018,       -1.95237991,                 0,                 0,                 0,      -3.114627499,      0.4832244018,       -1.95237991,                 0,        -4.0403173,   1.126368333e-06,   3.264982238e-05,                 0
          0,           0,          22,      -5.918897833,      -5.037036416,      -5.071327055,      -3.059301507,      -6.929422055,      -2.232421732,      -5.848826208,      0.1091424402,         100,      -4.131932325,             100,      -5.653871811,                4,      -6.221097713,    0.005357575791,      0.4773865429,       89.54302433,       89.54302433,       89.54302433,     0.07223624925,      0.4785083742,       -1.95444452,                 0,                 0,                 0,      -3.109545116,      0.4785083742,       -1.95444452,                 0,      -4.084452072,   1.017206708e-06,   3.086454759e-05,                 0
          0,           0,          23,      -5.955031377,      -5.036423042,      -5.091159587,      -3.095435053,      -6.863345617,      -2.311434811,       -5.83855265,     0.07511948378,         100,      -4.370159237,             100,      -5.672402365,                4,      -6.204043925,    0.005869521146,      0.5229002064,       98.49732676,       98.49732676,       98.49732676,     0.07223624925,      0.4686175963,      -1.932384775,                 0,                 0,                 0,      -3.067578064,      0.4686175963,      -1.932384775,                 0,      -4.123585606,   1.012207463e-06,    3.15013148e-05,                 0
          0,           0,          24,      -5.988662936,      -5.034226485,      -5.111684421,       -3.12906661,      -6.787257751,      -2.390159419,      -5.857837711,     0.03940860435,         100,      -4.182040338,             100,      -5.571871346,                4,      -6.183638782,    0.006446491686,      0.5742417769,       108.3470594,       108.3470594,       108.3470594,     0.07223624925,      0.4555784087,      -1.886742704,                 0,                 0,                 0,        -2.9915204,      0.4555784087,      -1.886742704,                 0,       -4.14142257,   9.250096708e-07,   3.027600872e-05,                 0
          0,           0,          25,      -6.015944993,        -5.0271789,      -5.121343781,      -3.156348665,       -6.70502052,      -2.468426149,      -5.889749217,    0.004768926591,         100,      -3.946762101,             100,      -5.384617316,                4,       -6.15897525,    0.007106052535,      0.6330140232,       119.1817654,       119.1817654,       119.1817654,     0.07223624925,       0.439993864,      -1.818127381,                 0,                 0,                 0,      -2.881515453,       0.439993864,      -1.818127381,                 0,       -4.13216531,    8.86987529e-07,   2.601689136e-05,                 0
          0,           0,          26,      -6.030437176,      -5.014930437,      -5.121055157,      -3.170840844,      -6.618210153,       -2.54592203,      -5.911935779,    -0.02844094435,         100,      -4.014639892,             100,      -5.490610456,                4,      -6.126715818,    0.007869174985,      0.7011305475,       131.0999419,       131.0999419,       131.0999419,     0.07223624925,      0.4216926419,      -1.728425925,                 0,                 0,                 0,      -2.738428961,      0.4216926419,      -1.728425925,                 0,      -4.098781323,   8.080193905e-07,   2.553649154e-05,                 0
          0,           0,          27,      -6.032690282,      -4.998923944,      -5.119579129,      -3.173093947,      -6.532239904,       -2.62194871,      -5.908156543,    -0.05980577465,         100,      -4.072741722,             100,       -5.28715392,                4,      -6.096982408,    0.008758806345,      0.7806901409,       144.2099361,       144.2099361,       144.2099361,     0.07223624925,      0.4007981243,      -1.621838096,                 0,                 0,                 0,       -2.56748227,      0.4007981243,      -1.621838096,                 0,      -4.046521173,   6.633981158e-07,   2.062057798e-05,                 0
          0,           0,          28,      -6.032700641,      -4.979399459,       -5.12306315,      -3.173104303,      -6.451690527,      -2.696315673,      -5.882450653,    -0.08939272718,         100,      -4.122110014,             100,      -5.210838629,                4,      -6.068760951,     0.00979735759,      0.8737512417,       158.6309297,       158.6309297,       158.6309297,     0.07223624925,      0.3781102385,      -1.504683612,                 0,                 0,                 0,       -2.37874945,      0.3781102385,      -1.504683612,                 0,      -3.979483915,    5.43124187e-07,   2.260703544e-05,                 0
          0,           0,          29,      -6.041293056,      -4.957928205,      -5.129821871,      -3.181696719,      -6.384277479,      -2.770611149,      -5.861082695,      -0.119419832,         100,      -4.034098288,             100,      -4.993632269,                4,      -6.035459936,     0.01100455616,      0.9821339041,       174.4940227,       174.4940227,       174.4940227,     0.07223624925,      0.3554073846,       -1.38616892,                 0,                 0,                 0,      -2.187680359,      0.3554073846,       -1.38616892,                 0,       -3.90022543,   5.391576703e-07,    2.01532993e-05,                 0
          0,           0,          30,      -6.061388613,      -4.939946602,      -5.137901801,      -3.201792276,      -6.335797404,      -2.847774917,      -5.867498511,     -0.1534129833,         100,      -4.060008687,             100,      -5.155788055,                5,      -7.118806857,     0.01239469282,       1.107158102,        191.943425,        191.943425,        191.943425,     0.07223624925,      0.3354801749,      -1.278872885,                 0,                 0,                 0,      -2.015270509,      0.3354801749,      -1.278872885,                 0,      -3.812066942,   5.717404602e-07,   1.972068984e-05,                 0
          0,           0,          31,      -6.087518611,      -4.930643853,      -5.150325073,      -3.227922274,      -6.308763968,      -2.926913481,      -5.905093374,     -0.1930633911,         100,      -3.946092041,             100,      -5.013259002,                5,      -7.060729264,     0.01397111189,       1.249121573,       211.1377675,       211.1377675,       211.1377675,     0.07223624925,      0.3212253979,      -1.195841857,                 0,                 0,                 0,      -1.883099662,      0.3212253979,      -1.195841857,                 0,      -3.722750023,   5.514038959e-07,   1.793534388e-05,                 0
          0,           0,          32,      -6.114851449,      -4.933252205,      -5.170892576,      -3.255255113,      -6.294260261,      -3.001800388,      -5.958111177,     -0.2345227421,         100,      -3.920217456,             100,      -5.162434871,                5,      -6.996243377,     0.01571892375,       1.406613398,       232.2515442,       232.2515442,       232.2515442,     0.07223624925,      0.3142771772,      -1.145503618,                 0,                 0,                 0,      -1.804791008,      0.3142771772,      -1.145503618,                 0,      -3.644883247,   6.278073414e-07,   1.654895498e-05,                 0
          0,           0,          33,      -6.141692894,      -4.947302126,      -5.201012269,       -3.28209656,      -6.277317185,      -3.062628323,      -5.988235944,     -0.2712250515,         100,       -3.98988563,             100,      -4.945262157,                5,      -6.893285893,     0.01760469593,       1.576479469,       255.4766986,       255.4766986,       255.4766986,     0.07223624925,      0.3142535106,      -1.128335059,                 0,                 0,                 0,      -1.780537511,      0.3142535106,      -1.128335059,                 0,      -3.590524912,   5.603759588e-07,   1.702040832e-05,                 0
          0,           0,          34,      -6.167668211,      -4.962590298,      -5.236634486,      -3.308071848,      -6.253964987,      -3.116471526,      -5.986313145,     -0.3003794178,         100,      -4.005083509,             100,      -4.909855265,                5,      -6.694011987,     0.01958913043,       1.755002982,       281.0243685,       281.0243685,       281.0243685,     0.07223624925,      0.3190725196,      -1.137481326,                 0,                 0,                 0,      -1.798228574,      0.3190725196,      -1.137481326,                 0,      -3.564961746,   3.146344581e-07,   1.219164205e-05,                 0
          0,           0,          35,      -6.202403008,      -4.970959978,      -5.268783536,        -3.3428067,      -6.240842707,      -3.177695738,      -5.990143691,     -0.3249377424,         100,      -3.965200792,             100,      -4.792765226,                5,      -6.470259513,     0.02165181077,       1.940216414,               300,               300,               300,     0.07223624925,      0.3261758917,      -1.163095101,                 0,                 0,                 0,       -1.84124264,      0.3261758917,      -1.163095101,                 0,      -3.565852446,   3.148208529e-07,   1.000174177e-05,                 0
          0,           0,          36,      -6.256090306,       -4.98030112,      -5.297950293,       -3.39649391,      -6.251519996,      -3.249703806,      -6.035204415,     -0.3538976465,         100,      -3.824918916,             100,      -4.861854633,                5,      -6.255346662,     0.02310044349,       2.070047671,               300,               300,               300,     0.07223624925,      0.3338099132,      -1.196596334,                 0,                 0,                 0,      -1.895693319,      0.3338099132,      -1.196596334,                 0,      -3.584663867,   2.948708438e-07,   7.205150918e-06,                 0
          0,           0,          37,      -6.326134938,      -5.004596998,      -5.340919614,      -3.466538583,      -6.288419161,      -3.329906224,      -6.117708779,     -0.3889424311,         100,       -3.72965719,             100,      -4.712623469,                5,       -6.06914966,     0.02301010355,       2.061690425,               300,               300,               300,     0.07223624925,      0.3409217495,      -1.230909532,                 0,                 0,                 0,      -1.950754136,      0.3409217495,      -1.230909532,                 0,      -3.610533894,     2.7328833e-07,   5.971366559e-06,                 0
          0,           0,          38,      -6.406925133,      -5.047858833,      -5.410107502,      -3.547328795,      -6.340700826,      -3.395994524,      -6.183394158,     -0.4298281864,         100,      -3.703531962,             100,      -4.566380109,                6,       -7.02288468,     0.02289282478,       2.050795553,               300,               300,               300,     0.07223624925,      0.3470988158,       -1.26243088,                 0,                 0,                 0,      -2.001160612,      0.3470988158,       -1.26243088,                 0,      -3.637093597,   2.184368567e-07,   4.608864548e-06,                 0
          0,           0,          39,      -6.490735469,      -5.086428393,      -5.482846537,        -3.6311392,      -6.400785192,      -3.454974231,      -6.217748177,     -0.4662494214,         100,      -3.668539552,             100,       -4.67452578,                6,      -6.795171239,     0.02277453613,       2.039772052,               300,               300,               300,     0.07223624925,      0.3521749301,      -1.289556055,                 0,                 0,                 0,      -2.044591175,      0.3521749301,      -1.289556055,                 0,      -3.661691802,    1.02025722e-07,   3.393395889e-06,                 0
          0,           0,          40,       -6.58607695,      -5.123379932,      -5.558298797,       -3.72648065,      -6.463360449,      -3.519917989,      -6.214613676,     -0.4857205198,         100,      -3.708512286,             100,      -4.581922563,                6,      -6.612325802,     0.02266582816,       2.029614275,               300,               300,               300,     0.07223624925,      0.3561869675,      -1.312124016,                 0,                 0,                 0,      -2.080801322,      0.3561869675,      -1.312124016,                 0,       -3.68380692,    7.21625313e-08,    2.52126608e-06,                 0
          0,           0,          41,      -6.682499871,       -5.15933513,      -5.626668419,      -3.822903429,      -6.524396134,      -3.580530421,      -6.043550536,     -0.4984908954,         100,      -3.667921816,             100,      -4.728767513,                6,      -6.466213835,     0.02256778964,       2.020438802,               300,               300,               300,     0.07223624925,       0.359415625,      -1.331012957,                 0,                 0,                 0,      -2.111215071,       0.359415625,      -1.331012957,                 0,      -3.703269598,   2.883492516e-08,   1.907919453e-06,                 0
          0,           0,          42,       -6.76561908,      -5.193926114,       -5.68143636,      -3.906022799,      -6.581633408,      -3.636852781,      -5.826723728,     -0.5079636008,         100,      -3.591750013,             100,      -4.707671021,                6,      -6.363242916,     0.02247833517,       2.012066335,               300,               300,               300,     0.07223624925,      0.3621923609,      -1.347436025,                 0,                 0,                 0,      -2.137815659,      0.3621923609,      -1.347436025,                 0,      -3.720222098,   4.578423284e-08,    1.56438632e-06,                 0
          0,           0,          43,      -6.837429036,      -5.226167343,      -5.731204712,      -3.977832677,      -6.629984547,      -3.686395605,      -5.691403802,     -0.5129835984,         100,      -3.594884648,             100,      -4.552597308,                6,      -6.311319062,     0.02239386569,       2.004170813,               300,               300,               300,     0.07223624925,      0.3648416074,      -1.362568558,                 0,                 0,                 0,       -2.16249627,      0.3648416074,      -1.362568558,                 0,      -3.734685219,   6.220320805e-08,   1.796075757e-06,                 0
          0,           0,          44,      -6.903564791,      -5.255548028,      -5.784537052,      -4.043968611,      -6.668769696,      -3.734224239,      -5.632129999,     -0.5130504209,         100,      -3.626132948,             100,       -4.77448625,                6,      -6.309832999,      0.0223122823,       1.996559346,               300,               300,               300,     0.07223624925,      0.3675657354,      -1.377266631,                 0,                 0,                 0,      -2.186632904,      0.3675657354,      -1.377266631,                 0,      -3.746994072,   5.814923513e-08,   2.455540176e-06,                 0
          0,           0,          45,      -6.959094756,      -5.282143002,      -5.839875299,      -4.099498489,      -6.682457267,      -3.769515442,      -5.625797083,     -0.5096250163,         100,      -3.652451859,             100,      -4.795657499,                6,      -6.341806483,     0.02223194189,        1.98907621,               300,               300,               300,     0.07223624925,      0.3704167128,      -1.392009697,                 0,                 0,                 0,      -2.210964776,      0.3704167128,      -1.392009697,                 0,      -3.757955968,   6.772061968e-08,   2.760280185e-06,                 0
          0,           0,          46,      -6.999827136,      -5.306291247,      -5.890138455,      -4.140230993,      -6.702031758,      -3.814650052,      -5.639116256,     -0.5036950102,         100,      -3.771340855,             100,      -4.979257685,                6,       -6.38264453,     0.02215084115,       1.981530496,               300,               300,               300,     0.07223624925,      0.3733505747,      -1.406965675,                 0,                 0,                 0,       -2.23569938,      0.3733505747,      -1.406965675,                 0,      -3.768484023,   3.820124171e-08,   2.316757933e-06,                 0
          0,           0,          47,      -7.028665219,      -5.328247622,      -5.929744131,      -4.169068978,      -6.725824988,      -3.860854132,      -5.645521631,     -0.4959691217,         100,      -3.670902417,             100,      -4.871944433,                6,      -6.418201136,     0.02206698401,       1.973732967,               300,               300,               300,     0.07223624925,      0.3762966524,      -1.422096368,                 0,                 0,                 0,      -2.260715631,      0.3762966524,      -1.422096368,                 0,      -3.779189528,   4.983479237e-08,   2.680303968e-06,                 0
          0,           0,          48,      -7.051397987,      -5.348263111,      -5.959244054,      -4.191801901,      -6.746709939,      -3.903444038,      -5.657998735,     -0.4874933543,         100,      -3.720497866,             100,      -5.193142712,                6,      -6.459911346,     0.02197935505,       1.965587589,               300,               300,               300,     0.07223624925,      0.3792107651,      -1.437231551,                 0,                 0,                 0,      -2.285706271,      0.3792107651,      -1.437231551,                 0,      -3.790059996,   4.112582679e-08,   2.553663242e-06,                 0
          0,           0,          49,      -7.071941987,      -5.366639778,      -5.983262461,      -4.212345892,      -6.763286849,      -3.944839569,      -5.645031343,     -0.4792602653,         100,      -3.720784718,             100,      -5.076500654,                6,      -6.501170793,     0.02188882919,       1.957175653,               300,               300,               300,     0.07223624925,      0.3820679153,      -1.452091169,                 0,                 0,                 0,      -2.310246853,      0.3820679153,      -1.452091169,                 0,      -3.800610077,   4.438322412e-08,   2.981469855e-06,                 0
          0,           0,          50,      -7.091691745,      -5.383691034,      -6.005128483,      -4.232095498,      -6.760193904,      -3.972450835,      -5.621252421,     -0.4714768079,         100,      -3.655441337,             100,      -5.184547564,                6,       -6.53281115,     0.02179786142,       1.948725863,               300,               300,               300,     0.07223624925,      0.3848289027,      -1.466268168,                 0,                 0,                 0,      -2.333702005,      0.3848289027,      -1.466268168,                 0,      -3.810182024,     1.6339004e-08,   2.865569972e-06,                 0
          0,           0,          51,      -7.110992443,      -5.399591897,      -6.024699469,      -4.251396435,      -6.754810159,      -3.998218315,      -5.625707403,     -0.4643481069,         100,      -3.677398769,             100,      -5.083682999,                6,      -6.552089374,     0.02170964848,       1.940535604,               300,               300,               300,     0.07223624925,      0.3874615576,      -1.479362493,                 0,                 0,                 0,      -2.355430911,      0.3874615576,      -1.479362493,                 0,      -3.818088437,    9.50153503e-09,   2.004045923e-06,                 0
          0,           0,          52,      -7.129683386,      -5.414246568,      -6.040592881,      -4.270087238,      -6.731474323,        -4.0127083,      -5.632784231,     -0.4575508568,         100,      -3.678397057,             100,      -5.091591361,                6,       -6.56988895,     0.02162753907,       1.932915818,               300,               300,               300,     0.07223624925,      0.3899220159,      -1.490906953,                 0,                 0,                 0,      -2.374753108,      0.3899220159,      -1.490906953,                 0,      -3.823602906,   5.810049238e-08,   1.891444462e-06,                 0
          0,           0,          53,      -7.147939251,      -5.427477183,       -6.05221081,       -4.28834299,      -6.701342633,      -4.023366963,      -5.642248301,     -0.4512239527,         100,      -3.648235079,             100,      -4.973125894,                6,      -6.587783246,     0.02155484094,       1.926173118,               300,               300,               300,     0.07223624925,      0.3921966221,      -1.500589385,                 0,                 0,                 0,      -2.391165082,      0.3921966221,      -1.500589385,                 0,      -3.826115016,  -3.175102095e-09,   1.546822791e-06,                 0
          0,           0,          54,      -7.165032752,      -5.439177562,      -6.059968616,      -4.305436431,      -6.690386058,      -4.040405678,      -5.654940953,     -0.4453574771,         100,      -3.627519365,             100,      -5.505825186,                6,      -6.595238965,      0.0214944931,       1.920579548,               300,               300,               300,     0.07223624925,      0.3942633909,      -1.508095335,                 0,                 0,                 0,      -2.404210707,      0.3942633909,      -1.508095335,                 0,      -3.825096038,  -9.301904891e-09,   2.257041702e-06,                 0
          0,           0,          55,      -7.179652278,      -5.449378272,      -6.064672246,      -4.320056047,      -6.680577034,       -4.05678405,      -5.670764274,     -0.4399492447,         100,      -3.567232948,             100,      -5.257398619,                6,      -6.594685474,     0.02144869214,       1.916338118,               300,               300,               300,     0.07223624925,      0.3960424539,      -1.513053426,                 0,                 0,                 0,      -2.413256972,      0.3960424539,      -1.513053426,                 0,      -3.820432409,   -2.03952265e-10,   1.961877771e-06,                 0
          0,           0,          56,      -7.190722842,      -5.458109657,      -6.065998308,      -4.331126348,      -6.660856128,        -4.0607824,      -5.686896005,      -0.434983567,         100,      -3.584144038,             100,       -5.56156712,                6,      -6.592764301,     0.02141905087,       1.913597712,               300,               300,               300,     0.07223624925,      0.3973868437,      -1.514998462,                 0,                 0,                 0,      -2.417509874,      0.3973868437,      -1.514998462,                 0,      -3.812402162,  -9.731057422e-09,   1.761356137e-06,                 0
          0,           0,          57,      -7.195778831,      -5.465221488,      -6.062534794,      -4.336182623,      -6.634347258,      -4.050573889,      -5.689762197,     -0.4301760344,         100,      -3.562219514,             100,      -5.728211994,                6,      -6.594762323,     0.02140635419,       1.912430579,               300,               300,               300,     0.07223624925,      0.3981416677,      -1.513535414,                 0,                 0,                 0,       -2.41625419,      0.3981416677,      -1.513535414,                 0,       -3.80149966,  -4.322409583e-08,    1.61371536e-06,                 0
          0,           0,          58,      -7.191779773,      -5.470484746,      -6.053083374,       -4.33218327,      -6.626476641,      -4.044438237,      -5.697397085,     -0.4257475717,         100,      -3.574961698,             100,      -5.559768772,                6,      -6.609131007,     0.02141053611,       1.912830322,               300,               300,               300,     0.07223624925,      0.3981620074,      -1.508414301,                 0,                 0,                 0,      -2.408997876,      0.3981620074,      -1.508414301,                 0,      -3.788443582,  -1.873700838e-08,   1.509291069e-06,                 0
          0,           0,          59,      -7.176922238,      -5.473670136,      -6.040081083,      -4.317325814,      -6.638850309,      -4.048544204,       -5.71164824,     -0.4217488753,         100,      -3.539727477,             100,      -5.456936127,                6,      -6.637319097,     0.02143103857,       1.914745238,               300,               300,               300,     0.07223624925,      0.3973405837,      -1.499646538,                 0,                 0,                 0,      -2.395655658,      0.3973405837,      -1.499646538,                 0,       -3.77420933,   -4.59353766e-08,   2.005614031e-06,                 0
          0,           0,          60,      -7.153876564,      -5.475217312,      -6.028267177,      -4.294280219,      -6.657148402,      -4.058755703,      -5.731763278,     -0.4181329801,         100,      -3.549919866,             100,      -5.597824524,                6,      -6.677334993,     0.02146603377,       1.918006136,               300,               300,               300,     0.07223624925,      0.3956865878,       -1.48768054,                 0,                 0,                 0,      -2.376893493,      0.3956865878,       -1.48768054,                 0,      -3.759744672,  -4.953712171e-08,   2.290226093e-06,                 0
          0,           0,          61,      -7.128670286,      -5.476462076,      -6.022650018,      -4.269073893,      -6.679376168,      -4.076890466,      -5.755598426,     -0.4151897303,         100,      -3.627715545,             100,      -5.578437661,                6,        -6.7234513,     0.02151297915,       1.922377679,               300,               300,               300,     0.07223624925,      0.3933379335,       -1.47330173,                 0,                 0,                 0,      -2.353982218,      0.3933379335,       -1.47330173,                 0,      -3.745638558,  -4.286755065e-08,   1.526679215e-06,                 0
          0,           0,          62,      -7.108312716,      -5.479123108,      -6.025505719,       -4.24871626,      -6.723818764,      -4.117701775,      -5.781820565,     -0.4127581113,         100,      -3.641906901,             100,      -5.555833858,                6,      -6.767389422,     0.02084603641,       1.927598641,               300,               300,               300,     0.07223624925,      0.3904828513,      -1.457444261,                 0,                 0,                 0,       -2.32846121,      0.3904828513,      -1.457444261,                 0,      -3.732415537,  -4.340695733e-08,   1.794669911e-06,                 0
          0,           0,          63,       -7.09637352,      -5.484435598,      -6.035200156,      -4.236777099,      -6.784331792,      -4.151365492,      -5.809902322,     -0.4111014262,         100,      -3.643206288,             100,      -5.420715772,                6,      -6.801308563,     0.02032055314,       1.933378589,               300,               300,               300,     0.07223624925,      0.3874245381,      -1.441204662,                 0,                 0,                 0,      -2.302206206,      0.3874245381,      -1.441204662,                 0,      -3.719962265,  -3.702454088e-08,   1.726570503e-06,                 0
          0,           0,          64,       -7.09395883,      -5.492460309,      -6.048593472,      -4.234362526,      -6.850222181,      -4.198229161,      -5.839649888,     -0.4103817551,         100,      -3.651057341,             100,      -5.777539943,                6,      -6.819703759,     0.01997723013,       1.939422352,               300,               300,               300,     0.07223624925,      0.3845054521,      -1.425763612,                 0,                 0,                 0,       -2.27724258,      0.3845054521,      -1.425763612,                 0,      -3.708045242,   1.655597469e-09,   2.256338388e-06,                 0
          0,           0,          65,      -7.101842515,      -5.501939977,       -6.06342976,      -4.242246208,      -6.921082013,      -4.232393297,      -5.874786499,     -0.4107607193,         100,      -3.607825084,             100,      -5.286760742,                6,       -6.83254617,     0.01978253954,       1.945401037,               300,               300,               300,     0.07223624925,      0.3818602975,      -1.411727767,                 0,                 0,                 0,      -2.254574865,      0.3818602975,      -1.411727767,                 0,      -3.696974459,   1.799110932e-08,   2.707031318e-06,                 0
          0,           0,          66,      -7.117542908,      -5.511708893,       -6.07778036,      -4.257946463,      -7.001029218,        -4.2823157,       -5.90718286,     -0.4122144912,         100,      -3.575914458,             100,       -4.86637441,                6,      -6.839849822,     0.01971557416,        1.95103467,               300,               300,               300,     0.07223624925,      0.3794854817,      -1.399280691,                 0,                 0,                 0,      -2.234469083,      0.3794854817,      -1.399280691,                 0,       -3.68731021,   2.746047775e-08,   2.696858996e-06,                 0
          0,           0,          67,      -7.136247657,      -5.521369071,      -6.091608854,      -4.276651237,      -7.080394569,      -4.330309355,      -5.938899553,      -0.414883458,         100,       -3.58018303,             100,      -5.034354039,                6,      -6.836921296,     0.01963527869,       1.956139267,               300,               300,               300,     0.07223624925,      0.3774299102,      -1.388572674,                 0,                 0,                 0,      -2.217182733,      0.3774299102,      -1.388572674,                 0,      -3.679021288,   2.842770519e-08,   2.225154707e-06,                 0
          0,           0,          68,      -7.155610337,      -5.530708766,      -6.104497144,      -4.296014049,      -7.156394035,      -4.378379593,      -5.969970346,     -0.4188233507,         100,      -3.542281212,             100,      -5.170867861,                6,      -6.826551778,     0.01901264857,       1.960612286,               300,               300,               300,     0.07223624925,      0.3756972959,      -1.379615002,                 0,                 0,                 0,      -2.202723518,      0.3756972959,      -1.379615002,                 0,      -3.672145147,   3.466604321e-08,   1.637863821e-06,                 0
          0,           0,          69,      -7.173700386,      -5.539654718,      -6.116285003,      -4.314104028,      -7.226795345,       -4.42631626,      -6.000330697,     -0.4241647354,         100,      -3.511186574,             100,      -5.358451761,                6,      -6.810594978,     0.01858914485,       1.964420632,               300,               300,               300,     0.07223624925,      0.3742444371,      -1.372218133,                 0,                 0,                 0,       -2.19077314,      0.3742444371,      -1.372218133,                 0,       -3.66663602,    3.25199179e-08,   1.457183065e-06,                 0
          0,           0,          70,      -7.189315574,      -5.548208781,      -6.126704737,       -4.32971915,      -7.291975326,      -4.469350775,      -6.027769741,     -0.4309076715,         100,      -3.464499467,             100,      -4.980803189,                6,      -6.786903507,     0.01746485238,       1.967584791,               300,               300,               300,     0.07223624925,      0.3730186387,      -1.366139953,                 0,                 0,                 0,       -2.18093004,      0.3730186387,      -1.366139953,                 0,      -3.662390592,    1.82619074e-08,   1.161145083e-06,                 0
          0,           0,          71,      -7.202175495,      -5.556425999,      -6.135804293,      -4.342579134,      -7.349533552,       -4.50714168,      -6.051569671,     -0.4391595679,         100,      -3.446216984,             100,      -4.943500012,                6,       -6.75825302,     0.01639330989,       1.970179076,               300,               300,               300,     0.07223624925,       0.371970689,      -1.361094906,                 0,                 0,                 0,      -2.172739665,       0.371970689,      -1.361094906,                 0,       -3.65914559,   1.383708554e-08,   1.330432241e-06,                 0
          0,           0,          72,      -7.212491497,      -5.564378526,      -6.143695073,      -4.352895183,      -7.399036647,      -4.538266937,      -6.068875566,     -0.4489913078,         100,      -3.408053523,             100,      -4.838956544,                6,      -6.726472052,     0.01557242237,        1.97230022,               300,               300,               300,     0.07223624925,      0.3710592284,      -1.356846079,                 0,                 0,                 0,      -2.165819267,      0.3710592284,      -1.356846079,                 0,      -3.656683287,   1.427525708e-08,   1.411394243e-06,                 0
          0,           0,          73,      -7.220776035,      -5.572151635,      -6.150612541,      -4.361179594,      -7.442010122,      -4.564631073,      -6.089415847,      -0.460666844,         100,      -3.407981338,             100,       -4.76502098,                6,      -6.692140047,     0.01495149826,       1.974054836,               300,               300,               300,     0.07223624925,      0.3702538081,      -1.353179209,                 0,                 0,                 0,      -2.159835458,      0.3702538081,      -1.353179209,                 0,      -3.654734076,   1.212331451e-08,   1.088003481e-06,                 0
          0,           0,          74,      -7.227471089,       -5.57981873,      -6.156751376,      -4.367874774,      -7.479963852,      -4.585256641,      -6.099083104,     -0.4741352989,         100,      -3.322916725,             100,      -4.845008465,                6,      -6.660135622,     0.01449250441,       1.975534909,               300,               300,               300,     0.07223624925,      0.3695300149,      -1.349947945,                 0,                 0,                 0,      -2.154552532,      0.3695300149,      -1.349947945,                 0,      -3.653148299,   9.527707766e-09,   1.124626676e-06,                 0
          0,           0,          75,       -7.23303005,      -5.587473948,      -6.162324734,      -4.373433699,      -7.514428385,      -4.603409488,       -6.10512514,     -0.4894494646,         100,      -3.330026377,             100,       -4.89374123,                6,      -6.628378873,     0.01416636673,        1.97681837,               300,               300,               300,     0.07223624925,      0.3688743923,      -1.347040113,                 0,                 0,                 0,      -2.149799288,      0.3688743923,      -1.347040113,                 0,      -3.651758271,   5.739350716e-09,   1.009722092e-06,                 0
          0,           0,          76,      -7.237696667,       -5.59514209,      -6.167448181,      -4.378100397,      -7.546298056,      -4.620133763,      -6.109546538,     -0.5067479283,         100,      -3.334268775,             100,       -5.03162444,                6,      -6.595231626,     0.01395047358,       1.977960016,               300,               300,               300,     0.07223624925,      0.3682752746,      -1.344394539,                 0,                 0,                 0,      -2.145474566,      0.3682752746,      -1.344394539,                 0,      -3.650515339,   1.516088072e-08,    8.82315684e-07,                 0
          0,           0,          77,      -7.241730221,       -5.60289502,      -6.172273368,      -4.382133885,      -7.576335589,      -4.636049826,       -6.11280341,     -0.5262799926,         100,      -3.361912701,             100,      -4.902524143,                6,      -6.558832575,     0.01382684211,       1.978998727,               300,               300,               300,     0.07223624925,      0.3677297795,      -1.341972692,                 0,                 0,                 0,      -2.141520631,      0.3677297795,      -1.341972692,                 0,      -3.649344618,   1.612532148e-08,   7.066164044e-07,                 0
          0,           0,          78,       -7.24527254,       -5.61077847,      -6.176893905,      -4.385676125,       -7.60482952,      -4.652362404,      -6.115431841,     -0.5485674975,         100,      -3.348150047,             100,      -4.867568765,                6,      -6.517981962,     0.01345635987,       1.979953915,               300,               300,               300,     0.07223624925,      0.3672322683,      -1.339758601,                 0,                 0,                 0,      -2.137908917,      0.3672322683,      -1.339758601,                 0,      -3.648259471,   1.256940263e-08,    6.71182879e-07,                 0
          0,           0,          79,      -7.248349138,      -5.618836281,      -6.181413355,      -4.388752858,       -7.63207037,      -4.668541082,       -6.11773628,     -0.5736581286,         100,      -3.397782558,             100,        -4.8196839,                6,      -6.473704699,     0.01293586427,       1.980837502,               300,               300,               300,     0.07223624925,      0.3667843293,      -1.337747136,                 0,                 0,                 0,      -2.134632461,      0.3667843293,      -1.337747136,                 0,      -3.647230891,   1.531744078e-08,   6.447062378e-07,                 0
          0,           0,          80,      -7.250883641,      -5.627114493,      -6.185928544,      -4.391287317,      -7.658055316,      -4.685679819,      -6.119838367,     -0.6016734059,         100,      -3.384019037,             100,      -4.912604168,                6,       -6.42221244,     0.01253497131,       1.981651003,               300,               300,               300,     0.07223624925,      0.3663812713,      -1.335933649,                 0,                 0,                 0,      -2.131681623,      0.3663812713,      -1.335933649,                 0,      -3.646293502,   1.469440733e-08,   6.531011193e-07,                 0
          0,           0,          81,      -7.252804272,      -5.635678409,      -6.190543871,      -4.393208091,      -7.683019473,      -4.703065872,      -6.121817336,     -0.6309774039,         100,      -3.405392153,             100,      -5.139196962,                6,      -6.370033582,     0.01223348175,       1.982395211,               300,               300,               300,     0.07223624925,      0.3660250252,      -1.334320508,                 0,                 0,                 0,      -2.129057115,      0.3660250252,      -1.334320508,                 0,      -3.645435191,    1.00829218e-08,   5.611863838e-07,                 0
          0,           0,          82,      -7.254045707,       -5.64459859,      -6.195366263,      -4.394449408,      -7.707077006,      -4.720254896,      -6.123860484,     -0.6603892507,         100,      -3.487237576,             100,      -5.038118002,                6,      -6.319121826,     0.01201543876,       1.983068959,               300,               300,               300,     0.07223624925,      0.3657086727,      -1.332891111,                 0,                 0,                 0,      -2.126735781,      0.3657086727,      -1.332891111,                 0,      -3.644680069,   7.300719441e-09,   4.627600357e-07,                 0
          0,           0,          83,      -7.254598058,      -5.653930319,      -6.200481065,      -4.395001778,      -7.730372628,      -4.736941533,      -6.126015299,     -0.6894955577,         100,      -3.463167173,             100,      -5.023498647,                6,      -6.270316072,     0.01186789231,       1.983672778,               300,               300,               300,     0.07223624925,      0.3654335691,      -1.331644795,                 0,                 0,                 0,       -2.12471005,      0.3654335691,      -1.331644795,                 0,      -3.644013324,   5.223967138e-09,   3.840064455e-07,                 0
          0,           0,          84,      -7.254623396,      -5.663805642,      -6.206033763,      -4.395027066,      -7.752979556,      -4.753692464,      -6.128363469,     -0.7181739105,         100,      -3.524498561,             100,      -5.177914567,                6,      -6.224908842,      0.0117800823,       1.984207824,               300,               300,               300,     0.07223624925,      0.3651910575,      -1.330555998,                 0,                 0,                 0,      -2.122943183,      0.3651910575,      -1.330555998,                 0,      -3.643451752,    5.30128117e-09,    4.16824564e-07,                 0
          0,           0,          85,      -7.254231434,      -5.674247727,      -6.212101134,      -4.394635225,      -7.775140999,      -4.768747153,      -6.130907298,     -0.7463703766,         100,      -3.541381574,             100,      -4.990554509,                6,      -6.183676727,     0.01153459697,       1.984677264,               300,               300,               300,     0.07223624925,      0.3649819477,      -1.329619612,                 0,                 0,                 0,      -2.121420745,      0.3649819477,      -1.329619612,                 0,      -3.642973632,   4.638492601e-09,   3.750146739e-07,                 0
          0,           0,          86,      -7.253710963,      -5.685395424,      -6.218835629,      -4.394114638,      -7.796885191,       -4.78291621,      -6.133697657,     -0.7739759901,         100,      -3.513068259,             100,      -5.171250647,                6,      -6.146719204,     0.01116572886,       1.985085701,               300,               300,               300,     0.07223624925,      0.3647973805,      -1.328805834,                 0,                 0,                 0,      -2.120100108,      0.3647973805,      -1.328805834,                 0,      -3.642586007,   5.392101689e-09,   3.293177542e-07,                 0
          0,           0,          87,      -7.253329768,      -5.697316626,      -6.226349527,      -4.393733454,      -7.818358298,      -4.795851509,      -6.136743516,      -0.800962371,         100,      -3.673586402,             100,      -4.703911601,                6,      -6.115913074,     0.01087391603,       1.985439389,               300,               300,               300,     0.07223624925,      0.3646386678,      -1.328109687,                 0,                 0,                 0,       -2.11896713,      0.3646386678,      -1.328109687,                 0,      -3.642262339,   4.407844175e-09,   3.113627495e-07,                 0
          0,           0,          88,      -7.253327232,      -5.710047945,      -6.234740105,      -4.393730919,      -7.839731126,      -4.807609863,      -6.140109819,     -0.8273132438,         100,      -3.648842086,             100,      -4.567704127,                6,      -6.089447036,     0.01064747097,       1.985745279,               300,               300,               300,     0.07223624925,       0.364497497,       -1.32750196,                 0,                 0,                 0,      -2.117980397,       0.364497497,       -1.32750196,                 0,      -3.642005695,   4.354476256e-09,   2.908761988e-07,                 0
          0,           0,          89,      -7.254079317,      -5.723723579,      -6.244168726,      -4.394482992,      -7.861143181,      -4.819691528,      -6.143690271,     -0.8529521901,         100,      -3.650249777,             100,      -4.626556233,                6,      -6.067281924,     0.01047678737,       1.986010659,               300,               300,               300,     0.07223624925,      0.3643760137,      -1.326979968,                 0,                 0,                 0,       -2.11713018,      0.3643760137,      -1.326979968,                 0,      -3.641787379,   2.316468164e-09,   2.494349534e-07,                 0
          0,           0,          90,      -7.255838547,      -5.738345675,      -6.254734329,      -4.396242297,      -7.882570027,      -4.830123026,      -6.147466683,     -0.8780367265,         100,      -3.654193288,             100,      -4.598908178,                6,      -6.048758127,     0.01035379938,       1.986242199,               300,               300,               300,     0.07223624925,       0.364266719,       -1.32651812,                 0,                 0,                 0,      -2.116380846,       0.364266719,       -1.32651812,                 0,      -3.641612177,   1.221569013e-09,   2.246630114e-07,                 0
          0,           0,          91,      -7.258875243,      -5.753959621,      -6.266566083,      -4.399278985,      -7.904105704,      -4.839939188,      -6.151435932,     -0.9026255698,         100,      -3.689039483,             100,      -4.477789895,                6,      -6.034595682,     0.01027162295,       1.986445633,               300,               300,               300,     0.07223624925,      0.3641723768,      -1.326118364,                 0,                 0,                 0,      -2.115729415,      0.3641723768,      -1.326118364,                 0,       -3.64145786,   4.778771473e-10,   2.164737575e-07,                 0
          0,           0,          92,      -7.263439567,      -5.770586433,      -6.279793892,      -4.403843361,       -7.92604969,      -4.849508668,      -6.155611303,     -0.9266964044,         100,      -3.750407612,             100,      -4.461046323,                6,      -6.023955159,     0.01022427296,       1.986625801,               300,               300,               300,     0.07223624925,      0.3640861993,       -1.32575874,                 0,                 0,                 0,      -2.115146472,      0.3640861993,       -1.32575874,                 0,      -3.641332033,   5.788685626e-10,   1.991699838e-07,                 0
          0,           0,          93,       -7.26976983,      -5.788237076,      -6.294548378,      -4.410173621,      -7.948484411,      -4.859326236,      -6.159918526,     -0.9502741529,         100,      -3.830669172,             100,      -4.529296742,                6,      -6.016955746,     0.01020645543,       1.986786654,               300,               300,               300,     0.07223624925,      0.3640116599,      -1.325444241,                 0,                 0,                 0,      -2.114634768,      0.3640116599,      -1.325444241,                 0,      -3.641213694,   9.674321588e-10,   1.634426225e-07,                 0
          0,           0,          94,      -7.278080711,      -5.806897939,      -6.310957396,      -4.418484285,      -7.971237551,      -4.870822671,      -6.164372869,      -0.973721451,         100,      -3.891878664,             100,      -4.421208185,                6,      -6.013220744,     0.01021341395,        1.98693129,               300,               300,               300,     0.07223624925,      0.3639429321,      -1.325157854,                 0,                 0,                 0,      -2.114172198,      0.3639429321,      -1.325157854,                 0,       -3.64111441,   1.232975265e-09,   1.466670225e-07,                 0
          0,           0,          95,      -7.288542524,      -5.826516323,      -6.329120789,      -4.428946091,      -7.994239654,      -4.882731076,      -6.168946037,      -0.997006196,         100,      -3.862938127,             100,      -4.586273997,                6,      -6.012283878,     0.01024081922,       1.987061629,               300,               300,               300,     0.07223624925,      0.3638836412,       -1.32490799,                 0,                 0,                 0,      -2.113765784,      0.3638836412,       -1.32490799,                 0,       -3.64102103,   1.281530498e-09,   1.224504158e-07,                 0
          0,           0,          96,       -7.30132675,      -5.847046413,      -6.349159793,      -4.441730363,      -8.018058464,      -4.895788272,      -6.173602857,      -1.020451704,         100,      -3.876378233,             100,      -4.570978649,                6,      -6.013507353,      0.0102847023,       1.987179586,               300,               300,               300,     0.07223624925,      0.3638283078,       -1.32467853,                 0,                 0,                 0,      -2.113395786,      0.3638283078,       -1.32467853,                 0,      -3.640944099,   1.319291791e-09,   1.010468259e-07,                 0
          0,           0,          97,      -7.316521404,      -5.868360053,      -6.371135341,      -4.456924968,      -8.042583335,       -4.91033735,      -6.178324541,      -1.044223127,         100,      -3.899905712,             100,      -4.863746731,                6,      -6.017638068,     0.01034139361,       1.987286673,               300,               300,               300,     0.07223624925,      0.3637808271,      -1.324477643,                 0,                 0,                 0,      -2.113070198,      0.3637808271,      -1.324477643,                 0,      -3.640867096,   1.408049925e-09,   8.817995636e-08,                 0
          0,           0,          98,      -7.334221642,      -5.890339462,      -6.395122612,      -4.474625332,      -8.067448098,       -4.92665044,      -6.183095321,      -1.068467634,         100,      -3.897469399,             100,      -4.845235533,                6,      -6.023235215,     0.01040752806,       1.987384376,               300,               300,               300,     0.07223624925,      0.3637363979,      -1.324292464,                 0,                 0,                 0,      -2.112773435,      0.3637363979,      -1.324292464,                 0,      -3.640802711,   1.361447506e-09,   7.705483732e-08,                 0
          0,           0,          99,      -7.354504926,      -5.912839557,      -6.421167112,       -4.49490847,      -8.092166794,      -4.944915459,      -6.187907474,      -1.093509061,         100,      -3.947003519,             100,      -4.688333707,                6,      -6.032769041,     0.01048005707,       1.987472975,               300,               300,               300,     0.07223624925,      0.3636984216,      -1.324132432,                 0,                 0,                 0,      -2.112513718,      0.3636984216,      -1.324132432,                 0,      -3.640742861,   1.129125724e-09,   6.785655807e-08,                 0
          0,           0,         100,      -7.377387834,       -5.93567381,       -6.44928006,      -4.517791496,      -8.117775728,      -4.965258946,       -6.19272968,      -1.119471698,         100,      -3.875650634,             100,      -4.915266837,                6,      -6.044599318,     0.01055624734,       1.987553555,               300,               300,               300,     0.07223624925,      0.3636622183,       -1.32398339,                 0,                 0,                 0,      -2.112275025,      0.3636622183,       -1.32398339,                 0,      -3.640695467,   1.148020654e-09,   5.865735798e-08,                 0
          0,           0,         101,      -7.402885074,      -5.958657546,      -6.479455465,      -4.543288584,      -8.143868241,      -4.988760469,      -6.197574481,      -1.146514329,         100,      -3.922777844,             100,       -4.90926239,                6,      -6.060440055,     0.01063371153,       1.987626917,               300,               300,               300,     0.07223624925,      0.3636312981,      -1.323852981,                 0,                 0,                 0,      -2.112064444,      0.3636312981,      -1.323852981,                 0,      -3.640646413,   1.262368042e-09,   5.289162861e-08,                 0
          0,           0,         102,      -7.430945718,       -5.98157419,      -6.511639717,      -4.571349163,      -8.169903913,      -5.013732503,      -6.202428864,      -1.175002939,         100,      -4.031649505,             100,      -4.911818399,                6,      -6.079424114,     0.01071041529,         1.9876943,               300,               300,               300,     0.07223624925,      0.3636017646,      -1.323730716,                 0,                 0,                 0,      -2.111870338,      0.3636017646,      -1.323730716,                 0,      -3.640605862,   1.011035492e-09,   4.776036505e-08,                 0
          0,           0,         103,      -7.461495737,      -6.004236746,      -6.545759847,      -4.601899465,      -8.195126882,       -5.04062108,      -6.207311837,      -1.204769947,         100,      -3.980967981,             100,      -4.849002155,                6,      -6.101895778,     0.01078469163,        1.98775547,               300,               300,               300,     0.07223624925,      0.3635764944,      -1.323625629,                 0,                 0,                 0,      -2.111699765,      0.3635764944,      -1.323625629,                 0,      -3.640569865,   8.701009943e-10,   4.331169348e-08,                 0
          0,           0,         104,      -7.494448649,      -6.026506051,      -6.581707932,      -4.634852154,      -8.220792798,      -5.069316069,      -6.212226792,      -1.235764595,         100,      -3.887805258,             100,      -4.711354783,                6,      -6.127514196,     0.01085525298,       1.987811478,               300,               300,               300,     0.07223624925,      0.3635518057,      -1.323525229,                 0,                 0,                 0,      -2.111540241,      0.3635518057,      -1.323525229,                 0,      -3.640540931,   7.434880505e-10,   3.802930823e-08,                 0
          0,           0,         105,      -7.529630792,      -6.048219482,      -6.619313247,      -4.670034492,      -8.246690045,      -5.099709467,       -6.21716349,      -1.268238262,         100,      -3.798266974,             100,      -4.702089953,                6,      -6.154436308,     0.01092117526,       1.987862642,               300,               300,               300,     0.07223624925,      0.3635307499,      -1.323437189,                 0,                 0,                 0,      -2.111398243,      0.3635307499,      -1.323437189,                 0,      -3.640509612,   3.706428935e-10,   3.368235926e-08,                 0
          0,           0,         106,      -7.566750626,      -6.069262155,      -6.658353596,      -4.707154027,      -8.272118571,      -5.131541526,      -6.222128514,      -1.302282409,         100,      -3.866265167,             100,       -4.73226756,                6,      -6.182364943,     0.01098187302,       1.987910129,               300,               300,               300,     0.07223624925,      0.3635100639,      -1.323351987,                 0,                 0,                 0,      -2.111264304,      0.3635100639,      -1.323351987,                 0,      -3.640482393,   3.927487914e-10,   3.000093986e-08,                 0
          0,           0,         107,       -7.60549185,      -6.089589307,       -6.69856095,      -4.745895414,      -8.295627785,      -5.164445558,      -6.227127587,      -1.338109908,         100,      -3.871765138,             100,      -4.716380413,                6,      -6.208462929,     0.01103706925,       1.987953861,               300,               300,               300,     0.07223624925,      0.3634925265,      -1.323278661,                 0,                 0,                 0,      -2.111145296,      0.3634925265,      -1.323278661,                 0,      -3.640456307,   2.892196918e-10,    2.59557516e-08,                 0
          0,           0,         108,      -7.645434748,      -6.109198571,      -6.739591743,      -4.785838161,      -8.321186708,      -5.198020074,      -6.232164897,      -1.375706114,         100,      -3.955758938,             100,      -4.645491597,                6,      -6.231513335,     0.01108675358,       1.987994875,               300,               300,               300,     0.07223624925,      0.3634746822,      -1.323206341,                 0,                 0,                 0,      -2.111031048,      0.3634746822,      -1.323206341,                 0,      -3.640436062,   3.023849754e-10,   2.348038175e-08,                 0
          0,           0,         109,      -7.686094001,      -6.128148844,       -6.78108995,      -4.826497467,      -8.346949502,      -5.231915959,      -6.237241577,      -1.414680112,         100,      -3.747147016,             100,      -4.325403557,                6,      -6.250524184,     0.01103334664,       1.988033365,               300,               300,               300,     0.07223624925,      0.3634594955,      -1.323141881,                 0,                 0,                 0,      -2.110927508,      0.3634594955,      -1.323141881,                 0,      -3.640410823,    3.02667574e-10,   2.101520872e-08,                 0
          0,           0,         110,      -7.726818783,      -6.146510632,      -6.822600683,      -4.867222281,       -8.37256221,      -5.265440328,      -6.242366861,      -1.454896148,         100,      -3.786167891,             100,      -4.634552908,                6,      -6.263626029,     0.01082761115,       1.988069907,               300,               300,               300,     0.07223624925,      0.3634443132,      -1.323078644,                 0,                 0,                 0,       -2.11082932,      0.3634443132,      -1.323078644,                 0,      -3.640388902,   3.797032681e-10,   1.832369234e-08,                 0
          0,           0,         111,      -7.766790871,      -6.164329312,      -6.863592125,      -4.907194384,       -8.39578352,      -5.297936528,      -6.247535701,      -1.496360231,         100,      -3.850594077,             100,      -4.496843804,                6,      -6.272071433,     0.01065331315,       1.988103077,               300,               300,               300,     0.07223624925,      0.3634315134,      -1.323025998,                 0,                 0,                 0,      -2.110743334,      0.3634315134,      -1.323025998,                 0,      -3.640372254,   2.279529641e-10,   1.591345136e-08,                 0
          0,           0,         112,      -7.805213107,       -6.18178699,       -6.90357189,      -4.945616438,       -8.42223672,       -5.32884826,       -6.25275722,      -1.538929795,         100,      -3.736975299,             100,      -4.559489451,                6,      -6.273181518,      0.0105069809,       1.988133136,               300,               300,               300,     0.07223624925,      0.3634184067,      -1.322973822,                 0,                 0,                 0,      -2.110661587,      0.3634184067,      -1.322973822,                 0,      -3.640359976,   1.538140664e-10,   1.410748832e-08,                 0
          0,           0,         113,      -7.841305546,      -6.198997727,      -6.942073254,      -4.981709002,      -8.449982717,      -5.357886612,       -6.25798841,      -1.582540865,         100,      -3.773060264,             100,      -4.443787331,                6,      -6.267327299,     0.01038549815,       1.988159886,               300,               300,               300,     0.07223624925,      0.3634076194,      -1.322928938,                 0,                 0,                 0,      -2.110589251,      0.3634076194,      -1.322928938,                 0,      -3.640344527,   1.584951249e-10,   1.222674548e-08,                 0
          0,           0,         114,      -7.874348366,      -6.216063808,      -6.978627101,      -5.014751783,      -8.478829753,      -5.384526637,      -6.263303805,      -1.627117581,         100,      -3.786569973,             100,      -4.469666564,                6,      -6.253582055,     0.01028611589,       1.988184517,               300,               300,               300,     0.07223624925,      0.3633967758,      -1.322884122,                 0,                 0,                 0,      -2.110520616,      0.3633967758,      -1.322884122,                 0,      -3.640329827,  -3.789711633e-11,   1.071385464e-08,                 0
          0,           0,         115,      -7.903859391,      -6.233141016,      -7.012883677,      -5.044262968,      -8.501654565,      -5.408633374,        -6.2686793,        -1.6726773,         100,      -3.731705044,             100,      -4.490151273,                6,      -6.236309848,      0.0102063345,       1.988206825,               300,               300,               300,     0.07223624925,      0.3633880623,      -1.322847811,                 0,                 0,                 0,      -2.110460885,      0.3633880623,      -1.322847811,                 0,      -3.640317193,  -7.986337975e-11,   9.351401247e-09,                 0
          0,           0,         116,      -7.929683612,      -6.250365852,      -7.044582978,      -5.070087199,      -8.533418669,       -5.42967938,      -6.274091174,      -1.719119637,         100,      -3.676331468,             100,      -4.933886656,                6,      -6.211360714,     0.01014390341,       1.988228028,               300,               300,               300,     0.07223624925,      0.3633785269,      -1.322809746,                 0,                 0,                 0,      -2.110401554,      0.3633785269,      -1.322809746,                 0,      -3.640307966,  -1.878320896e-11,   7.675808726e-09,                 0
          0,           0,         117,      -7.951928475,      -6.267826613,      -7.073802107,      -5.092332107,      -8.566816648,      -5.448518006,        -6.2795591,      -1.766351708,         100,      -3.764234368,             100,      -4.364915213,                6,      -6.181422946,     0.01009676888,       1.988248396,               300,               300,               300,     0.07223624925,      0.3633707496,      -1.322775665,                 0,                 0,                 0,      -2.110346963,      0.3633707496,      -1.322775665,                 0,      -3.640292088,   5.568849956e-11,   6.642807436e-09,                 0
          0,           0,         118,      -7.971011851,      -6.285629933,      -7.100602596,      -5.111415498,      -8.599814499,      -5.464982521,      -6.285094074,      -1.814210335,         100,      -3.681316768,             100,      -4.528517138,                6,      -6.146751875,     0.01006303875,       1.988268453,               300,               300,               300,     0.07223624925,      0.3633625519,      -1.322740535,                 0,                 0,                 0,      -2.110294071,      0.3633625519,      -1.322740535,                 0,      -3.640277535,   1.275896344e-10,   1.044708703e-08,                 0
          0,           0,         119,      -7.987567464,      -6.303903872,      -7.125134875,      -5.127971047,       -8.62495858,       -5.47933191,       -6.29068626,      -1.862685028,         100,      -3.754199442,             100,      -4.419390352,                6,       -6.10804025,      0.0100409728,       1.988286349,               300,               300,               300,     0.07223624925,      0.3633560376,      -1.322713631,                 0,                 0,                 0,      -2.110249178,      0.3633560376,      -1.322713631,                 0,      -3.640268755,   6.361680517e-11,   5.361668567e-09,                 0
          0,           0,         120,      -8.002186648,       -6.32266554,      -7.147636869,      -5.142590195,      -8.660583693,      -5.492051562,      -6.296339716,      -1.911690571,         100,       -3.81756182,             100,      -4.457642924,                6,       -6.06582113,     0.01002895909,       1.988302001,               300,               300,               300,     0.07223624925,      0.3633487757,      -1.322685302,                 0,                 0,                 0,      -2.110205388,      0.3633487757,      -1.322685302,                 0,      -3.640263543,   1.148069259e-10,   7.235784931e-09,                 0
          0,           0,         121,      -8.015510762,       -6.34202184,      -7.168645853,      -5.155914407,      -8.696486834,      -5.504174275,      -6.302052476,      -1.961143092,         100,      -3.879356218,             100,      -4.625538567,                6,      -6.019850333,     0.01002550175,       1.988315261,               300,               300,               300,     0.07223624925,      0.3633432516,      -1.322661595,                 0,                 0,                 0,       -2.11016694,      0.3633432516,      -1.322661595,                 0,      -3.640253643,   4.079325119e-11,   5.382796397e-09,                 0
          0,           0,         122,      -8.028128882,      -6.361983906,      -7.188396155,      -5.168532459,      -8.733117057,      -5.515666517,      -6.307828102,      -2.010948523,         100,       -3.77946185,             100,       -4.69287545,                7,      -6.590120654,     0.01002921425,       1.988327619,               300,               300,               300,     0.07223624925,      0.3633374012,      -1.322636279,                 0,                 0,                 0,      -2.110129543,      0.3633374012,      -1.322636279,                 0,       -3.64024258,  -3.799274898e-11,   4.273189179e-09,                 0
          0,           0,         123,       -8.04041427,      -6.382561211,      -7.207066067,      -5.180817749,      -8.750092649,      -5.526695926,      -6.313661117,       -2.06091862,         100,      -3.865040892,             100,      -5.138344612,                7,      -6.528832664,     0.01003881671,       1.988338927,               300,               300,               300,     0.07223624925,      0.3633331024,      -1.322617542,                 0,                 0,                 0,      -2.110097709,      0.3633331024,      -1.322617542,                 0,      -3.640234081,   4.226793694e-11,   3.878631594e-09,                 0
          0,           0,         124,      -8.052638279,      -6.403791532,       -7.22481586,      -5.193041758,      -8.780808189,      -5.537550015,      -6.319565693,      -2.110890452,         100,      -3.862298539,             100,      -4.668141807,                7,      -6.468672044,     0.01005313224,       1.988350435,               300,               300,               300,     0.07223624925,      0.3633278229,      -1.322595571,                 0,                 0,                 0,      -2.110064171,      0.3633278229,      -1.322595571,                 0,      -3.640226505,   1.261892768e-10,   9.598533039e-09,                 0
          0,           0,         125,      -8.065003084,       -6.42566513,      -7.242082654,      -5.205406668,      -8.812966688,      -5.549220285,      -6.325534746,      -2.160585459,         100,      -3.865373533,             100,       -5.36063766,                7,      -6.412673988,     0.01007108987,       1.988361953,               300,               300,               300,     0.07223624925,       0.363323849,      -1.322576443,                 0,                 0,                 0,       -2.11003313,       0.363323849,      -1.322576443,                 0,      -3.640213673,    1.58825979e-10,   1.096766825e-08,                 0
          0,           0,         126,      -8.077583237,      -6.448162998,      -7.258872883,      -5.217986695,      -8.842536707,      -5.561289426,      -6.331571496,      -2.209589967,         100,      -3.940887963,             100,      -4.915719277,                7,      -6.358413629,     0.01009172741,       1.988373796,               300,               300,               300,     0.07223624925,      0.3633191957,      -1.322554849,                 0,                 0,                 0,      -2.110001671,      0.3633191957,      -1.322554849,                 0,      -3.640200861,   1.056858364e-10,   1.184367393e-08,                 0
          0,           0,         127,      -8.090389225,      -6.471246775,      -7.275126079,      -5.230792857,      -8.840396186,      -5.573624012,      -6.337672852,      -2.257536584,         100,      -3.952624631,             100,      -5.057681924,                7,      -6.310101329,     0.01004191039,        1.98838434,               300,               300,               300,     0.07223624925,      0.3633157884,      -1.322539726,                 0,                 0,                 0,       -2.10997542,      0.3633157884,      -1.322539726,                 0,      -3.640193376,   -4.65870538e-11,   6.216221201e-09,                 0
          0,           0,         128,      -8.103352357,      -6.494885586,      -7.290758474,      -5.243756037,       -8.86288406,      -5.586309136,      -6.343840867,      -2.303860622,         100,      -4.080730914,             100,      -4.642667254,                7,      -6.266193643,    0.009826511469,       1.988393982,               300,               300,               300,     0.07223624925,      0.3633114316,      -1.322522072,                 0,                 0,                 0,      -2.109948606,      0.3633114316,      -1.322522072,                 0,      -3.640188437,  -1.430748918e-10,   9.257913142e-09,                 0
          0,           0,         129,      -8.116448864,      -6.519072197,      -7.306206946,      -5.256852494,      -8.887587862,       -5.60031944,       -6.35007151,      -2.348043532,         100,      -4.025829574,             100,      -5.277370783,                7,      -6.228156535,    0.009630431835,       1.988402352,               300,               300,               300,     0.07223624925,      0.3633084817,      -1.322508344,                 0,                 0,                 0,      -2.109925881,      0.3633084817,      -1.322508344,                 0,      -3.640180207,   -1.35592029e-10,   8.828358404e-09,                 0
          0,           0,         130,      -8.129704557,       -6.54374208,      -7.321324576,      -5.270108187,      -8.910664007,       -5.61503175,      -6.356365745,      -2.389407521,         100,      -4.128614667,             100,      -4.983595563,                7,       -6.19368755,    0.009452810528,       1.988410206,               300,               300,               300,     0.07223624925,      0.3633050173,      -1.322492847,                 0,                 0,                 0,      -2.109903932,      0.3633050173,      -1.322492847,                 0,      -3.640172262,  -2.852226296e-10,   3.797079627e-09,                 0
          0,           0,         131,      -8.143012678,      -6.568866819,      -7.335990856,      -5.283416333,      -8.892415786,      -5.630092974,      -6.362718065,      -2.427447399,         100,      -4.101046787,             100,      -4.923052869,                7,      -6.169023698,    0.009292691173,       1.988416655,               300,               300,               300,     0.07223624925,      0.3633029383,      -1.322483902,                 0,                 0,                 0,      -2.109887481,      0.3633029383,      -1.322483902,                 0,      -3.640168472,  -2.623463607e-10,   3.217382226e-09,                 0
          0,           0,         132,      -8.156322115,      -6.594411536,      -7.350091581,      -5.296725765,      -8.908771528,      -5.645493443,      -6.369126675,      -2.461703689,         100,      -4.077134555,             100,      -4.916316868,                7,      -6.146407838,     0.00914906273,       1.988422639,               300,               300,               300,     0.07223624925,       0.363299784,      -1.322471956,                 0,                 0,                 0,      -2.109869585,       0.363299784,      -1.322471956,                 0,      -3.640167197,  -1.842572625e-10,   2.699021427e-09,                 0
          0,           0,         133,      -8.169605576,       -6.62039925,       -7.36423975,      -5.310009205,      -8.930288283,      -5.662620785,      -6.375584196,      -2.492043069,         100,      -4.017709431,             100,      -4.908575528,                7,      -6.133952869,    0.009020903392,       1.988428239,               300,               300,               300,     0.07223624925,      0.3632978552,      -1.322462567,                 0,                 0,                 0,      -2.109853859,      0.3632978552,      -1.322462567,                 0,      -3.640160679,  -4.489414607e-11,   5.361704126e-09,                 0
          0,           0,         134,      -8.182943785,      -6.646779389,      -7.378323355,      -5.323347416,      -8.947884148,       -5.68042131,      -6.382086753,      -2.518537694,         100,      -4.149963525,             100,      -5.046416465,                7,       -6.12659216,    0.008907193187,       1.988434237,               300,               300,               300,     0.07223624925,      0.3632951971,      -1.322450482,                 0,                 0,                 0,      -2.109837353,      0.3632951971,      -1.322450482,                 0,      -3.640154048,  -4.547179497e-11,   7.765987713e-09,                 0
          0,           0,         135,      -8.196358438,      -6.673548128,      -7.392233328,      -5.336762065,      -8.922098665,      -5.698410692,       -6.38862468,      -2.541452306,         100,      -4.129587635,             100,      -5.284119801,                7,       -6.12302511,    0.008806870667,       1.988439299,               300,               300,               300,     0.07223624925,       0.363293651,      -1.322444222,                 0,                 0,                 0,      -2.109825042,       0.363293651,      -1.322444222,                 0,      -3.640152307,  -2.316163482e-11,   3.768258418e-09,                 0
          0,           0,         136,      -8.209821204,      -6.700660689,      -7.405876754,       -5.35022484,      -8.940642309,       -5.71661271,      -6.395192571,      -2.561184427,         100,      -4.225938152,             100,      -5.054391291,                7,      -6.126967605,     0.00871892049,       1.988443896,               300,               300,               300,     0.07223624925,      0.3632909779,      -1.322434508,                 0,                 0,                 0,      -2.109810684,      0.3632909779,      -1.322434508,                 0,      -3.640152352,  -6.627949648e-11,   5.664863713e-09,                 0
          0,           0,         137,      -8.223438223,      -6.728232689,      -7.420120004,       -5.36384189,      -8.962901269,      -5.736723807,      -6.401781593,      -2.578435251,         100,      -4.206327691,             100,      -5.081288474,                7,      -6.133921617,    0.008642357929,       1.988447797,               300,               300,               300,     0.07223624925,      0.3632894661,      -1.322427357,                 0,                 0,                 0,      -2.109798277,      0.3632894661,      -1.322427357,                 0,      -3.640147815,  -1.026764854e-10,   8.168364027e-09,                 0
          0,           0,         138,      -8.237384203,       -6.75621192,      -7.434779284,      -5.377787895,      -8.985385596,      -5.757557021,      -6.408387134,      -2.593674251,         100,      -4.215441487,             100,      -5.024266136,                7,      -6.143365224,    0.008576236361,       1.988451995,               300,               300,               300,     0.07223624925,       0.363287212,      -1.322417058,                 0,                 0,                 0,      -2.109784487,       0.363287212,      -1.322417058,                 0,      -3.640142055,  -1.807002574e-10,   8.769358235e-09,                 0
          0,           0,         139,      -8.251708274,      -6.784620099,      -7.449748864,      -5.392111941,      -8.952458374,      -5.778337723,      -6.415000374,      -2.607690481,         100,      -4.193717688,             100,      -5.247686445,                7,      -6.158134358,     0.00851964999,       1.988455775,               300,               300,               300,     0.07223624925,      0.3632860952,      -1.322411991,                 0,                 0,                 0,      -2.109774112,      0.3632860952,      -1.322411991,                 0,      -3.640139297,  -2.110231177e-10,   5.573752818e-09,                 0
          0,           0,         140,      -8.266466428,      -6.813480944,      -7.464898854,      -5.406870223,      -8.968741048,      -5.799024706,      -6.421616731,      -2.620974077,         100,      -4.185929132,             100,      -5.273139158,                7,      -6.173184844,    0.008471737731,       1.988460034,               300,               300,               300,     0.07223624925,      0.3632837104,      -1.322402937,                 0,                 0,                 0,      -2.109760727,      0.3632837104,      -1.322402937,                 0,      -3.640138269,  -3.215014106e-10,   1.187071844e-08,                 0
          0,           0,         141,      -8.281828469,       -6.84300722,       -7.48131311,      -5.422232147,       -8.99294215,      -5.822516592,      -6.428228328,      -2.634077777,         100,      -4.212146691,             100,      -5.009920377,                7,      -6.189954935,    0.008431685645,       1.988464598,               300,               300,               300,     0.07223624925,      0.3632823884,      -1.322395774,                 0,                 0,                 0,      -2.109748457,      0.3632823884,      -1.322395774,                 0,      -3.640131798,  -2.000812382e-10,   7.855003496e-09,                 0
          0,           0,         142,      -8.297952524,      -6.873088556,      -7.498764772,      -5.438356261,      -9.011548082,      -5.846692018,      -6.434829675,      -2.647278083,         100,      -4.184319666,             100,      -5.661516755,                7,      -6.212268219,    0.008398717842,       1.988469909,               300,               300,               300,     0.07223624925,      0.3632802531,      -1.322385671,                 0,                 0,                 0,      -2.109735024,      0.3632802531,      -1.322385671,                 0,      -3.640125384,   -1.00277244e-10,   6.632116111e-09,                 0
          0,           0,         143,      -8.314908604,      -6.903816396,       -7.51697905,      -5.455312373,      -8.973029919,      -5.870463473,      -6.441411073,      -2.660980205,         100,      -4.279465225,             100,      -5.426215102,                7,      -6.229310356,    0.008372106851,       1.988474335,               300,               300,               300,     0.07223624925,      0.3632791904,       -1.32238143,                 0,                 0,                 0,      -2.109725844,      0.3632791904,       -1.32238143,                 0,      -3.640124358,  -8.736337458e-11,   5.359957198e-09,                 0
          0,           0,         144,      -8.332697389,      -6.935202324,       -7.53569027,       -5.47310109,      -8.993146839,      -5.893910662,      -6.447967166,      -2.675145482,         100,      -4.265600387,             100,      -5.244250296,                7,      -6.251923395,    0.008351164817,        1.98847816,               300,               300,               300,     0.07223624925,      0.3632770152,      -1.322373985,                 0,                 0,                 0,      -2.109715008,      0.3632770152,      -1.322373985,                 0,      -3.640125661,    4.68812522e-11,   6.385581064e-09,                 0
          0,           0,         145,      -8.351487928,      -6.967529963,      -7.556332673,      -5.491891835,      -9.018138494,      -5.921037959,      -6.454489594,      -2.690131341,         100,      -4.243909373,             100,      -5.137164298,                7,      -6.277058688,    0.008335245973,       1.988481093,               300,               300,               300,     0.07223624925,      0.3632760264,      -1.322369353,                 0,                 0,                 0,      -2.109706532,      0.3632760264,      -1.322369353,                 0,       -3.64012282,   1.398024913e-10,   1.193073548e-08,                 0
          0,           0,         146,      -8.371468358,      -7.000699649,      -7.578453932,      -5.511872081,      -9.042674888,      -5.949185624,      -6.460972725,      -2.705906941,         100,       -4.31545084,             100,       -5.22237063,                7,      -6.296481854,    0.008323745053,        1.98848416,               300,               300,               300,     0.07223624925,      0.3632743257,       -1.32236178,                 0,                 0,                 0,      -2.109697017,      0.3632743257,       -1.32236178,                 0,      -3.640119012,   9.562883883e-11,   1.032586782e-08,                 0
          0,           0,         147,      -8.392716343,      -7.034752456,      -7.601671532,      -5.533120167,      -8.996584845,      -5.976429599,      -6.467406969,      -2.722777943,         100,      -4.257172063,             100,      -5.361942774,                7,      -6.326661197,    0.008316096089,        1.98848671,               300,               300,               300,     0.07223624925,        0.36327376,      -1.322359495,                 0,                 0,                 0,      -2.109691015,        0.36327376,      -1.322359495,                 0,      -3.640118392,  -1.802327506e-12,   5.341915779e-09,                 0
          0,           0,         148,       -8.41519167,      -7.069671277,      -7.625462925,      -5.555595623,      -9.013037994,      -6.002531288,      -6.473785824,      -2.740673261,         100,      -4.319730881,             100,      -4.909574523,                7,      -6.353962797,    0.008311772529,       1.988489715,               300,               300,               300,     0.07223624925,      0.3632719153,      -1.322353156,                 0,                 0,                 0,      -2.109681905,      0.3632719153,      -1.322353156,                 0,      -3.640119427,  -1.513192643e-11,   5.031293961e-09,                 0
          0,           0,         149,      -8.438989714,      -7.105983458,      -7.651828495,      -5.579393603,      -9.039753351,      -6.035022153,      -6.480099605,      -2.759802099,         100,       -4.35554775,             100,      -5.097415795,                7,      -6.382170315,    0.008310285075,       1.988493049,               300,               300,               300,     0.07223624925,      0.3632710936,      -1.322348526,                 0,                 0,                 0,      -2.109673613,      0.3632710936,      -1.322348526,                 0,      -3.640114915,   3.101656566e-11,   1.177913042e-08,                 0
          0,           0,         150,      -8.464394127,        -7.1433578,      -7.680234545,      -5.604798061,      -9.059410684,      -6.068540721,      -6.486340678,       -2.78005462,         100,      -4.331112533,             100,      -5.079800139,                7,      -6.412007333,     0.00831118613,       1.988497195,               300,               300,               300,     0.07223624925,      0.3632694146,      -1.322340695,                 0,                 0,                 0,      -2.109663756,      0.3632694146,      -1.322340695,                 0,      -3.640110182,  -6.846592068e-11,   5.522859888e-09,                 0
          0,           0,         151,      -8.491397087,      -7.181814026,      -7.709802555,      -5.631800925,      -9.008802037,      -6.099843004,      -6.492497837,      -2.801597684,         100,      -4.395511874,             100,      -5.216748914,                7,      -6.440269825,      0.0083140642,       1.988500558,               300,               300,               300,     0.07223624925,      0.3632687583,      -1.322338447,                 0,                 0,                 0,      -2.109657718,      0.3632687583,      -1.322338447,                 0,      -3.640110569,  -4.310337598e-11,   5.667085657e-09,                 0
          0,           0,         152,      -8.519891515,      -7.221315414,      -7.739626852,        -5.6602954,      -9.030489751,      -6.128709525,      -6.498563093,      -2.824095355,         100,      -4.377656255,             100,      -5.137403085,                7,      -6.470840873,    0.008318547772,       1.988503445,               300,               300,               300,     0.07223624925,      0.3632669522,      -1.322332764,                 0,                 0,                 0,      -2.109649656,      0.3632669522,      -1.322332764,                 0,      -3.640113026,  -8.112389082e-11,   2.957410245e-09,                 0
          0,           0,         153,      -8.549994868,       -7.26260597,      -7.773066718,      -5.690398816,      -9.059054275,      -6.167227949,       -6.50452609,      -2.847635499,         100,      -4.380170599,             100,      -4.913012587,                7,      -6.484916364,    0.008324301389,       1.988505551,               300,               300,               300,     0.07223624925,      0.3632663061,      -1.322329717,                 0,                 0,                 0,      -2.109643685,      0.3632663061,      -1.322329717,                 0,      -3.640111112,   3.074367657e-11,   9.885860103e-09,                 0
          0,           0,         154,      -8.582083526,       -7.30519863,      -7.809004959,      -5.722487423,      -9.086804167,       -6.20750042,      -6.510378945,      -2.872037809,         100,      -4.364250909,             100,      -4.780295774,                7,      -6.532106312,    0.008331026627,       1.988507857,               300,               300,               300,     0.07223624925,      0.3632649383,       -1.32232364,                 0,                 0,                 0,      -2.109636545,      0.3632649383,       -1.32232364,                 0,      -3.640108088,  -6.845474619e-12,   5.149412925e-09,                 0
          0,           0,         155,      -8.616173071,      -7.348859709,      -7.846060798,         -5.756577,      -9.029810394,      -6.242760728,      -6.516110909,      -2.897419328,         100,      -4.384548534,             100,      -5.185745275,                7,      -6.578675911,    0.008338461452,       1.988509657,               300,               300,               300,     0.07223624925,      0.3632646993,      -1.322322827,                 0,                 0,                 0,      -2.109632877,      0.3632646993,      -1.322322827,                 0,      -3.640108245,  -4.541313292e-12,   5.718582493e-09,                 0
          0,           0,         156,      -8.652036127,      -7.393240929,      -7.882188346,      -5.792440044,      -9.048228062,      -6.271262216,      -6.521714649,      -2.923618512,         100,      -4.380082379,             100,      -4.836510613,                7,      -6.609844608,    0.008346379553,       1.988511889,               300,               300,               300,     0.07223624925,      0.3632631955,      -1.322317981,                 0,                 0,                 0,      -2.109626146,      0.3632631955,      -1.322317981,                 0,      -3.640109975,  -4.880767922e-11,    3.67787832e-09,                 0
          0,           0,         157,      -8.689755654,      -7.440384351,      -7.923617518,       -5.83015966,      -9.079734018,      -6.319576478,      -6.527180907,      -2.950808325,         100,       -4.40290266,             100,      -4.946089048,                7,      -6.644829205,     0.00835458543,       1.988514405,               300,               300,               300,     0.07223624925,      0.3632627263,      -1.322314889,                 0,                 0,                 0,      -2.109620298,      0.3632627263,      -1.322314889,                 0,      -3.640106164,   2.981368383e-11,   5.335871132e-09,                 0
          0,           0,         158,      -8.730068583,      -7.488515276,       -7.96879866,      -5.870472606,      -9.103125904,      -6.369501941,      -6.532502633,      -2.978650971,         100,       -4.40487886,             100,      -5.495188697,                7,      -6.674270284,    0.008362915934,       1.988517694,               300,               300,               300,     0.07223624925,      0.3632614116,      -1.322308607,                 0,                 0,                 0,      -2.109612915,      0.3632614116,      -1.322308607,                 0,      -3.640102043,   -1.82686954e-11,   5.252618719e-09,                 0
          0,           0,         159,      -8.772720227,      -7.537220282,      -8.014249709,      -5.913124198,      -9.041178419,      -6.407053976,      -6.537670428,      -3.007279376,         100,      -4.396673363,             100,      -4.989556192,                7,      -6.669200156,    0.008371235953,       1.988520192,               300,               300,               300,     0.07223624925,       0.363261122,      -1.322307893,                 0,                 0,                 0,      -2.109609332,       0.363261122,      -1.322307893,                 0,      -3.640102981,  -4.409463769e-11,   3.283118984e-09,                 0
          0,           0,         160,      -8.817377564,      -7.585718957,      -8.055305833,      -5.957781655,       -9.06631013,      -6.429707616,      -6.542678597,      -3.036195511,         100,      -4.333186113,             100,      -4.970511892,                7,      -6.677311771,     0.00837943535,       1.988522238,               300,               300,               300,     0.07223624925,      0.3632596808,       -1.32230372,                 0,                 0,                 0,      -2.109603681,      0.3632596808,       -1.32230372,                 0,      -3.640105934,  -5.173136483e-11,   2.581218356e-09,                 0
          0,           0,         161,      -8.863950604,      -7.637638148,      -8.105943988,      -6.004354707,      -9.100845265,      -6.488341106,      -6.547520305,      -3.065414917,         100,      -4.380740234,             100,      -5.313108608,                7,      -6.734828285,     0.00838742902,       1.988523533,               300,               300,               300,     0.07223624925,      0.3632593936,      -1.322302143,                 0,                 0,                 0,      -2.109600064,      0.3632593936,      -1.322302143,                 0,      -3.640104471,  -8.492294972e-11,   3.379759564e-09,                 0
          0,           0,         162,      -8.913963854,      -7.689874304,      -8.162064237,      -6.054367918,      -9.134018086,      -6.550924172,      -6.552191399,      -3.094669247,         100,      -4.397505394,             100,      -5.213513544,                7,      -6.737282502,    0.008395152718,       1.988525033,               300,               300,               300,     0.07223624925,      0.3632583793,      -1.322297517,                 0,                 0,                 0,      -2.109595248,      0.3632583793,      -1.322297517,                 0,        -3.6401019,  -6.597165194e-11,   3.998524008e-09,                 0
          0,           0,         163,      -8.967067591,      -7.740392597,      -8.216229909,      -6.107471683,       -9.06381731,      -6.582951109,      -6.556686045,      -3.124012749,         100,      -4.346419612,             100,      -5.056065645,                7,      -6.713728597,    0.008402559531,          1.988526,               300,               300,               300,     0.07223624925,       0.363258483,      -1.322298148,                 0,                 0,                 0,      -2.109593884,       0.363258483,      -1.322298148,                 0,      -3.640102598,  -7.231901963e-11,   6.091349793e-09,                 0
          0,           0,         164,      -9.022465073,      -7.786393748,      -8.255263511,      -6.162869328,      -9.084825909,      -6.577857185,      -6.561002276,      -3.153253888,         100,      -4.368417026,             100,      -5.063025109,                7,      -6.726796493,    0.008409618141,        1.98852736,               300,               300,               300,     0.07223624925,      0.3632573253,      -1.322294748,                 0,                 0,                 0,      -2.109589459,      0.3632573253,      -1.322294748,                 0,      -3.640104839,    1.81961917e-12,   3.216896449e-09,                 0
