2 0.000000 19.450000 1126.439207
3259 2875 
1 -10.713214 0.000000 -10.128214 19.449932 0.000096 0.000059 0.000007 
2 13.207857 0.000000 -10.128214 19.449936 0.001202 -0.001673 0.000007 
3 13.207857 0.000000 12.180179 19.449926 0.000746 0.000964 0.000008 
4 -10.713214 0.000000 12.180179 19.449930 0.000090 -0.000034 0.000007 
5 1.247321 0.000000 1.025982 19.390432 -0.013272 1.651011 -0.001090 
6 -10.713214 0.000000 1.025982 19.450153 0.000104 -0.000040 -0.000016 
7 1.247321 0.000000 -10.128214 19.449363 0.000200 -0.001197 0.000065 
8 13.207857 0.000000 1.025982 19.449222 -0.188831 0.583719 -0.000915 
9 1.247321 0.000000 12.180179 19.449634 0.000272 0.000550 0.000038 
10 -4.732946 0.000000 -4.551116 19.449390 0.000276 0.000646 0.000063 
11 -10.713214 0.000000 -4.551116 19.450044 0.000097 0.000122 -0.000004 
12 -4.732946 0.000000 -10.128214 19.449624 0.000157 -0.000062 0.000039 
13 1.247321 0.000000 -4.551116 19.443573 0.002422 -0.011018 0.000660 
14 -4.732946 0.000000 1.025982 19.451580 0.000424 -0.001030 -0.000162 
15 7.227589 0.000000 -4.551116 19.448788 0.007298 -0.018151 0.000124 
16 7.227589 0.000000 -10.128214 19.449807 0.000535 -0.001834 0.000020 
17 13.207857 0.000000 -4.551116 19.450934 0.009588 -0.017818 -0.000097 
18 7.227589 0.000000 1.025982 19.483966 -0.031731 1.089695 -0.006637 
19 -4.732946 0.000000 6.603080 19.449303 0.000179 -0.000106 0.000072 
20 -10.713214 0.000000 6.603080 19.449990 0.000095 -0.000110 0.000001 
21 1.247321 0.000000 6.603080 19.447069 0.001555 0.003354 0.000301 
22 -4.732946 0.000000 12.180179 19.449734 0.000173 0.000090 0.000027 
23 -1.742813 0.000000 -1.762567 19.443272 0.000848 0.018672 0.000691 
24 -4.732946 0.000000 -1.762567 19.450933 0.000426 0.001430 -0.000096 
25 -1.742813 0.000000 -4.551116 19.445161 0.000948 -0.000129 0.000497 
26 1.247321 0.000000 -1.762567 19.454359 0.001122 -0.352917 -0.000778 
27 -1.742813 0.000000 1.025982 19.459515 0.000743 -0.024503 -0.000980 
28 7.227589 0.000000 6.603080 19.449649 0.003514 0.006228 0.000036 
29 13.207857 0.000000 6.603080 19.449354 0.003811 0.007270 0.000066 
30 7.227589 0.000000 12.180179 19.449816 0.000505 0.000878 0.000019 
31 4.237455 0.000000 -1.762567 19.450770 0.009091 -0.371034 -0.000443 
32 4.237455 0.000000 -4.551116 19.447000 0.005021 -0.015478 0.000308 
33 7.227589 0.000000 -1.762567 19.458146 0.021232 -0.326629 -0.001121 
34 4.237455 0.000000 1.025982 19.448266 -0.025897 0.999269 -0.002463 
35 -1.742813 0.000000 3.814531 19.443193 0.001008 -0.000959 0.000700 
36 -4.732946 0.000000 3.814531 19.449439 0.000370 -0.000892 0.000058 
37 1.247321 0.000000 3.814531 19.444327 0.004708 0.016146 0.000583 
38 -1.742813 0.000000 6.603080 19.448216 0.000392 0.000957 0.000183 
39 -0.247746 0.000000 -0.368292 19.805735 0.000627 0.133763 -0.036961 
40 -1.742813 0.000000 -0.368292 19.476502 0.000837 0.011869 -0.002727 
41 -0.247746 0.000000 -1.762567 19.306062 0.000746 -0.031022 0.014743 
42 1.247321 0.000000 -0.368292 19.708427 -0.000433 -0.749449 -0.028235 
43 -0.247746 0.000000 1.025982 19.278454 0.000515 -0.291754 0.017337 
44 4.237455 0.000000 3.814531 19.449485 0.007853 0.013247 0.000052 
45 7.227589 0.000000 3.814531 19.445983 0.029626 0.022714 0.000409 
46 4.237455 0.000000 6.603080 19.448259 0.002559 0.005571 0.000179 
47 2.742388 0.000000 -0.368292 19.455541 -0.006276 -0.604089 -0.001535 
48 2.742388 0.000000 -1.762567 19.437311 0.004091 -0.360710 0.000960 
49 4.237455 0.000000 -0.368292 19.441676 -0.017380 -0.619253 -0.000159 
50 2.742388 0.000000 1.025982 19.453316 -0.006467 1.056574 -0.003292 
51 -0.247746 0.000000 2.420257 19.394907 0.001966 0.019285 0.005656 
52 -1.742813 0.000000 2.420257 19.439608 0.000991 -0.010075 0.001068 
53 1.247321 0.000000 2.420257 19.437934 0.004367 0.089679 0.001219 
54 -0.247746 0.000000 3.814531 19.436977 0.001688 0.008358 0.001339 
55 0.499788 0.000000 0.328845 20.231303 0.001732 0.506388 -0.082631 
56 -0.247746 0.000000 0.328845 19.810852 0.000652 -0.112879 -0.037483 
57 0.499788 0.000000 -0.368292 20.288064 0.001943 -0.596202 -0.088972 
58 1.247321 0.000000 0.328845 19.711368 -0.000857 0.661645 -0.028214 
59 0.499788 0.000000 1.025982 17.500499 -0.008635 3.907600 0.150054 
60 -7.723080 0.000000 -1.762567 19.450318 0.000146 0.000198 -0.000033 
61 -10.713214 0.000000 -1.762567 19.450138 0.000104 0.000071 -0.000014 
62 -7.723080 0.000000 -4.551116 19.449950 0.000106 0.000236 0.000005 
63 -7.723080 0.000000 1.025982 19.450388 0.000146 -0.000152 -0.000040 
64 -3.237879 0.000000 -0.368292 19.455639 0.000431 0.001635 -0.000580 
65 -4.732946 0.000000 -0.368292 19.451944 0.000423 0.000408 -0.000200 
66 -3.237879 0.000000 -1.762567 19.451069 0.000505 0.004549 -0.000110 
67 -3.237879 0.000000 1.025982 19.453775 0.000457 -0.003815 -0.000388 
68 -0.995279 0.000000 0.328845 19.532159 0.001025 -0.039274 -0.008470 
69 -1.742813 0.000000 0.328845 19.477163 0.000826 -0.010720 -0.002795 
70 -0.995279 0.000000 -0.368292 19.529228 0.001034 0.043512 -0.008168 
71 -0.995279 0.000000 1.025982 19.454134 0.001274 -0.071636 -0.000439 
72 2.742388 0.000000 2.420257 19.447738 0.006932 0.075651 0.000217 
73 4.237455 0.000000 2.420257 19.450880 0.013740 0.072229 -0.000105 
74 2.742388 0.000000 3.814531 19.449702 0.003724 0.014977 0.000030 
75 0.499788 0.000000 1.723119 19.240309 0.001095 0.348215 0.021125 
76 -0.247746 0.000000 1.723119 19.297908 0.000711 0.027479 0.015576 
77 1.247321 0.000000 1.723119 19.459422 0.005298 0.379676 -0.001350 
78 0.499788 0.000000 2.420257 19.398237 0.002929 0.075669 0.005300 
79 0.126021 0.000000 0.677414 20.862855 0.000886 -0.748760 -0.152039 
80 -0.247746 0.000000 0.677414 19.659715 0.000606 -0.348625 -0.022002 
81 0.126021 0.000000 0.328845 20.202282 0.001655 -0.007802 -0.078852 
82 0.499788 0.000000 0.677414 21.048406 0.003737 2.081250 -0.182564 
83 0.126021 0.000000 1.025982 17.552431 -0.000400 -0.465280 0.185032 
84 1.994855 0.000000 0.328845 19.484680 0.005890 0.544229 -0.004352 
85 1.994855 0.000000 -0.368292 19.484841 0.007403 -0.617985 -0.004595 
86 2.742388 0.000000 0.328845 19.455152 -0.005870 0.536034 -0.001289 
87 1.994855 0.000000 1.025982 19.553255 -0.011461 -0.566472 -0.011494 
88 0.873555 0.000000 0.677414 19.774673 0.003962 1.618173 -0.040586 
89 0.873555 0.000000 0.328845 19.926064 -0.000360 0.656859 -0.050692 
90 1.247321 0.000000 0.677414 19.638756 0.009628 1.444152 -0.025017 
91 0.873555 0.000000 1.025982 19.186084 -0.018899 2.049997 0.015844 
92 -7.723080 0.000000 3.814531 19.450032 0.000111 -0.000255 -0.000003 
93 -10.713214 0.000000 3.814531 19.450069 0.000098 -0.000118 -0.000007 
94 -7.723080 0.000000 6.603080 19.449850 0.000129 -0.000192 0.000015 
95 -3.237879 0.000000 2.420257 19.449256 0.000619 -0.004179 0.000076 
96 -4.732946 0.000000 2.420257 19.450156 0.000504 -0.002220 -0.000016 
97 -3.237879 0.000000 3.814531 19.447516 0.000723 -0.002453 0.000255 
98 -0.995279 0.000000 1.723119 19.414576 0.001180 -0.034015 0.003636 
99 -1.742813 0.000000 1.723119 19.443838 0.000868 -0.019233 0.000633 
100 -0.995279 0.000000 2.420257 19.422311 0.001360 -0.008382 0.002845 
101 0.126021 0.000000 1.374551 18.898939 -0.000029 0.222382 0.055731 
102 -0.247746 0.000000 1.374551 19.214531 0.000565 -0.065044 0.024055 
103 0.499788 0.000000 1.374551 18.999970 -0.000875 0.875265 0.043715 
104 0.126021 0.000000 1.723119 19.210546 0.000702 0.156315 0.024406 
105 0.312905 0.000000 0.851698 17.545598 -0.001033 2.061132 0.175009 
106 0.126021 0.000000 0.851698 19.125376 0.000172 -1.685651 0.025591 
107 0.312905 0.000000 0.677414 21.673496 0.001398 0.611695 -0.242695 
108 0.499788 0.000000 0.851698 18.214292 0.001925 4.850853 0.060828 
109 0.312905 0.000000 1.025982 16.287756 -0.002508 4.143343 0.253353 
110 -1.742813 0.000000 -7.339665 19.448689 0.000381 -0.000825 0.000135 
111 -4.732946 0.000000 -7.339665 19.449350 0.000111 -0.000074 0.000067 
112 -1.742813 0.000000 -10.128214 19.449412 0.000233 -0.000433 0.000060 
113 1.247321 0.000000 -7.339665 19.448626 0.000661 -0.002626 0.000141 
114 -0.247746 0.000000 -3.156842 19.427460 0.001838 -0.012049 0.002316 
115 -1.742813 0.000000 -3.156842 19.440903 0.001118 0.002930 0.000935 
116 -0.247746 0.000000 -4.551116 19.442465 0.001485 -0.005051 0.000775 
117 1.247321 0.000000 -3.156842 19.440098 0.003524 -0.034758 0.001015 
118 0.499788 0.000000 -1.065430 37.583172 -0.010956 -4.342115 -2.783609 
119 -0.247746 0.000000 -1.065430 19.252806 0.000510 0.262349 0.019992 
120 0.499788 0.000000 -1.762567 19.260969 -0.003419 -0.325919 0.019062 
121 1.247321 0.000000 -1.065430 38.887821 -0.000730 -2.579723 -3.015087 
122 0.126021 0.000000 -0.019724 20.034779 0.000294 -0.000761 -0.061036 
123 -0.247746 0.000000 -0.019724 19.820904 0.001396 0.010712 -0.038503 
124 0.126021 0.000000 -0.368292 20.241836 0.001616 0.023108 -0.083082 
125 0.499788 0.000000 -0.019724 20.087004 0.000397 -0.025086 -0.066576 
126 0.312905 0.000000 0.503129 20.709227 0.001700 0.448704 -0.134207 
127 0.126021 0.000000 0.503129 20.443917 0.001118 -0.117339 -0.104850 
128 0.312905 0.000000 0.328845 20.311337 0.001717 0.252004 -0.090698 
129 0.499788 0.000000 0.503129 20.514042 0.002407 1.028089 -0.115200 
130 1.994855 0.000000 1.723119 19.429417 0.004373 0.320569 0.001844 
131 2.742388 0.000000 1.723119 19.434677 0.012354 0.387706 0.001177 
132 1.994855 0.000000 2.420257 19.446472 0.005564 0.076047 0.000347 
133 0.873555 0.000000 1.374551 19.429501 0.003257 0.967818 -0.000369 
134 1.247321 0.000000 1.374551 19.556886 -0.008911 1.154183 -0.014543 
135 0.873555 0.000000 1.723119 19.385938 0.002677 0.423831 0.006102 
136 0.686671 0.000000 0.851698 19.053772 0.017210 2.556678 0.023049 
137 0.686671 0.000000 0.677414 19.954085 0.004126 2.001720 -0.063097 
138 0.873555 0.000000 0.851698 19.477259 0.003102 1.795974 -0.011331 
139 0.686671 0.000000 1.025982 18.434260 -0.012295 2.572777 0.084222 
140 0.406346 0.000000 0.764556 20.776000 0.001549 1.446059 -0.146525 
141 0.312905 0.000000 0.764556 20.045070 0.000851 0.545219 -0.062912 
142 0.406346 0.000000 0.677414 21.594473 0.002272 1.406016 -0.237893 
143 0.499788 0.000000 0.764556 21.474868 0.004527 3.412934 -0.249841 
144 0.406346 0.000000 0.851698 17.125055 0.001499 1.652702 0.217560 
145 0.873555 0.000000 -0.019724 19.903979 0.002286 -0.038544 -0.047230 
146 0.873555 0.000000 -0.368292 19.927021 -0.000494 -0.750714 -0.051142 
147 1.247321 0.000000 -0.019724 19.702241 0.002169 -0.038279 -0.026109 
148 0.686671 0.000000 0.503129 20.114378 0.001306 1.209401 -0.073350 
149 0.686671 0.000000 0.328845 20.059021 0.001215 0.633846 -0.064667 
150 0.873555 0.000000 0.503129 19.902631 -0.000433 1.152187 -0.050594 
151 0.593230 0.000000 0.764556 20.014378 0.005580 3.019275 -0.082973 
152 0.593230 0.000000 0.677414 20.356044 0.004268 2.200027 -0.108131 
153 0.686671 0.000000 0.764556 19.617899 0.005446 2.391086 -0.032452 
154 0.593230 0.000000 0.851698 18.696222 0.033074 3.628518 0.041201 
155 0.312905 0.000000 1.200266 18.253110 -0.001757 1.115260 0.115999 
156 0.126021 0.000000 1.200266 18.475537 -0.000131 0.172950 0.097613 
157 0.499788 0.000000 1.200266 18.715364 -0.004756 2.223704 0.061043 
158 0.312905 0.000000 1.374551 18.839982 -0.000381 0.570901 0.060882 
159 0.406346 0.000000 0.938840 16.519247 -0.004564 4.037063 0.235576 
160 0.312905 0.000000 0.938840 17.165145 -0.003119 4.704450 0.162643 
161 0.499788 0.000000 0.938840 16.633262 -0.007572 3.500879 0.236268 
162 0.406346 0.000000 1.025982 16.883654 -0.005511 4.743441 0.187005 
163 0.453067 0.000000 0.808127 19.594763 0.002841 2.775206 -0.035300 
164 0.406346 0.000000 0.808127 19.254892 0.002074 1.574875 0.013406 
165 0.453067 0.000000 0.764556 22.220871 0.002651 2.901271 -0.327468 
166 0.499788 0.000000 0.808127 19.601114 0.002994 4.596438 -0.071447 
167 0.453067 0.000000 0.851698 17.970502 0.001941 2.267389 0.132758 
168 0.406346 0.000000 0.590271 21.030651 0.002610 1.038824 -0.171992 
169 0.312905 0.000000 0.590271 21.098975 0.001764 0.534301 -0.177503 
170 0.406346 0.000000 0.503129 20.664570 0.002035 0.772655 -0.130369 
171 0.499788 0.000000 0.590271 20.741776 0.003146 1.437647 -0.142705 
172 0.453067 0.000000 0.720985 21.782130 0.002983 2.196993 -0.266944 
173 0.406346 0.000000 0.720985 22.050685 0.001733 1.608933 -0.292144 
174 0.453067 0.000000 0.677414 21.382061 0.003075 1.799830 -0.217100 
175 0.499788 0.000000 0.720985 21.256961 0.004003 2.594432 -0.212230 
176 0.686671 0.000000 1.200266 19.354594 -0.008183 1.866767 0.000574 
177 0.873555 0.000000 1.200266 19.596066 -0.010724 1.624921 -0.022056 
178 0.686671 0.000000 1.374551 19.226889 0.000085 0.986959 0.020236 
179 0.593230 0.000000 0.938840 17.655369 -0.011297 3.070697 0.151099 
180 0.686671 0.000000 0.938840 18.410378 -0.013956 2.474214 0.087862 
181 0.593230 0.000000 1.025982 18.118571 -0.008950 2.981345 0.108726 
182 0.546509 0.000000 0.808127 18.018792 0.001726 5.579319 0.059468 
183 0.546509 0.000000 0.764556 20.575474 0.005405 3.351965 -0.148779 
184 0.593230 0.000000 0.808127 19.514421 0.006592 3.446941 -0.038043 
185 0.546509 0.000000 0.851698 18.056491 0.001895 5.495521 0.058326 
186 0.476428 0.000000 0.786341 22.034204 0.003957 4.076008 -0.327298 
187 0.453067 0.000000 0.786341 20.970580 0.003174 3.280126 -0.190911 
188 0.476428 0.000000 0.764556 22.007539 0.003537 3.211808 -0.307545 
189 0.499788 0.000000 0.786341 21.813323 0.004870 5.023334 -0.324482 
190 0.476428 0.000000 0.808127 20.081343 0.003152 3.929573 -0.106791 
191 -0.621512 0.000000 0.677414 19.534865 0.000886 -0.132393 -0.008792 
192 -0.995279 0.000000 0.677414 19.497367 0.001120 -0.068430 -0.004889 
193 -0.621512 0.000000 0.328845 19.614532 0.000968 -0.064529 -0.017001 
194 -0.621512 0.000000 1.025982 19.424721 0.000788 -0.128546 0.002554 
195 -0.060862 0.000000 0.851698 19.410510 0.000502 -0.772413 0.002479 
196 -0.247746 0.000000 0.851698 19.455913 0.000539 -0.392337 -0.001015 
197 -0.060862 0.000000 0.677414 19.912482 0.000717 -0.600267 -0.049074 
198 -0.060862 0.000000 1.025982 18.967173 0.000252 -0.489443 0.048399 
199 0.219463 0.000000 0.764556 20.201835 0.000647 0.033963 -0.078807 
200 0.126021 0.000000 0.764556 20.815196 0.000537 -1.961909 -0.155481 
201 0.219463 0.000000 0.677414 21.498763 0.001039 -0.154456 -0.221828 
202 0.219463 0.000000 0.851698 18.761971 -0.000369 1.210078 0.065627 
203 0.359625 0.000000 0.808127 20.118199 0.001120 0.756977 -0.071404 
204 0.312905 0.000000 0.808127 20.052174 0.000819 0.527308 -0.063614 
205 0.359625 0.000000 0.764556 20.083665 0.001083 0.699679 -0.067514 
206 0.359625 0.000000 0.851698 16.972383 -0.001190 1.982292 0.228154 
207 0.429707 0.000000 0.786341 19.522727 0.002567 2.077657 -0.018903 
208 0.406346 0.000000 0.786341 20.422095 0.001814 1.973975 -0.112756 
209 0.429707 0.000000 0.764556 21.787762 0.002059 2.230034 -0.267979 
210 0.429707 0.000000 0.808127 19.661075 0.002543 2.300885 -0.035816 
211 0.453067 0.000000 0.895269 16.213286 -0.004944 3.053300 0.280488 
212 0.406346 0.000000 0.895269 16.642891 -0.003427 3.037000 0.243438 
213 0.499788 0.000000 0.895269 16.295219 -0.007795 3.415235 0.267258 
214 0.453067 0.000000 0.938840 16.376657 -0.006028 3.800214 0.252882 
215 0.476428 0.000000 0.829912 19.493759 0.002781 3.883113 -0.044363 
216 0.453067 0.000000 0.829912 19.237238 0.002771 2.852100 0.000256 
217 0.499788 0.000000 0.829912 18.949144 0.002564 4.716598 -0.007967 
218 0.476428 0.000000 0.851698 18.239250 0.002051 3.824182 0.081966 
219 0.464747 0.000000 0.797234 20.199460 0.002973 3.304117 -0.107408 
220 0.453067 0.000000 0.797234 19.652889 0.002879 2.723657 -0.040581 
221 0.464747 0.000000 0.786341 22.014101 0.003713 3.846072 -0.320142 
222 0.476428 0.000000 0.797234 20.266391 0.003089 3.725274 -0.122394 
223 0.464747 0.000000 0.808127 19.991755 0.002958 3.242227 -0.084271 
224 0.429707 0.000000 0.829912 19.068882 0.002374 2.157177 0.026505 
225 0.406346 0.000000 0.829912 18.695800 0.002223 1.570077 0.069533 
226 0.429707 0.000000 0.851698 17.604312 0.002168 1.879613 0.171444 
227 0.441387 0.000000 0.797234 19.867273 0.002787 2.597622 -0.061204 
228 0.429707 0.000000 0.797234 19.653854 0.002405 2.089379 -0.032611 
229 0.441387 0.000000 0.786341 20.276557 0.002822 2.370958 -0.101659 
230 0.441387 0.000000 0.808127 19.798206 0.002753 2.636041 -0.054494 
231 0.359625 0.000000 0.720985 22.076622 0.001295 1.072852 -0.291369 
232 0.312905 0.000000 0.720985 22.032286 0.001126 0.644403 -0.284255 
233 0.359625 0.000000 0.677414 21.679982 0.001930 0.997556 -0.245080 
234 0.382986 0.000000 0.786341 20.452387 0.001359 1.144836 -0.109194 
235 0.359625 0.000000 0.786341 20.118199 0.001120 0.756977 -0.071404 
236 0.382986 0.000000 0.764556 20.225168 0.001212 1.004987 -0.083967 
237 0.382986 0.000000 0.808127 20.452387 0.001359 1.144836 -0.109194 
238 0.219463 0.000000 0.938840 17.630013 -0.001591 3.835559 0.139501 
239 0.126021 0.000000 0.938840 18.388087 -0.000158 -2.305866 0.092158 
240 0.219463 0.000000 1.025982 15.913984 -0.000876 1.529163 0.324368 
241 0.359625 0.000000 0.895269 17.187295 -0.002025 2.799082 0.198425 
242 0.312905 0.000000 0.895269 17.806742 -0.001810 2.938472 0.139010 
243 0.359625 0.000000 0.938840 16.805742 -0.003307 4.418445 0.201814 
244 0.382986 0.000000 0.829912 20.385272 0.001314 1.140180 -0.101921 
245 0.359625 0.000000 0.829912 20.108607 0.001142 0.762097 -0.070405 
246 0.382986 0.000000 0.851698 16.725760 -0.001682 2.063213 0.249257 
247 0.394666 0.000000 0.797234 19.599848 0.001744 1.615574 -0.022367 
248 0.382986 0.000000 0.797234 20.451644 0.001348 1.162661 -0.109222 
249 0.394666 0.000000 0.786341 20.798460 0.001516 1.452692 -0.149044 
250 0.406346 0.000000 0.797234 19.335983 0.002067 1.560408 0.005253 
251 0.394666 0.000000 0.808127 19.176957 0.002002 1.529249 0.021698 
252 0.266184 0.000000 0.808127 20.135541 0.000691 0.314867 -0.071997 
253 0.219463 0.000000 0.808127 20.218410 0.000645 -0.180054 -0.080660 
254 0.266184 0.000000 0.764556 20.143779 0.000672 0.305584 -0.072859 
255 0.266184 0.000000 0.851698 18.260665 -0.000519 1.666940 0.111212 
256 0.336265 0.000000 0.786341 20.059998 0.000967 0.615648 -0.064710 
257 0.312905 0.000000 0.786341 20.052174 0.000819 0.527308 -0.063614 
258 0.336265 0.000000 0.764556 20.046466 0.000965 0.596054 -0.063213 
259 0.336265 0.000000 0.808127 20.058191 0.001000 0.634950 -0.064582 
260 0.336265 0.000000 0.829912 20.046466 0.000965 0.596054 -0.063213 
261 0.312905 0.000000 0.829912 20.050715 0.000793 0.530406 -0.063468 
262 0.336265 0.000000 0.851698 17.286988 -0.001141 2.040513 0.199044 
263 0.347945 0.000000 0.797234 20.071940 0.001048 0.660784 -0.066129 
264 0.336265 0.000000 0.797234 20.059998 0.000967 0.615648 -0.064710 
265 0.347945 0.000000 0.786341 20.063273 0.001034 0.645531 -0.065157 
266 0.359625 0.000000 0.797234 20.118199 0.001120 0.756977 -0.071404 
267 0.347945 0.000000 0.808127 20.063273 0.001034 0.645531 -0.065157 
268 -0.060862 0.000000 0.503129 20.028907 0.000959 -0.278072 -0.060618 
269 -0.247746 0.000000 0.503129 19.772679 0.000613 -0.217800 -0.033581 
270 -0.060862 0.000000 0.328845 19.981178 0.000824 -0.091819 -0.055388 
271 0.219463 0.000000 0.590271 20.955962 0.001371 0.045553 -0.160855 
272 0.126021 0.000000 0.590271 20.634336 0.001080 -0.318053 -0.125758 
273 0.219463 0.000000 0.503129 20.631744 0.001308 0.121634 -0.125247 
274 0.266184 0.000000 0.720985 22.000756 0.000764 0.244914 -0.279646 
275 0.219463 0.000000 0.720985 21.939830 0.000733 -0.263547 -0.272594 
276 0.266184 0.000000 0.677414 21.623448 0.001196 0.236063 -0.236125 
277 0.289544 0.000000 0.786341 20.094984 0.000743 0.445336 -0.067946 
278 0.266184 0.000000 0.786341 20.140053 0.000682 0.305165 -0.072461 
279 0.289544 0.000000 0.764556 20.093742 0.000747 0.453046 -0.067833 
280 0.289544 0.000000 0.808127 20.094984 0.000743 0.445336 -0.067946 
281 0.032580 0.000000 0.764556 19.919001 0.000614 -1.122507 -0.052139 
282 -0.060862 0.000000 0.764556 19.698245 0.000636 -0.739868 -0.027136 
283 0.032580 0.000000 0.677414 20.232284 0.000798 -0.757377 -0.083574 
284 0.032580 0.000000 0.851698 19.359316 0.000375 -1.196218 0.005521 
285 0.172742 0.000000 0.808127 20.038861 0.000666 -1.679811 -0.068927 
286 0.126021 0.000000 0.808127 19.728947 0.000673 -2.394953 -0.044051 
287 0.172742 0.000000 0.764556 20.015071 0.000669 -1.866652 -0.068160 
288 0.172742 0.000000 0.851698 18.698657 0.000217 -0.948464 0.073389 
289 0.242823 0.000000 0.786341 20.168659 0.000653 0.206908 -0.075376 
290 0.219463 0.000000 0.786341 20.216778 0.000650 -0.144988 -0.080456 
291 0.242823 0.000000 0.764556 20.168580 0.000645 0.210132 -0.075372 
292 0.242823 0.000000 0.808127 20.168659 0.000653 0.206908 -0.075376 
293 0.266184 0.000000 0.895269 18.779961 -0.001708 2.474948 0.051520 
294 0.219463 0.000000 0.895269 19.696309 -0.001006 2.060632 -0.036712 
295 0.266184 0.000000 0.938840 17.621781 -0.002585 4.765919 0.119115 
296 0.242823 0.000000 0.829912 20.168580 0.000645 0.210132 -0.075372 
297 0.219463 0.000000 0.829912 20.212074 0.000656 -0.024939 -0.079899 
298 0.266184 0.000000 0.829912 20.130110 0.000699 0.353042 -0.071486 
299 0.242823 0.000000 0.851698 18.542637 -0.000526 1.489944 0.085258 
300 0.254504 0.000000 0.797234 20.160789 0.000669 0.232384 -0.074567 
301 0.242823 0.000000 0.797234 20.176224 0.000653 0.157909 -0.076136 
302 0.254504 0.000000 0.786341 20.151589 0.000668 0.272719 -0.073641 
303 0.266184 0.000000 0.797234 20.140053 0.000682 0.305165 -0.072461 
304 0.254504 0.000000 0.808127 20.157902 0.000658 0.256720 -0.074291 
305 0.172742 0.000000 0.720985 21.610263 0.000730 -0.875464 -0.236497 
306 0.126021 0.000000 0.720985 20.957874 0.000760 -1.180594 -0.164746 
307 0.172742 0.000000 0.677414 21.236869 0.000974 -0.521811 -0.192900 
308 0.196102 0.000000 0.786341 20.082513 0.000662 -1.274462 -0.070391 
309 0.172742 0.000000 0.786341 20.038861 0.000666 -1.679811 -0.068927 
310 0.196102 0.000000 0.764556 20.238284 0.000657 -0.560738 -0.083531 
311 0.196102 0.000000 0.808127 20.068799 0.000665 -1.364367 -0.069563 
312 -0.621512 0.000000 1.374551 19.370949 0.000771 -0.064377 0.008101 
313 -0.995279 0.000000 1.374551 19.424188 0.001324 -0.053847 0.002645 
314 -0.621512 0.000000 1.723119 19.372536 0.001733 -0.031579 0.007947 
315 -0.060862 0.000000 1.200266 18.944627 0.000113 -0.147710 0.051234 
316 -0.247746 0.000000 1.200266 19.207192 0.000541 -0.160959 0.024743 
317 -0.060862 0.000000 1.374551 19.068457 0.000428 0.012950 0.038848 
318 0.032580 0.000000 0.938840 18.866929 0.000184 -1.002896 0.056398 
319 -0.060862 0.000000 0.938840 19.139418 0.000377 -0.675837 0.030474 
320 0.032580 0.000000 1.025982 18.576318 0.000043 -0.596419 0.086881 
321 0.172742 0.000000 0.895269 20.224478 0.000172 -0.027801 -0.081225 
322 0.126021 0.000000 0.895269 19.280785 -0.000045 -1.663737 0.010007 
323 0.172742 0.000000 0.938840 17.893634 0.000370 1.064525 0.150639 
324 0.196102 0.000000 0.829912 20.243857 0.000653 -0.698515 -0.084586 
325 0.172742 0.000000 0.829912 19.982240 0.000674 -2.070026 -0.066805 
326 0.196102 0.000000 0.851698 18.574459 0.000410 -0.239436 0.087852 
327 0.207783 0.000000 0.797234 20.217173 0.000655 -0.524373 -0.081169 
328 0.196102 0.000000 0.797234 20.095889 0.000660 -1.222623 -0.071469 
329 0.207783 0.000000 0.786341 20.217173 0.000655 -0.524373 -0.081169 
330 0.219463 0.000000 0.797234 20.217805 0.000652 -0.137447 -0.080560 
331 0.207783 0.000000 0.808127 20.216195 0.000654 -0.579337 -0.081225 
332 0.079300 0.000000 0.808127 19.699910 0.000349 -1.602100 -0.032648 
333 0.032580 0.000000 0.808127 19.639504 0.000494 -1.209137 -0.023446 
334 0.079300 0.000000 0.764556 20.167510 0.000480 -1.447234 -0.080677 
335 0.079300 0.000000 0.851698 19.308776 0.000213 -1.502091 0.008505 
336 0.149382 0.000000 0.786341 19.982240 0.000674 -2.070026 -0.066805 
337 0.126021 0.000000 0.786341 19.728947 0.000673 -2.394953 -0.044051 
338 0.149382 0.000000 0.764556 19.874864 0.000678 -2.464848 -0.060225 
339 0.149382 0.000000 0.808127 19.982240 0.000674 -2.070026 -0.066805 
340 0.184422 0.000000 0.797234 20.090184 0.000665 -1.389518 -0.072016 
341 0.172742 0.000000 0.797234 20.057593 0.000668 -1.695818 -0.071055 
342 0.184422 0.000000 0.786341 20.056574 0.000667 -1.512793 -0.069395 
343 0.184422 0.000000 0.808127 20.056574 0.000667 -1.512793 -0.069395 
344 0.149382 0.000000 0.829912 19.874864 0.000678 -2.464848 -0.060225 
345 0.126021 0.000000 0.829912 19.171680 0.000278 -2.011920 0.017714 
346 0.149382 0.000000 0.851698 18.914236 0.000169 -1.485030 0.048503 
347 0.161062 0.000000 0.797234 19.978085 0.000670 -2.160042 -0.067372 
348 0.149382 0.000000 0.797234 19.982240 0.000674 -2.070026 -0.066805 
349 0.161062 0.000000 0.786341 20.015071 0.000669 -1.866652 -0.068160 
350 0.161062 0.000000 0.808127 20.015071 0.000669 -1.866652 -0.068160 
351 0.418026 0.000000 0.797234 19.540473 0.002309 1.894243 -0.018810 
352 0.418026 0.000000 0.786341 19.396104 0.002285 1.788456 -0.002921 
353 0.418026 0.000000 0.808127 19.464896 0.002301 1.939785 -0.011479 
354 0.441387 0.000000 0.819020 19.473473 0.002816 2.747067 -0.022363 
355 0.429707 0.000000 0.819020 19.286459 0.002494 2.185950 0.004115 
356 0.453067 0.000000 0.819020 19.370399 0.002760 2.801353 -0.012576 
357 0.441387 0.000000 0.829912 19.370028 0.002702 2.614721 -0.009866 
358 0.435547 0.000000 0.802680 19.758962 0.002649 2.425627 -0.047575 
359 0.429707 0.000000 0.802680 19.661075 0.002543 2.300885 -0.035816 
360 0.435547 0.000000 0.797234 19.758962 0.002649 2.425627 -0.047575 
361 0.441387 0.000000 0.802680 19.798206 0.002753 2.636041 -0.054494 
362 0.435547 0.000000 0.808127 19.601902 0.002647 2.493455 -0.032116 
363 0.546509 0.000000 0.895269 16.960741 -0.009193 3.488442 0.207417 
364 0.593230 0.000000 0.895269 17.839206 -0.012150 3.066701 0.133915 
365 0.546509 0.000000 0.938840 17.059594 -0.008938 3.354618 0.200948 
366 0.523148 0.000000 0.829912 18.124498 0.001925 5.284594 0.057832 
367 0.523148 0.000000 0.808127 18.204028 0.001974 5.150229 0.053901 
368 0.546509 0.000000 0.829912 18.056491 0.001895 5.495521 0.058326 
369 0.523148 0.000000 0.851698 18.102985 0.001909 5.367868 0.057548 
370 1.621088 0.000000 0.677414 19.404546 0.021160 1.235179 0.000634 
371 1.621088 0.000000 0.328845 19.532522 0.002356 0.591242 -0.009428 
372 1.994855 0.000000 0.677414 19.444991 0.024046 1.106276 -0.002722 
373 1.621088 0.000000 1.025982 19.120998 -0.009124 1.117509 0.030243 
374 1.060438 0.000000 0.851698 19.624653 -0.023741 1.657399 -0.025303 
375 1.060438 0.000000 0.677414 19.782489 0.005951 1.484617 -0.040308 
376 1.247321 0.000000 0.851698 19.380038 -0.022591 1.602860 0.000388 
377 1.060438 0.000000 1.025982 19.600093 -0.016416 1.736956 -0.023469 
378 0.780113 0.000000 0.764556 19.578670 0.005595 2.005952 -0.023911 
379 0.780113 0.000000 0.677414 19.800260 0.003973 1.772580 -0.044646 
380 0.873555 0.000000 0.764556 19.642827 0.006132 1.768243 -0.028191 
381 0.780113 0.000000 0.851698 19.277735 0.041172 2.074446 0.006255 
382 0.639950 0.000000 0.808127 19.372905 0.006412 2.875092 -0.013939 
383 0.639950 0.000000 0.764556 19.738414 0.005610 2.671191 -0.048738 
384 0.686671 0.000000 0.808127 19.356758 0.006129 2.501780 -0.006980 
385 0.639950 0.000000 0.851698 18.913507 0.019876 2.964183 0.031179 
386 0.569869 0.000000 0.829912 17.976726 0.001789 5.648273 0.061424 
387 0.569869 0.000000 0.808127 19.721040 0.006875 3.848029 -0.067206 
388 0.593230 0.000000 0.829912 19.131228 0.002420 3.592822 -0.001612 
389 0.569869 0.000000 0.851698 17.976726 0.001789 5.648273 0.061424 
390 0.523148 0.000000 0.873483 17.912666 0.000912 5.317766 0.077082 
391 0.499788 0.000000 0.873483 17.770370 -0.000301 4.648496 0.108136 
392 0.546509 0.000000 0.873483 17.889924 0.000591 5.355831 0.078160 
393 0.523148 0.000000 0.895269 16.612300 -0.008494 3.485707 0.238391 
394 0.534829 0.000000 0.840805 18.078507 0.001909 5.442093 0.057768 
395 0.523148 0.000000 0.840805 18.127534 0.001944 5.292278 0.057327 
396 0.534829 0.000000 0.829912 18.102985 0.001909 5.367868 0.057548 
397 0.546509 0.000000 0.840805 18.056491 0.001895 5.495521 0.058326 
398 0.534829 0.000000 0.851698 18.079187 0.001899 5.437680 0.057830 
399 0.511468 0.000000 0.840805 18.153239 0.001944 5.170804 0.058221 
400 0.499788 0.000000 0.840805 18.486894 0.002176 4.894473 0.033257 
401 0.511468 0.000000 0.829912 18.154665 0.001923 5.145021 0.058787 
402 0.511468 0.000000 0.851698 18.124498 0.001925 5.284594 0.057832 
403 0.780113 0.000000 0.938840 18.859192 -0.016734 2.095168 0.048224 
404 0.873555 0.000000 0.938840 19.331687 -0.020515 1.776589 0.003784 
405 0.780113 0.000000 1.025982 18.820899 -0.015160 2.273245 0.049982 
406 0.639950 0.000000 0.895269 18.068260 -0.012525 2.818426 0.116036 
407 0.686671 0.000000 0.895269 18.280827 -0.012760 2.571349 0.099132 
408 0.639950 0.000000 0.938840 18.067339 -0.012226 2.720904 0.117552 
409 0.569869 0.000000 0.873483 17.842532 -0.000626 5.219470 0.086449 
410 0.593230 0.000000 0.873483 17.820583 -0.012282 3.086200 0.135353 
411 0.569869 0.000000 0.895269 17.440685 -0.010671 3.304633 0.167073 
412 0.534829 0.000000 0.862591 18.056491 0.001895 5.495521 0.058326 
413 0.523148 0.000000 0.862591 18.079187 0.001899 5.437680 0.057830 
414 0.546509 0.000000 0.862591 18.034026 0.001880 5.543697 0.059063 
415 0.534829 0.000000 0.873483 17.968656 0.001291 5.435300 0.068430 
416 0.528988 0.000000 0.846251 18.101166 0.001920 5.378683 0.057415 
417 0.523148 0.000000 0.846251 18.127534 0.001944 5.292278 0.057327 
418 0.528988 0.000000 0.840805 18.103484 0.001913 5.370072 0.057437 
419 0.534829 0.000000 0.846251 18.075116 0.001860 5.451395 0.057824 
420 0.528988 0.000000 0.851698 18.102985 0.001909 5.367868 0.057548 
421 0.488108 0.000000 0.819020 19.577325 0.002915 4.293784 -0.061870 
422 0.476428 0.000000 0.819020 19.790071 0.002843 3.808328 -0.073612 
423 0.488108 0.000000 0.808127 19.867172 0.002977 4.145255 -0.088779 
424 0.499788 0.000000 0.819020 19.284562 0.002788 4.608379 -0.039199 
425 0.488108 0.000000 0.829912 19.352655 0.002770 4.354459 -0.040137 
426 0.464747 0.000000 0.819020 19.664301 0.002823 3.006753 -0.046055 
427 0.464747 0.000000 0.829912 19.369913 0.002741 3.172598 -0.018389 
428 0.219463 0.000000 1.113124 17.618713 -0.001324 0.796772 0.177764 
429 0.126021 0.000000 1.113124 18.110094 -0.000432 0.033704 0.133031 
430 0.312905 0.000000 1.113124 17.286451 -0.001867 2.205081 0.197246 
431 0.219463 0.000000 1.200266 18.271153 -0.000757 0.577557 0.116663 
432 0.172742 0.000000 0.982411 15.178521 -0.000620 0.181639 0.390909 
433 0.126021 0.000000 0.982411 17.342550 -0.000218 -1.224509 0.201001 
434 0.219463 0.000000 0.982411 14.988402 -0.001023 2.736058 0.386369 
435 0.172742 0.000000 1.025982 16.700883 -0.000585 0.188784 0.262614 
436 0.266184 0.000000 0.982411 16.213460 -0.002262 4.626723 0.248530 
437 0.312905 0.000000 0.982411 16.490217 -0.003102 4.923578 0.217111 
438 0.266184 0.000000 1.025982 15.782321 -0.001447 3.079529 0.316512 
439 0.196102 0.000000 0.960626 15.497552 -0.000867 2.460840 0.349119 
440 0.172742 0.000000 0.960626 14.280862 -0.000891 0.633323 0.459839 
441 0.196102 0.000000 0.938840 18.329272 -0.000369 2.738710 0.092095 
442 0.219463 0.000000 0.960626 17.222111 -0.001549 3.875037 0.176275 
443 0.196102 0.000000 0.982411 14.659714 -0.000811 1.428118 0.426526 
444 0.032580 0.000000 1.113124 18.602452 0.000073 -0.250119 0.085087 
445 -0.060862 0.000000 1.113124 18.917453 0.000206 -0.295389 0.053780 
446 0.032580 0.000000 1.200266 18.731277 0.000023 -0.052046 0.072532 
447 0.079300 0.000000 0.982411 18.285317 -0.000082 -1.003112 0.113516 
448 0.032580 0.000000 0.982411 18.676450 0.000100 -0.812951 0.076214 
449 0.079300 0.000000 0.938840 18.642360 -0.000069 -1.332696 0.076629 
450 0.079300 0.000000 1.025982 18.199303 -0.000141 -0.616433 0.123467 
451 0.149382 0.000000 0.960626 11.864575 -0.001355 -0.571850 0.627031 
452 0.126021 0.000000 0.960626 17.579574 -0.000154 -1.873651 0.173804 
453 0.149382 0.000000 0.938840 17.985570 0.000320 0.191899 0.144818 
454 0.149382 0.000000 0.982411 16.357995 -0.000032 -1.043446 0.289794 
455 0.196102 0.000000 0.917054 21.385164 0.000150 2.108262 -0.220637 
456 0.172742 0.000000 0.917054 22.198562 0.001606 0.389753 -0.303000 
457 0.196102 0.000000 0.895269 20.042477 -0.000059 0.879791 -0.063897 
458 0.219463 0.000000 0.917054 19.708312 -0.001714 3.236529 -0.054428 
459 0.184422 0.000000 0.949733 17.605005 -0.000039 2.059960 0.169502 
460 0.172742 0.000000 0.949733 17.221100 0.000125 0.897859 0.213929 
461 0.184422 0.000000 0.938840 17.878359 0.000023 2.185284 0.142456 
462 0.196102 0.000000 0.949733 17.515380 -0.000801 2.954559 0.165964 
463 0.184422 0.000000 0.960626 15.114509 -0.000809 1.864541 0.386933 
464 0.242823 0.000000 0.960626 16.957291 -0.001863 4.400989 0.188696 
465 0.242823 0.000000 0.938840 17.634528 -0.001974 4.307186 0.128929 
466 0.266184 0.000000 0.960626 16.767092 -0.002306 4.637178 0.200008 
467 0.242823 0.000000 0.982411 15.636080 -0.001353 3.823530 0.315082 
468 0.207783 0.000000 0.949733 17.512658 -0.001106 3.326375 0.160043 
469 0.207783 0.000000 0.938840 17.832340 -0.000952 3.283063 0.130931 
470 0.219463 0.000000 0.949733 17.583061 -0.001538 3.807140 0.144446 
471 0.207783 0.000000 0.960626 16.965543 -0.001455 3.466724 0.207386 
472 0.406346 0.000000 1.113124 17.938941 -0.003271 2.898667 0.127133 
473 0.499788 0.000000 1.113124 18.854720 -0.006291 3.137807 0.034248 
474 0.406346 0.000000 1.200266 18.453786 -0.003232 1.572762 0.093276 
475 0.359625 0.000000 0.982411 16.530516 -0.003700 4.891939 0.214414 
476 0.406346 0.000000 0.982411 16.628413 -0.005170 4.824882 0.207556 
477 0.359625 0.000000 1.025982 16.662902 -0.003618 4.652437 0.208841 
478 0.289544 0.000000 0.960626 16.658727 -0.002768 4.842330 0.204443 
479 0.289544 0.000000 0.938840 17.520383 -0.003036 4.679448 0.130693 
480 0.312905 0.000000 0.960626 16.502809 -0.003053 4.912379 0.216304 
481 0.289544 0.000000 0.982411 16.336433 -0.002769 4.776182 0.234235 
482 0.266184 0.000000 1.069553 16.621338 -0.001106 1.753892 0.261583 
483 0.219463 0.000000 1.069553 17.041335 -0.001450 0.987261 0.229765 
484 0.312905 0.000000 1.069553 16.868411 -0.002002 2.824025 0.226761 
485 0.266184 0.000000 1.113124 17.520873 -0.002137 1.332063 0.183840 
486 0.289544 0.000000 1.004197 15.994913 -0.002151 4.216738 0.276721 
487 0.266184 0.000000 1.004197 15.770669 -0.001593 3.841356 0.303547 
488 0.312905 0.000000 1.004197 16.237615 -0.002918 4.977824 0.237544 
489 0.289544 0.000000 1.025982 16.014291 -0.001918 3.431189 0.290963 
490 0.277864 0.000000 0.971518 16.556133 -0.002685 4.800750 0.214510 
491 0.266184 0.000000 0.971518 16.578077 -0.002288 4.633711 0.216754 
492 0.277864 0.000000 0.960626 16.715129 -0.002420 4.692340 0.203247 
493 0.289544 0.000000 0.971518 16.567208 -0.002775 4.759572 0.214581 
494 0.277864 0.000000 0.982411 16.457388 -0.002532 4.791162 0.223371 
495 0.453067 0.000000 0.982411 16.669158 -0.006876 4.445002 0.213278 
496 0.499788 0.000000 0.982411 16.846130 -0.008393 3.943447 0.208721 
497 0.453067 0.000000 1.025982 17.194492 -0.007311 4.376918 0.167840 
498 0.359625 0.000000 1.069553 17.271878 -0.003335 3.789910 0.173463 
499 0.406346 0.000000 1.069553 17.466193 -0.004678 4.173283 0.147549 
500 0.359625 0.000000 1.113124 17.670646 -0.002773 2.763816 0.154406 
501 0.382986 0.000000 1.004197 16.658724 -0.004482 4.847938 0.204299 
502 0.359625 0.000000 1.004197 16.570063 -0.003802 4.909087 0.210510 
503 0.382986 0.000000 0.982411 16.562696 -0.004342 4.890770 0.211629 
504 0.406346 0.000000 1.004197 16.731950 -0.005085 4.763601 0.199979 
505 0.382986 0.000000 1.025982 16.696808 -0.004429 4.886131 0.199959 
506 0.593230 0.000000 1.113124 19.054081 -0.005428 2.634875 0.021945 
507 0.686671 0.000000 1.113124 19.165054 -0.007500 2.339867 0.014613 
508 0.593230 0.000000 1.200266 19.021375 -0.005745 2.049453 0.032486 
509 0.453067 0.000000 1.069553 17.834699 -0.007045 4.104751 0.114662 
510 0.499788 0.000000 1.069553 18.114527 -0.008345 3.748362 0.095469 
511 0.453067 0.000000 1.113124 18.339713 -0.004622 3.077441 0.085875 
512 0.429707 0.000000 1.004197 16.871931 -0.005941 4.626739 0.190942 
513 0.429707 0.000000 0.982411 16.592558 -0.006155 4.745109 0.212722 
514 0.453067 0.000000 1.004197 17.077508 -0.007259 4.407579 0.177727 
515 0.429707 0.000000 1.025982 16.995335 -0.006292 4.575529 0.181140 
516 0.429707 0.000000 1.047768 17.453876 -0.006903 4.502501 0.141136 
517 0.406346 0.000000 1.047768 17.232500 -0.004858 4.431937 0.163101 
518 0.453067 0.000000 1.047768 17.430613 -0.007418 4.331529 0.147274 
519 0.429707 0.000000 1.069553 17.752516 -0.006108 4.089392 0.122726 
520 0.418026 0.000000 1.015089 16.848492 -0.005662 4.735302 0.190344 
521 0.406346 0.000000 1.015089 16.826510 -0.005434 4.733904 0.192336 
522 0.418026 0.000000 1.004197 16.823802 -0.005505 4.749189 0.192194 
523 0.429707 0.000000 1.015089 16.995335 -0.006292 4.575529 0.181140 
524 0.418026 0.000000 1.025982 17.004155 -0.006031 4.646549 0.178616 
525 0.546509 0.000000 1.069553 18.207421 -0.008086 3.301308 0.094881 
526 0.546509 0.000000 1.025982 17.895218 -0.008636 3.361505 0.123615 
527 0.593230 0.000000 1.069553 18.367613 -0.008111 2.905532 0.085887 
528 0.546509 0.000000 1.113124 19.178659 -0.005113 2.829846 0.006538 
529 0.476428 0.000000 1.047768 17.485870 -0.008213 4.096538 0.147409 
530 0.476428 0.000000 1.025982 17.408184 -0.008194 4.137124 0.153691 
531 0.499788 0.000000 1.047768 17.646247 -0.008668 3.802379 0.138657 
532 0.476428 0.000000 1.069553 18.059239 -0.007802 3.909143 0.097501 
533 0.546509 0.000000 0.982411 17.177759 -0.009828 3.387329 0.189671 
534 0.593230 0.000000 0.982411 17.324814 -0.011686 3.053859 0.181937 
535 0.523148 0.000000 1.047768 17.819516 -0.008537 3.580246 0.126748 
536 0.523148 0.000000 1.025982 17.637896 -0.008917 3.607848 0.143246 
537 0.546509 0.000000 1.047768 17.966275 -0.008633 3.346246 0.117150 
538 0.523148 0.000000 1.069553 18.327937 -0.008051 3.458382 0.080435 
539 1.621088 0.000000 1.374551 19.715847 -0.007528 0.764613 -0.029069 
540 1.994855 0.000000 1.374551 19.322311 0.014788 0.342198 0.012777 
541 1.621088 0.000000 1.723119 19.456908 0.003120 0.332755 -0.001003 
542 1.060438 0.000000 1.200266 19.623017 -0.011723 1.582233 -0.024488 
543 1.247321 0.000000 1.200266 19.487664 -0.007125 1.494985 -0.009785 
544 1.060438 0.000000 1.374551 19.627263 -0.009810 1.216343 -0.022222 
545 0.780113 0.000000 1.113124 19.218501 -0.009651 2.108638 0.011909 
546 0.873555 0.000000 1.113124 19.408510 -0.012379 1.948970 -0.005779 
547 0.780113 0.000000 1.200266 19.355247 -0.008318 1.745097 0.001669 
548 0.639950 0.000000 1.069553 18.539898 -0.008787 2.660520 0.072683 
549 0.639950 0.000000 1.025982 18.305429 -0.009971 2.733547 0.094478 
550 0.686671 0.000000 1.069553 18.734986 -0.009876 2.511938 0.055492 
551 0.639950 0.000000 1.113124 19.039743 -0.006352 2.470446 0.025608 
552 0.639950 0.000000 0.982411 17.840468 -0.012850 2.738690 0.138830 
553 0.686671 0.000000 0.982411 18.282384 -0.014870 2.528038 0.099565 
554 0.733392 0.000000 1.069553 18.944654 -0.010937 2.357278 0.036600 
555 0.733392 0.000000 1.025982 18.655707 -0.014787 2.399977 0.064781 
556 0.780113 0.000000 1.069553 19.057733 -0.011633 2.201112 0.027122 
557 0.733392 0.000000 1.113124 19.254579 -0.007985 2.178658 0.007447 
558 0.663311 0.000000 1.047768 18.605086 -0.010046 2.579912 0.067399 
559 0.639950 0.000000 1.047768 18.539898 -0.008787 2.660520 0.072683 
560 0.663311 0.000000 1.025982 18.323261 -0.010219 2.683594 0.093467 
561 0.686671 0.000000 1.047768 18.702554 -0.010168 2.515968 0.058648 
562 0.663311 0.000000 1.069553 18.712963 -0.009292 2.553079 0.057122 
563 0.966996 0.000000 1.113124 19.486302 -0.013662 1.818302 -0.012476 
564 0.966996 0.000000 1.025982 19.352440 -0.020954 1.877328 0.000689 
565 1.060438 0.000000 1.113124 19.597292 -0.013357 1.712461 -0.022955 
566 0.966996 0.000000 1.200266 19.599829 -0.010940 1.457426 -0.021081 
567 0.826834 0.000000 1.069553 19.201373 -0.013128 2.079550 0.013970 
568 0.826834 0.000000 1.025982 19.004833 -0.016263 2.154427 0.032982 
569 0.873555 0.000000 1.069553 19.322584 -0.014217 1.999732 0.002488 
570 0.826834 0.000000 1.113124 19.302881 -0.011069 2.026984 0.004210 
571 0.966996 0.000000 0.938840 19.403434 -0.020468 1.689922 -0.002768 
572 0.966996 0.000000 0.851698 19.635702 0.009381 1.646354 -0.026352 
573 1.060438 0.000000 0.938840 19.608108 -0.022002 1.689956 -0.023875 
574 0.920276 0.000000 1.069553 19.388763 -0.014659 1.923326 -0.003492 
575 0.920276 0.000000 1.025982 19.289849 -0.019941 1.964049 0.006202 
576 0.966996 0.000000 1.069553 19.435175 -0.015143 1.852675 -0.007550 
577 0.920276 0.000000 1.113124 19.446448 -0.012993 1.881504 -0.008993 
578 -1.742813 0.000000 9.391630 19.449228 0.000132 0.000663 0.000079 
579 -4.732946 0.000000 9.391630 19.449583 0.000165 0.000047 0.000043 
580 1.247321 0.000000 9.391630 19.449247 0.000217 0.001547 0.000077 
581 -1.742813 0.000000 12.180179 19.449643 0.000195 0.000279 0.000037 
582 -0.247746 0.000000 5.208806 19.444341 0.001646 0.002800 0.000582 
583 -1.742813 0.000000 5.208806 19.445913 0.000979 0.000144 0.000420 
584 1.247321 0.000000 5.208806 19.445050 -0.004057 0.006646 0.000509 
585 -0.247746 0.000000 6.603080 19.447026 0.001151 0.001721 0.000306 
586 0.499788 0.000000 3.117394 19.429003 0.002589 0.029034 0.002156 
587 -0.247746 0.000000 3.117394 19.426468 0.001845 0.012439 0.002418 
588 1.247321 0.000000 3.117394 19.438697 0.003566 0.035966 0.001159 
589 0.499788 0.000000 3.814531 19.437619 -0.004423 0.014468 0.001272 
590 0.873555 0.000000 2.071688 19.407620 0.001461 0.221997 0.004223 
591 0.499788 0.000000 2.071688 19.353506 0.001047 0.181111 0.009811 
592 1.247321 0.000000 2.071688 19.441814 -0.008253 0.215052 0.000719 
593 0.873555 0.000000 2.420257 19.419528 0.003608 0.091085 0.003109 
594 1.060438 0.000000 1.548835 19.475251 0.005746 0.587410 -0.003510 
595 0.873555 0.000000 1.548835 19.393947 0.002694 0.632575 0.004698 
596 1.247321 0.000000 1.548835 19.497559 0.008818 0.530588 -0.005641 
597 1.060438 0.000000 1.723119 19.435512 -0.003456 0.413923 0.001036 
598 0.966996 0.000000 1.287409 19.627102 -0.009784 1.225791 -0.022266 
599 0.873555 0.000000 1.287409 19.468357 0.008062 1.218690 -0.005815 
600 1.060438 0.000000 1.287409 19.631513 -0.010666 1.338280 -0.023486 
601 0.966996 0.000000 1.374551 19.498143 0.006047 0.933893 -0.007262 
602 0.920276 0.000000 1.156695 19.562055 -0.010657 1.746583 -0.019620 
603 0.873555 0.000000 1.156695 19.635902 -0.010125 1.727855 -0.027099 
604 0.966996 0.000000 1.156695 19.571286 -0.011475 1.686828 -0.020032 
605 0.920276 0.000000 1.200266 19.573067 -0.011037 1.580454 -0.019298 
606 0.896915 0.000000 1.091339 19.389559 -0.013633 1.934160 -0.003684 
607 0.873555 0.000000 1.091339 19.352029 -0.013663 1.981317 -0.000329 
608 0.896915 0.000000 1.069553 19.365264 -0.013961 1.954312 -0.001402 
609 0.920276 0.000000 1.091339 19.415682 -0.014157 1.905224 -0.006070 
610 0.896915 0.000000 1.113124 19.428998 -0.013302 1.901635 -0.007401 
611 1.434205 0.000000 1.200266 19.469659 -0.003134 1.324880 -0.006662 
612 1.434205 0.000000 1.025982 19.277181 -0.011627 1.462434 0.012038 
613 1.621088 0.000000 1.200266 19.497875 -0.003299 0.896625 -0.007054 
614 1.434205 0.000000 1.374551 19.646759 -0.008185 1.008465 -0.023023 
615 1.153880 0.000000 1.113124 19.523042 -0.010699 1.691957 -0.015092 
616 1.153880 0.000000 1.025982 19.495250 -0.013945 1.712197 -0.012408 
617 1.247321 0.000000 1.113124 19.445275 -0.007356 1.593492 -0.006226 
618 1.153880 0.000000 1.200266 19.538721 -0.008913 1.549941 -0.015494 
619 1.013717 0.000000 1.069553 19.554444 -0.014461 1.763616 -0.018991 
620 1.013717 0.000000 1.025982 19.546602 -0.018568 1.748200 -0.018038 
621 1.060438 0.000000 1.069553 19.603372 -0.015277 1.730567 -0.023750 
622 1.013717 0.000000 1.113124 19.579250 -0.013180 1.727588 -0.021224 
623 10.217723 0.000000 3.814531 19.446725 0.036253 0.029420 0.000331 
624 10.217723 0.000000 1.025982 19.436192 -0.101510 1.033892 -0.001434 
625 13.207857 0.000000 3.814531 19.449945 0.017746 0.033525 0.000002 
626 10.217723 0.000000 6.603080 19.450493 0.004231 0.005704 -0.000051 
627 5.732522 0.000000 2.420257 19.448223 0.021210 0.070155 0.000169 
628 5.732522 0.000000 1.025982 19.484339 -0.012993 1.098326 -0.006723 
629 7.227589 0.000000 2.420257 19.445379 0.036919 0.072072 0.000458 
630 5.732522 0.000000 3.814531 19.446493 0.025686 0.020223 0.000358 
631 3.489922 0.000000 1.723119 19.445514 0.011362 0.394848 0.000049 
632 3.489922 0.000000 1.025982 19.452357 0.000878 1.013370 -0.002957 
633 4.237455 0.000000 1.723119 19.450497 0.007533 0.397383 -0.000469 
634 3.489922 0.000000 2.420257 19.449920 0.009668 0.074936 -0.000007 
635 2.368622 0.000000 1.374551 19.366888 0.011107 0.687298 0.007279 
636 2.368622 0.000000 1.025982 19.487439 -0.009543 1.124232 -0.007195 
637 2.742388 0.000000 1.374551 19.431345 0.015239 0.700196 0.000621 
638 2.368622 0.000000 1.723119 19.422994 0.001476 0.359781 0.002433 
639 1.807972 0.000000 1.200266 19.462740 -0.001839 0.053368 -0.001318 
640 1.807972 0.000000 1.025982 18.939846 -0.012990 0.525251 0.051040 
641 1.994855 0.000000 1.200266 19.046895 0.000706 -1.579364 0.034427 
642 1.807972 0.000000 1.374551 19.725968 -0.007102 0.377830 -0.028956 
643 10.217723 0.000000 -1.762567 19.442761 0.043657 -0.322633 0.000464 
644 10.217723 0.000000 -4.551116 19.449960 0.008782 -0.018606 0.000003 
645 13.207857 0.000000 -1.762567 19.448893 0.106428 -0.209985 -0.000033 
646 5.732522 0.000000 -0.368292 19.455492 -0.020785 -0.609899 -0.001549 
647 5.732522 0.000000 -1.762567 19.459306 0.022305 -0.359865 -0.001301 
648 7.227589 0.000000 -0.368292 19.463646 -0.057666 -0.678872 -0.002631 
649 3.489922 0.000000 0.328845 19.446694 -0.019455 0.549540 -0.000459 
650 3.489922 0.000000 -0.368292 19.447225 -0.018706 -0.618937 -0.000728 
651 4.237455 0.000000 0.328845 19.441838 -0.017668 0.549804 0.000039 
652 2.368622 0.000000 0.677414 19.468261 0.004825 1.129780 -0.005253 
653 2.368622 0.000000 0.328845 19.467276 0.004059 0.534643 -0.002533 
654 2.742388 0.000000 0.677414 19.455727 -0.014464 1.145583 -0.004059 
655 1.807972 0.000000 0.851698 19.315483 0.030516 1.018007 0.011042 
656 1.621088 0.000000 0.851698 19.062336 -0.015858 1.173917 0.035822 
657 1.807972 0.000000 0.677414 19.404776 0.025325 1.138426 0.001217 
658 1.994855 0.000000 0.851698 19.454696 0.025277 0.967267 -0.002958 
659 1.714530 0.000000 1.113124 19.252793 -0.005823 0.876061 0.018147 
660 1.621088 0.000000 1.113124 19.284263 -0.003278 0.990237 0.014378 
661 1.714530 0.000000 1.025982 19.104223 -0.010782 0.860968 0.033280 
662 1.807972 0.000000 1.113124 19.203628 -0.003840 0.089924 0.025152 
663 1.714530 0.000000 1.200266 19.470482 -0.004069 0.824413 -0.003904 
664 2.181738 0.000000 1.200266 19.168302 -0.004397 -1.298531 0.024299 
665 2.181738 0.000000 1.025982 19.300470 -0.003400 -1.463119 0.009658 
666 2.368622 0.000000 1.200266 19.360704 0.009470 0.974613 0.006650 
667 2.181738 0.000000 1.374551 19.277335 0.010624 0.576602 0.016797 
668 2.181738 0.000000 0.851698 19.521436 0.013248 1.079240 -0.010438 
669 2.181738 0.000000 0.677414 19.469951 0.016667 1.112585 -0.005325 
670 2.368622 0.000000 0.851698 19.486606 -0.000517 1.152668 -0.007280 
671 2.088297 0.000000 1.113124 19.128204 -0.002279 -1.543488 0.026518 
672 1.994855 0.000000 1.113124 19.142333 -0.001533 -1.577476 0.024809 
673 2.088297 0.000000 1.025982 19.913311 -0.013108 -0.613838 -0.049205 
674 2.181738 0.000000 1.113124 19.264128 0.119799 -0.651022 0.017863 
675 2.088297 0.000000 1.200266 18.981906 -0.000293 -1.721555 0.039720 
676 3.116155 0.000000 1.374551 19.443189 0.015850 0.696458 -0.000583 
677 3.116155 0.000000 1.025982 19.454411 0.000223 1.029958 -0.003258 
678 3.489922 0.000000 1.374551 19.443657 0.013793 0.697840 -0.000636 
679 3.116155 0.000000 1.723119 19.442607 0.012186 0.391324 0.000355 
680 2.555505 0.000000 1.200266 19.423113 0.009895 0.932777 0.000463 
681 2.555505 0.000000 1.025982 19.452104 -0.009563 1.079456 -0.003297 
682 2.742388 0.000000 1.200266 19.437172 0.011212 0.917941 -0.000909 
683 2.555505 0.000000 1.374551 19.413577 0.013358 0.701151 0.002442 
684 2.275180 0.000000 1.113124 19.270368 0.155393 -0.420929 0.017854 
685 2.275180 0.000000 1.025982 19.359954 0.243995 -0.003513 0.009080 
686 2.368622 0.000000 1.113124 19.359954 0.243995 -0.003513 0.009080 
687 2.275180 0.000000 1.200266 19.314261 0.231867 -0.014193 0.013766 
688 0.079300 0.000000 0.895269 19.033943 0.000036 -1.420364 0.036992 
689 0.032580 0.000000 0.895269 19.106020 0.000273 -1.126141 0.031706 
690 0.149382 0.000000 0.917054 20.279286 -0.000533 -2.288503 -0.100936 
691 0.126021 0.000000 0.917054 19.121086 -0.000138 -2.025366 0.022692 
692 0.149382 0.000000 0.895269 19.768577 -0.000248 -1.409799 -0.038281 
693 0.686671 0.000000 1.548835 19.268207 0.001123 0.620531 0.017588 
694 0.499788 0.000000 1.548835 19.149406 0.000429 0.523292 0.029947 
695 0.686671 0.000000 1.723119 19.308604 0.001609 0.407611 0.014047 
696 0.593230 0.000000 1.287409 19.068668 -0.002040 1.272629 0.034546 
697 0.499788 0.000000 1.287409 18.893187 -0.002184 1.202466 0.052614 
698 0.686671 0.000000 1.287409 19.220124 -0.000478 1.288181 0.019112 
699 0.593230 0.000000 1.374551 19.114736 -0.000696 0.949581 0.031794 
700 0.546509 0.000000 1.156695 18.949289 -0.005616 2.393509 0.035680 
701 0.499788 0.000000 1.156695 18.680815 -0.004781 2.498652 0.061026 
702 0.593230 0.000000 1.156695 19.056074 -0.005791 2.296965 0.026150 
703 0.546509 0.000000 1.200266 18.971714 -0.005649 2.187291 0.035930 
704 0.126021 0.000000 2.071688 19.337699 0.000848 0.106873 0.011484 
705 -0.247746 0.000000 2.071688 19.359886 0.001859 0.019615 0.009244 
706 0.126021 0.000000 2.420257 19.389238 0.002359 0.048408 0.006232 
707 0.312905 0.000000 1.548835 19.082120 0.000235 0.363246 0.037122 
708 0.126021 0.000000 1.548835 19.103452 0.000394 0.198969 0.035213 
709 0.312905 0.000000 1.723119 19.215937 0.000946 0.263935 0.023739 
710 0.406346 0.000000 1.287409 18.714161 -0.001769 1.031394 0.071421 
711 0.312905 0.000000 1.287409 18.610547 -0.001026 0.758981 0.082934 
712 0.406346 0.000000 1.374551 18.895443 -0.000697 0.742619 0.054753 
713 0.453067 0.000000 1.156695 18.423145 -0.004330 2.391355 0.087686 
714 0.406346 0.000000 1.156695 18.090721 -0.002901 2.327635 0.120566 
715 0.453067 0.000000 1.200266 18.615123 -0.004354 1.711503 0.076263 
716 0.546509 0.000000 1.243838 18.951284 -0.003342 1.489246 0.044762 
717 0.499788 0.000000 1.243838 18.828122 -0.003185 1.452760 0.057345 
718 0.593230 0.000000 1.243838 19.055820 -0.002986 1.502757 0.034152 
719 0.546509 0.000000 1.287409 18.981477 -0.002182 1.248462 0.043477 
720 0.523148 0.000000 1.178481 18.838133 -0.005218 2.247826 0.048571 
721 0.499788 0.000000 1.178481 18.745506 -0.004886 2.219958 0.058102 
722 0.523148 0.000000 1.156695 18.892273 -0.005440 2.444047 0.040738 
723 0.546509 0.000000 1.178481 18.979735 -0.005690 2.249968 0.034390 
724 0.523148 0.000000 1.200266 18.969140 -0.005616 2.186245 0.036200 
725 0.780113 0.000000 1.287409 19.353100 0.002695 1.265416 0.005706 
726 0.780113 0.000000 1.374551 19.336402 0.001194 0.987471 0.009069 
727 0.639950 0.000000 1.243838 19.066854 -0.005781 1.954100 0.028916 
728 0.639950 0.000000 1.200266 19.166701 -0.006709 1.934740 0.019024 
729 0.686671 0.000000 1.243838 19.353442 -0.008138 1.827059 0.001080 
730 0.639950 0.000000 1.287409 19.148857 -0.001445 1.283245 0.026373 
731 0.733392 0.000000 1.243838 19.352448 -0.008259 1.765227 0.001769 
732 0.733392 0.000000 1.200266 19.357020 -0.008229 1.819667 0.000785 
733 0.780113 0.000000 1.243838 19.349447 -0.008350 1.697113 0.002699 
734 0.733392 0.000000 1.287409 19.289942 0.000571 1.277559 0.012076 
735 0.733392 0.000000 1.156695 19.406451 -0.007422 1.991858 -0.006015 
736 0.686671 0.000000 1.156695 19.363693 -0.007659 2.072245 -0.002496 
737 0.780113 0.000000 1.156695 19.408029 -0.007752 1.887016 -0.005102 
738 0.710032 0.000000 1.222052 19.355172 -0.008180 1.827900 0.000895 
739 0.686671 0.000000 1.222052 19.352286 -0.008178 1.829286 0.001177 
740 0.710032 0.000000 1.200266 19.354289 -0.008242 1.838495 0.000883 
741 0.733392 0.000000 1.222052 19.352436 -0.008274 1.765812 0.001765 
742 0.710032 0.000000 1.243838 19.359665 -0.008222 1.827474 0.000439 
743 0.826834 0.000000 1.243838 19.471502 -0.009549 1.636677 -0.009293 
744 0.826834 0.000000 1.200266 19.494535 -0.009693 1.674803 -0.012000 
745 0.873555 0.000000 1.243838 19.589985 -0.010724 1.580693 -0.021051 
746 0.826834 0.000000 1.287409 19.413838 0.005363 1.243114 -0.000370 
747 0.920276 0.000000 1.243838 19.567272 -0.011018 1.533947 -0.018315 
748 0.966996 0.000000 1.243838 19.611999 -0.010342 1.337880 -0.021459 
749 0.920276 0.000000 1.287409 19.513443 0.011660 1.194591 -0.010307 
750 1.153880 0.000000 1.287409 19.569880 -0.009628 1.273053 -0.016649 
751 1.247321 0.000000 1.287409 19.570778 -0.008928 1.203415 -0.016286 
752 1.153880 0.000000 1.374551 19.535708 -0.008830 1.131830 -0.012219 
753 1.013717 0.000000 1.243838 19.640039 -0.010287 1.298838 -0.024096 
754 1.013717 0.000000 1.200266 19.626201 -0.011727 1.500205 -0.024150 
755 1.060438 0.000000 1.243838 19.631513 -0.010666 1.338280 -0.023486 
756 1.013717 0.000000 1.287409 19.630581 -0.010218 1.273436 -0.022942 
757 4.237455 0.000000 9.391630 19.449530 0.000383 0.002084 0.000048 
758 7.227589 0.000000 9.391630 19.449764 0.000637 0.002294 0.000024 
759 4.237455 0.000000 12.180179 19.449720 0.000379 0.000765 0.000029 
760 2.742388 0.000000 5.208806 19.446212 0.010668 0.009305 0.000389 
761 4.237455 0.000000 5.208806 19.447370 0.012842 0.010847 0.000270 
762 2.742388 0.000000 6.603080 19.447569 0.002032 0.004682 0.000250 
763 1.994855 0.000000 3.117394 19.445832 0.004895 0.034814 0.000425 
764 2.742388 0.000000 3.117394 19.448812 0.006486 0.032721 0.000119 
765 1.994855 0.000000 3.814531 19.446753 0.015809 0.017617 0.000332 
766 1.621088 0.000000 2.071688 19.442657 0.002679 0.206802 0.000642 
767 1.994855 0.000000 2.071688 19.440479 0.013454 0.200489 0.000872 
768 1.621088 0.000000 2.420257 19.445448 0.005029 0.080833 0.000451 
769 1.807972 0.000000 1.548835 19.458620 0.012406 0.385319 -0.001279 
770 1.621088 0.000000 1.548835 19.484228 0.013047 0.441441 -0.004038 
771 1.994855 0.000000 1.548835 19.405725 0.010974 0.385315 0.004155 
772 1.807972 0.000000 1.723119 19.450918 0.003122 0.311080 -0.000350 
773 1.714530 0.000000 1.287409 19.611351 -0.005747 0.692891 -0.017929 
774 1.621088 0.000000 1.287409 19.619561 -0.005869 0.918324 -0.019741 
775 1.807972 0.000000 1.287409 19.775411 -0.005849 0.305409 -0.033988 
776 1.714530 0.000000 1.374551 19.804104 -0.007364 0.579101 -0.037630 
777 2.368622 0.000000 2.071688 19.440114 0.027114 0.210787 0.000897 
778 2.742388 0.000000 2.071688 19.444086 0.028427 0.216904 0.000482 
779 2.368622 0.000000 2.420257 19.447949 0.006171 0.074764 0.000196 
780 2.181738 0.000000 1.548835 19.382696 0.010291 0.445259 0.006384 
781 2.368622 0.000000 1.548835 19.399342 0.010623 0.489821 0.004568 
782 2.181738 0.000000 1.723119 19.420117 0.004203 0.338976 0.002767 
783 2.088297 0.000000 1.287409 18.697498 -0.007561 -0.599985 0.074930 
784 1.994855 0.000000 1.287409 19.120145 -0.005182 -0.512183 0.032937 
785 2.181738 0.000000 1.287409 19.135797 0.008723 0.639208 0.030968 
786 2.088297 0.000000 1.374551 19.265538 0.011926 0.457832 0.018323 
787 2.135017 0.000000 1.156695 19.101936 -0.001738 -1.526293 0.029312 
788 2.088297 0.000000 1.156695 19.128204 -0.002279 -1.543488 0.026518 
789 2.135017 0.000000 1.113124 19.148690 -0.002190 -1.498245 0.024809 
790 2.181738 0.000000 1.156695 19.264128 0.119799 -0.651022 0.017863 
791 2.135017 0.000000 1.200266 19.004597 -0.000654 -1.535486 0.039043 
792 2.275180 0.000000 1.287409 19.264787 0.007974 0.785258 0.017324 
793 2.368622 0.000000 1.287409 19.352297 0.008787 0.821418 0.008238 
794 2.275180 0.000000 1.374551 19.323578 0.010477 0.653312 0.011829 
795 2.228459 0.000000 1.156695 19.264128 0.119799 -0.651022 0.017863 
796 2.228459 0.000000 1.113124 19.264128 0.119799 -0.651022 0.017863 
797 2.275180 0.000000 1.156695 19.213807 0.201999 -0.090797 0.024010 
798 2.228459 0.000000 1.200266 19.184772 0.134502 -0.658168 0.025894 
799 3.116155 0.000000 0.677414 19.451613 -0.012574 1.157739 -0.003709 
800 3.116155 0.000000 0.328845 19.449613 -0.014504 0.543832 -0.000743 
801 3.489922 0.000000 0.677414 19.447670 -0.005484 1.166916 -0.003360 
802 2.555505 0.000000 0.851698 19.465496 -0.010490 1.165897 -0.005188 
803 2.555505 0.000000 0.677414 19.460496 -0.007258 1.138970 -0.004509 
804 2.742388 0.000000 0.851698 19.460329 -0.013352 1.171111 -0.004688 
805 2.275180 0.000000 0.938840 19.549204 -0.020124 1.077337 -0.013296 
806 2.181738 0.000000 0.938840 19.608636 -0.009053 0.978790 -0.018911 
807 2.275180 0.000000 0.851698 19.506776 0.006211 1.128073 -0.009211 
808 2.368622 0.000000 0.938840 19.497226 -0.041325 1.100924 -0.008070 
809 2.228459 0.000000 1.069553 19.264128 0.119799 -0.651022 0.017863 
810 2.181738 0.000000 1.069553 19.264128 0.119799 -0.651022 0.017863 
811 2.228459 0.000000 1.025982 19.463016 0.201240 -0.100712 -0.001473 
812 2.275180 0.000000 1.069553 19.395790 0.231694 -0.015009 0.005424 
813 2.205099 0.000000 1.134910 19.264128 0.119799 -0.651022 0.017863 
814 2.181738 0.000000 1.134910 19.264128 0.119799 -0.651022 0.017863 
815 2.205099 0.000000 1.113124 19.264128 0.119799 -0.651022 0.017863 
816 2.228459 0.000000 1.134910 19.264128 0.119799 -0.651022 0.017863 
817 2.205099 0.000000 1.156695 19.264128 0.119799 -0.651022 0.017863 
818 2.088297 0.000000 0.938840 19.601955 -0.000902 0.820690 -0.017467 
819 1.994855 0.000000 0.938840 19.365843 -0.011308 -0.002418 0.008635 
820 2.088297 0.000000 0.851698 19.507030 0.019733 1.015928 -0.008602 
821 2.135017 0.000000 1.069553 19.219047 -0.002820 -1.454200 0.018017 
822 2.088297 0.000000 1.069553 19.165902 -0.001911 -1.577733 0.022420 
823 2.135017 0.000000 1.025982 19.419851 -0.005123 -1.344882 -0.001683 
824 2.205099 0.000000 1.091339 19.264128 0.119799 -0.651022 0.017863 
825 2.181738 0.000000 1.091339 19.264128 0.119799 -0.651022 0.017863 
826 2.205099 0.000000 1.069553 19.264128 0.119799 -0.651022 0.017863 
827 2.228459 0.000000 1.091339 19.264128 0.119799 -0.651022 0.017863 
828 2.462063 0.000000 1.113124 19.431212 -0.002464 1.055159 -0.001012 
829 2.462063 0.000000 1.025982 19.457503 -0.009718 1.097728 -0.003957 
830 2.555505 0.000000 1.113124 19.436942 -0.000963 1.033392 -0.001481 
831 2.462063 0.000000 1.200266 19.406879 0.011812 0.948596 0.002050 
832 2.321901 0.000000 1.156695 19.359954 0.243995 -0.003513 0.009080 
833 2.321901 0.000000 1.113124 19.359954 0.243995 -0.003513 0.009080 
834 2.368622 0.000000 1.156695 19.359954 0.243995 -0.003513 0.009080 
835 2.321901 0.000000 1.200266 19.359954 0.243995 -0.003513 0.009080 
836 2.251820 0.000000 1.134910 19.264128 0.119799 -0.651022 0.017863 
837 2.251820 0.000000 1.113124 19.264128 0.119799 -0.651022 0.017863 
838 2.275180 0.000000 1.134910 19.194955 0.161460 -0.449348 0.025451 
839 2.251820 0.000000 1.156695 19.264128 0.119799 -0.651022 0.017863 
840 2.216779 0.000000 1.124017 19.249021 0.111581 -0.661037 0.019371 
841 2.205099 0.000000 1.124017 19.264128 0.119799 -0.651022 0.017863 
842 2.216779 0.000000 1.113124 19.277646 0.115333 -0.663264 0.016446 
843 2.228459 0.000000 1.124017 19.264128 0.119799 -0.651022 0.017863 
844 2.216779 0.000000 1.134910 19.264128 0.119799 -0.651022 0.017863 
845 0.161062 0.000000 0.949733 15.971758 -0.000421 0.749348 0.324195 
846 0.149382 0.000000 0.949733 11.864575 -0.001355 -0.571850 0.627031 
847 0.161062 0.000000 0.938840 17.963180 0.000345 0.448872 0.146510 
848 0.161062 0.000000 0.960626 12.993400 -0.001134 -0.258514 0.553544 
849 0.733392 0.000000 0.808127 19.382775 0.005936 2.245841 -0.006432 
850 0.733392 0.000000 0.764556 19.575136 0.005350 2.174271 -0.025405 
851 0.780113 0.000000 0.808127 19.434649 0.006003 2.057485 -0.009612 
852 0.733392 0.000000 0.851698 19.169717 0.018763 2.277718 0.014898 
853 0.826834 0.000000 0.895269 18.942303 -0.016991 1.978188 0.041179 
854 0.780113 0.000000 0.895269 18.859950 -0.016985 2.086827 0.048241 
855 0.826834 0.000000 0.851698 19.380384 -0.007745 1.911217 -0.002510 
856 0.873555 0.000000 0.895269 19.384296 -0.013199 1.858461 -0.002386 
857 0.826834 0.000000 0.938840 18.931190 -0.016759 2.006594 0.041992 
858 1.060438 0.000000 0.503129 19.809637 -0.000674 1.119348 -0.040635 
859 1.060438 0.000000 0.328845 19.823423 -0.001373 0.669943 -0.039953 
860 1.247321 0.000000 0.503129 19.685862 0.048374 1.081841 -0.027500 
861 0.966996 0.000000 0.764556 19.721831 0.007677 1.643542 -0.035288 
862 0.966996 0.000000 0.677414 19.788717 0.004751 1.524528 -0.041277 
863 1.060438 0.000000 0.764556 19.751478 0.010452 1.584440 -0.037877 
864 0.920276 0.000000 0.895269 19.493726 -0.014565 1.768900 -0.012773 
865 0.920276 0.000000 0.851698 19.564300 0.006614 1.709134 -0.019510 
866 0.966996 0.000000 0.895269 19.582842 -0.015590 1.697958 -0.021328 
867 0.920276 0.000000 0.938840 19.368574 -0.020527 1.730526 0.000438 
868 0.920276 0.000000 0.808127 19.627535 0.007962 1.715574 -0.026119 
869 0.873555 0.000000 0.808127 19.563623 0.007045 1.793911 -0.020225 
870 0.920276 0.000000 0.764556 19.685523 0.006931 1.695675 -0.031966 
871 0.966996 0.000000 0.808127 19.681369 0.009009 1.657609 -0.031196 
872 1.434205 0.000000 0.851698 19.319370 -0.022588 1.513741 0.007329 
873 1.434205 0.000000 0.677414 19.474656 0.014744 1.345702 -0.007324 
874 1.153880 0.000000 0.938840 19.490089 -0.021130 1.670908 -0.011508 
875 1.153880 0.000000 0.851698 19.503824 -0.023221 1.623139 -0.012508 
876 1.247321 0.000000 0.938840 19.361421 -0.021141 1.615752 0.002185 
877 1.013717 0.000000 0.895269 19.622822 -0.023634 1.669865 -0.025222 
878 1.013717 0.000000 0.851698 19.684677 0.011453 1.597040 -0.031019 
879 1.060438 0.000000 0.895269 19.615704 -0.022722 1.679452 -0.024569 
880 1.013717 0.000000 0.938840 19.550688 -0.022410 1.679025 -0.017834 
881 0.943636 0.000000 0.873483 19.572476 0.024343 1.696988 -0.020247 
882 0.920276 0.000000 0.873483 19.529561 0.025034 1.733255 -0.016141 
883 0.943636 0.000000 0.851698 19.602351 0.007725 1.676302 -0.023155 
884 0.966996 0.000000 0.873483 19.609969 0.024405 1.664734 -0.023844 
885 0.943636 0.000000 0.895269 19.541470 -0.014983 1.730438 -0.017344 
886 1.153880 0.000000 0.764556 19.702909 0.012948 1.554130 -0.032560 
887 1.153880 0.000000 0.677414 19.727537 0.007709 1.466470 -0.034427 
888 1.247321 0.000000 0.764556 19.603439 0.015393 1.522545 -0.021968 
889 1.107159 0.000000 0.895269 19.615704 -0.022722 1.679452 -0.024569 
890 1.107159 0.000000 0.851698 19.622822 -0.023634 1.669865 -0.025222 
891 1.153880 0.000000 0.895269 19.494938 -0.022303 1.648246 -0.011809 
892 1.107159 0.000000 0.938840 19.532954 -0.021869 1.666040 -0.015887 
893 1.107159 0.000000 0.808127 19.718892 0.013903 1.568659 -0.034346 
894 1.060438 0.000000 0.808127 19.730258 0.012193 1.588310 -0.035695 
895 1.107159 0.000000 0.764556 19.736393 0.011633 1.566977 -0.036157 
896 1.153880 0.000000 0.808127 19.687196 0.015336 1.553081 -0.030916 
897 1.083798 0.000000 0.873483 19.622822 -0.023634 1.669865 -0.025222 
898 1.060438 0.000000 0.873483 19.622822 -0.023634 1.669865 -0.025222 
899 1.083798 0.000000 0.851698 19.622822 -0.023634 1.669865 -0.025222 
900 1.107159 0.000000 0.873483 19.622822 -0.023634 1.669865 -0.025222 
901 1.083798 0.000000 0.895269 19.615704 -0.022722 1.679452 -0.024569 
902 8.722656 0.000000 2.420257 19.442272 -0.041788 0.102025 0.000762 
903 8.722656 0.000000 1.025982 19.452221 -0.035931 1.072124 -0.003270 
904 10.217723 0.000000 2.420257 19.448229 -0.039464 0.116051 0.000142 
905 8.722656 0.000000 3.814531 19.445721 0.032706 0.026199 0.000435 
906 6.480056 0.000000 1.723119 19.462245 0.023992 0.367743 -0.001619 
907 5.732522 0.000000 1.723119 19.460054 0.022409 0.386897 -0.001431 
908 6.480056 0.000000 1.025982 19.497478 -0.004920 1.103240 -0.008105 
909 7.227589 0.000000 1.723119 19.459065 0.020977 0.347828 -0.001253 
910 6.480056 0.000000 2.420257 19.447241 0.034825 0.073726 0.000266 
911 4.984989 0.000000 1.723119 19.455884 0.016549 0.397531 -0.001024 
912 4.984989 0.000000 1.025982 19.464837 -0.022505 1.043652 -0.004407 
913 4.984989 0.000000 2.420257 19.449464 0.017999 0.071836 0.000041 
914 8.722656 0.000000 -0.368292 19.470824 -0.008286 -0.660155 -0.003295 
915 8.722656 0.000000 -1.762567 19.443827 0.015633 -0.307230 0.000385 
916 10.217723 0.000000 -0.368292 19.461623 -0.007924 -0.665257 -0.002366 
917 6.480056 0.000000 0.328845 19.466769 -0.036153 0.558667 -0.002554 
918 5.732522 0.000000 0.328845 19.455382 -0.007572 0.540856 -0.001327 
919 6.480056 0.000000 -0.368292 19.468553 -0.065248 -0.630748 -0.002972 
920 7.227589 0.000000 0.328845 19.461865 -0.025625 0.601690 -0.002179 
921 6.106289 0.000000 1.374551 19.477778 0.028590 0.665238 -0.004030 
922 5.732522 0.000000 1.374551 19.475027 0.029122 0.685118 -0.003818 
923 6.106289 0.000000 1.025982 19.492154 -0.001388 1.108650 -0.007588 
924 6.480056 0.000000 1.374551 19.478144 0.017190 0.652678 -0.004023 
925 6.106289 0.000000 1.723119 19.461403 0.023850 0.376910 -0.001550 
926 4.984989 0.000000 0.328845 19.443151 -0.009352 0.543036 -0.000076 
927 4.984989 0.000000 -0.368292 19.442973 -0.013361 -0.612293 -0.000269 
928 6.106289 0.000000 0.677414 19.486474 -0.181122 1.154395 -0.007363 
929 5.732522 0.000000 0.677414 19.465483 -0.126450 1.137190 -0.005053 
930 6.106289 0.000000 0.328845 19.463577 -0.019904 0.545566 -0.002184 
931 6.480056 0.000000 0.677414 19.487521 -0.287595 1.144292 -0.007542 
932 7.975123 0.000000 1.723119 19.451324 0.015315 0.333413 -0.000431 
933 7.975123 0.000000 1.025982 19.463911 -0.038034 1.094411 -0.004601 
934 8.722656 0.000000 1.723119 19.443999 0.014300 0.325323 0.000337 
935 7.975123 0.000000 2.420257 19.440992 0.029174 0.068166 0.000912 
936 6.853823 0.000000 1.374551 19.478033 0.011509 0.629524 -0.003933 
937 6.853823 0.000000 1.025982 19.494480 -0.016870 1.095250 -0.007751 
938 7.227589 0.000000 1.374551 19.472091 0.010210 0.601068 -0.003228 
939 6.853823 0.000000 1.723119 19.461547 0.023082 0.357568 -0.001527 
940 6.293172 0.000000 1.200266 19.489497 0.026734 0.821458 -0.005851 
941 6.106289 0.000000 1.200266 19.487971 0.021310 0.842820 -0.005787 
942 6.293172 0.000000 1.025982 19.496033 -0.001370 1.107074 -0.007979 
943 6.480056 0.000000 1.200266 19.490401 0.022928 0.810808 -0.005898 
944 6.293172 0.000000 1.374551 19.478800 0.032682 0.655232 -0.004101 
945 5.358756 0.000000 1.374551 19.471549 0.035484 0.701809 -0.003522 
946 4.984989 0.000000 1.374551 19.464978 0.024147 0.714443 -0.002892 
947 5.358756 0.000000 1.025982 19.476090 -0.026717 1.073245 -0.005731 
948 5.358756 0.000000 1.723119 19.458184 0.019687 0.393428 -0.001252 
949 5.919406 0.000000 1.200266 19.485865 0.022169 0.851755 -0.005610 
950 5.732522 0.000000 1.200266 19.483911 0.021615 0.860112 -0.005447 
951 5.919406 0.000000 1.025982 19.487759 -0.005947 1.105735 -0.007118 
952 5.919406 0.000000 1.374551 19.476417 0.029171 0.675495 -0.003927 
953 7.975123 0.000000 0.328845 19.464995 0.015340 0.603289 -0.002505 
954 7.975123 0.000000 -0.368292 19.464297 -0.001352 -0.677045 -0.002682 
955 8.722656 0.000000 0.328845 19.469980 0.008500 0.578582 -0.002941 
956 6.853823 0.000000 0.677414 19.487292 -0.294832 1.159692 -0.007623 
957 6.853823 0.000000 0.328845 19.468302 -0.040261 0.575535 -0.002763 
958 7.227589 0.000000 0.677414 19.475947 -0.278675 1.164674 -0.006461 
959 6.293172 0.000000 0.851698 19.495214 -0.065736 1.252855 -0.008815 
960 6.106289 0.000000 0.851698 19.493223 -0.122812 1.277915 -0.008806 
961 6.293172 0.000000 0.677414 19.486672 -0.270779 1.132565 -0.007359 
962 6.480056 0.000000 0.851698 19.496134 -0.069001 1.253924 -0.008918 
963 6.199731 0.000000 1.113124 19.493142 0.055700 0.950047 -0.006835 
964 6.106289 0.000000 1.113124 19.496495 0.178726 0.880913 -0.006922 
965 6.199731 0.000000 1.025982 19.494370 -0.000706 1.108331 -0.007815 
966 6.293172 0.000000 1.113124 19.494307 0.039667 0.945626 -0.006929 
967 6.199731 0.000000 1.200266 19.488545 0.028040 0.826592 -0.005776 
968 6.666939 0.000000 1.200266 19.490177 0.018672 0.800409 -0.005830 
969 6.666939 0.000000 1.025982 19.496770 -0.010201 1.099182 -0.008009 
970 6.853823 0.000000 1.200266 19.488588 0.013844 0.790765 -0.005625 
971 6.666939 0.000000 1.374551 19.478578 0.014562 0.641070 -0.004028 
972 6.386614 0.000000 1.113124 19.495039 0.032616 0.940612 -0.006978 
973 6.386614 0.000000 1.025982 19.497134 -0.002848 1.105261 -0.008082 
974 6.480056 0.000000 1.113124 19.495444 0.028244 0.935729 -0.006995 
975 6.386614 0.000000 1.200266 19.490140 0.025007 0.816115 -0.005894 
976 6.666939 0.000000 0.851698 19.494869 -0.072266 1.256232 -0.008805 
977 6.666939 0.000000 0.677414 19.487713 -0.295063 1.153589 -0.007630 
978 6.853823 0.000000 0.851698 19.492493 -0.077079 1.258540 -0.008577 
979 7.601356 0.000000 1.374551 19.465315 -0.002664 0.579124 -0.002462 
980 7.601356 0.000000 1.025982 19.470514 -0.039409 1.092165 -0.005268 
981 7.975123 0.000000 1.374551 19.458789 -0.009530 0.566287 -0.001752 
982 7.601356 0.000000 1.723119 19.455341 0.018036 0.339704 -0.000855 
983 7.040706 0.000000 1.200266 19.485589 0.008512 0.782351 -0.005281 
984 7.040706 0.000000 1.025982 19.490207 -0.024569 1.091763 -0.007291 
985 7.227589 0.000000 1.200266 19.481419 -0.002153 0.782741 -0.004853 
986 7.040706 0.000000 1.374551 19.476120 0.018058 0.609886 -0.003672 
987 6.760381 0.000000 1.113124 19.494392 0.016449 0.920568 -0.006811 
988 6.666939 0.000000 1.113124 19.495134 0.022073 0.925449 -0.006912 
989 6.760381 0.000000 1.025982 19.495855 -0.013324 1.097222 -0.007904 
990 6.853823 0.000000 1.113124 19.493083 0.011869 0.919777 -0.006672 
991 6.760381 0.000000 1.200266 19.489561 0.016330 0.795465 -0.005745 
992 7.601356 0.000000 0.677414 19.452634 -0.221059 1.175072 -0.004050 
993 7.601356 0.000000 0.328845 19.454943 0.005517 0.607825 -0.001485 
994 7.975123 0.000000 0.677414 19.457781 -0.146235 1.184528 -0.004566 
995 7.040706 0.000000 0.851698 19.487660 -0.082966 1.260317 -0.008093 
996 7.040706 0.000000 0.677414 19.484495 -0.289281 1.162865 -0.007346 
997 7.227589 0.000000 0.851698 19.479442 -0.087074 1.262586 -0.007264 
998 7.414473 0.000000 1.200266 19.476227 -0.006371 0.778428 -0.004301 
999 7.414473 0.000000 1.025982 19.476908 -0.037056 1.089932 -0.005913 
1000 7.601356 0.000000 1.200266 19.471439 -0.008576 0.774857 -0.003793 
1001 7.414473 0.000000 1.374551 19.469019 0.004074 0.589025 -0.002874 
1002 7.134148 0.000000 1.113124 19.486683 0.004591 0.917433 -0.006001 
1003 7.040706 0.000000 1.113124 19.489257 0.007025 0.917980 -0.006268 
1004 7.134148 0.000000 1.025982 19.487271 -0.028310 1.090483 -0.006982 
1005 7.227589 0.000000 1.113124 19.483877 0.002026 0.917396 -0.005711 
1006 7.134148 0.000000 1.200266 19.483699 0.000548 0.785701 -0.005100 
1007 7.414473 0.000000 0.851698 19.469210 -0.085360 1.268023 -0.006246 
1008 7.414473 0.000000 0.677414 19.462184 -0.256812 1.168454 -0.005037 
1009 7.601356 0.000000 0.851698 19.461234 -0.075630 1.277157 -0.005482 
1010 7.321031 0.000000 1.113124 19.480842 -0.000337 0.917919 -0.005401 
1011 7.321031 0.000000 1.025982 19.480466 -0.034766 1.089481 -0.006276 
1012 7.414473 0.000000 1.113124 19.477613 -0.002433 0.918931 -0.005074 
1013 7.321031 0.000000 1.200266 19.478808 -0.004405 0.780346 -0.004574 
1014 11.712790 0.000000 2.420257 19.446618 0.044631 0.097458 0.000317 
1015 11.712790 0.000000 1.025982 19.450194 -0.114784 1.039064 -0.002909 
1016 13.207857 0.000000 2.420257 19.449492 0.029967 0.150080 -0.000010 
1017 11.712790 0.000000 3.814531 19.449827 0.011775 0.033336 0.000015 
1018 9.470190 0.000000 1.723119 19.437576 0.026403 0.327463 0.000992 
1019 9.470190 0.000000 1.025982 19.437687 -0.062745 1.046432 -0.001639 
1020 10.217723 0.000000 1.723119 19.442280 0.045498 0.339532 0.000483 
1021 9.470190 0.000000 2.420257 19.446208 -0.040958 0.112225 0.000352 
1022 8.348890 0.000000 1.374551 19.453008 -0.013768 0.556829 -0.001129 
1023 8.348890 0.000000 1.025982 19.459462 -0.035022 1.086165 -0.004095 
1024 8.722656 0.000000 1.374551 19.447108 -0.015837 0.550318 -0.000504 
1025 8.348890 0.000000 1.723119 19.447740 0.012748 0.328044 -0.000052 
1026 7.788239 0.000000 1.200266 19.467311 -0.008577 0.769908 -0.003348 
1027 7.788239 0.000000 1.025982 19.466297 -0.039364 1.094388 -0.004847 
1028 7.975123 0.000000 1.200266 19.463944 -0.007426 0.763641 -0.002976 
1029 7.788239 0.000000 1.374551 19.461928 -0.006549 0.572684 -0.002094 
1030 11.712790 0.000000 -0.368292 19.450640 -0.034943 -0.712059 -0.001409 
1031 11.712790 0.000000 -1.762567 19.450684 -0.026433 -0.272852 -0.000269 
1032 13.207857 0.000000 -0.368292 19.449613 -0.103065 -0.551207 -0.000791 
1033 9.470190 0.000000 0.328845 19.469448 0.002984 0.584913 -0.002905 
1034 9.470190 0.000000 -0.368292 19.469740 -0.000488 -0.660065 -0.003183 
1035 10.217723 0.000000 0.328845 19.461558 -0.004289 0.593357 -0.002120 
1036 8.348890 0.000000 0.677414 19.466689 -0.092891 1.188169 -0.005471 
1037 8.348890 0.000000 0.328845 19.471914 0.005729 0.593215 -0.003185 
1038 8.722656 0.000000 0.677414 19.468830 -0.058196 1.185905 -0.005664 
1039 7.788239 0.000000 0.851698 19.458836 -0.060656 1.285955 -0.005290 
1040 7.788239 0.000000 0.677414 19.452646 -0.180378 1.181341 -0.004047 
1041 7.975123 0.000000 0.851698 19.460251 -0.044336 1.290740 -0.005463 
1042 7.694798 0.000000 1.113124 19.469318 -0.007648 0.923856 -0.004244 
1043 7.601356 0.000000 1.113124 19.471809 -0.006172 0.922100 -0.004491 
1044 7.694798 0.000000 1.025982 19.468094 -0.039632 1.093404 -0.005026 
1045 7.788239 0.000000 1.113124 19.467164 -0.008944 0.925502 -0.004030 
1046 7.694798 0.000000 1.200266 19.469295 -0.008764 0.772642 -0.003563 
1047 8.162006 0.000000 1.200266 19.461061 -0.005102 0.758560 -0.002659 
1048 8.162006 0.000000 1.025982 19.461969 -0.036318 1.091495 -0.004384 
1049 8.348890 0.000000 1.200266 19.457765 -0.002426 0.757831 -0.002317 
1050 8.162006 0.000000 1.374551 19.455826 -0.012015 0.561333 -0.001432 
1051 8.162006 0.000000 0.851698 19.466636 -0.088753 1.309120 -0.006262 
1052 8.162006 0.000000 0.677414 19.463072 -0.117363 1.186713 -0.005104 
1053 8.348890 0.000000 0.851698 19.467102 -0.075701 1.303356 -0.006265 
1054 8.068564 0.000000 1.113124 19.462192 -0.012081 0.927637 -0.003529 
1055 7.975123 0.000000 1.113124 19.463710 -0.011092 0.927409 -0.003684 
1056 8.068564 0.000000 1.025982 19.462966 -0.037175 1.093321 -0.004497 
1057 8.162006 0.000000 1.113124 19.460717 -0.013089 0.927457 -0.003377 
1058 8.068564 0.000000 1.200266 19.462505 -0.006436 0.760685 -0.002816 
1059 9.096423 0.000000 1.374551 19.440858 -0.011993 0.553804 0.000129 
1060 9.096423 0.000000 1.025982 19.444252 -0.045340 1.057817 -0.002372 
1061 9.470190 0.000000 1.374551 19.436427 -0.014018 0.555974 0.000578 
1062 9.096423 0.000000 1.723119 19.440243 0.018616 0.324815 0.000723 
1063 8.535773 0.000000 1.200266 19.454032 -0.002597 0.760605 -0.001944 
1064 8.535773 0.000000 1.025982 19.456101 -0.034679 1.079449 -0.003711 
1065 8.722656 0.000000 1.200266 19.450011 -0.006049 0.763918 -0.001544 
1066 8.535773 0.000000 1.374551 19.450108 -0.015074 0.553581 -0.000822 
1067 9.096423 0.000000 0.677414 19.465861 -0.042968 1.172019 -0.005268 
1068 9.096423 0.000000 0.328845 19.467313 0.010701 0.575756 -0.002658 
1069 9.470190 0.000000 0.677414 19.460019 -0.041979 1.145138 -0.004501 
1070 8.909540 0.000000 1.200266 19.446029 -0.011685 0.766581 -0.001145 
1071 8.909540 0.000000 1.025982 19.448161 -0.039437 1.064783 -0.002812 
1072 9.096423 0.000000 1.200266 19.442406 -0.018650 0.768553 -0.000782 
1073 8.909540 0.000000 1.374551 19.444010 -0.016245 0.547713 -0.000178 
1074 10.217723 0.000000 9.391630 19.449863 0.000905 0.002368 0.000014 
1075 13.207857 0.000000 9.391630 19.449964 0.001114 0.002361 0.000004 
1076 10.217723 0.000000 12.180179 19.449881 0.000634 0.000933 0.000012 
1077 8.722656 0.000000 5.208806 19.450468 0.017569 0.012117 -0.000049 
1078 7.227589 0.000000 5.208806 19.449585 0.016299 0.012388 0.000042 
1079 10.217723 0.000000 5.208806 19.450620 0.013075 0.012686 -0.000065 
1080 8.722656 0.000000 6.603080 19.450189 0.003907 0.006067 -0.000020 
1081 7.975123 0.000000 3.117394 19.443512 0.018346 0.031291 0.000664 
1082 7.227589 0.000000 3.117394 19.445065 0.017020 0.029287 0.000504 
1083 8.722656 0.000000 3.117394 19.442296 0.019773 0.034643 0.000788 
1084 7.975123 0.000000 3.814531 19.445750 0.030907 0.024380 0.000433 
1085 8.348890 0.000000 2.071688 19.447271 -0.048002 0.168539 0.000199 
1086 7.975123 0.000000 2.071688 19.448926 -0.048323 0.169306 0.000029 
1087 8.722656 0.000000 2.071688 19.445648 -0.046927 0.168904 0.000366 
1088 8.348890 0.000000 2.420257 19.439279 0.031000 0.070080 0.001087 
1089 8.535773 0.000000 1.548835 19.447098 0.002301 0.428233 -0.000186 
1090 8.348890 0.000000 1.548835 19.449869 0.003022 0.432896 -0.000482 
1091 8.722656 0.000000 1.548835 19.444701 0.002869 0.425333 0.000067 
1092 8.535773 0.000000 1.723119 19.445896 0.012973 0.326388 0.000140 
1093 8.629215 0.000000 1.287409 19.449951 -0.021601 0.640027 -0.001079 
1094 8.535773 0.000000 1.287409 19.451519 -0.021873 0.643638 -0.001253 
1095 8.629215 0.000000 1.200266 19.452051 -0.003985 0.762330 -0.001747 
1096 8.722656 0.000000 1.287409 19.448374 -0.021979 0.637739 -0.000909 
1097 8.629215 0.000000 1.374551 19.448652 -0.015483 0.551861 -0.000667 
1098 10.965257 0.000000 1.723119 19.449273 0.050369 0.343149 -0.000243 
1099 10.965257 0.000000 1.025982 19.446913 -0.118969 1.048335 -0.002625 
1100 11.712790 0.000000 1.723119 19.450694 -0.024981 0.287187 -0.000291 
1101 10.965257 0.000000 2.420257 19.446642 -0.030821 0.118793 0.000305 
1102 9.843957 0.000000 1.374551 19.433383 -0.004018 0.525711 0.000977 
1103 9.843957 0.000000 1.025982 19.433823 -0.083693 1.038422 -0.001206 
1104 10.217723 0.000000 1.374551 19.438049 0.015942 0.526935 0.000494 
1105 9.843957 0.000000 1.723119 19.437725 0.036497 0.333302 0.000965 
1106 9.283306 0.000000 1.200266 19.437336 -0.035254 0.786066 -0.000335 
1107 9.283306 0.000000 1.025982 19.440711 -0.053258 1.051659 -0.001976 
1108 9.470190 0.000000 1.200266 19.434882 -0.045332 0.784974 -0.000080 
1109 9.283306 0.000000 1.374551 19.438045 -0.011370 0.551800 0.000424 
1110 9.470190 0.000000 3.117394 19.442257 0.021154 0.038911 0.000791 
1111 10.217723 0.000000 3.117394 19.443669 0.022251 0.042734 0.000645 
1112 9.470190 0.000000 3.814531 19.446064 0.033712 0.027921 0.000400 
1113 9.096423 0.000000 2.071688 19.444350 -0.044966 0.170609 0.000499 
1114 9.470190 0.000000 2.071688 19.443306 -0.043219 0.172637 0.000605 
1115 9.096423 0.000000 2.420257 19.444553 -0.052125 0.106758 0.000523 
1116 8.909540 0.000000 1.548835 19.442283 0.006722 0.421656 0.000323 
1117 9.096423 0.000000 1.548835 19.439760 0.009484 0.420043 0.000586 
1118 8.909540 0.000000 1.723119 19.442062 0.016018 0.324721 0.000537 
1119 9.002981 0.000000 1.287409 19.443303 -0.030050 0.644077 -0.000410 
1120 8.909540 0.000000 1.287409 19.444828 -0.031142 0.646298 -0.000575 
1121 9.002981 0.000000 1.200266 19.444162 -0.015023 0.767619 -0.000958 
1122 9.096423 0.000000 1.287409 19.441795 -0.028538 0.642569 -0.000250 
1123 9.002981 0.000000 1.374551 19.442427 -0.016308 0.546607 -0.000012 
1124 10.965257 0.000000 0.328845 19.450478 -0.021499 0.583730 -0.000951 
1125 10.965257 0.000000 -0.368292 19.450172 -0.026887 -0.652764 -0.001146 
1126 11.712790 0.000000 0.328845 19.450685 -0.030952 0.646886 -0.001179 
1127 9.843957 0.000000 0.677414 19.452959 -0.050740 1.113381 -0.003588 
1128 9.843957 0.000000 0.328845 19.468214 0.002445 0.592992 -0.002803 
1129 10.217723 0.000000 0.677414 19.450639 -0.125399 1.098004 -0.003294 
1130 9.657073 0.000000 1.200266 19.432759 -0.052861 0.786372 0.000130 
1131 9.657073 0.000000 1.025982 19.435251 -0.073173 1.042044 -0.001368 
1132 9.843957 0.000000 1.200266 19.431619 -0.059227 0.787535 0.000240 
1133 9.657073 0.000000 1.374551 19.434657 -0.017430 0.540795 0.000803 
1134 9.283306 0.000000 1.548835 19.437877 0.014694 0.420491 0.000778 
1135 9.470190 0.000000 1.548835 19.436192 0.018706 0.418720 0.000955 
1136 9.283306 0.000000 1.723119 19.438719 0.022122 0.325719 0.000878 
1137 9.376748 0.000000 1.287409 19.438133 -0.020385 0.636549 0.000148 
1138 9.283306 0.000000 1.287409 19.438858 -0.025706 0.642573 0.000052 
1139 9.376748 0.000000 1.200266 19.436080 -0.041436 0.784213 -0.000199 
1140 9.470190 0.000000 1.287409 19.436722 -0.020533 0.638249 0.000287 
1141 9.376748 0.000000 1.374551 19.436807 -0.010814 0.550685 0.000554 
1142 10.591490 0.000000 1.374551 19.444586 0.018869 0.552092 -0.000250 
1143 10.591490 0.000000 1.025982 19.442244 -0.122987 1.046180 -0.002136 
1144 10.965257 0.000000 1.374551 19.448116 0.021965 0.551465 -0.000611 
1145 10.591490 0.000000 1.723119 19.447290 0.049489 0.342333 -0.000038 
1146 10.030840 0.000000 1.200266 19.432871 -0.070709 0.788800 0.000103 
1147 10.030840 0.000000 1.025982 19.434097 -0.093476 1.035631 -0.001224 
1148 10.217723 0.000000 1.200266 19.435801 -0.073448 0.789852 -0.000204 
1149 10.030840 0.000000 1.374551 19.434561 0.005068 0.524585 0.000859 
1150 9.843957 0.000000 2.071688 19.444287 -0.040241 0.176748 0.000500 
1151 10.217723 0.000000 2.071688 19.446711 -0.037943 0.179962 0.000249 
1152 9.843957 0.000000 2.420257 19.446941 -0.040106 0.114443 0.000276 
1153 9.657073 0.000000 1.548835 19.434856 0.025118 0.419640 0.001089 
1154 9.843957 0.000000 1.548835 19.434728 0.032471 0.421577 0.001097 
1155 9.657073 0.000000 1.723119 19.437125 0.031298 0.330058 0.001033 
1156 9.750515 0.000000 1.287409 19.433169 -0.024268 0.638696 0.000650 
1157 9.657073 0.000000 1.287409 19.434095 -0.023527 0.637155 0.000560 
1158 9.750515 0.000000 1.200266 19.432002 -0.056240 0.786979 0.000204 
1159 9.843957 0.000000 1.287409 19.433404 -0.029573 0.645827 0.000601 
1160 9.750515 0.000000 1.374551 19.434061 -0.014655 0.539287 0.000869 
1161 10.030840 0.000000 1.548835 19.436416 0.040098 0.424266 0.000916 
1162 10.217723 0.000000 1.548835 19.439691 0.045688 0.428677 0.000568 
1163 10.030840 0.000000 1.723119 19.439504 0.041472 0.336673 0.000775 
1164 9.937398 0.000000 1.287409 19.433553 -0.018366 0.632601 0.000632 
1165 9.937398 0.000000 1.200266 19.431435 -0.062978 0.783381 0.000275 
1166 10.030840 0.000000 1.287409 19.434092 -0.018426 0.633936 0.000572 
1167 9.937398 0.000000 1.374551 19.433695 0.000260 0.524851 0.000948 
1168 11.712790 0.000000 5.208806 19.450994 0.011846 0.011377 -0.000103 
1169 13.207857 0.000000 5.208806 19.450745 0.007493 0.010967 -0.000077 
1170 11.712790 0.000000 6.603080 19.450580 0.004476 0.005310 -0.000060 
1171 10.965257 0.000000 3.117394 19.445599 0.022945 0.044993 0.000446 
1172 11.712790 0.000000 3.117394 19.447097 0.022740 0.045950 0.000292 
1173 10.965257 0.000000 3.814531 19.447487 0.037270 0.030441 0.000252 
1174 10.591490 0.000000 2.071688 19.447924 0.029979 0.218407 0.000085 
1175 10.965257 0.000000 2.071688 19.450190 -0.036434 0.181379 -0.000110 
1176 10.591490 0.000000 2.420257 19.447973 -0.048539 0.114704 0.000167 
1177 10.404607 0.000000 1.548835 19.443768 0.050458 0.428762 0.000148 
1178 10.404607 0.000000 1.374551 19.442100 0.021920 0.530076 0.000068 
1179 10.591490 0.000000 1.548835 19.446454 0.052039 0.430011 -0.000131 
1180 10.404607 0.000000 1.723119 19.445164 0.048134 0.341368 0.000183 
1181 10.591490 0.000000 0.677414 19.448634 -0.067449 1.112480 -0.003143 
1182 10.591490 0.000000 0.328845 19.452971 -0.005851 0.604849 -0.001273 
1183 10.965257 0.000000 0.677414 19.449404 -0.079454 1.112008 -0.003224 
1184 10.404607 0.000000 1.200266 19.439887 -0.075501 0.791584 -0.000632 
1185 10.404607 0.000000 1.025982 19.438444 -0.110944 1.051539 -0.001768 
1186 10.591490 0.000000 1.200266 19.443636 -0.063385 0.769123 -0.000920 
1187 10.311165 0.000000 1.461693 19.440731 0.034316 0.481446 0.000337 
1188 10.217723 0.000000 1.461693 19.438469 0.031808 0.481007 0.000571 
1189 10.311165 0.000000 1.374551 19.440235 0.019571 0.528459 0.000265 
1190 10.404607 0.000000 1.461693 19.442716 0.036012 0.481757 0.000132 
1191 10.311165 0.000000 1.548835 19.441706 0.048009 0.429690 0.000359 
1192 12.460324 0.000000 1.723119 19.448128 0.111773 0.218517 0.000033 
1193 12.460324 0.000000 1.025982 19.450819 -0.192436 0.575930 -0.001059 
1194 13.207857 0.000000 1.723119 19.448903 0.111829 0.218217 -0.000046 
1195 12.460324 0.000000 2.420257 19.447993 0.044836 0.097620 0.000176 
1196 11.339023 0.000000 1.374551 19.449762 0.021568 0.551096 -0.000780 
1197 11.339023 0.000000 1.025982 19.449324 -0.119996 1.041881 -0.002838 
1198 11.712790 0.000000 1.374551 19.450755 -0.054094 0.459722 -0.000644 
1199 11.339023 0.000000 1.723119 19.449747 0.051186 0.346177 -0.000298 
1200 10.778373 0.000000 1.548835 19.448101 0.050279 0.429630 -0.000299 
1201 10.778373 0.000000 1.374551 19.446768 0.021707 0.552480 -0.000476 
1202 10.965257 0.000000 1.548835 19.448975 0.051265 0.429658 -0.000390 
1203 10.778373 0.000000 1.723119 19.448574 0.050097 0.342830 -0.000171 
1204 11.339023 0.000000 2.071688 19.450533 -0.036408 0.181314 -0.000145 
1205 11.712790 0.000000 2.071688 19.448344 0.065184 0.146973 0.000102 
1206 11.339023 0.000000 2.420257 19.445691 0.051148 0.097538 0.000411 
1207 11.152140 0.000000 1.548835 19.449492 0.051305 0.430023 -0.000444 
1208 11.152140 0.000000 1.374551 19.449133 0.022993 0.552965 -0.000720 
1209 11.339023 0.000000 1.548835 19.449581 0.052389 0.433657 -0.000461 
1210 11.152140 0.000000 1.723119 19.449394 0.051145 0.345967 -0.000261 
1211 12.460324 0.000000 0.328845 19.451382 -0.099659 0.470498 -0.000753 
1212 12.460324 0.000000 -0.368292 19.451363 -0.112187 -0.523887 -0.000899 
1213 13.207857 0.000000 0.328845 19.449933 -0.036225 0.521684 -0.000716 
1214 12.086557 0.000000 1.374551 19.450393 0.100247 0.282536 -0.000278 
1215 12.086557 0.000000 1.025982 19.450953 -0.177560 0.570294 -0.001041 
1216 12.460324 0.000000 1.374551 19.450484 0.100216 0.282113 -0.000287 
1217 12.086557 0.000000 1.723119 19.449998 0.109879 0.216498 -0.000156 
1218 12.460324 0.000000 3.117394 19.448480 0.052274 0.059171 0.000140 
1219 13.207857 0.000000 3.117394 19.449796 0.020555 0.063637 0.000009 
1220 12.460324 0.000000 3.814531 19.449917 0.013560 0.032868 0.000005 
1221 12.086557 0.000000 2.071688 19.447381 0.069010 0.148114 0.000199 
1222 12.460324 0.000000 2.071688 19.448029 0.069085 0.148063 0.000132 
1223 12.086557 0.000000 2.420257 19.447405 0.044761 0.097593 0.000236 
1224 11.899674 0.000000 1.548835 19.450208 0.121992 0.245035 -0.000219 
1225 11.712790 0.000000 1.548835 19.450723 -0.026298 0.358838 -0.000417 
1226 11.899674 0.000000 1.374551 19.450786 -0.054189 0.459670 -0.000647 
1227 12.086557 0.000000 1.548835 19.450176 0.124804 0.248939 -0.000223 
1228 11.899674 0.000000 1.723119 19.449919 0.120729 0.218195 -0.000156 
1229 12.834090 0.000000 1.374551 19.448755 0.102753 0.286342 -0.000117 
1230 12.834090 0.000000 1.025982 19.448984 -0.188831 0.583957 -0.000891 
1231 13.207857 0.000000 1.374551 19.449041 0.102772 0.286150 -0.000146 
1232 12.834090 0.000000 1.723119 19.448579 0.111786 0.218360 -0.000013 
1233 12.273440 0.000000 1.548835 19.450278 0.124801 0.248733 -0.000233 
1234 12.273440 0.000000 1.374551 19.450464 0.100233 0.282300 -0.000285 
1235 12.460324 0.000000 1.548835 19.448224 0.126963 0.251822 -0.000028 
1236 12.273440 0.000000 1.723119 19.447824 0.111748 0.218598 0.000064 
1237 12.834090 0.000000 2.071688 19.448466 0.069121 0.147991 0.000087 
1238 13.207857 0.000000 2.071688 19.448931 0.116060 0.204926 -0.000037 
1239 12.834090 0.000000 2.420257 19.448412 0.044885 0.097614 0.000133 
1240 12.647207 0.000000 1.548835 19.448468 0.126972 0.251709 -0.000053 
1241 12.647207 0.000000 1.374551 19.448568 0.102755 0.286449 -0.000098 
1242 12.834090 0.000000 1.548835 19.448662 0.126980 0.251622 -0.000072 
1243 12.647207 0.000000 1.723119 19.448386 0.111788 0.218430 0.000007 
1244 13.020974 0.000000 1.548835 19.448817 0.127003 0.251546 -0.000088 
1245 13.020974 0.000000 1.374551 19.448908 0.102769 0.286248 -0.000132 
1246 13.207857 0.000000 1.548835 19.448966 0.127001 0.251460 -0.000103 
1247 13.020974 0.000000 1.723119 19.448746 0.111818 0.218298 -0.000030 
1248 0.593230 0.000000 0.590271 20.378100 0.002905 1.603182 -0.104505 
1249 0.593230 0.000000 0.503129 20.306595 0.002139 1.178999 -0.093696 
1250 0.686671 0.000000 0.590271 20.089975 0.002509 1.579330 -0.073483 
1251 0.546509 0.000000 0.720985 20.692571 0.004625 2.687473 -0.150944 
1252 0.546509 0.000000 0.677414 20.678886 0.004022 2.210154 -0.143268 
1253 0.593230 0.000000 0.720985 20.256257 0.004973 2.578223 -0.102195 
1254 0.523148 0.000000 0.786341 20.911019 0.005783 3.953834 -0.197200 
1255 0.523148 0.000000 0.764556 20.987040 0.005082 3.438739 -0.195553 
1256 0.546509 0.000000 0.786341 20.413265 0.006012 3.774182 -0.139157 
1257 0.511468 0.000000 0.819020 18.800664 0.002443 5.034271 -0.001339 
1258 0.511468 0.000000 0.808127 19.024282 0.002710 5.042402 -0.023914 
1259 0.523148 0.000000 0.819020 18.124498 0.001925 5.284594 0.057832 
1260 0.534829 0.000000 0.819020 18.079187 0.001899 5.437680 0.057830 
1261 0.534829 0.000000 0.808127 18.108576 0.001829 5.404591 0.055967 
1262 0.546509 0.000000 0.819020 18.034026 0.001880 5.543697 0.059063 
1263 0.616590 0.000000 0.829912 19.129987 0.006093 3.210875 0.005383 
1264 0.616590 0.000000 0.808127 19.417164 0.006674 3.127922 -0.022489 
1265 0.639950 0.000000 0.829912 19.149276 0.006634 2.930893 0.007977 
1266 0.616590 0.000000 0.851698 18.822258 0.023790 3.245829 0.035657 
1267 0.616590 0.000000 0.873483 17.859062 -0.012438 3.052135 0.132277 
1268 0.639950 0.000000 0.873483 18.686225 -0.022349 2.972801 0.053633 
1269 0.616590 0.000000 0.895269 17.844937 -0.012247 3.063158 0.133432 
1270 0.604910 0.000000 0.840805 18.945972 0.018328 3.414351 0.020340 
1271 0.593230 0.000000 0.840805 18.913781 0.018432 3.627144 0.019600 
1272 0.604910 0.000000 0.829912 19.126442 0.005159 3.386057 0.002686 
1273 0.616590 0.000000 0.840805 18.976258 0.019365 3.234868 0.020458 
1274 0.604910 0.000000 0.851698 18.765206 0.027460 3.421679 0.038226 
1275 0.663311 0.000000 0.829912 19.176784 0.006803 2.711296 0.008465 
1276 0.663311 0.000000 0.808127 19.357179 0.006411 2.673892 -0.009378 
1277 0.686671 0.000000 0.829912 19.208186 0.006789 2.530650 0.007782 
1278 0.663311 0.000000 0.851698 18.988147 0.018093 2.741467 0.027060 
1279 0.733392 0.000000 0.895269 18.777216 -0.017035 2.198860 0.055203 
1280 0.733392 0.000000 0.938840 18.751457 -0.016574 2.223892 0.057466 
1281 0.710032 0.000000 0.829912 19.242252 0.006700 2.383437 0.006232 
1282 0.710032 0.000000 0.808127 19.366578 0.006256 2.361989 -0.006188 
1283 0.733392 0.000000 0.829912 19.278323 0.006394 2.260620 0.004066 
1284 0.710032 0.000000 0.851698 19.113501 0.017653 2.404722 0.019015 
1285 1.340763 0.000000 0.938840 19.337705 -0.021184 1.570651 0.004991 
1286 1.340763 0.000000 0.851698 19.340579 -0.022626 1.538788 0.004959 
1287 1.434205 0.000000 0.938840 19.225160 -0.019027 1.417961 0.017670 
1288 1.340763 0.000000 1.025982 19.378137 -0.012744 1.620925 0.000430 
1289 1.200601 0.000000 0.895269 19.473632 -0.022584 1.638169 -0.009527 
1290 1.200601 0.000000 0.851698 19.380038 -0.022591 1.602860 0.000388 
1291 1.247321 0.000000 0.895269 19.374172 -0.021885 1.617039 0.000869 
1292 1.200601 0.000000 0.938840 19.475739 -0.021596 1.659300 -0.009928 
1293 4.237455 0.000000 -7.339665 19.449192 0.001197 -0.003520 0.000083 
1294 4.237455 0.000000 -10.128214 19.449592 0.000337 -0.001657 0.000042 
1295 7.227589 0.000000 -7.339665 19.449131 0.001897 -0.003930 0.000089 
1296 2.742388 0.000000 -3.156842 19.448784 0.006405 -0.031354 0.000122 
1297 2.742388 0.000000 -4.551116 19.445822 0.003698 -0.013836 0.000429 
1298 4.237455 0.000000 -3.156842 19.449765 0.010473 -0.028111 0.000022 
1299 1.994855 0.000000 -1.065430 38.706973 0.003945 0.488618 -2.961033 
1300 1.994855 0.000000 -1.762567 19.430680 -0.006053 -0.304773 0.001740 
1301 2.742388 0.000000 -1.065430 19.448652 -0.002320 -1.041966 -0.002731 
1302 1.621088 0.000000 -0.019724 19.579927 0.008259 -0.044213 -0.013410 
1303 1.621088 0.000000 -0.368292 19.524612 0.003346 -0.666270 -0.008860 
1304 1.994855 0.000000 -0.019724 19.500659 0.010215 -0.041650 -0.005221 
1305 1.434205 0.000000 0.503129 19.561747 0.005246 0.996463 -0.014149 
1306 1.434205 0.000000 0.328845 19.599512 0.000211 0.628041 -0.016476 
1307 1.621088 0.000000 0.503129 19.486747 -0.042810 0.958806 -0.006217 
1308 1.340763 0.000000 0.764556 19.499774 0.017443 1.470894 -0.010845 
1309 1.340763 0.000000 0.677414 19.546981 0.011658 1.399949 -0.015178 
1310 1.434205 0.000000 0.764556 19.419976 0.020200 1.407995 -0.002156 
1311 1.294042 0.000000 0.895269 19.352251 -0.022166 1.575720 0.003461 
1312 1.294042 0.000000 0.851698 19.380038 -0.022591 1.602860 0.000388 
1313 1.340763 0.000000 0.895269 19.338550 -0.022161 1.553331 0.005048 
1314 1.294042 0.000000 0.938840 19.345105 -0.021233 1.591097 0.004064 
1315 1.527646 0.000000 0.938840 19.157491 -0.017761 1.334100 0.025146 
1316 1.527646 0.000000 0.851698 19.062336 -0.015858 1.173917 0.035822 
1317 1.621088 0.000000 0.938840 19.002769 -0.015727 1.071366 0.042424 
1318 1.527646 0.000000 1.025982 19.250048 -0.010230 1.321188 0.015840 
1319 1.387484 0.000000 0.895269 19.310891 -0.021875 1.520312 0.008142 
1320 1.387484 0.000000 0.851698 19.319370 -0.022588 1.513741 0.007329 
1321 1.434205 0.000000 0.895269 19.310891 -0.021875 1.520312 0.008142 
1322 1.387484 0.000000 0.938840 19.333583 -0.021303 1.558193 0.005516 
1323 1.527646 0.000000 0.764556 19.370377 0.023381 1.340543 0.003419 
1324 1.527646 0.000000 0.677414 19.427837 0.017904 1.289488 -0.002119 
1325 1.621088 0.000000 0.764556 19.347872 0.026481 1.272800 0.006190 
1326 1.480926 0.000000 0.895269 19.208442 -0.019430 1.385053 0.019613 
1327 1.480926 0.000000 0.851698 19.324042 -0.022699 1.502020 0.006945 
1328 1.527646 0.000000 0.895269 19.152017 -0.018245 1.315771 0.025829 
1329 1.480926 0.000000 0.938840 19.194681 -0.018384 1.384973 0.021010 
1330 1.714530 0.000000 0.938840 18.912815 -0.015854 0.874933 0.052451 
1331 1.714530 0.000000 0.851698 19.278164 0.030062 1.101503 0.014382 
1332 1.807972 0.000000 0.938840 19.005727 -0.013848 0.655050 0.044027 
1333 1.807972 0.000000 0.503129 19.461742 -0.040975 0.899138 -0.003349 
1334 1.807972 0.000000 0.328845 19.501504 0.004213 0.566153 -0.006150 
1335 1.994855 0.000000 0.503129 19.466123 -0.040853 0.876941 -0.003696 
1336 1.714530 0.000000 0.764556 19.348604 0.028959 1.207958 0.006540 
1337 1.714530 0.000000 0.677414 19.399570 0.023620 1.184669 0.001468 
1338 1.807972 0.000000 0.764556 19.370017 0.029947 1.152483 0.004694 
1339 1.667809 0.000000 0.895269 19.000510 -0.016028 1.042447 0.042813 
1340 1.621088 0.000000 0.895269 19.040448 -0.015350 1.183790 0.037965 
1341 1.667809 0.000000 0.851698 19.272416 0.029368 1.147544 0.014694 
1342 1.714530 0.000000 0.895269 18.946251 -0.016294 0.902730 0.048974 
1343 1.667809 0.000000 0.938840 18.976631 -0.015602 1.029362 0.045282 
1344 1.901413 0.000000 0.938840 19.167576 -0.011398 0.286391 0.028613 
1345 1.901413 0.000000 0.851698 19.380121 0.029010 0.959250 0.004738 
1346 1.901413 0.000000 1.025982 19.156099 -0.010697 -0.036671 0.029989 
1347 1.761251 0.000000 0.895269 18.946251 -0.016294 0.902730 0.048974 
1348 1.761251 0.000000 0.851698 19.292392 0.030361 1.056746 0.013186 
1349 1.807972 0.000000 0.895269 19.275480 0.038753 0.905785 0.015692 
1350 1.761251 0.000000 0.938840 18.973770 -0.014074 0.687908 0.047119 
1351 1.901413 0.000000 0.764556 19.403098 0.029145 1.110367 0.001556 
1352 1.901413 0.000000 0.677414 19.423356 0.025482 1.111084 -0.000527 
1353 1.994855 0.000000 0.764556 19.442446 0.026248 1.109159 -0.002477 
1354 1.948134 0.000000 0.895269 19.418422 0.035408 0.821226 0.001458 
1355 1.901413 0.000000 0.895269 19.364931 0.036951 0.823752 0.006931 
1356 1.948134 0.000000 0.851698 19.418037 0.027366 0.960278 0.000844 
1357 1.994855 0.000000 0.895269 19.470758 0.033627 0.832242 -0.003970 
1358 1.948134 0.000000 0.938840 19.365843 -0.011308 -0.002418 0.008635 
1359 2.368622 0.000000 -0.019724 19.472892 0.002450 -0.033763 -0.002358 
1360 2.368622 0.000000 -0.368292 19.469049 0.004756 -0.601096 -0.002915 
1361 2.742388 0.000000 -0.019724 19.456290 -0.033146 -0.032246 -0.000653 
1362 2.181738 0.000000 0.503129 19.472475 0.012548 0.830539 -0.004136 
1363 2.181738 0.000000 0.328845 19.475962 0.006099 0.535930 -0.003431 
1364 2.368622 0.000000 0.503129 19.468929 0.006876 0.831386 -0.003775 
1365 2.275180 0.000000 0.764556 19.482743 0.008531 1.167362 -0.006972 
1366 2.181738 0.000000 0.764556 19.484570 0.015436 1.145784 -0.007029 
1367 2.275180 0.000000 0.677414 19.471148 0.011026 1.122071 -0.005504 
1368 2.368622 0.000000 0.764556 19.475441 0.001307 1.181279 -0.006306 
1369 2.228459 0.000000 0.895269 19.543786 -0.002687 1.050449 -0.012584 
1370 2.181738 0.000000 0.895269 19.554880 0.066452 1.046037 -0.013718 
1371 2.228459 0.000000 0.851698 19.516243 0.009667 1.106671 -0.010061 
1372 2.275180 0.000000 0.895269 19.526087 0.002958 1.076769 -0.010904 
1373 2.228459 0.000000 0.938840 19.582164 -0.014075 1.038670 -0.016489 
1374 2.462063 0.000000 0.938840 19.478860 -0.213039 0.979984 -0.005628 
1375 2.462063 0.000000 0.851698 19.472767 -0.006232 1.162151 -0.005913 
1376 2.555505 0.000000 0.938840 19.464961 0.047256 1.082774 -0.004644 
1377 2.555505 0.000000 0.503129 19.463255 -0.001053 0.834994 -0.003206 
1378 2.555505 0.000000 0.328845 19.461447 -0.000313 0.534616 -0.001933 
1379 2.742388 0.000000 0.503129 19.457368 -0.008534 0.838414 -0.002616 
1380 2.462063 0.000000 0.764556 19.468200 -0.005474 1.188684 -0.005607 
1381 2.462063 0.000000 0.677414 19.464118 -0.001513 1.135293 -0.004859 
1382 2.555505 0.000000 0.764556 19.463383 -0.010952 1.192785 -0.005138 
1383 2.929272 0.000000 0.851698 19.458300 -0.010497 1.178142 -0.004523 
1384 2.929272 0.000000 0.677414 19.453408 -0.015628 1.152341 -0.003861 
1385 3.116155 0.000000 0.851698 19.454132 -0.005171 1.184866 -0.004136 
1386 2.929272 0.000000 1.025982 19.454323 -0.002740 1.042458 -0.003317 
1387 2.648947 0.000000 0.938840 19.461956 0.019346 1.081159 -0.004321 
1388 2.648947 0.000000 0.851698 19.462101 -0.012959 1.168406 -0.004854 
1389 2.742388 0.000000 0.938840 19.460084 0.012619 1.076639 -0.004102 
1390 2.648947 0.000000 1.025982 19.452048 -0.008255 1.066724 -0.003219 
1391 2.508784 0.000000 0.895269 19.469794 -0.004527 1.111380 -0.005301 
1392 2.462063 0.000000 0.895269 19.474730 -0.002796 1.110465 -0.005804 
1393 2.508784 0.000000 0.851698 19.468615 -0.008628 1.164386 -0.005499 
1394 2.555505 0.000000 0.895269 19.466678 -0.005888 1.111973 -0.004984 
1395 2.508784 0.000000 0.938840 19.469362 0.116295 1.055355 -0.004972 
1396 2.929272 0.000000 1.200266 19.442712 0.013787 0.910067 -0.001441 
1397 3.116155 0.000000 1.200266 19.444531 0.014795 0.902931 -0.001593 
1398 2.929272 0.000000 1.374551 19.438704 0.016052 0.699178 -0.000132 
1399 2.835830 0.000000 0.938840 19.460038 0.011244 1.073143 -0.004077 
1400 2.835830 0.000000 0.851698 19.459259 -0.012430 1.174210 -0.004597 
1401 2.929272 0.000000 0.938840 19.459022 0.011920 1.072039 -0.003966 
1402 2.835830 0.000000 1.025982 19.453727 -0.004562 1.048911 -0.003292 
1403 3.863689 0.000000 0.677414 19.443701 -0.006060 1.168049 -0.002959 
1404 3.863689 0.000000 0.328845 19.443854 -0.019821 0.552549 -0.000176 
1405 4.237455 0.000000 0.677414 19.441865 -0.019933 1.163848 -0.002745 
1406 3.863689 0.000000 1.025982 19.448969 -0.003537 1.002889 -0.002553 
1407 3.303039 0.000000 0.851698 19.452662 -0.000889 1.192892 -0.004035 
1408 3.303039 0.000000 0.677414 19.449115 -0.008491 1.164297 -0.003493 
1409 3.489922 0.000000 0.851698 19.450175 0.001203 1.197400 -0.003808 
1410 3.303039 0.000000 1.025982 19.453968 0.001313 1.022168 -0.003170 
1411 3.022713 0.000000 0.938840 19.458335 0.014012 1.070972 -0.003890 
1412 3.022713 0.000000 0.851698 19.455316 -0.007970 1.182242 -0.004242 
1413 3.116155 0.000000 0.938840 19.457398 0.017499 1.071492 -0.003797 
1414 3.022713 0.000000 1.025982 19.454495 -0.001037 1.036261 -0.003301 
1415 3.489922 0.000000 -1.065430 19.450500 0.004745 -0.991918 -0.002652 
1416 3.489922 0.000000 -1.762567 19.445919 0.002812 -0.368476 0.000061 
1417 4.237455 0.000000 -1.065430 19.448588 -0.006958 -0.971118 -0.002348 
1418 3.116155 0.000000 -0.019724 19.450010 -0.042927 -0.031125 -0.000008 
1419 3.116155 0.000000 -0.368292 19.449630 -0.016066 -0.609756 -0.000945 
1420 3.489922 0.000000 -0.019724 19.445241 -0.037549 -0.023563 0.000484 
1421 2.929272 0.000000 0.503129 19.453860 -0.013545 0.842244 -0.002273 
1422 2.929272 0.000000 0.328845 19.451549 -0.009919 0.540578 -0.000932 
1423 3.116155 0.000000 0.503129 19.451533 -0.015405 0.845568 -0.002048 
1424 3.022713 0.000000 0.764556 19.454640 -0.012742 1.206923 -0.004328 
1425 2.929272 0.000000 0.764556 19.455840 -0.015022 1.204261 -0.004435 
1426 3.022713 0.000000 0.677414 19.452442 -0.014492 1.155369 -0.003780 
1427 3.116155 0.000000 0.764556 19.452970 -0.009987 1.209551 -0.004173 
1428 3.863689 0.000000 1.374551 19.444222 0.011987 0.702119 -0.000709 
1429 4.237455 0.000000 1.374551 19.449377 0.010870 0.711154 -0.001273 
1430 3.863689 0.000000 1.723119 19.447544 0.004468 0.395543 -0.000161 
1431 3.303039 0.000000 1.200266 19.444588 0.008123 0.901533 -0.001592 
1432 3.489922 0.000000 1.200266 19.444920 0.006442 0.894842 -0.001595 
1433 3.303039 0.000000 1.374551 19.443693 0.014935 0.698037 -0.000640 
1434 3.209597 0.000000 0.938840 19.456259 0.020573 1.085072 -0.003757 
1435 3.209597 0.000000 0.851698 19.453341 -0.002725 1.188451 -0.004077 
1436 3.303039 0.000000 0.938840 19.455996 0.006374 1.078213 -0.003690 
1437 3.209597 0.000000 1.025982 19.454223 0.000933 1.025336 -0.003213 
1438 3.069434 0.000000 0.895269 19.456588 -0.001421 1.130787 -0.004058 
1439 3.022713 0.000000 0.895269 19.457029 -0.002583 1.128551 -0.004090 
1440 3.069434 0.000000 0.851698 19.454738 -0.006566 1.183188 -0.004188 
1441 3.116155 0.000000 0.895269 19.455880 -0.000371 1.132322 -0.003994 
1442 3.069434 0.000000 0.938840 19.457891 0.015490 1.071219 -0.003846 
1443 3.676805 0.000000 0.851698 19.447198 0.000860 1.201797 -0.003530 
1444 3.676805 0.000000 0.677414 19.445901 -0.004330 1.168584 -0.003188 
1445 3.863689 0.000000 0.851698 19.445095 -0.002922 1.204338 -0.003330 
1446 3.676805 0.000000 1.025982 19.451428 -0.000618 1.006611 -0.002825 
1447 3.396480 0.000000 0.938840 19.454786 0.009454 1.076877 -0.003558 
1448 3.396480 0.000000 0.851698 19.451368 0.000483 1.194767 -0.003914 
1449 3.489922 0.000000 0.938840 19.453549 0.009923 1.079510 -0.003446 
1450 3.396480 0.000000 1.025982 19.453236 0.001282 1.017511 -0.003070 
1451 3.676805 0.000000 1.200266 19.444043 0.004364 0.890422 -0.001483 
1452 3.863689 0.000000 1.200266 19.443589 0.002187 0.887119 -0.001421 
1453 3.676805 0.000000 1.374551 19.443619 0.012747 0.699480 -0.000638 
1454 3.583364 0.000000 0.938840 19.452093 0.009267 1.083257 -0.003317 
1455 3.583364 0.000000 0.851698 19.448738 0.001365 1.199777 -0.003675 
1456 3.676805 0.000000 0.938840 19.450506 0.008004 1.087645 -0.003179 
1457 3.583364 0.000000 1.025982 19.452453 0.000309 1.009314 -0.002945 
1458 4.611222 0.000000 0.677414 19.442439 -0.049640 1.159758 -0.002785 
1459 4.611222 0.000000 0.328845 19.440892 -0.014866 0.545307 0.000150 
1460 4.984989 0.000000 0.677414 19.447863 -0.087994 1.156050 -0.003334 
1461 4.611222 0.000000 1.025982 19.454331 -0.000685 1.011073 -0.003148 
1462 4.050572 0.000000 0.851698 19.442484 -0.010712 1.206155 -0.003073 
1463 4.050572 0.000000 0.677414 19.442932 -0.011216 1.166348 -0.002870 
1464 4.237455 0.000000 0.851698 19.441306 -0.023400 1.208491 -0.002968 
1465 4.050572 0.000000 1.025982 19.447682 -0.010122 1.000608 -0.002409 
1466 3.770247 0.000000 0.938840 19.449701 0.006085 1.091592 -0.003119 
1467 3.770247 0.000000 0.851698 19.446567 -0.000647 1.202649 -0.003470 
1468 3.863689 0.000000 0.938840 19.447955 0.003685 1.096765 -0.002969 
1469 3.770247 0.000000 1.025982 19.450090 -0.001706 1.004353 -0.002676 
1470 4.611222 0.000000 1.374551 19.457276 0.017823 0.718906 -0.002115 
1471 4.611222 0.000000 1.723119 19.453190 0.012444 0.399437 -0.000750 
1472 4.050572 0.000000 1.200266 19.444681 0.000232 0.884289 -0.001520 
1473 4.237455 0.000000 1.200266 19.447574 -0.001344 0.883413 -0.001813 
1474 4.050572 0.000000 1.374551 19.446431 0.010455 0.707210 -0.000955 
1475 3.957130 0.000000 0.938840 19.446365 0.000372 1.101186 -0.002832 
1476 3.957130 0.000000 0.851698 19.443566 -0.006272 1.204890 -0.003176 
1477 4.050572 0.000000 0.938840 19.445199 -0.003842 1.106534 -0.002743 
1478 3.957130 0.000000 1.025982 19.448081 -0.006197 1.001043 -0.002452 
1479 4.424339 0.000000 0.851698 19.441192 -0.040722 1.210075 -0.002970 
1480 4.424339 0.000000 0.677414 19.441744 -0.032004 1.162132 -0.002724 
1481 4.611222 0.000000 0.851698 19.442660 -0.061548 1.215478 -0.003161 
1482 4.424339 0.000000 1.025982 19.455239 -0.009381 0.905096 -0.002704 
1483 4.144014 0.000000 0.938840 19.444492 -0.009129 1.111959 -0.002702 
1484 4.144014 0.000000 0.851698 19.441832 -0.016426 1.207275 -0.003014 
1485 4.237455 0.000000 0.938840 19.444123 -0.015537 1.117595 -0.002698 
1486 4.144014 0.000000 1.025982 19.447673 -0.016067 1.000323 -0.002406 
1487 4.424339 0.000000 1.200266 19.452653 -0.003566 0.885067 -0.002344 
1488 4.611222 0.000000 1.200266 19.458236 0.003829 0.888611 -0.002934 
1489 4.424339 0.000000 1.374551 19.452481 0.007372 0.705606 -0.001571 
1490 4.330897 0.000000 0.938840 19.444034 -0.022852 1.122313 -0.002718 
1491 4.330897 0.000000 0.851698 19.441073 -0.031556 1.208601 -0.002946 
1492 4.424339 0.000000 0.938840 19.444470 -0.030922 1.128451 -0.002800 
1493 4.330897 0.000000 1.025982 19.449659 -0.045851 0.988956 -0.002556 
1494 5.358756 0.000000 0.677414 19.452197 -0.072105 1.125481 -0.003588 
1495 5.358756 0.000000 0.328845 19.448092 -0.004517 0.541745 -0.000580 
1496 4.798105 0.000000 0.851698 19.445894 -0.083708 1.221305 -0.003539 
1497 4.798105 0.000000 0.677414 19.444417 -0.067696 1.157488 -0.002980 
1498 4.984989 0.000000 0.851698 19.450950 -0.104519 1.229259 -0.004121 
1499 4.798105 0.000000 1.025982 19.459418 -0.016057 1.025914 -0.003752 
1500 4.517780 0.000000 0.938840 19.445348 -0.039457 1.134942 -0.002931 
1501 4.517780 0.000000 0.851698 19.441655 -0.050853 1.211849 -0.003031 
1502 4.611222 0.000000 0.938840 19.446816 -0.047966 1.143293 -0.003134 
1503 4.517780 0.000000 1.025982 19.452652 0.018445 0.994670 -0.002889 
1504 4.798105 0.000000 1.200266 19.463791 0.006749 0.887143 -0.003499 
1505 4.984989 0.000000 1.200266 19.469044 0.010389 0.884470 -0.004027 
1506 4.798105 0.000000 1.374551 19.461253 0.021031 0.717574 -0.002520 
1507 4.704664 0.000000 0.938840 19.448655 -0.056181 1.150527 -0.003369 
1508 4.704664 0.000000 0.851698 19.443997 -0.072654 1.218086 -0.003319 
1509 4.798105 0.000000 0.938840 19.450965 -0.063620 1.158156 -0.003656 
1510 4.704664 0.000000 1.025982 19.456727 -0.010310 1.018675 -0.003435 
1511 5.171872 0.000000 0.851698 19.456868 -0.121805 1.238775 -0.004802 
1512 5.171872 0.000000 0.677414 19.448455 -0.049156 1.124833 -0.003192 
1513 5.358756 0.000000 0.851698 19.463113 -0.134101 1.249917 -0.005526 
1514 5.171872 0.000000 1.025982 19.470511 -0.029216 1.058642 -0.005075 
1515 4.891547 0.000000 0.938840 19.453647 -0.070094 1.166005 -0.003982 
1516 4.891547 0.000000 0.851698 19.448286 -0.094452 1.225088 -0.003815 
1517 4.984989 0.000000 0.938840 19.456544 -0.075386 1.173820 -0.004330 
1518 4.891547 0.000000 1.025982 19.462106 -0.019695 1.033957 -0.004072 
1519 5.171872 0.000000 1.200266 19.473767 0.013973 0.880391 -0.004495 
1520 5.358756 0.000000 1.200266 19.478108 0.017144 0.874878 -0.004916 
1521 5.171872 0.000000 1.374551 19.468186 0.026824 0.709594 -0.003204 
1522 5.545639 0.000000 1.200266 19.481570 0.019844 0.867922 -0.005241 
1523 5.545639 0.000000 1.025982 19.480826 -0.020906 1.087190 -0.006298 
1524 5.545639 0.000000 1.374551 19.473467 0.028407 0.694022 -0.003690 
1525 5.265314 0.000000 1.113124 19.476830 -0.002569 0.962064 -0.005207 
1526 5.171872 0.000000 1.113124 19.474181 -0.002305 0.957305 -0.004910 
1527 5.265314 0.000000 1.025982 19.473330 -0.028416 1.065747 -0.005405 
1528 5.358756 0.000000 1.113124 19.479200 -0.000951 0.963086 -0.005457 
1529 5.265314 0.000000 1.200266 19.476001 0.015633 0.877827 -0.004713 
1530 5.545639 0.000000 0.851698 19.469609 -0.138689 1.261903 -0.006278 
1531 5.545639 0.000000 0.677414 19.457279 -0.099881 1.130312 -0.004152 
1532 5.732522 0.000000 0.851698 19.476375 -0.134454 1.272089 -0.007039 
1533 5.452197 0.000000 1.113124 19.481361 0.002410 0.960256 -0.005665 
1534 5.452197 0.000000 1.025982 19.478645 -0.024177 1.080512 -0.006035 
1535 5.545639 0.000000 1.113124 19.483244 0.004016 0.960134 -0.005858 
1536 5.452197 0.000000 1.200266 19.479942 0.018564 0.871569 -0.005090 
1537 5.639081 0.000000 1.113124 19.484844 0.003618 0.962738 -0.006036 
1538 5.639081 0.000000 1.025982 19.482709 -0.016988 1.093177 -0.006526 
1539 5.732522 0.000000 1.113124 19.486055 0.005620 0.958021 -0.006137 
1540 5.639081 0.000000 1.200266 19.482873 0.020877 0.864089 -0.005358 
1541 5.919406 0.000000 0.851698 19.484514 -0.127091 1.277622 -0.007910 
1542 5.919406 0.000000 0.677414 19.476624 -0.152567 1.145021 -0.006267 
1543 6.012847 0.000000 1.113124 19.490240 -0.025523 0.937736 -0.006468 
1544 5.919406 0.000000 1.113124 19.488486 -0.001764 0.951373 -0.006354 
1545 6.012847 0.000000 1.025982 19.489880 -0.003240 1.107762 -0.007349 
1546 6.012847 0.000000 1.200266 19.486856 0.021865 0.847396 -0.005693 
1547 0.896915 0.000000 0.873483 19.482389 0.025699 1.775074 -0.011664 
1548 0.873555 0.000000 0.873483 19.431273 0.026897 1.821553 -0.006848 
1549 0.896915 0.000000 0.851698 19.522181 0.005051 1.749163 -0.015524 
1550 0.896915 0.000000 0.895269 19.441218 -0.013716 1.811354 -0.007771 
1551 1.013717 0.000000 0.808127 19.717001 0.010565 1.615491 -0.034543 
1552 1.013717 0.000000 0.764556 19.745359 0.009017 1.606206 -0.037422 
1553 1.037078 0.000000 0.873483 19.622822 -0.023634 1.669865 -0.025222 
1554 1.013717 0.000000 0.873483 19.665654 0.024773 1.610914 -0.029159 
1555 1.037078 0.000000 0.851698 19.699475 0.012468 1.580295 -0.032419 
1556 1.037078 0.000000 0.895269 19.622822 -0.023634 1.669865 -0.025222 
1557 0.990357 0.000000 0.873483 19.641335 0.024605 1.635915 -0.026847 
1558 0.990357 0.000000 0.851698 19.663184 0.010240 1.618422 -0.028965 
1559 0.990357 0.000000 0.895269 19.617731 -0.016492 1.668275 -0.024679 
1560 6.573498 0.000000 1.113124 19.495446 0.025053 0.930890 -0.006971 
1561 6.573498 0.000000 1.025982 19.497347 -0.007378 1.101214 -0.008080 
1562 6.573498 0.000000 1.200266 19.490459 0.020878 0.805540 -0.005881 
1563 6.947264 0.000000 1.113124 19.491372 0.009411 0.918916 -0.006491 
1564 6.947264 0.000000 1.025982 19.492614 -0.020676 1.093400 -0.007548 
1565 6.947264 0.000000 1.200266 19.487251 0.011224 0.786363 -0.005469 
1566 5.732522 0.000000 5.208806 19.448467 0.014737 0.011902 0.000157 
1567 5.732522 0.000000 6.603080 19.448974 0.003055 0.006080 0.000105 
1568 6.480056 0.000000 3.117394 19.446532 0.015779 0.028353 0.000354 
1569 5.732522 0.000000 3.117394 19.447826 0.014470 0.028104 0.000221 
1570 6.480056 0.000000 3.814531 19.446221 0.027903 0.021421 0.000385 
1571 6.853823 0.000000 2.071688 19.455719 0.018657 0.207916 -0.000703 
1572 6.480056 0.000000 2.071688 19.456512 0.018258 0.212450 -0.000790 
1573 7.227589 0.000000 2.071688 19.453822 0.018551 0.203847 -0.000504 
1574 6.853823 0.000000 2.420257 19.446501 0.035813 0.072762 0.000342 
1575 6.666939 0.000000 1.548835 19.468413 0.021110 0.487901 -0.002525 
1576 6.480056 0.000000 1.548835 19.468291 0.021236 0.495279 -0.002531 
1577 6.853823 0.000000 1.548835 19.467863 0.019784 0.479958 -0.002448 
1578 6.666939 0.000000 1.723119 19.462117 0.023698 0.362688 -0.001596 
1579 6.760381 0.000000 1.287409 19.484822 0.015492 0.707463 -0.004908 
1580 6.666939 0.000000 1.287409 19.485277 0.017426 0.713548 -0.004977 
1581 6.853823 0.000000 1.287409 19.484045 0.013447 0.701561 -0.004805 
1582 6.760381 0.000000 1.374551 19.478428 0.013108 0.635239 -0.003992 
1583 6.807102 0.000000 1.156695 19.490534 0.005219 0.864474 -0.006148 
1584 6.760381 0.000000 1.156695 19.491168 0.004763 0.862980 -0.006206 
1585 6.807102 0.000000 1.113124 19.493789 0.013699 0.920025 -0.006746 
1586 6.853823 0.000000 1.156695 19.490008 0.002916 0.872516 -0.006131 
1587 6.807102 0.000000 1.200266 19.489130 0.015098 0.793088 -0.005691 
1588 7.040706 0.000000 1.548835 19.466640 0.018084 0.472159 -0.002302 
1589 7.227589 0.000000 1.548835 19.464392 0.015920 0.461744 -0.002045 
1590 7.040706 0.000000 1.723119 19.460521 0.022189 0.352575 -0.001412 
1591 6.947264 0.000000 1.287409 19.482979 0.011293 0.695905 -0.004675 
1592 7.040706 0.000000 1.287409 19.481606 0.009083 0.690545 -0.004513 
1593 6.947264 0.000000 1.374551 19.477322 0.009838 0.623949 -0.003841 
1594 6.900543 0.000000 1.156695 19.489388 0.006907 0.871114 -0.006060 
1595 6.900543 0.000000 1.113124 19.492275 0.010635 0.919408 -0.006587 
1596 6.947264 0.000000 1.156695 19.488773 0.010296 0.867352 -0.005980 
1597 6.900543 0.000000 1.200266 19.487953 0.012546 0.788521 -0.005550 
1598 7.134148 0.000000 1.287409 19.479997 0.006788 0.685556 -0.004329 
1599 7.227589 0.000000 1.287409 19.478083 0.004614 0.680903 -0.004115 
1600 7.134148 0.000000 1.374551 19.473674 0.010669 0.607519 -0.003412 
1601 7.087427 0.000000 1.156695 19.486519 0.011857 0.853091 -0.005683 
1602 7.040706 0.000000 1.156695 19.487410 0.012448 0.857486 -0.005795 
1603 7.087427 0.000000 1.113124 19.488027 0.005812 0.917652 -0.006140 
1604 7.134148 0.000000 1.156695 19.485491 0.010812 0.849328 -0.005560 
1605 7.087427 0.000000 1.200266 19.484644 0.007131 0.780521 -0.005176 
1606 7.601356 0.000000 2.071688 19.451282 0.018039 0.200910 -0.000239 
1607 7.601356 0.000000 2.420257 19.442788 0.027592 0.067240 0.000727 
1608 7.414473 0.000000 1.548835 19.462052 0.013263 0.455080 -0.001788 
1609 7.601356 0.000000 1.548835 19.459575 0.010501 0.448997 -0.001518 
1610 7.414473 0.000000 1.723119 19.457258 0.019539 0.343516 -0.001059 
1611 7.321031 0.000000 1.287409 19.474992 -0.002802 0.680052 -0.003794 
1612 7.414473 0.000000 1.287409 19.472669 0.003646 0.666123 -0.003505 
1613 7.321031 0.000000 1.374551 19.470472 0.008047 0.596526 -0.003047 
1614 7.274310 0.000000 1.156695 19.481915 0.007146 0.841161 -0.005155 
1615 7.227589 0.000000 1.156695 19.483188 0.008337 0.843441 -0.005296 
1616 7.274310 0.000000 1.113124 19.482381 0.000823 0.917605 -0.005558 
1617 7.321031 0.000000 1.156695 19.480585 0.006037 0.839219 -0.005009 
1618 7.274310 0.000000 1.200266 19.480185 -0.003390 0.781492 -0.004721 
1619 7.507914 0.000000 1.113124 19.474628 -0.004443 0.920378 -0.004773 
1620 7.507914 0.000000 1.025982 19.473449 -0.038527 1.090919 -0.005562 
1621 7.507914 0.000000 1.200266 19.473745 -0.007762 0.776704 -0.004038 
1622 7.367752 0.000000 1.156695 19.479121 0.005149 0.837570 -0.004851 
1623 7.367752 0.000000 1.113124 19.479293 -0.001477 0.918368 -0.005244 
1624 7.414473 0.000000 1.156695 19.477746 0.004241 0.836247 -0.004704 
1625 7.367752 0.000000 1.200266 19.477518 -0.005451 0.779342 -0.004437 
1626 7.507914 0.000000 1.287409 19.470543 0.001632 0.662787 -0.003275 
1627 7.601356 0.000000 1.287409 19.468474 -0.000297 0.659853 -0.003051 
1628 7.507914 0.000000 1.374551 19.467110 -0.000587 0.582683 -0.002658 
1629 7.461194 0.000000 1.156695 19.476393 0.003434 0.835236 -0.004560 
1630 7.461194 0.000000 1.113124 19.476106 -0.003463 0.919608 -0.004922 
1631 7.507914 0.000000 1.156695 19.475103 0.002743 0.834549 -0.004424 
1632 7.461194 0.000000 1.200266 19.474986 -0.007142 0.777572 -0.004169 
1633 7.881681 0.000000 1.113124 19.465308 -0.010062 0.926698 -0.003845 
1634 7.881681 0.000000 1.025982 19.464956 -0.038776 1.094741 -0.004710 
1635 7.881681 0.000000 1.200266 19.465515 -0.008134 0.766829 -0.003151 
1636 7.788239 0.000000 1.548835 19.457033 0.007906 0.443658 -0.001244 
1637 7.975123 0.000000 1.548835 19.454658 0.003344 0.440077 -0.000991 
1638 7.788239 0.000000 1.723119 19.453311 0.016593 0.336346 -0.000640 
1639 7.694798 0.000000 1.287409 19.466370 -0.007755 0.663556 -0.002848 
1640 7.788239 0.000000 1.287409 19.464437 -0.009492 0.661197 -0.002641 
1641 7.694798 0.000000 1.374551 19.463596 -0.004671 0.575789 -0.002275 
1642 7.741519 0.000000 1.156695 19.469025 0.000870 0.835266 -0.003802 
1643 7.694798 0.000000 1.156695 19.470163 0.001097 0.834675 -0.003916 
1644 7.741519 0.000000 1.113124 19.468179 -0.008279 0.924729 -0.004131 
1645 7.788239 0.000000 1.156695 19.467928 0.000641 0.835955 -0.003692 
1646 7.741519 0.000000 1.200266 19.468288 -0.008720 0.771330 -0.003454 
1647 7.881681 0.000000 1.287409 19.462595 -0.011108 0.659029 -0.002444 
1648 7.975123 0.000000 1.287409 19.460856 -0.012587 0.657060 -0.002258 
1649 7.881681 0.000000 1.374551 19.460354 -0.008289 0.569794 -0.001923 
1650 8.162006 0.000000 1.548835 19.452319 0.001727 0.435749 -0.000740 
1651 8.162006 0.000000 1.723119 19.449456 0.013703 0.330566 -0.000233 
1652 8.255448 0.000000 1.287409 19.456057 -0.016307 0.651570 -0.001746 
1653 8.162006 0.000000 1.287409 19.457626 -0.015123 0.653337 -0.001913 
1654 8.255448 0.000000 1.200266 19.459513 -0.003625 0.757573 -0.002496 
1655 8.348890 0.000000 1.287409 19.454539 -0.019954 0.647291 -0.001575 
1656 8.255448 0.000000 1.374551 19.454424 -0.012977 0.559028 -0.001282 
1657 8.255448 0.000000 1.113124 19.459178 -0.014102 0.926882 -0.003215 
1658 8.255448 0.000000 1.025982 19.460834 -0.035598 1.089069 -0.004253 
1659 8.348890 0.000000 1.113124 19.457516 -0.015192 0.926008 -0.003040 
1660 8.442331 0.000000 1.287409 19.453008 -0.020974 0.645514 -0.001412 
1661 8.442331 0.000000 1.200266 19.455957 -0.002057 0.758987 -0.002135 
1662 8.442331 0.000000 1.374551 19.451615 -0.014460 0.554814 -0.000980 
1663 8.302169 0.000000 1.243838 19.457458 -0.016307 0.700941 -0.002066 
1664 8.255448 0.000000 1.243838 19.458167 -0.016240 0.702420 -0.002145 
1665 8.302169 0.000000 1.200266 19.458692 -0.002991 0.757556 -0.002411 
1666 8.348890 0.000000 1.243838 19.456767 -0.016233 0.699326 -0.001989 
1667 8.302169 0.000000 1.287409 19.455286 -0.016868 0.650700 -0.001664 
1668 8.535773 0.000000 0.851698 19.465719 -0.065294 1.293750 -0.006053 
1669 8.535773 0.000000 0.677414 19.468331 -0.072941 1.188215 -0.005632 
1670 8.722656 0.000000 0.851698 19.463168 -0.058001 1.281031 -0.005701 
1671 8.442331 0.000000 1.113124 19.455776 -0.016418 0.924967 -0.002856 
1672 8.442331 0.000000 1.025982 19.457875 -0.034681 1.082923 -0.003913 
1673 8.535773 0.000000 1.113124 19.453854 -0.017805 0.923827 -0.002653 
1674 8.489052 0.000000 1.243838 19.454675 -0.015005 0.694051 -0.001755 
1675 8.442331 0.000000 1.243838 19.455387 -0.015604 0.695810 -0.001834 
1676 8.489052 0.000000 1.200266 19.454992 -0.002224 0.759766 -0.002039 
1677 8.535773 0.000000 1.243838 19.453992 -0.014202 0.692404 -0.001678 
1678 8.489052 0.000000 1.287409 19.452269 -0.021437 0.644591 -0.001333 
1679 8.629215 0.000000 1.113124 19.451931 -0.019566 0.922660 -0.002450 
1680 8.629215 0.000000 1.025982 19.454172 -0.035010 1.075822 -0.003492 
1681 8.722656 0.000000 1.113124 19.449959 -0.021708 0.921523 -0.002242 
1682 8.816098 0.000000 1.287409 19.446355 -0.031702 0.648758 -0.000740 
1683 8.816098 0.000000 1.200266 19.447976 -0.008644 0.765358 -0.001341 
1684 8.816098 0.000000 1.374551 19.445555 -0.016093 0.548923 -0.000340 
1685 8.675935 0.000000 1.243838 19.451622 -0.011037 0.689119 -0.001422 
1686 8.629215 0.000000 1.243838 19.452454 -0.012158 0.689876 -0.001511 
1687 8.675935 0.000000 1.200266 19.451028 -0.004937 0.763133 -0.001645 
1688 8.722656 0.000000 1.243838 19.450732 -0.010010 0.688804 -0.001330 
1689 8.675935 0.000000 1.287409 19.449166 -0.021838 0.638911 -0.000995 
1690 8.909540 0.000000 0.851698 19.459618 -0.054241 1.266056 -0.005234 
1691 8.909540 0.000000 0.677414 19.467951 -0.048412 1.180650 -0.005538 
1692 9.096423 0.000000 0.851698 19.455539 -0.054107 1.249768 -0.004706 
1693 8.816098 0.000000 1.113124 19.447962 -0.024250 0.920414 -0.002031 
1694 8.816098 0.000000 1.025982 19.450165 -0.037393 1.068431 -0.003038 
1695 8.909540 0.000000 1.113124 19.446017 -0.027206 0.919352 -0.001827 
1696 8.769377 0.000000 1.243838 19.449770 -0.009160 0.688886 -0.001231 
1697 8.769377 0.000000 1.200266 19.448987 -0.007297 0.764672 -0.001442 
1698 8.816098 0.000000 1.243838 19.448808 -0.008561 0.689298 -0.001134 
1699 8.769377 0.000000 1.287409 19.447552 -0.022015 0.636515 -0.000821 
1700 9.189865 0.000000 1.287409 19.440321 -0.026955 0.642060 -0.000097 
1701 9.189865 0.000000 1.200266 19.438831 -0.031485 0.785179 -0.000484 
1702 9.189865 0.000000 1.374551 19.439396 -0.011760 0.552817 0.000282 
1703 9.376748 0.000000 1.461693 19.436401 0.001649 0.478953 0.000792 
1704 9.283306 0.000000 1.461693 19.437613 -0.000287 0.479521 0.000665 
1705 9.470190 0.000000 1.461693 19.435254 0.003806 0.478583 0.000910 
1706 9.376748 0.000000 1.548835 19.436738 0.018020 0.420769 0.000894 
1707 9.330027 0.000000 1.330980 19.438655 -0.013160 0.573463 0.000297 
1708 9.283306 0.000000 1.330980 19.439239 -0.013586 0.574524 0.000233 
1709 9.330027 0.000000 1.287409 19.438118 -0.025300 0.643153 0.000126 
1710 9.376748 0.000000 1.330980 19.438144 -0.014226 0.567951 0.000366 
1711 9.330027 0.000000 1.374551 19.437401 -0.011122 0.551265 0.000491 
1712 9.563631 0.000000 1.287409 19.435331 -0.022687 0.635464 0.000439 
1713 9.563631 0.000000 1.200266 19.433719 -0.049170 0.785713 0.000035 
1714 9.563631 0.000000 1.374551 19.435526 -0.019421 0.542312 0.000709 
1715 9.563631 0.000000 1.461693 19.434286 0.006315 0.478397 0.001010 
1716 9.657073 0.000000 1.461693 19.433491 0.009704 0.478645 0.001091 
1717 9.563631 0.000000 1.548835 19.435393 0.021771 0.419027 0.001036 
1718 9.516911 0.000000 1.330980 19.436408 -0.011758 0.564184 0.000555 
1719 9.470190 0.000000 1.330980 19.436964 -0.012867 0.564942 0.000496 
1720 9.516911 0.000000 1.287409 19.436032 -0.020817 0.639136 0.000355 
1721 9.563631 0.000000 1.330980 19.435845 -0.010552 0.563587 0.000615 
1722 9.516911 0.000000 1.374551 19.436066 -0.020177 0.543081 0.000652 
1723 9.750515 0.000000 1.461693 19.432715 0.012744 0.481129 0.001164 
1724 9.843957 0.000000 1.461693 19.432940 0.019184 0.481001 0.001141 
1725 9.750515 0.000000 1.548835 19.434600 0.028720 0.420474 0.001113 
1726 9.703794 0.000000 1.330980 19.435153 -0.011048 0.570717 0.000665 
1727 9.657073 0.000000 1.330980 19.435624 -0.012577 0.570692 0.000616 
1728 9.703794 0.000000 1.287409 19.433598 -0.023921 0.637947 0.000609 
1729 9.750515 0.000000 1.330980 19.434756 -0.009502 0.570926 0.000705 
1730 9.703794 0.000000 1.374551 19.434308 -0.016148 0.540031 0.000841 
1731 9.937398 0.000000 1.461693 19.433408 0.022945 0.481598 0.001091 
1732 10.030840 0.000000 1.461693 19.434716 0.024891 0.479647 0.000961 
1733 9.937398 0.000000 1.548835 19.435330 0.036329 0.422867 0.001032 
1734 9.890677 0.000000 1.330980 19.434110 -0.004978 0.572456 0.000767 
1735 9.843957 0.000000 1.330980 19.434221 -0.006451 0.571819 0.000757 
1736 9.890677 0.000000 1.287409 19.433443 -0.018803 0.631000 0.000648 
1737 9.937398 0.000000 1.330980 19.434169 -0.003519 0.573189 0.000759 
1738 9.890677 0.000000 1.374551 19.433477 -0.001971 0.525221 0.000969 
1739 10.124282 0.000000 1.461693 19.436350 0.028583 0.480373 0.000791 
1740 10.124282 0.000000 1.374551 19.436050 0.010562 0.525321 0.000704 
1741 10.124282 0.000000 1.548835 19.437995 0.043589 0.425681 0.000750 
1742 10.311165 0.000000 1.287409 19.439259 -0.016073 0.637255 0.000030 
1743 10.217723 0.000000 1.287409 19.437149 -0.016681 0.636040 0.000251 
1744 10.311165 0.000000 1.200266 19.437831 -0.074500 0.790644 -0.000416 
1745 10.404607 0.000000 1.287409 19.440762 -0.018149 0.637211 -0.000124 
1746 10.264444 0.000000 1.418122 19.439306 0.020508 0.510966 0.000408 
1747 10.217723 0.000000 1.418122 19.438120 0.018791 0.511039 0.000530 
1748 10.264444 0.000000 1.374551 19.439166 0.017892 0.527658 0.000377 
1749 10.311165 0.000000 1.418122 19.440438 0.022071 0.510895 0.000292 
1750 10.264444 0.000000 1.461693 19.439609 0.033155 0.481249 0.000453 
1751 10.498048 0.000000 1.461693 19.444179 0.036958 0.482235 -0.000020 
1752 10.498048 0.000000 1.374551 19.443310 0.012079 0.539281 -0.000081 
1753 10.591490 0.000000 1.461693 19.445466 0.037371 0.482921 -0.000154 
1754 10.498048 0.000000 1.548835 19.445269 0.051457 0.429439 -0.000008 
1755 10.357886 0.000000 1.418122 19.441746 0.026375 0.510095 0.000159 
1756 10.357886 0.000000 1.374551 19.441201 0.020901 0.529270 0.000163 
1757 10.404607 0.000000 1.418122 19.442653 0.027504 0.510110 0.000065 
1758 10.357886 0.000000 1.461693 19.441775 0.035255 0.481602 0.000229 
1759 10.778373 0.000000 1.200266 19.445389 -0.068142 0.797863 -0.001221 
1760 10.778373 0.000000 1.025982 19.445101 -0.120471 1.031524 -0.002347 
1761 10.965257 0.000000 1.200266 19.447305 -0.069780 0.792950 -0.001398 
1762 10.498048 0.000000 1.287409 19.442519 -0.017763 0.638646 -0.000310 
1763 10.498048 0.000000 1.200266 19.442133 -0.061970 0.767819 -0.000760 
1764 10.591490 0.000000 1.287409 19.443947 -0.017266 0.640175 -0.000462 
1765 10.451327 0.000000 1.418122 19.443331 0.028361 0.510236 -0.000005 
1766 10.451327 0.000000 1.374551 19.442920 0.020848 0.527706 -0.000009 
1767 10.498048 0.000000 1.418122 19.443880 0.028744 0.510500 -0.000062 
1768 10.451327 0.000000 1.461693 19.443486 0.036574 0.481940 0.000052 
1769 10.684932 0.000000 1.461693 19.446636 0.038188 0.481684 -0.000271 
1770 10.684932 0.000000 1.374551 19.445931 0.021797 0.551877 -0.000388 
1771 10.778373 0.000000 1.461693 19.447381 0.038222 0.482192 -0.000349 
1772 10.684932 0.000000 1.548835 19.447343 0.052338 0.430476 -0.000224 
1773 10.684932 0.000000 1.287409 19.445042 -0.021719 0.662787 -0.000653 
1774 10.684932 0.000000 1.200266 19.444483 -0.065705 0.769012 -0.001007 
1775 10.778373 0.000000 1.287409 19.446002 -0.021989 0.663446 -0.000754 
1776 10.871815 0.000000 1.461693 19.448191 0.039300 0.483519 -0.000436 
1777 10.871815 0.000000 1.374551 19.447577 0.022062 0.551083 -0.000555 
1778 10.965257 0.000000 1.461693 19.448628 0.039288 0.483853 -0.000482 
1779 10.871815 0.000000 1.548835 19.448585 0.051208 0.429400 -0.000349 
1780 10.731653 0.000000 1.418122 19.446790 0.029615 0.510289 -0.000361 
1781 10.684932 0.000000 1.418122 19.446214 0.029053 0.511856 -0.000306 
1782 10.731653 0.000000 1.374551 19.446364 0.021758 0.552187 -0.000433 
1783 10.778373 0.000000 1.418122 19.447155 0.029588 0.510555 -0.000399 
1784 10.731653 0.000000 1.461693 19.447032 0.038217 0.481950 -0.000313 
1785 11.339023 0.000000 0.677414 19.450267 -0.076742 1.107560 -0.003286 
1786 11.339023 0.000000 0.328845 19.451055 -0.103005 0.613105 -0.001130 
1787 11.712790 0.000000 0.677414 19.450202 -0.076749 1.098186 -0.003224 
1788 11.152140 0.000000 1.200266 19.448684 -0.066830 0.792000 -0.001535 
1789 11.152140 0.000000 1.025982 19.448460 -0.119740 1.042062 -0.002750 
1790 11.339023 0.000000 1.200266 19.449416 -0.067003 0.792122 -0.001610 
1791 11.058698 0.000000 1.461693 19.449084 0.037904 0.482180 -0.000524 
1792 11.058698 0.000000 1.374551 19.448794 0.023043 0.552764 -0.000685 
1793 11.152140 0.000000 1.461693 19.449360 0.037897 0.482376 -0.000553 
1794 11.058698 0.000000 1.548835 19.449255 0.051289 0.429861 -0.000419 
1795 11.525907 0.000000 1.548835 19.449905 0.052386 0.433808 -0.000495 
1796 11.525907 0.000000 1.374551 19.449816 0.023093 0.555013 -0.000797 
1797 11.525907 0.000000 1.723119 19.450649 -0.024917 0.287199 -0.000286 
1798 11.245582 0.000000 1.461693 19.449610 0.037899 0.482502 -0.000579 
1799 11.245582 0.000000 1.374551 19.449516 0.021605 0.551016 -0.000754 
1800 11.339023 0.000000 1.461693 19.449820 0.037876 0.482586 -0.000601 
1801 11.245582 0.000000 1.548835 19.449712 0.051320 0.430137 -0.000466 
1802 11.525907 0.000000 1.200266 19.449792 -0.070916 0.792487 -0.001652 
1803 11.525907 0.000000 1.025982 19.449994 -0.116615 1.039954 -0.002894 
1804 11.712790 0.000000 1.200266 19.450116 -0.065312 0.793962 -0.001689 
1805 11.619349 0.000000 1.461693 19.449996 0.039171 0.486478 -0.000629 
1806 11.525907 0.000000 1.461693 19.449859 0.039171 0.486437 -0.000615 
1807 11.619349 0.000000 1.374551 19.449977 0.023081 0.555048 -0.000813 
1808 11.712790 0.000000 1.461693 19.450737 -0.039459 0.401866 -0.000507 
1809 11.619349 0.000000 1.548835 19.450694 -0.026252 0.358846 -0.000414 
1810 11.432465 0.000000 1.461693 19.449695 0.039181 0.486369 -0.000598 
1811 11.432465 0.000000 1.374551 19.449603 0.019080 0.552767 -0.000768 
1812 11.432465 0.000000 1.548835 19.449749 0.052378 0.433754 -0.000479 
1813 12.086557 0.000000 0.677414 19.451447 -0.213945 0.771190 -0.001842 
1814 12.086557 0.000000 0.328845 19.451688 -0.089707 0.457559 -0.000748 
1815 12.460324 0.000000 0.677414 19.451138 -0.232031 0.781286 -0.001873 
1816 11.899674 0.000000 1.200266 19.450850 -0.133456 0.674602 -0.001337 
1817 11.899674 0.000000 1.025982 19.450936 -0.162218 0.896192 -0.002289 
1818 12.086557 0.000000 1.200266 19.450709 -0.024537 0.397646 -0.000493 
1819 11.619349 0.000000 1.287409 19.449965 -0.017742 0.664583 -0.001165 
1820 11.525907 0.000000 1.287409 19.449798 -0.017724 0.664573 -0.001148 
1821 11.619349 0.000000 1.200266 19.449970 -0.065271 0.793970 -0.001675 
1822 11.712790 0.000000 1.287409 19.450102 -0.017776 0.664589 -0.001179 
1823 11.572628 0.000000 1.418122 19.449918 0.030523 0.514953 -0.000695 
1824 11.525907 0.000000 1.418122 19.449836 0.030523 0.514933 -0.000687 
1825 11.572628 0.000000 1.374551 19.449901 0.023093 0.555022 -0.000805 
1826 11.619349 0.000000 1.418122 19.449985 0.030518 0.514971 -0.000702 
1827 11.572628 0.000000 1.461693 19.449932 0.039174 0.486457 -0.000623 
1828 11.806232 0.000000 1.461693 19.450758 -0.039498 0.401852 -0.000509 
1829 11.806232 0.000000 1.374551 19.450778 -0.054141 0.459704 -0.000646 
1830 11.899674 0.000000 1.461693 19.450276 0.122958 0.257800 -0.000244 
1831 11.806232 0.000000 1.548835 19.450735 -0.026334 0.358826 -0.000418 
1832 11.993115 0.000000 1.461693 19.450392 0.117230 0.255751 -0.000250 
1833 11.993115 0.000000 1.374551 19.450441 0.101811 0.276603 -0.000275 
1834 12.086557 0.000000 1.461693 19.450280 0.116507 0.262573 -0.000247 
1835 11.993115 0.000000 1.548835 19.450102 0.124803 0.249049 -0.000216 
1836 12.273440 0.000000 1.200266 19.450659 -0.028038 0.402528 -0.000498 
1837 12.273440 0.000000 1.025982 19.450876 -0.192400 0.576143 -0.001065 
1838 12.460324 0.000000 1.200266 19.450649 -0.028064 0.402324 -0.000497 
1839 12.179999 0.000000 1.461693 19.450332 0.116504 0.262458 -0.000252 
1840 12.179999 0.000000 1.374551 19.450432 0.100239 0.282411 -0.000282 
1841 12.273440 0.000000 1.461693 19.450370 0.116501 0.262352 -0.000256 
1842 12.179999 0.000000 1.548835 19.450240 0.124805 0.248833 -0.000229 
1843 12.366882 0.000000 1.461693 19.450392 0.116494 0.262261 -0.000258 
1844 12.366882 0.000000 1.374551 19.450477 0.100222 0.282200 -0.000286 
1845 12.460324 0.000000 1.461693 19.449610 0.104883 0.261933 -0.000170 
1846 12.366882 0.000000 1.548835 19.449469 0.113335 0.248240 -0.000142 
1847 12.834090 0.000000 0.677414 19.450888 -0.232101 0.781037 -0.001846 
1848 12.834090 0.000000 0.328845 19.451027 -0.099738 0.470355 -0.000717 
1849 13.207857 0.000000 0.677414 19.449423 -0.226437 0.796387 -0.001753 
1850 12.647207 0.000000 1.200266 19.450283 -0.001894 0.412775 -0.000479 
1851 12.647207 0.000000 1.025982 19.450757 -0.192463 0.575758 -0.001052 
1852 12.834090 0.000000 1.200266 19.448863 -0.025066 0.408152 -0.000325 
1853 12.366882 0.000000 1.287409 19.450566 0.048469 0.334035 -0.000359 
1854 12.273440 0.000000 1.287409 19.450564 0.048482 0.334140 -0.000359 
1855 12.366882 0.000000 1.200266 19.450657 -0.028053 0.402420 -0.000498 
1856 12.460324 0.000000 1.287409 19.450566 0.048461 0.333945 -0.000359 
1857 12.553765 0.000000 1.461693 19.448402 0.118831 0.265933 -0.000060 
1858 12.553765 0.000000 1.374551 19.449725 0.088468 0.281983 -0.000203 
1859 12.647207 0.000000 1.461693 19.448515 0.118837 0.265871 -0.000071 
1860 12.553765 0.000000 1.548835 19.448347 0.126974 0.251765 -0.000040 
1861 12.413603 0.000000 1.418122 19.450440 0.108676 0.267641 -0.000266 
1862 12.366882 0.000000 1.418122 19.450435 0.108680 0.267685 -0.000265 
1863 12.413603 0.000000 1.374551 19.450482 0.100220 0.282157 -0.000287 
1864 12.460324 0.000000 1.418122 19.450453 0.108672 0.267597 -0.000267 
1865 12.413603 0.000000 1.461693 19.450400 0.116490 0.262218 -0.000259 
1866 12.740649 0.000000 1.461693 19.448614 0.118833 0.265824 -0.000082 
1867 12.740649 0.000000 1.374551 19.448666 0.102750 0.286396 -0.000108 
1868 12.834090 0.000000 1.461693 19.448706 0.118837 0.265773 -0.000091 
1869 12.740649 0.000000 1.548835 19.448567 0.126978 0.251670 -0.000063 
1870 13.020974 0.000000 1.200266 19.449002 -0.025058 0.408044 -0.000339 
1871 13.020974 0.000000 1.025982 19.449109 -0.188828 0.583837 -0.000904 
1872 13.207857 0.000000 1.200266 19.449122 -0.025058 0.407939 -0.000351 
1873 12.927532 0.000000 1.461693 19.448785 0.118837 0.265729 -0.000099 
1874 12.927532 0.000000 1.374551 19.448829 0.102750 0.286298 -0.000124 
1875 13.020974 0.000000 1.461693 19.448862 0.118857 0.265688 -0.000107 
1876 12.927532 0.000000 1.548835 19.448743 0.126981 0.251582 -0.000081 
1877 13.114416 0.000000 1.461693 19.448932 0.118855 0.265645 -0.000114 
1878 13.114416 0.000000 1.374551 19.448972 0.102768 0.286205 -0.000139 
1879 13.207857 0.000000 1.461693 19.449004 0.118856 0.265597 -0.000121 
1880 13.114416 0.000000 1.548835 19.448890 0.127001 0.251505 -0.000096 
1881 0.581549 0.000000 0.862591 17.934959 0.002050 5.707691 0.063605 
1882 0.569869 0.000000 0.862591 17.976726 0.001789 5.648273 0.061424 
1883 0.581549 0.000000 0.851698 17.946731 0.001955 5.692320 0.062952 
1884 0.593230 0.000000 0.862591 18.493151 -0.048355 3.596276 0.061777 
1885 0.581549 0.000000 0.873483 17.820583 -0.012282 3.086200 0.135353 
1886 0.663311 0.000000 0.873483 18.802260 -0.036495 2.763119 0.045311 
1887 0.686671 0.000000 0.873483 18.899509 -0.074199 2.583723 0.038144 
1888 0.663311 0.000000 0.895269 18.280346 -0.012864 2.579196 0.099072 
1889 0.628270 0.000000 0.862591 18.740630 0.137237 3.095026 0.046241 
1890 0.616590 0.000000 0.862591 18.717936 -1.081837 2.949258 0.047774 
1891 0.628270 0.000000 0.851698 18.870702 0.021383 3.098175 0.033307 
1892 0.639950 0.000000 0.862591 18.797998 0.069246 2.970382 0.042584 
1893 0.628270 0.000000 0.873483 17.859062 -0.012438 3.052135 0.132277 
1894 0.710032 0.000000 0.873483 18.995666 -0.466953 2.304112 0.031563 
1895 0.733392 0.000000 0.873483 19.059714 0.132842 2.300182 0.025697 
1896 0.710032 0.000000 0.895269 18.610804 -0.015553 2.324079 0.070153 
1897 0.674991 0.000000 0.862591 18.936624 0.032213 2.657586 0.033420 
1898 0.663311 0.000000 0.862591 18.894088 0.038225 2.754257 0.036290 
1899 0.674991 0.000000 0.851698 19.021666 0.017652 2.645655 0.025057 
1900 0.686671 0.000000 0.862591 18.975909 0.028300 2.572616 0.030659 
1901 0.674991 0.000000 0.873483 18.852975 -0.049970 2.668465 0.041619 
1902 0.756753 0.000000 0.873483 19.128698 0.065816 2.203078 0.019925 
1903 0.756753 0.000000 0.851698 19.223796 0.023047 2.169854 0.010678 
1904 0.780113 0.000000 0.873483 19.195391 0.046568 2.102924 0.014314 
1905 0.756753 0.000000 0.895269 18.781642 -0.016884 2.179281 0.054990 
1906 0.826834 0.000000 0.808127 19.496560 0.006370 1.901748 -0.014354 
1907 0.826834 0.000000 0.764556 19.603971 0.005668 1.865889 -0.025098 
1908 0.803473 0.000000 0.873483 19.260206 0.037359 2.011763 0.008719 
1909 0.803473 0.000000 0.851698 19.331425 -0.059408 1.960723 0.001984 
1910 0.826834 0.000000 0.873483 19.319334 0.032211 1.942026 0.003419 
1911 0.803473 0.000000 0.895269 18.938258 -0.017087 1.994374 0.041414 
1912 0.850194 0.000000 0.873483 19.376470 0.028932 1.878573 -0.001784 
1913 0.850194 0.000000 0.851698 19.429505 -0.000201 1.850018 -0.006941 
1914 0.850194 0.000000 0.895269 19.322941 -0.012665 1.914581 0.003332 
1915 1.013717 0.000000 0.982411 19.546253 -0.021500 1.706297 -0.017619 
1916 0.966996 0.000000 0.982411 19.386537 -0.020330 1.759713 -0.001671 
1917 1.060438 0.000000 0.982411 19.600276 -0.021368 1.697738 -0.023132 
1918 1.037078 0.000000 0.917054 19.612502 -0.023035 1.674404 -0.024192 
1919 1.013717 0.000000 0.917054 19.612502 -0.023035 1.674404 -0.024192 
1920 1.060438 0.000000 0.917054 19.615704 -0.022722 1.679452 -0.024569 
1921 1.037078 0.000000 0.938840 19.609206 -0.023185 1.676087 -0.023865 
1922 1.025397 0.000000 0.884376 19.622822 -0.023634 1.669865 -0.025222 
1923 1.013717 0.000000 0.884376 19.624653 -0.023741 1.657399 -0.025303 
1924 1.025397 0.000000 0.873483 19.624653 -0.023741 1.657399 -0.025303 
1925 1.037078 0.000000 0.884376 19.622822 -0.023634 1.669865 -0.025222 
1926 1.025397 0.000000 0.895269 19.622822 -0.023634 1.669865 -0.025222 
1927 1.130519 0.000000 0.873483 19.542880 -0.023323 1.642870 -0.016709 
1928 1.130519 0.000000 0.851698 19.622822 -0.023634 1.669865 -0.025222 
1929 1.153880 0.000000 0.873483 19.501430 -0.023112 1.636363 -0.012375 
1930 1.130519 0.000000 0.895269 19.521438 -0.022669 1.648816 -0.014547 
1931 1.200601 0.000000 0.808127 19.639016 0.016624 1.537555 -0.025780 
1932 1.200601 0.000000 0.764556 19.656529 0.014114 1.540035 -0.027619 
1933 1.247321 0.000000 0.808127 19.583245 0.017907 1.517939 -0.019840 
1934 1.177240 0.000000 0.873483 19.501430 -0.023112 1.636363 -0.012375 
1935 1.177240 0.000000 0.851698 19.380038 -0.022591 1.602860 0.000388 
1936 1.200601 0.000000 0.873483 19.374172 -0.021885 1.617039 0.000869 
1937 1.177240 0.000000 0.895269 19.473632 -0.022584 1.638169 -0.009527 
1938 1.574367 0.000000 0.895269 19.040448 -0.015350 1.183790 0.037965 
1939 1.574367 0.000000 0.851698 19.054769 -0.015762 1.182164 0.036533 
1940 1.574367 0.000000 0.938840 19.042441 -0.014675 1.194441 0.037697 
1941 1.854692 0.000000 0.895269 19.316490 0.038028 0.860797 0.011719 
1942 1.854692 0.000000 0.851698 19.346090 0.030015 0.986631 0.008081 
1943 1.854692 0.000000 0.938840 19.065203 -0.011403 0.407370 0.038737 
1944 2.088297 0.000000 0.764556 19.471515 0.021605 1.123320 -0.005550 
1945 2.088297 0.000000 0.677414 19.463017 0.021122 1.111438 -0.004605 
1946 2.041576 0.000000 0.895269 19.514362 0.031769 0.862858 -0.008600 
1947 2.041576 0.000000 0.851698 19.485233 0.022666 0.986715 -0.006201 
1948 2.088297 0.000000 0.895269 19.544051 0.030574 0.908527 -0.011879 
1949 2.041576 0.000000 0.938840 19.559154 0.002468 0.749665 -0.012741 
1950 2.135017 0.000000 0.895269 19.558333 0.032709 0.965853 -0.013639 
1951 2.135017 0.000000 0.851698 19.519645 0.016630 1.053294 -0.010108 
1952 2.135017 0.000000 0.938840 19.618235 -0.004703 0.908470 -0.019556 
1953 2.228459 0.000000 0.982411 19.641372 -0.005585 1.031803 -0.022589 
1954 2.181738 0.000000 0.982411 20.103501 -0.014203 -0.289820 -0.068550 
1955 2.275180 0.000000 0.982411 19.579290 -0.007792 1.090765 -0.016484 
1956 2.205099 0.000000 0.917054 19.571761 0.030114 1.016163 -0.015292 
1957 2.181738 0.000000 0.917054 19.579799 0.033842 0.990334 -0.015987 
1958 2.205099 0.000000 0.895269 19.550638 -0.019474 1.045289 -0.013264 
1959 2.228459 0.000000 0.917054 19.561266 0.026889 1.038047 -0.014324 
1960 2.205099 0.000000 0.938840 19.596926 -0.011524 1.011395 -0.017869 
1961 2.321901 0.000000 0.895269 19.508332 0.002443 1.094235 -0.009172 
1962 2.321901 0.000000 0.851698 19.496311 0.002724 1.143046 -0.008221 
1963 2.368622 0.000000 0.895269 19.493499 0.000903 1.103864 -0.007699 
1964 2.321901 0.000000 0.938840 19.519397 -0.028244 1.095990 -0.010326 
1965 2.251820 0.000000 0.917054 19.549358 0.023986 1.056288 -0.013194 
1966 2.251820 0.000000 0.895269 19.535224 0.001784 1.064418 -0.011778 
1967 2.275180 0.000000 0.917054 19.537063 0.021384 1.070509 -0.012003 
1968 2.251820 0.000000 0.938840 19.565769 -0.016882 1.060799 -0.014915 
1969 2.415343 0.000000 0.895269 19.482401 -0.000928 1.108455 -0.006582 
1970 2.415343 0.000000 0.851698 19.478763 -0.003509 1.158611 -0.006508 
1971 2.415343 0.000000 0.938840 19.482626 -0.071018 1.094454 -0.006537 
1972 2.321901 0.000000 0.982411 19.528955 -0.009600 1.112090 -0.011405 
1973 2.368622 0.000000 0.982411 19.496472 -0.010842 1.113699 -0.008063 
1974 2.321901 0.000000 1.025982 19.359954 0.243995 -0.003513 0.009080 
1975 2.345261 0.000000 0.917054 19.504295 0.015097 1.093028 -0.008750 
1976 2.321901 0.000000 0.917054 19.514067 0.016952 1.088280 -0.009730 
1977 2.345261 0.000000 0.895269 19.500464 0.001730 1.099819 -0.008393 
1978 2.368622 0.000000 0.917054 19.495826 0.013460 1.095771 -0.007892 
1979 2.345261 0.000000 0.938840 19.507301 -0.033832 1.099800 -0.009101 
1980 2.415343 0.000000 0.982411 19.477793 -0.011981 1.108072 -0.006106 
1981 2.462063 0.000000 0.982411 19.467499 -0.012797 1.100797 -0.005004 
1982 2.415343 0.000000 1.025982 19.466889 -0.009637 1.110119 -0.004995 
1983 2.391982 0.000000 0.917054 19.488755 0.012010 1.097105 -0.007171 
1984 2.391982 0.000000 0.895269 19.487472 0.000003 1.106611 -0.007094 
1985 2.415343 0.000000 0.917054 19.482984 0.010722 1.097468 -0.006579 
1986 2.391982 0.000000 0.938840 19.489035 -0.052415 1.099466 -0.007221 
1987 2.508784 0.000000 0.982411 19.462322 -0.013470 1.093824 -0.004431 
1988 2.555505 0.000000 0.982411 19.459816 -0.013692 1.087480 -0.004136 
1989 2.508784 0.000000 1.025982 19.453645 -0.009711 1.087749 -0.003503 
1990 3.022713 0.000000 1.113124 19.448596 0.007645 0.992730 -0.002461 
1991 2.929272 0.000000 1.113124 19.447814 0.006327 0.998015 -0.002408 
1992 3.116155 0.000000 1.113124 19.448961 0.008530 0.986543 -0.002466 
1993 3.022713 0.000000 1.200266 19.443948 0.014402 0.906653 -0.001551 
1994 2.975993 0.000000 0.982411 19.457014 -0.010439 1.055999 -0.003669 
1995 2.929272 0.000000 0.982411 19.457111 -0.010715 1.058613 -0.003694 
1996 2.975993 0.000000 0.938840 19.458676 0.012802 1.071180 -0.003926 
1997 3.022713 0.000000 0.982411 19.456874 -0.010201 1.053824 -0.003643 
1998 2.975993 0.000000 1.025982 19.454374 -0.001828 1.039219 -0.003305 
1999 3.209597 0.000000 1.113124 19.448988 0.009002 0.981730 -0.002444 
2000 3.303039 0.000000 1.113124 19.448846 0.009026 0.977982 -0.002410 
2001 3.209597 0.000000 1.200266 19.444640 0.014762 0.900619 -0.001594 
2002 3.256318 0.000000 0.982411 19.455873 -0.015753 1.043640 -0.003484 
2003 3.209597 0.000000 0.982411 19.456133 -0.013216 1.045692 -0.003522 
2004 3.256318 0.000000 0.938840 19.455868 0.005105 1.083222 -0.003705 
2005 3.303039 0.000000 0.982411 19.455775 -0.020037 1.042590 -0.003468 
2006 3.256318 0.000000 1.025982 19.454052 0.001193 1.022976 -0.003183 
2007 3.303039 0.000000 0.503129 19.450609 -0.017385 0.848124 -0.001965 
2008 3.303039 0.000000 0.328845 19.448103 -0.017668 0.546217 -0.000594 
2009 3.489922 0.000000 0.503129 19.448707 -0.016478 0.851741 -0.001785 
2010 3.209597 0.000000 0.764556 19.451144 -0.007212 1.212287 -0.004003 
2011 3.209597 0.000000 0.677414 19.450197 -0.010450 1.160185 -0.003579 
2012 3.303039 0.000000 0.764556 19.450623 -0.004956 1.215169 -0.003967 
2013 3.256318 0.000000 0.895269 19.454465 0.002101 1.138936 -0.003888 
2014 3.209597 0.000000 0.895269 19.455076 0.001414 1.137189 -0.003941 
2015 3.256318 0.000000 0.851698 19.452758 -0.001777 1.189507 -0.004024 
2016 3.303039 0.000000 0.895269 19.454311 0.002677 1.143063 -0.003897 
2017 3.396480 0.000000 1.113124 19.448385 0.008618 0.972327 -0.002333 
2018 3.489922 0.000000 1.113124 19.448907 0.007940 0.965987 -0.002354 
2019 3.396480 0.000000 1.200266 19.445397 0.007332 0.897702 -0.001657 
2020 3.349759 0.000000 0.982411 19.455424 -0.027737 1.038141 -0.003409 
2021 3.349759 0.000000 0.938840 19.455426 0.008415 1.076766 -0.003623 
2022 3.396480 0.000000 0.982411 19.455283 -0.042987 1.029078 -0.003348 
2023 3.349759 0.000000 1.025982 19.453636 0.001291 1.019539 -0.003122 
2024 3.279678 0.000000 0.960626 19.456366 0.023961 1.055576 -0.003602 
2025 3.256318 0.000000 0.960626 19.456328 0.024607 1.053816 -0.003588 
2026 3.279678 0.000000 0.938840 19.456113 0.005059 1.080382 -0.003714 
2027 3.303039 0.000000 0.960626 19.456181 0.023422 1.055325 -0.003581 
2028 3.279678 0.000000 0.982411 19.455887 -0.017622 1.043954 -0.003487 
2029 3.443201 0.000000 0.982411 19.456580 -0.077602 0.986675 -0.003266 
2030 3.443201 0.000000 0.938840 19.454214 0.009842 1.078039 -0.003506 
2031 3.489922 0.000000 0.982411 19.460880 0.070103 0.882655 -0.003192 
2032 3.443201 0.000000 1.025982 19.452847 0.001124 1.015122 -0.003017 
2033 3.583364 0.000000 1.113124 19.448268 0.007265 0.961132 -0.002264 
2034 3.676805 0.000000 1.113124 19.447668 0.006412 0.956526 -0.002179 
2035 3.583364 0.000000 1.200266 19.444406 0.005443 0.892534 -0.001531 
2036 3.536643 0.000000 0.982411 19.454268 0.073520 1.011718 -0.003159 
2037 3.536643 0.000000 0.938840 19.452856 0.009701 1.081285 -0.003385 
2038 3.583364 0.000000 0.982411 19.452871 0.048586 1.029263 -0.003102 
2039 3.536643 0.000000 1.025982 19.451873 0.000649 1.011755 -0.002898 
2040 3.630084 0.000000 0.982411 19.452042 0.037216 1.033185 -0.003035 
2041 3.630084 0.000000 0.938840 19.451317 0.008648 1.085399 -0.003250 
2042 3.676805 0.000000 0.982411 19.452395 0.031068 1.033355 -0.003071 
2043 3.630084 0.000000 1.025982 19.451914 -0.000095 1.007898 -0.002882 
2044 3.770247 0.000000 1.113124 19.446930 0.005547 0.952310 -0.002082 
2045 3.863689 0.000000 1.113124 19.446432 0.004550 0.948700 -0.002012 
2046 3.770247 0.000000 1.200266 19.443684 0.003242 0.888536 -0.001438 
2047 3.723526 0.000000 0.982411 19.451628 0.027181 1.033572 -0.002993 
2048 3.723526 0.000000 0.938840 19.450641 0.007151 1.089035 -0.003201 
2049 3.770247 0.000000 0.982411 19.450865 0.024199 1.033658 -0.002915 
2050 3.723526 0.000000 1.025982 19.450762 -0.001058 1.005371 -0.002750 
2051 3.816968 0.000000 0.982411 19.450106 0.021847 1.033697 -0.002837 
2052 3.816968 0.000000 0.938840 19.448827 0.004933 1.094161 -0.003044 
2053 3.863689 0.000000 0.982411 19.449437 0.019732 1.033931 -0.002769 
2054 3.816968 0.000000 1.025982 19.449504 -0.002562 1.003540 -0.002611 
2055 3.957130 0.000000 1.113124 19.446307 0.003414 0.944780 -0.001980 
2056 4.050572 0.000000 1.113124 19.446613 0.002028 0.942449 -0.002000 
2057 3.957130 0.000000 1.200266 19.443954 0.001132 0.885069 -0.001449 
2058 3.910409 0.000000 0.982411 19.448764 0.017653 1.033460 -0.002697 
2059 3.910409 0.000000 0.938840 19.447091 0.002128 1.098540 -0.002891 
2060 3.957130 0.000000 0.982411 19.448219 0.015655 1.034058 -0.002644 
2061 3.910409 0.000000 1.025982 19.448437 -0.004697 1.001450 -0.002490 
2062 4.003851 0.000000 0.982411 19.447731 0.013653 1.035038 -0.002599 
2063 4.003851 0.000000 0.938840 19.445710 -0.001577 1.103866 -0.002780 
2064 4.050572 0.000000 0.982411 19.447371 0.011598 1.036433 -0.002570 
2065 4.003851 0.000000 1.025982 19.447815 -0.007959 1.000776 -0.002423 
2066 4.144014 0.000000 1.113124 19.447402 0.000386 0.940837 -0.002073 
2067 4.237455 0.000000 1.113124 19.448615 -0.001262 0.939961 -0.002193 
2068 4.144014 0.000000 1.200266 19.445907 -0.000647 0.883726 -0.001644 
2069 4.097293 0.000000 0.982411 19.447119 0.009575 1.038435 -0.002555 
2070 4.097293 0.000000 0.938840 19.444831 -0.006356 1.109248 -0.002721 
2071 4.144014 0.000000 0.982411 19.446849 0.007443 1.041627 -0.002544 
2072 4.097293 0.000000 1.025982 19.447608 -0.012756 1.000458 -0.002400 
2073 4.190735 0.000000 0.982411 19.446694 0.003932 1.046960 -0.002558 
2074 4.190735 0.000000 0.938840 19.444237 -0.012160 1.114718 -0.002693 
2075 4.237455 0.000000 0.982411 19.446578 -0.004357 1.051355 -0.002570 
2076 4.190735 0.000000 1.025982 19.447933 -0.020340 1.000048 -0.002432 
2077 4.330897 0.000000 1.113124 19.450347 -0.002943 0.938752 -0.002365 
2078 4.424339 0.000000 1.113124 19.452440 -0.004518 0.939447 -0.002584 
2079 4.330897 0.000000 1.200266 19.450218 -0.003415 0.885105 -0.002093 
2080 4.284176 0.000000 0.982411 19.446808 -0.010744 1.049559 -0.002584 
2081 4.284176 0.000000 0.938840 19.444017 -0.019066 1.119340 -0.002698 
2082 4.330897 0.000000 0.982411 19.447112 -0.013999 1.050325 -0.002620 
2083 4.284176 0.000000 1.025982 19.448755 -0.033733 0.995907 -0.002497 
2084 4.284176 0.000000 1.069553 19.449218 -0.007708 0.967470 -0.002394 
2085 4.237455 0.000000 1.069553 19.448625 -0.006294 0.968026 -0.002336 
2086 4.330897 0.000000 1.069553 19.449908 -0.009285 0.968342 -0.002469 
2087 4.284176 0.000000 1.113124 19.449442 -0.002101 0.938659 -0.002272 
2088 4.260816 0.000000 1.004197 19.447841 0.008525 1.017294 -0.002514 
2089 4.237455 0.000000 1.004197 19.447796 0.010888 1.017562 -0.002511 
2090 4.260816 0.000000 0.982411 19.446628 -0.008266 1.050017 -0.002568 
2091 4.284176 0.000000 1.004197 19.448008 0.006315 1.018117 -0.002535 
2092 4.260816 0.000000 1.025982 19.448430 -0.029442 0.997325 -0.002470 
2093 4.377618 0.000000 0.982411 19.447482 -0.016984 1.052749 -0.002671 
2094 4.377618 0.000000 0.938840 19.444205 -0.026800 1.125325 -0.002754 
2095 4.424339 0.000000 0.982411 19.447865 -0.020232 1.056023 -0.002729 
2096 4.377618 0.000000 1.025982 19.451670 -0.062056 0.962165 -0.002629 
2097 4.517780 0.000000 1.113124 19.454849 -0.005748 0.940868 -0.002839 
2098 4.611222 0.000000 1.113124 19.457543 -0.006468 0.944161 -0.003132 
2099 4.517780 0.000000 1.200266 19.455516 0.002978 0.887483 -0.002649 
2100 4.377618 0.000000 1.069553 19.450690 -0.010873 0.969407 -0.002555 
2101 4.424339 0.000000 1.069553 19.451607 -0.012477 0.970719 -0.002657 
2102 4.377618 0.000000 1.113124 19.451341 -0.003742 0.939000 -0.002469 
2103 4.354257 0.000000 1.004197 19.448580 0.000264 1.021006 -0.002610 
2104 4.330897 0.000000 1.004197 19.448350 0.002182 1.019967 -0.002580 
2105 4.354257 0.000000 0.982411 19.447282 -0.015439 1.051383 -0.002643 
2106 4.377618 0.000000 1.004197 19.448843 -0.001658 1.022135 -0.002643 
2107 4.354257 0.000000 1.025982 19.450444 -0.054198 0.980192 -0.002593 
2108 4.704664 0.000000 1.113124 19.460415 -0.006736 0.946291 -0.003438 
2109 4.798105 0.000000 1.113124 19.463547 -0.008240 0.951760 -0.003788 
2110 4.704664 0.000000 1.200266 19.461061 0.005108 0.888003 -0.003222 
2111 4.891547 0.000000 1.113124 19.466305 -0.007602 0.954124 -0.004084 
2112 4.984989 0.000000 1.113124 19.468934 -0.004853 0.953316 -0.004350 
2113 4.891547 0.000000 1.200266 19.466419 0.008556 0.885966 -0.003764 
2114 5.078431 0.000000 1.113124 19.471611 -0.003654 0.955423 -0.004636 
2115 5.078431 0.000000 1.025982 19.467589 -0.027392 1.052760 -0.004741 
2116 5.078431 0.000000 1.200266 19.471456 0.012247 0.882585 -0.004267 
2117 5.078431 0.000000 0.938840 19.459582 -0.079399 1.181481 -0.004692 
2118 5.078431 0.000000 0.851698 19.453876 -0.113698 1.233793 -0.004457 
2119 5.171872 0.000000 0.938840 19.462691 -0.082081 1.189036 -0.005060 
2120 5.031710 0.000000 1.069553 19.469100 -0.028644 0.993583 -0.004577 
2121 4.984989 0.000000 1.069553 19.467583 -0.026963 0.993291 -0.004419 
2122 5.031710 0.000000 1.025982 19.466191 -0.024727 1.048798 -0.004575 
2123 5.078431 0.000000 1.069553 19.470663 -0.030894 0.992513 -0.004732 
2124 5.031710 0.000000 1.113124 19.470273 -0.004278 0.954403 -0.004494 
2125 5.031710 0.000000 0.982411 19.462025 -0.054684 1.118903 -0.004554 
2126 4.984989 0.000000 0.982411 19.460580 -0.053519 1.114106 -0.004377 
2127 5.031710 0.000000 0.938840 19.458054 -0.077559 1.177677 -0.004510 
2128 5.078431 0.000000 0.982411 19.463486 -0.055567 1.123585 -0.004733 
2129 5.125151 0.000000 1.069553 19.472327 -0.033655 0.988728 -0.004884 
2130 5.125151 0.000000 1.025982 19.469055 -0.028922 1.055617 -0.004908 
2131 5.171872 0.000000 1.069553 19.474321 -0.034965 0.979289 -0.005041 
2132 5.125151 0.000000 1.113124 19.472874 -0.002993 0.956415 -0.004771 
2133 5.055070 0.000000 1.047768 19.468784 -0.003832 1.015404 -0.004658 
2134 5.031710 0.000000 1.047768 19.468115 -0.002505 1.013114 -0.004577 
2135 5.055070 0.000000 1.025982 19.466869 -0.026107 1.050997 -0.004657 
2136 5.078431 0.000000 1.047768 19.469458 -0.004881 1.017413 -0.004738 
2137 5.055070 0.000000 1.069553 19.469882 -0.029697 0.993290 -0.004656 
2138 5.265314 0.000000 0.938840 19.465879 -0.083386 1.196349 -0.005435 
2139 5.265314 0.000000 0.851698 19.459941 -0.128699 1.244152 -0.005158 
2140 5.358756 0.000000 0.938840 19.469082 -0.083204 1.203451 -0.005810 
2141 5.218593 0.000000 1.069553 19.476623 -0.025474 0.963198 -0.005194 
2142 5.218593 0.000000 1.025982 19.471924 -0.028945 1.062092 -0.005240 
2143 5.265314 0.000000 1.069553 19.478137 0.001691 0.960910 -0.005336 
2144 5.218593 0.000000 1.113124 19.475568 -0.003286 0.961353 -0.005074 
2145 5.312035 0.000000 1.069553 19.478643 0.016534 0.979021 -0.005482 
2146 5.312035 0.000000 1.025982 19.474737 -0.027681 1.069493 -0.005571 
2147 5.358756 0.000000 1.069553 19.479298 0.017376 0.993042 -0.005622 
2148 5.312035 0.000000 1.113124 19.478014 -0.001777 0.962640 -0.005332 
2149 5.452197 0.000000 0.938840 19.472232 -0.081313 1.210232 -0.006177 
2150 5.452197 0.000000 0.851698 19.466373 -0.137525 1.255958 -0.005904 
2151 5.545639 0.000000 0.938840 19.475118 -0.077777 1.216462 -0.006512 
2152 5.498918 0.000000 1.069553 19.482203 0.013398 1.008449 -0.006003 
2153 5.452197 0.000000 1.069553 19.481242 0.014090 1.005408 -0.005888 
2154 5.498918 0.000000 1.025982 19.479757 -0.022608 1.083941 -0.006169 
2155 5.545639 0.000000 1.069553 19.483132 0.013310 1.010733 -0.006111 
2156 5.498918 0.000000 1.113124 19.482349 0.003236 0.960258 -0.005767 
2157 5.639081 0.000000 0.938840 19.477704 -0.072890 1.222064 -0.006813 
2158 5.639081 0.000000 0.851698 19.472893 -0.137425 1.267412 -0.006652 
2159 5.732522 0.000000 0.938840 19.480245 -0.067137 1.226748 -0.007102 
2160 5.592360 0.000000 1.069553 19.483998 0.013688 1.012586 -0.006210 
2161 5.592360 0.000000 1.025982 19.481794 -0.018984 1.090285 -0.006415 
2162 5.639081 0.000000 1.069553 19.484776 0.014454 1.014233 -0.006299 
2163 5.592360 0.000000 1.113124 19.484077 0.004721 0.959853 -0.005943 
2164 5.825964 0.000000 1.113124 19.487212 0.004139 0.955635 -0.006244 
2165 5.825964 0.000000 1.025982 19.485919 -0.009272 1.102552 -0.006910 
2166 5.825964 0.000000 1.200266 19.484846 0.022014 0.856002 -0.005525 
2167 5.685802 0.000000 1.069553 19.485494 0.015453 1.015786 -0.006381 
2168 5.685802 0.000000 1.025982 19.483543 -0.014988 1.095870 -0.006627 
2169 5.732522 0.000000 1.069553 19.486135 0.016709 1.017392 -0.006456 
2170 5.685802 0.000000 1.113124 19.485466 0.005569 0.958827 -0.006080 
2171 5.825964 0.000000 0.938840 19.482873 -0.061356 1.230412 -0.007395 
2172 5.825964 0.000000 0.851698 19.480229 -0.130700 1.275574 -0.007457 
2173 5.919406 0.000000 0.938840 19.485869 -0.056037 1.232794 -0.007717 
2174 5.779243 0.000000 1.069553 19.486715 0.018336 1.019360 -0.006527 
2175 5.779243 0.000000 1.025982 19.485090 -0.011118 1.100560 -0.006814 
2176 5.825964 0.000000 1.069553 19.487242 0.020172 1.022682 -0.006599 
2177 5.779243 0.000000 1.113124 19.486642 0.005183 0.957004 -0.006192 
2178 6.012847 0.000000 0.938840 19.489109 -0.051555 1.233845 -0.008057 
2179 6.012847 0.000000 0.851698 19.488999 -0.124323 1.278281 -0.008374 
2180 6.106289 0.000000 0.938840 19.492500 -0.048338 1.233682 -0.008404 
2181 5.966127 0.000000 1.069553 19.489511 0.010979 1.022569 -0.006831 
2182 5.919406 0.000000 1.069553 19.488434 0.009233 1.027419 -0.006747 
2183 5.966127 0.000000 1.025982 19.488783 -0.004493 1.106896 -0.007231 
2184 6.012847 0.000000 1.069553 19.490465 0.013010 1.021570 -0.006924 
2185 5.966127 0.000000 1.113124 19.489233 -0.009061 0.947216 -0.006410 
2186 -7.723080 0.000000 -7.339665 19.449822 0.000125 0.000160 0.000018 
2187 -10.713214 0.000000 -7.339665 19.449970 0.000108 0.000091 0.000003 
2188 -7.723080 0.000000 -10.128214 19.449844 0.000111 0.000056 0.000016 
2189 10.217723 0.000000 -7.339665 19.449098 0.002533 -0.004730 0.000093 
2190 10.217723 0.000000 -10.128214 19.449915 0.001098 -0.001819 0.000009 
2191 13.207857 0.000000 -7.339665 19.449424 0.003030 -0.005356 0.000059 
2192 -7.723080 0.000000 9.391630 19.449830 0.000114 -0.000074 0.000018 
2193 -10.713214 0.000000 9.391630 19.449936 0.000098 -0.000069 0.000007 
2194 -7.723080 0.000000 12.180179 19.449857 0.000115 -0.000013 0.000015 
2195 -3.237879 0.000000 -3.156842 19.448182 0.000639 0.002912 0.000187 
2196 -4.732946 0.000000 -3.156842 19.449604 0.000519 0.001982 0.000041 
2197 -3.237879 0.000000 -4.551116 19.447627 0.000714 0.001553 0.000244 
2198 5.732522 0.000000 -3.156842 19.447834 0.014088 -0.026859 0.000220 
2199 5.732522 0.000000 -4.551116 19.447858 0.006279 -0.017056 0.000219 
2200 7.227589 0.000000 -3.156842 19.445145 0.016574 -0.028077 0.000496 
2201 -3.237879 0.000000 5.208806 19.447878 0.000696 -0.001010 0.000218 
2202 -4.732946 0.000000 5.208806 19.449338 0.000272 -0.000450 0.000068 
2203 -3.237879 0.000000 6.603080 19.448859 0.000316 0.000132 0.000117 
2204 -0.995279 0.000000 -1.065430 19.449799 0.001224 0.070407 0.000008 
2205 -1.742813 0.000000 -1.065430 19.458421 0.000759 0.024621 -0.000868 
2206 -0.995279 0.000000 -1.762567 19.414345 0.001195 0.031772 0.003660 
2207 -0.995279 0.000000 3.117394 19.433373 0.001410 -0.000851 0.001709 
2208 -1.742813 0.000000 3.117394 19.440758 0.000827 -0.003014 0.000950 
2209 -0.995279 0.000000 3.814531 19.439596 0.001259 0.002275 0.001070 
2210 -0.621512 0.000000 -0.019724 19.632848 0.001001 0.004837 -0.018890 
2211 -0.995279 0.000000 -0.019724 19.543896 0.000994 0.002505 -0.009678 
2212 -0.621512 0.000000 -0.368292 19.608772 0.000947 0.074071 -0.016407 
2213 3.489922 0.000000 3.117394 19.451115 0.008508 0.029870 -0.000117 
2214 4.237455 0.000000 3.117394 19.449813 0.010719 0.029384 0.000017 
2215 3.489922 0.000000 3.814531 19.449469 0.006575 0.014333 0.000054 
2216 -0.621512 0.000000 2.071688 19.391597 0.001557 -0.009187 0.005996 
2217 -0.995279 0.000000 2.071688 19.416200 0.001287 -0.017947 0.003472 
2218 -0.621512 0.000000 2.420257 19.408515 0.001616 0.000920 0.004261 
2219 -0.060862 0.000000 1.548835 19.175290 0.000561 0.063561 0.028038 
2220 -0.247746 0.000000 1.548835 19.252848 0.000710 -0.008150 0.020170 
2221 -0.060862 0.000000 1.723119 19.250352 0.000723 0.073759 0.020410 
2222 0.780113 0.000000 0.590271 19.928213 0.002024 1.480241 -0.055570 
2223 0.780113 0.000000 0.503129 19.983715 0.000537 1.188457 -0.059367 
2224 0.873555 0.000000 0.590271 19.860587 0.001409 1.393391 -0.047798 
2225 0.639950 0.000000 0.720985 19.979198 0.005147 2.402859 -0.070419 
2226 0.639950 0.000000 0.677414 20.116870 0.004318 2.115456 -0.081578 
2227 0.686671 0.000000 0.720985 19.817728 0.004987 2.211790 -0.051102 
2228 0.219463 0.000000 1.287409 18.618496 -0.000488 0.463804 0.083105 
2229 0.126021 0.000000 1.287409 18.721429 -0.000141 0.218488 0.073388 
2230 0.219463 0.000000 1.374551 18.845660 -0.000107 0.390107 0.060775 
2231 0.569869 0.000000 0.786341 20.045309 0.006133 3.516024 -0.094830 
2232 0.569869 0.000000 0.764556 20.251447 0.005602 3.199688 -0.111172 
2233 0.593230 0.000000 0.786341 19.805154 0.006278 3.244909 -0.064687 
2234 0.488108 0.000000 0.797234 20.315552 0.003232 4.122984 -0.135918 
2235 0.488108 0.000000 0.786341 21.959537 0.004480 4.545903 -0.329324 
2236 0.499788 0.000000 0.797234 20.116946 0.003352 4.595171 -0.125573 
2237 0.476428 0.000000 0.873483 16.004787 -0.006542 3.152006 0.296625 
2238 0.453067 0.000000 0.873483 15.849699 -0.005013 2.818929 0.314942 
2239 0.476428 0.000000 0.895269 16.114333 -0.006393 3.154133 0.287289 
2240 0.488108 0.000000 0.840805 19.019646 0.002659 4.446652 -0.008504 
2241 0.476428 0.000000 0.840805 19.268412 0.002812 3.951222 -0.022684 
2242 0.488108 0.000000 0.851698 18.258625 0.002036 4.440682 0.066628 
2243 0.464747 0.000000 0.840805 19.435112 0.002861 3.331680 -0.027812 
2244 0.453067 0.000000 0.840805 19.219586 0.002866 2.890228 0.001471 
2245 0.464747 0.000000 0.851698 18.048625 0.001717 3.069283 0.114007 
2246 0.418026 0.000000 0.819020 19.060787 0.002269 1.853439 0.030541 
2247 0.406346 0.000000 0.819020 19.047665 0.002153 1.598348 0.034190 
2248 0.418026 0.000000 0.829912 18.742731 0.002290 1.812747 0.062718 
2249 0.429707 0.000000 0.873483 16.063829 -0.003746 2.512008 0.301203 
2250 0.406346 0.000000 0.873483 16.326965 -0.002778 2.265940 0.281780 
2251 0.429707 0.000000 0.895269 16.374565 -0.004105 3.025708 0.267038 
2252 0.441387 0.000000 0.840805 18.603915 0.002459 2.331368 0.070741 
2253 0.429707 0.000000 0.840805 18.347114 0.002362 1.949930 0.100141 
2254 0.441387 0.000000 0.851698 17.577814 0.001882 2.034127 0.172310 
2255 0.418026 0.000000 0.840805 17.632947 0.002436 1.727779 0.170225 
2256 0.406346 0.000000 0.840805 17.445191 0.002197 1.565488 0.189047 
2257 0.418026 0.000000 0.851698 17.434689 0.001937 1.672575 0.189099 
2258 0.371306 0.000000 0.797234 20.221285 0.001195 0.913060 -0.083086 
2259 0.371306 0.000000 0.786341 20.221285 0.001195 0.913060 -0.083086 
2260 0.371306 0.000000 0.808127 20.221285 0.001195 0.913060 -0.083086 
2261 0.382986 0.000000 0.873483 16.702076 -0.002041 2.140765 0.250488 
2262 0.359625 0.000000 0.873483 17.060964 -0.001426 2.046941 0.219496 
2263 0.382986 0.000000 0.895269 16.904647 -0.002654 2.903471 0.222323 
2264 0.394666 0.000000 0.819020 18.950336 0.002118 1.502798 0.044749 
2265 0.382986 0.000000 0.819020 19.830130 0.001585 1.594926 -0.046194 
2266 0.394666 0.000000 0.829912 18.658032 0.002130 1.429427 0.074377 
2267 0.394666 0.000000 0.840805 17.143940 0.002105 1.662910 0.215760 
2268 0.382986 0.000000 0.840805 16.901307 -0.001107 2.044103 0.233860 
2269 0.394666 0.000000 0.851698 16.528279 -0.002208 2.110664 0.266093 
2270 0.289544 0.000000 0.829912 20.093742 0.000747 0.453046 -0.067833 
2271 0.289544 0.000000 0.851698 17.910001 -0.000710 1.904449 0.142498 
2272 0.032580 0.000000 0.590271 20.271578 0.000958 -0.445440 -0.086790 
2273 -0.060862 0.000000 0.590271 20.009445 0.000882 -0.425301 -0.058832 
2274 0.032580 0.000000 0.503129 20.226645 0.000944 -0.250657 -0.081621 
2275 0.079300 0.000000 0.720985 20.430386 0.000773 -1.109868 -0.106608 
2276 0.032580 0.000000 0.720985 20.120235 0.000747 -0.946630 -0.072475 
2277 0.079300 0.000000 0.677414 20.500741 0.000888 -0.802309 -0.112665 
2278 0.231143 0.000000 0.797234 20.197236 0.000647 0.029055 -0.078315 
2279 0.231143 0.000000 0.786341 20.197236 0.000647 0.029055 -0.078315 
2280 0.231143 0.000000 0.808127 20.187671 0.000645 0.101678 -0.077319 
2281 0.242823 0.000000 0.917054 19.575599 -0.002330 3.456382 -0.044536 
2282 0.242823 0.000000 0.895269 19.177957 -0.001539 2.459778 0.011784 
2283 0.266184 0.000000 0.917054 18.898742 -0.002803 3.813711 0.017435 
2284 0.032580 0.000000 1.287409 18.874526 0.000052 0.055911 0.058291 
2285 -0.060862 0.000000 1.287409 19.009633 0.000185 -0.045367 0.044764 
2286 0.032580 0.000000 1.374551 18.985389 0.000214 0.101470 0.047177 
2287 0.149382 0.000000 0.873483 19.293800 0.000021 -1.287068 0.011618 
2288 0.126021 0.000000 0.873483 19.207123 0.000100 -1.558532 0.018398 
2289 0.172742 0.000000 0.873483 19.661514 0.000002 -0.132207 -0.021914 
2290 0.196102 0.000000 0.873483 19.385926 -0.000020 0.344044 0.006265 
2291 0.219463 0.000000 0.873483 19.096591 -0.000425 1.205607 0.032168 
2292 0.733392 0.000000 0.720985 19.734933 0.004713 2.046958 -0.040590 
2293 0.733392 0.000000 0.677414 19.858703 0.004041 1.892765 -0.051938 
2294 0.780113 0.000000 0.720985 19.701313 0.004792 1.898654 -0.035538 
2295 0.826834 0.000000 0.720985 19.698646 0.005076 1.791818 -0.034218 
2296 0.826834 0.000000 0.677414 19.777673 0.004066 1.686084 -0.041493 
2297 0.873555 0.000000 0.720985 19.713779 0.005415 1.704258 -0.034986 
2298 0.616590 0.000000 0.786341 19.658873 0.006137 2.997190 -0.045339 
2299 0.616590 0.000000 0.764556 19.849225 0.005838 2.837351 -0.062754 
2300 0.639950 0.000000 0.786341 19.571578 0.005950 2.788210 -0.033091 
2301 0.663311 0.000000 0.786341 19.522374 0.005899 2.609961 -0.025462 
2302 0.663311 0.000000 0.764556 19.666032 0.005535 2.521315 -0.039142 
2303 0.686671 0.000000 0.786341 19.494650 0.005933 2.455810 -0.020539 
2304 0.581549 0.000000 0.840805 17.946731 0.001955 5.692320 0.062952 
2305 0.569869 0.000000 0.840805 17.992944 0.001817 5.619030 0.060753 
2306 0.581549 0.000000 0.829912 17.928322 0.002047 5.718308 0.063914 
2307 0.558189 0.000000 0.840805 18.034026 0.001880 5.543697 0.059063 
2308 0.558189 0.000000 0.829912 18.012234 0.001848 5.584429 0.059942 
2309 0.558189 0.000000 0.851698 18.012234 0.001848 5.584429 0.059942 
2310 0.511468 0.000000 0.862591 18.051622 0.001538 5.222063 0.066538 
2311 0.499788 0.000000 0.862591 18.121133 0.001464 4.832732 0.070239 
2312 0.511468 0.000000 0.873483 17.824052 0.000253 5.045281 0.092917 
2313 0.826834 0.000000 0.982411 18.950471 -0.017144 2.050033 0.039596 
2314 0.780113 0.000000 0.982411 18.785016 -0.016768 2.204778 0.054360 
2315 0.873555 0.000000 0.982411 19.241686 -0.019850 1.899740 0.011765 
2316 0.733392 0.000000 0.982411 18.596213 -0.016289 2.362803 0.071108 
2317 0.558189 0.000000 0.862591 18.012234 0.001848 5.584429 0.059942 
2318 0.558189 0.000000 0.873483 17.903969 0.000911 5.488401 0.073031 
2319 0.172742 0.000000 1.069553 17.394971 -0.000841 0.310720 0.199895 
2320 0.126021 0.000000 1.069553 17.853245 -0.000440 -0.132677 0.157405 
2321 0.172742 0.000000 1.113124 17.835345 -0.000822 0.355638 0.158805 
2322 0.242823 0.000000 1.004197 15.183397 -0.001064 2.888184 0.368555 
2323 0.219463 0.000000 1.004197 15.355123 -0.000841 1.835208 0.367840 
2324 0.242823 0.000000 1.025982 15.926750 -0.001036 2.031939 0.318561 
2325 0.079300 0.000000 1.069553 18.263083 -0.000152 -0.337212 0.118023 
2326 0.032580 0.000000 1.069553 18.566247 0.000061 -0.400122 0.088387 
2327 0.079300 0.000000 1.113124 18.379962 -0.000137 -0.154605 0.106940 
2328 0.359625 0.000000 1.156695 17.784755 -0.002576 2.425403 0.148353 
2329 0.312905 0.000000 1.156695 17.965664 -0.002482 1.419789 0.141478 
2330 0.359625 0.000000 1.200266 18.326774 -0.002386 1.367294 0.107222 
2331 0.336265 0.000000 1.004197 16.481938 -0.003309 4.924069 0.217820 
2332 0.336265 0.000000 0.982411 16.497362 -0.003228 4.931486 0.216282 
2333 0.336265 0.000000 1.025982 16.448553 -0.003176 4.661115 0.227388 
2334 0.476428 0.000000 1.004197 17.180199 -0.007973 4.218049 0.172749 
2335 0.476428 0.000000 0.982411 16.773632 -0.007717 4.132768 0.211122 
2336 0.499788 0.000000 1.004197 17.188853 -0.008622 3.984244 0.177032 
2337 0.382986 0.000000 1.047768 17.010031 -0.004220 4.535409 0.180785 
2338 0.359625 0.000000 1.047768 16.879088 -0.003482 4.334886 0.197217 
2339 0.382986 0.000000 1.069553 17.490736 -0.003778 3.829767 0.152549 
2340 0.639950 0.000000 1.156695 19.142301 -0.006342 2.089483 0.019849 
2341 0.523148 0.000000 1.004197 17.258999 -0.009138 3.691587 0.176582 
2342 0.523148 0.000000 0.982411 17.041693 -0.008978 3.610843 0.197844 
2343 0.546509 0.000000 1.004197 17.340886 -0.009523 3.486960 0.172976 
2344 1.434205 0.000000 1.548835 19.494435 0.011863 0.486809 -0.005201 
2345 1.434205 0.000000 1.723119 19.462753 0.002643 0.353880 -0.001643 
2346 0.826834 0.000000 1.156695 19.508046 -0.008942 1.801011 -0.014552 
2347 1.013717 0.000000 1.156695 19.617660 -0.011732 1.619877 -0.024251 
2348 1.060438 0.000000 1.156695 19.618956 -0.012131 1.618341 -0.024372 
2349 0.920276 0.000000 0.982411 19.323944 -0.020411 1.850320 0.003869 
2350 1.340763 0.000000 1.113124 19.421837 -0.006876 1.594443 -0.003826 
2351 1.434205 0.000000 1.113124 19.370773 -0.005317 1.409306 0.002880 
2352 1.340763 0.000000 1.200266 19.471389 -0.004683 1.504159 -0.008181 
2353 1.527646 0.000000 1.113124 19.343166 -0.004126 1.362192 0.006050 
2354 1.527646 0.000000 1.200266 19.459499 -0.002396 1.282334 -0.005324 
2355 1.527646 0.000000 1.287409 19.544939 -0.006216 1.131846 -0.013173 
2356 1.434205 0.000000 1.287409 19.569729 -0.007222 1.240817 -0.016419 
2357 1.527646 0.000000 1.374551 19.658109 -0.007999 0.961492 -0.023958 
2358 1.340763 0.000000 1.287409 19.522528 -0.007842 1.346620 -0.012265 
2359 1.340763 0.000000 1.374551 19.608358 -0.008647 1.113302 -0.019626 
2360 4.984989 0.000000 3.117394 19.449000 0.012792 0.028436 0.000100 
2361 4.984989 0.000000 3.814531 19.448922 0.009077 0.012596 0.000110 
2362 3.116155 0.000000 2.071688 19.447735 0.029656 0.219558 0.000103 
2363 3.489922 0.000000 2.071688 19.448873 0.016333 0.217956 -0.000010 
2364 3.116155 0.000000 2.420257 19.449229 0.008131 0.075489 0.000064 
2365 2.555505 0.000000 1.548835 19.419380 0.011654 0.507185 0.002466 
2366 2.742388 0.000000 1.548835 19.432553 0.014786 0.514764 0.001092 
2367 2.555505 0.000000 1.723119 19.428314 0.011757 0.381120 0.001844 
2368 1.901413 0.000000 1.113124 19.179028 -0.003266 -0.859901 0.025715 
2369 1.901413 0.000000 1.200266 19.336662 -0.001082 -0.867362 0.009632 
2370 1.901413 0.000000 1.287409 19.524977 -0.004549 -0.217451 -0.007850 
2371 1.901413 0.000000 1.374551 19.677606 -0.006982 0.186729 -0.023633 
2372 8.722656 0.000000 -3.156842 19.442501 0.019226 -0.033309 0.000767 
2373 8.722656 0.000000 -4.551116 19.449566 0.008119 -0.018614 0.000043 
2374 10.217723 0.000000 -3.156842 19.443831 0.021587 -0.041076 0.000629 
2375 11.712790 0.000000 -3.156842 19.447127 0.022042 -0.044209 0.000289 
2376 11.712790 0.000000 -4.551116 19.450073 0.012637 -0.018963 -0.000009 
2377 13.207857 0.000000 -3.156842 19.449804 0.020054 -0.061071 0.000009 
2378 4.984989 0.000000 -1.065430 19.467583 -0.032558 -0.994126 -0.004424 
2379 4.984989 0.000000 -1.762567 19.455592 0.016889 -0.371301 -0.000940 
2380 5.732522 0.000000 -1.065430 19.485903 0.015156 -1.026820 -0.006483 
2381 6.480056 0.000000 -1.065430 19.496715 0.009198 -1.025203 -0.007588 
2382 6.480056 0.000000 -1.762567 19.461235 0.023670 -0.344632 -0.001471 
2383 7.227589 0.000000 -1.065430 19.483787 -0.014615 -1.015305 -0.006203 
2384 3.863689 0.000000 -0.019724 19.441234 -0.030956 -0.031066 0.000896 
2385 3.863689 0.000000 -0.368292 19.444046 -0.018742 -0.622015 -0.000412 
2386 4.237455 0.000000 -0.019724 19.437712 -0.026080 -0.032043 0.001259 
2387 2.929272 0.000000 1.548835 19.438583 0.014756 0.516815 0.000467 
2388 3.116155 0.000000 1.548835 19.441748 0.014122 0.517433 0.000140 
2389 2.929272 0.000000 1.723119 19.439555 0.012399 0.390136 0.000671 
2390 2.648947 0.000000 1.113124 19.440690 0.000868 1.021115 -0.001799 
2391 2.742388 0.000000 1.113124 19.444130 0.002821 1.011669 -0.002102 
2392 2.648947 0.000000 1.200266 19.431741 0.009559 0.924594 -0.000383 
2393 2.462063 0.000000 1.287409 19.394892 0.010265 0.822518 0.003870 
2394 2.555505 0.000000 1.287409 19.416124 0.006880 0.815951 0.001720 
2395 2.462063 0.000000 1.374551 19.396021 0.012120 0.698568 0.004253 
2396 2.321901 0.000000 1.069553 19.359954 0.243995 -0.003513 0.009080 
2397 2.368622 0.000000 1.069553 19.359954 0.243995 -0.003513 0.009080 
2398 0.453067 0.000000 1.243838 18.706636 -0.002826 1.375616 0.069976 
2399 0.406346 0.000000 1.243838 18.599314 -0.002349 1.256672 0.081387 
2400 0.453067 0.000000 1.287409 18.806013 -0.001942 1.130895 0.061743 
2401 2.648947 0.000000 0.764556 19.460090 -0.014705 1.195568 -0.004817 
2402 2.648947 0.000000 0.677414 19.457694 -0.011633 1.142473 -0.004242 
2403 2.742388 0.000000 0.764556 19.458083 -0.016514 1.198258 -0.004627 
2404 2.251820 0.000000 1.091339 19.264128 0.119799 -0.651022 0.017863 
2405 2.251820 0.000000 1.069553 19.332623 0.130327 -0.674143 0.010787 
2406 2.275180 0.000000 1.091339 19.452492 0.210356 -0.056126 -0.000382 
2407 2.135017 0.000000 0.982411 19.982446 -0.014243 -0.303247 -0.055743 
2408 2.088297 0.000000 0.982411 19.847813 -0.013767 -0.563667 -0.042165 
2409 2.041576 0.000000 0.982411 19.655025 -0.012784 -0.339167 -0.021498 
2410 1.994855 0.000000 0.982411 19.549832 -0.012343 -0.249839 -0.010457 
2411 2.041576 0.000000 1.025982 19.477669 -0.008257 -0.893420 -0.004957 
2412 2.415343 0.000000 1.069553 19.450547 -0.006985 1.102001 -0.003267 
2413 2.462063 0.000000 1.069553 19.445354 -0.006459 1.084751 -0.002633 
2414 2.415343 0.000000 1.113124 19.428328 -0.003330 1.074665 -0.000826 
2415 2.508784 0.000000 1.069553 19.444283 -0.006049 1.072674 -0.002454 
2416 2.555505 0.000000 1.069553 19.444639 -0.005512 1.063393 -0.002438 
2417 2.508784 0.000000 1.113124 19.434280 -0.001760 1.042547 -0.001257 
2418 2.415343 0.000000 1.156695 19.406059 0.000834 1.026162 0.001730 
2419 2.462063 0.000000 1.156695 19.417429 0.001866 1.009313 0.000654 
2420 2.415343 0.000000 1.200266 19.390212 0.010954 0.959929 0.003702 
2421 0.710032 0.000000 0.786341 19.482479 0.005884 2.328524 -0.017675 
2422 0.710032 0.000000 0.764556 19.589275 0.005609 2.274948 -0.028053 
2423 0.733392 0.000000 0.786341 19.482674 0.005604 2.216689 -0.016352 
2424 0.756753 0.000000 0.829912 19.316149 0.006360 2.155462 0.001435 
2425 0.756753 0.000000 0.808127 19.406071 0.005920 2.143680 -0.007635 
2426 0.780113 0.000000 0.829912 19.357800 0.006320 2.064056 -0.001804 
2427 0.966996 0.000000 0.590271 19.831830 0.001724 1.337182 -0.044375 
2428 0.966996 0.000000 0.503129 19.854060 -0.000789 1.126251 -0.045333 
2429 1.060438 0.000000 0.590271 19.800807 0.002350 1.315647 -0.040974 
2430 0.920276 0.000000 0.720985 19.737208 0.005675 1.643942 -0.036895 
2431 0.920276 0.000000 0.677414 19.782319 0.004422 1.564526 -0.040934 
2432 0.966996 0.000000 0.720985 19.757507 0.006367 1.595716 -0.038601 
2433 1.013717 0.000000 0.720985 19.771020 0.007048 1.565555 -0.039761 
2434 1.013717 0.000000 0.677414 19.790983 0.005081 1.498235 -0.041304 
2435 1.060438 0.000000 0.720985 19.768615 0.008071 1.546276 -0.039351 
2436 1.107159 0.000000 0.982411 19.508595 -0.021670 1.663091 -0.013347 
2437 1.153880 0.000000 0.982411 19.490551 -0.021314 1.671477 -0.011561 
2438 1.107159 0.000000 1.025982 19.541253 -0.017356 1.709436 -0.017131 
2439 0.990357 0.000000 0.917054 19.404824 -0.020539 1.682375 -0.002843 
2440 0.966996 0.000000 0.917054 19.403911 -0.020553 1.685946 -0.002781 
2441 0.990357 0.000000 0.938840 19.513607 -0.022053 1.678118 -0.013997 
2442 1.153880 0.000000 0.590271 19.744322 0.003537 1.311024 -0.035037 
2443 1.153880 0.000000 0.503129 19.757719 0.045942 1.096652 -0.035077 
2444 1.247321 0.000000 0.590271 19.663922 0.004341 1.291380 -0.026526 
2445 1.107159 0.000000 0.720985 19.749811 0.009149 1.531945 -0.037270 
2446 1.107159 0.000000 0.677414 19.761315 0.006831 1.476096 -0.038028 
2447 1.153880 0.000000 0.720985 19.716120 0.010311 1.521131 -0.033668 
2448 1.200601 0.000000 0.720985 19.672108 0.011291 1.511067 -0.029005 
2449 1.200601 0.000000 0.677414 19.686076 0.008736 1.459139 -0.030051 
2450 1.247321 0.000000 0.720985 19.622193 0.012574 1.495426 -0.023696 
2451 1.083798 0.000000 0.917054 19.615704 -0.022722 1.679452 -0.024569 
2452 1.107159 0.000000 0.917054 19.557527 -0.022717 1.656809 -0.018345 
2453 1.083798 0.000000 0.938840 19.609412 -0.021509 1.697630 -0.024078 
2454 6.106289 0.000000 2.071688 19.456390 0.017425 0.216701 -0.000782 
2455 5.732522 0.000000 2.071688 19.455696 0.016181 0.220254 -0.000715 
2456 6.106289 0.000000 2.420257 19.447622 0.022560 0.069203 0.000230 
2457 5.358756 0.000000 2.071688 19.454752 0.014558 0.223066 -0.000621 
2458 4.984989 0.000000 2.071688 19.453533 0.012619 0.225104 -0.000498 
2459 5.358756 0.000000 2.420257 19.448875 0.019766 0.070977 0.000101 
2460 4.611222 0.000000 2.071688 19.452367 0.023149 0.218728 -0.000371 
2461 4.237455 0.000000 2.071688 19.451921 0.020066 0.217733 -0.000324 
2462 4.611222 0.000000 2.420257 19.450006 0.015950 0.072681 -0.000015 
2463 7.975123 0.000000 -1.065430 19.463685 -0.025324 -1.021157 -0.004166 
2464 7.975123 0.000000 -1.762567 19.450798 0.015604 -0.313483 -0.000343 
2465 8.722656 0.000000 -1.065430 19.450893 -0.029729 -1.005854 -0.002769 
2466 9.470190 0.000000 -1.065430 19.436908 -0.059463 -0.989528 -0.001252 
2467 9.470190 0.000000 -1.762567 19.438057 0.026791 -0.310559 0.000971 
2468 10.217723 0.000000 -1.065430 19.434770 -0.102991 -1.001127 -0.001112 
2469 6.293172 0.000000 1.548835 19.467531 0.021694 0.502742 -0.002473 
2470 6.106289 0.000000 1.548835 19.466444 0.021876 0.509617 -0.002379 
2471 6.293172 0.000000 1.723119 19.461968 0.024045 0.372517 -0.001599 
2472 5.919406 0.000000 1.548835 19.464909 0.021584 0.515869 -0.002238 
2473 5.732522 0.000000 1.548835 19.465238 0.026190 0.521476 -0.002288 
2474 5.919406 0.000000 1.723119 19.460795 0.023110 0.383338 -0.001500 
2475 4.611222 0.000000 -0.019724 19.437461 -0.015975 -0.032022 0.001286 
2476 4.611222 0.000000 -0.368292 19.440585 -0.016371 -0.614584 -0.000031 
2477 4.984989 0.000000 -0.019724 19.437883 0.000289 -0.032039 0.001243 
2478 5.358756 0.000000 -0.019724 19.442537 0.013320 -0.032116 0.000764 
2479 5.358756 0.000000 -0.368292 19.447948 -0.011982 -0.610952 -0.000776 
2480 5.732522 0.000000 -0.019724 19.449554 0.024076 -0.031106 0.000042 
2481 5.545639 0.000000 1.548835 19.464009 0.025800 0.526623 -0.002176 
2482 5.358756 0.000000 1.548835 19.462578 0.025091 0.531128 -0.002041 
2483 5.545639 0.000000 1.723119 19.459159 0.021489 0.390063 -0.001345 
2484 5.171872 0.000000 1.548835 19.463732 0.027745 0.530120 -0.002157 
2485 4.984989 0.000000 1.548835 19.461891 0.026350 0.534021 -0.001979 
2486 5.171872 0.000000 1.723119 19.457075 0.018254 0.395745 -0.001142 
2487 6.199731 0.000000 0.938840 19.495585 -0.046801 1.232543 -0.008714 
2488 6.199731 0.000000 0.851698 19.496564 -0.122816 1.277113 -0.009145 
2489 6.293172 0.000000 0.938840 19.497799 -0.047060 1.230855 -0.008932 
2490 6.573498 0.000000 1.287409 19.485422 0.019241 0.719811 -0.005016 
2491 6.480056 0.000000 1.287409 19.485415 0.021067 0.726055 -0.005040 
2492 6.573498 0.000000 1.374551 19.478445 0.015897 0.646862 -0.004034 
2493 7.180868 0.000000 1.156695 19.484396 0.009605 0.846121 -0.005433 
2494 7.180868 0.000000 1.113124 19.485338 0.003244 0.917349 -0.005862 
2495 7.180868 0.000000 1.200266 19.482588 -0.000827 0.784136 -0.004979 
2496 10.965257 0.000000 -1.065430 19.446965 -0.115535 -0.996127 -0.002346 
2497 10.965257 0.000000 -1.762567 19.449318 0.048114 -0.326016 -0.000217 
2498 11.712790 0.000000 -1.065430 19.450170 -0.111065 -0.992457 -0.002654 
2499 12.460324 0.000000 -1.065430 19.450780 -0.159299 -0.534526 -0.000903 
2500 12.460324 0.000000 -1.762567 19.448111 0.106374 -0.210269 0.000047 
2501 13.207857 0.000000 -1.065430 19.449193 -0.155843 -0.541762 -0.000757 
2502 8.068564 0.000000 1.287409 19.459243 -0.013947 0.655200 -0.002086 
2503 8.068564 0.000000 1.374551 19.457279 -0.010867 0.563732 -0.001589 
2504 9.283306 0.000000 0.851698 19.451354 -0.056868 1.233111 -0.004167 
2505 9.283306 0.000000 0.677414 19.463115 -0.041146 1.160020 -0.004911 
2506 9.470190 0.000000 0.851698 19.447448 -0.061618 1.216642 -0.003660 
2507 9.002981 0.000000 1.113124 19.444147 -0.030640 0.918338 -0.001630 
2508 9.002981 0.000000 1.025982 19.446189 -0.042097 1.061224 -0.002590 
2509 9.096423 0.000000 1.113124 19.442366 -0.034451 0.917445 -0.001443 
2510 8.582494 0.000000 1.243838 19.453249 -0.013220 0.690978 -0.001597 
2511 8.582494 0.000000 1.200266 19.453040 -0.003192 0.761474 -0.001845 
2512 8.582494 0.000000 1.287409 19.450732 -0.021290 0.641094 -0.001163 
2513 9.189865 0.000000 1.113124 19.440680 -0.038650 0.916640 -0.001267 
2514 9.189865 0.000000 1.025982 19.442419 -0.049058 1.054618 -0.002167 
2515 9.283306 0.000000 1.113124 19.439174 -0.043204 0.915991 -0.001110 
2516 9.376748 0.000000 1.113124 19.437731 -0.048049 0.915446 -0.000960 
2517 9.376748 0.000000 1.025982 19.439098 -0.057837 1.048931 -0.001796 
2518 9.470190 0.000000 1.113124 19.436497 -0.053094 0.915016 -0.000833 
2519 9.657073 0.000000 0.851698 19.444136 -0.067731 1.200828 -0.003221 
2520 9.657073 0.000000 0.677414 19.456222 -0.047298 1.130942 -0.004027 
2521 9.843957 0.000000 0.851698 19.441577 -0.074444 1.186187 -0.002868 
2522 9.563631 0.000000 1.113124 19.435289 -0.058276 0.914680 -0.000708 
2523 9.563631 0.000000 1.025982 19.436372 -0.067883 1.044151 -0.001493 
2524 9.657073 0.000000 1.113124 19.434290 -0.063490 0.914400 -0.000606 
2525 9.750515 0.000000 1.113124 19.431774 -0.077202 0.928598 -0.000422 
2526 9.750515 0.000000 1.025982 19.434377 -0.078473 1.040144 -0.001270 
2527 9.843957 0.000000 1.113124 19.431413 -0.081817 0.928440 -0.000386 
2528 9.189865 0.000000 1.461693 19.438835 -0.002335 0.480997 0.000536 
2529 9.096423 0.000000 1.461693 19.440211 -0.003782 0.481831 0.000393 
2530 9.189865 0.000000 1.548835 19.438542 0.011306 0.419516 0.000712 
2531 9.423469 0.000000 1.330980 19.437553 -0.013478 0.566972 0.000429 
2532 9.423469 0.000000 1.287409 19.437421 -0.020382 0.637377 0.000218 
2533 9.423469 0.000000 1.374551 19.436223 -0.010414 0.550096 0.000616 
2534 10.030840 0.000000 0.851698 19.440329 -0.081128 1.173359 -0.002663 
2535 10.030840 0.000000 0.677414 19.453609 -0.121328 1.112803 -0.003683 
2536 10.217723 0.000000 0.851698 19.440576 -0.087049 1.163176 -0.002628 
2537 9.937398 0.000000 1.113124 19.431522 -0.086145 0.928320 -0.000399 
2538 9.937398 0.000000 1.025982 19.433727 -0.088739 1.036918 -0.001190 
2539 10.030840 0.000000 1.113124 19.432134 -0.090088 0.928232 -0.000463 
2540 10.124282 0.000000 1.287409 19.435325 -0.017574 0.634938 0.000442 
2541 10.124282 0.000000 1.200266 19.434072 -0.072245 0.789260 -0.000023 
2542 9.797236 0.000000 1.330980 19.434443 -0.007967 0.571299 0.000736 
2543 9.797236 0.000000 1.287409 19.433632 -0.029440 0.645204 0.000580 
2544 9.797236 0.000000 1.374551 19.434150 -0.004756 0.528302 0.000891 
2545 10.404607 0.000000 0.851698 19.442087 -0.091507 1.156016 -0.002741 
2546 10.404607 0.000000 0.677414 19.448609 -0.128931 1.087017 -0.003024 
2547 10.591490 0.000000 0.851698 19.443447 -0.094897 1.170719 -0.002973 
2548 0.511468 0.000000 0.797234 20.588855 0.004015 5.143604 -0.190470 
2549 0.511468 0.000000 0.786341 21.201450 0.005521 4.005207 -0.230611 
2550 0.523148 0.000000 0.797234 20.839265 0.006312 4.252312 -0.195755 
2551 0.628270 0.000000 0.840805 19.004620 0.022545 3.085232 0.020110 
2552 0.628270 0.000000 0.829912 19.138197 0.006474 3.063192 0.007002 
2553 0.639950 0.000000 0.840805 19.031639 0.035686 2.951174 0.019531 
2554 0.604910 0.000000 0.862591 18.593754 -0.098808 3.406148 0.055414 
2555 0.604910 0.000000 0.873483 17.820583 -0.012282 3.086200 0.135353 
2556 1.340763 0.000000 0.590271 19.584858 0.006532 1.262107 -0.018126 
2557 1.340763 0.000000 0.503129 19.621611 0.003472 1.031934 -0.020539 
2558 1.434205 0.000000 0.590271 19.518488 0.009275 1.215898 -0.010963 
2559 1.294042 0.000000 0.808127 19.526626 0.018983 1.492497 -0.013784 
2560 1.294042 0.000000 0.764556 19.549848 0.016482 1.498355 -0.016229 
2561 1.340763 0.000000 0.808127 19.473651 0.019911 1.462062 -0.008085 
2562 1.948134 0.000000 0.982411 19.346686 -0.011195 -0.137758 0.010545 
2563 1.901413 0.000000 0.982411 19.183844 -0.011266 0.093759 0.027157 
2564 1.948134 0.000000 1.025982 19.186303 -0.010808 -0.068530 0.026919 
2565 1.854692 0.000000 0.982411 19.158939 -0.011325 0.194199 0.029605 
2566 1.807972 0.000000 0.982411 18.966909 -0.013595 0.600105 0.048106 
2567 1.854692 0.000000 1.025982 19.136187 -0.010906 0.049104 0.032002 
2568 2.835830 0.000000 0.764556 19.457141 -0.016430 1.201490 -0.004551 
2569 2.835830 0.000000 0.677414 19.454710 -0.015770 1.149300 -0.003977 
2570 2.835830 0.000000 1.113124 19.446566 0.004712 1.004330 -0.002313 
2571 2.835830 0.000000 1.200266 19.440676 0.012704 0.913329 -0.001247 
2572 3.676805 0.000000 0.503129 19.446183 -0.015478 0.854199 -0.001537 
2573 3.676805 0.000000 0.328845 19.445848 -0.020047 0.551404 -0.000378 
2574 3.863689 0.000000 0.503129 19.443910 -0.015368 0.853910 -0.001302 
2575 4.050572 0.000000 0.503129 19.441785 -0.016437 0.853448 -0.001082 
2576 4.050572 0.000000 0.328845 19.442603 -0.018959 0.552606 -0.000048 
2577 4.237455 0.000000 0.503129 19.440513 -0.016521 0.848197 -0.000927 
2578 3.396480 0.000000 0.764556 19.449630 -0.003226 1.216346 -0.003873 
2579 3.396480 0.000000 0.677414 19.448312 -0.006798 1.165488 -0.003417 
2580 3.489922 0.000000 0.764556 19.448697 -0.001983 1.217747 -0.003786 
2581 2.975993 0.000000 0.895269 19.457664 -0.003630 1.126357 -0.004142 
2582 2.929272 0.000000 0.895269 19.458856 -0.004659 1.124020 -0.004251 
2583 2.975993 0.000000 0.851698 19.456606 -0.009256 1.180095 -0.004361 
2584 3.069434 0.000000 0.982411 19.456740 -0.010320 1.051775 -0.003618 
2585 3.116155 0.000000 0.982411 19.456473 -0.010804 1.049120 -0.003575 
2586 3.069434 0.000000 1.025982 19.454491 -0.000357 1.033433 -0.003285 
2587 3.162876 0.000000 0.895269 19.455522 0.000538 1.134924 -0.003973 
2588 3.162876 0.000000 0.851698 19.453753 -0.003951 1.186824 -0.004109 
2589 3.162876 0.000000 0.938840 19.457013 0.020389 1.074753 -0.003776 
2590 3.162876 0.000000 0.982411 19.456317 -0.011747 1.047581 -0.003551 
2591 3.162876 0.000000 1.025982 19.454304 0.000574 1.027801 -0.003235 
2592 3.583364 0.000000 0.764556 19.447543 -0.001381 1.218838 -0.003674 
2593 3.583364 0.000000 0.677414 19.446838 -0.004591 1.167939 -0.003281 
2594 3.676805 0.000000 0.764556 19.446263 -0.001437 1.219578 -0.003547 
2595 3.770247 0.000000 0.764556 19.444871 -0.002450 1.220016 -0.003407 
2596 3.770247 0.000000 0.677414 19.444836 -0.004745 1.168845 -0.003081 
2597 3.863689 0.000000 0.764556 19.444467 -0.004434 1.218409 -0.003355 
2598 3.349759 0.000000 0.895269 19.453646 0.003167 1.144749 -0.003839 
2599 3.349759 0.000000 0.851698 19.452104 -0.000133 1.193894 -0.003984 
2600 3.396480 0.000000 0.895269 19.452896 0.003512 1.146322 -0.003771 
2601 3.443201 0.000000 0.895269 19.452286 0.003698 1.148422 -0.003721 
2602 3.443201 0.000000 0.851698 19.450792 0.000904 1.196135 -0.003863 
2603 3.489922 0.000000 0.895269 19.451580 0.003818 1.150441 -0.003661 
2604 3.536643 0.000000 0.895269 19.450793 0.003795 1.152431 -0.003592 
2605 3.536643 0.000000 0.851698 19.449423 0.001357 1.198627 -0.003738 
2606 3.583364 0.000000 0.895269 19.450085 0.003639 1.154404 -0.003531 
2607 3.630084 0.000000 0.895269 19.449236 0.003356 1.156287 -0.003456 
2608 3.630084 0.000000 0.851698 19.447983 0.001150 1.200848 -0.003604 
2609 3.676805 0.000000 0.895269 19.448448 0.002959 1.158072 -0.003386 
2610 4.424339 0.000000 0.503129 19.439441 -0.019955 0.846907 -0.000812 
2611 4.424339 0.000000 0.328845 19.440967 -0.016051 0.548848 0.000132 
2612 4.611222 0.000000 0.503129 19.439495 -0.024336 0.846789 -0.000817 
2613 4.798105 0.000000 0.503129 19.440279 -0.029309 0.845089 -0.000891 
2614 4.798105 0.000000 0.328845 19.441505 -0.012304 0.544013 0.000091 
2615 4.984989 0.000000 0.503129 19.442317 -0.034943 0.843886 -0.001096 
2616 3.957130 0.000000 0.764556 19.443262 -0.007383 1.218432 -0.003232 
2617 3.957130 0.000000 0.677414 19.443625 -0.008190 1.166753 -0.002943 
2618 4.050572 0.000000 0.764556 19.442311 -0.011409 1.218301 -0.003133 
2619 4.144014 0.000000 0.764556 19.441692 -0.016579 1.217985 -0.003068 
2620 4.144014 0.000000 0.677414 19.442356 -0.015167 1.165730 -0.002807 
2621 4.237455 0.000000 0.764556 19.441079 -0.022938 1.216498 -0.002996 
2622 3.723526 0.000000 0.895269 19.447562 0.002341 1.159789 -0.003305 
2623 3.723526 0.000000 0.851698 19.446393 0.000295 1.202694 -0.003453 
2624 3.770247 0.000000 0.895269 19.447666 0.001377 1.160621 -0.003321 
2625 3.816968 0.000000 0.895269 19.446874 0.000361 1.162283 -0.003250 
2626 3.816968 0.000000 0.851698 19.445809 -0.001673 1.203491 -0.003398 
2627 3.863689 0.000000 0.895269 19.446016 -0.000804 1.163962 -0.003172 
2628 4.798105 0.000000 1.548835 19.459691 0.023769 0.536358 -0.001759 
2629 4.611222 0.000000 1.548835 19.457119 0.021018 0.537534 -0.001497 
2630 4.798105 0.000000 1.723119 19.454599 0.014568 0.398766 -0.000894 
2631 4.424339 0.000000 1.548835 19.454564 0.018228 0.535903 -0.001229 
2632 4.237455 0.000000 1.548835 19.452001 0.015799 0.534447 -0.000961 
2633 4.424339 0.000000 1.723119 19.451936 0.010720 0.397663 -0.000617 
2634 3.910409 0.000000 0.895269 19.445162 -0.002340 1.164696 -0.003088 
2635 3.910409 0.000000 0.851698 19.444221 -0.004441 1.204210 -0.003239 
2636 3.957130 0.000000 0.895269 19.444459 -0.004120 1.166223 -0.003026 
2637 4.003851 0.000000 0.895269 19.443846 -0.006143 1.167683 -0.002972 
2638 4.003851 0.000000 0.851698 19.442967 -0.008330 1.205533 -0.003119 
2639 4.050572 0.000000 0.895269 19.443322 -0.008468 1.169158 -0.002927 
2640 4.330897 0.000000 0.764556 19.440933 -0.030287 1.216042 -0.002979 
2641 4.330897 0.000000 0.677414 19.441708 -0.025542 1.163005 -0.002725 
2642 4.424339 0.000000 0.764556 19.440928 -0.038779 1.215682 -0.002978 
2643 4.517780 0.000000 0.764556 19.441164 -0.048260 1.215325 -0.003002 
2644 4.517780 0.000000 0.677414 19.441985 -0.039222 1.161071 -0.002744 
2645 4.611222 0.000000 0.764556 19.441874 -0.058599 1.216498 -0.003086 
2646 4.097293 0.000000 0.895269 19.442922 -0.011088 1.170605 -0.002895 
2647 4.097293 0.000000 0.851698 19.442094 -0.013396 1.206741 -0.003037 
2648 4.144014 0.000000 0.895269 19.442634 -0.014020 1.172013 -0.002874 
2649 4.190735 0.000000 0.895269 19.442382 -0.017309 1.173433 -0.002857 
2650 4.190735 0.000000 0.851698 19.441522 -0.019746 1.207842 -0.002986 
2651 4.237455 0.000000 0.895269 19.442208 -0.020898 1.174938 -0.002849 
2652 4.284176 0.000000 0.895269 19.442033 -0.024701 1.175333 -0.002834 
2653 4.284176 0.000000 0.851698 19.441132 -0.027335 1.207957 -0.002947 
2654 4.330897 0.000000 0.895269 19.442011 -0.028805 1.176890 -0.002842 
2655 4.377618 0.000000 0.895269 19.442107 -0.033090 1.178499 -0.002863 
2656 4.377618 0.000000 0.851698 19.441089 -0.035996 1.209295 -0.002953 
2657 4.424339 0.000000 0.895269 19.442289 -0.037636 1.180239 -0.002893 
2658 5.171872 0.000000 0.503129 19.444866 -0.041887 0.843092 -0.001356 
2659 5.171872 0.000000 0.328845 19.445392 -0.006467 0.542354 -0.000304 
2660 5.358756 0.000000 0.503129 19.447298 -0.052290 0.842320 -0.001605 
2661 5.545639 0.000000 0.503129 19.450606 -0.067876 0.841598 -0.001947 
2662 5.545639 0.000000 0.328845 19.451300 -0.004709 0.541047 -0.000908 
2663 5.732522 0.000000 0.503129 19.456315 -0.088867 0.842314 -0.002546 
2664 4.704664 0.000000 0.764556 19.442782 -0.069776 1.216413 -0.003182 
2665 4.704664 0.000000 0.677414 19.443196 -0.058347 1.158568 -0.002858 
2666 4.798105 0.000000 0.764556 19.444224 -0.081529 1.216726 -0.003337 
2667 4.891547 0.000000 0.764556 19.446142 -0.093643 1.217462 -0.003545 
2668 4.891547 0.000000 0.677414 19.445987 -0.077613 1.156629 -0.003140 
2669 4.984989 0.000000 0.764556 19.448383 -0.105864 1.218645 -0.003789 
2670 5.078431 0.000000 0.764556 19.450832 -0.118063 1.220317 -0.004059 
2671 5.078431 0.000000 0.677414 19.449869 -0.098837 1.155768 -0.003543 
2672 5.171872 0.000000 0.764556 19.453271 -0.130154 1.222609 -0.004332 
2673 5.265314 0.000000 0.764556 19.455602 -0.144618 1.224361 -0.004594 
2674 5.265314 0.000000 0.677414 19.450220 -0.061415 1.125702 -0.003382 
2675 5.358756 0.000000 0.764556 19.458234 -0.156241 1.228121 -0.004898 
2676 5.452197 0.000000 0.764556 19.461184 -0.166930 1.232605 -0.005240 
2677 5.452197 0.000000 0.677414 19.454443 -0.085970 1.127568 -0.003837 
2678 5.545639 0.000000 0.764556 19.464445 -0.176050 1.237419 -0.005615 
2679 5.639081 0.000000 0.764556 19.468217 -0.183135 1.242277 -0.006042 
2680 5.639081 0.000000 0.677414 19.460945 -0.113429 1.133590 -0.004557 
2681 5.732522 0.000000 0.764556 19.469050 -0.128609 1.219373 -0.005934 
2682 5.405476 0.000000 1.069553 19.480242 0.015516 1.000805 -0.005760 
2683 5.405476 0.000000 1.025982 19.477393 -0.025555 1.076947 -0.005886 
2684 5.405476 0.000000 1.113124 19.480347 -0.000102 0.963401 -0.005576 
2685 6.106289 0.000000 -0.019724 19.455532 0.032976 -0.031574 -0.000574 
2686 6.106289 0.000000 -0.368292 19.464732 -0.040307 -0.615371 -0.002521 
2687 6.480056 0.000000 -0.019724 19.457581 0.038671 -0.029305 -0.000786 
2688 5.919406 0.000000 0.503129 19.463967 -0.114718 0.846676 -0.003366 
2689 5.919406 0.000000 0.328845 19.460090 -0.012077 0.541566 -0.001813 
2690 6.106289 0.000000 0.503129 19.470423 -0.144317 0.855785 -0.004092 
2691 5.825964 0.000000 0.764556 19.474017 -0.132791 1.223096 -0.006472 
2692 5.825964 0.000000 0.677414 19.470824 -0.139290 1.140986 -0.005635 
2693 5.919406 0.000000 0.764556 19.479475 -0.136983 1.225881 -0.007055 
2694 6.012847 0.000000 0.764556 19.484905 -0.141933 1.227818 -0.007631 
2695 6.012847 0.000000 0.677414 19.482166 -0.166659 1.149438 -0.006876 
2696 6.106289 0.000000 0.764556 19.489465 -0.147733 1.229362 -0.008115 
2697 6.993985 0.000000 1.156695 19.488153 0.012110 0.862410 -0.005893 
2698 6.993985 0.000000 1.113124 19.490340 0.008224 0.918421 -0.006382 
2699 6.993985 0.000000 1.200266 19.486449 0.009878 0.784304 -0.005378 
2700 8.395610 0.000000 1.243838 19.456086 -0.016018 0.697601 -0.001913 
2701 8.395610 0.000000 1.200266 19.456884 -0.002133 0.758321 -0.002228 
2702 8.395610 0.000000 1.287409 19.453776 -0.020467 0.646407 -0.001494 
2703 9.610352 0.000000 1.330980 19.435346 -0.009519 0.564678 0.000663 
2704 9.610352 0.000000 1.287409 19.434675 -0.023109 0.636319 0.000504 
2705 9.610352 0.000000 1.374551 19.435072 -0.018502 0.541552 0.000758 
2706 10.871815 0.000000 1.287409 19.446792 -0.022200 0.663976 -0.000837 
2707 10.871815 0.000000 1.200266 19.446408 -0.069685 0.794469 -0.001312 
2708 10.965257 0.000000 1.287409 19.447811 -0.018957 0.661374 -0.000932 
2709 11.058698 0.000000 1.287409 19.448342 -0.019087 0.661652 -0.000988 
2710 11.058698 0.000000 1.200266 19.447956 -0.069951 0.793176 -0.001466 
2711 11.152140 0.000000 1.287409 19.448793 -0.019188 0.661836 -0.001035 
2712 11.432465 0.000000 1.287409 19.449949 -0.019494 0.660893 -0.001150 
2713 11.339023 0.000000 1.287409 19.449631 -0.018075 0.663143 -0.001125 
2714 11.432465 0.000000 1.200266 19.449868 -0.065807 0.793344 -0.001662 
2715 11.806232 0.000000 1.287409 19.450808 -0.091639 0.557559 -0.000927 
2716 11.806232 0.000000 1.200266 19.450837 -0.133402 0.674648 -0.001336 
2717 11.899674 0.000000 1.287409 19.450812 -0.091688 0.557517 -0.000927 
2718 12.179999 0.000000 1.287409 19.450542 0.048492 0.334258 -0.000357 
2719 12.086557 0.000000 1.287409 19.450494 0.051463 0.336391 -0.000357 
2720 12.179999 0.000000 1.200266 19.450657 -0.028025 0.402649 -0.000498 
2721 12.553765 0.000000 1.287409 19.450568 0.048451 0.333858 -0.000359 
2722 12.553765 0.000000 1.200266 19.450642 -0.028076 0.402235 -0.000496 
2723 12.647207 0.000000 1.287409 19.449824 0.036564 0.333965 -0.000280 
2724 0.651631 0.000000 0.862591 18.849072 0.048380 2.854393 0.039294 
2725 0.651631 0.000000 0.851698 18.952867 0.018773 2.844337 0.029079 
2726 0.651631 0.000000 0.873483 18.748143 -0.028128 2.860381 0.049238 
2727 0.803473 0.000000 0.829912 19.398468 0.006586 1.972959 -0.004998 
2728 0.803473 0.000000 0.808127 19.464597 0.006202 1.967461 -0.011734 
2729 0.826834 0.000000 0.829912 19.439465 0.006766 1.905177 -0.008512 
2730 2.298540 0.000000 0.917054 19.524994 0.019078 1.081060 -0.010817 
2731 2.298540 0.000000 0.895269 19.516857 0.002977 1.086740 -0.010008 
2732 2.298540 0.000000 0.938840 19.533412 -0.023729 1.088953 -0.011732 
2733 4.190735 0.000000 1.069553 19.448152 -0.004864 0.967694 -0.002285 
2734 4.144014 0.000000 1.069553 19.447831 -0.003467 0.967622 -0.002252 
2735 4.190735 0.000000 1.113124 19.447938 -0.000456 0.940295 -0.002125 
2736 4.307537 0.000000 1.004197 19.448175 0.004198 1.019026 -0.002557 
2737 4.307537 0.000000 0.982411 19.446981 -0.012491 1.049667 -0.002603 
2738 4.307537 0.000000 1.025982 19.449123 -0.039097 0.993475 -0.002523 
2739 5.125151 0.000000 0.982411 19.464959 -0.056147 1.128146 -0.004911 
2740 5.125151 0.000000 0.938840 19.461116 -0.080922 1.185274 -0.004874 
2741 5.171872 0.000000 0.982411 19.466423 -0.056424 1.132600 -0.005089 
2742 5.218593 0.000000 0.982411 19.467928 -0.056413 1.136922 -0.005270 
2743 5.218593 0.000000 0.938840 19.464286 -0.082910 1.192717 -0.005248 
2744 5.265314 0.000000 0.982411 19.469436 -0.056140 1.141085 -0.005450 
2745 5.872685 0.000000 1.069553 19.487590 0.018586 1.030108 -0.006675 
2746 5.872685 0.000000 1.025982 19.486800 -0.007553 1.104292 -0.007011 
2747 5.872685 0.000000 1.113124 19.487769 0.002014 0.953905 -0.006293 
2748 0.336265 0.000000 0.873483 17.432607 -0.001358 2.332861 0.182300 
2749 0.312905 0.000000 0.873483 17.769256 -0.001386 2.424351 0.149823 
2750 0.336265 0.000000 0.895269 17.512277 -0.001798 2.876760 0.167450 
2751 0.371306 0.000000 0.819020 20.307710 0.001263 1.018222 -0.092882 
2752 0.359625 0.000000 0.819020 20.139785 0.001125 0.809292 -0.073918 
2753 0.371306 0.000000 0.829912 20.175121 0.001178 0.887441 -0.078034 
2754 0.371306 0.000000 0.840805 16.931802 -0.001138 1.988345 0.231727 
2755 0.359625 0.000000 0.840805 16.962296 -0.001169 1.932588 0.229573 
2756 0.371306 0.000000 0.851698 16.955919 -0.001173 2.013795 0.229298 
2757 0.347945 0.000000 0.819020 20.070397 0.001017 0.665002 -0.065980 
2758 0.336265 0.000000 0.819020 20.046466 0.000965 0.596054 -0.063213 
2759 0.347945 0.000000 0.829912 20.054403 0.001038 0.613596 -0.064110 
2760 0.347945 0.000000 0.840805 17.217917 -0.001049 2.028604 0.205472 
2761 0.336265 0.000000 0.840805 17.473538 -0.000929 2.124620 0.180977 
2762 0.347945 0.000000 0.851698 17.252452 -0.001095 2.034558 0.202261 
2763 0.242823 0.000000 0.873483 18.757772 -0.001000 1.818930 0.061168 
2764 0.266184 0.000000 0.873483 18.490846 -0.001150 2.038979 0.085206 
2765 0.289544 0.000000 0.873483 18.299309 -0.001191 2.208408 0.101931 
2766 0.289544 0.000000 0.895269 18.182127 -0.001643 2.646462 0.107610 
2767 0.289544 0.000000 0.917054 18.313477 -0.003251 3.951628 0.072174 
2768 0.312905 0.000000 0.917054 17.806441 -0.003147 4.021808 0.119106 
2769 0.558189 0.000000 0.819020 17.992944 0.001817 5.619030 0.060753 
2770 0.558189 0.000000 0.808127 19.895137 0.006937 4.066001 -0.089998 
2771 0.569869 0.000000 0.819020 17.946731 0.001955 5.692320 0.062952 
2772 0.581549 0.000000 0.819020 19.392451 0.007082 3.753166 -0.031327 
2773 0.581549 0.000000 0.808127 19.598018 0.006881 3.638590 -0.050275 
2774 0.593230 0.000000 0.819020 19.333420 0.007174 3.529618 -0.020980 
2775 0.266184 0.000000 1.156695 17.935031 -0.001687 1.036642 0.146873 
2776 0.219463 0.000000 1.156695 18.002507 -0.001137 0.668965 0.142121 
2777 0.266184 0.000000 1.200266 18.231676 -0.001205 0.840783 0.119485 
2778 0.172742 0.000000 1.156695 18.138441 -0.000685 0.362463 0.129970 
2779 0.126021 0.000000 1.156695 18.314702 -0.000338 0.123462 0.113293 
2780 0.172742 0.000000 1.200266 18.359282 -0.000396 0.358483 0.108672 
2781 0.196102 0.000000 1.004197 15.599444 -0.000585 0.811519 0.355010 
2782 0.172742 0.000000 1.004197 15.632951 -0.000557 0.171664 0.353907 
2783 0.196102 0.000000 1.025982 15.925333 -0.000517 0.790423 0.327943 
2784 0.149382 0.000000 1.004197 16.782765 -0.000313 -0.502515 0.254793 
2785 0.126021 0.000000 1.004197 17.405386 -0.000313 -0.764187 0.197649 
2786 0.149382 0.000000 1.025982 17.125391 -0.000508 -0.220459 0.224622 
2787 0.079300 0.000000 1.156695 18.496860 -0.000102 -0.038780 0.095604 
2788 0.032580 0.000000 1.156695 18.663151 0.000151 -0.137684 0.079223 
2789 0.079300 0.000000 1.200266 18.609308 0.000108 0.037178 0.084575 
2790 0.336265 0.000000 0.960626 16.540249 -0.003298 5.050050 0.209408 
2791 0.336265 0.000000 0.938840 16.913509 -0.002974 4.610930 0.187615 
2792 0.359625 0.000000 0.960626 16.536611 -0.003599 5.008579 0.210829 
2793 0.382986 0.000000 0.960626 16.530126 -0.004119 4.803651 0.216711 
2794 0.382986 0.000000 0.938840 16.740488 -0.003843 4.031839 0.216237 
2795 0.406346 0.000000 0.960626 16.495446 -0.004742 4.662728 0.223265 
2796 0.429707 0.000000 0.960626 16.496045 -0.005542 4.515573 0.226783 
2797 0.429707 0.000000 0.938840 16.408365 -0.005162 3.955794 0.246945 
2798 0.453067 0.000000 0.960626 16.473379 -0.006307 4.188548 0.236283 
2799 0.476428 0.000000 0.960626 16.482288 -0.007402 3.921849 0.241224 
2800 0.476428 0.000000 0.938840 16.555376 -0.006759 3.563462 0.241933 
2801 0.499788 0.000000 0.960626 16.416401 -0.007899 3.679658 0.251821 
2802 0.336265 0.000000 1.047768 16.706671 -0.002651 3.738519 0.225251 
2803 0.312905 0.000000 1.047768 16.465376 -0.002112 3.331407 0.254018 
2804 0.336265 0.000000 1.069553 17.091086 -0.002221 2.983514 0.204323 
2805 0.523148 0.000000 0.960626 16.668873 -0.008883 3.444926 0.234161 
2806 0.523148 0.000000 0.938840 16.893468 -0.008414 3.414597 0.214785 
2807 0.546509 0.000000 0.960626 16.901481 -0.009417 3.324058 0.215682 
2808 1.107159 0.000000 1.069553 19.535874 -0.014073 1.724200 -0.016709 
2809 1.153880 0.000000 1.069553 19.512123 -0.012962 1.713542 -0.014160 
2810 1.107159 0.000000 1.113124 19.532399 -0.010005 1.707129 -0.016195 
2811 1.107159 0.000000 1.156695 19.545101 -0.009122 1.622713 -0.016764 
2812 1.153880 0.000000 1.156695 19.539152 -0.009515 1.601116 -0.015965 
2813 1.107159 0.000000 1.200266 19.556711 -0.010084 1.549276 -0.017348 
2814 3.863689 0.000000 2.071688 19.450390 0.017927 0.218033 -0.000167 
2815 3.863689 0.000000 2.420257 19.451282 0.011584 0.072694 -0.000146 
2816 2.041576 0.000000 1.069553 19.175067 -0.001291 -1.659304 0.020793 
2817 1.994855 0.000000 1.069553 19.231467 -0.001521 -1.537392 0.016097 
2818 2.041576 0.000000 1.113124 19.112801 -0.000942 -1.665539 0.027040 
2819 2.041576 0.000000 1.156695 19.108878 -0.000312 -1.721665 0.026934 
2820 1.994855 0.000000 1.156695 19.113999 -0.000584 -1.605917 0.027435 
2821 2.041576 0.000000 1.200266 19.057306 0.000542 -1.686685 0.032452 
2822 3.303039 0.000000 1.548835 19.443093 0.011672 0.522308 -0.000011 
2823 3.489922 0.000000 1.548835 19.443980 0.010918 0.523562 -0.000106 
2824 3.303039 0.000000 1.723119 19.444354 0.011448 0.393445 0.000171 
2825 2.648947 0.000000 1.287409 19.427280 0.008349 0.811653 0.000593 
2826 2.742388 0.000000 1.287409 19.434030 0.009607 0.808128 -0.000085 
2827 2.648947 0.000000 1.374551 19.424486 0.014407 0.701151 0.001322 
2828 0.359625 0.000000 1.243838 18.509909 -0.001908 1.099303 0.091137 
2829 0.312905 0.000000 1.243838 18.449069 -0.001487 0.906285 0.098104 
2830 0.359625 0.000000 1.287409 18.652940 -0.001334 0.907644 0.078103 
2831 1.107159 0.000000 1.243838 19.577934 -0.009926 1.305523 -0.017704 
2832 1.153880 0.000000 1.243838 19.532125 -0.008888 1.432383 -0.013886 
2833 1.107159 0.000000 1.287409 19.589460 -0.009984 1.274122 -0.018683 
2834 2.508784 0.000000 1.156695 19.424750 0.002778 0.998148 -0.000039 
2835 2.555505 0.000000 1.156695 19.429876 0.003658 0.990066 -0.000523 
2836 2.508784 0.000000 1.200266 19.416125 0.008919 0.939043 0.001149 
2837 0.756753 0.000000 0.786341 19.492042 0.005713 2.120491 -0.016214 
2838 0.756753 0.000000 0.764556 19.573445 0.005465 2.085633 -0.024232 
2839 0.780113 0.000000 0.786341 19.508649 0.005662 2.037248 -0.017011 
2840 0.943636 0.000000 0.917054 19.402998 -0.020568 1.689517 -0.002719 
2841 0.920276 0.000000 0.917054 19.334672 -0.020590 1.767578 0.003564 
2842 0.943636 0.000000 0.938840 19.368574 -0.020527 1.730526 0.000438 
2843 0.896915 0.000000 0.917054 19.333801 -0.020634 1.770336 0.003627 
2844 0.873555 0.000000 0.917054 19.330832 -0.020581 1.779259 0.003847 
2845 0.896915 0.000000 0.938840 19.332382 -0.020540 1.774564 0.003733 
2846 1.200601 0.000000 0.982411 19.469437 -0.016326 1.694489 -0.009590 
2847 1.247321 0.000000 0.982411 19.375297 -0.015955 1.645844 0.000506 
2848 1.200601 0.000000 1.025982 19.470147 -0.013817 1.692515 -0.009646 
2849 1.130519 0.000000 0.917054 19.494938 -0.022303 1.648246 -0.011809 
2850 1.153880 0.000000 0.917054 19.494938 -0.022303 1.648246 -0.011809 
2851 1.130519 0.000000 0.938840 19.508595 -0.021670 1.663091 -0.013347 
2852 6.853823 0.000000 -0.019724 19.456875 0.043391 -0.034691 -0.000715 
2853 6.853823 0.000000 -0.368292 19.471348 -0.071627 -0.653163 -0.003338 
2854 7.227589 0.000000 -0.019724 19.455371 0.050710 -0.035951 -0.000563 
2855 6.293172 0.000000 0.503129 19.473774 -0.173246 0.867460 -0.004515 
2856 6.293172 0.000000 0.328845 19.465604 -0.028900 0.551504 -0.002411 
2857 6.480056 0.000000 0.503129 19.475921 -0.196448 0.879754 -0.004815 
2858 6.386614 0.000000 1.287409 19.484865 0.023596 0.735562 -0.005020 
2859 6.293172 0.000000 1.287409 19.484294 0.024969 0.741810 -0.004986 
2860 6.386614 0.000000 1.374551 19.479106 0.029965 0.650747 -0.004117 
2861 6.199731 0.000000 1.287409 19.483531 0.026092 0.747949 -0.004932 
2862 6.106289 0.000000 1.287409 19.482830 0.028213 0.754794 -0.004887 
2863 6.199731 0.000000 1.374551 19.478235 0.033416 0.660837 -0.004063 
2864 6.012847 0.000000 1.287409 19.481977 0.028730 0.760559 -0.004822 
2865 5.919406 0.000000 1.287409 19.481137 0.029056 0.766138 -0.004758 
2866 6.012847 0.000000 1.374551 19.477089 0.028985 0.670478 -0.003978 
2867 5.825964 0.000000 1.287409 19.480301 0.029902 0.772124 -0.004696 
2868 5.732522 0.000000 1.287409 19.479497 0.029747 0.777430 -0.004635 
2869 5.825964 0.000000 1.374551 19.475759 0.029199 0.680372 -0.003876 
2870 7.601356 0.000000 -0.019724 19.459997 0.053907 -0.036045 -0.001039 
2871 7.601356 0.000000 -0.368292 19.453636 -0.017710 -0.685600 -0.001617 
2872 7.975123 0.000000 -0.019724 19.470390 0.044993 -0.033829 -0.002106 
2873 8.348890 0.000000 -0.019724 19.476052 0.030740 -0.031917 -0.002686 
2874 8.348890 0.000000 -0.368292 19.470648 -0.005912 -0.668619 -0.003306 
2875 8.722656 0.000000 -0.019724 19.474622 0.019896 -0.035189 -0.002538 
2876 6.666939 0.000000 0.503129 19.478444 -0.210412 0.891800 -0.005146 
2877 6.666939 0.000000 0.328845 19.467939 -0.039942 0.567786 -0.002702 
2878 6.853823 0.000000 0.503129 19.480537 -0.213314 0.903342 -0.005420 
2879 7.040706 0.000000 0.503129 19.479577 -0.206949 0.914572 -0.005368 
2880 7.040706 0.000000 0.328845 19.466886 -0.035137 0.589132 -0.002658 
2881 7.227589 0.000000 0.503129 19.471756 -0.191746 0.924614 -0.004595 
2882 6.199731 0.000000 0.764556 19.492473 -0.153827 1.231003 -0.008440 
2883 6.199731 0.000000 0.677414 19.489068 -0.194907 1.159678 -0.007677 
2884 6.293172 0.000000 0.764556 19.494116 -0.159177 1.233404 -0.008630 
2885 6.386614 0.000000 0.938840 19.499075 -0.048452 1.229062 -0.009052 
2886 6.386614 0.000000 0.851698 19.496149 -0.067340 1.253149 -0.008914 
2887 6.480056 0.000000 0.938840 19.499397 -0.050552 1.227431 -0.009075 
2888 6.573498 0.000000 0.938840 19.499164 -0.053098 1.225996 -0.009042 
2889 6.573498 0.000000 0.851698 19.495614 -0.070591 1.254974 -0.008872 
2890 6.666939 0.000000 0.938840 19.498518 -0.056100 1.224683 -0.008968 
2891 7.414473 0.000000 0.503129 19.458309 -0.163419 0.931338 -0.003218 
2892 7.414473 0.000000 0.328845 19.455588 -0.010697 0.608304 -0.001553 
2893 7.601356 0.000000 0.503129 19.451260 -0.124514 0.932190 -0.002468 
2894 7.788239 0.000000 0.503129 19.454432 -0.092580 0.928066 -0.002755 
2895 7.788239 0.000000 0.328845 19.459794 0.016322 0.605118 -0.001976 
2896 7.975123 0.000000 0.503129 19.460037 -0.073899 0.922496 -0.003296 
2897 9.096423 0.000000 -0.019724 19.469659 0.014336 -0.034644 -0.002026 
2898 9.096423 0.000000 -0.368292 19.468872 -0.003104 -0.657853 -0.003085 
2899 9.470190 0.000000 -0.019724 19.466248 0.014099 -0.034400 -0.001675 
2900 9.843957 0.000000 -0.019724 19.464444 0.023772 -0.022743 -0.001489 
2901 9.843957 0.000000 -0.368292 19.468246 -0.001722 -0.667158 -0.003054 
2902 10.217723 0.000000 -0.019724 19.460059 0.029412 -0.035531 -0.001040 
2903 8.162006 0.000000 0.503129 19.464387 -0.061962 0.917341 -0.003715 
2904 8.162006 0.000000 0.328845 19.469557 0.011529 0.597378 -0.002956 
2905 8.348890 0.000000 0.503129 19.467270 -0.052203 0.913722 -0.003991 
2906 8.535773 0.000000 0.503129 19.468762 -0.042257 0.911512 -0.004131 
2907 8.535773 0.000000 0.328845 19.471027 0.009456 0.582302 -0.003060 
2908 8.722656 0.000000 0.503129 19.469473 -0.033064 0.910933 -0.004200 
2909 8.909540 0.000000 0.503129 19.469763 -0.025480 0.912090 -0.004234 
2910 8.909540 0.000000 0.328845 19.468440 0.009032 0.576220 -0.002775 
2911 9.096423 0.000000 0.503129 19.469947 -0.019948 0.913574 -0.004259 
2912 9.283306 0.000000 0.503129 19.470132 -0.017135 0.913831 -0.004279 
2913 9.283306 0.000000 0.328845 19.468914 0.002701 0.583837 -0.002847 
2914 9.470190 0.000000 0.503129 19.469927 -0.017064 0.911794 -0.004249 
2915 9.002981 0.000000 1.461693 19.441652 -0.004957 0.482830 0.000242 
2916 8.909540 0.000000 1.461693 19.443145 -0.005855 0.483984 0.000085 
2917 9.002981 0.000000 1.548835 19.440988 0.007938 0.420731 0.000458 
2918 10.591490 0.000000 -0.019724 19.453785 0.026494 -0.035508 -0.000394 
2919 10.591490 0.000000 -0.368292 19.452753 -0.006577 -0.674531 -0.001486 
2920 10.965257 0.000000 -0.019724 19.451565 -0.001772 -0.032558 -0.000164 
2921 11.339023 0.000000 -0.019724 19.450293 -0.000423 -0.034431 -0.000033 
2922 11.339023 0.000000 -0.368292 19.450932 -0.105997 -0.680498 -0.001350 
2923 11.712790 0.000000 -0.019724 19.452719 -0.050947 -0.027576 -0.000288 
2924 9.657073 0.000000 0.503129 19.468986 -0.019170 0.907062 -0.004129 
2925 9.657073 0.000000 0.328845 19.469777 0.001647 0.586318 -0.002943 
2926 9.843957 0.000000 0.503129 19.466862 -0.022612 0.899970 -0.003877 
2927 10.030840 0.000000 0.503129 19.463308 -0.026635 0.891453 -0.003471 
2928 10.030840 0.000000 0.328845 19.465558 -0.000812 0.594332 -0.002534 
2929 10.217723 0.000000 0.503129 19.458598 -0.030794 0.882812 -0.002947 
2930 10.124282 0.000000 1.113124 19.433271 -0.093591 0.928275 -0.000581 
2931 10.124282 0.000000 1.025982 19.434930 -0.097771 1.034623 -0.001306 
2932 10.217723 0.000000 1.113124 19.434887 -0.096573 0.928473 -0.000750 
2933 10.404607 0.000000 0.503129 19.453910 -0.034346 0.875338 -0.002431 
2934 10.404607 0.000000 0.328845 19.456877 -0.007294 0.591359 -0.001632 
2935 10.591490 0.000000 0.503129 19.450397 -0.033993 0.877201 -0.002078 
2936 10.778373 0.000000 0.851698 19.445809 -0.106320 1.166646 -0.003197 
2937 10.778373 0.000000 0.677414 19.447938 -0.065695 1.125289 -0.003147 
2938 10.965257 0.000000 0.851698 19.447854 -0.103480 1.157943 -0.003352 
2939 10.311165 0.000000 1.113124 19.436467 -0.100057 0.924203 -0.000893 
2940 10.311165 0.000000 1.025982 19.436604 -0.108605 1.051753 -0.001578 
2941 10.404607 0.000000 1.113124 19.439121 -0.108099 0.928497 -0.001191 
2942 10.498048 0.000000 1.113124 19.440957 -0.109658 0.929157 -0.001384 
2943 10.498048 0.000000 1.025982 19.440265 -0.112741 1.051507 -0.001955 
2944 10.591490 0.000000 1.113124 19.442578 -0.110863 0.929817 -0.001555 
2945 12.086557 0.000000 -0.019724 19.451801 -0.047813 -0.019371 -0.000192 
2946 12.086557 0.000000 -0.368292 19.451727 -0.100132 -0.514443 -0.000904 
2947 12.460324 0.000000 -0.019724 19.451454 -0.051006 -0.028147 -0.000158 
2948 12.834090 0.000000 -0.019724 19.451072 -0.051080 -0.028139 -0.000119 
2949 12.834090 0.000000 -0.368292 19.451016 -0.112269 -0.523733 -0.000863 
2950 13.207857 0.000000 -0.019724 19.450296 -0.046955 -0.022378 -0.000038 
2951 0.534829 0.000000 0.797234 20.548519 0.006448 4.147175 -0.161612 
2952 0.534829 0.000000 0.786341 20.647359 0.005888 3.875647 -0.166617 
2953 0.546509 0.000000 0.797234 20.290557 0.006431 4.013022 -0.130870 
2954 0.604910 0.000000 0.819020 19.298433 0.007061 3.339555 -0.013956 
2955 0.604910 0.000000 0.808127 19.456524 0.006726 3.277015 -0.029058 
2956 0.616590 0.000000 0.819020 19.278299 0.006989 3.176620 -0.009097 
2957 0.628270 0.000000 0.819020 19.267682 0.006872 3.033842 -0.005671 
2958 0.628270 0.000000 0.808127 19.390605 0.006498 2.994894 -0.017612 
2959 0.639950 0.000000 0.819020 19.263619 0.006790 2.906645 -0.003260 
2960 0.651631 0.000000 0.840805 19.055312 -0.084182 2.854979 0.018608 
2961 0.651631 0.000000 0.829912 19.162399 0.006716 2.812793 0.008441 
2962 0.663311 0.000000 0.840805 19.082818 -0.006577 2.727525 0.017735 
2963 1.294042 0.000000 0.982411 19.369752 -0.016043 1.640566 0.001120 
2964 1.340763 0.000000 0.982411 19.364544 -0.016266 1.588631 0.002096 
2965 1.294042 0.000000 1.025982 19.387035 -0.012199 1.639843 -0.000645 
2966 1.177240 0.000000 0.917054 19.494938 -0.022303 1.648246 -0.011809 
2967 1.200601 0.000000 0.917054 19.454785 -0.021712 1.652745 -0.007714 
2968 1.177240 0.000000 0.938840 19.475739 -0.021596 1.659300 -0.009928 
2969 1.527646 0.000000 0.590271 19.474111 0.011957 1.172906 -0.006118 
2970 1.527646 0.000000 0.503129 19.519352 0.007409 0.962046 -0.009591 
2971 1.621088 0.000000 0.590271 19.448454 0.014903 1.130128 -0.003218 
2972 1.294042 0.000000 0.720985 19.571269 0.013673 1.471213 -0.018231 
2973 1.294042 0.000000 0.677414 19.591011 0.010804 1.421428 -0.019894 
2974 1.340763 0.000000 0.720985 19.524367 0.014558 1.447283 -0.013199 
2975 1.387484 0.000000 0.808127 19.427691 0.021023 1.433239 -0.003138 
2976 1.387484 0.000000 0.764556 19.456121 0.018671 1.441240 -0.006121 
2977 1.434205 0.000000 0.808127 19.389763 0.022323 1.398479 0.001013 
2978 1.480926 0.000000 0.808127 19.359553 0.023704 1.361819 0.004375 
2979 1.480926 0.000000 0.764556 19.391213 0.021733 1.373339 0.001049 
2980 1.527646 0.000000 0.808127 19.337502 0.025155 1.326342 0.006883 
2981 1.761251 0.000000 0.982411 18.950333 -0.013510 0.619385 0.049705 
2982 1.714530 0.000000 0.982411 18.949810 -0.015348 0.954032 0.048365 
2983 1.761251 0.000000 1.025982 18.939846 -0.012990 0.525251 0.051040 
2984 1.667809 0.000000 0.982411 18.969886 -0.014908 1.017204 0.046024 
2985 1.621088 0.000000 0.982411 18.986887 -0.015181 1.057509 0.044097 
2986 1.667809 0.000000 1.025982 19.149418 -0.009321 0.986714 0.028096 
2987 1.714530 0.000000 0.590271 19.437777 0.016945 1.091375 -0.001893 
2988 1.714530 0.000000 0.503129 19.467539 -0.041728 0.923942 -0.004065 
2989 1.807972 0.000000 0.590271 19.434505 0.018955 1.054562 -0.001348 
2990 2.835830 0.000000 1.287409 19.438318 0.010483 0.805577 -0.000515 
2991 2.929272 0.000000 1.287409 19.440853 0.011053 0.804136 -0.000769 
2992 2.835830 0.000000 1.374551 19.435978 0.015766 0.699411 0.000148 
2993 4.050572 0.000000 1.548835 19.449447 0.013926 0.533357 -0.000696 
2994 3.863689 0.000000 1.548835 19.447733 0.012851 0.530673 -0.000512 
2995 4.050572 0.000000 1.723119 19.448726 0.005754 0.397203 -0.000286 
2996 3.676805 0.000000 1.548835 19.444763 0.013667 0.530783 -0.000207 
2997 3.676805 0.000000 1.723119 19.446386 0.003726 0.394645 -0.000040 
2998 5.639081 0.000000 1.287409 19.478620 0.029397 0.782583 -0.004566 
2999 5.545639 0.000000 1.287409 19.477541 0.028799 0.787546 -0.004476 
3000 5.639081 0.000000 1.374551 19.474303 0.028835 0.689649 -0.003760 
3001 5.452197 0.000000 1.287409 19.476242 0.027964 0.792239 -0.004361 
3002 5.358756 0.000000 1.287409 19.474540 0.026018 0.795599 -0.004200 
3003 5.452197 0.000000 1.374551 19.472828 0.036334 0.697945 -0.003640 
3004 10.684932 0.000000 1.113124 19.444360 -0.098789 0.902909 -0.001601 
3005 10.684932 0.000000 1.025982 19.443707 -0.123910 1.046264 -0.002287 
3006 10.778373 0.000000 1.113124 19.445021 -0.108517 0.916765 -0.001741 
3007 10.871815 0.000000 1.113124 19.446029 -0.104163 0.933698 -0.001925 
3008 10.871815 0.000000 1.025982 19.446007 -0.119247 1.046081 -0.002520 
3009 10.965257 0.000000 1.113124 19.446992 -0.105231 0.929652 -0.002005 
3010 11.152140 0.000000 0.851698 19.448916 -0.103849 1.152638 -0.003429 
3011 11.152140 0.000000 0.677414 19.449888 -0.076370 1.108523 -0.003252 
3012 11.339023 0.000000 0.851698 19.449672 -0.104175 1.152020 -0.003503 
3013 11.058698 0.000000 1.113124 19.447828 -0.105465 0.928006 -0.002083 
3014 11.058698 0.000000 1.025982 19.447846 -0.119555 1.042169 -0.002687 
3015 11.152140 0.000000 1.113124 19.448425 -0.105620 0.928041 -0.002144 
3016 11.245582 0.000000 1.287409 19.449340 -0.018044 0.663083 -0.001095 
3017 11.245582 0.000000 1.200266 19.449087 -0.066935 0.792092 -0.001576 
3018 11.993115 0.000000 1.287409 19.450572 0.058080 0.329141 -0.000354 
3019 11.993115 0.000000 1.200266 19.450699 -0.016680 0.397365 -0.000490 
3020 12.740649 0.000000 1.287409 19.448722 0.051211 0.338965 -0.000179 
3021 12.740649 0.000000 1.200266 19.448781 -0.025068 0.408210 -0.000317 
3022 12.834090 0.000000 1.287409 19.448808 0.051212 0.338910 -0.000188 
3023 12.927532 0.000000 1.287409 19.448879 0.051203 0.338866 -0.000195 
3024 12.927532 0.000000 1.200266 19.448931 -0.025079 0.408103 -0.000332 
3025 13.020974 0.000000 1.287409 19.448953 0.051224 0.338810 -0.000203 
3026 0.803473 0.000000 0.786341 19.528230 0.005880 1.951883 -0.018131 
3027 0.803473 0.000000 0.764556 19.588522 0.005677 1.925200 -0.024092 
3028 0.826834 0.000000 0.786341 19.551553 0.006042 1.889251 -0.019905 
3029 0.850194 0.000000 0.829912 19.480615 0.007084 1.845209 -0.012151 
3030 0.850194 0.000000 0.808127 19.529864 0.006654 1.843785 -0.017215 
3031 0.873555 0.000000 0.829912 19.521252 0.007522 1.793288 -0.015841 
3032 4.097293 0.000000 1.069553 19.447507 -0.002221 0.967762 -0.002219 
3033 4.050572 0.000000 1.069553 19.447463 -0.001132 0.968124 -0.002217 
3034 4.097293 0.000000 1.113124 19.446955 0.001269 0.941539 -0.002030 
3035 5.312035 0.000000 0.982411 19.470943 -0.055544 1.145119 -0.005629 
3036 5.312035 0.000000 0.938840 19.467477 -0.083485 1.199935 -0.005622 
3037 5.358756 0.000000 0.982411 19.472460 -0.054660 1.149016 -0.005809 
3038 5.405476 0.000000 0.982411 19.473913 -0.053448 1.152742 -0.005981 
3039 5.405476 0.000000 0.938840 19.470672 -0.082509 1.206895 -0.005995 
3040 5.452197 0.000000 0.982411 19.475329 -0.051900 1.156282 -0.006147 
3041 0.266184 0.000000 1.243838 18.437249 -0.001029 0.705999 0.100110 
3042 0.219463 0.000000 1.243838 18.466029 -0.000708 0.516990 0.097914 
3043 0.266184 0.000000 1.287409 18.602455 -0.000746 0.612281 0.084261 
3044 0.558189 0.000000 0.797234 20.073986 0.006489 3.850911 -0.104393 
3045 0.558189 0.000000 0.786341 20.212197 0.006087 3.649082 -0.115110 
3046 0.569869 0.000000 0.797234 19.901345 0.006508 3.681346 -0.082773 
3047 0.488108 0.000000 0.862591 18.142689 0.001356 4.415734 0.078367 
3048 0.476428 0.000000 0.862591 17.938950 0.000763 3.926954 0.108579 
3049 0.488108 0.000000 0.873483 16.937583 -0.003431 3.766234 0.204165 
3050 1.948134 0.000000 1.069553 19.282029 -0.005747 -0.967749 0.014722 
3051 1.901413 0.000000 1.069553 19.168041 -0.004888 -0.696202 0.027502 
3052 1.948134 0.000000 1.113124 19.167902 -0.002205 -1.215031 0.024895 
3053 1.948134 0.000000 1.156695 19.128771 -0.001610 -1.079434 0.029678 
3054 1.901413 0.000000 1.156695 19.243625 -0.001149 -0.967187 0.018636 
3055 1.948134 0.000000 1.200266 19.144483 -0.002474 -1.049170 0.028259 
3056 0.476428 0.000000 0.917054 16.443085 -0.006360 3.397164 0.254787 
3057 0.453067 0.000000 0.917054 16.401281 -0.005483 3.373844 0.258834 
3058 0.499788 0.000000 0.917054 16.544698 -0.007248 3.475620 0.244501 
3059 0.429707 0.000000 0.917054 16.452505 -0.004568 3.293241 0.255806 
3060 0.406346 0.000000 0.917054 16.637036 -0.003789 3.292651 0.239676 
3061 0.382986 0.000000 0.917054 16.846850 -0.003456 3.487559 0.217612 
3062 0.359625 0.000000 0.917054 17.095733 -0.002954 3.739006 0.190478 
3063 0.336265 0.000000 0.917054 17.385748 -0.002845 3.975146 0.159228 
3064 0.523148 0.000000 0.917054 16.784868 -0.008138 3.447786 0.223851 
3065 0.546509 0.000000 0.917054 17.060565 -0.009082 3.393904 0.200160 
3066 0.289544 0.000000 1.047768 16.469097 -0.001614 2.625025 0.264816 
3067 0.266184 0.000000 1.047768 16.359769 -0.001239 2.184580 0.279903 
3068 0.289544 0.000000 1.069553 16.729163 -0.001804 2.549607 0.243025 
3069 1.200601 0.000000 1.069553 19.485936 -0.009462 1.726131 -0.011575 
3070 1.247321 0.000000 1.069553 19.421000 -0.007828 1.646313 -0.004185 
3071 1.200601 0.000000 1.113124 19.493404 -0.009112 1.674078 -0.011876 
3072 1.200601 0.000000 1.156695 19.501748 -0.007134 1.645665 -0.012487 
3073 1.247321 0.000000 1.156695 19.468264 -0.005429 1.573959 -0.008428 
3074 1.200601 0.000000 1.200266 19.499393 -0.007919 1.533794 -0.011304 
3075 1.200601 0.000000 1.243838 19.509531 -0.007024 1.494694 -0.012037 
3076 1.247321 0.000000 1.243838 19.516339 -0.006748 1.453137 -0.012415 
3077 1.200601 0.000000 1.287409 19.558604 -0.009385 1.257107 -0.015376 
3078 0.850194 0.000000 0.917054 19.135929 -0.018711 1.880613 0.022685 
3079 0.826834 0.000000 0.917054 18.940103 -0.016923 1.986103 0.041316 
3080 0.850194 0.000000 0.938840 19.135511 -0.018662 1.881811 0.022715 
3081 0.803473 0.000000 0.917054 18.938569 -0.016947 1.991441 0.041414 
3082 0.780113 0.000000 0.917054 18.858239 -0.016819 2.090505 0.048371 
3083 0.803473 0.000000 0.938840 18.928383 -0.016792 2.009053 0.042247 
3084 0.896915 0.000000 0.829912 19.560115 0.008001 1.748476 -0.019436 
3085 0.896915 0.000000 0.808127 19.596425 0.007475 1.751169 -0.023220 
3086 0.920276 0.000000 0.829912 19.596539 0.008583 1.712134 -0.022874 
3087 6.386614 0.000000 0.764556 19.494568 -0.163339 1.236390 -0.008699 
3088 6.386614 0.000000 0.677414 19.487256 -0.280427 1.138620 -0.007470 
3089 6.480056 0.000000 0.764556 19.494341 -0.166140 1.239602 -0.008700 
3090 6.573498 0.000000 0.764556 19.493784 -0.167711 1.242719 -0.008664 
3091 6.573498 0.000000 0.677414 19.487658 -0.292431 1.149278 -0.007594 
3092 6.666939 0.000000 0.764556 19.493096 -0.168371 1.245722 -0.008613 
3093 6.760381 0.000000 0.938840 19.497576 -0.059572 1.223497 -0.008865 
3094 6.760381 0.000000 0.851698 19.493875 -0.074429 1.257439 -0.008711 
3095 6.853823 0.000000 0.938840 19.496173 -0.063659 1.222223 -0.008713 
3096 6.947264 0.000000 0.938840 19.494171 -0.068041 1.220981 -0.008500 
3097 6.947264 0.000000 0.851698 19.490445 -0.080017 1.259473 -0.008373 
3098 7.040706 0.000000 0.938840 19.487684 -0.015848 1.199635 -0.007684 
3099 8.816098 0.000000 1.461693 19.444596 -0.006515 0.485309 -0.000067 
3100 8.722656 0.000000 1.461693 19.446002 -0.006933 0.486830 -0.000216 
3101 8.816098 0.000000 1.548835 19.443563 0.005815 0.422722 0.000189 
3102 10.778373 0.000000 0.503129 19.448465 -0.033247 0.895280 -0.001964 
3103 10.778373 0.000000 0.328845 19.450862 -0.005933 0.604686 -0.001055 
3104 10.965257 0.000000 0.503129 19.448206 -0.048687 0.875502 -0.001848 
3105 0.651631 0.000000 0.819020 19.264277 0.006717 2.792422 -0.001606 
3106 0.651631 0.000000 0.808127 19.362240 0.006387 2.766290 -0.011224 
3107 0.663311 0.000000 0.819020 19.268401 0.006713 2.696151 -0.000629 
3108 0.674991 0.000000 0.840805 19.107283 0.000640 2.631118 0.016631 
3109 0.674991 0.000000 0.829912 19.191981 0.006818 2.617046 0.008251 
3110 0.686671 0.000000 0.840805 19.131363 0.003151 2.542876 0.015404 
3111 0.756753 0.000000 0.917054 18.778923 -0.016820 2.188248 0.055157 
3112 0.733392 0.000000 0.917054 18.776769 -0.016724 2.193965 0.055304 
3113 0.756753 0.000000 0.938840 18.804256 -0.016517 2.157785 0.052990 
3114 0.710032 0.000000 0.917054 18.527372 -0.014744 2.388257 0.077544 
3115 0.686671 0.000000 0.917054 18.526903 -0.014694 2.389307 0.077576 
3116 0.710032 0.000000 0.938840 18.582670 -0.015145 2.352720 0.072565 
3117 1.387484 0.000000 0.982411 19.367297 -0.015623 1.575430 0.001925 
3118 1.434205 0.000000 0.982411 19.276281 -0.013840 1.457271 0.012169 
3119 1.387484 0.000000 1.025982 19.386160 -0.013009 1.578227 -0.000031 
3120 1.387484 0.000000 0.720985 19.483025 0.015932 1.419508 -0.008726 
3121 1.387484 0.000000 0.677414 19.507925 0.013109 1.375271 -0.010965 
3122 1.434205 0.000000 0.720985 19.448417 0.017571 1.388292 -0.004933 
3123 1.574367 0.000000 0.982411 19.042441 -0.014675 1.194441 0.037697 
3124 1.527646 0.000000 0.982411 19.176398 -0.017667 1.365150 0.023009 
3125 1.574367 0.000000 1.025982 19.225926 -0.006058 1.235319 0.018874 
3126 1.480926 0.000000 0.982411 19.176398 -0.017667 1.365150 0.023009 
3127 1.480926 0.000000 1.025982 19.278256 -0.010462 1.411104 0.012318 
3128 1.480926 0.000000 0.720985 19.420710 0.019205 1.356001 -0.001852 
3129 1.480926 0.000000 0.677414 19.447848 0.016363 1.316887 -0.004364 
3130 1.527646 0.000000 0.720985 19.400368 0.020878 1.325879 0.000449 
3131 1.574367 0.000000 0.808127 19.322247 0.026609 1.289208 0.008698 
3132 1.574367 0.000000 0.764556 19.355900 0.024965 1.306698 0.005138 
3133 1.621088 0.000000 0.808127 19.313859 0.027957 1.250951 0.009811 
3134 1.901413 0.000000 0.590271 19.443174 0.019692 1.040839 -0.002163 
3135 1.901413 0.000000 0.503129 19.464657 -0.040672 0.888658 -0.003600 
3136 1.994855 0.000000 0.590271 19.452486 0.019549 1.028040 -0.003050 
3137 1.667809 0.000000 0.808127 19.311906 0.029267 1.213111 0.010257 
3138 1.667809 0.000000 0.764556 19.345854 0.027891 1.239422 0.006618 
3139 1.714530 0.000000 0.808127 19.316691 0.030202 1.175234 0.010008 
3140 2.088297 0.000000 0.590271 19.462641 0.018251 1.028368 -0.004097 
3141 2.088297 0.000000 0.503129 19.469112 -0.041942 0.868860 -0.003966 
3142 2.181738 0.000000 0.590271 19.465168 0.015529 1.023193 -0.004328 
3143 3.022713 0.000000 1.287409 19.442527 0.011252 0.802146 -0.000933 
3144 3.116155 0.000000 1.287409 19.443448 0.011205 0.799935 -0.001018 
3145 3.022713 0.000000 1.374551 19.440684 0.016027 0.698296 -0.000332 
3146 3.209597 0.000000 1.287409 19.443561 0.013001 0.799823 -0.001029 
3147 3.303039 0.000000 1.287409 19.444591 0.012376 0.799612 -0.001134 
3148 3.209597 0.000000 1.374551 19.443684 0.015478 0.696645 -0.000634 
3149 5.265314 0.000000 1.287409 19.472824 0.019556 0.798543 -0.004035 
3150 5.171872 0.000000 1.287409 19.470953 0.018299 0.802020 -0.003857 
3151 5.265314 0.000000 1.374551 19.470148 0.034468 0.705276 -0.003391 
3152 5.078431 0.000000 1.287409 19.469014 0.016869 0.805042 -0.003670 
3153 4.984989 0.000000 1.287409 19.467229 0.016943 0.806492 -0.003493 
3154 5.078431 0.000000 1.374551 19.466629 0.025564 0.712216 -0.003053 
3155 11.152140 0.000000 0.503129 19.450443 -0.122054 0.894227 -0.002199 
3156 11.152140 0.000000 0.328845 19.449303 -0.019955 0.591901 -0.000856 
3157 11.339023 0.000000 0.503129 19.450987 -0.051253 0.930021 -0.002395 
3158 11.525907 0.000000 0.851698 19.450095 -0.104393 1.151618 -0.003544 
3159 11.525907 0.000000 0.677414 19.450466 -0.076982 1.106997 -0.003303 
3160 11.712790 0.000000 0.851698 19.450117 -0.099305 1.145445 -0.003506 
3161 11.245582 0.000000 1.113124 19.448892 -0.105744 0.928043 -0.002192 
3162 11.245582 0.000000 1.025982 19.448970 -0.119882 1.041970 -0.002802 
3163 11.339023 0.000000 1.113124 19.449433 -0.102431 0.926526 -0.002239 
3164 11.432465 0.000000 1.113124 19.449713 -0.102529 0.926468 -0.002267 
3165 11.432465 0.000000 1.025982 19.449790 -0.116523 1.040041 -0.002874 
3166 11.525907 0.000000 1.113124 19.450094 -0.101272 0.927801 -0.002312 
3167 11.619349 0.000000 1.113124 19.449996 -0.100650 0.927196 -0.002299 
3168 11.619349 0.000000 1.025982 19.449964 -0.113381 1.042041 -0.002901 
3169 11.712790 0.000000 1.113124 19.450146 -0.100692 0.927164 -0.002314 
3170 11.899674 0.000000 0.851698 19.451046 -0.113944 0.986294 -0.002713 
3171 11.899674 0.000000 0.677414 19.451146 -0.051649 0.940213 -0.002462 
3172 12.086557 0.000000 0.851698 19.451203 -0.247255 0.727785 -0.001685 
3173 11.806232 0.000000 1.113124 19.450884 -0.160043 0.795602 -0.001832 
3174 11.806232 0.000000 1.025982 19.450296 -0.114812 1.039014 -0.002919 
3175 11.899674 0.000000 1.113124 19.450887 -0.160115 0.795549 -0.001832 
3176 11.993115 0.000000 1.113124 19.450833 -0.101124 0.480203 -0.000722 
3177 11.993115 0.000000 1.025982 19.450971 -0.177521 0.570433 -0.001043 
3178 12.086557 0.000000 1.113124 19.450836 -0.109639 0.481463 -0.000730 
3179 12.273440 0.000000 0.851698 19.451093 -0.264816 0.735086 -0.001726 
3180 12.273440 0.000000 0.677414 19.451304 -0.231980 0.781474 -0.001891 
3181 12.460324 0.000000 0.851698 19.450989 -0.264861 0.734875 -0.001715 
3182 12.179999 0.000000 1.113124 19.450776 -0.114259 0.485703 -0.000738 
3183 12.179999 0.000000 1.025982 19.450868 -0.190733 0.585878 -0.001093 
3184 12.273440 0.000000 1.113124 19.450767 -0.114276 0.485578 -0.000737 
3185 12.366882 0.000000 1.113124 19.450752 -0.114292 0.485467 -0.000735 
3186 12.366882 0.000000 1.025982 19.450846 -0.192421 0.576030 -0.001062 
3187 12.460324 0.000000 1.113124 19.450733 -0.114307 0.485369 -0.000733 
3188 12.647207 0.000000 0.851698 19.450886 -0.264890 0.734709 -0.001703 
3189 12.647207 0.000000 0.677414 19.451005 -0.232068 0.781131 -0.001859 
3190 12.834090 0.000000 0.851698 19.450794 -0.264915 0.734603 -0.001694 
3191 12.553765 0.000000 1.113124 19.450716 -0.114318 0.485281 -0.000731 
3192 12.553765 0.000000 1.025982 19.450793 -0.192450 0.575844 -0.001056 
3193 12.647207 0.000000 1.113124 19.450692 -0.114325 0.485199 -0.000728 
3194 12.740649 0.000000 1.113124 19.450348 -0.087118 0.496765 -0.000708 
3195 12.740649 0.000000 1.025982 19.450721 -0.192468 0.575704 -0.001048 
3196 12.834090 0.000000 1.113124 19.448922 -0.111026 0.492207 -0.000562 
3197 13.020974 0.000000 0.851698 19.449223 -0.260423 0.745830 -0.001570 
3198 13.020974 0.000000 0.677414 19.449678 -0.180007 0.812048 -0.001796 
3199 13.207857 0.000000 0.851698 19.449318 -0.260425 0.745710 -0.001579 
3200 12.927532 0.000000 1.113124 19.448992 -0.111035 0.492147 -0.000569 
3201 12.927532 0.000000 1.025982 19.449050 -0.188838 0.583894 -0.000898 
3202 13.020974 0.000000 1.113124 19.449055 -0.111023 0.492091 -0.000576 
3203 13.114416 0.000000 1.287409 19.449016 0.051223 0.338765 -0.000209 
3204 13.114416 0.000000 1.200266 19.449067 -0.025061 0.407993 -0.000346 
3205 13.207857 0.000000 1.287409 19.449081 0.051224 0.338707 -0.000216 
3206 0.850194 0.000000 0.786341 19.577310 0.006287 1.833632 -0.022022 
3207 0.850194 0.000000 0.764556 19.622400 0.005912 1.813490 -0.026500 
3208 0.873555 0.000000 0.786341 19.604424 0.006599 1.785397 -0.024368 
3209 4.003851 0.000000 1.069553 19.447407 -0.000172 0.968746 -0.002214 
3210 3.957130 0.000000 1.069553 19.447482 0.000709 0.969555 -0.002226 
3211 4.003851 0.000000 1.113124 19.446442 0.002781 0.943501 -0.001987 
3212 5.498918 0.000000 0.982411 19.476644 -0.050092 1.159654 -0.006303 
3213 5.498918 0.000000 0.938840 19.473705 -0.079746 1.213412 -0.006348 
3214 5.545639 0.000000 0.982411 19.477910 -0.047954 1.162817 -0.006452 
3215 5.592360 0.000000 0.982411 19.479069 -0.045619 1.165793 -0.006589 
3216 5.592360 0.000000 0.938840 19.476458 -0.075443 1.219376 -0.006668 
3217 5.639081 0.000000 0.982411 19.480160 -0.043094 1.168552 -0.006718 
3218 0.172742 0.000000 1.243838 18.523759 -0.000394 0.348245 0.092655 
3219 0.126021 0.000000 1.243838 18.606494 -0.000169 0.201523 0.084748 
3220 0.172742 0.000000 1.287409 18.665836 -0.000247 0.334997 0.078712 
3221 0.581549 0.000000 0.797234 19.769351 0.006490 3.511411 -0.065701 
3222 0.581549 0.000000 0.786341 19.910939 0.006171 3.378342 -0.078129 
3223 0.593230 0.000000 0.797234 19.670761 0.006547 3.349600 -0.052488 
3224 0.464747 0.000000 0.862591 17.805779 0.000859 3.405444 0.131270 
3225 0.453067 0.000000 0.862591 17.488323 0.000153 2.879960 0.169618 
3226 0.464747 0.000000 0.873483 15.913413 -0.005172 2.868645 0.308844 
3227 0.441387 0.000000 0.862591 17.460130 0.000477 2.185221 0.181525 
3228 0.429707 0.000000 0.862591 17.359030 0.001122 1.175086 0.199802 
3229 0.441387 0.000000 0.873483 16.019217 -0.003999 2.579044 0.304084 
3230 0.079300 0.000000 1.243838 18.701105 -0.000064 0.088985 0.075504 
3231 0.032580 0.000000 1.243838 18.799745 0.000018 0.005484 0.065746 
3232 0.079300 0.000000 1.287409 18.798839 -0.000038 0.126168 0.065795 
3233 0.604910 0.000000 0.797234 19.598269 0.006433 3.203057 -0.042424 
3234 0.604910 0.000000 0.786341 19.722635 0.006175 3.117534 -0.053922 
3235 0.616590 0.000000 0.797234 19.544378 0.006385 3.067444 -0.034600 
3236 1.294042 0.000000 1.069553 19.400796 -0.010185 1.631130 -0.001980 
3237 1.340763 0.000000 1.069553 19.396527 -0.008265 1.628870 -0.001523 
3238 1.294042 0.000000 1.113124 19.429613 -0.007557 1.618319 -0.004828 
3239 1.387484 0.000000 1.069553 19.380959 -0.007770 1.577779 0.000506 
3240 1.434205 0.000000 1.069553 19.311428 -0.007091 1.433379 0.008767 
3241 1.387484 0.000000 1.113124 19.430097 -0.006567 1.529756 -0.004141 
3242 1.294042 0.000000 1.156695 19.464349 -0.006933 1.529811 -0.007662 
3243 1.340763 0.000000 1.156695 19.450045 -0.005111 1.545991 -0.006323 
3244 1.294042 0.000000 1.200266 19.477634 -0.006993 1.505442 -0.008834 
3245 1.480926 0.000000 1.069553 19.314959 -0.008686 1.391457 0.008720 
3246 1.527646 0.000000 1.069553 19.306378 -0.008494 1.387651 0.009624 
3247 1.480926 0.000000 1.113124 19.358145 -0.005997 1.388424 0.004327 
3248 1.574367 0.000000 1.069553 19.262956 -0.006062 1.226311 0.015166 
3249 1.621088 0.000000 1.069553 19.190449 -0.007651 1.018275 0.023770 
3250 1.574367 0.000000 1.113124 19.306135 -0.001998 1.214224 0.010841 
3251 1.294042 0.000000 1.243838 19.503594 -0.006827 1.459588 -0.011150 
3252 1.340763 0.000000 1.243838 19.509530 -0.006795 1.384061 -0.011195 
3253 1.294042 0.000000 1.287409 19.574251 -0.008818 1.228033 -0.016804 
3254 1.854692 0.000000 1.069553 19.196467 -0.006157 -0.338338 0.025598 
3255 1.807972 0.000000 1.069553 19.114281 -0.007373 0.265796 0.034036 
3256 1.854692 0.000000 1.113124 19.195864 -0.002925 -0.765588 0.024412 
3257 1.854692 0.000000 1.156695 19.253111 -0.000901 -0.894715 0.018027 
3258 1.807972 0.000000 1.156695 19.331692 -0.002128 0.033364 0.012125 
3259 1.854692 0.000000 1.200266 19.345487 -0.001192 -0.703582 0.009409 
1 11 62 60 61 
2 62 10 24 60 
3 60 24 14 63 
4 61 60 63 6 
5 24 66 64 65 
6 66 23 40 64 
7 64 40 27 67 
8 65 64 67 14 
9 40 70 68 69 
10 69 68 71 27 
11 6 63 92 93 
12 63 14 36 92 
13 92 36 19 94 
14 93 92 94 20 
15 14 67 95 96 
16 67 27 52 95 
17 95 52 35 97 
18 96 95 97 36 
19 27 71 98 99 
20 99 98 100 52 
21 12 112 110 111 
22 112 7 113 110 
23 110 113 13 25 
24 111 110 25 10 
25 25 116 114 115 
26 116 13 117 114 
27 114 117 26 41 
28 115 114 41 23 
29 41 120 118 119 
30 120 26 121 118 
31 118 121 42 57 
32 119 118 57 39 
33 39 124 122 123 
34 124 57 125 122 
35 122 125 55 81 
36 123 122 81 56 
37 81 128 126 127 
38 128 55 129 126 
39 57 146 145 125 
40 146 42 147 145 
41 145 147 58 89 
42 125 145 89 55 
43 55 149 148 129 
44 149 89 150 148 
45 126 170 168 169 
46 170 129 171 168 
47 168 171 82 142 
48 169 168 142 107 
49 142 174 172 173 
50 174 82 175 172 
51 172 175 143 165 
52 173 172 165 140 
53 165 188 186 187 
54 188 143 189 186 
55 68 193 191 192 
56 193 56 80 191 
57 191 80 43 194 
58 192 191 194 71 
59 80 197 195 196 
60 196 195 198 43 
61 140 209 207 208 
62 209 165 187 207 
63 187 221 219 220 
64 221 186 222 219 
65 219 222 190 223 
66 220 219 223 163 
67 207 229 227 228 
68 229 187 220 227 
69 227 220 163 230 
70 107 233 231 232 
71 233 142 173 231 
72 231 173 140 205 
73 232 231 205 141 
74 205 236 234 235 
75 236 140 208 234 
76 234 249 247 248 
77 249 208 250 247 
78 247 250 164 251 
79 248 247 251 237 
80 141 258 256 257 
81 258 205 235 256 
82 257 256 259 204 
83 204 259 260 261 
84 261 260 262 105 
85 256 265 263 264 
86 265 235 266 263 
87 263 266 203 267 
88 264 263 267 259 
89 56 270 268 269 
90 270 81 127 268 
91 269 268 197 80 
92 127 273 271 272 
93 273 126 169 271 
94 271 169 107 201 
95 272 271 201 79 
96 201 276 274 275 
97 276 107 232 274 
98 274 232 141 254 
99 275 274 254 199 
100 254 279 277 278 
101 279 141 257 277 
102 277 257 204 280 
103 278 277 280 252 
104 197 283 281 282 
105 282 281 284 195 
106 199 291 289 290 
107 291 254 278 289 
108 253 292 296 297 
109 292 252 298 296 
110 296 298 255 299 
111 297 296 299 202 
112 289 302 300 301 
113 302 278 303 300 
114 300 303 252 304 
115 301 300 304 292 
116 79 307 305 306 
117 307 201 275 305 
118 305 275 199 287 
119 306 305 287 200 
120 287 310 308 309 
121 310 199 290 308 
122 71 194 312 313 
123 194 43 102 312 
124 312 102 76 314 
125 313 312 314 98 
126 43 198 315 316 
127 316 315 317 102 
128 195 284 318 319 
129 319 318 320 198 
130 285 311 324 325 
131 311 253 297 324 
132 324 297 202 326 
133 325 324 326 288 
134 308 329 327 328 
135 329 290 330 327 
136 327 330 253 331 
137 328 327 331 311 
138 281 334 332 333 
139 334 200 286 332 
140 332 286 106 335 
141 333 332 335 284 
142 200 338 336 337 
143 338 287 309 336 
144 337 336 339 286 
145 309 342 340 341 
146 342 308 328 340 
147 340 328 311 343 
148 341 340 343 285 
149 286 339 344 345 
150 339 285 325 344 
151 344 325 288 346 
152 345 344 346 106 
153 336 349 347 348 
154 349 309 341 347 
155 347 341 285 350 
156 348 347 350 339 
157 208 352 351 250 
158 352 207 228 351 
159 351 228 210 353 
160 250 351 353 164 
161 210 230 354 355 
162 230 163 356 354 
163 354 356 216 357 
164 355 354 357 224 
165 228 360 358 359 
166 360 227 361 358 
167 358 361 230 362 
168 359 358 362 210 
169 363 364 179 365 
170 390 392 363 393 
171 391 390 393 213 
172 366 396 394 395 
173 396 368 397 394 
174 394 397 185 398 
175 217 401 399 400 
176 401 366 395 399 
177 399 395 369 402 
178 400 399 402 108 
179 406 407 180 408 
180 364 406 408 179 
181 409 410 364 411 
182 392 409 411 363 
183 369 398 412 413 
184 398 185 414 412 
185 412 414 392 415 
186 413 412 415 390 
187 395 418 416 417 
188 418 394 419 416 
189 416 419 398 420 
190 417 416 420 369 
191 190 423 421 422 
192 423 166 424 421 
193 421 424 217 425 
194 422 421 425 215 
195 163 223 426 356 
196 223 190 422 426 
197 426 422 215 427 
198 356 426 427 216 
199 439 442 434 443 
200 440 439 443 432 
201 198 320 444 445 
202 445 444 446 315 
203 318 449 447 448 
204 449 239 433 447 
205 447 433 83 450 
206 448 447 450 320 
207 239 453 451 452 
208 451 440 432 454 
209 452 451 454 433 
210 321 457 455 456 
211 457 294 458 455 
212 455 458 238 441 
213 456 455 441 323 
214 323 461 459 460 
215 461 441 462 459 
216 459 462 439 463 
217 460 459 463 440 
218 238 465 464 442 
219 465 295 466 464 
220 464 466 436 467 
221 442 464 467 434 
222 441 469 468 462 
223 469 238 470 468 
224 468 470 442 471 
225 462 468 471 439 
226 295 479 478 466 
227 479 160 480 478 
228 478 480 437 481 
229 240 438 482 483 
230 482 484 430 485 
231 483 482 485 428 
232 436 481 486 487 
233 481 437 488 486 
234 486 488 109 489 
235 487 486 489 438 
236 466 492 490 491 
237 492 478 493 490 
238 490 493 481 494 
239 491 490 494 436 
240 498 499 472 500 
241 484 498 500 430 
242 475 503 501 502 
243 503 476 504 501 
244 501 504 162 505 
245 502 501 505 477 
246 509 510 473 511 
247 499 509 511 472 
248 476 513 512 504 
249 513 495 514 512 
250 512 514 497 515 
251 162 515 516 517 
252 515 497 518 516 
253 516 518 509 519 
254 517 516 519 499 
255 504 522 520 521 
256 522 512 523 520 
257 520 523 515 524 
258 521 520 524 162 
259 526 181 527 525 
260 525 527 506 528 
261 510 525 528 473 
262 497 530 529 518 
263 530 59 531 529 
264 529 531 510 532 
265 518 529 532 509 
266 365 179 534 533 
267 533 534 181 526 
268 59 536 535 531 
269 536 526 537 535 
270 535 537 525 538 
271 531 535 538 510 
272 181 549 548 527 
273 548 550 507 551 
274 527 548 551 506 
275 179 408 552 534 
276 408 180 553 552 
277 552 553 139 549 
278 534 552 549 181 
279 139 555 554 550 
280 555 405 556 554 
281 554 556 545 557 
282 550 554 557 507 
283 549 560 558 559 
284 560 139 561 558 
285 558 561 550 562 
286 559 558 562 548 
287 405 568 567 556 
288 568 91 569 567 
289 567 569 546 570 
290 556 567 570 545 
291 91 575 574 569 
292 575 564 576 574 
293 574 576 563 577 
294 19 38 578 579 
295 38 21 580 578 
296 578 580 9 581 
297 579 578 581 22 
298 35 54 582 583 
299 54 37 584 582 
300 582 584 21 585 
301 583 582 585 38 
302 51 78 586 587 
303 78 53 588 586 
304 586 588 37 589 
305 587 586 589 54 
306 75 135 590 591 
307 135 77 592 590 
308 590 592 53 593 
309 591 590 593 78 
310 133 544 594 595 
311 544 134 596 594 
312 594 596 77 597 
313 595 594 597 135 
314 598 600 544 601 
315 599 598 601 133 
316 546 577 602 603 
317 577 563 604 602 
318 602 604 566 605 
319 603 602 605 177 
320 569 608 606 607 
321 608 574 609 606 
322 606 609 577 610 
323 607 606 610 546 
324 564 620 619 576 
325 620 377 621 619 
326 619 621 565 622 
327 576 619 622 563 
328 373 661 659 660 
329 661 640 662 659 
330 659 662 639 663 
331 660 659 663 613 
332 284 335 688 689 
333 335 106 322 688 
334 688 322 239 449 
335 689 688 449 318 
336 322 692 690 691 
337 692 321 456 690 
338 690 456 323 453 
339 691 690 453 239 
340 103 178 693 694 
341 178 133 595 693 
342 693 595 135 695 
343 694 693 695 75 
344 696 698 178 699 
345 697 696 699 103 
346 473 528 700 701 
347 528 506 702 700 
348 700 702 508 703 
349 76 104 704 705 
350 104 75 591 704 
351 704 591 78 706 
352 705 704 706 51 
353 101 158 707 708 
354 158 103 694 707 
355 707 694 75 709 
356 708 707 709 104 
357 710 697 103 712 
358 711 710 712 158 
359 472 511 713 714 
360 511 473 701 713 
361 713 701 157 715 
362 714 713 715 474 
363 157 703 716 717 
364 703 508 718 716 
365 716 718 696 719 
366 717 716 719 697 
367 701 722 720 721 
368 722 700 723 720 
369 720 723 703 724 
370 721 720 724 157 
371 725 599 133 726 
372 698 725 726 178 
373 508 728 727 718 
374 728 176 729 727 
375 727 729 698 730 
376 718 727 730 696 
377 732 547 733 731 
378 731 733 725 734 
379 729 731 734 698 
380 507 557 735 736 
381 557 545 737 735 
382 735 737 547 732 
383 736 735 732 176 
384 176 740 738 739 
385 740 732 741 738 
386 738 741 731 742 
387 739 738 742 729 
388 547 744 743 733 
389 744 177 745 743 
390 743 745 599 746 
391 733 743 746 725 
392 177 605 747 745 
393 605 566 748 747 
394 747 748 598 749 
395 745 747 749 599 
396 750 751 134 752 
397 600 750 752 544 
398 566 754 753 748 
399 754 542 755 753 
400 753 755 600 756 
401 748 753 756 598 
402 21 46 757 580 
403 46 28 758 757 
404 757 758 30 759 
405 580 757 759 9 
406 37 74 760 584 
407 74 44 761 760 
408 760 761 46 762 
409 584 760 762 21 
410 53 132 763 588 
411 132 72 764 763 
412 763 764 74 765 
413 588 763 765 37 
414 77 541 766 592 
415 541 130 767 766 
416 766 767 132 768 
417 592 766 768 53 
418 539 642 769 770 
419 642 540 771 769 
420 769 771 130 772 
421 770 769 772 541 
422 613 663 773 774 
423 663 639 775 773 
424 773 775 642 776 
425 774 773 776 539 
426 130 638 777 767 
427 638 131 778 777 
428 777 778 72 779 
429 767 777 779 132 
430 540 667 780 771 
431 667 635 781 780 
432 780 781 638 782 
433 771 780 782 130 
434 641 675 783 784 
435 675 664 785 783 
436 783 785 667 786 
437 784 783 786 540 
438 671 789 787 788 
439 789 674 790 787 
440 787 790 664 791 
441 788 787 791 675 
442 664 687 792 785 
443 687 666 793 792 
444 792 793 635 794 
445 785 792 794 667 
446 795 797 687 798 
447 790 795 798 664 
448 665 811 809 810 
449 811 685 812 809 
450 674 815 813 814 
451 813 816 795 817 
452 814 813 817 790 
453 673 823 821 822 
454 823 665 810 821 
455 821 810 674 789 
456 822 821 789 671 
457 810 826 824 825 
458 826 809 827 824 
459 824 827 796 815 
460 825 824 815 674 
461 684 833 832 797 
462 833 686 834 832 
463 832 834 666 835 
464 797 832 835 687 
465 796 837 836 816 
466 837 684 838 836 
467 836 838 797 839 
468 816 836 839 795 
469 815 842 840 841 
470 842 796 843 840 
471 840 843 816 844 
472 841 840 844 813 
473 453 847 845 846 
474 847 323 460 845 
475 845 460 440 848 
476 846 845 848 451 
477 89 859 858 150 
478 859 58 860 858 
479 380 870 868 869 
480 870 861 871 868 
481 868 871 572 865 
482 865 883 881 882 
483 883 572 884 881 
484 881 884 866 885 
485 882 881 885 864 
486 863 895 893 894 
487 895 886 896 893 
488 893 896 875 890 
489 894 893 890 374 
490 374 899 897 898 
491 899 890 900 897 
492 897 900 889 901 
493 898 897 901 879 
494 923 965 963 964 
495 965 942 966 963 
496 963 966 940 967 
497 964 963 967 941 
498 942 973 972 966 
499 973 908 974 972 
500 972 974 943 975 
501 966 972 975 940 
502 977 956 978 976 
503 969 989 987 988 
504 989 937 990 987 
505 988 987 991 968 
506 956 996 995 978 
507 996 958 997 995 
508 995 997 18 984 
509 984 1004 1002 1003 
510 1004 18 1005 1002 
511 958 1008 1007 997 
512 1008 992 1009 1007 
513 1007 1009 980 999 
514 997 1007 999 18 
515 18 1011 1010 1005 
516 1011 999 1012 1010 
517 992 1040 1039 1009 
518 1040 994 1041 1039 
519 1039 1041 933 1027 
520 1009 1039 1027 980 
521 980 1044 1042 1043 
522 1044 1027 1045 1042 
523 1043 1042 1046 1000 
524 994 1052 1051 1041 
525 1052 1036 1053 1051 
526 1051 1053 1023 1048 
527 1041 1051 1048 933 
528 933 1056 1054 1055 
529 1056 1048 1057 1054 
530 1054 1057 1047 1058 
531 1055 1054 1058 1028 
532 28 626 1074 758 
533 626 29 1075 1074 
534 1074 1075 3 1076 
535 758 1074 1076 30 
536 45 905 1077 1078 
537 905 623 1079 1077 
538 1077 1079 626 1080 
539 1078 1077 1080 28 
540 629 935 1081 1082 
541 935 902 1083 1081 
542 1081 1083 905 1084 
543 1082 1081 1084 45 
544 932 1025 1085 1086 
545 1025 934 1087 1085 
546 1085 1087 902 1088 
547 1086 1085 1088 935 
548 1022 1066 1089 1090 
549 1066 1024 1091 1089 
550 1089 1091 934 1092 
551 1090 1089 1092 1025 
552 1093 1096 1024 1097 
553 1094 1093 1097 1066 
554 902 1021 1110 1083 
555 1021 904 1111 1110 
556 1110 1111 623 1112 
557 1083 1110 1112 905 
558 934 1062 1113 1087 
559 1062 1018 1114 1113 
560 1113 1114 1021 1115 
561 1087 1113 1115 902 
562 1116 1117 1062 1118 
563 1091 1116 1118 934 
564 1070 1121 1119 1120 
565 1121 1072 1122 1119 
566 1119 1122 1059 1123 
567 1120 1119 1123 1073 
568 1134 1135 1018 1136 
569 1117 1134 1136 1062 
570 1106 1139 1137 1138 
571 1139 1108 1140 1137 
572 1018 1105 1150 1114 
573 1105 1020 1151 1150 
574 1150 1151 904 1152 
575 1114 1150 1152 1021 
576 1153 1154 1105 1155 
577 1135 1153 1155 1018 
578 1130 1158 1156 1157 
579 1158 1132 1159 1156 
580 1161 1162 1020 1163 
581 1154 1161 1163 1105 
582 1132 1165 1164 1159 
583 1165 1146 1166 1164 
584 1164 1166 1149 1167 
585 623 1017 1168 1079 
586 1017 625 1169 1168 
587 1168 1169 29 1170 
588 1079 1168 1170 626 
589 904 1101 1171 1111 
590 1101 1014 1172 1171 
591 1171 1172 1017 1173 
592 1111 1171 1173 623 
593 1020 1145 1174 1151 
594 1145 1098 1175 1174 
595 1174 1175 1101 1176 
596 1151 1174 1176 904 
597 1177 1179 1145 1180 
598 1162 1177 1180 1020 
599 1187 1190 1177 1191 
600 1188 1187 1191 1162 
601 1200 1202 1098 1203 
602 1179 1200 1203 1145 
603 1098 1199 1204 1175 
604 1199 1100 1205 1204 
605 1204 1205 1014 1206 
606 1175 1204 1206 1101 
607 1207 1209 1199 1210 
608 1202 1207 1210 1098 
609 1014 1195 1218 1172 
610 1195 1016 1219 1218 
611 1218 1219 625 1220 
612 1172 1218 1220 1017 
613 1100 1217 1221 1205 
614 1217 1192 1222 1221 
615 1221 1222 1195 1223 
616 1205 1221 1223 1014 
617 1224 1227 1217 1228 
618 1225 1224 1228 1100 
619 1233 1235 1192 1236 
620 1227 1233 1236 1217 
621 1192 1232 1237 1222 
622 1232 1194 1238 1237 
623 1237 1238 1016 1239 
624 1222 1237 1239 1195 
625 1240 1242 1232 1243 
626 1235 1240 1243 1192 
627 1244 1246 1194 1247 
628 1242 1244 1247 1232 
629 129 1249 1248 171 
630 1249 148 1250 1248 
631 1248 1250 137 152 
632 171 1248 152 82 
633 82 1252 1251 175 
634 1252 152 1253 1251 
635 1251 1253 151 183 
636 175 1251 183 143 
637 143 1255 1254 189 
638 1255 183 1256 1254 
639 166 1258 1257 424 
640 1258 367 1259 1257 
641 1257 1259 366 401 
642 424 1257 401 217 
643 367 1261 1260 1259 
644 1261 182 1262 1260 
645 1260 1262 368 396 
646 1259 1260 396 366 
647 1267 1268 406 1269 
648 410 1267 1269 364 
649 388 1272 1270 1271 
650 1272 1263 1273 1270 
651 1270 1273 1266 1274 
652 1271 1270 1274 154 
653 1276 384 1277 1275 
654 384 1282 1281 1277 
655 1282 849 1283 1281 
656 1281 1283 852 1284 
657 1277 1281 1284 136 
658 1290 376 1291 1289 
659 1289 1291 876 1292 
660 7 1294 1293 113 
661 1294 16 1295 1293 
662 1293 1295 15 32 
663 113 1293 32 13 
664 13 1297 1296 117 
665 1297 32 1298 1296 
666 1296 1298 31 48 
667 117 1296 48 26 
668 26 1300 1299 121 
669 1300 48 1301 1299 
670 1299 1301 47 85 
671 121 1299 85 42 
672 42 1303 1302 147 
673 1303 85 1304 1302 
674 1302 1304 84 371 
675 147 1302 371 58 
676 58 1306 1305 860 
677 1306 371 1307 1305 
678 376 1312 1311 1291 
679 1312 1286 1313 1311 
680 1311 1313 1285 1314 
681 1291 1311 1314 876 
682 1286 1320 1319 1313 
683 1320 872 1321 1319 
684 1319 1321 1287 1322 
685 1313 1319 1322 1285 
686 1324 370 1325 1323 
687 872 1327 1326 1321 
688 1327 1316 1328 1326 
689 1326 1328 1315 1329 
690 1321 1326 1329 1287 
691 371 1334 1333 1307 
692 1334 84 1335 1333 
693 370 1337 1336 1325 
694 1337 657 1338 1336 
695 1336 1338 655 1331 
696 656 1341 1339 1340 
697 1341 1331 1342 1339 
698 1339 1342 1330 1343 
699 1340 1339 1343 1317 
700 1331 1348 1347 1342 
701 1348 655 1349 1347 
702 1347 1349 1332 1350 
703 1342 1347 1350 1330 
704 657 1352 1351 1338 
705 1352 372 1353 1351 
706 1351 1353 658 1345 
707 1338 1351 1345 655 
708 1345 1356 1354 1355 
709 1356 658 1357 1354 
710 1354 1357 819 1358 
711 1355 1354 1358 1344 
712 85 1360 1359 1304 
713 1360 47 1361 1359 
714 1359 1361 86 653 
715 1304 1359 653 84 
716 84 1363 1362 1335 
717 1363 653 1364 1362 
718 1362 1364 652 669 
719 669 1367 1365 1366 
720 1367 652 1368 1365 
721 1365 1368 670 807 
722 1366 1365 807 668 
723 668 1371 1369 1370 
724 1371 807 1372 1369 
725 653 1378 1377 1364 
726 1378 86 1379 1377 
727 1377 1379 654 803 
728 1364 1377 803 652 
729 652 1381 1380 1368 
730 1381 803 1382 1380 
731 1380 1382 802 1375 
732 1368 1380 1375 670 
733 802 1388 1387 1376 
734 1388 804 1389 1387 
735 1387 1389 50 1390 
736 1376 1387 1390 681 
737 1375 1393 1391 1392 
738 1393 802 1394 1391 
739 1391 1394 1376 1395 
740 1392 1391 1395 1374 
741 804 1400 1399 1389 
742 1400 1383 1401 1399 
743 1399 1401 1386 1402 
744 1389 1399 1402 50 
745 48 1416 1415 1301 
746 1416 31 1417 1415 
747 1415 1417 49 650 
748 1301 1415 650 47 
749 47 1419 1418 1361 
750 1419 650 1420 1418 
751 1418 1420 649 800 
752 1361 1418 800 86 
753 86 1422 1421 1379 
754 1422 800 1423 1421 
755 1421 1423 799 1384 
756 1379 1421 1384 654 
757 1384 1426 1424 1425 
758 1426 799 1427 1424 
759 1424 1427 1385 1412 
760 1425 1424 1412 1383 
761 1431 1432 678 1433 
762 1412 1440 1438 1439 
763 1440 1385 1441 1438 
764 1438 1441 1413 1442 
765 1439 1438 1442 1411 
766 1451 1452 1428 1453 
767 1432 1451 1453 678 
768 1472 1473 1429 1474 
769 1452 1472 1474 1428 
770 1487 1488 1470 1489 
771 1473 1487 1489 1429 
772 1479 1501 1500 1492 
773 1501 1481 1502 1500 
774 1500 1502 1461 1503 
775 1492 1500 1503 1482 
776 1504 1505 946 1506 
777 1488 1504 1506 1470 
778 1481 1508 1507 1502 
779 1508 1496 1509 1507 
780 1507 1509 1499 1510 
781 1502 1507 1510 1461 
782 1496 1516 1515 1509 
783 1516 1498 1517 1515 
784 1515 1517 912 1518 
785 1509 1515 1518 1499 
786 1525 1528 1520 1529 
787 1526 1525 1529 1519 
788 1533 1535 1522 1536 
789 1528 1533 1536 1520 
790 1537 1539 950 1540 
791 1535 1537 1540 1522 
792 1545 923 964 1543 
793 1543 964 941 1546 
794 1544 1543 1546 949 
795 138 1549 1547 1548 
796 1549 865 882 1547 
797 1547 882 864 1550 
798 1548 1547 1550 856 
799 861 1552 1551 871 
800 1552 863 894 1551 
801 1551 894 374 878 
802 871 1551 878 572 
803 878 1555 1553 1554 
804 1555 374 898 1553 
805 1553 898 879 1556 
806 572 1558 1557 884 
807 1558 878 1554 1557 
808 1557 1554 877 1559 
809 884 1557 1559 866 
810 908 1561 1560 974 
811 1561 969 988 1560 
812 1560 988 968 1562 
813 974 1560 1562 943 
814 937 1564 1563 990 
815 1564 984 1003 1563 
816 44 630 1566 761 
817 630 45 1078 1566 
818 1566 1078 28 1567 
819 761 1566 1567 46 
820 627 910 1568 1569 
821 910 629 1082 1568 
822 1568 1082 45 1570 
823 1569 1568 1570 630 
824 906 939 1571 1572 
825 939 909 1573 1571 
826 1571 1573 629 1574 
827 1572 1571 1574 910 
828 924 971 1575 1576 
829 971 936 1577 1575 
830 1575 1577 939 1578 
831 1576 1575 1578 906 
832 968 991 1579 1580 
833 991 970 1581 1579 
834 1579 1581 936 1582 
835 1580 1579 1582 971 
836 987 1585 1583 1584 
837 1585 990 1586 1583 
838 1583 1586 970 1587 
839 1584 1583 1587 991 
840 936 986 1588 1577 
841 986 938 1589 1588 
842 1588 1589 909 1590 
843 1577 1588 1590 939 
844 970 1565 1591 1581 
845 1565 983 1592 1591 
846 1591 1592 986 1593 
847 1581 1591 1593 936 
848 990 1595 1594 1586 
849 1595 1563 1596 1594 
850 1594 1596 1565 1597 
851 1586 1594 1597 970 
852 983 1006 1598 1592 
853 1006 985 1599 1598 
854 1598 1599 938 1600 
855 1592 1598 1600 986 
856 1003 1603 1601 1602 
857 1603 1002 1604 1601 
858 1601 1604 1006 1605 
859 1602 1601 1605 983 
860 909 982 1606 1573 
861 982 932 1086 1606 
862 1606 1086 935 1607 
863 1573 1606 1607 629 
864 938 1001 1608 1589 
865 1001 979 1609 1608 
866 1608 1609 982 1610 
867 1589 1608 1610 909 
868 985 1013 1611 1599 
869 1013 998 1612 1611 
870 1611 1612 1001 1613 
871 1599 1611 1613 938 
872 1005 1616 1614 1615 
873 1616 1010 1617 1614 
874 1614 1617 1013 1618 
875 1615 1614 1618 985 
876 999 1620 1619 1012 
877 1620 980 1043 1619 
878 1619 1043 1000 1621 
879 1010 1623 1622 1617 
880 1623 1012 1624 1622 
881 1622 1624 998 1625 
882 1617 1622 1625 1013 
883 998 1621 1626 1612 
884 1621 1000 1627 1626 
885 1626 1627 979 1628 
886 1612 1626 1628 1001 
887 1012 1630 1629 1624 
888 1630 1619 1631 1629 
889 1629 1631 1621 1632 
890 1624 1629 1632 998 
891 1027 1634 1633 1045 
892 1634 933 1055 1633 
893 1633 1055 1028 1635 
894 1045 1633 1635 1026 
895 979 1029 1636 1609 
896 1029 981 1637 1636 
897 1636 1637 932 1638 
898 1609 1636 1638 982 
899 1000 1046 1639 1627 
900 1046 1026 1640 1639 
901 1639 1640 1029 1641 
902 1627 1639 1641 979 
903 1042 1644 1642 1643 
904 1644 1045 1645 1642 
905 1642 1645 1026 1646 
906 1643 1642 1646 1046 
907 1026 1635 1647 1640 
908 1635 1028 1648 1647 
909 1647 1648 981 1649 
910 1640 1647 1649 1029 
911 981 1050 1650 1637 
912 1050 1022 1090 1650 
913 1650 1090 1025 1651 
914 1637 1650 1651 932 
915 1047 1654 1652 1653 
916 1652 1655 1022 1656 
917 1653 1652 1656 1050 
918 1048 1658 1657 1057 
919 1658 1023 1659 1657 
920 1657 1659 1049 1654 
921 1057 1657 1654 1047 
922 1660 1094 1066 1662 
923 1655 1660 1662 1022 
924 1654 1665 1663 1664 
925 1665 1049 1666 1663 
926 1663 1666 1655 1667 
927 1664 1663 1667 1652 
928 1036 1669 1668 1053 
929 1669 1038 1670 1668 
930 1668 1670 903 1064 
931 1053 1668 1064 1023 
932 1023 1672 1671 1659 
933 1672 1064 1673 1671 
934 1671 1673 1063 1661 
935 1659 1671 1661 1049 
936 1661 1676 1674 1675 
937 1676 1063 1677 1674 
938 1674 1677 1094 1678 
939 1675 1674 1678 1660 
940 1064 1680 1679 1673 
941 1680 903 1681 1679 
942 1679 1681 1065 1095 
943 1673 1679 1095 1063 
944 1683 1070 1120 1682 
945 1682 1120 1073 1684 
946 1096 1682 1684 1024 
947 1095 1687 1685 1686 
948 1687 1065 1688 1685 
949 1685 1688 1096 1689 
950 1686 1685 1689 1093 
951 1038 1691 1690 1670 
952 1691 1067 1692 1690 
953 1690 1692 1060 1071 
954 1670 1690 1071 903 
955 903 1694 1693 1681 
956 1694 1071 1695 1693 
957 1693 1695 1070 1683 
958 1681 1693 1683 1065 
959 1065 1697 1696 1688 
960 1697 1683 1698 1696 
961 1696 1698 1682 1699 
962 1688 1696 1699 1096 
963 1072 1701 1700 1122 
964 1701 1106 1138 1700 
965 1700 1138 1109 1702 
966 1122 1700 1702 1059 
967 1109 1141 1703 1704 
968 1141 1061 1705 1703 
969 1703 1705 1135 1706 
970 1704 1703 1706 1134 
971 1138 1709 1707 1708 
972 1709 1137 1710 1707 
973 1707 1710 1141 1711 
974 1708 1707 1711 1109 
975 1108 1713 1712 1140 
976 1713 1130 1157 1712 
977 1061 1714 1715 1705 
978 1714 1133 1716 1715 
979 1715 1716 1153 1717 
980 1705 1715 1717 1135 
981 1140 1720 1718 1719 
982 1720 1712 1721 1718 
983 1718 1721 1714 1722 
984 1719 1718 1722 1061 
985 1133 1160 1723 1716 
986 1160 1102 1724 1723 
987 1723 1724 1154 1725 
988 1716 1723 1725 1153 
989 1157 1728 1726 1727 
990 1728 1156 1729 1726 
991 1726 1729 1160 1730 
992 1727 1726 1730 1133 
993 1102 1167 1731 1724 
994 1167 1149 1732 1731 
995 1731 1732 1161 1733 
996 1724 1731 1733 1154 
997 1159 1736 1734 1735 
998 1736 1164 1737 1734 
999 1734 1737 1167 1738 
1000 1735 1734 1738 1102 
1001 1149 1740 1739 1732 
1002 1740 1104 1188 1739 
1003 1739 1188 1162 1741 
1004 1732 1739 1741 1161 
1005 1148 1744 1742 1743 
1006 1744 1184 1745 1742 
1007 1742 1745 1178 1189 
1008 1743 1742 1189 1104 
1009 1104 1748 1746 1747 
1010 1748 1189 1749 1746 
1011 1746 1749 1187 1750 
1012 1747 1746 1750 1188 
1013 1752 1142 1753 1751 
1014 1751 1753 1179 1754 
1015 1190 1751 1754 1177 
1016 1189 1756 1755 1749 
1017 1756 1178 1757 1755 
1018 1755 1757 1190 1758 
1019 1749 1755 1758 1187 
1020 1184 1763 1762 1745 
1021 1763 1186 1764 1762 
1022 1762 1764 1142 1752 
1023 1745 1762 1752 1178 
1024 1178 1766 1765 1757 
1025 1766 1752 1767 1765 
1026 1765 1767 1751 1768 
1027 1757 1765 1768 1190 
1028 1142 1770 1769 1753 
1029 1769 1771 1200 1772 
1030 1753 1769 1772 1179 
1031 1186 1774 1773 1764 
1032 1774 1759 1775 1773 
1033 1773 1775 1201 1770 
1034 1764 1773 1770 1142 
1035 1201 1777 1776 1771 
1036 1777 1144 1778 1776 
1037 1776 1778 1202 1779 
1038 1771 1776 1779 1200 
1039 1770 1782 1780 1781 
1040 1782 1201 1783 1780 
1041 1780 1783 1771 1784 
1042 1781 1780 1784 1769 
1043 1786 1126 1787 1785 
1044 1144 1792 1791 1778 
1045 1792 1208 1793 1791 
1046 1791 1793 1207 1794 
1047 1778 1791 1794 1202 
1048 1795 1225 1100 1797 
1049 1209 1795 1797 1199 
1050 1208 1799 1798 1793 
1051 1799 1196 1800 1798 
1052 1798 1800 1209 1801 
1053 1793 1798 1801 1207 
1054 1807 1198 1808 1805 
1055 1805 1808 1225 1809 
1056 1806 1805 1809 1795 
1057 1196 1811 1810 1800 
1058 1811 1796 1806 1810 
1059 1810 1806 1795 1812 
1060 1800 1810 1812 1209 
1061 1126 1814 1813 1787 
1062 1814 1211 1815 1813 
1063 1802 1821 1819 1820 
1064 1821 1804 1822 1819 
1065 1819 1822 1198 1807 
1066 1820 1819 1807 1796 
1067 1796 1825 1823 1824 
1068 1825 1807 1826 1823 
1069 1823 1826 1805 1827 
1070 1824 1823 1827 1806 
1071 1198 1829 1828 1808 
1072 1829 1226 1830 1828 
1073 1828 1830 1224 1831 
1074 1808 1828 1831 1225 
1075 1226 1833 1832 1830 
1076 1833 1214 1834 1832 
1077 1832 1834 1227 1835 
1078 1830 1832 1835 1224 
1079 1214 1840 1839 1834 
1080 1840 1234 1841 1839 
1081 1839 1841 1233 1842 
1082 1834 1839 1842 1227 
1083 1234 1844 1843 1841 
1084 1843 1845 1235 1846 
1085 1841 1843 1846 1233 
1086 1211 1848 1847 1815 
1087 1848 1213 1849 1847 
1088 1836 1855 1853 1854 
1089 1855 1838 1856 1853 
1090 1853 1856 1216 1844 
1091 1854 1853 1844 1234 
1092 1216 1858 1857 1845 
1093 1858 1241 1859 1857 
1094 1857 1859 1240 1860 
1095 1845 1857 1860 1235 
1096 1844 1863 1861 1862 
1097 1863 1216 1864 1861 
1098 1861 1864 1845 1865 
1099 1862 1861 1865 1843 
1100 1241 1867 1866 1859 
1101 1867 1229 1868 1866 
1102 1866 1868 1242 1869 
1103 1859 1866 1869 1240 
1104 1871 8 1872 1870 
1105 1229 1874 1873 1868 
1106 1874 1245 1875 1873 
1107 1873 1875 1244 1876 
1108 1868 1873 1876 1242 
1109 1245 1878 1877 1875 
1110 1878 1231 1879 1877 
1111 1877 1879 1246 1880 
1112 1875 1877 1880 1244 
1113 389 1883 1881 1882 
1114 1883 154 1884 1881 
1115 1881 1884 410 1885 
1116 1882 1881 1885 409 
1117 1886 1887 407 1888 
1118 1268 1886 1888 406 
1119 1266 1891 1889 1890 
1120 1891 385 1892 1889 
1121 1889 1892 1268 1893 
1122 1890 1889 1893 1267 
1123 136 1284 1894 1887 
1124 1284 852 1895 1894 
1125 1894 1895 1279 1896 
1126 1887 1894 1896 407 
1127 1278 1899 1897 1898 
1128 1899 136 1900 1897 
1129 1897 1900 1887 1901 
1130 1898 1897 1901 1886 
1131 852 1903 1902 1895 
1132 1903 381 1904 1902 
1133 1902 1904 854 1905 
1134 1895 1902 1905 1279 
1135 381 1909 1908 1904 
1136 1909 855 1910 1908 
1137 1908 1910 853 1911 
1138 1904 1908 1911 854 
1139 855 1913 1912 1910 
1140 1913 138 1548 1912 
1141 1912 1548 856 1914 
1142 1910 1912 1914 853 
1143 571 880 1915 1916 
1144 880 573 1917 1915 
1145 1915 1917 377 620 
1146 1916 1915 620 564 
1147 877 1556 1918 1919 
1148 1556 879 1920 1918 
1149 1918 1920 573 1921 
1150 1919 1918 1921 880 
1151 1554 1924 1922 1923 
1152 1924 1553 1925 1922 
1153 1922 1925 1556 1926 
1154 1923 1922 1926 877 
1155 890 1928 1927 900 
1156 1928 875 1929 1927 
1157 1927 1929 891 1930 
1158 900 1927 1930 889 
1159 886 1932 1931 896 
1160 1932 888 1933 1931 
1161 1931 1933 376 1290 
1162 896 1931 1290 875 
1163 875 1935 1934 1929 
1164 1935 1290 1936 1934 
1165 1934 1936 1289 1937 
1166 1929 1934 1937 891 
1167 1316 1939 1938 1328 
1168 1939 656 1340 1938 
1169 1938 1340 1317 1940 
1170 1328 1938 1940 1315 
1171 655 1942 1941 1349 
1172 1942 1345 1355 1941 
1173 1941 1355 1344 1943 
1174 1349 1941 1943 1332 
1175 372 1945 1944 1353 
1176 1945 669 1366 1944 
1177 1944 1366 668 820 
1178 1353 1944 820 658 
1179 658 1947 1946 1357 
1180 1947 820 1948 1946 
1181 1946 1948 818 1949 
1182 1357 1946 1949 819 
1183 820 1951 1950 1948 
1184 1951 668 1370 1950 
1185 1950 1370 806 1952 
1186 1948 1950 1952 818 
1187 806 1373 1953 1954 
1188 1373 805 1955 1953 
1189 1953 1955 685 811 
1190 1954 1953 811 665 
1191 1370 1958 1956 1957 
1192 1958 1369 1959 1956 
1193 1956 1959 1373 1960 
1194 1957 1956 1960 806 
1195 807 1962 1961 1372 
1196 1962 670 1963 1961 
1197 1369 1966 1965 1959 
1198 1966 1372 1967 1965 
1199 1965 1967 805 1968 
1200 1959 1965 1968 1373 
1201 670 1970 1969 1963 
1202 1970 1375 1392 1969 
1203 1969 1392 1374 1971 
1204 805 1964 1972 1955 
1205 1964 808 1973 1972 
1206 1972 1973 636 1974 
1207 1955 1972 1974 685 
1208 1961 1977 1975 1976 
1209 1977 1963 1978 1975 
1210 1975 1978 808 1979 
1211 1976 1975 1979 1964 
1212 808 1971 1980 1973 
1213 1971 1374 1981 1980 
1214 1980 1981 829 1982 
1215 1973 1980 1982 636 
1216 1963 1984 1983 1978 
1217 1984 1969 1985 1983 
1218 1983 1985 1971 1986 
1219 1978 1983 1986 808 
1220 1374 1395 1987 1981 
1221 1395 1376 1988 1987 
1222 1987 1988 681 1989 
1223 1981 1987 1989 829 
1224 1386 1414 1990 1991 
1225 1414 677 1992 1990 
1226 1990 1992 1397 1993 
1227 1991 1990 1993 1396 
1228 1401 1996 1994 1995 
1229 1996 1411 1997 1994 
1230 1994 1997 1414 1998 
1231 1995 1994 1998 1386 
1232 677 1437 1999 1992 
1233 1437 1410 2000 1999 
1234 1999 2000 1431 2001 
1235 1992 1999 2001 1397 
1236 1434 2004 2002 2003 
1237 2002 2005 1410 2006 
1238 2003 2002 2006 1437 
1239 800 2008 2007 1423 
1240 2008 649 2009 2007 
1241 2007 2009 801 1408 
1242 1423 2007 1408 799 
1243 799 2011 2010 1427 
1244 2011 1408 2012 2010 
1245 2010 2012 1407 1435 
1246 1427 2010 1435 1385 
1247 1435 2015 2013 2014 
1248 2015 1407 2016 2013 
1249 2013 2016 1436 2004 
1250 2014 2013 2004 1434 
1251 1410 1450 2017 2000 
1252 1450 632 2018 2017 
1253 2017 2018 1432 2019 
1254 2000 2017 2019 1431 
1255 1436 2021 2020 2005 
1256 2021 1447 2022 2020 
1257 2020 2022 1450 2023 
1258 2005 2020 2023 1410 
1259 2004 2026 2024 2025 
1260 2026 1436 2027 2024 
1261 2024 2027 2005 2028 
1262 2025 2024 2028 2002 
1263 1447 2030 2029 2022 
1264 2030 1449 2031 2029 
1265 2029 2031 632 2032 
1266 2022 2029 2032 1450 
1267 632 1457 2033 2018 
1268 1457 1446 2034 2033 
1269 2033 2034 1451 2035 
1270 2018 2033 2035 1432 
1271 1449 2037 2036 2031 
1272 2037 1454 2038 2036 
1273 2036 2038 1457 2039 
1274 2031 2036 2039 632 
1275 1454 2041 2040 2038 
1276 2041 1456 2042 2040 
1277 2040 2042 1446 2043 
1278 2038 2040 2043 1457 
1279 1446 1469 2044 2034 
1280 1469 1406 2045 2044 
1281 2044 2045 1452 2046 
1282 2034 2044 2046 1451 
1283 1456 2048 2047 2042 
1284 2048 1466 2049 2047 
1285 2047 2049 1469 2050 
1286 2042 2047 2050 1446 
1287 1466 2052 2051 2049 
1288 2052 1468 2053 2051 
1289 2051 2053 1406 2054 
1290 2049 2051 2054 1469 
1291 1406 1478 2055 2045 
1292 2055 2056 1472 2057 
1293 2045 2055 2057 1452 
1294 1468 2059 2058 2053 
1295 2059 1475 2060 2058 
1296 2058 2060 1478 2061 
1297 2053 2058 2061 1406 
1298 1475 2063 2062 2060 
1299 2063 1477 2064 2062 
1300 2062 2064 1465 2065 
1301 2060 2062 2065 1478 
1302 2066 2067 1473 2068 
1303 2056 2066 2068 1472 
1304 1477 2070 2069 2064 
1305 2070 1483 2071 2069 
1306 2069 2071 1486 2072 
1307 2064 2069 2072 1465 
1308 1483 2074 2073 2071 
1309 2074 1485 2075 2073 
1310 2073 2075 34 2076 
1311 2071 2073 2076 1486 
1312 2077 2078 1487 2079 
1313 2067 2077 2079 1473 
1314 1485 2081 2080 2075 
1315 2081 1490 2082 2080 
1316 34 2083 2084 2085 
1317 2083 1493 2086 2084 
1318 2084 2086 2077 2087 
1319 2085 2084 2087 2067 
1320 2075 2090 2088 2089 
1321 2090 2080 2091 2088 
1322 2088 2091 2083 2092 
1323 2089 2088 2092 34 
1324 1490 2094 2093 2082 
1325 2094 1492 2095 2093 
1326 2093 2095 1482 2096 
1327 1482 1503 2097 2078 
1328 1503 1461 2098 2097 
1329 2097 2098 1488 2099 
1330 2078 2097 2099 1487 
1331 1493 2096 2100 2086 
1332 2096 1482 2101 2100 
1333 2100 2101 2078 2102 
1334 2086 2100 2102 2077 
1335 2082 2105 2103 2104 
1336 2105 2093 2106 2103 
1337 2103 2106 2096 2107 
1338 2104 2103 2107 1493 
1339 1461 1510 2108 2098 
1340 1510 1499 2109 2108 
1341 2108 2109 1504 2110 
1342 2098 2108 2110 1488 
1343 1499 1518 2111 2109 
1344 1518 912 2112 2111 
1345 2111 2112 1505 2113 
1346 2109 2111 2113 1504 
1347 2114 1526 1519 2116 
1348 2112 2114 2116 1505 
1349 1498 2118 2117 1517 
1350 2118 1511 2119 2117 
1351 912 2122 2120 2121 
1352 2120 2123 2114 2124 
1353 2121 2120 2124 2112 
1354 1517 2127 2125 2126 
1355 2127 2117 2128 2125 
1356 2125 2128 2115 2122 
1357 2126 2125 2122 912 
1358 2115 2130 2129 2123 
1359 2130 1514 2131 2129 
1360 2129 2131 1526 2132 
1361 2123 2129 2132 2114 
1362 2122 2135 2133 2134 
1363 2135 2115 2136 2133 
1364 2133 2136 2123 2137 
1365 2134 2133 2137 2120 
1366 1511 2139 2138 2119 
1367 2139 1513 2140 2138 
1368 1514 2142 2141 2131 
1369 2142 1527 2143 2141 
1370 2141 2143 1525 2144 
1371 2131 2141 2144 1526 
1372 1527 2146 2145 2143 
1373 2146 947 2147 2145 
1374 2145 2147 1528 2148 
1375 2143 2145 2148 1525 
1376 1513 2150 2149 2140 
1377 2150 1530 2151 2149 
1378 1534 2154 2152 2153 
1379 2154 1523 2155 2152 
1380 2152 2155 1535 2156 
1381 2153 2152 2156 1533 
1382 1530 2158 2157 2151 
1383 2158 1532 2159 2157 
1384 2157 2159 628 1538 
1385 1523 2161 2160 2155 
1386 2161 1538 2162 2160 
1387 2160 2162 1537 2163 
1388 2155 2160 2163 1535 
1389 2164 1544 949 2166 
1390 1539 2164 2166 950 
1391 1538 2168 2167 2162 
1392 2168 628 2169 2167 
1393 2167 2169 1539 2170 
1394 2162 2167 2170 1537 
1395 1532 2172 2171 2159 
1396 2172 1541 2173 2171 
1397 2171 2173 951 2165 
1398 2159 2171 2165 628 
1399 628 2175 2174 2169 
1400 2175 2165 2176 2174 
1401 2174 2176 2164 2177 
1402 2169 2174 2177 1539 
1403 1541 2179 2178 2173 
1404 2179 960 2180 2178 
1405 2178 2180 923 1545 
1406 2173 2178 1545 951 
1407 951 2183 2181 2182 
1408 2183 1545 2184 2181 
1409 2181 2184 1543 2185 
1410 2182 2181 2185 1544 
1411 1 2188 2186 2187 
1412 2188 12 111 2186 
1413 2186 111 10 62 
1414 2187 2186 62 11 
1415 16 2190 2189 1295 
1416 2190 2 2191 2189 
1417 2189 2191 17 644 
1418 1295 2189 644 15 
1419 20 94 2192 2193 
1420 94 19 579 2192 
1421 2192 579 22 2194 
1422 2193 2192 2194 4 
1423 10 2197 2195 2196 
1424 2197 25 115 2195 
1425 2195 115 23 66 
1426 2196 2195 66 24 
1427 32 2199 2198 1298 
1428 2199 15 2200 2198 
1429 2198 2200 33 647 
1430 1298 2198 647 31 
1431 36 97 2201 2202 
1432 97 35 583 2201 
1433 2201 583 38 2203 
1434 2202 2201 2203 19 
1435 23 2206 2204 2205 
1436 2206 41 119 2204 
1437 2204 119 39 70 
1438 2205 2204 70 40 
1439 52 100 2207 2208 
1440 100 51 587 2207 
1441 2207 587 54 2209 
1442 2208 2207 2209 35 
1443 70 2212 2210 2211 
1444 2212 39 123 2210 
1445 2210 123 56 193 
1446 2211 2210 193 68 
1447 72 634 2213 764 
1448 634 73 2214 2213 
1449 2213 2214 44 2215 
1450 764 2213 2215 74 
1451 98 314 2216 2217 
1452 314 76 705 2216 
1453 2216 705 51 2218 
1454 2217 2216 2218 100 
1455 102 317 2219 2220 
1456 317 101 708 2219 
1457 2219 708 104 2221 
1458 2220 2219 2221 76 
1459 148 2223 2222 1250 
1460 2223 150 2224 2222 
1461 2222 2224 88 379 
1462 1250 2222 379 137 
1463 152 2226 2225 1253 
1464 2226 137 2227 2225 
1465 2225 2227 153 383 
1466 1253 2225 383 151 
1467 2228 711 158 2230 
1468 2229 2228 2230 101 
1469 183 2232 2231 1256 
1470 2232 151 2233 2231 
1471 186 2235 2234 222 
1472 2235 189 2236 2234 
1473 2234 2236 166 423 
1474 222 2234 423 190 
1475 2237 391 213 2239 
1476 2238 2237 2239 211 
1477 215 425 2240 2241 
1478 425 217 400 2240 
1479 2240 400 108 2242 
1480 2241 2240 2242 218 
1481 216 427 2243 2244 
1482 427 215 2241 2243 
1483 2243 2241 218 2245 
1484 2244 2243 2245 167 
1485 164 353 2246 2247 
1486 353 210 355 2246 
1487 2246 355 224 2248 
1488 2247 2246 2248 225 
1489 144 226 2249 2250 
1490 2249 2238 211 2251 
1491 2250 2249 2251 212 
1492 224 357 2252 2253 
1493 357 216 2244 2252 
1494 2252 2244 167 2254 
1495 2253 2252 2254 226 
1496 225 2248 2255 2256 
1497 2248 224 2253 2255 
1498 2255 2253 226 2257 
1499 2256 2255 2257 144 
1500 235 2259 2258 266 
1501 2259 234 248 2258 
1502 2258 248 237 2260 
1503 266 2258 2260 203 
1504 206 246 2261 2262 
1505 246 144 2250 2261 
1506 2261 2250 212 2263 
1507 2262 2261 2263 241 
1508 237 251 2264 2265 
1509 251 164 2247 2264 
1510 2264 2247 225 2266 
1511 2265 2264 2266 244 
1512 244 2266 2267 2268 
1513 2266 225 2256 2267 
1514 2267 2256 144 2269 
1515 2268 2267 2269 246 
1516 252 280 2270 298 
1517 280 204 261 2270 
1518 2270 261 105 2271 
1519 298 2270 2271 255 
1520 268 2274 2272 2273 
1521 2274 127 272 2272 
1522 2272 272 79 283 
1523 2273 2272 283 197 
1524 283 2277 2275 2276 
1525 2277 79 306 2275 
1526 2275 306 200 334 
1527 2276 2275 334 281 
1528 290 2279 2278 330 
1529 2279 289 301 2278 
1530 2278 301 292 2280 
1531 330 2278 2280 253 
1532 294 2282 2281 458 
1533 2282 293 2283 2281 
1534 2281 2283 295 465 
1535 458 2281 465 238 
1536 315 446 2284 2285 
1537 2284 2229 101 2286 
1538 2285 2284 2286 317 
1539 106 346 2287 2288 
1540 346 288 2289 2287 
1541 2287 2289 321 692 
1542 2288 2287 692 322 
1543 288 326 2290 2289 
1544 326 202 2291 2290 
1545 2290 2291 294 457 
1546 2289 2290 457 321 
1547 137 2293 2292 2227 
1548 2293 379 2294 2292 
1549 2292 2294 378 850 
1550 2227 2292 850 153 
1551 379 2296 2295 2294 
1552 2296 88 2297 2295 
1553 2295 2297 380 1907 
1554 2294 2295 1907 378 
1555 151 2299 2298 2233 
1556 2299 383 2300 2298 
1557 2298 2300 382 1264 
1558 383 2302 2301 2300 
1559 2302 153 2303 2301 
1560 2301 2303 384 1276 
1561 2300 2301 1276 382 
1562 386 2306 2304 2305 
1563 2306 388 1271 2304 
1564 2304 1271 154 1883 
1565 2305 2304 1883 389 
1566 368 2308 2307 397 
1567 2308 386 2305 2307 
1568 2307 2305 389 2309 
1569 397 2307 2309 185 
1570 108 402 2310 2311 
1571 402 369 413 2310 
1572 2310 413 390 2312 
1573 2311 2310 2312 391 
1574 403 857 2313 2314 
1575 857 404 2315 2313 
1576 2313 2315 91 568 
1577 2314 2313 568 405 
1578 180 1280 2316 553 
1579 1280 403 2314 2316 
1580 2316 2314 405 555 
1581 553 2316 555 139 
1582 185 2309 2317 414 
1583 2309 389 1882 2317 
1584 2317 1882 409 2318 
1585 414 2317 2318 392 
1586 83 435 2319 2320 
1587 435 240 483 2319 
1588 2319 483 428 2321 
1589 2320 2319 2321 429 
1590 434 467 2322 2323 
1591 467 436 487 2322 
1592 2322 487 438 2324 
1593 2323 2322 2324 240 
1594 320 450 2325 2326 
1595 450 83 2320 2325 
1596 2325 2320 429 2327 
1597 2326 2325 2327 444 
1598 430 500 2328 2329 
1599 500 472 714 2328 
1600 2328 714 474 2330 
1601 2329 2328 2330 155 
1602 437 2332 2331 488 
1603 2332 475 502 2331 
1604 2331 502 477 2333 
1605 488 2331 2333 109 
1606 495 2335 2334 514 
1607 2335 496 2336 2334 
1608 2334 2336 59 530 
1609 514 2334 530 497 
1610 477 505 2337 2338 
1611 505 162 517 2337 
1612 2337 517 499 2339 
1613 2338 2337 2339 498 
1614 506 551 2340 702 
1615 551 507 736 2340 
1616 2340 736 176 728 
1617 702 2340 728 508 
1618 496 2342 2341 2336 
1619 2342 533 2343 2341 
1620 2341 2343 526 536 
1621 2336 2341 536 59 
1622 134 614 2344 596 
1623 614 539 770 2344 
1624 2344 770 541 2345 
1625 596 2344 2345 77 
1626 545 570 2346 737 
1627 570 546 603 2346 
1628 2346 603 177 744 
1629 737 2346 744 547 
1630 563 622 2347 604 
1631 622 565 2348 2347 
1632 2347 2348 542 754 
1633 604 2347 754 566 
1634 404 867 2349 2315 
1635 867 571 1916 2349 
1636 2349 1916 564 575 
1637 2315 2349 575 91 
1638 2350 2351 611 2352 
1639 2353 660 613 2354 
1640 2351 2353 2354 611 
1641 611 2354 2355 2356 
1642 2354 613 774 2355 
1643 2355 774 539 2357 
1644 2356 2355 2357 614 
1645 2352 611 2356 2358 
1646 2358 2356 614 2359 
1647 751 2358 2359 134 
1648 73 913 2360 2214 
1649 913 627 1569 2360 
1650 2360 1569 630 2361 
1651 2214 2360 2361 44 
1652 131 679 2362 778 
1653 679 631 2363 2362 
1654 2362 2363 634 2364 
1655 778 2362 2364 72 
1656 635 683 2365 781 
1657 683 637 2366 2365 
1658 2365 2366 131 2367 
1659 781 2365 2367 638 
1660 639 2369 2370 775 
1661 2369 641 784 2370 
1662 2370 784 540 2371 
1663 775 2370 2371 642 
1664 15 2373 2372 2200 
1665 2373 644 2374 2372 
1666 2372 2374 643 915 
1667 2200 2372 915 33 
1668 644 2376 2375 2374 
1669 2376 17 2377 2375 
1670 2375 2377 645 1031 
1671 2374 2375 1031 643 
1672 31 2379 2378 1417 
1673 2379 647 2380 2378 
1674 2378 2380 646 927 
1675 1417 2378 927 49 
1676 647 2382 2381 2380 
1677 2382 33 2383 2381 
1678 2381 2383 648 919 
1679 2380 2381 919 646 
1680 650 2385 2384 1420 
1681 2385 49 2386 2384 
1682 2384 2386 651 1404 
1683 1420 2384 1404 649 
1684 637 1398 2387 2366 
1685 1398 676 2388 2387 
1686 2387 2388 679 2389 
1687 2366 2387 2389 131 
1688 681 1390 2390 830 
1689 1390 50 2391 2390 
1690 2390 2391 682 2392 
1691 830 2390 2392 680 
1692 666 831 2393 793 
1693 831 680 2394 2393 
1694 2393 2394 683 2395 
1695 793 2393 2395 635 
1696 685 1974 2396 812 
1697 1974 636 2397 2396 
1698 2396 2397 686 833 
1699 812 2396 833 684 
1700 474 715 2398 2399 
1701 715 157 717 2398 
1702 2398 717 697 2400 
1703 2399 2398 2400 710 
1704 803 2402 2401 1382 
1705 2402 654 2403 2401 
1706 2401 2403 804 1388 
1707 1382 2401 1388 802 
1708 809 2405 2404 827 
1709 2405 812 2406 2404 
1710 2404 2406 684 837 
1711 827 2404 837 796 
1712 818 1952 2407 2408 
1713 1952 806 1954 2407 
1714 2407 1954 665 823 
1715 2408 2407 823 673 
1716 819 1949 2409 2410 
1717 1949 818 2408 2409 
1718 2409 2408 673 2411 
1719 2410 2409 2411 87 
1720 636 1982 2412 2397 
1721 1982 829 2413 2412 
1722 2412 2413 828 2414 
1723 2397 2412 2414 686 
1724 829 1989 2415 2413 
1725 1989 681 2416 2415 
1726 2415 2416 830 2417 
1727 2413 2415 2417 828 
1728 686 2414 2418 834 
1729 2414 828 2419 2418 
1730 2418 2419 831 2420 
1731 834 2418 2420 666 
1732 153 2422 2421 2303 
1733 2422 850 2423 2421 
1734 2421 2423 849 1282 
1735 2303 2421 1282 384 
1736 849 2425 2424 1283 
1737 2425 851 2426 2424 
1738 2424 2426 381 1903 
1739 1283 2424 1903 852 
1740 150 2428 2427 2224 
1741 2428 858 2429 2427 
1742 2427 2429 375 862 
1743 2224 2427 862 88 
1744 88 2431 2430 2297 
1745 2431 862 2432 2430 
1746 2430 2432 861 870 
1747 2297 2430 870 380 
1748 862 2434 2433 2432 
1749 2434 375 2435 2433 
1750 2433 2435 863 1552 
1751 2432 2433 1552 861 
1752 573 892 2436 1917 
1753 892 874 2437 2436 
1754 2436 2437 616 2438 
1755 1917 2436 2438 377 
1756 866 1559 2439 2440 
1757 1559 877 1919 2439 
1758 2439 1919 880 2441 
1759 2440 2439 2441 571 
1760 858 2443 2442 2429 
1761 2443 860 2444 2442 
1762 2442 2444 90 887 
1763 2429 2442 887 375 
1764 375 2446 2445 2435 
1765 2446 887 2447 2445 
1766 2445 2447 886 895 
1767 2435 2445 895 863 
1768 887 2449 2448 2447 
1769 2449 90 2450 2448 
1770 2448 2450 888 1932 
1771 2447 2448 1932 886 
1772 879 901 2451 1920 
1773 901 889 2452 2451 
1774 2451 2452 892 2453 
1775 1920 2451 2453 573 
1776 907 925 2454 2455 
1777 925 906 1572 2454 
1778 2454 1572 910 2456 
1779 2455 2454 2456 627 
1780 911 948 2457 2458 
1781 948 907 2455 2457 
1782 2457 2455 627 2459 
1783 2458 2457 2459 913 
1784 633 1471 2460 2461 
1785 1471 911 2458 2460 
1786 2460 2458 913 2462 
1787 2461 2460 2462 73 
1788 33 2464 2463 2383 
1789 2464 915 2465 2463 
1790 2463 2465 914 954 
1791 2383 2463 954 648 
1792 915 2467 2466 2465 
1793 2467 643 2468 2466 
1794 2466 2468 916 1034 
1795 2465 2466 1034 914 
1796 921 944 2469 2470 
1797 944 924 1576 2469 
1798 2469 1576 906 2471 
1799 2470 2469 2471 925 
1800 922 952 2472 2473 
1801 952 921 2470 2472 
1802 2472 2470 925 2474 
1803 2473 2472 2474 907 
1804 49 2476 2475 2386 
1805 2476 927 2477 2475 
1806 2475 2477 926 1459 
1807 2386 2475 1459 651 
1808 927 2479 2478 2477 
1809 2479 646 2480 2478 
1810 2478 2480 918 1495 
1811 2477 2478 1495 926 
1812 945 1524 2481 2482 
1813 1524 922 2473 2481 
1814 2481 2473 907 2483 
1815 2482 2481 2483 948 
1816 946 1521 2484 2485 
1817 1521 945 2482 2484 
1818 2484 2482 948 2486 
1819 2485 2484 2486 911 
1820 960 2488 2487 2180 
1821 2488 959 2489 2487 
1822 2487 2489 942 965 
1823 2180 2487 965 923 
1824 943 1562 2490 2491 
1825 1562 968 1580 2490 
1826 2490 1580 971 2492 
1827 2491 2490 2492 924 
1828 1002 2494 2493 1604 
1829 2494 1005 1615 2493 
1830 2493 1615 985 2495 
1831 1604 2493 2495 1006 
1832 643 2497 2496 2468 
1833 2497 1031 2498 2496 
1834 2496 2498 1030 1125 
1835 2468 2496 1125 916 
1836 1031 2500 2499 2498 
1837 2500 645 2501 2499 
1838 2499 2501 1032 1212 
1839 2498 2499 1212 1030 
1840 1028 1058 2502 1648 
1841 1058 1047 1653 2502 
1842 2502 1653 1050 2503 
1843 1648 2502 2503 981 
1844 1067 2505 2504 1692 
1845 2505 1069 2506 2504 
1846 2504 2506 1019 1107 
1847 1692 2504 1107 1060 
1848 1071 2508 2507 1695 
1849 2508 1060 2509 2507 
1850 2507 2509 1072 1121 
1851 1695 2507 1121 1070 
1852 1063 2511 2510 1677 
1853 2511 1095 1686 2510 
1854 2510 1686 1093 2512 
1855 1677 2510 2512 1094 
1856 1060 2514 2513 2509 
1857 2514 1107 2515 2513 
1858 2513 2515 1106 1701 
1859 2509 2513 1701 1072 
1860 1107 2517 2516 2515 
1861 2517 1019 2518 2516 
1862 2516 2518 1108 1139 
1863 2515 2516 1139 1106 
1864 1069 2520 2519 2506 
1865 2520 1127 2521 2519 
1866 2519 2521 1103 1131 
1867 2506 2519 1131 1019 
1868 1019 2523 2522 2518 
1869 2523 1131 2524 2522 
1870 2522 2524 1130 1713 
1871 2518 2522 1713 1108 
1872 1131 2526 2525 2524 
1873 2526 1103 2527 2525 
1874 2525 2527 1132 1158 
1875 2524 2525 1158 1130 
1876 1059 1702 2528 2529 
1877 1702 1109 1704 2528 
1878 2528 1704 1134 2530 
1879 2529 2528 2530 1117 
1880 1137 2532 2531 1710 
1881 2532 1140 1719 2531 
1882 2531 1719 1061 2533 
1883 1710 2531 2533 1141 
1884 1127 2535 2534 2521 
1885 2535 1129 2536 2534 
1886 2534 2536 624 1147 
1887 2521 2534 1147 1103 
1888 1103 2538 2537 2527 
1889 2538 1147 2539 2537 
1890 2537 2539 1146 1165 
1891 2527 2537 1165 1132 
1892 1146 2541 2540 1166 
1893 2541 1148 1743 2540 
1894 2540 1743 1104 1740 
1895 1166 2540 1740 1149 
1896 1156 2543 2542 1729 
1897 2543 1159 1735 2542 
1898 2542 1735 1102 2544 
1899 1729 2542 2544 1160 
1900 1129 2546 2545 2536 
1901 2546 1181 2547 2545 
1902 2545 2547 1143 1185 
1903 2536 2545 1185 624 
1904 189 2549 2548 2236 
1905 2549 1254 2550 2548 
1906 2548 2550 367 1258 
1907 2236 2548 1258 166 
1908 1263 2552 2551 1273 
1909 2552 1265 2553 2551 
1910 2551 2553 385 1891 
1911 1273 2551 1891 1266 
1912 154 1274 2554 1884 
1913 1274 1266 1890 2554 
1914 2554 1890 1267 2555 
1915 1884 2554 2555 410 
1916 860 2557 2556 2444 
1917 2557 1305 2558 2556 
1918 2556 2558 873 1309 
1919 2444 2556 1309 90 
1920 888 2560 2559 1933 
1921 2560 1308 2561 2559 
1922 2559 2561 1286 1312 
1923 1933 2559 1312 376 
1924 1344 1358 2562 2563 
1925 1358 819 2410 2562 
1926 2562 2410 87 2564 
1927 2563 2562 2564 1346 
1928 1332 1943 2565 2566 
1929 1943 1344 2563 2565 
1930 2565 2563 1346 2567 
1931 2566 2565 2567 640 
1932 654 2569 2568 2403 
1933 2569 1384 1425 2568 
1934 2568 1425 1383 1400 
1935 2403 2568 1400 804 
1936 50 1402 2570 2391 
1937 1402 1386 1991 2570 
1938 2570 1991 1396 2571 
1939 2391 2570 2571 682 
1940 649 2573 2572 2009 
1941 2573 1404 2574 2572 
1942 2572 2574 1403 1444 
1943 2009 2572 1444 801 
1944 1404 2576 2575 2574 
1945 2576 651 2577 2575 
1946 2575 2577 1405 1463 
1947 2574 2575 1463 1403 
1948 1408 2579 2578 2012 
1949 2579 801 2580 2578 
1950 2578 2580 1409 1448 
1951 2012 2578 1448 1407 
1952 1383 2583 2581 2582 
1953 2583 1412 1439 2581 
1954 2581 1439 1411 1996 
1955 2582 2581 1996 1401 
1956 1411 1442 2584 1997 
1957 1442 1413 2585 2584 
1958 2584 2585 677 2586 
1959 1997 2584 2586 1414 
1960 1385 2588 2587 1441 
1961 2588 1435 2014 2587 
1962 2587 2014 1434 2589 
1963 1441 2587 2589 1413 
1964 1413 2589 2590 2585 
1965 2589 1434 2003 2590 
1966 2590 2003 1437 2591 
1967 2585 2590 2591 677 
1968 801 2593 2592 2580 
1969 2593 1444 2594 2592 
1970 2592 2594 1443 1455 
1971 2580 2592 1455 1409 
1972 1444 2596 2595 2594 
1973 2596 1403 2597 2595 
1974 2595 2597 1445 1467 
1975 2594 2595 1467 1443 
1976 1407 2599 2598 2016 
1977 2599 1448 2600 2598 
1978 2598 2600 1447 2021 
1979 2016 2598 2021 1436 
1980 1448 2602 2601 2600 
1981 2602 1409 2603 2601 
1982 2601 2603 1449 2030 
1983 2600 2601 2030 1447 
1984 1409 2605 2604 2603 
1985 2605 1455 2606 2604 
1986 2604 2606 1454 2037 
1987 2603 2604 2037 1449 
1988 1455 2608 2607 2606 
1989 2608 1443 2609 2607 
1990 2607 2609 1456 2041 
1991 2606 2607 2041 1454 
1992 651 2611 2610 2577 
1993 2611 1459 2612 2610 
1994 2610 2612 1458 1480 
1995 2577 2610 1480 1405 
1996 1459 2614 2613 2612 
1997 2614 926 2615 2613 
1998 2613 2615 1460 1497 
1999 2612 2613 1497 1458 
2000 1403 2617 2616 2597 
2001 2617 1463 2618 2616 
2002 2616 2618 1462 1476 
2003 2597 2616 1476 1445 
2004 1463 2620 2619 2618 
2005 2620 1405 2621 2619 
2006 2619 2621 1464 1484 
2007 2618 2619 1484 1462 
2008 1443 2623 2622 2609 
2009 2623 1467 2624 2622 
2010 2622 2624 1466 2048 
2011 2609 2622 2048 1456 
2012 1467 2626 2625 2624 
2013 2626 1445 2627 2625 
2014 2625 2627 1468 2052 
2015 2624 2625 2052 1466 
2016 1470 1506 2628 2629 
2017 1506 946 2485 2628 
2018 2628 2485 911 2630 
2019 2629 2628 2630 1471 
2020 1429 1489 2631 2632 
2021 1489 1470 2629 2631 
2022 2631 2629 1471 2633 
2023 2632 2631 2633 633 
2024 1445 2635 2634 2627 
2025 2635 1476 2636 2634 
2026 2634 2636 1475 2059 
2027 2627 2634 2059 1468 
2028 1476 2638 2637 2636 
2029 2638 1462 2639 2637 
2030 2637 2639 1477 2063 
2031 2636 2637 2063 1475 
2032 1405 2641 2640 2621 
2033 2641 1480 2642 2640 
2034 2640 2642 1479 1491 
2035 2621 2640 1491 1464 
2036 1480 2644 2643 2642 
2037 2644 1458 2645 2643 
2038 2643 2645 1481 1501 
2039 2642 2643 1501 1479 
2040 1462 2647 2646 2639 
2041 2647 1484 2648 2646 
2042 2646 2648 1483 2070 
2043 2639 2646 2070 1477 
2044 1484 2650 2649 2648 
2045 2650 1464 2651 2649 
2046 2649 2651 1485 2074 
2047 2648 2649 2074 1483 
2048 1464 2653 2652 2651 
2049 2653 1491 2654 2652 
2050 2652 2654 1490 2081 
2051 2651 2652 2081 1485 
2052 1491 2656 2655 2654 
2053 2656 1479 2657 2655 
2054 2655 2657 1492 2094 
2055 2654 2655 2094 1490 
2056 926 2659 2658 2615 
2057 2659 1495 2660 2658 
2058 2658 2660 1494 1512 
2059 2615 2658 1512 1460 
2060 1495 2662 2661 2660 
2061 2662 918 2663 2661 
2062 2661 2663 929 1531 
2063 2660 2661 1531 1494 
2064 1458 2665 2664 2645 
2065 2665 1497 2666 2664 
2066 2664 2666 1496 1508 
2067 2645 2664 1508 1481 
2068 1497 2668 2667 2666 
2069 2668 1460 2669 2667 
2070 2667 2669 1498 1516 
2071 2666 2667 1516 1496 
2072 1460 2671 2670 2669 
2073 2671 1512 2672 2670 
2074 2670 2672 1511 2118 
2075 2669 2670 2118 1498 
2076 1512 2674 2673 2672 
2077 2674 1494 2675 2673 
2078 2673 2675 1513 2139 
2079 2672 2673 2139 1511 
2080 1494 2677 2676 2675 
2081 2677 1531 2678 2676 
2082 2676 2678 1530 2150 
2083 2675 2676 2150 1513 
2084 1531 2680 2679 2678 
2085 2680 929 2681 2679 
2086 2679 2681 1532 2158 
2087 2678 2679 2158 1530 
2088 947 2683 2682 2147 
2089 2683 1534 2153 2682 
2090 2682 2153 1533 2684 
2091 2147 2682 2684 1528 
2092 646 2686 2685 2480 
2093 2686 919 2687 2685 
2094 2685 2687 917 930 
2095 2480 2685 930 918 
2096 918 2689 2688 2663 
2097 2689 930 2690 2688 
2098 2688 2690 928 1542 
2099 2663 2688 1542 929 
2100 929 2692 2691 2681 
2101 2692 1542 2693 2691 
2102 2691 2693 1541 2172 
2103 2681 2691 2172 1532 
2104 1542 2695 2694 2693 
2105 2695 928 2696 2694 
2106 2694 2696 960 2179 
2107 2693 2694 2179 1541 
2108 1563 2698 2697 1596 
2109 2698 1003 1602 2697 
2110 2697 1602 983 2699 
2111 1596 2697 2699 1565 
2112 1049 2701 2700 1666 
2113 2701 1661 1675 2700 
2114 2700 1675 1660 2702 
2115 1666 2700 2702 1655 
2116 1712 2704 2703 1721 
2117 2704 1157 1727 2703 
2118 2703 1727 1133 2705 
2119 1721 2703 2705 1714 
2120 1759 2707 2706 1775 
2121 2707 1761 2708 2706 
2122 2706 2708 1144 1777 
2123 1775 2706 1777 1201 
2124 1761 2710 2709 2708 
2125 2710 1788 2711 2709 
2126 2709 2711 1208 1792 
2127 2708 2709 1792 1144 
2128 1790 2714 2712 2713 
2129 2714 1802 1820 2712 
2130 2712 1820 1796 1811 
2131 2713 2712 1811 1196 
2132 1804 2716 2715 1822 
2133 2716 1816 2717 2715 
2134 2715 2717 1226 1829 
2135 1822 2715 1829 1198 
2136 1818 2720 2718 2719 
2137 2720 1836 1854 2718 
2138 2718 1854 1234 1840 
2139 2719 2718 1840 1214 
2140 1838 2722 2721 1856 
2141 2722 1850 2723 2721 
2142 2721 2723 1241 1858 
2143 1856 2721 1858 1216 
2144 385 2725 2724 1892 
2145 2725 1278 1898 2724 
2146 2724 1898 1886 2726 
2147 1892 2724 2726 1268 
2148 851 2728 2727 2426 
2149 2728 1906 2729 2727 
2150 2727 2729 855 1909 
2151 2426 2727 1909 381 
2152 1372 2731 2730 1967 
2153 2731 1961 1976 2730 
2154 2730 1976 1964 2732 
2155 1967 2730 2732 805 
2156 1486 2076 2733 2734 
2157 2076 34 2085 2733 
2158 2733 2085 2067 2735 
2159 2734 2733 2735 2066 
2160 2080 2737 2736 2091 
2161 2737 2082 2104 2736 
2162 2736 2104 1493 2738 
2163 2091 2736 2738 2083 
2164 2117 2740 2739 2128 
2165 2740 2119 2741 2739 
2166 2739 2741 1514 2130 
2167 2128 2739 2130 2115 
2168 2119 2743 2742 2741 
2169 2743 2138 2744 2742 
2170 2742 2744 1527 2142 
2171 2741 2742 2142 1514 
2172 2165 2746 2745 2176 
2173 2746 951 2182 2745 
2174 2745 2182 1544 2747 
2175 2176 2745 2747 2164 
2176 105 262 2748 2749 
2177 262 206 2262 2748 
2178 2748 2262 241 2750 
2179 2749 2748 2750 242 
2180 203 2260 2751 2752 
2181 2260 237 2265 2751 
2182 2751 2265 244 2753 
2183 2752 2751 2753 245 
2184 245 2753 2754 2755 
2185 2753 244 2268 2754 
2186 2754 2268 246 2756 
2187 2755 2754 2756 206 
2188 259 267 2757 2758 
2189 267 203 2752 2757 
2190 2757 2752 245 2759 
2191 2758 2757 2759 260 
2192 260 2759 2760 2761 
2193 2759 245 2755 2760 
2194 2760 2755 206 2762 
2195 2761 2760 2762 262 
2196 202 299 2763 2291 
2197 299 255 2764 2763 
2198 2763 2764 293 2282 
2199 2291 2763 2282 294 
2200 255 2271 2765 2764 
2201 2271 105 2749 2765 
2202 2765 2749 242 2766 
2203 2764 2765 2766 293 
2204 293 2766 2767 2283 
2205 2766 242 2768 2767 
2206 2767 2768 160 479 
2207 2283 2767 479 295 
2208 182 2770 2769 1262 
2209 2770 387 2771 2769 
2210 2769 2771 386 2308 
2211 1262 2769 2308 368 
2212 387 2773 2772 2771 
2213 2773 184 2774 2772 
2214 2772 2774 388 2306 
2215 2771 2772 2306 386 
2216 428 485 2775 2776 
2217 485 430 2329 2775 
2218 2775 2329 155 2777 
2219 2776 2775 2777 431 
2220 429 2321 2778 2779 
2221 2321 428 2776 2778 
2222 2778 2776 431 2780 
2223 2779 2778 2780 156 
2224 432 443 2781 2782 
2225 443 434 2323 2781 
2226 2781 2323 240 2783 
2227 2782 2781 2783 435 
2228 433 454 2784 2785 
2229 454 432 2782 2784 
2230 2784 2782 435 2786 
2231 2785 2784 2786 83 
2232 444 2327 2787 2788 
2233 2327 429 2779 2787 
2234 2787 2779 156 2789 
2235 2788 2787 2789 446 
2236 160 2791 2790 480 
2237 2791 243 2792 2790 
2238 2790 2792 475 2332 
2239 480 2790 2332 437 
2240 243 2794 2793 2792 
2241 2794 159 2795 2793 
2242 2793 2795 476 503 
2243 2792 2793 503 475 
2244 159 2797 2796 2795 
2245 2797 214 2798 2796 
2246 2796 2798 495 513 
2247 2795 2796 513 476 
2248 214 2800 2799 2798 
2249 2800 161 2801 2799 
2250 2799 2801 496 2335 
2251 2798 2799 2335 495 
2252 109 2333 2802 2803 
2253 2333 477 2338 2802 
2254 2802 2338 498 2804 
2255 2803 2802 2804 484 
2256 161 2806 2805 2801 
2257 2806 365 2807 2805 
2258 2805 2807 533 2342 
2259 2801 2805 2342 496 
2260 377 2438 2808 621 
2261 2438 616 2809 2808 
2262 2808 2809 615 2810 
2263 621 2808 2810 565 
2264 565 2810 2811 2348 
2265 2810 615 2812 2811 
2266 2811 2812 618 2813 
2267 2348 2811 2813 542 
2268 631 1430 2814 2363 
2269 1430 633 2461 2814 
2270 2814 2461 73 2815 
2271 2363 2814 2815 634 
2272 87 2411 2816 2817 
2273 2411 673 822 2816 
2274 2816 822 671 2818 
2275 2817 2816 2818 672 
2276 672 2818 2819 2820 
2277 2818 671 788 2819 
2278 2819 788 675 2821 
2279 2820 2819 2821 641 
2280 676 1433 2822 2388 
2281 1433 678 2823 2822 
2282 2822 2823 631 2824 
2283 2388 2822 2824 679 
2284 680 2392 2825 2394 
2285 2392 682 2826 2825 
2286 2825 2826 637 2827 
2287 2394 2825 2827 683 
2288 155 2330 2828 2829 
2289 2330 474 2399 2828 
2290 2828 2399 710 2830 
2291 2829 2828 2830 711 
2292 542 2813 2831 755 
2293 2813 618 2832 2831 
2294 2831 2832 750 2833 
2295 755 2831 2833 600 
2296 828 2417 2834 2419 
2297 2417 830 2835 2834 
2298 2834 2835 680 2836 
2299 2419 2834 2836 831 
2300 850 2838 2837 2423 
2301 2838 378 2839 2837 
2302 2837 2839 851 2425 
2303 2423 2837 2425 849 
2304 864 885 2840 2841 
2305 885 866 2440 2840 
2306 2840 2440 571 2842 
2307 2841 2840 2842 867 
2308 856 1550 2843 2844 
2309 1550 864 2841 2843 
2310 2843 2841 867 2845 
2311 2844 2843 2845 404 
2312 874 1292 2846 2437 
2313 1292 876 2847 2846 
2314 2846 2847 5 2848 
2315 2437 2846 2848 616 
2316 889 1930 2849 2452 
2317 1930 891 2850 2849 
2318 2849 2850 874 2851 
2319 2452 2849 2851 892 
2320 919 2853 2852 2687 
2321 2853 648 2854 2852 
2322 2852 2854 920 957 
2323 2687 2852 957 917 
2324 930 2856 2855 2690 
2325 2856 917 2857 2855 
2326 2855 2857 931 961 
2327 2690 2855 961 928 
2328 940 975 2858 2859 
2329 975 943 2491 2858 
2330 2858 2491 924 2860 
2331 2859 2858 2860 944 
2332 941 967 2861 2862 
2333 967 940 2859 2861 
2334 2861 2859 944 2863 
2335 2862 2861 2863 921 
2336 949 1546 2864 2865 
2337 1546 941 2862 2864 
2338 2864 2862 921 2866 
2339 2865 2864 2866 952 
2340 950 2166 2867 2868 
2341 2166 949 2865 2867 
2342 2867 2865 952 2869 
2343 2868 2867 2869 922 
2344 648 2871 2870 2854 
2345 2871 954 2872 2870 
2346 2870 2872 953 993 
2347 2854 2870 993 920 
2348 954 2874 2873 2872 
2349 2874 914 2875 2873 
2350 2873 2875 955 1037 
2351 2872 2873 1037 953 
2352 917 2877 2876 2857 
2353 2877 957 2878 2876 
2354 2876 2878 956 977 
2355 2857 2876 977 931 
2356 957 2880 2879 2878 
2357 2880 920 2881 2879 
2358 2879 2881 958 996 
2359 2878 2879 996 956 
2360 928 2883 2882 2696 
2361 2883 961 2884 2882 
2362 2882 2884 959 2488 
2363 2696 2882 2488 960 
2364 959 2886 2885 2489 
2365 2886 962 2887 2885 
2366 2885 2887 908 973 
2367 2489 2885 973 942 
2368 962 2889 2888 2887 
2369 2889 976 2890 2888 
2370 2888 2890 969 1561 
2371 2887 2888 1561 908 
2372 920 2892 2891 2881 
2373 2892 993 2893 2891 
2374 2891 2893 992 1008 
2375 2881 2891 1008 958 
2376 993 2895 2894 2893 
2377 2895 953 2896 2894 
2378 2894 2896 994 1040 
2379 2893 2894 1040 992 
2380 914 2898 2897 2875 
2381 2898 1034 2899 2897 
2382 2897 2899 1033 1068 
2383 2875 2897 1068 955 
2384 1034 2901 2900 2899 
2385 2901 916 2902 2900 
2386 2900 2902 1035 1128 
2387 2899 2900 1128 1033 
2388 953 2904 2903 2896 
2389 2904 1037 2905 2903 
2390 2903 2905 1036 1052 
2391 2896 2903 1052 994 
2392 1037 2907 2906 2905 
2393 2907 955 2908 2906 
2394 2906 2908 1038 1669 
2395 2905 2906 1669 1036 
2396 955 2910 2909 2908 
2397 2910 1068 2911 2909 
2398 2909 2911 1067 1691 
2399 2908 2909 1691 1038 
2400 1068 2913 2912 2911 
2401 2913 1033 2914 2912 
2402 2912 2914 1069 2505 
2403 2911 2912 2505 1067 
2404 1073 1123 2915 2916 
2405 1123 1059 2529 2915 
2406 2915 2529 1117 2917 
2407 2916 2915 2917 1116 
2408 916 2919 2918 2902 
2409 2919 1125 2920 2918 
2410 2918 2920 1124 1182 
2411 2902 2918 1182 1035 
2412 1125 2922 2921 2920 
2413 2922 1030 2923 2921 
2414 2921 2923 1126 1786 
2415 2920 2921 1786 1124 
2416 1033 2925 2924 2914 
2417 2925 1128 2926 2924 
2418 2924 2926 1127 2520 
2419 2914 2924 2520 1069 
2420 1128 2928 2927 2926 
2421 2928 1035 2929 2927 
2422 2927 2929 1129 2535 
2423 2926 2927 2535 1127 
2424 1147 2931 2930 2539 
2425 2931 624 2932 2930 
2426 2930 2932 1148 2541 
2427 2539 2930 2541 1146 
2428 1035 2934 2933 2929 
2429 2934 1182 2935 2933 
2430 2933 2935 1181 2546 
2431 2929 2933 2546 1129 
2432 1181 2937 2936 2547 
2433 2937 1183 2938 2936 
2434 2936 2938 1099 1760 
2435 2547 2936 1760 1143 
2436 624 2940 2939 2932 
2437 2940 1185 2941 2939 
2438 2939 2941 1184 1744 
2439 2932 2939 1744 1148 
2440 1185 2943 2942 2941 
2441 2943 1143 2944 2942 
2442 2942 2944 1186 1763 
2443 2941 2942 1763 1184 
2444 1030 2946 2945 2923 
2445 2946 1212 2947 2945 
2446 2945 2947 1211 1814 
2447 2923 2945 1814 1126 
2448 1212 2949 2948 2947 
2449 2949 1032 2950 2948 
2450 2948 2950 1213 1848 
2451 2947 2948 1848 1211 
2452 1254 2952 2951 2550 
2453 2952 1256 2953 2951 
2454 2951 2953 182 1261 
2455 2550 2951 1261 367 
2456 184 2955 2954 2774 
2457 2955 1264 2956 2954 
2458 2954 2956 1263 1272 
2459 2774 2954 1272 388 
2460 1264 2958 2957 2956 
2461 2958 382 2959 2957 
2462 2957 2959 1265 2552 
2463 2956 2957 2552 1263 
2464 1265 2961 2960 2553 
2465 2961 1275 2962 2960 
2466 2960 2962 1278 2725 
2467 2553 2960 2725 385 
2468 876 1314 2963 2847 
2469 1314 1285 2964 2963 
2470 2963 2964 1288 2965 
2471 2847 2963 2965 5 
2472 891 1937 2966 2850 
2473 1937 1289 2967 2966 
2474 2966 2967 1292 2968 
2475 2850 2966 2968 874 
2476 1305 2970 2969 2558 
2477 2970 1307 2971 2969 
2478 2969 2971 370 1324 
2479 2558 2969 1324 873 
2480 90 2973 2972 2450 
2481 2973 1309 2974 2972 
2482 2972 2974 1308 2560 
2483 2450 2972 2560 888 
2484 1308 2976 2975 2561 
2485 2976 1310 2977 2975 
2486 2975 2977 872 1320 
2487 2561 2975 1320 1286 
2488 1310 2979 2978 2977 
2489 2979 1323 2980 2978 
2490 2978 2980 1316 1327 
2491 2977 2978 1327 872 
2492 1330 1350 2981 2982 
2493 1350 1332 2566 2981 
2494 2981 2566 640 2983 
2495 2982 2981 2983 661 
2496 1317 1343 2984 2985 
2497 1343 1330 2982 2984 
2498 2984 2982 661 2986 
2499 2985 2984 2986 373 
2500 1307 2988 2987 2971 
2501 2988 1333 2989 2987 
2502 2987 2989 657 1337 
2503 2971 2987 1337 370 
2504 682 2571 2990 2826 
2505 2571 1396 2991 2990 
2506 2990 2991 1398 2992 
2507 2826 2990 2992 637 
2508 1428 1474 2993 2994 
2509 1474 1429 2632 2993 
2510 2993 2632 633 2995 
2511 2994 2993 2995 1430 
2512 678 1453 2996 2823 
2513 1453 1428 2994 2996 
2514 2996 2994 1430 2997 
2515 2823 2996 2997 631 
2516 1522 1540 2998 2999 
2517 1540 950 2868 2998 
2518 2998 2868 922 3000 
2519 2999 2998 3000 1524 
2520 1520 1536 3001 3002 
2521 1536 1522 2999 3001 
2522 3001 2999 1524 3003 
2523 3002 3001 3003 945 
2524 1143 3005 3004 2944 
2525 3005 1760 3006 3004 
2526 3004 3006 1759 1774 
2527 2944 3004 1774 1186 
2528 1760 3008 3007 3006 
2529 3008 1099 3009 3007 
2530 3007 3009 1761 2707 
2531 3006 3007 2707 1759 
2532 1183 3011 3010 2938 
2533 3011 1785 3012 3010 
2534 3010 3012 1197 1789 
2535 2938 3010 1789 1099 
2536 1099 3014 3013 3009 
2537 3014 1789 3015 3013 
2538 3013 3015 1788 2710 
2539 3009 3013 2710 1761 
2540 1788 3017 3016 2711 
2541 3017 1790 2713 3016 
2542 3016 2713 1196 1799 
2543 2711 3016 1799 1208 
2544 1816 3019 3018 2717 
2545 3019 1818 2719 3018 
2546 3018 2719 1214 1833 
2547 2717 3018 1833 1226 
2548 1850 3021 3020 2723 
2549 3021 1852 3022 3020 
2550 3020 3022 1229 1867 
2551 2723 3020 1867 1241 
2552 1852 3024 3023 3022 
2553 3024 1870 3025 3023 
2554 3023 3025 1245 1874 
2555 3022 3023 1874 1229 
2556 378 3027 3026 2839 
2557 3027 1907 3028 3026 
2558 3026 3028 1906 2728 
2559 2839 3026 2728 851 
2560 1906 3030 3029 2729 
2561 3030 869 3031 3029 
2562 3029 3031 138 1913 
2563 2729 3029 1913 855 
2564 1465 2072 3032 3033 
2565 2072 1486 2734 3032 
2566 3032 2734 2066 3034 
2567 3033 3032 3034 2056 
2568 2138 3036 3035 2744 
2569 3036 2140 3037 3035 
2570 3035 3037 947 2146 
2571 2744 3035 2146 1527 
2572 2140 3039 3038 3037 
2573 3039 2149 3040 3038 
2574 3038 3040 1534 2683 
2575 3037 3038 2683 947 
2576 431 2777 3041 3042 
2577 2777 155 2829 3041 
2578 3041 2829 711 3043 
2579 3042 3041 3043 2228 
2580 1256 3045 3044 2953 
2581 3045 2231 3046 3044 
2582 3044 3046 387 2770 
2583 2953 3044 2770 182 
2584 218 2242 3047 3048 
2585 2242 108 2311 3047 
2586 3047 2311 391 3049 
2587 3048 3047 3049 2237 
2588 1346 2564 3050 3051 
2589 2564 87 2817 3050 
2590 3050 2817 672 3052 
2591 3051 3050 3052 2368 
2592 2368 3052 3053 3054 
2593 3052 672 2820 3053 
2594 3053 2820 641 3055 
2595 3054 3053 3055 2369 
2596 211 2239 3056 3057 
2597 2239 213 3058 3056 
2598 3056 3058 161 2800 
2599 3057 3056 2800 214 
2600 212 2251 3059 3060 
2601 2251 211 3057 3059 
2602 3059 3057 214 2797 
2603 3060 3059 2797 159 
2604 241 2263 3061 3062 
2605 2263 212 3060 3061 
2606 3061 3060 159 2794 
2607 3062 3061 2794 243 
2608 242 2750 3063 2768 
2609 2750 241 3062 3063 
2610 3063 3062 243 2791 
2611 2768 3063 2791 160 
2612 213 393 3064 3058 
2613 393 363 3065 3064 
2614 3064 3065 365 2806 
2615 3058 3064 2806 161 
2616 438 489 3066 3067 
2617 489 109 2803 3066 
2618 3066 2803 484 3068 
2619 3067 3066 3068 482 
2620 616 2848 3069 2809 
2621 2848 5 3070 3069 
2622 3069 3070 617 3071 
2623 2809 3069 3071 615 
2624 615 3071 3072 2812 
2625 3071 617 3073 3072 
2626 3072 3073 543 3074 
2627 2812 3072 3074 618 
2628 618 3074 3075 2832 
2629 3074 543 3076 3075 
2630 3075 3076 751 3077 
2631 2832 3075 3077 750 
2632 853 1914 3078 3079 
2633 1914 856 2844 3078 
2634 3078 2844 404 3080 
2635 3079 3078 3080 857 
2636 854 1911 3081 3082 
2637 1911 853 3079 3081 
2638 3081 3079 857 3083 
2639 3082 3081 3083 403 
2640 869 3085 3084 3031 
2641 3085 868 3086 3084 
2642 3084 3086 865 1549 
2643 3031 3084 1549 138 
2644 961 3088 3087 2884 
2645 3088 931 3089 3087 
2646 3087 3089 962 2886 
2647 2884 3087 2886 959 
2648 931 3091 3090 3089 
2649 3091 977 3092 3090 
2650 3090 3092 976 2889 
2651 3089 3090 2889 962 
2652 976 3094 3093 2890 
2653 3094 978 3095 3093 
2654 3093 3095 937 989 
2655 2890 3093 989 969 
2656 978 3097 3096 3095 
2657 3097 995 3098 3096 
2658 3096 3098 984 1564 
2659 3095 3096 1564 937 
2660 1024 1684 3099 3100 
2661 1684 1073 2916 3099 
2662 3099 2916 1116 3101 
2663 3100 3099 3101 1091 
2664 1182 3103 3102 2935 
2665 3103 1124 3104 3102 
2666 3102 3104 1183 2937 
2667 2935 3102 2937 1181 
2668 382 3106 3105 2959 
2669 3106 1276 3107 3105 
2670 3105 3107 1275 2961 
2671 2959 3105 2961 1265 
2672 1275 3109 3108 2962 
2673 3109 1277 3110 3108 
2674 3108 3110 136 1899 
2675 2962 3108 1899 1278 
2676 1279 1905 3111 3112 
2677 1905 854 3082 3111 
2678 3111 3082 403 3113 
2679 3112 3111 3113 1280 
2680 407 1896 3114 3115 
2681 1896 1279 3112 3114 
2682 3114 3112 1280 3116 
2683 3115 3114 3116 180 
2684 1285 1322 3117 2964 
2685 1322 1287 3118 3117 
2686 3117 3118 612 3119 
2687 2964 3117 3119 1288 
2688 1309 3121 3120 2974 
2689 3121 873 3122 3120 
2690 3120 3122 1310 2976 
2691 2974 3120 2976 1308 
2692 1315 1940 3123 3124 
2693 1940 1317 2985 3123 
2694 3123 2985 373 3125 
2695 3124 3123 3125 1318 
2696 1287 1329 3126 3118 
2697 1329 1315 3124 3126 
2698 3126 3124 1318 3127 
2699 3118 3126 3127 612 
2700 873 3129 3128 3122 
2701 3129 1324 3130 3128 
2702 3128 3130 1323 2979 
2703 3122 3128 2979 1310 
2704 1323 3132 3131 2980 
2705 3132 1325 3133 3131 
2706 3131 3133 656 1939 
2707 2980 3131 1939 1316 
2708 1333 3135 3134 2989 
2709 3135 1335 3136 3134 
2710 3134 3136 372 1352 
2711 2989 3134 1352 657 
2712 1325 3138 3137 3133 
2713 3138 1336 3139 3137 
2714 3137 3139 1331 1341 
2715 3133 3137 1341 656 
2716 1335 3141 3140 3136 
2717 3141 1362 3142 3140 
2718 3140 3142 669 1945 
2719 3136 3140 1945 372 
2720 1396 1993 3143 2991 
2721 1993 1397 3144 3143 
2722 3143 3144 676 3145 
2723 2991 3143 3145 1398 
2724 1397 2001 3146 3144 
2725 2001 1431 3147 3146 
2726 3146 3147 1433 3148 
2727 3144 3146 3148 676 
2728 1519 1529 3149 3150 
2729 1529 1520 3002 3149 
2730 3149 3002 945 3151 
2731 3150 3149 3151 1521 
2732 1505 2116 3152 3153 
2733 2116 1519 3150 3152 
2734 3152 3150 1521 3154 
2735 3153 3152 3154 946 
2736 1124 3156 3155 3104 
2737 3156 1786 3157 3155 
2738 3155 3157 1785 3011 
2739 3104 3155 3011 1183 
2740 1785 3159 3158 3012 
2741 3159 1787 3160 3158 
2742 3158 3160 1015 1803 
2743 3012 3158 1803 1197 
2744 1789 3162 3161 3015 
2745 3162 1197 3163 3161 
2746 3161 3163 1790 3017 
2747 3015 3161 3017 1788 
2748 1197 3165 3164 3163 
2749 3165 1803 3166 3164 
2750 3164 3166 1802 2714 
2751 3163 3164 2714 1790 
2752 1803 3168 3167 3166 
2753 3168 1015 3169 3167 
2754 3167 3169 1804 1821 
2755 3166 3167 1821 1802 
2756 1787 3171 3170 3160 
2757 3171 1813 3172 3170 
2758 3170 3172 1215 1817 
2759 3160 3170 1817 1015 
2760 1015 3174 3173 3169 
2761 3174 1817 3175 3173 
2762 3173 3175 1816 2716 
2763 3169 3173 2716 1804 
2764 1817 3177 3176 3175 
2765 3177 1215 3178 3176 
2766 3176 3178 1818 3019 
2767 3175 3176 3019 1816 
2768 1813 3180 3179 3172 
2769 3180 1815 3181 3179 
2770 3179 3181 1193 1837 
2771 3172 3179 1837 1215 
2772 1215 3183 3182 3178 
2773 3183 1837 3184 3182 
2774 3182 3184 1836 2720 
2775 3178 3182 2720 1818 
2776 1837 3186 3185 3184 
2777 3186 1193 3187 3185 
2778 3185 3187 1838 1855 
2779 3184 3185 1855 1836 
2780 1815 3189 3188 3181 
2781 3189 1847 3190 3188 
2782 3188 3190 1230 1851 
2783 3181 3188 1851 1193 
2784 1193 3192 3191 3187 
2785 3192 1851 3193 3191 
2786 3191 3193 1850 2722 
2787 3187 3191 2722 1838 
2788 1851 3195 3194 3193 
2789 3195 1230 3196 3194 
2790 3194 3196 1852 3021 
2791 3193 3194 3021 1850 
2792 1847 3198 3197 3190 
2793 3198 1849 3199 3197 
2794 3197 3199 8 1871 
2795 3190 3197 1871 1230 
2796 1230 3201 3200 3196 
2797 3201 1871 3202 3200 
2798 3200 3202 1870 3024 
2799 3196 3200 3024 1852 
2800 1870 3204 3203 3025 
2801 3204 1872 3205 3203 
2802 3203 3205 1231 1878 
2803 3025 3203 1878 1245 
2804 1907 3207 3206 3028 
2805 3207 380 3208 3206 
2806 3206 3208 869 3030 
2807 3028 3206 3030 1906 
2808 1478 2065 3209 3210 
2809 2065 1465 3033 3209 
2810 3209 3033 2056 3211 
2811 3210 3209 3211 2055 
2812 2149 3213 3212 3040 
2813 3213 2151 3214 3212 
2814 3212 3214 1523 2154 
2815 3040 3212 2154 1534 
2816 2151 3216 3215 3214 
2817 3216 2157 3217 3215 
2818 3215 3217 1538 2161 
2819 3214 3215 2161 1523 
2820 156 2780 3218 3219 
2821 2780 431 3042 3218 
2822 3218 3042 2228 3220 
2823 3219 3218 3220 2229 
2824 2231 3222 3221 3046 
2825 3222 2233 3223 3221 
2826 3221 3223 184 2773 
2827 3046 3221 2773 387 
2828 167 2245 3224 3225 
2829 2245 218 3048 3224 
2830 3224 3048 2237 3226 
2831 3225 3224 3226 2238 
2832 226 2254 3227 3228 
2833 2254 167 3225 3227 
2834 3227 3225 2238 3229 
2835 3228 3227 3229 2249 
2836 446 2789 3230 3231 
2837 2789 156 3219 3230 
2838 3230 3219 2229 3232 
2839 3231 3230 3232 2284 
2840 2233 3234 3233 3223 
2841 3234 2298 3235 3233 
2842 3233 3235 1264 2955 
2843 3223 3233 2955 184 
2844 5 2965 3236 3070 
2845 2965 1288 3237 3236 
2846 3236 3237 2350 3238 
2847 3070 3236 3238 617 
2848 1288 3119 3239 3237 
2849 3119 612 3240 3239 
2850 3239 3240 2351 3241 
2851 3237 3239 3241 2350 
2852 617 3238 3242 3073 
2853 3238 2350 3243 3242 
2854 3242 3243 2352 3244 
2855 3073 3242 3244 543 
2856 612 3127 3245 3240 
2857 3127 1318 3246 3245 
2858 3245 3246 2353 3247 
2859 3240 3245 3247 2351 
2860 1318 3125 3248 3246 
2861 3125 373 3249 3248 
2862 3248 3249 660 3250 
2863 3246 3248 3250 2353 
2864 543 3244 3251 3076 
2865 3244 2352 3252 3251 
2866 3251 3252 2358 3253 
2867 3076 3251 3253 751 
2868 640 2567 3254 3255 
2869 2567 1346 3051 3254 
2870 3254 3051 2368 3256 
2871 3255 3254 3256 662 
2872 662 3256 3257 3258 
2873 3256 2368 3054 3257 
2874 3257 3054 2369 3259 
2875 3258 3257 3259 639 
