Name, Theo_Area, Wet_Area, Theo_Vol, Wet_Vol
FuselageGeom,1.199774,1.199774,0.076105,0.076105
WingGeom,0.887154,0.887154,0.015310,0.015310
WingGeom,0.348086,0.348086,0.001767,0.001767
Totals,2.435014,2.435014,0.093181,0.093181

Tag_Name, Tag_Theo_Area, Tag_Wet_Area
FuselageGeom_S_Surf0,1.199774,1.199774
WingGeom_S_Surf0,0.443577,0.443577
WingGeom_S_Surf1,0.443577,0.443577
WingGeom_S_Surf0,0.174043,0.174043
WingGeom_S_Surf1,0.174043,0.174043
