NDIME= 2
NELEM= 9748
5 3409 1158 3722 0
5 1975 744 2137 1
5 1823 870 2301 2
5 1779 897 3594 3
5 1160 2234 2314 4
5 2297 1360 3030 5
5 835 2370 4295 6
5 1776 743 2339 7
5 2206 884 3192 8
5 1698 861 3808 9
5 1740 866 2685 10
5 2207 885 3175 11
5 2208 886 3174 12
5 2209 887 3173 13
5 2210 888 3172 14
5 2211 889 3171 15
5 2212 890 3170 16
5 891 2213 3169 17
5 892 2214 3168 18
5 893 2215 3167 19
5 894 2216 3166 20
5 733 1900 2201 21
5 851 1789 3282 22
5 22 23 2171 23
5 2914 2435 4691 24
5 1972 1257 2877 25
5 2370 1704 4295 26
5 973 2308 4272 27
5 1746 260 2690 28
5 99 1747 2691 29
5 273 1748 2693 30
5 1749 595 2694 31
5 2003 1164 4929 32
5 1900 1552 4028 33
5 1840 1517 3949 34
5 2004 1168 4933 35
5 2005 1200 4935 36
5 1204 2006 4937 37
5 2007 1180 4940 38
5 2008 1172 4942 39
5 2009 1212 4939 40
5 2011 1184 4945 41
5 2010 1176 4946 42
5 2013 1192 4949 43
5 2012 1196 4950 44
5 2014 1208 4954 45
5 2015 1188 4955 46
5 899 1900 4028 47
5 1363 1758 3728 48
5 908 1839 2718 49
5 896 1840 3949 50
5 1780 852 2342 51
5 822 2172 3501 52
5 1758 1363 3730 53
5 1565 2301 3606 54
5 610 1763 2551 55
5 611 1764 2552 56
5 612 1765 2553 57
5 613 1766 2554 58
5 614 1767 2555 59
5 615 1768 2556 60
5 1345 138 1372 61
5 645 2350 3610 62
5 2301 870 3606 63
5 693 1758 3730 64
5 2308 1839 4272 65
5 967 2170 2173 66
5 622 1779 2559 67
5 2233 60 2630 68
5 2054 1830 3089 69
5 1891 1311 3384 70
5 1699 871 2963 71
5 1134 1699 2963 72
5 1900 733 4313 73
5 2230 1220 2686 74
5 565 566 1986 75
5 840 1891 3384 76
5 732 1712 2910 77
5 1563 974 2371 78
5 871 1699 3335 79
5 677 1818 2311 80
5 1819 676 2312 81
5 1252 1905 2309 82
5 1905 650 2309 83
5 1896 1307 3415 84
5 1895 1308 3416 85
5 1821 882 2639 86
5 1894 1309 3417 87
5 1892 1310 3418 88
5 1870 313 3898 89
5 1969 916 2832 90
5 1864 1147 2544 91
5 2053 957 2661 92
5 1225 2075 2900 93
5 1902 961 2872 94
5 82 70 0 95
5 1065 1744 2908 96
5 1787 872 3353 97
5 3587 1899 4268 98
5 1556 1836 3142 99
5 1560 2240 3838 100
5 961 1960 2872 101
5 1347 2391 3654 102
5 497 498 1964 103
5 839 1892 3418 104
5 838 1894 3417 105
5 837 1895 3416 106
5 1702 1002 2676 107
5 836 1896 3415 108
5 1348 2393 3655 109
5 609 1761 2451 110
5 1349 2394 3656 111
5 1350 2395 3657 112
5 1351 2396 3658 113
5 1789 851 3280 114
5 1352 2397 3659 115
5 1353 2398 3660 116
5 1354 2399 3661 117
5 2400 1355 3662 118
5 2401 1356 3663 119
5 3482 975 3977 120
5 2402 1357 3664 121
5 2403 1358 3665 122
5 2404 1359 3666 123
5 1261 2170 3419 124
5 2142 740 2942 125
5 2632 960 3353 126
5 152 153 1827 127
5 1473 2038 3651 128
5 1366 2425 3734 129
5 998 1793 3449 130
5 1836 856 3142 131
5 882 1821 2787 132
5 1843 850 2919 133
5 3227 1128 3473 134
5 1700 834 5111 135
5 861 1698 4218 136
5 1341 2454 2729 137
5 2417 1401 3643 138
5 1826 962 2376 139
5 1699 1134 3006 140
5 565 1986 2423 141
5 2038 914 3651 142
5 1074 1559 2034 143
5 555 1998 3545 144
5 132 2386 3965 145
5 280 2902 3322 146
5 2903 588 3323 147
5 743 1776 2728 148
5 2336 1 2388 149
5 732 2058 2750 150
5 1153 1901 2313 151
5 1340 2435 2914 152
5 654 1823 3113 153
5 3497 1707 3507 154
5 3136 977 3879 155
5 978 3135 3880 156
5 914 2239 3828 157
5 3138 979 3881 158
5 980 3137 3882 159
5 1908 625 2346 160
5 1780 625 3465 161
5 1789 1252 3282 162
5 744 1864 2749 163
5 1836 971 2642 164
5 1872 847 3366 165
5 1978 736 2557 166
5 2411 939 3578 167
5 2416 951 3577 168
5 2412 941 3576 169
5 2415 945 3575 170
5 942 2414 3574 171
5 1002 1702 2673 172
5 2418 950 3579 173
5 515 2542 3397 174
5 1322 2365 3212 175
5 1885 846 3368 176
5 1886 845 3370 177
5 1887 844 3371 178
5 2131 1142 3178 179
5 1888 843 3372 180
5 914 2038 2239 181
5 2736 1149 2737 182
5 1889 842 3375 183
5 1890 841 3376 184
5 1891 840 3377 185
5 3165 1602 3211 186
5 517 518 2071 187
5 1787 960 2733 188
5 3177 3012 4406 189
5 2019 1100 3616 190
5 1104 2019 3616 191
5 2027 1111 3617 192
5 1098 2027 3617 193
5 2695 1784 4345 194
5 1785 2696 4346 195
5 311 1824 3141 196
5 975 2219 3977 197
5 2240 657 3838 198
5 834 1700 3408 199
5 3012 3177 3821 200
5 995 2631 3484 201
5 856 1751 3229 202
5 875 2297 3030 203
5 3212 2365 4395 204
5 2431 807 3406 205
5 866 1740 3339 206
5 2540 972 3581 207
5 3556 1002 3609 208
5 946 2545 3666 209
5 952 2548 3665 210
5 943 2546 3664 211
5 948 2549 3663 212
5 949 2550 3662 213
5 2547 947 3660 214
5 47 1744 4386 215
5 66 67 1812 216
5 630 2331 4137 217
5 3041 1174 3529 218
5 1758 693 3539 219
5 1625 1218 4816 220
5 2119 3600 3661 221
5 3601 2120 3662 222
5 3602 2118 3663 223
5 3603 2121 3664 224
5 3604 2123 3665 225
5 3605 2122 3666 226
5 1090 1709 2424 227
5 3361 782 4293 228
5 783 3360 4291 229
5 777 3359 4292 230
5 2198 739 3355 231
5 848 3520 3590 232
5 883 3557 4401 233
5 2222 978 3880 234
5 977 2221 3879 235
5 2224 980 3882 236
5 979 2223 3881 237
5 1000 1758 3539 238
5 853 1790 3507 239
5 1164 1953 2583 240
5 695 1898 2724 241
5 1168 1954 2584 242
5 1172 1955 2585 243
5 1176 1956 2586 244
5 1180 1957 2587 245
5 1184 1958 2588 246
5 1192 1959 2591 247
5 1790 1288 3507 248
5 1971 694 2313 249
5 1937 628 2916 250
5 1603 2417 3643 251
5 1839 908 4919 252
5 1793 998 3704 253
5 2038 1270 2239 254
5 1568 2632 3353 255
5 3058 526 4553 256
5 2016 1092 3752 257
5 2025 1102 3766 258
5 1112 2025 3766 259
5 3387 780 4286 260
5 766 1936 2343 261
5 2678 1161 3749 262
5 1091 2016 3752 263
5 1067 2312 2421 264
5 2311 1068 2420 265
5 1758 1000 3498 266
5 1936 972 2343 267
5 1710 819 2050 268
5 2392 1002 3556 269
5 3435 1086 4218 270
5 1256 2132 2378 271
5 2132 1066 2378 272
5 3551 4355 4956 273
5 3548 4356 4943 274
5 927 2451 3557 275
5 1288 3497 3507 276
5 3061 656 4216 277
5 3557 883 3710 278
5 1196 1989 2592 279
5 1212 1990 2593 280
5 1188 1991 2589 281
5 1208 1992 2590 282
5 1200 1993 2594 283
5 1994 1204 2595 284
5 1414 2678 3749 285
5 2306 1606 3506 286
5 3557 1761 4401 287
5 2239 1615 3828 288
5 807 2431 4215 289
5 510 511 2155 290
5 823 2054 3089 291
5 1346 2057 3610 292
5 2199 38 2371 293
5 2454 970 2729 294
5 680 3725 3811 295
5 524 525 2654 296
5 1836 1556 3952 297
5 2570 1151 4911 298
5 1712 732 2750 299
5 2227 833 2972 300
5 2226 832 2971 301
5 2225 829 2966 302
5 1335 2227 2972 303
5 1334 2226 2971 304
5 1333 2225 2966 305
5 3594 897 3745 306
5 929 2551 3568 307
5 931 2552 3569 308
5 940 2556 3573 309
5 937 2555 3572 310
5 935 2554 3571 311
5 933 2553 3570 312
5 1216 1981 2689 313
5 1966 646 2426 314
5 2306 1271 3009 315
5 1393 2598 3014 316
5 2726 919 3499 317
5 1567 2382 3012 318
5 2722 1006 3836 319
5 2662 1570 3131 320
5 2390 1156 3015 321
5 998 1817 3704 322
5 1595 3847 4695 323
5 1742 859 2667 324
5 860 1743 2668 325
5 2391 1714 3654 326
5 1164 2092 4929 327
5 2092 1952 4929 328
5 954 2559 3594 329
5 1168 2090 4933 330
5 2090 1951 4933 331
5 2081 1940 4935 332
5 1200 2081 4935 333
5 1942 2080 4937 334
5 2080 1204 4937 335
5 1212 2079 4939 336
5 2079 1941 4939 337
5 1180 2085 4940 338
5 2085 1944 4940 339
5 1172 2087 4942 340
5 2087 1947 4942 341
5 2082 1943 4945 342
5 1184 2082 4945 343
5 1192 2084 4949 344
5 2084 1949 4949 345
5 1176 2086 4946 346
5 2086 1945 4946 347
5 2089 1950 4950 348
5 1196 2089 4950 349
5 2088 1948 4955 350
5 1188 2088 4955 351
5 1208 2083 4954 352
5 2083 1946 4954 353
5 2393 1716 3655 354
5 2217 895 2404 355
5 2394 1728 3656 356
5 2216 894 2403 357
5 2215 893 2402 358
5 2395 1729 3657 359
5 2214 892 2401 360
5 2213 891 2400 361
5 2396 1730 3658 362
5 890 2212 2399 363
5 889 2211 2398 364
5 888 2210 2397 365
5 2397 1731 3659 366
5 887 2209 2396 367
5 880 1837 2432 368
5 1838 881 2433 369
5 883 2203 2391 370
5 2398 1733 3660 371
5 886 2208 2395 372
5 885 2207 2394 373
5 884 2206 2393 374
5 2399 1734 3661 375
5 1735 2400 3662 376
5 1736 2401 3663 377
5 680 2322 3725 378
5 1737 2402 3664 379
5 1738 2403 3665 380
5 1739 2404 3666 381
5 3560 1835 5137 382
5 703 2191 3395 383
5 536 537 1977 384
5 616 1769 2414 385
5 1770 618 2415 386
5 1771 619 2412 387
5 1772 620 2416 388
5 1773 621 2411 389
5 1774 622 2418 390
5 152 1827 2784 391
5 1137 1832 2833 392
5 2667 1369 4418 393
5 1368 2668 4417 394
5 2942 740 3351 395
5 2062 753 2930 396
5 2063 755 2931 397
5 1745 3933 4666 398
5 3933 672 4666 399
5 2064 756 2932 400
5 2172 822 3496 401
5 2065 757 2933 402
5 693 1817 3727 403
5 1817 1343 3727 404
5 654 2622 2746 405
5 325 2711 3517 406
5 2069 758 2935 407
5 2654 525 3058 408
5 2622 1452 2746 409
5 2575 2297 4718 410
5 2350 2665 3610 411
5 1253 3307 4972 412
5 316 317 1972 413
5 2425 1757 3734 414
5 3560 963 4352 415
5 1909 822 3330 416
5 859 1742 3055 417
5 1743 860 3056 418
5 1284 3165 3211 419
5 1777 85 2738 420
5 872 1787 3535 421
5 515 516 2542 422
5 1751 856 3846 423
5 782 2468 4293 424
5 2483 783 4291 425
5 2471 777 4292 426
5 1744 47 2908 427
5 1231 1651 4888 428
5 1232 1652 4889 429
5 1233 1653 4890 430
5 1234 1654 4891 431
5 1781 1341 2729 432
5 1655 1235 4892 433
5 1656 1236 4893 434
5 1657 1237 4894 435
5 1543 2518 3343 436
5 2519 1542 3344 437
5 1658 1238 4895 438
5 1659 1239 4896 439
5 1660 1240 4897 440
5 985 3690 3826 441
5 759 2134 2941 442
5 1661 1242 4898 443
5 1901 1153 2649 444
5 738 1901 2649 445
5 2974 2206 3192 446
5 981 2146 2645 447
5 982 2147 2644 448
5 2686 1220 2745 449
5 734 1815 3538 450
5 1630 2158 3762 451
5 1631 2160 3755 452
5 2162 1635 3756 453
5 1629 2159 3763 454
5 1633 2166 3758 455
5 1628 2163 3760 456
5 1634 2161 3759 457
5 1638 2167 3764 458
5 1632 2164 3761 459
5 1636 2165 3757 460
5 1637 2168 3754 461
5 1627 2157 3753 462
5 2697 1165 3753 463
5 2698 1169 3763 464
5 2699 1173 3759 465
5 2700 1177 3762 466
5 2701 1181 3760 467
5 2702 1189 3761 468
5 1219 2662 3131 469
5 1213 1963 4361 470
5 2976 2207 3175 471
5 2977 2208 3174 472
5 1626 2156 3749 473
5 2978 2209 3173 474
5 2979 2210 3172 475
5 2980 2211 3171 476
5 971 1836 2905 477
5 2997 2212 3170 478
5 2213 2998 3169 479
5 2214 2999 3168 480
5 2215 3000 3167 481
5 2216 3001 3166 482
5 2170 1261 2173 483
5 956 1606 2306 484
5 313 314 3898 485
5 1392 2368 3081 486
5 1427 2712 3738 487
5 780 2477 4286 488
5 2169 762 3607 489
5 1744 1065 3124 490
5 70 83 69 491
5 1553 2722 3836 492
5 963 3560 5137 493
5 1970 679 3315 494
5 655 1787 2733 495
5 1817 998 3155 496
5 2962 1831 3094 497
5 805 2962 3094 498
5 1088 1830 2448 499
5 646 1966 2658 500
5 2314 703 3395 501
5 1076 2663 2904 502
5 109 110 2194 503
5 249 250 2195 504
5 114 115 2196 505
5 244 245 2197 506
5 847 1872 3563 507
5 2035 1246 3502 508
5 846 1885 3567 509
5 845 1886 3566 510
5 844 1887 3565 511
5 843 1888 3564 512
5 842 1889 3562 513
5 1415 2697 3753 514
5 1426 2698 3763 515
5 1421 2699 3759 516
5 1423 2700 3762 517
5 1425 2701 3760 518
5 1416 2706 3754 519
5 1422 2702 3761 520
5 1424 2704 3757 521
5 2707 1418 3756 522
5 1419 2703 3755 523
5 1420 2705 3758 524
5 1417 2708 3764 525
5 841 1890 3561 526
5 1892 839 3513 527
5 1894 838 3514 528
5 1895 837 3515 529
5 2170 760 3419 530
5 1896 836 3516 531
5 1610 2950 3675 532
5 1760 1086 2713 533
5 955 2187 2320 534
5 2131 1366 3734 535
5 2910 1120 3769 536
5 84 2689 4876 537
5 554 555 3545 538
5 897 2231 2425 539
5 2390 3015 3310 540
5 1567 3012 4390 541
5 298 299 2193 542
5 1829 1000 3539 543
5 1734 1128 4416 544
5 303 304 2192 545
5 2434 1595 4695 546
5 971 2905 3711 547
5 8 9 2190 548
5 1342 2542 2597 549
5 2542 1157 2597 550
5 2173 656 3061 551
5 694 1971 3770 552
5 1845 3493 3978 553
5 2057 1346 3646 554
5 510 2155 3644 555
5 1391 1899 3587 556
5 260 1746 4233 557
5 1747 99 4232 558
5 2135 976 2541 559
5 1748 273 4228 560
5 595 1749 4227 561
5 1147 1975 2370 562
5 1100 2763 3616 563
5 2766 1104 3616 564
5 1111 2778 3617 565
5 2769 1098 3617 566
5 1341 1902 3995 567
5 499 1762 3555 568
5 899 1760 4230 569
5 65 1980 3053 570
5 2069 848 3541 571
5 1621 2667 4418 572
5 2668 1620 4417 573
5 1817 693 3704 574
5 642 2131 3178 575
5 1252 1789 3405 576
5 3493 674 3978 577
5 960 1787 3353 578
5 1760 899 3125 579
5 1346 2424 3646 580
5 852 1780 3257 581
5 995 2232 2631 582
5 625 1908 3465 583
5 59 60 2233 584
5 822 1909 3496 585
5 1086 1760 3125 586
5 2368 809 3081 587
5 961 2914 4971 588
5 1987 2679 3543 589
5 1762 499 3597 590
5 1151 1713 4911 591
5 1987 1444 2679 592
5 841 2125 3624 593
5 842 2126 3625 594
5 843 2127 3626 595
5 844 2128 3627 596
5 845 2129 3628 597
5 846 2130 3629 598
5 2066 958 4021 599
5 2713 1086 3435 600
5 1005 2344 3591 601
5 847 2124 3630 602
5 1366 2131 3635 603
5 865 1824 3131 604
5 1824 1219 3131 605
5 2075 769 2900 606
5 1144 136 1289 607
5 1092 2818 3752 608
5 1630 3762 4794 609
5 1631 3755 4791 610
5 1633 3758 4810 611
5 3756 1635 4795 612
5 1629 3763 4797 613
5 1628 3760 4792 614
5 1634 3759 4800 615
5 1638 3764 4808 616
5 1632 3761 4803 617
5 1636 3757 4802 618
5 1637 3754 4812 619
5 1627 3753 4789 620
5 2140 988 3445 621
5 989 2141 3446 622
5 1102 2822 3766 623
5 2828 1112 3766 624
5 85 1777 2689 625
5 293 294 2135 626
5 2045 985 3826 627
5 1626 3749 4783 628
5 898 2200 4278 629
5 1288 1790 3356 630
5 1294 1872 3366 631
5 1120 2136 2815 632
5 1911 786 2485 633
5 786 1910 2486 634
5 1036 1911 2485 635
5 1910 1037 2486 636
5 1931 798 2510 637
5 797 1935 2499 638
5 790 1913 2503 639
5 1934 797 2497 640
5 1914 790 2492 641
5 1924 788 2488 642
5 1913 1051 2503 643
5 798 1933 2490 644
5 788 1917 2509 645
5 1050 1919 2501 646
5 1915 789 2495 647
5 1919 791 2501 648
5 1920 1041 2491 649
5 789 1916 2507 650
5 791 1920 2491 651
5 1044 1914 2492 652
5 1061 1931 2510 653
5 1048 1915 2495 654
5 1916 1056 2507 655
5 1049 1927 2498 656
5 793 1929 2494 657
5 1927 793 2498 658
5 1929 1046 2494 659
5 1042 1924 2488 660
5 1933 1059 2490 661
5 1935 1057 2499 662
5 1038 1932 2487 663
5 1932 787 2487 664
5 1917 1060 2509 665
5 1058 1934 2497 666
5 1293 1885 3368 667
5 1295 1886 3370 668
5 2674 1429 3787 669
5 1296 1887 3371 670
5 2816 1091 3752 671
5 2450 695 2877 672
5 1297 1888 3372 673
5 50 51 2205 674
5 1298 1889 3375 675
5 1299 1890 3376 676
5 854 1862 3045 677
5 1300 1891 3377 678
5 2331 1814 4137 679
5 2065 836 3620 680
5 2689 1981 4876 681
5 850 1843 3448 682
5 2064 837 3621 683
5 1639 3560 4352 684
5 2063 838 3622 685
5 1241 2069 3541 686
5 2062 839 3623 687
5 2750 2058 3813 688
5 1371 2002 3481 689
5 2002 909 3481 690
5 907 2372 4543 691
5 2378 1066 4310 692
5 4310 1066 4326 693
5 3591 2344 3960 694
5 525 526 3058 695
5 762 3050 3607 696
5 1219 1824 3681 697
5 625 1780 4669 698
5 2518 831 3343 699
5 830 2519 3344 700
5 1845 901 2727 701
5 1606 956 2429 702
5 1391 1080 1899 703
5 109 2194 2534 704
5 2195 250 2533 705
5 2545 1739 3666 706
5 2548 1738 3665 707
5 2197 245 2531 708
5 114 2196 2532 709
5 2546 1737 3664 710
5 2549 1736 3663 711
5 2550 1735 3662 712
5 1733 2547 3660 713
5 737 2036 2456 714
5 1370 2155 2392 715
5 2155 1002 2392 716
5 1787 655 4722 717
5 132 133 2386 718
5 1372 138 4776 719
5 157 1909 4100 720
5 2534 990 3488 721
5 991 2533 3487 722
5 2532 992 3485 723
5 993 2531 3486 724
5 920 141 3499 725
5 1006 2268 2753 726
5 3206 1085 3963 727
5 2598 701 3014 728
5 1981 1216 4281 729
5 2640 2001 4524 730
5 1 2053 2661 731
5 1218 2880 4816 732
5 2663 1406 2904 733
5 1790 853 4665 734
5 1970 1367 4220 735
5 1784 880 4345 736
5 881 1785 4346 737
5 298 2193 2530 738
5 738 2078 2834 739
5 2078 1228 2834 740
5 1824 865 3633 741
5 218 1759 3678 742
5 1292 1979 4213 743
5 1953 1164 2003 744
5 1954 1168 2004 745
5 1955 1172 2008 746
5 1956 1176 2010 747
5 1957 1180 2007 748
5 1958 1184 2011 749
5 1959 1192 2013 750
5 303 2192 2529 751
5 2414 1769 3574 752
5 1770 2415 3575 753
5 1771 2412 3576 754
5 1772 2416 3577 755
5 1773 2411 3578 756
5 1774 2418 3579 757
5 3379 1597 4197 758
5 2302 1005 3117 759
5 1341 1781 5076 760
5 1948 3551 4956 761
5 1947 3548 4943 762
5 1124 1714 2391 763
5 2551 1763 3568 764
5 2552 1764 3569 765
5 2553 1765 3570 766
5 2554 1766 3571 767
5 2555 1767 3572 768
5 0 3587 4268 769
5 2556 1768 3573 770
5 1799 874 3816 771
5 1343 1817 4105 772
5 1449 2237 2671 773
5 1121 1716 2393 774
5 1122 1728 2394 775
5 1987 768 2565 776
5 1123 1729 2395 777
5 1125 1730 2396 778
5 1359 1717 3605 779
5 1358 1718 3604 780
5 1357 1719 3603 781
5 1356 1720 3602 782
5 1355 1721 3601 783
5 1722 1354 3600 784
5 1126 1731 2397 785
5 1127 1733 2398 786
5 1128 1734 2399 787
5 1735 1129 2400 788
5 1736 1130 2401 789
5 1737 1131 2402 790
5 1738 1132 2403 791
5 1739 1133 2404 792
5 1257 1972 3441 793
5 2451 1761 3557 794
5 1998 555 2757 795
5 1975 2137 5120 796
5 1713 1151 3544 797
5 901 1845 2673 798
5 2187 1409 2320 799
5 2560 698 3559 800
5 1307 1896 3316 801
5 1707 2560 3559 802
5 1308 1895 3314 803
5 1701 868 3066 804
5 2053 1 2336 805
5 1759 218 3558 806
5 1309 1894 3313 807
5 80 81 4268 808
5 1310 1892 3309 809
5 1311 1891 3306 810
5 869 2522 3728 811
5 2522 1756 3728 812
5 2236 3123 4359 813
5 2559 1779 3594 814
5 2349 804 3052 815
5 2902 1453 3322 816
5 1454 2903 3323 817
5 856 1836 2642 818
5 977 2152 4471 819
5 2151 978 4472 820
5 2905 1704 3711 821
5 1393 2349 3052 822
5 1087 2347 2561 823
5 979 2150 4469 824
5 2149 980 4470 825
5 3461 1550 4521 826
5 1234 2062 3623 827
5 2172 1218 3501 828
5 1233 2063 3622 829
5 1232 2064 3621 830
5 1231 2065 3620 831
5 2033 911 4004 832
5 958 2066 2368 833
5 972 1981 2343 834
5 488 489 2269 835
5 490 491 2270 836
5 2236 1339 3123 837
5 1082 2695 4345 838
5 2696 1083 4346 839
5 84 85 2689 840
5 1907 702 4020 841
5 1971 924 3932 842
5 478 479 2271 843
5 476 477 2272 844
5 346 347 2273 845
5 368 369 2295 846
5 344 345 2294 847
5 370 371 2274 848
5 332 333 2289 849
5 382 383 2276 850
5 334 335 2291 851
5 430 431 2279 852
5 452 453 2278 853
5 406 407 2293 854
5 466 467 2283 855
5 416 417 2290 856
5 404 405 2275 857
5 440 441 2277 858
5 454 455 2284 859
5 394 395 2280 860
5 442 443 2285 861
5 464 465 2281 862
5 392 393 2292 863
5 418 419 2286 864
5 428 429 2287 865
5 380 381 2288 866
5 356 357 2282 867
5 358 359 2296 868
5 2558 44 3130 869
5 657 1795 3838 870
5 2914 961 3824 871
5 2915 1215 3178 872
5 3697 973 4272 873
5 2192 986 2529 874
5 1923 709 4019 875
5 712 1930 4013 876
5 1912 726 4016 877
5 710 1918 4011 878
5 723 1925 4017 879
5 1926 715 4018 880
5 1922 722 4014 881
5 727 1928 4015 882
5 1921 718 4012 883
5 981 2645 3861 884
5 982 2644 3860 885
5 900 1977 3968 886
5 3667 2562 3864 887
5 2193 987 2530 888
5 59 2233 4155 889
5 1977 1459 3968 890
5 1142 2131 2580 891
5 1115 2048 2780 892
5 1797 1138 3058 893
5 873 1797 4078 894
5 736 1978 2380 895
5 870 1823 3452 896
5 3520 1897 3590 897
5 1818 677 3640 898
5 676 1819 3639 899
5 1972 960 2632 900
5 1813 1152 3684 901
5 1005 2334 3117 902
5 880 1784 3841 903
5 1785 881 3842 904
5 1066 2132 4199 905
5 735 2445 2879 906
5 869 3903 4459 907
5 484 485 2242 908
5 1797 873 3065 909
5 1250 2342 2641 910
5 1138 1797 3065 911
5 472 473 2244 912
5 482 483 2243 913
5 352 353 2266 914
5 364 365 2246 915
5 374 375 2247 916
5 448 449 2260 917
5 436 437 2248 918
5 422 423 2254 919
5 376 377 2250 920
5 434 435 2262 921
5 460 461 2261 922
5 398 399 2256 923
5 386 387 2252 924
5 458 459 2257 925
5 424 425 2251 926
5 446 447 2249 927
5 410 411 2265 928
5 470 471 2264 929
5 388 389 2255 930
5 412 413 2258 931
5 338 339 2263 932
5 400 401 2253 933
5 350 351 2245 934
5 340 341 2259 935
5 362 363 2267 936
5 2125 1235 3624 937
5 2126 1236 3625 938
5 2124 1242 3630 939
5 2127 1237 3626 940
5 2128 1238 3627 941
5 2129 1239 3628 942
5 2130 1240 3629 943
5 2298 1400 2596 944
5 1137 3831 4297 945
5 2194 990 2534 946
5 991 2195 2533 947
5 2196 992 2532 948
5 993 2197 2531 949
5 1866 69 4117 950
5 765 1984 3552 951
5 1984 1364 3552 952
5 2631 1532 3484 953
5 1833 835 2912 954
5 752 1804 3473 955
5 751 1805 3475 956
5 750 1806 3476 957
5 749 1807 3477 958
5 748 1808 3478 959
5 747 1809 3479 960
5 746 1810 3480 961
5 1119 1833 2912 962
5 754 1811 3474 963
5 1430 2242 2457 964
5 2242 1008 2457 965
5 2243 1430 2460 966
5 1009 2243 2460 967
5 1441 2244 2461 968
5 2244 1010 2461 969
5 1011 2245 2462 970
5 2245 1434 2462 971
5 1442 2259 2472 972
5 1032 2263 2483 973
5 1030 2267 2481 974
5 2251 1015 2484 975
5 2247 1431 2463 976
5 1438 2253 2468 977
5 2255 1021 2477 978
5 2267 1432 2481 979
5 2256 1438 2465 980
5 2253 1017 2468 981
5 1431 2250 2467 982
5 2259 1029 2472 983
5 1019 2249 2471 984
5 1014 2254 2482 985
5 1432 2246 2464 986
5 2250 1013 2467 987
5 1020 2252 2480 988
5 2254 1433 2482 989
5 2252 1435 2480 990
5 2264 1441 2478 991
5 1439 2248 2466 992
5 2263 1442 2483 993
5 1022 2256 2465 994
5 1435 2255 2477 995
5 2249 1437 2471 996
5 1012 2247 2463 997
5 1028 2264 2478 998
5 2260 1025 2479 999
5 1027 2262 2474 1000
5 2262 1439 2474 1001
5 1433 2251 2484 1002
5 2258 1023 2470 1003
5 2248 1016 2466 1004
5 1436 2258 2470 1005
5 2261 1026 2473 1006
5 1024 2257 2469 1007
5 1031 2265 2475 1008
5 2257 1440 2469 1009
5 2265 1436 2475 1010
5 1437 2260 2479 1011
5 1440 2261 2473 1012
5 1434 2266 2476 1013
5 2266 1033 2476 1014
5 2246 1018 2464 1015
5 958 3643 4021 1016
5 1291 1903 3535 1017
5 1903 872 3535 1018
5 3787 1159 3852 1019
5 874 2142 2942 1020
5 1804 3227 3473 1021
5 1035 2270 2453 1022
5 1065 2298 2596 1023
5 1284 2228 2426 1024
5 2342 1150 2641 1025
5 57 58 2305 1026
5 1948 2088 5052 1027
5 1943 2082 5044 1028
5 1946 2083 5051 1029
5 1949 2084 5049 1030
5 1940 2081 5042 1031
5 2080 1942 5043 1032
5 1945 2086 5048 1033
5 1950 2089 5050 1034
5 1947 2087 5046 1035
5 1944 2085 5045 1036
5 1941 2079 5047 1037
5 1951 2090 5041 1038
5 2031 1248 3060 1039
5 1154 1813 3822 1040
5 801 2436 3345 1041
5 966 2133 2659 1042
5 1952 2092 5039 1043
5 742 2031 3060 1044
5 1968 877 4108 1045
5 1777 850 4856 1046
5 2203 1124 2391 1047
5 996 2896 3780 1048
5 2897 997 3781 1049
5 1839 2308 4909 1050
5 2206 1121 2393 1051
5 2207 1122 2394 1052
5 2208 1123 2395 1053
5 2209 1125 2396 1054
5 2210 1126 2397 1055
5 2211 1127 2398 1056
5 2212 1128 2399 1057
5 1205 3757 3870 1058
5 3756 1201 3869 1059
5 1185 3754 3866 1060
5 1197 3758 3868 1061
5 1209 3764 3871 1062
5 1193 3755 3867 1063
5 1129 2213 2400 1064
5 1130 2214 2401 1065
5 1131 2215 2402 1066
5 1132 2216 2403 1067
5 1133 2217 2404 1068
5 1136 1757 2425 1069
5 694 3770 3960 1070
5 703 1906 2743 1071
5 2200 1398 4600 1072
5 68 69 1866 1073
5 1141 2073 3053 1074
5 1840 896 3804 1075
5 1562 2910 3769 1076
5 1213 3738 3796 1077
5 675 2914 4691 1078
5 760 2170 4067 1079
5 1161 2678 3848 1080
5 896 1982 3451 1081
5 142 2726 3499 1082
5 1152 1813 3100 1083
5 1813 1154 3100 1084
5 2152 2652 4471 1085
5 2651 2151 4472 1086
5 1428 2304 3582 1087
5 2324 1844 4985 1088
5 2150 2648 4469 1089
5 2647 2149 4470 1090
5 1057 2061 3436 1091
5 574 575 2337 1092
5 1988 768 3152 1093
5 2722 559 4107 1094
5 2087 1172 5016 1095
5 2089 1196 5018 1096
5 1204 2080 5014 1097
5 2090 1168 5012 1098
5 316 1972 2632 1099
5 1324 2537 2730 1100
5 2170 1375 4067 1101
5 69 83 4117 1102
5 1833 1119 3950 1103
5 806 3731 3899 1104
5 3754 2706 3866 1105
5 3757 2704 3870 1106
5 2707 3756 3869 1107
5 3758 2705 3868 1108
5 3755 2703 3867 1109
5 3764 2708 3871 1110
5 874 1799 3347 1111
5 657 2240 4910 1112
5 48 49 2298 1113
5 1075 1965 4409 1114
5 1502 1968 4108 1115
5 1812 2540 3581 1116
5 3738 2712 3796 1117
5 1269 1988 3152 1118
5 1982 1322 3451 1119
5 2424 1709 3646 1120
5 574 2337 3652 1121
5 1869 2200 2787 1122
5 810 3488 5023 1123
5 3487 811 5022 1124
5 1784 2695 4187 1125
5 2696 1785 4188 1126
5 1137 2833 3831 1127
5 1976 867 3593 1128
5 1837 880 3508 1129
5 881 1838 3509 1130
5 1218 1625 3501 1131
5 1960 961 3872 1132
5 60 61 2630 1133
5 2815 2136 3641 1134
5 2235 923 2435 1135
5 962 1826 3331 1136
5 956 2306 3009 1137
5 2674 3787 3852 1138
5 2950 863 3675 1139
5 2071 1698 3808 1140
5 517 2071 3201 1141
5 673 2153 2455 1142
5 768 1988 2596 1143
5 2817 535 3207 1144
5 239 240 2232 1145
5 1979 4212 4213 1146
5 1000 1829 3352 1147
5 2317 1062 3014 1148
5 1228 2078 4986 1149
5 1404 2431 3406 1150
5 2075 1225 3311 1151
5 1989 1196 2012 1152
5 1990 1212 2009 1153
5 1991 1188 2015 1154
5 1992 1208 2014 1155
5 1993 1200 2005 1156
5 1204 1994 2006 1157
5 2661 957 4405 1158
5 3307 1619 4972 1159
5 2059 917 2538 1160
5 2205 51 2624 1161
5 868 1563 3066 1162
5 911 2144 2895 1163
5 2144 1243 2895 1164
5 4356 1171 4943 1165
5 4355 1187 4956 1166
5 1918 710 3937 1167
5 1928 727 3938 1168
5 1930 712 3935 1169
5 709 1923 3936 1170
5 1925 723 3934 1171
5 293 2135 2541 1172
5 1703 964 4349 1173
5 764 2347 2348 1174
5 1863 909 3615 1175
5 1824 311 3681 1176
5 872 1903 2662 1177
5 2231 1136 2425 1178
5 1085 1973 2543 1179
5 140 141 3830 1180
5 2030 1260 2452 1181
5 1804 840 3227 1182
5 908 2030 2452 1183
5 1249 2169 3607 1184
5 2537 649 2730 1185
5 808 3312 5102 1186
5 2321 1066 4199 1187
5 865 3379 4197 1188
5 50 2205 3805 1189
5 2562 607 3864 1190
5 1174 3041 4799 1191
5 3011 1997 3096 1192
5 1812 67 2540 1193
5 691 2046 3503 1194
5 1483 2415 2549 1195
5 1480 2411 2545 1196
5 2414 1482 2547 1197
5 1484 2413 2550 1198
5 1481 2412 2546 1199
5 1485 2416 2548 1200
5 1830 2054 4257 1201
5 690 2047 3504 1202
5 1301 2062 2930 1203
5 3502 1246 5040 1204
5 1302 2063 2931 1205
5 2314 2234 3553 1206
5 2832 916 3767 1207
5 1304 2064 2932 1208
5 2679 1287 3543 1209
5 1305 2065 2933 1210
5 835 1833 4223 1211
5 579 580 2152 1212
5 288 289 2151 1213
5 2579 806 3899 1214
5 1651 1231 3620 1215
5 1652 1232 3621 1216
5 2567 1611 4327 1217
5 1612 2566 4328 1218
5 1653 1233 3622 1219
5 1654 1234 3623 1220
5 1306 2069 2935 1221
5 1235 1655 3624 1222
5 1236 1656 3625 1223
5 1237 1657 3626 1224
5 1238 1658 3627 1225
5 584 585 2150 1226
5 283 284 2149 1227
5 1239 1659 3628 1228
5 1062 2241 3843 1229
5 1240 1660 3629 1230
5 1242 1661 3630 1231
5 2896 1755 3780 1232
5 1754 2897 3781 1233
5 2343 1981 4281 1234
5 2512 738 2649 1235
5 1292 2512 2649 1236
5 234 235 2146 1237
5 229 230 2147 1238
5 1832 1137 3677 1239
5 2205 1003 2565 1240
5 2134 1320 2941 1241
5 1400 2205 2565 1242
5 1099 2158 2762 1243
5 2162 1102 2768 1244
5 1112 2166 2776 1245
5 1103 2161 2765 1246
5 1116 2167 2781 1247
5 1110 2163 2777 1248
5 1117 2168 2782 1249
5 1094 2157 2759 1250
5 1340 2235 2435 1251
5 2142 1073 2686 1252
5 697 1961 4909 1253
5 1165 2697 3853 1254
5 2754 1590 3078 1255
5 737 2754 3078 1256
5 1169 2698 3854 1257
5 1173 2699 3855 1258
5 1177 2700 3858 1259
5 1181 2701 3857 1260
5 1189 2702 3856 1261
5 3161 1220 3726 1262
5 2204 628 3702 1263
5 2308 697 4909 1264
5 2300 672 3560 1265
5 3442 766 3829 1266
5 1823 654 4404 1267
5 2297 875 4718 1268
5 3184 2180 5147 1269
5 3185 2176 5149 1270
5 3181 2174 5151 1271
5 3182 2177 5153 1272
5 3180 2175 5145 1273
5 3179 2185 5143 1274
5 1830 1088 3089 1275
5 1064 2076 2600 1276
5 3305 1253 4972 1277
5 2305 1062 3843 1278
5 1287 2635 3152 1279
5 962 2204 2376 1280
5 2951 1231 4888 1281
5 2952 1232 4889 1282
5 2953 1233 4890 1283
5 2954 1234 4891 1284
5 1235 2955 4892 1285
5 1236 2956 4893 1286
5 1237 2957 4894 1287
5 1238 2958 4895 1288
5 1240 2960 4897 1289
5 1239 2959 4896 1290
5 1062 2349 3014 1291
5 799 3409 3722 1292
5 3119 1783 3840 1293
5 1782 3118 3839 1294
5 1242 2961 4898 1295
5 2053 1075 4409 1296
5 3176 2186 5172 1297
5 786 1911 2862 1298
5 1911 1093 2862 1299
5 798 1931 3885 1300
5 1913 790 3887 1301
5 1935 797 3888 1302
5 797 1934 3884 1303
5 1933 798 3889 1304
5 790 1914 3886 1305
5 788 1924 2864 1306
5 1103 1929 2865 1307
5 791 1919 3891 1308
5 1929 793 2865 1309
5 1920 791 3892 1310
5 1924 1096 2864 1311
5 961 1902 3824 1312
5 2155 511 2676 1313
5 3684 1153 3917 1314
5 1457 2204 3702 1315
5 1814 2331 4349 1316
5 2347 764 2561 1317
5 850 1777 2919 1318
5 1517 1840 3778 1319
5 313 1870 2901 1320
5 1795 657 3083 1321
5 2453 2270 4998 1322
5 3012 1214 4406 1323
5 733 1867 4195 1324
5 2200 1869 4278 1325
5 2189 868 3636 1326
5 2866 1580 4125 1327
5 1586 2870 4128 1328
5 1966 1081 2658 1329
5 895 2217 4690 1330
5 2387 1270 3378 1331
5 3445 988 4714 1332
5 989 3446 4715 1333
5 1257 2450 2877 1334
5 901 1999 2727 1335
5 1230 1861 3074 1336
5 1964 498 3555 1337
5 1953 928 2583 1338
5 1003 1987 2565 1339
5 1529 2532 3485 1340
5 2531 1530 3486 1341
5 2533 1528 3487 1342
5 1527 2534 3488 1343
5 1954 930 2584 1344
5 1955 932 2585 1345
5 1956 934 2586 1346
5 1957 936 2587 1347
5 1958 938 2588 1348
5 1959 947 2591 1349
5 1548 2198 3355 1350
5 1081 1966 3512 1351
5 855 3653 4408 1352
5 1851 777 4317 1353
5 2270 1035 2459 1354
5 1458 2270 2459 1355
5 1034 2269 2458 1356
5 2269 1458 2458 1357
5 1145 1938 4208 1358
5 1362 1961 3733 1359
5 3728 1758 5099 1360
5 2269 489 3979 1361
5 490 2270 3979 1362
5 2272 1460 2486 1363
5 1460 2271 2485 1364
5 2271 1036 2485 1365
5 1037 2272 2486 1366
5 2282 1471 2490 1367
5 1055 2288 2508 1368
5 2275 1470 2489 1369
5 1462 2274 2488 1370
5 1043 2281 2493 1371
5 1465 2279 2492 1372
5 2287 1465 2503 1373
5 1041 2277 2491 1374
5 2281 1468 2493 1375
5 1472 2291 2497 1376
5 2278 1467 2494 1377
5 2284 1049 2498 1378
5 1468 2283 2496 1379
5 1467 2284 2498 1380
5 1051 2287 2503 1381
5 2285 1050 2501 1382
5 2280 1048 2495 1383
5 1471 2296 2510 1384
5 2277 1466 2491 1385
5 1046 2278 2494 1386
5 1464 2276 2500 1387
5 2273 1038 2487 1388
5 1039 2275 2489 1389
5 2283 1045 2496 1390
5 2276 1040 2500 1391
5 2294 1461 2502 1392
5 1047 2294 2502 1393
5 2288 1464 2508 1394
5 1059 2282 2490 1395
5 1056 2292 2507 1396
5 1470 2293 2506 1397
5 1463 2280 2495 1398
5 2279 1044 2492 1399
5 1466 2285 2501 1400
5 1461 2273 2487 1401
5 2293 1052 2506 1402
5 2286 1054 2504 1403
5 1469 2286 2504 1404
5 2289 1472 2499 1405
5 2295 1462 2509 1406
5 2274 1042 2488 1407
5 2292 1463 2507 1408
5 1053 2290 2505 1409
5 2290 1469 2505 1410
5 2296 1061 2510 1411
5 2291 1058 2497 1412
5 1057 2289 2499 1413
5 1060 2295 2509 1414
5 478 2271 3982 1415
5 2272 477 3982 1416
5 346 2273 3983 1417
5 370 2274 3988 1418
5 2289 333 3994 1419
5 334 2291 3994 1420
5 2295 369 3988 1421
5 430 2279 3989 1422
5 2275 405 3990 1423
5 382 2276 3984 1424
5 2294 345 3983 1425
5 2278 453 3987 1426
5 466 2283 3991 1427
5 2277 441 3986 1428
5 406 2293 3990 1429
5 2282 357 3993 1430
5 2281 465 3991 1431
5 454 2284 3987 1432
5 394 2280 3985 1433
5 2290 417 3992 1434
5 2287 429 3989 1435
5 442 2285 3986 1436
5 418 2286 3992 1437
5 2292 393 3985 1438
5 2288 381 3984 1439
5 358 2296 3993 1440
5 154 155 2299 1441
5 766 2511 2666 1442
5 1867 873 3369 1443
5 2711 1535 3517 1444
5 1761 609 2880 1445
5 550 551 2202 1446
5 1864 744 3511 1447
5 2289 1057 3436 1448
5 2228 984 5125 1449
5 1870 1219 2901 1450
5 1079 1996 4785 1451
5 1337 1976 3593 1452
5 2541 976 4526 1453
5 1906 1035 2743 1454
5 3241 1271 3981 1455
5 2094 1009 3262 1456
5 2095 1011 3263 1457
5 2105 1012 3266 1458
5 2106 1024 3265 1459
5 2097 1027 3264 1460
5 2116 1030 3267 1461
5 1033 2114 3272 1462
5 1018 2117 3275 1463
5 2098 1022 3270 1464
5 1029 2100 3274 1465
5 1016 2102 3271 1466
5 1025 2103 3273 1467
5 1026 2099 3269 1468
5 1008 2091 3394 1469
5 2231 897 4698 1470
5 2305 58 4155 1471
5 909 1863 3481 1472
5 4320 3039 4806 1473
5 4315 3044 4793 1474
5 4316 3042 4796 1475
5 3040 4318 4805 1476
5 4319 3043 4804 1477
5 4321 3038 4811 1478
5 2001 968 3226 1479
5 2525 801 3345 1480
5 2438 1399 3964 1481
5 1010 2093 3400 1482
5 1023 2108 3402 1483
5 1015 2111 3401 1484
5 2112 716 3404 1485
5 1013 2113 3403 1486
5 2104 1028 3434 1487
5 2115 1014 3432 1488
5 2101 1020 3431 1489
5 2096 709 3428 1490
5 2109 1031 3429 1491
5 719 2107 3433 1492
5 725 2110 3430 1493
5 1898 695 2450 1494
5 944 2119 3661 1495
5 2120 949 3662 1496
5 2118 948 3663 1497
5 959 2324 4985 1498
5 2121 943 3664 1499
5 2123 952 3665 1500
5 2122 946 3666 1501
5 2372 907 3779 1502
5 1287 3152 3543 1503
5 3353 872 4005 1504
5 700 3011 3096 1505
5 2142 874 3347 1506
5 1861 1230 3410 1507
5 968 2001 2640 1508
5 877 1968 3958 1509
5 1961 697 4252 1510
5 1076 1973 2663 1511
5 3035 553 3545 1512
5 3455 2056 3463 1513
5 1227 1983 3339 1514
5 1545 2329 3193 1515
5 1546 2330 3191 1516
5 505 3205 4410 1517
5 2070 45 4386 1518
5 41 42 2358 1519
5 308 309 2345 1520
5 3600 1354 3661 1521
5 1355 3601 3662 1522
5 1356 3602 3663 1523
5 1357 3603 3664 1524
5 1358 3604 3665 1525
5 1359 3605 3666 1526
5 1091 1907 2755 1527
5 1906 1092 2756 1528
5 1064 2233 2630 1529
5 777 1851 3359 1530
5 2039 994 2732 1531
5 2327 1541 3164 1532
5 1540 2328 3163 1533
5 834 3333 5111 1534
5 1399 3675 3964 1535
5 1367 1970 3315 1536
5 1065 2596 4309 1537
5 2326 1539 3158 1538
5 1538 2325 3157 1539
5 1901 738 2834 1540
5 1910 1094 2759 1541
5 1093 1911 2758 1542
5 1105 1912 2771 1543
5 1097 1923 2761 1544
5 1917 1117 2782 1545
5 1096 1924 2764 1546
5 1929 1103 2765 1547
5 1920 1099 2762 1548
5 1933 1116 2781 1549
5 1107 1922 2772 1550
5 1928 1113 2773 1551
5 1100 1926 2763 1552
5 1101 1914 2767 1553
5 1106 1927 2770 1554
5 1925 1104 2766 1555
5 1114 1934 2779 1556
5 1918 1109 2775 1557
5 1930 1098 2769 1558
5 1111 1921 2778 1559
5 1108 1919 2774 1560
5 1913 1110 2777 1561
5 1935 1115 2780 1562
5 1118 1931 2783 1563
5 2596 1988 4309 1564
5 867 1976 3814 1565
5 3205 2033 4410 1566
5 4093 3107 4397 1567
5 1973 767 2663 1568
5 1961 1362 2718 1569
5 1501 2525 3345 1570
5 2535 1249 4348 1571
5 2528 1249 2535 1572
5 1988 1269 2740 1573
5 2522 869 4459 1574
5 484 2242 3904 1575
5 985 2045 2572 1576
5 986 2046 2573 1577
5 987 2047 2574 1578
5 1272 2148 3464 1579
5 2043 990 2618 1580
5 991 2044 2619 1581
5 2041 992 2616 1582
5 993 2042 2617 1583
5 995 2040 2601 1584
5 1960 2535 4348 1585
5 3033 1624 3261 1586
5 472 2244 3913 1587
5 2243 483 3904 1588
5 364 2246 3910 1589
5 2247 375 3906 1590
5 352 2266 3911 1591
5 2256 399 3915 1592
5 436 2248 3912 1593
5 2245 351 3911 1594
5 376 2250 3906 1595
5 448 2260 3908 1596
5 2262 435 3912 1597
5 2257 459 3914 1598
5 460 2261 3914 1599
5 2252 387 3907 1600
5 340 2259 3916 1601
5 2254 423 3905 1602
5 2264 471 3913 1603
5 400 2253 3915 1604
5 2265 411 3909 1605
5 2249 447 3908 1606
5 412 2258 3909 1607
5 388 2255 3907 1608
5 2263 339 3916 1609
5 424 2251 3905 1610
5 2267 363 3910 1611
5 876 3455 3463 1612
5 1867 733 3751 1613
5 1797 3058 4553 1614
5 1147 1864 3511 1615
5 2076 1443 2681 1616
5 1764 611 2960 1617
5 1765 612 2959 1618
5 1766 613 2958 1619
5 1767 614 2957 1620
5 1768 615 2956 1621
5 1769 616 2955 1622
5 618 1770 2954 1623
5 619 1771 2953 1624
5 1763 610 2961 1625
5 620 1772 2952 1626
5 621 1773 2951 1627
5 1973 1076 4101 1628
5 66 1812 3768 1629
5 702 2091 4020 1630
5 119 120 2341 1631
5 957 2053 4409 1632
5 2148 1272 4819 1633
5 628 1937 3702 1634
5 695 2724 2725 1635
5 1085 3206 4700 1636
5 1533 3382 3505 1637
5 709 2096 4019 1638
5 2101 712 4013 1639
5 726 2100 4016 1640
5 715 2099 4018 1641
5 722 2108 4014 1642
5 2104 723 4017 1643
5 2115 710 4011 1644
5 2109 727 4015 1645
5 718 2113 4012 1646
5 964 1703 3051 1647
5 984 2228 3897 1648
5 879 3119 3840 1649
5 3118 878 3839 1650
5 1937 2916 5106 1651
5 799 2145 3409 1652
5 679 1970 3392 1653
5 983 2227 2688 1654
5 1259 2336 2388 1655
5 2426 2228 5125 1656
5 151 2784 3447 1657
5 626 1969 4351 1658
5 761 2528 2535 1659
5 2241 1229 3140 1660
5 1219 1870 4384 1661
5 4325 3105 4807 1662
5 4324 3106 4798 1663
5 4323 3104 4801 1664
5 4322 3103 4790 1665
5 922 2057 3646 1666
5 2736 2737 5101 1667
5 4314 3099 4784 1668
5 43 44 2558 1669
5 2143 964 3969 1670
5 1923 1097 3936 1671
5 1113 1928 3938 1672
5 1109 1918 3937 1673
5 1098 1930 3935 1674
5 1104 1925 3934 1675
5 1717 1359 3724 1676
5 1718 1358 3723 1677
5 1719 1357 3721 1678
5 1720 1356 3720 1679
5 1721 1355 3719 1680
5 1354 1722 3718 1681
5 41 2358 4365 1682
5 873 1867 3065 1683
5 2233 1064 2600 1684
5 1570 2662 4250 1685
5 955 2229 2891 1686
5 2387 3378 3592 1687
5 868 1701 3007 1688
5 2153 1373 2455 1689
5 2002 1371 4693 1690
5 789 1915 3893 1691
5 1099 1920 3892 1692
5 1914 1101 3886 1693
5 1116 1933 3889 1694
5 1916 789 3890 1695
5 1919 1108 3891 1696
5 1934 1114 3884 1697
5 1110 1913 3887 1698
5 787 1932 3894 1699
5 1115 1935 3888 1700
5 1931 1118 3885 1701
5 572 2438 4200 1702
5 1709 1090 2721 1703
5 1936 766 3442 1704
5 2340 902 3160 1705
5 916 1969 2731 1706
5 974 1563 3346 1707
5 1938 824 4556 1708
5 2155 1370 3644 1709
5 1961 902 3733 1710
5 1504 2637 3093 1711
5 2637 803 3093 1712
5 254 255 2316 1713
5 104 105 2315 1714
5 1827 3161 3726 1715
5 1906 703 2936 1716
5 2318 1522 3062 1717
5 161 1872 3708 1718
5 1900 899 3329 1719
5 165 1885 3709 1720
5 917 1936 2538 1721
5 1813 3684 3917 1722
5 1552 1900 3049 1723
5 325 326 2711 1724
5 2348 921 2449 1725
5 2513 918 2726 1726
5 2298 1065 2908 1727
5 169 1886 3707 1728
5 1910 786 2943 1729
5 1917 788 2944 1730
5 793 1927 2945 1731
5 1278 2147 3132 1732
5 559 560 4107 1733
5 1279 2146 3133 1734
5 2147 982 3132 1735
5 2146 981 3133 1736
5 1907 1091 3259 1737
5 225 226 2377 1738
5 531 532 2303 1739
5 2154 1073 3797 1740
5 173 1887 3706 1741
5 1075 2053 2336 1742
5 1563 868 3346 1743
5 1092 1906 2936 1744
5 960 2049 2733 1745
5 1968 1502 2731 1746
5 177 1888 3705 1747
5 1912 1105 3276 1748
5 1922 1107 3277 1749
5 1926 1100 3278 1750
5 1921 1111 3279 1751
5 973 3697 5155 1752
5 181 1889 3703 1753
5 1210 4320 4806 1754
5 4318 1202 4805 1755
5 1170 4315 4793 1756
5 1178 4316 4796 1757
5 1194 4319 4804 1758
5 1186 4321 4811 1759
5 1367 3312 4220 1760
5 980 2149 3137 1761
5 2150 979 3138 1762
5 2149 1280 3137 1763
5 1281 2150 3138 1764
5 3488 2043 5023 1765
5 2044 3487 5022 1766
5 678 3033 3261 1767
5 185 1890 3700 1768
5 978 2151 3135 1769
5 2152 977 3136 1770
5 2151 1277 3135 1771
5 1276 2152 3136 1772
5 2051 731 3088 1773
5 1911 1036 2981 1774
5 1037 1910 2982 1775
5 1051 1913 2985 1776
5 1919 1050 2986 1777
5 1041 1920 2991 1778
5 1931 1061 2983 1779
5 1927 1049 2990 1780
5 1914 1044 2988 1781
5 1046 1929 2992 1782
5 1924 1042 2989 1783
5 1056 1916 2987 1784
5 1915 1048 2993 1785
5 1932 1038 2996 1786
5 1059 1933 2995 1787
5 1060 1917 2984 1788
5 1934 1058 2994 1789
5 1094 1910 2943 1790
5 1117 1917 2944 1791
5 1927 1106 2945 1792
5 553 554 3545 1793
5 189 1891 3699 1794
5 2662 1903 4250 1795
5 2229 1247 2891 1796
5 1003 2205 2624 1797
5 2638 2033 4004 1798
5 1899 80 4268 1799
5 1902 2872 3995 1800
5 193 1892 3698 1801
5 2000 1076 2904 1802
5 2784 1245 3447 1803
5 295 296 2318 1804
5 1872 3288 3563 1805
5 197 1894 3696 1806
5 1885 3287 3567 1807
5 1244 2373 3896 1808
5 497 1964 3017 1809
5 2232 240 2631 1810
5 1336 2070 3795 1811
5 201 1895 3695 1812
5 1886 3289 3566 1813
5 2421 2312 3631 1814
5 2311 2420 3632 1815
5 131 132 2035 1816
5 897 1779 3016 1817
5 1887 3296 3565 1818
5 2511 1324 2666 1819
5 205 1896 3693 1820
5 1964 1228 3017 1821
5 824 1938 3077 1822
5 1282 1998 3444 1823
5 1998 907 3444 1824
5 1903 1291 3088 1825
5 1888 3300 3564 1826
5 1938 1145 3077 1827
5 1072 2303 2620 1828
5 1069 3509 4000 1829
5 3508 1070 4001 1830
5 1149 2736 3743 1831
5 1714 1124 2890 1832
5 1889 3301 3562 1833
5 1716 1121 2894 1834
5 209 1897 3694 1835
5 1728 1122 2893 1836
5 1729 1123 2892 1837
5 1730 1125 2888 1838
5 1731 1126 2887 1839
5 1733 1127 2886 1840
5 38 39 2371 1841
5 1130 1736 2885 1842
5 1131 1737 2884 1843
5 650 1905 4235 1844
5 1132 1738 2883 1845
5 572 573 2438 1846
5 1133 1739 2882 1847
5 1826 3746 3942 1848
5 2592 1989 4759 1849
5 2593 1990 4760 1850
5 2589 1991 4761 1851
5 2590 1992 4762 1852
5 2594 1993 4763 1853
5 1994 2595 4764 1854
5 91 92 2365 1855
5 622 1774 3225 1856
5 1890 3304 3561 1857
5 1129 1735 2742 1858
5 1135 4699 4848 1859
5 2022 1113 2920 1860
5 1008 2242 2860 1861
5 1559 1074 4415 1862
5 141 920 3830 1863
5 1662 2653 4459 1864
5 2243 1009 2858 1865
5 1010 2244 2859 1866
5 2245 1011 2835 1867
5 1029 2259 2857 1868
5 2263 1032 2838 1869
5 2249 1019 2840 1870
5 1013 2250 2844 1871
5 2252 1020 2841 1872
5 1015 2251 2836 1873
5 1017 2253 2843 1874
5 2264 1028 2854 1875
5 1025 2260 2848 1876
5 1023 2258 2842 1877
5 1016 2248 2850 1878
5 2257 1024 2849 1879
5 2256 1022 2855 1880
5 1018 2246 2852 1881
5 2262 1027 2853 1882
5 1021 2255 2839 1883
5 1026 2261 2847 1884
5 2247 1012 2845 1885
5 2265 1031 2851 1886
5 2254 1014 2837 1887
5 1033 2266 2856 1888
5 2267 1030 2846 1889
5 2934 1258 3645 1890
5 2682 1995 4231 1891
5 1344 2682 4231 1892
5 2372 1664 4543 1893
5 1779 622 3238 1894
5 2333 1446 3685 1895
5 2582 1575 3491 1896
5 1574 2581 3492 1897
5 683 2582 3491 1898
5 2581 682 3492 1899
5 2298 49 3805 1900
5 1983 1227 4277 1901
5 1804 752 4143 1902
5 1805 751 4141 1903
5 1806 750 4139 1904
5 1807 749 4138 1905
5 1808 748 4136 1906
5 1809 747 4135 1907
5 1810 746 4133 1908
5 156 157 4100 1909
5 1905 1252 3455 1910
5 1960 629 2872 1911
5 1035 1906 4374 1912
5 1811 754 4119 1913
5 2154 1087 2561 1914
5 3022 1877 5148 1915
5 3021 1876 5150 1916
5 3026 1883 5152 1917
5 3024 1879 5154 1918
5 3028 1882 5146 1919
5 3029 1884 5144 1920
5 111 112 2357 1921
5 247 248 2356 1922
5 116 117 2354 1923
5 242 243 2355 1924
5 3932 924 4446 1925
5 2347 921 2348 1926
5 3288 1317 3563 1927
5 2091 1008 4732 1928
5 1057 1935 3775 1929
5 125 3202 3642 1930
5 86 2719 2738 1931
5 3287 1318 3567 1932
5 1872 1294 3708 1933
5 1078 1816 2878 1934
5 2062 1234 2998 1935
5 2130 846 3567 1936
5 3034 1893 5173 1937
5 2129 845 3566 1938
5 2128 844 3565 1939
5 2127 843 3564 1940
5 2063 1233 2999 1941
5 2126 842 3562 1942
5 2125 841 3561 1943
5 1897 3317 3590 1944
5 1885 1293 3709 1945
5 2076 804 2600 1946
5 2064 1232 3000 1947
5 3289 1316 3566 1948
5 2065 1231 3001 1949
5 1886 1295 3707 1950
5 2093 1010 4734 1951
5 1009 2094 4733 1952
5 1011 2095 4735 1953
5 2103 1025 4740 1954
5 1022 2098 4738 1955
5 1027 2097 4739 1956
5 2114 1033 4749 1957
5 2099 1026 4741 1958
5 2100 1029 4747 1959
5 2102 1016 4745 1960
5 1028 2104 4750 1961
5 1024 2106 4751 1962
5 2113 1013 4752 1963
5 1012 2105 4746 1964
5 1031 2109 4754 1965
5 2111 1015 4748 1966
5 1020 2101 4742 1967
5 2108 1023 4753 1968
5 1014 2115 4755 1969
5 1030 2116 4756 1970
5 2117 1018 4757 1971
5 1887 1296 3706 1972
5 2136 1120 4836 1973
5 1888 1297 3705 1974
5 2319 743 2728 1975
5 1889 1298 3703 1976
5 3062 1522 4542 1977
5 3296 1315 3565 1978
5 1890 1299 3700 1979
5 764 2230 2561 1980
5 1891 1300 3699 1981
5 2069 1241 3002 1982
5 998 3449 4500 1983
5 2124 847 3563 1984
5 3300 1314 3564 1985
5 1224 2307 3198 1986
5 702 1907 3259 1987
5 1962 3595 4103 1988
5 1902 1341 3437 1989
5 705 2093 2982 1990
5 2094 704 2981 1991
5 2095 706 2996 1992
5 2098 708 2993 1993
5 2097 711 2988 1994
5 717 2111 2985 1995
5 713 2102 2991 1996
5 2105 707 2989 1997
5 2110 725 2994 1998
5 716 2112 2987 1999
5 714 2103 2992 2000
5 2106 720 2990 2001
5 2107 719 2986 2002
5 721 2114 2995 2003
5 2116 729 2983 2004
5 728 2117 2984 2005
5 3301 1313 3562 2006
5 1492 3041 3529 2007
5 909 1996 3615 2008
5 1444 1987 4076 2009
5 2077 1601 4560 2010
5 964 2143 3240 2011
5 1987 1003 4076 2012
5 740 2142 2686 2013
5 726 1912 3276 2014
5 722 1922 3277 2015
5 718 1921 3279 2016
5 715 1926 3278 2017
5 3304 1312 3561 2018
5 2350 1152 2564 2019
5 2017 1094 2943 2020
5 2026 1117 2944 2021
5 1106 2020 2945 2022
5 988 2140 2581 2023
5 2141 989 2582 2024
5 1447 2191 4217 2025
5 3488 810 4065 2026
5 811 3487 4066 2027
5 766 2666 3829 2028
5 1843 2919 4269 2029
5 1972 2877 4290 2030
5 300 301 2353 2031
5 1633 3107 4093 2032
5 2577 1249 3607 2033
5 2233 1547 4155 2034
5 976 2135 3092 2035
5 154 2299 5104 2036
5 2135 1254 3092 2037
5 1843 4269 5115 2038
5 3750 651 5060 2039
5 972 1936 3581 2040
5 2760 1095 3894 2041
5 1932 2760 3894 2042
5 2768 1102 3893 2043
5 1915 2768 3893 2044
5 2022 1097 2761 2045
5 1112 2776 3890 2046
5 2028 1107 2772 2047
5 2776 1916 3890 2048
5 1113 2022 2773 2049
5 794 2028 2772 2050
5 796 2022 2761 2051
5 2018 1105 2771 2052
5 2022 796 2773 2053
5 2028 794 2775 2054
5 787 2018 2771 2055
5 1109 2028 2775 2056
5 305 306 2352 2057
5 2219 975 2515 2058
5 976 2220 2514 2059
5 2221 977 2517 2060
5 978 2222 2516 2061
5 73 74 2878 2062
5 2223 979 2519 2063
5 980 2224 2518 2064
5 981 2225 2520 2065
5 2016 1091 2755 2066
5 785 2016 2755 2067
5 2016 785 2756 2068
5 1092 2016 2756 2069
5 982 2226 2521 2070
5 3203 2369 4411 2071
5 1364 1984 2748 2072
5 2204 1457 4027 2073
5 926 2131 3734 2074
5 1999 1260 2727 2075
5 522 523 2623 2076
5 3464 2148 4108 2077
5 1973 1085 4700 2078
5 1002 2155 2676 2079
5 2303 532 2620 2080
5 1088 2736 3089 2081
5 2220 689 3342 2082
5 1327 2220 3342 2083
5 686 2221 3341 2084
5 2222 687 3340 2085
5 2221 1330 3341 2086
5 1329 2222 3340 2087
5 684 2223 3338 2088
5 2224 685 3337 2089
5 2223 1332 3338 2090
5 1331 2224 3337 2091
5 2058 732 4537 2092
5 560 561 2268 2093
5 2031 742 4242 2094
5 1074 2527 2717 2095
5 925 2077 4560 2096
5 1282 2876 3035 2097
5 2876 1554 3035 2098
5 1977 537 3776 2099
5 2736 1088 3743 2100
5 2626 1128 3227 2101
5 33 34 2443 2102
5 2132 1256 4064 2103
5 89 1982 3414 2104
5 1445 3067 3117 2105
5 1756 2685 3728 2106
5 2685 1363 3728 2107
5 2269 1034 2813 2108
5 3113 1823 5171 2109
5 1459 1977 3776 2110
5 3045 1148 3818 2111
5 3690 1597 3826 2112
5 2272 1037 2812 2113
5 1036 2271 2811 2114
5 1042 2274 2793 2115
5 1038 2273 2788 2116
5 1048 2280 2803 2117
5 1040 2276 2792 2118
5 2288 1055 2789 2119
5 1044 2279 2806 2120
5 2290 1053 2796 2121
5 2277 1041 2791 2122
5 1050 2285 2794 2123
5 2275 1039 2805 2124
5 2278 1046 2801 2125
5 2292 1056 2797 2126
5 1058 2291 2810 2127
5 2281 1043 2799 2128
5 1049 2284 2798 2129
5 1045 2283 2802 2130
5 1054 2286 2790 2131
5 2282 1059 2809 2132
5 2287 1051 2795 2133
5 1052 2293 2804 2134
5 2294 1047 2808 2135
5 2295 1060 2800 2136
5 1061 2296 2807 2137
5 2377 226 3999 2138
5 2547 1482 4172 2139
5 2310 970 2439 2140
5 1982 896 3949 2141
5 2072 1342 3611 2142
5 2236 1079 4785 2143
5 1449 2671 3899 2144
5 3317 1320 3590 2145
5 2037 623 4963 2146
5 2913 905 3544 2147
5 4269 3046 5115 2148
5 2539 1078 2878 2149
5 2237 678 4140 2150
5 765 2366 2876 2151
5 1001 2238 2751 2152
5 1076 2000 2741 2153
5 1242 2124 2974 2154
5 2067 54 3140 2155
5 1235 2125 2997 2156
5 1236 2126 2980 2157
5 1237 2127 2979 2158
5 1238 2128 2978 2159
5 1239 2129 2977 2160
5 1240 2130 2976 2161
5 2389 698 4860 2162
5 2424 874 2942 2163
5 802 2369 3203 2164
5 1623 2601 3649 2165
5 2601 689 3649 2166
5 1073 3347 3797 2167
5 1828 3697 4272 2168
5 836 2065 3516 2169
5 2075 1275 3391 2170
5 837 2064 3515 2171
5 848 2069 3520 2172
5 2153 3746 3767 2173
5 838 2063 3514 2174
5 2070 1336 3130 2175
5 1967 1343 2950 2176
5 839 2062 3513 2177
5 924 1971 4262 2178
5 3007 1261 3636 2179
5 4154 2389 4860 2180
5 819 1710 3082 2181
5 784 2333 3685 2182
5 2002 1250 2749 2183
5 1226 2133 3059 2184
5 2558 1336 2875 2185
5 2188 1089 3008 2186
5 2133 966 3059 2187
5 1244 2134 3013 2188
5 1708 2319 5155 2189
5 1262 2188 3008 2190
5 2341 120 3815 2191
5 2017 659 2819 2192
5 1094 2017 2819 2193
5 2026 666 2820 2194
5 1117 2026 2820 2195
5 1100 2019 2824 2196
5 2019 660 2824 2197
5 1103 2020 2823 2198
5 2020 661 2823 2199
5 1111 2027 2829 2200
5 2027 668 2829 2201
5 2732 994 3679 2202
5 64 65 3053 2203
5 1248 2031 4253 2204
5 2152 580 2652 2205
5 288 2151 2651 2206
5 68 1866 2540 2207
5 2150 585 2648 2208
5 283 2149 2647 2209
5 2147 230 2644 2210
5 2146 235 2645 2211
5 3428 709 3669 2212
5 725 3430 3673 2213
5 1128 2626 4416 2214
5 1969 626 4311 2215
5 1757 1136 2785 2216
5 2038 1473 4224 2217
5 2880 1218 4401 2218
5 214 3122 3407 2219
5 1980 65 3768 2220
5 907 1998 3779 2221
5 38 2199 3115 2222
5 1222 2558 2875 2223
5 1261 3419 3636 2224
5 2191 703 2743 2225
5 908 2718 3850 2226
5 1581 2867 4605 2227
5 1579 2863 4604 2228
5 1585 2869 4606 2229
5 1588 2868 4608 2230
5 1589 2871 4610 2231
5 213 1976 3806 2232
5 2131 926 2580 2233
5 3133 2520 5114 2234
5 3132 2521 5113 2235
5 2225 1333 3737 2236
5 2226 1334 3736 2237
5 645 2057 2709 2238
5 86 87 2719 2239
5 803 3302 4663 2240
5 1611 2567 4164 2241
5 2566 1612 4165 2242
5 3030 4276 5067 2243
5 1271 2306 3981 2244
5 310 311 3141 2245
5 1821 699 2787 2246
5 3053 2073 4370 2247
5 4699 2061 4848 2248
5 2348 1245 3268 2249
5 2602 1533 3505 2250
5 232 233 2329 2251
5 227 228 2330 2252
5 2454 3114 4834 2253
5 1865 4031 4758 2254
5 2218 327 4474 2255
5 1939 2889 3830 2256
5 2138 1084 2671 2257
5 508 509 2321 2258
5 1168 2584 5013 2259
5 1172 2585 5017 2260
5 2595 1204 5015 2261
5 1196 2592 5019 2262
5 804 2349 4611 2263
5 960 1972 4290 2264
5 1228 1964 3380 2265
5 285 286 2327 2266
5 582 583 2328 2267
5 2205 1400 3805 2268
5 2048 1115 4219 2269
5 3164 1541 4549 2270
5 1540 3163 4548 2271
5 1093 2017 2862 2272
5 2018 1095 2863 2273
5 1097 2022 2866 2274
5 2020 1103 2865 2275
5 2023 1101 2867 2276
5 2021 1108 2869 2277
5 2024 1114 2870 2278
5 1096 2026 2864 2279
5 2028 1109 2868 2280
5 2029 1118 2871 2281
5 3307 2052 3971 2282
5 2560 1707 3497 2283
5 767 1973 3070 2284
5 1560 2143 3969 2285
5 591 3071 3790 2286
5 3072 277 3791 2287
5 290 291 2326 2288
5 577 578 2325 2289
5 2454 629 3114 2290
5 3158 1539 4547 2291
5 1538 3157 4546 2292
5 500 501 2385 2293
5 629 1960 4348 2294
5 3032 1603 4242 2295
5 2373 3541 3896 2296
5 2713 521 4385 2297
5 2153 673 3746 2298
5 85 86 2738 2299
5 769 2075 3391 2300
5 1713 3544 5028 2301
5 2138 626 4351 2302
5 2337 1399 3652 2303
5 656 2173 2739 2304
5 1154 2344 2575 2305
5 2344 1005 2575 2306
5 1698 3435 4218 2307
5 2319 2728 5155 2308
5 3746 673 3942 2309
5 1334 2046 3736 2310
5 2046 691 3736 2311
5 1981 972 4821 2312
5 1333 2047 3737 2313
5 2047 690 3737 2314
5 2228 3552 3897 2315
5 39 40 2447 2316
5 1322 1982 4273 2317
5 1544 2375 3213 2318
5 674 2000 2904 2319
5 1258 2746 3645 2320
5 2040 4541 5026 2321
5 4540 2039 5027 2322
5 2042 4539 5024 2323
5 4538 2041 5025 2324
5 2054 321 4257 2325
5 1972 317 3441 2326
5 1270 2038 3367 2327
5 2021 1099 3892 2328
5 2018 787 3894 2329
5 2029 1116 3889 2330
5 1101 2023 3886 2331
5 1108 2021 3891 2332
5 1114 2024 3884 2333
5 2025 789 3893 2334
5 2023 1110 3887 2335
5 789 2025 3890 2336
5 2024 1115 3888 2337
5 1118 2029 3885 2338
5 699 1869 2787 2339
5 1986 1227 3209 2340
5 1250 2002 2907 2341
5 1336 2558 3130 2342
5 2154 606 2786 2343
5 1977 900 3794 2344
5 1552 2237 4140 2345
5 955 2320 4716 2346
5 1547 2233 2600 2347
5 678 2237 3945 2348
5 1545 3193 4533 2349
5 1361 2526 2937 2350
5 1546 3191 4534 2351
5 968 2720 3226 2352
5 1303 2232 3283 2353
5 1087 2055 2347 2354
5 2232 995 3283 2355
5 1484 2550 4565 2356
5 1483 2549 4564 2357
5 1481 2546 4562 2358
5 1480 2545 4561 2359
5 1485 2548 4566 2360
5 2526 803 2937 2361
5 1936 917 3581 2362
5 2057 1159 3614 2363
5 3352 864 3947 2364
5 80 1899 2430 2365
5 1343 1967 3349 2366
5 1255 2598 3939 2367
5 2017 1093 3147 2368
5 660 2019 3148 2369
5 661 2020 3149 2370
5 2026 1096 3151 2371
5 2027 1098 3150 2372
5 2131 642 3635 2373
5 3509 1838 4000 2374
5 1837 3508 4001 2375
5 3123 1572 4359 2376
5 1984 907 4543 2377
5 1975 1147 3511 2378
5 1193 2122 4300 2379
5 1185 2121 4299 2380
5 2119 1201 4302 2381
5 1209 2123 4301 2382
5 1205 2118 4303 2383
5 1197 2120 4304 2384
5 54 2067 4052 2385
5 688 2219 3438 2386
5 2219 1328 3438 2387
5 2227 1335 5093 2388
5 967 2173 3061 2389
5 1162 4314 4784 2390
5 1166 4322 4790 2391
5 1206 4325 4807 2392
5 1190 4323 4801 2393
5 1182 4324 4798 2394
5 1458 2269 3979 2395
5 2270 1458 3979 2396
5 1227 1986 3003 2397
5 1273 2423 3239 2398
5 2271 1460 3982 2399
5 1460 2272 3982 2400
5 2291 1472 3994 2401
5 1472 2289 3994 2402
5 2274 1462 3988 2403
5 1471 2282 3993 2404
5 1470 2275 3990 2405
5 2279 1465 3989 2406
5 2273 1461 3983 2407
5 1467 2278 3987 2408
5 1468 2281 3991 2409
5 2283 1468 3991 2410
5 1465 2287 3989 2411
5 1466 2277 3986 2412
5 1462 2295 3988 2413
5 2284 1467 3987 2414
5 2296 1471 3993 2415
5 2276 1464 3984 2416
5 2286 1469 3992 2417
5 2293 1470 3990 2418
5 2280 1463 3985 2419
5 1469 2290 3992 2420
5 2285 1466 3986 2421
5 1461 2294 3983 2422
5 1463 2292 3985 2423
5 1464 2288 3984 2424
5 45 46 4386 2425
5 237 238 2375 2426
5 1246 2035 4530 2427
5 1395 2817 3207 2428
5 1862 854 4725 2429
5 111 2357 3129 2430
5 2356 248 3128 2431
5 116 2354 3127 2432
5 2355 243 3126 2433
5 1323 2889 3281 2434
5 1602 2351 3211 2435
5 2452 1260 2716 2436
5 1223 2452 2716 2437
5 1815 734 3226 2438
5 2376 2204 4027 2439
5 1980 1141 3053 2440
5 623 2238 4963 2441
5 964 3240 4349 2442
5 1224 3198 3877 2443
5 2189 974 3346 2444
5 689 2220 3901 2445
5 1997 1151 2570 2446
5 624 3367 4224 2447
5 1974 130 3502 2448
5 2349 3054 4611 2449
5 595 596 2694 2450
5 272 273 2693 2451
5 1547 2305 4155 2452
5 626 2138 4667 2453
5 260 261 2690 2454
5 98 99 2691 2455
5 1909 3330 4100 2456
5 1795 2143 3838 2457
5 1379 2315 3456 2458
5 2316 1380 3457 2459
5 2315 988 3456 2460
5 989 2316 3457 2461
5 958 2368 3365 2462
5 3064 558 4388 2463
5 840 1804 3377 2464
5 2436 1402 3345 2465
5 2354 1531 3087 2466
5 1532 2355 3086 2467
5 1530 2356 3084 2468
5 2357 1529 3085 2469
5 2542 1342 3397 2470
5 1986 566 3003 2471
5 2000 674 3849 2472
5 1362 2000 3849 2473
5 3367 2038 4224 2474
5 824 3307 3971 2475
5 2563 122 4207 2476
5 2308 1776 3467 2477
5 1845 2727 3493 2478
5 2198 1548 3392 2479
5 2391 1347 3710 2480
5 3002 3010 4690 2481
5 3257 1255 3939 2482
5 2914 1820 4971 2483
5 744 1975 3511 2484
5 2353 1521 3080 2485
5 2950 1610 4229 2486
5 2352 1519 3079 2487
5 2393 1348 3712 2488
5 2394 1349 3713 2489
5 2395 1350 3714 2490
5 2396 1351 3715 2491
5 2397 1352 3716 2492
5 2398 1353 3717 2493
5 1087 2154 2786 2494
5 2399 1354 3718 2495
5 1355 2400 3719 2496
5 2557 770 4307 2497
5 1356 2401 3720 2498
5 981 2520 3133 2499
5 1357 2402 3721 2500
5 1358 2403 3723 2501
5 536 1977 3207 2502
5 1359 2404 3724 2503
5 982 2521 3132 2504
5 51 52 2624 2505
5 1525 3842 4422 2506
5 3841 1526 4421 2507
5 2134 1244 3896 2508
5 1524 3839 4420 2509
5 3840 1523 4419 2510
5 2242 1430 3904 2511
5 2629 767 3070 2512
5 538 2576 3776 2513
5 1559 2913 3544 2514
5 2244 1441 3913 2515
5 1430 2243 3904 2516
5 2246 1432 3910 2517
5 1434 2245 3911 2518
5 2259 1442 3916 2519
5 1438 2256 3915 2520
5 1431 2247 3906 2521
5 2253 1438 3915 2522
5 2248 1439 3912 2523
5 2250 1431 3906 2524
5 1440 2257 3914 2525
5 1439 2262 3912 2526
5 1441 2264 3913 2527
5 1442 2263 3916 2528
5 1432 2267 3910 2529
5 2266 1434 3911 2530
5 1435 2252 3907 2531
5 1437 2249 3908 2532
5 2261 1440 3914 2533
5 2258 1436 3909 2534
5 2255 1435 3907 2535
5 2260 1437 3908 2536
5 1436 2265 3909 2537
5 1433 2254 3905 2538
5 2251 1433 3905 2539
5 2273 347 2788 2540
5 2274 371 2793 2541
5 440 2277 2791 2542
5 2276 383 2792 2543
5 416 2290 2796 2544
5 2285 443 2794 2545
5 368 2295 2800 2546
5 392 2292 2797 2547
5 380 2288 2789 2548
5 2283 467 2802 2549
5 404 2275 2805 2550
5 428 2287 2795 2551
5 464 2281 2799 2552
5 2279 431 2806 2553
5 452 2278 2801 2554
5 2284 455 2798 2555
5 2286 419 2790 2556
5 2293 407 2804 2557
5 344 2294 2808 2558
5 2280 395 2803 2559
5 2291 335 2810 2560
5 356 2282 2809 2561
5 2296 359 2807 2562
5 2271 479 2811 2563
5 476 2272 2812 2564
5 300 2353 3121 2565
5 2092 1093 2758 2566
5 488 2269 2813 2567
5 2079 1095 2760 2568
5 2087 1106 2770 2569
5 2085 1101 2767 2570
5 2089 1114 2779 2571
5 2086 1108 2774 2572
5 2083 1096 2764 2573
5 2088 1118 2783 2574
5 1089 2346 2744 2575
5 974 2199 2371 2576
5 2040 3484 4541 2577
5 3483 2039 4540 2578
5 2042 3486 4539 2579
5 3485 2041 4538 2580
5 1157 2071 3808 2581
5 630 2640 4524 2582
5 3031 4074 5063 2583
5 305 2352 3120 2584
5 909 2002 3943 2585
5 3710 1347 4828 2586
5 1965 1075 4558 2587
5 1135 2675 4699 2588
5 3023 1880 5069 2589
5 3020 1875 5070 2590
5 3018 1873 5071 2591
5 3019 1874 5072 2592
5 3027 1878 5073 2593
5 1881 3025 5074 2594
5 3712 1348 4822 2595
5 3713 1349 4825 2596
5 3714 1350 4827 2597
5 3715 1351 4826 2598
5 3716 1352 4824 2599
5 2368 1392 3365 2600
5 3717 1353 4823 2601
5 2358 1643 4365 2602
5 3016 3013 4698 2603
5 753 2062 2998 2604
5 755 2063 2999 2605
5 1218 2973 4401 2606
5 756 2064 3000 2607
5 986 2192 3199 2608
5 2192 1263 3199 2609
5 757 2065 3001 2610
5 2337 975 3482 2611
5 1141 1980 3321 2612
5 1399 2337 3482 2613
5 740 3223 3351 2614
5 121 122 2563 2615
5 2240 1560 4260 2616
5 2072 3611 4694 2617
5 987 2193 3200 2618
5 2193 1264 3200 2619
5 3088 731 4250 2620
5 1979 1292 4369 2621
5 4298 1650 4912 2622
5 46 47 4386 2623
5 2061 1057 4848 2624
5 2623 523 3970 2625
5 1699 2428 3335 2626
5 758 2069 3002 2627
5 1594 2732 3679 2628
5 640 1875 3189 2629
5 1881 637 3186 2630
5 638 1878 3183 2631
5 641 1880 3188 2632
5 639 1874 3187 2633
5 644 1873 3190 2634
5 2342 1250 4669 2635
5 2196 1266 3194 2636
5 1265 2197 3195 2637
5 992 2196 3194 2638
5 2197 993 3195 2639
5 2194 1268 3197 2640
5 1267 2195 3196 2641
5 990 2194 3197 2642
5 2195 991 3196 2643
5 3093 803 4663 2644
5 564 565 2423 2645
5 1976 1337 3806 2646
5 2030 674 3493 2647
5 1260 2030 3493 2648
5 2133 1226 4006 2649
5 1996 2544 4785 2650
5 2544 648 4785 2651
5 2916 628 3697 2652
5 3684 1152 4214 2653
5 1135 2332 3285 2654
5 2365 92 5080 2655
5 2430 1899 4687 2656
5 1780 2342 4669 2657
5 1984 765 3974 2658
5 1149 2036 3078 2659
5 2036 737 3078 2660
5 538 539 2576 2661
5 2237 1449 3945 2662
5 2873 2171 3063 2663
5 568 1983 4277 2664
5 2237 925 2671 2665
5 2425 1366 3745 2666
5 1455 2379 2451 2667
5 2066 624 4224 2668
5 2644 1545 3860 2669
5 2645 1544 3861 2670
5 3045 1862 5174 2671
5 882 2200 4600 2672
5 1095 2018 3894 2673
5 1102 2025 3893 2674
5 2025 1112 3890 2675
5 1650 2603 4912 2676
5 2381 861 4218 2677
5 96 1 2661 2678
5 907 1984 3444 2679
5 2051 1137 3774 2680
5 74 2539 2878 2681
5 1144 1289 2443 2682
5 295 2318 3110 2683
5 1137 2051 3677 2684
5 2780 2048 4063 2685
5 1908 2346 3650 2686
5 1983 568 3608 2687
5 2653 1662 4347 2688
5 2438 1576 4200 2689
5 2242 485 2860 2690
5 1473 2066 4224 2691
5 674 2030 3849 2692
5 2030 908 3850 2693
5 2244 473 2859 2694
5 482 2243 2858 2695
5 374 2247 2845 2696
5 2266 353 2856 2697
5 2246 365 2852 2698
5 2255 389 2839 2699
5 350 2245 2835 2700
5 2251 425 2836 2701
5 422 2254 2837 2702
5 2250 377 2844 2703
5 2260 449 2848 2704
5 446 2249 2840 2705
5 2261 461 2847 2706
5 2248 437 2850 2707
5 2258 413 2842 2708
5 386 2252 2841 2709
5 434 2262 2853 2710
5 362 2267 2846 2711
5 458 2257 2849 2712
5 338 2263 2838 2713
5 2253 401 2843 2714
5 398 2256 2855 2715
5 470 2264 2854 2716
5 410 2265 2851 2717
5 2259 341 2857 2718
5 1982 89 4273 2719
5 902 1961 3160 2720
5 2529 986 4458 2721
5 555 556 2757 2722
5 1814 3580 4137 2723
5 1088 2036 3743 2724
5 768 1987 3543 2725
5 2331 1703 4349 2726
5 3031 1141 4074 2727
5 2138 2671 4560 2728
5 1526 2693 4421 2729
5 2694 1525 4422 2730
5 2690 1524 4420 2731
5 1523 2691 4419 2732
5 1181 2176 4792 2733
5 1193 2178 4791 2734
5 1177 2174 4794 2735
5 1169 2175 4797 2736
5 1173 2177 4800 2737
5 1205 2181 4802 2738
5 2179 1201 4795 2739
5 1189 2180 4803 2740
5 1209 2183 4808 2741
5 1197 2182 4810 2742
5 1185 2184 4812 2743
5 1165 2185 4789 2744
5 3215 1388 4766 2745
5 3214 1387 4765 2746
5 1400 2298 3805 2747
5 1097 2080 3936 2748
5 2084 1113 3938 2749
5 2081 1098 3935 2750
5 2082 1109 3937 2751
5 2090 1104 3934 2752
5 950 2592 4759 2753
5 939 2593 4760 2754
5 951 2589 4761 2755
5 941 2590 4762 2756
5 945 2594 4763 2757
5 2595 942 4764 2758
5 1384 3216 4770 2759
5 3217 1383 4769 2760
5 2530 987 4466 2761
5 1382 3218 4768 2762
5 3219 1381 4767 2763
5 912 2240 4260 2764
5 2436 801 3955 2765
5 3223 1750 3351 2766
5 2749 1864 3943 2767
5 2655 257 4165 2768
5 102 2656 4164 2769
5 1828 2916 3697 2770
5 1161 2186 4783 2771
5 3580 1246 4137 2772
5 2036 1088 3895 2773
5 1284 2426 3165 2774
5 3330 1285 4100 2775
5 2536 1597 3379 2776
5 3002 1241 3010 2777
5 1089 2188 3116 2778
5 1996 909 3682 2779
5 1218 2172 3613 2780
5 2670 855 4408 2781
5 2203 883 2973 2782
5 1996 1079 3615 2783
5 659 2017 3147 2784
5 2019 1104 3148 2785
5 2020 1106 3149 2786
5 666 2026 3151 2787
5 668 2027 3150 2788
5 3240 1814 4349 2789
5 514 2072 4209 2790
5 917 3321 4928 2791
5 3228 1389 4837 2792
5 3202 1573 3642 2793
5 1844 2324 3940 2794
5 2191 959 3395 2795
5 2671 925 4560 2796
5 1260 1999 4908 2797
5 2238 623 2751 2798
5 911 2033 3450 2799
5 2033 1256 3450 2800
5 2304 918 3582 2801
5 2077 925 3049 2802
5 319 2050 4678 2803
5 2134 759 3013 2804
5 323 324 2448 2805
5 2000 1362 3733 2806
5 917 2059 3321 2807
5 2536 692 3826 2808
5 1597 2536 3826 2809
5 2316 255 3741 2810
5 104 2315 3740 2811
5 1563 2371 4283 2812
5 1998 1282 3545 2813
5 1999 901 3611 2814
5 1896 205 3316 2815
5 1244 3013 3016 2816
5 1068 2567 4327 2817
5 2566 1067 4328 2818
5 1895 201 3314 2819
5 3731 1865 3945 2820
5 1897 209 3317 2821
5 1894 197 3313 2822
5 3312 1796 5102 2823
5 2078 738 4398 2824
5 1892 193 3309 2825
5 2456 2036 3895 2826
5 1891 189 3306 2827
5 2268 1397 2753 2828
5 1256 2033 3205 2829
5 579 2152 3328 2830
5 2151 289 3327 2831
5 1827 153 3161 2832
5 1890 185 3304 2833
5 1889 181 3301 2834
5 983 2688 4720 2835
5 1888 177 3300 2836
5 1887 173 3296 2837
5 2814 906 3883 2838
5 3198 2307 3874 2839
5 1825 2814 3883 2840
5 1886 169 3289 2841
5 1872 161 3288 2842
5 1885 165 3287 2843
5 1148 2730 3818 2844
5 511 512 2676 2845
5 143 2513 2726 2846
5 1116 2029 4977 2847
5 1105 2018 4978 2848
5 1099 2021 4980 2849
5 1107 2028 4979 2850
5 1115 2024 4982 2851
5 1110 2023 4981 2852
5 1562 2747 2910 2853
5 584 2150 3326 2854
5 2149 284 3325 2855
5 2747 732 2910 2856
5 904 2051 3540 2857
5 108 109 2534 2858
5 250 251 2533 2859
5 245 246 2531 2860
5 113 114 2532 2861
5 2191 2743 4217 2862
5 2241 3140 4724 2863
5 2639 735 4391 2864
5 628 2204 4875 2865
5 2072 514 3397 2866
5 2073 1141 3031 2867
5 1979 3684 4214 2868
5 2637 1145 2937 2869
5 31 32 2628 2870
5 2218 1146 3802 2871
5 1710 2050 3748 2872
5 2876 2366 4198 2873
5 130 1974 3941 2874
5 1732 3710 4828 2875
5 2036 1149 3743 2876
5 2060 743 3090 2877
5 2035 132 3965 2878
5 560 2268 4107 2879
5 2405 610 2551 2880
5 1153 2313 3917 2881
5 2406 611 2552 2882
5 2407 612 2553 2883
5 2408 613 2554 2884
5 2409 614 2555 2885
5 2410 615 2556 2886
5 2152 1276 3328 2887
5 1277 2151 3327 2888
5 627 2139 3637 2889
5 762 2169 3512 2890
5 234 2146 3319 2891
5 229 2147 3318 2892
5 1864 2544 3682 2893
5 2150 1281 3326 2894
5 1280 2149 3325 2895
5 2418 622 2559 2896
5 3321 1980 4928 2897
5 2046 1334 3835 2898
5 2047 1333 3837 2899
5 557 558 3064 2900
5 142 143 2726 2901
5 1715 3712 4822 2902
5 1725 3713 4825 2903
5 1727 3714 4827 2904
5 1726 3715 4826 2905
5 1724 3716 4824 2906
5 1723 3717 4823 2907
5 1145 2636 2937 2908
5 2334 1445 3117 2909
5 2204 962 4900 2910
5 2146 1279 3319 2911
5 2147 1278 3318 2912
5 2229 733 4195 2913
5 1595 3206 3963 2914
5 2404 895 3724 2915
5 2403 894 3723 2916
5 2345 309 4077 2917
5 2402 893 3721 2918
5 2401 892 3720 2919
5 2400 891 3719 2920
5 890 2399 3718 2921
5 889 2398 3717 2922
5 1004 2650 3770 2923
5 888 2397 3716 2924
5 520 521 2713 2925
5 887 2396 3715 2926
5 541 542 2428 2927
5 886 2395 3714 2928
5 885 2394 3713 2929
5 884 2393 3712 2930
5 1412 2563 3947 2931
5 1006 2962 3836 2932
5 883 2391 3710 2933
5 1068 2311 2917 2934
5 2312 1067 2918 2935
5 1328 2039 3438 2936
5 868 2189 3346 2937
5 297 298 2530 2938
5 151 152 2784 2939
5 821 2715 3324 2940
5 2637 1504 2924 2941
5 2047 987 3504 2942
5 2046 986 3503 2943
5 2715 1549 3324 2944
5 2337 575 2911 2945
5 1154 2575 4718 2946
5 302 303 2529 2947
5 2440 1966 5125 2948
5 984 2440 5125 2949
5 2431 911 2895 2950
5 1445 2431 2895 2951
5 570 571 2427 2952
5 2379 609 2451 2953
5 730 3046 3744 2954
5 1546 2377 3999 2955
5 2040 1327 3342 2956
5 2042 1329 3340 2957
5 1330 2041 3341 2958
5 1332 2043 3338 2959
5 2044 1331 3337 2960
5 1474 2405 2551 2961
5 1475 2406 2552 2962
5 1476 2407 2553 2963
5 1477 2408 2554 2964
5 1478 2409 2555 2965
5 1479 2410 2556 2966
5 256 257 2655 2967
5 102 103 2656 2968
5 280 281 2902 2969
5 587 588 2903 2970
5 1321 1345 2660 2971
5 2349 1393 3014 2972
5 2832 1084 4351 2973
5 2879 1550 3461 2974
5 1486 2418 2559 2975
5 2524 1395 3794 2976
5 743 2060 3303 2977
5 1319 2172 3496 2978
5 875 3030 5067 2979
5 731 2051 3774 2980
5 2520 2225 3737 2981
5 2521 2226 3736 2982
5 672 2300 2737 2983
5 2444 1536 3820 2984
5 1412 2341 3815 2985
5 2060 1230 3303 2986
5 2056 1252 3405 2987
5 2039 1328 5027 2988
5 1327 2040 5026 2989
5 2041 1330 5025 2990
5 1329 2042 5024 2991
5 2650 1600 3770 2992
5 2043 1332 5023 2993
5 1331 2044 5022 2994
5 994 2039 3483 2995
5 2040 995 3484 2996
5 992 2041 3485 2997
5 2042 993 3486 2998
5 990 2043 3488 2999
5 2044 991 3487 3000
5 2445 1550 2879 3001
5 691 3503 4765 3002
5 1364 2748 3383 3003
5 2341 1412 3679 3004
5 690 3504 4766 3005
5 994 2341 3679 3006
5 1823 2301 5171 3007
5 1254 2135 3110 3008
5 1159 2057 3852 3009
5 2135 294 3110 3010
5 739 2198 3162 3011
5 1252 2056 3455 3012
5 1896 3516 3693 3013
5 1966 2440 3512 3014
5 2056 1255 3463 3015
5 2170 967 3667 3016
5 4212 1979 4214 3017
5 2051 904 3677 3018
5 2377 1546 3859 3019
5 1897 3520 3694 3020
5 983 2377 3859 3021
5 1345 1372 2672 3022
5 1895 3515 3695 3023
5 3680 1412 3947 3024
5 928 1953 4679 3025
5 1969 2832 4351 3026
5 3404 716 4397 3027
5 1894 3514 3696 3028
5 930 1954 4680 3029
5 947 1959 4686 3030
5 938 1958 4685 3031
5 936 1957 4684 3032
5 934 1956 4683 3033
5 932 1955 4682 3034
5 136 1144 4817 3035
5 1324 2511 3851 3036
5 2907 2002 4693 3037
5 1892 3513 3698 3038
5 1084 2138 4351 3039
5 1909 157 3112 3040
5 3735 1396 4098 3041
5 148 3461 4521 3042
5 4276 2068 5067 3043
5 975 2337 4431 3044
5 985 2345 3690 3045
5 2345 1413 3690 3046
5 48 2298 2908 3047
5 2076 1064 4163 3048
5 2680 784 3036 3049
5 1335 3834 3845 3050
5 606 2154 3797 3051
5 603 2946 4180 3052
5 2947 265 4181 3053
5 3383 2748 4782 3054
5 2949 600 4188 3055
5 268 2948 4187 3056
5 1648 3133 5114 3057
5 1649 3132 5113 3058
5 1443 2076 4163 3059
5 1760 2713 4385 3060
5 327 328 4474 3061
5 1245 2784 3268 3062
5 3067 651 3117 3063
5 1396 3068 4098 3064
5 2340 3160 3701 3065
5 3520 1306 3694 3066
5 1707 2934 3507 3067
5 3516 1305 3693 3068
5 2934 853 3507 3069
5 647 2815 3641 3070
5 3515 1304 3695 3071
5 2916 1223 5106 3072
5 3514 1302 3696 3073
5 3434 1028 4071 3074
5 3432 1014 4068 3075
5 3431 1020 4070 3076
5 3429 1031 4069 3077
5 1601 2077 3258 3078
5 3178 1215 3821 3079
5 3177 3178 3821 3080
5 3834 2045 3845 3081
5 2571 1089 2744 3082
5 1091 2156 3259 3083
5 3900 655 4993 3084
5 3513 1301 3698 3085
5 1100 2159 3278 3086
5 1105 2160 3276 3087
5 1107 2164 3277 3088
5 1111 2165 3279 3089
5 3798 808 5102 3090
5 2629 3070 4326 3091
5 2657 647 4717 3092
5 2189 3636 4306 3093
5 3046 1840 3744 3094
5 2333 967 3061 3095
5 1603 3032 4984 3096
5 45 2070 3130 3097
5 1255 2056 4871 3098
5 2318 1254 3110 3099
5 2642 971 4030 3100
5 1838 3640 5062 3101
5 3639 1837 5061 3102
5 2346 1456 3650 3103
5 947 2547 4172 3104
5 1217 2602 4296 3105
5 2542 516 3201 3106
5 2385 501 3996 3107
5 2455 1373 3804 3108
5 1023 3402 4058 3109
5 1013 3403 4059 3110
5 1015 3401 4057 3111
5 1010 3400 4056 3112
5 1158 2734 3139 3113
5 3903 1662 4459 3114
5 1880 641 5069 3115
5 1875 640 5070 3116
5 1873 644 5071 3117
5 1874 639 5072 3118
5 1878 638 5073 3119
5 637 1881 5074 3120
5 1008 3394 4054 3121
5 897 2425 3745 3122
5 123 124 2437 3123
5 1075 2336 2692 3124
5 3122 1402 3407 3125
5 2156 1091 4515 3126
5 3358 781 3390 3127
5 1857 3358 3390 3128
5 1855 3363 3387 3129
5 3363 780 3387 3130
5 1850 3364 3388 3131
5 3364 778 3388 3132
5 1849 3362 3389 3133
5 3362 775 3389 3134
5 2582 989 3457 3135
5 988 2581 3456 3136
5 784 3685 4414 3137
5 2157 1094 4514 3138
5 2166 1112 4511 3139
5 2158 1099 4503 3140
5 1102 2162 4507 3141
5 2159 1100 4504 3142
5 2161 1103 4505 3143
5 2164 1107 4509 3144
5 2163 1110 4510 3145
5 2160 1105 4508 3146
5 2167 1116 4513 3147
5 1229 2067 3140 3148
5 2052 3307 4619 3149
5 2561 2230 5078 3150
5 1869 699 5100 3151
5 2270 491 4998 3152
5 910 2075 3311 3153
5 647 4208 4717 3154
5 2132 507 4199 3155
5 308 2345 2899 3156
5 719 3433 4343 3157
5 2762 2158 4095 3158
5 2776 2166 4093 3159
5 2162 2768 4094 3160
5 2765 2161 4096 3161
5 2781 2167 4091 3162
5 2777 2163 4092 3163
5 2782 2168 4097 3164
5 2759 2157 4090 3165
5 2081 1200 4130 3166
5 2080 1097 4125 3167
5 2079 1212 4120 3168
5 2088 1188 4122 3169
5 2082 1184 4129 3170
5 2086 1176 4124 3171
5 2085 1180 4126 3172
5 1114 2089 4128 3173
5 1106 2087 4127 3174
5 2084 1192 4123 3175
5 2083 1208 4121 3176
5 1104 2090 4131 3177
5 2092 1164 4132 3178
5 22 2171 3281 3179
5 1776 2308 5116 3180
5 2061 331 3436 3181
5 724 2332 3775 3182
5 216 217 2419 3183
5 733 2229 4877 3184
5 2066 1473 3833 3185
5 3198 1608 3877 3186
5 2352 1263 3120 3187
5 1903 3088 4250 3188
5 864 3352 5033 3189
5 2353 1264 3121 3190
5 2357 1268 3129 3191
5 1267 2356 3128 3192
5 2354 1266 3127 3193
5 1265 2355 3126 3194
5 119 2341 2881 3195
5 561 562 3111 3196
5 3071 1557 3790 3197
5 1558 3072 3791 3198
5 624 2066 4021 3199
5 2446 1223 2716 3200
5 745 2446 2716 3201
5 2527 1074 2752 3202
5 29 30 2660 3203
5 2345 985 4357 3204
5 1825 2688 4149 3205
5 589 590 2441 3206
5 278 279 2442 3207
5 331 2061 4699 3208
5 2688 692 4149 3209
5 1841 3334 4907 3210
5 1449 3731 3945 3211
5 2185 1165 2359 3212
5 2175 1169 2360 3213
5 2180 1189 2361 3214
5 2176 1181 2362 3215
5 2174 1177 2363 3216
5 2177 1173 2364 3217
5 2071 1157 3201 3218
5 1976 213 3407 3219
5 2308 973 5116 3220
5 1575 2582 3457 3221
5 2581 1574 3456 3222
5 2371 39 4283 3223
5 1201 2119 3869 3224
5 2120 1197 3868 3225
5 2122 1193 3867 3226
5 2118 1205 3870 3227
5 2123 1209 3871 3228
5 2121 1185 3866 3229
5 1408 2680 3036 3230
5 2186 1161 2367 3231
5 1698 2071 3972 3232
5 2536 1290 2814 3233
5 627 2444 3820 3234
5 2071 518 3972 3235
5 1062 2305 3054 3236
5 970 2310 2729 3237
5 904 3466 4225 3238
5 1274 2137 3221 3239
5 113 2532 3918 3240
5 2531 246 3919 3241
5 550 2202 3812 3242
5 1606 2429 4258 3243
5 733 2201 3751 3244
5 3056 860 3799 3245
5 859 3055 3800 3246
5 3611 901 4694 3247
5 1409 2335 3958 3248
5 1380 2316 3741 3249
5 2315 1379 3740 3250
5 1090 2424 2942 3251
5 1639 2300 3560 3252
5 1821 2639 4391 3253
5 1221 2350 2564 3254
5 532 533 2620 3255
5 502 503 2940 3256
5 1119 2338 3950 3257
5 2067 1229 3280 3258
5 1319 2599 2929 3259
5 1573 3903 5099 3260
5 623 2037 5097 3261
5 3847 969 4695 3262
5 1217 4296 4520 3263
5 1275 2075 3739 3264
5 1217 2331 3537 3265
5 1564 2073 4274 3266
5 3923 63 4370 3267
5 315 316 2632 3268
5 2307 1224 5083 3269
5 2511 3156 3851 3270
5 807 2650 3406 3271
5 2650 1503 3406 3272
5 1230 2060 3410 3273
5 972 2540 4821 3274
5 1428 3134 4073 3275
5 966 2659 4411 3276
5 742 2188 3032 3277
5 4031 953 4758 3278
5 2143 1795 4620 3279
5 2386 915 2720 3280
5 2543 1973 4101 3281
5 2388 1 3381 3282
5 2384 653 2684 3283
5 1018 3275 4116 3284
5 1033 3272 4115 3285
5 1029 3274 4114 3286
5 3270 1022 4113 3287
5 1016 3271 4111 3288
5 1025 3273 4112 3289
5 1026 3269 4110 3290
5 1318 2605 2922 3291
5 1317 2604 2921 3292
5 1316 2606 2923 3293
5 1315 2607 2925 3294
5 1314 2608 2926 3295
5 1313 2609 2927 3296
5 1312 2610 2928 3297
5 1311 2611 2930 3298
5 1310 2612 2931 3299
5 1309 2613 2932 3300
5 1308 2614 2933 3301
5 3267 1030 4156 3302
5 3265 1024 4160 3303
5 1150 2384 2684 3304
5 1307 2615 2935 3305
5 1057 2332 4848 3306
5 3653 1622 4408 3307
5 1775 3750 5060 3308
5 1963 1213 2422 3309
5 2653 1077 4459 3310
5 74 75 2539 3311
5 3263 1011 4393 3312
5 3266 1012 4392 3313
5 3264 1027 4394 3314
5 2666 1324 2730 3315
5 1599 2563 4207 3316
5 1572 2747 4359 3317
5 3262 1009 4399 3318
5 2201 1900 3329 3319
5 2375 238 3348 3320
5 1398 3336 4600 3321
5 2570 1607 4598 3322
5 2618 990 3197 3323
5 991 2619 3196 3324
5 27 28 2672 3325
5 2616 992 3194 3326
5 993 2617 3195 3327
5 507 2132 4064 3328
5 1861 2365 5080 3329
5 704 2094 3262 3330
5 711 2097 3264 3331
5 706 2095 3263 3332
5 720 2106 3265 3333
5 707 2105 3266 3334
5 729 2116 3267 3335
5 2099 715 3269 3336
5 2102 713 3271 3337
5 708 2098 3270 3338
5 2103 714 3273 3339
5 2100 726 3274 3340
5 2114 721 3272 3341
5 2117 728 3275 3342
5 1401 2417 3971 3343
5 3412 1618 4066 3344
5 1617 3411 4065 3345
5 739 2627 2692 3346
5 3540 3334 5065 3347
5 2745 1220 5104 3348
5 2073 3923 4370 3349
5 2870 1114 4128 3350
5 1097 2866 4125 3351
5 2540 1866 4821 3352
5 1971 2313 4262 3353
5 1286 3243 3302 3354
5 605 2 3784 3355
5 3 263 3785 3356
5 3243 1753 3302 3357
5 5 598 3788 3358
5 270 4 3789 3359
5 655 2733 4993 3360
5 1073 2142 3347 3361
5 1342 2072 3397 3362
5 1291 3334 3540 3363
5 1078 2539 4258 3364
5 1756 3083 3771 3365
5 1561 3203 4411 3366
5 2073 1564 3923 3367
5 2426 646 3165 3368
5 3795 2070 4846 3369
5 1120 2383 3769 3370
5 3208 1269 3308 3371
5 805 2372 3453 3372
5 2372 1365 3453 3373
5 1256 3205 4064 3374
5 2670 1135 3285 3375
5 1789 3280 4887 3376
5 2346 625 2744 3377
5 2322 966 3725 3378
5 880 2432 4345 3379
5 2433 881 4346 3380
5 1867 3369 4195 3381
5 824 3077 3307 3382
5 297 2530 3922 3383
5 2091 702 3394 3384
5 1405 2032 3676 3385
5 2576 1459 3776 3386
5 3077 1619 3307 3387
5 2202 1403 3812 3388
5 672 2737 2898 3389
5 2093 705 3400 3390
5 2111 717 3401 3391
5 2108 722 3402 3392
5 2113 718 3403 3393
5 1134 2750 3813 3394
5 2737 1149 2898 3395
5 323 2448 5109 3396
5 2936 703 3553 3397
5 292 293 2541 3398
5 2910 1712 4836 3399
5 2439 970 3634 3400
5 25 26 2677 3401
5 712 2101 3431 3402
5 727 2109 3429 3403
5 710 2115 3432 3404
5 723 2104 3434 3405
5 877 3464 4108 3406
5 302 2529 3924 3407
5 3463 1255 3465 3408
5 995 2601 3283 3409
5 928 2405 4179 3410
5 1908 3463 3465 3411
5 1001 2751 3440 3412
5 930 2406 4168 3413
5 932 2407 4169 3414
5 934 2408 4170 3415
5 936 2409 4171 3416
5 938 2410 4173 3417
5 945 2415 4178 3418
5 939 2411 4177 3419
5 2414 942 4176 3420
5 951 2416 4174 3421
5 941 2412 4175 3422
5 1535 2456 3895 3423
5 950 2418 4190 3424
5 2137 744 4256 3425
5 3579 1717 3724 3426
5 3578 1718 3723 3427
5 3577 1719 3721 3428
5 3576 1720 3720 3429
5 3575 1721 3719 3430
5 1722 3574 3718 3431
5 1723 3573 3717 3432
5 1715 3568 3712 3433
5 1724 3572 3716 3434
5 1726 3571 3715 3435
5 1727 3570 3714 3436
5 1725 3569 3713 3437
5 2526 1361 4363 3438
5 3307 1253 4619 3439
5 1694 2618 3197 3440
5 2619 1695 3196 3441
5 1095 2079 4604 3442
5 1098 2081 4603 3443
5 1109 2082 4608 3444
5 1113 2084 4607 3445
5 1101 2085 4605 3446
5 1096 2083 4609 3447
5 1108 2086 4606 3448
5 1118 2088 4610 3449
5 505 506 3205 3450
5 1093 2092 4602 3451
5 1696 2616 3194 3452
5 2617 1697 3195 3453
5 2405 1474 4179 3454
5 1148 2666 2730 3455
5 2406 1475 4168 3456
5 2407 1476 4169 3457
5 2408 1477 4170 3458
5 2409 1478 4171 3459
5 2410 1479 4173 3460
5 2411 1480 4177 3461
5 2415 1483 4178 3462
5 1482 2414 4176 3463
5 2416 1485 4174 3464
5 2412 1481 4175 3465
5 1544 3213 4532 3466
5 1641 2936 3553 3467
5 1712 2750 2963 3468
5 3004 4788 5123 3469
5 2418 1486 4190 3470
5 1428 3582 3722 3471
5 1831 700 3096 3472
5 1904 1360 3373 3473
5 962 2319 4900 3474
5 905 1794 5028 3475
5 3448 1843 4819 3476
5 2319 1708 4900 3477
5 318 319 4678 3478
5 2685 866 3772 3479
5 2200 882 2787 3480
5 2235 1340 3729 3481
5 804 2076 3865 3482
5 3410 2060 3948 3483
5 903 3410 3948 3484
5 2633 1337 2941 3485
5 1732 3557 3710 3486
5 3113 1487 3154 3487
5 650 2735 2975 3488
5 2524 821 3324 3489
5 3498 1573 5099 3490
5 2412 619 2546 3491
5 2411 621 2545 3492
5 2416 620 2548 3493
5 616 2414 2547 3494
5 2413 617 2550 3495
5 2415 618 2549 3496
5 516 517 3201 3497
5 1395 2524 3324 3498
5 4274 2646 4830 3499
5 2735 1392 2975 3500
5 564 2423 3817 3501
5 1612 2655 4165 3502
5 2656 1611 4164 3503
5 2329 233 3319 3504
5 2330 228 3318 3505
5 2188 742 3116 3506
5 1778 4061 4162 3507
5 2074 3955 4545 3508
5 2322 1504 5121 3509
5 2636 1145 4208 3510
5 3746 1325 3767 3511
5 673 2455 4426 3512
5 214 215 3122 3513
5 4249 1534 4677 3514
5 2194 110 3129 3515
5 249 2195 3128 3516
5 2196 115 3127 3517
5 244 2197 3126 3518
5 1741 3594 3745 3519
5 1074 2034 5136 3520
5 2350 1221 2665 3521
5 2813 1034 4502 3522
5 239 2232 3348 3523
5 763 2235 3729 3524
5 2232 1303 3348 3525
5 1073 2154 5078 3526
5 2202 551 3101 3527
5 2193 299 3121 3528
5 2192 304 3120 3529
5 2299 2745 5104 3530
5 2812 1037 4499 3531
5 1036 2811 4498 3532
5 1042 2793 4479 3533
5 1058 2810 4496 3534
5 1048 2803 4492 3535
5 2789 1055 4477 3536
5 2801 1046 4490 3537
5 2808 1047 4484 3538
5 2800 1060 4475 3539
5 1040 2792 4478 3540
5 1044 2806 4493 3541
5 1038 2788 4481 3542
5 1050 2794 4485 3543
5 1049 2798 4483 3544
5 1052 2804 4482 3545
5 1054 2790 4476 3546
5 1045 2802 4489 3547
5 2797 1056 4491 3548
5 2805 1039 4495 3549
5 1061 2807 4480 3550
5 2791 1041 4488 3551
5 2796 1053 4487 3552
5 2799 1043 4494 3553
5 2809 1059 4497 3554
5 2795 1051 4486 3555
5 3975 1228 4986 3556
5 1263 2192 3120 3557
5 2349 1062 3054 3558
5 2688 1825 4720 3559
5 1264 2193 3121 3560
5 2601 1623 3283 3561
5 1146 2218 5077 3562
5 2145 799 3443 3563
5 741 2144 3810 3564
5 2137 1274 4030 3565
5 2524 3794 4872 3566
5 1243 2144 3399 3567
5 603 604 2946 3568
5 264 265 2947 3569
5 599 600 2949 3570
5 268 269 2948 3571
5 2220 976 3901 3572
5 548 549 3097 3573
5 1446 2439 3634 3574
5 1564 4274 4830 3575
5 1134 2576 3006 3576
5 3046 730 5115 3577
5 1398 2200 3773 3578
5 2564 1152 3100 3579
5 2455 3804 4354 3580
5 1826 2376 3146 3581
5 1268 2194 3129 3582
5 2195 1267 3128 3583
5 1266 2196 3127 3584
5 2197 1265 3126 3585
5 2169 1249 4997 3586
5 2901 1219 3681 3587
5 2747 1572 4537 3588
5 2144 741 3399 3589
5 1279 2329 3319 3590
5 1278 2330 3318 3591
5 2136 1361 3641 3592
5 2734 1158 4191 3593
5 3080 1521 4672 3594
5 2198 1063 5082 3595
5 1361 2136 3638 3596
5 2 97 3784 3597
5 262 3 3785 3598
5 2075 910 3739 3599
5 4 271 3789 3600
5 597 5 3788 3601
5 2171 23 3063 3602
5 1373 2153 3973 3603
5 3083 657 3771 3604
5 285 2327 3325 3605
5 2328 583 3326 3606
5 1245 2348 2449 3607
5 3079 1519 4673 3608
5 2889 1323 3830 3609
5 2178 1193 4300 3610
5 2184 1185 4299 3611
5 1201 2179 4302 3612
5 2183 1209 4301 3613
5 2181 1205 4303 3614
5 2182 1197 4304 3615
5 1978 2557 4307 3616
5 2144 911 3450 3617
5 2165 1111 4506 3618
5 2168 1117 4512 3619
5 1610 3482 3977 3620
5 1370 2321 3644 3621
5 2366 1284 3211 3622
5 965 2366 3211 3623
5 2627 1075 2692 3624
5 2057 645 3610 3625
5 1850 4323 4575 3626
5 1849 4324 4574 3627
5 1847 4325 4576 3628
5 1857 4322 4592 3629
5 504 2638 4060 3630
5 3770 1600 3960 3631
5 4020 1034 4373 3632
5 2327 1280 3325 3633
5 1281 2328 3326 3634
5 290 2326 3327 3635
5 2325 578 3328 3636
5 2586 1585 4124 3637
5 2587 1581 4126 3638
5 2589 1589 4122 3639
5 2588 1588 4129 3640
5 2590 1583 4121 3641
5 2591 1587 4123 3642
5 2593 1579 4120 3643
5 2594 1582 4130 3644
5 915 1815 2720 3645
5 2583 1577 4132 3646
5 240 241 2631 3647
5 79 80 2430 3648
5 1176 2586 4124 3649
5 1180 2587 4126 3650
5 1184 2588 4129 3651
5 1188 2589 4122 3652
5 1208 2590 4121 3653
5 1192 2591 4123 3654
5 1212 2593 4120 3655
5 1200 2594 4130 3656
5 2032 1245 4899 3657
5 1860 4314 4595 3658
5 1164 2583 4132 3659
5 2326 1277 3327 3660
5 1276 2325 3328 3661
5 651 3067 5060 3662
5 2163 1628 4092 3663
5 2158 1630 4095 3664
5 2161 1634 4096 3665
5 1635 2162 4094 3666
5 2167 1638 4091 3667
5 2166 1633 4093 3668
5 2168 1637 4097 3669
5 2157 1627 4090 3670
5 1365 2372 3779 3671
5 2423 1273 3817 3672
5 3452 1823 4404 3673
5 966 2369 3725 3674
5 824 2417 4556 3675
5 1054 4011 4375 3676
5 1040 4013 4377 3677
5 4016 1047 4381 3678
5 4012 1055 4382 3679
5 1052 4015 4383 3680
5 1045 4017 4379 3681
5 4019 1039 4378 3682
5 4014 1053 4380 3683
5 4018 1043 4376 3684
5 2153 916 3973 3685
5 3361 1853 3531 3686
5 782 3361 3531 3687
5 1856 3360 3528 3688
5 3360 783 3528 3689
5 1503 2385 3996 3690
5 1225 2900 3113 3691
5 1303 2375 3348 3692
5 2686 1073 5078 3693
5 1377 2873 3063 3694
5 4026 2678 4034 3695
5 1902 3729 3824 3696
5 3033 1865 4758 3697
5 2159 1629 4145 3698
5 2160 1631 4148 3699
5 2165 1636 4147 3700
5 2164 1632 4146 3701
5 2156 1626 4142 3702
5 2900 1487 3113 3703
5 3229 1751 5083 3704
5 143 144 2513 3705
5 8 2190 3139 3706
5 3339 1983 4109 3707
5 1403 2202 4029 3708
5 2833 1832 4838 3709
5 2320 626 4667 3710
5 833 2227 4534 3711
5 832 2226 4533 3712
5 829 2225 4532 3713
5 258 259 2566 3714
5 100 101 2567 3715
5 2527 1273 2717 3716
5 1008 2860 4732 3717
5 593 594 2568 3718
5 274 275 2569 3719
5 1360 2297 3374 3720
5 2858 1009 4733 3721
5 1010 2859 4734 3722
5 1029 2857 4747 3723
5 2838 1032 4736 3724
5 1025 2848 4740 3725
5 2840 1019 4743 3726
5 2855 1022 4738 3727
5 1013 2844 4752 3728
5 2854 1028 4750 3729
5 2849 1024 4751 3730
5 2853 1027 4739 3731
5 1016 2850 4745 3732
5 2841 1020 4742 3733
5 1017 2843 4737 3734
5 1026 2847 4741 3735
5 2851 1031 4754 3736
5 2835 1011 4735 3737
5 1015 2836 4748 3738
5 1018 2852 4757 3739
5 1023 2842 4753 3740
5 1033 2856 4749 3741
5 1021 2839 4744 3742
5 2845 1012 4746 3743
5 2837 1014 4755 3744
5 2846 1030 4756 3745
5 2305 1547 3054 3746
5 1750 3330 4362 3747
5 2303 1072 3497 3748
5 2759 705 2982 3749
5 704 2758 2981 3750
5 706 2760 2996 3751
5 2762 713 2991 3752
5 711 2767 2988 3753
5 708 2768 2993 3754
5 707 2764 2989 3755
5 725 2779 2994 3756
5 2765 714 2992 3757
5 2776 716 2987 3758
5 720 2770 2990 3759
5 2777 717 2985 3760
5 719 2774 2986 3761
5 2781 721 2995 3762
5 729 2783 2983 3763
5 2782 728 2984 3764
5 1288 2303 3497 3765
5 2347 2055 5098 3766
5 2336 1259 2692 3767
5 1409 2187 4118 3768
5 1777 2738 2919 3769
5 2383 1120 2815 3770
5 3727 1343 5033 3771
5 777 2479 4317 3772
5 959 2191 4251 3773
5 2191 1447 4251 3774
5 2895 1243 3067 3775
5 1445 2895 3067 3776
5 1988 2740 4309 3777
5 3108 1290 3976 3778
5 2321 509 3644 3779
5 925 2237 4544 3780
5 2456 1146 3396 3781
5 2237 1552 4544 3782
5 1664 3242 3735 3783
5 3467 1776 4868 3784
5 2641 1150 4256 3785
5 1446 2333 3061 3786
5 627 3637 3878 3787
5 2344 1154 3822 3788
5 2229 955 3258 3789
5 2050 4612 4678 3790
5 4541 817 5026 3791
5 816 4540 5027 3792
5 3017 1228 3975 3793
5 4539 814 5024 3794
5 813 4538 5025 3795
5 716 4093 4397 3796
5 2190 9 3005 3797
5 2420 857 4417 3798
5 858 2421 4418 3799
5 1620 2420 4417 3800
5 2421 1621 4418 3801
5 2621 1566 4106 3802
5 4612 1257 4678 3803
5 534 535 2817 3804
5 1643 2358 5066 3805
5 1711 3228 4837 3806
5 3447 2032 3619 3807
5 2338 1119 2938 3808
5 2723 905 2913 3809
5 1286 2526 4363 3810
5 3227 840 4536 3811
5 2625 1537 3742 3812
5 1786 2323 3554 3813
5 2382 1591 4358 3814
5 1214 2382 4358 3815
5 1591 3285 3598 3816
5 2337 2911 4431 3817
5 916 2153 3767 3818
5 580 581 2652 3819
5 287 288 2651 3820
5 2228 1284 4308 3821
5 1601 2320 4667 3822
5 3155 998 4772 3823
5 503 504 4060 3824
5 585 586 2648 3825
5 282 283 2647 3826
5 2238 1001 2724 3827
5 94 95 2683 3828
5 689 3901 4837 3829
5 2201 3329 4263 3830
5 2962 805 3836 3831
5 2370 835 4223 3832
5 230 231 2644 3833
5 235 236 2645 3834
5 3329 1448 4263 3835
5 1369 3783 4451 3836
5 3782 1368 4452 3837
5 1411 1143 1822 3838
5 2419 1501 4282 3839
5 2448 1830 5109 3840
5 1786 918 2304 3841
5 3320 753 3425 3842
5 1613 3056 3799 3843
5 3055 1614 3800 3844
5 1392 2735 4253 3845
5 2325 1538 4025 3846
5 1539 2326 4024 3847
5 577 2325 4025 3848
5 2326 291 4024 3849
5 1254 2318 3062 3850
5 918 2513 3582 3851
5 2076 2681 3865 3852
5 2315 105 3075 3853
5 254 2316 3076 3854
5 3334 655 4907 3855
5 2328 1540 4023 3856
5 1541 2327 4022 3857
5 1150 2342 3599 3858
5 582 2328 4023 3859
5 2327 286 4022 3860
5 1745 1142 2580 3861
5 4721 1221 5067 3862
5 3216 1695 4770 3863
5 1694 3217 4769 3864
5 2376 806 3146 3865
5 3218 1697 4768 3866
5 1696 3219 4767 3867
5 531 2303 4102 3868
5 1693 3215 4766 3869
5 1666 3214 4765 3870
5 1760 2623 4230 3871
5 2440 762 3512 3872
5 2532 1529 3918 3873
5 1530 2531 3919 3874
5 651 2302 3117 3875
5 439 440 2791 3876
5 427 428 2795 3877
5 463 464 2799 3878
5 347 348 2788 3879
5 467 468 2802 3880
5 455 456 2798 3881
5 443 444 2794 3882
5 403 404 2805 3883
5 379 380 2789 3884
5 419 420 2790 3885
5 391 392 2797 3886
5 343 344 2808 3887
5 383 384 2792 3888
5 407 408 2804 3889
5 415 416 2796 3890
5 451 452 2801 3891
5 355 356 2809 3892
5 431 432 2806 3893
5 367 368 2800 3894
5 371 372 2793 3895
5 359 360 2807 3896
5 395 396 2803 3897
5 335 336 2810 3898
5 479 480 2811 3899
5 475 476 2812 3900
5 2493 795 4376 3901
5 2505 794 4380 3902
5 795 2496 4379 3903
5 2489 796 4378 3904
5 2508 792 4382 3905
5 796 2506 4383 3906
5 792 2500 4377 3907
5 2502 787 4381 3908
5 794 2504 4375 3909
5 164 165 3709 3910
5 160 161 3708 3911
5 487 488 2813 3912
5 2240 912 3209 3913
5 2738 1139 2919 3914
5 966 2322 3059 3915
5 1152 2350 4214 3916
5 700 1831 3827 3917
5 227 2330 3999 3918
5 232 2329 3998 3919
5 2330 1546 3999 3920
5 2329 1545 3998 3921
5 168 169 3707 3922
5 1371 2571 2744 3923
5 2458 785 4373 3924
5 785 2459 4374 3925
5 3729 1340 3824 3926
5 4416 2413 4850 3927
5 2564 3100 4718 3928
5 2304 1428 4073 3929
5 172 173 3706 3930
5 1248 4235 5092 3931
5 54 55 3140 3932
5 626 2320 4050 3933
5 2173 1261 2739 3934
5 755 3472 3583 3935
5 756 3471 3584 3936
5 757 3470 3585 3937
5 758 3469 3586 3938
5 176 177 3705 3939
5 2331 630 3537 3940
5 1664 2372 3242 3941
5 2518 1543 4470 3942
5 1542 2519 4469 3943
5 2268 1006 4107 3944
5 2188 1262 3732 3945
5 2373 622 3225 3946
5 321 2054 3542 3947
5 1079 2236 4359 3948
5 3609 1845 3978 3949
5 180 181 3703 3950
5 2719 1139 2738 3951
5 2320 1409 4050 3952
5 622 2373 3238 3953
5 3958 2335 4635 3954
5 1361 3638 4363 3955
5 3369 1247 4195 3956
5 4356 1852 4589 3957
5 4355 1846 4570 3958
5 743 2319 3090 3959
5 184 185 3700 3960
5 1241 2373 3225 3961
5 974 2189 3538 3962
5 923 3795 4846 3963
5 1820 2914 4284 3964
5 3955 801 4545 3965
5 188 189 3699 3966
5 3097 1403 3203 3967
5 1561 3097 3203 3968
5 2373 1244 3238 3969
5 1533 2602 3537 3970
5 192 193 3698 3971
5 2059 2538 3803 3972
5 3114 1616 4834 3973
5 1706 2335 5156 3974
5 3146 1325 3746 3975
5 3087 1531 4540 3976
5 1532 3086 4541 3977
5 1530 3084 4539 3978
5 3085 1529 4538 3979
5 1220 2230 3726 3980
5 2899 2345 4357 3981
5 2389 1119 2912 3982
5 1555 3208 3308 3983
5 1826 3146 3746 3984
5 196 197 3696 3985
5 2571 800 4835 3986
5 1794 905 4520 3987
5 1360 1904 3798 3988
5 1522 2318 3922 3989
5 2579 1084 2832 3990
5 2318 296 3922 3991
5 200 201 3695 3992
5 2530 1522 3922 3993
5 1160 2314 4841 3994
5 2447 40 4365 3995
5 3420 1007 3466 3996
5 754 2203 3613 3997
5 2332 1057 3775 3998
5 212 213 3806 3999
5 2721 1090 3944 4000
5 923 2235 3795 4001
5 697 2664 4252 4002
5 3057 1248 5092 4003
5 2143 1560 3838 4004
5 1147 4223 4312 4005
5 1615 2239 4622 4006
5 2321 1370 4719 4007
5 988 2315 4714 4008
5 2316 989 4715 4009
5 3725 1520 3811 4010
5 204 205 3693 4011
5 1242 2974 3192 4012
5 1798 3320 3425 4013
5 2187 955 4033 4014
5 575 576 2911 4015
5 2529 1521 3924 4016
5 3640 677 5062 4017
5 676 3639 5061 4018
5 2241 1062 4099 4019
5 1240 2976 3175 4020
5 1239 2977 3174 4021
5 1238 2978 3173 4022
5 208 209 3694 4023
5 1237 2979 3172 4024
5 1236 2980 3171 4025
5 968 2386 2720 4026
5 1235 2997 3170 4027
5 2057 922 3852 4028
5 2998 1234 3169 4029
5 2999 1233 3168 4030
5 3000 1232 3167 4031
5 3001 1231 3166 4032
5 519 3435 3972 4033
5 2228 765 3552 4034
5 1328 2219 4332 4035
5 2220 1327 4333 4036
5 1961 2718 4909 4037
5 1330 2221 4334 4038
5 2222 1329 4335 4039
5 1332 2223 4336 4040
5 2224 1331 4337 4041
5 2576 539 3006 4042
5 1227 3003 4277 4043
5 1247 2229 4195 4044
5 3954 1283 4305 4045
5 2710 1292 4213 4046
5 37 38 3115 4047
5 2213 1129 3425 4048
5 53 54 4052 4049
5 2317 3014 5142 4050
5 1846 4321 4571 4051
5 1856 4319 4586 4052
5 1848 4320 4582 4053
5 4318 1853 4584 4054
5 1852 4315 4588 4055
5 1854 4316 4591 4056
5 2384 1150 3599 4057
5 2447 4365 4771 4058
5 3383 1995 3897 4059
5 1364 3383 3897 4060
5 158 159 4692 4061
5 2390 834 3408 4062
5 3014 701 5142 4063
5 2625 1157 3808 4064
5 1289 136 5081 4065
5 1590 2754 2915 4066
5 2219 688 3977 4067
5 2896 996 4989 4068
5 997 2897 4990 4069
5 654 3113 3154 4070
5 2946 1783 4180 4071
5 1782 2947 4181 4072
5 2643 1778 4162 4073
5 2948 1784 4187 4074
5 1785 2949 4188 4075
5 2914 675 4284 4076
5 644 3190 4299 4077
5 640 3189 4301 4078
5 3186 637 4302 4079
5 639 3187 4303 4080
5 641 3188 4300 4081
5 638 3183 4304 4082
5 2741 2000 3733 4083
5 902 2741 3733 4084
5 3472 1803 3583 4085
5 3471 1802 3584 4086
5 3605 1717 4613 4087
5 3604 1718 4614 4088
5 3603 1719 4615 4089
5 3602 1720 4616 4090
5 3601 1721 4617 4091
5 1722 3600 4618 4092
5 3470 1801 3585 4093
5 3469 1800 3586 4094
5 1124 2203 3474 4095
5 765 2228 4308 4096
5 2235 763 4372 4097
5 2310 4280 5003 4098
5 1121 2206 3480 4099
5 1122 2207 3479 4100
5 1123 2208 3478 4101
5 1125 2209 3477 4102
5 1126 2210 3476 4103
5 1127 2211 3475 4104
5 1128 2212 3473 4105
5 2214 1130 3472 4106
5 2215 1131 3471 4107
5 2216 1132 3470 4108
5 2217 1133 3469 4109
5 2479 4112 4317 4110
5 2189 734 3538 4111
5 746 2206 2974 4112
5 747 2207 2976 4113
5 748 2208 2977 4114
5 749 2209 2978 4115
5 750 2210 2979 4116
5 751 2211 2980 4117
5 752 2212 2997 4118
5 2213 753 2998 4119
5 2214 755 2999 4120
5 2215 756 3000 4121
5 2216 757 3001 4122
5 3509 1069 4916 4123
5 1070 3508 4915 4124
5 2637 2924 4226 4125
5 1587 2920 4607 4126
5 2217 758 3002 4127
5 2877 695 4254 4128
5 127 128 2653 4129
5 159 2599 4692 4130
5 1712 2963 4820 4131
5 1536 2444 4829 4132
5 327 2218 3802 4133
5 1816 1078 3809 4134
5 485 486 2860 4135
5 3336 1398 3381 4136
5 2221 686 3879 4137
5 687 2222 3880 4138
5 2223 684 3881 4139
5 685 2224 3882 4140
5 473 474 2859 4141
5 481 482 2858 4142
5 361 362 2846 4143
5 373 374 2845 4144
5 349 350 2835 4145
5 389 390 2839 4146
5 353 354 2856 4147
5 421 422 2837 4148
5 425 426 2836 4149
5 461 462 2847 4150
5 401 402 2843 4151
5 365 366 2852 4152
5 377 378 2844 4153
5 445 446 2840 4154
5 437 438 2850 4155
5 449 450 2848 4156
5 413 414 2842 4157
5 433 434 2853 4158
5 397 398 2855 4159
5 337 338 2838 4160
5 457 458 2849 4161
5 385 386 2841 4162
5 469 470 2854 4163
5 409 410 2851 4164
5 341 342 2857 4165
5 1250 2641 2749 4166
5 2225 981 3861 4167
5 3239 2423 4844 4168
5 2226 982 3860 4169
5 2227 983 3859 4170
5 2641 744 2749 4171
5 3336 1816 4600 4172
5 2154 2561 5078 4173
5 2309 1444 4075 4174
5 2037 3801 5097 4175
5 2671 1084 3899 4176
5 141 142 3499 4177
5 2597 1157 3742 4178
5 3365 1392 4253 4179
5 876 3463 3650 4180
5 762 2440 2682 4181
5 3463 1908 3650 4182
5 2382 1214 3012 4183
5 1625 2721 3944 4184
5 1622 2675 4408 4185
5 332 2289 3436 4186
5 2331 1217 4664 4187
5 2579 1325 3146 4188
5 759 2231 3013 4189
5 1157 2625 3742 4190
5 3579 3724 5168 4191
5 3578 3723 5167 4192
5 3577 3721 5166 4193
5 3576 3720 5165 4194
5 3575 3719 5164 4195
5 3718 3574 5163 4196
5 3717 3573 5162 4197
5 3716 3572 5161 4198
5 3712 3568 5157 4199
5 3715 3571 5160 4200
5 3714 3570 5159 4201
5 3713 3569 5158 4202
5 2450 819 3819 4203
5 1339 2338 3765 4204
5 1146 2711 3802 4205
5 806 2579 3146 4206
5 1510 3361 4293 4207
5 3360 1514 4291 4208
5 3359 1513 4292 4209
5 915 2386 4568 4210
5 4062 1745 4244 4211
5 1624 2381 3261 4212
5 1150 3221 4256 4213
5 769 4118 4814 4214
5 1599 3352 3947 4215
5 1252 2309 3282 4216
5 3466 904 5065 4217
5 2866 2022 2920 4218
5 3062 818 3967 4219
5 216 2419 4282 4220
5 699 1821 3676 4221
5 2427 4200 4772 4222
5 1263 2352 3079 4223
5 329 330 2675 4224
5 1264 2353 3080 4225
5 2578 681 3462 4226
5 1620 2668 3962 4227
5 2667 1621 3961 4228
5 266 267 2695 4229
5 601 602 2696 4230
5 1568 3353 4005 4231
5 2234 1160 4152 4232
5 4280 1705 5003 4233
5 1290 3379 3976 4234
5 2355 1265 3086 4235
5 1266 2354 3087 4236
5 2356 1267 3084 4237
5 1268 2357 3085 4238
5 3742 1537 4842 4239
5 2780 724 3775 4240
5 2740 1663 4309 4241
5 1146 2714 3396 4242
5 3330 822 4362 4243
5 1385 3862 5021 4244
5 3863 1386 5020 4245
5 307 308 2899 4246
5 1387 3214 3299 4247
5 3831 1650 4297 4248
5 1388 3215 3298 4249
5 699 2449 5100 4250
5 761 2387 3069 4251
5 946 2122 3867 4252
5 2119 944 3869 4253
5 948 2118 3870 4254
5 949 2120 3868 4255
5 943 2121 3866 4256
5 952 2123 3871 4257
5 2325 1276 3157 4258
5 1277 2326 3158 4259
5 2328 1281 3163 4260
5 1280 2327 3164 4261
5 35 36 2634 4262
5 2055 1087 4527 4263
5 2239 1270 4134 4264
5 2329 1279 3193 4265
5 2330 1278 3191 4266
5 1136 2231 3500 4267
5 1596 2525 3420 4268
5 1498 3387 4286 4269
5 131 2035 3502 4270
5 2664 1965 4558 4271
5 1413 2345 4077 4272
5 1590 2915 4062 4273
5 1339 2236 4002 4274
5 2557 1080 4396 4275
5 1389 3228 3297 4276
5 818 3228 3967 4277
5 6 7 2734 4278
5 2322 680 4831 4279
5 1325 2579 2832 4280
5 3940 495 3975 4281
5 2139 627 3820 4282
5 724 2780 4063 4283
5 742 3032 4242 4284
5 1229 2241 4099 4285
5 1062 2317 4099 4286
5 1846 3522 3524 4287
5 779 3527 3530 4288
5 3522 772 3524 4289
5 3527 1852 3530 4290
5 851 2621 4106 4291
5 321 322 4257 4292
5 3242 1396 3735 4293
5 1407 2578 3462 4294
5 2655 1612 3519 4295
5 1611 2656 3518 4296
5 1797 2523 4078 4297
5 1841 3420 3466 4298
5 548 3097 4350 4299
5 118 119 2881 4300
5 1391 2734 4191 4301
5 1406 3609 3978 4302
5 544 545 2874 4303
5 2311 1818 4857 4304
5 1819 2312 4858 4305
5 4029 2202 4689 4306
5 2358 1222 3091 4307
5 1158 2190 3722 4308
5 2878 1816 3510 4309
5 3427 833 4211 4310
5 3426 832 4210 4311
5 1406 3556 3609 4312
5 1553 3064 4388 4313
5 858 3489 4267 4314
5 3490 857 4266 4315
5 2335 1706 4635 4316
5 2455 1571 4426 4317
5 2525 1007 3420 4318
5 1226 2874 4006 4319
5 2449 921 5100 4320
5 1243 2434 5060 4321
5 2434 1775 5060 4322
5 2332 1135 4848 4323
5 828 3424 4204 4324
5 3423 827 4203 4325
5 1005 2302 5087 4326
5 826 3422 4202 4327
5 3421 825 4201 4328
5 2387 1338 3069 4329
5 2513 799 3582 4330
5 3012 1215 4390 4331
5 1985 4249 4677 4332
5 3608 569 3647 4333
5 2124 1317 4723 4334
5 740 2745 3223 4335
5 2125 1312 4731 4336
5 2126 1313 4730 4337
5 2127 1314 4729 4338
5 2128 1315 4728 4339
5 2129 1316 4727 4340
5 2130 1318 4726 4341
5 1151 1997 3011 4342
5 2565 768 4552 4343
5 795 2763 4376 4344
5 2766 795 4379 4345
5 794 2772 4380 4346
5 796 2761 4378 4347
5 792 2778 4382 4348
5 2773 796 4383 4349
5 2769 792 4377 4350
5 787 2771 4381 4351
5 2775 794 4375 4352
5 4878 745 4908 4353
5 2050 319 3748 4354
5 498 499 3555 4355
5 2332 724 3285 4356
5 3070 1973 4700 4357
5 2060 3090 3948 4358
5 2862 2017 2943 4359
5 2864 2026 2944 4360
5 2020 2865 2945 4361
5 850 3156 4856 4362
5 1850 3388 4323 4363
5 1847 3386 4325 4364
5 1849 3389 4324 4365
5 1857 3390 4322 4366
5 2668 1743 3962 4367
5 1742 2667 3961 4368
5 3774 1137 4297 4369
5 2940 503 4060 4370
5 652 2861 4231 4371
5 4963 2238 5135 4372
5 785 2755 4373 4373
5 2756 785 4374 4374
5 2664 697 5118 4375
5 3542 1710 3748 4376
5 0 6 3587 4377
5 3008 2571 4835 4378
5 1444 2309 4450 4379
5 1860 3393 4314 4380
5 2049 960 4290 4381
5 2427 571 4200 4382
5 3500 759 3648 4383
5 3466 1759 4225 4384
5 237 2375 3997 4385
5 1665 3954 4305 4386
5 2375 1544 3997 4387
5 3542 2054 4196 4388
5 3862 2140 5021 4389
5 2141 3863 5020 4390
5 1077 3284 4813 4391
5 2230 2686 5078 4392
5 764 2348 3268 4393
5 2368 2066 3833 4394
5 1222 2358 3460 4395
5 766 2343 4281 4396
5 1319 2929 4904 4397
5 3005 1428 3722 4398
5 1221 2564 5067 4399
5 807 2334 4840 4400
5 2428 1699 4559 4401
5 802 2351 4787 4402
5 2351 1602 4787 4403
5 2301 1565 4167 4404
5 2544 1147 4312 4405
5 2303 1288 4102 4406
5 541 2428 4559 4407
5 3553 2234 5170 4408
5 1644 3136 3879 4409
5 3135 1645 3880 4410
5 2079 2760 5047 4411
5 2087 2770 5046 4412
5 2083 2764 5051 4413
5 2086 2774 5048 4414
5 2085 2767 5045 4415
5 2089 2779 5050 4416
5 2088 2783 5052 4417
5 921 2347 5098 4418
5 2092 2758 5039 4419
5 1646 3138 3881 4420
5 3137 1647 3882 4421
5 314 315 4873 4422
5 1311 2930 3320 4423
5 746 2974 4723 4424
5 747 2976 4726 4425
5 748 2977 4727 4426
5 2631 241 3921 4427
5 749 2978 4728 4428
5 1375 2170 3667 4429
5 750 2979 4729 4430
5 751 2980 4730 4431
5 752 2997 4731 4432
5 1554 2876 4198 4433
5 2230 764 3726 4434
5 2339 743 3303 4435
5 3335 1286 4363 4436
5 1148 3045 5174 4437
5 740 2686 2745 4438
5 1519 2352 3925 4439
5 1974 3502 5040 4440
5 2352 306 3925 4441
5 88 89 3414 4442
5 2597 745 4878 4443
5 1998 2757 3779 4444
5 4118 2187 4814 4445
5 2635 1287 3081 4446
5 1307 2935 3586 4447
5 2665 1221 3816 4448
5 1308 2933 3585 4449
5 1309 2932 3584 4450
5 1310 2931 3583 4451
5 809 2635 3081 4452
5 2351 965 3211 4453
5 1965 2664 5118 4454
5 3285 724 3598 4455
5 1521 2353 3924 4456
5 2353 301 3924 4457
5 1262 2383 4601 4458
5 1776 2339 4868 4459
5 1312 2928 4731 4460
5 2324 1447 4859 4461
5 1313 2927 4730 4462
5 2302 651 4906 4463
5 3090 1390 3948 4464
5 1314 2926 4729 4465
5 1762 3932 4446 4466
5 1315 2925 4728 4467
5 1316 2923 4727 4468
5 703 2314 3553 4469
5 1318 2922 4726 4470
5 67 68 2540 4471
5 1317 2921 4723 4472
5 539 540 3006 4473
5 1081 2528 4996 4474
5 3060 1456 3116 4475
5 3079 812 3926 4476
5 3011 700 4264 4477
5 2034 1559 3354 4478
5 2783 729 5052 4479
5 2764 707 5051 4480
5 2760 706 5047 4481
5 2770 720 5046 4482
5 2774 719 5048 4483
5 2767 711 5045 4484
5 2779 725 5050 4485
5 3080 815 3927 4486
5 742 3060 3116 4487
5 1641 3553 5170 4488
5 2758 704 5039 4489
5 1074 2717 4415 4490
5 1997 2570 4598 4491
5 528 529 3073 4492
5 139 140 2873 4493
5 2390 1338 3592 4494
5 834 2390 3592 4495
5 814 3084 3931 4496
5 3085 813 3930 4497
5 817 3086 3929 4498
5 3087 816 3928 4499
5 637 3600 4302 4500
5 3601 638 4304 4501
5 3602 639 4303 4502
5 3603 644 4299 4503
5 3604 640 4301 4504
5 3605 641 4300 4505
5 2335 769 3391 4506
5 65 66 3768 4507
5 2679 650 2975 4508
5 57 2305 3843 4509
5 1838 2433 3640 4510
5 2432 1837 3639 4511
5 47 48 2908 4512
5 2974 2124 4723 4513
5 2976 2130 4726 4514
5 2977 2129 4727 4515
5 2978 2128 4728 4516
5 292 2541 4024 4517
5 2979 2127 4729 4518
5 2980 2126 4730 4519
5 2997 2125 4731 4520
5 2032 1405 3619 4521
5 738 2512 4398 4522
5 2512 1604 4398 4523
5 1528 3412 4066 4524
5 3411 1527 4065 4525
5 2359 4822 5143 4526
5 2360 4825 5145 4527
5 2361 4823 5147 4528
5 2362 4824 5149 4529
5 2363 4826 5151 4530
5 2364 4827 5153 4531
5 123 2437 4207 4532
5 2341 994 5090 4533
5 1510 3428 3669 4534
5 3430 1514 3673 4535
5 2909 1705 4008 4536
5 1287 2679 2975 4537
5 2599 1294 2929 4538
5 2354 117 3920 4539
5 242 2355 3921 4540
5 247 2356 3919 4541
5 2357 112 3918 4542
5 1531 2354 3920 4543
5 2355 1532 3921 4544
5 2356 1530 3919 4545
5 1529 2357 3918 4546
5 1245 2032 3447 4547
5 3392 1548 5123 4548
5 2537 1324 3851 4549
5 1907 4020 4373 4550
5 2604 1293 2921 4551
5 2605 1295 2922 4552
5 2606 1296 2923 4553
5 2062 1301 3513 4554
5 2367 4828 5172 4555
5 2607 1297 2925 4556
5 2576 1134 3813 4557
5 2309 650 4450 4558
5 1756 2522 3083 4559
5 2063 1302 3514 4560
5 2608 1298 2926 4561
5 1459 2576 3813 4562
5 2609 1299 2927 4563
5 2064 1304 3515 4564
5 2610 1300 2928 4565
5 2065 1305 3516 4566
5 2611 1301 2930 4567
5 1448 2623 3970 4568
5 2612 1302 2931 4569
5 2613 1304 2932 4570
5 3380 1964 4446 4571
5 2614 1305 2933 4572
5 2310 2439 4280 4573
5 2615 1306 2935 4574
5 2634 1144 3047 4575
5 4011 1918 4375 4576
5 4013 1930 4377 4577
5 1912 4016 4381 4578
5 1923 4019 4378 4579
5 4015 1928 4383 4580
5 1921 4012 4382 4581
5 4017 1925 4379 4582
5 1922 4014 4380 4583
5 1926 4018 4376 4584
5 1034 2458 4373 4585
5 2459 1035 4374 4586
5 2369 802 5169 4587
5 965 4029 4689 4588
5 3091 1222 3823 4589
5 150 3447 3619 4590
5 2069 1306 3520 4591
5 3059 2322 5121 4592
5 1609 3227 4536 4593
5 2172 1319 4904 4594
5 129 3941 4275 4595
5 2683 95 3966 4596
5 3162 2198 5082 4597
5 2307 1443 3874 4598
5 2313 1901 4262 4599
5 2504 1054 4375 4600
5 2500 1040 4377 4601
5 1047 2502 4381 4602
5 2496 1045 4379 4603
5 1055 2508 4382 4604
5 2506 1052 4383 4605
5 1039 2489 4378 4606
5 1053 2505 4380 4607
5 1043 2493 4376 4608
5 1835 2580 4992 4609
5 225 2377 3204 4610
5 2528 761 3069 4611
5 3365 2031 4501 4612
5 677 2311 3632 4613
5 2312 676 3631 4614
5 2320 1601 4716 4615
5 2375 1303 3213 4616
5 2379 1455 4522 4617
5 656 2739 4007 4618
5 2389 1534 4249 4619
5 2324 959 4251 4620
5 1447 2324 4251 4621
5 1405 3461 3619 4622
5 2372 805 3242 4623
5 698 2389 4249 4624
5 3036 784 4414 4625
5 753 2213 3425 4626
5 2203 754 3474 4627
5 1283 2436 3955 4628
5 2334 807 4215 4629
5 1445 2334 4215 4630
5 1899 1080 4687 4631
5 2206 746 3480 4632
5 2207 747 3479 4633
5 2208 748 3478 4634
5 2209 749 3477 4635
5 2210 750 3476 4636
5 2211 751 3475 4637
5 2212 752 3473 4638
5 755 2214 3472 4639
5 756 2215 3471 4640
5 757 2216 3470 4641
5 758 2217 3469 4642
5 1155 2627 2939 4643
5 1320 2633 2941 4644
5 855 2714 3653 4645
5 513 514 4209 4646
5 902 2340 4567 4647
5 1072 2620 4675 4648
5 617 2413 4416 4649
5 1443 2307 3956 4650
5 2951 1773 3166 4651
5 2952 1772 3167 4652
5 2953 1771 3168 4653
5 2954 1770 3169 4654
5 1769 2955 3170 4655
5 1768 2956 3171 4656
5 1767 2957 3172 4657
5 1766 2958 3173 4658
5 3355 1259 3612 4659
5 1765 2959 3174 4660
5 1764 2960 3175 4661
5 2710 2709 4152 4662
5 1160 2710 4152 4663
5 2687 1571 3212 4664
5 3969 1858 4260 4665
5 1763 2961 3192 4666
5 820 2646 4274 4667
5 2709 2057 3614 4668
5 2417 824 3971 4669
5 3383 652 4231 4670
5 2068 4721 5067 4671
5 803 2637 2937 4672
5 108 2534 4412 4673
5 2533 251 4413 4674
5 4828 631 5172 4675
5 903 2687 3212 4676
5 3036 1251 3050 4677
5 4822 633 5143 4678
5 4823 643 5147 4679
5 4825 632 5145 4680
5 4824 636 5149 4681
5 4826 635 5151 4682
5 4827 634 5153 4683
5 2875 763 3823 4684
5 320 321 3542 4685
5 140 1323 2873 4686
5 2313 694 3917 4687
5 1796 3786 4276 4688
5 3898 314 4873 4689
5 1317 2124 3563 4690
5 2365 1322 3385 4691
5 1504 2322 4831 4692
5 1245 2449 4899 4693
5 1551 2661 4405 4694
5 999 2909 4008 4695
5 312 313 2901 4696
5 1312 2125 3561 4697
5 1313 2126 3562 4698
5 1314 2127 3564 4699
5 1315 2128 3565 4700
5 1316 2129 3566 4701
5 1318 2130 3567 4702
5 1855 4569 4579 4703
5 2541 1539 4024 4704
5 1089 2571 3008 4705
5 144 145 3443 4706
5 1344 2861 4103 4707
5 2683 1230 3074 4708
5 812 3214 3926 4709
5 815 3215 3927 4710
5 2436 1283 3954 4711
5 3216 814 3931 4712
5 813 3217 3930 4713
5 2370 1975 3711 4714
5 3218 817 3929 4715
5 816 3219 3928 4716
5 1692 2808 4484 4717
5 1680 2800 4475 4718
5 2810 1688 4496 4719
5 2790 1673 4476 4720
5 1674 2789 4477 4721
5 2804 1690 4482 4722
5 1683 2801 4490 4723
5 2803 1686 4492 4724
5 2798 1684 4483 4725
5 2792 1672 4478 4726
5 2793 1671 4479 4727
5 2794 1677 4485 4728
5 2806 1687 4493 4729
5 2802 1689 4489 4730
5 2807 1679 4480 4731
5 2788 1670 4481 4732
5 1676 2797 4491 4733
5 1681 2791 4488 4734
5 1678 2805 4495 4735
5 1685 2799 4494 4736
5 1691 2809 4497 4737
5 1682 2796 4487 4738
5 1675 2795 4486 4739
5 2811 1668 4498 4740
5 1669 2812 4499 4741
5 1667 2813 4502 4742
5 2350 645 4212 4743
5 2724 1001 2725 4744
5 145 2145 3443 4745
5 3331 1826 3942 4746
5 91 2365 3385 4747
5 1063 2198 4886 4748
5 2334 1005 3591 4749
5 1320 2134 3590 4750
5 2636 1361 2937 4751
5 4207 2437 4864 4752
5 2972 1387 3299 4753
5 2971 1388 3298 4754
5 2966 1389 3297 4755
5 2964 1386 3295 4756
5 1385 2965 3294 4757
5 2452 1223 3747 4758
5 2967 1384 3293 4759
5 1383 2968 3292 4760
5 2969 1382 3291 4761
5 1381 2970 3290 4762
5 2665 3816 4144 4763
5 1591 2670 3285 4764
5 2941 1337 3648 4765
5 2577 1251 3114 4766
5 2446 1537 3210 4767
5 4296 1794 4520 4768
5 1810 3368 4248 4769
5 2681 1394 3865 4770
5 3051 1703 4961 4771
5 3367 1642 3378 4772
5 1809 3370 4247 4773
5 535 536 3207 4774
5 3382 1374 3505 4775
5 1811 3366 4245 4776
5 1808 3371 4246 4777
5 2578 1224 3877 4778
5 1807 3372 4243 4779
5 2324 494 3940 4780
5 1806 3375 4241 4781
5 3530 1852 4356 4782
5 3522 1846 4355 4783
5 1532 2631 3921 4784
5 2547 1733 4781 4785
5 1834 3500 3648 4786
5 1736 2549 4780 4787
5 1737 2546 4779 4788
5 1738 2548 4778 4789
5 1739 2545 4777 4790
5 1805 3376 4240 4791
5 2358 3091 5066 4792
5 2413 1484 4563 4793
5 2511 1216 3156 4794
5 2894 1121 4079 4795
5 220 221 2833 4796
5 20 21 2889 4797
5 2893 1122 4080 4798
5 2358 42 3460 4799
5 2892 1123 4081 4800
5 4200 1576 4772 4801
5 2888 1125 4082 4802
5 1247 2622 3154 4803
5 2887 1126 4083 4804
5 2512 4815 4841 4805
5 2886 1127 4084 4806
5 958 3365 4501 4807
5 2890 1124 4089 4808
5 1130 2885 4085 4809
5 2200 898 3773 4810
5 1131 2884 4086 4811
5 1132 2883 4087 4812
5 1133 2882 4088 4813
5 494 2324 4859 4814
5 3052 1394 3494 4815
5 3004 1868 4788 4816
5 2525 1501 4400 4817
5 697 2308 5118 4818
5 1967 2950 4229 4819
5 2440 984 4329 4820
5 2231 759 3500 4821
5 2185 2359 5143 4822
5 2180 2361 5147 4823
5 2175 2360 5145 4824
5 2176 2362 5149 4825
5 2174 2363 5151 4826
5 2177 2364 5153 4827
5 3293 1384 3424 4828
5 1383 3292 3423 4829
5 3291 1382 3422 4830
5 1381 3290 3421 4831
5 2319 962 4255 4832
5 56 3843 4724 4833
5 3068 1396 3095 4834
5 2602 1217 3537 4835
5 2186 2367 5172 4836
5 1270 3367 3378 4837
5 1558 4289 4990 4838
5 4288 1557 4989 4839
5 3589 1558 4990 4840
5 1557 3588 4989 4841
5 1551 2339 4285 4842
5 1138 2654 3058 4843
5 1898 2450 3819 4844
5 3124 923 4846 4845
5 508 2321 4199 4846
5 1338 2390 3310 4847
5 1735 2550 4550 4848
5 2190 3005 3722 4849
5 2378 741 3810 4850
5 1408 3036 3050 4851
5 3600 2119 4302 4852
5 2120 3601 4304 4853
5 2118 3602 4303 4854
5 2121 3603 4299 4855
5 2123 3604 4301 4856
5 2122 3605 4300 4857
5 1071 3068 3095 4858
5 833 3191 4211 4859
5 832 3193 4210 4860
5 3435 1698 3972 4861
5 1347 3231 4828 4862
5 3374 2297 5087 4863
5 2302 3374 5087 4864
5 1348 3232 4822 4865
5 1349 3233 4825 4866
5 1350 3234 4827 4867
5 1351 3235 4826 4868
5 1352 3236 4824 4869
5 1353 3237 4823 4870
5 1066 2321 4719 4871
5 3164 828 4204 4872
5 827 3163 4203 4873
5 924 3380 4446 4874
5 2748 1984 4543 4875
5 3158 826 4202 4876
5 825 3157 4201 4877
5 2448 324 3517 4878
5 2034 3011 4264 4879
5 2675 1135 4408 4880
5 2052 4619 4866 4881
5 826 2514 4333 4882
5 2515 825 4332 4883
5 769 2335 4118 4884
5 828 2516 4335 4885
5 2517 827 4334 4886
5 831 2518 4337 4887
5 2519 830 4336 4888
5 2420 1620 3632 4889
5 1621 2421 3631 4890
5 3065 1867 3751 4891
5 1225 3113 5171 4892
5 2627 1155 4558 4893
5 1829 3727 5033 4894
5 2342 852 3599 4895
5 1138 3065 3751 4896
5 2907 625 4669 4897
5 1710 3542 4196 4898
5 1003 2624 4865 4899
5 2687 1390 3942 4900
5 3037 913 3595 4901
5 2511 766 4281 4902
5 1846 3524 4321 4903
5 1856 3528 4319 4904
5 1848 3532 4320 4905
5 3529 1851 4317 4906
5 1854 3533 4316 4907
5 1852 3527 4315 4908
5 3531 1853 4318 4909
5 901 2673 4694 4910
5 2339 1551 4405 4911
5 1778 2643 4712 4912
5 2643 910 4712 4913
5 138 139 4776 4914
5 530 531 4102 4915
5 3418 1803 4239 4916
5 3417 1802 4238 4917
5 3416 1801 4237 4918
5 649 2537 3109 4919
5 3415 1800 4236 4920
5 2346 1089 4688 4921
5 3315 2055 4527 4922
5 3184 5147 5148 4923
5 3185 5149 5150 4924
5 3181 5151 5152 4925
5 3182 5153 5154 4926
5 3180 5145 5146 4927
5 3179 5143 5144 4928
5 3176 1162 4784 4929
5 2186 3176 4784 4930
5 3039 1638 4806 4931
5 3041 1634 4799 4932
5 3042 1630 4796 4933
5 3044 1629 4793 4934
5 3043 1631 4804 4935
5 1635 3040 4805 4936
5 3038 1637 4811 4937
5 1378 2340 3701 4938
5 2428 1286 3335 4939
5 2707 4040 4042 4940
5 3413 829 4053 4941
5 3179 1166 4790 4942
5 2185 3179 4790 4943
5 2175 3180 4793 4944
5 3180 1170 4793 4945
5 2174 3181 4796 4946
5 3181 1178 4796 4947
5 3183 1198 4809 4948
5 2182 3183 4809 4949
5 3182 1174 4799 4950
5 2177 3182 4799 4951
5 3184 1190 4801 4952
5 2180 3184 4801 4953
5 2176 3185 4798 4954
5 2178 3188 4804 4955
5 3186 2179 4805 4956
5 3185 1182 4798 4957
5 1202 3186 4805 4958
5 3188 1194 4804 4959
5 3187 1206 4807 4960
5 2181 3187 4807 4961
5 2184 3190 4811 4962
5 3190 1186 4811 4963
5 2183 3189 4806 4964
5 3189 1210 4806 4965
5 3176 5172 5173 4966
5 803 2526 3302 4967
5 1450 3442 3829 4968
5 2526 1286 3302 4969
5 2714 1567 3396 4970
5 139 2873 4776 4971
5 551 552 3101 4972
5 767 2392 3556 4973
5 317 318 3441 4974
5 2658 1338 3310 4975
5 646 2658 3310 4976
5 3064 1553 3453 4977
5 1365 3064 3453 4978
5 315 2632 4873 4979
5 1156 2390 3408 4980
5 3596 1401 3971 4981
5 3750 1775 4696 4982
5 1086 3125 4636 4983
5 2383 1262 4835 4984
5 258 2566 4165 4985
5 2567 101 4164 4986
5 593 2568 4194 4987
5 2569 275 4193 4988
5 1378 2444 3959 4989
5 2515 4431 4546 4990
5 3843 2241 4724 4991
5 2627 739 2939 4992
5 2335 1409 4118 4993
5 1745 2898 4244 4994
5 1006 2753 3827 4995
5 3395 959 4371 4996
5 94 2683 3074 4997
5 2338 1339 4002 4998
5 1551 2683 3966 4999
5 2381 1624 5068 5000
5 867 2436 3954 5001
5 2873 1377 4776 5002
5 3106 1628 4798 5003
5 3105 1636 4807 5004
5 3104 1632 4801 5005
5 3103 1627 4790 5006
5 1604 2512 4841 5007
5 2171 1323 3281 5008
5 2052 3596 3971 5009
5 3099 1626 4784 5010
5 2338 648 3950 5011
5 3685 1616 4414 5012
5 809 2368 3833 5013
5 2333 784 3844 5014
5 1455 2678 4026 5015
5 2430 1271 3241 5016
5 2747 1079 4359 5017
5 861 2381 5068 5018
5 4167 1565 4712 5019
5 648 2338 4002 5020
5 3395 1604 4841 5021
5 2314 3395 4841 5022
5 739 2692 3355 5023
5 1534 2389 4902 5024
5 2754 1215 2915 5025
5 320 3542 3748 5026
5 2659 1561 4411 5027
5 3091 3823 5122 5028
5 1963 2422 4407 5029
5 1859 919 2323 5030
5 1786 2304 3957 5031
5 655 3334 4722 5032
5 223 2603 4671 5033
5 2203 2973 3613 5034
5 662 2827 4980 5035
5 663 2830 4981 5036
5 664 2826 4979 5037
5 665 2825 4978 5038
5 670 2831 4982 5039
5 671 2821 4977 5040
5 3581 917 4928 5041
5 1788 4567 5010 5042
5 514 515 3397 5043
5 3783 1792 4451 5044
5 1791 3782 4452 5045
5 1080 2557 3495 5046
5 1844 3940 3975 5047
5 2434 1243 3399 5048
5 2535 1615 4622 5049
5 2735 650 4235 5050
5 2580 926 4992 5051
5 1155 2664 4558 5052
5 1370 2392 5103 5053
5 1375 3667 3864 5054
5 2366 765 4308 5055
5 1270 2387 4134 5056
5 694 2344 3822 5057
5 2444 627 3959 5058
5 2739 1701 4007 5059
5 2867 663 4981 5060
5 2869 662 4980 5061
5 2863 665 4978 5062
5 2868 664 4979 5063
5 2870 670 4982 5064
5 2871 671 4977 5065
5 761 2535 4622 5066
5 2190 1158 3139 5067
5 492 2453 4998 5068
5 2558 1222 3460 5069
5 2442 279 3322 5070
5 589 2441 3323 5071
5 1565 3230 4712 5072
5 2938 4154 5108 5073
5 2915 1142 4062 5074
5 4403 1450 5174 5075
5 629 2577 3114 5076
5 2445 735 4711 5077
5 1414 3749 4515 5078
5 2436 867 3814 5079
5 3009 1271 3495 5080
5 2351 802 4847 5081
5 3284 1077 5096 5082
5 591 592 3071 5083
5 276 277 3072 5084
5 1660 2894 4079 5085
5 1659 2893 4080 5086
5 544 2874 4681 5087
5 1658 2892 4081 5088
5 2675 1622 5064 5089
5 1657 2888 4082 5090
5 1656 2887 4083 5091
5 1655 2886 4084 5092
5 1661 2890 4089 5093
5 2049 2877 4254 5094
5 2885 1654 4085 5095
5 1456 2346 4688 5096
5 2884 1653 4086 5097
5 2883 1652 4087 5098
5 2882 1651 4088 5099
5 736 2380 4003 5100
5 2939 739 3162 5101
5 1249 2528 4997 5102
5 3015 646 3310 5103
5 1139 2719 3778 5104
5 1967 4387 4974 5105
5 3250 1482 3254 5106
5 62 63 3923 5107
5 1615 2535 3872 5108
5 1704 2370 3711 5109
5 2238 2724 5135 5110
5 752 2928 4143 5111
5 751 2927 4141 5112
5 750 2926 4139 5113
5 2369 1520 3725 5114
5 749 2925 4138 5115
5 1415 3753 4514 5116
5 1420 3758 4511 5117
5 1417 3764 4513 5118
5 3756 1418 4507 5119
5 1421 3759 4505 5120
5 1425 3760 4510 5121
5 1419 3755 4508 5122
5 1423 3762 4503 5123
5 1422 3761 4509 5124
5 1426 3763 4504 5125
5 748 2923 4136 5126
5 747 2922 4135 5127
5 746 2921 4133 5128
5 786 2862 2943 5129
5 2865 793 2945 5130
5 788 2864 2944 5131
5 4472 2516 4549 5132
5 2517 4471 4548 5133
5 3050 762 3102 5134
5 3112 1319 3496 5135
5 1157 2542 3201 5136
5 3786 606 4276 5137
5 500 2385 3597 5138
5 125 126 3202 5139
5 2344 694 3960 5140
5 2359 1165 3853 5141
5 2360 1169 3854 5142
5 2361 1189 3856 5143
5 2362 1181 3857 5144
5 2363 1177 3858 5145
5 2364 1173 3855 5146
5 820 3198 3874 5147
5 1080 1391 4396 5148
5 2367 1161 3848 5149
5 1338 2387 3592 5150
5 2538 1936 3442 5151
5 754 2929 4119 5152
5 319 320 3748 5153
5 2764 1924 2989 5154
5 2760 1932 2996 5155
5 1920 2762 2991 5156
5 1929 2765 2992 5157
5 2774 1919 2986 5158
5 2770 1927 2990 5159
5 2767 1914 2988 5160
5 1913 2777 2985 5161
5 1917 2782 2984 5162
5 1916 2776 2987 5163
5 2768 1915 2993 5164
5 1933 2781 2995 5165
5 2783 1931 2983 5166
5 2779 1934 2994 5167
5 2758 1911 2981 5168
5 1910 2759 2982 5169
5 669 2866 2920 5170
5 130 131 3502 5171
5 713 2762 4095 5172
5 716 2776 4093 5173
5 714 2765 4096 5174
5 717 2777 4092 5175
5 2768 708 4094 5176
5 721 2781 4091 5177
5 728 2782 4097 5178
5 705 2759 4090 5179
5 1966 2426 5125 5180
5 1272 3448 4819 5181
5 2750 1134 2963 5182
5 2424 1346 4144 5183
5 279 280 3322 5184
5 588 589 3323 5185
5 1258 3452 4404 5186
5 43 2558 3460 5187
5 2528 3069 4996 5188
5 1487 2891 3154 5189
5 3347 1799 3797 5190
5 1248 3057 3060 5191
5 105 106 3075 5192
5 253 254 3076 5193
5 3057 1456 3060 5194
5 1642 3333 3378 5195
5 4074 1608 5063 5196
5 1858 3239 4260 5197
5 3749 2156 4515 5198
5 1378 2939 3162 5199
5 39 2447 4283 5200
5 965 2351 4029 5201
5 2537 1272 3109 5202
5 2719 1517 3778 5203
5 93 94 3074 5204
5 2523 1326 4078 5205
5 801 2525 4545 5206
5 566 567 3003 5207
5 1951 4344 4934 5208
5 1940 4342 4936 5209
5 4340 1942 4938 5210
5 1943 4339 4947 5211
5 1949 4338 4952 5212
5 1950 4341 4951 5213
5 1322 3212 3451 5214
5 3753 2157 4514 5215
5 3758 2166 4511 5216
5 3764 2167 4513 5217
5 2162 3756 4507 5218
5 3755 2160 4508 5219
5 3759 2161 4505 5220
5 3760 2163 4510 5221
5 3762 2158 4503 5222
5 3761 2164 4509 5223
5 3763 2159 4504 5224
5 3056 1069 4000 5225
5 1070 3055 4001 5226
5 2726 918 3554 5227
5 2740 1269 3208 5228
5 3212 1571 3451 5229
5 1986 3209 4844 5230
5 3368 846 4248 5231
5 2417 1603 4984 5232
5 1408 3050 3102 5233
5 3370 845 4247 5234
5 3143 953 3210 5235
5 3166 1773 5167 5236
5 3167 1772 5166 5237
5 3366 847 4245 5238
5 3168 1771 5165 5239
5 3169 1770 5164 5240
5 3371 844 4246 5241
5 1769 3170 5163 5242
5 1768 3171 5162 5243
5 1767 3172 5161 5244
5 1766 3173 5160 5245
5 1765 3174 5159 5246
5 1764 3175 5158 5247
5 3372 843 4243 5248
5 3051 4961 5126 5249
5 3375 842 4241 5250
5 3376 841 4240 5251
5 3826 692 3845 5252
5 2045 3826 3845 5253
5 2598 1255 4871 5254
5 1763 3192 5157 5255
5 3635 1741 3745 5256
5 542 543 4905 5257
5 819 2450 4612 5258
5 3333 834 3378 5259
5 1503 2940 3406 5260
5 2940 1404 3406 5261
5 2428 542 4905 5262
5 496 497 3017 5263
5 4061 854 4162 5264
5 2435 923 5141 5265
5 2299 155 3777 5266
5 2365 1861 4395 5267
5 218 219 3558 5268
5 3676 1821 4391 5269
5 1743 3056 4000 5270
5 3055 1742 4001 5271
5 2737 2300 5101 5272
5 2377 983 4389 5273
5 2369 966 4411 5274
5 1286 2428 4905 5275
5 2535 1960 3872 5276
5 1269 2635 3308 5277
5 1520 2369 5169 5278
5 127 2653 4347 5279
5 1284 2366 4308 5280
5 3082 823 5101 5281
5 1537 3143 3210 5282
5 507 508 4199 5283
5 1399 2438 3652 5284
5 2438 573 3652 5285
5 2692 1259 3355 5286
5 1007 2419 5091 5287
5 2934 1707 3559 5288
5 2817 1395 3324 5289
5 1256 2378 3810 5290
5 1549 2817 3324 5291
5 2962 1006 3827 5292
5 3823 763 5076 5293
5 2673 1845 3609 5294
5 736 3009 3495 5295
5 2673 1702 4694 5296
5 569 570 3647 5297
5 1411 1822 3115 5298
5 2366 965 4198 5299
5 570 2427 3647 5300
5 2622 654 3154 5301
5 1397 2752 5136 5302
5 2975 1392 3081 5303
5 1501 2419 4400 5304
5 3751 2201 4263 5305
5 2867 1101 4605 5306
5 2869 1108 4606 5307
5 2863 1095 4604 5308
5 2868 1109 4608 5309
5 2871 1118 4610 5310
5 1871 3774 4297 5311
5 737 2456 3396 5312
5 4526 2514 4547 5313
5 3004 898 4278 5314
5 911 2431 4004 5315
5 2431 1404 4004 5316
5 1138 3751 4263 5317
5 1750 3223 3330 5318
5 4343 1945 5048 5319
5 1569 3045 3818 5320
5 124 125 3642 5321
5 3731 1449 3899 5322
5 1120 2910 4836 5323
5 2918 1067 4913 5324
5 1068 2917 4914 5325
5 2582 683 3863 5326
5 682 2581 3862 5327
5 2405 928 4849 5328
5 1909 3112 3496 5329
5 2406 930 4855 5330
5 1147 2370 4223 5331
5 2453 492 3825 5332
5 2407 932 4854 5333
5 2408 934 4853 5334
5 2409 936 4852 5335
5 2410 938 4851 5336
5 2601 2040 3342 5337
5 3385 1322 4273 5338
5 689 2601 3342 5339
5 3449 1793 3772 5340
5 866 3449 3772 5341
5 3525 1507 4158 5342
5 3523 1506 4157 5343
5 3526 1512 4159 5344
5 2684 1274 3221 5345
5 1592 3608 3647 5346
5 2527 563 3817 5347
5 4194 2568 4774 5348
5 2569 4193 4773 5349
5 2598 1393 3939 5350
5 3534 1518 4161 5351
5 2891 1247 3154 5352
5 2635 1269 3152 5353
5 2720 1815 3226 5354
5 2050 819 4612 5355
5 1326 2523 4287 5356
5 3378 834 3592 5357
5 1534 3144 4677 5358
5 608 3230 3873 5359
5 1187 3018 4956 5360
5 3018 2015 4956 5361
5 1207 3019 4953 5362
5 3019 2014 4953 5363
5 1211 3020 4944 5364
5 3020 2009 4944 5365
5 3021 2011 4947 5366
5 3022 2013 4952 5367
5 1191 3022 4952 5368
5 1183 3021 4947 5369
5 3023 2012 4951 5370
5 3024 2010 4948 5371
5 1195 3023 4951 5372
5 1175 3024 4948 5373
5 1179 3026 4941 5374
5 3026 2007 4941 5375
5 3025 1203 4938 5376
5 1171 3028 4943 5377
5 3028 2008 4943 5378
5 2006 3025 4938 5379
5 1199 3027 4936 5380
5 3027 2005 4936 5381
5 3029 2004 4934 5382
5 1167 3029 4934 5383
5 9 10 3005 5384
5 2041 2616 3341 5385
5 2617 2042 3340 5386
5 2616 686 3341 5387
5 687 2617 3340 5388
5 2619 2044 3337 5389
5 2043 2618 3338 5390
5 685 2619 3337 5391
5 2618 684 3338 5392
5 3595 913 4103 5393
5 806 2376 4027 5394
5 590 591 3790 5395
5 277 278 3791 5396
5 3437 1341 5076 5397
5 2056 3405 4871 5398
5 1339 2524 4872 5399
5 1306 2615 4423 5400
5 2419 1007 4400 5401
5 1163 3034 4930 5402
5 3034 2003 4930 5403
5 79 2430 3241 5404
5 2860 1667 4732 5405
5 2742 1609 4222 5406
5 1305 2614 4424 5407
5 800 3769 4835 5408
5 2644 231 3998 5409
5 2645 236 3997 5410
5 1246 2640 4137 5411
5 1545 2644 3998 5412
5 1544 2645 3997 5413
5 2429 956 4711 5414
5 2785 1136 4279 5415
5 1668 2858 4733 5416
5 2859 1669 4734 5417
5 2857 1692 4747 5418
5 1688 2838 4736 5419
5 2848 1683 4740 5420
5 1684 2849 4751 5421
5 1686 2855 4738 5422
5 1687 2853 4739 5423
5 1677 2840 4743 5424
5 1690 2851 4754 5425
5 1689 2854 4750 5426
5 2850 1681 4745 5427
5 1672 2841 4742 5428
5 2844 1674 4752 5429
5 1670 2835 4735 5430
5 2843 1678 4737 5431
5 2847 1685 4741 5432
5 1673 2837 4755 5433
5 2839 1676 4744 5434
5 2842 1682 4753 5435
5 2836 1675 4748 5436
5 1671 2845 4746 5437
5 2856 1691 4749 5438
5 2852 1680 4757 5439
5 1679 2846 4756 5440
5 3769 2383 4835 5441
5 1304 2613 4425 5442
5 1791 2896 4989 5443
5 2897 1792 4990 5444
5 1429 2674 4051 5445
5 4431 1538 4546 5446
5 1302 2612 4428 5447
5 839 3418 4239 5448
5 838 3417 4238 5449
5 837 3416 4237 5450
5 2422 1213 3796 5451
5 836 3415 4236 5452
5 2616 1696 4767 5453
5 1697 2617 4768 5454
5 686 2616 4767 5455
5 2617 687 4768 5456
5 2618 1694 4769 5457
5 1695 2619 4770 5458
5 684 2618 4769 5459
5 2619 685 4770 5460
5 1301 2611 4430 5461
5 1398 2388 3381 5462
5 2373 1241 3541 5463
5 1300 2610 4445 5464
5 217 218 3678 5465
5 829 3213 4053 5466
5 222 223 4671 5467
5 741 2378 4310 5468
5 1855 3387 4569 5469
5 2647 1543 4009 5470
5 1542 2648 4010 5471
5 282 2647 4009 5472
5 2648 586 4010 5473
5 1299 2609 4447 5474
5 857 2420 5032 5475
5 2421 858 5031 5476
5 1290 2536 3379 5477
5 3356 530 4102 5478
5 3525 4158 5001 5479
5 3523 4157 5000 5480
5 3526 4159 5002 5481
5 906 3439 4298 5482
5 2384 4525 5119 5483
5 1452 3350 3645 5484
5 23 24 3063 5485
5 3050 1251 3607 5486
5 1298 2608 4449 5487
5 2382 1567 4448 5488
5 1815 915 3159 5489
5 2747 1562 3980 5490
5 654 2746 4404 5491
5 1079 2747 3980 5492
5 3534 4161 5011 5493
5 2515 975 4431 5494
5 2651 1541 4022 5495
5 1540 2652 4023 5496
5 287 2651 4022 5497
5 2652 581 4023 5498
5 2385 1004 4926 5499
5 653 2384 5119 5500
5 1224 2578 3229 5501
5 967 2333 4182 5502
5 1004 2385 4528 5503
5 2385 1503 4528 5504
5 2444 1378 5082 5505
5 1297 2607 4454 5506
5 3352 1829 5033 5507
5 1591 2382 4599 5508
5 1706 3109 3464 5509
5 2359 1715 4822 5510
5 2360 1725 4825 5511
5 2361 1723 4823 5512
5 2362 1724 4824 5513
5 2363 1726 4826 5514
5 2364 1727 4827 5515
5 2437 124 3642 5516
5 1296 2606 4457 5517
5 2577 629 4348 5518
5 762 2682 3102 5519
5 2392 767 5103 5520
5 1295 2605 4468 5521
5 153 154 3161 5522
5 1294 2599 4456 5523
5 1452 3098 3350 5524
5 2662 1219 4384 5525
5 1293 2604 4473 5526
5 78 79 3241 5527
5 2367 1732 4828 5528
5 1566 2621 4865 5529
5 1734 4416 4850 5530
5 2657 1140 3732 5531
5 3813 2058 3968 5532
5 4052 2067 4106 5533
5 1459 3813 3968 5534
5 2423 1986 4844 5535
5 1367 2786 3786 5536
5 2545 946 4561 5537
5 2546 943 4562 5538
5 2549 948 4564 5539
5 2550 949 4565 5540
5 2548 952 4566 5541
5 266 2695 4181 5542
5 2696 602 4180 5543
5 2695 267 4187 5544
5 601 2696 4188 5545
5 1711 3092 3967 5546
5 3092 1254 3967 5547
5 2536 2814 4149 5548
5 1001 3440 4072 5549
5 3582 799 3722 5550
5 919 2726 3554 5551
5 980 2518 4470 5552
5 2519 979 4469 5553
5 135 136 4817 5554
5 1605 4310 4326 5555
5 2659 547 4350 5556
5 715 3044 3269 5557
5 3044 1490 3269 5558
5 3041 1492 3273 5559
5 3042 1491 3271 5560
5 713 3042 3271 5561
5 714 3041 3273 5562
5 1495 3040 3270 5563
5 3040 708 3270 5564
5 726 3043 3274 5565
5 3043 1493 3274 5566
5 3039 1499 3272 5567
5 721 3039 3272 5568
5 3038 1500 3275 5569
5 728 3038 3275 5570
5 978 2516 4472 5571
5 2517 977 4471 5572
5 963 4963 5135 5573
5 923 3124 5141 5574
5 1366 3635 3745 5575
5 3505 760 4296 5576
5 732 2747 4537 5577
5 1577 2583 3244 5578
5 1585 2586 3247 5579
5 1581 2587 3248 5580
5 1588 2588 3249 5581
5 1587 2591 3250 5582
5 1579 2593 3252 5583
5 1589 2589 3255 5584
5 1583 2590 3253 5585
5 1582 2594 3256 5586
5 853 2934 3645 5587
5 2387 761 4134 5588
5 2678 1414 4034 5589
5 594 595 4227 5590
5 273 274 4228 5591
5 259 260 4233 5592
5 99 100 4232 5593
5 552 553 4557 5594
5 1119 2389 4154 5595
5 3125 1842 4636 5596
5 128 129 4275 5597
5 2340 1378 3959 5598
5 1450 2538 3442 5599
5 1337 2633 4555 5600
5 2383 2815 4601 5601
5 735 2639 5112 5602
5 903 3212 4395 5603
5 2635 809 3308 5604
5 1701 2739 3007 5605
5 2420 1068 4327 5606
5 1067 2421 4328 5607
5 799 2513 3443 5608
5 1875 3020 4578 5609
5 3020 1211 4578 5610
5 3018 1187 4570 5611
5 1873 3018 4570 5612
5 3019 1207 4572 5613
5 1874 3019 4572 5614
5 3026 1179 4590 5615
5 1883 3026 4590 5616
5 1876 3021 4573 5617
5 1880 3023 4581 5618
5 3021 1183 4573 5619
5 3025 1881 4580 5620
5 3023 1195 4581 5621
5 1203 3025 4580 5622
5 1882 3028 4589 5623
5 1879 3024 4587 5624
5 3024 1175 4587 5625
5 3028 1171 4589 5626
5 3022 1191 4577 5627
5 1877 3022 4577 5628
5 1878 3027 4583 5629
5 3027 1199 4583 5630
5 3029 1167 4593 5631
5 1884 3029 4593 5632
5 1549 2620 4151 5633
5 294 295 3110 5634
5 2620 533 4151 5635
5 221 222 3831 5636
5 1541 4472 4549 5637
5 4471 1540 4548 5638
5 2916 1828 3747 5639
5 1607 3037 3595 5640
5 3034 1163 4594 5641
5 1893 3034 4594 5642
5 4525 1394 5119 5643
5 2936 1641 3618 5644
5 1092 2936 3618 5645
5 2716 1260 4908 5646
5 110 111 3129 5647
5 248 249 3128 5648
5 115 116 3127 5649
5 243 244 3126 5650
5 1865 3033 3945 5651
5 527 2523 4553 5652
5 2697 1415 4036 5653
5 2698 1426 4046 5654
5 2699 1421 4043 5655
5 2700 1423 4048 5656
5 2701 1425 4047 5657
5 2702 1422 4041 5658
5 2706 1416 4037 5659
5 2704 1424 4049 5660
5 2703 1419 4044 5661
5 1418 2707 4042 5662
5 2705 1420 4039 5663
5 2708 1417 4038 5664
5 2074 3440 3955 5665
5 4223 1833 4312 5666
5 1292 2710 4815 5667
5 3209 912 4844 5668
5 1402 3122 3345 5669
5 213 214 3407 5670
5 2874 1753 4681 5671
5 2557 736 3495 5672
5 652 3383 4782 5673
5 563 564 3817 5674
5 976 2514 4526 5675
5 2386 968 3965 5676
5 3807 1863 4531 5677
5 2622 1247 3369 5678
5 866 3339 4109 5679
5 2712 1427 4045 5680
5 2323 1786 4166 5681
5 2539 75 4055 5682
5 209 210 3317 5683
5 4815 1160 4841 5684
5 2059 3803 5139 5685
5 2219 2515 4332 5686
5 2514 2220 4333 5687
5 768 2596 4552 5688
5 2516 2222 4335 5689
5 2221 2517 4334 5690
5 1397 2268 3111 5691
5 2518 2224 4337 5692
5 2223 2519 4336 5693
5 2419 217 3678 5694
5 205 206 3316 5695
5 3653 2218 4474 5696
5 1622 3653 4474 5697
5 201 202 3314 5698
5 905 2723 4520 5699
5 299 300 3121 5700
5 197 198 3313 5701
5 328 329 5064 5702
5 1396 3094 3095 5703
5 1428 3005 3134 5704
5 304 305 3120 5705
5 692 2688 3845 5706
5 193 194 3309 5707
5 1088 2448 4903 5708
5 647 2657 4601 5709
5 856 2642 3846 5710
5 702 3099 3394 5711
5 3099 1488 3394 5712
5 189 190 3306 5713
5 524 2654 3970 5714
5 1665 2785 4279 5715
5 4006 546 4775 5716
5 185 186 3304 5717
5 678 3261 4140 5718
5 2441 590 3790 5719
5 278 2442 3791 5720
5 1223 2446 5106 5721
5 1282 3035 3545 5722
5 330 331 4699 5723
5 1775 2434 4695 5724
5 181 182 3301 5725
5 1129 2742 4222 5726
5 705 3103 3400 5727
5 3103 1489 3400 5728
5 717 3106 3401 5729
5 3105 1497 3403 5730
5 722 3104 3402 5731
5 718 3105 3403 5732
5 3104 1494 3402 5733
5 3106 1496 3401 5734
5 177 178 3300 5735
5 1150 2684 3221 5736
5 1377 2677 4776 5737
5 121 2563 3815 5738
5 1072 2560 3497 5739
5 2525 1596 4545 5740
5 2563 1412 3815 5741
5 3261 1842 4140 5742
5 1402 2436 3814 5743
5 919 1859 4523 5744
5 3214 812 3299 5745
5 173 174 3296 5746
5 3215 815 3298 5747
5 3494 1394 4525 5748
5 3295 1386 3792 5749
5 1385 3294 3793 5750
5 3094 1831 3095 5751
5 169 170 3289 5752
5 3142 1407 3521 5753
5 543 3243 4905 5754
5 1595 2434 4366 5755
5 495 496 3975 5756
5 1071 3096 4598 5757
5 2938 1119 4154 5758
5 2861 1962 4103 5759
5 3405 701 4871 5760
5 165 166 3287 5761
5 44 45 3130 5762
5 161 162 3288 5763
5 1290 3108 4206 5764
5 1609 2626 3227 5765
5 3280 1229 4887 5766
5 1566 4052 4106 5767
5 1363 2685 3772 5768
5 3461 149 3619 5769
5 1983 3608 4109 5770
5 908 2452 3747 5771
5 2512 1292 4815 5772
5 2687 3942 4426 5773
5 2575 1005 5087 5774
5 3311 1225 5171 5775
5 499 500 3597 5776
5 3122 1501 3345 5777
5 3228 818 3297 5778
5 1599 4207 4864 5779
5 2524 1339 3765 5780
5 764 3268 3726 5781
5 821 2524 3765 5782
5 2646 820 3874 5783
5 3239 912 4260 5784
5 311 312 3681 5785
5 1427 3738 4219 5786
5 2640 1246 4530 5787
5 2973 1218 3613 5788
5 1615 3872 4971 5789
5 1223 2916 3747 5790
5 2431 1445 4215 5791
5 736 4003 5107 5792
5 2523 527 4287 5793
5 797 3884 3888 5794
5 3884 2024 3888 5795
5 798 3885 3889 5796
5 3885 2029 3889 5797
5 790 3886 3887 5798
5 3886 2023 3887 5799
5 791 3891 3892 5800
5 3891 2021 3892 5801
5 2717 1273 3398 5802
5 3608 1592 4109 5803
5 1272 2537 3448 5804
5 1405 3676 4391 5805
5 157 158 3112 5806
5 1429 2818 3618 5807
5 2818 1092 3618 5808
5 2323 919 3554 5809
5 1035 2453 4217 5810
5 2453 1447 4217 5811
5 3519 1612 5031 5812
5 1611 3518 5032 5813
5 2301 3311 5171 5814
5 906 2814 3439 5815
5 4407 2422 5124 5816
5 1287 2975 3081 5817
5 3458 1385 3793 5818
5 1386 3459 3792 5819
5 1755 3458 3793 5820
5 3459 1754 3792 5821
5 2963 871 4820 5822
5 129 130 3941 5823
5 4323 1190 4575 5824
5 4324 1182 4574 5825
5 4325 1206 4576 5826
5 4322 1166 4592 5827
5 1451 2562 4182 5828
5 1539 4526 4547 5829
5 3051 1858 3969 5830
5 1443 2646 3874 5831
5 2665 1346 3610 5832
5 3096 1997 4598 5833
5 3070 1605 4326 5834
5 150 151 3447 5835
5 2544 1996 3682 5836
5 1004 3770 3932 5837
5 3770 1971 3932 5838
5 37 3115 5138 5839
5 1556 3142 3521 5840
5 2684 653 3902 5841
5 2315 3075 4714 5842
5 3076 2316 4715 5843
5 4314 1162 4595 5844
5 2338 2938 3765 5845
5 2982 2093 4499 5846
5 1037 2982 4499 5847
5 2981 1036 4498 5848
5 2094 2981 4498 5849
5 2985 2111 4486 5850
5 1051 2985 4486 5851
5 2995 2114 4497 5852
5 2116 2983 4480 5853
5 1059 2995 4497 5854
5 2983 1061 4480 5855
5 2988 1044 4493 5856
5 2097 2988 4493 5857
5 2098 2993 4492 5858
5 2095 2996 4481 5859
5 2986 1050 4485 5860
5 1041 2991 4488 5861
5 2991 2102 4488 5862
5 2984 2117 4475 5863
5 2987 2112 4491 5864
5 2993 1048 4492 5865
5 2107 2986 4485 5866
5 2105 2989 4479 5867
5 2110 2994 4496 5868
5 1056 2987 4491 5869
5 2990 1049 4483 5870
5 1046 2992 4490 5871
5 2996 1038 4481 5872
5 2989 1042 4479 5873
5 2992 2103 4490 5874
5 2106 2990 4483 5875
5 2994 1058 4496 5876
5 1060 2984 4475 5877
5 2054 823 4196 5878
5 3738 2048 4219 5879
5 874 2424 4144 5880
5 2677 1372 4776 5881
5 675 2740 3208 5882
5 3653 2714 5077 5883
5 967 2562 3667 5884
5 2967 814 3216 5885
5 813 2968 3217 5886
5 3439 1871 4298 5887
5 645 2709 2710 5888
5 1384 2967 3216 5889
5 2968 1383 3217 5890
5 2821 1116 4977 5891
5 2827 1099 4980 5892
5 2831 1115 4982 5893
5 2826 1107 4979 5894
5 2825 1105 4978 5895
5 2830 1110 4981 5896
5 2969 817 3218 5897
5 816 2970 3219 5898
5 2439 656 4280 5899
5 1382 2969 3218 5900
5 2970 1381 3219 5901
5 2636 647 3641 5902
5 1 71 3381 5903
5 331 332 3436 5904
5 220 2833 4838 5905
5 1216 2511 4281 5906
5 2751 1283 3440 5907
5 1528 2533 4413 5908
5 2534 1527 4412 5909
5 491 492 4998 5910
5 1361 2636 3641 5911
5 2443 34 3047 5912
5 547 548 4350 5913
5 567 568 4277 5914
5 3941 1752 4275 5915
5 224 225 3204 5916
5 1455 2451 4786 5917
5 690 2520 3737 5918
5 691 2521 3736 5919
5 1145 2637 4226 5920
5 553 3035 4557 5921
5 3073 529 5105 5922
5 1447 2453 3825 5923
5 1576 2438 3964 5924
5 520 2713 3435 5925
5 812 2572 3834 5926
5 1939 920 2374 5927
5 815 2573 3835 5928
5 818 2574 3837 5929
5 1085 2543 3637 5930
5 42 43 3460 5931
5 2663 767 3556 5932
5 623 2785 4305 5933
5 2522 1077 4813 5934
5 3115 1822 5138 5935
5 3143 4402 5068 5936
5 3357 915 4568 5937
5 3590 2134 3896 5938
5 2039 2732 3438 5939
5 656 2439 4216 5940
5 3589 1792 3783 5941
5 1791 3588 3782 5942
5 859 3589 3783 5943
5 3588 860 3782 5944
5 1537 2446 4842 5945
5 2570 607 5094 5946
5 137 138 4205 5947
5 1951 3674 4344 5948
5 1940 3668 4342 5949
5 1943 3670 4339 5950
5 3669 1942 4340 5951
5 3672 1945 4343 5952
5 1949 3671 4338 5953
5 1950 3673 4341 5954
5 1859 2323 4192 5955
5 1011 2462 4393 5956
5 1027 2474 4394 5957
5 1012 2463 4392 5958
5 1009 2460 4399 5959
5 559 2722 4388 5960
5 3489 1575 4267 5961
5 1574 3490 4266 5962
5 2917 879 4419 5963
5 878 2918 4420 5964
5 518 519 3972 5965
5 3010 1241 3225 5966
5 3449 1592 4500 5967
5 2449 699 4899 5968
5 642 4407 5124 5969
5 2905 1836 3952 5970
5 3230 1565 3873 5971
5 669 3250 3254 5972
5 33 2443 3153 5973
5 853 3350 4665 5974
5 3220 4901 5156 5975
5 3206 1605 4700 5976
5 976 3092 3901 5977
5 1618 3446 4066 5978
5 3445 1617 4065 5979
5 2639 882 3809 5980
5 3762 1177 4794 5981
5 3755 1193 4791 5982
5 3760 1181 4792 5983
5 3759 1173 4800 5984
5 1201 3756 4795 5985
5 3764 1209 4808 5986
5 3763 1169 4797 5987
5 3757 1205 4802 5988
5 3758 1197 4810 5989
5 3761 1189 4803 5990
5 3754 1185 4812 5991
5 3753 1165 4789 5992
5 2571 1371 3807 5993
5 848 3590 3896 5994
5 1283 2751 4305 5995
5 3284 1795 4813 5996
5 1387 3692 4765 5997
5 800 2571 3807 5998
5 1388 3691 4766 5999
5 71 72 3336 6000
5 770 2557 4396 6001
5 1637 3038 4097 6002
5 1638 3039 4091 6003
5 3038 728 4097 6004
5 3039 721 4091 6005
5 3040 1635 4094 6006
5 1634 3041 4096 6007
5 3041 714 4096 6008
5 708 3040 4094 6009
5 3042 713 4095 6010
5 1630 3042 4095 6011
5 1244 3016 3238 6012
5 1251 2577 3607 6013
5 3689 1384 4770 6014
5 1383 3688 4769 6015
5 3749 1161 4783 6016
5 3687 1382 4768 6017
5 1381 3686 4767 6018
5 646 3015 3165 6019
5 3015 1602 3165 6020
5 1607 2570 5094 6021
5 1325 2832 3767 6022
5 3446 1618 4715 6023
5 1617 3445 4714 6024
5 1703 2331 4664 6025
5 1841 3466 5065 6026
5 2710 1160 4815 6027
5 996 2441 4288 6028
5 2442 997 4289 6029
5 2562 967 4182 6030
5 2707 1484 4040 6031
5 1985 3559 4249 6032
5 2441 996 4861 6033
5 997 2442 4862 6034
5 3559 698 4249 6035
5 2335 3391 5156 6036
5 1747 2917 4419 6037
5 2918 1746 4420 6038
5 2477 1021 4286 6039
5 3404 1021 4744 6040
5 2112 3404 4744 6041
5 1536 2906 3222 6042
5 2454 1341 3995 6043
5 3439 1290 4206 6044
5 3419 1374 3636 6045
5 3448 2537 3851 6046
5 3315 679 4788 6047
5 608 2905 3952 6048
5 819 3082 4234 6049
5 1976 3407 3814 6050
5 3194 1266 3928 6051
5 1265 3195 3929 6052
5 1696 3194 3928 6053
5 3195 1697 3929 6054
5 3197 1268 3930 6055
5 1267 3196 3931 6056
5 1694 3197 3930 6057
5 3196 1695 3931 6058
5 1019 2471 4292 6059
5 1032 2483 4291 6060
5 2468 1017 4293 6061
5 523 524 3970 6062
5 3407 1402 3814 6063
5 1666 3199 3926 6064
5 1693 3200 3927 6065
5 3199 1263 3926 6066
5 3200 1264 3927 6067
5 683 2897 3459 6068
5 2896 682 3458 6069
5 2897 1754 3459 6070
5 1755 2896 3458 6071
5 3009 736 5107 6072
5 256 2655 3741 6073
5 2656 103 3740 6074
5 1624 3143 5068 6075
5 2655 1380 3741 6076
5 1379 2656 3740 6077
5 558 559 4388 6078
5 2815 647 4601 6079
5 2446 745 4842 6080
5 2752 1397 3111 6081
5 2881 2341 5090 6082
5 73 2878 3510 6083
5 3777 1285 4676 6084
5 2874 1226 4663 6085
5 1753 2874 4663 6086
5 1706 3464 4635 6087
5 1560 3969 4260 6088
5 3427 1649 3692 6089
5 3426 1648 3691 6090
5 1387 3427 3692 6091
5 1388 3426 3691 6092
5 56 57 3843 6093
5 1383 3423 3688 6094
5 3424 1384 3689 6095
5 3423 1646 3688 6096
5 1647 3424 3689 6097
5 1381 3421 3686 6098
5 3422 1382 3687 6099
5 3421 1644 3686 6100
5 1645 3422 3687 6101
5 3066 999 4008 6102
5 519 520 3435 6103
5 849 4367 5040 6104
5 970 2454 4834 6105
5 2002 2749 3943 6106
5 629 2454 3995 6107
5 696 2717 3398 6108
5 34 35 3047 6109
5 3506 1606 4055 6110
5 228 229 3318 6111
5 233 234 3319 6112
5 1590 4062 4244 6113
5 2682 1344 3102 6114
5 4788 679 5123 6115
5 2656 1379 3518 6116
5 1380 2655 3519 6117
5 284 285 3325 6118
5 583 584 3326 6119
5 289 290 3327 6120
5 578 579 3328 6121
5 3428 1017 4737 6122
5 2096 3428 4737 6123
5 1032 3430 4736 6124
5 3430 2110 4736 6125
5 1019 3433 4743 6126
5 3433 2107 4743 6127
5 2930 753 3320 6128
5 1548 3355 3612 6129
5 1275 3220 5156 6130
5 2437 4529 4864 6131
5 3011 2034 3354 6132
5 1340 2914 3824 6133
5 2711 326 3802 6134
5 2451 927 4786 6135
5 2457 1008 4054 6136
5 2456 1535 4839 6137
5 3643 1401 4021 6138
5 3384 1798 4536 6139
5 2732 1594 4387 6140
5 688 2732 4387 6141
5 1803 3418 3583 6142
5 1802 3417 3584 6143
5 1801 3416 3585 6144
5 2051 3088 3540 6145
5 1800 3415 3586 6146
5 568 569 3608 6147
5 2538 1450 3803 6148
5 2461 1010 4056 6149
5 2484 1015 4057 6150
5 2470 1023 4058 6151
5 2467 1013 4059 6152
5 2450 1257 4612 6153
5 3809 1078 5112 6154
5 1410 3144 3468 6155
5 3044 715 4145 6156
5 1629 3044 4145 6157
5 1631 3043 4148 6158
5 3043 726 4148 6159
5 2073 3031 4274 6160
5 1020 2480 4070 6161
5 1014 2482 4068 6162
5 1031 2475 4069 6163
5 1028 2478 4071 6164
5 3413 1623 3649 6165
5 1389 3413 3649 6166
5 869 3728 5099 6167
5 1761 2880 4401 6168
5 2640 630 4137 6169
5 3144 1534 3468 6170
5 89 90 4273 6171
5 1292 2649 4369 6172
5 3291 826 4333 6173
5 825 3290 4332 6174
5 3293 828 4335 6175
5 827 3292 4334 6176
5 3295 831 4337 6177
5 830 3294 4336 6178
5 2439 1446 4216 6179
5 1842 3125 4028 6180
5 4358 1593 4360 6181
5 4529 1000 4864 6182
5 2745 2299 4676 6183
5 2615 1307 4917 6184
5 3598 1593 4358 6185
5 2614 1308 4918 6186
5 3125 899 4028 6187
5 2613 1309 4927 6188
5 2612 1310 4931 6189
5 1389 3649 4837 6190
5 2611 1311 4957 6191
5 1187 4355 4570 6192
5 1171 4356 4589 6193
5 2610 1312 4960 6194
5 2473 1026 4110 6195
5 2479 1025 4112 6196
5 2466 1016 4111 6197
5 1022 2465 4113 6198
5 2476 1033 4115 6199
5 2472 1029 4114 6200
5 2464 1018 4116 6201
5 2609 1313 4962 6202
5 1829 3539 3727 6203
5 3539 693 3727 6204
5 2608 1314 4970 6205
5 4154 1640 5108 6206
5 3747 1828 4919 6207
5 163 2604 4991 6208
5 2607 1315 4973 6209
5 7 8 3139 6210
5 167 2605 4987 6211
5 2606 1316 4983 6212
5 138 1345 4205 6213
5 2604 1317 4991 6214
5 2605 1318 4987 6215
5 2463 774 4157 6216
5 2462 773 4158 6217
5 1030 2481 4156 6218
5 2474 776 4159 6219
5 1024 2469 4160 6220
5 745 2597 3742 6221
5 1406 2663 3556 6222
5 2460 771 4161 6223
5 238 239 3348 6224
5 171 2606 4983 6225
5 1862 4403 5174 6226
5 875 2564 4718 6227
5 2199 974 4221 6228
5 784 2680 3844 6229
5 985 2572 4357 6230
5 175 2607 4973 6231
5 4500 2427 4772 6232
5 4619 1642 4866 6233
5 2903 1454 3344 6234
5 1453 2902 3343 6235
5 1542 2903 3344 6236
5 2902 1543 3343 6237
5 1077 2522 4459 6238
5 2947 1782 3839 6239
5 1783 2946 3840 6240
5 1146 2456 4839 6241
5 1784 2948 3841 6242
5 2949 1785 3842 6243
5 179 2608 4970 6244
5 2543 1788 3878 6245
5 1663 2740 4691 6246
5 840 3384 4536 6247
5 1411 3159 4999 6248
5 1430 2457 4621 6249
5 545 546 4006 6250
5 1745 2580 3933 6251
5 2732 688 3438 6252
5 2633 1320 4959 6253
5 1441 2461 4623 6254
5 1432 2464 4629 6255
5 774 2463 4624 6256
5 773 2462 4625 6257
5 2463 1431 4624 6258
5 1442 2472 4632 6259
5 2462 1434 4625 6260
5 2465 1438 4626 6261
5 1438 2468 4626 6262
5 1439 2466 4627 6263
5 1431 2467 4624 6264
5 2480 1435 4633 6265
5 776 2474 4627 6266
5 1434 2476 4625 6267
5 2474 1439 4627 6268
5 2468 782 4626 6269
5 777 2471 4631 6270
5 2469 1440 4630 6271
5 2471 1437 4631 6272
5 1435 2477 4633 6273
5 1437 2479 4631 6274
5 2479 777 4631 6275
5 2482 1433 4634 6276
5 2481 1432 4629 6277
5 1436 2470 4628 6278
5 2483 1442 4632 6279
5 1440 2473 4630 6280
5 2475 1436 4628 6281
5 2477 780 4633 6282
5 1433 2484 4634 6283
5 783 2483 4632 6284
5 2478 1441 4623 6285
5 2460 1430 4621 6286
5 771 2460 4621 6287
5 183 2609 4962 6288
5 2736 823 3089 6289
5 2718 1362 3850 6290
5 155 156 3777 6291
5 1416 3754 4512 6292
5 3754 2168 4512 6293
5 1424 3757 4506 6294
5 3757 2165 4506 6295
5 1527 3488 4065 6296
5 3487 1528 4066 6297
5 3490 1368 4417 6298
5 1369 3489 4418 6299
5 1274 2642 4030 6300
5 187 2610 4960 6301
5 1571 2455 4354 6302
5 4321 1186 4571 6303
5 4319 1194 4586 6304
5 1202 4318 4584 6305
5 4315 1170 4588 6306
5 4316 1178 4591 6307
5 4320 1210 4582 6308
5 2458 1458 4429 6309
5 1458 2459 4429 6310
5 785 2458 4429 6311
5 2459 785 4429 6312
5 1953 2003 4874 6313
5 1071 4598 5175 6314
5 1954 2004 4880 6315
5 1955 2008 4881 6316
5 1956 2010 4882 6317
5 1957 2007 4883 6318
5 1958 2011 4884 6319
5 1959 2013 4885 6320
5 1368 3492 4452 6321
5 3491 1369 4451 6322
5 3731 806 4845 6323
5 1089 3116 4688 6324
5 1460 2485 4432 6325
5 2485 786 4432 6326
5 2486 1460 4432 6327
5 786 2486 4432 6328
5 1472 2497 4434 6329
5 2497 797 4434 6330
5 1462 2488 4433 6331
5 2488 788 4433 6332
5 797 2499 4434 6333
5 2490 1471 4439 6334
5 2499 1472 4434 6335
5 798 2490 4439 6336
5 2489 1470 4443 6337
5 796 2489 4443 6338
5 2492 790 4435 6339
5 1465 2492 4435 6340
5 2495 789 4438 6341
5 2487 787 4436 6342
5 1461 2487 4436 6343
5 2504 794 4437 6344
5 791 2491 4440 6345
5 794 2505 4437 6346
5 2494 1467 4442 6347
5 793 2494 4442 6348
5 2496 795 4441 6349
5 1468 2496 4441 6350
5 795 2493 4441 6351
5 2493 1468 4441 6352
5 790 2503 4435 6353
5 2503 1465 4435 6354
5 2509 1462 4433 6355
5 1464 2500 4444 6356
5 789 2507 4438 6357
5 2501 791 4440 6358
5 2491 1466 4440 6359
5 788 2509 4433 6360
5 1467 2498 4442 6361
5 2498 793 4442 6362
5 1470 2506 4443 6363
5 2500 792 4444 6364
5 2506 796 4443 6365
5 2502 1461 4436 6366
5 787 2502 4436 6367
5 1463 2495 4438 6368
5 1471 2510 4439 6369
5 2510 798 4439 6370
5 1466 2501 4440 6371
5 1469 2504 4437 6372
5 2505 1469 4437 6373
5 2507 1463 4438 6374
5 2508 1464 4444 6375
5 792 2508 4444 6376
5 2603 223 4104 6377
5 957 3467 4868 6378
5 191 2611 4957 6379
5 2683 1551 4285 6380
5 1140 3032 3732 6381
5 2621 1444 4076 6382
5 2740 675 4691 6383
5 2621 851 4075 6384
5 1003 2621 4076 6385
5 3499 919 4523 6386
5 3223 1285 3330 6387
5 2562 1451 4535 6388
5 855 2670 4599 6389
5 2670 1591 4599 6390
5 195 2612 4931 6391
5 1444 2621 4075 6392
5 2572 2045 3834 6393
5 1230 2683 4285 6394
5 32 33 3153 6395
5 96 2661 3966 6396
5 2573 2046 3835 6397
5 2574 2047 3837 6398
5 3440 2074 4072 6399
5 2572 1519 4357 6400
5 90 91 3385 6401
5 199 2613 4927 6402
5 692 2536 4149 6403
5 2628 1289 5081 6404
5 1376 2725 4072 6405
5 563 2527 4867 6406
5 998 4500 4772 6407
5 203 2614 4918 6408
5 1474 2551 4920 6409
5 2727 1260 3493 6410
5 1475 2552 4921 6411
5 1476 2553 4922 6412
5 1477 2554 4923 6413
5 1478 2555 4924 6414
5 1479 2556 4925 6415
5 107 108 4412 6416
5 251 252 4413 6417
5 1343 3349 5033 6418
5 681 2578 3877 6419
5 3636 1374 4306 6420
5 2578 1407 4879 6421
5 207 2615 4917 6422
5 2681 1443 3956 6423
5 2520 690 5114 6424
5 2374 1859 4265 6425
5 1486 2559 4932 6426
5 2521 691 5113 6427
5 10 11 3134 6428
5 148 149 3461 6429
5 672 2898 4666 6430
5 1844 3975 4986 6431
5 2133 4006 4775 6432
5 1321 2628 5081 6433
5 2898 1745 4666 6434
5 3683 914 3828 6435
5 2705 4039 4040 6436
5 492 493 3825 6437
5 1002 2673 3609 6438
5 2669 730 3744 6439
5 3302 1753 4663 6440
5 2834 1228 3380 6441
5 2913 1559 4415 6442
5 6 2734 3587 6443
5 2623 1448 4230 6444
5 653 2681 3956 6445
5 1999 4878 4908 6446
5 2581 2140 3862 6447
5 2141 2582 3863 6448
5 3730 1363 3772 6449
5 1793 3730 3772 6450
5 1904 3222 3798 6451
5 1864 3682 3943 6452
5 805 3094 3242 6453
5 3094 1396 3242 6454
5 3682 909 3943 6455
5 861 2625 3808 6456
5 659 1577 3244 6457
5 660 1578 3245 6458
5 661 1584 3246 6459
5 662 1585 3247 6460
5 663 1581 3248 6461
5 669 1587 3250 6462
5 664 1588 3249 6463
5 1580 669 3254 6464
5 665 1579 3252 6465
5 666 1583 3253 6466
5 671 1589 3255 6467
5 668 1582 3256 6468
5 670 1586 3251 6469
5 2514 826 4547 6470
5 825 2515 4546 6471
5 211 2633 4959 6472
5 2516 828 4549 6473
5 827 2517 4548 6474
5 1514 3360 4341 6475
5 3361 1510 4340 6476
5 1508 3364 4338 6477
5 1511 3363 4342 6478
5 1509 3362 4339 6479
5 1516 3358 4344 6480
5 1746 2918 4913 6481
5 2917 1747 4914 6482
5 4474 328 5064 6483
5 326 327 3802 6484
5 1158 3409 4191 6485
5 3208 1555 4284 6486
5 2563 1599 3947 6487
5 2623 1760 4385 6488
5 3312 1367 3786 6489
5 1076 2741 4101 6490
5 857 3518 4266 6491
5 3519 858 4267 6492
5 2523 1797 4553 6493
5 648 2544 4312 6494
5 1084 2579 3899 6495
5 2741 1788 4101 6496
5 1820 3683 3828 6497
5 522 2623 4385 6498
5 1868 3004 4278 6499
5 2814 1290 3439 6500
5 3596 2052 4866 6501
5 1342 2597 4878 6502
5 106 107 4975 6503
5 252 253 4976 6504
5 2528 1081 4997 6505
5 3040 1495 4318 6506
5 1499 3039 4320 6507
5 1490 3044 4315 6508
5 1491 3042 4316 6509
5 1493 3043 4319 6510
5 1500 3038 4321 6511
5 1457 3702 4843 6512
5 2861 652 4098 6513
5 1962 2861 4098 6514
5 4259 2310 5003 6515
5 2728 1776 5116 6516
5 1075 2627 4558 6517
5 1701 3066 4008 6518
5 118 2881 3920 6519
5 2881 1531 3920 6520
5 1700 3811 3832 6521
5 2784 1827 3268 6522
5 2763 795 3616 6523
5 795 2766 3616 6524
5 2778 792 3617 6525
5 792 2769 3617 6526
5 1262 2657 3732 6527
5 309 310 4077 6528
5 2970 1328 3290 6529
5 1327 2969 3291 6530
5 2968 1330 3292 6531
5 1329 2967 3293 6532
5 2965 1332 3294 6533
5 1331 2964 3295 6534
5 1333 2966 3297 6535
5 1334 2971 3298 6536
5 1335 2972 3299 6537
5 1143 1411 4999 6538
5 76 77 3506 6539
5 1774 3010 3225 6540
5 3415 1307 3586 6541
5 3416 1308 3585 6542
5 3417 1309 3584 6543
5 3320 1798 3384 6544
5 3418 1310 3583 6545
5 2268 561 3111 6546
5 3580 849 5040 6547
5 136 137 5081 6548
5 1614 3072 3800 6549
5 3071 1613 3799 6550
5 2920 1113 4607 6551
5 658 2816 3752 6552
5 1788 2543 4101 6553
5 3161 154 5104 6554
5 2818 658 3752 6555
5 3103 705 4090 6556
5 1627 3103 4090 6557
5 3106 717 4092 6558
5 1628 3106 4092 6559
5 973 2728 5116 6560
5 3072 1558 3800 6561
5 1557 3071 3799 6562
5 2715 1640 4869 6563
5 2661 1551 3966 6564
5 986 2573 4458 6565
5 987 2574 4466 6566
5 2714 855 4448 6567
5 1567 2714 4448 6568
5 3016 1779 3238 6569
5 2822 667 3766 6570
5 667 2828 3766 6571
5 1521 2529 4458 6572
5 2917 2311 4857 6573
5 2312 2918 4858 6574
5 1522 2530 4466 6575
5 1452 2622 4453 6576
5 1408 3102 3145 6577
5 2668 1368 3782 6578
5 1369 2667 3783 6579
5 860 2668 3782 6580
5 2667 859 3783 6581
5 162 163 4991 6582
5 910 2643 3739 6583
5 166 167 4987 6584
5 30 31 3224 6585
5 2299 3777 4676 6586
5 1744 3124 4846 6587
5 526 527 4553 6588
5 2900 769 4814 6589
5 2580 1835 3933 6590
5 2685 1756 3771 6591
5 170 171 4983 6592
5 562 2752 3111 6593
5 2725 1376 4254 6594
5 1704 2905 3454 6595
5 1537 2625 4402 6596
5 2905 608 3454 6597
5 174 175 4973 6598
5 2625 861 4402 6599
5 149 150 3619 6600
5 3102 1344 3145 6601
5 178 179 4970 6602
5 2966 829 3413 6603
5 763 2875 4372 6604
5 1389 2966 3413 6605
5 826 3291 3422 6606
5 3290 825 3421 6607
5 828 3293 3424 6608
5 3292 827 3423 6609
5 3057 876 3650 6610
5 3849 2030 3850 6611
5 1362 3849 3850 6612
5 182 183 4962 6613
5 898 3004 3612 6614
5 1564 2630 4189 6615
5 1456 3057 3650 6616
5 186 187 4960 6617
5 2739 1261 3007 6618
5 3226 734 4467 6619
5 767 2629 5103 6620
5 324 325 3517 6621
5 1539 2541 4526 6622
5 1326 3098 4078 6623
5 190 191 4957 6624
5 1400 2565 4552 6625
5 2388 1398 3773 6626
5 1144 2443 3047 6627
5 361 2846 4641 6628
5 421 2837 4638 6629
5 2836 426 4643 6630
5 2839 390 4644 6631
5 2852 366 4637 6632
5 349 2835 4640 6633
5 445 2840 4646 6634
5 373 2845 4639 6635
5 2844 378 4642 6636
5 337 2838 4657 6637
5 2856 354 4656 6638
5 2842 414 4649 6639
5 409 2851 4650 6640
5 457 2849 4648 6641
5 2850 438 4647 6642
5 2847 462 4654 6643
5 2848 450 4651 6644
5 385 2841 4645 6645
5 433 2853 4658 6646
5 397 2855 4659 6647
5 2843 402 4655 6648
5 469 2854 4652 6649
5 2857 342 4653 6650
5 481 2858 4660 6651
5 2859 474 4661 6652
5 3349 1967 4974 6653
5 2860 486 4662 6654
5 3503 1666 4765 6655
5 2899 1519 3925 6656
5 307 2899 3925 6657
5 2629 1066 4719 6658
5 2971 832 3426 6659
5 2972 833 3427 6660
5 1388 2971 3426 6661
5 1387 2972 3427 6662
5 1162 3176 4595 6663
5 3176 1893 4595 6664
5 2573 1521 4458 6665
5 1271 2430 4687 6666
5 194 195 4931 6667
5 3504 1693 4766 6668
5 2380 1550 4003 6669
5 3482 1610 3675 6670
5 2574 1522 4466 6671
5 1399 3482 3675 6672
5 1273 3239 3398 6673
5 2389 2912 4902 6674
5 734 2189 4306 6675
5 1166 3179 4592 6676
5 3179 1884 4592 6677
5 3180 1882 4588 6678
5 1170 3180 4588 6679
5 1178 3181 4591 6680
5 3181 1883 4591 6681
5 1174 3182 4585 6682
5 3182 1879 4585 6683
5 1198 3183 4579 6684
5 3183 1878 4579 6685
5 1190 3184 4575 6686
5 3187 1874 4576 6687
5 3184 1877 4575 6688
5 1206 3187 4576 6689
5 1881 3186 4584 6690
5 3189 1875 4582 6691
5 3185 1876 4574 6692
5 3186 1202 4584 6693
5 1182 3185 4574 6694
5 1210 3189 4582 6695
5 3188 1880 4586 6696
5 1194 3188 4586 6697
5 1186 3190 4571 6698
5 3190 1873 4571 6699
5 2838 1688 4657 6700
5 2846 1679 4641 6701
5 2837 1673 4638 6702
5 1680 2852 4637 6703
5 1675 2836 4643 6704
5 2851 1690 4650 6705
5 2841 1672 4645 6706
5 2840 1677 4646 6707
5 2835 1670 4640 6708
5 1682 2842 4649 6709
5 1676 2839 4644 6710
5 2849 1684 4648 6711
5 1674 2844 4642 6712
5 2855 1686 4659 6713
5 1692 2857 4653 6714
5 1683 2848 4651 6715
5 1681 2850 4647 6716
5 2853 1687 4658 6717
5 1685 2847 4654 6718
5 1678 2843 4655 6719
5 2845 1671 4639 6720
5 2854 1689 4652 6721
5 1691 2856 4656 6722
5 2858 1668 4660 6723
5 1669 2859 4661 6724
5 198 199 4927 6725
5 1667 2860 4662 6726
5 1817 3155 4105 6727
5 3155 863 4105 6728
5 2240 4551 4910 6729
5 645 2710 4213 6730
5 2931 755 3583 6731
5 2932 756 3584 6732
5 1072 2715 4869 6733
5 2933 757 3585 6734
5 2935 758 3586 6735
5 1488 3099 4314 6736
5 202 203 4918 6737
5 1338 2658 4996 6738
5 1249 2577 4348 6739
5 1489 3103 4322 6740
5 1497 3105 4325 6741
5 1496 3106 4324 6742
5 1494 3104 4323 6743
5 1373 2669 3744 6744
5 206 207 4917 6745
5 2300 3082 5101 6746
5 2650 807 4840 6747
5 1600 2650 4840 6748
5 2227 3859 4534 6749
5 2551 929 4920 6750
5 2552 931 4921 6751
5 2553 933 4922 6752
5 2554 935 4923 6753
5 2555 937 4924 6754
5 2556 940 4925 6755
5 2226 3860 4533 6756
5 3481 1863 3807 6757
5 2225 3861 4532 6758
5 2785 1665 4305 6759
5 3268 1827 3726 6760
5 28 29 3260 6761
5 698 2560 4860 6762
5 811 3446 5020 6763
5 3445 810 5021 6764
5 3446 2141 5020 6765
5 2140 3445 5021 6766
5 770 3409 4307 6767
5 2566 259 4233 6768
5 100 2567 4232 6769
5 2568 594 4227 6770
5 274 2569 4228 6771
5 3593 1834 3648 6772
5 2788 348 4640 6773
5 463 2799 4654 6774
5 439 2791 4647 6775
5 403 2805 4655 6776
5 343 2808 4653 6777
5 2792 384 4645 6778
5 2802 468 4652 6779
5 2798 456 4648 6780
5 451 2801 4651 6781
5 2804 408 4650 6782
5 2790 420 4638 6783
5 427 2795 4643 6784
5 2806 432 4658 6785
5 2794 444 4646 6786
5 379 2789 4642 6787
5 2803 396 4659 6788
5 355 2809 4656 6789
5 2793 372 4639 6790
5 415 2796 4649 6791
5 391 2797 4644 6792
5 2810 336 4657 6793
5 2807 360 4641 6794
5 367 2800 4637 6795
5 2811 480 4660 6796
5 475 2812 4661 6797
5 3097 1561 4350 6798
5 487 2813 4662 6799
5 2560 1072 4869 6800
5 1626 3099 4142 6801
5 3099 702 4142 6802
5 210 211 4959 6803
5 1740 2685 3771 6804
5 2621 1003 4865 6805
5 1939 2374 4270 6806
5 2596 1400 4552 6807
5 2559 954 4932 6808
5 3119 879 4857 6809
5 878 3118 4858 6810
5 2808 1692 4653 6811
5 1670 2788 4640 6812
5 1672 2792 4645 6813
5 1690 2804 4650 6814
5 1673 2790 4638 6815
5 1684 2798 4648 6816
5 2801 1683 4651 6817
5 1686 2803 4659 6818
5 2799 1685 4654 6819
5 1689 2802 4652 6820
5 2789 1674 4642 6821
5 2791 1681 4647 6822
5 2805 1678 4655 6823
5 1687 2806 4658 6824
5 1677 2794 4646 6825
5 2795 1675 4643 6826
5 1688 2810 4657 6827
5 2796 1682 4649 6828
5 1671 2793 4639 6829
5 2809 1691 4656 6830
5 2797 1676 4644 6831
5 2800 1680 4637 6832
5 1679 2807 4641 6833
5 1668 2811 4660 6834
5 2812 1669 4661 6835
5 2813 1667 4662 6836
5 1067 2566 4913 6837
5 2567 1068 4914 6838
5 3104 722 4146 6839
5 1632 3104 4146 6840
5 3105 718 4147 6841
5 1636 3105 4147 6842
5 2642 1274 3846 6843
5 3282 2309 4075 6844
5 1395 3207 3794 6845
5 3207 1977 3794 6846
5 1090 2942 3351 6847
5 2599 1319 4692 6848
5 3675 863 3964 6849
5 1569 2643 4162 6850
5 3804 896 4354 6851
5 2600 804 4611 6852
5 918 1786 3554 6853
5 26 27 3286 6854
5 1337 3593 3648 6855
5 1262 3008 4835 6856
5 2643 1569 4427 6857
5 2817 1549 4151 6858
5 1273 2527 3817 6859
5 2297 2575 5087 6860
5 534 2817 4151 6861
5 2628 32 3153 6862
5 2729 2310 4259 6863
5 1640 4154 4860 6864
5 3004 1548 3612 6865
5 1533 3537 4524 6866
5 1345 1321 4205 6867
5 3073 1326 4287 6868
5 1598 2603 4104 6869
5 4031 1457 4843 6870
5 1335 3299 3834 6871
5 2746 1452 3645 6872
5 1334 3298 3835 6873
5 2734 7 3139 6874
5 1333 3297 3837 6875
5 3223 2745 4676 6876
5 2680 1451 3844 6877
5 2300 1639 4234 6878
5 4820 2136 4836 6879
5 735 2429 4711 6880
5 609 2379 4368 6881
5 3231 1347 4679 6882
5 1007 2525 4400 6883
5 3232 1348 4680 6884
5 3072 1614 4193 6885
5 1613 3071 4194 6886
5 3233 1349 4682 6887
5 3234 1350 4683 6888
5 3235 1351 4684 6889
5 3236 1352 4685 6890
5 3237 1353 4686 6891
5 3114 1251 4414 6892
5 1255 3257 3465 6893
5 2381 4218 4636 6894
5 2634 36 5138 6895
5 2574 818 4542 6896
5 1902 3437 3729 6897
5 1522 2574 4542 6898
5 3257 1780 3465 6899
5 3175 885 5158 6900
5 891 3169 5164 6901
5 892 3168 5165 6902
5 3174 886 5159 6903
5 893 3167 5166 6904
5 3173 887 5160 6905
5 894 3166 5167 6906
5 3172 888 5161 6907
5 3171 889 5162 6908
5 3170 890 5163 6909
5 877 3958 4635 6910
5 276 3072 4193 6911
5 3071 592 4194 6912
5 4218 1086 4636 6913
5 527 528 4287 6914
5 2723 1217 4520 6915
5 3045 1569 4162 6916
5 3192 884 5157 6917
5 1404 2638 4004 6918
5 72 73 3510 6919
5 4387 1594 4974 6920
5 3704 693 3730 6921
5 1793 3704 3730 6922
5 3350 853 3645 6923
5 2602 3505 4296 6924
5 2572 812 4673 6925
5 31 2628 3224 6926
5 3552 1364 3897 6927
5 2573 815 4672 6928
5 806 4027 4845 6929
5 1519 2572 4673 6930
5 759 2941 3648 6931
5 1521 2573 4672 6932
5 862 4259 5003 6933
5 1224 3229 5083 6934
5 2723 2913 4961 6935
5 509 510 3644 6936
5 3123 1339 4872 6937
5 1904 3750 4696 6938
5 2674 4026 4051 6939
5 2630 1564 4830 6940
5 1405 2879 3461 6941
5 1216 2689 4856 6942
5 800 3807 4531 6943
5 549 550 3812 6944
5 21 22 3281 6945
5 1064 2630 4830 6946
5 573 574 3652 6947
5 2678 927 3848 6948
5 3312 808 4220 6949
5 1547 2600 4611 6950
5 1231 2951 3166 6951
5 1232 2952 3167 6952
5 1233 2953 3168 6953
5 1234 2954 3169 6954
5 2955 1235 3170 6955
5 2956 1236 3171 6956
5 2957 1237 3172 6957
5 2958 1238 3173 6958
5 2959 1239 3174 6959
5 2960 1240 3175 6960
5 2638 1404 4060 6961
5 1081 3512 4997 6962
5 1555 3683 4284 6963
5 906 4298 4912 6964
5 2961 1242 3192 6965
5 2603 1598 4912 6966
5 607 2562 4535 6967
5 1365 2757 4035 6968
5 765 2876 3974 6969
5 2733 2049 4993 6970
5 3101 1554 4689 6971
5 3803 681 5139 6972
5 1516 3434 4071 6973
5 1508 3429 4069 6974
5 1509 3432 4068 6975
5 1511 3431 4070 6976
5 3596 624 4021 6977
5 872 2662 4384 6978
5 3774 1871 4206 6979
5 1520 3048 3832 6980
5 3048 1156 3832 6981
5 2731 1969 4311 6982
5 631 3231 4874 6983
5 3098 1326 3350 6984
5 1006 2722 4107 6985
5 987 3200 3504 6986
5 986 3199 3503 6987
5 730 2669 4294 6988
5 1144 2634 4670 6989
5 3010 1774 5168 6990
5 2654 1448 3970 6991
5 2666 1148 3829 6992
5 3410 903 4395 6993
5 633 3232 4880 6994
5 632 3233 4881 6995
5 634 3234 4882 6996
5 635 3235 4883 6997
5 636 3236 4884 6998
5 643 3237 4885 6999
5 1600 3591 3960 7000
5 2753 700 3827 7001
5 3394 1488 4054 7002
5 3222 808 3798 7003
5 3400 1489 4056 7004
5 3403 1497 4059 7005
5 3402 1494 4058 7006
5 3401 1496 4057 7007
5 2650 1004 4528 7008
5 562 563 4867 7009
5 2950 1343 4105 7010
5 2624 52 4330 7011
5 494 495 3940 7012
5 647 2636 4208 7013
5 1376 3900 4993 7014
5 2630 61 4189 7015
5 3467 957 4409 7016
5 701 2598 4871 7017
5 1411 2199 3159 7018
5 493 494 4859 7019
5 1566 2624 4330 7020
5 1619 3077 4226 7021
5 3077 1145 4226 7022
5 2934 3559 5038 7023
5 1274 2684 3902 7024
5 1989 2012 5069 7025
5 1990 2009 5070 7026
5 1991 2015 5071 7027
5 1992 2014 5072 7028
5 1993 2005 5073 7029
5 2006 1994 5074 7030
5 735 2879 4391 7031
5 1064 2646 4163 7032
5 52 53 4330 7033
5 3147 1093 4602 7034
5 3150 1098 4603 7035
5 3151 1096 4609 7036
5 2646 1443 4163 7037
5 3145 1344 4103 7038
5 3231 1953 4874 7039
5 2969 1327 5026 7040
5 1328 2970 5027 7041
5 2967 1329 5024 7042
5 1330 2968 5025 7043
5 2964 1331 5022 7044
5 1332 2965 5023 7045
5 2334 3591 4840 7046
5 2687 903 3948 7047
5 2603 1650 4671 7048
5 3152 768 3543 7049
5 3232 1954 4880 7050
5 3233 1955 4881 7051
5 3234 1956 4882 7052
5 3235 1957 4883 7053
5 3236 1958 4884 7054
5 3237 1959 4885 7055
5 1851 4587 5117 7056
5 1861 3410 4395 7057
5 103 104 3740 7058
5 255 256 3741 7059
5 3676 2032 4899 7060
5 3512 2169 4997 7061
5 1484 2705 4040 7062
5 2620 1549 4675 7063
5 3202 1662 3903 7064
5 854 3045 4162 7065
5 1538 2911 4025 7066
5 2876 1282 3974 7067
5 2911 576 4025 7068
5 71 3336 3381 7069
5 1393 3494 3939 7070
5 1066 2629 4326 7071
5 2564 875 5067 7072
5 683 3459 3863 7073
5 3458 682 3862 7074
5 3305 680 3811 7075
5 4341 3360 5131 7076
5 4338 3364 5128 7077
5 4342 3363 5129 7078
5 3361 4340 5130 7079
5 4339 3362 5127 7080
5 4344 3358 5132 7081
5 1515 3265 4160 7082
5 1505 3267 4156 7083
5 1700 3305 3811 7084
5 1834 3593 4674 7085
5 2697 929 3853 7086
5 2698 931 3854 7087
5 2702 940 3856 7088
5 2699 933 3855 7089
5 2701 937 3857 7090
5 2700 935 3858 7091
5 3272 1499 4115 7092
5 3275 1500 4116 7093
5 1495 3270 4113 7094
5 3269 1490 4110 7095
5 3273 1492 4112 7096
5 3271 1491 4111 7097
5 3274 1493 4114 7098
5 4181 2695 5059 7099
5 2696 4180 5058 7100
5 2730 649 3818 7101
5 1893 3176 5173 7102
5 3551 1505 4355 7103
5 3548 1515 4356 7104
5 1840 3046 3778 7105
5 699 3676 4899 7106
5 1877 3184 5148 7107
5 1876 3185 5150 7108
5 1884 3179 5144 7109
5 1883 3181 5152 7110
5 1879 3182 5154 7111
5 1882 3180 5146 7112
5 1573 3202 3903 7113
5 4276 606 5029 7114
5 2624 1566 4865 7115
5 223 224 4104 7116
5 2669 1502 4294 7117
5 2638 504 4410 7118
5 1715 2359 4964 7119
5 1725 2360 4965 7120
5 1723 2361 4966 7121
5 1724 2362 4967 7122
5 1726 2363 4968 7123
5 1727 2364 4969 7124
5 537 538 3776 7125
5 744 2641 4256 7126
5 1087 2786 4527 7127
5 3600 637 4618 7128
5 638 3601 4617 7129
5 639 3602 4616 7130
5 644 3603 4615 7131
5 640 3604 4614 7132
5 641 3605 4613 7133
5 1393 3052 3494 7134
5 1935 2780 3775 7135
5 3136 1644 4201 7136
5 1645 3135 4202 7137
5 1276 3136 4201 7138
5 3135 1277 4202 7139
5 1390 2687 3948 7140
5 864 3680 3947 7141
5 1732 2367 4958 7142
5 3138 1646 4203 7143
5 1647 3137 4204 7144
5 2681 653 5119 7145
5 1281 3138 4203 7146
5 3137 1280 4204 7147
5 1153 3684 4369 7148
5 3684 1979 4369 7149
5 1278 3132 4211 7150
5 1279 3133 4210 7151
5 3132 1649 4211 7152
5 3133 1648 4210 7153
5 2757 1365 3779 7154
5 4365 1643 4771 7155
5 2077 3049 4313 7156
5 2939 1378 3701 7157
5 1448 2654 4263 7158
5 2676 512 4597 7159
5 2654 1138 4263 7160
5 649 3220 3818 7161
5 3811 1520 3832 7162
5 3210 953 4843 7163
5 1077 2653 5096 7164
5 1812 3581 4928 7165
5 2033 2638 4410 7166
5 3160 1155 3701 7167
5 1702 2676 4597 7168
5 1937 3210 4843 7169
5 1699 3006 4559 7170
5 2144 3450 3810 7171
5 3450 1256 3810 7172
5 24 25 3332 7173
5 731 3774 4206 7174
5 3006 540 4559 7175
5 2724 1898 5135 7176
5 4629 772 4994 7177
5 1613 4194 4774 7178
5 4193 1614 4773 7179
5 2145 145 4261 7180
5 2717 696 4415 7181
5 49 50 3805 7182
5 2682 2440 4329 7183
5 2906 808 3222 7184
5 3903 869 5099 7185
5 2660 30 3224 7186
5 3508 1748 4915 7187
5 1749 3509 4916 7188
5 29 2660 3260 7189
5 547 2659 4775 7190
5 312 2901 3681 7191
5 134 135 4818 7192
5 772 4629 5004 7193
5 776 4627 5006 7194
5 4626 782 5007 7195
5 783 4632 5008 7196
5 120 121 3815 7197
5 1640 2715 5108 7198
5 754 3613 4904 7199
5 2786 1367 4527 7200
5 3831 222 4671 7201
5 2744 625 4693 7202
5 4569 1198 4579 7203
5 145 146 4261 7204
5 2669 1373 3973 7205
5 2068 4276 5029 7206
5 863 3155 3964 7207
5 895 3010 5168 7208
5 3155 1576 3964 7209
5 2752 1074 5136 7210
5 4108 2148 4294 7211
5 2481 4629 4994 7212
5 2722 1553 4388 7213
5 610 2405 4460 7214
5 3490 1574 3492 7215
5 1575 3489 3491 7216
5 615 2410 4461 7217
5 614 2409 4462 7218
5 613 2408 4463 7219
5 611 2406 4465 7220
5 612 2407 4464 7221
5 1368 3490 3492 7222
5 3489 1369 3491 7223
5 2653 128 4275 7224
5 4633 780 5036 7225
5 4623 781 5037 7226
5 2731 1502 4353 7227
5 1790 3073 5105 7228
5 781 4623 5056 7229
5 1517 2719 3953 7230
5 1524 2690 4185 7231
5 2691 1523 4186 7232
5 2877 2049 4290 7233
5 2429 735 5112 7234
5 3074 1861 5080 7235
5 1311 3320 3384 7236
5 2693 1526 4184 7237
5 1525 2694 4183 7238
5 93 3074 5080 7239
5 27 2672 3286 7240
5 1616 3114 4414 7241
5 4629 2464 5004 7242
5 4627 2466 5006 7243
5 2465 4626 5007 7244
5 4632 2472 5008 7245
5 2674 1455 4026 7246
5 25 2677 3332 7247
5 3131 1570 3976 7248
5 3425 1129 4222 7249
5 2234 3614 5170 7250
5 3614 1159 5170 7251
5 865 3131 3976 7252
5 682 2896 4452 7253
5 2897 683 4451 7254
5 2649 1153 4369 7255
5 2896 1791 4452 7256
5 1792 2897 4451 7257
5 1818 3119 4857 7258
5 3118 1819 4858 7259
5 1965 3467 4409 7260
5 3828 1615 4971 7261
5 1347 3654 4679 7262
5 1348 3655 4680 7263
5 1349 3656 4682 7264
5 1350 3657 4683 7265
5 2719 87 3953 7266
5 1351 3658 4684 7267
5 1155 2939 3701 7268
5 1352 3659 4685 7269
5 1353 3660 4686 7270
5 1090 3351 3944 7271
5 1429 3618 3787 7272
5 3618 1641 3787 7273
5 922 2674 3852 7274
5 1503 2650 4528 7275
5 146 147 5110 7276
5 95 96 3966 7277
5 1604 3395 4371 7278
5 3420 1841 4907 7279
5 3032 2188 3732 7280
5 3694 1306 4423 7281
5 263 264 4516 7282
5 604 605 4517 7283
5 1561 2659 4350 7284
5 269 270 4519 7285
5 598 599 4518 7286
5 2672 28 3260 7287
5 310 3141 4077 7288
5 3693 1305 4424 7289
5 1543 2647 4470 7290
5 2648 1542 4469 7291
5 607 2570 4911 7292
5 2478 4623 5037 7293
5 2480 4633 5036 7294
5 1541 2651 4472 7295
5 2652 1540 4471 7296
5 97 98 4186 7297
5 261 262 4185 7298
5 271 272 4184 7299
5 596 597 4183 7300
5 1259 2388 3951 7301
5 3109 1272 3464 7302
5 4623 2461 5056 7303
5 2199 1411 3115 7304
5 87 88 3953 7305
5 3695 1304 4425 7306
5 4567 2340 5010 7307
5 1215 3012 3821 7308
5 4153 1071 5175 7309
5 2632 1568 4873 7310
5 2715 821 5108 7311
5 78 3241 3981 7312
5 3088 1291 3540 7313
5 133 134 4568 7314
5 926 3734 3801 7315
5 2833 221 3831 7316
5 3032 1140 4984 7317
5 2217 3002 4690 7318
5 3696 1302 4428 7319
5 556 557 4035 7320
5 4551 1740 4910 7321
5 2697 4036 4701 7322
5 2677 26 3286 7323
5 2698 4046 4702 7324
5 2699 4043 4703 7325
5 2700 4048 4704 7326
5 2701 4047 4705 7327
5 2702 4041 4706 7328
5 2706 4037 4708 7329
5 2703 4044 4710 7330
5 2704 4049 4709 7331
5 2708 4038 4707 7332
5 1222 2875 3823 7333
5 3698 1301 4430 7334
5 609 2721 4816 7335
5 650 2679 4450 7336
5 2712 4045 4713 7337
5 2754 737 5095 7338
5 3699 1300 4445 7339
5 2786 606 3786 7340
5 112 113 3918 7341
5 246 247 3919 7342
5 117 118 3920 7343
5 241 242 3921 7344
5 3613 2172 4904 7345
5 2657 1262 4601 7346
5 483 484 3904 7347
5 423 424 3905 7348
5 411 412 3909 7349
5 447 448 3908 7350
5 375 376 3906 7351
5 387 388 3907 7352
5 471 472 3913 7353
5 459 460 3914 7354
5 435 436 3912 7355
5 351 352 3911 7356
5 363 364 3910 7357
5 399 400 3915 7358
5 339 340 3916 7359
5 2646 1064 4830 7360
5 1709 2721 4368 7361
5 1135 2670 4408 7362
5 2527 2752 4867 7363
5 3700 1299 4447 7364
5 3336 72 3510 7365
5 2718 1839 4909 7366
5 704 3262 3546 7367
5 296 297 3922 7368
5 1502 4108 4294 7369
5 1140 2657 4717 7370
5 2664 1155 4252 7371
5 3052 804 3865 7372
5 916 2731 4353 7373
5 301 302 3924 7374
5 720 3265 3548 7375
5 711 3264 3547 7376
5 707 3266 3550 7377
5 706 3263 3549 7378
5 729 3267 3551 7379
5 1755 3793 3876 7380
5 3792 1754 3875 7381
5 306 307 3925 7382
5 955 2891 4033 7383
5 1904 3373 3750 7384
5 506 507 4064 7385
5 2659 2133 4775 7386
5 3703 1298 4449 7387
5 912 3239 4844 7388
5 3560 672 3933 7389
5 2703 946 3867 7390
5 2706 943 3866 7391
5 2705 949 3868 7392
5 944 2707 3869 7393
5 2704 948 3870 7394
5 2708 952 3871 7395
5 3839 878 4420 7396
5 879 3840 4419 7397
5 3842 881 4422 7398
5 880 3841 4421 7399
5 3013 2231 4698 7400
5 3705 1297 4454 7401
5 1303 3283 4053 7402
5 3283 1623 4053 7403
5 2721 609 4368 7404
5 3411 107 4412 7405
5 252 3412 4413 7406
5 2690 261 4185 7407
5 98 2691 4186 7408
5 1502 2669 4353 7409
5 854 3521 4725 7410
5 1378 3162 5082 7411
5 1149 3078 4244 7412
5 3078 1590 4244 7413
5 272 2693 4184 7414
5 2694 596 4183 7415
5 529 530 5105 7416
5 3816 874 4144 7417
5 2891 1487 4033 7418
5 1570 3108 3976 7419
5 3706 1296 4457 7420
5 3396 1567 5095 7421
5 1705 2909 5003 7422
5 3744 1840 3804 7423
5 4150 1904 4696 7424
5 2938 821 3765 7425
5 2712 954 3796 7426
5 147 148 4521 7427
5 1995 2682 4329 7428
5 3124 1065 4309 7429
5 3177 642 3178 7430
5 3707 1295 4468 7431
5 35 2634 3047 7432
5 1151 3011 3354 7433
5 617 4416 4863 7434
5 3793 830 3876 7435
5 831 3792 3875 7436
5 3220 1569 3818 7437
5 3709 1293 4473 7438
5 3245 1578 5013 7439
5 3246 1584 5017 7440
5 1580 3254 5015 7441
5 3251 1586 5019 7442
5 1447 3825 4859 7443
5 3222 1904 4150 7444
5 3708 1294 4456 7445
5 2626 1609 4863 7446
5 3199 1666 3503 7447
5 3200 1693 3504 7448
5 3308 809 3536 7449
5 1609 2742 4863 7450
5 4166 1786 4271 7451
5 3633 865 4197 7452
5 107 3411 4975 7453
5 3412 252 4976 7454
5 1663 3124 4309 7455
5 2679 1444 4450 7456
5 3359 1851 5117 7457
5 3064 1365 4035 7458
5 2751 623 4305 7459
5 999 2447 4771 7460
5 2513 144 3443 7461
5 868 3007 3636 7462
5 3806 1337 4555 7463
5 3595 1962 4153 7464
5 2658 1081 4996 7465
5 12 13 3957 7466
5 823 2736 5101 7467
5 1371 2744 4693 7468
5 4930 1952 5089 7469
5 1373 3744 3804 7470
5 1571 2687 4426 7471
5 489 490 3979 7472
5 2879 1405 4391 7473
5 625 2907 4693 7474
5 477 478 3982 7475
5 381 382 3984 7476
5 345 346 3983 7477
5 393 394 3985 7478
5 441 442 3986 7479
5 453 454 3987 7480
5 405 406 3990 7481
5 417 418 3992 7482
5 465 466 3991 7483
5 429 430 3989 7484
5 369 370 3988 7485
5 357 358 3993 7486
5 333 334 3994 7487
5 968 2640 4530 7488
5 236 237 3997 7489
5 231 232 3998 7490
5 226 227 3999 7491
5 501 502 3996 7492
5 4774 2568 4916 7493
5 2569 4773 4915 7494
5 1069 4774 4916 7495
5 4773 1070 4915 7496
5 4944 1941 5085 7497
5 4941 1944 5086 7498
5 4953 1946 5084 7499
5 281 282 4009 7500
5 586 587 4010 7501
5 870 3144 3606 7502
5 286 287 4022 7503
5 581 582 4023 7504
5 1555 3308 3536 7505
5 2675 330 4699 7506
5 291 292 4024 7507
5 576 577 4025 7508
5 1746 2690 4420 7509
5 2691 1747 4419 7510
5 2693 1748 4421 7511
5 1749 2694 4422 7512
5 2639 3809 5112 7513
5 1781 2729 4259 7514
5 1390 3090 4255 7515
5 1814 3240 3580 7516
5 329 2675 5064 7517
5 1323 2171 2873 7518
5 2753 1397 4264 7519
5 1450 3829 5174 7520
5 3101 552 4557 7521
5 2757 556 4035 7522
5 4467 1533 4524 7523
5 2446 3210 5106 7524
5 3097 549 3812 7525
5 77 78 3981 7526
5 3005 10 3134 7527
5 1394 2681 5119 7528
5 2872 629 3995 7529
5 1662 3202 4347 7530
5 2055 3315 4788 7531
5 3777 156 4100 7532
5 3243 1286 4905 7533
5 2447 999 4668 7534
5 61 62 4189 7535
5 3697 1708 5155 7536
5 2909 862 5003 7537
5 1474 2697 4701 7538
5 1475 2698 4702 7539
5 1476 2699 4703 7540
5 1477 2700 4704 7541
5 1478 2701 4705 7542
5 1479 2702 4706 7543
5 1480 2703 4710 7544
5 1485 2708 4707 7545
5 1483 2704 4709 7546
5 1481 2706 4708 7547
5 1375 3864 4032 7548
5 63 64 4370 7549
5 4346 1083 4832 7550
5 1082 4345 4833 7551
5 2545 621 4777 7552
5 2548 620 4778 7553
5 224 3204 4104 7554
5 2546 619 4779 7555
5 2549 618 4780 7556
5 616 2547 4781 7557
5 1248 2735 4235 7558
5 75 76 4055 7559
5 2904 1406 3978 7560
5 3898 1568 4005 7561
5 1870 3898 4005 7562
5 2550 617 4550 7563
5 1786 3957 4271 7564
5 1752 3284 5096 7565
5 2965 1385 5021 7566
5 1386 2964 5020 7567
5 2680 1408 5030 7568
5 3141 1824 3633 7569
5 1413 3141 3633 7570
5 3897 1995 4329 7571
5 984 3897 4329 7572
5 2711 1146 4839 7573
5 3046 1139 3778 7574
5 1486 2712 4713 7575
5 1543 2902 4009 7576
5 2903 1542 4010 7577
5 2902 281 4009 7578
5 587 2903 4010 7579
5 2743 1035 4217 7580
5 3593 867 4674 7581
5 4344 1167 4934 7582
5 4342 1199 4936 7583
5 1203 4340 4938 7584
5 4339 1183 4947 7585
5 4338 1191 4952 7586
5 4341 1195 4951 7587
5 3202 126 4347 7588
5 3239 1858 3398 7589
5 4264 1397 5136 7590
5 3204 1598 4104 7591
5 3118 1082 4833 7592
5 1083 3119 4832 7593
5 2735 1248 4253 7594
5 3144 1410 3606 7595
5 1414 2816 4034 7596
5 2816 658 4034 7597
5 1608 4074 5139 7598
5 1451 2680 4364 7599
5 2688 2227 5093 7600
5 3679 1412 3680 7601
5 1594 3679 3680 7602
5 1643 2909 4771 7603
5 2742 1735 4550 7604
5 2819 659 4036 7605
5 1415 2819 4036 7606
5 2821 671 4038 7607
5 2828 667 4039 7608
5 2822 1418 4042 7609
5 1424 2829 4049 7610
5 2831 670 4045 7611
5 1416 2820 4037 7612
5 667 2822 4042 7613
5 2830 663 4047 7614
5 1421 2823 4043 7615
5 1420 2828 4039 7616
5 2827 662 4048 7617
5 1423 2827 4048 7618
5 2823 661 4043 7619
5 2826 664 4041 7620
5 2829 668 4049 7621
5 2820 666 4037 7622
5 1419 2825 4044 7623
5 2824 660 4046 7624
5 1422 2826 4041 7625
5 1426 2824 4046 7626
5 2825 665 4044 7627
5 1425 2830 4047 7628
5 1417 2821 4038 7629
5 1427 2831 4045 7630
5 2818 1429 4051 7631
5 658 2818 4051 7632
5 1121 3480 4079 7633
5 1124 3474 4089 7634
5 1122 3479 4080 7635
5 1123 3478 4081 7636
5 1125 3477 4082 7637
5 1126 3476 4083 7638
5 1127 3475 4084 7639
5 3472 1130 4085 7640
5 3471 1131 4086 7641
5 3470 1132 4087 7642
5 3469 1133 4088 7643
5 2715 1072 4675 7644
5 3738 1213 5088 7645
5 1549 2715 4675 7646
5 3262 1518 3546 7647
5 3264 1512 3547 7648
5 3263 1507 3549 7649
5 3265 1515 3548 7650
5 3266 1506 3550 7651
5 3267 1505 3551 7652
5 533 534 4151 7653
5 81 0 4268 7654
5 58 59 4155 7655
5 1644 3421 4201 7656
5 3422 1645 4202 7657
5 3424 1647 4204 7658
5 1646 3423 4203 7659
5 1535 2711 4839 7660
5 1648 3426 4210 7661
5 1649 3427 4211 7662
5 2831 1427 4219 7663
5 2433 4346 4832 7664
5 4345 2432 4833 7665
5 101 102 4164 7666
5 257 258 4165 7667
5 3240 2143 4620 7668
5 275 276 4193 7669
5 592 593 4194 7670
5 3297 818 3837 7671
5 3298 815 3835 7672
5 3299 812 3834 7673
5 2921 746 4723 7674
5 3149 1106 4127 7675
5 1584 3149 4127 7676
5 3148 1104 4131 7677
5 1578 3148 4131 7678
5 1978 4261 5110 7679
5 2922 747 4726 7680
5 3677 904 4225 7681
5 1832 3677 4225 7682
5 2923 748 4727 7683
5 2925 749 4728 7684
5 2926 750 4729 7685
5 2927 751 4730 7686
5 571 572 4200 7687
5 2928 752 4731 7688
5 2386 133 4568 7689
5 11 12 4073 7690
5 2906 1536 4829 7691
5 159 160 4456 7692
5 2874 545 4006 7693
5 122 123 4207 7694
5 163 164 4473 7695
5 546 547 4775 7696
5 2929 754 4904 7697
5 3454 608 3873 7698
5 167 168 4468 7699
5 2816 1414 4515 7700
5 602 603 4180 7701
5 265 266 4181 7702
5 267 268 4187 7703
5 600 601 4188 7704
5 83 84 4117 7705
5 171 172 4457 7706
5 2339 3303 4285 7707
5 3536 1473 3651 7708
5 3464 877 4635 7709
5 175 176 4454 7710
5 179 180 4449 7711
5 1404 2940 4060 7712
5 3408 1700 3832 7713
5 2714 1146 5077 7714
5 183 184 4447 7715
5 1731 2887 4461 7716
5 1714 2890 4460 7717
5 2819 1415 4514 7718
5 1418 2822 4507 7719
5 2823 1421 4505 7720
5 1111 2829 4506 7721
5 2827 1423 4503 7722
5 2828 1420 4511 7723
5 1117 2820 4512 7724
5 2824 1426 4504 7725
5 2826 1422 4509 7726
5 2830 1425 4510 7727
5 2825 1419 4508 7728
5 2821 1417 4513 7729
5 1730 2888 4462 7730
5 1729 2892 4463 7731
5 1728 2893 4464 7732
5 1554 4198 4689 7733
5 1716 2894 4465 7734
5 187 188 4445 7735
5 4112 1492 4317 7736
5 215 216 4282 7737
5 191 192 4430 7738
5 512 513 4597 7739
5 3901 1711 4837 7740
5 1968 2731 4311 7741
5 2814 1825 4149 7742
5 195 196 4428 7743
5 2584 3245 5013 7744
5 2585 3246 5017 7745
5 3254 2595 5015 7746
5 2592 3251 5019 7747
5 700 2753 4264 7748
5 199 200 4425 7749
5 849 3240 4620 7750
5 745 2716 4908 7751
5 4829 2444 5082 7752
5 203 204 4424 7753
5 3468 835 4295 7754
5 502 2940 3996 7755
5 1576 3155 4772 7756
5 207 208 4423 7757
5 1346 2665 4144 7758
5 3541 848 3896 7759
5 1524 2947 3839 7760
5 2946 1523 3840 7761
5 674 2904 3978 7762
5 1962 3068 4153 7763
5 3068 1071 4153 7764
5 1985 3452 5038 7765
5 3452 1258 5038 7766
5 2948 1526 3841 7767
5 1525 2949 3842 7768
5 2940 1503 3996 7769
5 1819 3118 4833 7770
5 3119 1818 4832 7771
5 2599 159 4456 7772
5 2909 999 4771 7773
5 1555 3536 3651 7774
5 1078 4258 5112 7775
5 3069 1338 4996 7776
5 3049 1900 4313 7777
5 731 3108 4250 7778
5 3108 1570 4250 7779
5 1531 2881 5090 7780
5 849 3284 4367 7781
5 2614 203 4424 7782
5 2613 199 4425 7783
5 2612 195 4428 7784
5 2615 207 4423 7785
5 2611 191 4430 7786
5 2610 187 4445 7787
5 2609 183 4447 7788
5 2608 179 4449 7789
5 2607 175 4454 7790
5 2606 171 4457 7791
5 2605 167 4468 7792
5 2604 163 4473 7793
5 617 2742 4550 7794
5 1623 3413 4053 7795
5 211 212 4555 7796
5 1217 2723 4664 7797
5 2721 1625 4816 7798
5 3941 1974 4367 7799
5 2583 928 4179 7800
5 1831 2962 3827 7801
5 2584 930 4168 7802
5 2585 932 4169 7803
5 2586 934 4170 7804
5 2587 936 4171 7805
5 2588 938 4173 7806
5 2589 951 4174 7807
5 2594 945 4178 7808
5 2590 941 4175 7809
5 2593 939 4177 7810
5 942 2595 4176 7811
5 2591 947 4172 7812
5 1213 4361 5088 7813
5 1703 2723 4961 7814
5 2592 950 4190 7815
5 1952 3546 5089 7816
5 1115 2831 4219 7817
5 2746 1258 4404 7818
5 3847 2139 5079 7819
5 1326 3073 4665 7820
5 3073 1790 4665 7821
5 3711 1975 5120 7822
5 1941 3549 5085 7823
5 1944 3547 5086 7824
5 1946 3550 5084 7825
5 2725 1001 4072 7826
5 3506 77 3981 7827
5 719 4343 5048 7828
5 126 127 4347 7829
5 543 544 4681 7830
5 3159 915 4999 7831
5 504 505 4410 7832
5 908 3747 4919 7833
5 1394 3052 3865 7834
5 76 3506 4055 7835
5 3409 770 4191 7836
5 1136 3500 4279 7837
5 1788 2741 4567 7838
5 2741 902 4567 7839
5 2887 615 4461 7840
5 2888 614 4462 7841
5 2892 613 4463 7842
5 2890 610 4460 7843
5 2893 612 4464 7844
5 2894 611 4465 7845
5 2861 1344 4231 7846
5 14 15 4166 7847
5 40 41 4365 7848
5 1151 3354 3544 7849
5 15 16 4192 7850
5 3210 1937 5106 7851
5 521 522 4385 7852
5 13 14 4271 7853
5 648 4002 4785 7854
5 2755 1907 4373 7855
5 1906 2756 4374 7856
5 2912 835 4902 7857
5 2771 1912 4381 7858
5 2761 1923 4378 7859
5 1930 2769 4377 7860
5 1918 2775 4375 7861
5 2763 1926 4376 7862
5 1925 2766 4379 7863
5 2778 1921 4382 7864
5 1928 2773 4383 7865
5 2772 1922 4380 7866
5 4002 2236 4785 7867
5 1403 3097 3812 7868
5 2728 973 5155 7869
5 1215 2754 4390 7870
5 3883 1598 4720 7871
5 2633 211 4555 7872
5 3258 2077 4877 7873
5 1664 2748 4543 7874
5 3689 685 3882 7875
5 684 3688 3881 7876
5 3688 1646 3881 7877
5 1647 3689 3882 7878
5 686 3686 3879 7879
5 3687 687 3880 7880
5 3686 1644 3879 7881
5 1645 3687 3880 7882
5 2882 621 4888 7883
5 2883 620 4889 7884
5 2884 619 4890 7885
5 2384 3599 4525 7886
5 2885 618 4891 7887
5 1606 2539 4055 7888
5 616 2886 4892 7889
5 1455 2674 4522 7890
5 615 2887 4893 7891
5 614 2888 4894 7892
5 613 2892 4895 7893
5 610 2890 4898 7894
5 612 2893 4896 7895
5 696 2913 4415 7896
5 611 2894 4897 7897
5 1757 2785 5097 7898
5 1063 2906 4829 7899
5 2882 1739 4777 7900
5 2883 1738 4778 7901
5 2884 1737 4779 7902
5 2885 1736 4780 7903
5 1733 2886 4781 7904
5 1712 4820 4836 7905
5 2875 1336 4372 7906
5 1263 3079 3926 7907
5 1550 2380 4521 7908
5 1446 3061 4216 7909
5 1517 3414 3949 7910
5 4988 2307 5083 7911
5 1264 3080 3927 7912
5 1578 5012 5013 7913
5 5014 1580 5015 7914
5 1584 5016 5017 7915
5 1586 5018 5019 7916
5 3331 1390 4255 7917
5 4522 922 4596 7918
5 557 3064 4035 7919
5 2629 4719 5103 7920
5 4719 1370 5103 7921
5 3033 678 3945 7922
5 3334 1841 5065 7923
5 679 3392 5123 7924
5 802 3203 4847 7925
5 4416 2626 4863 7926
5 20 2889 4554 7927
5 1268 3085 3930 7928
5 3084 1267 3931 7929
5 3086 1265 3929 7930
5 1266 3087 3928 7931
5 3193 832 4533 7932
5 3191 833 4534 7933
5 3240 849 3580 7934
5 2889 21 3281 7935
5 3414 1982 3949 7936
5 3083 2522 4813 7937
5 2074 4545 4870 7938
5 2678 1455 4786 7939
5 2909 1643 5066 7940
5 712 3431 3668 7941
5 3431 1511 3668 7942
5 727 3429 3671 7943
5 710 3432 3670 7944
5 3429 1508 3671 7945
5 3432 1509 3670 7946
5 723 3434 3674 7947
5 3434 1516 3674 7948
5 540 541 4559 7949
5 3354 1559 3544 7950
5 704 3546 5039 7951
5 1548 3004 5123 7952
5 4254 1376 4993 7953
5 1207 3523 4572 7954
5 3523 1847 4572 7955
5 3529 1174 4585 7956
5 1851 3529 4585 7957
5 1211 3525 4578 7958
5 1179 3526 4590 7959
5 3526 1854 4590 7960
5 3525 1848 4578 7961
5 2748 1664 4782 7962
5 720 3548 5046 7963
5 711 3547 5045 7964
5 706 3549 5047 7965
5 707 3550 5051 7966
5 729 3551 5052 7967
5 1163 3534 4594 7968
5 3534 1860 4594 7969
5 2973 883 4401 7970
5 17 18 4265 7971
5 1901 2834 5133 7972
5 3794 900 4872 7973
5 2898 1149 4244 7974
5 1639 3819 4234 7975
5 18 19 4270 7976
5 1409 3958 4050 7977
5 1598 4389 4720 7978
5 862 2909 5066 7979
5 1859 4192 4455 7980
5 3536 809 3833 7981
5 1091 2816 4515 7982
5 3230 608 3946 7983
5 1282 3444 3974 7984
5 1752 3941 4367 7985
5 348 349 4640 7986
5 426 427 4643 7987
5 372 373 4639 7988
5 390 391 4644 7989
5 366 367 4637 7990
5 360 361 4641 7991
5 420 421 4638 7992
5 438 439 4647 7993
5 462 463 4654 7994
5 354 355 4656 7995
5 444 445 4646 7996
5 378 379 4642 7997
5 402 403 4655 7998
5 468 469 4652 7999
5 414 415 4649 8000
5 456 457 4648 8001
5 384 385 4645 8002
5 450 451 4651 8003
5 432 433 4658 8004
5 408 409 4650 8005
5 396 397 4659 8006
5 342 343 4653 8007
5 336 337 4657 8008
5 480 481 4660 8009
5 474 475 4661 8010
5 486 487 4662 8011
5 3204 2377 4389 8012
5 496 3017 3975 8013
5 1288 3356 4102 8014
5 1094 2819 4514 8015
5 1105 2825 4508 8016
5 2822 1102 4507 8017
5 1100 2824 4504 8018
5 2829 1424 4506 8019
5 1107 2826 4509 8020
5 2820 1416 4512 8021
5 1103 2823 4505 8022
5 1099 2827 4503 8023
5 1112 2828 4511 8024
5 1116 2821 4513 8025
5 1110 2830 4510 8026
5 3358 1516 5037 8027
5 3364 1508 5034 8028
5 3362 1509 5035 8029
5 3363 1511 5036 8030
5 2695 1082 5059 8031
5 1083 2696 5058 8032
5 621 2882 4777 8033
5 1798 3425 4222 8034
5 620 2883 4778 8035
5 619 2884 4779 8036
5 618 2885 4780 8037
5 2886 616 4781 8038
5 3092 1711 3901 8039
5 3958 1968 4050 8040
5 926 3801 4992 8041
5 3284 1752 4367 8042
5 2708 1485 4566 8043
5 2703 1480 4561 8044
5 2704 1483 4564 8045
5 2705 1484 4565 8046
5 1484 2707 4563 8047
5 2706 1481 4562 8048
5 1307 3316 4917 8049
5 1308 3314 4918 8050
5 55 56 4724 8051
5 1309 3313 4927 8052
5 1310 3309 4931 8053
5 1311 3306 4957 8054
5 1312 3304 4960 8055
5 1313 3301 4962 8056
5 4331 2058 4537 8057
5 1555 3651 3683 8058
5 2674 922 4522 8059
5 1314 3300 4970 8060
5 1315 3296 4973 8061
5 4074 2059 5139 8062
5 1316 3289 4983 8063
5 1320 3317 4959 8064
5 1318 3287 4987 8065
5 1317 3288 4991 8066
5 3637 2139 3963 8067
5 1085 3637 3963 8068
5 219 220 4838 8069
5 3351 1750 3944 8070
5 3980 1562 4531 8071
5 3118 1782 5059 8072
5 1783 3119 5058 8073
5 2689 1777 4856 8074
5 3902 653 4988 8075
5 3284 849 4620 8076
5 1497 3386 5053 8077
5 1494 3388 5054 8078
5 1496 3389 5055 8079
5 1489 3390 5056 8080
5 2785 623 5097 8081
5 1488 3393 5057 8082
5 2469 4630 4995 8083
5 1254 3062 3967 8084
5 4630 779 4995 8085
5 652 3735 4098 8086
5 927 2678 4786 8087
5 863 2950 4105 8088
5 3651 914 3683 8089
5 2240 3209 4551 8090
5 2697 1474 4920 8091
5 2698 1475 4921 8092
5 2699 1476 4922 8093
5 2700 1477 4923 8094
5 2701 1478 4924 8095
5 2702 1479 4925 8096
5 1487 2900 4814 8097
5 92 93 5080 8098
5 805 3453 3836 8099
5 3453 1553 3836 8100
5 2921 1293 4133 8101
5 2922 1295 4135 8102
5 2923 1296 4136 8103
5 2925 1297 4138 8104
5 3734 1757 3801 8105
5 2926 1298 4139 8106
5 2927 1299 4141 8107
5 2928 1300 4143 8108
5 3229 2578 4879 8109
5 831 3295 3792 8110
5 3294 830 3793 8111
5 2929 1294 4119 8112
5 695 2725 4254 8113
5 4625 2476 5005 8114
5 4630 2473 5009 8115
5 2712 1486 4932 8116
5 773 4625 5005 8117
5 779 4630 5009 8118
5 860 3588 3799 8119
5 3589 859 3800 8120
5 3588 1557 3799 8121
5 1558 3589 3800 8122
5 16 17 4455 8123
5 322 323 5109 8124
5 1605 3206 4310 8125
5 3206 741 4310 8126
5 1572 3123 4331 8127
5 826 3158 4547 8128
5 3157 825 4546 8129
5 828 3164 4549 8130
5 3163 827 4548 8131
5 3123 900 4331 8132
5 1519 2899 4357 8133
5 2924 1619 4226 8134
5 1453 3343 3875 8135
5 3344 1454 3876 8136
5 2067 3280 4106 8137
5 1796 3312 3786 8138
5 3544 905 5028 8139
5 1550 2445 4003 8140
5 4545 1596 4870 8141
5 2379 4522 4596 8142
5 3437 763 3729 8143
5 4628 778 5034 8144
5 4634 775 5035 8145
5 2475 4628 5034 8146
5 2482 4634 5035 8147
5 969 3847 5079 8148
5 771 4621 5057 8149
5 999 3066 4668 8150
5 774 4624 5053 8151
5 778 4628 5054 8152
5 775 4634 5055 8153
5 4621 2457 5057 8154
5 1082 3118 5059 8155
5 3119 1083 5058 8156
5 3075 106 4975 8157
5 253 3076 4976 8158
5 4624 2467 5053 8159
5 4628 2470 5054 8160
5 4634 2484 5055 8161
5 3433 1513 4343 8162
5 3537 630 4524 8163
5 4265 1859 4455 8164
5 3820 1536 5079 8165
5 1071 3095 3096 8166
5 2742 617 4863 8167
5 964 3051 3969 8168
5 3638 2136 4820 8169
5 1448 3329 4230 8170
5 1704 3454 4295 8171
5 929 2697 4920 8172
5 946 2703 4561 8173
5 949 2705 4565 8174
5 2707 944 4563 8175
5 948 2704 4564 8176
5 943 2706 4562 8177
5 952 2708 4566 8178
5 931 2698 4921 8179
5 933 2699 4922 8180
5 935 2700 4923 8181
5 937 2701 4924 8182
5 940 2702 4925 8183
5 4003 2445 5107 8184
5 1063 4829 5082 8185
5 3454 1410 4295 8186
5 1619 2924 4972 8187
5 2924 680 4972 8188
5 19 20 4554 8189
5 1139 3046 4269 8190
5 954 2712 4932 8191
5 3311 2301 4167 8192
5 3037 1451 4364 8193
5 3546 1952 5039 8194
5 1518 3262 4399 8195
5 4050 1968 4311 8196
5 1507 3263 4393 8197
5 1506 3266 4392 8198
5 1512 3264 4394 8199
5 3548 1947 5046 8200
5 3547 1944 5045 8201
5 3549 1941 5047 8202
5 3550 1946 5051 8203
5 3551 1948 5052 8204
5 898 3612 3951 8205
5 1385 3458 3862 8206
5 3459 1386 3863 8207
5 852 3257 3939 8208
5 264 2947 4516 8209
5 2946 604 4517 8210
5 599 2949 4518 8211
5 2948 269 4519 8212
5 3872 961 4971 8213
5 2419 3678 5091 8214
5 1257 3441 4678 8215
5 1621 3631 3961 8216
5 3632 1620 3962 8217
5 3631 676 3961 8218
5 677 3632 3962 8219
5 2911 1538 4431 8220
5 3159 2199 4221 8221
5 64 3053 4370 8222
5 2880 609 4816 8223
5 1446 3634 3685 8224
5 3068 1962 4098 8225
5 913 3037 4364 8226
5 823 3082 4196 8227
5 3145 913 5030 8228
5 3095 1831 3096 8229
5 2018 2863 4978 8230
5 2028 2868 4979 8231
5 2029 2871 4977 8232
5 2021 2869 4980 8233
5 2023 2867 4981 8234
5 2024 2870 4982 8235
5 1258 2934 5038 8236
5 3055 1070 4773 8237
5 1069 3056 4774 8238
5 2924 1504 4831 8239
5 3374 2302 4906 8240
5 4229 688 4387 8241
5 3205 506 4064 8242
5 3845 2688 5093 8243
5 2380 1978 5110 8244
5 1577 3147 4602 8245
5 3030 1360 5102 8246
5 1582 3150 4603 8247
5 1583 3151 4609 8248
5 1374 3419 3505 8249
5 3244 1474 4701 8250
5 3245 1475 4702 8251
5 3246 1476 4703 8252
5 3247 1477 4704 8253
5 3248 1478 4705 8254
5 3249 1479 4706 8255
5 3255 1485 4707 8256
5 3253 1481 4708 8257
5 3256 1483 4709 8258
5 3252 1480 4710 8259
5 971 3711 5120 8260
5 1795 3284 4620 8261
5 4961 696 5126 8262
5 3864 1713 4032 8263
5 3124 1663 5141 8264
5 3251 1486 4713 8265
5 3142 856 4879 8266
5 1614 3055 4773 8267
5 3056 1613 4774 8268
5 1250 2907 4669 8269
5 3634 1616 3685 8270
5 3357 1143 4999 8271
5 1474 3244 4179 8272
5 873 3098 4453 8273
5 1227 3339 4551 8274
5 1475 3245 4168 8275
5 1476 3246 4169 8276
5 1477 3247 4170 8277
5 1478 3248 4171 8278
5 1479 3249 4173 8279
5 1485 3255 4174 8280
5 1481 3253 4175 8281
5 1483 3256 4178 8282
5 1482 3250 4172 8283
5 3254 1482 4176 8284
5 1480 3252 4177 8285
5 1410 3454 3873 8286
5 1486 3251 4190 8287
5 3109 1706 4901 8288
5 3066 1563 4668 8289
5 1501 3122 4282 8290
5 3214 1666 3926 8291
5 3228 1711 3967 8292
5 2919 1139 4269 8293
5 920 3499 4523 8294
5 3215 1693 3927 8295
5 1572 4331 4537 8296
5 3031 820 4274 8297
5 3219 1696 3928 8298
5 1697 3218 3929 8299
5 3217 1694 3930 8300
5 1695 3216 3931 8301
5 3098 873 4078 8302
5 3213 829 4532 8303
5 1778 3230 3946 8304
5 774 3386 5000 8305
5 3386 1847 5000 8306
5 4563 944 4850 8307
5 3322 1453 4862 8308
5 1454 3323 4861 8309
5 771 3393 5011 8310
5 3393 1860 5011 8311
5 626 4050 4311 8312
5 3844 1451 4182 8313
5 1536 4150 5079 8314
5 1198 3107 4809 8315
5 3107 1633 4809 8316
5 3003 567 4277 8317
5 3946 1556 4061 8318
5 1156 3408 3832 8319
5 3895 1088 4903 8320
5 1513 3359 5117 8321
5 3343 831 3875 8322
5 830 3344 3876 8323
5 3474 1811 4089 8324
5 3480 1810 4079 8325
5 3479 1809 4080 8326
5 3478 1808 4081 8327
5 3477 1807 4082 8328
5 3476 1806 4083 8329
5 3475 1805 4084 8330
5 3206 1595 4366 8331
5 741 3206 4366 8332
5 1803 3472 4085 8333
5 1802 3471 4086 8334
5 1801 3470 4087 8335
5 1800 3469 4088 8336
5 2622 3369 4453 8337
5 1371 3481 3807 8338
5 3134 11 4073 8339
5 5124 2422 5140 8340
5 1781 3823 5076 8341
5 3339 1740 4551 8342
5 3140 55 4724 8343
5 1939 4270 4554 8344
5 1251 3036 4414 8345
5 920 1939 3830 8346
5 2448 3517 4903 8347
5 2906 1063 5134 8348
5 1140 4556 4984 8349
5 4556 2417 4984 8350
5 1156 3048 5075 8351
5 4205 1321 5081 8352
5 1905 3455 5092 8353
5 3455 876 5092 8354
5 856 3229 4879 8355
5 879 2917 4857 8356
5 2918 878 4858 8357
5 649 3109 4901 8358
5 2539 1606 4258 8359
5 3449 866 4109 8360
5 1835 3560 3933 8361
5 1592 3449 4109 8362
5 3508 880 4421 8363
5 881 3509 4422 8364
5 850 3448 3851 8365
5 1226 3059 5121 8366
5 3108 731 4206 8367
5 651 3750 4906 8368
5 3750 3373 4906 8369
5 1523 2946 4517 8370
5 2947 1524 4516 8371
5 1778 3946 4061 8372
5 2229 3258 4877 8373
5 2949 1525 4518 8374
5 1526 2948 4519 8375
5 3048 1520 5169 8376
5 530 3356 5105 8377
5 3141 1413 4077 8378
5 3409 2145 4307 8379
5 1155 3160 4252 8380
5 3221 2137 4256 8381
5 962 3331 4255 8382
5 1390 3331 3942 8383
5 3090 2319 4255 8384
5 1859 2374 4523 8385
5 1498 3107 4569 8386
5 2413 4563 4850 8387
5 3606 1410 3873 8388
5 528 3073 4287 8389
5 1451 3037 4535 8390
5 3462 681 4403 8391
5 3494 852 3939 8392
5 1862 3462 4403 8393
5 3801 2037 4992 8394
5 913 3145 4103 8395
5 3382 1533 4467 8396
5 4000 1838 5062 8397
5 1837 4001 5061 8398
5 3419 760 3505 8399
5 1473 3536 3833 8400
5 1376 4072 4870 8401
5 3063 24 3332 8402
5 658 4026 4034 8403
5 3084 814 4539 8404
5 813 3085 4538 8405
5 816 3087 4540 8406
5 3086 817 4541 8407
5 820 3031 5063 8408
5 3392 1970 4886 8409
5 3942 673 4426 8410
5 1863 3980 4531 8411
5 1748 3508 4421 8412
5 3509 1749 4422 8413
5 4695 969 4696 8414
5 1775 4695 4696 8415
5 1021 3404 4286 8416
5 3156 850 3851 8417
5 4880 3029 5144 8418
5 4881 3028 5146 8419
5 4882 3024 5154 8420
5 4883 3026 5152 8421
5 4884 3021 5150 8422
5 4885 3022 5148 8423
5 1751 3846 3902 8424
5 680 2924 4831 8425
5 1863 3615 3980 8426
5 3321 2059 4074 8427
5 4235 1905 5092 8428
5 3615 1079 3980 8429
5 4874 3034 5173 8430
5 915 3357 4999 8431
5 1751 4988 5083 8432
5 4028 1552 4140 8433
5 3213 1303 4053 8434
5 3366 1811 4119 8435
5 1842 4028 4140 8436
5 88 3414 3953 8437
5 3368 1810 4133 8438
5 3370 1809 4135 8439
5 3846 1274 3902 8440
5 3371 1808 4136 8441
5 3781 1453 3875 8442
5 1454 3780 3876 8443
5 1374 3382 4306 8444
5 3372 1807 4138 8445
5 3049 925 4544 8446
5 1536 3222 4150 8447
5 3375 1806 4139 8448
5 3376 1805 4141 8449
5 1552 3049 4544 8450
5 1967 4229 4387 8451
5 3377 1804 4143 8452
5 1554 3101 4557 8453
5 621 2951 4888 8454
5 3035 1554 4557 8455
5 620 2952 4889 8456
5 619 2953 4890 8457
5 618 2954 4891 8458
5 2955 616 4892 8459
5 2956 615 4893 8460
5 2957 614 4894 8461
5 2958 613 4895 8462
5 2959 612 4896 8463
5 2960 611 4897 8464
5 2961 610 4898 8465
5 3430 1032 4291 8466
5 3433 1019 4292 8467
5 1017 3428 4293 8468
5 1617 3075 4975 8469
5 3076 1618 4976 8470
5 3611 1342 4878 8471
5 1498 3404 4397 8472
5 3093 1226 5121 8473
5 1816 3809 4600 8474
5 1516 4071 5037 8475
5 1508 4069 5034 8476
5 1509 4068 5035 8477
5 1511 4070 5036 8478
5 1651 2882 4888 8479
5 1652 2883 4889 8480
5 1653 2884 4890 8481
5 1654 2885 4891 8482
5 2886 1655 4892 8483
5 4208 1938 4717 8484
5 2887 1656 4893 8485
5 2888 1657 4894 8486
5 2890 1661 4898 8487
5 2892 1658 4895 8488
5 2893 1659 4896 8489
5 2894 1660 4897 8490
5 3259 2156 4142 8491
5 2034 4264 5136 8492
5 3160 1961 4252 8493
5 3440 1283 3955 8494
5 852 3494 4525 8495
5 2308 3467 5118 8496
5 4058 1494 5054 8497
5 4057 1496 5055 8498
5 4059 1497 5053 8499
5 4056 1489 5056 8500
5 4054 1488 5057 8501
5 3276 2160 4148 8502
5 3277 2164 4146 8503
5 3279 2165 4147 8504
5 3278 2159 4145 8505
5 818 3062 4542 8506
5 3414 1517 3953 8507
5 1565 3606 3873 8508
5 3010 895 4690 8509
5 1141 3321 4074 8510
5 3157 1276 4201 8511
5 1277 3158 4202 8512
5 3163 1281 4203 8513
5 1280 3164 4204 8514
5 2434 3399 4366 8515
5 3672 1175 4948 8516
5 1945 3672 4948 8517
5 821 2938 5108 8518
5 3379 865 3976 8519
5 851 3282 4075 8520
5 3193 1279 4210 8521
5 3191 1278 4211 8522
5 3773 898 3951 8523
5 1491 3533 5006 8524
5 1493 3528 5008 8525
5 1490 3527 5009 8526
5 3531 1495 5007 8527
5 1499 3532 5005 8528
5 1500 3524 5004 8529
5 3054 1547 4611 8530
5 3672 1513 5117 8531
5 4294 2148 5115 8532
5 1624 3033 4758 8533
5 659 3244 4701 8534
5 660 3245 4702 8535
5 661 3246 4703 8536
5 662 3247 4704 8537
5 663 3248 4705 8538
5 664 3249 4706 8539
5 666 3253 4708 8540
5 671 3255 4707 8541
5 665 3252 4710 8542
5 668 3256 4709 8543
5 3946 608 3952 8544
5 3500 1834 4279 8545
5 2723 1703 4664 8546
5 897 3016 4698 8547
5 3598 724 4063 8548
5 1593 3598 4063 8549
5 3107 1498 4397 8550
5 670 3251 4713 8551
5 3614 2234 4152 8552
5 2964 811 5020 8553
5 810 2965 5021 8554
5 811 2964 5022 8555
5 2965 810 5023 8556
5 814 2967 5024 8557
5 2968 813 5025 8558
5 817 2969 5026 8559
5 2970 816 5027 8560
5 953 3143 4758 8561
5 3122 215 4282 8562
5 1253 3333 4619 8563
5 1964 3555 4446 8564
5 53 4052 4330 8565
5 3280 851 4106 8566
5 3116 1456 4688 8567
5 605 3784 4517 8568
5 3785 263 4516 8569
5 3637 2543 3878 8570
5 270 3789 4519 8571
5 3788 598 4518 8572
5 812 3079 4673 8573
5 815 3080 4672 8574
5 3597 2385 4926 8575
5 3444 1984 3974 8576
5 3143 1624 4758 8577
5 1569 3220 4427 8578
5 702 3259 4142 8579
5 3098 1452 4453 8580
5 36 37 5138 8581
5 3612 1259 3951 8582
5 2139 3847 3963 8583
5 3847 1595 3963 8584
5 722 3277 4146 8585
5 715 3278 4145 8586
5 718 3279 4147 8587
5 726 3276 4148 8588
5 1759 3558 4225 8589
5 1832 3558 4838 8590
5 3558 219 4838 8591
5 3015 1156 5075 8592
5 1602 3015 5075 8593
5 3048 802 4787 8594
5 910 3311 4167 8595
5 3112 158 4692 8596
5 3522 1505 4994 8597
5 3530 1515 4995 8598
5 3599 852 4525 8599
5 773 3532 5001 8600
5 776 3533 5002 8601
5 3533 1854 5002 8602
5 3532 1848 5001 8603
5 1871 3439 4206 8604
5 3819 1639 4352 8605
5 808 2906 4220 8606
5 3220 1275 4427 8607
5 1794 4032 5028 8608
5 1506 3523 5084 8609
5 1507 3525 5085 8610
5 1512 3526 5086 8611
5 1518 3534 5089 8612
5 3780 1755 3876 8613
5 1754 3781 3875 8614
5 2001 3226 4467 8615
5 4209 2072 4694 8616
5 1702 4209 4694 8617
5 862 3091 5122 8618
5 1995 3383 4231 8619
5 3549 1507 5085 8620
5 3550 1506 5084 8621
5 3547 1512 5086 8622
5 3369 873 4453 8623
5 3333 1642 4619 8624
5 3546 1518 5089 8625
5 723 3674 5041 8626
5 3674 1951 5041 8627
5 3668 1940 5042 8628
5 712 3668 5042 8629
5 1942 3669 5043 8630
5 3669 709 5043 8631
5 710 3670 5044 8632
5 3670 1943 5044 8633
5 3671 1949 5049 8634
5 727 3671 5049 8635
5 3673 1950 5050 8636
5 725 3673 5050 8637
5 1605 3070 4700 8638
5 1980 3768 4928 8639
5 3558 1832 4225 8640
5 3483 1531 5090 8641
5 4258 2429 5112 8642
5 2734 1391 3587 8643
5 1319 3112 4692 8644
5 835 3468 4902 8645
5 3075 1617 4714 8646
5 1618 3076 4715 8647
5 1795 3083 4813 8648
5 1453 3781 4862 8649
5 3780 1454 4861 8650
5 3030 1796 4276 8651
5 12 3957 4073 8652
5 1741 5124 5140 8653
5 3107 1198 4569 8654
5 1842 3261 4636 8655
5 675 3208 4284 8656
5 3382 734 4306 8657
5 3261 2381 4636 8658
5 3082 2300 4234 8659
5 810 3445 4065 8660
5 3446 811 4066 8661
5 1226 3093 4663 8662
5 3819 819 4234 8663
5 1663 4691 5141 8664
5 3944 1750 4362 8665
5 2031 3365 4253 8666
5 2420 4327 5032 8667
5 4328 2421 5031 8668
5 3329 899 4230 8669
5 3143 1537 4402 8670
5 3784 97 4186 8671
5 262 3785 4185 8672
5 3789 271 4184 8673
5 597 3788 4183 8674
5 694 3822 3917 8675
5 3822 1813 3917 8676
5 2350 4212 4214 8677
5 681 3803 4403 8678
5 2202 3101 4689 8679
5 3521 854 4061 8680
5 2079 4120 4604 8681
5 2088 4122 4610 8682
5 2083 4121 4609 8683
5 2084 4123 4607 8684
5 2082 4129 4608 8685
5 2086 4124 4606 8686
5 2085 4126 4605 8687
5 2081 4130 4603 8688
5 802 3048 5169 8689
5 1379 3456 4266 8690
5 3457 1380 4267 8691
5 2092 4132 4602 8692
5 3456 1574 4266 8693
5 1575 3457 4267 8694
5 876 3057 5092 8695
5 3957 13 4271 8696
5 1816 3336 3510 8697
5 1598 3204 4389 8698
5 4691 2435 5141 8699
5 1556 3521 4061 8700
5 956 3009 5107 8701
5 1401 3596 4021 8702
5 3303 1230 4285 8703
5 2422 3796 5140 8704
5 3462 1862 4725 8705
5 3243 543 4681 8706
5 3067 1243 5060 8707
5 3724 895 5168 8708
5 3723 894 5167 8709
5 3721 893 5166 8710
5 3720 892 5165 8711
5 3719 891 5164 8712
5 890 3718 5163 8713
5 889 3717 5162 8714
5 888 3716 5161 8715
5 887 3715 5160 8716
5 886 3714 5159 8717
5 885 3713 5158 8718
5 884 3712 5157 8719
5 942 3574 4764 8720
5 3575 945 4763 8721
5 3576 941 4762 8722
5 3577 951 4761 8723
5 3578 939 4760 8724
5 3579 950 4759 8725
5 1375 4032 4067 8726
5 3647 2427 4500 8727
5 3387 1498 4569 8728
5 3290 1328 4332 8729
5 1327 3291 4333 8730
5 3292 1330 4334 8731
5 1329 3293 4335 8732
5 3294 1332 4336 8733
5 1331 3295 4337 8734
5 2049 4254 4993 8735
5 3198 820 5063 8736
5 4367 1974 5040 8737
5 730 4294 5115 8738
5 969 4150 4696 8739
5 1796 3030 5102 8740
5 2437 3642 4529 8741
5 3923 1564 4189 8742
5 3144 870 4677 8743
5 3683 1820 4284 8744
5 3878 1788 5010 8745
5 1584 4127 5016 8746
5 1586 4128 5018 8747
5 4125 1580 5014 8748
5 1578 4131 5012 8749
5 3037 1607 5094 8750
5 734 3382 4467 8751
5 3156 1216 4856 8752
5 3441 318 4678 8753
5 1953 3231 4679 8754
5 1954 3232 4680 8755
5 1955 3233 4682 8756
5 1956 3234 4683 8757
5 1957 3235 4684 8758
5 1958 3236 4685 8759
5 1959 3237 4686 8760
5 2463 4157 4392 8761
5 2474 4159 4394 8762
5 2462 4158 4393 8763
5 90 3385 4273 8764
5 2198 3392 4886 8765
5 2460 4161 4399 8766
5 3091 862 5066 8767
5 1650 3831 4671 8768
5 871 3335 4363 8769
5 3404 1498 4286 8770
5 3574 1722 4764 8771
5 1721 3575 4763 8772
5 1720 3576 4762 8773
5 1719 3577 4761 8774
5 1718 3578 4760 8775
5 1717 3579 4759 8776
5 4587 1175 5117 8777
5 14 4166 4271 8778
5 1504 3093 5121 8779
5 900 3123 4872 8780
5 4166 15 4192 8781
5 2432 3639 4833 8782
5 3640 2433 4832 8783
5 3393 1488 4314 8784
5 3390 1489 4322 8785
5 3386 1497 4325 8786
5 3389 1496 4324 8787
5 3388 1494 4323 8788
5 896 3451 4354 8789
5 1514 3430 4291 8790
5 3428 1510 4293 8791
5 1513 3433 4292 8792
5 3965 968 4530 8793
5 1407 3142 4879 8794
5 1556 3946 3952 8795
5 3209 1227 4551 8796
5 3638 871 4363 8797
5 3231 631 4828 8798
5 3232 633 4822 8799
5 3233 632 4825 8800
5 3234 634 4827 8801
5 3235 635 4826 8802
5 3236 636 4824 8803
5 3237 643 4823 8804
5 1815 3159 4221 8805
5 3937 710 5044 8806
5 2084 3938 5049 8807
5 3938 727 5049 8808
5 2082 3937 5044 8809
5 3935 712 5042 8810
5 709 3936 5043 8811
5 2081 3935 5042 8812
5 3936 2080 5043 8813
5 3934 723 5041 8814
5 2090 3934 5041 8815
5 1220 3161 5104 8816
5 147 2380 5110 8817
5 3639 1819 4833 8818
5 1818 3640 4832 8819
5 4402 861 5068 8820
5 3230 1778 4712 8821
5 2388 3773 3951 8822
5 974 3538 4221 8823
5 910 4167 4712 8824
5 1407 3462 4725 8825
5 2709 3614 4152 8826
5 3220 649 4901 8827
5 2380 147 4521 8828
5 2834 3380 5133 8829
5 4261 146 5110 8830
5 3373 1360 3374 8831
5 3451 1571 4354 8832
5 3373 3374 4906 8833
5 3399 741 4366 8834
5 1410 3468 4295 8835
5 864 3349 4974 8836
5 1782 4181 5059 8837
5 4180 1783 5058 8838
5 3244 2583 4179 8839
5 3245 2584 4168 8840
5 3246 2585 4169 8841
5 3247 2586 4170 8842
5 3248 2587 4171 8843
5 3249 2588 4173 8844
5 3250 2591 4172 8845
5 3253 2590 4175 8846
5 3255 2589 4174 8847
5 2595 3254 4176 8848
5 3252 2593 4177 8849
5 3256 2594 4178 8850
5 1562 3769 4531 8851
5 4110 1490 5009 8852
5 4111 1491 5006 8853
5 4114 1493 5008 8854
5 1495 4113 5007 8855
5 4115 1499 5005 8856
5 4116 1500 5004 8857
5 1391 4191 4396 8858
5 3251 2592 4190 8859
5 1858 3051 5126 8860
5 3518 1379 4266 8861
5 1380 3519 4267 8862
5 1413 3633 4197 8863
5 1597 3690 4197 8864
5 3690 1413 4197 8865
5 3258 955 4716 8866
5 1753 3243 4681 8867
5 3495 1271 4687 8868
5 3203 1403 4847 8869
5 4005 872 4384 8870
5 3405 1789 5142 8871
5 4192 16 4455 8872
5 701 3405 5142 8873
5 1377 3063 3332 8874
5 1527 3411 4412 8875
5 3412 1528 4413 8876
5 1285 3777 4100 8877
5 927 3557 4958 8878
5 3796 954 5140 8879
5 3654 928 4679 8880
5 3655 930 4680 8881
5 3656 932 4682 8882
5 3657 934 4683 8883
5 3658 936 4684 8884
5 3659 938 4685 8885
5 3660 947 4686 8886
5 4390 2754 5095 8887
5 1294 3366 4119 8888
5 858 3519 5031 8889
5 3518 857 5032 8890
5 5012 1168 5013 8891
5 1204 5014 5015 8892
5 5016 1172 5017 8893
5 5018 1196 5019 8894
5 1293 3368 4133 8895
5 1295 3370 4135 8896
5 3954 1665 4674 8897
5 1296 3371 4136 8898
5 1297 3372 4138 8899
5 2001 4467 4524 8900
5 1298 3375 4139 8901
5 1299 3376 4141 8902
5 1300 3377 4143 8903
5 1601 3258 4716 8904
5 929 3568 4964 8905
5 931 3569 4965 8906
5 933 3570 4969 8907
5 935 3571 4968 8908
5 937 3572 4967 8909
5 940 3573 4966 8910
5 3527 1490 4315 8911
5 3528 1493 4319 8912
5 3533 1491 4316 8913
5 3532 1499 4320 8914
5 1492 3529 4317 8915
5 1495 3531 4318 8916
5 3524 1500 4321 8917
5 1608 3198 5063 8918
5 1367 3315 4527 8919
5 3956 2307 4988 8920
5 913 4364 5030 8921
5 3977 688 4229 8922
5 1505 4156 4994 8923
5 1515 4160 4995 8924
5 2239 4134 4622 8925
5 3823 1781 5122 8926
5 1596 3420 4907 8927
5 3334 1291 4722 8928
5 4821 1866 4876 8929
5 857 3490 4417 8930
5 3489 858 4418 8931
5 1505 3522 4355 8932
5 1515 3530 4356 8933
5 4265 18 4270 8934
5 17 4265 4455 8935
5 3950 648 4312 8936
5 3350 1326 4665 8937
5 3816 1221 4721 8938
5 3367 624 4866 8939
5 1705 4007 4008 8940
5 1573 3498 4529 8941
5 1651 3620 4236 8942
5 1652 3621 4237 8943
5 683 3491 4451 8944
5 3492 682 4452 8945
5 1653 3622 4238 8946
5 1654 3623 4239 8947
5 3557 1732 4958 8948
5 3624 1655 4240 8949
5 1523 3784 4186 8950
5 3785 1524 4185 8951
5 3625 1656 4241 8952
5 3501 1625 4362 8953
5 3788 1525 4183 8954
5 1526 3789 4184 8955
5 3626 1657 4243 8956
5 3627 1658 4246 8957
5 3628 1659 4247 8958
5 3630 1661 4245 8959
5 3629 1660 4248 8960
5 2333 3844 4182 8961
5 4560 1601 4667 8962
5 2138 4560 4667 8963
5 1408 3145 5030 8964
5 3466 1007 5091 8965
5 2077 4313 4877 8966
5 4257 322 5109 8967
5 4134 761 4622 8968
5 1865 3731 4845 8969
5 4030 971 5120 8970
5 3968 2058 4331 8971
5 134 3357 4568 8972
5 2137 4030 5120 8973
5 1214 4358 4360 8974
5 1830 4257 5109 8975
5 1591 3598 4358 8976
5 4313 733 4877 8977
5 1963 4360 4361 8978
5 4360 1593 4361 8979
5 3568 1715 4964 8980
5 3569 1725 4965 8981
5 3570 1727 4969 8982
5 3571 1726 4968 8983
5 3572 1724 4967 8984
5 3573 1723 4966 8985
5 62 3923 4189 8986
5 1642 3367 4866 8987
5 1253 3305 5111 8988
5 3305 1700 5111 8989
5 1285 3223 4676 8990
5 3498 1000 4529 8991
5 1529 3485 4538 8992
5 3486 1530 4539 8993
5 1531 3483 4540 8994
5 3484 1532 4541 8995
5 4886 1970 5134 8996
5 2442 3322 4862 8997
5 3323 2441 4861 8998
5 4270 19 4554 8999
5 1000 3352 4864 9000
5 4079 1810 4248 9001
5 4080 1809 4247 9002
5 4081 1808 4246 9003
5 4082 1807 4243 9004
5 4083 1806 4241 9005
5 4084 1805 4240 9006
5 1803 4085 4239 9007
5 4089 1811 4245 9008
5 1751 3902 4988 9009
5 1802 4086 4238 9010
5 1801 4087 4237 9011
5 1800 4088 4236 9012
5 1989 4613 4759 9013
5 1990 4614 4760 9014
5 1991 4615 4761 9015
5 1992 4616 4762 9016
5 1993 4617 4763 9017
5 4618 1994 4764 9018
5 1336 3795 4372 9019
5 870 3452 4677 9020
5 3673 1514 4341 9021
5 3670 1509 4339 9022
5 3668 1511 4342 9023
5 3671 1508 4338 9024
5 1510 3669 4340 9025
5 1513 3672 4343 9026
5 3674 1516 4344 9027
5 680 3305 4972 9028
5 2752 562 4867 9029
5 3555 1762 4446 9030
5 4475 2117 4757 9031
5 1680 4475 4757 9032
5 2115 4476 4755 9033
5 4476 1673 4755 9034
5 2101 4478 4742 9035
5 2116 4480 4756 9036
5 4487 2108 4753 9037
5 4478 1672 4742 9038
5 1692 4484 4747 9039
5 2095 4481 4735 9040
5 2105 4479 4746 9041
5 4482 1690 4754 9042
5 4486 2111 4748 9043
5 4496 1688 4736 9044
5 4480 1679 4756 9045
5 2109 4482 4754 9046
5 4479 1671 4746 9047
5 1682 4487 4753 9048
5 4484 2100 4747 9049
5 2110 4496 4736 9050
5 4481 1670 4735 9051
5 1674 4477 4752 9052
5 4491 2112 4744 9053
5 4492 1686 4738 9054
5 4483 1684 4751 9055
5 2098 4492 4738 9056
5 4488 2102 4745 9057
5 4495 2096 4737 9058
5 4489 1689 4750 9059
5 1683 4490 4740 9060
5 1681 4488 4745 9061
5 1675 4486 4748 9062
5 4477 2113 4752 9063
5 1676 4491 4744 9064
5 4485 1677 4743 9065
5 1678 4495 4737 9066
5 4497 2114 4749 9067
5 2106 4483 4751 9068
5 2104 4489 4750 9069
5 4493 1687 4739 9070
5 2107 4485 4743 9071
5 2097 4493 4739 9072
5 4494 2099 4741 9073
5 4490 2103 4740 9074
5 1685 4494 4741 9075
5 1691 4497 4749 9076
5 4498 1668 4733 9077
5 2094 4498 4733 9078
5 1669 4499 4734 9079
5 4499 2093 4734 9080
5 1593 4063 5088 9081
5 4063 2048 5088 9082
5 642 3177 4407 9083
5 1667 4502 4732 9084
5 4502 2091 4732 9085
5 2359 3853 4964 9086
5 2360 3854 4965 9087
5 2361 3856 4966 9088
5 2362 3857 4967 9089
5 2363 3858 4968 9090
5 2364 3855 4969 9091
5 1163 4930 5089 9092
5 3358 1857 5132 9093
5 3362 1849 5127 9094
5 3363 1855 5129 9095
5 1853 3361 5130 9096
5 3364 1850 5128 9097
5 3360 1856 5131 9098
5 1211 4944 5085 9099
5 1179 4941 5086 9100
5 1207 4953 5084 9101
5 2367 3848 4958 9102
5 3452 1985 4677 9103
5 3739 2643 4427 9104
5 4360 1963 4406 9105
5 1214 4360 4406 9106
5 2306 3506 3981 9107
5 3352 1599 4864 9108
5 4272 1839 4919 9109
5 3790 1557 4288 9110
5 1558 3791 4289 9111
5 2441 3790 4288 9112
5 3791 2442 4289 9113
5 4072 2074 4870 9114
5 1080 3495 4687 9115
5 1143 3357 4818 9116
5 4386 1744 4846 9117
5 2070 4386 4846 9118
5 3634 970 4834 9119
5 606 3797 5029 9120
5 1289 2628 3153 9121
5 1603 3643 4501 9122
5 4406 1963 4407 9123
5 3177 4406 4407 9124
5 3333 1253 5111 9125
5 3642 1573 4529 9126
5 1822 2634 5138 9127
5 3082 1710 4196 9128
5 3803 1450 4403 9129
5 922 3646 4596 9130
5 4901 1706 5156 9131
5 656 4007 4280 9132
5 1598 3883 4912 9133
5 1275 3739 4427 9134
5 3643 958 4501 9135
5 1759 3466 5091 9136
5 996 3780 4861 9137
5 3781 997 4862 9138
5 4007 1705 4280 9139
5 1592 3647 4500 9140
5 4007 1701 4008 9141
5 3349 864 5033 9142
5 1291 3535 4722 9143
5 822 3501 4362 9144
5 3680 864 4974 9145
5 1866 4117 4876 9146
5 781 3358 5037 9147
5 775 3362 5035 9148
5 778 3364 5034 9149
5 780 3363 5036 9150
5 2669 3973 4353 9151
5 2218 3653 5077 9152
5 954 3594 5140 9153
5 3797 1799 5029 9154
5 2913 696 4961 9155
5 1034 4020 4502 9156
5 4020 2091 4502 9157
5 4289 997 4990 9158
5 996 4288 4989 9159
5 1568 3898 4873 9160
5 4014 2108 4487 9161
5 1055 4012 4477 9162
5 1043 4018 4494 9163
5 2101 4013 4478 9164
5 1053 4014 4487 9165
5 4018 2099 4494 9166
5 2115 4011 4476 9167
5 4012 2113 4477 9168
5 4017 1045 4489 9169
5 2109 4015 4482 9170
5 2104 4017 4489 9171
5 4015 1052 4482 9172
5 4013 1040 4478 9173
5 4019 2096 4495 9174
5 4011 1054 4476 9175
5 4016 2100 4484 9176
5 1039 4019 4495 9177
5 1047 4016 4484 9178
5 696 3398 5126 9179
5 2031 4242 4501 9180
5 3386 774 5053 9181
5 3388 778 5054 9182
5 3389 775 5055 9183
5 3390 781 5056 9184
5 4371 959 4985 9185
5 2078 4371 4985 9186
5 3391 1275 5156 9187
5 3393 771 5057 9188
5 3356 1790 5105 9189
5 3411 1617 4975 9190
5 1618 3412 4976 9191
5 3795 2235 4372 9192
5 3517 1535 4903 9193
5 1610 3977 4229 9194
5 3521 1407 4725 9195
5 3535 1787 4722 9196
5 1898 3819 4352 9197
5 2443 1289 3153 9198
5 763 3437 5076 9199
5 3973 916 4353 9200
5 4040 667 4042 9201
5 3809 882 4600 9202
5 3468 1534 4902 9203
5 1229 4099 4887 9204
5 737 3396 5095 9205
5 4099 2317 4887 9206
5 2004 3029 4880 9207
5 2008 3028 4881 9208
5 2010 3024 4882 9209
5 2007 3026 4883 9210
5 2011 3021 4884 9211
5 2013 3022 4885 9212
5 3025 2006 5074 9213
5 2005 3027 5073 9214
5 2014 3019 5072 9215
5 2015 3018 5071 9216
5 2009 3020 5070 9217
5 2012 3023 5069 9218
5 2003 3034 4874 9219
5 3702 1937 4843 9220
5 3784 1523 4517 9221
5 1524 3785 4516 9222
5 1596 3900 4870 9223
5 1525 3788 4518 9224
5 3789 1526 4519 9225
5 3380 924 5133 9226
5 3769 800 4531 9227
5 928 3654 4849 9228
5 930 3655 4855 9229
5 932 3656 4854 9230
5 934 3657 4853 9231
5 936 3658 4852 9232
5 938 3659 4851 9233
5 944 3661 4850 9234
5 3594 1741 5140 9235
5 160 3708 4456 9236
5 3635 642 5124 9237
5 2035 3965 4530 9238
5 3877 1608 5139 9239
5 164 3709 4473 9240
5 1833 3950 4312 9241
5 168 3707 4468 9242
5 1626 4783 4784 9243
5 4783 2186 4784 9244
5 745 3742 4842 9245
5 172 3706 4457 9246
5 1627 4789 4790 9247
5 4789 2185 4790 9248
5 2184 4811 4812 9249
5 4791 2178 4804 9250
5 4811 1637 4812 9251
5 1631 4791 4804 9252
5 4792 2176 4798 9253
5 4806 1638 4808 9254
5 1628 4792 4798 9255
5 2179 4795 4805 9256
5 4794 2174 4796 9257
5 2175 4793 4797 9258
5 4795 1635 4805 9259
5 4793 1629 4797 9260
5 1630 4794 4796 9261
5 4801 1632 4803 9262
5 1636 4802 4807 9263
5 4799 1634 4800 9264
5 2183 4806 4808 9265
5 2180 4801 4803 9266
5 2182 4809 4810 9267
5 2177 4799 4800 9268
5 4802 2181 4807 9269
5 4809 1633 4810 9270
5 176 3705 4454 9271
5 180 3703 4449 9272
5 3853 929 4964 9273
5 3854 931 4965 9274
5 3856 940 4966 9275
5 3857 937 4967 9276
5 3858 935 4968 9277
5 3855 933 4969 9278
5 3591 1600 4840 9279
5 184 3700 4447 9280
5 188 3699 4445 9281
5 513 4209 4597 9282
5 760 4067 4296 9283
5 192 3698 4430 9284
5 867 3954 4674 9285
5 3848 927 4958 9286
5 196 3696 4428 9287
5 900 3968 4331 9288
5 624 3596 4866 9289
5 994 3483 5090 9290
5 200 3695 4425 9291
5 204 3693 4424 9292
5 4033 1487 4814 9293
5 208 3694 4423 9294
5 2374 920 4523 9295
5 772 3522 4994 9296
5 779 3530 4995 9297
5 1847 3523 5000 9298
5 1854 3526 5002 9299
5 1848 3525 5001 9300
5 3524 772 5004 9301
5 3532 773 5005 9302
5 3533 776 5006 9303
5 782 3531 5007 9304
5 3528 783 5008 9305
5 3527 779 5009 9306
5 1860 3534 5011 9307
5 871 3638 4820 9308
5 4088 1651 4236 9309
5 4087 1652 4237 9310
5 4086 1653 4238 9311
5 4085 1654 4239 9312
5 1758 3498 5099 9313
5 1655 4084 4240 9314
5 1656 4083 4241 9315
5 1657 4082 4243 9316
5 1658 4081 4246 9317
5 1661 4089 4245 9318
5 1659 4080 4247 9319
5 1660 4079 4248 9320
5 3620 836 4236 9321
5 3621 837 4237 9322
5 3622 838 4238 9323
5 3623 839 4239 9324
5 841 3624 4240 9325
5 842 3625 4241 9326
5 843 3626 4243 9327
5 844 3627 4246 9328
5 845 3628 4247 9329
5 846 3629 4248 9330
5 3316 206 4917 9331
5 3314 202 4918 9332
5 3313 198 4927 9333
5 3287 166 4987 9334
5 3309 194 4931 9335
5 3289 170 4983 9336
5 3306 190 4957 9337
5 3296 174 4973 9338
5 3304 186 4960 9339
5 3300 178 4970 9340
5 3301 182 4962 9341
5 847 3630 4245 9342
5 1999 3611 4878 9343
5 1871 4297 4298 9344
5 4297 1650 4298 9345
5 3288 162 4991 9346
5 3692 691 4765 9347
5 3686 686 4767 9348
5 687 3687 4768 9349
5 3691 690 4766 9350
5 3861 1544 4532 9351
5 3860 1545 4533 9352
5 3859 1546 4534 9353
5 3688 684 4769 9354
5 685 3689 4770 9355
5 3697 628 4875 9356
5 1616 3634 4834 9357
5 1762 3597 4926 9358
5 4052 1566 4330 9359
5 904 3540 5065 9360
5 3317 210 4959 9361
5 3649 689 4837 9362
5 1799 3816 4721 9363
5 3588 1791 4989 9364
5 1792 3589 4990 9365
5 3523 1207 5084 9366
5 3525 1211 5085 9367
5 3526 1179 5086 9368
5 1457 4031 4845 9369
5 633 4880 5144 9370
5 632 4881 5146 9371
5 634 4882 5154 9372
5 635 4883 5152 9373
5 636 4884 5150 9374
5 643 4885 5148 9375
5 3534 1163 5089 9376
5 3559 1985 5038 9377
5 3646 1709 4596 9378
5 1625 3944 4362 9379
5 1664 3735 4782 9380
5 1708 3697 4875 9381
5 4031 1865 4845 9382
5 3467 1965 5118 9383
5 631 4874 5173 9384
5 1870 4005 4384 9385
5 1714 4460 4849 9386
5 1716 4465 4855 9387
5 1728 4464 4854 9388
5 1729 4463 4853 9389
5 1730 4462 4852 9390
5 1731 4461 4851 9391
5 690 3691 5114 9392
5 691 3692 5113 9393
5 4613 1717 4759 9394
5 4614 1718 4760 9395
5 4615 1719 4761 9396
5 4616 1720 4762 9397
5 4617 1721 4763 9398
5 1722 4618 4764 9399
5 3900 1596 4907 9400
5 3735 652 4782 9401
5 3787 1641 5170 9402
5 4460 2405 4849 9403
5 4461 2410 4851 9404
5 4462 2409 4852 9405
5 4463 2408 4853 9406
5 4465 2406 4855 9407
5 4464 2407 4854 9408
5 212 3806 4555 9409
5 1622 4474 5064 9410
5 4368 2379 4596 9411
5 3864 607 4911 9412
5 3654 1714 4849 9413
5 1709 4368 4596 9414
5 3655 1716 4855 9415
5 3656 1728 4854 9416
5 3657 1729 4853 9417
5 3658 1730 4852 9418
5 3659 1731 4851 9419
5 3661 1734 4850 9420
5 4887 2317 5142 9421
5 1789 4887 5142 9422
5 1246 3580 5040 9423
5 1144 4670 4817 9424
5 2139 3820 5079 9425
5 4670 1143 4817 9426
5 1594 3680 4974 9427
5 3768 1812 4928 9428
5 3900 1376 4870 9429
5 1740 3771 4910 9430
5 4157 1506 4392 9431
5 4158 1507 4393 9432
5 4159 1512 4394 9433
5 2340 3959 5010 9434
5 4161 1518 4399 9435
5 3771 657 4910 9436
5 4158 773 5001 9437
5 4157 774 5000 9438
5 4159 776 5002 9439
5 1868 4697 5098 9440
5 4161 771 5011 9441
5 3398 1858 5126 9442
5 4875 2204 4900 9443
5 3801 1757 5097 9444
5 1825 3883 4720 9445
5 1708 4875 4900 9446
5 3678 1759 5091 9447
5 1175 3672 5117 9448
5 3825 493 4859 9449
5 1741 3635 5124 9450
5 4242 1603 4501 9451
5 2634 1822 4670 9452
5 4032 1794 4067 9453
5 3691 1648 5114 9454
5 3692 1649 5113 9455
5 2048 3738 5088 9456
5 4371 2078 4398 9457
5 2145 4261 4307 9458
5 4261 1978 4307 9459
5 1604 4371 4398 9460
5 1820 3828 4971 9461
5 4198 965 4689 9462
5 4259 862 5122 9463
5 4222 1609 4536 9464
5 1822 1143 4670 9465
5 1535 3895 4903 9466
5 3883 906 4912 9467
5 4132 1577 4602 9468
5 4130 1582 4603 9469
5 4126 1581 4605 9470
5 4123 1587 4607 9471
5 4124 1585 4606 9472
5 4120 1579 4604 9473
5 4129 1588 4608 9474
5 4122 1589 4610 9475
5 4121 1583 4609 9476
5 2382 4448 4599 9477
5 3048 4787 5075 9478
5 1742 3961 5061 9479
5 3962 1743 5062 9480
5 1335 3845 5093 9481
5 4029 2351 4847 9482
5 1403 4029 4847 9483
5 1159 3787 5170 9484
5 4209 1702 4597 9485
5 3357 134 4818 9486
5 2187 4033 4814 9487
5 1004 3932 4926 9488
5 3932 1762 4926 9489
5 4036 659 4701 9490
5 4046 660 4702 9491
5 4043 661 4703 9492
5 4048 662 4704 9493
5 4047 663 4705 9494
5 4041 664 4706 9495
5 4037 666 4708 9496
5 4038 671 4707 9497
5 4049 668 4709 9498
5 4044 665 4710 9499
5 4045 670 4713 9500
5 4389 983 4720 9501
5 1981 4821 4876 9502
5 3568 1763 5157 9503
5 3569 1764 5158 9504
5 3570 1765 5159 9505
5 3571 1766 5160 9506
5 3572 1767 5161 9507
5 3573 1768 5162 9508
5 3574 1769 5163 9509
5 1770 3575 5164 9510
5 1771 3576 5165 9511
5 1772 3577 5166 9512
5 1773 3578 5167 9513
5 1774 3579 5168 9514
5 4001 1742 5061 9515
5 1743 4000 5062 9516
5 1360 3798 5102 9517
5 3538 1815 4221 9518
5 1665 4279 4674 9519
5 4027 1457 4845 9520
5 1868 4278 4697 9521
5 953 4031 4843 9522
5 4788 1868 5098 9523
5 4117 84 4876 9524
5 921 4697 5100 9525
5 2653 4275 5096 9526
5 4279 1834 4674 9527
5 4405 957 4868 9528
5 3829 1148 5174 9529
5 4963 963 5137 9530
5 1321 2660 3224 9531
5 2677 1377 3332 9532
5 681 3877 5139 9533
5 4032 1713 5028 9534
5 2339 4405 4868 9535
5 653 3956 4988 9536
5 2628 1321 3224 9537
5 4150 969 5079 9538
5 4535 3037 5094 9539
5 2568 4227 4916 9540
5 4228 2569 4915 9541
5 4711 956 5107 9542
5 4212 645 4213 9543
5 2037 4963 5137 9544
5 4232 2567 4914 9545
5 2566 4233 4913 9546
5 3961 676 5061 9547
5 677 3962 5062 9548
5 2889 1939 4554 9549
5 655 3900 4907 9550
5 4448 855 4599 9551
5 627 3878 5010 9552
5 4039 667 4040 9553
5 4556 1140 4717 9554
5 1938 4556 4717 9555
5 4067 1794 4296 9556
5 4361 1593 5088 9557
5 3959 627 5010 9558
5 4570 1846 4571 9559
5 1875 4578 4582 9560
5 1873 4570 4571 9561
5 4573 1849 4574 9562
5 1874 4572 4576 9563
5 1850 4575 4577 9564
5 1876 4573 4574 9565
5 1853 4580 4584 9566
5 4580 1881 4584 9567
5 4579 1878 4583 9568
5 1880 4581 4586 9569
5 1855 4579 4583 9570
5 4572 1847 4576 9571
5 4581 1856 4586 9572
5 1851 4585 4587 9573
5 4585 1879 4587 9574
5 4588 1882 4589 9575
5 1852 4588 4589 9576
5 4575 1877 4577 9577
5 4578 1848 4582 9578
5 1883 4590 4591 9579
5 4590 1854 4591 9580
5 1857 4592 4593 9581
5 4592 1884 4593 9582
5 1372 2677 3286 9583
5 4594 1860 4595 9584
5 1893 4594 4595 9585
5 4283 2447 4668 9586
5 2457 4054 5057 9587
5 2461 4056 5056 9588
5 2484 4057 5055 9589
5 2470 4058 5054 9590
5 2467 4059 5053 9591
5 4364 2680 5030 9592
5 1345 2672 3260 9593
5 4069 2475 5034 9594
5 4070 2480 5036 9595
5 4068 2482 5035 9596
5 4071 2478 5037 9597
5 1798 4222 4536 9598
5 2476 4115 5005 9599
5 2473 4110 5009 9600
5 2466 4111 5006 9601
5 4113 2465 5007 9602
5 2472 4114 5008 9603
5 2464 4116 5004 9604
5 4817 1143 4818 9605
5 4233 1746 4913 9606
5 1747 4232 4914 9607
5 1748 4228 4915 9608
5 4227 1749 4916 9609
5 4278 1869 4697 9610
5 4156 2481 4994 9611
5 4160 2469 4995 9612
5 4131 2090 5012 9613
5 2080 4125 5014 9614
5 4127 2087 5016 9615
5 4128 2089 5018 9616
5 4026 658 4051 9617
5 2672 1372 3286 9618
5 1713 3864 4911 9619
5 4220 2906 5134 9620
5 2660 1345 3260 9621
5 1828 4272 4919 9622
5 4262 1901 5133 9623
5 924 4262 5133 9624
5 1567 4390 5095 9625
5 3957 2304 4073 9626
5 641 4613 5069 9627
5 640 4614 5070 9628
5 644 4615 5071 9629
5 639 4616 5072 9630
5 638 4617 5073 9631
5 4618 637 5074 9632
5 3190 2184 4299 9633
5 3188 2178 4300 9634
5 3189 2183 4301 9635
5 2179 3186 4302 9636
5 3183 2182 4304 9637
5 3187 2181 4303 9638
5 2055 4788 5098 9639
5 4613 1989 5069 9640
5 4614 1990 5070 9641
5 4615 1991 5071 9642
5 4616 1992 5072 9643
5 4617 1993 5073 9644
5 1994 4618 5074 9645
5 1898 4352 5135 9646
5 4721 2068 5029 9647
5 1850 4577 5128 9648
5 1849 4573 5127 9649
5 1855 4583 5129 9650
5 1856 4581 5131 9651
5 4580 1853 5130 9652
5 1857 4593 5132 9653
5 4275 1752 5096 9654
5 4191 770 4396 9655
5 2148 4819 5115 9656
5 3595 4153 5175 9657
5 4352 963 5135 9658
5 4327 1611 5032 9659
5 1612 4328 5031 9660
5 1781 4259 5122 9661
5 1195 4341 5131 9662
5 4340 1203 5130 9663
5 1191 4338 5128 9664
5 1183 4339 5127 9665
5 1199 4342 5129 9666
5 1167 4344 5132 9667
5 4985 1844 4986 9668
5 2078 4985 4986 9669
5 4697 921 5098 9670
5 4697 1869 5100 9671
5 137 4205 5081 9672
5 2003 4929 4930 9673
5 4929 1952 4930 9674
5 4933 1951 4934 9675
5 2004 4933 4934 9676
5 4935 1940 4936 9677
5 1942 4937 4938 9678
5 2011 4945 4947 9679
5 2005 4935 4936 9680
5 4945 1943 4947 9681
5 2010 4946 4948 9682
5 4937 2006 4938 9683
5 4940 1944 4941 9684
5 4942 1947 4943 9685
5 4939 1941 4944 9686
5 4949 1949 4952 9687
5 2012 4950 4951 9688
5 2008 4942 4943 9689
5 4953 2014 4954 9690
5 4946 1945 4948 9691
5 4950 1950 4951 9692
5 2007 4940 4941 9693
5 2013 4949 4952 9694
5 4955 1948 4956 9695
5 1946 4953 4954 9696
5 2009 4939 4944 9697
5 2015 4955 4956 9698
5 4860 2560 4869 9699
5 1640 4860 4869 9700
5 1563 4283 4668 9701
5 1970 4220 5134 9702
5 2323 4166 4192 9703
5 607 4535 5094 9704
5 4577 1191 5128 9705
5 4573 1183 5127 9706
5 4583 1199 5129 9707
5 4581 1195 5131 9708
5 1203 4580 5130 9709
5 4593 1167 5132 9710
5 4787 1602 5075 9711
5 1063 4886 5134 9712
5 1607 3595 5175 9713
5 4819 1843 5115 9714
5 1799 4721 5029 9715
5 1835 4992 5137 9716
5 3100 1154 4718 9717
5 2374 4265 4270 9718
5 2445 4711 5107 9719
5 4992 2037 5137 9720
5 4598 1607 5175 9721
5 135 4817 4818 9722
5 5143 633 5144 9723
5 5145 632 5146 9724
5 5147 643 5148 9725
5 5149 636 5150 9726
5 5153 634 5154 9727
5 5151 635 5152 9728
5 5172 631 5173 9729
5 81 82 0 9730
5 82 83 70 9731
5 1323 140 3830 9732
5 1577 659 3147 9733
5 1578 660 3148 9734
5 1584 661 3149 9735
5 1585 662 2869 9736
5 1581 663 2867 9737
5 1588 664 2868 9738
5 1579 665 2863 9739
5 1583 666 3151 9740
5 1582 668 3150 9741
5 669 1580 2866 9742
5 1587 669 2920 9743
5 1586 670 2870 9744
5 1589 671 2871 9745
5 1142 1745 4062 9746
5 1142 2915 3178 9747
NPOIN= 5176
0.4796710883410977 0.08756062949830649 0
0.5876146290581353 0.1251419495730507 1
-1 0 2
4 0 3
4 0.25 4
-1 0.25 5
0.4699437919656446 0.08571376546880226 6
0.4602580654973847 0.08365682056219853 7
0.4505918056948179 0.08151008868179434 8
0.4409375471799181 0.07930994750126986 9
0.4312901526518438 0.07707987329915425 10
0.421645889142745 0.07483629137025481 11
0.4120015816975028 0.07259289684381537 12
0.4023534951073298 0.07036581660151223 13
0.392698485341179 0.06816898416761073 14
0.3830339966037159 0.06601424063031264 15
0.3733562875558971 0.06391968983023318 16
0.3636650688056507 0.06188860493755529 17
0.3539598046613913 0.05992572478938689 18
0.344238867425895 0.05804202664872914 19
0.3345019248675593 0.0562429694452923 20
0.3247470689159535 0.05454371794169074 21
0.3149737204595003 0.05295440014618016 22
0.3051817219376146 0.05148442549411038 23
0.29537000771995 0.05015245962006789 24
0.2855385405930627 0.04897552077003523 25
0.2756875430987108 0.0479753825046495 26
0.2658174783976485 0.04718588792830836 27
0.2559310133653361 0.04664096734193803 28
0.2460329731421019 0.04638227084468819 29
0.2361318217520226 0.04644014139645053 30
0.2262389302624664 0.04684580409169315 31
0.2163689794055278 0.04763113775818513 32
0.2065412366454703 0.04883332067858011 33
0.1967841233259616 0.05051302056026 34
0.1871481148753215 0.05278316921387644 35
0.1777367454706614 0.05584760124613707 36
0.1688273055403369 0.06013668162812487 37
0.1616182241800034 0.06680168918243629 38
0.1634418155910193 0.07473956480783484 39
0.1731085575536044 0.0767525383407744 40
0.182987121615661 0.07740029889419237 41
0.1928861868669857 0.07762082968855878 42
0.2027877016569615 0.07768834183026463 43
0.2126894811783097 0.0776961932699942 44
0.222591258879088 0.07767985393335507 45
0.2324930230465627 0.07765664955432434 46
0.2423948015462328 0.07764015104226585 47
0.2522965914622916 0.07763582274124081 48
0.2621983762065543 0.07764596386488053 49
0.2721001083678549 0.07767983299278122 50
0.2820017313362425 0.07773712230028074 51
0.2919031803350338 0.07781926003746897 52
0.3018043612727795 0.07792890007712304 53
0.3117051890630734 0.0780668309862256 54
0.3216055421486232 0.07823538072960859 55
0.3315053203481652 0.07843485366138496 56
0.3414043618026326 0.07866801543166335 57
0.3513025337782395 0.07893554356773526 58
0.3611996497375053 0.07923962120910313 59
0.3710955177945984 0.07958188371215462 60
0.3809898660377712 0.07996556591844431 61
0.3908824913763584 0.08039134793226543 62
0.4007730522316387 0.08086262008631155 63
0.4106610349167738 0.08138513518595014 64
0.4205458971749294 0.08196367276807509 65
0.4304268218176608 0.08260588745748543 66
0.4403026607653461 0.0833219289428299 67
0.4501717142821927 0.08412592885858843 68
0.4600298810886801 0.08505329332049381 69
0.4698689725408639 0.08616386873585796 70
0.57876991683621 0.1207235082028194 71
0.569839238751168 0.1164815785398401 72
0.5608172678502629 0.1124375586654716 73
0.5516973435390882 0.1086197423719653 74
0.5424723852769255 0.1050634728686482 75
0.5331360575965743 0.1018111682455463 76
0.5236842991711307 0.09891192664520559 77
0.5141168801620952 0.09642157307097921 78
0.5044388247265607 0.09440486266220841 79
0.494661965923638 0.09294322811378269 80
0.4848086609413028 0.09215662670973616 81
0.4749272470590572 0.09227184249849904 82
0.4652123531383612 0.09396937583877585 83
0.4627769068297365 0.1005880186309415 84
0.4722399051465792 0.1032267673390048 85
0.4820854723867711 0.1041024598271158 86
0.4919635586243987 0.1045199526512421 87
0.5018436082851622 0.1048919094679235 88
0.5117143701562404 0.1054540737586732 89
0.521559169733522 0.106360081132402 90
0.5313532408984826 0.1077060927689866 91
0.5410675449363685 0.109540563377017 92
0.5506749329668567 0.1118711347583848 93
0.5601562392060124 0.1146713542651347 94
0.5695049867920587 0.117887231291127 95
0.5787300963177355 0.1214429956633954 96
-0.9700598802395423 0 97
-0.9401197604790844 0 98
-0.9101796407186267 0 99
-0.8802395209581689 0 100
-0.8502994011977112 0 101
-0.8203592814372533 0 102
-0.7904191616767956 0 103
-0.7604790419163379 0 104
-0.73053892215588 0 105
-0.7005988023954223 0 106
-0.6706586826349645 0 107
-0.6407185628745067 0 108
-0.6107784431140489 0 109
-0.5808383233535912 0 110
-0.5508982035931334 0 111
-0.5209580838326757 0 112
-0.491017964072218 0 113
-0.4610778443117601 0 114
-0.4311377245513024 0 115
-0.4011976047908516 0 116
-0.3712574850304147 0 117
-0.3413173652700067 0 118
-0.3113772455096124 0 119
-0.2814371257492212 0 120
-0.25149700598883 0 121
-0.2215568862284386 0 122
-0.1916167664680473 0 123
-0.161676646707656 0 124
-0.1317365269472649 0 125
-0.1017964071868735 0 126
-0.07185628742648231 0 127
-0.04191616766609096 0 128
-0.01197604790569973 0 129
0.01796407185469162 0 130
0.04790419161508308 0 131
0.07784431137547432 0 132
0.1077844311358658 0 133
0.137724550896257 0 134
0.1676646706566485 0 135
0.1976047904170399 0 136
0.2275449101774312 0 137
0.2574850299378226 0 138
0.2874251496982139 0 139
0.3173652694586053 0 140
0.3473053892189966 0 141
0.3772455089793878 0 142
0.4071856287397795 0 143
0.4371257485001707 0 144
0.467065868260562 0 145
0.4970059880209532 0 146
0.5269461077813449 0 147
0.5568862275417361 0 148
0.5868263473021273 0 149
0.616766467062519 0 150
0.6467065868229103 0 151
0.6766467065833015 0 152
0.7065868263436927 0 153
0.7365269461040842 0 154
0.7664670658644754 0 155
0.7964071856248669 0 156
0.8263473053852584 0 157
0.8562874251456496 0 158
0.8862275449060408 0 159
0.9161676646664325 0 160
0.9461077844268238 0 161
0.9760479041872148 0 162
1.005988023947637 0 163
1.035928143708105 0 164
1.065868263468629 0 165
1.095808383229153 0 166
1.125748502989678 0 167
1.155688622750202 0 168
1.185628742510726 0 169
1.21556886227125 0 170
1.245508982031775 0 171
1.275449101792299 0 172
1.305389221552823 0 173
1.335329341313347 0 174
1.365269461073871 0 175
1.395209580834395 0 176
1.425149700594919 0 177
1.455089820355444 0 178
1.485029940115968 0 179
1.514970059876492 0 180
1.544910179637016 0 181
1.574850299397541 0 182
1.604790419158065 0 183
1.634730538918589 0 184
1.664670658679113 0 185
1.694610778439637 0 186
1.724550898200162 0 187
1.754491017960685 0 188
1.78443113772121 0 189
1.814371257481734 0 190
1.844311377242259 0 191
1.874251497002782 0 192
1.904191616763306 0 193
1.934131736523831 0 194
1.964071856284355 0 195
1.994011976044879 0 196
2.023952095805403 0 197
2.053892215565928 0 198
2.083832335326451 0 199
2.113772455086976 0 200
2.1437125748475 0 201
2.173652694608024 0 202
2.203592814368548 0 203
2.233532934129073 0 204
2.263473053889597 0 205
2.293413173650121 0 206
2.323353293410645 0 207
2.35329341317117 0 208
2.383233532931694 0 209
2.413173652692218 0 210
2.443113772452742 0 211
2.473053892213266 0 212
2.50299401197379 0 213
2.532934131734314 0 214
2.562874251494839 0 215
2.592814371255363 0 216
2.622754491015887 0 217
2.652694610776411 0 218
2.682634730536936 0 219
2.712574850297459 0 220
2.742514970057984 0 221
2.772455089818508 0 222
2.802395209579033 0 223
2.832335329339556 0 224
2.862275449100081 0 225
2.892215568860605 0 226
2.92215568862113 0 227
2.952095808381653 0 228
2.982035928142178 0 229
3.011976047902702 0 230
3.041916167663226 0 231
3.07185628742375 0 232
3.101796407184274 0 233
3.131736526944799 0 234
3.161676646705324 0 235
3.191616766465847 0 236
3.221556886226371 0 237
3.251497005986896 0 238
3.281437125747419 0 239
3.311377245507943 0 240
3.341317365268468 0 241
3.371257485028993 0 242
3.401197604789516 0 243
3.431137724550041 0 244
3.461077844310565 0 245
3.491017964071089 0 246
3.520958083831613 0 247
3.550898203592137 0 248
3.580838323352662 0 249
3.610778443113185 0 250
3.64071856287371 0 251
3.670658682634234 0 252
3.700598802394758 0 253
3.730538922155282 0 254
3.760479041915807 0 255
3.790419161676331 0 256
3.820359281436855 0 257
3.850299401197379 0 258
3.880239520957903 0 259
3.910179640718428 0 260
3.940119760478952 0 261
3.970059880239476 0 262
4 0.02777777777772715 263
4 0.05555555555542874 264
4 0.08333333333312549 265
4 0.1111111111108223 266
4 0.1388888888885962 267
4 0.1666666666664472 268
4 0.1944444444442981 269
4 0.2222222222221492 270
3.97004924812782 0.25 271
3.94009849625564 0.25 272
3.91014774438346 0.25 273
3.88019699251128 0.25 274
3.850246240639101 0.25 275
3.820295488766921 0.25 276
3.790344736894741 0.25 277
3.760393985022561 0.25 278
3.730443233150381 0.25 279
3.700492481278201 0.25 280
3.670541729406022 0.25 281
3.640590977533842 0.25 282
3.610640225661662 0.25 283
3.580689473789482 0.25 284
3.550738721917302 0.25 285
3.520787970045122 0.25 286
3.490837218172943 0.25 287
3.460886466300763 0.25 288
3.430935714428583 0.25 289
3.400984962556403 0.25 290
3.371034210684223 0.25 291
3.341083458812043 0.25 292
3.311132706939863 0.25 293
3.281181955067684 0.25 294
3.251231203195504 0.25 295
3.221280451323324 0.25 296
3.191329699451144 0.25 297
3.161378947578964 0.25 298
3.131428195706784 0.25 299
3.101477443834605 0.25 300
3.071526691962425 0.25 301
3.041575940090245 0.25 302
3.011625188218065 0.25 303
2.981674436345886 0.25 304
2.951723684473705 0.25 305
2.921772932601526 0.25 306
2.891822180729346 0.25 307
2.861871428857166 0.25 308
2.831920676984987 0.25 309
2.801969925112807 0.25 310
2.772019173240627 0.25 311
2.742068421368447 0.25 312
2.712117669496267 0.25 313
2.682166917624087 0.25 314
2.652216165751908 0.25 315
2.622265413879728 0.25 316
2.592346862220264 0.25 317
2.563068022180941 0.25 318
2.540444125709166 0.25 319
2.520488956096589 0.25 320
2.505451765757826 0.25 321
2.495009256995962 0.25 322
2.485025673038569 0.25 323
2.475042089081176 0.25 324
2.465058505123782 0.25 325
2.455074921166389 0.25 326
2.445091337208996 0.25 327
2.435107753251602 0.25 328
2.425124169294209 0.25 329
2.415140585336816 0.25 330
2.405157001379422 0.25 331
2.395173417422029 0.25 332
2.385189833464636 0.25 333
2.375206249507242 0.25 334
2.365222665549849 0.25 335
2.355239081592456 0.25 336
2.345255497635063 0.25 337
2.335271913677669 0.25 338
2.325288329720276 0.25 339
2.315304745762883 0.25 340
2.30532116180549 0.25 341
2.295337577848096 0.25 342
2.285353993890703 0.25 343
2.275370409933309 0.25 344
2.265386825975916 0.25 345
2.255403242018523 0.25 346
2.24541965806113 0.25 347
2.235436074103736 0.25 348
2.225452490146343 0.25 349
2.21546890618895 0.25 350
2.205485322231556 0.25 351
2.195501738274163 0.25 352
2.18551815431677 0.25 353
2.175534570359376 0.25 354
2.165550986401983 0.25 355
2.15556740244459 0.25 356
2.145583818487196 0.25 357
2.135600234529803 0.25 358
2.12561665057241 0.25 359
2.115633066615017 0.25 360
2.105649482657623 0.25 361
2.09566589870023 0.25 362
2.085682314742837 0.25 363
2.075698730785444 0.25 364
2.06571514682805 0.25 365
2.055731562870657 0.25 366
2.045747978913264 0.25 367
2.035764394955871 0.25 368
2.025780810998477 0.25 369
2.015797227041084 0.25 370
2.005813643083691 0.25 371
1.995830059126297 0.25 372
1.985846475168904 0.25 373
1.975862891211511 0.25 374
1.965879307254117 0.25 375
1.955895723296724 0.25 376
1.945912139339331 0.25 377
1.935928555381937 0.25 378
1.925944971424544 0.25 379
1.915961387467151 0.25 380
1.905977803509758 0.25 381
1.895994219552364 0.25 382
1.886010635594971 0.25 383
1.876027051637578 0.25 384
1.866043467680184 0.25 385
1.856059883722791 0.25 386
1.846076299765398 0.25 387
1.836092715808005 0.25 388
1.826109131850611 0.25 389
1.816125547893218 0.25 390
1.806141963935825 0.25 391
1.796158379978432 0.25 392
1.786174796021038 0.25 393
1.776191212063645 0.25 394
1.766207628106252 0.25 395
1.756224044148858 0.25 396
1.746240460191465 0.25 397
1.736256876234072 0.25 398
1.726273292276678 0.25 399
1.716289708319285 0.25 400
1.706306124361892 0.25 401
1.696322540404498 0.25 402
1.686338956447106 0.25 403
1.676355372489712 0.25 404
1.666371788532319 0.25 405
1.656388204574926 0.25 406
1.646404620617532 0.25 407
1.636421036660139 0.25 408
1.626437452702746 0.25 409
1.616453868745352 0.25 410
1.606470284787959 0.25 411
1.596486700830566 0.25 412
1.586503116873172 0.25 413
1.576519532915779 0.25 414
1.566535948958386 0.25 415
1.556552365000993 0.25 416
1.5465687810436 0.25 417
1.536585197086207 0.25 418
1.526601613128813 0.25 419
1.51661802917142 0.25 420
1.506634445214027 0.25 421
1.496650861256633 0.25 422
1.48666727729924 0.25 423
1.476683693341847 0.25 424
1.466700109384454 0.25 425
1.456716525427061 0.25 426
1.446732941469667 0.25 427
1.436749357512274 0.25 428
1.426765773554881 0.25 429
1.416782189597487 0.25 430
1.406798605640094 0.25 431
1.396815021682701 0.25 432
1.386831437725307 0.25 433
1.376847853767914 0.25 434
1.366864269810521 0.25 435
1.356880685853127 0.25 436
1.346897101895735 0.25 437
1.336913517938341 0.25 438
1.326929933980948 0.25 439
1.316946350023555 0.25 440
1.306962766066161 0.25 441
1.296979182108768 0.25 442
1.286995598151375 0.25 443
1.277012014193982 0.25 444
1.267028430236588 0.25 445
1.257044846279195 0.25 446
1.247061262321802 0.25 447
1.237077678364408 0.25 448
1.227094094407016 0.25 449
1.217110510449622 0.25 450
1.207126926492229 0.25 451
1.197143342534835 0.25 452
1.187159758577442 0.25 453
1.177176174620049 0.25 454
1.167192590662656 0.25 455
1.157209006705262 0.25 456
1.147225422747869 0.25 457
1.137241838790476 0.25 458
1.127258254833083 0.25 459
1.117274670875689 0.25 460
1.107291086918297 0.25 461
1.097307502960903 0.25 462
1.08732391900351 0.25 463
1.077340335046117 0.25 464
1.067356751088723 0.25 465
1.05737316713133 0.25 466
1.047389583173937 0.25 467
1.037405999216543 0.25 468
1.02742241525915 0.25 469
1.017438831301757 0.25 470
1.007455247344363 0.25 471
0.9974716633869702 0.25 472
0.9874880794295766 0.25 473
0.9775044954721839 0.25 474
0.9675209115147907 0.25 475
0.9575373275573971 0.25 476
0.9475537436000039 0.25 477
0.9375701596426111 0.25 478
0.9275865756852175 0.25 479
0.9176029917278243 0.25 480
0.9076194077704312 0.25 481
0.8976358238130375 0.25 482
0.8876522398556443 0.25 483
0.8776686558982512 0.25 484
0.8676850719408575 0.25 485
0.8577014879834648 0.25 486
0.8477179040260716 0.25 487
0.8377343200686784 0.25 488
0.8277507361112848 0.25 489
0.8177671521538921 0.25 490
0.8077835681964989 0.25 491
0.7977999842391053 0.25 492
0.7878164002817121 0.25 493
0.7778328163243189 0.25 494
0.7678492323669253 0.25 495
0.7578656484095321 0.25 496
0.7478820644521385 0.25 497
0.7378984804947457 0.25 498
0.7279148965373525 0.25 499
0.7179313125799589 0.25 500
0.7079477286225657 0.25 501
0.697964144665173 0.25 502
0.6879805607077794 0.25 503
0.6779969767503862 0.25 504
0.668013392792993 0.25 505
0.6580298088355994 0.25 506
0.6480462248782062 0.25 507
0.638062640920813 0.25 508
0.6280790569634194 0.25 509
0.6180954730060266 0.25 510
0.6081118890486334 0.25 511
0.5981283050912398 0.25 512
0.5881447211338466 0.25 513
0.5781611371764539 0.25 514
0.5681775532190607 0.25 515
0.5581939692616671 0.25 516
0.5482103853042735 0.25 517
0.5382268013468803 0.25 518
0.5282432173894871 0.25 519
0.5182596334320935 0.25 520
0.5082760494747003 0.25 521
0.4982924655173075 0.25 522
0.4883088815599144 0.25 523
0.4783252976025207 0.25 524
0.4683417136451276 0.25 525
0.4583581296877339 0.25 526
0.4483745457303412 0.25 527
0.4383909617729476 0.25 528
0.4284073778155544 0.25 529
0.4184237938581612 0.25 530
0.4084402099007676 0.25 531
0.3984566259433744 0.25 532
0.3884730419859812 0.25 533
0.3784894580285885 0.25 534
0.3685058740711948 0.25 535
0.3585222901138017 0.25 536
0.3485387061564085 0.25 537
0.3385551221990148 0.25 538
0.3285715382416221 0.25 539
0.3185879542842289 0.25 540
0.3086043703268353 0.25 541
0.2986207863694421 0.25 542
0.2886372024120489 0.25 543
0.2786536184546553 0.25 544
0.2686700344972621 0.25 545
0.2586864505398694 0.25 546
0.2487028665824758 0.25 547
0.2387192826250821 0.25 548
0.2287356986676889 0.25 549
0.2187521147102953 0.25 550
0.2087685307529021 0.25 551
0.1987849467955094 0.25 552
0.1888013628381162 0.25 553
0.1788177788807226 0.25 554
0.1688341949233294 0.25 555
0.1588506109659362 0.25 556
0.1488670270085426 0.25 557
0.1388834430511494 0.25 558
0.1288774373666333 0.25 559
0.1164877856505946 0.25 560
0.09908967713793437 0.25 561
0.07480495494526185 0.25 562
0.04827631552629263 0.25 563
0.01832556365411264 0.25 564
-0.01162518821806735 0.25 565
-0.04157594009024645 0.25 566
-0.07152669196242645 0.25 567
-0.1014774438346064 0.25 568
-0.1314281957067864 0.25 569
-0.1613789475789655 0.25 570
-0.1913296994511455 0.25 571
-0.2212804513233246 0.25 572
-0.2512312031955046 0.25 573
-0.2811819550676846 0.25 574
-0.3111327069398637 0.25 575
-0.3410834588120437 0.25 576
-0.3710342106842237 0.25 577
-0.4009849625564037 0.25 578
-0.4309357144285837 0.25 579
-0.4608864663007628 0.25 580
-0.4908372181729428 0.25 581
-0.5207879700451228 0.25 582
-0.5507387219173019 0.25 583
-0.5806894737894819 0.25 584
-0.6106402256616619 0.25 585
-0.6405909775338419 0.25 586
-0.6705417294060219 0.25 587
-0.700492481278201 0.25 588
-0.7304432331503801 0.25 589
-0.7603939850225618 0.25 590
-0.7903447368947418 0.25 591
-0.8202954887669218 0.25 592
-0.8502462406391009 0.25 593
-0.8801969925112809 0.25 594
-0.9101477443834609 0.25 595
-0.94009849625564 0.25 596
-0.97004924812782 0.25 597
-1 0.2222222222221066 598
-1 0.194444444444483 599
-1 0.166666666666898 600
-1 0.138888888889313 601
-1 0.1111111111115737 602
-1 0.08333333333368026 603
-1 0.05555555555578678 604
-1 0.02777777777789331 605
0.7022946582835569 0.13134674364185 606
0.1331069581099411 0.1607807447680448 607
0.4091509312150047 0.1658990864897412 608
0.8227589441325847 0.130228514149477 609
0.9436592441896456 0.1309798932283168 610
1.063462052662328 0.1309787644981316 611
1.183264958335285 0.1309787518796606 612
1.303067865274122 0.1309787397482293 613
1.422870773449234 0.1309787277591287 614
1.542673682860715 0.1309787159125299 615
1.661379996553612 0.1303010333537517 616
1.781183004042346 0.1303010333537194 617
1.900986011531066 0.1303010333537343 618
2.020789019019807 0.1303010333537121 619
2.140592026508489 0.1303010333537742 620
2.260395033997247 0.1303010333536989 621
2.380198041485939 0.1303010333537639 622
2.501757112714506 0.1317376522987778 623
0.2592729147025454 0.1638575974800378 624
0.3342818262770909 0.1534953426230057 625
0.4839479393010052 0.1771045174273861 626
0.6337200739231958 0.1806753114239751 627
0.5504062998488046 0.1829828612015374 628
0.1984987669762472 0.1418598689466868 629
0.0729997443758941 0.09096526365839772 630
0.8833244058756908 0.1745236766563668 631
1.122922921276609 0.1745206999327604 632
1.003119915541947 0.1745206960201212 633
1.242725929275786 0.1745207046968095 634
1.362528937268653 0.1745207094016285 635
1.48233194525515 0.1745207140472822 636
1.722520178483442 0.1790040180940723 637
1.839845828283867 0.1790040227458681 638
1.959648834472661 0.1790040273361245 639
2.199254846902434 0.1790040363322449 640
2.319057853143518 0.1790040407381198 641
2.440507372125158 0.1755805195747344 642
1.602134953235338 0.1745207186337947 643
2.079451840678871 0.1790040318649181 644
0.7632357725282439 0.1773893156879311 645
0.2133218094420096 0.1958157403205287 646
0.2991109159884067 0.1951947744664557 647
0.367057982205578 0.1970038213358099 648
0.450742143933639 0.1451275198090374 649
0.2931722493149689 0.1277802852020782 650
0.6830652084069637 0.1978848961039153 651
0.1643771039926108 0.1990857996091706 652
0.3743500898521585 0.1295451526577682 653
0.4400813221671223 0.2013113133893772 654
2.628169339628537 0.1342701031973428 655
0.1593117595601881 0.118790400945423 656
-0.04562294004701907 0.1247427544333236 657
0.8223274622087136 0.1910359565970154 658
0.9411642107086822 0.190190619010779 659
1.060870536625614 0.1903104125646811 660
1.1806735441281 0.1903104125661645 661
1.301468825854808 0.1903168819936401 662
1.421271833343536 0.1903168819936369 663
1.541074840832255 0.1903168819936438 664
2.259892885764596 0.1903168819936195 665
2.019391361829872 0.190190588847366 666
1.781349414717329 0.1910773582680958 667
1.899588354341132 0.190190588847377 668
1.661247355912828 0.1896032108650779 669
2.379695893253285 0.1903168819936632 670
2.14008987827584 0.1903168819936582 671
2.490280623318702 0.1961354845958056 672
0.5178084137688729 0.150015545983916 673
0.5930493492476674 0.2028871398756671 674
0.239643599730286 0.1228627339860531 675
3.877790255532378 0.1204075034605435 676
-0.8777902555330015 0.1204075034610293 677
0.515116721062549 0.206628677749199 678
0.6474528623697733 0.1246678301308018 679
0.257535574837876 0.2081598219612376 680
0.4159722213155665 0.1233171233092886 681
-0.7427040878533636 0.1246844942631824 682
3.742704087852781 0.1246844942632112 683
-0.5972975264410696 0.1258488526367399 684
3.597297526440204 0.1258488526367615 685
-0.4475961174911818 0.1258475271951928 686
3.447596117489986 0.1258475271952287 687
-0.2974795456409879 0.1256767493855819 688
3.298755974481439 0.1291787405002546 689
3.149000696056576 0.1262802042658968 690
2.999299964615808 0.1262802098604 691
2.84730538921982 0.1249761336357947 692
-0.1716225119498063 0.1243312692859852 693
0.7230003433591641 0.2098569007057332 694
2.55807398472828 0.1719497976687574 695
0.05364926182868922 0.1703404173556975 696
0.5883232111055079 0.1650351238003872 697
0.4033445609362182 0.2106285330839221 698
0.6147834674395743 0.06729906681846934 699
0.1174265130794422 0.2034757519028876 700
0.3286915284868093 0.1171388175063027 701
0.8508999611041591 0.2150415690504162 702
0.7917488352236108 0.2145144413201137 703
0.9128288934178018 0.2151754535084049 704
0.9722426792834338 0.2138404586653601 705
2.230662376438048 0.2151757188555798 706
1.991056361460619 0.2151757188555826 707
1.751460026096634 0.2138469175896823 708
1.690008866126209 0.2159524627217031 709
1.513234573254642 0.2155484892037986 710
1.392041324017016 0.2151757188555898 711
1.872643595720795 0.2155484892037879 712
1.331693952033187 0.2138469175896778 713
1.21189094454446 0.213846917589682 714
1.090581773371239 0.2150652505828072 715
1.810838648944069 0.2160107482908901 716
1.451454709861107 0.2138404630410292 717
1.929131846362143 0.2150544069410763 718
1.272092875089591 0.2160502022771673 719
1.152435309039566 0.2151757188555916 720
2.170315004454186 0.2138469175896948 721
1.56972282389599 0.215054406941079 722
1.034022543634084 0.2155484890454678 723
2.409494632585455 0.2137545262579162 724
2.350266572252301 0.2156497211300946 725
2.288611848258452 0.2150652505828109 726
1.63303758074335 0.2155484892038086 727
2.050511996965481 0.2138469175896952 728
2.11085936894934 0.2151757188556032 729
0.4865734562739123 0.1403146154715725 730
2.732751270479599 0.1091637004244491 731
0.331789863781132 0.214108649221957 732
0.4768712465806898 0.2132232581104259 733
0.1203845487151957 0.07879684652977802 734
0.564257546813329 0.06229569278153765 735
0.5188499488146673 0.04947738151471513 736
2.460644206865483 0.2162536533669695 737
0.7569615422522105 0.2156123619161728 738
0.6177219871725745 0.1460865238512291 739
0.7603896092039877 0.08190530737857454 740
0.6538714328269281 0.2166604403361063 741
0.2991200208968406 0.1616867310985128 742
0.5543073164544652 0.1487161191026819 743
0.3670813764971145 0.1626438382616103 744
0.5607011687051976 0.2160880323570954 745
1.006731657483583 0.07862458233734811 746
1.126536042697752 0.07862608635645339 747
1.246339492602366 0.07862750821243436 748
1.366142939001425 0.07862891442417191 749
1.485946382179333 0.07863030501133145 750
1.605749822135229 0.07863167997420717 751
1.72555325886826 0.07863303931306992 752
1.841084507786713 0.078879408045821 753
0.8869859112994991 0.07829328761170432 754
1.960887515275426 0.07888045431082631 755
2.080690522764174 0.07888148669512944 756
2.200493530252838 0.07888250519875918 757
2.320296537741619 0.0788835098216623 758
2.440120218704832 0.07889448273157149 759
0.119472136911129 0.1223661987163767 760
0.2228240877466033 0.164755393271193 761
0.1887073895330252 0.1736425401106401 762
0.2082351572870388 0.1088720470377957 763
0.6870586953443183 0.06773479079575216 764
0.1904201885405577 0.2180221074666159 765
0.4430081994831553 0.1191272742744757 766
0.6206974688783262 0.2183744795716449 767
0.2670439009912108 0.1084597143821191 768
0.4542255667162215 0.1744515524638304 769
0.4816317860513245 0.05014212228680847 770
0.883273851862967 0.2200055114365284 771
2.080687838058837 0.2189191982638258 772
2.201140315405716 0.2200014312793972 773
1.961501774436388 0.2200048664972249 774
1.481675485320546 0.2196831065096113 775
1.362334467226746 0.219963259479254 776
1.243373795408274 0.2199290786557951 777
1.601478492809267 0.2196831065096228 778
1.122265093106778 0.2192300236437459 779
1.839464323520029 0.2204151476901524 780
1.002463455365669 0.219683106509627 781
1.719617042702146 0.2204165727826221 782
2.321960995337422 0.2204165727826258 783
0.1668043135334533 0.1501738535491779 784
0.8227589441325849 0.2203831038947729 785
0.9425619516213095 0.2203358306159671 786
2.260377725721499 0.2201037886786842 787
2.020789019019807 0.2203358361525045 788
1.781182727072898 0.2189942037932079 789
1.421774063973238 0.2205616547525426 790
1.301971056484512 0.2205616547525456 791
1.900985734561619 0.220828971676543 792
1.182167966598742 0.2203358361525085 793
1.541576712095469 0.220403991975524 794
1.062365236079472 0.220828971676555 795
1.661380273523065 0.2204039919755266 796
2.380197959088886 0.2205616547525595 797
2.14059210890554 0.2205616547525589 798
0.4460858846158113 0.03829889624167766 799
0.3270566342780291 0.1833234933191551 800
2.559933113237991 0.07760353471098742 801
0.2309979877753595 0.2205684291419664 802
0.2829470705957916 0.2220935226478475 803
0.3578050105753012 0.1081948102373202 804
0.1438482581568648 0.2214001956941821 805
0.5225259346696012 0.1794864281600273 806
0.6975908621657404 0.2215952187188261 807
0.6698060591190709 0.1588871401262093 808
0.2645775568277872 0.1367737458337069 809
-0.6706595286592624 0.08490813384853187 810
3.670659528658537 0.08490813384864805 811
2.922279738005428 0.1656476314047422 812
-0.5260316517790112 0.08498701286408272 813
3.526031651778013 0.08498701286418783 814
3.071981096147292 0.1656471682095977 815
-0.3763308113514535 0.0849862667302025 816
3.376330811350067 0.08498626673035034 817
3.221801831430742 0.1656274781464621 818
2.530466540902887 0.2088027972911787 819
0.3929931569993733 0.1078613251088623 820
0.377948804206624 0.2221274728585096 821
0.8227763186385837 0.06737835350336975 822
2.500377017657877 0.2233206292475467 823
0.2769987505867967 0.1851376223499663 824
-0.3748274641557615 0.1674383352411758 825
3.374827464154627 0.1674383352411731 826
-0.5245285284540492 0.1674367422117441 827
3.524528528453227 0.1674367422117414 828
3.225502895146776 0.08254245749942982 829
-0.6710215685182601 0.1645757218238146 830
3.671021568517769 0.1645757218238042 831
3.075801252454318 0.08254202127612496 832
2.926099594392764 0.0825415981521655 833
0.2412224751660987 0.1885374986410601 834
0.3896462846408377 0.187025481423324 835
2.260395111005124 0.06969968362760778 836
2.140592104570271 0.06969986428065265 837
2.020789098135018 0.06970004738478457 838
1.900986091699315 0.06970023293931792 839
1.781183085263184 0.06970042094285141 840
1.661380078826631 0.06970061139443243 841
1.541577072389649 0.0697008042926739 842
1.421774065952208 0.06970099963650982 843
1.301971059514315 0.06970119742475904 844
1.182168053075969 0.06970139765615042 845
1.062365051661569 0.06970160618170949 846
0.9425786261099425 0.06972108751155005 847
2.380209220939752 0.06968656983042504 848
0.005249824094208486 0.07066359189931308 849
0.4663810003407061 0.1249046583434204 850
0.3048530619489551 0.1044799662279068 851
0.3490323270904874 0.1348690037591489 852
0.4277474197713003 0.2256220420518136 853
0.4244924652902562 0.1439641105103747 854
2.433544202277718 0.2239398310446863 855
0.3973296312715522 0.1418815355984522 856
-0.8106024605811389 0.07906599538519 857
3.810602460580209 0.07906599538496352 858
3.813673122814308 0.1692456046746902 859
-0.8136731228146699 0.1692456046747564 860
0.5339100530252847 0.2254055065922222 861
0.1818420799446691 0.1037941036012299 862
-0.2317052286882349 0.1712709048708859 863
-0.234221197829122 0.07732131034037927 864
2.78525414740272 0.1727901048333146 865
-0.1034936531380995 0.1673610803952411 866
2.500438496854148 0.06894851287973462 867
0.1431752020867328 0.09505846435143671 868
-0.1032968424518355 0.07528556267173805 869
0.4192680944472509 0.190125412930511 870
0.3091408160949617 0.2240241665635017 871
2.68649833275872 0.1715557412468542 872
0.4547852046399319 0.224909620754385 873
0.7503324031971811 0.1236535745235483 874
0.7119346571283637 0.1718379382281188 875
0.3142932797102584 0.1382287139491246 876
0.4714430781019506 0.1585471699677212 877
3.926337803016992 0.07276875915718377 878
-0.9263378030170777 0.07276875915725521 879
3.927788726249152 0.1690945353373537 880
-0.9277887262495519 0.1690945353377561 881
0.58889738565303 0.08404595853804483 882
0.8720244048719858 0.1270582040819634 883
0.9944795650652831 0.1246243999051933 884
1.114283624148346 0.1246218748247771 885
1.234086617073318 0.1246222742227179 886
1.353889609864323 0.1246226695865998 887
1.473692602845021 0.1246230600259067 888
1.593495596015176 0.1246234455407846 889
1.713298589374563 0.1246238261313204 890
1.849067422242174 0.1246241731892754 891
1.968870443617431 0.1246245443047304 892
2.088673464804195 0.1246249104963855 893
2.2084764858026 0.1246252717643114 894
2.330948958988954 0.1270748601056192 895
0.5080732675361237 0.1295607226442288 896
2.429444722958364 0.1270780586915126 897
0.6146107262536391 0.108769214644304 898
0.4985305075425059 0.2252344066952946 899
0.3537067242857915 0.2265324690365919 900
0.5833965704471098 0.2237840545429565 901
0.6070330523218224 0.1800314492230464 902
0.5359393712578022 0.1329853914342513 903
2.675170926624015 0.07228545131468933 904
0.09097533692193495 0.1498834709128566 905
2.797866586330211 0.07578338101681614 906
0.1681536170923807 0.2262847822984462 907
0.5764050786234883 0.1863471407609777 908
0.3499043515852906 0.1793294609754349 909
0.432710450381635 0.1684453659812498 910
0.6732981252427133 0.226337552222247 911
-0.01587196439810106 0.1804180864161926 912
0.1569529204316945 0.1735839274537441 913
0.2406984965182217 0.1479686749445148 914
0.12910308628305 0.04075772846953436 915
0.4984154370794522 0.1591531119819196 916
0.4276774951065772 0.1054610049483975 917
0.4128559319962827 0.03932191996921408 918
0.384103976520146 0.03589310519395365 919
0.3547965223864195 0.02958320389075928 920
0.6466805178030511 0.07880846642501352 921
0.798028099574374 0.1602233971300864 922
0.229367023465552 0.1009649298407289 923
0.7357677326409866 0.2259068614580887 924
0.4942790385552294 0.1982470774600057 925
2.474863780448357 0.1603821524306895 926
0.846573265079327 0.1604233880787613 927
0.9174869444050514 0.1603450077943042 928
0.9661805570151587 0.1605985768620419 929
1.037289867006985 0.1603452526433808 930
1.085983562541789 0.1605985920983157 931
1.157092823566805 0.1603453013321372 932
1.205786570359632 0.1605985931791052 933
1.276895780752798 0.1603453493756231 934
1.325589578173369 0.1605985942463302 935
1.396698738554208 0.1603453968285872 936
1.445392585982994 0.1605985953000041 937
1.516501696971122 0.1603454436910604 938
2.23667380974891 0.1602764459217327 939
1.565195593788517 0.1605985963401398 940
1.997067795393677 0.1602764436769865 941
1.685101219540438 0.1602764413703275 942
2.045114238366428 0.1602778180442608 943
1.756857784695722 0.1602778180442664 944
1.877264788222459 0.1602764425314083 945
2.284720253343862 0.1602778180442505 946
1.636115036112882 0.1613270476923923 947
1.925311230877686 0.1602778180442768 948
1.805508223388965 0.1602778180442662 949
2.35647681693295 0.1602764470209625 950
2.116870802569148 0.1602764448071493 951
2.164917245855105 0.1602778180443095 952
0.5379770953401718 0.2015111388650357 953
2.403972738007427 0.1604860608073594 954
0.4681156642877542 0.1920394934904249 955
0.5383774161170806 0.07322619173368636 956
0.577314525502009 0.1428503725569097 957
0.2748787184474479 0.1556671318578871 958
0.7768418157729855 0.2273597129014092 959
2.623966460183026 0.1875085054841662 960
0.2191721179956864 0.1357887436513409 961
0.5379984703818835 0.1644980130380029 962
2.512301102139687 0.1691720758051471 963
0.02654962417118366 0.1214979547933283 964
0.210163803052286 0.2269643387298201 965
0.2516895441123436 0.2281388408839083 966
0.1455089837720498 0.1384190303084342 967
0.09158816422471498 0.05169809100970603 968
0.6574687641132714 0.1877437274610355 969
0.1804148647994576 0.1265621535795662 970
0.390578889376021 0.1588668837744498 971
0.4449358510326085 0.1013732866297234 972
0.5649790272621559 0.1668245961805564 973
0.1435217604062714 0.07513745010506087 974
-0.3136010848727241 0.1813312968999747 975
3.314107238622563 0.1865110651634079 976
-0.4625710836638785 0.1811793464738855 977
3.462571083662904 0.181179346473853 978
-0.6122726940054501 0.1811816379829254 979
3.612272694004808 0.1811816379828742 980
3.164543795479038 0.06373113243162648 981
3.014843931162328 0.06372969415092632 982
2.866876628289298 0.06471554295558475 983
0.1913332439395439 0.1953806478229586 984
2.863790526465869 0.1803889472580801 985
3.012173835752571 0.1865707205941582 986
3.161876149120167 0.1865718316381945 987
-0.7277310608105738 0.06475016835227511 988
3.727731060809839 0.06475016835229577 989
-0.6109931685383461 0.06341806802586705 990
3.610993168537599 0.06341806802590681 991
-0.4612941366423498 0.06341670481252823 992
3.46129413664125 0.06341670481258113 993
-0.3115950990806552 0.06341534649982923 994
3.311595099079139 0.06341534649989694 995
-0.7449621129320687 0.1896878807574606 996
3.744962112932055 0.189687880757467 997
-0.1716185907222543 0.1758240501538688 998
0.1643700873213115 0.09449919769370663 999
-0.1731870327801736 0.06938941533233425 1000
2.542014456664309 0.1350178363039192 1001
0.6037309630333083 0.2297019815256093 1002
0.2848474664833395 0.09830902950681397 1003
0.7165925876485821 0.2296919741963419 1004
0.7018855137743645 0.2007332948016624 1005
0.1226826115086139 0.2285023159485024 1006
2.616202846949627 0.05873432540913102 1007
0.8641654477668751 0.2293560954919646 1008
0.9010759592823357 0.2294266084059459 1009
0.9839742615398483 0.2293593629817181 1010
2.218909386692927 0.2294263529839558 1011
1.979303371715507 0.2294263529839582 1012
1.942398323207055 0.2293593639708343 1013
1.500169198343875 0.2293619534120809 1014
1.463186293252187 0.2293593639708335 1015
1.343409577191154 0.2293667816646878 1016
1.70478134329518 0.2303958253832573 1017
2.062227622123475 0.2293667816646814 1018
1.258569627345895 0.2303958253832528 1019
1.859578220810034 0.2293619534120865 1020
1.824591274741249 0.2303826725441721 1021
1.739744400938667 0.2293667816646903 1022
1.582989300740899 0.2293593639708415 1023
1.140727928287467 0.2293711096948029 1024
1.223606569702427 0.2293667816646881 1025
1.10380356221371 0.2293667816646932 1026
1.380288334271905 0.2294263529839684 1027
1.020957168480992 0.2293619534643357 1028
2.301833637100913 0.2293667816646919 1029
2.099151988197224 0.229371109694804 1030
1.619972205832598 0.2293619534120922 1031
2.336796694744378 0.2303958253832574 1032
2.182030629612157 0.2293667816646877 1033
0.839397593230793 0.2304822888696823 1034
0.8051899578792902 0.2283131947635152 1035
0.9258619752935342 0.2295878122482582 1036
0.9592619278807935 0.2295878122955747 1037
2.243695057237716 0.229587814855731 1038
1.678023845999268 0.2304904435297833 1039
1.884342162085419 0.2304904435297709 1040
1.318670950846991 0.2295878148557406 1041
2.004089042260269 0.2295878148557383 1042
1.079008808555678 0.2304904435297793 1043
1.405074004816657 0.2295878148557411 1044
1.045721109664371 0.2304904435297767 1045
1.19886794335827 0.2295878148557413 1046
2.27703888344288 0.2304904435297737 1047
1.764483027282824 0.229587814855746 1048
1.165467989839216 0.2295878148557417 1049
1.285270997327935 0.2295878148557408 1050
1.438473958335712 0.2295878148557388 1051
1.64473614710797 0.2304904435297782 1052
1.558220838510553 0.2304904435297829 1053
1.524933139619268 0.2304904435297777 1054
1.917629860976711 0.2304904435297734 1055
1.797882980801863 0.2295878148557454 1056
2.399442869648677 0.2299718499952468 1057
2.363498064726414 0.2295878148557539 1058
2.157292003268014 0.229587814855753 1059
2.03748899577932 0.2295878148557394 1060
2.123892049748973 0.2295878148557524 1061
0.3373274090908517 0.09818328106894721 1062
0.6429712511604631 0.1542039783264331 1063
0.3739144393389147 0.100055015551109 1064
0.248223958538916 0.09508814032828092 1065
0.6383022523924884 0.2295428227134232 1066
3.86921245250554 0.06175733542835482 1067
-0.869212452505901 0.06175733542847773 1068
-0.8682639845904244 0.1901958315185462 1069
3.868263984590029 0.1901958315185836 1070
0.1400582790056269 0.192851321936017 1071
0.3967516065978363 0.2302687952855738 1072
0.7241332247841319 0.1002590902082873 1073
0.07357177624228238 0.2027167830770575 1074
0.5957675778172681 0.1436972592631135 1075
0.6120761215455841 0.2000478938976817 1076
-0.05378788927699127 0.05783151483190498 1077
0.5648493438773018 0.09016116027883815 1078
0.3479392524168623 0.1984799095762866 1079
0.4945288988983814 0.06974725778262376 1080
0.2073137489176309 0.1765596228080158 1081
3.947392947664437 0.1223795622437899 1082
-0.9473929476647769 0.122379562244489 1083
0.5031541281661154 0.1805808413801804 1084
0.635748854488133 0.2014307022131449 1085
0.5164624653374053 0.2319922997731806 1086
0.6793377775124951 0.1048021455826634 1087
2.480033881059869 0.2292492076238955 1088
0.3178234686338542 0.1666792420946519 1089
0.7870248054532557 0.1116195433188341 1090
0.8349040883757639 0.205267914124009 1091
0.8123898617827148 0.2058903814702732 1092
0.9306844821920578 0.2058174066089882 1093
0.954708206739174 0.205295211177234 1094
2.24824877854265 0.2052952194436501 1095
2.008911702491143 0.2058179029536044 1096
1.674648581411649 0.2070056395537445 1097
1.889122089830172 0.2061833284793214 1098
1.313768238297166 0.2054477811722164 1099
1.074511214564607 0.2052952194436666 1100
1.410094186198829 0.2073126864443449 1101
1.769036748587763 0.2052952194436586 1102
1.194314222053326 0.2052952194436648 1103
1.050297235405614 0.2059954618048289 1104
2.272380353101788 0.2054261312240974 1105
1.169980387105872 0.2055659455611779 1106
1.553562308169452 0.2054261312241124 1107
1.29029117871011 0.2073126864443529 1108
1.528487462007145 0.2069778945592131 1109
1.433571245785883 0.205447781172211 1110
1.913132266985636 0.2052952194436632 1111
1.793329259496917 0.2052952194436588 1112
1.648176777518029 0.2068860810496814 1113
2.368126599202161 0.2058276049068277 1114
2.392022807323239 0.2054468749953033 1115
2.152389290718197 0.2054477811722293 1116
2.032935274474369 0.2052952194436577 1117
2.128912231131148 0.2073126864443776 1118
0.3831654557917935 0.2028208239533162 1119
0.317180550432684 0.2001205394201778 1120
1.027207580051841 0.1106629941385511 1121
1.147010246715465 0.1106640100139051 1122
1.266812919711559 0.1106650128095021 1123
0.9074121782818589 0.1106594625647384 1124
1.386615596832879 0.1106660032862037 1125
1.506418278078877 0.1106669814438979 1126
1.626434800666827 0.1104154645255935 1127
1.749689143365785 0.1129135012740551 1128
1.816102047555604 0.1104327786241525 1129
1.935932209119892 0.1104184180045929 1130
2.055735541544035 0.1104193741115771 1131
2.175538869586676 0.1104203173664872 1132
2.295342193248433 0.1104212477689222 1133
0.324901901824774 0.2325544799708005 1134
2.417405939707104 0.2311442081433938 1135
2.465089027079022 0.1104189143974764 1136
2.727502318395887 0.05492066678365019 1137
0.4709359931663013 0.2318268457950635 1138
0.4831290091918968 0.1221222744443063 1139
0.2936073962746577 0.1795373203951445 1140
0.4097310185186069 0.0991698060887406 1141
2.464511835573925 0.18609591345395 1142
0.1593486201009171 0.03029493747779824 1143
0.1884462859719352 0.02833473941282556 1144
0.2837837287937188 0.2017360943828169 1145
2.45133319813453 0.231958270224703 1146
0.3736984954935689 0.1798441040127862 1147
0.4388984846710591 0.1354131088348661 1148
2.478248344180575 0.2106460281596175 1149
0.3645908854993859 0.1442869760599891 1150
0.114168820076837 0.1742807482915608 1151
0.7360134225404386 0.1838029181689727 1152
0.7412770823787651 0.2056240468519683 1153
0.7199861247103408 0.1921746943951235 1154
0.6045730196897896 0.1601476175298573 1155
0.2315238671982672 0.2016420467738146 1156
0.5510478716257385 0.2315643470989082 1157
0.4593837787772288 0.06249766840476774 1158
0.7900508082738765 0.1830272701280074 1159
0.775069113217649 0.1997097710887047 1160
0.8536620375989887 0.1832536156398352 1161
0.8720657012482366 0.1991498514631748 1162
0.8937856852147326 0.2003871255077715 1163
0.9129683984169334 0.1896929788778525 1164
0.9734654001813341 0.1832888237148043 1165
0.9918608346931983 0.1991558402411335 1166
1.013586770641069 0.2002053856755967 1167
1.033430282001327 0.1899693205768392 1168
1.093268401167539 0.1832888321841382 1169
1.111729997446159 0.1991583552740322 1170
1.132865166064154 0.1990668222273425 1171
1.153233289670629 0.189969321334701 1172
1.213071408799336 0.1832888319685351 1173
1.229905339206201 0.20112617177919 1174
1.253360660637211 0.2001578415714835 1175
1.272378319956101 0.18969499760858 1176
1.332874416429339 0.1832888317555929 1177
1.3513360124236 0.1991583552740407 1178
1.37299667121532 0.2003792703892245 1179
1.39218132744482 0.1896949976085643 1180
1.452677424057583 0.1832888315453253 1181
1.471072862264402 0.1991558420512261 1182
1.492798799965668 0.2002053833100337 1183
1.511984334933557 0.1896949976085765 1184
2.055448412651313 0.1837414815306764 1185
2.070154057355865 0.1991583552740931 1186
2.0912892259739 0.1990668222272227 1187
2.11097681188302 0.1897398911737017 1188
1.572480431684067 0.1832888313377266 1189
1.590875869753114 0.1991558420512231 1190
1.612601807454381 0.2002053833100442 1191
1.631787342422258 0.1896949976085924 1192
2.29505442762875 0.1837414815306465 1193
2.309760072333364 0.1991583552740721 1194
2.331419852386711 0.2002053833100675 1195
2.351249552134848 0.1899968069432141 1196
1.815842397673826 0.1837414815306622 1197
1.829821047382868 0.200036676158613 1198
1.852207822431807 0.2002053833100557 1199
1.871370796696637 0.1897398915892715 1200
1.746523610410843 0.1837414815306544 1201
1.731817965706225 0.19915835527406 1202
1.71015818565288 0.2002053833100511 1203
1.690328486222316 0.1899968075751433 1204
1.935645405162553 0.1837414815306646 1205
1.95028489221926 0.1991558420512266 1206
1.972011708658929 0.2003792703891682 1207
1.99117380429054 0.1897398913800867 1208
2.175251420139988 0.183741481530674 1209
2.189957064844581 0.199158355274084 1210
2.211617723636329 0.2003792703891821 1211
2.230779819474043 0.1897398909699288 1212
2.413686865954625 0.1856576286667165 1213
2.430417996895244 0.2009561544701333 1214
2.449457287802213 0.1984371467862305 1215
0.457182582765242 0.1144321742263761 1216
0.08526068796417322 0.1222603659425527 1217
0.8435070679500701 0.1016239759381129 1218
2.733874718575952 0.2020607195467566 1219
0.7276360978222679 0.04912488406955512 1220
0.7361845914866978 0.156560164723226 1221
0.1976104180330608 0.09440861742635294 1222
0.5618402622833839 0.1978889930962479 1223
0.3987173739457796 0.1244120339596631 1224
0.440288331253617 0.183191841866556 1225
0.2684074054032372 0.2325114775262534 1226
-0.06366550331225083 0.203604192119223 1227
0.7546395406504565 0.2324060731157258 1228
0.3202912439307768 0.09550829326706091 1229
0.5534532981662453 0.1309761200873467 1230
2.240148035792262 0.1001827993960968 1231
2.120345179624742 0.1001826358820235 1232
2.000542324600599 0.1001824717555037 1233
1.88073947071961 0.1001823070167744 1234
1.68163666990054 0.1002002656225817 1235
1.561833639989197 0.100200333824716 1236
1.442030608921595 0.1002004013525223 1237
1.322227576697771 0.1002004682051592 1238
1.202424543317762 0.1002005343817285 1239
1.082621508894547 0.1002006033600729 1240
2.357453450391911 0.09998960565302022 1241
0.9628188545957146 0.1002121207000232 1242
0.6688123256201953 0.2097520049496721 1243
2.402943648797576 0.09999799565670045 1244
0.64562484259304 0.04412378098014944 1245
0.04972045730343664 0.05362976137647102 1246
0.4582750384682815 0.2069378109596658 1247
0.2981103753649137 0.1439799980366084 1248
0.2033556473786794 0.160332842021423 1249
0.3509021382227707 0.1566125821379526 1250
0.1852708657921894 0.1550745071880996 1251
0.3114550289472433 0.1207244382444624 1252
0.2566899626587464 0.1912568760813415 1253
3.26251557057249 0.1991648262097145 1254
0.3323747518882488 0.1312865790476117 1255
0.6572938778002622 0.2335810793373023 1256
2.56901232133185 0.2117977459566612 1257
0.4251226611225796 0.2060482197786863 1258
0.6080318043435713 0.1265225140103392 1259
0.5753774735387127 0.2077395823542259 1260
0.138704951818212 0.1153091121086772 1261
0.3097201533532007 0.1819052446039923 1262
2.96155908475217 0.1996988961661419 1263
3.111262420394728 0.1996908850199583 1264
3.410684456614975 0.05035557194612295 1265
-0.4106844566162471 0.05035557194599088 1266
3.560384199510688 0.05035564532481415 1267
-0.5603841995115822 0.05035564532471733 1268
0.2558540382216538 0.1217312970067424 1269
0.2392784139478889 0.166634394553252 1270
0.513373887337684 0.07819651373555508 1271
0.4660612843431879 0.1428988757646947 1272
0.03043019105133712 0.2064810575365607 1273
0.3813131231449614 0.1463772532102491 1274
0.4459483327067584 0.1612666721382091 1275
-0.4145667195386989 0.2004627632220776 1276
3.414566719537816 0.2004627632218428 1277
2.965478318513585 0.04957929059222183 1278
3.115178984116663 0.04957897526212111 1279
3.564270439080697 0.2004526147112579 1280
-0.5642704390812746 0.2004526147114443 1281
0.1829486115813444 0.233404999356578 1282
2.52515937130008 0.09959918627459133 1283
0.2061178687110464 0.2113513254573395 1284
0.7851057028501536 0.04294902783336374 1285
0.2961669450422056 0.2331326263361301 1286
0.2752609350303206 0.1232634024156534 1287
0.4132386720257271 0.2337165604298995 1288
0.2067081527906158 0.02562574874686303 1289
2.783689138922342 0.1233868955037559 1290
2.675736687009643 0.1229068096867348 1291
0.7575680662741522 0.1976633343082975 1292
1.027736415343037 0.04185323909136251 1293
0.9079698514710546 0.04185438739641038 1294
1.147538893627658 0.04185594418344656 1295
1.267341434043573 0.04185856527881778 1296
1.387143979347844 0.04186115658161235 1297
1.506946529523236 0.04186371809262966 1298
1.626749084566255 0.04186624979610941 1299
1.746551644473403 0.04186875167624261 1300
1.864440993336813 0.0423475945997554 1301
1.984242916475462 0.04234897713324494 1302
3.263027057061709 0.04850370956083247 1303
2.104044844541475 0.04235032721877297 1304
2.223846777529944 0.04235164483812021 1305
2.343647759308045 0.04235276606948048 1306
2.295594783074439 0.04128040874286543 1307
2.175791992004209 0.04127940194333049 1308
2.055989356149405 0.04127837310378536 1309
1.93618672289379 0.04127730943311372 1310
1.816304023437419 0.04129636399305476 1311
1.70161158605015 0.0453426101749726 1312
1.581809029740626 0.04534123635999861 1313
1.46200647043561 0.04533982390923987 1314
1.342203908126209 0.0453383728362275 1315
1.222401342803541 0.04533688315429594 1316
0.9828002855616582 0.0453319320704967 1317
1.102598775693374 0.04533535431212928 1318
0.8620768114366836 0.04509580104398716 1319
2.417333923708501 0.04245306054974618 1320
0.2312801991099593 0.02580750332789309 1321
0.5223403361543634 0.1211771727139292 1322
0.3216504959710407 0.02889531959003042 1323
0.4514957945649199 0.1309569876926704 1324
0.5126963702414646 0.167437167567445 1325
0.4406489946134732 0.2339571355707688 1326
3.345875352006622 0.123384938404447 1327
-0.3458680481505351 0.1235292951261852 1328
3.495575660180705 0.1233853045715264 1329
-0.4955756601818278 0.1233853045714272 1330
3.645275968284875 0.123385681600031 1331
-0.6452759682856591 0.1233856815999347 1332
3.1962005790236 0.1225069085604911 1333
3.046499749094497 0.1225066078387023 1334
2.897699015128168 0.120414249970098 1335
0.2142571233935462 0.09418367374270445 1336
2.464760943064653 0.04194428152458009 1337
0.223032194461422 0.1817362122493905 1338
0.3642455446579034 0.2133785041754253 1339
0.222080005434904 0.1188090052254136 1340
0.1978965259133652 0.1224695720107022 1341
0.5685130892753467 0.2335272573747297 1342
-0.2209218254518467 0.1248174812748843 1343
0.1703679467913747 0.183068845649157 1344
0.2515204873148191 0.02590818637038556 1345
0.7714911770032512 0.1494966325450249 1346
0.8920808717379081 0.1479104866953779 1347
1.011883755741081 0.1479101962414637 1348
1.131686789592013 0.147910258814531 1349
1.251489823166533 0.1479103207315169 1350
1.371292856416968 0.1479103818792112 1351
1.491095889343423 0.1479104422579398 1352
1.610898921946036 0.1479105018680299 1353
1.729561568658058 0.1476659225079089 1354
1.832804403932242 0.1476660400651109 1355
1.952607376394666 0.1476661560770186 1356
2.072410349325072 0.1476662705439266 1357
2.192213322723213 0.1476663834659693 1358
2.312016296589173 0.1476664948434643 1359
0.6872719326188418 0.1743446286362683 1360
0.298218715146003 0.2131051256543411 1361
0.5915752671529265 0.1871514698451784 1362
-0.122586152988904 0.1248500588698334 1363
0.1785522362003445 0.2081756029005511 1364
0.1536614117446106 0.2343970446165024 1365
2.449518811311062 0.1479115150872153 1366
0.6720364953761049 0.1330816424596957 1367
-0.7932861122543798 0.1239748435388721 1368
3.79328611225383 0.1239748435387671 1369
0.6227899270203434 0.2344286815925669 1370
0.3360551350201416 0.1709833919510923 1371
0.2679868004606666 0.02525968136904006 1372
0.5011579882379419 0.143676007426835 1373
0.123179030650169 0.1013024125041594 1374
0.1248936484116501 0.1414693955618165 1375
2.58262430292353 0.1385627429358974 1376
0.2928306266582148 0.02971331443412077 1377
0.6242101785654752 0.1638047469573058 1378
-0.7753915813173717 0.04596700375413619 1379
3.775391581316471 0.04596700375410059 1380
-0.3979446540110341 0.1250000930288097 1381
3.397944654009817 0.1250000930288133 1382
-0.5476457383340316 0.1250001956884753 1383
3.547645738333147 0.1250001956884728 1384
-0.6944405709427033 0.1251281624363167 1385
3.694440570942071 0.1251281624363935 1386
2.948844655357469 0.1249936460816655 1387
3.098545294061619 0.1249945693893043 1388
3.248245926792584 0.1249955076226232 1389
0.5356841845107034 0.1490023403727968 1390
0.4810699066190339 0.07104892202554058 1391
0.2810216019837035 0.1394088491011192 1392
0.3439520631808781 0.11885900244721 1393
0.3606550930326163 0.1225977176269545 1394
0.3678205132107391 0.233796674920264 1395
0.149247906949629 0.2048810887362091 1396
0.09705121003303993 0.2225285569679715 1397
0.5925440406842948 0.1076302858655919 1398
-0.2677863171242282 0.2040170101117095 1399
0.2672255654828026 0.09378721960624029 1400
0.2722556557056926 0.1701340221911785 1401
2.535723849955127 0.04344670242914542 1402
0.2239342348975969 0.2350316786856582 1403
0.6876402441866278 0.2343638953167835 1404
0.5897043754378636 0.03627868299080587 1405
0.6050504435458671 0.2136116572290833 1406
0.4129428278697665 0.1375958614425423 1407
0.1716158241772137 0.1664221567798762 1408
0.4694306881835834 0.1726754371122952 1409
0.406231291023969 0.1809882807519049 1410
0.1526182538421041 0.04753978609235828 1411
-0.2672079691470679 0.04493817987939666 1412
2.819365743715309 0.2048805075424805 1413
0.8377299285846218 0.1898443555988765 1414
0.9575365545635615 0.189884000794506 1415
2.035774713556882 0.1898353081402409 1416
2.155566626411454 0.1898840115929023 1417
1.766208404139392 0.1898840115928834 1418
2.275369633900193 0.1898840115928764 1419
1.796157603945298 0.1898840115928847 1420
1.197142566501695 0.1898840115928938 1421
1.556551588967864 0.1898840115928934 1422
1.316945573990409 0.1898840115928935 1423
1.915971706068117 0.1898353081402606 1424
1.436748581479137 0.1898840115929015 1425
1.077339559012974 0.1898840115928977 1426
2.395196246468996 0.1898760668031915 1427
0.4296349433421802 0.05868588101426321 1428
0.8077937459156357 0.1897849090357894 1429
0.8826593948121855 0.2343051263917925 1430
1.960887515275427 0.234305327392257 1431
2.080690522764145 0.2349342557469606 1432
1.481675485320549 0.2343053273922504 1433
2.200493530252837 0.2343053273922633 1434
1.841084507786699 0.2349342557469584 1435
1.601478492809266 0.2343053273922671 1436
1.242069470343098 0.2343053273922611 1437
1.721281500297987 0.2349342557469642 1438
1.361872477831832 0.2349342557469618 1439
1.122266462854384 0.234305327392269 1440
1.0024634552495 0.2349342556789335 1441
2.320296537741583 0.2349342557469649 1442
0.3788398243412548 0.1142014252694014 1443
0.2912778346972467 0.112366522649153 1444
0.6848913709860299 0.2126467853899122 1445
0.1653940892798821 0.1333114487135155 1446
0.7895704826340308 0.2348550540399664 1447
0.486630785004909 0.235087480768501 1448
0.511072969703925 0.1922782394205242 1449
0.429907375699309 0.1233520259385038 1450
0.1511403408559704 0.1576758613256659 1451
0.4405125786020078 0.2167790280480938 1452
3.703455113921395 0.2022098142153855 1453
-0.7034551139215364 0.2022098142154185 1454
0.8222387628678113 0.1633738838511574 1455
0.3119279523174017 0.153272248359935 1456
0.5364084470820073 0.1860757345151723 1457
0.8227589441325847 0.2348955357757632 1458
0.3417666090927872 0.2355167916274398 1459
0.9425617633419583 0.2349048581622052 1460
2.260394845582656 0.2349048609071047 1461
2.020789207434393 0.2349048609071134 1462
1.781182815627757 0.2349048609071144 1463
1.900985823116475 0.2349048609071085 1464
1.421774169990776 0.2349048609071158 1465
1.301971162502051 0.234904860907115 1466
1.182168155013333 0.2349048609071145 1467
1.062365147524613 0.2349048609071168 1468
1.541576800650319 0.2349048609071193 1469
1.661380184968205 0.2349048609071157 1470
2.140592214923084 0.2349048609071301 1471
2.380197853071346 0.2349048609071303 1472
0.2554348772420282 0.1486075796369054 1473
0.943260734821059 0.1652765562483505 1474
1.063063634406442 0.1652764262192721 1475
1.182866641862629 0.1652764261759183 1476
1.302669649351349 0.1652764261759131 1477
1.422472656840076 0.1652764261759153 1478
1.542275664328801 0.165276426175919 1479
2.260395033997217 0.1653966346099679 1480
2.020789019019798 0.1653966346099769 1481
1.661148928531095 0.1644657637066372 1482
1.900986011531064 0.1653966346099987 1483
1.781523700068768 0.1631538723828938 1484
2.140592026508495 0.1653966346100187 1485
2.380896716749827 0.1652764261759327 1486
0.4528444163759768 0.1912994910764061 1487
0.8680186504490508 0.2148613849876952 1488
0.9878185836979787 0.2148670304176528 1489
1.107861259309395 0.2148897958937523 1490
1.347467274286848 0.2148897958937568 1491
1.22737202008243 0.2147798261416572 1492
2.305891334196605 0.2148897958937709 1493
1.586833620211973 0.2148670321262583 1494
1.735686703842968 0.2148897958937689 1495
1.467030612723256 0.2148670321262438 1496
1.946242642678124 0.2148670321262481 1497
1.82583631753672 0.2141224254882442 1498
2.186088326707861 0.2148897958937843 1499
2.066285319219185 0.2148897958938122 1500
2.578305605110934 0.04016780715146831 1501
0.4854726155924092 0.1550101502592249 1502
0.7035221880513954 0.235597275864254 1503
0.267816679501626 0.216471646697517 1504
2.095055482619763 0.2149627618905895 1505
1.976034644237071 0.2141636191090345 1506
2.215640659214464 0.2141636191090469 1507
1.616201316344946 0.2150482351550277 1508
1.496398308856235 0.2150482351550146 1509
1.705838218647566 0.2147587851632847 1510
1.855807331322389 0.2150482351550228 1511
1.377019606793456 0.2141636191090651 1512
1.257043655660862 0.2137921409067862 1513
2.335739819392022 0.2147587851632901 1514
1.136631422709956 0.2149627618906636 1515
1.017186279799113 0.2150482358265751 1516
0.4971559826277898 0.1192722859369971 1517
0.8978043066717559 0.214166703728682 1518
2.903250161667039 0.2062062203091677 1519
0.2424583920641632 0.2121093661242712 1520
3.052949075098708 0.2061988920431706 1521
3.202647987521441 0.206191611337325 1522
-0.9556304449088092 0.04226490352906177 1523
3.955630444908807 0.04226490352893649 1524
-0.9556289747033861 0.2077343126745953 1525
3.955628974703249 0.2077343126744446 1526
-0.6513315846923268 0.04305629520258755 1527
3.651331584691629 0.0430562952026203 1528
-0.5073278869538731 0.04513671854565122 1529
3.507327886952827 0.04513671854571406 1530
-0.3523473314680793 0.04384262460772315 1531
3.357895117655367 0.04488683434862963 1532
0.09897533866928596 0.09712247024035965 1533
0.4032833706803816 0.1953512704908525 1534
2.465933683824685 0.2348521142726494 1535
0.6503297358911478 0.1719483349665862 1536
0.5461007589645879 0.2129917643382388 1537
-0.3590575915647601 0.2085812451185801 1538
3.35717332308966 0.2078817088030117 1539
-0.5083668495749463 0.2084090899030999 1540
3.508366849574256 0.2084090899030226 1541
-0.6534172186566127 0.2070047650920088 1542
3.653417218656039 0.2070047650919095 1543
3.20966191230045 0.04367360412331166 1544
3.060351186983585 0.04381915395317734 1545
2.909919647582236 0.04445787617566142 1546
0.3558137237473927 0.0937649252335617 1547
0.6274419856293405 0.1291000308598914 1548
0.3832489186518011 0.2359661717613567 1549
0.5481214564430006 0.03262107986671573 1550
0.567976307639664 0.132399538640073 1551
0.5006526834162839 0.2104281664989261 1552
0.1387255295151863 0.235781835508747 1553
0.197539529593515 0.2353348041002045 1554
0.2490589793873169 0.134965858826409 1555
0.4122468731225833 0.1517991143635344 1556
-0.7829909754862672 0.2019976551195304 1557
3.782990975486078 0.2019976551195296 1558
0.08404599289859974 0.183371744163586 1559
-0.008715448840590407 0.1414188334983361 1560
0.2394082900535558 0.236223475168414 1561
0.3324018297429772 0.1973035110862308 1562
0.1527841138487063 0.08495023657562822 1563
0.3881360832303823 0.09394425488664983 1564
0.4199781082973871 0.1752179702712802 1565
0.2979791601176548 0.0918186902660324 1566
2.444887547634735 0.2133729177176165 1567
2.661494716688914 0.2094451770406812 1568
0.4381652010623044 0.1500624211847119 1569
2.7475820111568 0.1533621857784251 1570
0.5203493074095309 0.1366793281482229 1571
0.347065694136942 0.2131616346746626 1572
-0.1355097630047627 0.04864533900843167 1573
-0.7675931124497404 0.08829587173635374 1574
3.767593112448945 0.08829587173632229 1575
-0.2136174112060243 0.2067753224030851 1576
0.9301687470002911 0.1891427133075195 1577
1.049430003266317 0.191103520599893 1578
2.248548401332235 0.1896002837314501 1579
1.673534013292336 0.1912818386476412 1580
1.409927348911164 0.1896002837314753 1581
1.888593258008014 0.1891432563556343 1582
2.008396265496753 0.1891432563556331 1583
1.16923301048212 0.1911035214182978 1584
1.290124341422444 0.1896002837314838 1585
2.367938226601626 0.1914007838357906 1586
1.649462307846457 0.1893742227822586 1587
1.529730356399894 0.1896002837314923 1588
2.128745393843487 0.1896002837315345 1589
2.466016769234604 0.2021913434233905 1590
2.424573124405573 0.2134333159825988 1591
-0.134126915421234 0.2071640502341241 1592
2.416736765026103 0.2006132149539402 1593
-0.2759267278710523 0.08730754037008148 1594
0.6527634691778053 0.2009300575189933 1595
2.596805103881508 0.09918551245144011 1596
2.821781502182034 0.1596448422545863 1597
2.826568459461777 0.04381839742965506 1598
-0.2120990563381001 0.04188196175835025 1599
0.710841720699753 0.2163200696806339 1600
0.481317201116033 0.1911698810041143 1601
0.2199192178958541 0.2115038066243304 1602
0.2858183313601872 0.1665459383294953 1603
0.7716469078243685 0.2140201568377536 1604
0.6388107438952144 0.215324615265374 1605
0.5421540426094305 0.08658983067460807 1606
0.1394798987592418 0.1760075178802242 1607
0.4064402446708572 0.113277263139645 1608
1.78609653120299 0.1012164908156719 1609
-0.2748048133343967 0.1615233103293776 1610
-0.8297158142629431 0.04128960355769654 1611
3.829715814262592 0.04128960355772563 1612
-0.8297107854852651 0.2087145909129464 1613
3.82971078548485 0.2087145909128814 1614
0.226011981836127 0.1492825499110251 1615
0.1793124408015873 0.1415073375243197 1616
-0.6927826975230778 0.04124585085530234 1617
3.692782697522357 0.04124585085528867 1618
0.2693039397291601 0.1990359500743845 1619
-0.8381709896498685 0.1121528862703584 1620
3.83817098964913 0.112152886269925 1621
2.430358323333084 0.2367216384389631 1622
3.272778582119049 0.08936973960605576 1623
0.5280677836565107 0.212065106270584 1624
0.8189374096034597 0.1005420999902255 1625
0.8553058211541598 0.1991760643341483 1626
0.9750913106523029 0.1991923619293592 1627
1.454303339304404 0.1991923682813836 1628
1.094937874993769 0.1992078181846531 1629
1.334530952733476 0.1992032293982556 1630
2.292967949880984 0.1992078181846649 1631
1.57411928403086 0.1991969570677871 1632
1.814100833159128 0.1989264501216058 1633
1.214727945244748 0.1992032293982602 1634
1.748623025396343 0.1992032293982642 1635
1.933528306497011 0.1991969570677884 1636
2.05334899766576 0.1992032293982946 1637
2.173152005154467 0.1992032293982789 1638
2.514766437161428 0.1925845047385074 1639
0.3909637790798259 0.2170783202130763 1640
0.7974355306872383 0.1990999413742648 1641
0.2506085441163123 0.1765075558461646 1642
0.1778889758867232 0.09053393994303363 1643
-0.4214617605086661 0.1591968364956373 1644
3.421461760507603 0.1591968364955466 1645
-0.5711648214666835 0.1591937624100348 1646
3.571164821465941 0.1591937624099632 1647
3.120904868432829 0.09146922705142348 1648
2.971203772095208 0.09146856022877009 1649
2.774751538894105 0.04162590055899351 1650
2.263946706590217 0.1005215141087108 1651
2.144143350422358 0.1005216157459087 1652
2.024339989301008 0.1005217189971721 1653
1.904536623227035 0.1005218238604342 1654
1.657832289286806 0.1005251390224374 1655
1.538029683221628 0.1005252884659742 1656
1.418227082101476 0.1005254394996856 1657
1.298424485925275 0.1005255921209356 1658
1.178621894691921 0.100525746327005 1659
1.058819309954552 0.1005259039967281 1660
0.9390218442537283 0.1005322340459116 1661
-0.0909173937847968 0.03903918572585825 1662
0.240904740321945 0.108855788377473 1663
0.1607846701584699 0.2137441453107694 1664
2.492891218514417 0.09965272700715684 1665
2.972749516114113 0.1621804866518455 1666
0.852851477577738 0.2373285186554111 1667
0.9124657901960826 0.2373280281008278 1668
0.9726581128998972 0.2373280282126503 1669
2.230298871620676 0.2373280280638106 1670
1.990692856643241 0.2373280280638131 1671
1.870889849154507 0.2373280280638192 1672
1.511480826688351 0.2373280280638106 1673
1.931082173907617 0.2373280280638157 1674
1.451870143952744 0.2373280280638183 1675
1.811279166418889 0.2373280280638164 1676
1.271874811710907 0.2373280280638176 1677
1.691476158930171 0.2373280280638239 1678
2.110495864131952 0.2373280280638195 1679
2.050885181396343 0.2373280280638088 1680
1.332067136464024 0.2373280280638175 1681
1.57167315144146 0.2373280280638243 1682
1.212264128975296 0.2373280280638194 1683
1.152071804222188 0.2373280280638191 1684
1.09246112148658 0.237328028063822 1685
1.751086841665797 0.2373280280638263 1686
1.391677819199634 0.2373280280638247 1687
2.350101879109395 0.2373280280638274 1688
1.032268796733469 0.2373280280638213 1689
1.631283834177065 0.2373280280638216 1690
2.170688188885039 0.2373280280638239 1691
2.290491196373784 0.2373280280638229 1692
3.122450275500799 0.1621767111528006 1693
-0.5725770136987566 0.08907237257083674 1694
3.57257701369793 0.08907237257085293 1695
-0.4228747338306487 0.08907194653716151 1696
3.422874733829495 0.08907194653720055 1697
0.5311682844872893 0.2357506034922935 1698
0.3137470662189528 0.2342443882445594 1699
0.2456528694256968 0.1973144662168703 1700
0.1520943465109589 0.1039327515475929 1701
0.592999770960674 0.2363363490493766 1702
0.05448220348941379 0.1334329027731607 1703
0.394633576497454 0.1726616443261043 1704
0.1678474984206365 0.1075742291179169 1705
0.4582883037192236 0.1555830663814057 1706
0.4121749202619867 0.2208489604733198 1707
0.5512066308517021 0.1691315356788712 1708
0.7931988576511868 0.1326702552288049 1709
2.523478194227153 0.2269117141202162 1710
3.272392160826878 0.161627593743168 1711
0.3211790824419749 0.2151844092600791 1712
0.1131839158599881 0.1594783650883043 1713
0.914184849673995 0.1321732804683037 1714
0.9880472473441724 0.156887562064577 1715
1.033987155465222 0.1321746961429292 1716
2.330717152401647 0.1552286793504104 1717
2.210914157883177 0.1552286514233057 1718
2.091111163545205 0.1552286231085204 1719
1.971308169387668 0.1552285944058528 1720
1.851505175410648 0.1552285653153529 1721
1.710860818981745 0.1552285358368874 1722
1.587062365735135 0.1568877212608304 1723
1.467259341611999 0.1568876905119703 1724
1.107850267959007 0.1568875958976104 1725
1.347456317274974 0.1568876593685571 1726
1.227653292723998 0.1568876278304732 1727
1.153789980846611 0.132175112663246 1728
1.273592808591509 0.1321755238316388 1729
1.393395638540818 0.1321759299468366 1730
1.51319847069469 0.1321763310089048 1731
0.8682586077661263 0.1568825462383791 1732
1.633558266637398 0.1337570735907871 1733
1.750864017340371 0.1326461270565638 1734
1.809001883192206 0.133735680611741 1735
1.928808437387552 0.1337585766295611 1736
2.048611670494846 0.1337590625686338 1737
2.168414900569104 0.1337595419779405 1738
2.288218127610649 0.1337600148571079 1739
-0.07581207066302904 0.157125773428694 1740
2.427553793374624 0.1555967894109631 1741
3.845191026565183 0.1557165967583937 1742
-0.8451910265655971 0.1557165967585256 1743
0.2397093415616824 0.08990445288656582 1744
2.476532639777741 0.1917496954171087 1745
3.905649306459909 0.03543139314036337 1746
-0.9056493064601601 0.03543139314028314 1747
3.906221349133387 0.2149877386510801 1748
-0.9062213491335799 0.2149877386511533 1749
0.7935925045343328 0.07890734498902746 1750
0.3904484977603064 0.1348330902891031 1751
-0.0189732436869855 0.03889724834006108 1752
0.2818702516636098 0.2368425554434756 1753
3.714828990917292 0.1610705519510362 1754
-0.7148289909175614 0.1610705519510123 1755
-0.08203708193796319 0.1106301586139952 1756
2.472324736197577 0.1304938646233922 1757
-0.1467528413825716 0.09746807253887191 1758
2.651837611461322 0.03990357337127618 1759
0.5047052823099335 0.2351792639445171 1760
0.8413221885707087 0.1334251553891168 1761
0.7283461890498029 0.2365002204569481 1762
0.9654216190148361 0.1333985959632719 1763
1.085225281578656 0.1333958303260644 1764
1.20502814907814 0.1333958907119939 1765
1.324831018062515 0.133395951202849 1766
1.444633888773751 0.1333960109363843 1767
1.564436761211667 0.1333960699126911 1768
1.68406756051522 0.133118108962177 1769
1.87829855989141 0.1331181414199248 1770
1.998101686120078 0.133118199828311 1771
2.117904810769951 0.133118257462927 1772
2.237707933841309 0.1331183143236325 1773
2.357000131529753 0.133903574952166 1774
0.668623455866092 0.1957107467527816 1775
0.5667325656439151 0.1532382879479206 1776
0.4697082855322315 0.1149592486726152 1777
0.423735327872734 0.1589346773107218 1778
2.403983950884252 0.1327553824662817 1779
0.3425114152757001 0.1438917850870462 1780
0.1933543152508767 0.1122274710240067 1781
3.961042136997668 0.08791924025959037 1782
-0.9610421369977244 0.08791924026012245 1783
3.961841343216185 0.1602822861960891 1784
-0.9618413432164313 0.1602822861965957 1785
0.4011571537032802 0.05330855058270099 1786
2.649683036063197 0.1574358147657385 1787
0.6204255056179824 0.1877629271300514 1788
0.3143407878693537 0.1098680453786702 1789
0.4248492954098138 0.2355124120538228 1790
-0.7723786628034837 0.1586515895025193 1791
3.772378662803235 0.1586515895024783 1792
-0.1493244678173928 0.1576223146059758 1793
0.1038058930865305 0.1396972125747212 1794
-0.0306692119147977 0.09552733077842773 1795
0.6906506336096282 0.151804715134314 1796
0.458847858308405 0.2353915545600854 1797
1.809284878727428 0.07960007319269638 1798
0.7304058876080239 0.1302287309393631 1799
2.289009782697786 0.07951511420558657 1800
2.169206622335412 0.07951455457719003 1801
2.049403459506139 0.07951393541335464 1802
1.92960029519397 0.07951330660902009 1803
1.752222039770728 0.07815158174309263 1804
1.630834767222922 0.07922006070139925 1805
1.511031509643085 0.07921896669118589 1806
1.391228252417595 0.07921786138678287 1807
1.271424995548226 0.07921674478710186 1808
1.151621739012483 0.07921561688936438 1809
1.031818408642009 0.07921447378658661 1810
0.912434243980802 0.07927539856308675 1811
0.434742203919752 0.09119241841855087 1812
0.7300752200361149 0.1958527200286461 1813
0.04076817766204866 0.09101372409798399 1814
0.1263220071778005 0.06137248794688398 1815
0.5735731658302892 0.1001090734473279 1816
-0.1946529338563558 0.1493205464534859 1817
-0.9051415142933013 0.1088537801075134 1818
3.90514151429291 0.1088537801070619 1819
0.2340202988706679 0.1353040987816659 1820
0.5908049391985717 0.06666947712206739 1821
0.1654025552779548 0.04390803891622314 1822
0.4311845677876887 0.1941178688693209 1823
2.772928664403423 0.2104166133405234 1824
2.833065071640815 0.08832461722921335 1825
0.5268197602971132 0.1624663162890401 1826
0.6918617472975696 0.02494515971029795 1827
0.5644461926731024 0.1816827706564948 1828
-0.1938344935959267 0.09003349115571821 1829
2.490017465017288 0.2378233723186695 1830
0.1328772992580049 0.2091067783002793 1831
2.699558799084615 0.03869319367071606 1832
0.3807750812667241 0.1926330676334272 1833
2.471161906848445 0.0792738003980139 1834
2.49018987839534 0.1747641100178481 1835
0.4007119393128974 0.1526462236039035 1836
3.89531359707401 0.1585703744142231 1837
-0.8953135970746056 0.1585703744146114 1838
0.5763388896919204 0.173459195232372 1839
0.497798021780133 0.1286794421872226 1840
2.63896102621672 0.09079264473366155 1841
0.510908856099608 0.219192173726052 1842
0.4726761237213856 0.1317544722630478 1843
0.7686724044093182 0.2372423896886218 1844
0.5903639133814408 0.217244483998796 1845
2.080696029038787 0.2070425301838488 1846
1.959867102758745 0.2071409634953326 1847
2.199563449252745 0.2071425634628412 1848
1.481004637143877 0.206763251113404 1849
1.600807644632591 0.2067632511134093 1850
1.242166015588851 0.20759365745064 1851
1.12227196912905 0.2070425301839101 1852
1.721862016958066 0.206764851080902 1853
1.360942396831747 0.20714256346285 1854
1.840506188238199 0.2067269601463458 1855
2.319716021081513 0.2067648510809126 1856
1.001792608501867 0.2067632515920458 1857
0.01964478096268348 0.1637275577132991 1858
0.3718318131923345 0.04730884577022963 1859
0.8816422784624619 0.2071427375670815 1860
0.5440751381582499 0.1234965936744076 1861
0.4251653088908914 0.135821911319579 1862
0.3394968062902153 0.1861849624804224 1863
0.3619121879336315 0.1744656718518275 1864
0.526098924678422 0.1959820967266685 1865
0.4537041225030474 0.09288343173608549 1866
0.4645321517203973 0.2192608738445754 1867
0.6368327453253357 0.1017789021162177 1868
0.6188658473339018 0.08427645058666246 1869
2.705355850060652 0.214103685033984 1870
2.760454331416792 0.08186783487685982 1871
0.9407829638379765 0.03582588244833444 1872
2.082263375007287 0.1901555491254404 1873
1.962460367529795 0.1901555484906783 1874
2.202066382484916 0.1901555497516782 1875
1.481569987691824 0.1935779314358186 1876
1.601372995188291 0.1935779314083719 1877
1.842657360052458 0.1901555478473102 1878
1.241963972698609 0.1935779314918213 1879
2.321869389962797 0.1901555503692555 1880
1.719708648020681 0.1901555471952591 1881
1.12216096520186 0.1935779315203424 1882
1.361766980195283 0.1935779314636767 1883
1.002357960854549 0.1935779336799524 1884
1.060539972415934 0.03581787589569783 1885
1.180338618863656 0.0358200790260864 1886
1.300137302417361 0.03582226296658084 1887
1.419936008756014 0.03582442663452822 1888
1.539734737904509 0.03582656998871331 1889
1.659533489888244 0.03582869298719428 1890
1.781025580606778 0.03726558442154954 1891
1.902612666924883 0.03622620750034647 1892
0.882503932784232 0.1935527928519487 1893
2.022410931215205 0.03622831324987198 1894
2.142209216815691 0.03623039794953608 1895
2.262007531694176 0.03623246222695706 1896
2.380356485393104 0.03241117993892444 1897
2.537965482203813 0.1767437707936453 1898
0.4909776240851134 0.0795370048099537 1899
0.4893755540214094 0.216208949246557 1900
0.7447867311350544 0.2159682538214061 1901
0.2098703799181832 0.1266611148880244 1902
2.701653703090023 0.1430126256715079 1903
0.672869572659787 0.1790940329076626 1904
0.3038324500038635 0.128544325839062 1905
0.8048090272659093 0.2164666726666855 1906
0.8404081052228578 0.2162802368705989 1907
0.3256957466564374 0.1460758923600916 1908
0.8212859129373006 0.0372836492179348 1909
0.9549752416028758 0.2181676554989438 1910
0.9301121545540929 0.2181618138974986 1911
2.278048887174997 0.2163022525794205 1912
1.434257931123542 0.2182537478782443 1913
1.40984428240316 0.218828007458806 1914
1.768800531790517 0.2195564860326295 1915
1.793565410349063 0.2195564860326303 1916
2.033202307536887 0.2181676613107564 1917
1.523867369495948 0.2160361311292494 1918
1.290041274914439 0.2188280074588111 1919
1.31445492363481 0.218253747878255 1920
1.918643767462871 0.2162961025628407 1921
1.559227762821321 0.2163017821312756 1922
1.679127369672623 0.2163019365991544 1923
2.008339229279745 0.2181618379624624 1924
1.044622162907337 0.2168746733792606 1925
1.080025794463192 0.216296573010993 1926
1.169999865381629 0.218216644854343 1927
1.643660709299455 0.2160283238580365 1928
1.194841050989329 0.2181454129466422 1929
1.88324321532838 0.2168746733792529 1930
2.128662327335475 0.2188280074588198 1931
2.248125968049857 0.2203058460812619 1932
2.153075976055842 0.2182537478782677 1933
2.367875677563451 0.2183854333582922 1934
2.392686143233333 0.2182629257502061 1935
0.4371637415113938 0.1095110663118378 1936
0.5491855500422236 0.1929438779495518 1937
0.2850301283742931 0.1908708263151773 1938
0.3456779505533157 0.04117864980398354 1939
1.865087245408973 0.2015130561301848 1940
2.224496267875123 0.2015130561301987 1941
1.697278762675713 0.2015130561301897 1942
1.505678222942821 0.201513056130214 1943
1.3858752154541 0.2015130561302093 1944
1.266072207965378 0.2015130561302236 1945
1.984890252897703 0.2015130561302189 1946
1.147010337274142 0.2016336965526977 1947
2.105434397183903 0.2016336965527513 1948
1.625481230431525 0.2015130561302289 1949
2.344299275363855 0.2015130561302398 1950
1.026466193655996 0.201513055975361 1951
0.9066653893945327 0.2015125403832018 1952
0.9060974428187794 0.1743528846750919 1953
1.025995321710367 0.1743914406522112 1954
1.145798294890862 0.1743914808380504 1955
1.265507271485087 0.1743523316164051 1956
1.385310245241183 0.1743523710086171 1957
1.505113219415871 0.1743524099109725 1958
1.624889105453331 0.1744926708562202 1959
0.2104319429709214 0.1438263502002431 1960
0.5949891332664364 0.1750582028277866 1961
0.1541938985448778 0.1889998145184226 1962
2.422301662054137 0.1872210406618956 1963
0.7440336868501789 0.2394321541042997 1964
0.5885236855768199 0.1516382634717151 1965
0.2031109860925401 0.1884829126926627 1966
-0.256812279414726 0.1204403527030181 1967
0.4798360204065073 0.1626249448304188 1968
0.4939769530591909 0.1704206289747595 1969
0.6541484345343291 0.1375496758970817 1970
0.728917669796044 0.2193981976928354 1971
2.6040029939407 0.2166525701070337 1972
0.6241906863170774 0.2054121382739086 1973
0.01649626904653029 0.03359604114086802 1974
0.3772271017693 0.1682462951802564 1975
2.498711491361613 0.03436288757793869 1976
0.3516690794514867 0.2384238192191213 1977
0.5024838043406583 0.03057938799072518 1978
0.749721770549183 0.1909038192317154 1979
0.4199260083890968 0.09396301221907542 1980
0.4533002888113998 0.1066801965769892 1981
0.5117596541210845 0.1177892166217724 1982
-0.09720602049360481 0.212883675573633 1983
0.1779171333068225 0.2187956753631384 1984
0.4135522515966104 0.2030333003274733 1985
-0.0308008313285 0.2161967069876644 1986
0.2794466487884794 0.109321467145638 1987
0.2568826111996849 0.1116535777852727 1988
2.34220135158574 0.177673601366395 1989
2.222287223202358 0.1776307829580796 1990
2.102484215663531 0.1776307839254756 1991
1.982681208123968 0.1776307849060456 1992
1.862878200583695 0.1776307858999054 1993
1.699376686674488 0.1776736062026962 1994
0.1793154458302743 0.1938428409957954 1995
0.3547865857899226 0.1893185350910353 1996
0.123902534044419 0.1841113202740194 1997
0.1712698466493668 0.2358406315341593 1998
0.5745428557174953 0.2187570914202327 1999
0.6001506787743106 0.1951668681776637 2000
0.09282514799976332 0.07049323834091552 2001
0.3458997379746461 0.1679132360993364 2002
0.9020368809516877 0.1876897220234969 2003
1.021965101033 0.1877382502257519 2004
1.86013882215421 0.1882660988643588 2005
1.70209754513978 0.1883160550357221 2006
1.38124877738105 0.1876860169245242 2007
1.141768102708673 0.1877382558504621 2008
2.219547845305251 0.1882660979107958 2009
1.261445775514434 0.1876860103591677 2010
1.501051779317439 0.1876860234082452 2011
2.339480494002169 0.1883160535243546 2012
1.620850266564271 0.1877094002324629 2013
1.979941829874354 0.1882660985422169 2014
2.099744837591372 0.1882660982243716 2015
0.822971335891619 0.2093654521048056 2016
0.9426564964869445 0.2025156038489863 2017
2.2602068345237 0.2081968817583068 2018
1.062275868222253 0.2018678855128094 2019
1.182167966598745 0.2026793483348636 2020
1.301970974087463 0.2079110905524617 2021
1.661379996553616 0.2079110905524734 2022
1.421773981576187 0.2079110905524527 2023
2.380198041485942 0.2079110905524677 2024
1.781182987219609 0.2082402811012853 2025
2.020883645256756 0.2025156766786567 2026
1.900980077470202 0.2018023478449135 2027
1.541137464145093 0.2088347493672779 2028
2.140592026508495 0.2079110905524698 2029
0.5826659043285194 0.1965056727215868 2030
0.2926022541826902 0.15309784050708 2031
0.61843291336755 0.03685239364026935 2032
0.6693588584684785 0.2362820888191209 2033
0.09425459014381767 0.1970557277781134 2034
0.06100299403052831 0.02584987074000714 2035
2.471040311703617 0.2207251343811578 2036
2.494953740175094 0.1481769766559487 2037
0.2460045465273655 0.1554829127613886 2038
-0.3339527134187819 0.08996832757960424 2039
3.333763121264134 0.08957111847954187 2040
-0.4834693539196632 0.08957977323781897 2041
3.483469353918556 0.08957977323791226 2042
-0.6287148299436252 0.09368145932121302 2043
3.628714829942854 0.0936814593213019 2044
2.873422846020162 0.1512091758441496 2045
3.024124290576419 0.1490930484559808 2046
3.173825252730444 0.149091427503425 2047
2.402337927381273 0.2008200307929996 2048
2.601493210255017 0.1729876316086971 2049
2.540072475018591 0.2280283936090424 2050
2.708905464041381 0.08605771819394559 2051
0.2634273600588294 0.1785553833204293 2052
0.5864288005206344 0.1372456942121074 2053
2.504013253395665 0.2359532932615329 2054
0.6630813927858306 0.1058605341773644 2055
0.3218727960216147 0.1269897960927267 2056
0.7811424843625714 0.1699906968857565 2057
0.3384314925810109 0.2219847167955181 2058
0.420352554542614 0.1108052714423418 2059
0.5466332315694796 0.1401655021462935 2060
2.406667396254524 0.2384867454758321 2061
1.870835920961744 0.07257539389439162 2062
1.990638575247653 0.0725767149617965 2063
2.11044123022206 0.07257802198302804 2064
2.230243885883727 0.07257931495492688 2065
0.2636801026269404 0.1540666590476045 2066
0.3105184711630437 0.09008401003197719 2067
0.7160743070719777 0.1500038905678571 2068
2.349786372766313 0.07259133903655328 2069
0.2246439820298771 0.08931123186962088 2070
0.5420052471025015 0.2393078708501827 2071
0.5786124839065292 0.2380044023312728 2072
0.4001287853602338 0.09449268343738741 2073
2.561662457644093 0.1092513768801797 2074
0.4431650321182224 0.1717934781552438 2075
0.3679676815449465 0.1095306833535769 2076
0.4847050019895256 0.200396686553606 2077
0.761513412548798 0.2245362545918489 2078
2.235760725724904 0.2006438979681227 2079
1.686975935445495 0.2002618879421186 2080
1.876180798570917 0.2006013563950693 2081
1.516219069188844 0.2001344267634537 2082
1.996178723133181 0.2006905661753021 2083
1.636007865180318 0.2001229500747752 2084
1.396866836403424 0.2003468476582191 2085
1.277063828914707 0.2003468476582324 2086
1.157076080313034 0.2002641423749575 2087
2.115774703373686 0.2003675394067219 2088
2.35502630369881 0.200285205441436 2089
1.036920854760188 0.2001321794342608 2090
0.8543784349045463 0.2246344065328084 2091
0.917953989628282 0.2006846887939553 2092
0.9742973494998829 0.2240616212994313 2093
0.9107646638585738 0.2242927126965378 2094
2.22859793110822 0.2242927196627654 2095
1.691535707279298 0.2244424261228598 2096
1.389976878687183 0.2242927196627792 2097
1.749396240833694 0.2240613808838431 2098
1.094046363280833 0.2246409054102452 2099
2.29207643816804 0.2246409054102358 2100
1.86933689248925 0.2247237159805102 2101
1.33375773729613 0.2240613808838415 2102
1.213954729807402 0.2240613808838406 2103
1.030715840304808 0.2247237159734229 2104
1.988991916130787 0.2242927196627704 2105
1.150378465208568 0.2242835124479158 2106
1.271740219368201 0.2240102112008935 2107
1.573202241375826 0.224640416502588 2108
1.629730877511808 0.2247237159805159 2109
2.349956612719542 0.2239301149714822 2110
1.45350938121985 0.2240616234916984 2111
1.811373090730527 0.2239933055531683 2112
1.932611263841983 0.2246404165025767 2113
2.172378789717132 0.2240613808838477 2114
1.509927870023092 0.2247237159805093 2115
2.108802525118334 0.2242835124479265 2116
2.052575782228445 0.2240613808838319 2117
1.939306407587657 0.16852641187553 2118
1.742862646281864 0.1685263108784031 2119
1.819503381076641 0.1685263617093574 2120
2.059109433847123 0.1685264613768764 2121
2.298715485611132 0.1685265583849857 2122
2.178912459854897 0.1685265102133924 2123
0.9695378651137119 0.07337022297261109 2124
1.688356439061234 0.07336538145221562 2125
1.568553407031 0.07336524011275339 2126
1.448750368692994 0.07336508527397115 2127
1.328947324045626 0.07336491693467942 2128
1.209144273087319 0.07336473509364116 2129
1.089341215725576 0.0733645415387827 2130
2.457900373569927 0.1683283602322424 2131
0.6474019525715093 0.2376082583020942 2132
0.2585604512578166 0.2373623167557221 2133
2.411822194341836 0.07234127628042958 2134
3.294087134510476 0.2162552303548888 2135
0.3084545769272677 0.2080356728271689 2136
0.3761518979321593 0.1565774408486696 2137
0.4923304897343128 0.1855860091066661 2138
0.6425933333826673 0.1879291666112412 2139
-0.7094434332998947 0.08884663356784918 2140
3.709443433299153 0.08884663356787764 2141
0.7456653742563241 0.1012835357003799 2142
-0.002829033165064531 0.1124104308176909 2143
0.6645133891914298 0.2195355353601141 2144
0.467759553591896 0.0271336101186743 2145
3.146757255678933 0.03260125665378606 2146
2.997055997494931 0.03260078878391744 2147
0.474252015067868 0.1457499222678147 2148
3.5972168210874 0.214347599867862 2149
-0.5972168210877714 0.2143475998679013 2150
3.447495316520534 0.2143467854008198 2151
-0.447495316521107 0.2143467854008453 2152
0.5083739673454275 0.1529362258019039 2153
0.702475926909273 0.1091918951248385 2154
0.6131148134003287 0.2392128083245598 2155
0.845258747029388 0.2008243782376609 2156
0.964834901189683 0.2011606725052449 2157
1.324206021668296 0.2011801353600794 2158
1.084866308213853 0.2008501574956581 2159
2.282877224011775 0.200865742231417 2160
1.204444560756344 0.2011619732495414 2161
1.758906409884746 0.2011619732495378 2162
1.444005383809651 0.2011788423699763 2163
1.564055533732082 0.2008644492413252 2164
1.923501836523227 0.2007693155329238 2165
1.803502199446457 0.2011290233356494 2166
2.162827074089299 0.2011801353600904 2167
2.043083734413079 0.2010824242769079 2168
0.1977667092875171 0.1682440910754551 2169
0.1326259616767418 0.1292034105962626 2170
0.3123155599440113 0.03731241176618271 2171
0.8471842059149509 0.07212283788247649 2172
0.147083526966915 0.1249038352063313 2173
1.343774024845765 0.1873208790925998 2174
1.104168009788058 0.1873208795904207 2175
1.46357703237386 0.1873208788483423 2176
1.223971017317166 0.1873208793399742 2177
2.302336502917587 0.1897443890491254 2178
1.739241535122019 0.1897443890491305 2179
1.583380039901465 0.1873208786071835 2180
1.942927480451371 0.1897443890491274 2181
1.823124472962638 0.1897443890491491 2182
2.182533495428801 0.1897443890491512 2183
2.062730487940094 0.1897443890491921 2184
0.9843650075960131 0.1873208766495168 2185
0.8645769602347594 0.1873095332956786 2186
0.4650499201087935 0.1826305595668553 2187
0.3072634830088379 0.1710130412213308 2188
0.1337168287914841 0.08528786774946473 2189
0.4486565004281756 0.06772064313960866 2190
0.7872064415422135 0.2237304978754932 2191
2.992657855900884 0.2162339577989802 2192
3.142355187994411 0.2162231984998238 2193
-0.5914415457595888 0.03383648472446973 2194
3.591441545758714 0.03383648472451869 2195
-0.4417415192776219 0.03383605979827785 2196
3.441741519276382 0.03383605979835243 2197
0.6318217733499326 0.1440792468002707 2198
0.1496185000114763 0.06253236282359587 2199
0.6038181677685001 0.09591831700248242 2200
0.4813015045843164 0.2227489396060804 2201
0.2141031069773565 0.2397425255169725 2202
0.8833322771157246 0.1042797839466676 2203
0.5414691530823685 0.1761046012031322 2204
0.2766394734170292 0.08848838102349267 2205
1.003179978291938 0.1046754529475156 2206
1.122983273124769 0.1046757003909361 2207
1.242786195254326 0.1046765886212797 2208
1.362589118413393 0.1046774662052787 2209
1.482392042715955 0.1046783329439765 2210
1.602202920101898 0.1046697997896456 2211
1.722318146325515 0.1052101495382005 2212
1.840782008618377 0.1057450464996952 2213
1.960593621028346 0.1057652619860133 2214
2.080396600980931 0.1057659359525208 2215
2.200199581297851 0.1057666008581746 2216
2.318520801470358 0.105610371640941 2217
2.442905627534165 0.2384435294041141 2218
-0.3226548123729794 0.1473368404202122 2219
3.324201243141413 0.1484119428258548 2220
-0.471506179791841 0.1484468033925527 2221
3.471506179790681 0.1484468033925377 2222
-0.6212076064702219 0.1484475956999458 2223
3.621207606469397 0.1484475956999218 2224
3.192618448304648 0.09008765917926433 2225
3.042917877185427 0.09008650694532604 2226
2.8940006111557 0.08856834234142957 2227
0.195017110465151 0.2054522547209623 2228
0.4695732302747981 0.2041646728373075 2229
0.7138938235764005 0.07093801887550513 2230
2.441874813767181 0.1055749472101159 2231
3.294397301841303 0.03271530052397464 2232
0.3657233207180298 0.08971933251450168 2233
0.7839354358533457 0.1972386529605082 2234
0.2195432027795605 0.1078893249636968 2235
0.3568157858041233 0.2060556767045165 2236
0.505469064721097 0.1999888124660052 2237
2.523500589632538 0.1434487478779499 2238
0.2346698946446095 0.1556220634194449 2239
-0.03090444863772295 0.1549285220775583 2240
0.3294722034791342 0.09044321032082658 2241
0.8731325344665801 0.2393752946727493 2242
0.8921757751100994 0.2393855497832579 2243
0.9929374515752755 0.2394658190155988 2244
2.210009056975836 0.2393855421728354 2245
2.071168275441069 0.2394668788921853 2246
1.970403041998418 0.2393855421728335 2247
1.352350230508754 0.239466878892186 2248
1.251311325717905 0.2395240382298794 2249
1.951361512034107 0.2393759723138179 2250
1.472149482079234 0.2393759723138132 2251
1.850611156878724 0.2394661891418128 2252
1.712039644923177 0.2396138851376975 2253
1.491202134412568 0.2393763422339908 2254
1.831843641548659 0.2396120061606792 2255
1.730803747621061 0.2394668788921887 2256
1.131788505147802 0.2393776502743908 2257
1.591952489567949 0.2393759723138222 2258
2.310774290418508 0.2394668788921923 2259
1.232547223020028 0.2393770319843705 2260
1.112744215531311 0.2393770319843742 2261
1.371388004554817 0.239475389080655 2262
2.329538393116384 0.2396138851376984 2263
1.011990104454239 0.239466189139561 2264
1.611005141901289 0.2393763422340015 2265
2.190971282929767 0.2393770319843696 2266
2.09021256505756 0.2394674971822 2267
0.1077887313942645 0.235851858785652 2268
0.8320683039197194 0.2396962023433987 2269
0.8115956710335641 0.2389725033312166 2270
0.9332434106257979 0.2395721286933517 2271
0.9518804387985669 0.2395721287181267 2272
2.251076492816089 0.2395721301958804 2273
2.011470531671385 0.2395721301958886 2274
1.670690519547069 0.2397010771493226 2275
1.891675488537614 0.239701077149317 2276
1.311289515268611 0.2395721301958861 2277
1.191486507779891 0.2395721301958878 2278
1.412455494227777 0.2395721301958894 2279
1.771864462861198 0.2395721301958899 2280
1.071675482103476 0.2397010771493215 2281
2.149910567689641 0.2395721301958976 2282
1.053054489949312 0.2397010771493217 2283
1.172849479250337 0.2395721301958872 2284
1.292652486739055 0.2395721301958873 2285
1.532266466071459 0.2397010771493235 2286
1.431092522757333 0.239572130195887 2287
1.910296480691772 0.2397010771493172 2288
2.389659560362679 0.2398283567227622 2289
1.550887458225616 0.2397010771493249 2290
2.370879500304789 0.2395721301959029 2291
1.790501491390749 0.2395721301958878 2292
1.652069527392907 0.2397010771493222 2293
2.269705503157943 0.239701077149317 2294
2.030107560200943 0.2395721301958892 2295
2.131273539160089 0.2395721301958985 2296
0.7016552309465438 0.1821948510924873 2297
0.2576733043780233 0.08785526058942907 2298
0.7557825067764627 0.02701879772375673 2299
2.503413214626343 0.2023813465496714 2300
0.4276450875194129 0.1830036549923854 2301
0.6932567901364091 0.1946695121831408 2302
0.4031610453513933 0.2394193913954602 2303
0.4167331820645722 0.05383105441786175 2304
0.3467890599810252 0.08844573990088693 2305
0.5276876661594694 0.08180242430145133 2306
0.3881450386911733 0.1207971790629247 2307
0.5751229485176454 0.1619745976078727 2308
0.2997562518791484 0.1192143021993499 2309
0.1775638789568746 0.1171809271463808 2310
-0.8806110363012232 0.09034920531962569 2311
3.880611036300793 0.09034920531926124 2312
0.7339825774511642 0.2119681317921935 2313
0.7824326940202123 0.2073440884289476 2314
-0.7448154006875434 0.03344012581009372 2315
3.744815400686861 0.03344012581005602 2316
0.3293078775413621 0.1045456123820378 2317
3.234785150638003 0.2183896697485684 2318
0.5487623892815022 0.1603672748760514 2319
0.4741387442540954 0.1827982681951071 2320
0.6325147088246839 0.2399432092386768 2321
0.2574638085263514 0.2182950448942765 2322
0.3876243826786379 0.04869932954667792 2323
0.7778065887675982 0.2370323822532221 2324
-0.3861278758638896 0.220147777472805 2325
3.386057805785252 0.2201217638948474 2326
3.535822448863633 0.220123997401875 2327
-0.5358224488642634 0.2201239974022176 2328
3.087408071030123 0.0276065131488228 2329
2.937602991350106 0.02769774452271581 2330
0.06317590039246963 0.1092563897980708 2331
2.408615687151805 0.2241600959962492 2332
0.158245122184785 0.1420148083624647 2333
0.6962267037738362 0.2119403617158258 2334
0.4606378415784489 0.1660256585693703 2335
0.5972657460751025 0.1314363830108433 2336
-0.3008849759661718 0.2175579858627337 2337
0.3728293114782291 0.2059897896779446 2338
0.5637234795783147 0.1427534396234861 2339
0.6168249285026608 0.1741602346335184 2340
-0.2987322293612663 0.03232140175189845 2341
0.3528124760130532 0.1460322334990191 2342
0.4458457982543609 0.1103914140665127 2343
0.714639746450802 0.2010687677048294 2344
2.850454679872791 0.2181739727418238 2345
0.3221572678474666 0.1563342635170282 2346
0.6685051309090548 0.08621724059611022 2347
0.6601191106345632 0.06446412938627111 2348
0.3467566978903945 0.1074350840334152 2349
0.7470845162449757 0.1704098859014934 2350
0.2203540537191234 0.2213607322244656 2351
2.934470667359956 0.2188154040754315 2352
3.084170121113251 0.2187971994396786 2353
-0.3835709140579335 0.03131048075232921 2354
3.385274818235649 0.02829677107437796 2355
3.534936838229494 0.02833266516954305 2356
-0.5349368382304917 0.02833266516949765 2357
0.1870269471744566 0.08782965216583263 2358
0.9840188986576661 0.1722107162950094 2359
1.103821903908277 0.1722107232920842 2360
1.583033944958383 0.1722107385279356 2361
1.463230934748344 0.1722107347908925 2362
1.343427924503325 0.1722107310059167 2363
1.223624914223313 0.1722107271729948 2364
0.533320424505313 0.1186021955046031 2365
0.2015010357621194 0.2208798065940685 2366
0.864229142023325 0.1721995249179781 2367
0.2717916552778343 0.1448076207181742 2368
0.2417142248663812 0.2222955502253161 2369
0.3858663474417151 0.1772507931347626 2370
0.155147128126258 0.07422304001235713 2371
0.1564505658561698 0.2239133114536008 2372
2.381329147714104 0.1057935025389045 2373
0.358138818958842 0.04319513238450798 2374
3.236583079612724 0.02732984854585008 2375
0.5312434308174294 0.1724125336289492 2376
2.878313240101444 0.03249299109323695 2377
0.6499576183756808 0.2266386548462223 2378
0.8158749988016162 0.1474793836918281 2379
0.5258724919056309 0.02586753818736847 2380
0.5249243843691322 0.2218045569144129 2381
2.43467191761295 0.2099405990266182 2382
0.3145572856793271 0.1904479232137354 2383
0.3655996210840852 0.1341484318414823 2384
0.7133888008944 0.239803980164027 2385
0.1039611849466166 0.02795409002107314 2386
0.2301098711702453 0.1726815659318227 2387
0.5976804400905804 0.1184741078843592 2388
0.395997554101448 0.2032466122445124 2389
0.2299213914197419 0.191366348326724 2390
0.8934606282113826 0.1303950791708569 2391
0.6145146816008424 0.2270469732215245 2392
1.013647660871275 0.1301052604457832 2393
1.133450778526691 0.1301052409894958 2394
1.253253691962558 0.1301057268342808 2395
1.373056606505279 0.1301062068711107 2396
1.492859522217415 0.1301066809443948 2397
1.612773689204963 0.1302955025925278 2398
1.732594676029124 0.1305360522013984 2399
1.830008368660903 0.1304138794467 2400
1.949816997545295 0.130418140648618 2401
2.069620085964463 0.1304185948256144 2402
2.189423173294765 0.1304190428961954 2403
2.309395929803111 0.1307469629938733 2404
0.9336490641633942 0.1507157561664321 2405
1.053451764849077 0.1507153724261971 2406
1.173254708690936 0.150715343635522 2407
1.293057653373842 0.1507153153007542 2408
1.412860598823718 0.1507152873092626 2409
1.532663545040758 0.1507152596612249 2410
2.248635089494444 0.1501122799938231 2411
2.00902904236398 0.150112258007445 2412
1.774078208751096 0.1465843875538376 2413
1.673106995374499 0.1499792576840578 2414
1.889226018471764 0.150112246790345 2415
2.128832066038174 0.1501122690753241 2416
0.279716593938874 0.1741732952722155 2417
2.368316709189972 0.1506048211829999 2418
2.60816173729033 0.02852897707526745 2419
-0.8427618302248858 0.08380272445451961 2420
3.842761830224319 0.08380272445420534 2421
2.420319745464364 0.1763641438324584 2422
0.002174493072423199 0.2206832489870953 2423
0.7738631247930083 0.1309528226411374 2424
2.451183501212038 0.1303081202889924 2425
0.2041516192488714 0.2000533217175184 2426
-0.1759837480333631 0.2274346087164612 2427
0.3044823622582051 0.2408360361479058 2428
0.5539733079920532 0.07598799432981167 2429
0.5024579439724532 0.08409897280980758 2430
0.6857866378078651 0.2239891976844179 2431
3.918317222266211 0.1461282724595276 2432
-0.9183172222667042 0.1461282724599654 2433
0.6623082309850561 0.2030849247194539 2434
0.2285897596385841 0.112516336011654 2435
2.529677912146224 0.07140220461066514 2436
-0.1764300427935073 0.02233806099189898 2437
-0.2380240214520736 0.2225999728680202 2438
0.169603178109074 0.1234255598606341 2439
0.1925804003323553 0.186271701277448 2440
-0.745418609086471 0.2210173627123257 2441
3.745418609086491 0.2210173627123304 2442
0.1995958102058361 0.0379024313150585 2443
0.6367378306741274 0.1683159257321605 2444
0.5494704744561232 0.05055523756703801 2445
0.5550728680147663 0.2068701676046537 2446
0.1670540813450805 0.08415331754381944 2447
2.48050365075391 0.2415560507981177 2448
0.635665861873403 0.06249557702109244 2449
2.550605408515161 0.1958854860593411 2450
0.8328473027351164 0.1490565539724293 2451
0.5718487092182425 0.1968530210352289 2452
0.799779523683092 0.2384000942697145 2453
0.1905112024591472 0.1317400422805897 2454
0.5117367330705126 0.1428741902366036 2455
2.460557363713578 0.2257572935526976 2456
0.8746737835722389 0.2284686410525152 2457
0.830023241958986 0.2282514259371312 2458
0.8154707942154787 0.2281970791738713 2459
0.8901283707896001 0.227467808692686 2460
0.9942734385798759 0.229093154251341 2461
2.207961452251193 0.2274678092724979 2462
1.968355437273787 0.2274678092724884 2463
2.072507827229605 0.2291045040316163 2464
1.729464195832522 0.2291045040316106 2465
1.353689782297298 0.2291045040316106 2466
1.952903811839319 0.2284693124302511 2467
1.714155092370748 0.2283831971055119 2468
1.130244638194297 0.2284809428748006 2469
1.593494789373162 0.2284693124302655 2470
1.24901639972157 0.2285318593522824 2471
2.312113842207052 0.2291045040316134 2472
1.114287988330193 0.2284774190862503 2473
1.369302891141369 0.2275225803531153 2474
1.609462107828442 0.2284714822990196 2475
2.19251505572864 0.2284774190862452 2476
1.833964444776692 0.2283789199209297 2477
1.010653347512331 0.2290961925381158 2478
1.234785251356912 0.2273397652617346 2479
1.849274400014215 0.2290961925294841 2480
2.088872799440684 0.2291094373355713 2481
1.489659100339723 0.2284714822989994 2482
2.327422945668809 0.2283831971055114 2483
1.47369178188445 0.2284693124302444 2484
0.9352503515621388 0.2280813150225061 2485
0.9498717570349655 0.2280815684617648 2486
2.252766776203398 0.2279618778688742 2487
2.01347762993887 0.2280813198865002 2488
1.668645984193777 0.2282652824851441 2489
2.147905112121139 0.2280951044431165 2490
1.309284059700103 0.2280951044431045 2491
1.414485160043676 0.2281200185231971 2492
1.069630946750181 0.2282837201023275 2493
1.189489254195203 0.2280806072921043 2494
1.773554746248503 0.2279618778688874 2495
1.055099206446262 0.2282837201023271 2496
2.372891966217276 0.2281008175782717 2497
1.174868798490109 0.2280836976671087 2498
2.387548263289539 0.2281878411089027 2499
1.893720023890911 0.2282837201023182 2500
1.294682152554959 0.2281200185231997 2501
2.267660047762872 0.2282522582549154 2502
1.429087067188827 0.2280951044431016 2503
1.534311001424757 0.2282652824851494 2504
1.548842741728664 0.2282652824851501 2505
1.654114243889856 0.2282652824851436 2506
1.78881126183618 0.2279618778688867 2507
1.908251764194815 0.2282837201023195 2508
2.028099035450015 0.2280815725307232 2509
2.133303204975991 0.2281200185232111 2510
0.4517915814096701 0.1219041483013523 2511
0.7641149914384172 0.2068351249223503 2512
0.42890352035648 0.0228454260196428 2513
3.343252263027593 0.1731189401350009 2514
-0.3432401332870457 0.1728730968093096 2515
3.492878205591483 0.1729036592141283 2516
-0.4928782055924318 0.1729036592143542 2517
3.644382187704205 0.1766249487863029 2518
-0.6443821877048008 0.1766249487863899 2519
3.158985580818836 0.09475913679723937 2520
3.009285116371183 0.09475801927330675 2521
-0.07711776549064664 0.07931317157078212 2522
0.4487918120333009 0.2393057569822527 2523
0.3681712092991078 0.2244297589019489 2524
2.587778952504606 0.06996561758879559 2525
0.2922383806029765 0.2223161435457768 2526
0.05239304946761001 0.2229763692956061 2527
0.212674355133445 0.1673962196498215 2528
3.02437036084409 0.2206304171122591 2529
3.174065808227279 0.2206088315968104 2530
3.479430351165901 0.03254796600063706 2531
-0.4794303511670276 0.03254796600059875 2532
3.624272494042704 0.03027759904718742 2533
-0.6242724940434992 0.03027759904713586 2534
0.2164006608224195 0.1546813109489973 2535
2.817928181176499 0.1314297576358272 2536
0.456879191278781 0.138226691601712 2537
0.4285611781946597 0.1139156718374628 2538
0.5508862460521594 0.09698082879768 2539
0.4445520447947964 0.09351679600935948 2540
3.32557558082773 0.2215269189278015 2541
0.5613212552139049 0.2391831410392428 2542
0.6271307961453605 0.1950157061438253 2543
0.3648998921185582 0.1865456975896236 2544
2.27079000702855 0.1467238073208016 2545
2.031183992051131 0.1467238073208111 2546
1.648464633726519 0.1486152575428848 2547
2.15098699953981 0.1467238073208781 2548
1.911380984562403 0.1467238073208137 2549
1.791577977073683 0.1467238073208032 2550
0.9519193484157064 0.1495065150835275 2551
1.071722355882536 0.1495065241521752 2552
1.191525363371256 0.149506524152172 2553
1.311328370859979 0.1495065241521559 2554
1.431131378348698 0.1495065241521665 2555
1.550934385837431 0.1495065241521497 2556
0.4962537545622447 0.05132675385703092 2557
0.2069293243207568 0.08785464928892224 2558
2.389555438258456 0.14950652415217 2559
0.4030265205831802 0.2209299743931014 2560
0.6946215486045864 0.08821135436653738 2561
0.1404101176364181 0.1513076984997235 2562
-0.2379248381375598 0.02668288581620469 2563
0.7282530652863426 0.173163742617958 2564
0.2747002386311901 0.09993386982948503 2565
3.861473891718955 0.02984110063305268 2566
-0.8614738917192847 0.02984110063303828 2567
-0.8645006305664229 0.2286145498938782 2568
3.864500630566323 0.2286145498939136 2569
0.1288525270011308 0.172431079316287 2570
0.3254865716534031 0.1746829524651094 2571
2.892592074976055 0.1763997147175502 2572
3.042295023662398 0.1763952814304586 2573
3.192592302857969 0.1771117020039979 2574
0.709833566018099 0.1912497810924628 2575
0.3335773658715363 0.2403405040757158 2576
0.1952008577969365 0.1523247912260856 2577
0.4085910264116504 0.1296730168455867 2578
0.5124861074613198 0.1754083201727963 2579
2.476858564882685 0.1754277976774576 2580
-0.7406606520778278 0.09408437793481357 2581
3.740660652077092 0.09408437793484734 2582
0.9217702000269314 0.1791469758921561 2583
1.040313325982057 0.1762124917042574 2584
1.160116319222268 0.1762125071006478 2585
1.281257448454112 0.1792128316184158 2586
1.4010604440257 0.1792128440248616 2587
1.520863439745023 0.1792128562770031 2588
2.117847139457889 0.1774938587018711 2589
1.997975866975269 0.1774367306875683 2590
1.640625326399389 0.1793408282766054 2591
2.356019682130075 0.174674627875696 2592
2.237650146834814 0.1774938582995494 2593
1.878172859601415 0.177436731100796 2594
1.685558355228284 0.1746746301388682 2595
0.2597982152387228 0.1002020539038562 2596
0.5606322689316775 0.2276389747243295 2597
0.3355830691631075 0.1230770495643365 2598
0.8840954781853447 0.0301786311095538 2599
0.3627522601072464 0.1002788679716105 2600
3.300546836903823 0.09522883923932873 2601
0.09782765193802841 0.1120591494463028 2602
2.801145492573352 0.02986551591309107 2603
1.003724184514689 0.02923576660173365 2604
1.123519092255774 0.02923642995369045 2605
1.243316707801839 0.02923486667970088 2606
1.363114323353646 0.0292332591007449 2607
1.482911938093456 0.02923160785716615 2608
1.60270955202212 0.02922991292579079 2609
1.722507165140468 0.02922817428322094 2610
1.841682147058581 0.02878834978413161 2611
1.961490063202458 0.02878066249141106 2612
2.081284634316919 0.02877629377734675 2613
2.201079205201852 0.02877188476274124 2614
2.320873174050841 0.02876736620999142 2615
-0.4497785605213137 0.09458941899752943 2616
3.449778560520175 0.09458941899758624 2617
-0.6000289960267355 0.09494871154105167 2618
3.600028996025927 0.09494871154108658 2619
0.3927310322887453 0.2404256939707567 2620
0.2950163678694967 0.1017335391191997 2621
0.4467907316900346 0.2098770676051653 2622
0.4944207759223591 0.2413215659303902 2623
0.2884748214522923 0.08762547540047906 2624
0.5456255695160535 0.2233456862554496 2625
1.769019999025387 0.111815255606229 2626
0.6065893857881 0.1494225754516229 2627
0.2202437883545088 0.03433595613169086 2628
0.6285696704263837 0.2257107328161651 2629
0.3786329933194471 0.09002082573086648 2630
3.330105110631086 0.03235185887443835 2631
2.634578270618267 0.221582634862784 2632
2.440366052936974 0.02888335744527025 2633
0.1787174436245559 0.04405103348842822 2634
0.2650692437514554 0.1270630440027721 2635
0.2931358838659321 0.2038546465229933 2636
0.2768646919456266 0.2125599570903935 2637
0.6790949402737975 0.2396241629533127 2638
0.5772472890463608 0.0724641925416834 2639
0.07447400022674451 0.0689067294735622 2640
0.3601922644608808 0.1546089618933613 2641
0.3909886014777146 0.1491255752470155 2642
0.4328601308887575 0.1591138896205377 2643
3.031812903133546 0.03170617845710106 2644
3.181457664577456 0.03168575270698223 2645
0.3832715973471229 0.1058556764157669 2646
3.631517096549977 0.2254329557009511 2647
-0.631517096550245 0.2254329557009634 2648
0.7521633734325082 0.2068509792184846 2649
0.7069941768438817 0.2259355260264091 2650
3.482562760336839 0.2256659296769184 2651
-0.4825627603372312 0.2256659296769165 2652
-0.06051545023648232 0.02867457414532061 2653
0.4773516027531486 0.2397208828354735 2654
3.80379785024561 0.02589516972368515 2655
-0.8037978502461908 0.02589516972368663 2656
0.3003276503574042 0.18539449737755 2657
0.2132153676777468 0.1854478739105866 2658
0.2483518997986519 0.238319769206483 2659
0.241120744387847 0.03578963802719633 2660
0.5772094804494261 0.1320072290753944 2661
2.723702008034306 0.1677236474801546 2662
0.6139515505527761 0.2102326085231318 2663
0.5935931766653836 0.1588077231084355 2664
0.7543364849750672 0.1538235002696604 2665
0.4441805168010492 0.1285512767888983 2666
3.822028981876665 0.1348045946583025 2667
-0.8220289818772235 0.1348045946585119 2668
0.4917925309881783 0.1474037436862878 2669
2.424532578123789 0.2231064863910591 2670
0.5008383775004583 0.1904442931346603 2671
0.2612223337626846 0.03549179275098492 2672
0.5935936897728478 0.2266943765446967 2673
0.80842476636907 0.1755990462098811 2674
2.420583584135465 0.2409537885493042 2675
0.6016279353809555 0.2415360854568697 2676
0.2812995409570083 0.03529099660402459 2677
0.8381654354716142 0.176478432516789 2678
0.2843540503253471 0.1198003846056867 2679
0.1630402311254074 0.1593731174316655 2680
0.3705364005133061 0.1201302485104333 2681
0.181135811070409 0.1846184457002466 2682
0.5618714809273156 0.1249635252805283 2683
0.3733090542900698 0.1399269072806325 2684
-0.098030755065611 0.1351127816649076 2685
0.7333159651586786 0.07832132257519529 2686
0.52963339861431 0.1408099877743119 2687
2.861402406429673 0.09809889611616608 2688
0.4622328072346137 0.1081733056755551 2689
3.931354860636055 0.02452120047908388 2690
-0.9313548606361964 0.02452120047910696 2691
0.6074016431682459 0.1382016129813701 2692
3.931439470613457 0.2255483360218433 2693
-0.931439470613539 0.2255483360219221 2694
3.973025554541286 0.1285895516152069 2695
-0.9730255545414503 0.128589551615868 2696
0.9587706866389418 0.1767454988652326 2697
1.078573675486726 0.1767454936427022 2698
1.198376683089819 0.1767454937170505 2699
1.318179690696097 0.1767454937956882 2700
1.437982698300911 0.1767454938733309 2701
1.557785705904246 0.1767454939499599 2702
2.274677761194868 0.175894377098782 2703
1.915270125557961 0.1758882891672167 2704
1.795184231311882 0.1756499583885497 2705
2.035073133046711 0.1758882891672071 2706
1.767516566791885 0.1756499583885518 2707
2.15487475370613 0.1758943770988098 2708
0.7744644625780651 0.1839654000065422 2709
0.7673880711054176 0.1915423719893548 2710
2.458357685592259 0.2404031012305868 2711
2.394480406987715 0.1759487924663771 2712
0.5124244268076223 0.2423052099564681 2713
2.444466673135752 0.2239488473229338 2714
0.3869594492741282 0.2264485588670488 2715
0.5655135250574492 0.2065972876471536 2716
0.05163331887965507 0.1943999349520904 2717
0.584347817559584 0.1802874357413068 2718
0.4891111020656368 0.1140355051643309 2719
0.1101808026634417 0.04952572776104319 2720
0.8068893292406082 0.1177776601417933 2721
0.1290957154538533 0.2379123296397825 2722
0.07647655617867061 0.1412568314335654 2723
2.541882295908771 0.1569943128259966 2724
2.561884609110618 0.1497992106825467 2725
0.399999607923732 0.02228824751249604 2726
0.5817949856661716 0.2148211385763054 2727
0.5583328748966729 0.159344135350781 2728
0.1874159545900494 0.1192744327098365 2729
0.446431492321087 0.1373547884257274 2730
0.4893324924296655 0.1620150240263165 2731
-0.3007767513244242 0.09383242514555758 2732
2.620892472570178 0.160543623342404 2733
0.4678749806412765 0.07401424015377121 2734
0.2905321901485116 0.137107507055293 2735
2.487844303969423 0.2190093618021269 2736
2.489925831691443 0.2070560060102181 2737
0.4788794956108685 0.113297531209837 2738
0.1501333545841272 0.1132113207112835 2739
0.2464566210647695 0.1160054174284697 2740
0.6105782532583895 0.1900206073570494 2741
1.797232942499413 0.1182895749489593 2742
0.7971300121649297 0.2227714588703925 2743
0.3286757720159216 0.1639130417405132 2744
0.7505856011524124 0.05482530220382364 2745
0.4356446208272395 0.2086782661535054 2746
0.3393346758553386 0.205561678224499 2747
0.1706456027620505 0.2118788807984875 2748
0.3567456854790962 0.1642877932957441 2749
0.3283047357705025 0.2232850012641025 2750
2.522426865792044 0.1221472844022091 2751
0.07711063879331118 0.2260149296346728 2752
0.1121791493153619 0.2183466085081714 2753
2.457451554566215 0.2057639418123406 2754
0.8308066228923364 0.2143866539459938 2755
0.814711265372834 0.2143866539459915 2756
0.1615333479688866 0.2406799393140412 2757
0.9207847769047151 0.211052861771212 2758
0.9637613511105348 0.2107091889656838 2759
2.240338702561707 0.2114068203285088 2760
1.66943402966481 0.2144152349969456 2761
1.323124710547522 0.2107532881882286 2762
1.070471028522304 0.2145692275069806 2763
1.999011067144687 0.2110540664981093 2764
1.203418315169611 0.210706778393114 2765
1.054310925998827 0.2144152349969376 2766
1.400066156773112 0.211356938909775 2767
1.761348375077457 0.211322667940056 2768
1.892931978419881 0.2144152349969235 2769
1.160304987250243 0.2109501374479623 2770
2.268574229113828 0.2142662850132201 2771
1.549631022176101 0.2144152349969375 2772
1.653325963442422 0.2144152349969391 2773
1.280238909044606 0.2115026861467119 2774
1.533522955953733 0.2144152349969158 2775
1.801016710856383 0.2114019087618585 2776
1.442920068868209 0.210751996931764 2777
1.909091891784634 0.2145692030146674 2778
2.358282264025417 0.2111043896463975 2779
2.400948638448324 0.2107492750359025 2780
2.161745762968521 0.2107532881882449 2781
2.04199908848434 0.2106972282917037 2782
2.118899172045085 0.2113603875345443 2783
0.6622903728941054 0.02288651252822194 2784
2.485152487288923 0.1170522629591196 2785
0.6874663010763215 0.1223159659625836 2786
0.6026935154883832 0.07905124288750962 2787
2.2389230298945 0.2404233686620443 2788
1.922663966987298 0.2403833179579751 2789
1.519899025918282 0.2403833179579745 2790
1.3234429781902 0.2404233686620483 2791
1.879308048384435 0.2403833179579765 2792
1.999317020410195 0.240423368662051 2793
1.280498975477867 0.2404233686620506 2794
1.443245985678917 0.2404233686620498 2795
1.563254944521139 0.2403833179579828 2796
1.802655002651933 0.2404233686620519 2797
1.160695967989149 0.2404233686620506 2798
1.084042922256656 0.2403833179579803 2799
2.042261023122518 0.2404233686620507 2800
1.203639970701476 0.240423368662052 2801
1.040687003653786 0.2403833179579787 2802
1.759710999939616 0.240423368662059 2803
1.639702041097383 0.2403833179579791 2804
1.683057959700249 0.2403833179579816 2805
1.400301982966589 0.2404233686620555 2806
2.11912002789891 0.240423368662058 2807
2.282072989453464 0.2403833179579773 2808
2.162064030611222 0.2404233686620579 2809
2.358726037383211 0.2404233686620652 2810
0.9210899478685326 0.2404233684774245 2811
0.9640339498218329 0.2404233685590322 2812
0.8444351988825196 0.2403818981913479 2813
2.807912090400183 0.09973776031001633 2814
0.3078147292444315 0.1979889463781947 2815
0.831041312274151 0.1953528963449325 2816
0.3746195830473917 0.2408635822216686 2817
0.8142574726537586 0.1954771518512893 2818
0.9504422292927507 0.1963155130069999 2819
2.028669295065967 0.1963155237815009 2820
2.149216356379451 0.195565526678385 2821
1.772858107947396 0.1953857961630487 2822
1.190048242644891 0.1963155237815225 2823
1.070245235156172 0.1963155237815242 2824
2.268829164548592 0.1957772341901983 2825
1.550011119616259 0.1957772341902153 2826
1.310595303958416 0.195565526678381 2827
1.789563370362289 0.195385796163048 2828
1.908866287577203 0.1963155237815235 2829
1.430398311447143 0.195565526678383 2830
2.388883147833303 0.1955392250074136 2831
0.5032849843559497 0.1704019818800831 2832
2.722021979182958 0.0221015978798635 2833
0.7512867693002478 0.2235293748023837 2834
2.222333951175951 0.2402516460249249 2835
1.459823091233653 0.2402407090431946 2836
1.503528617522533 0.2402411318091102 2837
2.341604216278089 0.2405957526848787 2838
1.819777636708773 0.2405942188260837 2839
1.263377148879608 0.2405865846330554 2840
1.862937639988689 0.2402539670816598 2841
1.579626098722371 0.2402407090432 2842
1.699973821761473 0.2405957526848761 2843
1.939035121188527 0.2402407090431932 2844
1.98272793619852 0.2402516460249264 2845
2.102538390053442 0.2402554619849623 2846
1.100418361245482 0.2402419200952542 2847
1.220221368734199 0.2402419200952514 2848
1.144114330143681 0.2402426267124142 2849
1.340024376222924 0.2402547553677964 2850
1.623331625011251 0.2402411318091163 2851
2.058842421155242 0.2402547553677949 2852
1.383712898754919 0.2402644812974775 2853
1.024316587580304 0.2402539670888011 2854
1.743129601906891 0.2402547553678007 2855
2.17864542864394 0.2402419200952531 2856
2.298448436132683 0.2402547553678 2857
0.9045007915211767 0.2402516833754795 2858
0.9806110603763296 0.2402535439552133 2859
0.8608050575180123 0.2402395179705858 2860
0.1633412310490732 0.1902521530260504 2861
0.9382767979305102 0.211575715221871 2862
2.255022727042248 0.1989595742389736 2863
2.016503876265587 0.2115757527223815 2864
1.186621487573387 0.2115075922436867 2865
1.667483020778289 0.1988253941565145 2866
1.416457342950332 0.1991068255820921 2867
1.53569495378331 0.1991865203633936 2868
1.29665433546161 0.1991068255820979 2869
2.37470638298529 0.1991501617665121 2870
2.135275387882639 0.1991068255821148 2871
0.2065407963813716 0.135929119831781 2872
0.3024684980347093 0.0218140981185423 2873
0.2746553204062109 0.2411174235464502 2874
0.2064203021812597 0.09934977176231025 2875
0.192161310511175 0.2285353475280024 2876
2.581671712638729 0.1902433129080084 2877
0.5619160379734731 0.101421395521281 2878
0.5683503430224891 0.0408457158815058 2879
0.8375849875121624 0.1206106224054109 2880
-0.3310640138097171 0.02392577916574243 2881
2.276298930250763 0.118500164639077 2882
2.156495561291226 0.1185000765229617 2883
2.03669218733759 0.1184999871863148 2884
1.916888808389854 0.1184998966290719 2885
1.645478404540675 0.1184996634398508 2886
1.526449012980485 0.1176774481744907 2887
1.406646331901382 0.1176772355312231 2888
0.3326141852283532 0.04308505422995033 2889
0.9274383273131329 0.1176777983826955 2890
0.4600691446686441 0.1975355260355219 2891
1.286843654918046 0.1176770201727579 2892
1.167040982030412 0.1176768020985543 2893
1.04723831405388 0.1176765817501019 2894
0.6759738243000324 0.2164394460999447 2895
-0.7432778030746697 0.1590662639904155 2896
3.743277803074374 0.1590662639904035 2897
2.482225875947162 0.2001807860285105 2898
2.882523748800143 0.2258772431055435 2899
0.4490977503742518 0.1825306850263215 2900
2.72937081005357 0.2286413061782836 2901
3.681637230493133 0.222570485655666 2902
-0.6816372304933448 0.2225704856557457 2903
0.6029571951017285 0.2045494846807721 2904
0.3989862691186579 0.164247714356931 2905
0.654807027656067 0.1596180948826503 2906
0.3421342155369472 0.159088522736072 2907
0.2480595994974292 0.08562476551755649 2908
0.1728784578734203 0.09924077573002645 2909
0.3261609164858031 0.2046705837555564 2910
-0.3333954296283411 0.2262704771373056 2911
0.389110896657242 0.1958323208949474 2912
0.07335779632079087 0.1625883706849112 2913
0.2292070909330132 0.1260400068675367 2914
2.45841400073262 0.1956997327757585 2915
0.5576714970213043 0.1887033181022179 2916
-0.8993912895527795 0.06438288208563475 2917
3.899391289552589 0.06438288208560472 2918
0.4744245603572801 0.1226553575339258 2919
1.655634218425537 0.1985193696145909 2920
1.005787505442981 0.05375219135874766 2921
1.12559016609894 0.05375437557473315 2922
1.245392776797709 0.05375574618088924 2923
0.267077420682745 0.207624317787111 2924
1.365195384935291 0.05375708946651259 2925
1.484997990527754 0.05375840566186314 2926
1.604800593573811 0.05375969475834029 2927
1.724603194072184 0.05376095674726406 2928
0.8859496403334856 0.05381807589201443 2929
1.84324390642259 0.05449246234563794 2930
1.963338870702219 0.05385147989120837 2931
2.08314245584759 0.05385402297536371 2932
2.202946024548393 0.05385653313709838 2933
0.4214310213248239 0.2156082942916033 2934
2.322750353692543 0.05385918155958117 2935
0.8005410875702121 0.2069155416932179 2936
0.2878647451583414 0.2126109149740282 2937
0.3799590688759841 0.2124449092647449 2938
0.6155645958501119 0.1564067275252534 2939
0.6946924216769935 0.2408707803312674 2940
2.437939784813912 0.0541299787017622 2941
0.7659234333811764 0.107000820838126 2942
0.9471869056620777 0.2117924972224731 2943
2.025413981339692 0.2117925131886313 2944
1.177590643842011 0.2118348826619588 2945
-0.9758029770891584 0.06784361924052118 2946
3.975802977089164 0.0678436192401284 2947
3.975384842099632 0.1827947212875337 2948
-0.9753848420997704 0.1827947212878661 2949
-0.248141101254861 0.1500244776268674 2950
2.2449095824827 0.1188524587350417 2951
2.125106566451822 0.1188524688340523 2952
2.005303550112766 0.1188524793993599 2953
1.88550053346526 0.1188524904309901 2954
1.676867592968311 0.1188562393381842 2955
1.557318378653885 0.1190474402135182 2956
1.437515430559144 0.1190475035687467 2957
1.317712483047413 0.1190475674083774 2958
1.197909536118837 0.1190476317319729 2959
1.078106589558644 0.1190476985244276 2960
0.9583029377219545 0.1190542911197849 2961
0.1336341223690744 0.2187453914481179 2962
0.3182693400644322 0.2244552202636717 2963
3.67072974598396 0.1137896564637305 2964
-0.6707297459846668 0.1137896564635299 2965
3.222818669678663 0.1112989519756873 2966
3.521784011050165 0.113099481049536 2967
-0.5217840110512022 0.1130994810493741 2968
3.372083330260673 0.1130987233862952 2969
-0.3720828866361674 0.1131074914085295 2970
3.073117772726691 0.111298559194431 2971
2.922537982828109 0.1095432404874915 2972
0.8643258190709363 0.1088947926684526 2973
0.9851485272242539 0.09077347992100478 2974
0.2829322691838632 0.1299672183472136 2975
1.104954150998814 0.09077151569891442 2976
1.224757322454029 0.09077229682019683 2977
1.34456049057043 0.09077306866892182 2978
1.464363656093781 0.09077383040675011 2979
1.58416749520948 0.09077378364528083 2980
0.9198182532869741 0.2213096924371236 2981
0.9650287948160777 0.2210140908265554 2982
2.117649558366121 0.2216576756455654 2983
2.043264732110354 0.2210136060375305 2984
1.444242302288519 0.2210250552948969 2985
1.279463786358081 0.221513059252629 2986
1.803486766388104 0.2215810761044149 2987
1.39882775146072 0.221658635410572 2988
1.998045297465376 0.2213098730496932 2989
1.159656527285466 0.2211711592288423 2990
1.324447905547579 0.2210256933218839 2991
1.204669196269234 0.2210125262532851 2992
1.758681027689393 0.2213221479862775 2993
2.357614613107757 0.2213557440172403 2994
2.163068957968583 0.2210256933218916 2995
2.237667491647299 0.22191325541743 2996
1.703997211638178 0.0908204014113653 2997
1.859142589308695 0.09332347207030034 2998
1.978946332953838 0.09332620542768362 2999
2.098749197122364 0.09332693637819955 3000
2.218552062714251 0.0933276580293238 3001
2.337671059597219 0.09603205538118735 3002
-0.05730712240739746 0.228461830667857 3003
0.629263459552562 0.1130820863007278 3004
0.4375038497970588 0.0679962481938234 3005
0.3223186992900143 0.2417513969217372 3006
0.1434674772140102 0.1057080205675087 3007
0.3159056727910462 0.1754563036055756 3008
0.52342839356323 0.06787870144379594 3009
2.347220785549409 0.1170735653198396 3010
0.1118771981719163 0.1914792035511031 3011
2.439841319603331 0.2008028866679291 3012
2.422878762375434 0.09600763895061154 3013
0.3351570737736876 0.1114771758762429 3014
0.2220628678169188 0.2007742642715327 3015
2.41360255064479 0.1146022931424356 3016
0.752873856430838 0.24182257836165 3017
2.091237356302714 0.1924630537575293 3018
1.971521930270913 0.1926817951850638 3019
2.211127945722504 0.1926817950516111 3020
1.490308666093233 0.1919365319757969 3021
1.610111027849397 0.1919398714643908 3022
2.330952413818131 0.1926611397935465 3023
1.250726634914517 0.1919297385524134 3024
1.710625625408488 0.1926611401164477 3025
1.370505784915282 0.1919613721193499 3026
1.851718776083836 0.1926528140733118 3027
1.131021652145551 0.1915002996077464 3028
1.0111145454663 0.1919439946991891 3029
0.7000147124967518 0.1651244023964042 3030
0.4003898752768042 0.1021012849309254 3031
0.2952850951719672 0.1701838046717463 3032
0.5233552252930243 0.2044921891531888 3033
0.8912915075723666 0.1919622930711332 3034
0.1895495195784538 0.2385623334777669 3035
0.174598760896357 0.1576708516340217 3036
0.1474813494140864 0.1688107066647142 3037
2.058477378321761 0.2080959959590205 3038
2.178280385810466 0.2080959959590065 3039
1.743494644740344 0.2080959959589948 3040
1.221192239323435 0.2076058971211022 3041
1.339659333389476 0.2080959959589843 3042
2.297885599920703 0.2082762056140394 3043
1.09985552503349 0.2082762056140257 3044
0.433181535794353 0.1418982549490326 3045
0.4873030817488636 0.1317542419673879 3046
0.190138355600722 0.04271687879808975 3047
0.2335897614353208 0.2109334403108004 3048
0.4919982387850397 0.2065721178829871 3049
0.1815273900773529 0.1648327385473175 3050
0.03484333910613691 0.1453255970387911 3051
0.3536431809721324 0.1167214270547472 3052
0.4116467220037491 0.09065397467648703 3053
0.3481238868074086 0.0984795751217834 3054
3.840709735906906 0.1824753278724557 3055
-0.8407097359073051 0.1824753278725639 3056
0.3084775575243828 0.1452487988017147 3057
0.4657168077464712 0.2413456524468175 3058
0.2607243291035983 0.2280533760572817 3059
0.3025853862705225 0.1529226947445512 3060
0.1559849434893413 0.1312460899829122 3061
3.235504501568021 0.1899171559376047 3062
0.2999451726603654 0.03854445056706705 3063
0.1450830064154889 0.2408803342308082 3064
0.4632036937026919 0.2274623052320953 3065
0.1558000646865092 0.09488722428575888 3066
0.6790193798044108 0.2065997216949557 3067
0.1480448222039515 0.1960105480582054 3068
0.2206540388642902 0.1729349566359898 3069
0.6305006083716531 0.2159967714061356 3070
-0.8062543264136675 0.2247504817867682 3071
3.806254326413482 0.2247504817868735 3072
0.4331024482100929 0.2412825015248185 3073
0.5524841713988484 0.1202700407796934 3074
-0.7165523159508816 0.02463886351854893 3075
3.71655231595009 0.02463886351842278 3076
0.2762270995881313 0.1946717999394779 3077
2.468597070362403 0.2110167201006417 3078
2.934620893410479 0.1905034121998442 3079
3.084332503736094 0.1904916980590834 3080
0.273442210342494 0.1335473134031065 3081
2.512802321192515 0.2163393090660597 3082
-0.05891458073815509 0.1023362343413046 3083
3.532065253172535 0.05807342185130306 3084
-0.532065253173498 0.05807342185122952 3085
3.382415567015469 0.05802534294086908 3086
-0.3819493397463857 0.05870297737962486 3087
2.705584011530731 0.11558646446792 3088
2.492457184220024 0.2290711728507543 3089
0.5449349428227631 0.149674252134396 3090
0.18857667939492 0.09760783298503817 3091
3.284883245541097 0.1829941533566011 3092
0.2745761162835379 0.2243833286520412 3093
0.1417159318909102 0.2120076690173429 3094
0.1400962676548446 0.2025516206638171 3095
0.1290396913391082 0.1966780088969295 3096
0.2325260938787179 0.2409345565244952 3097
0.4443236570002218 0.2253414692861951 3098
0.8601308604169556 0.2082597886671539 3099
0.7268463249084687 0.1848986453958273 3100
0.2038935330606558 0.2421208934582219 3101
0.1767085358347232 0.1748024257178629 3102
0.9801336243600545 0.2080910205142074 3103
1.578946763517884 0.2082706065386418 3104
1.938355785984037 0.2082706065386377 3105
1.459345653660471 0.2080910238968896 3106
1.821617336860087 0.2051259365361644 3107
2.755568412407673 0.1295182302784004 3108
0.4584898688677326 0.1473041863343697 3109
3.265830075504242 0.2263649514492199 3110
0.09181606081398676 0.2357793824374918 3111
0.8432406122126972 0.0241109660146668 3112
0.4426001714381344 0.1915935542942274 3113
0.1871935387147706 0.1438113482570093 3114
0.1614167236856408 0.05549270861643308 3115
0.3084004992772811 0.1615857344282527 3116
0.6897241611470024 0.204079095314902 3117
3.93660555465515 0.09957603235228385 3118
-0.9366055546556377 0.09957603235331403 3119
2.966655446580487 0.22640657191494 3120
3.116361229187562 0.2263886591275676 3121
2.55241373272349 0.02541380443947795 3122
0.3541801781282192 0.2154797593331008 3123
0.2388630960442634 0.1000554233007324 3124
0.5081721272951543 0.2261747444469311 3125
3.414518397406575 0.02284575954024068 3126
-0.4157963291910411 0.02371595698135095 3127
3.564213159528986 0.02285101483448169 3128
-0.5642131595299241 0.02285101483444212 3129
0.2169231247882458 0.08540866284841755 3130
2.755645978900557 0.1766436343001476 3131
2.986614796115452 0.07254160695193318 3132
3.136315633326051 0.072542378694666 3133
0.4280608233294934 0.06830685771645617 3134
3.434661264790427 0.1817680945663717 3135
-0.4346612647913145 0.1817680945665591 3136
3.584366958323473 0.1817626958699452 3137
-0.5843669583240577 0.1817626958701032 3138
0.4573530262077767 0.0738798921884281 3139
0.3195897871796412 0.08626592877678267 3140
2.797920810024654 0.2225256390022738 3141
0.4070692273994119 0.1444267341787526 3142
0.5370938225853007 0.2101801801990243 3143
0.4095077698612332 0.1885925893450958 3144
0.1667172433901016 0.1752159590005037 3145
0.5213067380696743 0.17029536991484 3146
0.9347661530972433 0.1970166732227515 3147
1.054561149490282 0.1973816997262763 3148
1.174655872468182 0.19730574156636 3149
1.893178313614562 0.1969670986969203 3150
2.012993773313312 0.1970167991694863 3151
0.2646689268040962 0.1174780057259169 3152
0.2098915934803918 0.03886571892607553 3153
0.4508438141868245 0.2007775681640935 3154
-0.2074765843089834 0.1808995928231653 3155
0.4595413877508017 0.121917329464845 3156
-0.3852871251082594 0.1929310516652589 3157
3.383725530273128 0.1932926827000141 3158
0.139777333721443 0.05238810895058343 3159
0.6058217602546919 0.170347841735855 3160
0.7185796495137603 0.02253314210906698 3161
0.6246880088924718 0.1536551430308601 3162
-0.5349451332938787 0.1929010732357097 3163
3.534945133293253 0.1929010732355348 3164
0.2130015376011207 0.2055766950699277 3165
2.225833888702016 0.1155102425550757 3166
2.106030908224925 0.1155102158493037 3167
1.986227928042925 0.115510188878193 3168
1.866424594369613 0.1155093611729865 3169
1.695490846248143 0.1153842915307641 3170
1.575687785025418 0.1153843626019028 3171
1.455884723136174 0.1153844345739841 3172
1.336081660581327 0.1153845074468312 3173
1.216278597361828 0.115384581220197 3174
1.096475531859155 0.1153846603470755 3175
0.8737245412324461 0.1916364256239868 3176
2.437263551166841 0.1884980628614985 3177
2.448975555971946 0.1873128214006196 3178
0.9935203452303548 0.1916435093696175 3179
1.113282662945684 0.1918393137410542 3180
1.352888677852812 0.1918393134867305 3181
1.232853146723494 0.1921204302567048 3182
1.832064900606958 0.1909246272770345 3183
1.59253537838838 0.1916435100390954 3184
1.472732370923987 0.1916435101271052 3185
1.730099272920698 0.191154899619619 3186
1.952069742652685 0.1911548996196044 3187
2.311478765118911 0.1911548996196447 3188
2.191675757630093 0.1911548996196662 3189
2.071872750141376 0.1911548996197306 3190
2.935025437973366 0.05678822261330433 3191
0.9766671361610092 0.1153994121846388 3192
3.084865502546832 0.05666685141017497 3193
-0.4332931020801574 0.06658434588751642 3194
3.433293102079007 0.06658434588757373 3195
3.583554065067927 0.0662072336335754 3196
-0.5835540650687332 0.06620723363353276 3197
0.3975855378982601 0.11561914931812 3198
2.983789356929624 0.1837659868170117 3199
3.133491827408421 0.1837601893364625 3200
0.5510241151694508 0.2413532746560719 3201
-0.1145758092372239 0.02495491248805121 3202
0.2339743319473308 0.230322133201062 3203
2.847381952858509 0.02311728500325361 3204
0.6630539430192389 0.2429133023081714 3205
0.6449392148201409 0.2083600592260609 3206
0.3633870218608173 0.2408875891815197 3207
0.2478335147590316 0.126167749651551 3208
-0.03749133472347228 0.1874801835579512 3209
0.545827031910308 0.203472891021739 3210
0.2116374699473217 0.2175194542235708 3211
0.5278443103664644 0.1292062664859182 3212
3.233888000775921 0.05642442786296929 3213
2.947157125743851 0.1518490594474286 3214
3.096856741358292 0.1518486746739661 3215
3.548522184970695 0.09925692232726047 3216
-0.548522184971593 0.09925692232722878 3217
3.398820015901683 0.09925693561281909 3218
-0.3988199630903141 0.09925797942496484 3219
0.4462530664057514 0.1526972760216516 3220
0.372672794005253 0.1482193246899365 3221
0.6637833013672296 0.169321554523936 3222
0.7762020721480596 0.06318488948648167 3223
0.2307976657997575 0.03718788836721083 3224
2.364640311334223 0.1174122563635389 3225
0.1087193816968763 0.0657630865820325 3226
1.767733460676508 0.09226001626840365 3227
3.24654579270379 0.1517652345527309 3228
0.3992389694951788 0.1327312388997702 3229
0.4174584200473355 0.1666431223551902 3230
0.8927939197508116 0.1657605789766111 3231
1.012607311890123 0.1657633508819214 3232
1.132410296077947 0.1657633967856728 3233
1.252202090695527 0.1657587773436998 3234
1.372005075680332 0.1657588227051935 3235
1.491808060943894 0.1657588675007402 3236
1.611607821658175 0.1657756048890709 3237
2.396411467905332 0.1166900414316172 3238
0.007842236533681934 0.1884369328480515 3239
0.01852937999211022 0.09521391064950348 3240
0.5110506564566725 0.08813308374470075 3241
0.1513246287692365 0.2140884327460509 3242
0.2892479104932265 0.2398547517776677 3243
0.9347035174609617 0.1789553616839007 3244
1.05289881533083 0.1791507469884025 3245
1.172701820684577 0.1791507497169326 3246
1.294112411696934 0.1789547644686598 3247
1.413915419185663 0.1789547644686466 3248
1.533718426674366 0.1789547644687041 3249
1.654638650128422 0.1783793370028364 3250
2.370666281784758 0.1789744429483849 3251
2.253046406720714 0.1779170117936132 3252
2.013188742627033 0.1778102704379305 3253
1.670422732342935 0.17885985071305 3254
2.133243399250597 0.1779170118607026 3255
1.893385735157451 0.1778102705068252 3256
0.340573889314866 0.1361020986438429 3257
0.4753767918912608 0.1973414989672838 3258
0.8445767441272479 0.2087243774429626 3259
0.2512265586178892 0.03715425307752156 3260
0.518538887711073 0.2144080013003541 3261
0.9044285846454414 0.2190169279198896 3262
2.222263381442056 0.2190162661025031 3263
1.383642329021034 0.2190162661025243 3264
1.143337654522783 0.2194152836456483 3265
1.982657366464644 0.2190162661025054 3266
2.101761714432571 0.219415283645638 3267
0.6766073387118181 0.04711067029045776 3268
1.100386675804333 0.2189650076777399 3269
1.742945892574127 0.2187295234902892 3270
1.340208085555694 0.2187295234902848 3271
2.178829137976693 0.218729523490293 3272
1.220529324103514 0.2186580867533849 3273
2.29841675069154 0.2189650076777356 3274
2.059026130488003 0.2187295234902831 3275
2.282217696946325 0.2087444334037313 3276
1.563399652013967 0.2087444334037439 3277
1.084187622059107 0.208744433403743 3278
1.922808674480127 0.2087444334037526 3279
0.3126752667400103 0.09992531502212154 3280
0.3212602061037718 0.04335818073480688 3281
0.305900539073329 0.1128421829170854 3282
3.284163911880049 0.06622813473768738 3283
-0.0248135842583185 0.06522497311058266 3284
2.416454843842053 0.2193932485642491 3285
0.2704027393353438 0.03824074823140148 3286
1.084357392131945 0.02492407404405156 3287
0.9645816517343271 0.02492009104463113 3288
1.204148000491096 0.02492685234848496 3289
-0.3717410775241095 0.1392013271464887 3290
3.371741999842156 0.1391830980103479 3291
-0.5214419461938702 0.1391829093382896 3292
3.521441946192842 0.1391829093383481 3293
-0.66992309649889 0.1387248384627904 3294
3.669923096498215 0.1387248384628817 3295
1.323938621030528 0.0249295969300073 3296
3.221146830778217 0.1380654743191172 3297
3.071433159618213 0.1380777486150078 3298
2.922815015692228 0.1374267750447078 3299
1.443729249055177 0.0249323083674542 3300
1.563519884582309 0.02493498663498609 3301
0.2865165030475727 0.2309643596317268 3302
0.5554181480102186 0.1396206640461213 3303
1.683310527629276 0.02493763170646975 3304
0.254162262100858 0.1989422938350776 3305
1.803776783703023 0.01949881258195013 3306
0.2662839070989449 0.1890526822463981 3307
0.2568498250892305 0.1311027945407341 3308
1.923410923406683 0.02011232805574537 3309
0.2203107261635679 0.1910280878157525 3310
0.4345362277539589 0.1771796696366281 3311
0.6781274075499317 0.1487541861414868 3312
2.043199380612963 0.02011482298501078 3313
2.162987848178244 0.02011728482493086 3314
0.6609697430708413 0.1202365509858609 3315
2.28277638742918 0.02011973606037932 3316
2.401749201669597 0.02363906371412872 3317
2.967065868261919 0.02255501894336545 3318
3.116766467064534 0.02255484492679974 3319
1.82349975715349 0.06622004034524775 3320
0.4186867764324327 0.1024002003267048 3321
3.716884468932009 0.2254722831321057 3322
-0.7168844689320641 0.2254722831321475 3323
0.3764614129482986 0.2306053699217994 3324
3.565747580947703 0.226984842396199 3325
-0.5657475809480187 0.2269848423963127 3326
3.416008103765718 0.226986262503502 3327
-0.4160221177817365 0.2269914652191456 3328
0.4886700456852949 0.2269621528914988 3329
0.8016619261160108 0.05800474893099086 3330
0.5333000370887764 0.1574325857628454 3331
0.2913724257206985 0.04072370763808011 3332
0.2493791781056605 0.1848975776291528 3333
2.651459425743871 0.1109524359455332 3334
0.3046231250964154 0.2311966396191785 3335
0.5793953854399381 0.1094648464304446 3336
3.620149735771303 0.1162136267779848 3337
-0.620149735772119 0.1162136267778923 3338
-0.08532629085532364 0.185398907403004 3339
3.470734186943349 0.1158882755994536 3340
-0.4707341869445105 0.1158882755993531 3341
3.320628505559486 0.1171551158898854 3342
3.675085746466666 0.1919790319578263 3343
-0.6750857464670307 0.1919790319578876 3344
2.557808855181904 0.0544846257756073 3345
0.1432994762832986 0.08510850469539763 3346
0.73315820675342 0.1149998318038165 3347
3.26538831405001 0.02170977172613144 3348
-0.2379233815209571 0.1039680162570855 3349
0.4360095360548944 0.225315287883003 3350
0.7782652833833029 0.09259014146628214 3351
-0.2078814454082555 0.06729751093248999 3352
2.652141289173655 0.1854369150352034 3353
0.09909788359169025 0.1837923243957436 3354
0.6180291323706362 0.1349880465894929 3355
0.4184037081972303 0.2410694759225388 3356
0.1398077045318394 0.02173136015299878 3357
1.00861339300855 0.2131531827884211 3358
1.249500424891926 0.2138855726577527 3359
2.326684506705126 0.2130632132627286 3360
1.714893531334451 0.213063213262721 3361
1.487825421977131 0.213153182594672 3362
1.847234444443281 0.2131531825946895 3363
1.607628429465849 0.2131531825946737 3364
0.2826421851877982 0.1490619766818709 3365
0.9229027063826327 0.05937762157576234 3366
0.2496859055207617 0.1666552103638872 3367
1.042682543475 0.05936839064471698 3368
0.455405149670892 0.2155317370315201 3369
1.162485719996153 0.05937112248223266 3370
1.282288907094752 0.05937384097740635 3371
1.4020920976865 0.05937654249578283 3372
0.6829176466266069 0.1842124401448543 3373
0.6913624118109453 0.1855760364774335 3374
1.521895291765128 0.0593792270341454 3375
1.641698489324366 0.05938189458922914 3376
1.761501690358002 0.05938454515773993 3377
0.2417803933049312 0.1767391437471982 3378
2.798752987452167 0.1537972605583823 3379
0.7441673480523514 0.2297202283593241 3380
0.5869576184766093 0.1157542090615784 3381
0.1124594101211524 0.09331737005558302 3382
0.1734185581707069 0.2017853794402853 3383
1.80102109684119 0.05988417165884302 3384
0.5252864317663551 0.1133897450957243 3385
1.955030733466269 0.2133544367836804 3386
1.834973372658734 0.2131732119949339 3387
1.596105430943507 0.2134685055611312 3388
1.476302423454794 0.2134685055611232 3389
0.997090394272075 0.2134685054159913 3390
0.4513617933824865 0.1666569983311384 3391
0.6397969554531542 0.1338034797349981 3392
0.8768057834441099 0.2133546454792048 3393
0.8606467581063134 0.2189475356561048 3394
0.7794104259747299 0.2165708057644362 3395
2.452492453400084 0.2208056678021734 3396
0.5713507575472901 0.2419912406098913 3397
0.03352813249673524 0.181048593525383 3398
0.6607620690092264 0.2113595401726632 3399
0.9806717514361472 0.2187184978419955 3400
1.459883781932863 0.2187184997023634 3401
1.579466915800402 0.2189532996491166 3402
1.938875938266553 0.2189532996491135 3403
1.820035777421716 0.2212348974333224 3404
0.3210380111334216 0.1181163389311957 3405
0.696037755122084 0.2303919823236596 3406
2.521227995985565 0.02256456774024599 3407
0.2375523322124342 0.1965305217340788 3408
0.4650941753017869 0.04654878607586673 3409
0.5435045854174809 0.1318736946287612 3410
-0.6712828213838735 0.02980919913280849 3411
3.671282821383162 0.02980919913282451 3412
3.249707400820404 0.09939315777324775 3413
0.5040150696118676 0.1134529502300493 3414
2.280011584526679 0.05958772486085741 3415
2.160207913042659 0.05958779254118263 3416
2.040404238613323 0.05958784268871266 3417
1.920600561239403 0.05958787529955373 3418
0.1269433069561803 0.1131027908693018 3419
2.615975061111969 0.08314658324856787 3420
-0.3984856018407108 0.1507363716933827 3421
3.398485711639477 0.1507342015580857 3422
-0.5481871720454023 0.1507323066392144 3423
3.548187172044567 0.1507323066391866 3424
1.824160589856294 0.09170510206529231 3425
3.097849618592203 0.09878307690808941 3426
2.948109802815902 0.09870634403629505 3427
1.700213655992195 0.2212799716856899 3428
1.622959924415109 0.2195449790429542 3429
2.342031270236985 0.2211661612691749 3430
1.86256593939255 0.2195449790429409 3431
1.503156916926395 0.2195449790429418 3432
1.263137314648886 0.2212799716856995 3433
1.023944887260475 0.2195449791481257 3434
0.5238042495612139 0.2403837729183166 3435
2.399220049013466 0.2416573904387682 3436
0.2056509353253048 0.1182384759516904 3437
-0.3208789721208444 0.1163400400504 3438
2.780738711973193 0.0916137347267571 3439
2.543101041347676 0.1146461328556836 3440
2.57770744220061 0.2327143089396805 3441
0.4349153527503748 0.1187058606154919 3442
0.4493881150649841 0.01765558647599895 3443
0.1766700475419749 0.2276792377838646 3444
-0.6959098102004 0.06956027729531689 3445
3.695909810199686 0.06956027729536464 3446
0.6333303263483436 0.02058493121592245 3447
0.4656290334623404 0.1346183816310819 3448
-0.134539174181316 0.1806304748011331 3449
0.6649281492418627 0.2282436071376563 3450
0.5172097681493195 0.1283013840057969 3451
0.4218041955394334 0.1997645053789373 3452
0.1459466410447077 0.2303795393706563 3453
0.4032654930806215 0.1728763543097077 3454
0.3125645267814025 0.1294367017180726 3455
-0.7563480894583872 0.06556677298272705 3456
3.756348089457575 0.06556677298269221 3457
-0.7196038991669227 0.1372889883498665 3458
3.719603899166393 0.1372889883498875 3459
0.1972819470133121 0.08524163967223948 3460
0.5707359508818897 0.02041850386200402 3461
0.4176920155135226 0.1319101965786115 3462
0.3231222405091762 0.1367166014166469 3463
0.467068679410686 0.1519219163033052 3464
0.3334002404803504 0.141919522012 3465
2.645639906780677 0.06589117218301541 3466
0.577776833351237 0.1513381966387168 3467
0.4004901071062689 0.1875351189220739 3468
2.304025171178229 0.0925841321787339 3469
2.18422209507328 0.09258335441271545 3470
2.064419017999405 0.09258256589067908 3471
1.944615939955693 0.09258176661278943 3472
1.740588937450976 0.09301556744857939 3473
0.8997216235651141 0.09287213967221937 3474
1.618517132065732 0.09290082857533789 3475
1.499004766783808 0.09304762618738735 3476
1.379201836804167 0.09304668367983374 3477
1.259398908247562 0.09304572963512471 3478
1.139595981084069 0.09304476406601658 3479
1.019792957819954 0.09304382876741771 3480
0.3410341584994425 0.1773326012839838 3481
-0.2859224137953671 0.1830036391525215 3482
-0.3369429824981075 0.0620099929944293 3483
3.338771146210443 0.05904015431882784 3484
-0.4883436539525869 0.05913162299544579 3485
3.4883436539515 0.05913162299550656 3486
3.642184376251435 0.06737832170670796 3487
-0.6421843762521715 0.06737832170661696 3488
3.789644081676242 0.09605082074949146 3489
-0.789644081677026 0.09605082074963352 3490
3.768991024111026 0.1138007975388309 3491
-0.7689910241115974 0.1138007975388749 3492
0.5854304498705918 0.2071069653300224 3493
0.3502750505946616 0.1249763330520397 3494
0.5077748343018064 0.06458094659665717 3495
0.8393127722280431 0.049198321532487 3496
0.406694501983475 0.2291269238235288 3497
-0.1474584182114562 0.06597104444907775 3498
0.3724374622982003 0.01966067307686332 3499
2.456470105943792 0.09238903298014728 3500
0.8289982467104183 0.08528943288197359 3501
0.03822059864325032 0.02302456255772163 3502
2.99517017707899 0.1575854627801026 3503
3.144871423204044 0.1575836200357 3504
0.112899560373503 0.1095222762631581 3505
0.531265068467931 0.09271783669720454 3506
0.4179850863951363 0.2267899118797946 3507
3.896021902815325 0.1866238615609398 3508
-0.8960219028156708 0.186623861561069 3509
0.5685266565152652 0.1073241188206388 3510
0.3699797904234036 0.1712999773266201 3511
0.1981334183323877 0.1774175615244184 3512
1.883937215648136 0.05321970880701609 3513
2.003738139358028 0.05322284057775267 3514
2.123539075019361 0.05322594865540138 3515
2.243340023205391 0.05322903307419408 3516
2.470050297102472 0.2428214440836234 3517
-0.804003742410379 0.05380774971575817 3518
3.804003742409692 0.05380774971572377 3519
2.366877745731893 0.05122267560671875 3520
0.4170680071288107 0.1449166711148491 3521
2.086166983501906 0.2132955224399508 3522
1.96941869851101 0.2084524142895413 3523
2.075313253907209 0.2133633259300363 3524
2.209024713488397 0.2084524142895484 3525
1.370403661067395 0.208452414289585 3526
1.116909682910089 0.2133735929856741 3527
2.315271313111658 0.2135235141535093 3528
1.233476742035949 0.2083604232479027 3529
1.127637569762065 0.2133833153399081 3530
1.726306724927917 0.2135235141535077 3531
2.194659753632846 0.2131727589085247 3532
1.35603870121183 0.2131727589085474 3533
0.8911894857627203 0.2084581585771345 3534
2.674162482042426 0.1461527511256519 3535
0.2562383704465241 0.1400738451301178 3536
0.0840971497600711 0.1035767752804858 3537
0.13194637175061 0.0730163386447632 3538
-0.1737652300590101 0.09886306294901029 3539
2.679837786479684 0.09951629497226788 3540
2.373238081484988 0.08814729073082754 3541
2.514870086859606 0.2393334714666005 3542
0.2735037366620273 0.1153062207476079 3543
0.09701391876366483 0.1666272588299952 3544
0.1792574861028015 0.2412978276585107 3545
0.9053724189781214 0.2102686864702003 3546
1.384585444856692 0.2102669172054341 3547
1.143645518502036 0.2088747983625192 3548
2.22320649727771 0.2102669172054215 3549
1.9836004823003 0.2102669172054199 3550
2.102069578411803 0.2088747983625114 3551
0.1864528622501124 0.2100862567311839 3552
0.7909025067834956 0.2035150940176469 3553
0.3982310833080248 0.03913828406038473 3554
0.7353396238568409 0.2416811815296063 3555
0.6097924136035215 0.220069168278628 3556
0.8567023653061618 0.1458975750195772 3557
2.676304058629687 0.02392342976410165 3558
0.4119803617422521 0.2114231806485493 3559
2.501848066062903 0.1837467915391635 3560
1.678719097152227 0.05165033095112009 3561
1.558918525500967 0.05164972114563481 3562
0.9599265942859618 0.05165037482766301 3563
1.439117953152518 0.05164908906329677 3564
1.319317380098971 0.05164843471297368 3565
1.199516806332501 0.05164775810334027 3566
1.079716235433758 0.05164706013820708 3567
0.9755845821387235 0.1484226465844874 3568
1.095387627860394 0.1484223030826338 3569
1.215190561285454 0.1484223570424044 3570
1.334993495586469 0.1484224104585353 3571
1.454796430798025 0.1484224632079277 3572
1.574599366920116 0.1484225152906575 3573
1.69532064927852 0.1482604041116722 3574
1.867040712507527 0.1482794495583911 3575
1.986843789751635 0.1482795013149941 3576
2.106646866070189 0.1482795523837976 3577
2.226449941463248 0.1482796027647045 3578
2.346162683452626 0.1484621860238549 3579
0.03291331720263889 0.07427571558438785 3580
0.436258774807241 0.09971835190752443 3581
0.4295392988768917 0.04303510996088405 3582
1.943855917595589 0.06619343634217106 3583
2.063658991953494 0.06619456886340341 3584
2.183462065094409 0.06619568620357044 3585
2.303265211250735 0.06619656026097009 3586
0.4783488630914906 0.08030740608436564 3587
-0.7896855180142303 0.1758267426816821 3588
3.789685518013969 0.1758267426816037 3589
2.395834471117007 0.05517715137900434 3590
0.7069974870999467 0.2094439438182612 3591
0.2332132651044878 0.1822121537792391 3592
2.480513409662695 0.05912084793539391 3593
2.415155232778497 0.1468644019983256 3594
0.1487691991792125 0.1805029257648634 3595
0.2644513807986856 0.1704657909687157 3596
0.7217639462570382 0.2422738326821159 3597
2.416938798846713 0.2095982149247291 3598
0.3577310841311148 0.1376748171252393 3599
1.728177795729694 0.1638170093700119 3600
1.834188232251571 0.1638170946912774 3601
1.953991259378017 0.1638171788957566 3602
2.073794286245524 0.1638172619834581 3603
2.193597312853922 0.1638173439543243 3604
2.31340033920337 0.1638174248083625 3605
0.4144257035885048 0.1822723159675892 3606
0.192188126743583 0.1609615046369726 3607
-0.1206081747828504 0.2247976067664731 3608
0.5999755918855396 0.2196012625201186 3609
0.7658429501009344 0.1638714290313051 3610
0.5764066760594421 0.2285941307797131 3611
0.6176995884602305 0.1213837037768958 3612
0.8661167818251443 0.08838639209977818 3613
0.7831874567486327 0.1867004050268505 3614
0.3469525701471824 0.1902397625440821 3615
1.062366770600589 0.2110986221761134 3616
1.901005931955362 0.2110211283849291 3617
0.8052925989996363 0.1984737675498746 3618
0.6026327300667155 0.01902241861816695 3619
2.253017626360974 0.08700860818263345 3620
2.133214543554371 0.08700869744804196 3621
2.013411459330127 0.08700878831848323 3622
1.89360837368895 0.08700888079304006 3623
1.668439666255447 0.08675308984318088 3624
1.54863682234339 0.08675333735829119 3625
1.428833979769264 0.08675358661069656 3626
1.309031138531926 0.08675383759819766 3627
1.189228298630216 0.08675409031850925 3628
1.069425462311449 0.08675434846542554 3629
0.9496300446790444 0.08676676314454479 3630
3.858782250582875 0.1063498317117924 3631
-0.8587822505835556 0.1063498317124468 3632
2.797759999349074 0.1985272586039382 3633
0.1745892034970008 0.1334503843201132 3634
2.441506968701441 0.1604517858949556 3635
0.1331985042631948 0.1008970464811449 3636
0.6351110430425539 0.1916919417434844 3637
0.305303760968422 0.2166789826501877 3638
3.898836455715739 0.1331450828453476 3639
-0.8988364557163018 0.1331450828457295 3640
0.3013469642344082 0.2036358331698307 3641
-0.1462243867137911 0.02358361654704926 3642
0.2776555151509555 0.1639346638918718 3643
0.6229187958429604 0.2427169398311607 3644
0.4310779729504742 0.2163418563677843 3645
0.7869773168766827 0.1493737039833089 3646
-0.1467054852941952 0.2272680742532502 3647
2.456791779210712 0.06583490863581208 3648
3.274018945195018 0.1135415102695697 3649
0.3168536611856323 0.1462037024822475 3650
0.2481422636797988 0.144187395905409 3651
-0.2662065791315946 0.22911745848177 3652
2.436963078015752 0.2318862351165979 3653
0.9070374485276292 0.1465760303619158 3654
1.026904509716728 0.1465281291511408 3655
1.146707448724096 0.1465282220874495 3656
1.266510354704063 0.1465283979820702 3657
1.386313261918092 0.1465285717386122 3658
1.50611617037679 0.1465287433313049 3659
1.626717827695103 0.1484444047954563 3660
1.745011972553643 0.1493443019748204 3661
1.816126004401677 0.1488912236092979 3662
1.935929180439451 0.1488916149577314 3663
2.055732354246659 0.1488920011240838 3664
2.175535525822973 0.1488923821080536 3665
2.295338695168391 0.1488927579090957 3666
0.1349082999321428 0.1420117683545642 3667
1.863417119293486 0.2102887437746043 3668
1.69894715264729 0.2104460155576755 3669
1.504008096827339 0.2102887437746173 3670
1.623811104316048 0.2102887437746307 3671
1.258900152227148 0.2057034786918387 3672
2.342576828294396 0.2104105944685687 3673
1.024796067284755 0.2102887437664847 3674
-0.2566284571920126 0.1777471457322448 3675
0.6022800994115614 0.05221419462818121 3676
2.698471646058167 0.06216928589631115 3677
2.633351243799122 0.02249881624849367 3678
-0.2859668429823031 0.06372576857363961 3679
-0.2584001599561379 0.06936361059443874 3680
2.751019509882155 0.2278861273838456 3681
0.3579807545529399 0.1820141653454668 3682
0.2407669266184553 0.1393712138939552 3683
0.7394183016609992 0.1951616807999785 3684
0.1705604462028539 0.141689028612768 3685
-0.4230564081349339 0.1371479854663686 3686
3.423056426433763 0.1371476237771532 3687
-0.572758702607015 0.1371473434582602 3688
3.572758702606179 0.1371473434582526 3689
2.836883737749007 0.1862265090810604 3690
3.122522314356584 0.1150384582650116 3691
2.972818109236865 0.1150312919294 3692
2.239296218409195 0.02359396378039911 3693
2.358585574478496 0.02320810495696946 3694
2.119501061757724 0.02359749713860788 3695
1.999705919843945 0.02360099346151769 3696
0.558029679797726 0.1756587957012816 3697
1.879910792298842 0.02360445276560909 3698
1.759988905243224 0.02215187272039216 3699
1.640397485417457 0.02097533769643146 3700
0.6133988965725459 0.164973433676358 3701
0.5439405392328013 0.1870001439396337 3702
1.520606706916705 0.0209788495816786 3703
-0.1695810030089525 0.1491392719515908 3704
1.400815939640337 0.02098232994494028 3705
1.281025183588002 0.02098577882918855 3706
1.161234438772021 0.02098919625861739 3707
0.9216866112322672 0.02099741416102413 3708
1.041443758205039 0.02099252006686859 3709
0.8770256358607932 0.1452435713614421 3710
0.3878333517583887 0.1677707661995182 3711
0.9948771049585194 0.14378222180488 3712
1.114680216577576 0.1437818356631578 3713
1.234483131675071 0.1437819933197099 3714
1.354286047851797 0.1437821492030909 3715
1.474088965167853 0.14378230314631 3716
1.593907776495465 0.1438093627977943 3717
1.713586908045591 0.1402544328616627 3718
1.848817903703092 0.1402373385776072 3719
1.968621932454193 0.1402381545453228 3720
2.088425036673998 0.1402383346047776 3721
0.4449188946945054 0.0549419466003241 3722
2.208228139591956 0.1402385122423445 3723
2.32651724362033 0.1414126515976165 3724
0.2492602646565361 0.2170207665188855 3725
0.702606225377689 0.04706444430843918 3726
-0.1959996405300896 0.1157372113070544 3727
-0.1087443699444851 0.1010650743617586 3728
0.2137327973095633 0.1169686182660329 3729
-0.1471548299310471 0.1315282324990689 3730
0.5194126097540477 0.1897293495843879 3731
0.3012407556332135 0.1776067816539528 3732
0.6002369463625516 0.1859920187910702 3733
2.465023642952847 0.1488747810713985 3734
0.1576385909736263 0.2059074458543346 3735
3.022235886417 0.1176123923577971 3736
3.171936399249977 0.1176145067968806 3737
2.402700043743225 0.1885439021900832 3738
0.4388845694110566 0.1639341500602849 3739
-0.7749806071688479 0.02106045985758331 3740
3.774980607168216 0.02106045985756835 3741
0.5529124821112301 0.2209016071172839 3742
2.479291710228371 0.2199074329916994 3743
0.4945425899176746 0.1379123089920488 3744
2.435375293761306 0.1432828311562025 3745
0.5173602136568971 0.1593655984503097 3746
0.5672196236304261 0.1886717061251503 3747
2.529520559372032 0.2392160213312127 3748
0.8467758433746015 0.1912832496855183 3749
0.67644441662931 0.1911934475313594 3750
0.4726596088942816 0.2244061579477558 3751
0.8228229260510395 0.199670204536832 3752
0.9665614132585975 0.1913143410835896 3753
2.045382261411127 0.1891070846894096 3754
2.284992740390538 0.1891709483763081 3755
1.756689650529274 0.1891768513164997 3756
1.925604682162252 0.1890671620550994 3757
1.805768262772456 0.1891381351676852 3758
1.206167422956703 0.1913143505014141 3759
1.445773437934136 0.1913143505014211 3760
1.565576445422871 0.191314350501419 3761
1.325970430445409 0.1913143505014032 3762
1.086364415467981 0.1913143505014148 3763
2.165157222942858 0.1892096739191141 3764
0.3726307877035696 0.2156740869757147 3765
1.78118300404235 0.1994356135367534 3766
0.507291369952419 0.1614677694029617 3767
0.4268244487559514 0.08939610599809288 3768
0.324091133218977 0.1925621612037489 3769
0.7180365975089582 0.2203403665605386 3770
-0.07025254950786053 0.1312581884901672 3771
-0.124804011464147 0.1497064274557117 3772
0.6034947594817297 0.1093264511306714 3773
2.737456178651851 0.08443933881611046 3774
2.401926937486993 0.2195005347948776 3775
0.3433580507813495 0.2431183718765064 3776
0.7779595599111785 0.02225934654913294 3777
0.490899439482864 0.123172749940049 3778
0.1617426997514205 0.2319693826211144 3779
-0.7215315089594572 0.1838698579478043 3780
3.72153150895936 0.1838698579478035 3781
-0.7936553443772464 0.1500093050778395 3782
3.79365534437687 0.1500093050777536 3783
-0.9758866526205761 0.02374392930719248 3784
3.975886652620742 0.02374392930698697 3785
0.6888826980862004 0.1396937077014209 3786
0.7994027532901599 0.1874850826615128 3787
-0.9758872398643098 0.2262589361418665 3788
3.975887239864272 0.2262589361418344 3789
-0.7700009211571812 0.2266758612134492 3790
3.770000921157135 0.2266758612134978 3791
3.693248045550679 0.1501971171269532 3792
-0.6932480455510723 0.1501971171268886 3793
0.3608114451936739 0.231100192502238 3794
0.2216440824333025 0.0986701339682296 3795
2.408279042115655 0.1739336836473216 3796
0.7168774860733791 0.1211017917934717 3797
0.6760822011596155 0.1688016199608669 3798
-0.8105040773535674 0.1938350671747079 3799
3.810504077353265 0.1938350671746723 3800
2.481237096649233 0.1465965886421637 3801
2.450198527966111 0.2423268943890881 3802
0.4223414860197308 0.119183893677186 3803
0.503870647499474 0.1361485948355735 3804
0.2671673655704529 0.08509133161536475 3805
2.478303814239625 0.02192149553600685 3806
0.3332247379988756 0.1795003806759891 3807
0.5408770450130811 0.2305948185345162 3808
0.575953584753889 0.08726226925898281 3809
0.6581128934872327 0.2249318634034802 3810
0.2480850701562494 0.2062231605613778 3811
0.2236102498263312 0.2431417521454252 3812
0.3353451122773233 0.2301699275420181 3813
2.516330915079609 0.04893841083129465 3814
-0.267359833676789 0.02078849348949996 3815
0.7431446890634121 0.1415768879547896 3816
0.03031992255435512 0.2300281351638524 3817
0.4422786540313656 0.1437588948708378 3818
2.530090527441974 0.1925659291248025 3819
0.6431140681901786 0.1790725415709812 3820
2.443884428636083 0.1937627294290694 3821
0.7235596715147476 0.2007348360644604 3822
0.1980053008072229 0.1040859451160223 3823
0.2189976132557696 0.1261415496405398 3824
0.7919154173962617 0.2427240230162221 3825
2.847850483724312 0.1510299533343316 3826
0.1228744215197554 0.2143106872460435 3827
0.2331183344250142 0.1439605203762684 3828
0.4362364452664815 0.1272644208444898 3829
0.3389064803298311 0.02530475556672297 3830
2.752740602941444 0.02678060076554475 3831
0.2398103820820219 0.2041255002868688 3832
0.2623445124842228 0.1448658900733017 3833
2.897271630244403 0.147916183614658 3834
3.051266663819764 0.1503439709099494 3835
0.1356554796747167 0.2287869346016647 3836
3.201113359364195 0.1504805981066987 3837
-0.02374821652103893 0.1258055743210673 3838
3.949877490257728 0.06397099860885549 3839
-0.9498774902577405 0.0639709986091244 3840
3.948819538108474 0.183948116385145 3841
-0.9488195381086776 0.1839481163854634 3842
0.336759680934012 0.08606541778653057 3843
0.1578076629047803 0.15130712250537 3844
2.872181219214122 0.1263276204775089 3845
0.388281533161822 0.141840351913838 3846
0.6508575262218304 0.1926422568367168 3847
0.8519127838238379 0.1718208096069195 3848
0.5907039701729032 0.1950509810419515 3849
0.5842605102268261 0.1886589667916901 3850
0.4590230552901242 0.1291964484981503 3851
0.7947981824222665 0.1731502299667791 3852
0.9717593017890503 0.1718939892364208 3853
1.091562301511703 0.1718939985576162 3854
1.211365309737014 0.1718939987154321 3855
1.570774334359548 0.1718939991786702 3856
1.450971326161149 0.1718939990262291 3857
1.331168317953638 0.1718939988718156 3858
2.891173734992573 0.06083469139333118 3859
3.040384496407261 0.06176726137458417 3860
3.190061146125157 0.06175899564994383 3861
-0.7173966805009724 0.1114255667305966 3862
3.717396680500224 0.1114255667306436 3863
0.1263733899254788 0.1518363774544158 3864
0.3616032247343651 0.1147234854398709 3865
2.048351493501975 0.1740212995482817 3866
2.28795773544435 0.1740264051332975 3867
1.808641023912795 0.1743411767246276 3868
1.753768526468825 0.1743451221652256 3869
1.928550338015361 0.174018386127311 3870
2.168152357093647 0.1740292241837006 3871
0.2192711943851352 0.1445341623822259 3872
0.4117516578754704 0.1739828550242355 3873
0.3881670310554369 0.1128669510350151 3874
3.696528495722193 0.1756503491704681 3875
-0.6965284957224862 0.175650349170471 3876
0.4068283761567631 0.1204596926156125 3877
0.6282294746157668 0.1870884099826622 3878
-0.4434754690636359 0.155597765598366 3879
3.44347547211256 0.1555977053167818 3880
-0.5931780515524162 0.1555969813430015 3881
3.593178051551666 0.1555969813429531 3882
2.819617078466249 0.06987417928014446 3883
2.374745952379455 0.2141234633524816 3884
2.135613860896671 0.2140255659034183 3885
1.41679581596438 0.2140255659033982 3886
1.426811799806452 0.2138934822766918 3887
2.385212825852141 0.2138990096165722 3888
2.145629844738755 0.213893482276716 3889
1.788833877416969 0.212132066510618 3890
1.296992808475657 0.2140255659034085 3891
1.307008792317726 0.2138934822767041 3892
1.773532048635209 0.2121279411033972 3893
2.252299326043095 0.2125088927544996 3894
2.471360007253633 0.2290535701720232 3895
2.393987063852633 0.08212440441441925 3896
0.1845070858231793 0.2003497860598232 3897
2.682274140103024 0.2248811482324953 3898
0.5105120301111714 0.1841507499064964 3899
2.601225736239984 0.124564802101192 3900
3.295414173085645 0.1576495743171634 3901
0.3817396807334173 0.1368714163163654 3902
-0.1112568301292579 0.05352180593456209 3903
0.8826584994138085 0.2428583036092928 3904
1.481675577584933 0.2428571138279721 3905
1.960886018629949 0.2428584281049559 3906
1.841125333908697 0.2429935151293188 3907
1.242013391953448 0.2426412795213022 3908
1.601478585073652 0.24285711382798 3909
2.080690501842752 0.2431152860689088 3910
2.200492570167117 0.2428585794864655 3911
1.361871792056311 0.2431160913646639 3912
1.002463521200567 0.2431150444375498 3913
1.122266433564433 0.2428574520724039 3914
1.721321556290594 0.2429938820903813 3915
2.320256481748972 0.2429938820903829 3916
0.7318855327334925 0.20319971937383 3917
-0.5065210245944544 0.02072910449756154 3918
3.506521024593374 0.02072910449758553 3919
-0.3562874251502108 0.01954259574139347 3920
3.356737707911578 0.02034080855675278 3921
3.205918971692179 0.2301214600291108 3922
0.3950586815482769 0.08720235520455283 3923
3.05571821490153 0.2298041691561001 3924
2.906797556665444 0.2305198674503169 3925
2.953983215104142 0.1755405471036194 3926
3.103686092945411 0.1755358649976269 3927
-0.4038109158153639 0.07465100015397515 3928
3.40381091581427 0.0746510001541012 3929
-0.5535144014860085 0.07465153682279649 3930
3.553514401485221 0.07465153682287093 3931
0.7263526640973623 0.228709031367214 3932
2.486192568718502 0.1849818067300474 3933
1.039941667884678 0.2096031933917166 3934
1.878655304675977 0.2097628437961936 3935
1.684039212806054 0.2095266675015521 3936
1.519087921945286 0.2096138452603288 3937
1.638782383665285 0.2094311488658226 3938
0.3419651918720415 0.1281950110856983 3939
0.770620905653441 0.2433567307281031 3940
-0.005154987142368839 0.02403598280310915 3941
0.5279903181977039 0.151348135580989 3942
0.3540625504986231 0.1723408115326382 3943
0.7994372828895376 0.09707292976567485 3944
0.5167542525355109 0.1981832275166623 3945
0.4149692319765373 0.1588616776356877 3946
-0.2345006393169286 0.05376657320453061 3947
0.538264447012573 0.1409285836123621 3948
0.5037603991353998 0.121750923524054 3949
0.3748392974010482 0.1978685375967895 3950
0.6084511662647171 0.1165938074228298 3951
0.4071404241702027 0.1583230269581658 3952
0.4967443532078347 0.1112124535829668 3953
2.508329714191039 0.08810288667866657 3954
2.544308112177354 0.09171315582054108 3955
0.3794547600871296 0.1223720127735207 3956
0.4083254113958544 0.06308148166075118 3957
0.4714265097908102 0.1653056483563634 3958
0.6270696330438732 0.1729104062222108 3959
0.7147629221174365 0.2100080924267441 3960
3.852072760642986 0.1309665425190037 3961
-0.8520727606437442 0.1309665425193235 3962
0.6436689068555217 0.1971640306916069 3963
-0.2345981077932771 0.1946731459921628 3964
0.08071222606379663 0.03064841850986062 3965
0.5714601517481468 0.1256097298732911 3966
3.25493580972046 0.1753180876373401 3967
0.3455196253289196 0.2285165555058353 3968
0.01219607516101468 0.1381147193126473 3969
0.4848892010764136 0.2426656433066023 3970
0.2714558795787608 0.1776297171526473 3971
0.5349153359901356 0.2426165438751155 3972
0.4990194905271641 0.1512786075346315 3973
0.1840234582963749 0.2252874734996398 3974
0.7620516064957773 0.2409453848837208 3975
2.771082112707044 0.1515830518754043 3976
-0.2949182985258878 0.1561440458438981 3977
0.5964761964495049 0.2106770442547399 3978
0.8224940993737451 0.2429815137555734 3979
0.3396951938434434 0.1944729773166857 3980
0.5201964096258304 0.08936389303251609 3981
0.9425619170359367 0.2430522853265845 3982
2.260393853935089 0.2430707075932648 3983
1.900985976924302 0.2430891285866126 3984
1.781182969435583 0.2430522865999211 3985
1.301971008694224 0.2430522865999218 3986
1.182168001205505 0.2430522865999228 3987
2.020789053626556 0.2430522865999251 3988
1.421774016182947 0.2430522865999248 3989
1.661380031160379 0.2430891285866189 3990
1.062364993716786 0.2430891285866196 3991
1.541576954458145 0.2430891285866203 3992
2.140592061115256 0.2430522865999349 3993
2.380218439954652 0.2430888903894906 3994
0.1992951993331828 0.1321925551749633 3995
0.7033467367426099 0.2433718565020506 3996
3.207000309137252 0.01937119632127969 3997
3.057795766167657 0.01981029549510247 3998
2.907622260660384 0.01996486468810083 3999
-0.8691731288457427 0.166583517054784 4000
3.869173128845272 0.1665835170548728 4001
0.3645426218950182 0.2044731063688554 4002
0.5354804827326216 0.04381065997431652 4003
0.6798606388021388 0.2318249511173103 4004
2.682577348741891 0.1983606031743885 4005
0.2646811308024685 0.2426722054296761 4006
0.1596739832031619 0.1102794660791769 4007
0.1620772814194758 0.1020808309672087 4008
3.655566353469937 0.2310566551816174 4009
-0.6555663534699321 0.2310566551816978 4010
1.519375236701984 0.2231253667200382 4011
1.923155345876468 0.2230875797787152 4012
1.878780309568883 0.2232251931783664 4013
1.563745492198949 0.2230882559178248 4014
1.639177093275784 0.2231244372829913 4015
2.28257903840644 0.2230896610365752 4016
1.040159257215804 0.2232251931586791 4017
1.084549794730595 0.2230889848974777 4018
1.68367197941391 0.2231513106684287 4019
0.8449200833464341 0.2230761329259655 4020
0.2686990479053779 0.1630209775728826 4021
3.505812594109008 0.2310642888982013 4022
-0.5058125941090323 0.2310642888983196 4023
3.356058834748123 0.2310718810919205 4024
-0.3560588347481335 0.231071881092101 4025
0.8227800362341091 0.180499113056673 4026
0.5309485673466756 0.1803264233304264 4027
0.5027986850808918 0.2182507759824765 4028
0.2175946224490924 0.2303242175312185 4029
0.3842279803953041 0.1543249319575829 4030
0.533958190022776 0.1943805029434826 4031
0.1147213389883217 0.146522624722562 4032
0.4605045130053661 0.1896357156391446 4033
0.830408834954642 0.1866421508228573 4034
0.153599080820693 0.2431914636322704 4035
0.9508133648076447 0.1861347674480728 4036
2.028657736404063 0.1859535832126917 4037
2.148786160156487 0.1858398006981869 4038
1.788887217685806 0.1859645486169951 4039
1.781558876555223 0.1793527518782204 4040
1.550118280777321 0.1860523655707735 4041
1.773898274030245 0.1862699752581601 4042
1.190400032492865 0.1861587295569588 4043
2.268551127781317 0.1858821422005262 4044
2.388408979106063 0.1858438344795689 4045
1.070597024980424 0.1861587295426553 4046
1.4303533131296 0.1860100240530822 4047
1.310550305617654 0.186010024037552 4048
1.908854728915311 0.1859535832127072 4049
0.4773345026899514 0.1726304561714526 4050
0.8151166966762574 0.1864792353501297 4051
0.3031378312297343 0.0857677519980941 4052
3.256123572452733 0.07256382500944668 4053
0.8685959140853158 0.222383376984436 4054
0.5401865830722729 0.09659832130581637 4055
0.9884036270741344 0.2224642351481332 4056
1.467656920103776 0.2223394676895374 4057
1.587415952868256 0.222386427678901 4058
1.946824975334409 0.2223864276788883 4059
0.6867197645781039 0.2420870801810258 4060
0.4205571726695075 0.1516356919223371 4061
2.468397395372838 0.1952287429283564 4062
2.409335255718939 0.2052752704113136 4063
0.6547651614209632 0.2428205279895136 4064
-0.6700446592323792 0.05743759657471438 4065
3.670044659231645 0.05743759657478328 4066
0.1158035009704697 0.1336586093831106 4067
1.495648201830706 0.2225405592605019 4068
1.615451209319419 0.2225405592605154 4069
1.855021499669662 0.2227604657817204 4070
1.016400447156836 0.2227604662301834 4071
2.5626690552888 0.1288921417738885 4072
0.419400305162058 0.0652224105039004 4073
0.4099945496994525 0.1076161646276795 4074
0.2992855978445808 0.1100692625975386 4075
0.2866494606932881 0.1060103574662204 4076
2.821007705408457 0.2287301276604146 4077
0.4495106739960462 0.2313787606874735 4078
1.039246861526704 0.096130707089576 4079
1.159049160128403 0.0961318912444854 4080
1.278851470524248 0.09613306296539063 4081
1.398653789544331 0.09613422027346112 4082
1.518456117186486 0.09613536316929505 4083
1.638258453448538 0.09613649165348037 4084
1.924109525529807 0.09613981343466714 4085
2.043913169670862 0.0961408839784408 4086
2.163716805202175 0.09614194011328368 4087
2.283520432125837 0.09614298183942406 4088
0.9194549923113703 0.09613605190100195 4089
0.9712244393391222 0.2061275023980089 4090
2.169269656025167 0.2061397702193329 4091
1.450422917905512 0.2061362170801384 4092
1.811140028374273 0.2068093017795695 4093
1.752687883228262 0.2062185155966411 4094
1.330648603604189 0.2061397702193076 4095
1.211056177845497 0.2060605172559493 4096
2.049483220081754 0.2061178029365226 4097
0.1561405922856281 0.1975228083003988 4098
0.3279771223721156 0.09774502747085076 4099
0.7989900368020041 0.02570554063751715 4100
0.618873811795478 0.195054448866495 4101
0.4114599583921115 0.2425956524322981 4102
0.1600570732310557 0.1819372709021235 4103
2.821324122039399 0.01960313037335989 4104
-0.2196966210995094 0.1532185792660806 4105
0.3042377193103646 0.09661745591741124 4106
0.1209864562747919 0.2404533008747874 4107
0.47706334561298 0.1535720921733496 4108
-0.113416200190455 0.195498103811019 4109
1.108283690748358 0.2223907463593876 4110
1.34789194047852 0.2224690665109708 4111
1.228274772736014 0.2216666299708437 4112
1.735262037651302 0.2224690665109742 4113
2.306272921433494 0.2225161633484664 4114
2.186553837101589 0.2223436495219001 4115
2.066709985410833 0.2224690665109811 4116
0.4594633444755136 0.09561133084092702 4117
0.4620264756829784 0.1746099152823323 4118
0.9032043800086456 0.06238267363917575 4119
2.239351813189925 0.1921094180438507 4120
1.999661459132419 0.1920426342766626 4121
2.119522660722204 0.1920699383360203 4122
1.640787738758484 0.1914098434047542 4123
1.281182193997353 0.1923061365649639 4124
1.677517310343975 0.1985253478316348 4125
1.400985199783622 0.1923061383373019 4126
1.166085756714322 0.1978242317911333 4127
2.364662204115497 0.198309112797095 4128
1.521010008944524 0.1914317565324125 4129
1.879830606348834 0.1920298901112444 4130
1.046177933920619 0.197898933616015 4131
0.921725916059136 0.1922783595606996 4132
1.02299746815926 0.06238189710853693 4133
0.2309045964859827 0.1637064885621442 4134
1.142803602912018 0.06238462147164463 4135
1.262609735533864 0.06238732590127286 4136
0.05725823879779601 0.08194636169514423 4137
1.382415862046713 0.06239000933195576 4138
1.502221982438361 0.06239267176399983 4139
0.508851858285075 0.2115855415630042 4140
1.622028096696623 0.06239531319767597 4141
0.8513273642608351 0.2059954169888321 4142
1.741834204809378 0.06239793363324368 4143
0.758633575806384 0.1399006835868321 4144
1.090885820734291 0.2064287730561775 4145
1.570142669656709 0.206015252834867 4146
1.929557017883575 0.2060016623050955 4147
2.288912063803648 0.2064318900033327 4148
2.828222508710228 0.1108779524034612 4149
0.6595923515856106 0.1796472423543737 4150
0.3834812500072859 0.2438689457072714 4151
0.776808907900622 0.1918313202143921 4152
0.146564882050035 0.1882446717814595 4153
0.3893620840083759 0.2101337535001583 4154
0.3561366944820857 0.08577722643178902 4155
2.09460530247103 0.2228689903171062 4156
1.969184858861498 0.2176425780165361 4157
2.208796294837544 0.2176420054802416 4158
1.370138191675413 0.2176447720269978 4159
1.136129943213137 0.222677334489771 4160
0.8909554125030303 0.217644863915066 4161
0.4288319722629854 0.150934840916286 4162
0.3754492879676917 0.1072769183452584 4163
-0.8353293413174813 0.01831260444306474 4164
3.835329341317115 0.01831260444306811 4165
0.3905795981703932 0.05930265166850833 4166
0.4280390409618839 0.1739570879551913 4167
1.049678811734352 0.1669437562779185 4168
1.16948181210948 0.1669437579554329 4169
1.289381718987288 0.1671562059999104 4170
1.409184726476012 0.1671562059999109 4171
1.648198514979661 0.1664256468442712 4172
1.528987733964771 0.1671562059999654 4173
2.12747708676486 0.1662392438110132 4174
2.007610093275952 0.1662064674839814 4175
1.674529657036258 0.1663883400421118 4176
2.24728009735922 0.1662392461237372 4177
1.88780708259683 0.1662064651078747 4178
0.9299740030353786 0.1671575251312535 4179
-0.9796120676774482 0.0979043524384732 4180
3.979612067677406 0.09790435243787708 4181
0.1501050045817617 0.1476066206707242 4182
-0.954620685912939 0.2319083169676768 4183
3.954620685912888 0.2319083169676245 4184
3.954610319776807 0.01810600666300147 4185
-0.9546103197768416 0.01810600666307224 4186
3.982710351846817 0.1527777777775217 4187
-0.9827103518469188 0.1527777777781054 4188
0.385833169467695 0.08632334078645787 4189
2.366799111365586 0.1663027396005449 4190
0.4734385739323859 0.0610040239790165 4191
0.3794061205518989 0.05683198142576887 4192
3.835738183779102 0.2306970351995236 4193
-0.8357381837791429 0.2306970351995806 4194
0.4655946167973722 0.2108985700918811 4195
2.510757597051918 0.2279779812694561 4196
2.811614162717524 0.1806395773714362 4197
0.2017883892639953 0.2293122611721888 4198
0.6404508426772905 0.2424860859319989 4199
-0.2057763749342894 0.2298305008037188 4200
-0.4068472396748086 0.1772617226963156 4201
3.406050411792304 0.176670842967862 4202
-0.5565534874196163 0.177255667936197 4203
3.5565534874191 0.1772556679361643 4204
0.2410865855175888 0.01151611788196677 4205
2.758869571432865 0.1050065278352398 4206
-0.206586826348243 0.01824458647101562 4207
0.2912956939042963 0.1958256180509987 4208
0.5862928955241447 0.2421698248576913 4209
3.107073008582685 0.07325759681789991 4210
2.95736092924911 0.07325990309279201 4211
0.7524692993075995 0.1822004469858884 4212
0.7580765959529193 0.1879398576406374 4213
0.7449414620606393 0.1844957502176097 4214
0.6907280810563257 0.2179422172271681 4215
0.1625734926096214 0.1266933748756212 4216
0.7964561812197181 0.2305153209825225 4217
0.5250086922224279 0.229946542476515 4218
2.396228034550008 0.1960452199577982 4219
0.6633559042282752 0.1479280308327963 4220
0.1382371946135202 0.06488934969417746 4221
1.80381192666899 0.09715291413796492 4222
0.3803465415007266 0.1850392918357066 4223
0.2546119947719319 0.1570795318456835 4224
2.673493809501642 0.04889637836608818 4225
0.2746513761478763 0.2031256238548368 4226
-0.8886010892272577 0.2301405192130319 4227
3.888601089227145 0.2301405192130311 4228
-0.275092526061159 0.137747351958017 4229
0.4945914792930006 0.2327569740460404 4230
0.1717233193773028 0.1918247343018393 4231
-0.8878958135233218 0.02163098113029612 4232
3.887895813523009 0.02163098113032827 4233
2.518067239134928 0.2039992634300314 4234
0.2986569445655616 0.1349058707868392 4235
2.271650207217769 0.08207927113746999 4236
2.151846889854541 0.08207907745104327 4237
2.032043569092746 0.08207886946349133 4238
1.912240245096413 0.08207865548933886 4239
1.649740624060785 0.08195288120069323 4240
1.529937749424894 0.0819521645019276 4241
0.2913462481563069 0.1610424095759513 4242
1.410134877911895 0.08195144165048646 4243
2.47381088599838 0.2028292081031517 4244
0.9310037429529199 0.08196819279030958 4245
1.290332009523123 0.08195071264563185 4246
1.170529144255857 0.08194997748629118 4247
1.050726272928547 0.08194923836079043 4248
0.4059065597014714 0.2031112285388386 4249
2.729149077695653 0.1359544634890887 4250
0.7834212247735648 0.2301155917221112 4251
0.5977245288043809 0.1662590857451052 4252
0.2894119783023136 0.1447843009203074 4253
2.581149689396214 0.1623431262433304 4254
0.5401360048171258 0.1561948932368185 4255
0.3681378436789587 0.1532673083507134 4256
2.497121677963601 0.2431865654052732 4257
0.5535628226093131 0.08670945408915703 4258
0.1842332525409625 0.1108885543471627 4259
-0.003026348842014737 0.1619112834893913 4260
0.4842063689589686 0.01553240210153152 4261
0.7374323460164005 0.2192455430047657 4262
0.4794548681851613 0.2306366428666999 4263
0.1047155703257314 0.2071136076075017 4264
0.3613571112654884 0.05327210948083867 4265
-0.7830557433371838 0.07066695424701748 4266
3.783055743336291 0.07066695424692121 4267
0.4858106752665309 0.08586705748081119 4268
0.4793645682968142 0.1295608161405 4269
0.3506806664590737 0.05091634137589152 4270
0.3990228287436073 0.0628454969362167 4271
0.5685608342993692 0.1737343361588173 4272
0.5185319923863131 0.1128340578645003 4273
0.3929783228447828 0.1002130319086348 4274
-0.03104889606400914 0.02213917875456742 4275
0.7027206926216599 0.1508589928685957 4276
-0.07823655640205719 0.2289899396721426 4277
0.6249373038037377 0.09818204247372223 4278
2.476670215693508 0.0969543827925326 4279
0.1672119039358947 0.1151801666149443 4280
0.4506659697084239 0.1150678795439115 4281
2.577844311375104 0.0172969714927409 4282
0.1598603275744123 0.08120940912996072 4283
0.2401492610616296 0.13063640011914 4284
0.5604885428643517 0.1341426575355111 4285
1.829214107758837 0.2216030441802777 4286
0.4420669006135186 0.2431702159412062 4287
-0.7618283522526582 0.2041728853811287 4288
3.761828352252594 0.2041728853811228 4289
2.602783594254368 0.1918480050269764 4290
2.331772705347457 0.221363959161098 4291
1.253440202946235 0.2213024081069281 4292
1.709916480723714 0.2213829275638478 4293
0.482407338333332 0.1469280430586802 4294
0.3966888499651443 0.1797229454779796 4295
0.1045174896268868 0.1252006935177442 4296
2.754757587272807 0.05892239176983558 4297
2.777980780960186 0.06609729633682801 4298
2.06706786858405 0.1793314209041419 4299
2.306673895603878 0.1793314656884808 4300
2.186870882135023 0.1793314434499088 4301
1.734904173158093 0.1793313514236485 4302
1.947264854950824 0.1793313980511345 4303
1.827428202142583 0.1792929961672248 4304
2.505952794966834 0.1097153332700869 4305
0.1241919695989066 0.09151755110786597 4306
0.483202075911171 0.03523827623108923 4307
0.1982640508697186 0.2139263735597465 4308
0.2485215404013836 0.1053100668540142 4309
0.6447190776347091 0.2191249210913779 4310
0.4848855815772641 0.1689591142860667 4311
0.3736028816643673 0.1898224200006905 4312
0.4839044190546538 0.2084792421216736 4313
0.8712811099691706 0.2070356563120489 4314
1.111151098696606 0.2070455360039796 4315
1.350693869683424 0.2070309061386551 4316
1.235338364167035 0.2158694785534902 4317
1.732399815009796 0.2070295027058783 4318
2.30916792558191 0.2070388847162433 4319
2.189314922104421 0.207030906138676 4320
2.069584389367768 0.2070356194738923 4321
0.9911321430453709 0.2070185896175855 4322
1.590255109645543 0.206734228452202 4323
1.470344171184896 0.2070185914548816 4324
1.949502307870567 0.207041666540586 4325
0.6361804705440898 0.2211399726584952 4326
-0.8449184850574671 0.05864922675220651 4327
3.844918485057218 0.05864922675193728 4328
0.1859953870439726 0.1912490942829395 4329
0.2955744516209932 0.08454412075498081 4330
0.3464630818567342 0.2201840648914554 4331
-0.3516663070980863 0.1500757789486743 4332
3.351979664434483 0.1503074509233648 4333
-0.5011861040428041 0.1502710837456736 4334
3.501186104041788 0.1502710837456564 4335
-0.6503620854955665 0.1503517572745751 4336
3.650362085494892 0.1503517572745884 4337
1.616223635885631 0.2067954490165972 4338
1.496420628396905 0.2067954490165893 4339
1.706486366250902 0.2067838836510875 4340
2.335088857487487 0.2067820395710568 4341
1.855829650863056 0.2067954490165949 4342
1.264868509046453 0.2106625813540408 4343
1.017208598851692 0.2067954503804608 4344
3.942857475811725 0.1444997098651535 4345
-0.9428574758120583 0.1444997098657199 4346
-0.08682634730667796 0.01756270009666614 4347
0.2047775751890407 0.1506050326686872 4348
0.0433433745353558 0.1101527352137053 4349
0.2414607026278451 0.2428602865762715 4350
0.4956355655454691 0.1782497882005298 4351
2.520804378020479 0.1799699309384045 4352
0.4928065133233738 0.154972127497676 4353
0.5125632697494943 0.1350472538254933 4354
2.09164004209976 0.20682597238545 4355
1.133208303339431 0.2068323712849415 4356
2.880946485009073 0.2003633981319525 4357
2.424707165460601 0.2055643353372269 4358
0.3493444866040509 0.206358828566534 4359
2.423297261117996 0.1966248019359027 4360
2.417115465235726 0.1932466093441699 4361
0.8125862314450274 0.08477989709568323 4362
0.3010977096546885 0.2235245820654385 4363
0.1556569672336909 0.1657296990546258 4364
0.1773466005884137 0.08332051555736265 4365
0.6549288833638314 0.2080790043946555 4366
-0.000119227542977027 0.04874322562837354 4367
0.8077577595228043 0.1350500425693364 4368
0.7482718271164505 0.1994027534907123 4369
0.4040147944341494 0.08699764806701671 4370
0.7705856410904115 0.2216464155240656 4371
0.2140199736149415 0.1017929902949474 4372
0.8343389634279044 0.2215041098059805 4373
0.8117774585594079 0.2213776269189169 4374
1.529980113736284 0.2215159201228924 4375
1.074014830178296 0.2216512347572416 4376
1.889387525491911 0.2215758684962393 4377
1.672982424431878 0.2215285775841291 4378
1.050766507300655 0.2215758684954016 4379
1.553169834650894 0.2215258352710968 4380
2.271857345047159 0.2213023708255916 4381
1.912634694627354 0.2216511193503325 4382
1.649782686090089 0.2215155410834267 4383
2.705856474387163 0.1903487871143514 4384
0.5032842574960035 0.2441838841461957 4385
0.2325584883539309 0.08529805827532944 4386
-0.2773603058461804 0.1094333792124185 4387
0.1358726461726582 0.2428275835189984 4388
2.851351072005077 0.0460573221222638 4389
2.448940688104585 0.2063839835224474 4390
0.5789705981893244 0.05418506271379808 4391
1.975317337195006 0.2218476728271598 4392
2.21492412660078 0.2218475910362677 4393
1.376292422832643 0.2218558106973271 4394
0.5367634422298766 0.1263538188963118 4395
0.485384584012674 0.06065381598620406 4396
1.818338214250189 0.2126924084927269 4397
0.7648911081921433 0.2172433340880801 4398
0.8970879160753986 0.2218495831126372 4399
2.597612285463874 0.04934918180616558 4400
0.8539208498770933 0.1228534042430332 4401
0.5386963403598356 0.2180792026238667 4402
0.4237841728726158 0.1276506641633613 4403
0.4311729574842684 0.2018259676880847 4404
0.5705234343149637 0.1394961293806137 4405
2.430461557514597 0.1930637004525442 4406
2.430214347674828 0.1821429316853226 4407
2.425061073910028 0.231195082870424 4408
0.5845269329290266 0.145019055046068 4409
0.6725366167652069 0.2440225538400244 4410
0.2436067345437082 0.2304226475827025 4411
-0.6516528291258341 0.02062861867650638 4412
3.651652829125087 0.02062861867652645 4413
0.1781361574458165 0.1489849184181816 4414
0.06624324398755463 0.1827565337854013 4415
1.766717360092836 0.1281851291062774 4416
-0.8158604765420518 0.1032195803133076 4417
3.815860476541308 0.1032195803130312 4418
-0.9257959850613944 0.05036264796705521 4419
3.92579598506113 0.05036264796706207 4420
3.926453463319167 0.1985166957218495 4421
-0.9264534633193571 0.1985166957220438 4422
2.338456251196608 0.0169069738515473 4423
2.21869285563411 0.01694379363916873 4424
2.09890019620308 0.0169602212981236 4425
0.5220733360253282 0.1441010080043488 4426
0.4404222600949257 0.1574148818050791 4427
1.979107537496331 0.01697660020370614 4428
0.8227529811099086 0.2279317861953846 4429
1.859314184755593 0.01699310530791098 4430
-0.3353946879144387 0.1987594274084785 4431
0.942561455890093 0.2278508930656108 4432
2.020788722960771 0.2278508973692103 4433
2.380195825730339 0.2279618778689 4434
1.421780115299129 0.2279204096564892 4435
2.260299848817606 0.2278056964273946 4436
1.541576813974802 0.2279598544632357 4437
1.781182887696334 0.2274557051095241 4438
2.140598160231438 0.2279204096565042 4439
1.301977107810406 0.2279204096564912 4440
1.062365134200132 0.2280753181970817 4441
1.182173543574347 0.227851250504709 4442
1.661380171643726 0.2279598544632325 4443
1.900985836440955 0.2280753181970723 4444
1.741617926203588 0.01864975973597114 4445
0.7355949890944541 0.2339558996215174 4446
1.621098681363166 0.01782398591358215 4447
2.437991533326926 0.2173513260744097 4448
1.501312343967863 0.01783049741761517 4449
0.2923844571513568 0.1197689525639292 4450
3.764821539707359 0.1371308007910072 4451
-0.7648215397078528 0.137130800791005 4452
0.4482204271344621 0.2185303735989094 4453
1.381526008668526 0.01783697745236734 4454
0.369923280274254 0.05664424628892513 4455
0.9024208901099131 0.01800097368358065 4456
1.261739675470123 0.01784342606066939 4457
3.032947073839441 0.1974488277950116 4458
-0.07633661757026776 0.05681276939402943 4459
0.9282860931937063 0.1350515531863017 4460
1.527299917301148 0.1350513559385558 4461
1.407497070018451 0.1350513535217227 4462
1.287694224742197 0.1350513510635782 4463
1.16789138147199 0.1350513485638003 4464
1.048088540327959 0.1350513460913781 4465
3.182795561931714 0.197620994144082 4466
0.1035209333910385 0.08189456020074215 4467
1.141953344529885 0.0178498431380302 4468
-0.6277612036009761 0.2009183814860377 4469
3.627761203600486 0.20091838148598 4470
-0.4842939264323541 0.1980737084560117 4471
3.48429392643158 0.1980737084559225 4472
1.022167526338798 0.01785574235712419 4473
2.435623179686885 0.2422180912577389 4474
2.046599138528761 0.2307106127207157 4475
1.515766869555927 0.2307106127207231 4476
1.926796131040056 0.2307106127207263 4477
1.875175892022081 0.23071061272073 4478
1.994978899510808 0.2307106127207301 4479
2.114781906999524 0.2307106127207465 4480
2.234584914488247 0.230710612720733 4481
1.635569877044632 0.230710612720731 4482
1.156357847089748 0.2307106127207303 4483
2.286205153506217 0.2307106127207171 4484
1.276160854578467 0.2307106127207326 4485
1.447584101085176 0.2307106127207516 4486
1.567387108573888 0.2307106127207516 4487
1.327781093596461 0.230710612720738 4488
1.036554839601029 0.2307106127207357 4489
1.207978086107736 0.2307106127207293 4490
1.806993123551323 0.2307106127207412 4491
1.755372884533363 0.2307106127207406 4492
1.395963862067195 0.2307106127207412 4493
1.088175078619021 0.2307106127207484 4494
1.687190116062603 0.2307106127207466 4495
2.354387921976973 0.2307106127207346 4496
2.166402146017479 0.2307106127207603 4497
0.9167518326108829 0.2307106130741187 4498
0.9683720705350227 0.2307106132526082 4499
-0.1586440850420906 0.2034432917061502 4500
0.2841572087475643 0.158224993474026 4501
0.8485670973498685 0.2307123629693286 4502
1.31747139374402 0.1979049758082119 4503
1.077858675254666 0.1979189000850765 4504
1.197911272628865 0.1975496884508928 4505
1.916892602047448 0.1969480594516708 4506
1.765092236478564 0.1967967328861439 4507
2.276522693967236 0.1968281922931749 4508
1.556786825976561 0.1983366392186829 4509
1.437274211449974 0.1979049084930327 4510
1.797300911133056 0.1967864948771893 4511
2.036878203934871 0.1967103451469589 4512
2.156680042483076 0.1968514867371637 4513
0.9583048868900979 0.1975495480229998 4514
0.8382749475670301 0.197843910828547 4515
3.981387905865444 0.04432621047037834 4516
-0.9813879058653958 0.04432621047063354 4517
-0.9813651797329461 0.2057077576488559 4518
3.981365179732816 0.2057077576486701 4519
0.09220719275563921 0.135659714876288 4520
0.540843920919966 0.01416182678039376 4521
0.8101828982242258 0.1604663863406731 4522
0.3682617186711885 0.03512819206326278 4523
0.08781538573713291 0.08549317286574383 4524
0.3570870155694785 0.1293132044468677 4525
3.336533621426203 0.1973772527342454 4526
0.6734715700838005 0.1174139990326949 4527
0.7101963071899494 0.2327986162011413 4528
-0.1594672309022741 0.0458289403737185 4529
0.07083239904750271 0.04660185038094865 4530
0.3323598180403982 0.1889778398313375 4531
3.211979413773673 0.06434830384986033 4532
3.062279385199707 0.06434716811903524 4533
2.912579348817729 0.06434603897167182 4534
0.1422229746274028 0.1610070456210993 4535
1.79254513544499 0.0840622864142833 4536
0.3400679735148795 0.2153175543879141 4537
-0.5070344801659546 0.07271589013434657 4538
3.507034480164906 0.07271589013444349 4539
-0.3561319823047584 0.07314931985574653 4540
3.357407413139951 0.07264924111022586 4541
3.213136655844544 0.1847119868563474 4542
0.1667726021614768 0.2185132795521119 4543
0.4986685066234264 0.2036258521218381 4544
2.575373932163759 0.09317445450180432 4545
-0.3615049492975521 0.1865084165550772 4546
3.361385478239672 0.1864316653767673 4547
-0.5111378814730957 0.186459986541671 4548
3.511137881472106 0.1864599865415113 4549
1.794748951701912 0.1322625240588057 4550
-0.05777504968773921 0.1723405557027025 4551
0.2671919800859816 0.1005957144304251 4552
0.4552659065571668 0.2431402863440687 4553
0.3415427189068394 0.04989300830076937 4554
2.458712521458307 0.01738488717611126 4555
0.285942952657383 0.1816133307559496 4556
0.1963610371502785 0.2429058181374909 4557
0.5983354039412778 0.152180888855778 4558
0.3135480904756473 0.2433663642628405 4559
0.4890509215113583 0.1922783222027438 4560
2.272645763891124 0.1620731592684505 4561
2.033040095621017 0.162071637285564 4562
1.769346116278379 0.1612893574420164 4563
1.913237088132279 0.1620716372855765 4564
1.793448532960825 0.1614513640341282 4565
2.152842756402385 0.162073159268504 4566
0.6149104244017323 0.1829157411714308 4567
0.1220429985004956 0.01704405252641215 4568
1.830613542832884 0.2071829577120651 4569
2.084786650292668 0.1999385582830631 4570
2.076934819303589 0.2001296091723309 4571
1.965192921419569 0.1999223640238392 4572
1.485467176394246 0.1999062069008238 4573
1.477688650493004 0.2000119358960202 4574
1.597495957756908 0.2000110481136663 4575
1.957131811814867 0.2001296091724029 4576
1.605248319757327 0.1999718091716547 4577
2.204809690202745 0.1999225546304151 4578
1.836918993511803 0.1994652307316789 4579
1.7168543841581 0.1993512841760819 4580
2.324723654069973 0.1993512846512753 4581
2.196737826792266 0.2001296091724524 4582
1.845440087208811 0.1992328517150233 4583
1.725037203758541 0.2001296091724198 4584
1.237877451825082 0.2003880694322605 4585
2.316540834281049 0.2001296091724327 4586
1.245852338559417 0.2001701069909061 4587
1.118510759393853 0.2001296091724356 4588
1.126049331070702 0.2001701069909244 4589
1.365655346048137 0.2001701069909234 4590
1.358116774371292 0.2001296091724393 4591
0.9984762394506026 0.2000233856734138 4592
1.006234463359277 0.1999732106778336 4593
0.8864483439001049 0.2001783647097865 4594
0.8789094924628572 0.2001319065479764 4595
0.8020033217751483 0.1475438614906729 4596
0.5935578171120709 0.2439873524289763 4597
0.1341588700335358 0.1843155335239994 4598
2.431062671149391 0.2175543117038744 4599
0.5856969550216568 0.09740512509047906 4600
0.306306146924554 0.1901862772079856 4601
0.9270598575954021 0.1969879682987828 4602
1.8853810132745 0.1969849860076379 4603
2.245386489166392 0.1973216786852094 4604
1.406866182849474 0.1977345563506867 4605
1.287063175701245 0.1977345559962262 4606
1.646013781545765 0.197262493385212 4607
1.526228370064743 0.1974661763899931 4608
2.005228384713362 0.1969422317861377 4609
2.125646075390633 0.1976914547001538 4610
0.3547592475284114 0.1010320182763 4611
2.550108748637294 0.2154803715517619 4612
2.329925183164355 0.16902313593097 4613
2.210108946464755 0.1690180259684558 4614
2.090305938430194 0.1690180133773652 4615
1.970502930388493 0.1690180006144572 4616
1.850699922339706 0.1690179876798128 4617
1.711652857636037 0.1690230721085766 4618
0.2566399791471738 0.181743734925202 4619
-0.009037753883347724 0.08795118811436319 4620
0.88265862589198 0.2271592218061299 4621
0.2265931848970534 0.157223503238398 4622
1.002463365094629 0.2269701461603195 4623
1.960887515275421 0.227157473844151 4624
2.200493530252853 0.2271574738441632 4625
1.721952859969589 0.2271865665005303 4626
1.361483171938438 0.2274079137336024 4627
1.601478430177178 0.2266604440552684 4628
2.080691091132272 0.2260983686316708 4629
1.122266839975605 0.2264310540056168 4630
1.242311229207463 0.2275265076655183 4631
2.31962517806998 0.2271865665005319 4632
1.841761206186454 0.2271873221270526 4633
1.481675422688464 0.2266604440552243 4634
0.4652047580259866 0.1594889171625607 4635
0.5172906099335202 0.2233734361840917 4636
2.050739770891932 0.2444530642421891 4637
1.511627786471733 0.2442285305385198 4638
1.990838267147616 0.2444530642421848 4639
2.230444282125033 0.2444530642421821 4640
2.110641274636359 0.2444530642421885 4641
1.930935252151345 0.2442285085286372 4642
1.451724733448356 0.2444530642421865 4643
1.811133755914506 0.2444530642421853 4644
1.871035259658874 0.2444530642421986 4645
1.272020222215289 0.2444530642421931 4646
1.331921725959651 0.2444530642421895 4647
1.152217214726564 0.2444530642421963 4648
1.571526229685191 0.2442285085286405 4649
1.631430794360813 0.2442285305385311 4650
1.212118718470927 0.2444530642421971 4651
1.032414207237839 0.2444530642421955 4652
2.290345785869416 0.2444530642422107 4653
1.092314423604144 0.2442285715779938 4654
1.691330748425812 0.2444530642421949 4655
2.170542778380659 0.2444530642421901 4656
2.350247289613768 0.2444530642422125 4657
1.391823229704003 0.2444530642422 4658
1.751232252170166 0.2444530642422058 4659
0.9126111997491252 0.2444530644155697 4660
0.9725127034934877 0.2444530644998194 4661
0.8527077512923549 0.2442290270749838 4662
0.2774109350640041 0.2314303436866586 4663
0.06984883700618182 0.1265516224868374 4664
0.4324163006113571 0.2325016858146406 4665
2.483969802779673 0.1922267882785796 4666
0.484808367734493 0.1847690830861701 4667
0.159973734955204 0.08793987704577477 4668
0.3441117645977855 0.1521552041846059 4669
0.1728751560027526 0.03256927394076888 4670
2.778504066103197 0.02149441523889629 4671
3.062889424661123 0.1846832599355776 4672
2.913185717014751 0.1846892446578261 4673
2.488785942265835 0.08246471238163272 4674
0.3899227517031277 0.233277304971184 4675
0.7674784286138912 0.04449423071892682 4676
0.4130484559325319 0.1960694637874133 4677
2.558524000017518 0.2320962963223164 4678
0.903099325448036 0.1589889977006602 4679
1.022936153213057 0.1589876739140236 4680
0.2826128606859503 0.2435629461535187 4681
1.142739130570345 0.1589877319715682 4682
1.262521064160802 0.158979035409863 4683
1.382324035562157 0.1589791088320442 4684
1.50212700741022 0.1589791813384036 4685
1.622045742573106 0.1595900460202339 4686
0.5035631789899064 0.07398854810722187 4687
0.3153035596896044 0.1595531864575537 4688
0.2075535135131024 0.2345261261984217 4689
2.333590401401485 0.1114477131118968 4690
0.2367694930162436 0.1153398229305741 4691
0.8663855743772833 0.01987707963364155 4692
0.33655251631565 0.1634042569067682 4693
0.5852170144451245 0.2325971896842845 4694
0.6609229141111854 0.1948755493957733 4695
0.6662826081597807 0.1875407517843491 4696
0.6346622906823887 0.08921935958345359 4697
2.426950212436442 0.1108157344986689 4698
2.412838018425407 0.2422319875149278 4699
0.6348380215784437 0.2093048572769248 4700
0.9459436326573336 0.178518998975306 4701
1.065680833906848 0.1782634815177948 4702
1.185483841242597 0.1782634817173384 4703
1.305477461677739 0.1785190795797764 4704
1.425280469180683 0.1785190795892831 4705
1.545079595064664 0.1785234001601371 4706
2.14351724357951 0.1790729412522752 4707
2.023419998585495 0.1790478732550344 4708
1.903616991100584 0.179047873268825 4709
2.263312643091742 0.1790814095393018 4710
0.5482333574844545 0.06451943582956379 4711
0.4254480875776447 0.1662285644059919 4712
2.383103811407954 0.1787766843311893 4713
-0.7155582570344954 0.0467270571663074 4714
3.715558257033767 0.04672705716628558 4715
0.4746705065889105 0.1906138388481136 4716
0.2925524562594068 0.1880727278935459 4717
0.716418161499693 0.182586608803663 4718
0.6297087781790242 0.2325558247913168 4719
2.8433798255007 0.0678608051460745 4720
0.7268101544982455 0.1464346691457889 4721
2.656241753295539 0.1347747776051213 4722
0.9904675822988603 0.06628279755708737 4723
0.3264467837297075 0.08372725901317903 4724
0.4194721249386495 0.1388417501931913 4725
1.110274720907003 0.06628408449070221 4726
1.2300779383611 0.06628543064069334 4727
1.349881148902048 0.06628676036318951 4728
1.469684353721518 0.06628807363266438 4729
1.589487602104176 0.06628931225611999 4730
1.709292731055935 0.06629393636527736 4731
0.8567589808335603 0.2318216687232072 4732
0.9085288412407406 0.2317978167022586 4733
0.976579998196568 0.2317675640805933 4734
2.226361984142764 0.2317977883747251 4735
2.345557671970614 0.2311685347116925 4736
1.696020366068951 0.2311685347117023 4737
1.747156593429396 0.2317684209507178 4738
1.387740931721729 0.2317990980964207 4739
1.216194377211697 0.2317671112290219 4740
1.096380618800749 0.2318262463847876 4741
1.866977303687749 0.2318354330484665 4742
1.267476662755328 0.2307185389479086 4743
1.815675011595413 0.2307072891902174 4744
1.335997384700427 0.2317684209507155 4745
1.986755969165326 0.2317977883747281 4746
2.29441069368796 0.2318275561064636 4747
1.455792030202345 0.2317662555006642 4748
2.174618437121436 0.2317671112290342 4749
1.028356251301539 0.2318354330538013 4750
1.14814110621959 0.2317902914546731 4751
1.934992820633469 0.2318253160119657 4752
1.575583798167314 0.2318253160119838 4753
1.627371288710311 0.2318341233267785 4754
1.507568281221589 0.2318341233267758 4755
2.106565166129345 0.2317916011763811 4756
2.054815429632764 0.2317684209507136 4757
0.5310978052240274 0.2036381433795832 4758
2.343583811611231 0.1642231129280481 4759
2.224014037599543 0.1646545612226379 4760
2.104211020956026 0.1646545460506965 4761
1.984396626670118 0.1646450092676507 4762
1.864593609777575 0.1646449936809444 4763
1.697993654276335 0.1636229249891596 4764
2.972673258024516 0.1396533594584737 4765
3.122374457422985 0.1396537062971132 4766
-0.4262831963317285 0.1121817618440939 4767
3.426283200649876 0.1121816764759439 4768
-0.5764922779925181 0.1122558668619507 4769
3.576492277991703 0.112255866861943 4770
0.1709100623758392 0.09051367758390698 4771
-0.1888527990411675 0.2040345611010749 4772
3.853477008311414 0.2079662738195866 4773
-0.853477008311684 0.2079662738196072 4774
0.255141920352246 0.2438210375191232 4775
0.2831563862078059 0.01695161769146685 4776
2.273925524721802 0.1323212550426714 4777
2.154122371977157 0.1323211147938886 4778
2.034319217225844 0.1323209726073679 4779
1.914516060467718 0.1323208284832953 4780
1.647179765165996 0.1330452529476374 4781
0.1653729052114928 0.2064803302026095 4782
0.8569576327977176 0.1917179501976539 4783
0.864467501626079 0.1975672880330894 4784
0.3588003820014681 0.196956514452407 4785
0.8349561915384671 0.1623330646047842 4786
0.2266831254275893 0.2142529415363332 4787
0.6459466799223812 0.1120654208347656 4788
0.9767495006529364 0.1917386076434865 4789
0.9842643715764343 0.1975766348401627 4790
2.295489814582124 0.1918882549614991 4791
1.455961526668337 0.191738613368639 4792
1.104067377205538 0.1975766376667069 4793
1.336164643327394 0.1917407856829138 4794
1.746111681481062 0.191888517792258 4795
1.343673392182982 0.1975766376667175 4796
1.096561215724577 0.1917417036254667 4797
1.4634763996717 0.1975766376667226 4798
1.223278040380866 0.19660757024905 4799
1.216243166939764 0.1915469722914467 4800
1.583412691359351 0.1976344399473272 4801
1.936078860779949 0.1918653254738804 4802
1.575793778479723 0.1917510914922887 4803
2.302097452092765 0.1975766376667507 4804
1.739480585946834 0.197576637666741 4805
2.182294444603984 0.1975766376667462 4806
1.942688429626559 0.1975766376667222 4807
2.17567771765402 0.1918950823127929 4808
1.822861545370263 0.1972107773802897 4809
1.816339502387662 0.1917522466498784 4810
2.062491437115253 0.1975766376668134 4811
2.05588031935671 0.1918745644668772 4812
-0.04906060633578184 0.08004664492660042 4813
0.4572914403772647 0.1825263198424817 4814
0.7671207718293737 0.1995425068613037 4815
0.8251134701213069 0.1144217019919063 4816
0.1735218222350097 0.01742812772254326 4817
0.1556134736841343 0.01389088507066805 4818
0.4719165163798775 0.1394282390073433 4819
0.3130551106593498 0.2160749819352523 4820
0.4507534814461412 0.09902269366333644 4821
0.998779654366547 0.1631708004832542 4822
1.597794790224783 0.1631737049523637 4823
1.477990863682632 0.1631705062151945 4824
1.118582669961752 0.1631707821608273 4825
1.358187860521545 0.163170485112672 4826
1.238384857414677 0.1631704637433382 4827
0.878640763720884 0.163240653634435 4828
0.6451348409780258 0.163409755675293 4829
0.3816131549378284 0.09788242829880969 4830
0.2622456393142026 0.2126440841943626 4831
-0.9248585284014632 0.1257637399794552 4832
3.924858528401028 0.1257637399788607 4833
0.1824439298265295 0.1351520526877329 4834
0.3192346873059351 0.1830010376427935 4835
0.3166070466071911 0.2084519489207529 4836
3.278145175900481 0.1371739503136939 4837
2.697604790417194 0.01604743317652948 4838
2.459084777943974 0.2330506107664844 4839
0.7035940594224148 0.2173946346459583 4840
0.7748533027666069 0.20734391927764 4841
0.5534873586139289 0.2139382923482813 4842
0.5413458407666517 0.1949852067739458 4843
-0.01406054887472818 0.200168697679996 4844
0.5282254455922549 0.1876634225433608 4845
0.231131002314768 0.09403403835686786 4846
0.2253710461577006 0.2275214381568741 4847
2.409689552961148 0.2319514078126598 4848
0.9202495765791153 0.145688242062954 4849
1.759171430238327 0.1474768952904744 4850
1.519356621741478 0.1461946516213849 4851
1.399553727019015 0.1461946614235274 4852
1.279750833706897 0.1461946713379394 4853
1.159947941803685 0.1461946813668224 4854
1.040145047867544 0.1461947001970251 4855
0.463009212724719 0.1168773432765624 4856
-0.9103642071530809 0.08653571556374877 4857
3.910364207153035 0.08653571556354583 4858
0.7849883410807843 0.2429222918618821 4859
0.3964035635983453 0.2141001742530656 4860
-0.7264503627663195 0.2044514397530313 4861
3.726450362766262 0.2044514397530184 4862
1.783015717886541 0.1155587036090626 4863
-0.1892752724284256 0.04416341264330126 4864
0.2915794539806958 0.09487168357313129 4865
0.2569628756189593 0.1723903073256938 4866
0.06314623968311892 0.2372478247325697 4867
0.5712141676780879 0.1459352852295293 4868
0.3957268828810239 0.222583852083623 4869
2.580791416228 0.1165299948887262 4870
0.3285042600245175 0.1240759553351614 4871
0.3602230203129391 0.222184136789861 4872
2.657162075331877 0.2291417479244831 4873
0.8931902188373547 0.179530123868196 4874
0.549022930036358 0.1753942478828056 4875
0.4570384918834086 0.1004931628539724 4876
0.4780861379581856 0.2047210717180594 4877
0.5681028187364277 0.2230549944637183 4878
0.4050343364895119 0.1372616773930208 4879
1.012992326814651 0.1795197761677478 4880
1.132795334031689 0.179519773030053 4881
1.252598341520397 0.1795197730300388 4882
1.372401349009134 0.1795197730300371 4883
1.492204356497846 0.1795197730300196 4884
1.612007363986557 0.1795197730300245 4885
0.6439896831264055 0.1438627652496876 4886
0.321512194919338 0.1031156129420319 4887
2.257139657822638 0.113671594046525 4888
2.137336536859727 0.1136715660677441 4889
2.017533414074354 0.1136715381384125 4890
1.897730289466565 0.113671510258201 4891
1.664638990649989 0.1136764681553612 4892
1.544317778010109 0.114140666317533 4893
1.424514934851824 0.1141407420221049 4894
1.304712093586469 0.1141408183618709 4895
1.184909254213794 0.1141408953359271 4896
1.06510641724586 0.1141409743301498 4897
0.9453052681959014 0.1141456006460114 4898
0.6233574369370256 0.05259700261763235 4899
0.5448686255116253 0.1690079452482489 4900
0.4533211153438256 0.1520919357751006 4901
0.3959701074854068 0.1934356192201574 4902
2.473459919163873 0.2357792833527762 4903
0.8701491671441622 0.066846249090353 4904
0.2961819147746504 0.2428453385130973 4905
0.6862050233012985 0.1907046562479272 4906
2.622099282137098 0.1071520136129563 4907
0.5680881159695284 0.2139126614887344 4908
0.5835354414731297 0.1713947058407369 4909
-0.05607341170867416 0.1480791588264891 4910
0.1231371221946751 0.1637614629837225 4911
2.799654989447646 0.05451077842258804 4912
3.883928024182814 0.04268693088202206 4913
-0.8839280241831693 0.0426869308820069 4914
3.881938729541275 0.2071003075201616 4915
-0.8819387295415432 0.2071003075201282 4916
2.303202162323045 0.01803350220264724 4917
2.183420910872175 0.01803371430620052 4918
0.5705941237836613 0.1807790297867624 4919
0.9550328317227164 0.1630317867647881 4920
1.074835807079373 0.1630317590281163 4921
1.194638814670834 0.1630317593060615 4922
1.314441822270199 0.1630317595925219 4923
1.43424482986817 0.1630317598753541 4924
1.554047837464749 0.1630317601545421 4925
0.7212888375894372 0.2353958077733294 4926
2.063639584394334 0.01803389797322857 4927
0.4273526179018418 0.09702184896972432 4928
0.9075927577553468 0.1945920737245709 4929
0.900669202696546 0.1974430498753102 4930
1.943858260462223 0.01803405999605403 4931
2.392226325000856 0.1628044509004598 4932
1.027234293250645 0.1943084748048508 4933
1.02015280427051 0.1973120738708169 4934
1.865990399711026 0.1946219291274849 4935
1.858495452775484 0.1973424550869984 4936
1.696510661649829 0.1943084755118274 4937
1.703859524462932 0.197297998959221 4938
2.225408319807549 0.1946241438297326 4939
1.386791000622065 0.1945761417130484 4940
1.379881142717492 0.1974427916301478 4941
1.147037301502554 0.1943084755118753 4942
1.13988376384473 0.1980153264688238 4943
2.217997582074456 0.197260094652366 4944
1.506570539750975 0.1945650830702499 4945
1.26698799342605 0.1945761413712677 4946
1.499363677370317 0.1973240341672151 4947
1.259582237447456 0.1969277111127324 4948
1.626372572034598 0.1945657026108492 4949
2.345067376389767 0.1943084755119065 4950
2.33771804490802 0.1972976913068619 4951
1.619166311852497 0.1973256945081758 4952
1.978367575124691 0.197207483393539 4953
1.985776034874411 0.1946143229745226 4954
2.105703572098962 0.1947390614760921 4955
2.098159858523202 0.1988385004265612 4956
1.824089117784603 0.0179167052718273 4957
0.8583914499054657 0.1615057759222229 4958
2.422255525802854 0.01891430588133721 4959
1.703812637040059 0.0192913782557463 4960
0.05490470947336121 0.1526264502761169 4961
1.584017446583868 0.01929708159892909 4962
2.510175968792033 0.1536289111210498 4963
0.9776788896786055 0.1618748178239488 4964
1.097481902576736 0.1618747761239925 4965
1.57669390388929 0.1618748243463549 4966
1.456890903428359 0.1618748125137867 4967
1.337087903056776 0.1618748005296166 4968
1.217284902774533 0.1618747883938131 4969
1.464222261402465 0.0193027237323917 4970
0.2268001697409406 0.1391516803283438 4971
0.2618421778513884 0.199011990330925 4972
1.344427081484504 0.01930830471415688 4973
-0.2556311019620139 0.09235243425811746 4974
-0.690375063977644 0.01913878270133195 4975
3.69037506397692 0.0191387827013072 4976
2.143387093671251 0.2000845611897158 4977
2.263075359098872 0.2004144772493062 4978
1.544144988448339 0.2006796342989181 4979
1.30476604125022 0.2000845611897177 4980
1.424569048738947 0.2000845611897122 4981
2.382980716967154 0.2000868652377954 4982
1.224631906818726 0.01931382460165331 4983
0.2880281788653251 0.1741290573916623 4984
0.7695432533565071 0.2299345128751854 4985
0.7628713617943885 0.2326634942484275 4986
1.104836741104341 0.01931928044424042 4987
0.3843869752823113 0.1285742208819934 4988
-0.7651191870191565 0.1796144003507205 4989
3.765119187018959 0.1796144003506037 4990
0.9850537660770251 0.01931484024104236 4991
2.487802594330285 0.1621255259531958 4992
2.602592458502243 0.1488786715714773 4993
2.087738767400065 0.2206931169250392 4994
1.129195917826973 0.2208609053740843 4995
0.2149023735652644 0.1776351242107533 4996
0.2049820362109867 0.1694400084199583 4997
0.805689353685768 0.2431033970109264 4998
0.1452783452284204 0.03646295473625771 4999
1.963955757804466 0.2131582167781293 5000
2.203561772781857 0.2131582167781449 5001
1.364940720360848 0.2131582167781579 5002
0.1753898978819365 0.1085479053278032 5003
2.073699219159656 0.2208073765436571 5004
2.193498250474729 0.2207921279134274 5005
1.354733296902108 0.2205875101342964 5006
1.728168470605974 0.2209763530728385 5007
2.313404438986605 0.2209819598392103 5008
1.11531242573007 0.2207987719957378 5009
0.6238814203029276 0.1807409312972128 5010
0.8857250706133246 0.21315891649227 5011
1.040886044473907 0.1936179332215294 5012
1.042674748438494 0.1861385633827221 5013
1.683135516399761 0.1940771968565378 5014
1.680595820697127 0.1857780647862481 5015
1.160754342154776 0.1936261145170369 5016
1.162487080744491 0.1861397359069228 5017
2.358945538445098 0.193744784816835 5018
2.360963856219282 0.1857582892839841 5019
3.689973554994123 0.09912275893807071 5020
-0.6899735549948183 0.09912275893795432 5021
3.651512889824332 0.0966286505880839 5022
-0.6515128898250769 0.09662865058796531 5023
3.506779031418469 0.09675349237152119 5024
-0.5067790314195318 0.09675349237140991 5025
3.357092005604289 0.09673805762217207 5026
-0.3568732883723393 0.09694814014005361 5027
0.103940080724088 0.1524417864256878 5028
0.7158617512402841 0.1377693934847107 5029
0.1630873435113758 0.1679999781967579 5030
3.826400466506806 0.06332305997291111 5031
-0.8264004665073629 0.06332305997307418 5032
-0.2163475732420883 0.09551007517386802 5033
1.608638131027113 0.2206077902296422 5034
1.488835123538406 0.2206077902296281 5035
1.848143193133855 0.2209908687169576 5036
1.009641444368288 0.2204954323792137 5037
0.4181852923903802 0.2078402592223729 5038
0.9127210936646906 0.2077388461853948 5039
0.02595382536623334 0.05318694378791133 5040
1.03242946544394 0.2074171323226582 5041
1.87119681273403 0.207542897859968 5042
1.691431739087028 0.2069961952454629 5043
1.511645576831786 0.2074197122264825 5044
1.391886995500869 0.2077318957518455 5045
1.152094446475804 0.2073796987187456 5046
2.230748912438669 0.2071828124789832 5047
1.272067266012147 0.2080150747132752 5048
1.631424032867305 0.2073808776098532 5049
2.350090248726956 0.2077925933633473 5050
1.990947377387298 0.2077400649729265 5051
2.110607443992763 0.2074824281424264 5052
1.953843028412419 0.2208236978432894 5053
1.594467786063891 0.2209224713935745 5054
1.474672107695881 0.220914644728664 5055
0.99537917909104 0.2208602012497816 5056
0.875615052688417 0.2208229200366511 5057
-0.9595356523074076 0.1072737477824534 5058
3.95953565230719 0.1072737477817496 5059
0.672592672577065 0.2015249442342527 5060
3.871677504010528 0.1444883968560174 5061
-0.8716775040110432 0.14448839685628 5062
0.4014806729089495 0.1092950374250465 5063
2.429359401940248 0.2439787036492013 5064
2.659344211385986 0.08829368279981945 5065
0.1814455393350642 0.09659625917386756 5066
0.7187309733873949 0.1616025362641983 5067
0.5325384767992128 0.217506910520022 5068
2.330581114279451 0.1828055869537736 5069
2.210732198347036 0.1827927146621442 5070
2.090914593945661 0.1827562550458501 5071
1.971126183443364 0.1827927091790977 5072
1.851323151582962 0.1827878761850945 5073
1.710996923560486 0.1828055731254623 5074
0.2265030108396456 0.2072679414140451 5075
0.2008879821058484 0.1129753355717657 5076
2.444184641708286 0.2312172693297253 5077
0.7126715643063317 0.08814812968091562 5078
0.6506592965641176 0.1831638783001557 5079
0.5445465714118203 0.1160477079412443 5080
0.2207447377278573 0.01621422101473562 5081
0.6341215095242646 0.1578984700202416 5082
0.3921873710349499 0.1282695526186909 5083
1.976796605649309 0.2057055186248471 5084
2.216404660760404 0.2057099923713584 5085
1.378460290350742 0.205369678125611 5086
0.7004454613914888 0.1914841834748907 5087
2.409753634084343 0.1960060979965311 5088
0.8992477481197347 0.20537271075705 5089
-0.3261895183451543 0.04588732154378594 5090
2.631038669256215 0.04311137285743675 5091
0.3067965044221727 0.13691664106004 5092
2.882043996759635 0.1070061708484368 5093
0.1382287415823606 0.1678074188500739 5094
2.452935416057708 0.2128094590682554 5095
-0.0390070735080395 0.04224420112992213 5096
2.486352914597113 0.132561010871421 5097
0.6485450963954891 0.09630842491527078 5098
-0.1255031775207281 0.07365948316074 5099
0.6301315970264639 0.07641978408693827 5100
2.498217155864287 0.2129206443742823 5101
0.6866801400331485 0.1623607436102585 5102
0.6216383403597275 0.2273903392788237 5103
0.7369849022613146 0.02863140308518942 5104
0.4247285878566899 0.2436316025555521 5105
0.5541054522660245 0.1989881972270516 5106
0.5354823064372647 0.05889816174153624 5107
0.3839885491758878 0.2183972177047094 5108
2.490017465017288 0.2449348753300321 5109
0.510296775572926 0.01304541226087222 5110
0.2502885914006365 0.1922046164026322 5111
0.5655116550417916 0.0783746041202959 5112
2.987844351686903 0.100015937648762 5113
3.137545818598175 0.1000178810148475 5114
0.4792132999745791 0.1379271928823352 5115
0.5662918540800973 0.1603454042717826 5116
1.251137207927569 0.2068837997115678 5117
0.583379613078597 0.1579528004215198 5118
0.3667875877168942 0.126531259540392 5119
0.3832038442462347 0.1611572635920954 5120
0.2670571916184476 0.2239549766056799 5121
0.1892023255877303 0.105720781414692 5122
0.6372664089772694 0.1225380117564882 5123
2.430594750874354 0.1677632964182375 5124
0.1986137910121636 0.1946740064746914 5125
0.03732061617454983 0.1627622970757195 5126
1.488703332775566 0.2053646945871046 5127
1.608501967439156 0.2053778150412758 5128
1.848243638637031 0.2052227653565418 5129
1.713960533522042 0.2055072805490953 5130
2.327617102501442 0.2055070171769879 5131
1.009487166872491 0.2053780962228716 5132
0.7434418083054876 0.2229570590009461 5133
0.651854460141108 0.1486325090377298 5134
2.525414402877226 0.1638063550085929 5135
0.08854656303929964 0.2106038663092296 5136
2.499545224982557 0.1652690651820589 5137
0.17042015471983 0.05188721277906927 5138
0.4136549054008307 0.1157765681352923 5139
2.417337697477435 0.1627362078759811 5140
0.2347307368783955 0.1071380909567274 5141
0.3250079122873286 0.1107102671694135 5142
0.9930802613176564 0.1797251189207497 5143
1.002697559204243 0.1851551714762296 5144
1.112880792390556 0.1797370101519225 5145
1.121788861706784 0.1850695171936294 5146
1.592095298826954 0.1797252961846375 5147
1.601709502912486 0.1851545167933858 5148
1.47229223556245 0.1797251015732167 5149
1.481906593670749 0.1851539270315399 5150
1.35248675719739 0.1797369927754591 5151
1.361380361101891 0.1851244055777952 5152
1.232669626864716 0.1797540657727759 5153
1.241550831021451 0.1851561380124392 5154
0.5575396062756124 0.1663221611294639 5155
0.4528321937927813 0.1597476303290384 5156
0.9814060014676743 0.1331254552884943 5157
1.101210456404826 0.1331213008487418 5158
1.221013411294762 0.1331214193034046 5159
1.340816366389286 0.1331215375795813 5160
1.460619322144165 0.1331216543781025 5161
1.580425457133568 0.1331271512287661 5162
1.700219263623588 0.1331521109084535 5163
1.862087410234847 0.1331703302428301 5164
1.981890773720455 0.1331706528447139 5165
2.101693952458999 0.1331707690482906 5166
2.221497128881513 0.1331708837041756 5167
2.34169521617812 0.1352121851282791 5168
0.2371900915353062 0.2164766964505885 5169
0.790819081939458 0.1928444076947984 5170
0.4344436588769464 0.186674651657344 5171
0.8732747992025619 0.1797317041529881 5172
0.882884900917442 0.1851561693707699 5173
0.4316266297966745 0.1323188341569992 5174
0.1417707098819543 0.1832558866836009 5175
NMARK= 6
MARKER_TAG= Airfoil1
MARKER_ELEMS= 66
3 0 6 
3 6 7 
3 7 8 
3 8 9 
3 9 10 
3 10 11 
3 11 12 
3 12 13 
3 13 14 
3 14 15 
3 15 16 
3 16 17 
3 17 18 
3 18 19 
3 19 20 
3 20 21 
3 21 22 
3 22 23 
3 23 24 
3 24 25 
3 25 26 
3 26 27 
3 27 28 
3 28 29 
3 29 30 
3 30 31 
3 31 32 
3 32 33 
3 33 34 
3 34 35 
3 35 36 
3 36 37 
3 37 38 
3 38 39 
3 39 40 
3 40 41 
3 41 42 
3 42 43 
3 43 44 
3 44 45 
3 45 46 
3 46 47 
3 47 48 
3 48 49 
3 49 50 
3 50 51 
3 51 52 
3 52 53 
3 53 54 
3 54 55 
3 55 56 
3 56 57 
3 57 58 
3 58 59 
3 59 60 
3 60 61 
3 61 62 
3 62 63 
3 63 64 
3 64 65 
3 65 66 
3 66 67 
3 67 68 
3 68 69 
3 69 70 
3 70 0 
MARKER_TAG= Airfoil2
MARKER_ELEMS= 27
3 1 71 
3 71 72 
3 72 73 
3 73 74 
3 74 75 
3 75 76 
3 76 77 
3 77 78 
3 78 79 
3 79 80 
3 80 81 
3 81 82 
3 82 83 
3 83 84 
3 84 85 
3 85 86 
3 86 87 
3 87 88 
3 88 89 
3 89 90 
3 90 91 
3 91 92 
3 92 93 
3 93 94 
3 94 95 
3 95 96 
3 96 1 
MARKER_TAG= inlet
MARKER_ELEMS= 9
3 5 598 
3 598 599 
3 599 600 
3 600 601 
3 601 602 
3 602 603 
3 603 604 
3 604 605 
3 605 2 
MARKER_TAG= outlet
MARKER_ELEMS= 9
3 3 263 
3 263 264 
3 264 265 
3 265 266 
3 266 267 
3 267 268 
3 268 269 
3 269 270 
3 270 4 
MARKER_TAG= bottom
MARKER_ELEMS= 167
3 2 97 
3 97 98 
3 98 99 
3 99 100 
3 100 101 
3 101 102 
3 102 103 
3 103 104 
3 104 105 
3 105 106 
3 106 107 
3 107 108 
3 108 109 
3 109 110 
3 110 111 
3 111 112 
3 112 113 
3 113 114 
3 114 115 
3 115 116 
3 116 117 
3 117 118 
3 118 119 
3 119 120 
3 120 121 
3 121 122 
3 122 123 
3 123 124 
3 124 125 
3 125 126 
3 126 127 
3 127 128 
3 128 129 
3 129 130 
3 130 131 
3 131 132 
3 132 133 
3 133 134 
3 134 135 
3 135 136 
3 136 137 
3 137 138 
3 138 139 
3 139 140 
3 140 141 
3 141 142 
3 142 143 
3 143 144 
3 144 145 
3 145 146 
3 146 147 
3 147 148 
3 148 149 
3 149 150 
3 150 151 
3 151 152 
3 152 153 
3 153 154 
3 154 155 
3 155 156 
3 156 157 
3 157 158 
3 158 159 
3 159 160 
3 160 161 
3 161 162 
3 162 163 
3 163 164 
3 164 165 
3 165 166 
3 166 167 
3 167 168 
3 168 169 
3 169 170 
3 170 171 
3 171 172 
3 172 173 
3 173 174 
3 174 175 
3 175 176 
3 176 177 
3 177 178 
3 178 179 
3 179 180 
3 180 181 
3 181 182 
3 182 183 
3 183 184 
3 184 185 
3 185 186 
3 186 187 
3 187 188 
3 188 189 
3 189 190 
3 190 191 
3 191 192 
3 192 193 
3 193 194 
3 194 195 
3 195 196 
3 196 197 
3 197 198 
3 198 199 
3 199 200 
3 200 201 
3 201 202 
3 202 203 
3 203 204 
3 204 205 
3 205 206 
3 206 207 
3 207 208 
3 208 209 
3 209 210 
3 210 211 
3 211 212 
3 212 213 
3 213 214 
3 214 215 
3 215 216 
3 216 217 
3 217 218 
3 218 219 
3 219 220 
3 220 221 
3 221 222 
3 222 223 
3 223 224 
3 224 225 
3 225 226 
3 226 227 
3 227 228 
3 228 229 
3 229 230 
3 230 231 
3 231 232 
3 232 233 
3 233 234 
3 234 235 
3 235 236 
3 236 237 
3 237 238 
3 238 239 
3 239 240 
3 240 241 
3 241 242 
3 242 243 
3 243 244 
3 244 245 
3 245 246 
3 246 247 
3 247 248 
3 248 249 
3 249 250 
3 250 251 
3 251 252 
3 252 253 
3 253 254 
3 254 255 
3 255 256 
3 256 257 
3 257 258 
3 258 259 
3 259 260 
3 260 261 
3 261 262 
3 262 3 
MARKER_TAG= top
MARKER_ELEMS= 328
3 4 271 
3 271 272 
3 272 273 
3 273 274 
3 274 275 
3 275 276 
3 276 277 
3 277 278 
3 278 279 
3 279 280 
3 280 281 
3 281 282 
3 282 283 
3 283 284 
3 284 285 
3 285 286 
3 286 287 
3 287 288 
3 288 289 
3 289 290 
3 290 291 
3 291 292 
3 292 293 
3 293 294 
3 294 295 
3 295 296 
3 296 297 
3 297 298 
3 298 299 
3 299 300 
3 300 301 
3 301 302 
3 302 303 
3 303 304 
3 304 305 
3 305 306 
3 306 307 
3 307 308 
3 308 309 
3 309 310 
3 310 311 
3 311 312 
3 312 313 
3 313 314 
3 314 315 
3 315 316 
3 316 317 
3 317 318 
3 318 319 
3 319 320 
3 320 321 
3 321 322 
3 322 323 
3 323 324 
3 324 325 
3 325 326 
3 326 327 
3 327 328 
3 328 329 
3 329 330 
3 330 331 
3 331 332 
3 332 333 
3 333 334 
3 334 335 
3 335 336 
3 336 337 
3 337 338 
3 338 339 
3 339 340 
3 340 341 
3 341 342 
3 342 343 
3 343 344 
3 344 345 
3 345 346 
3 346 347 
3 347 348 
3 348 349 
3 349 350 
3 350 351 
3 351 352 
3 352 353 
3 353 354 
3 354 355 
3 355 356 
3 356 357 
3 357 358 
3 358 359 
3 359 360 
3 360 361 
3 361 362 
3 362 363 
3 363 364 
3 364 365 
3 365 366 
3 366 367 
3 367 368 
3 368 369 
3 369 370 
3 370 371 
3 371 372 
3 372 373 
3 373 374 
3 374 375 
3 375 376 
3 376 377 
3 377 378 
3 378 379 
3 379 380 
3 380 381 
3 381 382 
3 382 383 
3 383 384 
3 384 385 
3 385 386 
3 386 387 
3 387 388 
3 388 389 
3 389 390 
3 390 391 
3 391 392 
3 392 393 
3 393 394 
3 394 395 
3 395 396 
3 396 397 
3 397 398 
3 398 399 
3 399 400 
3 400 401 
3 401 402 
3 402 403 
3 403 404 
3 404 405 
3 405 406 
3 406 407 
3 407 408 
3 408 409 
3 409 410 
3 410 411 
3 411 412 
3 412 413 
3 413 414 
3 414 415 
3 415 416 
3 416 417 
3 417 418 
3 418 419 
3 419 420 
3 420 421 
3 421 422 
3 422 423 
3 423 424 
3 424 425 
3 425 426 
3 426 427 
3 427 428 
3 428 429 
3 429 430 
3 430 431 
3 431 432 
3 432 433 
3 433 434 
3 434 435 
3 435 436 
3 436 437 
3 437 438 
3 438 439 
3 439 440 
3 440 441 
3 441 442 
3 442 443 
3 443 444 
3 444 445 
3 445 446 
3 446 447 
3 447 448 
3 448 449 
3 449 450 
3 450 451 
3 451 452 
3 452 453 
3 453 454 
3 454 455 
3 455 456 
3 456 457 
3 457 458 
3 458 459 
3 459 460 
3 460 461 
3 461 462 
3 462 463 
3 463 464 
3 464 465 
3 465 466 
3 466 467 
3 467 468 
3 468 469 
3 469 470 
3 470 471 
3 471 472 
3 472 473 
3 473 474 
3 474 475 
3 475 476 
3 476 477 
3 477 478 
3 478 479 
3 479 480 
3 480 481 
3 481 482 
3 482 483 
3 483 484 
3 484 485 
3 485 486 
3 486 487 
3 487 488 
3 488 489 
3 489 490 
3 490 491 
3 491 492 
3 492 493 
3 493 494 
3 494 495 
3 495 496 
3 496 497 
3 497 498 
3 498 499 
3 499 500 
3 500 501 
3 501 502 
3 502 503 
3 503 504 
3 504 505 
3 505 506 
3 506 507 
3 507 508 
3 508 509 
3 509 510 
3 510 511 
3 511 512 
3 512 513 
3 513 514 
3 514 515 
3 515 516 
3 516 517 
3 517 518 
3 518 519 
3 519 520 
3 520 521 
3 521 522 
3 522 523 
3 523 524 
3 524 525 
3 525 526 
3 526 527 
3 527 528 
3 528 529 
3 529 530 
3 530 531 
3 531 532 
3 532 533 
3 533 534 
3 534 535 
3 535 536 
3 536 537 
3 537 538 
3 538 539 
3 539 540 
3 540 541 
3 541 542 
3 542 543 
3 543 544 
3 544 545 
3 545 546 
3 546 547 
3 547 548 
3 548 549 
3 549 550 
3 550 551 
3 551 552 
3 552 553 
3 553 554 
3 554 555 
3 555 556 
3 556 557 
3 557 558 
3 558 559 
3 559 560 
3 560 561 
3 561 562 
3 562 563 
3 563 564 
3 564 565 
3 565 566 
3 566 567 
3 567 568 
3 568 569 
3 569 570 
3 570 571 
3 571 572 
3 572 573 
3 573 574 
3 574 575 
3 575 576 
3 576 577 
3 577 578 
3 578 579 
3 579 580 
3 580 581 
3 581 582 
3 582 583 
3 583 584 
3 584 585 
3 585 586 
3 586 587 
3 587 588 
3 588 589 
3 589 590 
3 590 591 
3 591 592 
3 592 593 
3 593 594 
3 594 595 
3 595 596 
3 596 597 
3 597 5 
