NDIME= 2
NELEM= 3489
5 20 410 1486 0
5 123 413 1486 1
5 410 123 1486 2
5 1091 1117 1587 3
5 1057 321 1147 4
5 331 1031 1754 5
5 1459 1451 1487 6
5 995 1484 1764 7
5 371 1136 1506 8
5 1196 680 1201 9
5 883 1150 1886 10
5 1136 865 1506 11
5 16 413 1061 12
5 794 845 1257 13
5 1394 1459 1487 14
5 389 1170 1172 15
5 82 70 0 16
5 907 1604 1630 17
5 1471 731 1533 18
5 731 1425 1533 19
5 1125 1524 1564 20
5 1381 1333 1407 21
5 1220 1219 1442 22
5 343 1128 1129 23
5 409 12 421 24
5 881 882 883 25
5 1489 994 1569 26
5 343 1127 1128 27
5 1279 403 1550 28
5 1031 331 1478 29
5 1034 395 1556 30
5 1442 1219 1567 31
5 725 1381 1407 32
5 998 884 1527 33
5 1538 861 1726 34
5 421 14 1061 35
5 1100 519 1140 36
5 1706 422 1720 37
5 350 1349 1353 38
5 995 989 1484 39
5 1125 876 1524 40
5 1100 1140 1860 41
5 1144 1516 1638 42
5 858 1152 1539 43
5 1484 989 1839 44
5 896 1020 1101 45
5 970 984 1026 46
5 703 1249 1417 47
5 995 441 1530 48
5 395 1034 1825 49
5 827 1538 1726 50
5 1604 1100 1630 51
5 1044 481 1045 52
5 1490 1045 1665 53
5 394 987 1817 54
5 1002 333 1820 55
5 362 1102 1485 56
5 403 1279 1580 57
5 429 431 1095 58
5 37 38 1722 59
5 877 378 1153 60
5 698 1131 1416 61
5 1091 328 1117 62
5 378 877 1521 63
5 877 1302 1521 64
5 1144 1145 1516 65
5 1302 877 1597 66
5 1102 860 1485 67
5 70 83 69 68
5 1170 389 1171 69
5 1570 1350 1769 70
5 1010 1610 1698 71
5 1026 984 1734 72
5 83 84 418 73
5 1213 1212 1221 74
5 461 481 1044 75
5 547 1081 1083 76
5 1439 1218 1640 77
5 1014 1016 1097 78
5 1604 907 1686 79
5 330 1501 1575 80
5 467 490 1536 81
5 884 998 1551 82
5 384 1107 1109 83
5 1421 1250 1582 84
5 735 1389 1552 85
5 1536 490 1861 86
5 843 1041 1616 87
5 1389 735 1624 88
5 36 37 1722 89
5 935 928 1011 90
5 1629 1630 1777 91
5 1044 1045 1490 92
5 1014 1015 1016 93
5 122 1599 1693 94
5 1302 1597 1652 95
5 1250 1249 1582 96
5 1181 1516 1731 97
5 377 1302 1652 98
5 1625 1263 1669 99
5 808 1279 1280 100
5 987 1713 1854 101
5 81 0 405 102
5 482 544 1121 103
5 1152 326 1539 104
5 1031 1028 1754 105
5 735 1394 1487 106
5 1249 1248 1417 107
5 1218 1221 1640 108
5 1195 1196 1201 109
5 1163 361 1618 110
5 361 1163 1673 111
5 935 1014 1705 112
5 1584 977 1591 113
5 1349 350 1767 114
5 725 1380 1381 115
5 1131 1130 1416 116
5 1101 1020 1784 117
5 441 995 1764 118
5 1394 735 1552 119
5 486 1021 1022 120
5 1054 1024 1829 121
5 806 794 1257 122
5 882 129 1526 123
5 384 1109 1566 124
5 1610 954 1698 125
5 865 1313 1506 126
5 1380 725 1519 127
5 985 1817 1854 128
5 580 582 1346 129
5 1144 812 1522 130
5 1014 1012 1015 131
5 1023 1024 1054 132
5 1553 1330 1696 133
5 375 1246 1247 134
5 1197 388 1199 135
5 726 1347 1348 136
5 977 1584 1628 137
5 987 323 1713 138
5 1313 865 1581 139
5 1003 1002 1820 140
5 1389 1624 1675 141
5 864 1255 1580 142
5 1156 316 1637 143
5 1006 963 1023 144
5 1390 1389 1675 145
5 481 1010 1045 146
5 1027 1028 1031 147
5 1039 315 1561 148
5 805 718 1568 149
5 1516 1145 1731 150
5 324 1096 1114 151
5 367 1216 1217 152
5 910 1629 1777 153
5 727 1130 1422 154
5 370 1313 1581 155
5 1064 805 1568 156
5 104 105 1474 157
5 1013 1027 1031 158
5 1527 898 1700 159
5 333 1002 1498 160
5 477 482 1121 161
5 1243 1242 1251 162
5 370 1581 1642 163
5 752 1191 1195 164
5 129 394 1526 165
5 1041 273 1616 166
5 993 994 1489 167
5 1425 1375 1533 168
5 966 975 1019 169
5 1817 987 1854 170
5 1022 1021 1042 171
5 1093 983 1607 172
5 375 1245 1246 173
5 425 423 428 174
5 1050 314 1736 175
5 1084 661 1087 176
5 1072 935 1705 177
5 1375 1425 1609 178
5 1057 1147 1856 179
5 106 107 1200 180
5 1646 1795 1886 181
5 1000 1743 1796 182
5 800 1625 1669 183
5 860 1314 1485 184
5 662 1489 1569 185
5 1501 1019 1575 186
5 945 1008 1882 187
5 1193 104 1474 188
5 1013 959 1027 189
5 1081 547 1085 190
5 131 323 987 191
5 1691 1206 1739 192
5 1206 1207 1739 193
5 1006 1023 1054 194
5 1417 1248 1615 195
5 1038 1510 1575 196
5 983 1093 1790 197
5 942 1048 1499 198
5 386 1016 1160 199
5 1115 848 1611 200
5 1151 770 1749 201
5 1314 860 1547 202
5 1212 695 1221 203
5 1554 1446 1698 204
5 118 426 1773 205
5 882 884 1793 206
5 1279 808 1580 207
5 726 1346 1347 208
5 486 453 1021 209
5 700 1343 1345 210
5 906 1004 1881 211
5 918 921 1062 212
5 69 83 418 213
5 753 1375 1609 214
5 103 104 1193 215
5 1350 1543 1769 216
5 1142 1144 1522 217
5 1496 317 1644 218
5 1375 753 1662 219
5 869 1397 1605 220
5 1024 1134 1829 221
5 1152 778 1759 222
5 844 1056 1576 223
5 1257 845 1744 224
5 367 1215 1216 225
5 1649 1294 1681 226
5 1484 447 1764 227
5 982 1151 1749 228
5 118 119 1721 229
5 883 882 1793 230
5 361 1314 1547 231
5 1157 1156 1637 232
5 1496 1644 1856 233
5 945 947 1008 234
5 880 1657 1742 235
5 1024 1025 1134 236
5 1062 921 1889 237
5 1037 820 1051 238
5 1133 1553 1696 239
5 980 960 1072 240
5 1449 1276 1873 241
5 331 59 1478 242
5 1248 1251 1615 243
5 1627 399 1646 244
5 970 1026 1870 245
5 1015 1050 1736 246
5 361 1547 1618 247
5 1032 811 1055 248
5 1601 1306 1715 249
5 129 130 394 250
5 203 204 1283 251
5 1098 519 1099 252
5 1078 1076 1079 253
5 1587 1117 1759 254
5 1192 337 1193 255
5 881 128 882 256
5 1206 370 1642 257
5 906 909 1004 258
5 746 811 1032 259
5 763 820 1037 260
5 742 807 1033 261
5 1056 282 1576 262
5 1653 1055 1684 263
5 336 1018 1768 264
5 370 1206 1691 265
5 1030 1039 1561 266
5 738 805 1036 267
5 1578 1535 1762 268
5 1255 403 1580 269
5 431 661 1095 270
5 1657 319 1742 271
5 1019 975 1575 272
5 781 1657 1726 273
5 1016 386 1789 274
5 661 1084 1095 275
5 962 945 1882 276
5 59 60 1478 277
5 1022 1042 1729 278
5 898 1527 1817 279
5 406 6 407 280
5 928 930 1011 281
5 960 925 1072 282
5 1124 325 1125 283
5 1673 1163 1719 284
5 981 1501 1514 285
5 1082 1545 1704 286
5 1199 388 1200 287
5 38 425 1722 288
5 958 974 1059 289
5 1216 1213 1221 290
5 270 1115 1611 291
5 1099 519 1100 292
5 1349 1347 1353 293
5 1343 700 1437 294
5 1163 1164 1719 295
5 155 1608 1695 296
5 333 1498 1661 297
5 935 1011 1888 298
5 1242 683 1251 299
5 547 1083 1634 300
5 726 580 1346 301
5 582 700 1346 302
5 494 1101 1784 303
5 67 404 1046 304
5 318 1054 1829 305
5 1308 1503 1590 306
5 68 418 1887 307
5 112 1699 1820 308
5 1045 1010 1698 309
5 964 906 1881 310
5 1033 807 1116 311
5 1014 1097 1705 312
5 1134 1047 1829 313
5 939 942 1499 314
5 1463 749 1562 315
5 126 127 1796 316
5 1236 1237 1702 317
5 990 995 1844 318
5 519 475 1140 319
5 700 1345 1346 320
5 963 915 1023 321
5 338 1007 1655 322
5 786 826 1052 323
5 337 103 1193 324
5 478 519 1098 325
5 998 1527 1700 326
5 1130 1128 1422 327
5 1702 1237 1746 328
5 904 964 1053 329
5 1130 727 1416 330
5 277 326 1118 331
5 394 130 987 332
5 1124 1125 1463 333
5 1074 327 1076 334
5 1699 1003 1820 335
5 1015 1013 1050 336
5 954 1554 1698 337
5 1078 1079 1080 338
5 680 1196 1771 339
5 1114 1096 1789 340
5 405 1000 1647 341
5 751 1649 1681 342
5 1658 191 1717 343
5 1109 1111 1566 344
5 1158 337 1192 345
5 752 1195 1201 346
5 280 325 1124 347
5 1034 322 1792 348
5 1100 1604 1828 349
5 807 1036 1119 350
5 544 1120 1121 351
5 388 1197 1474 352
5 981 1514 1779 353
5 334 1088 1089 354
5 1118 1152 1759 355
5 1777 1630 1860 356
5 1055 1462 1684 357
5 463 461 1044 358
5 321 1057 1872 359
5 107 336 1200 360
5 388 106 1200 361
5 518 436 1151 362
5 722 1449 1873 363
5 923 958 1059 364
5 1178 1601 1715 365
5 1092 487 1093 366
5 1007 338 1834 367
5 896 1101 1606 368
5 959 936 1027 369
5 439 1087 1671 370
5 1397 869 1818 371
5 334 114 1088 372
5 975 1038 1575 373
5 1246 1243 1251 374
5 1013 1031 1050 375
5 422 1706 1898 376
5 1283 204 1805 377
5 124 125 1017 378
5 1498 862 1661 379
5 1191 1192 1195 380
5 756 1443 1724 381
5 457 1026 1734 382
5 1076 327 1579 383
5 1150 1627 1646 384
5 1838 1214 1877 385
5 1276 1449 1503 386
5 1036 805 1482 387
5 1052 826 1135 388
5 1531 1070 1619 389
5 1214 1215 1877 390
5 973 979 1001 391
5 128 129 882 392
5 313 1505 1535 393
5 1350 1351 1543 394
5 105 388 1474 395
5 1706 427 1898 396
5 116 327 1073 397
5 1105 962 1106 398
5 1077 1076 1078 399
5 1586 863 1725 400
5 811 1033 1462 401
5 969 965 981 402
5 1287 1112 1765 403
5 921 1059 1889 404
5 1080 1079 1084 405
5 1724 1443 1769 406
5 1351 247 1716 407
5 1463 1125 1836 408
5 1566 1111 1680 409
5 471 487 1092 410
5 975 976 1038 411
5 1342 1343 1437 412
5 322 1034 1556 413
5 86 318 1047 414
5 973 960 979 415
5 820 1032 1511 416
5 247 1351 1767 417
5 1118 326 1152 418
5 1539 1463 1562 419
5 969 981 1156 420
5 505 547 1634 421
5 317 1038 1644 422
5 722 1274 1751 423
5 1174 1531 1619 424
5 958 960 973 425
5 68 69 418 426
5 1005 1006 1034 427
5 1073 327 1074 428
5 958 925 960 429
5 420 36 1722 430
5 1038 317 1643 431
5 1236 377 1652 432
5 1043 463 1044 433
5 952 965 969 434
5 1274 722 1873 435
5 1023 961 1024 436
5 840 1585 1632 437
5 1010 481 1893 438
5 1005 963 1006 439
5 1586 101 1623 440
5 923 925 958 441
5 943 962 1105 442
5 418 84 419 443
5 543 1020 1648 444
5 176 1565 1635 445
5 913 915 963 446
5 1249 703 1582 447
5 1034 1006 1825 448
5 377 1236 1702 449
5 1056 1753 1874 450
5 915 961 1023 451
5 1042 956 1729 452
5 1021 491 1042 453
5 995 1530 1844 454
5 1171 360 1761 455
5 416 1279 1550 456
5 1027 957 1028 457
5 965 966 1019 458
5 1608 1220 1695 459
5 360 1171 1815 460
5 1020 543 1784 461
5 127 128 881 462
5 1172 1170 1173 463
5 1543 1351 1716 464
5 796 855 1120 465
5 878 1658 1717 466
5 863 831 1725 467
5 1059 974 1668 468
5 848 1115 1794 469
5 1288 1479 1492 470
5 518 1151 1884 471
5 902 904 1053 472
5 952 953 965 473
5 1012 1013 1015 474
5 826 1037 1588 475
5 1473 1765 1799 476
5 451 449 491 477
5 1018 336 1780 478
5 1083 1082 1704 479
5 384 267 1060 480
5 933 936 959 481
5 271 329 1115 482
5 770 1057 1058 483
5 1503 1179 1590 484
5 404 68 1887 485
5 1012 959 1013 486
5 471 469 487 487
5 453 451 1021 488
5 936 957 1027 489
5 855 788 1052 490
5 467 465 490 491
5 1022 1584 1591 492
5 1129 1128 1130 493
5 457 455 1026 494
5 455 453 486 495
5 1082 1080 1087 496
5 461 459 481 497
5 1077 1078 1085 498
5 465 463 1043 499
5 1139 978 1664 500
5 1660 1357 1666 501
5 956 1042 1620 502
5 770 432 1057 503
5 1285 852 1730 504
5 114 115 1088 505
5 343 1129 1532 506
5 1688 170 1689 507
5 285 385 1071 508
5 942 943 1105 509
5 325 1056 1874 510
5 1001 979 1589 511
5 1074 1076 1077 512
5 393 1063 1398 513
5 518 1507 1844 514
5 405 406 1000 515
5 67 68 404 516
5 636 1555 1596 517
5 1200 336 1768 518
5 784 763 1037 519
5 748 746 1032 520
5 904 906 964 521
5 324 66 1046 522
5 1657 880 1726 523
5 1351 1349 1767 524
5 966 972 975 525
5 451 491 1021 526
5 1078 1081 1085 527
5 65 324 1114 528
5 763 748 820 529
5 936 937 957 530
5 1116 1119 1622 531
5 915 916 961 532
5 826 784 1037 533
5 396 1535 1578 534
5 1436 1342 1437 535
5 1028 1029 1030 536
5 744 742 1033 537
5 756 1390 1675 538
5 913 914 915 539
5 1559 879 1833 540
5 746 744 811 541
5 429 1095 1706 542
5 933 934 936 543
5 742 740 807 544
5 740 738 1036 545
5 575 578 1352 546
5 883 1149 1150 547
5 923 924 925 548
5 1765 1112 1799 549
5 1526 394 1527 550
5 947 952 1008 551
5 328 1593 1616 552
5 738 718 805 553
5 921 922 923 554
5 455 486 1026 555
5 786 784 826 556
5 490 465 1043 557
5 1004 963 1005 558
5 116 117 327 559
5 943 945 962 560
5 909 913 1004 561
5 1115 329 1122 562
5 921 923 1059 563
5 996 1536 1861 564
5 434 432 770 565
5 820 748 1032 566
5 881 883 1886 567
5 788 786 1052 568
5 1237 376 1746 569
5 1220 1442 1695 570
5 930 933 1011 571
5 133 1068 1864 572
5 328 1091 1593 573
5 1011 959 1012 574
5 1390 756 1724 575
5 494 483 1098 576
5 313 1535 1679 577
5 1008 969 1009 578
5 1081 1080 1082 579
5 1093 487 1790 580
5 902 1505 1899 581
5 1119 1036 1894 582
5 939 941 942 583
5 811 744 1033 584
5 1087 439 1772 585
5 947 949 952 586
5 1271 830 1669 587
5 807 740 1036 588
5 376 1237 1788 589
5 1097 1016 1789 590
5 1255 864 1782 591
5 427 1095 1807 592
5 806 1257 1258 593
5 909 912 913 594
5 1727 1052 1868 595
5 1247 1246 1248 596
5 1348 1347 1349 597
5 411 1559 1833 598
5 1614 836 1636 599
5 1511 1032 1852 600
5 916 918 1062 601
5 149 1676 1709 602
5 1140 1094 1860 603
5 796 788 855 604
5 925 926 1072 605
5 1127 343 1848 606
5 827 797 1538 607
5 1443 1570 1769 608
5 1217 1216 1218 609
5 329 272 1041 610
5 926 928 935 611
5 918 920 921 612
5 926 935 1072 613
5 981 965 1019 614
5 1117 276 1118 615
5 328 275 1117 616
5 449 447 1484 617
5 930 932 933 618
5 415 1548 1549 619
5 1535 1053 1762 620
5 481 1734 1893 621
5 1123 279 1124 622
5 223 1532 1546 623
5 965 953 966 624
5 326 278 1123 625
5 1125 1564 1836 626
5 131 132 323 627
5 268 320 1060 628
5 852 1285 1827 629
5 1051 1667 1678 630
5 1376 872 1738 631
5 1697 122 1708 632
5 964 1035 1762 633
5 1462 1033 1875 634
5 1622 1119 1710 635
5 1441 366 1442 636
5 124 1017 1824 637
5 469 467 1536 638
5 1099 1100 1828 639
5 1244 1245 1846 640
5 889 888 1603 641
5 85 86 1047 642
5 1054 318 1528 643
5 127 881 1040 644
5 65 66 324 645
5 1120 855 1121 646
5 1318 1650 1687 647
5 268 269 320 648
5 271 272 329 649
5 389 1172 1520 650
5 319 284 1071 651
5 1035 964 1881 652
5 812 1144 1638 653
5 855 1052 1727 654
5 1143 1159 1466 655
5 975 972 976 656
5 1080 1084 1087 657
5 1574 592 1613 658
5 481 459 1734 659
5 325 281 1056 660
5 1397 381 1605 661
5 419 1065 1823 662
5 830 1271 1851 663
5 1139 1043 1490 664
5 1479 714 1492 665
5 276 277 1118 666
5 1588 1037 1842 667
5 1353 1344 1355 668
5 115 116 1073 669
5 1057 432 1872 670
5 428 429 1706 671
5 274 275 328 672
5 1846 1245 1891 673
5 173 1518 1540 674
5 726 1348 1352 675
5 1051 1511 1667 676
5 1442 366 1695 677
5 283 284 319 678
5 1192 1193 1194 679
5 279 280 1124 680
5 718 517 1568 681
5 494 1098 1101 682
5 1633 1402 1672 683
5 681 688 1201 684
5 1028 957 1029 685
5 277 278 326 686
5 280 281 325 687
5 1001 1589 1822 688
5 1141 287 1159 689
5 1507 1651 1844 690
5 1510 1038 1643 691
5 1585 365 1632 692
5 974 973 1065 693
5 1305 1180 1731 694
5 973 1001 1065 695
5 863 1586 1623 696
5 66 67 1046 697
5 942 941 943 698
5 438 436 518 699
5 1156 981 1779 700
5 1348 1350 1570 701
5 490 1043 1139 702
5 574 575 1352 703
5 578 726 1352 704
5 1565 1250 1635 705
5 936 934 937 706
5 1030 1029 1039 707
5 1024 961 1025 708
5 478 475 519 709
5 1145 1143 1466 710
5 1092 1093 1094 711
5 1093 1607 1777 712
5 1089 1090 1600 713
5 486 1591 1870 714
5 1012 1014 1888 715
5 1527 394 1817 716
5 1143 1141 1159 717
5 979 960 980 718
5 1058 1057 1856 719
5 326 1123 1539 720
5 270 271 1115 721
5 979 980 1096 722
5 1112 1287 1783 723
5 958 973 974 724
5 1005 1034 1035 725
5 1421 374 1635 726
5 1308 1276 1503 727
5 1172 1173 1174 728
5 1214 368 1781 729
5 1026 486 1870 730
5 1288 1287 1479 731
5 1009 1156 1157 732
5 386 64 1114 733
5 483 478 1098 734
5 1094 1777 1860 735
5 314 1050 1714 736
5 933 932 934 737
5 448 447 449 738
5 952 949 953 739
5 915 914 916 740
5 1420 374 1421 741
5 1053 964 1762 742
5 1131 698 1858 743
5 115 1073 1088 744
5 1331 1330 1553 745
5 711 1173 1850 746
5 913 963 1004 747
5 913 912 914 748
5 473 471 1092 749
5 933 959 1011 750
5 516 550 1515 751
5 1228 1688 1689 752
5 1101 1099 1606 753
5 368 1214 1838 754
5 266 267 384 755
5 1257 1256 1258 756
5 1256 380 1258 757
5 1116 807 1119 758
5 450 449 451 759
5 1041 843 1770 760
5 1009 969 1156 761
5 1050 1031 1478 762
5 781 844 1657 763
5 275 276 1117 764
5 1029 957 1499 765
5 493 483 494 766
5 1087 661 1671 767
5 272 273 1041 768
5 737 1660 1666 769
5 385 1141 1142 770
5 285 286 385 771
5 1035 1034 1792 772
5 1342 1436 1493 773
5 1129 1132 1532 774
5 1167 704 1169 775
5 452 451 453 776
5 278 279 1123 777
5 454 453 455 778
5 366 1441 1497 779
5 385 286 1141 780
5 458 457 459 781
5 456 455 457 782
5 923 922 924 783
5 460 459 461 784
5 921 920 922 785
5 1345 1344 1353 786
5 350 1353 1355 787
5 1555 1326 1596 788
5 925 924 926 789
5 952 969 1008 790
5 468 467 469 791
5 470 469 471 792
5 130 131 987 793
5 462 461 463 794
5 1346 1345 1347 795
5 680 681 1201 796
5 1336 1493 1509 797
5 464 463 465 798
5 64 65 1114 799
5 688 752 1201 800
5 1207 368 1739 801
5 466 465 467 802
5 900 902 1899 803
5 1129 1130 1131 804
5 1169 704 1476 805
5 267 268 1060 806
5 1043 1044 1490 807
5 1068 133 1750 808
5 1167 1166 1468 809
5 743 742 744 810
5 39 40 1639 811
5 284 285 1071 812
5 440 442 1544 813
5 281 282 1056 814
5 741 740 742 815
5 1676 1188 1709 816
5 1055 811 1462 817
5 1048 1029 1499 818
5 739 738 740 819
5 1078 1080 1081 820
5 719 718 738 821
5 745 744 746 822
5 1630 1100 1860 823
5 704 1167 1468 824
5 375 1247 1565 825
5 900 901 902 826
5 368 1207 1781 827
5 1250 1421 1635 828
5 1123 1124 1463 829
5 1489 507 1626 830
5 1181 666 1480 831
5 955 977 1523 832
5 354 1296 1297 833
5 747 746 748 834
5 1247 1248 1249 835
5 1248 1246 1251 836
5 1348 1349 1350 837
5 1645 400 1795 838
5 1040 881 1886 839
5 1098 1099 1101 840
5 445 443 447 841
5 1173 711 1737 842
5 1217 1218 1219 843
5 1218 1216 1221 844
5 1194 1193 1474 845
5 762 748 763 846
5 258 259 1295 847
5 1096 324 1589 848
5 707 1331 1413 849
5 1048 942 1845 850
5 1073 1074 1075 851
5 981 1019 1501 852
5 1479 1287 1765 853
5 1607 910 1777 854
5 335 1069 1750 855
5 1532 1132 1546 856
5 1192 1194 1195 857
5 354 1295 1296 858
5 783 763 784 859
5 63 64 386 860
5 415 1549 1871 861
5 491 1484 1839 862
5 1263 1271 1669 863
5 259 1293 1295 864
5 1153 378 1154 865
5 1166 658 1468 866
5 551 517 718 867
5 1606 1099 1828 868
5 1175 666 1181 869
5 1142 1143 1144 870
5 1161 658 1166 871
5 872 1376 1837 872
5 1352 1348 1570 873
5 1518 859 1540 874
5 887 889 900 875
5 505 509 547 876
5 354 258 1295 877
5 286 287 1141 878
5 1014 935 1888 879
5 1142 1522 1612 880
5 373 1614 1636 881
5 383 1633 1672 882
5 354 1297 1461 883
5 1197 1194 1474 884
5 902 903 904 885
5 259 260 1293 886
5 1089 1600 1798 887
5 1126 1127 1802 888
5 810 1498 1502 889
5 950 990 1534 890
5 1161 841 1464 891
5 1071 385 1612 892
5 359 1304 1305 893
5 1650 730 1687 894
5 428 1706 1720 895
5 951 1490 1665 896
5 701 528 797 897
5 1129 1131 1132 898
5 1180 1175 1181 899
5 287 288 1159 900
5 1347 1345 1353 901
5 1081 1082 1083 902
5 1286 356 1287 903
5 1284 393 1733 904
5 785 784 786 905
5 1384 1300 1465 906
5 1297 1296 1298 907
5 658 1161 1464 908
5 1297 1300 1461 909
5 1079 1579 1807 910
5 902 1053 1505 911
5 355 1289 1290 912
5 355 1290 1291 913
5 876 1125 1874 914
5 1089 1075 1090 915
5 80 81 405 916
5 266 384 1566 917
5 1069 335 1619 918
5 1247 1249 1250 919
5 1275 1276 1308 920
5 1350 1349 1351 921
5 359 1305 1466 922
5 1165 1166 1167 923
5 1217 1219 1220 924
5 1168 1167 1169 925
5 392 1655 1827 926
5 260 355 1293 927
5 1106 962 1814 928
5 1195 1194 1196 929
5 355 261 1289 930
5 391 1275 1308 931
5 668 670 1456 932
5 491 449 1484 933
5 1436 713 1493 934
5 1142 1141 1143 935
5 1286 1287 1288 936
5 798 797 827 937
5 486 1022 1591 938
5 1291 1290 1292 939
5 1165 1162 1166 940
5 1300 1301 1465 941
5 1493 713 1509 942
5 261 262 1289 943
5 1051 820 1511 944
5 724 809 810 945
5 1164 1162 1165 946
5 1176 1175 1180 947
5 556 553 1202 948
5 553 546 1202 949
5 1132 1131 1133 950
5 1162 1161 1166 951
5 1275 391 1452 952
5 1168 1169 1170 953
5 1593 843 1616 954
5 1297 1298 1299 955
5 1165 1167 1168 956
5 663 522 1473 957
5 359 289 1304 958
5 289 290 1304 959
5 357 1272 1452 960
5 1196 1194 1197 961
5 1189 1186 1454 962
5 291 363 1306 963
5 1272 1275 1452 964
5 1275 1273 1276 965
5 1338 1574 1613 966
5 1196 1197 1198 967
5 117 118 1773 968
5 288 359 1159 969
5 1304 290 1306 970
5 1274 686 1751 971
5 819 721 841 972
5 702 1189 1454 973
5 263 356 1286 974
5 262 263 1286 975
5 1307 391 1308 976
5 842 841 1161 977
5 670 724 1456 978
5 1273 1270 1274 979
5 334 1089 1798 980
5 1293 1291 1294 981
5 1269 357 1277 982
5 1095 1084 1807 983
5 724 810 1456 984
5 1272 1270 1273 985
5 1300 1384 1461 986
5 355 1291 1293 987
5 1269 1268 1270 988
5 832 1191 1448 989
5 682 567 1190 990
5 819 841 842 991
5 1198 1197 1199 992
5 1191 752 1448 993
5 1184 682 1190 994
5 810 809 862 995
5 567 565 1190 996
5 357 296 1277 997
5 1266 1267 1268 998
5 1182 682 1184 999
5 1807 1579 1867 1000
5 1266 1264 1267 1001
5 1388 1393 1394 1002
5 721 556 1202 1003
5 369 1263 1264 1004
5 1182 839 1445 1005
5 1186 1190 1454 1006
5 682 1182 1445 1007
5 1388 1392 1393 1008
5 1269 1270 1272 1009
5 297 298 1265 1010
5 290 291 1306 1011
5 1392 353 1393 1012
5 1395 1391 1396 1013
5 1265 1264 1266 1014
5 1187 1186 1189 1015
5 1265 1266 1277 1016
5 369 1262 1263 1017
5 1263 1262 1271 1018
5 1185 1184 1186 1019
5 1186 1184 1190 1020
5 357 1269 1272 1021
5 296 297 1277 1022
5 362 145 1311 1023
5 145 146 1311 1024
5 361 142 1314 1025
5 142 143 1314 1026
5 1266 1269 1277 1027
5 297 1265 1277 1028
5 387 1256 1257 1029
5 1387 1386 1389 1030
5 147 364 1312 1031
5 369 1264 1265 1032
5 1386 1385 1388 1033
5 1279 1278 1280 1034
5 255 256 1384 1035
5 353 255 1384 1036
5 1311 146 1312 1037
5 1300 1299 1301 1038
5 1183 1182 1184 1039
5 352 1385 1386 1040
5 254 353 1392 1041
5 416 1278 1279 1042
5 1185 1186 1187 1043
5 1391 1395 1444 1044
5 840 839 1182 1045
5 841 721 1202 1046
5 352 1386 1387 1047
5 352 1387 1444 1048
5 1272 1273 1275 1049
5 1278 382 1280 1050
5 1262 390 1271 1051
5 576 573 1203 1052
5 573 571 1203 1053
5 253 254 1392 1054
5 1387 1389 1390 1055
5 824 759 839 1056
5 1387 1391 1444 1057
5 824 839 840 1058
5 351 1395 1396 1059
5 734 832 1448 1060
5 839 1203 1445 1061
5 1183 1184 1185 1062
5 839 759 1203 1063
5 298 369 1265 1064
5 1212 1210 1438 1065
5 1104 1458 1460 1066
5 146 147 1312 1067
5 840 1182 1183 1068
5 249 250 1395 1069
5 351 249 1395 1070
5 695 1212 1438 1071
5 1266 1268 1269 1072
5 659 591 1222 1073
5 245 350 1355 1074
5 244 245 1355 1075
5 1209 659 1222 1076
5 759 576 1203 1077
5 591 589 1222 1078
5 243 244 1354 1079
5 1204 659 1209 1080
5 1343 1344 1345 1081
5 1354 244 1355 1082
5 1342 1341 1343 1083
5 1369 1374 1428 1084
5 1340 1341 1342 1085
5 232 233 1368 1086
5 1204 837 1435 1087
5 1368 1369 1428 1088
5 1340 349 1341 1089
5 349 243 1354 1090
5 659 1204 1435 1091
5 346 1365 1367 1092
5 1365 346 1370 1093
5 1336 1339 1340 1094
5 233 346 1368 1095
5 346 234 1370 1096
5 1339 349 1340 1097
5 234 235 1370 1098
5 1215 1213 1216 1099
5 1208 1209 1210 1100
5 232 1368 1428 1101
5 235 236 1434 1102
5 242 349 1339 1103
5 1211 1210 1212 1104
5 1208 1205 1209 1105
5 347 1358 1359 1106
5 347 1359 1360 1107
5 1370 235 1434 1108
5 1210 1209 1222 1109
5 347 237 1358 1110
5 1335 1334 1336 1111
5 346 1367 1368 1112
5 1337 1335 1338 1113
5 348 1334 1335 1114
5 1210 1222 1438 1115
5 241 242 1339 1116
5 600 597 1232 1117
5 1207 1205 1208 1118
5 237 238 1358 1119
5 597 595 1232 1120
5 1205 1204 1209 1121
5 1360 1359 1361 1122
5 1230 1227 1429 1123
5 1208 1210 1211 1124
5 1343 1341 1344 1125
5 1395 250 1444 1126
5 822 729 837 1127
5 706 1230 1429 1128
5 240 241 1334 1129
5 348 240 1334 1130
5 838 837 1204 1131
5 238 239 1356 1132
5 238 1356 1358 1133
5 1368 1367 1369 1134
5 348 1335 1337 1135
5 236 347 1434 1136
5 685 611 1231 1137
5 822 837 838 1138
5 1225 685 1231 1139
5 611 609 1231 1140
5 1356 1337 1357 1141
5 1360 1361 1362 1142
5 1223 685 1225 1143
5 231 232 1428 1144
5 729 600 1232 1145
5 1223 835 1423 1146
5 1227 1231 1429 1147
5 685 1223 1423 1148
5 1229 1227 1230 1149
5 1227 1225 1231 1150
5 1226 1225 1227 1151
5 370 163 1313 1152
5 163 164 1313 1153
5 1373 1374 1375 1154
5 1224 1223 1225 1155
5 1373 345 1374 1156
5 168 372 1309 1157
5 167 168 1309 1158
5 1226 1227 1229 1159
5 371 166 1310 1160
5 836 835 1223 1161
5 167 1309 1310 1162
5 1372 1373 1376 1163
5 620 617 1233 1164
5 1372 345 1373 1165
5 617 615 1233 1166
5 821 761 835 1167
5 821 835 836 1168
5 835 1233 1423 1169
5 837 729 1232 1170
5 1371 1372 1376 1171
5 1224 1225 1226 1172
5 835 761 1233 1173
5 1242 1240 1415 1174
5 228 229 1371 1175
5 344 228 1371 1176
5 836 1223 1224 1177
5 230 345 1372 1178
5 683 1242 1415 1179
5 1371 229 1372 1180
5 166 167 1310 1181
5 657 635 1252 1182
5 1239 657 1252 1183
5 761 620 1233 1184
5 635 633 1252 1185
5 1234 657 1239 1186
5 1328 1330 1331 1187
5 1328 1329 1330 1188
5 1234 833 1412 1189
5 1329 342 1330 1190
5 657 1234 1412 1191
5 1245 1243 1246 1192
5 1238 1239 1240 1193
5 229 230 1372 1194
5 221 342 1329 1195
5 1240 1239 1252 1196
5 1241 1240 1242 1197
5 1324 1325 1326 1198
5 1238 1235 1239 1199
5 220 221 1329 1200
5 1325 1327 1328 1201
5 1333 1381 1382 1202
5 1325 341 1327 1203
5 1240 1252 1415 1204
5 1324 341 1325 1205
5 339 1332 1382 1206
5 1318 1323 1324 1207
5 1332 1333 1382 1208
5 1237 1235 1238 1209
5 1323 341 1324 1210
5 644 641 1399 1211
5 1235 1234 1239 1212
5 641 639 1399 1213
5 1332 339 1403 1214
5 339 213 1403 1215
5 218 341 1323 1216
5 1238 1240 1241 1217
5 834 833 1234 1218
5 219 220 1327 1219
5 341 219 1327 1220
5 825 733 833 1221
5 1316 1315 1318 1222
5 217 218 1323 1223
5 1317 1316 1319 1224
5 340 1315 1316 1225
5 708 1253 1405 1226
5 1327 220 1329 1227
5 1253 850 1405 1228
5 825 833 834 1229
5 213 214 1403 1230
5 216 217 1315 1231
5 340 216 1315 1232
5 214 215 1409 1233
5 211 212 1383 1234
5 340 1316 1317 1235
5 1317 1319 1320 1236
5 212 339 1383 1237
5 339 1382 1383 1238
5 733 644 1399 1239
5 1380 1379 1381 1240
5 997 850 1253 1241
5 1378 1379 1380 1242
5 1378 1377 1379 1243
5 850 775 1260 1244
5 380 309 1255 1245
5 308 309 380 1246
5 184 185 1302 1247
5 377 184 1302 1248
5 849 775 850 1249
5 1377 211 1383 1250
5 1315 217 1323 1251
5 308 380 1256 1252
5 189 379 1303 1253
5 849 850 997 1254
5 188 189 1303 1255
5 997 1253 1254 1256
5 387 307 1256 1257
5 307 308 1256 1258
5 310 403 1255 1259
5 338 1377 1378 1260
5 309 310 1255 1261
5 1282 1281 1285 1262
5 1281 392 1285 1263
5 1283 1282 1284 1264
5 390 301 1259 1265
5 412 1281 1282 1266
5 1381 1379 1382 1267
5 412 1282 1283 1268
5 310 311 403 1269
5 383 193 1261 1270
5 654 656 1400 1271
5 302 303 411 1272
5 302 411 1259 1273
5 136 137 389 1274
5 833 733 1399 1275
5 194 415 1261 1276
5 194 195 415 1277
5 369 299 1262 1278
5 99 100 382 1279
5 300 301 390 1280
5 107 108 336 1281
5 193 194 1261 1282
5 301 302 1259 1283
5 300 390 1262 1284
5 192 193 383 1285
5 207 392 1281 1286
5 205 206 412 1287
5 99 382 1278 1288
5 105 106 388 1289
5 412 206 1281 1290
5 210 211 1377 1291
5 293 391 1307 1292
5 263 264 356 1293
5 288 289 359 1294
5 180 181 376 1295
5 299 300 1262 1296
5 156 157 367 1297
5 162 163 370 1298
5 168 169 372 1299
5 147 148 364 1300
5 363 292 1307 1301
5 150 151 365 1302
5 174 175 374 1303
5 165 166 371 1304
5 138 139 360 1305
5 141 142 361 1306
5 144 145 362 1307
5 153 154 366 1308
5 159 160 368 1309
5 177 178 375 1310
5 186 187 378 1311
5 183 184 377 1312
5 189 190 379 1313
5 171 172 373 1314
5 291 292 363 1315
5 293 294 391 1316
5 295 296 357 1317
5 292 293 1307 1318
5 298 299 369 1319
5 207 208 392 1320
5 206 207 1281 1321
5 102 103 337 1322
5 254 255 353 1323
5 239 240 348 1324
5 251 252 352 1325
5 233 234 346 1326
5 218 219 341 1327
5 260 261 355 1328
5 338 210 1377 1329
5 227 228 344 1330
5 230 231 345 1331
5 236 237 347 1332
5 248 249 351 1333
5 221 222 342 1334
5 245 246 350 1335
5 257 258 354 1336
5 242 243 349 1337
5 224 225 343 1338
5 252 253 1385 1339
5 209 210 338 1340
5 212 213 339 1341
5 215 216 340 1342
5 113 114 334 1343
5 110 111 333 1344
5 134 135 335 1345
5 352 252 1385 1346
5 201 202 393 1347
5 199 200 381 1348
5 98 99 1278 1349
5 200 201 1398 1350
5 198 199 1397 1351
5 197 198 402 1352
5 201 393 1398 1353
5 381 200 1398 1354
5 199 381 1397 1355
5 402 198 1397 1356
5 655 653 1260 1357
5 306 307 387 1358
5 97 98 416 1359
5 656 754 1400 1360
5 416 98 1278 1361
5 1379 1377 1383 1362
5 850 1260 1405 1363
5 754 852 853 1364
5 1321 1320 1322 1365
5 869 777 870 1366
5 774 697 775 1367
5 697 655 1260 1368
5 1318 1315 1323 1369
5 684 655 697 1370
5 717 777 823 1371
5 755 716 782 1372
5 851 782 1063 1373
5 823 777 869 1374
5 829 775 849 1375
5 656 716 754 1376
5 834 1234 1235 1377
5 754 853 1400 1378
5 775 697 1260 1379
5 755 782 851 1380
5 853 852 1007 1381
5 754 755 852 1382
5 829 849 878 1383
5 651 708 1405 1384
5 717 697 774 1385
5 717 774 777 1386
5 774 775 829 1387
5 754 716 755 1388
5 656 655 684 1389
5 656 684 716 1390
5 684 697 717 1391
5 870 777 1402 1392
5 653 651 1405 1393
5 782 716 1401 1394
5 1403 214 1409 1395
5 654 655 656 1396
5 717 823 1401 1397
5 777 774 1402 1398
5 716 684 1401 1399
5 782 1401 1404 1400
5 1332 1322 1333 1401
5 684 717 1401 1402
5 1382 1379 1383 1403
5 1401 823 1404 1404
5 774 829 1402 1405
5 654 653 655 1406
5 791 1153 1155 1407
5 1254 1253 1411 1408
5 1063 782 1404 1409
5 651 649 708 1410
5 1260 653 1405 1411
5 652 653 654 1412
5 650 652 725 1413
5 1321 1322 1332 1414
5 652 651 653 1415
5 1241 1242 1243 1416
5 650 651 652 1417
5 1321 1332 1403 1418
5 646 648 715 1419
5 650 649 651 1420
5 767 733 825 1421
5 215 340 1409 1422
5 732 644 733 1423
5 1317 1320 1321 1424
5 648 649 650 1425
5 791 1155 1406 1426
5 1328 1327 1329 1427
5 650 725 1407 1428
5 791 877 1153 1429
5 732 767 791 1430
5 715 648 1407 1431
5 648 647 649 1432
5 643 645 646 1433
5 1317 1321 1409 1434
5 648 650 1407 1435
5 791 767 877 1436
5 732 733 767 1437
5 1321 1403 1409 1438
5 646 647 648 1439
5 340 1317 1409 1440
5 645 644 732 1441
5 647 645 1406 1442
5 645 732 1406 1443
5 646 715 1408 1444
5 646 645 647 1445
5 708 1410 1411 1446
5 732 791 1406 1447
5 643 644 645 1448
5 708 649 1410 1449
5 833 1399 1412 1450
5 643 641 644 1451
5 1236 1235 1237 1452
5 642 643 1408 1453
5 643 646 1408 1454
5 1406 1155 1410 1455
5 834 1235 1236 1456
5 642 641 643 1457
5 647 1406 1410 1458
5 649 647 1410 1459
5 1410 1155 1411 1460
5 1253 708 1411 1461
5 640 641 642 1462
5 640 639 641 1463
5 638 640 730 1464
5 698 628 1414 1465
5 638 639 640 1466
5 638 637 639 1467
5 637 635 657 1468
5 636 637 638 1469
5 1244 1243 1245 1470
5 639 637 1412 1471
5 1399 639 1412 1472
5 636 635 637 1473
5 1241 1243 1244 1474
5 628 630 1414 1475
5 637 657 1412 1476
5 634 635 636 1477
5 632 634 707 1478
5 630 632 1413 1479
5 634 633 635 1480
5 632 633 634 1481
5 632 631 633 1482
5 779 871 872 1483
5 632 707 1413 1484
5 631 629 683 1485
5 630 631 632 1486
5 626 628 698 1487
5 630 629 631 1488
5 630 1413 1414 1489
5 1252 633 1415 1490
5 633 631 1415 1491
5 628 629 630 1492
5 1127 873 1128 1493
5 628 627 629 1494
5 1363 1362 1364 1495
5 631 683 1415 1496
5 626 627 628 1497
5 622 624 727 1498
5 626 625 627 1499
5 626 698 1416 1500
5 760 620 761 1501
5 624 625 626 1502
5 625 623 703 1503
5 727 624 1416 1504
5 624 626 1416 1505
5 624 623 625 1506
5 627 625 1417 1507
5 802 761 821 1508
5 619 617 620 1509
5 621 620 760 1510
5 802 821 859 1511
5 622 623 624 1512
5 625 703 1417 1513
5 619 621 622 1514
5 760 761 802 1515
5 622 727 1419 1516
5 619 620 621 1517
5 1126 873 1127 1518
5 760 802 803 1519
5 622 621 623 1520
5 871 873 1126 1521
5 803 1420 1421 1522
5 871 799 873 1523
5 616 618 779 1524
5 1128 873 1422 1525
5 621 760 1418 1526
5 703 623 1418 1527
5 623 621 1418 1528
5 779 799 871 1529
5 618 617 619 1530
5 802 859 1420 1531
5 619 622 1419 1532
5 779 618 799 1533
5 803 802 1420 1534
5 760 803 1418 1535
5 618 619 1419 1536
5 799 618 1419 1537
5 779 872 1424 1538
5 1138 1432 1433 1539
5 1419 727 1422 1540
5 616 617 618 1541
5 614 616 1424 1542
5 873 799 1422 1543
5 799 1419 1422 1544
5 616 615 617 1545
5 613 611 685 1546
5 1341 349 1354 1547
5 753 614 1424 1548
5 1224 1226 1228 1549
5 614 615 616 1550
5 612 614 753 1551
5 1358 1357 1359 1552
5 614 613 615 1553
5 1233 615 1423 1554
5 616 779 1424 1555
5 613 685 1423 1556
5 612 613 614 1557
5 615 613 1423 1558
5 612 611 613 1559
5 1365 1364 1366 1560
5 838 1204 1205 1561
5 239 348 1356 1562
5 1334 241 1339 1563
5 610 611 612 1564
5 790 1136 1137 1565
5 610 609 611 1566
5 345 231 1428 1567
5 607 605 706 1568
5 608 609 610 1569
5 1363 1364 1365 1570
5 606 608 731 1571
5 608 607 609 1572
5 1365 1366 1367 1573
5 1137 1136 1138 1574
5 1231 609 1429 1575
5 606 607 608 1576
5 1211 1212 1213 1577
5 769 729 822 1578
5 1363 1365 1370 1579
5 608 610 1425 1580
5 602 604 710 1581
5 606 605 607 1582
5 1374 345 1428 1583
5 1360 1362 1363 1584
5 728 600 729 1585
5 731 608 1425 1586
5 1432 1230 1433 1587
5 609 607 1429 1588
5 1356 1357 1358 1589
5 607 706 1429 1590
5 790 1137 1427 1591
5 604 605 606 1592
5 606 731 1426 1593
5 790 865 1136 1594
5 1336 1334 1339 1595
5 710 604 1426 1596
5 604 603 605 1597
5 728 769 790 1598
5 604 606 1426 1599
5 728 729 769 1600
5 790 769 865 1601
5 599 601 602 1602
5 603 601 1427 1603
5 602 603 604 1604
5 347 1360 1434 1605
5 601 728 1427 1606
5 602 710 1430 1607
5 601 600 728 1608
5 602 601 603 1609
5 706 605 1431 1610
5 348 1337 1356 1611
5 728 790 1427 1612
5 1427 1137 1431 1613
5 706 1431 1433 1614
5 603 1427 1431 1615
5 837 1232 1435 1616
5 599 600 601 1617
5 1206 1205 1207 1618
5 1230 706 1433 1619
5 1360 1363 1434 1620
5 605 603 1431 1621
5 599 602 1430 1622
5 599 597 600 1623
5 1137 1138 1433 1624
5 598 599 1430 1625
5 1229 1230 1432 1626
5 1431 1137 1433 1627
5 838 1205 1206 1628
5 1363 1370 1434 1629
5 598 597 599 1630
5 596 597 598 1631
5 596 595 597 1632
5 594 596 737 1633
5 594 595 596 1634
5 594 593 595 1635
5 593 591 659 1636
5 592 593 594 1637
5 1214 1213 1215 1638
5 592 591 593 1639
5 595 593 1435 1640
5 1232 595 1435 1641
5 1211 1213 1214 1642
5 593 659 1435 1643
5 590 591 592 1644
5 1344 1354 1355 1645
5 588 590 713 1646
5 590 589 591 1647
5 1344 1341 1354 1648
5 586 588 1436 1649
5 588 589 590 1650
5 584 586 1437 1651
5 588 587 589 1652
5 587 585 695 1653
5 586 587 588 1654
5 588 713 1436 1655
5 586 585 587 1656
5 904 905 906 1657
5 700 584 1437 1658
5 1222 589 1438 1659
5 584 585 586 1660
5 589 587 1438 1661
5 586 1436 1437 1662
5 582 584 700 1663
5 584 583 585 1664
5 587 695 1438 1665
5 582 583 584 1666
5 578 580 726 1667
5 582 581 583 1668
5 758 576 759 1669
5 580 581 582 1670
5 251 352 1444 1671
5 581 579 705 1672
5 580 579 581 1673
5 583 581 1439 1674
5 792 759 824 1675
5 577 576 758 1676
5 578 579 580 1677
5 792 824 854 1678
5 581 705 1439 1679
5 575 573 576 1680
5 575 577 578 1681
5 758 759 792 1682
5 578 577 579 1683
5 758 792 801 1684
5 575 576 577 1685
5 1388 1385 1392 1686
5 734 831 832 1687
5 801 1441 1442 1688
5 577 758 1440 1689
5 705 579 1440 1690
5 832 1158 1191 1691
5 579 577 1440 1692
5 792 854 1441 1693
5 574 573 575 1694
5 1139 1490 1718 1695
5 1295 1294 1296 1696
5 768 696 800 1697
5 801 792 1441 1698
5 758 801 1440 1699
5 570 572 756 1700
5 1385 253 1392 1701
5 1297 1299 1300 1702
5 250 251 1444 1703
5 1387 1390 1391 1704
5 572 573 574 1705
5 391 294 1452 1706
5 295 357 1452 1707
5 572 571 573 1708
5 569 567 682 1709
5 756 572 1443 1710
5 1183 1185 1188 1711
5 572 574 1443 1712
5 570 571 572 1713
5 1203 571 1445 1714
5 570 569 571 1715
5 569 682 1445 1716
5 568 569 570 1717
5 571 569 1445 1718
5 842 1161 1162 1719
5 832 863 1158 1720
5 568 567 569 1721
5 564 566 735 1722
5 1191 1158 1192 1723
5 832 831 863 1724
5 845 875 879 1725
5 566 567 568 1726
5 789 1102 1103 1727
5 750 794 806 1728
5 693 691 696 1729
5 691 689 1450 1730
5 566 565 567 1731
5 974 1065 1602 1732
5 563 561 702 1733
5 692 694 734 1734
5 808 780 864 1735
5 773 694 780 1736
5 800 696 1450 1737
5 845 830 875 1738
5 734 773 831 1739
5 667 666 1175 1740
5 773 780 808 1741
5 564 565 566 1742
5 689 723 1450 1743
5 750 696 768 1744
5 794 830 845 1745
5 794 768 830 1746
5 734 694 773 1747
5 693 696 750 1748
5 692 693 694 1749
5 750 768 794 1750
5 1103 1102 1104 1751
5 564 563 565 1752
5 692 691 693 1753
5 1293 1294 1295 1754
5 1190 565 1454 1755
5 772 721 819 1756
5 562 563 564 1757
5 688 690 752 1758
5 694 693 1447 1759
5 750 806 1447 1760
5 558 560 709 1761
5 1458 1189 1460 1762
5 693 750 1447 1763
5 720 556 721 1764
5 690 691 692 1765
5 780 694 1447 1766
5 562 561 563 1767
5 565 563 1454 1768
5 689 687 723 1769
5 690 689 691 1770
5 692 734 1448 1771
5 696 691 1450 1772
5 1498 1002 1502 1773
5 563 702 1454 1774
5 84 85 358 1775
5 789 1103 1453 1776
5 752 690 1448 1777
5 690 692 1448 1778
5 294 295 1452 1779
5 560 561 562 1780
5 1221 695 1640 1781
5 789 860 1102 1782
5 709 560 1451 1783
5 560 559 561 1784
5 681 687 688 1785
5 560 562 1451 1786
5 720 772 789 1787
5 688 689 690 1788
5 1289 1288 1290 1789
5 262 1286 1289 1790
5 720 721 772 1791
5 789 772 860 1792
5 555 557 558 1793
5 559 557 1453 1794
5 558 559 560 1795
5 688 687 689 1796
5 557 720 1453 1797
5 557 556 720 1798
5 558 709 1455 1799
5 1384 256 1461 1800
5 558 557 559 1801
5 699 667 1175 1802
5 702 561 1457 1803
5 720 789 1453 1804
5 681 686 687 1805
5 257 354 1461 1806
5 681 679 686 1807
5 841 1202 1464 1808
5 1453 1103 1457 1809
5 702 1457 1460 1810
5 559 1453 1457 1811
5 675 674 1449 1812
5 555 556 557 1813
5 1163 1162 1164 1814
5 1189 702 1460 1815
5 561 559 1457 1816
5 555 553 556 1817
5 555 558 1455 1818
5 1103 1104 1460 1819
5 680 679 681 1820
5 676 678 736 1821
5 554 555 1455 1822
5 1187 1189 1458 1823
5 842 1162 1163 1824
5 1457 1103 1460 1825
5 722 675 1449 1826
5 1394 1393 1459 1827
5 766 781 861 1828
5 678 679 680 1829
5 554 553 555 1830
5 256 257 1461 1831
5 353 1384 1465 1832
5 678 677 679 1833
5 677 675 722 1834
5 1802 1127 1848 1835
5 1301 1459 1465 1836
5 552 553 554 1837
5 552 546 553 1838
5 545 552 751 1839
5 1459 1393 1465 1840
5 676 677 678 1841
5 673 675 676 1842
5 356 1680 1783 1843
5 522 524 1473 1844
5 545 546 552 1845
5 676 736 1469 1846
5 676 675 677 1847
5 545 540 546 1848
5 540 538 658 1849
5 1367 1366 1471 1850
5 1286 1288 1289 1851
5 539 540 545 1852
5 764 793 813 1853
5 884 1551 1793 1854
5 668 1456 1488 1855
5 1393 353 1465 1856
5 809 804 1018 1857
5 63 386 1160 1858
5 539 538 540 1859
5 1202 546 1464 1860
5 546 540 1464 1861
5 673 674 675 1862
5 673 671 674 1863
5 1164 360 1719 1864
5 724 804 809 1865
5 699 1175 1176 1866
5 993 1489 1626 1867
5 521 515 1470 1868
5 535 525 704 1869
5 540 658 1464 1870
5 537 538 539 1871
5 670 672 724 1872
5 523 711 1476 1873
5 525 523 1476 1874
5 524 534 1467 1875
5 669 667 699 1876
5 672 671 673 1877
5 1168 1170 1171 1878
5 432 430 1872 1879
5 906 908 909 1880
5 724 672 804 1881
5 1441 854 1497 1882
5 961 916 1062 1883
5 108 109 1481 1884
5 534 537 714 1885
5 1369 1367 1471 1886
5 1469 736 1477 1887
5 1177 1178 1179 1888
5 670 671 672 1889
5 537 535 538 1890
5 1177 1176 1178 1891
5 712 532 1491 1892
5 943 944 945 1893
5 673 676 1469 1894
5 1331 707 1525 1895
5 475 473 1140 1896
5 550 766 1515 1897
5 1039 1048 1049 1898
5 670 669 671 1899
5 937 939 1499 1900
5 1290 1288 1492 1901
5 658 538 1468 1902
5 534 535 537 1903
5 665 667 668 1904
5 535 704 1468 1905
5 699 1176 1177 1906
5 668 669 670 1907
5 1096 1097 1789 1908
5 538 535 1468 1909
5 668 667 669 1910
5 672 673 1469 1911
5 534 525 535 1912
5 804 672 1469 1913
5 1144 1143 1145 1914
5 1314 143 1485 1915
5 1108 868 1113 1916
5 434 770 1151 1917
5 144 362 1485 1918
5 534 714 1467 1919
5 564 735 1487 1920
5 520 522 663 1921
5 544 815 1120 1922
5 1451 562 1487 1923
5 674 671 1472 1924
5 797 528 1537 1925
5 1507 518 1884 1926
5 524 525 534 1927
5 1159 359 1466 1928
5 828 827 880 1929
5 813 793 1475 1930
5 804 1469 1477 1931
5 1065 419 1841 1932
5 524 1467 1473 1933
5 669 699 1472 1934
5 1449 674 1483 1935
5 1018 804 1477 1936
5 513 662 1495 1937
5 523 521 711 1938
5 1096 980 1097 1939
5 671 669 1472 1940
5 1336 1340 1493 1941
5 711 521 1470 1942
5 704 525 1476 1943
5 511 507 1489 1944
5 699 1177 1472 1945
5 532 541 1491 1946
5 524 523 525 1947
5 793 1002 1003 1948
5 1011 1012 1888 1949
5 1180 1181 1731 1950
5 764 813 1491 1951
5 945 946 947 1952
5 787 786 788 1953
5 665 666 667 1954
5 665 542 666 1955
5 793 776 1002 1956
5 385 1142 1612 1957
5 360 1164 1761 1958
5 336 108 1481 1959
5 324 1046 1589 1960
5 674 1472 1483 1961
5 522 523 524 1962
5 937 938 939 1963
5 153 366 1497 1964
5 1472 1177 1483 1965
5 701 797 798 1966
5 1077 1085 1086 1967
5 764 776 793 1968
5 515 513 1495 1969
5 1181 1480 1516 1970
5 1111 1110 1112 1971
5 1251 683 1615 1972
5 1467 714 1479 1973
5 1653 484 1852 1974
5 793 1003 1475 1975
5 1177 1179 1483 1976
5 541 664 764 1977
5 143 144 1485 1978
5 562 564 1487 1979
5 1313 164 1506 1980
5 165 371 1506 1981
5 939 940 941 1982
5 533 531 548 1983
5 62 63 1160 1984
5 1456 810 1502 1985
5 1335 1336 1509 1986
5 448 449 450 1987
5 764 664 776 1988
5 445 447 448 1989
5 1292 1290 1492 1990
5 795 788 796 1991
5 522 521 523 1992
5 664 542 665 1993
5 909 911 912 1994
5 665 668 1488 1995
5 508 512 660 1996
5 541 542 664 1997
5 173 174 1518 1998
5 1067 1069 1070 1999
5 1466 1305 1731 2000
5 1488 1456 1502 2001
5 136 389 1520 2002
5 335 135 1520 2003
5 1340 1342 1493 2004
5 497 495 543 2005
5 1066 323 1864 2006
5 654 1400 1519 2007
5 725 652 1519 2008
5 662 511 1489 2009
5 888 891 1603 2010
5 1065 1001 1823 2011
5 884 1526 1527 2012
5 1302 185 1521 2013
5 186 378 1521 2014
5 520 521 522 2015
5 541 533 542 2016
5 530 532 712 2017
5 666 542 1480 2018
5 1038 976 1644 2019
5 916 917 918 2020
5 980 1072 1705 2021
5 798 827 828 2022
5 533 548 1480 2023
5 513 511 662 2024
5 496 536 1571 2025
5 966 971 972 2026
5 506 549 1537 2027
5 1328 1331 1525 2028
5 1326 1325 1525 2029
5 957 937 1499 2030
5 367 1217 1608 2031
5 776 664 1488 2032
5 450 451 452 2033
5 1470 515 1495 2034
5 1109 1110 1111 2035
5 496 498 536 2036
5 520 515 521 2037
5 866 1756 1774 2038
5 446 480 757 2039
5 542 533 1480 2040
5 805 1064 1808 2041
5 664 665 1488 2042
5 452 453 454 2043
5 879 1559 1594 2044
5 810 862 1498 2045
5 928 929 930 2046
5 926 927 928 2047
5 947 948 949 2048
5 1107 868 1108 2049
5 337 1158 1623 2050
5 454 455 456 2051
5 458 459 460 2052
5 456 457 458 2053
5 1046 404 1822 2054
5 1109 1108 1110 2055
5 930 931 932 2056
5 223 224 1532 2057
5 867 866 868 2058
5 1375 1374 1533 2059
5 514 515 520 2060
5 1497 854 1558 2061
5 460 461 462 2062
5 282 283 1576 2063
5 741 742 743 2064
5 551 718 719 2065
5 532 533 541 2066
5 867 868 1107 2067
5 152 153 1497 2068
5 739 740 741 2069
5 541 764 1491 2070
5 719 738 739 2071
5 462 463 464 2072
5 273 274 1616 2073
5 1644 1058 1856 2074
5 387 1257 1744 2075
5 1079 1076 1579 2076
5 374 1420 1518 2077
5 172 173 1540 2078
5 776 1488 1502 2079
5 1529 125 1743 2080
5 743 744 745 2081
5 818 816 846 2082
5 918 919 920 2083
5 1245 375 1891 2084
5 1369 1471 1533 2085
5 723 687 1542 2086
5 514 513 515 2087
5 222 223 1546 2088
5 442 446 1544 2089
5 41 42 1147 2090
5 1107 1108 1109 2091
5 196 197 1548 2092
5 311 312 1550 2093
5 468 469 470 2094
5 955 970 977 2095
5 1388 1394 1552 2096
5 1389 1386 1552 2097
5 1244 376 1788 2098
5 857 866 867 2099
5 860 772 1547 2100
5 1756 660 1774 2101
5 464 465 466 2102
5 470 471 472 2103
5 466 467 468 2104
5 529 528 701 2105
5 857 856 866 2106
5 164 165 1506 2107
5 487 469 1536 2108
5 636 638 1555 2109
5 1002 776 1502 2110
5 512 513 514 2111
5 1173 1170 1850 2112
5 1158 863 1623 2113
5 1449 1483 1503 2114
5 1088 1075 1089 2115
5 527 510 528 2116
5 745 746 747 2117
5 61 62 314 2118
5 1338 1335 1509 2119
5 365 151 1558 2120
5 118 422 1898 2121
5 1655 1007 1827 2122
5 1247 1250 1565 2123
5 1010 968 1610 2124
5 847 846 856 2125
5 747 748 762 2126
5 1420 859 1518 2127
5 472 471 473 2128
5 376 1244 1846 2129
5 176 177 1565 2130
5 801 1442 1567 2131
5 705 1440 1567 2132
5 438 518 1530 2133
5 510 506 1537 2134
5 473 1092 1140 2135
5 762 763 783 2136
5 1446 1665 1698 2137
5 984 968 1010 2138
5 315 1039 1757 2139
5 1110 1775 1799 2140
5 532 531 533 2141
5 1398 1063 1801 2142
5 90 91 322 2143
5 865 769 1581 2144
5 1663 514 1816 2145
5 803 1421 1582 2146
5 703 1418 1582 2147
5 847 856 857 2148
5 1678 499 1842 2149
5 1307 1308 1590 2150
5 950 989 990 2151
5 508 660 1500 2152
5 712 1491 1600 2153
5 1139 1664 1861 2154
5 1483 1179 1503 2155
5 1073 1075 1088 2156
5 840 1183 1585 2157
5 436 434 1151 2158
5 100 101 1586 2159
5 174 374 1518 2160
5 874 796 1560 2161
5 269 270 1611 2162
5 92 93 396 2163
5 512 511 513 2164
5 783 784 785 2165
5 1090 1075 1592 2166
5 766 861 1515 2167
5 1016 1015 1736 2168
5 818 846 847 2169
5 58 59 331 2170
5 1304 1306 1601 2171
5 701 798 812 2172
5 714 537 1563 2173
5 1537 549 1538 2174
5 88 89 395 2175
5 306 387 1594 2176
5 634 636 1596 2177
5 877 767 1597 2178
5 652 654 1519 2179
5 797 1537 1538 2180
5 796 1120 1560 2181
5 185 186 1521 2182
5 135 136 1520 2183
5 508 511 512 2184
5 785 786 787 2185
5 493 494 495 2186
5 985 898 1817 2187
5 536 498 1500 2188
5 902 901 903 2189
5 1480 548 1516 2190
5 887 900 1723 2191
5 1404 823 1605 2192
5 884 882 1526 2193
5 527 528 529 2194
5 1296 1294 1649 2195
5 155 156 1608 2196
5 1670 120 1674 2197
5 530 712 1508 2198
5 705 1567 1866 2199
5 431 430 432 2200
5 527 529 530 2201
5 1067 1068 1069 2202
5 1152 858 1735 2203
5 485 1116 1622 2204
5 1414 1413 1553 2205
5 612 753 1609 2206
5 1425 610 1609 2207
5 1325 1328 1525 2208
5 900 889 901 2209
5 808 1280 1843 2210
5 530 531 532 2211
5 592 594 1613 2212
5 1680 1111 1783 2213
5 1492 714 1563 2214
5 683 629 1615 2215
5 627 1417 1615 2216
5 1039 1029 1048 2217
5 904 903 905 2218
5 334 1475 1699 2219
5 1056 844 1753 2220
5 314 62 1160 2221
5 1490 951 1718 2222
5 795 796 874 2223
5 806 1258 1659 2224
5 52 53 332 2225
5 55 56 315 2226
5 152 1497 1558 2227
5 508 507 511 2228
5 1082 1087 1772 2229
5 40 41 321 2230
5 548 531 1517 2231
5 101 102 1623 2232
5 1264 1263 1625 2233
5 943 941 944 2234
5 735 566 1624 2235
5 1077 1086 1592 2236
5 498 507 508 2237
5 86 87 318 2238
5 842 1163 1618 2239
5 1505 313 1899 2240
5 57 58 1504 2241
5 49 50 316 2242
5 46 47 330 2243
5 530 529 531 2244
5 43 44 317 2245
5 817 816 818 2246
5 94 95 313 2247
5 824 840 1632 2248
5 1326 1525 1596 2249
5 818 847 848 2250
5 906 905 908 2251
5 433 432 434 2252
5 787 788 795 2253
5 937 934 938 2254
5 1170 1169 1850 2255
5 175 176 1635 2256
5 713 590 1574 2257
5 1481 109 1661 2258
5 1795 1040 1886 2259
5 836 1224 1636 2260
5 54 55 1513 2261
5 53 54 1512 2262
5 1067 1066 1068 2263
5 695 585 1640 2264
5 583 1439 1640 2265
5 883 1148 1149 2266
5 224 343 1532 2267
5 489 502 503 2268
5 994 1066 1067 2269
5 1374 1369 1533 2270
5 435 434 436 2271
5 489 501 502 2272
5 838 1206 1642 2273
5 482 492 544 2274
5 443 441 1764 2275
5 1067 1070 1569 2276
5 48 49 1514 2277
5 909 908 911 2278
5 862 1481 1661 2279
5 545 751 1641 2280
5 994 992 1066 2281
5 498 497 507 2282
5 437 436 438 2283
5 327 117 1773 2284
5 526 527 1508 2285
5 1324 1326 1650 2286
5 488 479 1064 2287
5 1135 1588 1682 2288
5 1017 125 1146 2289
5 771 765 876 2290
5 834 1236 1652 2291
5 916 914 917 2292
5 209 338 1655 2293
5 392 208 1655 2294
5 766 771 781 2295
5 480 488 489 2296
5 45 46 1510 2297
5 498 508 1500 2298
5 1074 1077 1592 2299
5 441 438 1530 2300
5 283 319 1576 2301
5 132 133 1864 2302
5 506 504 549 2303
5 373 172 1540 2304
5 526 510 527 2305
5 1025 961 1062 2306
5 891 893 895 2307
5 529 701 1517 2308
5 500 1135 1712 2309
5 496 497 498 2310
5 56 57 1561 2311
5 42 43 1496 2312
5 687 686 1542 2313
5 110 333 1661 2314
5 190 191 1658 2315
5 351 1396 1543 2316
5 864 780 1659 2317
5 342 222 1546 2318
5 1055 1653 1852 2319
5 1447 806 1659 2320
5 1516 548 1638 2321
5 1359 1357 1660 2322
5 1115 1122 1794 2323
5 1373 1375 1662 2324
5 516 501 517 2325
5 798 828 1522 2326
5 356 264 1680 2327
5 966 953 971 2328
5 590 592 1574 2329
5 772 819 1547 2330
5 197 402 1548 2331
5 403 311 1550 2332
5 440 438 441 2333
5 815 816 817 2334
5 830 768 1669 2335
5 945 944 946 2336
5 319 1071 1742 2337
5 1386 1388 1552 2338
5 141 361 1673 2339
5 1160 1016 1736 2340
5 1402 829 1672 2341
5 1413 1331 1553 2342
5 1519 1400 1778 2343
5 344 1126 1802 2344
5 550 517 551 2345
5 51 52 1572 2346
5 87 88 1528 2347
5 570 756 1675 2348
5 1135 1682 1712 2349
5 922 920 1446 2350
5 150 365 1676 2351
5 701 812 1517 2352
5 509 510 526 2353
5 926 924 927 2354
5 1259 875 1851 2355
5 442 441 443 2356
5 939 938 940 2357
5 1294 1291 1681 2358
5 476 1482 1557 2359
5 686 1274 1847 2360
5 638 730 1555 2361
5 527 530 1508 2362
5 365 1558 1632 2363
5 1316 1318 1687 2364
5 846 1656 1703 2365
5 169 170 1688 2366
5 1059 1668 1889 2367
5 1122 817 1794 2368
5 912 911 967 2369
5 947 946 948 2370
5 162 370 1691 2371
5 444 443 445 2372
5 1005 1035 1881 2373
5 859 821 1614 2374
5 1509 713 1574 2375
5 1654 1545 1772 2376
5 550 765 766 2377
5 113 334 1699 2378
5 531 529 1517 2379
5 154 155 1695 2380
5 1567 1219 1866 2381
5 812 798 1522 2382
5 930 929 931 2383
5 928 927 929 2384
5 151 152 1558 2385
5 183 377 1702 2386
5 918 917 919 2387
5 304 305 1559 2388
5 393 1284 1862 2389
5 1135 826 1588 2390
5 781 771 844 2391
5 932 931 955 2392
5 125 126 1743 2393
5 446 479 480 2394
5 1330 342 1696 2395
5 528 510 1537 2396
5 993 992 994 2397
5 574 1352 1570 2398
5 496 495 497 2399
5 1470 1495 1531 2400
5 134 335 1750 2401
5 1171 389 1815 2402
5 976 972 982 2403
5 177 375 1565 2404
5 148 149 1709 2405
5 537 539 1563 2406
5 1440 801 1567 2407
5 757 480 1494 2408
5 920 919 951 2409
5 1525 707 1596 2410
5 808 864 1580 2411
5 446 757 1544 2412
5 1198 736 1771 2413
5 247 248 1716 2414
5 323 1066 1713 2415
5 1306 363 1715 2416
5 1443 574 1570 2417
5 978 1139 1718 2418
5 1180 1305 1832 2419
5 815 814 816 2420
5 1602 1065 1841 2421
5 360 139 1719 2422
5 1215 367 1877 2423
5 502 501 516 2424
5 1292 1492 1563 2425
5 1391 1390 1724 2426
5 448 450 476 2427
5 1113 1663 1816 2428
5 739 741 749 2429
5 265 266 1566 2430
5 875 830 1851 2431
5 480 489 1494 2432
5 858 1539 1562 2433
5 852 755 1730 2434
5 489 488 501 2435
5 544 814 815 2436
5 320 269 1611 2437
5 393 202 1733 2438
5 1598 967 1664 2439
5 769 822 1581 2440
5 1217 1220 1608 2441
5 492 483 493 2442
5 509 506 510 2443
5 1418 803 1582 2444
5 425 428 1720 2445
5 1559 305 1594 2446
5 1371 1376 1738 2447
5 1579 327 1773 2448
5 482 483 492 2449
5 516 517 550 2450
5 368 160 1739 2451
5 1085 547 1677 2452
5 489 503 1494 2453
5 1153 1154 1755 2454
5 274 328 1616 2455
5 821 836 1614 2456
5 550 551 765 2457
5 480 479 488 2458
5 949 948 950 2459
5 1051 1678 1842 2460
5 376 181 1746 2461
5 787 795 843 2462
5 861 1538 1803 2463
5 990 989 995 2464
5 1068 1066 1864 2465
5 1183 1188 1585 2466
5 1603 1604 1686 2467
5 89 90 1556 2468
5 1164 1165 1761 2469
5 321 41 1147 2470
5 991 992 993 2471
5 442 444 446 2472
5 1063 1404 1801 2473
5 1119 476 1710 2474
5 686 679 1751 2475
5 1254 1411 1755 2476
5 1155 1153 1755 2477
5 437 438 440 2478
5 1547 819 1618 2479
5 1380 1519 1778 2480
5 382 100 1586 2481
5 435 436 437 2482
5 1132 1133 1696 2483
5 743 745 858 2484
5 878 849 1760 2485
5 751 552 1748 2486
5 551 719 1524 2487
5 677 722 1751 2488
5 363 1307 1590 2489
5 454 456 485 2490
5 246 247 1767 2491
5 442 443 444 2492
5 920 951 1446 2493
5 1113 868 1774 2494
5 440 441 442 2495
5 460 462 484 2496
5 1378 1380 1778 2497
5 313 1541 1899 2498
5 1154 378 1791 2499
5 544 492 814 2500
5 482 478 483 2501
5 846 816 1656 2502
5 58 331 1504 2503
5 747 762 778 2504
5 1207 1208 1781 2505
5 1211 1214 1781 2506
5 736 678 1771 2507
5 1075 1074 1592 2508
5 305 306 1594 2509
5 707 634 1596 2510
5 944 941 1583 2511
5 383 1261 1633 2512
5 91 92 1577 2513
5 767 825 1597 2514
5 477 1121 1826 2515
5 1414 1553 1858 2516
5 1305 1304 1601 2517
5 433 434 435 2518
5 1548 402 1549 2519
5 111 112 1820 2520
5 1123 1463 1539 2521
5 1147 42 1496 2522
5 1237 1238 1788 2523
5 1241 1244 1788 2524
5 1095 427 1706 2525
5 188 1303 1791 2526
5 378 187 1791 2527
5 1544 1545 1654 2528
5 892 998 1700 2529
5 512 514 1663 2530
5 778 1152 1735 2531
5 227 344 1802 2532
5 3 196 1804 2533
5 4 205 1805 2534
5 204 4 1805 2535
5 412 1283 1805 2536
5 195 3 1804 2537
5 312 2 1806 2538
5 2 97 1806 2539
5 1092 1094 1140 2540
5 138 360 1815 2541
5 389 137 1815 2542
5 967 911 983 2543
5 934 932 1523 2544
5 783 785 1091 2545
5 505 506 509 2546
5 1273 1274 1873 2547
5 862 809 1780 2548
5 766 765 771 2549
5 876 765 1524 2550
5 384 1060 1809 2551
5 439 1654 1772 2552
5 800 1450 1812 2553
5 1292 1563 1641 2554
5 375 178 1891 2555
5 1270 1268 1847 2556
5 872 871 1878 2557
5 367 157 1877 2558
5 431 432 433 2559
5 753 1424 1837 2560
5 159 368 1838 2561
5 1168 1171 1761 2562
5 891 895 1603 2563
5 1282 1285 1859 2564
5 180 376 1846 2565
5 390 1259 1851 2566
5 343 225 1848 2567
5 1326 1555 1650 2568
5 932 955 1523 2569
5 1196 1198 1771 2570
5 466 468 499 2571
5 737 596 1728 2572
5 1491 813 1600 2573
5 994 1067 1569 2574
5 1544 757 1545 2575
5 1481 862 1780 2576
5 520 663 1816 2577
5 547 509 1677 2578
5 770 1058 1749 2579
5 823 869 1605 2580
5 929 927 954 2581
5 171 373 1689 2582
5 1473 1467 1765 2583
5 967 983 996 2584
5 979 1096 1589 2585
5 955 931 968 2586
5 503 502 504 2587
5 1791 1303 1880 2588
5 899 986 991 2589
5 1337 1338 1666 2590
5 1338 1509 1574 2591
5 493 495 496 2592
5 402 1397 1818 2593
5 919 917 978 2594
5 1178 1176 1832 2595
5 1134 1025 1668 2596
5 472 473 474 2597
5 1505 1053 1535 2598
5 1620 1042 1839 2599
5 503 504 505 2600
5 156 367 1608 2601
5 380 1255 1782 2602
5 477 478 482 2603
5 303 5 1811 2604
5 5 304 1811 2605
5 1563 539 1641 2606
5 1058 1644 1749 2607
5 1589 1046 1822 2608
5 908 905 910 2609
5 55 315 1513 2610
5 332 53 1512 2611
5 318 87 1528 2612
5 955 968 970 2613
5 941 940 1583 2614
5 505 504 506 2615
5 1581 822 1642 2616
5 610 612 1609 2617
5 912 967 1598 2618
5 446 444 479 2619
5 1378 1778 1834 2620
5 1512 54 1513 2621
5 1571 536 1656 2622
5 970 968 984 2623
5 57 1504 1561 2624
5 1064 479 1595 2625
5 1540 859 1614 2626
5 543 495 1784 2627
5 95 96 1541 2628
5 1407 1333 1865 2629
5 594 737 1613 2630
5 315 56 1561 2631
5 1723 900 1899 2632
5 49 316 1514 2633
5 1541 1723 1899 2634
5 1743 126 1796 2635
5 429 424 430 2636
5 1644 976 1749 2637
5 474 473 475 2638
5 88 395 1528 2639
5 629 627 1615 2640
5 972 971 1507 2641
5 946 944 956 2642
5 1047 318 1829 2643
5 43 317 1496 2644
5 1553 1133 1858 2645
5 472 474 500 2646
5 517 501 1568 2647
5 507 497 1626 2648
5 46 330 1510 2649
5 950 948 988 2650
5 265 1566 1680 2651
5 847 857 1694 2652
5 815 817 1560 2653
5 1501 330 1800 2654
5 1120 815 1560 2655
5 1110 1108 1775 2656
5 765 551 1524 2657
5 52 332 1572 2658
5 953 949 1534 2659
5 1228 1226 1752 2660
5 50 51 1637 2661
5 914 912 1598 2662
5 819 842 1618 2663
5 549 504 1617 2664
5 938 934 1523 2665
5 44 45 1643 2666
5 365 1585 1676 2667
5 1558 854 1632 2668
5 1105 1106 1758 2669
5 1125 325 1874 2670
5 950 988 989 2671
5 1656 536 1703 2672
5 1775 663 1799 2673
5 102 337 1623 2674
5 566 568 1624 2675
5 1267 1264 1625 2676
5 1597 825 1652 2677
5 1476 711 1850 2678
5 1523 977 1628 2679
5 949 950 1534 2680
5 899 898 985 2681
5 1494 1634 1704 2682
5 1116 485 1875 2683
5 503 505 1634 2684
5 516 1515 1617 2685
5 854 824 1632 2686
5 870 1402 1633 2687
5 978 1598 1664 2688
5 477 475 478 2689
5 445 448 1557 2690
5 1747 867 1809 2691
5 942 1105 1845 2692
5 719 739 1564 2693
5 351 1543 1716 2694
5 421 1061 1824 2695
5 924 922 1554 2696
5 1009 1157 1814 2697
5 488 1064 1568 2698
5 374 175 1635 2699
5 1475 334 1798 2700
5 1475 1003 1699 2701
5 1535 396 1679 2702
5 741 743 1562 2703
5 991 986 992 2704
5 395 89 1556 2705
5 1357 1337 1666 2706
5 1224 1228 1636 2707
5 1028 1030 1754 2708
5 1018 1477 1768 2709
5 90 322 1556 2710
5 1179 1178 1715 2711
5 1546 1132 1696 2712
5 1462 485 1684 2713
5 585 583 1640 2714
5 329 1041 1869 2715
5 191 192 1717 2716
5 1694 857 1747 2717
5 493 496 1571 2718
5 1268 1542 1847 2719
5 539 545 1641 2720
5 1600 813 1798 2721
5 897 894 898 2722
5 474 475 477 2723
5 1583 940 1584 2724
5 1545 1082 1772 2725
5 322 91 1577 2726
5 899 985 986 2727
5 338 1378 1834 2728
5 1641 751 1681 2729
5 822 838 1642 2730
5 426 118 1898 2731
5 1063 393 1862 2732
5 1514 1501 1800 2733
5 880 827 1726 2734
5 452 454 1622 2735
5 1572 332 1573 2736
5 982 972 1507 2737
5 1768 1477 1890 2738
5 1522 828 1612 2739
5 917 914 1598 2740
5 1070 1069 1619 2741
5 922 1446 1554 2742
5 92 396 1577 2743
5 316 1156 1779 2744
5 429 430 431 2745
5 492 493 1571 2746
5 316 50 1637 2747
5 497 543 1626 2748
5 1006 1054 1825 2749
5 956 944 1583 2750
5 548 1517 1638 2751
5 1298 1296 1649 2752
5 887 888 889 2753
5 358 1047 1134 2754
5 317 44 1643 2755
5 1146 125 1529 2756
5 1624 568 1675 2757
5 869 870 1818 2758
5 1117 1118 1759 2759
5 1318 1324 1650 2760
5 971 953 1534 2761
5 543 1648 1885 2762
5 903 901 907 2763
5 382 1586 1725 2764
5 927 924 1554 2765
5 817 818 1794 2766
5 825 834 1652 2767
5 444 445 1595 2768
5 448 476 1557 2769
5 208 209 1655 2770
5 739 749 1564 2771
5 1261 415 1871 2772
5 336 1481 1780 2773
5 762 783 1587 2774
5 430 424 1639 2775
5 1517 812 1638 2776
5 61 314 1714 2777
5 1122 329 1869 2778
5 814 492 1571 2779
5 1855 1122 1869 2780
5 1032 1055 1852 2781
5 459 457 1734 2782
5 1534 990 1651 2783
5 51 1572 1637 2784
5 502 516 1617 2785
5 501 488 1568 2786
5 749 741 1562 2787
5 1814 962 1882 2788
5 1133 1131 1858 2789
5 45 1510 1643 2790
5 373 1540 1614 2791
5 1524 719 1564 2792
5 504 502 1617 2793
5 1037 1051 1842 2794
5 785 787 1593 2795
5 817 1122 1855 2796
5 1218 1439 1866 2797
5 405 0 406 2798
5 379 190 1658 2799
5 1066 992 1713 2800
5 780 1447 1659 2801
5 170 171 1689 2802
5 1135 500 1868 2803
5 1071 1612 1742 2804
5 1603 895 1604 2805
5 743 858 1562 2806
5 1511 484 1667 2807
5 1361 1359 1660 2808
5 1601 1178 1832 2809
5 1376 1373 1662 2810
5 894 892 1700 2811
5 109 110 1661 2812
5 1625 800 1812 2813
5 93 94 1679 2814
5 1510 330 1575 2815
5 895 893 1606 2816
5 663 1775 1816 2817
5 768 800 1669 2818
5 896 897 1020 2819
5 640 642 1741 2820
5 1495 662 1821 2821
5 454 485 1622 2822
5 730 640 1741 2823
5 1157 1573 1814 2824
5 829 878 1672 2825
5 445 1557 1595 2826
5 1649 751 1748 2827
5 140 141 1673 2828
5 897 898 899 2829
5 358 1134 1602 2830
5 1060 320 1747 2831
5 1478 60 1714 2832
5 458 460 1653 2833
5 479 444 1595 2834
5 568 570 1675 2835
5 749 1463 1836 2836
5 192 383 1717 2837
5 1060 1747 1809 2838
5 1284 851 1862 2839
5 1084 1079 1807 2840
5 1042 491 1839 2841
5 149 150 1676 2842
5 787 843 1593 2843
5 954 927 1554 2844
5 866 856 1756 2845
5 1577 396 1578 2846
5 1338 1613 1666 2847
5 1658 878 1760 2848
5 978 917 1598 2849
5 1291 1292 1681 2850
5 476 1119 1894 2851
5 264 265 1680 2852
5 851 1284 1859 2853
5 447 443 1764 2854
5 778 762 1587 2855
5 911 908 1607 2856
5 203 1283 1733 2857
5 1662 753 1837 2858
5 783 1091 1587 2859
5 1254 1755 1880 2860
5 660 512 1663 2861
5 1555 730 1650 2862
5 988 1620 1839 2863
5 435 437 439 2864
5 1121 855 1727 2865
5 757 1494 1704 2866
5 856 846 1703 2867
5 440 1544 1654 2868
5 1482 805 1808 2869
5 983 911 1607 2870
5 373 1636 1689 2871
5 892 890 998 2872
5 396 93 1679 2873
5 816 814 1656 2874
5 1091 785 1593 2875
5 460 484 1653 2876
5 1319 1316 1687 2877
5 1094 1093 1777 2878
5 372 169 1688 2879
5 1188 1185 1763 2880
5 1185 1187 1763 2881
5 864 1659 1782 2882
5 490 1139 1861 2883
5 1738 872 1878 2884
5 1069 1068 1750 2885
5 870 1549 1818 2886
5 1663 1113 1774 2887
5 313 95 1541 2888
5 161 162 1691 2889
5 899 991 1648 2890
5 1102 362 1897 2891
5 968 931 1610 2892
5 1741 642 1776 2893
5 1470 1531 1737 2894
5 1590 1179 1715 2895
5 409 421 1017 2896
5 1285 1730 1859 2897
5 905 903 1629 2898
5 1451 1459 1863 2899
5 366 154 1695 2900
5 1061 413 1745 2901
5 712 1600 1895 2902
5 1612 828 1742 2903
5 1531 1174 1737 2904
5 140 1673 1719 2905
5 1086 1085 1677 2906
5 462 464 1667 2907
5 509 526 1677 2908
5 94 313 1679 2909
5 1494 503 1634 2910
5 857 867 1747 2911
5 484 462 1667 2912
5 358 85 1047 2913
5 1660 737 1728 2914
5 931 929 1610 2915
5 330 47 1800 2916
5 893 894 896 2917
5 1107 384 1809 2918
5 485 456 1684 2919
5 1646 1645 1795 2920
5 1172 1174 1786 2921
5 476 450 1710 2922
5 112 113 1699 2923
5 182 183 1702 2924
5 1035 1578 1762 2925
5 1050 1478 1714 2926
5 1090 1592 1690 2927
5 1611 848 1694 2928
5 1157 1572 1573 2929
5 814 1571 1656 2930
5 929 954 1610 2931
5 48 1514 1800 2932
5 908 910 1607 2933
5 896 894 897 2934
5 549 1617 1803 2935
5 1033 1116 1875 2936
5 642 1408 1776 2937
5 464 466 1678 2938
5 974 1602 1668 2939
5 320 1611 1694 2940
5 844 1576 1657 2941
5 1039 1049 1757 2942
5 466 499 1678 2943
5 1 886 887 2944
5 711 1470 1737 2945
5 468 470 1682 2946
5 364 148 1709 2947
5 79 80 1647 2948
5 456 458 1684 2949
5 1446 951 1665 2950
5 332 1512 1631 2951
5 1763 1187 1813 2952
5 1504 1030 1561 2953
5 1174 1173 1737 2954
5 940 938 1628 2955
5 1584 940 1628 2956
5 596 598 1728 2957
5 499 468 1682 2958
5 948 946 1620 2959
5 844 771 1753 2960
5 1112 1110 1799 2961
5 988 948 1620 2962
5 161 1691 1739 2963
5 1690 1508 1895 2964
5 773 808 1843 2965
5 323 132 1864 2966
5 248 351 1716 2967
5 1585 1188 1676 2968
5 431 433 661 2969
5 425 1721 1722 2970
5 910 905 1629 2971
5 1576 319 1657 2972
5 1145 1466 1731 2973
5 139 140 1719 2974
5 1588 499 1682 2975
5 747 778 1735 2976
5 977 970 1870 2977
5 40 321 1639 2978
5 858 745 1735 2979
5 1396 1391 1724 2980
5 845 879 1744 2981
5 1648 991 1885 2982
5 182 1702 1746 2983
5 891 892 893 2984
5 946 956 1620 2985
5 1150 398 1627 2986
5 1187 1458 1813 2987
5 1776 1408 1831 2988
5 1280 382 1725 2989
5 1573 332 1631 2990
5 662 1569 1821 2991
5 320 1694 1747 2992
5 60 61 1714 2993
5 967 996 1664 2994
5 755 851 1730 2995
5 1584 1022 1729 2996
5 1219 1218 1866 2997
5 202 203 1733 2998
5 1283 1284 1733 2999
5 889 1603 1686 3000
5 1634 1083 1704 3001
5 1688 1228 1752 3002
5 472 500 1712 3003
5 848 847 1694 3004
5 938 1523 1628 3005
5 1298 1748 1785 3006
5 1592 1086 1690 3007
5 1482 476 1894 3008
5 1199 1200 1768 3009
5 1226 1229 1752 3010
5 335 1520 1786 3011
5 1149 398 1150 3012
5 1591 977 1870 3013
5 843 795 1770 3014
5 536 1500 1703 3015
5 71 72 1621 3016
5 861 781 1726 3017
5 893 896 1606 3018
5 96 1 1723 3019
5 736 1198 1890 3020
5 1 885 886 3021
5 437 440 1654 3022
5 1267 1812 1892 3023
5 1007 852 1827 3024
5 344 1371 1738 3025
5 1292 1641 1681 3026
5 1728 598 1766 3027
5 1528 395 1825 3028
5 1594 387 1744 3029
5 1617 1515 1803 3030
5 875 1259 1833 3031
5 160 161 1739 3032
5 919 978 1718 3033
5 998 890 1830 3034
5 1 71 397 3035
5 1813 1458 1849 3036
5 452 1622 1710 3037
5 893 892 894 3038
5 895 1606 1828 3039
5 425 1720 1721 3040
5 458 1653 1684 3041
5 1126 344 1878 3042
5 450 452 1710 3043
5 1299 1298 1785 3044
5 1408 715 1831 3045
5 406 407 999 3046
5 181 182 1746 3047
5 1508 1690 1883 3048
5 133 134 1750 3049
5 1812 723 1892 3050
5 1536 996 1790 3051
5 598 1430 1766 3052
5 552 554 1748 3053
5 342 1546 1696 3054
5 1629 907 1630 3055
5 831 773 1843 3056
5 1613 737 1666 3057
5 1361 1728 1766 3058
5 379 1760 1810 3059
5 1287 356 1783 3060
5 470 472 1712 3061
5 1258 380 1782 3062
5 679 677 1751 3063
5 1396 1724 1769 3064
5 1404 1605 1801 3065
5 386 1114 1789 3066
5 1054 1528 1825 3067
5 1199 1768 1890 3068
5 828 880 1742 3069
5 1411 1155 1755 3070
5 1148 883 1793 3071
5 1752 1229 1787 3072
5 898 894 1700 3073
5 1136 371 1876 3074
5 888 890 891 3075
5 1667 464 1678 3076
5 1097 980 1705 3077
5 72 73 398 3078
5 874 1855 1869 3079
5 73 74 1627 3080
5 901 889 1686 3081
5 1549 870 1871 3082
5 849 997 1760 3083
5 903 907 1629 3084
5 1004 1005 1881 3085
5 1458 1104 1849 3086
5 1831 715 1865 3087
5 1319 1741 1776 3088
5 1154 1791 1880 3089
5 1165 1168 1761 3090
5 1507 971 1651 3091
5 1512 1513 1692 3092
5 1545 757 1704 3093
5 485 1462 1875 3094
5 1299 1785 1835 3095
5 1229 1432 1787 3096
5 992 986 1713 3097
5 1362 1361 1766 3098
5 1766 1430 1819 3099
5 1748 554 1785 3100
5 1550 312 1806 3101
5 196 1548 1804 3102
5 350 246 1767 3103
5 1542 686 1847 3104
5 424 39 1639 3105
5 1020 897 1648 3106
5 1036 1482 1894 3107
5 1477 736 1890 3108
5 314 1160 1736 3109
5 1508 712 1895 3110
5 1 397 885 3111
5 971 1534 1651 3112
5 1303 379 1810 3113
5 1600 1090 1895 3114
5 38 39 423 3115
5 678 680 1771 3116
5 1008 1009 1882 3117
5 1849 1104 1897 3118
5 1467 1479 1765 3119
5 1572 1157 1637 3120
5 951 919 1718 3121
5 897 899 1648 3122
5 372 1752 1787 3123
5 1320 1319 1776 3124
5 1760 997 1810 3125
5 1400 853 1778 3126
5 745 747 1735 3127
5 1583 1584 1729 3128
5 1208 1211 1781 3129
5 1301 1299 1835 3130
5 1052 1135 1868 3131
5 1787 1432 1840 3132
5 715 1407 1865 3133
5 1362 1766 1819 3134
5 809 1018 1780 3135
5 891 890 892 3136
5 856 1703 1756 3137
5 996 983 1790 3138
5 554 1455 1785 3139
5 1430 710 1819 3140
5 1148 397 1149 3141
5 874 1560 1855 3142
5 868 866 1774 3143
5 75 76 1645 3144
5 1619 335 1786 3145
5 364 1763 1813 3146
5 398 1149 1621 3147
5 1309 372 1787 3148
5 1500 660 1756 3149
5 1238 1241 1788 3150
5 187 188 1791 3151
5 663 1473 1799 3152
5 1108 1113 1775 3153
5 887 886 888 3154
5 411 303 1811 3155
5 1636 1228 1689 3156
5 1320 1776 1831 3157
5 1301 1835 1863 3158
5 381 1398 1801 3159
5 226 227 1802 3160
5 415 195 1804 3161
5 205 412 1805 3162
5 97 416 1806 3163
5 1030 1504 1754 3164
5 1104 1102 1897 3165
5 1778 853 1834 3166
5 813 1475 1798 3167
5 1538 549 1803 3168
5 997 1254 1810 3169
5 1682 470 1712 3170
5 433 435 1671 3171
5 1450 723 1812 3172
5 1312 364 1813 3173
5 137 138 1815 3174
5 888 886 890 3175
5 851 1063 1862 3176
5 1169 1476 1850 3177
5 1432 1138 1840 3178
5 1111 1112 1783 3179
5 1785 1455 1835 3180
5 1819 710 1853 3181
5 363 1590 1715 3182
5 1668 1025 1889 3183
5 1364 1362 1819 3184
5 1631 1512 1692 3185
5 907 901 1686 3186
5 1309 1787 1840 3187
5 383 1672 1717 3188
5 333 111 1820 3189
5 1106 1573 1631 3190
5 1150 1646 1886 3191
5 47 48 1800 3192
5 1687 730 1741 3193
5 1285 392 1827 3194
5 226 1802 1848 3195
5 1602 1134 1668 3196
5 1259 411 1833 3197
5 1840 1138 1876 3198
5 1322 1320 1831 3199
5 1312 1813 1849 3200
5 495 494 1784 3201
5 500 474 1826 3202
5 867 1107 1809 3203
5 1176 1180 1832 3204
5 771 876 1753 3205
5 879 875 1833 3206
5 853 1007 1834 3207
5 870 1633 1871 3208
5 879 1594 1744 3209
5 1364 1819 1853 3210
5 74 75 399 3211
5 1455 709 1835 3212
5 484 1511 1852 3213
5 1459 1301 1863 3214
5 1424 872 1837 3215
5 158 159 1838 3216
5 710 1426 1853 3217
5 976 982 1749 3218
5 1310 1309 1840 3219
5 1853 1426 1896 3220
5 514 520 1816 3221
5 179 180 1846 3222
5 1274 1270 1847 3223
5 1322 1831 1865 3224
5 526 1508 1883 3225
5 1835 709 1863 3226
5 1578 1035 1792 3227
5 439 437 1654 3228
5 225 226 1848 3229
5 1138 1136 1876 3230
5 158 1838 1877 3231
5 1311 1312 1849 3232
5 76 77 400 3233
5 1271 390 1851 3234
5 1366 1853 1896 3235
5 795 874 1770 3236
5 1366 1364 1853 3237
5 1310 1840 1876 3238
5 1174 1619 1786 3239
5 1659 1258 1782 3240
5 1703 1500 1756 3241
5 179 1846 1891 3242
5 1530 518 1844 3243
5 698 1414 1858 3244
5 1311 1849 1897 3245
5 660 1663 1774 3246
5 1284 1282 1859 3247
5 80 405 1647 3248
5 1 887 1723 3249
5 1276 1273 1873 3250
5 1333 1322 1865 3251
5 709 1451 1863 3252
5 1439 705 1866 3253
5 1631 1692 1758 3254
5 1268 1267 1892 3255
5 1426 731 1896 3256
5 1149 397 1621 3257
5 723 1542 1892 3258
5 371 1310 1876 3259
5 1198 1199 1890 3260
5 818 848 1794 3261
5 157 158 1877 3262
5 871 1126 1878 3263
5 1520 1172 1786 3264
5 1151 982 1884 3265
5 178 179 1891 3266
5 362 1311 1897 3267
5 1471 1366 1896 3268
5 1298 1649 1748 3269
5 991 993 1885 3270
5 1758 1049 1845 3271
5 1504 331 1754 3272
5 1305 1601 1832 3273
5 731 1471 1896 3274
5 1531 1495 1821 3275
5 1543 1396 1769 3276
5 1599 122 1697 3277
5 1569 1070 1821 3278
5 1709 1188 1763 3279
5 1548 415 1804 3280
5 416 1550 1806 3281
5 428 424 429 3282
5 956 1583 1729 3283
5 1541 96 1723 3284
5 1070 1531 1821 3285
5 435 439 1671 3286
5 487 1536 1790 3287
5 1513 315 1757 3288
5 1605 381 1801 3289
5 1672 878 1717 3290
5 1106 1631 1758 3291
5 1692 1513 1757 3292
5 1579 426 1867 3293
5 32 33 1683 3294
5 1361 1660 1728 3295
5 1595 1557 1808 3296
5 1551 998 1830 3297
5 78 79 401 3298
5 1647 1000 1857 3299
5 1303 1810 1880 3300
5 1549 402 1818 3301
5 1049 1048 1845 3302
5 1713 986 1854 3303
5 379 1658 1760 3304
5 499 1588 1842 3305
5 1560 817 1855 3306
5 426 1579 1773 3307
5 1515 861 1803 3308
5 1677 526 1883 3309
5 999 1529 1743 3310
5 24 25 1599 3311
5 23 24 1697 3312
5 1064 1595 1808 3313
5 1559 411 1811 3314
5 22 23 1708 3315
5 1025 1062 1889 3316
5 1755 1154 1880 3317
5 304 1559 1811 3318
5 1267 1625 1812 3319
5 1651 990 1844 3320
5 25 26 1693 3321
5 1665 1045 1698 3322
5 77 78 1879 3323
5 1727 500 1826 3324
5 30 31 1701 3325
5 1105 1758 1845 3326
5 1810 1254 1880 3327
5 6 7 407 3328
5 661 433 1671 3329
5 33 34 1674 3330
5 1557 1482 1808 3331
5 474 477 1826 3332
5 1376 1662 1837 3333
5 778 1587 1759 3334
5 1514 316 1779 3335
5 1319 1687 1741 3336
5 21 22 410 3337
5 31 32 417 3338
5 418 419 1887 3339
5 27 28 1707 3340
5 1086 1677 1883 3341
5 28 29 1711 3342
5 419 1823 1887 3343
5 885 397 1148 3344
5 1041 1770 1869 3345
5 1775 1113 1816 3346
5 372 1688 1752 3347
5 358 1602 1841 3348
5 885 1148 1551 3349
5 7 8 1732 3350
5 984 1010 1893 3351
5 26 27 414 3352
5 1542 1268 1892 3353
5 18 19 1486 3354
5 29 30 1685 3355
5 1753 876 1874 3356
5 34 35 1670 3357
5 1604 895 1828 3358
5 8 9 408 3359
5 1577 1578 1792 3360
5 1796 1795 1797 3361
5 1639 321 1872 3362
5 1734 984 1893 3363
5 84 358 1841 3364
5 9 10 1740 3365
5 38 423 425 3366
5 1725 831 1843 3367
5 1674 120 1683 3368
5 10 11 409 3369
5 322 1577 1792 3370
5 16 17 413 3371
5 1692 1049 1758 3372
5 419 84 1841 3373
5 364 1709 1763 3374
5 1573 1106 1814 3375
5 406 999 1000 3376
5 423 424 428 3377
5 986 985 1854 3378
5 1721 119 1722 3379
5 1049 1692 1757 3380
5 1147 1496 1856 3381
5 14 15 1061 3382
5 1564 749 1836 3383
5 12 13 421 3384
5 397 71 1621 3385
5 35 36 420 3386
5 72 398 1621 3387
5 1795 400 1797 3388
5 1626 543 1885 3389
5 500 1727 1868 3390
5 1529 407 1732 3391
5 993 1626 1885 3392
5 1633 1261 1871 3393
5 398 73 1627 3394
5 408 1146 1529 3395
5 982 1507 1884 3396
5 1822 404 1823 3397
5 408 1529 1732 3398
5 1797 401 1857 3399
5 1121 1727 1826 3400
5 423 39 424 3401
5 121 1707 1711 3402
5 74 399 1627 3403
5 999 407 1529 3404
5 1551 1148 1793 3405
5 401 79 1647 3406
5 1009 1814 1882 3407
5 1690 1086 1883 3408
5 1730 851 1859 3409
5 401 1647 1857 3410
5 409 1017 1146 3411
5 399 75 1645 3412
5 1280 1725 1843 3413
5 1061 1745 1824 3414
5 1017 421 1824 3415
5 76 400 1645 3416
5 1000 1796 1857 3417
5 1664 996 1861 3418
5 344 1738 1878 3419
5 885 1551 1830 3420
5 400 77 1879 3421
5 890 886 1830 3422
5 886 885 1830 3423
5 1090 1690 1895 3424
5 399 1645 1646 3425
5 1001 1822 1823 3426
5 1770 874 1869 3427
5 1146 408 1740 3428
5 78 401 1879 3429
5 409 1146 1740 3430
5 1823 404 1887 3431
5 1040 1795 1796 3432
5 430 1639 1872 3433
5 1796 1797 1857 3434
5 1797 400 1879 3435
5 24 1599 1697 3436
5 33 1674 1683 3437
5 1720 422 1721 3438
5 23 1697 1708 3439
5 417 32 1683 3440
5 1599 25 1693 3441
5 401 1797 1879 3442
5 410 22 1708 3443
5 34 1670 1674 3444
5 31 417 1701 3445
5 26 414 1693 3446
5 427 1807 1867 3447
5 1685 30 1701 3448
5 407 7 1732 3449
5 414 27 1707 3450
5 1707 28 1711 3451
5 29 1685 1711 3452
5 35 420 1670 3453
5 1685 121 1711 3454
5 8 408 1732 3455
5 408 9 1740 3456
5 10 409 1740 3457
5 1000 999 1743 3458
5 427 1867 1898 3459
5 1867 426 1898 3460
5 1745 124 1824 3461
5 81 82 0 3462
5 119 120 420 3463
5 417 120 1701 3464
5 121 414 1707 3465
5 121 1685 1701 3466
5 0 6 406 3467
5 11 12 409 3468
5 13 14 421 3469
5 15 16 1061 3470
5 17 18 413 3471
5 413 18 1486 3472
5 19 20 1486 3473
5 20 21 410 3474
5 82 83 70 3475
5 422 118 1721 3476
5 119 420 1722 3477
5 120 121 1701 3478
5 120 417 1683 3479
5 420 120 1670 3480
5 121 122 414 3481
5 122 123 410 3482
5 122 410 1708 3483
5 414 122 1693 3484
5 123 124 1745 3485
5 413 123 1745 3486
5 127 1040 1796 3487
5 989 988 1839 3488
NPOIN= 1900
0.4796710883410977 0.3125606294983065 0
0.5876146290581353 0.3501419495730508 1
-1 0.25 2
4 0.25 3
4 0.75 4
-1 0.75 5
0.46994379196777 0.3107137654692388 6
0.4602580655099239 0.3086568205649314 7
0.4505918057075395 0.3065100886846636 8
0.4409375471917953 0.3043099475040018 9
0.4312901526633137 0.3020798733018193 10
0.4216458891544016 0.299836291372966 11
0.4120015817094879 0.2975928968465942 12
0.4023534951190655 0.2953658166042106 13
0.3926984853526475 0.2931689841701947 14
0.383033996615309 0.2910142406328615 15
0.3733562875668845 0.2889196898325772 16
0.3636650688163477 0.2868886049397568 17
0.3539598046720978 0.2849257247915092 18
0.3442388674365414 0.2830420266507485 19
0.3345019248779262 0.2812429694471507 20
0.3247470689264018 0.2795437179434548 21
0.3149737204696801 0.277954400147774 22
0.3051817219475346 0.2764844254955298 23
0.2953700077296468 0.275152459621313 24
0.285538540602528 0.2739755207710844 25
0.2756875431077553 0.2729753825054749 26
0.2658174784066558 0.2721858879289262 27
0.2559310133742153 0.2716409673423014 28
0.2460329731508579 0.2713822708447834 29
0.2361318217605803 0.2714401413962552 30
0.2262389302708639 0.2718458040911877 31
0.2163689794135466 0.27263113775738 32
0.2065412366527078 0.2738333206775257 33
0.1967841233331578 0.2755130205588142 34
0.1871481148821436 0.2777831692119997 35
0.1777367454772575 0.2808476012435874 36
0.1688273055462804 0.2851366816244447 37
0.1616182241807334 0.2918016891812548 38
0.1634418155877176 0.2997395648065398 39
0.1731085575506485 0.301752538340457 40
0.1829871216127254 0.3024002988940798 41
0.1928861868641536 0.3026208296885213 42
0.2027877016542757 0.3026883418302569 43
0.2126894811757798 0.3026961932699971 44
0.2225912588767065 0.3026798539333607 45
0.2324930230443355 0.3026566495543283 46
0.2423948015441582 0.3026401510422684 47
0.2522965914603696 0.3026358227412406 48
0.2621983762047872 0.3026459638648766 49
0.2721001083662398 0.302679832992774 50
0.2820017313347732 0.3027371223002703 51
0.291903180333718 0.3028192600374564 52
0.3018043612716024 0.3029289000771083 53
0.3117051890620451 0.3030668309862097 54
0.3216055421477513 0.3032353807295923 55
0.331505320347414 0.3034348536613686 56
0.3414043618020275 0.3036680154316481 57
0.3513025337778675 0.3039355435677246 58
0.3611996497371902 0.3042396212090929 59
0.3710955177944967 0.3045818837121509 60
0.3809898660378398 0.3049655659184471 61
0.3908824913764958 0.3053913479322717 62
0.4007730522319413 0.3058626200863268 63
0.4106610349171911 0.3063851351859734 64
0.4205458971755861 0.3069636727681155 65
0.4304268218183377 0.3076058874575316 66
0.4403026607662037 0.3083219289428957 67
0.4501717142831168 0.3091259288586687 68
0.4600298810897432 0.3100532933206027 69
0.4698689725421389 0.3111638687360162 70
0.5787699168324713 0.3457235082009964 71
0.5698392387508898 0.3414815785397117 72
0.5608172678482992 0.3374375586646194 73
0.5516973435383611 0.3336197423716726 74
0.5424723852761933 0.3300634728683789 75
0.5331360575958316 0.3268111682453025 76
0.5236842991707609 0.3239119266451005 77
0.5141168801632766 0.3214215730712573 78
0.5044388247284731 0.3194048626625533 79
0.4946619659260555 0.3179432281140658 80
0.484808660944382 0.3171566267098577 81
0.4749272470626594 0.31727184249824 82
0.4652123531428403 0.3189693758372656 83
0.4627769068197751 0.3255880186250663 84
0.47223990513505 0.3282267673374149 85
0.4820854723747755 0.3291024598264439 86
0.4919635586122107 0.3295199526508155 87
0.5018436082728562 0.3298919094673808 88
0.5117143701439897 0.3304540737577867 89
0.5215591697224856 0.3313600811311501 90
0.5313532408924545 0.3327060927680071 91
0.541067544930135 0.3345405633756727 92
0.5506749329614941 0.33687113475694 93
0.5601562392074009 0.3396713542655799 94
0.5695049867866913 0.3428872312891614 95
0.5787300963104927 0.3464429956604763 96
-0.9500000000000355 0.25 97
-0.900000000000071 0.25 98
-0.8500000000001064 0.25 99
-0.8000000000001419 0.25 100
-0.7500000000001775 0.25 101
-0.7000000000002129 0.25 102
-0.6500000000002485 0.25 103
-0.600000000000284 0.25 104
-0.5500000000003195 0.25 105
-0.500000000000355 0.25 106
-0.4500000000003906 0.25 107
-0.4000000000004339 0.25 108
-0.350000000000525 0.25 109
-0.3000000000006637 0.25 110
-0.2500000000008102 0.25 111
-0.2000000000009567 0.25 112
-0.1500000000011033 0.25 113
-0.1000000000012498 0.25 114
-0.05000000000139637 0.25 115
-1.54287693732158e-12 0.25 116
0.04999999999831051 0.25 117
0.09999999999816422 0.25 118
0.1499999999980177 0.25 119
0.1999999999978712 0.25 120
0.2499999999977245 0.25 121
0.2999999999975782 0.25 122
0.3499999999974315 0.25 123
0.3999999999972852 0.25 124
0.4499999999971385 0.25 125
0.4999999999969922 0.25 126
0.5499999999968455 0.25 127
0.5999999999966992 0.25 128
0.6499999999965524 0.25 129
0.6999999999964064 0.25 130
0.7499999999962594 0.25 131
0.7999999999961132 0.25 132
0.8499999999959664 0.25 133
0.8999999999958201 0.25 134
0.9499999999956739 0.25 135
0.9999999999955442 0.25 136
1.04999999999555 0.25 137
1.099999999995626 0.25 138
1.149999999995701 0.25 139
1.199999999995776 0.25 140
1.249999999995852 0.25 141
1.299999999995928 0.25 142
1.349999999996003 0.25 143
1.399999999996078 0.25 144
1.449999999996153 0.25 145
1.499999999996229 0.25 146
1.549999999996304 0.25 147
1.599999999996379 0.25 148
1.649999999996456 0.25 149
1.699999999996531 0.25 150
1.749999999996606 0.25 151
1.799999999996681 0.25 152
1.849999999996757 0.25 153
1.899999999996832 0.25 154
1.949999999996908 0.25 155
1.999999999996983 0.25 156
2.049999999997058 0.25 157
2.099999999997134 0.25 158
2.14999999999721 0.25 159
2.199999999997285 0.25 160
2.24999999999736 0.25 161
2.299999999997436 0.25 162
2.349999999997511 0.25 163
2.399999999997587 0.25 164
2.449999999997662 0.25 165
2.499999999997738 0.25 166
2.549999999997813 0.25 167
2.599999999997889 0.25 168
2.649999999997964 0.25 169
2.699999999998039 0.25 170
2.749999999998115 0.25 171
2.799999999998191 0.25 172
2.849999999998265 0.25 173
2.899999999998341 0.25 174
2.949999999998417 0.25 175
2.999999999998491 0.25 176
3.049999999998567 0.25 177
3.099999999998643 0.25 178
3.149999999998718 0.25 179
3.199999999998793 0.25 180
3.249999999998869 0.25 181
3.299999999998944 0.25 182
3.34999999999902 0.25 183
3.399999999999094 0.25 184
3.449999999999171 0.25 185
3.499999999999246 0.25 186
3.549999999999321 0.25 187
3.599999999999397 0.25 188
3.649999999999473 0.25 189
3.699999999999547 0.25 190
3.749999999999623 0.25 191
3.799999999999699 0.25 192
3.849999999999774 0.25 193
3.899999999999849 0.25 194
3.949999999999925 0.25 195
4 0.3000000000004857 196
4 0.3500000000005549 197
4 0.4000000000004855 198
4 0.4500000000004162 199
4 0.5000000000003468 200
4 0.5500000000002775 201
4 0.6000000000002081 202
4 0.6500000000001387 203
4 0.7000000000000695 204
3.95 0.75 205
3.9 0.75 206
3.85 0.75 207
3.8 0.75 208
3.75 0.75 209
3.699999999999999 0.75 210
3.649999999999999 0.75 211
3.599999999999999 0.75 212
3.549999999999999 0.75 213
3.499999999999999 0.75 214
3.449999999999999 0.75 215
3.399999999999999 0.75 216
3.349999999999999 0.75 217
3.299999999999999 0.75 218
3.249999999999999 0.75 219
3.199999999999998 0.75 220
3.149999999999999 0.75 221
3.099999999999999 0.75 222
3.049999999999998 0.75 223
2.999999999999999 0.75 224
2.949999999999998 0.75 225
2.899999999999999 0.75 226
2.849999999999999 0.75 227
2.799999999999999 0.75 228
2.749999999999999 0.75 229
2.699999999999998 0.75 230
2.649999999999999 0.75 231
2.599999999999999 0.75 232
2.549999999999999 0.75 233
2.499999999999999 0.75 234
2.449999999999999 0.75 235
2.399999999999999 0.75 236
2.349999999999999 0.75 237
2.299999999999999 0.75 238
2.249999999999999 0.75 239
2.199999999999998 0.75 240
2.149999999999999 0.75 241
2.099999999999999 0.75 242
2.049999999999999 0.75 243
1.999999999999999 0.75 244
1.949999999999999 0.75 245
1.899999999999999 0.75 246
1.849999999999999 0.75 247
1.799999999999999 0.75 248
1.749999999999999 0.75 249
1.699999999999999 0.75 250
1.649999999999999 0.75 251
1.599999999999999 0.75 252
1.549999999999999 0.75 253
1.5 0.75 254
1.449999999999999 0.75 255
1.399999999999999 0.75 256
1.349999999999999 0.75 257
1.299999999999999 0.75 258
1.249999999999999 0.75 259
1.199999999999999 0.75 260
1.149999999999999 0.75 261
1.1 0.75 262
1.049999999999999 0.75 263
0.9999999999999996 0.75 264
0.9499999999999993 0.75 265
0.8999999999999995 0.75 266
0.8499999999999996 0.75 267
0.7999999999999994 0.75 268
0.7499999999999987 0.75 269
0.6999999999999988 0.75 270
0.6499999999999995 0.75 271
0.5999999999999992 0.75 272
0.5499999999999989 0.75 273
0.4999999999999996 0.75 274
0.4499999999999997 0.75 275
0.399999999999999 0.75 276
0.3499999999999988 0.75 277
0.2999999999999989 0.75 278
0.2499999999999996 0.75 279
0.1999999999999993 0.75 280
0.1499999999999995 0.75 281
0.09999999999999964 0.75 282
0.04999999999999982 0.75 283
-8.881784197001252e-16 0.75 284
-0.05000000000000071 0.75 285
-0.1000000000000005 0.75 286
-0.1500000000000004 0.75 287
-0.2000000000000002 0.75 288
-0.25 0.75 289
-0.2999999999999998 0.75 290
-0.3500000000000005 0.75 291
-0.4000000000000004 0.75 292
-0.4500000000000011 0.75 293
-0.5000000000000009 0.75 294
-0.5499999999999998 0.75 295
-0.6000000000000005 0.75 296
-0.6500000000000004 0.75 297
-0.6999999999999993 0.75 298
-0.75 0.75 299
-0.8000000000000007 0.75 300
-0.8500000000000005 0.75 301
-0.9000000000000004 0.75 302
-0.9500000000000002 0.75 303
-1 0.7000000000002775 304
-1 0.650000000000555 305
-1 0.6000000000008324 306
-1 0.5500000000011098 307
-1 0.5000000000013763 308
-1 0.4500000000011097 309
-1 0.4000000000008323 310
-1 0.3500000000005549 311
-1 0.3000000000002774 312
0.5614406070778964 0.3510302825921655 313
0.3849045551159805 0.3132050532002338 314
0.326154281473818 0.3122193568621986 315
0.2668244221700695 0.3114336110752938 316
0.2082839499527102 0.3114577043098167 317
0.4866478783288816 0.3377978720493743 318
0.02403182504466978 0.708908511675745 319
0.7761645141136388 0.7103184899250029 320
0.1774875898807692 0.3106204130459534 321
0.5248287874597085 0.3404416135112117 322
0.7736647334273085 0.2901553677228171 323
0.4250022761589925 0.3158589168663546 324
0.1794436099777494 0.7093812576093604 325
0.3250051564778162 0.7079602918637027 326
0.02668630269125858 0.2930108245886789 327
0.4749999999999996 0.7066987298107784 328
0.6266392530059767 0.7103794809332952 329
0.2382932198845644 0.3105423849746719 330
0.3569388243819187 0.3134183940068649 331
0.2967467111735277 0.3115544800569262 332
-0.2750844619649334 0.2937212340853502 333
-0.1258211930215489 0.29777927622476 334
0.9227820421166482 0.2939362136366329 335
-0.4249963793563366 0.3030249343475154 336
-0.674618976257279 0.2944885346922562 337
3.730258478239567 0.7013719954600454 338
3.574999999998277 0.7066987298103032 339
3.424999999999314 0.7066987298109476 340
3.275000000001038 0.706698729810687 341
3.125424021082843 0.7082805949874371 342
2.966830481634565 0.702659516972818 343
2.829432008783286 0.7073840319870534 344
2.675000000758093 0.7066987294298303 345
2.524999988479344 0.7066987049110488 346
2.374999980015427 0.7066987109021843 347
2.224999995209906 0.7066987320581639 348
2.07500001422452 0.7066987044865753 349
1.924999999999998 0.7066987298107782 350
1.773276601520314 0.707693783891892 351
1.624999726766732 0.7066992030410701 352
1.475022135177367 0.7067110164204993 353
1.324928079157388 0.7064774955934445 354
1.174871335960146 0.7065860718841932 355
1.026549436970379 0.709278653958677 356
-0.5750200733184179 0.7067008986109127 357
0.4654136221569725 0.3345890408102605 358
-0.2250669758304182 0.7069284666338889 359
1.122416941531252 0.2914216069945119 360
1.273945304670505 0.2951016853309789 361
1.424999999996116 0.2933012701892871 362
-0.376305914001144 0.7081722595444051 363
1.574318988425934 0.2907890564984941 364
1.723551114322971 0.2889967405601033 365
1.872056112227069 0.29319665339429 366
2.030554775182343 0.2955377697265336 367
2.173667546079447 0.2906507740527124 368
-0.7250015712563661 0.7066984639302897 369
2.324999999997474 0.2933012701892868 370
2.474999999997701 0.293301270189287 371
2.62456941734665 0.2916144593410294 372
2.773864645694897 0.2894348241696014 373
2.92389197839261 0.2932293277395324 374
3.081806584507976 0.2956146046137077 375
3.22504925503938 0.292511404206533 376
3.366708310547943 0.2906076642517578 377
3.524999999999283 0.2933012701892871 378
3.674633946120885 0.289029896643338 379
-0.9575444266710493 0.4766001960502239 380
3.958221473795771 0.476229557899144 381
-0.826953312690121 0.2921737542811197 382
3.825474115958633 0.2898606229555215 383
0.8749999999999997 0.7066987298107782 384
-0.07483982146036762 0.7086082334885486 385
0.4050617628143374 0.3146645207472104 386
-0.9594847813769594 0.5754416800398006 387
-0.5248561828303377 0.2971560613485607 388
1.027027757671049 0.2955853314096664 389
-0.8227118921501602 0.7080193628930831 390
-0.4750206082044826 0.7067000843712427 391
3.827066780632173 0.7089477974320776 392
3.956024085071659 0.5760394861136697 393
0.6737340367419945 0.2884146302962451 394
0.5071347533011926 0.33893259145725 395
0.5443711203101274 0.3440717981062505 396
0.5868239419489218 0.3390463677653166 397
0.5703767753640513 0.3307814284263247 398
0.5489330459822204 0.324309895233696 399
0.5295839353688138 0.3153265845022787 400
0.5121084305885011 0.3115239860501307 401
3.958520657702701 0.3734768353121157 402
-0.9566987298105378 0.3750000000006936 403
0.4433446294701328 0.3166545682501201 404
0.4903134539255731 0.3103078928271821 405
0.4799218690682266 0.3025212407282725 406
0.4675144665297356 0.2993339307146008 407
0.448068963471769 0.2952077100790947 408
0.4250298733360652 0.2914793039150322 409
0.3266174658880068 0.2689892781654159 410
-0.9247959722603742 0.7122143502890381 411
3.923066243270248 0.7078151847792507 412
0.3663482801468634 0.2768291479118407 413
0.272393735506163 0.2621711697507161 414
3.921442280824923 0.2977996760441422 415
-0.9247881315359991 0.2923386022527992 416
0.2178623005718949 0.2641235526206591 417
0.4571535753998106 0.3183473390463366 418
0.4538820027915181 0.3258606582453408 419
0.1777140293809486 0.2669460802642404 420
0.4067073046696417 0.2867566350955496 421
0.1237911736623477 0.2814627580337434 422
0.1560879518648176 0.298041336608175 423
0.1571857704987474 0.3074881977789286 424
0.1508942184675796 0.2883821042561878 425
0.08475506050728603 0.2873161238240158 426
0.1111298452072767 0.3118847643789622 427
0.145665802978324 0.3032417221551936 428
0.1458213388532244 0.3171960952520644 429
0.1609802401843689 0.3207522478790521 430
0.1510852151227641 0.3334323663065503 431
0.1696942525595815 0.3346775824949182 432
0.1580447337794895 0.3502353493251635 433
0.1760902110764161 0.353292067349035 434
0.1644291234206357 0.3682136972678646 435
0.183514571272398 0.3716319561894909 436
0.1708672170590415 0.3872252540483546 437
0.1910724383524077 0.39082878579688 438
0.150430002266114 0.3835564930797096 439
0.177767347785743 0.407327497504767 440
0.2034087140553789 0.4109663817450001 441
0.1849926253712942 0.4291621076178498 442
0.2089665534452963 0.4339158134859777 443
0.1929837249984141 0.4525408938686993 444
0.2178932021460898 0.4564094006793006 445
0.1673852282153896 0.4478535172663953 446
0.2339441593330669 0.4384021736129812 447
0.2430128355970018 0.4604150512956191 448
0.2591605793395747 0.4410902436793189 449
0.2679720048986426 0.4634979051483052 450
0.2832304137716529 0.4441959478348741 451
0.2927653858447413 0.4667156836813304 452
0.3078469405573483 0.4476768087821728 453
0.3173849057547127 0.4707042798696959 454
0.3324978524614609 0.4513279219549253 455
0.3420592804016673 0.474116514696749 456
0.3569759692932087 0.4559378920818632 457
0.3667545037562571 0.4776755108082464 458
0.3818329396954642 0.4597236645916397 459
0.3912584585401875 0.4815111605855303 460
0.4071110543260821 0.462284963846138 461
0.4158414977851179 0.4847544461405972 462
0.4320409431474698 0.4656864420406976 463
0.440346611641807 0.4883062674895103 464
0.4560762970896883 0.4692766200457595 465
0.4649414933101695 0.4919277626396769 466
0.4809050493002197 0.4731284148032731 467
0.489423092468666 0.4954686907099194 468
0.5055200594161444 0.4767453446898975 469
0.5140784345211769 0.4989502853441071 470
0.5295339945934459 0.4798277935647055 471
0.5387735386402011 0.502882686188743 472
0.5542400955175797 0.4827863333827711 473
0.5640638293094109 0.5069221790157913 474
0.5807749631192071 0.4858897692883424 475
0.2523370255287806 0.484162240574843 476
0.591996803706753 0.5119610475124043 477
0.6113768554797016 0.4880471591637082 478
0.1761916538814529 0.4730053250207742 479
0.149073737614549 0.4679194105487514 480
0.3973688794697159 0.439603666545292 481
0.6218462345563284 0.5187354801430542 482
0.6437599205048554 0.4913882394479845 483
0.4034513137025829 0.5047642295598158 484
0.3266014541457805 0.4945765497470492 485
0.3248348111167224 0.4275857392216088 486
0.5207197899681327 0.4592889047196121 487
0.1583401894815041 0.495009534773641 488
0.129372044230287 0.4896194016228822 489
0.4711373870200796 0.4526276390258319 490
0.275609481122531 0.4233083834323722 491
0.6569356182732529 0.5232763067886644 492
0.6786331583042152 0.4951398635355649 493
0.6634626351139616 0.4653268449206296 494
0.7001969656889685 0.4673620979712385 495
0.7161595444955491 0.5000900051469424 496
0.7384090899429145 0.4685024162292751 497
0.7558739965823401 0.5043901705992231 498
0.4767132313386673 0.5153595207061696 499
0.5474725350699068 0.5279700153964121 500
0.1392761220736691 0.5184401389124947 501
0.108584373650092 0.5127343656918699 502
0.09932100091331299 0.4830819422762347 503
0.0761962295584 0.5068503734332508 504
0.06610913216531965 0.4740540466809628 505
0.04073767312970537 0.5005644115082339 506
0.7795732991085992 0.4705848441983226 507
0.7982034279118162 0.5087627214575782 508
0.02959763227213421 0.46516588796782 509
0.003157216021445221 0.4931723183272787 510
0.8228141481999445 0.473129176676498 511
0.8413692156988868 0.5125706667538721 512
0.8674991369081638 0.4761811796943433 513
0.8867840160743961 0.5146363733192579 514
0.9137478215695185 0.4790362751027982 515
0.1182437494701807 0.5432529135261801 516
0.1513021384805514 0.5489861664861684 517
0.2026355063134797 0.3726494626130396 518
0.5988565726106094 0.4611115837846103 519
0.9340867713513594 0.5191713816464095 520
0.9610539130761531 0.4821346051866355 521
0.9816184839466007 0.5255469498943177 522
1.009091827509833 0.4861184344788679 523
1.029778705934205 0.5301727529724279 524
1.057638027592123 0.4900240580784987 525
-0.008812063697287868 0.4575300817582977 526
-0.03709712948964279 0.4852235096601238 527
-0.02421755654838271 0.5247047555348272 528
-0.06570572845840777 0.516565079080483 529
-0.07942919359971996 0.4751183443138586 530
-0.109437864568341 0.5079701865392338 531
-0.1235802070877309 0.4645456431712187 532
-0.1545789321932129 0.4989752721801655 533
1.07856170899267 0.5343823964088159 534
1.106545860306561 0.4939579697192857 535
0.7320986624330255 0.5352852623667959 536
1.127670792013803 0.5380030517580779 537
1.155759593991656 0.4978176052175452 538
1.177011283351194 0.5415352256627817 539
1.205166027682748 0.5016691762953843 540
-0.1690291101401164 0.4542876663821852 541
-0.2009535957300662 0.4894452095167962 542
0.7153290035731403 0.4343551210708509 543
0.6331978276314216 0.5516853446045655 544
1.226484512613537 0.5456177944760263 545
1.254683617595838 0.5056341736120773 546
0.05996324044944787 0.43574070446888 547
-0.1394701395720226 0.5416465377897298 548
0.05198800501681794 0.534002912277704 549
0.1287840311693225 0.5757154536331888 550
0.1644334640615305 0.5816975490559371 551
1.276127337236168 0.5488423018194415 552
1.304319276952016 0.5094979655600715 553
1.325702091789743 0.5538275579584132 554
1.354018899743378 0.5136916907804683 555
1.332640311265046 0.4687311514013501 556
1.382388267883102 0.4728357161387869 557
1.403748419366127 0.5179663637086581 558
1.432152702607651 0.4769400485423808 559
1.453518649600466 0.5220881075296144 560
1.481937847619319 0.4810170219193285 561
1.503319509405347 0.5260658027450986 562
1.531739097785635 0.4850663175013269 563
1.553126411753823 0.5301251766501081 564
1.581547952798014 0.489126021197303 565
1.603001013644061 0.5334611163900882 566
1.631376933424918 0.4930704071973901 567
1.6528169573428 0.5375942770313181 568
1.681203825897628 0.4971348447279376 569
1.702688773503231 0.5411045504163234 570
1.731038707754809 0.5011118674026542 571
1.752426274670977 0.5462857538860915 572
1.780854089935101 0.5053532987601477 573
1.802233604918037 0.5506332367641905 574
1.830627989800333 0.5101240907412732 575
1.809282972249561 0.464410183034918 576
1.859112173850333 0.468513410630788 577
1.880448520694294 0.5143339205653291 578
1.90894194799593 0.4726148145134074 579
1.930167144437861 0.5197971442652386 580
1.958755132679997 0.4769248474056123 581
1.979977661291652 0.5241423366789695 582
2.008505101025881 0.4820128452717112 583
2.029955403809801 0.526446229094409 584
2.058348542069213 0.4859608814580139 585
2.07981446481538 0.5302044765585944 586
2.108263848489357 0.4890319951152802 587
2.129665793320357 0.5340589446500104 588
2.158113906398778 0.4929023745419611 589
2.179360918941003 0.5375739618695941 590
2.207945815098772 0.4968990778040364 591
2.229617960669594 0.5416485356130053 592
2.257831091720787 0.5009108680474971 593
2.279941026206885 0.5457573749100912 594
2.307754906515607 0.5049804922267193 595
2.329127473209335 0.54865817067449 596
2.357495730359223 0.508858422115912 597
2.37881151056199 0.551721570166198 598
2.407289004860225 0.5127315204003304 599
2.385903854930029 0.4679284704753874 600
2.43573347813525 0.4719981239268626 601
2.457121192851971 0.5171917531752356 602
2.485566250568404 0.4761359782403234 603
2.506954491086448 0.5213409797040025 604
2.535399736363321 0.4802333644558714 605
2.556788096788536 0.5254316257814483 606
2.585233394635505 0.4843142428459113 607
2.606621784740721 0.5295097570549795 608
2.63506709656846 0.4883902845850563 609
2.656518409809992 0.532815475957753 610
2.684911297611859 0.4923367858909266 611
2.706364360773633 0.5367403893642317 612
2.734748804148838 0.4963648981567448 613
2.756137836533561 0.5415516230695426 614
2.784573115435669 0.5005543312127073 615
2.805959948845698 0.5457679436691059 616
2.834403334076349 0.5046714990320151 617
2.85579115208196 0.549873067767217 618
2.884236052718733 0.5087580902485562 619
2.862847580675757 0.4635645195893195 620
2.912681124273055 0.4676410222210681 621
2.934069496516334 0.5128358136336564 622
2.962514770655737 0.4717162690134662 623
2.983903160079595 0.516910851281532 624
3.012348470890622 0.4757908588857558 625
3.033736869320304 0.5209853317882474 626
3.062117027035247 0.4806622402021846 627
3.083559728885259 0.5251925180169164 628
3.111938078346573 0.48489154396462 629
3.133389529403825 0.5293148089172127 630
3.161834196450546 0.4882026918575855 631
3.183232997901678 0.5332699246121679 632
3.211679942950977 0.4921299449801154 633
3.232513550491471 0.5369146899668864 634
3.261423474896395 0.496108157262261 635
3.282905480298971 0.5413569541626641 636
3.311335200635861 0.5002277792335783 637
3.333199148324895 0.5452108568959639 638
3.3612585817055 0.5042729092303527 639
3.382036566799914 0.5481709621749388 640
3.410941197078094 0.5081566576578805 641
3.431046545874016 0.5504336676594993 642
3.46061244493904 0.5118972758628616 643
3.439410805659229 0.4671334689646073 644
3.489248576792381 0.4712239368976845 645
3.510637653763261 0.5164210564023912 646
3.539114888906966 0.4753758541953622 647
3.560508722708445 0.5205832152623909 648
3.588960267873118 0.4794777427735024 649
3.610350612816934 0.5246767657221638 650
3.638797294842777 0.4835598584982064 651
3.660210999697233 0.5284528405589506 652
3.688636012608816 0.4875857661442643 653
3.710049999262788 0.53246938019263 654
3.738471447622084 0.4916423832435748 655
3.759860135240828 0.5368338609486683 656
3.289944198223056 0.4550318418087769 657
1.183851068885222 0.457034580314751 658
2.236402146906585 0.455784854756507 659
0.8164815156787777 0.5451656514629891 660
0.1359602715105924 0.3481744838251526 661
0.8524681769926854 0.4361203545758553 662
0.9539704589525166 0.5598943827327088 663
-0.215667964817933 0.4439301211386141 664
-0.2480525773265599 0.4796292868869222 665
-0.2330252782067684 0.5256354041375297 666
-0.2806552401246968 0.5158029444135859 667
-0.2956362260123505 0.4693022721828296 668
-0.3285369935517499 0.5056146920228293 669
-0.3436432438170594 0.4587707909536592 670
-0.3767415271349933 0.4953698104162806 671
-0.3919389926490829 0.4483671236090075 672
-0.4251171000225645 0.4851036472545362 673
-0.4098546483680248 0.5321073831694625 674
-0.4584110840357448 0.5219416231941806 675
-0.4737001690523397 0.4746682231938729 676
-0.50669381507581 0.5097900349606355 677
-0.5227412750634091 0.4658464041250903 678
-0.5554166624311838 0.4993529458253655 679
-0.5711157072273793 0.4536974303378749 680
-0.6044320420223279 0.4900237133927038 681
1.65980487168949 0.4520947008031121 682
3.138638488948883 0.444445965655217 683
3.788301524912235 0.4957621087723305 684
2.713348234726342 0.4513193111402201 685
-0.5849831758221323 0.5412937206388078 686
-0.637445007548074 0.527717531752722 687
-0.6531833606384552 0.4797352731715636 688
-0.6867344665672863 0.5171993808806461 689
-0.7021623244620918 0.4696581632763882 690
-0.7356801832655515 0.5067912566688492 691
-0.7510523252689818 0.4592565979973552 692
-0.7845583147843095 0.4963429223767348 693
-0.7999221179887592 0.4487945680503 694
2.084628391987128 0.4454802693731772 695
-0.7691986895935783 0.5438943908920032 696
3.766912467397414 0.4505757418046086 697
3.055125267130933 0.5661798119625314 698
-0.3133911669566113 0.5522839142059675 699
2.002014069819374 0.5727591001081656 700
-0.05174872105089059 0.5575350840418193 701
1.510355491855159 0.4399190281662179 702
2.989127569030469 0.4284661295743977 703
1.085333964560527 0.4495463912104931 704
1.936653667687793 0.4344653188741887 705
2.563844991258879 0.4391202790590779 706
3.203609771516924 0.5778183789804916 707
3.617410058762994 0.4383681833404703 708
1.42520365343021 0.5618105133632154 709
2.478512386133491 0.5600964144945062 710
0.9910528719288206 0.4369618260610473 711
-0.09456438344314305 0.433116660354214 712
2.151256051416715 0.5788713272350676 713
1.099670343483468 0.5787064567080891 714
3.53146610226037 0.5595991089227716 715
3.809689319577249 0.5409641045490734 716
3.816745473735385 0.454658967615831 717
0.1859425056323906 0.5541702811062261 718
0.1998390025255294 0.5870478745491432 719
1.361010547953778 0.4277690656790447 720
1.311241083244007 0.4237109032964234 721
-0.4994198695573621 0.5516359815799803 722
-0.6706975274801665 0.5618720891332509 723
-0.3586797070318244 0.4116553606674073 724
3.633639360871223 0.570397633281956 725
1.901841044226437 0.5618791745298561 726
2.957006090212149 0.559093916368501 727
2.414344137233121 0.4268911472547992 728
2.364511081022897 0.422808435106343 729
3.354886210450039 0.585975656801637 730
2.579018578232744 0.572097317193303 731
3.467908889213793 0.4261452418612966 732
3.418066372250469 0.422048946996481 733
-0.7664181143345588 0.4117226960343273 734
1.574830801632363 0.5770672886759212 735
-0.4915428752377682 0.4253672443233318 736
2.302999918628096 0.5858682998331521 737
0.222356835934432 0.5588045904645609 738
0.2354061751586571 0.5923497339073631 739
0.258105041625547 0.5645646431479661 740
0.2709572083052647 0.5977966501073104 741
0.2936957969640531 0.5699710332654476 742
0.3065250305487208 0.6032095733057881 743
0.32930346141535 0.5753138933679041 744
0.3422489791422034 0.6079851035579041 745
0.365036421667429 0.5805138845173199 746
0.378024626720234 0.613353994998602 747
0.40094375452872 0.5858045564526539 748
0.2483657724217109 0.6266900635131206 749
-0.8180656322369899 0.5334309022963648 750
1.249621278655816 0.5845759696925029 751
-0.6669118936467392 0.431490310706979 752
2.727677612935719 0.5828540390182415 753
3.78124389742921 0.5820854793160788 754
3.831209021098785 0.5845526811705527 755
1.717271398187006 0.5841989185264247 756
0.1414857441316085 0.441795308675293 757
1.83773116840071 0.4232388564741292 758
1.787900289822894 0.4191512699420566 759
2.891292680688856 0.422447103109533 760
2.841458951110828 0.4183728739771611 761
0.4139131827073353 0.6195042675749012 762
0.4370592539476965 0.5912139918070385 763
-0.1832955174961408 0.4083942300390061 764
0.141579902255769 0.6104725768588806 765
0.103600107371996 0.603427856978254 766
3.446463688867099 0.3816239325507884 767
-0.8024565526823367 0.5798434773522712 768
2.39290697209859 0.3822961724007099 769
0.1868308838446927 0.3390881756154152 770
0.1169039634363018 0.6396685407648446 771
1.339585114567256 0.3831132591743256 772
-0.8144433450815948 0.403149557483481 773
3.79535684274572 0.4094673691512736 774
3.745523081445538 0.4053935267713852 775
-0.2303121279958963 0.3977860147243436 776
3.845190408346063 0.4135436397601156 777
0.3886325190657705 0.6458349134515208 778
2.827345734313136 0.59099437059673 779
-0.8475870973766289 0.4382961617332338 780
0.07836716672821151 0.6342004378055141 781
3.859544068216056 0.5447813596866216 782
0.4501621514710583 0.6252622389073563 783
0.4735512216321436 0.5965720117619557 784
0.4868295376625726 0.6310079435793796 785
0.5103943995301277 0.6017891436178375 786
0.5240578738943574 0.6369253358368394 787
0.547583753201174 0.6068634341644786 788
1.3894010648753 0.3867674661479573 789
2.442781127603872 0.3858763381973865 790
3.496344743744397 0.385137314840041 791
1.816345214897376 0.3780213214788779 792
-0.1974849099546341 0.3619425224036806 793
-0.8536912464414954 0.5686523104637846 794
0.5622928818297348 0.6420066321633687 795
0.5859106908976265 0.6109585055377562 796
-0.01049552245067147 0.5639937149635306 797
-0.0377768622365757 0.5984194831092151 798
2.877178841292624 0.5950762107846402 799
-0.7500933176168477 0.5851698361996516 800
1.865667818568199 0.3823346028666765 801
2.869904218411226 0.3772534116148927 802
2.919192232026509 0.3815859082161466 803
-0.4071238889460593 0.4011864363308719 804
0.2074567583969817 0.5243152280908007 805
-0.8677312011427842 0.5184075709736586 806
0.2819310681954793 0.5386367215251351 807
-0.8636631998560045 0.3842890016536958 808
-0.3742093693344669 0.3664233099611318 809
-0.3256284215047747 0.3756161358839727 810
0.3532926407685706 0.5490676873329765 811
-0.08269421988837722 0.5904214639214871 812
-0.1533032651768023 0.3738860263583003 813
0.6705909743414241 0.5562882755315812 814
0.6473038754760603 0.5855061331432534 815
0.6853898222552208 0.5926034628023507 816
0.6602728036393382 0.627455034531841 817
0.701037547272146 0.6303221425775893 818
1.289765547726205 0.3796001912867623 819
0.4252067812316909 0.5593657692987423 820
2.820280592638256 0.373828554569685 821
2.343052677442644 0.3784747384594352 822
3.865979883588795 0.4583240963897945 823
1.767231581694678 0.3744403772889396 824
3.396609321322135 0.3778108626959222 825
0.4979578694616369 0.5694268651786067 826
0.003742610530874003 0.606423938430249 827
-0.02306892294062188 0.6383110380375376 828
3.772886440588621 0.3647874129419006 829
-0.8332975905548631 0.6239547841735318 830
-0.7826648782242148 0.3689160941143331 831
-0.7330545996393718 0.3754351494148862 832
3.368227070158015 0.4181486776740438 833
3.346752215299687 0.3740293029419999 834
2.791660196997786 0.4144073894040741 835
2.769660271725123 0.3702722118729578 836
2.314665106482332 0.4188885896129153 837
2.293195880139645 0.3746833292121243 838
1.738190298570821 0.4151454431219805 839
1.716681880898267 0.3698656302272056 840
1.261508244638645 0.4198940710849398 841
1.240019311000817 0.3756245923386434 842
0.5429335614028286 0.6727553961891197 843
0.09545253138606483 0.6730869379024225 844
-0.8850843515274933 0.6076068628886087 845
0.7257183374751317 0.599137714624856 846
0.742193290792439 0.636733796996079 847
0.7161578802651977 0.6704756057017273 848
3.723797970759618 0.3621975287038356 849
3.695633069904704 0.401654398387256 850
3.884121084899176 0.5903291525578016 851
3.807870666806454 0.630556632434524 852
3.754088603220901 0.6228576300643998 853
1.795916698767011 0.3335706103833055 854
0.572576926830109 0.5775898109742407 855
0.7677923984128092 0.6052123134299422 856
0.7847401655709138 0.6422137744460149 857
0.3223704284294628 0.6368221972334147 858
2.84794278236426 0.3339158382798594 859
1.36800959722331 0.341554083803213 860
0.06735423439982829 0.5931493053503163 861
-0.3474648172486954 0.3315164615108229 862
-0.7537354450300819 0.3326340405178057 863
-0.895693451071543 0.4272970513516716 864
2.421400755191136 0.3405847173708382 865
0.811874639694883 0.6115541964432876 866
0.8299553237409751 0.6476273072207138 867
0.858226046729842 0.6162431563789227 868
3.895788663573057 0.4196733419806771 869
3.877227413646717 0.3713862824722134 870
2.8513359253541 0.6349640161024501 871
2.799795889179382 0.6333354036393413 872
2.899000935288282 0.6400657674772195 873
0.5980568341357878 0.6436631123363492 874
-0.872276521210388 0.6552755564988166 875
0.1567329658469581 0.6470700194315174 876
3.474692387442966 0.3379604821254668 877
3.748951333561127 0.3261316515597661 878
-0.9173828613927935 0.6405779724621583 879
0.02007235407695163 0.6481406289945274 880
0.5777681574076271 0.2804782765600296 881
0.6143216946879408 0.2895072639093437 882
0.5899766550747343 0.3097881513549048 883
0.6259444597857555 0.3194910231555879 884
0.597179346630626 0.3446036181716259 885
0.5982997962858669 0.3563680653468969 886
0.5872103593075745 0.3628590089463127 887
0.5991025209756016 0.3709757649549514 888
0.5856011932327435 0.3778017982312918 889
0.6124399413911548 0.361910149437903 890
0.6139211552897781 0.3796096400954601 891
0.6310025706867752 0.3677017400525114 892
0.6327762154020951 0.3895648789719108 893
0.6530245096913764 0.3755991305488284 894
0.6139928089575455 0.3997664387410916 895
0.6540818370631863 0.4012767346842552 896
0.6777345773693058 0.3858463596651578 897
0.6728694802312037 0.3514263935681771 898
0.7034467489828194 0.3667907459507417 899
0.5751769383813468 0.3691656019386559 900
0.5715886407830707 0.3835200056127127 901
0.560242186247138 0.3730090854058974 902
0.5575517045510561 0.389746346773205 903
0.5447111803026189 0.3806067773696221 904
0.5429109767702126 0.3963446688546053 905
0.5285106844888436 0.3845999718329143 906
0.5702231764950583 0.3995214689825086 907
0.5279460016938985 0.4027371577387551 908
0.5142442844499986 0.3929458220401125 909
0.5399416771080932 0.4104460694566524 910
0.5129572408212777 0.4099134691611931 911
0.499709572794435 0.3998261341216073 912
0.5011873220123692 0.3837931245741726 913
0.4868984096248556 0.3899922835633077 914
0.4887415816594001 0.3748221263370126 915
0.4749363908833422 0.3804780995765555 916
0.4725580209408536 0.3961014017942984 917
0.4603225818587299 0.3861117875587952 918
0.4577091085810285 0.4020008113057225 919
0.4449382954942586 0.3918814661791777 920
0.4493475500378142 0.3743253872707916 921
0.4332160696928889 0.3812762505875837 922
0.4356071161875149 0.3663834717661958 923
0.4215496875806551 0.371653927402475 924
0.4239293297926296 0.3575853981975665 925
0.4103865143578447 0.3622866830634923 926
0.4075249077173463 0.3766274260815503 927
0.3957315296094621 0.3668131444738716 928
0.393056473121747 0.3820036340987646 929
0.3808031573968529 0.3716460745957851 930
0.3780686377239256 0.3875250965033899 931
0.3660709741289174 0.3767326766958199 932
0.3688904839364183 0.3613483104350384 933
0.3544407526899502 0.3660344222441423 934
0.3993546815851473 0.3525192649738981 935
0.3575911176859887 0.3515275149660075 936
0.3437624262270514 0.3559870431367257 937
0.3400857274857043 0.3704633451262299 938
0.3291070550821442 0.3599330974642924 939
0.3254009267357239 0.3749927367100345 940
0.3143009526900553 0.3641246872902333 941
0.3187798132501845 0.3480174106695211 942
0.3035754430431248 0.3531436950693066 943
0.2994653178731681 0.3681613351036025 944
0.2875849939058094 0.3543888666123862 945
0.2841143205329882 0.371623588726354 946
0.2725828606191215 0.3599972670459851 947
0.2685889454760586 0.3760859816922402 948
0.2574939435725556 0.364225694082474 949
0.2526309419513948 0.380434602902887 950
0.4421878043928751 0.4085001691769208 951
0.261552432106029 0.3490774134551843 952
0.2468090948765719 0.3526195570776358 953
0.4043122148850544 0.3897836129098893 954
0.3626484429894687 0.39307484158537 955
0.2948703405226331 0.3841501475568567 956
0.3471418947828903 0.3420704687856088 957
0.4369061710755536 0.3527658795387361 958
0.3714016338589868 0.3470108204705987 959
0.4264636078921307 0.3445933124820768 960
0.4772941175572775 0.3659516282295646 961
0.2946607248984819 0.340915020194843 962
0.5024399847034398 0.3689777648889839 963
0.532572648260445 0.3710965430124279 964
0.2516415026307466 0.3385213406197847 965
0.237216831408931 0.3415725310088596 966
0.4976015901031368 0.4169842597544693 967
0.375658292738084 0.4046738290243315 968
0.2654967894854526 0.3353421100059873 969
0.3587104646488394 0.4107456541585443 970
0.232201194833532 0.355741214864132 971
0.2225125928826971 0.344405742500272 972
0.4380235549719617 0.3401192392985542 973
0.4478708220935778 0.3466320909188676 974
0.2277510013331862 0.331321702753991 975
0.2134224478571383 0.3333196370936684 976
0.344010910816458 0.3985509402597983 977
0.4695851548529825 0.4126969334907562 978
0.4286725678499352 0.3331271465331991 979
0.4180965281764107 0.3362379667635202 980
0.2560811425981173 0.3249705913934011 981
0.2089133172769891 0.347856178317811 982
0.5128790671526474 0.4274659822040324 983
0.3724995117737069 0.4230280682213425 984
0.7015075220308928 0.3407753199301411 985
0.7314641773243844 0.3480204841603666 986
0.7216040378827479 0.2913386179014119 987
0.2643035141394126 0.3895086164008633 988
0.2479867382093658 0.3977504154837623 989
0.235959012602675 0.3830322236582445 990
0.7368181084159027 0.3811988884466251 991
0.7680774644280237 0.3611055921181131 992
0.7707637959928721 0.4006846701814869 993
0.8053313808371843 0.3785587454040755 994
0.22724325875698 0.4007154756971271 995
0.4972631028110341 0.4345888141973007 996
3.674195029244126 0.3573131390940841 997
0.6266530233149079 0.3473373638810708 998
0.4772839804326486 0.2898312015324886 999
0.4948283782992359 0.2930566266377677 1000
0.4381873980822232 0.3296899585581099 1001
-0.2460595204456373 0.3400403776034753 1002
-0.2040310335688331 0.3197459055914441 1003
0.5140273142178716 0.3772589184978384 1004
0.5143118196233996 0.3631263141148708 1005
0.5032333076110107 0.3562108384849784 1006
3.774185793520074 0.6684146329684597 1007
0.2749755911567616 0.3449661026445859 1008
0.2771886368301698 0.3319802742962866 1009
0.3924550653806894 0.4177758392243083 1010
0.3849098970923391 0.3552883274551976 1011
0.3849264872149409 0.3415096886047077 1012
0.3743251407352801 0.3336769388323688 1013
0.3983605304660209 0.3378781301000155 1014
0.387088268428916 0.3302300661442429 1015
0.3994481273887514 0.3240275728998156 1016
0.4210132911741963 0.2714837898572148 1017
-0.4206532315332684 0.3545854111377024 1018
0.2423813401766566 0.3286928913162002 1019
0.6802574570946607 0.415510068026376 1020
0.2983568677856516 0.4256084225966672 1021
0.311982734130513 0.4091208078897033 1022
0.4907600736965987 0.3611055685892667 1023
0.4793141154715357 0.3535266806052748 1024
0.467077216781178 0.3576164045352537 1025
0.3492154090492976 0.4323869038533283 1026
0.3602066313965636 0.3376685576573748 1027
0.3501944307009869 0.3297394520039093 1028
0.3379752978121722 0.3332132590649041 1029
0.3417628702149147 0.3219421980957218 1030
0.3623352128277429 0.3244142945940022 1031
0.3901154196289236 0.5506321615208473 1032
0.318446906295684 0.5402880797231369 1033
0.5156858806115605 0.349045140594439 1034
0.5266721607507794 0.3581262565787965 1035
0.2465963599075914 0.5292147942460969 1036
0.4624417258513848 0.5610399692383996 1037
0.2182958951874508 0.3203174175090718 1038
0.3293942403375729 0.323742733379573 1039
0.549132350630176 0.2836076728767193 1040
0.576639652044647 0.7076453833601324 1041
0.2900509382619786 0.4043678249361703 1042
0.4478671021563546 0.4477681522831451 1043
0.4235627170490822 0.4440025692524774 1044
0.4152660258647171 0.4250457174219742 1045
0.4345817659383009 0.315596090618959 1046
0.4755786572019323 0.3363694256597514 1047
0.3261464275815772 0.3360308935741844 1048
0.3187348601377538 0.3275094573120481 1049
0.377474810584506 0.3213638958411301 1050
0.442511956821915 0.5339054686963485 1051
0.5359976362876505 0.5711613413240704 1052
0.5469305311784153 0.3666456942363047 1053
0.4921202487971048 0.3482095072577924 1054
0.3685208420838407 0.5233754635612159 1055
0.1280584955139609 0.7057726825649969 1056
0.1819012081421568 0.3242918704856049 1057
0.1940077701335275 0.3282539861561699 1058
0.4477083154226179 0.3588205237782673 1059
0.8249365788550789 0.7128740552328001 1060
0.3869019530119243 0.281980355293634 1061
0.4646013009123694 0.371178265583299 1062
3.913187223238089 0.5462589158200593 1063
0.187347823323939 0.4997373364831322 1064
0.4485950191839042 0.3340389636637743 1065
0.7991308668591066 0.3277490100032253 1066
0.8419471386445077 0.3489652951148444 1067
0.842305696263665 0.3023155592056007 1068
0.8811196295549919 0.3225582466787589 1069
0.8839581888856434 0.3681471831827884 1070
-0.02657374899227666 0.7104704033244629 1071
0.4144617754463044 0.3486349908926065 1072
-0.02319119120954936 0.2924569294688002 1073
-1.542903064614567e-12 0.3321185063658804 1074
-0.0453466605911565 0.3334224862909226 1075
0.0426020426325 0.3351939204553097 1076
0.02050199350305087 0.3681291132043319 1077
0.05931874376347522 0.3687036393556465 1078
0.07847444973023476 0.3423412706878722 1079
0.09293271009127446 0.3698837512822873 1080
0.07593419681432162 0.4000072827589164 1081
0.1095346864984359 0.3984598329487095 1082
0.09181306718674548 0.4244626009141045 1083
0.1092046479538572 0.347340613268343 1084
0.03926815385637593 0.4009362218077503 1085
0.0002967650792386652 0.3991366672679465 1086
0.1250982553563349 0.372216645936571 1087
-0.07265300383980366 0.2934878601319508 1088
-0.0910919894880744 0.3380002319706537 1089
-0.06208134720339423 0.3724747396943093 1090
0.460971455982115 0.6648710461620269 1091
0.5438881325729391 0.4605863845351613 1092
0.5328117729875277 0.439676476764392 1093
0.5524041536840748 0.4446642267579305 1094
0.1268051773695715 0.32787807165459 1095
0.4194625051192162 0.3248344561882824 1096
0.4098271091525982 0.329281118456994 1097
0.6293653286070415 0.4628162721743631 1098
0.6171737799445768 0.4374246768302545 1099
0.5898424129851879 0.4340371524851296 1100
0.6516968449591652 0.4339226468131066 1101
1.417269281544787 0.3432059154926751 1102
1.43910159056025 0.3903532984074365 1103
1.468460269524515 0.3524452299815387 1104
0.3064517300903677 0.3396234106523115 1105
0.2981061078285349 0.3298582301674762 1106
0.8760359535267649 0.6571950988610795 1107
0.9032105178687564 0.621531115710221 1108
0.921134930206447 0.6645715368063305 1109
0.9488982575642321 0.6291294107773524 1110
0.9667272728829043 0.6709308933959334 1111
1.000338112368625 0.6330896086201315 1112
0.8830459695868975 0.5823981656967352 1113
0.4151017238774642 0.3149567823669166 1114
0.6797388671312392 0.7027914982066336 1115
0.3026071141400938 0.5150824187570272 1116
0.4276380589232426 0.7033760442283445 1117
0.378015901100059 0.7067209464652117 1118
0.2736123416912427 0.5066779726621148 1119
0.609503291405733 0.57990464857881 1120
0.5955425626300879 0.5453133248077516 1121
0.6483349330212881 0.670532422828195 1122
0.2749431272394949 0.7092198126314975 1123
0.2264286671115889 0.7092983582793582 1124
0.2014157073794088 0.6667230721933758 1125
2.869262632914771 0.678801002797776 1126
2.913915825488759 0.6847212238984082 1127
2.948575274831931 0.6455890588853918 1128
3.001695135688247 0.6592564296673572 1129
2.984309412266458 0.6091107356694694 1130
3.03698090562478 0.6131643235453839 1131
3.05224849116191 0.6669459659246921 1132
3.084046775376688 0.6315583006070224 1133
0.4690239979221593 0.3451854951698349 1134
0.5182241416828264 0.5432869534442762 1135
2.470462159324741 0.3430612288739846 1136
2.492622875136932 0.3898534356250269 1137
2.521071110558549 0.3511234082862709 1138
0.4637875794531091 0.431769377021842 1139
0.5701735666078581 0.4575025398773849 1140
-0.1246960711517656 0.7077595557916685 1141
-0.09867764173009752 0.6673954054441988 1142
-0.1491398032624972 0.6658379499004975 1143
-0.124151450722242 0.6241377623373553 1144
-0.1712738384191022 0.6316183088011623 1145
0.440427529490016 0.2813366669945855 1146
0.1876346628329491 0.3114594022119505 1147
0.5959275209664681 0.3297887189111713 1148
0.5820317657509089 0.3269259832222262 1149
0.569868948534105 0.3173021587668443 1150
0.1933124746341209 0.3555543880768562 1151
0.3527649288521662 0.669400803422883 1152
3.530691486924865 0.3472306738516289 1153
3.563542061653452 0.3199801337879798 1154
3.547016666049953 0.3915276703945971 1155
0.2695502570255112 0.3232720620847729 1156
0.2817240581274802 0.3212139885352748 1157
-0.7011063330559368 0.3376546286387093 1158
-0.1753988573225603 0.7069290101933262 1159
0.3954220693163689 0.3141414381537902 1160
1.211854301791549 0.4159646698826246 1161
1.190357926869522 0.3708084347733553 1162
1.219087483863661 0.3283614588517684 1163
1.160956065506717 0.3290175879859821 1164
1.139181809938475 0.3691511113771667 1165
1.162032037632096 0.4116198494234534 1166
1.112498411247134 0.4083644687597726 1167
1.090697519303878 0.3651837463830508 1168
1.065642648550579 0.4064539425082453 1169
1.038679829541023 0.3599540197586958 1170
1.076116022546415 0.3199832396107932 1171
0.991262616832403 0.3377722283342407 1172
0.9941968318651795 0.386803977037564 1173
0.9570719656154982 0.3659183102444171 1174
-0.2653573133296446 0.5623679665138644 1175
-0.2976501400258172 0.5966901809234779 1176
-0.3461972015768167 0.5885613578506275 1177
-0.326164062896958 0.6294372063207827 1178
-0.3764236078101155 0.6248927757932967 1179
-0.2500256500017088 0.6090346547293918 1180
-0.2195456382542796 0.572467549111316 1181
1.688261442112378 0.4109984873331809 1182
1.666285308154669 0.366065304745759 1183
1.638320416997767 0.4069558520351828 1184
1.617598379974876 0.3632209969486325 1185
1.58866663423658 0.4030988832118346 1186
1.568696050709354 0.3611363257872696 1187
1.644625251913549 0.3259245738179181 1188
1.53904569045832 0.3994227046254655 1189
1.609979469016741 0.4480555743248817 1190
-0.6823752014790394 0.3843533666303826 1191
-0.6510463126079241 0.3431198977534059 1192
-0.6248343449675098 0.2983347525778166 1193
-0.5998451606876979 0.3479459861835912 1194
-0.6324480594164607 0.389873484941021 1195
-0.5768634942634671 0.4001261634407917 1196
-0.5498751245217844 0.3482523035050917 1197
-0.5250448852952349 0.3909473574563403 1198
-0.5010695786741192 0.3473708339363036 1199
-0.4759698937115671 0.3009664552065359 1200
-0.6194297837450993 0.4409303209172543 1201
1.282869593770289 0.46475774566726 1202
1.759482886556862 0.4602257357103937 1203
2.264826298117099 0.4148852550521229 1204
2.243436248217833 0.3697046048690492 1205
2.271986133972795 0.3267952938121736 1206
2.213153140371173 0.3280485542046346 1207
2.191961524171346 0.3681590400795918 1208
2.215009070642663 0.4106020204524591 1209
2.164898941094586 0.4069863650554578 1210
2.143293753780182 0.3639558341338776 1211
2.112663788400485 0.4040067494291468 1212
2.091253108122832 0.3586770079754219 1213
2.12171251826543 0.3160753234892565 1214
2.072528025506113 0.3199040260409821 1215
2.04087766800857 0.3498601436117935 1216
1.993310160866325 0.3364133494765038 1217
2.004857692710765 0.3892876339459773 1218
1.955455873744222 0.3685857112157679 1219
1.945193285104638 0.3226145638901484 1220
2.061814763581127 0.3987313669589657 1221
2.186516720774565 0.4518038177579753 1222
2.741701554221966 0.4104332483639344 1223
2.719464538082275 0.3656514012331109 1224
2.691786676729116 0.4062845466334862 1225
2.670476689338007 0.3627576022652089 1226
2.642080058134798 0.4023988831914598 1227
2.69640280429759 0.326058471642394 1228
2.620862981474275 0.3597447425425025 1229
2.592304199222512 0.3985326181596807 1230
2.663495196413088 0.4472964156302264 1231
2.33607534795853 0.463924671365666 1232
2.813020504870022 0.4594983341107132 1233
3.318385486589327 0.4141504016282893 1234
3.296998807635847 0.3689704094202214 1235
3.330979245598702 0.3299796296852176 1236
3.27563091503864 0.3235334460806163 1237
3.247004334484675 0.3668691948971563 1238
3.268533629315622 0.4102939367251606 1239
3.218703335527832 0.4062172703632555 1240
3.19713766335554 0.36319766390401 1241
3.166818867078007 0.4031201516295646 1242
3.145392463927785 0.3578175080881275 1243
3.182239878542678 0.3225446001143114 1244
3.134520558609386 0.3136493494717376 1245
3.097113601317295 0.3511871064637818 1246
3.045913974100061 0.3383758619117574 1247
3.06422066210631 0.3897175884089757 1248
3.017243173417058 0.3842396716546535 1249
2.995979268375698 0.3386651146769393 1250
3.117070104221505 0.3983025735620367 1251
3.240128675637413 0.4509680998620725 1252
3.645828428938287 0.3975009361705662 1253
3.624258839665337 0.3590080314149035 1254
-0.9486065110319594 0.4245355038392463 1255
-0.9566987298108006 0.5250000000010719 1256
-0.9086646445114773 0.5566994979408948 1257
-0.91318671351776 0.5004720319732505 1258
-0.8730831561782101 0.7044408553707699 1259
3.717069976821322 0.4465490522532432 1260
3.872736078650546 0.2912312149689622 1261
-0.7746183552192974 0.7069191116416677 1262
-0.751007052527211 0.6641283388758024 1263
-0.6994319928874246 0.6639505079896573 1264
-0.6749100263910714 0.7067916051681565 1265
-0.6499039498196708 0.6635103189317274 1266
-0.6746373728820589 0.6254492374583378 1267
-0.6233926611700537 0.618350471560734 1268
-0.5997420147609092 0.6631267720463959 1269
-0.572505521757961 0.6210708205086721 1270
-0.7999966679092453 0.6633993834050643 1271
-0.5495808603027267 0.6635206991006678 1272
-0.5245911723558575 0.6231687965843071 1273
-0.5437787173127616 0.5790948139275803 1274
-0.499890826506539 0.6639401643255081 1275
-0.4740772513858762 0.6214768808477316 1276
-0.6249293440483449 0.7066882657928654 1277
-0.8752904967868435 0.2929527583658605 1278
-0.900000000000071 0.3366025403784239 1279
-0.8499788571418563 0.333820870786864 1280
3.875000000000006 0.7066987298107829 1281
3.90205980772373 0.6649588418215293 1282
3.954289980223081 0.668752525093581 1283
3.924783207702403 0.6195937522839 1284
3.852421203232281 0.6616765710456657 1285
1.075202243496017 0.7071393098360851 1286
1.044986327484975 0.6590239518794127 1287
1.098562779069051 0.6626494737050299 1288
1.124721264660541 0.7066203573733444 1289
1.149691229438034 0.6633472888147586 1290
1.198627495591903 0.6638168607137103 1291
1.173203677776205 0.622272692460657 1292
1.224682753086921 0.7065447510108218 1293
1.249467987659251 0.6637602850877012 1294
1.274783240942586 0.7065537153773784 1295
1.300780749698362 0.6635750432989491 1296
1.350140002968677 0.6632854313956993 1297
1.325439536472289 0.6235798756325199 1298
1.37438838476716 0.6245942384673858 1299
1.399963711208125 0.6641904202093333 1300
1.424464394835203 0.6241041631494011 1301
3.424999999999124 0.2933012701892926 1302
3.625903118045274 0.2860265033606908 1303
-0.2743350745265132 0.7071347136008765 1304
-0.2482904555283892 0.6586871534202248 1305
-0.3257487528365482 0.7082048841493235 1306
-0.4252210870342711 0.7076138991180072 1307
-0.4501677341195379 0.6636981029411235 1308
2.574981319322017 0.2920057935978241 1309
2.524999189905452 0.2918416683968735 1310
1.474999876600139 0.2918372987463699 1311
1.524956950608917 0.2912667991825971 1312
2.376851472892336 0.2935648540194267 1313
1.326516624795262 0.2937265337933448 1314
3.375000000000881 0.7066987298108713 1315
3.40113387125062 0.6640521004946602 1316
3.450188978539646 0.6635065664349212 1317
3.351322849793477 0.6651883695896724 1318
3.425708779338716 0.6224143993602658 1319
3.475038948952835 0.6213717513084824 1320
3.500037987911912 0.6636282377363901 1321
3.525003337876334 0.6215185312437626 1322
3.325220474965896 0.706997214805425 1323
3.300257220794265 0.6647728544014424 1324
3.250042870135152 0.6639664929671647 1325
3.276010548898554 0.6227105204291722 1326
3.225007145025867 0.7067935687007006 1327
3.200008335863522 0.6638479058757306 1328
3.175073250328227 0.7070532548637607 1329
3.150605414835791 0.6640504095197295 1330
3.176998005135554 0.6192825505071798 1331
3.550006887628949 0.6636729796090277 1332
3.574999999990887 0.6200961894329917 1333
2.17500000929564 0.7066987309130603 1334
2.200214282745637 0.6635211892259989 1335
2.15012904503594 0.6636116296092893 1336
2.24966736638555 0.6643419460699034 1337
2.225665820994149 0.6233200590967474 1338
2.125021511426016 0.7067344198823715 1339
2.099904138859784 0.6635089461329415 1340
2.049984082184096 0.6634160308921615 1341
2.075297726190993 0.6189376671516904 1342
2.025615271407255 0.6182690015471228 1343
1.999753350430647 0.6628958459398228 1344
1.975064265249408 0.6190896133053224 1345
1.951540153098288 0.5719533985780327 1346
1.922801284977234 0.6119536439209944 1347
1.870580712584216 0.6032650726974393 1348
1.891876141684434 0.660892878066211 1349
1.83474234156418 0.6405699304224513 1350
1.851088879007216 0.6891035988998869 1351
1.85108733626977 0.5556840538791146 1352
1.948249196816499 0.6613715379745586 1353
2.024956264232755 0.7066181830204636 1354
1.975000138557274 0.7066985168042232 1355
2.274944551298273 0.7068561403111051 1356
2.300554118948323 0.6650748946973645 1357
2.325083101405967 0.7070045310951524 1358
2.351093334898826 0.6642979211127524 1359
2.400182191619074 0.6635475118731976 1360
2.375321429698444 0.6212155843795542 1361
2.425021797341176 0.6212621296087795 1362
2.450033970228792 0.663616757882576 1363
2.475002360292629 0.6214468334772164 1364
2.500006026165307 0.6636590805112186 1365
2.525005423010877 0.6216471542732241 1366
2.550001879138618 0.6637382331066445 1367
2.575000302501845 0.7067554971450576 1368
2.600000359950355 0.6639070315208956 1369
2.474999965825859 0.7066986753881935 1370
2.775738668143916 0.7085122032574712 1371
2.725123111497036 0.7070009753603285 1372
2.700020518802998 0.6645919918280576 1373
2.650003495301537 0.6640860711141761 1374
2.675332200600028 0.6189512682685285 1375
2.755453767511161 0.6622409082165697 1376
3.675876413039997 0.7058109407522108 1377
3.697161968722338 0.6604263451488217 1378
3.649766474019604 0.6629380663440281 1379
3.672896056663706 0.6191954374528192 1380
3.62500000000069 0.6200961894328572 1381
3.600000000001048 0.663397459621233 1382
3.625107147843154 0.7064741994212957 1383
1.425019434695647 0.7068564092097795 1384
1.575000569231866 0.7066987692487618 1385
1.600000058385344 0.6638771116159565 1386
1.649998509621797 0.6634791859751974 1387
1.550000813780362 0.6639568167162531 1388
1.624973241786162 0.6185204760401409 1389
1.681994324332974 0.6225918111401775 1390
1.701164989628153 0.6654207535583754 1391
1.525003919706757 0.706793911752636 1392
1.50003703733845 0.6635276674798471 1393
1.527156261600649 0.6200037870416359 1394
1.724975773599042 0.706829774547751 1395
1.749725318455602 0.665593909470178 1396
3.949394023072498 0.4240181198477179 1397
3.95903329296341 0.5247546599723077 1398
3.389620449673056 0.4631590342065883 1399
3.733529963202575 0.5767005466788883 1400
3.838037891173785 0.499737469443029 1401
3.823067033052931 0.3696480372941586 1402
3.524999999995234 0.7066987298094854 1403
3.886055839155584 0.5015716879483121 1404
3.667229140313149 0.442536365799001 1405
3.517868350047574 0.4306173146175944 1406
3.583194560487075 0.5707357845252073 1407
3.480627124471286 0.5531524702577753 1408
3.475037827741017 0.7067553772986239 1409
3.567731981348528 0.434756753584587 1410
3.595994855995269 0.3967120711984463 1411
3.339795633481013 0.4591414110978742 1412
3.155026848251156 0.5739091605168061 1413
3.105484593544498 0.5672219491234272 1414
3.190054050664232 0.4471198191753573 1415
3.005291544216808 0.5621054979534272 1416
3.039666491032646 0.4340016235487555 1417
2.940184290317403 0.4264680177475729 1418
2.90588235556997 0.5541313992179624 1419
2.898349533552078 0.3361333644205889 1420
2.945671711888002 0.3378607664986188 1421
2.928658818243568 0.6005111814005307 1422
2.763176672930667 0.4554266728411903 1423
2.779902534442448 0.58603250484446 1424
2.636785406887927 0.5750100299148806 1425
2.528400666113554 0.5651303334618168 1426
2.464177556723552 0.4309735366247477 1427
2.625000255196434 0.706774952145907 1428
2.61367082270554 0.4433421205785687 1429
2.428622327555994 0.5534894395750747 1430
2.514011331431226 0.4350407223219781 1431
2.571115811644741 0.35806003059104 1432
2.542495053208806 0.3952884156738457 1433
2.425036017948191 0.7067602760076919 1434
2.286245473785252 0.4598835494914841 1435
2.101950591185417 0.5755991933771198 1436
2.052142398863973 0.5729325949551837 1437
2.136280013392815 0.4480157554041325 1438
1.987230742253511 0.4354262157935312 1439
1.886843096473729 0.4281291720143099 1440
1.844934811737257 0.3366990034947917 1441
1.902026179687424 0.3400363208327248 1442
1.76541007350664 0.589413589168132 1443
1.674999999999997 0.7067006226847341 1444
1.709663672096998 0.4561185131832098 1445
0.4296005918545488 0.3980185651533646 1446
-0.8322945122074918 0.4847696651137104 1447
-0.7169957431384636 0.4219860473433864 1448
-0.4518654656462677 0.5735872898130208 1449
-0.7190887268928752 0.5505825911378719 1450
1.474878214516163 0.5672529670140215 1451
-0.5249187280553611 0.7068103077347218 1452
1.410768458296323 0.4317595800648617 1453
1.560222389358408 0.4441147548378384 1454
1.375483068901197 0.557219956910154 1455
-0.3105817128600367 0.4227090684222181 1456
1.460549678447558 0.4357967276771822 1457
1.519196921052599 0.3585826523681071 1458
1.476795184908651 0.6172057551139575 1459
1.489153126698697 0.3952634071509596 1460
1.375008538004972 0.7068016260680428 1461
0.3445934769743261 0.5184666352085426 1462
0.2513344286168688 0.6671863055153499 1463
1.233336287237872 0.4609186938116208 1464
1.45021698302724 0.663765905263803 1465
-0.196983770087246 0.6659490568915021 1466
1.052311040800392 0.5737570787118229 1467
1.134336822770533 0.4530568107742168 1468
-0.4408278892181055 0.4375589115735399 1469
0.9404722037154223 0.4403224191415627 1470
2.574095101081802 0.6210544622505613 1471
-0.3615168435549055 0.5421344383096844 1472
1.004217593234845 0.565992260461293 1473
-0.5745000359061707 0.3002832066696919 1474
-0.1642574243760935 0.325954770073945 1475
1.039298966417379 0.4466391249528717 1476
-0.4518471199288031 0.3904969585712793 1477
0.3677042969614592 0.3148361575984361 1478
1.07559709593663 0.6174587752235767 1479
-0.1863193057077764 0.5343481086761878 1480
-0.3731704532025735 0.2916670495539841 1481
0.2318227243030041 0.5050452025551028 1482
-0.3954423997570315 0.5793878737915851 1483
0.2514105268331446 0.418933559862823 1484
1.374999999996039 0.2926306269895466 1485
0.3459443905031444 0.2741715244944442 1486
1.523071830880183 0.5712840304588542 1487
-0.2629300089909555 0.4334185372869246 1488
0.8050651575368697 0.4268118555312759 1489
0.4393324483449549 0.4273461945841761 1490
-0.1377435125095878 0.4196654050105686 1491
1.124271725684907 0.6207600286552993 1492
2.125366839132579 0.620309967104763 1493
0.1216143073178267 0.4616717567901368 1494
0.8956140205411046 0.439151580467495 1495
0.1985034526419056 0.3115935602708877 1496
1.823560431275423 0.2922091492839459 1497
-0.2994277776829319 0.3357314541747432 1498
0.3344335469342752 0.3463520639154091 1499
0.773661979961429 0.5394478362749401 1500
0.247438229235455 0.3171502328555759 1501
-0.279156594913372 0.3842169313492796 1502
-0.4246627431198049 0.6217427523929319 1503
0.3461227464027118 0.3123374125714583 1504
0.5571955001346719 0.3611286872518778 1505
2.426896535617128 0.2927395675502171 1506
0.2165972145818335 0.3612982551770565 1507
-0.04929710109038356 0.4409044649608647 1508
2.175443802623838 0.6216554704532663 1509
0.2269749571691419 0.311257346275594 1510
0.4168996168692924 0.5292712814782686 1511
0.306635716647212 0.31154401307278 1512
0.3165099222970605 0.3116942224040769 1513
0.2563332728558437 0.3123415935081675 1514
0.09289343600275533 0.5685016659463824 1515
-0.1679600203698879 0.5873945525075935 1516
-0.09521395888188719 0.5493314166350407 1517
2.87381080321784 0.2925401085192528 1518
3.683800859502064 0.5726347385294756 1519
0.9749999999956093 0.291313147158166 1520
3.474938477487958 0.2849126045008094 1521
-0.06963889722992798 0.6316897495997783 1522
0.3511353785450707 0.3810174288235904 1523
0.1777014554312857 0.6155150872446419 1524
3.225927249886362 0.6215376037467426 1525
0.6446431477552685 0.2968354644462939 1526
0.6513212131506083 0.3241919600310644 1527
0.4970458626335876 0.3385023757902619 1528
0.460716296531902 0.2839010170403352 1529
0.2108428039348953 0.393076397376662 1530
0.9197973605130609 0.3961990056720625 1531
3.024693858103762 0.7061566592237245 1532
2.619205857009065 0.6191843633770575 1533
0.2422459788321228 0.3672943768117728 1534
0.5485391906606747 0.3544848797863211 1535
0.4952567267301812 0.454195135398633 1536
0.01522351831294238 0.5304459551753472 1537
0.03243669720860201 0.571325926704481 1538
0.301745067870695 0.6702535129654574 1539
2.82426014488419 0.2912954391562578 1540
0.5714911097282523 0.3513807807146281 1541
-0.6246444358139522 0.5716574081654097 1542
1.80010288355029 0.674348597069941 1543
0.1594078593732436 0.424183216684876 1544
0.1355499820998425 0.4157015242680779 1545
3.075420242783603 0.7088154263103338 1546
1.31298411658787 0.3390876198715208 1547
3.959877150529021 0.3263115568219513 1548
3.92085958987325 0.3474408158837893 1549
-0.9574807201613738 0.3234239471685327 1550
0.6101749728545744 0.3367652957471074 1551
1.575392235436976 0.6286850960179815 1552
3.124644430077213 0.6155666107748228 1553
0.4187450652823814 0.3861910033441782 1554
3.30542849259104 0.5844090076919471 1555
0.5161845922477875 0.3380467000903675 1556
0.2268607212078713 0.4798969243941024 1557
1.774542203641403 0.2904211131962659 1558
-0.9545562908156766 0.6744264994568272 1559
0.6230155721119826 0.6129387880840117 1560
0.3360573034297432 0.3128907616669947 1561
0.2835496560321205 0.6336597171067402 1562
1.150059866263176 0.580550454669993 1563
0.21314108493914 0.6199959332745654 1564
3.025121761206569 0.2932303110628427 1565
0.9249999999999992 0.7106954821678082 1566
1.915793009524109 0.3905707698000073 1567
0.1716109228981726 0.5234431143087438 1568
0.8456502306614602 0.3931566969161264 1569
1.816465663816202 0.5952340427577438 1570
0.6934161079607712 0.5287634351935746 1571
0.2868368680948189 0.3116178766600889 1572
0.29191827887644 0.3206208700919418 1573
2.202725232333797 0.5813916783161734 1574
0.232522545356576 0.3205206660315142 1575
0.0746650397555423 0.7103771097096954 1576
0.5347118835325232 0.3415585741574838 1577
0.5369246079686366 0.3515268900460468 1578
0.06872372165652124 0.3101496417527653 1579
-0.9103442681547924 0.3823880841587967 1580
2.368409483893081 0.3392290854247493 1581
2.967899707509189 0.3828809347280547 1582
0.3104748204142403 0.3793938215887634 1583
0.3237950005750855 0.3932554729658811 1584
1.693942294844152 0.3272072783294895 1585
-0.7771049954494478 0.2912640881588051 1586
0.4257379720322476 0.6549360407207201 1587
0.4897580743877141 0.5397851485914797 1588
0.4304102211335998 0.3234763968830568 1589
-0.4017754761116318 0.6657202243663671 1590
0.3299872920997955 0.409164290467556 1591
-0.02067593316350291 0.3678075541343732 1592
0.5011670551268957 0.6705757994450743 1593
-0.9607546964374147 0.6250000000006937 1594
0.2015342041726227 0.4757366327040696 1595
3.252792742379156 0.5804849931017846 1596
3.424141944441251 0.3428343729059301 1597
0.4848230539762968 0.4066439955957811 1598
0.2927670733300162 0.2662427404187968 1599
-0.1073176164943516 0.3859527188997157 1600
-0.3003156640431366 0.6668082959416431 1601
0.4579856440805423 0.3403520054672933 1602
0.598791869861289 0.3894456544286861 1603
0.5908812613492272 0.4072080059198679 1604
3.913701143143441 0.4633028006776657 1605
0.6300222843336321 0.4133888738960242 1606
0.5277085331956131 0.419520093318101 1607
1.972830295873061 0.2906302275556525 1608
2.68053559820146 0.5692742405047271 1609
0.3903343588012791 0.3971915361281034 1610
0.7319568963898524 0.7107152958141836 1611
-0.04999487400493309 0.6717211933213554 1612
2.252289987987081 0.5839375497029956 1613
2.796648691167468 0.3308344718870441 1614
3.089764700356161 0.4417571265069268 1615
0.5172099018195015 0.7111963450923025 1616
0.08583044582816117 0.537697528938574 1617
1.267160352769811 0.3435551095359348 1618
0.9192429997930768 0.3401850664169072 1619
0.2791889975532189 0.3886169303193352 1620
0.5780648363996399 0.3356859436592163 1621
0.2994654054297331 0.4898375745208866 1622
-0.7260942916321893 0.2926735486679293 1623
1.626070511804017 0.5685881151810913 1624
-0.7252977685138841 0.624209143457811 1625
0.7580673508680932 0.4360809340529118 1626
0.5596609420951223 0.3273981109685513 1627
0.3368144994580248 0.3840105107992366 1628
0.555693711353258 0.4054417336071457 1629
0.5694514220971691 0.4174831058684484 1630
0.3020611412410683 0.3204165801749989 1631
1.74648914352344 0.3310292477341291 1632
3.847018164243874 0.3292676901397477 1633
0.09345104441414517 0.4539634659451883 1634
2.972551483912256 0.2929075741652815 1635
2.747120325401529 0.328126062984074 1636
0.2765062408531487 0.3121590822747458 1637
-0.1221071373821468 0.5806607162949078 1638
0.1675425538639164 0.3099501143471672 1639
2.035741656751987 0.4430380609442561 1640
1.198531375269477 0.5820252727750532 1641
2.320595094188389 0.3412738317265299 1642
0.2177671084723579 0.3096817030595681 1643
0.2038940368570924 0.3228404601104993 1644
0.5407304391804572 0.3200370841422144 1645
0.551691841255066 0.3127584752293391 1646
0.5008988755755294 0.3083579279669204 1647
0.7091697550994447 0.3993161582480227 1648
1.273566029391791 0.6240625757211737 1649
3.32828475833847 0.6245134072630933 1650
0.2288711625392328 0.3695036560443146 1651
3.379723283021366 0.3356741818691915 1652
0.3785238054522723 0.5011318280662034 1653
0.1541825258175334 0.4019645472320761 1654
3.778733991172182 0.7105752504000408 1655
0.7094461212550078 0.5635727090813174 1656
0.04919177918100893 0.6718343401916838 1657
3.725916272845842 0.2881320385218323 1658
-0.8794096128053335 0.4716176127428202 1659
2.325495013771587 0.6247424091212223 1660
-0.3244223226311606 0.2904586110429314 1661
2.72419645693942 0.6300659712810394 1662
0.8625581104225925 0.5475653334496373 1663
0.4822792197230675 0.4236163597848939 1664
0.4276574279919229 0.4131630222466572 1665
2.276112037785797 0.6245475264202307 1666
0.4262364184982033 0.5074351558886064 1667
0.4580033128739102 0.3513981988844264 1668
-0.7813544932332556 0.6225857806493729 1669
0.1912097845509221 0.2677882509888714 1670
0.1465527228528548 0.3643080493451241 1671
3.799583448361201 0.3278090604992479 1672
1.223606557704306 0.2814645322714195 1673
0.2009792601823936 0.2662847720059438 1674
1.669662918337079 0.578060946545077 1675
1.671562084389502 0.28849293639608 1676
0.01696972304289897 0.4307108165826248 1677
0.4521079336958653 0.5117440875212156 1678
0.5530872801594091 0.3453682511459554 1679
0.9761962607453296 0.7134288080548259 1680
1.22383630739074 0.6234189427417997 1681
0.5010278576566198 0.518508091032596 1682
0.2083503553636828 0.2653745566123017 1683
0.3530698028124409 0.4970571111239566 1684
0.2428395687714502 0.2636371535172453 1685
0.5839120791641214 0.3920128019409048 1686
3.376924272818663 0.6248491468535065 1687
2.674564648953921 0.2883322061778834 1688
2.723658737390681 0.2886585941623254 1689
-0.03742634976721339 0.4015638119828482 1690
2.274397226792478 0.2806183297658892 1691
0.3121228262322115 0.319925886616904 1692
0.2852773785088081 0.2650729626892145 1693
0.7566463038701357 0.6742910027801257 1694
1.917923554091172 0.2892156822407291 1695
3.100155086353112 0.6715093377261491 1696
0.3010780630507767 0.2673058171717385 1697
0.4111958214372275 0.4038813280612107 1698
-0.1776754221123503 0.2864860735549847 1699
0.649169701735567 0.3525313677741225 1700
0.2288454368950641 0.2618411086042245 1701
3.31638641186369 0.2877734004743001 1702
0.7494628230644744 0.5693581039687468 1703
0.1162641770273994 0.4331534282971892 1704
0.4081686580819725 0.3402465872767436 1705
0.128407249622518 0.3050558764700981 1706
0.2590711840496067 0.2637289067840284 1707
0.3100841049429828 0.2682815762643503 1708
1.623374702215112 0.2884043294535839 1709
0.277230432678628 0.482178275317496 1710
0.2507749478687709 0.2640778596976717 1711
0.5237795429843564 0.5189365469323919 1712
0.7528109274914032 0.3229102969781654 1713
0.3762440420432916 0.3117976703788935 1714
-0.3530506817980162 0.667490402559056 1715
1.814893672815564 0.7142291959723439 1716
3.774987528454354 0.2886555622560613 1717
0.45452041912499 0.4164626971158836 1718
1.174999999995738 0.2838595171743505 1719
0.1379390526832482 0.2905036754855716 1720
0.1429398931840559 0.2715401166620187 1721
0.1613900594621247 0.2763791818902477 1722
0.5779923319894783 0.3567898731356667 1723
1.729797508014131 0.6274086635303887 1724
-0.8043004058401496 0.3309756049671169 1725
0.04359529372056001 0.6217988754683343 1726
0.5622030680083399 0.549795021083642 1727
2.350848302340692 0.5865174682061781 1728
0.3063917448899932 0.3941123495203035 1729
3.852982915821768 0.6190926129744102 1730
-0.209013228776769 0.6208585459101983 1731
0.457429919550174 0.2987219134167251 1732
3.966506350946061 0.6250000000000734 1733
0.3739879615352302 0.4401342456671966 1734
0.3568082964419674 0.6346794025328649 1735
0.3892472832957274 0.320815201556373 1736
0.9605182467275963 0.4052411076313308 1737
2.799264507170205 0.6762800700422718 1738
2.230534007868423 0.2876854919725683 1739
0.4371508132305919 0.2948827003589067 1740
3.401854352165399 0.5868954708994512 1741
-0.001056931272533548 0.6748976859242186 1742
0.4839353048484755 0.2739682513932387 1743
-0.9262742670492277 0.6010652026664313 1744
0.3829938313437288 0.2677827915688192 1745
3.273413316387904 0.2807636501522898 1746
0.8035260856418931 0.678174455695126 1747
1.299736848316531 0.587045724636695 1748
0.2000634884339268 0.3378188042284033 1749
0.8771640171334061 0.2827355256578757 1750
-0.5380584480398499 0.536233499386474 1751
2.649034264759513 0.3256436289079917 1752
0.1336237389883692 0.6681837770901693 1753
0.351470816905655 0.3203703502543913 1754
3.575691131845935 0.3576042728415653 1755
0.7931676010905782 0.5756622255166426 1756
0.3205832260956833 0.3190183313149601 1757
0.3090171114884854 0.3290578243553275 1758
0.4014852479190831 0.6787143075872402 1759
3.69988348716906 0.3245441000786025 1760
1.117873671765347 0.3349514584703009 1761
0.5374981874074731 0.3611899666718172 1762
1.59805481517814 0.3253107784826577 1763
0.2227378534115577 0.4208745165619799 1764
1.029961342244776 0.6091359404803166 1765
2.40143754944855 0.5874730584849595 1766
1.885232639277414 0.7126065468521146 1767
-0.460574239107265 0.3426721547560295 1768
1.780430902694944 0.6320215272732334 1769
0.577623759080843 0.6691827628708519 1770
-0.5394900873292053 0.4281895214705637 1771
0.1310727463212157 0.3937932978066712 1772
0.05575115114216952 0.2809402541263704 1773
0.8375589805339284 0.5797647881580357 1774
0.9260606946288688 0.5885707065449394 1775
3.452379291799284 0.5876036709167263 1776
0.5498885580273064 0.4243820049543456 1777
3.713945284331321 0.6149908348559404 1778
0.2621825237682702 0.318147489481484 1779
-0.3890881851275791 0.3293512654636934 1780
2.169457857670412 0.3331950520430356 1781
-0.9199647015157937 0.4604631953113963 1782
1.006063387265219 0.6741497372858416 1783
0.6842744030812553 0.4429572630519381 1784
1.34976659091064 0.5893056069091421 1785
0.9535352444462377 0.3254143952653871 1786
2.598427299104357 0.3247570830755723 1787
3.225412409292182 0.3337312618405254 1788
0.4098768670794627 0.3210339924455634 1789
0.5106368614538124 0.4439720517053017 1790
3.575799301131279 0.2819462157383318 1791
0.5277646640646417 0.3481396949775956 1792
0.6072690606738946 0.317068090615623 1793
0.6811084062658418 0.6603153407691972 1794
0.5358041130221327 0.3004127807435795 1795
0.5179095585539477 0.2854010124071845 1796
0.5215629918366551 0.3047077248071238 1797
-0.1289802131685852 0.3420754118113843 1798
0.9772410764989773 0.5976353849361236 1799
0.2473484992891257 0.3090498807301136 1800
3.92676697567494 0.5000000000003493 1801
2.878198168978464 0.7177660651092903 1802
0.06306139514775988 0.5629907610868281 1803
3.963397459621573 0.2866025403785281 1804
3.963397459621544 0.7133974596215572 1805
-0.9633974596216353 0.2866025403784481 1806
0.0980672140841686 0.3264032948022453 1807
0.2103982951093727 0.4970177884528514 1808
0.8462271702123976 0.6812818074808226 1809
3.650475468652409 0.3230684715660134 1810
-0.9636520367724147 0.7136520367724901 1811
-0.6984318895807553 0.5901942854340378 1812
1.547537214458697 0.3246450343953955 1813
0.2879055836915124 0.3307059339434138 1814
1.074999999995589 0.2795840999214959 1815
0.9077510035027717 0.5520393905649479 1816
0.6906600958440492 0.3192066052816831 1817
3.920358069573644 0.3871990790993026 1818
2.45143272393336 0.5894121656724245 1819
-0.2312929865100442 0.2881230867899959 1820
0.880594073311714 0.4039795634172693 1821
0.4386337650263167 0.3218831314229063 1822
0.4454780287478413 0.324693555537666 1823
0.4005667644247954 0.2709693667860583 1824
0.5025651284892793 0.3466624218589587 1825
0.5738058238779624 0.5281004149932821 1826
3.811269645496345 0.6719827524092864 1827
0.6083825095140338 0.4183650295744736 1828
0.480621299148404 0.3440659623425675 1829
0.6089494160954261 0.3493968985169208 1830
3.502419134225205 0.5894598624847975 1831
-0.2810872395845582 0.6318820837518935 1832
-0.9023068127757512 0.6777926111982672 1833
3.735738080406857 0.6557905378419576 1834
1.399519435302218 0.5914618882444547 1835
0.2269688820712368 0.6470060404895752 1836
2.760642159830589 0.6206763853442553 1837
2.124076012867264 0.276554242494845 1838
0.2713421410243741 0.4051571861369432 1839
2.548432455150825 0.3228619108200715 1840
0.4577306390065424 0.332085737362347 1841
0.4661875572468019 0.5347364197917022 1842
-0.8255948570870699 0.3651364101686769 1843
0.2203581597881827 0.380045911761074 1844
0.3163344527846122 0.3366614927623272 1845
3.172177694913308 0.2810453951898363 1846
-0.5889486514973963 0.5857990259363793 1847
2.924999999999997 0.722378161905143 1848
1.497525205373504 0.3229091556234671 1849
1.026134295003967 0.4083247264397972 1850
-0.8377318572252357 0.6712095144107174 1851
0.3934541970944129 0.523961590719443 1852
2.501411937055028 0.5920872139020625 1853
0.720556475803882 0.3229195348825552 1854
0.6302252468477947 0.64431761285121 1855
0.1930962181135109 0.3193159297018252 1856
0.5093418049749345 0.2998384601269675 1857
3.077834392217013 0.5952202211132579 1858
3.88772581860831 0.6290722463414422 1859
0.5663520226803193 0.4356138059886478 1860
0.4819448031474943 0.4393594650857003 1861
3.919528900227832 0.5830553266938576 1862
1.445822195777936 0.5919008986447258 1863
0.8107713335211556 0.2838920721512671 1864
3.549999999991127 0.5935136422592676 1865
1.964476774367151 0.4069388815787984 1866
0.09393597938246276 0.3049918205264796 1867
0.5404490057082854 0.5493373984924057 1868
0.6085578888544785 0.678396889211487 1869
0.3432919700265374 0.4164810499555736 1870
3.887681663142024 0.3272517272611454 1871
0.1719583633704694 0.3198553823881202 1872
-0.499138711136752 0.591005020362784 1873
0.1598549035412893 0.679426161777884 1874
0.323062237888971 0.517103420858939 1875
2.500000000369833 0.3193834809728486 1876
2.079155725493082 0.2804499339933173 1877
2.832798115726682 0.6680018346429923 1878
0.5202113074256014 0.3153783590151782 1879
3.602611653498948 0.3212722714515808 1880
0.5225156864851734 0.3705676561166322 1881
0.284463106096547 0.3405912395383031 1882
-0.01745982686870828 0.4258332634427883 1883
0.20529016787811 0.3590954992319235 1884
0.7390018977530189 0.4108610435223812 1885
0.5642988341767655 0.3004966997324051 1886
0.4500059901384839 0.3189364099876264 1887
0.3923121269532824 0.3464361325123798 1888
0.4579756579730702 0.362627852492902 1889
-0.4892964841671828 0.3820433299431832 1890
3.124999999998686 0.2755686551890882 1891
-0.6527508414265576 0.5937843882944208 1892
0.3853217926595245 0.4301289872391676 1893
0.2510921128576546 0.5062750525095392 1894
-0.07013735959969716 0.4068024791783904 1895
2.550118062846261 0.5947903820331875 1896
1.451731290763455 0.3192146368249874 1897
0.1070032180633426 0.2901185572055498 1898
0.5675579679127531 0.3606280868177106 1899
