"Time_Iter","Outer_Iter","Inner_Iter",     "rms[P]"     ,     "rms[U]"     ,     "rms[V]"     ,     "rms[T]"     ,     "rms[k]"     ,     "rms[w]"     ,    "rms[LM_1]"   ,    "rms[LM_2]"   ,"LinSolIter",    "LinSolRes"   ,"LinSolIterTurb",  "LinSolResTurb" ,"LinSolIterTrans", "LinSolResTrans" ,     "Min DT"     ,     "Max DT"     ,     "Min CFL"    ,     "Max CFL"    ,     "Avg CFL"    ,    "RefForce"    ,       "CD"       ,       "CL"       ,       "CSF"      ,       "CMx"      ,       "CMy"      ,       "CMz"      ,       "CFx"      ,       "CFy"      ,       "CFz"      ,      "CEff"      ,       "HF"       ,      "maxHF"     ,      "Temp"      
          0,           0,           0,      -4.156041563,      -17.62912443,      -21.44928076,      -1.296445231,      -3.636382906,       1.448695899,      -4.276952528,      -2.200416165,          10,      -6.027507753,               4,      -6.134059781,                5,       -6.82960729,     0.00414414937,      0.1068124174,                11,                11,                11,      0.1561387101,      0.4185937429,      -0.581190467,                 0,                 0,                 0,     -0.9624310724,      0.4185937429,      -0.581190467,                 0,       -1.38843563,  -3.238048985e-13,   5.288236337e-12,                 0
          0,           0,           1,      -4.243208106,       -4.03582216,      -4.287564122,      -1.383611774,      -4.110801351,      0.9814067823,      -4.569889504,      0.5078024913,          12,      -6.069002311,               5,      -6.662562982,                4,      -6.203436734,    0.004456192079,      0.1145786218,              12.1,              12.1,              12.1,      0.1561387101,      0.3666660349,     -0.6203584517,                 0,                 0,                 0,     -0.9549763871,      0.3666660349,     -0.6203584517,                 0,      -1.691889602,  -3.568018175e-14,   5.877043555e-13,                 0
          0,           0,           2,      -4.485062439,      -4.223118307,      -4.313623815,      -1.625466107,      -4.524591113,      0.5762373782,      -4.588255057,      0.6297695611,          14,      -6.169102077,               5,      -6.171318329,                4,      -6.213132905,    0.004677192873,      0.1196863856,             13.31,             13.31,             13.31,      0.1561387101,      0.2674164514,     -0.5810977034,                 0,                 0,                 0,      -0.837610231,      0.2674164514,     -0.5810977034,                 0,      -2.173006561,  -4.772357443e-14,   5.591076002e-13,                 0
          0,           0,           3,      -4.636764361,      -4.338946778,      -4.434993095,      -1.777168029,      -4.870054267,      0.2398068209,      -4.778638292,      0.6900418722,          15,      -6.130700467,               6,      -6.975016491,                4,      -6.246713332,    0.004894768073,      0.1246509747,            14.641,            14.641,            14.641,      0.1561387101,      0.2015085186,     -0.5538374995,                 0,                 0,                 0,     -0.7547109631,      0.2015085186,     -0.5538374995,                 0,      -2.748457005,  -2.987970341e-14,   5.335634733e-13,                 0
          0,           0,           4,      -4.693336006,      -4.415905195,      -4.635257353,      -1.833739675,      -5.153396427,      -0.035141633,      -4.917831468,      0.7331237816,          16,      -6.034776531,               6,      -6.644783477,                4,      -6.274904294,    0.005226796443,      0.1327407842,           16.1051,           16.1051,           16.1051,      0.1561387101,      0.1774055934,     -0.5569489828,                 0,                 0,                 0,     -0.7330684105,      0.1774055934,     -0.5569489828,                 0,      -3.139410501,  -1.460075932e-14,   5.156407679e-13,                 0
          0,           0,           5,      -4.749881188,      -4.471961282,      -4.783014249,      -1.890284856,      -5.390308148,     -0.2646998285,      -4.985542553,      0.7735381876,          17,      -6.026411195,               6,      -6.348773878,                4,      -6.295483093,    0.005673823902,      0.1439208749,          17.71561,          17.71561,          17.71561,      0.1561387101,      0.1819569405,     -0.5849719495,                 0,                 0,                 0,     -0.7598770259,      0.1819569405,     -0.5849719495,                 0,      -3.214892204,  -2.118265642e-14,   4.977447969e-13,                 0
          0,           0,           6,      -4.840288099,      -4.518550445,      -4.762222946,      -1.980691767,      -5.594506385,     -0.4626783899,      -5.049549075,      0.8187974605,          19,      -6.253280602,               6,      -6.103377866,                4,      -6.325173027,    0.006074434872,      0.1537134531,         19.487171,         19.487171,         19.487171,      0.1561387101,      0.2004719875,     -0.6434477732,                 0,                 0,                 0,     -0.8272853418,      0.2004719875,     -0.6434477732,                 0,      -3.209664259,  -2.094567536e-14,   6.055713005e-13,                 0
          0,           0,           7,      -4.938895687,      -4.551124948,      -4.754546852,      -2.079299356,      -5.772571621,     -0.6355154265,      -5.117635913,      0.9283940607,          20,        -6.0348105,               7,      -6.739773789,                4,      -6.414793151,    0.006412933357,      0.1617110489,        21.4358881,        21.4358881,        21.4358881,      0.1561387101,      0.2191977241,       -0.73671073,                 0,                 0,                 0,     -0.9233826755,      0.2191977241,       -0.73671073,                 0,      -3.360941511,  -2.416077207e-14,   6.125716657e-13,                 0
          0,           0,           8,      -4.993085524,      -4.575395994,      -4.789195784,      -2.133489193,      -5.930100247,       -0.78790314,      -5.182881333,      0.9583152104,          22,      -6.096357426,               7,      -6.548259213,                4,      -6.434832335,    0.006794433772,      0.1708060187,       23.57947691,       23.57947691,       23.57947691,      0.1561387101,      0.2274697836,     -0.8480116358,                 0,                 0,                 0,      -1.019813413,      0.2274697836,     -0.8480116358,                 0,      -3.728018827,  -2.313160981e-14,   6.365109039e-13,                 0
          0,           0,           9,      -4.998844123,      -4.601275874,      -4.821604908,      -2.139247792,      -6.071634322,     -0.9251311692,      -5.226357712,      0.9178260501,          23,      -6.015600546,               7,      -6.355867178,                4,      -6.355440265,    0.007229815853,      0.1812766512,        25.9374246,        25.9374246,        25.9374246,      0.1561387101,      0.2229369129,     -0.9510294509,                 0,                 0,                 0,      -1.090377924,      0.2229369129,     -0.9510294509,                 0,      -4.265912892,  -1.873809113e-14,   6.129831895e-13,                 0
          0,           0,          10,      -4.993416913,      -4.630146456,      -4.833723929,      -2.133820582,      -6.199758873,      -1.050990337,      -5.248412224,      0.8611744136,          25,      -6.208222101,               7,      -6.152733859,                4,      -6.287154323,    0.007733496648,      0.1934930458,       28.53116706,       28.53116706,       28.53116706,      0.1561387101,      0.2098495602,      -1.031668821,                 0,                 0,                 0,      -1.130363407,      0.2098495602,      -1.031668821,                 0,      -4.916230563,   -1.96213069e-14,   6.451152761e-13,                 0
          0,           0,          11,      -4.997863036,      -4.656374312,      -4.836355825,      -2.138266704,      -6.315986041,      -1.168295488,       -5.23993483,      0.8028055936,          26,      -6.116081178,               8,      -6.740415032,                4,      -6.240609618,    0.008317315497,      0.2077528697,       31.38428377,       31.38428377,       31.38428377,      0.1561387101,      0.1934677023,      -1.092043747,                 0,                 0,                 0,      -1.152442042,      0.1934677023,      -1.092043747,                 0,      -5.644579089,   -2.36571336e-14,   6.384595906e-13,                 0
          0,           0,          12,      -5.018354019,      -4.677477379,       -4.83591205,      -2.158757687,      -6.418783427,      -1.279146093,      -5.228656876,       0.747191797,          28,      -6.209612147,               8,      -6.472587501,                4,      -6.182923355,    0.008989973034,      0.2242688913,       34.52271214,       34.52271214,       34.52271214,      0.1561387101,      0.1763637692,      -1.137388016,                 0,                 0,                 0,      -1.167227791,      0.1763637692,      -1.137388016,                 0,      -6.449102451,  -5.189543053e-14,   6.355011022e-13,                 0
          0,           0,          13,      -5.052596903,      -4.696690125,      -4.838646614,      -2.193000572,      -6.504412657,      -1.385101566,      -5.214714983,      0.6951631651,          30,      -6.096329098,               8,      -6.196522991,                4,      -6.158615939,    0.009752863472,      0.2430590075,       37.97498336,       37.97498336,       37.97498336,      0.1561387101,      0.1587740887,      -1.166322952,                 0,                 0,                 0,      -1.173151567,      0.1587740887,      -1.166322952,                 0,      -7.345801587,  -4.852685713e-14,   6.462586613e-13,                 0
          0,           0,          14,      -5.092314677,      -4.715900435,      -4.851900552,      -2.232718345,      -6.566139973,      -1.487267732,      -5.204004617,       0.646668148,          33,      -6.156090614,               9,      -6.668885938,                4,      -6.149022072,      0.0105758836,      0.2633027991,       41.77248169,       41.77248169,       41.77248169,      0.1561387101,       0.140674358,      -1.173638432,                 0,                 0,                 0,      -1.162702031,       0.140674358,      -1.173638432,                 0,      -8.342945002,   -4.36513755e-14,   6.378876597e-13,                 0
          0,           0,          15,       -5.12802675,      -4.732881905,      -4.877331182,      -2.268430418,      -6.601343656,      -1.586180701,      -5.195526296,      0.6009592197,          35,      -6.022311954,               9,      -6.364055288,                4,      -6.144886841,     0.01147148061,       0.285316493,       45.94972986,       45.94972986,       45.94972986,      0.1561387101,      0.1229270237,      -1.157596384,                 0,                 0,                 0,      -1.132576531,      0.1229270237,      -1.157596384,                 0,      -9.416939818,  -4.306908698e-14,   6.474797438e-13,                 0
          0,           0,          16,      -5.155774056,      -4.744414039,      -4.909652887,      -2.296177725,      -6.613416842,      -1.682337095,      -5.187013314,      0.5574708552,          38,       -6.11303476,               9,      -6.054266325,                4,      -6.140182898,     0.01250669981,      0.3108616224,       50.54470285,       50.54470285,       50.54470285,      0.1561387101,      0.1071207641,      -1.123438294,                 0,                 0,                 0,      -1.087624146,      0.1071207641,      -1.123438294,                 0,      -10.48758664,  -4.292251568e-14,   6.166336499e-13,                 0
          0,           0,          17,      -5.178124412,      -4.750323553,      -4.940565306,       -2.31852808,      -6.608924859,      -1.776560154,      -5.178533314,      0.5162971072,          40,      -6.110236303,              10,      -6.352160083,                4,        -6.1325469,     0.01370632758,      0.3405688915,       55.59917313,       55.59917313,       55.59917313,      0.1561387101,     0.09493805931,      -1.080465219,                 0,                 0,                 0,      -1.037458392,     0.09493805931,      -1.080465219,                 0,      -11.38073842,  -4.656544152e-14,   6.273765629e-13,                 0
          0,           0,          18,      -5.198721107,      -4.754468831,      -4.964322727,      -2.339124775,      -6.591470468,      -1.869607393,      -5.181571508,      0.4772191361,          42,      -6.135943977,              10,      -6.004226697,                4,      -6.121718264,     0.01508934523,      0.3749114214,       61.15909045,       61.15909045,       61.15909045,      0.1561387101,     0.08742546043,      -1.036751324,                 0,                 0,                 0,     -0.9905815817,     0.08742546043,      -1.036751324,                 0,      -11.85868875,  -2.848096698e-14,   5.700554417e-13,                 0
          0,           0,          19,      -5.219281723,      -4.759452688,      -4.979059108,      -2.359685391,      -6.562226995,      -1.962103799,      -5.200202885,      0.4402708445,          43,      -6.022819891,              11,      -6.203916392,                4,       -6.10705518,     0.01666666758,      0.4141411026,       67.27499949,       67.27499949,       67.27499949,      0.1561387101,     0.08457536467,     -0.9960475276,                 0,                 0,                 0,     -0.9506939302,     0.08457536467,     -0.9960475276,                 0,      -11.77704089,  -2.391035276e-14,   5.439491806e-13,                 0
          0,           0,          20,      -5.240318509,       -4.76465817,      -4.987242531,      -2.380722178,      -6.522290925,      -2.054265894,      -5.225248559,      0.4051097767,          45,      -6.003738018,              12,      -6.319527733,                4,      -6.090538744,     0.01844163539,      0.4582998429,       74.00249944,       74.00249944,       74.00249944,      0.1561387101,     0.08531579206,     -0.9577001473,                 0,                 0,                 0,     -0.9161645833,     0.08531579206,     -0.9577001473,                 0,      -11.22535611,  -3.477525973e-14,   5.902735505e-13,                 0
          0,           0,          21,      -5.262897959,       -4.76912367,      -4.995862166,      -2.403301627,      -6.473436628,      -2.146131193,      -5.235793605,      0.3706895892,          48,      -6.029695701,              13,      -6.400901339,                4,       -6.07442092,     0.02038125323,      0.5064650936,       81.40274939,       81.40274939,       81.40274939,      0.1561387101,     0.08793278263,     -0.9181258127,                 0,                 0,                 0,     -0.8817230108,     0.08793278263,     -0.9181258127,                 0,      -10.44122323,  -4.720807948e-14,   5.284433008e-13,                 0
          0,           0,          22,      -5.288052413,      -4.773314666,      -5.012052014,      -2.428456081,      -6.419027718,      -2.237291092,      -5.234842458,      0.3343988561,          51,      -6.033142222,              13,      -6.006121133,                4,      -6.057930072,     0.02249591395,      0.5588859376,       89.54302433,       89.54302433,       89.54302433,      0.1561387101,     0.09048636572,     -0.8727034073,                 0,                 0,                 0,     -0.8410274456,     0.09048636572,     -0.8727034073,                 0,      -9.644584577,  -3.423125399e-14,   5.788720265e-13,                 0
          0,           0,          23,      -5.315270235,      -4.777354665,      -5.036747199,      -2.455673904,      -6.362779647,      -2.327683977,       -5.23806399,      0.2969835676,          55,       -6.07991576,              14,      -6.032413943,                4,      -6.040923086,     0.02483699303,      0.6169334132,       98.49732676,       98.49732676,       98.49732676,      0.1561387101,     0.09140212242,     -0.8176217334,                 0,                 0,                 0,     -0.7894086282,     0.09140212242,     -0.8176217334,                 0,      -8.945325467,  -5.616723591e-14,   5.516964056e-13,                 0
          0,           0,          24,      -5.342931491,      -4.780619409,       -5.06354052,      -2.483335159,      -6.307919514,      -2.416767057,      -5.247710032,      0.2600167009,          58,      -6.032142806,              15,      -6.013764998,                4,      -6.025326184,     0.02744735586,      0.6817877088,               100,               100,               100,      0.1561387101,     0.09001491293,     -0.7518076621,                 0,                 0,                 0,      -0.726207269,     0.09001491293,     -0.7518076621,                 0,      -8.352034542,  -4.363033539e-14,   7.777843286e-13,                 0
          0,           0,          25,      -5.370389437,      -4.783498321,      -5.084351192,      -2.510793105,      -6.255988497,      -2.504873388,      -5.272033357,      0.2230340682,          59,      -6.070983736,              16,      -6.241559906,                4,      -6.009721493,     0.02804418406,       0.696892106,               100,               100,               100,      0.1561387101,     0.08693948192,     -0.6811403979,                 0,                 0,                 0,     -0.6584825547,     0.08693948192,     -0.6811403979,                 0,      -7.834649838,   -4.22292214e-14,   5.541247066e-13,                 0
          0,           0,          26,      -5.404160143,       -4.79999012,      -5.110077997,      -2.544563811,      -6.208845782,      -2.585833765,      -5.306862944,      0.1684401118,          59,      -6.064451265,              16,      -6.144571431,                5,      -7.198785915,     0.02827493708,      0.7032102219,               100,               100,               100,      0.1561387101,     0.08321543707,     -0.6113776548,                 0,                 0,                 0,     -0.5929111548,     0.08321543707,     -0.6113776548,                 0,      -7.346925959,  -3.514342732e-14,    7.15650414e-13,                 0
          0,           0,          27,      -5.448734231,      -4.819977568,      -5.135300787,        -2.5891379,      -6.167712791,      -2.659291512,      -5.345917713,      0.1065392961,          59,       -6.03120289,              16,      -6.048902029,                5,      -7.154110267,     0.02856021412,      0.7111852512,               100,               100,               100,      0.1561387101,     0.07987009787,     -0.5475753122,                 0,                 0,                 0,     -0.5349179998,     0.07987009787,     -0.5475753122,                 0,       -6.85582373,  -2.734571612e-14,   5.521112497e-13,                 0
          0,           0,          28,      -5.497473916,      -4.842300855,      -5.164658939,      -2.637877584,      -6.130133775,      -2.726320845,      -5.386092159,     0.04344188379,          59,      -6.014711656,              17,      -6.291150074,                5,        -7.0746176,     0.02889195794,      0.7205577715,               100,               100,               100,      0.1561387101,     0.07760579282,     -0.4925080371,                 0,                 0,                 0,     -0.4871285099,     0.07760579282,     -0.4925080371,                 0,      -6.346279307,  -3.555436351e-14,    6.93866189e-13,                 0
          0,           0,          29,      -5.549010022,      -4.868298292,      -5.197519259,       -2.68941369,        -6.0961433,      -2.784524224,      -5.427385674,    -0.01840108648,          59,      -6.037473996,              17,      -6.198216368,                5,      -6.967907877,     0.02925538491,      0.7308551815,               100,               100,               100,      0.1561387101,     0.07672236211,     -0.4472754456,                 0,                 0,                 0,     -0.4501415986,     0.07672236211,     -0.4472754456,                 0,      -5.829792427,  -3.985726588e-14,   6.889080462e-13,                 0
          0,           0,          30,      -5.599849152,      -4.897853614,      -5.228484058,       -2.74025282,      -6.064178985,      -2.830562399,      -5.470802547,    -0.07751853595,          59,      -6.065785348,              17,      -6.117696034,                5,      -6.850596972,     0.02963037444,      0.7414403292,               100,               100,               100,      0.1561387101,      0.0771433942,     -0.4116409809,                 0,                 0,                 0,     -0.4231060428,      0.0771433942,     -0.4116409809,                 0,       -5.33604964,   -3.98717063e-14,   7.128515194e-13,                 0
          0,           0,          31,      -5.650165553,      -4.928952922,      -5.254079595,      -2.790569222,      -6.036319737,      -2.863679058,      -5.514231311,     -0.1315961787,          59,      -6.053748557,              17,      -6.054432649,                5,      -6.739027554,     0.02999721644,       0.751684886,               100,               100,               100,      0.1561387101,     0.07856036055,     -0.3846746382,                 0,                 0,                 0,     -0.4045286505,     0.07856036055,     -0.3846746382,                 0,      -4.896548787,   -5.26823397e-14,    6.12306697e-13,                 0
          0,           0,          32,      -5.702087301,      -4.957987285,      -5.277074159,       -2.84249097,      -6.009819924,      -2.892624148,      -5.558305093,     -0.1779670171,          60,       -6.08661141,              17,      -6.001162127,                5,      -6.643617899,     0.03033913396,      0.7610591282,               100,               100,               100,      0.1561387101,     0.08054841746,     -0.3650290476,                 0,                 0,                 0,     -0.3926269795,     0.08054841746,     -0.3650290476,                 0,       -4.53179664,  -3.608340366e-14,   6.792373936e-13,                 0
          0,           0,          33,      -5.759406689,      -4.981468523,      -5.302876559,      -2.899810358,      -5.993826856,      -2.927790198,      -5.598794169,     -0.2141970035,          60,      -6.009069805,              18,      -6.261046871,                5,      -6.567924565,     0.03064502074,      0.7692261721,               100,               100,               100,      0.1561387101,     0.08270949957,     -0.3512457518,                 0,                 0,                 0,     -0.3856604718,     0.08270949957,     -0.3512457518,                 0,      -4.246740141,  -2.356813025e-14,   6.893384259e-13,                 0
          0,           0,          34,      -5.825318543,      -4.999186763,      -5.334112326,      -2.965722211,      -5.986783587,      -2.964809587,      -5.633065839,     -0.2428182946,          61,      -6.031524755,              18,      -6.211177723,                5,      -6.506022257,      0.0309093331,      0.7760498891,               100,               100,               100,      0.1561387101,     0.08474112412,     -0.3418928932,                 0,                 0,                 0,     -0.3820606227,     0.08474112412,     -0.3418928932,                 0,      -4.034556973,  -1.619265735e-14,   5.904537804e-13,                 0
          0,           0,          35,      -5.900533281,      -5.012974521,      -5.369697049,       -3.04093695,      -5.979159325,      -3.009337564,      -5.667125688,     -0.2666422055,          62,      -6.105916879,              18,      -6.171835822,                5,      -6.448432276,     0.03113369463,      0.7816352621,               100,               100,               100,      0.1561387101,     0.08644589287,     -0.3357439987,                 0,                 0,                 0,     -0.3805744359,     0.08644589287,     -0.3357439987,                 0,      -3.883862929,   9.942625363e-16,   6.398514573e-13,                 0
          0,           0,          36,      -5.981924185,      -5.023506714,      -5.409486875,      -3.122327853,      -5.960468987,      -3.045354132,       -5.70158543,     -0.2907224672,          62,      -6.069509784,              18,      -6.150585664,                5,      -6.386168108,     0.03132777876,       0.786335208,               100,               100,               100,      0.1561387101,     0.08775848399,     -0.3318318656,                 0,                 0,                 0,     -0.3803116095,     0.08775848399,     -0.3318318656,                 0,      -3.781194143,  -9.766820603e-15,   6.212294204e-13,                 0
          0,           0,          37,      -6.061980132,       -5.03126187,      -5.454750979,        -3.2023838,       -5.93417992,      -3.074842513,       -5.73815181,     -0.3159949464,          62,      -6.050180968,              18,      -6.143540495,                5,      -6.317196815,     0.03150549494,      0.7906224882,               100,               100,               100,      0.1561387101,     0.08869725068,     -0.3294124382,                 0,                 0,                 0,     -0.3806733565,     0.08869725068,     -0.3294124382,                 0,      -3.713896831,    -1.1421276e-14,   5.103177966e-13,                 0
          0,           0,          38,      -6.131460388,      -5.038021094,      -5.501368753,      -3.271864057,      -5.904637114,      -3.102223837,      -5.784527615,     -0.3426086491,          62,      -6.007718194,              18,      -6.142516766,                5,      -6.242255159,     0.03167698118,      0.7948495561,               100,               100,               100,      0.1561387101,      0.0893059911,     -0.3279407623,                 0,                 0,                 0,      -0.381259571,      0.0893059911,     -0.3279407623,                 0,      -3.672102602,  -9.850944429e-15,   5.428159897e-13,                 0
          0,           0,          39,      -6.185174843,      -5.046041128,       -5.54146345,      -3.325578512,      -5.881834567,      -3.129372609,      -5.832247191,      -0.369324204,          63,      -6.091452094,              18,      -6.146713264,                5,      -6.164252707,     0.03183692343,       0.798918301,               100,               100,               100,      0.1561387101,     0.08963758698,     -0.3270906632,                 0,                 0,                 0,     -0.3818595324,     0.08963758698,     -0.3270906632,                 0,      -3.649034676,   6.895307106e-15,   5.476950112e-13,                 0
          0,           0,          40,      -6.227922978,      -5.056851497,      -5.572262373,      -3.368326646,      -5.885076139,       -3.16563758,      -5.875957332,     -0.3911496113,          63,       -6.08641523,              18,      -6.139262883,                5,      -6.090882202,     0.03196717328,      0.8023468822,               100,               100,               100,      0.1561387101,     0.08974377824,     -0.3267583463,                 0,                 0,                 0,     -0.3824450461,     0.08974377824,     -0.3267583463,                 0,      -3.641013925,   5.197326771e-15,   4.428417626e-13,                 0
          0,           0,          41,      -6.269691712,      -5.070044698,      -5.594216293,      -3.410095381,      -5.883019056,      -3.196161487,      -5.911242027,     -0.4059973064,          63,      -6.084820047,              18,      -6.136318491,                5,      -6.026051296,     0.03201629668,      0.8037192248,               100,               100,               100,      0.1561387101,     0.08970532311,     -0.3270941676,                 0,                 0,                 0,     -0.3832371875,     0.08970532311,     -0.3270941676,                 0,      -3.646318371,  -7.967687116e-15,   5.509347851e-13,                 0
          0,           0,          42,      -6.312548345,      -5.084526106,      -5.613394488,      -3.452952014,      -5.876768449,      -3.223314881,      -5.934629747,      -0.411947304,          63,      -6.077714873,              18,      -6.134575635,                6,      -6.903982903,     0.03206365782,      0.8051392768,               100,               100,               100,      0.1561387101,     0.08954516681,     -0.3285287916,                 0,                 0,                 0,     -0.3846548148,     0.08954516681,     -0.3285287916,                 0,      -3.668861239,   2.101058375e-14,   5.534464634e-13,                 0
          0,           0,          43,      -6.353155621,      -5.098130731,      -5.635502026,      -3.493559289,      -5.875174945,      -3.257863693,      -5.949153197,     -0.4123444311,          63,      -6.053394915,              18,      -6.118999843,                6,      -6.864750081,     0.03211297781,      0.8066508562,               100,               100,               100,      0.1561387101,      0.0893450977,     -0.3315838459,                 0,                 0,                 0,      -0.387253838,      0.0893450977,     -0.3315838459,                 0,      -3.711270729,   7.234107873e-15,   5.708886872e-13,                 0
          0,           0,          44,      -6.388935665,       -5.10978955,      -5.656384796,      -3.529339333,       -5.91001471,      -3.305907237,      -5.961800351,     -0.4107089665,          63,      -6.007670102,              18,       -6.09577798,                6,       -6.81473646,     0.03208842439,      0.8061492471,               100,               100,               100,      0.1561387101,     0.08922231975,      -0.336631435,                 0,                 0,                 0,      -0.391496717,     0.08922231975,      -0.336631435,                 0,      -3.772950938,  -1.935993804e-14,   5.060386808e-13,                 0
          0,           0,          45,      -6.412696899,      -5.121060478,      -5.671608559,      -3.553100567,       -5.91586071,      -3.347133042,       -5.97006915,     -0.4108772857,          64,      -6.050951452,              18,      -6.085416874,                6,      -6.743283342,      0.0320416981,      0.8050039409,               100,               100,               100,      0.1561387101,     0.08918145445,     -0.3438101705,                 0,                 0,                 0,     -0.3975389051,     0.08918145445,     -0.3438101705,                 0,      -3.855175638,  -2.511070475e-14,    5.51383961e-13,                 0
          0,           0,          46,      -6.415172014,      -5.132523155,      -5.682651768,      -3.555575682,      -5.909545713,      -3.383411314,      -5.972831343,     -0.4135560035,          64,      -6.027660883,              18,      -6.079878842,                6,      -6.666089004,     0.03197693315,       0.803309962,               100,               100,               100,      0.1561387101,     0.08923498512,     -0.3531498296,                 0,                 0,                 0,     -0.4054382146,     0.08923498512,     -0.3531498296,                 0,      -3.957526626,  -3.215543435e-15,   5.187210977e-13,                 0
          0,           0,          47,      -6.393397181,       -5.14398555,      -5.699093144,       -3.53380085,      -5.931483533,       -3.42907171,      -5.978376898,     -0.4178477331,          64,      -6.032073573,              18,      -6.064007995,                6,        -6.5947348,     0.03189502896,      0.8010935776,               100,               100,               100,      0.1561387101,     0.08940127058,     -0.3647286894,                 0,                 0,                 0,      -0.415285373,     0.08940127058,     -0.3647286894,                 0,      -4.079681274,   8.093200713e-15,   7.048240995e-13,                 0
          0,           0,          48,      -6.351581587,      -5.154813849,      -5.718089159,      -3.491985255,      -5.971936232,      -3.479947086,      -5.985094583,     -0.4219727529,          64,       -6.04817774,              18,      -6.041306733,                6,       -6.54133916,     0.03179598879,      0.7983694017,               100,               100,               100,      0.1561387101,     0.08969790858,     -0.3785871747,                 0,                 0,                 0,     -0.4271408445,     0.08969790858,     -0.3785871747,                 0,      -4.220691215,  -8.527281428e-15,   7.043662793e-13,                 0
          0,           0,          49,      -6.300186152,      -5.165264067,        -5.7318037,       -3.44058982,      -5.993034329,      -3.520676302,      -5.992786162,     -0.4256972365,          64,       -6.07556895,              18,      -6.028394842,                6,      -6.513384869,       0.031678285,       0.795116287,               100,               100,               100,      0.1561387101,     0.09012638123,     -0.3946242925,                 0,                 0,                 0,     -0.4409252705,     0.09012638123,     -0.3946242925,                 0,      -4.378565821,  -1.577928153e-14,    4.90130664e-13,                 0
          0,           0,          50,      -6.250193776,      -5.175517105,       -5.74032908,      -3.390597444,      -6.010380709,      -3.564328846,      -6.002298178,     -0.4279593248,          63,       -6.00687947,              18,      -6.017963961,                6,      -6.504302762,     0.03154238861,      0.7913668724,               100,               100,               100,      0.1561387101,      0.0906678528,     -0.4125698094,                 0,                 0,                 0,     -0.4563952136,      0.0906678528,     -0.4125698094,                 0,      -4.550342781,  -7.086047746e-16,   5.683353773e-13,                 0
          0,           0,          51,      -6.208034738,      -5.185437224,      -5.752885445,      -3.348438407,      -6.033403304,      -3.611891247,      -6.014993944,     -0.4294753107,          63,      -6.012406854,              18,      -6.013372425,                6,       -6.51112713,     0.03139535724,      0.7873268077,               100,               100,               100,      0.1561387101,     0.09129565034,     -0.4320794048,                 0,                 0,                 0,     -0.4732386042,     0.09129565034,     -0.4320794048,                 0,      -4.732749076,  -1.530845762e-15,   5.354264154e-13,                 0
          0,           0,          52,      -6.175899837,      -5.194603255,      -5.769566215,      -3.316303505,      -6.069635563,       -3.66043133,      -6.025895588,     -0.4299088911,          63,      -6.000987968,              18,      -6.017725349,                6,      -6.531255511,     0.03123994198,      0.7830778923,               100,               100,               100,      0.1561387101,     0.09198256652,     -0.4527587811,                 0,                 0,                 0,     -0.4911046161,     0.09198256652,     -0.4527587811,                 0,      -4.922223832,  -1.997274302e-14,   5.792601425e-13,                 0
          0,           0,          53,      -6.153128218,      -5.203097057,      -5.786575608,      -3.293531887,      -6.108027097,      -3.712988649,        -6.0409007,     -0.4293704909,          64,      -6.065945374,              18,       -6.02208829,                6,      -6.566520869,     0.03107849402,       0.778684707,               100,               100,               100,      0.1561387101,      0.0927077772,     -0.4741997121,                 0,                 0,                 0,      -0.509645513,      0.0927077772,     -0.4741997121,                 0,       -5.11499387,  -1.010860736e-14,    4.96922526e-13,                 0
          0,           0,          54,      -6.139994514,      -5.211045745,       -5.80255032,      -3.280398183,      -6.145945079,      -3.758038587,       -6.05963029,     -0.4280594122,          64,       -6.04276382,              18,      -6.028638909,                6,      -6.612566577,     0.03091476052,       0.774245027,               100,               100,               100,      0.1561387101,     0.09344718795,     -0.4959701073,                 0,                 0,                 0,     -0.5284939972,     0.09344718795,     -0.4959701073,                 0,      -5.307490982,   4.223870766e-15,   5.193381643e-13,                 0
          0,           0,          55,      -6.136628131,      -5.218614452,      -5.817903216,      -3.277031799,      -6.184030668,      -3.801254204,      -6.075788025,     -0.4260920824,          64,      -6.018200178,              18,      -6.033808375,                6,      -6.660180641,      0.0307510381,      0.7698154907,               100,               100,               100,      0.1561387101,      0.0941844786,     -0.5176566047,                 0,                 0,                 0,     -0.5473075514,      0.0941844786,     -0.5176566047,                 0,      -5.496198656,  -1.924932814e-15,   4.666177888e-13,                 0
          0,           0,          56,      -6.142960474,      -5.225718941,      -5.833092984,      -3.283364142,       -6.21845563,      -3.836492779,      -6.090251643,     -0.4239621309,          65,       -6.08353014,              18,      -6.044007047,                6,       -6.70064621,     0.03059086669,       0.765486544,               100,               100,               100,      0.1561387101,     0.09489907337,      -0.538833073,                 0,                 0,                 0,     -0.5657233434,     0.09489907337,      -0.538833073,                 0,      -5.677959266,   1.005256708e-14,   6.973757252e-13,                 0
          0,           0,          57,      -6.158535897,      -5.232202028,      -5.846791138,      -3.298939566,      -6.252972682,      -3.872580251,       -6.10388834,      -0.421672709,          65,      -6.069492142,              18,      -6.053593651,                6,      -6.731924791,     0.03043601047,      0.7613024328,               100,               100,               100,      0.1561387101,     0.09557306089,     -0.5590970397,                 0,                 0,                 0,     -0.5833893176,     0.09557306089,     -0.5590970397,                 0,       -5.84994385,   4.795064278e-15,   4.841726017e-13,                 0
          0,           0,          58,       -6.18258217,      -5.237843533,      -5.857949568,      -3.322985838,      -6.283517743,      -3.899091149,      -6.114532151,     -0.4187414868,          65,      -6.054181461,              18,      -6.070154755,                6,      -6.763077837,     0.03028921489,      0.7573359399,               100,               100,               100,      0.1561387101,     0.09618074001,     -0.5780453425,                 0,                 0,                 0,     -0.5999269455,     0.09618074001,     -0.5780453425,                 0,      -6.009990591,    1.97245523e-14,   5.978431188e-13,                 0
          0,           0,          59,      -6.214699865,      -5.242510017,      -5.866300076,      -3.355103533,      -6.310459292,      -3.912628215,      -6.120378605,     -0.4156250091,          65,      -6.035160999,              18,      -6.075533096,                5,      -6.049225094,     0.03015148158,      0.7536146869,               100,               100,               100,      0.1561387101,     0.09669576262,     -0.5953027253,                 0,                 0,                 0,     -0.6149669348,     0.09669576262,     -0.5953027253,                 0,      -6.156451008,    2.20944039e-14,   5.238145574e-13,                 0
          0,           0,          60,      -6.254810591,      -5.246259575,      -5.871897717,       -3.39521426,      -6.336801038,       -3.91564507,      -6.121472476,     -0.4120721258,          65,      -6.012306985,              18,      -6.099968072,                5,      -6.114047855,     0.03002461252,      0.7501887984,               100,               100,               100,      0.1561387101,     0.09709017057,     -0.6105281866,                 0,                 0,                 0,     -0.6281604392,     0.09709017057,     -0.6105281866,                 0,      -6.288259491,   1.023831318e-14,   5.286012389e-13,                 0
          0,           0,          61,      -6.303285309,      -5.249265727,      -5.875217556,      -3.443688977,      -6.364231524,      -3.914900005,      -6.117342121,      -0.408175858,          66,      -6.088528864,              18,      -6.129186056,                5,      -6.177117191,     0.02990898044,      0.7470700981,               100,               100,               100,      0.1561387101,      0.0973405667,     -0.6234436882,                 0,                 0,                 0,     -0.6392137713,      0.0973405667,     -0.6234436882,                 0,      -6.404767399,  -1.237260998e-15,   5.146041157e-13,                 0
          0,           0,          62,      -6.360620787,      -5.251674153,      -5.876590814,      -3.501024455,       -6.39053731,       -3.91240193,      -6.110334785,     -0.4041209235,          66,       -6.05460575,              18,      -6.160236264,                5,       -6.24131755,     0.02980252183,      0.7442045918,               100,               100,               100,      0.1561387101,     0.09743025333,     -0.6338406218,                 0,                 0,                 0,     -0.6479055283,     0.09743025333,     -0.6338406218,                 0,      -6.505583226,  -6.431973269e-15,   5.547368569e-13,                 0
          0,           0,          63,      -6.427166841,       -5.25362302,      -5.876456863,      -3.567570509,      -6.415534157,      -3.908592838,      -6.100658819,     -0.4003085583,          66,      -6.010518506,              18,       -6.19259482,                5,      -6.309525956,      0.0297091353,      0.7416971746,               100,               100,               100,      0.1561387101,     0.09734739811,     -0.6416016636,                 0,                 0,                 0,     -0.6541065877,     0.09734739811,     -0.6416016636,                 0,      -6.590845529,  -4.758990837e-15,   5.445601527e-13,                 0
          0,           0,          64,      -6.501987395,      -5.255207554,      -5.875051598,      -3.642391064,      -6.438974802,      -3.904955674,      -6.089193129,     -0.3960051733,          67,      -6.057436081,              18,       -6.22088575,                5,      -6.357662156,     0.02962948134,      0.7395647097,               100,               100,               100,      0.1561387101,     0.09709365645,     -0.6467059806,                 0,                 0,                 0,     -0.6577997529,     0.09709365645,     -0.6467059806,                 0,      -6.660640914,   9.240577016e-15,   5.341971977e-13,                 0
          0,           0,          65,       -6.58073597,      -5.256566056,      -5.872875218,      -3.721139639,      -6.460906395,      -3.902832235,      -6.077521584,     -0.3917193938,          67,      -6.007246645,              18,      -6.246917019,                5,      -6.387306379,     0.02956381301,      0.7378124561,               100,               100,               100,      0.1561387101,     0.09668339171,     -0.6492380161,                 0,                 0,                 0,     -0.6590812756,     0.09668339171,     -0.6492380161,                 0,      -6.715093509,  -3.561635367e-15,   5.337332723e-13,                 0
          0,           0,          66,      -6.652082364,      -5.257830822,      -5.870347939,      -3.792486033,      -6.481050567,      -3.902969672,      -6.066661176,     -0.3876829055,          68,       -6.04964664,              18,      -6.267612946,                5,      -6.401568225,     0.02951237329,      0.7364450108,               100,               100,               100,      0.1561387101,     0.09614118426,     -0.6493670746,                 0,                 0,                 0,     -0.6581429424,     0.09614118426,     -0.6493670746,                 0,      -6.754307008,  -1.705900662e-14,    5.32660448e-13,                 0
          0,           0,          67,      -6.697337461,      -5.259169073,      -5.867965697,      -3.837741129,      -6.499075944,      -3.905981338,      -6.057678974,     -0.3837519557,          68,      -6.033975366,              18,      -6.285580172,                5,       -6.40568381,      0.0294749733,      0.7354553687,               100,               100,               100,      0.1561387101,     0.09549887944,     -0.6473368249,                 0,                 0,                 0,     -0.6552487298,     0.09549887944,     -0.6473368249,                 0,      -6.778475609,  -1.828138916e-14,   5.642854123e-13,                 0
          0,           0,          68,      -6.703589738,      -5.260730146,      -5.866024064,      -3.843993406,      -6.515040753,       -3.91115134,      -6.050831632,     -0.3798900437,          68,      -6.037606341,              18,      -6.298605935,                5,      -6.403069666,      0.0294512649,      0.7348325263,               100,               100,               100,      0.1561387101,     0.09479132315,     -0.6434325562,                 0,                 0,                 0,     -0.6507037491,     0.09479132315,     -0.6434325562,                 0,      -6.787884532,  -1.671330528e-14,   6.634096858e-13,                 0
          0,           0,          69,      -6.679024158,      -5.262659202,      -5.864767092,      -3.819427827,      -6.529070149,      -3.918607076,      -6.046514096,     -0.3758460683,          68,      -6.053443367,              18,      -6.309537392,                5,      -6.394813016,      0.0294404498,      0.7345538656,               100,               100,               100,      0.1561387101,     0.09405223196,     -0.6379668354,                 0,                 0,                 0,     -0.6448276016,     0.09405223196,     -0.6379668354,                 0,      -6.783112129,  -1.411938765e-14,   5.414333335e-13,                 0
          0,           0,          70,      -6.642704641,      -5.265047212,      -5.864239215,       -3.78310831,       -6.54153699,      -3.928228068,      -6.044438962,     -0.3720395143,          68,      -6.087956978,              18,      -6.316548923,                5,      -6.380733825,     0.02944154208,       0.734592236,               100,               100,               100,      0.1561387101,     0.09331056143,     -0.6312471245,                 0,                 0,                 0,     -0.6379276166,     0.09331056143,     -0.6312471245,                 0,      -6.765012608,  -2.040603825e-14,   5.186896581e-13,                 0
          0,           0,          71,      -6.607995164,      -5.267955435,      -5.864455205,      -3.748398832,      -6.552842421,      -3.939631762,      -6.044403369,     -0.3683463868,          67,      -6.032146674,              17,      -6.004343078,                5,      -6.361137644,     0.02945321701,      0.7349118566,               100,               100,               100,      0.1561387101,     0.09258831841,     -0.6235698129,                 0,                 0,                 0,     -0.6302843984,     0.09258831841,     -0.6235698129,                 0,      -6.734864868,  -2.213667753e-14,   5.792880032e-13,                 0
          0,           0,          72,      -6.580607784,      -5.271380917,      -5.865325076,      -3.721011452,      -6.563461989,      -3.953299395,       -6.04592558,     -0.3647644594,          67,      -6.062787904,              17,      -6.007358299,                5,      -6.339739944,     0.02947408605,      0.7354755708,               100,               100,               100,      0.1561387101,     0.09189979552,     -0.6151985688,                 0,                 0,                 0,     -0.6221402341,     0.09189979552,     -0.6151985688,                 0,      -6.694232183,  -3.120705112e-14,   6.570576412e-13,                 0
          0,           0,          73,      -6.561844991,      -5.275296423,      -5.866789115,      -3.702248659,      -6.573687782,      -3.968527948,      -6.048324927,     -0.3611522689,          67,      -6.085574535,              17,      -6.009707531,                5,      -6.319302472,     0.02950261572,      0.7362425474,               100,               100,               100,      0.1561387101,     0.09125224404,     -0.6063704316,                 0,                 0,                 0,     -0.6137000022,     0.09125224404,     -0.6063704316,                 0,         -6.644992,  -2.297032628e-14,   6.872300383e-13,                 0
          0,           0,          74,      -6.551368144,      -5.279630244,       -5.86877687,      -3.691771812,      -6.583904055,      -3.983692224,      -6.051090818,     -0.3578893157,          66,      -6.014927138,              17,      -6.010809808,                5,      -6.299057837,     0.02953736752,      0.7371745861,               100,               100,               100,      0.1561387101,     0.09064732456,     -0.5972836225,                 0,                 0,                 0,     -0.6051306803,     0.09064732456,     -0.5972836225,                 0,      -6.589092677,  -2.999621947e-14,   6.863507133e-13,                 0
          0,           0,          75,      -6.548125141,      -5.284310025,      -5.871269419,       -3.68852881,       -6.59435685,      -3.999322623,      -6.053815313,     -0.3546731258,          66,      -6.025497838,              17,       -6.01255096,                5,      -6.280712049,     0.02957691974,      0.7382339383,               100,               100,               100,      0.1561387101,      0.0900832615,     -0.5881109423,                 0,                 0,                 0,      -0.596570136,      0.0900832615,     -0.5881109423,                 0,      -6.528526305,  -1.750687257e-14,   7.693747045e-13,                 0
          0,           0,          76,      -6.551020213,      -5.289247719,       -5.87426202,      -3.691423882,      -6.605247206,      -4.015386881,      -6.055952731,     -0.3517541155,          66,      -6.031842297,              17,      -6.012783998,                5,      -6.261684673,     0.02962004006,      0.7393878784,               100,               100,               100,      0.1561387101,      0.0895566373,     -0.5789913194,                 0,                 0,                 0,     -0.5881291079,      0.0895566373,     -0.5789913194,                 0,      -6.465085524,   -3.11673835e-14,   8.072282329e-13,                 0
          0,           0,          77,      -6.558865362,      -5.294376074,      -5.877769537,       -3.69926903,      -6.616638726,      -4.032097325,      -6.057190744,     -0.3490838994,          66,        -6.0339539,              17,      -6.014172431,                5,      -6.239948106,     0.02966558988,      0.7406061262,               100,               100,               100,      0.1561387101,     0.08906386415,     -0.5700436629,                 0,                 0,                 0,     -0.5798986813,     0.08906386415,     -0.5700436629,                 0,      -6.400392216,  -1.960922936e-14,   6.652920778e-13,                 0
          0,           0,          78,      -6.570671986,      -5.299629179,      -5.881791257,      -3.711075654,      -6.628572181,      -4.049638014,      -6.057429167,     -0.3463582396,          66,      -6.033216093,              17,      -6.014614356,                5,      -6.215592034,     0.02971262961,       0.741863678,               100,               100,               100,      0.1561387101,     0.08860201392,     -0.5613588036,                 0,                 0,                 0,     -0.5719505402,     0.08860201392,     -0.5613588036,                 0,      -6.335734131,  -1.718661181e-14,   6.051943395e-13,                 0
          0,           0,          79,      -6.585477759,      -5.304966492,      -5.886301715,      -3.725881427,      -6.640995055,      -4.067886522,      -6.056616032,     -0.3434933365,          66,      -6.031032302,              17,      -6.017077775,                5,      -6.188555892,     0.02976031605,      0.7431380796,               100,               100,               100,      0.1561387101,     0.08816924296,     -0.5530127088,                 0,                 0,                 0,     -0.5643425407,     0.08816924296,     -0.5530127088,                 0,      -6.272172588,  -2.083984316e-15,    6.42976789e-13,                 0
          0,           0,          80,      -6.602542401,      -5.310349825,      -5.891240685,      -3.742946069,      -6.653871551,      -4.086635936,      -6.054877948,     -0.3408109272,          66,      -6.027945362,              17,      -6.019399043,                5,      -6.159262279,     0.02980796802,      0.7444112158,               100,               100,               100,      0.1561387101,     0.08776468538,     -0.5450586378,                 0,                 0,                 0,     -0.5571175267,     0.08776468538,     -0.5450586378,                 0,      -6.210455098,  -1.306999281e-14,   8.246997267e-13,                 0
          0,           0,          81,      -6.621166835,       -5.31575808,       -5.89650949,      -3.761570504,      -6.667071603,      -4.106160521,      -6.052351341,     -0.3383042689,          66,      -6.024389328,              17,      -6.024433653,                5,      -6.129275106,     0.02985497778,      0.7456669579,               100,               100,               100,      0.1561387101,     0.08738812801,     -0.5375386967,                 0,                 0,                 0,     -0.5503070891,     0.08738812801,     -0.5375386967,                 0,      -6.151163881,  -2.019926243e-15,   6.287334016e-13,                 0
          0,           0,          82,      -6.640833879,       -5.32116648,      -5.901982398,      -3.781237548,      -6.680483393,      -4.125747195,      -6.049262595,     -0.3357871649,          66,      -6.020470072,              17,      -6.030206787,                5,       -6.10037043,     0.02990086263,      0.7468925617,               100,               100,               100,      0.1561387101,      0.0870396187,     -0.5304765969,                 0,                 0,                 0,     -0.5439302618,      0.0870396187,     -0.5304765969,                 0,      -6.094656719,   5.999536984e-15,   5.741744691e-13,                 0
          0,           0,          83,      -6.661032436,      -5.326559051,      -5.907508898,      -3.801436105,      -6.693959941,      -4.145707124,      -6.045734339,     -0.3333738215,          66,      -6.016158837,              17,      -6.039618603,                5,      -6.073571663,     0.02994519912,      0.7480769041,               100,               100,               100,      0.1561387101,     0.08671903813,     -0.5238877789,                 0,                 0,                 0,     -0.5379963563,     0.08671903813,     -0.5238877789,                 0,      -6.041208369,  -1.799104921e-14,   6.516931081e-13,                 0
          0,           0,          84,      -6.681348503,      -5.331914167,      -5.912936249,      -3.821752171,      -6.707389978,      -4.165910865,      -6.041938327,     -0.3311825009,          66,      -6.011224782,              17,      -6.049465727,                5,      -6.049689244,      0.0299876678,      0.7492116709,               100,               100,               100,      0.1561387101,     0.08642594245,     -0.5177730835,                 0,                 0,                 0,     -0.5325045968,     0.08642594245,     -0.5177730835,                 0,      -5.990945182,   -8.07229973e-15,   6.279992046e-13,                 0
          0,           0,          85,      -6.701340565,      -5.337216539,      -5.918114388,      -3.841744234,      -6.720610271,      -4.186043577,      -6.037977719,     -0.3291667218,          66,      -6.005560863,              17,      -6.063576855,                5,      -6.029451526,     0.03002800558,      0.7502900602,               100,               100,               100,      0.1561387101,     0.08615927842,     -0.5121277761,                 0,                 0,                 0,     -0.5274464256,     0.08615927842,     -0.5121277761,                 0,      -5.943965473,  -1.663266196e-14,   7.815753354e-13,                 0
          0,           0,          86,      -6.720628264,      -5.342448919,       -5.92292319,      -3.861031932,      -6.733520786,      -4.205406459,      -6.033971935,     -0.3273795412,          67,      -6.090924655,              17,      -6.078321161,                5,      -6.013033562,     0.03006604111,      0.7513077057,               100,               100,               100,      0.1561387101,     0.08591757796,     -0.5069359999,                 0,                 0,                 0,     -0.5228060275,     0.08591757796,     -0.5069359999,                 0,      -5.900259434,   2.818068683e-15,   5.876214503e-13,                 0
          0,           0,          87,       -6.73884437,      -5.347603801,      -5.927276578,      -3.879248039,      -6.745991746,      -4.223910967,      -6.029950756,     -0.3255199049,          67,      -6.085279561,              17,       -6.09774256,                5,      -6.000845895,     0.03010165633,      0.7522616195,               100,               100,               100,      0.1561387101,     0.08569884682,     -0.5021791594,                 0,                 0,                 0,     -0.5185624256,     0.08569884682,     -0.5021791594,                 0,      -5.859812332,   7.427575093e-15,   5.835893579e-13,                 0
          0,           0,          88,      -6.755728207,      -5.352677172,      -5.931144525,      -3.896131876,      -6.757973818,      -4.241395813,      -6.025962798,     -0.3235223807,          67,      -6.079730876,              17,      -6.116561951,                6,      -7.005713527,     0.03013481056,      0.7531508218,               100,               100,               100,      0.1561387101,     0.08550094572,     -0.4978310852,                 0,                 0,                 0,     -0.5146906713,     0.08550094572,     -0.4978310852,                 0,      -5.822521389,   -7.54611231e-15,   5.707605521e-13,                 0
          0,           0,          89,      -6.771114737,      -5.357675506,      -5.934544754,      -3.911518405,      -6.769396347,      -4.257875102,      -6.022016635,     -0.3213840622,          67,       -6.07467739,              17,      -6.139196338,                5,      -6.001246257,     0.03016550555,      0.7539753906,               100,               100,               100,      0.1561387101,     0.08532150302,     -0.4938656569,                 0,                 0,                 0,     -0.5111634589,     0.08532150302,     -0.4938656569,                 0,      -5.788290635,  -8.362771376e-16,   6.163527888e-13,                 0
          0,           0,          90,      -6.784983208,      -5.362608806,      -5.937547272,      -3.925386876,      -6.780273674,      -4.272925462,      -6.018139827,     -0.3194786962,          67,      -6.070227241,              17,      -6.159510672,                5,      -6.009124645,     0.03019380065,      0.7547368692,               100,               100,               100,      0.1561387101,     0.08515831345,     -0.4902522888,                 0,                 0,                 0,     -0.5079524359,     0.08515831345,     -0.4902522888,                 0,      -5.756951599,  -3.153728984e-14,   6.390583986e-13,                 0
          0,           0,          91,      -6.797419002,       -5.36749325,      -5.940251403,       -3.93782267,       -6.79059831,      -4.286649126,      -6.014299081,       -0.31749774,          67,       -6.06646374,              17,      -6.182046048,                5,      -6.019642258,     0.03021978443,      0.7554375153,               100,               100,               100,      0.1561387101,     0.08500916272,     -0.4869624348,                 0,                 0,                 0,     -0.5050288887,     0.08500916272,     -0.4869624348,                 0,      -5.728352324,  -3.098354134e-14,   8.285086132e-13,                 0
          0,           0,          92,      -6.808603107,      -5.372343806,      -5.942776658,      -3.949006776,      -6.800435026,      -4.299060282,      -6.010489057,     -0.3156571676,          67,      -6.063351674,              17,      -6.198478732,                5,      -6.034903551,      0.0302435793,      0.7560804431,               100,               100,               100,      0.1561387101,     0.08487216883,     -0.4839653508,                 0,                 0,                 0,     -0.5023650365,     0.08487216883,     -0.4839653508,                 0,      -5.702285654,  -2.329093851e-14,   9.418880836e-13,                 0
          0,           0,          93,      -6.818755785,      -5.377175055,      -5.945240244,      -3.959159454,       -6.80981414,      -4.310205214,      -6.006724015,     -0.3139790444,          67,      -6.061143866,              17,      -6.214042248,                5,      -6.062311927,     0.03026532248,      0.7566691357,               100,               100,               100,      0.1561387101,     0.08474552706,     -0.4812334126,                 0,                 0,                 0,     -0.4999338078,     0.08474552706,     -0.4812334126,                 0,      -5.678570059,  -1.699958583e-14,   5.893543868e-13,                 0
          0,           0,          94,      -6.828098075,      -5.381995951,      -5.947750421,      -3.968501743,      -6.818822276,       -4.32058007,      -6.003002193,     -0.3123907908,          67,      -6.059891616,              17,        -6.2221338,                5,      -6.096004883,     0.03028516632,      0.7572074778,               100,               100,               100,      0.1561387101,     0.08462780466,     -0.4787382666,                 0,                 0,                 0,     -0.4977102171,     0.08462780466,     -0.4787382666,                 0,      -5.656985533,  -2.179700155e-14,   6.361054588e-13,                 0
          0,           0,          95,      -6.836821345,      -5.386811664,      -5.950395614,      -3.977225014,      -6.827503269,      -4.329964422,      -5.999324598,       -0.31097199,          67,      -6.059392732,              17,      -6.231552014,                5,      -6.135867634,     0.03030326558,      0.7576994351,               100,               100,               100,      0.1561387101,     0.08451764332,     -0.4764550991,                 0,                 0,                 0,     -0.4956704165,     0.08451764332,     -0.4764550991,                 0,      -5.637344824,  -3.713346063e-14,   6.520252616e-13,                 0
          0,           0,          96,      -6.845059226,      -5.391621299,      -5.953246377,      -3.985462894,      -6.835946181,      -4.338627054,      -5.995696103,     -0.3100241231,          67,      -6.058314593,              17,      -6.236222346,                5,      -6.183205824,     0.03031977746,      0.7581490721,               100,               100,               100,      0.1561387101,     0.08441405008,     -0.4743593109,                 0,                 0,                 0,     -0.4937933205,     0.08441405008,     -0.4743593109,                 0,      -5.619435514,  -3.108168525e-14,    6.01856195e-13,                 0
          0,           0,          97,       -6.85289659,      -5.396421243,      -5.956353068,      -3.993300259,      -6.844194423,      -4.346724218,      -5.992122283,     -0.3092362123,          67,      -6.054346374,              17,      -6.242896945,                5,       -6.24220036,     0.03033485319,      0.7585603334,               100,               100,               100,      0.1561387101,     0.08431606848,     -0.4724299074,                 0,                 0,                 0,     -0.4920590827,     0.08431606848,     -0.4724299074,                 0,      -5.603082733,  -8.079870329e-15,    5.91393421e-13,                 0
          0,           0,          98,      -6.860357602,      -5.401204506,      -5.959750028,       -4.00076127,      -6.852326805,       -4.35439307,      -5.988607315,     -0.3086520016,          67,      -6.046123443,              17,      -6.245441451,                5,      -6.318433513,     0.03034863896,      0.7589370708,               100,               100,               100,      0.1561387101,     0.08422308169,     -0.4706467106,                 0,                 0,                 0,     -0.4904510103,     0.08422308169,     -0.4706467106,                 0,       -5.58809653,  -3.051517468e-14,   5.655918856e-13,                 0
          0,           0,          99,      -6.867439988,      -5.405964326,      -5.963454775,      -4.007843656,       -6.86037769,      -4.361949523,      -5.985160449,     -0.3086267114,          67,      -6.034743058,              17,      -6.249696997,                5,      -6.417084793,     0.03036127032,       0.759282888,               100,               100,               100,      0.1561387101,     0.08413448461,     -0.4689930422,                 0,                 0,                 0,      -0.488953577,     0.08413448461,     -0.4689930422,                 0,      -5.574325966,  -1.581653096e-14,   5.425187204e-13,                 0
          0,           0,         100,      -6.874108569,      -5.410694198,       -5.96746916,      -4.014512237,      -6.868409799,      -4.369165316,       -5.98178753,     -0.3091065579,          67,      -6.022145824,              17,      -6.251023706,                5,      -6.526055897,     0.03037287385,      0.7596011749,               100,               100,               100,      0.1561387101,     0.08404997231,     -0.4674533468,                 0,                 0,                 0,     -0.4875545311,     0.08404997231,     -0.4674533468,                 0,      -5.561612145,  -1.927364744e-15,   5.478937683e-13,                 0
          0,           0,         101,      -6.880335416,      -5.415389272,       -5.97177614,      -4.020739084,      -6.876445361,      -4.376318541,      -5.978502553,     -0.3101413055,          67,      -6.010060068,              17,      -6.254732402,                5,      -6.574377888,     0.03038356281,      0.7598949811,               100,               100,               100,      0.1561387101,     0.08396922543,     -0.4660153061,                 0,                 0,                 0,     -0.4862425621,     0.08396922543,     -0.4660153061,                 0,      -5.549834523,      1.436651e-14,   6.161732883e-13,                 0
          0,           0,         102,      -6.886085206,      -5.420046677,      -5.976339308,      -4.026488874,      -6.884528976,      -4.383423383,      -5.975310435,     -0.3113094578,          68,      -6.098020697,              17,      -6.256494091,                5,      -6.509676749,     0.03039344254,      0.7601671492,               100,               100,               100,      0.1561387101,     0.08389217299,     -0.4646677187,                 0,                 0,                 0,     -0.4850094712,     0.08389217299,     -0.4646677187,                 0,      -5.538868552,   2.258881634e-14,   6.254079615e-13,                 0
          0,           0,         103,       -6.89135094,      -5.424667731,      -5.981100351,      -4.031754608,       -6.89267019,      -4.390509253,      -5.972232207,     -0.3131715538,          68,      -6.091643831,              17,      -6.261196443,                5,       -6.40749614,     0.03040260181,      0.7604200732,               100,               100,               100,      0.1561387101,     0.08381867805,     -0.4634021858,                 0,                 0,                 0,     -0.4838475671,     0.08381867805,     -0.4634021858,                 0,      -5.528626752,   2.289725508e-14,   5.629264716e-13,                 0
          0,           0,         104,      -6.896129552,      -5.429256425,        -5.9859805,      -4.036533221,      -6.900895158,      -4.397593169,      -5.969271498,     -0.3158640613,          68,      -6.088339126,              17,      -6.264393748,                5,      -6.320613529,     0.03041112245,      0.7606559523,               100,               100,               100,      0.1561387101,     0.08374881007,     -0.4622112395,                 0,                 0,                 0,     -0.4827519854,     0.08374881007,     -0.4622112395,                 0,      -5.519018588,   1.988533015e-14,   5.484183958e-13,                 0
          0,           0,         105,      -6.900446459,      -5.433820935,      -5.990882105,      -4.040850127,      -6.909198899,      -4.404959247,      -5.966436313,     -0.3191601887,          68,      -6.089281211,              17,      -6.270346949,                5,      -6.255325685,     0.03041907137,      0.7608765726,               100,               100,               100,      0.1561387101,     0.08368251941,     -0.4610896791,                 0,                 0,                 0,     -0.4817178414,     0.08368251941,     -0.4610896791,                 0,      -5.509988017,   7.558190238e-15,   5.579350523e-13,                 0
          0,           0,         106,      -6.904325283,      -5.438371794,       -5.99569517,      -4.044728951,      -6.917589351,      -4.411874446,      -5.963729963,      -0.322950775,          68,      -6.094432394,              17,      -6.275256107,                5,      -6.207799866,     0.03042650822,      0.7610835141,               100,               100,               100,      0.1561387101,      0.0836199282,     -0.4600328971,                 0,                 0,                 0,     -0.4807426935,      0.0836199282,     -0.4600328971,                 0,      -5.501474433,   2.893538269e-14,   6.329197596e-13,                 0
          0,           0,         107,      -6.907803881,      -5.442923208,      -6.000303786,      -4.048207549,      -6.926051683,      -4.418957324,      -5.961162253,     -0.3276714947,          68,      -6.096741958,              17,      -6.282847317,                5,      -6.173092063,     0.03043348037,       0.761278019,               100,               100,               100,      0.1561387101,     0.08356100011,     -0.4590379899,                 0,                 0,                 0,     -0.4798235484,     0.08356100011,     -0.4590379899,                 0,      -5.493447772,   2.383952164e-14,   6.287428759e-13,                 0
          0,           0,         108,      -6.910902609,       -5.44749038,      -6.004597491,      -4.051306278,      -6.934577737,      -4.426094234,      -5.958740543,     -0.3329971139,          68,      -6.098923504,              17,      -6.288766117,                5,      -6.148467744,     0.03044002893,      0.7614611558,               100,               100,               100,      0.1561387101,     0.08350584869,     -0.4581022538,                 0,                 0,                 0,     -0.4789594642,     0.08350584869,     -0.4581022538,                 0,      -5.485870284,   2.510360296e-14,   5.562839989e-13,                 0
          0,           0,         109,      -6.913639667,      -5.452090008,      -6.008480266,      -4.054043335,      -6.943141003,      -4.433233696,      -5.956472696,      -0.339140716,          67,      -6.001551646,              17,      -6.297070884,                5,       -6.13148015,     0.03044618545,      0.7616337345,               100,               100,               100,      0.1561387101,     0.08345440671,     -0.4572241659,                 0,                 0,                 0,     -0.4781484741,     0.08345440671,     -0.4572241659,                 0,      -5.478730051,   2.685889803e-14,   5.428833558e-13,                 0
          0,           0,         110,      -6.916004418,      -5.456737952,      -6.011882728,      -4.056408086,      -6.951723088,      -4.440347551,      -5.954363323,     -0.3462038134,          67,      -6.010733649,              17,        -6.3037203,                5,      -6.120666762,     0.03045197668,      0.7617964399,               100,               100,               100,      0.1561387101,     0.08340674806,      -0.456402042,                 0,                 0,                 0,     -0.4773903316,     0.08340674806,      -0.456402042,                 0,      -5.472003796,   6.368396655e-15,   5.327090338e-13,                 0
          0,           0,         111,      -6.917977419,      -5.461449338,      -6.014768591,      -4.058381087,      -6.960294509,       -4.44758756,      -5.952417273,     -0.3543863494,          67,      -6.024045897,              17,      -6.311776811,                5,       -6.11463223,     0.03045742252,      0.7619497758,               100,               100,               100,      0.1561387101,     0.08336275872,     -0.4556349678,                 0,                 0,                 0,     -0.4766834191,     0.08336275872,     -0.4556349678,                 0,      -5.465689653,   3.980307546e-14,   6.095254717e-13,                 0
          0,           0,         112,      -6.919512978,       -5.46623606,      -6.017141185,      -4.059916646,      -6.968833631,      -4.454817957,      -5.950640318,     -0.3637315839,          67,       -6.04103104,              17,      -6.318055741,                5,      -6.112179057,     0.03046253981,      0.7620941699,               100,               100,               100,      0.1561387101,     0.08332246628,     -0.4549216108,                 0,                 0,                 0,     -0.4760276223,     0.08332246628,     -0.4549216108,                 0,      -5.459771308,   3.557503708e-14,    5.16036858e-13,                 0
          0,           0,         113,      -6.920560708,      -5.471107845,      -6.019042329,      -4.060964377,      -6.977314692,       -4.46173919,      -5.949038155,     -0.3739807698,          67,      -6.061403389,              17,      -6.325491293,                5,      -6.112699364,      0.0304673409,       0.762229935,               100,               100,               100,      0.1561387101,     0.08328571119,     -0.4542611279,                 0,                 0,                 0,     -0.4754212356,     0.08328571119,     -0.4542611279,                 0,      -5.454250452,   2.776175817e-14,   5.364932149e-13,                 0
          0,           0,         114,      -6.921054163,      -5.476069598,      -6.020549339,      -4.061457832,      -6.985719608,      -4.468341585,      -5.947616855,     -0.3857448268,          67,      -6.084831644,              17,      -6.332310203,                5,      -6.114857634,      0.0304718367,      0.7623573503,               100,               100,               100,      0.1561387101,     0.08325247914,     -0.4536521129,                 0,                 0,                 0,     -0.4748639439,     0.08325247914,     -0.4536521129,                 0,      -5.449112358,    2.86697868e-14,   5.635437073e-13,                 0
          0,           0,         115,      -6.920933369,       -5.48112373,      -6.021765268,      -4.061337037,      -6.994031895,      -4.474912663,      -5.946372501,     -0.3989996222,          66,      -6.012758704,              17,      -6.340619532,                5,      -6.118079383,     0.03047603558,      0.7624766302,               100,               100,               100,      0.1561387101,     0.08322257172,     -0.4530934836,                 0,                 0,                 0,     -0.4743537232,     0.08322257172,     -0.4530934836,                 0,      -5.444358114,   3.164378473e-14,   5.854207823e-13,                 0
          0,           0,         116,      -6.920137035,      -5.486269844,      -6.022809368,      -4.060540704,      -7.002242194,      -4.481331903,      -5.945327038,     -0.4136093653,          66,      -6.041127586,              16,      -6.000820984,                5,      -6.121446089,     0.03047994576,      0.7625879874,               100,               100,               100,      0.1561387101,     0.08319593904,       -0.45258355,                 0,                 0,                 0,     -0.4738899132,     0.08319593904,       -0.45258355,                 0,      -5.439971653,   6.485310295e-14,   6.574916576e-13,                 0
          0,           0,         117,      -6.918621229,       -5.49150693,      -6.023803466,      -4.059024897,      -7.010345488,      -4.487506306,        -5.9444822,     -0.4304820803,          66,      -6.070478296,              16,      -6.011779951,                5,      -6.123033219,     0.03048357423,      0.7626916042,               100,               100,               100,      0.1561387101,     0.08317234965,     -0.4521208684,                 0,                 0,                 0,     -0.4734700993,     0.08317234965,     -0.4521208684,                 0,      -5.435951615,   4.027998828e-14,   6.064964344e-13,                 0
          0,           0,         118,      -6.916354693,      -5.496834408,      -6.024861926,      -4.056758361,      -7.018342128,      -4.493588646,      -5.943842057,     -0.4494450877,          66,      -6.100432632,              16,      -6.023159675,                5,      -6.121655081,     0.03048692863,      0.7627876803,               100,               100,               100,      0.1561387101,     0.08315172392,     -0.4517034084,                 0,                 0,                 0,     -0.4730932574,     0.08315172392,     -0.4517034084,                 0,      -5.432279539,    4.73654202e-14,   6.481121126e-13,                 0
          0,           0,         119,       -6.91333295,       -5.50225448,       -6.02608081,      -4.053736618,      -7.026238691,      -4.499284776,       -5.94341179,      -0.470866715,          65,      -6.011850927,              16,        -6.0339788,                5,      -6.114931712,      0.0304900163,      0.7628764081,               100,               100,               100,      0.1561387101,     0.08313380286,     -0.4513293668,                 0,                 0,                 0,     -0.4727566101,     0.08313380286,     -0.4513293668,                 0,      -5.428951296,    5.47365394e-14,   6.096292262e-13,                 0
          0,           0,         120,      -6.909573153,      -5.507773599,      -6.027532798,      -4.049976821,      -7.034044444,      -4.504503401,      -5.943195391,     -0.4951501265,          65,      -6.034767362,              16,      -6.044135234,                5,      -6.099741981,     0.03049284563,      0.7629580091,               100,               100,               100,      0.1561387101,     0.08311848256,     -0.4509964144,                 0,                 0,                 0,     -0.4724588314,     0.08311848256,     -0.4509964144,                 0,      -5.425946198,   3.570783616e-14,   7.122367057e-13,                 0
          0,           0,         121,      -6.905121662,        -5.5134042,      -6.029263198,      -4.045525331,      -7.041774567,      -4.509176538,      -5.943182962,     -0.5208716462,          65,      -6.059418474,              16,      -6.052246435,                5,      -6.075068228,     0.03049542521,      0.7630327109,               100,               100,               100,      0.1561387101,     0.08310548279,     -0.4507024601,                 0,                 0,                 0,     -0.4721968659,     0.08310548279,     -0.4507024601,                 0,      -5.423257828,    3.66057735e-14,   5.786768259e-13,                 0
          0,           0,         122,      -6.900047063,      -5.519165821,      -6.031291947,      -4.040450731,      -7.049444611,      -4.513241127,       -5.94337317,     -0.5467465569,          65,      -6.085884586,              16,      -6.060247511,                5,      -6.041299584,     0.03049776481,      0.7631007742,               100,               100,               100,      0.1561387101,     0.08309468302,     -0.4504449584,                 0,                 0,                 0,     -0.4719691789,     0.08309468302,     -0.4504449584,                 0,       -5.42086379,   1.459492932e-14,    7.16790948e-13,                 0
          0,           0,         123,      -6.894441598,      -5.525085677,      -6.033616552,      -4.034845266,      -7.057075205,      -4.516645531,      -5.943799105,     -0.5726576973,          64,      -6.020469931,              16,      -6.067221128,                6,       -7.11669952,      0.0304998746,       0.763162471,               100,               100,               100,      0.1561387101,     0.08308579129,      -0.450221623,                 0,                 0,                 0,     -0.4717725371,     0.08308579129,      -0.450221623,                 0,      -5.418755915,   3.599054363e-14,   6.317637896e-13,                 0
          0,           0,         124,      -6.888412945,      -5.531199226,       -6.03621952,      -4.028816613,      -7.064685041,      -4.519347044,      -5.944537157,     -0.5987970724,          64,      -6.042531979,              16,      -6.074645671,                6,       -7.08560066,     0.03050176581,      0.7632181046,               100,               100,               100,      0.1561387101,     0.08307868136,     -0.4500297844,                 0,                 0,                 0,     -0.4716052983,     0.08307868136,     -0.4500297844,                 0,      -5.416910537,   3.694140714e-14,   6.104983507e-13,                 0
          0,           0,         125,      -6.882081845,       -5.53754841,      -6.039075319,      -4.022485513,      -7.072297184,      -4.521315609,      -5.945607843,     -0.6254264903,          64,       -6.05739559,              16,        -6.0775668,                6,       -7.05347084,     0.03050345005,      0.7632679892,               100,               100,               100,      0.1561387101,     0.08307306186,     -0.4498670587,                 0,                 0,                 0,     -0.4714641563,     0.08307306186,     -0.4498670587,                 0,      -5.415318139,   1.727990286e-14,   5.621618758e-13,                 0
          0,           0,         126,      -6.875575488,      -5.544181812,      -6.042159291,      -4.015979156,      -7.079931765,      -4.522608263,      -5.947083655,     -0.6516202826,          64,      -6.064069146,              16,      -6.072570651,                6,      -7.021836796,     0.03050493981,      0.7633124648,               100,               100,               100,      0.1561387101,     0.08306881391,      -0.449730747,                 0,                 0,                 0,     -0.4713474647,     0.08306881391,      -0.449730747,                 0,      -5.413954117,   1.456558707e-15,    7.19820317e-13,                 0
          0,           0,         127,      -6.869024013,        -5.5511528,      -6.045454452,      -4.009427681,      -7.087612314,      -4.523366228,      -5.948935193,     -0.6778851212,          64,      -6.061929496,              16,      -6.057683561,                6,      -6.990809904,     0.03050624784,      0.7633518788,               100,               100,               100,      0.1561387101,     0.08306565988,     -0.4496184642,                 0,                 0,                 0,     -0.4712519476,     0.08306565988,     -0.4496184642,                 0,       -5.41280795,   6.911230578e-15,   6.266046078e-13,                 0
          0,           0,         128,      -6.862556398,      -5.558518379,      -6.048957832,      -4.002960067,       -7.09535855,      -4.523326981,      -5.951044258,     -0.7037453206,          64,      -6.053438106,              16,       -6.03954926,                6,      -6.960894546,     0.03050738748,      0.7633865963,               100,               100,               100,      0.1561387101,     0.08306350077,     -0.4495275746,                 0,                 0,                 0,     -0.4711760521,     0.08306350077,     -0.4495275746,                 0,       -5.41185443,    4.93097593e-15,   6.089424177e-13,                 0
          0,           0,         129,      -6.856298348,       -5.56633705,      -6.052683501,      -3.996702016,      -7.103194275,      -4.522627339,      -5.953433902,     -0.7289052498,          64,       -6.04242866,              16,       -6.02034239,                6,      -6.933298762,     0.03050837214,       0.763416984,               100,               100,               100,      0.1561387101,     0.08306208399,     -0.4494557846,                 0,                 0,                 0,     -0.4711166281,     0.08306208399,     -0.4494557846,                 0,      -5.411082446,  -7.238357803e-15,   6.456314033e-13,                 0
          0,           0,         130,      -6.850371204,      -5.574667784,      -6.056664217,      -3.990774872,      -7.111139531,        -4.5213589,       -5.95622762,     -0.7532470686,          64,      -6.032538292,              16,      -6.000690268,                6,       -6.91975666,     0.03050921553,      0.7634434173,               100,               100,               100,      0.1561387101,     0.08306133977,     -0.4494006116,                 0,                 0,                 0,     -0.4710723063,     0.08306133977,     -0.4494006116,                 0,      -5.410466685,  -1.628311824e-14,   6.069006777e-13,                 0
          0,           0,         131,      -6.844891191,      -5.583567975,      -6.060950211,      -3.985294859,      -7.119216467,      -4.519644136,      -5.959366696,     -0.7762913708,          64,      -6.025892054,              17,      -6.326154133,                6,      -6.903424807,     0.03050993117,      0.7634662658,               100,               100,               100,      0.1561387101,     0.08306104777,     -0.4493599433,                 0,                 0,                 0,     -0.4710401479,     0.08306104777,     -0.4493599433,                 0,      -5.409996085,  -1.113979134e-14,   6.160565895e-13,                 0
          0,           0,         132,      -6.839970425,       -5.59309282,      -6.065606949,      -3.980374094,       -7.12744475,      -4.517626861,       -5.96278306,      -0.797551789,          64,      -6.023504678,              17,      -6.306182346,                6,      -6.892419029,     0.03051053257,      0.7634858985,               100,               100,               100,      0.1561387101,     0.08306117211,     -0.4493315344,                 0,                 0,                 0,     -0.4710190447,     0.08306117211,     -0.4493315344,                 0,      -5.409645963,  -3.314850215e-14,   6.748644751e-13,                 0
          0,           0,         133,      -6.835716631,       -5.60329356,      -6.070711487,      -3.976120299,      -7.135847389,      -4.515461361,       -5.96620029,     -0.8170703312,          64,      -6.025383809,              17,      -6.288190019,                6,      -6.895671375,     0.03051103278,      0.7635026707,               100,               100,               100,      0.1561387101,      0.0830615269,     -0.4493135341,                 0,                 0,                 0,     -0.4710063386,      0.0830615269,     -0.4493135341,                 0,      -5.409406146,  -4.361808246e-14,   6.708083404e-13,                 0
          0,           0,         134,       -6.83223534,      -5.614217246,      -6.076349139,      -3.972639009,      -7.144446037,       -4.51338045,       -5.96941405,      -0.834400608,          64,       -6.03103842,              17,      -6.273546784,                6,       -6.91920727,     0.03051144452,      0.7635169285,               100,               100,               100,      0.1561387101,     0.08306210993,     -0.4493040044,                 0,                 0,                 0,     -0.4710012396,     0.08306210993,     -0.4493040044,                 0,      -5.409253446,  -4.563584051e-14,   7.413228095e-13,                 0
          0,           0,         135,      -6.829629279,      -5.625905357,      -6.082609737,      -3.970032947,      -7.153263724,        -4.5116165,      -5.972460757,     -0.8501230498,          64,      -6.039008988,              17,      -6.261850376,                5,      -6.007180621,      0.0305117798,      0.7635289973,               100,               100,               100,      0.1561387101,     0.08306276744,     -0.4493014153,                 0,                 0,                 0,     -0.4710014153,     0.08306276744,     -0.4493014153,                 0,      -5.409179458,  -2.363686229e-14,   6.883822428e-13,                 0
          0,           0,         136,      -6.828001217,      -5.638393846,      -6.089585446,      -3.968404885,      -7.162316812,      -4.510128146,      -5.975614989,     -0.8644530282,          64,      -6.047674335,              17,      -6.254569309,                5,      -6.044310728,     0.03051205004,      0.7635391862,               100,               100,               100,      0.1561387101,     0.08306352672,     -0.4493041797,                 0,                 0,                 0,     -0.4710064218,     0.08306352672,     -0.4493041797,                 0,      -5.409163293,  -4.444716645e-14,    8.36931288e-13,                 0
          0,           0,         137,      -6.827452518,      -5.651711659,      -6.097368494,      -3.967856186,      -7.171628771,      -4.509137879,      -5.979080244,     -0.8774952188,          64,      -6.055999835,              17,      -6.250457533,                5,      -6.019705686,     0.03051226575,      0.7635477785,               100,               100,               100,      0.1561387101,     0.08306426064,     -0.4493111155,                 0,                 0,                 0,     -0.4710142641,     0.08306426064,     -0.4493111155,                 0,      -5.409198999,  -4.283187417e-14,   7.093128523e-13,                 0
          0,           0,         138,      -6.828086029,      -5.665880305,      -6.106049339,      -3.968489697,      -7.181219664,      -4.508817645,      -5.982846714,     -0.8897724646,          64,      -6.064219115,              17,      -6.250607529,                6,      -7.003156885,     0.03051243666,      0.7635550364,               100,               100,               100,      0.1561387101,     0.08306501969,     -0.4493209944,                 0,                 0,                 0,      -0.471024839,     0.08306501969,     -0.4493209944,                 0,      -5.409268499,  -4.271954279e-14,      6.203129e-13,                 0
          0,           0,         139,      -6.830005072,      -5.680912363,      -6.115715746,      -3.970408741,      -7.191114329,      -4.509334485,      -5.986850487,     -0.9011926366,          64,       -6.07264829,              17,      -6.253598146,                6,      -6.915889968,     0.03051257147,      0.7635611935,               100,               100,               100,      0.1561387101,     0.08306569677,     -0.4493329745,                 0,                 0,                 0,     -0.4710364696,     0.08306569677,     -0.4493329745,                 0,      -5.409368632,  -4.732898488e-14,   6.795999038e-13,                 0
          0,           0,         140,      -6.833316354,      -5.696810724,      -6.126452298,      -3.973720022,       -7.20133276,      -4.510850675,      -5.991022139,     -0.9114166855,          64,      -6.081509676,              17,       -6.26058662,                6,      -6.857765644,     0.03051267802,        0.76356646,               100,               100,               100,      0.1561387101,     0.08306635898,     -0.4493461617,                 0,                 0,                 0,     -0.4710493599,     0.08306635898,     -0.4493461617,                 0,      -5.409484264,  -4.563971715e-14,   6.034716409e-13,                 0
          0,           0,         141,      -6.838128644,       -5.71356611,      -6.138339644,      -3.978532313,      -7.211896173,      -4.513516516,      -5.995306196,     -0.9211601143,          64,      -6.090583459,              17,      -6.270063027,                6,      -6.821410573,     0.03051276311,      0.7635710176,               100,               100,               100,      0.1561387101,     0.08306691314,     -0.4493600167,                 0,                 0,                 0,     -0.4710621075,     0.08306691314,     -0.4493600167,                 0,      -5.409614968,  -2.711447693e-14,   5.542677055e-13,                 0
          0,           0,         142,      -6.844556047,      -5.731155302,      -6.151454143,      -3.984959716,      -7.222808377,      -4.517479527,      -5.999670594,     -0.9306978442,          64,      -6.099719923,              17,      -6.283159882,                6,      -6.800123462,     0.03051283265,      0.7635750248,               100,               100,               100,      0.1561387101,     0.08306743752,     -0.4493739309,                 0,                 0,                 0,     -0.4710751716,     0.08306743752,     -0.4493739309,                 0,      -5.409748324,  -2.124810323e-14,   6.676622158e-13,                 0
          0,           0,         143,      -6.852716682,       -5.74953778,      -6.165866709,      -3.993120351,       -7.23408544,      -4.523029047,      -6.004102338,     -0.9397265482,          64,      -6.108631935,              17,      -6.298196665,                6,      -6.789762714,     0.03051289159,      0.7635786137,               100,               100,               100,      0.1561387101,     0.08306784818,     -0.4493876117,                 0,                 0,                 0,     -0.4710873683,     0.08306784818,     -0.4493876117,                 0,      -5.409886274,  -1.790610864e-14,   5.840369958e-13,                 0
          0,           0,         144,      -6.862735054,      -5.768652992,      -6.181640954,      -4.003138723,      -7.245736649,      -4.530092132,       -6.00860331,     -0.9488009198,          63,      -6.002569481,              17,      -6.316466669,                6,      -6.787356335,     0.03051294409,      0.7635818955,               100,               100,               100,      0.1561387101,     0.08306823063,     -0.4494006756,                 0,                 0,                 0,     -0.4710993531,     0.08306823063,     -0.4494006756,                 0,      -5.410018635,  -2.684642584e-14,   7.108807554e-13,                 0
          0,           0,         145,      -6.874742036,      -5.788416331,      -6.198830547,      -4.015145705,      -7.257769124,      -4.538854434,      -6.013180892,       -0.95755286,          63,      -6.009095955,              17,      -6.335991798,                6,      -6.791768817,     0.03051299344,      0.7635849582,               100,               100,               100,      0.1561387101,     0.08306850695,     -0.4494130162,                 0,                 0,                 0,     -0.4711101035,     0.08306850695,     -0.4494130162,                 0,      -5.410149197,  -2.024882358e-14,   7.041403004e-13,                 0
          0,           0,         146,      -6.888879148,      -5.808715917,      -6.217476731,      -4.029282817,      -7.270178734,      -4.549451311,      -6.017843695,     -0.9661589403,          63,      -6.015090568,              16,      -6.006677197,                6,      -6.801780148,     0.03051304227,      0.7635878728,               100,               100,               100,      0.1561387101,     0.08306876723,     -0.4494244148,                 0,                 0,                 0,     -0.4711204165,     0.08306876723,     -0.4494244148,                 0,      -5.410269465,  -3.527235805e-14,   7.086405118e-13,                 0
          0,           0,         147,      -6.905296719,      -5.829408036,      -6.237604278,      -4.045700387,      -7.282961751,      -4.562020804,      -6.022600212,     -0.9751997027,          63,      -6.020420176,              16,      -6.028862592,                6,      -6.815881719,     0.03051309252,      0.7635906909,               100,               100,               100,      0.1561387101,      0.0830689374,     -0.4494348949,                 0,                 0,                 0,     -0.4711293799,      0.0830689374,     -0.4494348949,                 0,      -5.410384543,  -1.256870006e-14,   7.107635802e-13,                 0
          0,           0,         148,      -6.924158839,      -5.850316625,      -6.259215793,      -4.064562508,      -7.296102396,      -4.576709148,      -6.027458221,     -0.9843744329,          63,       -6.02506785,              16,      -6.052482764,                6,       -6.83357764,     0.03051314558,      0.7635934509,               100,               100,               100,      0.1561387101,     0.08306911022,     -0.4494443511,                 0,                 0,                 0,     -0.4711378859,     0.08306911022,     -0.4494443511,                 0,      -5.410487122,  -2.114227461e-14,   6.972579179e-13,                 0
          0,           0,         149,      -6.945642911,       -5.87123215,      -6.282284683,      -4.086046579,      -7.309578834,      -4.593662455,       -6.03242397,     -0.9938530764,          63,      -6.028888968,              16,      -6.075685614,                6,      -6.854288503,     0.03051320231,       0.763596176,               100,               100,               100,      0.1561387101,     0.08306921379,     -0.4494528904,                 0,                 0,                 0,     -0.4711450918,     0.08306921379,     -0.4494528904,                 0,      -5.410583174,  -2.682497726e-14,   5.234814356e-13,                 0
          0,           0,         150,      -6.969945528,      -5.891915386,      -6.306746137,      -4.110349196,      -7.323362598,       -4.61303883,      -6.037503317,      -1.003475163,          63,      -6.031819495,              16,      -6.099516426,                6,      -6.877704802,      0.0305132632,      0.7635988802,               100,               100,               100,      0.1561387101,       0.083069342,     -0.4494604796,                 0,                 0,                 0,     -0.4711519485,       0.083069342,     -0.4494604796,                 0,      -5.410666183,  -1.802994718e-14,   5.460974108e-13,                 0
          0,           0,         151,      -6.997280879,       -5.91210413,         -6.332486,      -4.137684547,      -7.337412602,      -4.634998388,      -6.042700909,       -1.01286927,          63,      -6.033648412,              16,      -6.121734349,                6,      -6.903730082,     0.03051332832,      0.7636015662,               100,               100,               100,      0.1561387101,     0.08306942356,     -0.4494672743,                 0,                 0,                 0,     -0.4711576517,     0.08306942356,     -0.4494672743,                 0,      -5.410742665,  -2.130515791e-14,   4.859151819e-13,                 0
          0,           0,         152,      -7.027887813,      -5.931526597,      -6.359330195,      -4.168291481,      -7.351677342,      -4.660172397,      -6.048020953,      -1.023087992,          63,      -6.034140231,              16,      -6.143270924,                6,      -6.930944523,      0.0305133975,      0.7636042308,               100,               100,               100,      0.1561387101,     0.08306955207,     -0.4494732826,                 0,                 0,                 0,      -0.471163184,     0.08306955207,     -0.4494732826,                 0,      -5.410806625,   2.830347055e-15,   5.474608642e-13,                 0
          0,           0,         153,      -7.062026592,      -5.949918261,       -6.38702744,      -4.202430261,      -7.366106136,      -4.688074376,      -6.053466134,      -1.033804413,          63,      -6.032782835,              16,      -6.162157325,                6,      -6.959324299,     0.03051347027,       0.763606863,               100,               100,               100,      0.1561387101,     0.08306965554,     -0.4494786839,                 0,                 0,                 0,     -0.4711677573,     0.08306965554,     -0.4494786839,                 0,      -5.410864905,  -1.289543488e-14,   5.195195172e-13,                 0
          0,           0,         154,      -7.099979771,      -5.967044733,      -6.415237183,       -4.24038344,      -7.380633994,       -4.71899235,      -6.059037884,      -1.044790167,          63,      -6.028778071,              16,      -6.179979676,                6,       -6.98880147,     0.03051354605,      0.7636094484,               100,               100,               100,      0.1561387101,     0.08306982606,     -0.4494835069,                 0,                 0,                 0,     -0.4711723668,     0.08306982606,     -0.4494835069,                 0,      -5.410911859,  -2.010598065e-14,   5.532212628e-13,                 0
          0,           0,         155,      -7.142038662,      -5.982723837,      -6.443519877,       -4.28244233,      -7.395195557,      -4.753188738,      -6.064737172,      -1.056026618,          63,      -6.020611573,              16,      -6.193389611,                6,      -7.019069332,     0.03051362402,      0.7636119678,               100,               100,               100,      0.1561387101,     0.08306998991,     -0.4494879371,                 0,                 0,                 0,     -0.4711762249,     0.08306998991,     -0.4494879371,                 0,      -5.410954516,   5.312671962e-15,   4.883246761e-13,                 0
          0,           0,         156,      -7.188482636,      -5.996846861,      -6.471339144,      -4.328886305,      -7.409717398,      -4.790917851,      -6.070563713,      -1.068526292,          63,      -6.005919418,              16,      -6.203805935,                6,      -7.048980143,     0.03051370335,      0.7636144011,               100,               100,               100,      0.1561387101,     0.08307023681,     -0.4494920095,                 0,                 0,                 0,     -0.4711803272,     0.08307023681,     -0.4494920095,                 0,      -5.410987458,   3.596947091e-14,   5.870069232e-13,                 0
          0,           0,         157,      -7.239512474,       -6.00939134,      -6.498076261,      -4.379916142,      -7.424131721,      -4.832395663,      -6.076514227,      -1.081401518,          64,      -6.085543289,              16,       -6.20700014,                6,      -7.079217971,     0.03051378306,       0.763616725,               100,               100,               100,      0.1561387101,     0.08307049068,     -0.4494959045,                 0,                 0,                 0,     -0.4711838765,     0.08307049068,     -0.4494959045,                 0,      -5.411017809,    2.39139272e-15,   6.311201617e-13,                 0
          0,           0,         158,      -7.295125626,      -6.020426277,      -6.523072429,      -4.435529295,       -7.43836431,      -4.877801459,       -6.08258198,       -1.09459063,          64,      -6.053051909,              16,      -6.203309566,                6,      -7.109335062,     0.03051386218,      0.7636189175,               100,               100,               100,      0.1561387101,     0.08307083847,     -0.4494996542,                 0,                 0,                 0,     -0.4711878608,     0.08307083847,     -0.4494996542,                 0,      -5.411040293,   6.193391693e-15,   6.336671234e-13,                 0
          0,           0,         159,      -7.354839794,      -6.030103903,      -6.545694818,      -4.495243462,      -7.452352774,      -4.927182634,      -6.088758287,      -1.108523262,          64,      -6.016968545,              16,      -6.190532125,                6,      -7.138810027,     0.03051393969,      0.7636209549,               100,               100,               100,      0.1561387101,     0.08307120152,     -0.4495034265,                 0,                 0,                 0,     -0.4711914678,     0.08307120152,     -0.4495034265,                 0,      -5.411062056,  -2.239585054e-15,   6.576019332e-13,                 0
          0,           0,         160,      -7.417181989,      -6.038645498,      -6.565423107,      -4.557585657,      -7.466024345,      -4.980334007,      -6.095031543,      -1.123301846,          65,      -6.074488756,              16,      -6.172899646,                6,      -7.167410177,     0.03051401459,       0.763622816,               100,               100,               100,      0.1561387101,     0.08307166397,     -0.4495072444,                 0,                 0,                 0,     -0.4711956733,     0.08307166397,     -0.4495072444,                 0,      -5.411077893,  -6.046316642e-15,   6.111593849e-13,                 0
          0,           0,         161,      -7.478818862,       -6.04631799,      -6.581935479,       -4.61922253,      -7.479332928,      -5.036624141,      -6.101386904,      -1.138077935,          65,      -6.034986051,              16,      -6.147787709,                6,      -7.195759345,     0.03051408588,      0.7636244793,               100,               100,               100,      0.1561387101,     0.08307214471,     -0.4495112591,                 0,                 0,                 0,     -0.4711996464,     0.08307214471,     -0.4495112591,                 0,      -5.411094906,   2.942650708e-16,   5.652004018e-13,                 0
          0,           0,         162,      -7.533609796,      -6.053412709,      -6.595167712,      -4.674013465,      -7.492233825,      -5.094591247,      -6.107806842,      -1.153126132,          65,      -6.000293343,              16,      -6.096496049,                5,      -6.020173027,     0.03051415264,      0.7636259267,               100,               100,               100,      0.1561387101,     0.08307272529,     -0.4495154804,                 0,                 0,                 0,     -0.4712043481,     0.08307272529,     -0.4495154804,                 0,      -5.411107904,   4.007926117e-14,   5.725603125e-13,                 0
          0,           0,         163,      -7.572900078,      -6.060223019,      -6.605325587,      -4.713303746,      -7.504702908,      -5.151359632,      -6.114270698,      -1.168134235,          66,      -6.056707796,              16,      -6.033660919,                5,      -6.042944281,     0.03051421395,      0.7636271402,               100,               100,               100,      0.1561387101,     0.08307332243,     -0.4495200396,                 0,                 0,                 0,     -0.4712089276,     0.08307332243,     -0.4495200396,                 0,       -5.41112389,   3.140527497e-14,   6.678173194e-13,                 0
          0,           0,         164,      -7.589223194,      -6.067029694,      -6.612845345,      -4.729626863,      -7.516725049,      -5.202077676,      -6.120755142,      -1.183912692,          66,      -6.063510461,              17,       -6.30774346,                5,      -6.064981902,       0.030514269,      0.7636281062,               100,               100,               100,      0.1561387101,     0.08307401553,     -0.4495249312,                 0,                 0,                 0,     -0.4712143301,     0.08307401553,     -0.4495249312,                 0,      -5.411137627,   1.689650426e-14,   6.633827529e-13,                 0
          0,           0,         165,      -7.581862517,      -6.074087917,      -6.618315592,      -4.722266186,      -7.528309512,        -5.2405094,      -6.127233886,      -1.200071838,          65,       -6.01407194,              17,      -6.270532918,                5,      -6.086629142,     0.03051431701,      0.7636288115,               100,               100,               100,      0.1561387101,     0.08307471959,     -0.4495302651,                 0,                 0,                 0,     -0.4712196845,     0.08307471959,     -0.4495302651,                 0,      -5.411155973,   9.752606346e-15,   6.254761501e-13,                 0
          0,           0,         166,       -7.55747587,      -6.081622877,       -6.62238933,      -4.697879538,      -7.539474649,      -5.261286707,      -6.133680177,      -1.216960529,          65,      -6.060301659,              17,      -6.253578998,                5,       -6.10751418,     0.03051435733,      0.7636292476,               100,               100,               100,      0.1561387101,     0.08307551231,     -0.4495360193,                 0,                 0,                 0,     -0.4712259203,     0.08307551231,     -0.4495360193,                 0,      -5.411173604,   -4.00171655e-15,   5.871414807e-13,                 0
          0,           0,         167,      -7.524868602,      -6.089825602,      -6.625707298,       -4.66527227,      -7.550267888,      -5.263120243,      -6.140065095,      -1.234154605,          64,      -6.018593554,              17,      -6.255582945,                5,      -6.127986732,     0.03051438933,      0.7636294068,               100,               100,               100,      0.1561387101,      0.0830763075,     -0.4495422817,                 0,                 0,                 0,     -0.4712321468,      0.0830763075,     -0.4495422817,                 0,       -5.41119719,   6.082068838e-15,   5.894969211e-13,                 0
          0,           0,         168,      -7.490674373,      -6.098855384,      -6.628845826,      -4.631078042,       -7.56074098,      -5.249853052,      -6.146359545,      -1.251262411,          64,      -6.076593099,              17,      -6.276103181,                5,      -6.148540249,     0.03051441257,      0.7636292859,               100,               100,               100,      0.1561387101,     0.08307718168,     -0.4495490132,                 0,                 0,                 0,     -0.4712392782,     0.08307718168,     -0.4495490132,                 0,      -5.411221278,   3.878730784e-15,   5.489645727e-13,                 0
          0,           0,         169,       -7.45862931,      -6.108840173,      -6.632291505,      -4.599032978,      -7.570973688,      -5.227703898,      -6.152535076,      -1.268671318,          63,      -6.038290915,              17,      -6.305269979,                5,      -6.168778637,      0.0305144266,      0.7636288829,               100,               100,               100,      0.1561387101,     0.08307804796,     -0.4495562798,                 0,                 0,                 0,      -0.471246405,     0.08307804796,     -0.4495562798,                 0,       -5.41125232,   5.297863214e-15,   7.011912038e-13,                 0
          0,           0,         170,      -7.430434632,      -6.119881684,      -6.636433213,        -4.5708383,       -7.58105039,      -5.202294352,      -6.158563581,      -1.286016573,          62,      -6.003177491,              16,       -6.00389323,                5,       -6.18947633,     0.03051443118,      0.7636281999,               100,               100,               100,      0.1561387101,     0.08307898219,     -0.4495640253,                 0,                 0,                 0,     -0.4712544273,     0.08307898219,     -0.4495640253,                 0,      -5.411284701,  -2.918822343e-15,   7.057475911e-13,                 0
          0,           0,         171,      -7.406686626,      -6.132057078,      -6.641568988,      -4.547090294,      -7.591070911,      -5.177318545,        -6.1644191,      -1.303663589,          62,      -6.053577263,              16,      -6.039032028,                5,      -6.208214527,     0.03051442608,      0.7636272401,               100,               100,               100,      0.1561387101,     0.08307989724,     -0.4495722942,                 0,                 0,                 0,      -0.471262418,     0.08307989724,     -0.4495722942,                 0,       -5.41132463,  -1.393865768e-14,    6.47796882e-13,                 0
          0,           0,         172,      -7.387432927,      -6.145424215,      -6.647918506,      -4.527836595,      -7.601136577,      -5.154853472,      -6.170078458,       -1.32176526,          62,      -6.100165999,              16,      -6.074688393,                5,      -6.227080722,     0.03051441125,      0.7636260106,               100,               100,               100,      0.1561387101,     0.08308086876,     -0.4495810143,                 0,                 0,                 0,      -0.471271264,     0.08308086876,     -0.4495810143,                 0,      -5.411366312,   -5.44159514e-15,   6.274362075e-13,                 0
          0,           0,         173,      -7.372492906,       -6.16002313,      -6.655636176,      -4.512896574,      -7.611355764,       -5.13583858,      -6.175522152,      -1.340065244,          61,      -6.037153589,              16,      -6.106348166,                5,      -6.246162188,     0.03051438668,      0.7636245195,               100,               100,               100,      0.1561387101,     0.08308180985,     -0.4495902101,                 0,                 0,                 0,     -0.4712800226,     0.08308180985,     -0.4495902101,                 0,      -5.411415698,  -7.834692523e-15,    6.74083458e-13,                 0
          0,           0,         174,      -7.361589296,      -6.175880484,      -6.664825114,      -4.501992965,      -7.621844628,      -5.120647011,      -6.180735972,      -1.358978948,          61,      -6.075549268,              16,       -6.13716364,                5,      -6.264520415,     0.03051435251,      0.7636227783,               100,               100,               100,      0.1561387101,     0.08308279635,     -0.4495997948,                 0,                 0,                 0,     -0.4712895698,     0.08308279635,     -0.4495997948,                 0,      -5.411466808,   6.557725739e-15,   5.959250604e-13,                 0
          0,           0,         175,       -7.35443419,      -6.193010346,       -6.67554714,      -4.494837859,      -7.632714227,      -5.109284126,      -6.185707814,      -1.378586363,          60,       -6.01621421,              16,      -6.163662252,                5,      -6.282274201,     0.03051430893,      0.7636207989,               100,               100,               100,      0.1561387101,     0.08308374202,     -0.4496097753,                 0,                 0,                 0,     -0.4712989498,     0.08308374202,     -0.4496097753,                 0,       -5.41152534,  -1.333611541e-14,   6.225766639e-13,                 0
          0,           0,         176,      -7.350742948,      -6.211417647,      -6.687834307,      -4.491146617,      -7.644067742,      -5.101636607,      -6.190432619,      -1.398318838,          60,      -6.049313296,              16,       -6.18908448,                5,      -6.299816283,     0.03051425627,      0.7636185964,               100,               100,               100,      0.1561387101,     0.08308472328,     -0.4496200537,                 0,                 0,                 0,     -0.4713090305,     0.08308472328,     -0.4496200537,                 0,      -5.411585139,  -4.391587822e-15,   6.142842315e-13,                 0
          0,           0,         177,      -7.350262661,      -6.231098535,       -6.70169587,       -4.49066633,      -7.656008578,      -5.097497759,      -6.194910388,      -1.418672518,          60,      -6.079359236,              16,      -6.210809588,                5,      -6.316551032,     0.03051419489,      0.7636161859,               100,               100,               100,      0.1561387101,     0.08308565486,     -0.4496306232,                 0,                 0,                 0,     -0.4713188465,     0.08308565486,     -0.4496306232,                 0,      -5.411651674,  -1.546468274e-14,   5.800205285e-13,                 0
          0,           0,         178,      -7.352757257,      -6.252042991,      -6.717123586,      -4.493160925,      -7.668628834,      -5.096642123,      -6.199146236,      -1.439734343,          59,      -6.023602095,              16,       -6.23126362,                5,      -6.332340014,     0.03051412526,      0.7636135851,               100,               100,               100,      0.1561387101,     0.08308661405,     -0.4496413782,                 0,                 0,                 0,     -0.4713292614,     0.08308661405,     -0.4496413782,                 0,      -5.411718642,   4.894308575e-15,   5.640425362e-13,                 0
          0,           0,         179,      -7.358025297,      -6.274234919,        -6.7340963,      -4.498428965,      -7.682016673,      -5.098773331,      -6.203149353,      -1.461654044,          59,      -6.049361004,              16,       -6.24905977,                5,      -6.346886514,     0.03051404788,      0.7636108109,               100,               100,               100,      0.1561387101,     0.08308751677,     -0.4496523026,                 0,                 0,                 0,      -0.471339304,     0.08308751677,     -0.4496523026,                 0,      -5.411791327,  -3.274078136e-14,   5.358303676e-13,                 0
          0,           0,         180,      -7.365878592,      -6.297652925,      -6.752583676,       -4.50628226,      -7.696247528,       -5.10388188,       -6.20693457,      -1.484518132,          59,      -6.073148975,              16,      -6.264883737,                5,      -6.360193526,     0.03051396336,      0.7636078824,               100,               100,               100,      0.1561387101,     0.08308844129,     -0.4496632881,                 0,                 0,                 0,      -0.471349837,     0.08308844129,     -0.4496632881,                 0,      -5.411863325,  -1.707377668e-14,   6.374883912e-13,                 0
          0,           0,         181,      -7.376158722,      -6.322271536,      -6.772547753,       -4.51656239,      -7.711390827,       -5.11172997,      -6.210520932,       -1.50783673,          58,      -6.001415863,              16,      -6.279012937,                5,      -6.372730874,     0.03051387227,      0.7636048177,               100,               100,               100,      0.1561387101,     0.08308930471,     -0.4496743141,                 0,                 0,                 0,     -0.4713598876,     0.08308930471,     -0.4496743141,                 0,      -5.411939788,  -1.159919572e-14,   5.284532546e-13,                 0
          0,           0,         182,      -7.388714537,      -6.348061547,      -6.793945356,      -4.529118206,      -7.727503454,      -5.121093443,      -6.213930708,      -1.531234584,          58,       -6.01902977,              16,      -6.291109457,                5,      -6.384944711,      0.0305137753,      0.7636016363,               100,               100,               100,      0.1561387101,     0.08309018628,     -0.4496852741,                 0,                 0,                 0,     -0.4713703213,     0.08309018628,     -0.4496852741,                 0,      -5.412014274,  -2.182426241e-15,   7.983090687e-13,                 0
          0,           0,         183,      -7.403420602,      -6.374990844,        -6.8167294,       -4.54382427,      -7.744636502,      -5.132953665,      -6.217189183,      -1.555188538,          58,      -6.033558331,              16,      -6.302420459,                5,      -6.395905283,     0.03051367309,      0.7635983559,               100,               100,               100,      0.1561387101,     0.08309100423,     -0.4496961484,                 0,                 0,                 0,     -0.4713801679,     0.08309100423,     -0.4496961484,                 0,       -5.41209187,   4.906854273e-15,   5.970566721e-13,                 0
          0,           0,         184,      -7.420152597,      -6.403023762,      -6.840849915,      -4.560556266,       -7.76282156,      -5.147382471,      -6.220323474,      -1.580078504,          58,      -6.047117567,              16,      -6.309124776,                5,      -6.405593082,     0.03051356632,      0.7635949956,               100,               100,               100,      0.1561387101,     0.08309183868,     -0.4497068381,                 0,                 0,                 0,     -0.4713903001,     0.08309183868,     -0.4497068381,                 0,      -5.412166167,   1.063134141e-14,   6.192503176e-13,                 0
          0,           0,         185,      -7.438809619,      -6.432122959,       -6.86625636,      -4.579213287,      -7.782108913,      -5.164083941,      -6.223362549,      -1.605358768,          58,      -6.057549288,              16,      -6.316684087,                5,       -6.41481518,     0.03051345566,      0.7635915722,               100,               100,               100,      0.1561387101,     0.08309260887,     -0.4497173289,                 0,                 0,                 0,     -0.4713997538,     0.08309260887,     -0.4497173289,                 0,      -5.412242256,   5.202701315e-15,    8.39056014e-13,                 0
          0,           0,         186,      -7.459287161,      -6.462247295,      -6.892891772,       -4.59969083,      -7.802515692,      -5.182890582,      -6.226335041,      -1.631940482,          58,      -6.067398064,              16,      -6.318464068,                5,      -6.422595154,     0.03051334178,       0.763588103,               100,               100,               100,      0.1561387101,     0.08309339556,     -0.4497275338,                 0,                 0,                 0,     -0.4714094124,     0.08309339556,     -0.4497275338,                 0,      -5.412313828,   -5.37109834e-15,   6.107351848e-13,                 0
          0,           0,         187,      -7.481501828,      -6.493355286,      -6.920702577,      -4.621905496,      -7.824056209,      -5.203663106,      -6.229269988,      -1.659712997,          58,      -6.073942175,              16,      -6.322988357,                5,      -6.429039456,     0.03051322529,       0.763584603,               100,               100,               100,      0.1561387101,     0.08309411873,     -0.4497374483,                 0,                 0,                 0,     -0.4714183208,     0.08309411873,     -0.4497374483,                 0,      -5.412386041,   1.128565289e-14,   6.355899561e-13,                 0
          0,           0,         188,      -7.505362563,       -6.52540093,      -6.949633648,      -4.645766231,       -7.84674269,      -5.226294016,       -6.23220019,      -1.688313471,          58,      -6.080263686,              16,      -6.319845179,                5,      -6.434643197,     0.03051310683,      0.7635810875,               100,               100,               100,      0.1561387101,     0.08309485953,     -0.4497469997,                 0,                 0,                 0,     -0.4714273744,     0.08309485953,     -0.4497469997,                 0,      -5.412452735,   2.953531843e-14,   6.975144489e-13,                 0
          0,           0,         189,      -7.530799091,      -6.558339631,      -6.979629229,      -4.671202759,       -7.87057513,      -5.250676957,       -6.23515342,      -1.717572767,          58,       -6.08301717,              16,      -6.321681048,                5,      -6.438834968,     0.03051298694,      0.7635775692,               100,               100,               100,      0.1561387101,     0.08309553831,     -0.4497561951,                 0,                 0,                 0,     -0.4714356282,     0.08309553831,     -0.4497561951,                 0,      -5.412519182,  -1.017189716e-14,   6.474236507e-13,                 0
          0,           0,         190,      -7.557730045,       -6.59212106,      -7.010632894,      -4.698133713,      -7.895555643,      -5.276721947,       -6.23815652,      -1.747874553,          58,      -6.085911549,              16,      -6.313593821,                5,      -6.442206795,     0.03051286618,      0.7635740606,               100,               100,               100,      0.1561387101,     0.08309623624,     -0.4497649767,                 0,                 0,                 0,     -0.4714439895,     0.08309623624,     -0.4497649767,                 0,      -5.412579403,   2.456754684e-14,   6.320229651e-13,                 0
          0,           0,         191,      -7.586095637,       -6.62669863,      -7.042588918,      -4.726499305,      -7.921670012,      -5.304341611,      -6.241235433,      -1.778988586,          58,      -6.084917264,              16,      -6.313266266,                5,      -6.444797271,       0.030512745,       0.763570572,               100,               100,               100,      0.1561387101,     0.08309687369,     -0.4497733629,                 0,                 0,                 0,     -0.4714515225,     0.08309687369,     -0.4497733629,                 0,      -5.412638803,   3.515631638e-15,   5.690529795e-13,                 0
          0,           0,         192,       -7.61582115,      -6.662018257,      -7.075441433,      -4.756224819,      -7.948912693,       -5.33345348,      -6.244414169,      -1.810992577,          58,      -6.084455744,              16,      -6.300400159,                5,      -6.446436874,     0.03051262388,      0.7635671134,               100,               100,               100,      0.1561387101,     0.08309753154,       -0.44978131,                 0,                 0,                 0,     -0.4714591451,     0.08309753154,       -0.44978131,                 0,      -5.412691589,   1.565618829e-14,   7.003564432e-13,                 0
          0,           0,         193,      -7.646855329,      -6.698032895,      -7.109136395,      -4.787258998,      -7.977255405,      -5.363985124,      -6.247715289,      -1.843756689,          58,      -6.079770606,              16,       -6.29859209,                5,      -6.447241328,     0.03051250317,      0.7635636925,               100,               100,               100,      0.1561387101,     0.08309812993,     -0.4497888454,                 0,                 0,                 0,     -0.4714659284,     0.08309812993,     -0.4497888454,                 0,      -5.412743293,   3.113043963e-14,   5.510028802e-13,                 0
          0,           0,         194,      -7.679127901,      -6.734685494,       -7.14362009,      -4.819531569,       -8.00668745,      -5.395854267,      -6.251158971,      -1.877394121,          58,      -6.076080553,              16,      -6.281214148,                5,      -6.447050222,     0.03051238326,      0.7635603172,               100,               100,               100,      0.1561387101,     0.08309874921,     -0.4497959368,                 0,                 0,                 0,     -0.4714727985,     0.08309874921,     -0.4497959368,                 0,      -5.412788292,   1.814337269e-14,      5.462425e-13,                 0
          0,           0,         195,      -7.712595059,      -6.771930635,      -7.178842188,      -4.852998728,      -8.037165547,      -5.429002462,      -6.254763796,      -1.911930778,          58,      -6.067876114,              16,      -6.278657536,                5,      -6.445853631,     0.03051226444,       0.763556993,               100,               100,               100,      0.1561387101,     0.08309930916,      -0.449802618,                 0,                 0,                 0,     -0.4714788308,     0.08309930916,      -0.449802618,                 0,      -5.412832219,  -1.499971382e-14,   4.881359826e-13,                 0
          0,           0,         196,      -7.747189469,      -6.809709295,      -7.214753259,      -4.887593138,      -8.068676341,      -5.463340693,      -6.258546092,       -1.94731385,          58,      -6.061266153,              16,      -6.257018543,                5,      -6.443676343,       0.030512147,      0.7635537259,               100,               100,               100,      0.1561387101,     0.08309988955,     -0.4498088645,                 0,                 0,                 0,     -0.4714849567,     0.08309988955,     -0.4498088645,                 0,      -5.412869583,   1.140758289e-14,   5.100136503e-13,                 0
          0,           0,         197,      -7.782874772,      -6.847980345,      -7.251309389,       -4.92327844,      -8.101158879,      -5.498826352,      -6.262520429,      -1.983450417,          58,      -6.049963617,              16,      -6.254393543,                5,       -6.44055824,     0.03051203118,      0.7635505198,               100,               100,               100,      0.1561387101,     0.08310040979,     -0.4498147132,                 0,                 0,                 0,     -0.4714902533,     0.08310040979,     -0.4498147132,                 0,      -5.412906078,   1.713665326e-14,   5.858167577e-13,                 0
          0,           0,         198,      -7.819585757,      -6.886683701,      -7.288468037,      -4.959989425,      -8.134597274,      -5.535353816,      -6.266699304,      -2.020461608,          58,      -6.041077321,              16,      -6.228696645,                5,      -6.436593263,     0.03051191721,      0.7635473796,               100,               100,               100,      0.1561387101,     0.08310094915,     -0.4498201447,                 0,                 0,                 0,      -0.471495655,     0.08310094915,     -0.4498201447,                 0,      -5.412936306,   1.330936379e-14,   5.857343233e-13,                 0
          0,           0,         199,      -7.857294662,      -6.925785499,      -7.326195675,       -4.99769833,      -8.168915304,       -5.57290563,      -6.271093805,      -2.057723408,          58,      -6.027472799,              16,      -6.226644991,                5,      -6.431637987,     0.03051180527,       0.763544308,               100,               100,               100,      0.1561387101,     0.08310142681,     -0.4498251961,                 0,                 0,                 0,     -0.4715002386,     0.08310142681,     -0.4498251961,                 0,      -5.412965979,   1.654404203e-14,   8.032935434e-13,                 0
          0,           0,         200,      -7.895938462,      -6.965224922,      -7.364457814,       -5.03634213,      -8.204100534,      -5.611352222,      -6.275712928,      -2.096043415,          58,      -6.017380086,              16,      -6.196938578,                5,      -6.425594288,     0.03051169556,      0.7635413089,               100,               100,               100,      0.1561387101,     0.08310192171,     -0.4498298503,                 0,                 0,                 0,     -0.4715049397,     0.08310192171,     -0.4498298503,                 0,      -5.412989749,   2.728684114e-15,   8.189116825e-13,                 0
          0,           0,         201,      -7.935500633,      -7.004978013,       -7.40323393,      -5.075904302,      -8.240042065,      -5.650700859,      -6.280564526,      -2.134721683,          58,      -6.002654513,              16,      -6.196084097,                5,      -6.419015939,     0.03051158822,      0.7635383848,               100,               100,               100,      0.1561387101,     0.08310235296,     -0.4498341429,                 0,                 0,                 0,     -0.4715088336,     0.08310235296,     -0.4498341429,                 0,      -5.413013313,   2.526176577e-14,    6.61532353e-13,                 0
          0,           0,         202,      -7.975921171,      -7.044981758,      -7.442503862,      -5.116324839,      -8.276737873,      -5.690128812,      -6.285654559,      -2.174516016,          59,      -6.109177441,              16,      -6.162794277,                5,      -6.410767145,     0.03051148344,       0.763535539,               100,               100,               100,      0.1561387101,     0.08310279941,     -0.4498380576,                 0,                 0,                 0,     -0.4715128564,     0.08310279941,     -0.4498380576,                 0,       -5.41303134,    3.22550802e-14,   6.848234619e-13,                 0
          0,           0,         203,      -8.017198557,      -7.085223759,      -7.482262812,      -5.157602226,      -8.314039232,      -5.729329832,      -6.290988112,      -2.215241947,          59,      -6.095989625,              16,      -6.165381194,                5,      -6.400917284,     0.03051138134,      0.7635327737,               100,               100,               100,      0.1561387101,     0.08310318031,     -0.4498416278,                 0,                 0,                 0,     -0.4715160815,     0.08310318031,     -0.4498416278,                 0,       -5.41304949,   2.431836728e-14,   6.452269467e-13,                 0
          0,           0,         204,      -8.059277737,      -7.125634462,      -7.522504315,      -5.199681406,      -8.351957552,      -5.769655852,      -6.296568577,      -2.256780974,          59,      -6.093141955,              16,      -6.127615392,                5,      -6.389140866,     0.03051128208,       0.763530092,               100,               100,               100,      0.1561387101,     0.08310357457,     -0.4498448376,                 0,                 0,                 0,     -0.4715194458,     0.08310357457,     -0.4498448376,                 0,      -5.413062433,   1.977717737e-14,   6.367358196e-13,                 0
          0,           0,         205,      -8.102178297,      -7.166212269,      -7.563242248,      -5.242581966,      -8.390291994,      -5.810995063,      -6.302398699,      -2.299104601,          59,      -6.078810676,              16,      -6.132036482,                5,      -6.375395442,     0.03051118576,      0.7635274959,               100,               100,               100,      0.1561387101,     0.08310390174,     -0.4498477178,                 0,                 0,                 0,     -0.4715220211,     0.08310390174,     -0.4498477178,                 0,      -5.413075781,   5.902600469e-15,   8.460524888e-13,                 0
          0,           0,         206,      -8.145852297,      -7.206872234,       -7.60448439,      -5.286255966,      -8.429074888,      -5.852908091,      -6.308479709,      -2.342253126,          59,      -6.069341748,              16,      -6.087993979,                5,      -6.359221854,     0.03051109254,      0.7635249885,               100,               100,               100,      0.1561387101,     0.08310424097,     -0.4498502535,                 0,                 0,                 0,     -0.4715247453,     0.08310424097,     -0.4498502535,                 0,      -5.413084198,   1.217035247e-14,   6.501133469e-13,                 0
          0,           0,         207,      -8.190348269,       -7.24761977,      -7.646264069,      -5.330751937,      -8.468034159,      -5.895530462,      -6.314812417,      -2.386220851,          59,      -6.055044455,              16,      -6.096041751,                5,      -6.340768737,      0.0305110025,      0.7635225715,               100,               100,               100,      0.1561387101,      0.0831045122,     -0.4498524737,                 0,                 0,                 0,     -0.4715266896,      0.0831045122,     -0.4498524737,                 0,      -5.413093247,   2.866693616e-14,   5.817677259e-13,                 0
          0,           0,         208,       -8.23562763,      -7.288340027,      -7.688600833,      -5.376031298,      -8.507233282,      -5.938433338,       -6.32139627,       -2.43106529,          59,      -6.048460175,              16,      -6.044670943,                5,      -6.319682987,     0.03051091579,      0.7635202478,               100,               100,               100,      0.1561387101,     0.08310479486,      -0.449854365,                 0,                 0,                 0,     -0.4715287938,     0.08310479486,      -0.449854365,                 0,      -5.413097593,  -1.633892539e-14,   6.952258532e-13,                 0
          0,           0,         209,      -8.281777721,      -7.329038174,      -7.731545756,      -5.422181389,      -8.546304333,      -5.981917066,      -6.328230486,      -2.476859572,          59,      -6.034253947,              16,       -6.05771627,                5,      -6.296269246,     0.03051083248,      0.7635180187,               100,               100,               100,      0.1561387101,     0.08310500935,     -0.4498559552,                 0,                 0,                 0,      -0.471530129,     0.08310500935,     -0.4498559552,                 0,      -5.413102757,  -8.126556175e-15,   8.527751348e-13,                 0
          0,           0,         210,      -8.328770425,      -7.369548986,        -7.7751237,      -5.469174093,      -8.585356057,      -6.025419956,      -6.335313052,        -2.5232482,          59,      -6.027908198,              17,       -6.32115092,                5,      -6.270652924,     0.03051075268,      0.7635158869,               100,               100,               100,      0.1561387101,      0.0831052354,     -0.4498572332,                 0,                 0,                 0,     -0.4715316374,      0.0831052354,     -0.4498572332,                 0,      -5.413103411,   -1.56120127e-15,   6.468441446e-13,                 0
          0,           0,         211,      -8.376743858,      -7.409867841,       -7.81939756,      -5.517147526,      -8.623896025,      -6.069420124,      -6.342641889,      -2.570481442,          59,      -6.012603654,              16,      -6.016815487,                5,      -6.243124585,     0.03051067645,      0.7635138532,               100,               100,               100,      0.1561387101,     0.08310539384,     -0.4498582264,                 0,                 0,                 0,     -0.4715323909,     0.08310539384,     -0.4498582264,                 0,      -5.413105042,  -6.109489779e-16,   7.502823002e-13,                 0
          0,           0,         212,      -8.425678433,      -7.449754698,      -7.864384633,      -5.566082101,      -8.662098334,      -6.113152748,      -6.350213785,       -2.61865897,          59,      -6.005424741,              17,      -6.267992897,                5,      -6.213335472,     0.03051060386,      0.7635119195,               100,               100,               100,      0.1561387101,      0.0831055647,     -0.4498589265,                 0,                 0,                 0,     -0.4715333347,      0.0831055647,     -0.4498589265,                 0,      -5.413102337,   3.062929754e-15,   6.549108863e-13,                 0
          0,           0,         213,       -8.47577716,      -7.489187419,       -7.91014611,      -5.616180828,      -8.699318235,      -6.157328608,      -6.358025611,      -2.667831792,          60,      -6.079577762,              17,      -6.298132265,                5,      -6.181770784,     0.03051053495,      0.7635100863,               100,               100,               100,      0.1561387101,     0.08310566921,      -0.449859361,                 0,                 0,                 0,     -0.4715335412,     0.08310566921,      -0.449859361,                 0,      -5.413100758,  -2.108600335e-14,   6.493736959e-13,                 0
          0,           0,         214,      -8.527020365,      -7.527829457,      -7.956667468,      -5.667424034,       -8.73582434,      -6.200897321,       -6.36607318,      -2.717686447,          60,      -6.070501343,              17,      -6.211841051,                5,      -6.148589439,     0.03051046977,      0.7635083547,               100,               100,               100,      0.1561387101,     0.08310578762,     -0.4498595242,                 0,                 0,                 0,     -0.4715339587,     0.08310578762,     -0.4498595242,                 0,      -5.413095009,  -2.603310113e-14,   7.130436418e-13,                 0
          0,           0,         215,      -8.579691396,      -7.565644756,      -8.003981634,      -5.720095065,      -8.770802527,      -6.244869329,      -6.374352508,      -2.768090569,          60,      -6.049819899,              17,      -6.252122582,                5,      -6.114268184,     0.03051040831,      0.7635067243,               100,               100,               100,      0.1561387101,     0.08310584153,     -0.4498594439,                 0,                 0,                 0,     -0.4715336603,     0.08310584153,     -0.4498594439,                 0,      -5.413090532,   1.810878038e-15,   5.641080213e-13,                 0
          0,           0,         216,      -8.633746802,      -7.602195161,      -8.051998023,      -5.774150471,       -8.80465653,      -6.287803419,      -6.382858612,      -2.819385312,          60,      -6.043155968,              17,       -6.15368496,                5,       -6.07811922,     0.03051035059,      0.7635051955,               100,               100,               100,      0.1561387101,     0.08310591139,     -0.4498591172,                 0,                 0,                 0,     -0.4715335971,     0.08310591139,     -0.4498591172,                 0,       -5.41308205,   1.650748076e-14,   6.069007432e-13,                 0
          0,           0,         217,      -8.689562552,      -7.637460302,      -8.100670658,       -5.82996622,      -8.836410138,      -6.331086728,      -6.391586816,      -2.871265629,          60,       -6.01364221,              17,      -6.204117304,                5,      -6.041046426,     0.03051029658,      0.7635037671,               100,               100,               100,      0.1561387101,     0.08310591907,     -0.4498585718,                 0,                 0,                 0,     -0.4715328427,     0.08310591907,     -0.4498585718,                 0,      -5.413074987,   7.391798654e-15,   6.295855828e-13,                 0
          0,           0,         218,      -8.747011731,      -7.670930202,      -8.149756514,        -5.8874154,      -8.866651828,      -6.372759161,      -6.400531486,      -2.923756414,          61,      -6.096921263,              17,      -6.095070074,                5,      -6.002466873,     0.03051024626,      0.7635024388,               100,               100,               100,      0.1561387101,      0.0831059452,     -0.4498578072,                 0,                 0,                 0,     -0.4715323505,      0.0831059452,     -0.4498578072,                 0,      -5.413064085,  -6.639782388e-15,   5.913530127e-13,                 0
          0,           0,         219,      -8.806553511,      -7.702666544,      -8.199044748,      -5.946957179,        -8.8942847,      -6.414664107,      -6.409687386,      -2.976376485,          61,      -6.068058131,              17,      -6.154631976,                6,      -7.034024825,     0.03051019957,      0.7635012084,               100,               100,               100,      0.1561387101,      0.0831059119,     -0.4498568507,                 0,                 0,                 0,      -0.471531194,      0.0831059119,     -0.4498568507,                 0,      -5.413054744,  -2.381185135e-15,   5.834100573e-13,                 0
          0,           0,         220,      -8.867824853,      -7.732158682,      -8.248023991,      -6.008228522,      -8.920126077,      -6.454181759,      -6.419048352,      -3.029107212,          61,      -6.048771687,              17,      -6.038162246,                6,      -6.994200173,     0.03051015645,      0.7635000749,               100,               100,               100,      0.1561387101,     0.08310589988,     -0.4498557039,                 0,                 0,                 0,     -0.4715303289,     0.08310589988,     -0.4498557039,                 0,      -5.413041728,   1.236799439e-14,   7.914064559e-13,                 0
          0,           0,         221,       -8.93127318,      -7.759638703,       -8.29620325,      -6.071676848,      -8.943028049,      -6.493693951,      -6.428608692,      -3.081138567,          61,      -6.016984287,              17,      -6.105308741,                6,      -6.955197956,     0.03051011682,      0.7634990354,               100,               100,               100,      0.1561387101,     0.08310583146,     -0.4498543934,                 0,                 0,                 0,     -0.4715288283,     0.08310583146,     -0.4498543934,                 0,      -5.413030416,   2.132860778e-14,   6.436848553e-13,                 0
          0,           0,         222,      -8.995902475,      -7.784679638,      -8.342692668,      -6.136306143,      -8.964047862,       -6.52981613,      -6.438361801,      -3.132311542,          62,      -6.102170539,              18,      -6.300817072,                6,      -6.916792713,     0.03051008059,      0.7634980881,               100,               100,               100,      0.1561387101,     0.08310578742,     -0.4498529227,                 0,                 0,                 0,     -0.4715276494,     0.08310578742,     -0.4498529227,                 0,      -5.413015587,  -2.056677508e-14,   5.745377971e-13,                 0
          0,           0,         223,      -9.061788873,      -7.807743365,      -8.386682549,      -6.202192541,      -8.982060206,      -6.565548064,      -6.448301617,      -3.181355569,          62,      -6.066378298,              17,      -6.059027025,                6,      -6.880537123,     0.03051004765,      0.7634972294,               100,               100,               100,      0.1561387101,      0.0831056902,     -0.4498513172,                 0,                 0,                 0,     -0.4715258646,      0.0831056902,     -0.4498513172,                 0,      -5.413002601,  -2.206076744e-14,   5.995165932e-13,                 0
