"Time_Iter","Outer_Iter","Inner_Iter",     "rms[P]"     ,     "rms[U]"     ,     "rms[V]"     ,     "rms[T]"     ,     "rms[k]"     ,     "rms[w]"     ,    "rms[LM_1]"   ,    "rms[LM_2]"   ,"LinSolIter",    "LinSolRes"   ,"LinSolIterTurb",  "LinSolResTurb" ,"LinSolIterTrans", "LinSolResTrans" ,     "Min DT"     ,     "Max DT"     ,     "Min CFL"    ,     "Max CFL"    ,     "Avg CFL"    ,    "RefForce"    ,       "CD"       ,       "CL"       ,       "CSF"      ,       "CMx"      ,       "CMy"      ,       "CMz"      ,       "CFx"      ,       "CFy"      ,       "CFz"      ,      "CEff"      ,       "HF"       ,      "maxHF"     ,      "Temp"      
          0,           0,           0,      -3.932632572,      -17.92145976,      -21.34417712,       -1.07303624,      -3.947490382,       1.137588916,      -4.162509608,      -2.076543183,          13,      -6.063731959,               5,      -6.806852104,                6,      -6.530360318,    0.001140630883,      0.1038965785,                11,                11,                11,     0.07223624925,       1.556851957,      -3.064274528,                 0,                 0,                 0,      -5.549495675,       1.556851957,      -3.064274528,                 0,      -1.968250425,     1.4667304e-05,    0.001209066175,                 0
          0,           0,           1,      -4.112886037,      -3.901252165,      -4.064988859,      -1.253289706,       -4.42064682,      0.6715832087,       -4.53189146,      0.1960766701,         100,       -5.46778555,               5,       -6.38084587,                4,      -6.123583854,     0.00110596808,     0.09989256572,              12.1,              12.1,              12.1,     0.07223624925,       1.481395268,       -2.88526051,                 0,                 0,                 0,      -5.183703221,       1.481395268,       -2.88526051,                 0,      -1.947664186,   9.707449386e-07,   9.492573635e-05,                 0
          0,           0,           2,      -4.307387158,      -4.081599877,      -4.097654674,      -1.447790826,       -4.81713928,      0.2838459353,      -4.612027564,      0.3098592512,         100,      -5.390889146,               6,      -7.134636349,                4,       -6.13398772,    0.001155338922,       0.104024607,             13.31,             13.31,             13.31,     0.07223624925,       1.160983726,      -2.348599033,                 0,                 0,                 0,      -4.158331023,       1.160983726,      -2.348599033,                 0,      -2.022938807,   1.508369992e-06,   8.072602903e-05,                 0
          0,           0,           3,      -4.451380499,      -4.191892345,      -4.139330045,      -1.591784168,      -5.142505237,    -0.03280831627,       -4.80858095,      0.3647246292,         100,      -5.211627389,               6,      -6.887009355,                4,       -6.20876293,    0.001147667947,       0.102744576,            14.641,            14.641,            14.641,     0.07223624925,      0.9147165351,      -2.020865947,                 0,                 0,                 0,       -3.49060269,      0.9147165351,      -2.020865947,                 0,      -2.209281093,   1.315009145e-06,   7.781757694e-05,                 0
          0,           0,           4,      -4.536784939,       -4.26267951,      -4.176124437,      -1.677188607,      -5.397145493,      -0.280146275,      -4.951345342,      0.3959074677,         100,      -5.742139337,               6,      -6.637701876,                4,      -6.253971749,    0.001207592704,      0.1078603843,           16.1051,           16.1051,           16.1051,     0.07223624925,       0.837989696,      -2.095834402,                 0,                 0,                 0,      -3.504758721,       0.837989696,      -2.095834402,                 0,      -2.501026459,   1.802717674e-06,   6.183068888e-05,                 0
          0,           0,           5,      -4.593664012,      -4.298394401,       -4.19579526,       -1.73406768,      -5.604397154,     -0.4821229246,      -5.019565193,      0.4264911744,         100,      -5.157560816,               6,      -6.431911172,                4,      -6.305350172,    0.001274228042,      0.1135775159,          17.71561,          17.71561,          17.71561,     0.07223624925,      0.8569457039,      -2.402268161,                 0,                 0,                 0,      -3.892812166,      0.8569457039,      -2.402268161,                 0,      -2.803290979,   1.852929332e-06,   6.558412355e-05,                 0
          0,           0,           6,      -4.632901107,      -4.316040512,      -4.206013666,      -1.773304774,      -5.777016315,      -0.651040121,      -5.046929752,      0.4588901918,         100,      -5.180712957,               6,      -6.240680055,                4,      -6.356336828,    0.001359770421,      0.1210267648,         19.487171,         19.487171,         19.487171,     0.07223624925,      0.8797279785,      -2.665940954,                 0,                 0,                 0,      -4.222985033,      0.8797279785,      -2.665940954,                 0,      -3.030415105,   1.881374497e-06,    5.50570634e-05,                 0
          0,           0,           7,      -4.663929817,      -4.321968662,      -4.208593679,      -1.804333485,      -5.926523373,     -0.7970823496,      -5.046295665,      0.5208295184,         100,      -5.200829313,               6,      -6.057203864,                4,      -6.437112045,    0.001463836407,      0.1301586257,        21.4358881,        21.4358881,        21.4358881,     0.07223624925,       0.869053299,      -2.745166816,                 0,                 0,                 0,      -4.300679016,       0.869053299,      -2.745166816,                 0,      -3.158801444,   1.979078393e-06,   4.898532115e-05,                 0
          0,           0,           8,      -4.690096652,      -4.321885294,      -4.207324804,       -1.83050032,      -6.059304396,     -0.9271282768,      -5.029120786,      0.6142497079,         100,      -5.052938245,               7,      -6.681479897,                4,      -6.552237439,    0.001593103698,       0.141583386,       23.57947691,       23.57947691,       23.57947691,     0.07223624925,      0.8307450781,      -2.665836759,                 0,                 0,                 0,      -4.169320242,      0.8307450781,      -2.665836759,                 0,      -3.208970874,   1.915191155e-06,   4.646890338e-05,                 0
          0,           0,           9,      -4.709887649,      -4.317477928,      -4.205133791,      -1.850291318,      -6.179825734,      -1.046210582,        -4.9974096,      0.6103936054,         100,      -5.186883459,               7,      -6.487247961,                4,      -6.589213314,    0.001750502479,      0.1555641227,        25.9374246,        25.9374246,        25.9374246,     0.07223624925,      0.7788689091,      -2.514195136,                 0,                 0,                 0,      -3.937895774,      0.7788689091,      -2.514195136,                 0,      -3.228008085,    1.65630915e-06,   4.304682652e-05,                 0
          0,           0,          10,      -4.722575408,      -4.311551123,      -4.204075644,      -1.862979078,      -6.289966944,       -1.15782006,      -4.955774435,       0.574738311,         100,      -5.080744461,             100,      -5.684904819,                4,      -6.610369406,    0.001939117974,      0.1723811978,       28.53116706,       28.53116706,       28.53116706,     0.07223624925,      0.7241766342,      -2.360606683,                 0,                 0,                 0,      -3.694930959,      0.7241766342,      -2.360606683,                 0,      -3.259711197,   1.606998675e-06,   3.804469117e-05,                 0
          0,           0,          11,      -4.729131238,      -4.307952533,      -4.206380923,      -1.869534908,      -6.390204274,      -1.264415681,      -4.924370901,      0.5275255497,         100,       -5.00551463,               8,      -6.030153591,                4,      -6.602490595,    0.002163938515,      0.1924946051,       31.38428377,       31.38428377,       31.38428377,     0.07223624925,      0.6790781815,      -2.253336785,                 0,                 0,                 0,      -3.516459859,      0.6790781815,      -2.253336785,                 0,      -3.318228808,   1.291288851e-06,   3.415518645e-05,                 0
          0,           0,          12,      -4.730612178,      -4.307266483,      -4.212357184,      -1.871015846,      -6.478266736,      -1.367822913,      -4.899724867,      0.4759430952,         100,      -5.190784215,             100,      -5.758296516,                4,      -6.548296893,    0.002431270982,       0.216490585,       34.52271214,       34.52271214,       34.52271214,     0.07223624925,      0.6571202455,      -2.224313665,                 0,                 0,                 0,      -3.465575147,      0.6571202455,      -2.224313665,                 0,      -3.384941615,   1.195700643e-06,   3.047471821e-05,                 0
          0,           0,          13,      -4.732159365,      -4.302780322,      -4.218016356,      -1.872563036,      -6.551122022,       -1.46939221,      -4.881783763,      0.4252591406,         100,       -5.30990316,              94,      -6.015636124,                4,       -6.47874324,    0.002598832149,      0.2311015467,       37.97498336,       37.97498336,       37.97498336,     0.07223624925,      0.6669327202,      -2.284277949,                 0,                 0,                 0,      -3.567005178,      0.6669327202,      -2.284277949,                 0,      -3.425050053,   1.243361182e-06,   2.864931661e-05,                 0
          0,           0,          14,      -4.741835496,      -4.292642454,      -4.227090703,      -1.882239164,      -6.598239809,      -1.565275911,      -4.852817847,      0.3740821027,         100,      -5.003129377,             100,      -5.778422842,                4,      -6.347183243,    0.002771170341,      0.2460819613,       41.77248169,       41.77248169,       41.77248169,     0.07223624925,      0.7018449388,      -2.412322533,                 0,                 0,                 0,      -3.783339119,      0.7018449388,      -2.412322533,                 0,      -3.437116092,    1.29953044e-06,    2.72135217e-05,                 0
          0,           0,          15,      -4.763119822,      -4.279369584,      -4.242299702,      -1.903523486,      -6.617300211,      -1.656060875,      -4.798861727,       0.331149315,         100,      -4.896143679,             100,      -5.760162367,                4,      -6.282896344,    0.002947558499,      0.2613676211,       45.94972986,       45.94972986,       45.94972986,     0.07223624925,      0.7451981572,      -2.564653872,                 0,                 0,                 0,      -4.032161203,      0.7451981572,      -2.564653872,                 0,      -3.441573019,   1.379852223e-06,   2.662067917e-05,                 0
          0,           0,          16,      -4.786415529,      -4.278668394,      -4.272401756,      -1.926819193,      -6.609209776,      -1.741902537,      -4.732087427,      0.2908191897,         100,      -4.815192048,             100,      -5.682051841,                4,      -6.254122274,     0.00313101223,         0.2772435,       50.54470285,       50.54470285,       50.54470285,     0.07223624925,      0.7817965418,      -2.698597893,                 0,                 0,                 0,      -4.240026523,      0.7817965418,      -2.698597893,                 0,      -3.451790522,   1.296265743e-06,   2.580658707e-05,                 0
          0,           0,          17,      -4.805570759,      -4.304735034,      -4.322828472,      -1.945974429,      -6.580115224,      -1.822551984,      -4.690668264,      0.2497593775,         100,      -4.695759124,              10,      -6.034184391,                4,      -6.236976884,    0.003328044335,      0.2943151084,       55.59917313,       55.59917313,       55.59917313,     0.07223624925,      0.8084696111,      -2.801746114,                 0,                 0,                 0,      -4.393768799,      0.8084696111,      -2.801746114,                 0,      -3.465493416,   1.103165096e-06,   2.204152495e-05,                 0
          0,           0,          18,      -4.831086438,      -4.360036616,      -4.382797619,      -1.971490108,      -6.537955626,      -1.899529391,      -4.702957529,      0.2162711696,         100,      -4.661126278,             100,       -5.87690498,                4,      -6.232944236,    0.003544467848,      0.3131151411,       61.15909045,       61.15909045,       61.15909045,     0.07223624925,      0.8315910642,      -2.891195641,                 0,                 0,                 0,      -4.529881948,      0.8315910642,      -2.891195641,                 0,      -3.476703593,   7.972319052e-07,   1.913262292e-05,                 0
          0,           0,          19,      -4.879723908,       -4.42367273,      -4.415582472,      -2.020127579,      -6.489288503,      -1.976374784,      -4.777857165,      0.1952657718,         100,      -4.603448883,             100,       -5.71184426,                4,      -6.247308953,    0.003783600425,      0.3339339219,       67.27499949,       67.27499949,       67.27499949,     0.07223624925,       0.854868124,      -2.980579201,                 0,                 0,                 0,      -4.671893605,       0.854868124,      -2.980579201,                 0,       -3.48659532,   6.946896703e-07,   1.603458173e-05,                 0
          0,           0,          20,      -4.959229102,      -4.454958965,      -4.394487782,      -2.099632769,      -6.437292344,      -2.053385524,       -4.89266541,      0.1803236108,         100,      -4.657066752,             100,      -5.576185129,                4,       -6.27688968,     0.00404805607,      0.3569813021,       74.00249944,       74.00249944,       74.00249944,     0.07223624925,      0.8733809248,      -3.058573757,                 0,                 0,                 0,      -4.795642467,      0.8733809248,      -3.058573757,                 0,      -3.501992854,   5.532128111e-07,   1.515864442e-05,                 0
          0,           0,          21,      -5.058582553,      -4.453358184,      -4.356819526,      -2.198986216,      -6.384105755,      -2.126742151,      -4.988579063,      0.1565585015,         100,      -4.677631842,             100,      -5.422240694,                4,      -6.307983998,    0.004341735034,      0.3825719609,       81.40274939,       81.40274939,       81.40274939,     0.07223624925,      0.8793519076,      -3.102130921,                 0,                 0,                 0,      -4.857388146,      0.8793519076,      -3.102130921,                 0,      -3.527746849,   5.221931095e-07,   1.338710449e-05,                 0
          0,           0,          22,      -5.128525999,      -4.457737784,      -4.350370549,      -2.268929671,      -6.329854679,      -2.197956789,      -5.031307598,      0.1162374075,         100,       -4.75855737,             100,      -5.929791788,                4,      -6.344425292,    0.004670391796,      0.4111882783,       89.54302433,       89.54302433,       89.54302433,     0.07223624925,      0.8694556677,      -3.098498538,                 0,                 0,                 0,       -4.83486515,      0.8694556677,      -3.098498538,                 0,      -3.563722284,    4.16483183e-07,   1.040851143e-05,                 0
          0,           0,          23,      -5.129975356,      -4.480586089,      -4.387927336,      -2.270379019,      -6.273767344,      -2.267569345,      -5.061309214,     0.05666159537,         100,      -4.879063563,             100,      -5.598471428,                4,      -6.386587704,    0.005042381014,      0.4435620749,       98.49732676,       98.49732676,       98.49732676,     0.07223624925,      0.8450922901,      -3.048262214,                 0,                 0,                 0,      -4.731656714,      0.8450922901,      -3.048262214,                 0,      -3.607016949,   4.525267329e-07,   1.341652192e-05,                 0
          0,           0,          24,      -5.117358573,      -4.495731521,      -4.442851195,      -2.257762236,      -6.214589789,      -2.334562681,      -5.102455195,     0.01613202883,         100,      -4.821568913,             100,      -5.456504411,                4,      -6.449637841,     0.00547074574,      0.4808712954,       108.3470594,       108.3470594,       108.3470594,     0.07223624925,       0.808710381,      -2.955736668,                 0,                 0,                 0,      -4.557571666,       0.808710381,      -2.955736668,                 0,      -3.654876626,   3.990664769e-07,   1.632792484e-05,                 0
          0,           0,          25,      -5.138695869,       -4.47623978,      -4.469737733,      -2.279099532,      -6.152065763,      -2.401446371,      -5.136686097,     0.01746138084,         100,      -4.666141391,             100,      -5.445677867,                4,      -6.513734025,    0.005974617362,         0.5248588,       119.1817654,       119.1817654,       119.1817654,     0.07223624925,      0.7628091624,      -2.827039554,                 0,                 0,                 0,      -4.322776922,      0.7628091624,      -2.827039554,                 0,      -3.706090191,   4.177599659e-07,   1.362350102e-05,                 0
          0,           0,          26,       -5.18765569,      -4.444429268,      -4.484198273,      -2.328059356,      -6.087071236,      -2.473684439,      -5.158835137,    -0.01238333759,         100,       -4.61145591,             100,      -5.275348281,                4,      -6.484069111,    0.006576686618,      0.5775790072,       131.0999419,       131.0999419,       131.0999419,     0.07223624925,      0.7120277328,      -2.677474001,                 0,                 0,                 0,      -4.050581551,      0.7120277328,      -2.677474001,                 0,      -3.760350725,    2.65256604e-07,   1.158581275e-05,                 0
          0,           0,          27,      -5.225601814,      -4.430784958,      -4.531750405,      -2.366005478,      -6.021050599,      -2.546184956,      -5.186542094,    -0.05565916409,         100,      -4.604209659,             100,       -5.33676711,                4,      -6.393301132,    0.007295555338,      0.6406732261,       144.2099361,       144.2099361,       144.2099361,     0.07223624925,       0.664840414,      -2.535703916,                 0,                 0,                 0,      -3.786984268,       0.664840414,      -2.535703916,                 0,      -3.814003875,   2.051697435e-07,   1.021529674e-05,                 0
          0,           0,          28,      -5.232818207,      -4.436356881,      -4.589457578,      -2.373221882,      -5.960146956,       -2.59649892,      -5.186051052,    -0.04557837467,         100,      -4.688062602,             100,      -5.224526204,                4,      -6.329620108,    0.008134518996,      0.7143333924,       158.6309297,       158.6309297,       158.6309297,     0.07223624925,       0.632720669,      -2.438130904,                 0,                 0,                 0,      -3.593501864,       0.632720669,      -2.438130904,                 0,      -3.853408026,   4.477614846e-07,   1.403949256e-05,                 0
          0,           0,          29,      -5.225129784,      -4.448179492,       -4.57680122,      -2.365533451,      -5.899858409,      -2.607886011,      -5.102284814,     0.01683349035,         100,      -4.659434712,             100,      -5.602122612,                4,       -6.30321126,    0.009071684836,      0.7964341571,       174.4940227,       174.4940227,       174.4940227,     0.07223624925,      0.6264391776,      -2.417230722,                 0,                 0,                 0,      -3.526680704,      0.6264391776,      -2.417230722,                 0,      -3.858683825,   5.094015467e-07,   1.831692383e-05,                 0
          0,           0,          30,      -5.217796058,      -4.458177203,      -4.524057286,      -2.358199726,       -5.83906796,      -2.577848106,      -4.988896689,     0.08289783503,         100,      -4.631273632,             100,      -5.548771604,                4,      -6.281204921,     0.01006061502,      0.8827044679,        191.943425,        191.943425,        191.943425,     0.07223624925,      0.6507656062,      -2.489052272,                 0,                 0,                 0,      -3.614547695,      0.6507656062,      -2.489052272,                 0,      -3.824806118,   1.851111145e-07,   1.313192008e-05,                 0
          0,           0,          31,      -5.227658348,       -4.46195931,      -4.504921548,      -2.368062021,      -5.775393914,      -2.562820646,       -4.90688247,      0.1544085512,         100,       -4.67752344,             100,      -5.222789001,                4,       -6.27462034,     0.01104995874,       0.968652786,       211.1377675,       211.1377675,       211.1377675,     0.07223624925,      0.7009366589,      -2.646155922,                 0,                 0,                 0,      -3.843320207,      0.7009366589,      -2.646155922,                 0,      -3.775171249,   3.521381124e-07,   1.234814994e-05,                 0
          0,           0,          32,      -5.268607348,      -4.452107023,      -4.536233647,      -2.409011019,      -5.711477433,       -2.60837457,      -4.869134509,      0.2038725217,         100,      -4.593647387,             100,      -5.465916355,                4,      -6.242164295,     0.01201404649,        1.05231167,       232.2515442,       232.2515442,       232.2515442,     0.07223624925,      0.7630992443,      -2.857355563,                 0,                 0,                 0,      -4.157930087,      0.7630992443,      -2.857355563,                 0,      -3.744408849,   2.390881957e-07,   9.223249304e-06,                 0
          0,           0,          33,      -5.328349199,      -4.428917947,      -4.600594196,      -2.468752877,      -5.652796613,      -2.716999937,      -4.867552599,      0.2067356523,         100,       -4.47532496,             100,      -5.218749253,                4,      -6.150644509,     0.01297405736,       1.135922976,       255.4766986,       255.4766986,       255.4766986,     0.07223624925,      0.8170127865,      -3.070995277,                 0,                 0,                 0,       -4.46898288,      0.8170127865,      -3.070995277,                 0,      -3.758809321,   1.197460056e-07,   1.006526342e-05,                 0
          0,           0,          34,      -5.360920055,      -4.405251666,      -4.646609539,      -2.501323719,      -5.611087448,      -2.840223051,      -4.891869251,      0.1832719514,         100,      -4.341761384,             100,      -4.854760123,                4,      -6.061663061,     0.01394067067,       1.220562094,       281.0243685,       281.0243685,       281.0243685,     0.07223624925,      0.8404414012,      -3.222969134,                 0,                 0,                 0,       -4.66687259,      0.8404414012,      -3.222969134,                 0,      -3.834852887,    1.56869676e-07,   7.718157309e-06,                 0
          0,           0,          35,      -5.343025268,      -4.396072097,      -4.640902076,       -2.48342893,      -5.594114422,       -2.89493543,      -4.927205146,      0.1605434536,         100,      -4.354171011,             100,       -4.86343063,                5,      -6.639691883,      0.0150745778,       1.320606666,               300,               300,               300,     0.07223624925,      0.8145766158,      -3.248919518,                 0,                 0,                 0,      -4.645070864,      0.8145766158,      -3.248919518,                 0,      -3.988476289,   3.010727364e-07,   9.841792429e-06,                 0
          0,           0,          36,      -5.305229462,      -4.397858094,      -4.607908352,      -2.445633134,      -5.623337986,      -2.917947588,      -4.962015745,      0.1455064438,         100,      -4.448044112,             100,      -5.052927358,                5,      -6.547606298,     0.01590553511,       1.394635154,               300,               300,               300,     0.07223624925,      0.7400438057,      -3.124469911,                 0,                 0,                 0,       -4.37114678,      0.7400438057,      -3.124469911,                 0,      -4.222006707,   1.786414031e-07,   1.197891677e-05,                 0
          0,           0,          37,      -5.277015276,      -4.415842351,      -4.595422492,      -2.417418947,       -5.65805427,      -2.929793329,      -4.986838474,       0.103358476,         100,      -4.483676119,             100,      -5.348115476,                5,      -6.417061756,     0.01603000428,       1.407520712,               300,               300,               300,     0.07223624925,      0.6427761744,      -2.892495775,                 0,                 0,                 0,      -3.935463017,      0.6427761744,      -2.892495775,                 0,      -4.500004652,   2.036675585e-07,   1.349064544e-05,                 0
          0,           0,          38,        -5.2682391,      -4.448794018,      -4.609399153,      -2.408642764,      -5.681071571,      -2.956529923,      -5.001342497,     0.07825506678,         100,      -4.432286053,             100,      -5.146401018,                5,      -6.303792377,     0.01646914027,       1.448721996,               300,               300,               300,     0.07223624925,      0.5519108869,      -2.625511168,                 0,                 0,                 0,       -3.47315688,      0.5519108869,      -2.625511168,                 0,      -4.757128787,   1.530616874e-07,   1.503868522e-05,                 0
          0,           0,          39,      -5.264614056,      -4.470123503,      -4.621982964,      -2.405017723,       -5.69821369,      -2.990574057,      -5.016208708,       0.049733137,         100,       -4.43421972,             100,      -4.918664818,                5,        -6.2070714,     0.01695180379,       1.493693025,               300,               300,               300,     0.07223624925,      0.4871577892,      -2.384999896,                 0,                 0,                 0,      -3.093533866,      0.4871577892,      -2.384999896,                 0,      -4.895744148,  -1.003951468e-07,   1.054229705e-05,                 0
          0,           0,          40,      -5.278125684,      -4.482014129,      -4.638517848,      -2.418529351,      -5.724346135,       -3.02688226,      -5.047763649,     0.01030803888,         100,      -4.306197118,             100,      -4.621600974,                5,      -6.122120426,     0.01705643627,       1.503853361,               300,               300,               300,     0.07223624925,      0.4533360182,      -2.198679695,                 0,                 0,                 0,      -2.839791823,      0.4533360182,      -2.198679695,                 0,      -4.850000014,   2.940110139e-07,   1.301625179e-05,                 0
          0,           0,          41,      -5.308455867,      -4.499187395,       -4.67741875,      -2.448859539,      -5.747017583,      -3.038051264,      -5.089736607,    -0.01401816165,         100,      -4.214892952,             100,      -4.949625435,                5,      -6.065034703,     0.01747470941,       1.542418595,               300,               300,               300,     0.07223624925,      0.4350800335,      -2.038094678,                 0,                 0,                 0,      -2.657884078,      0.4350800335,      -2.038094678,                 0,      -4.684413259,   5.245348393e-07,   1.418199196e-05,                 0
          0,           0,          42,      -5.372246851,      -4.508560456,       -4.72812043,      -2.512650508,       -5.76704269,      -3.015034834,      -5.137742605,    -0.02032635517,         100,      -4.142702161,             100,      -5.177990165,                5,      -6.043866613,     0.01817073163,       1.606260771,               300,               300,               300,     0.07223624925,      0.4212794449,      -1.886031313,                 0,                 0,                 0,      -2.501019793,      0.4212794449,      -1.886031313,                 0,      -4.476912739,   4.017172265e-07,   1.150031075e-05,                 0
          0,           0,          43,      -5.469254605,      -4.513910194,      -4.767667197,       -2.60965825,      -5.790877813,      -2.971826888,      -5.179241912,    -0.01117430623,         100,      -4.072812938,             100,       -5.01880903,                5,      -6.038680126,     0.01908066038,       1.689712369,               300,               300,               300,     0.07223624925,      0.4067434319,      -1.740732211,                 0,                 0,                 0,      -2.349181334,      0.4067434319,      -1.740732211,                 0,       -4.27968118,   1.307549657e-07,   1.235898542e-05,                 0
          0,           0,          44,      -5.604708528,      -4.507804891,      -4.784037233,      -2.745112169,      -5.828872957,      -2.942890189,         -5.212026,   -0.002537277384,         100,      -3.997884148,             100,      -4.865956733,                5,      -6.068919356,      0.0193943567,       1.718057722,               300,               300,               300,     0.07223624925,      0.3947549129,      -1.620976504,                 0,                 0,                 0,      -2.220021944,      0.3947549129,      -1.620976504,                 0,      -4.106285825,   2.749767597e-07,   1.916414108e-05,                 0
          0,           0,          45,      -5.695936697,      -4.509836933,      -4.783107989,      -2.836340363,      -5.874410967,      -2.961189141,       -5.22872497,     0.01508145817,         100,      -3.944465985,             100,      -4.830247453,                5,      -6.122296959,     0.01943069363,       1.720691988,               300,               300,               300,     0.07223624925,       0.385772315,      -1.528732122,                 0,                 0,                 0,      -2.118325069,       0.385772315,      -1.528732122,                 0,       -3.96278339,   2.918644751e-07,   1.510538767e-05,                 0
          0,           0,          46,      -5.695686644,      -4.518107552,      -4.788746433,      -2.836090329,      -5.922480421,      -3.034406743,      -5.236109832,     0.03408669333,         100,      -4.009407801,             100,      -4.778897419,                5,      -6.172681023,      0.0195253114,       1.728689756,               300,               300,               300,     0.07223624925,      0.3800455646,      -1.461422091,                 0,                 0,                 0,      -2.044531061,      0.3800455646,      -1.461422091,                 0,       -3.84538652,   2.321370161e-07,   2.013093705e-05,                 0
          0,           0,          47,      -5.642008626,      -4.525423211,      -4.798077582,      -2.782412315,       -5.97290154,      -3.146312466,      -5.244969674,     0.02570555531,         100,      -4.043627845,             100,      -4.970413918,                5,      -6.190764358,     0.01953369434,       1.728797399,               300,               300,               300,     0.07223624925,      0.3787859364,      -1.419455588,                 0,                 0,                 0,      -2.001896144,      0.3787859364,      -1.419455588,                 0,      -3.747381969,   2.780100476e-07,   1.909051785e-05,                 0
          0,           0,          48,      -5.586676977,      -4.538507451,       -4.81045444,      -2.727080664,      -6.020015999,      -3.299749982,      -5.257976608,    0.006830868336,         100,      -4.061861093,             100,       -4.80931388,                5,      -6.179237381,     0.01890886308,        1.74863682,               300,               300,               300,     0.07223624925,      0.3809928661,      -1.397066847,                 0,                 0,                 0,      -1.984406958,      0.3809928661,      -1.397066847,                 0,      -3.666910779,   1.035414404e-07,   1.326151375e-05,                 0
          0,           0,          49,       -5.54927065,      -4.548475471,      -4.820079041,      -2.689674329,      -6.061417962,      -3.454901141,      -5.276980463,    -0.01110358981,         100,      -4.094117172,             100,      -4.866570167,                5,      -6.158258519,      0.0172862559,        1.76618489,               300,               300,               300,     0.07223624925,      0.3868601994,       -1.39320756,                 0,                 0,                 0,      -1.991011535,      0.3868601994,       -1.39320756,                 0,      -3.601320484,  -1.504349198e-08,   1.594804686e-05,                 0
          0,           0,          50,      -5.529984525,      -4.560437839,      -4.832628629,      -2.670388216,      -6.093148948,      -3.509732818,      -5.298718856,    -0.02469378683,         100,       -4.12779224,             100,      -5.238713823,                5,       -6.12250852,     0.01394156092,       1.789792244,               300,               300,               300,     0.07223624925,      0.3954864765,      -1.403975454,                 0,                 0,                 0,      -2.016744324,      0.3954864765,      -1.403975454,                 0,      -3.549996111,   -1.54585968e-08,   1.311190051e-05,                 0
          0,           0,          51,      -5.531726298,      -4.571790145,      -4.850199342,      -2.672129972,      -6.113434435,      -3.441817781,       -5.31846693,    -0.03191827923,         100,       -4.16103203,             100,      -4.912398279,                5,      -6.085224505,     0.01120105555,       1.812883977,               300,               300,               300,     0.07223624925,      0.4063093126,       -1.42669184,                 0,                 0,                 0,      -2.057976883,      0.4063093126,       -1.42669184,                 0,      -3.511344179,    -3.3674789e-08,   1.150524436e-05,                 0
          0,           0,          52,      -5.551967131,      -4.584612658,      -4.875235853,      -2.692370819,      -6.126673601,       -3.35070616,      -5.329039397,    -0.03233615726,         100,       -4.14893439,             100,      -4.913265638,                5,      -6.073443674,    0.009666823437,       1.838884686,               300,               300,               300,     0.07223624925,      0.4184524566,       -1.45786738,                 0,                 0,                 0,      -2.109911798,      0.4184524566,       -1.45786738,                 0,      -3.483949867,  -3.734141304e-08,   9.345528785e-06,                 0
          0,           0,          53,      -5.590353532,       -4.59835327,      -4.905067408,      -2.730757184,      -6.135431991,      -3.276777503,      -5.322816949,    -0.02988365411,         100,      -4.129787577,             100,      -4.801263466,                5,      -6.075723602,    0.008651198488,       1.869488289,               300,               300,               300,     0.07223624925,      0.4310848816,      -1.494349999,                 0,                 0,                 0,      -2.168018874,      0.4310848816,      -1.494349999,                 0,      -3.466486679,  -1.722505441e-08,   7.372973394e-06,                 0
          0,           0,          54,      -5.647531924,       -4.61287179,      -4.936382261,      -2.787935599,      -6.140965706,      -3.233348976,      -5.301014272,    -0.02662969662,         100,      -4.104036054,             100,      -4.869225881,                5,      -6.081739107,    0.007828052313,       1.899291786,               300,               300,               300,     0.07223624925,      0.4436427091,      -1.533816296,                 0,                 0,                 0,      -2.228890554,      0.4436427091,      -1.533816296,                 0,      -3.457323347,  -3.100354386e-08,   4.905392375e-06,                 0
          0,           0,          55,      -5.717391135,        -4.6295038,      -4.970962928,      -2.857794825,      -6.144678064,      -3.205724353,      -5.269626354,    -0.02574666251,         100,      -4.035836159,             100,      -4.972349594,                5,      -6.072934109,    0.006225994471,       1.931471084,               300,               300,               300,     0.07223624925,      0.4553850737,      -1.573559183,                 0,                 0,                 0,      -2.288544009,      0.4553850737,      -1.573559183,                 0,      -3.455447431,  -6.258615491e-08,    4.25166139e-06,                 0
          0,           0,          56,      -5.805369409,      -4.647710919,      -5.008493041,      -2.945773112,      -6.152156458,       -3.22780034,      -5.241250652,    -0.02875898243,         100,      -3.945471561,             100,      -5.201243533,                5,      -6.060945359,    0.005311278391,       1.945407223,               300,               300,               300,     0.07223624925,      0.4662777197,      -1.612854233,                 0,                 0,                 0,      -2.345740655,      0.4662777197,      -1.612854233,                 0,      -3.458999144,  -7.502734931e-08,   2.894765516e-06,                 0
          0,           0,          57,      -5.888115042,      -4.667864479,      -5.044331157,      -3.028518721,      -6.163420641,      -3.296253107,      -5.225230286,    -0.03792117216,         100,      -3.854212408,             100,      -5.119113854,                5,      -6.042460321,     0.00471177703,       1.931588341,               300,               300,               300,     0.07223624925,      0.4760411156,      -1.650352887,                 0,                 0,                 0,      -2.398385138,      0.4760411156,      -1.650352887,                 0,      -3.466828458,  -7.902815557e-08,   2.202182358e-06,                 0
          0,           0,          58,      -5.952572486,      -4.692487392,       -5.08164042,      -3.092976163,      -6.175928104,      -3.348424221,      -5.216013361,    -0.05335887097,         100,      -3.789957961,             100,      -5.002520504,                5,       -6.01152234,    0.004301421085,       1.918024658,               300,               300,               300,     0.07223624925,      0.4833428976,      -1.681716623,                 0,                 0,                 0,      -2.440432985,      0.4833428976,      -1.681716623,                 0,      -3.479344853,  -1.626315316e-08,   3.245170785e-06,                 0
          0,           0,          59,      -5.994510223,      -4.717255027,      -5.114722471,      -3.134913857,       -6.18943729,      -3.403692257,      -5.211570261,    -0.07186627999,         100,      -3.804708798,             100,      -4.950420827,                6,      -6.741315775,     0.00401468709,       1.905625966,               300,               300,               300,     0.07223624925,      0.4876753416,      -1.704882908,                 0,                 0,                 0,      -2.469031586,      0.4876753416,      -1.704882908,                 0,      -3.495938306,    1.18815227e-08,    2.31248894e-06,                 0
          0,           0,          60,       -6.00471151,      -4.741684201,      -5.144252928,       -3.14511521,      -6.204423004,      -3.462334802,      -5.211571097,    -0.09270810028,         100,      -3.848575735,             100,      -5.091510065,                6,      -6.704478088,    0.003814589345,       1.895160718,               300,               300,               300,     0.07223624925,      0.4888326859,      -1.718558153,                 0,                 0,                 0,      -2.482638809,      0.4888326859,      -1.718558153,                 0,      -3.515636746,   3.182762037e-08,   2.511692791e-06,                 0
          0,           0,          61,      -5.989768139,         -4.765205,      -5.168865711,      -3.130171811,      -6.222176248,      -3.524629714,      -5.215230138,     -0.1167805331,         100,      -3.883721541,             100,      -4.984516408,                6,      -6.666952663,    0.003679417583,       1.887215623,               300,               300,               300,     0.07223624925,      0.4868796468,      -1.722173226,                 0,                 0,                 0,      -2.480924263,      0.4868796468,      -1.722173226,                 0,      -3.537164137,   3.565923493e-08,   3.370994921e-06,                 0
          0,           0,          62,      -5.962217815,      -4.787497109,      -5.187566156,      -3.102621516,      -6.242150261,      -3.586215349,      -5.221338303,     -0.1445767372,         100,       -3.95697015,             100,      -4.990054639,                6,      -6.598380408,    0.003489325976,       1.882183661,               300,               300,               300,     0.07223624925,      0.4821544554,       -1.71598645,                 0,                 0,                 0,      -2.464887638,      0.4821544554,       -1.71598645,                 0,      -3.558997393,   3.681990663e-08,   2.246257544e-06,                 0
          0,           0,          63,      -5.932626711,      -4.807905642,      -5.200619682,      -3.073030384,      -6.261906292,      -3.638762336,      -5.228821754,     -0.1751503906,         100,      -4.030439965,             100,      -5.010909442,                6,      -6.502431632,    0.003313796946,       1.880267655,               300,               300,               300,     0.07223624925,      0.4752158626,      -1.701020043,                 0,                 0,                 0,      -2.436677936,      0.4752158626,      -1.701020043,                 0,      -3.579468147,   5.378169219e-08,    2.36703021e-06,                 0
          0,           0,          64,      -5.908236262,      -4.825978604,      -5.209814128,      -3.048639934,      -6.278260614,      -3.674327389,       -5.23669636,     -0.2043548048,         100,      -4.069787623,             100,      -5.094666016,                6,      -6.403464875,    0.003178622772,       1.881426876,               300,               300,               300,     0.07223624925,      0.4667380525,      -1.678834947,                 0,                 0,                 0,      -2.399172564,      0.4667380525,      -1.678834947,                 0,      -3.596953232,   8.089037349e-08,   2.551595141e-06,                 0
          0,           0,          65,      -5.893565244,      -4.841346649,      -5.217769954,      -3.033968928,      -6.288597272,      -3.692932128,      -5.244610084,     -0.2294386328,         100,      -4.074003022,             100,       -4.93431699,                6,      -6.309891499,     0.00307594998,       1.884792297,               300,               300,               300,     0.07223624925,      0.4574091637,      -1.651328781,                 0,                 0,                 0,      -2.355520744,      0.4574091637,      -1.651328781,                 0,      -3.610178615,   7.803278196e-08,   2.883276068e-06,                 0
          0,           0,          66,      -5.890408302,      -4.854225815,      -5.226937397,      -3.030811956,      -6.294312669,      -3.693128025,      -5.252175004,     -0.2503463234,         100,       -4.09005861,             100,       -4.88689648,                6,      -6.223475716,    0.003000649711,       1.890895973,               300,               300,               300,     0.07223624925,      0.4477883076,      -1.620297079,                 0,                 0,                 0,      -2.308540758,      0.4477883076,      -1.620297079,                 0,      -3.618444367,   7.286420518e-08,   2.609374991e-06,                 0
          0,           0,          67,      -5.899867756,      -4.864826531,      -5.238779266,      -3.040271418,      -6.297226531,      -3.682448191,      -5.259095241,     -0.2675090254,         100,      -4.052574634,             100,      -4.826574584,                6,      -6.143679948,    0.002949073275,       1.899399009,               300,               300,               300,     0.07223624925,      0.4383183253,      -1.587474749,                 0,                 0,                 0,      -2.260667002,      0.4383183253,      -1.587474749,                 0,      -3.621739402,   7.154800661e-08,   2.989105833e-06,                 0
          0,           0,          68,      -5.921754642,      -4.873610575,       -5.25359324,      -3.062158293,      -6.299155843,      -3.670405435,      -5.265333155,     -0.2805296457,         100,      -4.019780321,             100,      -4.918795882,                6,      -6.073706843,    0.002918365992,       1.909905278,               300,               300,               300,     0.07223624925,       0.429285353,      -1.554282408,                 0,                 0,                 0,      -2.213709744,       0.429285353,      -1.554282408,                 0,      -3.620627625,   1.499166432e-08,   2.355139445e-06,                 0
          0,           0,          69,      -5.955328703,      -4.881152224,      -5.270797135,       -3.09573237,      -6.302159571,      -3.657740387,      -5.270588633,     -0.2904010653,         100,      -3.983102198,             100,      -5.096885279,                6,      -6.012404927,    0.002905860565,       1.921992933,               300,               300,               300,     0.07223624925,      0.4208587901,      -1.521876858,                 0,                 0,                 0,      -2.168944292,      0.4208587901,      -1.521876858,                 0,      -3.616122304,   8.457323441e-09,   2.328613719e-06,                 0
          0,           0,          70,      -5.999315099,      -4.888058349,       -5.28933866,       -3.13971877,      -6.307380337,       -3.65107059,      -5.274867133,     -0.2983344165,         100,      -3.964173706,             100,      -4.881549662,                7,      -6.688009137,    0.002908805366,       1.935244875,               300,               300,               300,     0.07223624925,      0.4131167509,      -1.491094631,                 0,                 0,                 0,      -2.127182277,      0.4131167509,      -1.491094631,                 0,      -3.609378287,   4.131422732e-08,   1.891323053e-06,                 0
          0,           0,          71,      -6.051818736,       -4.89489142,      -5.308091872,      -3.192222406,      -6.315327941,      -3.647221553,      -5.278334068,     -0.3052491894,         100,       -3.91776408,             100,      -4.959697914,                7,      -6.621233396,     0.00292394686,       1.949263541,               300,               300,               300,     0.07223624925,      0.4060901982,      -1.462550897,                 0,                 0,                 0,      -2.088917607,      0.4060901982,      -1.462550897,                 0,      -3.601541981,   3.196374424e-08,    1.54936895e-06,                 0
          0,           0,          72,       -6.11015505,      -4.902169593,      -5.326227871,      -3.250558722,      -6.326306789,      -3.649085538,      -5.281184119,     -0.3115559096,         100,      -3.847612628,             100,      -4.817715567,                7,      -6.568265885,      0.0029474693,       1.963675085,               300,               300,               300,     0.07223624925,      0.3997849155,      -1.436628353,                 0,                 0,                 0,      -2.054423529,      0.3997849155,      -1.436628353,                 0,      -3.593503151,  -5.432428774e-08,   2.133020286e-06,                 0
          0,           0,          73,      -6.170688662,      -4.910270252,      -5.343364027,      -3.311092323,      -6.340267953,      -3.656728645,      -5.283603332,     -0.3174316861,         100,      -3.795322307,             100,       -4.95787397,                7,      -6.522671328,    0.002974905555,       1.978130557,               300,               300,               300,     0.07223624925,      0.3942030009,      -1.413567902,                 0,                 0,                 0,      -2.023844662,      0.3942030009,      -1.413567902,                 0,      -3.585888233,  -3.159087769e-08,   3.154030069e-06,                 0
          0,           0,          74,      -6.228867326,      -4.919465325,      -5.359458233,      -3.369271005,      -6.354662109,      -3.665683257,      -5.285746814,     -0.3246944265,         100,      -3.782852387,             100,      -4.823085402,                7,      -6.479133166,    0.002915504775,        1.99230962,               300,               300,               300,     0.07223624925,      0.3893393409,      -1.393447917,                 0,                 0,                 0,      -1.997210601,      0.3893393409,      -1.393447917,                 0,      -3.579006204,  -3.753619458e-08,   3.387688334e-06,                 0
          0,           0,          75,      -6.279834446,      -4.929948497,      -5.374658561,      -3.420238167,      -6.370234647,       -3.68317736,      -5.287805721,     -0.3329204113,         100,      -3.728732326,             100,      -4.830545694,                7,      -6.439163349,    0.002760580041,       2.005922292,               300,               300,               300,     0.07223624925,      0.3851827531,      -1.376253996,                 0,                 0,                 0,      -1.974462386,      0.3851827531,      -1.376253996,                 0,      -3.572989666,  -3.345961544e-08,    1.81034368e-06,                 0
          0,           0,          76,      -6.319762714,      -4.941871657,      -5.389160669,      -3.460166395,      -6.386538537,       -3.69988775,      -5.289932432,     -0.3424726773,         100,      -3.727498766,             100,      -4.874772999,                7,      -6.403417747,    0.002632634562,        2.01871429,               300,               300,               300,     0.07223624925,      0.3817096633,      -1.361865123,                 0,                 0,                 0,      -1.955448927,      0.3817096633,      -1.361865123,                 0,      -3.567803631,  -5.566024987e-08,    1.67608203e-06,                 0
          0,           0,          77,      -6.347242999,      -4.955330518,      -5.403138685,      -3.487646725,       -6.40324963,      -3.719906278,      -5.292256634,     -0.3536748023,         100,       -3.71348693,             100,      -4.691611545,                7,      -6.374746404,    0.002525614985,       2.030477062,               300,               300,               300,     0.07223624925,      0.3788880855,      -1.350107908,                 0,                 0,                 0,       -1.93995499,      0.3788880855,      -1.350107908,                 0,       -3.56334221,  -6.486473684e-08,   2.208252616e-06,                 0
          0,           0,          78,      -6.363780483,      -4.970384101,      -5.416769319,       -3.50418423,      -6.420175204,      -3.745758248,      -5.294880147,     -0.3663221944,         100,      -3.732365231,             100,      -4.725099883,                7,      -6.347369262,    0.002435004555,       2.041055717,               300,               300,               300,     0.07223624925,      0.3766750407,      -1.340758734,                 0,                 0,                 0,      -1.927714071,      0.3766750407,      -1.340758734,                 0,      -3.559457329,   -7.43539974e-08,   2.530903168e-06,                 0
          0,           0,          79,      -6.372766975,      -4.987072067,      -5.430219259,      -3.513170669,       -6.43723773,      -3.771754239,      -5.297914126,     -0.3820230256,         100,      -3.762725398,             100,      -4.862636807,                7,      -6.321454955,    0.002357360919,       2.050349081,               300,               300,               300,     0.07223624925,      0.3750220369,      -1.333585855,                 0,                 0,                 0,       -1.91843609,      0.3750220369,      -1.333585855,                 0,      -3.556019976,  -5.725193904e-08,   2.115927156e-06,                 0
          0,           0,          80,      -6.377901134,      -5.005370121,      -5.443635833,      -3.518304818,      -6.454387514,      -3.800504849,      -5.301373334,     -0.4011587636,         100,      -3.761012771,             100,      -5.035498859,                7,       -6.29604698,    0.002290055942,        2.05830914,               300,               300,               300,     0.07223624925,      0.3738741413,      -1.328344844,                 0,                 0,                 0,      -1.911815974,      0.3738741413,      -1.328344844,                 0,      -3.552919814,  -3.950063477e-08,   1.801745935e-06,                 0
          0,           0,          81,      -6.382167397,      -5.025215825,      -5.457170901,      -3.522571081,      -6.471658824,      -3.835235697,      -5.305374245,     -0.4220278969,         100,      -3.797257442,             100,      -4.795693525,                7,      -6.272446185,    0.002231107402,         2.0649372,               300,               300,               300,     0.07223624925,      0.3731741881,      -1.324806347,                 0,                 0,                 0,      -1.907548612,      0.3731741881,      -1.324806347,                 0,      -3.550101772,   9.791674131e-09,   1.334784324e-06,                 0
          0,           0,          82,      -6.387524157,      -5.046528568,      -5.470978132,       -3.52792777,      -6.489104887,      -3.871279371,      -5.309832283,     -0.4459550551,         100,      -3.844623622,             100,       -4.83773259,                7,      -6.251198551,    0.002179051827,       2.070277328,               300,               300,               300,     0.07223624925,      0.3728608336,      -1.322738079,                 0,                 0,                 0,      -1.905325051,      0.3728608336,      -1.322738079,                 0,      -3.547538277,   3.182563512e-09,   1.168754547e-06,                 0
          0,           0,          83,      -6.395360716,       -5.06923769,      -5.485291615,      -3.535764351,      -6.506771985,      -3.910472737,      -5.314864172,       -0.47205262,         100,      -3.858999075,             100,      -5.156749204,                7,      -6.238434351,    0.002132834279,       2.074269329,               300,               300,               300,     0.07223624925,       0.372875976,      -1.321938783,                 0,                 0,                 0,      -1.904855553,       0.372875976,      -1.321938783,                 0,      -3.545250615,  -5.395063224e-09,   9.561380205e-07,                 0
          0,           0,          84,      -6.405642514,       -5.09330924,      -5.500247132,      -3.546046131,      -6.524703513,      -3.952505649,      -5.320327963,     -0.5002486052,         100,      -3.915048151,             100,      -5.043152237,                7,      -6.233333074,    0.002091717374,       2.077077529,               300,               300,               300,     0.07223624925,       0.373155034,      -1.322191783,                 0,                 0,                 0,       -1.90583376,       0.373155034,      -1.322191783,                 0,      -3.543277359,   5.020114916e-09,   1.130946483e-06,                 0
          0,           0,          85,      -6.418619029,       -5.11866252,      -5.516155673,      -3.559022701,      -6.542928644,      -3.996515671,      -5.326248048,     -0.5301398187,         100,      -3.963134296,             100,      -4.836714837,                7,      -6.215414866,    0.002055200104,       2.078825884,               300,               300,               300,     0.07223624925,      0.3736355361,      -1.323301126,                 0,                 0,                 0,      -1.907961837,      0.3736355361,      -1.323301126,                 0,       -3.54168969,   1.505399509e-08,   9.440818663e-07,                 0
          0,           0,          86,      -6.433883096,      -5.145232719,      -5.533268622,      -3.574286799,      -6.561357483,       -4.04179594,      -5.332673999,     -0.5641222648,         100,      -3.943836494,             100,       -4.94270209,                7,      -6.163206176,    0.002022948253,       2.079769442,               300,               300,               300,     0.07223624925,      0.3742509865,      -1.325051364,                 0,                 0,                 0,      -1.910928287,      0.3742509865,      -1.325051364,                 0,      -3.540542074,   1.148206302e-08,   8.104859514e-07,                 0
          0,           0,          87,      -6.451199069,      -5.172906435,      -5.551849784,      -3.591602677,      -6.579938525,      -4.089116487,      -5.339377717,     -0.6001502549,         100,       -4.02207948,             100,      -5.582097305,                7,      -6.105413627,     0.00199473979,       2.080044895,               300,               300,               300,     0.07223624925,       0.374940309,      -1.327252803,                 0,                 0,                 0,       -1.91443696,       0.374940309,      -1.327252803,                 0,      -3.539904274,   5.703124975e-09,   8.237127272e-07,                 0
          0,           0,          88,      -6.469855373,      -5.201556803,      -5.571949963,      -3.610259054,      -6.598623518,      -4.137160356,      -5.346535356,     -0.6387774639,         100,        -3.9978511,             100,      -5.199828998,                7,      -6.066000709,    0.001970424224,       2.079791132,               300,               300,               300,     0.07223624925,      0.3756423667,      -1.329701143,                 0,                 0,                 0,      -1.918190575,      0.3756423667,      -1.329701143,                 0,      -3.539806105,   1.626684116e-09,   5.861177184e-07,                 0
          0,           0,          89,      -6.489217959,      -5.231190704,      -5.593632606,      -3.629621497,      -6.617379192,      -4.185097429,      -5.354098092,     -0.6797491588,         100,      -4.062048744,             100,      -5.440859295,                7,      -6.034377269,     0.00194989022,       2.079145093,               300,               300,               300,     0.07223624925,      0.3763016592,      -1.332214604,                 0,                 0,                 0,      -1.921906424,      0.3763016592,      -1.332214604,                 0,       -3.54028363,   3.339689543e-10,   6.207248289e-07,                 0
          0,           0,          90,      -6.508557875,      -5.261722444,      -5.616879487,       -3.64896158,      -6.636064442,      -4.232057403,      -5.361804241,     -0.7239467625,         100,      -4.046371185,             100,      -5.351689542,                7,      -6.011305495,    0.001933041643,       2.078239109,               300,               300,               300,     0.07223624925,      0.3768655742,       -1.33460006,                 0,                 0,                 0,      -1.925313168,      0.3768655742,       -1.33460006,                 0,      -3.541315927,  -4.229261853e-09,   8.675241384e-07,                 0
          0,           0,          91,      -6.527146573,      -5.293035265,      -5.641681581,      -3.667550307,      -6.654635604,      -4.276066247,      -5.369657548,     -0.7716185518,         100,      -4.035673527,             100,      -5.122880083,                8,      -6.718428902,    0.001919780786,       2.077197458,               300,               300,               300,     0.07223624925,      0.3772913184,       -1.33670073,                 0,                 0,                 0,      -1.928172648,      0.3772913184,       -1.33670073,                 0,      -3.542887592,  -7.013083573e-09,   8.562672598e-07,                 0
          0,           0,          92,      -6.544212631,      -5.324937414,       -5.66792783,      -3.684616322,      -6.672972721,      -4.319780829,        -5.3777353,       -0.82181894,         100,      -4.064834219,             100,      -5.425727472,                8,      -6.691077092,    0.001909994505,       2.076135942,               300,               300,               300,     0.07223624925,      0.3775415031,      -1.338356491,                 0,                 0,                 0,      -1.930273374,      0.3775415031,      -1.338356491,                 0,      -3.544925473,  -1.806257054e-08,   8.874979648e-07,                 0
          0,           0,          93,      -6.559031709,      -5.357243617,      -5.695406177,      -3.699435433,      -6.691017587,      -4.362068804,      -5.386042475,     -0.8731784754,         100,      -4.081547568,             100,      -4.927220195,                8,      -6.665077988,    0.001903543085,       2.075158429,               300,               300,               300,     0.07223624925,      0.3775913321,      -1.339454896,                 0,                 0,                 0,      -1.931453288,      0.3775913321,      -1.339454896,                 0,      -3.547366641,  -2.915504541e-08,   1.043068133e-06,                 0
          0,           0,          94,      -6.571050485,      -5.389803523,      -5.723797418,      -3.711454166,      -6.708522566,      -4.402925779,      -5.394330832,     -0.9273473133,         100,      -4.066800669,             100,      -4.942098447,                8,       -6.63439452,    0.001900251448,       2.074355733,               300,               300,               300,     0.07223624925,      0.3774227429,      -1.339886376,                 0,                 0,                 0,      -1.931587979,      0.3774227429,      -1.339886376,                 0,      -3.550094426,  -2.444507573e-08,   7.657505905e-07,                 0
          0,           0,          95,      -6.580118056,      -5.422534017,      -5.752759748,      -3.720521716,       -6.72536096,      -4.442876103,      -5.402612339,     -0.9838395183,         100,      -4.100500578,             100,      -5.067746467,                8,      -6.603855763,    0.001899899524,        2.07380343,               300,               300,               300,     0.07223624925,      0.3770308241,      -1.339597755,                 0,                 0,                 0,      -1.930609503,      0.3770308241,      -1.339597755,                 0,      -3.553019195,  -2.367656812e-08,   6.971823238e-07,                 0
          0,           0,          96,      -6.586505508,      -5.455159449,      -5.781924323,      -3.726909161,      -6.741386019,      -4.481618656,      -5.410879143,      -1.043104542,         100,      -4.161242684,             100,      -4.856770897,                8,      -6.558473905,    0.001902220822,       2.073562801,               300,               300,               300,     0.07223624925,      0.3764157294,      -1.338538809,                 0,                 0,                 0,      -1.928485602,      0.3764157294,      -1.338538809,                 0,      -3.556011888,  -1.924965641e-08,   6.637126762e-07,                 0
          0,           0,          97,      -6.590805997,      -5.487352437,      -5.810906504,      -3.731209672,      -6.756432478,      -4.518404213,      -5.419154806,      -1.104255324,         100,      -4.188279759,             100,      -4.882569843,                8,      -6.519267625,    0.001906901698,       2.073679077,               300,               300,               300,     0.07223624925,      0.3755890213,      -1.336715548,                 0,                 0,                 0,      -1.925236112,      0.3755890213,      -1.336715548,                 0,      -3.558984614,   -1.96348925e-08,   4.924772237e-07,                 0
          0,           0,          98,        -6.5938435,      -5.518697088,      -5.839260779,      -3.734247167,      -6.770343131,       -4.55182865,      -5.427439783,        -1.1657121,         100,      -4.189386572,             100,      -4.953060405,                8,      -6.483800949,    0.001913584625,       2.074182749,               300,               300,               300,     0.07223624925,      0.3745647945,      -1.334132459,                 0,                 0,                 0,      -1.920907808,      0.3745647945,      -1.334132459,                 0,       -3.56182022,  -2.284551293e-08,   4.274901194e-07,                 0
          0,           0,          99,      -6.596528756,      -5.548691739,      -5.866575894,      -3.736932436,      -6.783016731,      -4.580126654,      -5.435712077,      -1.227140683,         100,      -4.181530849,             100,      -5.172200194,                8,      -6.444611664,    0.001921876695,       2.075089414,               300,               300,               300,     0.07223624925,      0.3733660638,      -1.330846609,                 0,                 0,                 0,      -1.915589316,      0.3733660638,      -1.330846609,                 0,      -3.564455203,   -1.11034715e-08,   3.651671707e-07,                 0
          0,           0,         100,      -6.599810268,      -5.576912828,      -5.892558021,      -3.740213938,      -6.794454023,        -4.6013444,      -5.443943078,      -1.287296451,         100,      -4.168646167,             100,      -5.059591579,                8,      -6.397709644,    0.001931364478,       2.076402166,               300,               300,               300,     0.07223624925,      0.3720153974,      -1.326905651,                 0,                 0,                 0,      -1.909383315,      0.3720153974,      -1.326905651,                 0,       -3.56680304,  -1.738337449e-08,   3.409919029e-07,                 0
          0,           0,         101,      -6.604516758,      -5.603037244,      -5.917043959,      -3.744920428,      -6.804704504,      -4.614193595,       -5.45216536,      -1.345350874,         100,      -4.181868632,             100,      -4.917469511,                8,      -6.351069505,    0.001941633708,       2.078111438,               300,               300,               300,     0.07223624925,      0.3705416726,      -1.322401993,                 0,                 0,                 0,      -1.902421314,      0.3705416726,      -1.322401993,                 0,      -3.568834739,  -1.126036161e-08,   3.723777575e-07,                 0
          0,           0,         102,      -6.611355156,      -5.626952887,      -5.940087773,      -3.751758817,      -6.813895561,      -4.618737595,      -5.460392896,      -1.400354286,         100,      -4.162754556,             100,      -4.826304925,                8,      -6.270306642,    0.001952292981,       2.080197663,               300,               300,               300,     0.07223624925,      0.3689710693,      -1.317410293,                 0,                 0,                 0,      -1.894836771,      0.3689710693,      -1.317410293,                 0,      -3.570497534,  -3.392209866e-09,    3.19237815e-07,                 0
          0,           0,         103,      -6.620872831,      -5.648701498,      -5.961896471,      -3.761276491,      -6.822198306,      -4.616213704,      -5.468647758,      -1.450156155,         100,       -4.17493532,             100,      -4.830515428,                8,      -6.240154575,    0.001962257804,       2.082631737,               300,               300,               300,     0.07223624925,      0.3673339181,      -1.312041894,                 0,                 0,                 0,      -1.886779972,      0.3673339181,      -1.312041894,                 0,      -3.571796203,  -4.072254066e-09,   4.852389467e-07,                 0
          0,           0,         104,       -6.63345133,      -5.668431999,      -5.982759765,      -3.773854989,      -6.829817427,       -4.60888192,      -5.476950284,       -1.49288405,         100,      -4.192905161,             100,      -4.774055283,                8,      -6.207773439,    0.001950833945,       2.085377583,               300,               300,               300,     0.07223624925,      0.3656558792,      -1.306382131,                 0,                 0,                 0,      -1.878391728,      0.3656558792,      -1.306382131,                 0,      -3.572709219,   9.861593238e-09,   7.765841151e-07,                 0
          0,           0,         105,      -6.649301387,      -5.686332831,      -6.002930338,      -3.789705052,      -6.836979262,      -4.598903084,      -5.485317205,      -1.527292351,         100,      -4.167567621,             100,      -4.716350771,                8,      -6.175794824,    0.001941493389,       2.088392536,               300,               300,               300,     0.07223624925,      0.3639651913,      -1.300545143,                 0,                 0,                 0,      -1.869819799,      0.3639651913,      -1.300545143,                 0,      -3.573267923,    1.21245975e-08,   7.955610571e-07,                 0
          0,           0,         106,      -6.668534438,      -5.702662991,      -6.022651417,      -3.808938098,      -6.843891907,      -4.588698083,      -5.493763529,      -1.552609882,         100,      -4.142571122,             100,      -4.612712749,                8,      -6.171845245,    0.001934203955,       2.091630079,               300,               300,               300,     0.07223624925,       0.362284169,      -1.294612933,                 0,                 0,                 0,      -1.861194089,       0.362284169,      -1.294612933,                 0,      -3.573473652,   1.126531118e-08,   7.567671872e-07,                 0
          0,           0,         107,      -6.691218648,      -5.717684288,      -6.042129662,      -3.831622312,      -6.850713423,      -4.578919672,      -5.502292237,      -1.568977683,         100,      -4.146682041,             100,      -4.632390969,                8,      -6.147697651,    0.001928922927,       2.095040172,               300,               300,               300,     0.07223624925,      0.3606366106,      -1.288690172,                 0,                 0,                 0,      -1.852644526,      0.3606366106,      -1.288690172,                 0,      -3.573375898,   2.818772007e-08,   8.257164313e-07,                 0
          0,           0,         108,      -6.717325393,      -5.731681703,       -6.06153165,      -3.857729048,      -6.857603658,      -4.570883149,      -5.510923444,      -1.578226408,         100,      -4.127143091,             100,      -4.494483283,                8,      -6.189687933,    0.001925594511,       2.098572173,               300,               300,               300,     0.07223624925,      0.3590397491,      -1.282845564,                 0,                 0,                 0,        -1.8442778,      0.3590397491,      -1.282845564,                 0,      -3.572990364,   1.838424063e-08,   7.492523946e-07,                 0
          0,           0,         109,      -6.746788215,      -5.744903799,      -6.080958388,       -3.88719187,      -6.864670476,       -4.56503203,      -5.519662099,      -1.581688672,         100,      -4.120191984,             100,      -4.499778505,                8,      -6.197259093,    0.001924148492,       2.102174836,               300,               300,               300,     0.07223624925,      0.3575113015,      -1.277164923,                 0,                 0,                 0,      -1.836194614,      0.3575113015,      -1.277164923,                 0,      -3.572376362,   4.887504214e-10,   6.493123889e-07,                 0
          0,           0,         110,       -6.77946188,      -5.757567747,      -6.100434682,      -3.919865547,       -6.87197786,      -4.561819388,      -5.528513877,      -1.581547272,         100,      -4.096924955,             100,      -4.579986972,                8,      -6.210793021,    0.001924498539,       2.105798968,               300,               300,               300,     0.07223624925,       0.356062833,      -1.271698145,                 0,                 0,                 0,      -1.828472576,       0.356062833,      -1.271698145,                 0,      -3.571555431,   -6.15157293e-09,   6.856514742e-07,                 0
          0,           0,         111,       -6.81513779,      -5.769843061,      -6.119895911,      -3.955541439,      -6.879557385,      -4.561349599,      -5.537485594,      -1.579054066,         100,      -4.068849187,             100,      -4.792344146,                8,      -6.204148513,    0.001926541928,       2.109397752,               300,               300,               300,     0.07223624925,      0.3547060695,      -1.266509386,                 0,                 0,                 0,       -1.82118138,      0.3547060695,      -1.266509386,                 0,      -3.570588424,  -1.183386007e-08,   7.166933412e-07,                 0
          0,           0,         112,      -6.853536659,      -5.781887563,      -6.139254469,      -3.993940327,      -6.887412485,      -4.563874922,      -5.546586865,       -1.57589376,         100,       -4.07086664,             100,      -4.693291735,                8,      -6.219899158,    0.001930161234,       2.112928401,               300,               300,               300,     0.07223624925,      0.3534466003,      -1.261626764,                 0,                 0,                 0,      -1.814366351,      0.3534466003,      -1.261626764,                 0,      -3.569497522,   -7.78932312e-09,   9.494528954e-07,                 0
          0,           0,         113,      -6.894285088,       -5.79378733,      -6.158368256,      -4.034688752,      -6.896049652,      -4.570897504,      -5.555827503,      -1.572999813,         100,      -4.027950193,             100,      -4.861781245,                8,      -6.231620586,    0.001935226668,       2.116352213,               300,               300,               300,     0.07223624925,      0.3522906833,      -1.257092551,                 0,                 0,                 0,        -1.8080671,      0.3522906833,      -1.257092551,                 0,      -3.568338903,  -9.284354834e-09,   6.842781386e-07,                 0
          0,           0,         114,       -6.93687511,      -5.805665408,      -6.177120874,      -4.077278767,      -6.904683224,      -4.579412137,      -5.565219654,      -1.571366156,         100,      -3.989679055,             100,      -4.877529319,                8,      -6.225872667,    0.001941599364,       2.119635993,               300,               300,               300,     0.07223624925,      0.3512393556,      -1.252915304,                 0,                 0,                 0,      -1.802302245,      0.3512393556,      -1.252915304,                 0,      -3.567126759,  -7.209041672e-09,   8.417441872e-07,                 0
          0,           0,         115,      -6.980628838,      -5.817556227,      -6.195355891,      -4.121032475,       -6.91334233,      -4.591921698,      -5.574774947,      -1.571213757,         100,      -3.924748244,             100,      -4.974418969,                8,      -6.245327019,    0.001949135182,       2.122751471,               300,               300,               300,     0.07223624925,      0.3502946683,       -1.24911751,                 0,                 0,                 0,      -1.797086294,      0.3502946683,       -1.24911751,                 0,      -3.565905001,  -6.545367598e-09,   4.851173049e-07,                 0
          0,           0,         116,      -7.024672673,      -5.829531605,      -6.212974904,      -4.165076315,      -6.922012646,      -4.607529103,       -5.58449243,      -1.573159054,         100,      -3.895464024,             100,      -4.710719412,                8,      -6.239409077,    0.001957689877,       2.125676227,               300,               300,               300,     0.07223624925,      0.3494544639,      -1.245693348,                 0,                 0,                 0,      -1.792417964,      0.3494544639,      -1.245693348,                 0,      -3.564680028,  -6.796329105e-10,   4.793664258e-07,                 0
          0,           0,         117,      -7.067992339,      -5.841594674,      -6.229878047,      -4.208395976,      -6.930680832,      -4.626149218,      -5.594407151,      -1.577016092,         100,      -3.876200508,             100,      -4.714581725,                8,      -6.263162096,    0.001967124598,       2.128392856,               300,               300,               300,     0.07223624925,      0.3487177255,      -1.242651466,                 0,                 0,                 0,      -1.788293655,      0.3487177255,      -1.242651466,                 0,      -3.563488102,   4.041017965e-09,   5.809756754e-07,                 0
          0,           0,         118,      -7.109425478,      -5.853777013,      -6.246013621,      -4.249829125,      -6.939325218,        -4.6477014,      -5.604512814,      -1.583074487,         100,      -3.847979605,             100,      -4.661935546,                8,       -6.26873509,    0.001977312324,       2.130890002,               300,               300,               300,     0.07223624925,      0.3480797448,      -1.239974887,                 0,                 0,                 0,      -1.784696721,      0.3480797448,      -1.239974887,                 0,      -3.562329914,   5.540396102e-09,   4.151213902e-07,                 0
          0,           0,         119,      -7.147906279,      -5.866083629,      -6.261364152,      -4.288309909,      -6.947920846,      -4.671801269,      -5.614828464,       -1.59096898,         100,      -3.834589025,             100,       -4.58900507,                8,      -6.274542943,    0.001988142903,       2.133160909,               300,               300,               300,     0.07223624925,      0.3475370023,      -1.237661616,                 0,                 0,                 0,      -1.781609734,      0.3475370023,      -1.237661616,                 0,      -3.561236955,   1.266551762e-08,     5.2060964e-07,                 0
          0,           0,         120,      -7.182563775,      -5.878542532,      -6.275974952,      -4.322967397,      -6.956443518,      -4.698061179,      -5.625354936,      -1.600560501,         100,      -3.877502214,             100,      -4.869252509,                8,      -6.276337149,    0.001992523439,       2.135204152,               300,               300,               300,     0.07223624925,       0.347082612,      -1.235686146,                 0,                 0,                 0,      -1.779004029,       0.347082612,      -1.235686146,                 0,      -3.560207579,   1.580747484e-08,   4.679344095e-07,                 0
          0,           0,         121,      -7.213001706,      -5.891139757,      -6.289904757,      -4.353405293,      -6.964869733,      -4.725855939,      -5.636093389,      -1.611860163,         100,      -3.895334879,             100,      -4.794952343,                8,      -6.310785202,    0.001989686135,       2.137022189,               300,               300,               300,     0.07223624925,      0.3467110855,      -1.234038192,                 0,                 0,                 0,      -1.776851582,      0.3467110855,      -1.234038192,                 0,      -3.559269501,   1.392493742e-08,   5.861917412e-07,                 0
          0,           0,         122,      -7.239317836,      -5.903897421,      -6.303266466,      -4.379721467,      -6.973182254,      -4.754558096,       -5.64704206,      -1.624813125,         100,      -3.896149681,             100,      -4.836044256,                8,      -6.307792589,     0.00198828336,       2.138621408,               300,               300,               300,     0.07223624925,      0.3464139658,      -1.232685642,                 0,                 0,                 0,      -1.775114493,      0.3464139658,      -1.232685642,                 0,      -3.558417859,   1.034055815e-09,   3.166149535e-07,                 0
          0,           0,         123,      -7.262166051,      -5.916821781,      -6.316192621,      -4.402569656,      -6.981376506,      -4.783321283,      -5.658194376,       -1.63882557,         100,      -3.846786863,             100,      -4.719781323,                8,      -6.297074627,    0.001988290007,       2.140010506,               300,               300,               300,     0.07223624925,      0.3461845904,      -1.231612411,                 0,                 0,                 0,      -1.773757382,      0.3461845904,      -1.231612411,                 0,      -3.557675428,   3.067650093e-09,   4.071869545e-07,                 0
          0,           0,         124,      -7.282428111,       -5.92992487,      -6.328818869,      -4.422831709,      -6.989447338,      -4.811346841,      -5.669541228,      -1.654403096,         100,      -3.830764697,             100,       -4.52096675,                8,      -6.277154432,    0.001989675574,        2.14120079,               300,               300,               300,     0.07223624925,      0.3460139261,      -1.230782829,                 0,                 0,                 0,       -1.77273757,      0.3460139261,      -1.230782829,                 0,      -3.557032642,   2.411976637e-09,   3.929722505e-07,                 0
          0,           0,         125,      -7.301150227,      -5.943202857,      -6.341275511,      -4.441553801,      -6.997395333,      -4.837807133,      -5.681069047,      -1.669973239,         100,      -3.834300111,             100,      -4.626191102,                8,      -6.259097514,    0.001992403444,       2.142204835,               300,               300,               300,     0.07223624925,      0.3458950802,      -1.230178084,                 0,                 0,                 0,      -1.772016669,      0.3458950802,      -1.230178084,                 0,      -3.556506451,   4.001419832e-09,   3.208093625e-07,                 0
          0,           0,         126,      -7.319255731,      -5.956679245,      -6.353697019,      -4.459659312,      -7.005227016,      -4.862108011,      -5.692762408,      -1.686381354,         100,      -3.788286629,             100,      -4.591226506,                8,       -6.28476903,    0.001996431706,       2.143036879,               300,               300,               300,     0.07223624925,      0.3458192782,      -1.229761688,                 0,                 0,                 0,      -1.771551376,      0.3458192782,      -1.229761688,                 0,      -3.556081936,   2.873892509e-09,   3.124190636e-07,                 0
          0,           0,         127,      -7.337558417,       -5.97039218,      -6.366216046,      -4.477962001,      -7.012950888,      -4.883857002,      -5.704602896,      -1.703233727,         100,      -3.774352442,             100,      -4.450421102,                8,      -6.228542946,    0.002001714671,       2.143711594,               300,               300,               300,     0.07223624925,      0.3457801349,      -1.229514812,                 0,                 0,                 0,      -1.771304189,      0.3457801349,      -1.229514812,                 0,      -3.555770525,   4.483231626e-09,   3.008075816e-07,                 0
          0,           0,         128,      -7.356605634,      -5.984332863,      -6.378896965,      -4.497009239,      -7.020575573,      -4.903043157,      -5.716570923,       -1.71994026,         100,      -3.700895692,             100,      -4.487464291,                8,      -6.256431645,    0.002008204248,        2.14424484,               300,               300,               300,     0.07223624925,      0.3457695944,      -1.229402048,                 0,                 0,                 0,      -1.771234022,      0.3457695944,      -1.229402048,                 0,      -3.555552794,    4.24353262e-09,   2.421071507e-07,                 0
          0,           0,         129,      -7.376854566,      -5.998549199,      -6.391849865,      -4.517258135,      -7.028110192,      -4.919942016,      -5.728645061,      -1.737072478,         100,       -3.69752912,             100,      -4.413585019,                8,       -6.31767053,    0.002015851347,       2.144652261,               300,               300,               300,     0.07223624925,      0.3457821558,      -1.229406352,                 0,                 0,                 0,      -1.771306799,      0.3457821558,      -1.229406352,                 0,      -3.555436077,   4.197622756e-09,   1.858591744e-07,                 0
          0,           0,         130,      -7.398521925,      -6.013049726,      -6.405101381,       -4.53892549,      -7.035564006,      -4.935088591,      -5.740804665,      -1.753664222,         100,      -3.688734387,             100,      -4.531264919,                8,      -6.285834899,     0.00202460685,       2.144950071,               300,               300,               300,     0.07223624925,      0.3458107666,      -1.229494788,                 0,                 0,                 0,       -1.77148577,      0.3458107666,      -1.229494788,                 0,      -3.555397654,   2.881573274e-09,   1.613204768e-07,                 0
          0,           0,         131,      -7.421758011,       -6.02785516,      -6.418694475,      -4.562161577,      -7.042945497,      -4.949156769,      -5.753028599,      -1.770247586,         100,      -3.644667376,             100,      -4.440607012,                8,      -6.311777909,    0.002034422982,       2.145153794,               300,               300,               300,     0.07223624925,      0.3458510081,       -1.22965331,                 0,                 0,                 0,      -1.771741896,      0.3458510081,       -1.22965331,                 0,      -3.555442319,   2.341868577e-10,   1.433928314e-07,                 0
          0,           0,         132,      -7.446563673,      -6.042979394,      -6.432631826,      -4.586967269,      -7.050262669,      -4.962773066,      -5.765297617,      -1.786914686,         100,      -3.689877081,             100,      -4.502188199,                8,      -6.298170285,    0.002021917631,       2.145278982,               300,               300,               300,     0.07223624925,      0.3458969632,      -1.229852353,                 0,                 0,                 0,      -1.772044004,      0.3458969632,      -1.229852353,                 0,      -3.555545391,   1.006070144e-09,   1.137645391e-07,                 0
          0,           0,         133,      -7.472833926,      -6.058410535,      -6.446900275,      -4.613237541,      -7.057522155,       -4.97654557,      -5.777592856,      -1.803394587,         100,      -3.604532381,             100,      -4.507312819,                8,      -6.258579551,    0.002002378395,       2.145340095,               300,               300,               300,     0.07223624925,      0.3459454551,      -1.230081844,                 0,                 0,                 0,      -1.772369343,      0.3459454551,      -1.230081844,                 0,      -3.555710375,  -3.668869154e-10,   1.118997446e-07,                 0
          0,           0,         134,      -7.500385053,      -6.074146415,      -6.461479442,      -4.640788601,       -7.06472689,      -4.990850011,      -5.789898038,      -1.819640874,         100,      -3.637104998,             100,      -4.427077822,                8,      -6.268862439,    0.001983992562,       2.145351171,               300,               300,               300,     0.07223624925,      0.3459918536,      -1.230316437,                 0,                 0,                 0,      -1.772693459,      0.3459918536,      -1.230316437,                 0,      -3.555911575,   -6.70642673e-10,   1.148175785e-07,                 0
          0,           0,         135,      -7.528860166,      -6.090138832,      -6.476311049,      -4.669263837,      -7.071877832,      -5.006042809,      -5.802197629,      -1.835848096,         100,      -3.583378366,             100,      -4.323463502,                8,      -6.247960908,    0.001966696425,        2.14532478,               300,               300,               300,     0.07223624925,      0.3460343513,       -1.23055081,                 0,                 0,                 0,      -1.773000804,      0.3460343513,       -1.23055081,                 0,      -3.556152173,  -1.425716196e-09,   1.388943724e-07,                 0
          0,           0,         136,       -7.55790415,      -6.106394286,      -6.491367938,      -4.698307756,      -7.078978128,      -5.022201916,      -5.814478719,      -1.851797605,         100,      -3.624072703,             100,      -4.431854797,                8,      -6.240142773,    0.001950437372,        2.14527276,               300,               300,               300,     0.07223624925,      0.3460697032,      -1.230764491,                 0,                 0,                 0,       -1.77327439,      0.3460697032,      -1.230764491,                 0,      -3.556406352,  -1.593979894e-09,   1.347690517e-07,                 0
          0,           0,         137,      -7.586963708,      -6.122852329,      -6.506579349,      -4.727367263,      -7.086028388,      -5.039392439,      -5.826729374,      -1.867836097,         100,      -3.619596268,             100,      -4.393533953,                8,      -6.203748981,    0.001935170362,       2.145205166,               300,               300,               300,     0.07223624925,      0.3460975223,      -1.230957437,                 0,                 0,                 0,      -1.773506375,      0.3460975223,      -1.230957437,                 0,      -3.556677981,  -1.278889639e-09,   1.260573521e-07,                 0
          0,           0,         138,      -7.615573857,      -6.139503678,      -6.521921895,      -4.755977457,      -7.093028115,      -5.057405553,      -5.838939881,      -1.883936426,         100,      -3.610867136,             100,      -4.443694587,                8,      -6.263590017,    0.001920857363,       2.145131079,               300,               300,               300,     0.07223624925,      0.3461159177,      -1.231114269,                 0,                 0,                 0,      -1.773687286,      0.3461159177,      -1.231114269,                 0,      -3.556942069,  -2.091337098e-09,   9.688323514e-08,                 0
          0,           0,         139,      -7.643191975,      -6.156296942,      -6.537345976,      -4.783595538,       -7.09998109,      -5.076064014,      -5.851101428,      -1.900107417,         100,      -3.703045675,             100,       -4.35372623,                8,      -6.219732645,    0.001907470482,       2.145057618,               300,               300,               300,     0.07223624925,      0.3461258178,      -1.231240209,                 0,                 0,                 0,      -1.773816652,      0.3461258178,      -1.231240209,                 0,      -3.557204188,  -9.804207582e-10,    7.38741565e-08,                 0
          0,           0,         140,      -7.669501936,      -6.173202111,      -6.552826498,       -4.80990546,      -7.106890741,      -5.094985155,      -5.863206909,      -1.916366415,         100,      -3.714701226,             100,      -4.420717932,                8,      -6.242487002,    0.001894986834,       2.144990836,               300,               300,               300,     0.07223624925,      0.3461265042,      -1.231324694,                 0,                 0,                 0,      -1.773891794,      0.3461265042,      -1.231324694,                 0,      -3.557441222,  -5.358473563e-10,   6.180924874e-08,                 0
          0,           0,         141,      -7.694308852,      -6.190196155,      -6.568357738,      -4.834712479,      -7.113762033,      -5.113868133,      -5.875249858,      -1.932745144,         100,      -3.752917719,             100,      -4.301802248,                8,      -6.199952151,    0.001883388438,       2.144934797,               300,               300,               300,     0.07223624925,      0.3461199486,      -1.231377587,                 0,                 0,                 0,      -1.773918408,      0.3461199486,      -1.231377587,                 0,      -3.557661417,   8.978261133e-10,   8.015621855e-08,                 0
          0,           0,         142,      -7.717692006,      -6.207241423,       -6.58392179,      -4.858095534,      -7.120600061,      -5.132296918,      -5.887225033,      -1.949187025,         100,      -3.754297453,             100,      -4.333720266,                8,      -6.221870871,    0.001872661854,       2.144892566,               300,               300,               300,     0.07223624925,      0.3461062786,      -1.231392285,                 0,                 0,                 0,      -1.773899076,      0.3461062786,      -1.231392285,                 0,        -3.5578444,   9.207140776e-10,   7.452501177e-08,                 0
          0,           0,         143,      -7.739865518,      -6.224325976,      -6.599552791,      -4.880269072,      -7.127413306,      -5.149992341,      -5.899127597,       -1.96572485,         100,      -3.769697018,             100,      -4.260854081,                8,      -6.116220676,    0.001862798532,       2.144865375,               300,               300,               300,     0.07223624925,       0.346088122,      -1.231382119,                 0,                 0,                 0,      -1.773843771,       0.346088122,      -1.231382119,                 0,      -3.558001678,   5.964263648e-10,   8.396826238e-08,                 0
          0,           0,         144,      -7.761196219,      -6.241372942,      -6.615243964,      -4.901599815,      -7.134211102,       -5.16667424,      -5.910953533,      -1.982075408,         100,       -3.76639047,             100,      -4.307405428,                8,      -6.212877824,      0.0018516359,        2.14485369,               300,               300,               300,     0.07223624925,      0.3460660302,      -1.231343097,                 0,                 0,                 0,      -1.773758192,      0.3460660302,      -1.231343097,                 0,      -3.558116053,   5.767144159e-10,   7.804243676e-08,                 0
          0,           0,         145,      -7.781992618,      -6.258326157,      -6.631010516,      -4.922396139,      -7.141003669,      -5.182248694,        -5.9226992,      -1.998415664,         100,      -3.709871411,             100,      -4.341884747,                8,      -6.169902134,    0.001832752703,       2.144856435,               300,               300,               300,     0.07223624925,      0.3460428584,      -1.231290525,                 0,                 0,                 0,      -1.773654348,      0.3460428584,      -1.231290525,                 0,      -3.558202386,   5.142188559e-10,   5.563498663e-08,                 0
          0,           0,         146,      -7.802586639,      -6.275166085,      -6.646881372,      -4.942990287,       -7.14780009,      -5.196714313,      -5.934361666,      -2.014527158,         100,      -3.708820419,             100,      -4.415877126,                8,      -6.179757496,    0.001814349508,       2.144872124,               300,               300,               300,     0.07223624925,      0.3460191794,      -1.231221524,                 0,                 0,                 0,      -1.773538858,      0.3460191794,      -1.231221524,                 0,      -3.558246472,   8.564706972e-10,   6.392965045e-08,                 0
          0,           0,         147,      -7.823064764,      -6.291857665,      -6.662846229,      -4.963468309,      -7.154612044,      -5.210206972,      -5.945938594,      -2.030409415,         100,       -3.59474816,             100,      -4.599635706,                8,      -6.164627967,    0.001796408778,       2.144898124,               300,               300,               300,     0.07223624925,      0.3459976917,      -1.231151818,                 0,                 0,                 0,      -1.773423609,      0.3459976917,      -1.231151818,                 0,      -3.558265987,   5.320707241e-10,   5.344736594e-08,                 0
          0,           0,         148,      -7.843338507,      -6.308405263,      -6.678919477,      -4.983741992,      -7.161450511,       -5.22290489,       -5.95742847,      -2.045769977,         100,      -3.570136779,             100,      -4.366448439,                8,      -6.202736619,    0.001778913886,       2.144931795,               300,               300,               300,     0.07223624925,      0.3459786635,      -1.231078227,                 0,                 0,                 0,      -1.773314206,      0.3459786635,      -1.231078227,                 0,      -3.558248982,   6.093366749e-10,   4.395647439e-08,                 0
          0,           0,         149,      -7.863109943,      -6.324767821,      -6.695067685,      -5.003513516,      -7.168327524,      -5.235043113,       -5.96883058,      -2.060539732,         100,      -3.507668987,             100,      -4.330586988,                8,      -6.175290629,    0.001761849894,       2.144969759,               300,               300,               300,     0.07223624925,       0.345964371,      -1.231015617,                 0,                 0,                 0,      -1.773220767,       0.345964371,      -1.231015617,                 0,      -3.558215008,   6.368740559e-11,   3.710574636e-08,                 0
          0,           0,         150,      -7.881981762,      -6.340927173,      -6.711268628,      -5.022385181,      -7.175252261,      -5.246865676,      -5.980144903,      -2.074628833,         100,      -3.601891896,             100,      -4.375326465,                8,      -6.144810381,    0.001745202562,       2.145009038,               300,               300,               300,     0.07223624925,      0.3459545793,      -1.230959453,                 0,                 0,                 0,      -1.773146555,      0.3459545793,      -1.230959453,                 0,      -3.558153373,   2.791600748e-10,   2.745100096e-08,                 0
          0,           0,         151,      -7.899629322,      -6.356881389,      -6.727504253,      -5.040032863,      -7.182236733,      -5.258596553,      -5.991372201,      -2.088128689,         100,      -3.569263022,             100,      -4.509548146,                8,      -6.154874002,    0.001728958287,        2.14504627,               300,               300,               300,     0.07223624925,      0.3459510108,      -1.230922879,                 0,                 0,                 0,      -1.773098937,      0.3459510108,      -1.230922879,                 0,      -3.558084354,  -8.101990219e-11,   2.586820831e-08,                 0
          0,           0,         152,      -7.915763001,      -6.372651266,         -6.743756,      -5.056166583,      -7.189289899,      -5.270419206,      -6.002513858,      -2.100888101,         100,      -3.621850413,             100,      -4.506050732,                8,      -6.164917778,    0.001713104578,       2.145078808,               300,               300,               300,     0.07223624925,      0.3459528683,      -1.230899413,                 0,                 0,                 0,      -1.773078231,      0.3459528683,      -1.230899413,                 0,      -3.557997421,   9.515181104e-11,   1.924352782e-08,                 0
          0,           0,         153,      -7.930395417,      -6.388231901,      -6.759973465,      -5.070798993,      -7.196421976,      -5.282461194,       -6.01357197,      -2.112931643,         100,      -3.574756023,             100,      -4.501963846,                8,      -6.181011265,    0.001697629675,       2.145103897,               300,               300,               300,     0.07223624925,      0.3459613187,      -1.230900142,                 0,                 0,                 0,      -1.773088793,      0.3459613187,      -1.230900142,                 0,       -3.55791262,   2.550365341e-10,   2.889796153e-08,                 0
          0,           0,         154,      -7.943670501,      -6.403665827,      -6.776150627,      -5.084074106,       -7.20364111,      -5.294778593,       -6.02454901,      -2.124411489,         100,      -3.638182917,             100,      -4.533750089,                8,      -6.179196987,     0.00168252281,       2.145119706,               300,               300,               300,     0.07223624925,      0.3459750513,      -1.230916527,                 0,                 0,                 0,      -1.773128036,      0.3459750513,      -1.230916527,                 0,      -3.557818758,   1.637025733e-10,   2.453674687e-08,                 0
          0,           0,         155,      -7.956066441,      -6.418943968,      -6.792233546,      -5.096470066,      -7.210954872,      -5.307407714,      -6.035447883,      -2.135401186,         100,      -3.596732664,             100,      -4.514733898,                8,      -6.171354513,    0.001667773717,       2.145124445,               300,               300,               300,     0.07223624925,      0.3459947697,       -1.23095768,                 0,                 0,                 0,       -1.77319761,      0.3459947697,       -1.23095768,                 0,      -3.557734935,    3.47171411e-11,   2.108943317e-08,                 0
          0,           0,         156,      -7.968125779,      -6.434109989,      -6.808220327,       -5.10852933,      -7.218369779,      -5.320296854,      -6.046271324,      -2.146210172,         100,      -3.629691745,             100,       -4.53985868,                8,      -6.174835902,    0.001653372424,        2.14511734,               300,               300,               300,     0.07223624925,      0.3460187705,      -1.231013258,                 0,                 0,                 0,      -1.773292539,      0.3460187705,      -1.231013258,                 0,      -3.557648782,  -9.698257841e-11,   1.919781736e-08,                 0
          0,           0,         157,       -7.98056739,      -6.449169114,      -6.824078663,       -5.12097099,      -7.225892488,       -5.33340769,      -6.057021917,      -2.156856657,         100,       -3.69157317,             100,      -4.484412875,                8,      -6.165587865,    0.001639309645,       2.145097687,               300,               300,               300,     0.07223624925,      0.3460474329,      -1.231090796,                 0,                 0,                 0,       -1.77341243,      0.3460474329,      -1.231090796,                 0,       -3.55757818,  -5.592618596e-10,   2.682550179e-08,                 0
          0,           0,         158,       -7.99392689,      -6.464141383,      -6.839788673,      -5.134330469,      -7.233528555,      -5.346592413,      -6.067701717,      -2.167399218,         100,      -3.677731297,             100,      -4.614680497,                8,      -6.173481086,    0.001625576511,       2.145065791,               300,               300,               300,     0.07223624925,      0.3460788092,      -1.231178644,                 0,                 0,                 0,       -1.77355068,      0.3460788092,      -1.231178644,                 0,       -3.55750948,  -5.598406079e-10,   2.040473747e-08,                 0
          0,           0,         159,      -8.008750327,      -6.479035557,        -6.8553323,      -5.149153964,      -7.241282229,      -5.359810786,       -6.07831236,      -2.178122259,         100,      -3.734909848,             100,      -4.661413388,                8,      -6.113794621,    0.001612164428,       2.145021961,               300,               300,               300,     0.07223624925,      0.3461130973,      -1.231283281,                 0,                 0,                 0,      -1.773705621,      0.3461130973,      -1.231283281,                 0,      -3.557459369,  -1.378878602e-11,   1.782019869e-08,                 0
          0,           0,         160,       -8.02529579,      -6.493858485,      -6.870684885,      -5.165699441,      -7.249156193,      -5.372871163,      -6.088854581,      -2.189091493,         100,      -3.744784265,             100,      -4.808882202,                8,       -6.15656569,    0.001599065175,       2.144967428,               300,               300,               300,     0.07223624925,      0.3461482429,       -1.23139227,                 0,                 0,                 0,      -1.773869786,      0.3461482429,       -1.23139227,                 0,      -3.557413032,   4.976287248e-10,    1.34100398e-08,                 0
          0,           0,         161,      -8.043701548,      -6.508620765,      -6.885843151,       -5.18410517,      -7.257153175,      -5.385784936,      -6.099328543,      -2.199938094,         100,         -3.726902,             100,      -5.181816069,                8,      -6.160840231,    0.001586270787,       2.144903307,               300,               300,               300,     0.07223624925,       0.346184398,      -1.231511607,                 0,                 0,                 0,      -1.774041008,       0.346184398,      -1.231511607,                 0,       -3.55738622,  -1.074634216e-10,   2.043233267e-08,                 0
          0,           0,         162,      -8.063783972,      -6.523326565,      -6.900793753,      -5.204187635,      -7.265273293,      -5.398379525,      -6.109733455,      -2.210963948,         100,      -3.660751988,             100,      -5.104046172,                8,      -6.177203477,    0.001573773617,       2.144831503,               300,               300,               300,     0.07223624925,      0.3462195087,      -1.231628562,                 0,                 0,                 0,      -1.774211609,      0.3462195087,      -1.231628562,                 0,      -3.557363266,  -1.348547309e-11,   1.690379972e-08,                 0
          0,           0,         163,      -8.085111226,      -6.537973374,       -6.91553509,      -5.225514965,      -7.273515854,       -5.41075573,      -6.120067954,      -2.222041145,         100,       -3.71770741,             100,      -4.886053007,                8,      -6.172762374,     0.00156156632,       2.144753662,               300,               300,               300,     0.07223624925,      0.3462537809,      -1.231749094,                 0,                 0,                 0,      -1.774379515,      0.3462537809,      -1.231749094,                 0,      -3.557359261,   5.942785267e-11,   1.886824435e-08,                 0
          0,           0,         164,      -8.106910106,      -6.552539075,      -6.930042489,      -5.247313807,      -7.281878255,      -5.422781619,      -6.130329644,      -2.233092793,         100,      -3.712684141,             100,      -4.813280487,                8,      -6.172895383,    0.001549641672,       2.144672068,               300,               300,               300,     0.07223624925,      0.3462852536,      -1.231860593,                 0,                 0,                 0,      -1.774537392,      0.3462852536,      -1.231860593,                 0,      -3.557357931,  -1.648163105e-10,   1.837029368e-08,                 0
          0,           0,         165,      -8.128105496,      -6.567042721,      -6.944353467,      -5.268509138,      -7.290356871,      -5.434628511,      -6.140515801,      -2.244015039,         100,      -3.723692577,             100,      -4.788929092,                8,      -6.153874627,    0.001537992655,       2.144588606,               300,               300,               300,     0.07223624925,      0.3463142656,       -1.23196936,                 0,                 0,                 0,      -1.774683742,      0.3463142656,       -1.23196936,                 0,      -3.557373986,  -1.934479521e-12,   2.439392261e-08,                 0
          0,           0,         166,      -8.147395903,      -6.581448563,      -6.958445674,      -5.287799627,      -7.298947116,      -5.446185311,      -6.150622606,      -2.254708023,         100,      -3.722094734,             100,      -4.602053019,                8,      -6.120232287,    0.001526612218,       2.144505662,               300,               300,               300,     0.07223624925,      0.3463390071,      -1.232063192,                 0,                 0,                 0,      -1.774811934,      0.3463390071,      -1.232063192,                 0,      -3.557390785,   6.905821508e-10,   3.791397339e-08,                 0
          0,           0,         167,      -8.163320898,      -6.595768367,      -6.972358658,       -5.30372463,      -7.307642537,      -5.457639256,      -6.160645994,      -2.265065535,         100,      -3.710333551,             100,      -4.693953165,                8,      -6.158383142,    0.001515493791,       2.144425098,               300,               300,               300,     0.07223624925,      0.3463599966,      -1.232148955,                 0,                 0,                 0,       -1.77492133,      0.3463599966,      -1.232148955,                 0,      -3.557422818,   7.889382236e-10,   4.017024521e-08,                 0
          0,           0,         168,      -8.174704376,      -6.609969117,      -6.986081169,       -5.31510817,      -7.316436384,      -5.468841197,      -6.170580818,      -2.274959494,         100,      -3.653726168,             100,      -4.565960707,                8,      -6.170742991,    0.001504630428,       2.144349162,               300,               300,               300,     0.07223624925,      0.3463756255,      -1.232215072,                 0,                 0,                 0,      -1.775006291,      0.3463756255,      -1.232215072,                 0,      -3.557453185,   1.829908175e-09,   6.547888603e-08,                 0
          0,           0,         169,      -8.180726674,      -6.624069355,       -6.99966927,      -5.321130349,      -7.325321492,      -5.479923899,      -6.180421806,      -2.284327271,         100,      -3.625051785,             100,      -4.572563742,                8,      -6.144950057,    0.001494015747,       2.144279475,               300,               300,               300,     0.07223624925,      0.3463866315,      -1.232269151,                 0,                 0,                 0,       -1.77506727,      0.3463866315,      -1.232269151,                 0,      -3.557496274,   1.318987429e-09,   4.815094735e-08,                 0
          0,           0,         170,      -8.181416808,       -6.63802487,      -7.013103053,      -5.321820635,       -7.33428935,      -5.490679931,      -6.190162479,      -2.293039294,         100,      -3.649255871,             100,      -4.615442191,                8,      -6.171407444,     0.00148364332,       2.144217952,               300,               300,               300,     0.07223624925,      0.3463916316,       -1.23230037,                 0,                 0,                 0,      -1.775099772,      0.3463916316,       -1.23230037,                 0,      -3.557535049,   1.327773374e-09,   6.213062246e-08,                 0
          0,           0,         171,      -8.177345548,      -6.651846693,      -7.026428654,      -5.317749252,      -7.343331956,      -5.501162187,      -6.199796303,      -2.301040234,         100,      -3.622937471,             100,      -4.447516429,                8,      -6.159172514,    0.001473506742,        2.14416581,               300,               300,               300,     0.07223624925,      0.3463916027,      -1.232317169,                 0,                 0,                 0,      -1.775105462,      0.3463916027,      -1.232317169,                 0,      -3.557583843,   1.069976927e-09,   6.291435653e-08,                 0
          0,           0,         172,       -8.16978191,      -6.665509079,      -7.039652108,      -5.310185644,      -7.352441113,      -5.511117544,      -6.209315506,      -2.308281517,         100,       -3.66387667,             100,       -4.60084246,                8,      -6.170470798,    0.001463599976,       2.144124505,               300,               300,               300,     0.07223624925,      0.3463853987,      -1.232309547,                 0,                 0,                 0,      -1.775081067,      0.3463853987,      -1.232309547,                 0,      -3.557625556,   1.101174097e-09,   4.077345974e-08,                 0
          0,           0,         173,        -8.1599985,      -6.679008372,      -7.052796951,      -5.300402251,      -7.361607926,       -5.52053869,      -6.218712215,      -2.314737661,         100,      -3.705986307,             100,      -4.555394388,                8,      -6.140541286,    0.001453916728,       2.144094747,               300,               300,               300,     0.07223624925,      0.3463742343,      -1.232286808,                 0,                 0,                 0,      -1.775029484,      0.3463742343,      -1.232286808,                 0,      -3.557674577,   1.064554635e-09,   3.411735407e-08,                 0
          0,           0,         174,      -8.149406688,      -6.692338603,      -7.065896941,      -5.289810407,      -7.370825897,      -5.529206037,      -6.227977507,      -2.320420008,         100,      -3.706089211,             100,       -4.66461787,                8,      -6.176432998,    0.001444451124,       2.144077455,               300,               300,               300,     0.07223624925,      0.3463571912,      -1.232239779,                 0,                 0,                 0,      -1.774948646,      0.3463571912,      -1.232239779,                 0,      -3.557713858,     8.3675221e-10,   3.127847163e-08,                 0
          0,           0,         175,      -8.139038224,      -6.705490956,      -7.078969236,      -5.279441996,      -7.380087186,      -5.537089612,      -6.237102466,      -2.325361425,         100,      -3.819811798,             100,      -4.663617638,                8,      -6.179606205,    0.001435197264,       2.144072789,               300,               300,               300,     0.07223624925,      0.3463356963,      -1.232178571,                 0,                 0,                 0,      -1.774842583,      0.3463356963,      -1.232178571,                 0,      -3.557757934,   8.467136779e-10,   2.497186473e-08,                 0
          0,           0,         176,      -8.129803107,       -6.71845017,       -7.09204014,      -5.270206853,      -7.389386589,      -5.544091773,      -6.246077423,      -2.329630859,         100,      -3.808908749,             100,      -4.610249965,                8,      -6.182205116,    0.001426149406,       2.144081115,               300,               300,               300,     0.07223624925,       0.346309026,      -1.232094769,                 0,                 0,                 0,      -1.774710291,       0.346309026,      -1.232094769,                 0,      -3.557789939,   7.340299997e-10,   2.283465426e-08,                 0
          0,           0,         177,      -8.122278743,      -6.731228528,      -7.105151107,      -5.262682472,      -7.398717576,       -5.55022567,      -6.254892951,      -2.333300965,         100,      -3.852623149,             100,      -4.668455206,                8,      -6.180967748,    0.001417301974,       2.144102049,               300,               300,               300,     0.07223624925,      0.3462787753,      -1.231999177,                 0,                 0,                 0,      -1.774556747,      0.3462787753,      -1.231999177,                 0,      -3.557824693,   8.035413398e-10,   1.929651576e-08,                 0
          0,           0,         178,      -8.116892651,      -6.743812786,      -7.118325278,      -5.257296356,      -7.408075395,      -5.555555226,      -6.263539291,      -2.336477109,         100,      -3.863705575,             100,      -4.646797707,                8,      -6.161850659,    0.001408649534,       2.144135443,               300,               300,               300,     0.07223624925,      0.3462443614,      -1.231883994,                 0,                 0,                 0,      -1.774381766,      0.3462443614,      -1.231883994,                 0,      -3.557845647,   7.486770922e-10,   2.268862808e-08,                 0
          0,           0,         179,      -8.113892735,      -6.756208402,      -7.131594464,       -5.25429645,      -7.417456018,      -5.560154853,      -6.272007358,      -2.339261388,         100,      -3.863276818,             100,      -4.595938213,                8,      -6.175485684,    0.001400186742,       2.144180429,               300,               300,               300,     0.07223624925,      0.3462074842,      -1.231760522,                 0,                 0,                 0,      -1.774190974,      0.3462074842,      -1.231760522,                 0,      -3.557867977,   5.976606043e-10,   1.989551981e-08,                 0
          0,           0,         180,      -8.113399077,      -6.768424125,      -7.144997485,      -5.253802782,      -7.426856165,      -5.564237432,      -6.280288327,      -2.341775039,         100,      -3.858498053,             100,       -4.55715141,                8,      -6.165239419,     0.00139190841,       2.144236425,               300,               300,               300,     0.07223624925,      0.3461676372,      -1.231621366,                 0,                 0,                 0,      -1.773984678,      0.3461676372,      -1.231621366,                 0,       -3.55787553,   9.819987336e-10,   2.332173062e-08,                 0
          0,           0,         181,       -8.11547228,      -6.780454144,      -7.158539964,      -5.255875987,      -7.436272715,       -5.56790582,       -6.28837442,      -2.344113604,         100,      -3.839394144,             100,       -4.52989402,                8,      -6.145248858,    0.001383809398,       2.144302185,               300,               300,               300,     0.07223624925,      0.3461265561,      -1.231478101,                 0,                 0,                 0,      -1.773768812,      0.3461265561,      -1.231478101,                 0,      -3.557883899,   5.547257359e-10,   2.237229077e-08,                 0
          0,           0,         182,      -8.120061691,      -6.792335706,      -7.172279636,      -5.260465408,      -7.445703363,      -5.571465679,       -6.29625881,      -2.346388002,         100,      -3.863388559,             100,      -4.488631035,                8,      -6.185262932,    0.001375884811,       2.144376809,               300,               300,               300,     0.07223624925,      0.3460837381,      -1.231323502,                 0,                 0,                 0,      -1.773543812,      0.3460837381,      -1.231323502,                 0,      -3.557877377,  -3.585659466e-11,   1.916417211e-08,                 0
          0,           0,         183,      -8.127116736,      -6.804048889,      -7.186187958,      -5.267520456,      -7.455145344,      -5.575003471,      -6.303936002,      -2.348768031,         100,       -3.82575495,             100,      -4.484034854,                8,      -6.170572832,    0.001368129855,       2.144458807,               300,               300,               300,     0.07223624925,      0.3460408861,      -1.231169165,                 0,                 0,                 0,       -1.77331556,      0.3460408861,      -1.231169165,                 0,      -3.557871959,   2.822129715e-10,   2.739478447e-08,                 0
          0,           0,         184,      -8.136465159,      -6.815658949,      -7.200330164,      -5.276868888,      -7.464596651,       -5.57884814,      -6.311402092,      -2.351178751,         100,      -3.814410801,             100,      -4.472176538,                8,      -6.180378151,    0.001360539908,       2.144547104,               300,               300,               300,     0.07223624925,       0.345997444,      -1.231007824,                 0,                 0,                 0,      -1.773084314,       0.345997444,      -1.231007824,                 0,      -3.557852363,  -1.529053583e-10,   1.687047664e-08,                 0
          0,           0,         185,      -8.147999034,      -6.827139239,      -7.214650865,      -5.288402769,      -7.474055604,      -5.583009695,       -6.31865467,      -2.353877809,         100,      -3.818859997,             100,      -4.566743921,                8,      -6.185208776,     0.00135311036,       2.144640117,               300,               300,               300,     0.07223624925,      0.3459550202,      -1.230850858,                 0,                 0,                 0,      -1.772855579,      0.3459550202,      -1.230850858,                 0,       -3.55783494,  -1.207018967e-10,   2.140199289e-08,                 0
          0,           0,         186,      -8.161412014,      -6.838548689,      -7.229183454,      -5.301815775,      -7.483519992,      -5.587794334,      -6.325693399,      -2.356744977,         100,      -3.829463185,             100,      -4.605948244,                8,      -6.216671627,    0.001345836841,        2.14473675,               300,               300,               300,     0.07223624925,      0.3459129529,      -1.230690747,                 0,                 0,                 0,      -1.772629138,      0.3459129529,      -1.230690747,                 0,      -3.557804751,  -2.362432849e-10,    1.41041531e-08,                 0
          0,           0,         187,      -8.176587579,       -6.84987582,      -7.243877213,      -5.316991298,      -7.492987222,      -5.593138226,       -6.33251943,      -2.359866889,         100,      -3.857480213,             100,      -4.738822656,                8,      -6.189698861,    0.001338715093,       2.144835463,               300,               300,               300,     0.07223624925,      0.3458727192,      -1.230538478,                 0,                 0,                 0,      -1.772409887,      0.3458727192,      -1.230538478,                 0,      -3.557778366,  -3.821620506e-10,   3.378130784e-08,                 0
          0,           0,         188,      -8.193126409,        -6.8611806,      -7.258746251,      -5.333530147,      -7.502455551,      -5.599299793,      -6.339136194,       -2.36335132,         100,      -3.798713538,             100,      -4.706569418,                8,      -6.212803833,    0.001331740925,       2.144935264,               300,               300,               300,     0.07223624925,      0.3458335236,      -1.230386121,                 0,                 0,                 0,      -1.772196949,      0.3458335236,      -1.230386121,                 0,      -3.557741043,   -6.49615215e-10,     3.3283801e-08,                 0
          0,           0,         189,      -8.210890998,      -6.872448401,      -7.273723977,      -5.351294715,      -7.511920846,      -5.606131025,      -6.345548384,      -2.367209206,         100,      -3.811909246,             100,      -4.589587021,                8,       -6.21513495,    0.001324910508,        2.14503477,               300,               300,               300,     0.07223624925,      0.3457966972,      -1.230244163,                 0,                 0,                 0,       -1.77199449,      0.3457966972,      -1.230244163,                 0,      -3.557709409,   -7.36542383e-10,   2.738498811e-08,                 0
          0,           0,         190,      -8.229386052,      -6.883724794,      -7.288792178,      -5.369789789,      -7.521383061,      -5.613831998,      -6.351763141,      -2.371479023,         100,      -3.738211623,             100,      -4.602510333,                8,      -6.234179433,    0.001318220056,         2.1451332,               300,               300,               300,     0.07223624925,      0.3457613057,        -1.2301042,                 0,                 0,                 0,      -1.771800903,      0.3457613057,        -1.2301042,                 0,      -3.557668772,  -2.581104034e-10,   1.584432351e-08,                 0
          0,           0,         191,      -8.248530157,       -6.89500761,       -7.30389886,      -5.388933881,       -7.53083433,      -5.622241057,      -6.357788362,      -2.376160811,         100,      -3.795073145,             100,      -4.689446294,                8,       -6.19420512,     0.00131166575,       2.145229407,               300,               300,               300,     0.07223624925,      0.3457285403,      -1.229976159,                 0,                 0,                 0,        -1.7716196,      0.3457285403,      -1.229976159,                 0,       -3.55763559,  -8.164120831e-11,   2.028477934e-08,                 0
          0,           0,         192,      -8.267767719,      -6.906324821,      -7.319003636,       -5.40817148,      -7.540272506,      -5.631458681,       -6.36363432,      -2.381277966,         100,       -3.77343287,             100,      -4.600191057,                8,      -6.241286756,    0.001305243964,       2.145322873,               300,               300,               300,     0.07223624925,      0.3456973456,      -1.229851162,                 0,                 0,                 0,      -1.771448283,      0.3456973456,      -1.229851162,                 0,      -3.557595041,   1.208258203e-10,   2.083052846e-08,                 0
          0,           0,         193,      -8.287061744,      -6.917661183,      -7.334043025,      -5.427465487,      -7.549694591,      -5.641307646,      -6.369311503,      -2.387132607,         100,      -3.763281532,             100,      -4.663848072,                8,      -6.234415738,    0.001298951279,       2.145412732,               300,               300,               300,     0.07223624925,      0.3456688003,      -1.229738667,                 0,                 0,                 0,      -1.771289729,      0.3456688003,      -1.229738667,                 0,      -3.557563384,   1.836688376e-11,   2.762308218e-08,                 0
          0,           0,         194,      -8.305900345,       -6.92907292,      -7.349007899,      -5.446304104,      -7.559096198,      -5.651875557,      -6.374832659,      -2.393154581,         100,      -3.768500994,             100,      -4.598683246,                8,      -6.245939729,    0.001292784298,       2.145498746,               300,               300,               300,     0.07223624925,      0.3456417588,      -1.229629398,                 0,                 0,                 0,      -1.771141085,      0.3456417588,      -1.229629398,                 0,      -3.557525579,   4.115376025e-10,   3.523403615e-08,                 0
          0,           0,         195,      -8.324308685,      -6.940508884,      -7.363808286,       -5.46471241,       -7.56847364,       -5.66294621,      -6.380210163,       -2.39989975,         100,      -3.747978108,             100,      -4.601983729,                8,      -6.247290717,    0.001286739805,       2.145580336,               300,               300,               300,     0.07223624925,      0.3456172081,      -1.229532413,                 0,                 0,                 0,      -1.771004605,      0.3456172081,      -1.229532413,                 0,       -3.55749767,   4.841881949e-10,    2.60972906e-08,                 0
          0,           0,         196,      -8.341810569,      -6.952016929,       -7.37843485,       -5.48221438,      -7.577823669,      -5.674559509,      -6.385458468,      -2.406761038,         100,      -3.754188712,             100,      -4.551421146,                8,      -6.224490296,    0.001280814625,       2.145657546,               300,               300,               300,     0.07223624925,      0.3455939319,      -1.229438136,                 0,                 0,                 0,      -1.770877021,      0.3455939319,      -1.229438136,                 0,      -3.557464476,   5.472152944e-10,   2.905701699e-08,                 0
          0,           0,         197,      -8.358533282,      -6.963550135,      -7.392816009,       -5.49893703,       -7.58714233,      -5.686520696,      -6.390591239,      -2.413772401,         100,      -3.723157004,             100,      -4.545442085,                8,      -6.179108791,    0.001275005724,       2.145730076,               300,               300,               300,     0.07223624925,      0.3455728535,      -1.229355337,                 0,                 0,                 0,      -1.770760235,      0.3455728535,      -1.229355337,                 0,      -3.557441869,   1.882468257e-10,   1.915662976e-08,                 0
          0,           0,         198,      -8.374076306,       -6.97515293,       -7.40695613,      -5.514480066,      -7.596427671,       -5.69884017,      -6.395623924,      -2.421119459,         100,      -3.745197129,             100,      -4.624626216,                8,      -6.245731542,    0.001269310083,       2.145798222,               300,               300,               300,     0.07223624925,      0.3455527117,      -1.229274236,                 0,                 0,                 0,      -1.770650707,      0.3455527117,      -1.229274236,                 0,      -3.557414527,   3.139155542e-10,   1.576415081e-08,                 0
          0,           0,         199,      -8.388624914,      -6.986758977,      -7.420778217,      -5.529028641,      -7.605675478,      -5.711354107,      -6.400570786,      -2.428772272,         100,      -3.680254062,             100,       -4.70640786,                8,       -6.21642954,    0.001263724804,        2.14586191,               300,               300,               300,     0.07223624925,      0.3455343909,      -1.229203396,                 0,                 0,                 0,      -1.770550102,      0.3455343909,      -1.229203396,                 0,      -3.557398131,   1.384927231e-10,   1.473618016e-08,                 0
          0,           0,         200,      -8.401856764,      -6.998419457,      -7.434304978,      -5.542260512,      -7.614883354,      -5.724046879,      -6.405447695,        -2.4366676,         100,       -3.72827839,             100,       -4.67076002,                8,      -6.242661394,    0.001258247086,       2.145921619,               300,               300,               300,     0.07223624925,       0.345516611,      -1.229132915,                 0,                 0,                 0,      -1.770454735,       0.345516611,      -1.229132915,                 0,      -3.557377202,   3.271809457e-10,   1.513840702e-08,                 0
          0,           0,         201,      -8.414008023,      -7.010054507,      -7.447468225,      -5.554411792,      -7.624047121,      -5.736789052,      -6.410269035,      -2.444829353,         100,      -3.715561396,             100,      -4.543096736,                8,        -6.2169385,    0.001252874308,       2.145977416,               300,               300,               300,     0.07223624925,      0.3455002471,      -1.229071259,                 0,                 0,                 0,      -1.770366177,      0.3455002471,      -1.229071259,                 0,      -3.557367237,   5.969476066e-11,   6.521949927e-09,                 0
          0,           0,         202,      -8.424838576,      -7.021712275,      -7.460301092,      -5.565242396,      -7.633165601,      -5.749575549,      -6.415050681,      -2.453048701,         100,      -3.732329197,             100,      -4.623680106,                8,      -6.223819584,    0.001247603845,       2.146029889,               300,               300,               300,     0.07223624925,      0.3454840304,      -1.229008513,                 0,                 0,                 0,      -1.770280748,      0.3454840304,      -1.229008513,                 0,      -3.557352597,   -3.54839777e-10,   1.035378329e-08,                 0
          0,           0,         203,       -8.43463244,      -7.033326804,      -7.472762499,      -5.575036251,       -7.64223457,       -5.76231067,       -6.41980675,      -2.461359377,         100,      -3.706612687,             100,      -4.513218611,                8,      -6.238924843,    0.001242433116,       2.146079178,               300,               300,               300,     0.07223624925,       0.345468856,      -1.228953153,                 0,                 0,                 0,      -1.770200082,       0.345468856,      -1.228953153,                 0,      -3.557348604,  -3.209590566e-10,   9.987732036e-09,                 0
          0,           0,         204,      -8.443231528,      -7.044928911,      -7.484887517,      -5.583635312,      -7.651252889,       -5.77497634,      -6.424552774,      -2.469637791,         100,      -3.643591454,             100,      -4.778941151,                8,      -6.239920359,    0.001237359682,       2.146125919,               300,               300,               300,     0.07223624925,      0.3454534872,      -1.228895333,                 0,                 0,                 0,      -1.770120618,      0.3454534872,      -1.228895333,                 0,      -3.557339493,   -2.60174319e-10,    1.32584653e-08,                 0
          0,           0,         205,      -8.450968792,      -7.056464065,      -7.496657737,      -5.591372547,      -7.660217584,      -5.787503541,      -6.429302531,      -2.477867562,         100,       -3.69260661,             100,      -4.534376699,                8,       -6.23050792,    0.001232380998,       2.146170272,               300,               300,               300,     0.07223624925,      0.3454388578,      -1.228843625,                 0,                 0,                 0,      -1.770044161,      0.3454388578,      -1.228843625,                 0,       -3.55734046,  -1.168260582e-10,   9.242650842e-09,                 0
          0,           0,         206,      -8.457758914,       -7.06793195,      -7.508091065,      -5.598162663,      -7.669127873,       -5.79987133,      -6.434071003,      -2.486024181,         100,      -3.674848544,             100,      -4.687868393,                8,      -6.243156427,    0.001227494853,       2.146212872,               300,               300,               300,     0.07223624925,      0.3454237767,       -1.22878832,                 0,                 0,                 0,      -1.769967363,      0.3454237767,       -1.22878832,                 0,      -3.557335664,  -6.119670483e-11,   1.058855111e-08,                 0
          0,           0,         207,      -8.463979854,      -7.079300098,      -7.519195914,       -5.60438365,      -7.677980143,      -5.812043627,      -6.438871408,      -2.494127275,         100,      -3.725980793,             100,      -4.553481073,                8,      -6.233141567,     0.00122269885,       2.146253853,               300,               300,               300,     0.07223624925,      0.3454092242,      -1.228738129,                 0,                 0,                 0,      -1.769892259,      0.3454092242,      -1.228738129,                 0,       -3.55734023,  -1.007870612e-10,   9.805259401e-09,                 0
          0,           0,         208,      -8.469638025,       -7.09058352,      -7.530014736,      -5.610041782,      -7.686774741,      -5.824000161,       -6.44371809,      -2.502007023,         100,      -3.723834864,             100,      -4.571988136,                8,       -6.24215218,    0.001217990809,       2.146293801,               300,               300,               300,     0.07223624925,      0.3453940582,      -1.228683509,                 0,                 0,                 0,      -1.769815745,      0.3453940582,      -1.228683509,                 0,      -3.557338291,   5.242544018e-11,    1.07131792e-08,                 0
          0,           0,         209,      -8.475104908,      -7.101733682,      -7.540542129,      -5.615508721,       -7.69550932,      -5.835709749,      -6.448623593,      -2.509122704,         100,      -3.727896729,             100,      -4.558854603,                8,      -6.231902956,    0.001213368496,       2.146332791,               300,               300,               300,     0.07223624925,      0.3453793055,      -1.228633334,                 0,                 0,                 0,      -1.769740105,      0.3453793055,      -1.228633334,                 0,      -3.557344967,   6.277914891e-11,   8.856769765e-09,                 0
          0,           0,         210,      -8.480429907,      -7.112775133,      -7.550843135,      -5.620833733,      -7.704183715,       -5.84716987,      -6.453601567,      -2.517378002,         100,      -3.776358099,             100,      -4.548136068,                8,      -6.222115392,    0.001208829806,       2.146371333,               300,               300,               300,     0.07223624925,      0.3453638714,       -1.22857824,                 0,                 0,                 0,       -1.76966249,      0.3453638714,       -1.22857824,                 0,      -3.557344418,   1.039299686e-10,   1.350614777e-08,                 0
          0,           0,         211,       -8.48595779,       -7.12364588,      -7.560896722,      -5.626361588,      -7.712794966,      -5.858358989,      -6.458663832,      -2.524552647,         100,      -3.764915858,             100,      -4.589065021,                8,      -6.229839005,     0.00120437267,       2.146409417,               300,               300,               300,     0.07223624925,      0.3453488253,      -1.228527262,                 0,                 0,                 0,      -1.769585421,      0.3453488253,      -1.228527262,                 0,      -3.557351791,   7.554147816e-11,   1.215771134e-08,                 0
          0,           0,         212,      -8.491736144,       -7.13439649,      -7.570779245,      -5.632139956,       -7.72134386,      -5.869320865,      -6.463823277,      -2.531533699,         100,      -3.756708887,             100,      -4.619898169,                8,      -6.230524962,    0.001199995021,       2.146447459,               300,               300,               300,     0.07223624925,      0.3453331128,      -1.228471199,                 0,                 0,                 0,      -1.769506274,      0.3453331128,      -1.228471199,                 0,      -3.557351304,   1.997042628e-11,   1.527860182e-08,                 0
          0,           0,         213,      -8.498093123,      -7.144974056,      -7.580478273,      -5.638496935,      -7.729828254,      -5.880012727,      -6.469090927,      -2.538303205,         100,      -3.747674282,             100,      -4.551653349,                8,      -6.220089092,    0.001195694908,       2.146485354,               300,               300,               300,     0.07223624925,      0.3453178376,      -1.228419229,                 0,                 0,                 0,      -1.769427774,      0.3453178376,      -1.228419229,                 0,      -3.557358166,  -1.716392759e-10,   1.527089875e-08,                 0
          0,           0,         214,      -8.505004105,      -7.155415576,      -7.590059486,      -5.645407926,      -7.738250101,      -5.890520378,      -6.474478891,      -2.544863939,         100,       -3.76297161,             100,       -4.72987577,                8,      -6.184947774,    0.001191470439,       2.146523426,               300,               300,               300,     0.07223624925,       0.345301978,      -1.228362298,                 0,                 0,                 0,       -1.76934749,       0.345301978,      -1.228362298,                 0,      -3.557356681,  -1.924201011e-10,   1.372928353e-08,                 0
          0,           0,         215,        -8.5127623,      -7.165674017,      -7.599510052,       -5.65316608,      -7.746607464,      -5.900804478,      -6.479997415,      -2.551218786,         100,      -3.768370027,             100,      -4.583791221,                8,      -6.206437362,    0.001187319653,       2.146561474,               300,               300,               300,     0.07223624925,      0.3452866616,      -1.228309694,                 0,                 0,                 0,      -1.769268296,      0.3452866616,      -1.228309694,                 0,      -3.557362129,   -1.54779048e-10,   1.010535014e-08,                 0
          0,           0,         216,      -8.521288319,      -7.175807773,      -7.608919416,      -5.661692144,       -7.75490181,      -5.911000492,      -6.485657787,      -2.557396232,         100,      -3.753757752,             100,      -4.787049491,                8,       -6.23354732,    0.001183240769,       2.146599734,               300,               300,               300,     0.07223624925,      0.3452708883,      -1.228252469,                 0,                 0,                 0,      -1.769187896,      0.3452708883,      -1.228252469,                 0,      -3.557358904,  -3.217215804e-10,   9.854229283e-09,                 0
          0,           0,         217,      -8.530831569,      -7.185767701,      -7.618242405,       -5.67123531,      -7.763131577,      -5.921041251,      -6.491469418,      -2.563191188,         100,      -3.780943459,             100,      -4.652103873,                8,      -6.214043108,    0.001179231863,       2.146637927,               300,               300,               300,     0.07223624925,      0.3452557991,      -1.228199989,                 0,                 0,                 0,      -1.769109263,      0.3452557991,      -1.228199989,                 0,      -3.557362373,   -6.89934599e-11,   6.585961412e-09,                 0
          0,           0,         218,      -8.541228443,        -7.1956147,      -7.627560697,      -5.681632253,      -7.771299248,      -5.931122457,      -6.497442797,      -2.569313289,         100,       -3.74819741,             100,      -4.586187498,                8,      -6.232002596,    0.001175291267,       2.146676215,               300,               300,               300,     0.07223624925,       0.345240404,      -1.228143375,                 0,                 0,                 0,      -1.769030175,       0.345240404,      -1.228143375,                 0,      -3.557357022,   -2.94579027e-10,   8.704013671e-09,                 0
          0,           0,         219,      -8.552723906,       -7.20531986,       -7.63684788,      -5.693127671,      -7.779403256,      -5.941136466,      -6.503586462,      -2.575098263,         100,      -3.773455976,             100,      -4.614268885,                8,       -6.21629433,    0.001171417235,       2.146714254,               300,               300,               300,     0.07223624925,      0.3452258467,      -1.228092029,                 0,                 0,                 0,      -1.768953646,      0.3452258467,      -1.228092029,                 0,      -3.557358295,  -2.379501778e-10,   9.370163303e-09,                 0
          0,           0,         220,      -8.565032856,      -7.214928792,      -7.646155916,      -5.705436698,      -7.787446247,      -5.951323684,      -6.509910056,      -2.580812234,         100,      -3.785986428,             100,      -4.547011437,                8,      -6.217085754,    0.001167608055,       2.146752158,               300,               300,               300,     0.07223624925,      0.3452111361,      -1.228037098,                 0,                 0,                 0,      -1.768877465,      0.3452111361,      -1.228037098,                 0,      -3.557350762,  -3.298300303e-10,   8.910050747e-09,                 0
          0,           0,         221,      -8.578405694,      -7.224413895,      -7.655458271,      -5.718809495,      -7.795426392,      -5.961539911,      -6.516421266,      -2.586481447,         100,      -3.804886078,             100,      -4.507594708,                8,      -6.211163679,    0.001163862123,       2.146789544,               300,               300,               300,     0.07223624925,      0.3451974089,      -1.227987978,                 0,                 0,                 0,      -1.768804631,      0.3451974089,      -1.227987978,                 0,      -3.557349929,  -3.168074563e-10,   1.048955175e-08,                 0
          0,           0,         222,      -8.592470376,      -7.233848731,      -7.664814981,      -5.732874192,      -7.803346802,      -5.972041347,      -6.523128865,      -2.592143982,         100,      -3.777217483,             100,       -4.47584956,                8,      -6.208714386,    0.001160177862,       2.146826497,               300,               300,               300,     0.07223624925,      0.3451836646,      -1.227935811,                 0,                 0,                 0,        -1.7687329,      0.3451836646,      -1.227935811,                 0,      -3.557340445,  -3.663887185e-10,   1.341862201e-08,                 0
          0,           0,         223,      -8.607473861,      -7.243185939,      -7.674178411,      -5.747877659,      -7.811205649,      -5.982663787,      -6.530039627,      -2.597812218,         100,      -3.766930332,             100,      -4.507674743,                8,      -6.151873818,    0.001156553723,       2.146862619,               300,               300,               300,     0.07223624925,      0.3451710236,       -1.22788995,                 0,                 0,                 0,      -1.768665202,      0.3451710236,       -1.22788995,                 0,      -3.557337859,  -4.774249997e-10,   1.289929679e-08,                 0
          0,           0,         224,      -8.622963016,      -7.252511874,      -7.683613608,       -5.76336676,      -7.819005467,       -5.99365655,      -6.537161464,      -2.603521637,         100,      -3.788578882,             100,      -4.536114183,                8,      -6.235792175,     0.00115298821,       2.146897989,               300,               300,               300,     0.07223624925,        0.34515847,      -1.227841498,                 0,                 0,                 0,       -1.76859922,        0.34515847,      -1.227841498,                 0,      -3.557326863,  -2.174331183e-10,    9.15465965e-09,                 0
          0,           0,         225,      -8.639194618,      -7.261757284,      -7.693048951,      -5.779598376,      -7.826744226,      -6.004823243,        -6.5445002,      -2.609278449,         100,      -3.764300437,             100,      -4.585543366,                8,      -6.235553548,    0.001149479853,       2.146932218,               300,               300,               300,     0.07223624925,      0.3451471044,      -1.227799745,                 0,                 0,                 0,      -1.768537791,      0.3451471044,      -1.227799745,                 0,      -3.557323036,   1.615743383e-11,   6.435664442e-09,                 0
          0,           0,         226,      -8.655646138,      -7.271029233,       -7.70255925,      -5.796049981,      -7.834425514,      -6.016412153,      -6.552062846,      -2.615112167,         100,      -3.776288886,             100,      -4.532504663,                8,       -6.23539107,    0.001146027279,         2.1469654,               300,               300,               300,     0.07223624925,      0.3451358914,      -1.227755738,                 0,                 0,                 0,      -1.768478498,      0.3451358914,      -1.227755738,                 0,      -3.557311101,   9.677495163e-12,   5.916775365e-09,                 0
          0,           0,         227,      -8.672612884,      -7.280245903,      -7.712066117,      -5.813016655,      -7.842045894,      -6.028193214,      -6.559854276,       -2.62102131,         100,      -3.772291205,             100,      -4.544098154,                8,      -6.225203964,     0.00114262914,        2.14699717,               300,               300,               300,     0.07223624925,      0.3451259088,      -1.227718685,                 0,                 0,                 0,      -1.768424066,      0.3451259088,      -1.227718685,                 0,      -3.557306633,   9.018008738e-11,   4.297463389e-09,                 0
          0,           0,         228,       -8.68950839,      -7.289507661,      -7.721636195,      -5.829912193,      -7.849608933,      -6.040402698,      -6.567880574,      -2.627027896,         100,      -3.812647625,             100,      -4.529973428,                8,      -6.213870503,    0.001139284124,       2.147027655,               300,               300,               300,     0.07223624925,      0.3451161019,      -1.227679562,                 0,                 0,                 0,      -1.768371972,      0.3451161019,      -1.227679562,                 0,      -3.557294359,   1.684248422e-10,   1.015663531e-08,                 0
          0,           0,         229,        -8.7066952,        -7.2987376,      -7.731197687,       -5.84709905,      -7.857110865,      -6.052792586,      -6.576145607,      -2.633125295,         100,      -3.753080399,             100,      -4.498089377,                8,      -6.224972741,    0.001135990936,       2.147056526,               300,               300,               300,     0.07223624925,      0.3451075271,      -1.227647499,                 0,                 0,                 0,      -1.768324825,      0.3451075271,      -1.227647499,                 0,      -3.557289838,  -6.673475136e-11,   7.100230249e-09,                 0
          0,           0,         230,      -8.723553457,      -7.308031972,      -7.740810654,      -5.863957256,      -7.864555579,      -6.065571273,      -6.584654546,      -2.639326181,         100,      -3.743210121,             100,      -4.524647795,                8,      -6.233350565,    0.001132748373,       2.147083951,               300,               300,               300,     0.07223624925,       0.345099112,      -1.227613406,                 0,                 0,                 0,      -1.768280006,       0.345099112,      -1.227613406,                 0,      -3.557277789,   1.242814072e-12,   7.852852011e-09,                 0
          0,           0,         231,      -8.740523049,      -7.317309396,      -7.750412223,      -5.880926858,        -7.8719395,      -6.078495867,      -6.593410264,       -2.64561126,         100,      -3.758193077,             100,      -4.492101521,                8,      -6.230991848,    0.001129555183,       2.147109643,               300,               300,               300,     0.07223624925,      0.3450918949,      -1.227586334,                 0,                 0,                 0,      -1.768240022,      0.3450918949,      -1.227586334,                 0,      -3.557273735,  -1.524531442e-10,   5.716368907e-09,                 0
          0,           0,         232,      -8.756963535,      -7.326645794,      -7.760042198,      -5.897367334,      -7.879265996,      -6.091734763,      -6.602416946,      -2.651990512,         100,      -3.729270622,             100,      -4.476835767,                8,      -6.211369188,    0.001126410252,       2.147133816,               300,               300,               300,     0.07223624925,      0.3450847881,      -1.227557131,                 0,                 0,                 0,      -1.768202164,      0.3450847881,      -1.227557131,                 0,      -3.557262368,  -2.423956288e-10,   1.264596589e-08,                 0
          0,           0,         233,      -8.773400931,      -7.335969659,      -7.769654456,       -5.91380473,      -7.886530677,      -6.105058438,      -6.611676508,      -2.658443064,         100,      -3.733041086,             100,      -4.441957364,                8,      -6.215816272,    0.001123312429,       2.147156226,               300,               300,               300,     0.07223624925,      0.3450788166,      -1.227534787,                 0,                 0,                 0,      -1.768168863,      0.3450788166,      -1.227534787,                 0,      -3.557259175,  -3.195269332e-10,   1.448807438e-08,                 0
          0,           0,         234,      -8.789219694,      -7.345363541,      -7.779290844,      -5.929623506,      -7.893737559,      -6.118596645,      -6.621192162,      -2.664969645,         100,      -3.683555368,             100,      -4.404121531,                8,      -6.156894878,    0.001120260636,       2.147177129,               300,               300,               300,     0.07223624925,      0.3450728835,      -1.227510107,                 0,                 0,                 0,      -1.768137348,      0.3450728835,      -1.227510107,                 0,      -3.557248817,  -3.430603157e-10,    1.39249702e-08,                 0
          0,           0,         235,      -8.804995431,      -7.354742955,      -7.788908183,      -5.945399292,      -7.900883255,      -6.132167457,      -6.630964857,      -2.671546498,         100,      -3.719313436,             100,      -4.424730278,                8,      -6.177101469,    0.001117253807,       2.147196321,               300,               300,               300,     0.07223624925,      0.3450680048,      -1.227492034,                 0,                 0,                 0,      -1.768109997,      0.3450680048,      -1.227492034,                 0,      -3.557246738,  -3.555840959e-10,   1.460323117e-08,                 0
          0,           0,         236,      -8.820143336,      -7.364169273,      -7.798527914,      -5.960547208,      -7.907969518,      -6.145835805,      -6.640996846,       -2.67817036,         100,      -3.746274523,             100,      -4.424851416,                8,      -6.204480966,    0.001114290906,       2.147214091,               300,               300,               300,     0.07223624925,      0.3450630777,      -1.227471342,                 0,                 0,                 0,      -1.768083995,      0.3450630777,      -1.227471342,                 0,      -3.557237566,  -3.964895741e-10,   1.861923955e-08,                 0
          0,           0,         237,      -8.835264303,      -7.373572234,      -7.808120963,       -5.97566818,      -7.914994163,      -6.159460526,      -6.651288129,      -2.684814053,         100,      -3.792897622,             100,      -4.388021093,                8,      -6.214543572,    0.001111370913,        2.14723027,               300,               300,               300,     0.07223624925,       0.345059115,       -1.22745695,                 0,                 0,                 0,      -1.768061697,       0.345059115,       -1.22745695,                 0,      -3.557236707,  -2.642353078e-10,    1.04011558e-08,                 0
          0,           0,         238,      -8.849804749,      -7.383007778,      -7.817702053,      -5.990208637,      -7.921960316,      -6.173077603,       -6.66184002,      -2.691473581,         100,      -3.732707638,             100,      -4.438283903,                8,      -6.182481686,    0.001108492907,       2.147245174,               300,               300,               300,     0.07223624925,      0.3450550134,      -1.227439618,                 0,                 0,                 0,      -1.768040275,      0.3450550134,      -1.227439618,                 0,      -3.557228762,  -1.585139584e-10,   7.225209291e-09,                 0
          0,           0,         239,      -8.864366867,      -7.392417285,      -7.827257016,      -6.004770818,      -7.928863683,       -6.18660829,      -6.672651603,      -2.698121508,         100,      -3.710153467,             100,      -4.539678951,                8,      -6.192574478,    0.001105655883,       2.147258653,               300,               300,               300,     0.07223624925,      0.3450517858,      -1.227428255,                 0,                 0,                 0,      -1.768022079,      0.3450517858,      -1.227428255,                 0,      -3.557229104,  -8.425543155e-11,   7.074657302e-09,                 0
          0,           0,         240,      -8.878439792,      -7.401838586,      -7.836791945,      -6.018843708,      -7.935708289,      -6.200026577,      -6.683723351,      -2.704752637,         100,      -3.747959325,             100,      -4.499297677,                8,      -6.221256532,    0.001102858948,       2.147271041,               300,               300,               300,     0.07223624925,      0.3450483323,      -1.227413625,                 0,                 0,                 0,       -1.76800429,      0.3450483323,      -1.227413625,                 0,      -3.557222309,  -7.045953386e-11,   8.354875285e-09,                 0
          0,           0,         241,      -8.892574791,      -7.411197487,      -7.846280816,      -6.032978648,      -7.942490492,      -6.213306227,       -6.69505345,      -2.711343158,         100,      -3.716329171,             100,      -4.545368894,                8,      -6.222401659,     0.00110010123,       2.147282201,               300,               300,               300,     0.07223624925,      0.3450456693,      -1.227404643,                 0,                 0,                 0,      -1.767989271,      0.3450456693,      -1.227404643,                 0,      -3.557223732,   5.818877325e-11,   7.855053462e-09,                 0
          0,           0,         242,      -8.906299293,      -7.420555373,      -7.855737588,      -6.046703191,      -7.949214079,      -6.226398167,       -6.70664151,      -2.717887898,         100,      -3.713386308,             100,      -4.508247067,                8,      -6.210264646,    0.001097381898,       2.147292471,               300,               300,               300,     0.07223624925,      0.3450427028,      -1.227392089,                 0,                 0,                 0,      -1.767974233,      0.3450427028,      -1.227392089,                 0,      -3.557217929,   1.452565059e-10,   1.285567457e-08,                 0
          0,           0,         243,      -8.920132132,      -7.429838376,       -7.86514138,      -6.060536058,      -7.955874524,      -6.239335821,      -6.718484887,      -2.724366179,         100,       -3.68735838,             100,      -4.474300684,                8,      -6.209001977,    0.001094700113,       2.147301716,               300,               300,               300,     0.07223624925,      0.3450404554,      -1.227384891,                 0,                 0,                 0,      -1.767961565,      0.3450404554,      -1.227384891,                 0,       -3.55722024,   1.309924724e-10,   7.651034747e-09,                 0
          0,           0,         244,      -8.933625552,      -7.439088619,      -7.874491747,      -6.074029469,       -7.96247707,      -6.252032533,      -6.730582404,      -2.730775393,         100,       -3.70142632,             100,      -4.481183433,                8,      -6.200713459,    0.001092055085,       2.147310273,               300,               300,               300,     0.07223624925,      0.3450378405,      -1.227373856,                 0,                 0,                 0,      -1.767948514,      0.3450378405,      -1.227373856,                 0,      -3.557215214,   9.461257179e-11,   7.961942315e-09,                 0
          0,           0,         245,      -8.947248199,       -7.44824796,      -7.883775236,      -6.087652104,      -7.969017287,      -6.264554501,      -6.742930589,      -2.737099152,         100,      -3.759220864,             100,      -4.406392255,                8,      -6.186196702,     0.00108944601,          2.147318,               300,               300,               300,     0.07223624925,      0.3450358879,      -1.227367936,                 0,                 0,                 0,      -1.767937508,      0.3450358879,      -1.227367936,                 0,      -3.557218188,   8.338149085e-11,   6.232729346e-09,                 0
          0,           0,         246,      -8.960588167,      -7.457344273,      -7.892983336,      -6.100992056,      -7.975499985,      -6.276795378,      -6.755527465,      -2.743337368,         100,      -3.771413988,             100,      -4.381348481,                8,      -6.207775829,    0.001086872181,       2.147325224,               300,               300,               300,     0.07223624925,      0.3450335191,      -1.227357965,                 0,                 0,                 0,      -1.767925835,      0.3450335191,      -1.227357965,                 0,       -3.55721371,   1.348166947e-10,   8.787584805e-09,                 0
          0,           0,         247,      -8.974060787,      -7.466337194,      -7.902111029,      -6.114464673,      -7.981920839,       -6.28888158,      -6.768368828,      -2.749479089,         100,      -3.717849762,             100,      -4.349048723,                8,      -6.214986493,    0.001084332836,       2.147331793,               300,               300,               300,     0.07223624925,      0.3450317719,      -1.227352924,                 0,                 0,                 0,      -1.767915965,      0.3450317719,      -1.227352924,                 0,      -3.557217114,    2.01560324e-10,   1.814431602e-08,                 0
          0,           0,         248,      -8.987287708,      -7.475260369,      -7.911150775,      -6.127691587,       -7.98828444,      -6.300674488,      -6.781451953,      -2.755527231,         100,       -3.71449941,             100,      -4.331819542,                8,      -6.202978832,     0.00108182728,       2.147338017,               300,               300,               300,     0.07223624925,      0.3450295754,      -1.227343674,                 0,                 0,                 0,      -1.767905228,      0.3450295754,      -1.227343674,                 0,      -3.557212952,   7.774533037e-11,   9.822687176e-09,                 0
          0,           0,         249,      -9.000654804,      -7.484051065,      -7.920086051,      -6.141058662,      -7.994589668,      -6.312304016,      -6.794771892,      -2.761474665,         100,       -3.71503316,             100,      -4.356686594,                8,      -6.209414569,    0.001079354787,       2.147343729,               300,               300,               300,     0.07223624925,      0.3450279745,      -1.227339227,                 0,                 0,                 0,      -1.767896133,      0.3450279745,      -1.227339227,                 0,      -3.557216568,   8.789935812e-11,   1.073189383e-08,                 0
