Force Coefficients for group 1 --> /home/liukushka/Desktop/Università/Magistrale/ProgettoAerodinamico/progettoAerodinamico/Pythonism/automatizzazioneVSP/analysisOutputCoordinate_X_secondary_wing/Coordinate_X_secondary_wing_0.1111111111111111/geometry_Coordinate_X_secondary_wing_0.1111111111111111_DegenGeom 

   Time        Cx         Cy         Cz        Cxo        Cyo        Czo        Cxi        Cyi        Czi        Cmx        Cmy        Cmz        Cmxo       Cmyo       Cmzo       Cmxi       Cmyi       Cmzi        CL         CD         CS        CLo        CDo        CSo        CLi        CDi        CSi 
   1.00000    0.12052    0.00766   -1.07174    0.03335   -0.00006    0.00230    0.08717    0.00771   -1.07403    0.16696    1.13491   -0.47034    0.00004    0.02999   -0.00005    0.16693    1.10492   -0.47029   -1.07174    0.12052    0.00766    0.00230    0.03335   -0.00006   -1.07403    0.08717    0.00771 
   2.00000    0.13549    0.00288   -1.11330    0.03362   -0.00012    0.00282    0.10187    0.00300   -1.11612    0.17216    1.32599   -0.45019    0.00007    0.02942   -0.00006    0.17209    1.29656   -0.45013   -1.11330    0.13549    0.00288    0.00282    0.03362   -0.00012   -1.11612    0.10187    0.00300 
   3.00000    0.12980    0.00196   -1.08897    0.03349    0.00008    0.00266    0.09630    0.00188   -1.09163    0.18652    1.25956   -0.45448   -0.00006    0.02966    0.00004    0.18657    1.22989   -0.45452   -1.08897    0.12980    0.00196    0.00266    0.03349    0.00008   -1.09163    0.09630    0.00188 
   4.00000    0.15256    0.00556   -1.13863    0.03379   -0.00002    0.00309    0.11878    0.00558   -1.14172    0.18445    1.49985   -0.43710    0.00015    0.02922   -0.00010    0.18430    1.47063   -0.43699   -1.13863    0.15256    0.00556    0.00309    0.03379   -0.00002   -1.14172    0.11878    0.00558 
   5.00000    0.12758   -0.00282   -1.03631    0.03288   -0.00008    0.00265    0.09470   -0.00274   -1.03896    0.19121    1.12908   -0.47594   -0.00000    0.02919   -0.00002    0.19121    1.09990   -0.47591   -1.03631    0.12758   -0.00282    0.00265    0.03288   -0.00008   -1.03896    0.09470   -0.00274 
   6.00000    0.14922   -0.01445   -1.05103    0.03317   -0.00021    0.00291    0.11605   -0.01424   -1.05394    0.23915    1.16832   -0.53443   -0.00006    0.02898    0.00019    0.23921    1.13935   -0.53462   -1.05103    0.14922   -0.01445    0.00291    0.03317   -0.00021   -1.05394    0.11605   -0.01424 
   7.00000    0.12930   -0.00606   -1.00468    0.03267   -0.00018    0.00278    0.09663   -0.00588   -1.00746    0.18963    1.13233   -0.46155    0.00005    0.02873   -0.00006    0.18958    1.10360   -0.46149   -1.00468    0.12930   -0.00606    0.00278    0.03267   -0.00018   -1.00746    0.09663   -0.00588 
   8.00000    0.13498   -0.01173   -0.96095    0.03246    0.00016    0.00270    0.10253   -0.01189   -0.96365    0.19329    1.16784   -0.46888    0.00007    0.02864    0.00017    0.19322    1.13920   -0.46905   -0.96095    0.13498   -0.01173    0.00270    0.03246    0.00016   -0.96365    0.10253   -0.01189 
   9.00000    0.14243    0.01332   -0.98623    0.03316   -0.00037    0.00226    0.10926    0.01368   -0.98849    0.19602    1.13784   -0.45537    0.00007    0.03013   -0.00012    0.19595    1.10770   -0.45524   -0.98623    0.14243    0.01332    0.00226    0.03316   -0.00037   -0.98849    0.10926    0.01368 
  10.00000    0.31022   -0.04181   -0.83219    0.03258   -0.01022    0.02359    0.27764   -0.03160   -0.85578    0.03402    0.69829   -0.45794   -0.00688   -0.00898   -0.00510    0.04090    0.70727   -0.45284   -0.83219    0.31022   -0.04181    0.02359    0.03258   -0.01022   -0.85578    0.27764   -0.03160 
  11.00000    0.14108   -0.00887   -0.91656    0.03221    0.00001    0.00266    0.10887   -0.00888   -0.91922    0.17713    0.91982   -0.45502    0.00001    0.02853    0.00000    0.17711    0.89129   -0.45503   -0.91656    0.14108   -0.00887    0.00266    0.03221    0.00001   -0.91922    0.10887   -0.00888 
  12.00000    0.12034   -0.00788   -0.97564    0.03230    0.00004    0.00258    0.08805   -0.00792   -0.97821    0.20635    1.14519   -0.49280    0.00001    0.02871    0.00001    0.20635    1.11649   -0.49282   -0.97564    0.12034   -0.00788    0.00258    0.03230    0.00004   -0.97821    0.08805   -0.00792 
  13.00000    0.12527   -0.00258   -1.01055    0.03253   -0.00003    0.00259    0.09274   -0.00255   -1.01314    0.19935    1.14377   -0.46491    0.00001    0.02887    0.00000    0.19934    1.11490   -0.46491   -1.01055    0.12527   -0.00258    0.00259    0.03253   -0.00003   -1.01314    0.09274   -0.00255 
  14.00000    0.12850   -0.00141   -1.02217    0.03260   -0.00002    0.00267    0.09590   -0.00138   -1.02484    0.21369    1.32498   -0.45989    0.00001    0.02884    0.00000    0.21368    1.29614   -0.45990   -1.02217    0.12850   -0.00141    0.00267    0.03260   -0.00002   -1.02484    0.09590   -0.00138 
  15.00000    0.12691   -0.00311   -1.01423    0.03259   -0.00002    0.00268    0.09431   -0.00310   -1.01691    0.18684    1.15763   -0.45903   -0.00000    0.02881   -0.00001    0.18684    1.12882   -0.45902   -1.01423    0.12691   -0.00311    0.00268    0.03259   -0.00002   -1.01691    0.09431   -0.00310 
  16.00000    0.12610   -0.00379   -1.01162    0.03258    0.00001    0.00266    0.09352   -0.00380   -1.01428    0.18854    1.17529   -0.47554   -0.00001    0.02883   -0.00000    0.18855    1.14646   -0.47554   -1.01162    0.12610   -0.00379    0.00266    0.03258    0.00001   -1.01428    0.09352   -0.00380 


Average over last full revolution: 

  16.00000    0.12610   -0.00379   -1.01162    0.03258    0.00001    0.00266    0.09352   -0.00380   -1.01428    0.18854    1.17529   -0.47554   -0.00001    0.02883   -0.00000    0.18855    1.14646   -0.47554   -1.01162    0.12610   -0.00379    0.00266    0.03258    0.00001   -1.01428    0.09352   -0.00380 



Average loading for wing surface: 1 --> VSP Surface: 1 ... NOTE: values are per area! 

  Station     S       Chord     Area      V/Vref        Cx            Cy            Cz           Cxo           Cyo           Czo          Cxi            Cyi           Czi           Cl            Cd            Cs            Clo           Cdo           Cso           Cli           Cdi           Csi           Cmx           Cmy           Cmz          Cmxo          Cmyo          Cmzo          Cmxi          Cmyi          Cmzi 
        1   0.06064   0.32000   0.01489   1.02518  3.476840e-02 -1.954884e-04 -6.723608e-01  1.767526e-02 -2.399990e-04  6.770459e-04  1.709314e-02  4.451062e-05 -6.730379e-01 -6.723608e-01  3.476840e-02  1.771977e-02  6.770459e-04  1.767526e-02 -2.399990e-04 -6.730379e-01  1.709314e-02  4.451062e-05 -4.858114e-02  6.884453e-01 -2.713307e-03  2.767204e-04  1.608557e-02 -1.522176e-03 -4.885786e-02  6.723597e-01 -1.191131e-03 
        2   0.15507   0.32000   0.01489   1.02510  3.201536e-02 -1.333572e-04 -6.741775e-01  1.768694e-02 -2.420980e-04  6.841479e-04  1.432842e-02  1.087409e-04 -6.748617e-01 -6.741775e-01  3.201536e-02  1.779568e-02  6.841479e-04  1.768694e-02 -2.420980e-04 -6.748617e-01  1.432842e-02  1.087409e-04 -1.465649e-01  6.863147e-01 -7.093141e-03  3.784879e-04  1.608955e-02 -4.091284e-03 -1.469434e-01  6.702252e-01 -3.001857e-03 
        3   0.22267   0.32000   0.01489   1.02275  3.147896e-02 -2.914600e-04 -6.782002e-01  1.766875e-02 -3.370429e-04  6.884564e-04  1.381022e-02  4.558289e-05 -6.788886e-01 -6.782002e-01  3.147896e-02  1.771433e-02  6.884564e-04  1.766875e-02 -3.370429e-04 -6.788886e-01  1.381022e-02  4.558289e-05 -2.457173e-01  6.851870e-01 -1.170965e-02  5.693539e-04  1.606799e-02 -6.745769e-03 -2.462866e-01  6.691190e-01 -4.963876e-03 
        4   0.29026   0.32000   0.01489   1.02243  2.813247e-02 -3.634522e-04 -6.842053e-01  1.770974e-02 -3.446060e-04  6.904051e-04  1.042273e-02 -1.884611e-05 -6.848957e-01 -6.842053e-01  2.813247e-02  1.769089e-02  6.904051e-04  1.770974e-02 -3.446060e-04 -6.848957e-01  1.042273e-02 -1.884611e-05 -3.470927e-01  6.855834e-01 -1.464514e-02  6.774028e-04  1.610492e-02 -9.337669e-03 -3.477701e-01  6.694784e-01 -5.307469e-03 
        5   0.35786   0.32000   0.01489   1.01799  3.338746e-02 -2.861542e-04 -6.942117e-01  1.770457e-02 -2.813198e-04  6.930502e-04  1.568289e-02 -4.834432e-06 -6.949047e-01 -6.942117e-01  3.338746e-02  1.769973e-02  6.930502e-04  1.770457e-02 -2.813198e-04 -6.949047e-01  1.568289e-02 -4.834432e-06 -4.530254e-01  6.981263e-01 -2.208246e-02  7.192813e-04  1.609737e-02 -1.184049e-02 -4.537447e-01  6.820289e-01 -1.024197e-02 
        6   0.42545   0.32000   0.01489   1.01841  3.236850e-02 -2.837017e-04 -6.924367e-01  1.769807e-02 -2.794681e-04  6.932481e-04  1.467042e-02 -4.233562e-06 -6.931300e-01 -6.924367e-01  3.236850e-02  1.769384e-02  6.932481e-04  1.769807e-02 -2.794681e-04 -6.931300e-01  1.467042e-02 -4.233562e-06 -5.523069e-01  6.952909e-01 -2.611830e-02  8.182364e-04  1.609102e-02 -1.440218e-02 -5.531251e-01  6.791999e-01 -1.171612e-02 
        7   0.49304   0.32000   0.01489   1.01768  3.041169e-02 -1.533559e-04 -6.809853e-01  1.758888e-02 -1.960172e-04  6.897564e-04  1.282281e-02  4.266135e-05 -6.816750e-01 -6.809853e-01  3.041169e-02  1.763154e-02  6.897564e-04  1.758888e-02 -1.960172e-04 -6.816750e-01  1.282281e-02  4.266135e-05 -6.420717e-01  6.835707e-01 -2.882431e-02  8.363841e-04  1.599095e-02 -1.678355e-02 -6.429081e-01  6.675798e-01 -1.204077e-02 
        8   0.56064   0.32000   0.01489   1.01777  3.194181e-02 -3.699843e-05 -6.619961e-01  1.743722e-02 -1.970385e-04  6.846018e-04  1.450459e-02  1.600400e-04 -6.626807e-01 -6.619961e-01  3.194181e-02  1.759726e-02  6.846018e-04  1.743722e-02 -1.970385e-04 -6.626807e-01  1.450459e-02  1.600400e-04 -7.203172e-01  6.676064e-01 -3.474899e-02  9.318190e-04  1.585228e-02 -1.917147e-02 -7.212491e-01  6.517541e-01 -1.557751e-02 
        9   0.62823   0.32000   0.01489   1.01864  3.020186e-02  2.552309e-04 -6.305840e-01  1.721142e-02 -6.355635e-05  6.773166e-04  1.299044e-02  3.187873e-04 -6.312613e-01 -6.305840e-01  3.020186e-02  1.753021e-02  6.773166e-04  1.721142e-02 -6.355635e-05 -6.312613e-01  1.299044e-02  3.187873e-04 -7.778833e-01  6.369280e-01 -3.688880e-02  8.955732e-04  1.564542e-02 -2.128948e-02 -7.787789e-01  6.212826e-01 -1.559932e-02 
       10   0.69583   0.32000   0.01489   1.02028  3.195760e-02  9.903590e-04 -5.900955e-01  1.695017e-02 -5.895931e-05  6.664437e-04  1.500744e-02  1.049318e-03 -5.907620e-01 -5.900955e-01  3.195760e-02  1.799949e-02  6.664437e-04  1.695017e-02 -5.895931e-05 -5.907620e-01  1.500744e-02  1.049318e-03 -8.142424e-01  6.004151e-01 -4.272135e-02  9.744975e-04  1.540853e-02 -2.342196e-02 -8.152169e-01  5.850066e-01 -1.929939e-02 
       11   0.76342   0.32000   0.01489   1.02309  2.654790e-02  2.674331e-03 -5.306597e-01  1.661274e-02 -2.214096e-05  6.551163e-04  9.935151e-03  2.696472e-03 -5.313148e-01 -5.306597e-01  2.654790e-02  1.930922e-02  6.551163e-04  1.661274e-02 -2.214096e-05 -5.313148e-01  9.935151e-03  2.696472e-03 -8.109491e-01  5.398220e-01 -3.696682e-02  1.019017e-03  1.509986e-02 -2.533038e-02 -8.119681e-01  5.247222e-01 -1.163644e-02 
       12   0.83101   0.32000   0.01489   1.03563  2.893484e-02 -3.618491e-02 -4.319754e-01  1.634123e-02 -4.755558e-04  6.338432e-04  1.259361e-02 -3.570935e-02 -4.326093e-01 -4.319754e-01  2.893484e-02 -1.936812e-02  6.338432e-04  1.634123e-02 -4.755558e-04 -4.326093e-01  1.259361e-02 -3.570935e-02 -6.851240e-01  4.373753e-01 -9.480052e-02  1.508572e-03  1.486363e-02 -2.774097e-02 -6.866326e-01  4.225117e-01 -6.705955e-02 
       13   0.89861   0.32000   0.01489   0.97540  3.627859e-02 -3.323733e-02 -5.599839e-01  1.577203e-02 -2.680083e-04  6.082680e-04  2.050656e-02 -3.296932e-02 -5.605922e-01 -5.599839e-01  3.627859e-02 -1.719729e-02  6.082680e-04  1.577203e-02 -2.680083e-04 -5.605922e-01  2.050656e-02 -3.296932e-02 -9.855127e-01  6.017947e-01 -1.089467e-01  1.357322e-03  1.434939e-02 -2.887209e-02 -9.868701e-01  5.874453e-01 -8.007459e-02 
       14   0.96620   0.32000   0.01489   1.00234  4.535189e-02  5.367232e-03 -5.544880e-01  1.629331e-02  7.790407e-04  6.569815e-04  2.905858e-02  4.588191e-03 -5.551450e-01 -5.544880e-01  4.535189e-02  2.088150e-02  6.569815e-04  1.629331e-02  7.790407e-04 -5.551450e-01  2.905858e-02  4.588191e-03 -1.091342e+00  6.411792e-01 -8.256944e-02  5.480124e-04  1.479505e-02 -3.113465e-02 -1.091890e+00  6.263842e-01 -5.143479e-02 



Average loading for wing surface: 2 --> VSP Surface: 2 ... NOTE: values are per area! 

  Station     S       Chord     Area      V/Vref        Cx            Cy            Cz           Cxo           Cyo           Czo          Cxi            Cyi           Czi           Cl            Cd            Cs            Clo           Cdo           Cso           Cli           Cdi           Csi           Cmx           Cmy           Cmz          Cmxo          Cmyo          Cmzo          Cmxi          Cmyi          Cmzi 
        1   0.06064   0.32000   0.01489   1.02511  3.462559e-02  2.072337e-04 -6.719955e-01  1.767083e-02  2.440005e-04  6.748661e-04  1.695476e-02 -3.676679e-05 -6.726703e-01 -6.719955e-01  3.462559e-02  1.763407e-02  6.748661e-04  1.767083e-02  2.440005e-04 -6.726703e-01  1.695476e-02 -3.676679e-05  4.854419e-02  6.879336e-01  2.717106e-03 -2.803571e-04  1.608356e-02  1.525855e-03  4.882455e-02  6.718500e-01  1.191251e-03 
        2   0.15507   0.32000   0.01489   1.02504  3.161532e-02  1.566572e-04 -6.733255e-01  1.767906e-02  2.466709e-04  6.751578e-04  1.393627e-02 -9.001367e-05 -6.740006e-01 -6.733255e-01  3.161532e-02  1.758905e-02  6.751578e-04  1.767906e-02  2.466709e-04 -6.740006e-01  1.393627e-02 -9.001367e-05  1.463564e-01  6.851652e-01  7.035272e-03 -3.808680e-04  1.609107e-02  4.094140e-03  1.467373e-01  6.690741e-01  2.941132e-03 
        3   0.22267   0.32000   0.01489   1.02268  3.110122e-02  3.210985e-04 -6.772659e-01  1.765990e-02  3.418113e-04  6.790724e-04  1.344132e-02 -2.071280e-05 -6.779450e-01 -6.772659e-01  3.110122e-02  1.763919e-02  6.790724e-04  1.765990e-02  3.418113e-04 -6.779450e-01  1.344132e-02 -2.071280e-05  2.453494e-01  6.840165e-01  1.161045e-02 -5.704723e-04  1.606898e-02  6.747328e-03  2.459199e-01  6.679475e-01  4.863125e-03 
        4   0.29026   0.32000   0.01489   1.02236  2.785486e-02  3.833681e-04 -6.834958e-01  1.770272e-02  3.494769e-04  6.815913e-04  1.015215e-02  3.389116e-05 -6.841774e-01 -6.834958e-01  2.785486e-02  1.773661e-02  6.815913e-04  1.770272e-02  3.494769e-04 -6.841774e-01  1.015215e-02  3.389116e-05  3.467118e-01  6.847283e-01  1.453000e-02 -6.775464e-04  1.610707e-02  9.338973e-03  3.473893e-01  6.686213e-01  5.191030e-03 
        5   0.35786   0.32000   0.01489   1.01780  3.365490e-02  2.896374e-04 -6.943583e-01  1.770204e-02  2.852409e-04  6.938008e-04  1.595286e-02  4.396489e-06 -6.950522e-01 -6.943583e-01  3.365490e-02  1.770644e-02  6.938008e-04  1.770204e-02  2.852409e-04 -6.950522e-01  1.595286e-02  4.396489e-06  4.531204e-01  6.986678e-01  2.226194e-02 -7.234899e-04  1.609422e-02  1.184276e-02  4.538438e-01  6.825736e-01  1.041918e-02 
        6   0.42545   0.32000   0.01489   1.01823  3.274562e-02  3.005206e-04 -6.928880e-01  1.769815e-02  2.832606e-04  6.944505e-04  1.504746e-02  1.725996e-05 -6.935824e-01 -6.928880e-01  3.274562e-02  1.771541e-02  6.944505e-04  1.769815e-02  2.832606e-04 -6.935824e-01  1.504746e-02  1.725996e-05  5.526524e-01  6.962115e-01  2.643895e-02 -8.227925e-04  1.608989e-02  1.440603e-02  5.534752e-01  6.801216e-01  1.203292e-02 
        7   0.49304   0.32000   0.01489   1.01744  3.086060e-02  2.085358e-04 -6.813710e-01  1.758714e-02  2.005865e-04  6.926595e-04  1.327345e-02  7.949362e-06 -6.820636e-01 -6.813710e-01  3.086060e-02  1.759509e-02  6.926595e-04  1.758714e-02  2.005865e-04 -6.820636e-01  1.327345e-02  7.949362e-06  6.423844e-01  6.844005e-01  2.931476e-02 -8.434553e-04  1.598640e-02  1.678647e-02  6.432278e-01  6.684141e-01  1.252829e-02 
        8   0.56064   0.32000   0.01489   1.01743  3.247219e-02  1.569562e-04 -6.619585e-01  1.742991e-02  2.017998e-04  6.895196e-04  1.504228e-02 -4.484366e-05 -6.626480e-01 -6.619585e-01  3.247219e-02  1.738507e-02  6.895196e-04  1.742991e-02  2.017998e-04 -6.626480e-01  1.504228e-02 -4.484366e-05  7.201639e-01  6.678981e-01  3.547486e-02 -9.416857e-04  1.584043e-02  1.916828e-02  7.211056e-01  6.520577e-01  1.630658e-02 
        9   0.62823   0.32000   0.01489   1.01802  3.062562e-02 -5.337175e-05 -6.293219e-01  1.718845e-02  6.647598e-05  6.859468e-04  1.343717e-02 -1.198477e-04 -6.300078e-01 -6.293219e-01  3.062562e-02  1.706860e-02  6.859468e-04  1.718845e-02  6.647598e-05 -6.300078e-01  1.343717e-02 -1.198477e-04  7.761365e-01  6.353970e-01  3.766374e-02 -9.089852e-04  1.561500e-02  2.126407e-02  7.770454e-01  6.197820e-01  1.639967e-02 
       10   0.69583   0.32000   0.01489   1.01970  3.246729e-02 -6.865014e-04 -5.883482e-01  1.692480e-02  6.097456e-05  6.794558e-04  1.554249e-02 -7.474759e-04 -5.890277e-01 -5.883482e-01  3.246729e-02  1.617732e-02  6.794558e-04  1.692480e-02  6.097456e-05 -5.890277e-01  1.554249e-02 -7.474759e-04  8.115484e-01  5.983517e-01  4.380385e-02 -9.943438e-04  1.537146e-02  2.338901e-02  8.125427e-01  5.829802e-01  2.041484e-02 
       11   0.76342   0.32000   0.01489   1.02242  2.677365e-02 -2.543831e-03 -5.271632e-01  1.657479e-02  2.018535e-05  6.723182e-04  1.019887e-02 -2.564016e-03 -5.278355e-01 -5.271632e-01  2.677365e-02  1.401077e-02  6.723182e-04  1.657479e-02  2.018535e-05 -5.278355e-01  1.019887e-02 -2.564016e-03  8.055003e-01  5.351967e-01  3.741692e-02 -1.043368e-03  1.504666e-02  2.527060e-02  8.065437e-01  5.201500e-01  1.214632e-02 
       12   0.83101   0.32000   0.01489   1.03597  2.571861e-02  4.248222e-02 -4.154373e-01  1.626768e-02  4.820746e-04  6.130292e-04  9.450937e-03  4.200014e-02 -4.160504e-01 -4.154373e-01  2.571861e-02  5.826782e-02  6.130292e-04  1.626768e-02  4.820746e-04 -4.160504e-01  9.450937e-03  4.200014e-02  6.509268e-01  4.109855e-01  9.860168e-02 -1.480025e-03  1.481469e-02  2.762477e-02  6.524068e-01  3.961709e-01  7.097692e-02 
       13   0.89861   0.32000   0.01489   0.97452  3.519509e-02  4.006814e-02 -5.476936e-01  1.566303e-02  2.672807e-04  6.288987e-04  1.953206e-02  3.980086e-02 -5.483225e-01 -5.476936e-01  3.519509e-02  5.546389e-02  6.288987e-04  1.566303e-02  2.672807e-04 -5.483225e-01  1.953206e-02  3.980086e-02  9.572147e-01  5.831292e-01  1.171054e-01 -1.394048e-03  1.422540e-02  2.867368e-02  9.586087e-01  5.689038e-01  8.843172e-02 
       14   0.96620   0.32000   0.01489   1.00104  4.723301e-02 -4.878915e-03 -5.560695e-01  1.627497e-02 -7.818186e-04  6.958959e-04  3.095804e-02 -4.097097e-03 -5.567654e-01 -5.560695e-01  4.723301e-02  1.217787e-02  6.958959e-04  1.627497e-02 -7.818186e-04 -5.567654e-01  3.095804e-02 -4.097097e-03  1.093967e+00  6.447335e-01  8.689061e-02 -6.215992e-04  1.473875e-02  3.109594e-02  1.094588e+00  6.299948e-01  5.579467e-02 



Average loading for wing surface: 3 --> VSP Surface: 3 ... NOTE: values are per area! 

  Station     S       Chord     Area      V/Vref        Cx            Cy            Cz           Cxo           Cyo           Czo          Cxi            Cyi           Czi           Cl            Cd            Cs            Clo           Cdo           Cso           Cli           Cdi           Csi           Cmx           Cmy           Cmz          Cmxo          Cmyo          Cmzo          Cmxi          Cmyi          Cmzi 
        1   0.03103   0.13000   0.00606   0.98286  1.490844e-01 -3.523589e-04 -7.646827e-01  2.045290e-02 -3.342621e-04  4.333588e-03  1.286315e-01 -1.809680e-05 -7.690163e-01 -7.646827e-01  1.490844e-01  2.043481e-02  4.333588e-03  2.045290e-02 -3.342621e-04 -7.690163e-01  1.286315e-01 -1.809680e-05 -1.356491e-01  3.667587e+00 -2.818552e-02  1.638515e-03  3.373637e-02 -5.130989e-03 -1.372876e-01  3.633850e+00 -2.305454e-02 
        2   0.09814   0.13000   0.00606   0.98290  1.475425e-01 -4.206276e-04 -7.613379e-01  2.041702e-02 -3.906709e-04  4.328287e-03  1.271255e-01 -2.995670e-05 -7.656662e-01 -7.613379e-01  1.475425e-01  2.038707e-02  4.328287e-03  2.041702e-02 -3.906709e-04 -7.656662e-01  1.271255e-01 -2.995670e-05 -4.068278e-01  3.649192e+00 -8.091533e-02  3.329301e-03  3.366700e-02 -1.266591e-02 -4.101571e-01  3.615525e+00 -6.824942e-02 
        3   0.17029   0.13000   0.00606   0.98339  1.382562e-01 -5.434456e-04 -7.416832e-01  2.022046e-02 -5.222471e-04  4.285757e-03  1.180357e-01 -2.119848e-05 -7.459690e-01 -7.416832e-01  1.382562e-01  2.019926e-02  4.285757e-03  2.022046e-02 -5.222471e-04 -7.459690e-01  1.180357e-01 -2.119848e-05 -6.607358e-01  3.536081e+00 -1.258260e-01  5.177502e-03  3.334668e-02 -2.036426e-02 -6.659134e-01  3.502734e+00 -1.054617e-01 
        4   0.24244   0.13000   0.00606   0.98251  1.447538e-01 -6.395880e-04 -7.587296e-01  2.037406e-02 -5.620544e-04  4.318039e-03  1.243797e-01 -7.753355e-05 -7.630476e-01 -7.587296e-01  1.447538e-01  2.029653e-02  4.318039e-03  2.037406e-02 -5.620544e-04 -7.630476e-01  1.243797e-01 -7.753355e-05 -9.468272e-01  3.635191e+00 -1.838072e-01  6.851455e-03  3.360121e-02 -2.795395e-02 -9.536787e-01  3.601590e+00 -1.558532e-01 
        5   0.31459   0.13000   0.00606   0.98456  1.501255e-01 -5.159808e-04 -7.445229e-01  2.030228e-02 -4.220100e-04  4.287335e-03  1.298232e-01 -9.397080e-05 -7.488103e-01 -7.445229e-01  1.501255e-01  2.020831e-02  4.287335e-03  2.030228e-02 -4.220100e-04 -7.488103e-01  1.298232e-01 -9.397080e-05 -1.195182e+00  3.584193e+00 -2.435651e-01  7.982004e-03  3.355134e-02 -3.449552e-02 -1.203164e+00  3.550641e+00 -2.090696e-01 
        6   0.38673   0.13000   0.00606   0.98482  1.472721e-01 -2.370387e-04 -7.370384e-01  2.023584e-02 -2.166737e-04  4.273921e-03  1.270362e-01 -2.036492e-05 -7.413124e-01 -7.370384e-01  1.472721e-01  2.021547e-02  4.273921e-03  2.023584e-02 -2.166737e-04 -7.413124e-01  1.270362e-01 -2.036492e-05 -1.447110e+00  3.545747e+00 -2.903272e-01  8.955687e-03  3.343882e-02 -4.070747e-02 -1.456065e+00  3.512308e+00 -2.496197e-01 
        7   0.45888   0.13000   0.00606   0.98494  1.462900e-01  1.783396e-05 -7.329222e-01  2.019792e-02 -5.365685e-06  4.274542e-03  1.260921e-01  2.319964e-05 -7.371967e-01 -7.329222e-01  1.462900e-01  2.022112e-02  4.274542e-03  2.019792e-02 -5.365685e-06 -7.371967e-01  1.260921e-01  2.319964e-05 -1.701444e+00  3.525257e+00 -3.395157e-01  9.936924e-03  3.333799e-02 -4.691177e-02 -1.711381e+00  3.491919e+00 -2.926039e-01 
        8   0.53103   0.13000   0.00606   0.98463  1.462222e-01  2.352321e-04 -7.301004e-01  2.017089e-02  1.936297e-04  4.233058e-03  1.260514e-01  4.160241e-05 -7.343335e-01 -7.301004e-01  1.462222e-01  2.021250e-02  4.233058e-03  2.017089e-02  1.936297e-04 -7.343335e-01  1.260514e-01  4.160241e-05 -1.956496e+00  3.514320e+00 -3.906789e-01  1.083767e-02  3.345159e-02 -5.317261e-02 -1.967334e+00  3.480868e+00 -3.375063e-01 
        9   0.60318   0.13000   0.00606   0.98017  1.496132e-01  1.577375e-03 -7.433929e-01  2.017518e-02  1.028623e-03  4.239398e-03  1.294380e-01  5.487514e-04 -7.476323e-01 -7.433929e-01  1.496132e-01  2.072393e-02  4.239398e-03  2.017518e-02  1.028623e-03 -7.476323e-01  1.294380e-01  5.487514e-04 -2.261053e+00  3.577393e+00 -4.471662e-01  1.020879e-02  3.343463e-02 -5.669573e-02 -2.271262e+00  3.543958e+00 -3.904705e-01 
       10   0.67533   0.13000   0.00606   0.97993  1.693697e-01  1.931082e-03 -7.619098e-01  2.034649e-02  1.420659e-03  4.372371e-03  1.490232e-01  5.104231e-04 -7.662822e-01 -7.619098e-01  1.693697e-01  2.085691e-02  4.372371e-03  2.034649e-02  1.420659e-03 -7.662822e-01  1.490232e-01  5.104231e-04 -2.589335e+00  3.705875e+00 -5.658426e-01  1.115991e-02  3.328953e-02 -6.274811e-02 -2.600495e+00  3.672586e+00 -5.030945e-01 
       11   0.74748   0.13000   0.00606   0.98298  1.525444e-01  5.990066e-03 -7.654959e-01  2.033271e-02  2.426057e-03  4.319695e-03  1.322117e-01  3.564009e-03 -7.698156e-01 -7.654959e-01  1.525444e-01  2.389672e-02  4.319695e-03  2.033271e-02  2.426057e-03 -7.698156e-01  1.322117e-01  3.564009e-03 -2.889400e+00  3.680441e+00 -5.453820e-01  9.923200e-03  3.348691e-02 -6.551543e-02 -2.899323e+00  3.646954e+00 -4.798665e-01 
       12   0.81963   0.13000   0.00606   0.99079  1.756334e-01  4.021620e-03 -8.116220e-01  2.083814e-02  3.059161e-03  4.891125e-03  1.547952e-01  9.624597e-04 -8.165131e-01 -8.116220e-01  1.756334e-01  2.180060e-02  4.891125e-03  2.083814e-02  3.059161e-03 -8.165131e-01  1.547952e-01  9.624597e-04 -3.339771e+00  3.923074e+00 -7.022202e-01  1.217520e-02  3.226651e-02 -7.205234e-02 -3.351947e+00  3.890808e+00 -6.301679e-01 
       13   0.89178   0.13000   0.00606   0.98291  1.012936e-01  7.367014e-05 -7.623966e-01  2.043725e-02  1.140966e-03  3.591131e-03  8.085630e-02 -1.067296e-03 -7.659878e-01 -7.623966e-01  1.012936e-01  1.936996e-02  3.591131e-03  2.043725e-02  1.140966e-03 -7.659878e-01  8.085630e-02 -1.067296e-03 -3.404351e+00  3.511994e+00 -4.523816e-01  1.308041e-02  3.698032e-02 -8.619042e-02 -3.417431e+00  3.475014e+00 -3.661912e-01 
       14   0.96393   0.13000   0.00606   0.98407  1.111796e-01  2.908584e-03 -6.917021e-01  1.967628e-02  1.359816e-03  4.276033e-03  9.150327e-02  1.548768e-03 -6.959781e-01 -6.917021e-01  1.111796e-01  2.122505e-02  4.276033e-03  1.967628e-02  1.359816e-03 -6.959781e-01  9.150327e-02  1.548768e-03 -3.343102e+00  3.246163e+00 -5.231053e-01  1.709905e-02  3.198203e-02 -8.885232e-02 -3.360201e+00  3.214181e+00 -4.342530e-01 



Average loading for wing surface: 4 --> VSP Surface: 4 ... NOTE: values are per area! 

  Station     S       Chord     Area      V/Vref        Cx            Cy            Cz           Cxo           Cyo           Czo          Cxi            Cyi           Czi           Cl            Cd            Cs            Clo           Cdo           Cso           Cli           Cdi           Csi           Cmx           Cmy           Cmz          Cmxo          Cmyo          Cmzo          Cmxi          Cmyi          Cmzi 
        1   0.03103   0.13000   0.00606   0.98262  1.491677e-01  3.565300e-04 -7.650912e-01  2.044906e-02  3.428391e-04  4.345546e-03  1.287187e-01  1.369095e-05 -7.694368e-01 -7.650912e-01  1.491677e-01  2.046275e-02  4.345546e-03  2.044906e-02  3.428391e-04 -7.694368e-01  1.287187e-01  1.369095e-05  1.357087e-01  3.668966e+00  2.821801e-02 -1.662837e-03  3.367352e-02  5.168244e-03  1.373715e-01  3.635292e+00  2.304976e-02 
        2   0.09814   0.13000   0.00606   0.98260  1.475910e-01  4.147212e-04 -7.622865e-01  2.041667e-02  4.052219e-04  4.341131e-03  1.271743e-01  9.499280e-06 -7.666276e-01 -7.622865e-01  1.475910e-01  2.042617e-02  4.341131e-03  2.041667e-02  4.052219e-04 -7.666276e-01  1.271743e-01  9.499280e-06  4.073644e-01  3.652521e+00  8.091027e-02 -3.373822e-03  3.360928e-02  1.273010e-02  4.107382e-01  3.618912e+00  6.818018e-02 
        3   0.17029   0.13000   0.00606   0.98336  1.370667e-01  5.563515e-04 -7.405713e-01  2.020333e-02  5.488993e-04  4.298266e-03  1.168634e-01  7.452211e-06 -7.448696e-01 -7.405713e-01  1.370667e-01  2.021078e-02  4.298266e-03  2.020333e-02  5.488993e-04 -7.448696e-01  1.168634e-01  7.452211e-06  6.596828e-01  3.527491e+00  1.248053e-01 -5.257614e-03  3.324704e-02  2.046687e-02  6.649404e-01  3.494244e+00  1.043384e-01 
        4   0.24244   0.13000   0.00606   0.98210  1.461958e-01  7.480622e-04 -7.611573e-01  2.038642e-02  5.889723e-04  4.341239e-03  1.258094e-01  1.590899e-04 -7.654985e-01 -7.611573e-01  1.461958e-01  2.054551e-02  4.341239e-03  2.038642e-02  5.889723e-04 -7.654985e-01  1.258094e-01  1.590899e-04  9.496333e-01  3.648817e+00  1.861261e-01 -6.950086e-03  3.353055e-02  2.808848e-02  9.565834e-01  3.615286e+00  1.580376e-01 
        5   0.31459   0.13000   0.00606   0.98415  1.505242e-01  6.542649e-04 -7.409194e-01  2.025254e-02  4.544865e-04  4.313358e-03  1.302717e-01  1.997784e-04 -7.452328e-01 -7.409194e-01  1.505242e-01  2.045231e-02  4.313358e-03  2.025254e-02  4.544865e-04 -7.452328e-01  1.302717e-01  1.997784e-04  1.189007e+00  3.568305e+00  2.448319e-01 -8.107835e-03  3.330756e-02  3.455924e-02  1.197114e+00  3.534997e+00  2.102726e-01 
        6   0.38673   0.13000   0.00606   0.98443  1.472769e-01  2.805445e-04 -7.294723e-01  2.014891e-02  2.423360e-04  4.296031e-03  1.271280e-01  3.820852e-05 -7.337683e-01 -7.294723e-01  1.472769e-01  2.018712e-02  4.296031e-03  2.014891e-02  2.423360e-04 -7.337683e-01  1.271280e-01  3.820852e-05  1.432119e+00  3.511609e+00  2.905183e-01 -9.065499e-03  3.311615e-02  4.065025e-02  1.441185e+00  3.478493e+00  2.498681e-01 
        7   0.45888   0.13000   0.00606   0.98449  1.443847e-01 -2.098387e-05 -7.180081e-01  2.004093e-02  1.249327e-05  4.276477e-03  1.243437e-01 -3.347714e-05 -7.222846e-01 -7.180081e-01  1.443847e-01  2.000745e-02  4.276477e-03  2.004093e-02  1.249327e-05 -7.222846e-01  1.243437e-01 -3.347714e-05  1.666819e+00  3.452714e+00  3.350644e-01 -9.959854e-03  3.292333e-02  4.657886e-02  1.676779e+00  3.419791e+00  2.884855e-01 
        8   0.53103   0.13000   0.00606   0.98444  1.459774e-01 -2.361620e-04 -7.123734e-01  1.998766e-02 -2.561926e-04  4.279867e-03  1.259897e-01  2.003061e-05 -7.166532e-01 -7.123734e-01  1.459774e-01  2.000769e-02  4.279867e-03  1.998766e-02 -2.561926e-04 -7.166532e-01  1.259897e-01  2.003061e-05  1.908880e+00  3.434966e+00  3.899809e-01 -1.080122e-02  3.277054e-02  5.240505e-02  1.919681e+00  3.402195e+00  3.375758e-01 
        9   0.60318   0.13000   0.00606   0.97812  1.477185e-01 -9.766498e-04 -7.174665e-01  1.986270e-02 -9.708118e-04  4.295071e-03  1.278558e-01 -5.838050e-06 -7.217616e-01 -7.174665e-01  1.477185e-01  1.985686e-02  4.295071e-03  1.986270e-02 -9.708118e-04 -7.217616e-01  1.278558e-01 -5.838050e-06  2.180646e+00  3.461261e+00  4.441234e-01 -1.052734e-02  3.238003e-02  5.600288e-02  2.191174e+00  3.428881e+00  3.881205e-01 
       10   0.67533   0.13000   0.00606   0.97887  1.567058e-01 -1.555480e-03 -7.241106e-01  1.993573e-02 -1.435903e-03  4.291266e-03  1.367700e-01 -1.195765e-04 -7.284019e-01 -7.241106e-01  1.567058e-01  1.981615e-02  4.291266e-03  1.993573e-02 -1.435903e-03 -7.284019e-01  1.367700e-01 -1.195765e-04  2.460394e+00  3.513042e+00  5.246963e-01 -1.084530e-02  3.258578e-02  6.128704e-02  2.471240e+00  3.480456e+00  4.634093e-01 
       11   0.74748   0.13000   0.00606   0.97957  1.503367e-01 -1.029877e-02 -7.452812e-01  2.005330e-02 -2.416192e-03  4.286790e-03  1.302834e-01 -7.882582e-03 -7.495680e-01 -7.452812e-01  1.503367e-01  1.217072e-02  4.286790e-03  2.005330e-02 -2.416192e-03 -7.495680e-01  1.302834e-01 -7.882582e-03  2.826596e+00  3.599495e+00  5.168694e-01 -9.825328e-03  3.290971e-02  6.451131e-02  2.836422e+00  3.566586e+00  4.523581e-01 
       12   0.81963   0.13000   0.00606   0.99538  1.635819e-01 -8.914176e-03 -8.449602e-01  2.131563e-02 -3.299694e-03  4.526306e-03  1.422662e-01 -5.614482e-03 -8.494864e-01 -8.449602e-01  1.635819e-01  1.570115e-02  4.526306e-03  2.131563e-02 -3.299694e-03 -8.494864e-01  1.422662e-01 -5.614482e-03  3.488285e+00  4.059202e+00  6.292379e-01 -1.005463e-02  3.511551e-02  7.294938e-02  3.498339e+00  4.024086e+00  5.562885e-01 
       13   0.89178   0.13000   0.00606   0.99399  1.284340e-01 -3.711880e-03 -7.278867e-01  2.023371e-02 -1.577195e-03  4.457155e-03  1.082003e-01 -2.134685e-03 -7.323439e-01 -7.278867e-01  1.284340e-01  1.809902e-02  4.457155e-03  2.023371e-02 -1.577195e-03 -7.323439e-01  1.082003e-01 -2.134685e-03  3.259539e+00  3.430208e+00  5.565805e-01 -1.581817e-02  3.262273e-02  8.335197e-02  3.275357e+00  3.397586e+00  4.732285e-01 
       14   0.96393   0.13000   0.00606   0.99639  9.753460e-02 -3.963320e-03 -5.815555e-01  1.908504e-02  3.651105e-04  4.390188e-03  7.844957e-02 -4.328430e-03 -5.859457e-01 -5.815555e-01  9.753460e-02  1.475661e-02  4.390188e-03  1.908504e-02  3.651105e-04 -5.859457e-01  7.844957e-02 -4.328430e-03  2.814941e+00  2.718250e+00  4.517083e-01 -2.211143e-02  2.994764e-02  9.363230e-02  2.837053e+00  2.688303e+00  3.580760e-01 



Average loading for wing surface: 5 --> VSP Surface: 5 ... NOTE: values are per area! 

  Station     S       Chord     Area      V/Vref        Cx            Cy            Cz           Cxo           Cyo           Czo          Cxi            Cyi           Czi           Cl            Cd            Cs            Clo           Cdo           Cso           Cli           Cdi           Csi           Cmx           Cmy           Cmz          Cmxo          Cmyo          Cmzo          Cmxi          Cmyi          Cmzi 
        1   0.24304   0.45000   0.01350   1.04898  1.382949e-02 -1.277667e-01  1.351829e-01  1.463618e-02  2.547486e-05 -2.792220e-04 -8.066840e-04 -1.277922e-01  1.354621e-01  1.351829e-01  1.382949e-02 -1.131560e-01 -2.792220e-04  1.463618e-02  2.547486e-05  1.354621e-01 -8.066840e-04 -1.277922e-01  2.721600e-01 -1.103920e-01 -1.194809e-01 -4.186055e-04  9.020597e-03 -2.111935e-02  2.725786e-01 -1.194126e-01 -9.836156e-02 
        2   0.55031   0.45000   0.01350   1.05868  2.690137e-01  2.321506e-01 -5.794116e-01  1.469257e-02  5.401522e-05  3.433889e-03  2.543212e-01  2.320966e-01 -5.828455e-01 -5.794116e-01  2.690137e-01  2.467892e-01  3.433889e-03  1.469257e-02  5.401522e-05 -5.828455e-01  2.543212e-01  2.320966e-01 -1.000414e+00  7.924711e-01 -7.821243e-02  4.924051e-03  6.857161e-03 -2.117638e-02 -1.005338e+00  7.856140e-01 -5.703604e-02 
        3   0.67879   0.45000   0.01350   0.90404  1.977219e-02  2.805077e-01 -8.239721e-01  1.174031e-02 -5.722043e-05  3.313859e-04  8.031879e-03  2.805649e-01 -8.243035e-01 -8.239721e-01  1.977219e-02  2.923052e-01  3.313859e-04  1.174031e-02 -5.722043e-05 -8.243035e-01  8.031879e-03  2.805649e-01 -1.388794e+00  8.890941e-01  2.593189e-01  5.206302e-04  8.326044e-03 -1.700719e-02 -1.389315e+00  8.807680e-01  2.763261e-01 
        4   0.80728   0.45000   0.01350   0.91145  1.048063e-02  2.044686e-01 -9.808235e-02  1.162153e-02 -1.475422e-05 -8.787134e-05 -1.140894e-03  2.044834e-01 -9.799447e-02 -9.808235e-02  1.048063e-02  2.161049e-01 -8.787134e-05  1.162153e-02 -1.475422e-05 -9.799447e-02 -1.140894e-03  2.044834e-01 -3.038992e-01  1.392938e-01  1.778677e-01 -1.151219e-04  9.372401e-03 -1.679927e-02 -3.037841e-01  1.299214e-01  1.946669e-01 
        5   0.93576   0.45000   0.01350   0.92068  1.073164e-02  1.224917e-01  7.808030e-03  1.162234e-02 -3.060065e-05 -1.933883e-04 -8.906968e-04  1.225223e-01  8.001418e-03  7.808030e-03  1.073164e-02  1.341446e-01 -1.933883e-04  1.162234e-02 -3.060065e-05  8.001418e-03 -8.906968e-04  1.225223e-01 -9.484196e-02  4.174003e-04  8.852461e-02 -2.528181e-04  1.023815e-02 -1.681400e-02 -9.458915e-02 -9.820745e-03  1.053386e-01 



Average loading for wing surface: 6 --> VSP Surface: 6 ... NOTE: values are per area! 

  Station     S       Chord     Area      V/Vref        Cx            Cy            Cz           Cxo           Cyo           Czo          Cxi            Cyi           Czi           Cl            Cd            Cs            Clo           Cdo           Cso           Cli           Cdi           Csi           Cmx           Cmy           Cmz          Cmxo          Cmyo          Cmzo          Cmxi          Cmyi          Cmzi 
        1   0.24304   0.45000   0.01350   1.04374  1.343960e-02  1.199683e-01  1.359791e-01  1.449674e-02 -4.189177e-06 -2.367741e-04 -1.057147e-03  1.199724e-01  1.362158e-01  1.359791e-01  1.343960e-02  1.344692e-01 -2.367741e-04  1.449674e-02 -4.189177e-06  1.362158e-01 -1.057147e-03  1.199724e-01 -2.686280e-01 -1.109123e-01  1.098425e-01  3.445206e-04  8.900620e-03  2.093616e-02 -2.689725e-01 -1.198129e-01  8.890635e-02 
        2   0.55031   0.45000   0.01350   1.04429  2.695427e-01 -2.819363e-01 -5.309951e-01  1.451858e-02 -3.109992e-05  3.283377e-03  2.550241e-01 -2.819052e-01 -5.342785e-01 -5.309951e-01  2.695427e-01 -2.673866e-01  3.283377e-03  1.451858e-02 -3.109992e-05 -5.342785e-01  2.550241e-01 -2.819052e-01  9.648892e-01  7.270310e-01  1.870319e-02 -4.721922e-03  6.869941e-03  2.094467e-02  9.696111e-01  7.201610e-01 -2.241485e-03 
        3   0.67879   0.45000   0.01350   0.91206  2.401326e-02 -3.429880e-01 -7.627639e-01  1.217744e-02 -3.272564e-04  7.172494e-04  1.183582e-02 -3.426607e-01 -7.634812e-01 -7.627639e-01  2.401326e-02 -3.304833e-01  7.172494e-04  1.217744e-02 -3.272564e-04 -7.634812e-01  1.183582e-02 -3.426607e-01  1.344334e+00  8.090320e-01 -3.280297e-01 -7.960389e-04  8.316475e-03  1.730965e-02  1.345130e+00  8.007155e-01 -3.453393e-01 
        4   0.80728   0.45000   0.01350   0.91562  1.084520e-02 -2.023121e-01 -8.551382e-02  1.170499e-02  2.409435e-05 -9.593256e-05 -8.597902e-04 -2.023362e-01 -8.541789e-02 -8.551382e-02  1.084520e-02 -1.906312e-01 -9.593256e-05  1.170499e-02  2.409435e-05 -8.541789e-02 -8.597902e-04 -2.023362e-01  2.846646e-01  1.230097e-01 -1.713659e-01  1.192938e-04  9.446069e-03  1.692782e-02  2.845453e-01  1.135636e-01 -1.882938e-01 
        5   0.93576   0.45000   0.01350   0.92334  1.096146e-02 -1.320404e-01  7.369802e-03  1.169886e-02  4.795074e-05 -1.991608e-04 -7.373971e-04 -1.320884e-01  7.568963e-03  7.369802e-03  1.096146e-02 -1.203895e-01 -1.991608e-04  1.169886e-02  4.795074e-05  7.568963e-03 -7.373971e-04 -1.320884e-01  1.037501e-01  1.209443e-03 -9.921435e-02  2.461195e-04  1.030940e-02  1.693937e-02  1.035039e-01 -9.099959e-03 -1.161537e-01 



Average loading for wing surface: 7 --> VSP Surface: 7 ... NOTE: values are per area! 

  Station     S       Chord     Area      V/Vref        Cx            Cy            Cz           Cxo           Cyo           Czo          Cxi            Cyi           Czi           Cl            Cd            Cs            Clo           Cdo           Cso           Cli           Cdi           Csi           Cmx           Cmy           Cmz          Cmxo          Cmyo          Cmzo          Cmxi          Cmyi          Cmzi 
        1   0.11280   0.21979   0.00235   0.87877  2.923292e-02 -1.498231e-01 -3.722669e-02  1.252211e-02  6.391076e-04 -5.046032e-04  1.671081e-02 -1.504622e-01 -3.672208e-02 -3.722669e-02  2.923292e-02 -1.379400e-01 -5.046032e-04  1.252211e-02  6.391076e-04 -3.672208e-02  1.671081e-02 -1.504622e-01  1.140121e-01  1.073230e-01 -3.192937e-01 -2.162342e-03  1.810336e-02 -3.073123e-02  1.161744e-01  8.921965e-02 -2.885625e-01 
        2   0.24711   0.21979   0.00235   0.87724  5.040754e-02 -2.401738e-01 -4.044136e-02  1.278733e-02  6.151181e-04 -1.388217e-04  3.762021e-02 -2.407889e-01 -4.030254e-02 -4.044136e-02  5.040754e-02 -2.280016e-01 -1.388217e-04  1.278733e-02  6.151181e-04 -4.030254e-02  3.762021e-02 -2.407889e-01  2.435613e-01  1.449697e-01 -5.275728e-01 -1.234482e-03  1.856856e-02 -3.143503e-02  2.447958e-01  1.264012e-01 -4.961378e-01 
        3   0.29013   0.21979   0.00235   0.89070  6.226753e-02 -2.986012e-01 -3.882251e-03  1.336219e-02  6.800425e-04 -1.913674e-05  4.890533e-02 -2.992812e-01 -3.863114e-03 -3.882251e-03  6.226753e-02 -2.859190e-01 -1.913674e-05  1.336219e-02  6.800425e-04 -3.863114e-03  4.890533e-02 -2.992812e-01  4.336369e-01  9.926564e-02 -6.545851e-01 -1.057999e-03  1.986579e-02 -3.279568e-02  4.346949e-01  7.939985e-02 -6.217894e-01 
        4   0.33316   0.21979   0.00235   0.89366  7.092649e-02 -3.271899e-01 -4.508125e-04  1.357550e-02  6.940672e-04 -4.415653e-06  5.735098e-02 -3.278839e-01 -4.463969e-04 -4.508125e-04  7.092649e-02 -3.143084e-01 -4.415653e-06  1.357550e-02  6.940672e-04 -4.463969e-04  5.735098e-02 -3.278839e-01  5.003158e-01  1.094887e-01 -7.237922e-01 -1.074875e-03  2.081191e-02 -3.331474e-02  5.013907e-01  8.867681e-02 -6.904774e-01 
        5   0.37618   0.21979   0.00235   0.89135  6.326022e-02 -3.396840e-01 -5.699505e-04  1.358453e-02  7.075597e-04  5.694813e-05  4.967570e-02 -3.403916e-01 -6.268986e-04 -5.699505e-04  6.326022e-02 -3.268071e-01  5.694813e-05  1.358453e-02  7.075597e-04 -6.268986e-04  4.967570e-02 -3.403916e-01  5.354362e-01  1.010303e-01 -7.258028e-01 -9.744303e-04  2.138986e-02 -3.331853e-02  5.364106e-01  7.964045e-02 -6.924843e-01 
        6   0.41920   0.21979   0.00235   0.89113  6.404084e-02 -3.502159e-01 -6.551854e-04  1.363731e-02  7.086447e-04  5.429925e-05  5.040353e-02 -3.509246e-01 -7.094847e-04 -6.551854e-04  6.404084e-02 -3.372873e-01  5.429925e-05  1.363731e-02  7.086447e-04 -7.094847e-04  5.040353e-02 -3.509246e-01  5.686402e-01  1.054840e-01 -7.453667e-01 -1.016776e-03  2.213015e-02 -3.345033e-02  5.696570e-01  8.335385e-02 -7.119164e-01 
        7   0.46222   0.21979   0.00235   0.89478  7.126374e-02 -3.590866e-01 -1.607274e-04  1.377314e-02  7.103641e-04  9.183649e-05  5.749060e-02 -3.597969e-01 -2.525639e-04 -1.607274e-04  7.126374e-02 -3.460238e-01  9.183649e-05  1.377314e-02  7.103641e-04 -2.525639e-04  5.749060e-02 -3.597969e-01  6.015115e-01  1.197914e-01 -7.779198e-01 -9.587746e-04  2.295807e-02 -3.379104e-02  6.024702e-01  9.683330e-02 -7.441287e-01 
        8   0.50524   0.21979   0.00235   0.89472  7.145066e-02 -3.631788e-01  1.219163e-04  1.379503e-02  7.112223e-04  9.519114e-05  5.765562e-02 -3.638900e-01  2.672513e-05  1.219163e-04  7.145066e-02 -3.500950e-01  9.519114e-05  1.379503e-02  7.112223e-04  2.672513e-05  5.765562e-02 -3.638900e-01  6.264762e-01  1.230215e-01 -7.855638e-01 -9.858018e-04  2.365073e-02 -3.384512e-02  6.274619e-01  9.937077e-02 -7.517186e-01 
        9   0.54827   0.21979   0.00235   0.90348  6.797092e-02 -3.646209e-01  2.358261e-04  1.400432e-02  7.262516e-04  1.307755e-04  5.396659e-02 -3.653471e-01  1.050506e-04  2.358261e-04  6.797092e-02 -3.513428e-01  1.307755e-04  1.400432e-02  7.262516e-04  1.050506e-04  5.396659e-02 -3.653471e-01  6.467194e-01  1.200923e-01 -7.805477e-01 -9.566080e-04  2.463214e-02 -3.435263e-02  6.476760e-01  9.546016e-02 -7.461951e-01 
       10   0.59129   0.21979   0.00235   0.90350  6.883238e-02 -3.640831e-01  3.193587e-04  1.400179e-02  7.262308e-04  1.331006e-04  5.483059e-02 -3.648094e-01  1.862581e-04  3.193587e-04  6.883238e-02 -3.508076e-01  1.331006e-04  1.400179e-02  7.262308e-04  1.862581e-04  5.483059e-02 -3.648094e-01  6.634101e-01  1.247661e-01 -7.826221e-01 -9.854794e-04  2.529496e-02 -3.434625e-02  6.643956e-01  9.947109e-02 -7.482759e-01 
       11   0.63431   0.21979   0.00235   0.90349  6.918961e-02 -3.616074e-01  3.695557e-04  1.398797e-02  7.254036e-04  1.365690e-04  5.520164e-02 -3.623328e-01  2.329868e-04  3.695557e-04  6.918961e-02 -3.483449e-01  1.365690e-04  1.398797e-02  7.254036e-04  2.329868e-04  5.520164e-02 -3.623328e-01  6.763501e-01  1.286404e-01 -7.803233e-01 -1.009955e-03  2.593485e-02 -3.431251e-02  6.773600e-01  1.027056e-01 -7.460108e-01 
       12   0.67733   0.21979   0.00235   0.90865  7.043358e-02 -3.568327e-01  3.720709e-04  1.408276e-02  7.291951e-04  1.349867e-04  5.635082e-02 -3.575619e-01  2.370843e-04  3.720709e-04  7.043358e-02 -3.434791e-01  1.349867e-04  1.408276e-02  7.291951e-04  2.370843e-04  5.635082e-02 -3.575619e-01  6.845255e-01  1.343241e-01 -7.766034e-01 -1.055957e-03  2.678861e-02 -3.454662e-02  6.855815e-01  1.075355e-01 -7.420568e-01 
       13   0.72036   0.21979   0.00235   0.91277  7.045569e-02 -3.490084e-01  4.296178e-04  1.413795e-02  7.369144e-04  1.304233e-04  5.631774e-02 -3.497453e-01  2.991945e-04  4.296178e-04  7.045569e-02 -3.356074e-01  1.304233e-04  1.413795e-02  7.369144e-04  2.991945e-04  5.631774e-02 -3.497453e-01  6.863963e-01  1.376326e-01 -7.649626e-01 -1.117566e-03  2.757789e-02 -3.467515e-02  6.875138e-01  1.100547e-01 -7.302874e-01 
       14   0.76338   0.21979   0.00235   0.91274  6.916412e-02 -3.386441e-01  6.383415e-04  1.408287e-02  7.336164e-04  1.348271e-04  5.508125e-02 -3.393777e-01  5.035143e-04  6.383415e-04  6.916412e-02 -3.252949e-01  1.348271e-04  1.408287e-02  7.336164e-04  5.035143e-04  5.508125e-02 -3.393777e-01  6.827876e-01  1.380422e-01 -7.463771e-01 -1.135101e-03  2.813800e-02 -3.454065e-02  6.839227e-01  1.099042e-01 -7.118364e-01 
       15   0.80640   0.21979   0.00235   0.91302  6.769689e-02 -3.228100e-01  8.435793e-04  1.401012e-02  7.317018e-04  1.389332e-04  5.368677e-02 -3.235417e-01  7.046461e-04  8.435793e-04  6.769689e-02 -3.095315e-01  1.389332e-04  1.401012e-02  7.317018e-04  7.046461e-04  5.368677e-02 -3.235417e-01  6.669172e-01  1.379549e-01 -7.176354e-01 -1.155921e-03  2.865688e-02 -3.435959e-02  6.680731e-01  1.092980e-01 -6.832758e-01 
       16   0.84942   0.21979   0.00235   0.92074  6.664649e-02 -3.018538e-01  1.077160e-03  1.409894e-02  7.355418e-04  1.088433e-04  5.254754e-02 -3.025893e-01  9.683169e-04  1.077160e-03  6.664649e-02 -2.884904e-01  1.088433e-04  1.409894e-02  7.355418e-04  9.683169e-04  5.254754e-02 -3.025893e-01  6.387869e-01  1.385741e-01 -6.816230e-01 -1.275067e-03  2.955746e-02 -3.457856e-02  6.400619e-01  1.090167e-01 -6.470445e-01 
       17   0.89244   0.21979   0.00235   0.92229  6.373183e-02 -2.732042e-01  3.242945e-03  1.401419e-02  7.320094e-04  1.014611e-04  4.971764e-02 -2.739362e-01  3.141484e-03  3.242945e-03  6.373183e-02 -2.599220e-01  1.014611e-04  1.401419e-02  7.320094e-04  3.141484e-03  4.971764e-02 -2.739362e-01  5.969278e-01  1.317163e-01 -6.280295e-01 -1.321330e-03  3.006045e-02 -3.436944e-02  5.982491e-01  1.016558e-01 -5.936601e-01 
       18   0.93547   0.21979   0.00235   0.92355  5.750555e-02 -2.315046e-01  1.344043e-02  1.388830e-02  7.321456e-04  1.026366e-04  4.361725e-02 -2.322367e-01  1.333779e-02  1.344043e-02  5.750555e-02 -2.183484e-01  1.026366e-04  1.388830e-02  7.321456e-04  1.333779e-02  4.361725e-02 -2.322367e-01  5.437425e-01  1.034813e-01 -5.442389e-01 -1.353719e-03  3.045263e-02 -3.405123e-02  5.450962e-01  7.302868e-02 -5.101877e-01 
       19   0.97849   0.21979   0.00235   0.92399  5.154458e-02 -1.732708e-01  1.085286e-02  1.372301e-02  7.511320e-04  7.029738e-05  3.782158e-02 -1.740219e-01  1.078257e-02  1.085286e-02  5.154458e-02 -1.602989e-01  7.029738e-05  1.372301e-02  7.511320e-04  1.078257e-02  3.782158e-02 -1.740219e-01  4.173831e-01  9.735593e-02 -4.321676e-01 -1.513214e-03  3.079130e-02 -3.360692e-02  4.188963e-01  6.656463e-02 -3.985607e-01 



Average loading for wing surface: 8 --> VSP Surface: 8 ... NOTE: values are per area! 

  Station     S       Chord     Area      V/Vref        Cx            Cy            Cz           Cxo           Cyo           Czo          Cxi            Cyi           Czi           Cl            Cd            Cs            Clo           Cdo           Cso           Cli           Cdi           Csi           Cmx           Cmy           Cmz          Cmxo          Cmyo          Cmzo          Cmxi          Cmyi          Cmzi 
        1   0.11280   0.21979   0.00235   0.87879  2.922891e-02  1.501432e-01 -3.784838e-02  1.252515e-02 -6.251805e-04 -4.792416e-04  1.670376e-02  1.507684e-01 -3.736913e-02 -3.784838e-02  2.922891e-02  1.632935e-01 -4.792416e-04  1.252515e-02 -6.251805e-04 -3.736913e-02  1.670376e-02  1.507684e-01 -1.129089e-01  1.084649e-01  3.199350e-01  2.078933e-03  1.807184e-02  3.075855e-02 -1.149878e-01  9.039302e-02  2.891765e-01 
        2   0.24711   0.21979   0.00235   0.87752  5.092730e-02  2.424595e-01 -4.140415e-02  1.280367e-02 -6.078349e-04 -1.182943e-04  3.812363e-02  2.430674e-01 -4.128586e-02 -4.140415e-02  5.092730e-02  2.558710e-01 -1.182943e-04  1.280367e-02 -6.078349e-04 -4.128586e-02  3.812363e-02  2.430674e-01 -2.444085e-01  1.474721e-01  5.332540e-01  1.172163e-03  1.856310e-02  3.148656e-02 -2.455806e-01  1.289090e-01  5.017675e-01 
        3   0.29013   0.21979   0.00235   0.89111  6.205779e-02  2.994565e-01 -4.299716e-03  1.337627e-02 -6.721429e-04 -4.946284e-06  4.868152e-02  3.001286e-01 -4.294770e-03 -4.299716e-03  6.205779e-02  3.135049e-01 -4.946284e-06  1.337627e-02 -6.721429e-04 -4.294770e-03  4.868152e-02  3.001286e-01 -4.338530e-01  9.971339e-02  6.557456e-01  1.010424e-03  1.986668e-02  3.284237e-02 -4.348634e-01  7.984670e-02  6.229032e-01 
        4   0.33316   0.21979   0.00235   0.89369  7.076047e-02  3.277609e-01 -5.716961e-04  1.357938e-02 -6.867876e-04  9.817359e-06  5.718109e-02  3.284477e-01 -5.815135e-04 -5.716961e-04  7.076047e-02  3.420271e-01  9.817359e-06  1.357938e-02 -6.867876e-04 -5.815135e-04  5.718109e-02  3.284477e-01 -5.008899e-01  1.094543e-01  7.245596e-01  1.027765e-03  2.079779e-02  3.333480e-02 -5.019177e-01  8.865646e-02  6.912248e-01 
        5   0.37618   0.21979   0.00235   0.89159  6.315290e-02  3.402078e-01 -6.222214e-04  1.359292e-02 -7.042403e-04  7.229140e-05  4.955998e-02  3.409121e-01 -6.945128e-04 -6.222214e-04  6.315290e-02  3.545050e-01  7.229140e-05  1.359292e-02 -7.042403e-04 -6.945128e-04  4.955998e-02  3.409121e-01 -5.361332e-01  1.009600e-01  7.266504e-01  9.304253e-04  2.138149e-02  3.334440e-02 -5.370636e-01  7.957849e-02  6.933059e-01 
        6   0.41920   0.21979   0.00235   0.89138  6.394716e-02  3.506089e-01 -6.919742e-04  1.364540e-02 -7.053985e-04  6.991927e-05  5.030177e-02  3.513143e-01 -7.618935e-04 -6.919742e-04  6.394716e-02  3.649597e-01  6.991927e-05  1.364540e-02 -7.053985e-04 -7.618935e-04  5.030177e-02  3.513143e-01 -5.691881e-01  1.054030e-01  7.460132e-01  9.720321e-04  2.212131e-02  3.347534e-02 -5.701602e-01  8.328171e-02  7.125378e-01 
        7   0.46222   0.21979   0.00235   0.89502  7.118069e-02  3.593709e-01 -1.785234e-04  1.378042e-02 -7.072353e-04  1.057898e-04  5.740026e-02  3.600782e-01 -2.843133e-04 -1.785234e-04  7.118069e-02  3.738586e-01  1.057898e-04  1.378042e-02 -7.072353e-04 -2.843133e-04  5.740026e-02  3.600782e-01 -6.019430e-01  1.196893e-01  7.784176e-01  9.182823e-04  2.295060e-02  3.381383e-02 -6.028613e-01  9.673867e-02  7.446038e-01 
        8   0.50524   0.21979   0.00235   0.89497  7.138683e-02  3.633077e-01  1.361520e-04  1.380158e-02 -7.081516e-04  1.091284e-04  5.758526e-02  3.640158e-01  2.702363e-05  1.361520e-04  7.138683e-02  3.778174e-01  1.091284e-04  1.380158e-02 -7.081516e-04  2.702363e-05  5.758526e-02  3.640158e-01 -6.267334e-01  1.228923e-01  7.858553e-01  9.453006e-04  2.364237e-02  3.386598e-02 -6.276788e-01  9.924999e-02  7.519893e-01 
        9   0.54827   0.21979   0.00235   0.90392  6.779583e-02  3.645690e-01  2.661831e-04  1.401404e-02 -7.230699e-04  1.443665e-04  5.378178e-02  3.652921e-01  1.218167e-04  2.661831e-04  6.779583e-02  3.793061e-01  1.443665e-04  1.401404e-02 -7.230699e-04  1.218167e-04  5.378178e-02  3.652921e-01 -6.467038e-01  1.197349e-01  7.802690e-01  9.166375e-04  2.463021e-02  3.438167e-02 -6.476204e-01  9.510469e-02  7.458873e-01 
       10   0.59129   0.21979   0.00235   0.90393  6.866966e-02  3.639269e-01  3.545676e-04  1.401091e-02 -7.230188e-04  1.466798e-04  5.465875e-02  3.646499e-01  2.078878e-04  3.545676e-04  6.866966e-02  3.786609e-01  1.466798e-04  1.401091e-02 -7.230188e-04  2.078878e-04  5.465875e-02  3.646499e-01 -6.632140e-01  1.244139e-01  7.822105e-01  9.453311e-04  2.529242e-02  3.437383e-02 -6.641594e-01  9.912143e-02  7.478367e-01 
       11   0.63431   0.21979   0.00235   0.90393  6.904465e-02  3.613504e-01  4.114057e-04  1.399678e-02 -7.222990e-04  1.500574e-04  5.504787e-02  3.620726e-01  2.613484e-04  4.114057e-04  6.904465e-02  3.760694e-01  1.500574e-04  1.399678e-02 -7.222990e-04  2.613484e-04  5.504787e-02  3.620726e-01 -6.759746e-01  1.283020e-01  7.797995e-01  9.700826e-04  2.593229e-02  3.433913e-02 -6.769447e-01  1.023697e-01  7.454604e-01 
       12   0.67733   0.21979   0.00235   0.90914  7.024643e-02  3.564673e-01  4.266580e-04  1.409216e-02 -7.258020e-04  1.463874e-04  5.615427e-02  3.571931e-01  2.802706e-04  4.266580e-04  7.024643e-02  3.712853e-01  1.463874e-04  1.409216e-02 -7.258020e-04  2.802706e-04  5.615427e-02  3.571931e-01 -6.839623e-01  1.338746e-01  7.758113e-01  1.020658e-03  2.679056e-02  3.457516e-02 -6.849830e-01  1.070840e-01  7.412361e-01 
       13   0.72036   0.21979   0.00235   0.91332  7.018081e-02  3.484919e-01  5.040759e-04  1.414810e-02 -7.331438e-04  1.404636e-04  5.603271e-02  3.492250e-01  3.636122e-04  5.040759e-04  7.018081e-02  3.633731e-01  1.404636e-04  1.414810e-02 -7.331438e-04  3.636122e-04  5.603271e-02  3.492250e-01 -6.855686e-01  1.369659e-01  7.636967e-01  1.084799e-03  2.758366e-02  3.470610e-02 -6.866534e-01  1.093822e-01  7.289907e-01 
       14   0.76338   0.21979   0.00235   0.91329  6.889862e-02  3.380648e-01  7.327325e-04  1.409322e-02 -7.298059e-04  1.448780e-04  5.480540e-02  3.387946e-01  5.878545e-04  7.327325e-04  6.889862e-02  3.528878e-01  1.448780e-04  1.409322e-02 -7.298059e-04  5.878545e-04  5.480540e-02  3.387946e-01 -6.818591e-01  1.373448e-01  7.450258e-01  1.102047e-03  2.814466e-02  3.457218e-02 -6.829612e-01  1.092001e-01  7.104536e-01 
       15   0.80640   0.21979   0.00235   0.91358  6.745411e-02  3.222189e-01  9.592320e-04  1.402061e-02 -7.278082e-04  1.488791e-04  5.343350e-02  3.229467e-01  8.103529e-04  9.592320e-04  6.745411e-02  3.369673e-01  1.488791e-04  1.402061e-02 -7.278082e-04  8.103529e-04  5.343350e-02  3.229467e-01 -6.659903e-01  1.372526e-01  7.163183e-01  1.122778e-03  2.866445e-02  3.439157e-02 -6.671131e-01  1.085882e-01  6.819267e-01 
       16   0.84942   0.21979   0.00235   0.92136  6.639948e-02  3.012866e-01  1.216558e-03  1.411164e-02 -7.319977e-04  1.155475e-04  5.228785e-02  3.020186e-01  1.101011e-03  1.216558e-03  6.639948e-02  3.161303e-01  1.155475e-04  1.411164e-02 -7.319977e-04  1.101011e-03  5.228785e-02  3.020186e-01 -6.379414e-01  1.378077e-01  6.803302e-01  1.250663e-03  2.957475e-02  3.461561e-02 -6.391920e-01  1.082329e-01  6.457146e-01 
       17   0.89244   0.21979   0.00235   0.92295  6.348268e-02  2.726377e-01  3.435780e-03  1.402845e-02 -7.279138e-04  1.076865e-04  4.945423e-02  2.733656e-01  3.328094e-03  3.435780e-03  6.348268e-02  2.873941e-01  1.076865e-04  1.402845e-02 -7.279138e-04  3.328094e-03  4.945423e-02  2.733656e-01 -5.961909e-01  1.308351e-01  6.266975e-01  1.296777e-03  3.008241e-02  3.441124e-02 -5.974877e-01  1.007527e-01  5.922863e-01 
       18   0.93547   0.21979   0.00235   0.92423  5.723939e-02  2.309985e-01  1.378086e-02  1.390387e-02 -7.277924e-04  1.084879e-04  4.333552e-02  2.317263e-01  1.367237e-02  1.378086e-02  5.723939e-02  2.456302e-01  1.084879e-04  1.390387e-02 -7.277924e-04  1.367237e-02  4.333552e-02  2.317263e-01 -5.434855e-01  1.022743e-01  5.429249e-01  1.329348e-03  3.047868e-02  3.409669e-02 -5.448148e-01  7.179566e-02  5.088282e-01 
       19   0.97849   0.21979   0.00235   0.92468  5.129702e-02  1.728972e-01  1.108018e-02  1.373988e-02 -7.460612e-04  7.551787e-05  3.755714e-02  1.736432e-01  1.100466e-02  1.108018e-02  5.129702e-02  1.873831e-01  7.551787e-05  1.373988e-02 -7.460612e-04  1.100466e-02  3.755714e-02  1.736432e-01 -4.171185e-01  9.638317e-02  4.310514e-01  1.488613e-03  3.082193e-02  3.365670e-02 -4.186072e-01  6.556124e-02  3.973947e-01 



Time history of loading for wing surface: 1 --> VSP Surface: 1 ... NOTE: values per area! 

  Station    Time       S       Chord     Area      V/Vref        Cx            Cy            Cz           Cxo           Cyo           Czo          Cxi            Cyi           Czi           Cl            Cd            Cs            Clo           Cdo           Cso           Cli           Cdi           Csi           Cmx           Cmy           Cmz          Cmxo          Cmyo          Cmzo          Cmxi          Cmyi          Cmzi 
        1   0.00000   0.06064   0.32000   0.01489   1.02518  3.476840e-02 -1.954884e-04 -6.723608e-01  1.767526e-02 -2.399990e-04  6.770459e-04  1.709314e-02  4.451062e-05 -6.730379e-01 -6.723608e-01  3.476840e-02  1.771977e-02  6.770459e-04  1.767526e-02 -2.399990e-04 -6.730379e-01  1.709314e-02  4.451062e-05 -4.858114e-02  6.884453e-01 -2.713307e-03  2.767204e-04  1.608557e-02 -1.522176e-03 -4.885786e-02  6.723597e-01 -1.191131e-03 
        2   0.00000   0.15507   0.32000   0.01489   1.02510  3.201536e-02 -1.333572e-04 -6.741775e-01  1.768694e-02 -2.420980e-04  6.841479e-04  1.432842e-02  1.087409e-04 -6.748617e-01 -6.741775e-01  3.201536e-02  1.779568e-02  6.841479e-04  1.768694e-02 -2.420980e-04 -6.748617e-01  1.432842e-02  1.087409e-04 -1.465649e-01  6.863147e-01 -7.093141e-03  3.784879e-04  1.608955e-02 -4.091284e-03 -1.469434e-01  6.702252e-01 -3.001857e-03 
        3   0.00000   0.22267   0.32000   0.01489   1.02275  3.147896e-02 -2.914600e-04 -6.782002e-01  1.766875e-02 -3.370429e-04  6.884564e-04  1.381022e-02  4.558289e-05 -6.788886e-01 -6.782002e-01  3.147896e-02  1.771433e-02  6.884564e-04  1.766875e-02 -3.370429e-04 -6.788886e-01  1.381022e-02  4.558289e-05 -2.457173e-01  6.851870e-01 -1.170965e-02  5.693539e-04  1.606799e-02 -6.745769e-03 -2.462866e-01  6.691190e-01 -4.963876e-03 
        4   0.00000   0.29026   0.32000   0.01489   1.02243  2.813247e-02 -3.634522e-04 -6.842053e-01  1.770974e-02 -3.446060e-04  6.904051e-04  1.042273e-02 -1.884611e-05 -6.848957e-01 -6.842053e-01  2.813247e-02  1.769089e-02  6.904051e-04  1.770974e-02 -3.446060e-04 -6.848957e-01  1.042273e-02 -1.884611e-05 -3.470927e-01  6.855834e-01 -1.464514e-02  6.774028e-04  1.610492e-02 -9.337669e-03 -3.477701e-01  6.694784e-01 -5.307469e-03 
        5   0.00000   0.35786   0.32000   0.01489   1.01799  3.338746e-02 -2.861542e-04 -6.942117e-01  1.770457e-02 -2.813198e-04  6.930502e-04  1.568289e-02 -4.834432e-06 -6.949047e-01 -6.942117e-01  3.338746e-02  1.769973e-02  6.930502e-04  1.770457e-02 -2.813198e-04 -6.949047e-01  1.568289e-02 -4.834432e-06 -4.530254e-01  6.981263e-01 -2.208246e-02  7.192813e-04  1.609737e-02 -1.184049e-02 -4.537447e-01  6.820289e-01 -1.024197e-02 
        6   0.00000   0.42545   0.32000   0.01489   1.01841  3.236850e-02 -2.837017e-04 -6.924367e-01  1.769807e-02 -2.794681e-04  6.932481e-04  1.467042e-02 -4.233562e-06 -6.931300e-01 -6.924367e-01  3.236850e-02  1.769384e-02  6.932481e-04  1.769807e-02 -2.794681e-04 -6.931300e-01  1.467042e-02 -4.233562e-06 -5.523069e-01  6.952909e-01 -2.611830e-02  8.182364e-04  1.609102e-02 -1.440218e-02 -5.531251e-01  6.791999e-01 -1.171612e-02 
        7   0.00000   0.49304   0.32000   0.01489   1.01768  3.041169e-02 -1.533559e-04 -6.809853e-01  1.758888e-02 -1.960172e-04  6.897564e-04  1.282281e-02  4.266135e-05 -6.816750e-01 -6.809853e-01  3.041169e-02  1.763154e-02  6.897564e-04  1.758888e-02 -1.960172e-04 -6.816750e-01  1.282281e-02  4.266135e-05 -6.420717e-01  6.835707e-01 -2.882431e-02  8.363841e-04  1.599095e-02 -1.678355e-02 -6.429081e-01  6.675798e-01 -1.204077e-02 
        8   0.00000   0.56064   0.32000   0.01489   1.01777  3.194181e-02 -3.699843e-05 -6.619961e-01  1.743722e-02 -1.970385e-04  6.846018e-04  1.450459e-02  1.600400e-04 -6.626807e-01 -6.619961e-01  3.194181e-02  1.759726e-02  6.846018e-04  1.743722e-02 -1.970385e-04 -6.626807e-01  1.450459e-02  1.600400e-04 -7.203172e-01  6.676064e-01 -3.474899e-02  9.318190e-04  1.585228e-02 -1.917147e-02 -7.212491e-01  6.517541e-01 -1.557751e-02 
        9   0.00000   0.62823   0.32000   0.01489   1.01864  3.020186e-02  2.552309e-04 -6.305840e-01  1.721142e-02 -6.355635e-05  6.773166e-04  1.299044e-02  3.187873e-04 -6.312613e-01 -6.305840e-01  3.020186e-02  1.753021e-02  6.773166e-04  1.721142e-02 -6.355635e-05 -6.312613e-01  1.299044e-02  3.187873e-04 -7.778833e-01  6.369280e-01 -3.688880e-02  8.955732e-04  1.564542e-02 -2.128948e-02 -7.787789e-01  6.212826e-01 -1.559932e-02 
       10   0.00000   0.69583   0.32000   0.01489   1.02028  3.195760e-02  9.903590e-04 -5.900955e-01  1.695017e-02 -5.895931e-05  6.664437e-04  1.500744e-02  1.049318e-03 -5.907620e-01 -5.900955e-01  3.195760e-02  1.799949e-02  6.664437e-04  1.695017e-02 -5.895931e-05 -5.907620e-01  1.500744e-02  1.049318e-03 -8.142424e-01  6.004151e-01 -4.272135e-02  9.744975e-04  1.540853e-02 -2.342196e-02 -8.152169e-01  5.850066e-01 -1.929939e-02 
       11   0.00000   0.76342   0.32000   0.01489   1.02309  2.654790e-02  2.674331e-03 -5.306597e-01  1.661274e-02 -2.214096e-05  6.551163e-04  9.935151e-03  2.696472e-03 -5.313148e-01 -5.306597e-01  2.654790e-02  1.930922e-02  6.551163e-04  1.661274e-02 -2.214096e-05 -5.313148e-01  9.935151e-03  2.696472e-03 -8.109491e-01  5.398220e-01 -3.696682e-02  1.019017e-03  1.509986e-02 -2.533038e-02 -8.119681e-01  5.247222e-01 -1.163644e-02 
       12   0.00000   0.83101   0.32000   0.01489   1.03563  2.893484e-02 -3.618491e-02 -4.319754e-01  1.634123e-02 -4.755558e-04  6.338432e-04  1.259361e-02 -3.570935e-02 -4.326093e-01 -4.319754e-01  2.893484e-02 -1.936812e-02  6.338432e-04  1.634123e-02 -4.755558e-04 -4.326093e-01  1.259361e-02 -3.570935e-02 -6.851240e-01  4.373753e-01 -9.480052e-02  1.508572e-03  1.486363e-02 -2.774097e-02 -6.866326e-01  4.225117e-01 -6.705955e-02 
       13   0.00000   0.89861   0.32000   0.01489   0.97540  3.627859e-02 -3.323733e-02 -5.599839e-01  1.577203e-02 -2.680083e-04  6.082680e-04  2.050656e-02 -3.296932e-02 -5.605922e-01 -5.599839e-01  3.627859e-02 -1.719729e-02  6.082680e-04  1.577203e-02 -2.680083e-04 -5.605922e-01  2.050656e-02 -3.296932e-02 -9.855127e-01  6.017947e-01 -1.089467e-01  1.357322e-03  1.434939e-02 -2.887209e-02 -9.868701e-01  5.874453e-01 -8.007459e-02 
       14   0.00000   0.96620   0.32000   0.01489   1.00234  4.535189e-02  5.367232e-03 -5.544880e-01  1.629331e-02  7.790407e-04  6.569815e-04  2.905858e-02  4.588191e-03 -5.551450e-01 -5.544880e-01  4.535189e-02  2.088150e-02  6.569815e-04  1.629331e-02  7.790407e-04 -5.551450e-01  2.905858e-02  4.588191e-03 -1.091342e+00  6.411792e-01 -8.256944e-02  5.480124e-04  1.479505e-02 -3.113465e-02 -1.091890e+00  6.263842e-01 -5.143479e-02 



Time history of loading for wing surface: 2 --> VSP Surface: 2 ... NOTE: values per area! 

  Station    Time       S       Chord     Area      V/Vref        Cx            Cy            Cz           Cxo           Cyo           Czo          Cxi            Cyi           Czi           Cl            Cd            Cs            Clo           Cdo           Cso           Cli           Cdi           Csi           Cmx           Cmy           Cmz          Cmxo          Cmyo          Cmzo          Cmxi          Cmyi          Cmzi 
        1   0.00000   0.06064   0.32000   0.01489   1.02511  3.462559e-02  2.072337e-04 -6.719955e-01  1.767083e-02  2.440005e-04  6.748661e-04  1.695476e-02 -3.676679e-05 -6.726703e-01 -6.719955e-01  3.462559e-02  1.763407e-02  6.748661e-04  1.767083e-02  2.440005e-04 -6.726703e-01  1.695476e-02 -3.676679e-05  4.854419e-02  6.879336e-01  2.717106e-03 -2.803571e-04  1.608356e-02  1.525855e-03  4.882455e-02  6.718500e-01  1.191251e-03 
        2   0.00000   0.15507   0.32000   0.01489   1.02504  3.161532e-02  1.566572e-04 -6.733255e-01  1.767906e-02  2.466709e-04  6.751578e-04  1.393627e-02 -9.001367e-05 -6.740006e-01 -6.733255e-01  3.161532e-02  1.758905e-02  6.751578e-04  1.767906e-02  2.466709e-04 -6.740006e-01  1.393627e-02 -9.001367e-05  1.463564e-01  6.851652e-01  7.035272e-03 -3.808680e-04  1.609107e-02  4.094140e-03  1.467373e-01  6.690741e-01  2.941132e-03 
        3   0.00000   0.22267   0.32000   0.01489   1.02268  3.110122e-02  3.210985e-04 -6.772659e-01  1.765990e-02  3.418113e-04  6.790724e-04  1.344132e-02 -2.071280e-05 -6.779450e-01 -6.772659e-01  3.110122e-02  1.763919e-02  6.790724e-04  1.765990e-02  3.418113e-04 -6.779450e-01  1.344132e-02 -2.071280e-05  2.453494e-01  6.840165e-01  1.161045e-02 -5.704723e-04  1.606898e-02  6.747328e-03  2.459199e-01  6.679475e-01  4.863125e-03 
        4   0.00000   0.29026   0.32000   0.01489   1.02236  2.785486e-02  3.833681e-04 -6.834958e-01  1.770272e-02  3.494769e-04  6.815913e-04  1.015215e-02  3.389116e-05 -6.841774e-01 -6.834958e-01  2.785486e-02  1.773661e-02  6.815913e-04  1.770272e-02  3.494769e-04 -6.841774e-01  1.015215e-02  3.389116e-05  3.467118e-01  6.847283e-01  1.453000e-02 -6.775464e-04  1.610707e-02  9.338973e-03  3.473893e-01  6.686213e-01  5.191030e-03 
        5   0.00000   0.35786   0.32000   0.01489   1.01780  3.365490e-02  2.896374e-04 -6.943583e-01  1.770204e-02  2.852409e-04  6.938008e-04  1.595286e-02  4.396489e-06 -6.950522e-01 -6.943583e-01  3.365490e-02  1.770644e-02  6.938008e-04  1.770204e-02  2.852409e-04 -6.950522e-01  1.595286e-02  4.396489e-06  4.531204e-01  6.986678e-01  2.226194e-02 -7.234899e-04  1.609422e-02  1.184276e-02  4.538438e-01  6.825736e-01  1.041918e-02 
        6   0.00000   0.42545   0.32000   0.01489   1.01823  3.274562e-02  3.005206e-04 -6.928880e-01  1.769815e-02  2.832606e-04  6.944505e-04  1.504746e-02  1.725996e-05 -6.935824e-01 -6.928880e-01  3.274562e-02  1.771541e-02  6.944505e-04  1.769815e-02  2.832606e-04 -6.935824e-01  1.504746e-02  1.725996e-05  5.526524e-01  6.962115e-01  2.643895e-02 -8.227925e-04  1.608989e-02  1.440603e-02  5.534752e-01  6.801216e-01  1.203292e-02 
        7   0.00000   0.49304   0.32000   0.01489   1.01744  3.086060e-02  2.085358e-04 -6.813710e-01  1.758714e-02  2.005865e-04  6.926595e-04  1.327345e-02  7.949362e-06 -6.820636e-01 -6.813710e-01  3.086060e-02  1.759509e-02  6.926595e-04  1.758714e-02  2.005865e-04 -6.820636e-01  1.327345e-02  7.949362e-06  6.423844e-01  6.844005e-01  2.931476e-02 -8.434553e-04  1.598640e-02  1.678647e-02  6.432278e-01  6.684141e-01  1.252829e-02 
        8   0.00000   0.56064   0.32000   0.01489   1.01743  3.247219e-02  1.569562e-04 -6.619585e-01  1.742991e-02  2.017998e-04  6.895196e-04  1.504228e-02 -4.484366e-05 -6.626480e-01 -6.619585e-01  3.247219e-02  1.738507e-02  6.895196e-04  1.742991e-02  2.017998e-04 -6.626480e-01  1.504228e-02 -4.484366e-05  7.201639e-01  6.678981e-01  3.547486e-02 -9.416857e-04  1.584043e-02  1.916828e-02  7.211056e-01  6.520577e-01  1.630658e-02 
        9   0.00000   0.62823   0.32000   0.01489   1.01802  3.062562e-02 -5.337175e-05 -6.293219e-01  1.718845e-02  6.647598e-05  6.859468e-04  1.343717e-02 -1.198477e-04 -6.300078e-01 -6.293219e-01  3.062562e-02  1.706860e-02  6.859468e-04  1.718845e-02  6.647598e-05 -6.300078e-01  1.343717e-02 -1.198477e-04  7.761365e-01  6.353970e-01  3.766374e-02 -9.089852e-04  1.561500e-02  2.126407e-02  7.770454e-01  6.197820e-01  1.639967e-02 
       10   0.00000   0.69583   0.32000   0.01489   1.01970  3.246729e-02 -6.865014e-04 -5.883482e-01  1.692480e-02  6.097456e-05  6.794558e-04  1.554249e-02 -7.474759e-04 -5.890277e-01 -5.883482e-01  3.246729e-02  1.617732e-02  6.794558e-04  1.692480e-02  6.097456e-05 -5.890277e-01  1.554249e-02 -7.474759e-04  8.115484e-01  5.983517e-01  4.380385e-02 -9.943438e-04  1.537146e-02  2.338901e-02  8.125427e-01  5.829802e-01  2.041484e-02 
       11   0.00000   0.76342   0.32000   0.01489   1.02242  2.677365e-02 -2.543831e-03 -5.271632e-01  1.657479e-02  2.018535e-05  6.723182e-04  1.019887e-02 -2.564016e-03 -5.278355e-01 -5.271632e-01  2.677365e-02  1.401077e-02  6.723182e-04  1.657479e-02  2.018535e-05 -5.278355e-01  1.019887e-02 -2.564016e-03  8.055003e-01  5.351967e-01  3.741692e-02 -1.043368e-03  1.504666e-02  2.527060e-02  8.065437e-01  5.201500e-01  1.214632e-02 
       12   0.00000   0.83101   0.32000   0.01489   1.03597  2.571861e-02  4.248222e-02 -4.154373e-01  1.626768e-02  4.820746e-04  6.130292e-04  9.450937e-03  4.200014e-02 -4.160504e-01 -4.154373e-01  2.571861e-02  5.826782e-02  6.130292e-04  1.626768e-02  4.820746e-04 -4.160504e-01  9.450937e-03  4.200014e-02  6.509268e-01  4.109855e-01  9.860168e-02 -1.480025e-03  1.481469e-02  2.762477e-02  6.524068e-01  3.961709e-01  7.097692e-02 
       13   0.00000   0.89861   0.32000   0.01489   0.97452  3.519509e-02  4.006814e-02 -5.476936e-01  1.566303e-02  2.672807e-04  6.288987e-04  1.953206e-02  3.980086e-02 -5.483225e-01 -5.476936e-01  3.519509e-02  5.546389e-02  6.288987e-04  1.566303e-02  2.672807e-04 -5.483225e-01  1.953206e-02  3.980086e-02  9.572147e-01  5.831292e-01  1.171054e-01 -1.394048e-03  1.422540e-02  2.867368e-02  9.586087e-01  5.689038e-01  8.843172e-02 
       14   0.00000   0.96620   0.32000   0.01489   1.00104  4.723301e-02 -4.878915e-03 -5.560695e-01  1.627497e-02 -7.818186e-04  6.958959e-04  3.095804e-02 -4.097097e-03 -5.567654e-01 -5.560695e-01  4.723301e-02  1.217787e-02  6.958959e-04  1.627497e-02 -7.818186e-04 -5.567654e-01  3.095804e-02 -4.097097e-03  1.093967e+00  6.447335e-01  8.689061e-02 -6.215992e-04  1.473875e-02  3.109594e-02  1.094588e+00  6.299948e-01  5.579467e-02 



Time history of loading for wing surface: 3 --> VSP Surface: 3 ... NOTE: values per area! 

  Station    Time       S       Chord     Area      V/Vref        Cx            Cy            Cz           Cxo           Cyo           Czo          Cxi            Cyi           Czi           Cl            Cd            Cs            Clo           Cdo           Cso           Cli           Cdi           Csi           Cmx           Cmy           Cmz          Cmxo          Cmyo          Cmzo          Cmxi          Cmyi          Cmzi 
        1   0.00000   0.03103   0.13000   0.00606   0.98286  1.490844e-01 -3.523589e-04 -7.646827e-01  2.045290e-02 -3.342621e-04  4.333588e-03  1.286315e-01 -1.809680e-05 -7.690163e-01 -7.646827e-01  1.490844e-01  2.043481e-02  4.333588e-03  2.045290e-02 -3.342621e-04 -7.690163e-01  1.286315e-01 -1.809680e-05 -1.356491e-01  3.667587e+00 -2.818552e-02  1.638515e-03  3.373637e-02 -5.130989e-03 -1.372876e-01  3.633850e+00 -2.305454e-02 
        2   0.00000   0.09814   0.13000   0.00606   0.98290  1.475425e-01 -4.206276e-04 -7.613379e-01  2.041702e-02 -3.906709e-04  4.328287e-03  1.271255e-01 -2.995670e-05 -7.656662e-01 -7.613379e-01  1.475425e-01  2.038707e-02  4.328287e-03  2.041702e-02 -3.906709e-04 -7.656662e-01  1.271255e-01 -2.995670e-05 -4.068278e-01  3.649192e+00 -8.091533e-02  3.329301e-03  3.366700e-02 -1.266591e-02 -4.101571e-01  3.615525e+00 -6.824942e-02 
        3   0.00000   0.17029   0.13000   0.00606   0.98339  1.382562e-01 -5.434456e-04 -7.416832e-01  2.022046e-02 -5.222471e-04  4.285757e-03  1.180357e-01 -2.119848e-05 -7.459690e-01 -7.416832e-01  1.382562e-01  2.019926e-02  4.285757e-03  2.022046e-02 -5.222471e-04 -7.459690e-01  1.180357e-01 -2.119848e-05 -6.607358e-01  3.536081e+00 -1.258260e-01  5.177502e-03  3.334668e-02 -2.036426e-02 -6.659134e-01  3.502734e+00 -1.054617e-01 
        4   0.00000   0.24244   0.13000   0.00606   0.98251  1.447538e-01 -6.395880e-04 -7.587296e-01  2.037406e-02 -5.620544e-04  4.318039e-03  1.243797e-01 -7.753355e-05 -7.630476e-01 -7.587296e-01  1.447538e-01  2.029653e-02  4.318039e-03  2.037406e-02 -5.620544e-04 -7.630476e-01  1.243797e-01 -7.753355e-05 -9.468272e-01  3.635191e+00 -1.838072e-01  6.851455e-03  3.360121e-02 -2.795395e-02 -9.536787e-01  3.601590e+00 -1.558532e-01 
        5   0.00000   0.31459   0.13000   0.00606   0.98456  1.501255e-01 -5.159808e-04 -7.445229e-01  2.030228e-02 -4.220100e-04  4.287335e-03  1.298232e-01 -9.397080e-05 -7.488103e-01 -7.445229e-01  1.501255e-01  2.020831e-02  4.287335e-03  2.030228e-02 -4.220100e-04 -7.488103e-01  1.298232e-01 -9.397080e-05 -1.195182e+00  3.584193e+00 -2.435651e-01  7.982004e-03  3.355134e-02 -3.449552e-02 -1.203164e+00  3.550641e+00 -2.090696e-01 
        6   0.00000   0.38673   0.13000   0.00606   0.98482  1.472721e-01 -2.370387e-04 -7.370384e-01  2.023584e-02 -2.166737e-04  4.273921e-03  1.270362e-01 -2.036492e-05 -7.413124e-01 -7.370384e-01  1.472721e-01  2.021547e-02  4.273921e-03  2.023584e-02 -2.166737e-04 -7.413124e-01  1.270362e-01 -2.036492e-05 -1.447110e+00  3.545747e+00 -2.903272e-01  8.955687e-03  3.343882e-02 -4.070747e-02 -1.456065e+00  3.512308e+00 -2.496197e-01 
        7   0.00000   0.45888   0.13000   0.00606   0.98494  1.462900e-01  1.783396e-05 -7.329222e-01  2.019792e-02 -5.365685e-06  4.274542e-03  1.260921e-01  2.319964e-05 -7.371967e-01 -7.329222e-01  1.462900e-01  2.022112e-02  4.274542e-03  2.019792e-02 -5.365685e-06 -7.371967e-01  1.260921e-01  2.319964e-05 -1.701444e+00  3.525257e+00 -3.395157e-01  9.936924e-03  3.333799e-02 -4.691177e-02 -1.711381e+00  3.491919e+00 -2.926039e-01 
        8   0.00000   0.53103   0.13000   0.00606   0.98463  1.462222e-01  2.352321e-04 -7.301004e-01  2.017089e-02  1.936297e-04  4.233058e-03  1.260514e-01  4.160241e-05 -7.343335e-01 -7.301004e-01  1.462222e-01  2.021250e-02  4.233058e-03  2.017089e-02  1.936297e-04 -7.343335e-01  1.260514e-01  4.160241e-05 -1.956496e+00  3.514320e+00 -3.906789e-01  1.083767e-02  3.345159e-02 -5.317261e-02 -1.967334e+00  3.480868e+00 -3.375063e-01 
        9   0.00000   0.60318   0.13000   0.00606   0.98017  1.496132e-01  1.577375e-03 -7.433929e-01  2.017518e-02  1.028623e-03  4.239398e-03  1.294380e-01  5.487514e-04 -7.476323e-01 -7.433929e-01  1.496132e-01  2.072393e-02  4.239398e-03  2.017518e-02  1.028623e-03 -7.476323e-01  1.294380e-01  5.487514e-04 -2.261053e+00  3.577393e+00 -4.471662e-01  1.020879e-02  3.343463e-02 -5.669573e-02 -2.271262e+00  3.543958e+00 -3.904705e-01 
       10   0.00000   0.67533   0.13000   0.00606   0.97993  1.693697e-01  1.931082e-03 -7.619098e-01  2.034649e-02  1.420659e-03  4.372371e-03  1.490232e-01  5.104231e-04 -7.662822e-01 -7.619098e-01  1.693697e-01  2.085691e-02  4.372371e-03  2.034649e-02  1.420659e-03 -7.662822e-01  1.490232e-01  5.104231e-04 -2.589335e+00  3.705875e+00 -5.658426e-01  1.115991e-02  3.328953e-02 -6.274811e-02 -2.600495e+00  3.672586e+00 -5.030945e-01 
       11   0.00000   0.74748   0.13000   0.00606   0.98298  1.525444e-01  5.990066e-03 -7.654959e-01  2.033271e-02  2.426057e-03  4.319695e-03  1.322117e-01  3.564009e-03 -7.698156e-01 -7.654959e-01  1.525444e-01  2.389672e-02  4.319695e-03  2.033271e-02  2.426057e-03 -7.698156e-01  1.322117e-01  3.564009e-03 -2.889400e+00  3.680441e+00 -5.453820e-01  9.923200e-03  3.348691e-02 -6.551543e-02 -2.899323e+00  3.646954e+00 -4.798665e-01 
       12   0.00000   0.81963   0.13000   0.00606   0.99079  1.756334e-01  4.021620e-03 -8.116220e-01  2.083814e-02  3.059161e-03  4.891125e-03  1.547952e-01  9.624597e-04 -8.165131e-01 -8.116220e-01  1.756334e-01  2.180060e-02  4.891125e-03  2.083814e-02  3.059161e-03 -8.165131e-01  1.547952e-01  9.624597e-04 -3.339771e+00  3.923074e+00 -7.022202e-01  1.217520e-02  3.226651e-02 -7.205234e-02 -3.351947e+00  3.890808e+00 -6.301679e-01 
       13   0.00000   0.89178   0.13000   0.00606   0.98291  1.012936e-01  7.367014e-05 -7.623966e-01  2.043725e-02  1.140966e-03  3.591131e-03  8.085630e-02 -1.067296e-03 -7.659878e-01 -7.623966e-01  1.012936e-01  1.936996e-02  3.591131e-03  2.043725e-02  1.140966e-03 -7.659878e-01  8.085630e-02 -1.067296e-03 -3.404351e+00  3.511994e+00 -4.523816e-01  1.308041e-02  3.698032e-02 -8.619042e-02 -3.417431e+00  3.475014e+00 -3.661912e-01 
       14   0.00000   0.96393   0.13000   0.00606   0.98407  1.111796e-01  2.908584e-03 -6.917021e-01  1.967628e-02  1.359816e-03  4.276033e-03  9.150327e-02  1.548768e-03 -6.959781e-01 -6.917021e-01  1.111796e-01  2.122505e-02  4.276033e-03  1.967628e-02  1.359816e-03 -6.959781e-01  9.150327e-02  1.548768e-03 -3.343102e+00  3.246163e+00 -5.231053e-01  1.709905e-02  3.198203e-02 -8.885232e-02 -3.360201e+00  3.214181e+00 -4.342530e-01 



Time history of loading for wing surface: 4 --> VSP Surface: 4 ... NOTE: values per area! 

  Station    Time       S       Chord     Area      V/Vref        Cx            Cy            Cz           Cxo           Cyo           Czo          Cxi            Cyi           Czi           Cl            Cd            Cs            Clo           Cdo           Cso           Cli           Cdi           Csi           Cmx           Cmy           Cmz          Cmxo          Cmyo          Cmzo          Cmxi          Cmyi          Cmzi 
        1   0.00000   0.03103   0.13000   0.00606   0.98262  1.491677e-01  3.565300e-04 -7.650912e-01  2.044906e-02  3.428391e-04  4.345546e-03  1.287187e-01  1.369095e-05 -7.694368e-01 -7.650912e-01  1.491677e-01  2.046275e-02  4.345546e-03  2.044906e-02  3.428391e-04 -7.694368e-01  1.287187e-01  1.369095e-05  1.357087e-01  3.668966e+00  2.821801e-02 -1.662837e-03  3.367352e-02  5.168244e-03  1.373715e-01  3.635292e+00  2.304976e-02 
        2   0.00000   0.09814   0.13000   0.00606   0.98260  1.475910e-01  4.147212e-04 -7.622865e-01  2.041667e-02  4.052219e-04  4.341131e-03  1.271743e-01  9.499280e-06 -7.666276e-01 -7.622865e-01  1.475910e-01  2.042617e-02  4.341131e-03  2.041667e-02  4.052219e-04 -7.666276e-01  1.271743e-01  9.499280e-06  4.073644e-01  3.652521e+00  8.091027e-02 -3.373822e-03  3.360928e-02  1.273010e-02  4.107382e-01  3.618912e+00  6.818018e-02 
        3   0.00000   0.17029   0.13000   0.00606   0.98336  1.370667e-01  5.563515e-04 -7.405713e-01  2.020333e-02  5.488993e-04  4.298266e-03  1.168634e-01  7.452211e-06 -7.448696e-01 -7.405713e-01  1.370667e-01  2.021078e-02  4.298266e-03  2.020333e-02  5.488993e-04 -7.448696e-01  1.168634e-01  7.452211e-06  6.596828e-01  3.527491e+00  1.248053e-01 -5.257614e-03  3.324704e-02  2.046687e-02  6.649404e-01  3.494244e+00  1.043384e-01 
        4   0.00000   0.24244   0.13000   0.00606   0.98210  1.461958e-01  7.480622e-04 -7.611573e-01  2.038642e-02  5.889723e-04  4.341239e-03  1.258094e-01  1.590899e-04 -7.654985e-01 -7.611573e-01  1.461958e-01  2.054551e-02  4.341239e-03  2.038642e-02  5.889723e-04 -7.654985e-01  1.258094e-01  1.590899e-04  9.496333e-01  3.648817e+00  1.861261e-01 -6.950086e-03  3.353055e-02  2.808848e-02  9.565834e-01  3.615286e+00  1.580376e-01 
        5   0.00000   0.31459   0.13000   0.00606   0.98415  1.505242e-01  6.542649e-04 -7.409194e-01  2.025254e-02  4.544865e-04  4.313358e-03  1.302717e-01  1.997784e-04 -7.452328e-01 -7.409194e-01  1.505242e-01  2.045231e-02  4.313358e-03  2.025254e-02  4.544865e-04 -7.452328e-01  1.302717e-01  1.997784e-04  1.189007e+00  3.568305e+00  2.448319e-01 -8.107835e-03  3.330756e-02  3.455924e-02  1.197114e+00  3.534997e+00  2.102726e-01 
        6   0.00000   0.38673   0.13000   0.00606   0.98443  1.472769e-01  2.805445e-04 -7.294723e-01  2.014891e-02  2.423360e-04  4.296031e-03  1.271280e-01  3.820852e-05 -7.337683e-01 -7.294723e-01  1.472769e-01  2.018712e-02  4.296031e-03  2.014891e-02  2.423360e-04 -7.337683e-01  1.271280e-01  3.820852e-05  1.432119e+00  3.511609e+00  2.905183e-01 -9.065499e-03  3.311615e-02  4.065025e-02  1.441185e+00  3.478493e+00  2.498681e-01 
        7   0.00000   0.45888   0.13000   0.00606   0.98449  1.443847e-01 -2.098387e-05 -7.180081e-01  2.004093e-02  1.249327e-05  4.276477e-03  1.243437e-01 -3.347714e-05 -7.222846e-01 -7.180081e-01  1.443847e-01  2.000745e-02  4.276477e-03  2.004093e-02  1.249327e-05 -7.222846e-01  1.243437e-01 -3.347714e-05  1.666819e+00  3.452714e+00  3.350644e-01 -9.959854e-03  3.292333e-02  4.657886e-02  1.676779e+00  3.419791e+00  2.884855e-01 
        8   0.00000   0.53103   0.13000   0.00606   0.98444  1.459774e-01 -2.361620e-04 -7.123734e-01  1.998766e-02 -2.561926e-04  4.279867e-03  1.259897e-01  2.003061e-05 -7.166532e-01 -7.123734e-01  1.459774e-01  2.000769e-02  4.279867e-03  1.998766e-02 -2.561926e-04 -7.166532e-01  1.259897e-01  2.003061e-05  1.908880e+00  3.434966e+00  3.899809e-01 -1.080122e-02  3.277054e-02  5.240505e-02  1.919681e+00  3.402195e+00  3.375758e-01 
        9   0.00000   0.60318   0.13000   0.00606   0.97812  1.477185e-01 -9.766498e-04 -7.174665e-01  1.986270e-02 -9.708118e-04  4.295071e-03  1.278558e-01 -5.838050e-06 -7.217616e-01 -7.174665e-01  1.477185e-01  1.985686e-02  4.295071e-03  1.986270e-02 -9.708118e-04 -7.217616e-01  1.278558e-01 -5.838050e-06  2.180646e+00  3.461261e+00  4.441234e-01 -1.052734e-02  3.238003e-02  5.600288e-02  2.191174e+00  3.428881e+00  3.881205e-01 
       10   0.00000   0.67533   0.13000   0.00606   0.97887  1.567058e-01 -1.555480e-03 -7.241106e-01  1.993573e-02 -1.435903e-03  4.291266e-03  1.367700e-01 -1.195765e-04 -7.284019e-01 -7.241106e-01  1.567058e-01  1.981615e-02  4.291266e-03  1.993573e-02 -1.435903e-03 -7.284019e-01  1.367700e-01 -1.195765e-04  2.460394e+00  3.513042e+00  5.246963e-01 -1.084530e-02  3.258578e-02  6.128704e-02  2.471240e+00  3.480456e+00  4.634093e-01 
       11   0.00000   0.74748   0.13000   0.00606   0.97957  1.503367e-01 -1.029877e-02 -7.452812e-01  2.005330e-02 -2.416192e-03  4.286790e-03  1.302834e-01 -7.882582e-03 -7.495680e-01 -7.452812e-01  1.503367e-01  1.217072e-02  4.286790e-03  2.005330e-02 -2.416192e-03 -7.495680e-01  1.302834e-01 -7.882582e-03  2.826596e+00  3.599495e+00  5.168694e-01 -9.825328e-03  3.290971e-02  6.451131e-02  2.836422e+00  3.566586e+00  4.523581e-01 
       12   0.00000   0.81963   0.13000   0.00606   0.99538  1.635819e-01 -8.914176e-03 -8.449602e-01  2.131563e-02 -3.299694e-03  4.526306e-03  1.422662e-01 -5.614482e-03 -8.494864e-01 -8.449602e-01  1.635819e-01  1.570115e-02  4.526306e-03  2.131563e-02 -3.299694e-03 -8.494864e-01  1.422662e-01 -5.614482e-03  3.488285e+00  4.059202e+00  6.292379e-01 -1.005463e-02  3.511551e-02  7.294938e-02  3.498339e+00  4.024086e+00  5.562885e-01 
       13   0.00000   0.89178   0.13000   0.00606   0.99399  1.284340e-01 -3.711880e-03 -7.278867e-01  2.023371e-02 -1.577195e-03  4.457155e-03  1.082003e-01 -2.134685e-03 -7.323439e-01 -7.278867e-01  1.284340e-01  1.809902e-02  4.457155e-03  2.023371e-02 -1.577195e-03 -7.323439e-01  1.082003e-01 -2.134685e-03  3.259539e+00  3.430208e+00  5.565805e-01 -1.581817e-02  3.262273e-02  8.335197e-02  3.275357e+00  3.397586e+00  4.732285e-01 
       14   0.00000   0.96393   0.13000   0.00606   0.99639  9.753460e-02 -3.963320e-03 -5.815555e-01  1.908504e-02  3.651105e-04  4.390188e-03  7.844957e-02 -4.328430e-03 -5.859457e-01 -5.815555e-01  9.753460e-02  1.475661e-02  4.390188e-03  1.908504e-02  3.651105e-04 -5.859457e-01  7.844957e-02 -4.328430e-03  2.814941e+00  2.718250e+00  4.517083e-01 -2.211143e-02  2.994764e-02  9.363230e-02  2.837053e+00  2.688303e+00  3.580760e-01 



Time history of loading for wing surface: 5 --> VSP Surface: 5 ... NOTE: values per area! 

  Station    Time       S       Chord     Area      V/Vref        Cx            Cy            Cz           Cxo           Cyo           Czo          Cxi            Cyi           Czi           Cl            Cd            Cs            Clo           Cdo           Cso           Cli           Cdi           Csi           Cmx           Cmy           Cmz          Cmxo          Cmyo          Cmzo          Cmxi          Cmyi          Cmzi 
        1   0.00000   0.24304   0.45000   0.01350   1.04898  1.382949e-02 -1.277667e-01  1.351829e-01  1.463618e-02  2.547486e-05 -2.792220e-04 -8.066840e-04 -1.277922e-01  1.354621e-01  1.351829e-01  1.382949e-02 -1.131560e-01 -2.792220e-04  1.463618e-02  2.547486e-05  1.354621e-01 -8.066840e-04 -1.277922e-01  2.721600e-01 -1.103920e-01 -1.194809e-01 -4.186055e-04  9.020597e-03 -2.111935e-02  2.725786e-01 -1.194126e-01 -9.836156e-02 
        2   0.00000   0.55031   0.45000   0.01350   1.05868  2.690137e-01  2.321506e-01 -5.794116e-01  1.469257e-02  5.401522e-05  3.433889e-03  2.543212e-01  2.320966e-01 -5.828455e-01 -5.794116e-01  2.690137e-01  2.467892e-01  3.433889e-03  1.469257e-02  5.401522e-05 -5.828455e-01  2.543212e-01  2.320966e-01 -1.000414e+00  7.924711e-01 -7.821243e-02  4.924051e-03  6.857161e-03 -2.117638e-02 -1.005338e+00  7.856140e-01 -5.703604e-02 
        3   0.00000   0.67879   0.45000   0.01350   0.90404  1.977219e-02  2.805077e-01 -8.239721e-01  1.174031e-02 -5.722043e-05  3.313859e-04  8.031879e-03  2.805649e-01 -8.243035e-01 -8.239721e-01  1.977219e-02  2.923052e-01  3.313859e-04  1.174031e-02 -5.722043e-05 -8.243035e-01  8.031879e-03  2.805649e-01 -1.388794e+00  8.890941e-01  2.593189e-01  5.206302e-04  8.326044e-03 -1.700719e-02 -1.389315e+00  8.807680e-01  2.763261e-01 
        4   0.00000   0.80728   0.45000   0.01350   0.91145  1.048063e-02  2.044686e-01 -9.808235e-02  1.162153e-02 -1.475422e-05 -8.787134e-05 -1.140894e-03  2.044834e-01 -9.799447e-02 -9.808235e-02  1.048063e-02  2.161049e-01 -8.787134e-05  1.162153e-02 -1.475422e-05 -9.799447e-02 -1.140894e-03  2.044834e-01 -3.038992e-01  1.392938e-01  1.778677e-01 -1.151219e-04  9.372401e-03 -1.679927e-02 -3.037841e-01  1.299214e-01  1.946669e-01 
        5   0.00000   0.93576   0.45000   0.01350   0.92068  1.073164e-02  1.224917e-01  7.808030e-03  1.162234e-02 -3.060065e-05 -1.933883e-04 -8.906968e-04  1.225223e-01  8.001418e-03  7.808030e-03  1.073164e-02  1.341446e-01 -1.933883e-04  1.162234e-02 -3.060065e-05  8.001418e-03 -8.906968e-04  1.225223e-01 -9.484196e-02  4.174003e-04  8.852461e-02 -2.528181e-04  1.023815e-02 -1.681400e-02 -9.458915e-02 -9.820745e-03  1.053386e-01 



Time history of loading for wing surface: 6 --> VSP Surface: 6 ... NOTE: values per area! 

  Station    Time       S       Chord     Area      V/Vref        Cx            Cy            Cz           Cxo           Cyo           Czo          Cxi            Cyi           Czi           Cl            Cd            Cs            Clo           Cdo           Cso           Cli           Cdi           Csi           Cmx           Cmy           Cmz          Cmxo          Cmyo          Cmzo          Cmxi          Cmyi          Cmzi 
        1   0.00000   0.24304   0.45000   0.01350   1.04374  1.343960e-02  1.199683e-01  1.359791e-01  1.449674e-02 -4.189177e-06 -2.367741e-04 -1.057147e-03  1.199724e-01  1.362158e-01  1.359791e-01  1.343960e-02  1.344692e-01 -2.367741e-04  1.449674e-02 -4.189177e-06  1.362158e-01 -1.057147e-03  1.199724e-01 -2.686280e-01 -1.109123e-01  1.098425e-01  3.445206e-04  8.900620e-03  2.093616e-02 -2.689725e-01 -1.198129e-01  8.890635e-02 
        2   0.00000   0.55031   0.45000   0.01350   1.04429  2.695427e-01 -2.819363e-01 -5.309951e-01  1.451858e-02 -3.109992e-05  3.283377e-03  2.550241e-01 -2.819052e-01 -5.342785e-01 -5.309951e-01  2.695427e-01 -2.673866e-01  3.283377e-03  1.451858e-02 -3.109992e-05 -5.342785e-01  2.550241e-01 -2.819052e-01  9.648892e-01  7.270310e-01  1.870319e-02 -4.721922e-03  6.869941e-03  2.094467e-02  9.696111e-01  7.201610e-01 -2.241485e-03 
        3   0.00000   0.67879   0.45000   0.01350   0.91206  2.401326e-02 -3.429880e-01 -7.627639e-01  1.217744e-02 -3.272564e-04  7.172494e-04  1.183582e-02 -3.426607e-01 -7.634812e-01 -7.627639e-01  2.401326e-02 -3.304833e-01  7.172494e-04  1.217744e-02 -3.272564e-04 -7.634812e-01  1.183582e-02 -3.426607e-01  1.344334e+00  8.090320e-01 -3.280297e-01 -7.960389e-04  8.316475e-03  1.730965e-02  1.345130e+00  8.007155e-01 -3.453393e-01 
        4   0.00000   0.80728   0.45000   0.01350   0.91562  1.084520e-02 -2.023121e-01 -8.551382e-02  1.170499e-02  2.409435e-05 -9.593256e-05 -8.597902e-04 -2.023362e-01 -8.541789e-02 -8.551382e-02  1.084520e-02 -1.906312e-01 -9.593256e-05  1.170499e-02  2.409435e-05 -8.541789e-02 -8.597902e-04 -2.023362e-01  2.846646e-01  1.230097e-01 -1.713659e-01  1.192938e-04  9.446069e-03  1.692782e-02  2.845453e-01  1.135636e-01 -1.882938e-01 
        5   0.00000   0.93576   0.45000   0.01350   0.92334  1.096146e-02 -1.320404e-01  7.369802e-03  1.169886e-02  4.795074e-05 -1.991608e-04 -7.373971e-04 -1.320884e-01  7.568963e-03  7.369802e-03  1.096146e-02 -1.203895e-01 -1.991608e-04  1.169886e-02  4.795074e-05  7.568963e-03 -7.373971e-04 -1.320884e-01  1.037501e-01  1.209443e-03 -9.921435e-02  2.461195e-04  1.030940e-02  1.693937e-02  1.035039e-01 -9.099959e-03 -1.161537e-01 



Time history of loading for wing surface: 7 --> VSP Surface: 7 ... NOTE: values per area! 

  Station    Time       S       Chord     Area      V/Vref        Cx            Cy            Cz           Cxo           Cyo           Czo          Cxi            Cyi           Czi           Cl            Cd            Cs            Clo           Cdo           Cso           Cli           Cdi           Csi           Cmx           Cmy           Cmz          Cmxo          Cmyo          Cmzo          Cmxi          Cmyi          Cmzi 
        1   0.00000   0.11280   0.21979   0.00235   0.87877  2.923292e-02 -1.498231e-01 -3.722669e-02  1.252211e-02  6.391076e-04 -5.046032e-04  1.671081e-02 -1.504622e-01 -3.672208e-02 -3.722669e-02  2.923292e-02 -1.379400e-01 -5.046032e-04  1.252211e-02  6.391076e-04 -3.672208e-02  1.671081e-02 -1.504622e-01  1.140121e-01  1.073230e-01 -3.192937e-01 -2.162342e-03  1.810336e-02 -3.073123e-02  1.161744e-01  8.921965e-02 -2.885625e-01 
        2   0.00000   0.24711   0.21979   0.00235   0.87724  5.040754e-02 -2.401738e-01 -4.044136e-02  1.278733e-02  6.151181e-04 -1.388217e-04  3.762021e-02 -2.407889e-01 -4.030254e-02 -4.044136e-02  5.040754e-02 -2.280016e-01 -1.388217e-04  1.278733e-02  6.151181e-04 -4.030254e-02  3.762021e-02 -2.407889e-01  2.435613e-01  1.449697e-01 -5.275728e-01 -1.234482e-03  1.856856e-02 -3.143503e-02  2.447958e-01  1.264012e-01 -4.961378e-01 
        3   0.00000   0.29013   0.21979   0.00235   0.89070  6.226753e-02 -2.986012e-01 -3.882251e-03  1.336219e-02  6.800425e-04 -1.913674e-05  4.890533e-02 -2.992812e-01 -3.863114e-03 -3.882251e-03  6.226753e-02 -2.859190e-01 -1.913674e-05  1.336219e-02  6.800425e-04 -3.863114e-03  4.890533e-02 -2.992812e-01  4.336369e-01  9.926564e-02 -6.545851e-01 -1.057999e-03  1.986579e-02 -3.279568e-02  4.346949e-01  7.939985e-02 -6.217894e-01 
        4   0.00000   0.33316   0.21979   0.00235   0.89366  7.092649e-02 -3.271899e-01 -4.508125e-04  1.357550e-02  6.940672e-04 -4.415653e-06  5.735098e-02 -3.278839e-01 -4.463969e-04 -4.508125e-04  7.092649e-02 -3.143084e-01 -4.415653e-06  1.357550e-02  6.940672e-04 -4.463969e-04  5.735098e-02 -3.278839e-01  5.003158e-01  1.094887e-01 -7.237922e-01 -1.074875e-03  2.081191e-02 -3.331474e-02  5.013907e-01  8.867681e-02 -6.904774e-01 
        5   0.00000   0.37618   0.21979   0.00235   0.89135  6.326022e-02 -3.396840e-01 -5.699505e-04  1.358453e-02  7.075597e-04  5.694813e-05  4.967570e-02 -3.403916e-01 -6.268986e-04 -5.699505e-04  6.326022e-02 -3.268071e-01  5.694813e-05  1.358453e-02  7.075597e-04 -6.268986e-04  4.967570e-02 -3.403916e-01  5.354362e-01  1.010303e-01 -7.258028e-01 -9.744303e-04  2.138986e-02 -3.331853e-02  5.364106e-01  7.964045e-02 -6.924843e-01 
        6   0.00000   0.41920   0.21979   0.00235   0.89113  6.404084e-02 -3.502159e-01 -6.551854e-04  1.363731e-02  7.086447e-04  5.429925e-05  5.040353e-02 -3.509246e-01 -7.094847e-04 -6.551854e-04  6.404084e-02 -3.372873e-01  5.429925e-05  1.363731e-02  7.086447e-04 -7.094847e-04  5.040353e-02 -3.509246e-01  5.686402e-01  1.054840e-01 -7.453667e-01 -1.016776e-03  2.213015e-02 -3.345033e-02  5.696570e-01  8.335385e-02 -7.119164e-01 
        7   0.00000   0.46222   0.21979   0.00235   0.89478  7.126374e-02 -3.590866e-01 -1.607274e-04  1.377314e-02  7.103641e-04  9.183649e-05  5.749060e-02 -3.597969e-01 -2.525639e-04 -1.607274e-04  7.126374e-02 -3.460238e-01  9.183649e-05  1.377314e-02  7.103641e-04 -2.525639e-04  5.749060e-02 -3.597969e-01  6.015115e-01  1.197914e-01 -7.779198e-01 -9.587746e-04  2.295807e-02 -3.379104e-02  6.024702e-01  9.683330e-02 -7.441287e-01 
        8   0.00000   0.50524   0.21979   0.00235   0.89472  7.145066e-02 -3.631788e-01  1.219163e-04  1.379503e-02  7.112223e-04  9.519114e-05  5.765562e-02 -3.638900e-01  2.672513e-05  1.219163e-04  7.145066e-02 -3.500950e-01  9.519114e-05  1.379503e-02  7.112223e-04  2.672513e-05  5.765562e-02 -3.638900e-01  6.264762e-01  1.230215e-01 -7.855638e-01 -9.858018e-04  2.365073e-02 -3.384512e-02  6.274619e-01  9.937077e-02 -7.517186e-01 
        9   0.00000   0.54827   0.21979   0.00235   0.90348  6.797092e-02 -3.646209e-01  2.358261e-04  1.400432e-02  7.262516e-04  1.307755e-04  5.396659e-02 -3.653471e-01  1.050506e-04  2.358261e-04  6.797092e-02 -3.513428e-01  1.307755e-04  1.400432e-02  7.262516e-04  1.050506e-04  5.396659e-02 -3.653471e-01  6.467194e-01  1.200923e-01 -7.805477e-01 -9.566080e-04  2.463214e-02 -3.435263e-02  6.476760e-01  9.546016e-02 -7.461951e-01 
       10   0.00000   0.59129   0.21979   0.00235   0.90350  6.883238e-02 -3.640831e-01  3.193587e-04  1.400179e-02  7.262308e-04  1.331006e-04  5.483059e-02 -3.648094e-01  1.862581e-04  3.193587e-04  6.883238e-02 -3.508076e-01  1.331006e-04  1.400179e-02  7.262308e-04  1.862581e-04  5.483059e-02 -3.648094e-01  6.634101e-01  1.247661e-01 -7.826221e-01 -9.854794e-04  2.529496e-02 -3.434625e-02  6.643956e-01  9.947109e-02 -7.482759e-01 
       11   0.00000   0.63431   0.21979   0.00235   0.90349  6.918961e-02 -3.616074e-01  3.695557e-04  1.398797e-02  7.254036e-04  1.365690e-04  5.520164e-02 -3.623328e-01  2.329868e-04  3.695557e-04  6.918961e-02 -3.483449e-01  1.365690e-04  1.398797e-02  7.254036e-04  2.329868e-04  5.520164e-02 -3.623328e-01  6.763501e-01  1.286404e-01 -7.803233e-01 -1.009955e-03  2.593485e-02 -3.431251e-02  6.773600e-01  1.027056e-01 -7.460108e-01 
       12   0.00000   0.67733   0.21979   0.00235   0.90865  7.043358e-02 -3.568327e-01  3.720709e-04  1.408276e-02  7.291951e-04  1.349867e-04  5.635082e-02 -3.575619e-01  2.370843e-04  3.720709e-04  7.043358e-02 -3.434791e-01  1.349867e-04  1.408276e-02  7.291951e-04  2.370843e-04  5.635082e-02 -3.575619e-01  6.845255e-01  1.343241e-01 -7.766034e-01 -1.055957e-03  2.678861e-02 -3.454662e-02  6.855815e-01  1.075355e-01 -7.420568e-01 
       13   0.00000   0.72036   0.21979   0.00235   0.91277  7.045569e-02 -3.490084e-01  4.296178e-04  1.413795e-02  7.369144e-04  1.304233e-04  5.631774e-02 -3.497453e-01  2.991945e-04  4.296178e-04  7.045569e-02 -3.356074e-01  1.304233e-04  1.413795e-02  7.369144e-04  2.991945e-04  5.631774e-02 -3.497453e-01  6.863963e-01  1.376326e-01 -7.649626e-01 -1.117566e-03  2.757789e-02 -3.467515e-02  6.875138e-01  1.100547e-01 -7.302874e-01 
       14   0.00000   0.76338   0.21979   0.00235   0.91274  6.916412e-02 -3.386441e-01  6.383415e-04  1.408287e-02  7.336164e-04  1.348271e-04  5.508125e-02 -3.393777e-01  5.035143e-04  6.383415e-04  6.916412e-02 -3.252949e-01  1.348271e-04  1.408287e-02  7.336164e-04  5.035143e-04  5.508125e-02 -3.393777e-01  6.827876e-01  1.380422e-01 -7.463771e-01 -1.135101e-03  2.813800e-02 -3.454065e-02  6.839227e-01  1.099042e-01 -7.118364e-01 
       15   0.00000   0.80640   0.21979   0.00235   0.91302  6.769689e-02 -3.228100e-01  8.435793e-04  1.401012e-02  7.317018e-04  1.389332e-04  5.368677e-02 -3.235417e-01  7.046461e-04  8.435793e-04  6.769689e-02 -3.095315e-01  1.389332e-04  1.401012e-02  7.317018e-04  7.046461e-04  5.368677e-02 -3.235417e-01  6.669172e-01  1.379549e-01 -7.176354e-01 -1.155921e-03  2.865688e-02 -3.435959e-02  6.680731e-01  1.092980e-01 -6.832758e-01 
       16   0.00000   0.84942   0.21979   0.00235   0.92074  6.664649e-02 -3.018538e-01  1.077160e-03  1.409894e-02  7.355418e-04  1.088433e-04  5.254754e-02 -3.025893e-01  9.683169e-04  1.077160e-03  6.664649e-02 -2.884904e-01  1.088433e-04  1.409894e-02  7.355418e-04  9.683169e-04  5.254754e-02 -3.025893e-01  6.387869e-01  1.385741e-01 -6.816230e-01 -1.275067e-03  2.955746e-02 -3.457856e-02  6.400619e-01  1.090167e-01 -6.470445e-01 
       17   0.00000   0.89244   0.21979   0.00235   0.92229  6.373183e-02 -2.732042e-01  3.242945e-03  1.401419e-02  7.320094e-04  1.014611e-04  4.971764e-02 -2.739362e-01  3.141484e-03  3.242945e-03  6.373183e-02 -2.599220e-01  1.014611e-04  1.401419e-02  7.320094e-04  3.141484e-03  4.971764e-02 -2.739362e-01  5.969278e-01  1.317163e-01 -6.280295e-01 -1.321330e-03  3.006045e-02 -3.436944e-02  5.982491e-01  1.016558e-01 -5.936601e-01 
       18   0.00000   0.93547   0.21979   0.00235   0.92355  5.750555e-02 -2.315046e-01  1.344043e-02  1.388830e-02  7.321456e-04  1.026366e-04  4.361725e-02 -2.322367e-01  1.333779e-02  1.344043e-02  5.750555e-02 -2.183484e-01  1.026366e-04  1.388830e-02  7.321456e-04  1.333779e-02  4.361725e-02 -2.322367e-01  5.437425e-01  1.034813e-01 -5.442389e-01 -1.353719e-03  3.045263e-02 -3.405123e-02  5.450962e-01  7.302868e-02 -5.101877e-01 
       19   0.00000   0.97849   0.21979   0.00235   0.92399  5.154458e-02 -1.732708e-01  1.085286e-02  1.372301e-02  7.511320e-04  7.029738e-05  3.782158e-02 -1.740219e-01  1.078257e-02  1.085286e-02  5.154458e-02 -1.602989e-01  7.029738e-05  1.372301e-02  7.511320e-04  1.078257e-02  3.782158e-02 -1.740219e-01  4.173831e-01  9.735593e-02 -4.321676e-01 -1.513214e-03  3.079130e-02 -3.360692e-02  4.188963e-01  6.656463e-02 -3.985607e-01 



Time history of loading for wing surface: 8 --> VSP Surface: 8 ... NOTE: values per area! 

  Station    Time       S       Chord     Area      V/Vref        Cx            Cy            Cz           Cxo           Cyo           Czo          Cxi            Cyi           Czi           Cl            Cd            Cs            Clo           Cdo           Cso           Cli           Cdi           Csi           Cmx           Cmy           Cmz          Cmxo          Cmyo          Cmzo          Cmxi          Cmyi          Cmzi 
        1   0.00000   0.11280   0.21979   0.00235   0.87879  2.922891e-02  1.501432e-01 -3.784838e-02  1.252515e-02 -6.251805e-04 -4.792416e-04  1.670376e-02  1.507684e-01 -3.736913e-02 -3.784838e-02  2.922891e-02  1.632935e-01 -4.792416e-04  1.252515e-02 -6.251805e-04 -3.736913e-02  1.670376e-02  1.507684e-01 -1.129089e-01  1.084649e-01  3.199350e-01  2.078933e-03  1.807184e-02  3.075855e-02 -1.149878e-01  9.039302e-02  2.891765e-01 
        2   0.00000   0.24711   0.21979   0.00235   0.87752  5.092730e-02  2.424595e-01 -4.140415e-02  1.280367e-02 -6.078349e-04 -1.182943e-04  3.812363e-02  2.430674e-01 -4.128586e-02 -4.140415e-02  5.092730e-02  2.558710e-01 -1.182943e-04  1.280367e-02 -6.078349e-04 -4.128586e-02  3.812363e-02  2.430674e-01 -2.444085e-01  1.474721e-01  5.332540e-01  1.172163e-03  1.856310e-02  3.148656e-02 -2.455806e-01  1.289090e-01  5.017675e-01 
        3   0.00000   0.29013   0.21979   0.00235   0.89111  6.205779e-02  2.994565e-01 -4.299716e-03  1.337627e-02 -6.721429e-04 -4.946284e-06  4.868152e-02  3.001286e-01 -4.294770e-03 -4.299716e-03  6.205779e-02  3.135049e-01 -4.946284e-06  1.337627e-02 -6.721429e-04 -4.294770e-03  4.868152e-02  3.001286e-01 -4.338530e-01  9.971339e-02  6.557456e-01  1.010424e-03  1.986668e-02  3.284237e-02 -4.348634e-01  7.984670e-02  6.229032e-01 
        4   0.00000   0.33316   0.21979   0.00235   0.89369  7.076047e-02  3.277609e-01 -5.716961e-04  1.357938e-02 -6.867876e-04  9.817359e-06  5.718109e-02  3.284477e-01 -5.815135e-04 -5.716961e-04  7.076047e-02  3.420271e-01  9.817359e-06  1.357938e-02 -6.867876e-04 -5.815135e-04  5.718109e-02  3.284477e-01 -5.008899e-01  1.094543e-01  7.245596e-01  1.027765e-03  2.079779e-02  3.333480e-02 -5.019177e-01  8.865646e-02  6.912248e-01 
        5   0.00000   0.37618   0.21979   0.00235   0.89159  6.315290e-02  3.402078e-01 -6.222214e-04  1.359292e-02 -7.042403e-04  7.229140e-05  4.955998e-02  3.409121e-01 -6.945128e-04 -6.222214e-04  6.315290e-02  3.545050e-01  7.229140e-05  1.359292e-02 -7.042403e-04 -6.945128e-04  4.955998e-02  3.409121e-01 -5.361332e-01  1.009600e-01  7.266504e-01  9.304253e-04  2.138149e-02  3.334440e-02 -5.370636e-01  7.957849e-02  6.933059e-01 
        6   0.00000   0.41920   0.21979   0.00235   0.89138  6.394716e-02  3.506089e-01 -6.919742e-04  1.364540e-02 -7.053985e-04  6.991927e-05  5.030177e-02  3.513143e-01 -7.618935e-04 -6.919742e-04  6.394716e-02  3.649597e-01  6.991927e-05  1.364540e-02 -7.053985e-04 -7.618935e-04  5.030177e-02  3.513143e-01 -5.691881e-01  1.054030e-01  7.460132e-01  9.720321e-04  2.212131e-02  3.347534e-02 -5.701602e-01  8.328171e-02  7.125378e-01 
        7   0.00000   0.46222   0.21979   0.00235   0.89502  7.118069e-02  3.593709e-01 -1.785234e-04  1.378042e-02 -7.072353e-04  1.057898e-04  5.740026e-02  3.600782e-01 -2.843133e-04 -1.785234e-04  7.118069e-02  3.738586e-01  1.057898e-04  1.378042e-02 -7.072353e-04 -2.843133e-04  5.740026e-02  3.600782e-01 -6.019430e-01  1.196893e-01  7.784176e-01  9.182823e-04  2.295060e-02  3.381383e-02 -6.028613e-01  9.673867e-02  7.446038e-01 
        8   0.00000   0.50524   0.21979   0.00235   0.89497  7.138683e-02  3.633077e-01  1.361520e-04  1.380158e-02 -7.081516e-04  1.091284e-04  5.758526e-02  3.640158e-01  2.702363e-05  1.361520e-04  7.138683e-02  3.778174e-01  1.091284e-04  1.380158e-02 -7.081516e-04  2.702363e-05  5.758526e-02  3.640158e-01 -6.267334e-01  1.228923e-01  7.858553e-01  9.453006e-04  2.364237e-02  3.386598e-02 -6.276788e-01  9.924999e-02  7.519893e-01 
        9   0.00000   0.54827   0.21979   0.00235   0.90392  6.779583e-02  3.645690e-01  2.661831e-04  1.401404e-02 -7.230699e-04  1.443665e-04  5.378178e-02  3.652921e-01  1.218167e-04  2.661831e-04  6.779583e-02  3.793061e-01  1.443665e-04  1.401404e-02 -7.230699e-04  1.218167e-04  5.378178e-02  3.652921e-01 -6.467038e-01  1.197349e-01  7.802690e-01  9.166375e-04  2.463021e-02  3.438167e-02 -6.476204e-01  9.510469e-02  7.458873e-01 
       10   0.00000   0.59129   0.21979   0.00235   0.90393  6.866966e-02  3.639269e-01  3.545676e-04  1.401091e-02 -7.230188e-04  1.466798e-04  5.465875e-02  3.646499e-01  2.078878e-04  3.545676e-04  6.866966e-02  3.786609e-01  1.466798e-04  1.401091e-02 -7.230188e-04  2.078878e-04  5.465875e-02  3.646499e-01 -6.632140e-01  1.244139e-01  7.822105e-01  9.453311e-04  2.529242e-02  3.437383e-02 -6.641594e-01  9.912143e-02  7.478367e-01 
       11   0.00000   0.63431   0.21979   0.00235   0.90393  6.904465e-02  3.613504e-01  4.114057e-04  1.399678e-02 -7.222990e-04  1.500574e-04  5.504787e-02  3.620726e-01  2.613484e-04  4.114057e-04  6.904465e-02  3.760694e-01  1.500574e-04  1.399678e-02 -7.222990e-04  2.613484e-04  5.504787e-02  3.620726e-01 -6.759746e-01  1.283020e-01  7.797995e-01  9.700826e-04  2.593229e-02  3.433913e-02 -6.769447e-01  1.023697e-01  7.454604e-01 
       12   0.00000   0.67733   0.21979   0.00235   0.90914  7.024643e-02  3.564673e-01  4.266580e-04  1.409216e-02 -7.258020e-04  1.463874e-04  5.615427e-02  3.571931e-01  2.802706e-04  4.266580e-04  7.024643e-02  3.712853e-01  1.463874e-04  1.409216e-02 -7.258020e-04  2.802706e-04  5.615427e-02  3.571931e-01 -6.839623e-01  1.338746e-01  7.758113e-01  1.020658e-03  2.679056e-02  3.457516e-02 -6.849830e-01  1.070840e-01  7.412361e-01 
       13   0.00000   0.72036   0.21979   0.00235   0.91332  7.018081e-02  3.484919e-01  5.040759e-04  1.414810e-02 -7.331438e-04  1.404636e-04  5.603271e-02  3.492250e-01  3.636122e-04  5.040759e-04  7.018081e-02  3.633731e-01  1.404636e-04  1.414810e-02 -7.331438e-04  3.636122e-04  5.603271e-02  3.492250e-01 -6.855686e-01  1.369659e-01  7.636967e-01  1.084799e-03  2.758366e-02  3.470610e-02 -6.866534e-01  1.093822e-01  7.289907e-01 
       14   0.00000   0.76338   0.21979   0.00235   0.91329  6.889862e-02  3.380648e-01  7.327325e-04  1.409322e-02 -7.298059e-04  1.448780e-04  5.480540e-02  3.387946e-01  5.878545e-04  7.327325e-04  6.889862e-02  3.528878e-01  1.448780e-04  1.409322e-02 -7.298059e-04  5.878545e-04  5.480540e-02  3.387946e-01 -6.818591e-01  1.373448e-01  7.450258e-01  1.102047e-03  2.814466e-02  3.457218e-02 -6.829612e-01  1.092001e-01  7.104536e-01 
       15   0.00000   0.80640   0.21979   0.00235   0.91358  6.745411e-02  3.222189e-01  9.592320e-04  1.402061e-02 -7.278082e-04  1.488791e-04  5.343350e-02  3.229467e-01  8.103529e-04  9.592320e-04  6.745411e-02  3.369673e-01  1.488791e-04  1.402061e-02 -7.278082e-04  8.103529e-04  5.343350e-02  3.229467e-01 -6.659903e-01  1.372526e-01  7.163183e-01  1.122778e-03  2.866445e-02  3.439157e-02 -6.671131e-01  1.085882e-01  6.819267e-01 
       16   0.00000   0.84942   0.21979   0.00235   0.92136  6.639948e-02  3.012866e-01  1.216558e-03  1.411164e-02 -7.319977e-04  1.155475e-04  5.228785e-02  3.020186e-01  1.101011e-03  1.216558e-03  6.639948e-02  3.161303e-01  1.155475e-04  1.411164e-02 -7.319977e-04  1.101011e-03  5.228785e-02  3.020186e-01 -6.379414e-01  1.378077e-01  6.803302e-01  1.250663e-03  2.957475e-02  3.461561e-02 -6.391920e-01  1.082329e-01  6.457146e-01 
       17   0.00000   0.89244   0.21979   0.00235   0.92295  6.348268e-02  2.726377e-01  3.435780e-03  1.402845e-02 -7.279138e-04  1.076865e-04  4.945423e-02  2.733656e-01  3.328094e-03  3.435780e-03  6.348268e-02  2.873941e-01  1.076865e-04  1.402845e-02 -7.279138e-04  3.328094e-03  4.945423e-02  2.733656e-01 -5.961909e-01  1.308351e-01  6.266975e-01  1.296777e-03  3.008241e-02  3.441124e-02 -5.974877e-01  1.007527e-01  5.922863e-01 
       18   0.00000   0.93547   0.21979   0.00235   0.92423  5.723939e-02  2.309985e-01  1.378086e-02  1.390387e-02 -7.277924e-04  1.084879e-04  4.333552e-02  2.317263e-01  1.367237e-02  1.378086e-02  5.723939e-02  2.456302e-01  1.084879e-04  1.390387e-02 -7.277924e-04  1.367237e-02  4.333552e-02  2.317263e-01 -5.434855e-01  1.022743e-01  5.429249e-01  1.329348e-03  3.047868e-02  3.409669e-02 -5.448148e-01  7.179566e-02  5.088282e-01 
       19   0.00000   0.97849   0.21979   0.00235   0.92468  5.129702e-02  1.728972e-01  1.108018e-02  1.373988e-02 -7.460612e-04  7.551787e-05  3.755714e-02  1.736432e-01  1.100466e-02  1.108018e-02  5.129702e-02  1.873831e-01  7.551787e-05  1.373988e-02 -7.460612e-04  1.100466e-02  3.755714e-02  1.736432e-01 -4.171185e-01  9.638317e-02  4.310514e-01  1.488613e-03  3.082193e-02  3.365670e-02 -4.186072e-01  6.556124e-02  3.973947e-01 
