v     0.4796726883                0     0.3125607133
v     0.4796724598    0.04642857143     0.3125607014
v     0.4766569481    0.04642857143     0.3120324939
v     0.4766569481                0     0.3120324939
v      0.472994706    0.04642857143     0.3113299579
v      0.472994706                0     0.3113299579
v     0.4685616438    0.04642857143     0.3104297506
v     0.4685616438                0     0.3104297506
v     0.4632229136    0.04642857143     0.3092993156
v     0.4632229136                0     0.3092993156
v     0.4568337252    0.04642857143     0.3079050847
v     0.4568337252                0     0.3079050847
v     0.4492471416    0.04642857143     0.3062063833
v     0.4492471416                0     0.3062063833
v     0.4403214851    0.04642857143     0.3041685528
v     0.4403214851                0     0.3041685528
v     0.4299340337    0.04642857143     0.3017649045
v     0.4299340337                0     0.3017649045
v     0.4179966438    0.04642857143     0.2989869869
v     0.4179966438                0     0.2989869869
v     0.4044740203    0.04642857143     0.2958541098
v     0.4044740203                0     0.2958541098
v     0.3894008264    0.04642857143     0.2924280309
v     0.3894008264                0     0.2924280309
v     0.3728965275    0.04642857143     0.2888215795
v     0.3728965275                0     0.2888215795
v     0.3551803741    0.04642857143      0.285168296
v     0.3551803741                0      0.285168296
v        0.3365677    0.04642857143     0.2816158833
v        0.3365677                0     0.2816158833
v     0.3174466265    0.04642857143      0.278345266
v     0.3174466265                0      0.278345266
v        0.2982533                0     0.2755292886
v        0.2982533    0.04642857143     0.2755292886
v     0.2794325076                0     0.2733317775
v     0.2794325076    0.04642857143     0.2733317775
v     0.2614000543                0     0.2719067567
v     0.2614000543    0.04642857143     0.2719067567
v     0.2445160002                0     0.2713699688
v     0.2445160002    0.04642857143     0.2713699688
v     0.2290625765                0     0.2716927892
v     0.2290625765    0.04642857143     0.2716927892
v     0.2152221738                0     0.2727490633
v     0.2152221738    0.04642857143     0.2727490633
v     0.2030730921                0     0.2743681974
v     0.2030730921    0.04642857143     0.2743681974
v     0.1926077824                0      0.276407659
v     0.1926077824    0.04642857143      0.276407659
v     0.1837608763                0     0.2787654554
v     0.1837608763    0.04642857143     0.2787654554
v     0.1764306111                0     0.2813586188
v     0.1764306111    0.04642857143     0.2813586188
v     0.1705117665                0     0.2841444567
v     0.1705117665    0.04642857143     0.2841444567
v     0.1659463375                0     0.2871371536
v     0.1659463375    0.04642857143     0.2871371536
v     0.1626969516                0     0.2902868897
v     0.1626969516    0.04642857143     0.2902868897
v     0.1607459136                0     0.2934660145
v     0.1607459136    0.04642857143     0.2934660145
v      0.160127272                0      0.296454926
v      0.160127272    0.04642857143      0.296454926
v     0.1616786635    0.04642857143     0.2989120006
v     0.1616786635                0     0.2989120006
v     0.1650562669    0.04642857143     0.3003206562
v     0.1650562669                0     0.3003206562
v     0.1693521276    0.04642857143     0.3012603303
v     0.1693521276                0     0.3012603303
v     0.1746095081    0.04642857143     0.3018987855
v     0.1746095081                0     0.3018987855
v     0.1809389494    0.04642857143     0.3023157022
v     0.1809389494                0     0.3023157022
v     0.1884768794    0.04642857143     0.3025556021
v     0.1884768794                0     0.3025556021
v     0.1973575812    0.04642857143     0.3026668701
v     0.1973575812                0     0.3026668701
v     0.2077001394    0.04642857143     0.3026990084
v     0.2077001394                0     0.3026990084
v     0.2195893073    0.04642857143     0.3026864639
v     0.2195893073                0     0.3026864639
v     0.2330541994    0.04642857143     0.3026554003
v     0.2330541994                0     0.3026554003
v     0.2480487481    0.04642857143     0.3026360913
v     0.2480487481                0     0.3026360913
v     0.2644363747    0.04642857143     0.3026517812
v     0.2644363747                0     0.3026517812
v     0.2819831451    0.04642857143     0.3027367971
v     0.2819831451                0     0.3027367971
v     0.3003633044    0.04642857143     0.3029110904
v     0.3003633044                0     0.3029110904
v     0.3191790437    0.04642857143     0.3031912079
v     0.3191790437                0     0.3031912079
v     0.3379927707                0     0.3035838628
v     0.3379927707    0.04642857143     0.3035838628
v     0.3563668935                0     0.3040865235
v     0.3563668935    0.04642857143     0.3040865235
v     0.3739036053                0     0.3046865713
v     0.3739036053    0.04642857143     0.3046865713
v     0.3902772138                0      0.305364237
v     0.3902772138    0.04642857143      0.305364237
v     0.4052541132                0     0.3060923619
v     0.4052541132    0.04642857143     0.3060923619
v     0.4186976195                0     0.3068512558
v     0.4186976195    0.04642857143     0.3068512558
v      0.430562269                0     0.3076147717
v      0.430562269    0.04642857143     0.3076147717
v     0.4408775408                0     0.3083652352
v     0.4408775408    0.04642857143     0.3083652352
v     0.4497293027                0     0.3090864648
v     0.4497293027    0.04642857143     0.3090864648
v     0.4572393236                0      0.309774783
v     0.4572393236    0.04642857143      0.309774783
v     0.4635496191                0     0.3104243156
v     0.4635496191    0.04642857143     0.3104243156
v     0.4688083647                0     0.3110312993
v     0.4688083647    0.04642857143     0.3110312993
v      0.473160582                0     0.3115906576
v      0.473160582    0.04642857143     0.3115906576
v     0.4767417484                0     0.3121006931
v     0.4767417484    0.04642857143     0.3121006931
v     0.4796724598    0.09285714286     0.3125607014
v     0.4766569481    0.09285714286     0.3120324939
v      0.472994706    0.09285714286     0.3113299579
v     0.4685616438    0.09285714286     0.3104297506
v     0.4632229136    0.09285714286     0.3092993156
v     0.4568337252    0.09285714286     0.3079050847
v     0.4492471416    0.09285714286     0.3062063833
v     0.4403214851    0.09285714286     0.3041685528
v     0.4299340337    0.09285714286     0.3017649045
v     0.4179966438    0.09285714286     0.2989869869
v     0.4044740203    0.09285714286     0.2958541098
v     0.3894008264    0.09285714286     0.2924280309
v     0.3728965275    0.09285714286     0.2888215795
v     0.3551803741    0.09285714286      0.285168296
v        0.3365677    0.09285714286     0.2816158833
v     0.3174466265    0.09285714286      0.278345266
v        0.2982533    0.09285714286     0.2755292886
v     0.2794325076    0.09285714286     0.2733317775
v     0.2614000543    0.09285714286     0.2719067567
v     0.2445160002    0.09285714286     0.2713699688
v     0.2290625765    0.09285714286     0.2716927892
v     0.2152221738    0.09285714286     0.2727490633
v     0.2030730921    0.09285714286     0.2743681974
v     0.1926077824    0.09285714286      0.276407659
v     0.1837608763    0.09285714286     0.2787654554
v     0.1764306111    0.09285714286     0.2813586188
v     0.1705117665    0.09285714286     0.2841444567
v     0.1659463375    0.09285714286     0.2871371536
v     0.1626969516    0.09285714286     0.2902868897
v     0.1607459136    0.09285714286     0.2934660145
v      0.160127272    0.09285714286      0.296454926
v     0.1616786635    0.09285714286     0.2989120006
v     0.1650562669    0.09285714286     0.3003206562
v     0.1693521276    0.09285714286     0.3012603303
v     0.1746095081    0.09285714286     0.3018987855
v     0.1809389494    0.09285714286     0.3023157022
v     0.1884768794    0.09285714286     0.3025556021
v     0.1973575812    0.09285714286     0.3026668701
v     0.2077001394    0.09285714286     0.3026990084
v     0.2195893073    0.09285714286     0.3026864639
v     0.2330541994    0.09285714286     0.3026554003
v     0.2480487481    0.09285714286     0.3026360913
v     0.2644363747    0.09285714286     0.3026517812
v     0.2819831451    0.09285714286     0.3027367971
v     0.3003633044    0.09285714286     0.3029110904
v     0.3191790437    0.09285714286     0.3031912079
v     0.3379927707    0.09285714286     0.3035838628
v     0.3563668935    0.09285714286     0.3040865235
v     0.3739036053    0.09285714286     0.3046865713
v     0.3902772138    0.09285714286      0.305364237
v     0.4052541132    0.09285714286     0.3060923619
v     0.4186976195    0.09285714286     0.3068512558
v      0.430562269    0.09285714286     0.3076147717
v     0.4408775408    0.09285714286     0.3083652352
v     0.4497293027    0.09285714286     0.3090864648
v     0.4572393236    0.09285714286      0.309774783
v     0.4635496191    0.09285714286     0.3104243156
v     0.4688083647    0.09285714286     0.3110312993
v      0.473160582    0.09285714286     0.3115906576
v     0.4767417484    0.09285714286     0.3121006931
v     0.4796724598     0.1392857143     0.3125607014
v     0.4766569481     0.1392857143     0.3120324939
v      0.472994706     0.1392857143     0.3113299579
v     0.4685616438     0.1392857143     0.3104297506
v     0.4632229136     0.1392857143     0.3092993156
v     0.4568337252     0.1392857143     0.3079050847
v     0.4492471416     0.1392857143     0.3062063833
v     0.4403214851     0.1392857143     0.3041685528
v     0.4299340337     0.1392857143     0.3017649045
v     0.4179966438     0.1392857143     0.2989869869
v     0.4044740203     0.1392857143     0.2958541098
v     0.3894008264     0.1392857143     0.2924280309
v     0.3728965275     0.1392857143     0.2888215795
v     0.3551803741     0.1392857143      0.285168296
v        0.3365677     0.1392857143     0.2816158833
v     0.3174466265     0.1392857143      0.278345266
v        0.2982533     0.1392857143     0.2755292886
v     0.2794325076     0.1392857143     0.2733317775
v     0.2614000543     0.1392857143     0.2719067567
v     0.2445160002     0.1392857143     0.2713699688
v     0.2290625765     0.1392857143     0.2716927892
v     0.2152221738     0.1392857143     0.2727490633
v     0.2030730921     0.1392857143     0.2743681974
v     0.1926077824     0.1392857143      0.276407659
v     0.1837608763     0.1392857143     0.2787654554
v     0.1764306111     0.1392857143     0.2813586188
v     0.1705117665     0.1392857143     0.2841444567
v     0.1659463375     0.1392857143     0.2871371536
v     0.1626969516     0.1392857143     0.2902868897
v     0.1607459136     0.1392857143     0.2934660145
v      0.160127272     0.1392857143      0.296454926
v     0.1616786635     0.1392857143     0.2989120006
v     0.1650562669     0.1392857143     0.3003206562
v     0.1693521276     0.1392857143     0.3012603303
v     0.1746095081     0.1392857143     0.3018987855
v     0.1809389494     0.1392857143     0.3023157022
v     0.1884768794     0.1392857143     0.3025556021
v     0.1973575812     0.1392857143     0.3026668701
v     0.2077001394     0.1392857143     0.3026990084
v     0.2195893073     0.1392857143     0.3026864639
v     0.2330541994     0.1392857143     0.3026554003
v     0.2480487481     0.1392857143     0.3026360913
v     0.2644363747     0.1392857143     0.3026517812
v     0.2819831451     0.1392857143     0.3027367971
v     0.3003633044     0.1392857143     0.3029110904
v     0.3191790437     0.1392857143     0.3031912079
v     0.3379927707     0.1392857143     0.3035838628
v     0.3563668935     0.1392857143     0.3040865235
v     0.3739036053     0.1392857143     0.3046865713
v     0.3902772138     0.1392857143      0.305364237
v     0.4052541132     0.1392857143     0.3060923619
v     0.4186976195     0.1392857143     0.3068512558
v      0.430562269     0.1392857143     0.3076147717
v     0.4408775408     0.1392857143     0.3083652352
v     0.4497293027     0.1392857143     0.3090864648
v     0.4572393236     0.1392857143      0.309774783
v     0.4635496191     0.1392857143     0.3104243156
v     0.4688083647     0.1392857143     0.3110312993
v      0.473160582     0.1392857143     0.3115906576
v     0.4767417484     0.1392857143     0.3121006931
v     0.4796724598     0.1857142857     0.3125607014
v     0.4766569481     0.1857142857     0.3120324939
v      0.472994706     0.1857142857     0.3113299579
v     0.4685616438     0.1857142857     0.3104297506
v     0.4632229136     0.1857142857     0.3092993156
v     0.4568337252     0.1857142857     0.3079050847
v     0.4492471416     0.1857142857     0.3062063833
v     0.4403214851     0.1857142857     0.3041685528
v     0.4299340337     0.1857142857     0.3017649045
v     0.4179966438     0.1857142857     0.2989869869
v     0.4044740203     0.1857142857     0.2958541098
v     0.3894008264     0.1857142857     0.2924280309
v     0.3728965275     0.1857142857     0.2888215795
v     0.3551803741     0.1857142857      0.285168296
v        0.3365677     0.1857142857     0.2816158833
v     0.3174466265     0.1857142857      0.278345266
v        0.2982533     0.1857142857     0.2755292886
v     0.2794325076     0.1857142857     0.2733317775
v     0.2614000543     0.1857142857     0.2719067567
v     0.2445160002     0.1857142857     0.2713699688
v     0.2290625765     0.1857142857     0.2716927892
v     0.2152221738     0.1857142857     0.2727490633
v     0.2030730921     0.1857142857     0.2743681974
v     0.1926077824     0.1857142857      0.276407659
v     0.1837608763     0.1857142857     0.2787654554
v     0.1764306111     0.1857142857     0.2813586188
v     0.1705117665     0.1857142857     0.2841444567
v     0.1659463375     0.1857142857     0.2871371536
v     0.1626969516     0.1857142857     0.2902868897
v     0.1607459136     0.1857142857     0.2934660145
v      0.160127272     0.1857142857      0.296454926
v     0.1616786635     0.1857142857     0.2989120006
v     0.1650562669     0.1857142857     0.3003206562
v     0.1693521276     0.1857142857     0.3012603303
v     0.1746095081     0.1857142857     0.3018987855
v     0.1809389494     0.1857142857     0.3023157022
v     0.1884768794     0.1857142857     0.3025556021
v     0.1973575812     0.1857142857     0.3026668701
v     0.2077001394     0.1857142857     0.3026990084
v     0.2195893073     0.1857142857     0.3026864639
v     0.2330541994     0.1857142857     0.3026554003
v     0.2480487481     0.1857142857     0.3026360913
v     0.2644363747     0.1857142857     0.3026517812
v     0.2819831451     0.1857142857     0.3027367971
v     0.3003633044     0.1857142857     0.3029110904
v     0.3191790437     0.1857142857     0.3031912079
v     0.3379927707     0.1857142857     0.3035838628
v     0.3563668935     0.1857142857     0.3040865235
v     0.3739036053     0.1857142857     0.3046865713
v     0.3902772138     0.1857142857      0.305364237
v     0.4052541132     0.1857142857     0.3060923619
v     0.4186976195     0.1857142857     0.3068512558
v      0.430562269     0.1857142857     0.3076147717
v     0.4408775408     0.1857142857     0.3083652352
v     0.4497293027     0.1857142857     0.3090864648
v     0.4572393236     0.1857142857      0.309774783
v     0.4635496191     0.1857142857     0.3104243156
v     0.4688083647     0.1857142857     0.3110312993
v      0.473160582     0.1857142857     0.3115906576
v     0.4767417484     0.1857142857     0.3121006931
v     0.4796724598     0.2321428571     0.3125607014
v     0.4766569481     0.2321428571     0.3120324939
v      0.472994706     0.2321428571     0.3113299579
v     0.4685616438     0.2321428571     0.3104297506
v     0.4632229136     0.2321428571     0.3092993156
v     0.4568337252     0.2321428571     0.3079050847
v     0.4492471416     0.2321428571     0.3062063833
v     0.4403214851     0.2321428571     0.3041685528
v     0.4299340337     0.2321428571     0.3017649045
v     0.4179966438     0.2321428571     0.2989869869
v     0.4044740203     0.2321428571     0.2958541098
v     0.3894008264     0.2321428571     0.2924280309
v     0.3728965275     0.2321428571     0.2888215795
v     0.3551803741     0.2321428571      0.285168296
v        0.3365677     0.2321428571     0.2816158833
v     0.3174466265     0.2321428571      0.278345266
v        0.2982533     0.2321428571     0.2755292886
v     0.2794325076     0.2321428571     0.2733317775
v     0.2614000543     0.2321428571     0.2719067567
v     0.2445160002     0.2321428571     0.2713699688
v     0.2290625765     0.2321428571     0.2716927892
v     0.2152221738     0.2321428571     0.2727490633
v     0.2030730921     0.2321428571     0.2743681974
v     0.1926077824     0.2321428571      0.276407659
v     0.1837608763     0.2321428571     0.2787654554
v     0.1764306111     0.2321428571     0.2813586188
v     0.1705117665     0.2321428571     0.2841444567
v     0.1659463375     0.2321428571     0.2871371536
v     0.1626969516     0.2321428571     0.2902868897
v     0.1607459136     0.2321428571     0.2934660145
v      0.160127272     0.2321428571      0.296454926
v     0.1616786635     0.2321428571     0.2989120006
v     0.1650562669     0.2321428571     0.3003206562
v     0.1693521276     0.2321428571     0.3012603303
v     0.1746095081     0.2321428571     0.3018987855
v     0.1809389494     0.2321428571     0.3023157022
v     0.1884768794     0.2321428571     0.3025556021
v     0.1973575812     0.2321428571     0.3026668701
v     0.2077001394     0.2321428571     0.3026990084
v     0.2195893073     0.2321428571     0.3026864639
v     0.2330541994     0.2321428571     0.3026554003
v     0.2480487481     0.2321428571     0.3026360913
v     0.2644363747     0.2321428571     0.3026517812
v     0.2819831451     0.2321428571     0.3027367971
v     0.3003633044     0.2321428571     0.3029110904
v     0.3191790437     0.2321428571     0.3031912079
v     0.3379927707     0.2321428571     0.3035838628
v     0.3563668935     0.2321428571     0.3040865235
v     0.3739036053     0.2321428571     0.3046865713
v     0.3902772138     0.2321428571      0.305364237
v     0.4052541132     0.2321428571     0.3060923619
v     0.4186976195     0.2321428571     0.3068512558
v      0.430562269     0.2321428571     0.3076147717
v     0.4408775408     0.2321428571     0.3083652352
v     0.4497293027     0.2321428571     0.3090864648
v     0.4572393236     0.2321428571      0.309774783
v     0.4635496191     0.2321428571     0.3104243156
v     0.4688083647     0.2321428571     0.3110312993
v      0.473160582     0.2321428571     0.3115906576
v     0.4767417484     0.2321428571     0.3121006931
v     0.4796724598     0.2785714286     0.3125607014
v     0.4766569481     0.2785714286     0.3120324939
v      0.472994706     0.2785714286     0.3113299579
v     0.4685616438     0.2785714286     0.3104297506
v     0.4632229136     0.2785714286     0.3092993156
v     0.4568337252     0.2785714286     0.3079050847
v     0.4492471416     0.2785714286     0.3062063833
v     0.4403214851     0.2785714286     0.3041685528
v     0.4299340337     0.2785714286     0.3017649045
v     0.4179966438     0.2785714286     0.2989869869
v     0.4044740203     0.2785714286     0.2958541098
v     0.3894008264     0.2785714286     0.2924280309
v     0.3728965275     0.2785714286     0.2888215795
v     0.3551803741     0.2785714286      0.285168296
v        0.3365677     0.2785714286     0.2816158833
v     0.3174466265     0.2785714286      0.278345266
v        0.2982533     0.2785714286     0.2755292886
v     0.2794325076     0.2785714286     0.2733317775
v     0.2614000543     0.2785714286     0.2719067567
v     0.2445160002     0.2785714286     0.2713699688
v     0.2290625765     0.2785714286     0.2716927892
v     0.2152221738     0.2785714286     0.2727490633
v     0.2030730921     0.2785714286     0.2743681974
v     0.1926077824     0.2785714286      0.276407659
v     0.1837608763     0.2785714286     0.2787654554
v     0.1764306111     0.2785714286     0.2813586188
v     0.1705117665     0.2785714286     0.2841444567
v     0.1659463375     0.2785714286     0.2871371536
v     0.1626969516     0.2785714286     0.2902868897
v     0.1607459136     0.2785714286     0.2934660145
v      0.160127272     0.2785714286      0.296454926
v     0.1616786635     0.2785714286     0.2989120006
v     0.1650562669     0.2785714286     0.3003206562
v     0.1693521276     0.2785714286     0.3012603303
v     0.1746095081     0.2785714286     0.3018987855
v     0.1809389494     0.2785714286     0.3023157022
v     0.1884768794     0.2785714286     0.3025556021
v     0.1973575812     0.2785714286     0.3026668701
v     0.2077001394     0.2785714286     0.3026990084
v     0.2195893073     0.2785714286     0.3026864639
v     0.2330541994     0.2785714286     0.3026554003
v     0.2480487481     0.2785714286     0.3026360913
v     0.2644363747     0.2785714286     0.3026517812
v     0.2819831451     0.2785714286     0.3027367971
v     0.3003633044     0.2785714286     0.3029110904
v     0.3191790437     0.2785714286     0.3031912079
v     0.3379927707     0.2785714286     0.3035838628
v     0.3563668935     0.2785714286     0.3040865235
v     0.3739036053     0.2785714286     0.3046865713
v     0.3902772138     0.2785714286      0.305364237
v     0.4052541132     0.2785714286     0.3060923619
v     0.4186976195     0.2785714286     0.3068512558
v      0.430562269     0.2785714286     0.3076147717
v     0.4408775408     0.2785714286     0.3083652352
v     0.4497293027     0.2785714286     0.3090864648
v     0.4572393236     0.2785714286      0.309774783
v     0.4635496191     0.2785714286     0.3104243156
v     0.4688083647     0.2785714286     0.3110312993
v      0.473160582     0.2785714286     0.3115906576
v     0.4767417484     0.2785714286     0.3121006931
v     0.4796724598            0.325     0.3125607014
v     0.4766569481            0.325     0.3120324939
v      0.472994706            0.325     0.3113299579
v     0.4685616438            0.325     0.3104297506
v     0.4632229136            0.325     0.3092993156
v     0.4568337252            0.325     0.3079050847
v     0.4492471416            0.325     0.3062063833
v     0.4403214851            0.325     0.3041685528
v     0.4299340337            0.325     0.3017649045
v     0.4179966438            0.325     0.2989869869
v     0.4044740203            0.325     0.2958541098
v     0.3894008264            0.325     0.2924280309
v     0.3728965275            0.325     0.2888215795
v     0.3551803741            0.325      0.285168296
v        0.3365677            0.325     0.2816158833
v     0.3174466265            0.325      0.278345266
v        0.2982533            0.325     0.2755292886
v     0.2794325076            0.325     0.2733317775
v     0.2614000543            0.325     0.2719067567
v     0.2445160002            0.325     0.2713699688
v     0.2290625765            0.325     0.2716927892
v     0.2152221738            0.325     0.2727490633
v     0.2030730921            0.325     0.2743681974
v     0.1926077824            0.325      0.276407659
v     0.1837608763            0.325     0.2787654554
v     0.1764306111            0.325     0.2813586188
v     0.1705117665            0.325     0.2841444567
v     0.1659463375            0.325     0.2871371536
v     0.1626969516            0.325     0.2902868897
v     0.1607459136            0.325     0.2934660145
v      0.160127272            0.325      0.296454926
v     0.1616786635            0.325     0.2989120006
v     0.1650562669            0.325     0.3003206562
v     0.1693521276            0.325     0.3012603303
v     0.1746095081            0.325     0.3018987855
v     0.1809389494            0.325     0.3023157022
v     0.1884768794            0.325     0.3025556021
v     0.1973575812            0.325     0.3026668701
v     0.2077001394            0.325     0.3026990084
v     0.2195893073            0.325     0.3026864639
v     0.2330541994            0.325     0.3026554003
v     0.2480487481            0.325     0.3026360913
v     0.2644363747            0.325     0.3026517812
v     0.2819831451            0.325     0.3027367971
v     0.3003633044            0.325     0.3029110904
v     0.3191790437            0.325     0.3031912079
v     0.3379927707            0.325     0.3035838628
v     0.3563668935            0.325     0.3040865235
v     0.3739036053            0.325     0.3046865713
v     0.3902772138            0.325      0.305364237
v     0.4052541132            0.325     0.3060923619
v     0.4186976195            0.325     0.3068512558
v      0.430562269            0.325     0.3076147717
v     0.4408775408            0.325     0.3083652352
v     0.4497293027            0.325     0.3090864648
v     0.4572393236            0.325      0.309774783
v     0.4635496191            0.325     0.3104243156
v     0.4688083647            0.325     0.3110312993
v      0.473160582            0.325     0.3115906576
v     0.4767417484            0.325     0.3121006931
v     0.4796724598     0.3714285714     0.3125607014
v     0.4766569481     0.3714285714     0.3120324939
v      0.472994706     0.3714285714     0.3113299579
v     0.4685616438     0.3714285714     0.3104297506
v     0.4632229136     0.3714285714     0.3092993156
v     0.4568337252     0.3714285714     0.3079050847
v     0.4492471416     0.3714285714     0.3062063833
v     0.4403214851     0.3714285714     0.3041685528
v     0.4299340337     0.3714285714     0.3017649045
v     0.4179966438     0.3714285714     0.2989869869
v     0.4044740203     0.3714285714     0.2958541098
v     0.3894008264     0.3714285714     0.2924280309
v     0.3728965275     0.3714285714     0.2888215795
v     0.3551803741     0.3714285714      0.285168296
v        0.3365677     0.3714285714     0.2816158833
v     0.3174466265     0.3714285714      0.278345266
v        0.2982533     0.3714285714     0.2755292886
v     0.2794325076     0.3714285714     0.2733317775
v     0.2614000543     0.3714285714     0.2719067567
v     0.2445160002     0.3714285714     0.2713699688
v     0.2290625765     0.3714285714     0.2716927892
v     0.2152221738     0.3714285714     0.2727490633
v     0.2030730921     0.3714285714     0.2743681974
v     0.1926077824     0.3714285714      0.276407659
v     0.1837608763     0.3714285714     0.2787654554
v     0.1764306111     0.3714285714     0.2813586188
v     0.1705117665     0.3714285714     0.2841444567
v     0.1659463375     0.3714285714     0.2871371536
v     0.1626969516     0.3714285714     0.2902868897
v     0.1607459136     0.3714285714     0.2934660145
v      0.160127272     0.3714285714      0.296454926
v     0.1616786635     0.3714285714     0.2989120006
v     0.1650562669     0.3714285714     0.3003206562
v     0.1693521276     0.3714285714     0.3012603303
v     0.1746095081     0.3714285714     0.3018987855
v     0.1809389494     0.3714285714     0.3023157022
v     0.1884768794     0.3714285714     0.3025556021
v     0.1973575812     0.3714285714     0.3026668701
v     0.2077001394     0.3714285714     0.3026990084
v     0.2195893073     0.3714285714     0.3026864639
v     0.2330541994     0.3714285714     0.3026554003
v     0.2480487481     0.3714285714     0.3026360913
v     0.2644363747     0.3714285714     0.3026517812
v     0.2819831451     0.3714285714     0.3027367971
v     0.3003633044     0.3714285714     0.3029110904
v     0.3191790437     0.3714285714     0.3031912079
v     0.3379927707     0.3714285714     0.3035838628
v     0.3563668935     0.3714285714     0.3040865235
v     0.3739036053     0.3714285714     0.3046865713
v     0.3902772138     0.3714285714      0.305364237
v     0.4052541132     0.3714285714     0.3060923619
v     0.4186976195     0.3714285714     0.3068512558
v      0.430562269     0.3714285714     0.3076147717
v     0.4408775408     0.3714285714     0.3083652352
v     0.4497293027     0.3714285714     0.3090864648
v     0.4572393236     0.3714285714      0.309774783
v     0.4635496191     0.3714285714     0.3104243156
v     0.4688083647     0.3714285714     0.3110312993
v      0.473160582     0.3714285714     0.3115906576
v     0.4767417484     0.3714285714     0.3121006931
v     0.4796724598     0.4178571429     0.3125607014
v     0.4766569481     0.4178571429     0.3120324939
v      0.472994706     0.4178571429     0.3113299579
v     0.4685616438     0.4178571429     0.3104297506
v     0.4632229136     0.4178571429     0.3092993156
v     0.4568337252     0.4178571429     0.3079050847
v     0.4492471416     0.4178571429     0.3062063833
v     0.4403214851     0.4178571429     0.3041685528
v     0.4299340337     0.4178571429     0.3017649045
v     0.4179966438     0.4178571429     0.2989869869
v     0.4044740203     0.4178571429     0.2958541098
v     0.3894008264     0.4178571429     0.2924280309
v     0.3728965275     0.4178571429     0.2888215795
v     0.3551803741     0.4178571429      0.285168296
v        0.3365677     0.4178571429     0.2816158833
v     0.3174466265     0.4178571429      0.278345266
v        0.2982533     0.4178571429     0.2755292886
v     0.2794325076     0.4178571429     0.2733317775
v     0.2614000543     0.4178571429     0.2719067567
v     0.2445160002     0.4178571429     0.2713699688
v     0.2290625765     0.4178571429     0.2716927892
v     0.2152221738     0.4178571429     0.2727490633
v     0.2030730921     0.4178571429     0.2743681974
v     0.1926077824     0.4178571429      0.276407659
v     0.1837608763     0.4178571429     0.2787654554
v     0.1764306111     0.4178571429     0.2813586188
v     0.1705117665     0.4178571429     0.2841444567
v     0.1659463375     0.4178571429     0.2871371536
v     0.1626969516     0.4178571429     0.2902868897
v     0.1607459136     0.4178571429     0.2934660145
v      0.160127272     0.4178571429      0.296454926
v     0.1616786635     0.4178571429     0.2989120006
v     0.1650562669     0.4178571429     0.3003206562
v     0.1693521276     0.4178571429     0.3012603303
v     0.1746095081     0.4178571429     0.3018987855
v     0.1809389494     0.4178571429     0.3023157022
v     0.1884768794     0.4178571429     0.3025556021
v     0.1973575812     0.4178571429     0.3026668701
v     0.2077001394     0.4178571429     0.3026990084
v     0.2195893073     0.4178571429     0.3026864639
v     0.2330541994     0.4178571429     0.3026554003
v     0.2480487481     0.4178571429     0.3026360913
v     0.2644363747     0.4178571429     0.3026517812
v     0.2819831451     0.4178571429     0.3027367971
v     0.3003633044     0.4178571429     0.3029110904
v     0.3191790437     0.4178571429     0.3031912079
v     0.3379927707     0.4178571429     0.3035838628
v     0.3563668935     0.4178571429     0.3040865235
v     0.3739036053     0.4178571429     0.3046865713
v     0.3902772138     0.4178571429      0.305364237
v     0.4052541132     0.4178571429     0.3060923619
v     0.4186976195     0.4178571429     0.3068512558
v      0.430562269     0.4178571429     0.3076147717
v     0.4408775408     0.4178571429     0.3083652352
v     0.4497293027     0.4178571429     0.3090864648
v     0.4572393236     0.4178571429      0.309774783
v     0.4635496191     0.4178571429     0.3104243156
v     0.4688083647     0.4178571429     0.3110312993
v      0.473160582     0.4178571429     0.3115906576
v     0.4767417484     0.4178571429     0.3121006931
v     0.4796724598     0.4642857143     0.3125607014
v     0.4766569481     0.4642857143     0.3120324939
v      0.472994706     0.4642857143     0.3113299579
v     0.4685616438     0.4642857143     0.3104297506
v     0.4632229136     0.4642857143     0.3092993156
v     0.4568337252     0.4642857143     0.3079050847
v     0.4492471416     0.4642857143     0.3062063833
v     0.4403214851     0.4642857143     0.3041685528
v     0.4299340337     0.4642857143     0.3017649045
v     0.4179966438     0.4642857143     0.2989869869
v     0.4044740203     0.4642857143     0.2958541098
v     0.3894008264     0.4642857143     0.2924280309
v     0.3728965275     0.4642857143     0.2888215795
v     0.3551803741     0.4642857143      0.285168296
v        0.3365677     0.4642857143     0.2816158833
v     0.3174466265     0.4642857143      0.278345266
v        0.2982533     0.4642857143     0.2755292886
v     0.2794325076     0.4642857143     0.2733317775
v     0.2614000543     0.4642857143     0.2719067567
v     0.2445160002     0.4642857143     0.2713699688
v     0.2290625765     0.4642857143     0.2716927892
v     0.2152221738     0.4642857143     0.2727490633
v     0.2030730921     0.4642857143     0.2743681974
v     0.1926077824     0.4642857143      0.276407659
v     0.1837608763     0.4642857143     0.2787654554
v     0.1764306111     0.4642857143     0.2813586188
v     0.1705117665     0.4642857143     0.2841444567
v     0.1659463375     0.4642857143     0.2871371536
v     0.1626969516     0.4642857143     0.2902868897
v     0.1607459136     0.4642857143     0.2934660145
v      0.160127272     0.4642857143      0.296454926
v     0.1616786635     0.4642857143     0.2989120006
v     0.1650562669     0.4642857143     0.3003206562
v     0.1693521276     0.4642857143     0.3012603303
v     0.1746095081     0.4642857143     0.3018987855
v     0.1809389494     0.4642857143     0.3023157022
v     0.1884768794     0.4642857143     0.3025556021
v     0.1973575812     0.4642857143     0.3026668701
v     0.2077001394     0.4642857143     0.3026990084
v     0.2195893073     0.4642857143     0.3026864639
v     0.2330541994     0.4642857143     0.3026554003
v     0.2480487481     0.4642857143     0.3026360913
v     0.2644363747     0.4642857143     0.3026517812
v     0.2819831451     0.4642857143     0.3027367971
v     0.3003633044     0.4642857143     0.3029110904
v     0.3191790437     0.4642857143     0.3031912079
v     0.3379927707     0.4642857143     0.3035838628
v     0.3563668935     0.4642857143     0.3040865235
v     0.3739036053     0.4642857143     0.3046865713
v     0.3902772138     0.4642857143      0.305364237
v     0.4052541132     0.4642857143     0.3060923619
v     0.4186976195     0.4642857143     0.3068512558
v      0.430562269     0.4642857143     0.3076147717
v     0.4408775408     0.4642857143     0.3083652352
v     0.4497293027     0.4642857143     0.3090864648
v     0.4572393236     0.4642857143      0.309774783
v     0.4635496191     0.4642857143     0.3104243156
v     0.4688083647     0.4642857143     0.3110312993
v      0.473160582     0.4642857143     0.3115906576
v     0.4767417484     0.4642857143     0.3121006931
v     0.4796724598     0.5107142857     0.3125607014
v     0.4766569481     0.5107142857     0.3120324939
v      0.472994706     0.5107142857     0.3113299579
v     0.4685616438     0.5107142857     0.3104297506
v     0.4632229136     0.5107142857     0.3092993156
v     0.4568337252     0.5107142857     0.3079050847
v     0.4492471416     0.5107142857     0.3062063833
v     0.4403214851     0.5107142857     0.3041685528
v     0.4299340337     0.5107142857     0.3017649045
v     0.4179966438     0.5107142857     0.2989869869
v     0.4044740203     0.5107142857     0.2958541098
v     0.3894008264     0.5107142857     0.2924280309
v     0.3728965275     0.5107142857     0.2888215795
v     0.3551803741     0.5107142857      0.285168296
v        0.3365677     0.5107142857     0.2816158833
v     0.3174466265     0.5107142857      0.278345266
v        0.2982533     0.5107142857     0.2755292886
v     0.2794325076     0.5107142857     0.2733317775
v     0.2614000543     0.5107142857     0.2719067567
v     0.2445160002     0.5107142857     0.2713699688
v     0.2290625765     0.5107142857     0.2716927892
v     0.2152221738     0.5107142857     0.2727490633
v     0.2030730921     0.5107142857     0.2743681974
v     0.1926077824     0.5107142857      0.276407659
v     0.1837608763     0.5107142857     0.2787654554
v     0.1764306111     0.5107142857     0.2813586188
v     0.1705117665     0.5107142857     0.2841444567
v     0.1659463375     0.5107142857     0.2871371536
v     0.1626969516     0.5107142857     0.2902868897
v     0.1607459136     0.5107142857     0.2934660145
v      0.160127272     0.5107142857      0.296454926
v     0.1616786635     0.5107142857     0.2989120006
v     0.1650562669     0.5107142857     0.3003206562
v     0.1693521276     0.5107142857     0.3012603303
v     0.1746095081     0.5107142857     0.3018987855
v     0.1809389494     0.5107142857     0.3023157022
v     0.1884768794     0.5107142857     0.3025556021
v     0.1973575812     0.5107142857     0.3026668701
v     0.2077001394     0.5107142857     0.3026990084
v     0.2195893073     0.5107142857     0.3026864639
v     0.2330541994     0.5107142857     0.3026554003
v     0.2480487481     0.5107142857     0.3026360913
v     0.2644363747     0.5107142857     0.3026517812
v     0.2819831451     0.5107142857     0.3027367971
v     0.3003633044     0.5107142857     0.3029110904
v     0.3191790437     0.5107142857     0.3031912079
v     0.3379927707     0.5107142857     0.3035838628
v     0.3563668935     0.5107142857     0.3040865235
v     0.3739036053     0.5107142857     0.3046865713
v     0.3902772138     0.5107142857      0.305364237
v     0.4052541132     0.5107142857     0.3060923619
v     0.4186976195     0.5107142857     0.3068512558
v      0.430562269     0.5107142857     0.3076147717
v     0.4408775408     0.5107142857     0.3083652352
v     0.4497293027     0.5107142857     0.3090864648
v     0.4572393236     0.5107142857      0.309774783
v     0.4635496191     0.5107142857     0.3104243156
v     0.4688083647     0.5107142857     0.3110312993
v      0.473160582     0.5107142857     0.3115906576
v     0.4767417484     0.5107142857     0.3121006931
v     0.4796724598     0.5571428571     0.3125607014
v     0.4766569481     0.5571428571     0.3120324939
v      0.472994706     0.5571428571     0.3113299579
v     0.4685616438     0.5571428571     0.3104297506
v     0.4632229136     0.5571428571     0.3092993156
v     0.4568337252     0.5571428571     0.3079050847
v     0.4492471416     0.5571428571     0.3062063833
v     0.4403214851     0.5571428571     0.3041685528
v     0.4299340337     0.5571428571     0.3017649045
v     0.4179966438     0.5571428571     0.2989869869
v     0.4044740203     0.5571428571     0.2958541098
v     0.3894008264     0.5571428571     0.2924280309
v     0.3728965275     0.5571428571     0.2888215795
v     0.3551803741     0.5571428571      0.285168296
v        0.3365677     0.5571428571     0.2816158833
v     0.3174466265     0.5571428571      0.278345266
v        0.2982533     0.5571428571     0.2755292886
v     0.2794325076     0.5571428571     0.2733317775
v     0.2614000543     0.5571428571     0.2719067567
v     0.2445160002     0.5571428571     0.2713699688
v     0.2290625765     0.5571428571     0.2716927892
v     0.2152221738     0.5571428571     0.2727490633
v     0.2030730921     0.5571428571     0.2743681974
v     0.1926077824     0.5571428571      0.276407659
v     0.1837608763     0.5571428571     0.2787654554
v     0.1764306111     0.5571428571     0.2813586188
v     0.1705117665     0.5571428571     0.2841444567
v     0.1659463375     0.5571428571     0.2871371536
v     0.1626969516     0.5571428571     0.2902868897
v     0.1607459136     0.5571428571     0.2934660145
v      0.160127272     0.5571428571      0.296454926
v     0.1616786635     0.5571428571     0.2989120006
v     0.1650562669     0.5571428571     0.3003206562
v     0.1693521276     0.5571428571     0.3012603303
v     0.1746095081     0.5571428571     0.3018987855
v     0.1809389494     0.5571428571     0.3023157022
v     0.1884768794     0.5571428571     0.3025556021
v     0.1973575812     0.5571428571     0.3026668701
v     0.2077001394     0.5571428571     0.3026990084
v     0.2195893073     0.5571428571     0.3026864639
v     0.2330541994     0.5571428571     0.3026554003
v     0.2480487481     0.5571428571     0.3026360913
v     0.2644363747     0.5571428571     0.3026517812
v     0.2819831451     0.5571428571     0.3027367971
v     0.3003633044     0.5571428571     0.3029110904
v     0.3191790437     0.5571428571     0.3031912079
v     0.3379927707     0.5571428571     0.3035838628
v     0.3563668935     0.5571428571     0.3040865235
v     0.3739036053     0.5571428571     0.3046865713
v     0.3902772138     0.5571428571      0.305364237
v     0.4052541132     0.5571428571     0.3060923619
v     0.4186976195     0.5571428571     0.3068512558
v      0.430562269     0.5571428571     0.3076147717
v     0.4408775408     0.5571428571     0.3083652352
v     0.4497293027     0.5571428571     0.3090864648
v     0.4572393236     0.5571428571      0.309774783
v     0.4635496191     0.5571428571     0.3104243156
v     0.4688083647     0.5571428571     0.3110312993
v      0.473160582     0.5571428571     0.3115906576
v     0.4767417484     0.5571428571     0.3121006931
v     0.4796724598     0.6035714286     0.3125607014
v     0.4766569481     0.6035714286     0.3120324939
v      0.472994706     0.6035714286     0.3113299579
v     0.4685616438     0.6035714286     0.3104297506
v     0.4632229136     0.6035714286     0.3092993156
v     0.4568337252     0.6035714286     0.3079050847
v     0.4492471416     0.6035714286     0.3062063833
v     0.4403214851     0.6035714286     0.3041685528
v     0.4299340337     0.6035714286     0.3017649045
v     0.4179966438     0.6035714286     0.2989869869
v     0.4044740203     0.6035714286     0.2958541098
v     0.3894008264     0.6035714286     0.2924280309
v     0.3728965275     0.6035714286     0.2888215795
v     0.3551803741     0.6035714286      0.285168296
v        0.3365677     0.6035714286     0.2816158833
v     0.3174466265     0.6035714286      0.278345266
v        0.2982533     0.6035714286     0.2755292886
v     0.2794325076     0.6035714286     0.2733317775
v     0.2614000543     0.6035714286     0.2719067567
v     0.2445160002     0.6035714286     0.2713699688
v     0.2290625765     0.6035714286     0.2716927892
v     0.2152221738     0.6035714286     0.2727490633
v     0.2030730921     0.6035714286     0.2743681974
v     0.1926077824     0.6035714286      0.276407659
v     0.1837608763     0.6035714286     0.2787654554
v     0.1764306111     0.6035714286     0.2813586188
v     0.1705117665     0.6035714286     0.2841444567
v     0.1659463375     0.6035714286     0.2871371536
v     0.1626969516     0.6035714286     0.2902868897
v     0.1607459136     0.6035714286     0.2934660145
v      0.160127272     0.6035714286      0.296454926
v     0.1616786635     0.6035714286     0.2989120006
v     0.1650562669     0.6035714286     0.3003206562
v     0.1693521276     0.6035714286     0.3012603303
v     0.1746095081     0.6035714286     0.3018987855
v     0.1809389494     0.6035714286     0.3023157022
v     0.1884768794     0.6035714286     0.3025556021
v     0.1973575812     0.6035714286     0.3026668701
v     0.2077001394     0.6035714286     0.3026990084
v     0.2195893073     0.6035714286     0.3026864639
v     0.2330541994     0.6035714286     0.3026554003
v     0.2480487481     0.6035714286     0.3026360913
v     0.2644363747     0.6035714286     0.3026517812
v     0.2819831451     0.6035714286     0.3027367971
v     0.3003633044     0.6035714286     0.3029110904
v     0.3191790437     0.6035714286     0.3031912079
v     0.3379927707     0.6035714286     0.3035838628
v     0.3563668935     0.6035714286     0.3040865235
v     0.3739036053     0.6035714286     0.3046865713
v     0.3902772138     0.6035714286      0.305364237
v     0.4052541132     0.6035714286     0.3060923619
v     0.4186976195     0.6035714286     0.3068512558
v      0.430562269     0.6035714286     0.3076147717
v     0.4408775408     0.6035714286     0.3083652352
v     0.4497293027     0.6035714286     0.3090864648
v     0.4572393236     0.6035714286      0.309774783
v     0.4635496191     0.6035714286     0.3104243156
v     0.4688083647     0.6035714286     0.3110312993
v      0.473160582     0.6035714286     0.3115906576
v     0.4767417484     0.6035714286     0.3121006931
v     0.4796724598             0.65     0.3125607014
v     0.4766569481             0.65     0.3120324939
v      0.472994706             0.65     0.3113299579
v     0.4685616438             0.65     0.3104297506
v     0.4632229136             0.65     0.3092993156
v     0.4568337252             0.65     0.3079050847
v     0.4492471416             0.65     0.3062063833
v     0.4403214851             0.65     0.3041685528
v     0.4299340337             0.65     0.3017649045
v     0.4179966438             0.65     0.2989869869
v     0.4044740203             0.65     0.2958541098
v     0.3894008264             0.65     0.2924280309
v     0.3728965275             0.65     0.2888215795
v     0.3551803741             0.65      0.285168296
v        0.3365677             0.65     0.2816158833
v     0.3174466265             0.65      0.278345266
v        0.2982533             0.65     0.2755292886
v     0.2794325076             0.65     0.2733317775
v     0.2614000543             0.65     0.2719067567
v     0.2445160002             0.65     0.2713699688
v     0.2290625765             0.65     0.2716927892
v     0.2152221738             0.65     0.2727490633
v     0.2030730921             0.65     0.2743681974
v     0.1926077824             0.65      0.276407659
v     0.1837608763             0.65     0.2787654554
v     0.1764306111             0.65     0.2813586188
v     0.1705117665             0.65     0.2841444567
v     0.1659463375             0.65     0.2871371536
v     0.1626969516             0.65     0.2902868897
v     0.1607459136             0.65     0.2934660145
v      0.160127272             0.65      0.296454926
v     0.1616786635             0.65     0.2989120006
v     0.1650562669             0.65     0.3003206562
v     0.1693521276             0.65     0.3012603303
v     0.1746095081             0.65     0.3018987855
v     0.1809389494             0.65     0.3023157022
v     0.1884768794             0.65     0.3025556021
v     0.1973575812             0.65     0.3026668701
v     0.2077001394             0.65     0.3026990084
v     0.2195893073             0.65     0.3026864639
v     0.2330541994             0.65     0.3026554003
v     0.2480487481             0.65     0.3026360913
v     0.2644363747             0.65     0.3026517812
v     0.2819831451             0.65     0.3027367971
v     0.3003633044             0.65     0.3029110904
v     0.3191790437             0.65     0.3031912079
v     0.3379927707             0.65     0.3035838628
v     0.3563668935             0.65     0.3040865235
v     0.3739036053             0.65     0.3046865713
v     0.3902772138             0.65      0.305364237
v     0.4052541132             0.65     0.3060923619
v     0.4186976195             0.65     0.3068512558
v      0.430562269             0.65     0.3076147717
v     0.4408775408             0.65     0.3083652352
v     0.4497293027             0.65     0.3090864648
v     0.4572393236             0.65      0.309774783
v     0.4635496191             0.65     0.3104243156
v     0.4688083647             0.65     0.3110312993
v      0.473160582             0.65     0.3115906576
v     0.4767417484             0.65     0.3121006931
v     0.4685649042     0.6500149069     0.3104377001
v      0.463227231     0.6500268487     0.3093141826
v     0.4568390852     0.6500438485     0.3079297929
v     0.4492535134     0.6500669227     0.3062444437
v     0.4403288334     0.6500970185     0.3042240122
v     0.4299423358     0.6501348352     0.3018422108
v     0.4180059073     0.6501809438     0.2990909137
v     0.4044843292     0.6502353152     0.2959894089
v     0.3894124079     0.6502971443     0.2925989836
v     0.3729098361     0.6503643168     0.2890312363
v      0.355196054     0.6504344092     0.2854183015
v     0.3365865324     0.6505045081     0.2819061914
v     0.3174695205     0.6505707879     0.2786736066
v     0.2982811838     0.6506293813     0.2758911407
v     0.2794662144     0.6506764191     0.2737203665
v     0.2614401795     0.6507080251      0.272313054
v     0.2445626856     0.6507210997     0.2717831524
v     0.2291153261     0.6507154565     0.2721019619
v     0.2152798857     0.6506933509     0.2731446878
v     0.2031342388     0.6506578724     0.2747425907
v     0.1926705513     0.6506115599     0.2767546759
v     0.1838231986     0.6505558185     0.2790798435
v     0.1764901891     0.6504912702     0.2816355679
v     0.1705659184     0.6504175805     0.2843790812
v     0.1659913452     0.6503329452     0.2873237922
v     0.1627281301     0.6502362199     0.2904194865
v       0.16075824     0.6501266259     0.2935379836
v     0.1616663371     0.6501266259     0.2988400316
v     0.1650250884     0.6502362199     0.3001880594
v     0.1693071199     0.6503329452     0.3010736917
v     0.1745553562     0.6504175805      0.301664161
v     0.1808793714     0.6504912702     0.3020387531
v     0.1884145571     0.6505558185      0.302241214
v     0.1972948124     0.6506115599     0.3023198531
v     0.2076389927     0.6506578724     0.3023246151
v     0.2195315954     0.6506933509     0.3022908394
v     0.2330014498     0.6507154565     0.3022462276
v     0.2480020626     0.6507210997     0.3022229077
v     0.2643962496     0.6507080251      0.302245484
v     0.2819494383     0.6506764191     0.3023482081
v     0.3003354206     0.6506293813     0.3025492383
v     0.3191561497     0.6505707879     0.3028628673
v     0.3379739383     0.6505045081     0.3032935547
v     0.3563512136     0.6504344092      0.303836518
v     0.3738902967     0.6503643168     0.3044769145
v     0.3902656323     0.6502971443     0.3051932843
v     0.4052438043     0.6502353152     0.3059570628
v      0.418688356     0.6501809438     0.3067473291
v     0.4305539668     0.6501348352     0.3075374654
v     0.4408701925     0.6500970185     0.3083097758
v     0.4497229309     0.6500669227     0.3090484044
v     0.4572339636     0.6500438485     0.3097500748
v     0.4635453017     0.6500268487     0.3104094486
v     0.4688051043     0.6500149069     0.3110233498
v     0.4730031413     0.6500135979     0.3113432152
v     0.4685741903     0.6500285952     0.3104603411
v     0.4632395275     0.6500515024     0.3093565252
v     0.4568543511     0.6500841122     0.3080001643
v     0.4492716609     0.6501283742     0.3063528438
v     0.4403497622     0.6501861053     0.3043819663
v     0.4299659813     0.6502586471     0.3020623873
v     0.4180322905     0.6503470948     0.2993869079
v     0.4045136903     0.6504513925     0.2963747548
v     0.3894453932      0.650569996     0.2930858747
v     0.3729477404     0.6506988494     0.2896283606
v     0.3552407121      0.650833304      0.286130343
v      0.336640169     0.6509677708      0.282733019
v     0.3175347249     0.6510949118     0.2796087545
v     0.2983605999     0.6512073084      0.276921733
v     0.2795622149     0.6512975385     0.2748271084
v     0.2615544601     0.6513581667     0.2734702308
v     0.2446956507     0.6513832469     0.2729599422
v     0.2292655622     0.6513724219     0.2732673282
v     0.2154442553     0.6513300178     0.2742714674
v     0.2033083909     0.6512619614     0.2758089017
v     0.1928493235     0.6511731227     0.2777430163
v     0.1840006988     0.6510661968     0.2799752536
v     0.1766598733     0.6509423773     0.2824243476
v     0.1707201486     0.6508010223      0.285047316
v     0.1661195319     0.6506386709     0.2878553583
v     0.1628169297     0.6504531279     0.2907971359
v     0.1607933467     0.6502428997     0.2937429588
v     0.1616312304     0.6502428997     0.2986350564
v     0.1649362888     0.6504531279       0.29981041
v     0.1691789332     0.6506386709     0.3005421256
v      0.174401126     0.6508010223     0.3009959261
v     0.1807096872     0.6509423773     0.3012499735
v     0.1882370569     0.6510661968     0.3013458039
v     0.1971160401     0.6511731227     0.3013315127
v     0.2074648406     0.6512619614     0.3012583041
v     0.2193672258     0.6513300178     0.3011640599
v     0.2328512137     0.6513724219     0.3010808613
v     0.2478690975     0.6513832469     0.3010461179
v      0.264281969     0.6513581667     0.3010883072
v     0.2818534378     0.6512975385     0.3012414662
v     0.3002560045     0.6512073084      0.301518646
v     0.3190909452     0.6510949118     0.3019277193
v     0.3379203017     0.6509677708      0.302466727
v     0.3563065555      0.650833304     0.3031244765
v     0.3738523924     0.6506988494     0.3038797902
v      0.390232647      0.650569996     0.3047063932
v     0.4052144432     0.6504513925     0.3055717169
v     0.4186619728     0.6503470948     0.3064513349
v     0.4305303214     0.6502586471     0.3073172889
v     0.4408492638     0.6501861053     0.3081518217
v     0.4497047834     0.6501283742     0.3089400043
v     0.4572186978     0.6500841122     0.3096797034
v     0.4635330052     0.6500515024      0.310367106
v     0.4687958182     0.6500285952     0.3110007088
v     0.4731521467     0.6500135979     0.3115774003
v     0.4730129362     0.6500193412     0.3113586095
v     0.4685887591      0.650040673     0.3104958623
v     0.4632588194     0.6500732556      0.309422956
v     0.4568783016     0.6501196389     0.3081105694
v     0.4493001324      0.650182596     0.3065229117
v     0.4403825971     0.6502647113     0.3046297791
v     0.4300030784     0.6503678927       0.30240782
v     0.4180736829     0.6504936984     0.2998512905
v     0.4045597545     0.6506420486     0.2969793202
v     0.3894971436     0.6508107471     0.2938497535
v      0.373007208     0.6509940248     0.2905651832
v     0.3553107756     0.6511852693     0.2872474582
v      0.336724319     0.6513765313     0.2840302211
v     0.3176370236     0.6515573733     0.2810758994
v      0.298485195     0.6517172432     0.2785386195
v     0.2797128293     0.6518455841     0.2765634653
v     0.2617337538       0.65193182     0.2752857146
v     0.2449042583     0.6519674934     0.2748061966
v     0.2295012662     0.6519520962     0.2750956604
v     0.2157021331     0.6518917818     0.2760392612
v     0.2035816166     0.6517949802     0.2774818269
v     0.1931297976     0.6516686183     0.2792936143
v     0.1842791773     0.6515165298     0.2813800541
v     0.1769260892     0.6513404124     0.2836618566
v     0.1709621189     0.6511393527     0.2860957034
v     0.1663206427     0.6509084284     0.2886893273
v     0.1629562465     0.6506445171     0.2913896266
v     0.1608484253      0.650345494     0.2940645425
v     0.1615761518      0.650345494     0.2983134727
v      0.164796972     0.6506445171     0.2992179193
v     0.1689778224     0.6509084284     0.2997081566
v     0.1741591556     0.6511393527     0.2999475387
v     0.1804434713     0.6513404124     0.3000124644
v     0.1879585784     0.6515165298     0.2999410034
v      0.196835566     0.6516686183     0.2997809147
v     0.2071916149     0.6517949802     0.2995853789
v      0.219109348     0.6518917818      0.299396266
v     0.2326155097     0.6519520962     0.2992525291
v     0.2476604899     0.6519674934     0.2991998634
v     0.2641026753       0.65193182     0.2992728234
v     0.2817028234     0.6518455841     0.2995051092
v     0.3001314094     0.6517172432     0.2999017594
v     0.3189886466     0.6515573733     0.3004605745
v     0.3378361517     0.6513765313     0.3011695249
v     0.3562364919     0.6511852693     0.3020073612
v     0.3737929248     0.6509940248     0.3029429676
v     0.3901808966     0.6508107471     0.3039425144
v      0.405168379     0.6506420486     0.3049671514
v     0.4186205804     0.6504936984     0.3059869523
v     0.4304932243     0.6503678927     0.3069718562
v     0.4408164289     0.6502647113     0.3079040089
v     0.4496763119      0.650182596     0.3087699364
v     0.4571947473     0.6501196389     0.3095692983
v     0.4635137134     0.6500732556     0.3103006752
v     0.4687812494      0.650040673     0.3109651875
v     0.4731423518     0.6500193412     0.3115620061
v     0.4766728357     0.6500084995     0.3120452713
v     0.4730257834     0.6500241325     0.3113788008
v     0.4686078677     0.6500507488     0.3105424526
v     0.4632841229     0.6500914029     0.3095100879
v     0.4569097154     0.6501492765     0.3082553785
v      0.449337476     0.6502278296     0.3067459755
v     0.4404256639     0.6503302869     0.3049548143
v     0.4300517355      0.650459029     0.3028608953
v     0.4181279738     0.6506159999     0.3004603822
v     0.4046201731     0.6508011003     0.2977722782
v     0.3895650203     0.6510115896     0.2948516694
v     0.3730852067     0.6512402698     0.2917939351
v     0.3554026722     0.6514788904     0.2887126848
v     0.3368346914     0.6517175329     0.2857316526
v     0.3177712002      0.651943174     0.2830002306
v     0.2986486159     0.6521426477     0.2806593544
v     0.2799103775     0.6523027819     0.2788408995
v     0.2619689184     0.6524103806     0.2776669328
v     0.2451778715     0.6524548912     0.2772277742
v     0.2298104195     0.6524356797     0.2774937308
v     0.2160403699     0.6523604238     0.2783579286
v     0.2039399838     0.6522396421     0.2796760631
v      0.193497672     0.6520819772     0.2813274039
v     0.1846444342     0.6518922126     0.2832226135
v     0.1772752623     0.6516724663     0.2852849937
v     0.1712794911     0.6514215992     0.2874707855
v     0.1665844229     0.6511334691     0.2897831747
v     0.1631389767     0.6508041802     0.2921667471
v     0.1609206672     0.6504310816      0.294486337
v     0.1615039099     0.6504310816     0.2978916782
v     0.1646142418     0.6508041802     0.2984407988
v     0.1687140422     0.6511334691     0.2986143092
v     0.1738417834     0.6514215992     0.2985724567
v     0.1800942982     0.6516724663     0.2983893274
v     0.1875933215     0.6518922126      0.298098444
v     0.1964676916     0.6520819772     0.2977471251
v     0.2068332477     0.6522396421     0.2973911427
v     0.2187711112     0.6523604238     0.2970775987
v     0.2323063564     0.6524356797     0.2968544587
v     0.2473868767     0.6524548912     0.2967782859
v     0.2638675106     0.6524103806     0.2968916051
v     0.2815052752     0.6523027819     0.2972276751
v     0.2999679885     0.6521426477     0.2977810245
v     0.3188544699      0.651943174     0.2985362433
v     0.3377257793     0.6517175329     0.2994680934
v     0.3561445954     0.6514788904     0.3005421346
v     0.3737149261     0.6512402698     0.3017142157
v     0.3901130199     0.6510115896     0.3029405985
v     0.4051079604     0.6508011003     0.3041741934
v     0.4185662895     0.6506159999     0.3053778606
v     0.4304445671      0.650459029     0.3065187809
v     0.4407733621     0.6503302869     0.3075789737
v     0.4496389683     0.6502278296     0.3085468726
v     0.4571633335     0.6501492765     0.3094244892
v     0.4634884098     0.6500914029     0.3102135433
v     0.4687621408     0.6500507488     0.3109185973
v     0.4731295046     0.6500241325     0.3115418147
v     0.4767258608     0.6500084995     0.3120879158
v     0.4730411834     0.6500277855     0.3114030043
v     0.4686307734     0.6500584307     0.3105983006
v     0.4633144544     0.6501052387     0.3096145333
v     0.4569473713     0.6501718727      0.308428962
v       0.44938224     0.6502623165     0.3070133634
v     0.4404772883      0.650380283      0.305344436
v     0.4301100611      0.650528513     0.3034039993
v     0.4181930527     0.6507092449      0.301190504
v     0.4046925973     0.6509223641     0.2987228016
v     0.3896463844     0.6511647156     0.2960526719
v     0.3731787042     0.6514280115     0.2932668472
v     0.3555128291     0.6517027525     0.2904690605
v     0.3369669956     0.6519775186     0.2877711685
v     0.3179320385     0.6522373154     0.2853069376
v     0.2988445095     0.6524669838     0.2832014917
v     0.2801471797     0.6526513577     0.2815708731
v     0.2622508116     0.6527752438      0.280521313
v     0.2455058532      0.652826492     0.2801305333
v     0.2301810033     0.6528043725     0.2803683118
v     0.2164458163      0.652717725     0.2811373286
v     0.2043695607     0.6525786604     0.2823063067
v     0.1939386452     0.6523971295     0.2837653194
v     0.1850822698     0.6521786398        0.2854313
v     0.1776938182     0.6519256303     0.2872306575
v     0.1716599271     0.6516367889     0.2891191043
v     0.1669006178     0.6513050441      0.291094376
v     0.1633580164     0.6509259103     0.2930982859
v     0.1610072641     0.6504963351     0.2949919445
v      0.161417313     0.6504963351     0.2973860707
v      0.164395202     0.6509259103       0.29750926
v     0.1683978473     0.6513050441     0.2973031079
v     0.1734613475     0.6516367889     0.2969241378
v     0.1796757423     0.6519256303     0.2964436635
v      0.187155486     0.6521786398     0.2958897575
v     0.1960267184     0.6523971295     0.2953092096
v     0.2064036708     0.6525786604     0.2947608991
v     0.2183656648      0.652717725     0.2942981986
v     0.2319357726     0.6528043725     0.2939798777
v      0.247058895      0.652826492     0.2938755267
v     0.2635856175     0.6527752438      0.294037225
v      0.281268473     0.6526513577     0.2944977015
v     0.2997720949     0.6524669838     0.2952388873
v     0.3186936316     0.6522373154     0.2962295363
v     0.3375934751     0.6519775186     0.2974285775
v     0.3560344385     0.6517027525     0.2987857589
v     0.3736214286     0.6514280115     0.3002413036
v     0.3900316558     0.6511647156      0.301739596
v     0.4050355363     0.6509223641     0.3032236701
v     0.4185012107     0.6507092449     0.3046477388
v     0.4303862415      0.650528513     0.3059756769
v     0.4407217376      0.650380283      0.307189352
v     0.4495942043     0.6502623165     0.3082794847
v     0.4571256776     0.6501718727     0.3092509057
v     0.4634580784     0.6501052387     0.3101090979
v     0.4687392351     0.6500584307     0.3108627493
v     0.4731141046     0.6500277855     0.3115176113
v     0.4766896312     0.6500106062     0.3120587788
v     0.4730586367     0.6500301139     0.3114304349
v     0.4686567332     0.6500633271     0.3106615952
v     0.4633488301     0.6501140575      0.309732905
v     0.4569900481     0.6501862754     0.3086256904
v     0.4494329727     0.6502842983     0.3073164036
v     0.4405357961     0.6504121502     0.3057860079
v     0.4301761636     0.6505728016     0.3040195182
v     0.4182668088     0.6507686785     0.3020179768
v     0.4047746781     0.6509996569     0.2998000631
v     0.3897385973      0.651262317     0.2974138102
v     0.3732846682     0.6515476767     0.2949361503
v     0.3556376739     0.6518454406     0.2924596229
v     0.3371169405     0.6521432317     0.2900826236
v     0.3181143222     0.6524247991     0.2879212099
v     0.2990665227     0.6526737133     0.2860825853
v     0.2804155559     0.6528735375     0.2846648483
v     0.2625702911     0.6530078051     0.2837562825
v     0.2458775664     0.6530633479     0.2834203324
v      0.230600999     0.6530393748     0.2836261757
v     0.2169053229     0.6529454663     0.2842873206
v     0.2048564153     0.6527947483     0.2852872545
v     0.1944384156     0.6525980054     0.2865282949
v     0.1855784842     0.6523612066     0.2879344823
v     0.1781681824     0.6520869952     0.2894357469
v     0.1720910885     0.6517739494     0.2909872022
v     0.1672589726     0.6514144049     0.2925804066
v     0.1636062619     0.6510035002     0.2941540317
v     0.1611054073     0.6505379272     0.2955649673
v     0.1613191697     0.6505379272     0.2968130479
v     0.1641469566     0.6510035002     0.2964535142
v     0.1680394925     0.6514144049     0.2958170773
v      0.173030186     0.6517739494       0.29505604
v     0.1792013781     0.6520869952     0.2942385741
v     0.1866592715     0.6523612066     0.2933865752
v      0.195526948     0.6525980054     0.2925462341
v     0.2059168162     0.6527947483     0.2917799514
v     0.2179061582     0.6529454663     0.2911482067
v     0.2315157769     0.6530393748     0.2907220138
v     0.2466871818     0.6530633479     0.2905857276
v      0.263266138     0.6530078051     0.2908022554
v     0.2810000968     0.6528735375     0.2914037263
v     0.2995500817     0.6526737133     0.2923577936
v     0.3185113479     0.6524247991      0.293615264
v     0.3374435302     0.6521432317     0.2951171224
v     0.3559095937     0.6518454406     0.2967951965
v     0.3735154646     0.6515476767     0.2985720005
v     0.3899394429      0.651262317     0.3003784576
v     0.4049534554     0.6509996569     0.3021464085
v     0.4184274545     0.6507686785      0.303820266
v      0.430320139     0.6505728016      0.305360158
v     0.4406632298     0.6504121502     0.3067477801
v     0.4495434716     0.6502842983     0.3079764445
v     0.4570830008     0.6501862754     0.3090541774
v     0.4634237027     0.6501140575     0.3099907262
v     0.4687132753     0.6500633271     0.3107994547
v     0.4730966513     0.6500301139     0.3114901806
v     0.4767090652     0.6500106062     0.3120744083
v      0.473077644     0.6500309314     0.3114603078
v     0.4686850043     0.6500650463     0.3107305249
v     0.4633862664     0.6501171539     0.3098618156
v     0.4570365244     0.6501913323     0.3088399339
v     0.4494882222     0.6502920163      0.307646424
v      0.440599513     0.6504233391      0.306266894
v     0.4302481513     0.6505883518     0.3046898381
v     0.4183471317     0.6507895463     0.3029191214
v     0.4048640668     0.6510267952     0.3009732358
v     0.3898390201     0.6512965859     0.2988961339
v     0.3734000664     0.6515896925     0.2967540754
v     0.3557736338     0.6518955399     0.2946274097
v     0.3372802353     0.6522014154      0.292599873
v     0.3183128351     0.6524906266     0.2907682369
v     0.2993083022     0.6527462983     0.2892201895
v     0.2807078263     0.6529515473     0.2880342873
v     0.2629182145     0.6530894599      0.287279269
v     0.2462823741     0.6531465105       0.28700303
v      0.231058388     0.6531218866     0.2871740948
v     0.2174057406     0.6530254288     0.2877177636
v     0.2053866157      0.652870619     0.2885336029
v     0.1949826818      0.652668535     0.2895372645
v     0.1861188779     0.6524253078     0.2906605288
v     0.1786847803     0.6521436522     0.2918371605
v     0.1725606373     0.6518221079     0.2930216211
v     0.1676492325     0.6514528026      0.294198742
v     0.1638766092     0.6510307428     0.2953037729
v     0.1612122885     0.6505525307     0.2961890076
v     0.4796726883   -0.04642857143     0.3125607133
v     0.4766569481   -0.04642857143     0.3120324939
v      0.472994706   -0.04642857143     0.3113299579
v     0.4685616438   -0.04642857143     0.3104297506
v     0.4632229136   -0.04642857143     0.3092993156
v     0.4568337252   -0.04642857143     0.3079050847
v     0.4492471416   -0.04642857143     0.3062063833
v     0.4403214851   -0.04642857143     0.3041685528
v     0.4299340337   -0.04642857143     0.3017649045
v     0.4179966438   -0.04642857143     0.2989869869
v     0.4044740203   -0.04642857143     0.2958541098
v     0.3894008264   -0.04642857143     0.2924280309
v     0.3728965275   -0.04642857143     0.2888215795
v     0.3551803741   -0.04642857143      0.285168296
v        0.3365677   -0.04642857143     0.2816158833
v     0.3174466265   -0.04642857143      0.278345266
v        0.2982533   -0.04642857143     0.2755292886
v     0.2794325076   -0.04642857143     0.2733317775
v     0.2614000543   -0.04642857143     0.2719067567
v     0.2445160002   -0.04642857143     0.2713699688
v     0.2290625765   -0.04642857143     0.2716927892
v     0.2152221738   -0.04642857143     0.2727490633
v     0.2030730921   -0.04642857143     0.2743681974
v     0.1926077824   -0.04642857143      0.276407659
v     0.1837608763   -0.04642857143     0.2787654554
v     0.1764306111   -0.04642857143     0.2813586188
v     0.1705117665   -0.04642857143     0.2841444567
v     0.1659463375   -0.04642857143     0.2871371536
v     0.1626969516   -0.04642857143     0.2902868897
v     0.1607459136   -0.04642857143     0.2934660145
v      0.160127272   -0.04642857143      0.296454926
v     0.1616786635   -0.04642857143     0.2989120006
v     0.1650562669   -0.04642857143     0.3003206562
v     0.1693521276   -0.04642857143     0.3012603303
v     0.1746095081   -0.04642857143     0.3018987855
v     0.1809389494   -0.04642857143     0.3023157022
v     0.1884768794   -0.04642857143     0.3025556021
v     0.1973575812   -0.04642857143     0.3026668701
v     0.2077001394   -0.04642857143     0.3026990084
v     0.2195893073   -0.04642857143     0.3026864639
v     0.2330541994   -0.04642857143     0.3026554003
v     0.2480487481   -0.04642857143     0.3026360913
v     0.2644363747   -0.04642857143     0.3026517812
v     0.2819831451   -0.04642857143     0.3027367971
v     0.3003633044   -0.04642857143     0.3029110904
v     0.3191790437   -0.04642857143     0.3031912079
v     0.3379927707   -0.04642857143     0.3035838628
v     0.3563668935   -0.04642857143     0.3040865235
v     0.3739036053   -0.04642857143     0.3046865713
v     0.3902772138   -0.04642857143      0.305364237
v     0.4052541132   -0.04642857143     0.3060923619
v     0.4186976195   -0.04642857143     0.3068512558
v      0.430562269   -0.04642857143     0.3076147717
v     0.4408775408   -0.04642857143     0.3083652352
v     0.4497293027   -0.04642857143     0.3090864648
v     0.4572393236   -0.04642857143      0.309774783
v     0.4635496191   -0.04642857143     0.3104243156
v     0.4688083647   -0.04642857143     0.3110312993
v      0.473160582   -0.04642857143     0.3115906576
v     0.4767417484   -0.04642857143     0.3121006931
v     0.4796726883   -0.09285714286     0.3125607133
v     0.4766569481   -0.09285714286     0.3120324939
v      0.472994706   -0.09285714286     0.3113299579
v     0.4685616438   -0.09285714286     0.3104297506
v     0.4632229136   -0.09285714286     0.3092993156
v     0.4568337252   -0.09285714286     0.3079050847
v     0.4492471416   -0.09285714286     0.3062063833
v     0.4403214851   -0.09285714286     0.3041685528
v     0.4299340337   -0.09285714286     0.3017649045
v     0.4179966438   -0.09285714286     0.2989869869
v     0.4044740203   -0.09285714286     0.2958541098
v     0.3894008264   -0.09285714286     0.2924280309
v     0.3728965275   -0.09285714286     0.2888215795
v     0.3551803741   -0.09285714286      0.285168296
v        0.3365677   -0.09285714286     0.2816158833
v     0.3174466265   -0.09285714286      0.278345266
v        0.2982533   -0.09285714286     0.2755292886
v     0.2794325076   -0.09285714286     0.2733317775
v     0.2614000543   -0.09285714286     0.2719067567
v     0.2445160002   -0.09285714286     0.2713699688
v     0.2290625765   -0.09285714286     0.2716927892
v     0.2152221738   -0.09285714286     0.2727490633
v     0.2030730921   -0.09285714286     0.2743681974
v     0.1926077824   -0.09285714286      0.276407659
v     0.1837608763   -0.09285714286     0.2787654554
v     0.1764306111   -0.09285714286     0.2813586188
v     0.1705117665   -0.09285714286     0.2841444567
v     0.1659463375   -0.09285714286     0.2871371536
v     0.1626969516   -0.09285714286     0.2902868897
v     0.1607459136   -0.09285714286     0.2934660145
v      0.160127272   -0.09285714286      0.296454926
v     0.1616786635   -0.09285714286     0.2989120006
v     0.1650562669   -0.09285714286     0.3003206562
v     0.1693521276   -0.09285714286     0.3012603303
v     0.1746095081   -0.09285714286     0.3018987855
v     0.1809389494   -0.09285714286     0.3023157022
v     0.1884768794   -0.09285714286     0.3025556021
v     0.1973575812   -0.09285714286     0.3026668701
v     0.2077001394   -0.09285714286     0.3026990084
v     0.2195893073   -0.09285714286     0.3026864639
v     0.2330541994   -0.09285714286     0.3026554003
v     0.2480487481   -0.09285714286     0.3026360913
v     0.2644363747   -0.09285714286     0.3026517812
v     0.2819831451   -0.09285714286     0.3027367971
v     0.3003633044   -0.09285714286     0.3029110904
v     0.3191790437   -0.09285714286     0.3031912079
v     0.3379927707   -0.09285714286     0.3035838628
v     0.3563668935   -0.09285714286     0.3040865235
v     0.3739036053   -0.09285714286     0.3046865713
v     0.3902772138   -0.09285714286      0.305364237
v     0.4052541132   -0.09285714286     0.3060923619
v     0.4186976195   -0.09285714286     0.3068512558
v      0.430562269   -0.09285714286     0.3076147717
v     0.4408775408   -0.09285714286     0.3083652352
v     0.4497293027   -0.09285714286     0.3090864648
v     0.4572393236   -0.09285714286      0.309774783
v     0.4635496191   -0.09285714286     0.3104243156
v     0.4688083647   -0.09285714286     0.3110312993
v      0.473160582   -0.09285714286     0.3115906576
v     0.4767417484   -0.09285714286     0.3121006931
v     0.4796726883    -0.1392857143     0.3125607133
v     0.4766569481    -0.1392857143     0.3120324939
v      0.472994706    -0.1392857143     0.3113299579
v     0.4685616438    -0.1392857143     0.3104297506
v     0.4632229136    -0.1392857143     0.3092993156
v     0.4568337252    -0.1392857143     0.3079050847
v     0.4492471416    -0.1392857143     0.3062063833
v     0.4403214851    -0.1392857143     0.3041685528
v     0.4299340337    -0.1392857143     0.3017649045
v     0.4179966438    -0.1392857143     0.2989869869
v     0.4044740203    -0.1392857143     0.2958541098
v     0.3894008264    -0.1392857143     0.2924280309
v     0.3728965275    -0.1392857143     0.2888215795
v     0.3551803741    -0.1392857143      0.285168296
v        0.3365677    -0.1392857143     0.2816158833
v     0.3174466265    -0.1392857143      0.278345266
v        0.2982533    -0.1392857143     0.2755292886
v     0.2794325076    -0.1392857143     0.2733317775
v     0.2614000543    -0.1392857143     0.2719067567
v     0.2445160002    -0.1392857143     0.2713699688
v     0.2290625765    -0.1392857143     0.2716927892
v     0.2152221738    -0.1392857143     0.2727490633
v     0.2030730921    -0.1392857143     0.2743681974
v     0.1926077824    -0.1392857143      0.276407659
v     0.1837608763    -0.1392857143     0.2787654554
v     0.1764306111    -0.1392857143     0.2813586188
v     0.1705117665    -0.1392857143     0.2841444567
v     0.1659463375    -0.1392857143     0.2871371536
v     0.1626969516    -0.1392857143     0.2902868897
v     0.1607459136    -0.1392857143     0.2934660145
v      0.160127272    -0.1392857143      0.296454926
v     0.1616786635    -0.1392857143     0.2989120006
v     0.1650562669    -0.1392857143     0.3003206562
v     0.1693521276    -0.1392857143     0.3012603303
v     0.1746095081    -0.1392857143     0.3018987855
v     0.1809389494    -0.1392857143     0.3023157022
v     0.1884768794    -0.1392857143     0.3025556021
v     0.1973575812    -0.1392857143     0.3026668701
v     0.2077001394    -0.1392857143     0.3026990084
v     0.2195893073    -0.1392857143     0.3026864639
v     0.2330541994    -0.1392857143     0.3026554003
v     0.2480487481    -0.1392857143     0.3026360913
v     0.2644363747    -0.1392857143     0.3026517812
v     0.2819831451    -0.1392857143     0.3027367971
v     0.3003633044    -0.1392857143     0.3029110904
v     0.3191790437    -0.1392857143     0.3031912079
v     0.3379927707    -0.1392857143     0.3035838628
v     0.3563668935    -0.1392857143     0.3040865235
v     0.3739036053    -0.1392857143     0.3046865713
v     0.3902772138    -0.1392857143      0.305364237
v     0.4052541132    -0.1392857143     0.3060923619
v     0.4186976195    -0.1392857143     0.3068512558
v      0.430562269    -0.1392857143     0.3076147717
v     0.4408775408    -0.1392857143     0.3083652352
v     0.4497293027    -0.1392857143     0.3090864648
v     0.4572393236    -0.1392857143      0.309774783
v     0.4635496191    -0.1392857143     0.3104243156
v     0.4688083647    -0.1392857143     0.3110312993
v      0.473160582    -0.1392857143     0.3115906576
v     0.4767417484    -0.1392857143     0.3121006931
v     0.4796726883    -0.1857142857     0.3125607133
v     0.4766569481    -0.1857142857     0.3120324939
v      0.472994706    -0.1857142857     0.3113299579
v     0.4685616438    -0.1857142857     0.3104297506
v     0.4632229136    -0.1857142857     0.3092993156
v     0.4568337252    -0.1857142857     0.3079050847
v     0.4492471416    -0.1857142857     0.3062063833
v     0.4403214851    -0.1857142857     0.3041685528
v     0.4299340337    -0.1857142857     0.3017649045
v     0.4179966438    -0.1857142857     0.2989869869
v     0.4044740203    -0.1857142857     0.2958541098
v     0.3894008264    -0.1857142857     0.2924280309
v     0.3728965275    -0.1857142857     0.2888215795
v     0.3551803741    -0.1857142857      0.285168296
v        0.3365677    -0.1857142857     0.2816158833
v     0.3174466265    -0.1857142857      0.278345266
v        0.2982533    -0.1857142857     0.2755292886
v     0.2794325076    -0.1857142857     0.2733317775
v     0.2614000543    -0.1857142857     0.2719067567
v     0.2445160002    -0.1857142857     0.2713699688
v     0.2290625765    -0.1857142857     0.2716927892
v     0.2152221738    -0.1857142857     0.2727490633
v     0.2030730921    -0.1857142857     0.2743681974
v     0.1926077824    -0.1857142857      0.276407659
v     0.1837608763    -0.1857142857     0.2787654554
v     0.1764306111    -0.1857142857     0.2813586188
v     0.1705117665    -0.1857142857     0.2841444567
v     0.1659463375    -0.1857142857     0.2871371536
v     0.1626969516    -0.1857142857     0.2902868897
v     0.1607459136    -0.1857142857     0.2934660145
v      0.160127272    -0.1857142857      0.296454926
v     0.1616786635    -0.1857142857     0.2989120006
v     0.1650562669    -0.1857142857     0.3003206562
v     0.1693521276    -0.1857142857     0.3012603303
v     0.1746095081    -0.1857142857     0.3018987855
v     0.1809389494    -0.1857142857     0.3023157022
v     0.1884768794    -0.1857142857     0.3025556021
v     0.1973575812    -0.1857142857     0.3026668701
v     0.2077001394    -0.1857142857     0.3026990084
v     0.2195893073    -0.1857142857     0.3026864639
v     0.2330541994    -0.1857142857     0.3026554003
v     0.2480487481    -0.1857142857     0.3026360913
v     0.2644363747    -0.1857142857     0.3026517812
v     0.2819831451    -0.1857142857     0.3027367971
v     0.3003633044    -0.1857142857     0.3029110904
v     0.3191790437    -0.1857142857     0.3031912079
v     0.3379927707    -0.1857142857     0.3035838628
v     0.3563668935    -0.1857142857     0.3040865235
v     0.3739036053    -0.1857142857     0.3046865713
v     0.3902772138    -0.1857142857      0.305364237
v     0.4052541132    -0.1857142857     0.3060923619
v     0.4186976195    -0.1857142857     0.3068512558
v      0.430562269    -0.1857142857     0.3076147717
v     0.4408775408    -0.1857142857     0.3083652352
v     0.4497293027    -0.1857142857     0.3090864648
v     0.4572393236    -0.1857142857      0.309774783
v     0.4635496191    -0.1857142857     0.3104243156
v     0.4688083647    -0.1857142857     0.3110312993
v      0.473160582    -0.1857142857     0.3115906576
v     0.4767417484    -0.1857142857     0.3121006931
v     0.4796726883    -0.2321428571     0.3125607133
v     0.4766569481    -0.2321428571     0.3120324939
v      0.472994706    -0.2321428571     0.3113299579
v     0.4685616438    -0.2321428571     0.3104297506
v     0.4632229136    -0.2321428571     0.3092993156
v     0.4568337252    -0.2321428571     0.3079050847
v     0.4492471416    -0.2321428571     0.3062063833
v     0.4403214851    -0.2321428571     0.3041685528
v     0.4299340337    -0.2321428571     0.3017649045
v     0.4179966438    -0.2321428571     0.2989869869
v     0.4044740203    -0.2321428571     0.2958541098
v     0.3894008264    -0.2321428571     0.2924280309
v     0.3728965275    -0.2321428571     0.2888215795
v     0.3551803741    -0.2321428571      0.285168296
v        0.3365677    -0.2321428571     0.2816158833
v     0.3174466265    -0.2321428571      0.278345266
v        0.2982533    -0.2321428571     0.2755292886
v     0.2794325076    -0.2321428571     0.2733317775
v     0.2614000543    -0.2321428571     0.2719067567
v     0.2445160002    -0.2321428571     0.2713699688
v     0.2290625765    -0.2321428571     0.2716927892
v     0.2152221738    -0.2321428571     0.2727490633
v     0.2030730921    -0.2321428571     0.2743681974
v     0.1926077824    -0.2321428571      0.276407659
v     0.1837608763    -0.2321428571     0.2787654554
v     0.1764306111    -0.2321428571     0.2813586188
v     0.1705117665    -0.2321428571     0.2841444567
v     0.1659463375    -0.2321428571     0.2871371536
v     0.1626969516    -0.2321428571     0.2902868897
v     0.1607459136    -0.2321428571     0.2934660145
v      0.160127272    -0.2321428571      0.296454926
v     0.1616786635    -0.2321428571     0.2989120006
v     0.1650562669    -0.2321428571     0.3003206562
v     0.1693521276    -0.2321428571     0.3012603303
v     0.1746095081    -0.2321428571     0.3018987855
v     0.1809389494    -0.2321428571     0.3023157022
v     0.1884768794    -0.2321428571     0.3025556021
v     0.1973575812    -0.2321428571     0.3026668701
v     0.2077001394    -0.2321428571     0.3026990084
v     0.2195893073    -0.2321428571     0.3026864639
v     0.2330541994    -0.2321428571     0.3026554003
v     0.2480487481    -0.2321428571     0.3026360913
v     0.2644363747    -0.2321428571     0.3026517812
v     0.2819831451    -0.2321428571     0.3027367971
v     0.3003633044    -0.2321428571     0.3029110904
v     0.3191790437    -0.2321428571     0.3031912079
v     0.3379927707    -0.2321428571     0.3035838628
v     0.3563668935    -0.2321428571     0.3040865235
v     0.3739036053    -0.2321428571     0.3046865713
v     0.3902772138    -0.2321428571      0.305364237
v     0.4052541132    -0.2321428571     0.3060923619
v     0.4186976195    -0.2321428571     0.3068512558
v      0.430562269    -0.2321428571     0.3076147717
v     0.4408775408    -0.2321428571     0.3083652352
v     0.4497293027    -0.2321428571     0.3090864648
v     0.4572393236    -0.2321428571      0.309774783
v     0.4635496191    -0.2321428571     0.3104243156
v     0.4688083647    -0.2321428571     0.3110312993
v      0.473160582    -0.2321428571     0.3115906576
v     0.4767417484    -0.2321428571     0.3121006931
v     0.4796726883    -0.2785714286     0.3125607133
v     0.4766569481    -0.2785714286     0.3120324939
v      0.472994706    -0.2785714286     0.3113299579
v     0.4685616438    -0.2785714286     0.3104297506
v     0.4632229136    -0.2785714286     0.3092993156
v     0.4568337252    -0.2785714286     0.3079050847
v     0.4492471416    -0.2785714286     0.3062063833
v     0.4403214851    -0.2785714286     0.3041685528
v     0.4299340337    -0.2785714286     0.3017649045
v     0.4179966438    -0.2785714286     0.2989869869
v     0.4044740203    -0.2785714286     0.2958541098
v     0.3894008264    -0.2785714286     0.2924280309
v     0.3728965275    -0.2785714286     0.2888215795
v     0.3551803741    -0.2785714286      0.285168296
v        0.3365677    -0.2785714286     0.2816158833
v     0.3174466265    -0.2785714286      0.278345266
v        0.2982533    -0.2785714286     0.2755292886
v     0.2794325076    -0.2785714286     0.2733317775
v     0.2614000543    -0.2785714286     0.2719067567
v     0.2445160002    -0.2785714286     0.2713699688
v     0.2290625765    -0.2785714286     0.2716927892
v     0.2152221738    -0.2785714286     0.2727490633
v     0.2030730921    -0.2785714286     0.2743681974
v     0.1926077824    -0.2785714286      0.276407659
v     0.1837608763    -0.2785714286     0.2787654554
v     0.1764306111    -0.2785714286     0.2813586188
v     0.1705117665    -0.2785714286     0.2841444567
v     0.1659463375    -0.2785714286     0.2871371536
v     0.1626969516    -0.2785714286     0.2902868897
v     0.1607459136    -0.2785714286     0.2934660145
v      0.160127272    -0.2785714286      0.296454926
v     0.1616786635    -0.2785714286     0.2989120006
v     0.1650562669    -0.2785714286     0.3003206562
v     0.1693521276    -0.2785714286     0.3012603303
v     0.1746095081    -0.2785714286     0.3018987855
v     0.1809389494    -0.2785714286     0.3023157022
v     0.1884768794    -0.2785714286     0.3025556021
v     0.1973575812    -0.2785714286     0.3026668701
v     0.2077001394    -0.2785714286     0.3026990084
v     0.2195893073    -0.2785714286     0.3026864639
v     0.2330541994    -0.2785714286     0.3026554003
v     0.2480487481    -0.2785714286     0.3026360913
v     0.2644363747    -0.2785714286     0.3026517812
v     0.2819831451    -0.2785714286     0.3027367971
v     0.3003633044    -0.2785714286     0.3029110904
v     0.3191790437    -0.2785714286     0.3031912079
v     0.3379927707    -0.2785714286     0.3035838628
v     0.3563668935    -0.2785714286     0.3040865235
v     0.3739036053    -0.2785714286     0.3046865713
v     0.3902772138    -0.2785714286      0.305364237
v     0.4052541132    -0.2785714286     0.3060923619
v     0.4186976195    -0.2785714286     0.3068512558
v      0.430562269    -0.2785714286     0.3076147717
v     0.4408775408    -0.2785714286     0.3083652352
v     0.4497293027    -0.2785714286     0.3090864648
v     0.4572393236    -0.2785714286      0.309774783
v     0.4635496191    -0.2785714286     0.3104243156
v     0.4688083647    -0.2785714286     0.3110312993
v      0.473160582    -0.2785714286     0.3115906576
v     0.4767417484    -0.2785714286     0.3121006931
v     0.4796726883           -0.325     0.3125607133
v     0.4766569481           -0.325     0.3120324939
v      0.472994706           -0.325     0.3113299579
v     0.4685616438           -0.325     0.3104297506
v     0.4632229136           -0.325     0.3092993156
v     0.4568337252           -0.325     0.3079050847
v     0.4492471416           -0.325     0.3062063833
v     0.4403214851           -0.325     0.3041685528
v     0.4299340337           -0.325     0.3017649045
v     0.4179966438           -0.325     0.2989869869
v     0.4044740203           -0.325     0.2958541098
v     0.3894008264           -0.325     0.2924280309
v     0.3728965275           -0.325     0.2888215795
v     0.3551803741           -0.325      0.285168296
v        0.3365677           -0.325     0.2816158833
v     0.3174466265           -0.325      0.278345266
v        0.2982533           -0.325     0.2755292886
v     0.2794325076           -0.325     0.2733317775
v     0.2614000543           -0.325     0.2719067567
v     0.2445160002           -0.325     0.2713699688
v     0.2290625765           -0.325     0.2716927892
v     0.2152221738           -0.325     0.2727490633
v     0.2030730921           -0.325     0.2743681974
v     0.1926077824           -0.325      0.276407659
v     0.1837608763           -0.325     0.2787654554
v     0.1764306111           -0.325     0.2813586188
v     0.1705117665           -0.325     0.2841444567
v     0.1659463375           -0.325     0.2871371536
v     0.1626969516           -0.325     0.2902868897
v     0.1607459136           -0.325     0.2934660145
v      0.160127272           -0.325      0.296454926
v     0.1616786635           -0.325     0.2989120006
v     0.1650562669           -0.325     0.3003206562
v     0.1693521276           -0.325     0.3012603303
v     0.1746095081           -0.325     0.3018987855
v     0.1809389494           -0.325     0.3023157022
v     0.1884768794           -0.325     0.3025556021
v     0.1973575812           -0.325     0.3026668701
v     0.2077001394           -0.325     0.3026990084
v     0.2195893073           -0.325     0.3026864639
v     0.2330541994           -0.325     0.3026554003
v     0.2480487481           -0.325     0.3026360913
v     0.2644363747           -0.325     0.3026517812
v     0.2819831451           -0.325     0.3027367971
v     0.3003633044           -0.325     0.3029110904
v     0.3191790437           -0.325     0.3031912079
v     0.3379927707           -0.325     0.3035838628
v     0.3563668935           -0.325     0.3040865235
v     0.3739036053           -0.325     0.3046865713
v     0.3902772138           -0.325      0.305364237
v     0.4052541132           -0.325     0.3060923619
v     0.4186976195           -0.325     0.3068512558
v      0.430562269           -0.325     0.3076147717
v     0.4408775408           -0.325     0.3083652352
v     0.4497293027           -0.325     0.3090864648
v     0.4572393236           -0.325      0.309774783
v     0.4635496191           -0.325     0.3104243156
v     0.4688083647           -0.325     0.3110312993
v      0.473160582           -0.325     0.3115906576
v     0.4767417484           -0.325     0.3121006931
v     0.4796726883    -0.3714285714     0.3125607133
v     0.4766569481    -0.3714285714     0.3120324939
v      0.472994706    -0.3714285714     0.3113299579
v     0.4685616438    -0.3714285714     0.3104297506
v     0.4632229136    -0.3714285714     0.3092993156
v     0.4568337252    -0.3714285714     0.3079050847
v     0.4492471416    -0.3714285714     0.3062063833
v     0.4403214851    -0.3714285714     0.3041685528
v     0.4299340337    -0.3714285714     0.3017649045
v     0.4179966438    -0.3714285714     0.2989869869
v     0.4044740203    -0.3714285714     0.2958541098
v     0.3894008264    -0.3714285714     0.2924280309
v     0.3728965275    -0.3714285714     0.2888215795
v     0.3551803741    -0.3714285714      0.285168296
v        0.3365677    -0.3714285714     0.2816158833
v     0.3174466265    -0.3714285714      0.278345266
v        0.2982533    -0.3714285714     0.2755292886
v     0.2794325076    -0.3714285714     0.2733317775
v     0.2614000543    -0.3714285714     0.2719067567
v     0.2445160002    -0.3714285714     0.2713699688
v     0.2290625765    -0.3714285714     0.2716927892
v     0.2152221738    -0.3714285714     0.2727490633
v     0.2030730921    -0.3714285714     0.2743681974
v     0.1926077824    -0.3714285714      0.276407659
v     0.1837608763    -0.3714285714     0.2787654554
v     0.1764306111    -0.3714285714     0.2813586188
v     0.1705117665    -0.3714285714     0.2841444567
v     0.1659463375    -0.3714285714     0.2871371536
v     0.1626969516    -0.3714285714     0.2902868897
v     0.1607459136    -0.3714285714     0.2934660145
v      0.160127272    -0.3714285714      0.296454926
v     0.1616786635    -0.3714285714     0.2989120006
v     0.1650562669    -0.3714285714     0.3003206562
v     0.1693521276    -0.3714285714     0.3012603303
v     0.1746095081    -0.3714285714     0.3018987855
v     0.1809389494    -0.3714285714     0.3023157022
v     0.1884768794    -0.3714285714     0.3025556021
v     0.1973575812    -0.3714285714     0.3026668701
v     0.2077001394    -0.3714285714     0.3026990084
v     0.2195893073    -0.3714285714     0.3026864639
v     0.2330541994    -0.3714285714     0.3026554003
v     0.2480487481    -0.3714285714     0.3026360913
v     0.2644363747    -0.3714285714     0.3026517812
v     0.2819831451    -0.3714285714     0.3027367971
v     0.3003633044    -0.3714285714     0.3029110904
v     0.3191790437    -0.3714285714     0.3031912079
v     0.3379927707    -0.3714285714     0.3035838628
v     0.3563668935    -0.3714285714     0.3040865235
v     0.3739036053    -0.3714285714     0.3046865713
v     0.3902772138    -0.3714285714      0.305364237
v     0.4052541132    -0.3714285714     0.3060923619
v     0.4186976195    -0.3714285714     0.3068512558
v      0.430562269    -0.3714285714     0.3076147717
v     0.4408775408    -0.3714285714     0.3083652352
v     0.4497293027    -0.3714285714     0.3090864648
v     0.4572393236    -0.3714285714      0.309774783
v     0.4635496191    -0.3714285714     0.3104243156
v     0.4688083647    -0.3714285714     0.3110312993
v      0.473160582    -0.3714285714     0.3115906576
v     0.4767417484    -0.3714285714     0.3121006931
v     0.4796726883    -0.4178571429     0.3125607133
v     0.4766569481    -0.4178571429     0.3120324939
v      0.472994706    -0.4178571429     0.3113299579
v     0.4685616438    -0.4178571429     0.3104297506
v     0.4632229136    -0.4178571429     0.3092993156
v     0.4568337252    -0.4178571429     0.3079050847
v     0.4492471416    -0.4178571429     0.3062063833
v     0.4403214851    -0.4178571429     0.3041685528
v     0.4299340337    -0.4178571429     0.3017649045
v     0.4179966438    -0.4178571429     0.2989869869
v     0.4044740203    -0.4178571429     0.2958541098
v     0.3894008264    -0.4178571429     0.2924280309
v     0.3728965275    -0.4178571429     0.2888215795
v     0.3551803741    -0.4178571429      0.285168296
v        0.3365677    -0.4178571429     0.2816158833
v     0.3174466265    -0.4178571429      0.278345266
v        0.2982533    -0.4178571429     0.2755292886
v     0.2794325076    -0.4178571429     0.2733317775
v     0.2614000543    -0.4178571429     0.2719067567
v     0.2445160002    -0.4178571429     0.2713699688
v     0.2290625765    -0.4178571429     0.2716927892
v     0.2152221738    -0.4178571429     0.2727490633
v     0.2030730921    -0.4178571429     0.2743681974
v     0.1926077824    -0.4178571429      0.276407659
v     0.1837608763    -0.4178571429     0.2787654554
v     0.1764306111    -0.4178571429     0.2813586188
v     0.1705117665    -0.4178571429     0.2841444567
v     0.1659463375    -0.4178571429     0.2871371536
v     0.1626969516    -0.4178571429     0.2902868897
v     0.1607459136    -0.4178571429     0.2934660145
v      0.160127272    -0.4178571429      0.296454926
v     0.1616786635    -0.4178571429     0.2989120006
v     0.1650562669    -0.4178571429     0.3003206562
v     0.1693521276    -0.4178571429     0.3012603303
v     0.1746095081    -0.4178571429     0.3018987855
v     0.1809389494    -0.4178571429     0.3023157022
v     0.1884768794    -0.4178571429     0.3025556021
v     0.1973575812    -0.4178571429     0.3026668701
v     0.2077001394    -0.4178571429     0.3026990084
v     0.2195893073    -0.4178571429     0.3026864639
v     0.2330541994    -0.4178571429     0.3026554003
v     0.2480487481    -0.4178571429     0.3026360913
v     0.2644363747    -0.4178571429     0.3026517812
v     0.2819831451    -0.4178571429     0.3027367971
v     0.3003633044    -0.4178571429     0.3029110904
v     0.3191790437    -0.4178571429     0.3031912079
v     0.3379927707    -0.4178571429     0.3035838628
v     0.3563668935    -0.4178571429     0.3040865235
v     0.3739036053    -0.4178571429     0.3046865713
v     0.3902772138    -0.4178571429      0.305364237
v     0.4052541132    -0.4178571429     0.3060923619
v     0.4186976195    -0.4178571429     0.3068512558
v      0.430562269    -0.4178571429     0.3076147717
v     0.4408775408    -0.4178571429     0.3083652352
v     0.4497293027    -0.4178571429     0.3090864648
v     0.4572393236    -0.4178571429      0.309774783
v     0.4635496191    -0.4178571429     0.3104243156
v     0.4688083647    -0.4178571429     0.3110312993
v      0.473160582    -0.4178571429     0.3115906576
v     0.4767417484    -0.4178571429     0.3121006931
v     0.4796726883    -0.4642857143     0.3125607133
v     0.4766569481    -0.4642857143     0.3120324939
v      0.472994706    -0.4642857143     0.3113299579
v     0.4685616438    -0.4642857143     0.3104297506
v     0.4632229136    -0.4642857143     0.3092993156
v     0.4568337252    -0.4642857143     0.3079050847
v     0.4492471416    -0.4642857143     0.3062063833
v     0.4403214851    -0.4642857143     0.3041685528
v     0.4299340337    -0.4642857143     0.3017649045
v     0.4179966438    -0.4642857143     0.2989869869
v     0.4044740203    -0.4642857143     0.2958541098
v     0.3894008264    -0.4642857143     0.2924280309
v     0.3728965275    -0.4642857143     0.2888215795
v     0.3551803741    -0.4642857143      0.285168296
v        0.3365677    -0.4642857143     0.2816158833
v     0.3174466265    -0.4642857143      0.278345266
v        0.2982533    -0.4642857143     0.2755292886
v     0.2794325076    -0.4642857143     0.2733317775
v     0.2614000543    -0.4642857143     0.2719067567
v     0.2445160002    -0.4642857143     0.2713699688
v     0.2290625765    -0.4642857143     0.2716927892
v     0.2152221738    -0.4642857143     0.2727490633
v     0.2030730921    -0.4642857143     0.2743681974
v     0.1926077824    -0.4642857143      0.276407659
v     0.1837608763    -0.4642857143     0.2787654554
v     0.1764306111    -0.4642857143     0.2813586188
v     0.1705117665    -0.4642857143     0.2841444567
v     0.1659463375    -0.4642857143     0.2871371536
v     0.1626969516    -0.4642857143     0.2902868897
v     0.1607459136    -0.4642857143     0.2934660145
v      0.160127272    -0.4642857143      0.296454926
v     0.1616786635    -0.4642857143     0.2989120006
v     0.1650562669    -0.4642857143     0.3003206562
v     0.1693521276    -0.4642857143     0.3012603303
v     0.1746095081    -0.4642857143     0.3018987855
v     0.1809389494    -0.4642857143     0.3023157022
v     0.1884768794    -0.4642857143     0.3025556021
v     0.1973575812    -0.4642857143     0.3026668701
v     0.2077001394    -0.4642857143     0.3026990084
v     0.2195893073    -0.4642857143     0.3026864639
v     0.2330541994    -0.4642857143     0.3026554003
v     0.2480487481    -0.4642857143     0.3026360913
v     0.2644363747    -0.4642857143     0.3026517812
v     0.2819831451    -0.4642857143     0.3027367971
v     0.3003633044    -0.4642857143     0.3029110904
v     0.3191790437    -0.4642857143     0.3031912079
v     0.3379927707    -0.4642857143     0.3035838628
v     0.3563668935    -0.4642857143     0.3040865235
v     0.3739036053    -0.4642857143     0.3046865713
v     0.3902772138    -0.4642857143      0.305364237
v     0.4052541132    -0.4642857143     0.3060923619
v     0.4186976195    -0.4642857143     0.3068512558
v      0.430562269    -0.4642857143     0.3076147717
v     0.4408775408    -0.4642857143     0.3083652352
v     0.4497293027    -0.4642857143     0.3090864648
v     0.4572393236    -0.4642857143      0.309774783
v     0.4635496191    -0.4642857143     0.3104243156
v     0.4688083647    -0.4642857143     0.3110312993
v      0.473160582    -0.4642857143     0.3115906576
v     0.4767417484    -0.4642857143     0.3121006931
v     0.4796726883    -0.5107142857     0.3125607133
v     0.4766569481    -0.5107142857     0.3120324939
v      0.472994706    -0.5107142857     0.3113299579
v     0.4685616438    -0.5107142857     0.3104297506
v     0.4632229136    -0.5107142857     0.3092993156
v     0.4568337252    -0.5107142857     0.3079050847
v     0.4492471416    -0.5107142857     0.3062063833
v     0.4403214851    -0.5107142857     0.3041685528
v     0.4299340337    -0.5107142857     0.3017649045
v     0.4179966438    -0.5107142857     0.2989869869
v     0.4044740203    -0.5107142857     0.2958541098
v     0.3894008264    -0.5107142857     0.2924280309
v     0.3728965275    -0.5107142857     0.2888215795
v     0.3551803741    -0.5107142857      0.285168296
v        0.3365677    -0.5107142857     0.2816158833
v     0.3174466265    -0.5107142857      0.278345266
v        0.2982533    -0.5107142857     0.2755292886
v     0.2794325076    -0.5107142857     0.2733317775
v     0.2614000543    -0.5107142857     0.2719067567
v     0.2445160002    -0.5107142857     0.2713699688
v     0.2290625765    -0.5107142857     0.2716927892
v     0.2152221738    -0.5107142857     0.2727490633
v     0.2030730921    -0.5107142857     0.2743681974
v     0.1926077824    -0.5107142857      0.276407659
v     0.1837608763    -0.5107142857     0.2787654554
v     0.1764306111    -0.5107142857     0.2813586188
v     0.1705117665    -0.5107142857     0.2841444567
v     0.1659463375    -0.5107142857     0.2871371536
v     0.1626969516    -0.5107142857     0.2902868897
v     0.1607459136    -0.5107142857     0.2934660145
v      0.160127272    -0.5107142857      0.296454926
v     0.1616786635    -0.5107142857     0.2989120006
v     0.1650562669    -0.5107142857     0.3003206562
v     0.1693521276    -0.5107142857     0.3012603303
v     0.1746095081    -0.5107142857     0.3018987855
v     0.1809389494    -0.5107142857     0.3023157022
v     0.1884768794    -0.5107142857     0.3025556021
v     0.1973575812    -0.5107142857     0.3026668701
v     0.2077001394    -0.5107142857     0.3026990084
v     0.2195893073    -0.5107142857     0.3026864639
v     0.2330541994    -0.5107142857     0.3026554003
v     0.2480487481    -0.5107142857     0.3026360913
v     0.2644363747    -0.5107142857     0.3026517812
v     0.2819831451    -0.5107142857     0.3027367971
v     0.3003633044    -0.5107142857     0.3029110904
v     0.3191790437    -0.5107142857     0.3031912079
v     0.3379927707    -0.5107142857     0.3035838628
v     0.3563668935    -0.5107142857     0.3040865235
v     0.3739036053    -0.5107142857     0.3046865713
v     0.3902772138    -0.5107142857      0.305364237
v     0.4052541132    -0.5107142857     0.3060923619
v     0.4186976195    -0.5107142857     0.3068512558
v      0.430562269    -0.5107142857     0.3076147717
v     0.4408775408    -0.5107142857     0.3083652352
v     0.4497293027    -0.5107142857     0.3090864648
v     0.4572393236    -0.5107142857      0.309774783
v     0.4635496191    -0.5107142857     0.3104243156
v     0.4688083647    -0.5107142857     0.3110312993
v      0.473160582    -0.5107142857     0.3115906576
v     0.4767417484    -0.5107142857     0.3121006931
v     0.4796726883    -0.5571428571     0.3125607133
v     0.4766569481    -0.5571428571     0.3120324939
v      0.472994706    -0.5571428571     0.3113299579
v     0.4685616438    -0.5571428571     0.3104297506
v     0.4632229136    -0.5571428571     0.3092993156
v     0.4568337252    -0.5571428571     0.3079050847
v     0.4492471416    -0.5571428571     0.3062063833
v     0.4403214851    -0.5571428571     0.3041685528
v     0.4299340337    -0.5571428571     0.3017649045
v     0.4179966438    -0.5571428571     0.2989869869
v     0.4044740203    -0.5571428571     0.2958541098
v     0.3894008264    -0.5571428571     0.2924280309
v     0.3728965275    -0.5571428571     0.2888215795
v     0.3551803741    -0.5571428571      0.285168296
v        0.3365677    -0.5571428571     0.2816158833
v     0.3174466265    -0.5571428571      0.278345266
v        0.2982533    -0.5571428571     0.2755292886
v     0.2794325076    -0.5571428571     0.2733317775
v     0.2614000543    -0.5571428571     0.2719067567
v     0.2445160002    -0.5571428571     0.2713699688
v     0.2290625765    -0.5571428571     0.2716927892
v     0.2152221738    -0.5571428571     0.2727490633
v     0.2030730921    -0.5571428571     0.2743681974
v     0.1926077824    -0.5571428571      0.276407659
v     0.1837608763    -0.5571428571     0.2787654554
v     0.1764306111    -0.5571428571     0.2813586188
v     0.1705117665    -0.5571428571     0.2841444567
v     0.1659463375    -0.5571428571     0.2871371536
v     0.1626969516    -0.5571428571     0.2902868897
v     0.1607459136    -0.5571428571     0.2934660145
v      0.160127272    -0.5571428571      0.296454926
v     0.1616786635    -0.5571428571     0.2989120006
v     0.1650562669    -0.5571428571     0.3003206562
v     0.1693521276    -0.5571428571     0.3012603303
v     0.1746095081    -0.5571428571     0.3018987855
v     0.1809389494    -0.5571428571     0.3023157022
v     0.1884768794    -0.5571428571     0.3025556021
v     0.1973575812    -0.5571428571     0.3026668701
v     0.2077001394    -0.5571428571     0.3026990084
v     0.2195893073    -0.5571428571     0.3026864639
v     0.2330541994    -0.5571428571     0.3026554003
v     0.2480487481    -0.5571428571     0.3026360913
v     0.2644363747    -0.5571428571     0.3026517812
v     0.2819831451    -0.5571428571     0.3027367971
v     0.3003633044    -0.5571428571     0.3029110904
v     0.3191790437    -0.5571428571     0.3031912079
v     0.3379927707    -0.5571428571     0.3035838628
v     0.3563668935    -0.5571428571     0.3040865235
v     0.3739036053    -0.5571428571     0.3046865713
v     0.3902772138    -0.5571428571      0.305364237
v     0.4052541132    -0.5571428571     0.3060923619
v     0.4186976195    -0.5571428571     0.3068512558
v      0.430562269    -0.5571428571     0.3076147717
v     0.4408775408    -0.5571428571     0.3083652352
v     0.4497293027    -0.5571428571     0.3090864648
v     0.4572393236    -0.5571428571      0.309774783
v     0.4635496191    -0.5571428571     0.3104243156
v     0.4688083647    -0.5571428571     0.3110312993
v      0.473160582    -0.5571428571     0.3115906576
v     0.4767417484    -0.5571428571     0.3121006931
v     0.4796726883    -0.6035714286     0.3125607133
v     0.4766569481    -0.6035714286     0.3120324939
v      0.472994706    -0.6035714286     0.3113299579
v     0.4685616438    -0.6035714286     0.3104297506
v     0.4632229136    -0.6035714286     0.3092993156
v     0.4568337252    -0.6035714286     0.3079050847
v     0.4492471416    -0.6035714286     0.3062063833
v     0.4403214851    -0.6035714286     0.3041685528
v     0.4299340337    -0.6035714286     0.3017649045
v     0.4179966438    -0.6035714286     0.2989869869
v     0.4044740203    -0.6035714286     0.2958541098
v     0.3894008264    -0.6035714286     0.2924280309
v     0.3728965275    -0.6035714286     0.2888215795
v     0.3551803741    -0.6035714286      0.285168296
v        0.3365677    -0.6035714286     0.2816158833
v     0.3174466265    -0.6035714286      0.278345266
v        0.2982533    -0.6035714286     0.2755292886
v     0.2794325076    -0.6035714286     0.2733317775
v     0.2614000543    -0.6035714286     0.2719067567
v     0.2445160002    -0.6035714286     0.2713699688
v     0.2290625765    -0.6035714286     0.2716927892
v     0.2152221738    -0.6035714286     0.2727490633
v     0.2030730921    -0.6035714286     0.2743681974
v     0.1926077824    -0.6035714286      0.276407659
v     0.1837608763    -0.6035714286     0.2787654554
v     0.1764306111    -0.6035714286     0.2813586188
v     0.1705117665    -0.6035714286     0.2841444567
v     0.1659463375    -0.6035714286     0.2871371536
v     0.1626969516    -0.6035714286     0.2902868897
v     0.1607459136    -0.6035714286     0.2934660145
v      0.160127272    -0.6035714286      0.296454926
v     0.1616786635    -0.6035714286     0.2989120006
v     0.1650562669    -0.6035714286     0.3003206562
v     0.1693521276    -0.6035714286     0.3012603303
v     0.1746095081    -0.6035714286     0.3018987855
v     0.1809389494    -0.6035714286     0.3023157022
v     0.1884768794    -0.6035714286     0.3025556021
v     0.1973575812    -0.6035714286     0.3026668701
v     0.2077001394    -0.6035714286     0.3026990084
v     0.2195893073    -0.6035714286     0.3026864639
v     0.2330541994    -0.6035714286     0.3026554003
v     0.2480487481    -0.6035714286     0.3026360913
v     0.2644363747    -0.6035714286     0.3026517812
v     0.2819831451    -0.6035714286     0.3027367971
v     0.3003633044    -0.6035714286     0.3029110904
v     0.3191790437    -0.6035714286     0.3031912079
v     0.3379927707    -0.6035714286     0.3035838628
v     0.3563668935    -0.6035714286     0.3040865235
v     0.3739036053    -0.6035714286     0.3046865713
v     0.3902772138    -0.6035714286      0.305364237
v     0.4052541132    -0.6035714286     0.3060923619
v     0.4186976195    -0.6035714286     0.3068512558
v      0.430562269    -0.6035714286     0.3076147717
v     0.4408775408    -0.6035714286     0.3083652352
v     0.4497293027    -0.6035714286     0.3090864648
v     0.4572393236    -0.6035714286      0.309774783
v     0.4635496191    -0.6035714286     0.3104243156
v     0.4688083647    -0.6035714286     0.3110312993
v      0.473160582    -0.6035714286     0.3115906576
v     0.4767417484    -0.6035714286     0.3121006931
v     0.4796726883            -0.65     0.3125607133
v     0.4766569481            -0.65     0.3120324939
v      0.472994706            -0.65     0.3113299579
v     0.4685616438            -0.65     0.3104297506
v     0.4632229136            -0.65     0.3092993156
v     0.4568337252            -0.65     0.3079050847
v     0.4492471416            -0.65     0.3062063833
v     0.4403214851            -0.65     0.3041685528
v     0.4299340337            -0.65     0.3017649045
v     0.4179966438            -0.65     0.2989869869
v     0.4044740203            -0.65     0.2958541098
v     0.3894008264            -0.65     0.2924280309
v     0.3728965275            -0.65     0.2888215795
v     0.3551803741            -0.65      0.285168296
v        0.3365677            -0.65     0.2816158833
v     0.3174466265            -0.65      0.278345266
v        0.2982533            -0.65     0.2755292886
v     0.2794325076            -0.65     0.2733317775
v     0.2614000543            -0.65     0.2719067567
v     0.2445160002            -0.65     0.2713699688
v     0.2290625765            -0.65     0.2716927892
v     0.2152221738            -0.65     0.2727490633
v     0.2030730921            -0.65     0.2743681974
v     0.1926077824            -0.65      0.276407659
v     0.1837608763            -0.65     0.2787654554
v     0.1764306111            -0.65     0.2813586188
v     0.1705117665            -0.65     0.2841444567
v     0.1659463375            -0.65     0.2871371536
v     0.1626969516            -0.65     0.2902868897
v     0.1607459136            -0.65     0.2934660145
v      0.160127272            -0.65      0.296454926
v     0.1616786635            -0.65     0.2989120006
v     0.1650562669            -0.65     0.3003206562
v     0.1693521276            -0.65     0.3012603303
v     0.1746095081            -0.65     0.3018987855
v     0.1809389494            -0.65     0.3023157022
v     0.1884768794            -0.65     0.3025556021
v     0.1973575812            -0.65     0.3026668701
v     0.2077001394            -0.65     0.3026990084
v     0.2195893073            -0.65     0.3026864639
v     0.2330541994            -0.65     0.3026554003
v     0.2480487481            -0.65     0.3026360913
v     0.2644363747            -0.65     0.3026517812
v     0.2819831451            -0.65     0.3027367971
v     0.3003633044            -0.65     0.3029110904
v     0.3191790437            -0.65     0.3031912079
v     0.3379927707            -0.65     0.3035838628
v     0.3563668935            -0.65     0.3040865235
v     0.3739036053            -0.65     0.3046865713
v     0.3902772138            -0.65      0.305364237
v     0.4052541132            -0.65     0.3060923619
v     0.4186976195            -0.65     0.3068512558
v      0.430562269            -0.65     0.3076147717
v     0.4408775408            -0.65     0.3083652352
v     0.4497293027            -0.65     0.3090864648
v     0.4572393236            -0.65      0.309774783
v     0.4635496191            -0.65     0.3104243156
v     0.4688083647            -0.65     0.3110312993
v      0.473160582            -0.65     0.3115906576
v     0.4767417484            -0.65     0.3121006931
v     0.4685649042    -0.6500149069     0.3104377001
v      0.463227231    -0.6500268487     0.3093141826
v     0.4568390852    -0.6500438485     0.3079297929
v     0.4492535134    -0.6500669227     0.3062444437
v     0.4403288334    -0.6500970185     0.3042240122
v     0.4299423358    -0.6501348352     0.3018422108
v     0.4180059073    -0.6501809438     0.2990909137
v     0.4044843292    -0.6502353152     0.2959894089
v     0.3894124079    -0.6502971443     0.2925989836
v     0.3729098361    -0.6503643168     0.2890312363
v      0.355196054    -0.6504344092     0.2854183015
v     0.3365865324    -0.6505045081     0.2819061914
v     0.3174695205    -0.6505707879     0.2786736066
v     0.2982811838    -0.6506293813     0.2758911407
v     0.2794662144    -0.6506764191     0.2737203665
v     0.2614401795    -0.6507080251      0.272313054
v     0.2445626856    -0.6507210997     0.2717831524
v     0.2291153261    -0.6507154565     0.2721019619
v     0.2152798857    -0.6506933509     0.2731446878
v     0.2031342388    -0.6506578724     0.2747425907
v     0.1926705513    -0.6506115599     0.2767546759
v     0.1838231986    -0.6505558185     0.2790798435
v     0.1764901891    -0.6504912702     0.2816355679
v     0.1705659184    -0.6504175805     0.2843790812
v     0.1659913452    -0.6503329452     0.2873237922
v     0.1627281301    -0.6502362199     0.2904194865
v       0.16075824    -0.6501266259     0.2935379836
v     0.1616663371    -0.6501266259     0.2988400316
v     0.1650250884    -0.6502362199     0.3001880594
v     0.1693071199    -0.6503329452     0.3010736917
v     0.1745553562    -0.6504175805      0.301664161
v     0.1808793714    -0.6504912702     0.3020387531
v     0.1884145571    -0.6505558185      0.302241214
v     0.1972948124    -0.6506115599     0.3023198531
v     0.2076389927    -0.6506578724     0.3023246151
v     0.2195315954    -0.6506933509     0.3022908394
v     0.2330014498    -0.6507154565     0.3022462276
v     0.2480020626    -0.6507210997     0.3022229077
v     0.2643962496    -0.6507080251      0.302245484
v     0.2819494383    -0.6506764191     0.3023482081
v     0.3003354206    -0.6506293813     0.3025492383
v     0.3191561497    -0.6505707879     0.3028628673
v     0.3379739383    -0.6505045081     0.3032935547
v     0.3563512136    -0.6504344092      0.303836518
v     0.3738902967    -0.6503643168     0.3044769145
v     0.3902656323    -0.6502971443     0.3051932843
v     0.4052438043    -0.6502353152     0.3059570628
v      0.418688356    -0.6501809438     0.3067473291
v     0.4305539668    -0.6501348352     0.3075374654
v     0.4408701925    -0.6500970185     0.3083097758
v     0.4497229309    -0.6500669227     0.3090484044
v     0.4572339636    -0.6500438485     0.3097500748
v     0.4635453017    -0.6500268487     0.3104094486
v     0.4688051043    -0.6500149069     0.3110233498
v     0.4730031413    -0.6500135979     0.3113432152
v     0.4685741903    -0.6500285952     0.3104603411
v     0.4632395275    -0.6500515024     0.3093565252
v     0.4568543511    -0.6500841122     0.3080001643
v     0.4492716609    -0.6501283742     0.3063528438
v     0.4403497622    -0.6501861053     0.3043819663
v     0.4299659813    -0.6502586471     0.3020623873
v     0.4180322905    -0.6503470948     0.2993869079
v     0.4045136903    -0.6504513925     0.2963747548
v     0.3894453932     -0.650569996     0.2930858747
v     0.3729477404    -0.6506988494     0.2896283606
v     0.3552407121     -0.650833304      0.286130343
v      0.336640169    -0.6509677708      0.282733019
v     0.3175347249    -0.6510949118     0.2796087545
v     0.2983605999    -0.6512073084      0.276921733
v     0.2795622149    -0.6512975385     0.2748271084
v     0.2615544601    -0.6513581667     0.2734702308
v     0.2446956507    -0.6513832469     0.2729599422
v     0.2292655622    -0.6513724219     0.2732673282
v     0.2154442553    -0.6513300178     0.2742714674
v     0.2033083909    -0.6512619614     0.2758089017
v     0.1928493235    -0.6511731227     0.2777430163
v     0.1840006988    -0.6510661968     0.2799752536
v     0.1766598733    -0.6509423773     0.2824243476
v     0.1707201486    -0.6508010223      0.285047316
v     0.1661195319    -0.6506386709     0.2878553583
v     0.1628169297    -0.6504531279     0.2907971359
v     0.1607933467    -0.6502428997     0.2937429588
v     0.1616312304    -0.6502428997     0.2986350564
v     0.1649362888    -0.6504531279       0.29981041
v     0.1691789332    -0.6506386709     0.3005421256
v      0.174401126    -0.6508010223     0.3009959261
v     0.1807096872    -0.6509423773     0.3012499735
v     0.1882370569    -0.6510661968     0.3013458039
v     0.1971160401    -0.6511731227     0.3013315127
v     0.2074648406    -0.6512619614     0.3012583041
v     0.2193672258    -0.6513300178     0.3011640599
v     0.2328512137    -0.6513724219     0.3010808613
v     0.2478690975    -0.6513832469     0.3010461179
v      0.264281969    -0.6513581667     0.3010883072
v     0.2818534378    -0.6512975385     0.3012414662
v     0.3002560045    -0.6512073084      0.301518646
v     0.3190909452    -0.6510949118     0.3019277193
v     0.3379203017    -0.6509677708      0.302466727
v     0.3563065555     -0.650833304     0.3031244765
v     0.3738523924    -0.6506988494     0.3038797902
v      0.390232647     -0.650569996     0.3047063932
v     0.4052144432    -0.6504513925     0.3055717169
v     0.4186619728    -0.6503470948     0.3064513349
v     0.4305303214    -0.6502586471     0.3073172889
v     0.4408492638    -0.6501861053     0.3081518217
v     0.4497047834    -0.6501283742     0.3089400043
v     0.4572186978    -0.6500841122     0.3096797034
v     0.4635330052    -0.6500515024      0.310367106
v     0.4687958182    -0.6500285952     0.3110007088
v     0.4731521467    -0.6500135979     0.3115774003
v     0.4730129362    -0.6500193412     0.3113586095
v     0.4685887591     -0.650040673     0.3104958623
v     0.4632588194    -0.6500732556      0.309422956
v     0.4568783016    -0.6501196389     0.3081105694
v     0.4493001324     -0.650182596     0.3065229117
v     0.4403825971    -0.6502647113     0.3046297791
v     0.4300030784    -0.6503678927       0.30240782
v     0.4180736829    -0.6504936984     0.2998512905
v     0.4045597545    -0.6506420486     0.2969793202
v     0.3894971436    -0.6508107471     0.2938497535
v      0.373007208    -0.6509940248     0.2905651832
v     0.3553107756    -0.6511852693     0.2872474582
v      0.336724319    -0.6513765313     0.2840302211
v     0.3176370236    -0.6515573733     0.2810758994
v      0.298485195    -0.6517172432     0.2785386195
v     0.2797128293    -0.6518455841     0.2765634653
v     0.2617337538      -0.65193182     0.2752857146
v     0.2449042583    -0.6519674934     0.2748061966
v     0.2295012662    -0.6519520962     0.2750956604
v     0.2157021331    -0.6518917818     0.2760392612
v     0.2035816166    -0.6517949802     0.2774818269
v     0.1931297976    -0.6516686183     0.2792936143
v     0.1842791773    -0.6515165298     0.2813800541
v     0.1769260892    -0.6513404124     0.2836618566
v     0.1709621189    -0.6511393527     0.2860957034
v     0.1663206427    -0.6509084284     0.2886893273
v     0.1629562465    -0.6506445171     0.2913896266
v     0.1608484253     -0.650345494     0.2940645425
v     0.1615761518     -0.650345494     0.2983134727
v      0.164796972    -0.6506445171     0.2992179193
v     0.1689778224    -0.6509084284     0.2997081566
v     0.1741591556    -0.6511393527     0.2999475387
v     0.1804434713    -0.6513404124     0.3000124644
v     0.1879585784    -0.6515165298     0.2999410034
v      0.196835566    -0.6516686183     0.2997809147
v     0.2071916149    -0.6517949802     0.2995853789
v      0.219109348    -0.6518917818      0.299396266
v     0.2326155097    -0.6519520962     0.2992525291
v     0.2476604899    -0.6519674934     0.2991998634
v     0.2641026753      -0.65193182     0.2992728234
v     0.2817028234    -0.6518455841     0.2995051092
v     0.3001314094    -0.6517172432     0.2999017594
v     0.3189886466    -0.6515573733     0.3004605745
v     0.3378361517    -0.6513765313     0.3011695249
v     0.3562364919    -0.6511852693     0.3020073612
v     0.3737929248    -0.6509940248     0.3029429676
v     0.3901808966    -0.6508107471     0.3039425144
v      0.405168379    -0.6506420486     0.3049671514
v     0.4186205804    -0.6504936984     0.3059869523
v     0.4304932243    -0.6503678927     0.3069718562
v     0.4408164289    -0.6502647113     0.3079040089
v     0.4496763119     -0.650182596     0.3087699364
v     0.4571947473    -0.6501196389     0.3095692983
v     0.4635137134    -0.6500732556     0.3103006752
v     0.4687812494     -0.650040673     0.3109651875
v     0.4731423518    -0.6500193412     0.3115620061
v     0.4766728357    -0.6500084995     0.3120452713
v     0.4730257834    -0.6500241325     0.3113788008
v     0.4686078677    -0.6500507488     0.3105424526
v     0.4632841229    -0.6500914029     0.3095100879
v     0.4569097154    -0.6501492765     0.3082553785
v      0.449337476    -0.6502278296     0.3067459755
v     0.4404256639    -0.6503302869     0.3049548143
v     0.4300517355     -0.650459029     0.3028608953
v     0.4181279738    -0.6506159999     0.3004603822
v     0.4046201731    -0.6508011003     0.2977722782
v     0.3895650203    -0.6510115896     0.2948516694
v     0.3730852067    -0.6512402698     0.2917939351
v     0.3554026722    -0.6514788904     0.2887126848
v     0.3368346914    -0.6517175329     0.2857316526
v     0.3177712002     -0.651943174     0.2830002306
v     0.2986486159    -0.6521426477     0.2806593544
v     0.2799103775    -0.6523027819     0.2788408995
v     0.2619689184    -0.6524103806     0.2776669328
v     0.2451778715    -0.6524548912     0.2772277742
v     0.2298104195    -0.6524356797     0.2774937308
v     0.2160403699    -0.6523604238     0.2783579286
v     0.2039399838    -0.6522396421     0.2796760631
v      0.193497672    -0.6520819772     0.2813274039
v     0.1846444342    -0.6518922126     0.2832226135
v     0.1772752623    -0.6516724663     0.2852849937
v     0.1712794911    -0.6514215992     0.2874707855
v     0.1665844229    -0.6511334691     0.2897831747
v     0.1631389767    -0.6508041802     0.2921667471
v     0.1609206672    -0.6504310816      0.294486337
v     0.1615039099    -0.6504310816     0.2978916782
v     0.1646142418    -0.6508041802     0.2984407988
v     0.1687140422    -0.6511334691     0.2986143092
v     0.1738417834    -0.6514215992     0.2985724567
v     0.1800942982    -0.6516724663     0.2983893274
v     0.1875933215    -0.6518922126      0.298098444
v     0.1964676916    -0.6520819772     0.2977471251
v     0.2068332477    -0.6522396421     0.2973911427
v     0.2187711112    -0.6523604238     0.2970775987
v     0.2323063564    -0.6524356797     0.2968544587
v     0.2473868767    -0.6524548912     0.2967782859
v     0.2638675106    -0.6524103806     0.2968916051
v     0.2815052752    -0.6523027819     0.2972276751
v     0.2999679885    -0.6521426477     0.2977810245
v     0.3188544699     -0.651943174     0.2985362433
v     0.3377257793    -0.6517175329     0.2994680934
v     0.3561445954    -0.6514788904     0.3005421346
v     0.3737149261    -0.6512402698     0.3017142157
v     0.3901130199    -0.6510115896     0.3029405985
v     0.4051079604    -0.6508011003     0.3041741934
v     0.4185662895    -0.6506159999     0.3053778606
v     0.4304445671     -0.650459029     0.3065187809
v     0.4407733621    -0.6503302869     0.3075789737
v     0.4496389683    -0.6502278296     0.3085468726
v     0.4571633335    -0.6501492765     0.3094244892
v     0.4634884098    -0.6500914029     0.3102135433
v     0.4687621408    -0.6500507488     0.3109185973
v     0.4731295046    -0.6500241325     0.3115418147
v     0.4767258608    -0.6500084995     0.3120879158
v     0.4730411834    -0.6500277855     0.3114030043
v     0.4686307734    -0.6500584307     0.3105983006
v     0.4633144544    -0.6501052387     0.3096145333
v     0.4569473713    -0.6501718727      0.308428962
v       0.44938224    -0.6502623165     0.3070133634
v     0.4404772883     -0.650380283      0.305344436
v     0.4301100611     -0.650528513     0.3034039993
v     0.4181930527    -0.6507092449      0.301190504
v     0.4046925973    -0.6509223641     0.2987228016
v     0.3896463844    -0.6511647156     0.2960526719
v     0.3731787042    -0.6514280115     0.2932668472
v     0.3555128291    -0.6517027525     0.2904690605
v     0.3369669956    -0.6519775186     0.2877711685
v     0.3179320385    -0.6522373154     0.2853069376
v     0.2988445095    -0.6524669838     0.2832014917
v     0.2801471797    -0.6526513577     0.2815708731
v     0.2622508116    -0.6527752438      0.280521313
v     0.2455058532     -0.652826492     0.2801305333
v     0.2301810033    -0.6528043725     0.2803683118
v     0.2164458163     -0.652717725     0.2811373286
v     0.2043695607    -0.6525786604     0.2823063067
v     0.1939386452    -0.6523971295     0.2837653194
v     0.1850822698    -0.6521786398        0.2854313
v     0.1776938182    -0.6519256303     0.2872306575
v     0.1716599271    -0.6516367889     0.2891191043
v     0.1669006178    -0.6513050441      0.291094376
v     0.1633580164    -0.6509259103     0.2930982859
v     0.1610072641    -0.6504963351     0.2949919445
v      0.161417313    -0.6504963351     0.2973860707
v      0.164395202    -0.6509259103       0.29750926
v     0.1683978473    -0.6513050441     0.2973031079
v     0.1734613475    -0.6516367889     0.2969241378
v     0.1796757423    -0.6519256303     0.2964436635
v      0.187155486    -0.6521786398     0.2958897575
v     0.1960267184    -0.6523971295     0.2953092096
v     0.2064036708    -0.6525786604     0.2947608991
v     0.2183656648     -0.652717725     0.2942981986
v     0.2319357726    -0.6528043725     0.2939798777
v      0.247058895     -0.652826492     0.2938755267
v     0.2635856175    -0.6527752438      0.294037225
v      0.281268473    -0.6526513577     0.2944977015
v     0.2997720949    -0.6524669838     0.2952388873
v     0.3186936316    -0.6522373154     0.2962295363
v     0.3375934751    -0.6519775186     0.2974285775
v     0.3560344385    -0.6517027525     0.2987857589
v     0.3736214286    -0.6514280115     0.3002413036
v     0.3900316558    -0.6511647156      0.301739596
v     0.4050355363    -0.6509223641     0.3032236701
v     0.4185012107    -0.6507092449     0.3046477388
v     0.4303862415     -0.650528513     0.3059756769
v     0.4407217376     -0.650380283      0.307189352
v     0.4495942043    -0.6502623165     0.3082794847
v     0.4571256776    -0.6501718727     0.3092509057
v     0.4634580784    -0.6501052387     0.3101090979
v     0.4687392351    -0.6500584307     0.3108627493
v     0.4731141046    -0.6500277855     0.3115176113
v     0.4766896312    -0.6500106062     0.3120587788
v     0.4730586367    -0.6500301139     0.3114304349
v     0.4686567332    -0.6500633271     0.3106615952
v     0.4633488301    -0.6501140575      0.309732905
v     0.4569900481    -0.6501862754     0.3086256904
v     0.4494329727    -0.6502842983     0.3073164036
v     0.4405357961    -0.6504121502     0.3057860079
v     0.4301761636    -0.6505728016     0.3040195182
v     0.4182668088    -0.6507686785     0.3020179768
v     0.4047746781    -0.6509996569     0.2998000631
v     0.3897385973     -0.651262317     0.2974138102
v     0.3732846682    -0.6515476767     0.2949361503
v     0.3556376739    -0.6518454406     0.2924596229
v     0.3371169405    -0.6521432317     0.2900826236
v     0.3181143222    -0.6524247991     0.2879212099
v     0.2990665227    -0.6526737133     0.2860825853
v     0.2804155559    -0.6528735375     0.2846648483
v     0.2625702911    -0.6530078051     0.2837562825
v     0.2458775664    -0.6530633479     0.2834203324
v      0.230600999    -0.6530393748     0.2836261757
v     0.2169053229    -0.6529454663     0.2842873206
v     0.2048564153    -0.6527947483     0.2852872545
v     0.1944384156    -0.6525980054     0.2865282949
v     0.1855784842    -0.6523612066     0.2879344823
v     0.1781681824    -0.6520869952     0.2894357469
v     0.1720910885    -0.6517739494     0.2909872022
v     0.1672589726    -0.6514144049     0.2925804066
v     0.1636062619    -0.6510035002     0.2941540317
v     0.1611054073    -0.6505379272     0.2955649673
v     0.1613191697    -0.6505379272     0.2968130479
v     0.1641469566    -0.6510035002     0.2964535142
v     0.1680394925    -0.6514144049     0.2958170773
v      0.173030186    -0.6517739494       0.29505604
v     0.1792013781    -0.6520869952     0.2942385741
v     0.1866592715    -0.6523612066     0.2933865752
v      0.195526948    -0.6525980054     0.2925462341
v     0.2059168162    -0.6527947483     0.2917799514
v     0.2179061582    -0.6529454663     0.2911482067
v     0.2315157769    -0.6530393748     0.2907220138
v     0.2466871818    -0.6530633479     0.2905857276
v      0.263266138    -0.6530078051     0.2908022554
v     0.2810000968    -0.6528735375     0.2914037263
v     0.2995500817    -0.6526737133     0.2923577936
v     0.3185113479    -0.6524247991      0.293615264
v     0.3374435302    -0.6521432317     0.2951171224
v     0.3559095937    -0.6518454406     0.2967951965
v     0.3735154646    -0.6515476767     0.2985720005
v     0.3899394429     -0.651262317     0.3003784576
v     0.4049534554    -0.6509996569     0.3021464085
v     0.4184274545    -0.6507686785      0.303820266
v      0.430320139    -0.6505728016      0.305360158
v     0.4406632298    -0.6504121502     0.3067477801
v     0.4495434716    -0.6502842983     0.3079764445
v     0.4570830008    -0.6501862754     0.3090541774
v     0.4634237027    -0.6501140575     0.3099907262
v     0.4687132753    -0.6500633271     0.3107994547
v     0.4730966513    -0.6500301139     0.3114901806
v     0.4767090652    -0.6500106062     0.3120744083
v      0.473077644    -0.6500309314     0.3114603078
v     0.4686850043    -0.6500650463     0.3107305249
v     0.4633862664    -0.6501171539     0.3098618156
v     0.4570365244    -0.6501913323     0.3088399339
v     0.4494882222    -0.6502920163      0.307646424
v      0.440599513    -0.6504233391      0.306266894
v     0.4302481513    -0.6505883518     0.3046898381
v     0.4183471317    -0.6507895463     0.3029191214
v     0.4048640668    -0.6510267952     0.3009732358
v     0.3898390201    -0.6512965859     0.2988961339
v     0.3734000664    -0.6515896925     0.2967540754
v     0.3557736338    -0.6518955399     0.2946274097
v     0.3372802353    -0.6522014154      0.292599873
v     0.3183128351    -0.6524906266     0.2907682369
v     0.2993083022    -0.6527462983     0.2892201895
v     0.2807078263    -0.6529515473     0.2880342873
v     0.2629182145    -0.6530894599      0.287279269
v     0.2462823741    -0.6531465105       0.28700303
v      0.231058388    -0.6531218866     0.2871740948
v     0.2174057406    -0.6530254288     0.2877177636
v     0.2053866157     -0.652870619     0.2885336029
v     0.1949826818     -0.652668535     0.2895372645
v     0.1861188779    -0.6524253078     0.2906605288
v     0.1786847803    -0.6521436522     0.2918371605
v     0.1725606373    -0.6518221079     0.2930216211
v     0.1676492325    -0.6514528026      0.294198742
v     0.1638766092    -0.6510307428     0.2953037729
v     0.1612122885    -0.6505525307     0.2961890076
v     0.5871475543                0     0.3499035775
v     0.5870808292    0.04642857143     0.3498695244
v     0.5871475543    0.04642857143     0.3499035775
v     0.5870808292                0     0.3498695244
v     0.5870141041    0.04642857143     0.3498354712
v     0.5870141041                0     0.3498354712
v      0.586947379    0.04642857143      0.349801418
v      0.586947379                0      0.349801418
v     0.5868806539    0.04642857143     0.3497673648
v     0.5868806539                0     0.3497673648
v     0.5868139288    0.04642857143     0.3497333116
v     0.5868139288                0     0.3497333116
v     0.5867472037    0.04642857143     0.3496992585
v     0.5867472037                0     0.3496992585
v     0.5866804786    0.04642857143     0.3496652053
v     0.5866804786                0     0.3496652053
v      0.585391025    0.04642857143     0.3490112979
v      0.585391025                0     0.3490112979
v     0.5837699549    0.04642857143     0.3481954572
v     0.5837699549                0     0.3481954572
v     0.5817440964    0.04642857143     0.3471857576
v     0.5817440964                0     0.3471857576
v     0.5792311339    0.04642857143     0.3459486849
v     0.5792311339                0     0.3459486849
v      0.576142507    0.04642857143     0.3444519872
v      0.576142507                0     0.3444519872
v     0.5723888915    0.04642857143     0.3426692525
v     0.5723888915                0     0.3426692525
v      0.567888963    0.04642857143     0.3405861063
v      0.567888963                0     0.3405861063
v     0.5625814651    0.04642857143     0.3382082465
v     0.5625814651                0     0.3382082465
v     0.5564399544    0.04642857143     0.3355695634
v     0.5564399544                0     0.3355695634
v     0.5494879955    0.04642857143     0.3327388505
v     0.5494879955                0     0.3327388505
v     0.5418114836    0.04642857143     0.3298213443
v     0.5418114836                0     0.3298213443
v     0.5335638641    0.04642857143     0.3269520478
v     0.5335638641                0     0.3269520478
v      0.524960588    0.04642857143     0.3242788711
v      0.524960588                0     0.3242788711
v     0.5162610061                0     0.3219385319
v     0.5162610061    0.04642857143     0.3219385319
v      0.507739464                0      0.320032493
v      0.507739464    0.04642857143      0.320032493
v     0.4996515715                0     0.3186119959
v     0.4996515715    0.04642857143     0.3186119959
v     0.4922044748                0     0.3176771592
v     0.4922044748    0.04642857143     0.3176771592
v     0.4855387157                0     0.3171878037
v     0.4855387157    0.04642857143     0.3171878037
v      0.479724583                0     0.3170801221
v      0.479724583    0.04642857143     0.3170801221
v     0.4747707494                0     0.3172831718
v     0.4747707494    0.04642857143     0.3172831718
v     0.4706404371                0     0.3177321549
v     0.4706404371    0.04642857143     0.3177321549
v     0.4672704035                0     0.3183773696
v     0.4672704035    0.04642857143     0.3183773696
v     0.4645918807                0     0.3191925126
v     0.4645918807    0.04642857143     0.3191925126
v     0.4625553001                0     0.3201777206
v     0.4625553001    0.04642857143     0.3201777206
v     0.4612453806                0     0.3214162475
v     0.4612453806    0.04642857143     0.3214162475
v     0.4607713575                0     0.3227707416
v     0.4607713575    0.04642857143     0.3227707416
v     0.4610348354    0.04642857143     0.3241500097
v     0.4610348354                0     0.3241500097
v      0.462348968    0.04642857143     0.3253559434
v      0.462348968                0     0.3253559434
v     0.4643383861    0.04642857143     0.3263803867
v     0.4643383861                0     0.3263803867
v     0.4669700876    0.04642857143     0.3272279284
v     0.4669700876                0     0.3272279284
v     0.4702852001    0.04642857143     0.3279260786
v     0.4702852001                0     0.3279260786
v     0.4743486407    0.04642857143     0.3284882596
v     0.4743486407                0     0.3284882596
v     0.4792247665    0.04642857143     0.3289225122
v     0.4792247665                0     0.3289225122
v     0.4849573939    0.04642857143     0.3292474658
v     0.4849573939                0     0.3292474658
v     0.4915518422    0.04642857143     0.3295055111
v     0.4915518422                0     0.3295055111
v     0.4989579804    0.04642857143     0.3297721739
v     0.4989579804                0     0.3297721739
v     0.5070569945    0.04642857143      0.330153782
v     0.5070569945                0      0.330153782
v     0.5156565813    0.04642857143     0.3307686654
v     0.5156565813                0     0.3307686654
v     0.5245006312    0.04642857143     0.3317141936
v     0.5245006312                0     0.3317141936
v      0.533296773                0     0.3330319742
v      0.533296773    0.04642857143     0.3330319742
v     0.5417568771                0     0.3346905602
v     0.5417568771    0.04642857143     0.3346905602
v      0.549637652                0     0.3365946424
v      0.549637652    0.04642857143     0.3365946424
v     0.5567675119                0     0.3386148698
v     0.5567675119    0.04642857143     0.3386148698
v     0.5630541037                0     0.3406221829
v     0.5630541037    0.04642857143     0.3406221829
v     0.5684757805                0     0.3425127268
v     0.5684757805    0.04642857143     0.3425127268
v     0.5730646599                0     0.3442185804
v     0.5730646599    0.04642857143     0.3442185804
v     0.5768879568                0     0.3457065305
v     0.5768879568    0.04642857143     0.3457065305
v     0.5800319406                0     0.3469705259
v     0.5800319406    0.04642857143     0.3469705259
v     0.5825893811                0     0.3480225434
v     0.5825893811    0.04642857143     0.3480225434
v     0.5846512708                0     0.3488844294
v     0.5846512708    0.04642857143     0.3488844294
v      0.586301594                0     0.3495820931
v      0.586301594    0.04642857143     0.3495820931
v       0.58761463                0     0.3501419498
v       0.58761463    0.04642857143     0.3501419498
v     0.5875479049                0     0.3501078966
v     0.5875479049    0.04642857143     0.3501078966
v     0.5874811798                0     0.3500738434
v     0.5874811798    0.04642857143     0.3500738434
v     0.5874144547                0     0.3500397902
v     0.5874144547    0.04642857143     0.3500397902
v     0.5873477296                0     0.3500057371
v     0.5873477296    0.04642857143     0.3500057371
v     0.5872810045                0     0.3499716839
v     0.5872810045    0.04642857143     0.3499716839
v     0.5872142794                0     0.3499376307
v     0.5872142794    0.04642857143     0.3499376307
v     0.5870808292    0.09285714286     0.3498695244
v     0.5871475543    0.09285714286     0.3499035775
v     0.5870141041    0.09285714286     0.3498354712
v      0.586947379    0.09285714286      0.349801418
v     0.5868806539    0.09285714286     0.3497673648
v     0.5868139288    0.09285714286     0.3497333116
v     0.5867472037    0.09285714286     0.3496992585
v     0.5866804786    0.09285714286     0.3496652053
v      0.585391025    0.09285714286     0.3490112979
v     0.5837699549    0.09285714286     0.3481954572
v     0.5817440964    0.09285714286     0.3471857576
v     0.5792311339    0.09285714286     0.3459486849
v      0.576142507    0.09285714286     0.3444519872
v     0.5723888915    0.09285714286     0.3426692525
v      0.567888963    0.09285714286     0.3405861063
v     0.5625814651    0.09285714286     0.3382082465
v     0.5564399544    0.09285714286     0.3355695634
v     0.5494879955    0.09285714286     0.3327388505
v     0.5418114836    0.09285714286     0.3298213443
v     0.5335638641    0.09285714286     0.3269520478
v      0.524960588    0.09285714286     0.3242788711
v     0.5162610061    0.09285714286     0.3219385319
v      0.507739464    0.09285714286      0.320032493
v     0.4996515715    0.09285714286     0.3186119959
v     0.4922044748    0.09285714286     0.3176771592
v     0.4855387157    0.09285714286     0.3171878037
v      0.479724583    0.09285714286     0.3170801221
v     0.4747707494    0.09285714286     0.3172831718
v     0.4706404371    0.09285714286     0.3177321549
v     0.4672704035    0.09285714286     0.3183773696
v     0.4645918807    0.09285714286     0.3191925126
v     0.4625553001    0.09285714286     0.3201777206
v     0.4612453806    0.09285714286     0.3214162475
v     0.4607713575    0.09285714286     0.3227707416
v     0.4610348354    0.09285714286     0.3241500097
v      0.462348968    0.09285714286     0.3253559434
v     0.4643383861    0.09285714286     0.3263803867
v     0.4669700876    0.09285714286     0.3272279284
v     0.4702852001    0.09285714286     0.3279260786
v     0.4743486407    0.09285714286     0.3284882596
v     0.4792247665    0.09285714286     0.3289225122
v     0.4849573939    0.09285714286     0.3292474658
v     0.4915518422    0.09285714286     0.3295055111
v     0.4989579804    0.09285714286     0.3297721739
v     0.5070569945    0.09285714286      0.330153782
v     0.5156565813    0.09285714286     0.3307686654
v     0.5245006312    0.09285714286     0.3317141936
v      0.533296773    0.09285714286     0.3330319742
v     0.5417568771    0.09285714286     0.3346905602
v      0.549637652    0.09285714286     0.3365946424
v     0.5567675119    0.09285714286     0.3386148698
v     0.5630541037    0.09285714286     0.3406221829
v     0.5684757805    0.09285714286     0.3425127268
v     0.5730646599    0.09285714286     0.3442185804
v     0.5768879568    0.09285714286     0.3457065305
v     0.5800319406    0.09285714286     0.3469705259
v     0.5825893811    0.09285714286     0.3480225434
v     0.5846512708    0.09285714286     0.3488844294
v      0.586301594    0.09285714286     0.3495820931
v       0.58761463    0.09285714286     0.3501419498
v     0.5875479049    0.09285714286     0.3501078966
v     0.5874811798    0.09285714286     0.3500738434
v     0.5874144547    0.09285714286     0.3500397902
v     0.5873477296    0.09285714286     0.3500057371
v     0.5872810045    0.09285714286     0.3499716839
v     0.5872142794    0.09285714286     0.3499376307
v     0.5870808292     0.1392857143     0.3498695244
v     0.5871475543     0.1392857143     0.3499035775
v     0.5870141041     0.1392857143     0.3498354712
v      0.586947379     0.1392857143      0.349801418
v     0.5868806539     0.1392857143     0.3497673648
v     0.5868139288     0.1392857143     0.3497333116
v     0.5867472037     0.1392857143     0.3496992585
v     0.5866804786     0.1392857143     0.3496652053
v      0.585391025     0.1392857143     0.3490112979
v     0.5837699549     0.1392857143     0.3481954572
v     0.5817440964     0.1392857143     0.3471857576
v     0.5792311339     0.1392857143     0.3459486849
v      0.576142507     0.1392857143     0.3444519872
v     0.5723888915     0.1392857143     0.3426692525
v      0.567888963     0.1392857143     0.3405861063
v     0.5625814651     0.1392857143     0.3382082465
v     0.5564399544     0.1392857143     0.3355695634
v     0.5494879955     0.1392857143     0.3327388505
v     0.5418114836     0.1392857143     0.3298213443
v     0.5335638641     0.1392857143     0.3269520478
v      0.524960588     0.1392857143     0.3242788711
v     0.5162610061     0.1392857143     0.3219385319
v      0.507739464     0.1392857143      0.320032493
v     0.4996515715     0.1392857143     0.3186119959
v     0.4922044748     0.1392857143     0.3176771592
v     0.4855387157     0.1392857143     0.3171878037
v      0.479724583     0.1392857143     0.3170801221
v     0.4747707494     0.1392857143     0.3172831718
v     0.4706404371     0.1392857143     0.3177321549
v     0.4672704035     0.1392857143     0.3183773696
v     0.4645918807     0.1392857143     0.3191925126
v     0.4625553001     0.1392857143     0.3201777206
v     0.4612453806     0.1392857143     0.3214162475
v     0.4607713575     0.1392857143     0.3227707416
v     0.4610348354     0.1392857143     0.3241500097
v      0.462348968     0.1392857143     0.3253559434
v     0.4643383861     0.1392857143     0.3263803867
v     0.4669700876     0.1392857143     0.3272279284
v     0.4702852001     0.1392857143     0.3279260786
v     0.4743486407     0.1392857143     0.3284882596
v     0.4792247665     0.1392857143     0.3289225122
v     0.4849573939     0.1392857143     0.3292474658
v     0.4915518422     0.1392857143     0.3295055111
v     0.4989579804     0.1392857143     0.3297721739
v     0.5070569945     0.1392857143      0.330153782
v     0.5156565813     0.1392857143     0.3307686654
v     0.5245006312     0.1392857143     0.3317141936
v      0.533296773     0.1392857143     0.3330319742
v     0.5417568771     0.1392857143     0.3346905602
v      0.549637652     0.1392857143     0.3365946424
v     0.5567675119     0.1392857143     0.3386148698
v     0.5630541037     0.1392857143     0.3406221829
v     0.5684757805     0.1392857143     0.3425127268
v     0.5730646599     0.1392857143     0.3442185804
v     0.5768879568     0.1392857143     0.3457065305
v     0.5800319406     0.1392857143     0.3469705259
v     0.5825893811     0.1392857143     0.3480225434
v     0.5846512708     0.1392857143     0.3488844294
v      0.586301594     0.1392857143     0.3495820931
v       0.58761463     0.1392857143     0.3501419498
v     0.5875479049     0.1392857143     0.3501078966
v     0.5874811798     0.1392857143     0.3500738434
v     0.5874144547     0.1392857143     0.3500397902
v     0.5873477296     0.1392857143     0.3500057371
v     0.5872810045     0.1392857143     0.3499716839
v     0.5872142794     0.1392857143     0.3499376307
v     0.5870808292     0.1857142857     0.3498695244
v     0.5871475543     0.1857142857     0.3499035775
v     0.5870141041     0.1857142857     0.3498354712
v      0.586947379     0.1857142857      0.349801418
v     0.5868806539     0.1857142857     0.3497673648
v     0.5868139288     0.1857142857     0.3497333116
v     0.5867472037     0.1857142857     0.3496992585
v     0.5866804786     0.1857142857     0.3496652053
v      0.585391025     0.1857142857     0.3490112979
v     0.5837699549     0.1857142857     0.3481954572
v     0.5817440964     0.1857142857     0.3471857576
v     0.5792311339     0.1857142857     0.3459486849
v      0.576142507     0.1857142857     0.3444519872
v     0.5723888915     0.1857142857     0.3426692525
v      0.567888963     0.1857142857     0.3405861063
v     0.5625814651     0.1857142857     0.3382082465
v     0.5564399544     0.1857142857     0.3355695634
v     0.5494879955     0.1857142857     0.3327388505
v     0.5418114836     0.1857142857     0.3298213443
v     0.5335638641     0.1857142857     0.3269520478
v      0.524960588     0.1857142857     0.3242788711
v     0.5162610061     0.1857142857     0.3219385319
v      0.507739464     0.1857142857      0.320032493
v     0.4996515715     0.1857142857     0.3186119959
v     0.4922044748     0.1857142857     0.3176771592
v     0.4855387157     0.1857142857     0.3171878037
v      0.479724583     0.1857142857     0.3170801221
v     0.4747707494     0.1857142857     0.3172831718
v     0.4706404371     0.1857142857     0.3177321549
v     0.4672704035     0.1857142857     0.3183773696
v     0.4645918807     0.1857142857     0.3191925126
v     0.4625553001     0.1857142857     0.3201777206
v     0.4612453806     0.1857142857     0.3214162475
v     0.4607713575     0.1857142857     0.3227707416
v     0.4610348354     0.1857142857     0.3241500097
v      0.462348968     0.1857142857     0.3253559434
v     0.4643383861     0.1857142857     0.3263803867
v     0.4669700876     0.1857142857     0.3272279284
v     0.4702852001     0.1857142857     0.3279260786
v     0.4743486407     0.1857142857     0.3284882596
v     0.4792247665     0.1857142857     0.3289225122
v     0.4849573939     0.1857142857     0.3292474658
v     0.4915518422     0.1857142857     0.3295055111
v     0.4989579804     0.1857142857     0.3297721739
v     0.5070569945     0.1857142857      0.330153782
v     0.5156565813     0.1857142857     0.3307686654
v     0.5245006312     0.1857142857     0.3317141936
v      0.533296773     0.1857142857     0.3330319742
v     0.5417568771     0.1857142857     0.3346905602
v      0.549637652     0.1857142857     0.3365946424
v     0.5567675119     0.1857142857     0.3386148698
v     0.5630541037     0.1857142857     0.3406221829
v     0.5684757805     0.1857142857     0.3425127268
v     0.5730646599     0.1857142857     0.3442185804
v     0.5768879568     0.1857142857     0.3457065305
v     0.5800319406     0.1857142857     0.3469705259
v     0.5825893811     0.1857142857     0.3480225434
v     0.5846512708     0.1857142857     0.3488844294
v      0.586301594     0.1857142857     0.3495820931
v       0.58761463     0.1857142857     0.3501419498
v     0.5875479049     0.1857142857     0.3501078966
v     0.5874811798     0.1857142857     0.3500738434
v     0.5874144547     0.1857142857     0.3500397902
v     0.5873477296     0.1857142857     0.3500057371
v     0.5872810045     0.1857142857     0.3499716839
v     0.5872142794     0.1857142857     0.3499376307
v     0.5870808292     0.2321428571     0.3498695244
v     0.5871475543     0.2321428571     0.3499035775
v     0.5870141041     0.2321428571     0.3498354712
v      0.586947379     0.2321428571      0.349801418
v     0.5868806539     0.2321428571     0.3497673648
v     0.5868139288     0.2321428571     0.3497333116
v     0.5867472037     0.2321428571     0.3496992585
v     0.5866804786     0.2321428571     0.3496652053
v      0.585391025     0.2321428571     0.3490112979
v     0.5837699549     0.2321428571     0.3481954572
v     0.5817440964     0.2321428571     0.3471857576
v     0.5792311339     0.2321428571     0.3459486849
v      0.576142507     0.2321428571     0.3444519872
v     0.5723888915     0.2321428571     0.3426692525
v      0.567888963     0.2321428571     0.3405861063
v     0.5625814651     0.2321428571     0.3382082465
v     0.5564399544     0.2321428571     0.3355695634
v     0.5494879955     0.2321428571     0.3327388505
v     0.5418114836     0.2321428571     0.3298213443
v     0.5335638641     0.2321428571     0.3269520478
v      0.524960588     0.2321428571     0.3242788711
v     0.5162610061     0.2321428571     0.3219385319
v      0.507739464     0.2321428571      0.320032493
v     0.4996515715     0.2321428571     0.3186119959
v     0.4922044748     0.2321428571     0.3176771592
v     0.4855387157     0.2321428571     0.3171878037
v      0.479724583     0.2321428571     0.3170801221
v     0.4747707494     0.2321428571     0.3172831718
v     0.4706404371     0.2321428571     0.3177321549
v     0.4672704035     0.2321428571     0.3183773696
v     0.4645918807     0.2321428571     0.3191925126
v     0.4625553001     0.2321428571     0.3201777206
v     0.4612453806     0.2321428571     0.3214162475
v     0.4607713575     0.2321428571     0.3227707416
v     0.4610348354     0.2321428571     0.3241500097
v      0.462348968     0.2321428571     0.3253559434
v     0.4643383861     0.2321428571     0.3263803867
v     0.4669700876     0.2321428571     0.3272279284
v     0.4702852001     0.2321428571     0.3279260786
v     0.4743486407     0.2321428571     0.3284882596
v     0.4792247665     0.2321428571     0.3289225122
v     0.4849573939     0.2321428571     0.3292474658
v     0.4915518422     0.2321428571     0.3295055111
v     0.4989579804     0.2321428571     0.3297721739
v     0.5070569945     0.2321428571      0.330153782
v     0.5156565813     0.2321428571     0.3307686654
v     0.5245006312     0.2321428571     0.3317141936
v      0.533296773     0.2321428571     0.3330319742
v     0.5417568771     0.2321428571     0.3346905602
v      0.549637652     0.2321428571     0.3365946424
v     0.5567675119     0.2321428571     0.3386148698
v     0.5630541037     0.2321428571     0.3406221829
v     0.5684757805     0.2321428571     0.3425127268
v     0.5730646599     0.2321428571     0.3442185804
v     0.5768879568     0.2321428571     0.3457065305
v     0.5800319406     0.2321428571     0.3469705259
v     0.5825893811     0.2321428571     0.3480225434
v     0.5846512708     0.2321428571     0.3488844294
v      0.586301594     0.2321428571     0.3495820931
v       0.58761463     0.2321428571     0.3501419498
v     0.5875479049     0.2321428571     0.3501078966
v     0.5874811798     0.2321428571     0.3500738434
v     0.5874144547     0.2321428571     0.3500397902
v     0.5873477296     0.2321428571     0.3500057371
v     0.5872810045     0.2321428571     0.3499716839
v     0.5872142794     0.2321428571     0.3499376307
v     0.5870808292     0.2785714286     0.3498695244
v     0.5871475543     0.2785714286     0.3499035775
v     0.5870141041     0.2785714286     0.3498354712
v      0.586947379     0.2785714286      0.349801418
v     0.5868806539     0.2785714286     0.3497673648
v     0.5868139288     0.2785714286     0.3497333116
v     0.5867472037     0.2785714286     0.3496992585
v     0.5866804786     0.2785714286     0.3496652053
v      0.585391025     0.2785714286     0.3490112979
v     0.5837699549     0.2785714286     0.3481954572
v     0.5817440964     0.2785714286     0.3471857576
v     0.5792311339     0.2785714286     0.3459486849
v      0.576142507     0.2785714286     0.3444519872
v     0.5723888915     0.2785714286     0.3426692525
v      0.567888963     0.2785714286     0.3405861063
v     0.5625814651     0.2785714286     0.3382082465
v     0.5564399544     0.2785714286     0.3355695634
v     0.5494879955     0.2785714286     0.3327388505
v     0.5418114836     0.2785714286     0.3298213443
v     0.5335638641     0.2785714286     0.3269520478
v      0.524960588     0.2785714286     0.3242788711
v     0.5162610061     0.2785714286     0.3219385319
v      0.507739464     0.2785714286      0.320032493
v     0.4996515715     0.2785714286     0.3186119959
v     0.4922044748     0.2785714286     0.3176771592
v     0.4855387157     0.2785714286     0.3171878037
v      0.479724583     0.2785714286     0.3170801221
v     0.4747707494     0.2785714286     0.3172831718
v     0.4706404371     0.2785714286     0.3177321549
v     0.4672704035     0.2785714286     0.3183773696
v     0.4645918807     0.2785714286     0.3191925126
v     0.4625553001     0.2785714286     0.3201777206
v     0.4612453806     0.2785714286     0.3214162475
v     0.4607713575     0.2785714286     0.3227707416
v     0.4610348354     0.2785714286     0.3241500097
v      0.462348968     0.2785714286     0.3253559434
v     0.4643383861     0.2785714286     0.3263803867
v     0.4669700876     0.2785714286     0.3272279284
v     0.4702852001     0.2785714286     0.3279260786
v     0.4743486407     0.2785714286     0.3284882596
v     0.4792247665     0.2785714286     0.3289225122
v     0.4849573939     0.2785714286     0.3292474658
v     0.4915518422     0.2785714286     0.3295055111
v     0.4989579804     0.2785714286     0.3297721739
v     0.5070569945     0.2785714286      0.330153782
v     0.5156565813     0.2785714286     0.3307686654
v     0.5245006312     0.2785714286     0.3317141936
v      0.533296773     0.2785714286     0.3330319742
v     0.5417568771     0.2785714286     0.3346905602
v      0.549637652     0.2785714286     0.3365946424
v     0.5567675119     0.2785714286     0.3386148698
v     0.5630541037     0.2785714286     0.3406221829
v     0.5684757805     0.2785714286     0.3425127268
v     0.5730646599     0.2785714286     0.3442185804
v     0.5768879568     0.2785714286     0.3457065305
v     0.5800319406     0.2785714286     0.3469705259
v     0.5825893811     0.2785714286     0.3480225434
v     0.5846512708     0.2785714286     0.3488844294
v      0.586301594     0.2785714286     0.3495820931
v       0.58761463     0.2785714286     0.3501419498
v     0.5875479049     0.2785714286     0.3501078966
v     0.5874811798     0.2785714286     0.3500738434
v     0.5874144547     0.2785714286     0.3500397902
v     0.5873477296     0.2785714286     0.3500057371
v     0.5872810045     0.2785714286     0.3499716839
v     0.5872142794     0.2785714286     0.3499376307
v     0.5870808292            0.325     0.3498695244
v     0.5871475543            0.325     0.3499035775
v     0.5870141041            0.325     0.3498354712
v      0.586947379            0.325      0.349801418
v     0.5868806539            0.325     0.3497673648
v     0.5868139288            0.325     0.3497333116
v     0.5867472037            0.325     0.3496992585
v     0.5866804786            0.325     0.3496652053
v      0.585391025            0.325     0.3490112979
v     0.5837699549            0.325     0.3481954572
v     0.5817440964            0.325     0.3471857576
v     0.5792311339            0.325     0.3459486849
v      0.576142507            0.325     0.3444519872
v     0.5723888915            0.325     0.3426692525
v      0.567888963            0.325     0.3405861063
v     0.5625814651            0.325     0.3382082465
v     0.5564399544            0.325     0.3355695634
v     0.5494879955            0.325     0.3327388505
v     0.5418114836            0.325     0.3298213443
v     0.5335638641            0.325     0.3269520478
v      0.524960588            0.325     0.3242788711
v     0.5162610061            0.325     0.3219385319
v      0.507739464            0.325      0.320032493
v     0.4996515715            0.325     0.3186119959
v     0.4922044748            0.325     0.3176771592
v     0.4855387157            0.325     0.3171878037
v      0.479724583            0.325     0.3170801221
v     0.4747707494            0.325     0.3172831718
v     0.4706404371            0.325     0.3177321549
v     0.4672704035            0.325     0.3183773696
v     0.4645918807            0.325     0.3191925126
v     0.4625553001            0.325     0.3201777206
v     0.4612453806            0.325     0.3214162475
v     0.4607713575            0.325     0.3227707416
v     0.4610348354            0.325     0.3241500097
v      0.462348968            0.325     0.3253559434
v     0.4643383861            0.325     0.3263803867
v     0.4669700876            0.325     0.3272279284
v     0.4702852001            0.325     0.3279260786
v     0.4743486407            0.325     0.3284882596
v     0.4792247665            0.325     0.3289225122
v     0.4849573939            0.325     0.3292474658
v     0.4915518422            0.325     0.3295055111
v     0.4989579804            0.325     0.3297721739
v     0.5070569945            0.325      0.330153782
v     0.5156565813            0.325     0.3307686654
v     0.5245006312            0.325     0.3317141936
v      0.533296773            0.325     0.3330319742
v     0.5417568771            0.325     0.3346905602
v      0.549637652            0.325     0.3365946424
v     0.5567675119            0.325     0.3386148698
v     0.5630541037            0.325     0.3406221829
v     0.5684757805            0.325     0.3425127268
v     0.5730646599            0.325     0.3442185804
v     0.5768879568            0.325     0.3457065305
v     0.5800319406            0.325     0.3469705259
v     0.5825893811            0.325     0.3480225434
v     0.5846512708            0.325     0.3488844294
v      0.586301594            0.325     0.3495820931
v       0.58761463            0.325     0.3501419498
v     0.5875479049            0.325     0.3501078966
v     0.5874811798            0.325     0.3500738434
v     0.5874144547            0.325     0.3500397902
v     0.5873477296            0.325     0.3500057371
v     0.5872810045            0.325     0.3499716839
v     0.5872142794            0.325     0.3499376307
v     0.5870808292     0.3714285714     0.3498695244
v     0.5871475543     0.3714285714     0.3499035775
v     0.5870141041     0.3714285714     0.3498354712
v      0.586947379     0.3714285714      0.349801418
v     0.5868806539     0.3714285714     0.3497673648
v     0.5868139288     0.3714285714     0.3497333116
v     0.5867472037     0.3714285714     0.3496992585
v     0.5866804786     0.3714285714     0.3496652053
v      0.585391025     0.3714285714     0.3490112979
v     0.5837699549     0.3714285714     0.3481954572
v     0.5817440964     0.3714285714     0.3471857576
v     0.5792311339     0.3714285714     0.3459486849
v      0.576142507     0.3714285714     0.3444519872
v     0.5723888915     0.3714285714     0.3426692525
v      0.567888963     0.3714285714     0.3405861063
v     0.5625814651     0.3714285714     0.3382082465
v     0.5564399544     0.3714285714     0.3355695634
v     0.5494879955     0.3714285714     0.3327388505
v     0.5418114836     0.3714285714     0.3298213443
v     0.5335638641     0.3714285714     0.3269520478
v      0.524960588     0.3714285714     0.3242788711
v     0.5162610061     0.3714285714     0.3219385319
v      0.507739464     0.3714285714      0.320032493
v     0.4996515715     0.3714285714     0.3186119959
v     0.4922044748     0.3714285714     0.3176771592
v     0.4855387157     0.3714285714     0.3171878037
v      0.479724583     0.3714285714     0.3170801221
v     0.4747707494     0.3714285714     0.3172831718
v     0.4706404371     0.3714285714     0.3177321549
v     0.4672704035     0.3714285714     0.3183773696
v     0.4645918807     0.3714285714     0.3191925126
v     0.4625553001     0.3714285714     0.3201777206
v     0.4612453806     0.3714285714     0.3214162475
v     0.4607713575     0.3714285714     0.3227707416
v     0.4610348354     0.3714285714     0.3241500097
v      0.462348968     0.3714285714     0.3253559434
v     0.4643383861     0.3714285714     0.3263803867
v     0.4669700876     0.3714285714     0.3272279284
v     0.4702852001     0.3714285714     0.3279260786
v     0.4743486407     0.3714285714     0.3284882596
v     0.4792247665     0.3714285714     0.3289225122
v     0.4849573939     0.3714285714     0.3292474658
v     0.4915518422     0.3714285714     0.3295055111
v     0.4989579804     0.3714285714     0.3297721739
v     0.5070569945     0.3714285714      0.330153782
v     0.5156565813     0.3714285714     0.3307686654
v     0.5245006312     0.3714285714     0.3317141936
v      0.533296773     0.3714285714     0.3330319742
v     0.5417568771     0.3714285714     0.3346905602
v      0.549637652     0.3714285714     0.3365946424
v     0.5567675119     0.3714285714     0.3386148698
v     0.5630541037     0.3714285714     0.3406221829
v     0.5684757805     0.3714285714     0.3425127268
v     0.5730646599     0.3714285714     0.3442185804
v     0.5768879568     0.3714285714     0.3457065305
v     0.5800319406     0.3714285714     0.3469705259
v     0.5825893811     0.3714285714     0.3480225434
v     0.5846512708     0.3714285714     0.3488844294
v      0.586301594     0.3714285714     0.3495820931
v       0.58761463     0.3714285714     0.3501419498
v     0.5875479049     0.3714285714     0.3501078966
v     0.5874811798     0.3714285714     0.3500738434
v     0.5874144547     0.3714285714     0.3500397902
v     0.5873477296     0.3714285714     0.3500057371
v     0.5872810045     0.3714285714     0.3499716839
v     0.5872142794     0.3714285714     0.3499376307
v     0.5870808292     0.4178571429     0.3498695244
v     0.5871475543     0.4178571429     0.3499035775
v     0.5870141041     0.4178571429     0.3498354712
v      0.586947379     0.4178571429      0.349801418
v     0.5868806539     0.4178571429     0.3497673648
v     0.5868139288     0.4178571429     0.3497333116
v     0.5867472037     0.4178571429     0.3496992585
v     0.5866804786     0.4178571429     0.3496652053
v      0.585391025     0.4178571429     0.3490112979
v     0.5837699549     0.4178571429     0.3481954572
v     0.5817440964     0.4178571429     0.3471857576
v     0.5792311339     0.4178571429     0.3459486849
v      0.576142507     0.4178571429     0.3444519872
v     0.5723888915     0.4178571429     0.3426692525
v      0.567888963     0.4178571429     0.3405861063
v     0.5625814651     0.4178571429     0.3382082465
v     0.5564399544     0.4178571429     0.3355695634
v     0.5494879955     0.4178571429     0.3327388505
v     0.5418114836     0.4178571429     0.3298213443
v     0.5335638641     0.4178571429     0.3269520478
v      0.524960588     0.4178571429     0.3242788711
v     0.5162610061     0.4178571429     0.3219385319
v      0.507739464     0.4178571429      0.320032493
v     0.4996515715     0.4178571429     0.3186119959
v     0.4922044748     0.4178571429     0.3176771592
v     0.4855387157     0.4178571429     0.3171878037
v      0.479724583     0.4178571429     0.3170801221
v     0.4747707494     0.4178571429     0.3172831718
v     0.4706404371     0.4178571429     0.3177321549
v     0.4672704035     0.4178571429     0.3183773696
v     0.4645918807     0.4178571429     0.3191925126
v     0.4625553001     0.4178571429     0.3201777206
v     0.4612453806     0.4178571429     0.3214162475
v     0.4607713575     0.4178571429     0.3227707416
v     0.4610348354     0.4178571429     0.3241500097
v      0.462348968     0.4178571429     0.3253559434
v     0.4643383861     0.4178571429     0.3263803867
v     0.4669700876     0.4178571429     0.3272279284
v     0.4702852001     0.4178571429     0.3279260786
v     0.4743486407     0.4178571429     0.3284882596
v     0.4792247665     0.4178571429     0.3289225122
v     0.4849573939     0.4178571429     0.3292474658
v     0.4915518422     0.4178571429     0.3295055111
v     0.4989579804     0.4178571429     0.3297721739
v     0.5070569945     0.4178571429      0.330153782
v     0.5156565813     0.4178571429     0.3307686654
v     0.5245006312     0.4178571429     0.3317141936
v      0.533296773     0.4178571429     0.3330319742
v     0.5417568771     0.4178571429     0.3346905602
v      0.549637652     0.4178571429     0.3365946424
v     0.5567675119     0.4178571429     0.3386148698
v     0.5630541037     0.4178571429     0.3406221829
v     0.5684757805     0.4178571429     0.3425127268
v     0.5730646599     0.4178571429     0.3442185804
v     0.5768879568     0.4178571429     0.3457065305
v     0.5800319406     0.4178571429     0.3469705259
v     0.5825893811     0.4178571429     0.3480225434
v     0.5846512708     0.4178571429     0.3488844294
v      0.586301594     0.4178571429     0.3495820931
v       0.58761463     0.4178571429     0.3501419498
v     0.5875479049     0.4178571429     0.3501078966
v     0.5874811798     0.4178571429     0.3500738434
v     0.5874144547     0.4178571429     0.3500397902
v     0.5873477296     0.4178571429     0.3500057371
v     0.5872810045     0.4178571429     0.3499716839
v     0.5872142794     0.4178571429     0.3499376307
v     0.5870808292     0.4642857143     0.3498695244
v     0.5871475543     0.4642857143     0.3499035775
v     0.5870141041     0.4642857143     0.3498354712
v      0.586947379     0.4642857143      0.349801418
v     0.5868806539     0.4642857143     0.3497673648
v     0.5868139288     0.4642857143     0.3497333116
v     0.5867472037     0.4642857143     0.3496992585
v     0.5866804786     0.4642857143     0.3496652053
v      0.585391025     0.4642857143     0.3490112979
v     0.5837699549     0.4642857143     0.3481954572
v     0.5817440964     0.4642857143     0.3471857576
v     0.5792311339     0.4642857143     0.3459486849
v      0.576142507     0.4642857143     0.3444519872
v     0.5723888915     0.4642857143     0.3426692525
v      0.567888963     0.4642857143     0.3405861063
v     0.5625814651     0.4642857143     0.3382082465
v     0.5564399544     0.4642857143     0.3355695634
v     0.5494879955     0.4642857143     0.3327388505
v     0.5418114836     0.4642857143     0.3298213443
v     0.5335638641     0.4642857143     0.3269520478
v      0.524960588     0.4642857143     0.3242788711
v     0.5162610061     0.4642857143     0.3219385319
v      0.507739464     0.4642857143      0.320032493
v     0.4996515715     0.4642857143     0.3186119959
v     0.4922044748     0.4642857143     0.3176771592
v     0.4855387157     0.4642857143     0.3171878037
v      0.479724583     0.4642857143     0.3170801221
v     0.4747707494     0.4642857143     0.3172831718
v     0.4706404371     0.4642857143     0.3177321549
v     0.4672704035     0.4642857143     0.3183773696
v     0.4645918807     0.4642857143     0.3191925126
v     0.4625553001     0.4642857143     0.3201777206
v     0.4612453806     0.4642857143     0.3214162475
v     0.4607713575     0.4642857143     0.3227707416
v     0.4610348354     0.4642857143     0.3241500097
v      0.462348968     0.4642857143     0.3253559434
v     0.4643383861     0.4642857143     0.3263803867
v     0.4669700876     0.4642857143     0.3272279284
v     0.4702852001     0.4642857143     0.3279260786
v     0.4743486407     0.4642857143     0.3284882596
v     0.4792247665     0.4642857143     0.3289225122
v     0.4849573939     0.4642857143     0.3292474658
v     0.4915518422     0.4642857143     0.3295055111
v     0.4989579804     0.4642857143     0.3297721739
v     0.5070569945     0.4642857143      0.330153782
v     0.5156565813     0.4642857143     0.3307686654
v     0.5245006312     0.4642857143     0.3317141936
v      0.533296773     0.4642857143     0.3330319742
v     0.5417568771     0.4642857143     0.3346905602
v      0.549637652     0.4642857143     0.3365946424
v     0.5567675119     0.4642857143     0.3386148698
v     0.5630541037     0.4642857143     0.3406221829
v     0.5684757805     0.4642857143     0.3425127268
v     0.5730646599     0.4642857143     0.3442185804
v     0.5768879568     0.4642857143     0.3457065305
v     0.5800319406     0.4642857143     0.3469705259
v     0.5825893811     0.4642857143     0.3480225434
v     0.5846512708     0.4642857143     0.3488844294
v      0.586301594     0.4642857143     0.3495820931
v       0.58761463     0.4642857143     0.3501419498
v     0.5875479049     0.4642857143     0.3501078966
v     0.5874811798     0.4642857143     0.3500738434
v     0.5874144547     0.4642857143     0.3500397902
v     0.5873477296     0.4642857143     0.3500057371
v     0.5872810045     0.4642857143     0.3499716839
v     0.5872142794     0.4642857143     0.3499376307
v     0.5870808292     0.5107142857     0.3498695244
v     0.5871475543     0.5107142857     0.3499035775
v     0.5870141041     0.5107142857     0.3498354712
v      0.586947379     0.5107142857      0.349801418
v     0.5868806539     0.5107142857     0.3497673648
v     0.5868139288     0.5107142857     0.3497333116
v     0.5867472037     0.5107142857     0.3496992585
v     0.5866804786     0.5107142857     0.3496652053
v      0.585391025     0.5107142857     0.3490112979
v     0.5837699549     0.5107142857     0.3481954572
v     0.5817440964     0.5107142857     0.3471857576
v     0.5792311339     0.5107142857     0.3459486849
v      0.576142507     0.5107142857     0.3444519872
v     0.5723888915     0.5107142857     0.3426692525
v      0.567888963     0.5107142857     0.3405861063
v     0.5625814651     0.5107142857     0.3382082465
v     0.5564399544     0.5107142857     0.3355695634
v     0.5494879955     0.5107142857     0.3327388505
v     0.5418114836     0.5107142857     0.3298213443
v     0.5335638641     0.5107142857     0.3269520478
v      0.524960588     0.5107142857     0.3242788711
v     0.5162610061     0.5107142857     0.3219385319
v      0.507739464     0.5107142857      0.320032493
v     0.4996515715     0.5107142857     0.3186119959
v     0.4922044748     0.5107142857     0.3176771592
v     0.4855387157     0.5107142857     0.3171878037
v      0.479724583     0.5107142857     0.3170801221
v     0.4747707494     0.5107142857     0.3172831718
v     0.4706404371     0.5107142857     0.3177321549
v     0.4672704035     0.5107142857     0.3183773696
v     0.4645918807     0.5107142857     0.3191925126
v     0.4625553001     0.5107142857     0.3201777206
v     0.4612453806     0.5107142857     0.3214162475
v     0.4607713575     0.5107142857     0.3227707416
v     0.4610348354     0.5107142857     0.3241500097
v      0.462348968     0.5107142857     0.3253559434
v     0.4643383861     0.5107142857     0.3263803867
v     0.4669700876     0.5107142857     0.3272279284
v     0.4702852001     0.5107142857     0.3279260786
v     0.4743486407     0.5107142857     0.3284882596
v     0.4792247665     0.5107142857     0.3289225122
v     0.4849573939     0.5107142857     0.3292474658
v     0.4915518422     0.5107142857     0.3295055111
v     0.4989579804     0.5107142857     0.3297721739
v     0.5070569945     0.5107142857      0.330153782
v     0.5156565813     0.5107142857     0.3307686654
v     0.5245006312     0.5107142857     0.3317141936
v      0.533296773     0.5107142857     0.3330319742
v     0.5417568771     0.5107142857     0.3346905602
v      0.549637652     0.5107142857     0.3365946424
v     0.5567675119     0.5107142857     0.3386148698
v     0.5630541037     0.5107142857     0.3406221829
v     0.5684757805     0.5107142857     0.3425127268
v     0.5730646599     0.5107142857     0.3442185804
v     0.5768879568     0.5107142857     0.3457065305
v     0.5800319406     0.5107142857     0.3469705259
v     0.5825893811     0.5107142857     0.3480225434
v     0.5846512708     0.5107142857     0.3488844294
v      0.586301594     0.5107142857     0.3495820931
v       0.58761463     0.5107142857     0.3501419498
v     0.5875479049     0.5107142857     0.3501078966
v     0.5874811798     0.5107142857     0.3500738434
v     0.5874144547     0.5107142857     0.3500397902
v     0.5873477296     0.5107142857     0.3500057371
v     0.5872810045     0.5107142857     0.3499716839
v     0.5872142794     0.5107142857     0.3499376307
v     0.5870808292     0.5571428571     0.3498695244
v     0.5871475543     0.5571428571     0.3499035775
v     0.5870141041     0.5571428571     0.3498354712
v      0.586947379     0.5571428571      0.349801418
v     0.5868806539     0.5571428571     0.3497673648
v     0.5868139288     0.5571428571     0.3497333116
v     0.5867472037     0.5571428571     0.3496992585
v     0.5866804786     0.5571428571     0.3496652053
v      0.585391025     0.5571428571     0.3490112979
v     0.5837699549     0.5571428571     0.3481954572
v     0.5817440964     0.5571428571     0.3471857576
v     0.5792311339     0.5571428571     0.3459486849
v      0.576142507     0.5571428571     0.3444519872
v     0.5723888915     0.5571428571     0.3426692525
v      0.567888963     0.5571428571     0.3405861063
v     0.5625814651     0.5571428571     0.3382082465
v     0.5564399544     0.5571428571     0.3355695634
v     0.5494879955     0.5571428571     0.3327388505
v     0.5418114836     0.5571428571     0.3298213443
v     0.5335638641     0.5571428571     0.3269520478
v      0.524960588     0.5571428571     0.3242788711
v     0.5162610061     0.5571428571     0.3219385319
v      0.507739464     0.5571428571      0.320032493
v     0.4996515715     0.5571428571     0.3186119959
v     0.4922044748     0.5571428571     0.3176771592
v     0.4855387157     0.5571428571     0.3171878037
v      0.479724583     0.5571428571     0.3170801221
v     0.4747707494     0.5571428571     0.3172831718
v     0.4706404371     0.5571428571     0.3177321549
v     0.4672704035     0.5571428571     0.3183773696
v     0.4645918807     0.5571428571     0.3191925126
v     0.4625553001     0.5571428571     0.3201777206
v     0.4612453806     0.5571428571     0.3214162475
v     0.4607713575     0.5571428571     0.3227707416
v     0.4610348354     0.5571428571     0.3241500097
v      0.462348968     0.5571428571     0.3253559434
v     0.4643383861     0.5571428571     0.3263803867
v     0.4669700876     0.5571428571     0.3272279284
v     0.4702852001     0.5571428571     0.3279260786
v     0.4743486407     0.5571428571     0.3284882596
v     0.4792247665     0.5571428571     0.3289225122
v     0.4849573939     0.5571428571     0.3292474658
v     0.4915518422     0.5571428571     0.3295055111
v     0.4989579804     0.5571428571     0.3297721739
v     0.5070569945     0.5571428571      0.330153782
v     0.5156565813     0.5571428571     0.3307686654
v     0.5245006312     0.5571428571     0.3317141936
v      0.533296773     0.5571428571     0.3330319742
v     0.5417568771     0.5571428571     0.3346905602
v      0.549637652     0.5571428571     0.3365946424
v     0.5567675119     0.5571428571     0.3386148698
v     0.5630541037     0.5571428571     0.3406221829
v     0.5684757805     0.5571428571     0.3425127268
v     0.5730646599     0.5571428571     0.3442185804
v     0.5768879568     0.5571428571     0.3457065305
v     0.5800319406     0.5571428571     0.3469705259
v     0.5825893811     0.5571428571     0.3480225434
v     0.5846512708     0.5571428571     0.3488844294
v      0.586301594     0.5571428571     0.3495820931
v       0.58761463     0.5571428571     0.3501419498
v     0.5875479049     0.5571428571     0.3501078966
v     0.5874811798     0.5571428571     0.3500738434
v     0.5874144547     0.5571428571     0.3500397902
v     0.5873477296     0.5571428571     0.3500057371
v     0.5872810045     0.5571428571     0.3499716839
v     0.5872142794     0.5571428571     0.3499376307
v     0.5870808292     0.6035714286     0.3498695244
v     0.5871475543     0.6035714286     0.3499035775
v     0.5870141041     0.6035714286     0.3498354712
v      0.586947379     0.6035714286      0.349801418
v     0.5868806539     0.6035714286     0.3497673648
v     0.5868139288     0.6035714286     0.3497333116
v     0.5867472037     0.6035714286     0.3496992585
v     0.5866804786     0.6035714286     0.3496652053
v      0.585391025     0.6035714286     0.3490112979
v     0.5837699549     0.6035714286     0.3481954572
v     0.5817440964     0.6035714286     0.3471857576
v     0.5792311339     0.6035714286     0.3459486849
v      0.576142507     0.6035714286     0.3444519872
v     0.5723888915     0.6035714286     0.3426692525
v      0.567888963     0.6035714286     0.3405861063
v     0.5625814651     0.6035714286     0.3382082465
v     0.5564399544     0.6035714286     0.3355695634
v     0.5494879955     0.6035714286     0.3327388505
v     0.5418114836     0.6035714286     0.3298213443
v     0.5335638641     0.6035714286     0.3269520478
v      0.524960588     0.6035714286     0.3242788711
v     0.5162610061     0.6035714286     0.3219385319
v      0.507739464     0.6035714286      0.320032493
v     0.4996515715     0.6035714286     0.3186119959
v     0.4922044748     0.6035714286     0.3176771592
v     0.4855387157     0.6035714286     0.3171878037
v      0.479724583     0.6035714286     0.3170801221
v     0.4747707494     0.6035714286     0.3172831718
v     0.4706404371     0.6035714286     0.3177321549
v     0.4672704035     0.6035714286     0.3183773696
v     0.4645918807     0.6035714286     0.3191925126
v     0.4625553001     0.6035714286     0.3201777206
v     0.4612453806     0.6035714286     0.3214162475
v     0.4607713575     0.6035714286     0.3227707416
v     0.4610348354     0.6035714286     0.3241500097
v      0.462348968     0.6035714286     0.3253559434
v     0.4643383861     0.6035714286     0.3263803867
v     0.4669700876     0.6035714286     0.3272279284
v     0.4702852001     0.6035714286     0.3279260786
v     0.4743486407     0.6035714286     0.3284882596
v     0.4792247665     0.6035714286     0.3289225122
v     0.4849573939     0.6035714286     0.3292474658
v     0.4915518422     0.6035714286     0.3295055111
v     0.4989579804     0.6035714286     0.3297721739
v     0.5070569945     0.6035714286      0.330153782
v     0.5156565813     0.6035714286     0.3307686654
v     0.5245006312     0.6035714286     0.3317141936
v      0.533296773     0.6035714286     0.3330319742
v     0.5417568771     0.6035714286     0.3346905602
v      0.549637652     0.6035714286     0.3365946424
v     0.5567675119     0.6035714286     0.3386148698
v     0.5630541037     0.6035714286     0.3406221829
v     0.5684757805     0.6035714286     0.3425127268
v     0.5730646599     0.6035714286     0.3442185804
v     0.5768879568     0.6035714286     0.3457065305
v     0.5800319406     0.6035714286     0.3469705259
v     0.5825893811     0.6035714286     0.3480225434
v     0.5846512708     0.6035714286     0.3488844294
v      0.586301594     0.6035714286     0.3495820931
v       0.58761463     0.6035714286     0.3501419498
v     0.5875479049     0.6035714286     0.3501078966
v     0.5874811798     0.6035714286     0.3500738434
v     0.5874144547     0.6035714286     0.3500397902
v     0.5873477296     0.6035714286     0.3500057371
v     0.5872810045     0.6035714286     0.3499716839
v     0.5872142794     0.6035714286     0.3499376307
v     0.5870808292             0.65     0.3498695244
v     0.5871475543             0.65     0.3499035775
v     0.5870141041             0.65     0.3498354712
v      0.586947379             0.65      0.349801418
v     0.5868806539             0.65     0.3497673648
v     0.5868139288             0.65     0.3497333116
v     0.5867472037             0.65     0.3496992585
v     0.5866804786             0.65     0.3496652053
v      0.585391025             0.65     0.3490112979
v     0.5837699549             0.65     0.3481954572
v     0.5817440964             0.65     0.3471857576
v     0.5792311339             0.65     0.3459486849
v      0.576142507             0.65     0.3444519872
v     0.5723888915             0.65     0.3426692525
v      0.567888963             0.65     0.3405861063
v     0.5625814651             0.65     0.3382082465
v     0.5564399544             0.65     0.3355695634
v     0.5494879955             0.65     0.3327388505
v     0.5418114836             0.65     0.3298213443
v     0.5335638641             0.65     0.3269520478
v      0.524960588             0.65     0.3242788711
v     0.5162610061             0.65     0.3219385319
v      0.507739464             0.65      0.320032493
v     0.4996515715             0.65     0.3186119959
v     0.4922044748             0.65     0.3176771592
v     0.4855387157             0.65     0.3171878037
v      0.479724583             0.65     0.3170801221
v     0.4747707494             0.65     0.3172831718
v     0.4706404371             0.65     0.3177321549
v     0.4672704035             0.65     0.3183773696
v     0.4645918807             0.65     0.3191925126
v     0.4625553001             0.65     0.3201777206
v     0.4612453806             0.65     0.3214162475
v     0.4607713575             0.65     0.3227707416
v     0.4610348354             0.65     0.3241500097
v      0.462348968             0.65     0.3253559434
v     0.4643383861             0.65     0.3263803867
v     0.4669700876             0.65     0.3272279284
v     0.4702852001             0.65     0.3279260786
v     0.4743486407             0.65     0.3284882596
v     0.4792247665             0.65     0.3289225122
v     0.4849573939             0.65     0.3292474658
v     0.4915518422             0.65     0.3295055111
v     0.4989579804             0.65     0.3297721739
v     0.5070569945             0.65      0.330153782
v     0.5156565813             0.65     0.3307686654
v     0.5245006312             0.65     0.3317141936
v      0.533296773             0.65     0.3330319742
v     0.5417568771             0.65     0.3346905602
v      0.549637652             0.65     0.3365946424
v     0.5567675119             0.65     0.3386148698
v     0.5630541037             0.65     0.3406221829
v     0.5684757805             0.65     0.3425127268
v     0.5730646599             0.65     0.3442185804
v     0.5768879568             0.65     0.3457065305
v     0.5800319406             0.65     0.3469705259
v     0.5825893811             0.65     0.3480225434
v     0.5846512708             0.65     0.3488844294
v      0.586301594             0.65     0.3495820931
v       0.58761463             0.65     0.3501419498
v     0.5875479049             0.65     0.3501078966
v     0.5874811798             0.65     0.3500738434
v     0.5874144547             0.65     0.3500397902
v     0.5873477296             0.65     0.3500057371
v     0.5872810045             0.65     0.3499716839
v     0.5872142794             0.65     0.3499376307
v     0.5868877081     0.6500137344     0.3497709649
v     0.5868227466      0.650017168     0.3497378118
v      0.586757785     0.6500206016     0.3497046586
v     0.5866928235     0.6500240352     0.3496715055
v     0.5854030582     0.6500246855      0.349018841
v     0.5837816015     0.6500256758      0.348204562
v     0.5817552669     0.6500272987     0.3471968158
v     0.5792417166     0.6500297536     0.3459621886
v     0.5761523582     0.6500335497      0.344468566
v     0.5723978218     0.6500387671     0.3426897269
v     0.5678967178     0.6500462118     0.3406115667
v     0.5625877111      0.650056394     0.3382401468
v     0.5564442831     0.6500701938     0.3356098073
v     0.5494899733     0.6500884373      0.332789805
v      0.541810762     0.6501116005     0.3298856913
v     0.5335603345     0.6501394717     0.3270323944
v     0.5249545097     0.6501707243     0.3243771293
v     0.5162530186     0.6502028376     0.3220552226
v     0.5077304451     0.6502324808     0.3201662464
v     0.4996424056     0.6502562564     0.3187594783
v     0.4921958502     0.6502714879     0.3178334715
v     0.4855310335     0.6502766977     0.3173471728
v     0.4797179779     0.6502716389       0.31723662
v     0.4747651712     0.6502569741     0.3174312477
v     0.4706357427     0.6502337605     0.3178668682
v     0.4672664348     0.6502029489     0.3184943302
v     0.4645885307     0.6501648301     0.3192875007
v     0.4625525734     0.6501187658     0.3202461511
v     0.4612425982     0.6500628364     0.3214523743
v     0.4610376178     0.6500628364     0.3241138829
v     0.4623516947     0.6501187658     0.3252875129
v     0.4643417361     0.6501648301     0.3262853985
v     0.4669740563     0.6502029489     0.3271109677
v     0.4702898946     0.6502337605     0.3277913653
v     0.4743542189     0.6502569741     0.3283401837
v     0.4792313716     0.6502716389     0.3287660143
v     0.4849650761     0.6502766977     0.3290880967
v     0.4915604667     0.6502714879     0.3293491987
v     0.4989671462     0.6502562564     0.3296246915
v     0.5070660134     0.6502324808     0.3300200286
v     0.5156645688     0.6502028376     0.3306519747
v     0.5245067096     0.6501707243     0.3316159354
v     0.5333003026     0.6501394717     0.3329516276
v     0.5417575987     0.6501116005     0.3346262133
v     0.5496356743     0.6500884373     0.3365436879
v     0.5567631832     0.6500701938     0.3385746259
v     0.5630478578      0.650056394     0.3405902826
v     0.5684680257     0.6500462118     0.3424872664
v     0.5730557296     0.6500387671      0.344198106
v     0.5768781056     0.6500335497     0.3456899516
v     0.5800213579     0.6500297536     0.3469570222
v     0.5825782106     0.6500272987     0.3480114852
v     0.5846396242     0.6500256758     0.3488753246
v     0.5862895608     0.6500246855       0.34957455
v     0.5876022852     0.6500240352     0.3501356496
v     0.5875373236     0.6500206016     0.3501024964
v     0.5874723621      0.650017168     0.3500693433
v     0.5874074005     0.6500137344     0.3500361901
v     0.5870276768      0.650013173      0.349842398
v      0.586967738     0.6500197595     0.3498118082
v     0.5869077992     0.6500263459     0.3497812184
v     0.5868478605     0.6500329324     0.3497506287
v     0.5867879217     0.6500395189     0.3497200389
v     0.5867279829     0.6500461054     0.3496894491
v     0.5854373301     0.6500473528     0.3490403245
v     0.5838147723     0.6500492524     0.3482304934
v     0.5817870816     0.6500523656     0.3472283106
v     0.5792718572     0.6500570748     0.3460006485
v     0.5761804153     0.6500643565     0.3445157844
v     0.5724232563     0.6500743648     0.3427480403
v     0.5679188044     0.6500886456     0.3406840805
v     0.5626055002     0.6501081776     0.3383310022
v     0.5564566117     0.6501346489     0.3357244261
v      0.549495606     0.6501696446     0.3329349287
v     0.5418087067     0.6502140772     0.3300689581
v     0.5335502817     0.6502675411     0.3272612297
v     0.5249371979     0.6503274913     0.3246569789
v     0.5162302694     0.6503890925     0.3223875699
v     0.5077047584     0.6504459555       0.32054719
v     0.4996163003     0.6504915629     0.3191795234
v     0.4921712865     0.6505207806     0.3182786653
v     0.4855091538     0.6505307744     0.3178010727
v     0.4796991658     0.6505210703     0.3176823422
v     0.4747492839     0.6504929396     0.3178529832
v     0.4706223723     0.6504484101     0.3182505456
v     0.4672551315      0.650389306     0.3188274463
v     0.4645789897     0.6503161847     0.3195580369
v     0.4625448075     0.6502278221     0.3204410483
v     0.4612346737     0.6501205357     0.3215552673
v     0.4610455422     0.6501205357       0.32401099
v     0.4623594605     0.6502278221     0.3250926157
v     0.4643512771     0.6503161847     0.3260148623
v     0.4669853595      0.650389306     0.3267778517
v      0.470303265     0.6504484101     0.3274076879
v     0.4743701061     0.6504929396     0.3279184482
v     0.4792501836     0.6505210703     0.3283202922
v     0.4849869558     0.6505307744     0.3286341969
v     0.4915850304     0.6505207806     0.3289040049
v     0.4989932515     0.6504915629     0.3292046463
v     0.5070917001     0.6504459555      0.329639085
v      0.515687318     0.6503890925     0.3303196274
v     0.5245240213     0.6503274913     0.3313360858
v     0.5333103553     0.6502675411     0.3327227922
v      0.541759654     0.6502140772     0.3344429464
v     0.5496300416     0.6501696446     0.3363985641
v     0.5567508547     0.6501346489     0.3384600071
v     0.5630300687     0.6501081776     0.3404994272
v     0.5684459391     0.6500886456     0.3424147525
v     0.5730302951     0.6500743648     0.3441397926
v     0.5768500485     0.6500643565     0.3456427333
v     0.5799912173     0.6500570748     0.3469185623
v     0.5825463959     0.6500523656     0.3479799904
v     0.5846064533     0.6500492524     0.3488493931
v     0.5862552889     0.6500473528     0.3495530665
v     0.5875671257     0.6500461054     0.3501177059
v     0.5875071869     0.6500395189     0.3500871162
v     0.5874472482     0.6500329324     0.3500565264
v     0.5873873094     0.6500263459     0.3500259366
v     0.5873273706     0.6500197595     0.3499953468
v     0.5872674319      0.650013173     0.3499647571
v     0.5870954957     0.6500093684     0.3498770094
v     0.5870434372     0.6500187369     0.3498504413
v     0.5869913786     0.6500281053     0.3498238732
v       0.58693932     0.6500374738     0.3497973051
v     0.5868872614     0.6500468422      0.349770737
v     0.5868352028     0.6500562107     0.3497441689
v     0.5867831443     0.6500655791     0.3497176007
v     0.5854910989     0.6500673534     0.3490740298
v     0.5838668138     0.6500700553      0.348271177
v     0.5818369954     0.6500744834     0.3472777225
v     0.5793191446     0.6500811816     0.3460609879
v     0.5762244339      0.650091539     0.3445898647
v     0.5724631602     0.6501057745     0.3428395276
v     0.5679534558     0.6501260871     0.3407978469
v     0.5626334093     0.6501538689     0.3384735444
v     0.5564759538      0.650191521     0.3359042505
v     0.5495044432      0.650241298      0.333162612
v     0.5418054822     0.6503044977     0.3303564838
v     0.5335345101     0.6503805433     0.3276202474
v     0.5249100376     0.6504658148     0.3250960323
v     0.5161945783     0.6505534348     0.3229089864
v     0.5076644588     0.6506343152     0.3211448489
v      0.499575344     0.6506991859     0.3198385284
v     0.4921327488     0.6507407445     0.3189771257
v     0.4854748269     0.6507549593     0.3185131918
v     0.4796696518     0.6507411565     0.3183816315
v     0.4747243585     0.6507011441       0.31851464
v     0.4706013957     0.6506378066     0.3188524935
v      0.467237398     0.6505537384     0.3193500689
v      0.464564021     0.6504497327     0.3199824786
v     0.4625326236      0.650324048     0.3207468207
v     0.4612222411     0.6501714467      0.321716695
v     0.4610579749     0.6501714467     0.3238495622
v     0.4623716444      0.650324048     0.3247868433
v     0.4643662458     0.6504497327     0.3255904207
v     0.4670030931     0.6505537384      0.326255229
v     0.4703242416     0.6506378066       0.32680574
v     0.4743950315     0.6507011441     0.3272567914
v     0.4792796976     0.6507411565     0.3276210028
v     0.4850212826     0.6507549593     0.3279220777
v     0.4916235682     0.6507407445     0.3282055446
v     0.4990342078     0.6506991859     0.3285456414
v     0.5071319997     0.6506343152     0.3290414261
v     0.5157230091     0.6505534348     0.3297982109
v     0.5245511816     0.6504658148     0.3308970324
v      0.533326127     0.6503805433     0.3323637745
v     0.5417628785     0.6503044977     0.3341554208
v     0.5496212044      0.650241298     0.3361708809
v     0.5567315125      0.650191521     0.3382801827
v     0.5630021595     0.6501538689     0.3403568851
v     0.5684112877     0.6501260871     0.3423009862
v     0.5729903912     0.6501057745     0.3440483053
v     0.5768060299      0.650091539     0.3455686529
v     0.5799439299     0.6500811816     0.3468582229
v     0.5824964821     0.6500744834     0.3479305785
v     0.5845544119     0.6500700553     0.3488087095
v     0.5862015201     0.6500673534     0.3495193612
v     0.5875119644     0.6500655791     0.3500895543
v     0.5874599058     0.6500562107     0.3500629862
v     0.5874078472     0.6500468422     0.3500364181
v     0.5873557886     0.6500374738       0.35000985
v     0.5873037301     0.6500281053     0.3499832819
v     0.5872516715     0.6500187369     0.3499567138
v     0.5871996129     0.6500093684     0.3499301456
v     0.5870641087     0.6500233785     0.3498609911
v     0.5870223859     0.6500350677     0.3498396978
v     0.5869806631      0.650046757     0.3498184046
v     0.5869389404     0.6500584462     0.3497971113
v     0.5868972176     0.6500701355     0.3497758181
v     0.5868554948     0.6500818247     0.3497545249
v      0.585561623     0.6500840385     0.3491182382
v     0.5839350721     0.6500874098     0.3483245383
v     0.5819024631     0.6500929348      0.347342532
v     0.5793811675     0.6501012924       0.34614013
v     0.5762821694     0.6501142155     0.3446870298
v     0.5725154988     0.6501319775     0.3429595239
v     0.5679989051     0.6501573221     0.3409470646
v     0.5626700154     0.6501919861      0.338660505
v     0.5565013233     0.6502389656     0.3361401111
v     0.5495160341     0.6503010735     0.3334612451
v     0.5418012529     0.6503799295     0.3307336071
v     0.5335138238     0.6504748135     0.3280911409
v     0.5248744137     0.6505812089     0.3256719019
v     0.5161477652     0.6506905346     0.3235928849
v     0.5076116012      0.650791451      0.321928748
v      0.499521625     0.6508723919       0.32070289
v      0.492082202     0.6509242456     0.3198932377
v     0.4854298033     0.6509419818      0.319447219
v     0.4796309408     0.6509247597     0.3192988308
v      0.474691666     0.6508748352     0.3193824799
v     0.4705738824     0.6507958074     0.3196420183
v     0.4672141383     0.6506909134     0.3200355493
v     0.4645443877     0.6505611429     0.3205391832
v     0.4625166431     0.6504043229     0.3211478768
v     0.4612059343     0.6502139184     0.3219284264
v     0.4610742817     0.6502139184     0.3236378309
v     0.4623876249     0.6504043229     0.3243857872
v     0.4643858791     0.6505611429     0.3250337161
v     0.4670263527     0.6506909134     0.3255697486
v     0.4703517549     0.6507958074     0.3260162153
v     0.4744277241     0.6508748352     0.3263889515
v     0.4793184087     0.6509247597     0.3267038035
v     0.4850663063     0.6509419818     0.3269880506
v     0.4916741149     0.6509242456     0.3272894325
v     0.4990879268     0.6508723919     0.3276812798
v     0.5071848573      0.650791451      0.328257527
v     0.5157698221     0.6506905346     0.3291143124
v     0.5245868055     0.6505812089     0.3303211628
v     0.5333468133     0.6504748135      0.331892881
v     0.5417671078     0.6503799295     0.3337782975
v     0.5496096134     0.6503010735     0.3358722478
v      0.556706143     0.6502389656     0.3380443222
v     0.5629655534     0.6501919861     0.3401699244
v     0.5683658384     0.6501573221     0.3421517684
v     0.5729380526     0.6501319775      0.343928309
v     0.5767482944     0.6501142155     0.3454714879
v      0.579881907     0.6501012924     0.3467790808
v     0.5824310144     0.6500929348      0.347865769
v     0.5844861535     0.6500874098     0.3487553483
v     0.5861309961     0.6500840385     0.3494751529
v     0.5874396139     0.6500818247     0.3500526302
v     0.5873978911     0.6500701355      0.350031337
v     0.5873561683     0.6500584462     0.3500100437
v     0.5873144455      0.650046757     0.3499887505
v     0.5872727227     0.6500350677     0.3499674573
v     0.5872309999     0.6500233785      0.349946164
v     0.5871182211     0.6500134587     0.3498886073
v     0.5870888879     0.6500269173     0.3498736371
v     0.5870595546      0.650040376     0.3498586669
v     0.5870302214     0.6500538347     0.3498436967
v     0.5870008882     0.6500672933     0.3498287264
v      0.586971555      0.650080752     0.3498137562
v     0.5869422218     0.6500942106      0.349798786
v     0.5856461605     0.6500967595      0.349171231
v     0.5840168939     0.6501006412     0.3483885027
v     0.5819809397     0.6501070025     0.3474202195
v     0.5794555147     0.6501166251     0.3462349981
v     0.5763513772     0.6501315045     0.3448035021
v     0.5725782374     0.6501519551     0.3431033641
v     0.5680533855     0.6501811362     0.3411259328
v     0.5627138954     0.6502210474     0.3388846158
v     0.5565317339     0.6502751382     0.3364228385
v     0.5495299283     0.6503466475     0.3338192183
v     0.5417961832       0.65043744      0.331185667
v     0.5334890269     0.6505466868     0.3286556037
v     0.5248317111     0.6506691874     0.3263622002
v     0.5160916502     0.6507950619      0.324412678
v     0.5075482405     0.6509112543     0.3228684125
v     0.4994572317     0.6510044472     0.3217390053
v     0.4920216113     0.6510641501     0.3209913866
v     0.4853758331     0.6510845711     0.3205668427
v     0.4795845376     0.6510647421     0.3203982829
v     0.4746524772     0.6510072605     0.3204227647
v      0.470540902     0.6509162701     0.3205884261
v     0.4671862569     0.6507954981     0.3208572387
v     0.4645208531      0.650646084     0.3212065082
v     0.4624974871     0.6504655259      0.321628625
v     0.4611863872     0.6502462995     0.3221822299
v     0.4610938288     0.6502462995     0.3233840273
v     0.4624067809     0.6504655259      0.323905039
v     0.4644094137      0.650646084      0.324366391
v     0.4670542342     0.6507954981     0.3247480593
v     0.4703847352     0.6509162701     0.3250698074
v     0.4744669128     0.6510072605     0.3253486667
v     0.4793648118     0.6510647421     0.3256043514
v     0.4851202765     0.6510845711     0.3258684268
v     0.4917347056     0.6510641501     0.3261912837
v     0.4991523201     0.6510044472     0.3266451645
v      0.507248218     0.6509112543     0.3273178625
v     0.5158259372     0.6507950619     0.3282945193
v     0.5246295081     0.6506691874     0.3296308645
v     0.5333716102     0.6505466868     0.3313284183
v     0.5417721775       0.65043744     0.3333262375
v     0.5495957192     0.6503466475     0.3355142745
v     0.5566757324     0.6502751382     0.3377615947
v     0.5629216735     0.6502210474     0.3399458136
v      0.568311358     0.6501811362     0.3419729002
v      0.572875314     0.6501519551     0.3437844688
v     0.5766790866     0.6501315045     0.3453550156
v     0.5798075598     0.6501166251     0.3466842127
v     0.5823525378     0.6501070025     0.3477880815
v     0.5844043318     0.6501006412     0.3486913838
v     0.5860464585     0.6500967595       0.34942216
v     0.5873528869     0.6500942106     0.3500083691
v     0.5873235536      0.650080752     0.3499933988
v     0.5872942204     0.6500672933     0.3499784286
v     0.5872648872     0.6500538347     0.3499634584
v      0.587235554      0.650040376     0.3499484882
v     0.5872062208     0.6500269173      0.349933518
v     0.5871768875     0.6500134587     0.3499185478
v     0.5871322626     0.6500145865     0.3498957734
v     0.5871169709      0.650029173     0.3498879693
v     0.5871016793     0.6500437594     0.3498801652
v     0.5870863876     0.6500583459     0.3498723611
v     0.5870710959     0.6500729324     0.3498645569
v     0.5870558042     0.6500875189     0.3498567528
v     0.5870405125     0.6501021054     0.3498489487
v       0.58574197     0.6501048678     0.3492312897
v     0.5841096253     0.6501090747     0.3484609959
v     0.5820698799     0.6501159692     0.3475082655
v      0.579539775     0.6501263982     0.3463425155
v     0.5764298129     0.6501425243     0.3449355042
v     0.5726493413     0.6501646887     0.3432663833
v       0.56811513     0.6501963151     0.3413286505
v     0.5627636261     0.6502395708     0.3391386085
v     0.5565661993     0.6502981944     0.3367432635
v     0.5495456751     0.6503756961      0.334224922
v     0.5417904375     0.6504740968     0.3316980024
v     0.5334609238     0.6505924983     0.3292953292
v     0.5247833148     0.6507252644     0.3271445395
v      0.516028053     0.6508616869     0.3253417783
v     0.5074764315      0.650987616     0.3239333673
v     0.4993842526     0.6510886184     0.3229132713
v     0.4919529418     0.6511533243     0.3222359573
v     0.4853146668     0.6511754566     0.3218357518
v     0.4795319473     0.6511539659     0.3216443308
v     0.4746080633     0.6510916674      0.321601756
v     0.4705035242     0.6509930521     0.3216610235
v     0.4671546579     0.6508621597     0.3217884882
v     0.4644941806     0.6507002248     0.3219628112
v      0.462475777     0.6505045363     0.3221734739
v     0.4611642338     0.6502669391     0.3224698744
v     0.4611159822     0.6502669391     0.3230963828
v      0.462428491     0.6505045363     0.3233601901
v     0.4644360862     0.6507002248      0.323610088
v     0.4670858332     0.6508621597     0.3238168098
v      0.470422113     0.6509930521       0.32399721
v     0.4745113268     0.6510916674     0.3241696754
v     0.4794174022     0.6511539659     0.3243583035
v     0.4851814427     0.6511754566     0.3245995177
v     0.4918033751     0.6511533243     0.3249467129
v     0.4992252992     0.6510886184     0.3254708985
v      0.507320027      0.650987616     0.3262529077
v     0.5158895343     0.6508616869      0.327365419
v     0.5246779044     0.6507252644     0.3288485252
v     0.5333997133     0.6505924983     0.3306886928
v     0.5417779231     0.6504740968     0.3328139021
v     0.5495799725     0.6503756961     0.3351085709
v     0.5566412671     0.6502981944     0.3374411698
v     0.5628719428     0.6502395708      0.339691821
v     0.5682496135     0.6501963151     0.3417701826
v     0.5728042101     0.6501646887     0.3436214496
v     0.5766006509     0.6501425243     0.3452230134
v     0.5797232994     0.6501263982     0.3465766953
v     0.5822635976     0.6501159692     0.3477000354
v     0.5843116004     0.6501090747     0.3486188907
v     0.5859506491     0.6501048678     0.3493621013
v     0.5872545961     0.6501021054     0.3499582064
v     0.5872393044     0.6500875189     0.3499504022
v     0.5872240127     0.6500729324     0.3499425981
v     0.5872087211     0.6500583459      0.349934794
v     0.5871934294     0.6500437594     0.3499269899
v     0.5871781377      0.650029173     0.3499191858
v      0.587162846     0.6500145865     0.3499113816
v     0.5871475543     0.6500299649     0.3499035775
v     0.5871475543     0.6500599299     0.3499035775
v     0.5871475543     0.6500898948     0.3499035775
v     0.5858463095     0.6501077147     0.3492966955
v     0.5842106128     0.6501120359     0.3485399433
v     0.5821667387     0.6501191175     0.3476041505
v     0.5796315372     0.6501298296     0.3464596054
v     0.5765152319     0.6501463935     0.3450792588
v     0.5727267757     0.6501691597     0.3434439165
v     0.5681823718     0.6502016446     0.3415494165
v     0.5628177844     0.6502460746     0.3394152147
v     0.5566037332     0.6503062897     0.3370922166
v     0.5495628238     0.6503858953     0.3346667464
v     0.5417841803     0.6504869674     0.3322559523
v     0.5334303185     0.6506085832      0.329992011
v     0.5247306096     0.6507449536     0.3279965324
v     0.5159587937     0.6508850796     0.3263535987
v     0.5073982292     0.6510144274     0.3250931375
v     0.4993047759     0.6511181718     0.3241920849
v     0.4918781585     0.6511846343     0.3235913351
v     0.4852480548     0.6512073674     0.3232176348
v     0.4794746747     0.6511852933     0.3230013172
v      0.474559695     0.6511213036     0.3228857157
v     0.4704628186     0.6510200112     0.3228291168
v     0.4671202455     0.6508855652      0.322802649
v     0.4644651334     0.6507192343     0.3227864496
v      0.462452134     0.6505182332      0.322766832
v      0.461140108     0.6502741858     0.3227831286
v     0.5871475543   -0.04642857143     0.3499035775
v     0.5870808292   -0.04642857143     0.3498695244
v     0.5870141041   -0.04642857143     0.3498354712
v      0.586947379   -0.04642857143      0.349801418
v     0.5868806539   -0.04642857143     0.3497673648
v     0.5868139288   -0.04642857143     0.3497333116
v     0.5867472037   -0.04642857143     0.3496992585
v     0.5866804786   -0.04642857143     0.3496652053
v      0.585391025   -0.04642857143     0.3490112979
v     0.5837699549   -0.04642857143     0.3481954572
v     0.5817440964   -0.04642857143     0.3471857576
v     0.5792311339   -0.04642857143     0.3459486849
v      0.576142507   -0.04642857143     0.3444519872
v     0.5723888915   -0.04642857143     0.3426692525
v      0.567888963   -0.04642857143     0.3405861063
v     0.5625814651   -0.04642857143     0.3382082465
v     0.5564399544   -0.04642857143     0.3355695634
v     0.5494879955   -0.04642857143     0.3327388505
v     0.5418114836   -0.04642857143     0.3298213443
v     0.5335638641   -0.04642857143     0.3269520478
v      0.524960588   -0.04642857143     0.3242788711
v     0.5162610061   -0.04642857143     0.3219385319
v      0.507739464   -0.04642857143      0.320032493
v     0.4996515715   -0.04642857143     0.3186119959
v     0.4922044748   -0.04642857143     0.3176771592
v     0.4855387157   -0.04642857143     0.3171878037
v      0.479724583   -0.04642857143     0.3170801221
v     0.4747707494   -0.04642857143     0.3172831718
v     0.4706404371   -0.04642857143     0.3177321549
v     0.4672704035   -0.04642857143     0.3183773696
v     0.4645918807   -0.04642857143     0.3191925126
v     0.4625553001   -0.04642857143     0.3201777206
v     0.4612453806   -0.04642857143     0.3214162475
v     0.4607713575   -0.04642857143     0.3227707416
v     0.4610348354   -0.04642857143     0.3241500097
v      0.462348968   -0.04642857143     0.3253559434
v     0.4643383861   -0.04642857143     0.3263803867
v     0.4669700876   -0.04642857143     0.3272279284
v     0.4702852001   -0.04642857143     0.3279260786
v     0.4743486407   -0.04642857143     0.3284882596
v     0.4792247665   -0.04642857143     0.3289225122
v     0.4849573939   -0.04642857143     0.3292474658
v     0.4915518422   -0.04642857143     0.3295055111
v     0.4989579804   -0.04642857143     0.3297721739
v     0.5070569945   -0.04642857143      0.330153782
v     0.5156565813   -0.04642857143     0.3307686654
v     0.5245006312   -0.04642857143     0.3317141936
v      0.533296773   -0.04642857143     0.3330319742
v     0.5417568771   -0.04642857143     0.3346905602
v      0.549637652   -0.04642857143     0.3365946424
v     0.5567675119   -0.04642857143     0.3386148698
v     0.5630541037   -0.04642857143     0.3406221829
v     0.5684757805   -0.04642857143     0.3425127268
v     0.5730646599   -0.04642857143     0.3442185804
v     0.5768879568   -0.04642857143     0.3457065305
v     0.5800319406   -0.04642857143     0.3469705259
v     0.5825893811   -0.04642857143     0.3480225434
v     0.5846512708   -0.04642857143     0.3488844294
v      0.586301594   -0.04642857143     0.3495820931
v       0.58761463   -0.04642857143     0.3501419498
v     0.5875479049   -0.04642857143     0.3501078966
v     0.5874811798   -0.04642857143     0.3500738434
v     0.5874144547   -0.04642857143     0.3500397902
v     0.5873477296   -0.04642857143     0.3500057371
v     0.5872810045   -0.04642857143     0.3499716839
v     0.5872142794   -0.04642857143     0.3499376307
v     0.5871475543   -0.09285714286     0.3499035775
v     0.5870808292   -0.09285714286     0.3498695244
v     0.5870141041   -0.09285714286     0.3498354712
v      0.586947379   -0.09285714286      0.349801418
v     0.5868806539   -0.09285714286     0.3497673648
v     0.5868139288   -0.09285714286     0.3497333116
v     0.5867472037   -0.09285714286     0.3496992585
v     0.5866804786   -0.09285714286     0.3496652053
v      0.585391025   -0.09285714286     0.3490112979
v     0.5837699549   -0.09285714286     0.3481954572
v     0.5817440964   -0.09285714286     0.3471857576
v     0.5792311339   -0.09285714286     0.3459486849
v      0.576142507   -0.09285714286     0.3444519872
v     0.5723888915   -0.09285714286     0.3426692525
v      0.567888963   -0.09285714286     0.3405861063
v     0.5625814651   -0.09285714286     0.3382082465
v     0.5564399544   -0.09285714286     0.3355695634
v     0.5494879955   -0.09285714286     0.3327388505
v     0.5418114836   -0.09285714286     0.3298213443
v     0.5335638641   -0.09285714286     0.3269520478
v      0.524960588   -0.09285714286     0.3242788711
v     0.5162610061   -0.09285714286     0.3219385319
v      0.507739464   -0.09285714286      0.320032493
v     0.4996515715   -0.09285714286     0.3186119959
v     0.4922044748   -0.09285714286     0.3176771592
v     0.4855387157   -0.09285714286     0.3171878037
v      0.479724583   -0.09285714286     0.3170801221
v     0.4747707494   -0.09285714286     0.3172831718
v     0.4706404371   -0.09285714286     0.3177321549
v     0.4672704035   -0.09285714286     0.3183773696
v     0.4645918807   -0.09285714286     0.3191925126
v     0.4625553001   -0.09285714286     0.3201777206
v     0.4612453806   -0.09285714286     0.3214162475
v     0.4607713575   -0.09285714286     0.3227707416
v     0.4610348354   -0.09285714286     0.3241500097
v      0.462348968   -0.09285714286     0.3253559434
v     0.4643383861   -0.09285714286     0.3263803867
v     0.4669700876   -0.09285714286     0.3272279284
v     0.4702852001   -0.09285714286     0.3279260786
v     0.4743486407   -0.09285714286     0.3284882596
v     0.4792247665   -0.09285714286     0.3289225122
v     0.4849573939   -0.09285714286     0.3292474658
v     0.4915518422   -0.09285714286     0.3295055111
v     0.4989579804   -0.09285714286     0.3297721739
v     0.5070569945   -0.09285714286      0.330153782
v     0.5156565813   -0.09285714286     0.3307686654
v     0.5245006312   -0.09285714286     0.3317141936
v      0.533296773   -0.09285714286     0.3330319742
v     0.5417568771   -0.09285714286     0.3346905602
v      0.549637652   -0.09285714286     0.3365946424
v     0.5567675119   -0.09285714286     0.3386148698
v     0.5630541037   -0.09285714286     0.3406221829
v     0.5684757805   -0.09285714286     0.3425127268
v     0.5730646599   -0.09285714286     0.3442185804
v     0.5768879568   -0.09285714286     0.3457065305
v     0.5800319406   -0.09285714286     0.3469705259
v     0.5825893811   -0.09285714286     0.3480225434
v     0.5846512708   -0.09285714286     0.3488844294
v      0.586301594   -0.09285714286     0.3495820931
v       0.58761463   -0.09285714286     0.3501419498
v     0.5875479049   -0.09285714286     0.3501078966
v     0.5874811798   -0.09285714286     0.3500738434
v     0.5874144547   -0.09285714286     0.3500397902
v     0.5873477296   -0.09285714286     0.3500057371
v     0.5872810045   -0.09285714286     0.3499716839
v     0.5872142794   -0.09285714286     0.3499376307
v     0.5871475543    -0.1392857143     0.3499035775
v     0.5870808292    -0.1392857143     0.3498695244
v     0.5870141041    -0.1392857143     0.3498354712
v      0.586947379    -0.1392857143      0.349801418
v     0.5868806539    -0.1392857143     0.3497673648
v     0.5868139288    -0.1392857143     0.3497333116
v     0.5867472037    -0.1392857143     0.3496992585
v     0.5866804786    -0.1392857143     0.3496652053
v      0.585391025    -0.1392857143     0.3490112979
v     0.5837699549    -0.1392857143     0.3481954572
v     0.5817440964    -0.1392857143     0.3471857576
v     0.5792311339    -0.1392857143     0.3459486849
v      0.576142507    -0.1392857143     0.3444519872
v     0.5723888915    -0.1392857143     0.3426692525
v      0.567888963    -0.1392857143     0.3405861063
v     0.5625814651    -0.1392857143     0.3382082465
v     0.5564399544    -0.1392857143     0.3355695634
v     0.5494879955    -0.1392857143     0.3327388505
v     0.5418114836    -0.1392857143     0.3298213443
v     0.5335638641    -0.1392857143     0.3269520478
v      0.524960588    -0.1392857143     0.3242788711
v     0.5162610061    -0.1392857143     0.3219385319
v      0.507739464    -0.1392857143      0.320032493
v     0.4996515715    -0.1392857143     0.3186119959
v     0.4922044748    -0.1392857143     0.3176771592
v     0.4855387157    -0.1392857143     0.3171878037
v      0.479724583    -0.1392857143     0.3170801221
v     0.4747707494    -0.1392857143     0.3172831718
v     0.4706404371    -0.1392857143     0.3177321549
v     0.4672704035    -0.1392857143     0.3183773696
v     0.4645918807    -0.1392857143     0.3191925126
v     0.4625553001    -0.1392857143     0.3201777206
v     0.4612453806    -0.1392857143     0.3214162475
v     0.4607713575    -0.1392857143     0.3227707416
v     0.4610348354    -0.1392857143     0.3241500097
v      0.462348968    -0.1392857143     0.3253559434
v     0.4643383861    -0.1392857143     0.3263803867
v     0.4669700876    -0.1392857143     0.3272279284
v     0.4702852001    -0.1392857143     0.3279260786
v     0.4743486407    -0.1392857143     0.3284882596
v     0.4792247665    -0.1392857143     0.3289225122
v     0.4849573939    -0.1392857143     0.3292474658
v     0.4915518422    -0.1392857143     0.3295055111
v     0.4989579804    -0.1392857143     0.3297721739
v     0.5070569945    -0.1392857143      0.330153782
v     0.5156565813    -0.1392857143     0.3307686654
v     0.5245006312    -0.1392857143     0.3317141936
v      0.533296773    -0.1392857143     0.3330319742
v     0.5417568771    -0.1392857143     0.3346905602
v      0.549637652    -0.1392857143     0.3365946424
v     0.5567675119    -0.1392857143     0.3386148698
v     0.5630541037    -0.1392857143     0.3406221829
v     0.5684757805    -0.1392857143     0.3425127268
v     0.5730646599    -0.1392857143     0.3442185804
v     0.5768879568    -0.1392857143     0.3457065305
v     0.5800319406    -0.1392857143     0.3469705259
v     0.5825893811    -0.1392857143     0.3480225434
v     0.5846512708    -0.1392857143     0.3488844294
v      0.586301594    -0.1392857143     0.3495820931
v       0.58761463    -0.1392857143     0.3501419498
v     0.5875479049    -0.1392857143     0.3501078966
v     0.5874811798    -0.1392857143     0.3500738434
v     0.5874144547    -0.1392857143     0.3500397902
v     0.5873477296    -0.1392857143     0.3500057371
v     0.5872810045    -0.1392857143     0.3499716839
v     0.5872142794    -0.1392857143     0.3499376307
v     0.5871475543    -0.1857142857     0.3499035775
v     0.5870808292    -0.1857142857     0.3498695244
v     0.5870141041    -0.1857142857     0.3498354712
v      0.586947379    -0.1857142857      0.349801418
v     0.5868806539    -0.1857142857     0.3497673648
v     0.5868139288    -0.1857142857     0.3497333116
v     0.5867472037    -0.1857142857     0.3496992585
v     0.5866804786    -0.1857142857     0.3496652053
v      0.585391025    -0.1857142857     0.3490112979
v     0.5837699549    -0.1857142857     0.3481954572
v     0.5817440964    -0.1857142857     0.3471857576
v     0.5792311339    -0.1857142857     0.3459486849
v      0.576142507    -0.1857142857     0.3444519872
v     0.5723888915    -0.1857142857     0.3426692525
v      0.567888963    -0.1857142857     0.3405861063
v     0.5625814651    -0.1857142857     0.3382082465
v     0.5564399544    -0.1857142857     0.3355695634
v     0.5494879955    -0.1857142857     0.3327388505
v     0.5418114836    -0.1857142857     0.3298213443
v     0.5335638641    -0.1857142857     0.3269520478
v      0.524960588    -0.1857142857     0.3242788711
v     0.5162610061    -0.1857142857     0.3219385319
v      0.507739464    -0.1857142857      0.320032493
v     0.4996515715    -0.1857142857     0.3186119959
v     0.4922044748    -0.1857142857     0.3176771592
v     0.4855387157    -0.1857142857     0.3171878037
v      0.479724583    -0.1857142857     0.3170801221
v     0.4747707494    -0.1857142857     0.3172831718
v     0.4706404371    -0.1857142857     0.3177321549
v     0.4672704035    -0.1857142857     0.3183773696
v     0.4645918807    -0.1857142857     0.3191925126
v     0.4625553001    -0.1857142857     0.3201777206
v     0.4612453806    -0.1857142857     0.3214162475
v     0.4607713575    -0.1857142857     0.3227707416
v     0.4610348354    -0.1857142857     0.3241500097
v      0.462348968    -0.1857142857     0.3253559434
v     0.4643383861    -0.1857142857     0.3263803867
v     0.4669700876    -0.1857142857     0.3272279284
v     0.4702852001    -0.1857142857     0.3279260786
v     0.4743486407    -0.1857142857     0.3284882596
v     0.4792247665    -0.1857142857     0.3289225122
v     0.4849573939    -0.1857142857     0.3292474658
v     0.4915518422    -0.1857142857     0.3295055111
v     0.4989579804    -0.1857142857     0.3297721739
v     0.5070569945    -0.1857142857      0.330153782
v     0.5156565813    -0.1857142857     0.3307686654
v     0.5245006312    -0.1857142857     0.3317141936
v      0.533296773    -0.1857142857     0.3330319742
v     0.5417568771    -0.1857142857     0.3346905602
v      0.549637652    -0.1857142857     0.3365946424
v     0.5567675119    -0.1857142857     0.3386148698
v     0.5630541037    -0.1857142857     0.3406221829
v     0.5684757805    -0.1857142857     0.3425127268
v     0.5730646599    -0.1857142857     0.3442185804
v     0.5768879568    -0.1857142857     0.3457065305
v     0.5800319406    -0.1857142857     0.3469705259
v     0.5825893811    -0.1857142857     0.3480225434
v     0.5846512708    -0.1857142857     0.3488844294
v      0.586301594    -0.1857142857     0.3495820931
v       0.58761463    -0.1857142857     0.3501419498
v     0.5875479049    -0.1857142857     0.3501078966
v     0.5874811798    -0.1857142857     0.3500738434
v     0.5874144547    -0.1857142857     0.3500397902
v     0.5873477296    -0.1857142857     0.3500057371
v     0.5872810045    -0.1857142857     0.3499716839
v     0.5872142794    -0.1857142857     0.3499376307
v     0.5871475543    -0.2321428571     0.3499035775
v     0.5870808292    -0.2321428571     0.3498695244
v     0.5870141041    -0.2321428571     0.3498354712
v      0.586947379    -0.2321428571      0.349801418
v     0.5868806539    -0.2321428571     0.3497673648
v     0.5868139288    -0.2321428571     0.3497333116
v     0.5867472037    -0.2321428571     0.3496992585
v     0.5866804786    -0.2321428571     0.3496652053
v      0.585391025    -0.2321428571     0.3490112979
v     0.5837699549    -0.2321428571     0.3481954572
v     0.5817440964    -0.2321428571     0.3471857576
v     0.5792311339    -0.2321428571     0.3459486849
v      0.576142507    -0.2321428571     0.3444519872
v     0.5723888915    -0.2321428571     0.3426692525
v      0.567888963    -0.2321428571     0.3405861063
v     0.5625814651    -0.2321428571     0.3382082465
v     0.5564399544    -0.2321428571     0.3355695634
v     0.5494879955    -0.2321428571     0.3327388505
v     0.5418114836    -0.2321428571     0.3298213443
v     0.5335638641    -0.2321428571     0.3269520478
v      0.524960588    -0.2321428571     0.3242788711
v     0.5162610061    -0.2321428571     0.3219385319
v      0.507739464    -0.2321428571      0.320032493
v     0.4996515715    -0.2321428571     0.3186119959
v     0.4922044748    -0.2321428571     0.3176771592
v     0.4855387157    -0.2321428571     0.3171878037
v      0.479724583    -0.2321428571     0.3170801221
v     0.4747707494    -0.2321428571     0.3172831718
v     0.4706404371    -0.2321428571     0.3177321549
v     0.4672704035    -0.2321428571     0.3183773696
v     0.4645918807    -0.2321428571     0.3191925126
v     0.4625553001    -0.2321428571     0.3201777206
v     0.4612453806    -0.2321428571     0.3214162475
v     0.4607713575    -0.2321428571     0.3227707416
v     0.4610348354    -0.2321428571     0.3241500097
v      0.462348968    -0.2321428571     0.3253559434
v     0.4643383861    -0.2321428571     0.3263803867
v     0.4669700876    -0.2321428571     0.3272279284
v     0.4702852001    -0.2321428571     0.3279260786
v     0.4743486407    -0.2321428571     0.3284882596
v     0.4792247665    -0.2321428571     0.3289225122
v     0.4849573939    -0.2321428571     0.3292474658
v     0.4915518422    -0.2321428571     0.3295055111
v     0.4989579804    -0.2321428571     0.3297721739
v     0.5070569945    -0.2321428571      0.330153782
v     0.5156565813    -0.2321428571     0.3307686654
v     0.5245006312    -0.2321428571     0.3317141936
v      0.533296773    -0.2321428571     0.3330319742
v     0.5417568771    -0.2321428571     0.3346905602
v      0.549637652    -0.2321428571     0.3365946424
v     0.5567675119    -0.2321428571     0.3386148698
v     0.5630541037    -0.2321428571     0.3406221829
v     0.5684757805    -0.2321428571     0.3425127268
v     0.5730646599    -0.2321428571     0.3442185804
v     0.5768879568    -0.2321428571     0.3457065305
v     0.5800319406    -0.2321428571     0.3469705259
v     0.5825893811    -0.2321428571     0.3480225434
v     0.5846512708    -0.2321428571     0.3488844294
v      0.586301594    -0.2321428571     0.3495820931
v       0.58761463    -0.2321428571     0.3501419498
v     0.5875479049    -0.2321428571     0.3501078966
v     0.5874811798    -0.2321428571     0.3500738434
v     0.5874144547    -0.2321428571     0.3500397902
v     0.5873477296    -0.2321428571     0.3500057371
v     0.5872810045    -0.2321428571     0.3499716839
v     0.5872142794    -0.2321428571     0.3499376307
v     0.5871475543    -0.2785714286     0.3499035775
v     0.5870808292    -0.2785714286     0.3498695244
v     0.5870141041    -0.2785714286     0.3498354712
v      0.586947379    -0.2785714286      0.349801418
v     0.5868806539    -0.2785714286     0.3497673648
v     0.5868139288    -0.2785714286     0.3497333116
v     0.5867472037    -0.2785714286     0.3496992585
v     0.5866804786    -0.2785714286     0.3496652053
v      0.585391025    -0.2785714286     0.3490112979
v     0.5837699549    -0.2785714286     0.3481954572
v     0.5817440964    -0.2785714286     0.3471857576
v     0.5792311339    -0.2785714286     0.3459486849
v      0.576142507    -0.2785714286     0.3444519872
v     0.5723888915    -0.2785714286     0.3426692525
v      0.567888963    -0.2785714286     0.3405861063
v     0.5625814651    -0.2785714286     0.3382082465
v     0.5564399544    -0.2785714286     0.3355695634
v     0.5494879955    -0.2785714286     0.3327388505
v     0.5418114836    -0.2785714286     0.3298213443
v     0.5335638641    -0.2785714286     0.3269520478
v      0.524960588    -0.2785714286     0.3242788711
v     0.5162610061    -0.2785714286     0.3219385319
v      0.507739464    -0.2785714286      0.320032493
v     0.4996515715    -0.2785714286     0.3186119959
v     0.4922044748    -0.2785714286     0.3176771592
v     0.4855387157    -0.2785714286     0.3171878037
v      0.479724583    -0.2785714286     0.3170801221
v     0.4747707494    -0.2785714286     0.3172831718
v     0.4706404371    -0.2785714286     0.3177321549
v     0.4672704035    -0.2785714286     0.3183773696
v     0.4645918807    -0.2785714286     0.3191925126
v     0.4625553001    -0.2785714286     0.3201777206
v     0.4612453806    -0.2785714286     0.3214162475
v     0.4607713575    -0.2785714286     0.3227707416
v     0.4610348354    -0.2785714286     0.3241500097
v      0.462348968    -0.2785714286     0.3253559434
v     0.4643383861    -0.2785714286     0.3263803867
v     0.4669700876    -0.2785714286     0.3272279284
v     0.4702852001    -0.2785714286     0.3279260786
v     0.4743486407    -0.2785714286     0.3284882596
v     0.4792247665    -0.2785714286     0.3289225122
v     0.4849573939    -0.2785714286     0.3292474658
v     0.4915518422    -0.2785714286     0.3295055111
v     0.4989579804    -0.2785714286     0.3297721739
v     0.5070569945    -0.2785714286      0.330153782
v     0.5156565813    -0.2785714286     0.3307686654
v     0.5245006312    -0.2785714286     0.3317141936
v      0.533296773    -0.2785714286     0.3330319742
v     0.5417568771    -0.2785714286     0.3346905602
v      0.549637652    -0.2785714286     0.3365946424
v     0.5567675119    -0.2785714286     0.3386148698
v     0.5630541037    -0.2785714286     0.3406221829
v     0.5684757805    -0.2785714286     0.3425127268
v     0.5730646599    -0.2785714286     0.3442185804
v     0.5768879568    -0.2785714286     0.3457065305
v     0.5800319406    -0.2785714286     0.3469705259
v     0.5825893811    -0.2785714286     0.3480225434
v     0.5846512708    -0.2785714286     0.3488844294
v      0.586301594    -0.2785714286     0.3495820931
v       0.58761463    -0.2785714286     0.3501419498
v     0.5875479049    -0.2785714286     0.3501078966
v     0.5874811798    -0.2785714286     0.3500738434
v     0.5874144547    -0.2785714286     0.3500397902
v     0.5873477296    -0.2785714286     0.3500057371
v     0.5872810045    -0.2785714286     0.3499716839
v     0.5872142794    -0.2785714286     0.3499376307
v     0.5871475543           -0.325     0.3499035775
v     0.5870808292           -0.325     0.3498695244
v     0.5870141041           -0.325     0.3498354712
v      0.586947379           -0.325      0.349801418
v     0.5868806539           -0.325     0.3497673648
v     0.5868139288           -0.325     0.3497333116
v     0.5867472037           -0.325     0.3496992585
v     0.5866804786           -0.325     0.3496652053
v      0.585391025           -0.325     0.3490112979
v     0.5837699549           -0.325     0.3481954572
v     0.5817440964           -0.325     0.3471857576
v     0.5792311339           -0.325     0.3459486849
v      0.576142507           -0.325     0.3444519872
v     0.5723888915           -0.325     0.3426692525
v      0.567888963           -0.325     0.3405861063
v     0.5625814651           -0.325     0.3382082465
v     0.5564399544           -0.325     0.3355695634
v     0.5494879955           -0.325     0.3327388505
v     0.5418114836           -0.325     0.3298213443
v     0.5335638641           -0.325     0.3269520478
v      0.524960588           -0.325     0.3242788711
v     0.5162610061           -0.325     0.3219385319
v      0.507739464           -0.325      0.320032493
v     0.4996515715           -0.325     0.3186119959
v     0.4922044748           -0.325     0.3176771592
v     0.4855387157           -0.325     0.3171878037
v      0.479724583           -0.325     0.3170801221
v     0.4747707494           -0.325     0.3172831718
v     0.4706404371           -0.325     0.3177321549
v     0.4672704035           -0.325     0.3183773696
v     0.4645918807           -0.325     0.3191925126
v     0.4625553001           -0.325     0.3201777206
v     0.4612453806           -0.325     0.3214162475
v     0.4607713575           -0.325     0.3227707416
v     0.4610348354           -0.325     0.3241500097
v      0.462348968           -0.325     0.3253559434
v     0.4643383861           -0.325     0.3263803867
v     0.4669700876           -0.325     0.3272279284
v     0.4702852001           -0.325     0.3279260786
v     0.4743486407           -0.325     0.3284882596
v     0.4792247665           -0.325     0.3289225122
v     0.4849573939           -0.325     0.3292474658
v     0.4915518422           -0.325     0.3295055111
v     0.4989579804           -0.325     0.3297721739
v     0.5070569945           -0.325      0.330153782
v     0.5156565813           -0.325     0.3307686654
v     0.5245006312           -0.325     0.3317141936
v      0.533296773           -0.325     0.3330319742
v     0.5417568771           -0.325     0.3346905602
v      0.549637652           -0.325     0.3365946424
v     0.5567675119           -0.325     0.3386148698
v     0.5630541037           -0.325     0.3406221829
v     0.5684757805           -0.325     0.3425127268
v     0.5730646599           -0.325     0.3442185804
v     0.5768879568           -0.325     0.3457065305
v     0.5800319406           -0.325     0.3469705259
v     0.5825893811           -0.325     0.3480225434
v     0.5846512708           -0.325     0.3488844294
v      0.586301594           -0.325     0.3495820931
v       0.58761463           -0.325     0.3501419498
v     0.5875479049           -0.325     0.3501078966
v     0.5874811798           -0.325     0.3500738434
v     0.5874144547           -0.325     0.3500397902
v     0.5873477296           -0.325     0.3500057371
v     0.5872810045           -0.325     0.3499716839
v     0.5872142794           -0.325     0.3499376307
v     0.5871475543    -0.3714285714     0.3499035775
v     0.5870808292    -0.3714285714     0.3498695244
v     0.5870141041    -0.3714285714     0.3498354712
v      0.586947379    -0.3714285714      0.349801418
v     0.5868806539    -0.3714285714     0.3497673648
v     0.5868139288    -0.3714285714     0.3497333116
v     0.5867472037    -0.3714285714     0.3496992585
v     0.5866804786    -0.3714285714     0.3496652053
v      0.585391025    -0.3714285714     0.3490112979
v     0.5837699549    -0.3714285714     0.3481954572
v     0.5817440964    -0.3714285714     0.3471857576
v     0.5792311339    -0.3714285714     0.3459486849
v      0.576142507    -0.3714285714     0.3444519872
v     0.5723888915    -0.3714285714     0.3426692525
v      0.567888963    -0.3714285714     0.3405861063
v     0.5625814651    -0.3714285714     0.3382082465
v     0.5564399544    -0.3714285714     0.3355695634
v     0.5494879955    -0.3714285714     0.3327388505
v     0.5418114836    -0.3714285714     0.3298213443
v     0.5335638641    -0.3714285714     0.3269520478
v      0.524960588    -0.3714285714     0.3242788711
v     0.5162610061    -0.3714285714     0.3219385319
v      0.507739464    -0.3714285714      0.320032493
v     0.4996515715    -0.3714285714     0.3186119959
v     0.4922044748    -0.3714285714     0.3176771592
v     0.4855387157    -0.3714285714     0.3171878037
v      0.479724583    -0.3714285714     0.3170801221
v     0.4747707494    -0.3714285714     0.3172831718
v     0.4706404371    -0.3714285714     0.3177321549
v     0.4672704035    -0.3714285714     0.3183773696
v     0.4645918807    -0.3714285714     0.3191925126
v     0.4625553001    -0.3714285714     0.3201777206
v     0.4612453806    -0.3714285714     0.3214162475
v     0.4607713575    -0.3714285714     0.3227707416
v     0.4610348354    -0.3714285714     0.3241500097
v      0.462348968    -0.3714285714     0.3253559434
v     0.4643383861    -0.3714285714     0.3263803867
v     0.4669700876    -0.3714285714     0.3272279284
v     0.4702852001    -0.3714285714     0.3279260786
v     0.4743486407    -0.3714285714     0.3284882596
v     0.4792247665    -0.3714285714     0.3289225122
v     0.4849573939    -0.3714285714     0.3292474658
v     0.4915518422    -0.3714285714     0.3295055111
v     0.4989579804    -0.3714285714     0.3297721739
v     0.5070569945    -0.3714285714      0.330153782
v     0.5156565813    -0.3714285714     0.3307686654
v     0.5245006312    -0.3714285714     0.3317141936
v      0.533296773    -0.3714285714     0.3330319742
v     0.5417568771    -0.3714285714     0.3346905602
v      0.549637652    -0.3714285714     0.3365946424
v     0.5567675119    -0.3714285714     0.3386148698
v     0.5630541037    -0.3714285714     0.3406221829
v     0.5684757805    -0.3714285714     0.3425127268
v     0.5730646599    -0.3714285714     0.3442185804
v     0.5768879568    -0.3714285714     0.3457065305
v     0.5800319406    -0.3714285714     0.3469705259
v     0.5825893811    -0.3714285714     0.3480225434
v     0.5846512708    -0.3714285714     0.3488844294
v      0.586301594    -0.3714285714     0.3495820931
v       0.58761463    -0.3714285714     0.3501419498
v     0.5875479049    -0.3714285714     0.3501078966
v     0.5874811798    -0.3714285714     0.3500738434
v     0.5874144547    -0.3714285714     0.3500397902
v     0.5873477296    -0.3714285714     0.3500057371
v     0.5872810045    -0.3714285714     0.3499716839
v     0.5872142794    -0.3714285714     0.3499376307
v     0.5871475543    -0.4178571429     0.3499035775
v     0.5870808292    -0.4178571429     0.3498695244
v     0.5870141041    -0.4178571429     0.3498354712
v      0.586947379    -0.4178571429      0.349801418
v     0.5868806539    -0.4178571429     0.3497673648
v     0.5868139288    -0.4178571429     0.3497333116
v     0.5867472037    -0.4178571429     0.3496992585
v     0.5866804786    -0.4178571429     0.3496652053
v      0.585391025    -0.4178571429     0.3490112979
v     0.5837699549    -0.4178571429     0.3481954572
v     0.5817440964    -0.4178571429     0.3471857576
v     0.5792311339    -0.4178571429     0.3459486849
v      0.576142507    -0.4178571429     0.3444519872
v     0.5723888915    -0.4178571429     0.3426692525
v      0.567888963    -0.4178571429     0.3405861063
v     0.5625814651    -0.4178571429     0.3382082465
v     0.5564399544    -0.4178571429     0.3355695634
v     0.5494879955    -0.4178571429     0.3327388505
v     0.5418114836    -0.4178571429     0.3298213443
v     0.5335638641    -0.4178571429     0.3269520478
v      0.524960588    -0.4178571429     0.3242788711
v     0.5162610061    -0.4178571429     0.3219385319
v      0.507739464    -0.4178571429      0.320032493
v     0.4996515715    -0.4178571429     0.3186119959
v     0.4922044748    -0.4178571429     0.3176771592
v     0.4855387157    -0.4178571429     0.3171878037
v      0.479724583    -0.4178571429     0.3170801221
v     0.4747707494    -0.4178571429     0.3172831718
v     0.4706404371    -0.4178571429     0.3177321549
v     0.4672704035    -0.4178571429     0.3183773696
v     0.4645918807    -0.4178571429     0.3191925126
v     0.4625553001    -0.4178571429     0.3201777206
v     0.4612453806    -0.4178571429     0.3214162475
v     0.4607713575    -0.4178571429     0.3227707416
v     0.4610348354    -0.4178571429     0.3241500097
v      0.462348968    -0.4178571429     0.3253559434
v     0.4643383861    -0.4178571429     0.3263803867
v     0.4669700876    -0.4178571429     0.3272279284
v     0.4702852001    -0.4178571429     0.3279260786
v     0.4743486407    -0.4178571429     0.3284882596
v     0.4792247665    -0.4178571429     0.3289225122
v     0.4849573939    -0.4178571429     0.3292474658
v     0.4915518422    -0.4178571429     0.3295055111
v     0.4989579804    -0.4178571429     0.3297721739
v     0.5070569945    -0.4178571429      0.330153782
v     0.5156565813    -0.4178571429     0.3307686654
v     0.5245006312    -0.4178571429     0.3317141936
v      0.533296773    -0.4178571429     0.3330319742
v     0.5417568771    -0.4178571429     0.3346905602
v      0.549637652    -0.4178571429     0.3365946424
v     0.5567675119    -0.4178571429     0.3386148698
v     0.5630541037    -0.4178571429     0.3406221829
v     0.5684757805    -0.4178571429     0.3425127268
v     0.5730646599    -0.4178571429     0.3442185804
v     0.5768879568    -0.4178571429     0.3457065305
v     0.5800319406    -0.4178571429     0.3469705259
v     0.5825893811    -0.4178571429     0.3480225434
v     0.5846512708    -0.4178571429     0.3488844294
v      0.586301594    -0.4178571429     0.3495820931
v       0.58761463    -0.4178571429     0.3501419498
v     0.5875479049    -0.4178571429     0.3501078966
v     0.5874811798    -0.4178571429     0.3500738434
v     0.5874144547    -0.4178571429     0.3500397902
v     0.5873477296    -0.4178571429     0.3500057371
v     0.5872810045    -0.4178571429     0.3499716839
v     0.5872142794    -0.4178571429     0.3499376307
v     0.5871475543    -0.4642857143     0.3499035775
v     0.5870808292    -0.4642857143     0.3498695244
v     0.5870141041    -0.4642857143     0.3498354712
v      0.586947379    -0.4642857143      0.349801418
v     0.5868806539    -0.4642857143     0.3497673648
v     0.5868139288    -0.4642857143     0.3497333116
v     0.5867472037    -0.4642857143     0.3496992585
v     0.5866804786    -0.4642857143     0.3496652053
v      0.585391025    -0.4642857143     0.3490112979
v     0.5837699549    -0.4642857143     0.3481954572
v     0.5817440964    -0.4642857143     0.3471857576
v     0.5792311339    -0.4642857143     0.3459486849
v      0.576142507    -0.4642857143     0.3444519872
v     0.5723888915    -0.4642857143     0.3426692525
v      0.567888963    -0.4642857143     0.3405861063
v     0.5625814651    -0.4642857143     0.3382082465
v     0.5564399544    -0.4642857143     0.3355695634
v     0.5494879955    -0.4642857143     0.3327388505
v     0.5418114836    -0.4642857143     0.3298213443
v     0.5335638641    -0.4642857143     0.3269520478
v      0.524960588    -0.4642857143     0.3242788711
v     0.5162610061    -0.4642857143     0.3219385319
v      0.507739464    -0.4642857143      0.320032493
v     0.4996515715    -0.4642857143     0.3186119959
v     0.4922044748    -0.4642857143     0.3176771592
v     0.4855387157    -0.4642857143     0.3171878037
v      0.479724583    -0.4642857143     0.3170801221
v     0.4747707494    -0.4642857143     0.3172831718
v     0.4706404371    -0.4642857143     0.3177321549
v     0.4672704035    -0.4642857143     0.3183773696
v     0.4645918807    -0.4642857143     0.3191925126
v     0.4625553001    -0.4642857143     0.3201777206
v     0.4612453806    -0.4642857143     0.3214162475
v     0.4607713575    -0.4642857143     0.3227707416
v     0.4610348354    -0.4642857143     0.3241500097
v      0.462348968    -0.4642857143     0.3253559434
v     0.4643383861    -0.4642857143     0.3263803867
v     0.4669700876    -0.4642857143     0.3272279284
v     0.4702852001    -0.4642857143     0.3279260786
v     0.4743486407    -0.4642857143     0.3284882596
v     0.4792247665    -0.4642857143     0.3289225122
v     0.4849573939    -0.4642857143     0.3292474658
v     0.4915518422    -0.4642857143     0.3295055111
v     0.4989579804    -0.4642857143     0.3297721739
v     0.5070569945    -0.4642857143      0.330153782
v     0.5156565813    -0.4642857143     0.3307686654
v     0.5245006312    -0.4642857143     0.3317141936
v      0.533296773    -0.4642857143     0.3330319742
v     0.5417568771    -0.4642857143     0.3346905602
v      0.549637652    -0.4642857143     0.3365946424
v     0.5567675119    -0.4642857143     0.3386148698
v     0.5630541037    -0.4642857143     0.3406221829
v     0.5684757805    -0.4642857143     0.3425127268
v     0.5730646599    -0.4642857143     0.3442185804
v     0.5768879568    -0.4642857143     0.3457065305
v     0.5800319406    -0.4642857143     0.3469705259
v     0.5825893811    -0.4642857143     0.3480225434
v     0.5846512708    -0.4642857143     0.3488844294
v      0.586301594    -0.4642857143     0.3495820931
v       0.58761463    -0.4642857143     0.3501419498
v     0.5875479049    -0.4642857143     0.3501078966
v     0.5874811798    -0.4642857143     0.3500738434
v     0.5874144547    -0.4642857143     0.3500397902
v     0.5873477296    -0.4642857143     0.3500057371
v     0.5872810045    -0.4642857143     0.3499716839
v     0.5872142794    -0.4642857143     0.3499376307
v     0.5871475543    -0.5107142857     0.3499035775
v     0.5870808292    -0.5107142857     0.3498695244
v     0.5870141041    -0.5107142857     0.3498354712
v      0.586947379    -0.5107142857      0.349801418
v     0.5868806539    -0.5107142857     0.3497673648
v     0.5868139288    -0.5107142857     0.3497333116
v     0.5867472037    -0.5107142857     0.3496992585
v     0.5866804786    -0.5107142857     0.3496652053
v      0.585391025    -0.5107142857     0.3490112979
v     0.5837699549    -0.5107142857     0.3481954572
v     0.5817440964    -0.5107142857     0.3471857576
v     0.5792311339    -0.5107142857     0.3459486849
v      0.576142507    -0.5107142857     0.3444519872
v     0.5723888915    -0.5107142857     0.3426692525
v      0.567888963    -0.5107142857     0.3405861063
v     0.5625814651    -0.5107142857     0.3382082465
v     0.5564399544    -0.5107142857     0.3355695634
v     0.5494879955    -0.5107142857     0.3327388505
v     0.5418114836    -0.5107142857     0.3298213443
v     0.5335638641    -0.5107142857     0.3269520478
v      0.524960588    -0.5107142857     0.3242788711
v     0.5162610061    -0.5107142857     0.3219385319
v      0.507739464    -0.5107142857      0.320032493
v     0.4996515715    -0.5107142857     0.3186119959
v     0.4922044748    -0.5107142857     0.3176771592
v     0.4855387157    -0.5107142857     0.3171878037
v      0.479724583    -0.5107142857     0.3170801221
v     0.4747707494    -0.5107142857     0.3172831718
v     0.4706404371    -0.5107142857     0.3177321549
v     0.4672704035    -0.5107142857     0.3183773696
v     0.4645918807    -0.5107142857     0.3191925126
v     0.4625553001    -0.5107142857     0.3201777206
v     0.4612453806    -0.5107142857     0.3214162475
v     0.4607713575    -0.5107142857     0.3227707416
v     0.4610348354    -0.5107142857     0.3241500097
v      0.462348968    -0.5107142857     0.3253559434
v     0.4643383861    -0.5107142857     0.3263803867
v     0.4669700876    -0.5107142857     0.3272279284
v     0.4702852001    -0.5107142857     0.3279260786
v     0.4743486407    -0.5107142857     0.3284882596
v     0.4792247665    -0.5107142857     0.3289225122
v     0.4849573939    -0.5107142857     0.3292474658
v     0.4915518422    -0.5107142857     0.3295055111
v     0.4989579804    -0.5107142857     0.3297721739
v     0.5070569945    -0.5107142857      0.330153782
v     0.5156565813    -0.5107142857     0.3307686654
v     0.5245006312    -0.5107142857     0.3317141936
v      0.533296773    -0.5107142857     0.3330319742
v     0.5417568771    -0.5107142857     0.3346905602
v      0.549637652    -0.5107142857     0.3365946424
v     0.5567675119    -0.5107142857     0.3386148698
v     0.5630541037    -0.5107142857     0.3406221829
v     0.5684757805    -0.5107142857     0.3425127268
v     0.5730646599    -0.5107142857     0.3442185804
v     0.5768879568    -0.5107142857     0.3457065305
v     0.5800319406    -0.5107142857     0.3469705259
v     0.5825893811    -0.5107142857     0.3480225434
v     0.5846512708    -0.5107142857     0.3488844294
v      0.586301594    -0.5107142857     0.3495820931
v       0.58761463    -0.5107142857     0.3501419498
v     0.5875479049    -0.5107142857     0.3501078966
v     0.5874811798    -0.5107142857     0.3500738434
v     0.5874144547    -0.5107142857     0.3500397902
v     0.5873477296    -0.5107142857     0.3500057371
v     0.5872810045    -0.5107142857     0.3499716839
v     0.5872142794    -0.5107142857     0.3499376307
v     0.5871475543    -0.5571428571     0.3499035775
v     0.5870808292    -0.5571428571     0.3498695244
v     0.5870141041    -0.5571428571     0.3498354712
v      0.586947379    -0.5571428571      0.349801418
v     0.5868806539    -0.5571428571     0.3497673648
v     0.5868139288    -0.5571428571     0.3497333116
v     0.5867472037    -0.5571428571     0.3496992585
v     0.5866804786    -0.5571428571     0.3496652053
v      0.585391025    -0.5571428571     0.3490112979
v     0.5837699549    -0.5571428571     0.3481954572
v     0.5817440964    -0.5571428571     0.3471857576
v     0.5792311339    -0.5571428571     0.3459486849
v      0.576142507    -0.5571428571     0.3444519872
v     0.5723888915    -0.5571428571     0.3426692525
v      0.567888963    -0.5571428571     0.3405861063
v     0.5625814651    -0.5571428571     0.3382082465
v     0.5564399544    -0.5571428571     0.3355695634
v     0.5494879955    -0.5571428571     0.3327388505
v     0.5418114836    -0.5571428571     0.3298213443
v     0.5335638641    -0.5571428571     0.3269520478
v      0.524960588    -0.5571428571     0.3242788711
v     0.5162610061    -0.5571428571     0.3219385319
v      0.507739464    -0.5571428571      0.320032493
v     0.4996515715    -0.5571428571     0.3186119959
v     0.4922044748    -0.5571428571     0.3176771592
v     0.4855387157    -0.5571428571     0.3171878037
v      0.479724583    -0.5571428571     0.3170801221
v     0.4747707494    -0.5571428571     0.3172831718
v     0.4706404371    -0.5571428571     0.3177321549
v     0.4672704035    -0.5571428571     0.3183773696
v     0.4645918807    -0.5571428571     0.3191925126
v     0.4625553001    -0.5571428571     0.3201777206
v     0.4612453806    -0.5571428571     0.3214162475
v     0.4607713575    -0.5571428571     0.3227707416
v     0.4610348354    -0.5571428571     0.3241500097
v      0.462348968    -0.5571428571     0.3253559434
v     0.4643383861    -0.5571428571     0.3263803867
v     0.4669700876    -0.5571428571     0.3272279284
v     0.4702852001    -0.5571428571     0.3279260786
v     0.4743486407    -0.5571428571     0.3284882596
v     0.4792247665    -0.5571428571     0.3289225122
v     0.4849573939    -0.5571428571     0.3292474658
v     0.4915518422    -0.5571428571     0.3295055111
v     0.4989579804    -0.5571428571     0.3297721739
v     0.5070569945    -0.5571428571      0.330153782
v     0.5156565813    -0.5571428571     0.3307686654
v     0.5245006312    -0.5571428571     0.3317141936
v      0.533296773    -0.5571428571     0.3330319742
v     0.5417568771    -0.5571428571     0.3346905602
v      0.549637652    -0.5571428571     0.3365946424
v     0.5567675119    -0.5571428571     0.3386148698
v     0.5630541037    -0.5571428571     0.3406221829
v     0.5684757805    -0.5571428571     0.3425127268
v     0.5730646599    -0.5571428571     0.3442185804
v     0.5768879568    -0.5571428571     0.3457065305
v     0.5800319406    -0.5571428571     0.3469705259
v     0.5825893811    -0.5571428571     0.3480225434
v     0.5846512708    -0.5571428571     0.3488844294
v      0.586301594    -0.5571428571     0.3495820931
v       0.58761463    -0.5571428571     0.3501419498
v     0.5875479049    -0.5571428571     0.3501078966
v     0.5874811798    -0.5571428571     0.3500738434
v     0.5874144547    -0.5571428571     0.3500397902
v     0.5873477296    -0.5571428571     0.3500057371
v     0.5872810045    -0.5571428571     0.3499716839
v     0.5872142794    -0.5571428571     0.3499376307
v     0.5871475543    -0.6035714286     0.3499035775
v     0.5870808292    -0.6035714286     0.3498695244
v     0.5870141041    -0.6035714286     0.3498354712
v      0.586947379    -0.6035714286      0.349801418
v     0.5868806539    -0.6035714286     0.3497673648
v     0.5868139288    -0.6035714286     0.3497333116
v     0.5867472037    -0.6035714286     0.3496992585
v     0.5866804786    -0.6035714286     0.3496652053
v      0.585391025    -0.6035714286     0.3490112979
v     0.5837699549    -0.6035714286     0.3481954572
v     0.5817440964    -0.6035714286     0.3471857576
v     0.5792311339    -0.6035714286     0.3459486849
v      0.576142507    -0.6035714286     0.3444519872
v     0.5723888915    -0.6035714286     0.3426692525
v      0.567888963    -0.6035714286     0.3405861063
v     0.5625814651    -0.6035714286     0.3382082465
v     0.5564399544    -0.6035714286     0.3355695634
v     0.5494879955    -0.6035714286     0.3327388505
v     0.5418114836    -0.6035714286     0.3298213443
v     0.5335638641    -0.6035714286     0.3269520478
v      0.524960588    -0.6035714286     0.3242788711
v     0.5162610061    -0.6035714286     0.3219385319
v      0.507739464    -0.6035714286      0.320032493
v     0.4996515715    -0.6035714286     0.3186119959
v     0.4922044748    -0.6035714286     0.3176771592
v     0.4855387157    -0.6035714286     0.3171878037
v      0.479724583    -0.6035714286     0.3170801221
v     0.4747707494    -0.6035714286     0.3172831718
v     0.4706404371    -0.6035714286     0.3177321549
v     0.4672704035    -0.6035714286     0.3183773696
v     0.4645918807    -0.6035714286     0.3191925126
v     0.4625553001    -0.6035714286     0.3201777206
v     0.4612453806    -0.6035714286     0.3214162475
v     0.4607713575    -0.6035714286     0.3227707416
v     0.4610348354    -0.6035714286     0.3241500097
v      0.462348968    -0.6035714286     0.3253559434
v     0.4643383861    -0.6035714286     0.3263803867
v     0.4669700876    -0.6035714286     0.3272279284
v     0.4702852001    -0.6035714286     0.3279260786
v     0.4743486407    -0.6035714286     0.3284882596
v     0.4792247665    -0.6035714286     0.3289225122
v     0.4849573939    -0.6035714286     0.3292474658
v     0.4915518422    -0.6035714286     0.3295055111
v     0.4989579804    -0.6035714286     0.3297721739
v     0.5070569945    -0.6035714286      0.330153782
v     0.5156565813    -0.6035714286     0.3307686654
v     0.5245006312    -0.6035714286     0.3317141936
v      0.533296773    -0.6035714286     0.3330319742
v     0.5417568771    -0.6035714286     0.3346905602
v      0.549637652    -0.6035714286     0.3365946424
v     0.5567675119    -0.6035714286     0.3386148698
v     0.5630541037    -0.6035714286     0.3406221829
v     0.5684757805    -0.6035714286     0.3425127268
v     0.5730646599    -0.6035714286     0.3442185804
v     0.5768879568    -0.6035714286     0.3457065305
v     0.5800319406    -0.6035714286     0.3469705259
v     0.5825893811    -0.6035714286     0.3480225434
v     0.5846512708    -0.6035714286     0.3488844294
v      0.586301594    -0.6035714286     0.3495820931
v       0.58761463    -0.6035714286     0.3501419498
v     0.5875479049    -0.6035714286     0.3501078966
v     0.5874811798    -0.6035714286     0.3500738434
v     0.5874144547    -0.6035714286     0.3500397902
v     0.5873477296    -0.6035714286     0.3500057371
v     0.5872810045    -0.6035714286     0.3499716839
v     0.5872142794    -0.6035714286     0.3499376307
v     0.5871475543            -0.65     0.3499035775
v     0.5870808292            -0.65     0.3498695244
v     0.5870141041            -0.65     0.3498354712
v      0.586947379            -0.65      0.349801418
v     0.5868806539            -0.65     0.3497673648
v     0.5868139288            -0.65     0.3497333116
v     0.5867472037            -0.65     0.3496992585
v     0.5866804786            -0.65     0.3496652053
v      0.585391025            -0.65     0.3490112979
v     0.5837699549            -0.65     0.3481954572
v     0.5817440964            -0.65     0.3471857576
v     0.5792311339            -0.65     0.3459486849
v      0.576142507            -0.65     0.3444519872
v     0.5723888915            -0.65     0.3426692525
v      0.567888963            -0.65     0.3405861063
v     0.5625814651            -0.65     0.3382082465
v     0.5564399544            -0.65     0.3355695634
v     0.5494879955            -0.65     0.3327388505
v     0.5418114836            -0.65     0.3298213443
v     0.5335638641            -0.65     0.3269520478
v      0.524960588            -0.65     0.3242788711
v     0.5162610061            -0.65     0.3219385319
v      0.507739464            -0.65      0.320032493
v     0.4996515715            -0.65     0.3186119959
v     0.4922044748            -0.65     0.3176771592
v     0.4855387157            -0.65     0.3171878037
v      0.479724583            -0.65     0.3170801221
v     0.4747707494            -0.65     0.3172831718
v     0.4706404371            -0.65     0.3177321549
v     0.4672704035            -0.65     0.3183773696
v     0.4645918807            -0.65     0.3191925126
v     0.4625553001            -0.65     0.3201777206
v     0.4612453806            -0.65     0.3214162475
v     0.4607713575            -0.65     0.3227707416
v     0.4610348354            -0.65     0.3241500097
v      0.462348968            -0.65     0.3253559434
v     0.4643383861            -0.65     0.3263803867
v     0.4669700876            -0.65     0.3272279284
v     0.4702852001            -0.65     0.3279260786
v     0.4743486407            -0.65     0.3284882596
v     0.4792247665            -0.65     0.3289225122
v     0.4849573939            -0.65     0.3292474658
v     0.4915518422            -0.65     0.3295055111
v     0.4989579804            -0.65     0.3297721739
v     0.5070569945            -0.65      0.330153782
v     0.5156565813            -0.65     0.3307686654
v     0.5245006312            -0.65     0.3317141936
v      0.533296773            -0.65     0.3330319742
v     0.5417568771            -0.65     0.3346905602
v      0.549637652            -0.65     0.3365946424
v     0.5567675119            -0.65     0.3386148698
v     0.5630541037            -0.65     0.3406221829
v     0.5684757805            -0.65     0.3425127268
v     0.5730646599            -0.65     0.3442185804
v     0.5768879568            -0.65     0.3457065305
v     0.5800319406            -0.65     0.3469705259
v     0.5825893811            -0.65     0.3480225434
v     0.5846512708            -0.65     0.3488844294
v      0.586301594            -0.65     0.3495820931
v       0.58761463            -0.65     0.3501419498
v     0.5875479049            -0.65     0.3501078966
v     0.5874811798            -0.65     0.3500738434
v     0.5874144547            -0.65     0.3500397902
v     0.5873477296            -0.65     0.3500057371
v     0.5872810045            -0.65     0.3499716839
v     0.5872142794            -0.65     0.3499376307
v     0.5868877081    -0.6500137344     0.3497709649
v     0.5868227466     -0.650017168     0.3497378118
v      0.586757785    -0.6500206016     0.3497046586
v     0.5866928235    -0.6500240352     0.3496715055
v     0.5854030582    -0.6500246855      0.349018841
v     0.5837816015    -0.6500256758      0.348204562
v     0.5817552669    -0.6500272987     0.3471968158
v     0.5792417166    -0.6500297536     0.3459621886
v     0.5761523582    -0.6500335497      0.344468566
v     0.5723978218    -0.6500387671     0.3426897269
v     0.5678967178    -0.6500462118     0.3406115667
v     0.5625877111     -0.650056394     0.3382401468
v     0.5564442831    -0.6500701938     0.3356098073
v     0.5494899733    -0.6500884373      0.332789805
v      0.541810762    -0.6501116005     0.3298856913
v     0.5335603345    -0.6501394717     0.3270323944
v     0.5249545097    -0.6501707243     0.3243771293
v     0.5162530186    -0.6502028376     0.3220552226
v     0.5077304451    -0.6502324808     0.3201662464
v     0.4996424056    -0.6502562564     0.3187594783
v     0.4921958502    -0.6502714879     0.3178334715
v     0.4855310335    -0.6502766977     0.3173471728
v     0.4797179779    -0.6502716389       0.31723662
v     0.4747651712    -0.6502569741     0.3174312477
v     0.4706357427    -0.6502337605     0.3178668682
v     0.4672664348    -0.6502029489     0.3184943302
v     0.4645885307    -0.6501648301     0.3192875007
v     0.4625525734    -0.6501187658     0.3202461511
v     0.4612425982    -0.6500628364     0.3214523743
v     0.4610376178    -0.6500628364     0.3241138829
v     0.4623516947    -0.6501187658     0.3252875129
v     0.4643417361    -0.6501648301     0.3262853985
v     0.4669740563    -0.6502029489     0.3271109677
v     0.4702898946    -0.6502337605     0.3277913653
v     0.4743542189    -0.6502569741     0.3283401837
v     0.4792313716    -0.6502716389     0.3287660143
v     0.4849650761    -0.6502766977     0.3290880967
v     0.4915604667    -0.6502714879     0.3293491987
v     0.4989671462    -0.6502562564     0.3296246915
v     0.5070660134    -0.6502324808     0.3300200286
v     0.5156645688    -0.6502028376     0.3306519747
v     0.5245067096    -0.6501707243     0.3316159354
v     0.5333003026    -0.6501394717     0.3329516276
v     0.5417575987    -0.6501116005     0.3346262133
v     0.5496356743    -0.6500884373     0.3365436879
v     0.5567631832    -0.6500701938     0.3385746259
v     0.5630478578     -0.650056394     0.3405902826
v     0.5684680257    -0.6500462118     0.3424872664
v     0.5730557296    -0.6500387671      0.344198106
v     0.5768781056    -0.6500335497     0.3456899516
v     0.5800213579    -0.6500297536     0.3469570222
v     0.5825782106    -0.6500272987     0.3480114852
v     0.5846396242    -0.6500256758     0.3488753246
v     0.5862895608    -0.6500246855       0.34957455
v     0.5876022852    -0.6500240352     0.3501356496
v     0.5875373236    -0.6500206016     0.3501024964
v     0.5874723621     -0.650017168     0.3500693433
v     0.5874074005    -0.6500137344     0.3500361901
v     0.5870276768     -0.650013173      0.349842398
v      0.586967738    -0.6500197595     0.3498118082
v     0.5869077992    -0.6500263459     0.3497812184
v     0.5868478605    -0.6500329324     0.3497506287
v     0.5867879217    -0.6500395189     0.3497200389
v     0.5867279829    -0.6500461054     0.3496894491
v     0.5854373301    -0.6500473528     0.3490403245
v     0.5838147723    -0.6500492524     0.3482304934
v     0.5817870816    -0.6500523656     0.3472283106
v     0.5792718572    -0.6500570748     0.3460006485
v     0.5761804153    -0.6500643565     0.3445157844
v     0.5724232563    -0.6500743648     0.3427480403
v     0.5679188044    -0.6500886456     0.3406840805
v     0.5626055002    -0.6501081776     0.3383310022
v     0.5564566117    -0.6501346489     0.3357244261
v      0.549495606    -0.6501696446     0.3329349287
v     0.5418087067    -0.6502140772     0.3300689581
v     0.5335502817    -0.6502675411     0.3272612297
v     0.5249371979    -0.6503274913     0.3246569789
v     0.5162302694    -0.6503890925     0.3223875699
v     0.5077047584    -0.6504459555       0.32054719
v     0.4996163003    -0.6504915629     0.3191795234
v     0.4921712865    -0.6505207806     0.3182786653
v     0.4855091538    -0.6505307744     0.3178010727
v     0.4796991658    -0.6505210703     0.3176823422
v     0.4747492839    -0.6504929396     0.3178529832
v     0.4706223723    -0.6504484101     0.3182505456
v     0.4672551315     -0.650389306     0.3188274463
v     0.4645789897    -0.6503161847     0.3195580369
v     0.4625448075    -0.6502278221     0.3204410483
v     0.4612346737    -0.6501205357     0.3215552673
v     0.4610455422    -0.6501205357       0.32401099
v     0.4623594605    -0.6502278221     0.3250926157
v     0.4643512771    -0.6503161847     0.3260148623
v     0.4669853595     -0.650389306     0.3267778517
v      0.470303265    -0.6504484101     0.3274076879
v     0.4743701061    -0.6504929396     0.3279184482
v     0.4792501836    -0.6505210703     0.3283202922
v     0.4849869558    -0.6505307744     0.3286341969
v     0.4915850304    -0.6505207806     0.3289040049
v     0.4989932515    -0.6504915629     0.3292046463
v     0.5070917001    -0.6504459555      0.329639085
v      0.515687318    -0.6503890925     0.3303196274
v     0.5245240213    -0.6503274913     0.3313360858
v     0.5333103553    -0.6502675411     0.3327227922
v      0.541759654    -0.6502140772     0.3344429464
v     0.5496300416    -0.6501696446     0.3363985641
v     0.5567508547    -0.6501346489     0.3384600071
v     0.5630300687    -0.6501081776     0.3404994272
v     0.5684459391    -0.6500886456     0.3424147525
v     0.5730302951    -0.6500743648     0.3441397926
v     0.5768500485    -0.6500643565     0.3456427333
v     0.5799912173    -0.6500570748     0.3469185623
v     0.5825463959    -0.6500523656     0.3479799904
v     0.5846064533    -0.6500492524     0.3488493931
v     0.5862552889    -0.6500473528     0.3495530665
v     0.5875671257    -0.6500461054     0.3501177059
v     0.5875071869    -0.6500395189     0.3500871162
v     0.5874472482    -0.6500329324     0.3500565264
v     0.5873873094    -0.6500263459     0.3500259366
v     0.5873273706    -0.6500197595     0.3499953468
v     0.5872674319     -0.650013173     0.3499647571
v     0.5870954957    -0.6500093684     0.3498770094
v     0.5870434372    -0.6500187369     0.3498504413
v     0.5869913786    -0.6500281053     0.3498238732
v       0.58693932    -0.6500374738     0.3497973051
v     0.5868872614    -0.6500468422      0.349770737
v     0.5868352028    -0.6500562107     0.3497441689
v     0.5867831443    -0.6500655791     0.3497176007
v     0.5854910989    -0.6500673534     0.3490740298
v     0.5838668138    -0.6500700553      0.348271177
v     0.5818369954    -0.6500744834     0.3472777225
v     0.5793191446    -0.6500811816     0.3460609879
v     0.5762244339     -0.650091539     0.3445898647
v     0.5724631602    -0.6501057745     0.3428395276
v     0.5679534558    -0.6501260871     0.3407978469
v     0.5626334093    -0.6501538689     0.3384735444
v     0.5564759538     -0.650191521     0.3359042505
v     0.5495044432     -0.650241298      0.333162612
v     0.5418054822    -0.6503044977     0.3303564838
v     0.5335345101    -0.6503805433     0.3276202474
v     0.5249100376    -0.6504658148     0.3250960323
v     0.5161945783    -0.6505534348     0.3229089864
v     0.5076644588    -0.6506343152     0.3211448489
v      0.499575344    -0.6506991859     0.3198385284
v     0.4921327488    -0.6507407445     0.3189771257
v     0.4854748269    -0.6507549593     0.3185131918
v     0.4796696518    -0.6507411565     0.3183816315
v     0.4747243585    -0.6507011441       0.31851464
v     0.4706013957    -0.6506378066     0.3188524935
v      0.467237398    -0.6505537384     0.3193500689
v      0.464564021    -0.6504497327     0.3199824786
v     0.4625326236     -0.650324048     0.3207468207
v     0.4612222411    -0.6501714467      0.321716695
v     0.4610579749    -0.6501714467     0.3238495622
v     0.4623716444     -0.650324048     0.3247868433
v     0.4643662458    -0.6504497327     0.3255904207
v     0.4670030931    -0.6505537384      0.326255229
v     0.4703242416    -0.6506378066       0.32680574
v     0.4743950315    -0.6507011441     0.3272567914
v     0.4792796976    -0.6507411565     0.3276210028
v     0.4850212826    -0.6507549593     0.3279220777
v     0.4916235682    -0.6507407445     0.3282055446
v     0.4990342078    -0.6506991859     0.3285456414
v     0.5071319997    -0.6506343152     0.3290414261
v     0.5157230091    -0.6505534348     0.3297982109
v     0.5245511816    -0.6504658148     0.3308970324
v      0.533326127    -0.6503805433     0.3323637745
v     0.5417628785    -0.6503044977     0.3341554208
v     0.5496212044     -0.650241298     0.3361708809
v     0.5567315125     -0.650191521     0.3382801827
v     0.5630021595    -0.6501538689     0.3403568851
v     0.5684112877    -0.6501260871     0.3423009862
v     0.5729903912    -0.6501057745     0.3440483053
v     0.5768060299     -0.650091539     0.3455686529
v     0.5799439299    -0.6500811816     0.3468582229
v     0.5824964821    -0.6500744834     0.3479305785
v     0.5845544119    -0.6500700553     0.3488087095
v     0.5862015201    -0.6500673534     0.3495193612
v     0.5875119644    -0.6500655791     0.3500895543
v     0.5874599058    -0.6500562107     0.3500629862
v     0.5874078472    -0.6500468422     0.3500364181
v     0.5873557886    -0.6500374738       0.35000985
v     0.5873037301    -0.6500281053     0.3499832819
v     0.5872516715    -0.6500187369     0.3499567138
v     0.5871996129    -0.6500093684     0.3499301456
v     0.5870641087    -0.6500233785     0.3498609911
v     0.5870223859    -0.6500350677     0.3498396978
v     0.5869806631     -0.650046757     0.3498184046
v     0.5869389404    -0.6500584462     0.3497971113
v     0.5868972176    -0.6500701355     0.3497758181
v     0.5868554948    -0.6500818247     0.3497545249
v      0.585561623    -0.6500840385     0.3491182382
v     0.5839350721    -0.6500874098     0.3483245383
v     0.5819024631    -0.6500929348      0.347342532
v     0.5793811675    -0.6501012924       0.34614013
v     0.5762821694    -0.6501142155     0.3446870298
v     0.5725154988    -0.6501319775     0.3429595239
v     0.5679989051    -0.6501573221     0.3409470646
v     0.5626700154    -0.6501919861      0.338660505
v     0.5565013233    -0.6502389656     0.3361401111
v     0.5495160341    -0.6503010735     0.3334612451
v     0.5418012529    -0.6503799295     0.3307336071
v     0.5335138238    -0.6504748135     0.3280911409
v     0.5248744137    -0.6505812089     0.3256719019
v     0.5161477652    -0.6506905346     0.3235928849
v     0.5076116012     -0.650791451      0.321928748
v      0.499521625    -0.6508723919       0.32070289
v      0.492082202    -0.6509242456     0.3198932377
v     0.4854298033    -0.6509419818      0.319447219
v     0.4796309408    -0.6509247597     0.3192988308
v      0.474691666    -0.6508748352     0.3193824799
v     0.4705738824    -0.6507958074     0.3196420183
v     0.4672141383    -0.6506909134     0.3200355493
v     0.4645443877    -0.6505611429     0.3205391832
v     0.4625166431    -0.6504043229     0.3211478768
v     0.4612059343    -0.6502139184     0.3219284264
v     0.4610742817    -0.6502139184     0.3236378309
v     0.4623876249    -0.6504043229     0.3243857872
v     0.4643858791    -0.6505611429     0.3250337161
v     0.4670263527    -0.6506909134     0.3255697486
v     0.4703517549    -0.6507958074     0.3260162153
v     0.4744277241    -0.6508748352     0.3263889515
v     0.4793184087    -0.6509247597     0.3267038035
v     0.4850663063    -0.6509419818     0.3269880506
v     0.4916741149    -0.6509242456     0.3272894325
v     0.4990879268    -0.6508723919     0.3276812798
v     0.5071848573     -0.650791451      0.328257527
v     0.5157698221    -0.6506905346     0.3291143124
v     0.5245868055    -0.6505812089     0.3303211628
v     0.5333468133    -0.6504748135      0.331892881
v     0.5417671078    -0.6503799295     0.3337782975
v     0.5496096134    -0.6503010735     0.3358722478
v      0.556706143    -0.6502389656     0.3380443222
v     0.5629655534    -0.6501919861     0.3401699244
v     0.5683658384    -0.6501573221     0.3421517684
v     0.5729380526    -0.6501319775      0.343928309
v     0.5767482944    -0.6501142155     0.3454714879
v      0.579881907    -0.6501012924     0.3467790808
v     0.5824310144    -0.6500929348      0.347865769
v     0.5844861535    -0.6500874098     0.3487553483
v     0.5861309961    -0.6500840385     0.3494751529
v     0.5874396139    -0.6500818247     0.3500526302
v     0.5873978911    -0.6500701355      0.350031337
v     0.5873561683    -0.6500584462     0.3500100437
v     0.5873144455     -0.650046757     0.3499887505
v     0.5872727227    -0.6500350677     0.3499674573
v     0.5872309999    -0.6500233785      0.349946164
v     0.5871182211    -0.6500134587     0.3498886073
v     0.5870888879    -0.6500269173     0.3498736371
v     0.5870595546     -0.650040376     0.3498586669
v     0.5870302214    -0.6500538347     0.3498436967
v     0.5870008882    -0.6500672933     0.3498287264
v      0.586971555     -0.650080752     0.3498137562
v     0.5869422218    -0.6500942106      0.349798786
v     0.5856461605    -0.6500967595      0.349171231
v     0.5840168939    -0.6501006412     0.3483885027
v     0.5819809397    -0.6501070025     0.3474202195
v     0.5794555147    -0.6501166251     0.3462349981
v     0.5763513772    -0.6501315045     0.3448035021
v     0.5725782374    -0.6501519551     0.3431033641
v     0.5680533855    -0.6501811362     0.3411259328
v     0.5627138954    -0.6502210474     0.3388846158
v     0.5565317339    -0.6502751382     0.3364228385
v     0.5495299283    -0.6503466475     0.3338192183
v     0.5417961832      -0.65043744      0.331185667
v     0.5334890269    -0.6505466868     0.3286556037
v     0.5248317111    -0.6506691874     0.3263622002
v     0.5160916502    -0.6507950619      0.324412678
v     0.5075482405    -0.6509112543     0.3228684125
v     0.4994572317    -0.6510044472     0.3217390053
v     0.4920216113    -0.6510641501     0.3209913866
v     0.4853758331    -0.6510845711     0.3205668427
v     0.4795845376    -0.6510647421     0.3203982829
v     0.4746524772    -0.6510072605     0.3204227647
v      0.470540902    -0.6509162701     0.3205884261
v     0.4671862569    -0.6507954981     0.3208572387
v     0.4645208531     -0.650646084     0.3212065082
v     0.4624974871    -0.6504655259      0.321628625
v     0.4611863872    -0.6502462995     0.3221822299
v     0.4610938288    -0.6502462995     0.3233840273
v     0.4624067809    -0.6504655259      0.323905039
v     0.4644094137     -0.650646084      0.324366391
v     0.4670542342    -0.6507954981     0.3247480593
v     0.4703847352    -0.6509162701     0.3250698074
v     0.4744669128    -0.6510072605     0.3253486667
v     0.4793648118    -0.6510647421     0.3256043514
v     0.4851202765    -0.6510845711     0.3258684268
v     0.4917347056    -0.6510641501     0.3261912837
v     0.4991523201    -0.6510044472     0.3266451645
v      0.507248218    -0.6509112543     0.3273178625
v     0.5158259372    -0.6507950619     0.3282945193
v     0.5246295081    -0.6506691874     0.3296308645
v     0.5333716102    -0.6505466868     0.3313284183
v     0.5417721775      -0.65043744     0.3333262375
v     0.5495957192    -0.6503466475     0.3355142745
v     0.5566757324    -0.6502751382     0.3377615947
v     0.5629216735    -0.6502210474     0.3399458136
v      0.568311358    -0.6501811362     0.3419729002
v      0.572875314    -0.6501519551     0.3437844688
v     0.5766790866    -0.6501315045     0.3453550156
v     0.5798075598    -0.6501166251     0.3466842127
v     0.5823525378    -0.6501070025     0.3477880815
v     0.5844043318    -0.6501006412     0.3486913838
v     0.5860464585    -0.6500967595       0.34942216
v     0.5873528869    -0.6500942106     0.3500083691
v     0.5873235536     -0.650080752     0.3499933988
v     0.5872942204    -0.6500672933     0.3499784286
v     0.5872648872    -0.6500538347     0.3499634584
v      0.587235554     -0.650040376     0.3499484882
v     0.5872062208    -0.6500269173      0.349933518
v     0.5871768875    -0.6500134587     0.3499185478
v     0.5871322626    -0.6500145865     0.3498957734
v     0.5871169709     -0.650029173     0.3498879693
v     0.5871016793    -0.6500437594     0.3498801652
v     0.5870863876    -0.6500583459     0.3498723611
v     0.5870710959    -0.6500729324     0.3498645569
v     0.5870558042    -0.6500875189     0.3498567528
v     0.5870405125    -0.6501021054     0.3498489487
v       0.58574197    -0.6501048678     0.3492312897
v     0.5841096253    -0.6501090747     0.3484609959
v     0.5820698799    -0.6501159692     0.3475082655
v      0.579539775    -0.6501263982     0.3463425155
v     0.5764298129    -0.6501425243     0.3449355042
v     0.5726493413    -0.6501646887     0.3432663833
v       0.56811513    -0.6501963151     0.3413286505
v     0.5627636261    -0.6502395708     0.3391386085
v     0.5565661993    -0.6502981944     0.3367432635
v     0.5495456751    -0.6503756961      0.334224922
v     0.5417904375    -0.6504740968     0.3316980024
v     0.5334609238    -0.6505924983     0.3292953292
v     0.5247833148    -0.6507252644     0.3271445395
v      0.516028053    -0.6508616869     0.3253417783
v     0.5074764315     -0.650987616     0.3239333673
v     0.4993842526    -0.6510886184     0.3229132713
v     0.4919529418    -0.6511533243     0.3222359573
v     0.4853146668    -0.6511754566     0.3218357518
v     0.4795319473    -0.6511539659     0.3216443308
v     0.4746080633    -0.6510916674      0.321601756
v     0.4705035242    -0.6509930521     0.3216610235
v     0.4671546579    -0.6508621597     0.3217884882
v     0.4644941806    -0.6507002248     0.3219628112
v      0.462475777    -0.6505045363     0.3221734739
v     0.4611642338    -0.6502669391     0.3224698744
v     0.4611159822    -0.6502669391     0.3230963828
v      0.462428491    -0.6505045363     0.3233601901
v     0.4644360862    -0.6507002248      0.323610088
v     0.4670858332    -0.6508621597     0.3238168098
v      0.470422113    -0.6509930521       0.32399721
v     0.4745113268    -0.6510916674     0.3241696754
v     0.4794174022    -0.6511539659     0.3243583035
v     0.4851814427    -0.6511754566     0.3245995177
v     0.4918033751    -0.6511533243     0.3249467129
v     0.4992252992    -0.6510886184     0.3254708985
v      0.507320027     -0.650987616     0.3262529077
v     0.5158895343    -0.6508616869      0.327365419
v     0.5246779044    -0.6507252644     0.3288485252
v     0.5333997133    -0.6505924983     0.3306886928
v     0.5417779231    -0.6504740968     0.3328139021
v     0.5495799725    -0.6503756961     0.3351085709
v     0.5566412671    -0.6502981944     0.3374411698
v     0.5628719428    -0.6502395708      0.339691821
v     0.5682496135    -0.6501963151     0.3417701826
v     0.5728042101    -0.6501646887     0.3436214496
v     0.5766006509    -0.6501425243     0.3452230134
v     0.5797232994    -0.6501263982     0.3465766953
v     0.5822635976    -0.6501159692     0.3477000354
v     0.5843116004    -0.6501090747     0.3486188907
v     0.5859506491    -0.6501048678     0.3493621013
v     0.5872545961    -0.6501021054     0.3499582064
v     0.5872393044    -0.6500875189     0.3499504022
v     0.5872240127    -0.6500729324     0.3499425981
v     0.5872087211    -0.6500583459      0.349934794
v     0.5871934294    -0.6500437594     0.3499269899
v     0.5871781377     -0.650029173     0.3499191858
v      0.587162846    -0.6500145865     0.3499113816
v     0.5871475543    -0.6500299649     0.3499035775
v     0.5871475543    -0.6500599299     0.3499035775
v     0.5871475543    -0.6500898948     0.3499035775
v     0.5858463095    -0.6501077147     0.3492966955
v     0.5842106128    -0.6501120359     0.3485399433
v     0.5821667387    -0.6501191175     0.3476041505
v     0.5796315372    -0.6501298296     0.3464596054
v     0.5765152319    -0.6501463935     0.3450792588
v     0.5727267757    -0.6501691597     0.3434439165
v     0.5681823718    -0.6502016446     0.3415494165
v     0.5628177844    -0.6502460746     0.3394152147
v     0.5566037332    -0.6503062897     0.3370922166
v     0.5495628238    -0.6503858953     0.3346667464
v     0.5417841803    -0.6504869674     0.3322559523
v     0.5334303185    -0.6506085832      0.329992011
v     0.5247306096    -0.6507449536     0.3279965324
v     0.5159587937    -0.6508850796     0.3263535987
v     0.5073982292    -0.6510144274     0.3250931375
v     0.4993047759    -0.6511181718     0.3241920849
v     0.4918781585    -0.6511846343     0.3235913351
v     0.4852480548    -0.6512073674     0.3232176348
v     0.4794746747    -0.6511852933     0.3230013172
v      0.474559695    -0.6511213036     0.3228857157
v     0.4704628186    -0.6510200112     0.3228291168
v     0.4671202455    -0.6508855652      0.322802649
v     0.4644651334    -0.6507192343     0.3227864496
v      0.462452134    -0.6505182332      0.322766832
v      0.461140108    -0.6502741858     0.3227831286
v             0.61             0.65            0.255
v     0.6073864857             0.65     0.2549847665
v     0.6044104708     0.6500148821     0.2549683892
v     0.6010275757     0.6500237967     0.2549494539
v     0.6010275757             0.65     0.2549480817
v     0.5971897803     0.6500338265     0.2549281498
v     0.5971897803             0.65     0.2549261992
v     0.5928456839     0.6500450732     0.2549042608
v     0.5928456839             0.65     0.2549016617
v     0.5879409794     0.6500576371     0.2548775741
v     0.5879409794             0.65     0.2548742505
v     0.5824191916     0.6500716132     0.2548478877
v     0.5824191916             0.65     0.2548437582
v     0.5762227342     0.6500870872     0.2548150198
v     0.5762227342             0.65     0.2548099981
v     0.5692943337     0.6501041299     0.2547788197
v     0.5692943337             0.65     0.2547728151
v     0.5615788586     0.6501227922     0.2547391795
v     0.5615788586             0.65     0.2547320988
v     0.5530255711     0.6501430983     0.2546960477
v     0.5530255711             0.65     0.2546877961
v     0.5435907876     0.6501650375     0.2546494471
v     0.5435907876             0.65     0.2546399304
v     0.5332408884     0.6501885485     0.2545995077
v     0.5332408884             0.65     0.2545886353
v     0.5219555642      0.650213517     0.2545464727
v     0.5219555642             0.65     0.2545341605
v     0.5097311201     0.6502397715     0.2544907059
v     0.5097311201             0.65     0.2544768798
v     0.4965835966     0.6502670824     0.2544326954
v     0.4965835966             0.65     0.2544172944
v     0.4825514096     0.6502951541      0.254373069
v     0.4825514096             0.65     0.2543560493
v      0.467697185     0.6503235964     0.2543126552
v      0.467697185             0.65     0.2542939954
v     0.4521084687     0.6503519527     0.2542524241
v     0.4521084687             0.65     0.2542321291
v     0.4358970438     0.6503797256     0.2541934323
v     0.4358970438             0.65     0.2541715359
v     0.4191966975     0.6504063723     0.2541368325
v     0.4191966975             0.65     0.2541133995
v     0.4021594295     0.6504312875     0.2540839106
v     0.4021594295             0.65      0.254059041
v     0.3849502678     0.6504538926     0.2540358954
v     0.3849502678             0.65     0.2540097223
v      0.367741038             0.65     0.2539666208
v      0.367741038     0.6504736481     0.2539939331
v     0.3507035725             0.65     0.2539309222
v     0.3507035725     0.6504900106      0.253959178
v     0.3340029129             0.65     0.2539035201
v     0.3340029129     0.6505025703     0.2539325002
v     0.3177910758             0.65     0.2538849349
v     0.3177910758     0.6505110888     0.2539144062
v     0.3022018771             0.65     0.2538756407
v     0.3022018771     0.6505153488     0.2539053576
v     0.2873471364             0.65     0.2538758517
v     0.2873471364     0.6505152521      0.253905563
v     0.2733144301             0.65     0.2538852455
v     0.2733144301     0.6505109464     0.2539147086
v     0.2601664155             0.65     0.2539032857
v     0.2601664155     0.6505026777      0.253932272
v     0.2479415486             0.65     0.2539295112
v     0.2479415486     0.6504906573     0.2539578043
v     0.2366558958             0.65     0.2539629966
v     0.2366558958     0.6504753093     0.2539904047
v     0.2263057985             0.65     0.2540030616
v     0.2263057985     0.6504569455     0.2540294108
v     0.2168709777             0.65     0.2540488963
v     0.2168709777     0.6504359373     0.2540740341
v     0.2083178323             0.65     0.2540995555
v     0.2083178323     0.6504127177     0.2541233543
v     0.2006027085             0.65     0.2541544181
v     0.2006027085     0.6503875715     0.2541767669
v     0.1936748938             0.65     0.2542128671
v     0.1936748938     0.6503607815     0.2542336711
v     0.1874793116             0.65     0.2542747992
v     0.1874793116     0.6503323949     0.2542939663
v     0.1819587202             0.65     0.2543398047
v     0.1819587202     0.6503025997     0.2543572537
v     0.1770556161             0.65     0.2544081687
v     0.1770556161     0.6502712652     0.2544238109
v     0.1727136843             0.65     0.2544808605
v     0.1727136843      0.650237947     0.2544945814
v     0.1688788564             0.65      0.254559323
v     0.1688788564     0.6502019838     0.2545709701
v     0.1655003534             0.65     0.2546475443
v     0.1655003534     0.6501615477     0.2546568597
v     0.1625322416             0.65     0.2547565756
v     0.1625322416     0.6501115733     0.2547630094
v             0.16             0.65            0.255
v     0.1625322416     0.6498884267     0.2547630094
v     0.1655003534     0.6498384523     0.2546568597
v     0.1688788564     0.6497980162     0.2545709701
v     0.1727136843      0.649762053     0.2544945814
v     0.1770556161     0.6497287348     0.2544238109
v     0.1819587202     0.6496974003     0.2543572537
v     0.1874793116     0.6496676051     0.2542939663
v     0.1936748938     0.6496392185     0.2542336711
v     0.2006027085     0.6496124285     0.2541767669
v     0.2083178323     0.6495872823     0.2541233543
v     0.2168709777     0.6495640627     0.2540740341
v     0.2263057985     0.6495430545     0.2540294108
v     0.2366558958     0.6495246907     0.2539904047
v     0.2479415486     0.6495093427     0.2539578043
v     0.2601664155     0.6494973223      0.253932272
v     0.2733144301     0.6494890536     0.2539147086
v     0.2873471364     0.6494847479      0.253905563
v     0.3022018771     0.6494846512     0.2539053576
v     0.3177910758     0.6494889112     0.2539144062
v     0.3340029129     0.6494974297     0.2539325002
v     0.3507035725     0.6495099894      0.253959178
v      0.367741038     0.6495263519     0.2539939331
v     0.3849502678     0.6495461074     0.2540358954
v     0.4021594295     0.6495687125     0.2540839106
v     0.4191966975     0.6495936277     0.2541368325
v     0.4358970438     0.6496202744     0.2541934323
v     0.4521084687     0.6496480473     0.2542524241
v      0.467697185     0.6496764036     0.2543126552
v     0.4825514096     0.6497048459      0.254373069
v     0.4965835966     0.6497329176     0.2544326954
v     0.5097311201     0.6497602285     0.2544907059
v     0.5219555642      0.649786483     0.2545464727
v     0.5332408884     0.6498114515     0.2545995077
v     0.5435907876     0.6498349625     0.2546494471
v     0.5530255711     0.6498569017     0.2546960477
v     0.5615788586     0.6498772078     0.2547391795
v     0.5692943337     0.6498958701     0.2547788197
v     0.5762227342     0.6499129128     0.2548150198
v     0.5824191916     0.6499283868     0.2548478877
v     0.5879409794     0.6499423629     0.2548775741
v     0.5928456839     0.6499549268     0.2549042608
v     0.5971897803     0.6499661735     0.2549281498
v     0.6010275757     0.6499762033     0.2549494539
v     0.6044104708     0.6499851179     0.2549683892
v     0.6010275757     0.6500456479     0.2549533621
v     0.5971897803     0.6500648876     0.2549337052
v     0.5928456839     0.6500864616     0.2549116633
v     0.5879409794     0.6501105622       0.25488704
v     0.5824191916     0.6501373718     0.2548596489
v     0.5762227342     0.6501670546     0.2548293224
v     0.5692943337     0.6501997468     0.2547959212
v     0.5615788586     0.6502355457     0.2547593459
v     0.5530255711     0.6502744978     0.2547195491
v     0.5435907876     0.6503165825     0.2546765516
v     0.5332408884     0.6503616826     0.2546304735
v     0.5219555642     0.6504095782     0.2545815391
v     0.5097311201     0.6504599409     0.2545300841
v     0.4965835966     0.6505123299     0.2544765589
v     0.4825514096     0.6505661782     0.2544215428
v      0.467697185     0.6506207376     0.2543658002
v     0.4521084687      0.650675132     0.2543102261
v     0.4358970438     0.6507284072     0.2542557955
v     0.4191966975     0.6507795222     0.2542035719
v     0.4021594295     0.6508273156      0.254154742
v     0.3849502678     0.6508706779     0.2541104393
v      0.367741038     0.6509085738     0.2540717215
v     0.3507035725      0.650939961     0.2540396536
v     0.3340029129     0.6509640536     0.2540150385
v     0.3177910758     0.6509803942     0.2539983435
v     0.3022018771     0.6509885659     0.2539899946
v     0.2873471364     0.6509883804     0.2539901841
v     0.2733144301     0.6509801211     0.2539986225
v     0.2601664155     0.6509642597     0.2540148279
v     0.2479415486     0.6509412016     0.2540383861
v     0.2366558958     0.6509117603     0.2540684659
v     0.2263057985     0.6508765341     0.2541044561
v     0.2168709777     0.6508362351     0.2541456291
v     0.2083178323     0.6507916942     0.2541911359
v     0.2006027085     0.6507434576     0.2542404187
v     0.1936748938     0.6506920677     0.2542929231
v     0.1874793116     0.6506376154     0.2543485563
v     0.1819587202     0.6505804608     0.2544069504
v     0.1770556161     0.6505203535     0.2544683614
v     0.1727136843      0.650456441       0.25453366
v     0.1688788564     0.6503874547     0.2546041424
v     0.1655003534     0.6503098882     0.2546833911
v     0.1625322416      0.650214025     0.2547813333
v     0.1625322416      0.649785975     0.2547813333
v     0.1655003534     0.6496901118     0.2546833911
v     0.1688788564     0.6496125453     0.2546041424
v     0.1727136843      0.649543559       0.25453366
v     0.1770556161     0.6494796465     0.2544683614
v     0.1819587202     0.6494195392     0.2544069504
v     0.1874793116     0.6493623846     0.2543485563
v     0.1936748938     0.6493079323     0.2542929231
v     0.2006027085     0.6492565424     0.2542404187
v     0.2083178323     0.6492083058     0.2541911359
v     0.2168709777     0.6491637649     0.2541456291
v     0.2263057985     0.6491234659     0.2541044561
v     0.2366558958     0.6490882397     0.2540684659
v     0.2479415486     0.6490587984     0.2540383861
v     0.2601664155     0.6490357403     0.2540148279
v     0.2733144301     0.6490198789     0.2539986225
v     0.2873471364     0.6490116196     0.2539901841
v     0.3022018771     0.6490114341     0.2539899946
v     0.3177910758     0.6490196058     0.2539983435
v     0.3340029129     0.6490359464     0.2540150385
v     0.3507035725      0.649060039     0.2540396536
v      0.367741038     0.6490914262     0.2540717215
v     0.3849502678     0.6491293221     0.2541104393
v     0.4021594295     0.6491726844      0.254154742
v     0.4191966975     0.6492204778     0.2542035719
v     0.4358970438     0.6492715928     0.2542557955
v     0.4521084687      0.649324868     0.2543102261
v      0.467697185     0.6493792624     0.2543658002
v     0.4825514096     0.6494338218     0.2544215428
v     0.4965835966     0.6494876701     0.2544765589
v     0.5097311201     0.6495400591     0.2545300841
v     0.5219555642     0.6495904218     0.2545815391
v     0.5332408884     0.6496383174     0.2546304735
v     0.5435907876     0.6496834175     0.2546765516
v     0.5530255711     0.6497255022     0.2547195491
v     0.5615788586     0.6497644543     0.2547593459
v     0.5692943337     0.6498002532     0.2547959212
v     0.5762227342     0.6498329454     0.2548293224
v     0.5824191916     0.6498626282     0.2548596489
v     0.5879409794     0.6498894378       0.25488704
v     0.5928456839     0.6499135384     0.2549116633
v     0.5971897803     0.6499351124     0.2549337052
v     0.6010275757     0.6499543521     0.2549533621
v     0.6073864857     0.6500190508     0.2549881149
v     0.6044104708     0.6500406053     0.2549746679
v     0.6010275757     0.6500649284     0.2549594936
v     0.5971897803     0.6500922943      0.254942421
v     0.5928456839     0.6501229807      0.254923277
v     0.5879409794     0.6501572607     0.2549018909
v     0.5824191916      0.650195394      0.254878101
v     0.5762227342      0.650237614     0.2548517615
v     0.5692943337     0.6502841145     0.2548227516
v     0.5615788586     0.6503350339     0.2547909849
v     0.5530255711     0.6503904383     0.2547564201
v     0.5435907876     0.6504502985     0.2547190756
v     0.5332408884     0.6505144476     0.2546790554
v     0.5219555642     0.6505825731     0.2546365545
v     0.5097311201     0.6506542077     0.2545918643
v     0.4965835966     0.6507287244     0.2545453761
v     0.4825514096     0.6508053168      0.254497593
v      0.467697185     0.6508829206     0.2544491789
v     0.4521084687     0.6509602897     0.2544009111
v     0.4358970438     0.6510360669     0.2543536366
v     0.4191966975     0.6511087715     0.2543082789
v     0.4021594295     0.6511767516     0.2542658686
v     0.3849502678      0.651238429     0.2542273905
v      0.367741038     0.6512923312     0.2541937629
v     0.3507035725     0.6513369754      0.254165911
v     0.3340029129     0.6513712441     0.2541445321
v     0.3177910758     0.6513944865      0.254130032
v     0.3022018771     0.6514061098     0.2541227807
v     0.2873471364     0.6514058459     0.2541229453
v     0.2733144301     0.6513940981     0.2541302743
v     0.2601664155     0.6513715373     0.2541443492
v     0.2479415486       0.65133874     0.2541648102
v     0.2366558958     0.6512968636     0.2541909353
v     0.2263057985     0.6512467587     0.2542221939
v     0.2168709777     0.6511894384     0.2542579538
v     0.2083178323     0.6511260847     0.2542974778
v     0.2006027085     0.6510574742     0.2543402814
v     0.1936748938     0.6509843787      0.254385883
v     0.1874793116     0.6509069271     0.2544342021
v     0.1819587202      0.650825632     0.2544849191
v     0.1770556161     0.6507401369     0.2545382563
v     0.1727136843     0.6506492294       0.25459497
v     0.1688788564     0.6505511052     0.2546561861
v     0.1655003534     0.6504407768     0.2547250159
v     0.1625322416     0.6503044235     0.2548100816
v     0.1625322416     0.6496955765     0.2548100816
v     0.1655003534     0.6495592232     0.2547250159
v     0.1688788564     0.6494488948     0.2546561861
v     0.1727136843     0.6493507706       0.25459497
v     0.1770556161     0.6492598631     0.2545382563
v     0.1819587202      0.649174368     0.2544849191
v     0.1874793116     0.6490930729     0.2544342021
v     0.1936748938     0.6490156213      0.254385883
v     0.2006027085     0.6489425258     0.2543402814
v     0.2083178323     0.6488739153     0.2542974778
v     0.2168709777     0.6488105616     0.2542579538
v     0.2263057985     0.6487532413     0.2542221939
v     0.2366558958     0.6487031364     0.2541909353
v     0.2479415486       0.64866126     0.2541648102
v     0.2601664155     0.6486284627     0.2541443492
v     0.2733144301     0.6486059019     0.2541302743
v     0.2873471364     0.6485941541     0.2541229453
v     0.3022018771     0.6485938902     0.2541227807
v     0.3177910758     0.6486055135      0.254130032
v     0.3340029129     0.6486287559     0.2541445321
v     0.3507035725     0.6486630246      0.254165911
v      0.367741038     0.6487076688     0.2541937629
v     0.3849502678      0.648761571     0.2542273905
v     0.4021594295     0.6488232484     0.2542658686
v     0.4191966975     0.6488912285     0.2543082789
v     0.4358970438     0.6489639331     0.2543536366
v     0.4521084687     0.6490397103     0.2544009111
v      0.467697185     0.6491170794     0.2544491789
v     0.4825514096     0.6491946832      0.254497593
v     0.4965835966     0.6492712756     0.2545453761
v     0.5097311201     0.6493457923     0.2545918643
v     0.5219555642     0.6494174269     0.2546365545
v     0.5332408884     0.6494855524     0.2546790554
v     0.5435907876     0.6495497015     0.2547190756
v     0.5530255711     0.6496095617     0.2547564201
v     0.5615788586     0.6496649661     0.2547909849
v     0.5692943337     0.6497158855     0.2548227516
v     0.5762227342      0.649762386     0.2548517615
v     0.5824191916      0.649804606      0.254878101
v     0.5879409794     0.6498427393     0.2549018909
v     0.5928456839     0.6498770193      0.254923277
v     0.5971897803     0.6499077057      0.254942421
v     0.6010275757     0.6499350716     0.2549594936
v     0.6044104708     0.6499593947     0.2549746679
v     0.6073864857     0.6499809492     0.2549881149
v     0.6010275757     0.6500810128     0.2549675358
v     0.5971897803      0.650115158     0.2549538528
v     0.5928456839     0.6501534461     0.2549385097
v     0.5879409794     0.6501962182     0.2549213696
v     0.5824191916     0.6502437981      0.254902303
v     0.5762227342      0.650296477      0.254881193
v     0.5692943337     0.6503544969     0.2548579427
v     0.5615788586     0.6504180302     0.2548324831
v     0.5530255711     0.6504871597     0.2548047808
v     0.5435907876     0.6505618488     0.2547748507
v     0.5332408884     0.6506418893     0.2547427762
v     0.5219555642     0.6507268911     0.2547087135
v     0.5097311201     0.6508162714     0.2546728962
v     0.4965835966     0.6509092478     0.2546356378
v     0.4825514096      0.651004814     0.2545973416
v      0.467697185     0.6511016423     0.2545585397
v     0.4521084687     0.6511981777     0.2545198551
v     0.4358970438     0.6512927268     0.2544819665
v     0.4191966975     0.6513834422     0.2544456142
v     0.4021594295     0.6514682627     0.2544116242
v     0.3849502678     0.6515452191     0.2543807855
v      0.367741038     0.6516124742     0.2543538344
v     0.3507035725     0.6516681779     0.2543315123
v     0.3340029129     0.6517109359      0.254314378
v     0.3177910758      0.651739936     0.2543027567
v     0.3022018771     0.6517544386     0.2542969451
v     0.2873471364     0.6517541094     0.2542970771
v     0.2733144301     0.6517394514      0.254302951
v     0.2601664155     0.6517113017     0.2543142314
v     0.2479415486     0.6516703797       0.25433063
v     0.2366558958     0.6516181294     0.2543515682
v     0.2263057985     0.6515556123     0.2543766207
v     0.2168709777     0.6514840923     0.2544052808
v     0.2083178323     0.6514050443     0.2544369576
v     0.2006027085     0.6513194373     0.2544712629
v     0.1936748938     0.6512282341     0.2545078107
v     0.1874793116     0.6511315958     0.2545465364
v     0.1819587202     0.6510301619      0.254587184
v     0.1770556161     0.6509234874     0.2546299316
v     0.1727136843     0.6508100599     0.2546753853
v     0.1688788564     0.6506876278     0.2547244474
v     0.1655003534     0.6505499683     0.2547796116
v     0.1625322416     0.6503798369     0.2548477883
v     0.1625322416     0.6496201631     0.2548477883
v     0.1655003534     0.6494500317     0.2547796116
v     0.1688788564     0.6493123722     0.2547244474
v     0.1727136843     0.6491899401     0.2546753853
v     0.1770556161     0.6490765126     0.2546299316
v     0.1819587202     0.6489698381      0.254587184
v     0.1874793116     0.6488684042     0.2545465364
v     0.1936748938     0.6487717659     0.2545078107
v     0.2006027085     0.6486805627     0.2544712629
v     0.2083178323     0.6485949557     0.2544369576
v     0.2168709777     0.6485159077     0.2544052808
v     0.2263057985     0.6484443877     0.2543766207
v     0.2366558958     0.6483818706     0.2543515682
v     0.2479415486     0.6483296203       0.25433063
v     0.2601664155     0.6482886983     0.2543142314
v     0.2733144301     0.6482605486      0.254302951
v     0.2873471364     0.6482458906     0.2542970771
v     0.3022018771     0.6482455614     0.2542969451
v     0.3177910758      0.648260064     0.2543027567
v     0.3340029129     0.6482890641      0.254314378
v     0.3507035725     0.6483318221     0.2543315123
v      0.367741038     0.6483875258     0.2543538344
v     0.3849502678     0.6484547809     0.2543807855
v     0.4021594295     0.6485317373     0.2544116242
v     0.4191966975     0.6486165578     0.2544456142
v     0.4358970438     0.6487072732     0.2544819665
v     0.4521084687     0.6488018223     0.2545198551
v      0.467697185     0.6488983577     0.2545585397
v     0.4825514096      0.648995186     0.2545973416
v     0.4965835966     0.6490907522     0.2546356378
v     0.5097311201     0.6491837286     0.2546728962
v     0.5219555642     0.6492731089     0.2547087135
v     0.5332408884     0.6493581107     0.2547427762
v     0.5435907876     0.6494381512     0.2547748507
v     0.5530255711     0.6495128403     0.2548047808
v     0.5615788586     0.6495819698     0.2548324831
v     0.5692943337     0.6496455031     0.2548579427
v     0.5762227342      0.649703523      0.254881193
v     0.5824191916     0.6497562019      0.254902303
v     0.5879409794     0.6498037818     0.2549213696
v     0.5928456839     0.6498465539     0.2549385097
v     0.5971897803      0.649884842     0.2549538528
v     0.6010275757     0.6499189872     0.2549675358
v     0.6044104708     0.6500583334     0.2549857262
v     0.6010275757     0.6500932758      0.254977176
v     0.5971897803     0.6501325896     0.2549675562
v     0.5928456839     0.6501766734     0.2549567692
v     0.5879409794     0.6502259201     0.2549447189
v     0.5824191916     0.6502807022     0.2549313141
v     0.5762227342     0.6503413553     0.2549164727
v     0.5692943337     0.6504081577     0.2549001266
v     0.5615788586     0.6504813081     0.2548822272
v     0.5530255711     0.6505609019     0.2548627511
v     0.5435907876     0.6506468968     0.2548417087
v     0.5332408884     0.6507390531     0.2548191587
v     0.5219555642     0.6508369218     0.2547952109
v     0.5097311201     0.6509398317     0.2547700295
v     0.4965835966     0.6510468821      0.254743835
v     0.4825514096     0.6511569144     0.2547169109
v      0.467697185     0.6512683997     0.2546896312
v     0.4521084687     0.6513795478      0.254662434
v     0.4358970438      0.651488409     0.2546357964
v     0.4191966975     0.6515928561     0.2546102389
v     0.4021594295      0.651690516     0.2545863422
v     0.3849502678     0.6517791214     0.2545646611
v      0.367741038      0.651856557     0.2545457131
v     0.3507035725     0.6519206927     0.2545300195
v     0.3340029129      0.651969923     0.2545179732
v     0.3177910758      0.652003313     0.2545098029
v     0.3022018771     0.6520200109      0.254505717
v     0.2873471364     0.6520196318     0.2545058098
v     0.2733144301     0.6520027549     0.2545099394
v     0.2601664155     0.6519703442     0.2545178701
v     0.2479415486     0.6519232277     0.2545293992
v     0.2366558958     0.6518630683     0.2545441198
v     0.2263057985     0.6517910878      0.254561733
v     0.2168709777     0.6517087418     0.2545818825
v     0.2083178323     0.6516177282     0.2546041529
v     0.2006027085     0.6515191627     0.2546282712
v     0.1936748938     0.6514141539     0.2546539661
v     0.1874793116     0.6513028873     0.2546811923
v     0.1819587202     0.6511860992     0.2547097696
v     0.1770556161     0.6510632772     0.2547398233
v     0.1727136843       0.65093268     0.2547717795
v     0.1688788564     0.6507917152     0.2548062727
v     0.1655003534     0.6506332179     0.2548450559
v     0.1625322416     0.6504373334     0.2548929875
v     0.1625322416     0.6495626666     0.2548929875
v     0.1655003534     0.6493667821     0.2548450559
v     0.1688788564     0.6492082848     0.2548062727
v     0.1727136843       0.64906732     0.2547717795
v     0.1770556161     0.6489367228     0.2547398233
v     0.1819587202     0.6488139008     0.2547097696
v     0.1874793116     0.6486971127     0.2546811923
v     0.1936748938     0.6485858461     0.2546539661
v     0.2006027085     0.6484808373     0.2546282712
v     0.2083178323     0.6483822718     0.2546041529
v     0.2168709777     0.6482912582     0.2545818825
v     0.2263057985     0.6482089122      0.254561733
v     0.2366558958     0.6481369317     0.2545441198
v     0.2479415486     0.6480767723     0.2545293992
v     0.2601664155     0.6480296558     0.2545178701
v     0.2733144301     0.6479972451     0.2545099394
v     0.2873471364     0.6479803682     0.2545058098
v     0.3022018771     0.6479799891      0.254505717
v     0.3177910758      0.647996687     0.2545098029
v     0.3340029129      0.648030077     0.2545179732
v     0.3507035725     0.6480793073     0.2545300195
v      0.367741038      0.648143443     0.2545457131
v     0.3849502678     0.6482208786     0.2545646611
v     0.4021594295      0.648309484     0.2545863422
v     0.4191966975     0.6484071439     0.2546102389
v     0.4358970438      0.648511591     0.2546357964
v     0.4521084687     0.6486204522      0.254662434
v      0.467697185     0.6487316003     0.2546896312
v     0.4825514096     0.6488430856     0.2547169109
v     0.4965835966     0.6489531179      0.254743835
v     0.5097311201     0.6490601683     0.2547700295
v     0.5219555642     0.6491630782     0.2547952109
v     0.5332408884     0.6492609469     0.2548191587
v     0.5435907876     0.6493531032     0.2548417087
v     0.5530255711     0.6494390981     0.2548627511
v     0.5615788586     0.6495186919     0.2548822272
v     0.5692943337     0.6495918423     0.2549001266
v     0.5762227342     0.6496586447     0.2549164727
v     0.5824191916     0.6497192978     0.2549313141
v     0.5879409794     0.6497740799     0.2549447189
v     0.5928456839     0.6498233266     0.2549567692
v     0.5971897803     0.6498674104     0.2549675562
v     0.6010275757     0.6499067242      0.254977176
v     0.6044104708     0.6499416666     0.2549857262
v     0.5971897803     0.6501437004     0.2549830868
v     0.5928456839     0.6501914784     0.2549774634
v     0.5879409794     0.6502448518     0.2549711814
v     0.5824191916     0.6503042246     0.2549641934
v     0.5762227342     0.6503699603     0.2549564564
v     0.5692943337     0.6504423607      0.254947935
v     0.5615788586      0.650521641     0.2549386039
v     0.5530255711     0.6506079046     0.2549284509
v     0.5435907876     0.6507011058     0.2549174813
v     0.5332408884     0.6508009846     0.2549057257
v     0.5219555642     0.6509070546     0.2548932415
v     0.5097311201     0.6510185882     0.2548801142
v     0.4965835966     0.6511346093     0.2548664588
v     0.4825514096     0.6512538621      0.254852423
v      0.467697185     0.6513746897     0.2548382018
v     0.4521084687     0.6514951519     0.2548240236
v     0.4358970438     0.6516131354     0.2548101372
v     0.4191966975     0.6517263351     0.2547968139
v     0.4021594295     0.6518321787     0.2547843563
v     0.3849502678     0.6519282091     0.2547730537
v      0.367741038     0.6520121337     0.2547631759
v     0.3507035725     0.6520816439     0.2547549947
v     0.3340029129     0.6521349996     0.2547487149
v     0.3177910758     0.6521711876     0.2547444556
v     0.3022018771     0.6521892848     0.2547423256
v     0.2873471364     0.6521888739      0.254742374
v     0.2733144301     0.6521705828     0.2547445268
v     0.2601664155     0.6521354561     0.2547486611
v     0.2479415486     0.6520843913     0.2547546714
v     0.2366558958     0.6520191906     0.2547623454
v     0.2263057985     0.6519411783     0.2547715272
v     0.2168709777     0.6518519318     0.2547820314
v     0.2083178323     0.6517532914     0.2547936412
v     0.2006027085     0.6516464662     0.2548062143
v     0.1936748938     0.6515326579     0.2548196093
v     0.1874793116     0.6514120674     0.2548338025
v     0.1819587202     0.6512854925     0.2548487001
v     0.1770556161     0.6511523783     0.2548643674
v     0.1727136843     0.6510108372     0.2548810265
v     0.1688788564     0.6508580597     0.2548990081
v     0.1655003534     0.6506862806     0.2549192262
v     0.1625322416     0.6504739813     0.2549442134
v     0.1625322416     0.6495260187     0.2549442134
v     0.1655003534     0.6493137194     0.2549192262
v     0.1688788564     0.6491419403     0.2548990081
v     0.1727136843     0.6489891628     0.2548810265
v     0.1770556161     0.6488476217     0.2548643674
v     0.1819587202     0.6487145075     0.2548487001
v     0.1874793116     0.6485879326     0.2548338025
v     0.1936748938     0.6484673421     0.2548196093
v     0.2006027085     0.6483535338     0.2548062143
v     0.2083178323     0.6482467086     0.2547936412
v     0.2168709777     0.6481480682     0.2547820314
v     0.2263057985     0.6480588217     0.2547715272
v     0.2366558958     0.6479808094     0.2547623454
v     0.2479415486     0.6479156087     0.2547546714
v     0.2601664155     0.6478645439     0.2547486611
v     0.2733144301     0.6478294172     0.2547445268
v     0.2873471364     0.6478111261      0.254742374
v     0.3022018771     0.6478107152     0.2547423256
v     0.3177910758     0.6478288124     0.2547444556
v     0.3340029129     0.6478650004     0.2547487149
v     0.3507035725     0.6479183561     0.2547549947
v      0.367741038     0.6479878663     0.2547631759
v     0.3849502678     0.6480717909     0.2547730537
v     0.4021594295     0.6481678213     0.2547843563
v     0.4191966975     0.6482736649     0.2547968139
v     0.4358970438     0.6483868646     0.2548101372
v     0.4521084687     0.6485048481     0.2548240236
v      0.467697185     0.6486253103     0.2548382018
v     0.4825514096     0.6487461379      0.254852423
v     0.4965835966     0.6488653907     0.2548664588
v     0.5097311201     0.6489814118     0.2548801142
v     0.5219555642     0.6490929454     0.2548932415
v     0.5332408884     0.6491990154     0.2549057257
v     0.5435907876     0.6492988942     0.2549174813
v     0.5530255711     0.6493920954     0.2549284509
v     0.5615788586      0.649478359     0.2549386039
v     0.5692943337     0.6495576393      0.254947935
v     0.5762227342     0.6496300397     0.2549564564
v     0.5824191916     0.6496957754     0.2549641934
v     0.5879409794     0.6497551482     0.2549711814
v     0.5928456839     0.6498085216     0.2549774634
v     0.5971897803     0.6498562996     0.2549830868
v     0.6073864857      0.650030467            0.255
v     0.6044104708     0.6500649379            0.255
v     0.6010275757     0.6501038366            0.255
v     0.5971897803     0.6501476015            0.255
v     0.5928456839     0.6501966766            0.255
v     0.5879409794      0.650251499            0.255
v     0.5824191916     0.6503124836            0.255
v     0.5762227342     0.6503800039            0.255
v     0.5692943337     0.6504543697            0.255
v     0.5615788586     0.6505358023            0.255
v     0.5530255711     0.6506244078            0.255
v     0.5435907876     0.6507201391            0.255
v     0.5332408884     0.6508227295            0.255
v     0.5219555642      0.650931679            0.255
v     0.5097311201     0.6510462405            0.255
v     0.4965835966     0.6511654112            0.255
v     0.4825514096     0.6512879015            0.255
v      0.467697185     0.6514120092            0.255
v     0.4521084687     0.6515357417            0.255
v     0.4358970438     0.6516569282            0.255
v     0.4191966975      0.651773201            0.255
v     0.4021594295     0.6518819181            0.255
v     0.3849502678     0.6519805554            0.255
v      0.367741038     0.6520667584            0.255
v     0.3507035725     0.6521381556            0.255
v     0.3340029129     0.6521929598            0.255
v     0.3177910758     0.6522301302            0.255
v     0.3022018771     0.6522487187            0.255
v     0.2873471364     0.6522482967            0.255
v     0.2733144301      0.652229509            0.255
v     0.2601664155     0.6521934287            0.255
v     0.2479415486     0.6521409776            0.255
v     0.2366558958     0.6520740068            0.255
v     0.2263057985     0.6519938767            0.255
v     0.2168709777     0.6519022074            0.255
v     0.2083178323     0.6518008891            0.255
v     0.2006027085     0.6516911639            0.255
v     0.1936748938     0.6515742659            0.255
v     0.1874793116     0.6514504016            0.255
v     0.1819587202     0.6513203906            0.255
v     0.1770556161     0.6511836626            0.255
v     0.1727136843     0.6510382791            0.255
v     0.1688788564      0.650881354            0.255
v     0.1655003534     0.6507049115            0.255
v     0.1625322416     0.6504868487            0.255
v     0.1625322416     0.6495131513            0.255
v     0.1655003534     0.6492950885            0.255
v     0.1688788564      0.649118646            0.255
v     0.1727136843     0.6489617209            0.255
v     0.1770556161     0.6488163374            0.255
v     0.1819587202     0.6486796094            0.255
v     0.1874793116     0.6485495984            0.255
v     0.1936748938     0.6484257341            0.255
v     0.2006027085     0.6483088361            0.255
v     0.2083178323     0.6481991109            0.255
v     0.2168709777     0.6480977926            0.255
v     0.2263057985     0.6480061233            0.255
v     0.2366558958     0.6479259932            0.255
v     0.2479415486     0.6478590224            0.255
v     0.2601664155     0.6478065713            0.255
v     0.2733144301      0.647770491            0.255
v     0.2873471364     0.6477517033            0.255
v     0.3022018771     0.6477512813            0.255
v     0.3177910758     0.6477698698            0.255
v     0.3340029129     0.6478070402            0.255
v     0.3507035725     0.6478618444            0.255
v      0.367741038     0.6479332416            0.255
v     0.3849502678     0.6480194446            0.255
v     0.4021594295     0.6481180819            0.255
v     0.4191966975      0.648226799            0.255
v     0.4358970438     0.6483430718            0.255
v     0.4521084687     0.6484642583            0.255
v      0.467697185     0.6485879908            0.255
v     0.4825514096     0.6487120985            0.255
v     0.4965835966     0.6488345888            0.255
v     0.5097311201     0.6489537595            0.255
v     0.5219555642      0.649068321            0.255
v     0.5332408884     0.6491772705            0.255
v     0.5435907876     0.6492798609            0.255
v     0.5530255711     0.6493755922            0.255
v     0.5615788586     0.6494641977            0.255
v     0.5692943337     0.6495456303            0.255
v     0.5762227342     0.6496199961            0.255
v     0.5824191916     0.6496875164            0.255
v     0.5879409794      0.649748501            0.255
v     0.5928456839     0.6498033234            0.255
v     0.5971897803     0.6498523985            0.255
v     0.6010275757     0.6498961634            0.255
v     0.6044104708     0.6499350621            0.255
v     0.6073864857      0.649969533            0.255
v     0.6073864857      0.650030467            0.285
v             0.61             0.65            0.285
v     0.6044104708     0.6500649379            0.285
v     0.6010275757     0.6501038366            0.285
v     0.5971897803     0.6501476015            0.285
v     0.5928456839     0.6501966766            0.285
v     0.5879409794      0.650251499            0.285
v     0.5824191916     0.6503124836            0.285
v     0.5762227342     0.6503800039            0.285
v     0.5692943337     0.6504543697            0.285
v     0.5615788586     0.6505358023            0.285
v     0.5530255711     0.6506244078            0.285
v     0.5435907876     0.6507201391            0.285
v     0.5332408884     0.6508227295            0.285
v     0.5219555642      0.650931679            0.285
v     0.5097311201     0.6510462405            0.285
v     0.4965835966     0.6511654112            0.285
v     0.4825514096     0.6512879015            0.285
v      0.467697185     0.6514120092            0.285
v     0.4521084687     0.6515357417            0.285
v     0.4358970438     0.6516569282            0.285
v     0.4191966975      0.651773201            0.285
v     0.4021594295     0.6518819181            0.285
v     0.3849502678     0.6519805554            0.285
v      0.367741038     0.6520667584            0.285
v     0.3507035725     0.6521381556            0.285
v     0.3340029129     0.6521929598            0.285
v     0.3177910758     0.6522301302            0.285
v     0.3022018771     0.6522487187            0.285
v     0.2873471364     0.6522482967            0.285
v     0.2733144301      0.652229509            0.285
v     0.2601664155     0.6521934287            0.285
v     0.2479415486     0.6521409776            0.285
v     0.2366558958     0.6520740068            0.285
v     0.2263057985     0.6519938767            0.285
v     0.2168709777     0.6519022074            0.285
v     0.2083178323     0.6518008891            0.285
v     0.2006027085     0.6516911639            0.285
v     0.1936748938     0.6515742659            0.285
v     0.1874793116     0.6514504016            0.285
v     0.1819587202     0.6513203906            0.285
v     0.1770556161     0.6511836626            0.285
v     0.1727136843     0.6510382791            0.285
v     0.1688788564      0.650881354            0.285
v     0.1655003534     0.6507049115            0.285
v     0.1625322416     0.6504868487            0.285
v             0.16             0.65            0.285
v     0.1625322416     0.6495131513            0.285
v     0.1655003534     0.6492950885            0.285
v     0.1688788564      0.649118646            0.285
v     0.1727136843     0.6489617209            0.285
v     0.1770556161     0.6488163374            0.285
v     0.1819587202     0.6486796094            0.285
v     0.1874793116     0.6485495984            0.285
v     0.1936748938     0.6484257341            0.285
v     0.2006027085     0.6483088361            0.285
v     0.2083178323     0.6481991109            0.285
v     0.2168709777     0.6480977926            0.285
v     0.2263057985     0.6480061233            0.285
v     0.2366558958     0.6479259932            0.285
v     0.2479415486     0.6478590224            0.285
v     0.2601664155     0.6478065713            0.285
v     0.2733144301      0.647770491            0.285
v     0.2873471364     0.6477517033            0.285
v     0.3022018771     0.6477512813            0.285
v     0.3177910758     0.6477698698            0.285
v     0.3340029129     0.6478070402            0.285
v     0.3507035725     0.6478618444            0.285
v      0.367741038     0.6479332416            0.285
v     0.3849502678     0.6480194446            0.285
v     0.4021594295     0.6481180819            0.285
v     0.4191966975      0.648226799            0.285
v     0.4358970438     0.6483430718            0.285
v     0.4521084687     0.6484642583            0.285
v      0.467697185     0.6485879908            0.285
v     0.4825514096     0.6487120985            0.285
v     0.4965835966     0.6488345888            0.285
v     0.5097311201     0.6489537595            0.285
v     0.5219555642      0.649068321            0.285
v     0.5332408884     0.6491772705            0.285
v     0.5435907876     0.6492798609            0.285
v     0.5530255711     0.6493755922            0.285
v     0.5615788586     0.6494641977            0.285
v     0.5692943337     0.6495456303            0.285
v     0.5762227342     0.6496199961            0.285
v     0.5824191916     0.6496875164            0.285
v     0.5879409794      0.649748501            0.285
v     0.5928456839     0.6498033234            0.285
v     0.5971897803     0.6498523985            0.285
v     0.6010275757     0.6498961634            0.285
v     0.6044104708     0.6499350621            0.285
v     0.6073864857      0.649969533            0.285
v     0.6073864857      0.650030467            0.315
v             0.61             0.65            0.315
v     0.6044104708     0.6500649379            0.315
v     0.6010275757     0.6501038366            0.315
v     0.5971897803     0.6501476015            0.315
v     0.5928456839     0.6501966766            0.315
v     0.5879409794      0.650251499            0.315
v     0.5824191916     0.6503124836            0.315
v     0.5762227342     0.6503800039            0.315
v     0.5692943337     0.6504543697            0.315
v     0.5615788586     0.6505358023            0.315
v     0.5530255711     0.6506244078            0.315
v     0.5435907876     0.6507201391            0.315
v     0.5332408884     0.6508227295            0.315
v     0.5219555642      0.650931679            0.315
v     0.5097311201     0.6510462405            0.315
v     0.4965835966     0.6511654112            0.315
v     0.4825514096     0.6512879015            0.315
v      0.467697185     0.6514120092            0.315
v     0.4521084687     0.6515357417            0.315
v     0.4358970438     0.6516569282            0.315
v     0.4191966975      0.651773201            0.315
v     0.4021594295     0.6518819181            0.315
v     0.3849502678     0.6519805554            0.315
v      0.367741038     0.6520667584            0.315
v     0.3507035725     0.6521381556            0.315
v     0.3340029129     0.6521929598            0.315
v     0.3177910758     0.6522301302            0.315
v     0.3022018771     0.6522487187            0.315
v     0.2873471364     0.6522482967            0.315
v     0.2733144301      0.652229509            0.315
v     0.2601664155     0.6521934287            0.315
v     0.2479415486     0.6521409776            0.315
v     0.2366558958     0.6520740068            0.315
v     0.2263057985     0.6519938767            0.315
v     0.2168709777     0.6519022074            0.315
v     0.2083178323     0.6518008891            0.315
v     0.2006027085     0.6516911639            0.315
v     0.1936748938     0.6515742659            0.315
v     0.1874793116     0.6514504016            0.315
v     0.1819587202     0.6513203906            0.315
v     0.1770556161     0.6511836626            0.315
v     0.1727136843     0.6510382791            0.315
v     0.1688788564      0.650881354            0.315
v     0.1655003534     0.6507049115            0.315
v     0.1625322416     0.6504868487            0.315
v             0.16             0.65            0.315
v     0.1625322416     0.6495131513            0.315
v     0.1655003534     0.6492950885            0.315
v     0.1688788564      0.649118646            0.315
v     0.1727136843     0.6489617209            0.315
v     0.1770556161     0.6488163374            0.315
v     0.1819587202     0.6486796094            0.315
v     0.1874793116     0.6485495984            0.315
v     0.1936748938     0.6484257341            0.315
v     0.2006027085     0.6483088361            0.315
v     0.2083178323     0.6481991109            0.315
v     0.2168709777     0.6480977926            0.315
v     0.2263057985     0.6480061233            0.315
v     0.2366558958     0.6479259932            0.315
v     0.2479415486     0.6478590224            0.315
v     0.2601664155     0.6478065713            0.315
v     0.2733144301      0.647770491            0.315
v     0.2873471364     0.6477517033            0.315
v     0.3022018771     0.6477512813            0.315
v     0.3177910758     0.6477698698            0.315
v     0.3340029129     0.6478070402            0.315
v     0.3507035725     0.6478618444            0.315
v      0.367741038     0.6479332416            0.315
v     0.3849502678     0.6480194446            0.315
v     0.4021594295     0.6481180819            0.315
v     0.4191966975      0.648226799            0.315
v     0.4358970438     0.6483430718            0.315
v     0.4521084687     0.6484642583            0.315
v      0.467697185     0.6485879908            0.315
v     0.4825514096     0.6487120985            0.315
v     0.4965835966     0.6488345888            0.315
v     0.5097311201     0.6489537595            0.315
v     0.5219555642      0.649068321            0.315
v     0.5332408884     0.6491772705            0.315
v     0.5435907876     0.6492798609            0.315
v     0.5530255711     0.6493755922            0.315
v     0.5615788586     0.6494641977            0.315
v     0.5692943337     0.6495456303            0.315
v     0.5762227342     0.6496199961            0.315
v     0.5824191916     0.6496875164            0.315
v     0.5879409794      0.649748501            0.315
v     0.5928456839     0.6498033234            0.315
v     0.5971897803     0.6498523985            0.315
v     0.6010275757     0.6498961634            0.315
v     0.6044104708     0.6499350621            0.315
v     0.6073864857      0.649969533            0.315
v     0.6073864857      0.650030467            0.345
v             0.61             0.65            0.345
v     0.6044104708     0.6500649379            0.345
v     0.6010275757     0.6501038366            0.345
v     0.5971897803     0.6501476015            0.345
v     0.5928456839     0.6501966766            0.345
v     0.5879409794      0.650251499            0.345
v     0.5824191916     0.6503124836            0.345
v     0.5762227342     0.6503800039            0.345
v     0.5692943337     0.6504543697            0.345
v     0.5615788586     0.6505358023            0.345
v     0.5530255711     0.6506244078            0.345
v     0.5435907876     0.6507201391            0.345
v     0.5332408884     0.6508227295            0.345
v     0.5219555642      0.650931679            0.345
v     0.5097311201     0.6510462405            0.345
v     0.4965835966     0.6511654112            0.345
v     0.4825514096     0.6512879015            0.345
v      0.467697185     0.6514120092            0.345
v     0.4521084687     0.6515357417            0.345
v     0.4358970438     0.6516569282            0.345
v     0.4191966975      0.651773201            0.345
v     0.4021594295     0.6518819181            0.345
v     0.3849502678     0.6519805554            0.345
v      0.367741038     0.6520667584            0.345
v     0.3507035725     0.6521381556            0.345
v     0.3340029129     0.6521929598            0.345
v     0.3177910758     0.6522301302            0.345
v     0.3022018771     0.6522487187            0.345
v     0.2873471364     0.6522482967            0.345
v     0.2733144301      0.652229509            0.345
v     0.2601664155     0.6521934287            0.345
v     0.2479415486     0.6521409776            0.345
v     0.2366558958     0.6520740068            0.345
v     0.2263057985     0.6519938767            0.345
v     0.2168709777     0.6519022074            0.345
v     0.2083178323     0.6518008891            0.345
v     0.2006027085     0.6516911639            0.345
v     0.1936748938     0.6515742659            0.345
v     0.1874793116     0.6514504016            0.345
v     0.1819587202     0.6513203906            0.345
v     0.1770556161     0.6511836626            0.345
v     0.1727136843     0.6510382791            0.345
v     0.1688788564      0.650881354            0.345
v     0.1655003534     0.6507049115            0.345
v     0.1625322416     0.6504868487            0.345
v             0.16             0.65            0.345
v     0.1625322416     0.6495131513            0.345
v     0.1655003534     0.6492950885            0.345
v     0.1688788564      0.649118646            0.345
v     0.1727136843     0.6489617209            0.345
v     0.1770556161     0.6488163374            0.345
v     0.1819587202     0.6486796094            0.345
v     0.1874793116     0.6485495984            0.345
v     0.1936748938     0.6484257341            0.345
v     0.2006027085     0.6483088361            0.345
v     0.2083178323     0.6481991109            0.345
v     0.2168709777     0.6480977926            0.345
v     0.2263057985     0.6480061233            0.345
v     0.2366558958     0.6479259932            0.345
v     0.2479415486     0.6478590224            0.345
v     0.2601664155     0.6478065713            0.345
v     0.2733144301      0.647770491            0.345
v     0.2873471364     0.6477517033            0.345
v     0.3022018771     0.6477512813            0.345
v     0.3177910758     0.6477698698            0.345
v     0.3340029129     0.6478070402            0.345
v     0.3507035725     0.6478618444            0.345
v      0.367741038     0.6479332416            0.345
v     0.3849502678     0.6480194446            0.345
v     0.4021594295     0.6481180819            0.345
v     0.4191966975      0.648226799            0.345
v     0.4358970438     0.6483430718            0.345
v     0.4521084687     0.6484642583            0.345
v      0.467697185     0.6485879908            0.345
v     0.4825514096     0.6487120985            0.345
v     0.4965835966     0.6488345888            0.345
v     0.5097311201     0.6489537595            0.345
v     0.5219555642      0.649068321            0.345
v     0.5332408884     0.6491772705            0.345
v     0.5435907876     0.6492798609            0.345
v     0.5530255711     0.6493755922            0.345
v     0.5615788586     0.6494641977            0.345
v     0.5692943337     0.6495456303            0.345
v     0.5762227342     0.6496199961            0.345
v     0.5824191916     0.6496875164            0.345
v     0.5879409794      0.649748501            0.345
v     0.5928456839     0.6498033234            0.345
v     0.5971897803     0.6498523985            0.345
v     0.6010275757     0.6498961634            0.345
v     0.6044104708     0.6499350621            0.345
v     0.6073864857      0.649969533            0.345
v     0.6073864857      0.650030467            0.375
v             0.61             0.65            0.375
v     0.6044104708     0.6500649379            0.375
v     0.6010275757     0.6501038366            0.375
v     0.5971897803     0.6501476015            0.375
v     0.5928456839     0.6501966766            0.375
v     0.5879409794      0.650251499            0.375
v     0.5824191916     0.6503124836            0.375
v     0.5762227342     0.6503800039            0.375
v     0.5692943337     0.6504543697            0.375
v     0.5615788586     0.6505358023            0.375
v     0.5530255711     0.6506244078            0.375
v     0.5435907876     0.6507201391            0.375
v     0.5332408884     0.6508227295            0.375
v     0.5219555642      0.650931679            0.375
v     0.5097311201     0.6510462405            0.375
v     0.4965835966     0.6511654112            0.375
v     0.4825514096     0.6512879015            0.375
v      0.467697185     0.6514120092            0.375
v     0.4521084687     0.6515357417            0.375
v     0.4358970438     0.6516569282            0.375
v     0.4191966975      0.651773201            0.375
v     0.4021594295     0.6518819181            0.375
v     0.3849502678     0.6519805554            0.375
v      0.367741038     0.6520667584            0.375
v     0.3507035725     0.6521381556            0.375
v     0.3340029129     0.6521929598            0.375
v     0.3177910758     0.6522301302            0.375
v     0.3022018771     0.6522487187            0.375
v     0.2873471364     0.6522482967            0.375
v     0.2733144301      0.652229509            0.375
v     0.2601664155     0.6521934287            0.375
v     0.2479415486     0.6521409776            0.375
v     0.2366558958     0.6520740068            0.375
v     0.2263057985     0.6519938767            0.375
v     0.2168709777     0.6519022074            0.375
v     0.2083178323     0.6518008891            0.375
v     0.2006027085     0.6516911639            0.375
v     0.1936748938     0.6515742659            0.375
v     0.1874793116     0.6514504016            0.375
v     0.1819587202     0.6513203906            0.375
v     0.1770556161     0.6511836626            0.375
v     0.1727136843     0.6510382791            0.375
v     0.1688788564      0.650881354            0.375
v     0.1655003534     0.6507049115            0.375
v     0.1625322416     0.6504868487            0.375
v             0.16             0.65            0.375
v     0.1625322416     0.6495131513            0.375
v     0.1655003534     0.6492950885            0.375
v     0.1688788564      0.649118646            0.375
v     0.1727136843     0.6489617209            0.375
v     0.1770556161     0.6488163374            0.375
v     0.1819587202     0.6486796094            0.375
v     0.1874793116     0.6485495984            0.375
v     0.1936748938     0.6484257341            0.375
v     0.2006027085     0.6483088361            0.375
v     0.2083178323     0.6481991109            0.375
v     0.2168709777     0.6480977926            0.375
v     0.2263057985     0.6480061233            0.375
v     0.2366558958     0.6479259932            0.375
v     0.2479415486     0.6478590224            0.375
v     0.2601664155     0.6478065713            0.375
v     0.2733144301      0.647770491            0.375
v     0.2873471364     0.6477517033            0.375
v     0.3022018771     0.6477512813            0.375
v     0.3177910758     0.6477698698            0.375
v     0.3340029129     0.6478070402            0.375
v     0.3507035725     0.6478618444            0.375
v      0.367741038     0.6479332416            0.375
v     0.3849502678     0.6480194446            0.375
v     0.4021594295     0.6481180819            0.375
v     0.4191966975      0.648226799            0.375
v     0.4358970438     0.6483430718            0.375
v     0.4521084687     0.6484642583            0.375
v      0.467697185     0.6485879908            0.375
v     0.4825514096     0.6487120985            0.375
v     0.4965835966     0.6488345888            0.375
v     0.5097311201     0.6489537595            0.375
v     0.5219555642      0.649068321            0.375
v     0.5332408884     0.6491772705            0.375
v     0.5435907876     0.6492798609            0.375
v     0.5530255711     0.6493755922            0.375
v     0.5615788586     0.6494641977            0.375
v     0.5692943337     0.6495456303            0.375
v     0.5762227342     0.6496199961            0.375
v     0.5824191916     0.6496875164            0.375
v     0.5879409794      0.649748501            0.375
v     0.5928456839     0.6498033234            0.375
v     0.5971897803     0.6498523985            0.375
v     0.6010275757     0.6498961634            0.375
v     0.6044104708     0.6499350621            0.375
v     0.6073864857      0.649969533            0.375
v     0.6073864857      0.650030467            0.405
v             0.61             0.65            0.405
v     0.6044104708     0.6500649379            0.405
v     0.6010275757     0.6501038366            0.405
v     0.5971897803     0.6501476015            0.405
v     0.5928456839     0.6501966766            0.405
v     0.5879409794      0.650251499            0.405
v     0.5824191916     0.6503124836            0.405
v     0.5762227342     0.6503800039            0.405
v     0.5692943337     0.6504543697            0.405
v     0.5615788586     0.6505358023            0.405
v     0.5530255711     0.6506244078            0.405
v     0.5435907876     0.6507201391            0.405
v     0.5332408884     0.6508227295            0.405
v     0.5219555642      0.650931679            0.405
v     0.5097311201     0.6510462405            0.405
v     0.4965835966     0.6511654112            0.405
v     0.4825514096     0.6512879015            0.405
v      0.467697185     0.6514120092            0.405
v     0.4521084687     0.6515357417            0.405
v     0.4358970438     0.6516569282            0.405
v     0.4191966975      0.651773201            0.405
v     0.4021594295     0.6518819181            0.405
v     0.3849502678     0.6519805554            0.405
v      0.367741038     0.6520667584            0.405
v     0.3507035725     0.6521381556            0.405
v     0.3340029129     0.6521929598            0.405
v     0.3177910758     0.6522301302            0.405
v     0.3022018771     0.6522487187            0.405
v     0.2873471364     0.6522482967            0.405
v     0.2733144301      0.652229509            0.405
v     0.2601664155     0.6521934287            0.405
v     0.2479415486     0.6521409776            0.405
v     0.2366558958     0.6520740068            0.405
v     0.2263057985     0.6519938767            0.405
v     0.2168709777     0.6519022074            0.405
v     0.2083178323     0.6518008891            0.405
v     0.2006027085     0.6516911639            0.405
v     0.1936748938     0.6515742659            0.405
v     0.1874793116     0.6514504016            0.405
v     0.1819587202     0.6513203906            0.405
v     0.1770556161     0.6511836626            0.405
v     0.1727136843     0.6510382791            0.405
v     0.1688788564      0.650881354            0.405
v     0.1655003534     0.6507049115            0.405
v     0.1625322416     0.6504868487            0.405
v             0.16             0.65            0.405
v     0.1625322416     0.6495131513            0.405
v     0.1655003534     0.6492950885            0.405
v     0.1688788564      0.649118646            0.405
v     0.1727136843     0.6489617209            0.405
v     0.1770556161     0.6488163374            0.405
v     0.1819587202     0.6486796094            0.405
v     0.1874793116     0.6485495984            0.405
v     0.1936748938     0.6484257341            0.405
v     0.2006027085     0.6483088361            0.405
v     0.2083178323     0.6481991109            0.405
v     0.2168709777     0.6480977926            0.405
v     0.2263057985     0.6480061233            0.405
v     0.2366558958     0.6479259932            0.405
v     0.2479415486     0.6478590224            0.405
v     0.2601664155     0.6478065713            0.405
v     0.2733144301      0.647770491            0.405
v     0.2873471364     0.6477517033            0.405
v     0.3022018771     0.6477512813            0.405
v     0.3177910758     0.6477698698            0.405
v     0.3340029129     0.6478070402            0.405
v     0.3507035725     0.6478618444            0.405
v      0.367741038     0.6479332416            0.405
v     0.3849502678     0.6480194446            0.405
v     0.4021594295     0.6481180819            0.405
v     0.4191966975      0.648226799            0.405
v     0.4358970438     0.6483430718            0.405
v     0.4521084687     0.6484642583            0.405
v      0.467697185     0.6485879908            0.405
v     0.4825514096     0.6487120985            0.405
v     0.4965835966     0.6488345888            0.405
v     0.5097311201     0.6489537595            0.405
v     0.5219555642      0.649068321            0.405
v     0.5332408884     0.6491772705            0.405
v     0.5435907876     0.6492798609            0.405
v     0.5530255711     0.6493755922            0.405
v     0.5615788586     0.6494641977            0.405
v     0.5692943337     0.6495456303            0.405
v     0.5762227342     0.6496199961            0.405
v     0.5824191916     0.6496875164            0.405
v     0.5879409794      0.649748501            0.405
v     0.5928456839     0.6498033234            0.405
v     0.5971897803     0.6498523985            0.405
v     0.6010275757     0.6498961634            0.405
v     0.6044104708     0.6499350621            0.405
v     0.6073864857      0.649969533            0.405
v     0.5971897803     0.6501437004     0.4050169132
v     0.5928456839     0.6501914784     0.4050225366
v     0.5879409794     0.6502448518     0.4050288186
v     0.5824191916     0.6503042246     0.4050358066
v     0.5762227342     0.6503699603     0.4050435436
v     0.5692943337     0.6504423607      0.405052065
v     0.5615788586      0.650521641     0.4050613961
v     0.5530255711     0.6506079046     0.4050715491
v     0.5435907876     0.6507011058     0.4050825187
v     0.5332408884     0.6508009846     0.4050942743
v     0.5219555642     0.6509070546     0.4051067585
v     0.5097311201     0.6510185882     0.4051198858
v     0.4965835966     0.6511346093     0.4051335412
v     0.4825514096     0.6512538621      0.405147577
v      0.467697185     0.6513746897     0.4051617982
v     0.4521084687     0.6514951519     0.4051759764
v     0.4358970438     0.6516131354     0.4051898628
v     0.4191966975     0.6517263351     0.4052031861
v     0.4021594295     0.6518321787     0.4052156437
v     0.3849502678     0.6519282091     0.4052269463
v      0.367741038     0.6520121337     0.4052368241
v     0.3507035725     0.6520816439     0.4052450053
v     0.3340029129     0.6521349996     0.4052512851
v     0.3177910758     0.6521711876     0.4052555444
v     0.3022018771     0.6521892848     0.4052576744
v     0.2873471364     0.6521888739      0.405257626
v     0.2733144301     0.6521705828     0.4052554732
v     0.2601664155     0.6521354561     0.4052513389
v     0.2479415486     0.6520843913     0.4052453286
v     0.2366558958     0.6520191906     0.4052376546
v     0.2263057985     0.6519411783     0.4052284728
v     0.2168709777     0.6518519318     0.4052179686
v     0.2083178323     0.6517532914     0.4052063588
v     0.2006027085     0.6516464662     0.4051937857
v     0.1936748938     0.6515326579     0.4051803907
v     0.1874793116     0.6514120674     0.4051661975
v     0.1819587202     0.6512854925     0.4051512999
v     0.1770556161     0.6511523783     0.4051356326
v     0.1727136843     0.6510108372     0.4051189735
v     0.1688788564     0.6508580597     0.4051009919
v     0.1655003534     0.6506862806     0.4050807738
v     0.1625322416     0.6504739813     0.4050557866
v     0.1625322416     0.6495260187     0.4050557866
v     0.1655003534     0.6493137194     0.4050807738
v     0.1688788564     0.6491419403     0.4051009919
v     0.1727136843     0.6489891628     0.4051189735
v     0.1770556161     0.6488476217     0.4051356326
v     0.1819587202     0.6487145075     0.4051512999
v     0.1874793116     0.6485879326     0.4051661975
v     0.1936748938     0.6484673421     0.4051803907
v     0.2006027085     0.6483535338     0.4051937857
v     0.2083178323     0.6482467086     0.4052063588
v     0.2168709777     0.6481480682     0.4052179686
v     0.2263057985     0.6480588217     0.4052284728
v     0.2366558958     0.6479808094     0.4052376546
v     0.2479415486     0.6479156087     0.4052453286
v     0.2601664155     0.6478645439     0.4052513389
v     0.2733144301     0.6478294172     0.4052554732
v     0.2873471364     0.6478111261      0.405257626
v     0.3022018771     0.6478107152     0.4052576744
v     0.3177910758     0.6478288124     0.4052555444
v     0.3340029129     0.6478650004     0.4052512851
v     0.3507035725     0.6479183561     0.4052450053
v      0.367741038     0.6479878663     0.4052368241
v     0.3849502678     0.6480717909     0.4052269463
v     0.4021594295     0.6481678213     0.4052156437
v     0.4191966975     0.6482736649     0.4052031861
v     0.4358970438     0.6483868646     0.4051898628
v     0.4521084687     0.6485048481     0.4051759764
v      0.467697185     0.6486253103     0.4051617982
v     0.4825514096     0.6487461379      0.405147577
v     0.4965835966     0.6488653907     0.4051335412
v     0.5097311201     0.6489814118     0.4051198858
v     0.5219555642     0.6490929454     0.4051067585
v     0.5332408884     0.6491990154     0.4050942743
v     0.5435907876     0.6492988942     0.4050825187
v     0.5530255711     0.6493920954     0.4050715491
v     0.5615788586      0.649478359     0.4050613961
v     0.5692943337     0.6495576393      0.405052065
v     0.5762227342     0.6496300397     0.4050435436
v     0.5824191916     0.6496957754     0.4050358066
v     0.5879409794     0.6497551482     0.4050288186
v     0.5928456839     0.6498085216     0.4050225366
v     0.5971897803     0.6498562996     0.4050169132
v     0.6044104708     0.6500583334     0.4050142738
v     0.6010275757     0.6500932758      0.405022824
v     0.5971897803     0.6501325896     0.4050324438
v     0.5928456839     0.6501766734     0.4050432308
v     0.5879409794     0.6502259201     0.4050552811
v     0.5824191916     0.6502807022     0.4050686859
v     0.5762227342     0.6503413553     0.4050835273
v     0.5692943337     0.6504081577     0.4050998734
v     0.5615788586     0.6504813081     0.4051177728
v     0.5530255711     0.6505609019     0.4051372489
v     0.5435907876     0.6506468968     0.4051582913
v     0.5332408884     0.6507390531     0.4051808413
v     0.5219555642     0.6508369218     0.4052047891
v     0.5097311201     0.6509398317     0.4052299705
v     0.4965835966     0.6510468821      0.405256165
v     0.4825514096     0.6511569144     0.4052830891
v      0.467697185     0.6512683997     0.4053103688
v     0.4521084687     0.6513795478      0.405337566
v     0.4358970438      0.651488409     0.4053642036
v     0.4191966975     0.6515928561     0.4053897611
v     0.4021594295      0.651690516     0.4054136578
v     0.3849502678     0.6517791214     0.4054353389
v      0.367741038      0.651856557     0.4054542869
v     0.3507035725     0.6519206927     0.4054699805
v     0.3340029129      0.651969923     0.4054820268
v     0.3177910758      0.652003313     0.4054901971
v     0.3022018771     0.6520200109      0.405494283
v     0.2873471364     0.6520196318     0.4054941902
v     0.2733144301     0.6520027549     0.4054900606
v     0.2601664155     0.6519703442     0.4054821299
v     0.2479415486     0.6519232277     0.4054706008
v     0.2366558958     0.6518630683     0.4054558802
v     0.2263057985     0.6517910878      0.405438267
v     0.2168709777     0.6517087418     0.4054181175
v     0.2083178323     0.6516177282     0.4053958471
v     0.2006027085     0.6515191627     0.4053717288
v     0.1936748938     0.6514141539     0.4053460339
v     0.1874793116     0.6513028873     0.4053188077
v     0.1819587202     0.6511860992     0.4052902304
v     0.1770556161     0.6510632772     0.4052601767
v     0.1727136843       0.65093268     0.4052282205
v     0.1688788564     0.6507917152     0.4051937273
v     0.1655003534     0.6506332179     0.4051549441
v     0.1625322416     0.6504373334     0.4051070125
v     0.1625322416     0.6495626666     0.4051070125
v     0.1655003534     0.6493667821     0.4051549441
v     0.1688788564     0.6492082848     0.4051937273
v     0.1727136843       0.64906732     0.4052282205
v     0.1770556161     0.6489367228     0.4052601767
v     0.1819587202     0.6488139008     0.4052902304
v     0.1874793116     0.6486971127     0.4053188077
v     0.1936748938     0.6485858461     0.4053460339
v     0.2006027085     0.6484808373     0.4053717288
v     0.2083178323     0.6483822718     0.4053958471
v     0.2168709777     0.6482912582     0.4054181175
v     0.2263057985     0.6482089122      0.405438267
v     0.2366558958     0.6481369317     0.4054558802
v     0.2479415486     0.6480767723     0.4054706008
v     0.2601664155     0.6480296558     0.4054821299
v     0.2733144301     0.6479972451     0.4054900606
v     0.2873471364     0.6479803682     0.4054941902
v     0.3022018771     0.6479799891      0.405494283
v     0.3177910758      0.647996687     0.4054901971
v     0.3340029129      0.648030077     0.4054820268
v     0.3507035725     0.6480793073     0.4054699805
v      0.367741038      0.648143443     0.4054542869
v     0.3849502678     0.6482208786     0.4054353389
v     0.4021594295      0.648309484     0.4054136578
v     0.4191966975     0.6484071439     0.4053897611
v     0.4358970438      0.648511591     0.4053642036
v     0.4521084687     0.6486204522      0.405337566
v      0.467697185     0.6487316003     0.4053103688
v     0.4825514096     0.6488430856     0.4052830891
v     0.4965835966     0.6489531179      0.405256165
v     0.5097311201     0.6490601683     0.4052299705
v     0.5219555642     0.6491630782     0.4052047891
v     0.5332408884     0.6492609469     0.4051808413
v     0.5435907876     0.6493531032     0.4051582913
v     0.5530255711     0.6494390981     0.4051372489
v     0.5615788586     0.6495186919     0.4051177728
v     0.5692943337     0.6495918423     0.4050998734
v     0.5762227342     0.6496586447     0.4050835273
v     0.5824191916     0.6497192978     0.4050686859
v     0.5879409794     0.6497740799     0.4050552811
v     0.5928456839     0.6498233266     0.4050432308
v     0.5971897803     0.6498674104     0.4050324438
v     0.6010275757     0.6499067242      0.405022824
v     0.6044104708     0.6499416666     0.4050142738
v     0.6010275757     0.6500810128     0.4050324642
v     0.5971897803      0.650115158     0.4050461472
v     0.5928456839     0.6501534461     0.4050614903
v     0.5879409794     0.6501962182     0.4050786304
v     0.5824191916     0.6502437981      0.405097697
v     0.5762227342      0.650296477      0.405118807
v     0.5692943337     0.6503544969     0.4051420573
v     0.5615788586     0.6504180302     0.4051675169
v     0.5530255711     0.6504871597     0.4051952192
v     0.5435907876     0.6505618488     0.4052251493
v     0.5332408884     0.6506418893     0.4052572238
v     0.5219555642     0.6507268911     0.4052912865
v     0.5097311201     0.6508162714     0.4053271038
v     0.4965835966     0.6509092478     0.4053643622
v     0.4825514096      0.651004814     0.4054026584
v      0.467697185     0.6511016423     0.4054414603
v     0.4521084687     0.6511981777     0.4054801449
v     0.4358970438     0.6512927268     0.4055180335
v     0.4191966975     0.6513834422     0.4055543858
v     0.4021594295     0.6514682627     0.4055883758
v     0.3849502678     0.6515452191     0.4056192145
v      0.367741038     0.6516124742     0.4056461656
v     0.3507035725     0.6516681779     0.4056684877
v     0.3340029129     0.6517109359      0.405685622
v     0.3177910758      0.651739936     0.4056972433
v     0.3022018771     0.6517544386     0.4057030549
v     0.2873471364     0.6517541094     0.4057029229
v     0.2733144301     0.6517394514      0.405697049
v     0.2601664155     0.6517113017     0.4056857686
v     0.2479415486     0.6516703797       0.40566937
v     0.2366558958     0.6516181294     0.4056484318
v     0.2263057985     0.6515556123     0.4056233793
v     0.2168709777     0.6514840923     0.4055947192
v     0.2083178323     0.6514050443     0.4055630424
v     0.2006027085     0.6513194373     0.4055287371
v     0.1936748938     0.6512282341     0.4054921893
v     0.1874793116     0.6511315958     0.4054534636
v     0.1819587202     0.6510301619      0.405412816
v     0.1770556161     0.6509234874     0.4053700684
v     0.1727136843     0.6508100599     0.4053246147
v     0.1688788564     0.6506876278     0.4052755526
v     0.1655003534     0.6505499683     0.4052203884
v     0.1625322416     0.6503798369     0.4051522117
v     0.1625322416     0.6496201631     0.4051522117
v     0.1655003534     0.6494500317     0.4052203884
v     0.1688788564     0.6493123722     0.4052755526
v     0.1727136843     0.6491899401     0.4053246147
v     0.1770556161     0.6490765126     0.4053700684
v     0.1819587202     0.6489698381      0.405412816
v     0.1874793116     0.6488684042     0.4054534636
v     0.1936748938     0.6487717659     0.4054921893
v     0.2006027085     0.6486805627     0.4055287371
v     0.2083178323     0.6485949557     0.4055630424
v     0.2168709777     0.6485159077     0.4055947192
v     0.2263057985     0.6484443877     0.4056233793
v     0.2366558958     0.6483818706     0.4056484318
v     0.2479415486     0.6483296203       0.40566937
v     0.2601664155     0.6482886983     0.4056857686
v     0.2733144301     0.6482605486      0.405697049
v     0.2873471364     0.6482458906     0.4057029229
v     0.3022018771     0.6482455614     0.4057030549
v     0.3177910758      0.648260064     0.4056972433
v     0.3340029129     0.6482890641      0.405685622
v     0.3507035725     0.6483318221     0.4056684877
v      0.367741038     0.6483875258     0.4056461656
v     0.3849502678     0.6484547809     0.4056192145
v     0.4021594295     0.6485317373     0.4055883758
v     0.4191966975     0.6486165578     0.4055543858
v     0.4358970438     0.6487072732     0.4055180335
v     0.4521084687     0.6488018223     0.4054801449
v      0.467697185     0.6488983577     0.4054414603
v     0.4825514096      0.648995186     0.4054026584
v     0.4965835966     0.6490907522     0.4053643622
v     0.5097311201     0.6491837286     0.4053271038
v     0.5219555642     0.6492731089     0.4052912865
v     0.5332408884     0.6493581107     0.4052572238
v     0.5435907876     0.6494381512     0.4052251493
v     0.5530255711     0.6495128403     0.4051952192
v     0.5615788586     0.6495819698     0.4051675169
v     0.5692943337     0.6496455031     0.4051420573
v     0.5762227342      0.649703523      0.405118807
v     0.5824191916     0.6497562019      0.405097697
v     0.5879409794     0.6498037818     0.4050786304
v     0.5928456839     0.6498465539     0.4050614903
v     0.5971897803      0.649884842     0.4050461472
v     0.6010275757     0.6499189872     0.4050324642
v     0.6073864857     0.6500190508     0.4050118851
v     0.6044104708     0.6500406053     0.4050253321
v     0.6010275757     0.6500649284     0.4050405064
v     0.5971897803     0.6500922943      0.405057579
v     0.5928456839     0.6501229807      0.405076723
v     0.5879409794     0.6501572607     0.4050981091
v     0.5824191916      0.650195394      0.405121899
v     0.5762227342      0.650237614     0.4051482385
v     0.5692943337     0.6502841145     0.4051772484
v     0.5615788586     0.6503350339     0.4052090151
v     0.5530255711     0.6503904383     0.4052435799
v     0.5435907876     0.6504502985     0.4052809244
v     0.5332408884     0.6505144476     0.4053209446
v     0.5219555642     0.6505825731     0.4053634455
v     0.5097311201     0.6506542077     0.4054081357
v     0.4965835966     0.6507287244     0.4054546239
v     0.4825514096     0.6508053168      0.405502407
v      0.467697185     0.6508829206     0.4055508211
v     0.4521084687     0.6509602897     0.4055990889
v     0.4358970438     0.6510360669     0.4056463634
v     0.4191966975     0.6511087715     0.4056917211
v     0.4021594295     0.6511767516     0.4057341314
v     0.3849502678      0.651238429     0.4057726095
v      0.367741038     0.6512923312     0.4058062371
v     0.3507035725     0.6513369754      0.405834089
v     0.3340029129     0.6513712441     0.4058554679
v     0.3177910758     0.6513944865      0.405869968
v     0.3022018771     0.6514061098     0.4058772193
v     0.2873471364     0.6514058459     0.4058770547
v     0.2733144301     0.6513940981     0.4058697257
v     0.2601664155     0.6513715373     0.4058556508
v     0.2479415486       0.65133874     0.4058351898
v     0.2366558958     0.6512968636     0.4058090647
v     0.2263057985     0.6512467587     0.4057778061
v     0.2168709777     0.6511894384     0.4057420462
v     0.2083178323     0.6511260847     0.4057025222
v     0.2006027085     0.6510574742     0.4056597186
v     0.1936748938     0.6509843787      0.405614117
v     0.1874793116     0.6509069271     0.4055657979
v     0.1819587202      0.650825632     0.4055150809
v     0.1770556161     0.6507401369     0.4054617437
v     0.1727136843     0.6506492294       0.40540503
v     0.1688788564     0.6505511052     0.4053438139
v     0.1655003534     0.6504407768     0.4052749841
v     0.1625322416     0.6503044235     0.4051899184
v     0.1625322416     0.6496955765     0.4051899184
v     0.1655003534     0.6495592232     0.4052749841
v     0.1688788564     0.6494488948     0.4053438139
v     0.1727136843     0.6493507706       0.40540503
v     0.1770556161     0.6492598631     0.4054617437
v     0.1819587202      0.649174368     0.4055150809
v     0.1874793116     0.6490930729     0.4055657979
v     0.1936748938     0.6490156213      0.405614117
v     0.2006027085     0.6489425258     0.4056597186
v     0.2083178323     0.6488739153     0.4057025222
v     0.2168709777     0.6488105616     0.4057420462
v     0.2263057985     0.6487532413     0.4057778061
v     0.2366558958     0.6487031364     0.4058090647
v     0.2479415486       0.64866126     0.4058351898
v     0.2601664155     0.6486284627     0.4058556508
v     0.2733144301     0.6486059019     0.4058697257
v     0.2873471364     0.6485941541     0.4058770547
v     0.3022018771     0.6485938902     0.4058772193
v     0.3177910758     0.6486055135      0.405869968
v     0.3340029129     0.6486287559     0.4058554679
v     0.3507035725     0.6486630246      0.405834089
v      0.367741038     0.6487076688     0.4058062371
v     0.3849502678      0.648761571     0.4057726095
v     0.4021594295     0.6488232484     0.4057341314
v     0.4191966975     0.6488912285     0.4056917211
v     0.4358970438     0.6489639331     0.4056463634
v     0.4521084687     0.6490397103     0.4055990889
v      0.467697185     0.6491170794     0.4055508211
v     0.4825514096     0.6491946832      0.405502407
v     0.4965835966     0.6492712756     0.4054546239
v     0.5097311201     0.6493457923     0.4054081357
v     0.5219555642     0.6494174269     0.4053634455
v     0.5332408884     0.6494855524     0.4053209446
v     0.5435907876     0.6495497015     0.4052809244
v     0.5530255711     0.6496095617     0.4052435799
v     0.5615788586     0.6496649661     0.4052090151
v     0.5692943337     0.6497158855     0.4051772484
v     0.5762227342      0.649762386     0.4051482385
v     0.5824191916      0.649804606      0.405121899
v     0.5879409794     0.6498427393     0.4050981091
v     0.5928456839     0.6498770193      0.405076723
v     0.5971897803     0.6499077057      0.405057579
v     0.6010275757     0.6499350716     0.4050405064
v     0.6044104708     0.6499593947     0.4050253321
v     0.6073864857     0.6499809492     0.4050118851
v     0.6010275757     0.6500456479     0.4050466379
v     0.5971897803     0.6500648876     0.4050662948
v     0.5928456839     0.6500864616     0.4050883367
v     0.5879409794     0.6501105622       0.40511296
v     0.5824191916     0.6501373718     0.4051403511
v     0.5762227342     0.6501670546     0.4051706776
v     0.5692943337     0.6501997468     0.4052040788
v     0.5615788586     0.6502355457     0.4052406541
v     0.5530255711     0.6502744978     0.4052804509
v     0.5435907876     0.6503165825     0.4053234484
v     0.5332408884     0.6503616826     0.4053695265
v     0.5219555642     0.6504095782     0.4054184609
v     0.5097311201     0.6504599409     0.4054699159
v     0.4965835966     0.6505123299     0.4055234411
v     0.4825514096     0.6505661782     0.4055784572
v      0.467697185     0.6506207376     0.4056341998
v     0.4521084687      0.650675132     0.4056897739
v     0.4358970438     0.6507284072     0.4057442045
v     0.4191966975     0.6507795222     0.4057964281
v     0.4021594295     0.6508273156      0.405845258
v     0.3849502678     0.6508706779     0.4058895607
v      0.367741038     0.6509085738     0.4059282785
v     0.3507035725      0.650939961     0.4059603464
v     0.3340029129     0.6509640536     0.4059849615
v     0.3177910758     0.6509803942     0.4060016565
v     0.3022018771     0.6509885659     0.4060100054
v     0.2873471364     0.6509883804     0.4060098159
v     0.2733144301     0.6509801211     0.4060013775
v     0.2601664155     0.6509642597     0.4059851721
v     0.2479415486     0.6509412016     0.4059616139
v     0.2366558958     0.6509117603     0.4059315341
v     0.2263057985     0.6508765341     0.4058955439
v     0.2168709777     0.6508362351     0.4058543709
v     0.2083178323     0.6507916942     0.4058088641
v     0.2006027085     0.6507434576     0.4057595813
v     0.1936748938     0.6506920677     0.4057070769
v     0.1874793116     0.6506376154     0.4056514437
v     0.1819587202     0.6505804608     0.4055930496
v     0.1770556161     0.6505203535     0.4055316386
v     0.1727136843      0.650456441       0.40546634
v     0.1688788564     0.6503874547     0.4053958576
v     0.1655003534     0.6503098882     0.4053166089
v     0.1625322416      0.650214025     0.4052186667
v     0.1625322416      0.649785975     0.4052186667
v     0.1655003534     0.6496901118     0.4053166089
v     0.1688788564     0.6496125453     0.4053958576
v     0.1727136843      0.649543559       0.40546634
v     0.1770556161     0.6494796465     0.4055316386
v     0.1819587202     0.6494195392     0.4055930496
v     0.1874793116     0.6493623846     0.4056514437
v     0.1936748938     0.6493079323     0.4057070769
v     0.2006027085     0.6492565424     0.4057595813
v     0.2083178323     0.6492083058     0.4058088641
v     0.2168709777     0.6491637649     0.4058543709
v     0.2263057985     0.6491234659     0.4058955439
v     0.2366558958     0.6490882397     0.4059315341
v     0.2479415486     0.6490587984     0.4059616139
v     0.2601664155     0.6490357403     0.4059851721
v     0.2733144301     0.6490198789     0.4060013775
v     0.2873471364     0.6490116196     0.4060098159
v     0.3022018771     0.6490114341     0.4060100054
v     0.3177910758     0.6490196058     0.4060016565
v     0.3340029129     0.6490359464     0.4059849615
v     0.3507035725      0.649060039     0.4059603464
v      0.367741038     0.6490914262     0.4059282785
v     0.3849502678     0.6491293221     0.4058895607
v     0.4021594295     0.6491726844      0.405845258
v     0.4191966975     0.6492204778     0.4057964281
v     0.4358970438     0.6492715928     0.4057442045
v     0.4521084687      0.649324868     0.4056897739
v      0.467697185     0.6493792624     0.4056341998
v     0.4825514096     0.6494338218     0.4055784572
v     0.4965835966     0.6494876701     0.4055234411
v     0.5097311201     0.6495400591     0.4054699159
v     0.5219555642     0.6495904218     0.4054184609
v     0.5332408884     0.6496383174     0.4053695265
v     0.5435907876     0.6496834175     0.4053234484
v     0.5530255711     0.6497255022     0.4052804509
v     0.5615788586     0.6497644543     0.4052406541
v     0.5692943337     0.6498002532     0.4052040788
v     0.5762227342     0.6498329454     0.4051706776
v     0.5824191916     0.6498626282     0.4051403511
v     0.5879409794     0.6498894378       0.40511296
v     0.5928456839     0.6499135384     0.4050883367
v     0.5971897803     0.6499351124     0.4050662948
v     0.6010275757     0.6499543521     0.4050466379
v     0.6044104708     0.6500148821     0.4050316108
v     0.6010275757     0.6500237967     0.4050505461
v     0.5971897803     0.6500338265     0.4050718502
v     0.5928456839     0.6500450732     0.4050957392
v     0.5879409794     0.6500576371     0.4051224259
v     0.5824191916     0.6500716132     0.4051521123
v     0.5762227342     0.6500870872     0.4051849802
v     0.5692943337     0.6501041299     0.4052211803
v     0.5615788586     0.6501227922     0.4052608205
v     0.5530255711     0.6501430983     0.4053039523
v     0.5435907876     0.6501650375     0.4053505529
v     0.5332408884     0.6501885485     0.4054004923
v     0.5219555642      0.650213517     0.4054535273
v     0.5097311201     0.6502397715     0.4055092941
v     0.4965835966     0.6502670824     0.4055673046
v     0.4825514096     0.6502951541      0.405626931
v      0.467697185     0.6503235964     0.4056873448
v     0.4521084687     0.6503519527     0.4057475759
v     0.4358970438     0.6503797256     0.4058065677
v     0.4191966975     0.6504063723     0.4058631675
v     0.4021594295     0.6504312875     0.4059160894
v     0.3849502678     0.6504538926     0.4059641046
v      0.367741038     0.6504736481     0.4060060669
v     0.3507035725     0.6504900106      0.406040822
v     0.3340029129     0.6505025703     0.4060674998
v     0.3177910758     0.6505110888     0.4060855938
v     0.3022018771     0.6505153488     0.4060946424
v     0.2873471364     0.6505152521      0.406094437
v     0.2733144301     0.6505109464     0.4060852914
v     0.2601664155     0.6505026777      0.406067728
v     0.2479415486     0.6504906573     0.4060421957
v     0.2366558958     0.6504753093     0.4060095953
v     0.2263057985     0.6504569455     0.4059705892
v     0.2168709777     0.6504359373     0.4059259659
v     0.2083178323     0.6504127177     0.4058766457
v     0.2006027085     0.6503875715     0.4058232331
v     0.1936748938     0.6503607815     0.4057663289
v     0.1874793116     0.6503323949     0.4057060337
v     0.1819587202     0.6503025997     0.4056427463
v     0.1770556161     0.6502712652     0.4055761891
v     0.1727136843      0.650237947     0.4055054186
v     0.1688788564     0.6502019838     0.4054290299
v     0.1655003534     0.6501615477     0.4053431403
v     0.1625322416     0.6501115733     0.4052369906
v     0.1625322416     0.6498884267     0.4052369906
v     0.1655003534     0.6498384523     0.4053431403
v     0.1688788564     0.6497980162     0.4054290299
v     0.1727136843      0.649762053     0.4055054186
v     0.1770556161     0.6497287348     0.4055761891
v     0.1819587202     0.6496974003     0.4056427463
v     0.1874793116     0.6496676051     0.4057060337
v     0.1936748938     0.6496392185     0.4057663289
v     0.2006027085     0.6496124285     0.4058232331
v     0.2083178323     0.6495872823     0.4058766457
v     0.2168709777     0.6495640627     0.4059259659
v     0.2263057985     0.6495430545     0.4059705892
v     0.2366558958     0.6495246907     0.4060095953
v     0.2479415486     0.6495093427     0.4060421957
v     0.2601664155     0.6494973223      0.406067728
v     0.2733144301     0.6494890536     0.4060852914
v     0.2873471364     0.6494847479      0.406094437
v     0.3022018771     0.6494846512     0.4060946424
v     0.3177910758     0.6494889112     0.4060855938
v     0.3340029129     0.6494974297     0.4060674998
v     0.3507035725     0.6495099894      0.406040822
v      0.367741038     0.6495263519     0.4060060669
v     0.3849502678     0.6495461074     0.4059641046
v     0.4021594295     0.6495687125     0.4059160894
v     0.4191966975     0.6495936277     0.4058631675
v     0.4358970438     0.6496202744     0.4058065677
v     0.4521084687     0.6496480473     0.4057475759
v      0.467697185     0.6496764036     0.4056873448
v     0.4825514096     0.6497048459      0.405626931
v     0.4965835966     0.6497329176     0.4055673046
v     0.5097311201     0.6497602285     0.4055092941
v     0.5219555642      0.649786483     0.4054535273
v     0.5332408884     0.6498114515     0.4054004923
v     0.5435907876     0.6498349625     0.4053505529
v     0.5530255711     0.6498569017     0.4053039523
v     0.5615788586     0.6498772078     0.4052608205
v     0.5692943337     0.6498958701     0.4052211803
v     0.5762227342     0.6499129128     0.4051849802
v     0.5824191916     0.6499283868     0.4051521123
v     0.5879409794     0.6499423629     0.4051224259
v     0.5928456839     0.6499549268     0.4050957392
v     0.5971897803     0.6499661735     0.4050718502
v     0.6010275757     0.6499762033     0.4050505461
v     0.6044104708     0.6499851179     0.4050316108
v     0.6073864857             0.65     0.4050152335
v     0.6010275757             0.65     0.4050519183
v     0.5971897803             0.65     0.4050738008
v     0.5928456839             0.65     0.4050983383
v     0.5879409794             0.65     0.4051257495
v     0.5824191916             0.65     0.4051562418
v     0.5762227342             0.65     0.4051900019
v     0.5692943337             0.65     0.4052271849
v     0.5615788586             0.65     0.4052679012
v     0.5530255711             0.65     0.4053122039
v     0.5435907876             0.65     0.4053600696
v     0.5332408884             0.65     0.4054113647
v     0.5219555642             0.65     0.4054658395
v     0.5097311201             0.65     0.4055231202
v     0.4965835966             0.65     0.4055827056
v     0.4825514096             0.65     0.4056439507
v      0.467697185             0.65     0.4057060046
v     0.4521084687             0.65     0.4057678709
v     0.4358970438             0.65     0.4058284641
v     0.4191966975             0.65     0.4058866005
v     0.4021594295             0.65      0.405940959
v     0.3849502678             0.65     0.4059902777
v      0.367741038             0.65     0.4060333792
v     0.3507035725             0.65     0.4060690778
v     0.3340029129             0.65     0.4060964799
v     0.3177910758             0.65     0.4061150651
v     0.3022018771             0.65     0.4061243593
v     0.2873471364             0.65     0.4061241483
v     0.2733144301             0.65     0.4061147545
v     0.2601664155             0.65     0.4060967143
v     0.2479415486             0.65     0.4060704888
v     0.2366558958             0.65     0.4060370034
v     0.2263057985             0.65     0.4059969384
v     0.2168709777             0.65     0.4059511037
v     0.2083178323             0.65     0.4059004445
v     0.2006027085             0.65     0.4058455819
v     0.1936748938             0.65     0.4057871329
v     0.1874793116             0.65     0.4057252008
v     0.1819587202             0.65     0.4056601953
v     0.1770556161             0.65     0.4055918313
v     0.1727136843             0.65     0.4055191395
v     0.1688788564             0.65      0.405440677
v     0.1655003534             0.65     0.4053524557
v     0.1625322416             0.65     0.4052434244
v             0.61            -0.65            0.255
v     0.6073864857    -0.6500069823     0.2549851691
v     0.6044104708    -0.6500148821     0.2549683892
v     0.6010275757    -0.6500237967     0.2549494539
v     0.6010275757            -0.65     0.2549480817
v     0.5971897803    -0.6500338265     0.2549281498
v     0.5971897803            -0.65     0.2549261992
v     0.5928456839    -0.6500450732     0.2549042608
v     0.5928456839            -0.65     0.2549016617
v     0.5879409794    -0.6500576371     0.2548775741
v     0.5879409794            -0.65     0.2548742505
v     0.5824191916    -0.6500716132     0.2548478877
v     0.5824191916            -0.65     0.2548437582
v     0.5762227342    -0.6500870872     0.2548150198
v     0.5762227342            -0.65     0.2548099981
v     0.5692943337    -0.6501041299     0.2547788197
v     0.5692943337            -0.65     0.2547728151
v     0.5615788586    -0.6501227922     0.2547391795
v     0.5615788586            -0.65     0.2547320988
v     0.5530255711    -0.6501430983     0.2546960477
v     0.5530255711            -0.65     0.2546877961
v     0.5435907876    -0.6501650375     0.2546494471
v     0.5435907876            -0.65     0.2546399304
v     0.5332408884    -0.6501885485     0.2545995077
v     0.5332408884            -0.65     0.2545886353
v     0.5219555642     -0.650213517     0.2545464727
v     0.5219555642            -0.65     0.2545341605
v     0.5097311201    -0.6502397715     0.2544907059
v     0.5097311201            -0.65     0.2544768798
v     0.4965835966    -0.6502670824     0.2544326954
v     0.4965835966            -0.65     0.2544172944
v     0.4825514096    -0.6502951541      0.254373069
v     0.4825514096            -0.65     0.2543560493
v      0.467697185    -0.6503235964     0.2543126552
v      0.467697185            -0.65     0.2542939954
v     0.4521084687    -0.6503519527     0.2542524241
v     0.4521084687            -0.65     0.2542321291
v     0.4358970438    -0.6503797256     0.2541934323
v     0.4358970438            -0.65     0.2541715359
v     0.4191966975    -0.6504063723     0.2541368325
v     0.4191966975            -0.65     0.2541133995
v     0.4021594295    -0.6504312875     0.2540839106
v     0.4021594295            -0.65      0.254059041
v     0.3849502678    -0.6504538926     0.2540358954
v     0.3849502678            -0.65     0.2540097223
v      0.367741038            -0.65     0.2539666208
v      0.367741038    -0.6504736481     0.2539939331
v     0.3507035725            -0.65     0.2539309222
v     0.3507035725    -0.6504900106      0.253959178
v     0.3340029129            -0.65     0.2539035201
v     0.3340029129    -0.6505025703     0.2539325002
v     0.3177910758            -0.65     0.2538849349
v     0.3177910758    -0.6505110888     0.2539144062
v     0.3022018771            -0.65     0.2538756407
v     0.3022018771    -0.6505153488     0.2539053576
v     0.2873471364            -0.65     0.2538758517
v     0.2873471364    -0.6505152521      0.253905563
v     0.2733144301            -0.65     0.2538852455
v     0.2733144301    -0.6505109464     0.2539147086
v     0.2601664155            -0.65     0.2539032857
v     0.2601664155    -0.6505026777      0.253932272
v     0.2479415486            -0.65     0.2539295112
v     0.2479415486    -0.6504906573     0.2539578043
v     0.2366558958            -0.65     0.2539629966
v     0.2366558958    -0.6504753093     0.2539904047
v     0.2263057985            -0.65     0.2540030616
v     0.2263057985    -0.6504569455     0.2540294108
v     0.2168709777            -0.65     0.2540488963
v     0.2168709777    -0.6504359373     0.2540740341
v     0.2083178323            -0.65     0.2540995555
v     0.2083178323    -0.6504127177     0.2541233543
v     0.2006027085            -0.65     0.2541544181
v     0.2006027085    -0.6503875715     0.2541767669
v     0.1936748938            -0.65     0.2542128671
v     0.1936748938    -0.6503607815     0.2542336711
v     0.1874793116            -0.65     0.2542747992
v     0.1874793116    -0.6503323949     0.2542939663
v     0.1819587202            -0.65     0.2543398047
v     0.1819587202    -0.6503025997     0.2543572537
v     0.1770556161            -0.65     0.2544081687
v     0.1770556161    -0.6502712652     0.2544238109
v     0.1727136843            -0.65     0.2544808605
v     0.1727136843     -0.650237947     0.2544945814
v     0.1688788564            -0.65      0.254559323
v     0.1688788564    -0.6502019838     0.2545709701
v     0.1655003534            -0.65     0.2546475443
v     0.1655003534    -0.6501615477     0.2546568597
v     0.1625322416            -0.65     0.2547565756
v     0.1625322416    -0.6501115733     0.2547630094
v             0.16            -0.65            0.255
v     0.1625322416    -0.6498884267     0.2547630094
v     0.1655003534    -0.6498384523     0.2546568597
v     0.1688788564    -0.6497980162     0.2545709701
v     0.1727136843     -0.649762053     0.2544945814
v     0.1770556161    -0.6497287348     0.2544238109
v     0.1819587202    -0.6496974003     0.2543572537
v     0.1874793116    -0.6496676051     0.2542939663
v     0.1936748938    -0.6496392185     0.2542336711
v     0.2006027085    -0.6496124285     0.2541767669
v     0.2083178323    -0.6495872823     0.2541233543
v     0.2168709777    -0.6495640627     0.2540740341
v     0.2263057985    -0.6495430545     0.2540294108
v     0.2366558958    -0.6495246907     0.2539904047
v     0.2479415486    -0.6495093427     0.2539578043
v     0.2601664155    -0.6494973223      0.253932272
v     0.2733144301    -0.6494890536     0.2539147086
v     0.2873471364    -0.6494847479      0.253905563
v     0.3022018771    -0.6494846512     0.2539053576
v     0.3177910758    -0.6494889112     0.2539144062
v     0.3340029129    -0.6494974297     0.2539325002
v     0.3507035725    -0.6495099894      0.253959178
v      0.367741038    -0.6495263519     0.2539939331
v     0.3849502678    -0.6495461074     0.2540358954
v     0.4021594295    -0.6495687125     0.2540839106
v     0.4191966975    -0.6495936277     0.2541368325
v     0.4358970438    -0.6496202744     0.2541934323
v     0.4521084687    -0.6496480473     0.2542524241
v      0.467697185    -0.6496764036     0.2543126552
v     0.4825514096    -0.6497048459      0.254373069
v     0.4965835966    -0.6497329176     0.2544326954
v     0.5097311201    -0.6497602285     0.2544907059
v     0.5219555642     -0.649786483     0.2545464727
v     0.5332408884    -0.6498114515     0.2545995077
v     0.5435907876    -0.6498349625     0.2546494471
v     0.5530255711    -0.6498569017     0.2546960477
v     0.5615788586    -0.6498772078     0.2547391795
v     0.5692943337    -0.6498958701     0.2547788197
v     0.5762227342    -0.6499129128     0.2548150198
v     0.5824191916    -0.6499283868     0.2548478877
v     0.5879409794    -0.6499423629     0.2548775741
v     0.5928456839    -0.6499549268     0.2549042608
v     0.5971897803    -0.6499661735     0.2549281498
v     0.6010275757    -0.6499762033     0.2549494539
v     0.6044104708    -0.6499851179     0.2549683892
v     0.6010275757    -0.6500456479     0.2549533621
v     0.5971897803    -0.6500648876     0.2549337052
v     0.5928456839    -0.6500864616     0.2549116633
v     0.5879409794    -0.6501105622       0.25488704
v     0.5824191916    -0.6501373718     0.2548596489
v     0.5762227342    -0.6501670546     0.2548293224
v     0.5692943337    -0.6501997468     0.2547959212
v     0.5615788586    -0.6502355457     0.2547593459
v     0.5530255711    -0.6502744978     0.2547195491
v     0.5435907876    -0.6503165825     0.2546765516
v     0.5332408884    -0.6503616826     0.2546304735
v     0.5219555642    -0.6504095782     0.2545815391
v     0.5097311201    -0.6504599409     0.2545300841
v     0.4965835966    -0.6505123299     0.2544765589
v     0.4825514096    -0.6505661782     0.2544215428
v      0.467697185    -0.6506207376     0.2543658002
v     0.4521084687     -0.650675132     0.2543102261
v     0.4358970438    -0.6507284072     0.2542557955
v     0.4191966975    -0.6507795222     0.2542035719
v     0.4021594295    -0.6508273156      0.254154742
v     0.3849502678    -0.6508706779     0.2541104393
v      0.367741038    -0.6509085738     0.2540717215
v     0.3507035725     -0.650939961     0.2540396536
v     0.3340029129    -0.6509640536     0.2540150385
v     0.3177910758    -0.6509803942     0.2539983435
v     0.3022018771    -0.6509885659     0.2539899946
v     0.2873471364    -0.6509883804     0.2539901841
v     0.2733144301    -0.6509801211     0.2539986225
v     0.2601664155    -0.6509642597     0.2540148279
v     0.2479415486    -0.6509412016     0.2540383861
v     0.2366558958    -0.6509117603     0.2540684659
v     0.2263057985    -0.6508765341     0.2541044561
v     0.2168709777    -0.6508362351     0.2541456291
v     0.2083178323    -0.6507916942     0.2541911359
v     0.2006027085    -0.6507434576     0.2542404187
v     0.1936748938    -0.6506920677     0.2542929231
v     0.1874793116    -0.6506376154     0.2543485563
v     0.1819587202    -0.6505804608     0.2544069504
v     0.1770556161    -0.6505203535     0.2544683614
v     0.1727136843     -0.650456441       0.25453366
v     0.1688788564    -0.6503874547     0.2546041424
v     0.1655003534    -0.6503098882     0.2546833911
v     0.1625322416     -0.650214025     0.2547813333
v     0.1625322416     -0.649785975     0.2547813333
v     0.1655003534    -0.6496901118     0.2546833911
v     0.1688788564    -0.6496125453     0.2546041424
v     0.1727136843     -0.649543559       0.25453366
v     0.1770556161    -0.6494796465     0.2544683614
v     0.1819587202    -0.6494195392     0.2544069504
v     0.1874793116    -0.6493623846     0.2543485563
v     0.1936748938    -0.6493079323     0.2542929231
v     0.2006027085    -0.6492565424     0.2542404187
v     0.2083178323    -0.6492083058     0.2541911359
v     0.2168709777    -0.6491637649     0.2541456291
v     0.2263057985    -0.6491234659     0.2541044561
v     0.2366558958    -0.6490882397     0.2540684659
v     0.2479415486    -0.6490587984     0.2540383861
v     0.2601664155    -0.6490357403     0.2540148279
v     0.2733144301    -0.6490198789     0.2539986225
v     0.2873471364    -0.6490116196     0.2539901841
v     0.3022018771    -0.6490114341     0.2539899946
v     0.3177910758    -0.6490196058     0.2539983435
v     0.3340029129    -0.6490359464     0.2540150385
v     0.3507035725     -0.649060039     0.2540396536
v      0.367741038    -0.6490914262     0.2540717215
v     0.3849502678    -0.6491293221     0.2541104393
v     0.4021594295    -0.6491726844      0.254154742
v     0.4191966975    -0.6492204778     0.2542035719
v     0.4358970438    -0.6492715928     0.2542557955
v     0.4521084687     -0.649324868     0.2543102261
v      0.467697185    -0.6493792624     0.2543658002
v     0.4825514096    -0.6494338218     0.2544215428
v     0.4965835966    -0.6494876701     0.2544765589
v     0.5097311201    -0.6495400591     0.2545300841
v     0.5219555642    -0.6495904218     0.2545815391
v     0.5332408884    -0.6496383174     0.2546304735
v     0.5435907876    -0.6496834175     0.2546765516
v     0.5530255711    -0.6497255022     0.2547195491
v     0.5615788586    -0.6497644543     0.2547593459
v     0.5692943337    -0.6498002532     0.2547959212
v     0.5762227342    -0.6498329454     0.2548293224
v     0.5824191916    -0.6498626282     0.2548596489
v     0.5879409794    -0.6498894378       0.25488704
v     0.5928456839    -0.6499135384     0.2549116633
v     0.5971897803    -0.6499351124     0.2549337052
v     0.6010275757    -0.6499543521     0.2549533621
v     0.6073864857    -0.6499866063     0.2549863158
v     0.6044104708    -0.6500406053     0.2549746679
v     0.6010275757    -0.6500649284     0.2549594936
v     0.5971897803    -0.6500922943      0.254942421
v     0.5928456839    -0.6501229807      0.254923277
v     0.5879409794    -0.6501572607     0.2549018909
v     0.5824191916     -0.650195394      0.254878101
v     0.5762227342     -0.650237614     0.2548517615
v     0.5692943337    -0.6502841145     0.2548227516
v     0.5615788586    -0.6503350339     0.2547909849
v     0.5530255711    -0.6503904383     0.2547564201
v     0.5435907876    -0.6504502985     0.2547190756
v     0.5332408884    -0.6505144476     0.2546790554
v     0.5219555642    -0.6505825731     0.2546365545
v     0.5097311201    -0.6506542077     0.2545918643
v     0.4965835966    -0.6507287244     0.2545453761
v     0.4825514096    -0.6508053168      0.254497593
v      0.467697185    -0.6508829206     0.2544491789
v     0.4521084687    -0.6509602897     0.2544009111
v     0.4358970438    -0.6510360669     0.2543536366
v     0.4191966975    -0.6511087715     0.2543082789
v     0.4021594295    -0.6511767516     0.2542658686
v     0.3849502678     -0.651238429     0.2542273905
v      0.367741038    -0.6512923312     0.2541937629
v     0.3507035725    -0.6513369754      0.254165911
v     0.3340029129    -0.6513712441     0.2541445321
v     0.3177910758    -0.6513944865      0.254130032
v     0.3022018771    -0.6514061098     0.2541227807
v     0.2873471364    -0.6514058459     0.2541229453
v     0.2733144301    -0.6513940981     0.2541302743
v     0.2601664155    -0.6513715373     0.2541443492
v     0.2479415486      -0.65133874     0.2541648102
v     0.2366558958    -0.6512968636     0.2541909353
v     0.2263057985    -0.6512467587     0.2542221939
v     0.2168709777    -0.6511894384     0.2542579538
v     0.2083178323    -0.6511260847     0.2542974778
v     0.2006027085    -0.6510574742     0.2543402814
v     0.1936748938    -0.6509843787      0.254385883
v     0.1874793116    -0.6509069271     0.2544342021
v     0.1819587202     -0.650825632     0.2544849191
v     0.1770556161    -0.6507401369     0.2545382563
v     0.1727136843    -0.6506492294       0.25459497
v     0.1688788564    -0.6505511052     0.2546561861
v     0.1655003534    -0.6504407768     0.2547250159
v     0.1625322416    -0.6503044235     0.2548100816
v     0.1625322416    -0.6496955765     0.2548100816
v     0.1655003534    -0.6495592232     0.2547250159
v     0.1688788564    -0.6494488948     0.2546561861
v     0.1727136843    -0.6493507706       0.25459497
v     0.1770556161    -0.6492598631     0.2545382563
v     0.1819587202     -0.649174368     0.2544849191
v     0.1874793116    -0.6490930729     0.2544342021
v     0.1936748938    -0.6490156213      0.254385883
v     0.2006027085    -0.6489425258     0.2543402814
v     0.2083178323    -0.6488739153     0.2542974778
v     0.2168709777    -0.6488105616     0.2542579538
v     0.2263057985    -0.6487532413     0.2542221939
v     0.2366558958    -0.6487031364     0.2541909353
v     0.2479415486      -0.64866126     0.2541648102
v     0.2601664155    -0.6486284627     0.2541443492
v     0.2733144301    -0.6486059019     0.2541302743
v     0.2873471364    -0.6485941541     0.2541229453
v     0.3022018771    -0.6485938902     0.2541227807
v     0.3177910758    -0.6486055135      0.254130032
v     0.3340029129    -0.6486287559     0.2541445321
v     0.3507035725    -0.6486630246      0.254165911
v      0.367741038    -0.6487076688     0.2541937629
v     0.3849502678     -0.648761571     0.2542273905
v     0.4021594295    -0.6488232484     0.2542658686
v     0.4191966975    -0.6488912285     0.2543082789
v     0.4358970438    -0.6489639331     0.2543536366
v     0.4521084687    -0.6490397103     0.2544009111
v      0.467697185    -0.6491170794     0.2544491789
v     0.4825514096    -0.6491946832      0.254497593
v     0.4965835966    -0.6492712756     0.2545453761
v     0.5097311201    -0.6493457923     0.2545918643
v     0.5219555642    -0.6494174269     0.2546365545
v     0.5332408884    -0.6494855524     0.2546790554
v     0.5435907876    -0.6495497015     0.2547190756
v     0.5530255711    -0.6496095617     0.2547564201
v     0.5615788586    -0.6496649661     0.2547909849
v     0.5692943337    -0.6497158855     0.2548227516
v     0.5762227342     -0.649762386     0.2548517615
v     0.5824191916     -0.649804606      0.254878101
v     0.5879409794    -0.6498427393     0.2549018909
v     0.5928456839    -0.6498770193      0.254923277
v     0.5971897803    -0.6499077057      0.254942421
v     0.6010275757    -0.6499350716     0.2549594936
v     0.6044104708    -0.6499593947     0.2549746679
v     0.6073864857    -0.6500237702     0.2549904746
v     0.6010275757    -0.6500810128     0.2549675358
v     0.5971897803     -0.650115158     0.2549538528
v     0.5928456839    -0.6501534461     0.2549385097
v     0.5879409794    -0.6501962182     0.2549213696
v     0.5824191916    -0.6502437981      0.254902303
v     0.5762227342     -0.650296477      0.254881193
v     0.5692943337    -0.6503544969     0.2548579427
v     0.5615788586    -0.6504180302     0.2548324831
v     0.5530255711    -0.6504871597     0.2548047808
v     0.5435907876    -0.6505618488     0.2547748507
v     0.5332408884    -0.6506418893     0.2547427762
v     0.5219555642    -0.6507268911     0.2547087135
v     0.5097311201    -0.6508162714     0.2546728962
v     0.4965835966    -0.6509092478     0.2546356378
v     0.4825514096     -0.651004814     0.2545973416
v      0.467697185    -0.6511016423     0.2545585397
v     0.4521084687    -0.6511981777     0.2545198551
v     0.4358970438    -0.6512927268     0.2544819665
v     0.4191966975    -0.6513834422     0.2544456142
v     0.4021594295    -0.6514682627     0.2544116242
v     0.3849502678    -0.6515452191     0.2543807855
v      0.367741038    -0.6516124742     0.2543538344
v     0.3507035725    -0.6516681779     0.2543315123
v     0.3340029129    -0.6517109359      0.254314378
v     0.3177910758     -0.651739936     0.2543027567
v     0.3022018771    -0.6517544386     0.2542969451
v     0.2873471364    -0.6517541094     0.2542970771
v     0.2733144301    -0.6517394514      0.254302951
v     0.2601664155    -0.6517113017     0.2543142314
v     0.2479415486    -0.6516703797       0.25433063
v     0.2366558958    -0.6516181294     0.2543515682
v     0.2263057985    -0.6515556123     0.2543766207
v     0.2168709777    -0.6514840923     0.2544052808
v     0.2083178323    -0.6514050443     0.2544369576
v     0.2006027085    -0.6513194373     0.2544712629
v     0.1936748938    -0.6512282341     0.2545078107
v     0.1874793116    -0.6511315958     0.2545465364
v     0.1819587202    -0.6510301619      0.254587184
v     0.1770556161    -0.6509234874     0.2546299316
v     0.1727136843    -0.6508100599     0.2546753853
v     0.1688788564    -0.6506876278     0.2547244474
v     0.1655003534    -0.6505499683     0.2547796116
v     0.1625322416    -0.6503798369     0.2548477883
v     0.1625322416    -0.6496201631     0.2548477883
v     0.1655003534    -0.6494500317     0.2547796116
v     0.1688788564    -0.6493123722     0.2547244474
v     0.1727136843    -0.6491899401     0.2546753853
v     0.1770556161    -0.6490765126     0.2546299316
v     0.1819587202    -0.6489698381      0.254587184
v     0.1874793116    -0.6488684042     0.2545465364
v     0.1936748938    -0.6487717659     0.2545078107
v     0.2006027085    -0.6486805627     0.2544712629
v     0.2083178323    -0.6485949557     0.2544369576
v     0.2168709777    -0.6485159077     0.2544052808
v     0.2263057985    -0.6484443877     0.2543766207
v     0.2366558958    -0.6483818706     0.2543515682
v     0.2479415486    -0.6483296203       0.25433063
v     0.2601664155    -0.6482886983     0.2543142314
v     0.2733144301    -0.6482605486      0.254302951
v     0.2873471364    -0.6482458906     0.2542970771
v     0.3022018771    -0.6482455614     0.2542969451
v     0.3177910758     -0.648260064     0.2543027567
v     0.3340029129    -0.6482890641      0.254314378
v     0.3507035725    -0.6483318221     0.2543315123
v      0.367741038    -0.6483875258     0.2543538344
v     0.3849502678    -0.6484547809     0.2543807855
v     0.4021594295    -0.6485317373     0.2544116242
v     0.4191966975    -0.6486165578     0.2544456142
v     0.4358970438    -0.6487072732     0.2544819665
v     0.4521084687    -0.6488018223     0.2545198551
v      0.467697185    -0.6488983577     0.2545585397
v     0.4825514096     -0.648995186     0.2545973416
v     0.4965835966    -0.6490907522     0.2546356378
v     0.5097311201    -0.6491837286     0.2546728962
v     0.5219555642    -0.6492731089     0.2547087135
v     0.5332408884    -0.6493581107     0.2547427762
v     0.5435907876    -0.6494381512     0.2547748507
v     0.5530255711    -0.6495128403     0.2548047808
v     0.5615788586    -0.6495819698     0.2548324831
v     0.5692943337    -0.6496455031     0.2548579427
v     0.5762227342     -0.649703523      0.254881193
v     0.5824191916    -0.6497562019      0.254902303
v     0.5879409794    -0.6498037818     0.2549213696
v     0.5928456839    -0.6498465539     0.2549385097
v     0.5971897803     -0.649884842     0.2549538528
v     0.6010275757    -0.6499189872     0.2549675358
v     0.6044104708    -0.6500583334     0.2549857262
v     0.6010275757    -0.6500932758      0.254977176
v     0.5971897803    -0.6501325896     0.2549675562
v     0.5928456839    -0.6501766734     0.2549567692
v     0.5879409794    -0.6502259201     0.2549447189
v     0.5824191916    -0.6502807022     0.2549313141
v     0.5762227342    -0.6503413553     0.2549164727
v     0.5692943337    -0.6504081577     0.2549001266
v     0.5615788586    -0.6504813081     0.2548822272
v     0.5530255711    -0.6505609019     0.2548627511
v     0.5435907876    -0.6506468968     0.2548417087
v     0.5332408884    -0.6507390531     0.2548191587
v     0.5219555642    -0.6508369218     0.2547952109
v     0.5097311201    -0.6509398317     0.2547700295
v     0.4965835966    -0.6510468821      0.254743835
v     0.4825514096    -0.6511569144     0.2547169109
v      0.467697185    -0.6512683997     0.2546896312
v     0.4521084687    -0.6513795478      0.254662434
v     0.4358970438     -0.651488409     0.2546357964
v     0.4191966975    -0.6515928561     0.2546102389
v     0.4021594295     -0.651690516     0.2545863422
v     0.3849502678    -0.6517791214     0.2545646611
v      0.367741038     -0.651856557     0.2545457131
v     0.3507035725    -0.6519206927     0.2545300195
v     0.3340029129     -0.651969923     0.2545179732
v     0.3177910758     -0.652003313     0.2545098029
v     0.3022018771    -0.6520200109      0.254505717
v     0.2873471364    -0.6520196318     0.2545058098
v     0.2733144301    -0.6520027549     0.2545099394
v     0.2601664155    -0.6519703442     0.2545178701
v     0.2479415486    -0.6519232277     0.2545293992
v     0.2366558958    -0.6518630683     0.2545441198
v     0.2263057985    -0.6517910878      0.254561733
v     0.2168709777    -0.6517087418     0.2545818825
v     0.2083178323    -0.6516177282     0.2546041529
v     0.2006027085    -0.6515191627     0.2546282712
v     0.1936748938    -0.6514141539     0.2546539661
v     0.1874793116    -0.6513028873     0.2546811923
v     0.1819587202    -0.6511860992     0.2547097696
v     0.1770556161    -0.6510632772     0.2547398233
v     0.1727136843      -0.65093268     0.2547717795
v     0.1688788564    -0.6507917152     0.2548062727
v     0.1655003534    -0.6506332179     0.2548450559
v     0.1625322416    -0.6504373334     0.2548929875
v     0.1625322416    -0.6495626666     0.2548929875
v     0.1655003534    -0.6493667821     0.2548450559
v     0.1688788564    -0.6492082848     0.2548062727
v     0.1727136843      -0.64906732     0.2547717795
v     0.1770556161    -0.6489367228     0.2547398233
v     0.1819587202    -0.6488139008     0.2547097696
v     0.1874793116    -0.6486971127     0.2546811923
v     0.1936748938    -0.6485858461     0.2546539661
v     0.2006027085    -0.6484808373     0.2546282712
v     0.2083178323    -0.6483822718     0.2546041529
v     0.2168709777    -0.6482912582     0.2545818825
v     0.2263057985    -0.6482089122      0.254561733
v     0.2366558958    -0.6481369317     0.2545441198
v     0.2479415486    -0.6480767723     0.2545293992
v     0.2601664155    -0.6480296558     0.2545178701
v     0.2733144301    -0.6479972451     0.2545099394
v     0.2873471364    -0.6479803682     0.2545058098
v     0.3022018771    -0.6479799891      0.254505717
v     0.3177910758     -0.647996687     0.2545098029
v     0.3340029129     -0.648030077     0.2545179732
v     0.3507035725    -0.6480793073     0.2545300195
v      0.367741038     -0.648143443     0.2545457131
v     0.3849502678    -0.6482208786     0.2545646611
v     0.4021594295     -0.648309484     0.2545863422
v     0.4191966975    -0.6484071439     0.2546102389
v     0.4358970438     -0.648511591     0.2546357964
v     0.4521084687    -0.6486204522      0.254662434
v      0.467697185    -0.6487316003     0.2546896312
v     0.4825514096    -0.6488430856     0.2547169109
v     0.4965835966    -0.6489531179      0.254743835
v     0.5097311201    -0.6490601683     0.2547700295
v     0.5219555642    -0.6491630782     0.2547952109
v     0.5332408884    -0.6492609469     0.2548191587
v     0.5435907876    -0.6493531032     0.2548417087
v     0.5530255711    -0.6494390981     0.2548627511
v     0.5615788586    -0.6495186919     0.2548822272
v     0.5692943337    -0.6495918423     0.2549001266
v     0.5762227342    -0.6496586447     0.2549164727
v     0.5824191916    -0.6497192978     0.2549313141
v     0.5879409794    -0.6497740799     0.2549447189
v     0.5928456839    -0.6498233266     0.2549567692
v     0.5971897803    -0.6498674104     0.2549675562
v     0.6010275757    -0.6499067242      0.254977176
v     0.6044104708    -0.6499416666     0.2549857262
v     0.6073864857    -0.6499726317     0.2549933032
v     0.5971897803    -0.6501437004     0.2549830868
v     0.5928456839    -0.6501914784     0.2549774634
v     0.5879409794    -0.6502448518     0.2549711814
v     0.5824191916    -0.6503042246     0.2549641934
v     0.5762227342    -0.6503699603     0.2549564564
v     0.5692943337    -0.6504423607      0.254947935
v     0.5615788586     -0.650521641     0.2549386039
v     0.5530255711    -0.6506079046     0.2549284509
v     0.5435907876    -0.6507011058     0.2549174813
v     0.5332408884    -0.6508009846     0.2549057257
v     0.5219555642    -0.6509070546     0.2548932415
v     0.5097311201    -0.6510185882     0.2548801142
v     0.4965835966    -0.6511346093     0.2548664588
v     0.4825514096    -0.6512538621      0.254852423
v      0.467697185    -0.6513746897     0.2548382018
v     0.4521084687    -0.6514951519     0.2548240236
v     0.4358970438    -0.6516131354     0.2548101372
v     0.4191966975    -0.6517263351     0.2547968139
v     0.4021594295    -0.6518321787     0.2547843563
v     0.3849502678    -0.6519282091     0.2547730537
v      0.367741038    -0.6520121337     0.2547631759
v     0.3507035725    -0.6520816439     0.2547549947
v     0.3340029129    -0.6521349996     0.2547487149
v     0.3177910758    -0.6521711876     0.2547444556
v     0.3022018771    -0.6521892848     0.2547423256
v     0.2873471364    -0.6521888739      0.254742374
v     0.2733144301    -0.6521705828     0.2547445268
v     0.2601664155    -0.6521354561     0.2547486611
v     0.2479415486    -0.6520843913     0.2547546714
v     0.2366558958    -0.6520191906     0.2547623454
v     0.2263057985    -0.6519411783     0.2547715272
v     0.2168709777    -0.6518519318     0.2547820314
v     0.2083178323    -0.6517532914     0.2547936412
v     0.2006027085    -0.6516464662     0.2548062143
v     0.1936748938    -0.6515326579     0.2548196093
v     0.1874793116    -0.6514120674     0.2548338025
v     0.1819587202    -0.6512854925     0.2548487001
v     0.1770556161    -0.6511523783     0.2548643674
v     0.1727136843    -0.6510108372     0.2548810265
v     0.1688788564    -0.6508580597     0.2548990081
v     0.1655003534    -0.6506862806     0.2549192262
v     0.1625322416    -0.6504739813     0.2549442134
v     0.1625322416    -0.6495260187     0.2549442134
v     0.1655003534    -0.6493137194     0.2549192262
v     0.1688788564    -0.6491419403     0.2548990081
v     0.1727136843    -0.6489891628     0.2548810265
v     0.1770556161    -0.6488476217     0.2548643674
v     0.1819587202    -0.6487145075     0.2548487001
v     0.1874793116    -0.6485879326     0.2548338025
v     0.1936748938    -0.6484673421     0.2548196093
v     0.2006027085    -0.6483535338     0.2548062143
v     0.2083178323    -0.6482467086     0.2547936412
v     0.2168709777    -0.6481480682     0.2547820314
v     0.2263057985    -0.6480588217     0.2547715272
v     0.2366558958    -0.6479808094     0.2547623454
v     0.2479415486    -0.6479156087     0.2547546714
v     0.2601664155    -0.6478645439     0.2547486611
v     0.2733144301    -0.6478294172     0.2547445268
v     0.2873471364    -0.6478111261      0.254742374
v     0.3022018771    -0.6478107152     0.2547423256
v     0.3177910758    -0.6478288124     0.2547444556
v     0.3340029129    -0.6478650004     0.2547487149
v     0.3507035725    -0.6479183561     0.2547549947
v      0.367741038    -0.6479878663     0.2547631759
v     0.3849502678    -0.6480717909     0.2547730537
v     0.4021594295    -0.6481678213     0.2547843563
v     0.4191966975    -0.6482736649     0.2547968139
v     0.4358970438    -0.6483868646     0.2548101372
v     0.4521084687    -0.6485048481     0.2548240236
v      0.467697185    -0.6486253103     0.2548382018
v     0.4825514096    -0.6487461379      0.254852423
v     0.4965835966    -0.6488653907     0.2548664588
v     0.5097311201    -0.6489814118     0.2548801142
v     0.5219555642    -0.6490929454     0.2548932415
v     0.5332408884    -0.6491990154     0.2549057257
v     0.5435907876    -0.6492988942     0.2549174813
v     0.5530255711    -0.6493920954     0.2549284509
v     0.5615788586     -0.649478359     0.2549386039
v     0.5692943337    -0.6495576393      0.254947935
v     0.5762227342    -0.6496300397     0.2549564564
v     0.5824191916    -0.6496957754     0.2549641934
v     0.5879409794    -0.6497551482     0.2549711814
v     0.5928456839    -0.6498085216     0.2549774634
v     0.5971897803    -0.6498562996     0.2549830868
v     0.6044104708    -0.6500649379            0.255
v     0.6010275757    -0.6501038366            0.255
v     0.5971897803    -0.6501476015            0.255
v     0.5928456839    -0.6501966766            0.255
v     0.5879409794     -0.650251499            0.255
v     0.5824191916    -0.6503124836            0.255
v     0.5762227342    -0.6503800039            0.255
v     0.5692943337    -0.6504543697            0.255
v     0.5615788586    -0.6505358023            0.255
v     0.5530255711    -0.6506244078            0.255
v     0.5435907876    -0.6507201391            0.255
v     0.5332408884    -0.6508227295            0.255
v     0.5219555642     -0.650931679            0.255
v     0.5097311201    -0.6510462405            0.255
v     0.4965835966    -0.6511654112            0.255
v     0.4825514096    -0.6512879015            0.255
v      0.467697185    -0.6514120092            0.255
v     0.4521084687    -0.6515357417            0.255
v     0.4358970438    -0.6516569282            0.255
v     0.4191966975     -0.651773201            0.255
v     0.4021594295    -0.6518819181            0.255
v     0.3849502678    -0.6519805554            0.255
v      0.367741038    -0.6520667584            0.255
v     0.3507035725    -0.6521381556            0.255
v     0.3340029129    -0.6521929598            0.255
v     0.3177910758    -0.6522301302            0.255
v     0.3022018771    -0.6522487187            0.255
v     0.2873471364    -0.6522482967            0.255
v     0.2733144301     -0.652229509            0.255
v     0.2601664155    -0.6521934287            0.255
v     0.2479415486    -0.6521409776            0.255
v     0.2366558958    -0.6520740068            0.255
v     0.2263057985    -0.6519938767            0.255
v     0.2168709777    -0.6519022074            0.255
v     0.2083178323    -0.6518008891            0.255
v     0.2006027085    -0.6516911639            0.255
v     0.1936748938    -0.6515742659            0.255
v     0.1874793116    -0.6514504016            0.255
v     0.1819587202    -0.6513203906            0.255
v     0.1770556161    -0.6511836626            0.255
v     0.1727136843    -0.6510382791            0.255
v     0.1688788564     -0.650881354            0.255
v     0.1655003534    -0.6507049115            0.255
v     0.1625322416    -0.6504868487            0.255
v     0.1625322416    -0.6495131513            0.255
v     0.1655003534    -0.6492950885            0.255
v     0.1688788564     -0.649118646            0.255
v     0.1727136843    -0.6489617209            0.255
v     0.1770556161    -0.6488163374            0.255
v     0.1819587202    -0.6486796094            0.255
v     0.1874793116    -0.6485495984            0.255
v     0.1936748938    -0.6484257341            0.255
v     0.2006027085    -0.6483088361            0.255
v     0.2083178323    -0.6481991109            0.255
v     0.2168709777    -0.6480977926            0.255
v     0.2263057985    -0.6480061233            0.255
v     0.2366558958    -0.6479259932            0.255
v     0.2479415486    -0.6478590224            0.255
v     0.2601664155    -0.6478065713            0.255
v     0.2733144301     -0.647770491            0.255
v     0.2873471364    -0.6477517033            0.255
v     0.3022018771    -0.6477512813            0.255
v     0.3177910758    -0.6477698698            0.255
v     0.3340029129    -0.6478070402            0.255
v     0.3507035725    -0.6478618444            0.255
v      0.367741038    -0.6479332416            0.255
v     0.3849502678    -0.6480194446            0.255
v     0.4021594295    -0.6481180819            0.255
v     0.4191966975     -0.648226799            0.255
v     0.4358970438    -0.6483430718            0.255
v     0.4521084687    -0.6484642583            0.255
v      0.467697185    -0.6485879908            0.255
v     0.4825514096    -0.6487120985            0.255
v     0.4965835966    -0.6488345888            0.255
v     0.5097311201    -0.6489537595            0.255
v     0.5219555642     -0.649068321            0.255
v     0.5332408884    -0.6491772705            0.255
v     0.5435907876    -0.6492798609            0.255
v     0.5530255711    -0.6493755922            0.255
v     0.5615788586    -0.6494641977            0.255
v     0.5692943337    -0.6495456303            0.255
v     0.5762227342    -0.6496199961            0.255
v     0.5824191916    -0.6496875164            0.255
v     0.5879409794     -0.649748501            0.255
v     0.5928456839    -0.6498033234            0.255
v     0.5971897803    -0.6498523985            0.255
v     0.6010275757    -0.6498961634            0.255
v     0.6044104708    -0.6499350621            0.255
v             0.61            -0.65            0.285
v     0.6073864857     -0.650030467            0.285
v     0.6044104708    -0.6500649379            0.285
v     0.6010275757    -0.6501038366            0.285
v     0.5971897803    -0.6501476015            0.285
v     0.5928456839    -0.6501966766            0.285
v     0.5879409794     -0.650251499            0.285
v     0.5824191916    -0.6503124836            0.285
v     0.5762227342    -0.6503800039            0.285
v     0.5692943337    -0.6504543697            0.285
v     0.5615788586    -0.6505358023            0.285
v     0.5530255711    -0.6506244078            0.285
v     0.5435907876    -0.6507201391            0.285
v     0.5332408884    -0.6508227295            0.285
v     0.5219555642     -0.650931679            0.285
v     0.5097311201    -0.6510462405            0.285
v     0.4965835966    -0.6511654112            0.285
v     0.4825514096    -0.6512879015            0.285
v      0.467697185    -0.6514120092            0.285
v     0.4521084687    -0.6515357417            0.285
v     0.4358970438    -0.6516569282            0.285
v     0.4191966975     -0.651773201            0.285
v     0.4021594295    -0.6518819181            0.285
v     0.3849502678    -0.6519805554            0.285
v      0.367741038    -0.6520667584            0.285
v     0.3507035725    -0.6521381556            0.285
v     0.3340029129    -0.6521929598            0.285
v     0.3177910758    -0.6522301302            0.285
v     0.3022018771    -0.6522487187            0.285
v     0.2873471364    -0.6522482967            0.285
v     0.2733144301     -0.652229509            0.285
v     0.2601664155    -0.6521934287            0.285
v     0.2479415486    -0.6521409776            0.285
v     0.2366558958    -0.6520740068            0.285
v     0.2263057985    -0.6519938767            0.285
v     0.2168709777    -0.6519022074            0.285
v     0.2083178323    -0.6518008891            0.285
v     0.2006027085    -0.6516911639            0.285
v     0.1936748938    -0.6515742659            0.285
v     0.1874793116    -0.6514504016            0.285
v     0.1819587202    -0.6513203906            0.285
v     0.1770556161    -0.6511836626            0.285
v     0.1727136843    -0.6510382791            0.285
v     0.1688788564     -0.650881354            0.285
v     0.1655003534    -0.6507049115            0.285
v     0.1625322416    -0.6504868487            0.285
v             0.16            -0.65            0.285
v     0.1625322416    -0.6495131513            0.285
v     0.1655003534    -0.6492950885            0.285
v     0.1688788564     -0.649118646            0.285
v     0.1727136843    -0.6489617209            0.285
v     0.1770556161    -0.6488163374            0.285
v     0.1819587202    -0.6486796094            0.285
v     0.1874793116    -0.6485495984            0.285
v     0.1936748938    -0.6484257341            0.285
v     0.2006027085    -0.6483088361            0.285
v     0.2083178323    -0.6481991109            0.285
v     0.2168709777    -0.6480977926            0.285
v     0.2263057985    -0.6480061233            0.285
v     0.2366558958    -0.6479259932            0.285
v     0.2479415486    -0.6478590224            0.285
v     0.2601664155    -0.6478065713            0.285
v     0.2733144301     -0.647770491            0.285
v     0.2873471364    -0.6477517033            0.285
v     0.3022018771    -0.6477512813            0.285
v     0.3177910758    -0.6477698698            0.285
v     0.3340029129    -0.6478070402            0.285
v     0.3507035725    -0.6478618444            0.285
v      0.367741038    -0.6479332416            0.285
v     0.3849502678    -0.6480194446            0.285
v     0.4021594295    -0.6481180819            0.285
v     0.4191966975     -0.648226799            0.285
v     0.4358970438    -0.6483430718            0.285
v     0.4521084687    -0.6484642583            0.285
v      0.467697185    -0.6485879908            0.285
v     0.4825514096    -0.6487120985            0.285
v     0.4965835966    -0.6488345888            0.285
v     0.5097311201    -0.6489537595            0.285
v     0.5219555642     -0.649068321            0.285
v     0.5332408884    -0.6491772705            0.285
v     0.5435907876    -0.6492798609            0.285
v     0.5530255711    -0.6493755922            0.285
v     0.5615788586    -0.6494641977            0.285
v     0.5692943337    -0.6495456303            0.285
v     0.5762227342    -0.6496199961            0.285
v     0.5824191916    -0.6496875164            0.285
v     0.5879409794     -0.649748501            0.285
v     0.5928456839    -0.6498033234            0.285
v     0.5971897803    -0.6498523985            0.285
v     0.6010275757    -0.6498961634            0.285
v     0.6044104708    -0.6499350621            0.285
v     0.6073864857     -0.649969533            0.285
v             0.61            -0.65            0.315
v     0.6073864857     -0.650030467            0.315
v     0.6044104708    -0.6500649379            0.315
v     0.6010275757    -0.6501038366            0.315
v     0.5971897803    -0.6501476015            0.315
v     0.5928456839    -0.6501966766            0.315
v     0.5879409794     -0.650251499            0.315
v     0.5824191916    -0.6503124836            0.315
v     0.5762227342    -0.6503800039            0.315
v     0.5692943337    -0.6504543697            0.315
v     0.5615788586    -0.6505358023            0.315
v     0.5530255711    -0.6506244078            0.315
v     0.5435907876    -0.6507201391            0.315
v     0.5332408884    -0.6508227295            0.315
v     0.5219555642     -0.650931679            0.315
v     0.5097311201    -0.6510462405            0.315
v     0.4965835966    -0.6511654112            0.315
v     0.4825514096    -0.6512879015            0.315
v      0.467697185    -0.6514120092            0.315
v     0.4521084687    -0.6515357417            0.315
v     0.4358970438    -0.6516569282            0.315
v     0.4191966975     -0.651773201            0.315
v     0.4021594295    -0.6518819181            0.315
v     0.3849502678    -0.6519805554            0.315
v      0.367741038    -0.6520667584            0.315
v     0.3507035725    -0.6521381556            0.315
v     0.3340029129    -0.6521929598            0.315
v     0.3177910758    -0.6522301302            0.315
v     0.3022018771    -0.6522487187            0.315
v     0.2873471364    -0.6522482967            0.315
v     0.2733144301     -0.652229509            0.315
v     0.2601664155    -0.6521934287            0.315
v     0.2479415486    -0.6521409776            0.315
v     0.2366558958    -0.6520740068            0.315
v     0.2263057985    -0.6519938767            0.315
v     0.2168709777    -0.6519022074            0.315
v     0.2083178323    -0.6518008891            0.315
v     0.2006027085    -0.6516911639            0.315
v     0.1936748938    -0.6515742659            0.315
v     0.1874793116    -0.6514504016            0.315
v     0.1819587202    -0.6513203906            0.315
v     0.1770556161    -0.6511836626            0.315
v     0.1727136843    -0.6510382791            0.315
v     0.1688788564     -0.650881354            0.315
v     0.1655003534    -0.6507049115            0.315
v     0.1625322416    -0.6504868487            0.315
v             0.16            -0.65            0.315
v     0.1625322416    -0.6495131513            0.315
v     0.1655003534    -0.6492950885            0.315
v     0.1688788564     -0.649118646            0.315
v     0.1727136843    -0.6489617209            0.315
v     0.1770556161    -0.6488163374            0.315
v     0.1819587202    -0.6486796094            0.315
v     0.1874793116    -0.6485495984            0.315
v     0.1936748938    -0.6484257341            0.315
v     0.2006027085    -0.6483088361            0.315
v     0.2083178323    -0.6481991109            0.315
v     0.2168709777    -0.6480977926            0.315
v     0.2263057985    -0.6480061233            0.315
v     0.2366558958    -0.6479259932            0.315
v     0.2479415486    -0.6478590224            0.315
v     0.2601664155    -0.6478065713            0.315
v     0.2733144301     -0.647770491            0.315
v     0.2873471364    -0.6477517033            0.315
v     0.3022018771    -0.6477512813            0.315
v     0.3177910758    -0.6477698698            0.315
v     0.3340029129    -0.6478070402            0.315
v     0.3507035725    -0.6478618444            0.315
v      0.367741038    -0.6479332416            0.315
v     0.3849502678    -0.6480194446            0.315
v     0.4021594295    -0.6481180819            0.315
v     0.4191966975     -0.648226799            0.315
v     0.4358970438    -0.6483430718            0.315
v     0.4521084687    -0.6484642583            0.315
v      0.467697185    -0.6485879908            0.315
v     0.4825514096    -0.6487120985            0.315
v     0.4965835966    -0.6488345888            0.315
v     0.5097311201    -0.6489537595            0.315
v     0.5219555642     -0.649068321            0.315
v     0.5332408884    -0.6491772705            0.315
v     0.5435907876    -0.6492798609            0.315
v     0.5530255711    -0.6493755922            0.315
v     0.5615788586    -0.6494641977            0.315
v     0.5692943337    -0.6495456303            0.315
v     0.5762227342    -0.6496199961            0.315
v     0.5824191916    -0.6496875164            0.315
v     0.5879409794     -0.649748501            0.315
v     0.5928456839    -0.6498033234            0.315
v     0.5971897803    -0.6498523985            0.315
v     0.6010275757    -0.6498961634            0.315
v     0.6044104708    -0.6499350621            0.315
v     0.6073864857     -0.649969533            0.315
v             0.61            -0.65            0.345
v     0.6073864857     -0.650030467            0.345
v     0.6044104708    -0.6500649379            0.345
v     0.6010275757    -0.6501038366            0.345
v     0.5971897803    -0.6501476015            0.345
v     0.5928456839    -0.6501966766            0.345
v     0.5879409794     -0.650251499            0.345
v     0.5824191916    -0.6503124836            0.345
v     0.5762227342    -0.6503800039            0.345
v     0.5692943337    -0.6504543697            0.345
v     0.5615788586    -0.6505358023            0.345
v     0.5530255711    -0.6506244078            0.345
v     0.5435907876    -0.6507201391            0.345
v     0.5332408884    -0.6508227295            0.345
v     0.5219555642     -0.650931679            0.345
v     0.5097311201    -0.6510462405            0.345
v     0.4965835966    -0.6511654112            0.345
v     0.4825514096    -0.6512879015            0.345
v      0.467697185    -0.6514120092            0.345
v     0.4521084687    -0.6515357417            0.345
v     0.4358970438    -0.6516569282            0.345
v     0.4191966975     -0.651773201            0.345
v     0.4021594295    -0.6518819181            0.345
v     0.3849502678    -0.6519805554            0.345
v      0.367741038    -0.6520667584            0.345
v     0.3507035725    -0.6521381556            0.345
v     0.3340029129    -0.6521929598            0.345
v     0.3177910758    -0.6522301302            0.345
v     0.3022018771    -0.6522487187            0.345
v     0.2873471364    -0.6522482967            0.345
v     0.2733144301     -0.652229509            0.345
v     0.2601664155    -0.6521934287            0.345
v     0.2479415486    -0.6521409776            0.345
v     0.2366558958    -0.6520740068            0.345
v     0.2263057985    -0.6519938767            0.345
v     0.2168709777    -0.6519022074            0.345
v     0.2083178323    -0.6518008891            0.345
v     0.2006027085    -0.6516911639            0.345
v     0.1936748938    -0.6515742659            0.345
v     0.1874793116    -0.6514504016            0.345
v     0.1819587202    -0.6513203906            0.345
v     0.1770556161    -0.6511836626            0.345
v     0.1727136843    -0.6510382791            0.345
v     0.1688788564     -0.650881354            0.345
v     0.1655003534    -0.6507049115            0.345
v     0.1625322416    -0.6504868487            0.345
v             0.16            -0.65            0.345
v     0.1625322416    -0.6495131513            0.345
v     0.1655003534    -0.6492950885            0.345
v     0.1688788564     -0.649118646            0.345
v     0.1727136843    -0.6489617209            0.345
v     0.1770556161    -0.6488163374            0.345
v     0.1819587202    -0.6486796094            0.345
v     0.1874793116    -0.6485495984            0.345
v     0.1936748938    -0.6484257341            0.345
v     0.2006027085    -0.6483088361            0.345
v     0.2083178323    -0.6481991109            0.345
v     0.2168709777    -0.6480977926            0.345
v     0.2263057985    -0.6480061233            0.345
v     0.2366558958    -0.6479259932            0.345
v     0.2479415486    -0.6478590224            0.345
v     0.2601664155    -0.6478065713            0.345
v     0.2733144301     -0.647770491            0.345
v     0.2873471364    -0.6477517033            0.345
v     0.3022018771    -0.6477512813            0.345
v     0.3177910758    -0.6477698698            0.345
v     0.3340029129    -0.6478070402            0.345
v     0.3507035725    -0.6478618444            0.345
v      0.367741038    -0.6479332416            0.345
v     0.3849502678    -0.6480194446            0.345
v     0.4021594295    -0.6481180819            0.345
v     0.4191966975     -0.648226799            0.345
v     0.4358970438    -0.6483430718            0.345
v     0.4521084687    -0.6484642583            0.345
v      0.467697185    -0.6485879908            0.345
v     0.4825514096    -0.6487120985            0.345
v     0.4965835966    -0.6488345888            0.345
v     0.5097311201    -0.6489537595            0.345
v     0.5219555642     -0.649068321            0.345
v     0.5332408884    -0.6491772705            0.345
v     0.5435907876    -0.6492798609            0.345
v     0.5530255711    -0.6493755922            0.345
v     0.5615788586    -0.6494641977            0.345
v     0.5692943337    -0.6495456303            0.345
v     0.5762227342    -0.6496199961            0.345
v     0.5824191916    -0.6496875164            0.345
v     0.5879409794     -0.649748501            0.345
v     0.5928456839    -0.6498033234            0.345
v     0.5971897803    -0.6498523985            0.345
v     0.6010275757    -0.6498961634            0.345
v     0.6044104708    -0.6499350621            0.345
v     0.6073864857     -0.649969533            0.345
v             0.61            -0.65            0.375
v     0.6073864857     -0.650030467            0.375
v     0.6044104708    -0.6500649379            0.375
v     0.6010275757    -0.6501038366            0.375
v     0.5971897803    -0.6501476015            0.375
v     0.5928456839    -0.6501966766            0.375
v     0.5879409794     -0.650251499            0.375
v     0.5824191916    -0.6503124836            0.375
v     0.5762227342    -0.6503800039            0.375
v     0.5692943337    -0.6504543697            0.375
v     0.5615788586    -0.6505358023            0.375
v     0.5530255711    -0.6506244078            0.375
v     0.5435907876    -0.6507201391            0.375
v     0.5332408884    -0.6508227295            0.375
v     0.5219555642     -0.650931679            0.375
v     0.5097311201    -0.6510462405            0.375
v     0.4965835966    -0.6511654112            0.375
v     0.4825514096    -0.6512879015            0.375
v      0.467697185    -0.6514120092            0.375
v     0.4521084687    -0.6515357417            0.375
v     0.4358970438    -0.6516569282            0.375
v     0.4191966975     -0.651773201            0.375
v     0.4021594295    -0.6518819181            0.375
v     0.3849502678    -0.6519805554            0.375
v      0.367741038    -0.6520667584            0.375
v     0.3507035725    -0.6521381556            0.375
v     0.3340029129    -0.6521929598            0.375
v     0.3177910758    -0.6522301302            0.375
v     0.3022018771    -0.6522487187            0.375
v     0.2873471364    -0.6522482967            0.375
v     0.2733144301     -0.652229509            0.375
v     0.2601664155    -0.6521934287            0.375
v     0.2479415486    -0.6521409776            0.375
v     0.2366558958    -0.6520740068            0.375
v     0.2263057985    -0.6519938767            0.375
v     0.2168709777    -0.6519022074            0.375
v     0.2083178323    -0.6518008891            0.375
v     0.2006027085    -0.6516911639            0.375
v     0.1936748938    -0.6515742659            0.375
v     0.1874793116    -0.6514504016            0.375
v     0.1819587202    -0.6513203906            0.375
v     0.1770556161    -0.6511836626            0.375
v     0.1727136843    -0.6510382791            0.375
v     0.1688788564     -0.650881354            0.375
v     0.1655003534    -0.6507049115            0.375
v     0.1625322416    -0.6504868487            0.375
v             0.16            -0.65            0.375
v     0.1625322416    -0.6495131513            0.375
v     0.1655003534    -0.6492950885            0.375
v     0.1688788564     -0.649118646            0.375
v     0.1727136843    -0.6489617209            0.375
v     0.1770556161    -0.6488163374            0.375
v     0.1819587202    -0.6486796094            0.375
v     0.1874793116    -0.6485495984            0.375
v     0.1936748938    -0.6484257341            0.375
v     0.2006027085    -0.6483088361            0.375
v     0.2083178323    -0.6481991109            0.375
v     0.2168709777    -0.6480977926            0.375
v     0.2263057985    -0.6480061233            0.375
v     0.2366558958    -0.6479259932            0.375
v     0.2479415486    -0.6478590224            0.375
v     0.2601664155    -0.6478065713            0.375
v     0.2733144301     -0.647770491            0.375
v     0.2873471364    -0.6477517033            0.375
v     0.3022018771    -0.6477512813            0.375
v     0.3177910758    -0.6477698698            0.375
v     0.3340029129    -0.6478070402            0.375
v     0.3507035725    -0.6478618444            0.375
v      0.367741038    -0.6479332416            0.375
v     0.3849502678    -0.6480194446            0.375
v     0.4021594295    -0.6481180819            0.375
v     0.4191966975     -0.648226799            0.375
v     0.4358970438    -0.6483430718            0.375
v     0.4521084687    -0.6484642583            0.375
v      0.467697185    -0.6485879908            0.375
v     0.4825514096    -0.6487120985            0.375
v     0.4965835966    -0.6488345888            0.375
v     0.5097311201    -0.6489537595            0.375
v     0.5219555642     -0.649068321            0.375
v     0.5332408884    -0.6491772705            0.375
v     0.5435907876    -0.6492798609            0.375
v     0.5530255711    -0.6493755922            0.375
v     0.5615788586    -0.6494641977            0.375
v     0.5692943337    -0.6495456303            0.375
v     0.5762227342    -0.6496199961            0.375
v     0.5824191916    -0.6496875164            0.375
v     0.5879409794     -0.649748501            0.375
v     0.5928456839    -0.6498033234            0.375
v     0.5971897803    -0.6498523985            0.375
v     0.6010275757    -0.6498961634            0.375
v     0.6044104708    -0.6499350621            0.375
v     0.6073864857     -0.649969533            0.375
v             0.61            -0.65            0.405
v     0.6073864857     -0.650030467            0.405
v     0.6044104708    -0.6500649379            0.405
v     0.6010275757    -0.6501038366            0.405
v     0.5971897803    -0.6501476015            0.405
v     0.5928456839    -0.6501966766            0.405
v     0.5879409794     -0.650251499            0.405
v     0.5824191916    -0.6503124836            0.405
v     0.5762227342    -0.6503800039            0.405
v     0.5692943337    -0.6504543697            0.405
v     0.5615788586    -0.6505358023            0.405
v     0.5530255711    -0.6506244078            0.405
v     0.5435907876    -0.6507201391            0.405
v     0.5332408884    -0.6508227295            0.405
v     0.5219555642     -0.650931679            0.405
v     0.5097311201    -0.6510462405            0.405
v     0.4965835966    -0.6511654112            0.405
v     0.4825514096    -0.6512879015            0.405
v      0.467697185    -0.6514120092            0.405
v     0.4521084687    -0.6515357417            0.405
v     0.4358970438    -0.6516569282            0.405
v     0.4191966975     -0.651773201            0.405
v     0.4021594295    -0.6518819181            0.405
v     0.3849502678    -0.6519805554            0.405
v      0.367741038    -0.6520667584            0.405
v     0.3507035725    -0.6521381556            0.405
v     0.3340029129    -0.6521929598            0.405
v     0.3177910758    -0.6522301302            0.405
v     0.3022018771    -0.6522487187            0.405
v     0.2873471364    -0.6522482967            0.405
v     0.2733144301     -0.652229509            0.405
v     0.2601664155    -0.6521934287            0.405
v     0.2479415486    -0.6521409776            0.405
v     0.2366558958    -0.6520740068            0.405
v     0.2263057985    -0.6519938767            0.405
v     0.2168709777    -0.6519022074            0.405
v     0.2083178323    -0.6518008891            0.405
v     0.2006027085    -0.6516911639            0.405
v     0.1936748938    -0.6515742659            0.405
v     0.1874793116    -0.6514504016            0.405
v     0.1819587202    -0.6513203906            0.405
v     0.1770556161    -0.6511836626            0.405
v     0.1727136843    -0.6510382791            0.405
v     0.1688788564     -0.650881354            0.405
v     0.1655003534    -0.6507049115            0.405
v     0.1625322416    -0.6504868487            0.405
v             0.16            -0.65            0.405
v     0.1625322416    -0.6495131513            0.405
v     0.1655003534    -0.6492950885            0.405
v     0.1688788564     -0.649118646            0.405
v     0.1727136843    -0.6489617209            0.405
v     0.1770556161    -0.6488163374            0.405
v     0.1819587202    -0.6486796094            0.405
v     0.1874793116    -0.6485495984            0.405
v     0.1936748938    -0.6484257341            0.405
v     0.2006027085    -0.6483088361            0.405
v     0.2083178323    -0.6481991109            0.405
v     0.2168709777    -0.6480977926            0.405
v     0.2263057985    -0.6480061233            0.405
v     0.2366558958    -0.6479259932            0.405
v     0.2479415486    -0.6478590224            0.405
v     0.2601664155    -0.6478065713            0.405
v     0.2733144301     -0.647770491            0.405
v     0.2873471364    -0.6477517033            0.405
v     0.3022018771    -0.6477512813            0.405
v     0.3177910758    -0.6477698698            0.405
v     0.3340029129    -0.6478070402            0.405
v     0.3507035725    -0.6478618444            0.405
v      0.367741038    -0.6479332416            0.405
v     0.3849502678    -0.6480194446            0.405
v     0.4021594295    -0.6481180819            0.405
v     0.4191966975     -0.648226799            0.405
v     0.4358970438    -0.6483430718            0.405
v     0.4521084687    -0.6484642583            0.405
v      0.467697185    -0.6485879908            0.405
v     0.4825514096    -0.6487120985            0.405
v     0.4965835966    -0.6488345888            0.405
v     0.5097311201    -0.6489537595            0.405
v     0.5219555642     -0.649068321            0.405
v     0.5332408884    -0.6491772705            0.405
v     0.5435907876    -0.6492798609            0.405
v     0.5530255711    -0.6493755922            0.405
v     0.5615788586    -0.6494641977            0.405
v     0.5692943337    -0.6495456303            0.405
v     0.5762227342    -0.6496199961            0.405
v     0.5824191916    -0.6496875164            0.405
v     0.5879409794     -0.649748501            0.405
v     0.5928456839    -0.6498033234            0.405
v     0.5971897803    -0.6498523985            0.405
v     0.6010275757    -0.6498961634            0.405
v     0.6044104708    -0.6499350621            0.405
v     0.6073864857     -0.649969533            0.405
v     0.5971897803    -0.6501437004     0.4050169132
v     0.5928456839    -0.6501914784     0.4050225366
v     0.5879409794    -0.6502448518     0.4050288186
v     0.5824191916    -0.6503042246     0.4050358066
v     0.5762227342    -0.6503699603     0.4050435436
v     0.5692943337    -0.6504423607      0.405052065
v     0.5615788586     -0.650521641     0.4050613961
v     0.5530255711    -0.6506079046     0.4050715491
v     0.5435907876    -0.6507011058     0.4050825187
v     0.5332408884    -0.6508009846     0.4050942743
v     0.5219555642    -0.6509070546     0.4051067585
v     0.5097311201    -0.6510185882     0.4051198858
v     0.4965835966    -0.6511346093     0.4051335412
v     0.4825514096    -0.6512538621      0.405147577
v      0.467697185    -0.6513746897     0.4051617982
v     0.4521084687    -0.6514951519     0.4051759764
v     0.4358970438    -0.6516131354     0.4051898628
v     0.4191966975    -0.6517263351     0.4052031861
v     0.4021594295    -0.6518321787     0.4052156437
v     0.3849502678    -0.6519282091     0.4052269463
v      0.367741038    -0.6520121337     0.4052368241
v     0.3507035725    -0.6520816439     0.4052450053
v     0.3340029129    -0.6521349996     0.4052512851
v     0.3177910758    -0.6521711876     0.4052555444
v     0.3022018771    -0.6521892848     0.4052576744
v     0.2873471364    -0.6521888739      0.405257626
v     0.2733144301    -0.6521705828     0.4052554732
v     0.2601664155    -0.6521354561     0.4052513389
v     0.2479415486    -0.6520843913     0.4052453286
v     0.2366558958    -0.6520191906     0.4052376546
v     0.2263057985    -0.6519411783     0.4052284728
v     0.2168709777    -0.6518519318     0.4052179686
v     0.2083178323    -0.6517532914     0.4052063588
v     0.2006027085    -0.6516464662     0.4051937857
v     0.1936748938    -0.6515326579     0.4051803907
v     0.1874793116    -0.6514120674     0.4051661975
v     0.1819587202    -0.6512854925     0.4051512999
v     0.1770556161    -0.6511523783     0.4051356326
v     0.1727136843    -0.6510108372     0.4051189735
v     0.1688788564    -0.6508580597     0.4051009919
v     0.1655003534    -0.6506862806     0.4050807738
v     0.1625322416    -0.6504739813     0.4050557866
v     0.1625322416    -0.6495260187     0.4050557866
v     0.1655003534    -0.6493137194     0.4050807738
v     0.1688788564    -0.6491419403     0.4051009919
v     0.1727136843    -0.6489891628     0.4051189735
v     0.1770556161    -0.6488476217     0.4051356326
v     0.1819587202    -0.6487145075     0.4051512999
v     0.1874793116    -0.6485879326     0.4051661975
v     0.1936748938    -0.6484673421     0.4051803907
v     0.2006027085    -0.6483535338     0.4051937857
v     0.2083178323    -0.6482467086     0.4052063588
v     0.2168709777    -0.6481480682     0.4052179686
v     0.2263057985    -0.6480588217     0.4052284728
v     0.2366558958    -0.6479808094     0.4052376546
v     0.2479415486    -0.6479156087     0.4052453286
v     0.2601664155    -0.6478645439     0.4052513389
v     0.2733144301    -0.6478294172     0.4052554732
v     0.2873471364    -0.6478111261      0.405257626
v     0.3022018771    -0.6478107152     0.4052576744
v     0.3177910758    -0.6478288124     0.4052555444
v     0.3340029129    -0.6478650004     0.4052512851
v     0.3507035725    -0.6479183561     0.4052450053
v      0.367741038    -0.6479878663     0.4052368241
v     0.3849502678    -0.6480717909     0.4052269463
v     0.4021594295    -0.6481678213     0.4052156437
v     0.4191966975    -0.6482736649     0.4052031861
v     0.4358970438    -0.6483868646     0.4051898628
v     0.4521084687    -0.6485048481     0.4051759764
v      0.467697185    -0.6486253103     0.4051617982
v     0.4825514096    -0.6487461379      0.405147577
v     0.4965835966    -0.6488653907     0.4051335412
v     0.5097311201    -0.6489814118     0.4051198858
v     0.5219555642    -0.6490929454     0.4051067585
v     0.5332408884    -0.6491990154     0.4050942743
v     0.5435907876    -0.6492988942     0.4050825187
v     0.5530255711    -0.6493920954     0.4050715491
v     0.5615788586     -0.649478359     0.4050613961
v     0.5692943337    -0.6495576393      0.405052065
v     0.5762227342    -0.6496300397     0.4050435436
v     0.5824191916    -0.6496957754     0.4050358066
v     0.5879409794    -0.6497551482     0.4050288186
v     0.5928456839    -0.6498085216     0.4050225366
v     0.5971897803    -0.6498562996     0.4050169132
v     0.6044104708    -0.6500583334     0.4050142738
v     0.6010275757    -0.6500932758      0.405022824
v     0.5971897803    -0.6501325896     0.4050324438
v     0.5928456839    -0.6501766734     0.4050432308
v     0.5879409794    -0.6502259201     0.4050552811
v     0.5824191916    -0.6502807022     0.4050686859
v     0.5762227342    -0.6503413553     0.4050835273
v     0.5692943337    -0.6504081577     0.4050998734
v     0.5615788586    -0.6504813081     0.4051177728
v     0.5530255711    -0.6505609019     0.4051372489
v     0.5435907876    -0.6506468968     0.4051582913
v     0.5332408884    -0.6507390531     0.4051808413
v     0.5219555642    -0.6508369218     0.4052047891
v     0.5097311201    -0.6509398317     0.4052299705
v     0.4965835966    -0.6510468821      0.405256165
v     0.4825514096    -0.6511569144     0.4052830891
v      0.467697185    -0.6512683997     0.4053103688
v     0.4521084687    -0.6513795478      0.405337566
v     0.4358970438     -0.651488409     0.4053642036
v     0.4191966975    -0.6515928561     0.4053897611
v     0.4021594295     -0.651690516     0.4054136578
v     0.3849502678    -0.6517791214     0.4054353389
v      0.367741038     -0.651856557     0.4054542869
v     0.3507035725    -0.6519206927     0.4054699805
v     0.3340029129     -0.651969923     0.4054820268
v     0.3177910758     -0.652003313     0.4054901971
v     0.3022018771    -0.6520200109      0.405494283
v     0.2873471364    -0.6520196318     0.4054941902
v     0.2733144301    -0.6520027549     0.4054900606
v     0.2601664155    -0.6519703442     0.4054821299
v     0.2479415486    -0.6519232277     0.4054706008
v     0.2366558958    -0.6518630683     0.4054558802
v     0.2263057985    -0.6517910878      0.405438267
v     0.2168709777    -0.6517087418     0.4054181175
v     0.2083178323    -0.6516177282     0.4053958471
v     0.2006027085    -0.6515191627     0.4053717288
v     0.1936748938    -0.6514141539     0.4053460339
v     0.1874793116    -0.6513028873     0.4053188077
v     0.1819587202    -0.6511860992     0.4052902304
v     0.1770556161    -0.6510632772     0.4052601767
v     0.1727136843      -0.65093268     0.4052282205
v     0.1688788564    -0.6507917152     0.4051937273
v     0.1655003534    -0.6506332179     0.4051549441
v     0.1625322416    -0.6504373334     0.4051070125
v     0.1625322416    -0.6495626666     0.4051070125
v     0.1655003534    -0.6493667821     0.4051549441
v     0.1688788564    -0.6492082848     0.4051937273
v     0.1727136843      -0.64906732     0.4052282205
v     0.1770556161    -0.6489367228     0.4052601767
v     0.1819587202    -0.6488139008     0.4052902304
v     0.1874793116    -0.6486971127     0.4053188077
v     0.1936748938    -0.6485858461     0.4053460339
v     0.2006027085    -0.6484808373     0.4053717288
v     0.2083178323    -0.6483822718     0.4053958471
v     0.2168709777    -0.6482912582     0.4054181175
v     0.2263057985    -0.6482089122      0.405438267
v     0.2366558958    -0.6481369317     0.4054558802
v     0.2479415486    -0.6480767723     0.4054706008
v     0.2601664155    -0.6480296558     0.4054821299
v     0.2733144301    -0.6479972451     0.4054900606
v     0.2873471364    -0.6479803682     0.4054941902
v     0.3022018771    -0.6479799891      0.405494283
v     0.3177910758     -0.647996687     0.4054901971
v     0.3340029129     -0.648030077     0.4054820268
v     0.3507035725    -0.6480793073     0.4054699805
v      0.367741038     -0.648143443     0.4054542869
v     0.3849502678    -0.6482208786     0.4054353389
v     0.4021594295     -0.648309484     0.4054136578
v     0.4191966975    -0.6484071439     0.4053897611
v     0.4358970438     -0.648511591     0.4053642036
v     0.4521084687    -0.6486204522      0.405337566
v      0.467697185    -0.6487316003     0.4053103688
v     0.4825514096    -0.6488430856     0.4052830891
v     0.4965835966    -0.6489531179      0.405256165
v     0.5097311201    -0.6490601683     0.4052299705
v     0.5219555642    -0.6491630782     0.4052047891
v     0.5332408884    -0.6492609469     0.4051808413
v     0.5435907876    -0.6493531032     0.4051582913
v     0.5530255711    -0.6494390981     0.4051372489
v     0.5615788586    -0.6495186919     0.4051177728
v     0.5692943337    -0.6495918423     0.4050998734
v     0.5762227342    -0.6496586447     0.4050835273
v     0.5824191916    -0.6497192978     0.4050686859
v     0.5879409794    -0.6497740799     0.4050552811
v     0.5928456839    -0.6498233266     0.4050432308
v     0.5971897803    -0.6498674104     0.4050324438
v     0.6010275757    -0.6499067242      0.405022824
v     0.6044104708    -0.6499416666     0.4050142738
v     0.6010275757    -0.6500810128     0.4050324642
v     0.5971897803     -0.650115158     0.4050461472
v     0.5928456839    -0.6501534461     0.4050614903
v     0.5879409794    -0.6501962182     0.4050786304
v     0.5824191916    -0.6502437981      0.405097697
v     0.5762227342     -0.650296477      0.405118807
v     0.5692943337    -0.6503544969     0.4051420573
v     0.5615788586    -0.6504180302     0.4051675169
v     0.5530255711    -0.6504871597     0.4051952192
v     0.5435907876    -0.6505618488     0.4052251493
v     0.5332408884    -0.6506418893     0.4052572238
v     0.5219555642    -0.6507268911     0.4052912865
v     0.5097311201    -0.6508162714     0.4053271038
v     0.4965835966    -0.6509092478     0.4053643622
v     0.4825514096     -0.651004814     0.4054026584
v      0.467697185    -0.6511016423     0.4054414603
v     0.4521084687    -0.6511981777     0.4054801449
v     0.4358970438    -0.6512927268     0.4055180335
v     0.4191966975    -0.6513834422     0.4055543858
v     0.4021594295    -0.6514682627     0.4055883758
v     0.3849502678    -0.6515452191     0.4056192145
v      0.367741038    -0.6516124742     0.4056461656
v     0.3507035725    -0.6516681779     0.4056684877
v     0.3340029129    -0.6517109359      0.405685622
v     0.3177910758     -0.651739936     0.4056972433
v     0.3022018771    -0.6517544386     0.4057030549
v     0.2873471364    -0.6517541094     0.4057029229
v     0.2733144301    -0.6517394514      0.405697049
v     0.2601664155    -0.6517113017     0.4056857686
v     0.2479415486    -0.6516703797       0.40566937
v     0.2366558958    -0.6516181294     0.4056484318
v     0.2263057985    -0.6515556123     0.4056233793
v     0.2168709777    -0.6514840923     0.4055947192
v     0.2083178323    -0.6514050443     0.4055630424
v     0.2006027085    -0.6513194373     0.4055287371
v     0.1936748938    -0.6512282341     0.4054921893
v     0.1874793116    -0.6511315958     0.4054534636
v     0.1819587202    -0.6510301619      0.405412816
v     0.1770556161    -0.6509234874     0.4053700684
v     0.1727136843    -0.6508100599     0.4053246147
v     0.1688788564    -0.6506876278     0.4052755526
v     0.1655003534    -0.6505499683     0.4052203884
v     0.1625322416    -0.6503798369     0.4051522117
v     0.1625322416    -0.6496201631     0.4051522117
v     0.1655003534    -0.6494500317     0.4052203884
v     0.1688788564    -0.6493123722     0.4052755526
v     0.1727136843    -0.6491899401     0.4053246147
v     0.1770556161    -0.6490765126     0.4053700684
v     0.1819587202    -0.6489698381      0.405412816
v     0.1874793116    -0.6488684042     0.4054534636
v     0.1936748938    -0.6487717659     0.4054921893
v     0.2006027085    -0.6486805627     0.4055287371
v     0.2083178323    -0.6485949557     0.4055630424
v     0.2168709777    -0.6485159077     0.4055947192
v     0.2263057985    -0.6484443877     0.4056233793
v     0.2366558958    -0.6483818706     0.4056484318
v     0.2479415486    -0.6483296203       0.40566937
v     0.2601664155    -0.6482886983     0.4056857686
v     0.2733144301    -0.6482605486      0.405697049
v     0.2873471364    -0.6482458906     0.4057029229
v     0.3022018771    -0.6482455614     0.4057030549
v     0.3177910758     -0.648260064     0.4056972433
v     0.3340029129    -0.6482890641      0.405685622
v     0.3507035725    -0.6483318221     0.4056684877
v      0.367741038    -0.6483875258     0.4056461656
v     0.3849502678    -0.6484547809     0.4056192145
v     0.4021594295    -0.6485317373     0.4055883758
v     0.4191966975    -0.6486165578     0.4055543858
v     0.4358970438    -0.6487072732     0.4055180335
v     0.4521084687    -0.6488018223     0.4054801449
v      0.467697185    -0.6488983577     0.4054414603
v     0.4825514096     -0.648995186     0.4054026584
v     0.4965835966    -0.6490907522     0.4053643622
v     0.5097311201    -0.6491837286     0.4053271038
v     0.5219555642    -0.6492731089     0.4052912865
v     0.5332408884    -0.6493581107     0.4052572238
v     0.5435907876    -0.6494381512     0.4052251493
v     0.5530255711    -0.6495128403     0.4051952192
v     0.5615788586    -0.6495819698     0.4051675169
v     0.5692943337    -0.6496455031     0.4051420573
v     0.5762227342     -0.649703523      0.405118807
v     0.5824191916    -0.6497562019      0.405097697
v     0.5879409794    -0.6498037818     0.4050786304
v     0.5928456839    -0.6498465539     0.4050614903
v     0.5971897803     -0.649884842     0.4050461472
v     0.6010275757    -0.6499189872     0.4050324642
v     0.6073864857    -0.6500190508     0.4050118851
v     0.6044104708    -0.6500406053     0.4050253321
v     0.6010275757    -0.6500649284     0.4050405064
v     0.5971897803    -0.6500922943      0.405057579
v     0.5928456839    -0.6501229807      0.405076723
v     0.5879409794    -0.6501572607     0.4050981091
v     0.5824191916     -0.650195394      0.405121899
v     0.5762227342     -0.650237614     0.4051482385
v     0.5692943337    -0.6502841145     0.4051772484
v     0.5615788586    -0.6503350339     0.4052090151
v     0.5530255711    -0.6503904383     0.4052435799
v     0.5435907876    -0.6504502985     0.4052809244
v     0.5332408884    -0.6505144476     0.4053209446
v     0.5219555642    -0.6505825731     0.4053634455
v     0.5097311201    -0.6506542077     0.4054081357
v     0.4965835966    -0.6507287244     0.4054546239
v     0.4825514096    -0.6508053168      0.405502407
v      0.467697185    -0.6508829206     0.4055508211
v     0.4521084687    -0.6509602897     0.4055990889
v     0.4358970438    -0.6510360669     0.4056463634
v     0.4191966975    -0.6511087715     0.4056917211
v     0.4021594295    -0.6511767516     0.4057341314
v     0.3849502678     -0.651238429     0.4057726095
v      0.367741038    -0.6512923312     0.4058062371
v     0.3507035725    -0.6513369754      0.405834089
v     0.3340029129    -0.6513712441     0.4058554679
v     0.3177910758    -0.6513944865      0.405869968
v     0.3022018771    -0.6514061098     0.4058772193
v     0.2873471364    -0.6514058459     0.4058770547
v     0.2733144301    -0.6513940981     0.4058697257
v     0.2601664155    -0.6513715373     0.4058556508
v     0.2479415486      -0.65133874     0.4058351898
v     0.2366558958    -0.6512968636     0.4058090647
v     0.2263057985    -0.6512467587     0.4057778061
v     0.2168709777    -0.6511894384     0.4057420462
v     0.2083178323    -0.6511260847     0.4057025222
v     0.2006027085    -0.6510574742     0.4056597186
v     0.1936748938    -0.6509843787      0.405614117
v     0.1874793116    -0.6509069271     0.4055657979
v     0.1819587202     -0.650825632     0.4055150809
v     0.1770556161    -0.6507401369     0.4054617437
v     0.1727136843    -0.6506492294       0.40540503
v     0.1688788564    -0.6505511052     0.4053438139
v     0.1655003534    -0.6504407768     0.4052749841
v     0.1625322416    -0.6503044235     0.4051899184
v     0.1625322416    -0.6496955765     0.4051899184
v     0.1655003534    -0.6495592232     0.4052749841
v     0.1688788564    -0.6494488948     0.4053438139
v     0.1727136843    -0.6493507706       0.40540503
v     0.1770556161    -0.6492598631     0.4054617437
v     0.1819587202     -0.649174368     0.4055150809
v     0.1874793116    -0.6490930729     0.4055657979
v     0.1936748938    -0.6490156213      0.405614117
v     0.2006027085    -0.6489425258     0.4056597186
v     0.2083178323    -0.6488739153     0.4057025222
v     0.2168709777    -0.6488105616     0.4057420462
v     0.2263057985    -0.6487532413     0.4057778061
v     0.2366558958    -0.6487031364     0.4058090647
v     0.2479415486      -0.64866126     0.4058351898
v     0.2601664155    -0.6486284627     0.4058556508
v     0.2733144301    -0.6486059019     0.4058697257
v     0.2873471364    -0.6485941541     0.4058770547
v     0.3022018771    -0.6485938902     0.4058772193
v     0.3177910758    -0.6486055135      0.405869968
v     0.3340029129    -0.6486287559     0.4058554679
v     0.3507035725    -0.6486630246      0.405834089
v      0.367741038    -0.6487076688     0.4058062371
v     0.3849502678     -0.648761571     0.4057726095
v     0.4021594295    -0.6488232484     0.4057341314
v     0.4191966975    -0.6488912285     0.4056917211
v     0.4358970438    -0.6489639331     0.4056463634
v     0.4521084687    -0.6490397103     0.4055990889
v      0.467697185    -0.6491170794     0.4055508211
v     0.4825514096    -0.6491946832      0.405502407
v     0.4965835966    -0.6492712756     0.4054546239
v     0.5097311201    -0.6493457923     0.4054081357
v     0.5219555642    -0.6494174269     0.4053634455
v     0.5332408884    -0.6494855524     0.4053209446
v     0.5435907876    -0.6495497015     0.4052809244
v     0.5530255711    -0.6496095617     0.4052435799
v     0.5615788586    -0.6496649661     0.4052090151
v     0.5692943337    -0.6497158855     0.4051772484
v     0.5762227342     -0.649762386     0.4051482385
v     0.5824191916     -0.649804606      0.405121899
v     0.5879409794    -0.6498427393     0.4050981091
v     0.5928456839    -0.6498770193      0.405076723
v     0.5971897803    -0.6499077057      0.405057579
v     0.6010275757    -0.6499350716     0.4050405064
v     0.6044104708    -0.6499593947     0.4050253321
v     0.6073864857    -0.6499809492     0.4050118851
v     0.6010275757    -0.6500456479     0.4050466379
v     0.5971897803    -0.6500648876     0.4050662948
v     0.5928456839    -0.6500864616     0.4050883367
v     0.5879409794    -0.6501105622       0.40511296
v     0.5824191916    -0.6501373718     0.4051403511
v     0.5762227342    -0.6501670546     0.4051706776
v     0.5692943337    -0.6501997468     0.4052040788
v     0.5615788586    -0.6502355457     0.4052406541
v     0.5530255711    -0.6502744978     0.4052804509
v     0.5435907876    -0.6503165825     0.4053234484
v     0.5332408884    -0.6503616826     0.4053695265
v     0.5219555642    -0.6504095782     0.4054184609
v     0.5097311201    -0.6504599409     0.4054699159
v     0.4965835966    -0.6505123299     0.4055234411
v     0.4825514096    -0.6505661782     0.4055784572
v      0.467697185    -0.6506207376     0.4056341998
v     0.4521084687     -0.650675132     0.4056897739
v     0.4358970438    -0.6507284072     0.4057442045
v     0.4191966975    -0.6507795222     0.4057964281
v     0.4021594295    -0.6508273156      0.405845258
v     0.3849502678    -0.6508706779     0.4058895607
v      0.367741038    -0.6509085738     0.4059282785
v     0.3507035725     -0.650939961     0.4059603464
v     0.3340029129    -0.6509640536     0.4059849615
v     0.3177910758    -0.6509803942     0.4060016565
v     0.3022018771    -0.6509885659     0.4060100054
v     0.2873471364    -0.6509883804     0.4060098159
v     0.2733144301    -0.6509801211     0.4060013775
v     0.2601664155    -0.6509642597     0.4059851721
v     0.2479415486    -0.6509412016     0.4059616139
v     0.2366558958    -0.6509117603     0.4059315341
v     0.2263057985    -0.6508765341     0.4058955439
v     0.2168709777    -0.6508362351     0.4058543709
v     0.2083178323    -0.6507916942     0.4058088641
v     0.2006027085    -0.6507434576     0.4057595813
v     0.1936748938    -0.6506920677     0.4057070769
v     0.1874793116    -0.6506376154     0.4056514437
v     0.1819587202    -0.6505804608     0.4055930496
v     0.1770556161    -0.6505203535     0.4055316386
v     0.1727136843     -0.650456441       0.40546634
v     0.1688788564    -0.6503874547     0.4053958576
v     0.1655003534    -0.6503098882     0.4053166089
v     0.1625322416     -0.650214025     0.4052186667
v     0.1625322416     -0.649785975     0.4052186667
v     0.1655003534    -0.6496901118     0.4053166089
v     0.1688788564    -0.6496125453     0.4053958576
v     0.1727136843     -0.649543559       0.40546634
v     0.1770556161    -0.6494796465     0.4055316386
v     0.1819587202    -0.6494195392     0.4055930496
v     0.1874793116    -0.6493623846     0.4056514437
v     0.1936748938    -0.6493079323     0.4057070769
v     0.2006027085    -0.6492565424     0.4057595813
v     0.2083178323    -0.6492083058     0.4058088641
v     0.2168709777    -0.6491637649     0.4058543709
v     0.2263057985    -0.6491234659     0.4058955439
v     0.2366558958    -0.6490882397     0.4059315341
v     0.2479415486    -0.6490587984     0.4059616139
v     0.2601664155    -0.6490357403     0.4059851721
v     0.2733144301    -0.6490198789     0.4060013775
v     0.2873471364    -0.6490116196     0.4060098159
v     0.3022018771    -0.6490114341     0.4060100054
v     0.3177910758    -0.6490196058     0.4060016565
v     0.3340029129    -0.6490359464     0.4059849615
v     0.3507035725     -0.649060039     0.4059603464
v      0.367741038    -0.6490914262     0.4059282785
v     0.3849502678    -0.6491293221     0.4058895607
v     0.4021594295    -0.6491726844      0.405845258
v     0.4191966975    -0.6492204778     0.4057964281
v     0.4358970438    -0.6492715928     0.4057442045
v     0.4521084687     -0.649324868     0.4056897739
v      0.467697185    -0.6493792624     0.4056341998
v     0.4825514096    -0.6494338218     0.4055784572
v     0.4965835966    -0.6494876701     0.4055234411
v     0.5097311201    -0.6495400591     0.4054699159
v     0.5219555642    -0.6495904218     0.4054184609
v     0.5332408884    -0.6496383174     0.4053695265
v     0.5435907876    -0.6496834175     0.4053234484
v     0.5530255711    -0.6497255022     0.4052804509
v     0.5615788586    -0.6497644543     0.4052406541
v     0.5692943337    -0.6498002532     0.4052040788
v     0.5762227342    -0.6498329454     0.4051706776
v     0.5824191916    -0.6498626282     0.4051403511
v     0.5879409794    -0.6498894378       0.40511296
v     0.5928456839    -0.6499135384     0.4050883367
v     0.5971897803    -0.6499351124     0.4050662948
v     0.6010275757    -0.6499543521     0.4050466379
v     0.6044104708    -0.6500148821     0.4050316108
v     0.6010275757    -0.6500237967     0.4050505461
v     0.5971897803    -0.6500338265     0.4050718502
v     0.5928456839    -0.6500450732     0.4050957392
v     0.5879409794    -0.6500576371     0.4051224259
v     0.5824191916    -0.6500716132     0.4051521123
v     0.5762227342    -0.6500870872     0.4051849802
v     0.5692943337    -0.6501041299     0.4052211803
v     0.5615788586    -0.6501227922     0.4052608205
v     0.5530255711    -0.6501430983     0.4053039523
v     0.5435907876    -0.6501650375     0.4053505529
v     0.5332408884    -0.6501885485     0.4054004923
v     0.5219555642     -0.650213517     0.4054535273
v     0.5097311201    -0.6502397715     0.4055092941
v     0.4965835966    -0.6502670824     0.4055673046
v     0.4825514096    -0.6502951541      0.405626931
v      0.467697185    -0.6503235964     0.4056873448
v     0.4521084687    -0.6503519527     0.4057475759
v     0.4358970438    -0.6503797256     0.4058065677
v     0.4191966975    -0.6504063723     0.4058631675
v     0.4021594295    -0.6504312875     0.4059160894
v     0.3849502678    -0.6504538926     0.4059641046
v      0.367741038    -0.6504736481     0.4060060669
v     0.3507035725    -0.6504900106      0.406040822
v     0.3340029129    -0.6505025703     0.4060674998
v     0.3177910758    -0.6505110888     0.4060855938
v     0.3022018771    -0.6505153488     0.4060946424
v     0.2873471364    -0.6505152521      0.406094437
v     0.2733144301    -0.6505109464     0.4060852914
v     0.2601664155    -0.6505026777      0.406067728
v     0.2479415486    -0.6504906573     0.4060421957
v     0.2366558958    -0.6504753093     0.4060095953
v     0.2263057985    -0.6504569455     0.4059705892
v     0.2168709777    -0.6504359373     0.4059259659
v     0.2083178323    -0.6504127177     0.4058766457
v     0.2006027085    -0.6503875715     0.4058232331
v     0.1936748938    -0.6503607815     0.4057663289
v     0.1874793116    -0.6503323949     0.4057060337
v     0.1819587202    -0.6503025997     0.4056427463
v     0.1770556161    -0.6502712652     0.4055761891
v     0.1727136843     -0.650237947     0.4055054186
v     0.1688788564    -0.6502019838     0.4054290299
v     0.1655003534    -0.6501615477     0.4053431403
v     0.1625322416    -0.6501115733     0.4052369906
v     0.1625322416    -0.6498884267     0.4052369906
v     0.1655003534    -0.6498384523     0.4053431403
v     0.1688788564    -0.6497980162     0.4054290299
v     0.1727136843     -0.649762053     0.4055054186
v     0.1770556161    -0.6497287348     0.4055761891
v     0.1819587202    -0.6496974003     0.4056427463
v     0.1874793116    -0.6496676051     0.4057060337
v     0.1936748938    -0.6496392185     0.4057663289
v     0.2006027085    -0.6496124285     0.4058232331
v     0.2083178323    -0.6495872823     0.4058766457
v     0.2168709777    -0.6495640627     0.4059259659
v     0.2263057985    -0.6495430545     0.4059705892
v     0.2366558958    -0.6495246907     0.4060095953
v     0.2479415486    -0.6495093427     0.4060421957
v     0.2601664155    -0.6494973223      0.406067728
v     0.2733144301    -0.6494890536     0.4060852914
v     0.2873471364    -0.6494847479      0.406094437
v     0.3022018771    -0.6494846512     0.4060946424
v     0.3177910758    -0.6494889112     0.4060855938
v     0.3340029129    -0.6494974297     0.4060674998
v     0.3507035725    -0.6495099894      0.406040822
v      0.367741038    -0.6495263519     0.4060060669
v     0.3849502678    -0.6495461074     0.4059641046
v     0.4021594295    -0.6495687125     0.4059160894
v     0.4191966975    -0.6495936277     0.4058631675
v     0.4358970438    -0.6496202744     0.4058065677
v     0.4521084687    -0.6496480473     0.4057475759
v      0.467697185    -0.6496764036     0.4056873448
v     0.4825514096    -0.6497048459      0.405626931
v     0.4965835966    -0.6497329176     0.4055673046
v     0.5097311201    -0.6497602285     0.4055092941
v     0.5219555642     -0.649786483     0.4054535273
v     0.5332408884    -0.6498114515     0.4054004923
v     0.5435907876    -0.6498349625     0.4053505529
v     0.5530255711    -0.6498569017     0.4053039523
v     0.5615788586    -0.6498772078     0.4052608205
v     0.5692943337    -0.6498958701     0.4052211803
v     0.5762227342    -0.6499129128     0.4051849802
v     0.5824191916    -0.6499283868     0.4051521123
v     0.5879409794    -0.6499423629     0.4051224259
v     0.5928456839    -0.6499549268     0.4050957392
v     0.5971897803    -0.6499661735     0.4050718502
v     0.6010275757    -0.6499762033     0.4050505461
v     0.6044104708    -0.6499851179     0.4050316108
v     0.6073864857            -0.65     0.4050152335
v     0.6010275757            -0.65     0.4050519183
v     0.5971897803            -0.65     0.4050738008
v     0.5928456839            -0.65     0.4050983383
v     0.5879409794            -0.65     0.4051257495
v     0.5824191916            -0.65     0.4051562418
v     0.5762227342            -0.65     0.4051900019
v     0.5692943337            -0.65     0.4052271849
v     0.5615788586            -0.65     0.4052679012
v     0.5530255711            -0.65     0.4053122039
v     0.5435907876            -0.65     0.4053600696
v     0.5332408884            -0.65     0.4054113647
v     0.5219555642            -0.65     0.4054658395
v     0.5097311201            -0.65     0.4055231202
v     0.4965835966            -0.65     0.4055827056
v     0.4825514096            -0.65     0.4056439507
v      0.467697185            -0.65     0.4057060046
v     0.4521084687            -0.65     0.4057678709
v     0.4358970438            -0.65     0.4058284641
v     0.4191966975            -0.65     0.4058866005
v     0.4021594295            -0.65      0.405940959
v     0.3849502678            -0.65     0.4059902777
v      0.367741038            -0.65     0.4060333792
v     0.3507035725            -0.65     0.4060690778
v     0.3340029129            -0.65     0.4060964799
v     0.3177910758            -0.65     0.4061150651
v     0.3022018771            -0.65     0.4061243593
v     0.2873471364            -0.65     0.4061241483
v     0.2733144301            -0.65     0.4061147545
v     0.2601664155            -0.65     0.4060967143
v     0.2479415486            -0.65     0.4060704888
v     0.2366558958            -0.65     0.4060370034
v     0.2263057985            -0.65     0.4059969384
v     0.2168709777            -0.65     0.4059511037
v     0.2083178323            -0.65     0.4059004445
v     0.2006027085            -0.65     0.4058455819
v     0.1936748938            -0.65     0.4057871329
v     0.1874793116            -0.65     0.4057252008
v     0.1819587202            -0.65     0.4056601953
v     0.1770556161            -0.65     0.4055918313
v     0.1727136843            -0.65     0.4055191395
v     0.1688788564            -0.65      0.405440677
v     0.1655003534            -0.65     0.4053524557
v     0.1625322416            -0.65     0.4052434244
v            0.165             0.05             0.44
v     0.1553146658    0.03748477173     0.4349133371
v     0.1548421463    0.03706460017             0.44
v     0.1490803681    0.02409152704     0.4314273437
v     0.1483366013    0.02356560447             0.44
v       0.14633362    0.01255330152     0.4295106623
v     0.1454919924    0.01223977499             0.44
v     0.1451710455  5.122485215e-18     0.4288756109
v     0.1442893219  5.431467694e-18             0.44
v     0.1454919924   -0.01223977499             0.44
v       0.14633362   -0.01255330152     0.4295106623
v     0.1483366013   -0.02356560447             0.44
v     0.1490803681   -0.02409152704     0.4314273437
v     0.1548421463   -0.03706460017             0.44
v     0.1553146658   -0.03748477173     0.4349133371
v            0.165            -0.05             0.44
v     0.1553146658   -0.03748477173     0.4450866629
v     0.1490803681   -0.02409152704     0.4485726563
v       0.14633362   -0.01255330152     0.4504893377
v     0.1451710455  5.277978279e-18     0.4511243891
v       0.14633362    0.01255330152     0.4504893377
v     0.1490803681    0.02409152704     0.4485726563
v     0.1553146658    0.03748477173     0.4450866629
v     0.1566660189    0.03868525694     0.4302375662
v     0.1512344377    0.02561468427     0.4233604277
v     0.1487971955    0.01346894188      0.419443744
v     0.1477629198  4.287261548e-18     0.4181204128
v     0.1487971955   -0.01346894188      0.419443744
v     0.1512344377   -0.02561468427     0.4233604277
v     0.1566660189   -0.03868525694     0.4302375662
v     0.1566660189   -0.03868525694     0.4497624338
v     0.1512344377   -0.02561468427     0.4566395723
v     0.1487971955   -0.01346894188      0.460556256
v     0.1477629198   4.75374074e-18     0.4618795872
v     0.1487971955    0.01346894188      0.460556256
v     0.1512344377    0.02561468427     0.4566395723
v     0.1566660189    0.03868525694     0.4497624338
v     0.1587968976    0.04057601161      0.426159681
v     0.1546829638    0.02805316044     0.4160449992
v      0.152790758    0.01494928724     0.4100146794
v     0.1519850002  3.063382351e-18     0.4079274092
v      0.152790758   -0.01494928724     0.4100146794
v     0.1546829638   -0.02805316044     0.4160449992
v     0.1587968976   -0.04057601161      0.426159681
v     0.1587968976   -0.04057601161      0.453840319
v     0.1546829638   -0.02805316044     0.4639550008
v      0.152790758   -0.01494928724     0.4699853206
v     0.1519850002   3.76310114e-18     0.4720725908
v      0.152790758    0.01494928724     0.4699853206
v     0.1546829638    0.02805316044     0.4639550008
v     0.1587968976    0.04057601161      0.453840319
v      0.161607994    0.04306699153     0.4228666752
v        0.1593101    0.03132503983     0.4097268053
v     0.1582223465    0.01695692874     0.4014389025
v     0.1577573418  1.588433283e-18     0.3984896037
v     0.1582223465   -0.01695692874     0.4014389025
v        0.1593101   -0.03132503983     0.4097268053
v      0.161607994   -0.04306699153     0.4228666752
v      0.161607994   -0.04306699153     0.4571333248
v        0.1593101   -0.03132503983     0.4702731947
v     0.1582223465   -0.01695692874     0.4785610975
v     0.1577573418  2.210405539e-18     0.4815103963
v     0.1582223465    0.01695692874     0.4785610975
v        0.1593101    0.03132503983     0.4702731947
v      0.161607994    0.04306699153     0.4571333248
v            0.165    0.04606815252     0.4205455425
v            0.165    0.03534840671     0.4046515933
v            0.165    0.01945445755     0.3939318475
v            0.165                0             0.39
v            0.165   -0.01945445755     0.3939318475
v            0.165   -0.03534840671     0.4046515933
v            0.165   -0.04606815252     0.4205455425
v            0.165   -0.04606815252     0.4594544575
v            0.165   -0.03534840671     0.4753484067
v            0.165   -0.01945445755     0.4860681525
v            0.165                0             0.49
v            0.165    0.01945445755     0.4860681525
v            0.165    0.03534840671     0.4753484067
v            0.165    0.04606815252     0.4594544575
v     0.1765591497    0.06098019161     0.4405612419
v     0.1766564516    0.05619909678     0.4170676768
v     0.1767359455    0.04311240789     0.3977508629
v     0.1767895605    0.02365979061     0.3847557672
v     0.1768092257 -1.966643789e-18     0.3800082674
v     0.1767895605   -0.02365979061     0.3847557672
v     0.1767359455   -0.04311240789     0.3977508629
v     0.1766564516   -0.05619909678     0.4170676768
v     0.1765591497   -0.06098019161     0.4405612419
v     0.1764618479   -0.05619909678      0.464054807
v     0.1763823539   -0.04311240789     0.4833716209
v     0.1763287389   -0.02365979061     0.4963667166
v     0.1763090737 -3.161685709e-18     0.5011142164
v     0.1763287389    0.02365979061     0.4963667166
v     0.1763823539    0.04311240789     0.4833716209
v     0.1764618479    0.05619909678      0.464054807
v     0.1893871606    0.07207862949     0.4421796803
v     0.1897622151     0.0664359206     0.4148948098
v      0.190068628    0.05095971254     0.3923841519
v     0.1902752895    0.02792559444     0.3772609939
v       0.19035109 -3.508395401e-18     0.3717477787
v     0.1902752895   -0.02792559444     0.3772609939
v      0.190068628   -0.05095971254     0.3923841519
v     0.1897622151    -0.0664359206     0.4148948098
v     0.1893871606   -0.07207862949     0.4421796803
v     0.1890121061    -0.0664359206     0.4694645508
v     0.1887056932   -0.05095971254     0.4919752088
v     0.1884990317   -0.02792559444     0.5070983667
v     0.1884232312 -5.640291172e-18      0.512611582
v     0.1884990317    0.02792559444     0.5070983667
v     0.1887056932    0.05095971254     0.4919752088
v     0.1890121061     0.0664359206     0.4694645508
v     0.2033917146    0.08321394756     0.4447573843
v     0.2042037429    0.07670391922     0.4139256413
v     0.2048671557    0.05883282253     0.3884451302
v     0.2053145975    0.03221897074     0.3713384202
v     0.2054787127 -4.661674167e-18     0.3651087579
v     0.2053145975   -0.03221897074     0.3713384202
v     0.2048671557   -0.05883282253     0.3884451302
v     0.2042037429   -0.07670391922     0.4139256413
v     0.2033917146   -0.08321394756     0.4447573843
v     0.2025796863   -0.07670391922     0.4755891273
v     0.2019162734   -0.05883282253     0.5010696384
v     0.2014688316   -0.03221897074     0.5181763484
v     0.2013047165 -7.494366124e-18     0.5244060107
v     0.2014688316    0.03221897074     0.5181763484
v     0.2019162734    0.05883282253     0.5010696384
v     0.2025796863    0.07670391922     0.4755891273
v     0.2184804935     0.0943047797     0.4481964229
v     0.2198674874    0.08692838792     0.4140588714
v      0.221000637    0.06667423972     0.3858274678
v     0.2217648948    0.03650702119     0.3668789388
v     0.2220452135 -5.462899414e-18     0.3599814292
v     0.2217648948   -0.03650702119     0.3668789388
v      0.221000637   -0.06667423972     0.3858274678
v     0.2198674874   -0.08692838792     0.4140588714
v     0.2184804935    -0.0943047797     0.4481964229
v     0.2170934996   -0.08692838792     0.4823339744
v       0.21596035   -0.06667423972      0.510565378
v     0.2151960922   -0.03650702119      0.529513907
v     0.2149157734 -8.782460302e-18     0.5364114166
v     0.2151960922    0.03650702119      0.529513907
v       0.21596035    0.06667423972      0.510565378
v     0.2170934996    0.08692838792     0.4823339744
v     0.2345611793     0.1052697598     0.4523988651
v      0.236639901    0.09703462197     0.4151931998
v       0.23833818    0.07442646597     0.3844248347
v      0.239483592    0.04075684751     0.3637734421
v     0.2399037125 -5.948490473e-18     0.3562560167
v      0.239483592   -0.04075684751     0.3637734421
v       0.23833818   -0.07442646597     0.3844248347
v      0.236639901   -0.09703462197     0.4151931998
v     0.2345611793    -0.1052697598     0.4523988651
v     0.2324824575   -0.09703462197     0.4896045304
v     0.2307841785   -0.07442646597     0.5203728956
v     0.2296387665   -0.04075684751     0.5410242882
v      0.229218646  -9.56312344e-18     0.5485417135
v     0.2296387665    0.04075684751     0.5410242882
v     0.2307841785    0.07442646597     0.5203728956
v     0.2324824575    0.09703462197     0.4896045304
v     0.2515414538     0.1160275218     0.4572667801
v     0.2544074361     0.1069479166     0.4172273267
v     0.2567488931    0.08203200313     0.3841309008
v     0.2583280994    0.04493555138     0.3619128228
v     0.2589073294 -6.154866673e-18     0.3538227447
v     0.2583280994   -0.04493555138     0.3619128228
v     0.2567488931   -0.08203200313     0.3841309008
v     0.2544074361    -0.1069479166     0.4172273267
v     0.2515414538    -0.1160275218     0.4572667801
v     0.2486754715    -0.1069479166     0.4973062334
v     0.2463340144   -0.08203200313     0.5304026593
v     0.2447548081   -0.04493555138     0.5526207373
v     0.2441755782 -9.894905274e-18     0.5607108155
v     0.2447548081    0.04493555138     0.5526207373
v     0.2463340144    0.08203200313     0.5304026593
v     0.2486754715     0.1069479166     0.4973062334
v     0.2693289989     0.1264966995     0.4627022368
v      0.273056545     0.1165935672      0.420059952
v     0.2761018845    0.08943335308     0.3848393362
v     0.2781558275    0.04901023449     0.3611879736
v     0.2789091841 -6.118447344e-18     0.3525718371
v     0.2781558275   -0.04901023449     0.3611879736
v     0.2761018845   -0.08943335308     0.3848393362
v      0.273056545    -0.1165935672      0.420059952
v     0.2693289989    -0.1264966995     0.4627022368
v     0.2656014528    -0.1165935672     0.5053445216
v     0.2625561133   -0.08943335308     0.5405651374
v     0.2605021703   -0.04901023449        0.5642165
v     0.2597488138 -9.836355538e-18     0.5728326365
v     0.2605021703    0.04901023449        0.5642165
v     0.2625561133    0.08943335308     0.5405651374
v     0.2656014528     0.1165935672     0.5053445216
v     0.2878314966     0.1365959269     0.4686073043
v     0.2924736803     0.1258968689     0.4235897757
v     0.2962662625    0.09657301767     0.3864438107
v     0.2988241868    0.05294799855     0.3614897869
v     0.2997623964 -5.875651814e-18     0.3523935183
v     0.2988241868   -0.05294799855     0.3614897869
v     0.2962662625   -0.09657301767     0.3864438107
v     0.2924736803    -0.1258968689     0.4235897757
v     0.2878314966    -0.1365959269     0.4686073043
v     0.2831893129    -0.1258968689      0.513624833
v     0.2793967306   -0.09657301767     0.5507707979
v     0.2768388064   -0.05294799855     0.5757248217
v     0.2759005968 -9.446023969e-18     0.5848210903
v     0.2768388064    0.05294799855     0.5757248217
v     0.2793967306    0.09657301767     0.5507707979
v     0.2831893129     0.1258968689      0.513624833
v     0.3069566287     0.1462438379     0.4748840517
v     0.3125452941      0.134783117     0.4277154976
v     0.3171111354     0.1033934988     0.3888379945
v     0.3201905877    0.05671594524     0.3627091555
v     0.3213200861 -5.462899414e-18     0.3531780122
v     0.3201905877   -0.05671594524     0.3627091555
v     0.3171111354    -0.1033934988     0.3888379945
v     0.3125452941     -0.134783117     0.4277154976
v     0.3069566287    -0.1462438379     0.4748840517
v     0.3013679632     -0.134783117     0.5220526057
v      0.296802122    -0.1033934988     0.5609301089
v     0.2937226697   -0.05671594524     0.5870589478
v     0.2925931712 -8.782460302e-18     0.5965900911
v     0.2937226697    0.05671594524     0.5870589478
v      0.296802122     0.1033934988     0.5609301089
v     0.3013679632      0.134783117     0.5220526057
v     0.3266120771     0.1553590663     0.4814345479
v     0.3331578391     0.1431776068     0.4323358178
v     0.3385056114     0.1098372982     0.3919155573
v     0.3421124406    0.06028117627     0.3647369718
v     0.3434353732 -4.916609473e-18     0.3548155431
v     0.3421124406   -0.06028117627     0.3647369718
v     0.3385056114    -0.1098372982     0.3919155573
v     0.3331578391    -0.1431776068     0.4323358178
v     0.3266120771    -0.1553590663     0.4814345479
v     0.3200663151    -0.1431776068     0.5305332781
v     0.3147185428    -0.1098372982     0.5709535385
v     0.3111117136   -0.06028117627      0.598132124
v     0.3097887809 -7.904214272e-18     0.6080535527
v     0.3111117136    0.06028117627      0.598132124
v     0.3147185428     0.1098372982     0.5709535385
v     0.3200663151     0.1431776068     0.5305332781
v     0.3467055237      0.163860246     0.4881608621
v     0.3541977675     0.1510056335     0.4373494362
v     0.3603187988     0.1158469179     0.3955701693
v     0.3644471559    0.06361079332     0.3674641286
v     0.3659613775 -4.273201319e-18     0.3571963351
v     0.3644471559   -0.06361079332     0.3674641286
v     0.3603187988    -0.1158469179     0.3955701693
v     0.3541977675    -0.1510056335     0.4373494362
v     0.3467055237     -0.163860246     0.4881608621
v     0.3392132799    -0.1510056335     0.5389722881
v     0.3330922486    -0.1158469179     0.5807515549
v     0.3289638914   -0.06361079332     0.6088575957
v     0.3274496698 -6.869835614e-18     0.6191253891
v     0.3289638914    0.06361079332     0.6088575957
v     0.3330922486     0.1158469179     0.5807515549
v     0.3392132799     0.1510056335     0.5389722881
v     0.3671446504      0.171666011     0.4949650633
v     0.3755515318     0.1581924925     0.4426550528
v     0.3824198058     0.1213648597     0.3996955004
v     0.3870521442     0.0666718981     0.3707815183
v     0.3887512189 -3.569094284e-18     0.3602106123
v     0.3870521442    -0.0666718981     0.3707815183
v     0.3824198058    -0.1213648597     0.3996955004
v     0.3755515318    -0.1581924925     0.4426550528
v     0.3671446504     -0.171666011     0.4949650633
v      0.358737769    -0.1581924925     0.5472750739
v      0.351869495    -0.1213648597     0.5902346263
v     0.3472371565    -0.0666718981     0.6191486083
v     0.3455380819 -5.737874064e-18     0.6297195143
v     0.3472371565     0.0666718981     0.6191486083
v      0.351869495     0.1213648597     0.5902346263
v      0.358737769     0.1581924925     0.5472750739
v     0.3878371391     0.1786949951     0.5017492206
v     0.3971055842      0.164663479     0.4481513675
v     0.4046777407     0.1263336254     0.4041852205
v     0.4097848159    0.06943159229     0.3745800337
v     0.4116580171 -2.840707695e-18     0.3637485989
v     0.4097848159   -0.06943159229     0.3745800337
v     0.4046777407    -0.1263336254     0.4041852205
v     0.3971055842     -0.164663479     0.4481513675
v     0.3878371391    -0.1786949951     0.5017492206
v     0.3785686939     -0.164663479     0.5553470736
v     0.3709965374    -0.1263336254     0.5993132206
v     0.3658894622   -0.06943159229     0.6289184074
v      0.364016261 -4.566879357e-18     0.6397498422
v     0.3658894622    0.06943159229     0.6289184074
v     0.3709965374     0.1263336254     0.5993132206
v     0.3785686939      0.164663479     0.5553470736
v     0.4086906716     0.1848658323     0.5084154029
v     0.4187463774     0.1703438882     0.4537370803
v     0.4269617119     0.1306957169     0.4089329996
v     0.4325025813     0.0718569776     0.3787505672
v      0.434534892 -2.124460883e-18     0.3677005191
v     0.4325025813    -0.0718569776     0.3787505672
v     0.4269617119    -0.1306957169     0.4089329996
v     0.4187463774    -0.1703438882     0.4537370803
v     0.4086906716    -0.1848658323     0.5084154029
v     0.3986349658    -0.1703438882     0.5630937254
v     0.3904196313    -0.1306957169     0.6078978061
v     0.3848787619    -0.0718569776     0.6380802385
v     0.3828464512 -3.415401229e-18     0.6491302867
v     0.3848787619     0.0718569776     0.6380802385
v     0.3904196313     0.1306957169     0.6078978061
v     0.3986349658     0.1703438882     0.5630937254
v     0.4296129299     0.1900971564     0.5148656794
v     0.4403603635     0.1751590155     0.4593108912
v     0.4491408275     0.1343936361     0.4138325078
v      0.455062851    0.07391515572     0.3831840116
v     0.4572349635 -1.456773177e-18     0.3719565968
v      0.455062851   -0.07391515572     0.3831840116
v     0.4491408275    -0.1343936361     0.4138325078
v     0.4403603635    -0.1751590155     0.4593108912
v     0.4296129299    -0.1900971564     0.5148656794
v     0.4188654963    -0.1751590155     0.5704204675
v     0.4100850324    -0.1343936361     0.6158988509
v     0.4041630088   -0.07391515572     0.6465473471
v     0.4019908964 -2.341989414e-18     0.6577747619
v     0.4041630088    0.07391515572     0.6465473471
v     0.4100850324     0.1343936361     0.6158988509
v     0.4188654963     0.1751590155     0.5704204675
v     0.4505115959     0.1943076013      0.521002119
v     0.4618339951      0.179034156     0.4647715002
v     0.4710841958     0.1373698849     0.4187774149
v     0.4773230354    0.07557322835     0.3877712594
v     0.4796113514 -8.740639063e-19     0.3764070564
v     0.4773230354   -0.07557322835     0.3877712594
v     0.4710841958    -0.1373698849     0.4187774149
v     0.4618339951     -0.179034156     0.4647715002
v     0.4505115959    -0.1943076013      0.521002119
v     0.4391891967     -0.179034156     0.5772327379
v      0.429938996    -0.1373698849     0.6232268231
v     0.4237001564   -0.07557322835     0.6542329787
v     0.4214118404 -1.405193648e-18     0.6655971816
v     0.4237001564    0.07557322835     0.6542329787
v      0.429938996     0.1373698849     0.6232268231
v     0.4391891967      0.179034156     0.5772327379
v     0.4712943514      0.197415801     0.5267267909
v     0.4830537245     0.1818946051     0.4700176071
v     0.4926609251      0.139566965      0.423661391
v      0.499140545    0.07679829717     0.3924032031
v     0.5015171757 -4.127524002e-19      0.380942122
v      0.499140545   -0.07679829717     0.3924032031
v     0.4926609251     -0.139566965      0.423661391
v     0.4830537245    -0.1818946051     0.4700176071
v     0.4712943514     -0.197415801     0.5267267909
v     0.4595349784    -0.1818946051     0.5834359747
v     0.4499277778     -0.139566965     0.6297921908
v     0.4434481579   -0.07679829717     0.6610503787
v     0.4410715272 -6.635636673e-19     0.6725114598
v     0.4434481579    0.07679829717     0.6610503787
v     0.4499277778      0.139566965     0.6297921908
v     0.4595349784     0.1818946051     0.5834359747
v     0.4918688784     0.1993403892     0.5319417641
v      0.503906004      0.183665658     0.4749479119
v     0.5137401237     0.1409273783      0.428378106
v     0.5203727901    0.07755746388     0.3969707355
v      0.522805556 -1.092579883e-19     0.3854520176
v     0.5203727901   -0.07755746388     0.3969707355
v     0.5137401237    -0.1409273783      0.428378106
v      0.503906004     -0.183665658     0.4749479119
v     0.4918688784    -0.1993403892     0.5319417641
v     0.4798317528     -0.183665658     0.5889356162
v     0.4699976332    -0.1409273783     0.6355054221
v     0.4633649668   -0.07755746388     0.6669127927
v     0.4609322008  -1.75649206e-19     0.6784315105
v     0.4633649668    0.07755746388     0.6669127927
v     0.4699976332     0.1409273783     0.6355054221
v     0.4798317528      0.183665658     0.5889356162
v     0.5121428587              0.2     0.5365491076
v     0.5242772862     0.1842726101     0.4794611147
v     0.5341908998     0.1413936268       0.43282123
v     0.5408771812    0.07781783019      0.401364749
v     0.5433296124                0     0.3898269675
v     0.5408771812   -0.07781783019      0.401364749
v     0.5341908998    -0.1413936268       0.43282123
v     0.5242772862    -0.1842726101     0.4794611147
v     0.5121428587             -0.2     0.5365491076
v     0.5000084313    -0.1842726101     0.5936371005
v     0.4900948177    -0.1413936268     0.6402769852
v     0.4834085363   -0.07781783019     0.6717334661
v     0.4809561051                0     0.6832712477
v     0.4834085363    0.07781783019     0.6717334661
v     0.4900948177     0.1413936268     0.6402769852
v     0.5000084313     0.1842726101     0.5936371005
v      0.540768668              0.2     0.5422947522
v     0.5528003589     0.1842726101     0.4851914052
v     0.5626300385     0.1413936268     0.4385389765
v     0.5692597104    0.07781783019     0.4070740352
v      0.571691378  5.816743591e-36     0.3955331505
v     0.5692597104   -0.07781783019     0.4070740352
v     0.5626300385    -0.1413936268     0.4385389765
v     0.5528003589    -0.1842726101     0.4851914052
v      0.540768668             -0.2     0.5422947522
v      0.528736977    -0.1842726101     0.5993980992
v     0.5189072974    -0.1413936268      0.646050528
v     0.5122776255   -0.07781783019     0.6775154692
v     0.5098459579                0     0.6890563539
v     0.5122776255    0.07781783019     0.6775154692
v     0.5189072974     0.1413936268      0.646050528
v      0.528736977     0.1842726101     0.5993980992
v     0.5719087755              0.2     0.5479313348
v     0.5836528042     0.1842726101     0.4907849964
v     0.5932474689     0.1413936268     0.4440974444
v     0.5997186338    0.07781783019     0.4126088141
v     0.6020921633  2.147720711e-35     0.4010592406
v     0.5997186338   -0.07781783019     0.4126088141
v     0.5932474689    -0.1413936268     0.4440974444
v     0.5836528042    -0.1842726101     0.4907849964
v     0.5719087755             -0.2     0.5479313348
v     0.5601647467    -0.1842726101     0.6050776732
v      0.550570082    -0.1413936268     0.6517652251
v     0.5440989171   -0.07781783019     0.6832538554
v     0.5417253876                0     0.6948034289
v     0.5440989171    0.07781783019     0.6832538554
v      0.550570082     0.1413936268     0.6517652251
v     0.5601647467     0.1842726101     0.6050776732
v     0.6052641478              0.2     0.5534469314
v     0.6165664096     0.1842726101     0.4962345704
v     0.6258001584     0.1413936268     0.4494930793
v      0.632027902    0.07781783019     0.4179680694
v     0.6343121481  4.429673966e-35     0.4064051524
v      0.632027902   -0.07781783019     0.4179680694
v     0.6258001584    -0.1413936268     0.4494930793
v     0.6165664096    -0.1842726101     0.4962345704
v     0.6052641478             -0.2     0.5534469314
v      0.593961886    -0.1842726101     0.6106592923
v     0.5847281372    -0.1413936268     0.6574007835
v     0.5785003936   -0.07781783019     0.6889257933
v     0.5762161475                0     0.7004887103
v     0.5785003936    0.07781783019     0.6889257933
v     0.5847281372     0.1413936268     0.6574007835
v      0.593961886     0.1842726101     0.6106592923
v     0.6405357514              0.2     0.5588296182
v     0.6512729624     0.1842726101     0.5015328099
v     0.6600450747     0.1413936268     0.4547223267
v     0.6659614654    0.07781783019     0.4231507848
v     0.6681315119  7.159069035e-35     0.4115708006
v     0.6659614654   -0.07781783019     0.4231507848
v     0.6600450747    -0.1413936268     0.4547223267
v     0.6512729624    -0.1842726101     0.5015328099
v     0.6405357514             -0.2     0.5588296182
v     0.6297985404    -0.1842726101     0.6161264266
v     0.6210264282    -0.1413936268     0.6629369098
v     0.6151100374   -0.07781783019     0.6945084516
v      0.612939991                0     0.7060884359
v     0.6151100374    0.07781783019     0.6945084516
v     0.6210264282     0.1413936268     0.6629369098
v     0.6297985404     0.1842726101     0.6161264266
v      0.677424553              0.2     0.5640674716
v     0.6875042503     0.1842726101     0.5066723972
v     0.6957391855     0.1413936268     0.4597816323
v     0.7012932747    0.07781783019     0.4281559441
v     0.7033304342  1.006744083e-34     0.4165560998
v     0.7012932747   -0.07781783019     0.4281559441
v     0.6957391855    -0.1413936268     0.4597816323
v     0.6875042503    -0.1842726101     0.5066723972
v      0.677424553             -0.2     0.5640674716
v     0.6673448556    -0.1842726101      0.621462546
v     0.6591099204    -0.1413936268     0.6683533109
v     0.6535558312   -0.07781783019      0.699978999
v     0.6515186717                0     0.7115788434
v     0.6535558312    0.07781783019      0.699978999
v     0.6591099204     0.1413936268     0.6683533109
v     0.6673448556     0.1842726101      0.621462546
v     0.7156315189              0.2     0.5691485676
v     0.7249920607     0.1842726101     0.5116460147
v     0.7326394584     0.1413936268     0.4646674417
v     0.7377972804    0.07781783019      0.432982531
v     0.7396890948  1.288632426e-34     0.4213609647
v     0.7377972804   -0.07781783019      0.432982531
v     0.7326394584    -0.1413936268     0.4646674417
v     0.7249920607    -0.1842726101     0.5116460147
v     0.7156315189             -0.2     0.5691485676
v     0.7062709771    -0.1842726101     0.6266511205
v     0.6986235793    -0.1413936268     0.6736296934
v     0.6934657573   -0.07781783019     0.7053146042
v     0.6915739429                0     0.7169361704
v     0.6934657573    0.07781783019     0.7053146042
v     0.6986235793     0.1413936268     0.6736296934
v     0.7062709771     0.1842726101     0.6266511205
v     0.7548576157              0.2     0.5740609825
v      0.763468181     0.1842726101     0.5164463448
v     0.7705028612     0.1413936268     0.4693762006
v      0.775247433    0.07781783019     0.4376295292
v     0.7769876732  1.534725424e-34       0.42598531
v      0.775247433   -0.07781783019     0.4376295292
v     0.7705028612    -0.1413936268     0.4693762006
v      0.763468181    -0.1842726101     0.5164463448
v     0.7548576157             -0.2     0.5740609825
v     0.7462470504    -0.1842726101     0.6316756201
v     0.7392123702    -0.1413936268     0.6787457643
v     0.7344677984   -0.07781783019     0.7104924357
v     0.7327275582                0     0.7221366549
v     0.7344677984    0.07781783019     0.7104924357
v     0.7392123702     0.1413936268     0.6787457643
v     0.7462470504     0.1842726101     0.6316756201
v     0.7948038099              0.2     0.5787927924
v     0.8026643987     0.1842726101       0.52106607
v     0.8090863613     0.1413936268     0.4739043545
v      0.813417683    0.07781783019     0.4420959225
v      0.815006349  1.718176568e-34     0.4304290504
v      0.813417683   -0.07781783019     0.4420959225
v     0.8090863613    -0.1413936268     0.4739043545
v     0.8026643987    -0.1842726101       0.52106607
v     0.7948038099             -0.2     0.5787927924
v     0.7869432212    -0.1842726101     0.6365195148
v     0.7805212586    -0.1413936268     0.6836812302
v     0.7761899369   -0.07781783019     0.7154896622
v     0.7746012708                0     0.7271565343
v     0.7761899369    0.07781783019     0.7154896622
v     0.7805212586     0.1413936268     0.6836812302
v     0.7869432212     0.1842726101     0.6365195148
v     0.8351710681              0.2     0.5833320735
v     0.8423125014     0.1842726101     0.5254978726
v     0.8481469266     0.1413936268     0.4782483491
v      0.852081981    0.07781783019     0.4463806946
v     0.8535253019   1.81213935e-34     0.4346921005
v      0.852081981   -0.07781783019     0.4463806946
v     0.8481469266    -0.1413936268     0.4782483491
v     0.8423125014    -0.1842726101     0.5254978726
v     0.8351710681             -0.2     0.5833320735
v     0.8280296349    -0.1842726101     0.6411662745
v     0.8221952097    -0.1413936268      0.688415798
v     0.8182601553   -0.07781783019     0.7202834525
v     0.8168168344                0     0.7319720466
v     0.8182601553    0.07781783019     0.7202834525
v     0.8221952097     0.1413936268      0.688415798
v     0.8280296349     0.1842726101     0.6411662745
v     0.8756603568              0.2     0.5876669022
v     0.8821442764     0.1842726101     0.5297344352
v     0.8874415245     0.1413936268       0.48240463
v     0.8910142774    0.07781783019     0.4504828292
v     0.8923247115  1.789767259e-34      0.438774375
v     0.8910142774   -0.07781783019     0.4504828292
v     0.8874415245    -0.1413936268       0.48240463
v     0.8821442764    -0.1842726101     0.5297344352
v     0.8756603568             -0.2     0.5876669022
v     0.8691764372    -0.1842726101     0.6455993692
v     0.8638791891    -0.1413936268     0.6929291743
v     0.8603064362   -0.07781783019     0.7248509752
v     0.8589960022                0     0.7365594294
v     0.8603064362    0.07781783019     0.7248509752
v     0.8638791891     0.1413936268     0.6929291743
v     0.8691764372     0.1842726101     0.6455993692
v     0.9159726425              0.2     0.5917853544
v     0.9218915113     0.1842726101       0.53376844
v     0.9267271229     0.1413936268     0.4863696428
v     0.9299885229    0.07781783019       0.45440131
v     0.9311847572  1.624213787e-34     0.4426757885
v     0.9299885229   -0.07781783019       0.45440131
v     0.9267271229    -0.1413936268     0.4863696428
v     0.9218915113    -0.1842726101       0.53376844
v     0.9159726425             -0.2     0.5917853544
v     0.9100537737    -0.1842726101     0.6498022688
v     0.9052181622    -0.1413936268      0.697201066
v     0.9019567621   -0.07781783019     0.7291693989
v     0.9007605278                0     0.7408949203
v     0.9019567621    0.07781783019     0.7291693989
v     0.9052181622     0.1413936268      0.697201066
v     0.9100537737     0.1842726101     0.6498022688
v     0.9558088917              0.2     0.5956755065
v     0.9612859936     0.1842726101     0.5375925696
v     0.9657606893     0.1413936268     0.4901398332
v      0.968778668    0.07781783019     0.4581351208
v     0.9698856189  1.288632426e-34     0.4463962558
v      0.968778668   -0.07781783019     0.4581351208
v     0.9657606893    -0.1413936268     0.4901398332
v     0.9612859936    -0.1842726101     0.5375925696
v     0.9558088917             -0.2     0.5956755065
v     0.9503317899    -0.1842726101     0.6537584434
v     0.9458570942    -0.1413936268     0.7012111799
v     0.9428391155   -0.07781783019     0.7332158923
v     0.9417321646                0     0.7449547572
v     0.9428391155    0.07781783019     0.7332158923
v     0.9458570942     0.1413936268     0.7012111799
v     0.9503317899     0.1842726101     0.6537584434
v      0.994870071              0.2     0.5993254347
v      1.000059511     0.1842726101     0.5411995064
v      1.004299191     0.1413936268     0.4937116467
v      1.007158663    0.07781783019     0.4616832453
v      1.008207476  7.561766668e-35     0.4499356915
v      1.007158663   -0.07781783019     0.4616832453
v      1.004299191    -0.1413936268     0.4937116467
v      1.000059511    -0.1842726101     0.5411995064
v      0.994870071             -0.2     0.5993254347
v     0.9896806314    -0.1842726101      0.657451363
v     0.9854409507    -0.1413936268     0.7049392226
v     0.9825814788   -0.07781783019     0.7369676241
v      0.981532666                0     0.7487151778
v     0.9825814788    0.07781783019     0.7369676241
v     0.9854409507     0.1413936268     0.7049392226
v     0.9896806314     0.1842726101      0.657451363
v      1.032857147              0.2      0.602723215
v       1.03794385     0.1842726101     0.5445819326
v      1.042099597     0.1413936268      0.497081529
v      1.044902459    0.07781783019     0.4650446672
v      1.045930508                0     0.4532940103
v      1.044902459   -0.07781783019     0.4650446672
v      1.042099597    -0.1413936268      0.497081529
v       1.03794385    -0.1842726101     0.5445819326
v      1.032857147             -0.2      0.602723215
v      1.027770444    -0.1842726101     0.6608644974
v      1.023614697    -0.1413936268     0.7083649011
v      1.020811835   -0.07781783019     0.7404017629
v      1.019783785                0     0.7521524197
v      1.020811835    0.07781783019     0.7404017629
v      1.023614697     0.1413936268     0.7083649011
v      1.027770444     0.1842726101     0.6608644974
v      1.158544549              0.2      0.614220062
v      1.163102235     0.1842726101     0.5560556822
v      1.166825784     0.1413936268     0.5085364084
v      1.169337149    0.07781783019     0.4764868196
v      1.170258281 -1.571558835e-34     0.4647314946
v      1.169337149   -0.07781783019     0.4764868196
v      1.166825784    -0.1413936268     0.5085364084
v      1.163102235    -0.1842726101     0.5560556822
v      1.158544549             -0.2      0.614220062
v      1.153986863    -0.1842726101     0.6723844418
v      1.150263314    -0.1413936268     0.7199037156
v      1.147751949   -0.07781783019     0.7519533045
v      1.146830817                0     0.7637086294
v      1.147751949    0.07781783019     0.7519533045
v      1.150263314     0.1413936268     0.7199037156
v      1.153986863     0.1842726101     0.6723844418
v      1.314299239              0.2     0.6284038197
v      1.317595422     0.1842726101     0.5701843616
v      1.320288346     0.1413936268     0.5226200897
v      1.322104601    0.07781783019     0.4905401517
v      1.322770777 -1.768003689e-34     0.4787736951
v      1.322104601   -0.07781783019     0.4905401517
v      1.320288346    -0.1413936268     0.5226200897
v      1.317595422    -0.1842726101     0.5701843616
v      1.314299239             -0.2     0.6284038197
v      1.311003055    -0.1842726101     0.6866232779
v      1.308310131    -0.1413936268     0.7341875498
v      1.306493877   -0.07781783019     0.7662674878
v      1.305827701                0     0.7780339444
v      1.306493877    0.07781783019     0.7662674878
v      1.308310131     0.1413936268     0.7341875498
v      1.311003055     0.1842726101     0.6866232779
v      1.481902851              0.2     0.6422632611
v       1.48369337     0.1842726101     0.5839780643
v      1.485156193     0.1413936268      0.536360085
v      1.486142801    0.07781783019     0.5042439238
v      1.486504674 -1.178669126e-34     0.4924641811
v      1.486142801   -0.07781783019     0.5042439238
v      1.485156193    -0.1413936268      0.536360085
v       1.48369337    -0.1842726101     0.5839780643
v      1.481902851             -0.2     0.6422632611
v      1.480112331    -0.1842726101      0.700548458
v      1.478649509    -0.1413936268     0.7481664373
v      1.477662901   -0.07781783019     0.7802825985
v      1.477301028                0     0.7920623412
v      1.477662901    0.07781783019     0.7802825985
v      1.478649509     0.1413936268     0.7481664373
v      1.480112331     0.1842726101      0.700548458
v       1.64313702              0.2     0.6527871591
v      1.643666037     0.1842726101     0.5944468839
v      1.644098235     0.1413936268     0.5467839066
v      1.644389732    0.07781783019     0.5146373962
v      1.644496649 -3.928897087e-35     0.5028465219
v      1.644389732   -0.07781783019     0.5146373962
v      1.644098235    -0.1413936268     0.5467839066
v      1.643666037    -0.1842726101     0.5944468839
v       1.64313702             -0.2     0.6527871591
v      1.642608003    -0.1842726101     0.7111274344
v      1.642175805    -0.1413936268     0.7587904117
v      1.641884307   -0.07781783019     0.7909369221
v       1.64177739                0     0.8027277964
v      1.641884307    0.07781783019     0.7909369221
v      1.642175805     0.1413936268     0.7587904117
v      1.642608003     0.1842726101     0.7111274344
v       1.77978338              0.2     0.6569642867
v       1.77978338     0.1842726101     0.5986009141
v       1.77978338     0.1413936268     0.5509190666
v       1.77978338    0.07781783019     0.5187598292
v       1.77978338                0     0.5069642867
v       1.77978338   -0.07781783019     0.5187598292
v       1.77978338    -0.1413936268     0.5509190666
v       1.77978338    -0.1842726101     0.5986009141
v       1.77978338             -0.2     0.6569642867
v       1.77978338    -0.1842726101     0.7153276594
v       1.77978338    -0.1413936268     0.7630095068
v       1.77978338   -0.07781783019     0.7951687443
v       1.77978338                0     0.8069642867
v       1.77978338    0.07781783019     0.7951687443
v       1.77978338     0.1413936268     0.7630095068
v       1.77978338     0.1842726101     0.7153276594
v      1.894263007           0.1792     0.6524514296
v      1.894263007     0.1651082586     0.6001578477
v      1.894263007     0.1266886896     0.5574349123
v      1.894263007    0.06972477585     0.5286202356
v      1.894263007                0     0.5180514296
v      1.894263007   -0.06972477585     0.5286202356
v      1.894263007    -0.1266886896     0.5574349123
v      1.894263007    -0.1651082586     0.6001578477
v      1.894263007          -0.1792     0.6524514296
v      1.894263007    -0.1651082586     0.7047450114
v      1.894263007    -0.1266886896     0.7474679468
v      1.894263007   -0.06972477585     0.7762826235
v      1.894263007                0     0.7868514296
v      1.894263007    0.06972477585     0.7762826235
v      1.894263007     0.1266886896     0.7474679468
v      1.894263007     0.1651082586     0.7047450114
v      2.003481039           0.1296     0.6416900009
v      2.003481039     0.1194086513     0.6038705355
v      2.003481039    0.09162307019     0.5729726983
v      2.003481039    0.05042595396     0.5521335124
v      2.003481039                0     0.5444900009
v      2.003481039   -0.05042595396     0.5521335124
v      2.003481039   -0.09162307019     0.5729726983
v      2.003481039    -0.1194086513     0.6038705355
v      2.003481039          -0.1296     0.6416900009
v      2.003481039    -0.1194086513     0.6795094664
v      2.003481039   -0.09162307019     0.7104073036
v      2.003481039   -0.05042595396     0.7312464894
v      2.003481039                0     0.7388900009
v      2.003481039    0.05042595396     0.7312464894
v      2.003481039    0.09162307019     0.7104073036
v      2.003481039     0.1194086513     0.6795094664
v      2.110945208           0.0704     0.6288457152
v      2.110945208    0.06486395874      0.608301808
v      2.110945208    0.04977055665     0.5915177977
v      2.110945208    0.02739187623     0.5801977461
v      2.110945208                0     0.5760457152
v      2.110945208   -0.02739187623     0.5801977461
v      2.110945208   -0.04977055665     0.5915177977
v      2.110945208   -0.06486395874      0.608301808
v      2.110945208          -0.0704     0.6288457152
v      2.110945208   -0.06486395874     0.6493896223
v      2.110945208   -0.04977055665     0.6661736326
v      2.110945208   -0.02739187623     0.6774936842
v      2.110945208                0     0.6816457152
v      2.110945208    0.02739187623     0.6774936842
v      2.110945208    0.04977055665     0.6661736326
v      2.110945208    0.06486395874     0.6493896223
v       2.22016324           0.0208     0.6180842865
v       2.22016324    0.01916435145     0.6120144958
v       2.22016324    0.01470493719     0.6070555836
v       2.22016324    0.00809305434      0.603711023
v       2.22016324                0     0.6024842865
v       2.22016324   -0.00809305434      0.603711023
v       2.22016324   -0.01470493719     0.6070555836
v       2.22016324   -0.01916435145     0.6120144958
v       2.22016324          -0.0208     0.6180842865
v       2.22016324   -0.01916435145     0.6241540773
v       2.22016324   -0.01470493719     0.6291129894
v       2.22016324   -0.00809305434     0.6324575501
v       2.22016324                0     0.6336842865
v       2.22016324    0.00809305434     0.6324575501
v       2.22016324    0.01470493719     0.6291129894
v       2.22016324    0.01916435145     0.6241540773
v      2.334642867                0     0.6135714294
v            0.845            0.436             0.45
v     0.8611205747     0.4281522788     0.4356702173
v     0.8611205747     0.4280236724             0.45
v     0.9050715325     0.4217408288     0.4239630373
v     0.9050715325     0.4215071532             0.45
v     0.9702367241     0.4174165974     0.4160670768
v     0.9702367241     0.4171120575             0.45
v             1.05      0.415830532     0.4131709529
v             1.05           0.4155             0.45
v      1.129763276     0.4171120575             0.45
v      1.129763276     0.4174165974     0.4160670768
v      1.194928468     0.4215071532             0.45
v      1.194928468     0.4217408288     0.4239630373
v      1.238879425     0.4280236724             0.45
v      1.238879425     0.4281522788     0.4356702173
v            1.255            0.436             0.45
v      1.238879425     0.4281522788     0.4643297827
v      1.194928468     0.4217408288     0.4760369627
v      1.129763276     0.4174165974     0.4839329232
v             1.05      0.415830532     0.4868290471
v     0.9702367241     0.4174165974     0.4839329232
v     0.9050715325     0.4217408288     0.4760369627
v     0.8611205747     0.4281522788     0.4643297827
v     0.8611205747     0.4285230314     0.4221799023
v     0.9050715325     0.4224144798     0.3994513725
v     0.9702367241     0.4182945395     0.3841220129
v             1.05     0.4167834051     0.3784994259
v      1.129763276     0.4182945395     0.3841220129
v      1.194928468     0.4224144798     0.3994513725
v      1.238879425     0.4285230314     0.4221799023
v      1.238879425     0.4285230314     0.4778200977
v      1.194928468     0.4224144798     0.5005486275
v      1.129763276     0.4182945395     0.5158779871
v             1.05     0.4167834051     0.5215005741
v     0.9702367241     0.4182945395     0.5158779871
v     0.9050715325     0.4224144798     0.5005486275
v     0.8611205747     0.4285230314     0.4778200977
v     0.8611205747     0.4291133303     0.4097550542
v     0.9050715325     0.4234870424     0.3768756423
v     0.9702367241     0.4196923672     0.3546999745
v             1.05     0.4183005353     0.3465662607
v      1.129763276     0.4196923672     0.3546999745
v      1.194928468     0.4234870424     0.3768756423
v      1.238879425     0.4291133303     0.4097550542
v      1.238879425     0.4291133303     0.4902449458
v      1.194928468     0.4234870424     0.5231243577
v      1.129763276     0.4196923672     0.5453000255
v             1.05     0.4183005353     0.5534337393
v     0.9702367241     0.4196923672     0.5453000255
v     0.9050715325     0.4234870424     0.5231243577
v     0.8611205747     0.4291133303     0.4902449458
v     0.8611205747     0.4299005755     0.3986216721
v     0.9050715325     0.4249174532     0.3566464832
v     0.9702367241     0.4215565638     0.3283361274
v             1.05     0.4203238382      0.317952299
v      1.129763276     0.4215565638     0.3283361274
v      1.194928468     0.4249174532     0.3566464832
v      1.238879425     0.4299005755     0.3986216721
v      1.238879425     0.4299005755     0.5013783279
v      1.194928468     0.4249174532     0.5433535168
v      1.129763276     0.4215565638     0.5716638726
v             1.05     0.4203238382      0.582047701
v     0.9702367241     0.4215565638     0.5716638726
v     0.9050715325     0.4249174532     0.5433535168
v     0.8611205747     0.4299005755     0.5013783279
v     0.8611205747     0.4308621672     0.3890057553
v     0.9050715325     0.4266646483     0.3391745317
v     0.9702367241     0.4238336127     0.3055656379
v             1.05     0.4227952299     0.2932383824
v      1.129763276     0.4238336127     0.3055656379
v      1.194928468     0.4266646483     0.3391745317
v      1.238879425     0.4308621672     0.3890057553
v      1.238879425     0.4308621672     0.5109942447
v      1.194928468     0.4266646483     0.5608254683
v      1.129763276     0.4238336127     0.5944343621
v             1.05     0.4227952299     0.6067616176
v     0.9702367241     0.4238336127     0.5944343621
v     0.9050715325     0.4266646483     0.5608254683
v     0.8611205747     0.4308621672     0.5109942447
v     0.8611205747     0.4319755054     0.3811333029
v     0.9050715325     0.4286875642     0.3248704244
v     0.9702367241     0.4264699974     0.2869236718
v             1.05     0.4256566261     0.2730053526
v      1.129763276     0.4264699974     0.2869236718
v      1.194928468     0.4286875642     0.3248704244
v      1.238879425     0.4319755054     0.3811333029
v      1.238879425     0.4319755054     0.5188666971
v      1.194928468     0.4286875642     0.5751295756
v      1.129763276     0.4264699974     0.6130763282
v             1.05     0.4256566261     0.6269946474
v     0.9702367241     0.4264699974     0.6130763282
v     0.9050715325     0.4286875642     0.5751295756
v     0.8611205747     0.4319755054     0.5188666971
v     0.8611205747     0.4332179902     0.3752303141
v     0.9050715325     0.4309451373     0.3141447977
v     0.9702367241     0.4294122013     0.2729453952
v             1.05     0.4288499426     0.2578340511
v      1.129763276     0.4294122013     0.2729453952
v      1.194928468     0.4309451373     0.3141447977
v      1.238879425     0.4332179902     0.3752303141
v      1.238879425     0.4332179902     0.5247696859
v      1.194928468     0.4309451373     0.5858552023
v      1.129763276     0.4294122013     0.6270546048
v             1.05     0.4288499426     0.6421659489
v     0.9702367241     0.4294122013     0.6270546048
v     0.9050715325     0.4309451373     0.5858552023
v     0.8611205747     0.4332179902     0.5247696859
v     0.8611205747     0.4345670217     0.3715227881
v     0.9050715325     0.4333963037     0.3074082882
v     0.9702367241     0.4326067077     0.2641659741
v             1.05     0.4323170953     0.2483053197
v      1.129763276     0.4326067077     0.2641659741
v      1.194928468     0.4333963037     0.3074082882
v      1.238879425     0.4345670217     0.3715227881
v      1.238879425     0.4345670217     0.5284772119
v      1.194928468     0.4333963037     0.5925917118
v      1.129763276     0.4326067077     0.6358340259
v             1.05     0.4323170953     0.6516946803
v     0.9702367241     0.4326067077     0.6358340259
v     0.9050715325     0.4333963037     0.5925917118
v     0.8611205747     0.4345670217     0.5284772119
v     0.8611205747            0.436     0.3702367241
v     0.9050715325            0.436     0.3050715325
v     0.9702367241            0.436     0.2611205747
v             1.05            0.436            0.245
v      1.129763276            0.436     0.2611205747
v      1.194928468            0.436     0.3050715325
v      1.238879425            0.436     0.3702367241
v      1.238879425            0.436     0.5297632759
v      1.194928468            0.436     0.5949284675
v      1.129763276            0.436     0.6388794253
v             1.05            0.436            0.655
v     0.9702367241            0.436     0.6388794253
v     0.9050715325            0.436     0.5949284675
v     0.8611205747            0.436     0.5297632759
v            0.845           0.4748             0.45
v     0.8611205747          0.47383     0.3702367241
v     0.9050715325         0.471696     0.3050715325
v     0.9702367241         0.469562     0.2611205747
v             1.05         0.468592            0.245
v      1.129763276         0.469562     0.2611205747
v      1.194928468         0.471696     0.3050715325
v      1.238879425          0.47383     0.3702367241
v            1.255           0.4748             0.45
v      1.238879425          0.47383     0.5297632759
v      1.194928468         0.471696     0.5949284675
v      1.129763276         0.469562     0.6388794253
v             1.05         0.468592            0.655
v     0.9702367241         0.469562     0.6388794253
v     0.9050715325         0.471696     0.5949284675
v     0.8611205747          0.47383     0.5297632759
v            0.845           0.5136             0.45
v     0.8611205747       0.51250875     0.3702367241
v     0.9050715325         0.510108     0.3050715325
v     0.9702367241       0.50770725     0.2611205747
v             1.05         0.506616            0.245
v      1.129763276       0.50770725     0.2611205747
v      1.194928468         0.510108     0.3050715325
v      1.238879425       0.51250875     0.3702367241
v            1.255           0.5136             0.45
v      1.238879425       0.51250875     0.5297632759
v      1.194928468         0.510108     0.5949284675
v      1.129763276       0.50770725     0.6388794253
v             1.05         0.506616            0.655
v     0.9702367241       0.50770725     0.6388794253
v     0.9050715325         0.510108     0.5949284675
v     0.8611205747       0.51250875     0.5297632759
v            0.845           0.5524             0.45
v     0.8611205747        0.5516725     0.3702367241
v     0.9050715325         0.550072     0.3050715325
v     0.9702367241        0.5484715     0.2611205747
v             1.05         0.547744            0.245
v      1.129763276        0.5484715     0.2611205747
v      1.194928468         0.550072     0.3050715325
v      1.238879425        0.5516725     0.3702367241
v            1.255           0.5524             0.45
v      1.238879425        0.5516725     0.5297632759
v      1.194928468         0.550072     0.5949284675
v      1.129763276        0.5484715     0.6388794253
v             1.05         0.547744            0.655
v     0.9702367241        0.5484715     0.6388794253
v     0.9050715325         0.550072     0.5949284675
v     0.8611205747        0.5516725     0.5297632759
v            0.845           0.5912             0.45
v     0.8611205747        0.5909575     0.3702367241
v     0.9050715325         0.590424     0.3050715325
v     0.9702367241        0.5898905     0.2611205747
v             1.05         0.589648            0.245
v      1.129763276        0.5898905     0.2611205747
v      1.194928468         0.590424     0.3050715325
v      1.238879425        0.5909575     0.3702367241
v            1.255           0.5912             0.45
v      1.238879425        0.5909575     0.5297632759
v      1.194928468         0.590424     0.5949284675
v      1.129763276        0.5898905     0.6388794253
v             1.05         0.589648            0.655
v     0.9702367241        0.5898905     0.6388794253
v     0.9050715325         0.590424     0.5949284675
v     0.8611205747        0.5909575     0.5297632759
v            0.845             0.63             0.45
v     0.8611205747             0.63     0.3702367241
v     0.9050715325             0.63     0.3050715325
v     0.9702367241             0.63     0.2611205747
v             1.05             0.63            0.245
v      1.129763276             0.63     0.2611205747
v      1.194928468             0.63     0.3050715325
v      1.238879425             0.63     0.3702367241
v            1.255             0.63             0.45
v      1.238879425             0.63     0.5297632759
v      1.194928468             0.63     0.5949284675
v      1.129763276             0.63     0.6388794253
v             1.05             0.63            0.655
v     0.9702367241             0.63     0.6388794253
v     0.9050715325             0.63     0.5949284675
v     0.8611205747             0.63     0.5297632759
v     0.8611205747     0.6314329783     0.3715227881
v     0.9050715325     0.6326036963     0.3074082882
v     0.9702367241     0.6333932923     0.2641659741
v             1.05     0.6336829047     0.2483053197
v      1.129763276     0.6333932923     0.2641659741
v      1.194928468     0.6326036963     0.3074082882
v      1.238879425     0.6314329783     0.3715227881
v      1.238879425     0.6314329783     0.5284772119
v      1.194928468     0.6326036963     0.5925917118
v      1.129763276     0.6333932923     0.6358340259
v             1.05     0.6336829047     0.6516946803
v     0.9702367241     0.6333932923     0.6358340259
v     0.9050715325     0.6326036963     0.5925917118
v     0.8611205747     0.6314329783     0.5284772119
v     0.8611205747     0.6327820098     0.3752303141
v     0.9050715325     0.6350548627     0.3141447977
v     0.9702367241     0.6365877987     0.2729453952
v             1.05     0.6371500574     0.2578340511
v      1.129763276     0.6365877987     0.2729453952
v      1.194928468     0.6350548627     0.3141447977
v      1.238879425     0.6327820098     0.3752303141
v      1.238879425     0.6327820098     0.5247696859
v      1.194928468     0.6350548627     0.5858552023
v      1.129763276     0.6365877987     0.6270546048
v             1.05     0.6371500574     0.6421659489
v     0.9702367241     0.6365877987     0.6270546048
v     0.9050715325     0.6350548627     0.5858552023
v     0.8611205747     0.6327820098     0.5247696859
v     0.8611205747     0.6340244946     0.3811333029
v     0.9050715325     0.6373124358     0.3248704244
v     0.9702367241     0.6395300026     0.2869236718
v             1.05     0.6403433739     0.2730053526
v      1.129763276     0.6395300026     0.2869236718
v      1.194928468     0.6373124358     0.3248704244
v      1.238879425     0.6340244946     0.3811333029
v      1.238879425     0.6340244946     0.5188666971
v      1.194928468     0.6373124358     0.5751295756
v      1.129763276     0.6395300026     0.6130763282
v             1.05     0.6403433739     0.6269946474
v     0.9702367241     0.6395300026     0.6130763282
v     0.9050715325     0.6373124358     0.5751295756
v     0.8611205747     0.6340244946     0.5188666971
v     0.8611205747     0.6351378328     0.3890057553
v     0.9050715325     0.6393353517     0.3391745317
v     0.9702367241     0.6421663873     0.3055656379
v             1.05     0.6432047701     0.2932383824
v      1.129763276     0.6421663873     0.3055656379
v      1.194928468     0.6393353517     0.3391745317
v      1.238879425     0.6351378328     0.3890057553
v      1.238879425     0.6351378328     0.5109942447
v      1.194928468     0.6393353517     0.5608254683
v      1.129763276     0.6421663873     0.5944343621
v             1.05     0.6432047701     0.6067616176
v     0.9702367241     0.6421663873     0.5944343621
v     0.9050715325     0.6393353517     0.5608254683
v     0.8611205747     0.6351378328     0.5109942447
v     0.8611205747     0.6360994245     0.3986216721
v     0.9050715325     0.6410825468     0.3566464832
v     0.9702367241     0.6444434362     0.3283361274
v             1.05     0.6456761618      0.317952299
v      1.129763276     0.6444434362     0.3283361274
v      1.194928468     0.6410825468     0.3566464832
v      1.238879425     0.6360994245     0.3986216721
v      1.238879425     0.6360994245     0.5013783279
v      1.194928468     0.6410825468     0.5433535168
v      1.129763276     0.6444434362     0.5716638726
v             1.05     0.6456761618      0.582047701
v     0.9702367241     0.6444434362     0.5716638726
v     0.9050715325     0.6410825468     0.5433535168
v     0.8611205747     0.6360994245     0.5013783279
v     0.8611205747     0.6368866697     0.4097550542
v     0.9050715325     0.6425129576     0.3768756423
v     0.9702367241     0.6463076328     0.3546999745
v             1.05     0.6476994647     0.3465662607
v      1.129763276     0.6463076328     0.3546999745
v      1.194928468     0.6425129576     0.3768756423
v      1.238879425     0.6368866697     0.4097550542
v      1.238879425     0.6368866697     0.4902449458
v      1.194928468     0.6425129576     0.5231243577
v      1.129763276     0.6463076328     0.5453000255
v             1.05     0.6476994647     0.5534337393
v     0.9702367241     0.6463076328     0.5453000255
v     0.9050715325     0.6425129576     0.5231243577
v     0.8611205747     0.6368866697     0.4902449458
v     0.8611205747     0.6374769686     0.4221799023
v     0.9050715325     0.6435855202     0.3994513725
v     0.9702367241     0.6477054605     0.3841220129
v             1.05     0.6492165949     0.3784994259
v      1.129763276     0.6477054605     0.3841220129
v      1.194928468     0.6435855202     0.3994513725
v      1.238879425     0.6374769686     0.4221799023
v      1.238879425     0.6374769686     0.4778200977
v      1.194928468     0.6435855202     0.5005486275
v      1.129763276     0.6477054605     0.5158779871
v             1.05     0.6492165949     0.5215005741
v     0.9702367241     0.6477054605     0.5158779871
v     0.9050715325     0.6435855202     0.5005486275
v     0.8611205747     0.6374769686     0.4778200977
v     0.8611205747     0.6378477212     0.4356702173
v     0.9050715325     0.6442591712     0.4239630373
v     0.9702367241     0.6485834026     0.4160670768
v             1.05      0.650169468     0.4131709529
v      1.129763276     0.6485834026     0.4160670768
v      1.194928468     0.6442591712     0.4239630373
v      1.238879425     0.6378477212     0.4356702173
v      1.238879425     0.6378477212     0.4643297827
v      1.194928468     0.6442591712     0.4760369627
v      1.129763276     0.6485834026     0.4839329232
v             1.05      0.650169468     0.4868290471
v     0.9702367241     0.6485834026     0.4839329232
v     0.9050715325     0.6442591712     0.4760369627
v     0.8611205747     0.6378477212     0.4643297827
v     0.8611205747     0.6379763276             0.45
v     0.9050715325     0.6444928468             0.45
v     0.9702367241     0.6488879425             0.45
v             1.05           0.6505             0.45
v      1.129763276     0.6488879425             0.45
v      1.194928468     0.6444928468             0.45
v      1.238879425     0.6379763276             0.45
v            0.845            -0.63             0.45
v     0.8611205747    -0.6379470265     0.4431218984
v     0.8611205747    -0.6379763276             0.45
v     0.9050715325    -0.6444396072     0.4375026105
v     0.9050715325    -0.6444928468             0.45
v     0.9702367241    -0.6488185575     0.4337126564
v     0.9702367241    -0.6488879425             0.45
v             1.05    -0.6504246931     0.4323225561
v             1.05          -0.6505             0.45
v      1.129763276    -0.6488879425             0.45
v      1.129763276    -0.6488185575     0.4337126564
v      1.194928468    -0.6444928468             0.45
v      1.194928468    -0.6444396072     0.4375026105
v      1.238879425    -0.6379763276             0.45
v      1.238879425    -0.6379470265     0.4431218984
v            1.255            -0.63             0.45
v      1.238879425    -0.6379470265     0.4568781016
v      1.194928468    -0.6444396072     0.4624973895
v      1.129763276    -0.6488185575     0.4662873436
v             1.05    -0.6504246931     0.4676774439
v     0.9702367241    -0.6488185575     0.4662873436
v     0.9050715325    -0.6444396072     0.4624973895
v     0.8611205747    -0.6379470265     0.4568781016
v     0.8611205747    -0.6378607245     0.4364054648
v     0.9050715325     -0.644282798      0.425298969
v     0.9702367241    -0.6486141945     0.4178081427
v             1.05     -0.650202888     0.4150606162
v      1.129763276    -0.6486141945     0.4178081427
v      1.194928468     -0.644282798      0.425298969
v      1.238879425    -0.6378607245     0.4364054648
v      1.238879425    -0.6378607245     0.4635945352
v      1.194928468     -0.644282798      0.474701031
v      1.129763276    -0.6486141945     0.4821918573
v             1.05     -0.650202888     0.4849393838
v     0.9702367241    -0.6486141945     0.4821918573
v     0.9050715325     -0.644282798      0.474701031
v     0.8611205747    -0.6378607245     0.4635945352
v     0.8611205747    -0.6377198237     0.4298747194
v     0.9050715325    -0.6440267837     0.4134327196
v     0.9702367241    -0.6482805414     0.4023433386
v             1.05     -0.649840758     0.3982759142
v      1.129763276    -0.6482805414     0.4023433386
v      1.194928468    -0.6440267837     0.4134327196
v      1.238879425    -0.6377198237     0.4298747194
v      1.238879425    -0.6377198237     0.4701252806
v      1.194928468    -0.6440267837     0.4865672804
v      1.129763276    -0.6482805414     0.4976566614
v             1.05     -0.649840758     0.5017240858
v     0.9702367241    -0.6482805414     0.4976566614
v     0.9050715325    -0.6440267837     0.4865672804
v     0.8611205747    -0.6377198237     0.4701252806
v     0.8611205747     -0.637526726     0.4235536821
v     0.9050715325    -0.6436759286     0.4019475062
v     0.9702367241    -0.6478232861     0.3873751233
v             1.05    -0.6493444767     0.3820301843
v      1.129763276    -0.6478232861     0.3873751233
v      1.194928468    -0.6436759286     0.4019475062
v      1.238879425     -0.637526726     0.4235536821
v      1.238879425     -0.637526726     0.4764463179
v      1.194928468    -0.6436759286     0.4980524938
v      1.129763276    -0.6478232861     0.5126248767
v             1.05    -0.6493444767     0.5179698157
v     0.9702367241    -0.6478232861     0.5126248767
v     0.9050715325    -0.6436759286     0.4980524938
v     0.8611205747     -0.637526726     0.4764463179
v     0.8611205747    -0.6372838335      0.417466373
v     0.9050715325    -0.6432345971     0.3908869728
v     0.9702367241    -0.6472481166     0.3729603763
v             1.05    -0.6487202174     0.3663851603
v      1.129763276    -0.6472481166     0.3729603763
v      1.194928468    -0.6432345971     0.3908869728
v      1.238879425    -0.6372838335      0.417466373
v      1.238879425    -0.6372838335      0.482533627
v      1.194928468    -0.6432345971     0.5091130272
v      1.129763276    -0.6472481166     0.5270396237
v             1.05    -0.6487202174     0.5336148397
v     0.9702367241    -0.6472481166     0.5270396237
v     0.9050715325    -0.6432345971     0.5091130272
v     0.8611205747    -0.6372838335      0.482533627
v     0.8611205747    -0.6369935481     0.4116368122
v     0.9050715325    -0.6427071537     0.3802947634
v     0.9702367241    -0.6465607208      0.359155977
v             1.05    -0.6479741534     0.3514025764
v      1.129763276    -0.6465607208      0.359155977
v      1.194928468    -0.6427071537     0.3802947634
v      1.238879425    -0.6369935481     0.4116368122
v      1.238879425    -0.6369935481     0.4883631878
v      1.194928468    -0.6427071537     0.5197052366
v      1.129763276    -0.6465607208      0.540844023
v             1.05    -0.6479741534     0.5485974236
v     0.9702367241    -0.6465607208      0.540844023
v     0.9050715325    -0.6427071537     0.5197052366
v     0.8611205747    -0.6369935481     0.4883631878
v     0.8611205747    -0.6366582719     0.4060890196
v     0.9050715325    -0.6420979627      0.370214522
v     0.9702367241    -0.6457667867      0.346018805
v             1.05    -0.6471124582     0.3371441665
v      1.129763276    -0.6457667867      0.346018805
v      1.194928468    -0.6420979627      0.370214522
v      1.238879425    -0.6366582719     0.4060890196
v      1.238879425    -0.6366582719     0.4939109804
v      1.194928468    -0.6420979627      0.529785478
v      1.129763276    -0.6457667867      0.553981195
v             1.05    -0.6471124582     0.5628558335
v     0.9702367241    -0.6457667867      0.553981195
v     0.9050715325    -0.6420979627      0.529785478
v     0.8611205747    -0.6366582719     0.4939109804
v     0.8611205747    -0.6362804068     0.4008470152
v     0.9050715325    -0.6414113885     0.3606898924
v     0.9702367241    -0.6448720023     0.3336057396
v             1.05    -0.6461413053     0.3236716646
v      1.129763276    -0.6448720023     0.3336057396
v      1.194928468    -0.6414113885     0.3606898924
v      1.238879425    -0.6362804068     0.4008470152
v      1.238879425    -0.6362804068     0.4991529848
v      1.194928468    -0.6414113885     0.5393101076
v      1.129763276    -0.6448720023     0.5663942604
v             1.05    -0.6461413053     0.5763283354
v     0.9702367241    -0.6448720023     0.5663942604
v     0.9050715325    -0.6414113885     0.5393101076
v     0.8611205747    -0.6362804068     0.4991529848
v     0.8611205747    -0.6358623548     0.3959348192
v     0.9050715325    -0.6406517955     0.3517645188
v     0.9702367241    -0.6438820554     0.3219736602
v             1.05    -0.6450668679     0.3110468048
v      1.129763276    -0.6438820554     0.3219736602
v      1.194928468    -0.6406517955     0.3517645188
v      1.238879425    -0.6358623548     0.3959348192
v      1.238879425    -0.6358623548     0.5040651808
v      1.194928468    -0.6406517955     0.5482354812
v      1.129763276    -0.6438820554     0.5780263398
v             1.05    -0.6450668679     0.5889531952
v     0.9702367241    -0.6438820554     0.5780263398
v     0.9050715325    -0.6406517955     0.5482354812
v     0.8611205747    -0.6358623548     0.5040651808
v     0.8611205747    -0.6354065181     0.3913764516
v     0.9050715325    -0.6398235481     0.3434820451
v     0.9702367241     -0.642802634     0.3111794463
v             1.05    -0.6438953195      0.299331321
v      1.129763276     -0.642802634     0.3111794463
v      1.194928468    -0.6398235481     0.3434820451
v      1.238879425    -0.6354065181     0.3913764516
v      1.238879425    -0.6354065181     0.5086235484
v      1.194928468    -0.6398235481     0.5565179549
v      1.129763276     -0.642802634     0.5888205537
v             1.05    -0.6438953195      0.600668679
v     0.9702367241     -0.642802634     0.5888205537
v     0.9050715325    -0.6398235481     0.5565179549
v     0.8611205747    -0.6354065181     0.5086235484
v     0.8611205747    -0.6349152985     0.3871959323
v     0.9050715325    -0.6389310108     0.3358861152
v     0.9702367241     -0.641639426     0.3012799773
v             1.05    -0.6426328335     0.2885869472
v      1.129763276     -0.641639426     0.3012799773
v      1.194928468    -0.6389310108     0.3358861152
v      1.238879425    -0.6349152985     0.3871959323
v      1.238879425    -0.6349152985     0.5128040677
v      1.194928468    -0.6389310108     0.5641138848
v      1.129763276     -0.641639426     0.5987200227
v             1.05    -0.6426328335     0.6114130528
v     0.9702367241     -0.641639426     0.5987200227
v     0.9050715325    -0.6389310108     0.5641138848
v     0.8611205747    -0.6349152985     0.5128040677
v     0.8611205747     -0.634391098     0.3834172815
v     0.9050715325    -0.6379785478     0.3290203732
v     0.9702367241    -0.6403981195     0.2923321327
v             1.05    -0.6412855834     0.2788754175
v      1.129763276    -0.6403981195     0.2923321327
v      1.194928468    -0.6379785478     0.3290203732
v      1.238879425     -0.634391098     0.3834172815
v      1.238879425     -0.634391098     0.5165827185
v      1.194928468    -0.6379785478     0.5709796268
v      1.129763276    -0.6403981195     0.6076678673
v             1.05    -0.6412855834     0.6211245825
v     0.9702367241    -0.6403981195     0.6076678673
v     0.9050715325    -0.6379785478     0.5709796268
v     0.8611205747     -0.634391098     0.5165827185
v     0.8611205747    -0.6338363188     0.3800645191
v     0.9050715325    -0.6369705237      0.322928463
v     0.9702367241    -0.6390844023     0.2843927919
v             1.05    -0.6398597424     0.2702584659
v      1.129763276    -0.6390844023     0.2843927919
v      1.194928468    -0.6369705237      0.322928463
v      1.238879425    -0.6338363188     0.3800645191
v      1.238879425    -0.6338363188     0.5199354809
v      1.194928468    -0.6369705237      0.577071537
v      1.129763276    -0.6390844023     0.6156072081
v             1.05    -0.6398597424     0.6297415341
v     0.9702367241    -0.6390844023     0.6156072081
v     0.9050715325    -0.6369705237      0.577071537
v     0.8611205747    -0.6338363188     0.5199354809
v     0.8611205747    -0.6332533627     0.3771616652
v     0.9050715325    -0.6359113027     0.3176540286
v     0.9702367241    -0.6377039624     0.2775188343
v             1.05     -0.638361484     0.2627978264
v      1.129763276    -0.6377039624     0.2775188343
v      1.194928468    -0.6359113027     0.3176540286
v      1.238879425    -0.6332533627     0.3771616652
v      1.238879425    -0.6332533627     0.5228383348
v      1.194928468    -0.6359113027     0.5823459714
v      1.129763276    -0.6377039624     0.6224811657
v             1.05     -0.638361484     0.6372021736
v     0.9702367241    -0.6377039624     0.6224811657
v     0.9050715325    -0.6359113027     0.5823459714
v     0.8611205747    -0.6332533627     0.5228383348
v     0.8611205747    -0.6326446318     0.3747327398
v     0.9050715325    -0.6348052494     0.3132407139
v     0.9702367241    -0.6362624877     0.2717671393
v             1.05    -0.6367969816     0.2565552329
v      1.129763276    -0.6362624877     0.2717671393
v      1.194928468    -0.6348052494     0.3132407139
v      1.238879425    -0.6326446318     0.3747327398
v      1.238879425    -0.6326446318     0.5252672602
v      1.194928468    -0.6348052494     0.5867592861
v      1.129763276    -0.6362624877     0.6282328607
v             1.05    -0.6367969816     0.6434447671
v     0.9702367241    -0.6362624877     0.6282328607
v     0.9050715325    -0.6348052494     0.5867592861
v     0.8611205747    -0.6326446318     0.5252672602
v     0.8611205747    -0.6320125281      0.372801763
v     0.9050715325     -0.633656728      0.309732163
v     0.9702367241    -0.6347656661     0.2671945864
v             1.05    -0.6351724086     0.2515924195
v      1.129763276    -0.6347656661     0.2671945864
v      1.194928468     -0.633656728      0.309732163
v      1.238879425    -0.6320125281      0.372801763
v      1.238879425    -0.6320125281      0.527198237
v      1.194928468     -0.633656728      0.590267837
v      1.129763276    -0.6347656661     0.6328054136
v             1.05    -0.6351724086     0.6484075805
v     0.9702367241    -0.6347656661     0.6328054136
v     0.9050715325     -0.633656728      0.590267837
v     0.8611205747    -0.6320125281      0.527198237
v     0.8611205747    -0.6313594535     0.3713927547
v     0.9050715325    -0.6324701031     0.3071720198
v     0.9702367241    -0.6332191857     0.2638580551
v             1.05    -0.6334939384     0.2479711202
v      1.129763276    -0.6332191857     0.2638580551
v      1.194928468    -0.6324701031     0.3071720198
v      1.238879425    -0.6313594535     0.3713927547
v      1.238879425    -0.6313594535     0.5286072453
v      1.194928468    -0.6324701031     0.5928279802
v      1.129763276    -0.6332191857     0.6361419449
v             1.05    -0.6334939384     0.6520288798
v     0.9702367241    -0.6332191857     0.6361419449
v     0.9050715325    -0.6324701031     0.5928279802
v     0.8611205747    -0.6313594535     0.5286072453
v     0.8611205747    -0.6306878102     0.3705297351
v     0.9050715325     -0.631249739     0.3056039283
v     0.9702367241    -0.6316287344     0.2618144247
v             1.05    -0.6317677444     0.2457530691
v      1.129763276    -0.6316287344     0.2618144247
v      1.194928468     -0.631249739     0.3056039283
v      1.238879425    -0.6306878102     0.3705297351
v      1.238879425    -0.6306878102     0.5294702649
v      1.194928468     -0.631249739     0.5943960717
v      1.129763276    -0.6316287344     0.6381855753
v             1.05    -0.6317677444     0.6542469309
v     0.9702367241    -0.6316287344     0.6381855753
v     0.9050715325     -0.631249739     0.5943960717
v     0.8611205747    -0.6306878102     0.5294702649
v     0.8611205747            -0.63     0.3702367241
v     0.9050715325            -0.63     0.3050715325
v     0.9702367241            -0.63     0.2611205747
v             1.05            -0.63            0.245
v      1.129763276            -0.63     0.2611205747
v      1.194928468            -0.63     0.3050715325
v      1.238879425            -0.63     0.3702367241
v      1.238879425            -0.63     0.5297632759
v      1.194928468            -0.63     0.5949284675
v      1.129763276            -0.63     0.6388794253
v             1.05            -0.63            0.655
v     0.9702367241            -0.63     0.6388794253
v     0.9050715325            -0.63     0.5949284675
v     0.8611205747            -0.63     0.5297632759
v            0.845          -0.5912             0.45
v     0.8611205747         -0.59217     0.3702367241
v     0.9050715325        -0.594304     0.3050715325
v     0.9702367241        -0.596438     0.2611205747
v             1.05        -0.597408            0.245
v      1.129763276        -0.596438     0.2611205747
v      1.194928468        -0.594304     0.3050715325
v      1.238879425         -0.59217     0.3702367241
v            1.255          -0.5912             0.45
v      1.238879425         -0.59217     0.5297632759
v      1.194928468        -0.594304     0.5949284675
v      1.129763276        -0.596438     0.6388794253
v             1.05        -0.597408            0.655
v     0.9702367241        -0.596438     0.6388794253
v     0.9050715325        -0.594304     0.5949284675
v     0.8611205747         -0.59217     0.5297632759
v            0.845          -0.5524             0.45
v     0.8611205747      -0.55349125     0.3702367241
v     0.9050715325        -0.555892     0.3050715325
v     0.9702367241      -0.55829275     0.2611205747
v             1.05        -0.559384            0.245
v      1.129763276      -0.55829275     0.2611205747
v      1.194928468        -0.555892     0.3050715325
v      1.238879425      -0.55349125     0.3702367241
v            1.255          -0.5524             0.45
v      1.238879425      -0.55349125     0.5297632759
v      1.194928468        -0.555892     0.5949284675
v      1.129763276      -0.55829275     0.6388794253
v             1.05        -0.559384            0.655
v     0.9702367241      -0.55829275     0.6388794253
v     0.9050715325        -0.555892     0.5949284675
v     0.8611205747      -0.55349125     0.5297632759
v            0.845          -0.5136             0.45
v     0.8611205747       -0.5143275     0.3702367241
v     0.9050715325        -0.515928     0.3050715325
v     0.9702367241       -0.5175285     0.2611205747
v             1.05        -0.518256            0.245
v      1.129763276       -0.5175285     0.2611205747
v      1.194928468        -0.515928     0.3050715325
v      1.238879425       -0.5143275     0.3702367241
v            1.255          -0.5136             0.45
v      1.238879425       -0.5143275     0.5297632759
v      1.194928468        -0.515928     0.5949284675
v      1.129763276       -0.5175285     0.6388794253
v             1.05        -0.518256            0.655
v     0.9702367241       -0.5175285     0.6388794253
v     0.9050715325        -0.515928     0.5949284675
v     0.8611205747       -0.5143275     0.5297632759
v            0.845          -0.4748             0.45
v     0.8611205747       -0.4750425     0.3702367241
v     0.9050715325        -0.475576     0.3050715325
v     0.9702367241       -0.4761095     0.2611205747
v             1.05        -0.476352            0.245
v      1.129763276       -0.4761095     0.2611205747
v      1.194928468        -0.475576     0.3050715325
v      1.238879425       -0.4750425     0.3702367241
v            1.255          -0.4748             0.45
v      1.238879425       -0.4750425     0.5297632759
v      1.194928468        -0.475576     0.5949284675
v      1.129763276       -0.4761095     0.6388794253
v             1.05        -0.476352            0.655
v     0.9702367241       -0.4761095     0.6388794253
v     0.9050715325        -0.475576     0.5949284675
v     0.8611205747       -0.4750425     0.5297632759
v            0.845           -0.436             0.45
v     0.8611205747           -0.436     0.3702367241
v     0.9050715325           -0.436     0.3050715325
v     0.9702367241           -0.436     0.2611205747
v             1.05           -0.436            0.245
v      1.129763276           -0.436     0.2611205747
v      1.194928468           -0.436     0.3050715325
v      1.238879425           -0.436     0.3702367241
v            1.255           -0.436             0.45
v      1.238879425           -0.436     0.5297632759
v      1.194928468           -0.436     0.5949284675
v      1.129763276           -0.436     0.6388794253
v             1.05           -0.436            0.655
v     0.9702367241           -0.436     0.6388794253
v     0.9050715325           -0.436     0.5949284675
v     0.8611205747           -0.436     0.5297632759
v     0.8611205747    -0.4353121898     0.3705297351
v     0.9050715325     -0.434750261     0.3056039283
v     0.9702367241    -0.4343712656     0.2618144247
v             1.05    -0.4342322556     0.2457530691
v      1.129763276    -0.4343712656     0.2618144247
v      1.194928468     -0.434750261     0.3056039283
v      1.238879425    -0.4353121898     0.3705297351
v      1.238879425    -0.4353121898     0.5294702649
v      1.194928468     -0.434750261     0.5943960717
v      1.129763276    -0.4343712656     0.6381855753
v             1.05    -0.4342322556     0.6542469309
v     0.9702367241    -0.4343712656     0.6381855753
v     0.9050715325     -0.434750261     0.5943960717
v     0.8611205747    -0.4353121898     0.5294702649
v     0.8611205747    -0.4346405465     0.3713927547
v     0.9050715325    -0.4335298969     0.3071720198
v     0.9702367241    -0.4327808143     0.2638580551
v             1.05    -0.4325060616     0.2479711202
v      1.129763276    -0.4327808143     0.2638580551
v      1.194928468    -0.4335298969     0.3071720198
v      1.238879425    -0.4346405465     0.3713927547
v      1.238879425    -0.4346405465     0.5286072453
v      1.194928468    -0.4335298969     0.5928279802
v      1.129763276    -0.4327808143     0.6361419449
v             1.05    -0.4325060616     0.6520288798
v     0.9702367241    -0.4327808143     0.6361419449
v     0.9050715325    -0.4335298969     0.5928279802
v     0.8611205747    -0.4346405465     0.5286072453
v     0.8611205747    -0.4339874719      0.372801763
v     0.9050715325     -0.432343272      0.309732163
v     0.9702367241    -0.4312343339     0.2671945864
v             1.05    -0.4308275914     0.2515924195
v      1.129763276    -0.4312343339     0.2671945864
v      1.194928468     -0.432343272      0.309732163
v      1.238879425    -0.4339874719      0.372801763
v      1.238879425    -0.4339874719      0.527198237
v      1.194928468     -0.432343272      0.590267837
v      1.129763276    -0.4312343339     0.6328054136
v             1.05    -0.4308275914     0.6484075805
v     0.9702367241    -0.4312343339     0.6328054136
v     0.9050715325     -0.432343272      0.590267837
v     0.8611205747    -0.4339874719      0.527198237
v     0.8611205747    -0.4333553682     0.3747327398
v     0.9050715325    -0.4311947506     0.3132407139
v     0.9702367241    -0.4297375123     0.2717671393
v             1.05    -0.4292030184     0.2565552329
v      1.129763276    -0.4297375123     0.2717671393
v      1.194928468    -0.4311947506     0.3132407139
v      1.238879425    -0.4333553682     0.3747327398
v      1.238879425    -0.4333553682     0.5252672602
v      1.194928468    -0.4311947506     0.5867592861
v      1.129763276    -0.4297375123     0.6282328607
v             1.05    -0.4292030184     0.6434447671
v     0.9702367241    -0.4297375123     0.6282328607
v     0.9050715325    -0.4311947506     0.5867592861
v     0.8611205747    -0.4333553682     0.5252672602
v     0.8611205747    -0.4327466373     0.3771616652
v     0.9050715325    -0.4300886973     0.3176540286
v     0.9702367241    -0.4282960376     0.2775188343
v             1.05     -0.427638516     0.2627978264
v      1.129763276    -0.4282960376     0.2775188343
v      1.194928468    -0.4300886973     0.3176540286
v      1.238879425    -0.4327466373     0.3771616652
v      1.238879425    -0.4327466373     0.5228383348
v      1.194928468    -0.4300886973     0.5823459714
v      1.129763276    -0.4282960376     0.6224811657
v             1.05     -0.427638516     0.6372021736
v     0.9702367241    -0.4282960376     0.6224811657
v     0.9050715325    -0.4300886973     0.5823459714
v     0.8611205747    -0.4327466373     0.5228383348
v     0.8611205747    -0.4321636812     0.3800645191
v     0.9050715325    -0.4290294763      0.322928463
v     0.9702367241    -0.4269155977     0.2843927919
v             1.05    -0.4261402576     0.2702584659
v      1.129763276    -0.4269155977     0.2843927919
v      1.194928468    -0.4290294763      0.322928463
v      1.238879425    -0.4321636812     0.3800645191
v      1.238879425    -0.4321636812     0.5199354809
v      1.194928468    -0.4290294763      0.577071537
v      1.129763276    -0.4269155977     0.6156072081
v             1.05    -0.4261402576     0.6297415341
v     0.9702367241    -0.4269155977     0.6156072081
v     0.9050715325    -0.4290294763      0.577071537
v     0.8611205747    -0.4321636812     0.5199354809
v     0.8611205747     -0.431608902     0.3834172815
v     0.9050715325    -0.4280214522     0.3290203732
v     0.9702367241    -0.4256018805     0.2923321327
v             1.05    -0.4247144166     0.2788754175
v      1.129763276    -0.4256018805     0.2923321327
v      1.194928468    -0.4280214522     0.3290203732
v      1.238879425     -0.431608902     0.3834172815
v      1.238879425     -0.431608902     0.5165827185
v      1.194928468    -0.4280214522     0.5709796268
v      1.129763276    -0.4256018805     0.6076678673
v             1.05    -0.4247144166     0.6211245825
v     0.9702367241    -0.4256018805     0.6076678673
v     0.9050715325    -0.4280214522     0.5709796268
v     0.8611205747     -0.431608902     0.5165827185
v     0.8611205747    -0.4310847015     0.3871959323
v     0.9050715325    -0.4270689892     0.3358861152
v     0.9702367241     -0.424360574     0.3012799773
v             1.05    -0.4233671665     0.2885869472
v      1.129763276     -0.424360574     0.3012799773
v      1.194928468    -0.4270689892     0.3358861152
v      1.238879425    -0.4310847015     0.3871959323
v      1.238879425    -0.4310847015     0.5128040677
v      1.194928468    -0.4270689892     0.5641138848
v      1.129763276     -0.424360574     0.5987200227
v             1.05    -0.4233671665     0.6114130528
v     0.9702367241     -0.424360574     0.5987200227
v     0.9050715325    -0.4270689892     0.5641138848
v     0.8611205747    -0.4310847015     0.5128040677
v     0.8611205747    -0.4305934819     0.3913764516
v     0.9050715325    -0.4261764519     0.3434820451
v     0.9702367241     -0.423197366     0.3111794463
v             1.05    -0.4221046805      0.299331321
v      1.129763276     -0.423197366     0.3111794463
v      1.194928468    -0.4261764519     0.3434820451
v      1.238879425    -0.4305934819     0.3913764516
v      1.238879425    -0.4305934819     0.5086235484
v      1.194928468    -0.4261764519     0.5565179549
v      1.129763276     -0.423197366     0.5888205537
v             1.05    -0.4221046805      0.600668679
v     0.9702367241     -0.423197366     0.5888205537
v     0.9050715325    -0.4261764519     0.5565179549
v     0.8611205747    -0.4305934819     0.5086235484
v     0.8611205747    -0.4301376452     0.3959348192
v     0.9050715325    -0.4253482045     0.3517645188
v     0.9702367241    -0.4221179446     0.3219736602
v             1.05    -0.4209331321     0.3110468048
v      1.129763276    -0.4221179446     0.3219736602
v      1.194928468    -0.4253482045     0.3517645188
v      1.238879425    -0.4301376452     0.3959348192
v      1.238879425    -0.4301376452     0.5040651808
v      1.194928468    -0.4253482045     0.5482354812
v      1.129763276    -0.4221179446     0.5780263398
v             1.05    -0.4209331321     0.5889531952
v     0.9702367241    -0.4221179446     0.5780263398
v     0.9050715325    -0.4253482045     0.5482354812
v     0.8611205747    -0.4301376452     0.5040651808
v     0.8611205747    -0.4297195932     0.4008470152
v     0.9050715325    -0.4245886115     0.3606898924
v     0.9702367241    -0.4211279977     0.3336057396
v             1.05    -0.4198586947     0.3236716646
v      1.129763276    -0.4211279977     0.3336057396
v      1.194928468    -0.4245886115     0.3606898924
v      1.238879425    -0.4297195932     0.4008470152
v      1.238879425    -0.4297195932     0.4991529848
v      1.194928468    -0.4245886115     0.5393101076
v      1.129763276    -0.4211279977     0.5663942604
v             1.05    -0.4198586947     0.5763283354
v     0.9702367241    -0.4211279977     0.5663942604
v     0.9050715325    -0.4245886115     0.5393101076
v     0.8611205747    -0.4297195932     0.4991529848
v     0.8611205747    -0.4293417281     0.4060890196
v     0.9050715325    -0.4239020373      0.370214522
v     0.9702367241    -0.4202332133      0.346018805
v             1.05    -0.4188875418     0.3371441665
v      1.129763276    -0.4202332133      0.346018805
v      1.194928468    -0.4239020373      0.370214522
v      1.238879425    -0.4293417281     0.4060890196
v      1.238879425    -0.4293417281     0.4939109804
v      1.194928468    -0.4239020373      0.529785478
v      1.129763276    -0.4202332133      0.553981195
v             1.05    -0.4188875418     0.5628558335
v     0.9702367241    -0.4202332133      0.553981195
v     0.9050715325    -0.4239020373      0.529785478
v     0.8611205747    -0.4293417281     0.4939109804
v     0.8611205747    -0.4290064519     0.4116368122
v     0.9050715325    -0.4232928463     0.3802947634
v     0.9702367241    -0.4194392792      0.359155977
v             1.05    -0.4180258466     0.3514025764
v      1.129763276    -0.4194392792      0.359155977
v      1.194928468    -0.4232928463     0.3802947634
v      1.238879425    -0.4290064519     0.4116368122
v      1.238879425    -0.4290064519     0.4883631878
v      1.194928468    -0.4232928463     0.5197052366
v      1.129763276    -0.4194392792      0.540844023
v             1.05    -0.4180258466     0.5485974236
v     0.9702367241    -0.4194392792      0.540844023
v     0.9050715325    -0.4232928463     0.5197052366
v     0.8611205747    -0.4290064519     0.4883631878
v     0.8611205747    -0.4287161665      0.417466373
v     0.9050715325    -0.4227654029     0.3908869728
v     0.9702367241    -0.4187518834     0.3729603763
v             1.05    -0.4172797826     0.3663851603
v      1.129763276    -0.4187518834     0.3729603763
v      1.194928468    -0.4227654029     0.3908869728
v      1.238879425    -0.4287161665      0.417466373
v      1.238879425    -0.4287161665      0.482533627
v      1.194928468    -0.4227654029     0.5091130272
v      1.129763276    -0.4187518834     0.5270396237
v             1.05    -0.4172797826     0.5336148397
v     0.9702367241    -0.4187518834     0.5270396237
v     0.9050715325    -0.4227654029     0.5091130272
v     0.8611205747    -0.4287161665      0.482533627
v     0.8611205747     -0.428473274     0.4235536821
v     0.9050715325    -0.4223240714     0.4019475062
v     0.9702367241    -0.4181767139     0.3873751233
v             1.05    -0.4166555233     0.3820301843
v      1.129763276    -0.4181767139     0.3873751233
v      1.194928468    -0.4223240714     0.4019475062
v      1.238879425     -0.428473274     0.4235536821
v      1.238879425     -0.428473274     0.4764463179
v      1.194928468    -0.4223240714     0.4980524938
v      1.129763276    -0.4181767139     0.5126248767
v             1.05    -0.4166555233     0.5179698157
v     0.9702367241    -0.4181767139     0.5126248767
v     0.9050715325    -0.4223240714     0.4980524938
v     0.8611205747     -0.428473274     0.4764463179
v     0.8611205747    -0.4282801763     0.4298747194
v     0.9050715325    -0.4219732163     0.4134327196
v     0.9702367241    -0.4177194586     0.4023433386
v             1.05     -0.416159242     0.3982759142
v      1.129763276    -0.4177194586     0.4023433386
v      1.194928468    -0.4219732163     0.4134327196
v      1.238879425    -0.4282801763     0.4298747194
v      1.238879425    -0.4282801763     0.4701252806
v      1.194928468    -0.4219732163     0.4865672804
v      1.129763276    -0.4177194586     0.4976566614
v             1.05     -0.416159242     0.5017240858
v     0.9702367241    -0.4177194586     0.4976566614
v     0.9050715325    -0.4219732163     0.4865672804
v     0.8611205747    -0.4282801763     0.4701252806
v     0.8611205747    -0.4281392755     0.4364054648
v     0.9050715325     -0.421717202      0.425298969
v     0.9702367241    -0.4173858055     0.4178081427
v             1.05     -0.415797112     0.4150606162
v      1.129763276    -0.4173858055     0.4178081427
v      1.194928468     -0.421717202      0.425298969
v      1.238879425    -0.4281392755     0.4364054648
v      1.238879425    -0.4281392755     0.4635945352
v      1.194928468     -0.421717202      0.474701031
v      1.129763276    -0.4173858055     0.4821918573
v             1.05     -0.415797112     0.4849393838
v     0.9702367241    -0.4173858055     0.4821918573
v     0.9050715325     -0.421717202      0.474701031
v     0.8611205747    -0.4281392755     0.4635945352
v     0.8611205747    -0.4280529735     0.4431218984
v     0.9050715325    -0.4215603928     0.4375026105
v     0.9702367241    -0.4171814425     0.4337126564
v             1.05    -0.4155753069     0.4323225561
v      1.129763276    -0.4171814425     0.4337126564
v      1.194928468    -0.4215603928     0.4375026105
v      1.238879425    -0.4280529735     0.4431218984
v      1.238879425    -0.4280529735     0.4568781016
v      1.194928468    -0.4215603928     0.4624973895
v      1.129763276    -0.4171814425     0.4662873436
v             1.05    -0.4155753069     0.4676774439
v     0.9702367241    -0.4171814425     0.4662873436
v     0.9050715325    -0.4215603928     0.4624973895
v     0.8611205747    -0.4280529735     0.4568781016
v     0.8611205747    -0.4280236724             0.45
v     0.9050715325    -0.4215071532             0.45
v     0.9702367241    -0.4171120575             0.45
v             1.05          -0.4155             0.45
v      1.129763276    -0.4171120575             0.45
v      1.194928468    -0.4215071532             0.45
v      1.238879425    -0.4280236724             0.45
g MeshGeom
f 1 3 2
f 1 4 3
f 4 5 3
f 4 6 5
f 6 7 5
f 6 8 7
f 8 9 7
f 8 10 9
f 10 11 9
f 10 12 11
f 12 13 11
f 12 14 13
f 14 15 13
f 14 16 15
f 16 17 15
f 16 18 17
f 18 19 17
f 18 20 19
f 20 21 19
f 20 22 21
f 22 23 21
f 22 24 23
f 24 25 23
f 24 26 25
f 26 27 25
f 26 28 27
f 28 29 27
f 28 30 29
f 30 31 29
f 30 32 31
f 32 33 31
f 31 33 34
f 33 35 34
f 34 35 36
f 35 37 36
f 36 37 38
f 37 39 38
f 38 39 40
f 39 41 40
f 40 41 42
f 41 43 42
f 42 43 44
f 43 45 44
f 44 45 46
f 45 47 46
f 46 47 48
f 47 49 48
f 48 49 50
f 49 51 50
f 50 51 52
f 51 53 52
f 52 53 54
f 53 55 54
f 54 55 56
f 55 57 56
f 56 57 58
f 57 59 58
f 58 59 60
f 59 61 60
f 60 61 62
f 61 63 62
f 61 64 63
f 64 65 63
f 64 66 65
f 66 67 65
f 66 68 67
f 68 69 67
f 68 70 69
f 70 71 69
f 70 72 71
f 72 73 71
f 72 74 73
f 74 75 73
f 74 76 75
f 76 77 75
f 76 78 77
f 78 79 77
f 78 80 79
f 80 81 79
f 80 82 81
f 82 83 81
f 82 84 83
f 84 85 83
f 84 86 85
f 86 87 85
f 86 88 87
f 88 89 87
f 88 90 89
f 90 91 89
f 90 92 91
f 92 93 91
f 91 93 94
f 93 95 94
f 94 95 96
f 95 97 96
f 96 97 98
f 97 99 98
f 98 99 100
f 99 101 100
f 100 101 102
f 101 103 102
f 102 103 104
f 103 105 104
f 104 105 106
f 105 107 106
f 106 107 108
f 107 109 108
f 108 109 110
f 109 111 110
f 110 111 112
f 111 113 112
f 112 113 114
f 113 115 114
f 114 115 116
f 115 117 116
f 116 117 118
f 117 119 118
f 118 119 120
f 119 1 120
f 120 1 2
f 2 122 121
f 2 3 122
f 3 123 122
f 3 5 123
f 5 124 123
f 5 7 124
f 7 125 124
f 7 9 125
f 9 126 125
f 9 11 126
f 11 127 126
f 11 13 127
f 13 128 127
f 13 15 128
f 15 129 128
f 15 17 129
f 17 130 129
f 17 19 130
f 19 131 130
f 19 21 131
f 21 132 131
f 21 23 132
f 23 133 132
f 23 25 133
f 25 134 133
f 25 27 134
f 27 135 134
f 27 29 135
f 29 136 135
f 29 31 136
f 31 34 136
f 136 34 137
f 34 36 137
f 137 36 138
f 36 38 138
f 138 38 139
f 38 40 139
f 139 40 140
f 40 42 140
f 140 42 141
f 42 44 141
f 141 44 142
f 44 46 142
f 142 46 143
f 46 48 143
f 143 48 144
f 48 50 144
f 144 50 145
f 50 52 145
f 145 52 146
f 52 54 146
f 146 54 147
f 54 56 147
f 147 56 148
f 56 58 148
f 148 58 149
f 58 60 149
f 149 60 150
f 60 62 150
f 150 62 151
f 62 152 151
f 62 63 152
f 63 153 152
f 63 65 153
f 65 154 153
f 65 67 154
f 67 155 154
f 67 69 155
f 69 156 155
f 69 71 156
f 71 157 156
f 71 73 157
f 73 158 157
f 73 75 158
f 75 159 158
f 75 77 159
f 77 160 159
f 77 79 160
f 79 161 160
f 79 81 161
f 81 162 161
f 81 83 162
f 83 163 162
f 83 85 163
f 85 164 163
f 85 87 164
f 87 165 164
f 87 89 165
f 89 166 165
f 89 91 166
f 91 94 166
f 166 94 167
f 94 96 167
f 167 96 168
f 96 98 168
f 168 98 169
f 98 100 169
f 169 100 170
f 100 102 170
f 170 102 171
f 102 104 171
f 171 104 172
f 104 106 172
f 172 106 173
f 106 108 173
f 173 108 174
f 108 110 174
f 174 110 175
f 110 112 175
f 175 112 176
f 112 114 176
f 176 114 177
f 114 116 177
f 177 116 178
f 116 118 178
f 178 118 179
f 118 120 179
f 179 120 180
f 120 2 180
f 180 2 121
f 121 182 181
f 121 122 182
f 122 183 182
f 122 123 183
f 123 184 183
f 123 124 184
f 124 185 184
f 124 125 185
f 125 186 185
f 125 126 186
f 126 187 186
f 126 127 187
f 127 188 187
f 127 128 188
f 128 189 188
f 128 129 189
f 129 190 189
f 129 130 190
f 130 191 190
f 130 131 191
f 131 192 191
f 131 132 192
f 132 193 192
f 132 133 193
f 133 194 193
f 133 134 194
f 134 195 194
f 134 135 195
f 135 196 195
f 135 136 196
f 136 137 196
f 196 137 197
f 137 138 197
f 197 138 198
f 138 139 198
f 198 139 199
f 139 140 199
f 199 140 200
f 140 141 200
f 200 141 201
f 141 142 201
f 201 142 202
f 142 143 202
f 202 143 203
f 143 144 203
f 203 144 204
f 144 145 204
f 204 145 205
f 145 146 205
f 205 146 206
f 146 147 206
f 206 147 207
f 147 148 207
f 207 148 208
f 148 149 208
f 208 149 209
f 149 150 209
f 209 150 210
f 150 151 210
f 210 151 211
f 151 212 211
f 151 152 212
f 152 213 212
f 152 153 213
f 153 214 213
f 153 154 214
f 154 215 214
f 154 155 215
f 155 216 215
f 155 156 216
f 156 217 216
f 156 157 217
f 157 218 217
f 157 158 218
f 158 219 218
f 158 159 219
f 159 220 219
f 159 160 220
f 160 221 220
f 160 161 221
f 161 222 221
f 161 162 222
f 162 223 222
f 162 163 223
f 163 224 223
f 163 164 224
f 164 225 224
f 164 165 225
f 165 226 225
f 165 166 226
f 166 167 226
f 226 167 227
f 167 168 227
f 227 168 228
f 168 169 228
f 228 169 229
f 169 170 229
f 229 170 230
f 170 171 230
f 230 171 231
f 171 172 231
f 231 172 232
f 172 173 232
f 232 173 233
f 173 174 233
f 233 174 234
f 174 175 234
f 234 175 235
f 175 176 235
f 235 176 236
f 176 177 236
f 236 177 237
f 177 178 237
f 237 178 238
f 178 179 238
f 238 179 239
f 179 180 239
f 239 180 240
f 180 121 240
f 240 121 181
f 181 242 241
f 181 182 242
f 182 243 242
f 182 183 243
f 183 244 243
f 183 184 244
f 184 245 244
f 184 185 245
f 185 246 245
f 185 186 246
f 186 247 246
f 186 187 247
f 187 248 247
f 187 188 248
f 188 249 248
f 188 189 249
f 189 250 249
f 189 190 250
f 190 251 250
f 190 191 251
f 191 252 251
f 191 192 252
f 192 253 252
f 192 193 253
f 193 254 253
f 193 194 254
f 194 255 254
f 194 195 255
f 195 256 255
f 195 196 256
f 196 197 256
f 256 197 257
f 197 198 257
f 257 198 258
f 198 199 258
f 258 199 259
f 199 200 259
f 259 200 260
f 200 201 260
f 260 201 261
f 201 202 261
f 261 202 262
f 202 203 262
f 262 203 263
f 203 204 263
f 263 204 264
f 204 205 264
f 264 205 265
f 205 206 265
f 265 206 266
f 206 207 266
f 266 207 267
f 207 208 267
f 267 208 268
f 208 209 268
f 268 209 269
f 209 210 269
f 269 210 270
f 210 211 270
f 270 211 271
f 211 272 271
f 211 212 272
f 212 273 272
f 212 213 273
f 213 274 273
f 213 214 274
f 214 275 274
f 214 215 275
f 215 276 275
f 215 216 276
f 216 277 276
f 216 217 277
f 217 278 277
f 217 218 278
f 218 279 278
f 218 219 279
f 219 280 279
f 219 220 280
f 220 281 280
f 220 221 281
f 221 282 281
f 221 222 282
f 222 283 282
f 222 223 283
f 223 284 283
f 223 224 284
f 224 285 284
f 224 225 285
f 225 286 285
f 225 226 286
f 226 227 286
f 286 227 287
f 227 228 287
f 287 228 288
f 228 229 288
f 288 229 289
f 229 230 289
f 289 230 290
f 230 231 290
f 290 231 291
f 231 232 291
f 291 232 292
f 232 233 292
f 292 233 293
f 233 234 293
f 293 234 294
f 234 235 294
f 294 235 295
f 235 236 295
f 295 236 296
f 236 237 296
f 296 237 297
f 237 238 297
f 297 238 298
f 238 239 298
f 298 239 299
f 239 240 299
f 299 240 300
f 240 181 300
f 300 181 241
f 241 302 301
f 241 242 302
f 242 303 302
f 242 243 303
f 243 304 303
f 243 244 304
f 244 305 304
f 244 245 305
f 245 306 305
f 245 246 306
f 246 307 306
f 246 247 307
f 247 308 307
f 247 248 308
f 248 309 308
f 248 249 309
f 249 310 309
f 249 250 310
f 250 311 310
f 250 251 311
f 251 312 311
f 251 252 312
f 252 313 312
f 252 253 313
f 253 314 313
f 253 254 314
f 254 315 314
f 254 255 315
f 255 316 315
f 255 256 316
f 256 257 316
f 316 257 317
f 257 258 317
f 317 258 318
f 258 259 318
f 318 259 319
f 259 260 319
f 319 260 320
f 260 261 320
f 320 261 321
f 261 262 321
f 321 262 322
f 262 263 322
f 322 263 323
f 263 264 323
f 323 264 324
f 264 265 324
f 324 265 325
f 265 266 325
f 325 266 326
f 266 267 326
f 326 267 327
f 267 268 327
f 327 268 328
f 268 269 328
f 328 269 329
f 269 270 329
f 329 270 330
f 270 271 330
f 330 271 331
f 271 332 331
f 271 272 332
f 272 333 332
f 272 273 333
f 273 334 333
f 273 274 334
f 274 335 334
f 274 275 335
f 275 336 335
f 275 276 336
f 276 337 336
f 276 277 337
f 277 338 337
f 277 278 338
f 278 339 338
f 278 279 339
f 279 340 339
f 279 280 340
f 280 341 340
f 280 281 341
f 281 342 341
f 281 282 342
f 282 343 342
f 282 283 343
f 283 344 343
f 283 284 344
f 284 345 344
f 284 285 345
f 285 346 345
f 285 286 346
f 286 287 346
f 346 287 347
f 287 288 347
f 347 288 348
f 288 289 348
f 348 289 349
f 289 290 349
f 349 290 350
f 290 291 350
f 350 291 351
f 291 292 351
f 351 292 352
f 292 293 352
f 352 293 353
f 293 294 353
f 353 294 354
f 294 295 354
f 354 295 355
f 295 296 355
f 355 296 356
f 296 297 356
f 356 297 357
f 297 298 357
f 357 298 358
f 298 299 358
f 358 299 359
f 299 300 359
f 359 300 360
f 300 241 360
f 360 241 301
f 301 362 361
f 301 302 362
f 302 363 362
f 302 303 363
f 303 364 363
f 303 304 364
f 304 365 364
f 304 305 365
f 305 366 365
f 305 306 366
f 306 367 366
f 306 307 367
f 307 368 367
f 307 308 368
f 308 369 368
f 308 309 369
f 309 370 369
f 309 310 370
f 310 371 370
f 310 311 371
f 311 372 371
f 311 312 372
f 312 373 372
f 312 313 373
f 313 374 373
f 313 314 374
f 314 375 374
f 314 315 375
f 315 376 375
f 315 316 376
f 316 317 376
f 376 317 377
f 317 318 377
f 377 318 378
f 318 319 378
f 378 319 379
f 319 320 379
f 379 320 380
f 320 321 380
f 380 321 381
f 321 322 381
f 381 322 382
f 322 323 382
f 382 323 383
f 323 324 383
f 383 324 384
f 324 325 384
f 384 325 385
f 325 326 385
f 385 326 386
f 326 327 386
f 386 327 387
f 327 328 387
f 387 328 388
f 328 329 388
f 388 329 389
f 329 330 389
f 389 330 390
f 330 331 390
f 390 331 391
f 331 392 391
f 331 332 392
f 332 393 392
f 332 333 393
f 333 394 393
f 333 334 394
f 334 395 394
f 334 335 395
f 335 396 395
f 335 336 396
f 336 397 396
f 336 337 397
f 337 398 397
f 337 338 398
f 338 399 398
f 338 339 399
f 339 400 399
f 339 340 400
f 340 401 400
f 340 341 401
f 341 402 401
f 341 342 402
f 342 403 402
f 342 343 403
f 343 404 403
f 343 344 404
f 344 405 404
f 344 345 405
f 345 406 405
f 345 346 406
f 346 347 406
f 406 347 407
f 347 348 407
f 407 348 408
f 348 349 408
f 408 349 409
f 349 350 409
f 409 350 410
f 350 351 410
f 410 351 411
f 351 352 411
f 411 352 412
f 352 353 412
f 412 353 413
f 353 354 413
f 413 354 414
f 354 355 414
f 414 355 415
f 355 356 415
f 415 356 416
f 356 357 416
f 416 357 417
f 357 358 417
f 417 358 418
f 358 359 418
f 418 359 419
f 359 360 419
f 419 360 420
f 360 301 420
f 420 301 361
f 361 422 421
f 361 362 422
f 362 423 422
f 362 363 423
f 363 424 423
f 363 364 424
f 364 425 424
f 364 365 425
f 365 426 425
f 365 366 426
f 366 427 426
f 366 367 427
f 367 428 427
f 367 368 428
f 368 429 428
f 368 369 429
f 369 430 429
f 369 370 430
f 370 431 430
f 370 371 431
f 371 432 431
f 371 372 432
f 372 433 432
f 372 373 433
f 373 434 433
f 373 374 434
f 374 435 434
f 374 375 435
f 375 436 435
f 375 376 436
f 376 377 436
f 436 377 437
f 377 378 437
f 437 378 438
f 378 379 438
f 438 379 439
f 379 380 439
f 439 380 440
f 380 381 440
f 440 381 441
f 381 382 441
f 441 382 442
f 382 383 442
f 442 383 443
f 383 384 443
f 443 384 444
f 384 385 444
f 444 385 445
f 385 386 445
f 445 386 446
f 386 387 446
f 446 387 447
f 387 388 447
f 447 388 448
f 388 389 448
f 448 389 449
f 389 390 449
f 449 390 450
f 390 391 450
f 450 391 451
f 391 452 451
f 391 392 452
f 392 453 452
f 392 393 453
f 393 454 453
f 393 394 454
f 394 455 454
f 394 395 455
f 395 456 455
f 395 396 456
f 396 457 456
f 396 397 457
f 397 458 457
f 397 398 458
f 398 459 458
f 398 399 459
f 399 460 459
f 399 400 460
f 400 461 460
f 400 401 461
f 401 462 461
f 401 402 462
f 402 463 462
f 402 403 463
f 403 464 463
f 403 404 464
f 404 465 464
f 404 405 465
f 405 466 465
f 405 406 466
f 406 407 466
f 466 407 467
f 407 408 467
f 467 408 468
f 408 409 468
f 468 409 469
f 409 410 469
f 469 410 470
f 410 411 470
f 470 411 471
f 411 412 471
f 471 412 472
f 412 413 472
f 472 413 473
f 413 414 473
f 473 414 474
f 414 415 474
f 474 415 475
f 415 416 475
f 475 416 476
f 416 417 476
f 476 417 477
f 417 418 477
f 477 418 478
f 418 419 478
f 478 419 479
f 419 420 479
f 479 420 480
f 420 361 480
f 480 361 421
f 421 482 481
f 421 422 482
f 422 483 482
f 422 423 483
f 423 484 483
f 423 424 484
f 424 485 484
f 424 425 485
f 425 486 485
f 425 426 486
f 426 487 486
f 426 427 487
f 427 488 487
f 427 428 488
f 428 489 488
f 428 429 489
f 429 490 489
f 429 430 490
f 430 491 490
f 430 431 491
f 431 492 491
f 431 432 492
f 432 493 492
f 432 433 493
f 433 494 493
f 433 434 494
f 434 495 494
f 434 435 495
f 435 496 495
f 435 436 496
f 436 437 496
f 496 437 497
f 437 438 497
f 497 438 498
f 438 439 498
f 498 439 499
f 439 440 499
f 499 440 500
f 440 441 500
f 500 441 501
f 441 442 501
f 501 442 502
f 442 443 502
f 502 443 503
f 443 444 503
f 503 444 504
f 444 445 504
f 504 445 505
f 445 446 505
f 505 446 506
f 446 447 506
f 506 447 507
f 447 448 507
f 507 448 508
f 448 449 508
f 508 449 509
f 449 450 509
f 509 450 510
f 450 451 510
f 510 451 511
f 451 512 511
f 451 452 512
f 452 513 512
f 452 453 513
f 453 514 513
f 453 454 514
f 454 515 514
f 454 455 515
f 455 516 515
f 455 456 516
f 456 517 516
f 456 457 517
f 457 518 517
f 457 458 518
f 458 519 518
f 458 459 519
f 459 520 519
f 459 460 520
f 460 521 520
f 460 461 521
f 461 522 521
f 461 462 522
f 462 523 522
f 462 463 523
f 463 524 523
f 463 464 524
f 464 525 524
f 464 465 525
f 465 526 525
f 465 466 526
f 466 467 526
f 526 467 527
f 467 468 527
f 527 468 528
f 468 469 528
f 528 469 529
f 469 470 529
f 529 470 530
f 470 471 530
f 530 471 531
f 471 472 531
f 531 472 532
f 472 473 532
f 532 473 533
f 473 474 533
f 533 474 534
f 474 475 534
f 534 475 535
f 475 476 535
f 535 476 536
f 476 477 536
f 536 477 537
f 477 478 537
f 537 478 538
f 478 479 538
f 538 479 539
f 479 480 539
f 539 480 540
f 480 421 540
f 540 421 481
f 481 542 541
f 481 482 542
f 482 543 542
f 482 483 543
f 483 544 543
f 483 484 544
f 484 545 544
f 484 485 545
f 485 546 545
f 485 486 546
f 486 547 546
f 486 487 547
f 487 548 547
f 487 488 548
f 488 549 548
f 488 489 549
f 489 550 549
f 489 490 550
f 490 551 550
f 490 491 551
f 491 552 551
f 491 492 552
f 492 553 552
f 492 493 553
f 493 554 553
f 493 494 554
f 494 555 554
f 494 495 555
f 495 556 555
f 495 496 556
f 496 497 556
f 556 497 557
f 497 498 557
f 557 498 558
f 498 499 558
f 558 499 559
f 499 500 559
f 559 500 560
f 500 501 560
f 560 501 561
f 501 502 561
f 561 502 562
f 502 503 562
f 562 503 563
f 503 504 563
f 563 504 564
f 504 505 564
f 564 505 565
f 505 506 565
f 565 506 566
f 506 507 566
f 566 507 567
f 507 508 567
f 567 508 568
f 508 509 568
f 568 509 569
f 509 510 569
f 569 510 570
f 510 511 570
f 570 511 571
f 511 572 571
f 511 512 572
f 512 573 572
f 512 513 573
f 513 574 573
f 513 514 574
f 514 575 574
f 514 515 575
f 515 576 575
f 515 516 576
f 516 577 576
f 516 517 577
f 517 578 577
f 517 518 578
f 518 579 578
f 518 519 579
f 519 580 579
f 519 520 580
f 520 581 580
f 520 521 581
f 521 582 581
f 521 522 582
f 522 583 582
f 522 523 583
f 523 584 583
f 523 524 584
f 524 585 584
f 524 525 585
f 525 586 585
f 525 526 586
f 526 527 586
f 586 527 587
f 527 528 587
f 587 528 588
f 528 529 588
f 588 529 589
f 529 530 589
f 589 530 590
f 530 531 590
f 590 531 591
f 531 532 591
f 591 532 592
f 532 533 592
f 592 533 593
f 533 534 593
f 593 534 594
f 534 535 594
f 594 535 595
f 535 536 595
f 595 536 596
f 536 537 596
f 596 537 597
f 537 538 597
f 597 538 598
f 538 539 598
f 598 539 599
f 539 540 599
f 599 540 600
f 540 481 600
f 600 481 541
f 541 602 601
f 541 542 602
f 542 603 602
f 542 543 603
f 543 604 603
f 543 544 604
f 544 605 604
f 544 545 605
f 545 606 605
f 545 546 606
f 546 607 606
f 546 547 607
f 547 608 607
f 547 548 608
f 548 609 608
f 548 549 609
f 549 610 609
f 549 550 610
f 550 611 610
f 550 551 611
f 551 612 611
f 551 552 612
f 552 613 612
f 552 553 613
f 553 614 613
f 553 554 614
f 554 615 614
f 554 555 615
f 555 616 615
f 555 556 616
f 556 557 616
f 616 557 617
f 557 558 617
f 617 558 618
f 558 559 618
f 618 559 619
f 559 560 619
f 619 560 620
f 560 561 620
f 620 561 621
f 561 562 621
f 621 562 622
f 562 563 622
f 622 563 623
f 563 564 623
f 623 564 624
f 564 565 624
f 624 565 625
f 565 566 625
f 625 566 626
f 566 567 626
f 626 567 627
f 567 568 627
f 627 568 628
f 568 569 628
f 628 569 629
f 569 570 629
f 629 570 630
f 570 571 630
f 630 571 631
f 571 632 631
f 571 572 632
f 572 633 632
f 572 573 633
f 573 634 633
f 573 574 634
f 574 635 634
f 574 575 635
f 575 636 635
f 575 576 636
f 576 637 636
f 576 577 637
f 577 638 637
f 577 578 638
f 578 639 638
f 578 579 639
f 579 640 639
f 579 580 640
f 580 641 640
f 580 581 641
f 581 642 641
f 581 582 642
f 582 643 642
f 582 583 643
f 583 644 643
f 583 584 644
f 584 645 644
f 584 585 645
f 585 646 645
f 585 586 646
f 586 587 646
f 646 587 647
f 587 588 647
f 647 588 648
f 588 589 648
f 648 589 649
f 589 590 649
f 649 590 650
f 590 591 650
f 650 591 651
f 591 592 651
f 651 592 652
f 592 593 652
f 652 593 653
f 593 594 653
f 653 594 654
f 594 595 654
f 654 595 655
f 595 596 655
f 655 596 656
f 596 597 656
f 656 597 657
f 597 598 657
f 657 598 658
f 598 599 658
f 658 599 659
f 599 600 659
f 659 600 660
f 600 541 660
f 660 541 601
f 601 662 661
f 601 602 662
f 602 663 662
f 602 603 663
f 603 664 663
f 603 604 664
f 604 665 664
f 604 605 665
f 605 666 665
f 605 606 666
f 606 667 666
f 606 607 667
f 607 668 667
f 607 608 668
f 608 669 668
f 608 609 669
f 609 670 669
f 609 610 670
f 610 671 670
f 610 611 671
f 611 672 671
f 611 612 672
f 612 673 672
f 612 613 673
f 613 674 673
f 613 614 674
f 614 675 674
f 614 615 675
f 615 676 675
f 615 616 676
f 616 617 676
f 676 617 677
f 617 618 677
f 677 618 678
f 618 619 678
f 678 619 679
f 619 620 679
f 679 620 680
f 620 621 680
f 680 621 681
f 621 622 681
f 681 622 682
f 622 623 682
f 682 623 683
f 623 624 683
f 683 624 684
f 624 625 684
f 684 625 685
f 625 626 685
f 685 626 686
f 626 627 686
f 686 627 687
f 627 628 687
f 687 628 688
f 628 629 688
f 688 629 689
f 629 630 689
f 689 630 690
f 630 631 690
f 690 631 691
f 631 692 691
f 631 632 692
f 632 693 692
f 632 633 693
f 633 694 693
f 633 634 694
f 634 695 694
f 634 635 695
f 635 696 695
f 635 636 696
f 636 697 696
f 636 637 697
f 637 698 697
f 637 638 698
f 638 699 698
f 638 639 699
f 639 700 699
f 639 640 700
f 640 701 700
f 640 641 701
f 641 702 701
f 641 642 702
f 642 703 702
f 642 643 703
f 643 704 703
f 643 644 704
f 644 705 704
f 644 645 705
f 645 706 705
f 645 646 706
f 646 647 706
f 706 647 707
f 647 648 707
f 707 648 708
f 648 649 708
f 708 649 709
f 649 650 709
f 709 650 710
f 650 651 710
f 710 651 711
f 651 652 711
f 711 652 712
f 652 653 712
f 712 653 713
f 653 654 713
f 713 654 714
f 654 655 714
f 714 655 715
f 655 656 715
f 715 656 716
f 656 657 716
f 716 657 717
f 657 658 717
f 717 658 718
f 658 659 718
f 718 659 719
f 659 660 719
f 719 660 720
f 660 601 720
f 720 601 661
f 661 722 721
f 661 662 722
f 662 723 722
f 662 663 723
f 663 724 723
f 663 664 724
f 664 725 724
f 664 665 725
f 665 726 725
f 665 666 726
f 666 727 726
f 666 667 727
f 667 728 727
f 667 668 728
f 668 729 728
f 668 669 729
f 669 730 729
f 669 670 730
f 670 731 730
f 670 671 731
f 671 732 731
f 671 672 732
f 672 733 732
f 672 673 733
f 673 734 733
f 673 674 734
f 674 735 734
f 674 675 735
f 675 736 735
f 675 676 736
f 676 677 736
f 736 677 737
f 677 678 737
f 737 678 738
f 678 679 738
f 738 679 739
f 679 680 739
f 739 680 740
f 680 681 740
f 740 681 741
f 681 682 741
f 741 682 742
f 682 683 742
f 742 683 743
f 683 684 743
f 743 684 744
f 684 685 744
f 744 685 745
f 685 686 745
f 745 686 746
f 686 687 746
f 746 687 747
f 687 688 747
f 747 688 748
f 688 689 748
f 748 689 749
f 689 690 749
f 749 690 750
f 690 691 750
f 750 691 751
f 691 752 751
f 691 692 752
f 692 753 752
f 692 693 753
f 693 754 753
f 693 694 754
f 694 755 754
f 694 695 755
f 695 756 755
f 695 696 756
f 696 757 756
f 696 697 757
f 697 758 757
f 697 698 758
f 698 759 758
f 698 699 759
f 699 760 759
f 699 700 760
f 700 761 760
f 700 701 761
f 701 762 761
f 701 702 762
f 702 763 762
f 702 703 763
f 703 764 763
f 703 704 764
f 704 765 764
f 704 705 765
f 705 766 765
f 705 706 766
f 706 707 766
f 766 707 767
f 707 708 767
f 767 708 768
f 708 709 768
f 768 709 769
f 709 710 769
f 769 710 770
f 710 711 770
f 770 711 771
f 711 712 771
f 771 712 772
f 712 713 772
f 772 713 773
f 713 714 773
f 773 714 774
f 714 715 774
f 774 715 775
f 715 716 775
f 775 716 776
f 716 717 776
f 776 717 777
f 717 718 777
f 777 718 778
f 718 719 778
f 778 719 779
f 719 720 779
f 779 720 780
f 720 661 780
f 780 661 721
f 721 782 781
f 721 722 782
f 722 783 782
f 722 723 783
f 723 784 783
f 723 724 784
f 724 785 784
f 724 725 785
f 725 786 785
f 725 726 786
f 726 787 786
f 726 727 787
f 727 788 787
f 727 728 788
f 728 789 788
f 728 729 789
f 729 790 789
f 729 730 790
f 730 791 790
f 730 731 791
f 731 792 791
f 731 732 792
f 732 793 792
f 732 733 793
f 733 794 793
f 733 734 794
f 734 795 794
f 734 735 795
f 735 796 795
f 735 736 796
f 736 737 796
f 796 737 797
f 737 738 797
f 797 738 798
f 738 739 798
f 798 739 799
f 739 740 799
f 799 740 800
f 740 741 800
f 800 741 801
f 741 742 801
f 801 742 802
f 742 743 802
f 802 743 803
f 743 744 803
f 803 744 804
f 744 745 804
f 804 745 805
f 745 746 805
f 805 746 806
f 746 747 806
f 806 747 807
f 747 748 807
f 807 748 808
f 748 749 808
f 808 749 809
f 749 750 809
f 809 750 810
f 750 751 810
f 810 751 811
f 751 812 811
f 751 752 812
f 752 813 812
f 752 753 813
f 753 814 813
f 753 754 814
f 754 815 814
f 754 755 815
f 755 816 815
f 755 756 816
f 756 817 816
f 756 757 817
f 757 818 817
f 757 758 818
f 758 819 818
f 758 759 819
f 759 820 819
f 759 760 820
f 760 821 820
f 760 761 821
f 761 822 821
f 761 762 822
f 762 823 822
f 762 763 823
f 763 824 823
f 763 764 824
f 764 825 824
f 764 765 825
f 765 826 825
f 765 766 826
f 766 767 826
f 826 767 827
f 767 768 827
f 827 768 828
f 768 769 828
f 828 769 829
f 769 770 829
f 829 770 830
f 770 771 830
f 830 771 831
f 771 772 831
f 831 772 832
f 772 773 832
f 832 773 833
f 773 774 833
f 833 774 834
f 774 775 834
f 834 775 835
f 775 776 835
f 835 776 836
f 776 777 836
f 836 777 837
f 777 778 837
f 837 778 838
f 778 779 838
f 838 779 839
f 779 780 839
f 839 780 840
f 780 721 840
f 840 721 781
f 781 842 841
f 781 782 842
f 782 843 842
f 782 783 843
f 783 844 843
f 783 784 844
f 784 845 844
f 784 785 845
f 785 846 845
f 785 786 846
f 786 847 846
f 786 787 847
f 787 848 847
f 787 788 848
f 788 849 848
f 788 789 849
f 789 850 849
f 789 790 850
f 790 851 850
f 790 791 851
f 791 852 851
f 791 792 852
f 792 853 852
f 792 793 853
f 793 854 853
f 793 794 854
f 794 855 854
f 794 795 855
f 795 856 855
f 795 796 856
f 796 797 856
f 856 797 857
f 797 798 857
f 857 798 858
f 798 799 858
f 858 799 859
f 799 800 859
f 859 800 860
f 800 801 860
f 860 801 861
f 801 802 861
f 861 802 862
f 802 803 862
f 862 803 863
f 803 804 863
f 863 804 864
f 804 805 864
f 864 805 865
f 805 806 865
f 865 806 866
f 806 807 866
f 866 807 867
f 807 808 867
f 867 808 868
f 808 809 868
f 868 809 869
f 809 810 869
f 869 810 870
f 810 811 870
f 870 811 871
f 811 872 871
f 811 812 872
f 812 873 872
f 812 813 873
f 813 874 873
f 813 814 874
f 814 875 874
f 814 815 875
f 815 876 875
f 815 816 876
f 816 877 876
f 816 817 877
f 817 878 877
f 817 818 878
f 818 879 878
f 818 819 879
f 819 880 879
f 819 820 880
f 820 881 880
f 820 821 881
f 821 882 881
f 821 822 882
f 822 883 882
f 822 823 883
f 823 884 883
f 823 824 884
f 824 885 884
f 824 825 885
f 825 886 885
f 825 826 886
f 826 827 886
f 886 827 887
f 827 828 887
f 887 828 888
f 828 829 888
f 888 829 889
f 829 830 889
f 889 830 890
f 830 831 890
f 890 831 891
f 831 832 891
f 891 832 892
f 832 833 892
f 892 833 893
f 833 834 893
f 893 834 894
f 834 835 894
f 894 835 895
f 835 836 895
f 895 836 896
f 836 837 896
f 896 837 897
f 837 838 897
f 897 838 898
f 838 839 898
f 898 839 899
f 839 840 899
f 899 840 900
f 840 781 900
f 900 781 841
f 842 843 955
f 843 901 955
f 843 844 901
f 844 902 901
f 844 845 902
f 845 903 902
f 845 846 903
f 846 904 903
f 846 847 904
f 847 905 904
f 847 848 905
f 848 906 905
f 848 849 906
f 849 907 906
f 849 850 907
f 850 908 907
f 850 851 908
f 851 909 908
f 851 852 909
f 852 910 909
f 852 853 910
f 853 911 910
f 853 854 911
f 854 912 911
f 854 855 912
f 855 913 912
f 855 856 913
f 856 857 913
f 913 857 914
f 857 858 914
f 914 858 915
f 858 859 915
f 915 859 916
f 859 860 916
f 916 860 917
f 860 861 917
f 917 861 918
f 861 862 918
f 918 862 919
f 862 863 919
f 919 863 920
f 863 864 920
f 920 864 921
f 864 865 921
f 921 865 922
f 865 866 922
f 922 866 923
f 866 867 923
f 923 867 924
f 867 868 924
f 924 868 925
f 868 869 925
f 925 869 926
f 869 870 926
f 926 870 927
f 870 871 927
f 871 872 928
f 872 929 928
f 872 873 929
f 873 930 929
f 873 874 930
f 874 931 930
f 874 875 931
f 875 932 931
f 875 876 932
f 876 933 932
f 876 877 933
f 877 934 933
f 877 878 934
f 878 935 934
f 878 879 935
f 879 936 935
f 879 880 936
f 880 937 936
f 880 881 937
f 881 938 937
f 881 882 938
f 882 939 938
f 882 883 939
f 883 940 939
f 883 884 940
f 884 941 940
f 884 885 941
f 885 942 941
f 885 886 942
f 886 887 942
f 942 887 943
f 887 888 943
f 943 888 944
f 888 889 944
f 944 889 945
f 889 890 945
f 945 890 946
f 890 891 946
f 946 891 947
f 891 892 947
f 947 892 948
f 892 893 948
f 948 893 949
f 893 894 949
f 949 894 950
f 894 895 950
f 950 895 951
f 895 896 951
f 951 896 952
f 896 897 952
f 952 897 953
f 897 898 953
f 953 898 954
f 898 899 954
f 954 899 1010
f 899 900 1010
f 955 901 956
f 901 957 956
f 901 902 957
f 902 958 957
f 902 903 958
f 903 959 958
f 903 904 959
f 904 960 959
f 904 905 960
f 905 961 960
f 905 906 961
f 906 962 961
f 906 907 962
f 907 963 962
f 907 908 963
f 908 964 963
f 908 909 964
f 909 965 964
f 909 910 965
f 910 966 965
f 910 911 966
f 911 967 966
f 911 912 967
f 912 968 967
f 912 913 968
f 913 914 968
f 968 914 969
f 914 915 969
f 969 915 970
f 915 916 970
f 970 916 971
f 916 917 971
f 971 917 972
f 917 918 972
f 972 918 973
f 918 919 973
f 973 919 974
f 919 920 974
f 974 920 975
f 920 921 975
f 975 921 976
f 921 922 976
f 976 922 977
f 922 923 977
f 977 923 978
f 923 924 978
f 978 924 979
f 924 925 979
f 979 925 980
f 925 926 980
f 980 926 981
f 926 927 981
f 981 927 982
f 927 871 982
f 871 928 983
f 928 984 983
f 928 929 984
f 929 985 984
f 929 930 985
f 930 986 985
f 930 931 986
f 931 987 986
f 931 932 987
f 932 988 987
f 932 933 988
f 933 989 988
f 933 934 989
f 934 990 989
f 934 935 990
f 935 991 990
f 935 936 991
f 936 992 991
f 936 937 992
f 937 993 992
f 937 938 993
f 938 994 993
f 938 939 994
f 939 995 994
f 939 940 995
f 940 996 995
f 940 941 996
f 941 997 996
f 941 942 997
f 942 943 997
f 997 943 998
f 943 944 998
f 998 944 999
f 944 945 999
f 999 945 1000
f 945 946 1000
f 1000 946 1001
f 946 947 1001
f 1001 947 1002
f 947 948 1002
f 1002 948 1003
f 948 949 1003
f 1003 949 1004
f 949 950 1004
f 1004 950 1005
f 950 951 1005
f 1005 951 1006
f 951 952 1006
f 1006 952 1007
f 952 953 1007
f 1007 953 1008
f 953 954 1008
f 1008 954 1009
f 954 1010 1009
f 841 842 1067
f 842 1011 1067
f 842 955 1011
f 955 1012 1011
f 955 956 1012
f 956 1013 1012
f 956 957 1013
f 957 1014 1013
f 957 958 1014
f 958 1015 1014
f 958 959 1015
f 959 1016 1015
f 959 960 1016
f 960 1017 1016
f 960 961 1017
f 961 1018 1017
f 961 962 1018
f 962 1019 1018
f 962 963 1019
f 963 1020 1019
f 963 964 1020
f 964 1021 1020
f 964 965 1021
f 965 1022 1021
f 965 966 1022
f 966 1023 1022
f 966 967 1023
f 967 1024 1023
f 967 968 1024
f 968 969 1024
f 1024 969 1025
f 969 970 1025
f 1025 970 1026
f 970 971 1026
f 1026 971 1027
f 971 972 1027
f 1027 972 1028
f 972 973 1028
f 1028 973 1029
f 973 974 1029
f 1029 974 1030
f 974 975 1030
f 1030 975 1031
f 975 976 1031
f 1031 976 1032
f 976 977 1032
f 1032 977 1033
f 977 978 1033
f 1033 978 1034
f 978 979 1034
f 1034 979 1035
f 979 980 1035
f 1035 980 1036
f 980 981 1036
f 1036 981 1037
f 981 982 1037
f 1037 982 1038
f 982 871 1038
f 871 983 1039
f 983 1040 1039
f 983 984 1040
f 984 1041 1040
f 984 985 1041
f 985 1042 1041
f 985 986 1042
f 986 1043 1042
f 986 987 1043
f 987 1044 1043
f 987 988 1044
f 988 1045 1044
f 988 989 1045
f 989 1046 1045
f 989 990 1046
f 990 1047 1046
f 990 991 1047
f 991 1048 1047
f 991 992 1048
f 992 1049 1048
f 992 993 1049
f 993 1050 1049
f 993 994 1050
f 994 1051 1050
f 994 995 1051
f 995 1052 1051
f 995 996 1052
f 996 1053 1052
f 996 997 1053
f 997 998 1053
f 1053 998 1054
f 998 999 1054
f 1054 999 1055
f 999 1000 1055
f 1055 1000 1056
f 1000 1001 1056
f 1056 1001 1057
f 1001 1002 1057
f 1057 1002 1058
f 1002 1003 1058
f 1058 1003 1059
f 1003 1004 1059
f 1059 1004 1060
f 1004 1005 1060
f 1060 1005 1061
f 1005 1006 1061
f 1061 1006 1062
f 1006 1007 1062
f 1062 1007 1063
f 1007 1008 1063
f 1063 1008 1064
f 1008 1009 1064
f 1064 1009 1065
f 1009 1010 1065
f 1065 1010 1066
f 1010 900 1066
f 1066 900 1124
f 900 841 1124
f 1067 1011 1068
f 1011 1069 1068
f 1011 1012 1069
f 1012 1070 1069
f 1012 1013 1070
f 1013 1071 1070
f 1013 1014 1071
f 1014 1072 1071
f 1014 1015 1072
f 1015 1073 1072
f 1015 1016 1073
f 1016 1074 1073
f 1016 1017 1074
f 1017 1075 1074
f 1017 1018 1075
f 1018 1076 1075
f 1018 1019 1076
f 1019 1077 1076
f 1019 1020 1077
f 1020 1078 1077
f 1020 1021 1078
f 1021 1079 1078
f 1021 1022 1079
f 1022 1080 1079
f 1022 1023 1080
f 1023 1081 1080
f 1023 1024 1081
f 1024 1025 1081
f 1081 1025 1082
f 1025 1026 1082
f 1082 1026 1083
f 1026 1027 1083
f 1083 1027 1084
f 1027 1028 1084
f 1084 1028 1085
f 1028 1029 1085
f 1085 1029 1086
f 1029 1030 1086
f 1086 1030 1087
f 1030 1031 1087
f 1087 1031 1088
f 1031 1032 1088
f 1088 1032 1089
f 1032 1033 1089
f 1089 1033 1090
f 1033 1034 1090
f 1090 1034 1091
f 1034 1035 1091
f 1091 1035 1092
f 1035 1036 1092
f 1092 1036 1093
f 1036 1037 1093
f 1093 1037 1094
f 1037 1038 1094
f 1094 1038 1095
f 1038 871 1095
f 871 1039 1096
f 1039 1097 1096
f 1039 1040 1097
f 1040 1098 1097
f 1040 1041 1098
f 1041 1099 1098
f 1041 1042 1099
f 1042 1100 1099
f 1042 1043 1100
f 1043 1101 1100
f 1043 1044 1101
f 1044 1102 1101
f 1044 1045 1102
f 1045 1103 1102
f 1045 1046 1103
f 1046 1104 1103
f 1046 1047 1104
f 1047 1105 1104
f 1047 1048 1105
f 1048 1106 1105
f 1048 1049 1106
f 1049 1107 1106
f 1049 1050 1107
f 1050 1108 1107
f 1050 1051 1108
f 1051 1109 1108
f 1051 1052 1109
f 1052 1110 1109
f 1052 1053 1110
f 1053 1054 1110
f 1110 1054 1111
f 1054 1055 1111
f 1111 1055 1112
f 1055 1056 1112
f 1112 1056 1113
f 1056 1057 1113
f 1113 1057 1114
f 1057 1058 1114
f 1114 1058 1115
f 1058 1059 1115
f 1115 1059 1116
f 1059 1060 1116
f 1116 1060 1117
f 1060 1061 1117
f 1117 1061 1118
f 1061 1062 1118
f 1118 1062 1119
f 1062 1063 1119
f 1119 1063 1120
f 1063 1064 1120
f 1120 1064 1121
f 1064 1065 1121
f 1121 1065 1122
f 1065 1066 1122
f 1122 1066 1123
f 1066 1124 1123
f 841 1067 1181
f 1067 1125 1181
f 1067 1068 1125
f 1068 1126 1125
f 1068 1069 1126
f 1069 1127 1126
f 1069 1070 1127
f 1070 1128 1127
f 1070 1071 1128
f 1071 1129 1128
f 1071 1072 1129
f 1072 1130 1129
f 1072 1073 1130
f 1073 1131 1130
f 1073 1074 1131
f 1074 1132 1131
f 1074 1075 1132
f 1075 1133 1132
f 1075 1076 1133
f 1076 1134 1133
f 1076 1077 1134
f 1077 1135 1134
f 1077 1078 1135
f 1078 1136 1135
f 1078 1079 1136
f 1079 1137 1136
f 1079 1080 1137
f 1080 1138 1137
f 1080 1081 1138
f 1081 1082 1138
f 1138 1082 1139
f 1082 1083 1139
f 1139 1083 1140
f 1083 1084 1140
f 1140 1084 1141
f 1084 1085 1141
f 1141 1085 1142
f 1085 1086 1142
f 1142 1086 1143
f 1086 1087 1143
f 1143 1087 1144
f 1087 1088 1144
f 1144 1088 1145
f 1088 1089 1145
f 1145 1089 1146
f 1089 1090 1146
f 1146 1090 1147
f 1090 1091 1147
f 1147 1091 1148
f 1091 1092 1148
f 1148 1092 1149
f 1092 1093 1149
f 1149 1093 1150
f 1093 1094 1150
f 1150 1094 1151
f 1094 1095 1151
f 1151 1095 1152
f 1095 871 1152
f 871 1096 1153
f 1096 1154 1153
f 1096 1097 1154
f 1097 1155 1154
f 1097 1098 1155
f 1098 1156 1155
f 1098 1099 1156
f 1099 1157 1156
f 1099 1100 1157
f 1100 1158 1157
f 1100 1101 1158
f 1101 1159 1158
f 1101 1102 1159
f 1102 1160 1159
f 1102 1103 1160
f 1103 1161 1160
f 1103 1104 1161
f 1104 1162 1161
f 1104 1105 1162
f 1105 1163 1162
f 1105 1106 1163
f 1106 1164 1163
f 1106 1107 1164
f 1107 1165 1164
f 1107 1108 1165
f 1108 1166 1165
f 1108 1109 1166
f 1109 1167 1166
f 1109 1110 1167
f 1110 1111 1167
f 1167 1111 1168
f 1111 1112 1168
f 1168 1112 1169
f 1112 1113 1169
f 1169 1113 1170
f 1113 1114 1170
f 1170 1114 1171
f 1114 1115 1171
f 1171 1115 1172
f 1115 1116 1172
f 1172 1116 1173
f 1116 1117 1173
f 1173 1117 1174
f 1117 1118 1174
f 1174 1118 1175
f 1118 1119 1175
f 1175 1119 1176
f 1119 1120 1176
f 1176 1120 1177
f 1120 1121 1177
f 1177 1121 1178
f 1121 1122 1178
f 1178 1122 1179
f 1122 1123 1179
f 1179 1123 1180
f 1123 1124 1180
f 1180 1124 1238
f 1124 841 1238
f 1181 1125 1182
f 1125 1183 1182
f 1125 1126 1183
f 1126 1184 1183
f 1126 1127 1184
f 1127 1185 1184
f 1127 1128 1185
f 1128 1186 1185
f 1128 1129 1186
f 1129 1187 1186
f 1129 1130 1187
f 1130 1188 1187
f 1130 1131 1188
f 1131 1189 1188
f 1131 1132 1189
f 1132 1190 1189
f 1132 1133 1190
f 1133 1191 1190
f 1133 1134 1191
f 1134 1192 1191
f 1134 1135 1192
f 1135 1193 1192
f 1135 1136 1193
f 1136 1194 1193
f 1136 1137 1194
f 1137 1195 1194
f 1137 1138 1195
f 1138 1139 1195
f 1195 1139 1196
f 1139 1140 1196
f 1196 1140 1197
f 1140 1141 1197
f 1197 1141 1198
f 1141 1142 1198
f 1198 1142 1199
f 1142 1143 1199
f 1199 1143 1200
f 1143 1144 1200
f 1200 1144 1201
f 1144 1145 1201
f 1201 1145 1202
f 1145 1146 1202
f 1202 1146 1203
f 1146 1147 1203
f 1203 1147 1204
f 1147 1148 1204
f 1204 1148 1205
f 1148 1149 1205
f 1205 1149 1206
f 1149 1150 1206
f 1206 1150 1207
f 1150 1151 1207
f 1207 1151 1208
f 1151 1152 1208
f 1208 1152 1209
f 1152 871 1209
f 871 1153 1210
f 1153 1211 1210
f 1153 1154 1211
f 1154 1212 1211
f 1154 1155 1212
f 1155 1213 1212
f 1155 1156 1213
f 1156 1214 1213
f 1156 1157 1214
f 1157 1215 1214
f 1157 1158 1215
f 1158 1216 1215
f 1158 1159 1216
f 1159 1217 1216
f 1159 1160 1217
f 1160 1218 1217
f 1160 1161 1218
f 1161 1219 1218
f 1161 1162 1219
f 1162 1220 1219
f 1162 1163 1220
f 1163 1221 1220
f 1163 1164 1221
f 1164 1222 1221
f 1164 1165 1222
f 1165 1223 1222
f 1165 1166 1223
f 1166 1224 1223
f 1166 1167 1224
f 1167 1168 1224
f 1224 1168 1225
f 1168 1169 1225
f 1225 1169 1226
f 1169 1170 1226
f 1226 1170 1227
f 1170 1171 1227
f 1227 1171 1228
f 1171 1172 1228
f 1228 1172 1229
f 1172 1173 1229
f 1229 1173 1230
f 1173 1174 1230
f 1230 1174 1231
f 1174 1175 1231
f 1231 1175 1232
f 1175 1176 1232
f 1232 1176 1233
f 1176 1177 1233
f 1233 1177 1234
f 1177 1178 1234
f 1234 1178 1235
f 1178 1179 1235
f 1235 1179 1236
f 1179 1180 1236
f 1236 1180 1237
f 1180 1238 1237
f 841 1181 1238
f 1181 1239 1238
f 1181 1182 1239
f 1182 1240 1239
f 1182 1183 1240
f 1183 1241 1240
f 1183 1184 1241
f 1184 1242 1241
f 1184 1185 1242
f 1185 1243 1242
f 1185 1186 1243
f 1186 1244 1243
f 1186 1187 1244
f 1187 1245 1244
f 1187 1188 1245
f 1188 1246 1245
f 1188 1189 1246
f 1189 1247 1246
f 1189 1190 1247
f 1190 1248 1247
f 1190 1191 1248
f 1191 1249 1248
f 1191 1192 1249
f 1192 1250 1249
f 1192 1193 1250
f 1193 1251 1250
f 1193 1194 1251
f 1194 1252 1251
f 1194 1195 1252
f 1195 1196 1252
f 1252 1196 1253
f 1196 1197 1253
f 1253 1197 1254
f 1197 1198 1254
f 1254 1198 1255
f 1198 1199 1255
f 1255 1199 1256
f 1199 1200 1256
f 1256 1200 1257
f 1200 1201 1257
f 1257 1201 1258
f 1201 1202 1258
f 1258 1202 1259
f 1202 1203 1259
f 1259 1203 1260
f 1203 1204 1260
f 1260 1204 1261
f 1204 1205 1261
f 1261 1205 1262
f 1205 1206 1262
f 1262 1206 1263
f 1206 1207 1263
f 1263 1207 1264
f 1207 1208 1264
f 1264 1208 1265
f 1208 1209 1265
f 1265 1209 1266
f 1209 871 1266
f 871 1210 1266
f 1210 1265 1266
f 1210 1211 1265
f 1211 1264 1265
f 1211 1212 1264
f 1212 1263 1264
f 1212 1213 1263
f 1213 1262 1263
f 1213 1214 1262
f 1214 1261 1262
f 1214 1215 1261
f 1215 1260 1261
f 1215 1216 1260
f 1216 1259 1260
f 1216 1217 1259
f 1217 1258 1259
f 1217 1218 1258
f 1218 1257 1258
f 1218 1219 1257
f 1219 1256 1257
f 1219 1220 1256
f 1220 1255 1256
f 1220 1221 1255
f 1221 1254 1255
f 1221 1222 1254
f 1222 1253 1254
f 1222 1223 1253
f 1223 1252 1253
f 1223 1224 1252
f 1224 1225 1252
f 1252 1225 1251
f 1225 1226 1251
f 1251 1226 1250
f 1226 1227 1250
f 1250 1227 1249
f 1227 1228 1249
f 1249 1228 1248
f 1228 1229 1248
f 1248 1229 1247
f 1229 1230 1247
f 1247 1230 1246
f 1230 1231 1246
f 1246 1231 1245
f 1231 1232 1245
f 1245 1232 1244
f 1232 1233 1244
f 1244 1233 1243
f 1233 1234 1243
f 1243 1234 1242
f 1234 1235 1242
f 1242 1235 1241
f 1235 1236 1241
f 1241 1236 1240
f 1236 1237 1240
f 1240 1237 1239
f 1237 1238 1239
f 1 1267 1268
f 1 1268 4
f 4 1268 1269
f 4 1269 6
f 6 1269 1270
f 6 1270 8
f 8 1270 1271
f 8 1271 10
f 10 1271 1272
f 10 1272 12
f 12 1272 1273
f 12 1273 14
f 14 1273 1274
f 14 1274 16
f 16 1274 1275
f 16 1275 18
f 18 1275 1276
f 18 1276 20
f 20 1276 1277
f 20 1277 22
f 22 1277 1278
f 22 1278 24
f 24 1278 1279
f 24 1279 26
f 26 1279 1280
f 26 1280 28
f 28 1280 1281
f 28 1281 30
f 30 1281 1282
f 30 1282 32
f 32 1282 33
f 1282 1283 33
f 33 1283 35
f 1283 1284 35
f 35 1284 37
f 1284 1285 37
f 37 1285 39
f 1285 1286 39
f 39 1286 41
f 1286 1287 41
f 41 1287 43
f 1287 1288 43
f 43 1288 45
f 1288 1289 45
f 45 1289 47
f 1289 1290 47
f 47 1290 49
f 1290 1291 49
f 49 1291 51
f 1291 1292 51
f 51 1292 53
f 1292 1293 53
f 53 1293 55
f 1293 1294 55
f 55 1294 57
f 1294 1295 57
f 57 1295 59
f 1295 1296 59
f 59 1296 61
f 1296 1297 61
f 61 1297 1298
f 61 1298 64
f 64 1298 1299
f 64 1299 66
f 66 1299 1300
f 66 1300 68
f 68 1300 1301
f 68 1301 70
f 70 1301 1302
f 70 1302 72
f 72 1302 1303
f 72 1303 74
f 74 1303 1304
f 74 1304 76
f 76 1304 1305
f 76 1305 78
f 78 1305 1306
f 78 1306 80
f 80 1306 1307
f 80 1307 82
f 82 1307 1308
f 82 1308 84
f 84 1308 1309
f 84 1309 86
f 86 1309 1310
f 86 1310 88
f 88 1310 1311
f 88 1311 90
f 90 1311 1312
f 90 1312 92
f 92 1312 93
f 1312 1313 93
f 93 1313 95
f 1313 1314 95
f 95 1314 97
f 1314 1315 97
f 97 1315 99
f 1315 1316 99
f 99 1316 101
f 1316 1317 101
f 101 1317 103
f 1317 1318 103
f 103 1318 105
f 1318 1319 105
f 105 1319 107
f 1319 1320 107
f 107 1320 109
f 1320 1321 109
f 109 1321 111
f 1321 1322 111
f 111 1322 113
f 1322 1323 113
f 113 1323 115
f 1323 1324 115
f 115 1324 117
f 1324 1325 117
f 117 1325 119
f 1325 1326 119
f 119 1326 1
f 1326 1267 1
f 1267 1327 1328
f 1267 1328 1268
f 1268 1328 1329
f 1268 1329 1269
f 1269 1329 1330
f 1269 1330 1270
f 1270 1330 1331
f 1270 1331 1271
f 1271 1331 1332
f 1271 1332 1272
f 1272 1332 1333
f 1272 1333 1273
f 1273 1333 1334
f 1273 1334 1274
f 1274 1334 1335
f 1274 1335 1275
f 1275 1335 1336
f 1275 1336 1276
f 1276 1336 1337
f 1276 1337 1277
f 1277 1337 1338
f 1277 1338 1278
f 1278 1338 1339
f 1278 1339 1279
f 1279 1339 1340
f 1279 1340 1280
f 1280 1340 1341
f 1280 1341 1281
f 1281 1341 1342
f 1281 1342 1282
f 1282 1342 1283
f 1342 1343 1283
f 1283 1343 1284
f 1343 1344 1284
f 1284 1344 1285
f 1344 1345 1285
f 1285 1345 1286
f 1345 1346 1286
f 1286 1346 1287
f 1346 1347 1287
f 1287 1347 1288
f 1347 1348 1288
f 1288 1348 1289
f 1348 1349 1289
f 1289 1349 1290
f 1349 1350 1290
f 1290 1350 1291
f 1350 1351 1291
f 1291 1351 1292
f 1351 1352 1292
f 1292 1352 1293
f 1352 1353 1293
f 1293 1353 1294
f 1353 1354 1294
f 1294 1354 1295
f 1354 1355 1295
f 1295 1355 1296
f 1355 1356 1296
f 1296 1356 1297
f 1356 1357 1297
f 1297 1357 1358
f 1297 1358 1298
f 1298 1358 1359
f 1298 1359 1299
f 1299 1359 1360
f 1299 1360 1300
f 1300 1360 1361
f 1300 1361 1301
f 1301 1361 1362
f 1301 1362 1302
f 1302 1362 1363
f 1302 1363 1303
f 1303 1363 1364
f 1303 1364 1304
f 1304 1364 1365
f 1304 1365 1305
f 1305 1365 1366
f 1305 1366 1306
f 1306 1366 1367
f 1306 1367 1307
f 1307 1367 1368
f 1307 1368 1308
f 1308 1368 1369
f 1308 1369 1309
f 1309 1369 1370
f 1309 1370 1310
f 1310 1370 1371
f 1310 1371 1311
f 1311 1371 1372
f 1311 1372 1312
f 1312 1372 1313
f 1372 1373 1313
f 1313 1373 1314
f 1373 1374 1314
f 1314 1374 1315
f 1374 1375 1315
f 1315 1375 1316
f 1375 1376 1316
f 1316 1376 1317
f 1376 1377 1317
f 1317 1377 1318
f 1377 1378 1318
f 1318 1378 1319
f 1378 1379 1319
f 1319 1379 1320
f 1379 1380 1320
f 1320 1380 1321
f 1380 1381 1321
f 1321 1381 1322
f 1381 1382 1322
f 1322 1382 1323
f 1382 1383 1323
f 1323 1383 1324
f 1383 1384 1324
f 1324 1384 1325
f 1384 1385 1325
f 1325 1385 1326
f 1385 1386 1326
f 1326 1386 1267
f 1386 1327 1267
f 1327 1387 1388
f 1327 1388 1328
f 1328 1388 1389
f 1328 1389 1329
f 1329 1389 1390
f 1329 1390 1330
f 1330 1390 1391
f 1330 1391 1331
f 1331 1391 1392
f 1331 1392 1332
f 1332 1392 1393
f 1332 1393 1333
f 1333 1393 1394
f 1333 1394 1334
f 1334 1394 1395
f 1334 1395 1335
f 1335 1395 1396
f 1335 1396 1336
f 1336 1396 1397
f 1336 1397 1337
f 1337 1397 1398
f 1337 1398 1338
f 1338 1398 1399
f 1338 1399 1339
f 1339 1399 1400
f 1339 1400 1340
f 1340 1400 1401
f 1340 1401 1341
f 1341 1401 1402
f 1341 1402 1342
f 1342 1402 1343
f 1402 1403 1343
f 1343 1403 1344
f 1403 1404 1344
f 1344 1404 1345
f 1404 1405 1345
f 1345 1405 1346
f 1405 1406 1346
f 1346 1406 1347
f 1406 1407 1347
f 1347 1407 1348
f 1407 1408 1348
f 1348 1408 1349
f 1408 1409 1349
f 1349 1409 1350
f 1409 1410 1350
f 1350 1410 1351
f 1410 1411 1351
f 1351 1411 1352
f 1411 1412 1352
f 1352 1412 1353
f 1412 1413 1353
f 1353 1413 1354
f 1413 1414 1354
f 1354 1414 1355
f 1414 1415 1355
f 1355 1415 1356
f 1415 1416 1356
f 1356 1416 1357
f 1416 1417 1357
f 1357 1417 1418
f 1357 1418 1358
f 1358 1418 1419
f 1358 1419 1359
f 1359 1419 1420
f 1359 1420 1360
f 1360 1420 1421
f 1360 1421 1361
f 1361 1421 1422
f 1361 1422 1362
f 1362 1422 1423
f 1362 1423 1363
f 1363 1423 1424
f 1363 1424 1364
f 1364 1424 1425
f 1364 1425 1365
f 1365 1425 1426
f 1365 1426 1366
f 1366 1426 1427
f 1366 1427 1367
f 1367 1427 1428
f 1367 1428 1368
f 1368 1428 1429
f 1368 1429 1369
f 1369 1429 1430
f 1369 1430 1370
f 1370 1430 1431
f 1370 1431 1371
f 1371 1431 1432
f 1371 1432 1372
f 1372 1432 1373
f 1432 1433 1373
f 1373 1433 1374
f 1433 1434 1374
f 1374 1434 1375
f 1434 1435 1375
f 1375 1435 1376
f 1435 1436 1376
f 1376 1436 1377
f 1436 1437 1377
f 1377 1437 1378
f 1437 1438 1378
f 1378 1438 1379
f 1438 1439 1379
f 1379 1439 1380
f 1439 1440 1380
f 1380 1440 1381
f 1440 1441 1381
f 1381 1441 1382
f 1441 1442 1382
f 1382 1442 1383
f 1442 1443 1383
f 1383 1443 1384
f 1443 1444 1384
f 1384 1444 1385
f 1444 1445 1385
f 1385 1445 1386
f 1445 1446 1386
f 1386 1446 1327
f 1446 1387 1327
f 1387 1447 1448
f 1387 1448 1388
f 1388 1448 1449
f 1388 1449 1389
f 1389 1449 1450
f 1389 1450 1390
f 1390 1450 1451
f 1390 1451 1391
f 1391 1451 1452
f 1391 1452 1392
f 1392 1452 1453
f 1392 1453 1393
f 1393 1453 1454
f 1393 1454 1394
f 1394 1454 1455
f 1394 1455 1395
f 1395 1455 1456
f 1395 1456 1396
f 1396 1456 1457
f 1396 1457 1397
f 1397 1457 1458
f 1397 1458 1398
f 1398 1458 1459
f 1398 1459 1399
f 1399 1459 1460
f 1399 1460 1400
f 1400 1460 1461
f 1400 1461 1401
f 1401 1461 1462
f 1401 1462 1402
f 1402 1462 1403
f 1462 1463 1403
f 1403 1463 1404
f 1463 1464 1404
f 1404 1464 1405
f 1464 1465 1405
f 1405 1465 1406
f 1465 1466 1406
f 1406 1466 1407
f 1466 1467 1407
f 1407 1467 1408
f 1467 1468 1408
f 1408 1468 1409
f 1468 1469 1409
f 1409 1469 1410
f 1469 1470 1410
f 1410 1470 1411
f 1470 1471 1411
f 1411 1471 1412
f 1471 1472 1412
f 1412 1472 1413
f 1472 1473 1413
f 1413 1473 1414
f 1473 1474 1414
f 1414 1474 1415
f 1474 1475 1415
f 1415 1475 1416
f 1475 1476 1416
f 1416 1476 1417
f 1476 1477 1417
f 1417 1477 1478
f 1417 1478 1418
f 1418 1478 1479
f 1418 1479 1419
f 1419 1479 1480
f 1419 1480 1420
f 1420 1480 1481
f 1420 1481 1421
f 1421 1481 1482
f 1421 1482 1422
f 1422 1482 1483
f 1422 1483 1423
f 1423 1483 1484
f 1423 1484 1424
f 1424 1484 1485
f 1424 1485 1425
f 1425 1485 1486
f 1425 1486 1426
f 1426 1486 1487
f 1426 1487 1427
f 1427 1487 1488
f 1427 1488 1428
f 1428 1488 1489
f 1428 1489 1429
f 1429 1489 1490
f 1429 1490 1430
f 1430 1490 1491
f 1430 1491 1431
f 1431 1491 1492
f 1431 1492 1432
f 1432 1492 1433
f 1492 1493 1433
f 1433 1493 1434
f 1493 1494 1434
f 1434 1494 1435
f 1494 1495 1435
f 1435 1495 1436
f 1495 1496 1436
f 1436 1496 1437
f 1496 1497 1437
f 1437 1497 1438
f 1497 1498 1438
f 1438 1498 1439
f 1498 1499 1439
f 1439 1499 1440
f 1499 1500 1440
f 1440 1500 1441
f 1500 1501 1441
f 1441 1501 1442
f 1501 1502 1442
f 1442 1502 1443
f 1502 1503 1443
f 1443 1503 1444
f 1503 1504 1444
f 1444 1504 1445
f 1504 1505 1445
f 1445 1505 1446
f 1505 1506 1446
f 1446 1506 1387
f 1506 1447 1387
f 1447 1507 1508
f 1447 1508 1448
f 1448 1508 1509
f 1448 1509 1449
f 1449 1509 1510
f 1449 1510 1450
f 1450 1510 1511
f 1450 1511 1451
f 1451 1511 1512
f 1451 1512 1452
f 1452 1512 1513
f 1452 1513 1453
f 1453 1513 1514
f 1453 1514 1454
f 1454 1514 1515
f 1454 1515 1455
f 1455 1515 1516
f 1455 1516 1456
f 1456 1516 1517
f 1456 1517 1457
f 1457 1517 1518
f 1457 1518 1458
f 1458 1518 1519
f 1458 1519 1459
f 1459 1519 1520
f 1459 1520 1460
f 1460 1520 1521
f 1460 1521 1461
f 1461 1521 1522
f 1461 1522 1462
f 1462 1522 1463
f 1522 1523 1463
f 1463 1523 1464
f 1523 1524 1464
f 1464 1524 1465
f 1524 1525 1465
f 1465 1525 1466
f 1525 1526 1466
f 1466 1526 1467
f 1526 1527 1467
f 1467 1527 1468
f 1527 1528 1468
f 1468 1528 1469
f 1528 1529 1469
f 1469 1529 1470
f 1529 1530 1470
f 1470 1530 1471
f 1530 1531 1471
f 1471 1531 1472
f 1531 1532 1472
f 1472 1532 1473
f 1532 1533 1473
f 1473 1533 1474
f 1533 1534 1474
f 1474 1534 1475
f 1534 1535 1475
f 1475 1535 1476
f 1535 1536 1476
f 1476 1536 1477
f 1536 1537 1477
f 1477 1537 1538
f 1477 1538 1478
f 1478 1538 1539
f 1478 1539 1479
f 1479 1539 1540
f 1479 1540 1480
f 1480 1540 1541
f 1480 1541 1481
f 1481 1541 1542
f 1481 1542 1482
f 1482 1542 1543
f 1482 1543 1483
f 1483 1543 1544
f 1483 1544 1484
f 1484 1544 1545
f 1484 1545 1485
f 1485 1545 1546
f 1485 1546 1486
f 1486 1546 1547
f 1486 1547 1487
f 1487 1547 1548
f 1487 1548 1488
f 1488 1548 1549
f 1488 1549 1489
f 1489 1549 1550
f 1489 1550 1490
f 1490 1550 1551
f 1490 1551 1491
f 1491 1551 1552
f 1491 1552 1492
f 1492 1552 1493
f 1552 1553 1493
f 1493 1553 1494
f 1553 1554 1494
f 1494 1554 1495
f 1554 1555 1495
f 1495 1555 1496
f 1555 1556 1496
f 1496 1556 1497
f 1556 1557 1497
f 1497 1557 1498
f 1557 1558 1498
f 1498 1558 1499
f 1558 1559 1499
f 1499 1559 1500
f 1559 1560 1500
f 1500 1560 1501
f 1560 1561 1501
f 1501 1561 1502
f 1561 1562 1502
f 1502 1562 1503
f 1562 1563 1503
f 1503 1563 1504
f 1563 1564 1504
f 1504 1564 1505
f 1564 1565 1505
f 1505 1565 1506
f 1565 1566 1506
f 1506 1566 1447
f 1566 1507 1447
f 1507 1567 1568
f 1507 1568 1508
f 1508 1568 1569
f 1508 1569 1509
f 1509 1569 1570
f 1509 1570 1510
f 1510 1570 1571
f 1510 1571 1511
f 1511 1571 1572
f 1511 1572 1512
f 1512 1572 1573
f 1512 1573 1513
f 1513 1573 1574
f 1513 1574 1514
f 1514 1574 1575
f 1514 1575 1515
f 1515 1575 1576
f 1515 1576 1516
f 1516 1576 1577
f 1516 1577 1517
f 1517 1577 1578
f 1517 1578 1518
f 1518 1578 1579
f 1518 1579 1519
f 1519 1579 1580
f 1519 1580 1520
f 1520 1580 1581
f 1520 1581 1521
f 1521 1581 1582
f 1521 1582 1522
f 1522 1582 1523
f 1582 1583 1523
f 1523 1583 1524
f 1583 1584 1524
f 1524 1584 1525
f 1584 1585 1525
f 1525 1585 1526
f 1585 1586 1526
f 1526 1586 1527
f 1586 1587 1527
f 1527 1587 1528
f 1587 1588 1528
f 1528 1588 1529
f 1588 1589 1529
f 1529 1589 1530
f 1589 1590 1530
f 1530 1590 1531
f 1590 1591 1531
f 1531 1591 1532
f 1591 1592 1532
f 1532 1592 1533
f 1592 1593 1533
f 1533 1593 1534
f 1593 1594 1534
f 1534 1594 1535
f 1594 1595 1535
f 1535 1595 1536
f 1595 1596 1536
f 1536 1596 1537
f 1596 1597 1537
f 1537 1597 1598
f 1537 1598 1538
f 1538 1598 1599
f 1538 1599 1539
f 1539 1599 1600
f 1539 1600 1540
f 1540 1600 1601
f 1540 1601 1541
f 1541 1601 1602
f 1541 1602 1542
f 1542 1602 1603
f 1542 1603 1543
f 1543 1603 1604
f 1543 1604 1544
f 1544 1604 1605
f 1544 1605 1545
f 1545 1605 1606
f 1545 1606 1546
f 1546 1606 1607
f 1546 1607 1547
f 1547 1607 1608
f 1547 1608 1548
f 1548 1608 1609
f 1548 1609 1549
f 1549 1609 1610
f 1549 1610 1550
f 1550 1610 1611
f 1550 1611 1551
f 1551 1611 1612
f 1551 1612 1552
f 1552 1612 1553
f 1612 1613 1553
f 1553 1613 1554
f 1613 1614 1554
f 1554 1614 1555
f 1614 1615 1555
f 1555 1615 1556
f 1615 1616 1556
f 1556 1616 1557
f 1616 1617 1557
f 1557 1617 1558
f 1617 1618 1558
f 1558 1618 1559
f 1618 1619 1559
f 1559 1619 1560
f 1619 1620 1560
f 1560 1620 1561
f 1620 1621 1561
f 1561 1621 1562
f 1621 1622 1562
f 1562 1622 1563
f 1622 1623 1563
f 1563 1623 1564
f 1623 1624 1564
f 1564 1624 1565
f 1624 1625 1565
f 1565 1625 1566
f 1625 1626 1566
f 1566 1626 1507
f 1626 1567 1507
f 1567 1627 1628
f 1567 1628 1568
f 1568 1628 1629
f 1568 1629 1569
f 1569 1629 1630
f 1569 1630 1570
f 1570 1630 1631
f 1570 1631 1571
f 1571 1631 1632
f 1571 1632 1572
f 1572 1632 1633
f 1572 1633 1573
f 1573 1633 1634
f 1573 1634 1574
f 1574 1634 1635
f 1574 1635 1575
f 1575 1635 1636
f 1575 1636 1576
f 1576 1636 1637
f 1576 1637 1577
f 1577 1637 1638
f 1577 1638 1578
f 1578 1638 1639
f 1578 1639 1579
f 1579 1639 1640
f 1579 1640 1580
f 1580 1640 1641
f 1580 1641 1581
f 1581 1641 1642
f 1581 1642 1582
f 1582 1642 1583
f 1642 1643 1583
f 1583 1643 1584
f 1643 1644 1584
f 1584 1644 1585
f 1644 1645 1585
f 1585 1645 1586
f 1645 1646 1586
f 1586 1646 1587
f 1646 1647 1587
f 1587 1647 1588
f 1647 1648 1588
f 1588 1648 1589
f 1648 1649 1589
f 1589 1649 1590
f 1649 1650 1590
f 1590 1650 1591
f 1650 1651 1591
f 1591 1651 1592
f 1651 1652 1592
f 1592 1652 1593
f 1652 1653 1593
f 1593 1653 1594
f 1653 1654 1594
f 1594 1654 1595
f 1654 1655 1595
f 1595 1655 1596
f 1655 1656 1596
f 1596 1656 1597
f 1656 1657 1597
f 1597 1657 1658
f 1597 1658 1598
f 1598 1658 1659
f 1598 1659 1599
f 1599 1659 1660
f 1599 1660 1600
f 1600 1660 1661
f 1600 1661 1601
f 1601 1661 1662
f 1601 1662 1602
f 1602 1662 1663
f 1602 1663 1603
f 1603 1663 1664
f 1603 1664 1604
f 1604 1664 1665
f 1604 1665 1605
f 1605 1665 1666
f 1605 1666 1606
f 1606 1666 1667
f 1606 1667 1607
f 1607 1667 1668
f 1607 1668 1608
f 1608 1668 1669
f 1608 1669 1609
f 1609 1669 1670
f 1609 1670 1610
f 1610 1670 1671
f 1610 1671 1611
f 1611 1671 1672
f 1611 1672 1612
f 1612 1672 1613
f 1672 1673 1613
f 1613 1673 1614
f 1673 1674 1614
f 1614 1674 1615
f 1674 1675 1615
f 1615 1675 1616
f 1675 1676 1616
f 1616 1676 1617
f 1676 1677 1617
f 1617 1677 1618
f 1677 1678 1618
f 1618 1678 1619
f 1678 1679 1619
f 1619 1679 1620
f 1679 1680 1620
f 1620 1680 1621
f 1680 1681 1621
f 1621 1681 1622
f 1681 1682 1622
f 1622 1682 1623
f 1682 1683 1623
f 1623 1683 1624
f 1683 1684 1624
f 1624 1684 1625
f 1684 1685 1625
f 1625 1685 1626
f 1685 1686 1626
f 1626 1686 1567
f 1686 1627 1567
f 1627 1687 1688
f 1627 1688 1628
f 1628 1688 1689
f 1628 1689 1629
f 1629 1689 1690
f 1629 1690 1630
f 1630 1690 1691
f 1630 1691 1631
f 1631 1691 1692
f 1631 1692 1632
f 1632 1692 1693
f 1632 1693 1633
f 1633 1693 1694
f 1633 1694 1634
f 1634 1694 1695
f 1634 1695 1635
f 1635 1695 1696
f 1635 1696 1636
f 1636 1696 1697
f 1636 1697 1637
f 1637 1697 1698
f 1637 1698 1638
f 1638 1698 1699
f 1638 1699 1639
f 1639 1699 1700
f 1639 1700 1640
f 1640 1700 1701
f 1640 1701 1641
f 1641 1701 1702
f 1641 1702 1642
f 1642 1702 1643
f 1702 1703 1643
f 1643 1703 1644
f 1703 1704 1644
f 1644 1704 1645
f 1704 1705 1645
f 1645 1705 1646
f 1705 1706 1646
f 1646 1706 1647
f 1706 1707 1647
f 1647 1707 1648
f 1707 1708 1648
f 1648 1708 1649
f 1708 1709 1649
f 1649 1709 1650
f 1709 1710 1650
f 1650 1710 1651
f 1710 1711 1651
f 1651 1711 1652
f 1711 1712 1652
f 1652 1712 1653
f 1712 1713 1653
f 1653 1713 1654
f 1713 1714 1654
f 1654 1714 1655
f 1714 1715 1655
f 1655 1715 1656
f 1715 1716 1656
f 1656 1716 1657
f 1716 1717 1657
f 1657 1717 1718
f 1657 1718 1658
f 1658 1718 1719
f 1658 1719 1659
f 1659 1719 1720
f 1659 1720 1660
f 1660 1720 1721
f 1660 1721 1661
f 1661 1721 1722
f 1661 1722 1662
f 1662 1722 1723
f 1662 1723 1663
f 1663 1723 1724
f 1663 1724 1664
f 1664 1724 1725
f 1664 1725 1665
f 1665 1725 1726
f 1665 1726 1666
f 1666 1726 1727
f 1666 1727 1667
f 1667 1727 1728
f 1667 1728 1668
f 1668 1728 1729
f 1668 1729 1669
f 1669 1729 1730
f 1669 1730 1670
f 1670 1730 1731
f 1670 1731 1671
f 1671 1731 1732
f 1671 1732 1672
f 1672 1732 1673
f 1732 1733 1673
f 1673 1733 1674
f 1733 1734 1674
f 1674 1734 1675
f 1734 1735 1675
f 1675 1735 1676
f 1735 1736 1676
f 1676 1736 1677
f 1736 1737 1677
f 1677 1737 1678
f 1737 1738 1678
f 1678 1738 1679
f 1738 1739 1679
f 1679 1739 1680
f 1739 1740 1680
f 1680 1740 1681
f 1740 1741 1681
f 1681 1741 1682
f 1741 1742 1682
f 1682 1742 1683
f 1742 1743 1683
f 1683 1743 1684
f 1743 1744 1684
f 1684 1744 1685
f 1744 1745 1685
f 1685 1745 1686
f 1745 1746 1686
f 1686 1746 1627
f 1746 1687 1627
f 1687 1747 1748
f 1687 1748 1688
f 1688 1748 1749
f 1688 1749 1689
f 1689 1749 1750
f 1689 1750 1690
f 1690 1750 1751
f 1690 1751 1691
f 1691 1751 1752
f 1691 1752 1692
f 1692 1752 1753
f 1692 1753 1693
f 1693 1753 1754
f 1693 1754 1694
f 1694 1754 1755
f 1694 1755 1695
f 1695 1755 1756
f 1695 1756 1696
f 1696 1756 1757
f 1696 1757 1697
f 1697 1757 1758
f 1697 1758 1698
f 1698 1758 1759
f 1698 1759 1699
f 1699 1759 1760
f 1699 1760 1700
f 1700 1760 1761
f 1700 1761 1701
f 1701 1761 1762
f 1701 1762 1702
f 1702 1762 1703
f 1762 1763 1703
f 1703 1763 1704
f 1763 1764 1704
f 1704 1764 1705
f 1764 1765 1705
f 1705 1765 1706
f 1765 1766 1706
f 1706 1766 1707
f 1766 1767 1707
f 1707 1767 1708
f 1767 1768 1708
f 1708 1768 1709
f 1768 1769 1709
f 1709 1769 1710
f 1769 1770 1710
f 1710 1770 1711
f 1770 1771 1711
f 1711 1771 1712
f 1771 1772 1712
f 1712 1772 1713
f 1772 1773 1713
f 1713 1773 1714
f 1773 1774 1714
f 1714 1774 1715
f 1774 1775 1715
f 1715 1775 1716
f 1775 1776 1716
f 1716 1776 1717
f 1776 1777 1717
f 1717 1777 1778
f 1717 1778 1718
f 1718 1778 1779
f 1718 1779 1719
f 1719 1779 1780
f 1719 1780 1720
f 1720 1780 1781
f 1720 1781 1721
f 1721 1781 1782
f 1721 1782 1722
f 1722 1782 1783
f 1722 1783 1723
f 1723 1783 1784
f 1723 1784 1724
f 1724 1784 1785
f 1724 1785 1725
f 1725 1785 1786
f 1725 1786 1726
f 1726 1786 1787
f 1726 1787 1727
f 1727 1787 1788
f 1727 1788 1728
f 1728 1788 1789
f 1728 1789 1729
f 1729 1789 1790
f 1729 1790 1730
f 1730 1790 1791
f 1730 1791 1731
f 1731 1791 1792
f 1731 1792 1732
f 1732 1792 1733
f 1792 1793 1733
f 1733 1793 1734
f 1793 1794 1734
f 1734 1794 1735
f 1794 1795 1735
f 1735 1795 1736
f 1795 1796 1736
f 1736 1796 1737
f 1796 1797 1737
f 1737 1797 1738
f 1797 1798 1738
f 1738 1798 1739
f 1798 1799 1739
f 1739 1799 1740
f 1799 1800 1740
f 1740 1800 1741
f 1800 1801 1741
f 1741 1801 1742
f 1801 1802 1742
f 1742 1802 1743
f 1802 1803 1743
f 1743 1803 1744
f 1803 1804 1744
f 1744 1804 1745
f 1804 1805 1745
f 1745 1805 1746
f 1805 1806 1746
f 1746 1806 1687
f 1806 1747 1687
f 1747 1807 1808
f 1747 1808 1748
f 1748 1808 1809
f 1748 1809 1749
f 1749 1809 1810
f 1749 1810 1750
f 1750 1810 1811
f 1750 1811 1751
f 1751 1811 1812
f 1751 1812 1752
f 1752 1812 1813
f 1752 1813 1753
f 1753 1813 1814
f 1753 1814 1754
f 1754 1814 1815
f 1754 1815 1755
f 1755 1815 1816
f 1755 1816 1756
f 1756 1816 1817
f 1756 1817 1757
f 1757 1817 1818
f 1757 1818 1758
f 1758 1818 1819
f 1758 1819 1759
f 1759 1819 1820
f 1759 1820 1760
f 1760 1820 1821
f 1760 1821 1761
f 1761 1821 1822
f 1761 1822 1762
f 1762 1822 1763
f 1822 1823 1763
f 1763 1823 1764
f 1823 1824 1764
f 1764 1824 1765
f 1824 1825 1765
f 1765 1825 1766
f 1825 1826 1766
f 1766 1826 1767
f 1826 1827 1767
f 1767 1827 1768
f 1827 1828 1768
f 1768 1828 1769
f 1828 1829 1769
f 1769 1829 1770
f 1829 1830 1770
f 1770 1830 1771
f 1830 1831 1771
f 1771 1831 1772
f 1831 1832 1772
f 1772 1832 1773
f 1832 1833 1773
f 1773 1833 1774
f 1833 1834 1774
f 1774 1834 1775
f 1834 1835 1775
f 1775 1835 1776
f 1835 1836 1776
f 1776 1836 1777
f 1836 1837 1777
f 1777 1837 1838
f 1777 1838 1778
f 1778 1838 1839
f 1778 1839 1779
f 1779 1839 1840
f 1779 1840 1780
f 1780 1840 1841
f 1780 1841 1781
f 1781 1841 1842
f 1781 1842 1782
f 1782 1842 1843
f 1782 1843 1783
f 1783 1843 1844
f 1783 1844 1784
f 1784 1844 1845
f 1784 1845 1785
f 1785 1845 1846
f 1785 1846 1786
f 1786 1846 1847
f 1786 1847 1787
f 1787 1847 1848
f 1787 1848 1788
f 1788 1848 1849
f 1788 1849 1789
f 1789 1849 1850
f 1789 1850 1790
f 1790 1850 1851
f 1790 1851 1791
f 1791 1851 1852
f 1791 1852 1792
f 1792 1852 1793
f 1852 1853 1793
f 1793 1853 1794
f 1853 1854 1794
f 1794 1854 1795
f 1854 1855 1795
f 1795 1855 1796
f 1855 1856 1796
f 1796 1856 1797
f 1856 1857 1797
f 1797 1857 1798
f 1857 1858 1798
f 1798 1858 1799
f 1858 1859 1799
f 1799 1859 1800
f 1859 1860 1800
f 1800 1860 1801
f 1860 1861 1801
f 1801 1861 1802
f 1861 1862 1802
f 1802 1862 1803
f 1862 1863 1803
f 1803 1863 1804
f 1863 1864 1804
f 1804 1864 1805
f 1864 1865 1805
f 1805 1865 1806
f 1865 1866 1806
f 1806 1866 1747
f 1866 1807 1747
f 1807 1867 1868
f 1807 1868 1808
f 1808 1868 1869
f 1808 1869 1809
f 1809 1869 1870
f 1809 1870 1810
f 1810 1870 1871
f 1810 1871 1811
f 1811 1871 1872
f 1811 1872 1812
f 1812 1872 1873
f 1812 1873 1813
f 1813 1873 1874
f 1813 1874 1814
f 1814 1874 1875
f 1814 1875 1815
f 1815 1875 1876
f 1815 1876 1816
f 1816 1876 1877
f 1816 1877 1817
f 1817 1877 1878
f 1817 1878 1818
f 1818 1878 1879
f 1818 1879 1819
f 1819 1879 1880
f 1819 1880 1820
f 1820 1880 1881
f 1820 1881 1821
f 1821 1881 1882
f 1821 1882 1822
f 1822 1882 1823
f 1882 1883 1823
f 1823 1883 1824
f 1883 1884 1824
f 1824 1884 1825
f 1884 1885 1825
f 1825 1885 1826
f 1885 1886 1826
f 1826 1886 1827
f 1886 1887 1827
f 1827 1887 1828
f 1887 1888 1828
f 1828 1888 1829
f 1888 1889 1829
f 1829 1889 1830
f 1889 1890 1830
f 1830 1890 1831
f 1890 1891 1831
f 1831 1891 1832
f 1891 1892 1832
f 1832 1892 1833
f 1892 1893 1833
f 1833 1893 1834
f 1893 1894 1834
f 1834 1894 1835
f 1894 1895 1835
f 1835 1895 1836
f 1895 1896 1836
f 1836 1896 1837
f 1896 1897 1837
f 1837 1897 1898
f 1837 1898 1838
f 1838 1898 1899
f 1838 1899 1839
f 1839 1899 1900
f 1839 1900 1840
f 1840 1900 1901
f 1840 1901 1841
f 1841 1901 1902
f 1841 1902 1842
f 1842 1902 1903
f 1842 1903 1843
f 1843 1903 1904
f 1843 1904 1844
f 1844 1904 1905
f 1844 1905 1845
f 1845 1905 1906
f 1845 1906 1846
f 1846 1906 1907
f 1846 1907 1847
f 1847 1907 1908
f 1847 1908 1848
f 1848 1908 1909
f 1848 1909 1849
f 1849 1909 1910
f 1849 1910 1850
f 1850 1910 1911
f 1850 1911 1851
f 1851 1911 1912
f 1851 1912 1852
f 1852 1912 1853
f 1912 1913 1853
f 1853 1913 1854
f 1913 1914 1854
f 1854 1914 1855
f 1914 1915 1855
f 1855 1915 1856
f 1915 1916 1856
f 1856 1916 1857
f 1916 1917 1857
f 1857 1917 1858
f 1917 1918 1858
f 1858 1918 1859
f 1918 1919 1859
f 1859 1919 1860
f 1919 1920 1860
f 1860 1920 1861
f 1920 1921 1861
f 1861 1921 1862
f 1921 1922 1862
f 1862 1922 1863
f 1922 1923 1863
f 1863 1923 1864
f 1923 1924 1864
f 1864 1924 1865
f 1924 1925 1865
f 1865 1925 1866
f 1925 1926 1866
f 1866 1926 1807
f 1926 1867 1807
f 1867 1927 1928
f 1867 1928 1868
f 1868 1928 1929
f 1868 1929 1869
f 1869 1929 1930
f 1869 1930 1870
f 1870 1930 1931
f 1870 1931 1871
f 1871 1931 1932
f 1871 1932 1872
f 1872 1932 1933
f 1872 1933 1873
f 1873 1933 1934
f 1873 1934 1874
f 1874 1934 1935
f 1874 1935 1875
f 1875 1935 1936
f 1875 1936 1876
f 1876 1936 1937
f 1876 1937 1877
f 1877 1937 1938
f 1877 1938 1878
f 1878 1938 1939
f 1878 1939 1879
f 1879 1939 1940
f 1879 1940 1880
f 1880 1940 1941
f 1880 1941 1881
f 1881 1941 1942
f 1881 1942 1882
f 1882 1942 1883
f 1942 1943 1883
f 1883 1943 1884
f 1943 1944 1884
f 1884 1944 1885
f 1944 1945 1885
f 1885 1945 1886
f 1945 1946 1886
f 1886 1946 1887
f 1946 1947 1887
f 1887 1947 1888
f 1947 1948 1888
f 1888 1948 1889
f 1948 1949 1889
f 1889 1949 1890
f 1949 1950 1890
f 1890 1950 1891
f 1950 1951 1891
f 1891 1951 1892
f 1951 1952 1892
f 1892 1952 1893
f 1952 1953 1893
f 1893 1953 1894
f 1953 1954 1894
f 1894 1954 1895
f 1954 1955 1895
f 1895 1955 1896
f 1955 1956 1896
f 1896 1956 1897
f 1956 1957 1897
f 1897 1957 1958
f 1897 1958 1898
f 1898 1958 1959
f 1898 1959 1899
f 1899 1959 1960
f 1899 1960 1900
f 1900 1960 1961
f 1900 1961 1901
f 1901 1961 1962
f 1901 1962 1902
f 1902 1962 1963
f 1902 1963 1903
f 1903 1963 1964
f 1903 1964 1904
f 1904 1964 1965
f 1904 1965 1905
f 1905 1965 1966
f 1905 1966 1906
f 1906 1966 1967
f 1906 1967 1907
f 1907 1967 1968
f 1907 1968 1908
f 1908 1968 1969
f 1908 1969 1909
f 1909 1969 1970
f 1909 1970 1910
f 1910 1970 1971
f 1910 1971 1911
f 1911 1971 1972
f 1911 1972 1912
f 1912 1972 1913
f 1972 1973 1913
f 1913 1973 1914
f 1973 1974 1914
f 1914 1974 1915
f 1974 1975 1915
f 1915 1975 1916
f 1975 1976 1916
f 1916 1976 1917
f 1976 1977 1917
f 1917 1977 1918
f 1977 1978 1918
f 1918 1978 1919
f 1978 1979 1919
f 1919 1979 1920
f 1979 1980 1920
f 1920 1980 1921
f 1980 1981 1921
f 1921 1981 1922
f 1981 1982 1922
f 1922 1982 1923
f 1982 1983 1923
f 1923 1983 1924
f 1983 1984 1924
f 1924 1984 1925
f 1984 1985 1925
f 1925 1985 1926
f 1985 1986 1926
f 1926 1986 1867
f 1986 1927 1867
f 1927 1987 1988
f 1927 1988 1928
f 1928 1988 1989
f 1928 1989 1929
f 1929 1989 1990
f 1929 1990 1930
f 1930 1990 1991
f 1930 1991 1931
f 1931 1991 1992
f 1931 1992 1932
f 1932 1992 1993
f 1932 1993 1933
f 1933 1993 1994
f 1933 1994 1934
f 1934 1994 1995
f 1934 1995 1935
f 1935 1995 1996
f 1935 1996 1936
f 1936 1996 1997
f 1936 1997 1937
f 1937 1997 1998
f 1937 1998 1938
f 1938 1998 1999
f 1938 1999 1939
f 1939 1999 2000
f 1939 2000 1940
f 1940 2000 2001
f 1940 2001 1941
f 1941 2001 2002
f 1941 2002 1942
f 1942 2002 1943
f 2002 2003 1943
f 1943 2003 1944
f 2003 2004 1944
f 1944 2004 1945
f 2004 2005 1945
f 1945 2005 1946
f 2005 2006 1946
f 1946 2006 1947
f 2006 2007 1947
f 1947 2007 1948
f 2007 2008 1948
f 1948 2008 1949
f 2008 2009 1949
f 1949 2009 1950
f 2009 2010 1950
f 1950 2010 1951
f 2010 2011 1951
f 1951 2011 1952
f 2011 2012 1952
f 1952 2012 1953
f 2012 2013 1953
f 1953 2013 1954
f 2013 2014 1954
f 1954 2014 1955
f 2014 2015 1955
f 1955 2015 1956
f 2015 2016 1956
f 1956 2016 1957
f 2016 2017 1957
f 1957 2017 2018
f 1957 2018 1958
f 1958 2018 2019
f 1958 2019 1959
f 1959 2019 2020
f 1959 2020 1960
f 1960 2020 2021
f 1960 2021 1961
f 1961 2021 2022
f 1961 2022 1962
f 1962 2022 2023
f 1962 2023 1963
f 1963 2023 2024
f 1963 2024 1964
f 1964 2024 2025
f 1964 2025 1965
f 1965 2025 2026
f 1965 2026 1966
f 1966 2026 2027
f 1966 2027 1967
f 1967 2027 2028
f 1967 2028 1968
f 1968 2028 2029
f 1968 2029 1969
f 1969 2029 2030
f 1969 2030 1970
f 1970 2030 2031
f 1970 2031 1971
f 1971 2031 2032
f 1971 2032 1972
f 1972 2032 1973
f 2032 2033 1973
f 1973 2033 1974
f 2033 2034 1974
f 1974 2034 1975
f 2034 2035 1975
f 1975 2035 1976
f 2035 2036 1976
f 1976 2036 1977
f 2036 2037 1977
f 1977 2037 1978
f 2037 2038 1978
f 1978 2038 1979
f 2038 2039 1979
f 1979 2039 1980
f 2039 2040 1980
f 1980 2040 1981
f 2040 2041 1981
f 1981 2041 1982
f 2041 2042 1982
f 1982 2042 1983
f 2042 2043 1983
f 1983 2043 1984
f 2043 2044 1984
f 1984 2044 1985
f 2044 2045 1985
f 1985 2045 1986
f 2045 2046 1986
f 1986 2046 1927
f 2046 1987 1927
f 1987 2047 2048
f 1987 2048 1988
f 1988 2048 2049
f 1988 2049 1989
f 1989 2049 2050
f 1989 2050 1990
f 1990 2050 2051
f 1990 2051 1991
f 1991 2051 2052
f 1991 2052 1992
f 1992 2052 2053
f 1992 2053 1993
f 1993 2053 2054
f 1993 2054 1994
f 1994 2054 2055
f 1994 2055 1995
f 1995 2055 2056
f 1995 2056 1996
f 1996 2056 2057
f 1996 2057 1997
f 1997 2057 2058
f 1997 2058 1998
f 1998 2058 2059
f 1998 2059 1999
f 1999 2059 2060
f 1999 2060 2000
f 2000 2060 2061
f 2000 2061 2001
f 2001 2061 2062
f 2001 2062 2002
f 2002 2062 2003
f 2062 2063 2003
f 2003 2063 2004
f 2063 2064 2004
f 2004 2064 2005
f 2064 2065 2005
f 2005 2065 2006
f 2065 2066 2006
f 2006 2066 2007
f 2066 2067 2007
f 2007 2067 2008
f 2067 2068 2008
f 2008 2068 2009
f 2068 2069 2009
f 2009 2069 2010
f 2069 2070 2010
f 2010 2070 2011
f 2070 2071 2011
f 2011 2071 2012
f 2071 2072 2012
f 2012 2072 2013
f 2072 2073 2013
f 2013 2073 2014
f 2073 2074 2014
f 2014 2074 2015
f 2074 2075 2015
f 2015 2075 2016
f 2075 2076 2016
f 2016 2076 2017
f 2076 2077 2017
f 2017 2077 2078
f 2017 2078 2018
f 2018 2078 2079
f 2018 2079 2019
f 2019 2079 2080
f 2019 2080 2020
f 2020 2080 2081
f 2020 2081 2021
f 2021 2081 2082
f 2021 2082 2022
f 2022 2082 2083
f 2022 2083 2023
f 2023 2083 2084
f 2023 2084 2024
f 2024 2084 2085
f 2024 2085 2025
f 2025 2085 2086
f 2025 2086 2026
f 2026 2086 2087
f 2026 2087 2027
f 2027 2087 2088
f 2027 2088 2028
f 2028 2088 2089
f 2028 2089 2029
f 2029 2089 2090
f 2029 2090 2030
f 2030 2090 2091
f 2030 2091 2031
f 2031 2091 2092
f 2031 2092 2032
f 2032 2092 2033
f 2092 2093 2033
f 2033 2093 2034
f 2093 2094 2034
f 2034 2094 2035
f 2094 2095 2035
f 2035 2095 2036
f 2095 2096 2036
f 2036 2096 2037
f 2096 2097 2037
f 2037 2097 2038
f 2097 2098 2038
f 2038 2098 2039
f 2098 2099 2039
f 2039 2099 2040
f 2099 2100 2040
f 2040 2100 2041
f 2100 2101 2041
f 2041 2101 2042
f 2101 2102 2042
f 2042 2102 2043
f 2102 2103 2043
f 2043 2103 2044
f 2103 2104 2044
f 2044 2104 2045
f 2104 2105 2045
f 2045 2105 2046
f 2105 2106 2046
f 2046 2106 1987
f 2106 2047 1987
f 2048 2161 2049
f 2049 2161 2107
f 2049 2107 2050
f 2050 2107 2108
f 2050 2108 2051
f 2051 2108 2109
f 2051 2109 2052
f 2052 2109 2110
f 2052 2110 2053
f 2053 2110 2111
f 2053 2111 2054
f 2054 2111 2112
f 2054 2112 2055
f 2055 2112 2113
f 2055 2113 2056
f 2056 2113 2114
f 2056 2114 2057
f 2057 2114 2115
f 2057 2115 2058
f 2058 2115 2116
f 2058 2116 2059
f 2059 2116 2117
f 2059 2117 2060
f 2060 2117 2118
f 2060 2118 2061
f 2061 2118 2119
f 2061 2119 2062
f 2062 2119 2063
f 2119 2120 2063
f 2063 2120 2064
f 2120 2121 2064
f 2064 2121 2065
f 2121 2122 2065
f 2065 2122 2066
f 2122 2123 2066
f 2066 2123 2067
f 2123 2124 2067
f 2067 2124 2068
f 2124 2125 2068
f 2068 2125 2069
f 2125 2126 2069
f 2069 2126 2070
f 2126 2127 2070
f 2070 2127 2071
f 2127 2128 2071
f 2071 2128 2072
f 2128 2129 2072
f 2072 2129 2073
f 2129 2130 2073
f 2073 2130 2074
f 2130 2131 2074
f 2074 2131 2075
f 2131 2132 2075
f 2075 2132 2076
f 2132 2133 2076
f 2076 2133 2077
f 2077 2134 2078
f 2078 2134 2135
f 2078 2135 2079
f 2079 2135 2136
f 2079 2136 2080
f 2080 2136 2137
f 2080 2137 2081
f 2081 2137 2138
f 2081 2138 2082
f 2082 2138 2139
f 2082 2139 2083
f 2083 2139 2140
f 2083 2140 2084
f 2084 2140 2141
f 2084 2141 2085
f 2085 2141 2142
f 2085 2142 2086
f 2086 2142 2143
f 2086 2143 2087
f 2087 2143 2144
f 2087 2144 2088
f 2088 2144 2145
f 2088 2145 2089
f 2089 2145 2146
f 2089 2146 2090
f 2090 2146 2147
f 2090 2147 2091
f 2091 2147 2148
f 2091 2148 2092
f 2092 2148 2093
f 2148 2149 2093
f 2093 2149 2094
f 2149 2150 2094
f 2094 2150 2095
f 2150 2151 2095
f 2095 2151 2096
f 2151 2152 2096
f 2096 2152 2097
f 2152 2153 2097
f 2097 2153 2098
f 2153 2154 2098
f 2098 2154 2099
f 2154 2155 2099
f 2099 2155 2100
f 2155 2156 2100
f 2100 2156 2101
f 2156 2157 2101
f 2101 2157 2102
f 2157 2158 2102
f 2102 2158 2103
f 2158 2159 2103
f 2103 2159 2104
f 2159 2160 2104
f 2104 2160 2105
f 2160 2216 2105
f 2105 2216 2106
f 2161 2162 2107
f 2107 2162 2163
f 2107 2163 2108
f 2108 2163 2164
f 2108 2164 2109
f 2109 2164 2165
f 2109 2165 2110
f 2110 2165 2166
f 2110 2166 2111
f 2111 2166 2167
f 2111 2167 2112
f 2112 2167 2168
f 2112 2168 2113
f 2113 2168 2169
f 2113 2169 2114
f 2114 2169 2170
f 2114 2170 2115
f 2115 2170 2171
f 2115 2171 2116
f 2116 2171 2172
f 2116 2172 2117
f 2117 2172 2173
f 2117 2173 2118
f 2118 2173 2174
f 2118 2174 2119
f 2119 2174 2120
f 2174 2175 2120
f 2120 2175 2121
f 2175 2176 2121
f 2121 2176 2122
f 2176 2177 2122
f 2122 2177 2123
f 2177 2178 2123
f 2123 2178 2124
f 2178 2179 2124
f 2124 2179 2125
f 2179 2180 2125
f 2125 2180 2126
f 2180 2181 2126
f 2126 2181 2127
f 2181 2182 2127
f 2127 2182 2128
f 2182 2183 2128
f 2128 2183 2129
f 2183 2184 2129
f 2129 2184 2130
f 2184 2185 2130
f 2130 2185 2131
f 2185 2186 2131
f 2131 2186 2132
f 2186 2187 2132
f 2132 2187 2133
f 2187 2188 2133
f 2133 2188 2077
f 2077 2189 2134
f 2134 2189 2190
f 2134 2190 2135
f 2135 2190 2191
f 2135 2191 2136
f 2136 2191 2192
f 2136 2192 2137
f 2137 2192 2193
f 2137 2193 2138
f 2138 2193 2194
f 2138 2194 2139
f 2139 2194 2195
f 2139 2195 2140
f 2140 2195 2196
f 2140 2196 2141
f 2141 2196 2197
f 2141 2197 2142
f 2142 2197 2198
f 2142 2198 2143
f 2143 2198 2199
f 2143 2199 2144
f 2144 2199 2200
f 2144 2200 2145
f 2145 2200 2201
f 2145 2201 2146
f 2146 2201 2202
f 2146 2202 2147
f 2147 2202 2203
f 2147 2203 2148
f 2148 2203 2149
f 2203 2204 2149
f 2149 2204 2150
f 2204 2205 2150
f 2150 2205 2151
f 2205 2206 2151
f 2151 2206 2152
f 2206 2207 2152
f 2152 2207 2153
f 2207 2208 2153
f 2153 2208 2154
f 2208 2209 2154
f 2154 2209 2155
f 2209 2210 2155
f 2155 2210 2156
f 2210 2211 2156
f 2156 2211 2157
f 2211 2212 2157
f 2157 2212 2158
f 2212 2213 2158
f 2158 2213 2159
f 2213 2214 2159
f 2159 2214 2160
f 2214 2215 2160
f 2160 2215 2216
f 2047 2273 2048
f 2048 2273 2217
f 2048 2217 2161
f 2161 2217 2218
f 2161 2218 2162
f 2162 2218 2219
f 2162 2219 2163
f 2163 2219 2220
f 2163 2220 2164
f 2164 2220 2221
f 2164 2221 2165
f 2165 2221 2222
f 2165 2222 2166
f 2166 2222 2223
f 2166 2223 2167
f 2167 2223 2224
f 2167 2224 2168
f 2168 2224 2225
f 2168 2225 2169
f 2169 2225 2226
f 2169 2226 2170
f 2170 2226 2227
f 2170 2227 2171
f 2171 2227 2228
f 2171 2228 2172
f 2172 2228 2229
f 2172 2229 2173
f 2173 2229 2230
f 2173 2230 2174
f 2174 2230 2175
f 2230 2231 2175
f 2175 2231 2176
f 2231 2232 2176
f 2176 2232 2177
f 2232 2233 2177
f 2177 2233 2178
f 2233 2234 2178
f 2178 2234 2179
f 2234 2235 2179
f 2179 2235 2180
f 2235 2236 2180
f 2180 2236 2181
f 2236 2237 2181
f 2181 2237 2182
f 2237 2238 2182
f 2182 2238 2183
f 2238 2239 2183
f 2183 2239 2184
f 2239 2240 2184
f 2184 2240 2185
f 2240 2241 2185
f 2185 2241 2186
f 2241 2242 2186
f 2186 2242 2187
f 2242 2243 2187
f 2187 2243 2188
f 2243 2244 2188
f 2188 2244 2077
f 2077 2245 2189
f 2189 2245 2246
f 2189 2246 2190
f 2190 2246 2247
f 2190 2247 2191
f 2191 2247 2248
f 2191 2248 2192
f 2192 2248 2249
f 2192 2249 2193
f 2193 2249 2250
f 2193 2250 2194
f 2194 2250 2251
f 2194 2251 2195
f 2195 2251 2252
f 2195 2252 2196
f 2196 2252 2253
f 2196 2253 2197
f 2197 2253 2254
f 2197 2254 2198
f 2198 2254 2255
f 2198 2255 2199
f 2199 2255 2256
f 2199 2256 2200
f 2200 2256 2257
f 2200 2257 2201
f 2201 2257 2258
f 2201 2258 2202
f 2202 2258 2259
f 2202 2259 2203
f 2203 2259 2204
f 2259 2260 2204
f 2204 2260 2205
f 2260 2261 2205
f 2205 2261 2206
f 2261 2262 2206
f 2206 2262 2207
f 2262 2263 2207
f 2207 2263 2208
f 2263 2264 2208
f 2208 2264 2209
f 2264 2265 2209
f 2209 2265 2210
f 2265 2266 2210
f 2210 2266 2211
f 2266 2267 2211
f 2211 2267 2212
f 2267 2268 2212
f 2212 2268 2213
f 2268 2269 2213
f 2213 2269 2214
f 2269 2270 2214
f 2214 2270 2215
f 2270 2271 2215
f 2215 2271 2216
f 2271 2272 2216
f 2216 2272 2106
f 2272 2330 2106
f 2106 2330 2047
f 2273 2274 2217
f 2217 2274 2275
f 2217 2275 2218
f 2218 2275 2276
f 2218 2276 2219
f 2219 2276 2277
f 2219 2277 2220
f 2220 2277 2278
f 2220 2278 2221
f 2221 2278 2279
f 2221 2279 2222
f 2222 2279 2280
f 2222 2280 2223
f 2223 2280 2281
f 2223 2281 2224
f 2224 2281 2282
f 2224 2282 2225
f 2225 2282 2283
f 2225 2283 2226
f 2226 2283 2284
f 2226 2284 2227
f 2227 2284 2285
f 2227 2285 2228
f 2228 2285 2286
f 2228 2286 2229
f 2229 2286 2287
f 2229 2287 2230
f 2230 2287 2231
f 2287 2288 2231
f 2231 2288 2232
f 2288 2289 2232
f 2232 2289 2233
f 2289 2290 2233
f 2233 2290 2234
f 2290 2291 2234
f 2234 2291 2235
f 2291 2292 2235
f 2235 2292 2236
f 2292 2293 2236
f 2236 2293 2237
f 2293 2294 2237
f 2237 2294 2238
f 2294 2295 2238
f 2238 2295 2239
f 2295 2296 2239
f 2239 2296 2240
f 2296 2297 2240
f 2240 2297 2241
f 2297 2298 2241
f 2241 2298 2242
f 2298 2299 2242
f 2242 2299 2243
f 2299 2300 2243
f 2243 2300 2244
f 2300 2301 2244
f 2244 2301 2077
f 2077 2302 2245
f 2245 2302 2303
f 2245 2303 2246
f 2246 2303 2304
f 2246 2304 2247
f 2247 2304 2305
f 2247 2305 2248
f 2248 2305 2306
f 2248 2306 2249
f 2249 2306 2307
f 2249 2307 2250
f 2250 2307 2308
f 2250 2308 2251
f 2251 2308 2309
f 2251 2309 2252
f 2252 2309 2310
f 2252 2310 2253
f 2253 2310 2311
f 2253 2311 2254
f 2254 2311 2312
f 2254 2312 2255
f 2255 2312 2313
f 2255 2313 2256
f 2256 2313 2314
f 2256 2314 2257
f 2257 2314 2315
f 2257 2315 2258
f 2258 2315 2316
f 2258 2316 2259
f 2259 2316 2260
f 2316 2317 2260
f 2260 2317 2261
f 2317 2318 2261
f 2261 2318 2262
f 2318 2319 2262
f 2262 2319 2263
f 2319 2320 2263
f 2263 2320 2264
f 2320 2321 2264
f 2264 2321 2265
f 2321 2322 2265
f 2265 2322 2266
f 2322 2323 2266
f 2266 2323 2267
f 2323 2324 2267
f 2267 2324 2268
f 2324 2325 2268
f 2268 2325 2269
f 2325 2326 2269
f 2269 2326 2270
f 2326 2327 2270
f 2270 2327 2271
f 2327 2328 2271
f 2271 2328 2272
f 2328 2329 2272
f 2272 2329 2330
f 2047 2387 2273
f 2273 2387 2331
f 2273 2331 2274
f 2274 2331 2332
f 2274 2332 2275
f 2275 2332 2333
f 2275 2333 2276
f 2276 2333 2334
f 2276 2334 2277
f 2277 2334 2335
f 2277 2335 2278
f 2278 2335 2336
f 2278 2336 2279
f 2279 2336 2337
f 2279 2337 2280
f 2280 2337 2338
f 2280 2338 2281
f 2281 2338 2339
f 2281 2339 2282
f 2282 2339 2340
f 2282 2340 2283
f 2283 2340 2341
f 2283 2341 2284
f 2284 2341 2342
f 2284 2342 2285
f 2285 2342 2343
f 2285 2343 2286
f 2286 2343 2344
f 2286 2344 2287
f 2287 2344 2288
f 2344 2345 2288
f 2288 2345 2289
f 2345 2346 2289
f 2289 2346 2290
f 2346 2347 2290
f 2290 2347 2291
f 2347 2348 2291
f 2291 2348 2292
f 2348 2349 2292
f 2292 2349 2293
f 2349 2350 2293
f 2293 2350 2294
f 2350 2351 2294
f 2294 2351 2295
f 2351 2352 2295
f 2295 2352 2296
f 2352 2353 2296
f 2296 2353 2297
f 2353 2354 2297
f 2297 2354 2298
f 2354 2355 2298
f 2298 2355 2299
f 2355 2356 2299
f 2299 2356 2300
f 2356 2357 2300
f 2300 2357 2301
f 2357 2358 2301
f 2301 2358 2077
f 2077 2359 2302
f 2302 2359 2360
f 2302 2360 2303
f 2303 2360 2361
f 2303 2361 2304
f 2304 2361 2362
f 2304 2362 2305
f 2305 2362 2363
f 2305 2363 2306
f 2306 2363 2364
f 2306 2364 2307
f 2307 2364 2365
f 2307 2365 2308
f 2308 2365 2366
f 2308 2366 2309
f 2309 2366 2367
f 2309 2367 2310
f 2310 2367 2368
f 2310 2368 2311
f 2311 2368 2369
f 2311 2369 2312
f 2312 2369 2370
f 2312 2370 2313
f 2313 2370 2371
f 2313 2371 2314
f 2314 2371 2372
f 2314 2372 2315
f 2315 2372 2373
f 2315 2373 2316
f 2316 2373 2317
f 2373 2374 2317
f 2317 2374 2318
f 2374 2375 2318
f 2318 2375 2319
f 2375 2376 2319
f 2319 2376 2320
f 2376 2377 2320
f 2320 2377 2321
f 2377 2378 2321
f 2321 2378 2322
f 2378 2379 2322
f 2322 2379 2323
f 2379 2380 2323
f 2323 2380 2324
f 2380 2381 2324
f 2324 2381 2325
f 2381 2382 2325
f 2325 2382 2326
f 2382 2383 2326
f 2326 2383 2327
f 2383 2384 2327
f 2327 2384 2328
f 2384 2385 2328
f 2328 2385 2329
f 2385 2386 2329
f 2329 2386 2330
f 2386 2444 2330
f 2330 2444 2047
f 2387 2388 2331
f 2331 2388 2389
f 2331 2389 2332
f 2332 2389 2390
f 2332 2390 2333
f 2333 2390 2391
f 2333 2391 2334
f 2334 2391 2392
f 2334 2392 2335
f 2335 2392 2393
f 2335 2393 2336
f 2336 2393 2394
f 2336 2394 2337
f 2337 2394 2395
f 2337 2395 2338
f 2338 2395 2396
f 2338 2396 2339
f 2339 2396 2397
f 2339 2397 2340
f 2340 2397 2398
f 2340 2398 2341
f 2341 2398 2399
f 2341 2399 2342
f 2342 2399 2400
f 2342 2400 2343
f 2343 2400 2401
f 2343 2401 2344
f 2344 2401 2345
f 2401 2402 2345
f 2345 2402 2346
f 2402 2403 2346
f 2346 2403 2347
f 2403 2404 2347
f 2347 2404 2348
f 2404 2405 2348
f 2348 2405 2349
f 2405 2406 2349
f 2349 2406 2350
f 2406 2407 2350
f 2350 2407 2351
f 2407 2408 2351
f 2351 2408 2352
f 2408 2409 2352
f 2352 2409 2353
f 2409 2410 2353
f 2353 2410 2354
f 2410 2411 2354
f 2354 2411 2355
f 2411 2412 2355
f 2355 2412 2356
f 2412 2413 2356
f 2356 2413 2357
f 2413 2414 2357
f 2357 2414 2358
f 2414 2415 2358
f 2358 2415 2077
f 2077 2416 2359
f 2359 2416 2417
f 2359 2417 2360
f 2360 2417 2418
f 2360 2418 2361
f 2361 2418 2419
f 2361 2419 2362
f 2362 2419 2420
f 2362 2420 2363
f 2363 2420 2421
f 2363 2421 2364
f 2364 2421 2422
f 2364 2422 2365
f 2365 2422 2423
f 2365 2423 2366
f 2366 2423 2424
f 2366 2424 2367
f 2367 2424 2425
f 2367 2425 2368
f 2368 2425 2426
f 2368 2426 2369
f 2369 2426 2427
f 2369 2427 2370
f 2370 2427 2428
f 2370 2428 2371
f 2371 2428 2429
f 2371 2429 2372
f 2372 2429 2430
f 2372 2430 2373
f 2373 2430 2374
f 2430 2431 2374
f 2374 2431 2375
f 2431 2432 2375
f 2375 2432 2376
f 2432 2433 2376
f 2376 2433 2377
f 2433 2434 2377
f 2377 2434 2378
f 2434 2435 2378
f 2378 2435 2379
f 2435 2436 2379
f 2379 2436 2380
f 2436 2437 2380
f 2380 2437 2381
f 2437 2438 2381
f 2381 2438 2382
f 2438 2439 2382
f 2382 2439 2383
f 2439 2440 2383
f 2383 2440 2384
f 2440 2441 2384
f 2384 2441 2385
f 2441 2442 2385
f 2385 2442 2386
f 2442 2443 2386
f 2386 2443 2444
f 2047 2444 2387
f 2387 2444 2445
f 2387 2445 2388
f 2388 2445 2446
f 2388 2446 2389
f 2389 2446 2447
f 2389 2447 2390
f 2390 2447 2448
f 2390 2448 2391
f 2391 2448 2449
f 2391 2449 2392
f 2392 2449 2450
f 2392 2450 2393
f 2393 2450 2451
f 2393 2451 2394
f 2394 2451 2452
f 2394 2452 2395
f 2395 2452 2453
f 2395 2453 2396
f 2396 2453 2454
f 2396 2454 2397
f 2397 2454 2455
f 2397 2455 2398
f 2398 2455 2456
f 2398 2456 2399
f 2399 2456 2457
f 2399 2457 2400
f 2400 2457 2458
f 2400 2458 2401
f 2401 2458 2402
f 2458 2459 2402
f 2402 2459 2403
f 2459 2460 2403
f 2403 2460 2404
f 2460 2461 2404
f 2404 2461 2405
f 2461 2462 2405
f 2405 2462 2406
f 2462 2463 2406
f 2406 2463 2407
f 2463 2464 2407
f 2407 2464 2408
f 2464 2465 2408
f 2408 2465 2409
f 2465 2466 2409
f 2409 2466 2410
f 2466 2467 2410
f 2410 2467 2411
f 2467 2468 2411
f 2411 2468 2412
f 2468 2469 2412
f 2412 2469 2413
f 2469 2470 2413
f 2413 2470 2414
f 2470 2471 2414
f 2414 2471 2415
f 2471 2472 2415
f 2415 2472 2077
f 2077 2472 2416
f 2416 2472 2471
f 2416 2471 2417
f 2417 2471 2470
f 2417 2470 2418
f 2418 2470 2469
f 2418 2469 2419
f 2419 2469 2468
f 2419 2468 2420
f 2420 2468 2467
f 2420 2467 2421
f 2421 2467 2466
f 2421 2466 2422
f 2422 2466 2465
f 2422 2465 2423
f 2423 2465 2464
f 2423 2464 2424
f 2424 2464 2463
f 2424 2463 2425
f 2425 2463 2462
f 2425 2462 2426
f 2426 2462 2461
f 2426 2461 2427
f 2427 2461 2460
f 2427 2460 2428
f 2428 2460 2459
f 2428 2459 2429
f 2429 2459 2458
f 2429 2458 2430
f 2430 2458 2431
f 2458 2457 2431
f 2431 2457 2432
f 2457 2456 2432
f 2432 2456 2433
f 2456 2455 2433
f 2433 2455 2434
f 2455 2454 2434
f 2434 2454 2435
f 2454 2453 2435
f 2435 2453 2436
f 2453 2452 2436
f 2436 2452 2437
f 2452 2451 2437
f 2437 2451 2438
f 2451 2450 2438
f 2438 2450 2439
f 2450 2449 2439
f 2439 2449 2440
f 2449 2448 2440
f 2440 2448 2441
f 2448 2447 2441
f 2441 2447 2442
f 2447 2446 2442
f 2442 2446 2443
f 2446 2445 2443
f 2443 2445 2444
f 2473 2474 2475
f 2473 2476 2474
f 2476 2477 2474
f 2476 2478 2477
f 2478 2479 2477
f 2478 2480 2479
f 2480 2481 2479
f 2480 2482 2481
f 2482 2483 2481
f 2482 2484 2483
f 2484 2485 2483
f 2484 2486 2485
f 2486 2487 2485
f 2486 2488 2487
f 2488 2489 2487
f 2488 2490 2489
f 2490 2491 2489
f 2490 2492 2491
f 2492 2493 2491
f 2492 2494 2493
f 2494 2495 2493
f 2494 2496 2495
f 2496 2497 2495
f 2496 2498 2497
f 2498 2499 2497
f 2498 2500 2499
f 2500 2501 2499
f 2500 2502 2501
f 2502 2503 2501
f 2502 2504 2503
f 2504 2505 2503
f 2504 2506 2505
f 2506 2507 2505
f 2506 2508 2507
f 2508 2509 2507
f 2508 2510 2509
f 2510 2511 2509
f 2510 2512 2511
f 2512 2513 2511
f 2512 2514 2513
f 2514 2515 2513
f 2513 2515 2516
f 2515 2517 2516
f 2516 2517 2518
f 2517 2519 2518
f 2518 2519 2520
f 2519 2521 2520
f 2520 2521 2522
f 2521 2523 2522
f 2522 2523 2524
f 2523 2525 2524
f 2524 2525 2526
f 2525 2527 2526
f 2526 2527 2528
f 2527 2529 2528
f 2528 2529 2530
f 2529 2531 2530
f 2530 2531 2532
f 2531 2533 2532
f 2532 2533 2534
f 2533 2535 2534
f 2534 2535 2536
f 2535 2537 2536
f 2536 2537 2538
f 2537 2539 2538
f 2538 2539 2540
f 2539 2541 2540
f 2539 2542 2541
f 2542 2543 2541
f 2542 2544 2543
f 2544 2545 2543
f 2544 2546 2545
f 2546 2547 2545
f 2546 2548 2547
f 2548 2549 2547
f 2548 2550 2549
f 2550 2551 2549
f 2550 2552 2551
f 2552 2553 2551
f 2552 2554 2553
f 2554 2555 2553
f 2554 2556 2555
f 2556 2557 2555
f 2556 2558 2557
f 2558 2559 2557
f 2558 2560 2559
f 2560 2561 2559
f 2560 2562 2561
f 2562 2563 2561
f 2562 2564 2563
f 2564 2565 2563
f 2564 2566 2565
f 2566 2567 2565
f 2565 2567 2568
f 2567 2569 2568
f 2568 2569 2570
f 2569 2571 2570
f 2570 2571 2572
f 2571 2573 2572
f 2572 2573 2574
f 2573 2575 2574
f 2574 2575 2576
f 2575 2577 2576
f 2576 2577 2578
f 2577 2579 2578
f 2578 2579 2580
f 2579 2581 2580
f 2580 2581 2582
f 2581 2583 2582
f 2582 2583 2584
f 2583 2585 2584
f 2584 2585 2586
f 2585 2587 2586
f 2586 2587 2588
f 2587 2589 2588
f 2588 2589 2590
f 2589 2591 2590
f 2590 2591 2592
f 2591 2593 2592
f 2592 2593 2594
f 2593 2595 2594
f 2594 2595 2596
f 2595 2597 2596
f 2596 2597 2598
f 2597 2599 2598
f 2598 2599 2600
f 2599 2601 2600
f 2600 2601 2602
f 2601 2603 2602
f 2602 2603 2604
f 2603 2473 2604
f 2604 2473 2475
f 2475 2605 2606
f 2475 2474 2605
f 2474 2607 2605
f 2474 2477 2607
f 2477 2608 2607
f 2477 2479 2608
f 2479 2609 2608
f 2479 2481 2609
f 2481 2610 2609
f 2481 2483 2610
f 2483 2611 2610
f 2483 2485 2611
f 2485 2612 2611
f 2485 2487 2612
f 2487 2613 2612
f 2487 2489 2613
f 2489 2614 2613
f 2489 2491 2614
f 2491 2615 2614
f 2491 2493 2615
f 2493 2616 2615
f 2493 2495 2616
f 2495 2617 2616
f 2495 2497 2617
f 2497 2618 2617
f 2497 2499 2618
f 2499 2619 2618
f 2499 2501 2619
f 2501 2620 2619
f 2501 2503 2620
f 2503 2621 2620
f 2503 2505 2621
f 2505 2622 2621
f 2505 2507 2622
f 2507 2623 2622
f 2507 2509 2623
f 2509 2624 2623
f 2509 2511 2624
f 2511 2625 2624
f 2511 2513 2625
f 2513 2516 2625
f 2625 2516 2626
f 2516 2518 2626
f 2626 2518 2627
f 2518 2520 2627
f 2627 2520 2628
f 2520 2522 2628
f 2628 2522 2629
f 2522 2524 2629
f 2629 2524 2630
f 2524 2526 2630
f 2630 2526 2631
f 2526 2528 2631
f 2631 2528 2632
f 2528 2530 2632
f 2632 2530 2633
f 2530 2532 2633
f 2633 2532 2634
f 2532 2534 2634
f 2634 2534 2635
f 2534 2536 2635
f 2635 2536 2636
f 2536 2538 2636
f 2636 2538 2637
f 2538 2540 2637
f 2637 2540 2638
f 2540 2639 2638
f 2540 2541 2639
f 2541 2640 2639
f 2541 2543 2640
f 2543 2641 2640
f 2543 2545 2641
f 2545 2642 2641
f 2545 2547 2642
f 2547 2643 2642
f 2547 2549 2643
f 2549 2644 2643
f 2549 2551 2644
f 2551 2645 2644
f 2551 2553 2645
f 2553 2646 2645
f 2553 2555 2646
f 2555 2647 2646
f 2555 2557 2647
f 2557 2648 2647
f 2557 2559 2648
f 2559 2649 2648
f 2559 2561 2649
f 2561 2650 2649
f 2561 2563 2650
f 2563 2651 2650
f 2563 2565 2651
f 2565 2568 2651
f 2651 2568 2652
f 2568 2570 2652
f 2652 2570 2653
f 2570 2572 2653
f 2653 2572 2654
f 2572 2574 2654
f 2654 2574 2655
f 2574 2576 2655
f 2655 2576 2656
f 2576 2578 2656
f 2656 2578 2657
f 2578 2580 2657
f 2657 2580 2658
f 2580 2582 2658
f 2658 2582 2659
f 2582 2584 2659
f 2659 2584 2660
f 2584 2586 2660
f 2660 2586 2661
f 2586 2588 2661
f 2661 2588 2662
f 2588 2590 2662
f 2662 2590 2663
f 2590 2592 2663
f 2663 2592 2664
f 2592 2594 2664
f 2664 2594 2665
f 2594 2596 2665
f 2665 2596 2666
f 2596 2598 2666
f 2666 2598 2667
f 2598 2600 2667
f 2667 2600 2668
f 2600 2602 2668
f 2668 2602 2669
f 2602 2604 2669
f 2669 2604 2670
f 2604 2475 2670
f 2670 2475 2606
f 2606 2671 2672
f 2606 2605 2671
f 2605 2673 2671
f 2605 2607 2673
f 2607 2674 2673
f 2607 2608 2674
f 2608 2675 2674
f 2608 2609 2675
f 2609 2676 2675
f 2609 2610 2676
f 2610 2677 2676
f 2610 2611 2677
f 2611 2678 2677
f 2611 2612 2678
f 2612 2679 2678
f 2612 2613 2679
f 2613 2680 2679
f 2613 2614 2680
f 2614 2681 2680
f 2614 2615 2681
f 2615 2682 2681
f 2615 2616 2682
f 2616 2683 2682
f 2616 2617 2683
f 2617 2684 2683
f 2617 2618 2684
f 2618 2685 2684
f 2618 2619 2685
f 2619 2686 2685
f 2619 2620 2686
f 2620 2687 2686
f 2620 2621 2687
f 2621 2688 2687
f 2621 2622 2688
f 2622 2689 2688
f 2622 2623 2689
f 2623 2690 2689
f 2623 2624 2690
f 2624 2691 2690
f 2624 2625 2691
f 2625 2626 2691
f 2691 2626 2692
f 2626 2627 2692
f 2692 2627 2693
f 2627 2628 2693
f 2693 2628 2694
f 2628 2629 2694
f 2694 2629 2695
f 2629 2630 2695
f 2695 2630 2696
f 2630 2631 2696
f 2696 2631 2697
f 2631 2632 2697
f 2697 2632 2698
f 2632 2633 2698
f 2698 2633 2699
f 2633 2634 2699
f 2699 2634 2700
f 2634 2635 2700
f 2700 2635 2701
f 2635 2636 2701
f 2701 2636 2702
f 2636 2637 2702
f 2702 2637 2703
f 2637 2638 2703
f 2703 2638 2704
f 2638 2705 2704
f 2638 2639 2705
f 2639 2706 2705
f 2639 2640 2706
f 2640 2707 2706
f 2640 2641 2707
f 2641 2708 2707
f 2641 2642 2708
f 2642 2709 2708
f 2642 2643 2709
f 2643 2710 2709
f 2643 2644 2710
f 2644 2711 2710
f 2644 2645 2711
f 2645 2712 2711
f 2645 2646 2712
f 2646 2713 2712
f 2646 2647 2713
f 2647 2714 2713
f 2647 2648 2714
f 2648 2715 2714
f 2648 2649 2715
f 2649 2716 2715
f 2649 2650 2716
f 2650 2717 2716
f 2650 2651 2717
f 2651 2652 2717
f 2717 2652 2718
f 2652 2653 2718
f 2718 2653 2719
f 2653 2654 2719
f 2719 2654 2720
f 2654 2655 2720
f 2720 2655 2721
f 2655 2656 2721
f 2721 2656 2722
f 2656 2657 2722
f 2722 2657 2723
f 2657 2658 2723
f 2723 2658 2724
f 2658 2659 2724
f 2724 2659 2725
f 2659 2660 2725
f 2725 2660 2726
f 2660 2661 2726
f 2726 2661 2727
f 2661 2662 2727
f 2727 2662 2728
f 2662 2663 2728
f 2728 2663 2729
f 2663 2664 2729
f 2729 2664 2730
f 2664 2665 2730
f 2730 2665 2731
f 2665 2666 2731
f 2731 2666 2732
f 2666 2667 2732
f 2732 2667 2733
f 2667 2668 2733
f 2733 2668 2734
f 2668 2669 2734
f 2734 2669 2735
f 2669 2670 2735
f 2735 2670 2736
f 2670 2606 2736
f 2736 2606 2672
f 2672 2737 2738
f 2672 2671 2737
f 2671 2739 2737
f 2671 2673 2739
f 2673 2740 2739
f 2673 2674 2740
f 2674 2741 2740
f 2674 2675 2741
f 2675 2742 2741
f 2675 2676 2742
f 2676 2743 2742
f 2676 2677 2743
f 2677 2744 2743
f 2677 2678 2744
f 2678 2745 2744
f 2678 2679 2745
f 2679 2746 2745
f 2679 2680 2746
f 2680 2747 2746
f 2680 2681 2747
f 2681 2748 2747
f 2681 2682 2748
f 2682 2749 2748
f 2682 2683 2749
f 2683 2750 2749
f 2683 2684 2750
f 2684 2751 2750
f 2684 2685 2751
f 2685 2752 2751
f 2685 2686 2752
f 2686 2753 2752
f 2686 2687 2753
f 2687 2754 2753
f 2687 2688 2754
f 2688 2755 2754
f 2688 2689 2755
f 2689 2756 2755
f 2689 2690 2756
f 2690 2757 2756
f 2690 2691 2757
f 2691 2692 2757
f 2757 2692 2758
f 2692 2693 2758
f 2758 2693 2759
f 2693 2694 2759
f 2759 2694 2760
f 2694 2695 2760
f 2760 2695 2761
f 2695 2696 2761
f 2761 2696 2762
f 2696 2697 2762
f 2762 2697 2763
f 2697 2698 2763
f 2763 2698 2764
f 2698 2699 2764
f 2764 2699 2765
f 2699 2700 2765
f 2765 2700 2766
f 2700 2701 2766
f 2766 2701 2767
f 2701 2702 2767
f 2767 2702 2768
f 2702 2703 2768
f 2768 2703 2769
f 2703 2704 2769
f 2769 2704 2770
f 2704 2771 2770
f 2704 2705 2771
f 2705 2772 2771
f 2705 2706 2772
f 2706 2773 2772
f 2706 2707 2773
f 2707 2774 2773
f 2707 2708 2774
f 2708 2775 2774
f 2708 2709 2775
f 2709 2776 2775
f 2709 2710 2776
f 2710 2777 2776
f 2710 2711 2777
f 2711 2778 2777
f 2711 2712 2778
f 2712 2779 2778
f 2712 2713 2779
f 2713 2780 2779
f 2713 2714 2780
f 2714 2781 2780
f 2714 2715 2781
f 2715 2782 2781
f 2715 2716 2782
f 2716 2783 2782
f 2716 2717 2783
f 2717 2718 2783
f 2783 2718 2784
f 2718 2719 2784
f 2784 2719 2785
f 2719 2720 2785
f 2785 2720 2786
f 2720 2721 2786
f 2786 2721 2787
f 2721 2722 2787
f 2787 2722 2788
f 2722 2723 2788
f 2788 2723 2789
f 2723 2724 2789
f 2789 2724 2790
f 2724 2725 2790
f 2790 2725 2791
f 2725 2726 2791
f 2791 2726 2792
f 2726 2727 2792
f 2792 2727 2793
f 2727 2728 2793
f 2793 2728 2794
f 2728 2729 2794
f 2794 2729 2795
f 2729 2730 2795
f 2795 2730 2796
f 2730 2731 2796
f 2796 2731 2797
f 2731 2732 2797
f 2797 2732 2798
f 2732 2733 2798
f 2798 2733 2799
f 2733 2734 2799
f 2799 2734 2800
f 2734 2735 2800
f 2800 2735 2801
f 2735 2736 2801
f 2801 2736 2802
f 2736 2672 2802
f 2802 2672 2738
f 2738 2803 2804
f 2738 2737 2803
f 2737 2805 2803
f 2737 2739 2805
f 2739 2806 2805
f 2739 2740 2806
f 2740 2807 2806
f 2740 2741 2807
f 2741 2808 2807
f 2741 2742 2808
f 2742 2809 2808
f 2742 2743 2809
f 2743 2810 2809
f 2743 2744 2810
f 2744 2811 2810
f 2744 2745 2811
f 2745 2812 2811
f 2745 2746 2812
f 2746 2813 2812
f 2746 2747 2813
f 2747 2814 2813
f 2747 2748 2814
f 2748 2815 2814
f 2748 2749 2815
f 2749 2816 2815
f 2749 2750 2816
f 2750 2817 2816
f 2750 2751 2817
f 2751 2818 2817
f 2751 2752 2818
f 2752 2819 2818
f 2752 2753 2819
f 2753 2820 2819
f 2753 2754 2820
f 2754 2821 2820
f 2754 2755 2821
f 2755 2822 2821
f 2755 2756 2822
f 2756 2823 2822
f 2756 2757 2823
f 2757 2758 2823
f 2823 2758 2824
f 2758 2759 2824
f 2824 2759 2825
f 2759 2760 2825
f 2825 2760 2826
f 2760 2761 2826
f 2826 2761 2827
f 2761 2762 2827
f 2827 2762 2828
f 2762 2763 2828
f 2828 2763 2829
f 2763 2764 2829
f 2829 2764 2830
f 2764 2765 2830
f 2830 2765 2831
f 2765 2766 2831
f 2831 2766 2832
f 2766 2767 2832
f 2832 2767 2833
f 2767 2768 2833
f 2833 2768 2834
f 2768 2769 2834
f 2834 2769 2835
f 2769 2770 2835
f 2835 2770 2836
f 2770 2837 2836
f 2770 2771 2837
f 2771 2838 2837
f 2771 2772 2838
f 2772 2839 2838
f 2772 2773 2839
f 2773 2840 2839
f 2773 2774 2840
f 2774 2841 2840
f 2774 2775 2841
f 2775 2842 2841
f 2775 2776 2842
f 2776 2843 2842
f 2776 2777 2843
f 2777 2844 2843
f 2777 2778 2844
f 2778 2845 2844
f 2778 2779 2845
f 2779 2846 2845
f 2779 2780 2846
f 2780 2847 2846
f 2780 2781 2847
f 2781 2848 2847
f 2781 2782 2848
f 2782 2849 2848
f 2782 2783 2849
f 2783 2784 2849
f 2849 2784 2850
f 2784 2785 2850
f 2850 2785 2851
f 2785 2786 2851
f 2851 2786 2852
f 2786 2787 2852
f 2852 2787 2853
f 2787 2788 2853
f 2853 2788 2854
f 2788 2789 2854
f 2854 2789 2855
f 2789 2790 2855
f 2855 2790 2856
f 2790 2791 2856
f 2856 2791 2857
f 2791 2792 2857
f 2857 2792 2858
f 2792 2793 2858
f 2858 2793 2859
f 2793 2794 2859
f 2859 2794 2860
f 2794 2795 2860
f 2860 2795 2861
f 2795 2796 2861
f 2861 2796 2862
f 2796 2797 2862
f 2862 2797 2863
f 2797 2798 2863
f 2863 2798 2864
f 2798 2799 2864
f 2864 2799 2865
f 2799 2800 2865
f 2865 2800 2866
f 2800 2801 2866
f 2866 2801 2867
f 2801 2802 2867
f 2867 2802 2868
f 2802 2738 2868
f 2868 2738 2804
f 2804 2869 2870
f 2804 2803 2869
f 2803 2871 2869
f 2803 2805 2871
f 2805 2872 2871
f 2805 2806 2872
f 2806 2873 2872
f 2806 2807 2873
f 2807 2874 2873
f 2807 2808 2874
f 2808 2875 2874
f 2808 2809 2875
f 2809 2876 2875
f 2809 2810 2876
f 2810 2877 2876
f 2810 2811 2877
f 2811 2878 2877
f 2811 2812 2878
f 2812 2879 2878
f 2812 2813 2879
f 2813 2880 2879
f 2813 2814 2880
f 2814 2881 2880
f 2814 2815 2881
f 2815 2882 2881
f 2815 2816 2882
f 2816 2883 2882
f 2816 2817 2883
f 2817 2884 2883
f 2817 2818 2884
f 2818 2885 2884
f 2818 2819 2885
f 2819 2886 2885
f 2819 2820 2886
f 2820 2887 2886
f 2820 2821 2887
f 2821 2888 2887
f 2821 2822 2888
f 2822 2889 2888
f 2822 2823 2889
f 2823 2824 2889
f 2889 2824 2890
f 2824 2825 2890
f 2890 2825 2891
f 2825 2826 2891
f 2891 2826 2892
f 2826 2827 2892
f 2892 2827 2893
f 2827 2828 2893
f 2893 2828 2894
f 2828 2829 2894
f 2894 2829 2895
f 2829 2830 2895
f 2895 2830 2896
f 2830 2831 2896
f 2896 2831 2897
f 2831 2832 2897
f 2897 2832 2898
f 2832 2833 2898
f 2898 2833 2899
f 2833 2834 2899
f 2899 2834 2900
f 2834 2835 2900
f 2900 2835 2901
f 2835 2836 2901
f 2901 2836 2902
f 2836 2903 2902
f 2836 2837 2903
f 2837 2904 2903
f 2837 2838 2904
f 2838 2905 2904
f 2838 2839 2905
f 2839 2906 2905
f 2839 2840 2906
f 2840 2907 2906
f 2840 2841 2907
f 2841 2908 2907
f 2841 2842 2908
f 2842 2909 2908
f 2842 2843 2909
f 2843 2910 2909
f 2843 2844 2910
f 2844 2911 2910
f 2844 2845 2911
f 2845 2912 2911
f 2845 2846 2912
f 2846 2913 2912
f 2846 2847 2913
f 2847 2914 2913
f 2847 2848 2914
f 2848 2915 2914
f 2848 2849 2915
f 2849 2850 2915
f 2915 2850 2916
f 2850 2851 2916
f 2916 2851 2917
f 2851 2852 2917
f 2917 2852 2918
f 2852 2853 2918
f 2918 2853 2919
f 2853 2854 2919
f 2919 2854 2920
f 2854 2855 2920
f 2920 2855 2921
f 2855 2856 2921
f 2921 2856 2922
f 2856 2857 2922
f 2922 2857 2923
f 2857 2858 2923
f 2923 2858 2924
f 2858 2859 2924
f 2924 2859 2925
f 2859 2860 2925
f 2925 2860 2926
f 2860 2861 2926
f 2926 2861 2927
f 2861 2862 2927
f 2927 2862 2928
f 2862 2863 2928
f 2928 2863 2929
f 2863 2864 2929
f 2929 2864 2930
f 2864 2865 2930
f 2930 2865 2931
f 2865 2866 2931
f 2931 2866 2932
f 2866 2867 2932
f 2932 2867 2933
f 2867 2868 2933
f 2933 2868 2934
f 2868 2804 2934
f 2934 2804 2870
f 2870 2935 2936
f 2870 2869 2935
f 2869 2937 2935
f 2869 2871 2937
f 2871 2938 2937
f 2871 2872 2938
f 2872 2939 2938
f 2872 2873 2939
f 2873 2940 2939
f 2873 2874 2940
f 2874 2941 2940
f 2874 2875 2941
f 2875 2942 2941
f 2875 2876 2942
f 2876 2943 2942
f 2876 2877 2943
f 2877 2944 2943
f 2877 2878 2944
f 2878 2945 2944
f 2878 2879 2945
f 2879 2946 2945
f 2879 2880 2946
f 2880 2947 2946
f 2880 2881 2947
f 2881 2948 2947
f 2881 2882 2948
f 2882 2949 2948
f 2882 2883 2949
f 2883 2950 2949
f 2883 2884 2950
f 2884 2951 2950
f 2884 2885 2951
f 2885 2952 2951
f 2885 2886 2952
f 2886 2953 2952
f 2886 2887 2953
f 2887 2954 2953
f 2887 2888 2954
f 2888 2955 2954
f 2888 2889 2955
f 2889 2890 2955
f 2955 2890 2956
f 2890 2891 2956
f 2956 2891 2957
f 2891 2892 2957
f 2957 2892 2958
f 2892 2893 2958
f 2958 2893 2959
f 2893 2894 2959
f 2959 2894 2960
f 2894 2895 2960
f 2960 2895 2961
f 2895 2896 2961
f 2961 2896 2962
f 2896 2897 2962
f 2962 2897 2963
f 2897 2898 2963
f 2963 2898 2964
f 2898 2899 2964
f 2964 2899 2965
f 2899 2900 2965
f 2965 2900 2966
f 2900 2901 2966
f 2966 2901 2967
f 2901 2902 2967
f 2967 2902 2968
f 2902 2969 2968
f 2902 2903 2969
f 2903 2970 2969
f 2903 2904 2970
f 2904 2971 2970
f 2904 2905 2971
f 2905 2972 2971
f 2905 2906 2972
f 2906 2973 2972
f 2906 2907 2973
f 2907 2974 2973
f 2907 2908 2974
f 2908 2975 2974
f 2908 2909 2975
f 2909 2976 2975
f 2909 2910 2976
f 2910 2977 2976
f 2910 2911 2977
f 2911 2978 2977
f 2911 2912 2978
f 2912 2979 2978
f 2912 2913 2979
f 2913 2980 2979
f 2913 2914 2980
f 2914 2981 2980
f 2914 2915 2981
f 2915 2916 2981
f 2981 2916 2982
f 2916 2917 2982
f 2982 2917 2983
f 2917 2918 2983
f 2983 2918 2984
f 2918 2919 2984
f 2984 2919 2985
f 2919 2920 2985
f 2985 2920 2986
f 2920 2921 2986
f 2986 2921 2987
f 2921 2922 2987
f 2987 2922 2988
f 2922 2923 2988
f 2988 2923 2989
f 2923 2924 2989
f 2989 2924 2990
f 2924 2925 2990
f 2990 2925 2991
f 2925 2926 2991
f 2991 2926 2992
f 2926 2927 2992
f 2992 2927 2993
f 2927 2928 2993
f 2993 2928 2994
f 2928 2929 2994
f 2994 2929 2995
f 2929 2930 2995
f 2995 2930 2996
f 2930 2931 2996
f 2996 2931 2997
f 2931 2932 2997
f 2997 2932 2998
f 2932 2933 2998
f 2998 2933 2999
f 2933 2934 2999
f 2999 2934 3000
f 2934 2870 3000
f 3000 2870 2936
f 2936 3001 3002
f 2936 2935 3001
f 2935 3003 3001
f 2935 2937 3003
f 2937 3004 3003
f 2937 2938 3004
f 2938 3005 3004
f 2938 2939 3005
f 2939 3006 3005
f 2939 2940 3006
f 2940 3007 3006
f 2940 2941 3007
f 2941 3008 3007
f 2941 2942 3008
f 2942 3009 3008
f 2942 2943 3009
f 2943 3010 3009
f 2943 2944 3010
f 2944 3011 3010
f 2944 2945 3011
f 2945 3012 3011
f 2945 2946 3012
f 2946 3013 3012
f 2946 2947 3013
f 2947 3014 3013
f 2947 2948 3014
f 2948 3015 3014
f 2948 2949 3015
f 2949 3016 3015
f 2949 2950 3016
f 2950 3017 3016
f 2950 2951 3017
f 2951 3018 3017
f 2951 2952 3018
f 2952 3019 3018
f 2952 2953 3019
f 2953 3020 3019
f 2953 2954 3020
f 2954 3021 3020
f 2954 2955 3021
f 2955 2956 3021
f 3021 2956 3022
f 2956 2957 3022
f 3022 2957 3023
f 2957 2958 3023
f 3023 2958 3024
f 2958 2959 3024
f 3024 2959 3025
f 2959 2960 3025
f 3025 2960 3026
f 2960 2961 3026
f 3026 2961 3027
f 2961 2962 3027
f 3027 2962 3028
f 2962 2963 3028
f 3028 2963 3029
f 2963 2964 3029
f 3029 2964 3030
f 2964 2965 3030
f 3030 2965 3031
f 2965 2966 3031
f 3031 2966 3032
f 2966 2967 3032
f 3032 2967 3033
f 2967 2968 3033
f 3033 2968 3034
f 2968 3035 3034
f 2968 2969 3035
f 2969 3036 3035
f 2969 2970 3036
f 2970 3037 3036
f 2970 2971 3037
f 2971 3038 3037
f 2971 2972 3038
f 2972 3039 3038
f 2972 2973 3039
f 2973 3040 3039
f 2973 2974 3040
f 2974 3041 3040
f 2974 2975 3041
f 2975 3042 3041
f 2975 2976 3042
f 2976 3043 3042
f 2976 2977 3043
f 2977 3044 3043
f 2977 2978 3044
f 2978 3045 3044
f 2978 2979 3045
f 2979 3046 3045
f 2979 2980 3046
f 2980 3047 3046
f 2980 2981 3047
f 2981 2982 3047
f 3047 2982 3048
f 2982 2983 3048
f 3048 2983 3049
f 2983 2984 3049
f 3049 2984 3050
f 2984 2985 3050
f 3050 2985 3051
f 2985 2986 3051
f 3051 2986 3052
f 2986 2987 3052
f 3052 2987 3053
f 2987 2988 3053
f 3053 2988 3054
f 2988 2989 3054
f 3054 2989 3055
f 2989 2990 3055
f 3055 2990 3056
f 2990 2991 3056
f 3056 2991 3057
f 2991 2992 3057
f 3057 2992 3058
f 2992 2993 3058
f 3058 2993 3059
f 2993 2994 3059
f 3059 2994 3060
f 2994 2995 3060
f 3060 2995 3061
f 2995 2996 3061
f 3061 2996 3062
f 2996 2997 3062
f 3062 2997 3063
f 2997 2998 3063
f 3063 2998 3064
f 2998 2999 3064
f 3064 2999 3065
f 2999 3000 3065
f 3065 3000 3066
f 3000 2936 3066
f 3066 2936 3002
f 3002 3067 3068
f 3002 3001 3067
f 3001 3069 3067
f 3001 3003 3069
f 3003 3070 3069
f 3003 3004 3070
f 3004 3071 3070
f 3004 3005 3071
f 3005 3072 3071
f 3005 3006 3072
f 3006 3073 3072
f 3006 3007 3073
f 3007 3074 3073
f 3007 3008 3074
f 3008 3075 3074
f 3008 3009 3075
f 3009 3076 3075
f 3009 3010 3076
f 3010 3077 3076
f 3010 3011 3077
f 3011 3078 3077
f 3011 3012 3078
f 3012 3079 3078
f 3012 3013 3079
f 3013 3080 3079
f 3013 3014 3080
f 3014 3081 3080
f 3014 3015 3081
f 3015 3082 3081
f 3015 3016 3082
f 3016 3083 3082
f 3016 3017 3083
f 3017 3084 3083
f 3017 3018 3084
f 3018 3085 3084
f 3018 3019 3085
f 3019 3086 3085
f 3019 3020 3086
f 3020 3087 3086
f 3020 3021 3087
f 3021 3022 3087
f 3087 3022 3088
f 3022 3023 3088
f 3088 3023 3089
f 3023 3024 3089
f 3089 3024 3090
f 3024 3025 3090
f 3090 3025 3091
f 3025 3026 3091
f 3091 3026 3092
f 3026 3027 3092
f 3092 3027 3093
f 3027 3028 3093
f 3093 3028 3094
f 3028 3029 3094
f 3094 3029 3095
f 3029 3030 3095
f 3095 3030 3096
f 3030 3031 3096
f 3096 3031 3097
f 3031 3032 3097
f 3097 3032 3098
f 3032 3033 3098
f 3098 3033 3099
f 3033 3034 3099
f 3099 3034 3100
f 3034 3101 3100
f 3034 3035 3101
f 3035 3102 3101
f 3035 3036 3102
f 3036 3103 3102
f 3036 3037 3103
f 3037 3104 3103
f 3037 3038 3104
f 3038 3105 3104
f 3038 3039 3105
f 3039 3106 3105
f 3039 3040 3106
f 3040 3107 3106
f 3040 3041 3107
f 3041 3108 3107
f 3041 3042 3108
f 3042 3109 3108
f 3042 3043 3109
f 3043 3110 3109
f 3043 3044 3110
f 3044 3111 3110
f 3044 3045 3111
f 3045 3112 3111
f 3045 3046 3112
f 3046 3113 3112
f 3046 3047 3113
f 3047 3048 3113
f 3113 3048 3114
f 3048 3049 3114
f 3114 3049 3115
f 3049 3050 3115
f 3115 3050 3116
f 3050 3051 3116
f 3116 3051 3117
f 3051 3052 3117
f 3117 3052 3118
f 3052 3053 3118
f 3118 3053 3119
f 3053 3054 3119
f 3119 3054 3120
f 3054 3055 3120
f 3120 3055 3121
f 3055 3056 3121
f 3121 3056 3122
f 3056 3057 3122
f 3122 3057 3123
f 3057 3058 3123
f 3123 3058 3124
f 3058 3059 3124
f 3124 3059 3125
f 3059 3060 3125
f 3125 3060 3126
f 3060 3061 3126
f 3126 3061 3127
f 3061 3062 3127
f 3127 3062 3128
f 3062 3063 3128
f 3128 3063 3129
f 3063 3064 3129
f 3129 3064 3130
f 3064 3065 3130
f 3130 3065 3131
f 3065 3066 3131
f 3131 3066 3132
f 3066 3002 3132
f 3132 3002 3068
f 3068 3133 3134
f 3068 3067 3133
f 3067 3135 3133
f 3067 3069 3135
f 3069 3136 3135
f 3069 3070 3136
f 3070 3137 3136
f 3070 3071 3137
f 3071 3138 3137
f 3071 3072 3138
f 3072 3139 3138
f 3072 3073 3139
f 3073 3140 3139
f 3073 3074 3140
f 3074 3141 3140
f 3074 3075 3141
f 3075 3142 3141
f 3075 3076 3142
f 3076 3143 3142
f 3076 3077 3143
f 3077 3144 3143
f 3077 3078 3144
f 3078 3145 3144
f 3078 3079 3145
f 3079 3146 3145
f 3079 3080 3146
f 3080 3147 3146
f 3080 3081 3147
f 3081 3148 3147
f 3081 3082 3148
f 3082 3149 3148
f 3082 3083 3149
f 3083 3150 3149
f 3083 3084 3150
f 3084 3151 3150
f 3084 3085 3151
f 3085 3152 3151
f 3085 3086 3152
f 3086 3153 3152
f 3086 3087 3153
f 3087 3088 3153
f 3153 3088 3154
f 3088 3089 3154
f 3154 3089 3155
f 3089 3090 3155
f 3155 3090 3156
f 3090 3091 3156
f 3156 3091 3157
f 3091 3092 3157
f 3157 3092 3158
f 3092 3093 3158
f 3158 3093 3159
f 3093 3094 3159
f 3159 3094 3160
f 3094 3095 3160
f 3160 3095 3161
f 3095 3096 3161
f 3161 3096 3162
f 3096 3097 3162
f 3162 3097 3163
f 3097 3098 3163
f 3163 3098 3164
f 3098 3099 3164
f 3164 3099 3165
f 3099 3100 3165
f 3165 3100 3166
f 3100 3167 3166
f 3100 3101 3167
f 3101 3168 3167
f 3101 3102 3168
f 3102 3169 3168
f 3102 3103 3169
f 3103 3170 3169
f 3103 3104 3170
f 3104 3171 3170
f 3104 3105 3171
f 3105 3172 3171
f 3105 3106 3172
f 3106 3173 3172
f 3106 3107 3173
f 3107 3174 3173
f 3107 3108 3174
f 3108 3175 3174
f 3108 3109 3175
f 3109 3176 3175
f 3109 3110 3176
f 3110 3177 3176
f 3110 3111 3177
f 3111 3178 3177
f 3111 3112 3178
f 3112 3179 3178
f 3112 3113 3179
f 3113 3114 3179
f 3179 3114 3180
f 3114 3115 3180
f 3180 3115 3181
f 3115 3116 3181
f 3181 3116 3182
f 3116 3117 3182
f 3182 3117 3183
f 3117 3118 3183
f 3183 3118 3184
f 3118 3119 3184
f 3184 3119 3185
f 3119 3120 3185
f 3185 3120 3186
f 3120 3121 3186
f 3186 3121 3187
f 3121 3122 3187
f 3187 3122 3188
f 3122 3123 3188
f 3188 3123 3189
f 3123 3124 3189
f 3189 3124 3190
f 3124 3125 3190
f 3190 3125 3191
f 3125 3126 3191
f 3191 3126 3192
f 3126 3127 3192
f 3192 3127 3193
f 3127 3128 3193
f 3193 3128 3194
f 3128 3129 3194
f 3194 3129 3195
f 3129 3130 3195
f 3195 3130 3196
f 3130 3131 3196
f 3196 3131 3197
f 3131 3132 3197
f 3197 3132 3198
f 3132 3068 3198
f 3198 3068 3134
f 3134 3199 3200
f 3134 3133 3199
f 3133 3201 3199
f 3133 3135 3201
f 3135 3202 3201
f 3135 3136 3202
f 3136 3203 3202
f 3136 3137 3203
f 3137 3204 3203
f 3137 3138 3204
f 3138 3205 3204
f 3138 3139 3205
f 3139 3206 3205
f 3139 3140 3206
f 3140 3207 3206
f 3140 3141 3207
f 3141 3208 3207
f 3141 3142 3208
f 3142 3209 3208
f 3142 3143 3209
f 3143 3210 3209
f 3143 3144 3210
f 3144 3211 3210
f 3144 3145 3211
f 3145 3212 3211
f 3145 3146 3212
f 3146 3213 3212
f 3146 3147 3213
f 3147 3214 3213
f 3147 3148 3214
f 3148 3215 3214
f 3148 3149 3215
f 3149 3216 3215
f 3149 3150 3216
f 3150 3217 3216
f 3150 3151 3217
f 3151 3218 3217
f 3151 3152 3218
f 3152 3219 3218
f 3152 3153 3219
f 3153 3154 3219
f 3219 3154 3220
f 3154 3155 3220
f 3220 3155 3221
f 3155 3156 3221
f 3221 3156 3222
f 3156 3157 3222
f 3222 3157 3223
f 3157 3158 3223
f 3223 3158 3224
f 3158 3159 3224
f 3224 3159 3225
f 3159 3160 3225
f 3225 3160 3226
f 3160 3161 3226
f 3226 3161 3227
f 3161 3162 3227
f 3227 3162 3228
f 3162 3163 3228
f 3228 3163 3229
f 3163 3164 3229
f 3229 3164 3230
f 3164 3165 3230
f 3230 3165 3231
f 3165 3166 3231
f 3231 3166 3232
f 3166 3233 3232
f 3166 3167 3233
f 3167 3234 3233
f 3167 3168 3234
f 3168 3235 3234
f 3168 3169 3235
f 3169 3236 3235
f 3169 3170 3236
f 3170 3237 3236
f 3170 3171 3237
f 3171 3238 3237
f 3171 3172 3238
f 3172 3239 3238
f 3172 3173 3239
f 3173 3240 3239
f 3173 3174 3240
f 3174 3241 3240
f 3174 3175 3241
f 3175 3242 3241
f 3175 3176 3242
f 3176 3243 3242
f 3176 3177 3243
f 3177 3244 3243
f 3177 3178 3244
f 3178 3245 3244
f 3178 3179 3245
f 3179 3180 3245
f 3245 3180 3246
f 3180 3181 3246
f 3246 3181 3247
f 3181 3182 3247
f 3247 3182 3248
f 3182 3183 3248
f 3248 3183 3249
f 3183 3184 3249
f 3249 3184 3250
f 3184 3185 3250
f 3250 3185 3251
f 3185 3186 3251
f 3251 3186 3252
f 3186 3187 3252
f 3252 3187 3253
f 3187 3188 3253
f 3253 3188 3254
f 3188 3189 3254
f 3254 3189 3255
f 3189 3190 3255
f 3255 3190 3256
f 3190 3191 3256
f 3256 3191 3257
f 3191 3192 3257
f 3257 3192 3258
f 3192 3193 3258
f 3258 3193 3259
f 3193 3194 3259
f 3259 3194 3260
f 3194 3195 3260
f 3260 3195 3261
f 3195 3196 3261
f 3261 3196 3262
f 3196 3197 3262
f 3262 3197 3263
f 3197 3198 3263
f 3263 3198 3264
f 3198 3134 3264
f 3264 3134 3200
f 3200 3265 3266
f 3200 3199 3265
f 3199 3267 3265
f 3199 3201 3267
f 3201 3268 3267
f 3201 3202 3268
f 3202 3269 3268
f 3202 3203 3269
f 3203 3270 3269
f 3203 3204 3270
f 3204 3271 3270
f 3204 3205 3271
f 3205 3272 3271
f 3205 3206 3272
f 3206 3273 3272
f 3206 3207 3273
f 3207 3274 3273
f 3207 3208 3274
f 3208 3275 3274
f 3208 3209 3275
f 3209 3276 3275
f 3209 3210 3276
f 3210 3277 3276
f 3210 3211 3277
f 3211 3278 3277
f 3211 3212 3278
f 3212 3279 3278
f 3212 3213 3279
f 3213 3280 3279
f 3213 3214 3280
f 3214 3281 3280
f 3214 3215 3281
f 3215 3282 3281
f 3215 3216 3282
f 3216 3283 3282
f 3216 3217 3283
f 3217 3284 3283
f 3217 3218 3284
f 3218 3285 3284
f 3218 3219 3285
f 3219 3220 3285
f 3285 3220 3286
f 3220 3221 3286
f 3286 3221 3287
f 3221 3222 3287
f 3287 3222 3288
f 3222 3223 3288
f 3288 3223 3289
f 3223 3224 3289
f 3289 3224 3290
f 3224 3225 3290
f 3290 3225 3291
f 3225 3226 3291
f 3291 3226 3292
f 3226 3227 3292
f 3292 3227 3293
f 3227 3228 3293
f 3293 3228 3294
f 3228 3229 3294
f 3294 3229 3295
f 3229 3230 3295
f 3295 3230 3296
f 3230 3231 3296
f 3296 3231 3297
f 3231 3232 3297
f 3297 3232 3298
f 3232 3299 3298
f 3232 3233 3299
f 3233 3300 3299
f 3233 3234 3300
f 3234 3301 3300
f 3234 3235 3301
f 3235 3302 3301
f 3235 3236 3302
f 3236 3303 3302
f 3236 3237 3303
f 3237 3304 3303
f 3237 3238 3304
f 3238 3305 3304
f 3238 3239 3305
f 3239 3306 3305
f 3239 3240 3306
f 3240 3307 3306
f 3240 3241 3307
f 3241 3308 3307
f 3241 3242 3308
f 3242 3309 3308
f 3242 3243 3309
f 3243 3310 3309
f 3243 3244 3310
f 3244 3311 3310
f 3244 3245 3311
f 3245 3246 3311
f 3311 3246 3312
f 3246 3247 3312
f 3312 3247 3313
f 3247 3248 3313
f 3313 3248 3314
f 3248 3249 3314
f 3314 3249 3315
f 3249 3250 3315
f 3315 3250 3316
f 3250 3251 3316
f 3316 3251 3317
f 3251 3252 3317
f 3317 3252 3318
f 3252 3253 3318
f 3318 3253 3319
f 3253 3254 3319
f 3319 3254 3320
f 3254 3255 3320
f 3320 3255 3321
f 3255 3256 3321
f 3321 3256 3322
f 3256 3257 3322
f 3322 3257 3323
f 3257 3258 3323
f 3323 3258 3324
f 3258 3259 3324
f 3324 3259 3325
f 3259 3260 3325
f 3325 3260 3326
f 3260 3261 3326
f 3326 3261 3327
f 3261 3262 3327
f 3327 3262 3328
f 3262 3263 3328
f 3328 3263 3329
f 3263 3264 3329
f 3329 3264 3330
f 3264 3200 3330
f 3330 3200 3266
f 3266 3331 3332
f 3266 3265 3331
f 3265 3333 3331
f 3265 3267 3333
f 3267 3334 3333
f 3267 3268 3334
f 3268 3335 3334
f 3268 3269 3335
f 3269 3336 3335
f 3269 3270 3336
f 3270 3337 3336
f 3270 3271 3337
f 3271 3338 3337
f 3271 3272 3338
f 3272 3339 3338
f 3272 3273 3339
f 3273 3340 3339
f 3273 3274 3340
f 3274 3341 3340
f 3274 3275 3341
f 3275 3342 3341
f 3275 3276 3342
f 3276 3343 3342
f 3276 3277 3343
f 3277 3344 3343
f 3277 3278 3344
f 3278 3345 3344
f 3278 3279 3345
f 3279 3346 3345
f 3279 3280 3346
f 3280 3347 3346
f 3280 3281 3347
f 3281 3348 3347
f 3281 3282 3348
f 3282 3349 3348
f 3282 3283 3349
f 3283 3350 3349
f 3283 3284 3350
f 3284 3351 3350
f 3284 3285 3351
f 3285 3286 3351
f 3351 3286 3352
f 3286 3287 3352
f 3352 3287 3353
f 3287 3288 3353
f 3353 3288 3354
f 3288 3289 3354
f 3354 3289 3355
f 3289 3290 3355
f 3355 3290 3356
f 3290 3291 3356
f 3356 3291 3357
f 3291 3292 3357
f 3357 3292 3358
f 3292 3293 3358
f 3358 3293 3359
f 3293 3294 3359
f 3359 3294 3360
f 3294 3295 3360
f 3360 3295 3361
f 3295 3296 3361
f 3361 3296 3362
f 3296 3297 3362
f 3362 3297 3363
f 3297 3298 3363
f 3363 3298 3364
f 3298 3365 3364
f 3298 3299 3365
f 3299 3366 3365
f 3299 3300 3366
f 3300 3367 3366
f 3300 3301 3367
f 3301 3368 3367
f 3301 3302 3368
f 3302 3369 3368
f 3302 3303 3369
f 3303 3370 3369
f 3303 3304 3370
f 3304 3371 3370
f 3304 3305 3371
f 3305 3372 3371
f 3305 3306 3372
f 3306 3373 3372
f 3306 3307 3373
f 3307 3374 3373
f 3307 3308 3374
f 3308 3375 3374
f 3308 3309 3375
f 3309 3376 3375
f 3309 3310 3376
f 3310 3377 3376
f 3310 3311 3377
f 3311 3312 3377
f 3377 3312 3378
f 3312 3313 3378
f 3378 3313 3379
f 3313 3314 3379
f 3379 3314 3380
f 3314 3315 3380
f 3380 3315 3381
f 3315 3316 3381
f 3381 3316 3382
f 3316 3317 3382
f 3382 3317 3383
f 3317 3318 3383
f 3383 3318 3384
f 3318 3319 3384
f 3384 3319 3385
f 3319 3320 3385
f 3385 3320 3386
f 3320 3321 3386
f 3386 3321 3387
f 3321 3322 3387
f 3387 3322 3388
f 3322 3323 3388
f 3388 3323 3389
f 3323 3324 3389
f 3389 3324 3390
f 3324 3325 3390
f 3390 3325 3391
f 3325 3326 3391
f 3391 3326 3392
f 3326 3327 3392
f 3392 3327 3393
f 3327 3328 3393
f 3393 3328 3394
f 3328 3329 3394
f 3394 3329 3395
f 3329 3330 3395
f 3395 3330 3396
f 3330 3266 3396
f 3396 3266 3332
f 3332 3397 3398
f 3332 3331 3397
f 3331 3399 3397
f 3331 3333 3399
f 3333 3400 3399
f 3333 3334 3400
f 3334 3401 3400
f 3334 3335 3401
f 3335 3402 3401
f 3335 3336 3402
f 3336 3403 3402
f 3336 3337 3403
f 3337 3404 3403
f 3337 3338 3404
f 3338 3405 3404
f 3338 3339 3405
f 3339 3406 3405
f 3339 3340 3406
f 3340 3407 3406
f 3340 3341 3407
f 3341 3408 3407
f 3341 3342 3408
f 3342 3409 3408
f 3342 3343 3409
f 3343 3410 3409
f 3343 3344 3410
f 3344 3411 3410
f 3344 3345 3411
f 3345 3412 3411
f 3345 3346 3412
f 3346 3413 3412
f 3346 3347 3413
f 3347 3414 3413
f 3347 3348 3414
f 3348 3415 3414
f 3348 3349 3415
f 3349 3416 3415
f 3349 3350 3416
f 3350 3417 3416
f 3350 3351 3417
f 3351 3352 3417
f 3417 3352 3418
f 3352 3353 3418
f 3418 3353 3419
f 3353 3354 3419
f 3419 3354 3420
f 3354 3355 3420
f 3420 3355 3421
f 3355 3356 3421
f 3421 3356 3422
f 3356 3357 3422
f 3422 3357 3423
f 3357 3358 3423
f 3423 3358 3424
f 3358 3359 3424
f 3424 3359 3425
f 3359 3360 3425
f 3425 3360 3426
f 3360 3361 3426
f 3426 3361 3427
f 3361 3362 3427
f 3427 3362 3428
f 3362 3363 3428
f 3428 3363 3429
f 3363 3364 3429
f 3429 3364 3430
f 3364 3431 3430
f 3364 3365 3431
f 3365 3432 3431
f 3365 3366 3432
f 3366 3433 3432
f 3366 3367 3433
f 3367 3434 3433
f 3367 3368 3434
f 3368 3435 3434
f 3368 3369 3435
f 3369 3436 3435
f 3369 3370 3436
f 3370 3437 3436
f 3370 3371 3437
f 3371 3438 3437
f 3371 3372 3438
f 3372 3439 3438
f 3372 3373 3439
f 3373 3440 3439
f 3373 3374 3440
f 3374 3441 3440
f 3374 3375 3441
f 3375 3442 3441
f 3375 3376 3442
f 3376 3443 3442
f 3376 3377 3443
f 3377 3378 3443
f 3443 3378 3444
f 3378 3379 3444
f 3444 3379 3445
f 3379 3380 3445
f 3445 3380 3446
f 3380 3381 3446
f 3446 3381 3447
f 3381 3382 3447
f 3447 3382 3448
f 3382 3383 3448
f 3448 3383 3449
f 3383 3384 3449
f 3449 3384 3450
f 3384 3385 3450
f 3450 3385 3451
f 3385 3386 3451
f 3451 3386 3452
f 3386 3387 3452
f 3452 3387 3453
f 3387 3388 3453
f 3453 3388 3454
f 3388 3389 3454
f 3454 3389 3455
f 3389 3390 3455
f 3455 3390 3456
f 3390 3391 3456
f 3456 3391 3457
f 3391 3392 3457
f 3457 3392 3458
f 3392 3393 3458
f 3458 3393 3459
f 3393 3394 3459
f 3459 3394 3460
f 3394 3395 3460
f 3460 3395 3461
f 3395 3396 3461
f 3461 3396 3462
f 3396 3332 3462
f 3462 3332 3398
f 3397 3399 3521
f 3399 3400 3521
f 3400 3401 3463
f 3401 3464 3463
f 3401 3402 3464
f 3402 3465 3464
f 3402 3403 3465
f 3403 3466 3465
f 3403 3404 3466
f 3404 3467 3466
f 3404 3405 3467
f 3405 3468 3467
f 3405 3406 3468
f 3406 3469 3468
f 3406 3407 3469
f 3407 3470 3469
f 3407 3408 3470
f 3408 3471 3470
f 3408 3409 3471
f 3409 3472 3471
f 3409 3410 3472
f 3410 3473 3472
f 3410 3411 3473
f 3411 3474 3473
f 3411 3412 3474
f 3412 3475 3474
f 3412 3413 3475
f 3413 3476 3475
f 3413 3414 3476
f 3414 3477 3476
f 3414 3415 3477
f 3415 3478 3477
f 3415 3416 3478
f 3416 3479 3478
f 3416 3417 3479
f 3417 3418 3479
f 3479 3418 3480
f 3418 3419 3480
f 3480 3419 3481
f 3419 3420 3481
f 3481 3420 3482
f 3420 3421 3482
f 3482 3421 3483
f 3421 3422 3483
f 3483 3422 3484
f 3422 3423 3484
f 3484 3423 3485
f 3423 3424 3485
f 3485 3424 3486
f 3424 3425 3486
f 3486 3425 3487
f 3425 3426 3487
f 3487 3426 3488
f 3426 3427 3488
f 3488 3427 3489
f 3427 3428 3489
f 3489 3428 3490
f 3428 3429 3490
f 3490 3429 3491
f 3429 3430 3491
f 3430 3431 3492
f 3431 3493 3492
f 3431 3432 3493
f 3432 3494 3493
f 3432 3433 3494
f 3433 3495 3494
f 3433 3434 3495
f 3434 3496 3495
f 3434 3435 3496
f 3435 3497 3496
f 3435 3436 3497
f 3436 3498 3497
f 3436 3437 3498
f 3437 3499 3498
f 3437 3438 3499
f 3438 3500 3499
f 3438 3439 3500
f 3439 3501 3500
f 3439 3440 3501
f 3440 3502 3501
f 3440 3441 3502
f 3441 3503 3502
f 3441 3442 3503
f 3442 3504 3503
f 3442 3443 3504
f 3443 3444 3504
f 3504 3444 3505
f 3444 3445 3505
f 3505 3445 3506
f 3445 3446 3506
f 3506 3446 3507
f 3446 3447 3507
f 3507 3447 3508
f 3447 3448 3508
f 3508 3448 3509
f 3448 3449 3509
f 3509 3449 3510
f 3449 3450 3510
f 3510 3450 3511
f 3450 3451 3511
f 3511 3451 3512
f 3451 3452 3512
f 3512 3452 3513
f 3452 3453 3513
f 3513 3453 3514
f 3453 3454 3514
f 3514 3454 3515
f 3454 3455 3515
f 3515 3455 3516
f 3455 3456 3516
f 3516 3456 3517
f 3456 3457 3517
f 3517 3457 3518
f 3457 3458 3518
f 3518 3458 3519
f 3458 3459 3519
f 3519 3459 3520
f 3459 3460 3520
f 3460 3461 3582
f 3461 3462 3582
f 3398 3397 3583
f 3397 3521 3583
f 3521 3400 3522
f 3400 3523 3522
f 3400 3463 3523
f 3463 3524 3523
f 3463 3464 3524
f 3464 3525 3524
f 3464 3465 3525
f 3465 3526 3525
f 3465 3466 3526
f 3466 3527 3526
f 3466 3467 3527
f 3467 3528 3527
f 3467 3468 3528
f 3468 3529 3528
f 3468 3469 3529
f 3469 3530 3529
f 3469 3470 3530
f 3470 3531 3530
f 3470 3471 3531
f 3471 3532 3531
f 3471 3472 3532
f 3472 3533 3532
f 3472 3473 3533
f 3473 3534 3533
f 3473 3474 3534
f 3474 3535 3534
f 3474 3475 3535
f 3475 3536 3535
f 3475 3476 3536
f 3476 3537 3536
f 3476 3477 3537
f 3477 3538 3537
f 3477 3478 3538
f 3478 3539 3538
f 3478 3479 3539
f 3479 3480 3539
f 3539 3480 3540
f 3480 3481 3540
f 3540 3481 3541
f 3481 3482 3541
f 3541 3482 3542
f 3482 3483 3542
f 3542 3483 3543
f 3483 3484 3543
f 3543 3484 3544
f 3484 3485 3544
f 3544 3485 3545
f 3485 3486 3545
f 3545 3486 3546
f 3486 3487 3546
f 3546 3487 3547
f 3487 3488 3547
f 3547 3488 3548
f 3488 3489 3548
f 3548 3489 3549
f 3489 3490 3549
f 3549 3490 3550
f 3490 3491 3550
f 3550 3491 3551
f 3491 3430 3551
f 3430 3492 3552
f 3492 3553 3552
f 3492 3493 3553
f 3493 3554 3553
f 3493 3494 3554
f 3494 3555 3554
f 3494 3495 3555
f 3495 3556 3555
f 3495 3496 3556
f 3496 3557 3556
f 3496 3497 3557
f 3497 3558 3557
f 3497 3498 3558
f 3498 3559 3558
f 3498 3499 3559
f 3499 3560 3559
f 3499 3500 3560
f 3500 3561 3560
f 3500 3501 3561
f 3501 3562 3561
f 3501 3502 3562
f 3502 3563 3562
f 3502 3503 3563
f 3503 3564 3563
f 3503 3504 3564
f 3504 3505 3564
f 3564 3505 3565
f 3505 3506 3565
f 3565 3506 3566
f 3506 3507 3566
f 3566 3507 3567
f 3507 3508 3567
f 3567 3508 3568
f 3508 3509 3568
f 3568 3509 3569
f 3509 3510 3569
f 3569 3510 3570
f 3510 3511 3570
f 3570 3511 3571
f 3511 3512 3571
f 3571 3512 3572
f 3512 3513 3572
f 3572 3513 3573
f 3513 3514 3573
f 3573 3514 3574
f 3514 3515 3574
f 3574 3515 3575
f 3515 3516 3575
f 3575 3516 3576
f 3516 3517 3576
f 3576 3517 3577
f 3517 3518 3577
f 3577 3518 3578
f 3518 3519 3578
f 3578 3519 3579
f 3519 3520 3579
f 3579 3520 3580
f 3520 3460 3580
f 3580 3460 3581
f 3460 3582 3581
f 3582 3462 3646
f 3462 3398 3646
f 3583 3521 3584
f 3521 3585 3584
f 3521 3522 3585
f 3522 3586 3585
f 3522 3523 3586
f 3523 3587 3586
f 3523 3524 3587
f 3524 3588 3587
f 3524 3525 3588
f 3525 3589 3588
f 3525 3526 3589
f 3526 3590 3589
f 3526 3527 3590
f 3527 3591 3590
f 3527 3528 3591
f 3528 3592 3591
f 3528 3529 3592
f 3529 3593 3592
f 3529 3530 3593
f 3530 3594 3593
f 3530 3531 3594
f 3531 3595 3594
f 3531 3532 3595
f 3532 3596 3595
f 3532 3533 3596
f 3533 3597 3596
f 3533 3534 3597
f 3534 3598 3597
f 3534 3535 3598
f 3535 3599 3598
f 3535 3536 3599
f 3536 3600 3599
f 3536 3537 3600
f 3537 3601 3600
f 3537 3538 3601
f 3538 3602 3601
f 3538 3539 3602
f 3539 3540 3602
f 3602 3540 3603
f 3540 3541 3603
f 3603 3541 3604
f 3541 3542 3604
f 3604 3542 3605
f 3542 3543 3605
f 3605 3543 3606
f 3543 3544 3606
f 3606 3544 3607
f 3544 3545 3607
f 3607 3545 3608
f 3545 3546 3608
f 3608 3546 3609
f 3546 3547 3609
f 3609 3547 3610
f 3547 3548 3610
f 3610 3548 3611
f 3548 3549 3611
f 3611 3549 3612
f 3549 3550 3612
f 3612 3550 3613
f 3550 3551 3613
f 3613 3551 3614
f 3551 3430 3614
f 3430 3552 3615
f 3552 3616 3615
f 3552 3553 3616
f 3553 3617 3616
f 3553 3554 3617
f 3554 3618 3617
f 3554 3555 3618
f 3555 3619 3618
f 3555 3556 3619
f 3556 3620 3619
f 3556 3557 3620
f 3557 3621 3620
f 3557 3558 3621
f 3558 3622 3621
f 3558 3559 3622
f 3559 3623 3622
f 3559 3560 3623
f 3560 3624 3623
f 3560 3561 3624
f 3561 3625 3624
f 3561 3562 3625
f 3562 3626 3625
f 3562 3563 3626
f 3563 3627 3626
f 3563 3564 3627
f 3564 3565 3627
f 3627 3565 3628
f 3565 3566 3628
f 3628 3566 3629
f 3566 3567 3629
f 3629 3567 3630
f 3567 3568 3630
f 3630 3568 3631
f 3568 3569 3631
f 3631 3569 3632
f 3569 3570 3632
f 3632 3570 3633
f 3570 3571 3633
f 3633 3571 3634
f 3571 3572 3634
f 3634 3572 3635
f 3572 3573 3635
f 3635 3573 3636
f 3573 3574 3636
f 3636 3574 3637
f 3574 3575 3637
f 3637 3575 3638
f 3575 3576 3638
f 3638 3576 3639
f 3576 3577 3639
f 3639 3577 3640
f 3577 3578 3640
f 3640 3578 3641
f 3578 3579 3641
f 3641 3579 3642
f 3579 3580 3642
f 3642 3580 3643
f 3580 3581 3643
f 3643 3581 3644
f 3581 3582 3644
f 3644 3582 3645
f 3582 3646 3645
f 3398 3583 3709
f 3583 3647 3709
f 3583 3584 3647
f 3584 3648 3647
f 3584 3585 3648
f 3585 3649 3648
f 3585 3586 3649
f 3586 3650 3649
f 3586 3587 3650
f 3587 3651 3650
f 3587 3588 3651
f 3588 3652 3651
f 3588 3589 3652
f 3589 3653 3652
f 3589 3590 3653
f 3590 3654 3653
f 3590 3591 3654
f 3591 3655 3654
f 3591 3592 3655
f 3592 3656 3655
f 3592 3593 3656
f 3593 3657 3656
f 3593 3594 3657
f 3594 3658 3657
f 3594 3595 3658
f 3595 3659 3658
f 3595 3596 3659
f 3596 3660 3659
f 3596 3597 3660
f 3597 3661 3660
f 3597 3598 3661
f 3598 3662 3661
f 3598 3599 3662
f 3599 3663 3662
f 3599 3600 3663
f 3600 3664 3663
f 3600 3601 3664
f 3601 3665 3664
f 3601 3602 3665
f 3602 3603 3665
f 3665 3603 3666
f 3603 3604 3666
f 3666 3604 3667
f 3604 3605 3667
f 3667 3605 3668
f 3605 3606 3668
f 3668 3606 3669
f 3606 3607 3669
f 3669 3607 3670
f 3607 3608 3670
f 3670 3608 3671
f 3608 3609 3671
f 3671 3609 3672
f 3609 3610 3672
f 3672 3610 3673
f 3610 3611 3673
f 3673 3611 3674
f 3611 3612 3674
f 3674 3612 3675
f 3612 3613 3675
f 3675 3613 3676
f 3613 3614 3676
f 3676 3614 3677
f 3614 3430 3677
f 3430 3615 3678
f 3615 3679 3678
f 3615 3616 3679
f 3616 3680 3679
f 3616 3617 3680
f 3617 3681 3680
f 3617 3618 3681
f 3618 3682 3681
f 3618 3619 3682
f 3619 3683 3682
f 3619 3620 3683
f 3620 3684 3683
f 3620 3621 3684
f 3621 3685 3684
f 3621 3622 3685
f 3622 3686 3685
f 3622 3623 3686
f 3623 3687 3686
f 3623 3624 3687
f 3624 3688 3687
f 3624 3625 3688
f 3625 3689 3688
f 3625 3626 3689
f 3626 3690 3689
f 3626 3627 3690
f 3627 3628 3690
f 3690 3628 3691
f 3628 3629 3691
f 3691 3629 3692
f 3629 3630 3692
f 3692 3630 3693
f 3630 3631 3693
f 3693 3631 3694
f 3631 3632 3694
f 3694 3632 3695
f 3632 3633 3695
f 3695 3633 3696
f 3633 3634 3696
f 3696 3634 3697
f 3634 3635 3697
f 3697 3635 3698
f 3635 3636 3698
f 3698 3636 3699
f 3636 3637 3699
f 3699 3637 3700
f 3637 3638 3700
f 3700 3638 3701
f 3638 3639 3701
f 3701 3639 3702
f 3639 3640 3702
f 3702 3640 3703
f 3640 3641 3703
f 3703 3641 3704
f 3641 3642 3704
f 3704 3642 3705
f 3642 3643 3705
f 3705 3643 3706
f 3643 3644 3706
f 3706 3644 3707
f 3644 3645 3707
f 3707 3645 3708
f 3645 3646 3708
f 3708 3646 3772
f 3646 3398 3772
f 3709 3647 3710
f 3647 3711 3710
f 3647 3648 3711
f 3648 3712 3711
f 3648 3649 3712
f 3649 3713 3712
f 3649 3650 3713
f 3650 3714 3713
f 3650 3651 3714
f 3651 3715 3714
f 3651 3652 3715
f 3652 3716 3715
f 3652 3653 3716
f 3653 3717 3716
f 3653 3654 3717
f 3654 3718 3717
f 3654 3655 3718
f 3655 3719 3718
f 3655 3656 3719
f 3656 3720 3719
f 3656 3657 3720
f 3657 3721 3720
f 3657 3658 3721
f 3658 3722 3721
f 3658 3659 3722
f 3659 3723 3722
f 3659 3660 3723
f 3660 3724 3723
f 3660 3661 3724
f 3661 3725 3724
f 3661 3662 3725
f 3662 3726 3725
f 3662 3663 3726
f 3663 3727 3726
f 3663 3664 3727
f 3664 3728 3727
f 3664 3665 3728
f 3665 3666 3728
f 3728 3666 3729
f 3666 3667 3729
f 3729 3667 3730
f 3667 3668 3730
f 3730 3668 3731
f 3668 3669 3731
f 3731 3669 3732
f 3669 3670 3732
f 3732 3670 3733
f 3670 3671 3733
f 3733 3671 3734
f 3671 3672 3734
f 3734 3672 3735
f 3672 3673 3735
f 3735 3673 3736
f 3673 3674 3736
f 3736 3674 3737
f 3674 3675 3737
f 3737 3675 3738
f 3675 3676 3738
f 3738 3676 3739
f 3676 3677 3739
f 3739 3677 3740
f 3677 3430 3740
f 3430 3678 3741
f 3678 3742 3741
f 3678 3679 3742
f 3679 3743 3742
f 3679 3680 3743
f 3680 3744 3743
f 3680 3681 3744
f 3681 3745 3744
f 3681 3682 3745
f 3682 3746 3745
f 3682 3683 3746
f 3683 3747 3746
f 3683 3684 3747
f 3684 3748 3747
f 3684 3685 3748
f 3685 3749 3748
f 3685 3686 3749
f 3686 3750 3749
f 3686 3687 3750
f 3687 3751 3750
f 3687 3688 3751
f 3688 3752 3751
f 3688 3689 3752
f 3689 3753 3752
f 3689 3690 3753
f 3690 3691 3753
f 3753 3691 3754
f 3691 3692 3754
f 3754 3692 3755
f 3692 3693 3755
f 3755 3693 3756
f 3693 3694 3756
f 3756 3694 3757
f 3694 3695 3757
f 3757 3695 3758
f 3695 3696 3758
f 3758 3696 3759
f 3696 3697 3759
f 3759 3697 3760
f 3697 3698 3760
f 3760 3698 3761
f 3698 3699 3761
f 3761 3699 3762
f 3699 3700 3762
f 3762 3700 3763
f 3700 3701 3763
f 3763 3701 3764
f 3701 3702 3764
f 3764 3702 3765
f 3702 3703 3765
f 3765 3703 3766
f 3703 3704 3766
f 3766 3704 3767
f 3704 3705 3767
f 3767 3705 3768
f 3705 3706 3768
f 3768 3706 3769
f 3706 3707 3769
f 3769 3707 3770
f 3707 3708 3770
f 3770 3708 3771
f 3708 3772 3771
f 3398 3709 3773
f 3709 3774 3773
f 3709 3710 3774
f 3710 3775 3774
f 3710 3711 3775
f 3711 3776 3775
f 3711 3712 3776
f 3712 3777 3776
f 3712 3713 3777
f 3713 3778 3777
f 3713 3714 3778
f 3714 3779 3778
f 3714 3715 3779
f 3715 3780 3779
f 3715 3716 3780
f 3716 3781 3780
f 3716 3717 3781
f 3717 3782 3781
f 3717 3718 3782
f 3718 3783 3782
f 3718 3719 3783
f 3719 3784 3783
f 3719 3720 3784
f 3720 3785 3784
f 3720 3721 3785
f 3721 3786 3785
f 3721 3722 3786
f 3722 3787 3786
f 3722 3723 3787
f 3723 3788 3787
f 3723 3724 3788
f 3724 3789 3788
f 3724 3725 3789
f 3725 3790 3789
f 3725 3726 3790
f 3726 3791 3790
f 3726 3727 3791
f 3727 3792 3791
f 3727 3728 3792
f 3728 3729 3792
f 3792 3729 3793
f 3729 3730 3793
f 3793 3730 3794
f 3730 3731 3794
f 3794 3731 3795
f 3731 3732 3795
f 3795 3732 3796
f 3732 3733 3796
f 3796 3733 3797
f 3733 3734 3797
f 3797 3734 3798
f 3734 3735 3798
f 3798 3735 3799
f 3735 3736 3799
f 3799 3736 3800
f 3736 3737 3800
f 3800 3737 3801
f 3737 3738 3801
f 3801 3738 3802
f 3738 3739 3802
f 3802 3739 3803
f 3739 3740 3803
f 3803 3740 3804
f 3740 3430 3804
f 3430 3741 3805
f 3741 3806 3805
f 3741 3742 3806
f 3742 3807 3806
f 3742 3743 3807
f 3743 3808 3807
f 3743 3744 3808
f 3744 3809 3808
f 3744 3745 3809
f 3745 3810 3809
f 3745 3746 3810
f 3746 3811 3810
f 3746 3747 3811
f 3747 3812 3811
f 3747 3748 3812
f 3748 3813 3812
f 3748 3749 3813
f 3749 3814 3813
f 3749 3750 3814
f 3750 3815 3814
f 3750 3751 3815
f 3751 3816 3815
f 3751 3752 3816
f 3752 3817 3816
f 3752 3753 3817
f 3753 3754 3817
f 3817 3754 3818
f 3754 3755 3818
f 3818 3755 3819
f 3755 3756 3819
f 3819 3756 3820
f 3756 3757 3820
f 3820 3757 3821
f 3757 3758 3821
f 3821 3758 3822
f 3758 3759 3822
f 3822 3759 3823
f 3759 3760 3823
f 3823 3760 3824
f 3760 3761 3824
f 3824 3761 3825
f 3761 3762 3825
f 3825 3762 3826
f 3762 3763 3826
f 3826 3763 3827
f 3763 3764 3827
f 3827 3764 3828
f 3764 3765 3828
f 3828 3765 3829
f 3765 3766 3829
f 3829 3766 3830
f 3766 3767 3830
f 3830 3767 3831
f 3767 3768 3831
f 3831 3768 3832
f 3768 3769 3832
f 3832 3769 3833
f 3769 3770 3833
f 3833 3770 3834
f 3770 3771 3834
f 3834 3771 3835
f 3771 3772 3835
f 3835 3772 3836
f 3772 3398 3836
f 3398 3773 3837
f 3773 3774 3837
f 3774 3838 3837
f 3774 3775 3838
f 3775 3776 3838
f 3776 3839 3838
f 3776 3777 3839
f 3777 3778 3839
f 3778 3779 3839
f 3779 3840 3839
f 3779 3780 3840
f 3780 3841 3840
f 3780 3781 3841
f 3781 3842 3841
f 3781 3782 3842
f 3782 3843 3842
f 3782 3783 3843
f 3783 3844 3843
f 3783 3784 3844
f 3784 3845 3844
f 3784 3785 3845
f 3785 3846 3845
f 3785 3786 3846
f 3786 3847 3846
f 3786 3787 3847
f 3787 3848 3847
f 3787 3788 3848
f 3788 3849 3848
f 3788 3789 3849
f 3789 3850 3849
f 3789 3790 3850
f 3790 3851 3850
f 3790 3791 3851
f 3791 3852 3851
f 3791 3792 3852
f 3792 3793 3852
f 3852 3793 3853
f 3793 3794 3853
f 3853 3794 3854
f 3794 3795 3854
f 3854 3795 3855
f 3795 3796 3855
f 3855 3796 3856
f 3796 3797 3856
f 3856 3797 3857
f 3797 3798 3857
f 3857 3798 3858
f 3798 3799 3858
f 3858 3799 3859
f 3799 3800 3859
f 3859 3800 3860
f 3800 3801 3860
f 3860 3801 3861
f 3801 3802 3861
f 3861 3802 3862
f 3802 3803 3862
f 3862 3803 3863
f 3803 3804 3863
f 3863 3804 3864
f 3804 3430 3864
f 3430 3805 3864
f 3805 3863 3864
f 3805 3806 3863
f 3806 3862 3863
f 3806 3807 3862
f 3807 3861 3862
f 3807 3808 3861
f 3808 3860 3861
f 3808 3809 3860
f 3809 3859 3860
f 3809 3810 3859
f 3810 3858 3859
f 3810 3811 3858
f 3811 3857 3858
f 3811 3812 3857
f 3812 3856 3857
f 3812 3813 3856
f 3813 3855 3856
f 3813 3814 3855
f 3814 3854 3855
f 3814 3815 3854
f 3815 3853 3854
f 3815 3816 3853
f 3816 3852 3853
f 3816 3817 3852
f 3817 3818 3852
f 3852 3818 3851
f 3818 3819 3851
f 3851 3819 3850
f 3819 3820 3850
f 3850 3820 3849
f 3820 3821 3849
f 3849 3821 3848
f 3821 3822 3848
f 3848 3822 3847
f 3822 3823 3847
f 3847 3823 3846
f 3823 3824 3846
f 3846 3824 3845
f 3824 3825 3845
f 3845 3825 3844
f 3825 3826 3844
f 3844 3826 3843
f 3826 3827 3843
f 3843 3827 3842
f 3827 3828 3842
f 3842 3828 3841
f 3828 3829 3841
f 3841 3829 3840
f 3829 3830 3840
f 3840 3830 3839
f 3830 3831 3839
f 3831 3832 3839
f 3832 3833 3839
f 3839 3833 3838
f 3833 3834 3838
f 3834 3835 3838
f 3838 3835 3837
f 3835 3836 3837
f 3836 3398 3837
f 2473 3865 3866
f 2473 3866 2476
f 2476 3866 3867
f 2476 3867 2478
f 2478 3867 3868
f 2478 3868 2480
f 2480 3868 3869
f 2480 3869 2482
f 2482 3869 3870
f 2482 3870 2484
f 2484 3870 3871
f 2484 3871 2486
f 2486 3871 3872
f 2486 3872 2488
f 2488 3872 3873
f 2488 3873 2490
f 2490 3873 3874
f 2490 3874 2492
f 2492 3874 3875
f 2492 3875 2494
f 2494 3875 3876
f 2494 3876 2496
f 2496 3876 3877
f 2496 3877 2498
f 2498 3877 3878
f 2498 3878 2500
f 2500 3878 3879
f 2500 3879 2502
f 2502 3879 3880
f 2502 3880 2504
f 2504 3880 3881
f 2504 3881 2506
f 2506 3881 3882
f 2506 3882 2508
f 2508 3882 3883
f 2508 3883 2510
f 2510 3883 3884
f 2510 3884 2512
f 2512 3884 3885
f 2512 3885 2514
f 2514 3885 2515
f 3885 3886 2515
f 2515 3886 2517
f 3886 3887 2517
f 2517 3887 2519
f 3887 3888 2519
f 2519 3888 2521
f 3888 3889 2521
f 2521 3889 2523
f 3889 3890 2523
f 2523 3890 2525
f 3890 3891 2525
f 2525 3891 2527
f 3891 3892 2527
f 2527 3892 2529
f 3892 3893 2529
f 2529 3893 2531
f 3893 3894 2531
f 2531 3894 2533
f 3894 3895 2533
f 2533 3895 2535
f 3895 3896 2535
f 2535 3896 2537
f 3896 3897 2537
f 2537 3897 2539
f 3897 3898 2539
f 2539 3898 3899
f 2539 3899 2542
f 2542 3899 3900
f 2542 3900 2544
f 2544 3900 3901
f 2544 3901 2546
f 2546 3901 3902
f 2546 3902 2548
f 2548 3902 3903
f 2548 3903 2550
f 2550 3903 3904
f 2550 3904 2552
f 2552 3904 3905
f 2552 3905 2554
f 2554 3905 3906
f 2554 3906 2556
f 2556 3906 3907
f 2556 3907 2558
f 2558 3907 3908
f 2558 3908 2560
f 2560 3908 3909
f 2560 3909 2562
f 2562 3909 3910
f 2562 3910 2564
f 2564 3910 3911
f 2564 3911 2566
f 2566 3911 2567
f 3911 3912 2567
f 2567 3912 2569
f 3912 3913 2569
f 2569 3913 2571
f 3913 3914 2571
f 2571 3914 2573
f 3914 3915 2573
f 2573 3915 2575
f 3915 3916 2575
f 2575 3916 2577
f 3916 3917 2577
f 2577 3917 2579
f 3917 3918 2579
f 2579 3918 2581
f 3918 3919 2581
f 2581 3919 2583
f 3919 3920 2583
f 2583 3920 2585
f 3920 3921 2585
f 2585 3921 2587
f 3921 3922 2587
f 2587 3922 2589
f 3922 3923 2589
f 2589 3923 2591
f 3923 3924 2591
f 2591 3924 2593
f 3924 3925 2593
f 2593 3925 2595
f 3925 3926 2595
f 2595 3926 2597
f 3926 3927 2597
f 2597 3927 2599
f 3927 3928 2599
f 2599 3928 2601
f 3928 3929 2601
f 2601 3929 2603
f 3929 3930 2603
f 2603 3930 2473
f 3930 3865 2473
f 3865 3931 3932
f 3865 3932 3866
f 3866 3932 3933
f 3866 3933 3867
f 3867 3933 3934
f 3867 3934 3868
f 3868 3934 3935
f 3868 3935 3869
f 3869 3935 3936
f 3869 3936 3870
f 3870 3936 3937
f 3870 3937 3871
f 3871 3937 3938
f 3871 3938 3872
f 3872 3938 3939
f 3872 3939 3873
f 3873 3939 3940
f 3873 3940 3874
f 3874 3940 3941
f 3874 3941 3875
f 3875 3941 3942
f 3875 3942 3876
f 3876 3942 3943
f 3876 3943 3877
f 3877 3943 3944
f 3877 3944 3878
f 3878 3944 3945
f 3878 3945 3879
f 3879 3945 3946
f 3879 3946 3880
f 3880 3946 3947
f 3880 3947 3881
f 3881 3947 3948
f 3881 3948 3882
f 3882 3948 3949
f 3882 3949 3883
f 3883 3949 3950
f 3883 3950 3884
f 3884 3950 3951
f 3884 3951 3885
f 3885 3951 3886
f 3951 3952 3886
f 3886 3952 3887
f 3952 3953 3887
f 3887 3953 3888
f 3953 3954 3888
f 3888 3954 3889
f 3954 3955 3889
f 3889 3955 3890
f 3955 3956 3890
f 3890 3956 3891
f 3956 3957 3891
f 3891 3957 3892
f 3957 3958 3892
f 3892 3958 3893
f 3958 3959 3893
f 3893 3959 3894
f 3959 3960 3894
f 3894 3960 3895
f 3960 3961 3895
f 3895 3961 3896
f 3961 3962 3896
f 3896 3962 3897
f 3962 3963 3897
f 3897 3963 3898
f 3963 3964 3898
f 3898 3964 3965
f 3898 3965 3899
f 3899 3965 3966
f 3899 3966 3900
f 3900 3966 3967
f 3900 3967 3901
f 3901 3967 3968
f 3901 3968 3902
f 3902 3968 3969
f 3902 3969 3903
f 3903 3969 3970
f 3903 3970 3904
f 3904 3970 3971
f 3904 3971 3905
f 3905 3971 3972
f 3905 3972 3906
f 3906 3972 3973
f 3906 3973 3907
f 3907 3973 3974
f 3907 3974 3908
f 3908 3974 3975
f 3908 3975 3909
f 3909 3975 3976
f 3909 3976 3910
f 3910 3976 3977
f 3910 3977 3911
f 3911 3977 3912
f 3977 3978 3912
f 3912 3978 3913
f 3978 3979 3913
f 3913 3979 3914
f 3979 3980 3914
f 3914 3980 3915
f 3980 3981 3915
f 3915 3981 3916
f 3981 3982 3916
f 3916 3982 3917
f 3982 3983 3917
f 3917 3983 3918
f 3983 3984 3918
f 3918 3984 3919
f 3984 3985 3919
f 3919 3985 3920
f 3985 3986 3920
f 3920 3986 3921
f 3986 3987 3921
f 3921 3987 3922
f 3987 3988 3922
f 3922 3988 3923
f 3988 3989 3923
f 3923 3989 3924
f 3989 3990 3924
f 3924 3990 3925
f 3990 3991 3925
f 3925 3991 3926
f 3991 3992 3926
f 3926 3992 3927
f 3992 3993 3927
f 3927 3993 3928
f 3993 3994 3928
f 3928 3994 3929
f 3994 3995 3929
f 3929 3995 3930
f 3995 3996 3930
f 3930 3996 3865
f 3996 3931 3865
f 3931 3997 3998
f 3931 3998 3932
f 3932 3998 3999
f 3932 3999 3933
f 3933 3999 4000
f 3933 4000 3934
f 3934 4000 4001
f 3934 4001 3935
f 3935 4001 4002
f 3935 4002 3936
f 3936 4002 4003
f 3936 4003 3937
f 3937 4003 4004
f 3937 4004 3938
f 3938 4004 4005
f 3938 4005 3939
f 3939 4005 4006
f 3939 4006 3940
f 3940 4006 4007
f 3940 4007 3941
f 3941 4007 4008
f 3941 4008 3942
f 3942 4008 4009
f 3942 4009 3943
f 3943 4009 4010
f 3943 4010 3944
f 3944 4010 4011
f 3944 4011 3945
f 3945 4011 4012
f 3945 4012 3946
f 3946 4012 4013
f 3946 4013 3947
f 3947 4013 4014
f 3947 4014 3948
f 3948 4014 4015
f 3948 4015 3949
f 3949 4015 4016
f 3949 4016 3950
f 3950 4016 4017
f 3950 4017 3951
f 3951 4017 3952
f 4017 4018 3952
f 3952 4018 3953
f 4018 4019 3953
f 3953 4019 3954
f 4019 4020 3954
f 3954 4020 3955
f 4020 4021 3955
f 3955 4021 3956
f 4021 4022 3956
f 3956 4022 3957
f 4022 4023 3957
f 3957 4023 3958
f 4023 4024 3958
f 3958 4024 3959
f 4024 4025 3959
f 3959 4025 3960
f 4025 4026 3960
f 3960 4026 3961
f 4026 4027 3961
f 3961 4027 3962
f 4027 4028 3962
f 3962 4028 3963
f 4028 4029 3963
f 3963 4029 3964
f 4029 4030 3964
f 3964 4030 4031
f 3964 4031 3965
f 3965 4031 4032
f 3965 4032 3966
f 3966 4032 4033
f 3966 4033 3967
f 3967 4033 4034
f 3967 4034 3968
f 3968 4034 4035
f 3968 4035 3969
f 3969 4035 4036
f 3969 4036 3970
f 3970 4036 4037
f 3970 4037 3971
f 3971 4037 4038
f 3971 4038 3972
f 3972 4038 4039
f 3972 4039 3973
f 3973 4039 4040
f 3973 4040 3974
f 3974 4040 4041
f 3974 4041 3975
f 3975 4041 4042
f 3975 4042 3976
f 3976 4042 4043
f 3976 4043 3977
f 3977 4043 3978
f 4043 4044 3978
f 3978 4044 3979
f 4044 4045 3979
f 3979 4045 3980
f 4045 4046 3980
f 3980 4046 3981
f 4046 4047 3981
f 3981 4047 3982
f 4047 4048 3982
f 3982 4048 3983
f 4048 4049 3983
f 3983 4049 3984
f 4049 4050 3984
f 3984 4050 3985
f 4050 4051 3985
f 3985 4051 3986
f 4051 4052 3986
f 3986 4052 3987
f 4052 4053 3987
f 3987 4053 3988
f 4053 4054 3988
f 3988 4054 3989
f 4054 4055 3989
f 3989 4055 3990
f 4055 4056 3990
f 3990 4056 3991
f 4056 4057 3991
f 3991 4057 3992
f 4057 4058 3992
f 3992 4058 3993
f 4058 4059 3993
f 3993 4059 3994
f 4059 4060 3994
f 3994 4060 3995
f 4060 4061 3995
f 3995 4061 3996
f 4061 4062 3996
f 3996 4062 3931
f 4062 3997 3931
f 3997 4063 4064
f 3997 4064 3998
f 3998 4064 4065
f 3998 4065 3999
f 3999 4065 4066
f 3999 4066 4000
f 4000 4066 4067
f 4000 4067 4001
f 4001 4067 4068
f 4001 4068 4002
f 4002 4068 4069
f 4002 4069 4003
f 4003 4069 4070
f 4003 4070 4004
f 4004 4070 4071
f 4004 4071 4005
f 4005 4071 4072
f 4005 4072 4006
f 4006 4072 4073
f 4006 4073 4007
f 4007 4073 4074
f 4007 4074 4008
f 4008 4074 4075
f 4008 4075 4009
f 4009 4075 4076
f 4009 4076 4010
f 4010 4076 4077
f 4010 4077 4011
f 4011 4077 4078
f 4011 4078 4012
f 4012 4078 4079
f 4012 4079 4013
f 4013 4079 4080
f 4013 4080 4014
f 4014 4080 4081
f 4014 4081 4015
f 4015 4081 4082
f 4015 4082 4016
f 4016 4082 4083
f 4016 4083 4017
f 4017 4083 4018
f 4083 4084 4018
f 4018 4084 4019
f 4084 4085 4019
f 4019 4085 4020
f 4085 4086 4020
f 4020 4086 4021
f 4086 4087 4021
f 4021 4087 4022
f 4087 4088 4022
f 4022 4088 4023
f 4088 4089 4023
f 4023 4089 4024
f 4089 4090 4024
f 4024 4090 4025
f 4090 4091 4025
f 4025 4091 4026
f 4091 4092 4026
f 4026 4092 4027
f 4092 4093 4027
f 4027 4093 4028
f 4093 4094 4028
f 4028 4094 4029
f 4094 4095 4029
f 4029 4095 4030
f 4095 4096 4030
f 4030 4096 4097
f 4030 4097 4031
f 4031 4097 4098
f 4031 4098 4032
f 4032 4098 4099
f 4032 4099 4033
f 4033 4099 4100
f 4033 4100 4034
f 4034 4100 4101
f 4034 4101 4035
f 4035 4101 4102
f 4035 4102 4036
f 4036 4102 4103
f 4036 4103 4037
f 4037 4103 4104
f 4037 4104 4038
f 4038 4104 4105
f 4038 4105 4039
f 4039 4105 4106
f 4039 4106 4040
f 4040 4106 4107
f 4040 4107 4041
f 4041 4107 4108
f 4041 4108 4042
f 4042 4108 4109
f 4042 4109 4043
f 4043 4109 4044
f 4109 4110 4044
f 4044 4110 4045
f 4110 4111 4045
f 4045 4111 4046
f 4111 4112 4046
f 4046 4112 4047
f 4112 4113 4047
f 4047 4113 4048
f 4113 4114 4048
f 4048 4114 4049
f 4114 4115 4049
f 4049 4115 4050
f 4115 4116 4050
f 4050 4116 4051
f 4116 4117 4051
f 4051 4117 4052
f 4117 4118 4052
f 4052 4118 4053
f 4118 4119 4053
f 4053 4119 4054
f 4119 4120 4054
f 4054 4120 4055
f 4120 4121 4055
f 4055 4121 4056
f 4121 4122 4056
f 4056 4122 4057
f 4122 4123 4057
f 4057 4123 4058
f 4123 4124 4058
f 4058 4124 4059
f 4124 4125 4059
f 4059 4125 4060
f 4125 4126 4060
f 4060 4126 4061
f 4126 4127 4061
f 4061 4127 4062
f 4127 4128 4062
f 4062 4128 3997
f 4128 4063 3997
f 4063 4129 4130
f 4063 4130 4064
f 4064 4130 4131
f 4064 4131 4065
f 4065 4131 4132
f 4065 4132 4066
f 4066 4132 4133
f 4066 4133 4067
f 4067 4133 4134
f 4067 4134 4068
f 4068 4134 4135
f 4068 4135 4069
f 4069 4135 4136
f 4069 4136 4070
f 4070 4136 4137
f 4070 4137 4071
f 4071 4137 4138
f 4071 4138 4072
f 4072 4138 4139
f 4072 4139 4073
f 4073 4139 4140
f 4073 4140 4074
f 4074 4140 4141
f 4074 4141 4075
f 4075 4141 4142
f 4075 4142 4076
f 4076 4142 4143
f 4076 4143 4077
f 4077 4143 4144
f 4077 4144 4078
f 4078 4144 4145
f 4078 4145 4079
f 4079 4145 4146
f 4079 4146 4080
f 4080 4146 4147
f 4080 4147 4081
f 4081 4147 4148
f 4081 4148 4082
f 4082 4148 4149
f 4082 4149 4083
f 4083 4149 4084
f 4149 4150 4084
f 4084 4150 4085
f 4150 4151 4085
f 4085 4151 4086
f 4151 4152 4086
f 4086 4152 4087
f 4152 4153 4087
f 4087 4153 4088
f 4153 4154 4088
f 4088 4154 4089
f 4154 4155 4089
f 4089 4155 4090
f 4155 4156 4090
f 4090 4156 4091
f 4156 4157 4091
f 4091 4157 4092
f 4157 4158 4092
f 4092 4158 4093
f 4158 4159 4093
f 4093 4159 4094
f 4159 4160 4094
f 4094 4160 4095
f 4160 4161 4095
f 4095 4161 4096
f 4161 4162 4096
f 4096 4162 4163
f 4096 4163 4097
f 4097 4163 4164
f 4097 4164 4098
f 4098 4164 4165
f 4098 4165 4099
f 4099 4165 4166
f 4099 4166 4100
f 4100 4166 4167
f 4100 4167 4101
f 4101 4167 4168
f 4101 4168 4102
f 4102 4168 4169
f 4102 4169 4103
f 4103 4169 4170
f 4103 4170 4104
f 4104 4170 4171
f 4104 4171 4105
f 4105 4171 4172
f 4105 4172 4106
f 4106 4172 4173
f 4106 4173 4107
f 4107 4173 4174
f 4107 4174 4108
f 4108 4174 4175
f 4108 4175 4109
f 4109 4175 4110
f 4175 4176 4110
f 4110 4176 4111
f 4176 4177 4111
f 4111 4177 4112
f 4177 4178 4112
f 4112 4178 4113
f 4178 4179 4113
f 4113 4179 4114
f 4179 4180 4114
f 4114 4180 4115
f 4180 4181 4115
f 4115 4181 4116
f 4181 4182 4116
f 4116 4182 4117
f 4182 4183 4117
f 4117 4183 4118
f 4183 4184 4118
f 4118 4184 4119
f 4184 4185 4119
f 4119 4185 4120
f 4185 4186 4120
f 4120 4186 4121
f 4186 4187 4121
f 4121 4187 4122
f 4187 4188 4122
f 4122 4188 4123
f 4188 4189 4123
f 4123 4189 4124
f 4189 4190 4124
f 4124 4190 4125
f 4190 4191 4125
f 4125 4191 4126
f 4191 4192 4126
f 4126 4192 4127
f 4192 4193 4127
f 4127 4193 4128
f 4193 4194 4128
f 4128 4194 4063
f 4194 4129 4063
f 4129 4195 4196
f 4129 4196 4130
f 4130 4196 4197
f 4130 4197 4131
f 4131 4197 4198
f 4131 4198 4132
f 4132 4198 4199
f 4132 4199 4133
f 4133 4199 4200
f 4133 4200 4134
f 4134 4200 4201
f 4134 4201 4135
f 4135 4201 4202
f 4135 4202 4136
f 4136 4202 4203
f 4136 4203 4137
f 4137 4203 4204
f 4137 4204 4138
f 4138 4204 4205
f 4138 4205 4139
f 4139 4205 4206
f 4139 4206 4140
f 4140 4206 4207
f 4140 4207 4141
f 4141 4207 4208
f 4141 4208 4142
f 4142 4208 4209
f 4142 4209 4143
f 4143 4209 4210
f 4143 4210 4144
f 4144 4210 4211
f 4144 4211 4145
f 4145 4211 4212
f 4145 4212 4146
f 4146 4212 4213
f 4146 4213 4147
f 4147 4213 4214
f 4147 4214 4148
f 4148 4214 4215
f 4148 4215 4149
f 4149 4215 4150
f 4215 4216 4150
f 4150 4216 4151
f 4216 4217 4151
f 4151 4217 4152
f 4217 4218 4152
f 4152 4218 4153
f 4218 4219 4153
f 4153 4219 4154
f 4219 4220 4154
f 4154 4220 4155
f 4220 4221 4155
f 4155 4221 4156
f 4221 4222 4156
f 4156 4222 4157
f 4222 4223 4157
f 4157 4223 4158
f 4223 4224 4158
f 4158 4224 4159
f 4224 4225 4159
f 4159 4225 4160
f 4225 4226 4160
f 4160 4226 4161
f 4226 4227 4161
f 4161 4227 4162
f 4227 4228 4162
f 4162 4228 4229
f 4162 4229 4163
f 4163 4229 4230
f 4163 4230 4164
f 4164 4230 4231
f 4164 4231 4165
f 4165 4231 4232
f 4165 4232 4166
f 4166 4232 4233
f 4166 4233 4167
f 4167 4233 4234
f 4167 4234 4168
f 4168 4234 4235
f 4168 4235 4169
f 4169 4235 4236
f 4169 4236 4170
f 4170 4236 4237
f 4170 4237 4171
f 4171 4237 4238
f 4171 4238 4172
f 4172 4238 4239
f 4172 4239 4173
f 4173 4239 4240
f 4173 4240 4174
f 4174 4240 4241
f 4174 4241 4175
f 4175 4241 4176
f 4241 4242 4176
f 4176 4242 4177
f 4242 4243 4177
f 4177 4243 4178
f 4243 4244 4178
f 4178 4244 4179
f 4244 4245 4179
f 4179 4245 4180
f 4245 4246 4180
f 4180 4246 4181
f 4246 4247 4181
f 4181 4247 4182
f 4247 4248 4182
f 4182 4248 4183
f 4248 4249 4183
f 4183 4249 4184
f 4249 4250 4184
f 4184 4250 4185
f 4250 4251 4185
f 4185 4251 4186
f 4251 4252 4186
f 4186 4252 4187
f 4252 4253 4187
f 4187 4253 4188
f 4253 4254 4188
f 4188 4254 4189
f 4254 4255 4189
f 4189 4255 4190
f 4255 4256 4190
f 4190 4256 4191
f 4256 4257 4191
f 4191 4257 4192
f 4257 4258 4192
f 4192 4258 4193
f 4258 4259 4193
f 4193 4259 4194
f 4259 4260 4194
f 4194 4260 4129
f 4260 4195 4129
f 4195 4261 4262
f 4195 4262 4196
f 4196 4262 4263
f 4196 4263 4197
f 4197 4263 4264
f 4197 4264 4198
f 4198 4264 4265
f 4198 4265 4199
f 4199 4265 4266
f 4199 4266 4200
f 4200 4266 4267
f 4200 4267 4201
f 4201 4267 4268
f 4201 4268 4202
f 4202 4268 4269
f 4202 4269 4203
f 4203 4269 4270
f 4203 4270 4204
f 4204 4270 4271
f 4204 4271 4205
f 4205 4271 4272
f 4205 4272 4206
f 4206 4272 4273
f 4206 4273 4207
f 4207 4273 4274
f 4207 4274 4208
f 4208 4274 4275
f 4208 4275 4209
f 4209 4275 4276
f 4209 4276 4210
f 4210 4276 4277
f 4210 4277 4211
f 4211 4277 4278
f 4211 4278 4212
f 4212 4278 4279
f 4212 4279 4213
f 4213 4279 4280
f 4213 4280 4214
f 4214 4280 4281
f 4214 4281 4215
f 4215 4281 4216
f 4281 4282 4216
f 4216 4282 4217
f 4282 4283 4217
f 4217 4283 4218
f 4283 4284 4218
f 4218 4284 4219
f 4284 4285 4219
f 4219 4285 4220
f 4285 4286 4220
f 4220 4286 4221
f 4286 4287 4221
f 4221 4287 4222
f 4287 4288 4222
f 4222 4288 4223
f 4288 4289 4223
f 4223 4289 4224
f 4289 4290 4224
f 4224 4290 4225
f 4290 4291 4225
f 4225 4291 4226
f 4291 4292 4226
f 4226 4292 4227
f 4292 4293 4227
f 4227 4293 4228
f 4293 4294 4228
f 4228 4294 4295
f 4228 4295 4229
f 4229 4295 4296
f 4229 4296 4230
f 4230 4296 4297
f 4230 4297 4231
f 4231 4297 4298
f 4231 4298 4232
f 4232 4298 4299
f 4232 4299 4233
f 4233 4299 4300
f 4233 4300 4234
f 4234 4300 4301
f 4234 4301 4235
f 4235 4301 4302
f 4235 4302 4236
f 4236 4302 4303
f 4236 4303 4237
f 4237 4303 4304
f 4237 4304 4238
f 4238 4304 4305
f 4238 4305 4239
f 4239 4305 4306
f 4239 4306 4240
f 4240 4306 4307
f 4240 4307 4241
f 4241 4307 4242
f 4307 4308 4242
f 4242 4308 4243
f 4308 4309 4243
f 4243 4309 4244
f 4309 4310 4244
f 4244 4310 4245
f 4310 4311 4245
f 4245 4311 4246
f 4311 4312 4246
f 4246 4312 4247
f 4312 4313 4247
f 4247 4313 4248
f 4313 4314 4248
f 4248 4314 4249
f 4314 4315 4249
f 4249 4315 4250
f 4315 4316 4250
f 4250 4316 4251
f 4316 4317 4251
f 4251 4317 4252
f 4317 4318 4252
f 4252 4318 4253
f 4318 4319 4253
f 4253 4319 4254
f 4319 4320 4254
f 4254 4320 4255
f 4320 4321 4255
f 4255 4321 4256
f 4321 4322 4256
f 4256 4322 4257
f 4322 4323 4257
f 4257 4323 4258
f 4323 4324 4258
f 4258 4324 4259
f 4324 4325 4259
f 4259 4325 4260
f 4325 4326 4260
f 4260 4326 4195
f 4326 4261 4195
f 4261 4327 4328
f 4261 4328 4262
f 4262 4328 4329
f 4262 4329 4263
f 4263 4329 4330
f 4263 4330 4264
f 4264 4330 4331
f 4264 4331 4265
f 4265 4331 4332
f 4265 4332 4266
f 4266 4332 4333
f 4266 4333 4267
f 4267 4333 4334
f 4267 4334 4268
f 4268 4334 4335
f 4268 4335 4269
f 4269 4335 4336
f 4269 4336 4270
f 4270 4336 4337
f 4270 4337 4271
f 4271 4337 4338
f 4271 4338 4272
f 4272 4338 4339
f 4272 4339 4273
f 4273 4339 4340
f 4273 4340 4274
f 4274 4340 4341
f 4274 4341 4275
f 4275 4341 4342
f 4275 4342 4276
f 4276 4342 4343
f 4276 4343 4277
f 4277 4343 4344
f 4277 4344 4278
f 4278 4344 4345
f 4278 4345 4279
f 4279 4345 4346
f 4279 4346 4280
f 4280 4346 4347
f 4280 4347 4281
f 4281 4347 4282
f 4347 4348 4282
f 4282 4348 4283
f 4348 4349 4283
f 4283 4349 4284
f 4349 4350 4284
f 4284 4350 4285
f 4350 4351 4285
f 4285 4351 4286
f 4351 4352 4286
f 4286 4352 4287
f 4352 4353 4287
f 4287 4353 4288
f 4353 4354 4288
f 4288 4354 4289
f 4354 4355 4289
f 4289 4355 4290
f 4355 4356 4290
f 4290 4356 4291
f 4356 4357 4291
f 4291 4357 4292
f 4357 4358 4292
f 4292 4358 4293
f 4358 4359 4293
f 4293 4359 4294
f 4359 4360 4294
f 4294 4360 4361
f 4294 4361 4295
f 4295 4361 4362
f 4295 4362 4296
f 4296 4362 4363
f 4296 4363 4297
f 4297 4363 4364
f 4297 4364 4298
f 4298 4364 4365
f 4298 4365 4299
f 4299 4365 4366
f 4299 4366 4300
f 4300 4366 4367
f 4300 4367 4301
f 4301 4367 4368
f 4301 4368 4302
f 4302 4368 4369
f 4302 4369 4303
f 4303 4369 4370
f 4303 4370 4304
f 4304 4370 4371
f 4304 4371 4305
f 4305 4371 4372
f 4305 4372 4306
f 4306 4372 4373
f 4306 4373 4307
f 4307 4373 4308
f 4373 4374 4308
f 4308 4374 4309
f 4374 4375 4309
f 4309 4375 4310
f 4375 4376 4310
f 4310 4376 4311
f 4376 4377 4311
f 4311 4377 4312
f 4377 4378 4312
f 4312 4378 4313
f 4378 4379 4313
f 4313 4379 4314
f 4379 4380 4314
f 4314 4380 4315
f 4380 4381 4315
f 4315 4381 4316
f 4381 4382 4316
f 4316 4382 4317
f 4382 4383 4317
f 4317 4383 4318
f 4383 4384 4318
f 4318 4384 4319
f 4384 4385 4319
f 4319 4385 4320
f 4385 4386 4320
f 4320 4386 4321
f 4386 4387 4321
f 4321 4387 4322
f 4387 4388 4322
f 4322 4388 4323
f 4388 4389 4323
f 4323 4389 4324
f 4389 4390 4324
f 4324 4390 4325
f 4390 4391 4325
f 4325 4391 4326
f 4391 4392 4326
f 4326 4392 4261
f 4392 4327 4261
f 4327 4393 4394
f 4327 4394 4328
f 4328 4394 4395
f 4328 4395 4329
f 4329 4395 4396
f 4329 4396 4330
f 4330 4396 4397
f 4330 4397 4331
f 4331 4397 4398
f 4331 4398 4332
f 4332 4398 4399
f 4332 4399 4333
f 4333 4399 4400
f 4333 4400 4334
f 4334 4400 4401
f 4334 4401 4335
f 4335 4401 4402
f 4335 4402 4336
f 4336 4402 4403
f 4336 4403 4337
f 4337 4403 4404
f 4337 4404 4338
f 4338 4404 4405
f 4338 4405 4339
f 4339 4405 4406
f 4339 4406 4340
f 4340 4406 4407
f 4340 4407 4341
f 4341 4407 4408
f 4341 4408 4342
f 4342 4408 4409
f 4342 4409 4343
f 4343 4409 4410
f 4343 4410 4344
f 4344 4410 4411
f 4344 4411 4345
f 4345 4411 4412
f 4345 4412 4346
f 4346 4412 4413
f 4346 4413 4347
f 4347 4413 4348
f 4413 4414 4348
f 4348 4414 4349
f 4414 4415 4349
f 4349 4415 4350
f 4415 4416 4350
f 4350 4416 4351
f 4416 4417 4351
f 4351 4417 4352
f 4417 4418 4352
f 4352 4418 4353
f 4418 4419 4353
f 4353 4419 4354
f 4419 4420 4354
f 4354 4420 4355
f 4420 4421 4355
f 4355 4421 4356
f 4421 4422 4356
f 4356 4422 4357
f 4422 4423 4357
f 4357 4423 4358
f 4423 4424 4358
f 4358 4424 4359
f 4424 4425 4359
f 4359 4425 4360
f 4425 4426 4360
f 4360 4426 4427
f 4360 4427 4361
f 4361 4427 4428
f 4361 4428 4362
f 4362 4428 4429
f 4362 4429 4363
f 4363 4429 4430
f 4363 4430 4364
f 4364 4430 4431
f 4364 4431 4365
f 4365 4431 4432
f 4365 4432 4366
f 4366 4432 4433
f 4366 4433 4367
f 4367 4433 4434
f 4367 4434 4368
f 4368 4434 4435
f 4368 4435 4369
f 4369 4435 4436
f 4369 4436 4370
f 4370 4436 4437
f 4370 4437 4371
f 4371 4437 4438
f 4371 4438 4372
f 4372 4438 4439
f 4372 4439 4373
f 4373 4439 4374
f 4439 4440 4374
f 4374 4440 4375
f 4440 4441 4375
f 4375 4441 4376
f 4441 4442 4376
f 4376 4442 4377
f 4442 4443 4377
f 4377 4443 4378
f 4443 4444 4378
f 4378 4444 4379
f 4444 4445 4379
f 4379 4445 4380
f 4445 4446 4380
f 4380 4446 4381
f 4446 4447 4381
f 4381 4447 4382
f 4447 4448 4382
f 4382 4448 4383
f 4448 4449 4383
f 4383 4449 4384
f 4449 4450 4384
f 4384 4450 4385
f 4450 4451 4385
f 4385 4451 4386
f 4451 4452 4386
f 4386 4452 4387
f 4452 4453 4387
f 4387 4453 4388
f 4453 4454 4388
f 4388 4454 4389
f 4454 4455 4389
f 4389 4455 4390
f 4455 4456 4390
f 4390 4456 4391
f 4456 4457 4391
f 4391 4457 4392
f 4457 4458 4392
f 4392 4458 4327
f 4458 4393 4327
f 4393 4459 4460
f 4393 4460 4394
f 4394 4460 4461
f 4394 4461 4395
f 4395 4461 4462
f 4395 4462 4396
f 4396 4462 4463
f 4396 4463 4397
f 4397 4463 4464
f 4397 4464 4398
f 4398 4464 4465
f 4398 4465 4399
f 4399 4465 4466
f 4399 4466 4400
f 4400 4466 4467
f 4400 4467 4401
f 4401 4467 4468
f 4401 4468 4402
f 4402 4468 4469
f 4402 4469 4403
f 4403 4469 4470
f 4403 4470 4404
f 4404 4470 4471
f 4404 4471 4405
f 4405 4471 4472
f 4405 4472 4406
f 4406 4472 4473
f 4406 4473 4407
f 4407 4473 4474
f 4407 4474 4408
f 4408 4474 4475
f 4408 4475 4409
f 4409 4475 4476
f 4409 4476 4410
f 4410 4476 4477
f 4410 4477 4411
f 4411 4477 4478
f 4411 4478 4412
f 4412 4478 4479
f 4412 4479 4413
f 4413 4479 4414
f 4479 4480 4414
f 4414 4480 4415
f 4480 4481 4415
f 4415 4481 4416
f 4481 4482 4416
f 4416 4482 4417
f 4482 4483 4417
f 4417 4483 4418
f 4483 4484 4418
f 4418 4484 4419
f 4484 4485 4419
f 4419 4485 4420
f 4485 4486 4420
f 4420 4486 4421
f 4486 4487 4421
f 4421 4487 4422
f 4487 4488 4422
f 4422 4488 4423
f 4488 4489 4423
f 4423 4489 4424
f 4489 4490 4424
f 4424 4490 4425
f 4490 4491 4425
f 4425 4491 4426
f 4491 4492 4426
f 4426 4492 4493
f 4426 4493 4427
f 4427 4493 4494
f 4427 4494 4428
f 4428 4494 4495
f 4428 4495 4429
f 4429 4495 4496
f 4429 4496 4430
f 4430 4496 4497
f 4430 4497 4431
f 4431 4497 4498
f 4431 4498 4432
f 4432 4498 4499
f 4432 4499 4433
f 4433 4499 4500
f 4433 4500 4434
f 4434 4500 4501
f 4434 4501 4435
f 4435 4501 4502
f 4435 4502 4436
f 4436 4502 4503
f 4436 4503 4437
f 4437 4503 4504
f 4437 4504 4438
f 4438 4504 4505
f 4438 4505 4439
f 4439 4505 4440
f 4505 4506 4440
f 4440 4506 4441
f 4506 4507 4441
f 4441 4507 4442
f 4507 4508 4442
f 4442 4508 4443
f 4508 4509 4443
f 4443 4509 4444
f 4509 4510 4444
f 4444 4510 4445
f 4510 4511 4445
f 4445 4511 4446
f 4511 4512 4446
f 4446 4512 4447
f 4512 4513 4447
f 4447 4513 4448
f 4513 4514 4448
f 4448 4514 4449
f 4514 4515 4449
f 4449 4515 4450
f 4515 4516 4450
f 4450 4516 4451
f 4516 4517 4451
f 4451 4517 4452
f 4517 4518 4452
f 4452 4518 4453
f 4518 4519 4453
f 4453 4519 4454
f 4519 4520 4454
f 4454 4520 4455
f 4520 4521 4455
f 4455 4521 4456
f 4521 4522 4456
f 4456 4522 4457
f 4522 4523 4457
f 4457 4523 4458
f 4523 4524 4458
f 4458 4524 4393
f 4524 4459 4393
f 4459 4525 4526
f 4459 4526 4460
f 4460 4526 4527
f 4460 4527 4461
f 4461 4527 4528
f 4461 4528 4462
f 4462 4528 4529
f 4462 4529 4463
f 4463 4529 4530
f 4463 4530 4464
f 4464 4530 4531
f 4464 4531 4465
f 4465 4531 4532
f 4465 4532 4466
f 4466 4532 4533
f 4466 4533 4467
f 4467 4533 4534
f 4467 4534 4468
f 4468 4534 4535
f 4468 4535 4469
f 4469 4535 4536
f 4469 4536 4470
f 4470 4536 4537
f 4470 4537 4471
f 4471 4537 4538
f 4471 4538 4472
f 4472 4538 4539
f 4472 4539 4473
f 4473 4539 4540
f 4473 4540 4474
f 4474 4540 4541
f 4474 4541 4475
f 4475 4541 4542
f 4475 4542 4476
f 4476 4542 4543
f 4476 4543 4477
f 4477 4543 4544
f 4477 4544 4478
f 4478 4544 4545
f 4478 4545 4479
f 4479 4545 4480
f 4545 4546 4480
f 4480 4546 4481
f 4546 4547 4481
f 4481 4547 4482
f 4547 4548 4482
f 4482 4548 4483
f 4548 4549 4483
f 4483 4549 4484
f 4549 4550 4484
f 4484 4550 4485
f 4550 4551 4485
f 4485 4551 4486
f 4551 4552 4486
f 4486 4552 4487
f 4552 4553 4487
f 4487 4553 4488
f 4553 4554 4488
f 4488 4554 4489
f 4554 4555 4489
f 4489 4555 4490
f 4555 4556 4490
f 4490 4556 4491
f 4556 4557 4491
f 4491 4557 4492
f 4557 4558 4492
f 4492 4558 4559
f 4492 4559 4493
f 4493 4559 4560
f 4493 4560 4494
f 4494 4560 4561
f 4494 4561 4495
f 4495 4561 4562
f 4495 4562 4496
f 4496 4562 4563
f 4496 4563 4497
f 4497 4563 4564
f 4497 4564 4498
f 4498 4564 4565
f 4498 4565 4499
f 4499 4565 4566
f 4499 4566 4500
f 4500 4566 4567
f 4500 4567 4501
f 4501 4567 4568
f 4501 4568 4502
f 4502 4568 4569
f 4502 4569 4503
f 4503 4569 4570
f 4503 4570 4504
f 4504 4570 4571
f 4504 4571 4505
f 4505 4571 4506
f 4571 4572 4506
f 4506 4572 4507
f 4572 4573 4507
f 4507 4573 4508
f 4573 4574 4508
f 4508 4574 4509
f 4574 4575 4509
f 4509 4575 4510
f 4575 4576 4510
f 4510 4576 4511
f 4576 4577 4511
f 4511 4577 4512
f 4577 4578 4512
f 4512 4578 4513
f 4578 4579 4513
f 4513 4579 4514
f 4579 4580 4514
f 4514 4580 4515
f 4580 4581 4515
f 4515 4581 4516
f 4581 4582 4516
f 4516 4582 4517
f 4582 4583 4517
f 4517 4583 4518
f 4583 4584 4518
f 4518 4584 4519
f 4584 4585 4519
f 4519 4585 4520
f 4585 4586 4520
f 4520 4586 4521
f 4586 4587 4521
f 4521 4587 4522
f 4587 4588 4522
f 4522 4588 4523
f 4588 4589 4523
f 4523 4589 4524
f 4589 4590 4524
f 4524 4590 4459
f 4590 4525 4459
f 4525 4591 4592
f 4525 4592 4526
f 4526 4592 4593
f 4526 4593 4527
f 4527 4593 4594
f 4527 4594 4528
f 4528 4594 4595
f 4528 4595 4529
f 4529 4595 4596
f 4529 4596 4530
f 4530 4596 4597
f 4530 4597 4531
f 4531 4597 4598
f 4531 4598 4532
f 4532 4598 4599
f 4532 4599 4533
f 4533 4599 4600
f 4533 4600 4534
f 4534 4600 4601
f 4534 4601 4535
f 4535 4601 4602
f 4535 4602 4536
f 4536 4602 4603
f 4536 4603 4537
f 4537 4603 4604
f 4537 4604 4538
f 4538 4604 4605
f 4538 4605 4539
f 4539 4605 4606
f 4539 4606 4540
f 4540 4606 4607
f 4540 4607 4541
f 4541 4607 4608
f 4541 4608 4542
f 4542 4608 4609
f 4542 4609 4543
f 4543 4609 4610
f 4543 4610 4544
f 4544 4610 4611
f 4544 4611 4545
f 4545 4611 4546
f 4611 4612 4546
f 4546 4612 4547
f 4612 4613 4547
f 4547 4613 4548
f 4613 4614 4548
f 4548 4614 4549
f 4614 4615 4549
f 4549 4615 4550
f 4615 4616 4550
f 4550 4616 4551
f 4616 4617 4551
f 4551 4617 4552
f 4617 4618 4552
f 4552 4618 4553
f 4618 4619 4553
f 4553 4619 4554
f 4619 4620 4554
f 4554 4620 4555
f 4620 4621 4555
f 4555 4621 4556
f 4621 4622 4556
f 4556 4622 4557
f 4622 4623 4557
f 4557 4623 4558
f 4623 4624 4558
f 4558 4624 4625
f 4558 4625 4559
f 4559 4625 4626
f 4559 4626 4560
f 4560 4626 4627
f 4560 4627 4561
f 4561 4627 4628
f 4561 4628 4562
f 4562 4628 4629
f 4562 4629 4563
f 4563 4629 4630
f 4563 4630 4564
f 4564 4630 4631
f 4564 4631 4565
f 4565 4631 4632
f 4565 4632 4566
f 4566 4632 4633
f 4566 4633 4567
f 4567 4633 4634
f 4567 4634 4568
f 4568 4634 4635
f 4568 4635 4569
f 4569 4635 4636
f 4569 4636 4570
f 4570 4636 4637
f 4570 4637 4571
f 4571 4637 4572
f 4637 4638 4572
f 4572 4638 4573
f 4638 4639 4573
f 4573 4639 4574
f 4639 4640 4574
f 4574 4640 4575
f 4640 4641 4575
f 4575 4641 4576
f 4641 4642 4576
f 4576 4642 4577
f 4642 4643 4577
f 4577 4643 4578
f 4643 4644 4578
f 4578 4644 4579
f 4644 4645 4579
f 4579 4645 4580
f 4645 4646 4580
f 4580 4646 4581
f 4646 4647 4581
f 4581 4647 4582
f 4647 4648 4582
f 4582 4648 4583
f 4648 4649 4583
f 4583 4649 4584
f 4649 4650 4584
f 4584 4650 4585
f 4650 4651 4585
f 4585 4651 4586
f 4651 4652 4586
f 4586 4652 4587
f 4652 4653 4587
f 4587 4653 4588
f 4653 4654 4588
f 4588 4654 4589
f 4654 4655 4589
f 4589 4655 4590
f 4655 4656 4590
f 4590 4656 4525
f 4656 4591 4525
f 4591 4657 4658
f 4591 4658 4592
f 4592 4658 4659
f 4592 4659 4593
f 4593 4659 4660
f 4593 4660 4594
f 4594 4660 4661
f 4594 4661 4595
f 4595 4661 4662
f 4595 4662 4596
f 4596 4662 4663
f 4596 4663 4597
f 4597 4663 4664
f 4597 4664 4598
f 4598 4664 4665
f 4598 4665 4599
f 4599 4665 4666
f 4599 4666 4600
f 4600 4666 4667
f 4600 4667 4601
f 4601 4667 4668
f 4601 4668 4602
f 4602 4668 4669
f 4602 4669 4603
f 4603 4669 4670
f 4603 4670 4604
f 4604 4670 4671
f 4604 4671 4605
f 4605 4671 4672
f 4605 4672 4606
f 4606 4672 4673
f 4606 4673 4607
f 4607 4673 4674
f 4607 4674 4608
f 4608 4674 4675
f 4608 4675 4609
f 4609 4675 4676
f 4609 4676 4610
f 4610 4676 4677
f 4610 4677 4611
f 4611 4677 4612
f 4677 4678 4612
f 4612 4678 4613
f 4678 4679 4613
f 4613 4679 4614
f 4679 4680 4614
f 4614 4680 4615
f 4680 4681 4615
f 4615 4681 4616
f 4681 4682 4616
f 4616 4682 4617
f 4682 4683 4617
f 4617 4683 4618
f 4683 4684 4618
f 4618 4684 4619
f 4684 4685 4619
f 4619 4685 4620
f 4685 4686 4620
f 4620 4686 4621
f 4686 4687 4621
f 4621 4687 4622
f 4687 4688 4622
f 4622 4688 4623
f 4688 4689 4623
f 4623 4689 4624
f 4689 4690 4624
f 4624 4690 4691
f 4624 4691 4625
f 4625 4691 4692
f 4625 4692 4626
f 4626 4692 4693
f 4626 4693 4627
f 4627 4693 4694
f 4627 4694 4628
f 4628 4694 4695
f 4628 4695 4629
f 4629 4695 4696
f 4629 4696 4630
f 4630 4696 4697
f 4630 4697 4631
f 4631 4697 4698
f 4631 4698 4632
f 4632 4698 4699
f 4632 4699 4633
f 4633 4699 4700
f 4633 4700 4634
f 4634 4700 4701
f 4634 4701 4635
f 4635 4701 4702
f 4635 4702 4636
f 4636 4702 4703
f 4636 4703 4637
f 4637 4703 4638
f 4703 4704 4638
f 4638 4704 4639
f 4704 4705 4639
f 4639 4705 4640
f 4705 4706 4640
f 4640 4706 4641
f 4706 4707 4641
f 4641 4707 4642
f 4707 4708 4642
f 4642 4708 4643
f 4708 4709 4643
f 4643 4709 4644
f 4709 4710 4644
f 4644 4710 4645
f 4710 4711 4645
f 4645 4711 4646
f 4711 4712 4646
f 4646 4712 4647
f 4712 4713 4647
f 4647 4713 4648
f 4713 4714 4648
f 4648 4714 4649
f 4714 4715 4649
f 4649 4715 4650
f 4715 4716 4650
f 4650 4716 4651
f 4716 4717 4651
f 4651 4717 4652
f 4717 4718 4652
f 4652 4718 4653
f 4718 4719 4653
f 4653 4719 4654
f 4719 4720 4654
f 4654 4720 4655
f 4720 4721 4655
f 4655 4721 4656
f 4721 4722 4656
f 4656 4722 4591
f 4722 4657 4591
f 4657 4723 4724
f 4657 4724 4658
f 4658 4724 4725
f 4658 4725 4659
f 4659 4725 4726
f 4659 4726 4660
f 4660 4726 4727
f 4660 4727 4661
f 4661 4727 4728
f 4661 4728 4662
f 4662 4728 4729
f 4662 4729 4663
f 4663 4729 4730
f 4663 4730 4664
f 4664 4730 4731
f 4664 4731 4665
f 4665 4731 4732
f 4665 4732 4666
f 4666 4732 4733
f 4666 4733 4667
f 4667 4733 4734
f 4667 4734 4668
f 4668 4734 4735
f 4668 4735 4669
f 4669 4735 4736
f 4669 4736 4670
f 4670 4736 4737
f 4670 4737 4671
f 4671 4737 4738
f 4671 4738 4672
f 4672 4738 4739
f 4672 4739 4673
f 4673 4739 4740
f 4673 4740 4674
f 4674 4740 4741
f 4674 4741 4675
f 4675 4741 4742
f 4675 4742 4676
f 4676 4742 4743
f 4676 4743 4677
f 4677 4743 4678
f 4743 4744 4678
f 4678 4744 4679
f 4744 4745 4679
f 4679 4745 4680
f 4745 4746 4680
f 4680 4746 4681
f 4746 4747 4681
f 4681 4747 4682
f 4747 4748 4682
f 4682 4748 4683
f 4748 4749 4683
f 4683 4749 4684
f 4749 4750 4684
f 4684 4750 4685
f 4750 4751 4685
f 4685 4751 4686
f 4751 4752 4686
f 4686 4752 4687
f 4752 4753 4687
f 4687 4753 4688
f 4753 4754 4688
f 4688 4754 4689
f 4754 4755 4689
f 4689 4755 4690
f 4755 4756 4690
f 4690 4756 4757
f 4690 4757 4691
f 4691 4757 4758
f 4691 4758 4692
f 4692 4758 4759
f 4692 4759 4693
f 4693 4759 4760
f 4693 4760 4694
f 4694 4760 4761
f 4694 4761 4695
f 4695 4761 4762
f 4695 4762 4696
f 4696 4762 4763
f 4696 4763 4697
f 4697 4763 4764
f 4697 4764 4698
f 4698 4764 4765
f 4698 4765 4699
f 4699 4765 4766
f 4699 4766 4700
f 4700 4766 4767
f 4700 4767 4701
f 4701 4767 4768
f 4701 4768 4702
f 4702 4768 4769
f 4702 4769 4703
f 4703 4769 4704
f 4769 4770 4704
f 4704 4770 4705
f 4770 4771 4705
f 4705 4771 4706
f 4771 4772 4706
f 4706 4772 4707
f 4772 4773 4707
f 4707 4773 4708
f 4773 4774 4708
f 4708 4774 4709
f 4774 4775 4709
f 4709 4775 4710
f 4775 4776 4710
f 4710 4776 4711
f 4776 4777 4711
f 4711 4777 4712
f 4777 4778 4712
f 4712 4778 4713
f 4778 4779 4713
f 4713 4779 4714
f 4779 4780 4714
f 4714 4780 4715
f 4780 4781 4715
f 4715 4781 4716
f 4781 4782 4716
f 4716 4782 4717
f 4782 4783 4717
f 4717 4783 4718
f 4783 4784 4718
f 4718 4784 4719
f 4784 4785 4719
f 4719 4785 4720
f 4785 4786 4720
f 4720 4786 4721
f 4786 4787 4721
f 4721 4787 4722
f 4787 4788 4722
f 4722 4788 4657
f 4788 4723 4657
f 4724 4847 4725
f 4725 4847 4726
f 4726 4789 4727
f 4727 4789 4790
f 4727 4790 4728
f 4728 4790 4791
f 4728 4791 4729
f 4729 4791 4792
f 4729 4792 4730
f 4730 4792 4793
f 4730 4793 4731
f 4731 4793 4794
f 4731 4794 4732
f 4732 4794 4795
f 4732 4795 4733
f 4733 4795 4796
f 4733 4796 4734
f 4734 4796 4797
f 4734 4797 4735
f 4735 4797 4798
f 4735 4798 4736
f 4736 4798 4799
f 4736 4799 4737
f 4737 4799 4800
f 4737 4800 4738
f 4738 4800 4801
f 4738 4801 4739
f 4739 4801 4802
f 4739 4802 4740
f 4740 4802 4803
f 4740 4803 4741
f 4741 4803 4804
f 4741 4804 4742
f 4742 4804 4805
f 4742 4805 4743
f 4743 4805 4744
f 4805 4806 4744
f 4744 4806 4745
f 4806 4807 4745
f 4745 4807 4746
f 4807 4808 4746
f 4746 4808 4747
f 4808 4809 4747
f 4747 4809 4748
f 4809 4810 4748
f 4748 4810 4749
f 4810 4811 4749
f 4749 4811 4750
f 4811 4812 4750
f 4750 4812 4751
f 4812 4813 4751
f 4751 4813 4752
f 4813 4814 4752
f 4752 4814 4753
f 4814 4815 4753
f 4753 4815 4754
f 4815 4816 4754
f 4754 4816 4755
f 4816 4817 4755
f 4755 4817 4756
f 4756 4818 4757
f 4757 4818 4819
f 4757 4819 4758
f 4758 4819 4820
f 4758 4820 4759
f 4759 4820 4821
f 4759 4821 4760
f 4760 4821 4822
f 4760 4822 4761
f 4761 4822 4823
f 4761 4823 4762
f 4762 4823 4824
f 4762 4824 4763
f 4763 4824 4825
f 4763 4825 4764
f 4764 4825 4826
f 4764 4826 4765
f 4765 4826 4827
f 4765 4827 4766
f 4766 4827 4828
f 4766 4828 4767
f 4767 4828 4829
f 4767 4829 4768
f 4768 4829 4830
f 4768 4830 4769
f 4769 4830 4770
f 4830 4831 4770
f 4770 4831 4771
f 4831 4832 4771
f 4771 4832 4772
f 4832 4833 4772
f 4772 4833 4773
f 4833 4834 4773
f 4773 4834 4774
f 4834 4835 4774
f 4774 4835 4775
f 4835 4836 4775
f 4775 4836 4776
f 4836 4837 4776
f 4776 4837 4777
f 4837 4838 4777
f 4777 4838 4778
f 4838 4839 4778
f 4778 4839 4779
f 4839 4840 4779
f 4779 4840 4780
f 4840 4841 4780
f 4780 4841 4781
f 4841 4842 4781
f 4781 4842 4782
f 4842 4843 4782
f 4782 4843 4783
f 4843 4844 4783
f 4783 4844 4784
f 4844 4845 4784
f 4784 4845 4785
f 4845 4846 4785
f 4785 4846 4786
f 4786 4908 4787
f 4787 4908 4788
f 4723 4909 4724
f 4724 4909 4847
f 4847 4848 4726
f 4726 4848 4849
f 4726 4849 4789
f 4789 4849 4850
f 4789 4850 4790
f 4790 4850 4851
f 4790 4851 4791
f 4791 4851 4852
f 4791 4852 4792
f 4792 4852 4853
f 4792 4853 4793
f 4793 4853 4854
f 4793 4854 4794
f 4794 4854 4855
f 4794 4855 4795
f 4795 4855 4856
f 4795 4856 4796
f 4796 4856 4857
f 4796 4857 4797
f 4797 4857 4858
f 4797 4858 4798
f 4798 4858 4859
f 4798 4859 4799
f 4799 4859 4860
f 4799 4860 4800
f 4800 4860 4861
f 4800 4861 4801
f 4801 4861 4862
f 4801 4862 4802
f 4802 4862 4863
f 4802 4863 4803
f 4803 4863 4864
f 4803 4864 4804
f 4804 4864 4865
f 4804 4865 4805
f 4805 4865 4806
f 4865 4866 4806
f 4806 4866 4807
f 4866 4867 4807
f 4807 4867 4808
f 4867 4868 4808
f 4808 4868 4809
f 4868 4869 4809
f 4809 4869 4810
f 4869 4870 4810
f 4810 4870 4811
f 4870 4871 4811
f 4811 4871 4812
f 4871 4872 4812
f 4812 4872 4813
f 4872 4873 4813
f 4813 4873 4814
f 4873 4874 4814
f 4814 4874 4815
f 4874 4875 4815
f 4815 4875 4816
f 4875 4876 4816
f 4816 4876 4817
f 4876 4877 4817
f 4817 4877 4756
f 4756 4878 4818
f 4818 4878 4879
f 4818 4879 4819
f 4819 4879 4880
f 4819 4880 4820
f 4820 4880 4881
f 4820 4881 4821
f 4821 4881 4882
f 4821 4882 4822
f 4822 4882 4883
f 4822 4883 4823
f 4823 4883 4884
f 4823 4884 4824
f 4824 4884 4885
f 4824 4885 4825
f 4825 4885 4886
f 4825 4886 4826
f 4826 4886 4887
f 4826 4887 4827
f 4827 4887 4888
f 4827 4888 4828
f 4828 4888 4889
f 4828 4889 4829
f 4829 4889 4890
f 4829 4890 4830
f 4830 4890 4831
f 4890 4891 4831
f 4831 4891 4832
f 4891 4892 4832
f 4832 4892 4833
f 4892 4893 4833
f 4833 4893 4834
f 4893 4894 4834
f 4834 4894 4835
f 4894 4895 4835
f 4835 4895 4836
f 4895 4896 4836
f 4836 4896 4837
f 4896 4897 4837
f 4837 4897 4838
f 4897 4898 4838
f 4838 4898 4839
f 4898 4899 4839
f 4839 4899 4840
f 4899 4900 4840
f 4840 4900 4841
f 4900 4901 4841
f 4841 4901 4842
f 4901 4902 4842
f 4842 4902 4843
f 4902 4903 4843
f 4843 4903 4844
f 4903 4904 4844
f 4844 4904 4845
f 4904 4905 4845
f 4845 4905 4846
f 4905 4906 4846
f 4846 4906 4786
f 4906 4907 4786
f 4786 4907 4908
f 4908 4972 4788
f 4788 4972 4723
f 4909 4910 4847
f 4847 4910 4911
f 4847 4911 4848
f 4848 4911 4912
f 4848 4912 4849
f 4849 4912 4913
f 4849 4913 4850
f 4850 4913 4914
f 4850 4914 4851
f 4851 4914 4915
f 4851 4915 4852
f 4852 4915 4916
f 4852 4916 4853
f 4853 4916 4917
f 4853 4917 4854
f 4854 4917 4918
f 4854 4918 4855
f 4855 4918 4919
f 4855 4919 4856
f 4856 4919 4920
f 4856 4920 4857
f 4857 4920 4921
f 4857 4921 4858
f 4858 4921 4922
f 4858 4922 4859
f 4859 4922 4923
f 4859 4923 4860
f 4860 4923 4924
f 4860 4924 4861
f 4861 4924 4925
f 4861 4925 4862
f 4862 4925 4926
f 4862 4926 4863
f 4863 4926 4927
f 4863 4927 4864
f 4864 4927 4928
f 4864 4928 4865
f 4865 4928 4866
f 4928 4929 4866
f 4866 4929 4867
f 4929 4930 4867
f 4867 4930 4868
f 4930 4931 4868
f 4868 4931 4869
f 4931 4932 4869
f 4869 4932 4870
f 4932 4933 4870
f 4870 4933 4871
f 4933 4934 4871
f 4871 4934 4872
f 4934 4935 4872
f 4872 4935 4873
f 4935 4936 4873
f 4873 4936 4874
f 4936 4937 4874
f 4874 4937 4875
f 4937 4938 4875
f 4875 4938 4876
f 4938 4939 4876
f 4876 4939 4877
f 4939 4940 4877
f 4877 4940 4756
f 4756 4941 4878
f 4878 4941 4942
f 4878 4942 4879
f 4879 4942 4943
f 4879 4943 4880
f 4880 4943 4944
f 4880 4944 4881
f 4881 4944 4945
f 4881 4945 4882
f 4882 4945 4946
f 4882 4946 4883
f 4883 4946 4947
f 4883 4947 4884
f 4884 4947 4948
f 4884 4948 4885
f 4885 4948 4949
f 4885 4949 4886
f 4886 4949 4950
f 4886 4950 4887
f 4887 4950 4951
f 4887 4951 4888
f 4888 4951 4952
f 4888 4952 4889
f 4889 4952 4953
f 4889 4953 4890
f 4890 4953 4891
f 4953 4954 4891
f 4891 4954 4892
f 4954 4955 4892
f 4892 4955 4893
f 4955 4956 4893
f 4893 4956 4894
f 4956 4957 4894
f 4894 4957 4895
f 4957 4958 4895
f 4895 4958 4896
f 4958 4959 4896
f 4896 4959 4897
f 4959 4960 4897
f 4897 4960 4898
f 4960 4961 4898
f 4898 4961 4899
f 4961 4962 4899
f 4899 4962 4900
f 4962 4963 4900
f 4900 4963 4901
f 4963 4964 4901
f 4901 4964 4902
f 4964 4965 4902
f 4902 4965 4903
f 4965 4966 4903
f 4903 4966 4904
f 4966 4967 4904
f 4904 4967 4905
f 4967 4968 4905
f 4905 4968 4906
f 4968 4969 4906
f 4906 4969 4907
f 4969 4970 4907
f 4907 4970 4908
f 4970 4971 4908
f 4908 4971 4972
f 4723 5035 4909
f 4909 5035 4973
f 4909 4973 4910
f 4910 4973 4974
f 4910 4974 4911
f 4911 4974 4975
f 4911 4975 4912
f 4912 4975 4976
f 4912 4976 4913
f 4913 4976 4977
f 4913 4977 4914
f 4914 4977 4978
f 4914 4978 4915
f 4915 4978 4979
f 4915 4979 4916
f 4916 4979 4980
f 4916 4980 4917
f 4917 4980 4981
f 4917 4981 4918
f 4918 4981 4982
f 4918 4982 4919
f 4919 4982 4983
f 4919 4983 4920
f 4920 4983 4984
f 4920 4984 4921
f 4921 4984 4985
f 4921 4985 4922
f 4922 4985 4986
f 4922 4986 4923
f 4923 4986 4987
f 4923 4987 4924
f 4924 4987 4988
f 4924 4988 4925
f 4925 4988 4989
f 4925 4989 4926
f 4926 4989 4990
f 4926 4990 4927
f 4927 4990 4991
f 4927 4991 4928
f 4928 4991 4929
f 4991 4992 4929
f 4929 4992 4930
f 4992 4993 4930
f 4930 4993 4931
f 4993 4994 4931
f 4931 4994 4932
f 4994 4995 4932
f 4932 4995 4933
f 4995 4996 4933
f 4933 4996 4934
f 4996 4997 4934
f 4934 4997 4935
f 4997 4998 4935
f 4935 4998 4936
f 4998 4999 4936
f 4936 4999 4937
f 4999 5000 4937
f 4937 5000 4938
f 5000 5001 4938
f 4938 5001 4939
f 5001 5002 4939
f 4939 5002 4940
f 5002 5003 4940
f 4940 5003 4756
f 4756 5004 4941
f 4941 5004 5005
f 4941 5005 4942
f 4942 5005 5006
f 4942 5006 4943
f 4943 5006 5007
f 4943 5007 4944
f 4944 5007 5008
f 4944 5008 4945
f 4945 5008 5009
f 4945 5009 4946
f 4946 5009 5010
f 4946 5010 4947
f 4947 5010 5011
f 4947 5011 4948
f 4948 5011 5012
f 4948 5012 4949
f 4949 5012 5013
f 4949 5013 4950
f 4950 5013 5014
f 4950 5014 4951
f 4951 5014 5015
f 4951 5015 4952
f 4952 5015 5016
f 4952 5016 4953
f 4953 5016 4954
f 5016 5017 4954
f 4954 5017 4955
f 5017 5018 4955
f 4955 5018 4956
f 5018 5019 4956
f 4956 5019 4957
f 5019 5020 4957
f 4957 5020 4958
f 5020 5021 4958
f 4958 5021 4959
f 5021 5022 4959
f 4959 5022 4960
f 5022 5023 4960
f 4960 5023 4961
f 5023 5024 4961
f 4961 5024 4962
f 5024 5025 4962
f 4962 5025 4963
f 5025 5026 4963
f 4963 5026 4964
f 5026 5027 4964
f 4964 5027 4965
f 5027 5028 4965
f 4965 5028 4966
f 5028 5029 4966
f 4966 5029 4967
f 5029 5030 4967
f 4967 5030 4968
f 5030 5031 4968
f 4968 5031 4969
f 5031 5032 4969
f 4969 5032 4970
f 5032 5033 4970
f 4970 5033 4971
f 5033 5034 4971
f 4971 5034 4972
f 5034 5098 4972
f 4972 5098 4723
f 5035 5036 4973
f 4973 5036 5037
f 4973 5037 4974
f 4974 5037 5038
f 4974 5038 4975
f 4975 5038 5039
f 4975 5039 4976
f 4976 5039 5040
f 4976 5040 4977
f 4977 5040 5041
f 4977 5041 4978
f 4978 5041 5042
f 4978 5042 4979
f 4979 5042 5043
f 4979 5043 4980
f 4980 5043 5044
f 4980 5044 4981
f 4981 5044 5045
f 4981 5045 4982
f 4982 5045 5046
f 4982 5046 4983
f 4983 5046 5047
f 4983 5047 4984
f 4984 5047 5048
f 4984 5048 4985
f 4985 5048 5049
f 4985 5049 4986
f 4986 5049 5050
f 4986 5050 4987
f 4987 5050 5051
f 4987 5051 4988
f 4988 5051 5052
f 4988 5052 4989
f 4989 5052 5053
f 4989 5053 4990
f 4990 5053 5054
f 4990 5054 4991
f 4991 5054 4992
f 5054 5055 4992
f 4992 5055 4993
f 5055 5056 4993
f 4993 5056 4994
f 5056 5057 4994
f 4994 5057 4995
f 5057 5058 4995
f 4995 5058 4996
f 5058 5059 4996
f 4996 5059 4997
f 5059 5060 4997
f 4997 5060 4998
f 5060 5061 4998
f 4998 5061 4999
f 5061 5062 4999
f 4999 5062 5000
f 5062 5063 5000
f 5000 5063 5001
f 5063 5064 5001
f 5001 5064 5002
f 5064 5065 5002
f 5002 5065 5003
f 5065 5066 5003
f 5003 5066 4756
f 4756 5067 5004
f 5004 5067 5068
f 5004 5068 5005
f 5005 5068 5069
f 5005 5069 5006
f 5006 5069 5070
f 5006 5070 5007
f 5007 5070 5071
f 5007 5071 5008
f 5008 5071 5072
f 5008 5072 5009
f 5009 5072 5073
f 5009 5073 5010
f 5010 5073 5074
f 5010 5074 5011
f 5011 5074 5075
f 5011 5075 5012
f 5012 5075 5076
f 5012 5076 5013
f 5013 5076 5077
f 5013 5077 5014
f 5014 5077 5078
f 5014 5078 5015
f 5015 5078 5079
f 5015 5079 5016
f 5016 5079 5017
f 5079 5080 5017
f 5017 5080 5018
f 5080 5081 5018
f 5018 5081 5019
f 5081 5082 5019
f 5019 5082 5020
f 5082 5083 5020
f 5020 5083 5021
f 5083 5084 5021
f 5021 5084 5022
f 5084 5085 5022
f 5022 5085 5023
f 5085 5086 5023
f 5023 5086 5024
f 5086 5087 5024
f 5024 5087 5025
f 5087 5088 5025
f 5025 5088 5026
f 5088 5089 5026
f 5026 5089 5027
f 5089 5090 5027
f 5027 5090 5028
f 5090 5091 5028
f 5028 5091 5029
f 5091 5092 5029
f 5029 5092 5030
f 5092 5093 5030
f 5030 5093 5031
f 5093 5094 5031
f 5031 5094 5032
f 5094 5095 5032
f 5032 5095 5033
f 5095 5096 5033
f 5033 5096 5034
f 5096 5097 5034
f 5034 5097 5098
f 4723 5099 5035
f 5035 5099 5100
f 5035 5100 5036
f 5036 5100 5101
f 5036 5101 5037
f 5037 5101 5102
f 5037 5102 5038
f 5038 5102 5103
f 5038 5103 5039
f 5039 5103 5104
f 5039 5104 5040
f 5040 5104 5105
f 5040 5105 5041
f 5041 5105 5106
f 5041 5106 5042
f 5042 5106 5107
f 5042 5107 5043
f 5043 5107 5108
f 5043 5108 5044
f 5044 5108 5109
f 5044 5109 5045
f 5045 5109 5110
f 5045 5110 5046
f 5046 5110 5111
f 5046 5111 5047
f 5047 5111 5112
f 5047 5112 5048
f 5048 5112 5113
f 5048 5113 5049
f 5049 5113 5114
f 5049 5114 5050
f 5050 5114 5115
f 5050 5115 5051
f 5051 5115 5116
f 5051 5116 5052
f 5052 5116 5117
f 5052 5117 5053
f 5053 5117 5118
f 5053 5118 5054
f 5054 5118 5055
f 5118 5119 5055
f 5055 5119 5056
f 5119 5120 5056
f 5056 5120 5057
f 5120 5121 5057
f 5057 5121 5058
f 5121 5122 5058
f 5058 5122 5059
f 5122 5123 5059
f 5059 5123 5060
f 5123 5124 5060
f 5060 5124 5061
f 5124 5125 5061
f 5061 5125 5062
f 5125 5126 5062
f 5062 5126 5063
f 5126 5127 5063
f 5063 5127 5064
f 5127 5128 5064
f 5064 5128 5065
f 5128 5129 5065
f 5065 5129 5066
f 5129 5130 5066
f 5066 5130 4756
f 4756 5131 5067
f 5067 5131 5132
f 5067 5132 5068
f 5068 5132 5133
f 5068 5133 5069
f 5069 5133 5134
f 5069 5134 5070
f 5070 5134 5135
f 5070 5135 5071
f 5071 5135 5136
f 5071 5136 5072
f 5072 5136 5137
f 5072 5137 5073
f 5073 5137 5138
f 5073 5138 5074
f 5074 5138 5139
f 5074 5139 5075
f 5075 5139 5140
f 5075 5140 5076
f 5076 5140 5141
f 5076 5141 5077
f 5077 5141 5142
f 5077 5142 5078
f 5078 5142 5143
f 5078 5143 5079
f 5079 5143 5080
f 5143 5144 5080
f 5080 5144 5081
f 5144 5145 5081
f 5081 5145 5082
f 5145 5146 5082
f 5082 5146 5083
f 5146 5147 5083
f 5083 5147 5084
f 5147 5148 5084
f 5084 5148 5085
f 5148 5149 5085
f 5085 5149 5086
f 5149 5150 5086
f 5086 5150 5087
f 5150 5151 5087
f 5087 5151 5088
f 5151 5152 5088
f 5088 5152 5089
f 5152 5153 5089
f 5089 5153 5090
f 5153 5154 5090
f 5090 5154 5091
f 5154 5155 5091
f 5091 5155 5092
f 5155 5156 5092
f 5092 5156 5093
f 5156 5157 5093
f 5093 5157 5094
f 5157 5158 5094
f 5094 5158 5095
f 5158 5159 5095
f 5095 5159 5096
f 5159 5160 5096
f 5096 5160 5097
f 5160 5161 5097
f 5097 5161 5098
f 5161 5162 5098
f 5098 5162 4723
f 4723 5163 5099
f 5099 5163 5100
f 5100 5163 5164
f 5100 5164 5101
f 5101 5164 5102
f 5102 5164 5165
f 5102 5165 5103
f 5103 5165 5104
f 5104 5165 5105
f 5105 5165 5166
f 5105 5166 5106
f 5106 5166 5167
f 5106 5167 5107
f 5107 5167 5168
f 5107 5168 5108
f 5108 5168 5169
f 5108 5169 5109
f 5109 5169 5170
f 5109 5170 5110
f 5110 5170 5171
f 5110 5171 5111
f 5111 5171 5172
f 5111 5172 5112
f 5112 5172 5173
f 5112 5173 5113
f 5113 5173 5174
f 5113 5174 5114
f 5114 5174 5175
f 5114 5175 5115
f 5115 5175 5176
f 5115 5176 5116
f 5116 5176 5177
f 5116 5177 5117
f 5117 5177 5178
f 5117 5178 5118
f 5118 5178 5119
f 5178 5179 5119
f 5119 5179 5120
f 5179 5180 5120
f 5120 5180 5121
f 5180 5181 5121
f 5121 5181 5122
f 5181 5182 5122
f 5122 5182 5123
f 5182 5183 5123
f 5123 5183 5124
f 5183 5184 5124
f 5124 5184 5125
f 5184 5185 5125
f 5125 5185 5126
f 5185 5186 5126
f 5126 5186 5127
f 5186 5187 5127
f 5127 5187 5128
f 5187 5188 5128
f 5128 5188 5129
f 5188 5189 5129
f 5129 5189 5130
f 5189 5190 5130
f 5130 5190 4756
f 4756 5190 5131
f 5131 5190 5189
f 5131 5189 5132
f 5132 5189 5188
f 5132 5188 5133
f 5133 5188 5187
f 5133 5187 5134
f 5134 5187 5186
f 5134 5186 5135
f 5135 5186 5185
f 5135 5185 5136
f 5136 5185 5184
f 5136 5184 5137
f 5137 5184 5183
f 5137 5183 5138
f 5138 5183 5182
f 5138 5182 5139
f 5139 5182 5181
f 5139 5181 5140
f 5140 5181 5180
f 5140 5180 5141
f 5141 5180 5179
f 5141 5179 5142
f 5142 5179 5178
f 5142 5178 5143
f 5143 5178 5144
f 5178 5177 5144
f 5144 5177 5145
f 5177 5176 5145
f 5145 5176 5146
f 5176 5175 5146
f 5146 5175 5147
f 5175 5174 5147
f 5147 5174 5148
f 5174 5173 5148
f 5148 5173 5149
f 5173 5172 5149
f 5149 5172 5150
f 5172 5171 5150
f 5150 5171 5151
f 5171 5170 5151
f 5151 5170 5152
f 5170 5169 5152
f 5152 5169 5153
f 5169 5168 5153
f 5153 5168 5154
f 5168 5167 5154
f 5154 5167 5155
f 5167 5166 5155
f 5155 5166 5156
f 5166 5165 5156
f 5156 5165 5157
f 5157 5165 5158
f 5158 5165 5159
f 5165 5164 5159
f 5159 5164 5160
f 5160 5164 5161
f 5164 5163 5161
f 5161 5163 5162
f 5162 5163 4723
f 5191 5192 5411
f 5192 5193 5411
f 5192 5324 5193
f 5324 5194 5193
f 5324 5195 5194
f 5195 5196 5194
f 5195 5197 5196
f 5197 5198 5196
f 5197 5199 5198
f 5199 5200 5198
f 5199 5201 5200
f 5201 5202 5200
f 5201 5203 5202
f 5203 5204 5202
f 5203 5205 5204
f 5205 5206 5204
f 5205 5207 5206
f 5207 5208 5206
f 5207 5209 5208
f 5209 5210 5208
f 5209 5211 5210
f 5211 5212 5210
f 5211 5213 5212
f 5213 5214 5212
f 5213 5215 5214
f 5215 5216 5214
f 5215 5217 5216
f 5217 5218 5216
f 5217 5219 5218
f 5219 5220 5218
f 5219 5221 5220
f 5221 5222 5220
f 5221 5223 5222
f 5223 5224 5222
f 5223 5225 5224
f 5225 5226 5224
f 5225 5227 5226
f 5227 5228 5226
f 5227 5229 5228
f 5229 5230 5228
f 5229 5231 5230
f 5231 5232 5230
f 5231 5233 5232
f 5233 5234 5232
f 5233 5235 5234
f 5235 5236 5234
f 5234 5236 5237
f 5236 5238 5237
f 5237 5238 5239
f 5238 5240 5239
f 5239 5240 5241
f 5240 5242 5241
f 5241 5242 5243
f 5242 5244 5243
f 5243 5244 5245
f 5244 5246 5245
f 5245 5246 5247
f 5246 5248 5247
f 5247 5248 5249
f 5248 5250 5249
f 5249 5250 5251
f 5250 5252 5251
f 5251 5252 5253
f 5252 5254 5253
f 5253 5254 5255
f 5254 5256 5255
f 5255 5256 5257
f 5256 5258 5257
f 5257 5258 5259
f 5258 5260 5259
f 5259 5260 5261
f 5260 5262 5261
f 5261 5262 5263
f 5262 5264 5263
f 5263 5264 5265
f 5264 5266 5265
f 5265 5266 5267
f 5266 5268 5267
f 5267 5268 5269
f 5268 5270 5269
f 5269 5270 5271
f 5270 5272 5271
f 5271 5272 5273
f 5272 5274 5273
f 5273 5274 5275
f 5274 5276 5275
f 5275 5276 5277
f 5276 5278 5277
f 5277 5278 5279
f 5278 5280 5279
f 5280 5278 5281
f 5278 5282 5281
f 5278 5276 5282
f 5276 5283 5282
f 5276 5274 5283
f 5274 5284 5283
f 5274 5272 5284
f 5272 5285 5284
f 5272 5270 5285
f 5270 5286 5285
f 5270 5268 5286
f 5268 5287 5286
f 5268 5266 5287
f 5266 5288 5287
f 5266 5264 5288
f 5264 5289 5288
f 5264 5262 5289
f 5262 5290 5289
f 5262 5260 5290
f 5260 5291 5290
f 5260 5258 5291
f 5258 5292 5291
f 5258 5256 5292
f 5256 5293 5292
f 5256 5254 5293
f 5254 5294 5293
f 5254 5252 5294
f 5252 5295 5294
f 5252 5250 5295
f 5250 5296 5295
f 5250 5248 5296
f 5248 5297 5296
f 5248 5246 5297
f 5246 5298 5297
f 5246 5244 5298
f 5244 5299 5298
f 5244 5242 5299
f 5242 5300 5299
f 5242 5240 5300
f 5240 5301 5300
f 5240 5238 5301
f 5238 5302 5301
f 5238 5236 5302
f 5236 5303 5302
f 5236 5235 5303
f 5235 5233 5303
f 5303 5233 5304
f 5233 5231 5304
f 5304 5231 5305
f 5231 5229 5305
f 5305 5229 5306
f 5229 5227 5306
f 5306 5227 5307
f 5227 5225 5307
f 5307 5225 5308
f 5225 5223 5308
f 5308 5223 5309
f 5223 5221 5309
f 5309 5221 5310
f 5221 5219 5310
f 5310 5219 5311
f 5219 5217 5311
f 5311 5217 5312
f 5217 5215 5312
f 5312 5215 5313
f 5215 5213 5313
f 5313 5213 5314
f 5213 5211 5314
f 5314 5211 5315
f 5211 5209 5315
f 5315 5209 5316
f 5209 5207 5316
f 5316 5207 5317
f 5207 5205 5317
f 5317 5205 5318
f 5205 5203 5318
f 5318 5203 5319
f 5203 5201 5319
f 5319 5201 5320
f 5201 5199 5320
f 5320 5199 5321
f 5199 5197 5321
f 5321 5197 5322
f 5197 5195 5322
f 5322 5195 5323
f 5195 5324 5323
f 5324 5192 5500
f 5192 5191 5500
f 5411 5193 5412
f 5193 5325 5412
f 5193 5194 5325
f 5194 5326 5325
f 5194 5196 5326
f 5196 5327 5326
f 5196 5198 5327
f 5198 5328 5327
f 5198 5200 5328
f 5200 5329 5328
f 5200 5202 5329
f 5202 5330 5329
f 5202 5204 5330
f 5204 5331 5330
f 5204 5206 5331
f 5206 5332 5331
f 5206 5208 5332
f 5208 5333 5332
f 5208 5210 5333
f 5210 5334 5333
f 5210 5212 5334
f 5212 5335 5334
f 5212 5214 5335
f 5214 5336 5335
f 5214 5216 5336
f 5216 5337 5336
f 5216 5218 5337
f 5218 5338 5337
f 5218 5220 5338
f 5220 5339 5338
f 5220 5222 5339
f 5222 5340 5339
f 5222 5224 5340
f 5224 5341 5340
f 5224 5226 5341
f 5226 5342 5341
f 5226 5228 5342
f 5228 5343 5342
f 5228 5230 5343
f 5230 5344 5343
f 5230 5232 5344
f 5232 5345 5344
f 5232 5234 5345
f 5234 5237 5345
f 5345 5237 5346
f 5237 5239 5346
f 5346 5239 5347
f 5239 5241 5347
f 5347 5241 5348
f 5241 5243 5348
f 5348 5243 5349
f 5243 5245 5349
f 5349 5245 5350
f 5245 5247 5350
f 5350 5247 5351
f 5247 5249 5351
f 5351 5249 5352
f 5249 5251 5352
f 5352 5251 5353
f 5251 5253 5353
f 5353 5253 5354
f 5253 5255 5354
f 5354 5255 5355
f 5255 5257 5355
f 5355 5257 5356
f 5257 5259 5356
f 5356 5259 5357
f 5259 5261 5357
f 5357 5261 5358
f 5261 5263 5358
f 5358 5263 5359
f 5263 5265 5359
f 5359 5265 5360
f 5265 5267 5360
f 5360 5267 5361
f 5267 5269 5361
f 5361 5269 5362
f 5269 5271 5362
f 5362 5271 5363
f 5271 5273 5363
f 5363 5273 5364
f 5273 5275 5364
f 5364 5275 5365
f 5275 5277 5365
f 5365 5277 5366
f 5277 5279 5366
f 5366 5279 5367
f 5279 5280 5367
f 5280 5281 5368
f 5281 5369 5368
f 5281 5282 5369
f 5282 5370 5369
f 5282 5283 5370
f 5283 5371 5370
f 5283 5284 5371
f 5284 5372 5371
f 5284 5285 5372
f 5285 5373 5372
f 5285 5286 5373
f 5286 5374 5373
f 5286 5287 5374
f 5287 5375 5374
f 5287 5288 5375
f 5288 5376 5375
f 5288 5289 5376
f 5289 5377 5376
f 5289 5290 5377
f 5290 5378 5377
f 5290 5291 5378
f 5291 5379 5378
f 5291 5292 5379
f 5292 5380 5379
f 5292 5293 5380
f 5293 5381 5380
f 5293 5294 5381
f 5294 5382 5381
f 5294 5295 5382
f 5295 5383 5382
f 5295 5296 5383
f 5296 5384 5383
f 5296 5297 5384
f 5297 5385 5384
f 5297 5298 5385
f 5298 5386 5385
f 5298 5299 5386
f 5299 5387 5386
f 5299 5300 5387
f 5300 5388 5387
f 5300 5301 5388
f 5301 5389 5388
f 5301 5302 5389
f 5302 5390 5389
f 5302 5303 5390
f 5303 5304 5390
f 5390 5304 5391
f 5304 5305 5391
f 5391 5305 5392
f 5305 5306 5392
f 5392 5306 5393
f 5306 5307 5393
f 5393 5307 5394
f 5307 5308 5394
f 5394 5308 5395
f 5308 5309 5395
f 5395 5309 5396
f 5309 5310 5396
f 5396 5310 5397
f 5310 5311 5397
f 5397 5311 5398
f 5311 5312 5398
f 5398 5312 5399
f 5312 5313 5399
f 5399 5313 5400
f 5313 5314 5400
f 5400 5314 5401
f 5314 5315 5401
f 5401 5315 5402
f 5315 5316 5402
f 5402 5316 5403
f 5316 5317 5403
f 5403 5317 5404
f 5317 5318 5404
f 5404 5318 5405
f 5318 5319 5405
f 5405 5319 5406
f 5319 5320 5406
f 5406 5320 5407
f 5320 5321 5407
f 5407 5321 5408
f 5321 5322 5408
f 5408 5322 5409
f 5322 5323 5409
f 5409 5323 5410
f 5323 5324 5410
f 5410 5324 5499
f 5324 5500 5499
f 5412 5325 5413
f 5325 5414 5413
f 5325 5326 5414
f 5326 5415 5414
f 5326 5327 5415
f 5327 5416 5415
f 5327 5328 5416
f 5328 5417 5416
f 5328 5329 5417
f 5329 5418 5417
f 5329 5330 5418
f 5330 5419 5418
f 5330 5331 5419
f 5331 5420 5419
f 5331 5332 5420
f 5332 5421 5420
f 5332 5333 5421
f 5333 5422 5421
f 5333 5334 5422
f 5334 5423 5422
f 5334 5335 5423
f 5335 5424 5423
f 5335 5336 5424
f 5336 5425 5424
f 5336 5337 5425
f 5337 5426 5425
f 5337 5338 5426
f 5338 5427 5426
f 5338 5339 5427
f 5339 5428 5427
f 5339 5340 5428
f 5340 5429 5428
f 5340 5341 5429
f 5341 5430 5429
f 5341 5342 5430
f 5342 5431 5430
f 5342 5343 5431
f 5343 5432 5431
f 5343 5344 5432
f 5344 5433 5432
f 5344 5345 5433
f 5345 5346 5433
f 5433 5346 5434
f 5346 5347 5434
f 5434 5347 5435
f 5347 5348 5435
f 5435 5348 5436
f 5348 5349 5436
f 5436 5349 5437
f 5349 5350 5437
f 5437 5350 5438
f 5350 5351 5438
f 5438 5351 5439
f 5351 5352 5439
f 5439 5352 5440
f 5352 5353 5440
f 5440 5353 5441
f 5353 5354 5441
f 5441 5354 5442
f 5354 5355 5442
f 5442 5355 5443
f 5355 5356 5443
f 5443 5356 5444
f 5356 5357 5444
f 5444 5357 5445
f 5357 5358 5445
f 5445 5358 5446
f 5358 5359 5446
f 5446 5359 5447
f 5359 5360 5447
f 5447 5360 5448
f 5360 5361 5448
f 5448 5361 5449
f 5361 5362 5449
f 5449 5362 5450
f 5362 5363 5450
f 5450 5363 5451
f 5363 5364 5451
f 5451 5364 5452
f 5364 5365 5452
f 5452 5365 5453
f 5365 5366 5453
f 5453 5366 5454
f 5366 5367 5454
f 5454 5367 5455
f 5367 5280 5455
f 5280 5368 5456
f 5368 5457 5456
f 5368 5369 5457
f 5369 5458 5457
f 5369 5370 5458
f 5370 5459 5458
f 5370 5371 5459
f 5371 5460 5459
f 5371 5372 5460
f 5372 5461 5460
f 5372 5373 5461
f 5373 5462 5461
f 5373 5374 5462
f 5374 5463 5462
f 5374 5375 5463
f 5375 5464 5463
f 5375 5376 5464
f 5376 5465 5464
f 5376 5377 5465
f 5377 5466 5465
f 5377 5378 5466
f 5378 5467 5466
f 5378 5379 5467
f 5379 5468 5467
f 5379 5380 5468
f 5380 5469 5468
f 5380 5381 5469
f 5381 5470 5469
f 5381 5382 5470
f 5382 5471 5470
f 5382 5383 5471
f 5383 5472 5471
f 5383 5384 5472
f 5384 5473 5472
f 5384 5385 5473
f 5385 5474 5473
f 5385 5386 5474
f 5386 5475 5474
f 5386 5387 5475
f 5387 5476 5475
f 5387 5388 5476
f 5388 5477 5476
f 5388 5389 5477
f 5389 5478 5477
f 5389 5390 5478
f 5390 5391 5478
f 5478 5391 5479
f 5391 5392 5479
f 5479 5392 5480
f 5392 5393 5480
f 5480 5393 5481
f 5393 5394 5481
f 5481 5394 5482
f 5394 5395 5482
f 5482 5395 5483
f 5395 5396 5483
f 5483 5396 5484
f 5396 5397 5484
f 5484 5397 5485
f 5397 5398 5485
f 5485 5398 5486
f 5398 5399 5486
f 5486 5399 5487
f 5399 5400 5487
f 5487 5400 5488
f 5400 5401 5488
f 5488 5401 5489
f 5401 5402 5489
f 5489 5402 5490
f 5402 5403 5490
f 5490 5403 5491
f 5403 5404 5491
f 5491 5404 5492
f 5404 5405 5492
f 5492 5405 5493
f 5405 5406 5493
f 5493 5406 5494
f 5406 5407 5494
f 5494 5407 5495
f 5407 5408 5495
f 5495 5408 5496
f 5408 5409 5496
f 5496 5409 5497
f 5409 5410 5497
f 5497 5410 5498
f 5410 5499 5498
f 5191 5411 5759
f 5411 5587 5759
f 5411 5412 5587
f 5412 5501 5587
f 5412 5413 5501
f 5413 5502 5501
f 5413 5414 5502
f 5414 5503 5502
f 5414 5415 5503
f 5415 5504 5503
f 5415 5416 5504
f 5416 5505 5504
f 5416 5417 5505
f 5417 5506 5505
f 5417 5418 5506
f 5418 5507 5506
f 5418 5419 5507
f 5419 5508 5507
f 5419 5420 5508
f 5420 5509 5508
f 5420 5421 5509
f 5421 5510 5509
f 5421 5422 5510
f 5422 5511 5510
f 5422 5423 5511
f 5423 5512 5511
f 5423 5424 5512
f 5424 5513 5512
f 5424 5425 5513
f 5425 5514 5513
f 5425 5426 5514
f 5426 5515 5514
f 5426 5427 5515
f 5427 5516 5515
f 5427 5428 5516
f 5428 5517 5516
f 5428 5429 5517
f 5429 5518 5517
f 5429 5430 5518
f 5430 5519 5518
f 5430 5431 5519
f 5431 5520 5519
f 5431 5432 5520
f 5432 5521 5520
f 5432 5433 5521
f 5433 5434 5521
f 5521 5434 5522
f 5434 5435 5522
f 5522 5435 5523
f 5435 5436 5523
f 5523 5436 5524
f 5436 5437 5524
f 5524 5437 5525
f 5437 5438 5525
f 5525 5438 5526
f 5438 5439 5526
f 5526 5439 5527
f 5439 5440 5527
f 5527 5440 5528
f 5440 5441 5528
f 5528 5441 5529
f 5441 5442 5529
f 5529 5442 5530
f 5442 5443 5530
f 5530 5443 5531
f 5443 5444 5531
f 5531 5444 5532
f 5444 5445 5532
f 5532 5445 5533
f 5445 5446 5533
f 5533 5446 5534
f 5446 5447 5534
f 5534 5447 5535
f 5447 5448 5535
f 5535 5448 5536
f 5448 5449 5536
f 5536 5449 5537
f 5449 5450 5537
f 5537 5450 5538
f 5450 5451 5538
f 5538 5451 5539
f 5451 5452 5539
f 5539 5452 5540
f 5452 5453 5540
f 5540 5453 5541
f 5453 5454 5541
f 5541 5454 5542
f 5454 5455 5542
f 5542 5455 5543
f 5455 5280 5543
f 5280 5456 5544
f 5456 5545 5544
f 5456 5457 5545
f 5457 5546 5545
f 5457 5458 5546
f 5458 5547 5546
f 5458 5459 5547
f 5459 5548 5547
f 5459 5460 5548
f 5460 5549 5548
f 5460 5461 5549
f 5461 5550 5549
f 5461 5462 5550
f 5462 5551 5550
f 5462 5463 5551
f 5463 5552 5551
f 5463 5464 5552
f 5464 5553 5552
f 5464 5465 5553
f 5465 5554 5553
f 5465 5466 5554
f 5466 5555 5554
f 5466 5467 5555
f 5467 5556 5555
f 5467 5468 5556
f 5468 5557 5556
f 5468 5469 5557
f 5469 5558 5557
f 5469 5470 5558
f 5470 5559 5558
f 5470 5471 5559
f 5471 5560 5559
f 5471 5472 5560
f 5472 5561 5560
f 5472 5473 5561
f 5473 5562 5561
f 5473 5474 5562
f 5474 5563 5562
f 5474 5475 5563
f 5475 5564 5563
f 5475 5476 5564
f 5476 5565 5564
f 5476 5477 5565
f 5477 5566 5565
f 5477 5478 5566
f 5478 5479 5566
f 5566 5479 5567
f 5479 5480 5567
f 5567 5480 5568
f 5480 5481 5568
f 5568 5481 5569
f 5481 5482 5569
f 5569 5482 5570
f 5482 5483 5570
f 5570 5483 5571
f 5483 5484 5571
f 5571 5484 5572
f 5484 5485 5572
f 5572 5485 5573
f 5485 5486 5573
f 5573 5486 5574
f 5486 5487 5574
f 5574 5487 5575
f 5487 5488 5575
f 5575 5488 5576
f 5488 5489 5576
f 5576 5489 5577
f 5489 5490 5577
f 5577 5490 5578
f 5490 5491 5578
f 5578 5491 5579
f 5491 5492 5579
f 5579 5492 5580
f 5492 5493 5580
f 5580 5493 5581
f 5493 5494 5581
f 5581 5494 5582
f 5494 5495 5582
f 5582 5495 5583
f 5495 5496 5583
f 5583 5496 5584
f 5496 5497 5584
f 5584 5497 5585
f 5497 5498 5585
f 5585 5498 5586
f 5498 5499 5586
f 5586 5499 5674
f 5499 5500 5674
f 5674 5500 5848
f 5500 5191 5848
f 5587 5501 5588
f 5501 5589 5588
f 5501 5502 5589
f 5502 5590 5589
f 5502 5503 5590
f 5503 5591 5590
f 5503 5504 5591
f 5504 5592 5591
f 5504 5505 5592
f 5505 5593 5592
f 5505 5506 5593
f 5506 5594 5593
f 5506 5507 5594
f 5507 5595 5594
f 5507 5508 5595
f 5508 5596 5595
f 5508 5509 5596
f 5509 5597 5596
f 5509 5510 5597
f 5510 5598 5597
f 5510 5511 5598
f 5511 5599 5598
f 5511 5512 5599
f 5512 5600 5599
f 5512 5513 5600
f 5513 5601 5600
f 5513 5514 5601
f 5514 5602 5601
f 5514 5515 5602
f 5515 5603 5602
f 5515 5516 5603
f 5516 5604 5603
f 5516 5517 5604
f 5517 5605 5604
f 5517 5518 5605
f 5518 5606 5605
f 5518 5519 5606
f 5519 5607 5606
f 5519 5520 5607
f 5520 5608 5607
f 5520 5521 5608
f 5521 5522 5608
f 5608 5522 5609
f 5522 5523 5609
f 5609 5523 5610
f 5523 5524 5610
f 5610 5524 5611
f 5524 5525 5611
f 5611 5525 5612
f 5525 5526 5612
f 5612 5526 5613
f 5526 5527 5613
f 5613 5527 5614
f 5527 5528 5614
f 5614 5528 5615
f 5528 5529 5615
f 5615 5529 5616
f 5529 5530 5616
f 5616 5530 5617
f 5530 5531 5617
f 5617 5531 5618
f 5531 5532 5618
f 5618 5532 5619
f 5532 5533 5619
f 5619 5533 5620
f 5533 5534 5620
f 5620 5534 5621
f 5534 5535 5621
f 5621 5535 5622
f 5535 5536 5622
f 5622 5536 5623
f 5536 5537 5623
f 5623 5537 5624
f 5537 5538 5624
f 5624 5538 5625
f 5538 5539 5625
f 5625 5539 5626
f 5539 5540 5626
f 5626 5540 5627
f 5540 5541 5627
f 5627 5541 5628
f 5541 5542 5628
f 5628 5542 5629
f 5542 5543 5629
f 5629 5543 5630
f 5543 5280 5630
f 5280 5544 5631
f 5544 5632 5631
f 5544 5545 5632
f 5545 5633 5632
f 5545 5546 5633
f 5546 5634 5633
f 5546 5547 5634
f 5547 5635 5634
f 5547 5548 5635
f 5548 5636 5635
f 5548 5549 5636
f 5549 5637 5636
f 5549 5550 5637
f 5550 5638 5637
f 5550 5551 5638
f 5551 5639 5638
f 5551 5552 5639
f 5552 5640 5639
f 5552 5553 5640
f 5553 5641 5640
f 5553 5554 5641
f 5554 5642 5641
f 5554 5555 5642
f 5555 5643 5642
f 5555 5556 5643
f 5556 5644 5643
f 5556 5557 5644
f 5557 5645 5644
f 5557 5558 5645
f 5558 5646 5645
f 5558 5559 5646
f 5559 5647 5646
f 5559 5560 5647
f 5560 5648 5647
f 5560 5561 5648
f 5561 5649 5648
f 5561 5562 5649
f 5562 5650 5649
f 5562 5563 5650
f 5563 5651 5650
f 5563 5564 5651
f 5564 5652 5651
f 5564 5565 5652
f 5565 5653 5652
f 5565 5566 5653
f 5566 5567 5653
f 5653 5567 5654
f 5567 5568 5654
f 5654 5568 5655
f 5568 5569 5655
f 5655 5569 5656
f 5569 5570 5656
f 5656 5570 5657
f 5570 5571 5657
f 5657 5571 5658
f 5571 5572 5658
f 5658 5572 5659
f 5572 5573 5659
f 5659 5573 5660
f 5573 5574 5660
f 5660 5574 5661
f 5574 5575 5661
f 5661 5575 5662
f 5575 5576 5662
f 5662 5576 5663
f 5576 5577 5663
f 5663 5577 5664
f 5577 5578 5664
f 5664 5578 5665
f 5578 5579 5665
f 5665 5579 5666
f 5579 5580 5666
f 5666 5580 5667
f 5580 5581 5667
f 5667 5581 5668
f 5581 5582 5668
f 5668 5582 5669
f 5582 5583 5669
f 5669 5583 5670
f 5583 5584 5670
f 5670 5584 5671
f 5584 5585 5671
f 5671 5585 5672
f 5585 5586 5672
f 5672 5586 5673
f 5586 5674 5673
f 5759 5587 5760
f 5587 5761 5760
f 5587 5588 5761
f 5588 5675 5761
f 5588 5589 5675
f 5589 5676 5675
f 5589 5590 5676
f 5590 5677 5676
f 5590 5591 5677
f 5591 5678 5677
f 5591 5592 5678
f 5592 5679 5678
f 5592 5593 5679
f 5593 5680 5679
f 5593 5594 5680
f 5594 5681 5680
f 5594 5595 5681
f 5595 5682 5681
f 5595 5596 5682
f 5596 5683 5682
f 5596 5597 5683
f 5597 5684 5683
f 5597 5598 5684
f 5598 5685 5684
f 5598 5599 5685
f 5599 5686 5685
f 5599 5600 5686
f 5600 5687 5686
f 5600 5601 5687
f 5601 5688 5687
f 5601 5602 5688
f 5602 5689 5688
f 5602 5603 5689
f 5603 5690 5689
f 5603 5604 5690
f 5604 5691 5690
f 5604 5605 5691
f 5605 5692 5691
f 5605 5606 5692
f 5606 5693 5692
f 5606 5607 5693
f 5607 5694 5693
f 5607 5608 5694
f 5608 5609 5694
f 5694 5609 5695
f 5609 5610 5695
f 5695 5610 5696
f 5610 5611 5696
f 5696 5611 5697
f 5611 5612 5697
f 5697 5612 5698
f 5612 5613 5698
f 5698 5613 5699
f 5613 5614 5699
f 5699 5614 5700
f 5614 5615 5700
f 5700 5615 5701
f 5615 5616 5701
f 5701 5616 5702
f 5616 5617 5702
f 5702 5617 5703
f 5617 5618 5703
f 5703 5618 5704
f 5618 5619 5704
f 5704 5619 5705
f 5619 5620 5705
f 5705 5620 5706
f 5620 5621 5706
f 5706 5621 5707
f 5621 5622 5707
f 5707 5622 5708
f 5622 5623 5708
f 5708 5623 5709
f 5623 5624 5709
f 5709 5624 5710
f 5624 5625 5710
f 5710 5625 5711
f 5625 5626 5711
f 5711 5626 5712
f 5626 5627 5712
f 5712 5627 5713
f 5627 5628 5713
f 5713 5628 5714
f 5628 5629 5714
f 5714 5629 5715
f 5629 5630 5715
f 5715 5630 5716
f 5630 5280 5716
f 5280 5631 5717
f 5631 5718 5717
f 5631 5632 5718
f 5632 5719 5718
f 5632 5633 5719
f 5633 5720 5719
f 5633 5634 5720
f 5634 5721 5720
f 5634 5635 5721
f 5635 5722 5721
f 5635 5636 5722
f 5636 5723 5722
f 5636 5637 5723
f 5637 5724 5723
f 5637 5638 5724
f 5638 5725 5724
f 5638 5639 5725
f 5639 5726 5725
f 5639 5640 5726
f 5640 5727 5726
f 5640 5641 5727
f 5641 5728 5727
f 5641 5642 5728
f 5642 5729 5728
f 5642 5643 5729
f 5643 5730 5729
f 5643 5644 5730
f 5644 5731 5730
f 5644 5645 5731
f 5645 5732 5731
f 5645 5646 5732
f 5646 5733 5732
f 5646 5647 5733
f 5647 5734 5733
f 5647 5648 5734
f 5648 5735 5734
f 5648 5649 5735
f 5649 5736 5735
f 5649 5650 5736
f 5650 5737 5736
f 5650 5651 5737
f 5651 5738 5737
f 5651 5652 5738
f 5652 5739 5738
f 5652 5653 5739
f 5653 5654 5739
f 5739 5654 5740
f 5654 5655 5740
f 5740 5655 5741
f 5655 5656 5741
f 5741 5656 5742
f 5656 5657 5742
f 5742 5657 5743
f 5657 5658 5743
f 5743 5658 5744
f 5658 5659 5744
f 5744 5659 5745
f 5659 5660 5745
f 5745 5660 5746
f 5660 5661 5746
f 5746 5661 5747
f 5661 5662 5747
f 5747 5662 5748
f 5662 5663 5748
f 5748 5663 5749
f 5663 5664 5749
f 5749 5664 5750
f 5664 5665 5750
f 5750 5665 5751
f 5665 5666 5751
f 5751 5666 5752
f 5666 5667 5752
f 5752 5667 5753
f 5667 5668 5753
f 5753 5668 5754
f 5668 5669 5754
f 5754 5669 5755
f 5669 5670 5755
f 5755 5670 5756
f 5670 5671 5756
f 5756 5671 5757
f 5671 5672 5757
f 5757 5672 5758
f 5672 5673 5758
f 5758 5673 5846
f 5673 5674 5846
f 5846 5674 5847
f 5674 5848 5847
f 5761 5675 5762
f 5675 5763 5762
f 5675 5676 5763
f 5676 5764 5763
f 5676 5677 5764
f 5677 5765 5764
f 5677 5678 5765
f 5678 5766 5765
f 5678 5679 5766
f 5679 5767 5766
f 5679 5680 5767
f 5680 5768 5767
f 5680 5681 5768
f 5681 5769 5768
f 5681 5682 5769
f 5682 5770 5769
f 5682 5683 5770
f 5683 5771 5770
f 5683 5684 5771
f 5684 5772 5771
f 5684 5685 5772
f 5685 5773 5772
f 5685 5686 5773
f 5686 5774 5773
f 5686 5687 5774
f 5687 5775 5774
f 5687 5688 5775
f 5688 5776 5775
f 5688 5689 5776
f 5689 5777 5776
f 5689 5690 5777
f 5690 5778 5777
f 5690 5691 5778
f 5691 5779 5778
f 5691 5692 5779
f 5692 5780 5779
f 5692 5693 5780
f 5693 5781 5780
f 5693 5694 5781
f 5694 5695 5781
f 5781 5695 5782
f 5695 5696 5782
f 5782 5696 5783
f 5696 5697 5783
f 5783 5697 5784
f 5697 5698 5784
f 5784 5698 5785
f 5698 5699 5785
f 5785 5699 5786
f 5699 5700 5786
f 5786 5700 5787
f 5700 5701 5787
f 5787 5701 5788
f 5701 5702 5788
f 5788 5702 5789
f 5702 5703 5789
f 5789 5703 5790
f 5703 5704 5790
f 5790 5704 5791
f 5704 5705 5791
f 5791 5705 5792
f 5705 5706 5792
f 5792 5706 5793
f 5706 5707 5793
f 5793 5707 5794
f 5707 5708 5794
f 5794 5708 5795
f 5708 5709 5795
f 5795 5709 5796
f 5709 5710 5796
f 5796 5710 5797
f 5710 5711 5797
f 5797 5711 5798
f 5711 5712 5798
f 5798 5712 5799
f 5712 5713 5799
f 5799 5713 5800
f 5713 5714 5800
f 5800 5714 5801
f 5714 5715 5801
f 5801 5715 5802
f 5715 5716 5802
f 5802 5716 5803
f 5716 5280 5803
f 5280 5717 5804
f 5717 5805 5804
f 5717 5718 5805
f 5718 5806 5805
f 5718 5719 5806
f 5719 5807 5806
f 5719 5720 5807
f 5720 5808 5807
f 5720 5721 5808
f 5721 5809 5808
f 5721 5722 5809
f 5722 5810 5809
f 5722 5723 5810
f 5723 5811 5810
f 5723 5724 5811
f 5724 5812 5811
f 5724 5725 5812
f 5725 5813 5812
f 5725 5726 5813
f 5726 5814 5813
f 5726 5727 5814
f 5727 5815 5814
f 5727 5728 5815
f 5728 5816 5815
f 5728 5729 5816
f 5729 5817 5816
f 5729 5730 5817
f 5730 5818 5817
f 5730 5731 5818
f 5731 5819 5818
f 5731 5732 5819
f 5732 5820 5819
f 5732 5733 5820
f 5733 5821 5820
f 5733 5734 5821
f 5734 5822 5821
f 5734 5735 5822
f 5735 5823 5822
f 5735 5736 5823
f 5736 5824 5823
f 5736 5737 5824
f 5737 5825 5824
f 5737 5738 5825
f 5738 5826 5825
f 5738 5739 5826
f 5739 5740 5826
f 5826 5740 5827
f 5740 5741 5827
f 5827 5741 5828
f 5741 5742 5828
f 5828 5742 5829
f 5742 5743 5829
f 5829 5743 5830
f 5743 5744 5830
f 5830 5744 5831
f 5744 5745 5831
f 5831 5745 5832
f 5745 5746 5832
f 5832 5746 5833
f 5746 5747 5833
f 5833 5747 5834
f 5747 5748 5834
f 5834 5748 5835
f 5748 5749 5835
f 5835 5749 5836
f 5749 5750 5836
f 5836 5750 5837
f 5750 5751 5837
f 5837 5751 5838
f 5751 5752 5838
f 5838 5752 5839
f 5752 5753 5839
f 5839 5753 5840
f 5753 5754 5840
f 5840 5754 5841
f 5754 5755 5841
f 5841 5755 5842
f 5755 5756 5842
f 5842 5756 5843
f 5756 5757 5843
f 5843 5757 5844
f 5757 5758 5844
f 5844 5758 5845
f 5758 5846 5845
f 5191 5849 5850
f 5191 5759 5849
f 5759 5851 5849
f 5759 5760 5851
f 5760 5852 5851
f 5760 5761 5852
f 5761 5853 5852
f 5761 5762 5853
f 5762 5854 5853
f 5762 5763 5854
f 5763 5855 5854
f 5763 5764 5855
f 5764 5856 5855
f 5764 5765 5856
f 5765 5857 5856
f 5765 5766 5857
f 5766 5858 5857
f 5766 5767 5858
f 5767 5859 5858
f 5767 5768 5859
f 5768 5860 5859
f 5768 5769 5860
f 5769 5861 5860
f 5769 5770 5861
f 5770 5862 5861
f 5770 5771 5862
f 5771 5863 5862
f 5771 5772 5863
f 5772 5864 5863
f 5772 5773 5864
f 5773 5865 5864
f 5773 5774 5865
f 5774 5866 5865
f 5774 5775 5866
f 5775 5867 5866
f 5775 5776 5867
f 5776 5868 5867
f 5776 5777 5868
f 5777 5869 5868
f 5777 5778 5869
f 5778 5870 5869
f 5778 5779 5870
f 5779 5871 5870
f 5779 5780 5871
f 5780 5872 5871
f 5780 5781 5872
f 5781 5782 5872
f 5872 5782 5873
f 5782 5783 5873
f 5873 5783 5874
f 5783 5784 5874
f 5874 5784 5875
f 5784 5785 5875
f 5875 5785 5876
f 5785 5786 5876
f 5876 5786 5877
f 5786 5787 5877
f 5877 5787 5878
f 5787 5788 5878
f 5878 5788 5879
f 5788 5789 5879
f 5879 5789 5880
f 5789 5790 5880
f 5880 5790 5881
f 5790 5791 5881
f 5881 5791 5882
f 5791 5792 5882
f 5882 5792 5883
f 5792 5793 5883
f 5883 5793 5884
f 5793 5794 5884
f 5884 5794 5885
f 5794 5795 5885
f 5885 5795 5886
f 5795 5796 5886
f 5886 5796 5887
f 5796 5797 5887
f 5887 5797 5888
f 5797 5798 5888
f 5888 5798 5889
f 5798 5799 5889
f 5889 5799 5890
f 5799 5800 5890
f 5890 5800 5891
f 5800 5801 5891
f 5891 5801 5892
f 5801 5802 5892
f 5892 5802 5893
f 5802 5803 5893
f 5893 5803 5894
f 5803 5280 5894
f 5894 5280 5895
f 5280 5896 5895
f 5280 5804 5896
f 5804 5897 5896
f 5804 5805 5897
f 5805 5898 5897
f 5805 5806 5898
f 5806 5899 5898
f 5806 5807 5899
f 5807 5900 5899
f 5807 5808 5900
f 5808 5901 5900
f 5808 5809 5901
f 5809 5902 5901
f 5809 5810 5902
f 5810 5903 5902
f 5810 5811 5903
f 5811 5904 5903
f 5811 5812 5904
f 5812 5905 5904
f 5812 5813 5905
f 5813 5906 5905
f 5813 5814 5906
f 5814 5907 5906
f 5814 5815 5907
f 5815 5908 5907
f 5815 5816 5908
f 5816 5909 5908
f 5816 5817 5909
f 5817 5910 5909
f 5817 5818 5910
f 5818 5911 5910
f 5818 5819 5911
f 5819 5912 5911
f 5819 5820 5912
f 5820 5913 5912
f 5820 5821 5913
f 5821 5914 5913
f 5821 5822 5914
f 5822 5915 5914
f 5822 5823 5915
f 5823 5916 5915
f 5823 5824 5916
f 5824 5917 5916
f 5824 5825 5917
f 5825 5918 5917
f 5825 5826 5918
f 5826 5827 5918
f 5918 5827 5919
f 5827 5828 5919
f 5919 5828 5920
f 5828 5829 5920
f 5920 5829 5921
f 5829 5830 5921
f 5921 5830 5922
f 5830 5831 5922
f 5922 5831 5923
f 5831 5832 5923
f 5923 5832 5924
f 5832 5833 5924
f 5924 5833 5925
f 5833 5834 5925
f 5925 5834 5926
f 5834 5835 5926
f 5926 5835 5927
f 5835 5836 5927
f 5927 5836 5928
f 5836 5837 5928
f 5928 5837 5929
f 5837 5838 5929
f 5929 5838 5930
f 5838 5839 5930
f 5930 5839 5931
f 5839 5840 5931
f 5931 5840 5932
f 5840 5841 5932
f 5932 5841 5933
f 5841 5842 5933
f 5933 5842 5934
f 5842 5843 5934
f 5934 5843 5935
f 5843 5844 5935
f 5935 5844 5936
f 5844 5845 5936
f 5936 5845 5937
f 5845 5846 5937
f 5937 5846 5938
f 5846 5847 5938
f 5938 5847 5939
f 5847 5848 5939
f 5939 5848 5940
f 5848 5191 5940
f 5940 5191 5850
f 5850 5941 5942
f 5850 5849 5941
f 5849 5943 5941
f 5849 5851 5943
f 5851 5944 5943
f 5851 5852 5944
f 5852 5945 5944
f 5852 5853 5945
f 5853 5946 5945
f 5853 5854 5946
f 5854 5947 5946
f 5854 5855 5947
f 5855 5948 5947
f 5855 5856 5948
f 5856 5949 5948
f 5856 5857 5949
f 5857 5950 5949
f 5857 5858 5950
f 5858 5951 5950
f 5858 5859 5951
f 5859 5952 5951
f 5859 5860 5952
f 5860 5953 5952
f 5860 5861 5953
f 5861 5954 5953
f 5861 5862 5954
f 5862 5955 5954
f 5862 5863 5955
f 5863 5956 5955
f 5863 5864 5956
f 5864 5957 5956
f 5864 5865 5957
f 5865 5958 5957
f 5865 5866 5958
f 5866 5959 5958
f 5866 5867 5959
f 5867 5960 5959
f 5867 5868 5960
f 5868 5961 5960
f 5868 5869 5961
f 5869 5962 5961
f 5869 5870 5962
f 5870 5963 5962
f 5870 5871 5963
f 5871 5964 5963
f 5871 5872 5964
f 5872 5873 5964
f 5964 5873 5965
f 5873 5874 5965
f 5965 5874 5966
f 5874 5875 5966
f 5966 5875 5967
f 5875 5876 5967
f 5967 5876 5968
f 5876 5877 5968
f 5968 5877 5969
f 5877 5878 5969
f 5969 5878 5970
f 5878 5879 5970
f 5970 5879 5971
f 5879 5880 5971
f 5971 5880 5972
f 5880 5881 5972
f 5972 5881 5973
f 5881 5882 5973
f 5973 5882 5974
f 5882 5883 5974
f 5974 5883 5975
f 5883 5884 5975
f 5975 5884 5976
f 5884 5885 5976
f 5976 5885 5977
f 5885 5886 5977
f 5977 5886 5978
f 5886 5887 5978
f 5978 5887 5979
f 5887 5888 5979
f 5979 5888 5980
f 5888 5889 5980
f 5980 5889 5981
f 5889 5890 5981
f 5981 5890 5982
f 5890 5891 5982
f 5982 5891 5983
f 5891 5892 5983
f 5983 5892 5984
f 5892 5893 5984
f 5984 5893 5985
f 5893 5894 5985
f 5985 5894 5986
f 5894 5895 5986
f 5986 5895 5987
f 5895 5988 5987
f 5895 5896 5988
f 5896 5989 5988
f 5896 5897 5989
f 5897 5990 5989
f 5897 5898 5990
f 5898 5991 5990
f 5898 5899 5991
f 5899 5992 5991
f 5899 5900 5992
f 5900 5993 5992
f 5900 5901 5993
f 5901 5994 5993
f 5901 5902 5994
f 5902 5995 5994
f 5902 5903 5995
f 5903 5996 5995
f 5903 5904 5996
f 5904 5997 5996
f 5904 5905 5997
f 5905 5998 5997
f 5905 5906 5998
f 5906 5999 5998
f 5906 5907 5999
f 5907 6000 5999
f 5907 5908 6000
f 5908 6001 6000
f 5908 5909 6001
f 5909 6002 6001
f 5909 5910 6002
f 5910 6003 6002
f 5910 5911 6003
f 5911 6004 6003
f 5911 5912 6004
f 5912 6005 6004
f 5912 5913 6005
f 5913 6006 6005
f 5913 5914 6006
f 5914 6007 6006
f 5914 5915 6007
f 5915 6008 6007
f 5915 5916 6008
f 5916 6009 6008
f 5916 5917 6009
f 5917 6010 6009
f 5917 5918 6010
f 5918 5919 6010
f 6010 5919 6011
f 5919 5920 6011
f 6011 5920 6012
f 5920 5921 6012
f 6012 5921 6013
f 5921 5922 6013
f 6013 5922 6014
f 5922 5923 6014
f 6014 5923 6015
f 5923 5924 6015
f 6015 5924 6016
f 5924 5925 6016
f 6016 5925 6017
f 5925 5926 6017
f 6017 5926 6018
f 5926 5927 6018
f 6018 5927 6019
f 5927 5928 6019
f 6019 5928 6020
f 5928 5929 6020
f 6020 5929 6021
f 5929 5930 6021
f 6021 5930 6022
f 5930 5931 6022
f 6022 5931 6023
f 5931 5932 6023
f 6023 5932 6024
f 5932 5933 6024
f 6024 5933 6025
f 5933 5934 6025
f 6025 5934 6026
f 5934 5935 6026
f 6026 5935 6027
f 5935 5936 6027
f 6027 5936 6028
f 5936 5937 6028
f 6028 5937 6029
f 5937 5938 6029
f 6029 5938 6030
f 5938 5939 6030
f 6030 5939 6031
f 5939 5940 6031
f 6031 5940 6032
f 5940 5850 6032
f 6032 5850 5942
f 5942 6033 6034
f 5942 5941 6033
f 5941 6035 6033
f 5941 5943 6035
f 5943 6036 6035
f 5943 5944 6036
f 5944 6037 6036
f 5944 5945 6037
f 5945 6038 6037
f 5945 5946 6038
f 5946 6039 6038
f 5946 5947 6039
f 5947 6040 6039
f 5947 5948 6040
f 5948 6041 6040
f 5948 5949 6041
f 5949 6042 6041
f 5949 5950 6042
f 5950 6043 6042
f 5950 5951 6043
f 5951 6044 6043
f 5951 5952 6044
f 5952 6045 6044
f 5952 5953 6045
f 5953 6046 6045
f 5953 5954 6046
f 5954 6047 6046
f 5954 5955 6047
f 5955 6048 6047
f 5955 5956 6048
f 5956 6049 6048
f 5956 5957 6049
f 5957 6050 6049
f 5957 5958 6050
f 5958 6051 6050
f 5958 5959 6051
f 5959 6052 6051
f 5959 5960 6052
f 5960 6053 6052
f 5960 5961 6053
f 5961 6054 6053
f 5961 5962 6054
f 5962 6055 6054
f 5962 5963 6055
f 5963 6056 6055
f 5963 5964 6056
f 5964 5965 6056
f 6056 5965 6057
f 5965 5966 6057
f 6057 5966 6058
f 5966 5967 6058
f 6058 5967 6059
f 5967 5968 6059
f 6059 5968 6060
f 5968 5969 6060
f 6060 5969 6061
f 5969 5970 6061
f 6061 5970 6062
f 5970 5971 6062
f 6062 5971 6063
f 5971 5972 6063
f 6063 5972 6064
f 5972 5973 6064
f 6064 5973 6065
f 5973 5974 6065
f 6065 5974 6066
f 5974 5975 6066
f 6066 5975 6067
f 5975 5976 6067
f 6067 5976 6068
f 5976 5977 6068
f 6068 5977 6069
f 5977 5978 6069
f 6069 5978 6070
f 5978 5979 6070
f 6070 5979 6071
f 5979 5980 6071
f 6071 5980 6072
f 5980 5981 6072
f 6072 5981 6073
f 5981 5982 6073
f 6073 5982 6074
f 5982 5983 6074
f 6074 5983 6075
f 5983 5984 6075
f 6075 5984 6076
f 5984 5985 6076
f 6076 5985 6077
f 5985 5986 6077
f 6077 5986 6078
f 5986 5987 6078
f 6078 5987 6079
f 5987 6080 6079
f 5987 5988 6080
f 5988 6081 6080
f 5988 5989 6081
f 5989 6082 6081
f 5989 5990 6082
f 5990 6083 6082
f 5990 5991 6083
f 5991 6084 6083
f 5991 5992 6084
f 5992 6085 6084
f 5992 5993 6085
f 5993 6086 6085
f 5993 5994 6086
f 5994 6087 6086
f 5994 5995 6087
f 5995 6088 6087
f 5995 5996 6088
f 5996 6089 6088
f 5996 5997 6089
f 5997 6090 6089
f 5997 5998 6090
f 5998 6091 6090
f 5998 5999 6091
f 5999 6092 6091
f 5999 6000 6092
f 6000 6093 6092
f 6000 6001 6093
f 6001 6094 6093
f 6001 6002 6094
f 6002 6095 6094
f 6002 6003 6095
f 6003 6096 6095
f 6003 6004 6096
f 6004 6097 6096
f 6004 6005 6097
f 6005 6098 6097
f 6005 6006 6098
f 6006 6099 6098
f 6006 6007 6099
f 6007 6100 6099
f 6007 6008 6100
f 6008 6101 6100
f 6008 6009 6101
f 6009 6102 6101
f 6009 6010 6102
f 6010 6011 6102
f 6102 6011 6103
f 6011 6012 6103
f 6103 6012 6104
f 6012 6013 6104
f 6104 6013 6105
f 6013 6014 6105
f 6105 6014 6106
f 6014 6015 6106
f 6106 6015 6107
f 6015 6016 6107
f 6107 6016 6108
f 6016 6017 6108
f 6108 6017 6109
f 6017 6018 6109
f 6109 6018 6110
f 6018 6019 6110
f 6110 6019 6111
f 6019 6020 6111
f 6111 6020 6112
f 6020 6021 6112
f 6112 6021 6113
f 6021 6022 6113
f 6113 6022 6114
f 6022 6023 6114
f 6114 6023 6115
f 6023 6024 6115
f 6115 6024 6116
f 6024 6025 6116
f 6116 6025 6117
f 6025 6026 6117
f 6117 6026 6118
f 6026 6027 6118
f 6118 6027 6119
f 6027 6028 6119
f 6119 6028 6120
f 6028 6029 6120
f 6120 6029 6121
f 6029 6030 6121
f 6121 6030 6122
f 6030 6031 6122
f 6122 6031 6123
f 6031 6032 6123
f 6123 6032 6124
f 6032 5942 6124
f 6124 5942 6034
f 6034 6125 6126
f 6034 6033 6125
f 6033 6127 6125
f 6033 6035 6127
f 6035 6128 6127
f 6035 6036 6128
f 6036 6129 6128
f 6036 6037 6129
f 6037 6130 6129
f 6037 6038 6130
f 6038 6131 6130
f 6038 6039 6131
f 6039 6132 6131
f 6039 6040 6132
f 6040 6133 6132
f 6040 6041 6133
f 6041 6134 6133
f 6041 6042 6134
f 6042 6135 6134
f 6042 6043 6135
f 6043 6136 6135
f 6043 6044 6136
f 6044 6137 6136
f 6044 6045 6137
f 6045 6138 6137
f 6045 6046 6138
f 6046 6139 6138
f 6046 6047 6139
f 6047 6140 6139
f 6047 6048 6140
f 6048 6141 6140
f 6048 6049 6141
f 6049 6142 6141
f 6049 6050 6142
f 6050 6143 6142
f 6050 6051 6143
f 6051 6144 6143
f 6051 6052 6144
f 6052 6145 6144
f 6052 6053 6145
f 6053 6146 6145
f 6053 6054 6146
f 6054 6147 6146
f 6054 6055 6147
f 6055 6148 6147
f 6055 6056 6148
f 6056 6057 6148
f 6148 6057 6149
f 6057 6058 6149
f 6149 6058 6150
f 6058 6059 6150
f 6150 6059 6151
f 6059 6060 6151
f 6151 6060 6152
f 6060 6061 6152
f 6152 6061 6153
f 6061 6062 6153
f 6153 6062 6154
f 6062 6063 6154
f 6154 6063 6155
f 6063 6064 6155
f 6155 6064 6156
f 6064 6065 6156
f 6156 6065 6157
f 6065 6066 6157
f 6157 6066 6158
f 6066 6067 6158
f 6158 6067 6159
f 6067 6068 6159
f 6159 6068 6160
f 6068 6069 6160
f 6160 6069 6161
f 6069 6070 6161
f 6161 6070 6162
f 6070 6071 6162
f 6162 6071 6163
f 6071 6072 6163
f 6163 6072 6164
f 6072 6073 6164
f 6164 6073 6165
f 6073 6074 6165
f 6165 6074 6166
f 6074 6075 6166
f 6166 6075 6167
f 6075 6076 6167
f 6167 6076 6168
f 6076 6077 6168
f 6168 6077 6169
f 6077 6078 6169
f 6169 6078 6170
f 6078 6079 6170
f 6170 6079 6171
f 6079 6172 6171
f 6079 6080 6172
f 6080 6173 6172
f 6080 6081 6173
f 6081 6174 6173
f 6081 6082 6174
f 6082 6175 6174
f 6082 6083 6175
f 6083 6176 6175
f 6083 6084 6176
f 6084 6177 6176
f 6084 6085 6177
f 6085 6178 6177
f 6085 6086 6178
f 6086 6179 6178
f 6086 6087 6179
f 6087 6180 6179
f 6087 6088 6180
f 6088 6181 6180
f 6088 6089 6181
f 6089 6182 6181
f 6089 6090 6182
f 6090 6183 6182
f 6090 6091 6183
f 6091 6184 6183
f 6091 6092 6184
f 6092 6185 6184
f 6092 6093 6185
f 6093 6186 6185
f 6093 6094 6186
f 6094 6187 6186
f 6094 6095 6187
f 6095 6188 6187
f 6095 6096 6188
f 6096 6189 6188
f 6096 6097 6189
f 6097 6190 6189
f 6097 6098 6190
f 6098 6191 6190
f 6098 6099 6191
f 6099 6192 6191
f 6099 6100 6192
f 6100 6193 6192
f 6100 6101 6193
f 6101 6194 6193
f 6101 6102 6194
f 6102 6103 6194
f 6194 6103 6195
f 6103 6104 6195
f 6195 6104 6196
f 6104 6105 6196
f 6196 6105 6197
f 6105 6106 6197
f 6197 6106 6198
f 6106 6107 6198
f 6198 6107 6199
f 6107 6108 6199
f 6199 6108 6200
f 6108 6109 6200
f 6200 6109 6201
f 6109 6110 6201
f 6201 6110 6202
f 6110 6111 6202
f 6202 6111 6203
f 6111 6112 6203
f 6203 6112 6204
f 6112 6113 6204
f 6204 6113 6205
f 6113 6114 6205
f 6205 6114 6206
f 6114 6115 6206
f 6206 6115 6207
f 6115 6116 6207
f 6207 6116 6208
f 6116 6117 6208
f 6208 6117 6209
f 6117 6118 6209
f 6209 6118 6210
f 6118 6119 6210
f 6210 6119 6211
f 6119 6120 6211
f 6211 6120 6212
f 6120 6121 6212
f 6212 6121 6213
f 6121 6122 6213
f 6213 6122 6214
f 6122 6123 6214
f 6214 6123 6215
f 6123 6124 6215
f 6215 6124 6216
f 6124 6034 6216
f 6216 6034 6126
f 6126 6217 6218
f 6126 6125 6217
f 6125 6219 6217
f 6125 6127 6219
f 6127 6220 6219
f 6127 6128 6220
f 6128 6221 6220
f 6128 6129 6221
f 6129 6222 6221
f 6129 6130 6222
f 6130 6223 6222
f 6130 6131 6223
f 6131 6224 6223
f 6131 6132 6224
f 6132 6225 6224
f 6132 6133 6225
f 6133 6226 6225
f 6133 6134 6226
f 6134 6227 6226
f 6134 6135 6227
f 6135 6228 6227
f 6135 6136 6228
f 6136 6229 6228
f 6136 6137 6229
f 6137 6230 6229
f 6137 6138 6230
f 6138 6231 6230
f 6138 6139 6231
f 6139 6232 6231
f 6139 6140 6232
f 6140 6233 6232
f 6140 6141 6233
f 6141 6234 6233
f 6141 6142 6234
f 6142 6235 6234
f 6142 6143 6235
f 6143 6236 6235
f 6143 6144 6236
f 6144 6237 6236
f 6144 6145 6237
f 6145 6238 6237
f 6145 6146 6238
f 6146 6239 6238
f 6146 6147 6239
f 6147 6240 6239
f 6147 6148 6240
f 6148 6149 6240
f 6240 6149 6241
f 6149 6150 6241
f 6241 6150 6242
f 6150 6151 6242
f 6242 6151 6243
f 6151 6152 6243
f 6243 6152 6244
f 6152 6153 6244
f 6244 6153 6245
f 6153 6154 6245
f 6245 6154 6246
f 6154 6155 6246
f 6246 6155 6247
f 6155 6156 6247
f 6247 6156 6248
f 6156 6157 6248
f 6248 6157 6249
f 6157 6158 6249
f 6249 6158 6250
f 6158 6159 6250
f 6250 6159 6251
f 6159 6160 6251
f 6251 6160 6252
f 6160 6161 6252
f 6252 6161 6253
f 6161 6162 6253
f 6253 6162 6254
f 6162 6163 6254
f 6254 6163 6255
f 6163 6164 6255
f 6255 6164 6256
f 6164 6165 6256
f 6256 6165 6257
f 6165 6166 6257
f 6257 6166 6258
f 6166 6167 6258
f 6258 6167 6259
f 6167 6168 6259
f 6259 6168 6260
f 6168 6169 6260
f 6260 6169 6261
f 6169 6170 6261
f 6261 6170 6262
f 6170 6171 6262
f 6262 6171 6263
f 6171 6264 6263
f 6171 6172 6264
f 6172 6265 6264
f 6172 6173 6265
f 6173 6266 6265
f 6173 6174 6266
f 6174 6267 6266
f 6174 6175 6267
f 6175 6268 6267
f 6175 6176 6268
f 6176 6269 6268
f 6176 6177 6269
f 6177 6270 6269
f 6177 6178 6270
f 6178 6271 6270
f 6178 6179 6271
f 6179 6272 6271
f 6179 6180 6272
f 6180 6273 6272
f 6180 6181 6273
f 6181 6274 6273
f 6181 6182 6274
f 6182 6275 6274
f 6182 6183 6275
f 6183 6276 6275
f 6183 6184 6276
f 6184 6277 6276
f 6184 6185 6277
f 6185 6278 6277
f 6185 6186 6278
f 6186 6279 6278
f 6186 6187 6279
f 6187 6280 6279
f 6187 6188 6280
f 6188 6281 6280
f 6188 6189 6281
f 6189 6282 6281
f 6189 6190 6282
f 6190 6283 6282
f 6190 6191 6283
f 6191 6284 6283
f 6191 6192 6284
f 6192 6285 6284
f 6192 6193 6285
f 6193 6286 6285
f 6193 6194 6286
f 6194 6195 6286
f 6286 6195 6287
f 6195 6196 6287
f 6287 6196 6288
f 6196 6197 6288
f 6288 6197 6289
f 6197 6198 6289
f 6289 6198 6290
f 6198 6199 6290
f 6290 6199 6291
f 6199 6200 6291
f 6291 6200 6292
f 6200 6201 6292
f 6292 6201 6293
f 6201 6202 6293
f 6293 6202 6294
f 6202 6203 6294
f 6294 6203 6295
f 6203 6204 6295
f 6295 6204 6296
f 6204 6205 6296
f 6296 6205 6297
f 6205 6206 6297
f 6297 6206 6298
f 6206 6207 6298
f 6298 6207 6299
f 6207 6208 6299
f 6299 6208 6300
f 6208 6209 6300
f 6300 6209 6301
f 6209 6210 6301
f 6301 6210 6302
f 6210 6211 6302
f 6302 6211 6303
f 6211 6212 6303
f 6303 6212 6304
f 6212 6213 6304
f 6304 6213 6305
f 6213 6214 6305
f 6305 6214 6306
f 6214 6215 6306
f 6306 6215 6307
f 6215 6216 6307
f 6307 6216 6308
f 6216 6126 6308
f 6308 6126 6218
f 6218 6217 6567
f 6217 6393 6567
f 6217 6219 6393
f 6219 6394 6393
f 6219 6220 6394
f 6220 6309 6394
f 6220 6221 6309
f 6221 6310 6309
f 6221 6222 6310
f 6222 6311 6310
f 6222 6223 6311
f 6223 6312 6311
f 6223 6224 6312
f 6224 6313 6312
f 6224 6225 6313
f 6225 6314 6313
f 6225 6226 6314
f 6226 6315 6314
f 6226 6227 6315
f 6227 6316 6315
f 6227 6228 6316
f 6228 6317 6316
f 6228 6229 6317
f 6229 6318 6317
f 6229 6230 6318
f 6230 6319 6318
f 6230 6231 6319
f 6231 6320 6319
f 6231 6232 6320
f 6232 6321 6320
f 6232 6233 6321
f 6233 6322 6321
f 6233 6234 6322
f 6234 6323 6322
f 6234 6235 6323
f 6235 6324 6323
f 6235 6236 6324
f 6236 6325 6324
f 6236 6237 6325
f 6237 6326 6325
f 6237 6238 6326
f 6238 6327 6326
f 6238 6239 6327
f 6239 6328 6327
f 6239 6240 6328
f 6240 6241 6328
f 6328 6241 6329
f 6241 6242 6329
f 6329 6242 6330
f 6242 6243 6330
f 6330 6243 6331
f 6243 6244 6331
f 6331 6244 6332
f 6244 6245 6332
f 6332 6245 6333
f 6245 6246 6333
f 6333 6246 6334
f 6246 6247 6334
f 6334 6247 6335
f 6247 6248 6335
f 6335 6248 6336
f 6248 6249 6336
f 6336 6249 6337
f 6249 6250 6337
f 6337 6250 6338
f 6250 6251 6338
f 6338 6251 6339
f 6251 6252 6339
f 6339 6252 6340
f 6252 6253 6340
f 6340 6253 6341
f 6253 6254 6341
f 6341 6254 6342
f 6254 6255 6342
f 6342 6255 6343
f 6255 6256 6343
f 6343 6256 6344
f 6256 6257 6344
f 6344 6257 6345
f 6257 6258 6345
f 6345 6258 6346
f 6258 6259 6346
f 6346 6259 6347
f 6259 6260 6347
f 6347 6260 6348
f 6260 6261 6348
f 6348 6261 6349
f 6261 6262 6349
f 6349 6262 6350
f 6262 6263 6350
f 6263 6264 6351
f 6264 6352 6351
f 6264 6265 6352
f 6265 6353 6352
f 6265 6266 6353
f 6266 6354 6353
f 6266 6267 6354
f 6267 6355 6354
f 6267 6268 6355
f 6268 6356 6355
f 6268 6269 6356
f 6269 6357 6356
f 6269 6270 6357
f 6270 6358 6357
f 6270 6271 6358
f 6271 6359 6358
f 6271 6272 6359
f 6272 6360 6359
f 6272 6273 6360
f 6273 6361 6360
f 6273 6274 6361
f 6274 6362 6361
f 6274 6275 6362
f 6275 6363 6362
f 6275 6276 6363
f 6276 6364 6363
f 6276 6277 6364
f 6277 6365 6364
f 6277 6278 6365
f 6278 6366 6365
f 6278 6279 6366
f 6279 6367 6366
f 6279 6280 6367
f 6280 6368 6367
f 6280 6281 6368
f 6281 6369 6368
f 6281 6282 6369
f 6282 6370 6369
f 6282 6283 6370
f 6283 6371 6370
f 6283 6284 6371
f 6284 6372 6371
f 6284 6285 6372
f 6285 6373 6372
f 6285 6286 6373
f 6286 6287 6373
f 6373 6287 6374
f 6287 6288 6374
f 6374 6288 6375
f 6288 6289 6375
f 6375 6289 6376
f 6289 6290 6376
f 6376 6290 6377
f 6290 6291 6377
f 6377 6291 6378
f 6291 6292 6378
f 6378 6292 6379
f 6292 6293 6379
f 6379 6293 6380
f 6293 6294 6380
f 6380 6294 6381
f 6294 6295 6381
f 6381 6295 6382
f 6295 6296 6382
f 6382 6296 6383
f 6296 6297 6383
f 6383 6297 6384
f 6297 6298 6384
f 6384 6298 6385
f 6298 6299 6385
f 6385 6299 6386
f 6299 6300 6386
f 6386 6300 6387
f 6300 6301 6387
f 6387 6301 6388
f 6301 6302 6388
f 6388 6302 6389
f 6302 6303 6389
f 6389 6303 6390
f 6303 6304 6390
f 6390 6304 6391
f 6304 6305 6391
f 6391 6305 6392
f 6305 6306 6392
f 6392 6306 6479
f 6306 6307 6479
f 6479 6307 6480
f 6307 6308 6480
f 6480 6308 6656
f 6308 6218 6656
f 6394 6309 6395
f 6309 6396 6395
f 6309 6310 6396
f 6310 6397 6396
f 6310 6311 6397
f 6311 6398 6397
f 6311 6312 6398
f 6312 6399 6398
f 6312 6313 6399
f 6313 6400 6399
f 6313 6314 6400
f 6314 6401 6400
f 6314 6315 6401
f 6315 6402 6401
f 6315 6316 6402
f 6316 6403 6402
f 6316 6317 6403
f 6317 6404 6403
f 6317 6318 6404
f 6318 6405 6404
f 6318 6319 6405
f 6319 6406 6405
f 6319 6320 6406
f 6320 6407 6406
f 6320 6321 6407
f 6321 6408 6407
f 6321 6322 6408
f 6322 6409 6408
f 6322 6323 6409
f 6323 6410 6409
f 6323 6324 6410
f 6324 6411 6410
f 6324 6325 6411
f 6325 6412 6411
f 6325 6326 6412
f 6326 6413 6412
f 6326 6327 6413
f 6327 6414 6413
f 6327 6328 6414
f 6328 6329 6414
f 6414 6329 6415
f 6329 6330 6415
f 6415 6330 6416
f 6330 6331 6416
f 6416 6331 6417
f 6331 6332 6417
f 6417 6332 6418
f 6332 6333 6418
f 6418 6333 6419
f 6333 6334 6419
f 6419 6334 6420
f 6334 6335 6420
f 6420 6335 6421
f 6335 6336 6421
f 6421 6336 6422
f 6336 6337 6422
f 6422 6337 6423
f 6337 6338 6423
f 6423 6338 6424
f 6338 6339 6424
f 6424 6339 6425
f 6339 6340 6425
f 6425 6340 6426
f 6340 6341 6426
f 6426 6341 6427
f 6341 6342 6427
f 6427 6342 6428
f 6342 6343 6428
f 6428 6343 6429
f 6343 6344 6429
f 6429 6344 6430
f 6344 6345 6430
f 6430 6345 6431
f 6345 6346 6431
f 6431 6346 6432
f 6346 6347 6432
f 6432 6347 6433
f 6347 6348 6433
f 6433 6348 6434
f 6348 6349 6434
f 6434 6349 6435
f 6349 6350 6435
f 6435 6350 6436
f 6350 6263 6436
f 6263 6351 6437
f 6351 6438 6437
f 6351 6352 6438
f 6352 6439 6438
f 6352 6353 6439
f 6353 6440 6439
f 6353 6354 6440
f 6354 6441 6440
f 6354 6355 6441
f 6355 6442 6441
f 6355 6356 6442
f 6356 6443 6442
f 6356 6357 6443
f 6357 6444 6443
f 6357 6358 6444
f 6358 6445 6444
f 6358 6359 6445
f 6359 6446 6445
f 6359 6360 6446
f 6360 6447 6446
f 6360 6361 6447
f 6361 6448 6447
f 6361 6362 6448
f 6362 6449 6448
f 6362 6363 6449
f 6363 6450 6449
f 6363 6364 6450
f 6364 6451 6450
f 6364 6365 6451
f 6365 6452 6451
f 6365 6366 6452
f 6366 6453 6452
f 6366 6367 6453
f 6367 6454 6453
f 6367 6368 6454
f 6368 6455 6454
f 6368 6369 6455
f 6369 6456 6455
f 6369 6370 6456
f 6370 6457 6456
f 6370 6371 6457
f 6371 6458 6457
f 6371 6372 6458
f 6372 6459 6458
f 6372 6373 6459
f 6373 6374 6459
f 6459 6374 6460
f 6374 6375 6460
f 6460 6375 6461
f 6375 6376 6461
f 6461 6376 6462
f 6376 6377 6462
f 6462 6377 6463
f 6377 6378 6463
f 6463 6378 6464
f 6378 6379 6464
f 6464 6379 6465
f 6379 6380 6465
f 6465 6380 6466
f 6380 6381 6466
f 6466 6381 6467
f 6381 6382 6467
f 6467 6382 6468
f 6382 6383 6468
f 6468 6383 6469
f 6383 6384 6469
f 6469 6384 6470
f 6384 6385 6470
f 6470 6385 6471
f 6385 6386 6471
f 6471 6386 6472
f 6386 6387 6472
f 6472 6387 6473
f 6387 6388 6473
f 6473 6388 6474
f 6388 6389 6474
f 6474 6389 6475
f 6389 6390 6475
f 6475 6390 6476
f 6390 6391 6476
f 6476 6391 6477
f 6391 6392 6477
f 6477 6392 6478
f 6392 6479 6478
f 6567 6393 6568
f 6393 6481 6568
f 6393 6394 6481
f 6394 6482 6481
f 6394 6395 6482
f 6395 6483 6482
f 6395 6396 6483
f 6396 6484 6483
f 6396 6397 6484
f 6397 6485 6484
f 6397 6398 6485
f 6398 6486 6485
f 6398 6399 6486
f 6399 6487 6486
f 6399 6400 6487
f 6400 6488 6487
f 6400 6401 6488
f 6401 6489 6488
f 6401 6402 6489
f 6402 6490 6489
f 6402 6403 6490
f 6403 6491 6490
f 6403 6404 6491
f 6404 6492 6491
f 6404 6405 6492
f 6405 6493 6492
f 6405 6406 6493
f 6406 6494 6493
f 6406 6407 6494
f 6407 6495 6494
f 6407 6408 6495
f 6408 6496 6495
f 6408 6409 6496
f 6409 6497 6496
f 6409 6410 6497
f 6410 6498 6497
f 6410 6411 6498
f 6411 6499 6498
f 6411 6412 6499
f 6412 6500 6499
f 6412 6413 6500
f 6413 6501 6500
f 6413 6414 6501
f 6414 6415 6501
f 6501 6415 6502
f 6415 6416 6502
f 6502 6416 6503
f 6416 6417 6503
f 6503 6417 6504
f 6417 6418 6504
f 6504 6418 6505
f 6418 6419 6505
f 6505 6419 6506
f 6419 6420 6506
f 6506 6420 6507
f 6420 6421 6507
f 6507 6421 6508
f 6421 6422 6508
f 6508 6422 6509
f 6422 6423 6509
f 6509 6423 6510
f 6423 6424 6510
f 6510 6424 6511
f 6424 6425 6511
f 6511 6425 6512
f 6425 6426 6512
f 6512 6426 6513
f 6426 6427 6513
f 6513 6427 6514
f 6427 6428 6514
f 6514 6428 6515
f 6428 6429 6515
f 6515 6429 6516
f 6429 6430 6516
f 6516 6430 6517
f 6430 6431 6517
f 6517 6431 6518
f 6431 6432 6518
f 6518 6432 6519
f 6432 6433 6519
f 6519 6433 6520
f 6433 6434 6520
f 6520 6434 6521
f 6434 6435 6521
f 6521 6435 6522
f 6435 6436 6522
f 6522 6436 6523
f 6436 6263 6523
f 6263 6437 6524
f 6437 6525 6524
f 6437 6438 6525
f 6438 6526 6525
f 6438 6439 6526
f 6439 6527 6526
f 6439 6440 6527
f 6440 6528 6527
f 6440 6441 6528
f 6441 6529 6528
f 6441 6442 6529
f 6442 6530 6529
f 6442 6443 6530
f 6443 6531 6530
f 6443 6444 6531
f 6444 6532 6531
f 6444 6445 6532
f 6445 6533 6532
f 6445 6446 6533
f 6446 6534 6533
f 6446 6447 6534
f 6447 6535 6534
f 6447 6448 6535
f 6448 6536 6535
f 6448 6449 6536
f 6449 6537 6536
f 6449 6450 6537
f 6450 6538 6537
f 6450 6451 6538
f 6451 6539 6538
f 6451 6452 6539
f 6452 6540 6539
f 6452 6453 6540
f 6453 6541 6540
f 6453 6454 6541
f 6454 6542 6541
f 6454 6455 6542
f 6455 6543 6542
f 6455 6456 6543
f 6456 6544 6543
f 6456 6457 6544
f 6457 6545 6544
f 6457 6458 6545
f 6458 6546 6545
f 6458 6459 6546
f 6459 6460 6546
f 6546 6460 6547
f 6460 6461 6547
f 6547 6461 6548
f 6461 6462 6548
f 6548 6462 6549
f 6462 6463 6549
f 6549 6463 6550
f 6463 6464 6550
f 6550 6464 6551
f 6464 6465 6551
f 6551 6465 6552
f 6465 6466 6552
f 6552 6466 6553
f 6466 6467 6553
f 6553 6467 6554
f 6467 6468 6554
f 6554 6468 6555
f 6468 6469 6555
f 6555 6469 6556
f 6469 6470 6556
f 6556 6470 6557
f 6470 6471 6557
f 6557 6471 6558
f 6471 6472 6558
f 6558 6472 6559
f 6472 6473 6559
f 6559 6473 6560
f 6473 6474 6560
f 6560 6474 6561
f 6474 6475 6561
f 6561 6475 6562
f 6475 6476 6562
f 6562 6476 6563
f 6476 6477 6563
f 6563 6477 6564
f 6477 6478 6564
f 6564 6478 6565
f 6478 6479 6565
f 6565 6479 6566
f 6479 6480 6566
f 6566 6480 6655
f 6480 6656 6655
f 6568 6481 6569
f 6481 6570 6569
f 6481 6482 6570
f 6482 6571 6570
f 6482 6483 6571
f 6483 6572 6571
f 6483 6484 6572
f 6484 6573 6572
f 6484 6485 6573
f 6485 6574 6573
f 6485 6486 6574
f 6486 6575 6574
f 6486 6487 6575
f 6487 6576 6575
f 6487 6488 6576
f 6488 6577 6576
f 6488 6489 6577
f 6489 6578 6577
f 6489 6490 6578
f 6490 6579 6578
f 6490 6491 6579
f 6491 6580 6579
f 6491 6492 6580
f 6492 6581 6580
f 6492 6493 6581
f 6493 6582 6581
f 6493 6494 6582
f 6494 6583 6582
f 6494 6495 6583
f 6495 6584 6583
f 6495 6496 6584
f 6496 6585 6584
f 6496 6497 6585
f 6497 6586 6585
f 6497 6498 6586
f 6498 6587 6586
f 6498 6499 6587
f 6499 6588 6587
f 6499 6500 6588
f 6500 6589 6588
f 6500 6501 6589
f 6501 6502 6589
f 6589 6502 6590
f 6502 6503 6590
f 6590 6503 6591
f 6503 6504 6591
f 6591 6504 6592
f 6504 6505 6592
f 6592 6505 6593
f 6505 6506 6593
f 6593 6506 6594
f 6506 6507 6594
f 6594 6507 6595
f 6507 6508 6595
f 6595 6508 6596
f 6508 6509 6596
f 6596 6509 6597
f 6509 6510 6597
f 6597 6510 6598
f 6510 6511 6598
f 6598 6511 6599
f 6511 6512 6599
f 6599 6512 6600
f 6512 6513 6600
f 6600 6513 6601
f 6513 6514 6601
f 6601 6514 6602
f 6514 6515 6602
f 6602 6515 6603
f 6515 6516 6603
f 6603 6516 6604
f 6516 6517 6604
f 6604 6517 6605
f 6517 6518 6605
f 6605 6518 6606
f 6518 6519 6606
f 6606 6519 6607
f 6519 6520 6607
f 6607 6520 6608
f 6520 6521 6608
f 6608 6521 6609
f 6521 6522 6609
f 6609 6522 6610
f 6522 6523 6610
f 6610 6523 6611
f 6523 6263 6611
f 6263 6524 6612
f 6524 6613 6612
f 6524 6525 6613
f 6525 6614 6613
f 6525 6526 6614
f 6526 6615 6614
f 6526 6527 6615
f 6527 6616 6615
f 6527 6528 6616
f 6528 6617 6616
f 6528 6529 6617
f 6529 6618 6617
f 6529 6530 6618
f 6530 6619 6618
f 6530 6531 6619
f 6531 6620 6619
f 6531 6532 6620
f 6532 6621 6620
f 6532 6533 6621
f 6533 6622 6621
f 6533 6534 6622
f 6534 6623 6622
f 6534 6535 6623
f 6535 6624 6623
f 6535 6536 6624
f 6536 6625 6624
f 6536 6537 6625
f 6537 6626 6625
f 6537 6538 6626
f 6538 6627 6626
f 6538 6539 6627
f 6539 6628 6627
f 6539 6540 6628
f 6540 6629 6628
f 6540 6541 6629
f 6541 6630 6629
f 6541 6542 6630
f 6542 6631 6630
f 6542 6543 6631
f 6543 6632 6631
f 6543 6544 6632
f 6544 6633 6632
f 6544 6545 6633
f 6545 6634 6633
f 6545 6546 6634
f 6546 6547 6634
f 6634 6547 6635
f 6547 6548 6635
f 6635 6548 6636
f 6548 6549 6636
f 6636 6549 6637
f 6549 6550 6637
f 6637 6550 6638
f 6550 6551 6638
f 6638 6551 6639
f 6551 6552 6639
f 6639 6552 6640
f 6552 6553 6640
f 6640 6553 6641
f 6553 6554 6641
f 6641 6554 6642
f 6554 6555 6642
f 6642 6555 6643
f 6555 6556 6643
f 6643 6556 6644
f 6556 6557 6644
f 6644 6557 6645
f 6557 6558 6645
f 6645 6558 6646
f 6558 6559 6646
f 6646 6559 6647
f 6559 6560 6647
f 6647 6560 6648
f 6560 6561 6648
f 6648 6561 6649
f 6561 6562 6649
f 6649 6562 6650
f 6562 6563 6650
f 6650 6563 6651
f 6563 6564 6651
f 6651 6564 6652
f 6564 6565 6652
f 6652 6565 6653
f 6565 6566 6653
f 6653 6566 6654
f 6566 6655 6654
f 6218 6567 6831
f 6567 6743 6831
f 6567 6568 6743
f 6568 6657 6743
f 6568 6569 6657
f 6569 6658 6657
f 6569 6570 6658
f 6570 6659 6658
f 6570 6571 6659
f 6571 6660 6659
f 6571 6572 6660
f 6572 6661 6660
f 6572 6573 6661
f 6573 6662 6661
f 6573 6574 6662
f 6574 6663 6662
f 6574 6575 6663
f 6575 6664 6663
f 6575 6576 6664
f 6576 6665 6664
f 6576 6577 6665
f 6577 6666 6665
f 6577 6578 6666
f 6578 6667 6666
f 6578 6579 6667
f 6579 6668 6667
f 6579 6580 6668
f 6580 6669 6668
f 6580 6581 6669
f 6581 6670 6669
f 6581 6582 6670
f 6582 6671 6670
f 6582 6583 6671
f 6583 6672 6671
f 6583 6584 6672
f 6584 6673 6672
f 6584 6585 6673
f 6585 6674 6673
f 6585 6586 6674
f 6586 6675 6674
f 6586 6587 6675
f 6587 6676 6675
f 6587 6588 6676
f 6588 6677 6676
f 6588 6589 6677
f 6589 6590 6677
f 6677 6590 6678
f 6590 6591 6678
f 6678 6591 6679
f 6591 6592 6679
f 6679 6592 6680
f 6592 6593 6680
f 6680 6593 6681
f 6593 6594 6681
f 6681 6594 6682
f 6594 6595 6682
f 6682 6595 6683
f 6595 6596 6683
f 6683 6596 6684
f 6596 6597 6684
f 6684 6597 6685
f 6597 6598 6685
f 6685 6598 6686
f 6598 6599 6686
f 6686 6599 6687
f 6599 6600 6687
f 6687 6600 6688
f 6600 6601 6688
f 6688 6601 6689
f 6601 6602 6689
f 6689 6602 6690
f 6602 6603 6690
f 6690 6603 6691
f 6603 6604 6691
f 6691 6604 6692
f 6604 6605 6692
f 6692 6605 6693
f 6605 6606 6693
f 6693 6606 6694
f 6606 6607 6694
f 6694 6607 6695
f 6607 6608 6695
f 6695 6608 6696
f 6608 6609 6696
f 6696 6609 6697
f 6609 6610 6697
f 6697 6610 6698
f 6610 6611 6698
f 6698 6611 6699
f 6611 6263 6699
f 6263 6612 6700
f 6612 6701 6700
f 6612 6613 6701
f 6613 6702 6701
f 6613 6614 6702
f 6614 6703 6702
f 6614 6615 6703
f 6615 6704 6703
f 6615 6616 6704
f 6616 6705 6704
f 6616 6617 6705
f 6617 6706 6705
f 6617 6618 6706
f 6618 6707 6706
f 6618 6619 6707
f 6619 6708 6707
f 6619 6620 6708
f 6620 6709 6708
f 6620 6621 6709
f 6621 6710 6709
f 6621 6622 6710
f 6622 6711 6710
f 6622 6623 6711
f 6623 6712 6711
f 6623 6624 6712
f 6624 6713 6712
f 6624 6625 6713
f 6625 6714 6713
f 6625 6626 6714
f 6626 6715 6714
f 6626 6627 6715
f 6627 6716 6715
f 6627 6628 6716
f 6628 6717 6716
f 6628 6629 6717
f 6629 6718 6717
f 6629 6630 6718
f 6630 6719 6718
f 6630 6631 6719
f 6631 6720 6719
f 6631 6632 6720
f 6632 6721 6720
f 6632 6633 6721
f 6633 6722 6721
f 6633 6634 6722
f 6634 6635 6722
f 6722 6635 6723
f 6635 6636 6723
f 6723 6636 6724
f 6636 6637 6724
f 6724 6637 6725
f 6637 6638 6725
f 6725 6638 6726
f 6638 6639 6726
f 6726 6639 6727
f 6639 6640 6727
f 6727 6640 6728
f 6640 6641 6728
f 6728 6641 6729
f 6641 6642 6729
f 6729 6642 6730
f 6642 6643 6730
f 6730 6643 6731
f 6643 6644 6731
f 6731 6644 6732
f 6644 6645 6732
f 6732 6645 6733
f 6645 6646 6733
f 6733 6646 6734
f 6646 6647 6734
f 6734 6647 6735
f 6647 6648 6735
f 6735 6648 6736
f 6648 6649 6736
f 6736 6649 6737
f 6649 6650 6737
f 6737 6650 6738
f 6650 6651 6738
f 6738 6651 6739
f 6651 6652 6739
f 6739 6652 6740
f 6652 6653 6740
f 6740 6653 6741
f 6653 6654 6741
f 6741 6654 6742
f 6654 6655 6742
f 6742 6655 6830
f 6655 6656 6830
f 6830 6656 6831
f 6656 6218 6831
f 6743 6657 6744
f 6657 6745 6744
f 6657 6658 6745
f 6658 6746 6745
f 6658 6659 6746
f 6659 6747 6746
f 6659 6660 6747
f 6660 6748 6747
f 6660 6661 6748
f 6661 6749 6748
f 6661 6662 6749
f 6662 6750 6749
f 6662 6663 6750
f 6663 6751 6750
f 6663 6664 6751
f 6664 6752 6751
f 6664 6665 6752
f 6665 6753 6752
f 6665 6666 6753
f 6666 6754 6753
f 6666 6667 6754
f 6667 6755 6754
f 6667 6668 6755
f 6668 6756 6755
f 6668 6669 6756
f 6669 6757 6756
f 6669 6670 6757
f 6670 6758 6757
f 6670 6671 6758
f 6671 6759 6758
f 6671 6672 6759
f 6672 6760 6759
f 6672 6673 6760
f 6673 6761 6760
f 6673 6674 6761
f 6674 6762 6761
f 6674 6675 6762
f 6675 6763 6762
f 6675 6676 6763
f 6676 6764 6763
f 6676 6677 6764
f 6677 6678 6764
f 6764 6678 6765
f 6678 6679 6765
f 6765 6679 6766
f 6679 6680 6766
f 6766 6680 6767
f 6680 6681 6767
f 6767 6681 6768
f 6681 6682 6768
f 6768 6682 6769
f 6682 6683 6769
f 6769 6683 6770
f 6683 6684 6770
f 6770 6684 6771
f 6684 6685 6771
f 6771 6685 6772
f 6685 6686 6772
f 6772 6686 6773
f 6686 6687 6773
f 6773 6687 6774
f 6687 6688 6774
f 6774 6688 6775
f 6688 6689 6775
f 6775 6689 6776
f 6689 6690 6776
f 6776 6690 6777
f 6690 6691 6777
f 6777 6691 6778
f 6691 6692 6778
f 6778 6692 6779
f 6692 6693 6779
f 6779 6693 6780
f 6693 6694 6780
f 6780 6694 6781
f 6694 6695 6781
f 6781 6695 6782
f 6695 6696 6782
f 6782 6696 6783
f 6696 6697 6783
f 6783 6697 6784
f 6697 6698 6784
f 6784 6698 6785
f 6698 6699 6785
f 6785 6699 6786
f 6699 6263 6786
f 6263 6700 6787
f 6700 6788 6787
f 6700 6701 6788
f 6701 6789 6788
f 6701 6702 6789
f 6702 6790 6789
f 6702 6703 6790
f 6703 6791 6790
f 6703 6704 6791
f 6704 6792 6791
f 6704 6705 6792
f 6705 6793 6792
f 6705 6706 6793
f 6706 6794 6793
f 6706 6707 6794
f 6707 6795 6794
f 6707 6708 6795
f 6708 6796 6795
f 6708 6709 6796
f 6709 6797 6796
f 6709 6710 6797
f 6710 6798 6797
f 6710 6711 6798
f 6711 6799 6798
f 6711 6712 6799
f 6712 6800 6799
f 6712 6713 6800
f 6713 6801 6800
f 6713 6714 6801
f 6714 6802 6801
f 6714 6715 6802
f 6715 6803 6802
f 6715 6716 6803
f 6716 6804 6803
f 6716 6717 6804
f 6717 6805 6804
f 6717 6718 6805
f 6718 6806 6805
f 6718 6719 6806
f 6719 6807 6806
f 6719 6720 6807
f 6720 6808 6807
f 6720 6721 6808
f 6721 6809 6808
f 6721 6722 6809
f 6722 6723 6809
f 6809 6723 6810
f 6723 6724 6810
f 6810 6724 6811
f 6724 6725 6811
f 6811 6725 6812
f 6725 6726 6812
f 6812 6726 6813
f 6726 6727 6813
f 6813 6727 6814
f 6727 6728 6814
f 6814 6728 6815
f 6728 6729 6815
f 6815 6729 6816
f 6729 6730 6816
f 6816 6730 6817
f 6730 6731 6817
f 6817 6731 6818
f 6731 6732 6818
f 6818 6732 6819
f 6732 6733 6819
f 6819 6733 6820
f 6733 6734 6820
f 6820 6734 6821
f 6734 6735 6821
f 6821 6735 6822
f 6735 6736 6822
f 6822 6736 6823
f 6736 6737 6823
f 6823 6737 6824
f 6737 6738 6824
f 6824 6738 6825
f 6738 6739 6825
f 6825 6739 6826
f 6739 6740 6826
f 6826 6740 6827
f 6740 6741 6827
f 6827 6741 6828
f 6741 6742 6828
f 6828 6742 6829
f 6742 6830 6829
f 6831 6743 6830
f 6743 6832 6830
f 6743 6744 6832
f 6744 6833 6832
f 6744 6745 6833
f 6745 6834 6833
f 6745 6746 6834
f 6746 6835 6834
f 6746 6747 6835
f 6747 6836 6835
f 6747 6748 6836
f 6748 6837 6836
f 6748 6749 6837
f 6749 6838 6837
f 6749 6750 6838
f 6750 6839 6838
f 6750 6751 6839
f 6751 6840 6839
f 6751 6752 6840
f 6752 6841 6840
f 6752 6753 6841
f 6753 6842 6841
f 6753 6754 6842
f 6754 6843 6842
f 6754 6755 6843
f 6755 6844 6843
f 6755 6756 6844
f 6756 6845 6844
f 6756 6757 6845
f 6757 6846 6845
f 6757 6758 6846
f 6758 6847 6846
f 6758 6759 6847
f 6759 6848 6847
f 6759 6760 6848
f 6760 6849 6848
f 6760 6761 6849
f 6761 6850 6849
f 6761 6762 6850
f 6762 6851 6850
f 6762 6763 6851
f 6763 6852 6851
f 6763 6764 6852
f 6764 6765 6852
f 6852 6765 6853
f 6765 6766 6853
f 6853 6766 6854
f 6766 6767 6854
f 6854 6767 6855
f 6767 6768 6855
f 6855 6768 6856
f 6768 6769 6856
f 6856 6769 6857
f 6769 6770 6857
f 6857 6770 6858
f 6770 6771 6858
f 6858 6771 6859
f 6771 6772 6859
f 6859 6772 6860
f 6772 6773 6860
f 6860 6773 6861
f 6773 6774 6861
f 6861 6774 6862
f 6774 6775 6862
f 6862 6775 6863
f 6775 6776 6863
f 6863 6776 6864
f 6776 6777 6864
f 6864 6777 6865
f 6777 6778 6865
f 6865 6778 6866
f 6778 6779 6866
f 6866 6779 6867
f 6779 6780 6867
f 6867 6780 6868
f 6780 6781 6868
f 6868 6781 6869
f 6781 6782 6869
f 6869 6782 6870
f 6782 6783 6870
f 6870 6783 6871
f 6783 6784 6871
f 6871 6784 6872
f 6784 6785 6872
f 6872 6785 6873
f 6785 6786 6873
f 6873 6786 6874
f 6786 6263 6874
f 6263 6787 6874
f 6787 6873 6874
f 6787 6788 6873
f 6788 6872 6873
f 6788 6789 6872
f 6789 6871 6872
f 6789 6790 6871
f 6790 6870 6871
f 6790 6791 6870
f 6791 6869 6870
f 6791 6792 6869
f 6792 6868 6869
f 6792 6793 6868
f 6793 6867 6868
f 6793 6794 6867
f 6794 6866 6867
f 6794 6795 6866
f 6795 6865 6866
f 6795 6796 6865
f 6796 6864 6865
f 6796 6797 6864
f 6797 6863 6864
f 6797 6798 6863
f 6798 6862 6863
f 6798 6799 6862
f 6799 6861 6862
f 6799 6800 6861
f 6800 6860 6861
f 6800 6801 6860
f 6801 6859 6860
f 6801 6802 6859
f 6802 6858 6859
f 6802 6803 6858
f 6803 6857 6858
f 6803 6804 6857
f 6804 6856 6857
f 6804 6805 6856
f 6805 6855 6856
f 6805 6806 6855
f 6806 6854 6855
f 6806 6807 6854
f 6807 6853 6854
f 6807 6808 6853
f 6808 6852 6853
f 6808 6809 6852
f 6809 6810 6852
f 6852 6810 6851
f 6810 6811 6851
f 6851 6811 6850
f 6811 6812 6850
f 6850 6812 6849
f 6812 6813 6849
f 6849 6813 6848
f 6813 6814 6848
f 6848 6814 6847
f 6814 6815 6847
f 6847 6815 6846
f 6815 6816 6846
f 6846 6816 6845
f 6816 6817 6845
f 6845 6817 6844
f 6817 6818 6844
f 6844 6818 6843
f 6818 6819 6843
f 6843 6819 6842
f 6819 6820 6842
f 6842 6820 6841
f 6820 6821 6841
f 6841 6821 6840
f 6821 6822 6840
f 6840 6822 6839
f 6822 6823 6839
f 6839 6823 6838
f 6823 6824 6838
f 6838 6824 6837
f 6824 6825 6837
f 6837 6825 6836
f 6825 6826 6836
f 6836 6826 6835
f 6826 6827 6835
f 6835 6827 6834
f 6827 6828 6834
f 6834 6828 6833
f 6828 6829 6833
f 6833 6829 6832
f 6829 6830 6832
f 6875 6876 7095
f 7095 6876 6877
f 7095 6877 7008
f 7008 6877 6878
f 7008 6878 6879
f 6879 6878 6880
f 6879 6880 6881
f 6881 6880 6882
f 6881 6882 6883
f 6883 6882 6884
f 6883 6884 6885
f 6885 6884 6886
f 6885 6886 6887
f 6887 6886 6888
f 6887 6888 6889
f 6889 6888 6890
f 6889 6890 6891
f 6891 6890 6892
f 6891 6892 6893
f 6893 6892 6894
f 6893 6894 6895
f 6895 6894 6896
f 6895 6896 6897
f 6897 6896 6898
f 6897 6898 6899
f 6899 6898 6900
f 6899 6900 6901
f 6901 6900 6902
f 6901 6902 6903
f 6903 6902 6904
f 6903 6904 6905
f 6905 6904 6906
f 6905 6906 6907
f 6907 6906 6908
f 6907 6908 6909
f 6909 6908 6910
f 6909 6910 6911
f 6911 6910 6912
f 6911 6912 6913
f 6913 6912 6914
f 6913 6914 6915
f 6915 6914 6916
f 6915 6916 6917
f 6917 6916 6918
f 6917 6918 6919
f 6919 6918 6920
f 6918 6921 6920
f 6920 6921 6922
f 6921 6923 6922
f 6922 6923 6924
f 6923 6925 6924
f 6924 6925 6926
f 6925 6927 6926
f 6926 6927 6928
f 6927 6929 6928
f 6928 6929 6930
f 6929 6931 6930
f 6930 6931 6932
f 6931 6933 6932
f 6932 6933 6934
f 6933 6935 6934
f 6934 6935 6936
f 6935 6937 6936
f 6936 6937 6938
f 6937 6939 6938
f 6938 6939 6940
f 6939 6941 6940
f 6940 6941 6942
f 6941 6943 6942
f 6942 6943 6944
f 6943 6945 6944
f 6944 6945 6946
f 6945 6947 6946
f 6946 6947 6948
f 6947 6949 6948
f 6948 6949 6950
f 6949 6951 6950
f 6950 6951 6952
f 6951 6953 6952
f 6952 6953 6954
f 6953 6955 6954
f 6954 6955 6956
f 6955 6957 6956
f 6956 6957 6958
f 6957 6959 6958
f 6958 6959 6960
f 6959 6961 6960
f 6960 6961 6962
f 6961 6963 6962
f 6962 6963 6964
f 6964 6965 6962
f 6962 6965 6966
f 6962 6966 6960
f 6960 6966 6967
f 6960 6967 6958
f 6958 6967 6968
f 6958 6968 6956
f 6956 6968 6969
f 6956 6969 6954
f 6954 6969 6970
f 6954 6970 6952
f 6952 6970 6971
f 6952 6971 6950
f 6950 6971 6972
f 6950 6972 6948
f 6948 6972 6973
f 6948 6973 6946
f 6946 6973 6974
f 6946 6974 6944
f 6944 6974 6975
f 6944 6975 6942
f 6942 6975 6976
f 6942 6976 6940
f 6940 6976 6977
f 6940 6977 6938
f 6938 6977 6978
f 6938 6978 6936
f 6936 6978 6979
f 6936 6979 6934
f 6934 6979 6980
f 6934 6980 6932
f 6932 6980 6981
f 6932 6981 6930
f 6930 6981 6982
f 6930 6982 6928
f 6928 6982 6983
f 6928 6983 6926
f 6926 6983 6984
f 6926 6984 6924
f 6924 6984 6985
f 6924 6985 6922
f 6922 6985 6986
f 6922 6986 6920
f 6920 6986 6987
f 6920 6987 6919
f 6919 6987 6917
f 6987 6988 6917
f 6917 6988 6915
f 6988 6989 6915
f 6915 6989 6913
f 6989 6990 6913
f 6913 6990 6911
f 6990 6991 6911
f 6911 6991 6909
f 6991 6992 6909
f 6909 6992 6907
f 6992 6993 6907
f 6907 6993 6905
f 6993 6994 6905
f 6905 6994 6903
f 6994 6995 6903
f 6903 6995 6901
f 6995 6996 6901
f 6901 6996 6899
f 6996 6997 6899
f 6899 6997 6897
f 6997 6998 6897
f 6897 6998 6895
f 6998 6999 6895
f 6895 6999 6893
f 6999 7000 6893
f 6893 7000 6891
f 7000 7001 6891
f 6891 7001 6889
f 7001 7002 6889
f 6889 7002 6887
f 7002 7003 6887
f 6887 7003 6885
f 7003 7004 6885
f 6885 7004 6883
f 7004 7005 6883
f 6883 7005 6881
f 7005 7006 6881
f 6881 7006 6879
f 7006 7007 6879
f 6879 7007 7008
f 6875 7184 6876
f 6876 7184 7096
f 6876 7096 6877
f 6877 7096 7009
f 6877 7009 6878
f 6878 7009 7010
f 6878 7010 6880
f 6880 7010 7011
f 6880 7011 6882
f 6882 7011 7012
f 6882 7012 6884
f 6884 7012 7013
f 6884 7013 6886
f 6886 7013 7014
f 6886 7014 6888
f 6888 7014 7015
f 6888 7015 6890
f 6890 7015 7016
f 6890 7016 6892
f 6892 7016 7017
f 6892 7017 6894
f 6894 7017 7018
f 6894 7018 6896
f 6896 7018 7019
f 6896 7019 6898
f 6898 7019 7020
f 6898 7020 6900
f 6900 7020 7021
f 6900 7021 6902
f 6902 7021 7022
f 6902 7022 6904
f 6904 7022 7023
f 6904 7023 6906
f 6906 7023 7024
f 6906 7024 6908
f 6908 7024 7025
f 6908 7025 6910
f 6910 7025 7026
f 6910 7026 6912
f 6912 7026 7027
f 6912 7027 6914
f 6914 7027 7028
f 6914 7028 6916
f 6916 7028 7029
f 6916 7029 6918
f 6918 7029 6921
f 7029 7030 6921
f 6921 7030 6923
f 7030 7031 6923
f 6923 7031 6925
f 7031 7032 6925
f 6925 7032 6927
f 7032 7033 6927
f 6927 7033 6929
f 7033 7034 6929
f 6929 7034 6931
f 7034 7035 6931
f 6931 7035 6933
f 7035 7036 6933
f 6933 7036 6935
f 7036 7037 6935
f 6935 7037 6937
f 7037 7038 6937
f 6937 7038 6939
f 7038 7039 6939
f 6939 7039 6941
f 7039 7040 6941
f 6941 7040 6943
f 7040 7041 6943
f 6943 7041 6945
f 7041 7042 6945
f 6945 7042 6947
f 7042 7043 6947
f 6947 7043 6949
f 7043 7044 6949
f 6949 7044 6951
f 7044 7045 6951
f 6951 7045 6953
f 7045 7046 6953
f 6953 7046 6955
f 7046 7047 6955
f 6955 7047 6957
f 7047 7048 6957
f 6957 7048 6959
f 7048 7049 6959
f 6959 7049 6961
f 7049 7050 6961
f 6961 7050 6963
f 7050 7051 6963
f 6963 7051 6964
f 6964 7052 6965
f 6965 7052 7053
f 6965 7053 6966
f 6966 7053 7054
f 6966 7054 6967
f 6967 7054 7055
f 6967 7055 6968
f 6968 7055 7056
f 6968 7056 6969
f 6969 7056 7057
f 6969 7057 6970
f 6970 7057 7058
f 6970 7058 6971
f 6971 7058 7059
f 6971 7059 6972
f 6972 7059 7060
f 6972 7060 6973
f 6973 7060 7061
f 6973 7061 6974
f 6974 7061 7062
f 6974 7062 6975
f 6975 7062 7063
f 6975 7063 6976
f 6976 7063 7064
f 6976 7064 6977
f 6977 7064 7065
f 6977 7065 6978
f 6978 7065 7066
f 6978 7066 6979
f 6979 7066 7067
f 6979 7067 6980
f 6980 7067 7068
f 6980 7068 6981
f 6981 7068 7069
f 6981 7069 6982
f 6982 7069 7070
f 6982 7070 6983
f 6983 7070 7071
f 6983 7071 6984
f 6984 7071 7072
f 6984 7072 6985
f 6985 7072 7073
f 6985 7073 6986
f 6986 7073 7074
f 6986 7074 6987
f 6987 7074 6988
f 7074 7075 6988
f 6988 7075 6989
f 7075 7076 6989
f 6989 7076 6990
f 7076 7077 6990
f 6990 7077 6991
f 7077 7078 6991
f 6991 7078 6992
f 7078 7079 6992
f 6992 7079 6993
f 7079 7080 6993
f 6993 7080 6994
f 7080 7081 6994
f 6994 7081 6995
f 7081 7082 6995
f 6995 7082 6996
f 7082 7083 6996
f 6996 7083 6997
f 7083 7084 6997
f 6997 7084 6998
f 7084 7085 6998
f 6998 7085 6999
f 7085 7086 6999
f 6999 7086 7000
f 7086 7087 7000
f 7000 7087 7001
f 7087 7088 7001
f 7001 7088 7002
f 7088 7089 7002
f 7002 7089 7003
f 7089 7090 7003
f 7003 7090 7004
f 7090 7091 7004
f 7004 7091 7005
f 7091 7092 7005
f 7005 7092 7006
f 7092 7093 7006
f 7006 7093 7007
f 7093 7094 7007
f 7007 7094 7008
f 7094 7183 7008
f 7008 7183 7095
f 7096 7097 7009
f 7009 7097 7098
f 7009 7098 7010
f 7010 7098 7099
f 7010 7099 7011
f 7011 7099 7100
f 7011 7100 7012
f 7012 7100 7101
f 7012 7101 7013
f 7013 7101 7102
f 7013 7102 7014
f 7014 7102 7103
f 7014 7103 7015
f 7015 7103 7104
f 7015 7104 7016
f 7016 7104 7105
f 7016 7105 7017
f 7017 7105 7106
f 7017 7106 7018
f 7018 7106 7107
f 7018 7107 7019
f 7019 7107 7108
f 7019 7108 7020
f 7020 7108 7109
f 7020 7109 7021
f 7021 7109 7110
f 7021 7110 7022
f 7022 7110 7111
f 7022 7111 7023
f 7023 7111 7112
f 7023 7112 7024
f 7024 7112 7113
f 7024 7113 7025
f 7025 7113 7114
f 7025 7114 7026
f 7026 7114 7115
f 7026 7115 7027
f 7027 7115 7116
f 7027 7116 7028
f 7028 7116 7117
f 7028 7117 7029
f 7029 7117 7030
f 7117 7118 7030
f 7030 7118 7031
f 7118 7119 7031
f 7031 7119 7032
f 7119 7120 7032
f 7032 7120 7033
f 7120 7121 7033
f 7033 7121 7034
f 7121 7122 7034
f 7034 7122 7035
f 7122 7123 7035
f 7035 7123 7036
f 7123 7124 7036
f 7036 7124 7037
f 7124 7125 7037
f 7037 7125 7038
f 7125 7126 7038
f 7038 7126 7039
f 7126 7127 7039
f 7039 7127 7040
f 7127 7128 7040
f 7040 7128 7041
f 7128 7129 7041
f 7041 7129 7042
f 7129 7130 7042
f 7042 7130 7043
f 7130 7131 7043
f 7043 7131 7044
f 7131 7132 7044
f 7044 7132 7045
f 7132 7133 7045
f 7045 7133 7046
f 7133 7134 7046
f 7046 7134 7047
f 7134 7135 7047
f 7047 7135 7048
f 7135 7136 7048
f 7048 7136 7049
f 7136 7137 7049
f 7049 7137 7050
f 7137 7138 7050
f 7050 7138 7051
f 7138 7139 7051
f 7051 7139 6964
f 6964 7140 7052
f 7052 7140 7141
f 7052 7141 7053
f 7053 7141 7142
f 7053 7142 7054
f 7054 7142 7143
f 7054 7143 7055
f 7055 7143 7144
f 7055 7144 7056
f 7056 7144 7145
f 7056 7145 7057
f 7057 7145 7146
f 7057 7146 7058
f 7058 7146 7147
f 7058 7147 7059
f 7059 7147 7148
f 7059 7148 7060
f 7060 7148 7149
f 7060 7149 7061
f 7061 7149 7150
f 7061 7150 7062
f 7062 7150 7151
f 7062 7151 7063
f 7063 7151 7152
f 7063 7152 7064
f 7064 7152 7153
f 7064 7153 7065
f 7065 7153 7154
f 7065 7154 7066
f 7066 7154 7155
f 7066 7155 7067
f 7067 7155 7156
f 7067 7156 7068
f 7068 7156 7157
f 7068 7157 7069
f 7069 7157 7158
f 7069 7158 7070
f 7070 7158 7159
f 7070 7159 7071
f 7071 7159 7160
f 7071 7160 7072
f 7072 7160 7161
f 7072 7161 7073
f 7073 7161 7162
f 7073 7162 7074
f 7074 7162 7075
f 7162 7163 7075
f 7075 7163 7076
f 7163 7164 7076
f 7076 7164 7077
f 7164 7165 7077
f 7077 7165 7078
f 7165 7166 7078
f 7078 7166 7079
f 7166 7167 7079
f 7079 7167 7080
f 7167 7168 7080
f 7080 7168 7081
f 7168 7169 7081
f 7081 7169 7082
f 7169 7170 7082
f 7082 7170 7083
f 7170 7171 7083
f 7083 7171 7084
f 7171 7172 7084
f 7084 7172 7085
f 7172 7173 7085
f 7085 7173 7086
f 7173 7174 7086
f 7086 7174 7087
f 7174 7175 7087
f 7087 7175 7088
f 7175 7176 7088
f 7088 7176 7089
f 7176 7177 7089
f 7089 7177 7090
f 7177 7178 7090
f 7090 7178 7091
f 7178 7179 7091
f 7091 7179 7092
f 7179 7180 7092
f 7092 7180 7093
f 7180 7181 7093
f 7093 7181 7094
f 7181 7182 7094
f 7094 7182 7183
f 7183 7359 7095
f 7095 7359 6875
f 7184 7271 7096
f 7096 7271 7185
f 7096 7185 7097
f 7097 7185 7186
f 7097 7186 7098
f 7098 7186 7187
f 7098 7187 7099
f 7099 7187 7188
f 7099 7188 7100
f 7100 7188 7189
f 7100 7189 7101
f 7101 7189 7190
f 7101 7190 7102
f 7102 7190 7191
f 7102 7191 7103
f 7103 7191 7192
f 7103 7192 7104
f 7104 7192 7193
f 7104 7193 7105
f 7105 7193 7194
f 7105 7194 7106
f 7106 7194 7195
f 7106 7195 7107
f 7107 7195 7196
f 7107 7196 7108
f 7108 7196 7197
f 7108 7197 7109
f 7109 7197 7198
f 7109 7198 7110
f 7110 7198 7199
f 7110 7199 7111
f 7111 7199 7200
f 7111 7200 7112
f 7112 7200 7201
f 7112 7201 7113
f 7113 7201 7202
f 7113 7202 7114
f 7114 7202 7203
f 7114 7203 7115
f 7115 7203 7204
f 7115 7204 7116
f 7116 7204 7205
f 7116 7205 7117
f 7117 7205 7118
f 7205 7206 7118
f 7118 7206 7119
f 7206 7207 7119
f 7119 7207 7120
f 7207 7208 7120
f 7120 7208 7121
f 7208 7209 7121
f 7121 7209 7122
f 7209 7210 7122
f 7122 7210 7123
f 7210 7211 7123
f 7123 7211 7124
f 7211 7212 7124
f 7124 7212 7125
f 7212 7213 7125
f 7125 7213 7126
f 7213 7214 7126
f 7126 7214 7127
f 7214 7215 7127
f 7127 7215 7128
f 7215 7216 7128
f 7128 7216 7129
f 7216 7217 7129
f 7129 7217 7130
f 7217 7218 7130
f 7130 7218 7131
f 7218 7219 7131
f 7131 7219 7132
f 7219 7220 7132
f 7132 7220 7133
f 7220 7221 7133
f 7133 7221 7134
f 7221 7222 7134
f 7134 7222 7135
f 7222 7223 7135
f 7135 7223 7136
f 7223 7224 7136
f 7136 7224 7137
f 7224 7225 7137
f 7137 7225 7138
f 7225 7226 7138
f 7138 7226 7139
f 7226 7227 7139
f 7139 7227 6964
f 6964 7228 7140
f 7140 7228 7229
f 7140 7229 7141
f 7141 7229 7230
f 7141 7230 7142
f 7142 7230 7231
f 7142 7231 7143
f 7143 7231 7232
f 7143 7232 7144
f 7144 7232 7233
f 7144 7233 7145
f 7145 7233 7234
f 7145 7234 7146
f 7146 7234 7235
f 7146 7235 7147
f 7147 7235 7236
f 7147 7236 7148
f 7148 7236 7237
f 7148 7237 7149
f 7149 7237 7238
f 7149 7238 7150
f 7150 7238 7239
f 7150 7239 7151
f 7151 7239 7240
f 7151 7240 7152
f 7152 7240 7241
f 7152 7241 7153
f 7153 7241 7242
f 7153 7242 7154
f 7154 7242 7243
f 7154 7243 7155
f 7155 7243 7244
f 7155 7244 7156
f 7156 7244 7245
f 7156 7245 7157
f 7157 7245 7246
f 7157 7246 7158
f 7158 7246 7247
f 7158 7247 7159
f 7159 7247 7248
f 7159 7248 7160
f 7160 7248 7249
f 7160 7249 7161
f 7161 7249 7250
f 7161 7250 7162
f 7162 7250 7163
f 7250 7251 7163
f 7163 7251 7164
f 7251 7252 7164
f 7164 7252 7165
f 7252 7253 7165
f 7165 7253 7166
f 7253 7254 7166
f 7166 7254 7167
f 7254 7255 7167
f 7167 7255 7168
f 7255 7256 7168
f 7168 7256 7169
f 7256 7257 7169
f 7169 7257 7170
f 7257 7258 7170
f 7170 7258 7171
f 7258 7259 7171
f 7171 7259 7172
f 7259 7260 7172
f 7172 7260 7173
f 7260 7261 7173
f 7173 7261 7174
f 7261 7262 7174
f 7174 7262 7175
f 7262 7263 7175
f 7175 7263 7176
f 7263 7264 7176
f 7176 7264 7177
f 7264 7265 7177
f 7177 7265 7178
f 7265 7266 7178
f 7178 7266 7179
f 7266 7267 7179
f 7179 7267 7180
f 7267 7268 7180
f 7180 7268 7181
f 7268 7269 7181
f 7181 7269 7182
f 7269 7270 7182
f 7182 7270 7183
f 7270 7358 7183
f 7183 7358 7359
f 7271 7272 7185
f 7185 7272 7273
f 7185 7273 7186
f 7186 7273 7274
f 7186 7274 7187
f 7187 7274 7275
f 7187 7275 7188
f 7188 7275 7276
f 7188 7276 7189
f 7189 7276 7277
f 7189 7277 7190
f 7190 7277 7278
f 7190 7278 7191
f 7191 7278 7279
f 7191 7279 7192
f 7192 7279 7280
f 7192 7280 7193
f 7193 7280 7281
f 7193 7281 7194
f 7194 7281 7282
f 7194 7282 7195
f 7195 7282 7283
f 7195 7283 7196
f 7196 7283 7284
f 7196 7284 7197
f 7197 7284 7285
f 7197 7285 7198
f 7198 7285 7286
f 7198 7286 7199
f 7199 7286 7287
f 7199 7287 7200
f 7200 7287 7288
f 7200 7288 7201
f 7201 7288 7289
f 7201 7289 7202
f 7202 7289 7290
f 7202 7290 7203
f 7203 7290 7291
f 7203 7291 7204
f 7204 7291 7292
f 7204 7292 7205
f 7205 7292 7206
f 7292 7293 7206
f 7206 7293 7207
f 7293 7294 7207
f 7207 7294 7208
f 7294 7295 7208
f 7208 7295 7209
f 7295 7296 7209
f 7209 7296 7210
f 7296 7297 7210
f 7210 7297 7211
f 7297 7298 7211
f 7211 7298 7212
f 7298 7299 7212
f 7212 7299 7213
f 7299 7300 7213
f 7213 7300 7214
f 7300 7301 7214
f 7214 7301 7215
f 7301 7302 7215
f 7215 7302 7216
f 7302 7303 7216
f 7216 7303 7217
f 7303 7304 7217
f 7217 7304 7218
f 7304 7305 7218
f 7218 7305 7219
f 7305 7306 7219
f 7219 7306 7220
f 7306 7307 7220
f 7220 7307 7221
f 7307 7308 7221
f 7221 7308 7222
f 7308 7309 7222
f 7222 7309 7223
f 7309 7310 7223
f 7223 7310 7224
f 7310 7311 7224
f 7224 7311 7225
f 7311 7312 7225
f 7225 7312 7226
f 7312 7313 7226
f 7226 7313 7227
f 7313 7314 7227
f 7227 7314 6964
f 6964 7315 7228
f 7228 7315 7316
f 7228 7316 7229
f 7229 7316 7317
f 7229 7317 7230
f 7230 7317 7318
f 7230 7318 7231
f 7231 7318 7319
f 7231 7319 7232
f 7232 7319 7320
f 7232 7320 7233
f 7233 7320 7321
f 7233 7321 7234
f 7234 7321 7322
f 7234 7322 7235
f 7235 7322 7323
f 7235 7323 7236
f 7236 7323 7324
f 7236 7324 7237
f 7237 7324 7325
f 7237 7325 7238
f 7238 7325 7326
f 7238 7326 7239
f 7239 7326 7327
f 7239 7327 7240
f 7240 7327 7328
f 7240 7328 7241
f 7241 7328 7329
f 7241 7329 7242
f 7242 7329 7330
f 7242 7330 7243
f 7243 7330 7331
f 7243 7331 7244
f 7244 7331 7332
f 7244 7332 7245
f 7245 7332 7333
f 7245 7333 7246
f 7246 7333 7334
f 7246 7334 7247
f 7247 7334 7335
f 7247 7335 7248
f 7248 7335 7336
f 7248 7336 7249
f 7249 7336 7337
f 7249 7337 7250
f 7250 7337 7251
f 7337 7338 7251
f 7251 7338 7252
f 7338 7339 7252
f 7252 7339 7253
f 7339 7340 7253
f 7253 7340 7254
f 7340 7341 7254
f 7254 7341 7255
f 7341 7342 7255
f 7255 7342 7256
f 7342 7343 7256
f 7256 7343 7257
f 7343 7344 7257
f 7257 7344 7258
f 7344 7345 7258
f 7258 7345 7259
f 7345 7346 7259
f 7259 7346 7260
f 7346 7347 7260
f 7260 7347 7261
f 7347 7348 7261
f 7261 7348 7262
f 7348 7349 7262
f 7262 7349 7263
f 7349 7350 7263
f 7263 7350 7264
f 7350 7351 7264
f 7264 7351 7265
f 7351 7352 7265
f 7265 7352 7266
f 7352 7353 7266
f 7266 7353 7267
f 7353 7354 7267
f 7267 7354 7268
f 7354 7355 7268
f 7268 7355 7269
f 7355 7356 7269
f 7269 7356 7270
f 7356 7357 7270
f 7270 7357 7358
f 7184 7444 7271
f 7271 7444 7445
f 7271 7445 7272
f 7272 7445 7360
f 7272 7360 7273
f 7273 7360 7361
f 7273 7361 7274
f 7274 7361 7362
f 7274 7362 7275
f 7275 7362 7363
f 7275 7363 7276
f 7276 7363 7364
f 7276 7364 7277
f 7277 7364 7365
f 7277 7365 7278
f 7278 7365 7366
f 7278 7366 7279
f 7279 7366 7367
f 7279 7367 7280
f 7280 7367 7368
f 7280 7368 7281
f 7281 7368 7369
f 7281 7369 7282
f 7282 7369 7370
f 7282 7370 7283
f 7283 7370 7371
f 7283 7371 7284
f 7284 7371 7372
f 7284 7372 7285
f 7285 7372 7373
f 7285 7373 7286
f 7286 7373 7374
f 7286 7374 7287
f 7287 7374 7375
f 7287 7375 7288
f 7288 7375 7376
f 7288 7376 7289
f 7289 7376 7377
f 7289 7377 7290
f 7290 7377 7378
f 7290 7378 7291
f 7291 7378 7379
f 7291 7379 7292
f 7292 7379 7293
f 7379 7380 7293
f 7293 7380 7294
f 7380 7381 7294
f 7294 7381 7295
f 7381 7382 7295
f 7295 7382 7296
f 7382 7383 7296
f 7296 7383 7297
f 7383 7384 7297
f 7297 7384 7298
f 7384 7385 7298
f 7298 7385 7299
f 7385 7386 7299
f 7299 7386 7300
f 7386 7387 7300
f 7300 7387 7301
f 7387 7388 7301
f 7301 7388 7302
f 7388 7389 7302
f 7302 7389 7303
f 7389 7390 7303
f 7303 7390 7304
f 7390 7391 7304
f 7304 7391 7305
f 7391 7392 7305
f 7305 7392 7306
f 7392 7393 7306
f 7306 7393 7307
f 7393 7394 7307
f 7307 7394 7308
f 7394 7395 7308
f 7308 7395 7309
f 7395 7396 7309
f 7309 7396 7310
f 7396 7397 7310
f 7310 7397 7311
f 7397 7398 7311
f 7311 7398 7312
f 7398 7399 7312
f 7312 7399 7313
f 7399 7400 7313
f 7313 7400 7314
f 7400 7401 7314
f 7314 7401 6964
f 6964 7402 7315
f 7315 7402 7403
f 7315 7403 7316
f 7316 7403 7404
f 7316 7404 7317
f 7317 7404 7405
f 7317 7405 7318
f 7318 7405 7406
f 7318 7406 7319
f 7319 7406 7407
f 7319 7407 7320
f 7320 7407 7408
f 7320 7408 7321
f 7321 7408 7409
f 7321 7409 7322
f 7322 7409 7410
f 7322 7410 7323
f 7323 7410 7411
f 7323 7411 7324
f 7324 7411 7412
f 7324 7412 7325
f 7325 7412 7413
f 7325 7413 7326
f 7326 7413 7414
f 7326 7414 7327
f 7327 7414 7415
f 7327 7415 7328
f 7328 7415 7416
f 7328 7416 7329
f 7329 7416 7417
f 7329 7417 7330
f 7330 7417 7418
f 7330 7418 7331
f 7331 7418 7419
f 7331 7419 7332
f 7332 7419 7420
f 7332 7420 7333
f 7333 7420 7421
f 7333 7421 7334
f 7334 7421 7422
f 7334 7422 7335
f 7335 7422 7423
f 7335 7423 7336
f 7336 7423 7424
f 7336 7424 7337
f 7337 7424 7338
f 7424 7425 7338
f 7338 7425 7339
f 7425 7426 7339
f 7339 7426 7340
f 7426 7427 7340
f 7340 7427 7341
f 7427 7428 7341
f 7341 7428 7342
f 7428 7429 7342
f 7342 7429 7343
f 7429 7430 7343
f 7343 7430 7344
f 7430 7431 7344
f 7344 7431 7345
f 7431 7432 7345
f 7345 7432 7346
f 7432 7433 7346
f 7346 7433 7347
f 7433 7434 7347
f 7347 7434 7348
f 7434 7435 7348
f 7348 7435 7349
f 7435 7436 7349
f 7349 7436 7350
f 7436 7437 7350
f 7350 7437 7351
f 7437 7438 7351
f 7351 7438 7352
f 7438 7439 7352
f 7352 7439 7353
f 7439 7440 7353
f 7353 7440 7354
f 7440 7441 7354
f 7354 7441 7355
f 7441 7442 7355
f 7355 7442 7356
f 7442 7443 7356
f 7356 7443 7357
f 7443 7530 7357
f 7357 7530 7358
f 7530 7531 7358
f 7358 7531 7359
f 7445 7446 7360
f 7360 7446 7447
f 7360 7447 7361
f 7361 7447 7448
f 7361 7448 7362
f 7362 7448 7449
f 7362 7449 7363
f 7363 7449 7450
f 7363 7450 7364
f 7364 7450 7451
f 7364 7451 7365
f 7365 7451 7452
f 7365 7452 7366
f 7366 7452 7453
f 7366 7453 7367
f 7367 7453 7454
f 7367 7454 7368
f 7368 7454 7455
f 7368 7455 7369
f 7369 7455 7456
f 7369 7456 7370
f 7370 7456 7457
f 7370 7457 7371
f 7371 7457 7458
f 7371 7458 7372
f 7372 7458 7459
f 7372 7459 7373
f 7373 7459 7460
f 7373 7460 7374
f 7374 7460 7461
f 7374 7461 7375
f 7375 7461 7462
f 7375 7462 7376
f 7376 7462 7463
f 7376 7463 7377
f 7377 7463 7464
f 7377 7464 7378
f 7378 7464 7465
f 7378 7465 7379
f 7379 7465 7380
f 7465 7466 7380
f 7380 7466 7381
f 7466 7467 7381
f 7381 7467 7382
f 7467 7468 7382
f 7382 7468 7383
f 7468 7469 7383
f 7383 7469 7384
f 7469 7470 7384
f 7384 7470 7385
f 7470 7471 7385
f 7385 7471 7386
f 7471 7472 7386
f 7386 7472 7387
f 7472 7473 7387
f 7387 7473 7388
f 7473 7474 7388
f 7388 7474 7389
f 7474 7475 7389
f 7389 7475 7390
f 7475 7476 7390
f 7390 7476 7391
f 7476 7477 7391
f 7391 7477 7392
f 7477 7478 7392
f 7392 7478 7393
f 7478 7479 7393
f 7393 7479 7394
f 7479 7480 7394
f 7394 7480 7395
f 7480 7481 7395
f 7395 7481 7396
f 7481 7482 7396
f 7396 7482 7397
f 7482 7483 7397
f 7397 7483 7398
f 7483 7484 7398
f 7398 7484 7399
f 7484 7485 7399
f 7399 7485 7400
f 7485 7486 7400
f 7400 7486 7401
f 7486 7487 7401
f 7401 7487 6964
f 6964 7488 7402
f 7402 7488 7489
f 7402 7489 7403
f 7403 7489 7490
f 7403 7490 7404
f 7404 7490 7491
f 7404 7491 7405
f 7405 7491 7492
f 7405 7492 7406
f 7406 7492 7493
f 7406 7493 7407
f 7407 7493 7494
f 7407 7494 7408
f 7408 7494 7495
f 7408 7495 7409
f 7409 7495 7496
f 7409 7496 7410
f 7410 7496 7497
f 7410 7497 7411
f 7411 7497 7498
f 7411 7498 7412
f 7412 7498 7499
f 7412 7499 7413
f 7413 7499 7500
f 7413 7500 7414
f 7414 7500 7501
f 7414 7501 7415
f 7415 7501 7502
f 7415 7502 7416
f 7416 7502 7503
f 7416 7503 7417
f 7417 7503 7504
f 7417 7504 7418
f 7418 7504 7505
f 7418 7505 7419
f 7419 7505 7506
f 7419 7506 7420
f 7420 7506 7507
f 7420 7507 7421
f 7421 7507 7508
f 7421 7508 7422
f 7422 7508 7509
f 7422 7509 7423
f 7423 7509 7510
f 7423 7510 7424
f 7424 7510 7425
f 7510 7511 7425
f 7425 7511 7426
f 7511 7512 7426
f 7426 7512 7427
f 7512 7513 7427
f 7427 7513 7428
f 7513 7514 7428
f 7428 7514 7429
f 7514 7515 7429
f 7429 7515 7430
f 7515 7516 7430
f 7430 7516 7431
f 7516 7517 7431
f 7431 7517 7432
f 7517 7518 7432
f 7432 7518 7433
f 7518 7519 7433
f 7433 7519 7434
f 7519 7520 7434
f 7434 7520 7435
f 7520 7521 7435
f 7435 7521 7436
f 7521 7522 7436
f 7436 7522 7437
f 7522 7523 7437
f 7437 7523 7438
f 7523 7524 7438
f 7438 7524 7439
f 7524 7525 7439
f 7439 7525 7440
f 7525 7526 7440
f 7440 7526 7441
f 7526 7527 7441
f 7441 7527 7442
f 7527 7528 7442
f 7442 7528 7443
f 7528 7529 7443
f 7443 7529 7530
f 6875 7532 7533
f 6875 7533 7184
f 7184 7533 7534
f 7184 7534 7444
f 7444 7534 7535
f 7444 7535 7445
f 7445 7535 7536
f 7445 7536 7446
f 7446 7536 7537
f 7446 7537 7447
f 7447 7537 7538
f 7447 7538 7448
f 7448 7538 7539
f 7448 7539 7449
f 7449 7539 7540
f 7449 7540 7450
f 7450 7540 7541
f 7450 7541 7451
f 7451 7541 7542
f 7451 7542 7452
f 7452 7542 7543
f 7452 7543 7453
f 7453 7543 7544
f 7453 7544 7454
f 7454 7544 7545
f 7454 7545 7455
f 7455 7545 7546
f 7455 7546 7456
f 7456 7546 7547
f 7456 7547 7457
f 7457 7547 7548
f 7457 7548 7458
f 7458 7548 7549
f 7458 7549 7459
f 7459 7549 7550
f 7459 7550 7460
f 7460 7550 7551
f 7460 7551 7461
f 7461 7551 7552
f 7461 7552 7462
f 7462 7552 7553
f 7462 7553 7463
f 7463 7553 7554
f 7463 7554 7464
f 7464 7554 7555
f 7464 7555 7465
f 7465 7555 7466
f 7555 7556 7466
f 7466 7556 7467
f 7556 7557 7467
f 7467 7557 7468
f 7557 7558 7468
f 7468 7558 7469
f 7558 7559 7469
f 7469 7559 7470
f 7559 7560 7470
f 7470 7560 7471
f 7560 7561 7471
f 7471 7561 7472
f 7561 7562 7472
f 7472 7562 7473
f 7562 7563 7473
f 7473 7563 7474
f 7563 7564 7474
f 7474 7564 7475
f 7564 7565 7475
f 7475 7565 7476
f 7565 7566 7476
f 7476 7566 7477
f 7566 7567 7477
f 7477 7567 7478
f 7567 7568 7478
f 7478 7568 7479
f 7568 7569 7479
f 7479 7569 7480
f 7569 7570 7480
f 7480 7570 7481
f 7570 7571 7481
f 7481 7571 7482
f 7571 7572 7482
f 7482 7572 7483
f 7572 7573 7483
f 7483 7573 7484
f 7573 7574 7484
f 7484 7574 7485
f 7574 7575 7485
f 7485 7575 7486
f 7575 7576 7486
f 7486 7576 7487
f 7576 7577 7487
f 7487 7577 6964
f 7577 7578 6964
f 6964 7578 7579
f 6964 7579 7488
f 7488 7579 7580
f 7488 7580 7489
f 7489 7580 7581
f 7489 7581 7490
f 7490 7581 7582
f 7490 7582 7491
f 7491 7582 7583
f 7491 7583 7492
f 7492 7583 7584
f 7492 7584 7493
f 7493 7584 7585
f 7493 7585 7494
f 7494 7585 7586
f 7494 7586 7495
f 7495 7586 7587
f 7495 7587 7496
f 7496 7587 7588
f 7496 7588 7497
f 7497 7588 7589
f 7497 7589 7498
f 7498 7589 7590
f 7498 7590 7499
f 7499 7590 7591
f 7499 7591 7500
f 7500 7591 7592
f 7500 7592 7501
f 7501 7592 7593
f 7501 7593 7502
f 7502 7593 7594
f 7502 7594 7503
f 7503 7594 7595
f 7503 7595 7504
f 7504 7595 7596
f 7504 7596 7505
f 7505 7596 7597
f 7505 7597 7506
f 7506 7597 7598
f 7506 7598 7507
f 7507 7598 7599
f 7507 7599 7508
f 7508 7599 7600
f 7508 7600 7509
f 7509 7600 7601
f 7509 7601 7510
f 7510 7601 7511
f 7601 7602 7511
f 7511 7602 7512
f 7602 7603 7512
f 7512 7603 7513
f 7603 7604 7513
f 7513 7604 7514
f 7604 7605 7514
f 7514 7605 7515
f 7605 7606 7515
f 7515 7606 7516
f 7606 7607 7516
f 7516 7607 7517
f 7607 7608 7517
f 7517 7608 7518
f 7608 7609 7518
f 7518 7609 7519
f 7609 7610 7519
f 7519 7610 7520
f 7610 7611 7520
f 7520 7611 7521
f 7611 7612 7521
f 7521 7612 7522
f 7612 7613 7522
f 7522 7613 7523
f 7613 7614 7523
f 7523 7614 7524
f 7614 7615 7524
f 7524 7615 7525
f 7615 7616 7525
f 7525 7616 7526
f 7616 7617 7526
f 7526 7617 7527
f 7617 7618 7527
f 7527 7618 7528
f 7618 7619 7528
f 7528 7619 7529
f 7619 7620 7529
f 7529 7620 7530
f 7620 7621 7530
f 7530 7621 7531
f 7621 7622 7531
f 7531 7622 7359
f 7622 7623 7359
f 7359 7623 6875
f 7623 7532 6875
f 7532 7624 7625
f 7532 7625 7533
f 7533 7625 7626
f 7533 7626 7534
f 7534 7626 7627
f 7534 7627 7535
f 7535 7627 7628
f 7535 7628 7536
f 7536 7628 7629
f 7536 7629 7537
f 7537 7629 7630
f 7537 7630 7538
f 7538 7630 7631
f 7538 7631 7539
f 7539 7631 7632
f 7539 7632 7540
f 7540 7632 7633
f 7540 7633 7541
f 7541 7633 7634
f 7541 7634 7542
f 7542 7634 7635
f 7542 7635 7543
f 7543 7635 7636
f 7543 7636 7544
f 7544 7636 7637
f 7544 7637 7545
f 7545 7637 7638
f 7545 7638 7546
f 7546 7638 7639
f 7546 7639 7547
f 7547 7639 7640
f 7547 7640 7548
f 7548 7640 7641
f 7548 7641 7549
f 7549 7641 7642
f 7549 7642 7550
f 7550 7642 7643
f 7550 7643 7551
f 7551 7643 7644
f 7551 7644 7552
f 7552 7644 7645
f 7552 7645 7553
f 7553 7645 7646
f 7553 7646 7554
f 7554 7646 7647
f 7554 7647 7555
f 7555 7647 7556
f 7647 7648 7556
f 7556 7648 7557
f 7648 7649 7557
f 7557 7649 7558
f 7649 7650 7558
f 7558 7650 7559
f 7650 7651 7559
f 7559 7651 7560
f 7651 7652 7560
f 7560 7652 7561
f 7652 7653 7561
f 7561 7653 7562
f 7653 7654 7562
f 7562 7654 7563
f 7654 7655 7563
f 7563 7655 7564
f 7655 7656 7564
f 7564 7656 7565
f 7656 7657 7565
f 7565 7657 7566
f 7657 7658 7566
f 7566 7658 7567
f 7658 7659 7567
f 7567 7659 7568
f 7659 7660 7568
f 7568 7660 7569
f 7660 7661 7569
f 7569 7661 7570
f 7661 7662 7570
f 7570 7662 7571
f 7662 7663 7571
f 7571 7663 7572
f 7663 7664 7572
f 7572 7664 7573
f 7664 7665 7573
f 7573 7665 7574
f 7665 7666 7574
f 7574 7666 7575
f 7666 7667 7575
f 7575 7667 7576
f 7667 7668 7576
f 7576 7668 7577
f 7668 7669 7577
f 7577 7669 7578
f 7669 7670 7578
f 7578 7670 7671
f 7578 7671 7579
f 7579 7671 7672
f 7579 7672 7580
f 7580 7672 7673
f 7580 7673 7581
f 7581 7673 7674
f 7581 7674 7582
f 7582 7674 7675
f 7582 7675 7583
f 7583 7675 7676
f 7583 7676 7584
f 7584 7676 7677
f 7584 7677 7585
f 7585 7677 7678
f 7585 7678 7586
f 7586 7678 7679
f 7586 7679 7587
f 7587 7679 7680
f 7587 7680 7588
f 7588 7680 7681
f 7588 7681 7589
f 7589 7681 7682
f 7589 7682 7590
f 7590 7682 7683
f 7590 7683 7591
f 7591 7683 7684
f 7591 7684 7592
f 7592 7684 7685
f 7592 7685 7593
f 7593 7685 7686
f 7593 7686 7594
f 7594 7686 7687
f 7594 7687 7595
f 7595 7687 7688
f 7595 7688 7596
f 7596 7688 7689
f 7596 7689 7597
f 7597 7689 7690
f 7597 7690 7598
f 7598 7690 7691
f 7598 7691 7599
f 7599 7691 7692
f 7599 7692 7600
f 7600 7692 7693
f 7600 7693 7601
f 7601 7693 7602
f 7693 7694 7602
f 7602 7694 7603
f 7694 7695 7603
f 7603 7695 7604
f 7695 7696 7604
f 7604 7696 7605
f 7696 7697 7605
f 7605 7697 7606
f 7697 7698 7606
f 7606 7698 7607
f 7698 7699 7607
f 7607 7699 7608
f 7699 7700 7608
f 7608 7700 7609
f 7700 7701 7609
f 7609 7701 7610
f 7701 7702 7610
f 7610 7702 7611
f 7702 7703 7611
f 7611 7703 7612
f 7703 7704 7612
f 7612 7704 7613
f 7704 7705 7613
f 7613 7705 7614
f 7705 7706 7614
f 7614 7706 7615
f 7706 7707 7615
f 7615 7707 7616
f 7707 7708 7616
f 7616 7708 7617
f 7708 7709 7617
f 7617 7709 7618
f 7709 7710 7618
f 7618 7710 7619
f 7710 7711 7619
f 7619 7711 7620
f 7711 7712 7620
f 7620 7712 7621
f 7712 7713 7621
f 7621 7713 7622
f 7713 7714 7622
f 7622 7714 7623
f 7714 7715 7623
f 7623 7715 7532
f 7715 7624 7532
f 7624 7716 7717
f 7624 7717 7625
f 7625 7717 7718
f 7625 7718 7626
f 7626 7718 7719
f 7626 7719 7627
f 7627 7719 7720
f 7627 7720 7628
f 7628 7720 7721
f 7628 7721 7629
f 7629 7721 7722
f 7629 7722 7630
f 7630 7722 7723
f 7630 7723 7631
f 7631 7723 7724
f 7631 7724 7632
f 7632 7724 7725
f 7632 7725 7633
f 7633 7725 7726
f 7633 7726 7634
f 7634 7726 7727
f 7634 7727 7635
f 7635 7727 7728
f 7635 7728 7636
f 7636 7728 7729
f 7636 7729 7637
f 7637 7729 7730
f 7637 7730 7638
f 7638 7730 7731
f 7638 7731 7639
f 7639 7731 7732
f 7639 7732 7640
f 7640 7732 7733
f 7640 7733 7641
f 7641 7733 7734
f 7641 7734 7642
f 7642 7734 7735
f 7642 7735 7643
f 7643 7735 7736
f 7643 7736 7644
f 7644 7736 7737
f 7644 7737 7645
f 7645 7737 7738
f 7645 7738 7646
f 7646 7738 7739
f 7646 7739 7647
f 7647 7739 7648
f 7739 7740 7648
f 7648 7740 7649
f 7740 7741 7649
f 7649 7741 7650
f 7741 7742 7650
f 7650 7742 7651
f 7742 7743 7651
f 7651 7743 7652
f 7743 7744 7652
f 7652 7744 7653
f 7744 7745 7653
f 7653 7745 7654
f 7745 7746 7654
f 7654 7746 7655
f 7746 7747 7655
f 7655 7747 7656
f 7747 7748 7656
f 7656 7748 7657
f 7748 7749 7657
f 7657 7749 7658
f 7749 7750 7658
f 7658 7750 7659
f 7750 7751 7659
f 7659 7751 7660
f 7751 7752 7660
f 7660 7752 7661
f 7752 7753 7661
f 7661 7753 7662
f 7753 7754 7662
f 7662 7754 7663
f 7754 7755 7663
f 7663 7755 7664
f 7755 7756 7664
f 7664 7756 7665
f 7756 7757 7665
f 7665 7757 7666
f 7757 7758 7666
f 7666 7758 7667
f 7758 7759 7667
f 7667 7759 7668
f 7759 7760 7668
f 7668 7760 7669
f 7760 7761 7669
f 7669 7761 7670
f 7761 7762 7670
f 7670 7762 7763
f 7670 7763 7671
f 7671 7763 7764
f 7671 7764 7672
f 7672 7764 7765
f 7672 7765 7673
f 7673 7765 7766
f 7673 7766 7674
f 7674 7766 7767
f 7674 7767 7675
f 7675 7767 7768
f 7675 7768 7676
f 7676 7768 7769
f 7676 7769 7677
f 7677 7769 7770
f 7677 7770 7678
f 7678 7770 7771
f 7678 7771 7679
f 7679 7771 7772
f 7679 7772 7680
f 7680 7772 7773
f 7680 7773 7681
f 7681 7773 7774
f 7681 7774 7682
f 7682 7774 7775
f 7682 7775 7683
f 7683 7775 7776
f 7683 7776 7684
f 7684 7776 7777
f 7684 7777 7685
f 7685 7777 7778
f 7685 7778 7686
f 7686 7778 7779
f 7686 7779 7687
f 7687 7779 7780
f 7687 7780 7688
f 7688 7780 7781
f 7688 7781 7689
f 7689 7781 7782
f 7689 7782 7690
f 7690 7782 7783
f 7690 7783 7691
f 7691 7783 7784
f 7691 7784 7692
f 7692 7784 7785
f 7692 7785 7693
f 7693 7785 7694
f 7785 7786 7694
f 7694 7786 7695
f 7786 7787 7695
f 7695 7787 7696
f 7787 7788 7696
f 7696 7788 7697
f 7788 7789 7697
f 7697 7789 7698
f 7789 7790 7698
f 7698 7790 7699
f 7790 7791 7699
f 7699 7791 7700
f 7791 7792 7700
f 7700 7792 7701
f 7792 7793 7701
f 7701 7793 7702
f 7793 7794 7702
f 7702 7794 7703
f 7794 7795 7703
f 7703 7795 7704
f 7795 7796 7704
f 7704 7796 7705
f 7796 7797 7705
f 7705 7797 7706
f 7797 7798 7706
f 7706 7798 7707
f 7798 7799 7707
f 7707 7799 7708
f 7799 7800 7708
f 7708 7800 7709
f 7800 7801 7709
f 7709 7801 7710
f 7801 7802 7710
f 7710 7802 7711
f 7802 7803 7711
f 7711 7803 7712
f 7803 7804 7712
f 7712 7804 7713
f 7804 7805 7713
f 7713 7805 7714
f 7805 7806 7714
f 7714 7806 7715
f 7806 7807 7715
f 7715 7807 7624
f 7807 7716 7624
f 7716 7808 7809
f 7716 7809 7717
f 7717 7809 7810
f 7717 7810 7718
f 7718 7810 7811
f 7718 7811 7719
f 7719 7811 7812
f 7719 7812 7720
f 7720 7812 7813
f 7720 7813 7721
f 7721 7813 7814
f 7721 7814 7722
f 7722 7814 7815
f 7722 7815 7723
f 7723 7815 7816
f 7723 7816 7724
f 7724 7816 7817
f 7724 7817 7725
f 7725 7817 7818
f 7725 7818 7726
f 7726 7818 7819
f 7726 7819 7727
f 7727 7819 7820
f 7727 7820 7728
f 7728 7820 7821
f 7728 7821 7729
f 7729 7821 7822
f 7729 7822 7730
f 7730 7822 7823
f 7730 7823 7731
f 7731 7823 7824
f 7731 7824 7732
f 7732 7824 7825
f 7732 7825 7733
f 7733 7825 7826
f 7733 7826 7734
f 7734 7826 7827
f 7734 7827 7735
f 7735 7827 7828
f 7735 7828 7736
f 7736 7828 7829
f 7736 7829 7737
f 7737 7829 7830
f 7737 7830 7738
f 7738 7830 7831
f 7738 7831 7739
f 7739 7831 7740
f 7831 7832 7740
f 7740 7832 7741
f 7832 7833 7741
f 7741 7833 7742
f 7833 7834 7742
f 7742 7834 7743
f 7834 7835 7743
f 7743 7835 7744
f 7835 7836 7744
f 7744 7836 7745
f 7836 7837 7745
f 7745 7837 7746
f 7837 7838 7746
f 7746 7838 7747
f 7838 7839 7747
f 7747 7839 7748
f 7839 7840 7748
f 7748 7840 7749
f 7840 7841 7749
f 7749 7841 7750
f 7841 7842 7750
f 7750 7842 7751
f 7842 7843 7751
f 7751 7843 7752
f 7843 7844 7752
f 7752 7844 7753
f 7844 7845 7753
f 7753 7845 7754
f 7845 7846 7754
f 7754 7846 7755
f 7846 7847 7755
f 7755 7847 7756
f 7847 7848 7756
f 7756 7848 7757
f 7848 7849 7757
f 7757 7849 7758
f 7849 7850 7758
f 7758 7850 7759
f 7850 7851 7759
f 7759 7851 7760
f 7851 7852 7760
f 7760 7852 7761
f 7852 7853 7761
f 7761 7853 7762
f 7853 7854 7762
f 7762 7854 7855
f 7762 7855 7763
f 7763 7855 7856
f 7763 7856 7764
f 7764 7856 7857
f 7764 7857 7765
f 7765 7857 7858
f 7765 7858 7766
f 7766 7858 7859
f 7766 7859 7767
f 7767 7859 7860
f 7767 7860 7768
f 7768 7860 7861
f 7768 7861 7769
f 7769 7861 7862
f 7769 7862 7770
f 7770 7862 7863
f 7770 7863 7771
f 7771 7863 7864
f 7771 7864 7772
f 7772 7864 7865
f 7772 7865 7773
f 7773 7865 7866
f 7773 7866 7774
f 7774 7866 7867
f 7774 7867 7775
f 7775 7867 7868
f 7775 7868 7776
f 7776 7868 7869
f 7776 7869 7777
f 7777 7869 7870
f 7777 7870 7778
f 7778 7870 7871
f 7778 7871 7779
f 7779 7871 7872
f 7779 7872 7780
f 7780 7872 7873
f 7780 7873 7781
f 7781 7873 7874
f 7781 7874 7782
f 7782 7874 7875
f 7782 7875 7783
f 7783 7875 7876
f 7783 7876 7784
f 7784 7876 7877
f 7784 7877 7785
f 7785 7877 7786
f 7877 7878 7786
f 7786 7878 7787
f 7878 7879 7787
f 7787 7879 7788
f 7879 7880 7788
f 7788 7880 7789
f 7880 7881 7789
f 7789 7881 7790
f 7881 7882 7790
f 7790 7882 7791
f 7882 7883 7791
f 7791 7883 7792
f 7883 7884 7792
f 7792 7884 7793
f 7884 7885 7793
f 7793 7885 7794
f 7885 7886 7794
f 7794 7886 7795
f 7886 7887 7795
f 7795 7887 7796
f 7887 7888 7796
f 7796 7888 7797
f 7888 7889 7797
f 7797 7889 7798
f 7889 7890 7798
f 7798 7890 7799
f 7890 7891 7799
f 7799 7891 7800
f 7891 7892 7800
f 7800 7892 7801
f 7892 7893 7801
f 7801 7893 7802
f 7893 7894 7802
f 7802 7894 7803
f 7894 7895 7803
f 7803 7895 7804
f 7895 7896 7804
f 7804 7896 7805
f 7896 7897 7805
f 7805 7897 7806
f 7897 7898 7806
f 7806 7898 7807
f 7898 7899 7807
f 7807 7899 7716
f 7899 7808 7716
f 7808 7900 7901
f 7808 7901 7809
f 7809 7901 7902
f 7809 7902 7810
f 7810 7902 7903
f 7810 7903 7811
f 7811 7903 7904
f 7811 7904 7812
f 7812 7904 7905
f 7812 7905 7813
f 7813 7905 7906
f 7813 7906 7814
f 7814 7906 7907
f 7814 7907 7815
f 7815 7907 7908
f 7815 7908 7816
f 7816 7908 7909
f 7816 7909 7817
f 7817 7909 7910
f 7817 7910 7818
f 7818 7910 7911
f 7818 7911 7819
f 7819 7911 7912
f 7819 7912 7820
f 7820 7912 7913
f 7820 7913 7821
f 7821 7913 7914
f 7821 7914 7822
f 7822 7914 7915
f 7822 7915 7823
f 7823 7915 7916
f 7823 7916 7824
f 7824 7916 7917
f 7824 7917 7825
f 7825 7917 7918
f 7825 7918 7826
f 7826 7918 7919
f 7826 7919 7827
f 7827 7919 7920
f 7827 7920 7828
f 7828 7920 7921
f 7828 7921 7829
f 7829 7921 7922
f 7829 7922 7830
f 7830 7922 7923
f 7830 7923 7831
f 7831 7923 7832
f 7923 7924 7832
f 7832 7924 7833
f 7924 7925 7833
f 7833 7925 7834
f 7925 7926 7834
f 7834 7926 7835
f 7926 7927 7835
f 7835 7927 7836
f 7927 7928 7836
f 7836 7928 7837
f 7928 7929 7837
f 7837 7929 7838
f 7929 7930 7838
f 7838 7930 7839
f 7930 7931 7839
f 7839 7931 7840
f 7931 7932 7840
f 7840 7932 7841
f 7932 7933 7841
f 7841 7933 7842
f 7933 7934 7842
f 7842 7934 7843
f 7934 7935 7843
f 7843 7935 7844
f 7935 7936 7844
f 7844 7936 7845
f 7936 7937 7845
f 7845 7937 7846
f 7937 7938 7846
f 7846 7938 7847
f 7938 7939 7847
f 7847 7939 7848
f 7939 7940 7848
f 7848 7940 7849
f 7940 7941 7849
f 7849 7941 7850
f 7941 7942 7850
f 7850 7942 7851
f 7942 7943 7851
f 7851 7943 7852
f 7943 7944 7852
f 7852 7944 7853
f 7944 7945 7853
f 7853 7945 7854
f 7945 7946 7854
f 7854 7946 7947
f 7854 7947 7855
f 7855 7947 7948
f 7855 7948 7856
f 7856 7948 7949
f 7856 7949 7857
f 7857 7949 7950
f 7857 7950 7858
f 7858 7950 7951
f 7858 7951 7859
f 7859 7951 7952
f 7859 7952 7860
f 7860 7952 7953
f 7860 7953 7861
f 7861 7953 7954
f 7861 7954 7862
f 7862 7954 7955
f 7862 7955 7863
f 7863 7955 7956
f 7863 7956 7864
f 7864 7956 7957
f 7864 7957 7865
f 7865 7957 7958
f 7865 7958 7866
f 7866 7958 7959
f 7866 7959 7867
f 7867 7959 7960
f 7867 7960 7868
f 7868 7960 7961
f 7868 7961 7869
f 7869 7961 7962
f 7869 7962 7870
f 7870 7962 7963
f 7870 7963 7871
f 7871 7963 7964
f 7871 7964 7872
f 7872 7964 7965
f 7872 7965 7873
f 7873 7965 7966
f 7873 7966 7874
f 7874 7966 7967
f 7874 7967 7875
f 7875 7967 7968
f 7875 7968 7876
f 7876 7968 7969
f 7876 7969 7877
f 7877 7969 7878
f 7969 7970 7878
f 7878 7970 7879
f 7970 7971 7879
f 7879 7971 7880
f 7971 7972 7880
f 7880 7972 7881
f 7972 7973 7881
f 7881 7973 7882
f 7973 7974 7882
f 7882 7974 7883
f 7974 7975 7883
f 7883 7975 7884
f 7975 7976 7884
f 7884 7976 7885
f 7976 7977 7885
f 7885 7977 7886
f 7977 7978 7886
f 7886 7978 7887
f 7978 7979 7887
f 7887 7979 7888
f 7979 7980 7888
f 7888 7980 7889
f 7980 7981 7889
f 7889 7981 7890
f 7981 7982 7890
f 7890 7982 7891
f 7982 7983 7891
f 7891 7983 7892
f 7983 7984 7892
f 7892 7984 7893
f 7984 7985 7893
f 7893 7985 7894
f 7985 7986 7894
f 7894 7986 7895
f 7986 7987 7895
f 7895 7987 7896
f 7987 7988 7896
f 7896 7988 7897
f 7988 7989 7897
f 7897 7989 7898
f 7989 7990 7898
f 7898 7990 7899
f 7990 7991 7899
f 7899 7991 7808
f 7991 7900 7808
f 7900 8250 7901
f 7901 8250 8076
f 7901 8076 7902
f 7902 8076 8077
f 7902 8077 7903
f 7903 8077 7992
f 7903 7992 7904
f 7904 7992 7993
f 7904 7993 7905
f 7905 7993 7994
f 7905 7994 7906
f 7906 7994 7995
f 7906 7995 7907
f 7907 7995 7996
f 7907 7996 7908
f 7908 7996 7997
f 7908 7997 7909
f 7909 7997 7998
f 7909 7998 7910
f 7910 7998 7999
f 7910 7999 7911
f 7911 7999 8000
f 7911 8000 7912
f 7912 8000 8001
f 7912 8001 7913
f 7913 8001 8002
f 7913 8002 7914
f 7914 8002 8003
f 7914 8003 7915
f 7915 8003 8004
f 7915 8004 7916
f 7916 8004 8005
f 7916 8005 7917
f 7917 8005 8006
f 7917 8006 7918
f 7918 8006 8007
f 7918 8007 7919
f 7919 8007 8008
f 7919 8008 7920
f 7920 8008 8009
f 7920 8009 7921
f 7921 8009 8010
f 7921 8010 7922
f 7922 8010 8011
f 7922 8011 7923
f 7923 8011 7924
f 8011 8012 7924
f 7924 8012 7925
f 8012 8013 7925
f 7925 8013 7926
f 8013 8014 7926
f 7926 8014 7927
f 8014 8015 7927
f 7927 8015 7928
f 8015 8016 7928
f 7928 8016 7929
f 8016 8017 7929
f 7929 8017 7930
f 8017 8018 7930
f 7930 8018 7931
f 8018 8019 7931
f 7931 8019 7932
f 8019 8020 7932
f 7932 8020 7933
f 8020 8021 7933
f 7933 8021 7934
f 8021 8022 7934
f 7934 8022 7935
f 8022 8023 7935
f 7935 8023 7936
f 8023 8024 7936
f 7936 8024 7937
f 8024 8025 7937
f 7937 8025 7938
f 8025 8026 7938
f 7938 8026 7939
f 8026 8027 7939
f 7939 8027 7940
f 8027 8028 7940
f 7940 8028 7941
f 8028 8029 7941
f 7941 8029 7942
f 8029 8030 7942
f 7942 8030 7943
f 8030 8031 7943
f 7943 8031 7944
f 8031 8032 7944
f 7944 8032 7945
f 8032 8033 7945
f 7945 8033 7946
f 7946 8034 7947
f 7947 8034 8035
f 7947 8035 7948
f 7948 8035 8036
f 7948 8036 7949
f 7949 8036 8037
f 7949 8037 7950
f 7950 8037 8038
f 7950 8038 7951
f 7951 8038 8039
f 7951 8039 7952
f 7952 8039 8040
f 7952 8040 7953
f 7953 8040 8041
f 7953 8041 7954
f 7954 8041 8042
f 7954 8042 7955
f 7955 8042 8043
f 7955 8043 7956
f 7956 8043 8044
f 7956 8044 7957
f 7957 8044 8045
f 7957 8045 7958
f 7958 8045 8046
f 7958 8046 7959
f 7959 8046 8047
f 7959 8047 7960
f 7960 8047 8048
f 7960 8048 7961
f 7961 8048 8049
f 7961 8049 7962
f 7962 8049 8050
f 7962 8050 7963
f 7963 8050 8051
f 7963 8051 7964
f 7964 8051 8052
f 7964 8052 7965
f 7965 8052 8053
f 7965 8053 7966
f 7966 8053 8054
f 7966 8054 7967
f 7967 8054 8055
f 7967 8055 7968
f 7968 8055 8056
f 7968 8056 7969
f 7969 8056 7970
f 8056 8057 7970
f 7970 8057 7971
f 8057 8058 7971
f 7971 8058 7972
f 8058 8059 7972
f 7972 8059 7973
f 8059 8060 7973
f 7973 8060 7974
f 8060 8061 7974
f 7974 8061 7975
f 8061 8062 7975
f 7975 8062 7976
f 8062 8063 7976
f 7976 8063 7977
f 8063 8064 7977
f 7977 8064 7978
f 8064 8065 7978
f 7978 8065 7979
f 8065 8066 7979
f 7979 8066 7980
f 8066 8067 7980
f 7980 8067 7981
f 8067 8068 7981
f 7981 8068 7982
f 8068 8069 7982
f 7982 8069 7983
f 8069 8070 7983
f 7983 8070 7984
f 8070 8071 7984
f 7984 8071 7985
f 8071 8072 7985
f 7985 8072 7986
f 8072 8073 7986
f 7986 8073 7987
f 8073 8074 7987
f 7987 8074 7988
f 8074 8075 7988
f 7988 8075 7989
f 8075 8162 7989
f 7989 8162 7990
f 8162 8163 7990
f 7990 8163 7991
f 8163 8339 7991
f 7991 8339 7900
f 8077 8078 7992
f 7992 8078 8079
f 7992 8079 7993
f 7993 8079 8080
f 7993 8080 7994
f 7994 8080 8081
f 7994 8081 7995
f 7995 8081 8082
f 7995 8082 7996
f 7996 8082 8083
f 7996 8083 7997
f 7997 8083 8084
f 7997 8084 7998
f 7998 8084 8085
f 7998 8085 7999
f 7999 8085 8086
f 7999 8086 8000
f 8000 8086 8087
f 8000 8087 8001
f 8001 8087 8088
f 8001 8088 8002
f 8002 8088 8089
f 8002 8089 8003
f 8003 8089 8090
f 8003 8090 8004
f 8004 8090 8091
f 8004 8091 8005
f 8005 8091 8092
f 8005 8092 8006
f 8006 8092 8093
f 8006 8093 8007
f 8007 8093 8094
f 8007 8094 8008
f 8008 8094 8095
f 8008 8095 8009
f 8009 8095 8096
f 8009 8096 8010
f 8010 8096 8097
f 8010 8097 8011
f 8011 8097 8012
f 8097 8098 8012
f 8012 8098 8013
f 8098 8099 8013
f 8013 8099 8014
f 8099 8100 8014
f 8014 8100 8015
f 8100 8101 8015
f 8015 8101 8016
f 8101 8102 8016
f 8016 8102 8017
f 8102 8103 8017
f 8017 8103 8018
f 8103 8104 8018
f 8018 8104 8019
f 8104 8105 8019
f 8019 8105 8020
f 8105 8106 8020
f 8020 8106 8021
f 8106 8107 8021
f 8021 8107 8022
f 8107 8108 8022
f 8022 8108 8023
f 8108 8109 8023
f 8023 8109 8024
f 8109 8110 8024
f 8024 8110 8025
f 8110 8111 8025
f 8025 8111 8026
f 8111 8112 8026
f 8026 8112 8027
f 8112 8113 8027
f 8027 8113 8028
f 8113 8114 8028
f 8028 8114 8029
f 8114 8115 8029
f 8029 8115 8030
f 8115 8116 8030
f 8030 8116 8031
f 8116 8117 8031
f 8031 8117 8032
f 8117 8118 8032
f 8032 8118 8033
f 8118 8119 8033
f 8033 8119 7946
f 7946 8120 8034
f 8034 8120 8121
f 8034 8121 8035
f 8035 8121 8122
f 8035 8122 8036
f 8036 8122 8123
f 8036 8123 8037
f 8037 8123 8124
f 8037 8124 8038
f 8038 8124 8125
f 8038 8125 8039
f 8039 8125 8126
f 8039 8126 8040
f 8040 8126 8127
f 8040 8127 8041
f 8041 8127 8128
f 8041 8128 8042
f 8042 8128 8129
f 8042 8129 8043
f 8043 8129 8130
f 8043 8130 8044
f 8044 8130 8131
f 8044 8131 8045
f 8045 8131 8132
f 8045 8132 8046
f 8046 8132 8133
f 8046 8133 8047
f 8047 8133 8134
f 8047 8134 8048
f 8048 8134 8135
f 8048 8135 8049
f 8049 8135 8136
f 8049 8136 8050
f 8050 8136 8137
f 8050 8137 8051
f 8051 8137 8138
f 8051 8138 8052
f 8052 8138 8139
f 8052 8139 8053
f 8053 8139 8140
f 8053 8140 8054
f 8054 8140 8141
f 8054 8141 8055
f 8055 8141 8142
f 8055 8142 8056
f 8056 8142 8057
f 8142 8143 8057
f 8057 8143 8058
f 8143 8144 8058
f 8058 8144 8059
f 8144 8145 8059
f 8059 8145 8060
f 8145 8146 8060
f 8060 8146 8061
f 8146 8147 8061
f 8061 8147 8062
f 8147 8148 8062
f 8062 8148 8063
f 8148 8149 8063
f 8063 8149 8064
f 8149 8150 8064
f 8064 8150 8065
f 8150 8151 8065
f 8065 8151 8066
f 8151 8152 8066
f 8066 8152 8067
f 8152 8153 8067
f 8067 8153 8068
f 8153 8154 8068
f 8068 8154 8069
f 8154 8155 8069
f 8069 8155 8070
f 8155 8156 8070
f 8070 8156 8071
f 8156 8157 8071
f 8071 8157 8072
f 8157 8158 8072
f 8072 8158 8073
f 8158 8159 8073
f 8073 8159 8074
f 8159 8160 8074
f 8074 8160 8075
f 8160 8161 8075
f 8075 8161 8162
f 8250 8251 8076
f 8076 8251 8164
f 8076 8164 8077
f 8077 8164 8165
f 8077 8165 8078
f 8078 8165 8166
f 8078 8166 8079
f 8079 8166 8167
f 8079 8167 8080
f 8080 8167 8168
f 8080 8168 8081
f 8081 8168 8169
f 8081 8169 8082
f 8082 8169 8170
f 8082 8170 8083
f 8083 8170 8171
f 8083 8171 8084
f 8084 8171 8172
f 8084 8172 8085
f 8085 8172 8173
f 8085 8173 8086
f 8086 8173 8174
f 8086 8174 8087
f 8087 8174 8175
f 8087 8175 8088
f 8088 8175 8176
f 8088 8176 8089
f 8089 8176 8177
f 8089 8177 8090
f 8090 8177 8178
f 8090 8178 8091
f 8091 8178 8179
f 8091 8179 8092
f 8092 8179 8180
f 8092 8180 8093
f 8093 8180 8181
f 8093 8181 8094
f 8094 8181 8182
f 8094 8182 8095
f 8095 8182 8183
f 8095 8183 8096
f 8096 8183 8184
f 8096 8184 8097
f 8097 8184 8098
f 8184 8185 8098
f 8098 8185 8099
f 8185 8186 8099
f 8099 8186 8100
f 8186 8187 8100
f 8100 8187 8101
f 8187 8188 8101
f 8101 8188 8102
f 8188 8189 8102
f 8102 8189 8103
f 8189 8190 8103
f 8103 8190 8104
f 8190 8191 8104
f 8104 8191 8105
f 8191 8192 8105
f 8105 8192 8106
f 8192 8193 8106
f 8106 8193 8107
f 8193 8194 8107
f 8107 8194 8108
f 8194 8195 8108
f 8108 8195 8109
f 8195 8196 8109
f 8109 8196 8110
f 8196 8197 8110
f 8110 8197 8111
f 8197 8198 8111
f 8111 8198 8112
f 8198 8199 8112
f 8112 8199 8113
f 8199 8200 8113
f 8113 8200 8114
f 8200 8201 8114
f 8114 8201 8115
f 8201 8202 8115
f 8115 8202 8116
f 8202 8203 8116
f 8116 8203 8117
f 8203 8204 8117
f 8117 8204 8118
f 8204 8205 8118
f 8118 8205 8119
f 8205 8206 8119
f 8119 8206 7946
f 7946 8207 8120
f 8120 8207 8208
f 8120 8208 8121
f 8121 8208 8209
f 8121 8209 8122
f 8122 8209 8210
f 8122 8210 8123
f 8123 8210 8211
f 8123 8211 8124
f 8124 8211 8212
f 8124 8212 8125
f 8125 8212 8213
f 8125 8213 8126
f 8126 8213 8214
f 8126 8214 8127
f 8127 8214 8215
f 8127 8215 8128
f 8128 8215 8216
f 8128 8216 8129
f 8129 8216 8217
f 8129 8217 8130
f 8130 8217 8218
f 8130 8218 8131
f 8131 8218 8219
f 8131 8219 8132
f 8132 8219 8220
f 8132 8220 8133
f 8133 8220 8221
f 8133 8221 8134
f 8134 8221 8222
f 8134 8222 8135
f 8135 8222 8223
f 8135 8223 8136
f 8136 8223 8224
f 8136 8224 8137
f 8137 8224 8225
f 8137 8225 8138
f 8138 8225 8226
f 8138 8226 8139
f 8139 8226 8227
f 8139 8227 8140
f 8140 8227 8228
f 8140 8228 8141
f 8141 8228 8229
f 8141 8229 8142
f 8142 8229 8143
f 8229 8230 8143
f 8143 8230 8144
f 8230 8231 8144
f 8144 8231 8145
f 8231 8232 8145
f 8145 8232 8146
f 8232 8233 8146
f 8146 8233 8147
f 8233 8234 8147
f 8147 8234 8148
f 8234 8235 8148
f 8148 8235 8149
f 8235 8236 8149
f 8149 8236 8150
f 8236 8237 8150
f 8150 8237 8151
f 8237 8238 8151
f 8151 8238 8152
f 8238 8239 8152
f 8152 8239 8153
f 8239 8240 8153
f 8153 8240 8154
f 8240 8241 8154
f 8154 8241 8155
f 8241 8242 8155
f 8155 8242 8156
f 8242 8243 8156
f 8156 8243 8157
f 8243 8244 8157
f 8157 8244 8158
f 8244 8245 8158
f 8158 8245 8159
f 8245 8246 8159
f 8159 8246 8160
f 8246 8247 8160
f 8160 8247 8161
f 8247 8248 8161
f 8161 8248 8162
f 8248 8249 8162
f 8162 8249 8163
f 8249 8338 8163
f 8163 8338 8339
f 8251 8252 8164
f 8164 8252 8253
f 8164 8253 8165
f 8165 8253 8254
f 8165 8254 8166
f 8166 8254 8255
f 8166 8255 8167
f 8167 8255 8256
f 8167 8256 8168
f 8168 8256 8257
f 8168 8257 8169
f 8169 8257 8258
f 8169 8258 8170
f 8170 8258 8259
f 8170 8259 8171
f 8171 8259 8260
f 8171 8260 8172
f 8172 8260 8261
f 8172 8261 8173
f 8173 8261 8262
f 8173 8262 8174
f 8174 8262 8263
f 8174 8263 8175
f 8175 8263 8264
f 8175 8264 8176
f 8176 8264 8265
f 8176 8265 8177
f 8177 8265 8266
f 8177 8266 8178
f 8178 8266 8267
f 8178 8267 8179
f 8179 8267 8268
f 8179 8268 8180
f 8180 8268 8269
f 8180 8269 8181
f 8181 8269 8270
f 8181 8270 8182
f 8182 8270 8271
f 8182 8271 8183
f 8183 8271 8272
f 8183 8272 8184
f 8184 8272 8185
f 8272 8273 8185
f 8185 8273 8186
f 8273 8274 8186
f 8186 8274 8187
f 8274 8275 8187
f 8187 8275 8188
f 8275 8276 8188
f 8188 8276 8189
f 8276 8277 8189
f 8189 8277 8190
f 8277 8278 8190
f 8190 8278 8191
f 8278 8279 8191
f 8191 8279 8192
f 8279 8280 8192
f 8192 8280 8193
f 8280 8281 8193
f 8193 8281 8194
f 8281 8282 8194
f 8194 8282 8195
f 8282 8283 8195
f 8195 8283 8196
f 8283 8284 8196
f 8196 8284 8197
f 8284 8285 8197
f 8197 8285 8198
f 8285 8286 8198
f 8198 8286 8199
f 8286 8287 8199
f 8199 8287 8200
f 8287 8288 8200
f 8200 8288 8201
f 8288 8289 8201
f 8201 8289 8202
f 8289 8290 8202
f 8202 8290 8203
f 8290 8291 8203
f 8203 8291 8204
f 8291 8292 8204
f 8204 8292 8205
f 8292 8293 8205
f 8205 8293 8206
f 8293 8294 8206
f 8206 8294 7946
f 7946 8295 8207
f 8207 8295 8296
f 8207 8296 8208
f 8208 8296 8297
f 8208 8297 8209
f 8209 8297 8298
f 8209 8298 8210
f 8210 8298 8299
f 8210 8299 8211
f 8211 8299 8300
f 8211 8300 8212
f 8212 8300 8301
f 8212 8301 8213
f 8213 8301 8302
f 8213 8302 8214
f 8214 8302 8303
f 8214 8303 8215
f 8215 8303 8304
f 8215 8304 8216
f 8216 8304 8305
f 8216 8305 8217
f 8217 8305 8306
f 8217 8306 8218
f 8218 8306 8307
f 8218 8307 8219
f 8219 8307 8308
f 8219 8308 8220
f 8220 8308 8309
f 8220 8309 8221
f 8221 8309 8310
f 8221 8310 8222
f 8222 8310 8311
f 8222 8311 8223
f 8223 8311 8312
f 8223 8312 8224
f 8224 8312 8313
f 8224 8313 8225
f 8225 8313 8314
f 8225 8314 8226
f 8226 8314 8315
f 8226 8315 8227
f 8227 8315 8316
f 8227 8316 8228
f 8228 8316 8317
f 8228 8317 8229
f 8229 8317 8230
f 8317 8318 8230
f 8230 8318 8231
f 8318 8319 8231
f 8231 8319 8232
f 8319 8320 8232
f 8232 8320 8233
f 8320 8321 8233
f 8233 8321 8234
f 8321 8322 8234
f 8234 8322 8235
f 8322 8323 8235
f 8235 8323 8236
f 8323 8324 8236
f 8236 8324 8237
f 8324 8325 8237
f 8237 8325 8238
f 8325 8326 8238
f 8238 8326 8239
f 8326 8327 8239
f 8239 8327 8240
f 8327 8328 8240
f 8240 8328 8241
f 8328 8329 8241
f 8241 8329 8242
f 8329 8330 8242
f 8242 8330 8243
f 8330 8331 8243
f 8243 8331 8244
f 8331 8332 8244
f 8244 8332 8245
f 8332 8333 8245
f 8245 8333 8246
f 8333 8334 8246
f 8246 8334 8247
f 8334 8335 8247
f 8247 8335 8248
f 8335 8336 8248
f 8248 8336 8249
f 8336 8337 8249
f 8249 8337 8338
f 7900 8514 8250
f 8250 8514 8426
f 8250 8426 8251
f 8251 8426 8340
f 8251 8340 8252
f 8252 8340 8341
f 8252 8341 8253
f 8253 8341 8342
f 8253 8342 8254
f 8254 8342 8343
f 8254 8343 8255
f 8255 8343 8344
f 8255 8344 8256
f 8256 8344 8345
f 8256 8345 8257
f 8257 8345 8346
f 8257 8346 8258
f 8258 8346 8347
f 8258 8347 8259
f 8259 8347 8348
f 8259 8348 8260
f 8260 8348 8349
f 8260 8349 8261
f 8261 8349 8350
f 8261 8350 8262
f 8262 8350 8351
f 8262 8351 8263
f 8263 8351 8352
f 8263 8352 8264
f 8264 8352 8353
f 8264 8353 8265
f 8265 8353 8354
f 8265 8354 8266
f 8266 8354 8355
f 8266 8355 8267
f 8267 8355 8356
f 8267 8356 8268
f 8268 8356 8357
f 8268 8357 8269
f 8269 8357 8358
f 8269 8358 8270
f 8270 8358 8359
f 8270 8359 8271
f 8271 8359 8360
f 8271 8360 8272
f 8272 8360 8273
f 8360 8361 8273
f 8273 8361 8274
f 8361 8362 8274
f 8274 8362 8275
f 8362 8363 8275
f 8275 8363 8276
f 8363 8364 8276
f 8276 8364 8277
f 8364 8365 8277
f 8277 8365 8278
f 8365 8366 8278
f 8278 8366 8279
f 8366 8367 8279
f 8279 8367 8280
f 8367 8368 8280
f 8280 8368 8281
f 8368 8369 8281
f 8281 8369 8282
f 8369 8370 8282
f 8282 8370 8283
f 8370 8371 8283
f 8283 8371 8284
f 8371 8372 8284
f 8284 8372 8285
f 8372 8373 8285
f 8285 8373 8286
f 8373 8374 8286
f 8286 8374 8287
f 8374 8375 8287
f 8287 8375 8288
f 8375 8376 8288
f 8288 8376 8289
f 8376 8377 8289
f 8289 8377 8290
f 8377 8378 8290
f 8290 8378 8291
f 8378 8379 8291
f 8291 8379 8292
f 8379 8380 8292
f 8292 8380 8293
f 8380 8381 8293
f 8293 8381 8294
f 8381 8382 8294
f 8294 8382 7946
f 7946 8383 8295
f 8295 8383 8384
f 8295 8384 8296
f 8296 8384 8385
f 8296 8385 8297
f 8297 8385 8386
f 8297 8386 8298
f 8298 8386 8387
f 8298 8387 8299
f 8299 8387 8388
f 8299 8388 8300
f 8300 8388 8389
f 8300 8389 8301
f 8301 8389 8390
f 8301 8390 8302
f 8302 8390 8391
f 8302 8391 8303
f 8303 8391 8392
f 8303 8392 8304
f 8304 8392 8393
f 8304 8393 8305
f 8305 8393 8394
f 8305 8394 8306
f 8306 8394 8395
f 8306 8395 8307
f 8307 8395 8396
f 8307 8396 8308
f 8308 8396 8397
f 8308 8397 8309
f 8309 8397 8398
f 8309 8398 8310
f 8310 8398 8399
f 8310 8399 8311
f 8311 8399 8400
f 8311 8400 8312
f 8312 8400 8401
f 8312 8401 8313
f 8313 8401 8402
f 8313 8402 8314
f 8314 8402 8403
f 8314 8403 8315
f 8315 8403 8404
f 8315 8404 8316
f 8316 8404 8405
f 8316 8405 8317
f 8317 8405 8318
f 8405 8406 8318
f 8318 8406 8319
f 8406 8407 8319
f 8319 8407 8320
f 8407 8408 8320
f 8320 8408 8321
f 8408 8409 8321
f 8321 8409 8322
f 8409 8410 8322
f 8322 8410 8323
f 8410 8411 8323
f 8323 8411 8324
f 8411 8412 8324
f 8324 8412 8325
f 8412 8413 8325
f 8325 8413 8326
f 8413 8414 8326
f 8326 8414 8327
f 8414 8415 8327
f 8327 8415 8328
f 8415 8416 8328
f 8328 8416 8329
f 8416 8417 8329
f 8329 8417 8330
f 8417 8418 8330
f 8330 8418 8331
f 8418 8419 8331
f 8331 8419 8332
f 8419 8420 8332
f 8332 8420 8333
f 8420 8421 8333
f 8333 8421 8334
f 8421 8422 8334
f 8334 8422 8335
f 8422 8423 8335
f 8335 8423 8336
f 8423 8424 8336
f 8336 8424 8337
f 8424 8425 8337
f 8337 8425 8338
f 8425 8513 8338
f 8338 8513 8339
f 8513 8514 8339
f 8339 8514 7900
f 8426 8427 8340
f 8340 8427 8428
f 8340 8428 8341
f 8341 8428 8429
f 8341 8429 8342
f 8342 8429 8430
f 8342 8430 8343
f 8343 8430 8431
f 8343 8431 8344
f 8344 8431 8432
f 8344 8432 8345
f 8345 8432 8433
f 8345 8433 8346
f 8346 8433 8434
f 8346 8434 8347
f 8347 8434 8435
f 8347 8435 8348
f 8348 8435 8436
f 8348 8436 8349
f 8349 8436 8437
f 8349 8437 8350
f 8350 8437 8438
f 8350 8438 8351
f 8351 8438 8439
f 8351 8439 8352
f 8352 8439 8440
f 8352 8440 8353
f 8353 8440 8441
f 8353 8441 8354
f 8354 8441 8442
f 8354 8442 8355
f 8355 8442 8443
f 8355 8443 8356
f 8356 8443 8444
f 8356 8444 8357
f 8357 8444 8445
f 8357 8445 8358
f 8358 8445 8446
f 8358 8446 8359
f 8359 8446 8447
f 8359 8447 8360
f 8360 8447 8361
f 8447 8448 8361
f 8361 8448 8362
f 8448 8449 8362
f 8362 8449 8363
f 8449 8450 8363
f 8363 8450 8364
f 8450 8451 8364
f 8364 8451 8365
f 8451 8452 8365
f 8365 8452 8366
f 8452 8453 8366
f 8366 8453 8367
f 8453 8454 8367
f 8367 8454 8368
f 8454 8455 8368
f 8368 8455 8369
f 8455 8456 8369
f 8369 8456 8370
f 8456 8457 8370
f 8370 8457 8371
f 8457 8458 8371
f 8371 8458 8372
f 8458 8459 8372
f 8372 8459 8373
f 8459 8460 8373
f 8373 8460 8374
f 8460 8461 8374
f 8374 8461 8375
f 8461 8462 8375
f 8375 8462 8376
f 8462 8463 8376
f 8376 8463 8377
f 8463 8464 8377
f 8377 8464 8378
f 8464 8465 8378
f 8378 8465 8379
f 8465 8466 8379
f 8379 8466 8380
f 8466 8467 8380
f 8380 8467 8381
f 8467 8468 8381
f 8381 8468 8382
f 8468 8469 8382
f 8382 8469 7946
f 7946 8470 8383
f 8383 8470 8471
f 8383 8471 8384
f 8384 8471 8472
f 8384 8472 8385
f 8385 8472 8473
f 8385 8473 8386
f 8386 8473 8474
f 8386 8474 8387
f 8387 8474 8475
f 8387 8475 8388
f 8388 8475 8476
f 8388 8476 8389
f 8389 8476 8477
f 8389 8477 8390
f 8390 8477 8478
f 8390 8478 8391
f 8391 8478 8479
f 8391 8479 8392
f 8392 8479 8480
f 8392 8480 8393
f 8393 8480 8481
f 8393 8481 8394
f 8394 8481 8482
f 8394 8482 8395
f 8395 8482 8483
f 8395 8483 8396
f 8396 8483 8484
f 8396 8484 8397
f 8397 8484 8485
f 8397 8485 8398
f 8398 8485 8486
f 8398 8486 8399
f 8399 8486 8487
f 8399 8487 8400
f 8400 8487 8488
f 8400 8488 8401
f 8401 8488 8489
f 8401 8489 8402
f 8402 8489 8490
f 8402 8490 8403
f 8403 8490 8491
f 8403 8491 8404
f 8404 8491 8492
f 8404 8492 8405
f 8405 8492 8406
f 8492 8493 8406
f 8406 8493 8407
f 8493 8494 8407
f 8407 8494 8408
f 8494 8495 8408
f 8408 8495 8409
f 8495 8496 8409
f 8409 8496 8410
f 8496 8497 8410
f 8410 8497 8411
f 8497 8498 8411
f 8411 8498 8412
f 8498 8499 8412
f 8412 8499 8413
f 8499 8500 8413
f 8413 8500 8414
f 8500 8501 8414
f 8414 8501 8415
f 8501 8502 8415
f 8415 8502 8416
f 8502 8503 8416
f 8416 8503 8417
f 8503 8504 8417
f 8417 8504 8418
f 8504 8505 8418
f 8418 8505 8419
f 8505 8506 8419
f 8419 8506 8420
f 8506 8507 8420
f 8420 8507 8421
f 8507 8508 8421
f 8421 8508 8422
f 8508 8509 8422
f 8422 8509 8423
f 8509 8510 8423
f 8423 8510 8424
f 8510 8511 8424
f 8424 8511 8425
f 8511 8512 8425
f 8425 8512 8513
f 8514 8513 8426
f 8426 8513 8515
f 8426 8515 8427
f 8427 8515 8516
f 8427 8516 8428
f 8428 8516 8517
f 8428 8517 8429
f 8429 8517 8518
f 8429 8518 8430
f 8430 8518 8519
f 8430 8519 8431
f 8431 8519 8520
f 8431 8520 8432
f 8432 8520 8521
f 8432 8521 8433
f 8433 8521 8522
f 8433 8522 8434
f 8434 8522 8523
f 8434 8523 8435
f 8435 8523 8524
f 8435 8524 8436
f 8436 8524 8525
f 8436 8525 8437
f 8437 8525 8526
f 8437 8526 8438
f 8438 8526 8527
f 8438 8527 8439
f 8439 8527 8528
f 8439 8528 8440
f 8440 8528 8529
f 8440 8529 8441
f 8441 8529 8530
f 8441 8530 8442
f 8442 8530 8531
f 8442 8531 8443
f 8443 8531 8532
f 8443 8532 8444
f 8444 8532 8533
f 8444 8533 8445
f 8445 8533 8534
f 8445 8534 8446
f 8446 8534 8535
f 8446 8535 8447
f 8447 8535 8448
f 8535 8536 8448
f 8448 8536 8449
f 8536 8537 8449
f 8449 8537 8450
f 8537 8538 8450
f 8450 8538 8451
f 8538 8539 8451
f 8451 8539 8452
f 8539 8540 8452
f 8452 8540 8453
f 8540 8541 8453
f 8453 8541 8454
f 8541 8542 8454
f 8454 8542 8455
f 8542 8543 8455
f 8455 8543 8456
f 8543 8544 8456
f 8456 8544 8457
f 8544 8545 8457
f 8457 8545 8458
f 8545 8546 8458
f 8458 8546 8459
f 8546 8547 8459
f 8459 8547 8460
f 8547 8548 8460
f 8460 8548 8461
f 8548 8549 8461
f 8461 8549 8462
f 8549 8550 8462
f 8462 8550 8463
f 8550 8551 8463
f 8463 8551 8464
f 8551 8552 8464
f 8464 8552 8465
f 8552 8553 8465
f 8465 8553 8466
f 8553 8554 8466
f 8466 8554 8467
f 8554 8555 8467
f 8467 8555 8468
f 8555 8556 8468
f 8468 8556 8469
f 8556 8557 8469
f 8469 8557 7946
f 7946 8557 8470
f 8470 8557 8556
f 8470 8556 8471
f 8471 8556 8555
f 8471 8555 8472
f 8472 8555 8554
f 8472 8554 8473
f 8473 8554 8553
f 8473 8553 8474
f 8474 8553 8552
f 8474 8552 8475
f 8475 8552 8551
f 8475 8551 8476
f 8476 8551 8550
f 8476 8550 8477
f 8477 8550 8549
f 8477 8549 8478
f 8478 8549 8548
f 8478 8548 8479
f 8479 8548 8547
f 8479 8547 8480
f 8480 8547 8546
f 8480 8546 8481
f 8481 8546 8545
f 8481 8545 8482
f 8482 8545 8544
f 8482 8544 8483
f 8483 8544 8543
f 8483 8543 8484
f 8484 8543 8542
f 8484 8542 8485
f 8485 8542 8541
f 8485 8541 8486
f 8486 8541 8540
f 8486 8540 8487
f 8487 8540 8539
f 8487 8539 8488
f 8488 8539 8538
f 8488 8538 8489
f 8489 8538 8537
f 8489 8537 8490
f 8490 8537 8536
f 8490 8536 8491
f 8491 8536 8535
f 8491 8535 8492
f 8492 8535 8493
f 8535 8534 8493
f 8493 8534 8494
f 8534 8533 8494
f 8494 8533 8495
f 8533 8532 8495
f 8495 8532 8496
f 8532 8531 8496
f 8496 8531 8497
f 8531 8530 8497
f 8497 8530 8498
f 8530 8529 8498
f 8498 8529 8499
f 8529 8528 8499
f 8499 8528 8500
f 8528 8527 8500
f 8500 8527 8501
f 8527 8526 8501
f 8501 8526 8502
f 8526 8525 8502
f 8502 8525 8503
f 8525 8524 8503
f 8503 8524 8504
f 8524 8523 8504
f 8504 8523 8505
f 8523 8522 8505
f 8505 8522 8506
f 8522 8521 8506
f 8506 8521 8507
f 8521 8520 8507
f 8507 8520 8508
f 8520 8519 8508
f 8508 8519 8509
f 8519 8518 8509
f 8509 8518 8510
f 8518 8517 8510
f 8510 8517 8511
f 8517 8516 8511
f 8511 8516 8512
f 8516 8515 8512
f 8512 8515 8513
f 8558 8559 8560
f 8560 8559 8561
f 8560 8561 8562
f 8562 8561 8563
f 8562 8563 8564
f 8564 8563 8565
f 8564 8565 8566
f 8566 8565 8567
f 8565 8568 8567
f 8567 8568 8569
f 8568 8570 8569
f 8569 8570 8571
f 8570 8572 8571
f 8571 8572 8573
f 8573 8574 8571
f 8571 8574 8575
f 8571 8575 8569
f 8569 8575 8576
f 8569 8576 8567
f 8567 8576 8577
f 8567 8577 8566
f 8566 8577 8564
f 8577 8578 8564
f 8564 8578 8562
f 8578 8579 8562
f 8562 8579 8560
f 8579 8580 8560
f 8560 8580 8558
f 8558 8581 8559
f 8559 8581 8582
f 8559 8582 8561
f 8561 8582 8583
f 8561 8583 8563
f 8563 8583 8584
f 8563 8584 8565
f 8565 8584 8568
f 8584 8585 8568
f 8568 8585 8570
f 8585 8586 8570
f 8570 8586 8572
f 8586 8587 8572
f 8572 8587 8573
f 8573 8588 8574
f 8574 8588 8589
f 8574 8589 8575
f 8575 8589 8590
f 8575 8590 8576
f 8576 8590 8591
f 8576 8591 8577
f 8577 8591 8578
f 8591 8592 8578
f 8578 8592 8579
f 8592 8593 8579
f 8579 8593 8580
f 8593 8594 8580
f 8580 8594 8558
f 8558 8595 8581
f 8581 8595 8596
f 8581 8596 8582
f 8582 8596 8597
f 8582 8597 8583
f 8583 8597 8598
f 8583 8598 8584
f 8584 8598 8585
f 8598 8599 8585
f 8585 8599 8586
f 8599 8600 8586
f 8586 8600 8587
f 8600 8601 8587
f 8587 8601 8573
f 8573 8602 8588
f 8588 8602 8603
f 8588 8603 8589
f 8589 8603 8604
f 8589 8604 8590
f 8590 8604 8605
f 8590 8605 8591
f 8591 8605 8592
f 8605 8606 8592
f 8592 8606 8593
f 8606 8607 8593
f 8593 8607 8594
f 8607 8608 8594
f 8594 8608 8558
f 8558 8609 8595
f 8595 8609 8610
f 8595 8610 8596
f 8596 8610 8611
f 8596 8611 8597
f 8597 8611 8612
f 8597 8612 8598
f 8598 8612 8599
f 8612 8613 8599
f 8599 8613 8600
f 8613 8614 8600
f 8600 8614 8601
f 8614 8615 8601
f 8601 8615 8573
f 8573 8616 8602
f 8602 8616 8617
f 8602 8617 8603
f 8603 8617 8618
f 8603 8618 8604
f 8604 8618 8619
f 8604 8619 8605
f 8605 8619 8606
f 8619 8620 8606
f 8606 8620 8607
f 8620 8621 8607
f 8607 8621 8608
f 8621 8622 8608
f 8608 8622 8558
f 8558 8623 8609
f 8609 8623 8624
f 8609 8624 8610
f 8610 8624 8625
f 8610 8625 8611
f 8611 8625 8626
f 8611 8626 8612
f 8612 8626 8613
f 8626 8627 8613
f 8613 8627 8614
f 8627 8628 8614
f 8614 8628 8615
f 8628 8629 8615
f 8615 8629 8573
f 8573 8630 8616
f 8616 8630 8631
f 8616 8631 8617
f 8617 8631 8632
f 8617 8632 8618
f 8618 8632 8633
f 8618 8633 8619
f 8619 8633 8620
f 8633 8634 8620
f 8620 8634 8621
f 8634 8635 8621
f 8621 8635 8622
f 8635 8636 8622
f 8622 8636 8558
f 8558 8637 8638
f 8558 8638 8623
f 8623 8638 8639
f 8623 8639 8624
f 8624 8639 8640
f 8624 8640 8625
f 8625 8640 8641
f 8625 8641 8626
f 8626 8641 8627
f 8641 8642 8627
f 8627 8642 8628
f 8642 8643 8628
f 8628 8643 8629
f 8643 8644 8629
f 8629 8644 8573
f 8644 8645 8573
f 8573 8645 8646
f 8573 8646 8630
f 8630 8646 8647
f 8630 8647 8631
f 8631 8647 8648
f 8631 8648 8632
f 8632 8648 8649
f 8632 8649 8633
f 8633 8649 8634
f 8649 8650 8634
f 8634 8650 8635
f 8650 8651 8635
f 8635 8651 8636
f 8651 8652 8636
f 8636 8652 8558
f 8652 8637 8558
f 8637 8653 8654
f 8637 8654 8638
f 8638 8654 8655
f 8638 8655 8639
f 8639 8655 8656
f 8639 8656 8640
f 8640 8656 8657
f 8640 8657 8641
f 8641 8657 8642
f 8657 8658 8642
f 8642 8658 8643
f 8658 8659 8643
f 8643 8659 8644
f 8659 8660 8644
f 8644 8660 8645
f 8660 8661 8645
f 8645 8661 8662
f 8645 8662 8646
f 8646 8662 8663
f 8646 8663 8647
f 8647 8663 8664
f 8647 8664 8648
f 8648 8664 8665
f 8648 8665 8649
f 8649 8665 8650
f 8665 8666 8650
f 8650 8666 8651
f 8666 8667 8651
f 8651 8667 8652
f 8667 8668 8652
f 8652 8668 8637
f 8668 8653 8637
f 8653 8669 8670
f 8653 8670 8654
f 8654 8670 8671
f 8654 8671 8655
f 8655 8671 8672
f 8655 8672 8656
f 8656 8672 8673
f 8656 8673 8657
f 8657 8673 8658
f 8673 8674 8658
f 8658 8674 8659
f 8674 8675 8659
f 8659 8675 8660
f 8675 8676 8660
f 8660 8676 8661
f 8676 8677 8661
f 8661 8677 8678
f 8661 8678 8662
f 8662 8678 8679
f 8662 8679 8663
f 8663 8679 8680
f 8663 8680 8664
f 8664 8680 8681
f 8664 8681 8665
f 8665 8681 8666
f 8681 8682 8666
f 8666 8682 8667
f 8682 8683 8667
f 8667 8683 8668
f 8683 8684 8668
f 8668 8684 8653
f 8684 8669 8653
f 8669 8685 8686
f 8669 8686 8670
f 8670 8686 8687
f 8670 8687 8671
f 8671 8687 8688
f 8671 8688 8672
f 8672 8688 8689
f 8672 8689 8673
f 8673 8689 8674
f 8689 8690 8674
f 8674 8690 8675
f 8690 8691 8675
f 8675 8691 8676
f 8691 8692 8676
f 8676 8692 8677
f 8692 8693 8677
f 8677 8693 8694
f 8677 8694 8678
f 8678 8694 8695
f 8678 8695 8679
f 8679 8695 8696
f 8679 8696 8680
f 8680 8696 8697
f 8680 8697 8681
f 8681 8697 8682
f 8697 8698 8682
f 8682 8698 8683
f 8698 8699 8683
f 8683 8699 8684
f 8699 8700 8684
f 8684 8700 8669
f 8700 8685 8669
f 8685 8701 8702
f 8685 8702 8686
f 8686 8702 8703
f 8686 8703 8687
f 8687 8703 8704
f 8687 8704 8688
f 8688 8704 8705
f 8688 8705 8689
f 8689 8705 8690
f 8705 8706 8690
f 8690 8706 8691
f 8706 8707 8691
f 8691 8707 8692
f 8707 8708 8692
f 8692 8708 8693
f 8708 8709 8693
f 8693 8709 8710
f 8693 8710 8694
f 8694 8710 8711
f 8694 8711 8695
f 8695 8711 8712
f 8695 8712 8696
f 8696 8712 8713
f 8696 8713 8697
f 8697 8713 8698
f 8713 8714 8698
f 8698 8714 8699
f 8714 8715 8699
f 8699 8715 8700
f 8715 8716 8700
f 8700 8716 8685
f 8716 8701 8685
f 8701 8717 8718
f 8701 8718 8702
f 8702 8718 8719
f 8702 8719 8703
f 8703 8719 8720
f 8703 8720 8704
f 8704 8720 8721
f 8704 8721 8705
f 8705 8721 8706
f 8721 8722 8706
f 8706 8722 8707
f 8722 8723 8707
f 8707 8723 8708
f 8723 8724 8708
f 8708 8724 8709
f 8724 8725 8709
f 8709 8725 8726
f 8709 8726 8710
f 8710 8726 8727
f 8710 8727 8711
f 8711 8727 8728
f 8711 8728 8712
f 8712 8728 8729
f 8712 8729 8713
f 8713 8729 8714
f 8729 8730 8714
f 8714 8730 8715
f 8730 8731 8715
f 8715 8731 8716
f 8731 8732 8716
f 8716 8732 8701
f 8732 8717 8701
f 8717 8733 8734
f 8717 8734 8718
f 8718 8734 8735
f 8718 8735 8719
f 8719 8735 8736
f 8719 8736 8720
f 8720 8736 8737
f 8720 8737 8721
f 8721 8737 8722
f 8737 8738 8722
f 8722 8738 8723
f 8738 8739 8723
f 8723 8739 8724
f 8739 8740 8724
f 8724 8740 8725
f 8740 8741 8725
f 8725 8741 8742
f 8725 8742 8726
f 8726 8742 8743
f 8726 8743 8727
f 8727 8743 8744
f 8727 8744 8728
f 8728 8744 8745
f 8728 8745 8729
f 8729 8745 8730
f 8745 8746 8730
f 8730 8746 8731
f 8746 8747 8731
f 8731 8747 8732
f 8747 8748 8732
f 8732 8748 8717
f 8748 8733 8717
f 8733 8749 8750
f 8733 8750 8734
f 8734 8750 8751
f 8734 8751 8735
f 8735 8751 8752
f 8735 8752 8736
f 8736 8752 8753
f 8736 8753 8737
f 8737 8753 8738
f 8753 8754 8738
f 8738 8754 8739
f 8754 8755 8739
f 8739 8755 8740
f 8755 8756 8740
f 8740 8756 8741
f 8756 8757 8741
f 8741 8757 8758
f 8741 8758 8742
f 8742 8758 8759
f 8742 8759 8743
f 8743 8759 8760
f 8743 8760 8744
f 8744 8760 8761
f 8744 8761 8745
f 8745 8761 8746
f 8761 8762 8746
f 8746 8762 8747
f 8762 8763 8747
f 8747 8763 8748
f 8763 8764 8748
f 8748 8764 8733
f 8764 8749 8733
f 8749 8765 8766
f 8749 8766 8750
f 8750 8766 8767
f 8750 8767 8751
f 8751 8767 8768
f 8751 8768 8752
f 8752 8768 8769
f 8752 8769 8753
f 8753 8769 8754
f 8769 8770 8754
f 8754 8770 8755
f 8770 8771 8755
f 8755 8771 8756
f 8771 8772 8756
f 8756 8772 8757
f 8772 8773 8757
f 8757 8773 8774
f 8757 8774 8758
f 8758 8774 8775
f 8758 8775 8759
f 8759 8775 8776
f 8759 8776 8760
f 8760 8776 8777
f 8760 8777 8761
f 8761 8777 8762
f 8777 8778 8762
f 8762 8778 8763
f 8778 8779 8763
f 8763 8779 8764
f 8779 8780 8764
f 8764 8780 8749
f 8780 8765 8749
f 8765 8781 8782
f 8765 8782 8766
f 8766 8782 8783
f 8766 8783 8767
f 8767 8783 8784
f 8767 8784 8768
f 8768 8784 8785
f 8768 8785 8769
f 8769 8785 8770
f 8785 8786 8770
f 8770 8786 8771
f 8786 8787 8771
f 8771 8787 8772
f 8787 8788 8772
f 8772 8788 8773
f 8788 8789 8773
f 8773 8789 8790
f 8773 8790 8774
f 8774 8790 8791
f 8774 8791 8775
f 8775 8791 8792
f 8775 8792 8776
f 8776 8792 8793
f 8776 8793 8777
f 8777 8793 8778
f 8793 8794 8778
f 8778 8794 8779
f 8794 8795 8779
f 8779 8795 8780
f 8795 8796 8780
f 8780 8796 8765
f 8796 8781 8765
f 8781 8797 8798
f 8781 8798 8782
f 8782 8798 8799
f 8782 8799 8783
f 8783 8799 8800
f 8783 8800 8784
f 8784 8800 8801
f 8784 8801 8785
f 8785 8801 8786
f 8801 8802 8786
f 8786 8802 8787
f 8802 8803 8787
f 8787 8803 8788
f 8803 8804 8788
f 8788 8804 8789
f 8804 8805 8789
f 8789 8805 8806
f 8789 8806 8790
f 8790 8806 8807
f 8790 8807 8791
f 8791 8807 8808
f 8791 8808 8792
f 8792 8808 8809
f 8792 8809 8793
f 8793 8809 8794
f 8809 8810 8794
f 8794 8810 8795
f 8810 8811 8795
f 8795 8811 8796
f 8811 8812 8796
f 8796 8812 8781
f 8812 8797 8781
f 8797 8813 8814
f 8797 8814 8798
f 8798 8814 8815
f 8798 8815 8799
f 8799 8815 8816
f 8799 8816 8800
f 8800 8816 8817
f 8800 8817 8801
f 8801 8817 8802
f 8817 8818 8802
f 8802 8818 8803
f 8818 8819 8803
f 8803 8819 8804
f 8819 8820 8804
f 8804 8820 8805
f 8820 8821 8805
f 8805 8821 8822
f 8805 8822 8806
f 8806 8822 8823
f 8806 8823 8807
f 8807 8823 8824
f 8807 8824 8808
f 8808 8824 8825
f 8808 8825 8809
f 8809 8825 8810
f 8825 8826 8810
f 8810 8826 8811
f 8826 8827 8811
f 8811 8827 8812
f 8827 8828 8812
f 8812 8828 8797
f 8828 8813 8797
f 8813 8829 8830
f 8813 8830 8814
f 8814 8830 8831
f 8814 8831 8815
f 8815 8831 8832
f 8815 8832 8816
f 8816 8832 8833
f 8816 8833 8817
f 8817 8833 8818
f 8833 8834 8818
f 8818 8834 8819
f 8834 8835 8819
f 8819 8835 8820
f 8835 8836 8820
f 8820 8836 8821
f 8836 8837 8821
f 8821 8837 8838
f 8821 8838 8822
f 8822 8838 8839
f 8822 8839 8823
f 8823 8839 8840
f 8823 8840 8824
f 8824 8840 8841
f 8824 8841 8825
f 8825 8841 8826
f 8841 8842 8826
f 8826 8842 8827
f 8842 8843 8827
f 8827 8843 8828
f 8843 8844 8828
f 8828 8844 8813
f 8844 8829 8813
f 8829 8845 8846
f 8829 8846 8830
f 8830 8846 8847
f 8830 8847 8831
f 8831 8847 8848
f 8831 8848 8832
f 8832 8848 8849
f 8832 8849 8833
f 8833 8849 8834
f 8849 8850 8834
f 8834 8850 8835
f 8850 8851 8835
f 8835 8851 8836
f 8851 8852 8836
f 8836 8852 8837
f 8852 8853 8837
f 8837 8853 8854
f 8837 8854 8838
f 8838 8854 8855
f 8838 8855 8839
f 8839 8855 8856
f 8839 8856 8840
f 8840 8856 8857
f 8840 8857 8841
f 8841 8857 8842
f 8857 8858 8842
f 8842 8858 8843
f 8858 8859 8843
f 8843 8859 8844
f 8859 8860 8844
f 8844 8860 8829
f 8860 8845 8829
f 8845 8861 8862
f 8845 8862 8846
f 8846 8862 8863
f 8846 8863 8847
f 8847 8863 8864
f 8847 8864 8848
f 8848 8864 8865
f 8848 8865 8849
f 8849 8865 8850
f 8865 8866 8850
f 8850 8866 8851
f 8866 8867 8851
f 8851 8867 8852
f 8867 8868 8852
f 8852 8868 8853
f 8868 8869 8853
f 8853 8869 8870
f 8853 8870 8854
f 8854 8870 8871
f 8854 8871 8855
f 8855 8871 8872
f 8855 8872 8856
f 8856 8872 8873
f 8856 8873 8857
f 8857 8873 8858
f 8873 8874 8858
f 8858 8874 8859
f 8874 8875 8859
f 8859 8875 8860
f 8875 8876 8860
f 8860 8876 8845
f 8876 8861 8845
f 8861 8877 8878
f 8861 8878 8862
f 8862 8878 8879
f 8862 8879 8863
f 8863 8879 8880
f 8863 8880 8864
f 8864 8880 8881
f 8864 8881 8865
f 8865 8881 8866
f 8881 8882 8866
f 8866 8882 8867
f 8882 8883 8867
f 8867 8883 8868
f 8883 8884 8868
f 8868 8884 8869
f 8884 8885 8869
f 8869 8885 8886
f 8869 8886 8870
f 8870 8886 8887
f 8870 8887 8871
f 8871 8887 8888
f 8871 8888 8872
f 8872 8888 8889
f 8872 8889 8873
f 8873 8889 8874
f 8889 8890 8874
f 8874 8890 8875
f 8890 8891 8875
f 8875 8891 8876
f 8891 8892 8876
f 8876 8892 8861
f 8892 8877 8861
f 8877 8893 8894
f 8877 8894 8878
f 8878 8894 8895
f 8878 8895 8879
f 8879 8895 8896
f 8879 8896 8880
f 8880 8896 8897
f 8880 8897 8881
f 8881 8897 8882
f 8897 8898 8882
f 8882 8898 8883
f 8898 8899 8883
f 8883 8899 8884
f 8899 8900 8884
f 8884 8900 8885
f 8900 8901 8885
f 8885 8901 8902
f 8885 8902 8886
f 8886 8902 8903
f 8886 8903 8887
f 8887 8903 8904
f 8887 8904 8888
f 8888 8904 8905
f 8888 8905 8889
f 8889 8905 8890
f 8905 8906 8890
f 8890 8906 8891
f 8906 8907 8891
f 8891 8907 8892
f 8907 8908 8892
f 8892 8908 8877
f 8908 8893 8877
f 8893 8909 8910
f 8893 8910 8894
f 8894 8910 8911
f 8894 8911 8895
f 8895 8911 8912
f 8895 8912 8896
f 8896 8912 8913
f 8896 8913 8897
f 8897 8913 8898
f 8913 8914 8898
f 8898 8914 8899
f 8914 8915 8899
f 8899 8915 8900
f 8915 8916 8900
f 8900 8916 8901
f 8916 8917 8901
f 8901 8917 8918
f 8901 8918 8902
f 8902 8918 8919
f 8902 8919 8903
f 8903 8919 8920
f 8903 8920 8904
f 8904 8920 8921
f 8904 8921 8905
f 8905 8921 8906
f 8921 8922 8906
f 8906 8922 8907
f 8922 8923 8907
f 8907 8923 8908
f 8923 8924 8908
f 8908 8924 8893
f 8924 8909 8893
f 8909 8925 8926
f 8909 8926 8910
f 8910 8926 8927
f 8910 8927 8911
f 8911 8927 8928
f 8911 8928 8912
f 8912 8928 8929
f 8912 8929 8913
f 8913 8929 8914
f 8929 8930 8914
f 8914 8930 8915
f 8930 8931 8915
f 8915 8931 8916
f 8931 8932 8916
f 8916 8932 8917
f 8932 8933 8917
f 8917 8933 8934
f 8917 8934 8918
f 8918 8934 8935
f 8918 8935 8919
f 8919 8935 8936
f 8919 8936 8920
f 8920 8936 8937
f 8920 8937 8921
f 8921 8937 8922
f 8937 8938 8922
f 8922 8938 8923
f 8938 8939 8923
f 8923 8939 8924
f 8939 8940 8924
f 8924 8940 8909
f 8940 8925 8909
f 8925 8941 8942
f 8925 8942 8926
f 8926 8942 8943
f 8926 8943 8927
f 8927 8943 8944
f 8927 8944 8928
f 8928 8944 8945
f 8928 8945 8929
f 8929 8945 8930
f 8945 8946 8930
f 8930 8946 8931
f 8946 8947 8931
f 8931 8947 8932
f 8947 8948 8932
f 8932 8948 8933
f 8948 8949 8933
f 8933 8949 8950
f 8933 8950 8934
f 8934 8950 8951
f 8934 8951 8935
f 8935 8951 8952
f 8935 8952 8936
f 8936 8952 8953
f 8936 8953 8937
f 8937 8953 8938
f 8953 8954 8938
f 8938 8954 8939
f 8954 8955 8939
f 8939 8955 8940
f 8955 8956 8940
f 8940 8956 8925
f 8956 8941 8925
f 8941 8957 8958
f 8941 8958 8942
f 8942 8958 8959
f 8942 8959 8943
f 8943 8959 8960
f 8943 8960 8944
f 8944 8960 8961
f 8944 8961 8945
f 8945 8961 8946
f 8961 8962 8946
f 8946 8962 8947
f 8962 8963 8947
f 8947 8963 8948
f 8963 8964 8948
f 8948 8964 8949
f 8964 8965 8949
f 8949 8965 8966
f 8949 8966 8950
f 8950 8966 8967
f 8950 8967 8951
f 8951 8967 8968
f 8951 8968 8952
f 8952 8968 8969
f 8952 8969 8953
f 8953 8969 8954
f 8969 8970 8954
f 8954 8970 8955
f 8970 8971 8955
f 8955 8971 8956
f 8971 8972 8956
f 8956 8972 8941
f 8972 8957 8941
f 8957 8973 8974
f 8957 8974 8958
f 8958 8974 8975
f 8958 8975 8959
f 8959 8975 8976
f 8959 8976 8960
f 8960 8976 8977
f 8960 8977 8961
f 8961 8977 8962
f 8977 8978 8962
f 8962 8978 8963
f 8978 8979 8963
f 8963 8979 8964
f 8979 8980 8964
f 8964 8980 8965
f 8980 8981 8965
f 8965 8981 8982
f 8965 8982 8966
f 8966 8982 8983
f 8966 8983 8967
f 8967 8983 8984
f 8967 8984 8968
f 8968 8984 8985
f 8968 8985 8969
f 8969 8985 8970
f 8985 8986 8970
f 8970 8986 8971
f 8986 8987 8971
f 8971 8987 8972
f 8987 8988 8972
f 8972 8988 8957
f 8988 8973 8957
f 8973 8989 8990
f 8973 8990 8974
f 8974 8990 8991
f 8974 8991 8975
f 8975 8991 8992
f 8975 8992 8976
f 8976 8992 8993
f 8976 8993 8977
f 8977 8993 8978
f 8993 8994 8978
f 8978 8994 8979
f 8994 8995 8979
f 8979 8995 8980
f 8995 8996 8980
f 8980 8996 8981
f 8996 8997 8981
f 8981 8997 8998
f 8981 8998 8982
f 8982 8998 8999
f 8982 8999 8983
f 8983 8999 9000
f 8983 9000 8984
f 8984 9000 9001
f 8984 9001 8985
f 8985 9001 8986
f 9001 9002 8986
f 8986 9002 8987
f 9002 9003 8987
f 8987 9003 8988
f 9003 9004 8988
f 8988 9004 8973
f 9004 8989 8973
f 8989 9005 9006
f 8989 9006 8990
f 8990 9006 9007
f 8990 9007 8991
f 8991 9007 9008
f 8991 9008 8992
f 8992 9008 9009
f 8992 9009 8993
f 8993 9009 8994
f 9009 9010 8994
f 8994 9010 8995
f 9010 9011 8995
f 8995 9011 8996
f 9011 9012 8996
f 8996 9012 8997
f 9012 9013 8997
f 8997 9013 9014
f 8997 9014 8998
f 8998 9014 9015
f 8998 9015 8999
f 8999 9015 9016
f 8999 9016 9000
f 9000 9016 9017
f 9000 9017 9001
f 9001 9017 9002
f 9017 9018 9002
f 9002 9018 9003
f 9018 9019 9003
f 9003 9019 9004
f 9019 9020 9004
f 9004 9020 8989
f 9020 9005 8989
f 9005 9021 9022
f 9005 9022 9006
f 9006 9022 9023
f 9006 9023 9007
f 9007 9023 9024
f 9007 9024 9008
f 9008 9024 9025
f 9008 9025 9009
f 9009 9025 9010
f 9025 9026 9010
f 9010 9026 9011
f 9026 9027 9011
f 9011 9027 9012
f 9027 9028 9012
f 9012 9028 9013
f 9028 9029 9013
f 9013 9029 9030
f 9013 9030 9014
f 9014 9030 9031
f 9014 9031 9015
f 9015 9031 9032
f 9015 9032 9016
f 9016 9032 9033
f 9016 9033 9017
f 9017 9033 9018
f 9033 9034 9018
f 9018 9034 9019
f 9034 9035 9019
f 9019 9035 9020
f 9035 9036 9020
f 9020 9036 9005
f 9036 9021 9005
f 9021 9037 9038
f 9021 9038 9022
f 9022 9038 9039
f 9022 9039 9023
f 9023 9039 9040
f 9023 9040 9024
f 9024 9040 9041
f 9024 9041 9025
f 9025 9041 9026
f 9041 9042 9026
f 9026 9042 9027
f 9042 9043 9027
f 9027 9043 9028
f 9043 9044 9028
f 9028 9044 9029
f 9044 9045 9029
f 9029 9045 9046
f 9029 9046 9030
f 9030 9046 9047
f 9030 9047 9031
f 9031 9047 9048
f 9031 9048 9032
f 9032 9048 9049
f 9032 9049 9033
f 9033 9049 9034
f 9049 9050 9034
f 9034 9050 9035
f 9050 9051 9035
f 9035 9051 9036
f 9051 9052 9036
f 9036 9052 9021
f 9052 9037 9021
f 9037 9053 9054
f 9037 9054 9038
f 9038 9054 9055
f 9038 9055 9039
f 9039 9055 9056
f 9039 9056 9040
f 9040 9056 9057
f 9040 9057 9041
f 9041 9057 9042
f 9057 9058 9042
f 9042 9058 9043
f 9058 9059 9043
f 9043 9059 9044
f 9059 9060 9044
f 9044 9060 9045
f 9060 9061 9045
f 9045 9061 9062
f 9045 9062 9046
f 9046 9062 9063
f 9046 9063 9047
f 9047 9063 9064
f 9047 9064 9048
f 9048 9064 9065
f 9048 9065 9049
f 9049 9065 9050
f 9065 9066 9050
f 9050 9066 9051
f 9066 9067 9051
f 9051 9067 9052
f 9067 9068 9052
f 9052 9068 9037
f 9068 9053 9037
f 9053 9069 9070
f 9053 9070 9054
f 9054 9070 9071
f 9054 9071 9055
f 9055 9071 9072
f 9055 9072 9056
f 9056 9072 9073
f 9056 9073 9057
f 9057 9073 9058
f 9073 9074 9058
f 9058 9074 9059
f 9074 9075 9059
f 9059 9075 9060
f 9075 9076 9060
f 9060 9076 9061
f 9076 9077 9061
f 9061 9077 9078
f 9061 9078 9062
f 9062 9078 9079
f 9062 9079 9063
f 9063 9079 9080
f 9063 9080 9064
f 9064 9080 9081
f 9064 9081 9065
f 9065 9081 9066
f 9081 9082 9066
f 9066 9082 9067
f 9082 9083 9067
f 9067 9083 9068
f 9083 9084 9068
f 9068 9084 9053
f 9084 9069 9053
f 9069 9085 9086
f 9069 9086 9070
f 9070 9086 9087
f 9070 9087 9071
f 9071 9087 9088
f 9071 9088 9072
f 9072 9088 9089
f 9072 9089 9073
f 9073 9089 9074
f 9089 9090 9074
f 9074 9090 9075
f 9090 9091 9075
f 9075 9091 9076
f 9091 9092 9076
f 9076 9092 9077
f 9092 9093 9077
f 9077 9093 9094
f 9077 9094 9078
f 9078 9094 9095
f 9078 9095 9079
f 9079 9095 9096
f 9079 9096 9080
f 9080 9096 9097
f 9080 9097 9081
f 9081 9097 9082
f 9097 9098 9082
f 9082 9098 9083
f 9098 9099 9083
f 9083 9099 9084
f 9099 9100 9084
f 9084 9100 9069
f 9100 9085 9069
f 9085 9101 9102
f 9085 9102 9086
f 9086 9102 9103
f 9086 9103 9087
f 9087 9103 9104
f 9087 9104 9088
f 9088 9104 9105
f 9088 9105 9089
f 9089 9105 9090
f 9105 9106 9090
f 9090 9106 9091
f 9106 9107 9091
f 9091 9107 9092
f 9107 9108 9092
f 9092 9108 9093
f 9108 9109 9093
f 9093 9109 9110
f 9093 9110 9094
f 9094 9110 9111
f 9094 9111 9095
f 9095 9111 9112
f 9095 9112 9096
f 9096 9112 9113
f 9096 9113 9097
f 9097 9113 9098
f 9113 9114 9098
f 9098 9114 9099
f 9114 9115 9099
f 9099 9115 9100
f 9115 9116 9100
f 9100 9116 9085
f 9116 9101 9085
f 9101 9117 9118
f 9101 9118 9102
f 9102 9118 9119
f 9102 9119 9103
f 9103 9119 9120
f 9103 9120 9104
f 9104 9120 9121
f 9104 9121 9105
f 9105 9121 9106
f 9121 9122 9106
f 9106 9122 9107
f 9122 9123 9107
f 9107 9123 9108
f 9123 9124 9108
f 9108 9124 9109
f 9124 9125 9109
f 9109 9125 9126
f 9109 9126 9110
f 9110 9126 9127
f 9110 9127 9111
f 9111 9127 9128
f 9111 9128 9112
f 9112 9128 9129
f 9112 9129 9113
f 9113 9129 9114
f 9129 9130 9114
f 9114 9130 9115
f 9130 9131 9115
f 9115 9131 9116
f 9131 9132 9116
f 9116 9132 9101
f 9132 9117 9101
f 9117 9133 9134
f 9117 9134 9118
f 9118 9134 9135
f 9118 9135 9119
f 9119 9135 9136
f 9119 9136 9120
f 9120 9136 9137
f 9120 9137 9121
f 9121 9137 9122
f 9137 9138 9122
f 9122 9138 9123
f 9138 9139 9123
f 9123 9139 9124
f 9139 9140 9124
f 9124 9140 9125
f 9140 9141 9125
f 9125 9141 9142
f 9125 9142 9126
f 9126 9142 9143
f 9126 9143 9127
f 9127 9143 9144
f 9127 9144 9128
f 9128 9144 9145
f 9128 9145 9129
f 9129 9145 9130
f 9145 9146 9130
f 9130 9146 9131
f 9146 9147 9131
f 9131 9147 9132
f 9147 9148 9132
f 9132 9148 9117
f 9148 9133 9117
f 9133 9149 9150
f 9133 9150 9134
f 9134 9150 9151
f 9134 9151 9135
f 9135 9151 9152
f 9135 9152 9136
f 9136 9152 9153
f 9136 9153 9137
f 9137 9153 9138
f 9153 9154 9138
f 9138 9154 9139
f 9154 9155 9139
f 9139 9155 9140
f 9155 9156 9140
f 9140 9156 9141
f 9156 9157 9141
f 9141 9157 9158
f 9141 9158 9142
f 9142 9158 9159
f 9142 9159 9143
f 9143 9159 9160
f 9143 9160 9144
f 9144 9160 9161
f 9144 9161 9145
f 9145 9161 9146
f 9161 9162 9146
f 9146 9162 9147
f 9162 9163 9147
f 9147 9163 9148
f 9163 9164 9148
f 9148 9164 9133
f 9164 9149 9133
f 9149 9165 9166
f 9149 9166 9150
f 9150 9166 9167
f 9150 9167 9151
f 9151 9167 9168
f 9151 9168 9152
f 9152 9168 9169
f 9152 9169 9153
f 9153 9169 9154
f 9169 9170 9154
f 9154 9170 9155
f 9170 9171 9155
f 9155 9171 9156
f 9171 9172 9156
f 9156 9172 9157
f 9172 9173 9157
f 9157 9173 9174
f 9157 9174 9158
f 9158 9174 9175
f 9158 9175 9159
f 9159 9175 9176
f 9159 9176 9160
f 9160 9176 9177
f 9160 9177 9161
f 9161 9177 9162
f 9177 9178 9162
f 9162 9178 9163
f 9178 9179 9163
f 9163 9179 9164
f 9179 9180 9164
f 9164 9180 9149
f 9180 9165 9149
f 9165 9181 9182
f 9165 9182 9166
f 9166 9182 9183
f 9166 9183 9167
f 9167 9183 9184
f 9167 9184 9168
f 9168 9184 9185
f 9168 9185 9169
f 9169 9185 9170
f 9185 9186 9170
f 9170 9186 9171
f 9186 9187 9171
f 9171 9187 9172
f 9187 9188 9172
f 9172 9188 9173
f 9188 9189 9173
f 9173 9189 9190
f 9173 9190 9174
f 9174 9190 9191
f 9174 9191 9175
f 9175 9191 9192
f 9175 9192 9176
f 9176 9192 9193
f 9176 9193 9177
f 9177 9193 9178
f 9193 9194 9178
f 9178 9194 9179
f 9194 9195 9179
f 9179 9195 9180
f 9195 9196 9180
f 9180 9196 9165
f 9196 9181 9165
f 9181 9197 9198
f 9181 9198 9182
f 9182 9198 9199
f 9182 9199 9183
f 9183 9199 9200
f 9183 9200 9184
f 9184 9200 9201
f 9184 9201 9185
f 9185 9201 9186
f 9201 9202 9186
f 9186 9202 9187
f 9202 9203 9187
f 9187 9203 9188
f 9203 9204 9188
f 9188 9204 9189
f 9204 9205 9189
f 9189 9205 9206
f 9189 9206 9190
f 9190 9206 9207
f 9190 9207 9191
f 9191 9207 9208
f 9191 9208 9192
f 9192 9208 9209
f 9192 9209 9193
f 9193 9209 9194
f 9209 9210 9194
f 9194 9210 9195
f 9210 9211 9195
f 9195 9211 9196
f 9211 9212 9196
f 9196 9212 9181
f 9212 9197 9181
f 9197 9213 9214
f 9197 9214 9198
f 9198 9214 9215
f 9198 9215 9199
f 9199 9215 9216
f 9199 9216 9200
f 9200 9216 9217
f 9200 9217 9201
f 9201 9217 9202
f 9217 9218 9202
f 9202 9218 9203
f 9218 9219 9203
f 9203 9219 9204
f 9219 9220 9204
f 9204 9220 9205
f 9220 9221 9205
f 9205 9221 9222
f 9205 9222 9206
f 9206 9222 9223
f 9206 9223 9207
f 9207 9223 9224
f 9207 9224 9208
f 9208 9224 9225
f 9208 9225 9209
f 9209 9225 9210
f 9225 9226 9210
f 9210 9226 9211
f 9226 9227 9211
f 9211 9227 9212
f 9227 9228 9212
f 9212 9228 9197
f 9228 9213 9197
f 9213 9229 9230
f 9213 9230 9214
f 9214 9230 9231
f 9214 9231 9215
f 9215 9231 9232
f 9215 9232 9216
f 9216 9232 9233
f 9216 9233 9217
f 9217 9233 9218
f 9233 9234 9218
f 9218 9234 9219
f 9234 9235 9219
f 9219 9235 9220
f 9235 9236 9220
f 9220 9236 9221
f 9236 9237 9221
f 9221 9237 9238
f 9221 9238 9222
f 9222 9238 9239
f 9222 9239 9223
f 9223 9239 9240
f 9223 9240 9224
f 9224 9240 9241
f 9224 9241 9225
f 9225 9241 9226
f 9241 9242 9226
f 9226 9242 9227
f 9242 9243 9227
f 9227 9243 9228
f 9243 9244 9228
f 9228 9244 9213
f 9244 9229 9213
f 9229 9245 9246
f 9229 9246 9230
f 9230 9246 9247
f 9230 9247 9231
f 9231 9247 9248
f 9231 9248 9232
f 9232 9248 9249
f 9232 9249 9233
f 9233 9249 9234
f 9249 9250 9234
f 9234 9250 9235
f 9250 9251 9235
f 9235 9251 9236
f 9251 9252 9236
f 9236 9252 9237
f 9252 9253 9237
f 9237 9253 9254
f 9237 9254 9238
f 9238 9254 9255
f 9238 9255 9239
f 9239 9255 9256
f 9239 9256 9240
f 9240 9256 9257
f 9240 9257 9241
f 9241 9257 9242
f 9257 9258 9242
f 9242 9258 9243
f 9258 9259 9243
f 9243 9259 9244
f 9259 9260 9244
f 9244 9260 9229
f 9260 9245 9229
f 9245 9261 9262
f 9245 9262 9246
f 9246 9262 9263
f 9246 9263 9247
f 9247 9263 9264
f 9247 9264 9248
f 9248 9264 9265
f 9248 9265 9249
f 9249 9265 9250
f 9265 9266 9250
f 9250 9266 9251
f 9266 9267 9251
f 9251 9267 9252
f 9267 9268 9252
f 9252 9268 9253
f 9268 9269 9253
f 9253 9269 9270
f 9253 9270 9254
f 9254 9270 9271
f 9254 9271 9255
f 9255 9271 9272
f 9255 9272 9256
f 9256 9272 9273
f 9256 9273 9257
f 9257 9273 9258
f 9273 9274 9258
f 9258 9274 9259
f 9274 9275 9259
f 9259 9275 9260
f 9275 9276 9260
f 9260 9276 9245
f 9276 9261 9245
f 9261 9277 9278
f 9261 9278 9262
f 9262 9278 9279
f 9262 9279 9263
f 9263 9279 9280
f 9263 9280 9264
f 9264 9280 9281
f 9264 9281 9265
f 9265 9281 9266
f 9281 9282 9266
f 9266 9282 9267
f 9282 9283 9267
f 9267 9283 9268
f 9283 9284 9268
f 9268 9284 9269
f 9284 9285 9269
f 9269 9285 9286
f 9269 9286 9270
f 9270 9286 9287
f 9270 9287 9271
f 9271 9287 9288
f 9271 9288 9272
f 9272 9288 9289
f 9272 9289 9273
f 9273 9289 9274
f 9289 9290 9274
f 9274 9290 9275
f 9290 9291 9275
f 9275 9291 9276
f 9291 9292 9276
f 9276 9292 9261
f 9292 9277 9261
f 9277 9293 9294
f 9277 9294 9278
f 9278 9294 9295
f 9278 9295 9279
f 9279 9295 9296
f 9279 9296 9280
f 9280 9296 9297
f 9280 9297 9281
f 9281 9297 9282
f 9297 9298 9282
f 9282 9298 9283
f 9298 9299 9283
f 9283 9299 9284
f 9299 9300 9284
f 9284 9300 9285
f 9300 9301 9285
f 9285 9301 9302
f 9285 9302 9286
f 9286 9302 9303
f 9286 9303 9287
f 9287 9303 9304
f 9287 9304 9288
f 9288 9304 9305
f 9288 9305 9289
f 9289 9305 9290
f 9305 9306 9290
f 9290 9306 9291
f 9306 9307 9291
f 9291 9307 9292
f 9307 9308 9292
f 9292 9308 9277
f 9308 9293 9277
f 9293 9309 9294
f 9294 9309 9295
f 9295 9309 9296
f 9296 9309 9297
f 9297 9309 9298
f 9298 9309 9299
f 9299 9309 9300
f 9300 9309 9301
f 9301 9309 9302
f 9302 9309 9303
f 9303 9309 9304
f 9304 9309 9305
f 9305 9309 9306
f 9306 9309 9307
f 9307 9309 9308
f 9308 9309 9293
f 9310 9311 9312
f 9312 9311 9313
f 9312 9313 9314
f 9314 9313 9315
f 9314 9315 9316
f 9316 9315 9317
f 9316 9317 9318
f 9318 9317 9319
f 9317 9320 9319
f 9319 9320 9321
f 9320 9322 9321
f 9321 9322 9323
f 9322 9324 9323
f 9323 9324 9325
f 9325 9326 9323
f 9323 9326 9327
f 9323 9327 9321
f 9321 9327 9328
f 9321 9328 9319
f 9319 9328 9329
f 9319 9329 9318
f 9318 9329 9316
f 9329 9330 9316
f 9316 9330 9314
f 9330 9331 9314
f 9314 9331 9312
f 9331 9332 9312
f 9312 9332 9310
f 9310 9333 9311
f 9311 9333 9334
f 9311 9334 9313
f 9313 9334 9335
f 9313 9335 9315
f 9315 9335 9336
f 9315 9336 9317
f 9317 9336 9320
f 9336 9337 9320
f 9320 9337 9322
f 9337 9338 9322
f 9322 9338 9324
f 9338 9339 9324
f 9324 9339 9325
f 9325 9340 9326
f 9326 9340 9341
f 9326 9341 9327
f 9327 9341 9342
f 9327 9342 9328
f 9328 9342 9343
f 9328 9343 9329
f 9329 9343 9330
f 9343 9344 9330
f 9330 9344 9331
f 9344 9345 9331
f 9331 9345 9332
f 9345 9346 9332
f 9332 9346 9310
f 9310 9347 9333
f 9333 9347 9348
f 9333 9348 9334
f 9334 9348 9349
f 9334 9349 9335
f 9335 9349 9350
f 9335 9350 9336
f 9336 9350 9337
f 9350 9351 9337
f 9337 9351 9338
f 9351 9352 9338
f 9338 9352 9339
f 9352 9353 9339
f 9339 9353 9325
f 9325 9354 9340
f 9340 9354 9355
f 9340 9355 9341
f 9341 9355 9356
f 9341 9356 9342
f 9342 9356 9357
f 9342 9357 9343
f 9343 9357 9344
f 9357 9358 9344
f 9344 9358 9345
f 9358 9359 9345
f 9345 9359 9346
f 9359 9360 9346
f 9346 9360 9310
f 9310 9361 9347
f 9347 9361 9362
f 9347 9362 9348
f 9348 9362 9363
f 9348 9363 9349
f 9349 9363 9364
f 9349 9364 9350
f 9350 9364 9351
f 9364 9365 9351
f 9351 9365 9352
f 9365 9366 9352
f 9352 9366 9353
f 9366 9367 9353
f 9353 9367 9325
f 9325 9368 9354
f 9354 9368 9369
f 9354 9369 9355
f 9355 9369 9370
f 9355 9370 9356
f 9356 9370 9371
f 9356 9371 9357
f 9357 9371 9358
f 9371 9372 9358
f 9358 9372 9359
f 9372 9373 9359
f 9359 9373 9360
f 9373 9374 9360
f 9360 9374 9310
f 9310 9375 9361
f 9361 9375 9376
f 9361 9376 9362
f 9362 9376 9377
f 9362 9377 9363
f 9363 9377 9378
f 9363 9378 9364
f 9364 9378 9365
f 9378 9379 9365
f 9365 9379 9366
f 9379 9380 9366
f 9366 9380 9367
f 9380 9381 9367
f 9367 9381 9325
f 9325 9382 9368
f 9368 9382 9383
f 9368 9383 9369
f 9369 9383 9384
f 9369 9384 9370
f 9370 9384 9385
f 9370 9385 9371
f 9371 9385 9372
f 9385 9386 9372
f 9372 9386 9373
f 9386 9387 9373
f 9373 9387 9374
f 9387 9388 9374
f 9374 9388 9310
f 9310 9389 9375
f 9375 9389 9390
f 9375 9390 9376
f 9376 9390 9391
f 9376 9391 9377
f 9377 9391 9392
f 9377 9392 9378
f 9378 9392 9379
f 9392 9393 9379
f 9379 9393 9380
f 9393 9394 9380
f 9380 9394 9381
f 9394 9395 9381
f 9381 9395 9325
f 9325 9396 9382
f 9382 9396 9397
f 9382 9397 9383
f 9383 9397 9398
f 9383 9398 9384
f 9384 9398 9399
f 9384 9399 9385
f 9385 9399 9386
f 9399 9400 9386
f 9386 9400 9387
f 9400 9401 9387
f 9387 9401 9388
f 9401 9402 9388
f 9388 9402 9310
f 9310 9403 9389
f 9389 9403 9404
f 9389 9404 9390
f 9390 9404 9405
f 9390 9405 9391
f 9391 9405 9406
f 9391 9406 9392
f 9392 9406 9393
f 9406 9407 9393
f 9393 9407 9394
f 9407 9408 9394
f 9394 9408 9395
f 9408 9409 9395
f 9395 9409 9325
f 9325 9410 9396
f 9396 9410 9411
f 9396 9411 9397
f 9397 9411 9412
f 9397 9412 9398
f 9398 9412 9413
f 9398 9413 9399
f 9399 9413 9400
f 9413 9414 9400
f 9400 9414 9401
f 9414 9415 9401
f 9401 9415 9402
f 9415 9416 9402
f 9402 9416 9310
f 9310 9417 9403
f 9403 9417 9418
f 9403 9418 9404
f 9404 9418 9419
f 9404 9419 9405
f 9405 9419 9420
f 9405 9420 9406
f 9406 9420 9407
f 9420 9421 9407
f 9407 9421 9408
f 9421 9422 9408
f 9408 9422 9409
f 9422 9423 9409
f 9409 9423 9325
f 9325 9424 9410
f 9410 9424 9425
f 9410 9425 9411
f 9411 9425 9426
f 9411 9426 9412
f 9412 9426 9427
f 9412 9427 9413
f 9413 9427 9414
f 9427 9428 9414
f 9414 9428 9415
f 9428 9429 9415
f 9415 9429 9416
f 9429 9430 9416
f 9416 9430 9310
f 9310 9431 9417
f 9417 9431 9432
f 9417 9432 9418
f 9418 9432 9433
f 9418 9433 9419
f 9419 9433 9434
f 9419 9434 9420
f 9420 9434 9421
f 9434 9435 9421
f 9421 9435 9422
f 9435 9436 9422
f 9422 9436 9423
f 9436 9437 9423
f 9423 9437 9325
f 9325 9438 9424
f 9424 9438 9439
f 9424 9439 9425
f 9425 9439 9440
f 9425 9440 9426
f 9426 9440 9441
f 9426 9441 9427
f 9427 9441 9428
f 9441 9442 9428
f 9428 9442 9429
f 9442 9443 9429
f 9429 9443 9430
f 9443 9444 9430
f 9430 9444 9310
f 9310 9445 9446
f 9310 9446 9431
f 9431 9446 9447
f 9431 9447 9432
f 9432 9447 9448
f 9432 9448 9433
f 9433 9448 9449
f 9433 9449 9434
f 9434 9449 9435
f 9449 9450 9435
f 9435 9450 9436
f 9450 9451 9436
f 9436 9451 9437
f 9451 9452 9437
f 9437 9452 9325
f 9452 9453 9325
f 9325 9453 9454
f 9325 9454 9438
f 9438 9454 9455
f 9438 9455 9439
f 9439 9455 9456
f 9439 9456 9440
f 9440 9456 9457
f 9440 9457 9441
f 9441 9457 9442
f 9457 9458 9442
f 9442 9458 9443
f 9458 9459 9443
f 9443 9459 9444
f 9459 9460 9444
f 9444 9460 9310
f 9460 9445 9310
f 9445 9461 9462
f 9445 9462 9446
f 9446 9462 9463
f 9446 9463 9447
f 9447 9463 9464
f 9447 9464 9448
f 9448 9464 9465
f 9448 9465 9449
f 9449 9465 9450
f 9465 9466 9450
f 9450 9466 9451
f 9466 9467 9451
f 9451 9467 9452
f 9467 9468 9452
f 9452 9468 9453
f 9468 9469 9453
f 9453 9469 9470
f 9453 9470 9454
f 9454 9470 9471
f 9454 9471 9455
f 9455 9471 9472
f 9455 9472 9456
f 9456 9472 9473
f 9456 9473 9457
f 9457 9473 9458
f 9473 9474 9458
f 9458 9474 9459
f 9474 9475 9459
f 9459 9475 9460
f 9475 9476 9460
f 9460 9476 9445
f 9476 9461 9445
f 9461 9477 9478
f 9461 9478 9462
f 9462 9478 9479
f 9462 9479 9463
f 9463 9479 9480
f 9463 9480 9464
f 9464 9480 9481
f 9464 9481 9465
f 9465 9481 9466
f 9481 9482 9466
f 9466 9482 9467
f 9482 9483 9467
f 9467 9483 9468
f 9483 9484 9468
f 9468 9484 9469
f 9484 9485 9469
f 9469 9485 9486
f 9469 9486 9470
f 9470 9486 9487
f 9470 9487 9471
f 9471 9487 9488
f 9471 9488 9472
f 9472 9488 9489
f 9472 9489 9473
f 9473 9489 9474
f 9489 9490 9474
f 9474 9490 9475
f 9490 9491 9475
f 9475 9491 9476
f 9491 9492 9476
f 9476 9492 9461
f 9492 9477 9461
f 9477 9493 9494
f 9477 9494 9478
f 9478 9494 9495
f 9478 9495 9479
f 9479 9495 9496
f 9479 9496 9480
f 9480 9496 9497
f 9480 9497 9481
f 9481 9497 9482
f 9497 9498 9482
f 9482 9498 9483
f 9498 9499 9483
f 9483 9499 9484
f 9499 9500 9484
f 9484 9500 9485
f 9500 9501 9485
f 9485 9501 9502
f 9485 9502 9486
f 9486 9502 9503
f 9486 9503 9487
f 9487 9503 9504
f 9487 9504 9488
f 9488 9504 9505
f 9488 9505 9489
f 9489 9505 9490
f 9505 9506 9490
f 9490 9506 9491
f 9506 9507 9491
f 9491 9507 9492
f 9507 9508 9492
f 9492 9508 9477
f 9508 9493 9477
f 9493 9509 9510
f 9493 9510 9494
f 9494 9510 9511
f 9494 9511 9495
f 9495 9511 9512
f 9495 9512 9496
f 9496 9512 9513
f 9496 9513 9497
f 9497 9513 9498
f 9513 9514 9498
f 9498 9514 9499
f 9514 9515 9499
f 9499 9515 9500
f 9515 9516 9500
f 9500 9516 9501
f 9516 9517 9501
f 9501 9517 9518
f 9501 9518 9502
f 9502 9518 9519
f 9502 9519 9503
f 9503 9519 9520
f 9503 9520 9504
f 9504 9520 9521
f 9504 9521 9505
f 9505 9521 9506
f 9521 9522 9506
f 9506 9522 9507
f 9522 9523 9507
f 9507 9523 9508
f 9523 9524 9508
f 9508 9524 9493
f 9524 9509 9493
f 9509 9525 9510
f 9510 9525 9526
f 9510 9526 9511
f 9511 9526 9527
f 9511 9527 9512
f 9512 9527 9528
f 9512 9528 9513
f 9513 9528 9514
f 9528 9529 9514
f 9514 9529 9515
f 9529 9530 9515
f 9515 9530 9516
f 9530 9531 9516
f 9516 9531 9517
f 9517 9532 9518
f 9518 9532 9533
f 9518 9533 9519
f 9519 9533 9534
f 9519 9534 9520
f 9520 9534 9535
f 9520 9535 9521
f 9521 9535 9522
f 9535 9536 9522
f 9522 9536 9523
f 9536 9537 9523
f 9523 9537 9524
f 9537 9538 9524
f 9524 9538 9509
f 9509 9539 9525
f 9525 9539 9540
f 9525 9540 9526
f 9526 9540 9541
f 9526 9541 9527
f 9527 9541 9542
f 9527 9542 9528
f 9528 9542 9529
f 9542 9543 9529
f 9529 9543 9530
f 9543 9544 9530
f 9530 9544 9531
f 9544 9545 9531
f 9531 9545 9517
f 9517 9546 9532
f 9532 9546 9547
f 9532 9547 9533
f 9533 9547 9548
f 9533 9548 9534
f 9534 9548 9549
f 9534 9549 9535
f 9535 9549 9536
f 9549 9550 9536
f 9536 9550 9537
f 9550 9551 9537
f 9537 9551 9538
f 9551 9552 9538
f 9538 9552 9509
f 9509 9553 9539
f 9539 9553 9554
f 9539 9554 9540
f 9540 9554 9555
f 9540 9555 9541
f 9541 9555 9556
f 9541 9556 9542
f 9542 9556 9543
f 9556 9557 9543
f 9543 9557 9544
f 9557 9558 9544
f 9544 9558 9545
f 9558 9559 9545
f 9545 9559 9517
f 9517 9560 9546
f 9546 9560 9561
f 9546 9561 9547
f 9547 9561 9562
f 9547 9562 9548
f 9548 9562 9563
f 9548 9563 9549
f 9549 9563 9550
f 9563 9564 9550
f 9550 9564 9551
f 9564 9565 9551
f 9551 9565 9552
f 9565 9566 9552
f 9552 9566 9509
f 9509 9567 9553
f 9553 9567 9568
f 9553 9568 9554
f 9554 9568 9569
f 9554 9569 9555
f 9555 9569 9570
f 9555 9570 9556
f 9556 9570 9557
f 9570 9571 9557
f 9557 9571 9558
f 9571 9572 9558
f 9558 9572 9559
f 9572 9573 9559
f 9559 9573 9517
f 9517 9574 9560
f 9560 9574 9575
f 9560 9575 9561
f 9561 9575 9576
f 9561 9576 9562
f 9562 9576 9577
f 9562 9577 9563
f 9563 9577 9564
f 9577 9578 9564
f 9564 9578 9565
f 9578 9579 9565
f 9565 9579 9566
f 9579 9580 9566
f 9566 9580 9509
f 9509 9581 9567
f 9567 9581 9582
f 9567 9582 9568
f 9568 9582 9583
f 9568 9583 9569
f 9569 9583 9584
f 9569 9584 9570
f 9570 9584 9571
f 9584 9585 9571
f 9571 9585 9572
f 9585 9586 9572
f 9572 9586 9573
f 9586 9587 9573
f 9573 9587 9517
f 9517 9588 9574
f 9574 9588 9589
f 9574 9589 9575
f 9575 9589 9590
f 9575 9590 9576
f 9576 9590 9591
f 9576 9591 9577
f 9577 9591 9578
f 9591 9592 9578
f 9578 9592 9579
f 9592 9593 9579
f 9579 9593 9580
f 9593 9594 9580
f 9580 9594 9509
f 9509 9595 9581
f 9581 9595 9596
f 9581 9596 9582
f 9582 9596 9597
f 9582 9597 9583
f 9583 9597 9598
f 9583 9598 9584
f 9584 9598 9585
f 9598 9599 9585
f 9585 9599 9586
f 9599 9600 9586
f 9586 9600 9587
f 9600 9601 9587
f 9587 9601 9517
f 9517 9602 9588
f 9588 9602 9603
f 9588 9603 9589
f 9589 9603 9604
f 9589 9604 9590
f 9590 9604 9605
f 9590 9605 9591
f 9591 9605 9592
f 9605 9606 9592
f 9592 9606 9593
f 9606 9607 9593
f 9593 9607 9594
f 9607 9608 9594
f 9594 9608 9509
f 9509 9609 9595
f 9595 9609 9610
f 9595 9610 9596
f 9596 9610 9611
f 9596 9611 9597
f 9597 9611 9612
f 9597 9612 9598
f 9598 9612 9599
f 9612 9613 9599
f 9599 9613 9600
f 9613 9614 9600
f 9600 9614 9601
f 9614 9615 9601
f 9601 9615 9517
f 9517 9616 9602
f 9602 9616 9617
f 9602 9617 9603
f 9603 9617 9618
f 9603 9618 9604
f 9604 9618 9619
f 9604 9619 9605
f 9605 9619 9606
f 9619 9620 9606
f 9606 9620 9607
f 9620 9621 9607
f 9607 9621 9608
f 9621 9622 9608
f 9608 9622 9509
f 9509 9623 9609
f 9609 9623 9624
f 9609 9624 9610
f 9610 9624 9625
f 9610 9625 9611
f 9611 9625 9626
f 9611 9626 9612
f 9612 9626 9613
f 9626 9627 9613
f 9613 9627 9614
f 9627 9628 9614
f 9614 9628 9615
f 9628 9629 9615
f 9615 9629 9517
f 9517 9630 9616
f 9616 9630 9631
f 9616 9631 9617
f 9617 9631 9632
f 9617 9632 9618
f 9618 9632 9633
f 9618 9633 9619
f 9619 9633 9620
f 9633 9634 9620
f 9620 9634 9621
f 9634 9635 9621
f 9621 9635 9622
f 9635 9636 9622
f 9622 9636 9509
f 9509 9637 9623
f 9623 9637 9638
f 9623 9638 9624
f 9624 9638 9639
f 9624 9639 9625
f 9625 9639 9640
f 9625 9640 9626
f 9626 9640 9627
f 9640 9641 9627
f 9627 9641 9628
f 9641 9642 9628
f 9628 9642 9629
f 9642 9643 9629
f 9629 9643 9517
f 9517 9643 9630
f 9630 9643 9642
f 9630 9642 9631
f 9631 9642 9641
f 9631 9641 9632
f 9632 9641 9640
f 9632 9640 9633
f 9633 9640 9634
f 9640 9639 9634
f 9634 9639 9635
f 9639 9638 9635
f 9635 9638 9636
f 9638 9637 9636
f 9636 9637 9509
f 9644 9645 9646
f 9646 9645 9647
f 9646 9647 9648
f 9648 9647 9649
f 9648 9649 9650
f 9650 9649 9651
f 9650 9651 9652
f 9652 9651 9653
f 9651 9654 9653
f 9653 9654 9655
f 9654 9656 9655
f 9655 9656 9657
f 9656 9658 9657
f 9657 9658 9659
f 9659 9660 9657
f 9657 9660 9661
f 9657 9661 9655
f 9655 9661 9662
f 9655 9662 9653
f 9653 9662 9663
f 9653 9663 9652
f 9652 9663 9650
f 9663 9664 9650
f 9650 9664 9648
f 9664 9665 9648
f 9648 9665 9646
f 9665 9666 9646
f 9646 9666 9644
f 9644 9667 9645
f 9645 9667 9668
f 9645 9668 9647
f 9647 9668 9669
f 9647 9669 9649
f 9649 9669 9670
f 9649 9670 9651
f 9651 9670 9654
f 9670 9671 9654
f 9654 9671 9656
f 9671 9672 9656
f 9656 9672 9658
f 9672 9673 9658
f 9658 9673 9659
f 9659 9674 9660
f 9660 9674 9675
f 9660 9675 9661
f 9661 9675 9676
f 9661 9676 9662
f 9662 9676 9677
f 9662 9677 9663
f 9663 9677 9664
f 9677 9678 9664
f 9664 9678 9665
f 9678 9679 9665
f 9665 9679 9666
f 9679 9680 9666
f 9666 9680 9644
f 9644 9681 9667
f 9667 9681 9682
f 9667 9682 9668
f 9668 9682 9683
f 9668 9683 9669
f 9669 9683 9684
f 9669 9684 9670
f 9670 9684 9671
f 9684 9685 9671
f 9671 9685 9672
f 9685 9686 9672
f 9672 9686 9673
f 9686 9687 9673
f 9673 9687 9659
f 9659 9688 9674
f 9674 9688 9689
f 9674 9689 9675
f 9675 9689 9690
f 9675 9690 9676
f 9676 9690 9691
f 9676 9691 9677
f 9677 9691 9678
f 9691 9692 9678
f 9678 9692 9679
f 9692 9693 9679
f 9679 9693 9680
f 9693 9694 9680
f 9680 9694 9644
f 9644 9695 9681
f 9681 9695 9696
f 9681 9696 9682
f 9682 9696 9697
f 9682 9697 9683
f 9683 9697 9698
f 9683 9698 9684
f 9684 9698 9685
f 9698 9699 9685
f 9685 9699 9686
f 9699 9700 9686
f 9686 9700 9687
f 9700 9701 9687
f 9687 9701 9659
f 9659 9702 9688
f 9688 9702 9703
f 9688 9703 9689
f 9689 9703 9704
f 9689 9704 9690
f 9690 9704 9705
f 9690 9705 9691
f 9691 9705 9692
f 9705 9706 9692
f 9692 9706 9693
f 9706 9707 9693
f 9693 9707 9694
f 9707 9708 9694
f 9694 9708 9644
f 9644 9709 9695
f 9695 9709 9710
f 9695 9710 9696
f 9696 9710 9711
f 9696 9711 9697
f 9697 9711 9712
f 9697 9712 9698
f 9698 9712 9699
f 9712 9713 9699
f 9699 9713 9700
f 9713 9714 9700
f 9700 9714 9701
f 9714 9715 9701
f 9701 9715 9659
f 9659 9716 9702
f 9702 9716 9717
f 9702 9717 9703
f 9703 9717 9718
f 9703 9718 9704
f 9704 9718 9719
f 9704 9719 9705
f 9705 9719 9706
f 9719 9720 9706
f 9706 9720 9707
f 9720 9721 9707
f 9707 9721 9708
f 9721 9722 9708
f 9708 9722 9644
f 9644 9723 9709
f 9709 9723 9724
f 9709 9724 9710
f 9710 9724 9725
f 9710 9725 9711
f 9711 9725 9726
f 9711 9726 9712
f 9712 9726 9713
f 9726 9727 9713
f 9713 9727 9714
f 9727 9728 9714
f 9714 9728 9715
f 9728 9729 9715
f 9715 9729 9659
f 9659 9730 9716
f 9716 9730 9731
f 9716 9731 9717
f 9717 9731 9732
f 9717 9732 9718
f 9718 9732 9733
f 9718 9733 9719
f 9719 9733 9720
f 9733 9734 9720
f 9720 9734 9721
f 9734 9735 9721
f 9721 9735 9722
f 9735 9736 9722
f 9722 9736 9644
f 9644 9737 9723
f 9723 9737 9738
f 9723 9738 9724
f 9724 9738 9739
f 9724 9739 9725
f 9725 9739 9740
f 9725 9740 9726
f 9726 9740 9727
f 9740 9741 9727
f 9727 9741 9728
f 9741 9742 9728
f 9728 9742 9729
f 9742 9743 9729
f 9729 9743 9659
f 9659 9744 9730
f 9730 9744 9745
f 9730 9745 9731
f 9731 9745 9746
f 9731 9746 9732
f 9732 9746 9747
f 9732 9747 9733
f 9733 9747 9734
f 9747 9748 9734
f 9734 9748 9735
f 9748 9749 9735
f 9735 9749 9736
f 9749 9750 9736
f 9736 9750 9644
f 9644 9751 9737
f 9737 9751 9752
f 9737 9752 9738
f 9738 9752 9753
f 9738 9753 9739
f 9739 9753 9754
f 9739 9754 9740
f 9740 9754 9741
f 9754 9755 9741
f 9741 9755 9742
f 9755 9756 9742
f 9742 9756 9743
f 9756 9757 9743
f 9743 9757 9659
f 9659 9758 9744
f 9744 9758 9759
f 9744 9759 9745
f 9745 9759 9760
f 9745 9760 9746
f 9746 9760 9761
f 9746 9761 9747
f 9747 9761 9748
f 9761 9762 9748
f 9748 9762 9749
f 9762 9763 9749
f 9749 9763 9750
f 9763 9764 9750
f 9750 9764 9644
f 9644 9765 9751
f 9751 9765 9766
f 9751 9766 9752
f 9752 9766 9767
f 9752 9767 9753
f 9753 9767 9768
f 9753 9768 9754
f 9754 9768 9755
f 9768 9769 9755
f 9755 9769 9756
f 9769 9770 9756
f 9756 9770 9757
f 9770 9771 9757
f 9757 9771 9659
f 9659 9772 9758
f 9758 9772 9773
f 9758 9773 9759
f 9759 9773 9774
f 9759 9774 9760
f 9760 9774 9775
f 9760 9775 9761
f 9761 9775 9762
f 9775 9776 9762
f 9762 9776 9763
f 9776 9777 9763
f 9763 9777 9764
f 9777 9778 9764
f 9764 9778 9644
f 9644 9779 9765
f 9765 9779 9780
f 9765 9780 9766
f 9766 9780 9781
f 9766 9781 9767
f 9767 9781 9782
f 9767 9782 9768
f 9768 9782 9769
f 9782 9783 9769
f 9769 9783 9770
f 9783 9784 9770
f 9770 9784 9771
f 9784 9785 9771
f 9771 9785 9659
f 9659 9786 9772
f 9772 9786 9787
f 9772 9787 9773
f 9773 9787 9788
f 9773 9788 9774
f 9774 9788 9789
f 9774 9789 9775
f 9775 9789 9776
f 9789 9790 9776
f 9776 9790 9777
f 9790 9791 9777
f 9777 9791 9778
f 9791 9792 9778
f 9778 9792 9644
f 9644 9793 9779
f 9779 9793 9794
f 9779 9794 9780
f 9780 9794 9795
f 9780 9795 9781
f 9781 9795 9796
f 9781 9796 9782
f 9782 9796 9783
f 9796 9797 9783
f 9783 9797 9784
f 9797 9798 9784
f 9784 9798 9785
f 9798 9799 9785
f 9785 9799 9659
f 9659 9800 9786
f 9786 9800 9801
f 9786 9801 9787
f 9787 9801 9802
f 9787 9802 9788
f 9788 9802 9803
f 9788 9803 9789
f 9789 9803 9790
f 9803 9804 9790
f 9790 9804 9791
f 9804 9805 9791
f 9791 9805 9792
f 9805 9806 9792
f 9792 9806 9644
f 9644 9807 9793
f 9793 9807 9808
f 9793 9808 9794
f 9794 9808 9809
f 9794 9809 9795
f 9795 9809 9810
f 9795 9810 9796
f 9796 9810 9797
f 9810 9811 9797
f 9797 9811 9798
f 9811 9812 9798
f 9798 9812 9799
f 9812 9813 9799
f 9799 9813 9659
f 9659 9814 9800
f 9800 9814 9815
f 9800 9815 9801
f 9801 9815 9816
f 9801 9816 9802
f 9802 9816 9817
f 9802 9817 9803
f 9803 9817 9804
f 9817 9818 9804
f 9804 9818 9805
f 9818 9819 9805
f 9805 9819 9806
f 9819 9820 9806
f 9806 9820 9644
f 9644 9821 9807
f 9807 9821 9822
f 9807 9822 9808
f 9808 9822 9823
f 9808 9823 9809
f 9809 9823 9824
f 9809 9824 9810
f 9810 9824 9811
f 9824 9825 9811
f 9811 9825 9812
f 9825 9826 9812
f 9812 9826 9813
f 9826 9827 9813
f 9813 9827 9659
f 9659 9828 9814
f 9814 9828 9829
f 9814 9829 9815
f 9815 9829 9830
f 9815 9830 9816
f 9816 9830 9831
f 9816 9831 9817
f 9817 9831 9818
f 9831 9832 9818
f 9818 9832 9819
f 9832 9833 9819
f 9819 9833 9820
f 9833 9834 9820
f 9820 9834 9644
f 9644 9835 9821
f 9821 9835 9836
f 9821 9836 9822
f 9822 9836 9837
f 9822 9837 9823
f 9823 9837 9838
f 9823 9838 9824
f 9824 9838 9825
f 9838 9839 9825
f 9825 9839 9826
f 9839 9840 9826
f 9826 9840 9827
f 9840 9841 9827
f 9827 9841 9659
f 9659 9842 9828
f 9828 9842 9843
f 9828 9843 9829
f 9829 9843 9844
f 9829 9844 9830
f 9830 9844 9845
f 9830 9845 9831
f 9831 9845 9832
f 9845 9846 9832
f 9832 9846 9833
f 9846 9847 9833
f 9833 9847 9834
f 9847 9848 9834
f 9834 9848 9644
f 9644 9849 9835
f 9835 9849 9850
f 9835 9850 9836
f 9836 9850 9851
f 9836 9851 9837
f 9837 9851 9852
f 9837 9852 9838
f 9838 9852 9839
f 9852 9853 9839
f 9839 9853 9840
f 9853 9854 9840
f 9840 9854 9841
f 9854 9855 9841
f 9841 9855 9659
f 9659 9856 9842
f 9842 9856 9857
f 9842 9857 9843
f 9843 9857 9858
f 9843 9858 9844
f 9844 9858 9859
f 9844 9859 9845
f 9845 9859 9846
f 9859 9860 9846
f 9846 9860 9847
f 9860 9861 9847
f 9847 9861 9848
f 9861 9862 9848
f 9848 9862 9644
f 9644 9863 9849
f 9849 9863 9864
f 9849 9864 9850
f 9850 9864 9865
f 9850 9865 9851
f 9851 9865 9866
f 9851 9866 9852
f 9852 9866 9853
f 9866 9867 9853
f 9853 9867 9854
f 9867 9868 9854
f 9854 9868 9855
f 9868 9869 9855
f 9855 9869 9659
f 9659 9870 9856
f 9856 9870 9871
f 9856 9871 9857
f 9857 9871 9872
f 9857 9872 9858
f 9858 9872 9873
f 9858 9873 9859
f 9859 9873 9860
f 9873 9874 9860
f 9860 9874 9861
f 9874 9875 9861
f 9861 9875 9862
f 9875 9876 9862
f 9862 9876 9644
f 9644 9877 9863
f 9863 9877 9878
f 9863 9878 9864
f 9864 9878 9879
f 9864 9879 9865
f 9865 9879 9880
f 9865 9880 9866
f 9866 9880 9867
f 9880 9881 9867
f 9867 9881 9868
f 9881 9882 9868
f 9868 9882 9869
f 9882 9883 9869
f 9869 9883 9659
f 9659 9884 9870
f 9870 9884 9885
f 9870 9885 9871
f 9871 9885 9886
f 9871 9886 9872
f 9872 9886 9887
f 9872 9887 9873
f 9873 9887 9874
f 9887 9888 9874
f 9874 9888 9875
f 9888 9889 9875
f 9875 9889 9876
f 9889 9890 9876
f 9876 9890 9644
f 9644 9891 9877
f 9877 9891 9892
f 9877 9892 9878
f 9878 9892 9893
f 9878 9893 9879
f 9879 9893 9894
f 9879 9894 9880
f 9880 9894 9881
f 9894 9895 9881
f 9881 9895 9882
f 9895 9896 9882
f 9882 9896 9883
f 9896 9897 9883
f 9883 9897 9659
f 9659 9898 9884
f 9884 9898 9899
f 9884 9899 9885
f 9885 9899 9900
f 9885 9900 9886
f 9886 9900 9901
f 9886 9901 9887
f 9887 9901 9888
f 9901 9902 9888
f 9888 9902 9889
f 9902 9903 9889
f 9889 9903 9890
f 9903 9904 9890
f 9890 9904 9644
f 9644 9905 9891
f 9891 9905 9906
f 9891 9906 9892
f 9892 9906 9907
f 9892 9907 9893
f 9893 9907 9908
f 9893 9908 9894
f 9894 9908 9895
f 9908 9909 9895
f 9895 9909 9896
f 9909 9910 9896
f 9896 9910 9897
f 9910 9911 9897
f 9897 9911 9659
f 9659 9912 9898
f 9898 9912 9913
f 9898 9913 9899
f 9899 9913 9914
f 9899 9914 9900
f 9900 9914 9915
f 9900 9915 9901
f 9901 9915 9902
f 9915 9916 9902
f 9902 9916 9903
f 9916 9917 9903
f 9903 9917 9904
f 9917 9918 9904
f 9904 9918 9644
f 9644 9919 9920
f 9644 9920 9905
f 9905 9920 9921
f 9905 9921 9906
f 9906 9921 9922
f 9906 9922 9907
f 9907 9922 9923
f 9907 9923 9908
f 9908 9923 9909
f 9923 9924 9909
f 9909 9924 9910
f 9924 9925 9910
f 9910 9925 9911
f 9925 9926 9911
f 9911 9926 9659
f 9926 9927 9659
f 9659 9927 9928
f 9659 9928 9912
f 9912 9928 9929
f 9912 9929 9913
f 9913 9929 9930
f 9913 9930 9914
f 9914 9930 9931
f 9914 9931 9915
f 9915 9931 9916
f 9931 9932 9916
f 9916 9932 9917
f 9932 9933 9917
f 9917 9933 9918
f 9933 9934 9918
f 9918 9934 9644
f 9934 9919 9644
f 9919 9935 9936
f 9919 9936 9920
f 9920 9936 9937
f 9920 9937 9921
f 9921 9937 9938
f 9921 9938 9922
f 9922 9938 9939
f 9922 9939 9923
f 9923 9939 9924
f 9939 9940 9924
f 9924 9940 9925
f 9940 9941 9925
f 9925 9941 9926
f 9941 9942 9926
f 9926 9942 9927
f 9942 9943 9927
f 9927 9943 9944
f 9927 9944 9928
f 9928 9944 9945
f 9928 9945 9929
f 9929 9945 9946
f 9929 9946 9930
f 9930 9946 9947
f 9930 9947 9931
f 9931 9947 9932
f 9947 9948 9932
f 9932 9948 9933
f 9948 9949 9933
f 9933 9949 9934
f 9949 9950 9934
f 9934 9950 9919
f 9950 9935 9919
f 9935 9951 9952
f 9935 9952 9936
f 9936 9952 9953
f 9936 9953 9937
f 9937 9953 9954
f 9937 9954 9938
f 9938 9954 9955
f 9938 9955 9939
f 9939 9955 9940
f 9955 9956 9940
f 9940 9956 9941
f 9956 9957 9941
f 9941 9957 9942
f 9957 9958 9942
f 9942 9958 9943
f 9958 9959 9943
f 9943 9959 9960
f 9943 9960 9944
f 9944 9960 9961
f 9944 9961 9945
f 9945 9961 9962
f 9945 9962 9946
f 9946 9962 9963
f 9946 9963 9947
f 9947 9963 9948
f 9963 9964 9948
f 9948 9964 9949
f 9964 9965 9949
f 9949 9965 9950
f 9965 9966 9950
f 9950 9966 9935
f 9966 9951 9935
f 9951 9967 9968
f 9951 9968 9952
f 9952 9968 9969
f 9952 9969 9953
f 9953 9969 9970
f 9953 9970 9954
f 9954 9970 9971
f 9954 9971 9955
f 9955 9971 9956
f 9971 9972 9956
f 9956 9972 9957
f 9972 9973 9957
f 9957 9973 9958
f 9973 9974 9958
f 9958 9974 9959
f 9974 9975 9959
f 9959 9975 9976
f 9959 9976 9960
f 9960 9976 9977
f 9960 9977 9961
f 9961 9977 9978
f 9961 9978 9962
f 9962 9978 9979
f 9962 9979 9963
f 9963 9979 9964
f 9979 9980 9964
f 9964 9980 9965
f 9980 9981 9965
f 9965 9981 9966
f 9981 9982 9966
f 9966 9982 9951
f 9982 9967 9951
f 9967 9983 9984
f 9967 9984 9968
f 9968 9984 9985
f 9968 9985 9969
f 9969 9985 9986
f 9969 9986 9970
f 9970 9986 9987
f 9970 9987 9971
f 9971 9987 9972
f 9987 9988 9972
f 9972 9988 9973
f 9988 9989 9973
f 9973 9989 9974
f 9989 9990 9974
f 9974 9990 9975
f 9990 9991 9975
f 9975 9991 9992
f 9975 9992 9976
f 9976 9992 9993
f 9976 9993 9977
f 9977 9993 9994
f 9977 9994 9978
f 9978 9994 9995
f 9978 9995 9979
f 9979 9995 9980
f 9995 9996 9980
f 9980 9996 9981
f 9996 9997 9981
f 9981 9997 9982
f 9997 9998 9982
f 9982 9998 9967
f 9998 9983 9967
f 9983 9999 9984
f 9984 9999 10000
f 9984 10000 9985
f 9985 10000 10001
f 9985 10001 9986
f 9986 10001 10002
f 9986 10002 9987
f 9987 10002 9988
f 10002 10003 9988
f 9988 10003 9989
f 10003 10004 9989
f 9989 10004 9990
f 10004 10005 9990
f 9990 10005 9991
f 9991 10006 9992
f 9992 10006 10007
f 9992 10007 9993
f 9993 10007 10008
f 9993 10008 9994
f 9994 10008 10009
f 9994 10009 9995
f 9995 10009 9996
f 10009 10010 9996
f 9996 10010 9997
f 10010 10011 9997
f 9997 10011 9998
f 10011 10012 9998
f 9998 10012 9983
f 9983 10013 9999
f 9999 10013 10014
f 9999 10014 10000
f 10000 10014 10015
f 10000 10015 10001
f 10001 10015 10016
f 10001 10016 10002
f 10002 10016 10003
f 10016 10017 10003
f 10003 10017 10004
f 10017 10018 10004
f 10004 10018 10005
f 10018 10019 10005
f 10005 10019 9991
f 9991 10020 10006
f 10006 10020 10021
f 10006 10021 10007
f 10007 10021 10022
f 10007 10022 10008
f 10008 10022 10023
f 10008 10023 10009
f 10009 10023 10010
f 10023 10024 10010
f 10010 10024 10011
f 10024 10025 10011
f 10011 10025 10012
f 10025 10026 10012
f 10012 10026 9983
f 9983 10027 10013
f 10013 10027 10028
f 10013 10028 10014
f 10014 10028 10029
f 10014 10029 10015
f 10015 10029 10030
f 10015 10030 10016
f 10016 10030 10017
f 10030 10031 10017
f 10017 10031 10018
f 10031 10032 10018
f 10018 10032 10019
f 10032 10033 10019
f 10019 10033 9991
f 9991 10034 10020
f 10020 10034 10035
f 10020 10035 10021
f 10021 10035 10036
f 10021 10036 10022
f 10022 10036 10037
f 10022 10037 10023
f 10023 10037 10024
f 10037 10038 10024
f 10024 10038 10025
f 10038 10039 10025
f 10025 10039 10026
f 10039 10040 10026
f 10026 10040 9983
f 9983 10041 10027
f 10027 10041 10042
f 10027 10042 10028
f 10028 10042 10043
f 10028 10043 10029
f 10029 10043 10044
f 10029 10044 10030
f 10030 10044 10031
f 10044 10045 10031
f 10031 10045 10032
f 10045 10046 10032
f 10032 10046 10033
f 10046 10047 10033
f 10033 10047 9991
f 9991 10048 10034
f 10034 10048 10049
f 10034 10049 10035
f 10035 10049 10050
f 10035 10050 10036
f 10036 10050 10051
f 10036 10051 10037
f 10037 10051 10038
f 10051 10052 10038
f 10038 10052 10039
f 10052 10053 10039
f 10039 10053 10040
f 10053 10054 10040
f 10040 10054 9983
f 9983 10055 10041
f 10041 10055 10056
f 10041 10056 10042
f 10042 10056 10057
f 10042 10057 10043
f 10043 10057 10058
f 10043 10058 10044
f 10044 10058 10045
f 10058 10059 10045
f 10045 10059 10046
f 10059 10060 10046
f 10046 10060 10047
f 10060 10061 10047
f 10047 10061 9991
f 9991 10062 10048
f 10048 10062 10063
f 10048 10063 10049
f 10049 10063 10064
f 10049 10064 10050
f 10050 10064 10065
f 10050 10065 10051
f 10051 10065 10052
f 10065 10066 10052
f 10052 10066 10053
f 10066 10067 10053
f 10053 10067 10054
f 10067 10068 10054
f 10054 10068 9983
f 9983 10069 10055
f 10055 10069 10070
f 10055 10070 10056
f 10056 10070 10071
f 10056 10071 10057
f 10057 10071 10072
f 10057 10072 10058
f 10058 10072 10059
f 10072 10073 10059
f 10059 10073 10060
f 10073 10074 10060
f 10060 10074 10061
f 10074 10075 10061
f 10061 10075 9991
f 9991 10076 10062
f 10062 10076 10077
f 10062 10077 10063
f 10063 10077 10078
f 10063 10078 10064
f 10064 10078 10079
f 10064 10079 10065
f 10065 10079 10066
f 10079 10080 10066
f 10066 10080 10067
f 10080 10081 10067
f 10067 10081 10068
f 10081 10082 10068
f 10068 10082 9983
f 9983 10083 10069
f 10069 10083 10084
f 10069 10084 10070
f 10070 10084 10085
f 10070 10085 10071
f 10071 10085 10086
f 10071 10086 10072
f 10072 10086 10073
f 10086 10087 10073
f 10073 10087 10074
f 10087 10088 10074
f 10074 10088 10075
f 10088 10089 10075
f 10075 10089 9991
f 9991 10090 10076
f 10076 10090 10091
f 10076 10091 10077
f 10077 10091 10092
f 10077 10092 10078
f 10078 10092 10093
f 10078 10093 10079
f 10079 10093 10080
f 10093 10094 10080
f 10080 10094 10081
f 10094 10095 10081
f 10081 10095 10082
f 10095 10096 10082
f 10082 10096 9983
f 9983 10097 10083
f 10083 10097 10098
f 10083 10098 10084
f 10084 10098 10099
f 10084 10099 10085
f 10085 10099 10100
f 10085 10100 10086
f 10086 10100 10087
f 10100 10101 10087
f 10087 10101 10088
f 10101 10102 10088
f 10088 10102 10089
f 10102 10103 10089
f 10089 10103 9991
f 9991 10104 10090
f 10090 10104 10105
f 10090 10105 10091
f 10091 10105 10106
f 10091 10106 10092
f 10092 10106 10107
f 10092 10107 10093
f 10093 10107 10094
f 10107 10108 10094
f 10094 10108 10095
f 10108 10109 10095
f 10095 10109 10096
f 10109 10110 10096
f 10096 10110 9983
f 9983 10111 10097
f 10097 10111 10112
f 10097 10112 10098
f 10098 10112 10113
f 10098 10113 10099
f 10099 10113 10114
f 10099 10114 10100
f 10100 10114 10101
f 10114 10115 10101
f 10101 10115 10102
f 10115 10116 10102
f 10102 10116 10103
f 10116 10117 10103
f 10103 10117 9991
f 9991 10118 10104
f 10104 10118 10119
f 10104 10119 10105
f 10105 10119 10120
f 10105 10120 10106
f 10106 10120 10121
f 10106 10121 10107
f 10107 10121 10108
f 10121 10122 10108
f 10108 10122 10109
f 10122 10123 10109
f 10109 10123 10110
f 10123 10124 10110
f 10110 10124 9983
f 9983 10125 10111
f 10111 10125 10126
f 10111 10126 10112
f 10112 10126 10127
f 10112 10127 10113
f 10113 10127 10128
f 10113 10128 10114
f 10114 10128 10115
f 10128 10129 10115
f 10115 10129 10116
f 10129 10130 10116
f 10116 10130 10117
f 10130 10131 10117
f 10117 10131 9991
f 9991 10132 10118
f 10118 10132 10133
f 10118 10133 10119
f 10119 10133 10134
f 10119 10134 10120
f 10120 10134 10135
f 10120 10135 10121
f 10121 10135 10122
f 10135 10136 10122
f 10122 10136 10123
f 10136 10137 10123
f 10123 10137 10124
f 10137 10138 10124
f 10124 10138 9983
f 9983 10139 10125
f 10125 10139 10140
f 10125 10140 10126
f 10126 10140 10141
f 10126 10141 10127
f 10127 10141 10142
f 10127 10142 10128
f 10128 10142 10129
f 10142 10143 10129
f 10129 10143 10130
f 10143 10144 10130
f 10130 10144 10131
f 10144 10145 10131
f 10131 10145 9991
f 9991 10146 10132
f 10132 10146 10147
f 10132 10147 10133
f 10133 10147 10148
f 10133 10148 10134
f 10134 10148 10149
f 10134 10149 10135
f 10135 10149 10136
f 10149 10150 10136
f 10136 10150 10137
f 10150 10151 10137
f 10137 10151 10138
f 10151 10152 10138
f 10138 10152 9983
f 9983 10153 10139
f 10139 10153 10154
f 10139 10154 10140
f 10140 10154 10155
f 10140 10155 10141
f 10141 10155 10156
f 10141 10156 10142
f 10142 10156 10143
f 10156 10157 10143
f 10143 10157 10144
f 10157 10158 10144
f 10144 10158 10145
f 10158 10159 10145
f 10145 10159 9991
f 9991 10160 10146
f 10146 10160 10161
f 10146 10161 10147
f 10147 10161 10162
f 10147 10162 10148
f 10148 10162 10163
f 10148 10163 10149
f 10149 10163 10150
f 10163 10164 10150
f 10150 10164 10151
f 10164 10165 10151
f 10151 10165 10152
f 10165 10166 10152
f 10152 10166 9983
f 9983 10167 10153
f 10153 10167 10168
f 10153 10168 10154
f 10154 10168 10169
f 10154 10169 10155
f 10155 10169 10170
f 10155 10170 10156
f 10156 10170 10157
f 10170 10171 10157
f 10157 10171 10158
f 10171 10172 10158
f 10158 10172 10159
f 10172 10173 10159
f 10159 10173 9991
f 9991 10174 10160
f 10160 10174 10175
f 10160 10175 10161
f 10161 10175 10176
f 10161 10176 10162
f 10162 10176 10177
f 10162 10177 10163
f 10163 10177 10164
f 10177 10178 10164
f 10164 10178 10165
f 10178 10179 10165
f 10165 10179 10166
f 10179 10180 10166
f 10166 10180 9983
f 9983 10181 10167
f 10167 10181 10182
f 10167 10182 10168
f 10168 10182 10183
f 10168 10183 10169
f 10169 10183 10184
f 10169 10184 10170
f 10170 10184 10171
f 10184 10185 10171
f 10171 10185 10172
f 10185 10186 10172
f 10172 10186 10173
f 10186 10187 10173
f 10173 10187 9991
f 9991 10188 10174
f 10174 10188 10189
f 10174 10189 10175
f 10175 10189 10190
f 10175 10190 10176
f 10176 10190 10191
f 10176 10191 10177
f 10177 10191 10178
f 10191 10192 10178
f 10178 10192 10179
f 10192 10193 10179
f 10179 10193 10180
f 10193 10194 10180
f 10180 10194 9983
f 9983 10195 10181
f 10181 10195 10196
f 10181 10196 10182
f 10182 10196 10197
f 10182 10197 10183
f 10183 10197 10198
f 10183 10198 10184
f 10184 10198 10185
f 10198 10199 10185
f 10185 10199 10186
f 10199 10200 10186
f 10186 10200 10187
f 10200 10201 10187
f 10187 10201 9991
f 9991 10202 10188
f 10188 10202 10203
f 10188 10203 10189
f 10189 10203 10204
f 10189 10204 10190
f 10190 10204 10205
f 10190 10205 10191
f 10191 10205 10192
f 10205 10206 10192
f 10192 10206 10193
f 10206 10207 10193
f 10193 10207 10194
f 10207 10208 10194
f 10194 10208 9983
f 9983 10209 10195
f 10195 10209 10210
f 10195 10210 10196
f 10196 10210 10211
f 10196 10211 10197
f 10197 10211 10212
f 10197 10212 10198
f 10198 10212 10199
f 10212 10213 10199
f 10199 10213 10200
f 10213 10214 10200
f 10200 10214 10201
f 10214 10215 10201
f 10201 10215 9991
f 9991 10216 10202
f 10202 10216 10217
f 10202 10217 10203
f 10203 10217 10218
f 10203 10218 10204
f 10204 10218 10219
f 10204 10219 10205
f 10205 10219 10206
f 10219 10220 10206
f 10206 10220 10207
f 10220 10221 10207
f 10207 10221 10208
f 10221 10222 10208
f 10208 10222 9983
f 9983 10223 10209
f 10209 10223 10224
f 10209 10224 10210
f 10210 10224 10225
f 10210 10225 10211
f 10211 10225 10226
f 10211 10226 10212
f 10212 10226 10213
f 10226 10227 10213
f 10213 10227 10214
f 10227 10228 10214
f 10214 10228 10215
f 10228 10229 10215
f 10215 10229 9991
f 9991 10230 10216
f 10216 10230 10231
f 10216 10231 10217
f 10217 10231 10232
f 10217 10232 10218
f 10218 10232 10233
f 10218 10233 10219
f 10219 10233 10220
f 10233 10234 10220
f 10220 10234 10221
f 10234 10235 10221
f 10221 10235 10222
f 10235 10236 10222
f 10222 10236 9983
f 9983 10237 10223
f 10223 10237 10238
f 10223 10238 10224
f 10224 10238 10239
f 10224 10239 10225
f 10225 10239 10240
f 10225 10240 10226
f 10226 10240 10227
f 10240 10241 10227
f 10227 10241 10228
f 10241 10242 10228
f 10228 10242 10229
f 10242 10243 10229
f 10229 10243 9991
f 9991 10244 10230
f 10230 10244 10245
f 10230 10245 10231
f 10231 10245 10246
f 10231 10246 10232
f 10232 10246 10247
f 10232 10247 10233
f 10233 10247 10234
f 10247 10248 10234
f 10234 10248 10235
f 10248 10249 10235
f 10235 10249 10236
f 10249 10250 10236
f 10236 10250 9983
f 9983 10251 10237
f 10237 10251 10252
f 10237 10252 10238
f 10238 10252 10253
f 10238 10253 10239
f 10239 10253 10254
f 10239 10254 10240
f 10240 10254 10241
f 10254 10255 10241
f 10241 10255 10242
f 10255 10256 10242
f 10242 10256 10243
f 10256 10257 10243
f 10243 10257 9991
f 9991 10257 10244
f 10244 10257 10256
f 10244 10256 10245
f 10245 10256 10255
f 10245 10255 10246
f 10246 10255 10254
f 10246 10254 10247
f 10247 10254 10248
f 10254 10253 10248
f 10248 10253 10249
f 10253 10252 10249
f 10249 10252 10250
f 10252 10251 10250
f 10250 10251 9983
