2 0.000000 19.450000 1126.439207
3325 2938 
1 -10.713214 0.000000 -10.128214 19.449935 -0.000121 0.000011 0.000007 
2 13.207857 0.000000 -10.128214 19.450135 -0.000917 -0.000353 -0.000014 
3 13.207857 0.000000 12.180179 19.450101 -0.000728 0.000233 -0.000010 
4 -10.713214 0.000000 12.180179 19.449941 -0.000115 0.000003 0.000006 
5 1.247321 0.000000 1.025982 19.415288 -0.021154 1.443352 -0.001942 
6 -10.713214 0.000000 1.025982 19.450098 -0.000206 -0.000029 -0.000010 
7 1.247321 0.000000 -10.128214 19.449675 -0.000345 -0.000964 0.000033 
8 13.207857 0.000000 1.025982 19.449362 0.137760 0.820821 -0.001765 
9 1.247321 0.000000 12.180179 19.449834 -0.000388 0.000423 0.000017 
10 -4.732946 0.000000 -4.551116 19.449403 -0.000381 0.000504 0.000061 
11 -10.713214 0.000000 -4.551116 19.450022 -0.000193 0.000078 -0.000002 
12 -4.732946 0.000000 -10.128214 19.449733 -0.000277 -0.000084 0.000027 
13 1.247321 0.000000 -4.551116 19.448629 -0.001873 -0.004615 0.000141 
14 -4.732946 0.000000 1.025982 19.450944 -0.000420 -0.000765 -0.000097 
15 7.227589 0.000000 -4.551116 19.448791 -0.003907 -0.003899 0.000124 
16 7.227589 0.000000 -10.128214 19.450326 -0.000506 -0.000981 -0.000034 
17 13.207857 0.000000 -4.551116 19.450542 -0.006444 0.002166 -0.000056 
18 7.227589 0.000000 1.025982 19.443262 0.008340 0.590714 -0.000230 
19 -4.732946 0.000000 6.603080 19.449767 -0.000089 -0.000385 0.000024 
20 -10.713214 0.000000 6.603080 19.449979 -0.000173 -0.000068 0.000002 
21 1.247321 0.000000 6.603080 19.448869 -0.001456 0.002342 0.000116 
22 -4.732946 0.000000 12.180179 19.449712 -0.000215 0.000105 0.000030 
23 -1.742813 0.000000 -1.762567 19.444666 0.001061 0.012528 0.000548 
24 -4.732946 0.000000 -1.762567 19.450474 -0.000401 0.001053 -0.000049 
25 -1.742813 0.000000 -4.551116 19.447358 -0.000308 0.000134 0.000272 
26 1.247321 0.000000 -1.762567 19.485003 -0.006226 -0.229404 -0.003742 
27 -1.742813 0.000000 1.025982 19.456417 0.001520 -0.016782 -0.000661 
28 7.227589 0.000000 6.603080 19.451242 0.002171 0.001584 -0.000128 
29 13.207857 0.000000 6.603080 19.450315 -0.001285 -0.000034 -0.000032 
30 7.227589 0.000000 12.180179 19.450100 -0.000569 0.000459 -0.000010 
31 4.237455 0.000000 -1.762567 19.452614 0.008864 -0.174143 -0.000349 
32 4.237455 0.000000 -4.551116 19.449306 -0.002145 -0.002746 0.000071 
33 7.227589 0.000000 -1.762567 19.464099 0.015936 -0.154756 -0.001514 
34 4.237455 0.000000 1.025982 19.459088 0.149108 0.436366 -0.001497 
35 -1.742813 0.000000 3.814531 19.446148 -0.000928 -0.000333 0.000396 
36 -4.732946 0.000000 3.814531 19.449502 -0.000426 -0.000725 0.000051 
37 1.247321 0.000000 3.814531 19.448515 -0.001840 0.014582 0.000152 
38 -1.742813 0.000000 6.603080 19.448655 -0.000349 0.000700 0.000138 
39 -0.247746 0.000000 -0.368292 19.703997 0.002491 0.072607 -0.026302 
40 -1.742813 0.000000 -0.368292 19.468724 0.002062 0.008412 -0.001927 
41 -0.247746 0.000000 -1.762567 19.340058 0.003429 -0.027260 0.011271 
42 1.247321 0.000000 -0.368292 19.624792 0.024572 -0.536135 -0.018816 
43 -0.247746 0.000000 1.025982 19.348170 0.005667 -0.275011 0.010244 
44 4.237455 0.000000 3.814531 19.450536 0.007601 0.006038 -0.000055 
45 7.227589 0.000000 3.814531 19.452437 -0.003118 0.007241 -0.000251 
46 4.237455 0.000000 6.603080 19.450455 -0.001841 0.002531 -0.000047 
47 2.742388 0.000000 -0.368292 19.399085 0.049984 -0.451769 0.004683 
48 2.742388 0.000000 -1.762567 19.473570 -0.036121 -0.197013 -0.002531 
49 4.237455 0.000000 -0.368292 19.409184 -0.013575 -0.501599 0.003527 
50 2.742388 0.000000 1.025982 19.577037 0.127356 0.404398 -0.013581 
51 -0.247746 0.000000 2.420257 19.411165 -0.000005 0.017599 0.003988 
52 -1.742813 0.000000 2.420257 19.442331 0.000690 -0.006147 0.000788 
53 1.247321 0.000000 2.420257 19.450669 -0.002930 0.073778 -0.000083 
54 -0.247746 0.000000 3.814531 19.443634 -0.001612 0.005222 0.000654 
55 0.499788 0.000000 0.328845 19.933178 -0.002156 0.337935 -0.050603 
56 -0.247746 0.000000 0.328845 19.709234 0.001510 -0.066672 -0.026846 
57 0.499788 0.000000 -0.368292 19.932397 -0.002119 -0.386745 -0.050614 
58 1.247321 0.000000 0.328845 19.624221 0.022156 0.471773 -0.018585 
59 0.499788 0.000000 1.025982 18.166952 0.007224 3.976210 0.085789 
60 -7.723080 0.000000 -1.762567 19.450275 -0.000255 0.000247 -0.000028 
61 -10.713214 0.000000 -1.762567 19.450087 -0.000208 0.000047 -0.000009 
62 -7.723080 0.000000 -4.551116 19.449925 -0.000220 0.000189 0.000008 
63 -7.723080 0.000000 1.025982 19.450201 -0.000298 -0.000108 -0.000021 
64 -3.237879 0.000000 -0.368292 19.453374 0.000773 0.001123 -0.000347 
65 -4.732946 0.000000 -0.368292 19.451211 -0.000430 0.000304 -0.000125 
66 -3.237879 0.000000 -1.762567 19.450254 0.000080 0.002757 -0.000026 
67 -3.237879 0.000000 1.025982 19.452088 0.000725 -0.002592 -0.000215 
68 -0.995279 0.000000 0.328845 19.509937 0.003937 -0.026743 -0.006175 
69 -1.742813 0.000000 0.328845 19.469191 0.002070 -0.007594 -0.001975 
70 -0.995279 0.000000 -0.368292 19.508057 0.003906 0.029740 -0.005981 
71 -0.995279 0.000000 1.025982 19.455123 0.002503 -0.047645 -0.000533 
72 2.742388 0.000000 2.420257 19.458060 -0.002140 0.029010 -0.000831 
73 4.237455 0.000000 2.420257 19.446696 0.006542 0.025664 0.000338 
74 2.742388 0.000000 3.814531 19.452404 0.009675 0.008067 -0.000248 
75 0.499788 0.000000 1.723119 19.319894 0.000739 0.283594 0.013121 
76 -0.247746 0.000000 1.723119 19.333338 0.003366 0.024302 0.011959 
77 1.247321 0.000000 1.723119 19.492691 -0.032375 0.266556 -0.004585 
78 0.499788 0.000000 2.420257 19.418078 -0.000576 0.069191 0.003267 
79 0.126021 0.000000 0.677414 20.420636 0.001807 -0.199170 -0.102404 
80 -0.247746 0.000000 0.677414 19.642008 0.002414 -0.203216 -0.019950 
81 0.126021 0.000000 0.328845 19.906167 -0.002139 0.030696 -0.047459 
82 0.499788 0.000000 0.677414 20.325541 0.008331 1.472905 -0.097791 
83 0.126021 0.000000 1.025982 17.635493 0.000488 -0.605575 0.176909 
84 1.994855 0.000000 0.328845 19.423252 0.019927 0.416961 0.002288 
85 1.994855 0.000000 -0.368292 19.424035 0.038050 -0.457768 0.002110 
86 2.742388 0.000000 0.328845 19.396191 0.047618 0.394139 0.005109 
87 1.994855 0.000000 1.025982 19.317590 0.081597 -0.829075 0.011734 
88 0.873555 0.000000 0.677414 19.713365 0.029162 1.054436 -0.030206 
89 0.873555 0.000000 0.328845 19.768343 0.005718 0.431822 -0.033495 
90 1.247321 0.000000 0.677414 19.610393 0.066739 1.029807 -0.019376 
91 0.873555 0.000000 1.025982 19.323744 -0.000014 1.859941 0.003796 
92 -7.723080 0.000000 3.814531 19.449990 -0.000237 -0.000213 0.000001 
93 -10.713214 0.000000 3.814531 19.450034 -0.000208 -0.000086 -0.000003 
94 -7.723080 0.000000 6.603080 19.449880 -0.000225 -0.000128 0.000012 
95 -3.237879 0.000000 2.420257 19.449617 -0.000454 -0.002416 0.000039 
96 -4.732946 0.000000 2.420257 19.450067 -0.000692 -0.001290 -0.000007 
97 -3.237879 0.000000 3.814531 19.448229 -0.001021 -0.001448 0.000182 
98 -0.995279 0.000000 1.723119 19.423476 0.001332 -0.023626 0.002724 
99 -1.742813 0.000000 1.723119 19.445043 0.001072 -0.012932 0.000509 
100 -0.995279 0.000000 2.420257 19.429798 0.000281 -0.004119 0.002076 
101 0.126021 0.000000 1.374551 18.977167 0.002272 0.182366 0.047941 
102 -0.247746 0.000000 1.374551 19.263185 0.002082 -0.062578 0.019107 
103 0.499788 0.000000 1.374551 19.128763 0.000142 0.771730 0.031185 
104 0.126021 0.000000 1.723119 19.280239 0.004793 0.128460 0.017336 
105 0.312905 0.000000 0.851698 19.639785 -0.009528 5.751646 -0.107058 
106 0.126021 0.000000 0.851698 20.594546 -0.000592 -2.215726 -0.134131 
107 0.312905 0.000000 0.677414 20.845000 0.003886 0.561632 -0.149423 
108 0.499788 0.000000 0.851698 18.810872 -0.026097 2.726582 0.044987 
109 0.312905 0.000000 1.025982 16.461690 0.003999 4.200914 0.237026 
110 -1.742813 0.000000 -7.339665 19.449439 -0.000005 0.000008 0.000058 
111 -4.732946 0.000000 -7.339665 19.449782 0.000024 0.000232 0.000022 
112 -1.742813 0.000000 -10.128214 19.449571 -0.000359 -0.000415 0.000044 
113 1.247321 0.000000 -7.339665 19.449229 -0.000286 -0.001823 0.000079 
114 -0.247746 0.000000 -3.156842 19.435775 0.000059 -0.010129 0.001462 
115 -1.742813 0.000000 -3.156842 19.443715 -0.000287 0.001105 0.000646 
116 -0.247746 0.000000 -4.551116 19.446667 -0.001411 -0.002993 0.000343 
117 1.247321 0.000000 -3.156842 19.448802 -0.000963 -0.020981 0.000122 
118 0.499788 0.000000 -1.065430 38.030220 0.013881 -4.304802 -2.872111 
119 -0.247746 0.000000 -1.065430 19.318434 0.001541 0.248186 0.013320 
120 0.499788 0.000000 -1.762567 19.333771 0.003120 -0.256653 0.011742 
121 1.247321 0.000000 -1.065430 38.920437 0.013980 -2.009755 -3.014882 
122 0.126021 0.000000 -0.019724 19.816402 -0.002518 0.003967 -0.038031 
123 -0.247746 0.000000 -0.019724 19.679427 0.000215 -0.000577 -0.023731 
124 0.126021 0.000000 -0.368292 19.943154 -0.002188 -0.028144 -0.051355 
125 0.499788 0.000000 -0.019724 19.852613 -0.004736 -0.017101 -0.041829 
126 0.312905 0.000000 0.503129 20.225107 0.000721 0.379885 -0.081672 
127 0.126021 0.000000 0.503129 20.094519 0.002128 0.022630 -0.067374 
128 0.312905 0.000000 0.328845 19.944587 -0.002448 0.183590 -0.051593 
129 0.499788 0.000000 0.503129 20.071083 0.001937 0.700063 -0.066180 
130 1.994855 0.000000 1.723119 19.437926 -0.036141 0.171023 0.001160 
131 2.742388 0.000000 1.723119 19.478613 -0.030522 0.218620 -0.003073 
132 1.994855 0.000000 2.420257 19.456362 -0.005584 0.037459 -0.000658 
133 0.873555 0.000000 1.374551 19.525427 -0.004589 0.790161 -0.009422 
134 1.247321 0.000000 1.374551 19.575890 0.017135 1.039726 -0.015845 
135 0.873555 0.000000 1.723119 19.447308 -0.004739 0.313745 0.000017 
136 0.686671 0.000000 0.851698 19.267998 -0.014907 1.536400 0.012387 
137 0.686671 0.000000 0.677414 19.735868 0.015343 1.256429 -0.033785 
138 0.873555 0.000000 0.851698 19.553916 -0.001947 1.107783 -0.013958 
139 0.686671 0.000000 1.025982 18.790826 0.013739 2.440082 0.050894 
140 0.406346 0.000000 0.764556 20.373705 -0.013933 1.358583 -0.102117 
141 0.312905 0.000000 0.764556 22.850700 -0.012408 0.586904 -0.381167 
142 0.406346 0.000000 0.677414 20.762333 0.006168 1.113878 -0.142777 
143 0.499788 0.000000 0.764556 20.286222 0.016988 2.393435 -0.102979 
144 0.406346 0.000000 0.851698 18.368649 0.044281 3.136319 0.082095 
145 0.873555 0.000000 -0.019724 19.731194 0.029140 -0.043284 -0.029131 
146 0.873555 0.000000 -0.368292 19.768552 0.006222 -0.493098 -0.033667 
147 1.247321 0.000000 -0.019724 19.603605 0.012620 -0.027310 -0.015860 
148 0.686671 0.000000 0.503129 19.858382 0.003560 0.765428 -0.043983 
149 0.686671 0.000000 0.328845 19.832233 0.000370 0.415067 -0.040146 
150 0.873555 0.000000 0.503129 19.768755 0.013040 0.745449 -0.034515 
151 0.593230 0.000000 0.764556 19.661710 0.018477 1.821874 -0.030663 
152 0.593230 0.000000 0.677414 19.914281 0.011087 1.418702 -0.053631 
153 0.686671 0.000000 0.764556 19.550242 0.023222 1.486740 -0.016179 
154 0.593230 0.000000 0.851698 19.149573 -0.019156 1.983188 0.020256 
155 0.312905 0.000000 1.200266 18.415723 -0.001540 1.076674 0.100460 
156 0.126021 0.000000 1.200266 18.609860 0.001437 0.140354 0.084472 
157 0.499788 0.000000 1.200266 18.972490 0.004558 2.123515 0.036579 
158 0.312905 0.000000 1.374551 18.944746 0.002243 0.508806 0.050595 
159 0.406346 0.000000 0.938840 17.797586 0.005543 4.412340 0.111233 
160 0.312905 0.000000 0.938840 17.443668 0.005765 5.129133 0.126124 
161 0.499788 0.000000 0.938840 18.113225 0.005832 3.091579 0.107469 
162 0.406346 0.000000 1.025982 17.516985 0.004955 4.915774 0.125013 
163 0.453067 0.000000 0.808127 19.700425 -0.012808 3.170051 -0.052481 
164 0.406346 0.000000 0.808127 20.338821 -0.013914 1.491939 -0.099368 
165 0.453067 0.000000 0.764556 19.885692 -0.013562 2.554772 -0.062557 
166 0.499788 0.000000 0.808127 19.354823 -0.012062 4.200945 -0.036888 
167 0.453067 0.000000 0.851698 18.292561 0.044069 2.843010 0.094105 
168 0.406346 0.000000 0.590271 20.407993 0.003786 0.803806 -0.102642 
169 0.312905 0.000000 0.590271 20.485214 0.002780 0.493094 -0.109924 
170 0.406346 0.000000 0.503129 20.170500 0.001206 0.565198 -0.076304 
171 0.499788 0.000000 0.590271 20.184752 0.004822 1.008694 -0.079670 
172 0.453067 0.000000 0.720985 20.778004 0.010609 1.668382 -0.148576 
173 0.406346 0.000000 0.720985 21.052238 0.008990 1.306877 -0.176055 
174 0.453067 0.000000 0.677414 20.565103 0.007299 1.326927 -0.122605 
175 0.499788 0.000000 0.720985 20.365230 0.012031 1.821131 -0.105093 
176 0.686671 0.000000 1.200266 19.527047 0.006659 1.702842 -0.015603 
177 0.873555 0.000000 1.200266 19.675924 0.003059 1.506084 -0.029362 
178 0.686671 0.000000 1.374551 19.352805 -0.001706 0.834917 0.008127 
179 0.593230 0.000000 0.938840 18.492455 0.004295 2.334221 0.081636 
180 0.686671 0.000000 0.938840 18.837330 0.003634 1.767779 0.053747 
181 0.593230 0.000000 1.025982 18.630570 0.011114 2.974094 0.059104 
182 0.546509 0.000000 0.808127 19.468947 0.042532 2.356384 -0.016632 
183 0.546509 0.000000 0.764556 19.845177 0.016854 2.101261 -0.052720 
184 0.593230 0.000000 0.808127 19.421977 0.034580 1.973571 -0.007420 
185 0.546509 0.000000 0.851698 19.056872 -0.021849 2.345897 0.025468 
186 0.476428 0.000000 0.786341 19.560431 -0.012543 3.586055 -0.045381 
187 0.453067 0.000000 0.786341 19.692225 -0.012852 3.190293 -0.051967 
188 0.476428 0.000000 0.764556 20.705579 0.017398 2.445119 -0.149080 
189 0.499788 0.000000 0.786341 19.275638 -0.012021 4.417308 -0.033731 
190 0.476428 0.000000 0.808127 19.462863 -0.012449 3.869272 -0.040898 
191 -0.621512 0.000000 0.677414 19.522203 0.003254 -0.089371 -0.007459 
192 -0.995279 0.000000 0.677414 19.486953 0.002823 -0.043654 -0.003808 
193 -0.621512 0.000000 0.328845 19.567236 0.003225 -0.034419 -0.012095 
194 -0.621512 0.000000 1.025982 19.440356 0.002946 -0.097188 0.000966 
195 -0.060862 0.000000 0.851698 19.602672 0.002231 -0.659431 -0.016910 
196 -0.247746 0.000000 0.851698 19.516457 0.002461 -0.277576 -0.007049 
197 -0.060862 0.000000 0.677414 19.882288 0.002115 -0.321584 -0.045219 
198 -0.060862 0.000000 1.025982 19.125951 0.002480 -0.470881 0.032457 
199 0.219463 0.000000 0.764556 29.232978 -0.008074 0.025106 -1.258953 
200 0.126021 0.000000 0.764556 20.720722 0.001244 -0.358739 -0.135274 
201 0.219463 0.000000 0.677414 20.689971 0.002499 0.105350 -0.131597 
202 0.219463 0.000000 0.851698 23.487399 -0.009906 2.451251 -0.474129 
203 0.359625 0.000000 0.808127 21.172576 -0.013483 0.753568 -0.186474 
204 0.312905 0.000000 0.808127 21.581049 -0.014533 3.492746 -0.263384 
205 0.359625 0.000000 0.764556 21.323889 -0.013385 0.702446 -0.203275 
206 0.359625 0.000000 0.851698 19.206079 0.000661 5.318972 -0.049861 
207 0.429707 0.000000 0.786341 19.967377 -0.013368 2.399830 -0.069133 
208 0.406346 0.000000 0.786341 20.328919 -0.013896 1.543220 -0.098715 
209 0.429707 0.000000 0.764556 20.079212 -0.013940 1.984672 -0.076160 
210 0.429707 0.000000 0.808127 19.936635 -0.013340 2.471194 -0.066809 
211 0.453067 0.000000 0.895269 18.248773 0.012732 3.110941 0.094122 
212 0.406346 0.000000 0.895269 18.227846 0.007997 3.625160 0.086984 
213 0.499788 0.000000 0.895269 18.360010 0.017432 2.696716 0.089716 
214 0.453067 0.000000 0.938840 17.766323 0.005563 3.866608 0.126115 
215 0.476428 0.000000 0.829912 19.498732 -0.012308 3.793104 -0.043050 
216 0.453067 0.000000 0.829912 19.625726 -0.012717 3.385200 -0.048444 
217 0.499788 0.000000 0.829912 19.275638 -0.012021 4.417308 -0.033731 
218 0.476428 0.000000 0.851698 18.584517 -0.029230 2.820919 0.065978 
219 0.464747 0.000000 0.797234 19.625726 -0.012717 3.385200 -0.048444 
220 0.453067 0.000000 0.797234 19.700425 -0.012808 3.170051 -0.052481 
221 0.464747 0.000000 0.786341 19.625726 -0.012717 3.385200 -0.048444 
222 0.476428 0.000000 0.797234 19.560431 -0.012543 3.586055 -0.045381 
223 0.464747 0.000000 0.808127 19.619056 -0.012611 3.418531 -0.048351 
224 0.429707 0.000000 0.829912 20.029878 -0.013565 2.207826 -0.073402 
225 0.406346 0.000000 0.829912 20.300976 -0.013934 1.513742 -0.095476 
226 0.429707 0.000000 0.851698 18.347594 0.048441 3.169182 0.083590 
227 0.441387 0.000000 0.797234 19.788318 -0.013129 2.894855 -0.057244 
228 0.429707 0.000000 0.797234 20.046559 -0.013534 2.186386 -0.074920 
229 0.441387 0.000000 0.786341 19.830798 -0.013058 2.798912 -0.060248 
230 0.441387 0.000000 0.808127 19.788318 -0.013129 2.894855 -0.057244 
231 0.359625 0.000000 0.720985 21.123318 0.006727 0.920218 -0.181704 
232 0.312905 0.000000 0.720985 21.104565 0.004767 0.592641 -0.178300 
233 0.359625 0.000000 0.677414 20.841863 0.004936 0.830173 -0.150065 
234 0.382986 0.000000 0.786341 20.630718 -0.013789 1.095761 -0.128270 
235 0.359625 0.000000 0.786341 21.172576 -0.013483 0.753568 -0.186474 
236 0.382986 0.000000 0.764556 20.683674 -0.013792 0.983604 -0.133437 
237 0.382986 0.000000 0.808127 20.630718 -0.013789 1.095761 -0.128270 
238 0.219463 0.000000 0.938840 17.206947 0.003560 3.754996 0.180077 
239 0.126021 0.000000 0.938840 18.569496 -0.001308 -2.720321 0.068929 
240 0.219463 0.000000 1.025982 16.022006 0.002339 1.494662 0.315525 
241 0.359625 0.000000 0.895269 18.305119 0.008514 3.879827 0.074469 
242 0.312905 0.000000 0.895269 17.860740 0.006931 4.260309 0.108765 
243 0.359625 0.000000 0.938840 17.639109 0.005132 4.921335 0.113520 
244 0.382986 0.000000 0.829912 20.578625 -0.013851 1.101768 -0.122630 
245 0.359625 0.000000 0.829912 20.157049 -0.014494 3.442321 -0.105349 
246 0.382986 0.000000 0.851698 18.678519 0.046767 3.146506 0.051580 
247 0.394666 0.000000 0.797234 20.545916 -0.013830 1.222815 -0.119819 
248 0.382986 0.000000 0.797234 20.612077 -0.013815 1.114757 -0.126349 
249 0.394666 0.000000 0.786341 20.423852 -0.013898 1.357382 -0.107517 
250 0.406346 0.000000 0.797234 20.338821 -0.013914 1.491939 -0.099368 
251 0.394666 0.000000 0.808127 20.423852 -0.013898 1.357382 -0.107517 
252 0.266184 0.000000 0.808127 24.659227 -0.012928 3.030820 -0.631667 
253 0.219463 0.000000 0.808127 25.799971 -0.010267 1.689185 -0.767083 
254 0.266184 0.000000 0.764556 26.840023 -0.010028 0.373373 -0.904630 
255 0.266184 0.000000 0.851698 21.347281 -0.012509 5.016309 -0.271125 
256 0.336265 0.000000 0.786341 22.055535 -0.012918 0.637296 -0.286941 
257 0.312905 0.000000 0.786341 23.236523 -0.012174 0.575005 -0.428134 
258 0.336265 0.000000 0.764556 21.963523 -0.012989 0.616978 -0.276167 
259 0.336265 0.000000 0.808127 21.743251 -0.013125 0.649595 -0.250827 
260 0.336265 0.000000 0.829912 20.285192 -0.015243 4.586008 -0.143320 
261 0.312905 0.000000 0.829912 20.563397 -0.015620 5.169929 -0.188419 
262 0.336265 0.000000 0.851698 19.406990 -0.005328 5.583269 -0.077984 
263 0.347945 0.000000 0.797234 21.544161 -0.013249 0.669830 -0.228117 
264 0.336265 0.000000 0.797234 22.055535 -0.012918 0.637296 -0.286941 
265 0.347945 0.000000 0.786341 21.628703 -0.013191 0.656459 -0.237718 
266 0.359625 0.000000 0.797234 21.172576 -0.013483 0.753568 -0.186474 
267 0.347945 0.000000 0.808127 21.628703 -0.013191 0.656459 -0.237718 
268 -0.060862 0.000000 0.503129 19.857036 0.002310 -0.115054 -0.042328 
269 -0.247746 0.000000 0.503129 19.703450 0.002363 -0.143243 -0.026286 
270 -0.060862 0.000000 0.328845 19.819750 0.001077 -0.054384 -0.038390 
271 0.219463 0.000000 0.590271 20.426357 0.002264 0.180246 -0.103002 
272 0.126021 0.000000 0.590271 20.266352 0.001828 -0.055774 -0.085713 
273 0.219463 0.000000 0.503129 20.186500 0.001949 0.186286 -0.077258 
274 0.266184 0.000000 0.720985 21.036293 0.003628 0.293858 -0.169995 
275 0.219463 0.000000 0.720985 20.886785 0.002749 0.009295 -0.153199 
276 0.266184 0.000000 0.677414 20.792129 0.003014 0.320828 -0.143042 
277 0.289544 0.000000 0.786341 24.707211 -0.011234 0.510528 -0.614335 
278 0.266184 0.000000 0.786341 26.803654 -0.010018 0.367767 -0.899462 
279 0.289544 0.000000 0.764556 24.640259 -0.011253 0.522223 -0.605634 
280 0.289544 0.000000 0.808127 22.691549 -0.014303 3.567699 -0.394744 
281 0.032580 0.000000 0.764556 20.129704 0.001741 -0.645143 -0.072214 
282 -0.060862 0.000000 0.764556 19.811877 0.002139 -0.525223 -0.038286 
283 0.032580 0.000000 0.677414 20.140534 0.001896 -0.363370 -0.072616 
284 0.032580 0.000000 0.851698 19.807395 0.001561 -1.051740 -0.040012 
285 0.172742 0.000000 0.808127 24.251329 -0.007736 -0.578698 -0.555533 
286 0.126021 0.000000 0.808127 23.145218 -0.005783 -2.806832 -0.436891 
287 0.172742 0.000000 0.764556 24.316144 -0.006120 -2.218709 -0.575981 
288 0.172742 0.000000 0.851698 19.874257 -0.010260 4.457862 -0.096632 
289 0.242823 0.000000 0.786341 28.087523 -0.009211 0.253331 -1.085562 
290 0.219463 0.000000 0.786341 27.381961 -0.009310 0.667209 -0.983114 
291 0.242823 0.000000 0.764556 28.222388 -0.009200 0.263242 -1.105650 
292 0.242823 0.000000 0.808127 26.074279 -0.011594 2.244186 -0.810468 
293 0.266184 0.000000 0.895269 17.834110 0.006018 3.141979 0.133161 
294 0.219463 0.000000 0.895269 18.551004 0.004179 1.803176 0.081710 
295 0.266184 0.000000 0.938840 17.424066 0.004499 4.851190 0.135263 
296 0.242823 0.000000 0.829912 25.143497 -0.012632 3.030239 -0.695410 
297 0.219463 0.000000 0.829912 25.377002 -0.011069 2.296824 -0.716266 
298 0.266184 0.000000 0.829912 23.148117 -0.014728 4.535892 -0.470807 
299 0.242823 0.000000 0.851698 23.138143 -0.011006 3.779109 -0.452952 
300 0.254504 0.000000 0.797234 26.165561 -0.011422 2.089841 -0.821305 
301 0.242823 0.000000 0.797234 26.744550 -0.010835 1.804332 -0.899344 
302 0.254504 0.000000 0.786341 27.282723 -0.009741 0.335145 -0.967895 
303 0.266184 0.000000 0.797234 25.471847 -0.011909 2.095774 -0.726680 
304 0.254504 0.000000 0.808127 25.248359 -0.012543 2.977708 -0.708544 
305 0.172742 0.000000 0.720985 20.670295 0.002160 -0.186409 -0.129508 
306 0.126021 0.000000 0.720985 20.521529 0.001627 -0.300172 -0.113456 
307 0.172742 0.000000 0.677414 20.557438 0.002113 -0.078381 -0.117134 
308 0.196102 0.000000 0.786341 25.200841 -0.007893 -0.388726 -0.679168 
309 0.172742 0.000000 0.786341 24.855369 -0.006235 -2.003708 -0.643669 
310 0.196102 0.000000 0.764556 27.455648 -0.006883 -0.727574 -0.994018 
311 0.196102 0.000000 0.808127 25.156174 -0.008730 0.240042 -0.672975 
312 -0.621512 0.000000 1.374551 19.392537 0.003023 -0.050008 0.005893 
313 -0.995279 0.000000 1.374551 19.431318 0.002179 -0.035179 0.001917 
314 -0.621512 0.000000 1.723119 19.391130 0.001821 -0.016632 0.006044 
315 -0.060862 0.000000 1.200266 19.048234 0.002235 -0.151499 0.040825 
316 -0.247746 0.000000 1.200266 19.269191 0.002153 -0.149663 0.018447 
317 -0.060862 0.000000 1.374551 19.139039 0.002201 0.001066 0.031720 
318 0.032580 0.000000 0.938840 19.144963 0.001797 -1.082153 0.028025 
319 -0.060862 0.000000 0.938840 19.331903 0.002368 -0.610857 0.011120 
320 0.032580 0.000000 1.025982 18.728082 0.002113 -0.672785 0.071659 
321 0.172742 0.000000 0.895269 19.905483 0.002252 -1.185689 -0.051101 
322 0.126021 0.000000 0.895269 19.809311 -0.001317 -2.311995 -0.051418 
323 0.172742 0.000000 0.938840 17.656159 0.002026 0.896489 0.173826 
324 0.196102 0.000000 0.829912 25.178009 -0.009870 1.382632 -0.680782 
325 0.172742 0.000000 0.829912 23.769555 -0.008098 -0.445509 -0.494017 
326 0.196102 0.000000 0.851698 24.431806 -0.010951 2.124217 -0.589801 
327 0.207783 0.000000 0.797234 25.996706 -0.009305 0.896700 -0.788603 
328 0.196102 0.000000 0.797234 25.370656 -0.008375 -0.001433 -0.701470 
329 0.207783 0.000000 0.786341 26.057240 -0.008928 0.588413 -0.795722 
330 0.219463 0.000000 0.797234 26.324104 -0.009770 1.351781 -0.836588 
331 0.207783 0.000000 0.808127 25.723423 -0.009626 1.131307 -0.752498 
332 0.079300 0.000000 0.808127 20.420148 0.001321 -1.009460 -0.104940 
333 0.032580 0.000000 0.808127 20.030987 0.001624 -0.856914 -0.062575 
334 0.079300 0.000000 0.764556 20.419652 0.001543 -0.621689 -0.103214 
335 0.079300 0.000000 0.851698 20.088828 0.000750 -1.430069 -0.072174 
336 0.149382 0.000000 0.786341 23.851525 -0.006017 -2.447728 -0.519648 
337 0.126021 0.000000 0.786341 23.145218 -0.005783 -2.806832 -0.436891 
338 0.149382 0.000000 0.764556 23.270922 -0.005850 -2.886201 -0.453509 
339 0.149382 0.000000 0.808127 23.851525 -0.006017 -2.447728 -0.519648 
340 0.184422 0.000000 0.797234 24.931514 -0.007963 -0.353568 -0.643408 
341 0.172742 0.000000 0.797234 24.015057 -0.007179 -0.864882 -0.526480 
342 0.184422 0.000000 0.786341 24.543564 -0.007018 -0.846547 -0.594235 
343 0.184422 0.000000 0.808127 24.878719 -0.008332 -0.119108 -0.636164 
344 0.149382 0.000000 0.829912 23.270922 -0.005850 -2.886201 -0.453509 
345 0.126021 0.000000 0.829912 21.195058 -0.000209 -1.845207 -0.196490 
346 0.149382 0.000000 0.851698 20.672118 -0.001985 -3.061777 -0.154396 
347 0.161062 0.000000 0.797234 24.028870 -0.006057 -2.546791 -0.543402 
348 0.149382 0.000000 0.797234 23.851525 -0.006017 -2.447728 -0.519648 
349 0.161062 0.000000 0.786341 24.316144 -0.006120 -2.218709 -0.575981 
350 0.161062 0.000000 0.808127 24.316144 -0.006120 -2.218709 -0.575981 
351 0.418026 0.000000 0.797234 20.128452 -0.013684 1.957294 -0.081108 
352 0.418026 0.000000 0.786341 20.162548 -0.013810 1.860752 -0.083765 
353 0.418026 0.000000 0.808127 20.128452 -0.013684 1.957294 -0.081108 
354 0.441387 0.000000 0.819020 19.692225 -0.012852 3.190293 -0.051967 
355 0.429707 0.000000 0.819020 19.967377 -0.013368 2.399830 -0.069133 
356 0.453067 0.000000 0.819020 19.692225 -0.012852 3.190293 -0.051967 
357 0.441387 0.000000 0.829912 19.763582 -0.012944 2.981514 -0.056003 
358 0.435547 0.000000 0.802680 19.876615 -0.013217 2.649876 -0.062911 
359 0.429707 0.000000 0.802680 19.936635 -0.013340 2.471194 -0.066809 
360 0.435547 0.000000 0.797234 19.876615 -0.013217 2.649876 -0.062911 
361 0.441387 0.000000 0.802680 19.788318 -0.013129 2.894855 -0.057244 
362 0.435547 0.000000 0.808127 19.843115 -0.013150 2.733402 -0.060582 
363 0.289544 0.000000 0.829912 21.276281 -0.015507 5.119339 -0.265886 
364 0.289544 0.000000 0.851698 19.934740 -0.012359 5.684359 -0.135879 
365 0.336265 0.000000 0.873483 19.030452 -0.002875 5.326887 -0.032332 
366 0.312905 0.000000 0.873483 19.109618 -0.007629 5.522492 -0.045924 
367 0.359625 0.000000 0.873483 18.701233 0.024233 3.369679 0.045496 
368 0.336265 0.000000 0.895269 18.079702 0.007695 4.205326 0.089193 
369 0.324585 0.000000 0.840805 19.699456 -0.012309 5.935115 -0.118931 
370 0.312905 0.000000 0.840805 19.919114 -0.014847 5.959927 -0.142715 
371 0.324585 0.000000 0.829912 20.304769 -0.015663 5.127587 -0.159326 
372 0.336265 0.000000 0.840805 19.588072 -0.013130 6.015481 -0.109902 
373 0.324585 0.000000 0.851698 19.412635 -0.007588 5.724299 -0.082779 
374 0.289544 0.000000 0.873483 19.523105 -0.010047 5.319507 -0.082332 
375 0.266184 0.000000 0.873483 18.386185 0.000684 3.663402 0.070923 
376 0.289544 0.000000 0.895269 17.660948 0.006625 3.874115 0.135829 
377 0.301224 0.000000 0.840805 20.171227 -0.014261 5.832754 -0.165468 
378 0.289544 0.000000 0.840805 20.447743 -0.014581 5.740177 -0.192326 
379 0.301224 0.000000 0.829912 20.820863 -0.015647 5.202731 -0.217483 
380 0.301224 0.000000 0.851698 19.536085 -0.010304 5.629823 -0.092654 
381 0.301224 0.000000 0.862591 19.301375 -0.009216 5.586683 -0.067279 
382 0.289544 0.000000 0.862591 19.848519 -0.011923 5.594179 -0.124123 
383 0.312905 0.000000 0.862591 19.336037 -0.007006 5.654744 -0.072841 
384 0.301224 0.000000 0.873483 19.209528 -0.009196 5.468535 -0.054476 
385 0.307064 0.000000 0.846251 19.868453 -0.013236 5.828430 -0.133289 
386 0.301224 0.000000 0.846251 19.978391 -0.012708 5.735580 -0.142031 
387 0.307064 0.000000 0.840805 20.090724 -0.015072 5.932014 -0.159988 
388 0.312905 0.000000 0.846251 19.762517 -0.012250 5.884347 -0.123923 
389 0.307064 0.000000 0.851698 19.752787 -0.011970 5.731147 -0.118202 
390 0.277864 0.000000 0.840805 21.054444 -0.014288 5.511375 -0.252080 
391 0.266184 0.000000 0.840805 22.302766 -0.014432 5.138114 -0.384643 
392 0.277864 0.000000 0.829912 22.589095 -0.014903 4.487132 -0.402057 
393 0.277864 0.000000 0.851698 20.297357 -0.010730 5.194100 -0.160345 
394 0.231143 0.000000 0.819020 25.474367 -0.011154 2.246906 -0.728754 
395 0.219463 0.000000 0.819020 25.674282 -0.010798 2.065835 -0.753720 
396 0.231143 0.000000 0.808127 25.801393 -0.010807 1.979700 -0.770095 
397 0.242823 0.000000 0.819020 25.793354 -0.011870 2.468768 -0.774749 
398 0.231143 0.000000 0.829912 25.185748 -0.011594 2.646701 -0.695276 
399 0.207783 0.000000 0.819020 25.596733 -0.010103 1.579653 -0.738524 
400 0.196102 0.000000 0.819020 25.255625 -0.009273 0.782990 -0.687696 
401 0.207783 0.000000 0.829912 25.375783 -0.010710 2.065753 -0.713438 
402 0.219463 0.000000 1.113124 17.705591 0.003199 0.751901 0.169835 
403 0.126021 0.000000 1.113124 18.202203 0.005251 -0.029589 0.124190 
404 0.312905 0.000000 1.113124 17.520171 0.002785 2.213541 0.175643 
405 0.219463 0.000000 1.200266 18.402016 0.000370 0.546640 0.104069 
406 0.172742 0.000000 0.982411 15.164467 0.002417 -0.007871 0.392124 
407 0.126021 0.000000 0.982411 17.428665 -0.000387 -1.447650 0.191509 
408 0.219463 0.000000 0.982411 14.879279 0.003064 2.660798 0.396058 
409 0.172742 0.000000 1.025982 16.735224 -0.003291 0.085278 0.259653 
410 0.266184 0.000000 0.982411 16.214975 0.004205 4.649797 0.247835 
411 0.312905 0.000000 0.982411 16.815746 0.005084 5.106734 0.183595 
412 0.266184 0.000000 1.025982 15.790622 0.003145 3.085836 0.315717 
413 0.196102 0.000000 0.960626 15.237112 0.003100 2.382407 0.371282 
414 0.172742 0.000000 0.960626 14.049095 0.002912 0.494190 0.477610 
415 0.196102 0.000000 0.938840 17.890133 0.003629 2.581392 0.136351 
416 0.219463 0.000000 0.960626 16.844317 0.003234 3.783056 0.212158 
417 0.196102 0.000000 0.982411 14.567722 0.003154 1.340467 0.434274 
418 0.032580 0.000000 1.113124 18.738134 0.001084 -0.277397 0.071657 
419 -0.060862 0.000000 1.113124 19.046112 0.001437 -0.287380 0.040881 
420 0.032580 0.000000 1.200266 18.851771 0.002291 -0.070086 0.060556 
421 0.079300 0.000000 0.982411 18.466323 0.001097 -1.170815 0.094968 
422 0.032580 0.000000 0.982411 18.860778 0.001993 -0.917708 0.057444 
423 0.079300 0.000000 0.938840 18.936592 0.000877 -1.544031 0.045794 
424 0.079300 0.000000 1.025982 18.309478 0.001473 -0.743320 0.112378 
425 0.149382 0.000000 0.960626 11.497749 0.004055 -0.730439 0.649139 
426 0.126021 0.000000 0.960626 17.693381 -0.000900 -2.178838 0.159923 
427 0.149382 0.000000 0.938840 17.777697 0.000921 0.021632 0.164565 
428 0.149382 0.000000 0.982411 16.377261 -0.003551 -1.258972 0.286815 
429 0.196102 0.000000 0.917054 20.749648 0.004942 1.695196 -0.145701 
430 0.172742 0.000000 0.917054 21.953934 0.003518 -0.157950 -0.274113 
431 0.196102 0.000000 0.895269 19.311480 0.003121 0.023076 0.014192 
432 0.219463 0.000000 0.917054 18.939345 0.004891 3.084358 0.026673 
433 0.184422 0.000000 0.949733 17.242516 0.003674 1.890678 0.204660 
434 0.172742 0.000000 0.949733 16.964129 0.001782 0.747756 0.237804 
435 0.184422 0.000000 0.938840 17.516076 0.003656 2.015493 0.178237 
436 0.196102 0.000000 0.949733 17.068335 0.003878 2.818523 0.208908 
437 0.184422 0.000000 0.960626 14.870701 0.003187 1.753822 0.407316 
438 0.242823 0.000000 0.960626 16.722535 0.003491 4.392711 0.209788 
439 0.242823 0.000000 0.938840 17.273466 0.003575 4.275075 0.162974 
440 0.266184 0.000000 0.960626 16.679155 0.004262 4.693659 0.206390 
441 0.242823 0.000000 0.982411 15.543068 0.003049 3.757993 0.324061 
442 0.207783 0.000000 0.949733 17.073247 0.003643 3.215205 0.202138 
443 0.207783 0.000000 0.938840 17.371094 0.003743 3.157589 0.175989 
444 0.219463 0.000000 0.949733 17.158673 0.003498 3.714506 0.185261 
445 0.207783 0.000000 0.960626 16.571532 0.003345 3.372347 0.244022 
446 0.406346 0.000000 1.113124 18.190909 0.003904 2.931616 0.102561 
447 0.499788 0.000000 1.113124 19.050623 0.006354 3.123681 0.014853 
448 0.406346 0.000000 1.200266 18.650361 -0.008635 1.509639 0.074510 
449 0.359625 0.000000 0.982411 17.126818 0.004640 5.125860 0.155167 
450 0.406346 0.000000 0.982411 17.404729 0.004699 5.040806 0.132085 
451 0.359625 0.000000 1.025982 17.019261 0.004210 4.762085 0.174384 
452 0.289544 0.000000 0.960626 16.744290 0.004904 4.957571 0.193902 
453 0.289544 0.000000 0.938840 17.502353 0.005681 4.985278 0.124549 
454 0.312905 0.000000 0.960626 16.816224 0.005199 5.102770 0.183659 
455 0.289544 0.000000 0.982411 16.529822 0.004963 4.897100 0.214341 
456 0.266184 0.000000 1.069553 16.814418 0.002351 1.810777 0.243982 
457 0.219463 0.000000 1.069553 17.110469 -0.004788 0.948094 0.223724 
458 0.312905 0.000000 1.069553 17.028543 0.003207 2.876048 0.211628 
459 0.266184 0.000000 1.113124 17.622722 -0.000838 1.317584 0.174480 
460 0.289544 0.000000 1.004197 16.110767 0.003829 4.251633 0.266108 
461 0.266184 0.000000 1.004197 15.775639 0.003387 3.830544 0.303352 
462 0.312905 0.000000 1.004197 16.507088 0.004315 5.050884 0.212283 
463 0.289544 0.000000 1.025982 16.051112 0.003522 3.451478 0.287473 
464 0.277864 0.000000 0.971518 16.612881 0.004793 4.889165 0.207270 
465 0.266184 0.000000 0.971518 16.509792 0.004247 4.677209 0.221656 
466 0.277864 0.000000 0.960626 16.666495 0.004451 4.763098 0.205770 
467 0.289544 0.000000 0.971518 16.671502 0.004971 4.875341 0.202469 
468 0.277864 0.000000 0.982411 16.500812 0.004552 4.859470 0.217845 
469 0.453067 0.000000 0.982411 17.613780 0.005722 4.596851 0.124044 
470 0.499788 0.000000 0.982411 17.816916 0.006443 3.945894 0.119719 
471 0.453067 0.000000 1.025982 17.859810 0.005892 4.496276 0.103391 
472 0.359625 0.000000 1.069553 17.431005 0.004450 3.818994 0.158280 
473 0.406346 0.000000 1.069553 17.783840 0.004423 4.253915 0.116155 
474 0.359625 0.000000 1.113124 17.905498 0.003492 2.781025 0.132068 
475 0.382986 0.000000 1.004197 17.293693 0.004563 5.042032 0.142237 
476 0.359625 0.000000 1.004197 17.122263 0.004562 5.109967 0.156010 
477 0.382986 0.000000 0.982411 17.257630 0.004524 5.113887 0.143602 
478 0.406346 0.000000 1.004197 17.432831 0.004719 4.959052 0.131658 
479 0.382986 0.000000 1.025982 17.243206 0.004409 5.050888 0.146610 
480 0.593230 0.000000 1.113124 19.300353 0.012171 2.642307 -0.003127 
481 0.686671 0.000000 1.113124 19.393951 0.020228 2.335422 -0.008664 
482 0.593230 0.000000 1.200266 19.257366 0.005239 1.889772 0.010270 
483 0.453067 0.000000 1.069553 18.239516 0.005797 4.191960 0.074147 
484 0.499788 0.000000 1.069553 18.547552 0.007867 3.839905 0.051667 
485 0.453067 0.000000 1.113124 18.608539 0.004822 3.051478 0.060040 
486 0.429707 0.000000 1.004197 17.592097 0.005008 4.794818 0.121147 
487 0.429707 0.000000 0.982411 17.477738 0.005096 4.950972 0.127726 
488 0.453067 0.000000 1.004197 17.806482 0.005891 4.543490 0.107291 
489 0.429707 0.000000 1.025982 17.669694 0.005237 4.726565 0.115632 
490 0.429707 0.000000 1.047768 17.910381 0.005657 4.622727 0.095561 
491 0.406346 0.000000 1.047768 17.614861 0.004491 4.538227 0.125359 
492 0.453067 0.000000 1.047768 17.990488 0.006039 4.447314 0.092165 
493 0.429707 0.000000 1.069553 18.105530 0.005245 4.171184 0.087479 
494 0.418026 0.000000 1.015089 17.534482 0.004989 4.912200 0.123485 
495 0.406346 0.000000 1.015089 17.488195 0.004934 4.910304 0.127820 
496 0.418026 0.000000 1.004197 17.506426 0.004931 4.932449 0.125557 
497 0.429707 0.000000 1.015089 17.669694 0.005237 4.726565 0.115632 
498 0.418026 0.000000 1.025982 17.646284 0.005098 4.799976 0.115969 
499 0.546509 0.000000 1.069553 18.673613 0.009895 3.367298 0.048268 
500 0.546509 0.000000 1.025982 18.471841 0.008991 3.402814 0.067444 
501 0.593230 0.000000 1.069553 18.802450 0.012594 2.933619 0.042728 
502 0.546509 0.000000 1.113124 19.341949 0.008658 2.813109 -0.009839 
503 0.476428 0.000000 1.047768 18.096627 0.006735 4.187336 0.087974 
504 0.476428 0.000000 1.025982 18.054619 0.006701 4.225650 0.091136 
505 0.499788 0.000000 1.047768 18.258641 0.007423 3.864025 0.079285 
506 0.476428 0.000000 1.069553 18.463429 0.006825 3.986914 0.056856 
507 0.546509 0.000000 0.982411 18.057664 0.006444 3.259031 0.109970 
508 0.546509 0.000000 0.938840 18.241872 0.005375 2.771910 0.100060 
509 0.593230 0.000000 0.982411 18.140711 0.005032 2.748573 0.110130 
510 0.523148 0.000000 1.047768 18.401708 0.008411 3.646418 0.069741 
511 0.523148 0.000000 1.025982 18.286031 0.008046 3.658506 0.080726 
512 0.546509 0.000000 1.047768 18.515553 0.009115 3.391703 0.063370 
513 0.523148 0.000000 1.069553 18.728514 0.008933 3.546851 0.039558 
514 1.621088 0.000000 1.374551 19.727323 0.042818 0.331897 -0.029016 
515 1.621088 0.000000 1.025982 19.098444 -0.025962 0.808023 0.034095 
516 1.994855 0.000000 1.374551 19.393334 -0.071342 0.074076 0.005790 
517 1.621088 0.000000 1.723119 19.469966 -0.020266 0.188824 -0.002149 
518 1.060438 0.000000 1.200266 19.668509 0.007702 1.517918 -0.028686 
519 1.060438 0.000000 1.025982 19.643889 -0.000699 1.545503 -0.026350 
520 1.247321 0.000000 1.200266 19.497134 -0.007138 1.437801 -0.010317 
521 1.060438 0.000000 1.374551 19.690453 0.011120 1.056308 -0.027828 
522 0.780113 0.000000 1.113124 19.362225 0.021308 2.086584 -0.002505 
523 0.780113 0.000000 1.025982 19.046528 0.013257 2.075587 0.029670 
524 0.873555 0.000000 1.113124 19.492748 -0.002262 1.941324 -0.014363 
525 0.780113 0.000000 1.200266 19.492086 0.005836 1.597948 -0.011082 
526 0.639950 0.000000 1.069553 18.912452 0.016282 2.651503 0.035926 
527 0.639950 0.000000 1.025982 18.726631 0.013760 2.694632 0.053805 
528 0.686671 0.000000 1.069553 19.042595 0.019629 2.474667 0.025265 
529 0.639950 0.000000 1.113124 19.304647 0.016452 2.487766 -0.001470 
530 1.621088 0.000000 0.677414 19.388497 0.088192 0.889810 0.004201 
531 1.621088 0.000000 0.328845 19.477886 0.033383 0.432681 -0.003367 
532 1.994855 0.000000 0.677414 19.389279 0.123211 0.777255 0.004597 
533 1.060438 0.000000 0.851698 19.679723 -0.015039 1.084356 -0.026870 
534 1.060438 0.000000 0.677414 19.748393 0.049257 1.015732 -0.033652 
535 1.247321 0.000000 0.851698 19.423476 -0.024749 1.137360 -0.000696 
536 0.780113 0.000000 0.938840 19.100208 0.001345 1.408562 0.030400 
537 0.780113 0.000000 0.851698 19.403033 -0.009267 1.252066 0.000679 
538 0.873555 0.000000 0.938840 19.452207 -0.002550 1.235319 -0.004261 
539 0.639950 0.000000 0.982411 18.407063 0.007161 2.383022 0.089356 
540 0.639950 0.000000 0.938840 18.653130 0.004561 2.029507 0.069374 
541 0.686671 0.000000 0.982411 18.685804 0.005731 2.084914 0.065546 
542 0.733392 0.000000 1.069553 19.173303 0.021957 2.316630 0.014062 
543 0.733392 0.000000 1.025982 18.924723 0.013212 2.182884 0.040688 
544 0.780113 0.000000 1.069553 19.235556 0.020733 2.161566 0.009577 
545 0.733392 0.000000 1.113124 19.428266 0.026042 2.157090 -0.010068 
546 0.663311 0.000000 1.047768 18.947324 0.017659 2.547428 0.033866 
547 0.639950 0.000000 1.047768 18.912452 0.016282 2.651503 0.035926 
548 0.663311 0.000000 1.025982 18.741977 0.015108 2.640698 0.053046 
549 0.686671 0.000000 1.047768 19.014840 0.019552 2.474404 0.028060 
550 0.663311 0.000000 1.069553 19.033721 0.019062 2.541732 0.025269 
551 0.966996 0.000000 1.113124 19.554798 -0.006983 1.808478 -0.019451 
552 0.966996 0.000000 1.025982 19.422877 -0.002109 1.618260 -0.004135 
553 1.060438 0.000000 1.113124 19.640544 0.003763 1.647810 -0.026867 
554 0.966996 0.000000 1.200266 19.680549 0.004277 1.334697 -0.028556 
555 0.826834 0.000000 1.069553 19.334405 0.010516 2.033649 0.000918 
556 0.826834 0.000000 1.025982 19.189507 0.008627 1.985158 0.016189 
557 0.873555 0.000000 1.069553 19.421549 -0.002808 1.968619 -0.007321 
558 0.826834 0.000000 1.113124 19.413223 0.010058 2.013853 -0.006943 
559 0.966996 0.000000 0.938840 19.499912 -0.004806 1.172177 -0.008771 
560 0.966996 0.000000 0.851698 19.682981 0.003829 1.029868 -0.026904 
561 1.060438 0.000000 0.938840 19.662255 -0.011411 1.226443 -0.025921 
562 0.920276 0.000000 1.069553 19.471997 -0.008316 1.897650 -0.011782 
563 0.920276 0.000000 1.025982 19.387415 -0.002660 1.780621 -0.001956 
564 0.966996 0.000000 1.069553 19.507408 -0.008230 1.815646 -0.014626 
565 0.920276 0.000000 1.113124 19.525911 -0.008835 1.878837 -0.017152 
566 -1.742813 0.000000 9.391630 19.449445 -0.000301 0.000584 0.000057 
567 -4.732946 0.000000 9.391630 19.449680 -0.000269 0.000073 0.000033 
568 1.247321 0.000000 9.391630 19.449963 0.000187 0.000149 0.000004 
569 -1.742813 0.000000 12.180179 19.449785 -0.000298 0.000240 0.000022 
570 -0.247746 0.000000 5.208806 19.447899 -0.001254 0.001055 0.000216 
571 -1.742813 0.000000 5.208806 19.447236 -0.001150 0.000508 0.000284 
572 1.247321 0.000000 5.208806 19.448679 0.001816 0.002609 0.000136 
573 -0.247746 0.000000 6.603080 19.448417 -0.001237 0.001425 0.000163 
574 0.499788 0.000000 3.117394 19.439478 -0.000593 0.020735 0.001081 
575 -0.247746 0.000000 3.117394 19.435086 0.000069 0.010467 0.001533 
576 1.247321 0.000000 3.117394 19.447630 -0.000981 0.021431 0.000242 
577 0.499788 0.000000 3.814531 19.444641 0.008312 0.010399 0.000550 
578 0.873555 0.000000 2.071688 19.443552 0.002383 0.159995 0.000595 
579 0.499788 0.000000 2.071688 19.392921 0.003429 0.140628 0.005808 
580 1.247321 0.000000 2.071688 19.466496 0.000107 0.140172 -0.001749 
581 0.873555 0.000000 2.420257 19.437040 -0.001630 0.078408 0.001316 
582 1.060438 0.000000 1.548835 19.540320 -0.006223 0.426571 -0.009790 
583 0.873555 0.000000 1.548835 19.482886 -0.002557 0.485553 -0.004008 
584 1.247321 0.000000 1.548835 19.540251 -0.013031 0.363578 -0.009652 
585 1.060438 0.000000 1.723119 19.485934 0.000832 0.281499 -0.003908 
586 0.966996 0.000000 1.287409 19.689617 0.011099 1.073430 -0.027837 
587 0.873555 0.000000 1.287409 19.570947 -0.015914 1.045672 -0.015366 
588 1.060438 0.000000 1.287409 19.686439 0.009850 1.214007 -0.028356 
589 0.966996 0.000000 1.374551 19.589441 -0.006467 0.751544 -0.015883 
590 0.920276 0.000000 1.156695 19.641271 -0.006673 1.751695 -0.027876 
591 0.873555 0.000000 1.156695 19.695845 0.001288 1.712515 -0.033192 
592 0.966996 0.000000 1.156695 19.649337 -0.004351 1.678906 -0.028053 
593 0.920276 0.000000 1.200266 19.663940 0.001216 1.464429 -0.027789 
594 0.896915 0.000000 1.091339 19.475623 -0.007120 1.923910 -0.012421 
595 0.873555 0.000000 1.091339 19.446733 -0.001666 1.955656 -0.009774 
596 0.896915 0.000000 1.069553 19.455577 -0.006051 1.932081 -0.010441 
597 0.920276 0.000000 1.091339 19.497167 -0.007680 1.886689 -0.014265 
598 0.896915 0.000000 1.113124 19.511740 -0.007355 1.892278 -0.015824 
599 1.434205 0.000000 1.200266 19.464476 -0.006296 1.224158 -0.005450 
600 1.434205 0.000000 1.025982 19.286485 -0.031890 1.220900 0.012800 
601 1.621088 0.000000 1.200266 19.499847 0.004580 0.718759 -0.006498 
602 1.434205 0.000000 1.374551 19.648296 0.026337 0.766300 -0.022048 
603 1.153880 0.000000 1.113124 19.550900 -0.004492 1.612611 -0.017276 
604 1.153880 0.000000 1.025982 19.528027 -0.012585 1.507841 -0.014050 
605 1.247321 0.000000 1.113124 19.459763 -0.012236 1.487993 -0.006857 
606 1.153880 0.000000 1.200266 19.566065 0.001602 1.491453 -0.017850 
607 1.013717 0.000000 1.069553 19.596494 0.001560 1.698681 -0.022748 
608 1.013717 0.000000 1.025982 19.590169 -0.002644 1.505814 -0.020459 
609 1.060438 0.000000 1.069553 19.644946 0.001427 1.585804 -0.026794 
610 1.013717 0.000000 1.113124 19.624552 0.002797 1.690671 -0.025585 
611 10.217723 0.000000 3.814531 19.449463 -0.017000 0.006213 0.000054 
612 10.217723 0.000000 1.025982 19.453056 0.147272 0.934881 -0.002682 
613 13.207857 0.000000 3.814531 19.448845 -0.013513 0.009705 0.000118 
614 10.217723 0.000000 6.603080 19.451239 -0.002996 -0.000696 -0.000127 
615 5.732522 0.000000 2.420257 19.453949 -0.000315 0.037101 -0.000410 
616 5.732522 0.000000 1.025982 19.488224 0.159982 0.463031 -0.004569 
617 7.227589 0.000000 2.420257 19.460708 0.004584 0.027382 -0.001103 
618 5.732522 0.000000 3.814531 19.451217 0.007759 0.006303 -0.000125 
619 3.489922 0.000000 1.723119 19.455401 0.004847 0.152790 -0.000617 
620 3.489922 0.000000 1.025982 19.417606 0.196940 0.508084 0.002543 
621 4.237455 0.000000 1.723119 19.452031 0.008494 0.184325 -0.000299 
622 3.489922 0.000000 2.420257 19.451833 0.003824 0.020917 -0.000190 
623 2.368622 0.000000 1.374551 19.379158 -0.133836 0.354624 0.006891 
624 2.368622 0.000000 1.025982 19.429319 0.018668 0.385843 0.001731 
625 2.742388 0.000000 1.374551 19.544622 -0.058270 0.306475 -0.010011 
626 2.368622 0.000000 1.723119 19.441186 -0.048756 0.208186 0.000785 
627 1.807972 0.000000 1.200266 19.501673 0.010204 -0.107191 -0.005351 
628 1.807972 0.000000 1.025982 18.874227 0.021892 0.118466 0.058291 
629 1.994855 0.000000 1.200266 19.139251 0.031467 -1.697382 0.024080 
630 1.807972 0.000000 1.374551 19.796179 0.048498 -0.102707 -0.035948 
631 10.217723 0.000000 -1.762567 19.451222 0.061969 -0.153022 -0.000198 
632 10.217723 0.000000 -4.551116 19.448738 -0.006000 -0.004582 0.000130 
633 13.207857 0.000000 -1.762567 19.449574 0.080125 -0.094182 0.000003 
634 5.732522 0.000000 -0.368292 19.506877 -0.085270 -0.567765 -0.006728 
635 5.732522 0.000000 -1.762567 19.466764 0.039609 -0.196811 -0.001831 
636 7.227589 0.000000 -0.368292 19.438420 -0.010546 -0.652097 0.000066 
637 3.489922 0.000000 0.328845 19.414580 0.037272 0.433160 0.003139 
638 3.489922 0.000000 -0.368292 19.415314 0.036401 -0.503808 0.002889 
639 4.237455 0.000000 0.328845 19.409967 -0.017159 0.436721 0.003607 
640 2.368622 0.000000 0.677414 19.415814 0.127843 0.783954 0.001844 
641 2.368622 0.000000 0.328845 19.395673 0.028938 0.392671 0.005169 
642 2.742388 0.000000 0.677414 19.458209 0.035852 0.861660 -0.002810 
643 1.807972 0.000000 0.851698 19.284403 0.200480 0.566537 0.016001 
644 1.621088 0.000000 0.851698 19.049768 -0.047862 0.545985 0.039937 
645 1.807972 0.000000 0.677414 19.374138 0.104799 0.809066 0.006026 
646 1.994855 0.000000 0.851698 19.374157 0.217377 0.487250 0.007031 
647 1.714530 0.000000 1.113124 19.244066 -0.011957 0.681875 0.019834 
648 1.621088 0.000000 1.113124 19.272912 -0.014927 0.813480 0.016377 
649 1.714530 0.000000 1.025982 19.091752 -0.020387 0.502325 0.035830 
650 1.807972 0.000000 1.113124 19.199086 0.007834 -0.050048 0.025628 
651 1.714530 0.000000 1.200266 19.474988 0.004945 0.642665 -0.003663 
652 2.181738 0.000000 1.200266 19.150915 0.057186 -1.423117 0.025156 
653 2.181738 0.000000 1.025982 19.251385 0.056917 -1.565457 0.013832 
654 2.368622 0.000000 1.200266 19.341127 -0.139836 0.443589 0.010592 
655 2.181738 0.000000 1.374551 19.296831 -0.106767 0.236232 0.015510 
656 2.181738 0.000000 0.851698 19.426947 0.213251 0.540589 0.001476 
657 2.181738 0.000000 0.677414 19.402093 0.133620 0.770404 0.003304 
658 2.368622 0.000000 0.851698 19.436241 0.178065 0.582324 0.000434 
659 2.088297 0.000000 1.113124 19.125786 0.053654 -1.646499 0.025887 
660 1.994855 0.000000 1.113124 19.136822 0.042195 -1.680425 0.024475 
661 2.088297 0.000000 1.025982 19.660133 0.108965 -0.879136 -0.023799 
662 2.181738 0.000000 1.113124 19.218083 0.031954 -0.828900 0.021886 
663 2.088297 0.000000 1.200266 19.022618 0.043527 -1.794410 0.034947 
664 3.116155 0.000000 1.374551 19.522854 0.111299 0.204742 -0.007649 
665 3.116155 0.000000 1.025982 19.483700 0.252727 0.542359 -0.004415 
666 3.489922 0.000000 1.374551 19.434686 0.135369 0.224329 0.001393 
667 3.116155 0.000000 1.723119 19.481594 -0.017480 0.163054 -0.003322 
668 2.555505 0.000000 1.200266 19.504182 -0.155338 0.420406 -0.006110 
669 2.555505 0.000000 1.025982 19.525568 0.009602 0.356876 -0.008122 
670 2.742388 0.000000 1.200266 19.593829 -0.027716 0.375069 -0.015218 
671 2.555505 0.000000 1.374551 19.478125 -0.110967 0.352205 -0.003255 
672 2.275180 0.000000 1.113124 19.219534 0.024728 -0.618399 0.022545 
673 2.275180 0.000000 1.025982 19.285251 0.006721 -0.234683 0.016723 
674 2.368622 0.000000 1.113124 19.285251 0.006721 -0.234683 0.016723 
675 2.275180 0.000000 1.200266 19.251010 0.009082 -0.248352 0.020194 
676 0.079300 0.000000 0.895269 19.550724 0.000729 -1.612004 -0.017253 
677 0.032580 0.000000 0.895269 19.485125 0.001647 -1.140167 -0.007051 
678 0.149382 0.000000 0.917054 20.417391 -0.007044 -2.966870 -0.125217 
679 0.126021 0.000000 0.917054 19.430207 -0.001526 -2.555252 -0.015225 
680 0.149382 0.000000 0.895269 20.076983 -0.005540 -2.376691 -0.080442 
681 0.686671 0.000000 1.548835 19.370875 0.000175 0.503608 0.007449 
682 0.499788 0.000000 1.548835 19.239223 0.001308 0.436221 0.021053 
683 0.686671 0.000000 1.723119 19.383632 -0.000512 0.319001 0.006544 
684 0.593230 0.000000 1.287409 19.225187 -0.005412 1.141306 0.019540 
685 0.499788 0.000000 1.287409 19.050768 -0.002964 1.097575 0.037446 
686 0.686671 0.000000 1.287409 19.362522 -0.008602 1.135254 0.005568 
687 0.593230 0.000000 1.374551 19.244166 -0.000995 0.821928 0.019268 
688 0.546509 0.000000 1.156695 19.176574 0.005476 2.271149 0.014283 
689 0.499788 0.000000 1.156695 18.944036 0.005234 2.440423 0.035607 
690 0.593230 0.000000 1.156695 19.294715 0.007018 2.182033 0.003318 
691 0.546509 0.000000 1.200266 19.195329 0.004625 2.021653 0.015212 
692 0.126021 0.000000 2.071688 19.372153 0.003478 0.087004 0.007969 
693 -0.247746 0.000000 2.071688 19.381889 0.000815 0.027168 0.006990 
694 0.126021 0.000000 2.420257 19.407785 0.000172 0.048437 0.004330 
695 0.312905 0.000000 1.548835 19.166159 0.001799 0.305238 0.028727 
696 0.126021 0.000000 1.548835 19.184603 0.002018 0.175001 0.027023 
697 0.312905 0.000000 1.723119 19.293617 0.001564 0.221999 0.015886 
698 0.406346 0.000000 1.287409 18.889814 -0.000579 0.949465 0.054390 
699 0.312905 0.000000 1.287409 18.762164 0.000948 0.700625 0.068180 
700 0.406346 0.000000 1.374551 19.014064 0.001759 0.661542 0.043167 
701 0.453067 0.000000 1.156695 18.701989 0.004268 2.305031 0.061392 
702 0.406346 0.000000 1.156695 18.349953 0.003477 2.335025 0.095504 
703 0.453067 0.000000 1.200266 18.821939 -0.016995 1.633874 0.056482 
704 0.546509 0.000000 1.243838 19.123142 -0.010456 1.376823 0.028316 
705 0.499788 0.000000 1.243838 19.026073 -0.006867 1.345147 0.038333 
706 0.593230 0.000000 1.243838 19.225602 -0.014986 1.378407 0.017918 
707 0.546509 0.000000 1.287409 19.140407 -0.003760 1.130621 0.028202 
708 0.523148 0.000000 1.178481 19.077603 0.004797 2.126380 0.025974 
709 0.499788 0.000000 1.178481 18.998523 0.004656 2.114529 0.034066 
710 0.523148 0.000000 1.156695 19.126081 0.005440 2.340524 0.018550 
711 0.546509 0.000000 1.178481 19.202679 0.004963 2.095584 0.013661 
712 0.523148 0.000000 1.200266 19.191377 0.004513 2.024633 0.015581 
713 0.780113 0.000000 1.287409 19.477019 -0.012088 1.095676 -0.005954 
714 0.780113 0.000000 1.374551 19.446222 -0.003382 0.821799 -0.001397 
715 0.639950 0.000000 1.243838 19.298360 0.005725 1.805829 0.006912 
716 0.639950 0.000000 1.200266 19.381910 0.006280 1.782430 -0.001409 
717 0.686671 0.000000 1.243838 19.523949 0.005018 1.656789 -0.014875 
718 0.639950 0.000000 1.287409 19.299399 -0.007010 1.140221 0.011989 
719 0.733392 0.000000 1.243838 19.507778 0.005059 1.597218 -0.012694 
720 0.733392 0.000000 1.200266 19.512523 0.007036 1.665972 -0.013776 
721 0.780113 0.000000 1.243838 19.489790 0.004247 1.532724 -0.010306 
722 0.733392 0.000000 1.287409 19.421843 -0.010368 1.116759 -0.000404 
723 0.733392 0.000000 1.156695 19.560457 0.020162 1.887377 -0.020808 
724 0.686671 0.000000 1.156695 19.548996 0.012787 1.957874 -0.020339 
725 0.780113 0.000000 1.156695 19.527904 0.016416 1.794835 -0.016543 
726 0.710032 0.000000 1.222052 19.524899 0.005409 1.656677 -0.014972 
727 0.686671 0.000000 1.222052 19.523327 0.005424 1.658002 -0.014821 
728 0.710032 0.000000 1.200266 19.522837 0.006626 1.670836 -0.014883 
729 0.733392 0.000000 1.222052 19.507898 0.005209 1.597471 -0.012708 
730 0.710032 0.000000 1.243838 19.527342 0.005751 1.655343 -0.015212 
731 0.826834 0.000000 1.243838 19.582969 0.004082 1.473621 -0.019460 
732 0.826834 0.000000 1.200266 19.596324 0.005046 1.537386 -0.021351 
733 0.873555 0.000000 1.243838 19.675267 0.003689 1.419913 -0.028627 
734 0.826834 0.000000 1.287409 19.524271 -0.013725 1.075174 -0.010708 
735 0.920276 0.000000 1.243838 19.662792 0.002493 1.369136 -0.026956 
736 0.966996 0.000000 1.243838 19.683711 0.007805 1.187855 -0.027906 
737 0.920276 0.000000 1.287409 19.604909 -0.018554 1.025132 -0.018771 
738 1.153880 0.000000 1.287409 19.605877 0.012939 1.160631 -0.019654 
739 1.247321 0.000000 1.287409 19.584361 0.014436 1.108989 -0.017115 
740 1.153880 0.000000 1.374551 19.559792 0.018992 1.007483 -0.014006 
741 1.013717 0.000000 1.243838 19.697026 0.010074 1.167368 -0.029165 
742 1.013717 0.000000 1.200266 19.678029 0.007324 1.412280 -0.028858 
743 1.060438 0.000000 1.243838 19.686439 0.009850 1.214007 -0.028356 
744 1.013717 0.000000 1.287409 19.689824 0.010286 1.131926 -0.028200 
745 4.237455 0.000000 9.391630 19.450211 -0.004974 0.000745 -0.000022 
746 7.227589 0.000000 9.391630 19.450363 0.005592 0.000416 -0.000037 
747 4.237455 0.000000 12.180179 19.449973 -0.000481 0.000513 0.000003 
748 2.742388 0.000000 5.208806 19.449411 0.004500 0.001933 0.000061 
749 4.237455 0.000000 5.208806 19.449135 0.005050 0.001711 0.000089 
750 2.742388 0.000000 6.603080 19.449682 -0.001703 0.002709 0.000033 
751 1.994855 0.000000 3.117394 19.451897 0.011772 0.020946 -0.000197 
752 2.742388 0.000000 3.117394 19.453015 0.014237 0.016667 -0.000311 
753 1.994855 0.000000 3.814531 19.451825 0.008326 0.010185 -0.000188 
754 1.621088 0.000000 2.071688 19.459213 -0.003892 0.125071 -0.000989 
755 1.994855 0.000000 2.071688 19.454300 -0.007729 0.121576 -0.000481 
756 1.621088 0.000000 2.420257 19.455669 0.016623 0.055093 -0.000592 
757 1.807972 0.000000 1.548835 19.478008 -0.082971 0.237432 -0.003049 
758 1.621088 0.000000 1.548835 19.503411 -0.036997 0.271789 -0.005699 
759 1.994855 0.000000 1.548835 19.426992 -0.050196 0.168697 0.002283 
760 1.807972 0.000000 1.723119 19.461168 -0.031065 0.163700 -0.001222 
761 1.714530 0.000000 1.287409 19.626947 0.024364 0.403968 -0.018711 
762 1.621088 0.000000 1.287409 19.624037 0.020002 0.624974 -0.019009 
763 1.807972 0.000000 1.287409 19.850552 0.042806 -0.109612 -0.041649 
764 1.714530 0.000000 1.374551 19.846199 0.043342 0.163411 -0.041231 
765 2.368622 0.000000 2.071688 19.455923 0.015699 0.140164 -0.000662 
766 2.742388 0.000000 2.071688 19.466469 -0.002387 0.116287 -0.001730 
767 2.368622 0.000000 2.420257 19.458575 -0.004715 0.033270 -0.000885 
768 2.181738 0.000000 1.548835 19.397480 -0.067885 0.216834 0.005257 
769 2.368622 0.000000 1.548835 19.421372 -0.077864 0.262373 0.002744 
770 2.181738 0.000000 1.723119 19.430928 -0.046192 0.191321 0.001858 
771 2.088297 0.000000 1.287409 18.976665 0.040087 -0.722143 0.046697 
772 1.994855 0.000000 1.287409 19.359969 0.038178 -0.855755 0.007297 
773 2.181738 0.000000 1.287409 19.170136 -0.094487 0.207792 0.028433 
774 2.088297 0.000000 1.374551 19.313814 -0.085659 0.140058 0.013883 
775 2.135017 0.000000 1.156695 19.111486 0.050755 -1.628623 0.027488 
776 2.088297 0.000000 1.156695 19.125786 0.053654 -1.646499 0.025887 
777 2.135017 0.000000 1.113124 19.136937 0.054478 -1.608340 0.025087 
778 2.181738 0.000000 1.156695 19.218083 0.031954 -0.828900 0.021886 
779 2.135017 0.000000 1.200266 19.047374 0.042402 -1.630406 0.033941 
780 2.275180 0.000000 1.287409 19.260064 -0.132812 0.349909 0.019065 
781 2.368622 0.000000 1.287409 19.352012 -0.166248 0.402909 0.009548 
782 2.275180 0.000000 1.374551 19.329308 -0.118113 0.311151 0.012079 
783 2.228459 0.000000 1.156695 19.218083 0.031954 -0.828900 0.021886 
784 2.228459 0.000000 1.113124 19.218083 0.031954 -0.828900 0.021886 
785 2.275180 0.000000 1.156695 19.176319 0.014817 -0.321463 0.027670 
786 2.228459 0.000000 1.200266 19.155299 0.023863 -0.825292 0.028272 
787 3.116155 0.000000 0.677414 19.449083 -0.134970 0.921053 -0.002196 
788 3.116155 0.000000 0.328845 19.406346 0.047819 0.418257 0.004015 
789 3.489922 0.000000 0.677414 19.414549 -0.152921 0.965594 0.001116 
790 2.555505 0.000000 0.851698 19.482946 0.147473 0.621561 -0.004469 
791 2.555505 0.000000 0.677414 19.439817 0.098321 0.815553 -0.000737 
792 2.742388 0.000000 0.851698 19.499367 0.112826 0.685217 -0.006357 
793 2.275180 0.000000 0.938840 19.452463 0.141178 0.266126 -0.000493 
794 2.181738 0.000000 0.938840 19.483175 0.173086 0.205352 -0.003605 
795 2.275180 0.000000 0.851698 19.426998 0.197941 0.567640 0.001409 
796 2.368622 0.000000 0.938840 19.446475 0.104352 0.274766 0.000134 
797 2.228459 0.000000 1.069553 19.218083 0.031954 -0.828900 0.021886 
798 2.181738 0.000000 1.069553 19.218083 0.031954 -0.828900 0.021886 
799 2.228459 0.000000 1.025982 19.368232 0.023063 -0.339131 0.008085 
800 2.275180 0.000000 1.069553 19.313875 0.012072 -0.251067 0.013781 
801 2.205099 0.000000 1.134910 19.218083 0.031954 -0.828900 0.021886 
802 2.181738 0.000000 1.134910 19.218083 0.031954 -0.828900 0.021886 
803 2.205099 0.000000 1.113124 19.218083 0.031954 -0.828900 0.021886 
804 2.228459 0.000000 1.134910 19.218083 0.031954 -0.828900 0.021886 
805 2.205099 0.000000 1.156695 19.218083 0.031954 -0.828900 0.021886 
806 2.088297 0.000000 0.938840 19.468508 0.186559 0.104405 -0.002025 
807 1.994855 0.000000 0.938840 19.177335 0.063664 -0.406862 0.027393 
808 2.088297 0.000000 0.851698 19.412579 0.219361 0.506702 0.003038 
809 2.135017 0.000000 1.069553 19.170574 0.056834 -1.570025 0.022002 
810 2.088297 0.000000 1.069553 19.141018 0.054776 -1.683326 0.024021 
811 2.135017 0.000000 1.025982 19.324211 0.066519 -1.468434 0.007181 
812 2.205099 0.000000 1.091339 19.218083 0.031954 -0.828900 0.021886 
813 2.181738 0.000000 1.091339 19.218083 0.031954 -0.828900 0.021886 
814 2.205099 0.000000 1.069553 19.218083 0.031954 -0.828900 0.021886 
815 2.228459 0.000000 1.091339 19.218083 0.031954 -0.828900 0.021886 
816 2.462063 0.000000 1.113124 19.451490 -0.110801 0.422818 -0.000658 
817 2.462063 0.000000 1.025982 19.469961 -0.009649 0.361244 -0.002399 
818 2.555505 0.000000 1.113124 19.522112 -0.090737 0.405623 -0.007886 
819 2.462063 0.000000 1.200266 19.434044 -0.168286 0.433676 0.001068 
820 2.321901 0.000000 1.156695 19.285251 0.006721 -0.234683 0.016723 
821 2.321901 0.000000 1.113124 19.285251 0.006721 -0.234683 0.016723 
822 2.368622 0.000000 1.156695 19.285251 0.006721 -0.234683 0.016723 
823 2.321901 0.000000 1.200266 19.285251 0.006721 -0.234683 0.016723 
824 2.251820 0.000000 1.134910 19.218083 0.031954 -0.828900 0.021886 
825 2.251820 0.000000 1.113124 19.218083 0.031954 -0.828900 0.021886 
826 2.275180 0.000000 1.134910 19.160930 0.019150 -0.637085 0.028430 
827 2.251820 0.000000 1.156695 19.218083 0.031954 -0.828900 0.021886 
828 2.216779 0.000000 1.124017 19.206833 0.051332 -0.834047 0.023002 
829 2.205099 0.000000 1.124017 19.218083 0.031954 -0.828900 0.021886 
830 2.216779 0.000000 1.113124 19.228766 0.201314 -0.841209 0.020642 
831 2.228459 0.000000 1.124017 19.218083 0.031954 -0.828900 0.021886 
832 2.216779 0.000000 1.134910 19.218083 0.031954 -0.828900 0.021886 
833 0.161062 0.000000 0.949733 15.729653 0.000509 0.686495 0.344722 
834 0.149382 0.000000 0.949733 11.497749 0.004055 -0.730439 0.649139 
835 0.161062 0.000000 0.938840 17.753520 0.001246 0.278552 0.166632 
836 0.161062 0.000000 0.960626 12.688002 0.003602 -0.458635 0.573897 
837 0.546509 0.000000 0.895269 18.463039 0.014886 2.431681 0.083281 
838 0.593230 0.000000 0.895269 18.663166 0.009012 2.030401 0.068374 
839 0.523148 0.000000 0.829912 19.199407 -0.036361 2.610778 0.007581 
840 0.523148 0.000000 0.808127 19.502346 0.055050 2.616433 -0.023494 
841 0.546509 0.000000 0.829912 19.252830 -0.041663 2.380550 0.005187 
842 0.523148 0.000000 0.851698 18.970001 -0.022688 2.529408 0.031835 
843 0.488108 0.000000 0.819020 19.430327 -0.012136 3.998568 -0.040242 
844 0.476428 0.000000 0.819020 19.560431 -0.012543 3.586055 -0.045381 
845 0.488108 0.000000 0.808127 19.498732 -0.012308 3.793104 -0.043050 
846 0.499788 0.000000 0.819020 19.354823 -0.012062 4.200945 -0.036888 
847 0.488108 0.000000 0.829912 19.430327 -0.012136 3.998568 -0.040242 
848 0.593230 0.000000 0.590271 19.965165 0.007235 1.064115 -0.056668 
849 0.593230 0.000000 0.503129 19.942706 0.004992 0.764540 -0.052851 
850 0.686671 0.000000 0.590271 19.821923 0.010774 1.000787 -0.041257 
851 0.546509 0.000000 0.720985 20.034204 0.013507 1.771370 -0.069269 
852 0.546509 0.000000 0.677414 20.083569 0.009914 1.474207 -0.071955 
853 0.593230 0.000000 0.720985 19.826771 0.014742 1.623936 -0.046089 
854 0.523148 0.000000 0.786341 19.803396 0.021960 2.469128 -0.052786 
855 0.523148 0.000000 0.764556 20.010821 0.017442 2.247128 -0.071848 
856 0.546509 0.000000 0.786341 19.677436 0.021620 2.255911 -0.036977 
857 0.511468 0.000000 0.819020 19.198893 -0.012053 4.648615 -0.031469 
858 0.511468 0.000000 0.808127 19.198893 -0.012053 4.648615 -0.031469 
859 0.523148 0.000000 0.819020 19.342695 -0.147199 2.636325 -0.007426 
860 0.511468 0.000000 0.829912 19.138292 -0.034541 2.766531 0.011561 
861 0.780113 0.000000 0.764556 19.571704 0.031004 1.255172 -0.016721 
862 0.780113 0.000000 0.677414 19.693344 0.021484 1.121048 -0.028502 
863 0.873555 0.000000 0.764556 19.646879 0.040649 1.144700 -0.023815 
864 0.639950 0.000000 0.808127 19.407422 0.033786 1.730655 -0.003547 
865 0.639950 0.000000 0.764556 19.581660 0.021319 1.626870 -0.020582 
866 0.686671 0.000000 0.808127 19.418331 0.034897 1.556313 -0.003152 
867 0.639950 0.000000 0.851698 19.209048 -0.016036 1.725504 0.016752 
868 0.569869 0.000000 0.829912 19.273802 -0.049955 2.165786 0.005630 
869 0.569869 0.000000 0.808127 19.440062 0.037801 2.137564 -0.011060 
870 0.593230 0.000000 0.829912 19.286506 -0.063290 1.999874 0.006158 
871 0.569869 0.000000 0.851698 19.111625 -0.019609 2.142853 0.022353 
872 0.569869 0.000000 0.786341 19.597993 0.021972 2.055953 -0.026450 
873 0.569869 0.000000 0.764556 19.732602 0.018263 1.942776 -0.039248 
874 0.593230 0.000000 0.786341 19.549619 0.022613 1.910478 -0.019919 
875 0.558189 0.000000 0.819020 19.354724 0.385145 2.331037 -0.004983 
876 0.546509 0.000000 0.819020 19.227719 -1.420381 3.557068 -0.016053 
877 0.558189 0.000000 0.808127 19.454974 0.040015 2.252733 -0.013930 
878 0.569869 0.000000 0.819020 19.355807 0.189492 2.172605 -0.002910 
879 0.558189 0.000000 0.829912 19.265514 -0.045318 2.278066 0.005157 
880 0.639950 0.000000 0.895269 18.728444 0.008009 1.880709 0.063470 
881 0.686671 0.000000 0.895269 18.794297 0.006928 1.725872 0.058414 
882 0.616590 0.000000 0.829912 19.296900 -0.086415 1.869127 0.006426 
883 0.616590 0.000000 0.808127 19.411375 0.033966 1.847138 -0.005054 
884 0.639950 0.000000 0.829912 19.309443 -0.133175 1.755512 0.006208 
885 0.616590 0.000000 0.851698 19.180062 -0.017261 1.847495 0.018541 
886 0.639950 0.000000 0.720985 19.713714 0.016813 1.495667 -0.033215 
887 0.639950 0.000000 0.677414 19.800997 0.012986 1.339908 -0.041164 
888 0.686671 0.000000 0.720985 19.656616 0.019278 1.384457 -0.026426 
889 0.616590 0.000000 0.786341 19.518720 0.023498 1.792165 -0.015570 
890 0.616590 0.000000 0.764556 19.614092 0.019964 1.720559 -0.024771 
891 0.639950 0.000000 0.786341 19.499023 0.024693 1.686347 -0.012566 
892 0.604910 0.000000 0.819020 19.354146 0.084662 1.929337 -0.000026 
893 0.593230 0.000000 0.819020 19.354547 0.101293 1.995624 -0.000763 
894 0.604910 0.000000 0.808127 19.415858 0.034535 1.909582 -0.006135 
895 0.616590 0.000000 0.819020 19.354752 0.074147 1.864841 0.000563 
896 0.604910 0.000000 0.829912 19.291556 -0.073218 1.934884 0.006316 
897 0.733392 0.000000 0.808127 19.446931 0.037378 1.411207 -0.004952 
898 0.733392 0.000000 0.764556 19.549290 0.027185 1.359864 -0.015126 
899 0.780113 0.000000 0.808127 19.491666 0.040986 1.296370 -0.008736 
900 0.733392 0.000000 0.851698 19.332559 -0.011288 1.376518 0.007031 
901 0.663311 0.000000 0.829912 19.323978 -0.264441 1.677357 0.005295 
902 0.663311 0.000000 0.808127 19.410246 0.034252 1.642188 -0.003048 
903 0.686671 0.000000 0.829912 19.292034 -1.366158 2.571558 -0.006237 
904 0.663311 0.000000 0.851698 19.238068 -0.014866 1.622725 0.014713 
905 1.060438 0.000000 0.503129 19.728917 0.043250 0.772164 -0.030467 
906 1.060438 0.000000 0.328845 19.697698 0.013893 0.453763 -0.026177 
907 1.247321 0.000000 0.503129 19.620595 0.057642 0.788810 -0.019272 
908 0.966996 0.000000 0.764556 19.723250 0.051578 1.089751 -0.031441 
909 0.966996 0.000000 0.677414 19.747225 0.039007 1.021230 -0.033557 
910 1.060438 0.000000 0.764556 19.749693 0.063182 1.069543 -0.034089 
911 0.826834 0.000000 0.808127 19.544916 0.045400 1.220237 -0.013725 
912 0.826834 0.000000 0.764556 19.606385 0.035664 1.191643 -0.019902 
913 0.873555 0.000000 0.808127 19.603781 0.050366 1.164411 -0.019466 
914 0.826834 0.000000 0.851698 19.477370 -0.004800 1.169955 -0.006435 
915 0.733392 0.000000 0.895269 19.052382 0.003070 1.429541 0.035066 
916 0.780113 0.000000 0.895269 19.103343 0.001895 1.352849 0.030490 
917 0.733392 0.000000 0.938840 19.027287 0.001442 1.521604 0.036874 
918 0.756753 0.000000 0.829912 19.418465 0.155745 1.339591 -0.001568 
919 0.733392 0.000000 0.829912 19.390462 0.220339 1.421003 0.000647 
920 0.756753 0.000000 0.808127 19.467917 0.039030 1.338204 -0.006581 
921 0.780113 0.000000 0.829912 19.448190 0.125718 1.291906 -0.004268 
922 0.756753 0.000000 0.851698 19.367935 -0.009821 1.300476 0.003950 
923 0.826834 0.000000 0.895269 19.154863 0.000438 1.304761 0.025618 
924 0.873555 0.000000 0.895269 19.495773 0.036440 0.994940 -0.007333 
925 0.826834 0.000000 0.938840 19.147236 0.000627 1.373124 0.025906 
926 0.803473 0.000000 0.829912 19.479139 0.108993 1.249435 -0.007157 
927 0.803473 0.000000 0.808127 19.517250 0.043117 1.254763 -0.011094 
928 0.826834 0.000000 0.829912 19.511751 0.099027 1.213227 -0.010277 
929 0.803473 0.000000 0.851698 19.440108 -0.006684 1.205555 -0.002825 
930 4.984989 0.000000 0.328845 19.466929 -0.061123 0.449995 -0.002287 
931 4.984989 0.000000 -0.368292 19.469138 -0.058292 -0.514514 -0.002678 
932 5.732522 0.000000 0.328845 19.503922 -0.085015 0.504184 -0.006243 
933 4.984989 0.000000 1.025982 19.476702 0.191465 0.465585 -0.003417 
934 8.722656 0.000000 -0.368292 19.405672 -0.013204 -0.549199 0.003755 
935 8.722656 0.000000 -1.762567 19.455236 0.032280 -0.143401 -0.000596 
936 10.217723 0.000000 -0.368292 19.411562 -0.124977 -0.477076 0.003306 
937 8.722656 0.000000 1.025982 19.430225 -0.030276 0.736204 0.000597 
938 6.480056 0.000000 0.328845 19.469537 -0.051814 0.541898 -0.002793 
939 6.480056 0.000000 -0.368292 19.470845 -0.051512 -0.602752 -0.003112 
940 7.227589 0.000000 0.328845 19.438630 -0.017171 0.597588 0.000224 
941 6.480056 0.000000 1.025982 19.467348 0.042410 0.518023 -0.002499 
942 4.984989 0.000000 1.723119 19.461104 0.009177 0.187540 -0.001235 
943 5.732522 0.000000 1.723119 19.467406 0.039946 0.209515 -0.001911 
944 4.984989 0.000000 2.420257 19.448323 0.005669 0.034342 0.000169 
945 5.358756 0.000000 0.677414 19.505357 0.003747 0.987028 -0.008276 
946 4.984989 0.000000 0.677414 19.475095 0.035002 1.004581 -0.005253 
947 5.358756 0.000000 0.328845 19.495443 -0.079687 0.475619 -0.005293 
948 5.732522 0.000000 0.677414 19.510021 -0.015885 0.961595 -0.008626 
949 5.358756 0.000000 1.025982 19.487115 0.192476 0.465161 -0.004490 
950 8.722656 0.000000 2.420257 19.459317 0.000691 0.013731 -0.000959 
951 10.217723 0.000000 2.420257 19.453584 -0.010201 0.012752 -0.000369 
952 8.722656 0.000000 3.814531 19.452026 -0.023080 0.007940 -0.000210 
953 6.480056 0.000000 1.723119 19.469831 0.038094 0.196397 -0.002146 
954 7.227589 0.000000 1.723119 19.464633 0.015206 0.165674 -0.001578 
955 6.480056 0.000000 2.420257 19.459418 0.002020 0.034733 -0.000972 
956 6.106289 0.000000 0.677414 19.492624 -0.019459 0.938072 -0.006715 
957 6.106289 0.000000 0.328845 19.491364 -0.073083 0.526600 -0.005005 
958 6.480056 0.000000 0.677414 19.469294 -0.037941 0.919507 -0.004224 
959 6.106289 0.000000 1.025982 19.478416 0.106730 0.476381 -0.003554 
960 5.358756 0.000000 1.374551 19.461360 0.066923 0.312310 -0.001438 
961 4.984989 0.000000 1.374551 19.456905 0.039432 0.286994 -0.000932 
962 5.732522 0.000000 1.374551 19.467634 0.041344 0.288285 -0.002038 
963 5.358756 0.000000 1.723119 19.462849 0.005916 0.189321 -0.001417 
964 5.545639 0.000000 0.851698 19.492740 0.096411 0.903105 -0.006580 
965 5.358756 0.000000 0.851698 19.490138 0.142547 0.931260 -0.006478 
966 5.545639 0.000000 0.677414 19.511042 -0.009562 0.974557 -0.008797 
967 5.732522 0.000000 0.851698 19.491641 0.078320 0.886046 -0.006378 
968 5.545639 0.000000 1.025982 19.488864 0.179890 0.462739 -0.004652 
969 4.611222 0.000000 0.677414 19.434931 0.031541 1.007867 -0.001139 
970 4.237455 0.000000 0.677414 19.410339 -0.015792 1.012984 0.001361 
971 4.611222 0.000000 0.328845 19.432376 -0.038445 0.437014 0.001303 
972 4.611222 0.000000 1.025982 19.468616 0.167214 0.450347 -0.002525 
973 5.171872 0.000000 0.851698 19.481939 0.155658 0.943487 -0.005704 
974 4.984989 0.000000 0.851698 19.469842 0.156791 0.949237 -0.004488 
975 5.171872 0.000000 0.677414 19.492564 0.020870 0.997314 -0.007012 
976 5.171872 0.000000 1.025982 19.482551 0.196673 0.466922 -0.004028 
977 6.106289 0.000000 1.374551 19.470998 0.021474 0.297959 -0.002396 
978 6.480056 0.000000 1.374551 19.473676 0.009821 0.291277 -0.002661 
979 6.106289 0.000000 1.723119 19.469176 0.038482 0.203830 -0.002087 
980 5.545639 0.000000 1.200266 19.481917 0.084829 0.358543 -0.003643 
981 5.358756 0.000000 1.200266 19.479565 0.088285 0.367254 -0.003420 
982 5.732522 0.000000 1.200266 19.483132 0.077472 0.349595 -0.003749 
983 5.545639 0.000000 1.374551 19.465827 0.068012 0.304555 -0.001885 
984 5.452197 0.000000 0.938840 19.488088 0.159808 0.699575 -0.005282 
985 5.358756 0.000000 0.938840 19.486837 0.169356 0.698102 -0.005156 
986 5.452197 0.000000 0.851698 19.492073 0.133647 0.923536 -0.006633 
987 5.545639 0.000000 0.938840 19.488472 0.149065 0.700110 -0.005314 
988 5.452197 0.000000 1.025982 19.488199 0.187331 0.463813 -0.004593 
989 5.919406 0.000000 0.851698 19.488147 0.086136 0.864625 -0.005922 
990 5.919406 0.000000 0.677414 19.503368 -0.017542 0.949248 -0.007878 
991 6.106289 0.000000 0.851698 19.479566 0.066360 0.851798 -0.004972 
992 5.919406 0.000000 1.025982 19.484524 0.135729 0.466825 -0.004178 
993 5.639081 0.000000 0.938840 19.488139 0.138059 0.699948 -0.005271 
994 5.639081 0.000000 0.851698 19.492709 0.087155 0.894570 -0.006532 
995 5.732522 0.000000 0.938840 19.486846 0.127055 0.699540 -0.005129 
996 5.639081 0.000000 1.025982 19.488900 0.170740 0.462450 -0.004646 
997 7.975123 0.000000 0.328845 19.421006 0.003119 0.557240 0.002158 
998 7.975123 0.000000 -0.368292 19.418201 -0.000682 -0.614185 0.002270 
999 8.722656 0.000000 0.328845 19.407514 -0.007521 0.493288 0.003721 
1000 7.975123 0.000000 1.025982 19.415864 -0.038056 0.671584 0.002311 
1001 6.853823 0.000000 0.677414 19.450663 -0.070286 0.915062 -0.002295 
1002 6.853823 0.000000 0.328845 19.446847 -0.010961 0.593544 -0.000607 
1003 7.227589 0.000000 0.677414 19.435223 -0.087281 0.914623 -0.000713 
1004 6.853823 0.000000 1.025982 19.461424 0.026017 0.553685 -0.001987 
1005 6.293172 0.000000 0.851698 19.469642 0.041025 0.842376 -0.003901 
1006 6.293172 0.000000 0.677414 19.480267 -0.025804 0.927646 -0.005391 
1007 6.480056 0.000000 0.851698 19.462819 0.011682 0.837198 -0.003172 
1008 6.293172 0.000000 1.025982 19.471675 0.073714 0.494360 -0.002890 
1009 5.919406 0.000000 1.200266 19.483286 0.080955 0.358634 -0.003783 
1010 6.106289 0.000000 1.200266 19.482033 0.070211 0.353181 -0.003639 
1011 5.919406 0.000000 1.374551 19.469039 0.025626 0.299730 -0.002198 
1012 6.012847 0.000000 0.938840 19.478495 0.092154 0.699481 -0.004248 
1013 5.919406 0.000000 0.938840 19.482171 0.104365 0.699031 -0.004631 
1014 6.012847 0.000000 0.851698 19.484211 0.076792 0.857772 -0.005481 
1015 6.106289 0.000000 0.938840 19.474159 0.079025 0.700583 -0.003800 
1016 6.012847 0.000000 1.025982 19.481791 0.121823 0.470665 -0.003896 
1017 7.975123 0.000000 1.723119 19.454116 0.021421 0.158474 -0.000491 
1018 8.722656 0.000000 1.723119 19.455611 0.032635 0.154081 -0.000643 
1019 7.975123 0.000000 2.420257 19.460502 0.004741 0.020965 -0.001081 
1020 6.853823 0.000000 1.374551 19.469287 -0.007749 0.287768 -0.002203 
1021 7.227589 0.000000 1.374551 19.460258 -0.014933 0.286288 -0.001272 
1022 6.853823 0.000000 1.723119 19.470039 0.011790 0.173654 -0.002142 
1023 6.293172 0.000000 1.200266 19.480171 0.059359 0.351198 -0.003440 
1024 6.480056 0.000000 1.200266 19.476930 0.056799 0.325225 -0.003059 
1025 6.293172 0.000000 1.374551 19.472747 0.014068 0.293577 -0.002569 
1026 6.199731 0.000000 0.938840 19.469575 0.064892 0.702517 -0.003330 
1027 6.199731 0.000000 0.851698 19.474401 0.054429 0.846585 -0.004413 
1028 6.293172 0.000000 0.938840 19.467887 0.073583 0.699065 -0.003146 
1029 6.199731 0.000000 1.025982 19.474948 0.090495 0.484399 -0.003209 
1030 6.666939 0.000000 0.851698 19.457809 -0.015409 0.836877 -0.002655 
1031 6.666939 0.000000 0.677414 19.459474 -0.054061 0.915345 -0.003197 
1032 6.853823 0.000000 0.851698 19.452025 -0.035340 0.840584 -0.002079 
1033 6.666939 0.000000 1.025982 19.463672 0.018957 0.541387 -0.002182 
1034 6.386614 0.000000 0.938840 19.464870 0.057952 0.702363 -0.002842 
1035 6.386614 0.000000 0.851698 19.465962 0.026438 0.839147 -0.003505 
1036 6.480056 0.000000 0.938840 19.462574 0.042897 0.706425 -0.002617 
1037 6.386614 0.000000 1.025982 19.469214 0.057388 0.505800 -0.002662 
1038 6.666939 0.000000 1.200266 19.474518 0.049535 0.329282 -0.002816 
1039 6.853823 0.000000 1.200266 19.471143 0.024548 0.330243 -0.002465 
1040 6.666939 0.000000 1.374551 19.473803 0.009921 0.295300 -0.002680 
1041 7.601356 0.000000 1.374551 19.445081 -0.033173 0.275977 0.000302 
1042 7.601356 0.000000 1.025982 19.422429 -0.020146 0.635318 0.001765 
1043 7.975123 0.000000 1.374551 19.440512 -0.018872 0.283267 0.000762 
1044 7.601356 0.000000 1.723119 19.460052 0.019374 0.161877 -0.001104 
1045 7.040706 0.000000 1.200266 19.464292 0.023631 0.336209 -0.001770 
1046 7.040706 0.000000 1.025982 19.453395 0.015271 0.572067 -0.001215 
1047 7.227589 0.000000 1.200266 19.455032 0.024831 0.350046 -0.000843 
1048 7.040706 0.000000 1.374551 19.465336 -0.008138 0.284337 -0.001791 
1049 6.760381 0.000000 1.113124 19.470395 0.046040 0.405985 -0.002540 
1050 6.666939 0.000000 1.113124 19.472399 0.052804 0.399612 -0.002734 
1051 6.760381 0.000000 1.025982 19.461582 0.010520 0.551584 -0.001996 
1052 6.853823 0.000000 1.113124 19.467917 0.040686 0.412539 -0.002297 
1053 6.760381 0.000000 1.200266 19.473591 0.026166 0.327807 -0.002713 
1054 7.601356 0.000000 0.677414 19.416737 -0.087527 0.906158 0.001227 
1055 7.601356 0.000000 0.328845 19.430691 -0.010042 0.585804 0.001077 
1056 7.975123 0.000000 0.677414 19.403688 -0.067121 0.913078 0.002541 
1057 7.040706 0.000000 0.851698 19.444280 -0.047845 0.845891 -0.001309 
1058 7.040706 0.000000 0.677414 19.442866 -0.082107 0.915712 -0.001501 
1059 7.227589 0.000000 0.851698 19.434916 -0.054063 0.850554 -0.000370 
1060 7.414473 0.000000 1.200266 19.445487 0.025647 0.360635 0.000118 
1061 7.414473 0.000000 1.025982 19.432760 0.004022 0.608870 0.000792 
1062 7.601356 0.000000 1.200266 19.438061 0.026035 0.372719 0.000858 
1063 7.414473 0.000000 1.374551 19.449748 -0.027569 0.277453 -0.000180 
1064 7.134148 0.000000 1.113124 19.454572 0.013448 0.430531 -0.000961 
1065 7.040706 0.000000 1.113124 19.460267 0.031781 0.426877 -0.001540 
1066 7.134148 0.000000 1.025982 19.448515 0.011370 0.581450 -0.000741 
1067 7.227589 0.000000 1.113124 19.449233 0.009769 0.438916 -0.000431 
1068 7.134148 0.000000 1.200266 19.459782 0.023762 0.339939 -0.001313 
1069 7.414473 0.000000 0.851698 19.423291 -0.030300 0.869178 0.000745 
1070 7.414473 0.000000 0.677414 19.426181 -0.087601 0.911015 0.000234 
1071 7.601356 0.000000 0.851698 19.414690 -0.033209 0.873824 0.001606 
1072 7.321031 0.000000 1.113124 19.444090 0.006037 0.448116 0.000077 
1073 7.321031 0.000000 1.025982 19.437872 0.005969 0.599999 0.000295 
1074 7.414473 0.000000 1.113124 19.439136 0.002400 0.457929 0.000562 
1075 7.321031 0.000000 1.200266 19.450063 0.025247 0.355209 -0.000342 
1076 11.712790 0.000000 2.420257 19.449852 -0.018770 0.023047 0.000013 
1077 11.712790 0.000000 1.025982 19.449913 0.137351 0.860200 -0.001997 
1078 13.207857 0.000000 2.420257 19.449808 -0.003139 0.031075 0.000017 
1079 11.712790 0.000000 3.814531 19.448575 -0.008884 0.008508 0.000146 
1080 9.470190 0.000000 1.723119 19.455470 0.024267 0.179392 -0.000649 
1081 9.470190 0.000000 1.025982 19.444520 -0.044446 0.791470 -0.001098 
1082 10.217723 0.000000 1.723119 19.451473 0.069087 0.162239 -0.000234 
1083 9.470190 0.000000 2.420257 19.457379 0.002771 0.007258 -0.000759 
1084 8.348890 0.000000 1.374551 19.443799 -0.005619 0.293584 0.000410 
1085 8.348890 0.000000 1.025982 19.419764 -0.039223 0.703493 0.001794 
1086 8.722656 0.000000 1.374551 19.447550 0.013803 0.300597 0.000013 
1087 8.348890 0.000000 1.723119 19.455036 0.025820 0.156994 -0.000585 
1088 7.788239 0.000000 1.200266 19.433734 0.026396 0.385744 0.001277 
1089 7.788239 0.000000 1.025982 19.417629 -0.036600 0.647689 0.002213 
1090 7.975123 0.000000 1.200266 19.431804 0.026040 0.399910 0.001446 
1091 7.788239 0.000000 1.374551 19.441608 -0.022642 0.277247 0.000658 
1092 11.712790 0.000000 -0.368292 19.449601 -0.064272 -0.406623 -0.000407 
1093 11.712790 0.000000 -1.762567 19.450727 0.059985 -0.024228 -0.000086 
1094 13.207857 0.000000 -0.368292 19.449340 -0.021903 -0.326636 -0.000215 
1095 9.470190 0.000000 0.328845 19.398663 -0.042373 0.474779 0.004671 
1096 9.470190 0.000000 -0.368292 19.397052 -0.050208 -0.530862 0.004685 
1097 10.217723 0.000000 0.328845 19.413544 -0.087331 0.448887 0.003192 
1098 8.348890 0.000000 0.677414 19.401606 -0.076937 0.910728 0.002762 
1099 8.348890 0.000000 0.328845 19.414007 -0.002908 0.512829 0.003002 
1100 8.722656 0.000000 0.677414 19.400221 -0.088323 0.917405 0.002867 
1101 7.788239 0.000000 0.851698 19.408726 -0.037200 0.879880 0.002190 
1102 7.788239 0.000000 0.677414 19.408423 -0.062933 0.916795 0.002038 
1103 7.975123 0.000000 0.851698 19.405908 -0.042143 0.887578 0.002442 
1104 7.694798 0.000000 1.113124 19.428535 -0.004865 0.497269 0.001552 
1105 7.601356 0.000000 1.113124 19.431309 -0.003284 0.485727 0.001297 
1106 7.694798 0.000000 1.025982 19.419947 -0.021009 0.644112 0.001990 
1107 7.788239 0.000000 1.113124 19.426393 -0.005332 0.508420 0.001743 
1108 7.694798 0.000000 1.200266 19.435644 0.026217 0.379171 0.001094 
1109 8.162006 0.000000 1.200266 19.431472 0.023546 0.413857 0.001450 
1110 8.162006 0.000000 1.025982 19.416522 -0.039298 0.687843 0.002185 
1111 8.348890 0.000000 1.200266 19.433964 0.023489 0.430351 0.001157 
1112 8.162006 0.000000 1.374551 19.441942 -0.012200 0.287061 0.000610 
1113 8.162006 0.000000 0.851698 19.406143 -0.046671 0.896517 0.002374 
1114 8.162006 0.000000 0.677414 19.401856 -0.072000 0.910787 0.002738 
1115 8.348890 0.000000 0.851698 19.408083 -0.051542 0.910894 0.002105 
1116 8.068564 0.000000 1.113124 19.424008 -0.005652 0.536172 0.001911 
1117 7.975123 0.000000 1.113124 19.424213 -0.004971 0.527831 0.001913 
1118 8.068564 0.000000 1.025982 19.415864 -0.038796 0.679722 0.002282 
1119 8.162006 0.000000 1.113124 19.424435 -0.006535 0.544545 0.001843 
1120 8.068564 0.000000 1.200266 19.431398 0.024185 0.405915 0.001475 
1121 9.096423 0.000000 1.374551 19.445709 0.051211 0.305393 0.000188 
1122 9.096423 0.000000 1.025982 19.429183 -0.011078 0.761346 0.000607 
1123 9.470190 0.000000 1.374551 19.468474 0.077272 0.315640 -0.002180 
1124 9.096423 0.000000 1.723119 19.449782 0.012697 0.185391 -0.000069 
1125 8.535773 0.000000 1.200266 19.439432 0.015125 0.452701 0.000544 
1126 8.535773 0.000000 1.025982 19.425224 -0.036661 0.719359 0.001175 
1127 8.722656 0.000000 1.200266 19.443118 0.025295 0.465015 0.000134 
1128 8.535773 0.000000 1.374551 19.446026 0.003162 0.298116 0.000174 
1129 8.255448 0.000000 1.113124 19.425340 -0.007192 0.552751 0.001726 
1130 8.255448 0.000000 1.025982 19.417866 -0.039578 0.695845 0.002017 
1131 8.348890 0.000000 1.113124 19.427264 -0.007230 0.560866 0.001505 
1132 8.255448 0.000000 1.200266 19.432281 0.023164 0.422134 0.001349 
1133 9.096423 0.000000 0.677414 19.397713 -0.083852 0.946997 0.002980 
1134 9.096423 0.000000 0.328845 19.401213 -0.013841 0.476741 0.004409 
1135 9.470190 0.000000 0.677414 19.394187 -0.126780 0.959699 0.003254 
1136 8.535773 0.000000 0.851698 19.410980 -0.054851 0.923561 0.001746 
1137 8.535773 0.000000 0.677414 19.401216 -0.082139 0.912826 0.002790 
1138 8.722656 0.000000 0.851698 19.411585 -0.077624 0.947108 0.001559 
1139 8.909540 0.000000 1.200266 19.442948 0.040230 0.475536 0.000123 
1140 8.909540 0.000000 1.025982 19.432813 -0.020335 0.753322 0.000265 
1141 9.096423 0.000000 1.200266 19.436522 0.048676 0.482413 0.000764 
1142 8.909540 0.000000 1.374551 19.446779 0.024876 0.301861 0.000089 
1143 8.629215 0.000000 1.113124 19.435143 -0.000766 0.584222 0.000625 
1144 8.535773 0.000000 1.113124 19.432613 -0.004254 0.576708 0.000908 
1145 8.629215 0.000000 1.025982 19.427767 -0.033945 0.727729 0.000882 
1146 8.722656 0.000000 1.113124 19.437598 0.004180 0.591274 0.000351 
1147 8.629215 0.000000 1.200266 19.441396 0.019587 0.459321 0.000326 
1148 10.965257 0.000000 1.723119 19.448436 0.090395 0.151041 0.000079 
1149 10.965257 0.000000 1.025982 19.447072 0.111794 0.968679 -0.002212 
1150 11.712790 0.000000 1.723119 19.450993 0.080004 0.029159 -0.000121 
1151 10.965257 0.000000 2.420257 19.451681 0.006100 0.001701 -0.000173 
1152 9.843957 0.000000 1.374551 19.476965 0.143593 0.283622 -0.003042 
1153 9.843957 0.000000 1.025982 19.497683 0.062851 0.879002 -0.006962 
1154 10.217723 0.000000 1.374551 19.458155 0.183635 0.258566 -0.001105 
1155 9.843957 0.000000 1.723119 19.456273 0.054776 0.169148 -0.000729 
1156 9.283306 0.000000 1.200266 19.436154 0.039022 0.490279 0.000784 
1157 9.283306 0.000000 1.025982 19.421675 -0.020742 0.769531 0.001344 
1158 9.470190 0.000000 1.200266 19.468943 0.047116 0.508689 -0.002639 
1159 9.283306 0.000000 1.374551 19.451010 0.058942 0.315087 -0.000375 
1160 10.217723 0.000000 9.391630 19.450245 0.005899 0.000081 -0.000025 
1161 13.207857 0.000000 9.391630 19.450213 -0.000778 0.000511 -0.000022 
1162 10.217723 0.000000 12.180179 19.450136 -0.000651 0.000331 -0.000014 
1163 8.722656 0.000000 5.208806 19.448572 -0.006076 0.002996 0.000147 
1164 7.227589 0.000000 5.208806 19.448307 -0.001501 0.002773 0.000174 
1165 10.217723 0.000000 5.208806 19.448951 -0.008920 0.001975 0.000108 
1166 8.722656 0.000000 6.603080 19.451501 -0.002553 0.000120 -0.000154 
1167 9.470190 0.000000 3.117394 19.452300 -0.015401 0.006841 -0.000237 
1168 8.722656 0.000000 3.117394 19.453104 -0.015066 0.008628 -0.000320 
1169 10.217723 0.000000 3.117394 19.451253 -0.015595 0.005974 -0.000130 
1170 9.470190 0.000000 3.814531 19.451811 -0.024147 0.006910 -0.000188 
1171 9.096423 0.000000 2.071688 19.458492 -0.036030 0.061668 -0.000887 
1172 8.722656 0.000000 2.071688 19.458992 -0.039495 0.065116 -0.000940 
1173 9.470190 0.000000 2.071688 19.454026 0.023191 0.094332 -0.000439 
1174 9.096423 0.000000 2.420257 19.458588 0.001441 0.010435 -0.000884 
1175 8.909540 0.000000 1.548835 19.448243 0.010786 0.245291 0.000021 
1176 8.722656 0.000000 1.548835 19.447881 -0.001770 0.246529 0.000057 
1177 9.096423 0.000000 1.548835 19.449018 0.018747 0.247307 -0.000062 
1178 8.909540 0.000000 1.723119 19.455552 0.037187 0.152744 -0.000636 
1179 9.002981 0.000000 1.287409 19.444026 0.023683 0.368647 0.000253 
1180 8.909540 0.000000 1.287409 19.444392 0.034145 0.357292 0.000236 
1181 9.002981 0.000000 1.200266 19.440526 0.046019 0.478833 0.000362 
1182 9.096423 0.000000 1.287409 19.441305 0.027132 0.373739 0.000523 
1183 9.002981 0.000000 1.374551 19.445656 0.029404 0.303232 0.000201 
1184 10.965257 0.000000 0.328845 19.440333 -0.024835 0.440194 0.000480 
1185 10.965257 0.000000 -0.368292 19.440367 -0.039847 -0.496913 0.000333 
1186 11.712790 0.000000 0.328845 19.449744 -0.036490 0.360649 -0.000321 
1187 9.843957 0.000000 0.677414 19.394592 -0.226034 0.991090 0.002958 
1188 9.843957 0.000000 0.328845 19.401372 -0.069230 0.463613 0.004413 
1189 10.217723 0.000000 0.677414 19.412857 -0.288924 0.996834 0.000968 
1190 9.657073 0.000000 1.200266 19.498404 0.072237 0.500396 -0.005659 
1191 9.657073 0.000000 1.025982 19.486984 -0.010874 0.838764 -0.005667 
1192 9.843957 0.000000 1.200266 19.497419 0.134429 0.478897 -0.005536 
1193 9.657073 0.000000 1.374551 19.479373 0.112880 0.309961 -0.003310 
1194 9.283306 0.000000 1.548835 19.453502 0.028363 0.249211 -0.000526 
1195 9.470190 0.000000 1.548835 19.460291 0.074562 0.215202 -0.001196 
1196 9.283306 0.000000 1.723119 19.452351 0.014968 0.181851 -0.000330 
1197 9.376748 0.000000 1.287409 19.456825 0.028718 0.392697 -0.001112 
1198 9.283306 0.000000 1.287409 19.445517 0.025343 0.386509 0.000064 
1199 9.376748 0.000000 1.200266 19.449163 0.036592 0.500944 -0.000581 
1200 9.470190 0.000000 1.287409 19.470846 0.045657 0.392885 -0.002558 
1201 9.376748 0.000000 1.374551 19.459163 0.065846 0.317381 -0.001220 
1202 10.591490 0.000000 1.374551 19.448577 0.199054 0.259924 -0.000137 
1203 10.591490 0.000000 1.025982 19.444581 0.128502 0.962711 -0.001936 
1204 10.965257 0.000000 1.374551 19.447174 0.189071 0.298931 -0.000040 
1205 10.591490 0.000000 1.723119 19.450926 0.064339 0.145595 -0.000162 
1206 10.030840 0.000000 1.200266 19.480166 0.183500 0.465246 -0.003765 
1207 10.030840 0.000000 1.025982 19.477284 0.121096 0.905747 -0.005015 
1208 10.217723 0.000000 1.200266 19.462174 0.206529 0.468924 -0.001946 
1209 10.030840 0.000000 1.374551 19.467737 0.167920 0.267498 -0.002088 
1210 9.843957 0.000000 2.071688 19.452459 0.029616 0.091761 -0.000277 
1211 10.217723 0.000000 2.071688 19.450819 0.034786 0.090717 -0.000109 
1212 9.843957 0.000000 2.420257 19.455730 0.004358 0.004644 -0.000589 
1213 9.657073 0.000000 1.548835 19.464257 0.094447 0.206526 -0.001603 
1214 9.843957 0.000000 1.548835 19.462953 0.112730 0.194644 -0.001466 
1215 9.657073 0.000000 1.723119 19.457303 0.045266 0.174754 -0.000837 
1216 9.750515 0.000000 1.287409 19.490817 0.129680 0.367134 -0.004602 
1217 9.657073 0.000000 1.287409 19.489580 0.087335 0.378791 -0.004474 
1218 9.750515 0.000000 1.200266 19.501002 0.105001 0.490468 -0.005916 
1219 9.843957 0.000000 1.287409 19.487601 0.149896 0.355539 -0.004264 
1220 9.750515 0.000000 1.374551 19.479463 0.128251 0.293964 -0.003304 
1221 10.591490 0.000000 0.677414 19.433773 -0.338739 1.016047 -0.001364 
1222 10.591490 0.000000 0.328845 19.428641 -0.094797 0.443574 0.001651 
1223 10.965257 0.000000 0.677414 19.443626 -0.366261 1.031501 -0.002512 
1224 10.404607 0.000000 1.200266 19.452053 0.216115 0.467993 -0.000914 
1225 10.404607 0.000000 1.025982 19.447051 0.145120 0.942254 -0.002099 
1226 10.591490 0.000000 1.200266 19.447549 0.242124 0.470300 -0.000488 
1227 10.404607 0.000000 1.374551 19.451646 0.192725 0.255215 -0.000440 
1228 10.030840 0.000000 1.548835 19.458453 0.127930 0.185259 -0.001003 
1229 10.217723 0.000000 1.548835 19.453684 0.138991 0.179610 -0.000515 
1230 10.030840 0.000000 1.723119 19.453924 0.062942 0.164806 -0.000486 
1231 10.124282 0.000000 1.287409 19.467199 0.190796 0.344151 -0.002179 
1232 10.030840 0.000000 1.287409 19.474206 0.181031 0.349685 -0.002900 
1233 10.124282 0.000000 1.200266 19.470102 0.197838 0.471547 -0.002759 
1234 10.217723 0.000000 1.287409 19.461100 0.197463 0.340519 -0.001551 
1235 10.124282 0.000000 1.374551 19.462618 0.176737 0.262146 -0.001562 
1236 11.712790 0.000000 5.208806 19.449546 -0.008536 0.000429 0.000046 
1237 13.207857 0.000000 5.208806 19.450491 -0.005263 -0.002035 -0.000051 
1238 11.712790 0.000000 6.603080 19.450885 -0.003337 -0.001267 -0.000091 
1239 10.965257 0.000000 3.117394 19.450492 -0.024699 0.007497 -0.000052 
1240 11.712790 0.000000 3.117394 19.449492 -0.013705 0.007743 0.000052 
1241 10.965257 0.000000 3.814531 19.449162 -0.029645 0.009227 0.000084 
1242 10.591490 0.000000 2.071688 19.449114 0.031964 0.090764 0.000067 
1243 10.965257 0.000000 2.071688 19.450242 0.003103 0.067416 -0.000037 
1244 10.591490 0.000000 2.420257 19.452308 -0.009755 0.012019 -0.000238 
1245 10.404607 0.000000 1.548835 19.450410 0.146223 0.176959 -0.000181 
1246 10.591490 0.000000 1.548835 19.448458 0.159312 0.176439 0.000009 
1247 10.404607 0.000000 1.723119 19.449889 0.073135 0.161012 -0.000071 
1248 10.311165 0.000000 1.287409 19.456246 0.201388 0.338193 -0.001052 
1249 10.311165 0.000000 1.200266 19.456198 0.212263 0.468021 -0.001336 
1250 10.404607 0.000000 1.287409 19.452665 0.203142 0.336276 -0.000682 
1251 10.311165 0.000000 1.374551 19.454387 0.188809 0.256457 -0.000719 
1252 12.460324 0.000000 1.723119 19.449101 0.085360 0.079762 0.000056 
1253 12.460324 0.000000 1.025982 19.449163 0.140567 0.820080 -0.001744 
1254 13.207857 0.000000 1.723119 19.449556 0.090189 0.100610 -0.000003 
1255 12.460324 0.000000 2.420257 19.449353 0.005210 0.024561 0.000065 
1256 11.339023 0.000000 1.374551 19.447750 0.186485 0.294296 -0.000089 
1257 11.339023 0.000000 1.025982 19.446455 0.162932 1.042302 -0.002577 
1258 11.712790 0.000000 1.374551 19.450396 0.151718 0.142381 -0.000155 
1259 11.339023 0.000000 1.723119 19.449829 0.060016 0.114699 -0.000027 
1260 10.778373 0.000000 1.200266 19.446251 0.245032 0.477647 -0.000376 
1261 10.778373 0.000000 1.025982 19.444342 0.128985 0.966438 -0.001931 
1262 10.965257 0.000000 1.200266 19.447105 0.216945 0.471698 -0.000415 
1263 10.778373 0.000000 1.374551 19.447050 0.201423 0.260567 0.000017 
1264 12.460324 0.000000 0.328845 19.449034 -0.001300 0.280473 -0.000109 
1265 12.460324 0.000000 -0.368292 19.449045 -0.018441 -0.326967 -0.000185 
1266 13.207857 0.000000 0.328845 19.449342 -0.004807 0.279930 -0.000140 
1267 11.339023 0.000000 0.677414 19.445711 -0.290777 1.099422 -0.002978 
1268 11.339023 0.000000 0.328845 19.445090 -0.047948 0.464304 -0.000071 
1269 11.712790 0.000000 0.677414 19.449764 -0.278423 0.924460 -0.002440 
1270 11.152140 0.000000 1.200266 19.446578 0.242010 0.524477 -0.000530 
1271 11.152140 0.000000 1.025982 19.445857 0.162357 1.051383 -0.002566 
1272 11.339023 0.000000 1.200266 19.447151 0.241685 0.525240 -0.000591 
1273 11.152140 0.000000 1.374551 19.447392 0.186747 0.293610 -0.000052 
1274 12.086557 0.000000 1.374551 19.450386 0.164389 0.111864 -0.000144 
1275 12.086557 0.000000 1.025982 19.450094 0.138187 0.823804 -0.001854 
1276 12.460324 0.000000 1.374551 19.449114 0.189126 0.160690 -0.000072 
1277 12.086557 0.000000 1.723119 19.449824 0.070798 0.036482 0.000001 
1278 12.086557 0.000000 0.677414 19.449736 -0.279332 0.923882 -0.002435 
1279 12.086557 0.000000 0.328845 19.449288 -0.020970 0.332968 -0.000221 
1280 12.460324 0.000000 0.677414 19.449110 -0.294695 0.836983 -0.001990 
1281 11.899674 0.000000 1.200266 19.450349 0.217376 0.317429 -0.000427 
1282 11.712790 0.000000 1.200266 19.450175 0.209456 0.351989 -0.000462 
1283 11.899674 0.000000 1.025982 19.450158 0.138550 0.823633 -0.001860 
1284 12.086557 0.000000 1.200266 19.450257 0.217023 0.317578 -0.000418 
1285 11.899674 0.000000 1.374551 19.450497 0.164727 0.111731 -0.000156 
1286 12.834090 0.000000 1.374551 19.449249 0.194433 0.161458 -0.000092 
1287 12.834090 0.000000 1.025982 19.449177 0.138101 0.820789 -0.001747 
1288 13.207857 0.000000 1.374551 19.449430 0.202289 0.152082 -0.000111 
1289 12.834090 0.000000 1.723119 19.449306 0.084960 0.079831 0.000035 
1290 12.273440 0.000000 1.200266 19.449803 0.236728 0.329196 -0.000414 
1291 12.273440 0.000000 1.025982 19.449736 0.163637 0.825467 -0.001845 
1292 12.460324 0.000000 1.200266 19.449070 0.237741 0.346315 -0.000371 
1293 12.273440 0.000000 1.374551 19.449092 0.189364 0.160595 -0.000070 
1294 12.834090 0.000000 0.677414 19.449392 -0.286708 0.841716 -0.002028 
1295 12.834090 0.000000 0.328845 19.449276 -0.001759 0.280517 -0.000134 
1296 13.207857 0.000000 0.677414 19.449355 -0.297869 0.837489 -0.002022 
1297 12.647207 0.000000 1.200266 19.449093 0.243769 0.347180 -0.000382 
1298 12.647207 0.000000 1.025982 19.449177 0.131395 0.819876 -0.001738 
1299 12.834090 0.000000 1.200266 19.449199 0.243567 0.347189 -0.000393 
1300 12.647207 0.000000 1.374551 19.449126 0.194633 0.161446 -0.000079 
1301 0.920276 0.000000 0.808127 19.658891 0.055562 1.123451 -0.024940 
1302 0.920276 0.000000 0.764556 19.688461 0.045738 1.109535 -0.027930 
1303 0.966996 0.000000 0.808127 19.705444 0.061157 1.096806 -0.029629 
1304 0.920276 0.000000 0.851698 19.624469 0.001328 1.059492 -0.020988 
1305 0.850194 0.000000 0.829912 19.546028 0.092763 1.181588 -0.013612 
1306 0.850194 0.000000 0.808127 19.574627 0.047729 1.190417 -0.016608 
1307 0.873555 0.000000 0.829912 19.579460 0.088885 1.153646 -0.016895 
1308 0.850194 0.000000 0.851698 19.516192 -0.003199 1.137762 -0.010240 
1309 0.803473 0.000000 0.873483 19.397827 0.009403 1.141689 0.001912 
1310 0.780113 0.000000 0.873483 19.354097 0.006696 1.186371 0.006117 
1311 0.826834 0.000000 0.873483 19.440931 0.012455 1.102079 -0.002279 
1312 0.803473 0.000000 0.895269 19.154957 0.001699 1.301627 0.025630 
1313 0.815154 0.000000 0.840805 19.477190 -0.053534 1.212850 -0.006694 
1314 0.803473 0.000000 0.840805 19.460084 -0.049722 1.231299 -0.005051 
1315 0.815154 0.000000 0.829912 19.495367 0.103480 1.229330 -0.008694 
1316 0.826834 0.000000 0.840805 19.494812 -0.058259 1.196312 -0.008405 
1317 0.815154 0.000000 0.851698 19.458274 -0.005585 1.188608 -0.004586 
1318 1.434205 0.000000 0.851698 19.364968 -0.026389 1.102023 0.005512 
1319 1.434205 0.000000 0.677414 19.457210 0.077310 0.973725 -0.003264 
1320 1.153880 0.000000 0.764556 19.697833 0.073012 1.080101 -0.028744 
1321 1.153880 0.000000 0.677414 19.697295 0.059017 1.030927 -0.028409 
1322 1.247321 0.000000 0.764556 19.596234 0.080425 1.062023 -0.018092 
1323 1.153880 0.000000 0.851698 19.553132 -0.019835 1.092409 -0.013788 
1324 1.013717 0.000000 0.808127 19.735567 0.067141 1.078834 -0.032668 
1325 1.013717 0.000000 0.764556 19.745299 0.057557 1.077049 -0.033671 
1326 1.060438 0.000000 0.808127 19.744296 0.072854 1.064683 -0.033501 
1327 1.013717 0.000000 0.851698 19.721498 0.004930 1.006522 -0.030790 
1328 0.920276 0.000000 0.895269 19.582201 0.041741 0.926677 -0.015915 
1329 0.966996 0.000000 0.895269 19.651769 0.046807 0.886499 -0.022938 
1330 0.920276 0.000000 0.938840 19.476566 -0.003776 1.197411 -0.006524 
1331 0.943636 0.000000 0.829912 19.670261 0.085371 1.089180 -0.025932 
1332 0.920276 0.000000 0.829912 19.641967 0.085559 1.110494 -0.023116 
1333 0.943636 0.000000 0.808127 19.683797 0.058324 1.103349 -0.027412 
1334 0.966996 0.000000 0.829912 19.694405 0.085440 1.081420 -0.028400 
1335 0.943636 0.000000 0.851698 19.655521 0.002641 1.038979 -0.024098 
1336 1.153880 0.000000 0.938840 19.536768 -0.017889 1.254842 -0.013105 
1337 1.247321 0.000000 0.938840 19.400911 -0.025142 1.210084 0.001169 
1338 1.107159 0.000000 0.808127 19.728808 0.078077 1.065247 -0.031890 
1339 1.107159 0.000000 0.764556 19.732578 0.068594 1.072971 -0.032324 
1340 1.153880 0.000000 0.808127 19.694193 0.082575 1.068495 -0.028303 
1341 1.107159 0.000000 0.851698 19.677202 -0.015056 1.119711 -0.026814 
1342 4.237455 0.000000 -7.339665 19.450183 -0.000145 -0.002166 -0.000019 
1343 4.237455 0.000000 -10.128214 19.450027 -0.000382 -0.001159 -0.000003 
1344 7.227589 0.000000 -7.339665 19.450835 -0.000290 -0.001460 -0.000086 
1345 2.742388 0.000000 -3.156842 19.452753 0.013913 -0.015975 -0.000284 
1346 2.742388 0.000000 -4.551116 19.449957 -0.002039 -0.003491 0.000004 
1347 4.237455 0.000000 -3.156842 19.449537 0.002612 -0.008880 0.000047 
1348 1.994855 0.000000 -1.065430 38.624153 0.166093 1.185542 -2.947260 
1349 1.994855 0.000000 -1.762567 19.440183 -0.034044 -0.172284 0.000928 
1350 2.742388 0.000000 -1.065430 19.590549 0.098384 -0.411137 -0.014977 
1351 1.621088 0.000000 -0.019724 19.508422 0.022518 -0.029254 -0.006020 
1352 1.621088 0.000000 -0.368292 19.472028 0.036724 -0.489664 -0.002904 
1353 1.994855 0.000000 -0.019724 19.433109 -0.001245 -0.028083 0.001734 
1354 1.434205 0.000000 0.503129 19.510614 0.067915 0.762681 -0.007792 
1355 1.434205 0.000000 0.328845 19.534711 0.028445 0.456059 -0.009282 
1356 1.621088 0.000000 0.503129 19.446691 0.075442 0.716894 -0.001033 
1357 1.340763 0.000000 0.764556 19.495689 0.086474 1.041802 -0.007592 
1358 1.340763 0.000000 0.677414 19.525004 0.072495 1.009436 -0.010435 
1359 1.434205 0.000000 0.764556 19.418395 0.090924 0.997375 0.000596 
1360 1.340763 0.000000 0.851698 19.385492 -0.025803 1.101503 0.003413 
1361 1.200601 0.000000 0.808127 19.643734 0.086572 1.063840 -0.023032 
1362 1.200601 0.000000 0.764556 19.649838 0.077210 1.076874 -0.023736 
1363 1.247321 0.000000 0.808127 19.587164 0.089657 1.045647 -0.017065 
1364 1.200601 0.000000 0.851698 19.423476 -0.024749 1.137360 -0.000696 
1365 1.340763 0.000000 0.938840 19.379596 -0.027496 1.177257 0.003561 
1366 1.434205 0.000000 0.938840 19.248742 -0.035435 0.976560 0.018064 
1367 1.340763 0.000000 1.025982 19.400887 -0.024754 1.426273 -0.000335 
1368 1.294042 0.000000 0.808127 19.530409 0.092893 1.036888 -0.011150 
1369 1.294042 0.000000 0.764556 19.544030 0.084009 1.055621 -0.012657 
1370 1.340763 0.000000 0.808127 19.478232 0.095916 1.022119 -0.005691 
1371 1.294042 0.000000 0.851698 19.423476 -0.024749 1.137360 -0.000696 
1372 1.527646 0.000000 0.938840 19.168972 -0.035216 0.890438 0.026590 
1373 1.527646 0.000000 0.851698 19.049768 -0.047862 0.545985 0.039937 
1374 1.621088 0.000000 0.938840 18.982112 -0.036751 0.499977 0.046869 
1375 1.527646 0.000000 1.025982 19.248972 -0.028653 1.061724 0.017583 
1376 1.527646 0.000000 0.764556 19.369112 0.096456 0.945901 0.005910 
1377 1.527646 0.000000 0.677414 19.412804 0.081952 0.933126 0.001502 
1378 1.621088 0.000000 0.764556 19.342660 0.104011 0.889717 0.008886 
1379 1.480926 0.000000 0.895269 19.230343 -0.035360 0.907991 0.020277 
1380 1.434205 0.000000 0.895269 19.356058 -0.027804 1.129243 0.006264 
1381 1.480926 0.000000 0.851698 19.369544 -0.026123 1.069467 0.005231 
1382 1.527646 0.000000 0.895269 19.162871 -0.037178 0.817478 0.027537 
1383 1.480926 0.000000 0.938840 19.213333 -0.036048 0.941497 0.021841 
1384 1.714530 0.000000 0.938840 18.879557 -0.022460 0.328274 0.057511 
1385 1.714530 0.000000 0.851698 19.267809 0.197590 0.645686 0.017441 
1386 1.807972 0.000000 0.938840 18.939438 0.020318 0.137860 0.051760 
1387 1.807972 0.000000 0.503129 19.415107 0.081640 0.671850 0.002374 
1388 1.807972 0.000000 0.328845 19.446968 0.035256 0.418838 -0.000155 
1389 1.994855 0.000000 0.503129 19.407321 0.085510 0.655812 0.003228 
1390 1.714530 0.000000 0.764556 19.334287 0.115291 0.832825 0.009994 
1391 1.714530 0.000000 0.677414 19.378428 0.095727 0.849850 0.005413 
1392 1.807972 0.000000 0.764556 19.341319 0.129363 0.781578 0.009485 
1393 1.667809 0.000000 0.895269 18.977420 -0.036007 0.442191 0.047484 
1394 1.621088 0.000000 0.895269 19.028140 -0.044370 0.627781 0.041861 
1395 1.667809 0.000000 0.851698 19.269906 0.202859 0.684760 0.017085 
1396 1.714530 0.000000 0.895269 18.913070 -0.025321 0.308270 0.054196 
1397 1.667809 0.000000 0.938840 18.953849 -0.033415 0.478028 0.049760 
1398 1.901413 0.000000 0.938840 19.039787 0.065484 -0.148257 0.041667 
1399 1.901413 0.000000 0.851698 19.322959 0.210651 0.498245 0.012247 
1400 1.901413 0.000000 1.025982 19.011655 0.061390 -0.362683 0.044208 
1401 1.901413 0.000000 0.764556 19.357035 0.144819 0.736723 0.008046 
1402 1.901413 0.000000 0.677414 19.379639 0.114245 0.783247 0.005566 
1403 1.994855 0.000000 0.764556 19.380056 0.159012 0.727816 0.005712 
1404 1.854692 0.000000 0.895269 19.266632 0.132534 0.279619 0.018513 
1405 1.807972 0.000000 0.895269 19.241403 0.121044 0.328138 0.021011 
1406 1.854692 0.000000 0.851698 19.302088 0.205656 0.531834 0.014292 
1407 1.901413 0.000000 0.895269 19.297955 0.143708 0.234624 0.015373 
1408 1.854692 0.000000 0.938840 18.965806 0.065956 -0.032549 0.049155 
1409 2.368622 0.000000 -0.019724 19.394152 -0.021342 -0.022147 0.005732 
1410 2.368622 0.000000 -0.368292 19.397960 0.033398 -0.441924 0.004825 
1411 2.742388 0.000000 -0.019724 19.384754 -0.024134 -0.021663 0.006695 
1412 2.181738 0.000000 0.503129 19.401652 0.086986 0.643657 0.003850 
1413 2.181738 0.000000 0.328845 19.407232 0.017303 0.409363 0.003949 
1414 2.368622 0.000000 0.503129 19.399525 0.107439 0.636974 0.004080 
1415 2.088297 0.000000 0.764556 19.397764 0.168645 0.728079 0.003888 
1416 2.088297 0.000000 0.677414 19.397922 0.130145 0.776492 0.003709 
1417 2.181738 0.000000 0.764556 19.408178 0.172377 0.735556 0.002787 
1418 2.041576 0.000000 0.895269 19.408443 0.166661 0.227111 0.004059 
1419 1.994855 0.000000 0.895269 19.374396 0.161663 0.215512 0.007567 
1420 2.041576 0.000000 0.851698 19.396402 0.218728 0.492803 0.004735 
1421 2.088297 0.000000 0.895269 19.432707 0.168639 0.252468 0.001534 
1422 2.041576 0.000000 0.938840 19.431102 0.185838 0.065531 0.001840 
1423 2.275180 0.000000 0.764556 19.414866 0.168741 0.746045 0.002063 
1424 2.275180 0.000000 0.677414 19.407276 0.133246 0.775417 0.002752 
1425 2.368622 0.000000 0.764556 19.425903 0.159398 0.756267 0.000897 
1426 2.228459 0.000000 0.895269 19.443496 0.153025 0.342366 0.000297 
1427 2.181738 0.000000 0.895269 19.448090 0.161830 0.315643 -0.000136 
1428 2.228459 0.000000 0.851698 19.426988 0.206305 0.555816 0.001436 
1429 2.275180 0.000000 0.895269 19.438338 0.141304 0.361532 0.000801 
1430 2.228459 0.000000 0.938840 19.468349 0.158818 0.243621 -0.002111 
1431 2.462063 0.000000 0.938840 19.476066 0.084758 0.276332 -0.002903 
1432 2.462063 0.000000 0.851698 19.458750 0.160838 0.597496 -0.001912 
1433 2.555505 0.000000 0.938840 19.512585 0.088565 0.294427 -0.006696 
1434 2.929272 0.000000 0.851698 19.478994 0.051565 0.735246 -0.004420 
1435 2.929272 0.000000 0.677414 19.459426 -0.055012 0.899284 -0.003115 
1436 3.116155 0.000000 0.851698 19.457762 -0.011900 0.759496 -0.002323 
1437 2.929272 0.000000 1.025982 19.541327 0.220208 0.488096 -0.010171 
1438 2.648947 0.000000 0.938840 19.535444 0.104673 0.329311 -0.009121 
1439 2.648947 0.000000 0.851698 19.497603 0.132944 0.652448 -0.006073 
1440 2.742388 0.000000 0.938840 19.537703 0.120114 0.373655 -0.009446 
1441 2.648947 0.000000 1.025982 19.564345 0.058810 0.371322 -0.012166 
1442 2.555505 0.000000 0.503129 19.405155 0.099324 0.657652 0.003437 
1443 2.555505 0.000000 0.328845 19.397117 0.049153 0.384846 0.005033 
1444 2.742388 0.000000 0.503129 19.412578 0.082073 0.694529 0.002551 
1445 2.648947 0.000000 0.764556 19.472249 0.098298 0.812945 -0.004062 
1446 2.555505 0.000000 0.764556 19.460261 0.125590 0.790106 -0.002747 
1447 2.648947 0.000000 0.677414 19.450726 0.071264 0.838680 -0.001947 
1448 2.742388 0.000000 0.764556 19.477018 0.062413 0.835471 -0.004636 
1449 2.602226 0.000000 0.895269 19.508195 0.090849 0.446604 -0.006542 
1450 2.555505 0.000000 0.895269 19.497374 0.091941 0.427939 -0.005384 
1451 2.602226 0.000000 0.851698 19.491785 0.140738 0.636865 -0.005426 
1452 2.648947 0.000000 0.895269 19.515458 0.089177 0.467165 -0.007340 
1453 2.602226 0.000000 0.938840 19.526265 0.095946 0.310156 -0.008136 
1454 2.929272 0.000000 1.200266 19.585002 0.151931 0.354641 -0.014324 
1455 3.116155 0.000000 1.200266 19.507689 0.259177 0.366988 -0.006474 
1456 2.929272 0.000000 1.374551 19.560441 0.031749 0.243358 -0.011548 
1457 2.835830 0.000000 0.938840 19.525201 0.126400 0.420674 -0.008258 
1458 2.835830 0.000000 0.851698 19.491304 0.085198 0.713639 -0.005617 
1459 2.929272 0.000000 0.938840 19.504865 0.121821 0.463572 -0.006257 
1460 2.835830 0.000000 1.025982 19.565979 0.181532 0.445882 -0.012574 
1461 3.863689 0.000000 0.677414 19.398503 -0.089173 0.984703 0.002704 
1462 3.863689 0.000000 0.328845 19.407437 0.018914 0.430880 0.003880 
1463 3.863689 0.000000 1.025982 19.435386 0.154283 0.453266 0.000896 
1464 3.303039 0.000000 0.851698 19.446839 -0.040832 0.768666 -0.001241 
1465 3.303039 0.000000 0.677414 19.434039 -0.169074 0.944265 -0.000792 
1466 3.489922 0.000000 0.851698 19.431837 -0.040158 0.770343 0.000294 
1467 3.303039 0.000000 1.025982 19.436453 0.237977 0.542254 0.000466 
1468 3.022713 0.000000 0.938840 19.485700 0.110264 0.496733 -0.004359 
1469 3.022713 0.000000 0.851698 19.465800 0.017065 0.750803 -0.003116 
1470 3.116155 0.000000 0.938840 19.470187 0.099093 0.518486 -0.002813 
1471 3.022713 0.000000 1.025982 19.512406 0.242923 0.522275 -0.007304 
1472 3.489922 0.000000 -1.065430 19.410285 0.227933 -0.515253 0.003241 
1473 3.489922 0.000000 -1.762567 19.455973 0.007577 -0.154330 -0.000677 
1474 4.237455 0.000000 -1.065430 19.458535 0.143561 -0.426507 -0.001413 
1475 3.116155 0.000000 -0.019724 19.401091 -0.058407 -0.039777 0.005010 
1476 3.116155 0.000000 -0.368292 19.408887 0.047275 -0.486272 0.003592 
1477 3.489922 0.000000 -0.019724 19.408176 -0.001377 -0.040121 0.004292 
1478 2.929272 0.000000 0.503129 19.418233 0.056482 0.739939 0.001808 
1479 2.929272 0.000000 0.328845 19.399208 0.048252 0.405635 0.004775 
1480 3.116155 0.000000 0.503129 19.419750 0.006265 0.764735 0.001562 
1481 3.022713 0.000000 0.764556 19.461503 -0.070079 0.869539 -0.003195 
1482 2.929272 0.000000 0.764556 19.468535 -0.026833 0.863683 -0.003881 
1483 3.022713 0.000000 0.677414 19.455570 -0.099026 0.911463 -0.002795 
1484 3.116155 0.000000 0.764556 19.454387 -0.105278 0.873643 -0.002498 
1485 3.863689 0.000000 1.374551 19.423088 0.064554 0.263725 0.002570 
1486 4.237455 0.000000 1.374551 19.450519 0.032456 0.309831 -0.000310 
1487 3.863689 0.000000 1.723119 19.445339 0.009728 0.168612 0.000404 
1488 3.303039 0.000000 1.200266 19.436561 0.285538 0.381859 0.000780 
1489 3.489922 0.000000 1.200266 19.405196 0.243973 0.399422 0.004023 
1490 3.303039 0.000000 1.374551 19.470393 0.144158 0.206902 -0.002266 
1491 3.209597 0.000000 0.938840 19.457625 0.091092 0.529078 -0.001546 
1492 3.209597 0.000000 0.851698 19.452261 -0.031703 0.764989 -0.001782 
1493 3.303039 0.000000 0.938840 19.446384 0.085299 0.529744 -0.000389 
1494 3.209597 0.000000 1.025982 19.457945 0.251250 0.548202 -0.001778 
1495 3.069434 0.000000 0.895269 19.468824 -0.017416 0.603500 -0.002900 
1496 3.022713 0.000000 0.895269 19.474195 0.002618 0.601801 -0.003447 
1497 3.069434 0.000000 0.851698 19.461318 0.001613 0.755212 -0.002672 
1498 3.116155 0.000000 0.895269 19.464713 -0.038353 0.590174 -0.002438 
1499 3.069434 0.000000 0.938840 19.477569 0.104198 0.509355 -0.003551 
1500 3.676805 0.000000 0.851698 19.423764 -0.027578 0.781342 0.001080 
1501 3.676805 0.000000 0.677414 19.401234 -0.109124 0.983678 0.002419 
1502 3.863689 0.000000 0.851698 19.425546 -0.007790 0.803801 0.000805 
1503 3.676805 0.000000 1.025982 19.423207 0.167814 0.475250 0.002082 
1504 3.396480 0.000000 0.938840 19.436993 0.080047 0.521492 0.000601 
1505 3.396480 0.000000 0.851698 19.439494 -0.042591 0.768865 -0.000487 
1506 3.489922 0.000000 0.938840 19.430660 0.074474 0.512967 0.001277 
1507 3.396480 0.000000 1.025982 19.422851 0.217919 0.526418 0.001932 
1508 3.676805 0.000000 1.200266 19.403592 0.195800 0.403191 0.004235 
1509 3.863689 0.000000 1.200266 19.416523 0.155649 0.396054 0.002961 
1510 3.676805 0.000000 1.374551 19.421189 0.110945 0.244038 0.002770 
1511 3.583364 0.000000 0.938840 19.428598 0.069866 0.507016 0.001507 
1512 3.583364 0.000000 0.851698 19.426553 -0.034834 0.774298 0.000822 
1513 3.676805 0.000000 0.938840 19.429299 0.066992 0.504412 0.001443 
1514 3.583364 0.000000 1.025982 19.419192 0.180155 0.490164 0.002445 
1515 4.050572 0.000000 0.851698 19.430691 0.017639 0.834985 0.000141 
1516 4.050572 0.000000 0.677414 19.403883 -0.049806 0.999419 0.002090 
1517 4.237455 0.000000 0.851698 19.434349 0.048703 0.870833 -0.000402 
1518 4.050572 0.000000 1.025982 19.449137 0.148285 0.439506 -0.000480 
1519 3.770247 0.000000 0.938840 19.432974 0.066501 0.503821 0.001067 
1520 3.770247 0.000000 0.851698 19.424341 -0.018491 0.790635 0.000983 
1521 3.863689 0.000000 0.938840 19.436940 0.068059 0.506612 0.000652 
1522 3.770247 0.000000 1.025982 19.428796 0.159725 0.462933 0.001545 
1523 4.611222 0.000000 1.374551 19.467113 0.023269 0.313319 -0.002021 
1524 4.611222 0.000000 1.723119 19.458543 0.007830 0.188065 -0.000972 
1525 4.050572 0.000000 1.200266 19.435185 0.125981 0.385408 0.001088 
1526 4.237455 0.000000 1.200266 19.452546 0.099371 0.386662 -0.000683 
1527 4.050572 0.000000 1.374551 19.434709 0.046811 0.305442 0.001319 
1528 3.957130 0.000000 0.938840 19.441857 0.071142 0.510312 0.000135 
1529 3.957130 0.000000 0.851698 19.428001 0.004399 0.818001 0.000492 
1530 4.050572 0.000000 0.938840 19.446688 0.074984 0.516930 -0.000381 
1531 3.957130 0.000000 1.025982 19.442379 0.150427 0.444758 0.000201 
1532 4.424339 0.000000 0.851698 19.438380 0.084519 0.903779 -0.000984 
1533 4.424339 0.000000 0.677414 19.419007 0.011223 1.000983 0.000535 
1534 4.611222 0.000000 0.851698 19.445624 0.118475 0.931890 -0.001883 
1535 4.424339 0.000000 1.025982 19.465256 0.156302 0.440387 -0.002147 
1536 4.144014 0.000000 0.938840 19.450301 0.080515 0.525777 -0.000779 
1537 4.144014 0.000000 0.851698 19.432742 0.032352 0.852920 -0.000152 
1538 4.237455 0.000000 0.938840 19.452487 0.089141 0.537055 -0.001039 
1539 4.144014 0.000000 1.025982 19.454667 0.147709 0.436567 -0.001041 
1540 4.424339 0.000000 1.200266 19.463816 0.088677 0.381639 -0.001827 
1541 4.611222 0.000000 1.200266 19.469296 0.084016 0.382058 -0.002390 
1542 4.424339 0.000000 1.374551 19.461184 0.028032 0.311632 -0.001409 
1543 4.330897 0.000000 0.938840 19.454647 0.100559 0.550066 -0.001304 
1544 4.330897 0.000000 0.851698 19.436048 0.066296 0.887176 -0.000658 
1545 4.424339 0.000000 0.938840 19.456593 0.113485 0.567477 -0.001563 
1546 4.330897 0.000000 1.025982 19.462518 0.152105 0.436933 -0.001853 
1547 4.798105 0.000000 0.851698 19.457060 0.143977 0.946426 -0.003149 
1548 4.798105 0.000000 0.677414 19.454817 0.039646 1.008319 -0.003187 
1549 4.798105 0.000000 1.025982 19.471874 0.179862 0.459590 -0.002894 
1550 4.517780 0.000000 0.938840 19.457945 0.127516 0.587121 -0.001771 
1551 4.517780 0.000000 0.851698 19.441307 0.102183 0.918392 -0.001363 
1552 4.611222 0.000000 0.938840 19.459556 0.141586 0.608996 -0.002016 
1553 4.517780 0.000000 1.025982 19.467086 0.161439 0.444258 -0.002348 
1554 4.798105 0.000000 1.200266 19.471515 0.083876 0.381403 -0.002617 
1555 4.984989 0.000000 1.200266 19.473369 0.086174 0.379509 -0.002805 
1556 4.798105 0.000000 1.374551 19.469119 0.021742 0.313195 -0.002227 
1557 4.704664 0.000000 0.938840 19.462036 0.155162 0.628560 -0.002346 
1558 4.704664 0.000000 0.851698 19.450975 0.132544 0.940755 -0.002486 
1559 4.798105 0.000000 0.938840 19.465124 0.166964 0.646400 -0.002734 
1560 4.704664 0.000000 1.025982 19.470080 0.173470 0.455269 -0.002693 
1561 4.891547 0.000000 0.938840 19.468829 0.175808 0.661520 -0.003176 
1562 4.891547 0.000000 0.851698 19.463451 0.152149 0.949307 -0.003827 
1563 4.984989 0.000000 0.938840 19.472852 0.181380 0.673639 -0.003638 
1564 4.891547 0.000000 1.025982 19.474034 0.186154 0.463194 -0.003132 
1565 5.171872 0.000000 1.200266 19.476315 0.088562 0.374588 -0.003099 
1566 5.171872 0.000000 1.374551 19.458429 0.045327 0.290927 -0.001096 
1567 5.265314 0.000000 0.938840 19.484537 0.177204 0.694987 -0.004914 
1568 5.171872 0.000000 0.938840 19.481242 0.182117 0.690194 -0.004562 
1569 5.265314 0.000000 0.851698 19.486572 0.150317 0.937965 -0.006149 
1570 5.265314 0.000000 1.025982 19.485033 0.195761 0.466214 -0.004281 
1571 5.265314 0.000000 1.113124 19.482239 0.145987 0.393940 -0.003784 
1572 5.171872 0.000000 1.113124 19.479984 0.145038 0.398374 -0.003561 
1573 5.358756 0.000000 1.113124 19.483863 0.145759 0.389336 -0.003942 
1574 5.265314 0.000000 1.200266 19.478126 0.088912 0.371144 -0.003279 
1575 5.312035 0.000000 0.982411 19.485939 0.166067 0.550460 -0.004573 
1576 5.265314 0.000000 0.982411 19.484747 0.171308 0.548531 -0.004449 
1577 5.312035 0.000000 0.938840 19.485762 0.173618 0.696820 -0.005044 
1578 5.358756 0.000000 0.982411 19.486792 0.159671 0.552872 -0.004662 
1579 5.312035 0.000000 1.025982 19.486135 0.194453 0.465718 -0.004392 
1580 0.382986 0.000000 0.873483 18.598500 0.032419 3.194245 0.058667 
1581 0.406346 0.000000 0.873483 18.416090 0.033544 3.170110 0.076921 
1582 0.382986 0.000000 0.895269 18.298554 0.008317 3.731431 0.078090 
1583 0.347945 0.000000 0.862591 19.165819 0.000440 5.305300 -0.045393 
1584 0.336265 0.000000 0.862591 19.315020 -0.002656 5.457727 -0.064907 
1585 0.347945 0.000000 0.851698 19.233745 -0.000866 5.500644 -0.057868 
1586 0.359625 0.000000 0.862591 19.010229 0.011269 4.610634 -0.011484 
1587 0.347945 0.000000 0.873483 18.949486 0.000827 5.042602 -0.016411 
1588 0.569869 0.000000 0.873483 18.566036 0.014364 2.218654 0.075818 
1589 0.546509 0.000000 0.873483 18.466357 0.018762 2.410421 0.083229 
1590 0.593230 0.000000 0.873483 18.668852 0.011589 2.018991 0.067935 
1591 0.569869 0.000000 0.895269 18.561998 0.011383 2.240815 0.075953 
1592 0.616590 0.000000 0.873483 18.664188 0.009904 2.006656 0.068527 
1593 0.639950 0.000000 0.873483 19.104975 -0.007068 1.689292 0.027620 
1594 0.616590 0.000000 0.895269 18.663672 0.009449 2.022808 0.068406 
1595 1.013717 0.000000 0.895269 19.677202 -0.015056 1.119711 -0.026814 
1596 1.060438 0.000000 0.895269 19.671003 -0.013221 1.180456 -0.026538 
1597 1.013717 0.000000 0.938840 19.615372 -0.011038 1.158696 -0.020626 
1598 1.107159 0.000000 0.895269 19.671003 -0.013221 1.180456 -0.026538 
1599 1.153880 0.000000 0.895269 19.543545 -0.018819 1.179172 -0.013319 
1600 1.107159 0.000000 0.938840 19.584347 -0.015504 1.222084 -0.017811 
1601 0.429707 0.000000 0.873483 18.362762 0.030879 3.047635 0.084119 
1602 0.453067 0.000000 0.873483 18.321668 0.030759 2.886806 0.090627 
1603 0.429707 0.000000 0.895269 18.212154 0.011971 3.387823 0.092895 
1604 0.418026 0.000000 0.862591 18.384151 0.037242 3.154406 0.080290 
1605 0.406346 0.000000 0.862591 18.384151 0.037242 3.154406 0.080290 
1606 0.418026 0.000000 0.851698 18.351528 0.050580 3.135039 0.083777 
1607 0.429707 0.000000 0.862591 18.346063 0.040657 3.067164 0.085422 
1608 0.418026 0.000000 0.873483 18.387103 0.033391 3.140628 0.080233 
1609 0.476428 0.000000 0.873483 18.341234 0.025588 2.800696 0.090026 
1610 0.499788 0.000000 0.873483 18.355438 0.024263 2.682005 0.090369 
1611 0.476428 0.000000 0.895269 18.346355 0.019586 2.809466 0.089400 
1612 0.523148 0.000000 0.873483 18.412505 0.022358 2.536808 0.086825 
1613 0.523148 0.000000 0.895269 18.407305 0.014858 2.567916 0.086913 
1614 0.523148 0.000000 0.917054 18.235859 0.007069 2.842260 0.099596 
1615 0.499788 0.000000 0.917054 18.159287 0.006331 3.063008 0.103517 
1616 0.546509 0.000000 0.917054 18.349112 0.008000 2.606925 0.092033 
1617 0.523148 0.000000 0.938840 18.187311 0.005614 2.893291 0.103497 
1618 0.534829 0.000000 0.884376 18.463868 0.015855 2.426366 0.083268 
1619 0.523148 0.000000 0.884376 18.409204 0.017356 2.556839 0.086878 
1620 0.534829 0.000000 0.873483 18.469495 0.020386 2.402526 0.083023 
1621 0.546509 0.000000 0.884376 18.463675 0.016536 2.423818 0.083320 
1622 0.534829 0.000000 0.895269 18.454405 0.013810 2.455284 0.083819 
1623 1.200601 0.000000 0.895269 19.520533 -0.020672 1.154618 -0.010791 
1624 1.247321 0.000000 0.895269 19.416086 -0.024416 1.177889 -0.000185 
1625 1.200601 0.000000 0.938840 19.521146 -0.019893 1.217474 -0.011248 
1626 1.294042 0.000000 0.895269 19.395639 -0.025205 1.147543 0.002099 
1627 1.340763 0.000000 0.895269 19.383025 -0.026582 1.132489 0.003483 
1628 1.294042 0.000000 0.938840 19.386170 -0.026143 1.195526 0.002773 
1629 1.387484 0.000000 0.895269 19.356058 -0.027804 1.129243 0.006264 
1630 1.387484 0.000000 0.851698 19.364968 -0.026389 1.102023 0.005512 
1631 1.387484 0.000000 0.938840 19.375977 -0.028121 1.163642 0.004016 
1632 1.574367 0.000000 0.895269 19.028140 -0.044370 0.627781 0.041861 
1633 1.574367 0.000000 0.851698 19.041770 -0.046694 0.576113 0.040654 
1634 1.574367 0.000000 0.938840 19.028658 -0.040775 0.711335 0.041514 
1635 1.761251 0.000000 0.895269 18.913070 -0.025321 0.308270 0.054196 
1636 1.761251 0.000000 0.851698 19.272722 0.197217 0.605556 0.017074 
1637 1.761251 0.000000 0.938840 18.914057 0.012906 0.183945 0.054261 
1638 1.948134 0.000000 0.895269 19.335473 0.153664 0.221078 0.011550 
1639 1.948134 0.000000 0.851698 19.348527 0.214231 0.492017 0.009646 
1640 1.948134 0.000000 0.938840 19.177335 0.063664 -0.406862 0.027393 
1641 2.135017 0.000000 0.895269 19.445977 0.167122 0.290585 0.000117 
1642 2.135017 0.000000 0.851698 19.422981 0.217241 0.529230 0.001911 
1643 2.135017 0.000000 0.938840 19.485779 0.182005 0.162398 -0.003840 
1644 2.321901 0.000000 0.895269 19.437378 0.128032 0.373748 0.000885 
1645 2.321901 0.000000 0.851698 19.429579 0.187889 0.575932 0.001129 
1646 2.368622 0.000000 0.895269 19.442740 0.115294 0.381969 0.000326 
1647 2.321901 0.000000 0.938840 19.443792 0.121821 0.274206 0.000400 
1648 2.462063 0.000000 0.764556 19.442578 0.145440 0.770204 -0.000861 
1649 2.462063 0.000000 0.677414 19.427345 0.116775 0.797413 0.000611 
1650 2.415343 0.000000 0.895269 19.453875 0.104976 0.389877 -0.000829 
1651 2.415343 0.000000 0.851698 19.446457 0.168822 0.589164 -0.000629 
1652 2.462063 0.000000 0.895269 19.468255 0.097846 0.399390 -0.002325 
1653 2.415343 0.000000 0.938840 19.458508 0.091446 0.274287 -0.001096 
1654 2.508784 0.000000 0.895269 19.483628 0.093826 0.412058 -0.003933 
1655 2.508784 0.000000 0.851698 19.471436 0.153963 0.608356 -0.003246 
1656 2.508784 0.000000 0.938840 19.495126 0.084212 0.282964 -0.004876 
1657 2.695668 0.000000 0.895269 19.518097 0.086198 0.487935 -0.007663 
1658 2.695668 0.000000 0.851698 19.500119 0.123776 0.669038 -0.006384 
1659 2.742388 0.000000 0.895269 19.517084 0.081211 0.509682 -0.007614 
1660 2.695668 0.000000 0.938840 19.539480 0.113125 0.350054 -0.009580 
1661 2.835830 0.000000 0.764556 19.474922 0.019720 0.853066 -0.004489 
1662 2.835830 0.000000 0.677414 19.460960 -0.008269 0.883215 -0.003190 
1663 2.789109 0.000000 0.895269 19.512814 0.074299 0.530511 -0.007228 
1664 2.789109 0.000000 0.851698 19.496231 0.099988 0.700278 -0.006082 
1665 2.835830 0.000000 0.895269 19.506293 0.064736 0.549736 -0.006607 
1666 2.789109 0.000000 0.938840 19.532893 0.124701 0.397323 -0.009000 
1667 2.882551 0.000000 0.895269 19.497317 0.052609 0.567263 -0.005729 
1668 2.882551 0.000000 0.851698 19.485341 0.068869 0.725618 -0.005042 
1669 2.929272 0.000000 0.895269 19.489250 0.038210 0.582246 -0.004940 
1670 2.882551 0.000000 0.938840 19.515548 0.125353 0.442461 -0.007311 
1671 2.975993 0.000000 0.895269 19.480849 0.021502 0.594218 -0.004109 
1672 2.975993 0.000000 0.851698 19.471730 0.034120 0.743607 -0.003700 
1673 2.975993 0.000000 0.938840 19.494907 0.116387 0.481316 -0.005271 
1674 3.303039 0.000000 0.503129 19.419329 -0.028391 0.800478 0.001455 
1675 3.303039 0.000000 0.328845 19.412602 0.044812 0.426874 0.003355 
1676 3.489922 0.000000 0.503129 19.411101 -0.001772 0.795342 0.002324 
1677 3.209597 0.000000 0.764556 19.448622 -0.128866 0.878838 -0.001944 
1678 3.209597 0.000000 0.677414 19.442241 -0.158651 0.931364 -0.001562 
1679 3.303039 0.000000 0.764556 19.442890 -0.139522 0.886337 -0.001397 
1680 3.162876 0.000000 0.895269 19.462556 -0.045460 0.554181 -0.002109 
1681 3.162876 0.000000 0.851698 19.454930 -0.023122 0.762567 -0.002046 
1682 3.209597 0.000000 0.895269 19.460197 0.003968 0.518680 -0.001760 
1683 3.162876 0.000000 0.938840 19.463604 0.094589 0.525367 -0.002153 
1684 3.256318 0.000000 0.895269 19.454182 0.055872 0.550424 -0.001239 
1685 3.256318 0.000000 0.851698 19.449563 -0.037379 0.765992 -0.001510 
1686 3.303039 0.000000 0.895269 19.448971 0.061870 0.590286 -0.000825 
1687 3.256318 0.000000 0.938840 19.451592 0.087904 0.529510 -0.000925 
1688 3.396480 0.000000 0.764556 19.434619 -0.139035 0.894484 -0.000585 
1689 3.396480 0.000000 0.677414 19.424366 -0.166392 0.954956 0.000150 
1690 3.489922 0.000000 0.764556 19.425435 -0.130032 0.904843 0.000315 
1691 3.349759 0.000000 0.895269 19.444004 0.054778 0.609932 -0.000375 
1692 3.349759 0.000000 0.851698 19.443380 -0.042308 0.768846 -0.000887 
1693 3.396480 0.000000 0.895269 19.439680 0.047311 0.619535 0.000040 
1694 3.349759 0.000000 0.938840 19.441430 0.082766 0.526141 0.000131 
1695 3.209597 0.000000 1.113124 19.459580 0.327367 0.488856 -0.001900 
1696 3.116155 0.000000 1.113124 19.496865 0.307682 0.485691 -0.005699 
1697 3.303039 0.000000 1.113124 19.429944 0.312235 0.493767 0.001159 
1698 3.209597 0.000000 1.200266 19.467995 0.273589 0.378551 -0.002428 
1699 3.256318 0.000000 0.982411 19.449788 0.176953 0.524307 -0.000788 
1700 3.209597 0.000000 0.982411 19.458614 0.180543 0.526040 -0.001704 
1701 3.303039 0.000000 0.982411 19.442389 0.172657 0.521203 -0.000014 
1702 3.256318 0.000000 1.025982 19.446193 0.245737 0.545861 -0.000556 
1703 3.279678 0.000000 0.917054 19.449539 0.029884 0.574396 -0.000827 
1704 3.256318 0.000000 0.917054 19.451511 0.032020 0.572673 -0.001025 
1705 3.279678 0.000000 0.895269 19.451640 0.062131 0.573651 -0.001049 
1706 3.303039 0.000000 0.917054 19.447252 0.027880 0.573622 -0.000589 
1707 3.279678 0.000000 0.938840 19.449094 0.086569 0.530862 -0.000672 
1708 3.443201 0.000000 0.895269 19.435711 0.041241 0.624572 0.000433 
1709 3.443201 0.000000 0.851698 19.435531 -0.041716 0.769398 -0.000082 
1710 3.489922 0.000000 0.895269 19.432318 0.036723 0.627851 0.000772 
1711 3.443201 0.000000 0.938840 19.433419 0.077179 0.516999 0.000982 
1712 3.396480 0.000000 1.113124 19.411679 0.285532 0.491887 0.003081 
1713 3.489922 0.000000 1.113124 19.405358 0.255965 0.485052 0.003790 
1714 3.396480 0.000000 1.200266 19.416409 0.267793 0.391713 0.002856 
1715 3.349759 0.000000 0.982411 19.436095 0.167566 0.514288 0.000656 
1716 3.396480 0.000000 0.982411 19.431042 0.161657 0.506606 0.001201 
1717 3.349759 0.000000 1.025982 19.428602 0.228497 0.534741 0.001305 
1718 3.373120 0.000000 0.917054 19.440830 0.022304 0.568601 0.000087 
1719 3.349759 0.000000 0.917054 19.442897 0.024144 0.570536 -0.000132 
1720 3.373120 0.000000 0.895269 19.441863 0.050881 0.615736 -0.000173 
1721 3.396480 0.000000 0.917054 19.438835 0.020453 0.565961 0.000300 
1722 3.373120 0.000000 0.938840 19.439120 0.081456 0.524104 0.000375 
1723 3.863689 0.000000 -0.019724 19.409235 -0.050192 0.009430 0.004180 
1724 3.863689 0.000000 -0.368292 19.406028 0.002542 -0.513901 0.003818 
1725 4.237455 0.000000 -0.019724 19.412594 -0.068483 -0.019512 0.003829 
1726 3.676805 0.000000 0.503129 19.404534 -0.019027 0.768648 0.003107 
1727 3.676805 0.000000 0.328845 19.412404 0.027588 0.433883 0.003363 
1728 3.863689 0.000000 0.503129 19.399963 -0.009567 0.755552 0.003629 
1729 3.583364 0.000000 0.764556 19.417676 -0.115542 0.916636 0.001065 
1730 3.583364 0.000000 0.677414 19.406633 -0.132408 0.975116 0.001895 
1731 3.676805 0.000000 0.764556 19.412558 -0.098296 0.930019 0.001534 
1732 3.536643 0.000000 0.895269 19.430113 0.033501 0.630483 0.000990 
1733 3.536643 0.000000 0.851698 19.428972 -0.037699 0.771921 0.000582 
1734 3.583364 0.000000 0.895269 19.428516 0.031336 0.633270 0.001145 
1735 3.536643 0.000000 0.938840 19.429278 0.072058 0.509595 0.001429 
1736 3.443201 0.000000 0.982411 19.427491 0.155697 0.498109 0.001593 
1737 3.489922 0.000000 0.982411 19.425338 0.150012 0.490400 0.001839 
1738 3.443201 0.000000 1.025982 19.419231 0.207247 0.517108 0.002341 
1739 3.466561 0.000000 0.917054 19.433673 0.015424 0.558051 0.000854 
1740 3.443201 0.000000 0.917054 19.435314 0.017005 0.560834 0.000677 
1741 3.466561 0.000000 0.895269 19.433821 0.038836 0.626266 0.000622 
1742 3.489922 0.000000 0.917054 19.432444 0.013981 0.555225 0.000989 
1743 3.466561 0.000000 0.938840 19.431821 0.075779 0.514904 0.001152 
1744 3.630084 0.000000 0.895269 19.427429 0.030019 0.636558 0.001246 
1745 3.630084 0.000000 0.851698 19.424706 -0.031442 0.777402 0.000999 
1746 3.676805 0.000000 0.895269 19.427341 0.029697 0.640281 0.001243 
1747 3.630084 0.000000 0.938840 19.428525 0.068204 0.505352 0.001520 
1748 3.583364 0.000000 1.113124 19.405898 0.213098 0.482955 0.003793 
1749 3.676805 0.000000 1.113124 19.410577 0.190945 0.472088 0.003364 
1750 3.583364 0.000000 1.200266 19.401493 0.219312 0.403255 0.004425 
1751 3.536643 0.000000 0.982411 19.424560 0.144971 0.483296 0.001941 
1752 3.583364 0.000000 0.982411 19.424766 0.140821 0.477039 0.001939 
1753 3.536643 0.000000 1.025982 19.417137 0.188021 0.499434 0.002624 
1754 3.560003 0.000000 0.917054 19.430335 0.011796 0.545580 0.001234 
1755 3.536643 0.000000 0.917054 19.430897 0.012131 0.548893 0.001167 
1756 3.560003 0.000000 0.895269 19.429158 0.032251 0.631820 0.001084 
1757 3.583364 0.000000 0.917054 19.430057 0.011962 0.542221 0.001272 
1758 3.560003 0.000000 0.938840 19.428808 0.070877 0.508173 0.001482 
1759 4.704664 0.000000 1.113124 19.471224 0.130201 0.410064 -0.002673 
1760 4.611222 0.000000 1.113124 19.469844 0.128093 0.410630 -0.002531 
1761 4.798105 0.000000 1.113124 19.472360 0.133010 0.409367 -0.002790 
1762 4.704664 0.000000 1.200266 19.470596 0.083462 0.381739 -0.002523 
1763 4.657943 0.000000 0.982411 19.465920 0.165693 0.510073 -0.002398 
1764 4.611222 0.000000 0.982411 19.465125 0.162439 0.505159 -0.002300 
1765 4.657943 0.000000 0.938840 19.460736 0.148552 0.618955 -0.002175 
1766 4.704664 0.000000 0.982411 19.466797 0.168860 0.514834 -0.002504 
1767 4.657943 0.000000 1.025982 19.469353 0.170273 0.452788 -0.002610 
1768 4.751385 0.000000 0.982411 19.467827 0.171967 0.519338 -0.002625 
1769 4.751385 0.000000 0.938840 19.463605 0.161378 0.637750 -0.002543 
1770 4.798105 0.000000 0.982411 19.469078 0.174876 0.523457 -0.002768 
1771 4.751385 0.000000 1.025982 19.470865 0.176681 0.457537 -0.002783 
1772 4.891547 0.000000 1.113124 19.473730 0.136388 0.407916 -0.002931 
1773 4.984989 0.000000 1.113124 19.475636 0.139759 0.405519 -0.003124 
1774 4.891547 0.000000 1.200266 19.472320 0.084835 0.380697 -0.002699 
1775 4.844826 0.000000 0.982411 19.470376 0.177600 0.527327 -0.002915 
1776 4.844826 0.000000 0.938840 19.466936 0.171785 0.654294 -0.002952 
1777 4.891547 0.000000 0.982411 19.471843 0.179848 0.530787 -0.003078 
1778 4.844826 0.000000 1.025982 19.472847 0.183131 0.461487 -0.003002 
1779 5.078431 0.000000 0.938840 19.477188 0.183518 0.683078 -0.004120 
1780 5.078431 0.000000 0.851698 19.476136 0.157903 0.947289 -0.005127 
1781 5.078431 0.000000 1.025982 19.479679 0.194997 0.466787 -0.003731 
1782 4.938268 0.000000 0.982411 19.473420 0.181561 0.533906 -0.003250 
1783 4.938268 0.000000 0.938840 19.470718 0.178992 0.667974 -0.003396 
1784 4.984989 0.000000 0.982411 19.475119 0.182654 0.536711 -0.003434 
1785 4.938268 0.000000 1.025982 19.475339 0.188983 0.464515 -0.003272 
1786 5.078431 0.000000 1.113124 19.477825 0.142826 0.402369 -0.003345 
1787 5.078431 0.000000 1.200266 19.474809 0.087518 0.377429 -0.002949 
1788 5.031710 0.000000 0.982411 19.476846 0.182980 0.539211 -0.003619 
1789 5.031710 0.000000 0.938840 19.475093 0.182857 0.678628 -0.003888 
1790 5.078431 0.000000 0.982411 19.478707 0.182458 0.541398 -0.003817 
1791 5.031710 0.000000 1.025982 19.478202 0.193488 0.466336 -0.003576 
1792 5.218593 0.000000 0.982411 19.483582 0.175649 0.546807 -0.004328 
1793 5.171872 0.000000 0.982411 19.482059 0.178893 0.545172 -0.004170 
1794 5.218593 0.000000 0.938840 19.482906 0.180098 0.692848 -0.004741 
1795 5.218593 0.000000 1.025982 19.483819 0.196554 0.466704 -0.004158 
1796 5.452197 0.000000 1.113124 19.485398 0.144313 0.384612 -0.004089 
1797 5.545639 0.000000 1.113124 19.486380 0.141500 0.379958 -0.004179 
1798 5.452197 0.000000 1.200266 19.480891 0.087157 0.363135 -0.003548 
1799 5.405476 0.000000 0.982411 19.487325 0.152516 0.556199 -0.004721 
1800 5.405476 0.000000 0.938840 19.487555 0.164775 0.699009 -0.005229 
1801 5.452197 0.000000 0.982411 19.487558 0.144672 0.560799 -0.004752 
1802 5.405476 0.000000 1.025982 19.487678 0.190272 0.464491 -0.004544 
1803 5.639081 0.000000 1.113124 19.487043 0.137515 0.375599 -0.004236 
1804 5.732522 0.000000 1.113124 19.487070 0.132622 0.371834 -0.004227 
1805 5.639081 0.000000 1.200266 19.482567 0.081542 0.354051 -0.003701 
1806 5.592360 0.000000 0.982411 19.486857 0.127692 0.588109 -0.004751 
1807 5.545639 0.000000 0.982411 19.487227 0.130226 0.576965 -0.004756 
1808 5.592360 0.000000 0.938840 19.488436 0.143547 0.700047 -0.005306 
1809 5.639081 0.000000 0.982411 19.486387 0.130374 0.597528 -0.004734 
1810 5.592360 0.000000 1.025982 19.489008 0.175500 0.462544 -0.004662 
1811 5.825964 0.000000 0.938840 19.484994 0.115856 0.699112 -0.004929 
1812 5.825964 0.000000 0.851698 19.491046 0.094762 0.872193 -0.006260 
1813 5.825964 0.000000 1.025982 19.486662 0.148313 0.464302 -0.004401 
1814 5.685802 0.000000 0.982411 19.486172 0.135345 0.601531 -0.004728 
1815 5.685802 0.000000 0.938840 19.487508 0.132552 0.699836 -0.005202 
1816 5.732522 0.000000 0.982411 19.485865 0.138755 0.600515 -0.004696 
1817 5.685802 0.000000 1.025982 19.488588 0.165513 0.462671 -0.004610 
1818 5.825964 0.000000 1.113124 19.486657 0.126844 0.368798 -0.004175 
1819 5.919406 0.000000 1.113124 19.485561 0.120405 0.367213 -0.004055 
1820 5.825964 0.000000 1.200266 19.483284 0.072798 0.345273 -0.003755 
1821 5.779243 0.000000 0.982411 19.485584 0.138531 0.597276 -0.004656 
1822 5.779243 0.000000 0.938840 19.485986 0.121513 0.699209 -0.005035 
1823 5.825964 0.000000 0.982411 19.484892 0.135157 0.594188 -0.004573 
1824 5.779243 0.000000 1.025982 19.487565 0.154242 0.463533 -0.004497 
1825 6.012847 0.000000 1.113124 19.484092 0.113187 0.366930 -0.003898 
1826 6.106289 0.000000 1.113124 19.482178 0.105266 0.368245 -0.003699 
1827 6.012847 0.000000 1.200266 19.482752 0.075542 0.355482 -0.003720 
1828 5.966127 0.000000 0.982411 19.481142 0.117163 0.589386 -0.004159 
1829 5.919406 0.000000 0.982411 19.482616 0.124055 0.590126 -0.004318 
1830 5.966127 0.000000 0.938840 19.480383 0.098335 0.699187 -0.004444 
1831 6.012847 0.000000 0.982411 19.479375 0.109931 0.589147 -0.003972 
1832 5.966127 0.000000 1.025982 19.483237 0.128950 0.468592 -0.004045 
1833 6.386614 0.000000 1.113124 19.476643 0.078417 0.380839 -0.003141 
1834 6.293172 0.000000 1.113124 19.478137 0.087720 0.375459 -0.003288 
1835 6.480056 0.000000 1.113124 19.475306 0.069140 0.386921 -0.003012 
1836 6.386614 0.000000 1.200266 19.479357 0.054007 0.351577 -0.003355 
1837 6.573498 0.000000 1.113124 19.473872 0.060492 0.393341 -0.002875 
1838 6.573498 0.000000 1.025982 19.465494 0.029495 0.530265 -0.002339 
1839 6.573498 0.000000 1.200266 19.476001 0.052737 0.327079 -0.002966 
1840 6.573498 0.000000 0.938840 19.460699 0.028951 0.711134 -0.002439 
1841 6.573498 0.000000 0.851698 19.460443 -0.002515 0.836484 -0.002924 
1842 6.666939 0.000000 0.938840 19.458831 0.017026 0.716253 -0.002265 
1843 6.620218 0.000000 1.069553 19.469884 0.049115 0.447179 -0.002581 
1844 6.573498 0.000000 1.069553 19.470569 0.055389 0.443058 -0.002643 
1845 6.620218 0.000000 1.025982 19.464753 0.023976 0.535948 -0.002278 
1846 6.666939 0.000000 1.069553 19.468961 0.043087 0.451319 -0.002494 
1847 6.620218 0.000000 1.113124 19.473149 0.056545 0.396535 -0.002806 
1848 6.760381 0.000000 0.938840 19.456787 0.007242 0.721699 -0.002075 
1849 6.760381 0.000000 0.851698 19.455215 -0.026395 0.838447 -0.002396 
1850 6.853823 0.000000 0.938840 19.453927 -0.000324 0.727415 -0.001803 
1851 6.947264 0.000000 1.113124 19.464413 0.035969 0.419457 -0.001951 
1852 6.947264 0.000000 1.025982 19.457714 0.020159 0.562802 -0.001632 
1853 6.947264 0.000000 1.200266 19.468091 0.023831 0.333068 -0.002156 
1854 6.807102 0.000000 1.069553 19.465551 0.027630 0.465346 -0.002174 
1855 6.760381 0.000000 1.069553 19.466864 0.032272 0.460350 -0.002298 
1856 6.807102 0.000000 1.025982 19.462875 0.029365 0.549134 -0.002124 
1857 6.853823 0.000000 1.069553 19.464105 0.023235 0.470613 -0.002038 
1858 6.807102 0.000000 1.113124 19.469214 0.043289 0.409265 -0.002424 
1859 6.947264 0.000000 0.938840 19.450403 -0.006095 0.733163 -0.001462 
1860 6.947264 0.000000 0.851698 19.448310 -0.042460 0.843201 -0.001710 
1861 7.040706 0.000000 0.938840 19.446143 -0.010385 0.738833 -0.001047 
1862 6.900543 0.000000 1.069553 19.462221 0.019167 0.476140 -0.001857 
1863 6.900543 0.000000 1.025982 19.459759 0.022955 0.558213 -0.001829 
1864 6.947264 0.000000 1.069553 19.460210 0.015612 0.481992 -0.001665 
1865 6.900543 0.000000 1.113124 19.466262 0.038187 0.415918 -0.002134 
1866 7.134148 0.000000 0.938840 19.441486 -0.013416 0.744329 -0.000590 
1867 7.134148 0.000000 0.851698 19.439788 -0.051589 0.848358 -0.000860 
1868 7.227589 0.000000 0.938840 19.436455 -0.015478 0.749486 -0.000093 
1869 7.087427 0.000000 1.069553 19.453130 0.007618 0.500641 -0.000985 
1870 7.040706 0.000000 1.069553 19.455692 0.009781 0.494354 -0.001232 
1871 7.087427 0.000000 1.025982 19.451020 0.013225 0.576719 -0.000985 
1872 7.134148 0.000000 1.069553 19.450481 0.005939 0.506917 -0.000729 
1873 7.087427 0.000000 1.113124 19.457064 0.015301 0.426421 -0.001208 
1874 7.321031 0.000000 0.938840 19.431391 -0.016955 0.754546 0.000407 
1875 7.321031 0.000000 0.851698 19.429916 -0.055666 0.852592 0.000134 
1876 7.414473 0.000000 0.938840 19.426500 -0.018165 0.759360 0.000890 
1877 7.274310 0.000000 1.069553 19.442314 0.003074 0.524309 0.000063 
1878 7.227589 0.000000 1.069553 19.444922 0.003804 0.518728 -0.000189 
1879 7.274310 0.000000 1.025982 19.440521 0.007121 0.595424 0.000037 
1880 7.321031 0.000000 1.069553 19.439661 0.002419 0.529539 0.000322 
1881 7.274310 0.000000 1.113124 19.446728 0.007924 0.443504 -0.000184 
1882 7.507914 0.000000 1.113124 19.434703 -0.001067 0.468613 0.000992 
1883 7.507914 0.000000 1.025982 19.425880 -0.018930 0.626593 0.001440 
1884 7.507914 0.000000 1.200266 19.441304 0.025905 0.366519 0.000537 
1885 7.367752 0.000000 1.069553 19.437080 0.001763 0.534504 0.000573 
1886 7.367752 0.000000 1.025982 19.435284 0.004971 0.604455 0.000547 
1887 7.414473 0.000000 1.069553 19.434587 0.000994 0.539336 0.000815 
1888 7.367752 0.000000 1.113124 19.441543 0.004172 0.452939 0.000327 
1889 7.881681 0.000000 1.113124 19.424869 -0.005036 0.518581 0.001872 
1890 7.881681 0.000000 1.025982 19.416296 -0.037170 0.662828 0.002298 
1891 7.881681 0.000000 1.200266 19.432456 0.026412 0.392618 0.001394 
1892 7.975123 0.000000 3.117394 19.451783 -0.002613 0.009474 -0.000184 
1893 7.227589 0.000000 3.117394 19.451949 -0.001178 0.010503 -0.000201 
1894 7.975123 0.000000 3.814531 19.452174 -0.022121 0.008847 -0.000225 
1895 7.601356 0.000000 2.071688 19.464541 0.000568 0.049006 -0.001502 
1896 7.227589 0.000000 2.071688 19.464929 -0.000209 0.053247 -0.001543 
1897 7.975123 0.000000 2.071688 19.460609 -0.025838 0.060269 -0.001103 
1898 7.601356 0.000000 2.420257 19.460635 0.004690 0.024147 -0.001096 
1899 7.788239 0.000000 1.548835 19.446687 -0.029644 0.237750 0.000189 
1900 7.601356 0.000000 1.548835 19.454949 0.007157 0.215225 -0.000632 
1901 7.975123 0.000000 1.548835 19.445614 -0.026335 0.240676 0.000296 
1902 7.788239 0.000000 1.723119 19.454249 0.019586 0.158391 -0.000504 
1903 7.881681 0.000000 1.287409 19.437444 -0.007780 0.312081 0.001033 
1904 7.788239 0.000000 1.287409 19.438980 0.015523 0.316947 0.000867 
1905 7.975123 0.000000 1.287409 19.437169 -0.005942 0.316923 0.001053 
1906 7.881681 0.000000 1.374551 19.440773 -0.020857 0.280263 0.000740 
1907 7.834960 0.000000 1.156695 19.429342 0.020911 0.437542 0.001616 
1908 7.788239 0.000000 1.156695 19.430174 0.021731 0.432936 0.001541 
1909 7.834960 0.000000 1.113124 19.425588 -0.005211 0.513674 0.001811 
1910 7.881681 0.000000 1.156695 19.428602 0.020088 0.442252 0.001681 
1911 7.834960 0.000000 1.200266 19.433072 0.026461 0.389106 0.001338 
1912 8.348890 0.000000 2.071688 19.459389 -0.041794 0.068705 -0.000983 
1913 8.348890 0.000000 2.420257 19.459616 0.000271 0.017102 -0.000990 
1914 8.162006 0.000000 1.548835 19.445865 -0.022141 0.243488 0.000267 
1915 8.348890 0.000000 1.548835 19.446528 -0.016906 0.245650 0.000197 
1916 8.162006 0.000000 1.723119 19.454832 0.023406 0.158040 -0.000564 
1917 8.068564 0.000000 1.287409 19.436878 -0.004034 0.321959 0.001075 
1918 8.162006 0.000000 1.287409 19.437190 -0.002029 0.327260 0.001034 
1919 8.068564 0.000000 1.374551 19.442193 -0.021609 0.279679 0.000595 
1920 8.021844 0.000000 1.156695 19.428508 0.004434 0.465332 0.001636 
1921 7.975123 0.000000 1.156695 19.428952 0.005006 0.460291 0.001603 
1922 8.021844 0.000000 1.113124 19.424014 -0.005269 0.532045 0.001922 
1923 8.068564 0.000000 1.156695 19.428335 0.003950 0.470266 0.001642 
1924 8.021844 0.000000 1.200266 19.431550 0.024486 0.402183 0.001467 
1925 8.255448 0.000000 1.287409 19.437887 0.000309 0.332799 0.000952 
1926 8.348890 0.000000 1.287409 19.439432 0.003131 0.338127 0.000784 
1927 8.255448 0.000000 1.374551 19.442817 -0.009218 0.290415 0.000515 
1928 8.208727 0.000000 1.156695 19.428653 0.003421 0.485025 0.001572 
1929 8.162006 0.000000 1.156695 19.428478 0.003337 0.480227 0.001602 
1930 8.208727 0.000000 1.113124 19.424780 -0.006897 0.548731 0.001796 
1931 8.255448 0.000000 1.156695 19.429196 0.003598 0.489676 0.001504 
1932 8.208727 0.000000 1.200266 19.431876 0.023292 0.418061 0.001399 
1933 8.442331 0.000000 1.113124 19.429853 -0.006356 0.568828 0.001215 
1934 8.442331 0.000000 1.025982 19.422461 -0.038378 0.711346 0.001488 
1935 8.442331 0.000000 1.200266 19.435987 0.024965 0.438257 0.000931 
1936 8.302169 0.000000 1.156695 19.429974 0.004075 0.494094 0.001413 
1937 8.302169 0.000000 1.113124 19.426195 -0.007327 0.556806 0.001627 
1938 8.348890 0.000000 1.156695 19.431036 0.004813 0.498495 0.001292 
1939 8.302169 0.000000 1.200266 19.432973 0.023206 0.426208 0.001268 
1940 8.535773 0.000000 1.548835 19.447290 -0.010529 0.246833 0.000117 
1941 8.535773 0.000000 1.723119 19.455546 0.028896 0.155676 -0.000637 
1942 8.442331 0.000000 1.287409 19.440924 0.006676 0.342959 0.000622 
1943 8.535773 0.000000 1.287409 19.442718 0.011096 0.347120 0.000430 
1944 8.442331 0.000000 1.374551 19.444937 -0.001488 0.296054 0.000289 
1945 8.395610 0.000000 1.156695 19.432175 0.005695 0.502516 0.001164 
1946 8.395610 0.000000 1.113124 19.428591 -0.006965 0.564865 0.001357 
1947 8.442331 0.000000 1.156695 19.433379 0.006895 0.506258 0.001031 
1948 8.395610 0.000000 1.200266 19.434963 0.024043 0.434338 0.001045 
1949 8.302169 0.000000 1.243838 19.436315 0.027123 0.380950 0.001021 
1950 8.255448 0.000000 1.243838 19.435689 0.026406 0.377736 0.001092 
1951 8.348890 0.000000 1.243838 19.437327 0.028028 0.384297 0.000910 
1952 8.302169 0.000000 1.287409 19.438636 0.001580 0.335508 0.000871 
1953 8.325529 0.000000 1.178481 19.432475 0.007788 0.465349 0.001229 
1954 8.302169 0.000000 1.178481 19.432073 0.007590 0.463086 0.001276 
1955 8.325529 0.000000 1.156695 19.430378 0.004403 0.496234 0.001366 
1956 8.348890 0.000000 1.178481 19.433052 0.008083 0.467663 0.001164 
1957 8.325529 0.000000 1.200266 19.433361 0.023343 0.428275 0.001224 
1958 8.629215 0.000000 1.287409 19.444068 0.016298 0.350570 0.000284 
1959 8.722656 0.000000 1.287409 19.444997 0.022160 0.353322 0.000183 
1960 8.629215 0.000000 1.374551 19.447049 0.008286 0.299499 0.000066 
1961 8.582494 0.000000 1.156695 19.437057 0.012112 0.516727 0.000624 
1962 8.535773 0.000000 1.156695 19.435943 0.010112 0.513456 0.000748 
1963 8.582494 0.000000 1.113124 19.433852 -0.002712 0.580528 0.000769 
1964 8.629215 0.000000 1.156695 19.438276 0.014465 0.519869 0.000490 
1965 8.582494 0.000000 1.200266 19.440379 0.017164 0.456111 0.000438 
1966 8.489052 0.000000 1.156695 19.434657 0.008305 0.509872 0.000890 
1967 8.489052 0.000000 1.113124 19.431265 -0.005567 0.572763 0.001058 
1968 8.489052 0.000000 1.200266 19.437076 0.026271 0.442141 0.000810 
1969 8.582494 0.000000 1.243838 19.441868 0.036189 0.398487 0.000413 
1970 8.535773 0.000000 1.243838 19.441093 0.034040 0.395978 0.000498 
1971 8.629215 0.000000 1.243838 19.442729 0.038566 0.400810 0.000319 
1972 8.582494 0.000000 1.287409 19.443317 0.013635 0.348955 0.000365 
1973 8.559133 0.000000 1.178481 19.438338 0.013065 0.483974 0.000579 
1974 8.535773 0.000000 1.178481 19.437747 0.011958 0.482177 0.000645 
1975 8.559133 0.000000 1.156695 19.436568 0.011084 0.515143 0.000679 
1976 8.582494 0.000000 1.178481 19.438776 0.014197 0.485667 0.000530 
1977 8.559133 0.000000 1.200266 19.439833 0.016079 0.454380 0.000499 
1978 8.816098 0.000000 1.287409 19.445245 0.028277 0.355464 0.000153 
1979 8.816098 0.000000 1.200266 19.443609 0.033406 0.471608 0.000066 
1980 8.816098 0.000000 1.374551 19.447528 0.019473 0.301219 0.000013 
1981 8.909540 0.000000 0.851698 19.411943 -0.081918 0.965606 0.001427 
1982 8.909540 0.000000 0.677414 19.400102 -0.071005 0.940492 0.002773 
1983 9.096423 0.000000 0.851698 19.409974 -0.090266 0.985535 0.001523 
1984 9.002981 0.000000 1.113124 19.437411 0.022937 0.608623 0.000314 
1985 8.909540 0.000000 1.113124 19.439172 0.016827 0.603634 0.000149 
1986 9.002981 0.000000 1.025982 19.432105 -0.014365 0.754663 0.000333 
1987 9.096423 0.000000 1.113124 19.433319 0.026231 0.606018 0.000742 
1988 9.189865 0.000000 1.287409 19.440746 0.026460 0.379224 0.000569 
1989 9.189865 0.000000 1.200266 19.433250 0.045922 0.487794 0.001087 
1990 9.189865 0.000000 1.374551 19.446703 0.053924 0.309283 0.000078 
1991 9.049702 0.000000 1.243838 19.438946 0.037871 0.408527 0.000691 
1992 9.002981 0.000000 1.243838 19.440630 0.036559 0.406859 0.000522 
1993 9.049702 0.000000 1.200266 19.438623 0.047892 0.480486 0.000553 
1994 9.096423 0.000000 1.243838 19.438312 0.026006 0.416679 0.000741 
1995 9.049702 0.000000 1.287409 19.442424 0.026498 0.371752 0.000412 
1996 9.283306 0.000000 0.851698 19.407157 -0.104972 1.003421 0.001710 
1997 9.283306 0.000000 0.677414 19.395693 -0.102051 0.953361 0.003146 
1998 9.470190 0.000000 0.851698 19.408932 -0.132024 1.022321 0.001410 
1999 9.189865 0.000000 1.113124 19.428074 0.023077 0.609753 0.001269 
2000 9.189865 0.000000 1.025982 19.424690 -0.012167 0.765967 0.001050 
2001 9.283306 0.000000 1.113124 19.427259 0.012193 0.615730 0.001334 
2002 9.143144 0.000000 1.243838 19.436993 0.025267 0.419428 0.000870 
2003 9.143144 0.000000 1.200266 19.434448 0.048038 0.484724 0.000971 
2004 9.189865 0.000000 1.243838 19.436552 0.023558 0.422921 0.000908 
2005 9.143144 0.000000 1.287409 19.440558 0.027044 0.376152 0.000595 
2006 9.143144 0.000000 1.156695 19.432448 0.039766 0.536722 0.001038 
2007 9.096423 0.000000 1.156695 19.434832 0.040834 0.541313 0.000780 
2008 9.143144 0.000000 1.113124 19.430573 0.025658 0.607810 0.001018 
2009 9.189865 0.000000 1.156695 19.430370 0.036950 0.539086 0.001246 
2010 9.236586 0.000000 1.243838 19.437604 0.021342 0.427121 0.000791 
2011 9.236586 0.000000 1.200266 19.433592 0.042431 0.485403 0.001059 
2012 9.283306 0.000000 1.243838 19.440695 0.019274 0.431812 0.000463 
2013 9.236586 0.000000 1.287409 19.442297 0.025678 0.382762 0.000403 
2014 9.166504 0.000000 1.222052 19.435325 0.047570 0.457858 0.000948 
2015 9.143144 0.000000 1.222052 19.435849 0.048467 0.456207 0.000898 
2016 9.166504 0.000000 1.200266 19.433708 0.047130 0.486141 0.001044 
2017 9.189865 0.000000 1.222052 19.435041 0.046451 0.459719 0.000973 
2018 9.166504 0.000000 1.243838 19.436613 0.024532 0.421053 0.000906 
2019 9.376748 0.000000 1.113124 19.438231 0.000530 0.626366 0.000173 
2020 9.376748 0.000000 1.025982 19.426999 -0.035210 0.776422 0.000767 
2021 9.470190 0.000000 1.113124 19.460652 0.002119 0.640225 -0.002179 
2022 9.563631 0.000000 1.287409 19.482921 0.064728 0.388157 -0.003797 
2023 9.563631 0.000000 1.200266 19.486572 0.046162 0.500570 -0.004432 
2024 9.563631 0.000000 1.374551 19.476070 0.092462 0.309428 -0.002958 
2025 9.423469 0.000000 1.243838 19.463001 0.017160 0.443263 -0.001857 
2026 9.376748 0.000000 1.243838 19.454569 0.013294 0.440166 -0.000983 
2027 9.423469 0.000000 1.200266 19.458743 0.039956 0.505517 -0.001579 
2028 9.470190 0.000000 1.243838 19.471698 0.023925 0.444856 -0.002757 
2029 9.423469 0.000000 1.287409 19.463629 0.038743 0.392948 -0.001814 
2030 9.657073 0.000000 0.851698 19.422232 -0.166843 1.063754 -0.000211 
2031 9.657073 0.000000 0.677414 19.393416 -0.161371 0.967698 0.003266 
2032 9.843957 0.000000 0.851698 19.432977 -0.193634 1.132280 -0.001738 
2033 9.563631 0.000000 1.113124 19.484200 0.023518 0.652256 -0.004646 
2034 9.563631 0.000000 1.025982 19.467888 -0.036458 0.814075 -0.003596 
2035 9.657073 0.000000 1.113124 19.499914 0.058579 0.659176 -0.006297 
2036 9.516911 0.000000 1.243838 19.479768 0.033336 0.444814 -0.003589 
2037 9.516911 0.000000 1.200266 19.478602 0.057931 0.510101 -0.003640 
2038 9.563631 0.000000 1.243838 19.486554 0.044772 0.443164 -0.004287 
2039 9.516911 0.000000 1.287409 19.477461 0.054470 0.391277 -0.003238 
2040 9.516911 0.000000 1.156695 19.477178 0.036106 0.572351 -0.003666 
2041 9.470190 0.000000 1.156695 19.465922 0.026187 0.568627 -0.002494 
2042 9.516911 0.000000 1.113124 19.473024 0.010515 0.646747 -0.003475 
2043 9.563631 0.000000 1.156695 19.487020 0.049778 0.574428 -0.004689 
2044 9.610352 0.000000 1.243838 19.491587 0.057420 0.440213 -0.004802 
2045 9.610352 0.000000 1.200266 19.492891 0.061691 0.498449 -0.005082 
2046 9.657073 0.000000 1.243838 19.494825 0.070709 0.436372 -0.005131 
2047 9.610352 0.000000 1.287409 19.486995 0.075833 0.383879 -0.004213 
2048 9.540271 0.000000 1.222052 19.483806 0.035746 0.478063 -0.004087 
2049 9.516911 0.000000 1.222052 19.479873 0.029577 0.478121 -0.003681 
2050 9.540271 0.000000 1.200266 19.482644 0.039023 0.501009 -0.004027 
2051 9.563631 0.000000 1.222052 19.487351 0.042424 0.477584 -0.004452 
2052 9.540271 0.000000 1.243838 19.483358 0.038838 0.444174 -0.003959 
2053 9.750515 0.000000 1.113124 19.505741 0.098018 0.661119 -0.006921 
2054 9.750515 0.000000 1.025982 19.497036 0.024838 0.860989 -0.006804 
2055 9.843957 0.000000 1.113124 19.503141 0.135416 0.659655 -0.006671 
2056 9.937398 0.000000 1.287409 19.481705 0.166836 0.345274 -0.003651 
2057 9.937398 0.000000 1.200266 19.489807 0.165034 0.473311 -0.004762 
2058 9.937398 0.000000 1.374551 19.472744 0.156821 0.274691 -0.002605 
2059 9.797236 0.000000 1.243838 19.495026 0.115374 0.427904 -0.005155 
2060 9.750515 0.000000 1.243838 19.496294 0.103164 0.432344 -0.005288 
2061 9.797236 0.000000 1.200266 19.499846 0.120309 0.484731 -0.005792 
2062 9.843957 0.000000 1.243838 19.492662 0.126716 0.423857 -0.004909 
2063 9.797236 0.000000 1.287409 19.489604 0.140127 0.361228 -0.004473 
2064 9.703794 0.000000 1.243838 19.496286 0.090282 0.436949 -0.005291 
2065 9.703794 0.000000 1.200266 19.500592 0.088841 0.495799 -0.005880 
2066 9.703794 0.000000 1.287409 19.490767 0.098741 0.373166 -0.004590 
2067 10.030840 0.000000 0.851698 19.429933 -0.216046 1.199213 -0.001862 
2068 10.030840 0.000000 0.677414 19.400508 -0.273004 1.001787 0.002233 
2069 10.217723 0.000000 0.851698 19.427390 -0.244359 1.240051 -0.001899 
2070 9.937398 0.000000 1.113124 19.494467 0.167026 0.657299 -0.005793 
2071 9.937398 0.000000 1.025982 19.490050 0.096617 0.893278 -0.006256 
2072 10.030840 0.000000 1.113124 19.482413 0.190626 0.656320 -0.004570 
2073 9.797236 0.000000 1.156695 19.503225 0.137010 0.565552 -0.006376 
2074 9.750515 0.000000 1.156695 19.504128 0.119801 0.569019 -0.006467 
2075 9.797236 0.000000 1.113124 19.505381 0.117263 0.660672 -0.006893 
2076 9.843957 0.000000 1.156695 19.500773 0.153072 0.561809 -0.006124 
2077 9.773875 0.000000 1.222052 19.497883 0.112319 0.461570 -0.005526 
2078 9.750515 0.000000 1.222052 19.498398 0.104442 0.464042 -0.005581 
2079 9.773875 0.000000 1.200266 19.500606 0.112785 0.487622 -0.005873 
2080 9.797236 0.000000 1.222052 19.496969 0.126440 0.464035 -0.005447 
2081 9.773875 0.000000 1.243838 19.495790 0.109372 0.430097 -0.005235 
2082 9.890677 0.000000 1.243838 19.489531 0.137169 0.420701 -0.004587 
2083 9.890677 0.000000 1.200266 19.493911 0.153667 0.478419 -0.005188 
2084 9.937398 0.000000 1.243838 19.485654 0.146886 0.418623 -0.004190 
2085 9.890677 0.000000 1.287409 19.484906 0.158823 0.350171 -0.003983 
2086 10.124282 0.000000 1.113124 19.471739 0.199551 0.663172 -0.003504 
2087 10.124282 0.000000 1.025982 19.464540 0.134825 0.917485 -0.003769 
2088 10.217723 0.000000 1.113124 19.462070 0.199580 0.661802 -0.002505 
2089 10.171002 0.000000 1.243838 19.462393 0.227209 0.436992 -0.001916 
2090 10.124282 0.000000 1.243838 19.466700 0.210421 0.436418 -0.002338 
2091 10.171002 0.000000 1.200266 19.465939 0.202579 0.470020 -0.002332 
2092 10.217723 0.000000 1.243838 19.458694 0.244238 0.430084 -0.001541 
2093 10.171002 0.000000 1.287409 19.463992 0.194497 0.342132 -0.001849 
2094 10.404607 0.000000 0.851698 19.432851 -0.262256 1.259666 -0.002614 
2095 10.404607 0.000000 0.677414 19.425392 -0.323637 1.013487 -0.000463 
2096 10.591490 0.000000 0.851698 19.438331 -0.276537 1.270800 -0.003271 
2097 10.311165 0.000000 1.113124 19.455909 0.216561 0.671635 -0.001924 
2098 10.311165 0.000000 1.025982 19.450169 0.143773 0.936129 -0.002388 
2099 10.404607 0.000000 1.113124 19.451032 0.220118 0.686004 -0.001478 
2100 10.264444 0.000000 1.243838 19.456065 0.254656 0.416221 -0.001253 
2101 10.264444 0.000000 1.200266 19.458960 0.209689 0.468328 -0.001618 
2102 10.311165 0.000000 1.243838 19.454182 0.256266 0.404155 -0.001035 
2103 10.264444 0.000000 1.287409 19.458509 0.199740 0.339245 -0.001285 
2104 10.498048 0.000000 1.287409 19.449602 0.206063 0.333278 -0.000365 
2105 10.498048 0.000000 1.200266 19.449232 0.240325 0.469311 -0.000656 
2106 10.591490 0.000000 1.287409 19.448031 0.207967 0.333720 -0.000206 
2107 10.498048 0.000000 1.374551 19.449684 0.195467 0.254798 -0.000240 
2108 10.357886 0.000000 1.243838 19.452731 0.254384 0.397272 -0.000869 
2109 10.357886 0.000000 1.200266 19.453863 0.214368 0.467960 -0.001098 
2110 10.404607 0.000000 1.243838 19.451361 0.252304 0.393895 -0.000718 
2111 10.357886 0.000000 1.287409 19.454242 0.202406 0.337245 -0.000845 
2112 10.778373 0.000000 1.548835 19.448948 0.145226 0.161400 -0.000016 
2113 10.965257 0.000000 1.548835 19.447969 0.133954 0.199938 0.000056 
2114 10.778373 0.000000 1.723119 19.448610 0.089948 0.150599 0.000062 
2115 10.684932 0.000000 1.287409 19.447305 0.210596 0.339602 -0.000145 
2116 10.684932 0.000000 1.200266 19.446649 0.243270 0.471227 -0.000399 
2117 10.778373 0.000000 1.287409 19.446654 0.211488 0.340199 -0.000080 
2118 10.684932 0.000000 1.374551 19.447687 0.200455 0.260168 -0.000047 
2119 10.778373 0.000000 0.851698 19.441170 -0.277833 1.275170 -0.003595 
2120 10.778373 0.000000 0.677414 19.438646 -0.316093 1.071294 -0.002131 
2121 10.965257 0.000000 0.851698 19.445612 -0.316587 1.288839 -0.004205 
2122 10.684932 0.000000 1.113124 19.446105 0.224508 0.691334 -0.000996 
2123 10.591490 0.000000 1.113124 19.446930 0.223781 0.689931 -0.001075 
2124 10.684932 0.000000 1.025982 19.444341 0.128816 0.964812 -0.001923 
2125 10.778373 0.000000 1.113124 19.445907 0.225541 0.698134 -0.001002 
2126 10.871815 0.000000 1.287409 19.448105 0.192399 0.322275 -0.000178 
2127 10.871815 0.000000 1.200266 19.446102 0.245629 0.478380 -0.000364 
2128 10.965257 0.000000 1.287409 19.447661 0.197959 0.332409 -0.000155 
2129 10.871815 0.000000 1.374551 19.448148 0.189614 0.248432 -0.000068 
2130 10.731653 0.000000 1.243838 19.446690 0.257460 0.397647 -0.000253 
2131 10.684932 0.000000 1.243838 19.447038 0.254458 0.393439 -0.000276 
2132 10.731653 0.000000 1.200266 19.446537 0.244659 0.477172 -0.000404 
2133 10.778373 0.000000 1.243838 19.446379 0.257852 0.398058 -0.000222 
2134 10.731653 0.000000 1.287409 19.446992 0.211091 0.339878 -0.000114 
2135 11.339023 0.000000 2.071688 19.451064 0.002405 0.024202 -0.000111 
2136 11.712790 0.000000 2.071688 19.450684 0.023790 0.010070 -0.000072 
2137 11.339023 0.000000 2.420257 19.451177 0.005640 0.001625 -0.000121 
2138 11.152140 0.000000 1.548835 19.448031 0.133973 0.200482 0.000049 
2139 11.339023 0.000000 1.548835 19.448214 0.133735 0.201025 0.000030 
2140 11.152140 0.000000 1.723119 19.448519 0.090443 0.151463 0.000070 
2141 11.058698 0.000000 1.287409 19.446819 0.203010 0.386470 -0.000177 
2142 11.058698 0.000000 1.200266 19.446336 0.243889 0.531656 -0.000528 
2143 11.152140 0.000000 1.287409 19.447021 0.200718 0.379966 -0.000182 
2144 11.058698 0.000000 1.374551 19.447296 0.186792 0.293243 -0.000042 
2145 11.525907 0.000000 1.200266 19.448923 0.228996 0.463246 -0.000595 
2146 11.525907 0.000000 1.025982 19.447197 0.162494 1.042935 -0.002657 
2147 11.525907 0.000000 1.374551 19.449259 0.163951 0.240054 -0.000147 
2148 11.245582 0.000000 1.287409 19.447235 0.200621 0.380337 -0.000204 
2149 11.245582 0.000000 1.200266 19.446870 0.241836 0.524890 -0.000561 
2150 11.339023 0.000000 1.287409 19.447474 0.200464 0.380702 -0.000230 
2151 11.245582 0.000000 1.374551 19.447573 0.186646 0.293947 -0.000071 
2152 11.525907 0.000000 1.548835 19.450296 0.127349 0.109047 -0.000105 
2153 11.712790 0.000000 1.548835 19.450780 0.115277 0.048220 -0.000121 
2154 11.525907 0.000000 1.723119 19.450931 0.056573 0.048609 -0.000110 
2155 11.619349 0.000000 1.287409 19.449837 0.189829 0.263658 -0.000262 
2156 11.525907 0.000000 1.287409 19.449089 0.182299 0.322287 -0.000269 
2157 11.619349 0.000000 1.200266 19.449665 0.229300 0.402369 -0.000533 
2158 11.712790 0.000000 1.287409 19.450294 0.166565 0.217125 -0.000228 
2159 11.619349 0.000000 1.374551 19.449983 0.177488 0.184891 -0.000172 
2160 11.432465 0.000000 1.287409 19.447683 0.200266 0.381022 -0.000252 
2161 11.432465 0.000000 1.200266 19.447417 0.241505 0.525563 -0.000619 
2162 11.432465 0.000000 1.374551 19.447906 0.186294 0.294575 -0.000106 
2163 11.525907 0.000000 0.851698 19.446910 -0.227779 1.370452 -0.004784 
2164 11.339023 0.000000 0.851698 19.446539 -0.230974 1.375560 -0.004787 
2165 11.525907 0.000000 0.677414 19.447069 -0.278272 1.109339 -0.003156 
2166 11.712790 0.000000 0.851698 19.449894 -0.245340 1.160545 -0.003709 
2167 11.619349 0.000000 1.113124 19.449495 0.219305 0.624490 -0.001106 
2168 11.525907 0.000000 1.113124 19.447390 0.232985 0.751133 -0.001367 
2169 11.619349 0.000000 1.025982 19.449267 0.147590 0.916622 -0.002203 
2170 11.712790 0.000000 1.113124 19.450041 0.203831 0.570707 -0.000975 
2171 11.572628 0.000000 1.243838 19.449027 0.233949 0.382441 -0.000431 
2172 11.525907 0.000000 1.243838 19.449004 0.234060 0.382351 -0.000429 
2173 11.572628 0.000000 1.200266 19.448946 0.228882 0.463352 -0.000598 
2174 11.619349 0.000000 1.243838 19.449751 0.238118 0.322403 -0.000399 
2175 11.572628 0.000000 1.287409 19.449115 0.182185 0.322383 -0.000272 
2176 12.460324 0.000000 3.117394 19.450004 -0.010834 0.009658 -0.000001 
2177 13.207857 0.000000 3.117394 19.448826 -0.011474 0.017120 0.000120 
2178 12.460324 0.000000 3.814531 19.448795 -0.009321 0.008767 0.000123 
2179 12.086557 0.000000 2.071688 19.449117 0.024500 0.047301 0.000083 
2180 12.460324 0.000000 2.071688 19.449238 0.024075 0.047480 0.000071 
2181 12.086557 0.000000 2.420257 19.449240 0.001869 0.026281 0.000076 
2182 11.899674 0.000000 1.548835 19.450645 0.114836 0.048315 -0.000107 
2183 12.086557 0.000000 1.548835 19.450318 0.107595 0.048390 -0.000069 
2184 11.899674 0.000000 1.723119 19.450552 0.067270 0.027138 -0.000071 
2185 11.806232 0.000000 1.287409 19.450492 0.177458 0.184277 -0.000224 
2186 11.806232 0.000000 1.200266 19.450404 0.217547 0.317332 -0.000433 
2187 11.899674 0.000000 1.287409 19.450428 0.177282 0.184366 -0.000217 
2188 11.806232 0.000000 1.374551 19.450579 0.164893 0.111652 -0.000164 
2189 11.899674 0.000000 0.851698 19.449924 -0.245851 1.160819 -0.003714 
2190 11.899674 0.000000 0.677414 19.449672 -0.278968 0.923661 -0.002427 
2191 12.086557 0.000000 0.851698 19.449924 -0.246210 1.161020 -0.003716 
2192 11.806232 0.000000 1.113124 19.450290 0.208703 0.534731 -0.000901 
2193 11.806232 0.000000 1.025982 19.450165 0.138725 0.823517 -0.001861 
2194 11.899674 0.000000 1.113124 19.450262 0.208529 0.534836 -0.000898 
2195 11.759511 0.000000 1.243838 19.450459 0.226188 0.240091 -0.000335 
2196 11.712790 0.000000 1.243838 19.450236 0.216449 0.273912 -0.000346 
2197 11.759511 0.000000 1.200266 19.450401 0.217740 0.317307 -0.000433 
2198 11.806232 0.000000 1.243838 19.450450 0.226000 0.240108 -0.000334 
2199 11.759511 0.000000 1.287409 19.450502 0.177643 0.184261 -0.000225 
2200 11.993115 0.000000 1.287409 19.450362 0.177112 0.184428 -0.000210 
2201 11.993115 0.000000 1.200266 19.450288 0.217203 0.317500 -0.000421 
2202 12.086557 0.000000 1.287409 19.450323 0.176938 0.184515 -0.000206 
2203 11.993115 0.000000 1.374551 19.450448 0.164548 0.111788 -0.000151 
2204 12.273440 0.000000 1.548835 19.449080 0.131498 0.103339 0.000021 
2205 12.460324 0.000000 1.548835 19.449046 0.136571 0.104026 0.000020 
2206 12.273440 0.000000 1.723119 19.448998 0.085586 0.079688 0.000067 
2207 12.179999 0.000000 1.287409 19.449890 0.196067 0.196440 -0.000192 
2208 12.179999 0.000000 1.200266 19.449855 0.240709 0.327462 -0.000422 
2209 12.273440 0.000000 1.287409 19.449181 0.210102 0.225191 -0.000167 
2210 12.179999 0.000000 1.374551 19.449920 0.179285 0.124481 -0.000118 
2211 12.366882 0.000000 1.287409 19.449067 0.202131 0.225154 -0.000146 
2212 12.366882 0.000000 1.200266 19.449162 0.245993 0.346449 -0.000391 
2213 12.460324 0.000000 1.287409 19.449089 0.202044 0.225176 -0.000148 
2214 12.366882 0.000000 1.374551 19.449065 0.189252 0.160664 -0.000067 
2215 12.273440 0.000000 0.851698 19.449664 -0.220831 1.146788 -0.003571 
2216 12.273440 0.000000 0.677414 19.449581 -0.260952 0.894804 -0.002253 
2217 12.460324 0.000000 0.851698 19.449137 -0.273692 1.118774 -0.003418 
2218 12.366882 0.000000 1.113124 19.449151 0.226875 0.548643 -0.000844 
2219 12.273440 0.000000 1.113124 19.449767 0.231211 0.542620 -0.000896 
2220 12.366882 0.000000 1.025982 19.449118 0.140702 0.820037 -0.001739 
2221 12.460324 0.000000 1.113124 19.449191 0.226742 0.548682 -0.000849 
2222 12.834090 0.000000 2.071688 19.449369 0.023749 0.047549 0.000057 
2223 13.207857 0.000000 2.071688 19.449612 0.016682 0.058982 0.000030 
2224 12.834090 0.000000 2.420257 19.449459 0.001040 0.023722 0.000054 
2225 12.647207 0.000000 1.548835 19.449170 0.136345 0.104069 0.000008 
2226 12.834090 0.000000 1.548835 19.449279 0.136155 0.104088 -0.000003 
2227 12.647207 0.000000 1.723119 19.449222 0.085136 0.079800 0.000044 
2228 12.553765 0.000000 1.287409 19.449161 0.201925 0.225205 -0.000156 
2229 12.553765 0.000000 1.200266 19.449144 0.237618 0.346341 -0.000378 
2230 12.647207 0.000000 1.287409 19.449109 0.207796 0.225977 -0.000157 
2231 12.553765 0.000000 1.374551 19.449062 0.194753 0.161437 -0.000073 
2232 12.413603 0.000000 1.243838 19.449066 0.249152 0.275493 -0.000269 
2233 12.366882 0.000000 1.243838 19.449256 0.264133 0.278506 -0.000313 
2234 12.413603 0.000000 1.200266 19.449275 0.252992 0.349436 -0.000417 
2235 12.460324 0.000000 1.243838 19.449081 0.249096 0.275510 -0.000270 
2236 12.413603 0.000000 1.287409 19.449065 0.202109 0.225161 -0.000146 
2237 12.647207 0.000000 0.851698 19.449240 -0.273929 1.118833 -0.003429 
2238 12.647207 0.000000 0.677414 19.449211 -0.294933 0.837040 -0.002001 
2239 12.834090 0.000000 0.851698 19.449254 -0.284041 1.118427 -0.003443 
2240 12.553765 0.000000 1.113124 19.449122 0.218116 0.548502 -0.000831 
2241 12.553765 0.000000 1.025982 19.449205 0.140474 0.820092 -0.001748 
2242 12.647207 0.000000 1.113124 19.449192 0.217988 0.548536 -0.000838 
2243 13.020974 0.000000 1.200266 19.449288 0.243413 0.347214 -0.000402 
2244 13.020974 0.000000 1.025982 19.449274 0.137945 0.820812 -0.001757 
2245 13.207857 0.000000 1.200266 19.449385 0.243226 0.347211 -0.000412 
2246 13.020974 0.000000 1.374551 19.449305 0.194292 0.161511 -0.000097 
2247 12.740649 0.000000 1.287409 19.449157 0.207694 0.225986 -0.000162 
2248 12.740649 0.000000 1.200266 19.449150 0.243663 0.347167 -0.000388 
2249 12.834090 0.000000 1.287409 19.449211 0.207601 0.226000 -0.000168 
2250 12.740649 0.000000 1.374551 19.449172 0.194529 0.161458 -0.000084 
2251 12.600486 0.000000 1.243838 19.449065 0.255050 0.276337 -0.000278 
2252 12.553765 0.000000 1.243838 19.449153 0.248974 0.275537 -0.000277 
2253 12.600486 0.000000 1.200266 19.449168 0.237552 0.346355 -0.000381 
2254 12.647207 0.000000 1.243838 19.449101 0.254987 0.276351 -0.000281 
2255 12.600486 0.000000 1.287409 19.449074 0.207868 0.225977 -0.000154 
2256 13.020974 0.000000 1.548835 19.449346 0.136004 0.104140 -0.000010 
2257 13.207857 0.000000 1.548835 19.449472 0.113433 0.126157 -0.000022 
2258 13.020974 0.000000 1.723119 19.449372 0.084816 0.079877 0.000029 
2259 12.927532 0.000000 1.287409 19.449258 0.207532 0.226002 -0.000173 
2260 12.927532 0.000000 1.200266 19.449249 0.243492 0.347179 -0.000398 
2261 13.020974 0.000000 1.287409 19.449294 0.207449 0.226036 -0.000176 
2262 12.927532 0.000000 1.374551 19.449270 0.194382 0.161477 -0.000094 
2263 -7.723080 0.000000 -7.339665 19.449858 -0.000243 0.000096 0.000015 
2264 -10.713214 0.000000 -7.339665 19.449964 -0.000155 0.000058 0.000004 
2265 -7.723080 0.000000 -10.128214 19.449893 -0.000185 0.000025 0.000011 
2266 10.217723 0.000000 -7.339665 19.450791 -0.000628 -0.000416 -0.000081 
2267 10.217723 0.000000 -10.128214 19.450319 -0.000590 -0.000639 -0.000033 
2268 13.207857 0.000000 -7.339665 19.450208 -0.000142 0.001674 -0.000021 
2269 -7.723080 0.000000 9.391630 19.449884 -0.000200 -0.000034 0.000012 
2270 -10.713214 0.000000 9.391630 19.449934 -0.000123 -0.000018 0.000007 
2271 -7.723080 0.000000 12.180179 19.449777 -0.000177 0.000008 0.000023 
2272 -3.237879 0.000000 -3.156842 19.448946 -0.000237 0.001924 0.000108 
2273 -4.732946 0.000000 -3.156842 19.449694 -0.000692 0.001135 0.000031 
2274 -3.237879 0.000000 -4.551116 19.448390 -0.000926 0.000778 0.000166 
2275 5.732522 0.000000 -3.156842 19.450328 0.001350 -0.011362 -0.000034 
2276 5.732522 0.000000 -4.551116 19.448848 -0.002850 -0.003433 0.000118 
2277 7.227589 0.000000 -3.156842 19.451875 -0.001151 -0.010011 -0.000193 
2278 -3.237879 0.000000 5.208806 19.448607 -0.000895 -0.000433 0.000143 
2279 -4.732946 0.000000 5.208806 19.449388 -0.000334 -0.000335 0.000063 
2280 -3.237879 0.000000 6.603080 19.449088 -0.000304 0.000121 0.000094 
2281 -0.995279 0.000000 -1.065430 19.451656 0.002306 0.046831 -0.000176 
2282 -1.742813 0.000000 -1.065430 19.455608 0.001512 0.016795 -0.000577 
2283 -0.995279 0.000000 -1.762567 19.423290 0.001265 0.021891 0.002743 
2284 5.732522 0.000000 5.208806 19.448377 -0.000738 0.002002 0.000167 
2285 5.732522 0.000000 6.603080 19.451055 -0.002010 0.001962 -0.000108 
2286 -0.995279 0.000000 3.117394 19.438653 -0.000829 0.000983 0.001166 
2287 -1.742813 0.000000 3.117394 19.443598 -0.000270 -0.001239 0.000658 
2288 -0.995279 0.000000 3.814531 19.444423 -0.001202 0.001640 0.000573 
2289 -0.621512 0.000000 -0.019724 19.581192 0.003417 0.002907 -0.013536 
2290 -0.995279 0.000000 -0.019724 19.517385 0.004049 0.001696 -0.006941 
2291 -0.621512 0.000000 -0.368292 19.564613 0.003040 0.040343 -0.011824 
2292 3.489922 0.000000 3.117394 19.452527 0.002045 0.007570 -0.000260 
2293 4.237455 0.000000 3.117394 19.450205 0.017567 0.014034 -0.000022 
2294 3.489922 0.000000 3.814531 19.450790 0.014851 0.008185 -0.000082 
2295 -0.621512 0.000000 2.071688 19.406698 0.000627 -0.004254 0.004448 
2296 -0.995279 0.000000 2.071688 19.424740 0.000925 -0.011392 0.002595 
2297 -0.621512 0.000000 2.420257 19.419973 0.000418 0.003391 0.003085 
2298 -0.060862 0.000000 1.548835 19.230001 0.002116 0.055136 0.022486 
2299 -0.247746 0.000000 1.548835 19.297180 0.003504 -0.004579 0.015652 
2300 -0.060862 0.000000 1.723119 19.310344 0.003870 0.068138 0.014297 
2301 0.780113 0.000000 0.590271 19.766822 0.015686 0.952776 -0.035244 
2302 0.780113 0.000000 0.503129 19.799953 0.007420 0.760801 -0.037839 
2303 0.873555 0.000000 0.590271 19.752408 0.021920 0.916818 -0.033561 
2304 0.219463 0.000000 1.287409 18.755448 0.001846 0.423633 0.069670 
2305 0.126021 0.000000 1.287409 18.836110 0.002294 0.189006 0.062034 
2306 0.219463 0.000000 1.374551 18.935822 0.002220 0.340886 0.051866 
2307 0.488108 0.000000 0.797234 19.498732 -0.012308 3.793104 -0.043050 
2308 0.488108 0.000000 0.786341 19.430327 -0.012136 3.998568 -0.040242 
2309 0.499788 0.000000 0.797234 19.354823 -0.012062 4.200945 -0.036888 
2310 0.476428 0.000000 0.917054 18.125853 0.006772 3.194516 0.104549 
2311 0.453067 0.000000 0.917054 18.093048 0.006979 3.362568 0.104776 
2312 0.476428 0.000000 0.938840 17.988642 0.005341 3.396718 0.114124 
2313 0.429707 0.000000 0.917054 18.109081 0.007232 3.521454 0.100351 
2314 0.406346 0.000000 0.917054 18.104091 0.006886 3.766239 0.096113 
2315 0.429707 0.000000 0.938840 17.772403 0.005658 4.189598 0.118665 
2316 0.464747 0.000000 0.819020 19.625726 -0.012717 3.385200 -0.048444 
2317 0.464747 0.000000 0.829912 19.560431 -0.012543 3.586055 -0.045381 
2318 0.418026 0.000000 0.819020 20.162548 -0.013810 1.860752 -0.083765 
2319 0.406346 0.000000 0.819020 20.328919 -0.013896 1.543220 -0.098715 
2320 0.418026 0.000000 0.829912 20.151541 -0.013948 1.823028 -0.082225 
2321 0.418026 0.000000 0.840805 18.563595 -0.034068 2.439641 0.073334 
2322 0.406346 0.000000 0.840805 18.355462 0.052719 3.100895 0.083957 
2323 0.429707 0.000000 0.840805 20.006710 -0.013945 2.161490 -0.070415 
2324 0.371306 0.000000 0.797234 20.935217 -0.013627 0.896176 -0.160676 
2325 0.371306 0.000000 0.786341 20.935217 -0.013627 0.896176 -0.160676 
2326 0.371306 0.000000 0.808127 20.935217 -0.013627 0.896176 -0.160676 
2327 0.382986 0.000000 0.917054 18.038943 0.005885 4.018795 0.097140 
2328 0.359625 0.000000 0.917054 17.981210 0.005437 4.400449 0.094143 
2329 0.382986 0.000000 0.938840 17.881415 0.005483 4.543914 0.100212 
2330 0.336265 0.000000 0.917054 17.997543 0.005897 4.707838 0.085189 
2331 0.312905 0.000000 0.917054 17.982558 0.006739 4.756274 0.085402 
2332 0.336265 0.000000 0.938840 17.450551 0.005320 5.100108 0.126274 
2333 0.394666 0.000000 0.819020 20.408577 -0.013884 1.383112 -0.106055 
2334 0.382986 0.000000 0.819020 20.645560 -0.013781 1.118014 -0.130020 
2335 0.394666 0.000000 0.829912 20.490023 -0.013871 1.234085 -0.113829 
2336 0.394666 0.000000 0.840805 18.355462 0.052719 3.100895 0.083957 
2337 0.382986 0.000000 0.840805 18.865023 0.054368 3.108477 0.033697 
2338 0.394666 0.000000 0.851698 18.541125 0.046257 3.116084 0.065601 
2339 0.347945 0.000000 0.840805 19.449813 -0.008845 5.841163 -0.090171 
2340 0.347945 0.000000 0.829912 19.999498 -0.015192 4.732534 -0.116506 
2341 0.359625 0.000000 0.840805 19.238827 -0.006448 5.698177 -0.064232 
2342 0.032580 0.000000 0.590271 20.065384 0.002049 -0.182426 -0.064368 
2343 -0.060862 0.000000 0.590271 19.879412 0.002136 -0.196639 -0.044745 
2344 0.032580 0.000000 0.503129 19.978852 0.002131 -0.076757 -0.055136 
2345 0.079300 0.000000 0.720985 20.340981 0.001589 -0.417072 -0.094176 
2346 0.032580 0.000000 0.720985 20.144033 0.001904 -0.473180 -0.073231 
2347 0.079300 0.000000 0.677414 20.276192 0.001893 -0.288783 -0.086980 
2348 0.231143 0.000000 0.797234 26.215033 -0.010247 1.603856 -0.823410 
2349 0.231143 0.000000 0.786341 27.935239 -0.009332 0.887545 -1.064923 
2350 0.242823 0.000000 0.873483 16.785663 0.004970 2.269572 0.241587 
2351 0.219463 0.000000 0.873483 17.044687 0.003677 0.616459 0.231035 
2352 0.242823 0.000000 0.895269 18.030940 0.005212 2.714306 0.121121 
2353 0.289544 0.000000 0.917054 18.077286 0.006837 4.543605 0.081601 
2354 0.266184 0.000000 0.917054 18.360305 0.005875 4.201071 0.062259 
2355 0.242823 0.000000 0.917054 18.788236 0.005082 3.556938 0.033446 
2356 0.254504 0.000000 0.819020 24.781819 -0.013061 3.371835 -0.653460 
2357 0.266184 0.000000 0.819020 23.874792 -0.013775 3.673971 -0.542427 
2358 0.254504 0.000000 0.829912 24.216186 -0.013827 4.040552 -0.593301 
2359 0.254504 0.000000 0.840805 22.914085 -0.012529 4.442618 -0.440097 
2360 0.242823 0.000000 0.840805 24.138941 -0.012648 3.652468 -0.575536 
2361 0.254504 0.000000 0.851698 21.094463 -0.009268 4.417623 -0.227832 
2362 0.231143 0.000000 0.840805 23.971896 -0.011563 2.962443 -0.542226 
2363 0.219463 0.000000 0.840805 24.417690 -0.011850 2.839833 -0.597368 
2364 0.231143 0.000000 0.851698 23.875853 -0.010574 2.878821 -0.528787 
2365 0.032580 0.000000 1.287409 18.950764 0.002295 0.019940 0.050675 
2366 -0.060862 0.000000 1.287409 19.078585 0.002409 -0.069825 0.037814 
2367 0.032580 0.000000 1.374551 19.054590 0.002258 0.070160 0.040233 
2368 0.149382 0.000000 0.873483 20.054360 -0.003402 -2.621576 -0.081278 
2369 0.126021 0.000000 0.873483 20.113713 -0.000957 -2.264969 -0.082973 
2370 0.172742 0.000000 0.873483 19.318027 0.002048 -1.623251 0.006559 
2371 0.196102 0.000000 0.873483 18.251814 0.002542 -1.354092 0.114565 
2372 0.184422 0.000000 0.819020 24.878719 -0.008332 -0.119108 -0.636164 
2373 0.172742 0.000000 0.819020 24.382791 -0.007951 -0.446059 -0.572074 
2374 0.184422 0.000000 0.829912 24.755102 -0.008725 0.163529 -0.619978 
2375 0.207783 0.000000 0.840805 24.532182 -0.011348 2.479144 -0.607111 
2376 0.196102 0.000000 0.840805 24.514843 -0.011132 2.295921 -0.602551 
2377 0.207783 0.000000 0.851698 24.160540 -0.010728 2.347776 -0.557600 
2378 0.184422 0.000000 0.840805 24.273011 -0.010789 1.990617 -0.567903 
2379 0.172742 0.000000 0.840805 23.164057 -0.010440 1.986319 -0.428801 
2380 0.184422 0.000000 0.851698 23.673924 -0.010526 1.890414 -0.490946 
2381 0.161062 0.000000 0.819020 23.541907 -0.006951 -0.983936 -0.467581 
2382 0.149382 0.000000 0.819020 23.504359 -0.005926 -2.688918 -0.479465 
2383 0.161062 0.000000 0.829912 22.985773 -0.006545 -1.667949 -0.403977 
2384 0.161062 0.000000 0.840805 21.244310 -0.002713 -4.098715 -0.237423 
2385 0.149382 0.000000 0.840805 21.298072 -0.001813 -3.139562 -0.225117 
2386 0.161062 0.000000 0.851698 20.403505 -0.003307 -3.677342 -0.136196 
2387 0.277864 0.000000 0.819020 22.858734 -0.014670 4.279455 -0.429638 
2388 0.277864 0.000000 0.808127 23.931316 -0.013421 3.120837 -0.539635 
2389 0.289544 0.000000 0.819020 22.183678 -0.014862 4.243257 -0.348447 
2390 0.301224 0.000000 0.819020 21.104014 -0.015346 4.907620 -0.240976 
2391 0.301224 0.000000 0.808127 22.118182 -0.014444 3.413584 -0.323985 
2392 0.312905 0.000000 0.819020 20.656367 -0.015436 4.843007 -0.189896 
2393 0.324585 0.000000 0.862591 19.240730 -0.006103 5.641924 -0.062740 
2394 0.324585 0.000000 0.873483 19.120787 -0.006114 5.529426 -0.047255 
2395 0.277864 0.000000 0.862591 19.926607 -0.009257 5.112861 -0.118711 
2396 0.266184 0.000000 0.862591 20.361972 -0.009261 4.651623 -0.153171 
2397 0.277864 0.000000 0.873483 19.249284 -0.005482 4.649271 -0.036606 
2398 0.172742 0.000000 1.069553 17.460593 -0.000482 0.233860 0.193960 
2399 0.126021 0.000000 1.069553 17.939765 0.001109 -0.221406 0.149135 
2400 0.172742 0.000000 1.113124 17.919271 0.004472 0.297228 0.150974 
2401 0.242823 0.000000 1.004197 15.159250 0.002954 2.833216 0.371323 
2402 0.219463 0.000000 1.004197 15.336030 0.002596 1.768130 0.370028 
2403 0.242823 0.000000 1.025982 15.958430 0.002546 2.022789 0.315989 
2404 0.079300 0.000000 1.069553 18.373689 0.001714 -0.416891 0.107153 
2405 0.032580 0.000000 1.069553 18.708681 0.005735 -0.441004 0.074261 
2406 0.079300 0.000000 1.113124 18.500940 0.005453 -0.198409 0.095105 
2407 0.359625 0.000000 1.156695 18.029958 0.003129 2.421945 0.125184 
2408 0.312905 0.000000 1.156695 18.123189 -0.005619 1.396512 0.126624 
2409 0.359625 0.000000 1.200266 18.502228 -0.004227 1.319108 0.090483 
2410 0.336265 0.000000 0.960626 17.086696 0.004960 5.320981 0.153408 
2411 0.359625 0.000000 0.960626 17.269598 0.004697 5.344301 0.136140 
2412 0.336265 0.000000 0.982411 16.953339 0.004764 5.146423 0.170237 
2413 0.382986 0.000000 0.960626 17.406967 0.004624 5.133495 0.129386 
2414 0.406346 0.000000 0.960626 17.474735 0.004628 4.935877 0.128398 
2415 0.336265 0.000000 1.004197 16.947393 0.004611 5.113680 0.171658 
2416 0.336265 0.000000 1.025982 16.765607 0.004198 4.756691 0.197172 
2417 0.429707 0.000000 0.960626 17.540752 0.004953 4.711797 0.128002 
2418 0.453067 0.000000 0.960626 17.648601 0.005232 4.299901 0.127782 
2419 0.476428 0.000000 0.960626 17.712138 0.005820 3.918009 0.130139 
2420 0.499788 0.000000 0.960626 17.701207 0.005464 3.565944 0.138127 
2421 0.476428 0.000000 0.982411 17.756643 0.006089 4.191463 0.120104 
2422 0.476428 0.000000 1.004197 17.919054 0.006368 4.321906 0.101853 
2423 0.499788 0.000000 1.004197 17.965269 0.007271 4.068079 0.103098 
2424 0.382986 0.000000 1.047768 17.394379 0.004204 4.643905 0.143198 
2425 0.359625 0.000000 1.047768 17.161939 0.004290 4.415255 0.169906 
2426 0.382986 0.000000 1.069553 17.651538 0.004656 3.862211 0.136951 
2427 0.639950 0.000000 1.156695 19.374394 0.008451 1.971274 -0.002513 
2428 0.523148 0.000000 0.960626 17.830814 0.005494 3.236805 0.131872 
2429 0.546509 0.000000 0.960626 17.989243 0.005190 3.012710 0.120573 
2430 0.523148 0.000000 0.982411 17.974972 0.006888 3.554212 0.112530 
2431 0.523148 0.000000 1.004197 18.045291 0.008039 3.733134 0.102388 
2432 0.546509 0.000000 1.004197 18.125090 0.007664 3.460751 0.099938 
2433 1.434205 0.000000 1.548835 19.522423 -0.023792 0.318495 -0.007731 
2434 1.434205 0.000000 1.723119 19.483439 -0.017336 0.215093 -0.003565 
2435 0.826834 0.000000 1.156695 19.592599 0.010250 1.732685 -0.022653 
2436 0.826834 0.000000 0.982411 19.158573 0.000125 1.531844 0.023539 
2437 0.780113 0.000000 0.982411 19.031505 0.002605 1.706549 0.034872 
2438 0.873555 0.000000 0.982411 19.378951 -0.002258 1.455174 0.001695 
2439 0.733392 0.000000 0.982411 18.897733 0.002780 1.876396 0.046675 
2440 1.013717 0.000000 1.156695 19.669106 0.005881 1.579740 -0.029254 
2441 1.060438 0.000000 1.156695 19.664354 0.007137 1.556661 -0.028569 
2442 1.013717 0.000000 0.982411 19.605297 -0.009182 1.267286 -0.020278 
2443 0.966996 0.000000 0.982411 19.479186 -0.004691 1.330044 -0.007680 
2444 1.060438 0.000000 0.982411 19.653554 -0.010173 1.277482 -0.025355 
2445 0.920276 0.000000 0.982411 19.434877 -0.003502 1.441745 -0.003940 
2446 1.340763 0.000000 1.113124 19.433334 -0.017471 1.508461 -0.004303 
2447 1.434205 0.000000 1.113124 19.370093 -0.019226 1.300908 0.003725 
2448 1.340763 0.000000 1.200266 19.478454 -0.008189 1.465584 -0.008606 
2449 1.527646 0.000000 1.113124 19.335672 -0.023555 1.228009 0.007734 
2450 1.527646 0.000000 1.200266 19.450688 -0.008706 1.182532 -0.003767 
2451 1.527646 0.000000 1.287409 19.535950 0.008105 0.950156 -0.011244 
2452 1.434205 0.000000 1.287409 19.569296 0.006251 1.078924 -0.015382 
2453 1.527646 0.000000 1.374551 19.656886 0.031658 0.658695 -0.022536 
2454 1.340763 0.000000 1.287409 19.531714 -0.000301 1.283885 -0.012777 
2455 1.340763 0.000000 1.374551 19.619981 0.015078 1.005394 -0.020228 
2456 6.480056 0.000000 3.117394 19.451388 0.000045 0.011659 -0.000143 
2457 5.732522 0.000000 3.117394 19.450302 0.001393 0.011951 -0.000031 
2458 6.480056 0.000000 3.814531 19.452223 -0.002658 0.008188 -0.000229 
2459 4.984989 0.000000 3.117394 19.449212 0.002431 0.010988 0.000081 
2460 4.984989 0.000000 3.814531 19.450655 0.008013 0.006322 -0.000068 
2461 3.116155 0.000000 2.071688 19.465059 0.004973 0.102608 -0.001577 
2462 3.489922 0.000000 2.071688 19.455290 0.010529 0.096673 -0.000569 
2463 3.116155 0.000000 2.420257 19.456339 0.001100 0.023398 -0.000653 
2464 2.555505 0.000000 1.548835 19.465343 -0.077315 0.275347 -0.001795 
2465 2.742388 0.000000 1.548835 19.502302 -0.056610 0.251480 -0.005561 
2466 2.555505 0.000000 1.723119 19.459767 -0.048606 0.218652 -0.001137 
2467 1.901413 0.000000 1.113124 19.166367 0.019075 -0.983360 0.026396 
2468 1.901413 0.000000 1.200266 19.427995 0.013917 -1.054565 -0.000679 
2469 1.901413 0.000000 1.287409 19.688764 0.044104 -0.673061 -0.025905 
2470 1.901413 0.000000 1.374551 19.776139 0.053272 -0.334914 -0.034121 
2471 8.722656 0.000000 -3.156842 19.451486 -0.000105 -0.006610 -0.000153 
2472 8.722656 0.000000 -4.551116 19.448768 -0.005016 -0.004252 0.000127 
2473 10.217723 0.000000 -3.156842 19.451249 -0.015423 -0.005627 -0.000129 
2474 11.712790 0.000000 -3.156842 19.449677 -0.009662 -0.007252 0.000033 
2475 11.712790 0.000000 -4.551116 19.448635 -0.005752 -0.006438 0.000140 
2476 13.207857 0.000000 -3.156842 19.448826 -0.011445 -0.016412 0.000120 
2477 4.984989 0.000000 -1.065430 19.476759 0.171556 -0.427173 -0.003314 
2478 4.984989 0.000000 -1.762567 19.461020 0.004838 -0.178992 -0.001218 
2479 5.732522 0.000000 -1.065430 19.488172 0.158743 -0.408044 -0.004436 
2480 6.480056 0.000000 -1.065430 19.471707 0.066946 -0.440652 -0.002758 
2481 6.480056 0.000000 -1.762567 19.468981 0.038139 -0.183873 -0.002046 
2482 7.227589 0.000000 -1.065430 19.444441 0.002751 -0.526676 -0.000162 
2483 2.929272 0.000000 1.548835 19.514540 -0.016930 0.209406 -0.006764 
2484 3.116155 0.000000 1.548835 19.501545 0.019899 0.175078 -0.005389 
2485 2.929272 0.000000 1.723119 19.485537 -0.033242 0.182924 -0.003749 
2486 2.648947 0.000000 1.113124 19.573855 -0.028501 0.398723 -0.013199 
2487 2.742388 0.000000 1.113124 19.600445 0.057759 0.401886 -0.015966 
2488 2.648947 0.000000 1.200266 19.559244 -0.104728 0.398305 -0.011713 
2489 2.462063 0.000000 1.287409 19.426299 -0.178395 0.414734 0.001897 
2490 2.555505 0.000000 1.287409 19.486264 -0.166295 0.405403 -0.004240 
2491 2.462063 0.000000 1.374551 19.432678 -0.119294 0.355826 0.001408 
2492 2.321901 0.000000 1.069553 19.285251 0.006721 -0.234683 0.016723 
2493 2.321901 0.000000 1.025982 19.285251 0.006721 -0.234683 0.016723 
2494 2.368622 0.000000 1.069553 19.285251 0.006721 -0.234683 0.016723 
2495 0.453067 0.000000 1.243838 18.901852 -0.004566 1.283636 0.051215 
2496 0.406346 0.000000 1.243838 18.787006 -0.002632 1.177858 0.063345 
2497 0.453067 0.000000 1.287409 18.956201 -0.001587 1.039397 0.047276 
2498 2.321901 0.000000 0.982411 19.443907 0.094458 0.329994 0.000315 
2499 2.275180 0.000000 0.982411 19.467437 0.112869 0.319453 -0.002097 
2500 2.368622 0.000000 0.982411 19.441464 0.071038 0.323553 0.000587 
2501 2.228459 0.000000 0.982411 19.505824 0.137359 0.283316 -0.006011 
2502 2.181738 0.000000 0.982411 19.879770 0.118562 -0.614853 -0.045717 
2503 2.251820 0.000000 1.091339 19.218083 0.031954 -0.828900 0.021886 
2504 2.251820 0.000000 1.069553 19.269691 0.029784 -0.846119 0.016560 
2505 2.275180 0.000000 1.091339 19.359369 0.020834 -0.296963 0.009063 
2506 2.135017 0.000000 0.982411 19.726907 0.118438 -0.615601 -0.029715 
2507 2.088297 0.000000 0.982411 19.556114 0.113776 -0.819789 -0.012752 
2508 2.041576 0.000000 0.982411 19.404602 0.093731 -0.654618 0.003507 
2509 1.994855 0.000000 0.982411 19.316937 0.084800 -0.577533 0.012735 
2510 2.041576 0.000000 1.025982 19.287678 0.076118 -1.117852 0.013303 
2511 0.569869 0.000000 0.917054 18.484301 0.007825 2.360582 0.082105 
2512 0.593230 0.000000 0.917054 18.619495 0.006886 2.122199 0.071670 
2513 0.569869 0.000000 0.938840 18.352207 0.004187 2.566712 0.092283 
2514 0.534829 0.000000 0.819020 19.352600 -0.279444 2.517770 -0.006973 
2515 0.534829 0.000000 0.808127 19.484983 0.047976 2.473731 -0.019782 
2516 0.534829 0.000000 0.829912 19.232906 -0.038551 2.488412 0.005826 
2517 0.511468 0.000000 0.797234 19.198893 -0.012053 4.648615 -0.031469 
2518 0.511468 0.000000 0.786341 19.907006 0.021936 2.624638 -0.065756 
2519 0.523148 0.000000 0.797234 19.661014 0.027957 2.559952 -0.039141 
2520 0.733392 0.000000 0.720985 19.634449 0.022284 1.282297 -0.023404 
2521 0.733392 0.000000 0.677414 19.701653 0.018417 1.176066 -0.029701 
2522 0.780113 0.000000 0.720985 19.639156 0.025651 1.194651 -0.023319 
2523 0.826834 0.000000 0.720985 19.657451 0.029936 1.145515 -0.024916 
2524 0.826834 0.000000 0.677414 19.699366 0.025055 1.084218 -0.028915 
2525 0.873555 0.000000 0.720985 19.683497 0.034351 1.105586 -0.027388 
2526 0.663311 0.000000 0.786341 19.490012 0.025987 1.603565 -0.010918 
2527 0.663311 0.000000 0.764556 19.562324 0.022627 1.555348 -0.017979 
2528 0.686671 0.000000 0.786341 19.487489 0.027388 1.525635 -0.010013 
2529 0.581549 0.000000 0.819020 19.354894 0.129954 2.079548 -0.001720 
2530 0.581549 0.000000 0.808127 19.429799 0.036248 2.053025 -0.009069 
2531 0.581549 0.000000 0.829912 19.280516 -0.055827 2.079965 0.005907 
2532 0.663311 0.000000 0.873483 19.145701 -0.004894 1.587483 0.024384 
2533 0.686671 0.000000 0.873483 19.186306 -0.002746 1.494916 0.021024 
2534 0.663311 0.000000 0.895269 18.796087 0.007706 1.727930 0.058217 
2535 0.616590 0.000000 0.917054 18.664348 0.005683 2.023646 0.068330 
2536 0.639950 0.000000 0.917054 18.735827 0.007062 1.871581 0.062829 
2537 0.616590 0.000000 0.938840 18.562576 0.003786 2.208037 0.076282 
2538 0.710032 0.000000 0.829912 19.362813 0.437886 1.535962 0.002202 
2539 0.710032 0.000000 0.808127 19.430191 0.035947 1.483619 -0.003786 
2540 0.710032 0.000000 0.851698 19.300657 -0.012616 1.441587 0.009804 
2541 0.966996 0.000000 0.590271 19.754510 0.030508 0.903324 -0.033717 
2542 0.966996 0.000000 0.503129 19.749578 0.035430 0.752878 -0.032544 
2543 1.060438 0.000000 0.590271 19.741696 0.039294 0.919584 -0.032459 
2544 0.920276 0.000000 0.720985 19.711570 0.039056 1.074495 -0.030133 
2545 0.920276 0.000000 0.677414 19.730976 0.034059 1.027365 -0.031894 
2546 0.966996 0.000000 0.720985 19.736441 0.044873 1.063094 -0.032664 
2547 1.013717 0.000000 0.720985 19.751543 0.050436 1.053061 -0.034185 
2548 1.013717 0.000000 0.677414 19.753133 0.044644 1.012734 -0.034130 
2549 1.060438 0.000000 0.720985 19.750391 0.056103 1.050914 -0.034055 
2550 0.710032 0.000000 0.873483 19.229344 -0.000679 1.396361 0.017407 
2551 0.733392 0.000000 0.873483 19.270368 0.001709 1.323097 0.013758 
2552 0.710032 0.000000 0.895269 18.965911 0.004241 1.535711 0.042924 
2553 0.756753 0.000000 0.873483 19.315194 0.004054 1.224697 0.009849 
2554 0.756753 0.000000 0.895269 19.051729 0.002090 1.404070 0.035323 
2555 0.850194 0.000000 0.873483 19.484542 0.015405 1.067096 -0.006566 
2556 0.873555 0.000000 0.873483 19.526648 0.018438 1.034646 -0.010728 
2557 0.850194 0.000000 0.895269 19.449114 0.033522 1.033030 -0.002733 
2558 4.611222 0.000000 -0.019724 19.429976 -0.063423 -0.022137 0.002046 
2559 4.611222 0.000000 -0.368292 19.432850 -0.034166 -0.501637 0.001094 
2560 4.984989 0.000000 -0.019724 19.459965 -0.071459 -0.023070 -0.001040 
2561 5.358756 0.000000 -0.019724 19.463507 -0.124791 -0.020991 -0.001432 
2562 5.358756 0.000000 -0.368292 19.498524 -0.079293 -0.539948 -0.005783 
2563 5.732522 0.000000 -0.019724 19.477821 -0.107935 -0.028417 -0.002896 
2564 7.975123 0.000000 -1.065430 19.419613 -0.023405 -0.604408 0.002155 
2565 7.975123 0.000000 -1.762567 19.454158 0.021939 -0.147648 -0.000486 
2566 8.722656 0.000000 -1.065430 19.433725 -0.014512 -0.670992 0.000482 
2567 9.470190 0.000000 -1.065430 19.452473 -0.023435 -0.722974 -0.001637 
2568 9.470190 0.000000 -1.762567 19.459883 0.057162 -0.130948 -0.001071 
2569 10.217723 0.000000 -1.065430 19.458861 0.186564 -0.802607 -0.002706 
2570 6.106289 0.000000 -0.019724 19.480510 -0.091835 -0.029526 -0.003164 
2571 6.106289 0.000000 -0.368292 19.493261 -0.072753 -0.588894 -0.005384 
2572 6.480056 0.000000 -0.019724 19.466709 -0.069732 -0.036217 -0.001735 
2573 6.853823 0.000000 -0.019724 19.444200 -0.044861 -0.033455 0.000588 
2574 6.853823 0.000000 -0.368292 19.446916 -0.013561 -0.654997 -0.000818 
2575 7.227589 0.000000 -0.019724 19.440031 -0.029333 -0.032984 0.001020 
2576 6.853823 0.000000 2.071688 19.459793 -0.019812 0.093553 -0.001031 
2577 6.480056 0.000000 2.071688 19.459976 -0.020308 0.097684 -0.001052 
2578 6.853823 0.000000 2.420257 19.460268 0.004842 0.030999 -0.001059 
2579 6.106289 0.000000 2.071688 19.458563 -0.020211 0.101222 -0.000909 
2580 5.732522 0.000000 2.071688 19.456535 -0.019448 0.103233 -0.000701 
2581 6.106289 0.000000 2.420257 19.457152 0.003026 0.037344 -0.000739 
2582 5.498918 0.000000 0.982411 19.487511 0.136695 0.567606 -0.004762 
2583 5.498918 0.000000 0.938840 19.488430 0.154585 0.699901 -0.005314 
2584 5.498918 0.000000 1.025982 19.488581 0.183887 0.463245 -0.004628 
2585 7.601356 0.000000 -0.019724 19.438802 -0.014342 -0.029018 0.001148 
2586 7.601356 0.000000 -0.368292 19.429205 -0.003237 -0.638811 0.001058 
2587 7.975123 0.000000 -0.019724 19.430125 0.007465 -0.025423 0.002041 
2588 8.348890 0.000000 -0.019724 19.423636 0.002333 -0.030368 0.002707 
2589 8.348890 0.000000 -0.368292 19.411294 -0.004361 -0.589125 0.003059 
2590 8.722656 0.000000 -0.019724 19.414477 -0.006877 -0.025060 0.003648 
2591 6.199731 0.000000 1.113124 19.480178 0.096828 0.371175 -0.003495 
2592 6.199731 0.000000 1.200266 19.481108 0.064694 0.351698 -0.003539 
2593 7.414473 0.000000 1.548835 19.457743 0.010600 0.219475 -0.000924 
2594 7.227589 0.000000 1.548835 19.461189 0.009201 0.220632 -0.001280 
2595 7.414473 0.000000 1.723119 19.462143 0.017202 0.163243 -0.001320 
2596 6.713660 0.000000 1.069553 19.467991 0.037558 0.455715 -0.002403 
2597 6.713660 0.000000 1.025982 19.462623 0.014513 0.546667 -0.002089 
2598 6.713660 0.000000 1.113124 19.471400 0.049276 0.402768 -0.002637 
2599 7.180868 0.000000 1.069553 19.447751 0.004703 0.512937 -0.000464 
2600 7.180868 0.000000 1.025982 19.445828 0.009765 0.586103 -0.000479 
2601 7.180868 0.000000 1.113124 19.451926 0.011583 0.434670 -0.000698 
2602 7.507914 0.000000 0.938840 19.421995 -0.019357 0.764331 0.001332 
2603 7.507914 0.000000 0.851698 19.418750 -0.031680 0.871403 0.001201 
2604 7.601356 0.000000 0.938840 19.418399 -0.020573 0.769341 0.001681 
2605 7.694798 0.000000 1.287409 19.440520 0.013953 0.312709 0.000716 
2606 7.601356 0.000000 1.287409 19.442980 0.012453 0.308806 0.000469 
2607 7.694798 0.000000 1.374551 19.442973 -0.023978 0.274460 0.000522 
2608 10.965257 0.000000 -1.065430 19.446835 0.165704 -0.828969 -0.001564 
2609 10.965257 0.000000 -1.762567 19.448526 0.082247 -0.142470 0.000080 
2610 11.712790 0.000000 -1.065430 19.449962 0.179395 -0.724264 -0.001468 
2611 12.460324 0.000000 -1.065430 19.449178 0.192127 -0.692438 -0.001280 
2612 12.460324 0.000000 -1.762567 19.449113 0.075652 -0.075513 0.000061 
2613 13.207857 0.000000 -1.065430 19.449365 0.189359 -0.693169 -0.001300 
2614 9.096423 0.000000 -0.019724 19.405276 -0.008214 -0.024178 0.004592 
2615 9.096423 0.000000 -0.368292 19.400124 -0.036913 -0.546613 0.004329 
2616 9.470190 0.000000 -0.019724 19.405225 -0.038463 -0.047685 0.004589 
2617 9.843957 0.000000 -0.019724 19.406628 -0.048866 -0.049873 0.004442 
2618 9.843957 0.000000 -0.368292 19.399078 -0.071298 -0.513679 0.004518 
2619 10.217723 0.000000 -0.019724 19.420774 -0.079152 -0.021551 0.002985 
2620 7.694798 0.000000 0.938840 19.415501 -0.021844 0.774809 0.001956 
2621 7.694798 0.000000 0.851698 19.411377 -0.035076 0.876650 0.001933 
2622 7.788239 0.000000 0.938840 19.413095 -0.023197 0.780640 0.002179 
2623 8.115285 0.000000 1.156695 19.428318 0.003537 0.475317 0.001631 
2624 8.115285 0.000000 1.113124 19.424093 -0.006067 0.540337 0.001890 
2625 8.115285 0.000000 1.200266 19.431388 0.023908 0.409953 0.001467 
2626 8.816098 0.000000 1.113124 19.439072 0.010137 0.597845 0.000178 
2627 8.816098 0.000000 1.025982 19.432100 -0.025577 0.744840 0.000372 
2628 10.591490 0.000000 -0.019724 19.425840 -0.033546 -0.017532 0.002479 
2629 10.591490 0.000000 -0.368292 19.428619 -0.115621 -0.498310 0.001506 
2630 10.965257 0.000000 -0.019724 19.437244 -0.040701 -0.013890 0.001306 
2631 11.339023 0.000000 -0.019724 19.447795 -0.008941 -0.046544 0.000221 
2632 11.339023 0.000000 -0.368292 19.445102 -0.061772 -0.524193 -0.000233 
2633 11.712790 0.000000 -0.019724 19.449354 0.019537 -0.018024 0.000065 
2634 9.330027 0.000000 1.243838 19.447325 0.012164 0.435976 -0.000228 
2635 9.330027 0.000000 1.200266 19.441370 0.036624 0.495691 0.000234 
2636 9.330027 0.000000 1.287409 19.450476 0.026116 0.390009 -0.000453 
2637 10.498048 0.000000 1.113124 19.448379 0.222412 0.688086 -0.001216 
2638 10.498048 0.000000 1.025982 19.445417 0.128044 0.959684 -0.002007 
2639 10.871815 0.000000 1.113124 19.445422 0.227358 0.693474 -0.000937 
2640 10.871815 0.000000 1.025982 19.445153 0.140961 0.980200 -0.002094 
2641 10.965257 0.000000 1.113124 19.446729 0.195740 0.694102 -0.001038 
2642 12.086557 0.000000 -0.019724 19.449848 0.005167 -0.016806 0.000015 
2643 12.086557 0.000000 -0.368292 19.449396 -0.041208 -0.415355 -0.000398 
2644 12.460324 0.000000 -0.019724 19.448996 0.044522 -0.014205 0.000097 
2645 12.834090 0.000000 -0.019724 19.449249 0.044071 -0.014207 0.000072 
2646 12.834090 0.000000 -0.368292 19.449279 -0.018891 -0.327020 -0.000210 
2647 13.207857 0.000000 -0.019724 19.449319 0.037696 -0.014970 0.000066 
2648 11.152140 0.000000 0.851698 19.445138 -0.247722 1.375308 -0.004662 
2649 11.152140 0.000000 0.677414 19.443649 -0.286889 1.075313 -0.002621 
2650 11.058698 0.000000 1.113124 19.446003 0.233870 0.758882 -0.001256 
2651 11.058698 0.000000 1.025982 19.445220 0.143094 1.042005 -0.002433 
2652 11.152140 0.000000 1.113124 19.446148 0.234861 0.757920 -0.001268 
2653 11.245582 0.000000 1.113124 19.446447 0.233567 0.750130 -0.001266 
2654 11.245582 0.000000 1.025982 19.446252 0.162238 1.043371 -0.002562 
2655 11.339023 0.000000 1.113124 19.446803 0.233389 0.750509 -0.001304 
2656 11.993115 0.000000 1.113124 19.450211 0.208351 0.534914 -0.000893 
2657 11.993115 0.000000 1.025982 19.450126 0.138360 0.823717 -0.001857 
2658 12.086557 0.000000 1.113124 19.450170 0.208182 0.534995 -0.000889 
2659 12.179999 0.000000 1.113124 19.449816 0.236323 0.540039 -0.000900 
2660 12.179999 0.000000 1.025982 19.450089 0.138007 0.823896 -0.001854 
2661 13.020974 0.000000 0.851698 19.449251 -0.276489 1.119450 -0.003438 
2662 13.020974 0.000000 0.677414 19.449247 -0.297668 0.837503 -0.002011 
2663 13.207857 0.000000 0.851698 19.449357 -0.276689 1.119440 -0.003449 
2664 12.740649 0.000000 1.113124 19.449139 0.224447 0.549388 -0.000842 
2665 12.740649 0.000000 1.025982 19.449223 0.131276 0.819870 -0.001742 
2666 12.834090 0.000000 1.113124 19.449186 0.224357 0.549398 -0.000847 
2667 0.896915 0.000000 0.829912 19.611682 0.086829 1.128928 -0.020083 
2668 0.896915 0.000000 0.808127 19.632180 0.052904 1.140819 -0.022269 
2669 0.896915 0.000000 0.851698 19.590151 -0.000036 1.081263 -0.017554 
2670 1.153880 0.000000 0.590271 19.691690 0.047184 0.929063 -0.027294 
2671 1.153880 0.000000 0.503129 19.676316 0.050886 0.778597 -0.025016 
2672 1.247321 0.000000 0.590271 19.617941 0.054331 0.927592 -0.019626 
2673 1.107159 0.000000 0.720985 19.731461 0.061023 1.057656 -0.032118 
2674 1.107159 0.000000 0.677414 19.727883 0.054504 1.017080 -0.031520 
2675 1.153880 0.000000 0.720985 19.698396 0.065621 1.062179 -0.028699 
2676 1.200601 0.000000 0.720985 19.653936 0.069703 1.066563 -0.024100 
2677 1.200601 0.000000 0.677414 19.653513 0.062677 1.025943 -0.023829 
2678 1.247321 0.000000 0.720985 19.603739 0.073323 1.054183 -0.018823 
2679 0.896915 0.000000 0.873483 19.566937 0.021227 1.006572 -0.014740 
2680 0.920276 0.000000 0.873483 19.605311 0.024096 0.976371 -0.018555 
2681 0.896915 0.000000 0.895269 19.540036 0.039061 0.961866 -0.011729 
2682 0.943636 0.000000 0.873483 19.639071 0.026825 0.957684 -0.021963 
2683 0.966996 0.000000 0.873483 19.668736 0.029413 0.946177 -0.024987 
2684 0.943636 0.000000 0.895269 19.619531 0.044221 0.901258 -0.019661 
2685 1.107159 0.000000 0.982411 19.558199 -0.016682 1.227351 -0.015140 
2686 1.153880 0.000000 0.982411 19.537345 -0.018135 1.252850 -0.013152 
2687 1.107159 0.000000 1.025982 19.584395 -0.007374 1.463669 -0.019530 
2688 1.340763 0.000000 0.590271 19.546848 0.059751 0.914359 -0.012203 
2689 1.340763 0.000000 0.503129 19.562136 0.063824 0.781939 -0.013191 
2690 1.434205 0.000000 0.590271 19.487397 0.065007 0.886554 -0.005938 
2691 1.294042 0.000000 0.720985 19.555607 0.076861 1.047074 -0.013803 
2692 1.294042 0.000000 0.677414 19.566284 0.069569 1.021043 -0.014762 
2693 1.340763 0.000000 0.720985 19.511240 0.079290 1.036316 -0.009163 
2694 1.387484 0.000000 0.808127 19.433276 0.097502 0.998466 -0.000942 
2695 1.387484 0.000000 0.764556 19.453285 0.088487 1.019876 -0.003108 
2696 1.434205 0.000000 0.808127 19.395894 0.099732 0.973712 0.003023 
2697 1.480926 0.000000 0.808127 19.365394 0.102096 0.945948 0.006288 
2698 1.480926 0.000000 0.764556 19.389972 0.093408 0.971988 0.003643 
2699 1.527646 0.000000 0.808127 19.342524 0.104943 0.916265 0.008773 
2700 1.948134 0.000000 0.982411 19.150452 0.063140 -0.497544 0.029900 
2701 1.901413 0.000000 0.982411 19.034894 0.064449 -0.283184 0.042006 
2702 1.948134 0.000000 1.025982 19.034037 0.061722 -0.403088 0.041876 
2703 1.854692 0.000000 0.982411 19.022536 0.064921 -0.204039 0.043351 
2704 1.807972 0.000000 0.982411 18.899447 0.021649 0.129725 0.055765 
2705 1.854692 0.000000 1.025982 18.996277 0.062946 -0.290376 0.045878 
2706 2.415343 0.000000 0.982411 19.454617 0.055052 0.314932 -0.000745 
2707 2.462063 0.000000 0.982411 19.476072 0.048514 0.309165 -0.002942 
2708 2.415343 0.000000 1.025982 19.443960 -0.002372 0.371586 0.000256 
2709 2.835830 0.000000 1.113124 19.598546 0.148966 0.419071 -0.015856 
2710 2.929272 0.000000 1.113124 19.573613 0.226439 0.444191 -0.013408 
2711 2.835830 0.000000 1.200266 19.602760 0.063942 0.359248 -0.016122 
2712 3.022713 0.000000 1.113124 19.536516 0.279632 0.468867 -0.009704 
2713 3.022713 0.000000 1.200266 19.549304 0.219016 0.358653 -0.010704 
2714 4.050572 0.000000 0.503129 19.400766 -0.003633 0.746972 0.003581 
2715 4.050572 0.000000 0.328845 19.406256 -0.007646 0.442885 0.003974 
2716 4.237455 0.000000 0.503129 19.406836 -0.001454 0.740398 0.002984 
2717 3.162876 0.000000 0.982411 19.467802 0.182667 0.524316 -0.002646 
2718 3.116155 0.000000 0.982411 19.477670 0.184054 0.518709 -0.003648 
2719 3.162876 0.000000 1.025982 19.470838 0.253815 0.547370 -0.003106 
2720 3.770247 0.000000 0.764556 19.410144 -0.079485 0.944595 0.001719 
2721 3.770247 0.000000 0.677414 19.398896 -0.111366 0.977885 0.002687 
2722 3.863689 0.000000 0.764556 19.410955 -0.060059 0.957941 0.001576 
2723 3.770247 0.000000 1.113124 19.417256 0.172924 0.460380 0.002725 
2724 3.863689 0.000000 1.113124 19.424816 0.166700 0.452004 0.001974 
2725 3.770247 0.000000 1.200266 19.408916 0.174536 0.400382 0.003716 
2726 3.630084 0.000000 0.982411 19.425772 0.137408 0.471708 0.001852 
2727 3.676805 0.000000 0.982411 19.428408 0.134907 0.466196 0.001596 
2728 3.630084 0.000000 1.025982 19.420904 0.173426 0.482440 0.002295 
2729 3.957130 0.000000 0.764556 19.412533 -0.040405 0.973767 0.001338 
2730 3.957130 0.000000 0.677414 19.401127 -0.068716 0.991515 0.002408 
2731 4.050572 0.000000 0.764556 19.414941 -0.020600 0.989635 0.001012 
2732 4.144014 0.000000 0.764556 19.417172 -0.000508 1.004983 0.000703 
2733 4.144014 0.000000 0.677414 19.406833 -0.032287 1.007047 0.001750 
2734 4.237455 0.000000 0.764556 19.419503 0.019973 1.018028 0.000393 
2735 3.957130 0.000000 1.113124 19.433474 0.154381 0.440354 0.001123 
2736 4.050572 0.000000 1.113124 19.442049 0.144480 0.431045 0.000271 
2737 3.957130 0.000000 1.200266 19.425627 0.139336 0.390197 0.002051 
2738 4.144014 0.000000 1.113124 19.449901 0.136876 0.423344 -0.000513 
2739 4.237455 0.000000 1.113124 19.456433 0.131622 0.417877 -0.001169 
2740 4.144014 0.000000 1.200266 19.443917 0.123824 0.384359 0.000194 
2741 4.424339 0.000000 0.503129 19.417753 -0.003151 0.738533 0.001871 
2742 4.424339 0.000000 0.328845 19.418726 -0.027571 0.434860 0.002711 
2743 4.611222 0.000000 0.503129 19.434359 -0.008859 0.740197 0.000159 
2744 4.330897 0.000000 0.764556 19.422718 0.040428 1.030661 -0.000009 
2745 4.330897 0.000000 0.677414 19.413602 0.024037 1.011842 0.001031 
2746 4.424339 0.000000 0.764556 19.426741 0.034346 1.028554 -0.000409 
2747 4.517780 0.000000 0.764556 19.432299 0.052338 1.036865 -0.001030 
2748 4.517780 0.000000 0.677414 19.426412 0.022740 1.004362 -0.000244 
2749 4.611222 0.000000 0.764556 19.439091 0.067684 1.044120 -0.001772 
2750 4.330897 0.000000 1.113124 19.461569 0.128361 0.413037 -0.001684 
2751 4.424339 0.000000 1.113124 19.465343 0.126919 0.410895 -0.002067 
2752 4.330897 0.000000 1.200266 19.459047 0.092939 0.383211 -0.001342 
2753 4.517780 0.000000 1.113124 19.467890 0.126917 0.409743 -0.002327 
2754 4.517780 0.000000 1.200266 19.467147 0.085803 0.380673 -0.002166 
2755 4.798105 0.000000 0.503129 19.454579 -0.019098 0.742885 -0.001931 
2756 4.798105 0.000000 0.328845 19.449279 -0.049681 0.441502 -0.000448 
2757 4.984989 0.000000 0.503129 19.475345 -0.033193 0.748089 -0.004090 
2758 4.704664 0.000000 0.764556 19.447046 0.079800 1.047419 -0.002613 
2759 4.704664 0.000000 0.677414 19.444513 0.037308 1.008720 -0.002129 
2760 4.798105 0.000000 0.764556 19.454925 0.061212 1.034213 -0.003344 
2761 4.891547 0.000000 0.764556 19.463717 0.065448 1.032977 -0.004243 
2762 4.891547 0.000000 0.677414 19.465260 0.038933 1.006907 -0.004254 
2763 4.984989 0.000000 0.764556 19.472074 0.065681 1.029889 -0.005086 
2764 0.394666 0.000000 0.862591 18.586544 0.035350 3.162937 0.060368 
2765 0.382986 0.000000 0.862591 18.619800 0.035540 3.194403 0.056569 
2766 0.394666 0.000000 0.873483 18.586544 0.035350 3.162937 0.060368 
2767 3.326399 0.000000 0.917054 19.445195 0.025952 0.572439 -0.000374 
2768 3.326399 0.000000 0.895269 19.446398 0.058882 0.601909 -0.000597 
2769 3.326399 0.000000 0.938840 19.443998 0.084039 0.528250 -0.000139 
2770 3.419841 0.000000 0.917054 19.437061 0.018673 0.563525 0.000490 
2771 3.419841 0.000000 0.895269 19.437650 0.044041 0.622487 0.000240 
2772 3.419841 0.000000 0.938840 19.435079 0.078630 0.519266 0.000805 
2773 3.513282 0.000000 0.917054 19.431631 0.012794 0.552095 0.001082 
2774 3.513282 0.000000 0.895269 19.431163 0.034868 0.629185 0.000886 
2775 3.513282 0.000000 0.938840 19.429910 0.073096 0.511219 0.001360 
2776 5.125151 0.000000 0.982411 19.480487 0.181119 0.543481 -0.004005 
2777 5.125151 0.000000 0.938840 19.479400 0.183287 0.686843 -0.004361 
2778 5.125151 0.000000 1.025982 19.481204 0.196082 0.467024 -0.003889 
2779 5.872685 0.000000 0.982411 19.483779 0.130104 0.591710 -0.004447 
2780 5.872685 0.000000 0.938840 19.483618 0.110213 0.698977 -0.004783 
2781 5.872685 0.000000 1.025982 19.485593 0.142133 0.465367 -0.004289 
2782 6.993985 0.000000 1.069553 19.458025 0.012427 0.488071 -0.001455 
2783 6.993985 0.000000 1.025982 19.455748 0.017558 0.567453 -0.001443 
2784 6.993985 0.000000 1.113124 19.462477 0.033813 0.423095 -0.001760 
2785 7.928402 0.000000 1.156695 19.428255 0.019263 0.447213 0.001705 
2786 7.928402 0.000000 1.113124 19.424609 -0.004956 0.523286 0.001885 
2787 7.928402 0.000000 1.200266 19.432157 0.026276 0.396252 0.001417 
2788 8.208727 0.000000 1.243838 19.435243 0.025861 0.374513 0.001144 
2789 8.162006 0.000000 1.243838 19.434909 0.025254 0.371049 0.001186 
2790 8.208727 0.000000 1.287409 19.437545 -0.000936 0.329993 0.000992 
2791 8.395610 0.000000 1.243838 19.438174 0.029135 0.387353 0.000817 
2792 8.442331 0.000000 1.243838 19.439128 0.030480 0.390361 0.000712 
2793 8.395610 0.000000 1.287409 19.440191 0.004769 0.340560 0.000702 
2794 8.489052 0.000000 1.243838 19.440059 0.032150 0.393269 0.000610 
2795 8.489052 0.000000 1.287409 19.441842 0.008763 0.345119 0.000524 
2796 9.049702 0.000000 1.156695 19.437222 0.040270 0.539704 0.000539 
2797 9.002981 0.000000 1.156695 19.439154 0.038474 0.538138 0.000346 
2798 9.049702 0.000000 1.113124 19.435571 0.025044 0.610690 0.000496 
2799 9.236586 0.000000 1.156695 19.429777 0.032527 0.542373 0.001298 
2800 9.236586 0.000000 1.113124 19.426608 0.018421 0.612258 0.001412 
2801 9.283306 0.000000 1.156695 19.431505 0.027196 0.546708 0.001109 
2802 9.423469 0.000000 1.156695 19.454423 0.020703 0.563624 -0.001296 
2803 9.376748 0.000000 1.156695 19.444108 0.019671 0.557837 -0.000218 
2804 9.423469 0.000000 1.113124 19.448512 -0.001056 0.633156 -0.000907 
2805 9.330027 0.000000 1.156695 19.436205 0.022379 0.551987 0.000611 
2806 9.330027 0.000000 1.113124 19.431031 0.005562 0.620460 0.000932 
2807 9.610352 0.000000 1.156695 19.494739 0.066005 0.574915 -0.005491 
2808 9.610352 0.000000 1.113124 19.493287 0.039961 0.656406 -0.005599 
2809 9.657073 0.000000 1.156695 19.500109 0.083690 0.573998 -0.006049 
2810 9.703794 0.000000 1.156695 19.503115 0.101851 0.571915 -0.006361 
2811 9.703794 0.000000 1.113124 19.504009 0.078236 0.660695 -0.006731 
2812 9.890677 0.000000 1.156695 19.498397 0.161525 0.563655 -0.005891 
2813 9.890677 0.000000 1.113124 19.499391 0.152159 0.658429 -0.006292 
2814 9.937398 0.000000 1.156695 19.493743 0.174549 0.560302 -0.005413 
2815 11.432465 0.000000 1.113124 19.447183 0.233163 0.750838 -0.001344 
2816 11.432465 0.000000 1.025982 19.446854 0.162753 1.042637 -0.002620 
2817 11.666069 0.000000 1.243838 19.450264 0.216553 0.273858 -0.000349 
2818 11.666069 0.000000 1.200266 19.449658 0.229207 0.402470 -0.000532 
2819 11.666069 0.000000 1.287409 19.450321 0.166675 0.217074 -0.000231 
2820 12.507045 0.000000 1.243838 19.449109 0.249030 0.275522 -0.000273 
2821 12.507045 0.000000 1.200266 19.449099 0.237674 0.346327 -0.000374 
2822 12.507045 0.000000 1.287409 19.449124 0.201983 0.225186 -0.000152 
2823 12.927532 0.000000 1.113124 19.449223 0.224295 0.549391 -0.000851 
2824 12.927532 0.000000 1.025982 19.449215 0.138039 0.820780 -0.001750 
2825 13.020974 0.000000 1.113124 19.449280 0.224207 0.549424 -0.000857 
2826 0.441387 0.000000 0.840805 19.834577 -0.013185 2.766202 -0.060163 
2827 0.453067 0.000000 0.840805 19.560431 -0.012543 3.586055 -0.045381 
2828 0.441387 0.000000 0.851698 18.320078 0.046255 3.006096 0.088920 
2829 0.371306 0.000000 0.819020 20.750896 -0.013744 0.989758 -0.140832 
2830 0.359625 0.000000 0.819020 21.125009 -0.013513 0.803489 -0.181361 
2831 0.371306 0.000000 0.829912 20.878352 -0.013669 0.873645 -0.154285 
2832 0.371306 0.000000 0.840805 18.868534 0.051147 3.119691 0.033163 
2833 0.371306 0.000000 0.851698 18.850714 0.045169 3.156509 0.034331 
2834 0.324585 0.000000 0.819020 20.596284 -0.015099 4.378328 -0.172017 
2835 0.324585 0.000000 0.808127 21.052470 -0.014438 3.340216 -0.201059 
2836 0.336265 0.000000 0.819020 20.280099 -0.015078 4.447835 -0.139474 
2837 0.347945 0.000000 0.819020 20.515828 -0.014385 3.399339 -0.143146 
2838 0.277864 0.000000 0.797234 24.360599 -0.012635 2.253264 -0.582110 
2839 0.277864 0.000000 0.786341 25.858644 -0.010570 0.440918 -0.768067 
2840 0.289544 0.000000 0.797234 24.048357 -0.012120 1.264756 -0.532962 
2841 0.266184 0.000000 1.156695 18.073415 -0.002309 1.012701 0.133831 
2842 0.219463 0.000000 1.156695 18.128926 -0.000924 0.642262 0.130139 
2843 0.266184 0.000000 1.200266 18.375016 -0.000488 0.804859 0.105771 
2844 0.172742 0.000000 1.156695 18.254205 0.000150 0.334489 0.118885 
2845 0.126021 0.000000 1.156695 18.426854 0.000508 0.092290 0.102418 
2846 0.172742 0.000000 1.200266 18.493965 0.000824 0.320353 0.095620 
2847 0.196102 0.000000 1.004197 15.690782 0.002303 0.729542 0.347789 
2848 0.172742 0.000000 1.004197 15.745719 0.002226 0.013212 0.344631 
2849 0.196102 0.000000 1.025982 16.156199 0.002110 0.755466 0.308507 
2850 0.149382 0.000000 1.004197 16.822598 -0.001727 -0.660862 0.250767 
2851 0.126021 0.000000 1.004197 17.489786 -0.000030 -0.929711 0.189123 
2852 0.149382 0.000000 1.025982 17.185985 -0.000456 -0.338679 0.218951 
2853 0.079300 0.000000 1.156695 18.623793 0.001028 -0.069236 0.083140 
2854 0.032580 0.000000 1.156695 18.790775 0.001708 -0.161633 0.066569 
2855 0.079300 0.000000 1.200266 18.726411 0.001723 0.006707 0.073021 
2856 0.336265 0.000000 1.047768 16.813838 0.004126 3.776055 0.215010 
2857 0.312905 0.000000 1.047768 16.546771 0.003593 3.379833 0.246056 
2858 0.336265 0.000000 1.069553 17.289090 0.003387 3.044923 0.185350 
2859 0.569869 0.000000 0.960626 18.148816 0.004010 2.790625 0.108737 
2860 0.593230 0.000000 0.960626 18.381089 0.002974 2.508753 0.090256 
2861 0.569869 0.000000 0.982411 18.218362 0.006972 3.075502 0.097634 
2862 0.569869 0.000000 1.004197 18.292080 0.008090 3.148025 0.089326 
2863 0.593230 0.000000 1.004197 18.369912 0.008043 2.980578 0.084496 
2864 0.569869 0.000000 1.025982 18.565212 0.009849 3.183819 0.062116 
2865 0.616590 0.000000 0.960626 18.528347 0.003231 2.264093 0.078976 
2866 0.639950 0.000000 0.960626 18.626780 0.003608 2.088418 0.071329 
2867 0.616590 0.000000 0.982411 18.282342 0.006346 2.557863 0.099169 
2868 0.616590 0.000000 1.004197 18.493678 0.009280 2.754639 0.075861 
2869 0.639950 0.000000 1.004197 18.546424 0.010853 2.595586 0.072946 
2870 0.616590 0.000000 1.025982 18.639572 0.012381 2.822066 0.060546 
2871 1.107159 0.000000 1.069553 19.570711 -0.006663 1.565068 -0.018926 
2872 1.153880 0.000000 1.069553 19.543689 -0.008899 1.557162 -0.016067 
2873 1.107159 0.000000 1.113124 19.560022 -0.003886 1.647057 -0.018516 
2874 1.107159 0.000000 1.156695 19.573816 0.000437 1.575186 -0.019331 
2875 1.153880 0.000000 1.156695 19.567661 0.000417 1.539698 -0.018402 
2876 1.107159 0.000000 1.200266 19.587654 0.004706 1.487378 -0.020053 
2877 3.863689 0.000000 2.071688 19.448483 0.011815 0.100748 0.000129 
2878 4.237455 0.000000 2.071688 19.447969 0.011399 0.107054 0.000178 
2879 3.863689 0.000000 2.420257 19.448645 0.005616 0.021170 0.000138 
2880 2.041576 0.000000 1.069553 19.122782 0.053278 -1.772262 0.025054 
2881 1.994855 0.000000 1.069553 19.167899 0.045265 -1.653563 0.021564 
2882 2.041576 0.000000 1.113124 19.115976 0.044268 -1.752673 0.025927 
2883 2.041576 0.000000 1.156695 19.131443 0.039324 -1.801250 0.023908 
2884 1.994855 0.000000 1.156695 19.153919 0.037669 -1.721226 0.022378 
2885 2.041576 0.000000 1.200266 19.132355 0.036067 -1.798549 0.023842 
2886 3.303039 0.000000 1.548835 19.475117 0.057658 0.176439 -0.002675 
2887 3.489922 0.000000 1.548835 19.451280 0.065363 0.181290 -0.000230 
2888 3.303039 0.000000 1.723119 19.468541 -0.003675 0.151800 -0.001968 
2889 2.648947 0.000000 1.287409 19.533913 -0.132854 0.382443 -0.009081 
2890 2.742388 0.000000 1.287409 19.567526 -0.079831 0.350752 -0.012464 
2891 2.648947 0.000000 1.374551 19.516015 -0.090468 0.334708 -0.007117 
2892 0.359625 0.000000 1.243838 18.693733 -0.000938 1.030189 0.073448 
2893 0.312905 0.000000 1.243838 18.622563 0.000129 0.847223 0.081376 
2894 0.359625 0.000000 1.287409 18.816116 0.000255 0.839466 0.062256 
2895 1.107159 0.000000 1.243838 19.614678 0.012389 1.198083 -0.020800 
2896 1.153880 0.000000 1.243838 19.560460 0.004339 1.348901 -0.016200 
2897 1.107159 0.000000 1.287409 19.630037 0.013133 1.155254 -0.022127 
2898 2.415343 0.000000 1.069553 19.430355 -0.054961 0.412873 0.001560 
2899 2.462063 0.000000 1.069553 19.461517 -0.064242 0.399604 -0.001618 
2900 2.415343 0.000000 1.113124 19.413974 -0.100018 0.436843 0.003170 
2901 2.415343 0.000000 1.156695 19.399490 -0.137129 0.443881 0.004617 
2902 2.462063 0.000000 1.156695 19.441483 -0.146934 0.433192 0.000322 
2903 2.415343 0.000000 1.200266 19.391308 -0.161016 0.439479 0.005447 
2904 0.534829 0.000000 0.797234 19.612940 0.026936 2.424990 -0.032371 
2905 0.534829 0.000000 0.786341 19.730929 0.021912 2.352677 -0.043729 
2906 0.546509 0.000000 0.797234 19.576701 0.026283 2.316471 -0.027257 
2907 0.558189 0.000000 0.797234 19.548082 0.025989 2.213091 -0.023059 
2908 0.558189 0.000000 0.786341 19.635862 0.021791 2.160838 -0.031547 
2909 0.569869 0.000000 0.797234 19.521093 0.025848 2.102167 -0.019007 
2910 0.663311 0.000000 0.917054 18.794107 0.006931 1.736816 0.058333 
2911 0.686671 0.000000 0.917054 18.921162 0.004222 1.597417 0.046895 
2912 0.663311 0.000000 0.938840 18.729945 0.005557 1.874459 0.063383 
2913 0.710032 0.000000 0.786341 19.489929 0.028828 1.459355 -0.009742 
2914 0.710032 0.000000 0.764556 19.547255 0.025419 1.409949 -0.015282 
2915 0.733392 0.000000 0.786341 19.500189 0.030579 1.386710 -0.010253 
2916 0.756753 0.000000 0.786341 19.514455 0.032552 1.318474 -0.011237 
2917 0.756753 0.000000 0.764556 19.557268 0.028980 1.293605 -0.015486 
2918 0.780113 0.000000 0.786341 19.532956 0.034575 1.278835 -0.012875 
2919 0.803473 0.000000 0.786341 19.553407 0.036951 1.240783 -0.014735 
2920 0.803473 0.000000 0.764556 19.587216 0.033248 1.220468 -0.018100 
2921 0.826834 0.000000 0.786341 19.576736 0.039697 1.209178 -0.016944 
2922 0.850194 0.000000 0.786341 19.601521 0.041843 1.181373 -0.019335 
2923 0.850194 0.000000 0.764556 19.626288 0.038052 1.166702 -0.021811 
2924 0.873555 0.000000 0.786341 19.626564 0.044560 1.156904 -0.021781 
2925 0.710032 0.000000 0.917054 18.921721 0.004428 1.592842 0.046877 
2926 0.733392 0.000000 0.917054 19.049719 0.001875 1.442081 0.035239 
2927 0.710032 0.000000 0.938840 18.944418 0.003166 1.601242 0.044535 
2928 5.358756 0.000000 2.071688 19.454160 -0.018416 0.103870 -0.000457 
2929 4.984989 0.000000 2.071688 19.451720 -0.017571 0.103054 -0.000206 
2930 5.358756 0.000000 2.420257 19.450876 0.004481 0.036186 -0.000094 
2931 4.611222 0.000000 2.071688 19.448865 -0.016643 0.100787 0.000089 
2932 4.611222 0.000000 2.420257 19.446495 0.006229 0.031284 0.000358 
2933 5.171872 0.000000 0.503129 19.493593 -0.048794 0.755006 -0.006001 
2934 5.171872 0.000000 0.328845 19.482997 -0.071486 0.461581 -0.003973 
2935 5.358756 0.000000 0.503129 19.506594 -0.080136 0.771876 -0.007420 
2936 5.545639 0.000000 0.503129 19.513276 -0.087980 0.779474 -0.008144 
2937 5.545639 0.000000 0.328845 19.502904 -0.084564 0.490360 -0.006102 
2938 5.732522 0.000000 0.503129 19.512896 -0.088829 0.786118 -0.008132 
2939 5.919406 0.000000 0.503129 19.506576 -0.083963 0.791347 -0.007500 
2940 5.919406 0.000000 0.328845 19.499481 -0.080767 0.516454 -0.005817 
2941 6.106289 0.000000 0.503129 19.496396 -0.076064 0.794933 -0.006462 
2942 6.293172 0.000000 0.503129 19.484154 -0.068098 0.797062 -0.005207 
2943 6.293172 0.000000 0.328845 19.480858 -0.062775 0.534963 -0.003942 
2944 6.480056 0.000000 0.503129 19.473395 -0.044156 0.788209 -0.004054 
2945 5.078431 0.000000 0.764556 19.480002 0.062616 1.025237 -0.005876 
2946 5.078431 0.000000 0.677414 19.484415 0.028770 1.001323 -0.006195 
2947 5.171872 0.000000 0.764556 19.487128 0.082117 1.013482 -0.006554 
2948 5.265314 0.000000 0.764556 19.493372 0.074239 1.006072 -0.007155 
2949 5.265314 0.000000 0.677414 19.499659 0.012181 0.992495 -0.007717 
2950 5.358756 0.000000 0.764556 19.498210 0.065260 0.997838 -0.007607 
2951 6.666939 0.000000 0.503129 19.461483 -0.043562 0.789381 -0.002833 
2952 6.666939 0.000000 0.328845 19.455223 -0.016010 0.591346 -0.001462 
2953 6.853823 0.000000 0.503129 19.451718 -0.047487 0.790219 -0.001833 
2954 7.040706 0.000000 0.503129 19.445151 -0.052378 0.790164 -0.001159 
2955 7.040706 0.000000 0.328845 19.441745 -0.008709 0.593708 -0.000083 
2956 7.227589 0.000000 0.503129 19.435060 -0.029441 0.835744 -0.000313 
2957 7.040706 0.000000 1.548835 19.465315 0.008080 0.223282 -0.001707 
2958 6.853823 0.000000 1.548835 19.468442 0.007659 0.227060 -0.002034 
2959 7.040706 0.000000 1.723119 19.467430 0.013542 0.169176 -0.001869 
2960 6.666939 0.000000 1.548835 19.472714 0.048577 0.253431 -0.002513 
2961 6.480056 0.000000 1.548835 19.473143 0.048655 0.257892 -0.002563 
2962 6.666939 0.000000 1.723119 19.471378 0.010735 0.178728 -0.002284 
2963 7.414473 0.000000 0.503129 19.428609 -0.025904 0.828735 0.000381 
2964 7.414473 0.000000 0.328845 19.435323 -0.013703 0.593394 0.000577 
2965 7.601356 0.000000 0.503129 19.421065 -0.022171 0.818437 0.001201 
2966 7.788239 0.000000 0.503129 19.413827 -0.020643 0.806102 0.001997 
2967 7.788239 0.000000 0.328845 19.425979 0.002693 0.569643 0.001611 
2968 7.975123 0.000000 0.503129 19.408619 -0.021368 0.793099 0.002587 
2969 7.507914 0.000000 1.287409 19.444486 0.017757 0.312698 0.000308 
2970 7.414473 0.000000 1.287409 19.448317 0.016327 0.309438 -0.000081 
2971 7.507914 0.000000 1.374551 19.446615 -0.025777 0.278823 0.000141 
2972 7.321031 0.000000 1.287409 19.452569 0.014908 0.306819 -0.000514 
2973 7.227589 0.000000 1.287409 19.457070 0.013623 0.304914 -0.000973 
2974 7.321031 0.000000 1.374551 19.453253 -0.028684 0.276601 -0.000539 
2975 8.162006 0.000000 0.503129 19.405116 -0.040452 0.793522 0.002941 
2976 8.162006 0.000000 0.328845 19.417083 0.001792 0.544899 0.002597 
2977 8.348890 0.000000 0.503129 19.403272 -0.043254 0.783037 0.003173 
2978 8.535773 0.000000 0.503129 19.403913 -0.074632 0.733067 0.003298 
2979 8.535773 0.000000 0.328845 19.410708 -0.005170 0.502588 0.003368 
2980 8.722656 0.000000 0.503129 19.401239 -0.078383 0.726631 0.003596 
2981 7.881681 0.000000 0.938840 19.411599 -0.024840 0.786735 0.002307 
2982 7.881681 0.000000 0.851698 19.406924 -0.039608 0.883511 0.002357 
2983 7.975123 0.000000 0.938840 19.409062 -0.047847 0.803652 0.002492 
2984 8.068564 0.000000 0.938840 19.409334 -0.064488 0.802818 0.002463 
2985 8.068564 0.000000 0.851698 19.405725 -0.044489 0.891836 0.002440 
2986 8.162006 0.000000 0.938840 19.410189 -0.066275 0.813196 0.002330 
2987 8.909540 0.000000 0.503129 19.397949 -0.083425 0.721161 0.003952 
2988 8.909540 0.000000 0.328845 19.404248 -0.010236 0.484795 0.004078 
2989 9.096423 0.000000 0.503129 19.394849 -0.090876 0.716193 0.004285 
2990 9.283306 0.000000 0.503129 19.392810 -0.075341 0.729789 0.004449 
2991 9.283306 0.000000 0.328845 19.399870 -0.035758 0.482725 0.004529 
2992 9.470190 0.000000 0.503129 19.391495 -0.089737 0.724377 0.004599 
2993 9.657073 0.000000 0.503129 19.393551 -0.111616 0.704115 0.004453 
2994 9.657073 0.000000 0.328845 19.399259 -0.059692 0.472384 0.004611 
2995 9.843957 0.000000 0.503129 19.392720 -0.130949 0.710339 0.004502 
2996 10.030840 0.000000 0.503129 19.398751 -0.154615 0.702514 0.003895 
2997 10.030840 0.000000 0.328845 19.406138 -0.078926 0.455212 0.003941 
2998 10.217723 0.000000 0.503129 19.409455 -0.174018 0.697492 0.002799 
2999 10.404607 0.000000 0.503129 19.423051 -0.157599 0.709935 0.001371 
3000 10.404607 0.000000 0.328845 19.420799 -0.091071 0.445787 0.002453 
3001 10.591490 0.000000 0.503129 19.432216 -0.170508 0.709644 0.000420 
3002 10.778373 0.000000 0.503129 19.437441 -0.146359 0.748011 -0.000245 
3003 10.778373 0.000000 0.328845 19.434437 -0.099076 0.444728 0.001051 
3004 10.965257 0.000000 0.503129 19.442928 -0.209314 0.735570 -0.000819 
3005 11.152140 0.000000 0.503129 19.443451 -0.146331 0.741319 -0.000836 
3006 11.152140 0.000000 0.328845 19.443295 -0.047398 0.464315 0.000113 
3007 11.339023 0.000000 0.503129 19.445150 -0.134060 0.759745 -0.001075 
3008 11.525907 0.000000 0.503129 19.448635 -0.140387 0.702868 -0.001218 
3009 11.525907 0.000000 0.328845 19.448420 -0.053989 0.387960 -0.000243 
3010 11.712790 0.000000 0.503129 19.450001 -0.131952 0.630161 -0.001096 
3011 11.899674 0.000000 0.503129 19.449469 -0.124691 0.624437 -0.001017 
3012 11.899674 0.000000 0.328845 19.449893 -0.035187 0.366176 -0.000347 
3013 12.086557 0.000000 0.503129 19.449565 -0.125032 0.624639 -0.001028 
3014 12.273440 0.000000 0.503129 19.449491 -0.116625 0.587959 -0.000897 
3015 12.273440 0.000000 0.328845 19.448801 -0.000995 0.280462 -0.000085 
3016 12.460324 0.000000 0.503129 19.449062 -0.111971 0.521162 -0.000655 
3017 12.647207 0.000000 0.503129 19.449214 -0.112242 0.521213 -0.000671 
3018 12.647207 0.000000 0.328845 19.449193 -0.001582 0.280518 -0.000125 
3019 12.834090 0.000000 0.503129 19.449294 -0.112410 0.521216 -0.000679 
3020 13.020974 0.000000 0.503129 19.449317 -0.125073 0.520225 -0.000687 
3021 13.020974 0.000000 0.328845 19.449359 -0.001923 0.280525 -0.000142 
3022 13.207857 0.000000 0.503129 19.449357 -0.115314 0.521315 -0.000687 
3023 0.896915 0.000000 0.786341 19.650852 0.046969 1.136873 -0.024182 
3024 0.896915 0.000000 0.764556 19.668277 0.043002 1.125406 -0.025924 
3025 0.920276 0.000000 0.786341 19.674472 0.049814 1.119229 -0.026533 
3026 0.943636 0.000000 0.786341 19.696090 0.052585 1.101401 -0.028679 
3027 0.943636 0.000000 0.764556 19.706918 0.048414 1.093179 -0.029758 
3028 0.966996 0.000000 0.786341 19.715322 0.055703 1.096362 -0.030654 
3029 1.200601 0.000000 0.982411 19.503430 -0.016738 1.407779 -0.010741 
3030 1.247321 0.000000 0.982411 19.404564 -0.021886 1.383936 -0.000397 
3031 1.200601 0.000000 1.025982 19.499843 -0.015925 1.457807 -0.010750 
3032 1.527646 0.000000 0.590271 19.446891 0.068515 0.855765 -0.001629 
3033 1.527646 0.000000 0.503129 19.473423 0.071753 0.739775 -0.003870 
3034 1.621088 0.000000 0.590271 19.422273 0.072914 0.824169 0.001040 
3035 1.387484 0.000000 0.720985 19.471627 0.081507 1.016271 -0.004973 
3036 1.387484 0.000000 0.677414 19.488153 0.075003 0.992446 -0.006545 
3037 1.434205 0.000000 0.720985 19.438471 0.083904 0.995458 -0.001453 
3038 1.294042 0.000000 0.982411 19.399245 -0.023046 1.378558 0.000187 
3039 1.340763 0.000000 0.982411 19.394003 -0.026586 1.320228 0.001140 
3040 1.294042 0.000000 1.025982 19.409173 -0.023863 1.453798 -0.001395 
3041 1.480926 0.000000 0.720985 19.412365 0.086629 0.972676 0.001345 
3042 1.480926 0.000000 0.677414 19.432277 0.079933 0.953468 -0.000598 
3043 1.527646 0.000000 0.720985 19.392000 0.089184 0.949933 0.003549 
3044 1.574367 0.000000 0.808127 19.324598 0.108447 0.884611 0.010754 
3045 1.574367 0.000000 0.764556 19.353092 0.099871 0.918010 0.007686 
3046 1.621088 0.000000 0.808127 19.313334 0.113149 0.851291 0.012054 
3047 1.761251 0.000000 0.982411 18.888117 0.017402 0.177589 0.056858 
3048 1.714530 0.000000 0.982411 18.923724 -0.028141 0.433636 0.052884 
3049 1.761251 0.000000 1.025982 18.874227 0.021892 0.118466 0.058291 
3050 1.667809 0.000000 0.982411 18.946680 -0.029820 0.536866 0.050321 
3051 1.621088 0.000000 0.982411 18.964758 -0.032926 0.547166 0.048480 
3052 1.667809 0.000000 1.025982 19.133873 -0.021453 0.688654 0.030988 
3053 1.714530 0.000000 0.590271 19.408825 0.077942 0.794979 0.002543 
3054 1.714530 0.000000 0.503129 19.425391 0.078625 0.690319 0.001253 
3055 1.807972 0.000000 0.590271 19.398218 0.082743 0.764052 0.003756 
3056 1.667809 0.000000 0.808127 19.306690 0.118864 0.816645 0.012882 
3057 1.667809 0.000000 0.764556 19.336823 0.109132 0.860783 0.009614 
3058 1.714530 0.000000 0.808127 19.304955 0.125833 0.781428 0.013203 
3059 2.508784 0.000000 0.982411 19.499918 0.050829 0.308528 -0.005398 
3060 2.555505 0.000000 0.982411 19.522112 0.060649 0.313230 -0.007698 
3061 2.508784 0.000000 1.025982 19.498666 -0.005091 0.356617 -0.005347 
3062 2.602226 0.000000 0.982411 19.538727 0.075802 0.323264 -0.009436 
3063 2.648947 0.000000 0.982411 19.551200 0.094092 0.337353 -0.010757 
3064 2.602226 0.000000 1.025982 19.547842 0.031650 0.361895 -0.010435 
3065 2.835830 0.000000 1.287409 19.582179 -0.012031 0.318535 -0.013906 
3066 2.929272 0.000000 1.287409 19.574287 0.059823 0.293349 -0.013058 
3067 2.835830 0.000000 1.374551 19.560522 -0.015856 0.274077 -0.011596 
3068 3.069434 0.000000 0.982411 19.488082 0.184262 0.510111 -0.004697 
3069 3.022713 0.000000 0.982411 19.499105 0.183763 0.497364 -0.005799 
3070 3.069434 0.000000 1.025982 19.498149 0.249386 0.534503 -0.005877 
3071 2.975993 0.000000 0.982411 19.510815 0.181954 0.481424 -0.006963 
3072 2.929272 0.000000 0.982411 19.522953 0.178094 0.463009 -0.008166 
3073 2.975993 0.000000 1.025982 19.527000 0.233318 0.506542 -0.008756 
3074 3.676805 0.000000 1.548835 19.438303 0.060500 0.195143 0.001092 
3075 3.863689 0.000000 1.548835 19.436769 0.048740 0.210829 0.001236 
3076 3.676805 0.000000 1.723119 19.447021 0.009650 0.158470 0.000240 
3077 0.371306 0.000000 0.862591 18.778034 0.034249 3.224271 0.040420 
3078 0.371306 0.000000 0.873483 18.741132 0.028134 3.263861 0.043402 
3079 0.441387 0.000000 0.862591 18.322337 0.039862 2.962316 0.089393 
3080 0.453067 0.000000 0.862591 18.309408 0.036463 2.871793 0.092042 
3081 0.441387 0.000000 0.873483 18.350511 0.030793 3.008585 0.085933 
3082 8.115285 0.000000 1.243838 19.434655 0.024782 0.367776 0.001218 
3083 8.068564 0.000000 1.243838 19.434681 0.024309 0.364674 0.001221 
3084 8.115285 0.000000 1.287409 19.436904 -0.003040 0.324547 0.001068 
3085 0.266184 0.000000 1.243838 18.592422 0.000651 0.658178 0.085094 
3086 0.219463 0.000000 1.243838 18.610960 0.001250 0.475287 0.083819 
3087 0.266184 0.000000 1.287409 18.744403 0.001471 0.563324 0.070400 
3088 0.254504 0.000000 0.862591 20.408661 -0.007402 4.190706 -0.147430 
3089 0.242823 0.000000 0.862591 20.537008 -0.006490 3.562527 -0.148447 
3090 0.254504 0.000000 0.873483 16.686230 0.005690 2.744031 0.244097 
3091 1.948134 0.000000 1.069553 19.202110 0.041184 -1.142214 0.021874 
3092 1.901413 0.000000 1.069553 19.121566 0.030320 -0.870199 0.031483 
3093 1.948134 0.000000 1.113124 19.166160 0.025719 -1.348224 0.024167 
3094 1.948134 0.000000 1.156695 19.231359 0.018940 -1.213497 0.018462 
3095 1.901413 0.000000 1.156695 19.301003 0.011969 -1.099984 0.012064 
3096 1.948134 0.000000 1.200266 19.283317 0.023173 -1.232905 0.013047 
3097 0.464747 0.000000 0.840805 19.498732 -0.012308 3.793104 -0.043050 
3098 0.476428 0.000000 0.840805 19.354823 -0.012062 4.200945 -0.036888 
3099 0.464747 0.000000 0.851698 18.308807 0.038243 2.897614 0.091706 
3100 0.324585 0.000000 0.797234 22.555928 -0.012607 0.603802 -0.345840 
3101 0.312905 0.000000 0.797234 23.236523 -0.012174 0.575005 -0.428134 
3102 0.324585 0.000000 0.786341 22.427159 -0.012687 0.605942 -0.330535 
3103 0.301224 0.000000 0.797234 23.626976 -0.011901 0.561443 -0.476462 
3104 0.301224 0.000000 0.786341 23.626976 -0.011901 0.561443 -0.476462 
3105 0.289544 0.000000 1.047768 16.563147 0.002969 2.680426 0.255827 
3106 0.266184 0.000000 1.047768 16.459498 0.002655 2.235824 0.270653 
3107 0.289544 0.000000 1.069553 16.870716 0.002956 2.582880 0.230002 
3108 0.569869 0.000000 1.047768 18.655678 0.010229 3.152862 0.053734 
3109 0.593230 0.000000 1.047768 18.734465 0.012364 2.922519 0.049646 
3110 0.569869 0.000000 1.069553 18.725939 0.010456 3.178676 0.046359 
3111 0.616590 0.000000 1.047768 18.826838 0.013210 2.832083 0.041850 
3112 0.616590 0.000000 1.069553 18.866992 0.013523 2.830314 0.037875 
3113 0.663311 0.000000 0.960626 18.635614 0.003408 2.097066 0.070363 
3114 0.686671 0.000000 0.960626 18.770917 0.003281 1.888407 0.059183 
3115 0.663311 0.000000 0.982411 18.492709 0.007425 2.291949 0.082128 
3116 0.663311 0.000000 1.004197 18.616278 0.011367 2.497482 0.067404 
3117 0.686671 0.000000 1.004197 18.686679 0.010520 2.286263 0.063133 
3118 1.200601 0.000000 1.069553 19.510964 -0.008945 1.610488 -0.013135 
3119 1.247321 0.000000 1.069553 19.436938 -0.016691 1.525593 -0.004810 
3120 1.200601 0.000000 1.113124 19.517287 -0.005503 1.576894 -0.013504 
3121 1.200601 0.000000 1.156695 19.522056 -0.002193 1.589944 -0.014105 
3122 1.247321 0.000000 1.156695 19.478285 -0.008710 1.514151 -0.008971 
3123 1.200601 0.000000 1.200266 19.520854 -0.003144 1.459997 -0.012934 
3124 1.200601 0.000000 1.243838 19.532259 -0.001162 1.429902 -0.013881 
3125 1.247321 0.000000 1.243838 19.525960 -0.000616 1.401423 -0.013018 
3126 1.200601 0.000000 1.287409 19.591817 0.013652 1.145916 -0.018108 
3127 2.508784 0.000000 1.069553 19.494931 -0.058884 0.391957 -0.005041 
3128 2.555505 0.000000 1.069553 19.525901 -0.041753 0.388221 -0.008223 
3129 2.508784 0.000000 1.113124 19.488328 -0.108027 0.412561 -0.004426 
3130 2.508784 0.000000 1.156695 19.480348 -0.142661 0.424260 -0.003653 
3131 2.555505 0.000000 1.156695 19.515110 -0.126980 0.415447 -0.007205 
3132 2.508784 0.000000 1.200266 19.471492 -0.164461 0.426909 -0.002764 
3133 0.581549 0.000000 0.797234 19.502213 0.025882 2.020836 -0.016173 
3134 0.581549 0.000000 0.786341 19.571155 0.022270 1.979861 -0.022860 
3135 0.593230 0.000000 0.797234 19.486904 0.026023 1.945087 -0.013801 
3136 0.604910 0.000000 0.797234 19.475839 0.026335 1.884869 -0.012052 
3137 0.604910 0.000000 0.786341 19.532593 0.023090 1.851319 -0.017572 
3138 0.616590 0.000000 0.797234 19.466259 0.026552 1.822489 -0.010454 
3139 0.756753 0.000000 0.917054 19.050837 0.002131 1.425281 0.035254 
3140 0.780113 0.000000 0.917054 19.101813 0.001535 1.371889 0.030508 
3141 0.756753 0.000000 0.938840 19.063208 0.001033 1.465690 0.033699 
3142 0.803473 0.000000 0.917054 19.153996 0.001085 1.315339 0.025632 
3143 0.826834 0.000000 0.917054 19.154155 0.000709 1.315870 0.025613 
3144 0.803473 0.000000 0.938840 19.144726 0.000754 1.365516 0.026215 
3145 5.452197 0.000000 0.764556 19.501411 0.056294 0.988508 -0.007885 
3146 5.452197 0.000000 0.677414 19.508998 -0.003782 0.981009 -0.008620 
3147 5.545639 0.000000 0.764556 19.503046 0.048244 0.978624 -0.008000 
3148 5.639081 0.000000 0.764556 19.503401 0.041354 0.968711 -0.007984 
3149 5.639081 0.000000 0.677414 19.511309 -0.013566 0.968000 -0.008792 
3150 5.732522 0.000000 0.764556 19.502309 0.035747 0.958951 -0.007820 
3151 6.293172 0.000000 1.548835 19.472796 0.049338 0.261882 -0.002533 
3152 6.106289 0.000000 1.548835 19.469259 0.010625 0.234618 -0.002127 
3153 6.293172 0.000000 1.723119 19.469842 0.038016 0.200326 -0.002151 
3154 5.919406 0.000000 1.548835 19.467632 0.011487 0.236779 -0.001962 
3155 5.732522 0.000000 1.548835 19.465865 0.011745 0.246776 -0.001793 
3156 5.919406 0.000000 1.723119 19.468485 0.039088 0.206841 -0.002019 
3157 5.825964 0.000000 0.764556 19.499841 0.030938 0.949533 -0.007517 
3158 5.825964 0.000000 0.677414 19.507196 -0.016985 0.955242 -0.008303 
3159 5.919406 0.000000 0.764556 19.496402 0.026292 0.940716 -0.007118 
3160 6.012847 0.000000 0.764556 19.491778 0.021286 0.932548 -0.006601 
3161 6.012847 0.000000 0.677414 19.498269 -0.018182 0.943491 -0.007324 
3162 6.106289 0.000000 0.764556 19.486442 0.015202 0.925132 -0.006014 
3163 6.199731 0.000000 0.764556 19.480581 0.007596 0.918106 -0.005375 
3164 6.199731 0.000000 0.677414 19.486379 -0.021964 0.932650 -0.006045 
3165 6.293172 0.000000 0.764556 19.475090 -0.001584 0.911831 -0.004779 
3166 6.386614 0.000000 0.764556 19.470233 -0.012345 0.906409 -0.004254 
3167 6.386614 0.000000 0.677414 19.474601 -0.031216 0.923160 -0.004787 
3168 6.480056 0.000000 0.764556 19.465958 -0.023985 0.902273 -0.003795 
3169 6.573498 0.000000 0.764556 19.462204 -0.035949 0.899382 -0.003397 
3170 6.573498 0.000000 0.677414 19.464239 -0.045796 0.916834 -0.003692 
3171 6.666939 0.000000 0.764556 19.458505 -0.047513 0.898003 -0.003012 
3172 6.760381 0.000000 0.764556 19.454948 -0.058072 0.897911 -0.002649 
3173 6.760381 0.000000 0.677414 19.454854 -0.062493 0.914930 -0.002722 
3174 6.853823 0.000000 0.764556 19.451200 -0.067189 0.898554 -0.002270 
3175 7.134148 0.000000 1.287409 19.461421 0.012547 0.303833 -0.001419 
3176 7.040706 0.000000 1.287409 19.465436 0.011914 0.303707 -0.001832 
3177 7.134148 0.000000 1.374551 19.462758 -0.007828 0.283006 -0.001524 
3178 6.947264 0.000000 1.287409 19.468834 0.011667 0.304150 -0.002182 
3179 6.853823 0.000000 1.287409 19.471385 0.011179 0.299170 -0.002437 
3180 6.947264 0.000000 1.374551 19.467429 -0.008106 0.286011 -0.002009 
3181 6.947264 0.000000 0.764556 19.447227 -0.074698 0.899648 -0.001869 
3182 6.947264 0.000000 0.677414 19.446539 -0.076952 0.915472 -0.001875 
3183 7.040706 0.000000 0.764556 19.442653 -0.054139 0.914545 -0.001463 
3184 7.134148 0.000000 0.764556 19.438538 -0.058143 0.915433 -0.001046 
3185 7.134148 0.000000 0.677414 19.439222 -0.085558 0.915485 -0.001127 
3186 7.227589 0.000000 0.764556 19.433914 -0.060563 0.915773 -0.000573 
3187 7.321031 0.000000 0.764556 19.429137 -0.061961 0.915836 -0.000083 
3188 7.321031 0.000000 0.677414 19.430891 -0.087725 0.913079 -0.000260 
3189 7.414473 0.000000 0.764556 19.424223 -0.062781 0.915449 0.000423 
3190 7.507914 0.000000 0.764556 19.419308 -0.063515 0.915222 0.000929 
3191 7.507914 0.000000 0.677414 19.421360 -0.087360 0.908767 0.000740 
3192 7.601356 0.000000 0.764556 19.414850 -0.064603 0.914973 0.001387 
3193 7.694798 0.000000 0.764556 19.410957 -0.066123 0.915104 0.001785 
3194 7.694798 0.000000 0.677414 19.411996 -0.061582 0.919121 0.001661 
3195 7.788239 0.000000 0.764556 19.407749 -0.068050 0.915529 0.002112 
3196 7.881681 0.000000 0.764556 19.405357 -0.070408 0.916371 0.002352 
3197 7.881681 0.000000 0.677414 19.405625 -0.064872 0.914762 0.002335 
3198 7.975123 0.000000 0.764556 19.403686 -0.073063 0.917697 0.002516 
3199 8.068564 0.000000 0.764556 19.402655 -0.049591 0.936159 0.002539 
3200 8.068564 0.000000 0.677414 19.402440 -0.069545 0.911766 0.002674 
3201 8.162006 0.000000 0.764556 19.402683 -0.052305 0.938284 0.002525 
3202 8.255448 0.000000 0.938840 19.411612 -0.067077 0.819986 0.002154 
3203 8.255448 0.000000 0.851698 19.406847 -0.048697 0.901673 0.002277 
3204 8.348890 0.000000 0.938840 19.413459 -0.067421 0.826800 0.001935 
3205 8.442331 0.000000 0.938840 19.415778 -0.067469 0.834042 0.001665 
3206 8.442331 0.000000 0.851698 19.409593 -0.053195 0.916919 0.001921 
3207 8.535773 0.000000 0.938840 19.418177 -0.067160 0.841758 0.001385 
3208 1.387484 0.000000 0.982411 19.395684 -0.026649 1.317437 0.000988 
3209 1.434205 0.000000 0.982411 19.289880 -0.032091 1.167408 0.012792 
3210 1.387484 0.000000 1.025982 19.408391 -0.025795 1.374727 -0.000723 
3211 1.574367 0.000000 0.982411 19.028658 -0.040775 0.711335 0.041514 
3212 1.527646 0.000000 0.982411 19.190443 -0.035291 0.944059 0.024152 
3213 1.574367 0.000000 1.025982 19.207669 -0.028192 1.015700 0.022034 
3214 1.480926 0.000000 0.982411 19.190443 -0.035291 0.944059 0.024152 
3215 1.480926 0.000000 1.025982 19.282256 -0.029761 1.185660 0.013456 
3216 1.574367 0.000000 0.720985 19.378238 0.092111 0.925070 0.005081 
3217 1.574367 0.000000 0.677414 19.398882 0.084470 0.911917 0.003032 
3218 1.621088 0.000000 0.720985 19.367200 0.095784 0.900166 0.006330 
3219 1.901413 0.000000 0.590271 19.399019 0.087800 0.754942 0.003708 
3220 1.901413 0.000000 0.503129 19.412964 0.083753 0.666431 0.002612 
3221 1.994855 0.000000 0.590271 19.399162 0.092025 0.741942 0.003743 
3222 1.667809 0.000000 0.720985 19.361372 0.100167 0.876023 0.007038 
3223 1.667809 0.000000 0.677414 19.381964 0.091679 0.868732 0.004967 
3224 1.714530 0.000000 0.720985 19.358088 0.105534 0.853527 0.007474 
3225 1.761251 0.000000 0.808127 19.308458 0.133852 0.747526 0.012977 
3226 1.761251 0.000000 0.764556 19.336157 0.121979 0.806168 0.009915 
3227 1.807972 0.000000 0.808127 19.316463 0.142598 0.715726 0.012276 
3228 1.854692 0.000000 0.808127 19.326251 0.151722 0.680779 0.011398 
3229 1.854692 0.000000 0.764556 19.346505 0.137112 0.753110 0.009065 
3230 1.901413 0.000000 0.808127 19.342050 0.160756 0.659864 0.009850 
3231 2.088297 0.000000 0.590271 19.401559 0.095560 0.739339 0.003506 
3232 2.088297 0.000000 0.503129 19.404468 0.086578 0.646763 0.003551 
3233 2.181738 0.000000 0.590271 19.400639 0.097512 0.730151 0.003635 
3234 2.695668 0.000000 0.982411 19.557758 0.113442 0.354221 -0.011477 
3235 2.742388 0.000000 0.982411 19.558585 0.132095 0.374668 -0.011614 
3236 2.695668 0.000000 1.025982 19.574052 0.096940 0.388116 -0.013220 
3237 3.022713 0.000000 1.287409 19.548427 0.121473 0.278677 -0.010391 
3238 3.116155 0.000000 1.287409 19.513775 0.164433 0.274813 -0.006840 
3239 3.022713 0.000000 1.374551 19.545907 0.076499 0.219434 -0.010029 
3240 2.882551 0.000000 0.982411 19.534710 0.171656 0.441766 -0.009323 
3241 2.835830 0.000000 0.982411 19.546122 0.161918 0.419342 -0.010443 
3242 2.882551 0.000000 1.025982 19.554667 0.202921 0.467216 -0.011477 
3243 2.789109 0.000000 0.982411 19.554367 0.148598 0.396829 -0.011235 
3244 2.789109 0.000000 1.025982 19.573587 0.156061 0.424632 -0.013290 
3245 4.050572 0.000000 1.548835 19.442536 0.040599 0.221323 0.000634 
3246 4.237455 0.000000 1.548835 19.450027 0.035879 0.225853 -0.000141 
3247 4.050572 0.000000 1.723119 19.447197 0.002936 0.173010 0.000209 
3248 3.209597 0.000000 1.287409 19.478105 0.186729 0.280834 -0.003193 
3249 3.303039 0.000000 1.287409 19.449401 0.192823 0.292864 -0.000263 
3250 3.209597 0.000000 1.374551 19.495834 0.133602 0.201286 -0.004873 
3251 4.424339 0.000000 1.548835 19.456083 0.039346 0.232210 -0.000772 
3252 4.611222 0.000000 1.548835 19.458239 0.034373 0.230425 -0.000991 
3253 4.424339 0.000000 1.723119 19.455998 0.007774 0.186182 -0.000709 
3254 0.464747 0.000000 0.862591 18.300684 0.041156 2.870312 0.092907 
3255 0.476428 0.000000 0.862591 18.333367 0.033987 2.785802 0.091007 
3256 0.464747 0.000000 0.873483 18.326711 0.027621 2.878760 0.090261 
3257 8.021844 0.000000 1.243838 19.434753 0.023826 0.361633 0.001220 
3258 7.975123 0.000000 1.243838 19.435038 0.023317 0.358579 0.001197 
3259 8.021844 0.000000 1.287409 19.437042 -0.004994 0.319459 0.001062 
3260 0.172742 0.000000 1.243838 18.662147 0.001753 0.314224 0.079111 
3261 0.126021 0.000000 1.243838 18.744782 0.001868 0.175293 0.071120 
3262 0.172742 0.000000 1.287409 18.779374 0.001914 0.298254 0.067535 
3263 0.231143 0.000000 0.862591 21.440425 -0.006556 3.038877 -0.239555 
3264 0.219463 0.000000 0.862591 21.523200 -0.005408 1.852861 -0.233619 
3265 0.231143 0.000000 0.873483 16.474851 0.004261 1.579773 0.275933 
3266 0.079300 0.000000 1.243838 18.815299 0.002248 0.063713 0.064189 
3267 0.032580 0.000000 1.243838 18.902978 0.002270 -0.016675 0.055457 
3268 0.079300 0.000000 1.287409 18.877975 0.002257 0.084625 0.057936 
3269 0.207783 0.000000 0.862591 22.563194 -0.006246 0.399007 -0.346163 
3270 0.196102 0.000000 0.862591 20.410983 -0.007044 1.899679 -0.110796 
3271 0.207783 0.000000 0.873483 17.086293 0.003022 -0.635454 0.227218 
3272 0.710032 0.000000 0.960626 18.895464 0.001789 1.760712 0.048014 
3273 0.733392 0.000000 0.960626 18.961121 0.001182 1.708892 0.041919 
3274 0.710032 0.000000 0.982411 18.836588 0.003072 1.947770 0.052053 
3275 0.756753 0.000000 0.960626 19.025191 0.001032 1.602004 0.036421 
3276 0.780113 0.000000 0.960626 19.080521 0.000997 1.533560 0.031415 
3277 0.756753 0.000000 0.982411 18.959741 0.002949 1.807480 0.041141 
3278 0.710032 0.000000 1.004197 18.838565 0.011268 2.184836 0.049266 
3279 0.733392 0.000000 1.004197 18.892891 0.010616 2.117596 0.044612 
3280 0.710032 0.000000 1.025982 18.919518 0.013732 2.270765 0.040174 
3281 1.294042 0.000000 1.069553 19.418125 -0.022653 1.491785 -0.002609 
3282 1.340763 0.000000 1.069553 19.412118 -0.021012 1.501999 -0.002073 
3283 1.294042 0.000000 1.113124 19.442949 -0.017153 1.518013 -0.005367 
3284 1.387484 0.000000 1.069553 19.396465 -0.022453 1.441051 0.000007 
3285 1.434205 0.000000 1.069553 19.312798 -0.025153 1.260031 0.009860 
3286 1.387484 0.000000 1.113124 19.441239 -0.015156 1.439921 -0.004581 
3287 1.294042 0.000000 1.156695 19.474229 -0.011690 1.468868 -0.008197 
3288 1.340763 0.000000 1.156695 19.458292 -0.012192 1.496207 -0.006771 
3289 1.294042 0.000000 1.200266 19.486668 -0.009654 1.450722 -0.009338 
3290 1.480926 0.000000 1.069553 19.314874 -0.025974 1.206124 0.009999 
3291 1.527646 0.000000 1.069553 19.306634 -0.026762 1.193390 0.010921 
3292 1.480926 0.000000 1.113124 19.355651 -0.020017 1.238604 0.005622 
3293 1.574367 0.000000 1.069553 19.245015 -0.024567 1.002329 0.018310 
3294 1.621088 0.000000 1.069553 19.174614 -0.019290 0.762675 0.026578 
3295 1.574367 0.000000 1.113124 19.287457 -0.021212 1.018347 0.013902 
3296 1.294042 0.000000 1.243838 19.512115 -0.004253 1.411401 -0.011663 
3297 1.340763 0.000000 1.243838 19.517090 -0.003999 1.334536 -0.011618 
3298 1.294042 0.000000 1.287409 19.585652 0.012132 1.144451 -0.017460 
3299 1.854692 0.000000 1.069553 19.124586 0.033457 -0.530067 0.032436 
3300 1.807972 0.000000 1.069553 19.089273 0.010571 0.025954 0.036747 
3301 1.854692 0.000000 1.113124 19.188613 0.016793 -0.883292 0.024634 
3302 1.854692 0.000000 1.156695 19.292688 0.009529 -1.001486 0.013459 
3303 1.807972 0.000000 1.156695 19.351282 0.005371 -0.080818 0.010108 
3304 1.854692 0.000000 1.200266 19.439935 0.016143 -0.917010 -0.001189 
3305 2.602226 0.000000 1.069553 19.552186 -0.015337 0.388291 -0.010934 
3306 2.648947 0.000000 1.069553 19.572489 0.017849 0.392120 -0.013042 
3307 2.602226 0.000000 1.113124 19.551274 -0.063631 0.400677 -0.010876 
3308 2.695668 0.000000 1.069553 19.586164 0.055669 0.399936 -0.014481 
3309 2.742388 0.000000 1.069553 19.591748 0.095392 0.411055 -0.015099 
3310 2.695668 0.000000 1.113124 19.590654 0.012692 0.399060 -0.014937 
3311 2.602226 0.000000 1.156695 19.544672 -0.101846 0.407178 -0.010224 
3312 2.648947 0.000000 1.156695 19.569748 -0.068508 0.399158 -0.012785 
3313 2.602226 0.000000 1.200266 19.533918 -0.133911 0.409921 -0.009139 
3314 2.789109 0.000000 1.069553 19.591211 0.134970 0.425894 -0.015101 
3315 2.835830 0.000000 1.069553 19.584775 0.171730 0.443039 -0.014503 
3316 2.789109 0.000000 1.113124 19.602880 0.103985 0.409093 -0.016253 
3317 2.882551 0.000000 1.069553 19.573499 0.204470 0.461216 -0.013412 
3318 2.929272 0.000000 1.069553 19.559063 0.232080 0.479362 -0.011996 
3319 2.882551 0.000000 1.113124 19.588369 0.190435 0.431148 -0.014866 
3320 2.975993 0.000000 1.069553 19.542729 0.254335 0.496451 -0.010380 
3321 3.022713 0.000000 1.069553 19.525136 0.279755 0.514008 -0.008646 
3322 2.975993 0.000000 1.113124 19.555855 0.256247 0.457309 -0.011641 
3323 3.069434 0.000000 1.069553 19.507657 0.291920 0.525363 -0.006892 
3324 3.116155 0.000000 1.069553 19.490330 0.299436 0.532900 -0.005139 
3325 3.069434 0.000000 1.113124 19.516666 0.296600 0.478594 -0.007705 
1 11 62 60 61 
2 62 10 24 60 
3 60 24 14 63 
4 61 60 63 6 
5 24 66 64 65 
6 66 23 40 64 
7 64 40 27 67 
8 65 64 67 14 
9 40 70 68 69 
10 69 68 71 27 
11 6 63 92 93 
12 63 14 36 92 
13 92 36 19 94 
14 93 92 94 20 
15 14 67 95 96 
16 67 27 52 95 
17 95 52 35 97 
18 96 95 97 36 
19 27 71 98 99 
20 99 98 100 52 
21 12 112 110 111 
22 112 7 113 110 
23 110 113 13 25 
24 111 110 25 10 
25 25 116 114 115 
26 116 13 117 114 
27 114 117 26 41 
28 115 114 41 23 
29 41 120 118 119 
30 120 26 121 118 
31 118 121 42 57 
32 119 118 57 39 
33 39 124 122 123 
34 124 57 125 122 
35 122 125 55 81 
36 123 122 81 56 
37 81 128 126 127 
38 128 55 129 126 
39 57 146 145 125 
40 146 42 147 145 
41 145 147 58 89 
42 125 145 89 55 
43 55 149 148 129 
44 149 89 150 148 
45 126 170 168 169 
46 170 129 171 168 
47 168 171 82 142 
48 169 168 142 107 
49 142 174 172 173 
50 174 82 175 172 
51 172 175 143 165 
52 173 172 165 140 
53 165 188 186 187 
54 188 143 189 186 
55 68 193 191 192 
56 193 56 80 191 
57 191 80 43 194 
58 192 191 194 71 
59 80 197 195 196 
60 196 195 198 43 
61 140 209 207 208 
62 209 165 187 207 
63 215 217 108 218 
64 187 221 219 220 
65 221 186 222 219 
66 219 222 190 223 
67 220 219 223 163 
68 207 229 227 228 
69 229 187 220 227 
70 227 220 163 230 
71 107 233 231 232 
72 233 142 173 231 
73 231 173 140 205 
74 232 231 205 141 
75 205 236 234 235 
76 236 140 208 234 
77 234 249 247 248 
78 249 208 250 247 
79 247 250 164 251 
80 248 247 251 237 
81 141 258 256 257 
82 258 205 235 256 
83 256 265 263 264 
84 265 235 266 263 
85 263 266 203 267 
86 264 263 267 259 
87 56 270 268 269 
88 270 81 127 268 
89 269 268 197 80 
90 127 273 271 272 
91 273 126 169 271 
92 271 169 107 201 
93 272 271 201 79 
94 201 276 274 275 
95 276 107 232 274 
96 274 232 141 254 
97 275 274 254 199 
98 254 279 277 278 
99 279 141 257 277 
100 197 283 281 282 
101 282 281 284 195 
102 199 291 289 290 
103 291 254 278 289 
104 289 302 300 301 
105 302 278 303 300 
106 300 303 252 304 
107 301 300 304 292 
108 79 307 305 306 
109 307 201 275 305 
110 305 275 199 287 
111 306 305 287 200 
112 287 310 308 309 
113 310 199 290 308 
114 71 194 312 313 
115 194 43 102 312 
116 312 102 76 314 
117 313 312 314 98 
118 43 198 315 316 
119 316 315 317 102 
120 195 284 318 319 
121 319 318 320 198 
122 308 329 327 328 
123 329 290 330 327 
124 327 330 253 331 
125 328 327 331 311 
126 281 334 332 333 
127 334 200 286 332 
128 332 286 106 335 
129 333 332 335 284 
130 200 338 336 337 
131 338 287 309 336 
132 337 336 339 286 
133 309 342 340 341 
134 342 308 328 340 
135 340 328 311 343 
136 341 340 343 285 
137 286 339 344 345 
138 345 344 346 106 
139 336 349 347 348 
140 349 309 341 347 
141 347 341 285 350 
142 348 347 350 339 
143 208 352 351 250 
144 352 207 228 351 
145 351 228 210 353 
146 250 351 353 164 
147 210 230 354 355 
148 230 163 356 354 
149 354 356 216 357 
150 355 354 357 224 
151 228 360 358 359 
152 360 227 361 358 
153 358 361 230 362 
154 359 358 362 210 
155 365 367 241 368 
156 366 365 368 242 
157 261 371 369 370 
158 371 260 372 369 
159 369 372 262 373 
160 370 369 373 105 
161 374 366 242 376 
162 375 374 376 293 
163 363 379 377 378 
164 379 261 370 377 
165 378 377 380 364 
166 364 380 381 382 
167 380 105 383 381 
168 381 383 366 384 
169 382 381 384 374 
170 377 387 385 386 
171 387 370 388 385 
172 385 388 105 389 
173 386 385 389 380 
174 298 392 390 391 
175 392 363 378 390 
176 390 378 364 393 
177 391 390 393 255 
178 253 396 394 395 
179 396 292 397 394 
180 394 397 296 398 
181 395 394 398 297 
182 311 331 399 400 
183 331 253 395 399 
184 399 395 297 401 
185 400 399 401 324 
186 413 416 408 417 
187 414 413 417 406 
188 198 320 418 419 
189 419 418 420 315 
190 318 423 421 422 
191 423 239 407 421 
192 421 407 83 424 
193 422 421 424 320 
194 239 427 425 426 
195 425 414 406 428 
196 426 425 428 407 
197 321 431 429 430 
198 431 294 432 429 
199 429 432 238 415 
200 430 429 415 323 
201 323 435 433 434 
202 435 415 436 433 
203 433 436 413 437 
204 434 433 437 414 
205 238 439 438 416 
206 439 295 440 438 
207 438 440 410 441 
208 416 438 441 408 
209 415 443 442 436 
210 443 238 444 442 
211 442 444 416 445 
212 436 442 445 413 
213 295 453 452 440 
214 453 160 454 452 
215 452 454 411 455 
216 240 412 456 457 
217 456 458 404 459 
218 457 456 459 402 
219 410 455 460 461 
220 455 411 462 460 
221 460 462 109 463 
222 461 460 463 412 
223 440 466 464 465 
224 466 452 467 464 
225 464 467 455 468 
226 465 464 468 410 
227 472 473 446 474 
228 458 472 474 404 
229 449 477 475 476 
230 477 450 478 475 
231 475 478 162 479 
232 476 475 479 451 
233 483 484 447 485 
234 473 483 485 446 
235 450 487 486 478 
236 487 469 488 486 
237 486 488 471 489 
238 162 489 490 491 
239 489 471 492 490 
240 490 492 483 493 
241 491 490 493 473 
242 478 496 494 495 
243 496 486 497 494 
244 494 497 489 498 
245 495 494 498 162 
246 499 501 480 502 
247 484 499 502 447 
248 471 504 503 492 
249 504 59 505 503 
250 503 505 484 506 
251 492 503 506 483 
252 59 511 510 505 
253 511 500 512 510 
254 510 512 499 513 
255 505 510 513 484 
256 526 528 481 529 
257 501 526 529 480 
258 139 543 542 528 
259 543 523 544 542 
260 542 544 522 545 
261 528 542 545 481 
262 527 548 546 547 
263 548 139 549 546 
264 546 549 528 550 
265 547 546 550 526 
266 523 556 555 544 
267 556 91 557 555 
268 555 557 524 558 
269 544 555 558 522 
270 91 563 562 557 
271 563 552 564 562 
272 562 564 551 565 
273 19 38 566 567 
274 38 21 568 566 
275 566 568 9 569 
276 567 566 569 22 
277 35 54 570 571 
278 54 37 572 570 
279 570 572 21 573 
280 571 570 573 38 
281 51 78 574 575 
282 78 53 576 574 
283 574 576 37 577 
284 575 574 577 54 
285 75 135 578 579 
286 135 77 580 578 
287 578 580 53 581 
288 579 578 581 78 
289 133 521 582 583 
290 521 134 584 582 
291 582 584 77 585 
292 583 582 585 135 
293 586 588 521 589 
294 587 586 589 133 
295 524 565 590 591 
296 565 551 592 590 
297 590 592 554 593 
298 591 590 593 177 
299 557 596 594 595 
300 596 562 597 594 
301 594 597 565 598 
302 595 594 598 524 
303 552 608 607 564 
304 608 519 609 607 
305 607 609 553 610 
306 564 607 610 551 
307 515 649 647 648 
308 649 628 650 647 
309 647 650 627 651 
310 648 647 651 601 
311 284 335 676 677 
312 335 106 322 676 
313 676 322 239 423 
314 677 676 423 318 
315 322 680 678 679 
316 680 321 430 678 
317 678 430 323 427 
318 679 678 427 239 
319 103 178 681 682 
320 178 133 583 681 
321 681 583 135 683 
322 682 681 683 75 
323 684 686 178 687 
324 685 684 687 103 
325 447 502 688 689 
326 502 480 690 688 
327 688 690 482 691 
328 76 104 692 693 
329 104 75 579 692 
330 692 579 78 694 
331 693 692 694 51 
332 101 158 695 696 
333 158 103 682 695 
334 695 682 75 697 
335 696 695 697 104 
336 698 685 103 700 
337 699 698 700 158 
338 446 485 701 702 
339 485 447 689 701 
340 701 689 157 703 
341 702 701 703 448 
342 157 691 704 705 
343 691 482 706 704 
344 704 706 684 707 
345 705 704 707 685 
346 689 710 708 709 
347 710 688 711 708 
348 708 711 691 712 
349 709 708 712 157 
350 713 587 133 714 
351 686 713 714 178 
352 482 716 715 706 
353 716 176 717 715 
354 715 717 686 718 
355 706 715 718 684 
356 720 525 721 719 
357 719 721 713 722 
358 717 719 722 686 
359 481 545 723 724 
360 545 522 725 723 
361 723 725 525 720 
362 724 723 720 176 
363 176 728 726 727 
364 728 720 729 726 
365 726 729 719 730 
366 727 726 730 717 
367 525 732 731 721 
368 732 177 733 731 
369 731 733 587 734 
370 721 731 734 713 
371 177 593 735 733 
372 593 554 736 735 
373 735 736 586 737 
374 733 735 737 587 
375 738 739 134 740 
376 588 738 740 521 
377 554 742 741 736 
378 742 518 743 741 
379 741 743 588 744 
380 736 741 744 586 
381 21 46 745 568 
382 46 28 746 745 
383 745 746 30 747 
384 568 745 747 9 
385 37 74 748 572 
386 74 44 749 748 
387 748 749 46 750 
388 572 748 750 21 
389 53 132 751 576 
390 132 72 752 751 
391 751 752 74 753 
392 576 751 753 37 
393 77 517 754 580 
394 517 130 755 754 
395 754 755 132 756 
396 580 754 756 53 
397 514 630 757 758 
398 630 516 759 757 
399 757 759 130 760 
400 758 757 760 517 
401 601 651 761 762 
402 651 627 763 761 
403 761 763 630 764 
404 762 761 764 514 
405 130 626 765 755 
406 626 131 766 765 
407 765 766 72 767 
408 755 765 767 132 
409 516 655 768 759 
410 655 623 769 768 
411 768 769 626 770 
412 759 768 770 130 
413 629 663 771 772 
414 663 652 773 771 
415 771 773 655 774 
416 772 771 774 516 
417 659 777 775 776 
418 777 662 778 775 
419 775 778 652 779 
420 776 775 779 663 
421 652 675 780 773 
422 675 654 781 780 
423 780 781 623 782 
424 773 780 782 655 
425 783 785 675 786 
426 778 783 786 652 
427 653 799 797 798 
428 799 673 800 797 
429 662 803 801 802 
430 801 804 783 805 
431 802 801 805 778 
432 661 811 809 810 
433 811 653 798 809 
434 809 798 662 777 
435 810 809 777 659 
436 798 814 812 813 
437 814 797 815 812 
438 812 815 784 803 
439 813 812 803 662 
440 672 821 820 785 
441 821 674 822 820 
442 820 822 654 823 
443 785 820 823 675 
444 784 825 824 804 
445 825 672 826 824 
446 824 826 785 827 
447 804 824 827 783 
448 803 830 828 829 
449 830 784 831 828 
450 828 831 804 832 
451 829 828 832 801 
452 427 835 833 834 
453 835 323 434 833 
454 833 434 414 836 
455 834 833 836 425 
456 839 841 185 842 
457 217 839 842 108 
458 190 845 843 844 
459 845 166 846 843 
460 843 846 217 847 
461 844 843 847 215 
462 129 849 848 171 
463 849 148 850 848 
464 848 850 137 152 
465 171 848 152 82 
466 82 852 851 175 
467 852 152 853 851 
468 851 853 151 183 
469 175 851 183 143 
470 143 855 854 189 
471 855 183 856 854 
472 166 858 857 846 
473 858 840 859 857 
474 857 859 839 860 
475 846 857 860 217 
476 868 870 154 871 
477 841 868 871 185 
478 183 873 872 856 
479 873 151 874 872 
480 182 877 875 876 
481 877 869 878 875 
482 875 878 868 879 
483 876 875 879 841 
484 883 864 884 882 
485 882 884 867 885 
486 870 882 885 154 
487 152 887 886 853 
488 887 137 888 886 
489 886 888 153 865 
490 853 886 865 151 
491 151 890 889 874 
492 890 865 891 889 
493 889 891 864 883 
494 184 894 892 893 
495 894 883 895 892 
496 892 895 882 896 
497 893 892 896 870 
498 864 902 901 884 
499 902 866 903 901 
500 901 903 136 904 
501 884 901 904 867 
502 89 906 905 150 
503 906 58 907 905 
504 897 920 918 919 
505 920 899 921 918 
506 918 921 537 922 
507 919 918 922 900 
508 923 924 538 925 
509 899 927 926 921 
510 927 911 928 926 
511 921 926 929 537 
512 960 962 943 963 
513 961 960 963 942 
514 980 982 962 983 
515 981 980 983 960 
516 965 986 984 985 
517 986 964 987 984 
518 964 994 993 987 
519 994 967 995 993 
520 1009 1010 977 1011 
521 982 1009 1011 962 
522 989 1014 1012 1013 
523 1014 991 1015 1012 
524 1012 1015 959 1016 
525 1023 1024 978 1025 
526 1010 1023 1025 977 
527 991 1027 1026 1015 
528 1027 1005 1028 1026 
529 1026 1028 1008 1029 
530 1015 1026 1029 959 
531 1005 1035 1034 1028 
532 1035 1007 1036 1034 
533 1034 1036 941 1037 
534 1028 1034 1037 1008 
535 1038 1039 1020 1040 
536 1024 1038 1040 978 
537 1049 1052 1039 1053 
538 1050 1049 1053 1038 
539 1064 1067 1047 1068 
540 1065 1064 1068 1045 
541 1072 1074 1060 1075 
542 1067 1072 1075 1047 
543 1042 1106 1104 1105 
544 1106 1089 1107 1104 
545 1104 1107 1088 1108 
546 1105 1104 1108 1062 
547 1114 1098 1115 1113 
548 1000 1118 1116 1117 
549 1118 1110 1119 1116 
550 1110 1130 1129 1119 
551 1130 1085 1131 1129 
552 1098 1137 1136 1115 
553 1137 1100 1138 1136 
554 1136 1138 937 1126 
555 1126 1145 1143 1144 
556 1145 937 1146 1143 
557 1143 1146 1127 1147 
558 28 614 1160 746 
559 614 29 1161 1160 
560 1160 1161 3 1162 
561 746 1160 1162 30 
562 45 952 1163 1164 
563 952 611 1165 1163 
564 1163 1165 614 1166 
565 1164 1163 1166 28 
566 950 1083 1167 1168 
567 1083 951 1169 1167 
568 1167 1169 611 1170 
569 1168 1167 1170 952 
570 1018 1124 1171 1172 
571 1124 1080 1173 1171 
572 1171 1173 1083 1174 
573 1172 1171 1174 950 
574 1086 1142 1175 1176 
575 1142 1121 1177 1175 
576 1175 1177 1124 1178 
577 1176 1175 1178 1018 
578 1139 1181 1179 1180 
579 1179 1182 1121 1183 
580 1180 1179 1183 1142 
581 1121 1159 1194 1177 
582 1159 1123 1195 1194 
583 1194 1195 1080 1196 
584 1177 1194 1196 1124 
585 1197 1200 1123 1201 
586 1198 1197 1201 1159 
587 1080 1155 1210 1173 
588 1155 1082 1211 1210 
589 1210 1211 951 1212 
590 1173 1210 1212 1083 
591 1123 1193 1213 1195 
592 1193 1152 1214 1213 
593 1213 1214 1155 1215 
594 1195 1213 1215 1080 
595 1216 1219 1152 1220 
596 1217 1216 1220 1193 
597 1152 1209 1228 1214 
598 1209 1154 1229 1228 
599 1228 1229 1082 1230 
600 1214 1228 1230 1155 
601 1206 1233 1231 1232 
602 1231 1234 1154 1235 
603 1232 1231 1235 1209 
604 611 1079 1236 1165 
605 1079 613 1237 1236 
606 1236 1237 29 1238 
607 1165 1236 1238 614 
608 951 1151 1239 1169 
609 1151 1076 1240 1239 
610 1239 1240 1079 1241 
611 1169 1239 1241 611 
612 1082 1205 1242 1211 
613 1205 1148 1243 1242 
614 1242 1243 1151 1244 
615 1211 1242 1244 951 
616 1154 1227 1245 1229 
617 1227 1202 1246 1245 
618 1245 1246 1205 1247 
619 1229 1245 1247 1082 
620 1248 1250 1227 1251 
621 1234 1248 1251 1154 
622 911 1306 1305 928 
623 1306 913 1307 1305 
624 1305 1307 138 1308 
625 928 1305 1308 914 
626 537 929 1309 1310 
627 929 914 1311 1309 
628 1309 1311 923 1312 
629 1310 1309 1312 916 
630 926 1315 1313 1314 
631 1315 928 1316 1313 
632 1313 1316 914 1317 
633 1314 1313 1317 929 
634 908 1325 1324 1303 
635 1325 910 1326 1324 
636 1324 1326 533 1327 
637 1303 1324 1327 560 
638 1328 1329 559 1330 
639 924 1328 1330 538 
640 1301 1333 1331 1332 
641 1333 1303 1334 1331 
642 1331 1334 560 1335 
643 1332 1331 1335 1304 
644 910 1339 1338 1326 
645 1339 1320 1340 1338 
646 1338 1340 1323 1341 
647 1326 1338 1341 533 
648 7 1343 1342 113 
649 1343 16 1344 1342 
650 1342 1344 15 32 
651 113 1342 32 13 
652 13 1346 1345 117 
653 1346 32 1347 1345 
654 1345 1347 31 48 
655 117 1345 48 26 
656 26 1349 1348 121 
657 1349 48 1350 1348 
658 1348 1350 47 85 
659 121 1348 85 42 
660 42 1352 1351 147 
661 1352 85 1353 1351 
662 1351 1353 84 531 
663 147 1351 531 58 
664 58 1355 1354 907 
665 1355 531 1356 1354 
666 1320 1362 1361 1340 
667 1362 1322 1363 1361 
668 1361 1363 535 1364 
669 1340 1361 1364 1323 
670 1322 1369 1368 1363 
671 1369 1357 1370 1368 
672 1368 1370 1360 1371 
673 1363 1368 1371 535 
674 1318 1381 1379 1380 
675 1381 1373 1382 1379 
676 1379 1382 1372 1383 
677 1380 1379 1383 1366 
678 531 1388 1387 1356 
679 1388 84 1389 1387 
680 1391 645 1392 1390 
681 644 1395 1393 1394 
682 1395 1385 1396 1393 
683 1393 1396 1384 1397 
684 1394 1393 1397 1374 
685 645 1402 1401 1392 
686 1402 532 1403 1401 
687 1401 1403 646 1399 
688 643 1406 1404 1405 
689 1406 1399 1407 1404 
690 1404 1407 1398 1408 
691 1405 1404 1408 1386 
692 85 1410 1409 1353 
693 1410 47 1411 1409 
694 1409 1411 86 641 
695 1353 1409 641 84 
696 84 1413 1412 1389 
697 1413 641 1414 1412 
698 1412 1414 640 657 
699 532 1416 1415 1403 
700 1416 657 1417 1415 
701 1415 1417 656 808 
702 1403 1415 808 646 
703 646 1420 1418 1419 
704 1420 808 1421 1418 
705 1418 1421 806 1422 
706 1419 1418 1422 807 
707 657 1424 1423 1417 
708 1424 640 1425 1423 
709 1423 1425 658 795 
710 1417 1423 795 656 
711 656 1428 1426 1427 
712 1428 795 1429 1426 
713 1426 1429 793 1430 
714 1427 1426 1430 794 
715 641 1443 1442 1414 
716 1443 86 1444 1442 
717 1442 1444 642 791 
718 1414 1442 791 640 
719 791 1447 1445 1446 
720 1447 642 1448 1445 
721 1445 1448 792 1439 
722 1446 1445 1439 790 
723 790 1451 1449 1450 
724 1451 1439 1452 1449 
725 1449 1452 1438 1453 
726 1450 1449 1453 1433 
727 48 1473 1472 1350 
728 1473 31 1474 1472 
729 1472 1474 49 638 
730 1350 1472 638 47 
731 47 1476 1475 1411 
732 1476 638 1477 1475 
733 1475 1477 637 788 
734 1411 1475 788 86 
735 86 1479 1478 1444 
736 1479 788 1480 1478 
737 1478 1480 787 1435 
738 1444 1478 1435 642 
739 1435 1483 1481 1482 
740 1483 787 1484 1481 
741 1481 1484 1436 1469 
742 1482 1481 1469 1434 
743 1488 1489 666 1490 
744 1469 1497 1495 1496 
745 1497 1436 1498 1495 
746 1495 1498 1470 1499 
747 1496 1495 1499 1468 
748 1508 1509 1485 1510 
749 1489 1508 1510 666 
750 1500 1520 1519 1513 
751 1520 1502 1521 1519 
752 1519 1521 1463 1522 
753 1513 1519 1522 1503 
754 1523 961 942 1524 
755 1525 1526 1486 1527 
756 1509 1525 1527 1485 
757 1502 1529 1528 1521 
758 1529 1515 1530 1528 
759 1528 1530 1518 1531 
760 1521 1528 1531 1463 
761 1515 1537 1536 1530 
762 1537 1517 1538 1536 
763 1536 1538 34 1539 
764 1530 1536 1539 1518 
765 1540 1541 1523 1542 
766 1526 1540 1542 1486 
767 1517 1544 1543 1538 
768 1544 1532 1545 1543 
769 1543 1545 1535 1546 
770 1538 1543 1546 34 
771 1532 1551 1550 1545 
772 1551 1534 1552 1550 
773 1550 1552 972 1553 
774 1545 1550 1553 1535 
775 1554 1555 961 1556 
776 1541 1554 1556 1523 
777 1534 1558 1557 1552 
778 1558 1547 1559 1557 
779 1547 1562 1561 1559 
780 1562 974 1563 1561 
781 1565 981 960 1566 
782 1555 1565 1566 961 
783 973 1569 1567 1568 
784 1569 965 985 1567 
785 976 1570 1571 1572 
786 1570 949 1573 1571 
787 1571 1573 981 1574 
788 1572 1571 1574 1565 
789 1567 1577 1575 1576 
790 1577 985 1578 1575 
791 1575 1578 949 1579 
792 1576 1575 1579 1570 
793 1580 1581 212 1582 
794 367 1580 1582 241 
795 262 1585 1583 1584 
796 1585 206 1586 1583 
797 1583 1586 367 1587 
798 1584 1583 1587 365 
799 185 871 1588 1589 
800 871 154 1590 1588 
801 1588 1590 838 1591 
802 1589 1588 1591 837 
803 154 885 1592 1590 
804 885 867 1593 1592 
805 1592 1593 880 1594 
806 1590 1592 1594 838 
807 560 1327 1595 1329 
808 1327 533 1596 1595 
809 1595 1596 561 1597 
810 1329 1595 1597 559 
811 533 1341 1598 1596 
812 1341 1323 1599 1598 
813 1598 1599 1336 1600 
814 1596 1598 1600 561 
815 1601 1602 211 1603 
816 1581 1601 1603 212 
817 144 1606 1604 1605 
818 1606 226 1607 1604 
819 1604 1607 1601 1608 
820 1605 1604 1608 1581 
821 218 108 1610 1609 
822 1609 1610 213 1611 
823 1602 1609 1611 211 
824 108 842 1612 1610 
825 842 185 1589 1612 
826 1610 1612 1613 213 
827 213 1613 1614 1615 
828 1613 837 1616 1614 
829 1614 1616 508 1617 
830 1615 1614 1617 161 
831 1612 1620 1618 1619 
832 1620 1589 1621 1618 
833 1618 1621 837 1622 
834 1619 1618 1622 1613 
835 1323 1364 1623 1599 
836 1364 535 1624 1623 
837 1623 1624 1337 1625 
838 1599 1623 1625 1336 
839 535 1371 1626 1624 
840 1371 1360 1627 1626 
841 1626 1627 1365 1628 
842 1624 1626 1628 1337 
843 1360 1630 1629 1627 
844 1630 1318 1380 1629 
845 1629 1380 1366 1631 
846 1627 1629 1631 1365 
847 1373 1633 1632 1382 
848 1633 644 1394 1632 
849 1632 1394 1374 1634 
850 1382 1632 1634 1372 
851 1385 1636 1635 1396 
852 1636 643 1405 1635 
853 1635 1405 1386 1637 
854 1396 1635 1637 1384 
855 1399 1639 1638 1407 
856 1639 646 1419 1638 
857 1638 1419 807 1640 
858 1407 1638 1640 1398 
859 808 1642 1641 1421 
860 1642 656 1427 1641 
861 1641 1427 794 1643 
862 1421 1641 1643 806 
863 795 1645 1644 1429 
864 1645 658 1646 1644 
865 1644 1646 796 1647 
866 1429 1644 1647 793 
867 640 1649 1648 1425 
868 1649 791 1446 1648 
869 1648 1446 790 1432 
870 1425 1648 1432 658 
871 658 1651 1650 1646 
872 1651 1432 1652 1650 
873 1650 1652 1431 1653 
874 1646 1650 1653 796 
875 1432 1655 1654 1652 
876 1655 790 1450 1654 
877 1654 1450 1433 1656 
878 1652 1654 1656 1431 
879 1439 1658 1657 1452 
880 1658 792 1659 1657 
881 1657 1659 1440 1660 
882 1452 1657 1660 1438 
883 642 1662 1661 1448 
884 1662 1435 1482 1661 
885 1661 1482 1434 1458 
886 1448 1661 1458 792 
887 792 1664 1663 1659 
888 1664 1458 1665 1663 
889 1663 1665 1457 1666 
890 1659 1663 1666 1440 
891 1458 1668 1667 1665 
892 1668 1434 1669 1667 
893 1667 1669 1459 1670 
894 1665 1667 1670 1457 
895 1434 1672 1671 1669 
896 1672 1469 1496 1671 
897 1671 1496 1468 1673 
898 1669 1671 1673 1459 
899 788 1675 1674 1480 
900 1675 637 1676 1674 
901 1674 1676 789 1465 
902 1480 1674 1465 787 
903 787 1678 1677 1484 
904 1678 1465 1679 1677 
905 1677 1679 1464 1492 
906 1484 1677 1492 1436 
907 1436 1681 1680 1498 
908 1681 1492 1682 1680 
909 1680 1682 1491 1683 
910 1498 1680 1683 1470 
911 1492 1685 1684 1682 
912 1685 1464 1686 1684 
913 1682 1684 1687 1491 
914 1465 1689 1688 1679 
915 1689 789 1690 1688 
916 1688 1690 1466 1505 
917 1679 1688 1505 1464 
918 1464 1692 1691 1686 
919 1692 1505 1693 1691 
920 665 1494 1695 1696 
921 1494 1467 1697 1695 
922 1695 1697 1488 1698 
923 1696 1695 1698 1455 
924 1491 1687 1699 1700 
925 1687 1493 1701 1699 
926 1699 1701 1467 1702 
927 1700 1699 1702 1494 
928 1684 1705 1703 1704 
929 1705 1686 1706 1703 
930 1703 1706 1493 1707 
931 1704 1703 1707 1687 
932 1505 1709 1708 1693 
933 1709 1466 1710 1708 
934 1467 1507 1712 1697 
935 1507 620 1713 1712 
936 1712 1713 1489 1714 
937 1697 1712 1714 1488 
938 1493 1694 1715 1701 
939 1694 1504 1716 1715 
940 1715 1716 1507 1717 
941 1701 1715 1717 1467 
942 1691 1720 1718 1719 
943 1720 1693 1721 1718 
944 1718 1721 1504 1722 
945 1719 1718 1722 1694 
946 638 1724 1723 1477 
947 1724 49 1725 1723 
948 1723 1725 639 1462 
949 1477 1723 1462 637 
950 637 1727 1726 1676 
951 1727 1462 1728 1726 
952 1726 1728 1461 1501 
953 1676 1726 1501 789 
954 789 1730 1729 1690 
955 1730 1501 1731 1729 
956 1729 1731 1500 1512 
957 1690 1729 1512 1466 
958 1466 1733 1732 1710 
959 1733 1512 1734 1732 
960 1504 1711 1736 1716 
961 1711 1506 1737 1736 
962 1736 1737 620 1738 
963 1716 1736 1738 1507 
964 1708 1741 1739 1740 
965 1741 1710 1742 1739 
966 1739 1742 1506 1743 
967 1740 1739 1743 1711 
968 1512 1745 1744 1734 
969 1745 1500 1746 1744 
970 1744 1746 1513 1747 
971 1734 1744 1747 1511 
972 620 1514 1748 1713 
973 1514 1503 1749 1748 
974 1748 1749 1508 1750 
975 1713 1748 1750 1489 
976 1506 1735 1751 1737 
977 1735 1511 1752 1751 
978 1751 1752 1514 1753 
979 1737 1751 1753 620 
980 1732 1756 1754 1755 
981 1756 1734 1757 1754 
982 1754 1757 1511 1758 
983 1755 1754 1758 1735 
984 972 1560 1759 1760 
985 1560 1549 1761 1759 
986 1759 1761 1554 1762 
987 1760 1759 1762 1541 
988 1552 1765 1763 1764 
989 1765 1557 1766 1763 
990 1763 1766 1560 1767 
991 1764 1763 1767 972 
992 1557 1769 1768 1766 
993 1769 1559 1770 1768 
994 1768 1770 1549 1771 
995 1766 1768 1771 1560 
996 1549 1564 1772 1761 
997 1564 933 1773 1772 
998 1772 1773 1555 1774 
999 1761 1772 1774 1554 
1000 1559 1776 1775 1770 
1001 1776 1561 1777 1775 
1002 1775 1777 1564 1778 
1003 1770 1775 1778 1549 
1004 974 1780 1779 1563 
1005 1780 973 1568 1779 
1006 1561 1783 1782 1777 
1007 1783 1563 1784 1782 
1008 1782 1784 933 1785 
1009 1777 1782 1785 1564 
1010 933 1781 1786 1773 
1011 1781 976 1572 1786 
1012 1786 1572 1565 1787 
1013 1773 1786 1787 1555 
1014 1563 1789 1788 1784 
1015 1789 1779 1790 1788 
1016 1788 1790 1781 1791 
1017 1784 1788 1791 933 
1018 1568 1794 1792 1793 
1019 1794 1567 1576 1792 
1020 1792 1576 1570 1795 
1021 1793 1792 1795 976 
1022 949 988 1796 1573 
1023 988 968 1797 1796 
1024 1796 1797 980 1798 
1025 1573 1796 1798 981 
1026 985 1800 1799 1578 
1027 1800 984 1801 1799 
1028 1799 1801 988 1802 
1029 1578 1799 1802 949 
1030 968 996 1803 1797 
1031 996 616 1804 1803 
1032 1803 1804 982 1805 
1033 1797 1803 1805 980 
1034 987 1808 1806 1807 
1035 1808 993 1809 1806 
1036 1806 1809 996 1810 
1037 1807 1806 1810 968 
1038 967 1812 1811 995 
1039 1812 989 1013 1811 
1040 993 1815 1814 1809 
1041 1815 995 1816 1814 
1042 1814 1816 616 1817 
1043 1809 1814 1817 996 
1044 616 1813 1818 1804 
1045 1813 992 1819 1818 
1046 1818 1819 1009 1820 
1047 1804 1818 1820 982 
1048 995 1822 1821 1816 
1049 1822 1811 1823 1821 
1050 1821 1823 1813 1824 
1051 1816 1821 1824 616 
1052 992 1016 1825 1819 
1053 1016 959 1826 1825 
1054 1825 1826 1010 1827 
1055 1819 1825 1827 1009 
1056 1013 1830 1828 1829 
1057 1830 1012 1831 1828 
1058 1828 1831 1016 1832 
1059 1829 1828 1832 992 
1060 1008 1037 1833 1834 
1061 1037 941 1835 1833 
1062 1833 1835 1024 1836 
1063 1834 1833 1836 1023 
1064 941 1838 1837 1835 
1065 1837 1050 1038 1839 
1066 1835 1837 1839 1024 
1067 1007 1841 1840 1036 
1068 1841 1030 1842 1840 
1069 1840 1842 1033 1838 
1070 1036 1840 1838 941 
1071 1838 1845 1843 1844 
1072 1845 1033 1846 1843 
1073 1843 1846 1050 1847 
1074 1844 1843 1847 1837 
1075 1030 1849 1848 1842 
1076 1849 1032 1850 1848 
1077 1848 1850 1004 1051 
1078 1842 1848 1051 1033 
1079 1851 1065 1045 1853 
1080 1052 1851 1853 1039 
1081 1051 1856 1854 1855 
1082 1856 1004 1857 1854 
1083 1854 1857 1052 1858 
1084 1855 1854 1858 1049 
1085 1032 1860 1859 1850 
1086 1860 1057 1861 1859 
1087 1859 1861 1046 1852 
1088 1850 1859 1852 1004 
1089 1004 1863 1862 1857 
1090 1863 1852 1864 1862 
1091 1862 1864 1851 1865 
1092 1857 1862 1865 1052 
1093 1057 1867 1866 1861 
1094 1867 1059 1868 1866 
1095 1866 1868 18 1066 
1096 1861 1866 1066 1046 
1097 1046 1871 1869 1870 
1098 1871 1066 1872 1869 
1099 1869 1872 1064 1873 
1100 1870 1869 1873 1065 
1101 1059 1875 1874 1868 
1102 1875 1069 1876 1874 
1103 1874 1876 1061 1073 
1104 1868 1874 1073 18 
1105 18 1879 1877 1878 
1106 1879 1073 1880 1877 
1107 1877 1880 1072 1881 
1108 1878 1877 1881 1067 
1109 1061 1883 1882 1074 
1110 1883 1042 1105 1882 
1111 1882 1105 1062 1884 
1112 1074 1882 1884 1060 
1113 1073 1886 1885 1880 
1114 1886 1061 1887 1885 
1115 1885 1887 1074 1888 
1116 1880 1885 1888 1072 
1117 1089 1890 1889 1107 
1118 1890 1000 1117 1889 
1119 617 1019 1892 1893 
1120 1019 950 1168 1892 
1121 1892 1168 952 1894 
1122 1893 1892 1894 45 
1123 954 1044 1895 1896 
1124 1044 1017 1897 1895 
1125 1895 1897 1019 1898 
1126 1896 1895 1898 617 
1127 1041 1091 1899 1900 
1128 1091 1043 1901 1899 
1129 1899 1901 1017 1902 
1130 1900 1899 1902 1044 
1131 1088 1891 1903 1904 
1132 1891 1090 1905 1903 
1133 1903 1905 1043 1906 
1134 1904 1903 1906 1091 
1135 1107 1909 1907 1908 
1136 1909 1889 1910 1907 
1137 1907 1910 1891 1911 
1138 1908 1907 1911 1088 
1139 1017 1087 1912 1897 
1140 1087 1018 1172 1912 
1141 1912 1172 950 1913 
1142 1897 1912 1913 1019 
1143 1043 1112 1914 1901 
1144 1112 1084 1915 1914 
1145 1914 1915 1087 1916 
1146 1901 1914 1916 1017 
1147 1917 1918 1112 1919 
1148 1905 1917 1919 1043 
1149 1117 1922 1920 1921 
1150 1922 1116 1923 1920 
1151 1920 1923 1120 1924 
1152 1921 1920 1924 1090 
1153 1925 1926 1084 1927 
1154 1918 1925 1927 1112 
1155 1119 1930 1928 1929 
1156 1930 1129 1931 1928 
1157 1928 1931 1132 1932 
1158 1929 1928 1932 1109 
1159 1085 1934 1933 1131 
1160 1934 1126 1144 1933 
1161 1129 1937 1936 1931 
1162 1937 1131 1938 1936 
1163 1931 1936 1939 1132 
1164 1084 1128 1940 1915 
1165 1128 1086 1176 1940 
1166 1940 1176 1018 1941 
1167 1915 1940 1941 1087 
1168 1942 1943 1128 1944 
1169 1926 1942 1944 1084 
1170 1131 1946 1945 1938 
1171 1946 1933 1947 1945 
1172 1945 1947 1935 1948 
1173 1938 1945 1948 1111 
1174 1132 1939 1949 1950 
1175 1939 1111 1951 1949 
1176 1949 1951 1926 1952 
1177 1950 1949 1952 1925 
1178 1936 1955 1953 1954 
1179 1955 1938 1956 1953 
1180 1953 1956 1111 1957 
1181 1954 1953 1957 1939 
1182 1147 1127 1959 1958 
1183 1958 1959 1086 1960 
1184 1943 1958 1960 1128 
1185 1144 1963 1961 1962 
1186 1963 1143 1964 1961 
1187 1961 1964 1147 1965 
1188 1933 1967 1966 1947 
1189 1967 1144 1962 1966 
1190 1966 1962 1125 1968 
1191 1947 1966 1968 1935 
1192 1125 1965 1969 1970 
1193 1965 1147 1971 1969 
1194 1969 1971 1958 1972 
1195 1970 1969 1972 1943 
1196 1962 1975 1973 1974 
1197 1975 1961 1976 1973 
1198 1973 1976 1965 1977 
1199 1974 1973 1977 1125 
1200 1127 1979 1978 1959 
1201 1979 1139 1180 1978 
1202 1978 1180 1142 1980 
1203 1959 1978 1980 1086 
1204 1100 1982 1981 1138 
1205 1982 1133 1983 1981 
1206 1981 1983 1122 1140 
1207 1138 1981 1140 937 
1208 1140 1986 1984 1985 
1209 1986 1122 1987 1984 
1210 1985 1984 1181 1139 
1211 1988 1198 1159 1990 
1212 1182 1988 1990 1121 
1213 1181 1993 1991 1992 
1214 1993 1141 1994 1991 
1215 1991 1994 1182 1995 
1216 1992 1991 1995 1179 
1217 1133 1997 1996 1983 
1218 1997 1135 1998 1996 
1219 1996 1998 1081 1157 
1220 1983 1996 1157 1122 
1221 1122 2000 1999 1987 
1222 2000 1157 2001 1999 
1223 1141 2003 2002 1994 
1224 2002 2004 1988 2005 
1225 1994 2002 2005 1182 
1226 1987 2008 2006 2007 
1227 2008 1999 2009 2006 
1228 2006 2009 1989 2003 
1229 2007 2006 2003 1141 
1230 1989 2011 2010 2004 
1231 2011 1156 2012 2010 
1232 2010 2012 1198 2013 
1233 2004 2010 2013 1988 
1234 2003 2016 2014 2015 
1235 2016 1989 2017 2014 
1236 2014 2017 2004 2018 
1237 2015 2014 2018 2002 
1238 1157 2020 2019 2001 
1239 2020 1081 2021 2019 
1240 2022 1217 1193 2024 
1241 1200 2022 2024 1123 
1242 1199 2027 2025 2026 
1243 2027 1158 2028 2025 
1244 2025 2028 1200 2029 
1245 2026 2025 2029 1197 
1246 1135 2031 2030 1998 
1247 2031 1187 2032 2030 
1248 2030 2032 1153 1191 
1249 1998 2030 1191 1081 
1250 1081 2034 2033 2021 
1251 2034 1191 2035 2033 
1252 1158 2037 2036 2028 
1253 2036 2038 2022 2039 
1254 2028 2036 2039 1200 
1255 2021 2042 2040 2041 
1256 2042 2033 2043 2040 
1257 2040 2043 2023 2037 
1258 2041 2040 2037 1158 
1259 2023 2045 2044 2038 
1260 2045 1190 2046 2044 
1261 2044 2046 1217 2047 
1262 2038 2044 2047 2022 
1263 2037 2050 2048 2049 
1264 2050 2023 2051 2048 
1265 2048 2051 2038 2052 
1266 2049 2048 2052 2036 
1267 1191 2054 2053 2035 
1268 2054 1153 2055 2053 
1269 2057 1206 1232 2056 
1270 2056 1232 1209 2058 
1271 1219 2056 2058 1152 
1272 2061 1192 2062 2059 
1273 2059 2062 1219 2063 
1274 2060 2059 2063 1216 
1275 1190 2065 2064 2046 
1276 2065 1218 2060 2064 
1277 2064 2060 1216 2066 
1278 2046 2064 2066 1217 
1279 1187 2068 2067 2032 
1280 2068 1189 2069 2067 
1281 2067 2069 612 1207 
1282 2032 2067 1207 1153 
1283 1153 2071 2070 2055 
1284 2071 1207 2072 2070 
1285 2070 2072 1206 2057 
1286 2053 2075 2073 2074 
1287 2075 2055 2076 2073 
1288 2073 2076 1192 2061 
1289 2074 2073 2061 1218 
1290 1218 2079 2077 2078 
1291 2079 2061 2080 2077 
1292 2077 2080 2059 2081 
1293 2078 2077 2081 2060 
1294 1192 2083 2082 2062 
1295 2083 2057 2084 2082 
1296 2082 2084 2056 2085 
1297 2062 2082 2085 1219 
1298 1207 2087 2086 2072 
1299 2087 612 2088 2086 
1300 2086 2088 1208 1233 
1301 2072 2086 1233 1206 
1302 1233 2091 2089 2090 
1303 2091 1208 2092 2089 
1304 2089 2092 1234 2093 
1305 2090 2089 2093 1231 
1306 1189 2095 2094 2069 
1307 2095 1221 2096 2094 
1308 2094 2096 1203 1225 
1309 2069 2094 1225 612 
1310 612 2098 2097 2088 
1311 2098 1225 2099 2097 
1312 2097 2099 1224 1249 
1313 2088 2097 1249 1208 
1314 1208 2101 2100 2092 
1315 2101 1249 2102 2100 
1316 2100 2102 1248 2103 
1317 2092 2100 2103 1234 
1318 1224 2105 2104 1250 
1319 2105 1226 2106 2104 
1320 2104 2106 1202 2107 
1321 1250 2104 2107 1227 
1322 1249 2109 2108 2102 
1323 2109 1224 2110 2108 
1324 2108 2110 1250 2111 
1325 2102 2108 2111 1248 
1326 1202 1263 2112 1246 
1327 1263 1204 2113 2112 
1328 2112 2113 1148 2114 
1329 1246 2112 2114 1205 
1330 1226 2116 2115 2106 
1331 2115 2117 1263 2118 
1332 2106 2115 2118 1202 
1333 1221 2120 2119 2096 
1334 2120 1223 2121 2119 
1335 2119 2121 1149 1261 
1336 2096 2119 1261 1203 
1337 1203 2124 2122 2123 
1338 2124 1261 2125 2122 
1339 2122 2125 1260 2116 
1340 2123 2122 2116 1226 
1341 1260 2127 2126 2117 
1342 2127 1262 2128 2126 
1343 2126 2128 1204 2129 
1344 2117 2126 2129 1263 
1345 2116 2132 2130 2131 
1346 2132 1260 2133 2130 
1347 2130 2133 2117 2134 
1348 2131 2130 2134 2115 
1349 1148 1259 2135 1243 
1350 1259 1150 2136 2135 
1351 2135 2136 1076 2137 
1352 1243 2135 2137 1151 
1353 1204 1273 2138 2113 
1354 1273 1256 2139 2138 
1355 2138 2139 1259 2140 
1356 2113 2138 2140 1148 
1357 1262 2142 2141 2128 
1358 2142 1270 2143 2141 
1359 2141 2143 1273 2144 
1360 2128 2141 2144 1204 
1361 1270 2149 2148 2143 
1362 2149 1272 2150 2148 
1363 2148 2150 1256 2151 
1364 2143 2148 2151 1273 
1365 1256 2147 2152 2139 
1366 2147 1258 2153 2152 
1367 2152 2153 1150 2154 
1368 2139 2152 2154 1259 
1369 2155 2158 1258 2159 
1370 2156 2155 2159 2147 
1371 1272 2161 2160 2150 
1372 2161 2145 2156 2160 
1373 2160 2156 2147 2162 
1374 2150 2160 2162 1256 
1375 1267 2165 2163 2164 
1376 2165 1269 2166 2163 
1377 2163 2166 1077 2146 
1378 2164 2163 2146 1257 
1379 2146 2169 2167 2168 
1380 2169 1077 2170 2167 
1381 2167 2170 1282 2157 
1382 2168 2167 2157 2145 
1383 2145 2173 2171 2172 
1384 2173 2157 2174 2171 
1385 2171 2174 2155 2175 
1386 2172 2171 2175 2156 
1387 1076 1255 2176 1240 
1388 1255 1078 2177 2176 
1389 2176 2177 613 2178 
1390 1240 2176 2178 1079 
1391 1150 1277 2179 2136 
1392 1277 1252 2180 2179 
1393 2179 2180 1255 2181 
1394 2136 2179 2181 1076 
1395 1258 1285 2182 2153 
1396 1285 1274 2183 2182 
1397 2182 2183 1277 2184 
1398 2153 2182 2184 1150 
1399 2186 1281 2187 2185 
1400 2185 2187 1285 2188 
1401 2158 2185 2188 1258 
1402 1269 2190 2189 2166 
1403 2190 1278 2191 2189 
1404 2189 2191 1275 1283 
1405 2166 2189 1283 1077 
1406 1077 2193 2192 2170 
1407 2193 1283 2194 2192 
1408 2192 2194 1281 2186 
1409 2170 2192 2186 1282 
1410 1282 2197 2195 2196 
1411 2197 2186 2198 2195 
1412 2195 2198 2185 2199 
1413 2196 2195 2199 2158 
1414 1281 2201 2200 2187 
1415 2201 1284 2202 2200 
1416 2200 2202 1274 2203 
1417 2187 2200 2203 1285 
1418 1274 1293 2204 2183 
1419 1293 1276 2205 2204 
1420 2204 2205 1252 2206 
1421 2183 2204 2206 1277 
1422 1284 2208 2207 2202 
1423 2208 1290 2209 2207 
1424 2207 2209 1293 2210 
1425 2202 2207 2210 1274 
1426 1290 2212 2211 2209 
1427 2211 2213 1276 2214 
1428 2209 2211 2214 1293 
1429 1278 2216 2215 2191 
1430 2216 1280 2217 2215 
1431 2215 2217 1253 1291 
1432 2191 2215 1291 1275 
1433 1291 2220 2218 2219 
1434 2220 1253 2221 2218 
1435 2218 2221 1292 2212 
1436 2219 2218 2212 1290 
1437 1252 1289 2222 2180 
1438 1289 1254 2223 2222 
1439 2222 2223 1078 2224 
1440 2180 2222 2224 1255 
1441 1276 1300 2225 2205 
1442 1300 1286 2226 2225 
1443 2225 2226 1289 2227 
1444 2205 2225 2227 1252 
1445 2228 2230 1300 2231 
1446 2213 2228 2231 1276 
1447 2212 2234 2232 2233 
1448 2234 1292 2235 2232 
1449 2232 2235 2213 2236 
1450 2233 2232 2236 2211 
1451 1280 2238 2237 2217 
1452 2238 1294 2239 2237 
1453 2237 2239 1287 1298 
1454 2217 2237 1298 1253 
1455 1253 2241 2240 2221 
1456 2241 1298 2242 2240 
1457 2240 2242 1297 2229 
1458 2221 2240 2229 1292 
1459 2244 8 2245 2243 
1460 2243 2245 1288 2246 
1461 1297 2248 2247 2230 
1462 2248 1299 2249 2247 
1463 2247 2249 1286 2250 
1464 2230 2247 2250 1300 
1465 2229 2253 2251 2252 
1466 2253 1297 2254 2251 
1467 2251 2254 2230 2255 
1468 2252 2251 2255 2228 
1469 1286 2246 2256 2226 
1470 2246 1288 2257 2256 
1471 2256 2257 1254 2258 
1472 2226 2256 2258 1289 
1473 1299 2260 2259 2249 
1474 2260 2243 2261 2259 
1475 2259 2261 2246 2262 
1476 2249 2259 2262 1286 
1477 1 2265 2263 2264 
1478 2265 12 111 2263 
1479 2263 111 10 62 
1480 2264 2263 62 11 
1481 16 2267 2266 1344 
1482 2267 2 2268 2266 
1483 2266 2268 17 632 
1484 1344 2266 632 15 
1485 20 94 2269 2270 
1486 94 19 567 2269 
1487 2269 567 22 2271 
1488 2270 2269 2271 4 
1489 10 2274 2272 2273 
1490 2274 25 115 2272 
1491 2272 115 23 66 
1492 2273 2272 66 24 
1493 32 2276 2275 1347 
1494 2276 15 2277 2275 
1495 2275 2277 33 635 
1496 1347 2275 635 31 
1497 36 97 2278 2279 
1498 97 35 571 2278 
1499 2278 571 38 2280 
1500 2279 2278 2280 19 
1501 23 2283 2281 2282 
1502 2283 41 119 2281 
1503 2281 119 39 70 
1504 2282 2281 70 40 
1505 44 618 2284 749 
1506 618 45 1164 2284 
1507 2284 1164 28 2285 
1508 749 2284 2285 46 
1509 52 100 2286 2287 
1510 100 51 575 2286 
1511 2286 575 54 2288 
1512 2287 2286 2288 35 
1513 70 2291 2289 2290 
1514 2291 39 123 2289 
1515 2289 123 56 193 
1516 2290 2289 193 68 
1517 72 622 2292 752 
1518 622 73 2293 2292 
1519 2292 2293 44 2294 
1520 752 2292 2294 74 
1521 98 314 2295 2296 
1522 314 76 693 2295 
1523 2295 693 51 2297 
1524 2296 2295 2297 100 
1525 102 317 2298 2299 
1526 317 101 696 2298 
1527 2298 696 104 2300 
1528 2299 2298 2300 76 
1529 148 2302 2301 850 
1530 2302 150 2303 2301 
1531 2301 2303 88 862 
1532 850 2301 862 137 
1533 2304 699 158 2306 
1534 2305 2304 2306 101 
1535 186 2308 2307 222 
1536 2308 189 2309 2307 
1537 2307 2309 166 845 
1538 222 2307 845 190 
1539 211 1611 2310 2311 
1540 1611 213 1615 2310 
1541 2310 1615 161 2312 
1542 2311 2310 2312 214 
1543 212 1603 2313 2314 
1544 1603 211 2311 2313 
1545 2313 2311 214 2315 
1546 2314 2313 2315 159 
1547 163 223 2316 356 
1548 223 190 844 2316 
1549 2316 844 215 2317 
1550 356 2316 2317 216 
1551 164 353 2318 2319 
1552 353 210 355 2318 
1553 2318 355 224 2320 
1554 2319 2318 2320 225 
1555 225 2320 2321 2322 
1556 2320 224 2323 2321 
1557 2321 2323 226 1606 
1558 2322 2321 1606 144 
1559 235 2325 2324 266 
1560 2325 234 248 2324 
1561 2324 248 237 2326 
1562 266 2324 2326 203 
1563 241 1582 2327 2328 
1564 1582 212 2314 2327 
1565 2327 2314 159 2329 
1566 2328 2327 2329 243 
1567 242 368 2330 2331 
1568 368 241 2328 2330 
1569 2330 2328 243 2332 
1570 2331 2330 2332 160 
1571 237 251 2333 2334 
1572 251 164 2319 2333 
1573 2333 2319 225 2335 
1574 2334 2333 2335 244 
1575 244 2335 2336 2337 
1576 2335 225 2322 2336 
1577 2336 2322 144 2338 
1578 2337 2336 2338 246 
1579 260 2340 2339 372 
1580 2340 245 2341 2339 
1581 2339 2341 206 1585 
1582 372 2339 1585 262 
1583 268 2344 2342 2343 
1584 2344 127 272 2342 
1585 2342 272 79 283 
1586 2343 2342 283 197 
1587 283 2347 2345 2346 
1588 2347 79 306 2345 
1589 2345 306 200 334 
1590 2346 2345 334 281 
1591 290 2349 2348 330 
1592 2349 289 301 2348 
1593 2348 301 292 396 
1594 330 2348 396 253 
1595 2350 375 293 2352 
1596 2351 2350 2352 294 
1597 293 376 2353 2354 
1598 376 242 2331 2353 
1599 2353 2331 160 453 
1600 2354 2353 453 295 
1601 294 2352 2355 432 
1602 2352 293 2354 2355 
1603 2355 2354 295 439 
1604 432 2355 439 238 
1605 292 304 2356 397 
1606 304 252 2357 2356 
1607 2356 2357 298 2358 
1608 397 2356 2358 296 
1609 296 2358 2359 2360 
1610 2358 298 391 2359 
1611 2359 391 255 2361 
1612 2360 2359 2361 299 
1613 297 398 2362 2363 
1614 398 296 2360 2362 
1615 2362 2360 299 2364 
1616 2363 2362 2364 202 
1617 315 420 2365 2366 
1618 2365 2305 101 2367 
1619 2366 2365 2367 317 
1620 106 346 2368 2369 
1621 346 288 2370 2368 
1622 2368 2370 321 680 
1623 2369 2368 680 322 
1624 288 326 2371 2370 
1625 2371 2351 294 431 
1626 2370 2371 431 321 
1627 285 343 2372 2373 
1628 343 311 400 2372 
1629 2372 400 324 2374 
1630 2373 2372 2374 325 
1631 324 401 2375 2376 
1632 401 297 2363 2375 
1633 2375 2363 202 2377 
1634 2376 2375 2377 326 
1635 325 2374 2378 2379 
1636 2374 324 2376 2378 
1637 2378 2376 326 2380 
1638 2379 2378 2380 288 
1639 339 350 2381 2382 
1640 350 285 2373 2381 
1641 2381 2373 325 2383 
1642 2382 2381 2383 344 
1643 344 2383 2384 2385 
1644 2383 325 2379 2384 
1645 2384 2379 288 2386 
1646 2385 2384 2386 346 
1647 252 2388 2387 2357 
1648 2388 280 2389 2387 
1649 2387 2389 363 392 
1650 2357 2387 392 298 
1651 280 2391 2390 2389 
1652 2391 204 2392 2390 
1653 2390 2392 261 379 
1654 2389 2390 379 363 
1655 105 373 2393 383 
1656 373 262 1584 2393 
1657 2393 1584 365 2394 
1658 383 2393 2394 366 
1659 255 393 2395 2396 
1660 393 364 382 2395 
1661 2395 382 374 2397 
1662 2396 2395 2397 375 
1663 83 409 2398 2399 
1664 409 240 457 2398 
1665 2398 457 402 2400 
1666 2399 2398 2400 403 
1667 408 441 2401 2402 
1668 441 410 461 2401 
1669 2401 461 412 2403 
1670 2402 2401 2403 240 
1671 320 424 2404 2405 
1672 424 83 2399 2404 
1673 2404 2399 403 2406 
1674 2405 2404 2406 418 
1675 404 474 2407 2408 
1676 474 446 702 2407 
1677 2407 702 448 2409 
1678 2408 2407 2409 155 
1679 160 2332 2410 454 
1680 2332 243 2411 2410 
1681 2410 2411 449 2412 
1682 454 2410 2412 411 
1683 243 2329 2413 2411 
1684 2329 159 2414 2413 
1685 2413 2414 450 477 
1686 2411 2413 477 449 
1687 411 2412 2415 462 
1688 2412 449 476 2415 
1689 2415 476 451 2416 
1690 462 2415 2416 109 
1691 159 2315 2417 2414 
1692 2315 214 2418 2417 
1693 2417 2418 469 487 
1694 2414 2417 487 450 
1695 214 2312 2419 2418 
1696 2312 161 2420 2419 
1697 2419 2420 470 2421 
1698 2418 2419 2421 469 
1699 469 2421 2422 488 
1700 2421 470 2423 2422 
1701 2422 2423 59 504 
1702 488 2422 504 471 
1703 451 479 2424 2425 
1704 479 162 491 2424 
1705 2424 491 473 2426 
1706 2425 2424 2426 472 
1707 480 529 2427 690 
1708 529 481 724 2427 
1709 2427 724 176 716 
1710 690 2427 716 482 
1711 161 1617 2428 2420 
1712 1617 508 2429 2428 
1713 2428 2429 507 2430 
1714 2420 2428 2430 470 
1715 470 2430 2431 2423 
1716 2430 507 2432 2431 
1717 2431 2432 500 511 
1718 2423 2431 511 59 
1719 134 602 2433 584 
1720 602 514 758 2433 
1721 2433 758 517 2434 
1722 584 2433 2434 77 
1723 522 558 2435 725 
1724 558 524 591 2435 
1725 2435 591 177 732 
1726 725 2435 732 525 
1727 536 925 2436 2437 
1728 925 538 2438 2436 
1729 2436 2438 91 556 
1730 2437 2436 556 523 
1731 2439 2437 523 543 
1732 551 610 2440 592 
1733 610 553 2441 2440 
1734 2440 2441 518 742 
1735 592 2440 742 554 
1736 559 1597 2442 2443 
1737 1597 561 2444 2442 
1738 2442 2444 519 608 
1739 2443 2442 608 552 
1740 538 1330 2445 2438 
1741 1330 559 2443 2445 
1742 2445 2443 552 563 
1743 2438 2445 563 91 
1744 2446 2447 599 2448 
1745 2449 648 601 2450 
1746 2447 2449 2450 599 
1747 599 2450 2451 2452 
1748 2450 601 762 2451 
1749 2451 762 514 2453 
1750 2452 2451 2453 602 
1751 2448 599 2452 2454 
1752 2454 2452 602 2455 
1753 739 2454 2455 134 
1754 615 955 2456 2457 
1755 955 617 1893 2456 
1756 2456 1893 45 2458 
1757 2457 2456 2458 618 
1758 73 944 2459 2293 
1759 944 615 2457 2459 
1760 2459 2457 618 2460 
1761 2293 2459 2460 44 
1762 131 667 2461 766 
1763 667 619 2462 2461 
1764 2461 2462 622 2463 
1765 766 2461 2463 72 
1766 623 671 2464 769 
1767 671 625 2465 2464 
1768 2464 2465 131 2466 
1769 769 2464 2466 626 
1770 627 2468 2469 763 
1771 2468 629 772 2469 
1772 2469 772 516 2470 
1773 763 2469 2470 630 
1774 15 2472 2471 2277 
1775 2472 632 2473 2471 
1776 2471 2473 631 935 
1777 2277 2471 935 33 
1778 632 2475 2474 2473 
1779 2475 17 2476 2474 
1780 2474 2476 633 1093 
1781 2473 2474 1093 631 
1782 31 2478 2477 1474 
1783 2478 635 2479 2477 
1784 2477 2479 634 931 
1785 1474 2477 931 49 
1786 635 2481 2480 2479 
1787 2481 33 2482 2480 
1788 2480 2482 636 939 
1789 2479 2480 939 634 
1790 625 1456 2483 2465 
1791 1456 664 2484 2483 
1792 2483 2484 667 2485 
1793 2465 2483 2485 131 
1794 2486 2487 670 2488 
1795 654 819 2489 781 
1796 819 668 2490 2489 
1797 2489 2490 671 2491 
1798 781 2489 2491 623 
1799 673 2493 2492 800 
1800 2493 624 2494 2492 
1801 2492 2494 674 821 
1802 800 2492 821 672 
1803 448 703 2495 2496 
1804 703 157 705 2495 
1805 2495 705 685 2497 
1806 2496 2495 2497 698 
1807 793 1647 2498 2499 
1808 1647 796 2500 2498 
1809 2498 2500 624 2493 
1810 2499 2498 2493 673 
1811 794 1430 2501 2502 
1812 1430 793 2499 2501 
1813 2501 2499 673 799 
1814 2502 2501 799 653 
1815 797 2504 2503 815 
1816 2504 800 2505 2503 
1817 2503 2505 672 825 
1818 815 2503 825 784 
1819 806 1643 2506 2507 
1820 1643 794 2502 2506 
1821 2506 2502 653 811 
1822 2507 2506 811 661 
1823 807 1422 2508 2509 
1824 1422 806 2507 2508 
1825 2508 2507 661 2510 
1826 2509 2508 2510 87 
1827 837 1591 2511 1616 
1828 1591 838 2512 2511 
1829 2511 2512 179 2513 
1830 1616 2511 2513 508 
1831 840 2515 2514 859 
1832 2515 182 876 2514 
1833 2514 876 841 2516 
1834 859 2514 2516 839 
1835 189 2518 2517 2309 
1836 2518 854 2519 2517 
1837 2517 2519 840 858 
1838 2309 2517 858 166 
1839 137 2521 2520 888 
1840 2521 862 2522 2520 
1841 2520 2522 861 898 
1842 888 2520 898 153 
1843 862 2524 2523 2522 
1844 2524 88 2525 2523 
1845 2523 2525 863 912 
1846 2522 2523 912 861 
1847 865 2527 2526 891 
1848 2527 153 2528 2526 
1849 2526 2528 866 902 
1850 891 2526 902 864 
1851 869 2530 2529 878 
1852 2530 184 893 2529 
1853 2529 893 870 2531 
1854 878 2529 2531 868 
1855 867 904 2532 1593 
1856 904 136 2533 2532 
1857 2532 2533 881 2534 
1858 1593 2532 2534 880 
1859 838 1594 2535 2512 
1860 1594 880 2536 2535 
1861 2535 2536 540 2537 
1862 2512 2535 2537 179 
1863 866 2539 2538 903 
1864 2539 897 919 2538 
1865 2538 919 900 2540 
1866 903 2538 2540 136 
1867 150 2542 2541 2303 
1868 2542 905 2543 2541 
1869 2541 2543 534 909 
1870 2303 2541 909 88 
1871 88 2545 2544 2525 
1872 2545 909 2546 2544 
1873 2544 2546 908 1302 
1874 2525 2544 1302 863 
1875 909 2548 2547 2546 
1876 2548 534 2549 2547 
1877 2547 2549 910 1325 
1878 2546 2547 1325 908 
1879 136 2540 2550 2533 
1880 2540 900 2551 2550 
1881 2550 2551 915 2552 
1882 2533 2550 2552 881 
1883 900 922 2553 2551 
1884 922 537 1310 2553 
1885 2553 1310 916 2554 
1886 2551 2553 2554 915 
1887 914 1308 2555 1311 
1888 1308 138 2556 2555 
1889 2555 2556 924 2557 
1890 1311 2555 2557 923 
1891 49 2559 2558 1725 
1892 2559 931 2560 2558 
1893 2558 2560 930 971 
1894 1725 2558 971 639 
1895 931 2562 2561 2560 
1896 2562 634 2563 2561 
1897 2561 2563 932 947 
1898 2560 2561 947 930 
1899 33 2565 2564 2482 
1900 2565 935 2566 2564 
1901 2564 2566 934 998 
1902 2482 2564 998 636 
1903 935 2568 2567 2566 
1904 2568 631 2569 2567 
1905 2567 2569 936 1096 
1906 2566 2567 1096 934 
1907 634 2571 2570 2563 
1908 2571 939 2572 2570 
1909 2570 2572 938 957 
1910 2563 2570 957 932 
1911 939 2574 2573 2572 
1912 2574 636 2575 2573 
1913 2573 2575 940 1002 
1914 2572 2573 1002 938 
1915 953 1022 2576 2577 
1916 1022 954 1896 2576 
1917 2576 1896 617 2578 
1918 2577 2576 2578 955 
1919 943 979 2579 2580 
1920 979 953 2577 2579 
1921 2579 2577 955 2581 
1922 2580 2579 2581 615 
1923 984 2583 2582 1801 
1924 2583 987 1807 2582 
1925 2582 1807 968 2584 
1926 1801 2582 2584 988 
1927 636 2586 2585 2575 
1928 2586 998 2587 2585 
1929 2585 2587 997 1055 
1930 2575 2585 1055 940 
1931 998 2589 2588 2587 
1932 2589 934 2590 2588 
1933 2588 2590 999 1099 
1934 2587 2588 1099 997 
1935 959 1029 2591 1826 
1936 1029 1008 1834 2591 
1937 2591 1834 1023 2592 
1938 1826 2591 2592 1010 
1939 1021 1063 2593 2594 
1940 1063 1041 1900 2593 
1941 2593 1900 1044 2595 
1942 2594 2593 2595 954 
1943 1033 2597 2596 1846 
1944 2597 1051 1855 2596 
1945 2596 1855 1049 2598 
1946 1846 2596 2598 1050 
1947 1066 2600 2599 1872 
1948 2600 18 1878 2599 
1949 2599 1878 1067 2601 
1950 1872 2599 2601 1064 
1951 1069 2603 2602 1876 
1952 2603 1071 2604 2602 
1953 2602 2604 1042 1883 
1954 1876 2602 1883 1061 
1955 1062 1108 2605 2606 
1956 1108 1088 1904 2605 
1957 2605 1904 1091 2607 
1958 2606 2605 2607 1041 
1959 631 2609 2608 2569 
1960 2609 1093 2610 2608 
1961 2608 2610 1092 1185 
1962 2569 2608 1185 936 
1963 1093 2612 2611 2610 
1964 2612 633 2613 2611 
1965 2611 2613 1094 1265 
1966 2610 2611 1265 1092 
1967 934 2615 2614 2590 
1968 2615 1096 2616 2614 
1969 2614 2616 1095 1134 
1970 2590 2614 1134 999 
1971 1096 2618 2617 2616 
1972 2618 936 2619 2617 
1973 2617 2619 1097 1188 
1974 2616 2617 1188 1095 
1975 1071 2621 2620 2604 
1976 2621 1101 2622 2620 
1977 2620 2622 1089 1106 
1978 2604 2620 1106 1042 
1979 1116 2624 2623 1923 
1980 2624 1119 1929 2623 
1981 2623 1929 1109 2625 
1982 1923 2623 2625 1120 
1983 937 2627 2626 1146 
1984 2627 1140 1985 2626 
1985 2626 1985 1139 1979 
1986 1146 2626 1979 1127 
1987 936 2629 2628 2619 
1988 2629 1185 2630 2628 
1989 2628 2630 1184 1222 
1990 2619 2628 1222 1097 
1991 1185 2632 2631 2630 
1992 2632 1092 2633 2631 
1993 2631 2633 1186 1268 
1994 2630 2631 1268 1184 
1995 1156 2635 2634 2012 
1996 2635 1199 2026 2634 
1997 2634 2026 1197 2636 
1998 2012 2634 2636 1198 
1999 1225 2638 2637 2099 
2000 2638 1203 2123 2637 
2001 2637 2123 1226 2105 
2002 2099 2637 2105 1224 
2003 1261 2640 2639 2125 
2004 2640 1149 2641 2639 
2005 2639 2641 1262 2127 
2006 2125 2639 2127 1260 
2007 1092 2643 2642 2633 
2008 2643 1265 2644 2642 
2009 2642 2644 1264 1279 
2010 2633 2642 1279 1186 
2011 1265 2646 2645 2644 
2012 2646 1094 2647 2645 
2013 2645 2647 1266 1295 
2014 2644 2645 1295 1264 
2015 1223 2649 2648 2121 
2016 2649 1267 2164 2648 
2017 2648 2164 1257 1271 
2018 2121 2648 1271 1149 
2019 1149 2651 2650 2641 
2020 2651 1271 2652 2650 
2021 2650 2652 1270 2142 
2022 2641 2650 2142 1262 
2023 1271 2654 2653 2652 
2024 2654 1257 2655 2653 
2025 2653 2655 1272 2149 
2026 2652 2653 2149 1270 
2027 1283 2657 2656 2194 
2028 2657 1275 2658 2656 
2029 2656 2658 1284 2201 
2030 2194 2656 2201 1281 
2031 1275 2660 2659 2658 
2032 2660 1291 2219 2659 
2033 2659 2219 1290 2208 
2034 2658 2659 2208 1284 
2035 1294 2662 2661 2239 
2036 2662 1296 2663 2661 
2037 2661 2663 8 2244 
2038 2239 2661 2244 1287 
2039 1298 2665 2664 2242 
2040 2665 1287 2666 2664 
2041 2664 2666 1299 2248 
2042 2242 2664 2248 1297 
2043 913 2668 2667 1307 
2044 2668 1301 1332 2667 
2045 2667 1332 1304 2669 
2046 1307 2667 2669 138 
2047 905 2671 2670 2543 
2048 2671 907 2672 2670 
2049 2670 2672 90 1321 
2050 2543 2670 1321 534 
2051 534 2674 2673 2549 
2052 2674 1321 2675 2673 
2053 2673 2675 1320 1339 
2054 2549 2673 1339 910 
2055 1321 2677 2676 2675 
2056 2677 90 2678 2676 
2057 2676 2678 1322 1362 
2058 2675 2676 1362 1320 
2059 138 2669 2679 2556 
2060 2669 1304 2680 2679 
2061 2679 2680 1328 2681 
2062 2556 2679 2681 924 
2063 1304 1335 2682 2680 
2064 1335 560 2683 2682 
2065 2682 2683 1329 2684 
2066 2680 2682 2684 1328 
2067 561 1600 2685 2444 
2068 1600 1336 2686 2685 
2069 2685 2686 604 2687 
2070 2444 2685 2687 519 
2071 907 2689 2688 2672 
2072 2689 1354 2690 2688 
2073 2688 2690 1319 1358 
2074 2672 2688 1358 90 
2075 90 2692 2691 2678 
2076 2692 1358 2693 2691 
2077 2691 2693 1357 1369 
2078 2678 2691 1369 1322 
2079 1357 2695 2694 1370 
2080 2695 1359 2696 2694 
2081 2694 2696 1318 1630 
2082 1370 2694 1630 1360 
2083 1359 2698 2697 2696 
2084 2698 1376 2699 2697 
2085 2697 2699 1373 1381 
2086 2696 2697 1381 1318 
2087 1398 1640 2700 2701 
2088 1640 807 2509 2700 
2089 2700 2509 87 2702 
2090 2701 2700 2702 1400 
2091 1386 1408 2703 2704 
2092 1408 1398 2701 2703 
2093 2703 2701 1400 2705 
2094 2704 2703 2705 628 
2095 796 1653 2706 2500 
2096 1653 1431 2707 2706 
2097 2706 2707 817 2708 
2098 2500 2706 2708 624 
2099 2709 2710 1454 2711 
2100 2487 2709 2711 670 
2101 2712 1696 1455 2713 
2102 2710 2712 2713 1454 
2103 1462 2715 2714 1728 
2104 2715 639 2716 2714 
2105 2714 2716 970 1516 
2106 1728 2714 1516 1461 
2107 1470 1683 2717 2718 
2108 1683 1491 1700 2717 
2109 2717 1700 1494 2719 
2110 2718 2717 2719 665 
2111 1501 2721 2720 1731 
2112 2721 1461 2722 2720 
2113 2720 2722 1502 1520 
2114 1731 2720 1520 1500 
2115 1503 1522 2723 1749 
2116 1522 1463 2724 2723 
2117 2723 2724 1509 2725 
2118 1749 2723 2725 1508 
2119 1511 1747 2726 1752 
2120 1747 1513 2727 2726 
2121 2726 2727 1503 2728 
2122 1752 2726 2728 1514 
2123 1461 2730 2729 2722 
2124 2730 1516 2731 2729 
2125 2729 2731 1515 1529 
2126 2722 2729 1529 1502 
2127 1516 2733 2732 2731 
2128 2733 970 2734 2732 
2129 2732 2734 1517 1537 
2130 2731 2732 1537 1515 
2131 1463 1531 2735 2724 
2132 1531 1518 2736 2735 
2133 2735 2736 1525 2737 
2134 2724 2735 2737 1509 
2135 1518 1539 2738 2736 
2136 1539 34 2739 2738 
2137 2738 2739 1526 2740 
2138 2736 2738 2740 1525 
2139 639 2742 2741 2716 
2140 2742 971 2743 2741 
2141 2741 2743 969 1533 
2142 2716 2741 1533 970 
2143 970 2745 2744 2734 
2144 2745 1533 2746 2744 
2145 2744 2746 1532 1544 
2146 2734 2744 1544 1517 
2147 1533 2748 2747 2746 
2148 2748 969 2749 2747 
2149 2747 2749 1534 1551 
2150 2746 2747 1551 1532 
2151 34 1546 2750 2739 
2152 1546 1535 2751 2750 
2153 2750 2751 1540 2752 
2154 2739 2750 2752 1526 
2155 1535 1553 2753 2751 
2156 1553 972 1760 2753 
2157 2753 1760 1541 2754 
2158 2751 2753 2754 1540 
2159 971 2756 2755 2743 
2160 2756 930 2757 2755 
2161 2755 2757 946 1548 
2162 2743 2755 1548 969 
2163 969 2759 2758 2749 
2164 2759 1548 2760 2758 
2165 2758 2760 1547 1558 
2166 2749 2758 1558 1534 
2167 1548 2762 2761 2760 
2168 2762 946 2763 2761 
2169 2761 2763 974 1562 
2170 2760 2761 1562 1547 
2171 246 2338 2764 2765 
2172 2338 144 1605 2764 
2173 2764 1605 1581 2766 
2174 2765 2764 2766 1580 
2175 1686 2768 2767 1706 
2176 2768 1691 1719 2767 
2177 2767 1719 1694 2769 
2178 1706 2767 2769 1493 
2179 1693 2771 2770 1721 
2180 2771 1708 1740 2770 
2181 2770 1740 1711 2772 
2182 1721 2770 2772 1504 
2183 1710 2774 2773 1742 
2184 2774 1732 1755 2773 
2185 2773 1755 1735 2775 
2186 1742 2773 2775 1506 
2187 1779 2777 2776 1790 
2188 2777 1568 1793 2776 
2189 2776 1793 976 2778 
2190 1790 2776 2778 1781 
2191 1811 2780 2779 1823 
2192 2780 1013 1829 2779 
2193 2779 1829 992 2781 
2194 1823 2779 2781 1813 
2195 1852 2783 2782 1864 
2196 2783 1046 1870 2782 
2197 2782 1870 1065 2784 
2198 1864 2782 2784 1851 
2199 1889 2786 2785 1910 
2200 2786 1117 1921 2785 
2201 2785 1921 1090 2787 
2202 1910 2785 2787 1891 
2203 1109 1932 2788 2789 
2204 1932 1132 1950 2788 
2205 2788 1950 1925 2790 
2206 2789 2788 2790 1918 
2207 1111 1948 2791 1951 
2208 1948 1935 2792 2791 
2209 2791 2792 1942 2793 
2210 1951 2791 2793 1926 
2211 1935 1968 2794 2792 
2212 1968 1125 1970 2794 
2213 2794 1970 1943 2795 
2214 2792 2794 2795 1942 
2215 1984 2798 2796 2797 
2216 2798 1987 2007 2796 
2217 2796 2007 1141 1993 
2218 2797 2796 1993 1181 
2219 1999 2800 2799 2009 
2220 2800 2001 2801 2799 
2221 2799 2801 1156 2011 
2222 2009 2799 2011 1989 
2223 2019 2804 2802 2803 
2224 2804 2021 2041 2802 
2225 2802 2041 1158 2027 
2226 2803 2802 2027 1199 
2227 2001 2806 2805 2801 
2228 2806 2019 2803 2805 
2229 2805 2803 1199 2635 
2230 2801 2805 2635 1156 
2231 2033 2808 2807 2043 
2232 2808 2035 2809 2807 
2233 2807 2809 1190 2045 
2234 2043 2807 2045 2023 
2235 2035 2811 2810 2809 
2236 2811 2053 2074 2810 
2237 2810 2074 1218 2065 
2238 2809 2810 2065 1190 
2239 2055 2813 2812 2076 
2240 2813 2070 2814 2812 
2241 2812 2814 2057 2083 
2242 2076 2812 2083 1192 
2243 1257 2816 2815 2655 
2244 2816 2146 2168 2815 
2245 2815 2168 2145 2161 
2246 2655 2815 2161 1272 
2247 2157 2818 2817 2174 
2248 2818 1282 2196 2817 
2249 2817 2196 2158 2819 
2250 2174 2817 2819 2155 
2251 1292 2821 2820 2235 
2252 2821 2229 2252 2820 
2253 2820 2252 2228 2822 
2254 2235 2820 2822 2213 
2255 1287 2824 2823 2666 
2256 2824 2244 2825 2823 
2257 2823 2825 2243 2260 
2258 2666 2823 2260 1299 
2259 224 357 2826 2323 
2260 357 216 2827 2826 
2261 2826 2827 167 2828 
2262 2323 2826 2828 226 
2263 203 2326 2829 2830 
2264 2326 237 2334 2829 
2265 2829 2334 244 2831 
2266 2830 2829 2831 245 
2267 245 2831 2832 2341 
2268 2831 244 2337 2832 
2269 2832 2337 246 2833 
2270 2341 2832 2833 206 
2271 204 2835 2834 2392 
2272 2835 259 2836 2834 
2273 2834 2836 260 371 
2274 2392 2834 371 261 
2275 259 267 2837 2836 
2276 267 203 2830 2837 
2277 2837 2830 245 2340 
2278 2836 2837 2340 260 
2279 278 2839 2838 303 
2280 2839 277 2840 2838 
2281 2838 2840 280 2388 
2282 303 2838 2388 252 
2283 402 459 2841 2842 
2284 459 404 2408 2841 
2285 2841 2408 155 2843 
2286 2842 2841 2843 405 
2287 403 2400 2844 2845 
2288 2400 402 2842 2844 
2289 2844 2842 405 2846 
2290 2845 2844 2846 156 
2291 406 417 2847 2848 
2292 417 408 2402 2847 
2293 2847 2402 240 2849 
2294 2848 2847 2849 409 
2295 407 428 2850 2851 
2296 428 406 2848 2850 
2297 2850 2848 409 2852 
2298 2851 2850 2852 83 
2299 418 2406 2853 2854 
2300 2406 403 2845 2853 
2301 2853 2845 156 2855 
2302 2854 2853 2855 420 
2303 109 2416 2856 2857 
2304 2416 451 2425 2856 
2305 2856 2425 472 2858 
2306 2857 2856 2858 458 
2307 508 2513 2859 2429 
2308 2513 179 2860 2859 
2309 2859 2860 509 2861 
2310 2429 2859 2861 507 
2311 507 2861 2862 2432 
2312 2861 509 2863 2862 
2313 2862 2863 181 2864 
2314 2432 2862 2864 500 
2315 179 2537 2865 2860 
2316 2537 540 2866 2865 
2317 2865 2866 539 2867 
2318 2860 2865 2867 509 
2319 509 2867 2868 2863 
2320 2867 539 2869 2868 
2321 2868 2869 527 2870 
2322 2863 2868 2870 181 
2323 519 2687 2871 609 
2324 2687 604 2872 2871 
2325 2871 2872 603 2873 
2326 609 2871 2873 553 
2327 553 2873 2874 2441 
2328 2873 603 2875 2874 
2329 2874 2875 606 2876 
2330 2441 2874 2876 518 
2331 619 1487 2877 2462 
2332 1487 621 2878 2877 
2333 2877 2878 73 2879 
2334 2462 2877 2879 622 
2335 87 2510 2880 2881 
2336 2510 661 810 2880 
2337 2880 810 659 2882 
2338 2881 2880 2882 660 
2339 660 2882 2883 2884 
2340 2882 659 776 2883 
2341 2883 776 663 2885 
2342 2884 2883 2885 629 
2343 664 1490 2886 2484 
2344 1490 666 2887 2886 
2345 2886 2887 619 2888 
2346 2484 2886 2888 667 
2347 668 2488 2889 2490 
2348 2488 670 2890 2889 
2349 2889 2890 625 2891 
2350 2490 2889 2891 671 
2351 155 2409 2892 2893 
2352 2409 448 2496 2892 
2353 2892 2496 698 2894 
2354 2893 2892 2894 699 
2355 518 2876 2895 743 
2356 2876 606 2896 2895 
2357 2895 2896 738 2897 
2358 743 2895 2897 588 
2359 624 2708 2898 2494 
2360 2708 817 2899 2898 
2361 2898 2899 816 2900 
2362 2494 2898 2900 674 
2363 674 2900 2901 822 
2364 2900 816 2902 2901 
2365 2901 2902 819 2903 
2366 822 2901 2903 654 
2367 854 2905 2904 2519 
2368 2905 856 2906 2904 
2369 2904 2906 182 2515 
2370 2519 2904 2515 840 
2371 856 2908 2907 2906 
2372 2908 872 2909 2907 
2373 2907 2909 869 877 
2374 2906 2907 877 182 
2375 880 2534 2910 2536 
2376 2534 881 2911 2910 
2377 2910 2911 180 2912 
2378 2536 2910 2912 540 
2379 153 2914 2913 2528 
2380 2914 898 2915 2913 
2381 2913 2915 897 2539 
2382 2528 2913 2539 866 
2383 898 2917 2916 2915 
2384 2917 861 2918 2916 
2385 2916 2918 899 920 
2386 2915 2916 920 897 
2387 861 2920 2919 2918 
2388 2920 912 2921 2919 
2389 2919 2921 911 927 
2390 2918 2919 927 899 
2391 912 2923 2922 2921 
2392 2923 863 2924 2922 
2393 2922 2924 913 1306 
2394 2921 2922 1306 911 
2395 881 2552 2925 2911 
2396 2552 915 2926 2925 
2397 2925 2926 917 2927 
2398 2911 2925 2927 180 
2399 942 963 2928 2929 
2400 963 943 2580 2928 
2401 2928 2580 615 2930 
2402 2929 2928 2930 944 
2403 621 1524 2931 2878 
2404 1524 942 2929 2931 
2405 2931 2929 944 2932 
2406 2878 2931 2932 73 
2407 930 2934 2933 2757 
2408 2934 947 2935 2933 
2409 2933 2935 945 975 
2410 2757 2933 975 946 
2411 947 2937 2936 2935 
2412 2937 932 2938 2936 
2413 2936 2938 948 966 
2414 2935 2936 966 945 
2415 932 2940 2939 2938 
2416 2940 957 2941 2939 
2417 2939 2941 956 990 
2418 2938 2939 990 948 
2419 957 2943 2942 2941 
2420 2943 938 2944 2942 
2421 2942 2944 958 1006 
2422 2941 2942 1006 956 
2423 946 2946 2945 2763 
2424 2946 975 2947 2945 
2425 2945 2947 973 1780 
2426 2763 2945 1780 974 
2427 975 2949 2948 2947 
2428 2949 945 2950 2948 
2429 2948 2950 965 1569 
2430 2947 2948 1569 973 
2431 938 2952 2951 2944 
2432 2952 1002 2953 2951 
2433 2951 2953 1001 1031 
2434 2944 2951 1031 958 
2435 1002 2955 2954 2953 
2436 2955 940 2956 2954 
2437 2954 2956 1003 1058 
2438 2953 2954 1058 1001 
2439 1020 1048 2957 2958 
2440 1048 1021 2594 2957 
2441 2957 2594 954 2959 
2442 2958 2957 2959 1022 
2443 978 1040 2960 2961 
2444 1040 1020 2958 2960 
2445 2960 2958 1022 2962 
2446 2961 2960 2962 953 
2447 940 2964 2963 2956 
2448 2964 1055 2965 2963 
2449 2963 2965 1054 1070 
2450 2956 2963 1070 1003 
2451 1055 2967 2966 2965 
2452 2967 997 2968 2966 
2453 2966 2968 1056 1102 
2454 2965 2966 1102 1054 
2455 1060 1884 2969 2970 
2456 1884 1062 2606 2969 
2457 2969 2606 1041 2971 
2458 2970 2969 2971 1063 
2459 1047 1075 2972 2973 
2460 1075 1060 2970 2972 
2461 2972 2970 1063 2974 
2462 2973 2972 2974 1021 
2463 997 2976 2975 2968 
2464 2976 1099 2977 2975 
2465 2975 2977 1098 1114 
2466 2968 2975 1114 1056 
2467 1099 2979 2978 2977 
2468 2979 999 2980 2978 
2469 2978 2980 1100 1137 
2470 2977 2978 1137 1098 
2471 1101 2982 2981 2622 
2472 2982 1103 2983 2981 
2473 2981 2983 1000 1890 
2474 2622 2981 1890 1089 
2475 1103 2985 2984 2983 
2476 2985 1113 2986 2984 
2477 2984 2986 1110 1118 
2478 2983 2984 1118 1000 
2479 999 2988 2987 2980 
2480 2988 1134 2989 2987 
2481 2987 2989 1133 1982 
2482 2980 2987 1982 1100 
2483 1134 2991 2990 2989 
2484 2991 1095 2992 2990 
2485 2990 2992 1135 1997 
2486 2989 2990 1997 1133 
2487 1095 2994 2993 2992 
2488 2994 1188 2995 2993 
2489 2993 2995 1187 2031 
2490 2992 2993 2031 1135 
2491 1188 2997 2996 2995 
2492 2997 1097 2998 2996 
2493 2996 2998 1189 2068 
2494 2995 2996 2068 1187 
2495 1097 3000 2999 2998 
2496 3000 1222 3001 2999 
2497 2999 3001 1221 2095 
2498 2998 2999 2095 1189 
2499 1222 3003 3002 3001 
2500 3003 1184 3004 3002 
2501 3002 3004 1223 2120 
2502 3001 3002 2120 1221 
2503 1184 3006 3005 3004 
2504 3006 1268 3007 3005 
2505 3005 3007 1267 2649 
2506 3004 3005 2649 1223 
2507 1268 3009 3008 3007 
2508 3009 1186 3010 3008 
2509 3008 3010 1269 2165 
2510 3007 3008 2165 1267 
2511 1186 3012 3011 3010 
2512 3012 1279 3013 3011 
2513 3011 3013 1278 2190 
2514 3010 3011 2190 1269 
2515 1279 3015 3014 3013 
2516 3015 1264 3016 3014 
2517 3014 3016 1280 2216 
2518 3013 3014 2216 1278 
2519 1264 3018 3017 3016 
2520 3018 1295 3019 3017 
2521 3017 3019 1294 2238 
2522 3016 3017 2238 1280 
2523 1295 3021 3020 3019 
2524 3021 1266 3022 3020 
2525 3020 3022 1296 2662 
2526 3019 3020 2662 1294 
2527 863 3024 3023 2924 
2528 3024 1302 3025 3023 
2529 3023 3025 1301 2668 
2530 2924 3023 2668 913 
2531 1302 3027 3026 3025 
2532 3027 908 3028 3026 
2533 3026 3028 1303 1333 
2534 3025 3026 1333 1301 
2535 1336 1625 3029 2686 
2536 1625 1337 3030 3029 
2537 3029 3030 5 3031 
2538 2686 3029 3031 604 
2539 1354 3033 3032 2690 
2540 3033 1356 3034 3032 
2541 3032 3034 530 1377 
2542 2690 3032 1377 1319 
2543 1358 3036 3035 2693 
2544 3036 1319 3037 3035 
2545 3035 3037 1359 2695 
2546 2693 3035 2695 1357 
2547 1337 1628 3038 3030 
2548 1628 1365 3039 3038 
2549 3038 3039 1367 3040 
2550 3030 3038 3040 5 
2551 1319 3042 3041 3037 
2552 3042 1377 3043 3041 
2553 3041 3043 1376 2698 
2554 3037 3041 2698 1359 
2555 1376 3045 3044 2699 
2556 3045 1378 3046 3044 
2557 3044 3046 644 1633 
2558 2699 3044 1633 1373 
2559 1384 1637 3047 3048 
2560 1637 1386 2704 3047 
2561 3047 2704 628 3049 
2562 3048 3047 3049 649 
2563 1374 1397 3050 3051 
2564 1397 1384 3048 3050 
2565 3050 3048 649 3052 
2566 3051 3050 3052 515 
2567 1356 3054 3053 3034 
2568 3054 1387 3055 3053 
2569 3053 3055 645 1391 
2570 3034 3053 1391 530 
2571 1378 3057 3056 3046 
2572 3057 1390 3058 3056 
2573 3056 3058 1385 1395 
2574 3046 3056 1395 644 
2575 1431 1656 3059 2707 
2576 1656 1433 3060 3059 
2577 3059 3060 669 3061 
2578 2707 3059 3061 817 
2579 1433 1453 3062 3060 
2580 1453 1438 3063 3062 
2581 3062 3063 1441 3064 
2582 3060 3062 3064 669 
2583 670 2711 3065 2890 
2584 2711 1454 3066 3065 
2585 3065 3066 1456 3067 
2586 2890 3065 3067 625 
2587 1468 1499 3068 3069 
2588 1499 1470 2718 3068 
2589 3068 2718 665 3070 
2590 3069 3068 3070 1471 
2591 1459 1673 3071 3072 
2592 1673 1468 3069 3071 
2593 3071 3069 1471 3073 
2594 3072 3071 3073 1437 
2595 666 1510 3074 2887 
2596 1510 1485 3075 3074 
2597 3074 3075 1487 3076 
2598 2887 3074 3076 619 
2599 206 2833 3077 1586 
2600 2833 246 2765 3077 
2601 3077 2765 1580 3078 
2602 1586 3077 3078 367 
2603 226 2828 3079 1607 
2604 2828 167 3080 3079 
2605 3079 3080 1602 3081 
2606 1607 3079 3081 1601 
2607 1120 2625 3082 3083 
2608 2625 1109 2789 3082 
2609 3082 2789 1918 3084 
2610 3083 3082 3084 1917 
2611 405 2843 3085 3086 
2612 2843 155 2893 3085 
2613 3085 2893 699 3087 
2614 3086 3085 3087 2304 
2615 299 2361 3088 3089 
2616 2361 255 2396 3088 
2617 3088 2396 375 3090 
2618 3089 3088 3090 2350 
2619 1400 2702 3091 3092 
2620 2702 87 2881 3091 
2621 3091 2881 660 3093 
2622 3092 3091 3093 2467 
2623 2467 3093 3094 3095 
2624 3093 660 2884 3094 
2625 3094 2884 629 3096 
2626 3095 3094 3096 2468 
2627 216 2317 3097 2827 
2628 2317 215 3098 3097 
2629 3097 3098 218 3099 
2630 2827 3097 3099 167 
2631 257 3102 3100 3101 
2632 3102 256 264 3100 
2633 3100 264 259 2835 
2634 3101 3100 2835 204 
2635 277 3104 3103 2840 
2636 3104 257 3101 3103 
2637 3103 3101 204 2391 
2638 2840 3103 2391 280 
2639 412 463 3105 3106 
2640 463 109 2857 3105 
2641 3105 2857 458 3107 
2642 3106 3105 3107 456 
2643 500 2864 3108 512 
2644 2864 181 3109 3108 
2645 3108 3109 501 3110 
2646 512 3108 3110 499 
2647 181 2870 3111 3109 
2648 2870 527 547 3111 
2649 3111 547 526 3112 
2650 3109 3111 3112 501 
2651 540 2912 3113 2866 
2652 2912 180 3114 3113 
2653 3113 3114 541 3115 
2654 2866 3113 3115 539 
2655 539 3115 3116 2869 
2656 3115 541 3117 3116 
2657 3116 3117 139 548 
2658 2869 3116 548 527 
2659 604 3031 3118 2872 
2660 3031 5 3119 3118 
2661 3118 3119 605 3120 
2662 2872 3118 3120 603 
2663 603 3120 3121 2875 
2664 3120 605 3122 3121 
2665 3121 3122 520 3123 
2666 2875 3121 3123 606 
2667 606 3123 3124 2896 
2668 3123 520 3125 3124 
2669 3124 3125 739 3126 
2670 2896 3124 3126 738 
2671 817 3061 3127 2899 
2672 3061 669 3128 3127 
2673 3127 3128 818 3129 
2674 2899 3127 3129 816 
2675 816 3129 3130 2902 
2676 3129 818 3131 3130 
2677 3130 3131 668 3132 
2678 2902 3130 3132 819 
2679 872 3134 3133 2909 
2680 3134 874 3135 3133 
2681 3133 3135 184 2530 
2682 2909 3133 2530 869 
2683 874 3137 3136 3135 
2684 3137 889 3138 3136 
2685 3136 3138 883 894 
2686 3135 3136 894 184 
2687 915 2554 3139 2926 
2688 2554 916 3140 3139 
2689 3139 3140 536 3141 
2690 2926 3139 3141 917 
2691 916 1312 3142 3140 
2692 1312 923 3143 3142 
2693 3142 3143 925 3144 
2694 3140 3142 3144 536 
2695 945 3146 3145 2950 
2696 3146 966 3147 3145 
2697 3145 3147 964 986 
2698 2950 3145 986 965 
2699 966 3149 3148 3147 
2700 3149 948 3150 3148 
2701 3148 3150 967 994 
2702 3147 3148 994 964 
2703 977 1025 3151 3152 
2704 1025 978 2961 3151 
2705 3151 2961 953 3153 
2706 3152 3151 3153 979 
2707 962 1011 3154 3155 
2708 1011 977 3152 3154 
2709 3154 3152 979 3156 
2710 3155 3154 3156 943 
2711 948 3158 3157 3150 
2712 3158 990 3159 3157 
2713 3157 3159 989 1812 
2714 3150 3157 1812 967 
2715 990 3161 3160 3159 
2716 3161 956 3162 3160 
2717 3160 3162 991 1014 
2718 3159 3160 1014 989 
2719 956 3164 3163 3162 
2720 3164 1006 3165 3163 
2721 3163 3165 1005 1027 
2722 3162 3163 1027 991 
2723 1006 3167 3166 3165 
2724 3167 958 3168 3166 
2725 3166 3168 1007 1035 
2726 3165 3166 1035 1005 
2727 958 3170 3169 3168 
2728 3170 1031 3171 3169 
2729 3169 3171 1030 1841 
2730 3168 3169 1841 1007 
2731 1031 3173 3172 3171 
2732 3173 1001 3174 3172 
2733 3172 3174 1032 1849 
2734 3171 3172 1849 1030 
2735 1045 1068 3175 3176 
2736 1068 1047 2973 3175 
2737 3175 2973 1021 3177 
2738 3176 3175 3177 1048 
2739 1039 1853 3178 3179 
2740 1853 1045 3176 3178 
2741 3178 3176 1048 3180 
2742 3179 3178 3180 1020 
2743 1001 3182 3181 3174 
2744 3182 1058 3183 3181 
2745 3181 3183 1057 1860 
2746 3174 3181 1860 1032 
2747 1058 3185 3184 3183 
2748 3185 1003 3186 3184 
2749 3184 3186 1059 1867 
2750 3183 3184 1867 1057 
2751 1003 3188 3187 3186 
2752 3188 1070 3189 3187 
2753 3187 3189 1069 1875 
2754 3186 3187 1875 1059 
2755 1070 3191 3190 3189 
2756 3191 1054 3192 3190 
2757 3190 3192 1071 2603 
2758 3189 3190 2603 1069 
2759 1054 3194 3193 3192 
2760 3194 1102 3195 3193 
2761 3193 3195 1101 2621 
2762 3192 3193 2621 1071 
2763 1102 3197 3196 3195 
2764 3197 1056 3198 3196 
2765 3196 3198 1103 2982 
2766 3195 3196 2982 1101 
2767 1056 3200 3199 3198 
2768 3200 1114 3201 3199 
2769 3199 3201 1113 2985 
2770 3198 3199 2985 1103 
2771 1113 3203 3202 2986 
2772 3203 1115 3204 3202 
2773 3202 3204 1085 1130 
2774 2986 3202 1130 1110 
2775 1115 3206 3205 3204 
2776 3206 1136 3207 3205 
2777 3205 3207 1126 1934 
2778 3204 3205 1934 1085 
2779 1365 1631 3208 3039 
2780 1631 1366 3209 3208 
2781 3208 3209 600 3210 
2782 3039 3208 3210 1367 
2783 1372 1634 3211 3212 
2784 1634 1374 3051 3211 
2785 3211 3051 515 3213 
2786 3212 3211 3213 1375 
2787 1366 1383 3214 3209 
2788 1383 1372 3212 3214 
2789 3214 3212 1375 3215 
2790 3209 3214 3215 600 
2791 1377 3217 3216 3043 
2792 3217 530 3218 3216 
2793 3216 3218 1378 3045 
2794 3043 3216 3045 1376 
2795 1387 3220 3219 3055 
2796 3220 1389 3221 3219 
2797 3219 3221 532 1402 
2798 3055 3219 1402 645 
2799 530 3223 3222 3218 
2800 3223 1391 3224 3222 
2801 3222 3224 1390 3057 
2802 3218 3222 3057 1378 
2803 1390 3226 3225 3058 
2804 3226 1392 3227 3225 
2805 3225 3227 643 1636 
2806 3058 3225 1636 1385 
2807 1392 3229 3228 3227 
2808 3229 1401 3230 3228 
2809 3228 3230 1399 1406 
2810 3227 3228 1406 643 
2811 1389 3232 3231 3221 
2812 3232 1412 3233 3231 
2813 3231 3233 657 1416 
2814 3221 3231 1416 532 
2815 1438 1660 3234 3063 
2816 1660 1440 3235 3234 
2817 3234 3235 50 3236 
2818 3063 3234 3236 1441 
2819 1454 2713 3237 3066 
2820 2713 1455 3238 3237 
2821 3237 3238 664 3239 
2822 3066 3237 3239 1456 
2823 1457 1670 3240 3241 
2824 1670 1459 3072 3240 
2825 3240 3072 1437 3242 
2826 3241 3240 3242 1460 
2827 1440 1666 3243 3235 
2828 1666 1457 3241 3243 
2829 3243 3241 1460 3244 
2830 3235 3243 3244 50 
2831 1485 1527 3245 3075 
2832 1527 1486 3246 3245 
2833 3245 3246 621 3247 
2834 3075 3245 3247 1487 
2835 1455 1698 3248 3238 
2836 1698 1488 3249 3248 
2837 3248 3249 1490 3250 
2838 3238 3248 3250 664 
2839 1486 1542 3251 3246 
2840 1542 1523 3252 3251 
2841 3251 3252 1524 3253 
2842 3246 3251 3253 621 
2843 167 3099 3254 3080 
2844 3099 218 3255 3254 
2845 3254 3255 1609 3256 
2846 3080 3254 3256 1602 
2847 1090 1924 3257 3258 
2848 1924 1120 3083 3257 
2849 3257 3083 1917 3259 
2850 3258 3257 3259 1905 
2851 156 2846 3260 3261 
2852 2846 405 3086 3260 
2853 3260 3086 2304 3262 
2854 3261 3260 3262 2305 
2855 202 2364 3263 3264 
2856 2364 299 3089 3263 
2857 3263 3089 2350 3265 
2858 3264 3263 3265 2351 
2859 420 2855 3266 3267 
2860 2855 156 3261 3266 
2861 3266 3261 2305 3268 
2862 3267 3266 3268 2365 
2863 326 2377 3269 3270 
2864 2377 202 3264 3269 
2865 3269 3264 2351 3271 
2866 3270 3269 3271 2371 
2867 180 2927 3272 3114 
2868 2927 917 3273 3272 
2869 3272 3273 2439 3274 
2870 3114 3272 3274 541 
2871 917 3141 3275 3273 
2872 3141 536 3276 3275 
2873 3275 3276 2437 3277 
2874 3273 3275 3277 2439 
2875 541 3274 3278 3117 
2876 3274 2439 3279 3278 
2877 3278 3279 543 3280 
2878 3117 3278 3280 139 
2879 5 3040 3281 3119 
2880 3040 1367 3282 3281 
2881 3281 3282 2446 3283 
2882 3119 3281 3283 605 
2883 1367 3210 3284 3282 
2884 3210 600 3285 3284 
2885 3284 3285 2447 3286 
2886 3282 3284 3286 2446 
2887 605 3283 3287 3122 
2888 3283 2446 3288 3287 
2889 3287 3288 2448 3289 
2890 3122 3287 3289 520 
2891 600 3215 3290 3285 
2892 3215 1375 3291 3290 
2893 3290 3291 2449 3292 
2894 3285 3290 3292 2447 
2895 1375 3213 3293 3291 
2896 3213 515 3294 3293 
2897 3293 3294 648 3295 
2898 3291 3293 3295 2449 
2899 520 3289 3296 3125 
2900 3289 2448 3297 3296 
2901 3296 3297 2454 3298 
2902 3125 3296 3298 739 
2903 628 2705 3299 3300 
2904 2705 1400 3092 3299 
2905 3299 3092 2467 3301 
2906 3300 3299 3301 650 
2907 650 3301 3302 3303 
2908 3301 2467 3095 3302 
2909 3302 3095 2468 3304 
2910 3303 3302 3304 627 
2911 669 3064 3305 3128 
2912 3064 1441 3306 3305 
2913 3305 3306 2486 3307 
2914 3128 3305 3307 818 
2915 1441 3236 3308 3306 
2916 3236 50 3309 3308 
2917 3308 3309 2487 3310 
2918 3306 3308 3310 2486 
2919 818 3307 3311 3131 
2920 3307 2486 3312 3311 
2921 3311 3312 2488 3313 
2922 3131 3311 3313 668 
2923 50 3244 3314 3309 
2924 3244 1460 3315 3314 
2925 3314 3315 2709 3316 
2926 3309 3314 3316 2487 
2927 1460 3242 3317 3315 
2928 3242 1437 3318 3317 
2929 3317 3318 2710 3319 
2930 3315 3317 3319 2709 
2931 1437 3073 3320 3318 
2932 3073 1471 3321 3320 
2933 3320 3321 2712 3322 
2934 3318 3320 3322 2710 
2935 1471 3070 3323 3321 
2936 3070 665 3324 3323 
2937 3323 3324 1696 3325 
2938 3321 3323 3325 2712 
