Force Coefficients for group 1 --> /home/liukushka/Desktop/Università/Magistrale/ProgettoAerodinamico/progettoAerodinamico/Pythonism/automatizzazioneVSP/analysisOutputCoordinate_X_secondary_wing/Coordinate_X_secondary_wing_-0.2/geometry_Coordinate_X_secondary_wing_-0.2_DegenGeom 

   Time        Cx         Cy         Cz        Cxo        Cyo        Czo        Cxi        Cyi        Czi        Cmx        Cmy        Cmz        Cmxo       Cmyo       Cmzo       Cmxi       Cmyi       Cmzi        CL         CD         CS        CLo        CDo        CSo        CLi        CDi        CSi 
   1.00000    0.12495    0.00417   -0.52672    0.05071   -0.00003    0.00564    0.07424    0.00421   -0.53236    0.19871    0.21814   -0.44713   -0.00013    0.04704    0.00011    0.19884    0.17110   -0.44724   -0.52672    0.12495    0.00417    0.00564    0.05071   -0.00003   -0.53236    0.07424    0.00421 
   2.00000    0.10626   -0.00538   -0.52322    0.04930    0.00001    0.00528    0.05697   -0.00539   -0.52850    0.19375    0.27420   -0.44910   -0.00004    0.04574   -0.00008    0.19379    0.22847   -0.44902   -0.52322    0.10626   -0.00538    0.00528    0.04930    0.00001   -0.52850    0.05697   -0.00539 
   3.00000    0.10991   -0.00565   -0.50288    0.05049   -0.00001    0.00513    0.05942   -0.00565   -0.50802    0.19416    0.19609   -0.46874   -0.00004    0.04714   -0.00008    0.19420    0.14895   -0.46866   -0.50288    0.10991   -0.00565    0.00513    0.05049   -0.00001   -0.50802    0.05942   -0.00565 
   4.00000    0.10941   -0.00443   -0.53863    0.05143    0.00000    0.00539    0.05798   -0.00443   -0.54402    0.21256    0.18815   -0.47621   -0.00001    0.04790   -0.00001    0.21257    0.14025   -0.47621   -0.53863    0.10941   -0.00443    0.00539    0.05143    0.00000   -0.54402    0.05798   -0.00443 
   5.00000    0.11102   -0.00791   -0.50088    0.05112    0.00001    0.00522    0.05990   -0.00792   -0.50611    0.13747    0.33588   -0.42547    0.00000    0.04772   -0.00005    0.13747    0.28816   -0.42542   -0.50088    0.11102   -0.00791    0.00522    0.05112    0.00001   -0.50611    0.05990   -0.00792 
   6.00000    0.11381   -0.01043   -0.44235    0.05213   -0.00002    0.00528    0.06168   -0.01041   -0.44764    0.19039    0.36836   -0.50247   -0.00000    0.04868   -0.00012    0.19039    0.31968   -0.50235   -0.44235    0.11381   -0.01043    0.00528    0.05213   -0.00002   -0.44764    0.06168   -0.01041 
   7.00000    0.11084   -0.01020   -0.46151    0.05305    0.00004    0.00540    0.05778   -0.01024   -0.46691    0.22328    0.07939   -0.50980   -0.00005    0.04956   -0.00013    0.22333    0.02983   -0.50967   -0.46151    0.11084   -0.01020    0.00540    0.05305    0.00004   -0.46691    0.05778   -0.01024 
   8.00000    0.11390    0.00584   -0.48490    0.05316    0.00002    0.00540    0.06074    0.00582   -0.49030    0.17305    0.24904   -0.45439   -0.00001    0.04965    0.00002    0.17306    0.19939   -0.45441   -0.48490    0.11390    0.00584    0.00540    0.05316    0.00002   -0.49030    0.06074    0.00582 
   9.00000    0.11383    0.00708   -0.50795    0.05294   -0.00006    0.00545    0.06089    0.00714   -0.51340    0.18623    0.23820   -0.46013    0.00003    0.04939    0.00003    0.18620    0.18880   -0.46016   -0.50795    0.11383    0.00708    0.00545    0.05294   -0.00006   -0.51340    0.06089    0.00714 
  10.00000    0.11312    0.00019   -0.48115    0.05287   -0.00001    0.00541    0.06026    0.00020   -0.48656    0.19163    0.26471   -0.44467    0.00002    0.04933   -0.00001    0.19161    0.21538   -0.44466   -0.48115    0.11312    0.00019    0.00541    0.05287   -0.00001   -0.48656    0.06026    0.00020 
  11.00000    0.20829    0.00618   -0.43832    0.05371    0.00012    0.00543    0.15457    0.00606   -0.44375    0.18311    0.38634   -0.37183   -0.00006    0.05031    0.00026    0.18317    0.33603   -0.37210   -0.43832    0.20829    0.00618    0.00543    0.05371    0.00012   -0.44375    0.15457    0.00606 
  12.00000    0.10982   -0.01183   -0.49686    0.05343    0.00003    0.00528    0.05639   -0.01186   -0.50214    0.20496    0.08658   -0.47157    0.00002    0.05010   -0.00005    0.20494    0.03647   -0.47152   -0.49686    0.10982   -0.01183    0.00528    0.05343    0.00003   -0.50214    0.05639   -0.01186 
  13.00000    0.11314   -0.00649   -0.52216    0.05307    0.00005    0.00548    0.06007   -0.00654   -0.52764    0.17960    0.26492   -0.45028    0.00001    0.04950    0.00000    0.17959    0.21542   -0.45029   -0.52216    0.11314   -0.00649    0.00548    0.05307    0.00005   -0.52764    0.06007   -0.00654 
  14.00000    0.11312   -0.00489   -0.51721    0.05261    0.00001    0.00548    0.06051   -0.00491   -0.52269    0.18669    0.17642   -0.48265   -0.00001    0.04902   -0.00002    0.18670    0.12740   -0.48263   -0.51721    0.11312   -0.00489    0.00548    0.05261    0.00001   -0.52269    0.06051   -0.00491 
  15.00000    0.11336   -0.00632   -0.49629    0.05250   -0.00003    0.00537    0.06086   -0.00629   -0.50166    0.19959    0.10357   -0.48728    0.00001    0.04901   -0.00002    0.19957    0.05456   -0.48725   -0.49629    0.11336   -0.00632    0.00537    0.05250   -0.00003   -0.50166    0.06086   -0.00629 
  16.00000    0.12141    0.00504   -0.49620    0.05283   -0.00004    0.00528    0.06857    0.00508   -0.50148    0.21155    0.30460   -0.50818    0.00001    0.04947    0.00005    0.21154    0.25514   -0.50823   -0.49620    0.12141    0.00504    0.00528    0.05283   -0.00004   -0.50148    0.06857    0.00508 


Average over last full revolution: 

  16.00000    0.12141    0.00504   -0.49620    0.05283   -0.00004    0.00528    0.06857    0.00508   -0.50148    0.21155    0.30460   -0.50818    0.00001    0.04947    0.00005    0.21154    0.25514   -0.50823   -0.49620    0.12141    0.00504    0.00528    0.05283   -0.00004   -0.50148    0.06857    0.00508 



Average loading for wing surface: 1 --> VSP Surface: 1 ... NOTE: values are per area! 

  Station     S       Chord     Area      V/Vref        Cx            Cy            Cz           Cxo           Cyo           Czo          Cxi            Cyi           Czi           Cl            Cd            Cs            Clo           Cdo           Cso           Cli           Cdi           Csi           Cmx           Cmy           Cmz          Cmxo          Cmyo          Cmzo          Cmxi          Cmyi          Cmzi 
        1   0.06064   0.32000   0.01489   1.20905  4.556434e-02 -2.256268e-04  6.507584e-01  2.192760e-02 -2.182678e-04  7.109576e-04  2.363675e-02 -7.358988e-06  6.500475e-01  6.507584e-01  4.556434e-02  2.192024e-02  7.109576e-04  2.192760e-02 -2.182678e-04  6.500475e-01  2.363675e-02 -7.358988e-06  4.742237e-02 -3.239848e-01 -3.533100e-03  2.585716e-04  2.008441e-02 -1.808931e-03  4.716380e-02 -3.440692e-01 -1.724169e-03 
        2   0.15507   0.32000   0.01489   1.20987  4.764056e-02 -1.342840e-04  6.523854e-01  2.195850e-02 -1.333006e-04  7.184580e-04  2.568206e-02 -9.834896e-07  6.516669e-01  6.523854e-01  4.764056e-02  2.195751e-02  7.184580e-04  2.195850e-02 -1.333006e-04  6.516669e-01  2.568206e-02 -9.834896e-07  1.421071e-01 -3.240974e-01 -1.049995e-02  2.827760e-04  2.010622e-02 -4.912139e-03  1.418243e-01 -3.442036e-01 -5.587807e-03 
        3   0.22267   0.32000   0.01489   1.20798  4.333700e-02 -1.391990e-07  6.585513e-01  2.194336e-02  3.538975e-07  7.246066e-04  2.139364e-02 -4.930965e-07  6.578267e-01  6.585513e-01  4.333700e-02  2.194287e-02  7.246066e-04  2.194336e-02  3.538975e-07  6.578267e-01  2.139364e-02 -4.930965e-07  2.388858e-01 -3.371122e-01 -1.571472e-02  2.624936e-04  2.008572e-02 -7.958941e-03  2.386233e-01 -3.571979e-01 -7.755782e-03 
        4   0.29026   0.32000   0.01489   1.21089  4.910524e-02 -3.173725e-04  6.466870e-01  2.195217e-02 -3.189682e-04  7.238322e-04  2.715306e-02  1.595752e-06  6.459632e-01  6.466870e-01  4.910524e-02  2.195377e-02  7.238322e-04  2.195217e-02 -3.189682e-04  6.459632e-01  2.715306e-02  1.595752e-06  3.286804e-01 -3.193543e-01 -2.525074e-02  6.700635e-04  2.009485e-02 -1.146638e-02  3.280104e-01 -3.394491e-01 -1.378436e-02 
        5   0.35786   0.32000   0.01489   1.20805  4.926273e-02 -2.292536e-04  6.442183e-01  2.186285e-02 -2.361207e-04  7.315730e-04  2.739988e-02  6.867179e-06  6.434867e-01  6.442183e-01  4.926273e-02  2.186972e-02  7.315730e-04  2.186285e-02 -2.361207e-04  6.434867e-01  2.739988e-02  6.867179e-06  4.208146e-01 -3.161143e-01 -3.239390e-02  7.015678e-04  2.000239e-02 -1.451023e-02  4.201130e-01 -3.361167e-01 -1.788368e-02 
        6   0.42545   0.32000   0.01489   1.20940  4.958457e-02 -2.048775e-04  6.479980e-01  2.191952e-02 -2.684315e-04  7.313990e-04  2.766505e-02  6.355403e-05  6.472666e-01  6.479980e-01  4.958457e-02  2.198307e-02  7.313990e-04  2.191952e-02 -2.684315e-04  6.472666e-01  2.766505e-02  6.355403e-05  5.172780e-01 -3.185466e-01 -3.977828e-02  8.382135e-04  2.005631e-02 -1.775979e-02  5.164397e-01 -3.386029e-01 -2.201849e-02 
        7   0.49304   0.32000   0.01489   1.21056  4.824637e-02  4.935021e-06  6.592174e-01  2.201371e-02 -2.333746e-04  7.343226e-04  2.623265e-02  2.383096e-04  6.584830e-01  6.592174e-01  4.824637e-02  2.225202e-02  7.343226e-04  2.201371e-02 -2.333746e-04  6.584830e-01  2.623265e-02  2.383096e-04  6.216858e-01 -3.279699e-01 -4.547898e-02  9.138414e-04  2.014272e-02 -2.099383e-02  6.207719e-01 -3.481126e-01 -2.448515e-02 
        8   0.56064   0.32000   0.01489   1.21090  4.840064e-02  3.266732e-04  6.784304e-01  2.213160e-02 -2.375235e-04  7.397639e-04  2.626905e-02  5.641967e-04  6.776906e-01  6.784304e-01  4.840064e-02  2.269579e-02  7.397639e-04  2.213160e-02 -2.375235e-04  6.776906e-01  2.626905e-02  5.641967e-04  7.379434e-01 -3.424406e-01 -5.230315e-02  1.030238e-03  2.024907e-02 -2.432018e-02  7.369132e-01 -3.626897e-01 -2.798297e-02 
        9   0.62823   0.32000   0.01489   1.20972  5.161264e-02  7.611464e-04  7.110386e-01  2.229265e-02 -2.919053e-04  7.140000e-04  2.931999e-02  1.053052e-03  7.103246e-01  7.110386e-01  5.161264e-02  2.334571e-02  7.140000e-04  2.229265e-02 -2.919053e-04  7.103246e-01  2.931999e-02  1.053052e-03  8.762044e-01 -3.664734e-01 -6.279468e-02  1.157369e-03  2.042757e-02 -2.778420e-02  8.750470e-01 -3.869010e-01 -3.501048e-02 
       10   0.69583   0.32000   0.01489   1.21159  5.015484e-02  1.308189e-03  7.515171e-01  2.259358e-02 -3.200783e-04  6.985181e-04  2.756126e-02  1.628267e-03  7.508186e-01  7.515171e-01  5.015484e-02  2.422185e-02  6.985181e-04  2.259358e-02 -3.200783e-04  7.508186e-01  2.756126e-02  1.628267e-03  1.034658e+00 -4.033982e-01 -6.752894e-02  1.266341e-03  2.072844e-02 -3.146154e-02  1.033392e+00 -4.241267e-01 -3.606740e-02 
       11   0.76342   0.32000   0.01489   1.21504  4.845173e-02  4.599084e-03  7.970355e-01  2.298281e-02 -2.277977e-04  6.899641e-04  2.546892e-02  4.826882e-03  7.963455e-01  7.970355e-01  4.845173e-02  2.780969e-02  6.899641e-04  2.298281e-02 -2.277977e-04  7.963455e-01  2.546892e-02  4.826882e-03  1.209797e+00 -4.512265e-01 -6.850845e-02  1.267141e-03  2.110611e-02 -3.524029e-02  1.208530e+00 -4.723326e-01 -3.326816e-02 
       12   0.83101   0.32000   0.01489   1.24697  5.920994e-02 -3.844557e-01  8.758885e-01  2.420624e-02 -2.580150e-03  6.202159e-04  3.500370e-02 -3.818755e-01  8.752682e-01  8.758885e-01  5.920994e-02 -3.576693e-01  6.202159e-04  2.420624e-02 -2.580150e-03  8.752682e-01  3.500370e-02 -3.818755e-01  1.825890e+00 -4.770560e-01 -5.703996e-01  3.481742e-03  2.233610e-02 -4.296793e-02  1.822408e+00 -4.993921e-01 -5.274316e-01 
       13   0.89861   0.32000   0.01489   1.08189  5.043980e-02 -3.441275e-01  4.738304e-01  1.760436e-02 -1.734385e-03  5.353993e-04  3.283544e-02 -3.423931e-01  4.732950e-01  4.738304e-01  5.043980e-02 -3.247888e-01  5.353993e-04  1.760436e-02 -1.734385e-03  4.732950e-01  3.283544e-02 -3.423931e-01  1.184477e+00 -1.798189e-01 -5.062944e-01  2.615816e-03  1.615995e-02 -3.366123e-02  1.181861e+00 -1.959789e-01 -4.726331e-01 
       14   0.96620   0.32000   0.01489   1.05950  5.804921e-02  4.066129e-02  8.571397e-02  1.570118e-02 -2.681736e-03  6.666592e-04  4.234803e-02  4.334303e-02  8.504731e-02  8.571397e-02  5.804921e-02  5.904420e-02  6.666592e-04  1.570118e-02 -2.681736e-03  8.504731e-02  4.234803e-02  4.334303e-02  1.217898e-01  1.802679e-01 -5.958707e-02  3.849021e-03  1.422383e-02 -3.343480e-02  1.179408e-01  1.660441e-01 -2.615226e-02 



Average loading for wing surface: 2 --> VSP Surface: 2 ... NOTE: values are per area! 

  Station     S       Chord     Area      V/Vref        Cx            Cy            Cz           Cxo           Cyo           Czo          Cxi            Cyi           Czi           Cl            Cd            Cs            Clo           Cdo           Cso           Cli           Cdi           Csi           Cmx           Cmy           Cmz          Cmxo          Cmyo          Cmzo          Cmxi          Cmyi          Cmzi 
        1   0.06064   0.32000   0.01489   1.20906  4.536217e-02  2.118698e-04  6.517649e-01  2.193401e-02  1.974424e-04  7.020683e-04  2.342816e-02  1.442736e-05  6.510629e-01  6.517649e-01  4.536217e-02  2.194844e-02  7.020683e-04  2.193401e-02  1.974424e-04  6.510629e-01  2.342816e-02  1.442736e-05 -4.748139e-02 -3.250729e-01  3.506033e-03 -2.381768e-04  2.009938e-02  1.788576e-03 -4.724321e-02 -3.451723e-01  1.717457e-03 
        2   0.15507   0.32000   0.01489   1.20993  4.743493e-02  1.135316e-04  6.549966e-01  2.197530e-02  1.150330e-04  7.064844e-04  2.545963e-02 -1.501465e-06  6.542901e-01  6.549966e-01  4.743493e-02  2.197380e-02  7.064844e-04  2.197530e-02  1.150330e-04  6.542901e-01  2.545963e-02 -1.501465e-06 -1.426554e-01 -3.266069e-01  1.043217e-02 -2.628460e-04  2.013412e-02  4.897532e-03 -1.423926e-01 -3.467410e-01  5.534639e-03 
        3   0.22267   0.32000   0.01489   1.20815  4.314880e-02  1.687559e-06  6.622724e-01  2.196962e-02 -1.060290e-05  7.093421e-04  2.117918e-02  1.229046e-05  6.615631e-01  6.622724e-01  4.314880e-02  2.198191e-02  7.093421e-04  2.196962e-02 -1.060290e-05  6.615631e-01  2.117918e-02  1.229046e-05 -2.402373e-01 -3.405602e-01  1.565157e-02 -2.472371e-04  2.012588e-02  7.958218e-03 -2.399901e-01 -3.606861e-01  7.693355e-03 
        4   0.29026   0.32000   0.01489   1.21101  4.882211e-02  3.273522e-04  6.510363e-01  2.198024e-02  3.063640e-04  7.062556e-04  2.684187e-02  2.098822e-05  6.503300e-01  6.510363e-01  4.882211e-02  2.200123e-02  7.062556e-04  2.198024e-02  3.063640e-04  6.503300e-01  2.684187e-02  2.098822e-05 -3.308996e-01 -3.235372e-01  2.512508e-02 -6.491847e-04  2.013903e-02  1.146803e-02 -3.302504e-01 -3.436762e-01  1.365705e-02 
        5   0.35786   0.32000   0.01489   1.20772  4.914172e-02  1.954889e-04  6.490974e-01  2.188234e-02  2.038779e-04  7.012736e-04  2.725938e-02 -8.388992e-06  6.483961e-01  6.490974e-01  4.914172e-02  2.187395e-02  7.012736e-04  2.188234e-02  2.038779e-04  6.483961e-01  2.725938e-02 -8.388992e-06 -4.239680e-01 -3.209918e-01  3.228052e-02 -6.512077e-04  2.005117e-02  1.449071e-02 -4.233168e-01 -3.410429e-01  1.778980e-02 
        6   0.42545   0.32000   0.01489   1.20910  4.937762e-02  1.643345e-04  6.532472e-01  2.194215e-02  2.349940e-04  7.009450e-04  2.743546e-02 -7.065952e-05  6.525463e-01  6.532472e-01  4.937762e-02  2.187149e-02  7.009450e-04  2.194215e-02  2.349940e-04  6.525463e-01  2.743546e-02 -7.065952e-05 -5.214290e-01 -3.240087e-01  3.956594e-02 -7.822010e-04  2.010822e-02  1.774442e-02 -5.206468e-01 -3.441169e-01  2.182152e-02 
        7   0.49304   0.32000   0.01489   1.21027  4.800524e-02 -5.840303e-05  6.647639e-01  2.203880e-02  1.898408e-04  6.984895e-04  2.596644e-02 -2.482439e-04  6.640654e-01  6.647639e-01  4.800524e-02  2.179056e-02  6.984895e-04  2.203880e-02  1.898408e-04  6.640654e-01  2.596644e-02 -2.482439e-04 -6.268671e-01 -3.338626e-01  4.518419e-02 -8.387626e-04  2.020234e-02  2.097397e-02 -6.260283e-01 -3.540649e-01  2.421022e-02 
        8   0.56064   0.32000   0.01489   1.21068  4.796680e-02 -4.018750e-04  6.849472e-01  2.216526e-02  1.888795e-04  7.059496e-04  2.580153e-02 -5.907544e-04  6.842412e-01  6.849472e-01  4.796680e-02  2.157451e-02  7.059496e-04  2.216526e-02  1.888795e-04  6.842412e-01  2.580153e-02 -5.907544e-04 -7.449656e-01 -3.498523e-01  5.171975e-02 -9.473110e-04  2.031481e-02  2.430818e-02 -7.440182e-01 -3.701671e-01  2.741157e-02 
        9   0.62823   0.32000   0.01489   1.21096  5.056172e-02 -8.388585e-04  7.200103e-01  2.238122e-02  2.420348e-04  7.017313e-04  2.818051e-02 -1.080893e-03  7.193086e-01  7.200103e-01  5.056172e-02  2.130032e-02  7.017313e-04  2.238122e-02  2.420348e-04  7.193086e-01  2.818051e-02 -1.080893e-03 -8.871943e-01 -3.777054e-01  6.135898e-02 -1.094944e-03  2.052383e-02  2.784356e-02 -8.860994e-01 -3.982292e-01  3.351543e-02 
       10   0.69583   0.32000   0.01489   1.21286  4.908892e-02 -1.200958e-03  7.605753e-01  2.268584e-02  2.570529e-04  6.971441e-04  2.640308e-02 -1.458011e-03  7.598781e-01  7.605753e-01  4.908892e-02  2.122782e-02  6.971441e-04  2.268584e-02  2.570529e-04  7.598781e-01  2.640308e-02 -1.458011e-03 -1.047240e+00 -4.147013e-01  6.615115e-02 -1.204676e-03  2.081730e-02  3.152569e-02 -1.046036e+00 -4.355185e-01  3.462546e-02 
       11   0.76342   0.32000   0.01489   1.21747  4.752490e-02 -3.831313e-03  8.036074e-01  2.308741e-02  1.856185e-04  7.547089e-04  2.443748e-02 -4.016932e-03  8.028527e-01  8.036074e-01  4.752490e-02  1.907048e-02  7.547089e-04  2.308741e-02  1.856185e-04  8.028527e-01  2.443748e-02 -4.016932e-03 -1.220526e+00 -4.591807e-01  6.798598e-02 -1.325774e-03  2.114059e-02  3.535748e-02 -1.219201e+00 -4.803213e-01  3.262850e-02 
       12   0.83101   0.32000   0.01489   1.24845  6.295167e-02  3.828833e-01  8.899248e-01  2.433167e-02  2.595232e-03  8.785887e-04  3.862000e-02  3.802881e-01  8.890462e-01  8.899248e-01  6.295167e-02  4.046198e-01  8.785887e-04  2.433167e-02  2.595232e-03  8.890462e-01  3.862000e-02  3.802881e-01 -1.848477e+00 -4.883732e-01  5.736384e-01 -3.927142e-03  2.219674e-02  4.319230e-02 -1.844550e+00 -5.105699e-01  5.304461e-01 
       13   0.89861   0.32000   0.01489   1.09009  4.869944e-02  3.424330e-01  4.887060e-01  1.788765e-02  1.748254e-03  4.989295e-04  3.081179e-02  3.406848e-01  4.882071e-01  4.887060e-01  4.869944e-02  3.585724e-01  4.989295e-04  1.788765e-02  1.748254e-03  4.882071e-01  3.081179e-02  3.406848e-01 -1.208514e+00 -1.980650e-01  5.002189e-01 -2.562828e-03  1.646507e-02  3.418886e-02 -1.205951e+00 -2.145301e-01  4.660300e-01 
       14   0.96620   0.32000   0.01489   1.06668  6.277803e-02 -4.011535e-02  8.726650e-02  1.588848e-02  2.715780e-03  7.499781e-04  4.688954e-02 -4.283113e-02  8.651653e-02  8.726650e-02  6.277803e-02 -2.694265e-02  7.499781e-04  1.588848e-02  2.715780e-03  8.651653e-02  4.688954e-02 -4.283113e-02 -1.255931e-01  1.853770e-01  6.952731e-02 -4.044503e-03  1.431816e-02  3.383571e-02 -1.215486e-01  1.710588e-01  3.569160e-02 



Average loading for wing surface: 3 --> VSP Surface: 3 ... NOTE: values are per area! 

  Station     S       Chord     Area      V/Vref        Cx            Cy            Cz           Cxo           Cyo           Czo          Cxi            Cyi           Czi           Cl            Cd            Cs            Clo           Cdo           Cso           Cli           Cdi           Csi           Cmx           Cmy           Cmz          Cmxo          Cmyo          Cmzo          Cmxi          Cmyi          Cmzi 
        1   0.03103   0.13000   0.00606   1.19465  8.441676e-02 -9.873619e-04 -2.869090e+00  5.769144e-02 -1.107997e-03  1.186752e-02  2.672531e-02  1.206352e-04 -2.880958e+00 -2.869090e+00  8.441676e-02  5.781208e-02  1.186752e-02  5.769144e-02 -1.107997e-03 -2.880958e+00  2.672531e-02  1.206352e-04 -5.097378e-01  5.403203e+00 -1.704268e-02  4.985335e-03  1.251368e-01 -1.255190e-02 -5.147231e-01  5.278066e+00 -4.490777e-03 
        2   0.09814   0.13000   0.00606   1.19516  6.113363e-02 -8.810625e-04 -2.880365e+00  5.782823e-02 -1.137333e-03  1.190339e-02  3.305393e-03  2.562704e-04 -2.892269e+00 -2.880365e+00  6.113363e-02  5.808450e-02  1.190339e-02  5.782823e-02 -1.137333e-03 -2.892269e+00  3.305393e-03  2.562704e-04 -1.540587e+00  5.365862e+00 -3.443375e-02  9.318835e-03  1.254178e-01 -3.328884e-02 -1.549905e+00  5.240444e+00 -1.144912e-03 
        3   0.17029   0.13000   0.00606   1.18300  6.183475e-02 -1.470879e-03 -2.914958e+00  5.894905e-02 -1.596744e-03  1.214471e-02  2.885694e-03  1.258648e-04 -2.927103e+00 -2.914958e+00  6.183475e-02  5.907492e-02  1.214471e-02  5.894905e-02 -1.596744e-03 -2.927103e+00  2.885694e-03  1.258648e-04 -2.598880e+00  5.430856e+00 -5.816678e-02  1.497390e-02  1.278271e-01 -5.587538e-02 -2.613853e+00  5.303029e+00 -2.291404e-03 
        4   0.24244   0.13000   0.00606   1.18288  4.269724e-02 -1.735337e-03 -2.939160e+00  5.944705e-02 -1.638599e-03  1.224202e-02 -1.674981e-02 -9.673788e-05 -2.951402e+00 -2.939160e+00  4.269724e-02  5.935031e-02  1.224202e-02  5.944705e-02 -1.638599e-03 -2.951402e+00 -1.674981e-02 -9.673788e-05 -3.669550e+00  5.427046e+00 -5.691608e-02  1.954121e-02  1.289177e-01 -7.763609e-02 -3.689091e+00  5.298129e+00  2.072000e-02 
        5   0.31459   0.13000   0.00606   1.16857  3.955567e-02 -1.190785e-03 -2.963438e+00  6.045998e-02 -1.036760e-03  1.246713e-02 -2.090431e-02 -1.540255e-04 -2.975905e+00 -2.963438e+00  3.955567e-02  6.030595e-02  1.246713e-02  6.045998e-02 -1.036760e-03 -2.975905e+00 -2.090431e-02 -1.540255e-04 -4.759662e+00  5.467701e+00 -6.601125e-02  2.271832e-02  1.310808e-01 -9.927303e-02 -4.782381e+00  5.336620e+00  3.326178e-02 
        6   0.38673   0.13000   0.00606   1.16927  3.639374e-02 -1.015067e-03 -2.977309e+00  6.077776e-02 -9.137561e-04  1.253079e-02 -2.438402e-02 -1.013104e-04 -2.989840e+00 -2.977309e+00  3.639374e-02  6.067645e-02  1.253079e-02  6.077776e-02 -9.137561e-04 -2.989840e+00 -2.438402e-02 -1.013104e-04 -5.845698e+00  5.484958e+00 -7.356659e-02  2.697774e-02  1.317736e-01 -1.212403e-01 -5.872676e+00  5.353185e+00  4.767374e-02 
        7   0.45888   0.13000   0.00606   1.16914  3.645225e-02 -2.746854e-04 -2.988699e+00  6.108135e-02 -2.110044e-04  1.258664e-02 -2.462910e-02 -6.368101e-05 -3.001286e+00 -2.988699e+00  3.645225e-02  6.101767e-02  1.258664e-02  6.108135e-02 -2.110044e-04 -3.001286e+00 -2.462910e-02 -6.368101e-05 -6.937353e+00  5.505575e+00 -8.519111e-02  2.976481e-02  1.324455e-01 -1.422245e-01 -6.967117e+00  5.373129e+00  5.703335e-02 
        8   0.53103   0.13000   0.00606   1.17184  3.990126e-02 -8.284224e-05 -3.005650e+00  6.144972e-02 -2.361374e-05  1.266716e-02 -2.154847e-02 -5.922850e-05 -3.018317e+00 -3.005650e+00  3.990126e-02  6.139049e-02  1.266716e-02  6.144972e-02 -2.361374e-05 -3.018317e+00 -2.154847e-02 -5.922850e-05 -8.050640e+00  5.546943e+00 -1.070629e-01  3.399098e-02  1.332349e-01 -1.646454e-01 -8.084631e+00  5.413708e+00  5.758253e-02 
        9   0.60318   0.13000   0.00606   1.18335  3.838212e-02  1.271547e-05 -3.037507e+00  6.189927e-02  8.366643e-05  1.273911e-02 -2.351715e-02 -7.095096e-05 -3.050246e+00 -3.037507e+00  3.838212e-02  6.182832e-02  1.273911e-02  6.189927e-02  8.366643e-05 -3.050246e+00 -2.351715e-02 -7.095096e-05 -9.221034e+00  5.608504e+00 -1.165086e-01  3.845586e-02  1.342517e-01 -1.877386e-01 -9.259490e+00  5.474252e+00  7.122997e-02 
       10   0.67533   0.13000   0.00606   1.18821  5.289149e-02  3.825853e-05 -3.067151e+00  6.258784e-02  4.529306e-06  1.285069e-02 -9.696345e-03  3.372923e-05 -3.080002e+00 -3.067151e+00  5.289149e-02  6.262156e-02  1.285069e-02  6.258784e-02  4.529306e-06 -3.080002e+00 -9.696345e-03  3.372923e-05 -1.040654e+01  5.704790e+00 -1.794287e-01  4.358885e-02  1.358062e-01 -2.123424e-01 -1.045013e+01  5.568983e+00  3.291365e-02 
       11   0.74748   0.13000   0.00606   1.20936  7.530318e-02 -2.711074e-04 -3.109241e+00  6.313223e-02 -8.991128e-04  1.290601e-02  1.217095e-02  6.280054e-04 -3.122147e+00 -3.109241e+00  7.530318e-02  6.376024e-02  1.290601e-02  6.313223e-02 -8.991128e-04 -3.122147e+00  1.217095e-02  6.280054e-04 -1.165922e+01  5.864381e+00 -2.831533e-01  5.072333e-02  1.371021e-01 -2.385716e-01 -1.170994e+01  5.727279e+00 -4.458170e-02 
       12   0.81963   0.13000   0.00606   1.26661  1.777100e-01 -2.051529e-02 -3.164710e+00  6.347135e-02 -2.518421e-03  1.298765e-02  1.142386e-01 -1.799687e-02 -3.177698e+00 -3.164710e+00  1.777100e-01  4.547448e-02  1.298765e-02  6.347135e-02 -2.518421e-03 -3.177698e+00  1.142386e-01 -1.799687e-02 -1.294721e+01  6.289320e+00 -7.724182e-01  5.985671e-02  1.378136e-01 -2.657997e-01 -1.300707e+01  6.151507e+00 -5.066185e-01 
       13   0.89178   0.13000   0.00606   1.06444  6.830486e-02 -1.047728e-02 -2.264504e+00  4.591143e-02 -4.289350e-03  8.823867e-03  2.239343e-02 -6.187930e-03 -2.273328e+00 -2.264504e+00  6.830486e-02  3.972350e-02  8.823867e-03  4.591143e-02 -4.289350e-03 -2.273328e+00  2.239343e-02 -6.187930e-03 -1.008702e+01  4.259260e+00 -3.252994e-01  5.048783e-02  1.008449e-01 -2.136715e-01 -1.013751e+01  4.158415e+00 -1.116278e-01 
       14   0.96393   0.13000   0.00606   1.05480  1.279094e-01  1.116948e-02 -1.848670e+00  3.739579e-02 -1.192583e-03  7.443736e-03  9.051361e-02  1.236207e-02 -1.856114e+00 -1.848670e+00  1.279094e-01  4.975785e-02  7.443736e-03  3.739579e-02 -1.192583e-03 -1.856114e+00  9.051361e-02  1.236207e-02 -8.936618e+00  3.696442e+00 -5.897086e-01  3.897438e-02  8.161935e-02 -1.827227e-01 -8.975592e+00  3.614822e+00 -4.069859e-01 



Average loading for wing surface: 4 --> VSP Surface: 4 ... NOTE: values are per area! 

  Station     S       Chord     Area      V/Vref        Cx            Cy            Cz           Cxo           Cyo           Czo          Cxi            Cyi           Czi           Cl            Cd            Cs            Clo           Cdo           Cso           Cli           Cdi           Csi           Cmx           Cmy           Cmz          Cmxo          Cmyo          Cmzo          Cmxi          Cmyi          Cmzi 
        1   0.03103   0.13000   0.00606   1.19498  8.458329e-02  9.017650e-04 -2.869591e+00  5.769870e-02  1.033389e-03  1.186572e-02  2.688459e-02 -1.316240e-04 -2.881457e+00 -2.869591e+00  8.458329e-02  5.756707e-02  1.186572e-02  5.769870e-02  1.033389e-03 -2.881457e+00  2.688459e-02 -1.316240e-04  5.100470e-01  5.404705e+00  1.689531e-02 -4.792020e-03  1.251592e-01  1.240170e-02  5.148390e-01  5.279545e+00  4.493603e-03 
        2   0.09814   0.13000   0.00606   1.19550  6.132512e-02  7.998604e-04 -2.882781e+00  5.788108e-02  1.086019e-03  1.190671e-02  3.444044e-03 -2.861588e-04 -2.894687e+00 -2.882781e+00  6.132512e-02  5.759492e-02  1.190671e-02  5.788108e-02  1.086019e-03 -2.894687e+00  3.444044e-03 -2.861588e-04  1.542088e+00  5.371049e+00  3.435893e-02 -9.187880e-03  1.255477e-01  3.321295e-02  1.551276e+00  5.245502e+00  1.145973e-03 
        3   0.17029   0.13000   0.00606   1.18342  6.289926e-02  1.401064e-03 -2.920476e+00  5.908129e-02  1.564238e-03  1.216256e-02  3.817975e-03 -1.631736e-04 -2.932639e+00 -2.920476e+00  6.289926e-02  5.891811e-02  1.216256e-02  5.908129e-02  1.564238e-03 -2.932639e+00  3.817975e-03 -1.631736e-04  2.604004e+00  5.444551e+00  5.896230e-02 -1.490575e-02  1.281329e-01  5.592744e-02  2.618910e+00  5.316418e+00  3.034868e-03 
        4   0.24244   0.13000   0.00606   1.18340  4.194339e-02  1.706702e-03 -2.942070e+00  5.950219e-02  1.605841e-03  1.225191e-02 -1.755880e-02  1.008615e-04 -2.954322e+00 -2.942070e+00  4.194339e-02  5.960305e-02  1.225191e-02  5.950219e-02  1.605841e-03 -2.954322e+00 -1.755880e-02  1.008615e-04  3.673250e+00  5.429776e+00  5.591225e-02 -1.946883e-02  1.290402e-01  7.763850e-02  3.692719e+00  5.300736e+00 -2.172625e-02 
        5   0.31459   0.13000   0.00606   1.16902  3.919477e-02  1.189132e-03 -2.968172e+00  6.056831e-02  1.008305e-03  1.247364e-02 -2.137353e-02  1.808272e-04 -2.980646e+00 -2.968172e+00  3.919477e-02  6.074914e-02  1.247364e-02  6.056831e-02  1.008305e-03 -2.980646e+00 -2.137353e-02  1.808272e-04  4.767276e+00  5.475225e+00  6.543869e-02 -2.265517e-02  1.313478e-01  9.938935e-02  4.789931e+00  5.343877e+00 -3.395067e-02 
        6   0.38673   0.13000   0.00606   1.16971  3.596306e-02  9.987961e-04 -2.982930e+00  6.090818e-02  8.893252e-04  1.254305e-02 -2.494512e-02  1.094708e-04 -2.995473e+00 -2.982930e+00  3.596306e-02  6.101765e-02  1.254305e-02  6.090818e-02  8.893252e-04 -2.995473e+00 -2.494512e-02  1.094708e-04  5.856781e+00  5.493936e+00  7.268900e-02 -2.693861e-02  1.320861e-01  1.214469e-01  5.883720e+00  5.361850e+00 -4.875790e-02 
        7   0.45888   0.13000   0.00606   1.16951  3.593291e-02  2.537922e-04 -2.995371e+00  6.124323e-02  1.806345e-04  1.259018e-02 -2.531032e-02  7.315776e-05 -3.007961e+00 -2.995371e+00  3.593291e-02  6.131639e-02  1.259018e-02  6.124323e-02  1.806345e-04 -3.007961e+00 -2.531032e-02  7.315776e-05  6.952895e+00  5.516275e+00  8.394489e-02 -2.969446e-02  1.328571e-01  1.425386e-01  6.982589e+00  5.383418e+00 -5.859369e-02 
        8   0.53103   0.13000   0.00606   1.17222  3.941324e-02  6.811368e-05 -3.014108e+00  6.165744e-02 -7.584944e-06  1.268076e-02 -2.224421e-02  7.569862e-05 -3.026789e+00 -3.014108e+00  3.941324e-02  6.173314e-02  1.268076e-02  6.165744e-02 -7.584944e-06 -3.026789e+00 -2.224421e-02  7.569862e-05  8.073339e+00  5.561089e+00  1.057286e-01 -3.394669e-02  1.337446e-01  1.651385e-01  8.107285e+00  5.427344e+00 -5.940985e-02 
        9   0.60318   0.13000   0.00606   1.18440  3.879963e-02 -3.304107e-05 -3.049766e+00  6.218053e-02 -1.281364e-04  1.280210e-02 -2.338090e-02  9.509536e-05 -3.062568e+00 -3.049766e+00  3.879963e-02  6.227563e-02  1.280210e-02  6.218053e-02 -1.281364e-04 -3.062568e+00 -2.338090e-02  9.509536e-05  9.258305e+00  5.632342e+00  1.177363e-01 -3.853207e-02  1.348513e-01  1.885021e-01  9.296837e+00  5.497490e+00 -7.076585e-02 
       10   0.67533   0.13000   0.00606   1.18929  5.394882e-02 -6.909873e-05 -3.083356e+00  6.297168e-02 -6.632668e-05  1.294128e-02 -9.022867e-03 -2.772049e-06 -3.096297e+00 -3.083356e+00  5.394882e-02  6.296891e-02  1.294128e-02  6.297168e-02 -6.632668e-05 -3.096297e+00 -9.022867e-03 -2.772049e-06  1.046160e+01  5.737319e+00  1.829492e-01 -4.373635e-02  1.366152e-01  2.135192e-01  1.050534e+01  5.600703e+00 -3.057007e-02 
       11   0.74748   0.13000   0.00606   1.21090  7.999647e-02  2.981478e-04 -3.131882e+00  6.365586e-02  8.563087e-04  1.315450e-02  1.634061e-02 -5.581610e-04 -3.145036e+00 -3.131882e+00  7.999647e-02  6.309770e-02  1.315450e-02  6.365586e-02  8.563087e-04 -3.145036e+00  1.634061e-02 -5.581610e-04  1.174404e+01  5.917961e+00  3.007848e-01 -5.154443e-02  1.379521e-01  2.404483e-01  1.179559e+01  5.780009e+00  6.033653e-02 
       12   0.81963   0.13000   0.00606   1.26877  1.884916e-01  2.208401e-02 -3.190666e+00  6.403864e-02  2.441224e-03  1.338294e-02  1.244530e-01  1.964278e-02 -3.204049e+00 -3.190666e+00  1.884916e-01  8.368142e-02  1.338294e-02  6.403864e-02  2.441224e-03 -3.204049e+00  1.244530e-01  1.964278e-02  1.304963e+01  6.362658e+00  8.198110e-01 -6.128055e-02  1.384784e-01  2.679729e-01  1.311091e+01  6.224179e+00  5.518381e-01 
       13   0.89178   0.13000   0.00606   1.06654  6.827372e-02  1.216826e-02 -2.279906e+00  4.624147e-02  4.249125e-03  8.883646e-03  2.203225e-02  7.919135e-03 -2.288790e+00 -2.279906e+00  6.827372e-02  5.416060e-02  8.883646e-03  4.624147e-02  4.249125e-03 -2.288790e+00  2.203225e-02  7.919135e-03  1.015194e+01  4.285413e+00  3.286405e-01 -5.065065e-02  1.015773e-01  2.150632e-01  1.020259e+01  4.183835e+00  1.135773e-01 
       14   0.96393   0.13000   0.00606   1.05806  1.291934e-01 -1.106871e-02 -1.860142e+00  3.762686e-02  1.155915e-03  7.436643e-03  9.156655e-02 -1.222462e-02 -1.867579e+00 -1.860142e+00  1.291934e-01  2.540224e-02  7.436643e-03  3.762686e-02  1.155915e-03 -1.867579e+00  9.156655e-02 -1.222462e-02  8.991487e+00  3.719026e+00  5.959382e-01 -3.884533e-02  8.223149e-02  1.837624e-01  9.030332e+00  3.636795e+00  4.121758e-01 



Average loading for wing surface: 5 --> VSP Surface: 5 ... NOTE: values are per area! 

  Station     S       Chord     Area      V/Vref        Cx            Cy            Cz           Cxo           Cyo           Czo          Cxi            Cyi           Czi           Cl            Cd            Cs            Clo           Cdo           Cso           Cli           Cdi           Csi           Cmx           Cmy           Cmz          Cmxo          Cmyo          Cmzo          Cmxi          Cmyi          Cmzi 
        1   0.24304   0.45000   0.01350   1.00665  1.444440e-02 -7.464282e-02  1.622487e-01  1.354476e-02 -3.537213e-06 -1.752346e-05  8.996361e-04 -7.463929e-02  1.622662e-01  1.622487e-01  1.444440e-02 -6.109452e-02 -1.752346e-05  1.354476e-02 -3.537213e-06  1.622662e-01  8.996361e-04 -7.463929e-02  2.789312e-01 -9.899413e-02 -5.941207e-02 -2.318934e-05  8.141851e-03 -1.956769e-02  2.789544e-01 -1.071360e-01 -3.984438e-02 
        2   0.55031   0.45000   0.01350   1.01188  2.712050e-02 -1.826231e-01  2.131235e-01  1.375267e-02 -9.972178e-05 -1.549211e-03  1.336784e-02 -1.825234e-01  2.146727e-01  2.131235e-01  2.712050e-02 -1.687707e-01 -1.549211e-03  1.375267e-02 -9.972178e-05  2.146727e-01  1.336784e-02 -1.825234e-01  4.324315e-01 -9.827328e-02 -1.166289e-01 -2.171269e-03  1.049388e-02 -1.995028e-02  4.346028e-01 -1.087672e-01 -9.667863e-02 
        3   0.67879   0.45000   0.01350   0.95386  2.854197e-01 -4.874983e-01  4.992902e-02  1.327378e-02 -8.657724e-05 -4.121271e-03  2.721459e-01 -4.874117e-01  5.405029e-02  4.992902e-02  2.854197e-01 -4.741380e-01 -4.121271e-03  1.327378e-02 -8.657724e-05  5.405029e-02  2.721459e-01 -4.874117e-01  4.368663e-01  1.448436e-01 -7.707494e-01 -5.889457e-03  1.326008e-02 -1.924730e-02  4.427558e-01  1.315835e-01 -7.515021e-01 
        4   0.80728   0.45000   0.01350   0.97677 -2.043226e-02 -2.712470e-01 -1.066236e-02  1.294450e-02 -4.265048e-04 -2.937865e-03 -3.337676e-02 -2.708205e-01 -7.724497e-03 -1.066236e-02 -2.043226e-02 -2.578760e-01 -2.937865e-03  1.294450e-02 -4.265048e-04 -7.724497e-03 -3.337676e-02 -2.708205e-01  1.918495e-01 -6.343041e-02 -2.432632e-01 -3.902379e-03  1.286910e-02 -1.906250e-02  1.957518e-01 -7.629952e-02 -2.242007e-01 
        5   0.93576   0.45000   0.01350   0.95390  1.300434e-02  3.686816e-02 -1.011285e-02  1.225309e-02  1.963520e-04 -7.445577e-04  7.512479e-04  3.667180e-02 -9.368295e-03 -1.011285e-02  1.300434e-02  4.892489e-02 -7.445577e-04  1.225309e-02  1.963520e-04 -9.368295e-03  7.512479e-04  3.667180e-02 -4.668477e-02  2.029617e-02 -1.037707e-02 -1.245644e-03  1.125635e-02 -1.753092e-02 -4.543912e-02  9.039812e-03  7.153847e-03 



Average loading for wing surface: 6 --> VSP Surface: 6 ... NOTE: values are per area! 

  Station     S       Chord     Area      V/Vref        Cx            Cy            Cz           Cxo           Cyo           Czo          Cxi            Cyi           Czi           Cl            Cd            Cs            Clo           Cdo           Cso           Cli           Cdi           Csi           Cmx           Cmy           Cmz          Cmxo          Cmyo          Cmzo          Cmxi          Cmyi          Cmzi 
        1   0.24304   0.45000   0.01350   1.01143  1.527292e-02  6.648963e-02  1.620079e-01  1.365252e-02  4.258246e-05  1.189250e-05  1.620405e-03  6.644705e-02  1.619960e-01  1.620079e-01  1.527292e-02  8.009957e-02  1.189250e-05  1.365252e-02  4.258246e-05  1.619960e-01  1.620405e-03  6.644705e-02 -2.736470e-01 -9.724850e-02  4.855351e-02 -4.272754e-05  8.181335e-03  1.975673e-02 -2.736043e-01 -1.054298e-01  2.879678e-02 
        2   0.55031   0.45000   0.01350   1.02065  2.422781e-02  1.763736e-01  2.219024e-01  1.396908e-02  1.461274e-04 -1.357097e-03  1.025873e-02  1.762274e-01  2.232595e-01  2.219024e-01  2.422781e-02  1.901965e-01 -1.357097e-03  1.396908e-02  1.461274e-04  2.232595e-01  1.025873e-02  1.762274e-01 -4.403971e-01 -1.092670e-01  1.018702e-01  1.862833e-03  1.047379e-02  2.030258e-02 -4.422599e-01 -1.197408e-01  8.156762e-02 
        3   0.67879   0.45000   0.01350   0.96625  2.915826e-01  5.287114e-01  7.418340e-02  1.374632e-02  1.380975e-04 -4.368317e-03  2.778362e-01  5.285733e-01  7.855172e-02  7.418340e-02  2.915826e-01  5.423197e-01 -4.368317e-03  1.374632e-02  1.380975e-04  7.855172e-02  2.778362e-01  5.285733e-01 -5.035279e-01  1.280145e-01  8.184064e-01  6.208520e-03  1.381797e-02  1.997394e-02 -5.097364e-01  1.141965e-01  7.984325e-01 
        4   0.80728   0.45000   0.01350   0.99224 -1.381847e-02  3.494762e-01 -9.713802e-04  1.353228e-02  5.576716e-05 -3.349397e-03 -2.735075e-02  3.494204e-01  2.378017e-03 -9.713802e-04 -1.381847e-02  3.629527e-01 -3.349397e-03  1.353228e-02  5.576716e-05  2.378017e-03 -2.735075e-02  3.494204e-01 -2.678637e-01 -6.254593e-02  3.360685e-01  4.793405e-03  1.369142e-02  1.959434e-02 -2.726571e-01 -7.623735e-02  3.164742e-01 
        5   0.93576   0.45000   0.01350   0.95607  1.723833e-02 -3.359618e-04 -1.584454e-02  1.227647e-02 -3.875598e-04 -9.342935e-04  4.961861e-03  5.159797e-05 -1.491024e-02 -1.584454e-02  1.723833e-02  1.232806e-02 -9.342935e-04  1.227647e-02 -3.875598e-04 -1.491024e-02  4.961861e-03  5.159797e-05  2.354690e-02  3.075469e-02  5.906862e-02  1.685420e-03  1.143894e-02  1.740109e-02  2.186148e-02  1.931574e-02  4.166753e-02 



Average loading for wing surface: 7 --> VSP Surface: 7 ... NOTE: values are per area! 

  Station     S       Chord     Area      V/Vref        Cx            Cy            Cz           Cxo           Cyo           Czo          Cxi            Cyi           Czi           Cl            Cd            Cs            Clo           Cdo           Cso           Cli           Cdi           Csi           Cmx           Cmy           Cmz          Cmxo          Cmyo          Cmzo          Cmxi          Cmyi          Cmzi 
        1   0.11280   0.21979   0.00235   1.34985  4.647975e-02 -3.591916e-01 -2.818052e-01  2.690718e-02  3.018043e-04 -2.280803e-03  1.957257e-02 -3.594934e-01 -2.795244e-01 -2.818052e-01  4.647975e-02 -3.325862e-01 -2.280803e-03  2.690718e-02  3.018043e-04 -2.795244e-01  1.957257e-02 -3.594934e-01 -2.136463e-01  5.733612e-01 -6.049975e-01 -6.180718e-03  4.058662e-02 -6.754483e-02 -2.074656e-01  5.327746e-01 -5.374527e-01 
        2   0.24711   0.21979   0.00235   1.31642  7.938868e-02 -5.994158e-01 -2.899484e-01  2.669014e-02  1.127528e-04  8.161244e-04  5.269854e-02 -5.995285e-01 -2.907645e-01 -2.899484e-01  7.938868e-02 -5.728384e-01  8.161244e-04  2.669014e-02  1.127528e-04 -2.907645e-01  5.269854e-02 -5.995285e-01  1.340106e-01  6.416075e-01 -1.061489e+00  1.899609e-03  3.719811e-02 -6.726306e-02  1.321110e-01  6.044094e-01 -9.942261e-01 
        3   0.29013   0.21979   0.00235   1.04904  8.711297e-02 -8.028061e-01 -5.483635e-03  2.038203e-02  1.328892e-03  2.953259e-03  6.673094e-02 -8.041350e-01 -8.436894e-03 -5.483635e-03  8.711297e-02 -7.837530e-01  2.953259e-03  2.038203e-02  1.328892e-03 -8.436894e-03  6.673094e-02 -8.041350e-01  1.177649e+00  1.439029e-01 -1.383849e+00  5.487229e-03  2.609830e-02 -4.961389e-02  1.172162e+00  1.178047e-01 -1.334235e+00 
        4   0.33316   0.21979   0.00235   0.87947  1.260007e-01 -6.539608e-01  5.897040e-03  1.565015e-02  1.486606e-03  2.414441e-03  1.103505e-01 -6.554474e-01  3.482599e-03  5.897040e-03  1.260007e-01 -6.397973e-01  2.414441e-03  1.565015e-02  1.486606e-03  3.482599e-03  1.103505e-01 -6.554474e-01  1.016198e+00  1.847516e-01 -1.315420e+00  3.820764e-03  2.058193e-02 -3.743837e-02  1.012377e+00  1.641696e-01 -1.277981e+00 
        5   0.37618   0.21979   0.00235   0.76990  1.143040e-01 -4.957870e-01 -2.301882e-03  1.182791e-02  1.614049e-03  3.476600e-03  1.024761e-01 -4.974010e-01 -5.778482e-03 -2.301882e-03  1.143040e-01 -4.855731e-01  3.476600e-03  1.182791e-02  1.614049e-03 -5.778482e-03  1.024761e-01 -4.974010e-01  7.771673e-01  1.850588e-01 -1.073427e+00  6.231264e-03  1.379329e-02 -2.760337e-02  7.709360e-01  1.712655e-01 -1.045823e+00 
        6   0.41920   0.21979   0.00235   0.78308  1.164145e-01 -3.605594e-01 -1.372077e-03  1.083392e-02  1.402600e-03  3.419839e-03  1.055806e-01 -3.619620e-01 -4.791916e-03 -1.372077e-03  1.164145e-01 -3.511281e-01  3.419839e-03  1.083392e-02  1.402600e-03 -4.791916e-03  1.055806e-01 -3.619620e-01  5.823162e-01  1.936319e-01 -8.765602e-01  6.354896e-03  1.282119e-02 -2.539050e-02  5.759613e-01  1.808107e-01 -8.511696e-01 
        7   0.46222   0.21979   0.00235   0.80774  7.297832e-02 -2.263687e-01  7.327884e-02  1.068031e-02  9.458100e-04  3.067220e-03  6.229801e-02 -2.273145e-01  7.021162e-02  7.327884e-02  7.297832e-02 -2.166342e-01  3.067220e-03  1.068031e-02  9.458100e-04  7.021162e-02  6.229801e-02 -2.273145e-01  5.599715e-01  1.221181e-05 -5.478836e-01  6.162672e-03  1.357962e-02 -2.564635e-02  5.538088e-01 -1.356741e-02 -5.222372e-01 
        8   0.50524   0.21979   0.00235   0.82265  2.266574e-02 -3.168242e-01  2.986904e-01  1.147028e-02 -3.403470e-04  3.231280e-03  1.119545e-02 -3.164838e-01  2.954591e-01  2.986904e-01  2.266574e-02 -3.050135e-01  3.231280e-03  1.147028e-02 -3.403470e-04  2.954591e-01  1.119545e-02 -3.164838e-01  1.304021e+00 -5.018467e-01 -6.090700e-01  8.749354e-03  1.522192e-02 -2.945483e-02  1.295272e+00 -5.170686e-01 -5.796152e-01 
        9   0.54827   0.21979   0.00235   0.88885  3.283873e-01 -9.143659e-02  1.856267e-01  1.206133e-02 -2.523867e-03  3.093864e-03  3.163259e-01 -8.891273e-02  1.825328e-01  1.856267e-01  3.283873e-01 -7.685140e-02  3.093864e-03  1.206133e-02 -2.523867e-03  1.825328e-01  3.163259e-01 -8.891273e-02  6.300491e-01  2.378343e-01 -9.501358e-01  1.228785e-02  1.701234e-02 -3.402572e-02  6.177613e-01  2.208219e-01 -9.161100e-01 
       10   0.59129   0.21979   0.00235   0.91950  3.036049e-02 -2.315551e-01 -4.427238e-02  1.357307e-02  1.102517e-03  2.253787e-03  1.678742e-02 -2.326576e-01 -4.652617e-02 -4.427238e-02  3.036049e-02 -2.190846e-01  2.253787e-03  1.357307e-02  1.102517e-03 -4.652617e-02  1.678742e-02 -2.326576e-01  3.094957e-01  1.408706e-01 -4.442448e-01  3.686767e-03  2.152545e-02 -3.273287e-02  3.058090e-01  1.193451e-01 -4.115119e-01 
       11   0.63431   0.21979   0.00235   0.90550  6.023067e-02 -3.070246e-01 -8.029621e-04  1.363968e-02  9.801485e-04  1.641234e-03  4.659099e-02 -3.080047e-01 -2.444196e-03 -8.029621e-04  6.023067e-02 -2.943650e-01  1.641234e-03  1.363968e-02  9.801485e-04 -2.444196e-03  4.659099e-02 -3.080047e-01  5.714793e-01  1.149484e-01 -6.606271e-01  2.315157e-03  2.316336e-02 -3.307361e-02  5.691642e-01  9.178501e-02 -6.275535e-01 
       12   0.67733   0.21979   0.00235   0.90967  6.977756e-02 -3.202396e-01  1.041876e-03  1.385461e-02  8.975508e-04  1.231788e-03  5.592296e-02 -3.211371e-01 -1.899123e-04  1.041876e-03  6.977756e-02 -3.072825e-01  1.231788e-03  1.385461e-02  8.975508e-04 -1.899123e-04  5.592296e-02 -3.211371e-01  6.160743e-01  1.323149e-01 -7.108772e-01  1.392149e-03  2.480550e-02 -3.373297e-02  6.146821e-01  1.075094e-01 -6.771443e-01 
       13   0.72036   0.21979   0.00235   0.91435  6.097240e-02 -3.123772e-01  1.632301e-03  1.393614e-02  8.741072e-04  1.151695e-03  4.703626e-02 -3.132513e-01  4.806063e-04  1.632301e-03  6.097240e-02 -2.993152e-01  1.151695e-03  1.393614e-02  8.741072e-04  4.806063e-04  4.703626e-02 -3.132513e-01  6.175532e-01  1.172413e-01 -6.776463e-01  1.192872e-03  2.574205e-02 -3.397197e-02  6.163604e-01  9.149921e-02 -6.436743e-01 
       14   0.76338   0.21979   0.00235   0.91319  6.173977e-02 -3.099937e-01  1.645214e-03  1.390874e-02  8.660307e-04  1.002230e-03  4.783102e-02 -3.108597e-01  6.429836e-04  1.645214e-03  6.173977e-02 -2.969510e-01  1.002230e-03  1.390874e-02  8.660307e-04  6.429836e-04  4.783102e-02 -3.108597e-01  6.277255e-01  1.216308e-01 -6.783832e-01  7.896926e-04  2.656507e-02 -3.391416e-02  6.269358e-01  9.506572e-02 -6.444690e-01 
       15   0.80640   0.21979   0.00235   0.91076  6.556385e-02 -3.060287e-01  1.293651e-03  1.383371e-02  8.407378e-04  1.003630e-03  5.173014e-02 -3.068694e-01  2.900211e-04  1.293651e-03  6.556385e-02 -2.930357e-01  1.003630e-03  1.383371e-02  8.407378e-04  2.900211e-04  5.173014e-02 -3.068694e-01  6.335118e-01  1.330533e-01 -6.838214e-01  8.038387e-04  2.707472e-02 -3.376028e-02  6.327080e-01  1.059786e-01 -6.500612e-01 
       16   0.84942   0.21979   0.00235   0.92337  6.901302e-02 -2.901094e-01  1.905072e-04  1.409622e-02  7.669295e-04  6.569425e-04  5.491681e-02 -2.908763e-01 -4.664353e-04  1.905072e-04  6.901302e-02 -2.767801e-01  6.569425e-04  1.409622e-02  7.669295e-04 -4.664353e-04  5.491681e-02 -2.908763e-01  6.118134e-01  1.452817e-01 -6.666923e-01  4.334310e-05  2.877912e-02 -3.452742e-02  6.117701e-01  1.165026e-01 -6.321649e-01 
       17   0.89244   0.21979   0.00235   0.92326  6.580245e-02 -2.639706e-01  5.920149e-04  1.398749e-02  7.487291e-04  6.265006e-04  5.181497e-02 -2.647194e-01 -3.448575e-05  5.920149e-04  6.580245e-02 -2.507319e-01  6.265006e-04  1.398749e-02  7.487291e-04 -3.448575e-05  5.181497e-02 -2.647194e-01  5.703751e-01  1.410143e-01 -6.163193e-01 -3.106141e-05  2.926281e-02 -3.427841e-02  5.704062e-01  1.117515e-01 -5.820409e-01 
       18   0.93547   0.21979   0.00235   0.92418  5.841372e-02 -2.222525e-01  8.998591e-03  1.385882e-02  7.498223e-04  6.198726e-04  4.455490e-02 -2.230024e-01  8.378718e-03  8.998591e-03  5.841372e-02 -2.091435e-01  6.198726e-04  1.385882e-02  7.498223e-04  8.378718e-03  4.455490e-02 -2.230024e-01  5.122156e-01  1.134107e-01 -5.290828e-01 -8.607225e-05  2.965860e-02 -3.395184e-02  5.123016e-01  8.375208e-02 -4.951309e-01 
       19   0.97849   0.21979   0.00235   0.92404  5.254561e-02 -1.704589e-01  8.520841e-03  1.370357e-02  7.706580e-04  5.929866e-04  3.884204e-02 -1.712295e-01  7.927854e-03  8.520841e-03  5.254561e-02 -1.575260e-01  5.929866e-04  1.370357e-02  7.706580e-04  7.927854e-03  3.884204e-02 -1.712295e-01  4.053817e-01  1.038683e-01 -4.287944e-01 -2.368016e-04  3.001077e-02 -3.353029e-02  4.056185e-01  7.385755e-02 -3.952641e-01 



Average loading for wing surface: 8 --> VSP Surface: 8 ... NOTE: values are per area! 

  Station     S       Chord     Area      V/Vref        Cx            Cy            Cz           Cxo           Cyo           Czo          Cxi            Cyi           Czi           Cl            Cd            Cs            Clo           Cdo           Cso           Cli           Cdi           Csi           Cmx           Cmy           Cmz          Cmxo          Cmyo          Cmzo          Cmxi          Cmyi          Cmzi 
        1   0.11280   0.21979   0.00235   1.34688  6.600637e-02  3.817204e-01 -2.636804e-01  2.687694e-02 -6.293906e-04 -2.077280e-03  3.912942e-02  3.823498e-01 -2.616031e-01 -2.636804e-01  6.600637e-02  4.092267e-01 -2.077280e-03  2.687694e-02 -6.293906e-04 -2.616031e-01  3.912942e-02  3.823498e-01  1.364060e-01  5.671439e-01  6.932215e-01  6.121586e-03  4.025776e-02  6.700670e-02  1.302844e-01  5.268861e-01  6.262148e-01 
        2   0.24711   0.21979   0.00235   1.32172  8.936207e-02  6.179473e-01 -2.685679e-01  2.694156e-02 -2.564775e-04  9.310100e-04  6.242052e-02  6.182038e-01 -2.694989e-01 -2.685679e-01  8.936207e-02  6.451453e-01  9.310100e-04  2.694156e-02 -2.564775e-04 -2.694989e-01  6.242052e-02  6.182038e-01 -2.145814e-01  6.167465e-01  1.116194e+00 -1.983317e-03  3.739740e-02  6.769557e-02 -2.125981e-01  5.793491e-01  1.048499e+00 
        3   0.29013   0.21979   0.00235   1.05328  9.254673e-02  8.122771e-01 -1.015831e-03  2.054344e-02 -1.452435e-03  3.057398e-03  7.200330e-02  8.137295e-01 -4.073228e-03 -1.015831e-03  9.254673e-02  8.342729e-01  3.057398e-03  2.054344e-02 -1.452435e-03 -4.073228e-03  7.200330e-02  8.137295e-01 -1.202887e+00  1.440628e-01  1.411997e+00 -5.566869e-03  2.619115e-02  4.984748e-02 -1.197320e+00  1.178717e-01  1.362149e+00 
        4   0.33316   0.21979   0.00235   0.88201  1.319688e-01  6.600602e-01  6.703627e-03  1.573910e-02 -1.600614e-03  2.507946e-03  1.162297e-01  6.616608e-01  4.195681e-03  6.703627e-03  1.319688e-01  6.773999e-01  2.507946e-03  1.573910e-02 -1.600614e-03  4.195681e-03  1.162297e-01  6.616608e-01 -1.027574e+00  1.923243e-01  1.340242e+00 -3.882239e-03  2.058646e-02  3.750236e-02 -1.023692e+00  1.717378e-01  1.302740e+00 
        5   0.37618   0.21979   0.00235   0.77037  1.252651e-01  5.027146e-01 -4.081684e-03  1.188082e-02 -1.744785e-03  3.550261e-03  1.133843e-01  5.044594e-01 -7.631944e-03 -4.081684e-03  1.252651e-01  5.163402e-01  3.550261e-03  1.188082e-02 -1.744785e-03 -7.631944e-03  1.133843e-01  5.044594e-01 -7.836697e-01  2.051649e-01  1.113511e+00 -6.210712e-03  1.377308e-02  2.755274e-02 -7.774590e-01  1.913918e-01  1.085958e+00 
        6   0.41920   0.21979   0.00235   0.78316  1.271098e-01  3.608519e-01 -6.878721e-03  1.081804e-02 -1.517029e-03  3.450523e-03  1.162917e-01  3.623690e-01 -1.032924e-02 -6.878721e-03  1.271098e-01  3.731870e-01  3.450523e-03  1.081804e-02 -1.517029e-03 -1.032924e-02  1.162917e-01  3.623690e-01 -5.689828e-01  2.205369e-01  9.043956e-01 -6.246072e-03  1.275207e-02  2.518908e-02 -5.627367e-01  2.077848e-01  8.792065e-01 
        7   0.46222   0.21979   0.00235   0.80667  7.916623e-02  2.161763e-01  7.010036e-02  1.060702e-02 -1.070630e-03  3.042006e-03  6.855921e-02  2.172469e-01  6.705835e-02  7.010036e-02  7.916623e-02  2.278540e-01  3.042006e-03  1.060702e-02 -1.070630e-03  6.705835e-02  6.855921e-02  2.172469e-01 -5.348033e-01  1.638014e-02  5.459282e-01 -5.889750e-03  1.349229e-02  2.528526e-02 -5.289136e-01  2.887850e-03  5.206429e-01 
        8   0.50524   0.21979   0.00235   0.81648  1.239738e-01  4.753335e-01  4.752922e-01  1.254547e-02  2.173623e-04  3.449198e-03  1.114284e-01  4.751162e-01  4.718430e-01  4.752922e-01  1.239738e-01  4.876616e-01  3.449198e-03  1.254547e-02  2.173623e-04  4.718430e-01  1.114284e-01  4.751162e-01 -2.031672e+00 -6.594965e-01  1.171171e+00 -9.087791e-03  1.676855e-02  3.199752e-02 -2.022584e+00 -6.762651e-01  1.139173e+00 
        9   0.54827   0.21979   0.00235   0.88881  9.453407e-01  4.460526e-02  3.165311e-01  1.193857e-02  3.054796e-03  2.992029e-03  9.334021e-01  4.155046e-02  3.135391e-01  3.165311e-01  9.453407e-01  5.348903e-02  2.992029e-03  1.193857e-02  3.054796e-03  3.135391e-01  9.334021e-01  4.155046e-02 -8.763505e-01  1.079359e+00  2.432695e+00 -1.297144e-02  1.693834e-02  3.446400e-02 -8.633790e-01  1.062420e+00  2.398231e+00 
       10   0.59129   0.21979   0.00235   0.92517  2.359318e-02  1.988153e-01 -9.399658e-02  1.361557e-02 -9.181608e-04  2.306971e-03  9.977607e-03  1.997334e-01 -9.630356e-02 -9.399658e-02  2.359318e-02  2.133490e-01  2.306971e-03  1.361557e-02 -9.181608e-04 -9.630356e-02  9.977607e-03  1.997334e-01 -1.231859e-01  2.227036e-01  3.672776e-01 -4.156634e-03  2.152783e-02  3.310009e-02 -1.190292e-01  2.011758e-01  3.341775e-01 
       11   0.63431   0.21979   0.00235   0.91554  5.350262e-02  2.942935e-01 -7.779671e-03  1.383784e-02 -8.837224e-04  1.576850e-03  3.966478e-02  2.951772e-01 -9.356522e-03 -7.779671e-03  5.350262e-02  3.090151e-01  1.576850e-03  1.383784e-02 -8.837224e-04 -9.356522e-03  3.966478e-02  2.951772e-01 -5.299439e-01  1.154583e-01  6.201950e-01 -2.332627e-03  2.362425e-02  3.371010e-02 -5.276113e-01  9.183401e-02  5.864849e-01 
       12   0.67733   0.21979   0.00235   0.91863  6.819484e-02  3.167267e-01 -3.943997e-04  1.406585e-02 -8.907221e-04  1.099240e-03  5.412899e-02  3.176174e-01 -1.493640e-03 -3.943997e-04  6.819484e-02  3.316833e-01  1.099240e-03  1.406585e-02 -8.907221e-04 -1.493640e-03  5.412899e-02  3.176174e-01 -6.057345e-01  1.318617e-01  7.006219e-01 -1.070402e-03  2.539703e-02  3.427621e-02 -6.046640e-01  1.064647e-01  6.663457e-01 
       13   0.72036   0.21979   0.00235   0.92188  5.854960e-02  3.039161e-01  1.527458e-03  1.408559e-02 -9.890189e-04  9.888128e-04  4.446401e-02  3.049051e-01  5.386457e-04  1.527458e-03  5.854960e-02  3.189907e-01  9.888128e-04  1.408559e-02 -9.890189e-04  5.386457e-04  4.446401e-02  3.049051e-01 -6.006966e-01  1.125188e-01  6.562949e-01 -5.557718e-04  2.626512e-02  3.418753e-02 -6.001408e-01  8.625372e-02  6.221074e-01 
       14   0.76338   0.21979   0.00235   0.91751  6.149865e-02  3.016198e-01  7.964097e-04  1.397974e-02 -9.742425e-04  8.349055e-04  4.751891e-02  3.025940e-01 -3.849579e-05  7.964097e-04  6.149865e-02  3.165738e-01  8.349055e-04  1.397974e-02 -9.742425e-04 -3.849579e-05  4.751891e-02  3.025940e-01 -6.087484e-01  1.225963e-01  6.625305e-01 -1.493420e-04  2.694373e-02  3.394096e-02 -6.085990e-01  9.565253e-02  6.285895e-01 
       15   0.80640   0.21979   0.00235   0.90718  6.820954e-02  3.013157e-01  1.978170e-04  1.372766e-02 -9.211395e-04  9.067886e-04  5.448188e-02  3.022368e-01 -7.089716e-04  1.978170e-04  6.820954e-02  3.159645e-01  9.067886e-04  1.372766e-02 -9.211395e-04 -7.089716e-04  5.448188e-02  3.022368e-01 -6.210511e-01  1.404386e-01  6.816533e-01 -3.936275e-04  2.699281e-02  3.337903e-02 -6.206575e-01  1.134457e-01  6.482743e-01 
       16   0.84942   0.21979   0.00235   0.91763  7.236771e-02  2.869053e-01 -1.930997e-03  1.394552e-02 -7.484602e-04  5.926594e-04  5.842218e-02  2.876538e-01 -2.523657e-03 -1.930997e-03  7.236771e-02  3.015993e-01  5.926594e-04  1.394552e-02 -7.484602e-04 -2.523657e-03  5.842218e-02  2.876538e-01 -5.997182e-01  1.561373e-01  6.684946e-01  8.012186e-05  2.855216e-02  3.417278e-02 -5.997983e-01  1.275851e-01  6.343218e-01 
       17   0.89244   0.21979   0.00235   0.91761  6.845090e-02  2.617881e-01 -2.817190e-03  1.384232e-02 -7.115197e-04  5.911744e-04  5.460858e-02  2.624996e-01 -3.408365e-03 -2.817190e-03  6.845090e-02  2.763419e-01  5.911744e-04  1.384232e-02 -7.115197e-04 -3.408365e-03  5.460858e-02  2.624996e-01 -5.570998e-01  1.528027e-01  6.180928e-01  4.010519e-05  2.899975e-02  3.396416e-02 -5.571399e-01  1.238029e-01  5.841287e-01 
       18   0.93547   0.21979   0.00235   0.91839  5.990437e-02  2.199393e-01  4.483319e-03  1.370855e-02 -7.131871e-04  5.915339e-04  4.619582e-02  2.206525e-01  3.891785e-03  4.483319e-03  5.990437e-02  2.343610e-01  5.915339e-04  1.370855e-02 -7.131871e-04  3.891785e-03  4.619582e-02  2.206525e-01 -4.957759e-01  1.247244e-01  5.276911e-01  7.694769e-05  2.936749e-02  3.362389e-02 -4.958529e-01  9.535688e-02  4.940672e-01 
       19   0.97849   0.21979   0.00235   0.91840  5.275936e-02  1.677549e-01  5.955087e-03  1.355583e-02 -7.325751e-04  5.660323e-04  3.920353e-02  1.684875e-01  5.389055e-03  5.955087e-03  5.275936e-02  1.820433e-01  5.660323e-04  1.355583e-02 -7.325751e-04  5.389055e-03  3.920353e-02  1.684875e-01 -3.928525e-01  1.089018e-01  4.236186e-01  2.191665e-04  2.971621e-02  3.321078e-02 -3.930716e-01  7.918560e-02  3.904079e-01 



Time history of loading for wing surface: 1 --> VSP Surface: 1 ... NOTE: values per area! 

  Station    Time       S       Chord     Area      V/Vref        Cx            Cy            Cz           Cxo           Cyo           Czo          Cxi            Cyi           Czi           Cl            Cd            Cs            Clo           Cdo           Cso           Cli           Cdi           Csi           Cmx           Cmy           Cmz          Cmxo          Cmyo          Cmzo          Cmxi          Cmyi          Cmzi 
        1   0.00000   0.06064   0.32000   0.01489   1.20905  4.556434e-02 -2.256268e-04  6.507584e-01  2.192760e-02 -2.182678e-04  7.109576e-04  2.363675e-02 -7.358988e-06  6.500475e-01  6.507584e-01  4.556434e-02  2.192024e-02  7.109576e-04  2.192760e-02 -2.182678e-04  6.500475e-01  2.363675e-02 -7.358988e-06  4.742237e-02 -3.239848e-01 -3.533100e-03  2.585716e-04  2.008441e-02 -1.808931e-03  4.716380e-02 -3.440692e-01 -1.724169e-03 
        2   0.00000   0.15507   0.32000   0.01489   1.20987  4.764056e-02 -1.342840e-04  6.523854e-01  2.195850e-02 -1.333006e-04  7.184580e-04  2.568206e-02 -9.834896e-07  6.516669e-01  6.523854e-01  4.764056e-02  2.195751e-02  7.184580e-04  2.195850e-02 -1.333006e-04  6.516669e-01  2.568206e-02 -9.834896e-07  1.421071e-01 -3.240974e-01 -1.049995e-02  2.827760e-04  2.010622e-02 -4.912139e-03  1.418243e-01 -3.442036e-01 -5.587807e-03 
        3   0.00000   0.22267   0.32000   0.01489   1.20798  4.333700e-02 -1.391990e-07  6.585513e-01  2.194336e-02  3.538975e-07  7.246066e-04  2.139364e-02 -4.930965e-07  6.578267e-01  6.585513e-01  4.333700e-02  2.194287e-02  7.246066e-04  2.194336e-02  3.538975e-07  6.578267e-01  2.139364e-02 -4.930965e-07  2.388858e-01 -3.371122e-01 -1.571472e-02  2.624936e-04  2.008572e-02 -7.958941e-03  2.386233e-01 -3.571979e-01 -7.755782e-03 
        4   0.00000   0.29026   0.32000   0.01489   1.21089  4.910524e-02 -3.173725e-04  6.466870e-01  2.195217e-02 -3.189682e-04  7.238322e-04  2.715306e-02  1.595752e-06  6.459632e-01  6.466870e-01  4.910524e-02  2.195377e-02  7.238322e-04  2.195217e-02 -3.189682e-04  6.459632e-01  2.715306e-02  1.595752e-06  3.286804e-01 -3.193543e-01 -2.525074e-02  6.700635e-04  2.009485e-02 -1.146638e-02  3.280104e-01 -3.394491e-01 -1.378436e-02 
        5   0.00000   0.35786   0.32000   0.01489   1.20805  4.926273e-02 -2.292536e-04  6.442183e-01  2.186285e-02 -2.361207e-04  7.315730e-04  2.739988e-02  6.867179e-06  6.434867e-01  6.442183e-01  4.926273e-02  2.186972e-02  7.315730e-04  2.186285e-02 -2.361207e-04  6.434867e-01  2.739988e-02  6.867179e-06  4.208146e-01 -3.161143e-01 -3.239390e-02  7.015678e-04  2.000239e-02 -1.451023e-02  4.201130e-01 -3.361167e-01 -1.788368e-02 
        6   0.00000   0.42545   0.32000   0.01489   1.20940  4.958457e-02 -2.048775e-04  6.479980e-01  2.191952e-02 -2.684315e-04  7.313990e-04  2.766505e-02  6.355403e-05  6.472666e-01  6.479980e-01  4.958457e-02  2.198307e-02  7.313990e-04  2.191952e-02 -2.684315e-04  6.472666e-01  2.766505e-02  6.355403e-05  5.172780e-01 -3.185466e-01 -3.977828e-02  8.382135e-04  2.005631e-02 -1.775979e-02  5.164397e-01 -3.386029e-01 -2.201849e-02 
        7   0.00000   0.49304   0.32000   0.01489   1.21056  4.824637e-02  4.935021e-06  6.592174e-01  2.201371e-02 -2.333746e-04  7.343226e-04  2.623265e-02  2.383096e-04  6.584830e-01  6.592174e-01  4.824637e-02  2.225202e-02  7.343226e-04  2.201371e-02 -2.333746e-04  6.584830e-01  2.623265e-02  2.383096e-04  6.216858e-01 -3.279699e-01 -4.547898e-02  9.138414e-04  2.014272e-02 -2.099383e-02  6.207719e-01 -3.481126e-01 -2.448515e-02 
        8   0.00000   0.56064   0.32000   0.01489   1.21090  4.840064e-02  3.266732e-04  6.784304e-01  2.213160e-02 -2.375235e-04  7.397639e-04  2.626905e-02  5.641967e-04  6.776906e-01  6.784304e-01  4.840064e-02  2.269579e-02  7.397639e-04  2.213160e-02 -2.375235e-04  6.776906e-01  2.626905e-02  5.641967e-04  7.379434e-01 -3.424406e-01 -5.230315e-02  1.030238e-03  2.024907e-02 -2.432018e-02  7.369132e-01 -3.626897e-01 -2.798297e-02 
        9   0.00000   0.62823   0.32000   0.01489   1.20972  5.161264e-02  7.611464e-04  7.110386e-01  2.229265e-02 -2.919053e-04  7.140000e-04  2.931999e-02  1.053052e-03  7.103246e-01  7.110386e-01  5.161264e-02  2.334571e-02  7.140000e-04  2.229265e-02 -2.919053e-04  7.103246e-01  2.931999e-02  1.053052e-03  8.762044e-01 -3.664734e-01 -6.279468e-02  1.157369e-03  2.042757e-02 -2.778420e-02  8.750470e-01 -3.869010e-01 -3.501048e-02 
       10   0.00000   0.69583   0.32000   0.01489   1.21159  5.015484e-02  1.308189e-03  7.515171e-01  2.259358e-02 -3.200783e-04  6.985181e-04  2.756126e-02  1.628267e-03  7.508186e-01  7.515171e-01  5.015484e-02  2.422185e-02  6.985181e-04  2.259358e-02 -3.200783e-04  7.508186e-01  2.756126e-02  1.628267e-03  1.034658e+00 -4.033982e-01 -6.752894e-02  1.266341e-03  2.072844e-02 -3.146154e-02  1.033392e+00 -4.241267e-01 -3.606740e-02 
       11   0.00000   0.76342   0.32000   0.01489   1.21504  4.845173e-02  4.599084e-03  7.970355e-01  2.298281e-02 -2.277977e-04  6.899641e-04  2.546892e-02  4.826882e-03  7.963455e-01  7.970355e-01  4.845173e-02  2.780969e-02  6.899641e-04  2.298281e-02 -2.277977e-04  7.963455e-01  2.546892e-02  4.826882e-03  1.209797e+00 -4.512265e-01 -6.850845e-02  1.267141e-03  2.110611e-02 -3.524029e-02  1.208530e+00 -4.723326e-01 -3.326816e-02 
       12   0.00000   0.83101   0.32000   0.01489   1.24697  5.920994e-02 -3.844557e-01  8.758885e-01  2.420624e-02 -2.580150e-03  6.202159e-04  3.500370e-02 -3.818755e-01  8.752682e-01  8.758885e-01  5.920994e-02 -3.576693e-01  6.202159e-04  2.420624e-02 -2.580150e-03  8.752682e-01  3.500370e-02 -3.818755e-01  1.825890e+00 -4.770560e-01 -5.703996e-01  3.481742e-03  2.233610e-02 -4.296793e-02  1.822408e+00 -4.993921e-01 -5.274316e-01 
       13   0.00000   0.89861   0.32000   0.01489   1.08189  5.043980e-02 -3.441275e-01  4.738304e-01  1.760436e-02 -1.734385e-03  5.353993e-04  3.283544e-02 -3.423931e-01  4.732950e-01  4.738304e-01  5.043980e-02 -3.247888e-01  5.353993e-04  1.760436e-02 -1.734385e-03  4.732950e-01  3.283544e-02 -3.423931e-01  1.184477e+00 -1.798189e-01 -5.062944e-01  2.615816e-03  1.615995e-02 -3.366123e-02  1.181861e+00 -1.959789e-01 -4.726331e-01 
       14   0.00000   0.96620   0.32000   0.01489   1.05950  5.804921e-02  4.066129e-02  8.571397e-02  1.570118e-02 -2.681736e-03  6.666592e-04  4.234803e-02  4.334303e-02  8.504731e-02  8.571397e-02  5.804921e-02  5.904420e-02  6.666592e-04  1.570118e-02 -2.681736e-03  8.504731e-02  4.234803e-02  4.334303e-02  1.217898e-01  1.802679e-01 -5.958707e-02  3.849021e-03  1.422383e-02 -3.343480e-02  1.179408e-01  1.660441e-01 -2.615226e-02 



Time history of loading for wing surface: 2 --> VSP Surface: 2 ... NOTE: values per area! 

  Station    Time       S       Chord     Area      V/Vref        Cx            Cy            Cz           Cxo           Cyo           Czo          Cxi            Cyi           Czi           Cl            Cd            Cs            Clo           Cdo           Cso           Cli           Cdi           Csi           Cmx           Cmy           Cmz          Cmxo          Cmyo          Cmzo          Cmxi          Cmyi          Cmzi 
        1   0.00000   0.06064   0.32000   0.01489   1.20906  4.536217e-02  2.118698e-04  6.517649e-01  2.193401e-02  1.974424e-04  7.020683e-04  2.342816e-02  1.442736e-05  6.510629e-01  6.517649e-01  4.536217e-02  2.194844e-02  7.020683e-04  2.193401e-02  1.974424e-04  6.510629e-01  2.342816e-02  1.442736e-05 -4.748139e-02 -3.250729e-01  3.506033e-03 -2.381768e-04  2.009938e-02  1.788576e-03 -4.724321e-02 -3.451723e-01  1.717457e-03 
        2   0.00000   0.15507   0.32000   0.01489   1.20993  4.743493e-02  1.135316e-04  6.549966e-01  2.197530e-02  1.150330e-04  7.064844e-04  2.545963e-02 -1.501465e-06  6.542901e-01  6.549966e-01  4.743493e-02  2.197380e-02  7.064844e-04  2.197530e-02  1.150330e-04  6.542901e-01  2.545963e-02 -1.501465e-06 -1.426554e-01 -3.266069e-01  1.043217e-02 -2.628460e-04  2.013412e-02  4.897532e-03 -1.423926e-01 -3.467410e-01  5.534639e-03 
        3   0.00000   0.22267   0.32000   0.01489   1.20815  4.314880e-02  1.687559e-06  6.622724e-01  2.196962e-02 -1.060290e-05  7.093421e-04  2.117918e-02  1.229046e-05  6.615631e-01  6.622724e-01  4.314880e-02  2.198191e-02  7.093421e-04  2.196962e-02 -1.060290e-05  6.615631e-01  2.117918e-02  1.229046e-05 -2.402373e-01 -3.405602e-01  1.565157e-02 -2.472371e-04  2.012588e-02  7.958218e-03 -2.399901e-01 -3.606861e-01  7.693355e-03 
        4   0.00000   0.29026   0.32000   0.01489   1.21101  4.882211e-02  3.273522e-04  6.510363e-01  2.198024e-02  3.063640e-04  7.062556e-04  2.684187e-02  2.098822e-05  6.503300e-01  6.510363e-01  4.882211e-02  2.200123e-02  7.062556e-04  2.198024e-02  3.063640e-04  6.503300e-01  2.684187e-02  2.098822e-05 -3.308996e-01 -3.235372e-01  2.512508e-02 -6.491847e-04  2.013903e-02  1.146803e-02 -3.302504e-01 -3.436762e-01  1.365705e-02 
        5   0.00000   0.35786   0.32000   0.01489   1.20772  4.914172e-02  1.954889e-04  6.490974e-01  2.188234e-02  2.038779e-04  7.012736e-04  2.725938e-02 -8.388992e-06  6.483961e-01  6.490974e-01  4.914172e-02  2.187395e-02  7.012736e-04  2.188234e-02  2.038779e-04  6.483961e-01  2.725938e-02 -8.388992e-06 -4.239680e-01 -3.209918e-01  3.228052e-02 -6.512077e-04  2.005117e-02  1.449071e-02 -4.233168e-01 -3.410429e-01  1.778980e-02 
        6   0.00000   0.42545   0.32000   0.01489   1.20910  4.937762e-02  1.643345e-04  6.532472e-01  2.194215e-02  2.349940e-04  7.009450e-04  2.743546e-02 -7.065952e-05  6.525463e-01  6.532472e-01  4.937762e-02  2.187149e-02  7.009450e-04  2.194215e-02  2.349940e-04  6.525463e-01  2.743546e-02 -7.065952e-05 -5.214290e-01 -3.240087e-01  3.956594e-02 -7.822010e-04  2.010822e-02  1.774442e-02 -5.206468e-01 -3.441169e-01  2.182152e-02 
        7   0.00000   0.49304   0.32000   0.01489   1.21027  4.800524e-02 -5.840303e-05  6.647639e-01  2.203880e-02  1.898408e-04  6.984895e-04  2.596644e-02 -2.482439e-04  6.640654e-01  6.647639e-01  4.800524e-02  2.179056e-02  6.984895e-04  2.203880e-02  1.898408e-04  6.640654e-01  2.596644e-02 -2.482439e-04 -6.268671e-01 -3.338626e-01  4.518419e-02 -8.387626e-04  2.020234e-02  2.097397e-02 -6.260283e-01 -3.540649e-01  2.421022e-02 
        8   0.00000   0.56064   0.32000   0.01489   1.21068  4.796680e-02 -4.018750e-04  6.849472e-01  2.216526e-02  1.888795e-04  7.059496e-04  2.580153e-02 -5.907544e-04  6.842412e-01  6.849472e-01  4.796680e-02  2.157451e-02  7.059496e-04  2.216526e-02  1.888795e-04  6.842412e-01  2.580153e-02 -5.907544e-04 -7.449656e-01 -3.498523e-01  5.171975e-02 -9.473110e-04  2.031481e-02  2.430818e-02 -7.440182e-01 -3.701671e-01  2.741157e-02 
        9   0.00000   0.62823   0.32000   0.01489   1.21096  5.056172e-02 -8.388585e-04  7.200103e-01  2.238122e-02  2.420348e-04  7.017313e-04  2.818051e-02 -1.080893e-03  7.193086e-01  7.200103e-01  5.056172e-02  2.130032e-02  7.017313e-04  2.238122e-02  2.420348e-04  7.193086e-01  2.818051e-02 -1.080893e-03 -8.871943e-01 -3.777054e-01  6.135898e-02 -1.094944e-03  2.052383e-02  2.784356e-02 -8.860994e-01 -3.982292e-01  3.351543e-02 
       10   0.00000   0.69583   0.32000   0.01489   1.21286  4.908892e-02 -1.200958e-03  7.605753e-01  2.268584e-02  2.570529e-04  6.971441e-04  2.640308e-02 -1.458011e-03  7.598781e-01  7.605753e-01  4.908892e-02  2.122782e-02  6.971441e-04  2.268584e-02  2.570529e-04  7.598781e-01  2.640308e-02 -1.458011e-03 -1.047240e+00 -4.147013e-01  6.615115e-02 -1.204676e-03  2.081730e-02  3.152569e-02 -1.046036e+00 -4.355185e-01  3.462546e-02 
       11   0.00000   0.76342   0.32000   0.01489   1.21747  4.752490e-02 -3.831313e-03  8.036074e-01  2.308741e-02  1.856185e-04  7.547089e-04  2.443748e-02 -4.016932e-03  8.028527e-01  8.036074e-01  4.752490e-02  1.907048e-02  7.547089e-04  2.308741e-02  1.856185e-04  8.028527e-01  2.443748e-02 -4.016932e-03 -1.220526e+00 -4.591807e-01  6.798598e-02 -1.325774e-03  2.114059e-02  3.535748e-02 -1.219201e+00 -4.803213e-01  3.262850e-02 
       12   0.00000   0.83101   0.32000   0.01489   1.24845  6.295167e-02  3.828833e-01  8.899248e-01  2.433167e-02  2.595232e-03  8.785887e-04  3.862000e-02  3.802881e-01  8.890462e-01  8.899248e-01  6.295167e-02  4.046198e-01  8.785887e-04  2.433167e-02  2.595232e-03  8.890462e-01  3.862000e-02  3.802881e-01 -1.848477e+00 -4.883732e-01  5.736384e-01 -3.927142e-03  2.219674e-02  4.319230e-02 -1.844550e+00 -5.105699e-01  5.304461e-01 
       13   0.00000   0.89861   0.32000   0.01489   1.09009  4.869944e-02  3.424330e-01  4.887060e-01  1.788765e-02  1.748254e-03  4.989295e-04  3.081179e-02  3.406848e-01  4.882071e-01  4.887060e-01  4.869944e-02  3.585724e-01  4.989295e-04  1.788765e-02  1.748254e-03  4.882071e-01  3.081179e-02  3.406848e-01 -1.208514e+00 -1.980650e-01  5.002189e-01 -2.562828e-03  1.646507e-02  3.418886e-02 -1.205951e+00 -2.145301e-01  4.660300e-01 
       14   0.00000   0.96620   0.32000   0.01489   1.06668  6.277803e-02 -4.011535e-02  8.726650e-02  1.588848e-02  2.715780e-03  7.499781e-04  4.688954e-02 -4.283113e-02  8.651653e-02  8.726650e-02  6.277803e-02 -2.694265e-02  7.499781e-04  1.588848e-02  2.715780e-03  8.651653e-02  4.688954e-02 -4.283113e-02 -1.255931e-01  1.853770e-01  6.952731e-02 -4.044503e-03  1.431816e-02  3.383571e-02 -1.215486e-01  1.710588e-01  3.569160e-02 



Time history of loading for wing surface: 3 --> VSP Surface: 3 ... NOTE: values per area! 

  Station    Time       S       Chord     Area      V/Vref        Cx            Cy            Cz           Cxo           Cyo           Czo          Cxi            Cyi           Czi           Cl            Cd            Cs            Clo           Cdo           Cso           Cli           Cdi           Csi           Cmx           Cmy           Cmz          Cmxo          Cmyo          Cmzo          Cmxi          Cmyi          Cmzi 
        1   0.00000   0.03103   0.13000   0.00606   1.19465  8.441676e-02 -9.873619e-04 -2.869090e+00  5.769144e-02 -1.107997e-03  1.186752e-02  2.672531e-02  1.206352e-04 -2.880958e+00 -2.869090e+00  8.441676e-02  5.781208e-02  1.186752e-02  5.769144e-02 -1.107997e-03 -2.880958e+00  2.672531e-02  1.206352e-04 -5.097378e-01  5.403203e+00 -1.704268e-02  4.985335e-03  1.251368e-01 -1.255190e-02 -5.147231e-01  5.278066e+00 -4.490777e-03 
        2   0.00000   0.09814   0.13000   0.00606   1.19516  6.113363e-02 -8.810625e-04 -2.880365e+00  5.782823e-02 -1.137333e-03  1.190339e-02  3.305393e-03  2.562704e-04 -2.892269e+00 -2.880365e+00  6.113363e-02  5.808450e-02  1.190339e-02  5.782823e-02 -1.137333e-03 -2.892269e+00  3.305393e-03  2.562704e-04 -1.540587e+00  5.365862e+00 -3.443375e-02  9.318835e-03  1.254178e-01 -3.328884e-02 -1.549905e+00  5.240444e+00 -1.144912e-03 
        3   0.00000   0.17029   0.13000   0.00606   1.18300  6.183475e-02 -1.470879e-03 -2.914958e+00  5.894905e-02 -1.596744e-03  1.214471e-02  2.885694e-03  1.258648e-04 -2.927103e+00 -2.914958e+00  6.183475e-02  5.907492e-02  1.214471e-02  5.894905e-02 -1.596744e-03 -2.927103e+00  2.885694e-03  1.258648e-04 -2.598880e+00  5.430856e+00 -5.816678e-02  1.497390e-02  1.278271e-01 -5.587538e-02 -2.613853e+00  5.303029e+00 -2.291404e-03 
        4   0.00000   0.24244   0.13000   0.00606   1.18288  4.269724e-02 -1.735337e-03 -2.939160e+00  5.944705e-02 -1.638599e-03  1.224202e-02 -1.674981e-02 -9.673788e-05 -2.951402e+00 -2.939160e+00  4.269724e-02  5.935031e-02  1.224202e-02  5.944705e-02 -1.638599e-03 -2.951402e+00 -1.674981e-02 -9.673788e-05 -3.669550e+00  5.427046e+00 -5.691608e-02  1.954121e-02  1.289177e-01 -7.763609e-02 -3.689091e+00  5.298129e+00  2.072000e-02 
        5   0.00000   0.31459   0.13000   0.00606   1.16857  3.955567e-02 -1.190785e-03 -2.963438e+00  6.045998e-02 -1.036760e-03  1.246713e-02 -2.090431e-02 -1.540255e-04 -2.975905e+00 -2.963438e+00  3.955567e-02  6.030595e-02  1.246713e-02  6.045998e-02 -1.036760e-03 -2.975905e+00 -2.090431e-02 -1.540255e-04 -4.759662e+00  5.467701e+00 -6.601125e-02  2.271832e-02  1.310808e-01 -9.927303e-02 -4.782381e+00  5.336620e+00  3.326178e-02 
        6   0.00000   0.38673   0.13000   0.00606   1.16927  3.639374e-02 -1.015067e-03 -2.977309e+00  6.077776e-02 -9.137561e-04  1.253079e-02 -2.438402e-02 -1.013104e-04 -2.989840e+00 -2.977309e+00  3.639374e-02  6.067645e-02  1.253079e-02  6.077776e-02 -9.137561e-04 -2.989840e+00 -2.438402e-02 -1.013104e-04 -5.845698e+00  5.484958e+00 -7.356659e-02  2.697774e-02  1.317736e-01 -1.212403e-01 -5.872676e+00  5.353185e+00  4.767374e-02 
        7   0.00000   0.45888   0.13000   0.00606   1.16914  3.645225e-02 -2.746854e-04 -2.988699e+00  6.108135e-02 -2.110044e-04  1.258664e-02 -2.462910e-02 -6.368101e-05 -3.001286e+00 -2.988699e+00  3.645225e-02  6.101767e-02  1.258664e-02  6.108135e-02 -2.110044e-04 -3.001286e+00 -2.462910e-02 -6.368101e-05 -6.937353e+00  5.505575e+00 -8.519111e-02  2.976481e-02  1.324455e-01 -1.422245e-01 -6.967117e+00  5.373129e+00  5.703335e-02 
        8   0.00000   0.53103   0.13000   0.00606   1.17184  3.990126e-02 -8.284224e-05 -3.005650e+00  6.144972e-02 -2.361374e-05  1.266716e-02 -2.154847e-02 -5.922850e-05 -3.018317e+00 -3.005650e+00  3.990126e-02  6.139049e-02  1.266716e-02  6.144972e-02 -2.361374e-05 -3.018317e+00 -2.154847e-02 -5.922850e-05 -8.050640e+00  5.546943e+00 -1.070629e-01  3.399098e-02  1.332349e-01 -1.646454e-01 -8.084631e+00  5.413708e+00  5.758253e-02 
        9   0.00000   0.60318   0.13000   0.00606   1.18335  3.838212e-02  1.271547e-05 -3.037507e+00  6.189927e-02  8.366643e-05  1.273911e-02 -2.351715e-02 -7.095096e-05 -3.050246e+00 -3.037507e+00  3.838212e-02  6.182832e-02  1.273911e-02  6.189927e-02  8.366643e-05 -3.050246e+00 -2.351715e-02 -7.095096e-05 -9.221034e+00  5.608504e+00 -1.165086e-01  3.845586e-02  1.342517e-01 -1.877386e-01 -9.259490e+00  5.474252e+00  7.122997e-02 
       10   0.00000   0.67533   0.13000   0.00606   1.18821  5.289149e-02  3.825853e-05 -3.067151e+00  6.258784e-02  4.529306e-06  1.285069e-02 -9.696345e-03  3.372923e-05 -3.080002e+00 -3.067151e+00  5.289149e-02  6.262156e-02  1.285069e-02  6.258784e-02  4.529306e-06 -3.080002e+00 -9.696345e-03  3.372923e-05 -1.040654e+01  5.704790e+00 -1.794287e-01  4.358885e-02  1.358062e-01 -2.123424e-01 -1.045013e+01  5.568983e+00  3.291365e-02 
       11   0.00000   0.74748   0.13000   0.00606   1.20936  7.530318e-02 -2.711074e-04 -3.109241e+00  6.313223e-02 -8.991128e-04  1.290601e-02  1.217095e-02  6.280054e-04 -3.122147e+00 -3.109241e+00  7.530318e-02  6.376024e-02  1.290601e-02  6.313223e-02 -8.991128e-04 -3.122147e+00  1.217095e-02  6.280054e-04 -1.165922e+01  5.864381e+00 -2.831533e-01  5.072333e-02  1.371021e-01 -2.385716e-01 -1.170994e+01  5.727279e+00 -4.458170e-02 
       12   0.00000   0.81963   0.13000   0.00606   1.26661  1.777100e-01 -2.051529e-02 -3.164710e+00  6.347135e-02 -2.518421e-03  1.298765e-02  1.142386e-01 -1.799687e-02 -3.177698e+00 -3.164710e+00  1.777100e-01  4.547448e-02  1.298765e-02  6.347135e-02 -2.518421e-03 -3.177698e+00  1.142386e-01 -1.799687e-02 -1.294721e+01  6.289320e+00 -7.724182e-01  5.985671e-02  1.378136e-01 -2.657997e-01 -1.300707e+01  6.151507e+00 -5.066185e-01 
       13   0.00000   0.89178   0.13000   0.00606   1.06444  6.830486e-02 -1.047728e-02 -2.264504e+00  4.591143e-02 -4.289350e-03  8.823867e-03  2.239343e-02 -6.187930e-03 -2.273328e+00 -2.264504e+00  6.830486e-02  3.972350e-02  8.823867e-03  4.591143e-02 -4.289350e-03 -2.273328e+00  2.239343e-02 -6.187930e-03 -1.008702e+01  4.259260e+00 -3.252994e-01  5.048783e-02  1.008449e-01 -2.136715e-01 -1.013751e+01  4.158415e+00 -1.116278e-01 
       14   0.00000   0.96393   0.13000   0.00606   1.05480  1.279094e-01  1.116948e-02 -1.848670e+00  3.739579e-02 -1.192583e-03  7.443736e-03  9.051361e-02  1.236207e-02 -1.856114e+00 -1.848670e+00  1.279094e-01  4.975785e-02  7.443736e-03  3.739579e-02 -1.192583e-03 -1.856114e+00  9.051361e-02  1.236207e-02 -8.936618e+00  3.696442e+00 -5.897086e-01  3.897438e-02  8.161935e-02 -1.827227e-01 -8.975592e+00  3.614822e+00 -4.069859e-01 



Time history of loading for wing surface: 4 --> VSP Surface: 4 ... NOTE: values per area! 

  Station    Time       S       Chord     Area      V/Vref        Cx            Cy            Cz           Cxo           Cyo           Czo          Cxi            Cyi           Czi           Cl            Cd            Cs            Clo           Cdo           Cso           Cli           Cdi           Csi           Cmx           Cmy           Cmz          Cmxo          Cmyo          Cmzo          Cmxi          Cmyi          Cmzi 
        1   0.00000   0.03103   0.13000   0.00606   1.19498  8.458329e-02  9.017650e-04 -2.869591e+00  5.769870e-02  1.033389e-03  1.186572e-02  2.688459e-02 -1.316240e-04 -2.881457e+00 -2.869591e+00  8.458329e-02  5.756707e-02  1.186572e-02  5.769870e-02  1.033389e-03 -2.881457e+00  2.688459e-02 -1.316240e-04  5.100470e-01  5.404705e+00  1.689531e-02 -4.792020e-03  1.251592e-01  1.240170e-02  5.148390e-01  5.279545e+00  4.493603e-03 
        2   0.00000   0.09814   0.13000   0.00606   1.19550  6.132512e-02  7.998604e-04 -2.882781e+00  5.788108e-02  1.086019e-03  1.190671e-02  3.444044e-03 -2.861588e-04 -2.894687e+00 -2.882781e+00  6.132512e-02  5.759492e-02  1.190671e-02  5.788108e-02  1.086019e-03 -2.894687e+00  3.444044e-03 -2.861588e-04  1.542088e+00  5.371049e+00  3.435893e-02 -9.187880e-03  1.255477e-01  3.321295e-02  1.551276e+00  5.245502e+00  1.145973e-03 
        3   0.00000   0.17029   0.13000   0.00606   1.18342  6.289926e-02  1.401064e-03 -2.920476e+00  5.908129e-02  1.564238e-03  1.216256e-02  3.817975e-03 -1.631736e-04 -2.932639e+00 -2.920476e+00  6.289926e-02  5.891811e-02  1.216256e-02  5.908129e-02  1.564238e-03 -2.932639e+00  3.817975e-03 -1.631736e-04  2.604004e+00  5.444551e+00  5.896230e-02 -1.490575e-02  1.281329e-01  5.592744e-02  2.618910e+00  5.316418e+00  3.034868e-03 
        4   0.00000   0.24244   0.13000   0.00606   1.18340  4.194339e-02  1.706702e-03 -2.942070e+00  5.950219e-02  1.605841e-03  1.225191e-02 -1.755880e-02  1.008615e-04 -2.954322e+00 -2.942070e+00  4.194339e-02  5.960305e-02  1.225191e-02  5.950219e-02  1.605841e-03 -2.954322e+00 -1.755880e-02  1.008615e-04  3.673250e+00  5.429776e+00  5.591225e-02 -1.946883e-02  1.290402e-01  7.763850e-02  3.692719e+00  5.300736e+00 -2.172625e-02 
        5   0.00000   0.31459   0.13000   0.00606   1.16902  3.919477e-02  1.189132e-03 -2.968172e+00  6.056831e-02  1.008305e-03  1.247364e-02 -2.137353e-02  1.808272e-04 -2.980646e+00 -2.968172e+00  3.919477e-02  6.074914e-02  1.247364e-02  6.056831e-02  1.008305e-03 -2.980646e+00 -2.137353e-02  1.808272e-04  4.767276e+00  5.475225e+00  6.543869e-02 -2.265517e-02  1.313478e-01  9.938935e-02  4.789931e+00  5.343877e+00 -3.395067e-02 
        6   0.00000   0.38673   0.13000   0.00606   1.16971  3.596306e-02  9.987961e-04 -2.982930e+00  6.090818e-02  8.893252e-04  1.254305e-02 -2.494512e-02  1.094708e-04 -2.995473e+00 -2.982930e+00  3.596306e-02  6.101765e-02  1.254305e-02  6.090818e-02  8.893252e-04 -2.995473e+00 -2.494512e-02  1.094708e-04  5.856781e+00  5.493936e+00  7.268900e-02 -2.693861e-02  1.320861e-01  1.214469e-01  5.883720e+00  5.361850e+00 -4.875790e-02 
        7   0.00000   0.45888   0.13000   0.00606   1.16951  3.593291e-02  2.537922e-04 -2.995371e+00  6.124323e-02  1.806345e-04  1.259018e-02 -2.531032e-02  7.315776e-05 -3.007961e+00 -2.995371e+00  3.593291e-02  6.131639e-02  1.259018e-02  6.124323e-02  1.806345e-04 -3.007961e+00 -2.531032e-02  7.315776e-05  6.952895e+00  5.516275e+00  8.394489e-02 -2.969446e-02  1.328571e-01  1.425386e-01  6.982589e+00  5.383418e+00 -5.859369e-02 
        8   0.00000   0.53103   0.13000   0.00606   1.17222  3.941324e-02  6.811368e-05 -3.014108e+00  6.165744e-02 -7.584944e-06  1.268076e-02 -2.224421e-02  7.569862e-05 -3.026789e+00 -3.014108e+00  3.941324e-02  6.173314e-02  1.268076e-02  6.165744e-02 -7.584944e-06 -3.026789e+00 -2.224421e-02  7.569862e-05  8.073339e+00  5.561089e+00  1.057286e-01 -3.394669e-02  1.337446e-01  1.651385e-01  8.107285e+00  5.427344e+00 -5.940985e-02 
        9   0.00000   0.60318   0.13000   0.00606   1.18440  3.879963e-02 -3.304107e-05 -3.049766e+00  6.218053e-02 -1.281364e-04  1.280210e-02 -2.338090e-02  9.509536e-05 -3.062568e+00 -3.049766e+00  3.879963e-02  6.227563e-02  1.280210e-02  6.218053e-02 -1.281364e-04 -3.062568e+00 -2.338090e-02  9.509536e-05  9.258305e+00  5.632342e+00  1.177363e-01 -3.853207e-02  1.348513e-01  1.885021e-01  9.296837e+00  5.497490e+00 -7.076585e-02 
       10   0.00000   0.67533   0.13000   0.00606   1.18929  5.394882e-02 -6.909873e-05 -3.083356e+00  6.297168e-02 -6.632668e-05  1.294128e-02 -9.022867e-03 -2.772049e-06 -3.096297e+00 -3.083356e+00  5.394882e-02  6.296891e-02  1.294128e-02  6.297168e-02 -6.632668e-05 -3.096297e+00 -9.022867e-03 -2.772049e-06  1.046160e+01  5.737319e+00  1.829492e-01 -4.373635e-02  1.366152e-01  2.135192e-01  1.050534e+01  5.600703e+00 -3.057007e-02 
       11   0.00000   0.74748   0.13000   0.00606   1.21090  7.999647e-02  2.981478e-04 -3.131882e+00  6.365586e-02  8.563087e-04  1.315450e-02  1.634061e-02 -5.581610e-04 -3.145036e+00 -3.131882e+00  7.999647e-02  6.309770e-02  1.315450e-02  6.365586e-02  8.563087e-04 -3.145036e+00  1.634061e-02 -5.581610e-04  1.174404e+01  5.917961e+00  3.007848e-01 -5.154443e-02  1.379521e-01  2.404483e-01  1.179559e+01  5.780009e+00  6.033653e-02 
       12   0.00000   0.81963   0.13000   0.00606   1.26877  1.884916e-01  2.208401e-02 -3.190666e+00  6.403864e-02  2.441224e-03  1.338294e-02  1.244530e-01  1.964278e-02 -3.204049e+00 -3.190666e+00  1.884916e-01  8.368142e-02  1.338294e-02  6.403864e-02  2.441224e-03 -3.204049e+00  1.244530e-01  1.964278e-02  1.304963e+01  6.362658e+00  8.198110e-01 -6.128055e-02  1.384784e-01  2.679729e-01  1.311091e+01  6.224179e+00  5.518381e-01 
       13   0.00000   0.89178   0.13000   0.00606   1.06654  6.827372e-02  1.216826e-02 -2.279906e+00  4.624147e-02  4.249125e-03  8.883646e-03  2.203225e-02  7.919135e-03 -2.288790e+00 -2.279906e+00  6.827372e-02  5.416060e-02  8.883646e-03  4.624147e-02  4.249125e-03 -2.288790e+00  2.203225e-02  7.919135e-03  1.015194e+01  4.285413e+00  3.286405e-01 -5.065065e-02  1.015773e-01  2.150632e-01  1.020259e+01  4.183835e+00  1.135773e-01 
       14   0.00000   0.96393   0.13000   0.00606   1.05806  1.291934e-01 -1.106871e-02 -1.860142e+00  3.762686e-02  1.155915e-03  7.436643e-03  9.156655e-02 -1.222462e-02 -1.867579e+00 -1.860142e+00  1.291934e-01  2.540224e-02  7.436643e-03  3.762686e-02  1.155915e-03 -1.867579e+00  9.156655e-02 -1.222462e-02  8.991487e+00  3.719026e+00  5.959382e-01 -3.884533e-02  8.223149e-02  1.837624e-01  9.030332e+00  3.636795e+00  4.121758e-01 



Time history of loading for wing surface: 5 --> VSP Surface: 5 ... NOTE: values per area! 

  Station    Time       S       Chord     Area      V/Vref        Cx            Cy            Cz           Cxo           Cyo           Czo          Cxi            Cyi           Czi           Cl            Cd            Cs            Clo           Cdo           Cso           Cli           Cdi           Csi           Cmx           Cmy           Cmz          Cmxo          Cmyo          Cmzo          Cmxi          Cmyi          Cmzi 
        1   0.00000   0.24304   0.45000   0.01350   1.00665  1.444440e-02 -7.464282e-02  1.622487e-01  1.354476e-02 -3.537213e-06 -1.752346e-05  8.996361e-04 -7.463929e-02  1.622662e-01  1.622487e-01  1.444440e-02 -6.109452e-02 -1.752346e-05  1.354476e-02 -3.537213e-06  1.622662e-01  8.996361e-04 -7.463929e-02  2.789312e-01 -9.899413e-02 -5.941207e-02 -2.318934e-05  8.141851e-03 -1.956769e-02  2.789544e-01 -1.071360e-01 -3.984438e-02 
        2   0.00000   0.55031   0.45000   0.01350   1.01188  2.712050e-02 -1.826231e-01  2.131235e-01  1.375267e-02 -9.972178e-05 -1.549211e-03  1.336784e-02 -1.825234e-01  2.146727e-01  2.131235e-01  2.712050e-02 -1.687707e-01 -1.549211e-03  1.375267e-02 -9.972178e-05  2.146727e-01  1.336784e-02 -1.825234e-01  4.324315e-01 -9.827328e-02 -1.166289e-01 -2.171269e-03  1.049388e-02 -1.995028e-02  4.346028e-01 -1.087672e-01 -9.667863e-02 
        3   0.00000   0.67879   0.45000   0.01350   0.95386  2.854197e-01 -4.874983e-01  4.992902e-02  1.327378e-02 -8.657724e-05 -4.121271e-03  2.721459e-01 -4.874117e-01  5.405029e-02  4.992902e-02  2.854197e-01 -4.741380e-01 -4.121271e-03  1.327378e-02 -8.657724e-05  5.405029e-02  2.721459e-01 -4.874117e-01  4.368663e-01  1.448436e-01 -7.707494e-01 -5.889457e-03  1.326008e-02 -1.924730e-02  4.427558e-01  1.315835e-01 -7.515021e-01 
        4   0.00000   0.80728   0.45000   0.01350   0.97677 -2.043226e-02 -2.712470e-01 -1.066236e-02  1.294450e-02 -4.265048e-04 -2.937865e-03 -3.337676e-02 -2.708205e-01 -7.724497e-03 -1.066236e-02 -2.043226e-02 -2.578760e-01 -2.937865e-03  1.294450e-02 -4.265048e-04 -7.724497e-03 -3.337676e-02 -2.708205e-01  1.918495e-01 -6.343041e-02 -2.432632e-01 -3.902379e-03  1.286910e-02 -1.906250e-02  1.957518e-01 -7.629952e-02 -2.242007e-01 
        5   0.00000   0.93576   0.45000   0.01350   0.95390  1.300434e-02  3.686816e-02 -1.011285e-02  1.225309e-02  1.963520e-04 -7.445577e-04  7.512479e-04  3.667180e-02 -9.368295e-03 -1.011285e-02  1.300434e-02  4.892489e-02 -7.445577e-04  1.225309e-02  1.963520e-04 -9.368295e-03  7.512479e-04  3.667180e-02 -4.668477e-02  2.029617e-02 -1.037707e-02 -1.245644e-03  1.125635e-02 -1.753092e-02 -4.543912e-02  9.039812e-03  7.153847e-03 



Time history of loading for wing surface: 6 --> VSP Surface: 6 ... NOTE: values per area! 

  Station    Time       S       Chord     Area      V/Vref        Cx            Cy            Cz           Cxo           Cyo           Czo          Cxi            Cyi           Czi           Cl            Cd            Cs            Clo           Cdo           Cso           Cli           Cdi           Csi           Cmx           Cmy           Cmz          Cmxo          Cmyo          Cmzo          Cmxi          Cmyi          Cmzi 
        1   0.00000   0.24304   0.45000   0.01350   1.01143  1.527292e-02  6.648963e-02  1.620079e-01  1.365252e-02  4.258246e-05  1.189250e-05  1.620405e-03  6.644705e-02  1.619960e-01  1.620079e-01  1.527292e-02  8.009957e-02  1.189250e-05  1.365252e-02  4.258246e-05  1.619960e-01  1.620405e-03  6.644705e-02 -2.736470e-01 -9.724850e-02  4.855351e-02 -4.272754e-05  8.181335e-03  1.975673e-02 -2.736043e-01 -1.054298e-01  2.879678e-02 
        2   0.00000   0.55031   0.45000   0.01350   1.02065  2.422781e-02  1.763736e-01  2.219024e-01  1.396908e-02  1.461274e-04 -1.357097e-03  1.025873e-02  1.762274e-01  2.232595e-01  2.219024e-01  2.422781e-02  1.901965e-01 -1.357097e-03  1.396908e-02  1.461274e-04  2.232595e-01  1.025873e-02  1.762274e-01 -4.403971e-01 -1.092670e-01  1.018702e-01  1.862833e-03  1.047379e-02  2.030258e-02 -4.422599e-01 -1.197408e-01  8.156762e-02 
        3   0.00000   0.67879   0.45000   0.01350   0.96625  2.915826e-01  5.287114e-01  7.418340e-02  1.374632e-02  1.380975e-04 -4.368317e-03  2.778362e-01  5.285733e-01  7.855172e-02  7.418340e-02  2.915826e-01  5.423197e-01 -4.368317e-03  1.374632e-02  1.380975e-04  7.855172e-02  2.778362e-01  5.285733e-01 -5.035279e-01  1.280145e-01  8.184064e-01  6.208520e-03  1.381797e-02  1.997394e-02 -5.097364e-01  1.141965e-01  7.984325e-01 
        4   0.00000   0.80728   0.45000   0.01350   0.99224 -1.381847e-02  3.494762e-01 -9.713802e-04  1.353228e-02  5.576716e-05 -3.349397e-03 -2.735075e-02  3.494204e-01  2.378017e-03 -9.713802e-04 -1.381847e-02  3.629527e-01 -3.349397e-03  1.353228e-02  5.576716e-05  2.378017e-03 -2.735075e-02  3.494204e-01 -2.678637e-01 -6.254593e-02  3.360685e-01  4.793405e-03  1.369142e-02  1.959434e-02 -2.726571e-01 -7.623735e-02  3.164742e-01 
        5   0.00000   0.93576   0.45000   0.01350   0.95607  1.723833e-02 -3.359618e-04 -1.584454e-02  1.227647e-02 -3.875598e-04 -9.342935e-04  4.961861e-03  5.159797e-05 -1.491024e-02 -1.584454e-02  1.723833e-02  1.232806e-02 -9.342935e-04  1.227647e-02 -3.875598e-04 -1.491024e-02  4.961861e-03  5.159797e-05  2.354690e-02  3.075469e-02  5.906862e-02  1.685420e-03  1.143894e-02  1.740109e-02  2.186148e-02  1.931574e-02  4.166753e-02 



Time history of loading for wing surface: 7 --> VSP Surface: 7 ... NOTE: values per area! 

  Station    Time       S       Chord     Area      V/Vref        Cx            Cy            Cz           Cxo           Cyo           Czo          Cxi            Cyi           Czi           Cl            Cd            Cs            Clo           Cdo           Cso           Cli           Cdi           Csi           Cmx           Cmy           Cmz          Cmxo          Cmyo          Cmzo          Cmxi          Cmyi          Cmzi 
        1   0.00000   0.11280   0.21979   0.00235   1.34985  4.647975e-02 -3.591916e-01 -2.818052e-01  2.690718e-02  3.018043e-04 -2.280803e-03  1.957257e-02 -3.594934e-01 -2.795244e-01 -2.818052e-01  4.647975e-02 -3.325862e-01 -2.280803e-03  2.690718e-02  3.018043e-04 -2.795244e-01  1.957257e-02 -3.594934e-01 -2.136463e-01  5.733612e-01 -6.049975e-01 -6.180718e-03  4.058662e-02 -6.754483e-02 -2.074656e-01  5.327746e-01 -5.374527e-01 
        2   0.00000   0.24711   0.21979   0.00235   1.31642  7.938868e-02 -5.994158e-01 -2.899484e-01  2.669014e-02  1.127528e-04  8.161244e-04  5.269854e-02 -5.995285e-01 -2.907645e-01 -2.899484e-01  7.938868e-02 -5.728384e-01  8.161244e-04  2.669014e-02  1.127528e-04 -2.907645e-01  5.269854e-02 -5.995285e-01  1.340106e-01  6.416075e-01 -1.061489e+00  1.899609e-03  3.719811e-02 -6.726306e-02  1.321110e-01  6.044094e-01 -9.942261e-01 
        3   0.00000   0.29013   0.21979   0.00235   1.04904  8.711297e-02 -8.028061e-01 -5.483635e-03  2.038203e-02  1.328892e-03  2.953259e-03  6.673094e-02 -8.041350e-01 -8.436894e-03 -5.483635e-03  8.711297e-02 -7.837530e-01  2.953259e-03  2.038203e-02  1.328892e-03 -8.436894e-03  6.673094e-02 -8.041350e-01  1.177649e+00  1.439029e-01 -1.383849e+00  5.487229e-03  2.609830e-02 -4.961389e-02  1.172162e+00  1.178047e-01 -1.334235e+00 
        4   0.00000   0.33316   0.21979   0.00235   0.87947  1.260007e-01 -6.539608e-01  5.897040e-03  1.565015e-02  1.486606e-03  2.414441e-03  1.103505e-01 -6.554474e-01  3.482599e-03  5.897040e-03  1.260007e-01 -6.397973e-01  2.414441e-03  1.565015e-02  1.486606e-03  3.482599e-03  1.103505e-01 -6.554474e-01  1.016198e+00  1.847516e-01 -1.315420e+00  3.820764e-03  2.058193e-02 -3.743837e-02  1.012377e+00  1.641696e-01 -1.277981e+00 
        5   0.00000   0.37618   0.21979   0.00235   0.76990  1.143040e-01 -4.957870e-01 -2.301882e-03  1.182791e-02  1.614049e-03  3.476600e-03  1.024761e-01 -4.974010e-01 -5.778482e-03 -2.301882e-03  1.143040e-01 -4.855731e-01  3.476600e-03  1.182791e-02  1.614049e-03 -5.778482e-03  1.024761e-01 -4.974010e-01  7.771673e-01  1.850588e-01 -1.073427e+00  6.231264e-03  1.379329e-02 -2.760337e-02  7.709360e-01  1.712655e-01 -1.045823e+00 
        6   0.00000   0.41920   0.21979   0.00235   0.78308  1.164145e-01 -3.605594e-01 -1.372077e-03  1.083392e-02  1.402600e-03  3.419839e-03  1.055806e-01 -3.619620e-01 -4.791916e-03 -1.372077e-03  1.164145e-01 -3.511281e-01  3.419839e-03  1.083392e-02  1.402600e-03 -4.791916e-03  1.055806e-01 -3.619620e-01  5.823162e-01  1.936319e-01 -8.765602e-01  6.354896e-03  1.282119e-02 -2.539050e-02  5.759613e-01  1.808107e-01 -8.511696e-01 
        7   0.00000   0.46222   0.21979   0.00235   0.80774  7.297832e-02 -2.263687e-01  7.327884e-02  1.068031e-02  9.458100e-04  3.067220e-03  6.229801e-02 -2.273145e-01  7.021162e-02  7.327884e-02  7.297832e-02 -2.166342e-01  3.067220e-03  1.068031e-02  9.458100e-04  7.021162e-02  6.229801e-02 -2.273145e-01  5.599715e-01  1.221181e-05 -5.478836e-01  6.162672e-03  1.357962e-02 -2.564635e-02  5.538088e-01 -1.356741e-02 -5.222372e-01 
        8   0.00000   0.50524   0.21979   0.00235   0.82265  2.266574e-02 -3.168242e-01  2.986904e-01  1.147028e-02 -3.403470e-04  3.231280e-03  1.119545e-02 -3.164838e-01  2.954591e-01  2.986904e-01  2.266574e-02 -3.050135e-01  3.231280e-03  1.147028e-02 -3.403470e-04  2.954591e-01  1.119545e-02 -3.164838e-01  1.304021e+00 -5.018467e-01 -6.090700e-01  8.749354e-03  1.522192e-02 -2.945483e-02  1.295272e+00 -5.170686e-01 -5.796152e-01 
        9   0.00000   0.54827   0.21979   0.00235   0.88885  3.283873e-01 -9.143659e-02  1.856267e-01  1.206133e-02 -2.523867e-03  3.093864e-03  3.163259e-01 -8.891273e-02  1.825328e-01  1.856267e-01  3.283873e-01 -7.685140e-02  3.093864e-03  1.206133e-02 -2.523867e-03  1.825328e-01  3.163259e-01 -8.891273e-02  6.300491e-01  2.378343e-01 -9.501358e-01  1.228785e-02  1.701234e-02 -3.402572e-02  6.177613e-01  2.208219e-01 -9.161100e-01 
       10   0.00000   0.59129   0.21979   0.00235   0.91950  3.036049e-02 -2.315551e-01 -4.427238e-02  1.357307e-02  1.102517e-03  2.253787e-03  1.678742e-02 -2.326576e-01 -4.652617e-02 -4.427238e-02  3.036049e-02 -2.190846e-01  2.253787e-03  1.357307e-02  1.102517e-03 -4.652617e-02  1.678742e-02 -2.326576e-01  3.094957e-01  1.408706e-01 -4.442448e-01  3.686767e-03  2.152545e-02 -3.273287e-02  3.058090e-01  1.193451e-01 -4.115119e-01 
       11   0.00000   0.63431   0.21979   0.00235   0.90550  6.023067e-02 -3.070246e-01 -8.029621e-04  1.363968e-02  9.801485e-04  1.641234e-03  4.659099e-02 -3.080047e-01 -2.444196e-03 -8.029621e-04  6.023067e-02 -2.943650e-01  1.641234e-03  1.363968e-02  9.801485e-04 -2.444196e-03  4.659099e-02 -3.080047e-01  5.714793e-01  1.149484e-01 -6.606271e-01  2.315157e-03  2.316336e-02 -3.307361e-02  5.691642e-01  9.178501e-02 -6.275535e-01 
       12   0.00000   0.67733   0.21979   0.00235   0.90967  6.977756e-02 -3.202396e-01  1.041876e-03  1.385461e-02  8.975508e-04  1.231788e-03  5.592296e-02 -3.211371e-01 -1.899123e-04  1.041876e-03  6.977756e-02 -3.072825e-01  1.231788e-03  1.385461e-02  8.975508e-04 -1.899123e-04  5.592296e-02 -3.211371e-01  6.160743e-01  1.323149e-01 -7.108772e-01  1.392149e-03  2.480550e-02 -3.373297e-02  6.146821e-01  1.075094e-01 -6.771443e-01 
       13   0.00000   0.72036   0.21979   0.00235   0.91435  6.097240e-02 -3.123772e-01  1.632301e-03  1.393614e-02  8.741072e-04  1.151695e-03  4.703626e-02 -3.132513e-01  4.806063e-04  1.632301e-03  6.097240e-02 -2.993152e-01  1.151695e-03  1.393614e-02  8.741072e-04  4.806063e-04  4.703626e-02 -3.132513e-01  6.175532e-01  1.172413e-01 -6.776463e-01  1.192872e-03  2.574205e-02 -3.397197e-02  6.163604e-01  9.149921e-02 -6.436743e-01 
       14   0.00000   0.76338   0.21979   0.00235   0.91319  6.173977e-02 -3.099937e-01  1.645214e-03  1.390874e-02  8.660307e-04  1.002230e-03  4.783102e-02 -3.108597e-01  6.429836e-04  1.645214e-03  6.173977e-02 -2.969510e-01  1.002230e-03  1.390874e-02  8.660307e-04  6.429836e-04  4.783102e-02 -3.108597e-01  6.277255e-01  1.216308e-01 -6.783832e-01  7.896926e-04  2.656507e-02 -3.391416e-02  6.269358e-01  9.506572e-02 -6.444690e-01 
       15   0.00000   0.80640   0.21979   0.00235   0.91076  6.556385e-02 -3.060287e-01  1.293651e-03  1.383371e-02  8.407378e-04  1.003630e-03  5.173014e-02 -3.068694e-01  2.900211e-04  1.293651e-03  6.556385e-02 -2.930357e-01  1.003630e-03  1.383371e-02  8.407378e-04  2.900211e-04  5.173014e-02 -3.068694e-01  6.335118e-01  1.330533e-01 -6.838214e-01  8.038387e-04  2.707472e-02 -3.376028e-02  6.327080e-01  1.059786e-01 -6.500612e-01 
       16   0.00000   0.84942   0.21979   0.00235   0.92337  6.901302e-02 -2.901094e-01  1.905072e-04  1.409622e-02  7.669295e-04  6.569425e-04  5.491681e-02 -2.908763e-01 -4.664353e-04  1.905072e-04  6.901302e-02 -2.767801e-01  6.569425e-04  1.409622e-02  7.669295e-04 -4.664353e-04  5.491681e-02 -2.908763e-01  6.118134e-01  1.452817e-01 -6.666923e-01  4.334310e-05  2.877912e-02 -3.452742e-02  6.117701e-01  1.165026e-01 -6.321649e-01 
       17   0.00000   0.89244   0.21979   0.00235   0.92326  6.580245e-02 -2.639706e-01  5.920149e-04  1.398749e-02  7.487291e-04  6.265006e-04  5.181497e-02 -2.647194e-01 -3.448575e-05  5.920149e-04  6.580245e-02 -2.507319e-01  6.265006e-04  1.398749e-02  7.487291e-04 -3.448575e-05  5.181497e-02 -2.647194e-01  5.703751e-01  1.410143e-01 -6.163193e-01 -3.106141e-05  2.926281e-02 -3.427841e-02  5.704062e-01  1.117515e-01 -5.820409e-01 
       18   0.00000   0.93547   0.21979   0.00235   0.92418  5.841372e-02 -2.222525e-01  8.998591e-03  1.385882e-02  7.498223e-04  6.198726e-04  4.455490e-02 -2.230024e-01  8.378718e-03  8.998591e-03  5.841372e-02 -2.091435e-01  6.198726e-04  1.385882e-02  7.498223e-04  8.378718e-03  4.455490e-02 -2.230024e-01  5.122156e-01  1.134107e-01 -5.290828e-01 -8.607225e-05  2.965860e-02 -3.395184e-02  5.123016e-01  8.375208e-02 -4.951309e-01 
       19   0.00000   0.97849   0.21979   0.00235   0.92404  5.254561e-02 -1.704589e-01  8.520841e-03  1.370357e-02  7.706580e-04  5.929866e-04  3.884204e-02 -1.712295e-01  7.927854e-03  8.520841e-03  5.254561e-02 -1.575260e-01  5.929866e-04  1.370357e-02  7.706580e-04  7.927854e-03  3.884204e-02 -1.712295e-01  4.053817e-01  1.038683e-01 -4.287944e-01 -2.368016e-04  3.001077e-02 -3.353029e-02  4.056185e-01  7.385755e-02 -3.952641e-01 



Time history of loading for wing surface: 8 --> VSP Surface: 8 ... NOTE: values per area! 

  Station    Time       S       Chord     Area      V/Vref        Cx            Cy            Cz           Cxo           Cyo           Czo          Cxi            Cyi           Czi           Cl            Cd            Cs            Clo           Cdo           Cso           Cli           Cdi           Csi           Cmx           Cmy           Cmz          Cmxo          Cmyo          Cmzo          Cmxi          Cmyi          Cmzi 
        1   0.00000   0.11280   0.21979   0.00235   1.34688  6.600637e-02  3.817204e-01 -2.636804e-01  2.687694e-02 -6.293906e-04 -2.077280e-03  3.912942e-02  3.823498e-01 -2.616031e-01 -2.636804e-01  6.600637e-02  4.092267e-01 -2.077280e-03  2.687694e-02 -6.293906e-04 -2.616031e-01  3.912942e-02  3.823498e-01  1.364060e-01  5.671439e-01  6.932215e-01  6.121586e-03  4.025776e-02  6.700670e-02  1.302844e-01  5.268861e-01  6.262148e-01 
        2   0.00000   0.24711   0.21979   0.00235   1.32172  8.936207e-02  6.179473e-01 -2.685679e-01  2.694156e-02 -2.564775e-04  9.310100e-04  6.242052e-02  6.182038e-01 -2.694989e-01 -2.685679e-01  8.936207e-02  6.451453e-01  9.310100e-04  2.694156e-02 -2.564775e-04 -2.694989e-01  6.242052e-02  6.182038e-01 -2.145814e-01  6.167465e-01  1.116194e+00 -1.983317e-03  3.739740e-02  6.769557e-02 -2.125981e-01  5.793491e-01  1.048499e+00 
        3   0.00000   0.29013   0.21979   0.00235   1.05328  9.254673e-02  8.122771e-01 -1.015831e-03  2.054344e-02 -1.452435e-03  3.057398e-03  7.200330e-02  8.137295e-01 -4.073228e-03 -1.015831e-03  9.254673e-02  8.342729e-01  3.057398e-03  2.054344e-02 -1.452435e-03 -4.073228e-03  7.200330e-02  8.137295e-01 -1.202887e+00  1.440628e-01  1.411997e+00 -5.566869e-03  2.619115e-02  4.984748e-02 -1.197320e+00  1.178717e-01  1.362149e+00 
        4   0.00000   0.33316   0.21979   0.00235   0.88201  1.319688e-01  6.600602e-01  6.703627e-03  1.573910e-02 -1.600614e-03  2.507946e-03  1.162297e-01  6.616608e-01  4.195681e-03  6.703627e-03  1.319688e-01  6.773999e-01  2.507946e-03  1.573910e-02 -1.600614e-03  4.195681e-03  1.162297e-01  6.616608e-01 -1.027574e+00  1.923243e-01  1.340242e+00 -3.882239e-03  2.058646e-02  3.750236e-02 -1.023692e+00  1.717378e-01  1.302740e+00 
        5   0.00000   0.37618   0.21979   0.00235   0.77037  1.252651e-01  5.027146e-01 -4.081684e-03  1.188082e-02 -1.744785e-03  3.550261e-03  1.133843e-01  5.044594e-01 -7.631944e-03 -4.081684e-03  1.252651e-01  5.163402e-01  3.550261e-03  1.188082e-02 -1.744785e-03 -7.631944e-03  1.133843e-01  5.044594e-01 -7.836697e-01  2.051649e-01  1.113511e+00 -6.210712e-03  1.377308e-02  2.755274e-02 -7.774590e-01  1.913918e-01  1.085958e+00 
        6   0.00000   0.41920   0.21979   0.00235   0.78316  1.271098e-01  3.608519e-01 -6.878721e-03  1.081804e-02 -1.517029e-03  3.450523e-03  1.162917e-01  3.623690e-01 -1.032924e-02 -6.878721e-03  1.271098e-01  3.731870e-01  3.450523e-03  1.081804e-02 -1.517029e-03 -1.032924e-02  1.162917e-01  3.623690e-01 -5.689828e-01  2.205369e-01  9.043956e-01 -6.246072e-03  1.275207e-02  2.518908e-02 -5.627367e-01  2.077848e-01  8.792065e-01 
        7   0.00000   0.46222   0.21979   0.00235   0.80667  7.916623e-02  2.161763e-01  7.010036e-02  1.060702e-02 -1.070630e-03  3.042006e-03  6.855921e-02  2.172469e-01  6.705835e-02  7.010036e-02  7.916623e-02  2.278540e-01  3.042006e-03  1.060702e-02 -1.070630e-03  6.705835e-02  6.855921e-02  2.172469e-01 -5.348033e-01  1.638014e-02  5.459282e-01 -5.889750e-03  1.349229e-02  2.528526e-02 -5.289136e-01  2.887850e-03  5.206429e-01 
        8   0.00000   0.50524   0.21979   0.00235   0.81648  1.239738e-01  4.753335e-01  4.752922e-01  1.254547e-02  2.173623e-04  3.449198e-03  1.114284e-01  4.751162e-01  4.718430e-01  4.752922e-01  1.239738e-01  4.876616e-01  3.449198e-03  1.254547e-02  2.173623e-04  4.718430e-01  1.114284e-01  4.751162e-01 -2.031672e+00 -6.594965e-01  1.171171e+00 -9.087791e-03  1.676855e-02  3.199752e-02 -2.022584e+00 -6.762651e-01  1.139173e+00 
        9   0.00000   0.54827   0.21979   0.00235   0.88881  9.453407e-01  4.460526e-02  3.165311e-01  1.193857e-02  3.054796e-03  2.992029e-03  9.334021e-01  4.155046e-02  3.135391e-01  3.165311e-01  9.453407e-01  5.348903e-02  2.992029e-03  1.193857e-02  3.054796e-03  3.135391e-01  9.334021e-01  4.155046e-02 -8.763505e-01  1.079359e+00  2.432695e+00 -1.297144e-02  1.693834e-02  3.446400e-02 -8.633790e-01  1.062420e+00  2.398231e+00 
       10   0.00000   0.59129   0.21979   0.00235   0.92517  2.359318e-02  1.988153e-01 -9.399658e-02  1.361557e-02 -9.181608e-04  2.306971e-03  9.977607e-03  1.997334e-01 -9.630356e-02 -9.399658e-02  2.359318e-02  2.133490e-01  2.306971e-03  1.361557e-02 -9.181608e-04 -9.630356e-02  9.977607e-03  1.997334e-01 -1.231859e-01  2.227036e-01  3.672776e-01 -4.156634e-03  2.152783e-02  3.310009e-02 -1.190292e-01  2.011758e-01  3.341775e-01 
       11   0.00000   0.63431   0.21979   0.00235   0.91554  5.350262e-02  2.942935e-01 -7.779671e-03  1.383784e-02 -8.837224e-04  1.576850e-03  3.966478e-02  2.951772e-01 -9.356522e-03 -7.779671e-03  5.350262e-02  3.090151e-01  1.576850e-03  1.383784e-02 -8.837224e-04 -9.356522e-03  3.966478e-02  2.951772e-01 -5.299439e-01  1.154583e-01  6.201950e-01 -2.332627e-03  2.362425e-02  3.371010e-02 -5.276113e-01  9.183401e-02  5.864849e-01 
       12   0.00000   0.67733   0.21979   0.00235   0.91863  6.819484e-02  3.167267e-01 -3.943997e-04  1.406585e-02 -8.907221e-04  1.099240e-03  5.412899e-02  3.176174e-01 -1.493640e-03 -3.943997e-04  6.819484e-02  3.316833e-01  1.099240e-03  1.406585e-02 -8.907221e-04 -1.493640e-03  5.412899e-02  3.176174e-01 -6.057345e-01  1.318617e-01  7.006219e-01 -1.070402e-03  2.539703e-02  3.427621e-02 -6.046640e-01  1.064647e-01  6.663457e-01 
       13   0.00000   0.72036   0.21979   0.00235   0.92188  5.854960e-02  3.039161e-01  1.527458e-03  1.408559e-02 -9.890189e-04  9.888128e-04  4.446401e-02  3.049051e-01  5.386457e-04  1.527458e-03  5.854960e-02  3.189907e-01  9.888128e-04  1.408559e-02 -9.890189e-04  5.386457e-04  4.446401e-02  3.049051e-01 -6.006966e-01  1.125188e-01  6.562949e-01 -5.557718e-04  2.626512e-02  3.418753e-02 -6.001408e-01  8.625372e-02  6.221074e-01 
       14   0.00000   0.76338   0.21979   0.00235   0.91751  6.149865e-02  3.016198e-01  7.964097e-04  1.397974e-02 -9.742425e-04  8.349055e-04  4.751891e-02  3.025940e-01 -3.849579e-05  7.964097e-04  6.149865e-02  3.165738e-01  8.349055e-04  1.397974e-02 -9.742425e-04 -3.849579e-05  4.751891e-02  3.025940e-01 -6.087484e-01  1.225963e-01  6.625305e-01 -1.493420e-04  2.694373e-02  3.394096e-02 -6.085990e-01  9.565253e-02  6.285895e-01 
       15   0.00000   0.80640   0.21979   0.00235   0.90718  6.820954e-02  3.013157e-01  1.978170e-04  1.372766e-02 -9.211395e-04  9.067886e-04  5.448188e-02  3.022368e-01 -7.089716e-04  1.978170e-04  6.820954e-02  3.159645e-01  9.067886e-04  1.372766e-02 -9.211395e-04 -7.089716e-04  5.448188e-02  3.022368e-01 -6.210511e-01  1.404386e-01  6.816533e-01 -3.936275e-04  2.699281e-02  3.337903e-02 -6.206575e-01  1.134457e-01  6.482743e-01 
       16   0.00000   0.84942   0.21979   0.00235   0.91763  7.236771e-02  2.869053e-01 -1.930997e-03  1.394552e-02 -7.484602e-04  5.926594e-04  5.842218e-02  2.876538e-01 -2.523657e-03 -1.930997e-03  7.236771e-02  3.015993e-01  5.926594e-04  1.394552e-02 -7.484602e-04 -2.523657e-03  5.842218e-02  2.876538e-01 -5.997182e-01  1.561373e-01  6.684946e-01  8.012186e-05  2.855216e-02  3.417278e-02 -5.997983e-01  1.275851e-01  6.343218e-01 
       17   0.00000   0.89244   0.21979   0.00235   0.91761  6.845090e-02  2.617881e-01 -2.817190e-03  1.384232e-02 -7.115197e-04  5.911744e-04  5.460858e-02  2.624996e-01 -3.408365e-03 -2.817190e-03  6.845090e-02  2.763419e-01  5.911744e-04  1.384232e-02 -7.115197e-04 -3.408365e-03  5.460858e-02  2.624996e-01 -5.570998e-01  1.528027e-01  6.180928e-01  4.010519e-05  2.899975e-02  3.396416e-02 -5.571399e-01  1.238029e-01  5.841287e-01 
       18   0.00000   0.93547   0.21979   0.00235   0.91839  5.990437e-02  2.199393e-01  4.483319e-03  1.370855e-02 -7.131871e-04  5.915339e-04  4.619582e-02  2.206525e-01  3.891785e-03  4.483319e-03  5.990437e-02  2.343610e-01  5.915339e-04  1.370855e-02 -7.131871e-04  3.891785e-03  4.619582e-02  2.206525e-01 -4.957759e-01  1.247244e-01  5.276911e-01  7.694769e-05  2.936749e-02  3.362389e-02 -4.958529e-01  9.535688e-02  4.940672e-01 
       19   0.00000   0.97849   0.21979   0.00235   0.91840  5.275936e-02  1.677549e-01  5.955087e-03  1.355583e-02 -7.325751e-04  5.660323e-04  3.920353e-02  1.684875e-01  5.389055e-03  5.955087e-03  5.275936e-02  1.820433e-01  5.660323e-04  1.355583e-02 -7.325751e-04  5.389055e-03  3.920353e-02  1.684875e-01 -3.928525e-01  1.089018e-01  4.236186e-01  2.191665e-04  2.971621e-02  3.321078e-02 -3.930716e-01  7.918560e-02  3.904079e-01 
