Name, Theo_Area, Wet_Area, Theo_Vol, Wet_Vol
WingGeom,0.814834,0.783883,0.006772,0.006677
WingGeom,1.025049,0.992270,0.008564,0.008496
PodGeom,0.223685,0.185457,0.004302,0.003655
Totals,2.063567,1.961610,0.019637,0.018828

Tag_Name, Tag_Theo_Area, Tag_Wet_Area
WingGeom_S_Surf0,0.407417,0.391941
WingGeom_S_Surf1,0.407417,0.391941
WingGeom_S_Surf0,0.512524,0.496135
WingGeom_S_Surf1,0.512524,0.496135
PodGeom_S_Surf0,0.223685,0.185457
