Name, Theo_Area, Wet_Area, Theo_Vol, Wet_Vol
WingGeom,0.664335,0.631713,0.005552,0.005457
WingGeom,0.304343,0.297704,0.001165,0.001165
PodGeom,0.223685,0.203799,0.004302,0.004052
Totals,1.192362,1.133217,0.011018,0.010675

Tag_Name, Tag_Theo_Area, Tag_Wet_Area
WingGeom_S_Surf0,0.332167,0.315857
WingGeom_S_Surf1,0.332167,0.315857
WingGeom_S_Surf0,0.152171,0.148852
WingGeom_S_Surf1,0.152171,0.148852
PodGeom_S_Surf0,0.223685,0.203799
