Name, Theo_Area, Wet_Area, Theo_Vol, Wet_Vol
WingGeom,0.665561,0.634389,0.006232,0.006120
WingGeom,0.305856,0.295949,0.001169,0.001165
PodGeom,0.223685,0.200003,0.004302,0.003963
Totals,1.195101,1.130341,0.011702,0.011249

Tag_Name, Tag_Theo_Area, Tag_Wet_Area
WingGeom_S_Surf0,0.332781,0.317195
WingGeom_S_Surf1,0.332781,0.317195
WingGeom_S_Surf0,0.152928,0.147974
WingGeom_S_Surf1,0.152928,0.147974
PodGeom_S_Surf0,0.223685,0.200003
