2 0.000000 19.450000 1126.439207
3850 3403 
1 -10.713214 0.000000 -10.128214 19.449926 -0.000044 0.000011 0.000008 
2 13.207857 0.000000 -10.128214 19.450006 -0.000506 -0.000437 -0.000001 
3 13.207857 0.000000 12.180179 19.450026 -0.000358 0.000336 -0.000003 
4 -10.713214 0.000000 12.180179 19.449934 -0.000038 0.000004 0.000007 
5 1.247321 0.000000 1.025982 19.368394 0.039680 1.390661 0.003257 
6 -10.713214 0.000000 1.025982 19.450058 -0.000064 -0.000019 -0.000006 
7 1.247321 0.000000 -10.128214 19.449887 0.000021 -0.000775 0.000012 
8 13.207857 0.000000 1.025982 19.448480 -0.155224 1.427109 -0.005291 
9 1.247321 0.000000 12.180179 19.449851 -0.000170 0.000428 0.000015 
10 -4.732946 0.000000 -4.551116 19.449330 -0.000139 0.000348 0.000069 
11 -10.713214 0.000000 -4.551116 19.449986 -0.000054 0.000071 0.000001 
12 -4.732946 0.000000 -10.128214 19.449728 -0.000104 -0.000117 0.000028 
13 1.247321 0.000000 -4.551116 19.446978 -0.000494 -0.005977 0.000311 
14 -4.732946 0.000000 1.025982 19.450755 -0.000173 -0.000720 -0.000078 
15 7.227589 0.000000 -4.551116 19.452446 -0.002514 -0.003247 -0.000252 
16 7.227589 0.000000 -10.128214 19.450330 0.000120 -0.000589 -0.000034 
17 13.207857 0.000000 -4.551116 19.449968 0.002352 -0.002853 0.000003 
18 7.227589 0.000000 1.025982 19.438991 -0.052208 1.015321 -0.001601 
19 -4.732946 0.000000 6.603080 19.449524 -0.000097 -0.000134 0.000049 
20 -10.713214 0.000000 6.603080 19.449970 -0.000042 -0.000051 0.000003 
21 1.247321 0.000000 6.603080 19.448720 0.000301 0.002015 0.000132 
22 -4.732946 0.000000 12.180179 19.449810 -0.000112 0.000099 0.000020 
23 -1.742813 0.000000 -1.762567 19.444332 0.000025 0.013750 0.000582 
24 -4.732946 0.000000 -1.762567 19.450311 -0.000155 0.000985 -0.000032 
25 -1.742813 0.000000 -4.551116 19.446552 -0.000328 -0.000241 0.000355 
26 1.247321 0.000000 -1.762567 19.487834 -0.010052 -0.216413 -0.004018 
27 -1.742813 0.000000 1.025982 19.456208 -0.000357 -0.017820 -0.000639 
28 7.227589 0.000000 6.603080 19.451159 0.008142 0.001037 -0.000119 
29 13.207857 0.000000 6.603080 19.450141 -0.000981 0.001263 -0.000014 
30 7.227589 0.000000 12.180179 19.450059 -0.000281 0.000438 -0.000006 
31 4.237455 0.000000 -1.762567 19.449449 0.001243 -0.284723 -0.000158 
32 4.237455 0.000000 -4.551116 19.450457 -0.001864 -0.006569 -0.000047 
33 7.227589 0.000000 -1.762567 19.475200 -0.016364 -0.191983 -0.002691 
34 4.237455 0.000000 1.025982 19.425847 0.051507 0.484824 0.001854 
35 -1.742813 0.000000 3.814531 19.445295 -0.000336 -0.000653 0.000484 
36 -4.732946 0.000000 3.814531 19.449404 -0.000130 -0.000555 0.000061 
37 1.247321 0.000000 3.814531 19.446951 0.003758 0.011846 0.000313 
38 -1.742813 0.000000 6.603080 19.448656 -0.000154 0.000908 0.000138 
39 -0.247746 0.000000 -0.368292 19.708308 -0.000677 0.073266 -0.026752 
40 -1.742813 0.000000 -0.368292 19.468495 -0.000696 0.008598 -0.001903 
41 -0.247746 0.000000 -1.762567 19.343261 -0.001386 -0.026036 0.010944 
42 1.247321 0.000000 -0.368292 19.625234 0.022610 -0.563705 -0.018941 
43 -0.247746 0.000000 1.025982 19.357028 -0.000041 -0.250804 0.009371 
44 4.237455 0.000000 3.814531 19.450186 -0.008736 0.007890 -0.000019 
45 7.227589 0.000000 3.814531 19.454733 -0.000036 0.006672 -0.000487 
46 4.237455 0.000000 6.603080 19.450313 0.000270 0.002163 -0.000032 
47 2.742388 0.000000 -0.368292 19.422991 -0.026780 -0.352901 0.002444 
48 2.742388 0.000000 -1.762567 19.422248 0.011173 -0.215849 0.002728 
49 4.237455 0.000000 -0.368292 19.386980 -0.048991 -0.345317 0.006148 
50 2.742388 0.000000 1.025982 19.409024 -0.068359 0.486283 0.003572 
51 -0.247746 0.000000 2.420257 19.412198 0.000595 0.012344 0.003883 
52 -1.742813 0.000000 2.420257 19.441738 0.000107 -0.007285 0.000849 
53 1.247321 0.000000 2.420257 19.452140 0.019467 0.047096 -0.000227 
54 -0.247746 0.000000 3.814531 19.441827 -0.000415 0.005110 0.000840 
55 0.499788 0.000000 0.328845 19.961167 0.002101 0.359157 -0.053594 
56 -0.247746 0.000000 0.328845 19.708384 0.000302 -0.061645 -0.026756 
57 0.499788 0.000000 -0.368292 19.960283 0.001490 -0.407205 -0.053598 
58 1.247321 0.000000 0.328845 19.626316 0.023679 0.497982 -0.018869 
59 0.499788 0.000000 1.025982 18.101914 0.029960 3.961133 0.092338 
60 -7.723080 0.000000 -1.762567 19.450103 -0.000103 0.000215 -0.000011 
61 -10.713214 0.000000 -1.762567 19.450049 -0.000071 0.000036 -0.000005 
62 -7.723080 0.000000 -4.551116 19.449902 -0.000017 0.000087 0.000010 
63 -7.723080 0.000000 1.025982 19.450105 -0.000124 -0.000088 -0.000011 
64 -3.237879 0.000000 -0.368292 19.453337 -0.000275 0.001183 -0.000343 
65 -4.732946 0.000000 -0.368292 19.451008 -0.000182 0.000287 -0.000104 
66 -3.237879 0.000000 -1.762567 19.450238 -0.000191 0.003210 -0.000024 
67 -3.237879 0.000000 1.025982 19.452074 -0.000237 -0.002710 -0.000213 
68 -0.995279 0.000000 0.328845 19.508913 -0.000813 -0.027209 -0.006069 
69 -1.742813 0.000000 0.328845 19.468961 -0.000702 -0.007748 -0.001951 
70 -0.995279 0.000000 -0.368292 19.507036 -0.000801 0.030254 -0.005876 
71 -0.995279 0.000000 1.025982 19.455898 -0.000405 -0.048762 -0.000613 
72 2.742388 0.000000 2.420257 19.438032 0.001718 0.025711 0.001229 
73 4.237455 0.000000 2.420257 19.446699 -0.007964 0.042325 0.000335 
74 2.742388 0.000000 3.814531 19.448930 -0.004965 0.006603 0.000110 
75 0.499788 0.000000 1.723119 19.327762 -0.001178 0.275162 0.012330 
76 -0.247746 0.000000 1.723119 19.337247 -0.001174 0.023154 0.011559 
77 1.247321 0.000000 1.723119 19.494777 -0.011207 0.233266 -0.004754 
78 0.499788 0.000000 2.420257 19.419113 0.000562 0.058786 0.003164 
79 0.126021 0.000000 0.677414 20.435357 -0.003620 -0.287947 -0.104108 
80 -0.247746 0.000000 0.677414 19.635378 -0.000917 -0.200829 -0.019259 
81 0.126021 0.000000 0.328845 19.925208 0.000587 0.030633 -0.049464 
82 0.499788 0.000000 0.677414 20.387475 -0.012754 1.517085 -0.104806 
83 0.126021 0.000000 1.025982 17.724364 -0.001557 -0.618129 0.168562 
84 1.994855 0.000000 0.328845 19.433094 -0.004285 0.361116 0.001393 
85 1.994855 0.000000 -0.368292 19.430338 -0.006639 -0.411293 0.001574 
86 2.742388 0.000000 0.328845 19.424232 -0.023010 0.312782 0.002388 
87 1.994855 0.000000 1.025982 19.432706 0.052582 -0.826104 -0.000034 
88 0.873555 0.000000 0.677414 19.733859 -0.014407 1.124267 -0.032743 
89 0.873555 0.000000 0.328845 19.789098 0.012415 0.464889 -0.035744 
90 1.247321 0.000000 0.677414 19.582811 0.001841 1.068136 -0.016719 
91 0.873555 0.000000 1.025982 19.253839 0.047417 1.849005 0.011026 
92 -7.723080 0.000000 3.814531 19.449947 -0.000026 -0.000105 0.000005 
93 -10.713214 0.000000 3.814531 19.449999 -0.000063 -0.000073 0.000000 
94 -7.723080 0.000000 6.603080 19.449878 -0.000075 -0.000068 0.000012 
95 -3.237879 0.000000 2.420257 19.449158 -0.000296 -0.002869 0.000087 
96 -4.732946 0.000000 2.420257 19.449863 -0.000064 -0.001551 0.000014 
97 -3.237879 0.000000 3.814531 19.448031 0.000040 -0.001685 0.000202 
98 -0.995279 0.000000 1.723119 19.424754 0.000021 -0.026189 0.002592 
99 -1.742813 0.000000 1.723119 19.444735 -0.000107 -0.014155 0.000541 
100 -0.995279 0.000000 2.420257 19.429380 0.000381 -0.006759 0.002119 
101 0.126021 0.000000 1.374551 18.995634 0.000357 0.171101 0.046098 
102 -0.247746 0.000000 1.374551 19.280419 -0.000169 -0.058198 0.017353 
103 0.499788 0.000000 1.374551 19.125680 0.000937 0.760864 0.031541 
104 0.126021 0.000000 1.723119 19.294475 0.000582 0.116958 0.015892 
105 0.312905 0.000000 0.851698 20.394457 -0.020852 4.860835 -0.161933 
106 0.126021 0.000000 0.851698 20.377502 -0.006061 -1.440531 -0.103132 
107 0.312905 0.000000 0.677414 20.942224 -0.007172 0.572873 -0.160196 
108 0.499788 0.000000 0.851698 18.877186 -0.059385 2.892805 0.035904 
109 0.312905 0.000000 1.025982 16.392622 0.014780 4.144025 0.244279 
110 -1.742813 0.000000 -7.339665 19.449136 -0.000094 -0.000491 0.000089 
111 -4.732946 0.000000 -7.339665 19.449646 0.000030 0.000011 0.000036 
112 -1.742813 0.000000 -10.128214 19.449694 -0.000131 -0.000380 0.000031 
113 1.247321 0.000000 -7.339665 19.449227 -0.000240 -0.002094 0.000080 
114 -0.247746 0.000000 -3.156842 19.434346 0.000792 -0.008264 0.001609 
115 -1.742813 0.000000 -3.156842 19.443280 -0.000162 0.001982 0.000691 
116 -0.247746 0.000000 -4.551116 19.445473 -0.000363 -0.003089 0.000465 
117 1.247321 0.000000 -3.156842 19.444826 0.002063 -0.018667 0.000531 
118 0.499788 0.000000 -1.065430 37.991069 0.038381 -4.204097 -2.861981 
119 -0.247746 0.000000 -1.065430 19.330528 -0.000562 0.228695 0.012109 
120 0.499788 0.000000 -1.762567 19.339638 -0.001985 -0.251489 0.011149 
121 1.247321 0.000000 -1.065430 38.870887 0.024700 -1.932532 -3.003889 
122 0.126021 0.000000 -0.019724 19.823650 0.001897 0.000049 -0.038791 
123 -0.247746 0.000000 -0.019724 19.677704 0.002279 -0.003012 -0.023551 
124 0.126021 0.000000 -0.368292 19.953577 0.000461 -0.028531 -0.052454 
125 0.499788 0.000000 -0.019724 19.851316 0.001867 -0.026199 -0.041694 
126 0.312905 0.000000 0.503129 20.267514 -0.004683 0.389158 -0.086230 
127 0.126021 0.000000 0.503129 20.109520 -0.003422 0.015090 -0.068967 
128 0.312905 0.000000 0.328845 19.977332 0.000742 0.193416 -0.055058 
129 0.499788 0.000000 0.503129 20.118775 -0.006063 0.744188 -0.071415 
130 1.994855 0.000000 1.723119 19.430969 0.010924 0.151006 0.001895 
131 2.742388 0.000000 1.723119 19.420410 0.011167 0.230585 0.002899 
132 1.994855 0.000000 2.420257 19.446659 0.002031 0.018181 0.000343 
133 0.873555 0.000000 1.374551 19.547234 -0.008015 0.775879 -0.011615 
134 1.247321 0.000000 1.374551 19.621312 0.027860 0.957975 -0.020121 
135 0.873555 0.000000 1.723119 19.452398 -0.004319 0.306725 -0.000495 
136 0.686671 0.000000 0.851698 19.291351 -0.077287 1.608713 0.009390 
137 0.686671 0.000000 0.677414 19.773078 -0.016736 1.333064 -0.038196 
138 0.873555 0.000000 0.851698 19.554036 -0.076746 1.158084 -0.014287 
139 0.686671 0.000000 1.025982 18.802636 0.043722 2.483401 0.049152 
140 0.406346 0.000000 0.764556 20.928538 -0.031778 1.448853 -0.163365 
141 0.312905 0.000000 0.764556 25.363761 -0.022630 0.679993 -0.701768 
142 0.406346 0.000000 0.677414 20.837279 -0.009648 1.149655 -0.151232 
143 0.499788 0.000000 0.764556 20.368287 -0.016258 2.493755 -0.113094 
144 0.406346 0.000000 0.851698 18.540406 -0.028502 5.214385 0.019469 
145 0.873555 0.000000 -0.019724 19.737242 0.000375 -0.041964 -0.029759 
146 0.873555 0.000000 -0.368292 19.793109 0.010947 -0.529616 -0.036334 
147 1.247321 0.000000 -0.019724 19.624758 0.041031 -0.028738 -0.018057 
148 0.686671 0.000000 0.503129 19.886630 0.020200 0.820648 -0.047183 
149 0.686671 0.000000 0.328845 19.859486 0.006258 0.443207 -0.043069 
150 0.873555 0.000000 0.503129 19.793239 0.029237 0.808775 -0.037337 
151 0.593230 0.000000 0.764556 19.717277 -0.020657 1.941478 -0.037637 
152 0.593230 0.000000 0.677414 19.965317 -0.015448 1.495769 -0.059606 
153 0.686671 0.000000 0.764556 19.582717 -0.022888 1.572075 -0.020228 
154 0.593230 0.000000 0.851698 19.181711 -0.072316 2.103435 0.015688 
155 0.312905 0.000000 1.200266 18.411858 0.001908 1.039549 0.101044 
156 0.126021 0.000000 1.200266 18.644227 0.001133 0.119151 0.081102 
157 0.499788 0.000000 1.200266 18.927433 0.014057 2.115488 0.041182 
158 0.312905 0.000000 1.374551 18.952124 0.000940 0.491993 0.049900 
159 0.406346 0.000000 0.938840 17.473661 0.014187 4.486630 0.139686 
160 0.312905 0.000000 0.938840 17.068478 0.014865 4.927679 0.165707 
161 0.499788 0.000000 0.938840 18.054295 0.014675 3.198686 0.111321 
162 0.406346 0.000000 1.025982 17.392922 0.022429 4.883370 0.137300 
163 0.453067 0.000000 0.808127 19.920478 -0.037147 3.236771 -0.076661 
164 0.406346 0.000000 0.808127 20.882327 -0.032359 1.580870 -0.159315 
165 0.453067 0.000000 0.764556 20.127057 -0.036838 2.623256 -0.089026 
166 0.499788 0.000000 0.808127 19.516819 -0.038707 4.252014 -0.054678 
167 0.453067 0.000000 0.851698 18.232413 -0.022927 3.083267 0.096152 
168 0.406346 0.000000 0.590271 20.471804 -0.008136 0.830979 -0.109655 
169 0.312905 0.000000 0.590271 20.551384 -0.006515 0.498495 -0.117116 
170 0.406346 0.000000 0.503129 20.229364 -0.005677 0.598758 -0.082694 
171 0.499788 0.000000 0.590271 20.261996 -0.009369 1.070749 -0.088269 
172 0.453067 0.000000 0.720985 20.856872 -0.013463 1.726402 -0.157777 
173 0.406346 0.000000 0.720985 21.149038 -0.011444 1.366042 -0.187272 
174 0.453067 0.000000 0.677414 20.644753 -0.011499 1.386143 -0.131706 
175 0.499788 0.000000 0.720985 20.438783 -0.014717 1.894089 -0.113743 
176 0.686671 0.000000 1.200266 19.514389 0.026167 1.751594 -0.014744 
177 0.873555 0.000000 1.200266 19.734988 0.030846 1.494409 -0.035425 
178 0.686671 0.000000 1.374551 19.354240 -0.001789 0.834096 0.007983 
179 0.593230 0.000000 0.938840 18.497365 0.022879 2.399991 0.080331 
180 0.686671 0.000000 0.938840 18.843534 0.027601 1.852130 0.052319 
181 0.593230 0.000000 1.025982 18.610060 0.038550 2.970609 0.061174 
182 0.546509 0.000000 0.808127 19.529010 0.000007 2.457966 -0.024111 
183 0.546509 0.000000 0.764556 19.906369 -0.018788 2.180491 -0.060047 
184 0.593230 0.000000 0.808127 19.467833 -0.012723 2.107565 -0.013576 
185 0.546509 0.000000 0.851698 19.101955 -0.067320 2.442245 0.019690 
186 0.476428 0.000000 0.786341 19.748824 -0.038024 3.642181 -0.066033 
187 0.453067 0.000000 0.786341 19.915789 -0.037095 3.258751 -0.076545 
188 0.476428 0.000000 0.764556 20.795453 -0.015604 2.541629 -0.160212 
189 0.499788 0.000000 0.786341 19.432347 -0.038831 4.468692 -0.050976 
190 0.476428 0.000000 0.808127 19.641292 -0.038161 3.924500 -0.060483 
191 -0.621512 0.000000 0.677414 19.519905 -0.000114 -0.080137 -0.007218 
192 -0.995279 0.000000 0.677414 19.486886 -0.000618 -0.044390 -0.003802 
193 -0.621512 0.000000 0.328845 19.568370 0.000143 -0.034360 -0.012212 
194 -0.621512 0.000000 1.025982 19.443487 -0.000585 -0.084935 0.000651 
195 -0.060862 0.000000 0.851698 19.582541 -0.001746 -0.568218 -0.014529 
196 -0.247746 0.000000 0.851698 19.512512 -0.000620 -0.261864 -0.006620 
197 -0.060862 0.000000 0.677414 19.852544 -0.002149 -0.318631 -0.042089 
198 -0.060862 0.000000 1.025982 19.159398 -0.000682 -0.436442 0.029155 
199 0.219463 0.000000 0.764556 24.837805 -0.008638 0.044989 -0.630755 
200 0.126021 0.000000 0.764556 20.547783 -0.003884 -0.694565 -0.117343 
201 0.219463 0.000000 0.677414 20.784791 -0.005265 0.061161 -0.141973 
202 0.219463 0.000000 0.851698 20.035989 -0.009420 1.578398 -0.067749 
203 0.359625 0.000000 0.808127 20.958387 -0.029919 3.513810 -0.193758 
204 0.312905 0.000000 0.808127 23.845673 -0.024723 3.008090 -0.526993 
205 0.359625 0.000000 0.764556 22.879350 -0.026659 0.786407 -0.385356 
206 0.359625 0.000000 0.851698 19.182773 -0.029864 5.657115 -0.057309 
207 0.429707 0.000000 0.786341 20.262694 -0.035593 2.477521 -0.101542 
208 0.406346 0.000000 0.786341 20.878502 -0.032548 1.634507 -0.159349 
209 0.429707 0.000000 0.764556 20.397564 -0.034746 2.085891 -0.111314 
210 0.429707 0.000000 0.808127 20.221362 -0.035782 2.553682 -0.098132 
211 0.453067 0.000000 0.895269 18.142501 0.003357 3.335714 0.100515 
212 0.406346 0.000000 0.895269 17.864069 0.007166 3.938499 0.115425 
213 0.499788 0.000000 0.895269 18.343711 0.000604 2.882850 0.088553 
214 0.453067 0.000000 0.938840 17.592665 0.015678 3.957971 0.140456 
215 0.476428 0.000000 0.829912 19.674902 -0.038269 3.845181 -0.062347 
216 0.453067 0.000000 0.829912 19.828762 -0.037622 3.448731 -0.070770 
217 0.499788 0.000000 0.829912 19.432347 -0.038831 4.468692 -0.050976 
218 0.476428 0.000000 0.851698 18.677863 -0.053678 3.022748 0.053661 
219 0.464747 0.000000 0.797234 19.828762 -0.037622 3.448731 -0.070770 
220 0.453067 0.000000 0.797234 19.920478 -0.037147 3.236771 -0.076661 
221 0.464747 0.000000 0.786341 19.828762 -0.037622 3.448731 -0.070770 
222 0.476428 0.000000 0.797234 19.748824 -0.038024 3.642181 -0.066033 
223 0.464747 0.000000 0.808127 19.817057 -0.037765 3.479381 -0.070105 
224 0.429707 0.000000 0.829912 20.344771 -0.035135 2.290111 -0.107990 
225 0.406346 0.000000 0.829912 20.793486 -0.032535 1.610286 -0.149776 
226 0.429707 0.000000 0.851698 18.198331 -0.024168 3.662651 0.089102 
227 0.441387 0.000000 0.797234 20.043385 -0.036563 2.966423 -0.085212 
228 0.429707 0.000000 0.797234 20.389533 -0.034942 2.271950 -0.112591 
229 0.441387 0.000000 0.786341 20.096775 -0.036334 2.870678 -0.089399 
230 0.441387 0.000000 0.808127 20.043385 -0.036563 2.966423 -0.085212 
231 0.359625 0.000000 0.720985 21.235595 -0.009309 0.963036 -0.194489 
232 0.312905 0.000000 0.720985 21.224714 -0.007789 0.608714 -0.191795 
233 0.359625 0.000000 0.677414 20.933461 -0.008317 0.860826 -0.160317 
234 0.382986 0.000000 0.786341 21.489211 -0.030134 1.181771 -0.224374 
235 0.359625 0.000000 0.786341 22.586877 -0.027271 0.836344 -0.350420 
236 0.382986 0.000000 0.764556 21.592261 -0.029631 1.064704 -0.235414 
237 0.382986 0.000000 0.808127 21.489211 -0.030134 1.181771 -0.224374 
238 0.219463 0.000000 0.938840 17.525231 0.009265 3.709890 0.151745 
239 0.126021 0.000000 0.938840 18.859004 -0.005435 -2.633213 0.041519 
240 0.219463 0.000000 1.025982 16.025043 0.002657 1.406480 0.315944 
241 0.359625 0.000000 0.895269 17.412038 0.004865 4.068406 0.154827 
242 0.312905 0.000000 0.895269 16.865787 0.008146 3.726692 0.211364 
243 0.359625 0.000000 0.938840 17.205139 0.012607 4.877656 0.154622 
244 0.382986 0.000000 0.829912 19.702791 -0.032161 4.608198 -0.082299 
245 0.359625 0.000000 0.829912 19.910377 -0.031593 5.054876 -0.115446 
246 0.382986 0.000000 0.851698 18.904313 -0.030612 5.634288 -0.028593 
247 0.394666 0.000000 0.797234 21.304997 -0.030820 1.311727 -0.204392 
248 0.382986 0.000000 0.797234 21.435949 -0.030250 1.199891 -0.218444 
249 0.394666 0.000000 0.786341 21.032506 -0.031614 1.448579 -0.174895 
250 0.406346 0.000000 0.797234 20.882327 -0.032359 1.580870 -0.159315 
251 0.394666 0.000000 0.808127 21.032506 -0.031614 1.448579 -0.174895 
252 0.266184 0.000000 0.808127 24.863692 -0.017717 2.010520 -0.644836 
253 0.219463 0.000000 0.808127 23.369275 -0.012094 0.822089 -0.445401 
254 0.266184 0.000000 0.764556 28.239538 -0.013748 0.417433 -1.108487 
255 0.266184 0.000000 0.851698 22.697988 -0.016600 2.505991 -0.378471 
256 0.336265 0.000000 0.786341 24.094424 -0.024679 0.725875 -0.535990 
257 0.312905 0.000000 0.786341 25.832007 -0.021763 0.666649 -0.765089 
258 0.336265 0.000000 0.764556 24.018490 -0.024774 0.706048 -0.526257 
259 0.336265 0.000000 0.808127 22.007996 -0.028262 3.336770 -0.309763 
260 0.336265 0.000000 0.829912 20.738542 -0.030127 4.790288 -0.197547 
261 0.312905 0.000000 0.829912 22.540562 -0.026702 4.420970 -0.394711 
262 0.336265 0.000000 0.851698 19.294692 -0.026694 5.479301 -0.063457 
263 0.347945 0.000000 0.797234 23.260598 -0.025984 0.755170 -0.431728 
264 0.336265 0.000000 0.797234 24.094424 -0.024679 0.725875 -0.535990 
265 0.347945 0.000000 0.786341 23.439479 -0.025818 0.742869 -0.453762 
266 0.359625 0.000000 0.797234 22.586877 -0.027271 0.836344 -0.350420 
267 0.347945 0.000000 0.808127 21.549478 -0.029080 3.618410 -0.262148 
268 -0.060862 0.000000 0.503129 19.849270 -0.001894 -0.112244 -0.041511 
269 -0.247746 0.000000 0.503129 19.698782 -0.001065 -0.134950 -0.025793 
270 -0.060862 0.000000 0.328845 19.824824 -0.001116 -0.047097 -0.038920 
271 0.219463 0.000000 0.590271 20.475865 -0.004539 0.158405 -0.108336 
272 0.126021 0.000000 0.590271 20.283122 -0.003462 -0.090762 -0.087525 
273 0.219463 0.000000 0.503129 20.223070 -0.004311 0.183181 -0.081162 
274 0.266184 0.000000 0.720985 21.158906 -0.006548 0.286670 -0.183660 
275 0.219463 0.000000 0.720985 21.028362 -0.005500 -0.032593 -0.168888 
276 0.266184 0.000000 0.677414 20.890630 -0.006145 0.308594 -0.153875 
277 0.289544 0.000000 0.786341 27.373864 -0.018248 0.591204 -0.981690 
278 0.266184 0.000000 0.786341 26.635299 -0.015754 1.035262 -0.878156 
279 0.289544 0.000000 0.764556 27.547004 -0.018433 0.608024 -1.006879 
280 0.289544 0.000000 0.808127 24.989126 -0.021107 2.625369 -0.668901 
281 0.032580 0.000000 0.764556 20.023501 -0.002996 -0.645941 -0.060944 
282 -0.060862 0.000000 0.764556 19.764856 -0.002077 -0.465110 -0.033210 
283 0.032580 0.000000 0.677414 20.097214 -0.002844 -0.391209 -0.068063 
284 0.032580 0.000000 0.851698 19.738534 -0.002719 -0.918899 -0.032121 
285 0.172742 0.000000 0.808127 21.387921 -0.005159 -1.781520 -0.217589 
286 0.126021 0.000000 0.808127 20.928650 -0.004477 -2.539469 -0.174873 
287 0.172742 0.000000 0.764556 21.234467 -0.004939 -1.977086 -0.202243 
288 0.172742 0.000000 0.851698 20.747149 -0.011889 -1.828779 -0.146672 
289 0.242823 0.000000 0.786341 25.115443 -0.013727 0.995430 -0.670030 
290 0.219463 0.000000 0.786341 23.902271 -0.007758 -0.154729 -0.510280 
291 0.242823 0.000000 0.764556 27.297417 -0.011179 0.278211 -0.969922 
292 0.242823 0.000000 0.808127 25.042980 -0.015108 1.417676 -0.663116 
293 0.266184 0.000000 0.895269 17.823709 0.009263 2.072445 0.148883 
294 0.219463 0.000000 0.895269 19.600265 0.006054 1.190120 -0.019255 
295 0.266184 0.000000 0.938840 17.426953 0.012481 4.707194 0.138635 
296 0.242823 0.000000 0.829912 24.500221 -0.016204 1.769895 -0.595003 
297 0.219463 0.000000 0.829912 23.417862 -0.014056 1.283879 -0.453981 
298 0.266184 0.000000 0.829912 24.283505 -0.018762 2.460378 -0.574778 
299 0.242823 0.000000 0.851698 22.557480 -0.014099 1.649584 -0.352254 
300 0.254504 0.000000 0.797234 25.175992 -0.015430 1.434049 -0.680896 
301 0.242823 0.000000 0.797234 24.939516 -0.014269 1.187251 -0.647859 
302 0.254504 0.000000 0.786341 25.373162 -0.015242 1.259319 -0.705998 
303 0.266184 0.000000 0.797234 25.179315 -0.016949 1.774183 -0.684223 
304 0.254504 0.000000 0.808127 24.960940 -0.016355 1.754084 -0.655092 
305 0.172742 0.000000 0.720985 20.789395 -0.004798 -0.320309 -0.142740 
306 0.126021 0.000000 0.720985 20.507609 -0.003836 -0.461893 -0.112272 
307 0.172742 0.000000 0.677414 20.625358 -0.004608 -0.154314 -0.124574 
308 0.196102 0.000000 0.786341 21.981504 -0.005798 -1.353292 -0.282090 
309 0.172742 0.000000 0.786341 21.387921 -0.005159 -1.781520 -0.217589 
310 0.196102 0.000000 0.764556 22.267305 -0.006270 -0.609426 -0.311660 
311 0.196102 0.000000 0.808127 21.960109 -0.005746 -1.446725 -0.280297 
312 -0.621512 0.000000 1.374551 19.395371 -0.000594 -0.047700 0.005603 
313 -0.995279 0.000000 1.374551 19.432900 -0.000304 -0.037059 0.001754 
314 -0.621512 0.000000 1.723119 19.393937 -0.000069 -0.021140 0.005755 
315 -0.060862 0.000000 1.200266 19.079288 -0.000245 -0.146287 0.037700 
316 -0.247746 0.000000 1.200266 19.283475 0.000139 -0.141173 0.016997 
317 -0.060862 0.000000 1.374551 19.155183 0.000015 -0.002808 0.030086 
318 0.032580 0.000000 0.938840 19.198725 -0.001871 -0.980899 0.023128 
319 -0.060862 0.000000 0.938840 19.348788 -0.001239 -0.551249 0.009577 
320 0.032580 0.000000 1.025982 18.815452 -0.000870 -0.610754 0.063199 
321 0.172742 0.000000 0.895269 21.058042 0.001176 -0.814329 -0.173940 
322 0.126021 0.000000 0.895269 20.120101 -0.005971 -1.867325 -0.079309 
323 0.172742 0.000000 0.938840 18.175840 0.004432 0.941984 0.124382 
324 0.196102 0.000000 0.829912 21.924186 -0.005917 -0.756467 -0.272109 
325 0.172742 0.000000 0.829912 21.120425 -0.004746 -2.189174 -0.191810 
326 0.196102 0.000000 0.851698 20.498063 -0.018141 -2.318285 -0.124881 
327 0.207783 0.000000 0.797234 23.176041 -0.007056 -0.556773 -0.420659 
328 0.196102 0.000000 0.797234 21.971287 -0.005830 -1.299916 -0.280529 
329 0.207783 0.000000 0.786341 23.176041 -0.007056 -0.556773 -0.420659 
330 0.219463 0.000000 0.797234 23.126811 -0.010519 0.645216 -0.414915 
331 0.207783 0.000000 0.808127 22.792691 -0.007993 -0.057789 -0.373267 
332 0.079300 0.000000 0.808127 20.155677 -0.003705 -0.913754 -0.076087 
333 0.032580 0.000000 0.808127 19.913412 -0.002926 -0.787911 -0.049860 
334 0.079300 0.000000 0.764556 20.240999 -0.003366 -0.690480 -0.084251 
335 0.079300 0.000000 0.851698 19.956686 -0.003707 -1.151524 -0.056285 
336 0.149382 0.000000 0.786341 21.120425 -0.004746 -2.189174 -0.191810 
337 0.126021 0.000000 0.786341 20.928650 -0.004477 -2.539469 -0.174873 
338 0.149382 0.000000 0.764556 20.958909 -0.004552 -2.601562 -0.179067 
339 0.149382 0.000000 0.808127 21.120425 -0.004746 -2.189174 -0.191810 
340 0.184422 0.000000 0.797234 21.622023 -0.005437 -1.477332 -0.241584 
341 0.172742 0.000000 0.797234 21.377041 -0.005129 -1.797983 -0.216515 
342 0.184422 0.000000 0.786341 21.613107 -0.005411 -1.605494 -0.241610 
343 0.184422 0.000000 0.808127 21.613107 -0.005411 -1.605494 -0.241610 
344 0.149382 0.000000 0.829912 20.958909 -0.004552 -2.601562 -0.179067 
345 0.126021 0.000000 0.829912 20.516284 -0.005816 -1.258841 -0.116838 
346 0.149382 0.000000 0.851698 20.626579 -0.008400 -1.594560 -0.131366 
347 0.161062 0.000000 0.797234 21.139699 -0.004856 -2.281604 -0.195056 
348 0.149382 0.000000 0.797234 21.120425 -0.004746 -2.189174 -0.191810 
349 0.161062 0.000000 0.786341 21.234467 -0.004939 -1.977086 -0.202243 
350 0.161062 0.000000 0.808127 21.234467 -0.004939 -1.977086 -0.202243 
351 0.418026 0.000000 0.797234 20.508050 -0.034137 2.045131 -0.122815 
352 0.418026 0.000000 0.786341 20.571343 -0.033969 1.947942 -0.128662 
353 0.418026 0.000000 0.808127 20.508050 -0.034137 2.045131 -0.122815 
354 0.441387 0.000000 0.819020 19.915789 -0.037095 3.258751 -0.076545 
355 0.429707 0.000000 0.819020 20.262694 -0.035593 2.477521 -0.101542 
356 0.453067 0.000000 0.819020 19.915789 -0.037095 3.258751 -0.076545 
357 0.441387 0.000000 0.829912 19.997147 -0.036902 3.052018 -0.081679 
358 0.435547 0.000000 0.802680 20.149785 -0.036056 2.729570 -0.092950 
359 0.429707 0.000000 0.802680 20.221362 -0.035782 2.553682 -0.098132 
360 0.435547 0.000000 0.797234 20.149785 -0.036056 2.729570 -0.092950 
361 0.441387 0.000000 0.802680 20.043385 -0.036563 2.966423 -0.085212 
362 0.435547 0.000000 0.808127 20.109484 -0.036349 2.807875 -0.089807 
363 0.382986 0.000000 0.873483 18.533328 -0.023697 5.164121 0.021542 
364 0.359625 0.000000 0.873483 18.722149 -0.025173 5.430695 -0.004519 
365 0.406346 0.000000 0.873483 18.129974 -0.011886 3.737422 0.094205 
366 0.382986 0.000000 0.895269 17.694676 0.005713 4.057227 0.128838 
367 0.371306 0.000000 0.840805 19.126745 -0.031035 5.735782 -0.054004 
368 0.359625 0.000000 0.840805 19.338579 -0.031342 5.765248 -0.076439 
369 0.371306 0.000000 0.829912 19.935981 -0.031627 4.721091 -0.109517 
370 0.382986 0.000000 0.840805 19.011751 -0.032222 5.818936 -0.044951 
371 0.371306 0.000000 0.851698 18.940691 -0.030079 5.676926 -0.033507 
372 0.336265 0.000000 0.873483 18.752216 -0.021107 5.238059 -0.002064 
373 0.312905 0.000000 0.873483 17.955293 -0.004524 4.093348 0.103500 
374 0.336265 0.000000 0.895269 16.986595 0.006527 3.974709 0.195504 
375 0.347945 0.000000 0.840805 19.419271 -0.030241 5.691068 -0.082460 
376 0.336265 0.000000 0.840805 19.961554 -0.030261 5.622674 -0.136865 
377 0.347945 0.000000 0.829912 20.299557 -0.030882 5.060358 -0.156958 
378 0.347945 0.000000 0.851698 19.071783 -0.026947 5.526401 -0.042221 
379 0.289544 0.000000 0.829912 24.107820 -0.022398 3.306258 -0.565199 
380 0.289544 0.000000 0.851698 21.759903 -0.018571 3.966502 -0.293216 
381 0.324585 0.000000 0.840805 20.331064 -0.027833 5.394627 -0.169580 
382 0.312905 0.000000 0.840805 21.439655 -0.026591 5.048477 -0.282430 
383 0.324585 0.000000 0.829912 21.364094 -0.029106 4.776050 -0.266806 
384 0.324585 0.000000 0.851698 19.410037 -0.022859 5.193726 -0.067201 
385 0.277864 0.000000 0.819020 24.263182 -0.019439 2.577691 -0.573732 
386 0.266184 0.000000 0.819020 24.613298 -0.018395 2.238928 -0.614654 
387 0.277864 0.000000 0.808127 24.837921 -0.018637 2.189759 -0.643441 
388 0.289544 0.000000 0.819020 24.572946 -0.021616 2.814530 -0.617097 
389 0.277864 0.000000 0.829912 24.118275 -0.019935 2.722992 -0.557236 
390 0.254504 0.000000 0.819020 24.623546 -0.017175 2.013701 -0.613456 
391 0.242823 0.000000 0.819020 24.438761 -0.015595 1.641955 -0.585898 
392 0.254504 0.000000 0.829912 24.306436 -0.017779 2.251401 -0.575120 
393 0.371306 0.000000 0.862591 18.697192 -0.025876 5.430609 -0.002048 
394 0.359625 0.000000 0.862591 18.791429 -0.026184 5.444319 -0.011780 
395 0.382986 0.000000 0.862591 18.637580 -0.025928 5.297864 0.007600 
396 0.371306 0.000000 0.873483 18.740987 -0.026569 5.486050 -0.007982 
397 0.365466 0.000000 0.846251 19.096638 -0.031277 5.764722 -0.051842 
398 0.359625 0.000000 0.846251 19.166845 -0.030148 5.690107 -0.056684 
399 0.365466 0.000000 0.840805 19.126745 -0.031035 5.735782 -0.054004 
400 0.371306 0.000000 0.846251 19.126745 -0.031035 5.735782 -0.054004 
401 0.365466 0.000000 0.851698 18.982240 -0.029046 5.612244 -0.035741 
402 0.219463 0.000000 1.113124 17.739039 -0.000581 0.707444 0.166873 
403 0.126021 0.000000 1.113124 18.282610 0.000062 -0.032277 0.116435 
404 0.312905 0.000000 1.113124 17.484774 0.005377 2.164054 0.179491 
405 0.219463 0.000000 1.200266 18.425400 0.001481 0.511660 0.101890 
406 0.172742 0.000000 0.982411 15.214402 0.001993 -0.052387 0.388107 
407 0.126021 0.000000 0.982411 17.585128 -0.003516 -1.437583 0.177105 
408 0.219463 0.000000 0.982411 14.962323 0.006770 2.659759 0.389522 
409 0.172742 0.000000 1.025982 16.822665 -0.004215 0.049225 0.251909 
410 0.266184 0.000000 0.982411 16.139688 0.014078 4.591694 0.255693 
411 0.312905 0.000000 0.982411 16.620429 0.017073 5.001258 0.203676 
412 0.266184 0.000000 1.025982 15.797073 0.008981 3.027804 0.316116 
413 0.196102 0.000000 0.960626 15.468890 0.007406 2.421328 0.351975 
414 0.172742 0.000000 0.960626 14.209585 0.006498 0.508802 0.465583 
415 0.196102 0.000000 0.938840 18.446477 0.007894 2.594223 0.082738 
416 0.219463 0.000000 0.960626 17.122370 0.008702 3.758236 0.187687 
417 0.196102 0.000000 0.982411 14.669829 0.004996 1.315412 0.426559 
418 0.032580 0.000000 1.113124 18.791437 -0.000716 -0.269950 0.066379 
419 -0.060862 0.000000 1.113124 19.080659 -0.000866 -0.271739 0.037423 
420 0.032580 0.000000 1.200266 18.888074 -0.000115 -0.075338 0.056932 
421 0.079300 0.000000 0.982411 18.575100 -0.001970 -1.114929 0.084655 
422 0.032580 0.000000 0.982411 18.939555 -0.001361 -0.845541 0.049909 
423 0.079300 0.000000 0.938840 19.065281 -0.002779 -1.400797 0.033982 
424 0.079300 0.000000 1.025982 18.410086 -0.001159 -0.718266 0.102710 
425 0.149382 0.000000 0.960626 11.497364 0.009437 -0.774171 0.648988 
426 0.126021 0.000000 0.960626 17.897753 -0.004423 -2.153022 0.140991 
427 0.149382 0.000000 0.938840 18.298601 0.003053 0.034547 0.114888 
428 0.149382 0.000000 0.982411 16.510795 -0.005706 -1.286407 0.275021 
429 0.196102 0.000000 0.917054 21.720794 0.007499 1.646471 -0.254297 
430 0.172742 0.000000 0.917054 22.963741 0.001795 -0.075762 -0.393962 
431 0.196102 0.000000 0.895269 20.465504 0.002740 -0.002822 -0.107148 
432 0.219463 0.000000 0.917054 19.606053 0.010077 2.829269 -0.037271 
433 0.184422 0.000000 0.949733 17.758679 0.007365 1.931072 0.156496 
434 0.172742 0.000000 0.949733 17.421332 0.004461 0.776882 0.196129 
435 0.184422 0.000000 0.938840 18.056837 0.007267 2.059893 0.126909 
436 0.196102 0.000000 0.949733 17.534046 0.009186 2.823539 0.166235 
437 0.184422 0.000000 0.960626 15.085717 0.007019 1.796176 0.389893 
438 0.242823 0.000000 0.960626 16.792708 0.009637 4.325819 0.205113 
439 0.242823 0.000000 0.938840 17.458853 0.009871 4.191479 0.147824 
440 0.266184 0.000000 0.960626 16.626697 0.012960 4.596117 0.213403 
441 0.242823 0.000000 0.982411 15.573070 0.009063 3.757247 0.321608 
442 0.207783 0.000000 0.949733 17.486140 0.009045 3.204171 0.164605 
443 0.207783 0.000000 0.938840 17.828051 0.008863 3.147612 0.133638 
444 0.219463 0.000000 0.949733 17.490601 0.009179 3.679938 0.155535 
445 0.207783 0.000000 0.960626 16.904484 0.009788 3.369753 0.214605 
446 0.406346 0.000000 1.113124 18.154173 0.010863 2.887831 0.106763 
447 0.499788 0.000000 1.113124 18.989726 0.027664 3.105511 0.021274 
448 0.406346 0.000000 1.200266 18.629981 0.002481 1.485223 0.076712 
449 0.359625 0.000000 0.982411 16.926125 0.017960 5.064214 0.174892 
450 0.406346 0.000000 0.982411 17.240669 0.020301 5.012425 0.147863 
451 0.359625 0.000000 1.025982 16.910984 0.018797 4.710833 0.185378 
452 0.289544 0.000000 0.960626 16.610343 0.015746 4.846798 0.208583 
453 0.289544 0.000000 0.938840 17.278449 0.015196 4.713347 0.152105 
454 0.312905 0.000000 0.960626 16.612446 0.016831 4.991294 0.204640 
455 0.289544 0.000000 0.982411 16.369592 0.016204 4.807164 0.230582 
456 0.266184 0.000000 1.069553 16.808422 0.002860 1.741152 0.245168 
457 0.219463 0.000000 1.069553 17.140709 -0.004008 0.894152 0.221249 
458 0.312905 0.000000 1.069553 16.988332 0.007107 2.811614 0.216213 
459 0.266184 0.000000 1.113124 17.631287 -0.002509 1.263871 0.174048 
460 0.289544 0.000000 1.004197 16.033339 0.013034 4.196917 0.273908 
461 0.266184 0.000000 1.004197 15.742507 0.010619 3.792214 0.306884 
462 0.312905 0.000000 1.004197 16.373420 0.017188 4.997349 0.225322 
463 0.289544 0.000000 1.025982 16.047437 0.011780 3.395753 0.288793 
464 0.277864 0.000000 0.971518 16.495360 0.015618 4.788427 0.220132 
465 0.266184 0.000000 0.971518 16.442743 0.013574 4.587681 0.229688 
466 0.277864 0.000000 0.960626 16.584333 0.014017 4.658503 0.215596 
467 0.289544 0.000000 0.971518 16.534895 0.016164 4.765088 0.217269 
468 0.277864 0.000000 0.982411 16.396053 0.015207 4.772626 0.229165 
469 0.453067 0.000000 0.982411 17.494198 0.021534 4.595292 0.135179 
470 0.499788 0.000000 0.982411 17.749145 0.023636 3.954670 0.125905 
471 0.453067 0.000000 1.025982 17.772948 0.026219 4.474784 0.112081 
472 0.359625 0.000000 1.069553 17.365815 0.017700 3.794518 0.164768 
473 0.406346 0.000000 1.069553 17.708488 0.020805 4.223599 0.123903 
474 0.359625 0.000000 1.113124 17.857509 0.009685 2.730539 0.137340 
475 0.382986 0.000000 1.004197 17.131787 0.020631 5.005698 0.157934 
476 0.359625 0.000000 1.004197 16.939744 0.018968 5.056764 0.173872 
477 0.382986 0.000000 0.982411 17.071935 0.019100 5.073592 0.161537 
478 0.406346 0.000000 1.004197 17.285864 0.021285 4.930743 0.145885 
479 0.382986 0.000000 1.025982 17.103257 0.020836 5.008202 0.160450 
480 0.593230 0.000000 1.113124 19.241538 0.034939 2.650460 0.002748 
481 0.686671 0.000000 1.113124 19.352928 0.042396 2.377523 -0.004990 
482 0.593230 0.000000 1.200266 19.224171 0.017681 1.903982 0.013503 
483 0.453067 0.000000 1.069553 18.171538 0.026440 4.157062 0.081458 
484 0.499788 0.000000 1.069553 18.485587 0.031824 3.808471 0.058366 
485 0.453067 0.000000 1.113124 18.557228 0.014147 3.031191 0.065407 
486 0.429707 0.000000 1.004197 17.472171 0.022862 4.773653 0.132797 
487 0.429707 0.000000 0.982411 17.333221 0.020954 4.931905 0.141521 
488 0.453067 0.000000 1.004197 17.711878 0.025271 4.523860 0.116642 
489 0.429707 0.000000 1.025982 17.562791 0.023918 4.702859 0.126178 
490 0.429707 0.000000 1.047768 17.831629 0.027184 4.584534 0.103930 
491 0.406346 0.000000 1.047768 17.528475 0.021458 4.502673 0.134233 
492 0.453067 0.000000 1.047768 17.909685 0.027686 4.418666 0.100502 
493 0.429707 0.000000 1.069553 18.040977 0.024122 4.137640 0.094382 
494 0.418026 0.000000 1.015089 17.405648 0.022312 4.883454 0.136127 
495 0.406346 0.000000 1.015089 17.357879 0.022328 4.880982 0.140581 
496 0.418026 0.000000 1.004197 17.372444 0.022246 4.903161 0.138670 
497 0.429707 0.000000 1.015089 17.562791 0.023918 4.702859 0.126178 
498 0.418026 0.000000 1.025982 17.535614 0.023738 4.773091 0.126940 
499 0.546509 0.000000 1.069553 18.626463 0.036703 3.345555 0.053299 
500 0.546509 0.000000 1.025982 18.428909 0.034356 3.387753 0.071900 
501 0.593230 0.000000 1.069553 18.771978 0.040779 2.924994 0.045884 
502 0.546509 0.000000 1.113124 19.284094 0.032532 2.813770 -0.003944 
503 0.476428 0.000000 1.047768 18.028966 0.029060 4.163082 0.094968 
504 0.476428 0.000000 1.025982 17.983599 0.028727 4.205306 0.098353 
505 0.499788 0.000000 1.047768 18.200713 0.030736 3.845590 0.085241 
506 0.476428 0.000000 1.069553 18.399303 0.029529 3.954319 0.063787 
507 0.546509 0.000000 0.982411 18.035633 0.026930 3.275052 0.111793 
508 0.546509 0.000000 0.938840 18.228206 0.017076 2.828646 0.100537 
509 0.593230 0.000000 0.982411 18.159175 0.029040 2.798256 0.107628 
510 0.523148 0.000000 1.047768 18.346835 0.032522 3.627663 0.075429 
511 0.523148 0.000000 1.025982 18.234138 0.031573 3.645288 0.085988 
512 0.546509 0.000000 1.047768 18.472954 0.034767 3.374903 0.067833 
513 0.523148 0.000000 1.069553 18.669563 0.035149 3.517592 0.045929 
514 1.621088 0.000000 1.374551 19.780845 0.043298 0.301434 -0.034554 
515 1.621088 0.000000 1.025982 19.067720 0.041924 0.861766 0.036955 
516 1.994855 0.000000 1.374551 19.357030 -0.004958 0.063870 0.009526 
517 1.621088 0.000000 1.723119 19.476233 0.015124 0.177325 -0.002783 
518 1.060438 0.000000 1.200266 19.686354 0.029814 1.489416 -0.030318 
519 1.060438 0.000000 1.025982 19.626108 0.036969 1.520858 -0.024309 
520 1.247321 0.000000 1.200266 19.508376 0.030563 1.371571 -0.010987 
521 1.060438 0.000000 1.374551 19.727879 0.030185 1.020766 -0.031534 
522 0.780113 0.000000 1.113124 19.383366 0.043484 2.138447 -0.005253 
523 0.780113 0.000000 1.025982 19.013685 0.046072 2.138362 0.032269 
524 0.873555 0.000000 1.113124 19.516189 0.043770 1.921288 -0.016580 
525 0.780113 0.000000 1.200266 19.523345 0.026122 1.642772 -0.014692 
526 0.639950 0.000000 1.069553 18.893972 0.044335 2.666239 0.037561 
527 0.639950 0.000000 1.025982 18.725703 0.042384 2.705639 0.053735 
528 0.686671 0.000000 1.069553 19.026806 0.046929 2.515197 0.026314 
529 0.639950 0.000000 1.113124 19.252650 0.039954 2.504574 0.003604 
530 1.621088 0.000000 0.677414 19.327219 -0.013324 0.876621 0.010554 
531 1.621088 0.000000 0.328845 19.469505 0.013847 0.428592 -0.002493 
532 1.994855 0.000000 0.677414 19.366850 -0.039622 0.720007 0.007157 
533 1.060438 0.000000 0.851698 19.646943 0.048148 1.060032 -0.023330 
534 1.060438 0.000000 0.677414 19.749381 -0.005430 1.071987 -0.034059 
535 1.247321 0.000000 0.851698 19.343205 0.050709 1.064514 0.007949 
536 0.780113 0.000000 0.938840 19.081904 0.032388 1.480675 0.031694 
537 0.780113 0.000000 0.851698 19.413439 -0.077639 1.325629 -0.000905 
538 0.873555 0.000000 0.938840 19.411665 0.041526 1.238239 -0.000119 
539 0.639950 0.000000 0.982411 18.442390 0.031013 2.459451 0.084934 
540 0.639950 0.000000 0.938840 18.661657 0.024104 2.107605 0.067677 
541 0.686671 0.000000 0.982411 18.711675 0.035535 2.183749 0.061870 
542 0.733392 0.000000 1.069553 19.160432 0.048345 2.367177 0.014736 
543 0.733392 0.000000 1.025982 18.923996 0.045690 2.258744 0.039865 
544 0.780113 0.000000 1.069553 19.226585 0.047018 2.208865 0.009938 
545 0.733392 0.000000 1.113124 19.431993 0.042619 2.227132 -0.011266 
546 0.663311 0.000000 1.047768 18.934421 0.045717 2.576624 0.034758 
547 0.639950 0.000000 1.047768 18.893972 0.044335 2.666239 0.037561 
548 0.663311 0.000000 1.025982 18.742551 0.043172 2.656865 0.052758 
549 0.686671 0.000000 1.047768 19.002820 0.046964 2.515106 0.028727 
550 0.663311 0.000000 1.069553 19.014714 0.046178 2.568512 0.026814 
551 0.966996 0.000000 1.113124 19.563880 0.037153 1.769034 -0.020020 
552 0.966996 0.000000 1.025982 19.399125 0.043774 1.570224 -0.001298 
553 1.060438 0.000000 1.113124 19.640467 0.032396 1.622805 -0.026645 
554 0.966996 0.000000 1.200266 19.719159 0.030912 1.299754 -0.032337 
555 0.826834 0.000000 1.069553 19.324866 0.046834 2.054099 0.001667 
556 0.826834 0.000000 1.025982 19.129177 0.046406 2.010891 0.022023 
557 0.873555 0.000000 1.069553 19.412179 0.045868 1.946619 -0.006137 
558 0.826834 0.000000 1.113124 19.440574 0.044286 2.031409 -0.009944 
559 0.966996 0.000000 0.938840 19.473636 0.041628 1.170692 -0.006059 
560 0.966996 0.000000 0.851698 19.676819 -0.075162 1.059931 -0.026444 
561 1.060438 0.000000 0.938840 19.627073 0.046948 1.201526 -0.022113 
562 0.920276 0.000000 1.069553 19.468609 0.042711 1.860579 -0.011070 
563 0.920276 0.000000 1.025982 19.344251 0.045371 1.738612 0.002849 
564 0.966996 0.000000 1.069553 19.507929 0.039289 1.774872 -0.014297 
565 0.920276 0.000000 1.113124 19.542453 0.040984 1.841610 -0.018499 
566 -1.742813 0.000000 9.391630 19.449656 0.000023 0.000533 0.000035 
567 -4.732946 0.000000 9.391630 19.449746 -0.000097 0.000107 0.000026 
568 1.247321 0.000000 9.391630 19.449927 0.000042 0.000583 0.000008 
569 -1.742813 0.000000 12.180179 19.449794 -0.000123 0.000259 0.000021 
570 -0.247746 0.000000 5.208806 19.446716 -0.000141 0.001658 0.000338 
571 -1.742813 0.000000 5.208806 19.447182 0.000168 0.000206 0.000290 
572 1.247321 0.000000 5.208806 19.447586 -0.000542 0.004240 0.000248 
573 -0.247746 0.000000 6.603080 19.448328 0.000236 0.001148 0.000172 
574 0.499788 0.000000 3.117394 19.437052 0.001367 0.018155 0.001330 
575 -0.247746 0.000000 3.117394 19.433646 0.000790 0.008527 0.001681 
576 1.247321 0.000000 3.117394 19.443590 0.002129 0.019002 0.000658 
577 0.499788 0.000000 3.814531 19.442907 0.001153 0.009726 0.000729 
578 0.873555 0.000000 2.071688 19.442165 -0.004592 0.156570 0.000741 
579 0.499788 0.000000 2.071688 19.392410 -0.003093 0.137878 0.005863 
580 1.247321 0.000000 2.071688 19.464604 -0.005154 0.135039 -0.001550 
581 0.873555 0.000000 2.420257 19.437887 0.000509 0.064816 0.001234 
582 1.060438 0.000000 1.548835 19.554758 -0.007536 0.407150 -0.011239 
583 0.873555 0.000000 1.548835 19.491212 -0.005006 0.473450 -0.004835 
584 1.247321 0.000000 1.548835 19.557672 -0.009291 0.336571 -0.011402 
585 1.060438 0.000000 1.723119 19.486267 -0.010725 0.275424 -0.003934 
586 0.966996 0.000000 1.287409 19.727787 0.030171 1.039089 -0.031625 
587 0.873555 0.000000 1.287409 19.598178 -0.016919 1.042136 -0.018166 
588 1.060438 0.000000 1.287409 19.726958 0.031097 1.180604 -0.032369 
589 0.966996 0.000000 1.374551 19.621069 -0.011315 0.717602 -0.019030 
590 0.920276 0.000000 1.156695 19.690254 0.035583 1.710373 -0.032594 
591 0.873555 0.000000 1.156695 19.785187 0.035339 1.685574 -0.042277 
592 0.966996 0.000000 1.156695 19.675260 0.033276 1.640527 -0.030414 
593 0.920276 0.000000 1.200266 19.711742 0.030561 1.437266 -0.032558 
594 0.896915 0.000000 1.091339 19.479893 0.042760 1.891268 -0.012536 
595 0.873555 0.000000 1.091339 19.449647 0.045285 1.935891 -0.009876 
596 0.896915 0.000000 1.069553 19.454714 0.043681 1.902546 -0.010058 
597 0.920276 0.000000 1.091339 19.503122 0.042239 1.848276 -0.014505 
598 0.896915 0.000000 1.113124 19.524120 0.042148 1.858567 -0.016772 
599 1.434205 0.000000 1.200266 19.479654 0.030228 1.151144 -0.006557 
600 1.434205 0.000000 1.025982 19.238322 0.043901 1.217237 0.017726 
601 1.621088 0.000000 1.200266 19.505665 0.033863 0.650952 -0.006855 
602 1.434205 0.000000 1.374551 19.714029 0.034146 0.699294 -0.028629 
603 1.153880 0.000000 1.113124 19.543913 0.031814 1.577080 -0.016257 
604 1.153880 0.000000 1.025982 19.497118 0.037636 1.474996 -0.010606 
605 1.247321 0.000000 1.113124 19.445674 0.031378 1.433384 -0.004989 
606 1.153880 0.000000 1.200266 19.581832 0.029583 1.444437 -0.019119 
607 1.013717 0.000000 1.069553 19.591614 0.034752 1.670202 -0.021992 
608 1.013717 0.000000 1.025982 19.570366 0.041539 1.475837 -0.018177 
609 1.060438 0.000000 1.069553 19.635099 0.034724 1.561479 -0.025572 
610 1.013717 0.000000 1.113124 19.627118 0.032979 1.662921 -0.025608 
611 10.217723 0.000000 3.814531 19.451963 0.007413 0.000471 -0.000202 
612 10.217723 0.000000 1.025982 19.469246 -0.135087 1.741567 -0.010046 
613 13.207857 0.000000 3.814531 19.449851 -0.005209 0.003683 0.000015 
614 10.217723 0.000000 6.603080 19.450545 0.000228 -0.000394 -0.000056 
615 5.732522 0.000000 2.420257 19.458183 -0.005394 0.042361 -0.000846 
616 5.732522 0.000000 1.025982 19.495186 0.013178 0.678306 -0.005868 
617 7.227589 0.000000 2.420257 19.461390 -0.001022 0.034135 -0.001175 
618 5.732522 0.000000 3.814531 19.452967 0.002930 0.008113 -0.000305 
619 3.489922 0.000000 1.723119 19.435237 0.004946 0.287861 0.001298 
620 3.489922 0.000000 1.025982 19.431554 -0.040649 0.467204 0.001314 
621 4.237455 0.000000 1.723119 19.448713 0.001130 0.302604 -0.000110 
622 3.489922 0.000000 2.420257 19.440197 -0.002252 0.036365 0.001004 
623 2.368622 0.000000 1.374551 19.351584 -0.011967 0.368222 0.009736 
624 2.368622 0.000000 1.025982 19.421953 -0.046213 0.533315 0.002124 
625 2.742388 0.000000 1.374551 19.402852 -0.020251 0.402312 0.004413 
626 2.368622 0.000000 1.723119 19.412201 0.011079 0.202266 0.003775 
627 1.807972 0.000000 1.200266 19.476382 0.034877 -0.169676 -0.002794 
628 1.807972 0.000000 1.025982 18.870154 0.053991 0.194455 0.058628 
629 1.994855 0.000000 1.200266 19.087568 0.022279 -1.721210 0.029088 
630 1.807972 0.000000 1.374551 19.795021 0.044223 -0.097609 -0.035823 
631 10.217723 0.000000 -1.762567 19.452214 -0.014819 -0.179672 -0.000314 
632 10.217723 0.000000 -4.551116 19.451357 -0.002186 -0.000075 -0.000140 
633 13.207857 0.000000 -1.762567 19.448913 -0.061177 -0.125714 0.000060 
634 5.732522 0.000000 -0.368292 19.345370 -0.008782 -0.419730 0.010264 
635 5.732522 0.000000 -1.762567 19.471365 -0.031277 -0.235089 -0.002347 
636 7.227589 0.000000 -0.368292 19.358755 0.078852 -0.496585 0.008692 
637 3.489922 0.000000 0.328845 19.410616 -0.027213 0.305330 0.003797 
638 3.489922 0.000000 -0.368292 19.410700 -0.030987 -0.345427 0.003719 
639 4.237455 0.000000 0.328845 19.387427 -0.043230 0.301944 0.006178 
640 2.368622 0.000000 0.677414 19.403444 -0.064702 0.705147 0.003456 
641 2.368622 0.000000 0.328845 19.427132 -0.021029 0.323501 0.002072 
642 2.742388 0.000000 0.677414 19.410804 -0.072564 0.692078 0.002746 
643 1.807972 0.000000 0.851698 19.226380 -0.017715 0.551005 0.022059 
644 1.621088 0.000000 0.851698 18.989069 0.051469 0.744081 0.045364 
645 1.807972 0.000000 0.677414 19.326018 -0.027054 0.769178 0.011142 
646 1.994855 0.000000 0.851698 19.358257 -0.032216 0.480633 0.008798 
647 1.714530 0.000000 1.113124 19.224068 0.038785 0.667983 0.021914 
648 1.621088 0.000000 1.113124 19.255040 0.034955 0.792575 0.018283 
649 1.714530 0.000000 1.025982 19.056888 0.046285 0.576508 0.039130 
650 1.807972 0.000000 1.113124 19.175841 0.038236 -0.085869 0.027969 
651 1.714530 0.000000 1.200266 19.477398 0.036751 0.576738 -0.003702 
652 2.181738 0.000000 1.200266 19.166017 0.018521 -1.406724 0.023756 
653 2.181738 0.000000 1.025982 19.275043 0.015074 -1.549241 0.011564 
654 2.368622 0.000000 1.200266 19.330826 -0.022512 0.542903 0.011436 
655 2.181738 0.000000 1.374551 19.288925 -0.008962 0.262589 0.016312 
656 2.181738 0.000000 0.851698 19.430215 -0.047036 0.567142 0.001177 
657 2.181738 0.000000 0.677414 19.396851 -0.052320 0.707083 0.004129 
658 2.368622 0.000000 0.851698 19.409249 -0.065519 0.629887 0.003126 
659 2.088297 0.000000 1.113124 19.129521 0.017214 -1.643044 0.025546 
660 1.994855 0.000000 1.113124 19.135141 0.023696 -1.698631 0.024486 
661 2.088297 0.000000 1.025982 19.764131 0.053009 -0.853067 -0.034493 
662 2.181738 0.000000 1.113124 19.244621 0.049775 -0.802018 0.019300 
663 2.088297 0.000000 1.200266 19.010577 0.010739 -1.795766 0.036150 
664 3.116155 0.000000 1.374551 19.421320 -0.022956 0.412152 0.002496 
665 3.116155 0.000000 1.025982 19.423694 -0.064689 0.467202 0.002115 
666 3.489922 0.000000 1.374551 19.429625 -0.015221 0.419001 0.001629 
667 3.116155 0.000000 1.723119 19.430197 0.009532 0.244269 0.001877 
668 2.555505 0.000000 1.200266 19.382137 -0.037529 0.524538 0.006235 
669 2.555505 0.000000 1.025982 19.397720 -0.063425 0.503079 0.004689 
670 2.742388 0.000000 1.200266 19.399304 -0.044569 0.522193 0.004480 
671 2.555505 0.000000 1.374551 19.386716 -0.016311 0.392605 0.006089 
672 2.275180 0.000000 1.113124 19.249592 0.057896 -0.591270 0.019568 
673 2.275180 0.000000 1.025982 19.323226 0.081028 -0.197311 0.012873 
674 2.368622 0.000000 1.113124 19.323226 0.081028 -0.197311 0.012873 
675 2.275180 0.000000 1.200266 19.285593 0.079008 -0.210936 0.016700 
676 0.079300 0.000000 0.895269 19.608184 -0.003375 -1.358870 -0.021213 
677 0.032580 0.000000 0.895269 19.491957 -0.002346 -0.998557 -0.006955 
678 0.149382 0.000000 0.917054 21.042934 -0.012915 -2.771919 -0.190816 
679 0.126021 0.000000 0.917054 19.778462 -0.006065 -2.316103 -0.048240 
680 0.149382 0.000000 0.895269 20.714284 -0.011677 -1.847335 -0.143250 
681 0.686671 0.000000 1.548835 19.379321 -0.002406 0.491390 0.006616 
682 0.499788 0.000000 1.548835 19.247223 -0.000589 0.426433 0.020262 
683 0.686671 0.000000 1.723119 19.392486 -0.002230 0.310085 0.005651 
684 0.593230 0.000000 1.287409 19.215726 0.001343 1.144521 0.020482 
685 0.499788 0.000000 1.287409 19.038550 0.001872 1.089312 0.038724 
686 0.686671 0.000000 1.287409 19.363340 -0.002618 1.147080 0.005413 
687 0.593230 0.000000 1.374551 19.242499 0.000117 0.816151 0.019462 
688 0.546509 0.000000 1.156695 19.137041 0.018408 2.272518 0.018270 
689 0.499788 0.000000 1.156695 18.890735 0.014485 2.430567 0.041064 
690 0.593230 0.000000 1.156695 19.249696 0.019094 2.203242 0.007658 
691 0.546509 0.000000 1.200266 19.164621 0.018106 2.019266 0.018350 
692 0.126021 0.000000 2.071688 19.372165 -0.001730 0.085041 0.007968 
693 -0.247746 0.000000 2.071688 19.384062 0.000413 0.019561 0.006768 
694 0.126021 0.000000 2.420257 19.408763 0.000700 0.040658 0.004231 
695 0.312905 0.000000 1.548835 19.170123 0.000030 0.297127 0.028339 
696 0.126021 0.000000 1.548835 19.191205 -0.000070 0.165728 0.026362 
697 0.312905 0.000000 1.723119 19.292102 0.000711 0.215356 0.016048 
698 0.406346 0.000000 1.287409 18.884713 0.001571 0.928303 0.055005 
699 0.312905 0.000000 1.287409 18.771067 0.001384 0.674930 0.067391 
700 0.406346 0.000000 1.374551 19.015639 0.001082 0.647041 0.043059 
701 0.453067 0.000000 1.156695 18.658109 0.012444 2.294103 0.065858 
702 0.406346 0.000000 1.156695 18.344869 0.009050 2.263863 0.096862 
703 0.453067 0.000000 1.200266 18.800819 0.004073 1.614410 0.058750 
704 0.546509 0.000000 1.243838 19.102500 0.013261 1.376417 0.030405 
705 0.499788 0.000000 1.243838 19.007011 0.003483 1.336562 0.040311 
706 0.593230 0.000000 1.243838 19.207911 0.013052 1.385882 0.019661 
707 0.546509 0.000000 1.287409 19.129018 0.001794 1.127265 0.029375 
708 0.523148 0.000000 1.178481 19.037749 0.016242 2.121763 0.030041 
709 0.499788 0.000000 1.178481 18.954361 0.014728 2.107125 0.038579 
710 0.523148 0.000000 1.156695 19.082903 0.017633 2.339029 0.022929 
711 0.546509 0.000000 1.178481 19.169675 0.018458 2.095403 0.017010 
712 0.523148 0.000000 1.200266 19.160054 0.018098 2.020528 0.018800 
713 0.780113 0.000000 1.287409 19.492382 -0.008424 1.107859 -0.007607 
714 0.780113 0.000000 1.374551 19.459546 -0.005351 0.816608 -0.002745 
715 0.639950 0.000000 1.243838 19.267161 0.017579 1.827310 0.009885 
716 0.639950 0.000000 1.200266 19.355764 0.020857 1.814278 0.000964 
717 0.686671 0.000000 1.243838 19.512869 0.025158 1.700270 -0.014119 
718 0.639950 0.000000 1.287409 19.293793 -0.000398 1.148930 0.012509 
719 0.733392 0.000000 1.243838 19.515155 0.025701 1.636896 -0.013795 
720 0.733392 0.000000 1.200266 19.520943 0.026453 1.716719 -0.015100 
721 0.780113 0.000000 1.243838 19.515569 0.025442 1.568741 -0.013261 
722 0.733392 0.000000 1.287409 19.431176 -0.005540 1.129394 -0.001437 
723 0.733392 0.000000 1.156695 19.565823 0.033133 1.986070 -0.022375 
724 0.686671 0.000000 1.156695 19.516485 0.029446 2.031683 -0.017762 
725 0.780113 0.000000 1.156695 19.579412 0.031243 1.877988 -0.022677 
726 0.710032 0.000000 1.222052 19.513770 0.025491 1.700139 -0.014210 
727 0.686671 0.000000 1.222052 19.512300 0.025517 1.701439 -0.014070 
728 0.710032 0.000000 1.200266 19.515103 0.026306 1.717286 -0.014503 
729 0.733392 0.000000 1.222052 19.515347 0.025820 1.637173 -0.013818 
730 0.710032 0.000000 1.243838 19.516085 0.025763 1.698804 -0.014437 
731 0.826834 0.000000 1.243838 19.621469 0.027898 1.487910 -0.023564 
732 0.826834 0.000000 1.200266 19.646155 0.029024 1.554708 -0.026664 
733 0.873555 0.000000 1.243838 19.726931 0.030178 1.411459 -0.033948 
734 0.826834 0.000000 1.287409 19.552395 -0.012315 1.072751 -0.013599 
735 0.920276 0.000000 1.243838 19.705266 0.029921 1.349559 -0.031237 
736 0.966996 0.000000 1.243838 19.721887 0.030412 1.154216 -0.031677 
737 0.920276 0.000000 1.287409 19.636753 -0.021394 1.009784 -0.021992 
738 1.153880 0.000000 1.287409 19.645870 0.029760 1.100415 -0.023446 
739 1.247321 0.000000 1.287409 19.633630 0.028571 1.018277 -0.021714 
740 1.153880 0.000000 1.374551 19.599746 0.026934 0.934647 -0.017768 
741 1.013717 0.000000 1.243838 19.734474 0.031024 1.131639 -0.032853 
742 1.013717 0.000000 1.200266 19.703503 0.031710 1.380606 -0.031278 
743 1.060438 0.000000 1.243838 19.726958 0.031097 1.180604 -0.032369 
744 1.013717 0.000000 1.287409 19.730164 0.030826 1.096857 -0.032199 
745 4.237455 0.000000 9.391630 19.450255 0.002625 0.000800 -0.000026 
746 7.227589 0.000000 9.391630 19.450422 -0.000040 0.000890 -0.000043 
747 4.237455 0.000000 12.180179 19.449977 -0.000226 0.000493 0.000002 
748 2.742388 0.000000 5.208806 19.449041 0.003411 0.004774 0.000099 
749 4.237455 0.000000 5.208806 19.450408 0.003572 0.004675 -0.000042 
750 2.742388 0.000000 6.603080 19.449511 0.000300 0.002391 0.000050 
751 1.994855 0.000000 3.117394 19.445739 0.002554 0.016413 0.000437 
752 2.742388 0.000000 3.117394 19.445768 0.001999 0.017410 0.000434 
753 1.994855 0.000000 3.814531 19.448633 -0.000615 0.010569 0.000140 
754 1.621088 0.000000 2.071688 19.453565 -0.004217 0.117370 -0.000403 
755 1.994855 0.000000 2.071688 19.439194 0.003299 0.113662 0.001077 
756 1.621088 0.000000 2.420257 19.453245 0.001410 0.024132 -0.000335 
757 1.807972 0.000000 1.548835 19.479738 -0.006178 0.169131 -0.003136 
758 1.621088 0.000000 1.548835 19.516752 0.006491 0.210782 -0.006993 
759 1.994855 0.000000 1.548835 19.418625 -0.004642 0.160046 0.003156 
760 1.807972 0.000000 1.723119 19.461122 0.018826 0.152771 -0.001207 
761 1.714530 0.000000 1.287409 19.647367 0.040541 0.347910 -0.020722 
762 1.621088 0.000000 1.287409 19.655227 0.039840 0.558634 -0.022043 
763 1.807972 0.000000 1.287409 19.844508 0.044222 -0.145757 -0.041039 
764 1.714530 0.000000 1.374551 19.868702 0.043100 0.113584 -0.043557 
765 2.368622 0.000000 2.071688 19.430929 -0.000411 0.127381 0.001917 
766 2.742388 0.000000 2.071688 19.431409 -0.000097 0.141127 0.001858 
767 2.368622 0.000000 2.420257 19.441969 0.002299 0.019584 0.000825 
768 2.181738 0.000000 1.548835 19.383718 -0.006236 0.208245 0.006689 
769 2.368622 0.000000 1.548835 19.388237 -0.005585 0.251890 0.006173 
770 2.181738 0.000000 1.723119 19.414909 0.010158 0.172374 0.003526 
771 2.088297 0.000000 1.287409 18.807814 0.036426 -0.806123 0.063223 
772 1.994855 0.000000 1.287409 19.231232 0.041833 -0.878845 0.020323 
773 2.181738 0.000000 1.287409 19.163584 -0.011419 0.280338 0.029027 
774 2.088297 0.000000 1.374551 19.291527 -0.007272 0.159419 0.016162 
775 2.135017 0.000000 1.156695 19.110001 0.017298 -1.623231 0.027690 
776 2.088297 0.000000 1.156695 19.129521 0.017214 -1.643044 0.025546 
777 2.135017 0.000000 1.113124 19.146315 0.018745 -1.601745 0.024201 
778 2.181738 0.000000 1.156695 19.244621 0.049775 -0.802018 0.019300 
779 2.135017 0.000000 1.200266 19.032520 0.014666 -1.625548 0.035482 
780 2.275180 0.000000 1.287409 19.263617 -0.014048 0.411586 0.018625 
781 2.368622 0.000000 1.287409 19.332279 -0.017994 0.449953 0.011532 
782 2.275180 0.000000 1.374551 19.319887 -0.010428 0.333162 0.013041 
783 2.228459 0.000000 1.156695 19.244621 0.049775 -0.802018 0.019300 
784 2.228459 0.000000 1.113124 19.244621 0.049775 -0.802018 0.019300 
785 2.275180 0.000000 1.156695 19.202823 0.073277 -0.287524 0.025022 
786 2.228459 0.000000 1.200266 19.179161 0.049698 -0.802129 0.025949 
787 3.116155 0.000000 0.677414 19.415973 -0.093573 0.678731 0.002255 
788 3.116155 0.000000 0.328845 19.419534 -0.025573 0.306297 0.002881 
789 3.489922 0.000000 0.677414 19.415423 -0.087587 0.686878 0.002285 
790 2.555505 0.000000 0.851698 19.401608 -0.079658 0.639063 0.003873 
791 2.555505 0.000000 0.677414 19.405915 -0.072633 0.696840 0.003230 
792 2.742388 0.000000 0.851698 19.410482 -0.077919 0.640853 0.002958 
793 2.275180 0.000000 0.938840 19.466952 -0.085517 0.369274 -0.002124 
794 2.181738 0.000000 0.938840 19.512047 -0.081634 0.276563 -0.006610 
795 2.275180 0.000000 0.851698 19.422490 -0.056046 0.608606 0.001839 
796 2.368622 0.000000 0.938840 19.425809 -0.093065 0.399688 0.002041 
797 2.228459 0.000000 1.069553 19.244621 0.049775 -0.802018 0.019300 
798 2.181738 0.000000 1.069553 19.244621 0.049775 -0.802018 0.019300 
799 2.228459 0.000000 1.025982 19.408316 0.075933 -0.297929 0.004032 
800 2.275180 0.000000 1.069553 19.352779 0.079799 -0.212779 0.009836 
801 2.205099 0.000000 1.134910 19.244621 0.049775 -0.802018 0.019300 
802 2.181738 0.000000 1.134910 19.244621 0.049775 -0.802018 0.019300 
803 2.205099 0.000000 1.113124 19.244621 0.049775 -0.802018 0.019300 
804 2.228459 0.000000 1.134910 19.244621 0.049775 -0.802018 0.019300 
805 2.205099 0.000000 1.156695 19.244621 0.049775 -0.802018 0.019300 
806 2.088297 0.000000 0.938840 19.496515 -0.081854 0.134264 -0.004854 
807 1.994855 0.000000 0.938840 19.258770 0.053598 -0.354685 0.019227 
808 2.088297 0.000000 0.851698 19.411026 -0.039117 0.515575 0.003297 
809 2.135017 0.000000 1.069553 19.201868 0.019592 -1.559574 0.018922 
810 2.088297 0.000000 1.069553 19.158496 0.016793 -1.672854 0.022352 
811 2.135017 0.000000 1.025982 19.368873 0.020896 -1.456523 0.002716 
812 2.205099 0.000000 1.091339 19.244621 0.049775 -0.802018 0.019300 
813 2.181738 0.000000 1.091339 19.244621 0.049775 -0.802018 0.019300 
814 2.205099 0.000000 1.069553 19.244621 0.049775 -0.802018 0.019300 
815 2.228459 0.000000 1.091339 19.244621 0.049775 -0.802018 0.019300 
816 2.462063 0.000000 1.113124 19.382457 -0.065077 0.562093 0.006087 
817 2.462063 0.000000 1.025982 19.399008 -0.056693 0.515380 0.004526 
818 2.555505 0.000000 1.113124 19.388983 -0.072172 0.549798 0.005452 
819 2.462063 0.000000 1.200266 19.367984 -0.032179 0.529411 0.007672 
820 2.321901 0.000000 1.156695 19.323226 0.081028 -0.197311 0.012873 
821 2.321901 0.000000 1.113124 19.323226 0.081028 -0.197311 0.012873 
822 2.368622 0.000000 1.156695 19.323226 0.081028 -0.197311 0.012873 
823 2.321901 0.000000 1.200266 19.323226 0.081028 -0.197311 0.012873 
824 2.251820 0.000000 1.134910 19.244621 0.049775 -0.802018 0.019300 
825 2.251820 0.000000 1.113124 19.244621 0.049775 -0.802018 0.019300 
826 2.275180 0.000000 1.134910 19.187433 0.056951 -0.612342 0.025817 
827 2.251820 0.000000 1.156695 19.244621 0.049775 -0.802018 0.019300 
828 2.216779 0.000000 1.124017 19.232259 0.061530 -0.810196 0.020519 
829 2.205099 0.000000 1.124017 19.244621 0.049775 -0.802018 0.019300 
830 2.216779 0.000000 1.113124 19.255708 0.155348 -0.811738 0.018073 
831 2.228459 0.000000 1.124017 19.244621 0.049775 -0.802018 0.019300 
832 2.216779 0.000000 1.134910 19.244621 0.049775 -0.802018 0.019300 
833 0.161062 0.000000 0.949733 16.058154 0.004272 0.699788 0.317070 
834 0.149382 0.000000 0.949733 11.497364 0.009437 -0.774171 0.648988 
835 0.161062 0.000000 0.938840 18.273469 0.003449 0.304476 0.117076 
836 0.161062 0.000000 0.960626 12.754812 0.007199 -0.473474 0.569367 
837 0.546509 0.000000 0.895269 18.476575 0.002314 2.512698 0.080901 
838 0.593230 0.000000 0.895269 18.662812 0.015222 2.107004 0.067571 
839 0.523148 0.000000 0.829912 19.266833 -0.079454 2.748679 -0.001242 
840 0.523148 0.000000 0.808127 19.577021 0.014550 2.747751 -0.033062 
841 0.546509 0.000000 0.829912 19.307353 -0.088643 2.482693 -0.001700 
842 0.523148 0.000000 0.851698 19.021311 -0.063568 2.668637 0.024759 
843 0.488108 0.000000 0.819020 19.597530 -0.038499 4.049751 -0.058584 
844 0.476428 0.000000 0.819020 19.748824 -0.038024 3.642181 -0.066033 
845 0.488108 0.000000 0.808127 19.674902 -0.038269 3.845181 -0.062347 
846 0.499788 0.000000 0.819020 19.516819 -0.038707 4.252014 -0.054678 
847 0.488108 0.000000 0.829912 19.597530 -0.038499 4.049751 -0.058584 
848 0.593230 0.000000 0.590271 20.009619 -0.010231 1.120792 -0.061693 
849 0.593230 0.000000 0.503129 19.983450 -0.006453 0.822909 -0.057396 
850 0.686671 0.000000 0.590271 19.857766 -0.010901 1.068606 -0.045388 
851 0.546509 0.000000 0.720985 20.093657 -0.016539 1.839911 -0.076230 
852 0.546509 0.000000 0.677414 20.157280 -0.013677 1.563487 -0.080513 
853 0.593230 0.000000 0.720985 19.886442 -0.017919 1.725842 -0.053256 
854 0.523148 0.000000 0.786341 19.878692 -0.016285 2.585940 -0.062245 
855 0.523148 0.000000 0.764556 20.083804 -0.017228 2.342529 -0.080741 
856 0.546509 0.000000 0.786341 19.739501 -0.018562 2.347090 -0.044553 
857 0.511468 0.000000 0.819020 19.349474 -0.038718 4.700534 -0.048099 
858 0.511468 0.000000 0.808127 19.349474 -0.038718 4.700534 -0.048099 
859 0.523148 0.000000 0.819020 19.414011 -0.194803 2.776599 -0.016782 
860 0.511468 0.000000 0.829912 19.216812 -0.075755 2.908759 0.001454 
861 0.780113 0.000000 0.764556 19.594515 -0.023078 1.340988 -0.019670 
862 0.780113 0.000000 0.677414 19.720419 -0.016422 1.193597 -0.031767 
863 0.873555 0.000000 0.764556 19.661338 -0.021415 1.217060 -0.025766 
864 0.639950 0.000000 0.808127 19.442227 -0.018694 1.835428 -0.008107 
865 0.639950 0.000000 0.764556 19.621824 -0.022607 1.722072 -0.025587 
866 0.686671 0.000000 0.808127 19.446337 -0.021064 1.645002 -0.006778 
867 0.639950 0.000000 0.851698 19.237629 -0.075925 1.813911 0.013006 
868 0.569869 0.000000 0.829912 19.320549 -0.100479 2.280938 -0.000513 
869 0.569869 0.000000 0.808127 19.493118 -0.007850 2.253029 -0.017857 
870 0.593230 0.000000 0.829912 19.325578 -0.117427 2.133339 0.000686 
871 0.569869 0.000000 0.851698 19.151122 -0.070034 2.243505 0.017179 
872 0.569869 0.000000 0.786341 19.655717 -0.020035 2.170922 -0.033724 
873 0.569869 0.000000 0.764556 19.793425 -0.019723 2.048849 -0.046723 
874 0.593230 0.000000 0.786341 19.600837 -0.021332 2.038219 -0.026553 
875 0.558189 0.000000 0.819020 19.404436 0.295203 2.461916 -0.011572 
876 0.546509 0.000000 0.819020 19.257557 -0.483155 3.897621 -0.021083 
877 0.558189 0.000000 0.808127 19.509693 -0.004438 2.351044 -0.020759 
878 0.569869 0.000000 0.819020 19.405268 0.132636 2.299743 -0.009433 
879 0.558189 0.000000 0.829912 19.315214 -0.094032 2.375844 -0.001133 
880 0.639950 0.000000 0.895269 18.728198 0.017065 1.960443 0.062684 
881 0.686671 0.000000 0.895269 18.794614 0.019293 1.811922 0.057577 
882 0.616590 0.000000 0.829912 19.331125 -0.144952 1.979107 0.001777 
883 0.616590 0.000000 0.808127 19.449759 -0.016603 1.955495 -0.010084 
884 0.639950 0.000000 0.829912 19.339599 -0.199461 1.873515 0.001936 
885 0.616590 0.000000 0.851698 19.211015 -0.074075 1.939517 0.014465 
886 0.639950 0.000000 0.720985 19.756676 -0.019071 1.580387 -0.038387 
887 0.639950 0.000000 0.677414 19.845001 -0.016223 1.417396 -0.046341 
888 0.686671 0.000000 0.720985 19.692501 -0.019340 1.463804 -0.030756 
889 0.616590 0.000000 0.786341 19.560264 -0.022901 1.895326 -0.020868 
890 0.616590 0.000000 0.764556 19.658028 -0.022047 1.817953 -0.030243 
891 0.639950 0.000000 0.786341 19.536773 -0.023480 1.787208 -0.017387 
892 0.604910 0.000000 0.819020 19.393902 0.032520 2.061784 -0.005480 
893 0.593230 0.000000 0.819020 19.396982 0.049258 2.133999 -0.006600 
894 0.604910 0.000000 0.808127 19.458574 -0.014310 2.039277 -0.011875 
895 0.616590 0.000000 0.819020 19.391240 0.020577 1.975219 -0.004281 
896 0.604910 0.000000 0.829912 19.328098 -0.129203 2.064616 0.001184 
897 0.733392 0.000000 0.808127 19.469988 -0.022499 1.506898 -0.008060 
898 0.733392 0.000000 0.764556 19.577234 -0.023083 1.445001 -0.018647 
899 0.780113 0.000000 0.808127 19.509535 -0.022313 1.387504 -0.011221 
900 0.733392 0.000000 0.851698 19.349938 -0.077613 1.452841 0.004667 
901 0.663311 0.000000 0.829912 19.345978 -0.340206 1.869916 0.001119 
902 0.663311 0.000000 0.808127 19.441605 -0.020036 1.743235 -0.007171 
903 0.686671 0.000000 0.829912 19.329445 0.107271 2.376390 -0.002600 
904 0.663311 0.000000 0.851698 19.263487 -0.076850 1.709677 0.011345 
905 1.060438 0.000000 0.503129 19.737525 0.039327 0.818356 -0.031559 
906 1.060438 0.000000 0.328845 19.713179 0.019790 0.486329 -0.027871 
907 1.247321 0.000000 0.503129 19.609268 0.047224 0.824935 -0.018249 
908 0.966996 0.000000 0.764556 19.729684 -0.018391 1.149021 -0.032457 
909 0.966996 0.000000 0.677414 19.759693 -0.010527 1.085459 -0.035213 
910 1.060438 0.000000 0.764556 19.744219 -0.013334 1.121170 -0.033806 
911 0.826834 0.000000 0.808127 19.557772 -0.021994 1.301024 -0.015588 
912 0.826834 0.000000 0.764556 19.624121 -0.022175 1.268870 -0.022242 
913 0.873555 0.000000 0.808127 19.612253 -0.021134 1.237143 -0.020801 
914 0.826834 0.000000 0.851698 19.482072 -0.077302 1.231295 -0.007324 
915 0.733392 0.000000 0.895269 19.053196 0.028102 1.509089 0.034364 
916 0.780113 0.000000 0.895269 19.087873 0.029927 1.427758 0.031499 
917 0.733392 0.000000 0.938840 19.028414 0.032634 1.605015 0.036069 
918 0.756753 0.000000 0.829912 19.435511 0.078745 1.450844 -0.004091 
919 0.733392 0.000000 0.829912 19.409889 0.121504 1.547542 -0.002249 
920 0.756753 0.000000 0.808127 19.488501 -0.022346 1.429004 -0.009362 
921 0.780113 0.000000 0.829912 19.462473 0.055796 1.395951 -0.006442 
922 0.756753 0.000000 0.851698 19.381826 -0.077752 1.375640 0.001980 
923 0.826834 0.000000 0.895269 19.123383 0.031454 1.367539 0.028357 
924 0.873555 0.000000 0.895269 19.482330 -0.173892 1.138902 -0.006836 
925 0.826834 0.000000 0.938840 19.113395 0.033343 1.432279 0.028887 
926 0.803473 0.000000 0.829912 19.490673 0.041649 1.344047 -0.008966 
927 0.803473 0.000000 0.808127 19.532613 -0.022237 1.340296 -0.013263 
928 0.826834 0.000000 0.829912 19.520782 0.032070 1.299850 -0.011761 
929 0.803473 0.000000 0.851698 19.447549 -0.077494 1.273271 -0.004049 
930 0.920276 0.000000 0.808127 19.663925 -0.019759 1.188085 -0.025851 
931 0.920276 0.000000 0.764556 19.699292 -0.020045 1.175922 -0.029455 
932 0.966996 0.000000 0.808127 19.706503 -0.017820 1.152358 -0.030061 
933 0.920276 0.000000 0.851698 19.621560 -0.076027 1.099805 -0.020932 
934 1.434205 0.000000 0.851698 19.271887 0.052744 0.994572 0.015609 
935 1.434205 0.000000 0.677414 19.403105 -0.002439 0.989029 0.002231 
936 1.153880 0.000000 0.764556 19.677064 -0.008625 1.105492 -0.026715 
937 1.153880 0.000000 0.677414 19.684034 -0.000745 1.070025 -0.027237 
938 1.247321 0.000000 0.764556 19.558877 -0.006408 1.088001 -0.014356 
939 1.153880 0.000000 0.851698 19.497098 0.049321 1.045479 -0.007745 
940 1.013717 0.000000 0.808127 19.732700 -0.015358 1.128944 -0.032650 
941 1.013717 0.000000 0.764556 19.747169 -0.015333 1.132234 -0.034180 
942 1.060438 0.000000 0.808127 19.734325 -0.013557 1.110060 -0.032708 
943 1.013717 0.000000 0.851698 19.713057 -0.074148 1.031040 -0.030057 
944 0.920276 0.000000 0.895269 19.566832 -0.158074 1.091298 -0.015264 
945 0.966996 0.000000 0.895269 19.636916 -0.129270 1.062874 -0.022343 
946 0.920276 0.000000 0.938840 19.443039 0.041396 1.200019 -0.003095 
947 0.943636 0.000000 0.829912 19.669811 0.012014 1.151000 -0.026233 
948 0.920276 0.000000 0.829912 19.643378 0.014110 1.174121 -0.023628 
949 0.943636 0.000000 0.808127 19.687007 -0.018925 1.167341 -0.028122 
950 0.966996 0.000000 0.829912 19.692189 0.010752 1.133809 -0.028457 
951 0.943636 0.000000 0.851698 19.651109 -0.075647 1.077943 -0.023873 
952 1.153880 0.000000 0.938840 19.480881 0.047775 1.223162 -0.007139 
953 1.247321 0.000000 0.938840 19.322570 0.049635 1.160082 0.009496 
954 1.107159 0.000000 0.808127 19.712101 -0.011491 1.103616 -0.030353 
955 1.107159 0.000000 0.764556 19.720553 -0.010762 1.118619 -0.031322 
956 1.153880 0.000000 0.808127 19.669331 -0.009563 1.085984 -0.025798 
957 1.107159 0.000000 0.851698 19.643634 0.048318 1.093583 -0.023177 
958 4.237455 0.000000 -7.339665 19.450186 -0.000405 -0.002435 -0.000019 
959 4.237455 0.000000 -10.128214 19.450176 -0.000006 -0.000831 -0.000018 
960 7.227589 0.000000 -7.339665 19.450649 -0.000506 -0.001707 -0.000067 
961 2.742388 0.000000 -3.156842 19.445942 0.001930 -0.016804 0.000417 
962 2.742388 0.000000 -4.551116 19.448753 -0.000899 -0.006529 0.000128 
963 4.237455 0.000000 -3.156842 19.450455 -0.001885 -0.019712 -0.000048 
964 1.994855 0.000000 -1.065430 38.628270 -0.011656 1.134338 -2.947714 
965 1.994855 0.000000 -1.762567 19.429555 -0.001668 -0.150962 0.002041 
966 2.742388 0.000000 -1.065430 19.405390 -0.059605 -0.525293 0.003843 
967 1.621088 0.000000 -0.019724 19.531398 0.032959 -0.033432 -0.008393 
968 1.621088 0.000000 -0.368292 19.459044 0.028925 -0.464246 -0.001502 
969 1.994855 0.000000 -0.019724 19.464772 0.012235 -0.021562 -0.001521 
970 1.434205 0.000000 0.503129 19.483844 0.046049 0.783769 -0.005113 
971 1.434205 0.000000 0.328845 19.527386 0.021032 0.470059 -0.008558 
972 1.621088 0.000000 0.503129 19.415878 0.039026 0.711040 0.002165 
973 1.340763 0.000000 0.764556 19.440714 -0.008559 1.056255 -0.001995 
974 1.340763 0.000000 0.677414 19.481805 0.000087 1.038278 -0.006123 
975 1.434205 0.000000 0.764556 19.350712 -0.011668 0.998709 0.007547 
976 1.340763 0.000000 0.851698 19.297009 0.051994 1.006690 0.012984 
977 1.200601 0.000000 0.808127 19.610047 -0.009502 1.088769 -0.019659 
978 1.200601 0.000000 0.764556 19.621235 -0.007885 1.110898 -0.020948 
979 1.247321 0.000000 0.808127 19.544412 -0.009489 1.062113 -0.012714 
980 1.200601 0.000000 0.851698 19.343205 0.050709 1.064514 0.007949 
981 1.340763 0.000000 0.938840 19.293848 0.050725 1.116680 0.012689 
982 1.434205 0.000000 0.938840 19.167949 0.051509 0.997177 0.026157 
983 1.340763 0.000000 1.025982 19.353252 0.040740 1.375275 0.004920 
984 1.294042 0.000000 0.808127 19.478711 -0.009921 1.044858 -0.005841 
985 1.294042 0.000000 0.764556 19.497424 -0.007621 1.072409 -0.007923 
986 1.340763 0.000000 0.808127 19.417878 -0.010949 1.027995 0.000507 
987 1.294042 0.000000 0.851698 19.343205 0.050709 1.064514 0.007949 
988 1.527646 0.000000 0.938840 19.093043 0.052423 0.932492 0.034063 
989 1.527646 0.000000 0.851698 18.989069 0.051469 0.744081 0.045364 
990 1.621088 0.000000 0.938840 18.931802 0.051618 0.676302 0.051359 
991 1.527646 0.000000 1.025982 19.201526 0.040569 1.049399 0.022471 
992 1.527646 0.000000 0.764556 19.294270 -0.016984 0.933833 0.013643 
993 1.527646 0.000000 0.677414 19.352147 -0.007824 0.933513 0.007733 
994 1.621088 0.000000 0.764556 19.268222 -0.023065 0.865746 0.016622 
995 1.480926 0.000000 0.895269 19.149141 0.051796 0.931049 0.028399 
996 1.434205 0.000000 0.895269 19.261845 0.051865 1.040982 0.016382 
997 1.480926 0.000000 0.851698 19.278071 0.052533 0.965263 0.015131 
998 1.527646 0.000000 0.895269 19.087114 0.051819 0.877231 0.034925 
999 1.480926 0.000000 0.938840 19.134188 0.051325 0.978253 0.029674 
1000 1.714530 0.000000 0.938840 18.850262 0.051785 0.495204 0.060064 
1001 1.714530 0.000000 0.851698 19.193442 -0.006506 0.639605 0.025126 
1002 1.807972 0.000000 0.938840 18.933724 0.053249 0.255797 0.052202 
1003 1.807972 0.000000 0.503129 19.391275 -0.009124 0.661621 0.004872 
1004 1.807972 0.000000 0.328845 19.444847 0.004897 0.394255 0.000119 
1005 1.994855 0.000000 0.503129 19.399068 -0.020242 0.623257 0.004202 
1006 1.714530 0.000000 0.764556 19.266488 -0.029527 0.798131 0.017095 
1007 1.714530 0.000000 0.677414 19.321458 -0.020417 0.821613 0.011388 
1008 1.807972 0.000000 0.764556 19.285894 -0.035848 0.738414 0.015359 
1009 1.667809 0.000000 0.895269 18.931846 0.051966 0.629199 0.051517 
1010 1.621088 0.000000 0.895269 18.963932 0.051202 0.799004 0.047662 
1011 1.667809 0.000000 0.851698 19.189503 0.001211 0.688420 0.025354 
1012 1.714530 0.000000 0.895269 18.883606 0.052241 0.492249 0.056745 
1013 1.667809 0.000000 0.938840 18.907097 0.051494 0.647104 0.053932 
1014 1.901413 0.000000 0.938840 19.077910 0.053998 -0.093608 0.037864 
1015 1.901413 0.000000 0.851698 19.286677 -0.025575 0.484615 0.016101 
1016 1.901413 0.000000 1.025982 19.065761 0.053750 -0.349214 0.038790 
1017 1.761251 0.000000 0.895269 18.883606 0.052241 0.492249 0.056745 
1018 1.761251 0.000000 0.851698 19.206033 -0.012779 0.592912 0.024000 
1019 1.807972 0.000000 0.895269 19.187703 -0.048227 0.290435 0.026560 
1020 1.761251 0.000000 0.938840 18.903694 0.052774 0.304860 0.055133 
1021 2.368622 0.000000 -0.019724 19.439957 -0.032809 -0.047300 0.001024 
1022 2.368622 0.000000 -0.368292 19.427317 -0.021333 -0.369361 0.001969 
1023 2.742388 0.000000 -0.019724 19.424018 -0.018974 -0.019950 0.002668 
1024 2.181738 0.000000 0.503129 19.409319 -0.029849 0.597155 0.003234 
1025 2.181738 0.000000 0.328845 19.429773 -0.014840 0.336227 0.001779 
1026 2.368622 0.000000 0.503129 19.413300 -0.037939 0.582645 0.002869 
1027 2.088297 0.000000 0.764556 19.386050 -0.053790 0.683166 0.005324 
1028 1.994855 0.000000 0.764556 19.355993 -0.047540 0.679362 0.008417 
1029 2.088297 0.000000 0.677414 19.386557 -0.046000 0.715352 0.005155 
1030 2.181738 0.000000 0.764556 19.402173 -0.060489 0.695858 0.003622 
1031 2.041576 0.000000 0.895269 19.412389 -0.053955 0.250527 0.003690 
1032 1.994855 0.000000 0.895269 19.370035 -0.052665 0.222418 0.008068 
1033 2.041576 0.000000 0.851698 19.388428 -0.035550 0.493561 0.005674 
1034 2.088297 0.000000 0.895269 19.442621 -0.055726 0.292639 0.000524 
1035 2.041576 0.000000 0.938840 19.453685 -0.083366 0.071889 -0.000411 
1036 2.275180 0.000000 0.764556 19.404864 -0.067727 0.708731 0.003296 
1037 2.275180 0.000000 0.677414 19.401794 -0.058663 0.706808 0.003621 
1038 2.368622 0.000000 0.764556 19.402884 -0.074924 0.715237 0.003472 
1039 2.228459 0.000000 0.895269 19.454248 -0.073944 0.423577 -0.000926 
1040 2.181738 0.000000 0.895269 19.462062 -0.069849 0.383137 -0.001642 
1041 2.228459 0.000000 0.851698 19.428205 -0.051385 0.590239 0.001312 
1042 2.275180 0.000000 0.895269 19.441487 -0.078895 0.454736 0.000312 
1043 2.228459 0.000000 0.938840 19.492550 -0.082939 0.331754 -0.004689 
1044 2.462063 0.000000 0.938840 19.408464 -0.101239 0.404833 0.003806 
1045 2.462063 0.000000 0.851698 19.401935 -0.073978 0.637437 0.003848 
1046 2.555505 0.000000 0.938840 19.405848 -0.116802 0.400831 0.004074 
1047 2.929272 0.000000 0.851698 19.415788 -0.067983 0.646388 0.002398 
1048 2.929272 0.000000 0.677414 19.413721 -0.069982 0.691825 0.002449 
1049 3.116155 0.000000 0.851698 19.416012 -0.063422 0.653285 0.002353 
1050 2.929272 0.000000 1.025982 19.418329 -0.072319 0.472425 0.002650 
1051 2.648947 0.000000 0.938840 19.409297 -0.121095 0.401248 0.003717 
1052 2.648947 0.000000 0.851698 19.405407 -0.081002 0.639518 0.003482 
1053 2.742388 0.000000 0.938840 19.413178 -0.122052 0.402548 0.003315 
1054 2.648947 0.000000 1.025982 19.402445 -0.067319 0.494178 0.004226 
1055 2.555505 0.000000 0.503129 19.417376 -0.019066 0.555906 0.002534 
1056 2.555505 0.000000 0.328845 19.426734 -0.020252 0.319320 0.002120 
1057 2.742388 0.000000 0.503129 19.418907 -0.046126 0.532921 0.002438 
1058 2.648947 0.000000 0.764556 19.406231 -0.085010 0.710742 0.003141 
1059 2.555505 0.000000 0.764556 19.402900 -0.084704 0.713358 0.003473 
1060 2.648947 0.000000 0.677414 19.408492 -0.073349 0.693811 0.002977 
1061 2.742388 0.000000 0.764556 19.410120 -0.082077 0.710337 0.002745 
1062 2.602226 0.000000 0.895269 19.404241 -0.116120 0.529548 0.003923 
1063 2.555505 0.000000 0.895269 19.402782 -0.112445 0.523065 0.004093 
1064 2.602226 0.000000 0.851698 19.403266 -0.080944 0.639628 0.003701 
1065 2.648947 0.000000 0.895269 19.406309 -0.118578 0.536589 0.003689 
1066 2.602226 0.000000 0.938840 19.407174 -0.119357 0.400847 0.003937 
1067 2.929272 0.000000 1.200266 19.410787 -0.046943 0.521984 0.003302 
1068 3.116155 0.000000 1.200266 19.418630 -0.033308 0.523567 0.002496 
1069 2.929272 0.000000 1.374551 19.412752 -0.022880 0.409440 0.003382 
1070 2.835830 0.000000 0.938840 19.417274 -0.121256 0.405330 0.002889 
1071 2.835830 0.000000 0.851698 19.413959 -0.072699 0.643011 0.002596 
1072 2.929272 0.000000 0.938840 19.418952 -0.121358 0.410502 0.002706 
1073 2.835830 0.000000 1.025982 19.414036 -0.075372 0.476653 0.003079 
1074 4.984989 0.000000 0.328845 19.373977 -0.027087 0.310183 0.007546 
1075 4.984989 0.000000 -0.368292 19.375671 -0.034715 -0.356165 0.007290 
1076 5.732522 0.000000 0.328845 19.341563 0.002985 0.364963 0.010767 
1077 4.984989 0.000000 1.025982 19.470078 0.019827 0.576179 -0.002944 
1078 3.863689 0.000000 0.677414 19.410631 -0.070736 0.705173 0.002716 
1079 3.863689 0.000000 0.328845 19.398390 -0.034026 0.306276 0.005049 
1080 4.237455 0.000000 0.677414 19.391459 -0.075910 0.726268 0.004601 
1081 3.863689 0.000000 1.025982 19.435374 0.009616 0.467390 0.000926 
1082 3.303039 0.000000 0.851698 19.419167 -0.059898 0.662400 0.001999 
1083 3.303039 0.000000 0.677414 19.415438 -0.092499 0.682405 0.002297 
1084 3.489922 0.000000 0.851698 19.421826 -0.050543 0.670565 0.001700 
1085 3.303039 0.000000 1.025982 19.427963 -0.055052 0.468291 0.001677 
1086 3.022713 0.000000 0.938840 19.420102 -0.124631 0.416044 0.002573 
1087 3.022713 0.000000 0.851698 19.414987 -0.065089 0.650420 0.002468 
1088 3.116155 0.000000 0.938840 19.421341 -0.133343 0.422796 0.002425 
1089 3.022713 0.000000 1.025982 19.421106 -0.068802 0.469512 0.002374 
1090 3.489922 0.000000 -1.065430 19.431065 -0.036392 -0.499648 0.001283 
1091 3.489922 0.000000 -1.762567 19.435969 0.005680 -0.270719 0.001248 
1092 4.237455 0.000000 -1.065430 19.428642 0.046790 -0.503383 0.001519 
1093 3.116155 0.000000 -0.019724 19.416587 -0.003421 -0.018953 0.003432 
1094 3.116155 0.000000 -0.368292 19.418853 -0.029335 -0.345810 0.002882 
1095 3.489922 0.000000 -0.019724 19.405033 -0.009207 -0.006912 0.004618 
1096 2.929272 0.000000 0.503129 19.418475 -0.047605 0.527795 0.002497 
1097 2.929272 0.000000 0.328845 19.421312 -0.024692 0.308028 0.002695 
1098 3.116155 0.000000 0.503129 19.417756 -0.048063 0.524417 0.002580 
1099 3.022713 0.000000 0.764556 19.414964 -0.073135 0.714081 0.002237 
1100 2.929272 0.000000 0.764556 19.413991 -0.074999 0.712801 0.002341 
1101 3.022713 0.000000 0.677414 19.414491 -0.069447 0.691830 0.002370 
1102 3.116155 0.000000 0.764556 19.415206 -0.072388 0.715506 0.002207 
1103 4.984989 0.000000 1.723119 19.474411 -0.043946 0.260163 -0.002696 
1104 5.732522 0.000000 1.723119 19.471938 -0.032530 0.250154 -0.002425 
1105 4.984989 0.000000 2.420257 19.453334 -0.011907 0.045267 -0.000349 
1106 3.863689 0.000000 1.374551 19.435560 -0.000318 0.425349 0.001006 
1107 4.237455 0.000000 1.374551 19.441923 0.010037 0.436079 0.000327 
1108 3.863689 0.000000 1.723119 19.441063 0.003502 0.295591 0.000688 
1109 3.303039 0.000000 1.200266 19.423929 -0.026352 0.524667 0.001949 
1110 3.489922 0.000000 1.200266 19.428681 -0.024697 0.518880 0.001478 
1111 3.303039 0.000000 1.374551 19.425816 -0.020356 0.416820 0.002025 
1112 3.209597 0.000000 0.938840 19.422784 -0.149318 0.432287 0.002244 
1113 3.209597 0.000000 0.851698 19.417542 -0.062058 0.657167 0.002183 
1114 3.303039 0.000000 0.938840 19.424620 -0.174321 0.446246 0.002001 
1115 3.209597 0.000000 1.025982 19.425904 -0.060299 0.466901 0.001890 
1116 3.069434 0.000000 0.895269 19.416283 -0.063671 0.609681 0.002471 
1117 3.022713 0.000000 0.895269 19.415531 -0.075150 0.607725 0.002550 
1118 3.069434 0.000000 0.851698 19.415411 -0.064111 0.651399 0.002421 
1119 3.116155 0.000000 0.895269 19.416897 -0.053970 0.608127 0.002416 
1120 3.069434 0.000000 0.938840 19.420743 -0.128194 0.419569 0.002497 
1121 3.676805 0.000000 0.851698 19.423501 -0.032258 0.680785 0.001495 
1122 3.676805 0.000000 0.677414 19.414743 -0.078880 0.694688 0.002330 
1123 3.863689 0.000000 0.851698 19.423039 -0.010029 0.691701 0.001505 
1124 3.676805 0.000000 1.025982 19.435261 -0.018815 0.466004 0.000940 
1125 3.396480 0.000000 0.938840 19.426375 -0.206236 0.463371 0.001748 
1126 3.396480 0.000000 0.851698 19.420465 -0.056325 0.665884 0.001854 
1127 3.489922 0.000000 0.938840 19.428121 -0.244700 0.487180 0.001463 
1128 3.396480 0.000000 1.025982 19.429795 -0.048763 0.467665 0.001492 
1129 3.676805 0.000000 1.200266 19.433258 -0.009991 0.523830 0.000995 
1130 3.863689 0.000000 1.200266 19.435180 0.006735 0.523419 0.000799 
1131 3.676805 0.000000 1.374551 19.432535 -0.008255 0.421885 0.001324 
1132 3.583364 0.000000 0.938840 19.430134 -0.291211 0.506114 0.001140 
1133 3.583364 0.000000 0.851698 19.422837 -0.042286 0.675482 0.001580 
1134 3.676805 0.000000 0.938840 19.432173 -0.285711 0.470473 0.001031 
1135 3.583364 0.000000 1.025982 19.433941 -0.030803 0.466236 0.001073 
1136 4.611222 0.000000 0.677414 19.388165 -0.115390 0.722158 0.004934 
1137 4.611222 0.000000 0.328845 19.381244 -0.040224 0.301965 0.006812 
1138 4.984989 0.000000 0.677414 19.405119 -0.121226 0.759239 0.003047 
1139 4.611222 0.000000 1.025982 19.432189 0.037126 0.529399 0.001086 
1140 4.050572 0.000000 0.851698 19.415521 0.007174 0.705561 0.002226 
1141 4.050572 0.000000 0.677414 19.402780 -0.068444 0.716996 0.003478 
1142 4.237455 0.000000 0.851698 19.402911 0.008586 0.736722 0.003401 
1143 4.050572 0.000000 1.025982 19.431816 0.036848 0.472522 0.001275 
1144 3.770247 0.000000 0.938840 19.432869 -0.206242 0.435397 0.001147 
1145 3.770247 0.000000 0.851698 19.424445 -0.021161 0.685585 0.001382 
1146 3.863689 0.000000 0.938840 19.431568 -0.152724 0.426700 0.001351 
1147 3.770247 0.000000 1.025982 19.435830 -0.005153 0.466445 0.000881 
1148 4.611222 0.000000 1.374551 19.455052 0.004601 0.453130 -0.001062 
1149 4.984989 0.000000 1.374551 19.477633 -0.003225 0.460604 -0.003404 
1150 4.611222 0.000000 1.723119 19.462768 -0.026617 0.259018 -0.001493 
1151 4.050572 0.000000 1.200266 19.435737 0.021896 0.524378 0.000738 
1152 4.237455 0.000000 1.200266 19.435718 0.024841 0.532818 0.000716 
1153 4.050572 0.000000 1.374551 19.438508 0.006491 0.429406 0.000694 
1154 3.957130 0.000000 0.938840 19.429332 -0.120068 0.411761 0.001638 
1155 3.957130 0.000000 0.851698 19.420101 -0.000050 0.697843 0.001785 
1156 4.050572 0.000000 0.938840 19.425946 -0.083720 0.396850 0.002037 
1157 3.957130 0.000000 1.025982 19.434072 0.024109 0.468934 0.001054 
1158 4.424339 0.000000 0.851698 19.396624 -0.008597 0.755471 0.003972 
1159 4.424339 0.000000 0.677414 19.386104 -0.090636 0.732271 0.005120 
1160 4.611222 0.000000 0.851698 19.403693 -0.029962 0.779165 0.003149 
1161 4.424339 0.000000 1.025982 19.423574 0.049021 0.503208 0.002040 
1162 4.144014 0.000000 0.938840 19.421316 -0.041825 0.395218 0.002530 
1163 4.144014 0.000000 0.851698 19.409138 0.010403 0.727306 0.002799 
1164 4.237455 0.000000 0.938840 19.416336 -0.002404 0.410833 0.003012 
1165 4.144014 0.000000 1.025982 19.428866 0.046378 0.477793 0.001563 
1166 4.424339 0.000000 1.200266 19.438439 0.034396 0.537936 0.000420 
1167 4.611222 0.000000 1.200266 19.446497 0.020210 0.548170 -0.000435 
1168 4.424339 0.000000 1.374551 19.447114 0.009341 0.443478 -0.000223 
1169 4.330897 0.000000 0.938840 19.412157 0.024280 0.455559 0.003337 
1170 4.330897 0.000000 0.851698 19.398182 0.001766 0.745467 0.003852 
1171 4.424339 0.000000 0.938840 19.410847 0.035306 0.498248 0.003362 
1172 4.330897 0.000000 1.025982 19.423557 0.052237 0.492794 0.002068 
1173 8.722656 0.000000 -0.368292 19.396496 0.116553 -0.435234 0.004958 
1174 8.722656 0.000000 -1.762567 19.466943 -0.029455 -0.174842 -0.001826 
1175 10.217723 0.000000 -0.368292 19.418075 0.045226 -0.455101 0.002727 
1176 8.722656 0.000000 1.025982 19.428460 -0.100893 1.334166 -0.002518 
1177 6.480056 0.000000 0.328845 19.344868 0.036728 0.430221 0.010288 
1178 6.480056 0.000000 -0.368292 19.345946 0.033430 -0.497204 0.010015 
1179 7.227589 0.000000 0.328845 19.359701 0.077354 0.424501 0.008772 
1180 6.480056 0.000000 1.025982 19.454926 -0.012609 0.849551 -0.002415 
1181 5.358756 0.000000 0.677414 19.416150 -0.080746 0.843435 0.001580 
1182 5.358756 0.000000 0.328845 19.361021 -0.013530 0.331581 0.008837 
1183 5.732522 0.000000 0.677414 19.411010 -0.061830 0.900539 0.001851 
1184 5.358756 0.000000 1.025982 19.491204 0.013893 0.625987 -0.005278 
1185 4.798105 0.000000 0.851698 19.419876 -0.041819 0.805313 0.001376 
1186 4.798105 0.000000 0.677414 19.396820 -0.120088 0.735950 0.003991 
1187 4.984989 0.000000 0.851698 19.435768 -0.048286 0.838614 -0.000402 
1188 4.798105 0.000000 1.025982 19.450543 0.027021 0.553269 -0.000867 
1189 4.517780 0.000000 0.938840 19.412525 0.031682 0.541296 0.003073 
1190 4.517780 0.000000 0.851698 19.398271 -0.019924 0.766122 0.003760 
1191 4.611222 0.000000 0.938840 19.418201 0.021149 0.581244 0.002373 
1192 4.517780 0.000000 1.025982 19.426594 0.043232 0.515163 0.001699 
1193 8.722656 0.000000 2.420257 19.464843 -0.007310 0.018492 -0.001528 
1194 10.217723 0.000000 2.420257 19.457120 -0.008633 0.002409 -0.000732 
1195 8.722656 0.000000 3.814531 19.453732 0.000242 0.003246 -0.000384 
1196 6.480056 0.000000 1.723119 19.476387 -0.023880 0.235962 -0.002864 
1197 7.227589 0.000000 1.723119 19.475642 -0.016802 0.206989 -0.002752 
1198 6.480056 0.000000 2.420257 19.459946 -0.002827 0.037753 -0.001027 
1199 5.358756 0.000000 1.374551 19.494702 -0.011873 0.446719 -0.005130 
1200 5.732522 0.000000 1.374551 19.497137 -0.005746 0.429182 -0.005340 
1201 5.358756 0.000000 1.723119 19.478719 -0.063402 0.275393 -0.003166 
1202 4.798105 0.000000 1.200266 19.461183 0.009736 0.556792 -0.001970 
1203 4.984989 0.000000 1.200266 19.477692 0.001122 0.559556 -0.003677 
1204 4.798105 0.000000 1.374551 19.465981 0.003415 0.460105 -0.002204 
1205 4.704664 0.000000 0.938840 19.426582 0.009620 0.614114 0.001409 
1206 4.704664 0.000000 0.851698 19.411562 -0.037238 0.791512 0.002289 
1207 4.798105 0.000000 0.938840 19.436052 -0.000665 0.643243 0.000340 
1208 4.704664 0.000000 1.025982 19.440820 0.031493 0.541352 0.000166 
1209 5.171872 0.000000 0.851698 19.446793 -0.056286 0.877707 -0.001715 
1210 5.171872 0.000000 0.677414 19.411811 -0.124597 0.790921 0.002228 
1211 5.358756 0.000000 0.851698 19.454040 -0.035508 0.904474 -0.002581 
1212 5.171872 0.000000 1.025982 19.483710 0.015666 0.599798 -0.004421 
1213 4.891547 0.000000 0.938840 19.445706 -0.009651 0.671147 -0.000749 
1214 4.891547 0.000000 0.851698 19.428222 -0.045113 0.821117 0.000450 
1215 4.984989 0.000000 0.938840 19.454548 -0.017798 0.699107 -0.001761 
1216 4.891547 0.000000 1.025982 19.460647 0.023112 0.564840 -0.001940 
1217 6.106289 0.000000 0.677414 19.394366 -0.023087 1.004510 0.003044 
1218 6.106289 0.000000 0.328845 19.335176 0.017869 0.396205 0.011356 
1219 6.480056 0.000000 0.677414 19.380804 0.005312 1.085121 0.003990 
1220 6.106289 0.000000 1.025982 19.476536 0.003001 0.735903 -0.004162 
1221 5.545639 0.000000 0.851698 19.456764 -0.030845 0.933220 -0.003000 
1222 5.545639 0.000000 0.677414 19.416022 -0.072990 0.888679 0.001389 
1223 5.732522 0.000000 0.851698 19.455432 -0.017716 0.976889 -0.003082 
1224 5.545639 0.000000 1.025982 19.495279 0.013267 0.652746 -0.005788 
1225 5.171872 0.000000 1.200266 19.491306 -0.001817 0.558031 -0.005075 
1226 5.358756 0.000000 1.200266 19.499673 0.001077 0.554551 -0.005927 
1227 5.171872 0.000000 1.374551 19.487981 -0.012322 0.454832 -0.004457 
1228 5.265314 0.000000 0.938840 19.468601 -0.028574 0.771490 -0.003489 
1229 5.171872 0.000000 0.938840 19.465194 -0.027687 0.744614 -0.003031 
1230 5.265314 0.000000 0.851698 19.450620 -0.059729 0.897861 -0.002204 
1231 5.358756 0.000000 0.938840 19.471184 -0.026784 0.794335 -0.003849 
1232 5.265314 0.000000 1.025982 19.488056 0.014662 0.612564 -0.004909 
1233 6.106289 0.000000 1.374551 19.491870 -0.003604 0.411923 -0.004759 
1234 6.480056 0.000000 1.374551 19.488414 -0.013034 0.401090 -0.004380 
1235 6.106289 0.000000 1.723119 19.467583 -0.022769 0.253273 -0.001980 
1236 5.545639 0.000000 1.200266 19.503328 0.005609 0.549822 -0.006290 
1237 5.732522 0.000000 1.200266 19.502947 0.009316 0.544022 -0.006234 
1238 5.545639 0.000000 1.374551 19.497351 -0.012898 0.438381 -0.005383 
1239 5.452197 0.000000 0.938840 19.473559 -0.024992 0.813524 -0.004175 
1240 5.452197 0.000000 0.851698 19.455157 -0.034150 0.912404 -0.002734 
1241 5.545639 0.000000 0.938840 19.475344 -0.023790 0.832064 -0.004439 
1242 5.452197 0.000000 1.025982 19.493550 0.013453 0.639453 -0.005565 
1243 5.919406 0.000000 0.851698 19.447817 0.000091 1.022728 -0.002540 
1244 5.919406 0.000000 0.677414 19.402758 -0.043351 0.953800 0.002442 
1245 6.106289 0.000000 0.851698 19.436657 -0.009195 1.056429 -0.001579 
1246 5.919406 0.000000 1.025982 19.487981 0.010100 0.704342 -0.005221 
1247 5.639081 0.000000 0.938840 19.475971 -0.021830 0.851334 -0.004589 
1248 5.639081 0.000000 0.851698 19.456973 -0.025206 0.954714 -0.003128 
1249 5.732522 0.000000 0.938840 19.474748 -0.018434 0.871468 -0.004555 
1250 5.639081 0.000000 1.025982 19.496007 0.013231 0.665798 -0.005909 
1251 7.975123 0.000000 0.328845 19.387188 0.108698 0.397708 0.005999 
1252 7.975123 0.000000 -0.368292 19.385575 0.114914 -0.465138 0.006007 
1253 8.722656 0.000000 0.328845 19.397558 0.108814 0.370816 0.004990 
1254 7.975123 0.000000 1.025982 19.433896 -0.091547 1.191269 -0.002118 
1255 6.853823 0.000000 0.677414 19.369864 0.008421 1.129659 0.004850 
1256 6.853823 0.000000 0.328845 19.352476 0.055052 0.433209 0.009499 
1257 7.227589 0.000000 0.677414 19.363666 0.009456 1.179707 0.005179 
1258 6.853823 0.000000 1.025982 19.444827 -0.022869 0.923855 -0.001726 
1259 6.293172 0.000000 0.851698 19.423899 0.021435 1.111899 -0.000587 
1260 6.293172 0.000000 0.677414 19.386856 -0.005568 1.048733 0.003575 
1261 6.480056 0.000000 0.851698 19.414276 0.016936 1.155123 0.000142 
1262 6.293172 0.000000 1.025982 19.464824 -0.006297 0.785678 -0.003157 
1263 5.919406 0.000000 1.200266 19.498522 0.011235 0.539557 -0.005766 
1264 6.106289 0.000000 1.200266 19.492017 0.010017 0.539350 -0.005094 
1265 5.919406 0.000000 1.374551 19.494895 -0.001980 0.420151 -0.005088 
1266 6.012847 0.000000 0.938840 19.462280 0.020146 0.921891 -0.003511 
1267 5.919406 0.000000 0.938840 19.468122 0.016328 0.900835 -0.004010 
1268 6.012847 0.000000 0.851698 19.442847 -0.016009 1.034097 -0.002092 
1269 6.106289 0.000000 0.938840 19.455952 0.022246 0.942937 -0.002964 
1270 6.012847 0.000000 1.025982 19.482547 0.006766 0.719016 -0.004716 
1271 7.975123 0.000000 1.723119 19.472616 -0.024712 0.198352 -0.002432 
1272 8.722656 0.000000 1.723119 19.467720 -0.036493 0.188849 -0.001921 
1273 7.975123 0.000000 2.420257 19.463590 -0.006817 0.027503 -0.001400 
1274 6.853823 0.000000 1.374551 19.482179 -0.010009 0.393449 -0.003721 
1275 7.227589 0.000000 1.374551 19.478501 -0.011026 0.399944 -0.003356 
1276 6.853823 0.000000 1.723119 19.477567 -0.019649 0.210572 -0.002955 
1277 6.293172 0.000000 1.200266 19.485947 0.006032 0.544309 -0.004483 
1278 6.480056 0.000000 1.200266 19.481094 0.016319 0.549977 -0.004000 
1279 6.293172 0.000000 1.374551 19.490021 -0.009939 0.404938 -0.004553 
1280 6.199731 0.000000 0.938840 19.450123 0.022398 0.964546 -0.002473 
1281 6.199731 0.000000 0.851698 19.430765 -0.004644 1.078518 -0.001098 
1282 6.293172 0.000000 0.938840 19.444074 0.020283 0.986188 -0.001963 
1283 6.199731 0.000000 1.025982 19.470923 -0.001028 0.757940 -0.003671 
1284 6.666939 0.000000 1.200266 19.476400 0.008644 0.562876 -0.003554 
1285 6.666939 0.000000 1.025982 19.448544 -0.024062 0.892356 -0.001957 
1286 6.853823 0.000000 1.200266 19.472434 0.001280 0.578452 -0.003193 
1287 6.666939 0.000000 1.374551 19.483802 -0.001813 0.394977 -0.003891 
1288 6.666939 0.000000 0.851698 19.408761 -0.040712 1.184071 0.000526 
1289 6.666939 0.000000 0.677414 19.374925 0.009184 1.102546 0.004491 
1290 6.853823 0.000000 0.851698 19.403186 -0.058805 1.227603 0.000815 
1291 7.601356 0.000000 1.374551 19.476563 -0.019573 0.409168 -0.003177 
1292 7.601356 0.000000 1.025982 19.434809 -0.065633 1.098162 -0.001638 
1293 7.975123 0.000000 1.374551 19.478813 -0.046801 0.413389 -0.003422 
1294 7.601356 0.000000 1.723119 19.474306 -0.020203 0.202781 -0.002611 
1295 7.040706 0.000000 1.200266 19.469741 -0.021681 0.598771 -0.002980 
1296 7.040706 0.000000 1.025982 19.441440 -0.041052 0.970280 -0.001613 
1297 7.227589 0.000000 1.200266 19.467402 -0.027368 0.613553 -0.002787 
1298 7.040706 0.000000 1.374551 19.480163 -0.012237 0.395277 -0.003517 
1299 6.760381 0.000000 1.113124 19.465456 -0.017381 0.700566 -0.002888 
1300 6.666939 0.000000 1.113124 19.467845 -0.007518 0.688525 -0.003089 
1301 6.760381 0.000000 1.025982 19.447209 -0.011346 0.901201 -0.001860 
1302 6.853823 0.000000 1.113124 19.463544 -0.027729 0.712886 -0.002739 
1303 6.760381 0.000000 1.200266 19.474396 0.004791 0.570412 -0.003370 
1304 7.601356 0.000000 0.677414 19.365083 0.039775 1.219758 0.004776 
1305 7.601356 0.000000 0.328845 19.374928 0.100009 0.412226 0.007229 
1306 7.975123 0.000000 0.677414 19.374853 0.080356 1.239281 0.003635 
1307 7.040706 0.000000 0.851698 19.399593 -0.075593 1.272002 0.000884 
1308 7.040706 0.000000 0.677414 19.365973 0.006714 1.155159 0.005094 
1309 7.227589 0.000000 0.851698 19.397681 -0.086470 1.317658 0.000763 
1310 7.414473 0.000000 1.200266 19.466238 -0.035045 0.626029 -0.002710 
1311 7.414473 0.000000 1.025982 19.436630 -0.059940 1.057442 -0.001591 
1312 7.601356 0.000000 1.200266 19.466127 -0.047273 0.637370 -0.002739 
1313 7.414473 0.000000 1.374551 19.477268 -0.014519 0.404385 -0.003239 
1314 7.134148 0.000000 1.113124 19.459544 -0.061518 0.758945 -0.002514 
1315 7.040706 0.000000 1.113124 19.460923 -0.049652 0.740675 -0.002580 
1316 7.134148 0.000000 1.025982 19.440222 -0.047332 0.993092 -0.001608 
1317 7.227589 0.000000 1.113124 19.457327 -0.073045 0.784150 -0.002393 
1318 7.134148 0.000000 1.200266 19.468507 -0.024438 0.606370 -0.002877 
1319 7.414473 0.000000 0.851698 19.396042 -0.091086 1.363673 0.000603 
1320 7.414473 0.000000 0.677414 19.363233 0.020483 1.201872 0.005083 
1321 7.601356 0.000000 0.851698 19.395188 -0.091380 1.408990 0.000358 
1322 7.321031 0.000000 1.113124 19.453719 -0.073897 0.819522 -0.002172 
1323 7.321031 0.000000 1.025982 19.437822 -0.056431 1.036673 -0.001597 
1324 7.414473 0.000000 1.113124 19.452260 -0.056799 0.835477 -0.002086 
1325 7.321031 0.000000 1.200266 19.466611 -0.030802 0.620016 -0.002727 
1326 11.712790 0.000000 2.420257 19.450209 -0.003251 0.009609 -0.000022 
1327 11.712790 0.000000 1.025982 19.448080 0.083682 1.664784 -0.007147 
1328 13.207857 0.000000 2.420257 19.449478 -0.016014 0.019966 0.000052 
1329 11.712790 0.000000 3.814531 19.450630 -0.003376 0.000400 -0.000065 
1330 9.470190 0.000000 1.723119 19.460256 -0.033501 0.179324 -0.001143 
1331 9.470190 0.000000 1.025982 19.441861 -0.063336 1.509449 -0.005197 
1332 10.217723 0.000000 1.723119 19.450684 -0.022012 0.187548 -0.000165 
1333 9.470190 0.000000 2.420257 19.462170 -0.008055 0.008494 -0.001252 
1334 8.348890 0.000000 1.374551 19.473299 -0.060557 0.417116 -0.002867 
1335 8.348890 0.000000 1.025982 19.434281 -0.089021 1.266735 -0.002647 
1336 8.722656 0.000000 1.374551 19.471725 -0.070152 0.415281 -0.002704 
1337 8.348890 0.000000 1.723119 19.469767 -0.028719 0.194380 -0.002136 
1338 7.788239 0.000000 1.200266 19.466455 -0.065101 0.650992 -0.002824 
1339 7.788239 0.000000 1.025982 19.433967 -0.068223 1.137664 -0.001786 
1340 7.975123 0.000000 1.200266 19.466028 -0.088310 0.671276 -0.002861 
1341 7.788239 0.000000 1.374551 19.479761 -0.043004 0.411671 -0.003516 
1342 11.712790 0.000000 -0.368292 19.445888 -0.062537 -0.300756 0.000173 
1343 11.712790 0.000000 -1.762567 19.450829 -0.022700 -0.082536 -0.000105 
1344 13.207857 0.000000 -0.368292 19.448386 0.049835 -0.177830 0.000076 
1345 9.470190 0.000000 0.328845 19.400345 0.104907 0.361914 0.004724 
1346 9.470190 0.000000 -0.368292 19.400050 0.111387 -0.425604 0.004618 
1347 10.217723 0.000000 0.328845 19.417375 0.086274 0.357331 0.002995 
1348 8.348890 0.000000 0.677414 19.382169 0.104406 1.248162 0.002816 
1349 8.348890 0.000000 0.328845 19.393409 0.109071 0.383132 0.005391 
1350 8.722656 0.000000 0.677414 19.390297 0.105406 1.296593 0.001656 
1351 7.788239 0.000000 0.851698 19.395378 -0.086088 1.452565 0.000012 
1352 7.788239 0.000000 0.677414 19.369132 0.061655 1.232283 0.004274 
1353 7.975123 0.000000 0.851698 19.394997 -0.028889 1.510394 -0.000385 
1354 7.694798 0.000000 1.113124 19.451276 -0.078644 0.873797 -0.002166 
1355 7.601356 0.000000 1.113124 19.451966 -0.071299 0.855717 -0.002151 
1356 7.694798 0.000000 1.025982 19.434354 -0.067393 1.118047 -0.001708 
1357 7.788239 0.000000 1.113124 19.450832 -0.083912 0.892309 -0.002209 
1358 7.694798 0.000000 1.200266 19.466316 -0.055551 0.643613 -0.002782 
1359 8.162006 0.000000 1.200266 19.463582 -0.127783 0.706906 -0.002761 
1360 8.162006 0.000000 1.025982 19.435453 -0.090081 1.230230 -0.002527 
1361 8.348890 0.000000 1.200266 19.458807 -0.055250 0.748451 -0.002395 
1362 8.162006 0.000000 1.374551 19.476396 -0.053433 0.415512 -0.003180 
1363 8.162006 0.000000 0.851698 19.397430 -0.014196 1.549047 -0.000945 
1364 8.162006 0.000000 0.677414 19.379336 0.093285 1.243546 0.003142 
1365 8.348890 0.000000 0.851698 19.399250 0.000951 1.585842 -0.001436 
1366 8.068564 0.000000 1.113124 19.451322 -0.094288 0.944957 -0.002520 
1367 7.975123 0.000000 1.113124 19.451024 -0.091293 0.928192 -0.002405 
1368 8.068564 0.000000 1.025982 19.434696 -0.090936 1.210961 -0.002325 
1369 8.162006 0.000000 1.113124 19.451340 -0.097201 0.960856 -0.002603 
1370 8.068564 0.000000 1.200266 19.465380 -0.103713 0.684953 -0.002851 
1371 9.096423 0.000000 1.374551 19.472259 -0.077785 0.405713 -0.002741 
1372 9.096423 0.000000 1.025982 19.441165 -0.092772 1.416773 -0.004420 
1373 9.470190 0.000000 1.374551 19.466508 -0.073513 0.384429 -0.002103 
1374 9.096423 0.000000 1.723119 19.465174 -0.036241 0.183887 -0.001654 
1375 8.535773 0.000000 1.200266 19.457158 -0.104844 0.744606 -0.002231 
1376 8.535773 0.000000 1.025982 19.429838 -0.092089 1.299982 -0.002417 
1377 8.722656 0.000000 1.200266 19.459915 -0.135589 0.768042 -0.002628 
1378 8.535773 0.000000 1.374551 19.471295 -0.066450 0.422375 -0.002674 
1379 9.096423 0.000000 0.677414 19.399839 0.110373 1.303896 0.000625 
1380 9.096423 0.000000 0.328845 19.399964 0.108421 0.364819 0.004756 
1381 9.470190 0.000000 0.677414 19.399739 0.096302 1.312624 0.000583 
1382 8.909540 0.000000 1.200266 19.466742 -0.156332 0.789435 -0.003434 
1383 8.909540 0.000000 1.025982 19.435364 -0.102617 1.374466 -0.003517 
1384 9.096423 0.000000 1.200266 19.472552 -0.174429 0.793428 -0.004065 
1385 8.909540 0.000000 1.374551 19.473018 -0.075731 0.412038 -0.002832 
1386 10.217723 0.000000 9.391630 19.450268 -0.000123 0.000435 -0.000028 
1387 13.207857 0.000000 9.391630 19.450102 -0.000160 0.000395 -0.000010 
1388 10.217723 0.000000 12.180179 19.450055 -0.000326 0.000363 -0.000006 
1389 8.722656 0.000000 5.208806 19.450856 -0.001430 0.002512 -0.000088 
1390 7.227589 0.000000 5.208806 19.451057 -0.001568 0.003333 -0.000109 
1391 10.217723 0.000000 5.208806 19.450559 -0.001246 0.001960 -0.000058 
1392 8.722656 0.000000 6.603080 19.450841 0.000264 0.000025 -0.000086 
1393 7.975123 0.000000 3.117394 19.455507 0.002622 0.007763 -0.000567 
1394 7.227589 0.000000 3.117394 19.455308 0.002898 0.010399 -0.000546 
1395 8.722656 0.000000 3.117394 19.455283 0.002525 0.004941 -0.000543 
1396 7.975123 0.000000 3.814531 19.454396 0.000219 0.004906 -0.000452 
1397 8.348890 0.000000 2.071688 19.470286 0.053184 0.091289 -0.002117 
1398 7.975123 0.000000 2.071688 19.468204 0.054302 0.096237 -0.001905 
1399 8.722656 0.000000 2.071688 19.471552 0.052154 0.084326 -0.002243 
1400 8.348890 0.000000 2.420257 19.464672 -0.007024 0.023404 -0.001511 
1401 8.535773 0.000000 1.548835 19.469907 -0.044147 0.287981 -0.002272 
1402 8.348890 0.000000 1.548835 19.471051 -0.041470 0.288257 -0.002390 
1403 8.722656 0.000000 1.548835 19.469648 -0.045813 0.286900 -0.002245 
1404 8.535773 0.000000 1.723119 19.468367 -0.030190 0.192856 -0.001990 
1405 8.629215 0.000000 1.287409 19.467309 -0.092093 0.550885 -0.002605 
1406 8.535773 0.000000 1.287409 19.463849 -0.066340 0.547589 -0.002229 
1407 8.629215 0.000000 1.200266 19.457541 -0.121403 0.755776 -0.002324 
1408 8.722656 0.000000 1.287409 19.470176 -0.106354 0.551384 -0.002909 
1409 8.629215 0.000000 1.374551 19.471517 -0.070955 0.423032 -0.002700 
1410 10.965257 0.000000 1.723119 19.450803 -0.014792 0.197493 -0.000186 
1411 10.965257 0.000000 1.025982 19.447605 -0.123269 1.713691 -0.007557 
1412 11.712790 0.000000 1.723119 19.450756 -0.022101 0.097449 -0.000104 
1413 10.965257 0.000000 2.420257 19.453054 -0.008607 0.000458 -0.000314 
1414 9.843957 0.000000 1.374551 19.442544 -0.040640 0.347395 0.000443 
1415 9.843957 0.000000 1.025982 19.456466 -0.073049 1.636720 -0.007760 
1416 10.217723 0.000000 1.374551 19.426188 0.090146 0.396107 0.002011 
1417 9.843957 0.000000 1.723119 19.453034 -0.028052 0.180212 -0.000400 
1418 9.283306 0.000000 1.200266 19.475105 -0.177622 0.807416 -0.004390 
1419 9.283306 0.000000 1.025982 19.441757 -0.077794 1.460126 -0.004804 
1420 9.470190 0.000000 1.200266 19.476786 -0.202377 0.823973 -0.004659 
1421 9.283306 0.000000 1.374551 19.469996 -0.076708 0.396940 -0.002489 
1422 9.470190 0.000000 3.117394 19.454391 0.002591 0.002034 -0.000452 
1423 10.217723 0.000000 3.117394 19.452791 0.002896 -0.000023 -0.000287 
1424 9.470190 0.000000 3.814531 19.452984 0.002058 0.002022 -0.000307 
1425 9.096423 0.000000 2.071688 19.468328 0.028983 0.067764 -0.001900 
1426 9.470190 0.000000 2.071688 19.460865 -0.023968 0.093055 -0.001142 
1427 9.096423 0.000000 2.420257 19.464019 -0.007636 0.013279 -0.001443 
1428 8.909540 0.000000 1.548835 19.469589 -0.043733 0.280774 -0.002229 
1429 9.096423 0.000000 1.548835 19.468175 -0.042560 0.276928 -0.002077 
1430 8.909540 0.000000 1.723119 19.466677 -0.036725 0.186422 -0.001811 
1431 9.002981 0.000000 1.287409 19.476515 -0.128604 0.540437 -0.003544 
1432 8.909540 0.000000 1.287409 19.473361 -0.118276 0.547366 -0.003233 
1433 9.002981 0.000000 1.200266 19.471010 -0.167173 0.786599 -0.003871 
1434 9.096423 0.000000 1.287409 19.476650 -0.133250 0.539776 -0.003559 
1435 9.002981 0.000000 1.374551 19.472889 -0.077210 0.409127 -0.002813 
1436 10.965257 0.000000 0.328845 19.436781 -0.034513 0.372086 0.000990 
1437 10.965257 0.000000 -0.368292 19.437119 -0.027523 -0.428093 0.000838 
1438 11.712790 0.000000 0.328845 19.445801 -0.063184 0.254062 0.000251 
1439 9.843957 0.000000 0.677414 19.402664 0.099393 1.308153 0.000312 
1440 9.843957 0.000000 0.328845 19.404573 0.097941 0.359686 0.004298 
1441 10.217723 0.000000 0.677414 19.427149 0.121665 1.307679 -0.002211 
1442 9.657073 0.000000 1.200266 19.482427 -0.238405 0.814799 -0.005242 
1443 9.657073 0.000000 1.025982 19.447040 -0.058935 1.568821 -0.006211 
1444 9.843957 0.000000 1.200266 19.488534 -0.291474 0.797128 -0.005870 
1445 9.657073 0.000000 1.374551 19.459432 -0.067471 0.364448 -0.001333 
1446 9.283306 0.000000 1.548835 19.465938 -0.039984 0.272730 -0.001840 
1447 9.470190 0.000000 1.548835 19.463128 -0.039317 0.264327 -0.001539 
1448 9.283306 0.000000 1.723119 19.463056 -0.035196 0.181300 -0.001433 
1449 9.376748 0.000000 1.287409 19.476655 -0.148207 0.528912 -0.003540 
1450 9.283306 0.000000 1.287409 19.476894 -0.142238 0.534099 -0.003575 
1451 9.376748 0.000000 1.200266 19.475681 -0.189648 0.813231 -0.004486 
1452 9.470190 0.000000 1.287409 19.475513 -0.154388 0.522630 -0.003410 
1453 9.376748 0.000000 1.374551 19.468657 -0.075277 0.391138 -0.002339 
1454 10.591490 0.000000 1.374551 19.451126 0.109051 0.400951 -0.000572 
1455 10.591490 0.000000 1.025982 19.448756 -0.134773 1.761268 -0.008120 
1456 10.965257 0.000000 1.374551 19.450262 0.115274 0.421668 -0.000532 
1457 10.591490 0.000000 1.723119 19.451988 -0.011816 0.199560 -0.000310 
1458 10.030840 0.000000 1.200266 19.490942 -0.377722 0.754095 -0.006095 
1459 10.030840 0.000000 1.025982 19.467707 -0.103473 1.701258 -0.009501 
1460 10.217723 0.000000 1.200266 19.473039 -0.483920 0.675181 -0.004195 
1461 10.030840 0.000000 1.374551 19.418508 0.014672 0.354946 0.002902 
1462 9.843957 0.000000 2.071688 19.456718 -0.023119 0.091165 -0.000714 
1463 10.217723 0.000000 2.071688 19.453886 -0.022252 0.091277 -0.000423 
1464 9.843957 0.000000 2.420257 19.459658 -0.008453 0.004809 -0.000994 
1465 9.657073 0.000000 1.548835 19.457180 -0.033008 0.260601 -0.000921 
1466 9.843957 0.000000 1.548835 19.445506 -0.008069 0.237146 0.000313 
1467 9.657073 0.000000 1.723119 19.456729 -0.031197 0.178663 -0.000779 
1468 9.750515 0.000000 1.287409 19.467805 -0.172243 0.492823 -0.002552 
1469 9.657073 0.000000 1.287409 19.471595 -0.169670 0.510849 -0.002988 
1470 9.750515 0.000000 1.200266 19.485486 -0.261561 0.808498 -0.005561 
1471 9.843957 0.000000 1.287409 19.461614 -0.170759 0.466574 -0.001847 
1472 9.750515 0.000000 1.374551 19.452267 -0.057418 0.355636 -0.000576 
1473 10.591490 0.000000 0.677414 19.440707 0.111739 1.336854 -0.003802 
1474 10.591490 0.000000 0.328845 19.430836 0.030123 0.395870 0.001553 
1475 10.965257 0.000000 0.677414 19.444235 0.100623 1.283406 -0.003788 
1476 10.404607 0.000000 1.200266 19.456867 -0.511733 0.642264 -0.002489 
1477 10.404607 0.000000 1.025982 19.456860 -0.137136 1.757499 -0.008920 
1478 10.591490 0.000000 1.200266 19.451807 -0.510142 0.639008 -0.001953 
1479 10.404607 0.000000 1.374551 19.449618 0.106488 0.402643 -0.000419 
1480 10.030840 0.000000 1.548835 19.440428 0.004865 0.249894 0.000819 
1481 10.217723 0.000000 1.548835 19.443550 0.014612 0.263976 0.000478 
1482 10.030840 0.000000 1.723119 19.450822 -0.024639 0.184033 -0.000176 
1483 10.124282 0.000000 1.287409 19.410830 -0.068915 0.318951 0.003742 
1484 10.030840 0.000000 1.287409 19.433934 -0.132685 0.376716 0.001230 
1485 10.124282 0.000000 1.200266 19.484792 -0.433701 0.717288 -0.005438 
1486 10.217723 0.000000 1.287409 19.419718 0.025853 0.281053 0.002901 
1487 10.124282 0.000000 1.374551 19.413690 0.056576 0.373222 0.003354 
1488 11.712790 0.000000 5.208806 19.450417 0.002333 0.001751 -0.000043 
1489 13.207857 0.000000 5.208806 19.450070 -0.000269 -0.000349 -0.000007 
1490 11.712790 0.000000 6.603080 19.450331 -0.000004 -0.000473 -0.000034 
1491 10.965257 0.000000 3.117394 19.449999 0.004260 0.004913 0.000000 
1492 11.712790 0.000000 3.117394 19.449793 0.002449 0.002519 0.000021 
1493 10.965257 0.000000 3.814531 19.451055 0.007667 0.000776 -0.000109 
1494 10.591490 0.000000 2.071688 19.453885 -0.018728 0.108430 -0.000432 
1495 10.965257 0.000000 2.071688 19.452595 -0.063159 0.054608 -0.000285 
1496 10.591490 0.000000 2.420257 19.454799 -0.008651 0.001066 -0.000494 
1497 10.404607 0.000000 1.548835 19.448688 0.018886 0.268711 -0.000057 
1498 10.591490 0.000000 1.548835 19.449765 0.020632 0.277937 -0.000181 
1499 10.404607 0.000000 1.723119 19.452074 -0.012509 0.199384 -0.000319 
1500 10.311165 0.000000 1.287409 19.447194 0.052622 0.260990 0.000101 
1501 10.311165 0.000000 1.200266 19.461897 -0.508581 0.650167 -0.003025 
1502 10.404607 0.000000 1.287409 19.452263 0.054799 0.252972 -0.000410 
1503 10.311165 0.000000 1.374551 19.443014 0.103197 0.403444 0.000260 
1504 12.460324 0.000000 1.723119 19.448488 0.005090 0.116276 0.000120 
1505 12.460324 0.000000 1.025982 19.448415 -0.158192 1.422342 -0.005251 
1506 13.207857 0.000000 1.723119 19.448824 -0.066858 0.142029 0.000056 
1507 12.460324 0.000000 2.420257 19.449039 0.001493 0.019761 0.000098 
1508 11.339023 0.000000 1.374551 19.448936 0.140120 0.520447 -0.000658 
1509 11.339023 0.000000 1.025982 19.447028 0.087501 1.777928 -0.008070 
1510 11.712790 0.000000 1.374551 19.449883 0.119496 0.315409 -0.000289 
1511 11.339023 0.000000 1.723119 19.450587 -0.018535 0.177789 -0.000145 
1512 10.778373 0.000000 1.200266 19.449340 -0.507919 0.639652 -0.001696 
1513 10.778373 0.000000 1.025982 19.447733 -0.135103 1.748076 -0.007893 
1514 10.965257 0.000000 1.200266 19.449771 -0.503571 0.660582 -0.001800 
1515 10.778373 0.000000 1.374551 19.449808 0.125494 0.388501 -0.000421 
1516 12.460324 0.000000 0.328845 19.447788 0.037720 0.130565 0.000179 
1517 12.460324 0.000000 -0.368292 19.447823 0.032492 -0.165966 0.000148 
1518 13.207857 0.000000 0.328845 19.448382 0.055757 0.142934 0.000104 
1519 11.339023 0.000000 0.677414 19.443637 0.115414 1.233937 -0.003406 
1520 11.339023 0.000000 0.328845 19.442508 -0.071161 0.369500 0.000396 
1521 11.712790 0.000000 0.677414 19.447510 0.097249 1.004403 -0.002436 
1522 11.152140 0.000000 1.200266 19.448515 -0.413632 0.794372 -0.001968 
1523 11.152140 0.000000 1.025982 19.447000 0.060836 1.808559 -0.008348 
1524 11.339023 0.000000 1.200266 19.448114 -0.390541 0.786363 -0.001844 
1525 11.152140 0.000000 1.374551 19.449504 0.125334 0.523681 -0.000715 
1526 12.086557 0.000000 1.374551 19.449455 0.119648 0.316339 -0.000246 
1527 12.086557 0.000000 1.025982 19.448626 0.039630 1.488234 -0.005718 
1528 12.460324 0.000000 1.374551 19.448756 0.128233 0.262409 -0.000098 
1529 12.086557 0.000000 1.723119 19.449735 -0.010456 0.086655 0.000007 
1530 12.086557 0.000000 0.677414 19.447750 0.079387 0.886808 -0.001864 
1531 12.086557 0.000000 0.328845 19.447049 -0.005046 0.121750 0.000264 
1532 12.460324 0.000000 0.677414 19.448044 0.031078 0.790778 -0.001454 
1533 11.899674 0.000000 1.200266 19.449132 -0.424764 0.538108 -0.001153 
1534 11.712790 0.000000 1.200266 19.449295 -0.424840 0.537540 -0.001168 
1535 11.899674 0.000000 1.025982 19.448597 0.039593 1.487713 -0.005710 
1536 12.086557 0.000000 1.200266 19.449057 -0.424695 0.538608 -0.001147 
1537 11.899674 0.000000 1.374551 19.449621 0.119558 0.315894 -0.000263 
1538 12.834090 0.000000 1.374551 19.448396 0.130182 0.265623 -0.000066 
1539 12.834090 0.000000 1.025982 19.448270 -0.147791 1.428555 -0.005274 
1540 13.207857 0.000000 1.374551 19.448577 0.130339 0.265855 -0.000085 
1541 12.834090 0.000000 1.723119 19.448641 0.005302 0.116544 0.000104 
1542 12.273440 0.000000 1.200266 19.448859 -0.484558 0.540406 -0.001275 
1543 12.273440 0.000000 1.025982 19.448590 -0.049765 1.452950 -0.005442 
1544 12.460324 0.000000 1.200266 19.448581 -0.519357 0.428029 -0.001051 
1545 12.273440 0.000000 1.374551 19.448701 0.128082 0.262251 -0.000092 
1546 12.834090 0.000000 0.677414 19.448414 0.031292 0.791045 -0.001494 
1547 12.834090 0.000000 0.328845 19.448258 0.037931 0.130718 0.000130 
1548 13.207857 0.000000 0.677414 19.448350 0.035653 0.797782 -0.001516 
1549 12.647207 0.000000 1.200266 19.448641 -0.519254 0.428242 -0.001058 
1550 12.647207 0.000000 1.025982 19.448511 -0.158068 1.422545 -0.005262 
1551 12.834090 0.000000 1.200266 19.448278 -0.517060 0.431840 -0.001023 
1552 12.647207 0.000000 1.374551 19.448381 0.137267 0.266847 -0.000072 
1553 3.863689 0.000000 -0.019724 19.392754 -0.025455 -0.020872 0.005875 
1554 3.863689 0.000000 -0.368292 19.398429 -0.038210 -0.347932 0.004972 
1555 4.237455 0.000000 -0.019724 19.384840 0.000581 0.013483 0.006689 
1556 3.676805 0.000000 0.503129 19.408289 -0.046871 0.533324 0.003527 
1557 3.489922 0.000000 0.503129 19.412768 -0.047043 0.528258 0.003081 
1558 3.676805 0.000000 0.328845 19.405397 -0.029886 0.305769 0.004332 
1559 3.863689 0.000000 0.503129 19.402124 -0.049545 0.538773 0.004143 
1560 3.583364 0.000000 0.764556 19.419030 -0.080054 0.717721 0.001803 
1561 3.489922 0.000000 0.764556 19.418170 -0.062462 0.726124 0.001866 
1562 3.583364 0.000000 0.677414 19.415303 -0.083568 0.690180 0.002287 
1563 3.676805 0.000000 0.764556 19.419160 -0.072169 0.722259 0.001776 
1564 3.630084 0.000000 0.895269 19.426117 -0.016459 0.600899 0.001499 
1565 3.583364 0.000000 0.895269 19.425464 -0.020844 0.598481 0.001573 
1566 3.630084 0.000000 0.851698 19.423358 -0.037503 0.678020 0.001519 
1567 3.676805 0.000000 0.895269 19.426369 -0.011446 0.603800 0.001464 
1568 3.630084 0.000000 0.938840 19.430865 -0.301981 0.496362 0.001074 
1569 0.429707 0.000000 0.873483 18.222365 -0.011631 3.426557 0.091214 
1570 0.453067 0.000000 0.873483 18.255435 -0.012788 3.132724 0.093120 
1571 0.429707 0.000000 0.895269 18.011996 0.004272 3.658310 0.107023 
1572 0.394666 0.000000 0.862591 18.507000 -0.024152 5.154642 0.024379 
1573 0.394666 0.000000 0.851698 18.735459 -0.029918 5.551917 -0.009357 
1574 0.406346 0.000000 0.862591 18.375708 -0.021922 4.611378 0.051204 
1575 0.394666 0.000000 0.873483 18.432294 -0.023116 5.055754 0.034343 
1576 0.418026 0.000000 0.862591 18.151150 -0.014274 3.717618 0.092564 
1577 0.418026 0.000000 0.851698 18.141084 -0.023548 3.736231 0.093162 
1578 0.429707 0.000000 0.862591 18.216375 -0.019039 3.467000 0.091053 
1579 0.418026 0.000000 0.873483 18.166970 -0.011628 3.673220 0.091913 
1580 0.476428 0.000000 0.873483 18.300631 -0.007742 3.017272 0.090630 
1581 0.499788 0.000000 0.873483 18.341267 -0.006289 2.869561 0.088992 
1582 0.476428 0.000000 0.895269 18.304477 -0.002145 3.027889 0.090088 
1583 0.464747 0.000000 0.862591 18.238333 -0.021485 3.112167 0.095108 
1584 0.453067 0.000000 0.862591 18.245183 -0.017415 3.116349 0.094379 
1585 0.464747 0.000000 0.851698 18.244253 -0.020043 3.141067 0.094060 
1586 0.476428 0.000000 0.862591 18.294149 -0.015561 3.000854 0.091517 
1587 0.464747 0.000000 0.873483 18.263743 -0.009833 3.120922 0.092513 
1588 0.523148 0.000000 0.873483 18.410981 -0.006075 2.674908 0.085072 
1589 0.546509 0.000000 0.873483 18.479185 -0.002916 2.490922 0.080934 
1590 0.523148 0.000000 0.895269 18.406336 0.002972 2.706177 0.085080 
1591 0.569869 0.000000 0.873483 18.572488 0.004928 2.296763 0.074253 
1592 0.593230 0.000000 0.873483 18.667469 0.011266 2.103131 0.067155 
1593 0.569869 0.000000 0.895269 18.569108 0.009419 2.318871 0.074315 
1594 0.523148 0.000000 0.917054 18.212081 0.013232 2.933727 0.100490 
1595 0.499788 0.000000 0.917054 18.098044 0.013425 3.198553 0.107143 
1596 0.546509 0.000000 0.917054 18.350501 0.012736 2.678150 0.090903 
1597 0.523148 0.000000 0.938840 18.162020 0.015966 2.962028 0.104862 
1598 0.534829 0.000000 0.884376 18.477227 0.001007 2.507254 0.080909 
1599 0.523148 0.000000 0.884376 18.407878 -0.000044 2.695760 0.085078 
1600 0.534829 0.000000 0.873483 18.480862 -0.004422 2.491447 0.080763 
1601 0.546509 0.000000 0.884376 18.477413 0.000002 2.501694 0.080965 
1602 0.534829 0.000000 0.895269 18.465875 0.003701 2.544808 0.081517 
1603 0.616590 0.000000 0.873483 18.663839 0.013377 2.076637 0.067806 
1604 0.639950 0.000000 0.873483 19.128849 -0.058525 1.781153 0.024355 
1605 0.616590 0.000000 0.895269 18.663427 0.014465 2.097135 0.067620 
1606 0.663311 0.000000 0.873483 19.168213 -0.060633 1.670323 0.021381 
1607 0.686671 0.000000 0.873483 19.207406 -0.061556 1.567904 0.018282 
1608 0.663311 0.000000 0.895269 18.795423 0.017805 1.816804 0.057450 
1609 0.803473 0.000000 0.873483 19.400404 -0.058783 1.198378 0.001288 
1610 0.780113 0.000000 0.873483 19.360231 -0.060010 1.250765 0.005065 
1611 0.826834 0.000000 0.873483 19.440335 -0.057695 1.151109 -0.002518 
1612 0.803473 0.000000 0.895269 19.124385 0.030588 1.363629 0.028284 
1613 1.013717 0.000000 0.895269 19.643634 0.048318 1.093583 -0.023177 
1614 1.060438 0.000000 0.895269 19.635335 0.047754 1.151476 -0.022659 
1615 1.013717 0.000000 0.938840 19.584324 0.046255 1.140211 -0.017302 
1616 1.107159 0.000000 0.895269 19.635335 0.047754 1.151476 -0.022659 
1617 1.153880 0.000000 0.895269 19.485903 0.048778 1.136738 -0.007117 
1618 1.107159 0.000000 0.938840 19.533113 0.047996 1.179863 -0.012251 
1619 1.200601 0.000000 0.895269 19.459336 0.049208 1.110633 -0.004227 
1620 1.247321 0.000000 0.895269 19.336472 0.049802 1.122000 0.008306 
1621 1.200601 0.000000 0.938840 19.462969 0.048415 1.184225 -0.005047 
1622 1.294042 0.000000 0.895269 19.310638 0.050979 1.071029 0.011240 
1623 1.340763 0.000000 0.895269 19.294389 0.051403 1.050395 0.013014 
1624 1.294042 0.000000 0.938840 19.302902 0.050177 1.136870 0.011645 
1625 1.387484 0.000000 0.895269 19.261845 0.051865 1.040982 0.016382 
1626 1.387484 0.000000 0.851698 19.271887 0.052744 0.994572 0.015609 
1627 1.387484 0.000000 0.938840 19.288989 0.051181 1.096631 0.013302 
1628 1.574367 0.000000 0.895269 18.963932 0.051202 0.799004 0.047662 
1629 1.574367 0.000000 0.851698 18.980085 0.051692 0.766150 0.046178 
1630 1.574367 0.000000 0.938840 18.966441 0.052842 0.851126 0.047183 
1631 1.901413 0.000000 0.764556 19.317222 -0.041665 0.689768 0.012344 
1632 1.901413 0.000000 0.677414 19.344805 -0.033249 0.734630 0.009358 
1633 1.854692 0.000000 0.895269 19.225062 -0.049722 0.249532 0.022825 
1634 1.854692 0.000000 0.851698 19.254969 -0.021859 0.516192 0.019248 
1635 1.901413 0.000000 0.895269 19.269646 -0.050825 0.214908 0.018331 
1636 1.854692 0.000000 0.938840 18.983842 0.054256 0.019345 0.047351 
1637 1.948134 0.000000 0.895269 19.320074 -0.051680 0.212619 0.013189 
1638 1.948134 0.000000 0.851698 19.322974 -0.028896 0.479948 0.012408 
1639 1.948134 0.000000 0.938840 19.258770 0.053598 -0.354685 0.019227 
1640 2.135017 0.000000 0.895269 19.459309 -0.058087 0.346527 -0.001284 
1641 2.135017 0.000000 0.851698 19.425124 -0.042922 0.546318 0.001762 
1642 2.135017 0.000000 0.938840 19.515700 -0.081301 0.213287 -0.006905 
1643 2.321901 0.000000 0.895269 19.428045 -0.084335 0.476746 0.001637 
1644 2.321901 0.000000 0.851698 19.415380 -0.060692 0.621569 0.002526 
1645 2.368622 0.000000 0.895269 19.417314 -0.090342 0.491834 0.002697 
1646 2.321901 0.000000 0.938840 19.443258 -0.088790 0.390051 0.000270 
1647 2.462063 0.000000 0.764556 19.401559 -0.081098 0.715820 0.003603 
1648 2.462063 0.000000 0.677414 19.404469 -0.069567 0.701638 0.003362 
1649 2.415343 0.000000 0.895269 19.409358 -0.096608 0.502077 0.003484 
1650 2.415343 0.000000 0.851698 19.404524 -0.070025 0.634666 0.003593 
1651 2.462063 0.000000 0.895269 19.404950 -0.102451 0.510239 0.003911 
1652 2.415343 0.000000 0.938840 19.414491 -0.097253 0.403436 0.003193 
1653 2.508784 0.000000 0.895269 19.402853 -0.107907 0.516698 0.004106 
1654 2.508784 0.000000 0.851698 19.401034 -0.077249 0.638578 0.003935 
1655 2.508784 0.000000 0.938840 19.406129 -0.113679 0.400797 0.004047 
1656 2.695668 0.000000 0.895269 19.408623 -0.119604 0.543715 0.003431 
1657 2.695668 0.000000 0.851698 19.408033 -0.079965 0.640055 0.003211 
1658 2.742388 0.000000 0.895269 19.411057 -0.119010 0.552516 0.003156 
1659 2.695668 0.000000 0.938840 19.411706 -0.121918 0.401210 0.003469 
1660 2.835830 0.000000 0.764556 19.412883 -0.077986 0.711545 0.002459 
1661 2.835830 0.000000 0.677414 19.412814 -0.071146 0.692001 0.002541 
1662 2.789109 0.000000 0.895269 19.412982 -0.116637 0.561939 0.002932 
1663 2.789109 0.000000 0.851698 19.412444 -0.075385 0.641825 0.002754 
1664 2.835830 0.000000 0.895269 19.414522 -0.112487 0.572202 0.002746 
1665 2.789109 0.000000 0.938840 19.415419 -0.121665 0.403793 0.003083 
1666 2.882551 0.000000 0.895269 19.414414 -0.106212 0.583166 0.002727 
1667 2.882551 0.000000 0.851698 19.415120 -0.070176 0.644939 0.002471 
1668 2.929272 0.000000 0.895269 19.415193 -0.097638 0.593848 0.002618 
1669 2.882551 0.000000 0.938840 19.418515 -0.120995 0.407210 0.002758 
1670 2.975993 0.000000 0.895269 19.414971 -0.087007 0.602430 0.002619 
1671 2.975993 0.000000 0.851698 19.415090 -0.066298 0.648314 0.002464 
1672 2.975993 0.000000 0.938840 19.419521 -0.122441 0.412991 0.002641 
1673 3.303039 0.000000 0.503129 19.416685 -0.047813 0.525376 0.002687 
1674 3.303039 0.000000 0.328845 19.415748 -0.026075 0.304749 0.003272 
1675 3.209597 0.000000 0.764556 19.415182 -0.071767 0.717564 0.002202 
1676 3.209597 0.000000 0.677414 19.415564 -0.093366 0.678991 0.002296 
1677 3.303039 0.000000 0.764556 19.416539 -0.070264 0.720663 0.002052 
1678 3.162876 0.000000 0.895269 19.417729 -0.046550 0.605683 0.002340 
1679 3.162876 0.000000 0.851698 19.416782 -0.062816 0.655335 0.002267 
1680 3.209597 0.000000 0.895269 19.418644 -0.041206 0.602069 0.002259 
1681 3.162876 0.000000 0.938840 19.422040 -0.140076 0.427399 0.002338 
1682 3.022713 0.000000 1.113124 19.418148 -0.052199 0.538564 0.002499 
1683 2.929272 0.000000 1.113124 19.414107 -0.054252 0.540935 0.002906 
1684 3.116155 0.000000 1.113124 19.421448 -0.048985 0.535536 0.002169 
1685 3.022713 0.000000 1.200266 19.414984 -0.040710 0.523043 0.002870 
1686 3.069434 0.000000 0.982411 19.422673 -0.075345 0.420103 0.002326 
1687 3.022713 0.000000 0.982411 19.421551 -0.077135 0.419344 0.002443 
1688 3.116155 0.000000 0.982411 19.423536 -0.073435 0.420425 0.002238 
1689 3.069434 0.000000 1.025982 19.422382 -0.066837 0.468650 0.002245 
1690 3.092795 0.000000 0.917054 19.419287 -0.058107 0.478206 0.002542 
1691 3.069434 0.000000 0.917054 19.419079 -0.057174 0.476680 0.002568 
1692 3.092795 0.000000 0.895269 19.416604 -0.058557 0.608795 0.002442 
1693 3.116155 0.000000 0.917054 19.419605 -0.059058 0.480621 0.002503 
1694 3.092795 0.000000 0.938840 19.421008 -0.130597 0.420774 0.002466 
1695 3.256318 0.000000 0.895269 19.419403 -0.037643 0.597742 0.002195 
1696 3.256318 0.000000 0.851698 19.418170 -0.061237 0.658444 0.002114 
1697 3.303039 0.000000 0.895269 19.420596 -0.035247 0.596803 0.002077 
1698 3.256318 0.000000 0.938840 19.423446 -0.160272 0.437137 0.002156 
1699 3.209597 0.000000 1.113124 19.424540 -0.048930 0.528078 0.001873 
1700 3.303039 0.000000 1.113124 19.426677 -0.044385 0.527929 0.001655 
1701 3.209597 0.000000 1.200266 19.421619 -0.030247 0.523598 0.002189 
1702 3.162876 0.000000 0.982411 19.424435 -0.071535 0.421934 0.002143 
1703 3.209597 0.000000 0.982411 19.425348 -0.069544 0.423285 0.002047 
1704 3.162876 0.000000 1.025982 19.424778 -0.062522 0.467133 0.002005 
1705 3.186236 0.000000 0.917054 19.420540 -0.061502 0.487971 0.002388 
1706 3.162876 0.000000 0.917054 19.420180 -0.060715 0.485531 0.002431 
1707 3.186236 0.000000 0.895269 19.418180 -0.043577 0.603869 0.002300 
1708 3.209597 0.000000 0.917054 19.420908 -0.062228 0.490433 0.002343 
1709 3.186236 0.000000 0.938840 19.422392 -0.144394 0.429755 0.002293 
1710 3.396480 0.000000 0.764556 19.417127 -0.067252 0.722724 0.001985 
1711 3.396480 0.000000 0.677414 19.415257 -0.090709 0.683733 0.002312 
1712 3.349759 0.000000 0.895269 19.421536 -0.033453 0.594592 0.001987 
1713 3.349759 0.000000 0.851698 19.419705 -0.058391 0.664170 0.001938 
1714 3.396480 0.000000 0.895269 19.422550 -0.032001 0.593190 0.001888 
1715 3.349759 0.000000 0.938840 19.425299 -0.188593 0.453883 0.001900 
1716 3.443201 0.000000 0.895269 19.423517 -0.030146 0.593598 0.001788 
1717 3.443201 0.000000 0.851698 19.421308 -0.053684 0.668207 0.001760 
1718 3.489922 0.000000 0.895269 19.424212 -0.027778 0.594640 0.001713 
1719 3.443201 0.000000 0.938840 19.427232 -0.223549 0.474334 0.001613 
1720 3.536643 0.000000 0.895269 19.424782 -0.024638 0.596352 0.001650 
1721 3.536643 0.000000 0.851698 19.422282 -0.046702 0.672982 0.001645 
1722 3.536643 0.000000 0.938840 19.428621 -0.268957 0.500068 0.001345 
1723 3.583364 0.000000 1.113124 19.432763 -0.023737 0.521895 0.001050 
1724 3.489922 0.000000 1.113124 19.431326 -0.031986 0.523307 0.001193 
1725 3.676805 0.000000 1.113124 19.434061 -0.014195 0.520303 0.000922 
1726 3.583364 0.000000 1.200266 19.430106 -0.018015 0.518490 0.001333 
1727 3.630084 0.000000 0.982411 19.432989 -0.034959 0.438037 0.001238 
1728 3.583364 0.000000 0.982411 19.432252 -0.040803 0.436625 0.001316 
1729 3.676805 0.000000 0.982411 19.434569 -0.028627 0.438668 0.001075 
1730 3.630084 0.000000 1.025982 19.434662 -0.025091 0.466101 0.001001 
1731 3.606724 0.000000 0.917054 19.427473 -0.045613 0.541998 0.001533 
1732 3.583364 0.000000 0.917054 19.426972 -0.048465 0.539047 0.001592 
1733 3.606724 0.000000 0.895269 19.425911 -0.018729 0.599554 0.001524 
1734 3.630084 0.000000 0.917054 19.427695 -0.042479 0.545132 0.001502 
1735 3.606724 0.000000 0.938840 19.430561 -0.296702 0.501585 0.001100 
1736 3.770247 0.000000 0.764556 19.418512 -0.063998 0.727329 0.001826 
1737 3.770247 0.000000 0.677414 19.413176 -0.074324 0.700059 0.002473 
1738 3.863689 0.000000 0.764556 19.417387 -0.056254 0.731423 0.001928 
1739 3.723526 0.000000 0.895269 19.426527 -0.005983 0.607053 0.001438 
1740 3.723526 0.000000 0.851698 19.423489 -0.026753 0.683620 0.001487 
1741 3.770247 0.000000 0.895269 19.427522 -0.000166 0.609550 0.001328 
1742 3.723526 0.000000 0.938840 19.432990 -0.243522 0.446505 0.001065 
1743 3.770247 0.000000 1.113124 19.435057 -0.013944 0.523560 0.000811 
1744 3.863689 0.000000 1.113124 19.435280 -0.002552 0.522535 0.000791 
1745 3.770247 0.000000 1.200266 19.434450 -0.001839 0.523419 0.000874 
1746 3.723526 0.000000 0.982411 19.434832 -0.021818 0.440390 0.001045 
1747 3.770247 0.000000 0.982411 19.434911 -0.014554 0.442257 0.001033 
1748 3.723526 0.000000 1.025982 19.435645 -0.012182 0.466180 0.000901 
1749 3.700166 0.000000 0.917054 19.428229 -0.032134 0.554168 0.001423 
1750 3.676805 0.000000 0.917054 19.428027 -0.035604 0.551373 0.001451 
1751 3.700166 0.000000 0.895269 19.426504 -0.008755 0.605373 0.001446 
1752 3.723526 0.000000 0.917054 19.429273 -0.028479 0.555933 0.001311 
1753 3.700166 0.000000 0.938840 19.433173 -0.264231 0.455658 0.000996 
1754 3.816968 0.000000 0.895269 19.427000 0.006049 0.613357 0.001369 
1755 3.816968 0.000000 0.851698 19.423795 -0.015431 0.688550 0.001439 
1756 3.863689 0.000000 0.895269 19.426263 0.012116 0.617281 0.001432 
1757 3.816968 0.000000 0.938840 19.432082 -0.173858 0.431278 0.001270 
1758 3.816968 0.000000 0.982411 19.434448 -0.006996 0.444293 0.001077 
1759 3.863689 0.000000 0.982411 19.433910 0.000697 0.446593 0.001127 
1760 3.816968 0.000000 1.025982 19.435672 0.002186 0.466751 0.000897 
1761 3.793607 0.000000 0.917054 19.429273 -0.017748 0.563587 0.001290 
1762 3.770247 0.000000 0.917054 19.429405 -0.021110 0.561322 0.001283 
1763 3.793607 0.000000 0.895269 19.427339 0.002889 0.611465 0.001341 
1764 3.816968 0.000000 0.917054 19.428883 -0.014272 0.565813 0.001323 
1765 3.793607 0.000000 0.938840 19.432544 -0.189495 0.432440 0.001205 
1766 4.050572 0.000000 0.503129 19.391975 -0.099568 0.526555 0.005199 
1767 4.050572 0.000000 0.328845 19.392196 -0.039216 0.305950 0.005684 
1768 4.237455 0.000000 0.503129 19.385612 -0.108067 0.527633 0.005843 
1769 3.957130 0.000000 0.764556 19.414048 -0.049924 0.738048 0.002247 
1770 3.957130 0.000000 0.677414 19.407862 -0.068526 0.710474 0.002981 
1771 4.050572 0.000000 0.764556 19.408835 -0.046156 0.745143 0.002755 
1772 3.910409 0.000000 0.895269 19.425128 0.018067 0.620561 0.001537 
1773 3.910409 0.000000 0.851698 19.421682 -0.004775 0.694264 0.001636 
1774 3.957130 0.000000 0.895269 19.423736 0.023579 0.624835 0.001665 
1775 3.910409 0.000000 0.938840 19.430394 -0.135983 0.419503 0.001501 
1776 3.957130 0.000000 1.113124 19.434978 0.019163 0.516692 0.000837 
1777 4.050572 0.000000 1.113124 19.433958 0.028833 0.517499 0.000939 
1778 3.957130 0.000000 1.200266 19.435546 0.014930 0.523019 0.000762 
1779 3.910409 0.000000 0.982411 19.433031 0.008597 0.448355 0.001213 
1780 3.957130 0.000000 0.982411 19.432023 0.016119 0.451419 0.001308 
1781 3.910409 0.000000 1.025982 19.434791 0.016936 0.467518 0.000985 
1782 3.887049 0.000000 0.917054 19.427770 -0.004762 0.571513 0.001421 
1783 3.863689 0.000000 0.917054 19.428265 -0.007794 0.570240 0.001374 
1784 3.887049 0.000000 0.895269 19.425699 0.015167 0.618471 0.001486 
1785 3.910409 0.000000 0.917054 19.427195 -0.001781 0.573672 0.001474 
1786 3.887049 0.000000 0.938840 19.430968 -0.144535 0.422366 0.001429 
1787 4.003851 0.000000 0.895269 19.421865 0.028433 0.629255 0.001842 
1788 4.003851 0.000000 0.851698 19.418084 0.003999 0.701609 0.001978 
1789 4.050572 0.000000 0.895269 19.419595 0.032319 0.633876 0.002059 
1790 4.003851 0.000000 0.938840 19.427809 -0.102961 0.403343 0.001822 
1791 4.003851 0.000000 0.982411 19.430756 0.023178 0.454747 0.001430 
1792 4.050572 0.000000 0.982411 19.429114 0.029433 0.458439 0.001589 
1793 4.003851 0.000000 1.025982 19.433170 0.030801 0.470533 0.001142 
1794 3.980491 0.000000 0.917054 19.425007 0.006427 0.580703 0.001677 
1795 3.957130 0.000000 0.917054 19.425801 0.003763 0.578180 0.001603 
1796 3.980491 0.000000 0.895269 19.422884 0.026110 0.627058 0.001745 
1797 4.003851 0.000000 0.917054 19.424107 0.008899 0.583155 0.001762 
1798 3.980491 0.000000 0.938840 19.428647 -0.111830 0.407184 0.001723 
1799 4.144014 0.000000 0.764556 19.402538 -0.045974 0.752178 0.003373 
1800 4.144014 0.000000 0.677414 19.397076 -0.070860 0.722747 0.004041 
1801 4.237455 0.000000 0.764556 19.396101 -0.049802 0.757625 0.004011 
1802 4.097293 0.000000 0.895269 19.416876 0.035091 0.638818 0.002321 
1803 4.097293 0.000000 0.851698 19.412342 0.009397 0.722851 0.002487 
1804 4.144014 0.000000 0.895269 19.413716 0.035765 0.656833 0.002584 
1805 4.097293 0.000000 0.938840 19.423587 -0.063020 0.394274 0.002293 
1806 4.144014 0.000000 1.113124 19.432487 0.036039 0.519692 0.001083 
1807 4.237455 0.000000 1.113124 19.431223 0.040222 0.523363 0.001202 
1808 4.144014 0.000000 1.200266 19.435721 0.027000 0.526804 0.000732 
1809 4.097293 0.000000 0.982411 19.427226 0.034750 0.462703 0.001771 
1810 4.144014 0.000000 0.982411 19.425313 0.038900 0.467137 0.001956 
1811 4.097293 0.000000 1.025982 19.430427 0.042087 0.475005 0.001411 
1812 4.073932 0.000000 0.917054 19.420610 0.015221 0.591675 0.002094 
1813 4.050572 0.000000 0.917054 19.421886 0.013215 0.588545 0.001973 
1814 4.073932 0.000000 0.895269 19.418303 0.033828 0.636277 0.002183 
1815 4.097293 0.000000 0.917054 19.419329 0.016980 0.594909 0.002215 
1816 4.073932 0.000000 0.938840 19.424721 -0.073426 0.394927 0.002171 
1817 4.190735 0.000000 0.895269 19.410818 0.035841 0.662158 0.002863 
1818 4.190735 0.000000 0.851698 19.406035 0.010126 0.731956 0.003099 
1819 4.237455 0.000000 0.895269 19.407955 0.034499 0.667729 0.003137 
1820 4.190735 0.000000 0.938840 19.418673 -0.021205 0.400719 0.002793 
1821 4.190735 0.000000 0.982411 19.423283 0.041645 0.472070 0.002152 
1822 4.237455 0.000000 0.982411 19.421275 0.042968 0.477461 0.002344 
1823 4.190735 0.000000 1.025982 19.427249 0.049491 0.481080 0.001720 
1824 4.167374 0.000000 0.917054 19.414832 0.019630 0.618455 0.002601 
1825 4.144014 0.000000 0.917054 19.416496 0.019615 0.601693 0.002484 
1826 4.167374 0.000000 0.895269 19.412265 0.035988 0.659481 0.002723 
1827 4.190735 0.000000 0.917054 19.413394 0.020530 0.622417 0.002735 
1828 4.167374 0.000000 0.938840 19.419962 -0.031197 0.397222 0.002667 
1829 5.078431 0.000000 0.938840 19.460497 -0.023414 0.715694 -0.002435 
1830 5.078431 0.000000 0.851698 19.441987 -0.052168 0.857775 -0.001128 
1831 5.078431 0.000000 1.025982 19.477888 0.017330 0.587674 -0.003783 
1832 5.265314 0.000000 1.113124 19.495920 0.010091 0.580438 -0.005618 
1833 5.171872 0.000000 1.113124 19.490901 0.008421 0.577056 -0.005091 
1834 5.358756 0.000000 1.113124 19.499337 0.012553 0.584218 -0.005982 
1835 5.265314 0.000000 1.200266 19.496300 -0.000808 0.556421 -0.005585 
1836 5.312035 0.000000 0.982411 19.482667 -0.030199 0.653954 -0.004495 
1837 5.265314 0.000000 0.982411 19.481041 -0.027261 0.646214 -0.004300 
1838 5.312035 0.000000 0.938840 19.470002 -0.027870 0.783456 -0.003682 
1839 5.358756 0.000000 0.982411 19.484133 -0.032532 0.661566 -0.004673 
1840 5.312035 0.000000 1.025982 19.489732 0.014283 0.619233 -0.005104 
1841 5.218593 0.000000 0.982411 19.479126 -0.023929 0.638166 -0.004075 
1842 5.171872 0.000000 0.982411 19.476994 -0.020333 0.629976 -0.003828 
1843 5.218593 0.000000 0.938840 19.467004 -0.028661 0.758394 -0.003272 
1844 5.218593 0.000000 1.025982 19.486098 0.015058 0.606125 -0.004687 
1845 5.732522 0.000000 -3.156842 19.454382 -0.003473 -0.015309 -0.000451 
1846 5.732522 0.000000 -4.551116 19.451935 -0.002421 -0.005236 -0.000199 
1847 7.227589 0.000000 -3.156842 19.455205 0.003030 -0.009859 -0.000536 
1848 4.984989 0.000000 -1.065430 19.473991 0.017428 -0.569888 -0.003328 
1849 4.984989 0.000000 -1.762567 19.470328 -0.029892 -0.249119 -0.002258 
1850 5.732522 0.000000 -1.065430 19.499664 0.028583 -0.639903 -0.006198 
1851 5.358756 0.000000 -0.019724 19.350475 0.011547 -0.019473 0.010206 
1852 4.984989 0.000000 -0.019724 19.362803 -0.042515 -0.017336 0.008941 
1853 5.358756 0.000000 -0.368292 19.364238 -0.021644 -0.381898 0.008413 
1854 5.732522 0.000000 -0.019724 19.335722 0.024499 -0.020391 0.011714 
1855 5.171872 0.000000 0.503129 19.384555 -0.053562 0.550049 0.005911 
1856 4.984989 0.000000 0.503129 19.384227 -0.062776 0.521308 0.006023 
1857 5.171872 0.000000 0.328845 19.368767 -0.019806 0.319235 0.008065 
1858 5.358756 0.000000 0.503129 19.381807 -0.050127 0.576012 0.006116 
1859 5.265314 0.000000 0.764556 19.432790 -0.076974 0.884639 -0.000315 
1860 5.171872 0.000000 0.764556 19.429268 -0.074619 0.865151 0.000137 
1861 5.265314 0.000000 0.677414 19.414370 -0.126064 0.809218 0.001887 
1862 5.358756 0.000000 0.764556 19.435571 -0.077497 0.904886 -0.000697 
1863 5.312035 0.000000 0.895269 19.460440 -0.045412 0.849666 -0.002988 
1864 5.265314 0.000000 0.895269 19.458971 -0.043775 0.839214 -0.002789 
1865 5.312035 0.000000 0.851698 19.452623 -0.034934 0.894473 -0.002388 
1866 5.358756 0.000000 0.895269 19.461770 -0.046512 0.860089 -0.003172 
1867 5.288674 0.000000 0.960626 19.476884 -0.023457 0.681142 -0.003994 
1868 5.265314 0.000000 0.960626 19.476406 -0.023566 0.671522 -0.003911 
1869 5.288674 0.000000 0.938840 19.469311 -0.028250 0.777636 -0.003587 
1870 5.312035 0.000000 0.960626 19.477382 -0.023826 0.690671 -0.004080 
1871 5.288674 0.000000 0.982411 19.481896 -0.028815 0.650038 -0.004402 
1872 5.452197 0.000000 1.113124 19.501829 0.015300 0.588119 -0.006252 
1873 5.545639 0.000000 1.113124 19.503365 0.018338 0.592197 -0.006423 
1874 5.452197 0.000000 1.200266 19.501996 0.003364 0.552267 -0.006160 
1875 5.405476 0.000000 0.982411 19.485485 -0.033820 0.668874 -0.004838 
1876 5.405476 0.000000 0.938840 19.472448 -0.025753 0.804244 -0.004021 
1877 5.452197 0.000000 0.982411 19.486738 -0.033755 0.676382 -0.004994 
1878 5.405476 0.000000 1.025982 19.492474 0.013690 0.632754 -0.005431 
1879 5.545639 0.000000 0.503129 19.375495 -0.043815 0.609007 0.006661 
1880 5.545639 0.000000 0.328845 19.351226 -0.003151 0.349467 0.009808 
1881 5.732522 0.000000 0.503129 19.366831 -0.034196 0.646191 0.007427 
1882 5.452197 0.000000 0.764556 19.437448 -0.075483 0.925998 -0.000991 
1883 5.452197 0.000000 0.677414 19.416731 -0.077952 0.865150 0.001423 
1884 5.545639 0.000000 0.764556 19.438312 -0.071027 0.948515 -0.001190 
1885 5.405476 0.000000 0.895269 19.463048 -0.047186 0.870562 -0.003351 
1886 5.405476 0.000000 0.851698 19.454055 -0.034855 0.902281 -0.002572 
1887 5.452197 0.000000 0.895269 19.464169 -0.047209 0.880916 -0.003515 
1888 5.382116 0.000000 0.960626 19.478707 -0.026338 0.718779 -0.004322 
1889 5.358756 0.000000 0.960626 19.478309 -0.025375 0.709478 -0.004245 
1890 5.382116 0.000000 0.938840 19.471817 -0.026229 0.799397 -0.003936 
1891 5.405476 0.000000 0.960626 19.479109 -0.027296 0.727855 -0.004398 
1892 5.382116 0.000000 0.982411 19.484831 -0.033325 0.665210 -0.004757 
1893 5.498918 0.000000 0.982411 19.487674 -0.031964 0.684722 -0.005120 
1894 5.498918 0.000000 0.938840 19.474555 -0.024371 0.822677 -0.004317 
1895 5.545639 0.000000 0.982411 19.488367 -0.028777 0.694920 -0.005228 
1896 5.498918 0.000000 1.025982 19.494468 0.013296 0.646111 -0.005682 
1897 5.498918 0.000000 0.895269 19.465709 -0.020856 0.878402 -0.003657 
1898 5.498918 0.000000 0.851698 19.456133 -0.032825 0.922765 -0.002884 
1899 5.545639 0.000000 0.895269 19.466425 -0.019519 0.888879 -0.003779 
1900 5.475558 0.000000 0.960626 19.480087 -0.029252 0.754496 -0.004603 
1901 5.452197 0.000000 0.960626 19.479829 -0.028855 0.745617 -0.004541 
1902 5.475558 0.000000 0.938840 19.474071 -0.024641 0.818077 -0.004247 
1903 5.498918 0.000000 0.960626 19.480318 -0.029338 0.763261 -0.004662 
1904 5.475558 0.000000 0.982411 19.487258 -0.033055 0.680342 -0.005061 
1905 5.639081 0.000000 1.113124 19.503850 0.021455 0.596204 -0.006486 
1906 5.732522 0.000000 1.113124 19.502874 0.024533 0.599799 -0.006397 
1907 5.639081 0.000000 1.200266 19.503707 0.007585 0.546888 -0.006321 
1908 5.592360 0.000000 0.982411 19.488665 -0.024832 0.707344 -0.005304 
1909 5.592360 0.000000 0.938840 19.475901 -0.022978 0.841500 -0.004538 
1910 5.639081 0.000000 0.982411 19.488365 -0.021366 0.722075 -0.005328 
1911 5.592360 0.000000 1.025982 19.495868 0.013226 0.659305 -0.005872 
1912 5.825964 0.000000 0.938840 19.472661 0.011488 0.879816 -0.004378 
1913 5.825964 0.000000 0.851698 19.452296 -0.008987 0.999693 -0.002878 
1914 5.825964 0.000000 1.025982 19.492371 0.012222 0.691026 -0.005624 
1915 5.685802 0.000000 0.982411 19.487602 -0.018700 0.738249 -0.005312 
1916 5.685802 0.000000 0.938840 19.475634 -0.020323 0.861314 -0.004600 
1917 5.732522 0.000000 0.982411 19.486289 -0.016740 0.755123 -0.005243 
1918 5.685802 0.000000 1.025982 19.495845 0.013243 0.672083 -0.005914 
1919 5.825964 0.000000 1.113124 19.500507 0.027243 0.603985 -0.006167 
1920 5.919406 0.000000 1.113124 19.496885 0.028964 0.609134 -0.005810 
1921 5.825964 0.000000 1.200266 19.501279 0.010654 0.541354 -0.006055 
1922 5.779243 0.000000 0.982411 19.484443 -0.014969 0.772378 -0.005122 
1923 5.779243 0.000000 0.938840 19.474349 0.009214 0.869381 -0.004503 
1924 5.825964 0.000000 0.982411 19.482202 -0.012659 0.789751 -0.004963 
1925 5.779243 0.000000 1.025982 19.493958 0.012801 0.684637 -0.005765 
1926 6.012847 0.000000 1.113124 19.492367 0.029255 0.615334 -0.005364 
1927 6.106289 0.000000 1.113124 19.487765 0.028113 0.622872 -0.004915 
1928 6.012847 0.000000 1.200266 19.495298 0.010935 0.538766 -0.005431 
1929 5.966127 0.000000 0.982411 19.473510 0.000586 0.835984 -0.004266 
1930 5.919406 0.000000 0.982411 19.476620 -0.004642 0.822315 -0.004527 
1931 5.966127 0.000000 0.938840 19.465293 0.018416 0.911372 -0.003770 
1932 6.012847 0.000000 0.982411 19.470431 0.005439 0.847359 -0.004000 
1933 5.966127 0.000000 1.025982 19.485325 0.008515 0.711474 -0.004974 
1934 5.872685 0.000000 0.982411 19.479601 -0.009312 0.806559 -0.004766 
1935 5.872685 0.000000 0.938840 19.470511 0.013924 0.890307 -0.004206 
1936 5.872685 0.000000 1.025982 19.490460 0.011340 0.697519 -0.005451 
1937 5.966127 0.000000 1.069553 19.490814 0.032245 0.658598 -0.005351 
1938 5.919406 0.000000 1.069553 19.493315 0.032386 0.653679 -0.005591 
1939 6.012847 0.000000 1.069553 19.488279 0.031552 0.663727 -0.005107 
1940 5.966127 0.000000 1.113124 19.494657 0.029295 0.612068 -0.005590 
1941 5.942766 0.000000 1.004197 19.482344 -0.004007 0.747539 -0.004806 
1942 5.919406 0.000000 1.004197 19.483861 -0.004618 0.741102 -0.004937 
1943 5.942766 0.000000 0.982411 19.475081 -0.002038 0.829457 -0.004399 
1944 5.966127 0.000000 1.004197 19.480754 -0.003567 0.754323 -0.004669 
1945 5.942766 0.000000 1.025982 19.486685 0.009339 0.707869 -0.005101 
1946 6.059568 0.000000 0.982411 19.467410 0.008757 0.856855 -0.003732 
1947 6.059568 0.000000 0.938840 19.459146 0.021396 0.932340 -0.003240 
1948 6.106289 0.000000 0.982411 19.465418 0.035245 0.853450 -0.003515 
1949 6.059568 0.000000 1.025982 19.479531 0.004870 0.726862 -0.004436 
1950 6.199731 0.000000 1.113124 19.483630 0.025733 0.631968 -0.004519 
1951 6.293172 0.000000 1.113124 19.479325 0.021784 0.642002 -0.004108 
1952 6.199731 0.000000 1.200266 19.488736 0.008442 0.541191 -0.004761 
1953 6.059568 0.000000 1.069553 19.485657 0.030295 0.669215 -0.004856 
1954 6.106289 0.000000 1.069553 19.483104 0.028539 0.674958 -0.004613 
1955 6.059568 0.000000 1.113124 19.490051 0.028799 0.618889 -0.005137 
1956 6.036208 0.000000 1.004197 19.475690 -0.003131 0.776501 -0.004237 
1957 6.012847 0.000000 1.004197 19.477451 -0.003161 0.768885 -0.004387 
1958 6.036208 0.000000 0.982411 19.468867 0.007340 0.852257 -0.003861 
1959 6.059568 0.000000 1.004197 19.473971 -0.003224 0.784374 -0.004093 
1960 6.036208 0.000000 1.025982 19.480984 0.005810 0.722760 -0.004570 
1961 6.153010 0.000000 0.982411 19.462536 0.034871 0.862133 -0.003257 
1962 6.153010 0.000000 0.938840 19.452922 0.022569 0.953661 -0.002706 
1963 6.199731 0.000000 0.982411 19.459999 0.033251 0.871583 -0.003039 
1964 6.153010 0.000000 1.025982 19.473646 0.001121 0.746122 -0.003905 
1965 6.153010 0.000000 1.069553 19.480683 0.026261 0.680971 -0.004385 
1966 6.199731 0.000000 1.069553 19.478426 0.023407 0.687359 -0.004175 
1967 6.153010 0.000000 1.113124 19.485646 0.027090 0.627214 -0.004711 
1968 6.129650 0.000000 1.004197 19.468502 -0.003138 0.809149 -0.003634 
1969 6.106289 0.000000 1.004197 19.470233 -0.003366 0.800669 -0.003776 
1970 6.129650 0.000000 0.982411 19.463905 0.035247 0.857643 -0.003378 
1971 6.153010 0.000000 1.004197 19.466824 -0.002721 0.817611 -0.003498 
1972 6.129650 0.000000 1.025982 19.475073 0.002084 0.740850 -0.004031 
1973 6.386614 0.000000 1.113124 19.475942 0.016401 0.653042 -0.003797 
1974 6.386614 0.000000 1.025982 19.459398 -0.011310 0.818548 -0.002738 
1975 6.480056 0.000000 1.113124 19.473184 0.009590 0.664697 -0.003554 
1976 6.386614 0.000000 1.200266 19.483273 0.019711 0.544478 -0.004209 
1977 6.573498 0.000000 1.113124 19.470392 0.001532 0.676521 -0.003308 
1978 6.573498 0.000000 1.025982 19.451567 -0.015076 0.872432 -0.002174 
1979 6.573498 0.000000 1.200266 19.478671 0.012519 0.556080 -0.003768 
1980 6.573498 0.000000 0.938840 19.431551 0.001971 1.054495 -0.001043 
1981 6.480056 0.000000 0.938840 19.435134 0.009742 1.031348 -0.001284 
1982 6.573498 0.000000 0.851698 19.412234 -0.033040 1.162539 0.000304 
1983 6.666939 0.000000 0.938840 19.428144 -0.007068 1.077677 -0.000824 
1984 6.620218 0.000000 1.069553 19.462221 -0.022265 0.756850 -0.002773 
1985 6.573498 0.000000 1.069553 19.463957 -0.016180 0.746937 -0.002911 
1986 6.620218 0.000000 1.025982 19.450174 -0.018931 0.882343 -0.002077 
1987 6.666939 0.000000 1.069553 19.460525 -0.028436 0.767821 -0.002643 
1988 6.620218 0.000000 1.113124 19.469058 -0.002845 0.682544 -0.003192 
1989 6.526777 0.000000 1.069553 19.465432 -0.010217 0.737900 -0.003027 
1990 6.480056 0.000000 1.069553 19.467037 -0.004469 0.729644 -0.003160 
1991 6.526777 0.000000 1.025982 19.453246 -0.013060 0.861904 -0.002298 
1992 6.526777 0.000000 1.113124 19.471766 0.005696 0.670586 -0.003428 
1993 6.760381 0.000000 0.938840 19.425342 -0.016746 1.101002 -0.000671 
1994 6.760381 0.000000 0.851698 19.405743 -0.049530 1.205792 0.000696 
1995 6.853823 0.000000 0.938840 19.422827 -0.026380 1.124279 -0.000551 
1996 6.620218 0.000000 0.982411 19.440819 -0.003413 0.973210 -0.001560 
1997 6.573498 0.000000 0.982411 19.442552 0.001585 0.961266 -0.001677 
1998 6.620218 0.000000 0.938840 19.429903 -0.002432 1.066101 -0.000939 
1999 6.666939 0.000000 0.982411 19.439117 -0.008505 0.985147 -0.001447 
2000 6.596858 0.000000 1.047768 19.457050 -0.027710 0.814039 -0.002479 
2001 6.573498 0.000000 1.047768 19.458031 -0.025506 0.806052 -0.002545 
2002 6.596858 0.000000 1.025982 19.450881 -0.016803 0.877410 -0.002126 
2003 6.620218 0.000000 1.047768 19.455941 -0.029595 0.822046 -0.002400 
2004 6.596858 0.000000 1.069553 19.463091 -0.019205 0.751753 -0.002841 
2005 6.713660 0.000000 1.069553 19.458930 -0.034642 0.780145 -0.002530 
2006 6.713660 0.000000 1.025982 19.448517 -0.005376 0.890260 -0.001943 
2007 6.760381 0.000000 1.069553 19.457236 -0.040621 0.793532 -0.002413 
2008 6.713660 0.000000 1.113124 19.466601 -0.012358 0.694507 -0.002983 
2009 6.947264 0.000000 1.113124 19.462111 -0.038540 0.725928 -0.002643 
2010 6.947264 0.000000 1.025982 19.442939 -0.032899 0.947071 -0.001648 
2011 6.947264 0.000000 1.200266 19.471211 -0.018691 0.590761 -0.003106 
2012 6.807102 0.000000 1.069553 19.455503 -0.045839 0.808176 -0.002298 
2013 6.807102 0.000000 1.025982 19.446007 -0.017246 0.912439 -0.001791 
2014 6.853823 0.000000 1.069553 19.453893 -0.049555 0.823473 -0.002199 
2015 6.807102 0.000000 1.113124 19.464447 -0.022519 0.706676 -0.002808 
2016 6.947264 0.000000 0.938840 19.421066 -0.035261 1.147713 -0.000512 
2017 6.947264 0.000000 0.851698 19.401084 -0.067734 1.249570 0.000884 
2018 7.040706 0.000000 0.938840 19.419741 -0.042867 1.171196 -0.000522 
2019 6.900543 0.000000 1.069553 19.452447 -0.051180 0.838583 -0.002117 
2020 6.900543 0.000000 1.025982 19.443849 -0.028084 0.935396 -0.001683 
2021 6.947264 0.000000 1.069553 19.451232 -0.050984 0.851824 -0.002052 
2022 6.900543 0.000000 1.113124 19.462817 -0.033118 0.719251 -0.002689 
2023 6.993985 0.000000 1.069553 19.450406 -0.050519 0.862295 -0.002014 
2024 6.993985 0.000000 1.025982 19.442148 -0.037201 0.958711 -0.001626 
2025 7.040706 0.000000 1.069553 19.449901 -0.051310 0.870717 -0.002001 
2026 6.993985 0.000000 1.113124 19.461492 -0.044021 0.733061 -0.002608 
2027 5.732522 0.000000 5.208806 19.451064 0.006616 0.003303 -0.000110 
2028 5.732522 0.000000 6.603080 19.450843 0.000253 0.001481 -0.000087 
2029 6.480056 0.000000 3.117394 19.454785 0.003033 0.012962 -0.000493 
2030 5.732522 0.000000 3.117394 19.454562 -0.003729 0.016004 -0.000470 
2031 6.480056 0.000000 3.814531 19.454701 0.000128 0.008679 -0.000484 
2032 6.853823 0.000000 2.071688 19.465042 0.012453 0.125497 -0.001589 
2033 6.480056 0.000000 2.071688 19.465387 0.011915 0.127860 -0.001626 
2034 7.227589 0.000000 2.071688 19.463050 0.061655 0.097013 -0.001377 
2035 6.853823 0.000000 2.420257 19.460461 -0.001800 0.035971 -0.001079 
2036 7.040706 0.000000 1.548835 19.478666 -0.021822 0.291519 -0.003176 
2037 6.853823 0.000000 1.548835 19.480549 -0.021056 0.293400 -0.003372 
2038 7.227589 0.000000 1.548835 19.476951 -0.023201 0.290657 -0.002998 
2039 7.040706 0.000000 1.723119 19.476515 -0.020742 0.207522 -0.002843 
2040 6.947264 0.000000 1.287409 19.476313 -0.005315 0.478974 -0.003314 
2041 6.853823 0.000000 1.287409 19.477834 -0.003662 0.475273 -0.003461 
2042 7.040706 0.000000 1.287409 19.474983 -0.006895 0.483211 -0.003188 
2043 6.947264 0.000000 1.374551 19.481169 -0.011056 0.394157 -0.003619 
2044 6.900543 0.000000 1.156695 19.467795 -0.018347 0.649918 -0.002948 
2045 6.853823 0.000000 1.156695 19.468618 -0.015572 0.644999 -0.003016 
2046 6.947264 0.000000 1.156695 19.467081 -0.021158 0.654734 -0.002892 
2047 6.900543 0.000000 1.200266 19.471583 -0.000361 0.582484 -0.003117 
2048 6.923904 0.000000 1.091339 19.458373 -0.049851 0.772399 -0.002445 
2049 6.900543 0.000000 1.091339 19.458941 -0.046831 0.766763 -0.002480 
2050 6.923904 0.000000 1.069553 19.451792 -0.051226 0.845538 -0.002081 
2051 6.947264 0.000000 1.091339 19.457835 -0.052789 0.778337 -0.002415 
2052 6.923904 0.000000 1.113124 19.462450 -0.035840 0.722541 -0.002664 
2053 7.134148 0.000000 0.938840 19.418869 -0.048951 1.194702 -0.000581 
2054 7.134148 0.000000 0.851698 19.398480 -0.081900 1.294647 0.000842 
2055 7.227589 0.000000 0.938840 19.418177 -0.053663 1.218189 -0.000661 
2056 7.087427 0.000000 1.069553 19.449412 -0.053945 0.878824 -0.001989 
2057 7.087427 0.000000 1.025982 19.440807 -0.044390 0.981748 -0.001608 
2058 7.134148 0.000000 1.069553 19.448899 -0.057548 0.887325 -0.001977 
2059 7.087427 0.000000 1.113124 19.460317 -0.055527 0.749167 -0.002553 
2060 7.134148 0.000000 1.287409 19.473731 -0.008568 0.487797 -0.003071 
2061 7.227589 0.000000 1.287409 19.472580 -0.010273 0.492428 -0.002964 
2062 7.134148 0.000000 1.374551 19.479198 -0.013508 0.396805 -0.003421 
2063 7.087427 0.000000 1.156695 19.465463 -0.029769 0.667988 -0.002772 
2064 7.040706 0.000000 1.156695 19.465926 -0.026771 0.663814 -0.002805 
2065 7.134148 0.000000 1.156695 19.465056 -0.032906 0.672006 -0.002745 
2066 7.087427 0.000000 1.200266 19.469099 -0.023108 0.602615 -0.002926 
2067 7.064066 0.000000 1.091339 19.454963 -0.064147 0.813533 -0.002271 
2068 7.040706 0.000000 1.091339 19.455593 -0.062686 0.805802 -0.002302 
2069 7.064066 0.000000 1.069553 19.449703 -0.052440 0.874710 -0.001999 
2070 7.087427 0.000000 1.091339 19.454279 -0.064803 0.821472 -0.002235 
2071 7.064066 0.000000 1.113124 19.460635 -0.052561 0.744811 -0.002568 
2072 7.507914 0.000000 1.113124 19.452510 -0.061741 0.840760 -0.002137 
2073 7.507914 0.000000 1.025982 19.435697 -0.063040 1.077902 -0.001612 
2074 7.507914 0.000000 1.200266 19.466036 -0.040424 0.631689 -0.002709 
2075 7.601356 0.000000 2.071688 19.465613 0.055286 0.099253 -0.001640 
2076 7.601356 0.000000 2.420257 19.462492 -0.000818 0.031860 -0.001288 
2077 7.414473 0.000000 1.548835 19.476050 -0.025058 0.290679 -0.002905 
2078 7.601356 0.000000 1.548835 19.475526 -0.027849 0.290634 -0.002852 
2079 7.414473 0.000000 1.723119 19.474908 -0.018232 0.204831 -0.002675 
2080 7.321031 0.000000 1.287409 19.471615 -0.012264 0.497172 -0.002878 
2081 7.414473 0.000000 1.287409 19.471034 -0.014556 0.502141 -0.002831 
2082 7.321031 0.000000 1.374551 19.477742 -0.012606 0.402035 -0.003282 
2083 7.367752 0.000000 1.156695 19.463286 -0.054252 0.691905 -0.002640 
2084 7.321031 0.000000 1.156695 19.463542 -0.049190 0.687459 -0.002649 
2085 7.367752 0.000000 1.113124 19.452497 -0.064219 0.832480 -0.002100 
2086 7.414473 0.000000 1.156695 19.462941 -0.059725 0.696961 -0.002625 
2087 7.367752 0.000000 1.200266 19.466350 -0.032771 0.623062 -0.002711 
2088 7.321031 0.000000 0.938840 19.417266 -0.057430 1.241327 -0.000719 
2089 7.321031 0.000000 0.851698 19.396802 -0.089493 1.340662 0.000690 
2090 7.414473 0.000000 0.938840 19.416419 -0.060536 1.264291 -0.000785 
2091 7.367752 0.000000 1.069553 19.445607 -0.074940 0.936536 -0.001882 
2092 7.321031 0.000000 1.069553 19.446306 -0.072162 0.926391 -0.001902 
2093 7.367752 0.000000 1.025982 19.437200 -0.058249 1.047149 -0.001592 
2094 7.414473 0.000000 1.069553 19.445030 -0.077503 0.946715 -0.001874 
2095 7.507914 0.000000 1.287409 19.470743 -0.017045 0.507215 -0.002815 
2096 7.601356 0.000000 1.287409 19.470732 -0.020161 0.512175 -0.002827 
2097 7.507914 0.000000 1.374551 19.476923 -0.016830 0.406704 -0.003208 
2098 7.461194 0.000000 1.156695 19.462721 -0.065624 0.702868 -0.002626 
2099 7.461194 0.000000 1.113124 19.452622 -0.057307 0.836558 -0.002128 
2100 7.507914 0.000000 1.156695 19.462204 -0.072084 0.709824 -0.002601 
2101 7.461194 0.000000 1.200266 19.466135 -0.037593 0.628877 -0.002709 
2102 7.391112 0.000000 1.134910 19.459412 -0.078250 0.751199 -0.002476 
2103 7.367752 0.000000 1.134910 19.459913 -0.074795 0.745318 -0.002503 
2104 7.391112 0.000000 1.113124 19.452253 -0.059540 0.834851 -0.002083 
2105 7.414473 0.000000 1.134910 19.458845 -0.081783 0.757898 -0.002446 
2106 7.391112 0.000000 1.156695 19.463122 -0.056942 0.694354 -0.002633 
2107 7.554635 0.000000 1.156695 19.461635 -0.079128 0.718239 -0.002577 
2108 7.554635 0.000000 1.113124 19.452249 -0.066765 0.847527 -0.002142 
2109 7.601356 0.000000 1.156695 19.461005 -0.086940 0.728601 -0.002555 
2110 7.554635 0.000000 1.200266 19.466055 -0.043667 0.634485 -0.002721 
2111 7.507914 0.000000 0.938840 19.415614 -0.063038 1.286935 -0.000856 
2112 7.507914 0.000000 0.851698 19.395537 -0.091627 1.386467 0.000489 
2113 7.601356 0.000000 0.938840 19.415141 -0.065035 1.309483 -0.000963 
2114 7.554635 0.000000 1.069553 19.443465 -0.083721 0.976741 -0.001868 
2115 7.507914 0.000000 1.069553 19.443962 -0.081824 0.966808 -0.001868 
2116 7.554635 0.000000 1.025982 19.435255 -0.064411 1.088082 -0.001625 
2117 7.601356 0.000000 1.069553 19.443050 -0.085374 0.986548 -0.001877 
2118 7.531275 0.000000 1.134910 19.454022 -0.084823 0.810604 -0.002170 
2119 7.507914 0.000000 1.134910 19.455290 -0.089485 0.797827 -0.002248 
2120 7.531275 0.000000 1.113124 19.452366 -0.064303 0.843873 -0.002137 
2121 7.554635 0.000000 1.134910 19.453049 -0.075156 0.820557 -0.002108 
2122 7.531275 0.000000 1.156695 19.461896 -0.075513 0.713853 -0.002586 
2123 7.788239 0.000000 1.548835 19.475197 -0.031246 0.290327 -0.002818 
2124 7.975123 0.000000 1.548835 19.474298 -0.034925 0.289575 -0.002725 
2125 7.788239 0.000000 1.723119 19.473676 -0.022387 0.200589 -0.002544 
2126 7.694798 0.000000 1.287409 19.470647 -0.023712 0.516996 -0.002832 
2127 7.788239 0.000000 1.287409 19.470694 -0.027443 0.521595 -0.002850 
2128 7.694798 0.000000 1.374551 19.476766 -0.025758 0.408250 -0.003196 
2129 7.648077 0.000000 1.156695 19.460124 -0.095963 0.742113 -0.002521 
2130 7.648077 0.000000 1.113124 19.451607 -0.075244 0.864609 -0.002156 
2131 7.694798 0.000000 1.156695 19.458683 -0.105653 0.762390 -0.002459 
2132 7.648077 0.000000 1.200266 19.466182 -0.051311 0.640380 -0.002756 
2133 7.881681 0.000000 1.113124 19.450775 -0.087874 0.910527 -0.002292 
2134 7.881681 0.000000 1.025982 19.433278 -0.091834 1.171392 -0.001931 
2135 7.881681 0.000000 1.200266 19.466397 -0.075920 0.660149 -0.002854 
2136 7.741519 0.000000 1.156695 19.455896 -0.107135 0.795948 -0.002311 
2137 7.741519 0.000000 1.113124 19.451042 -0.081486 0.883078 -0.002186 
2138 7.788239 0.000000 1.156695 19.453307 -0.071676 0.825256 -0.002154 
2139 7.741519 0.000000 1.200266 19.466393 -0.060216 0.647125 -0.002803 
2140 7.881681 0.000000 1.287409 19.470735 -0.031556 0.525729 -0.002866 
2141 7.975123 0.000000 1.287409 19.470486 -0.035873 0.529371 -0.002852 
2142 7.881681 0.000000 1.374551 19.479551 -0.043234 0.411938 -0.003494 
2143 7.834960 0.000000 1.156695 19.455710 -0.045947 0.805281 -0.002307 
2144 7.834960 0.000000 1.113124 19.450799 -0.085917 0.901489 -0.002250 
2145 7.881681 0.000000 1.156695 19.457521 -0.052468 0.791957 -0.002439 
2146 7.834960 0.000000 1.200266 19.466418 -0.070363 0.655371 -0.002837 
2147 7.928402 0.000000 1.156695 19.458317 -0.062493 0.791517 -0.002522 
2148 7.928402 0.000000 1.113124 19.450857 -0.089633 0.919473 -0.002344 
2149 7.975123 0.000000 1.156695 19.458520 -0.070682 0.796195 -0.002565 
2150 7.928402 0.000000 1.200266 19.466239 -0.081875 0.665422 -0.002859 
2151 7.834960 0.000000 1.243838 19.469141 -0.048886 0.587886 -0.002889 
2152 7.788239 0.000000 1.243838 19.469109 -0.046108 0.585604 -0.002878 
2153 7.881681 0.000000 1.243838 19.469234 -0.051813 0.590193 -0.002907 
2154 7.834960 0.000000 1.287409 19.470758 -0.029473 0.523716 -0.002863 
2155 7.858321 0.000000 1.178481 19.463052 -0.101475 0.714198 -0.002718 
2156 7.834960 0.000000 1.178481 19.463268 -0.096665 0.708779 -0.002717 
2157 7.858321 0.000000 1.156695 19.456787 -0.047750 0.796366 -0.002380 
2158 7.881681 0.000000 1.178481 19.462775 -0.106917 0.720500 -0.002717 
2159 7.858321 0.000000 1.200266 19.466425 -0.073111 0.657709 -0.002847 
2160 8.162006 0.000000 1.548835 19.472887 -0.038335 0.288686 -0.002579 
2161 8.162006 0.000000 1.723119 19.471351 -0.026839 0.196149 -0.002300 
2162 8.068564 0.000000 1.287409 19.469343 -0.036258 0.534599 -0.002749 
2163 8.162006 0.000000 1.287409 19.468447 -0.041470 0.537124 -0.002665 
2164 8.068564 0.000000 1.374551 19.477756 -0.050148 0.414519 -0.003317 
2165 8.021844 0.000000 1.156695 19.458667 -0.077062 0.802600 -0.002610 
2166 8.021844 0.000000 1.113124 19.451137 -0.092827 0.936705 -0.002459 
2167 8.068564 0.000000 1.156695 19.458665 -0.082317 0.809684 -0.002642 
2168 8.021844 0.000000 1.200266 19.465872 -0.095436 0.677649 -0.002871 
2169 8.021844 0.000000 1.243838 19.469242 -0.061985 0.596419 -0.002930 
2170 7.975123 0.000000 1.243838 19.469275 -0.058333 0.594406 -0.002926 
2171 8.068564 0.000000 1.243838 19.469116 -0.065824 0.598352 -0.002924 
2172 8.021844 0.000000 1.287409 19.470321 -0.038165 0.530909 -0.002840 
2173 7.998483 0.000000 1.178481 19.456416 -0.128619 0.806031 -0.002421 
2174 7.975123 0.000000 1.178481 19.458992 -0.133824 0.773734 -0.002555 
2175 7.998483 0.000000 1.156695 19.458610 -0.074053 0.799267 -0.002589 
2176 8.021844 0.000000 1.178481 19.453928 -0.094587 0.834874 -0.002270 
2177 7.998483 0.000000 1.200266 19.465958 -0.091774 0.674403 -0.002866 
2178 8.255448 0.000000 1.287409 19.467226 -0.047306 0.539253 -0.002547 
2179 8.255448 0.000000 1.200266 19.455049 -0.136168 0.801089 -0.002265 
2180 8.348890 0.000000 1.287409 19.466073 -0.053410 0.539279 -0.002430 
2181 8.255448 0.000000 1.374551 19.474861 -0.056854 0.416255 -0.003025 
2182 8.255448 0.000000 1.113124 19.450673 -0.100555 0.975913 -0.002614 
2183 8.255448 0.000000 1.025982 19.435258 -0.089255 1.248880 -0.002629 
2184 8.348890 0.000000 1.113124 19.449084 -0.104860 0.990292 -0.002527 
2185 8.442331 0.000000 1.287409 19.464593 -0.061874 0.541997 -0.002288 
2186 8.442331 0.000000 1.200266 19.458415 -0.084875 0.736991 -0.002320 
2187 8.442331 0.000000 1.374551 19.471933 -0.061837 0.421500 -0.002736 
2188 8.302169 0.000000 1.243838 19.466381 -0.089289 0.609401 -0.002688 
2189 8.255448 0.000000 1.243838 19.467152 -0.083830 0.606838 -0.002756 
2190 8.302169 0.000000 1.200266 19.456143 -0.051923 0.791530 -0.002295 
2191 8.348890 0.000000 1.243838 19.465343 -0.094991 0.612305 -0.002593 
2192 8.302169 0.000000 1.287409 19.466695 -0.047491 0.538709 -0.002491 
2193 8.535773 0.000000 0.851698 19.400164 0.016878 1.617713 -0.001800 
2194 8.535773 0.000000 0.677414 19.385284 0.094103 1.292534 0.002204 
2195 8.722656 0.000000 0.851698 19.400340 0.033065 1.641596 -0.002026 
2196 8.442331 0.000000 1.113124 19.446681 -0.110990 1.004434 -0.002358 
2197 8.442331 0.000000 1.025982 19.432314 -0.089751 1.283644 -0.002559 
2198 8.535773 0.000000 1.113124 19.444472 -0.119338 1.018889 -0.002213 
2199 8.302169 0.000000 1.156695 19.456376 -0.101393 0.844388 -0.002568 
2200 8.255448 0.000000 1.156695 19.457240 -0.097884 0.837772 -0.002625 
2201 8.302169 0.000000 1.113124 19.450013 -0.102523 0.983163 -0.002584 
2202 8.348890 0.000000 1.156695 19.455382 -0.105128 0.850899 -0.002497 
2203 8.395610 0.000000 1.243838 19.464346 -0.101263 0.615583 -0.002504 
2204 8.395610 0.000000 1.200266 19.459050 -0.071879 0.737164 -0.002381 
2205 8.442331 0.000000 1.243838 19.463361 -0.107961 0.619401 -0.002419 
2206 8.395610 0.000000 1.287409 19.465245 -0.057456 0.540573 -0.002349 
2207 8.325529 0.000000 1.222052 19.463882 -0.115861 0.659947 -0.002615 
2208 8.302169 0.000000 1.222052 19.464509 -0.111488 0.656845 -0.002666 
2209 8.325529 0.000000 1.200266 19.457921 -0.048143 0.764233 -0.002365 
2210 8.348890 0.000000 1.222052 19.463238 -0.120627 0.663431 -0.002564 
2211 8.325529 0.000000 1.243838 19.465873 -0.092103 0.610797 -0.002641 
2212 8.489052 0.000000 1.243838 19.462685 -0.115229 0.623656 -0.002368 
2213 8.489052 0.000000 1.200266 19.457622 -0.095507 0.739995 -0.002256 
2214 8.535773 0.000000 1.243838 19.462117 -0.122977 0.628592 -0.002331 
2215 8.489052 0.000000 1.287409 19.464108 -0.061226 0.545710 -0.002248 
2216 8.629215 0.000000 1.113124 19.443866 -0.129599 1.034505 -0.002243 
2217 8.629215 0.000000 1.025982 19.427995 -0.096217 1.316423 -0.002344 
2218 8.722656 0.000000 1.113124 19.445834 -0.139663 1.051660 -0.002547 
2219 8.489052 0.000000 1.156695 19.451939 -0.118561 0.870316 -0.002239 
2220 8.442331 0.000000 1.156695 19.453018 -0.113644 0.863776 -0.002317 
2221 8.489052 0.000000 1.113124 19.445442 -0.114832 1.011511 -0.002271 
2222 8.535773 0.000000 1.156695 19.451158 -0.124030 0.877197 -0.002194 
2223 8.465692 0.000000 1.222052 19.459180 -0.151690 0.694905 -0.002281 
2224 8.442331 0.000000 1.222052 19.460084 -0.144672 0.685222 -0.002334 
2225 8.465692 0.000000 1.200266 19.458014 -0.090362 0.738235 -0.002286 
2226 8.489052 0.000000 1.222052 19.457970 -0.158004 0.708387 -0.002212 
2227 8.465692 0.000000 1.243838 19.463031 -0.111528 0.621442 -0.002394 
2228 8.582494 0.000000 1.243838 19.462055 -0.131159 0.634070 -0.002348 
2229 8.582494 0.000000 1.200266 19.457114 -0.113410 0.750017 -0.002253 
2230 8.629215 0.000000 1.243838 19.462323 -0.139700 0.640240 -0.002403 
2231 8.582494 0.000000 1.287409 19.466935 -0.086586 0.549029 -0.002559 
2232 8.816098 0.000000 1.287409 19.472172 -0.115480 0.554088 -0.003128 
2233 8.816098 0.000000 1.200266 19.463440 -0.147158 0.779455 -0.003046 
2234 8.816098 0.000000 1.374551 19.472583 -0.073390 0.414241 -0.002791 
2235 8.675935 0.000000 1.243838 19.462957 -0.148234 0.647294 -0.002498 
2236 8.675935 0.000000 1.200266 19.458552 -0.128821 0.761977 -0.002458 
2237 8.722656 0.000000 1.243838 19.463886 -0.156451 0.655737 -0.002630 
2238 8.675935 0.000000 1.287409 19.467988 -0.097427 0.552809 -0.002683 
2239 8.909540 0.000000 0.851698 19.404561 0.021278 1.677046 -0.002769 
2240 8.909540 0.000000 0.677414 19.395387 0.112003 1.299707 0.001109 
2241 9.096423 0.000000 0.851698 19.410144 0.030832 1.696614 -0.003517 
2242 8.816098 0.000000 1.113124 19.449856 -0.147393 1.069544 -0.003066 
2243 8.816098 0.000000 1.025982 19.431438 -0.103464 1.353714 -0.002965 
2244 8.909540 0.000000 1.113124 19.454078 -0.152296 1.087459 -0.003607 
2245 8.675935 0.000000 1.156695 19.452047 -0.141631 0.898988 -0.002400 
2246 8.629215 0.000000 1.156695 19.451137 -0.135744 0.891453 -0.002266 
2247 8.675935 0.000000 1.113124 19.444512 -0.134813 1.042926 -0.002359 
2248 8.722656 0.000000 1.156695 19.453478 -0.147177 0.906633 -0.002588 
2249 8.769377 0.000000 1.243838 19.464353 -0.149364 0.663026 -0.002697 
2250 8.769377 0.000000 1.200266 19.461641 -0.141715 0.773877 -0.002834 
2251 8.816098 0.000000 1.243838 19.468214 -0.169018 0.673753 -0.003149 
2252 8.769377 0.000000 1.287409 19.471175 -0.111080 0.552846 -0.003019 
2253 8.699296 0.000000 1.222052 19.460660 -0.103769 0.725457 -0.002516 
2254 8.675935 0.000000 1.222052 19.459766 -0.098740 0.729526 -0.002437 
2255 8.699296 0.000000 1.200266 19.459108 -0.132250 0.765081 -0.002530 
2256 8.722656 0.000000 1.222052 19.461671 -0.108875 0.723197 -0.002614 
2257 8.699296 0.000000 1.243838 19.463436 -0.152402 0.651351 -0.002565 
2258 9.002981 0.000000 1.113124 19.457531 -0.155354 1.104906 -0.004065 
2259 9.002981 0.000000 1.025982 19.438892 -0.098673 1.395608 -0.004032 
2260 9.096423 0.000000 1.113124 19.459794 -0.157845 1.122065 -0.004401 
2261 8.956261 0.000000 1.243838 19.471000 -0.149801 0.690616 -0.003481 
2262 8.909540 0.000000 1.243838 19.469970 -0.155985 0.687377 -0.003368 
2263 8.956261 0.000000 1.200266 19.470404 -0.167984 0.791554 -0.003830 
2264 9.002981 0.000000 1.243838 19.472571 -0.139530 0.687132 -0.003622 
2265 8.956261 0.000000 1.287409 19.476280 -0.125797 0.540387 -0.003518 
2266 9.189865 0.000000 1.287409 19.476656 -0.137471 0.537731 -0.003557 
2267 9.189865 0.000000 1.200266 19.473923 -0.176582 0.797719 -0.004226 
2268 9.189865 0.000000 1.374551 19.471232 -0.077660 0.401669 -0.002627 
2269 9.049702 0.000000 1.243838 19.473327 -0.138968 0.684574 -0.003690 
2270 9.049702 0.000000 1.200266 19.471900 -0.170773 0.790180 -0.003981 
2271 9.096423 0.000000 1.243838 19.473889 -0.139607 0.681794 -0.003738 
2272 9.049702 0.000000 1.287409 19.476580 -0.131057 0.540266 -0.003552 
2273 9.283306 0.000000 0.851698 19.410381 0.043571 1.715422 -0.003714 
2274 9.283306 0.000000 0.677414 19.401218 0.103239 1.309244 0.000451 
2275 9.470190 0.000000 0.851698 19.405673 0.065748 1.732984 -0.003397 
2276 9.189865 0.000000 1.113124 19.461109 -0.160679 1.139369 -0.004642 
2277 9.189865 0.000000 1.025982 19.442009 -0.085626 1.438069 -0.004665 
2278 9.283306 0.000000 1.113124 19.463938 -0.172653 1.154473 -0.005036 
2279 9.143144 0.000000 1.243838 19.474698 -0.141881 0.679109 -0.003814 
2280 9.143144 0.000000 1.200266 19.473311 -0.178449 0.796530 -0.004160 
2281 9.189865 0.000000 1.243838 19.475228 -0.145285 0.676673 -0.003862 
2282 9.143144 0.000000 1.287409 19.476586 -0.135321 0.538917 -0.003552 
2283 9.002981 0.000000 1.461693 19.474428 -0.044457 0.329528 -0.002806 
2284 8.909540 0.000000 1.461693 19.474278 -0.043997 0.334306 -0.002799 
2285 9.096423 0.000000 1.461693 19.473864 -0.043769 0.326221 -0.002742 
2286 9.002981 0.000000 1.548835 19.469060 -0.043316 0.278879 -0.002171 
2287 9.049702 0.000000 1.330980 19.474173 -0.097794 0.467039 -0.003089 
2288 9.002981 0.000000 1.330980 19.474325 -0.096397 0.468440 -0.003107 
2289 9.096423 0.000000 1.330980 19.473919 -0.098947 0.465427 -0.003060 
2290 9.049702 0.000000 1.374551 19.472612 -0.077587 0.407504 -0.002781 
2291 9.073063 0.000000 1.265623 19.476485 -0.152707 0.594743 -0.003722 
2292 9.049702 0.000000 1.265623 19.473987 -0.147419 0.601660 -0.003482 
2293 9.073063 0.000000 1.243838 19.473662 -0.139164 0.683198 -0.003720 
2294 9.096423 0.000000 1.265623 19.476592 -0.153805 0.595352 -0.003736 
2295 9.073063 0.000000 1.287409 19.476596 -0.132175 0.540067 -0.003554 
2296 9.026342 0.000000 1.265623 19.473872 -0.146128 0.600842 -0.003467 
2297 9.002981 0.000000 1.265623 19.473741 -0.144733 0.599952 -0.003450 
2298 9.026342 0.000000 1.243838 19.473035 -0.139087 0.685935 -0.003665 
2299 9.026342 0.000000 1.287409 19.476564 -0.129869 0.540388 -0.003550 
2300 9.049702 0.000000 1.156695 19.465646 -0.172652 0.954883 -0.004099 
2301 9.002981 0.000000 1.156695 19.464502 -0.169833 0.948708 -0.003947 
2302 9.049702 0.000000 1.113124 19.458779 -0.156589 1.113527 -0.004245 
2303 9.096423 0.000000 1.156695 19.468848 -0.183525 0.958309 -0.004456 
2304 9.073063 0.000000 1.222052 19.473364 -0.143518 0.726217 -0.003852 
2305 9.049702 0.000000 1.222052 19.473148 -0.141485 0.725306 -0.003825 
2306 9.073063 0.000000 1.200266 19.472199 -0.172561 0.791834 -0.004020 
2307 9.096423 0.000000 1.222052 19.473665 -0.145603 0.727116 -0.003889 
2308 9.061382 0.000000 1.254730 19.473566 -0.156253 0.642873 -0.003582 
2309 9.049702 0.000000 1.254730 19.473449 -0.156177 0.642211 -0.003567 
2310 9.061382 0.000000 1.243838 19.473504 -0.139030 0.683888 -0.003706 
2311 9.073063 0.000000 1.254730 19.473657 -0.156306 0.643485 -0.003593 
2312 9.061382 0.000000 1.265623 19.476415 -0.152133 0.594417 -0.003713 
2313 9.376748 0.000000 1.113124 19.464730 -0.178081 1.173260 -0.005238 
2314 9.376748 0.000000 1.025982 19.441392 -0.069988 1.483704 -0.004947 
2315 9.470190 0.000000 1.113124 19.466455 -0.186089 1.192247 -0.005542 
2316 9.330027 0.000000 1.243838 19.478779 -0.163249 0.662032 -0.004190 
2317 9.283306 0.000000 1.243838 19.478580 -0.157880 0.664194 -0.004173 
2318 9.330027 0.000000 1.200266 19.475446 -0.183519 0.810411 -0.004443 
2319 9.376748 0.000000 1.243838 19.478781 -0.168905 0.660015 -0.004189 
2320 9.330027 0.000000 1.287409 19.476851 -0.145141 0.531638 -0.003566 
2321 9.236586 0.000000 1.243838 19.478050 -0.153099 0.666366 -0.004122 
2322 9.236586 0.000000 1.200266 19.474557 -0.172223 0.804389 -0.004316 
2323 9.236586 0.000000 1.287409 19.476762 -0.139724 0.536137 -0.003565 
2324 9.376748 0.000000 1.461693 19.470003 -0.038341 0.315127 -0.002324 
2325 9.283306 0.000000 1.461693 19.471704 -0.040644 0.319022 -0.002506 
2326 9.470190 0.000000 1.461693 19.467726 -0.035391 0.311112 -0.002083 
2327 9.376748 0.000000 1.548835 19.464938 -0.041467 0.266752 -0.001729 
2328 9.330027 0.000000 1.330980 19.472372 -0.102974 0.453030 -0.002872 
2329 9.283306 0.000000 1.330980 19.472701 -0.102204 0.456252 -0.002914 
2330 9.376748 0.000000 1.330980 19.473325 -0.106654 0.445344 -0.002954 
2331 9.330027 0.000000 1.374551 19.469351 -0.076079 0.394156 -0.002417 
2332 9.306667 0.000000 1.265623 19.477764 -0.164246 0.594733 -0.003863 
2333 9.283306 0.000000 1.265623 19.477674 -0.162781 0.595314 -0.003855 
2334 9.306667 0.000000 1.243838 19.478712 -0.160524 0.663110 -0.004185 
2335 9.330027 0.000000 1.265623 19.477781 -0.165810 0.594019 -0.003864 
2336 9.306667 0.000000 1.287409 19.476897 -0.143641 0.532908 -0.003573 
2337 9.563631 0.000000 1.287409 19.473702 -0.159692 0.514382 -0.003206 
2338 9.563631 0.000000 1.200266 19.478222 -0.217173 0.825537 -0.004830 
2339 9.563631 0.000000 1.374551 19.464529 -0.073156 0.372825 -0.001876 
2340 9.423469 0.000000 1.243838 19.478563 -0.174668 0.658027 -0.004164 
2341 9.423469 0.000000 1.200266 19.476140 -0.190463 0.812920 -0.004532 
2342 9.470190 0.000000 1.243838 19.478294 -0.180364 0.655786 -0.004134 
2343 9.423469 0.000000 1.287409 19.476168 -0.151387 0.525920 -0.003484 
2344 9.657073 0.000000 0.851698 19.402473 0.098096 1.751076 -0.003250 
2345 9.657073 0.000000 0.677414 19.398983 0.094233 1.311973 0.000666 
2346 9.843957 0.000000 0.851698 19.405473 0.135241 1.771937 -0.003775 
2347 9.563631 0.000000 1.113124 19.469534 -0.198066 1.211078 -0.005990 
2348 9.563631 0.000000 1.025982 19.443743 -0.059238 1.537779 -0.005617 
2349 9.657073 0.000000 1.113124 19.473827 -0.205586 1.233500 -0.006585 
2350 9.516911 0.000000 1.243838 19.478095 -0.185813 0.653056 -0.004110 
2351 9.516911 0.000000 1.200266 19.477297 -0.209492 0.825147 -0.004725 
2352 9.563631 0.000000 1.243838 19.478318 -0.196920 0.658449 -0.004163 
2353 9.516911 0.000000 1.287409 19.474686 -0.157201 0.518890 -0.003317 
2354 9.610352 0.000000 1.243838 19.478206 -0.202724 0.653848 -0.004141 
2355 9.610352 0.000000 1.200266 19.481170 -0.228838 0.816375 -0.005108 
2356 9.657073 0.000000 1.243838 19.478208 -0.208644 0.647653 -0.004127 
2357 9.610352 0.000000 1.287409 19.472565 -0.161914 0.508932 -0.003076 
2358 9.563631 0.000000 1.461693 19.460077 -0.019471 0.276208 -0.001239 
2359 9.657073 0.000000 1.461693 19.455433 -0.013620 0.273733 -0.000757 
2360 9.563631 0.000000 1.548835 19.460618 -0.036738 0.261245 -0.001276 
2361 9.516911 0.000000 1.330980 19.470441 -0.108602 0.432693 -0.002629 
2362 9.470190 0.000000 1.330980 19.471707 -0.108133 0.437214 -0.002770 
2363 9.563631 0.000000 1.330980 19.468844 -0.108635 0.427781 -0.002454 
2364 9.516911 0.000000 1.374551 19.465039 -0.072271 0.380798 -0.001944 
2365 9.540271 0.000000 1.265623 19.476164 -0.181078 0.582590 -0.003676 
2366 9.516911 0.000000 1.265623 19.476438 -0.179369 0.584473 -0.003708 
2367 9.540271 0.000000 1.243838 19.478032 -0.188564 0.651420 -0.004100 
2368 9.563631 0.000000 1.265623 19.475877 -0.182766 0.580443 -0.003642 
2369 9.540271 0.000000 1.287409 19.474208 -0.158486 0.516749 -0.003263 
2370 9.750515 0.000000 1.113124 19.478687 -0.228082 1.251712 -0.007231 
2371 9.750515 0.000000 1.025982 19.451307 -0.063510 1.602157 -0.006930 
2372 9.843957 0.000000 1.113124 19.483643 -0.255777 1.269794 -0.007898 
2373 9.703794 0.000000 1.243838 19.478315 -0.215243 0.639928 -0.004119 
2374 9.703794 0.000000 1.200266 19.483898 -0.249237 0.812219 -0.005397 
2375 9.750515 0.000000 1.243838 19.478211 -0.222550 0.630058 -0.004083 
2376 9.703794 0.000000 1.287409 19.469977 -0.171268 0.502680 -0.002801 
2377 9.750515 0.000000 1.461693 19.449553 -0.005392 0.272932 -0.000151 
2378 9.843957 0.000000 1.461693 19.442883 0.005639 0.274841 0.000532 
2379 9.750515 0.000000 1.548835 19.449523 -0.013947 0.233844 -0.000096 
2380 9.703794 0.000000 1.330980 19.461743 -0.104193 0.409118 -0.001679 
2381 9.657073 0.000000 1.330980 19.464585 -0.106642 0.416176 -0.001988 
2382 9.750515 0.000000 1.330980 19.458520 -0.106476 0.409453 -0.001349 
2383 9.703794 0.000000 1.374551 19.456171 -0.063157 0.360089 -0.000988 
2384 9.680434 0.000000 1.265623 19.474547 -0.197012 0.574273 -0.003500 
2385 9.657073 0.000000 1.265623 19.474926 -0.195277 0.577984 -0.003549 
2386 9.680434 0.000000 1.243838 19.478280 -0.211842 0.644037 -0.004125 
2387 9.703794 0.000000 1.265623 19.474126 -0.198765 0.570092 -0.003446 
2388 9.680434 0.000000 1.287409 19.470837 -0.170529 0.506978 -0.002900 
2389 9.937398 0.000000 1.287409 19.451166 -0.160446 0.428668 -0.000674 
2390 9.937398 0.000000 1.200266 19.491002 -0.329679 0.779699 -0.006115 
2391 9.937398 0.000000 1.374551 19.430691 -0.021144 0.350629 0.001658 
2392 9.797236 0.000000 1.243838 19.478022 -0.230752 0.617768 -0.004033 
2393 9.797236 0.000000 1.200266 19.487059 -0.275611 0.803533 -0.005722 
2394 9.843957 0.000000 1.243838 19.477538 -0.239894 0.602862 -0.003947 
2395 9.797236 0.000000 1.287409 19.465092 -0.172187 0.480965 -0.002242 
2396 10.030840 0.000000 0.851698 19.420560 0.168206 1.796497 -0.005581 
2397 10.030840 0.000000 0.677414 19.413528 0.109423 1.304893 -0.000786 
2398 10.217723 0.000000 0.851698 19.440540 0.190191 1.824094 -0.007919 
2399 9.937398 0.000000 1.113124 19.488045 -0.287713 1.287600 -0.008517 
2400 9.937398 0.000000 1.025982 19.462192 -0.086875 1.670568 -0.008651 
2401 10.030840 0.000000 1.113124 19.490293 -0.316224 1.302993 -0.008900 
2402 9.890677 0.000000 1.243838 19.476546 -0.250061 0.584821 -0.003801 
2403 9.890677 0.000000 1.200266 19.489944 -0.309420 0.789267 -0.006011 
2404 9.937398 0.000000 1.243838 19.474663 -0.260990 0.562977 -0.003556 
2405 9.890677 0.000000 1.287409 19.456987 -0.167094 0.449273 -0.001326 
2406 9.984119 0.000000 1.243838 19.471681 -0.272300 0.536578 -0.003188 
2407 9.984119 0.000000 1.200266 19.491518 -0.352405 0.768090 -0.006162 
2408 10.030840 0.000000 1.243838 19.466894 -0.283268 0.504552 -0.002623 
2409 9.984119 0.000000 1.287409 19.443523 -0.149596 0.404366 0.000175 
2410 9.937398 0.000000 1.461693 19.435966 -0.003474 0.302794 0.001200 
2411 10.030840 0.000000 1.461693 19.431633 0.011445 0.313929 0.001627 
2412 9.937398 0.000000 1.548835 19.442148 -0.001546 0.242631 0.000652 
2413 9.890677 0.000000 1.330980 19.442878 -0.082060 0.380171 0.000332 
2414 9.843957 0.000000 1.330980 19.449081 -0.092974 0.390663 -0.000332 
2415 9.937398 0.000000 1.330980 19.435533 -0.067388 0.369441 0.001114 
2416 9.890677 0.000000 1.374551 19.436976 -0.035313 0.352278 0.001007 
2417 9.914038 0.000000 1.265623 19.464758 -0.209618 0.500609 -0.002297 
2418 9.890677 0.000000 1.265623 19.466537 -0.208892 0.512103 -0.002510 
2419 9.914038 0.000000 1.243838 19.475708 -0.255467 0.574418 -0.003690 
2420 9.937398 0.000000 1.265623 19.462645 -0.210056 0.487970 -0.002047 
2421 9.914038 0.000000 1.287409 19.454247 -0.164202 0.439390 -0.001018 
2422 10.124282 0.000000 1.113124 19.489328 -0.352497 1.308608 -0.008903 
2423 10.124282 0.000000 1.025982 19.470810 -0.120588 1.725602 -0.010051 
2424 10.217723 0.000000 1.113124 19.479678 -0.379585 1.318617 -0.008031 
2425 10.077561 0.000000 1.243838 19.459610 -0.292211 0.465935 -0.001788 
2426 10.077561 0.000000 1.200266 19.488831 -0.405290 0.737358 -0.005868 
2427 10.124282 0.000000 1.243838 19.450264 -0.294863 0.420136 -0.000724 
2428 10.077561 0.000000 1.287409 19.422274 -0.107060 0.347070 0.002500 
2429 10.124282 0.000000 1.461693 19.432345 0.018744 0.335801 0.001516 
2430 10.217723 0.000000 1.461693 19.438121 0.028495 0.348167 0.000898 
2431 10.124282 0.000000 1.548835 19.440930 0.010421 0.257630 0.000757 
2432 10.077561 0.000000 1.330980 19.409262 0.007610 0.347572 0.003865 
2433 10.030840 0.000000 1.330980 19.417846 -0.023169 0.351340 0.002976 
2434 10.124282 0.000000 1.330980 19.403918 0.043554 0.350137 0.004404 
2435 10.077561 0.000000 1.374551 19.414435 0.035453 0.362332 0.003303 
2436 10.054200 0.000000 1.265623 19.444927 -0.202163 0.405429 -0.000021 
2437 10.030840 0.000000 1.265623 19.449688 -0.205989 0.424677 -0.000557 
2438 10.054200 0.000000 1.243838 19.463629 -0.288197 0.486118 -0.002246 
2439 10.077561 0.000000 1.265623 19.439435 -0.196283 0.384908 0.000593 
2440 10.054200 0.000000 1.287409 19.428347 -0.121169 0.362005 0.001840 
2441 9.984119 0.000000 1.330980 19.426962 -0.048054 0.359285 0.002020 
2442 9.984119 0.000000 1.374551 19.424301 -0.004404 0.351261 0.002315 
2443 10.007479 0.000000 1.265623 19.453742 -0.208328 0.442537 -0.001017 
2444 9.984119 0.000000 1.265623 19.457215 -0.209605 0.458994 -0.001415 
2445 10.007479 0.000000 1.243838 19.469509 -0.277855 0.521314 -0.002930 
2446 10.007479 0.000000 1.287409 19.438994 -0.142044 0.390915 0.000674 
2447 10.054200 0.000000 1.309194 19.417757 -0.054028 0.346464 0.002988 
2448 10.030840 0.000000 1.309194 19.423158 -0.068798 0.354654 0.002413 
2449 10.077561 0.000000 1.309194 19.412348 -0.036945 0.339201 0.003560 
2450 10.054200 0.000000 1.330980 19.413367 -0.008520 0.348786 0.003442 
2451 10.042520 0.000000 1.276516 19.438767 -0.164605 0.388754 0.000684 
2452 10.030840 0.000000 1.276516 19.441326 -0.168423 0.397426 0.000399 
2453 10.042520 0.000000 1.265623 19.447400 -0.204297 0.415219 -0.000299 
2454 10.054200 0.000000 1.276516 19.436036 -0.160266 0.379870 0.000986 
2455 10.042520 0.000000 1.287409 19.431206 -0.127220 0.369397 0.001528 
2456 10.171002 0.000000 1.243838 19.443782 -0.288634 0.369498 0.000058 
2457 10.171002 0.000000 1.200266 19.479620 -0.461128 0.695218 -0.004888 
2458 10.217723 0.000000 1.243838 19.445966 -0.279141 0.324346 -0.000069 
2459 10.171002 0.000000 1.287409 19.407288 -0.019313 0.296564 0.004154 
2460 10.171002 0.000000 1.330980 19.406438 0.080546 0.358675 0.004117 
2461 10.217723 0.000000 1.330980 19.418733 0.109965 0.367577 0.002823 
2462 10.171002 0.000000 1.374551 19.417717 0.075685 0.385714 0.002908 
2463 10.147642 0.000000 1.265623 19.423215 -0.159388 0.318823 0.002416 
2464 10.124282 0.000000 1.265623 19.427666 -0.175238 0.341107 0.001907 
2465 10.147642 0.000000 1.243838 19.446198 -0.292757 0.395001 -0.000248 
2466 10.171002 0.000000 1.265623 19.421487 -0.140788 0.297285 0.002644 
2467 10.147642 0.000000 1.287409 19.407386 -0.045024 0.306829 0.004123 
2468 10.404607 0.000000 0.851698 19.446578 0.201896 1.844387 -0.008748 
2469 10.404607 0.000000 0.677414 19.435782 0.132184 1.315218 -0.003157 
2470 10.591490 0.000000 0.851698 19.444719 0.208559 1.853202 -0.008650 
2471 10.311165 0.000000 1.113124 19.467606 -0.392815 1.320425 -0.006828 
2472 10.311165 0.000000 1.025982 19.463266 -0.134171 1.753727 -0.009542 
2473 10.404607 0.000000 1.113124 19.459463 -0.396495 1.318957 -0.005987 
2474 10.264444 0.000000 1.243838 19.451960 -0.276228 0.297214 -0.000637 
2475 10.264444 0.000000 1.200266 19.466468 -0.502841 0.658755 -0.003510 
2476 10.311165 0.000000 1.243838 19.454606 -0.277158 0.284444 -0.000891 
2477 10.264444 0.000000 1.287409 19.437539 0.047010 0.269263 0.001083 
2478 10.194363 0.000000 1.265623 19.423752 -0.121756 0.277613 0.002454 
2479 10.194363 0.000000 1.243838 19.443732 -0.283500 0.345233 0.000117 
2480 10.217723 0.000000 1.265623 19.429819 -0.105839 0.260992 0.001864 
2481 10.194363 0.000000 1.287409 19.411542 0.005470 0.288124 0.003731 
2482 10.147642 0.000000 1.309194 19.401987 0.027717 0.327300 0.004646 
2483 10.124282 0.000000 1.309194 19.403607 0.004316 0.329315 0.004478 
2484 10.171002 0.000000 1.309194 19.403545 0.051413 0.327049 0.004481 
2485 10.147642 0.000000 1.330980 19.403939 0.062382 0.353892 0.004389 
2486 10.159322 0.000000 1.276516 19.413029 -0.085914 0.298237 0.003543 
2487 10.147642 0.000000 1.276516 19.414013 -0.097454 0.306607 0.003423 
2488 10.159322 0.000000 1.265623 19.421927 -0.150324 0.307894 0.002574 
2489 10.171002 0.000000 1.276516 19.412998 -0.074019 0.290305 0.003564 
2490 10.159322 0.000000 1.287409 19.406817 -0.032269 0.301451 0.004193 
2491 10.498048 0.000000 1.287409 19.452373 0.055766 0.250049 -0.000418 
2492 10.498048 0.000000 1.200266 19.453836 -0.511414 0.639626 -0.002167 
2493 10.591490 0.000000 1.287409 19.451471 0.056892 0.249118 -0.000324 
2494 10.498048 0.000000 1.374551 19.451205 0.107953 0.401558 -0.000581 
2495 10.357886 0.000000 1.243838 19.455073 -0.278115 0.278167 -0.000931 
2496 10.357886 0.000000 1.200266 19.459027 -0.510907 0.645190 -0.002719 
2497 10.404607 0.000000 1.243838 19.454589 -0.278534 0.274750 -0.000877 
2498 10.357886 0.000000 1.287409 19.451017 0.054092 0.255951 -0.000285 
2499 10.311165 0.000000 1.461693 19.445138 0.033686 0.354097 0.000165 
2500 10.404607 0.000000 1.461693 19.448143 0.032727 0.363726 -0.000162 
2501 10.311165 0.000000 1.548835 19.446614 0.017329 0.267494 0.000158 
2502 10.264444 0.000000 1.330980 19.433615 0.125701 0.370765 0.001279 
2503 10.311165 0.000000 1.330980 19.443526 0.131839 0.369689 0.000258 
2504 10.264444 0.000000 1.374551 19.435703 0.098864 0.401778 0.001017 
2505 10.287805 0.000000 1.265623 19.448046 -0.088729 0.231664 0.000038 
2506 10.264444 0.000000 1.265623 19.443758 -0.090707 0.238466 0.000470 
2507 10.287805 0.000000 1.243838 19.453703 -0.276581 0.289651 -0.000805 
2508 10.311165 0.000000 1.265623 19.450646 -0.088052 0.226804 -0.000223 
2509 10.287805 0.000000 1.287409 19.443394 0.050766 0.264659 0.000487 
2510 10.778373 0.000000 1.548835 19.451225 0.005848 0.301132 -0.000366 
2511 10.965257 0.000000 1.548835 19.450674 0.008841 0.310747 -0.000325 
2512 10.778373 0.000000 1.723119 19.451448 -0.015121 0.197375 -0.000252 
2513 10.871815 0.000000 1.287409 19.449007 0.075539 0.242240 -0.000068 
2514 10.778373 0.000000 1.287409 19.449864 0.075403 0.226118 -0.000136 
2515 10.871815 0.000000 1.200266 19.449123 -0.494308 0.619556 -0.001570 
2516 10.965257 0.000000 1.287409 19.450039 0.063445 0.270355 -0.000208 
2517 10.871815 0.000000 1.374551 19.450766 0.114756 0.421552 -0.000583 
2518 11.339023 0.000000 2.071688 19.452398 -0.016764 0.019625 -0.000248 
2519 11.712790 0.000000 2.071688 19.450562 -0.015725 0.021350 -0.000060 
2520 11.339023 0.000000 2.420257 19.451767 -0.008490 0.000406 -0.000182 
2521 11.152140 0.000000 1.548835 19.450198 0.009449 0.362968 -0.000369 
2522 11.339023 0.000000 1.548835 19.449587 0.009340 0.363593 -0.000307 
2523 11.152140 0.000000 1.723119 19.450762 -0.018332 0.231000 -0.000220 
2524 11.058698 0.000000 1.287409 19.449823 0.069688 0.285592 -0.000210 
2525 11.058698 0.000000 1.200266 19.449311 -0.503104 0.660936 -0.001753 
2526 11.152140 0.000000 1.287409 19.449039 0.102773 0.394478 -0.000340 
2527 11.058698 0.000000 1.374551 19.449980 0.116856 0.433195 -0.000530 
2528 11.525907 0.000000 1.200266 19.447930 -0.390707 0.787274 -0.001829 
2529 11.525907 0.000000 1.025982 19.447117 0.087350 1.778975 -0.008089 
2530 11.525907 0.000000 1.374551 19.449298 0.138835 0.438355 -0.000487 
2531 11.245582 0.000000 1.287409 19.448764 0.120875 0.389440 -0.000312 
2532 11.245582 0.000000 1.200266 19.448223 -0.390513 0.785858 -0.001853 
2533 11.339023 0.000000 1.287409 19.448578 0.120845 0.389896 -0.000294 
2534 11.245582 0.000000 1.374551 19.449168 0.140186 0.520095 -0.000681 
2535 11.525907 0.000000 1.548835 19.449786 -0.047078 0.260586 -0.000163 
2536 11.712790 0.000000 1.548835 19.450356 -0.001033 0.197518 -0.000140 
2537 11.525907 0.000000 1.723119 19.451272 -0.022175 0.097081 -0.000157 
2538 11.619349 0.000000 1.287409 19.448917 0.118925 0.299478 -0.000163 
2539 11.525907 0.000000 1.287409 19.448829 0.145564 0.343481 -0.000248 
2540 11.619349 0.000000 1.200266 19.448652 -0.393079 0.687441 -0.001519 
2541 11.712790 0.000000 1.287409 19.449598 0.093670 0.163234 -0.000052 
2542 11.619349 0.000000 1.374551 19.449126 0.079354 0.391093 -0.000331 
2543 12.460324 0.000000 3.117394 19.450043 -0.005790 0.003586 -0.000005 
2544 13.207857 0.000000 3.117394 19.449922 -0.006594 0.004146 0.000008 
2545 12.460324 0.000000 3.814531 19.450271 -0.003265 0.000455 -0.000028 
2546 12.086557 0.000000 2.071688 19.448808 -0.000116 0.043999 0.000117 
2547 12.460324 0.000000 2.071688 19.448790 0.000118 0.044307 0.000119 
2548 12.086557 0.000000 2.420257 19.449093 0.001295 0.019536 0.000092 
2549 11.899674 0.000000 1.548835 19.450037 -0.000974 0.197923 -0.000107 
2550 12.086557 0.000000 1.548835 19.449827 -0.000883 0.198300 -0.000086 
2551 11.899674 0.000000 1.723119 19.450382 -0.022058 0.097781 -0.000066 
2552 11.806232 0.000000 1.287409 19.449482 0.093716 0.163523 -0.000041 
2553 11.806232 0.000000 1.200266 19.449200 -0.424780 0.537858 -0.001159 
2554 11.899674 0.000000 1.287409 19.449391 0.093718 0.163760 -0.000031 
2555 11.806232 0.000000 1.374551 19.449733 0.119556 0.315672 -0.000274 
2556 11.993115 0.000000 1.287409 19.449311 0.093770 0.164013 -0.000023 
2557 11.993115 0.000000 1.200266 19.449083 -0.424741 0.538371 -0.001149 
2558 12.086557 0.000000 1.287409 19.449264 0.093811 0.164235 -0.000019 
2559 11.993115 0.000000 1.374551 19.449525 0.119607 0.316130 -0.000253 
2560 12.273440 0.000000 1.548835 19.448933 0.027725 0.194207 0.000008 
2561 12.460324 0.000000 1.548835 19.448464 0.036205 0.198051 0.000051 
2562 12.273440 0.000000 1.723119 19.448591 0.011536 0.117239 0.000108 
2563 12.179999 0.000000 1.287409 19.449241 0.093857 0.164426 -0.000017 
2564 12.179999 0.000000 1.200266 19.449041 -0.424657 0.538819 -0.001146 
2565 12.273440 0.000000 1.287409 19.449000 0.048343 0.174103 0.000017 
2566 12.179999 0.000000 1.374551 19.449566 0.124210 0.294697 -0.000226 
2567 12.834090 0.000000 2.071688 19.448806 0.000296 0.044546 0.000118 
2568 13.207857 0.000000 2.071688 19.449218 -0.031451 0.052005 0.000071 
2569 12.834090 0.000000 2.420257 19.449205 0.034175 0.018502 0.000078 
2570 12.647207 0.000000 1.548835 19.448423 0.029438 0.196975 0.000057 
2571 12.834090 0.000000 1.548835 19.448518 0.029549 0.197102 0.000047 
2572 12.647207 0.000000 1.723119 19.448579 0.005205 0.116419 0.000110 
2573 12.553765 0.000000 1.287409 19.448684 0.064657 0.075725 0.000109 
2574 12.460324 0.000000 1.287409 19.448666 0.064606 0.075587 0.000111 
2575 12.553765 0.000000 1.200266 19.448607 -0.519297 0.428154 -0.001054 
2576 12.647207 0.000000 1.287409 19.448303 0.073984 0.080371 0.000143 
2577 12.553765 0.000000 1.374551 19.448334 0.136902 0.266862 -0.000067 
2578 13.020974 0.000000 1.200266 19.448415 -0.516953 0.431960 -0.001037 
2579 13.020974 0.000000 1.025982 19.448325 -0.155286 1.427016 -0.005274 
2580 13.207857 0.000000 1.200266 19.448539 -0.516879 0.432057 -0.001049 
2581 13.020974 0.000000 1.374551 19.448515 0.130273 0.265750 -0.000079 
2582 12.740649 0.000000 1.287409 19.448270 0.066656 0.079026 0.000150 
2583 12.740649 0.000000 1.200266 19.448314 -0.509549 0.433233 -0.001009 
2584 12.834090 0.000000 1.287409 19.448333 0.066716 0.079084 0.000143 
2585 12.740649 0.000000 1.374551 19.448342 0.130119 0.265561 -0.000061 
2586 13.020974 0.000000 1.548835 19.448605 0.029633 0.197233 0.000038 
2587 13.207857 0.000000 1.548835 19.448672 0.029703 0.197332 0.000031 
2588 13.020974 0.000000 1.723119 19.448659 0.005377 0.116674 0.000102 
2589 12.927532 0.000000 1.287409 19.448394 0.066764 0.079162 0.000137 
2590 12.927532 0.000000 1.200266 19.448346 -0.517000 0.431910 -0.001030 
2591 13.020974 0.000000 1.287409 19.448466 0.066812 0.079211 0.000129 
2592 12.927532 0.000000 1.374551 19.448452 0.130228 0.265695 -0.000072 
2593 -7.723080 0.000000 -7.339665 19.449832 -0.000084 0.000064 0.000017 
2594 -10.713214 0.000000 -7.339665 19.449947 -0.000038 0.000046 0.000005 
2595 -7.723080 0.000000 -10.128214 19.449860 -0.000059 -0.000010 0.000014 
2596 10.217723 0.000000 -7.339665 19.450430 -0.000606 -0.001053 -0.000044 
2597 10.217723 0.000000 -10.128214 19.450200 0.000866 -0.000380 -0.000021 
2598 13.207857 0.000000 -7.339665 19.450157 -0.000629 -0.000177 -0.000016 
2599 -7.723080 0.000000 9.391630 19.449850 -0.000077 -0.000004 0.000015 
2600 -10.713214 0.000000 9.391630 19.449925 -0.000047 -0.000018 0.000008 
2601 -7.723080 0.000000 12.180179 19.449880 -0.000047 0.000034 0.000012 
2602 -3.237879 0.000000 -3.156842 19.448373 -0.000280 0.001948 0.000167 
2603 -4.732946 0.000000 -3.156842 19.449518 -0.000027 0.001357 0.000050 
2604 -3.237879 0.000000 -4.551116 19.448212 0.000073 0.001013 0.000184 
2605 -3.237879 0.000000 5.208806 19.448464 0.000093 -0.000620 0.000158 
2606 -4.732946 0.000000 5.208806 19.449333 -0.000128 -0.000195 0.000069 
2607 -3.237879 0.000000 6.603080 19.449069 -0.000129 0.000273 0.000096 
2608 -0.995279 0.000000 -1.065430 19.452649 -0.000390 0.048057 -0.000279 
2609 -1.742813 0.000000 -1.065430 19.455361 -0.000370 0.017935 -0.000552 
2610 -0.995279 0.000000 -1.762567 19.424521 0.000041 0.024481 0.002617 
2611 -0.995279 0.000000 3.117394 19.437852 0.000532 -0.000869 0.001249 
2612 -1.742813 0.000000 3.117394 19.443159 -0.000180 -0.002135 0.000703 
2613 -0.995279 0.000000 3.814531 19.443051 -0.000398 0.001386 0.000714 
2614 -0.621512 0.000000 -0.019724 19.581211 -0.000475 0.003116 -0.013538 
2615 -0.995279 0.000000 -0.019724 19.516270 -0.000865 0.001736 -0.006826 
2616 -0.621512 0.000000 -0.368292 19.562681 0.000063 0.035460 -0.011624 
2617 3.489922 0.000000 3.117394 19.448168 -0.012944 0.021483 0.000187 
2618 4.237455 0.000000 3.117394 19.450378 -0.001998 0.020543 -0.000040 
2619 3.489922 0.000000 3.814531 19.448783 -0.011703 0.007031 0.000125 
2620 -0.621512 0.000000 2.071688 19.408158 0.000325 -0.008453 0.004298 
2621 -0.995279 0.000000 2.071688 19.425679 0.000183 -0.013886 0.002499 
2622 -0.621512 0.000000 2.420257 19.420828 0.000434 -0.000138 0.002997 
2623 -0.060862 0.000000 1.548835 19.240723 0.000090 0.049102 0.021397 
2624 -0.247746 0.000000 1.548835 19.306167 -0.000876 -0.005728 0.014735 
2625 -0.060862 0.000000 1.723119 19.318711 -0.001312 0.064230 0.013444 
2626 0.780113 0.000000 0.590271 19.793455 -0.009469 1.020949 -0.038384 
2627 0.780113 0.000000 0.503129 19.828078 0.023573 0.822097 -0.041043 
2628 0.873555 0.000000 0.590271 19.775220 -0.006890 0.984813 -0.036285 
2629 0.219463 0.000000 1.287409 18.776767 0.000942 0.399185 0.067608 
2630 0.126021 0.000000 1.287409 18.859866 0.000437 0.171589 0.059684 
2631 0.219463 0.000000 1.374551 18.949503 0.000631 0.325056 0.050524 
2632 0.488108 0.000000 0.797234 19.674902 -0.038269 3.845181 -0.062347 
2633 0.488108 0.000000 0.786341 19.597530 -0.038499 4.049751 -0.058584 
2634 0.499788 0.000000 0.797234 19.516819 -0.038707 4.252014 -0.054678 
2635 0.476428 0.000000 0.917054 18.034517 0.011659 3.344832 0.110680 
2636 0.453067 0.000000 0.917054 17.957264 0.010204 3.523186 0.114792 
2637 0.476428 0.000000 0.938840 17.876094 0.014616 3.497823 0.122951 
2638 0.429707 0.000000 0.917054 17.906552 0.008976 3.722246 0.115787 
2639 0.406346 0.000000 0.917054 17.768055 0.008830 4.006065 0.123050 
2640 0.429707 0.000000 0.938840 17.529406 0.014737 4.273391 0.139466 
2641 0.464747 0.000000 0.819020 19.828762 -0.037622 3.448731 -0.070770 
2642 0.464747 0.000000 0.829912 19.748824 -0.038024 3.642181 -0.066033 
2643 0.464747 0.000000 0.840805 19.674902 -0.038269 3.845181 -0.062347 
2644 0.453067 0.000000 0.840805 19.748824 -0.038024 3.642181 -0.066033 
2645 0.476428 0.000000 0.840805 19.516819 -0.038707 4.252014 -0.054678 
2646 0.418026 0.000000 0.819020 20.571343 -0.033969 1.947942 -0.128662 
2647 0.406346 0.000000 0.819020 20.878502 -0.032548 1.634507 -0.159349 
2648 0.418026 0.000000 0.829912 20.521623 -0.034007 1.919409 -0.122970 
2649 0.441387 0.000000 0.840805 20.058164 -0.037113 2.829070 -0.084674 
2650 0.429707 0.000000 0.840805 20.290344 -0.035681 2.259381 -0.101775 
2651 0.441387 0.000000 0.851698 18.215372 -0.023548 3.372959 0.092850 
2652 0.418026 0.000000 0.840805 18.875249 -0.042221 3.038679 0.033815 
2653 0.406346 0.000000 0.840805 18.586804 -0.031301 5.523577 0.006139 
2654 0.371306 0.000000 0.797234 22.088726 -0.028518 0.978616 -0.292274 
2655 0.371306 0.000000 0.786341 22.088726 -0.028518 0.978616 -0.292274 
2656 0.371306 0.000000 0.808127 21.185686 -0.029667 2.453614 -0.202356 
2657 0.382986 0.000000 0.917054 17.570528 0.009017 4.176900 0.137806 
2658 0.359625 0.000000 0.917054 17.391784 0.009106 4.406124 0.149125 
2659 0.382986 0.000000 0.938840 17.454149 0.012476 4.583999 0.139153 
2660 0.336265 0.000000 0.917054 17.392023 0.010579 4.546975 0.145769 
2661 0.312905 0.000000 0.917054 17.427390 0.014206 4.389085 0.146244 
2662 0.336265 0.000000 0.938840 17.010785 0.012946 4.961041 0.170032 
2663 0.371306 0.000000 0.819020 19.968880 -0.031686 4.396030 -0.105153 
2664 0.359625 0.000000 0.819020 20.269756 -0.031084 4.505533 -0.139733 
2665 0.382986 0.000000 0.819020 20.034876 -0.031724 3.948665 -0.102264 
2666 0.394666 0.000000 0.819020 20.357678 -0.032218 2.755271 -0.115582 
2667 0.394666 0.000000 0.829912 19.881381 -0.032060 3.884024 -0.084730 
2668 0.394666 0.000000 0.840805 18.849453 -0.032091 5.759765 -0.026897 
2669 0.347945 0.000000 0.819020 20.599914 -0.030463 4.527148 -0.175917 
2670 0.336265 0.000000 0.819020 21.165104 -0.029434 4.541941 -0.238669 
2671 0.032580 0.000000 0.590271 20.056215 -0.002872 -0.199755 -0.063413 
2672 -0.060862 0.000000 0.590271 19.868142 -0.002114 -0.202745 -0.043567 
2673 0.032580 0.000000 0.503129 19.984661 -0.002445 -0.086170 -0.055753 
2674 0.277864 0.000000 0.797234 25.713797 -0.018841 1.797541 -0.756348 
2675 0.277864 0.000000 0.786341 26.909619 -0.017241 1.362767 -0.919060 
2676 0.289544 0.000000 0.797234 25.314128 -0.021114 2.421544 -0.709398 
2677 0.079300 0.000000 0.720985 20.264835 -0.003326 -0.503037 -0.086212 
2678 0.032580 0.000000 0.720985 20.076698 -0.002917 -0.506894 -0.066159 
2679 0.079300 0.000000 0.677414 20.254235 -0.003309 -0.362142 -0.084754 
2680 0.231143 0.000000 0.797234 24.235585 -0.012632 0.888128 -0.554715 
2681 0.231143 0.000000 0.786341 23.987729 -0.010967 0.837283 -0.522888 
2682 0.231143 0.000000 0.808127 24.444667 -0.013879 1.158339 -0.583081 
2683 0.289544 0.000000 0.873483 16.623845 0.007984 2.173688 0.257004 
2684 0.266184 0.000000 0.873483 16.826190 0.007769 1.434921 0.246160 
2685 0.289544 0.000000 0.895269 16.938009 0.008763 2.898708 0.219411 
2686 0.289544 0.000000 0.917054 17.737695 0.015751 4.021756 0.125566 
2687 0.266184 0.000000 0.917054 18.340902 0.012902 3.652459 0.075530 
2688 0.242823 0.000000 0.917054 19.219394 0.010974 3.073554 -0.001400 
2689 0.242823 0.000000 0.895269 18.616610 0.008170 1.729813 0.075950 
2690 0.231143 0.000000 0.819020 24.313126 -0.014576 1.362154 -0.567486 
2691 0.219463 0.000000 0.819020 23.656429 -0.013142 1.051964 -0.482236 
2692 0.231143 0.000000 0.829912 24.080988 -0.015296 1.572560 -0.539422 
2693 0.032580 0.000000 1.287409 18.977439 0.000104 0.013913 0.048002 
2694 -0.060862 0.000000 1.287409 19.101983 0.000219 -0.068989 0.035453 
2695 0.032580 0.000000 1.374551 19.073910 0.000273 0.063736 0.038288 
2696 0.149382 0.000000 0.873483 20.551942 -0.009341 -1.653005 -0.123743 
2697 0.126021 0.000000 0.873483 20.252020 -0.006241 -1.607254 -0.090999 
2698 0.172742 0.000000 0.873483 20.594152 0.001000 -1.064370 -0.124106 
2699 0.196102 0.000000 0.873483 20.024649 0.001634 -1.067679 -0.062976 
2700 0.219463 0.000000 0.873483 19.024392 0.004078 -0.433329 0.042789 
2701 0.207783 0.000000 0.819020 22.176785 -0.009830 0.657568 -0.301187 
2702 0.196102 0.000000 0.819020 21.906446 -0.005812 -1.205219 -0.272381 
2703 0.207783 0.000000 0.829912 21.852084 -0.011484 1.348926 -0.267064 
2704 0.347945 0.000000 0.862591 18.780825 -0.024745 5.424384 -0.010154 
2705 0.336265 0.000000 0.862591 18.923228 -0.024830 5.403109 -0.023738 
2706 0.347945 0.000000 0.873483 18.703904 -0.023786 5.398271 -0.001785 
2707 0.172742 0.000000 1.069553 17.527721 -0.001783 0.193365 0.187797 
2708 0.126021 0.000000 1.069553 18.020434 -0.000766 -0.238822 0.141446 
2709 0.172742 0.000000 1.113124 17.971081 -0.000506 0.263265 0.146109 
2710 0.242823 0.000000 1.004197 15.186608 0.007428 2.804163 0.369562 
2711 0.219463 0.000000 1.004197 15.396095 0.003779 1.701896 0.365756 
2712 0.242823 0.000000 1.025982 15.983893 0.003621 1.939438 0.314712 
2713 0.079300 0.000000 1.069553 18.468047 -0.000459 -0.392741 0.098015 
2714 0.032580 0.000000 1.069553 18.772575 -0.000534 -0.417491 0.067984 
2715 0.079300 0.000000 1.113124 18.565507 -0.000019 -0.196503 0.088780 
2716 0.359625 0.000000 1.156695 17.984795 0.008530 2.350413 0.130385 
2717 0.312905 0.000000 1.156695 18.119623 -0.000998 1.354372 0.127272 
2718 0.359625 0.000000 1.200266 18.496641 0.002024 1.284613 0.091267 
2719 0.336265 0.000000 0.960626 16.829758 0.015983 5.219109 0.179281 
2720 0.359625 0.000000 0.960626 16.983021 0.015609 5.271603 0.164126 
2721 0.336265 0.000000 0.982411 16.744610 0.016915 5.057378 0.191231 
2722 0.382986 0.000000 0.960626 17.129593 0.016103 5.115913 0.155185 
2723 0.406346 0.000000 0.960626 17.255750 0.016806 4.940854 0.148371 
2724 0.336265 0.000000 1.004197 16.751015 0.017457 5.045533 0.190980 
2725 0.336265 0.000000 1.025982 16.652082 0.017500 4.702270 0.208561 
2726 0.429707 0.000000 0.960626 17.370179 0.017894 4.726593 0.143373 
2727 0.453067 0.000000 0.960626 17.500121 0.018327 4.344426 0.140559 
2728 0.476428 0.000000 0.960626 17.600578 0.020214 3.969540 0.139477 
2729 0.499788 0.000000 0.960626 17.618815 0.020123 3.623073 0.144733 
2730 0.476428 0.000000 0.982411 17.664886 0.022553 4.202585 0.128448 
2731 0.476428 0.000000 1.004197 17.837681 0.026598 4.306150 0.109901 
2732 0.499788 0.000000 1.004197 17.898177 0.027526 4.055942 0.109717 
2733 0.382986 0.000000 1.047768 17.289106 0.019755 4.606118 0.153773 
2734 0.359625 0.000000 1.047768 17.068906 0.018498 4.373081 0.179303 
2735 0.382986 0.000000 1.069553 17.590941 0.019826 3.838843 0.143071 
2736 0.639950 0.000000 1.156695 19.334240 0.020682 2.009613 0.001191 
2737 0.523148 0.000000 0.960626 17.793116 0.021267 3.277089 0.134728 
2738 0.546509 0.000000 0.960626 17.970142 0.021443 3.054835 0.121712 
2739 0.523148 0.000000 0.982411 17.930584 0.025136 3.561892 0.116597 
2740 0.523148 0.000000 1.004197 17.998112 0.028781 3.723863 0.107064 
2741 0.546509 0.000000 1.004197 18.092200 0.029044 3.458933 0.103118 
2742 1.434205 0.000000 1.548835 19.540369 0.004049 0.263781 -0.009498 
2743 1.434205 0.000000 1.723119 19.490319 0.024415 0.219530 -0.004279 
2744 0.826834 0.000000 1.156695 19.673971 0.032548 1.771934 -0.031465 
2745 0.826834 0.000000 0.982411 19.114451 0.037001 1.581937 0.027587 
2746 0.780113 0.000000 0.982411 18.998448 0.038186 1.789038 0.037429 
2747 0.873555 0.000000 0.982411 19.329351 0.042515 1.457114 0.006750 
2748 0.733392 0.000000 0.982411 18.896020 0.037712 1.974759 0.045841 
2749 1.013717 0.000000 1.156695 19.684864 0.030513 1.548231 -0.030635 
2750 1.060438 0.000000 1.156695 19.676275 0.030553 1.528524 -0.029581 
2751 1.013717 0.000000 0.982411 19.574716 0.046062 1.241444 -0.016945 
2752 0.966996 0.000000 0.982411 19.453495 0.042530 1.311772 -0.004913 
2753 1.060438 0.000000 0.982411 19.617740 0.046721 1.248152 -0.021447 
2754 0.920276 0.000000 0.982411 19.392512 0.043211 1.426848 0.000516 
2755 1.340763 0.000000 1.113124 19.415697 0.032497 1.448590 -0.002026 
2756 1.434205 0.000000 1.113124 19.353264 0.033102 1.240078 0.005855 
2757 1.340763 0.000000 1.200266 19.488363 0.028263 1.396160 -0.009103 
2758 1.527646 0.000000 1.113124 19.318273 0.034457 1.191619 0.009743 
2759 1.527646 0.000000 1.200266 19.466316 0.031266 1.108986 -0.004932 
2760 1.527646 0.000000 1.287409 19.578587 0.034922 0.868644 -0.015264 
2761 1.434205 0.000000 1.287409 19.609689 0.035874 1.005116 -0.019162 
2762 1.527646 0.000000 1.374551 19.725109 0.036895 0.600921 -0.029447 
2763 1.340763 0.000000 1.287409 19.561018 0.030978 1.201975 -0.015270 
2764 1.340763 0.000000 1.374551 19.676140 0.027771 0.907847 -0.025569 
2765 4.984989 0.000000 3.117394 19.453079 -0.003566 0.019039 -0.000318 
2766 4.984989 0.000000 3.814531 19.451969 -0.011533 0.007724 -0.000203 
2767 3.116155 0.000000 2.071688 19.435659 -0.001665 0.151752 0.001413 
2768 3.489922 0.000000 2.071688 19.441136 -0.004722 0.158940 0.000844 
2769 3.116155 0.000000 2.420257 19.438475 0.000185 0.031403 0.001182 
2770 2.555505 0.000000 1.548835 19.400932 -0.006436 0.275640 0.004838 
2771 2.742388 0.000000 1.548835 19.412602 0.001108 0.292596 0.003616 
2772 2.555505 0.000000 1.723119 19.415146 0.011213 0.219043 0.003454 
2773 1.901413 0.000000 1.113124 19.152510 0.038113 -1.031739 0.027539 
2774 1.901413 0.000000 1.200266 19.372352 0.035426 -1.102528 0.004752 
2775 1.901413 0.000000 1.287409 19.618860 0.044989 -0.665706 -0.018616 
2776 1.901413 0.000000 1.374551 19.750992 0.045696 -0.289718 -0.031417 
2777 8.722656 0.000000 -3.156842 19.455109 0.002661 -0.004582 -0.000525 
2778 8.722656 0.000000 -4.551116 19.452112 -0.002390 -0.001352 -0.000217 
2779 10.217723 0.000000 -3.156842 19.450636 0.001316 -0.004795 -0.000065 
2780 11.712790 0.000000 -3.156842 19.449802 0.002462 -0.002238 0.000020 
2781 11.712790 0.000000 -4.551116 19.450593 -0.001942 0.000431 -0.000061 
2782 13.207857 0.000000 -3.156842 19.449933 -0.006291 -0.003783 0.000007 
2783 6.480056 0.000000 -1.065430 19.466308 -0.006772 -0.736866 -0.003113 
2784 6.480056 0.000000 -1.762567 19.465414 -0.023957 -0.229965 -0.001727 
2785 7.227589 0.000000 -1.065430 19.446879 -0.067164 -0.917843 -0.001918 
2786 2.929272 0.000000 1.548835 19.420773 -0.008673 0.310767 0.002748 
2787 3.116155 0.000000 1.548835 19.424662 0.001326 0.303921 0.002360 
2788 2.929272 0.000000 1.723119 19.425395 0.010463 0.238506 0.002378 
2789 2.648947 0.000000 1.113124 19.395187 -0.051785 0.553454 0.004812 
2790 2.742388 0.000000 1.113124 19.402479 -0.054449 0.548479 0.004077 
2791 2.648947 0.000000 1.200266 19.391627 -0.041489 0.523130 0.005265 
2792 2.462063 0.000000 1.287409 19.365447 -0.022064 0.458362 0.008119 
2793 2.555505 0.000000 1.287409 19.382195 -0.025459 0.461806 0.006395 
2794 2.462063 0.000000 1.374551 19.373043 -0.014017 0.384023 0.007507 
2795 2.321901 0.000000 1.069553 19.323226 0.081028 -0.197311 0.012873 
2796 2.321901 0.000000 1.025982 19.323226 0.081028 -0.197311 0.012873 
2797 2.368622 0.000000 1.069553 19.323226 0.081028 -0.197311 0.012873 
2798 0.453067 0.000000 1.243838 18.889417 0.002424 1.265858 0.052577 
2799 0.406346 0.000000 1.243838 18.782267 0.001762 1.152281 0.063973 
2800 0.453067 0.000000 1.287409 18.944266 0.001795 1.025961 0.048545 
2801 2.321901 0.000000 0.982411 19.454009 -0.057989 0.455302 -0.000969 
2802 2.275180 0.000000 0.982411 19.495236 -0.054652 0.435247 -0.005166 
2803 2.368622 0.000000 0.982411 19.427824 -0.062391 0.458617 0.001713 
2804 2.228459 0.000000 0.982411 19.545300 -0.053313 0.383590 -0.010220 
2805 2.181738 0.000000 0.982411 19.936494 0.055072 -0.558035 -0.051482 
2806 2.251820 0.000000 1.091339 19.244621 0.049775 -0.802018 0.019300 
2807 2.251820 0.000000 1.069553 19.301088 0.050725 -0.818468 0.013476 
2808 2.275180 0.000000 1.091339 19.399597 0.077487 -0.256871 0.004986 
2809 2.135017 0.000000 0.982411 19.822202 0.055559 -0.593830 -0.039579 
2810 2.088297 0.000000 0.982411 19.697159 0.054899 -0.831274 -0.027411 
2811 2.041576 0.000000 0.982411 19.521804 0.054379 -0.640639 -0.008490 
2812 1.994855 0.000000 0.982411 19.424867 0.053993 -0.561982 0.001740 
2813 2.041576 0.000000 1.025982 19.382310 0.041692 -1.111642 0.003677 
2814 0.569869 0.000000 0.917054 18.487119 0.015324 2.431197 0.080935 
2815 0.593230 0.000000 0.917054 18.621037 0.018351 2.198067 0.070652 
2816 0.569869 0.000000 0.938840 18.349716 0.021265 2.624037 0.091737 
2817 0.534829 0.000000 0.819020 19.413499 -0.338072 2.661767 -0.015281 
2818 0.534829 0.000000 0.808127 19.551904 0.005427 2.590518 -0.028245 
2819 0.534829 0.000000 0.829912 19.293423 -0.084366 2.608406 -0.001968 
2820 0.511468 0.000000 0.797234 19.349474 -0.038718 4.700534 -0.048099 
2821 0.511468 0.000000 0.786341 19.989087 -0.016090 2.738416 -0.076025 
2822 0.523148 0.000000 0.797234 19.736657 -0.012609 2.684470 -0.048743 
2823 0.733392 0.000000 0.720985 19.665396 -0.019748 1.360203 -0.027163 
2824 0.733392 0.000000 0.677414 19.732972 -0.016075 1.250227 -0.033442 
2825 0.780113 0.000000 0.720985 19.665238 -0.019534 1.274887 -0.026552 
2826 0.826834 0.000000 0.720985 19.678276 -0.019019 1.220238 -0.027548 
2827 0.826834 0.000000 0.677414 19.722710 -0.015232 1.156392 -0.031774 
2828 0.873555 0.000000 0.720985 19.701989 -0.017819 1.177361 -0.029744 
2829 0.663311 0.000000 0.786341 19.524270 -0.023418 1.700365 -0.015296 
2830 0.663311 0.000000 0.764556 19.598249 -0.021768 1.645466 -0.022461 
2831 0.686671 0.000000 0.786341 19.517967 -0.023823 1.610717 -0.013861 
2832 0.581549 0.000000 0.819020 19.401789 0.076930 2.206812 -0.007938 
2833 0.581549 0.000000 0.808127 19.479930 -0.010934 2.174149 -0.015575 
2834 0.581549 0.000000 0.829912 19.324560 -0.108501 2.199773 0.000035 
2835 0.616590 0.000000 0.917054 18.666600 0.021111 2.096388 0.067315 
2836 0.639950 0.000000 0.917054 18.736052 0.018929 1.951977 0.061993 
2837 0.616590 0.000000 0.938840 18.570811 0.024787 2.275616 0.074672 
2838 0.710032 0.000000 0.829912 19.383566 0.220183 1.700493 -0.000952 
2839 0.710032 0.000000 0.808127 19.456312 -0.021623 1.578655 -0.007238 
2840 0.710032 0.000000 0.851698 19.320743 -0.077572 1.523081 0.007099 
2841 0.966996 0.000000 0.590271 19.769496 -0.002177 0.967125 -0.035595 
2842 0.966996 0.000000 0.503129 19.768994 0.033557 0.806831 -0.034794 
2843 1.060438 0.000000 0.590271 19.745617 0.001836 0.973310 -0.033133 
2844 0.920276 0.000000 0.720985 19.727088 -0.016888 1.145519 -0.032165 
2845 0.920276 0.000000 0.677414 19.749086 -0.013092 1.098732 -0.034182 
2846 0.966996 0.000000 0.720985 19.747528 -0.014604 1.124596 -0.034172 
2847 1.013717 0.000000 0.720985 19.756888 -0.012079 1.115349 -0.035094 
2848 1.013717 0.000000 0.677414 19.761291 -0.007927 1.076490 -0.035329 
2849 1.060438 0.000000 0.720985 19.748331 -0.009861 1.103869 -0.034133 
2850 0.710032 0.000000 0.873483 19.247120 -0.061612 1.468762 0.015040 
2851 0.733392 0.000000 0.873483 19.284240 -0.061458 1.393747 0.011827 
2852 0.710032 0.000000 0.895269 18.966511 0.025635 1.616770 0.042187 
2853 0.756753 0.000000 0.873483 19.324576 -0.060846 1.296676 0.008401 
2854 0.756753 0.000000 0.895269 19.051362 0.029266 1.491887 0.034685 
2855 1.153880 0.000000 0.590271 19.685061 0.005951 0.983631 -0.026874 
2856 1.153880 0.000000 0.503129 19.678076 0.043540 0.825820 -0.025398 
2857 1.247321 0.000000 0.590271 19.597797 0.007993 0.973326 -0.017760 
2858 1.107159 0.000000 0.720985 19.723754 -0.007521 1.108508 -0.031596 
2859 1.107159 0.000000 0.677414 19.723176 -0.003215 1.070099 -0.031314 
2860 1.153880 0.000000 0.720985 19.681454 -0.005395 1.097976 -0.027128 
2861 1.200601 0.000000 0.720985 19.629705 -0.003799 1.104090 -0.021786 
2862 1.200601 0.000000 0.677414 19.634472 0.000261 1.072357 -0.022099 
2863 1.247321 0.000000 0.720985 19.571359 -0.003273 1.086446 -0.015638 
2864 1.107159 0.000000 0.982411 19.503098 0.047995 1.188022 -0.009204 
2865 1.153880 0.000000 0.982411 19.481048 0.048032 1.218340 -0.007125 
2866 1.107159 0.000000 1.025982 19.551903 0.039364 1.436171 -0.015962 
2867 1.340763 0.000000 0.590271 19.514607 0.007683 0.953734 -0.009059 
2868 1.340763 0.000000 0.503129 19.542311 0.047203 0.813421 -0.011270 
2869 1.434205 0.000000 0.590271 19.446155 0.005095 0.913715 -0.001812 
2870 1.294042 0.000000 0.720985 19.514282 -0.003336 1.071333 -0.009655 
2871 1.294042 0.000000 0.677414 19.530139 0.000857 1.053689 -0.011192 
2872 1.340763 0.000000 0.720985 19.462167 -0.004105 1.058261 -0.004212 
2873 1.387484 0.000000 0.808127 19.365552 -0.012321 0.998637 0.006028 
2874 1.387484 0.000000 0.764556 19.391501 -0.009808 1.028024 0.003212 
2875 1.434205 0.000000 0.808127 19.322007 -0.014376 0.967249 0.010644 
2876 1.480926 0.000000 0.808127 19.286878 -0.016802 0.933073 0.014401 
2877 1.480926 0.000000 0.764556 19.317767 -0.014081 0.966539 0.011081 
2878 1.527646 0.000000 0.808127 19.261605 -0.019815 0.897686 0.017147 
2879 1.948134 0.000000 0.982411 19.239890 0.052764 -0.462711 0.020915 
2880 1.901413 0.000000 0.982411 19.089852 0.053248 -0.247979 0.036520 
2881 1.948134 0.000000 1.025982 19.094055 0.053205 -0.385561 0.035866 
2882 1.854692 0.000000 0.982411 19.067396 0.053679 -0.161822 0.038879 
2883 1.807972 0.000000 0.982411 18.895038 0.052759 0.230978 0.056103 
2884 1.854692 0.000000 1.025982 19.045929 0.053762 -0.271053 0.040916 
2885 2.415343 0.000000 0.982411 19.413055 -0.066800 0.455603 0.003235 
2886 2.462063 0.000000 0.982411 19.405998 -0.070664 0.451189 0.003968 
2887 2.415343 0.000000 1.025982 19.405508 -0.052183 0.523837 0.003837 
2888 2.835830 0.000000 1.113124 19.408849 -0.055142 0.544408 0.003436 
2889 2.835830 0.000000 1.200266 19.405474 -0.046453 0.521801 0.003848 
2890 4.611222 0.000000 -0.019724 19.370708 -0.059757 0.040152 0.008123 
2891 4.611222 0.000000 -0.368292 19.381605 -0.047609 -0.345965 0.006698 
2892 2.975993 0.000000 0.982411 19.420689 -0.079148 0.419194 0.002531 
2893 2.929272 0.000000 0.982411 19.419750 -0.081189 0.419516 0.002625 
2894 2.975993 0.000000 1.025982 19.419701 -0.070588 0.470773 0.002514 
2895 3.396480 0.000000 1.113124 19.428633 -0.038662 0.525998 0.001461 
2896 3.396480 0.000000 1.200266 19.427056 -0.021567 0.522953 0.001634 
2897 3.256318 0.000000 0.982411 19.426376 -0.067409 0.424951 0.001938 
2898 3.303039 0.000000 0.982411 19.427407 -0.064843 0.428168 0.001826 
2899 3.256318 0.000000 1.025982 19.426998 -0.057947 0.466789 0.001779 
2900 3.349759 0.000000 0.982411 19.428295 -0.062059 0.429344 0.001733 
2901 3.396480 0.000000 0.982411 19.429211 -0.058900 0.430837 0.001637 
2902 3.349759 0.000000 1.025982 19.428899 -0.052081 0.467720 0.001583 
2903 3.536643 0.000000 0.982411 19.431537 -0.046144 0.435178 0.001391 
2904 3.489922 0.000000 0.982411 19.430776 -0.050938 0.433641 0.001472 
2905 3.536643 0.000000 1.025982 19.432131 -0.036048 0.467266 0.001256 
2906 4.424339 0.000000 0.503129 19.382252 -0.114408 0.528685 0.006181 
2907 4.424339 0.000000 0.328845 19.383533 -0.043402 0.300430 0.006579 
2908 4.611222 0.000000 0.503129 19.382277 -0.116075 0.531995 0.006168 
2909 4.798105 0.000000 0.503129 19.383689 -0.068248 0.509007 0.006110 
2910 4.798105 0.000000 0.328845 19.377353 -0.034434 0.304431 0.007208 
2911 4.330897 0.000000 0.764556 19.391375 -0.055272 0.776205 0.004418 
2912 4.330897 0.000000 0.677414 19.387709 -0.082844 0.729612 0.004970 
2913 4.424339 0.000000 0.764556 19.389722 -0.065036 0.781610 0.004563 
2914 4.517780 0.000000 0.764556 19.390743 -0.075020 0.787428 0.004430 
2915 4.517780 0.000000 0.677414 19.387088 -0.068069 0.730815 0.005035 
2916 4.611222 0.000000 0.764556 19.395175 -0.083305 0.795761 0.003937 
2917 4.330897 0.000000 1.113124 19.430563 0.041121 0.527784 0.001257 
2918 4.424339 0.000000 1.113124 19.431743 0.038858 0.534416 0.001118 
2919 4.330897 0.000000 1.200266 19.436412 0.025408 0.536634 0.000634 
2920 4.517780 0.000000 1.113124 19.435285 0.034496 0.542118 0.000733 
2921 4.611222 0.000000 1.113124 19.440848 0.029055 0.551066 0.000136 
2922 4.517780 0.000000 1.200266 19.441459 0.024568 0.540666 0.000104 
2923 7.975123 0.000000 -1.065430 19.441961 -0.092583 -1.074374 -0.002247 
2924 7.975123 0.000000 -1.762567 19.472095 -0.023680 -0.182573 -0.002363 
2925 8.722656 0.000000 -1.065430 19.436425 -0.120858 -1.209529 -0.002510 
2926 9.470190 0.000000 -1.065430 19.454959 -0.125449 -1.377254 -0.005566 
2927 9.470190 0.000000 -1.762567 19.459949 -0.032477 -0.163708 -0.001097 
2928 10.217723 0.000000 -1.065430 19.473457 -0.244467 -1.584415 -0.009207 
2929 6.106289 0.000000 -0.019724 19.307676 0.112755 -0.013385 0.014547 
2930 6.106289 0.000000 -0.368292 19.338617 0.014925 -0.468607 0.010839 
2931 6.480056 0.000000 -0.019724 19.317399 0.122698 -0.025761 0.013547 
2932 6.853823 0.000000 -0.019724 19.314964 0.148096 -0.020035 0.013778 
2933 6.853823 0.000000 -0.368292 19.352280 0.050189 -0.499125 0.009358 
2934 7.227589 0.000000 -0.019724 19.335591 0.163447 -0.019436 0.011658 
2935 4.704664 0.000000 0.764556 19.401263 -0.088900 0.804164 0.003275 
2936 4.704664 0.000000 0.677414 19.392410 -0.118773 0.727778 0.004476 
2937 4.798105 0.000000 0.764556 19.407643 -0.091886 0.814925 0.002573 
2938 4.891547 0.000000 0.764556 19.414147 -0.067574 0.813609 0.001921 
2939 4.891547 0.000000 0.677414 19.401029 -0.120563 0.746401 0.003518 
2940 4.984989 0.000000 0.764556 19.420019 -0.069261 0.829059 0.001251 
2941 6.106289 0.000000 2.071688 19.465873 0.010692 0.131080 -0.001679 
2942 5.732522 0.000000 2.071688 19.466387 -0.016883 0.146635 -0.001743 
2943 6.106289 0.000000 2.420257 19.459310 -0.004018 0.039896 -0.000962 
2944 4.704664 0.000000 1.113124 19.448582 0.023485 0.557715 -0.000678 
2945 4.798105 0.000000 1.113124 19.457953 0.018011 0.563080 -0.001657 
2946 4.704664 0.000000 1.200266 19.453200 0.015064 0.553343 -0.001139 
2947 4.891547 0.000000 1.113124 19.467297 0.013513 0.567417 -0.002631 
2948 4.984989 0.000000 1.113124 19.476501 0.010059 0.570810 -0.003588 
2949 4.891547 0.000000 1.200266 19.469575 0.004924 0.558843 -0.002840 
2950 5.078431 0.000000 0.764556 19.425103 -0.071703 0.846478 0.000651 
2951 5.078431 0.000000 0.677414 19.408727 -0.122633 0.774270 0.002615 
2952 5.919406 0.000000 0.503129 19.359558 -0.022187 0.683567 0.008042 
2953 5.919406 0.000000 0.328845 19.335632 0.009131 0.379410 0.011345 
2954 6.106289 0.000000 0.503129 19.356000 -0.008872 0.718096 0.008279 
2955 6.293172 0.000000 0.503129 19.355209 0.005163 0.747544 0.008246 
2956 6.293172 0.000000 0.328845 19.339287 0.027924 0.419886 0.010884 
2957 6.480056 0.000000 0.503129 19.356737 0.019428 0.770194 0.007998 
2958 5.639081 0.000000 0.764556 19.436036 -0.064630 0.959937 -0.001011 
2959 5.639081 0.000000 0.677414 19.414694 -0.112680 0.898856 0.001458 
2960 5.732522 0.000000 0.764556 19.433588 -0.056253 0.984868 -0.000885 
2961 5.078431 0.000000 1.113124 19.484480 0.008381 0.573911 -0.004420 
2962 5.078431 0.000000 1.200266 19.485072 -0.001196 0.559236 -0.004436 
2963 5.218593 0.000000 0.895269 19.458380 -0.042726 0.840870 -0.002736 
2964 5.171872 0.000000 0.895269 19.456396 -0.040338 0.830283 -0.002484 
2965 5.218593 0.000000 0.851698 19.448779 -0.058157 0.887756 -0.001967 
2966 5.825964 0.000000 0.764556 19.429942 -0.046633 1.010744 -0.000645 
2967 5.825964 0.000000 0.677414 19.406971 -0.053065 0.927192 0.002140 
2968 5.919406 0.000000 0.764556 19.425566 -0.036176 1.036866 -0.000334 
2969 6.012847 0.000000 0.764556 19.421709 -0.071128 1.048155 -0.000010 
2970 6.012847 0.000000 0.677414 19.398551 -0.033151 0.979897 0.002742 
2971 6.106289 0.000000 0.764556 19.416397 -0.061833 1.072508 0.000402 
2972 5.592360 0.000000 0.895269 19.466918 -0.017597 0.899356 -0.003879 
2973 5.592360 0.000000 0.851698 19.457099 -0.028267 0.943843 -0.003087 
2974 5.639081 0.000000 0.895269 19.466973 -0.015112 0.909957 -0.003935 
2975 5.685802 0.000000 0.895269 19.466558 -0.012127 0.920585 -0.003944 
2976 5.685802 0.000000 0.851698 19.456466 -0.021652 0.965683 -0.003131 
2977 5.732522 0.000000 0.895269 19.465656 -0.008689 0.931258 -0.003903 
2978 7.601356 0.000000 -0.019724 19.360281 0.176486 -0.018909 0.009121 
2979 7.601356 0.000000 -0.368292 19.373300 0.104213 -0.481969 0.007229 
2980 7.975123 0.000000 -0.019724 19.379397 0.173035 -0.018153 0.007167 
2981 8.348890 0.000000 -0.019724 19.389973 0.169798 -0.013844 0.006086 
2982 8.348890 0.000000 -0.368292 19.391778 0.116267 -0.448962 0.005409 
2983 8.722656 0.000000 -0.019724 19.397381 -0.023706 -0.066732 0.005390 
2984 6.666939 0.000000 0.503129 19.356991 0.033698 0.786173 0.007904 
2985 6.666939 0.000000 0.328845 19.349453 0.047807 0.438225 0.009799 
2986 6.853823 0.000000 0.503129 19.355544 0.047404 0.796149 0.008008 
2987 7.040706 0.000000 0.503129 19.354287 0.057808 0.789002 0.008163 
2988 7.040706 0.000000 0.328845 19.354613 0.063820 0.427303 0.009291 
2989 7.227589 0.000000 0.503129 19.355399 0.073024 0.789094 0.008044 
2990 6.199731 0.000000 0.764556 19.411401 -0.054159 1.095797 0.000783 
2991 6.199731 0.000000 0.677414 19.390855 -0.013774 1.027570 0.003281 
2992 6.293172 0.000000 0.764556 19.406025 -0.048650 1.117791 0.001208 
2993 6.386614 0.000000 0.938840 19.439237 0.016003 1.008768 -0.001584 
2994 6.386614 0.000000 0.851698 19.418727 0.020445 1.133552 -0.000185 
2995 6.666939 0.000000 1.548835 19.482501 -0.014070 0.294315 -0.003574 
2996 6.480056 0.000000 1.548835 19.484234 -0.012895 0.298732 -0.003760 
2997 6.666939 0.000000 1.723119 19.478673 -0.018756 0.214317 -0.003073 
2998 6.760381 0.000000 1.287409 19.479283 -0.001962 0.471946 -0.003602 
2999 6.666939 0.000000 1.287409 19.480726 0.000068 0.469257 -0.003744 
3000 6.760381 0.000000 1.374551 19.482864 -0.003041 0.394867 -0.003794 
3001 6.573498 0.000000 1.287409 19.482185 0.002335 0.467296 -0.003889 
3002 6.480056 0.000000 1.287409 19.483892 0.004648 0.466012 -0.004062 
3003 6.573498 0.000000 1.374551 19.484588 -0.000467 0.395588 -0.003973 
3004 6.807102 0.000000 1.156695 19.469511 -0.012718 0.639988 -0.003090 
3005 6.760381 0.000000 1.156695 19.470597 -0.009882 0.634884 -0.003185 
3006 6.807102 0.000000 1.200266 19.473382 0.003023 0.574396 -0.003278 
3007 6.713660 0.000000 1.156695 19.471323 0.010087 0.625406 -0.003228 
3008 6.666939 0.000000 1.156695 19.472495 0.012928 0.620391 -0.003332 
3009 6.713660 0.000000 1.200266 19.475404 0.006693 0.566587 -0.003463 
3010 7.414473 0.000000 0.503129 19.359665 0.090811 0.784244 0.007620 
3011 7.414473 0.000000 0.328845 19.367136 0.090038 0.418910 0.008017 
3012 7.601356 0.000000 0.503129 19.365932 0.108910 0.775366 0.007005 
3013 7.788239 0.000000 0.503129 19.373034 0.122748 0.764608 0.006313 
3014 7.788239 0.000000 0.328845 19.381970 0.106096 0.404894 0.006520 
3015 7.975123 0.000000 0.503129 19.379126 0.130126 0.754598 0.005725 
3016 10.965257 0.000000 -1.065430 19.447927 -0.250310 -1.544723 -0.006260 
3017 10.965257 0.000000 -1.762567 19.451687 -0.019942 -0.209461 -0.000291 
3018 11.712790 0.000000 -1.065430 19.448210 -0.048577 -1.539903 -0.006090 
3019 12.460324 0.000000 -1.065430 19.448455 -0.279810 -1.290093 -0.004448 
3020 12.460324 0.000000 -1.762567 19.448524 0.003178 -0.103400 0.000123 
3021 13.207857 0.000000 -1.065430 19.448491 -0.276949 -1.294668 -0.004478 
3022 9.096423 0.000000 -0.019724 19.395091 -0.024638 -0.033415 0.005634 
3023 9.096423 0.000000 -0.368292 19.399636 0.115911 -0.428579 0.004651 
3024 9.470190 0.000000 -0.019724 19.394770 -0.035934 -0.001275 0.005668 
3025 9.843957 0.000000 -0.019724 19.400307 -0.035061 0.001710 0.005100 
3026 9.843957 0.000000 -0.368292 19.404519 0.103814 -0.423262 0.004169 
3027 10.217723 0.000000 -0.019724 19.414699 -0.008744 -0.015422 0.003626 
3028 8.162006 0.000000 0.503129 19.382879 0.133797 0.745927 0.005372 
3029 8.162006 0.000000 0.328845 19.390840 0.109281 0.390480 0.005639 
3030 8.348890 0.000000 0.503129 19.385546 0.136468 0.737441 0.005130 
3031 8.535773 0.000000 0.503129 19.388751 0.138731 0.729548 0.004830 
3032 8.535773 0.000000 0.328845 19.395470 0.108832 0.376242 0.005194 
3033 8.722656 0.000000 0.503129 19.392601 0.140736 0.723463 0.004458 
3034 7.694798 0.000000 0.938840 19.414859 -0.065657 1.331705 -0.001089 
3035 7.694798 0.000000 0.851698 19.395275 -0.089679 1.431116 0.000184 
3036 7.788239 0.000000 0.938840 19.414646 -0.064601 1.353438 -0.001221 
3037 7.648077 0.000000 1.069553 19.442708 -0.086772 0.996226 -0.001894 
3038 7.648077 0.000000 1.025982 19.434587 -0.066610 1.108107 -0.001673 
3039 7.694798 0.000000 1.069553 19.442510 -0.088049 1.005823 -0.001925 
3040 7.741519 0.000000 1.069553 19.442299 -0.089104 1.015288 -0.001954 
3041 7.741519 0.000000 1.025982 19.434160 -0.067928 1.127896 -0.001747 
3042 7.788239 0.000000 1.069553 19.442174 -0.089941 1.024644 -0.001992 
3043 8.909540 0.000000 0.503129 19.396059 0.141578 0.719709 0.004117 
3044 8.909540 0.000000 0.328845 19.399015 0.108908 0.367119 0.004848 
3045 9.096423 0.000000 0.503129 19.398503 0.139961 0.718059 0.003874 
3046 9.283306 0.000000 0.503129 19.399244 0.135931 0.717844 0.003801 
3047 9.283306 0.000000 0.328845 19.400207 0.107197 0.363248 0.004734 
3048 9.470190 0.000000 0.503129 19.399189 0.083041 0.747557 0.003722 
3049 8.816098 0.000000 1.461693 19.474094 -0.043585 0.336587 -0.002784 
3050 8.722656 0.000000 1.461693 19.473580 -0.042584 0.338340 -0.002734 
3051 8.816098 0.000000 1.548835 19.469659 -0.046149 0.285692 -0.002244 
3052 8.956261 0.000000 1.330980 19.474311 -0.094716 0.469715 -0.003108 
3053 8.909540 0.000000 1.330980 19.474140 -0.092817 0.470734 -0.003092 
3054 8.956261 0.000000 1.374551 19.473052 -0.076558 0.410663 -0.002833 
3055 10.591490 0.000000 -0.019724 19.426191 -0.032108 -0.006254 0.002444 
3056 10.591490 0.000000 -0.368292 19.430605 0.039357 -0.462742 0.001423 
3057 10.965257 0.000000 -0.019724 19.435367 -0.012715 -0.013262 0.001503 
3058 11.339023 0.000000 -0.019724 19.440803 -0.114429 -0.011259 0.000910 
3059 11.339023 0.000000 -0.368292 19.442642 -0.070826 -0.424931 0.000266 
3060 11.712790 0.000000 -0.019724 19.444947 0.002395 -0.004479 0.000519 
3061 9.657073 0.000000 0.503129 19.400240 0.078008 0.746447 0.003621 
3062 9.657073 0.000000 0.328845 19.401485 0.101668 0.360556 0.004612 
3063 9.843957 0.000000 0.503129 19.404335 0.074628 0.745373 0.003207 
3064 10.030840 0.000000 0.503129 19.411965 0.073132 0.746163 0.002421 
3065 10.030840 0.000000 0.328845 19.410216 0.090649 0.355337 0.003731 
3066 10.217723 0.000000 0.503129 19.421288 0.072743 0.750306 0.001448 
3067 9.189865 0.000000 1.461693 19.472930 -0.042561 0.322700 -0.002639 
3068 9.189865 0.000000 1.548835 19.467179 -0.041457 0.274820 -0.001971 
3069 9.423469 0.000000 1.330980 19.472679 -0.107395 0.441373 -0.002879 
3070 9.423469 0.000000 1.374551 19.467708 -0.074477 0.387913 -0.002234 
3071 9.797236 0.000000 1.330980 19.454285 -0.100838 0.400547 -0.000892 
3072 9.797236 0.000000 1.374551 19.447681 -0.050047 0.351279 -0.000094 
3073 10.404607 0.000000 0.503129 19.428893 0.072709 0.756358 0.000643 
3074 10.404607 0.000000 0.328845 19.424270 0.082319 0.360743 0.002282 
3075 10.591490 0.000000 0.503129 19.433690 0.069777 0.756808 0.000150 
3076 10.778373 0.000000 0.851698 19.443671 0.211452 1.857341 -0.008586 
3077 10.778373 0.000000 0.677414 19.441695 0.111373 1.335141 -0.003891 
3078 10.965257 0.000000 0.851698 19.445053 0.211062 1.806388 -0.008235 
3079 10.498048 0.000000 1.113124 19.454417 -0.396195 1.318369 -0.005464 
3080 10.498048 0.000000 1.025982 19.451750 -0.136562 1.759591 -0.008414 
3081 10.591490 0.000000 1.113124 19.451563 -0.389093 1.315635 -0.005136 
3082 10.498048 0.000000 1.461693 19.449729 0.034116 0.363602 -0.000325 
3083 10.591490 0.000000 1.461693 19.450260 0.057332 0.340611 -0.000342 
3084 10.498048 0.000000 1.548835 19.449722 0.017275 0.272956 -0.000169 
3085 10.357886 0.000000 1.330980 19.448413 0.134223 0.367760 -0.000242 
3086 10.404607 0.000000 1.330980 19.450564 0.135491 0.366259 -0.000461 
3087 10.357886 0.000000 1.374551 19.447357 0.105331 0.403302 -0.000188 
3088 10.684932 0.000000 1.287409 19.450578 0.057932 0.249057 -0.000232 
3089 10.684932 0.000000 1.200266 19.450363 -0.508924 0.639165 -0.001802 
3090 10.684932 0.000000 1.374551 19.449909 0.107709 0.410121 -0.000466 
3091 12.086557 0.000000 -0.019724 19.446884 0.058362 -0.004195 0.000311 
3092 12.086557 0.000000 -0.368292 19.447119 -0.010347 -0.164891 0.000224 
3093 12.460324 0.000000 -0.019724 19.447674 0.058620 -0.004211 0.000230 
3094 12.834090 0.000000 -0.019724 19.448196 0.058821 -0.004220 0.000176 
3095 12.834090 0.000000 -0.368292 19.448271 0.032701 -0.166147 0.000102 
3096 13.207857 0.000000 -0.019724 19.448599 0.058983 -0.004226 0.000135 
3097 11.152140 0.000000 0.851698 19.444924 0.373088 1.770453 -0.008132 
3098 11.152140 0.000000 0.677414 19.442587 0.181057 1.226137 -0.003299 
3099 11.339023 0.000000 0.851698 19.445863 0.356658 1.744808 -0.007958 
3100 12.366882 0.000000 1.287409 19.448662 0.064516 0.075504 0.000111 
3101 12.366882 0.000000 1.200266 19.448548 -0.519446 0.427944 -0.001048 
3102 12.366882 0.000000 1.374551 19.448756 0.128144 0.262335 -0.000097 
3103 3.653445 0.000000 0.917054 19.427829 -0.039169 0.548323 0.001480 
3104 3.653445 0.000000 0.895269 19.426253 -0.014045 0.602307 0.001481 
3105 3.653445 0.000000 0.938840 19.431711 -0.306088 0.490052 0.000997 
3106 0.441387 0.000000 0.862591 18.229876 -0.018790 3.290210 0.092911 
3107 0.441387 0.000000 0.873483 18.239273 -0.011583 3.354192 0.090881 
3108 3.139516 0.000000 0.917054 19.419823 -0.059890 0.482994 0.002474 
3109 3.139516 0.000000 0.895269 19.417378 -0.050006 0.607295 0.002370 
3110 3.139516 0.000000 0.938840 19.421652 -0.136456 0.424903 0.002386 
3111 3.746887 0.000000 0.917054 19.429244 -0.024725 0.558805 0.001306 
3112 3.746887 0.000000 0.895269 19.427561 -0.003125 0.607784 0.001330 
3113 3.746887 0.000000 0.938840 19.433005 -0.224213 0.440703 0.001100 
3114 3.840328 0.000000 0.917054 19.428544 -0.010921 0.568078 0.001352 
3115 3.840328 0.000000 0.895269 19.426620 0.009148 0.615326 0.001402 
3116 3.840328 0.000000 0.938840 19.431819 -0.160460 0.430805 0.001310 
3117 3.933770 0.000000 0.917054 19.426577 0.001043 0.575856 0.001531 
3118 3.933770 0.000000 0.895269 19.424479 0.020885 0.622677 0.001596 
3119 3.933770 0.000000 0.938840 19.429971 -0.127530 0.416875 0.001556 
3120 4.027212 0.000000 0.917054 19.423073 0.011120 0.585734 0.001860 
3121 4.027212 0.000000 0.895269 19.420795 0.030508 0.631532 0.001944 
3122 4.027212 0.000000 0.938840 19.426919 -0.093624 0.400116 0.001926 
3123 4.120653 0.000000 0.917054 19.417984 0.018347 0.598175 0.002343 
3124 4.120653 0.000000 0.895269 19.415491 0.036003 0.641330 0.002455 
3125 4.120653 0.000000 0.938840 19.422438 -0.052795 0.394732 0.002413 
3126 5.335395 0.000000 0.960626 19.477863 -0.024543 0.700100 -0.004164 
3127 5.335395 0.000000 0.938840 19.470611 -0.027464 0.789107 -0.003769 
3128 5.335395 0.000000 0.982411 19.483387 -0.031435 0.657757 -0.004582 
3129 5.428837 0.000000 0.960626 19.479517 -0.028151 0.736766 -0.004475 
3130 5.428837 0.000000 0.938840 19.473057 -0.025334 0.808958 -0.004104 
3131 5.428837 0.000000 0.982411 19.486099 -0.034001 0.672605 -0.004914 
3132 5.779243 0.000000 0.895269 19.464382 -0.004980 0.942034 -0.003825 
3133 5.779243 0.000000 0.851698 19.454026 -0.013442 0.988249 -0.002996 
3134 5.825964 0.000000 0.895269 19.462718 -0.001197 0.952875 -0.003708 
3135 5.872685 0.000000 0.895269 19.460529 0.002702 0.963675 -0.003538 
3136 5.872685 0.000000 0.851698 19.450129 -0.004481 1.011175 -0.002716 
3137 5.919406 0.000000 0.895269 19.458163 0.006549 0.974477 -0.003350 
3138 5.872685 0.000000 1.069553 19.495634 0.032109 0.649129 -0.005815 
3139 5.825964 0.000000 1.069553 19.497364 0.031227 0.644686 -0.005977 
3140 5.872685 0.000000 1.113124 19.498881 0.028255 0.606334 -0.006007 
3141 5.989487 0.000000 1.004197 19.479113 -0.003299 0.761476 -0.004529 
3142 5.989487 0.000000 0.982411 19.471965 0.003124 0.841941 -0.004134 
3143 5.989487 0.000000 1.025982 19.483931 0.007640 0.715220 -0.004844 
3144 6.082929 0.000000 1.004197 19.472039 -0.003386 0.792305 -0.003927 
3145 6.082929 0.000000 0.982411 19.465899 0.009679 0.861343 -0.003597 
3146 6.082929 0.000000 1.025982 19.477986 0.003924 0.731247 -0.004293 
3147 6.620218 0.000000 1.156695 19.473650 0.015672 0.615504 -0.003435 
3148 6.573498 0.000000 1.156695 19.475035 0.018382 0.610731 -0.003563 
3149 6.620218 0.000000 1.200266 19.477531 0.010579 0.559385 -0.003660 
3150 6.526777 0.000000 1.156695 19.476767 0.003911 0.610398 -0.003739 
3151 6.480056 0.000000 1.156695 19.478042 0.006380 0.605774 -0.003856 
3152 6.526777 0.000000 1.200266 19.479888 0.014435 0.552919 -0.003884 
3153 6.526777 0.000000 0.982411 19.444292 0.006481 0.949294 -0.001795 
3154 6.480056 0.000000 0.982411 19.445977 0.011124 0.937371 -0.001909 
3155 6.526777 0.000000 0.938840 19.433362 0.006073 1.042926 -0.001165 
3156 6.713660 0.000000 0.982411 19.437636 -0.013623 0.997122 -0.001358 
3157 6.713660 0.000000 0.938840 19.426676 -0.011873 1.089337 -0.000740 
3158 6.760381 0.000000 0.982411 19.436235 -0.018679 1.008970 -0.001277 
3159 6.993985 0.000000 1.156695 19.466479 -0.023923 0.659384 -0.002846 
3160 6.993985 0.000000 1.200266 19.470430 -0.020244 0.594806 -0.003038 
3161 7.461194 0.000000 1.069553 19.444517 -0.079759 0.956826 -0.001873 
3162 7.461194 0.000000 1.025982 19.436108 -0.061504 1.067728 -0.001596 
3163 7.741519 0.000000 1.243838 19.468944 -0.043612 0.583186 -0.002853 
3164 7.694798 0.000000 1.243838 19.468804 -0.041283 0.580656 -0.002830 
3165 7.741519 0.000000 1.287409 19.470652 -0.025525 0.519341 -0.002839 
3166 7.881681 0.000000 0.938840 19.414430 -0.062318 1.375094 -0.001354 
3167 7.881681 0.000000 0.851698 19.394530 -0.035455 1.490387 -0.000179 
3168 7.975123 0.000000 0.938840 19.414742 -0.059210 1.396786 -0.001544 
3169 7.834960 0.000000 1.069553 19.442111 -0.090697 1.034021 -0.002037 
3170 7.834960 0.000000 1.025982 19.433214 -0.091756 1.161486 -0.001863 
3171 7.881681 0.000000 1.069553 19.442308 -0.091398 1.043384 -0.002109 
3172 7.928402 0.000000 1.069553 19.442511 -0.092069 1.052692 -0.002182 
3173 7.928402 0.000000 1.025982 19.433456 -0.091750 1.181318 -0.002011 
3174 7.975123 0.000000 1.069553 19.442773 -0.092627 1.061888 -0.002260 
3175 7.928402 0.000000 1.243838 19.469274 -0.054917 0.592311 -0.002918 
3176 7.928402 0.000000 1.287409 19.470664 -0.033671 0.527595 -0.002865 
3177 8.395610 0.000000 1.156695 19.454224 -0.109202 0.857318 -0.002409 
3178 8.395610 0.000000 1.113124 19.447865 -0.107690 0.997397 -0.002441 
3179 8.582494 0.000000 1.156695 19.450845 -0.129840 0.884230 -0.002198 
3180 8.582494 0.000000 1.113124 19.443835 -0.124355 1.026557 -0.002193 
3181 8.862819 0.000000 1.243838 19.469021 -0.159571 0.689797 -0.003282 
3182 8.862819 0.000000 1.200266 19.465157 -0.151989 0.784638 -0.003248 
3183 8.862819 0.000000 1.287409 19.472625 -0.114688 0.546663 -0.003153 
3184 8.862819 0.000000 1.330980 19.473767 -0.090615 0.471541 -0.003055 
3185 8.816098 0.000000 1.330980 19.473190 -0.088184 0.472054 -0.002996 
3186 8.862819 0.000000 1.374551 19.472899 -0.074679 0.413253 -0.002822 
3187 8.769377 0.000000 1.330980 19.472959 -0.090329 0.480386 -0.002994 
3188 8.722656 0.000000 1.330980 19.472209 -0.087322 0.480306 -0.002915 
3189 8.769377 0.000000 1.374551 19.472237 -0.071921 0.414864 -0.002757 
3190 8.769377 0.000000 1.156695 19.455433 -0.152203 0.914129 -0.002829 
3191 8.769377 0.000000 1.113124 19.447731 -0.143885 1.060593 -0.002795 
3192 8.816098 0.000000 1.156695 19.457490 -0.156588 0.921531 -0.003080 
3193 8.956261 0.000000 1.156695 19.463080 -0.166890 0.942302 -0.003766 
3194 8.909540 0.000000 1.156695 19.461421 -0.163812 0.935681 -0.003560 
3195 8.956261 0.000000 1.113124 19.455940 -0.153979 1.096242 -0.003850 
3196 9.236586 0.000000 1.330980 19.473015 -0.101499 0.459062 -0.002952 
3197 9.189865 0.000000 1.330980 19.473319 -0.100755 0.461526 -0.002989 
3198 9.236586 0.000000 1.374551 19.470648 -0.077247 0.399446 -0.002562 
3199 9.143144 0.000000 1.330980 19.473692 -0.099892 0.463588 -0.003032 
3200 9.143144 0.000000 1.374551 19.471765 -0.077854 0.403777 -0.002686 
3201 9.026342 0.000000 1.222052 19.472803 -0.148608 0.720609 -0.003777 
3202 9.002981 0.000000 1.222052 19.472453 -0.146432 0.719454 -0.003735 
3203 9.026342 0.000000 1.200266 19.471448 -0.168980 0.788435 -0.003925 
3204 9.143144 0.000000 1.156695 19.469616 -0.186773 0.964221 -0.004568 
3205 9.143144 0.000000 1.113124 19.460548 -0.159178 1.130637 -0.004531 
3206 9.189865 0.000000 1.156695 19.470222 -0.190329 0.970196 -0.004664 
3207 9.610352 0.000000 1.330980 19.466900 -0.108071 0.422346 -0.002241 
3208 9.610352 0.000000 1.374551 19.462205 -0.070775 0.368757 -0.001628 
3209 9.960759 0.000000 1.265623 19.460198 -0.210110 0.474171 -0.001760 
3210 9.960759 0.000000 1.243838 19.473319 -0.266638 0.550391 -0.003388 
3211 9.960759 0.000000 1.287409 19.447606 -0.155684 0.416984 -0.000277 
3212 10.100921 0.000000 1.265623 19.433455 -0.187494 0.363364 0.001259 
3213 10.100921 0.000000 1.243838 19.454976 -0.294641 0.443905 -0.001262 
3214 10.100921 0.000000 1.287409 19.416200 -0.089706 0.332540 0.003159 
3215 10.100921 0.000000 1.309194 19.407403 -0.017450 0.333345 0.004081 
3216 10.100921 0.000000 1.330980 19.405922 0.025080 0.347983 0.004206 
3217 10.007479 0.000000 1.309194 19.428400 -0.081467 0.363408 0.001853 
3218 9.984119 0.000000 1.309194 19.433268 -0.092285 0.372269 0.001331 
3219 10.007479 0.000000 1.330980 19.422435 -0.036346 0.354932 0.002496 
3220 10.194363 0.000000 1.309194 19.408734 0.073280 0.327787 0.003941 
3221 10.217723 0.000000 1.309194 19.416936 0.091063 0.328326 0.003090 
3222 10.194363 0.000000 1.330980 19.411589 0.096779 0.363593 0.003572 
3223 10.241084 0.000000 1.265623 19.437390 -0.095688 0.247995 0.001109 
3224 10.241084 0.000000 1.243838 19.449205 -0.276773 0.308402 -0.000372 
3225 10.241084 0.000000 1.287409 19.429305 0.039462 0.274763 0.001923 
3226 10.241084 0.000000 1.309194 19.426177 0.103472 0.327804 0.002136 
3227 10.264444 0.000000 1.309194 19.434333 0.110993 0.326262 0.001296 
3228 10.241084 0.000000 1.330980 19.426538 0.119497 0.369936 0.002012 
3229 10.287805 0.000000 1.309194 19.440501 0.115226 0.324209 0.000664 
3230 10.311165 0.000000 1.309194 19.444850 0.117619 0.322172 0.000219 
3231 10.287805 0.000000 1.330980 19.439280 0.129532 0.370477 0.000695 
3232 10.684932 0.000000 1.461693 19.450108 0.054350 0.344081 -0.000332 
3233 10.778373 0.000000 1.461693 19.451316 0.042969 0.374985 -0.000512 
3234 10.684932 0.000000 1.548835 19.451586 0.005331 0.301244 -0.000403 
3235 10.871815 0.000000 1.461693 19.450813 0.043471 0.374952 -0.000460 
3236 10.965257 0.000000 1.461693 19.450634 0.049846 0.387948 -0.000470 
3237 10.871815 0.000000 1.548835 19.451142 0.012613 0.313085 -0.000377 
3238 11.058698 0.000000 1.461693 19.450183 0.045852 0.385667 -0.000418 
3239 11.152140 0.000000 1.461693 19.449861 0.053338 0.452729 -0.000535 
3240 11.058698 0.000000 1.548835 19.450271 0.008961 0.310854 -0.000283 
3241 11.245582 0.000000 1.461693 19.449549 0.053336 0.453044 -0.000504 
3242 11.339023 0.000000 1.461693 19.449258 0.053255 0.453431 -0.000475 
3243 11.245582 0.000000 1.548835 19.449899 0.009430 0.363265 -0.000339 
3244 11.432465 0.000000 1.287409 19.448372 0.120750 0.390316 -0.000274 
3245 11.432465 0.000000 1.200266 19.447985 -0.390619 0.786859 -0.001833 
3246 11.432465 0.000000 1.374551 19.448735 0.140105 0.520861 -0.000639 
3247 11.432465 0.000000 1.461693 19.449541 0.081888 0.415205 -0.000426 
3248 11.525907 0.000000 1.461693 19.449548 0.052398 0.379501 -0.000341 
3249 11.432465 0.000000 1.548835 19.449962 0.008809 0.297020 -0.000229 
3250 11.619349 0.000000 1.461693 19.449400 -0.005445 0.338093 -0.000241 
3251 11.712790 0.000000 1.461693 19.450135 0.038229 0.268670 -0.000209 
3252 11.619349 0.000000 1.548835 19.450596 -0.001084 0.197277 -0.000164 
3253 11.806232 0.000000 1.461693 19.449972 0.038278 0.268904 -0.000192 
3254 11.899674 0.000000 1.461693 19.449839 0.038284 0.269116 -0.000179 
3255 11.806232 0.000000 1.548835 19.450181 -0.000973 0.197729 -0.000122 
3256 11.993115 0.000000 1.461693 19.449724 0.038331 0.269327 -0.000167 
3257 12.086557 0.000000 1.461693 19.449659 0.038375 0.269525 -0.000161 
3258 11.993115 0.000000 1.548835 19.449918 -0.000929 0.198113 -0.000095 
3259 12.179999 0.000000 1.461693 19.449711 0.042939 0.249725 -0.000140 
3260 12.273440 0.000000 1.461693 19.448803 0.062637 0.245088 -0.000046 
3261 12.179999 0.000000 1.548835 19.449434 -0.017432 0.214632 -0.000064 
3262 12.366882 0.000000 1.461693 19.448862 0.062693 0.245159 -0.000052 
3263 12.460324 0.000000 1.461693 19.448394 0.071106 0.249262 -0.000012 
3264 12.366882 0.000000 1.548835 19.448445 0.035847 0.198029 0.000053 
3265 12.553765 0.000000 1.461693 19.448402 0.071449 0.249290 -0.000013 
3266 12.647207 0.000000 1.461693 19.448346 0.064473 0.248065 -0.000004 
3267 12.553765 0.000000 1.548835 19.448367 0.029380 0.196894 0.000063 
3268 12.740649 0.000000 1.461693 19.448413 0.064528 0.248139 -0.000011 
3269 12.834090 0.000000 1.461693 19.448452 0.064589 0.248199 -0.000015 
3270 12.740649 0.000000 1.548835 19.448481 0.029490 0.197054 0.000051 
3271 12.927532 0.000000 1.461693 19.448510 0.064635 0.248273 -0.000021 
3272 13.020974 0.000000 1.461693 19.448565 0.064679 0.248327 -0.000027 
3273 12.927532 0.000000 1.548835 19.448567 0.029599 0.197179 0.000042 
3274 0.488108 0.000000 0.840805 19.432347 -0.038831 4.468692 -0.050976 
3275 0.499788 0.000000 0.840805 19.264929 -0.038640 4.912618 -0.044859 
3276 0.488108 0.000000 0.851698 18.777350 -0.057512 2.988478 0.044354 
3277 0.324585 0.000000 0.819020 22.250111 -0.027663 3.927008 -0.349422 
3278 0.312905 0.000000 0.819020 22.960871 -0.025963 3.880675 -0.433408 
3279 0.324585 0.000000 0.808127 22.892054 -0.026470 3.346102 -0.414855 
3280 0.242823 0.000000 0.873483 17.661197 0.006880 0.440787 0.174967 
3281 0.184422 0.000000 0.819020 21.613107 -0.005411 -1.605494 -0.241610 
3282 0.172742 0.000000 0.819020 21.387921 -0.005159 -1.781520 -0.217589 
3283 0.184422 0.000000 0.829912 21.495138 -0.005361 -1.702136 -0.229012 
3284 0.161062 0.000000 0.819020 21.234467 -0.004939 -1.977086 -0.202243 
3285 0.149382 0.000000 0.819020 21.029395 -0.004609 -2.414617 -0.184412 
3286 0.161062 0.000000 0.829912 21.029395 -0.004609 -2.414617 -0.184412 
3287 0.324585 0.000000 0.862591 19.085957 -0.020737 5.108595 -0.031904 
3288 0.312905 0.000000 0.862591 19.349508 -0.017731 4.801323 -0.050631 
3289 0.324585 0.000000 0.873483 18.416620 -0.012654 4.784439 0.042928 
3290 0.301224 0.000000 0.819020 23.810408 -0.023914 3.558453 -0.532104 
3291 0.301224 0.000000 0.808127 24.406158 -0.023275 2.867329 -0.596296 
3292 0.301224 0.000000 0.829912 23.339876 -0.024719 3.954217 -0.481318 
3293 0.301224 0.000000 0.840805 21.734141 -0.023193 4.578906 -0.304088 
3294 0.289544 0.000000 0.840805 22.830352 -0.020676 3.661081 -0.413231 
3295 0.301224 0.000000 0.851698 20.487840 -0.017045 4.252233 -0.157363 
3296 0.277864 0.000000 0.840805 22.794896 -0.018693 2.977000 -0.396951 
3297 0.266184 0.000000 0.840805 23.240588 -0.018283 2.677644 -0.446713 
3298 0.277864 0.000000 0.851698 22.050525 -0.014769 2.788381 -0.305836 
3299 0.266184 0.000000 1.156695 18.087441 -0.000466 0.969556 0.132716 
3300 0.219463 0.000000 1.156695 18.156361 -0.000528 0.601696 0.127641 
3301 0.266184 0.000000 1.200266 18.384600 0.001219 0.768738 0.104990 
3302 0.172742 0.000000 1.156695 18.307063 -0.000224 0.305139 0.113826 
3303 0.126021 0.000000 1.156695 18.474214 -0.000289 0.071237 0.097808 
3304 0.172742 0.000000 1.200266 18.526728 0.001337 0.293123 0.092458 
3305 0.196102 0.000000 1.004197 15.704502 0.001827 0.631038 0.347005 
3306 0.172742 0.000000 1.004197 15.732091 0.001304 -0.060949 0.345755 
3307 0.196102 0.000000 1.025982 16.084749 0.001227 0.617506 0.315097 
3308 0.149382 0.000000 1.004197 16.940960 -0.004092 -0.682841 0.240126 
3309 0.126021 0.000000 1.004197 17.599735 -0.002918 -0.938751 0.178880 
3310 0.149382 0.000000 1.025982 17.267400 -0.002989 -0.371412 0.211475 
3311 0.079300 0.000000 1.156695 18.671405 -0.000429 -0.078305 0.078442 
3312 0.032580 0.000000 1.156695 18.838722 0.000575 -0.160383 0.061801 
3313 0.079300 0.000000 1.200266 18.771809 -0.006657 -0.000887 0.068521 
3314 0.336265 0.000000 1.047768 16.778206 0.015696 3.727492 0.219136 
3315 0.312905 0.000000 1.047768 16.526938 0.011140 3.309594 0.249032 
3316 0.336265 0.000000 1.069553 17.227780 0.007916 2.994988 0.191741 
3317 0.569869 0.000000 0.960626 18.147780 0.024928 2.838442 0.108123 
3318 0.593230 0.000000 0.960626 18.387942 0.025468 2.566044 0.088820 
3319 0.569869 0.000000 0.982411 18.206489 0.030534 3.088665 0.098560 
3320 0.569869 0.000000 1.004197 18.275853 0.032013 3.151610 0.090832 
3321 0.593230 0.000000 1.004197 18.362663 0.033537 2.989316 0.085059 
3322 0.569869 0.000000 1.025982 18.534439 0.036464 3.172843 0.065315 
3323 0.616590 0.000000 0.960626 18.541623 0.026433 2.332574 0.076841 
3324 0.639950 0.000000 0.960626 18.638726 0.026199 2.166187 0.069276 
3325 0.616590 0.000000 0.982411 18.315271 0.030995 2.620445 0.095124 
3326 0.616590 0.000000 1.004197 18.498372 0.035879 2.773318 0.075126 
3327 0.639950 0.000000 1.004197 18.563017 0.037790 2.634425 0.070777 
3328 0.616590 0.000000 1.025982 18.632855 0.040223 2.824963 0.061161 
3329 1.107159 0.000000 1.069553 19.551367 0.035801 1.539576 -0.016719 
3330 1.153880 0.000000 1.069553 19.521691 0.035174 1.523427 -0.013523 
3331 1.107159 0.000000 1.113124 19.555694 0.030462 1.611263 -0.017763 
3332 1.107159 0.000000 1.156695 19.581298 0.028911 1.533384 -0.019764 
3333 1.153880 0.000000 1.156695 19.575205 0.029713 1.498406 -0.018853 
3334 1.107159 0.000000 1.200266 19.603850 0.029546 1.443388 -0.021392 
3335 3.863689 0.000000 2.071688 19.447256 -0.016010 0.164281 0.000210 
3336 4.237455 0.000000 2.071688 19.453681 -0.020222 0.165023 -0.000452 
3337 3.863689 0.000000 2.420257 19.443715 -0.005143 0.038966 0.000642 
3338 2.041576 0.000000 1.069553 19.150909 0.019468 -1.768589 0.022249 
3339 1.994855 0.000000 1.069553 19.198050 0.026062 -1.664037 0.018418 
3340 2.041576 0.000000 1.113124 19.111894 0.020776 -1.772221 0.026161 
3341 2.041576 0.000000 1.156695 19.115299 0.019768 -1.823721 0.025328 
3342 1.994855 0.000000 1.156695 19.129944 0.022597 -1.737769 0.024656 
3343 2.041576 0.000000 1.200266 19.092769 0.018450 -1.814163 0.027695 
3344 3.303039 0.000000 1.548835 19.427950 -0.002753 0.305288 0.002020 
3345 3.489922 0.000000 1.548835 19.432107 0.001232 0.305647 0.001592 
3346 3.303039 0.000000 1.723119 19.433328 -0.025328 0.262005 0.001530 
3347 2.648947 0.000000 1.287409 19.392533 -0.028661 0.464746 0.005327 
3348 2.742388 0.000000 1.287409 19.400022 -0.031273 0.466659 0.004554 
3349 2.648947 0.000000 1.374551 19.395989 -0.018246 0.398353 0.005126 
3350 0.359625 0.000000 1.243838 18.685421 0.001358 1.003351 0.074414 
3351 0.312905 0.000000 1.243838 18.614124 0.000982 0.820994 0.082323 
3352 0.359625 0.000000 1.287409 18.815183 0.001273 0.814636 0.062457 
3353 1.107159 0.000000 1.243838 19.654803 0.030029 1.141843 -0.024619 
3354 1.153880 0.000000 1.243838 19.584370 0.029738 1.295396 -0.018303 
3355 1.107159 0.000000 1.287409 19.670913 0.029868 1.103963 -0.026069 
3356 2.415343 0.000000 1.069553 19.394742 -0.069503 0.560226 0.004832 
3357 2.462063 0.000000 1.069553 19.390808 -0.049845 0.558422 0.005246 
3358 2.415343 0.000000 1.113124 19.379620 -0.059183 0.574971 0.006341 
3359 2.415343 0.000000 1.156695 19.364084 -0.033517 0.564399 0.007970 
3360 2.462063 0.000000 1.156695 19.373426 -0.038583 0.554252 0.007042 
3361 2.415343 0.000000 1.200266 19.354516 -0.028465 0.535032 0.009035 
3362 0.511468 0.000000 0.840805 19.075395 -0.067302 2.844261 0.016752 
3363 0.523148 0.000000 0.840805 19.136449 -0.069279 2.710170 0.012553 
3364 0.511468 0.000000 0.851698 18.959474 -0.062511 2.784911 0.029292 
3365 0.534829 0.000000 0.797234 19.681138 -0.014359 2.535950 -0.040909 
3366 0.534829 0.000000 0.786341 19.799687 -0.018066 2.457295 -0.052243 
3367 0.546509 0.000000 0.797234 19.638853 -0.015930 2.413196 -0.034908 
3368 0.558189 0.000000 0.797234 19.604987 -0.017221 2.306760 -0.030067 
3369 0.558189 0.000000 0.786341 19.693668 -0.019693 2.249383 -0.038589 
3370 0.569869 0.000000 0.797234 19.577174 -0.018529 2.214067 -0.026079 
3371 0.663311 0.000000 0.917054 18.794078 0.019396 1.824625 0.057508 
3372 0.686671 0.000000 0.917054 18.922145 0.025665 1.679094 0.046087 
3373 0.663311 0.000000 0.938840 18.736302 0.022564 1.960438 0.061881 
3374 0.710032 0.000000 0.786341 19.518718 -0.024043 1.551674 -0.013445 
3375 0.710032 0.000000 0.764556 19.577779 -0.022948 1.501144 -0.019140 
3376 0.733392 0.000000 0.786341 19.526119 -0.024322 1.479390 -0.013629 
3377 0.756753 0.000000 0.786341 19.537692 -0.024381 1.406971 -0.014272 
3378 0.756753 0.000000 0.764556 19.582511 -0.023270 1.377222 -0.018687 
3379 0.780113 0.000000 0.786341 19.553513 -0.024166 1.367663 -0.015618 
3380 0.803473 0.000000 0.786341 19.571624 -0.023721 1.324841 -0.017187 
3381 0.803473 0.000000 0.764556 19.607544 -0.022589 1.301157 -0.020742 
3382 0.826834 0.000000 0.786341 19.592017 -0.023417 1.288892 -0.019049 
3383 0.710032 0.000000 0.917054 18.922577 0.025170 1.674745 0.046083 
3384 0.733392 0.000000 0.917054 19.050316 0.030789 1.523972 0.034535 
3385 0.710032 0.000000 0.938840 18.946579 0.028486 1.682860 0.043607 
3386 1.200601 0.000000 0.982411 19.461818 0.041669 1.370671 -0.006186 
3387 1.247321 0.000000 0.982411 19.346825 0.042642 1.329168 0.005906 
3388 1.200601 0.000000 1.025982 19.465626 0.038788 1.417736 -0.006925 
3389 1.527646 0.000000 0.590271 19.400482 0.000520 0.869199 0.003088 
3390 1.527646 0.000000 0.503129 19.442683 0.043325 0.748819 -0.000735 
3391 1.621088 0.000000 0.590271 19.374600 -0.004599 0.822682 0.005949 
3392 1.387484 0.000000 0.720985 19.416110 -0.005089 1.031572 0.000669 
3393 1.387484 0.000000 0.677414 19.438995 -0.000697 1.014681 -0.001590 
3394 1.434205 0.000000 0.720985 19.377888 -0.007121 1.004146 0.004736 
3395 1.294042 0.000000 0.982411 19.339756 0.043261 1.329055 0.006630 
3396 1.340763 0.000000 0.982411 19.332565 0.045612 1.263868 0.007811 
3397 1.294042 0.000000 1.025982 19.363436 0.039424 1.406330 0.003649 
3398 1.480926 0.000000 0.720985 19.346715 -0.009434 0.973797 0.008085 
3399 1.480926 0.000000 0.677414 19.373811 -0.004868 0.961522 0.005375 
3400 1.527646 0.000000 0.720985 19.323935 -0.012504 0.943534 0.010567 
3401 1.574367 0.000000 0.808127 19.243734 -0.022861 0.860549 0.019138 
3402 1.574367 0.000000 0.764556 19.277700 -0.019917 0.900110 0.015496 
3403 1.621088 0.000000 0.808127 19.233517 -0.026046 0.822066 0.020348 
3404 1.761251 0.000000 0.982411 18.880942 0.053587 0.272646 0.057455 
3405 1.714530 0.000000 0.982411 18.884555 0.052882 0.590094 0.056370 
3406 1.761251 0.000000 1.025982 18.870154 0.053991 0.194455 0.058628 
3407 1.667809 0.000000 0.982411 18.901615 0.053160 0.676595 0.054377 
3408 1.621088 0.000000 0.982411 18.916650 0.052389 0.698588 0.052794 
3409 1.667809 0.000000 1.025982 19.104127 0.043965 0.729958 0.033836 
3410 1.714530 0.000000 0.590271 19.365153 -0.011098 0.778289 0.007104 
3411 1.714530 0.000000 0.503129 19.395695 -0.003530 0.692170 0.004310 
3412 1.807972 0.000000 0.590271 19.362324 -0.017657 0.733860 0.007571 
3413 1.667809 0.000000 0.808127 19.229785 -0.029166 0.783358 0.020892 
3414 1.667809 0.000000 0.764556 19.264755 -0.026284 0.831332 0.017129 
3415 1.714530 0.000000 0.808127 19.233087 -0.032219 0.744099 0.020714 
3416 2.508784 0.000000 0.982411 19.403287 -0.074041 0.446255 0.004257 
3417 2.555505 0.000000 0.982411 19.403173 -0.076563 0.441874 0.004278 
3418 2.508784 0.000000 1.025982 19.396923 -0.060460 0.508722 0.004757 
3419 2.602226 0.000000 0.982411 19.403606 -0.078482 0.438172 0.004241 
3420 2.648947 0.000000 0.982411 19.406166 -0.079552 0.434723 0.003986 
3421 2.602226 0.000000 1.025982 19.399607 -0.065727 0.498385 0.004507 
3422 2.835830 0.000000 1.287409 19.406015 -0.033122 0.468895 0.003934 
3423 2.929272 0.000000 1.287409 19.410922 -0.034157 0.471118 0.003424 
3424 2.835830 0.000000 1.374551 19.408280 -0.021795 0.405928 0.003849 
3425 2.882551 0.000000 0.982411 19.418167 -0.083126 0.419673 0.002787 
3426 2.835830 0.000000 0.982411 19.417110 -0.085084 0.420581 0.002892 
3427 2.882551 0.000000 1.025982 19.416457 -0.073990 0.474146 0.002837 
3428 2.789109 0.000000 0.982411 19.414847 -0.086754 0.422305 0.003120 
3429 2.742388 0.000000 0.982411 19.412129 -0.087998 0.424504 0.003394 
3430 2.789109 0.000000 1.025982 19.411392 -0.067762 0.483409 0.003336 
3431 5.358756 0.000000 2.071688 19.466461 -0.017943 0.152593 -0.001756 
3432 4.984989 0.000000 2.071688 19.463390 0.028792 0.127140 -0.001422 
3433 5.358756 0.000000 2.420257 19.456383 -0.012121 0.043488 -0.000662 
3434 4.611222 0.000000 2.071688 19.459161 -0.023597 0.165094 -0.001016 
3435 4.611222 0.000000 2.420257 19.453752 0.031149 0.061422 -0.000398 
3436 3.676805 0.000000 1.548835 19.435730 -0.027572 0.337352 0.001164 
3437 3.863689 0.000000 1.548835 19.439207 -0.024752 0.340676 0.000801 
3438 3.676805 0.000000 1.723119 19.438010 0.004314 0.292283 0.001007 
3439 3.443201 0.000000 0.982411 19.430175 -0.055083 0.432025 0.001536 
3440 3.443201 0.000000 1.025982 19.430605 -0.044945 0.467202 0.001411 
3441 6.293172 0.000000 1.548835 19.485767 -0.011558 0.304480 -0.003927 
3442 6.106289 0.000000 1.548835 19.486795 -0.029178 0.299195 -0.004026 
3443 6.293172 0.000000 1.723119 19.466277 -0.020791 0.252650 -0.001844 
3444 5.919406 0.000000 1.548835 19.488073 -0.026597 0.303402 -0.004164 
3445 5.732522 0.000000 1.548835 19.488207 -0.008661 0.321691 -0.004206 
3446 5.919406 0.000000 1.723119 19.468998 -0.024671 0.254625 -0.002127 
3447 6.386614 0.000000 0.764556 19.401506 -0.045748 1.138675 0.001547 
3448 6.386614 0.000000 0.677414 19.383716 0.000787 1.067948 0.003789 
3449 6.480056 0.000000 0.764556 19.397424 -0.045404 1.158443 0.001846 
3450 5.966127 0.000000 0.895269 19.455359 0.010049 0.985297 -0.003118 
3451 5.966127 0.000000 0.851698 19.445044 0.004339 1.034245 -0.002318 
3452 6.012847 0.000000 0.895269 19.452436 0.013188 0.996104 -0.002874 
3453 6.059568 0.000000 0.895269 19.449279 0.015823 1.006697 -0.002605 
3454 6.059568 0.000000 0.851698 19.439743 -0.012379 1.045243 -0.001834 
3455 6.106289 0.000000 0.895269 19.446144 0.017994 1.017367 -0.002340 
3456 6.386614 0.000000 1.287409 19.485468 0.006941 0.465467 -0.004223 
3457 6.293172 0.000000 1.287409 19.488706 0.015628 0.467333 -0.004562 
3458 6.386614 0.000000 1.374551 19.489380 -0.011455 0.402848 -0.004483 
3459 6.199731 0.000000 1.287409 19.490251 0.017405 0.468304 -0.004724 
3460 6.106289 0.000000 1.287409 19.492456 0.018879 0.470230 -0.004956 
3461 6.199731 0.000000 1.374551 19.490691 -0.004678 0.408765 -0.004630 
3462 6.153010 0.000000 0.895269 19.442972 0.019570 1.028101 -0.002072 
3463 6.153010 0.000000 0.851698 19.433569 -0.006606 1.067507 -0.001324 
3464 6.199731 0.000000 0.895269 19.440109 0.020544 1.038884 -0.001837 
3465 6.573498 0.000000 0.764556 19.393797 -0.047422 1.177691 0.002099 
3466 6.573498 0.000000 0.677414 19.377772 0.008049 1.088046 0.004284 
3467 6.666939 0.000000 0.764556 19.390549 -0.051309 1.196576 0.002312 
3468 6.760381 0.000000 0.764556 19.387452 -0.056680 1.215086 0.002510 
3469 6.760381 0.000000 0.677414 19.372417 0.009229 1.116445 0.004667 
3470 6.853823 0.000000 0.764556 19.384665 -0.062817 1.233509 0.002674 
3471 6.947264 0.000000 0.764556 19.382449 -0.069064 1.251915 0.002779 
3472 6.947264 0.000000 0.677414 19.367747 0.007346 1.142472 0.004990 
3473 7.040706 0.000000 0.764556 19.380611 -0.074658 1.270571 0.002840 
3474 7.134148 0.000000 0.764556 19.379181 -0.078795 1.289440 0.002857 
3475 7.134148 0.000000 0.677414 19.364512 0.007200 1.167568 0.005168 
3476 7.227589 0.000000 0.764556 19.378171 -0.081158 1.308502 0.002829 
3477 7.321031 0.000000 0.764556 19.377220 -0.081377 1.327506 0.002794 
3478 7.321031 0.000000 0.677414 19.363171 0.013770 1.191190 0.005157 
3479 7.414473 0.000000 0.764556 19.376304 -0.055118 1.359265 0.002672 
3480 7.507914 0.000000 0.764556 19.376090 -0.051281 1.377696 0.002561 
3481 7.507914 0.000000 0.677414 19.363903 0.029464 1.211431 0.004952 
3482 7.601356 0.000000 0.764556 19.376291 -0.046068 1.395530 0.002411 
3483 7.694798 0.000000 0.764556 19.376896 -0.039491 1.412529 0.002225 
3484 7.694798 0.000000 0.677414 19.366866 0.050784 1.226740 0.004545 
3485 7.788239 0.000000 0.764556 19.377873 -0.031659 1.428502 0.002006 
3486 7.881681 0.000000 0.764556 19.379165 -0.022748 1.442987 0.001765 
3487 7.881681 0.000000 0.677414 19.371950 0.071693 1.236437 0.003955 
3488 7.975123 0.000000 0.764556 19.380693 -0.013320 1.455840 0.001511 
3489 8.068564 0.000000 0.938840 19.415667 -0.055464 1.418540 -0.001800 
3490 8.068564 0.000000 0.851698 19.396028 -0.021757 1.529895 -0.000646 
3491 8.162006 0.000000 0.938840 19.416702 -0.051337 1.439992 -0.002067 
3492 8.021844 0.000000 1.069553 19.443083 -0.093170 1.070994 -0.002344 
3493 8.021844 0.000000 1.025982 19.434263 -0.091311 1.201158 -0.002218 
3494 8.068564 0.000000 1.069553 19.443363 -0.093629 1.079926 -0.002424 
3495 8.629215 0.000000 1.461693 19.472739 -0.041255 0.338659 -0.002647 
3496 8.535773 0.000000 1.461693 19.472438 -0.039077 0.338799 -0.002616 
3497 8.629215 0.000000 1.548835 19.469701 -0.045166 0.287582 -0.002251 
3498 8.675935 0.000000 1.330980 19.471565 -0.084051 0.480003 -0.002846 
3499 8.629215 0.000000 1.330980 19.471077 -0.080674 0.479374 -0.002793 
3500 8.675935 0.000000 1.374551 19.471415 -0.068187 0.415330 -0.002672 
3501 8.582494 0.000000 1.330980 19.470762 -0.077182 0.478671 -0.002757 
3502 8.535773 0.000000 1.330980 19.470761 -0.073679 0.477933 -0.002754 
3503 8.582494 0.000000 1.374551 19.471268 -0.068729 0.422764 -0.002673 
3504 10.778373 0.000000 0.503129 19.437367 0.067362 0.758545 -0.000234 
3505 10.778373 0.000000 0.328845 19.433658 -0.031390 0.344509 0.001363 
3506 10.965257 0.000000 0.503129 19.440840 0.014598 0.676951 -0.000270 
3507 10.684932 0.000000 1.113124 19.449809 -0.387613 1.316301 -0.004958 
3508 10.684932 0.000000 1.025982 19.448018 -0.141915 1.758632 -0.008025 
3509 10.778373 0.000000 1.113124 19.448775 -0.392255 1.314832 -0.004851 
3510 10.871815 0.000000 1.113124 19.448302 -0.387333 1.304131 -0.004718 
3511 10.871815 0.000000 1.025982 19.447224 -0.134052 1.742700 -0.007790 
3512 10.965257 0.000000 1.113124 19.448214 -0.384603 1.286745 -0.004584 
3513 11.152140 0.000000 0.503129 19.441900 -0.003485 0.710684 -0.000502 
3514 11.152140 0.000000 0.328845 19.441015 -0.070356 0.368891 0.000551 
3515 11.339023 0.000000 0.503129 19.442615 -0.001679 0.719756 -0.000610 
3516 11.525907 0.000000 0.851698 19.446210 0.350111 1.743090 -0.007966 
3517 11.525907 0.000000 0.677414 19.445306 0.131738 1.215921 -0.003471 
3518 11.712790 0.000000 0.851698 19.447537 0.345818 1.622374 -0.007021 
3519 11.058698 0.000000 1.113124 19.448912 -0.388170 1.335594 -0.005002 
3520 11.058698 0.000000 1.025982 19.448356 -0.132528 1.762140 -0.008085 
3521 11.152140 0.000000 1.113124 19.447876 -0.237873 1.447045 -0.005466 
3522 11.245582 0.000000 1.113124 19.447669 -0.208109 1.428662 -0.005270 
3523 11.245582 0.000000 1.025982 19.447078 0.087528 1.777365 -0.008070 
3524 11.339023 0.000000 1.113124 19.447570 -0.208126 1.429219 -0.005264 
3525 11.899674 0.000000 0.851698 19.448043 0.296073 1.422294 -0.005378 
3526 11.899674 0.000000 0.677414 19.447509 0.079384 0.886320 -0.001837 
3527 12.086557 0.000000 0.851698 19.448166 0.296118 1.422808 -0.005394 
3528 0.488108 0.000000 0.862591 18.344045 -0.011080 2.860642 0.088858 
3529 0.499788 0.000000 0.862591 18.344045 -0.011080 2.860642 0.088858 
3530 0.488108 0.000000 0.873483 18.308985 -0.010394 2.963793 0.090667 
3531 0.511468 0.000000 0.862591 18.341100 -0.007728 2.858370 0.089178 
3532 0.523148 0.000000 0.862591 18.916850 -0.055356 2.641796 0.035615 
3533 0.511468 0.000000 0.873483 18.340376 -0.005629 2.869150 0.089085 
3534 0.534829 0.000000 0.862591 18.966329 -0.058628 2.530335 0.032183 
3535 0.534829 0.000000 0.851698 19.068142 -0.066425 2.551266 0.021663 
3536 0.546509 0.000000 0.862591 19.005858 -0.060861 2.426878 0.029570 
3537 0.511468 0.000000 0.884376 18.349573 -0.000501 2.853837 0.088425 
3538 0.499788 0.000000 0.884376 18.339070 -0.002514 2.879204 0.089059 
3539 0.511468 0.000000 0.895269 18.383079 0.002571 2.766952 0.086462 
3540 5.779243 0.000000 1.069553 19.498953 0.030120 0.640337 -0.006126 
3541 5.732522 0.000000 1.069553 19.500058 0.028736 0.636129 -0.006226 
3542 5.779243 0.000000 1.113124 19.501894 0.025959 0.601824 -0.006302 
3543 6.807102 0.000000 0.982411 19.434964 -0.023614 1.020802 -0.001210 
3544 6.807102 0.000000 0.938840 19.424050 -0.021610 1.112650 -0.000607 
3545 6.853823 0.000000 0.982411 19.433850 -0.028342 1.032721 -0.001161 
3546 6.900543 0.000000 0.982411 19.432859 -0.032810 1.044428 -0.001125 
3547 6.900543 0.000000 0.938840 19.421956 -0.030918 1.136033 -0.000532 
3548 6.947264 0.000000 0.982411 19.431991 -0.037014 1.056208 -0.001102 
3549 7.648077 0.000000 1.243838 19.468773 -0.039106 0.578058 -0.002819 
3550 7.601356 0.000000 1.243838 19.468707 -0.037038 0.575379 -0.002803 
3551 7.648077 0.000000 1.287409 19.470652 -0.021937 0.514647 -0.002826 
3552 8.442331 0.000000 1.461693 19.472728 -0.036801 0.338733 -0.002645 
3553 8.348890 0.000000 1.461693 19.473389 -0.034587 0.338518 -0.002713 
3554 8.442331 0.000000 1.548835 19.470304 -0.042890 0.288106 -0.002313 
3555 8.489052 0.000000 1.330980 19.468257 -0.065301 0.483518 -0.002508 
3556 8.442331 0.000000 1.330980 19.468679 -0.062032 0.482624 -0.002548 
3557 8.489052 0.000000 1.374551 19.471504 -0.064079 0.422009 -0.002694 
3558 8.395610 0.000000 1.330980 19.469262 -0.059039 0.481824 -0.002604 
3559 8.348890 0.000000 1.330980 19.469961 -0.056174 0.481023 -0.002674 
3560 8.395610 0.000000 1.374551 19.472560 -0.062613 0.417586 -0.002792 
3561 8.862819 0.000000 1.156695 19.459516 -0.160417 0.928734 -0.003327 
3562 8.862819 0.000000 1.113124 19.452011 -0.150143 1.078528 -0.003341 
3563 9.236586 0.000000 1.156695 19.470766 -0.194303 0.976311 -0.004756 
3564 9.236586 0.000000 1.113124 19.463646 -0.170556 1.145382 -0.004948 
3565 9.283306 0.000000 1.156695 19.471231 -0.198640 0.982587 -0.004841 
3566 9.330027 0.000000 1.156695 19.471640 -0.203433 0.988890 -0.004921 
3567 9.330027 0.000000 1.113124 19.464303 -0.175075 1.163782 -0.005132 
3568 9.376748 0.000000 1.156695 19.472028 -0.208686 0.995149 -0.004999 
3569 9.960759 0.000000 1.309194 19.437806 -0.101434 0.381076 0.000842 
3570 9.937398 0.000000 1.309194 19.441935 -0.109154 0.389747 0.000396 
3571 9.960759 0.000000 1.330980 19.431386 -0.058335 0.364198 0.001554 
3572 11.432465 0.000000 1.113124 19.447498 -0.208217 1.429766 -0.005261 
3573 11.432465 0.000000 1.025982 19.446998 0.087430 1.778501 -0.008073 
3574 11.525907 0.000000 1.113124 19.447559 -0.208273 1.430218 -0.005271 
3575 11.619349 0.000000 1.113124 19.448387 -0.211325 1.322397 -0.004575 
3576 11.619349 0.000000 1.025982 19.448119 0.083760 1.664481 -0.007149 
3577 11.712790 0.000000 1.113124 19.448336 -0.211337 1.322686 -0.004572 
3578 0.266184 0.000000 1.243838 18.602178 0.001098 0.629200 0.084233 
3579 0.219463 0.000000 1.243838 18.626688 0.000829 0.448069 0.082337 
3580 0.266184 0.000000 1.287409 18.763103 0.001135 0.537829 0.068620 
3581 0.301224 0.000000 0.862591 19.872647 -0.013855 4.120622 -0.088816 
3582 0.289544 0.000000 0.862591 20.826824 -0.015539 3.901223 -0.186818 
3583 0.301224 0.000000 0.873483 16.439722 0.008240 2.971039 0.262253 
3584 1.948134 0.000000 1.069553 19.226779 0.041683 -1.171906 0.019187 
3585 1.901413 0.000000 1.069553 19.125970 0.042319 -0.905228 0.030871 
3586 1.948134 0.000000 1.113124 19.148684 0.035026 -1.388515 0.025644 
3587 1.948134 0.000000 1.156695 19.161112 0.033127 -1.260043 0.025285 
3588 1.901413 0.000000 1.156695 19.257401 0.036188 -1.160204 0.016145 
3589 1.948134 0.000000 1.200266 19.200851 0.036682 -1.287154 0.021072 
3590 0.324585 0.000000 0.797234 23.790638 -0.025190 2.239501 -0.509402 
3591 0.312905 0.000000 0.797234 24.470154 -0.023733 2.377292 -0.597770 
3592 0.324585 0.000000 0.786341 24.703808 -0.023597 0.696984 -0.614487 
3593 0.301224 0.000000 0.797234 24.665489 -0.022966 2.628858 -0.626470 
3594 0.301224 0.000000 0.786341 26.337134 -0.020803 0.652241 -0.834697 
3595 0.254504 0.000000 0.840805 22.982455 -0.016776 2.385598 -0.411264 
3596 0.242823 0.000000 0.840805 23.273745 -0.016607 2.082616 -0.443302 
3597 0.254504 0.000000 0.851698 21.930486 -0.012943 1.942836 -0.281305 
3598 0.231143 0.000000 0.840805 23.076360 -0.015710 1.730978 -0.415573 
3599 0.219463 0.000000 0.840805 22.896786 -0.016453 1.835682 -0.394738 
3600 0.231143 0.000000 0.851698 22.091654 -0.012856 1.348335 -0.294888 
3601 0.207783 0.000000 0.840805 20.694245 -0.017456 -3.349263 -0.161688 
3602 0.196102 0.000000 0.840805 20.938318 -0.014853 -2.621460 -0.177062 
3603 0.207783 0.000000 0.851698 19.630691 0.001572 -1.105588 -0.021897 
3604 0.184422 0.000000 0.840805 20.979175 -0.012563 -2.173792 -0.175914 
3605 0.172742 0.000000 0.840805 20.935252 -0.010705 -1.881572 -0.167915 
3606 0.184422 0.000000 0.851698 20.692908 -0.014452 -2.031171 -0.142795 
3607 0.161062 0.000000 0.840805 20.845995 -0.008839 -1.684736 -0.156201 
3608 0.149382 0.000000 0.840805 20.725696 -0.007688 -1.542141 -0.141765 
3609 0.161062 0.000000 0.851698 20.713439 -0.009511 -1.693651 -0.141719 
3610 0.289544 0.000000 1.047768 16.548646 0.005916 2.594805 0.258290 
3611 0.266184 0.000000 1.047768 16.455310 0.004224 2.151459 0.271995 
3612 0.289544 0.000000 1.069553 16.850638 0.006195 2.511818 0.232748 
3613 0.569869 0.000000 1.047768 18.622712 0.037465 3.141369 0.057170 
3614 0.593230 0.000000 1.047768 18.709209 0.040073 2.920132 0.052178 
3615 0.569869 0.000000 1.069553 18.687465 0.038081 3.161011 0.050456 
3616 0.616590 0.000000 1.047768 18.803626 0.041832 2.828424 0.044209 
3617 0.616590 0.000000 1.069553 18.840998 0.042246 2.824437 0.040550 
3618 0.663311 0.000000 0.960626 18.651102 0.027638 2.178207 0.067918 
3619 0.686671 0.000000 0.960626 18.781322 0.028539 1.973136 0.057283 
3620 0.663311 0.000000 0.982411 18.527971 0.032696 2.379383 0.077595 
3621 0.663311 0.000000 1.004197 18.636477 0.039019 2.541054 0.064831 
3622 0.686671 0.000000 1.004197 18.709856 0.040490 2.367821 0.059835 
3623 1.200601 0.000000 1.069553 19.488034 0.031476 1.572229 -0.010452 
3624 1.247321 0.000000 1.069553 19.409956 0.032705 1.476184 -0.001650 
3625 1.200601 0.000000 1.113124 19.504927 0.030566 1.535050 -0.011887 
3626 1.200601 0.000000 1.156695 19.520817 0.027335 1.546676 -0.013621 
3627 1.247321 0.000000 1.156695 19.478091 0.028475 1.455338 -0.008491 
3628 1.200601 0.000000 1.200266 19.531249 0.029930 1.410723 -0.013635 
3629 1.200601 0.000000 1.243838 19.547897 0.028543 1.374608 -0.015089 
3630 1.247321 0.000000 1.243838 19.548924 0.028228 1.326444 -0.014851 
3631 1.200601 0.000000 1.287409 19.631028 0.029364 1.081752 -0.021797 
3632 2.508784 0.000000 1.069553 19.390852 -0.053740 0.550701 0.005264 
3633 2.555505 0.000000 1.069553 19.392743 -0.056876 0.545113 0.005085 
3634 2.508784 0.000000 1.113124 19.385358 -0.068962 0.554625 0.005810 
3635 2.508784 0.000000 1.156695 19.379581 -0.041912 0.548242 0.006429 
3636 2.555505 0.000000 1.156695 19.384671 -0.044698 0.544726 0.005917 
3637 2.508784 0.000000 1.200266 19.375711 -0.034978 0.526270 0.006889 
3638 0.534829 0.000000 0.840805 19.175858 -0.071399 2.584014 0.010327 
3639 0.546509 0.000000 0.840805 19.202918 -0.073127 2.465462 0.009164 
3640 0.558189 0.000000 0.840805 19.221319 -0.074785 2.361984 0.008614 
3641 0.569869 0.000000 0.840805 19.236415 -0.076573 2.263651 0.008281 
3642 0.558189 0.000000 0.851698 19.129134 -0.069196 2.342134 0.018209 
3643 0.581549 0.000000 0.797234 19.554965 -0.019496 2.138889 -0.022916 
3644 0.581549 0.000000 0.786341 19.626163 -0.020816 2.094047 -0.029789 
3645 0.593230 0.000000 0.797234 19.536262 -0.019857 2.076174 -0.020285 
3646 0.604910 0.000000 0.797234 19.522085 -0.020480 2.012023 -0.018128 
3647 0.604910 0.000000 0.786341 19.581127 -0.021567 1.976497 -0.023857 
3648 0.616590 0.000000 0.797234 19.507024 -0.021237 1.928199 -0.015701 
3649 0.756753 0.000000 0.917054 19.051059 0.029845 1.509366 0.034577 
3650 0.780113 0.000000 0.917054 19.086579 0.031259 1.445430 0.031495 
3651 0.756753 0.000000 0.938840 19.055226 0.033502 1.544270 0.033875 
3652 0.803473 0.000000 0.917054 19.123239 0.031686 1.376750 0.028305 
3653 0.826834 0.000000 0.917054 19.123135 0.031830 1.377292 0.028311 
3654 0.803473 0.000000 0.938840 19.113055 0.033066 1.426793 0.028963 
3655 1.387484 0.000000 0.982411 19.336889 0.044941 1.257931 0.007409 
3656 1.434205 0.000000 0.982411 19.235287 0.045323 1.169841 0.018334 
3657 1.387484 0.000000 1.025982 19.363566 0.042090 1.316483 0.004282 
3658 1.574367 0.000000 0.982411 18.966441 0.052842 0.851126 0.047183 
3659 1.527646 0.000000 0.982411 19.114161 0.052129 0.981908 0.031680 
3660 1.574367 0.000000 1.025982 19.177384 0.036230 1.024083 0.025060 
3661 1.480926 0.000000 0.982411 19.114161 0.052129 0.981908 0.031680 
3662 1.480926 0.000000 1.025982 19.239275 0.042140 1.171132 0.017921 
3663 1.574367 0.000000 0.720985 19.308484 -0.015489 0.912368 0.012298 
3664 1.574367 0.000000 0.677414 19.336492 -0.010573 0.905381 0.009471 
3665 1.621088 0.000000 0.720985 19.299196 -0.018636 0.881258 0.013393 
3666 1.901413 0.000000 0.590271 19.372357 -0.023598 0.711726 0.006627 
3667 1.901413 0.000000 0.503129 19.396099 -0.014800 0.643112 0.004441 
3668 1.994855 0.000000 0.590271 19.383014 -0.029623 0.689698 0.005616 
3669 1.667809 0.000000 0.720985 19.295114 -0.021793 0.850858 0.013948 
3670 1.667809 0.000000 0.677414 19.322261 -0.017146 0.848519 0.011188 
3671 1.714530 0.000000 0.720985 19.295382 -0.024997 0.821173 0.014052 
3672 1.761251 0.000000 0.808127 19.243197 -0.035224 0.707023 0.019827 
3673 1.761251 0.000000 0.764556 19.274062 -0.032759 0.766683 0.016453 
3674 1.807972 0.000000 0.808127 19.258933 -0.037973 0.673514 0.018348 
3675 2.088297 0.000000 0.590271 19.395246 -0.035404 0.679986 0.004397 
3676 2.088297 0.000000 0.503129 19.405279 -0.025189 0.607541 0.003616 
3677 2.181738 0.000000 0.590271 19.401137 -0.041027 0.665469 0.003843 
3678 2.695668 0.000000 0.982411 19.409103 -0.088532 0.427089 0.003698 
3679 2.695668 0.000000 1.025982 19.405667 -0.068207 0.490286 0.003906 
3680 3.022713 0.000000 1.287409 19.415287 -0.034286 0.472257 0.002974 
3681 3.116155 0.000000 1.287409 19.418823 -0.033349 0.472405 0.002610 
3682 3.022713 0.000000 1.374551 19.416640 -0.023137 0.411652 0.002978 
3683 4.050572 0.000000 1.548835 19.443565 -0.019383 0.348935 0.000339 
3684 4.237455 0.000000 1.548835 19.447644 -0.017868 0.352910 -0.000088 
3685 4.050572 0.000000 1.723119 19.442870 0.014925 0.291342 0.000508 
3686 3.209597 0.000000 1.287409 19.421631 -0.031641 0.473608 0.002319 
3687 3.303039 0.000000 1.287409 19.424962 -0.029075 0.475071 0.001974 
3688 3.209597 0.000000 1.374551 19.423857 -0.021911 0.413969 0.002232 
3689 4.424339 0.000000 1.548835 19.452782 -0.019497 0.357869 -0.000626 
3690 4.611222 0.000000 1.548835 19.458802 -0.027180 0.359448 -0.001249 
3691 4.424339 0.000000 1.723119 19.453751 0.031100 0.276155 -0.000590 
3692 5.545639 0.000000 1.548835 19.487605 0.008275 0.301059 -0.004110 
3693 5.358756 0.000000 1.548835 19.485160 0.007921 0.309593 -0.003872 
3694 5.545639 0.000000 1.723119 19.473776 -0.028989 0.249334 -0.002613 
3695 5.171872 0.000000 1.548835 19.479509 -0.023173 0.344726 -0.003352 
3696 4.984989 0.000000 1.548835 19.472291 -0.021285 0.347185 -0.002613 
3697 5.171872 0.000000 1.723119 19.476655 -0.063084 0.280015 -0.002961 
3698 6.012847 0.000000 1.287409 19.494704 0.019960 0.472942 -0.005194 
3699 5.919406 0.000000 1.287409 19.497459 -0.000701 0.480076 -0.005495 
3700 6.012847 0.000000 1.374551 19.493601 -0.002698 0.415756 -0.004945 
3701 5.825964 0.000000 1.287409 19.499408 -0.000472 0.484643 -0.005708 
3702 5.732522 0.000000 1.287409 19.500173 -0.009124 0.491236 -0.005804 
3703 5.825964 0.000000 1.374551 19.496070 -0.001650 0.424982 -0.005220 
3704 8.068564 0.000000 0.764556 19.382376 -0.004140 1.467376 0.001250 
3705 8.068564 0.000000 0.677414 19.377384 0.087333 1.241464 0.003359 
3706 8.162006 0.000000 0.764556 19.384105 0.004675 1.478129 0.000989 
3707 8.255448 0.000000 0.938840 19.417082 -0.046990 1.460881 -0.002265 
3708 8.255448 0.000000 0.851698 19.398501 -0.006613 1.567769 -0.001209 
3709 8.348890 0.000000 0.938840 19.416875 -0.042599 1.480904 -0.002399 
3710 11.525907 0.000000 0.503129 19.443739 -0.002242 0.720653 -0.000729 
3711 11.525907 0.000000 0.328845 19.443239 -0.015668 0.409212 0.000252 
3712 11.712790 0.000000 0.503129 19.446892 -0.022651 0.514963 -0.000383 
3713 11.899674 0.000000 0.503129 19.446956 -0.014969 0.392197 -0.000094 
3714 11.899674 0.000000 0.328845 19.446510 -0.005105 0.121370 0.000320 
3715 12.086557 0.000000 0.503129 19.447364 -0.014955 0.392663 -0.000137 
3716 12.273440 0.000000 0.851698 19.448278 0.213314 1.317064 -0.004529 
3717 12.273440 0.000000 0.677414 19.447789 0.030969 0.790625 -0.001427 
3718 12.460324 0.000000 0.851698 19.448235 0.137912 1.342418 -0.004632 
3719 11.806232 0.000000 1.113124 19.448909 -0.249598 1.158909 -0.003603 
3720 11.806232 0.000000 1.025982 19.448596 0.039561 1.487431 -0.005708 
3721 11.899674 0.000000 1.113124 19.448861 -0.249555 1.159192 -0.003600 
3722 11.993115 0.000000 1.113124 19.448849 -0.249551 1.159461 -0.003600 
3723 11.993115 0.000000 1.025982 19.448601 0.039594 1.487987 -0.005713 
3724 12.086557 0.000000 1.113124 19.448843 -0.249511 1.159701 -0.003601 
3725 12.179999 0.000000 1.113124 19.448847 -0.249476 1.159919 -0.003602 
3726 12.179999 0.000000 1.025982 19.448653 0.039666 1.488456 -0.005722 
3727 12.273440 0.000000 1.113124 19.448735 -0.325066 1.147289 -0.003629 
3728 12.366882 0.000000 1.113124 19.448426 -0.415099 1.062042 -0.003275 
3729 12.366882 0.000000 1.025982 19.448318 -0.158247 1.422274 -0.005240 
3730 12.460324 0.000000 1.113124 19.448484 -0.415021 1.062104 -0.003281 
3731 12.647207 0.000000 0.851698 19.448366 0.138040 1.342616 -0.004647 
3732 12.647207 0.000000 0.677414 19.448255 0.031187 0.790939 -0.001477 
3733 12.834090 0.000000 0.851698 19.448517 0.138131 1.342727 -0.004664 
3734 12.553765 0.000000 1.113124 19.448533 -0.414956 1.062203 -0.003287 
3735 12.553765 0.000000 1.025982 19.448458 -0.158121 1.422436 -0.005256 
3736 12.647207 0.000000 1.113124 19.448574 -0.414910 1.062318 -0.003291 
3737 12.740649 0.000000 1.113124 19.448245 -0.405138 1.067820 -0.003268 
3738 12.740649 0.000000 1.025982 19.448564 -0.158028 1.422615 -0.005268 
3739 12.834090 0.000000 1.113124 19.448325 -0.404750 1.067772 -0.003275 
3740 0.488108 0.000000 0.884376 18.305121 -0.005026 3.003177 0.090420 
3741 0.476428 0.000000 0.884376 18.303186 -0.003822 3.024509 0.090267 
3742 0.488108 0.000000 0.895269 18.332868 0.001990 2.921492 0.089012 
3743 0.464747 0.000000 0.884376 18.268965 -0.007650 3.127198 0.091905 
3744 0.453067 0.000000 0.884376 18.263512 -0.008072 3.156661 0.091942 
3745 0.464747 0.000000 0.895269 18.088729 0.002597 3.350104 0.105411 
3746 0.558189 0.000000 0.862591 19.039138 -0.062896 2.325922 0.027491 
3747 0.569869 0.000000 0.862591 19.067716 -0.064643 2.228435 0.025785 
3748 0.558189 0.000000 0.873483 18.477507 -0.001410 2.490396 0.081105 
3749 0.558189 0.000000 0.884376 18.475688 0.002213 2.506817 0.081066 
3750 0.569869 0.000000 0.884376 18.569953 0.008297 2.313344 0.074300 
3751 0.558189 0.000000 0.895269 18.552253 0.010727 2.362119 0.075434 
3752 1.854692 0.000000 0.808127 19.277675 -0.040561 0.638245 0.016560 
3753 1.854692 0.000000 0.764556 19.298788 -0.038719 0.707527 0.014161 
3754 1.901413 0.000000 0.808127 19.302689 -0.043136 0.618354 0.014075 
3755 5.685802 0.000000 1.069553 19.500760 0.027184 0.631872 -0.006284 
3756 5.639081 0.000000 1.069553 19.500964 0.025629 0.627609 -0.006290 
3757 5.685802 0.000000 1.113124 19.503569 0.023037 0.598083 -0.006463 
3758 6.993985 0.000000 0.982411 19.431248 -0.040827 1.067909 -0.001092 
3759 6.993985 0.000000 0.938840 19.420354 -0.039244 1.159439 -0.000511 
3760 7.040706 0.000000 0.982411 19.430657 -0.044244 1.079581 -0.001098 
3761 7.087427 0.000000 0.982411 19.430153 -0.047277 1.091123 -0.001113 
3762 7.087427 0.000000 0.938840 19.419273 -0.046050 1.182929 -0.000547 
3763 7.134148 0.000000 0.982411 19.429648 -0.049969 1.102644 -0.001129 
3764 7.554635 0.000000 1.243838 19.468607 -0.035236 0.572511 -0.002784 
3765 7.507914 0.000000 1.243838 19.468619 -0.033519 0.569685 -0.002776 
3766 7.554635 0.000000 1.287409 19.470690 -0.018566 0.509703 -0.002816 
3767 8.255448 0.000000 1.461693 19.474287 -0.032285 0.338357 -0.002804 
3768 8.162006 0.000000 1.461693 19.475158 -0.029971 0.338297 -0.002894 
3769 8.255448 0.000000 1.548835 19.471950 -0.039969 0.288425 -0.002482 
3770 8.302169 0.000000 1.330980 19.470749 -0.053619 0.480296 -0.002752 
3771 8.255448 0.000000 1.330980 19.468349 -0.036721 0.479412 -0.002499 
3772 8.302169 0.000000 1.374551 19.474066 -0.058660 0.416679 -0.002944 
3773 8.442331 0.000000 0.938840 19.416224 -0.061647 1.514753 -0.002605 
3774 8.442331 0.000000 0.851698 19.399851 0.008733 1.602649 -0.001640 
3775 8.535773 0.000000 0.938840 19.414789 -0.057306 1.531575 -0.002592 
3776 9.423469 0.000000 1.156695 19.472633 -0.214386 1.001154 -0.005100 
3777 9.423469 0.000000 1.113124 19.465415 -0.181699 1.182731 -0.005371 
3778 9.470190 0.000000 1.156695 19.473446 -0.211388 1.010585 -0.005230 
3779 9.516911 0.000000 1.156695 19.474559 -0.218550 1.015797 -0.005381 
3780 9.516911 0.000000 1.113124 19.467816 -0.191498 1.201695 -0.005747 
3781 9.563631 0.000000 1.156695 19.476035 -0.226659 1.020477 -0.005567 
3782 9.914038 0.000000 1.309194 19.445646 -0.115565 0.398057 -0.000006 
3783 9.890677 0.000000 1.309194 19.448935 -0.120934 0.405917 -0.000365 
3784 9.914038 0.000000 1.330980 19.439334 -0.075252 0.374784 0.000710 
3785 13.020974 0.000000 0.851698 19.448337 0.149864 1.349693 -0.004704 
3786 13.020974 0.000000 0.677414 19.448268 0.044061 0.799479 -0.001517 
3787 13.207857 0.000000 0.851698 19.448407 0.141561 1.348152 -0.004694 
3788 12.927532 0.000000 1.113124 19.448290 -0.412443 1.066338 -0.003280 
3789 12.927532 0.000000 1.025982 19.448236 -0.155341 1.426973 -0.005265 
3790 13.020974 0.000000 1.113124 19.448365 -0.412395 1.066386 -0.003287 
3791 0.172742 0.000000 1.243838 18.686209 0.000655 0.290983 0.076773 
3792 0.126021 0.000000 1.243838 18.768399 0.000390 0.155460 0.068796 
3793 0.172742 0.000000 1.287409 18.807684 0.000596 0.277975 0.064753 
3794 0.277864 0.000000 0.862591 20.277187 -0.010535 3.044647 -0.111371 
3795 0.266184 0.000000 0.862591 21.279324 -0.010324 2.096784 -0.208573 
3796 0.277864 0.000000 0.873483 16.502434 0.007647 1.794513 0.271613 
3797 0.079300 0.000000 1.243838 18.848806 0.000168 0.051893 0.060857 
3798 0.032580 0.000000 1.243838 18.938812 0.000041 -0.020875 0.051872 
3799 0.079300 0.000000 1.287409 18.905329 0.000314 0.075431 0.055208 
3800 0.710032 0.000000 0.960626 18.902863 0.032783 1.845430 0.046464 
3801 0.733392 0.000000 0.960626 18.961678 0.034835 1.795524 0.041057 
3802 0.710032 0.000000 0.982411 18.852508 0.037703 2.048043 0.049404 
3803 0.756753 0.000000 0.960626 19.015354 0.034929 1.685084 0.036685 
3804 0.780113 0.000000 0.960626 19.054920 0.034888 1.605006 0.033400 
3805 0.756753 0.000000 0.982411 18.944303 0.038805 1.903802 0.041739 
3806 0.710032 0.000000 1.004197 18.850608 0.043804 2.273730 0.047013 
3807 0.733392 0.000000 1.004197 18.889375 0.044171 2.210165 0.043899 
3808 0.710032 0.000000 1.025982 18.920388 0.045434 2.330667 0.039353 
3809 1.294042 0.000000 1.069553 19.384294 0.037329 1.440403 0.001257 
3810 1.340763 0.000000 1.069553 19.380020 0.034667 1.449576 0.001625 
3811 1.294042 0.000000 1.113124 19.422909 0.033001 1.460662 -0.002859 
3812 1.387484 0.000000 1.069553 19.361067 0.035337 1.383723 0.004059 
3813 1.434205 0.000000 1.069553 19.281381 0.036907 1.230336 0.013259 
3814 1.387484 0.000000 1.113124 19.428360 0.031891 1.371405 -0.002750 
3815 1.294042 0.000000 1.156695 19.475982 0.031347 1.406991 -0.007909 
3816 1.340763 0.000000 1.156695 19.457165 0.029272 1.433350 -0.006170 
3817 1.294042 0.000000 1.200266 19.495230 0.031362 1.384813 -0.009728 
3818 1.480926 0.000000 1.069553 19.284043 0.039560 1.175837 0.013333 
3819 1.527646 0.000000 1.069553 19.272875 0.038937 1.165936 0.014533 
3820 1.480926 0.000000 1.113124 19.338613 0.035013 1.193018 0.007655 
3821 1.574367 0.000000 1.069553 19.223851 0.036900 0.997518 0.020485 
3822 1.621088 0.000000 1.069553 19.150836 0.040494 0.780285 0.028912 
3823 1.574367 0.000000 1.113124 19.274285 0.033404 0.996870 0.015357 
3824 1.294042 0.000000 1.243838 19.531412 0.029798 1.337795 -0.013122 
3825 1.340763 0.000000 1.243838 19.543119 0.030979 1.254152 -0.013758 
3826 1.294042 0.000000 1.287409 19.635422 0.029057 1.050402 -0.022076 
3827 1.854692 0.000000 1.069553 19.140683 0.043785 -0.558535 0.030724 
3828 1.807972 0.000000 1.069553 19.074160 0.045306 0.026082 0.038266 
3829 1.854692 0.000000 1.113124 19.172640 0.039180 -0.941185 0.025971 
3830 1.854692 0.000000 1.156695 19.257198 0.037477 -1.078319 0.016650 
3831 1.807972 0.000000 1.156695 19.324844 0.036436 -0.144653 0.012769 
3832 1.854692 0.000000 1.200266 19.385127 0.038391 -0.969511 0.004171 
3833 2.602226 0.000000 1.069553 19.395395 -0.059366 0.540814 0.004825 
3834 2.648947 0.000000 1.069553 19.398337 -0.066438 0.539466 0.004524 
3835 2.602226 0.000000 1.113124 19.392132 -0.055027 0.553922 0.005122 
3836 2.695668 0.000000 1.069553 19.401914 -0.067869 0.536157 0.004166 
3837 2.742388 0.000000 1.069553 19.405097 -0.058721 0.528221 0.003865 
3838 2.695668 0.000000 1.113124 19.398905 -0.053365 0.551178 0.004436 
3839 2.602226 0.000000 1.156695 19.388424 -0.047116 0.542973 0.005537 
3840 2.648947 0.000000 1.156695 19.392507 -0.049118 0.541413 0.005122 
3841 2.602226 0.000000 1.200266 19.387271 -0.039592 0.523649 0.005711 
3842 2.789109 0.000000 1.069553 19.408396 -0.058758 0.525277 0.003535 
3843 2.835830 0.000000 1.069553 19.411192 -0.058304 0.522534 0.003256 
3844 2.789109 0.000000 1.113124 19.405917 -0.054986 0.546439 0.003731 
3845 2.882551 0.000000 1.069553 19.413843 -0.057514 0.520027 0.002991 
3846 2.929272 0.000000 1.069553 19.416032 -0.056323 0.517789 0.002773 
3847 2.882551 0.000000 1.113124 19.411624 -0.054900 0.542601 0.003156 
3848 0.254504 0.000000 0.862591 21.179269 -0.007807 0.860208 -0.187678 
3849 0.242823 0.000000 0.862591 19.471039 -0.006104 0.922185 -0.004413 
3850 0.254504 0.000000 0.873483 16.856498 0.007066 0.816305 0.247142 
1 11 62 60 61 
2 62 10 24 60 
3 60 24 14 63 
4 61 60 63 6 
5 24 66 64 65 
6 66 23 40 64 
7 64 40 27 67 
8 65 64 67 14 
9 40 70 68 69 
10 69 68 71 27 
11 6 63 92 93 
12 63 14 36 92 
13 92 36 19 94 
14 93 92 94 20 
15 14 67 95 96 
16 67 27 52 95 
17 95 52 35 97 
18 96 95 97 36 
19 27 71 98 99 
20 99 98 100 52 
21 12 112 110 111 
22 112 7 113 110 
23 110 113 13 25 
24 111 110 25 10 
25 25 116 114 115 
26 116 13 117 114 
27 114 117 26 41 
28 115 114 41 23 
29 41 120 118 119 
30 120 26 121 118 
31 118 121 42 57 
32 119 118 57 39 
33 39 124 122 123 
34 124 57 125 122 
35 122 125 55 81 
36 123 122 81 56 
37 81 128 126 127 
38 128 55 129 126 
39 57 146 145 125 
40 146 42 147 145 
41 145 147 58 89 
42 125 145 89 55 
43 55 149 148 129 
44 149 89 150 148 
45 126 170 168 169 
46 170 129 171 168 
47 168 171 82 142 
48 169 168 142 107 
49 142 174 172 173 
50 174 82 175 172 
51 172 175 143 165 
52 173 172 165 140 
53 165 188 186 187 
54 188 143 189 186 
55 68 193 191 192 
56 193 56 80 191 
57 191 80 43 194 
58 192 191 194 71 
59 80 197 195 196 
60 196 195 198 43 
61 140 209 207 208 
62 209 165 187 207 
63 187 221 219 220 
64 221 186 222 219 
65 219 222 190 223 
66 220 219 223 163 
67 207 229 227 228 
68 229 187 220 227 
69 227 220 163 230 
70 107 233 231 232 
71 233 142 173 231 
72 231 173 140 205 
73 232 231 205 141 
74 205 236 234 235 
75 236 140 208 234 
76 234 249 247 248 
77 249 208 250 247 
78 247 250 164 251 
79 248 247 251 237 
80 141 258 256 257 
81 258 205 235 256 
82 256 265 263 264 
83 265 235 266 263 
84 263 266 203 267 
85 264 263 267 259 
86 56 270 268 269 
87 270 81 127 268 
88 269 268 197 80 
89 127 273 271 272 
90 273 126 169 271 
91 271 169 107 201 
92 272 271 201 79 
93 201 276 274 275 
94 276 107 232 274 
95 274 232 141 254 
96 275 274 254 199 
97 254 279 277 278 
98 279 141 257 277 
99 197 283 281 282 
100 282 281 284 195 
101 199 291 289 290 
102 291 254 278 289 
103 289 302 300 301 
104 302 278 303 300 
105 300 303 252 304 
106 301 300 304 292 
107 79 307 305 306 
108 307 201 275 305 
109 305 275 199 287 
110 306 305 287 200 
111 287 310 308 309 
112 310 199 290 308 
113 71 194 312 313 
114 194 43 102 312 
115 312 102 76 314 
116 313 312 314 98 
117 43 198 315 316 
118 316 315 317 102 
119 195 284 318 319 
120 319 318 320 198 
121 308 329 327 328 
122 329 290 330 327 
123 327 330 253 331 
124 328 327 331 311 
125 281 334 332 333 
126 334 200 286 332 
127 332 286 106 335 
128 333 332 335 284 
129 200 338 336 337 
130 338 287 309 336 
131 337 336 339 286 
132 309 342 340 341 
133 342 308 328 340 
134 340 328 311 343 
135 341 340 343 285 
136 286 339 344 345 
137 345 344 346 106 
138 336 349 347 348 
139 349 309 341 347 
140 347 341 285 350 
141 348 347 350 339 
142 208 352 351 250 
143 352 207 228 351 
144 351 228 210 353 
145 250 351 353 164 
146 210 230 354 355 
147 230 163 356 354 
148 354 356 216 357 
149 355 354 357 224 
150 228 360 358 359 
151 360 227 361 358 
152 358 361 230 362 
153 359 358 362 210 
154 363 365 212 366 
155 364 363 366 241 
156 245 369 367 368 
157 369 244 370 367 
158 367 370 246 371 
159 372 364 241 374 
160 373 372 374 242 
161 260 377 375 376 
162 377 245 368 375 
163 375 368 206 378 
164 376 375 378 262 
165 261 383 381 382 
166 383 260 376 381 
167 381 376 262 384 
168 382 381 384 105 
169 252 387 385 386 
170 387 280 388 385 
171 385 388 379 389 
172 386 385 389 298 
173 292 304 390 391 
174 304 252 386 390 
175 390 386 298 392 
176 391 390 392 296 
177 206 371 393 394 
178 371 246 395 393 
179 393 395 363 396 
180 394 393 396 364 
181 368 399 397 398 
182 399 367 400 397 
183 397 400 371 401 
184 398 397 401 206 
185 413 416 408 417 
186 414 413 417 406 
187 198 320 418 419 
188 419 418 420 315 
189 318 423 421 422 
190 423 239 407 421 
191 421 407 83 424 
192 422 421 424 320 
193 239 427 425 426 
194 425 414 406 428 
195 426 425 428 407 
196 321 431 429 430 
197 431 294 432 429 
198 429 432 238 415 
199 430 429 415 323 
200 323 435 433 434 
201 435 415 436 433 
202 433 436 413 437 
203 434 433 437 414 
204 238 439 438 416 
205 439 295 440 438 
206 438 440 410 441 
207 416 438 441 408 
208 415 443 442 436 
209 443 238 444 442 
210 442 444 416 445 
211 436 442 445 413 
212 295 453 452 440 
213 453 160 454 452 
214 452 454 411 455 
215 240 412 456 457 
216 456 458 404 459 
217 457 456 459 402 
218 410 455 460 461 
219 455 411 462 460 
220 460 462 109 463 
221 461 460 463 412 
222 440 466 464 465 
223 466 452 467 464 
224 464 467 455 468 
225 465 464 468 410 
226 472 473 446 474 
227 458 472 474 404 
228 449 477 475 476 
229 477 450 478 475 
230 475 478 162 479 
231 476 475 479 451 
232 483 484 447 485 
233 473 483 485 446 
234 450 487 486 478 
235 487 469 488 486 
236 486 488 471 489 
237 162 489 490 491 
238 489 471 492 490 
239 490 492 483 493 
240 491 490 493 473 
241 478 496 494 495 
242 496 486 497 494 
243 494 497 489 498 
244 495 494 498 162 
245 499 501 480 502 
246 484 499 502 447 
247 471 504 503 492 
248 504 59 505 503 
249 503 505 484 506 
250 492 503 506 483 
251 59 511 510 505 
252 511 500 512 510 
253 510 512 499 513 
254 505 510 513 484 
255 526 528 481 529 
256 501 526 529 480 
257 139 543 542 528 
258 543 523 544 542 
259 542 544 522 545 
260 528 542 545 481 
261 527 548 546 547 
262 548 139 549 546 
263 546 549 528 550 
264 547 546 550 526 
265 523 556 555 544 
266 556 91 557 555 
267 555 557 524 558 
268 544 555 558 522 
269 91 563 562 557 
270 563 552 564 562 
271 562 564 551 565 
272 19 38 566 567 
273 38 21 568 566 
274 566 568 9 569 
275 567 566 569 22 
276 35 54 570 571 
277 54 37 572 570 
278 570 572 21 573 
279 571 570 573 38 
280 51 78 574 575 
281 78 53 576 574 
282 574 576 37 577 
283 575 574 577 54 
284 75 135 578 579 
285 135 77 580 578 
286 578 580 53 581 
287 579 578 581 78 
288 133 521 582 583 
289 521 134 584 582 
290 582 584 77 585 
291 583 582 585 135 
292 586 588 521 589 
293 587 586 589 133 
294 524 565 590 591 
295 565 551 592 590 
296 590 592 554 593 
297 591 590 593 177 
298 557 596 594 595 
299 596 562 597 594 
300 594 597 565 598 
301 595 594 598 524 
302 552 608 607 564 
303 608 519 609 607 
304 607 609 553 610 
305 564 607 610 551 
306 515 649 647 648 
307 649 628 650 647 
308 647 650 627 651 
309 648 647 651 601 
310 284 335 676 677 
311 335 106 322 676 
312 676 322 239 423 
313 677 676 423 318 
314 322 680 678 679 
315 680 321 430 678 
316 678 430 323 427 
317 679 678 427 239 
318 103 178 681 682 
319 178 133 583 681 
320 681 583 135 683 
321 682 681 683 75 
322 684 686 178 687 
323 685 684 687 103 
324 447 502 688 689 
325 502 480 690 688 
326 688 690 482 691 
327 76 104 692 693 
328 104 75 579 692 
329 692 579 78 694 
330 693 692 694 51 
331 101 158 695 696 
332 158 103 682 695 
333 695 682 75 697 
334 696 695 697 104 
335 698 685 103 700 
336 699 698 700 158 
337 446 485 701 702 
338 485 447 689 701 
339 701 689 157 703 
340 702 701 703 448 
341 157 691 704 705 
342 691 482 706 704 
343 704 706 684 707 
344 705 704 707 685 
345 689 710 708 709 
346 710 688 711 708 
347 708 711 691 712 
348 709 708 712 157 
349 713 587 133 714 
350 686 713 714 178 
351 482 716 715 706 
352 716 176 717 715 
353 715 717 686 718 
354 706 715 718 684 
355 720 525 721 719 
356 719 721 713 722 
357 717 719 722 686 
358 481 545 723 724 
359 545 522 725 723 
360 723 725 525 720 
361 724 723 720 176 
362 176 728 726 727 
363 728 720 729 726 
364 726 729 719 730 
365 727 726 730 717 
366 525 732 731 721 
367 732 177 733 731 
368 731 733 587 734 
369 721 731 734 713 
370 177 593 735 733 
371 593 554 736 735 
372 735 736 586 737 
373 733 735 737 587 
374 738 739 134 740 
375 588 738 740 521 
376 554 742 741 736 
377 742 518 743 741 
378 741 743 588 744 
379 736 741 744 586 
380 21 46 745 568 
381 46 28 746 745 
382 745 746 30 747 
383 568 745 747 9 
384 37 74 748 572 
385 74 44 749 748 
386 748 749 46 750 
387 572 748 750 21 
388 53 132 751 576 
389 132 72 752 751 
390 751 752 74 753 
391 576 751 753 37 
392 77 517 754 580 
393 517 130 755 754 
394 754 755 132 756 
395 580 754 756 53 
396 514 630 757 758 
397 630 516 759 757 
398 757 759 130 760 
399 758 757 760 517 
400 601 651 761 762 
401 651 627 763 761 
402 761 763 630 764 
403 762 761 764 514 
404 130 626 765 755 
405 626 131 766 765 
406 765 766 72 767 
407 755 765 767 132 
408 516 655 768 759 
409 655 623 769 768 
410 768 769 626 770 
411 759 768 770 130 
412 629 663 771 772 
413 663 652 773 771 
414 771 773 655 774 
415 772 771 774 516 
416 659 777 775 776 
417 777 662 778 775 
418 775 778 652 779 
419 776 775 779 663 
420 652 675 780 773 
421 675 654 781 780 
422 780 781 623 782 
423 773 780 782 655 
424 783 785 675 786 
425 778 783 786 652 
426 653 799 797 798 
427 799 673 800 797 
428 662 803 801 802 
429 801 804 783 805 
430 802 801 805 778 
431 661 811 809 810 
432 811 653 798 809 
433 809 798 662 777 
434 810 809 777 659 
435 798 814 812 813 
436 814 797 815 812 
437 812 815 784 803 
438 813 812 803 662 
439 672 821 820 785 
440 821 674 822 820 
441 820 822 654 823 
442 785 820 823 675 
443 784 825 824 804 
444 825 672 826 824 
445 824 826 785 827 
446 804 824 827 783 
447 803 830 828 829 
448 830 784 831 828 
449 828 831 804 832 
450 829 828 832 801 
451 427 835 833 834 
452 835 323 434 833 
453 833 434 414 836 
454 834 833 836 425 
455 190 845 843 844 
456 845 166 846 843 
457 843 846 217 847 
458 844 843 847 215 
459 129 849 848 171 
460 849 148 850 848 
461 848 850 137 152 
462 171 848 152 82 
463 82 852 851 175 
464 852 152 853 851 
465 851 853 151 183 
466 175 851 183 143 
467 143 855 854 189 
468 855 183 856 854 
469 166 858 857 846 
470 858 840 859 857 
471 857 859 839 860 
472 846 857 860 217 
473 868 870 154 871 
474 183 873 872 856 
475 873 151 874 872 
476 182 877 875 876 
477 877 869 878 875 
478 875 878 868 879 
479 876 875 879 841 
480 883 864 884 882 
481 882 884 867 885 
482 870 882 885 154 
483 152 887 886 853 
484 887 137 888 886 
485 886 888 153 865 
486 853 886 865 151 
487 151 890 889 874 
488 890 865 891 889 
489 889 891 864 883 
490 184 894 892 893 
491 894 883 895 892 
492 892 895 882 896 
493 893 892 896 870 
494 864 902 901 884 
495 902 866 903 901 
496 901 903 136 904 
497 884 901 904 867 
498 89 906 905 150 
499 906 58 907 905 
500 912 863 913 911 
501 911 913 138 914 
502 897 920 918 919 
503 920 899 921 918 
504 918 921 537 922 
505 919 918 922 900 
506 914 138 924 923 
507 923 924 538 925 
508 899 927 926 921 
509 927 911 928 926 
510 926 928 914 929 
511 921 926 929 537 
512 863 931 930 913 
513 931 908 932 930 
514 913 930 933 138 
515 908 941 940 932 
516 941 910 942 940 
517 940 942 533 943 
518 932 940 943 560 
519 138 933 944 924 
520 933 560 945 944 
521 944 945 559 946 
522 924 944 946 538 
523 930 949 947 948 
524 949 932 950 947 
525 947 950 560 951 
526 948 947 951 933 
527 910 955 954 942 
528 955 936 956 954 
529 954 956 939 957 
530 942 954 957 533 
531 7 959 958 113 
532 959 16 960 958 
533 958 960 15 32 
534 113 958 32 13 
535 13 962 961 117 
536 962 32 963 961 
537 961 963 31 48 
538 117 961 48 26 
539 26 965 964 121 
540 965 48 966 964 
541 964 966 47 85 
542 121 964 85 42 
543 42 968 967 147 
544 968 85 969 967 
545 967 969 84 531 
546 147 967 531 58 
547 58 971 970 907 
548 971 531 972 970 
549 936 978 977 956 
550 978 938 979 977 
551 977 979 535 980 
552 956 977 980 939 
553 938 985 984 979 
554 985 973 986 984 
555 984 986 976 987 
556 979 984 987 535 
557 934 997 995 996 
558 997 989 998 995 
559 995 998 988 999 
560 996 995 999 982 
561 531 1004 1003 972 
562 1004 84 1005 1003 
563 1007 645 1008 1006 
564 644 1011 1009 1010 
565 1011 1001 1012 1009 
566 1009 1012 1000 1013 
567 1010 1009 1013 990 
568 1001 1018 1017 1012 
569 1018 643 1019 1017 
570 1017 1019 1002 1020 
571 1012 1017 1020 1000 
572 85 1022 1021 969 
573 1022 47 1023 1021 
574 1021 1023 86 641 
575 969 1021 641 84 
576 84 1025 1024 1005 
577 1025 641 1026 1024 
578 1024 1026 640 657 
579 532 1029 1027 1028 
580 1029 657 1030 1027 
581 1027 1030 656 808 
582 1028 1027 808 646 
583 646 1033 1031 1032 
584 1033 808 1034 1031 
585 1031 1034 806 1035 
586 1032 1031 1035 807 
587 657 1037 1036 1030 
588 1037 640 1038 1036 
589 1036 1038 658 795 
590 1030 1036 795 656 
591 656 1041 1039 1040 
592 1041 795 1042 1039 
593 1039 1042 793 1043 
594 1040 1039 1043 794 
595 641 1056 1055 1026 
596 1056 86 1057 1055 
597 1055 1057 642 791 
598 1026 1055 791 640 
599 791 1060 1058 1059 
600 1060 642 1061 1058 
601 1058 1061 792 1052 
602 1059 1058 1052 790 
603 790 1064 1062 1063 
604 1064 1052 1065 1062 
605 1062 1065 1051 1066 
606 1063 1062 1066 1046 
607 48 1091 1090 966 
608 1091 31 1092 1090 
609 1090 1092 49 638 
610 966 1090 638 47 
611 47 1094 1093 1023 
612 1094 638 1095 1093 
613 1093 1095 637 788 
614 1023 1093 788 86 
615 86 1097 1096 1057 
616 1097 788 1098 1096 
617 1096 1098 787 1048 
618 1057 1096 1048 642 
619 1048 1101 1099 1100 
620 1101 787 1102 1099 
621 1099 1102 1049 1087 
622 1100 1099 1087 1047 
623 1109 1110 666 1111 
624 1087 1118 1116 1117 
625 1118 1049 1119 1116 
626 1117 1116 1120 1086 
627 1129 1130 1106 1131 
628 1110 1129 1131 666 
629 1148 1149 1103 1150 
630 1151 1152 1107 1153 
631 1130 1151 1153 1106 
632 1166 1167 1148 1168 
633 1152 1166 1168 1107 
634 1142 1170 1169 1164 
635 1170 1158 1171 1169 
636 1169 1171 1161 1172 
637 1164 1169 1172 34 
638 1158 1190 1189 1171 
639 1190 1160 1191 1189 
640 1189 1191 1139 1192 
641 1171 1189 1192 1161 
642 1202 1203 1149 1204 
643 1167 1202 1204 1148 
644 1160 1206 1205 1191 
645 1206 1185 1207 1205 
646 1205 1207 1188 1208 
647 1191 1205 1208 1139 
648 1185 1214 1213 1207 
649 1214 1187 1215 1213 
650 1213 1215 1077 1216 
651 1207 1213 1216 1188 
652 1225 1226 1199 1227 
653 1203 1225 1227 1149 
654 1236 1237 1200 1238 
655 1226 1236 1238 1199 
656 1281 1259 1282 1280 
657 1280 1282 1262 1283 
658 1316 18 1317 1314 
659 1314 1317 1297 1318 
660 18 1323 1322 1317 
661 1317 1322 1325 1297 
662 1364 1348 1365 1363 
663 1368 1360 1369 1366 
664 1366 1369 1359 1370 
665 28 614 1386 746 
666 614 29 1387 1386 
667 1386 1387 3 1388 
668 746 1386 1388 30 
669 45 1195 1389 1390 
670 1195 611 1391 1389 
671 1389 1391 614 1392 
672 1390 1389 1392 28 
673 617 1273 1393 1394 
674 1273 1193 1395 1393 
675 1393 1395 1195 1396 
676 1394 1393 1396 45 
677 1271 1337 1397 1398 
678 1337 1272 1399 1397 
679 1397 1399 1193 1400 
680 1398 1397 1400 1273 
681 1401 1403 1272 1404 
682 1402 1401 1404 1337 
683 1193 1333 1422 1395 
684 1333 1194 1423 1422 
685 1422 1423 611 1424 
686 1395 1422 1424 1195 
687 1272 1374 1425 1399 
688 1374 1330 1426 1425 
689 1425 1426 1333 1427 
690 1399 1425 1427 1193 
691 1428 1429 1374 1430 
692 1403 1428 1430 1272 
693 1446 1447 1330 1448 
694 1429 1446 1448 1374 
695 1330 1417 1462 1426 
696 1417 1332 1463 1462 
697 1462 1463 1194 1464 
698 1426 1462 1464 1333 
699 1465 1466 1417 1467 
700 1447 1465 1467 1330 
701 1480 1481 1332 1482 
702 1466 1480 1482 1417 
703 611 1329 1488 1391 
704 1329 613 1489 1488 
705 1488 1489 29 1490 
706 1391 1488 1490 614 
707 1194 1413 1491 1423 
708 1413 1326 1492 1491 
709 1491 1492 1329 1493 
710 1423 1491 1493 611 
711 1332 1457 1494 1463 
712 1457 1410 1495 1494 
713 1494 1495 1413 1496 
714 1463 1494 1496 1194 
715 1497 1498 1457 1499 
716 1481 1497 1499 1332 
717 1531 1516 1532 1530 
718 1516 1547 1546 1532 
719 1547 1518 1548 1546 
720 638 1554 1553 1095 
721 1554 49 1555 1553 
722 1553 1555 639 1079 
723 1095 1553 1079 637 
724 637 1558 1556 1557 
725 1558 1079 1559 1556 
726 1556 1559 1078 1122 
727 1557 1556 1122 789 
728 789 1562 1560 1561 
729 1562 1122 1563 1560 
730 1560 1563 1121 1133 
731 1561 1560 1133 1084 
732 1133 1566 1564 1565 
733 1566 1121 1567 1564 
734 1569 1570 211 1571 
735 365 1569 1571 212 
736 246 1573 1572 395 
737 1573 144 1574 1572 
738 1572 1574 365 1575 
739 395 1572 1575 363 
740 144 1577 1576 1574 
741 1577 226 1578 1576 
742 1576 1578 1569 1579 
743 1574 1576 1579 365 
744 167 1585 1583 1584 
745 1585 218 1586 1583 
746 1583 1586 1580 1587 
747 1584 1583 1587 1570 
748 871 154 1592 1591 
749 1591 1592 838 1593 
750 213 1590 1594 1595 
751 1590 837 1596 1594 
752 1594 1596 508 1597 
753 1595 1594 1597 161 
754 1588 1600 1598 1599 
755 1600 1589 1601 1598 
756 1598 1601 837 1602 
757 1599 1598 1602 1590 
758 154 885 1603 1592 
759 885 867 1604 1603 
760 1603 1604 880 1605 
761 1592 1603 1605 838 
762 867 904 1606 1604 
763 904 136 1607 1606 
764 1606 1607 881 1608 
765 1604 1606 1608 880 
766 537 929 1609 1610 
767 929 914 1611 1609 
768 1609 1611 923 1612 
769 1610 1609 1612 916 
770 560 943 1613 945 
771 943 533 1614 1613 
772 1613 1614 561 1615 
773 945 1613 1615 559 
774 533 957 1616 1614 
775 957 939 1617 1616 
776 1616 1617 952 1618 
777 1614 1616 1618 561 
778 939 980 1619 1617 
779 980 535 1620 1619 
780 1619 1620 953 1621 
781 1617 1619 1621 952 
782 535 987 1622 1620 
783 987 976 1623 1622 
784 1622 1623 981 1624 
785 1620 1622 1624 953 
786 976 1626 1625 1623 
787 1626 934 996 1625 
788 1625 996 982 1627 
789 1623 1625 1627 981 
790 989 1629 1628 998 
791 1629 644 1010 1628 
792 1628 1010 990 1630 
793 998 1628 1630 988 
794 645 1632 1631 1008 
795 1632 532 1028 1631 
796 1631 1028 646 1015 
797 643 1634 1633 1019 
798 1634 1015 1635 1633 
799 1633 1635 1014 1636 
800 1019 1633 1636 1002 
801 1015 1638 1637 1635 
802 1638 646 1032 1637 
803 1637 1032 807 1639 
804 1635 1637 1639 1014 
805 808 1641 1640 1034 
806 1641 656 1040 1640 
807 1640 1040 794 1642 
808 1034 1640 1642 806 
809 795 1644 1643 1042 
810 1644 658 1645 1643 
811 1643 1645 796 1646 
812 1042 1643 1646 793 
813 640 1648 1647 1038 
814 1648 791 1059 1647 
815 1647 1059 790 1045 
816 1038 1647 1045 658 
817 658 1650 1649 1645 
818 1650 1045 1651 1649 
819 1649 1651 1044 1652 
820 1645 1649 1652 796 
821 1045 1654 1653 1651 
822 1654 790 1063 1653 
823 1653 1063 1046 1655 
824 1651 1653 1655 1044 
825 1052 1657 1656 1065 
826 1657 792 1658 1656 
827 1656 1658 1053 1659 
828 1065 1656 1659 1051 
829 642 1661 1660 1061 
830 1661 1048 1100 1660 
831 1660 1100 1047 1071 
832 1061 1660 1071 792 
833 792 1663 1662 1658 
834 1663 1071 1664 1662 
835 1662 1664 1070 1665 
836 1658 1662 1665 1053 
837 1071 1667 1666 1664 
838 1667 1047 1668 1666 
839 1666 1668 1072 1669 
840 1664 1666 1669 1070 
841 1047 1671 1670 1668 
842 1671 1087 1117 1670 
843 1670 1117 1086 1672 
844 1668 1670 1672 1072 
845 788 1674 1673 1098 
846 1674 637 1557 1673 
847 1673 1557 789 1083 
848 1098 1673 1083 787 
849 787 1676 1675 1102 
850 1676 1083 1677 1675 
851 1675 1677 1082 1113 
852 1102 1675 1113 1049 
853 1049 1679 1678 1119 
854 1679 1113 1680 1678 
855 1050 1089 1682 1683 
856 1089 665 1684 1682 
857 1682 1684 1068 1685 
858 1683 1682 1685 1067 
859 1086 1120 1686 1687 
860 1120 1088 1688 1686 
861 1686 1688 665 1689 
862 1687 1686 1689 1089 
863 1116 1692 1690 1691 
864 1692 1119 1693 1690 
865 1690 1693 1088 1694 
866 1691 1690 1694 1120 
867 1113 1696 1695 1680 
868 1696 1082 1697 1695 
869 1695 1697 1114 1698 
870 1680 1695 1698 1112 
871 665 1115 1699 1684 
872 1115 1085 1700 1699 
873 1699 1700 1109 1701 
874 1684 1699 1701 1068 
875 1088 1681 1702 1688 
876 1681 1112 1703 1702 
877 1702 1703 1115 1704 
878 1688 1702 1704 665 
879 1678 1707 1705 1706 
880 1707 1680 1708 1705 
881 1705 1708 1112 1709 
882 1706 1705 1709 1681 
883 1083 1711 1710 1677 
884 1711 789 1561 1710 
885 1710 1561 1084 1126 
886 1677 1710 1126 1082 
887 1082 1713 1712 1697 
888 1713 1126 1714 1712 
889 1712 1714 1125 1715 
890 1697 1712 1715 1114 
891 1126 1717 1716 1714 
892 1717 1084 1718 1716 
893 1716 1718 1127 1719 
894 1714 1716 1719 1125 
895 1084 1721 1720 1718 
896 1721 1133 1565 1720 
897 1720 1565 1132 1722 
898 1718 1720 1722 1127 
899 620 1135 1723 1724 
900 1135 1124 1725 1723 
901 1723 1725 1129 1726 
902 1724 1723 1726 1110 
903 1132 1568 1727 1728 
904 1568 1134 1729 1727 
905 1727 1729 1124 1730 
906 1728 1727 1730 1135 
907 1565 1733 1731 1732 
908 1733 1564 1734 1731 
909 1731 1734 1568 1735 
910 1732 1731 1735 1132 
911 1122 1737 1736 1563 
912 1737 1078 1738 1736 
913 1736 1738 1123 1145 
914 1563 1736 1145 1121 
915 1121 1740 1739 1567 
916 1740 1145 1741 1739 
917 1124 1147 1743 1725 
918 1147 1081 1744 1743 
919 1743 1744 1130 1745 
920 1725 1743 1745 1129 
921 1134 1742 1746 1729 
922 1742 1144 1747 1746 
923 1746 1747 1147 1748 
924 1729 1746 1748 1124 
925 1567 1751 1749 1750 
926 1751 1739 1752 1749 
927 1749 1752 1742 1753 
928 1750 1749 1753 1134 
929 1145 1755 1754 1741 
930 1755 1123 1756 1754 
931 1144 1757 1758 1747 
932 1757 1146 1759 1758 
933 1758 1759 1081 1760 
934 1747 1758 1760 1147 
935 1741 1763 1761 1762 
936 1763 1754 1764 1761 
937 1761 1764 1757 1765 
938 1762 1761 1765 1144 
939 1079 1767 1766 1559 
940 1767 639 1768 1766 
941 1766 1768 1080 1141 
942 1559 1766 1141 1078 
943 1078 1770 1769 1738 
944 1770 1141 1771 1769 
945 1769 1771 1140 1155 
946 1738 1769 1155 1123 
947 1123 1773 1772 1756 
948 1773 1155 1774 1772 
949 1081 1157 1776 1744 
950 1157 1143 1777 1776 
951 1776 1777 1151 1778 
952 1744 1776 1778 1130 
953 1146 1775 1779 1759 
954 1775 1154 1780 1779 
955 1779 1780 1157 1781 
956 1759 1779 1781 1081 
957 1756 1784 1782 1783 
958 1784 1772 1785 1782 
959 1782 1785 1775 1786 
960 1783 1782 1786 1146 
961 1155 1788 1787 1774 
962 1788 1140 1789 1787 
963 1154 1790 1791 1780 
964 1790 1156 1792 1791 
965 1791 1792 1143 1793 
966 1780 1791 1793 1157 
967 1774 1796 1794 1795 
968 1796 1787 1797 1794 
969 1794 1797 1790 1798 
970 1795 1794 1798 1154 
971 1141 1800 1799 1771 
972 1800 1080 1801 1799 
973 1799 1801 1142 1163 
974 1771 1799 1163 1140 
975 1140 1803 1802 1789 
976 1803 1163 1804 1802 
977 1143 1165 1806 1777 
978 1165 34 1807 1806 
979 1806 1807 1152 1808 
980 1777 1806 1808 1151 
981 1156 1805 1809 1792 
982 1805 1162 1810 1809 
983 1809 1810 1165 1811 
984 1792 1809 1811 1143 
985 1789 1814 1812 1813 
986 1814 1802 1815 1812 
987 1812 1815 1805 1816 
988 1813 1812 1816 1156 
989 1163 1818 1817 1804 
990 1818 1142 1819 1817 
991 1817 1819 1164 1820 
992 1162 1820 1821 1810 
993 1820 1164 1822 1821 
994 1821 1822 34 1823 
995 1810 1821 1823 1165 
996 1804 1826 1824 1825 
997 1826 1817 1827 1824 
998 1824 1827 1820 1828 
999 1825 1824 1828 1162 
1000 1187 1830 1829 1215 
1001 1830 1209 1229 1829 
1002 1829 1229 1212 1831 
1003 1215 1829 1831 1077 
1004 1212 1232 1832 1833 
1005 1232 1184 1834 1832 
1006 1832 1834 1226 1835 
1007 1833 1832 1835 1225 
1008 1836 1839 1184 1840 
1009 1837 1836 1840 1232 
1010 1229 1843 1841 1842 
1011 1843 1228 1837 1841 
1012 1841 1837 1232 1844 
1013 1842 1841 1844 1212 
1014 32 1846 1845 963 
1015 1846 15 1847 1845 
1016 1845 1847 33 635 
1017 963 1845 635 31 
1018 31 1849 1848 1092 
1019 1849 635 1850 1848 
1020 1848 1850 634 1075 
1021 1092 1848 1075 49 
1022 1075 1853 1851 1852 
1023 1853 634 1854 1851 
1024 1851 1854 1076 1182 
1025 1852 1851 1182 1074 
1026 1074 1857 1855 1856 
1027 1857 1182 1858 1855 
1028 1855 1858 1181 1210 
1029 1856 1855 1210 1138 
1030 1210 1861 1859 1860 
1031 1861 1181 1862 1859 
1032 1859 1862 1211 1230 
1033 1860 1859 1230 1209 
1034 1230 1865 1863 1864 
1035 1865 1211 1866 1863 
1036 1863 1866 1231 1838 
1037 1864 1863 1838 1228 
1038 1228 1869 1867 1868 
1039 1869 1838 1870 1867 
1040 1867 1870 1836 1871 
1041 1868 1867 1871 1837 
1042 1184 1242 1872 1834 
1043 1242 1224 1873 1872 
1044 1872 1873 1236 1874 
1045 1834 1872 1874 1226 
1046 1875 1877 1242 1878 
1047 1839 1875 1878 1184 
1048 1182 1880 1879 1858 
1049 1880 1076 1881 1879 
1050 1879 1881 1183 1222 
1051 1858 1879 1222 1181 
1052 1181 1883 1882 1862 
1053 1883 1222 1884 1882 
1054 1882 1884 1221 1240 
1055 1862 1882 1240 1211 
1056 1211 1886 1885 1866 
1057 1886 1240 1887 1885 
1058 1885 1887 1239 1876 
1059 1866 1885 1876 1231 
1060 1231 1890 1888 1889 
1061 1890 1876 1891 1888 
1062 1888 1891 1875 1892 
1063 1889 1888 1892 1839 
1064 1894 1241 1895 1893 
1065 1893 1895 1224 1896 
1066 1877 1893 1896 1242 
1067 1240 1898 1897 1887 
1068 1898 1221 1899 1897 
1069 1897 1899 1241 1894 
1070 1887 1897 1894 1239 
1071 1239 1902 1900 1901 
1072 1902 1894 1903 1900 
1073 1900 1903 1893 1904 
1074 1901 1900 1904 1877 
1075 1224 1250 1905 1873 
1076 1905 1906 1237 1907 
1077 1873 1905 1907 1236 
1078 1241 1909 1908 1895 
1079 1909 1247 1910 1908 
1080 1908 1910 1250 1911 
1081 1895 1908 1911 1224 
1082 1247 1916 1915 1910 
1083 1916 1249 1917 1915 
1084 1915 1917 616 1918 
1085 1910 1915 1918 1250 
1086 1919 1920 1263 1921 
1087 1906 1919 1921 1237 
1088 1249 1923 1922 1917 
1089 1923 1912 1924 1922 
1090 1922 1924 1914 1925 
1091 1917 1922 1925 616 
1092 1926 1927 1264 1928 
1093 1920 1926 1928 1263 
1094 1267 1931 1929 1930 
1095 1931 1266 1932 1929 
1096 1912 1935 1934 1924 
1097 1935 1267 1930 1934 
1098 1934 1930 1246 1936 
1099 1924 1934 1936 1914 
1100 1246 1933 1937 1938 
1101 1933 1270 1939 1937 
1102 1937 1939 1926 1940 
1103 1938 1937 1940 1920 
1104 1930 1943 1941 1942 
1105 1943 1929 1944 1941 
1106 1941 1944 1933 1945 
1107 1942 1941 1945 1246 
1108 1266 1947 1946 1932 
1109 1947 1269 1948 1946 
1110 1283 1262 1951 1950 
1111 1950 1951 1277 1952 
1112 1927 1950 1952 1264 
1113 1270 1949 1953 1939 
1114 1949 1220 1954 1953 
1115 1953 1954 1927 1955 
1116 1939 1953 1955 1926 
1117 1932 1958 1956 1957 
1118 1958 1946 1959 1956 
1119 1956 1959 1949 1960 
1120 1957 1956 1960 1270 
1121 1269 1962 1961 1948 
1122 1962 1280 1963 1961 
1123 1961 1963 1283 1964 
1124 1220 1964 1965 1954 
1125 1964 1283 1966 1965 
1126 1965 1966 1950 1967 
1127 1954 1965 1967 1927 
1128 1948 1970 1968 1969 
1129 1970 1961 1971 1968 
1130 1968 1971 1964 1972 
1131 1969 1968 1972 1220 
1132 1262 1974 1973 1951 
1133 1974 1180 1975 1973 
1134 1973 1975 1278 1976 
1135 1951 1973 1976 1277 
1136 1261 1982 1980 1981 
1137 1982 1288 1983 1980 
1138 1986 1285 1987 1984 
1139 1984 1987 1300 1988 
1140 1985 1984 1988 1977 
1141 1180 1991 1989 1990 
1142 1991 1978 1985 1989 
1143 1989 1985 1977 1992 
1144 1990 1989 1992 1975 
1145 1288 1994 1993 1983 
1146 1994 1290 1995 1993 
1147 1980 1998 1996 1997 
1148 1998 1983 1999 1996 
1149 1996 1999 1285 1986 
1150 1997 1996 1986 1978 
1151 1978 2002 2000 2001 
1152 2002 1986 2003 2000 
1153 2000 2003 1984 2004 
1154 2001 2000 2004 1985 
1155 1285 2006 2005 1987 
1156 2006 1301 2007 2005 
1157 2005 2007 1299 2008 
1158 1987 2005 2008 1300 
1159 1301 2013 2012 2007 
1160 2013 1258 2014 2012 
1161 2012 2014 1302 2015 
1162 2007 2012 2015 1299 
1163 1290 2017 2016 1995 
1164 2017 1307 2018 2016 
1165 1258 2020 2019 2014 
1166 2020 2010 2021 2019 
1167 2014 2019 2022 1302 
1168 2010 2024 2023 2021 
1169 2024 1296 2025 2023 
1170 2023 2025 1315 2026 
1171 2021 2023 2026 2009 
1172 44 618 2027 749 
1173 618 45 1390 2027 
1174 2027 1390 28 2028 
1175 749 2027 2028 46 
1176 615 1198 2029 2030 
1177 1198 617 1394 2029 
1178 2029 1394 45 2031 
1179 2030 2029 2031 618 
1180 1196 1276 2032 2033 
1181 1276 1197 2034 2032 
1182 2032 2034 617 2035 
1183 2033 2032 2035 1198 
1184 1274 1298 2036 2037 
1185 1298 1275 2038 2036 
1186 2036 2038 1197 2039 
1187 2037 2036 2039 1276 
1188 1286 2011 2040 2041 
1189 2011 1295 2042 2040 
1190 2040 2042 1298 2043 
1191 2041 2040 2043 1274 
1192 1302 2022 2044 2045 
1193 2022 2009 2046 2044 
1194 2044 2046 2011 2047 
1195 2045 2044 2047 1286 
1196 2019 2050 2048 2049 
1197 2050 2021 2051 2048 
1198 2048 2051 2009 2052 
1199 2049 2048 2052 2022 
1200 1307 2054 2053 2018 
1201 2054 1309 2055 2053 
1202 2053 2055 18 1316 
1203 1296 2057 2056 2025 
1204 2057 1316 2058 2056 
1205 2056 2058 1314 2059 
1206 1295 1318 2060 2042 
1207 1318 1297 2061 2060 
1208 2060 2061 1275 2062 
1209 2042 2060 2062 1298 
1210 1315 2059 2063 2064 
1211 2059 1314 2065 2063 
1212 2063 2065 1318 2066 
1213 2064 2063 2066 1295 
1214 2025 2069 2067 2068 
1215 2069 2056 2070 2067 
1216 2067 2070 2059 2071 
1217 2068 2067 2071 1315 
1218 1197 1294 2075 2034 
1219 1294 1271 1398 2075 
1220 2075 1398 1273 2076 
1221 2034 2075 2076 617 
1222 1275 1313 2077 2038 
1223 1313 1291 2078 2077 
1224 2077 2078 1294 2079 
1225 2038 2077 2079 1197 
1226 1297 1325 2080 2061 
1227 1325 1310 2081 2080 
1228 2080 2081 1313 2082 
1229 2061 2080 2082 1275 
1230 1322 2085 2083 2084 
1231 2083 2086 1310 2087 
1232 2084 2083 2087 1325 
1233 1309 2089 2088 2055 
1234 2089 1319 2090 2088 
1235 2088 2090 1311 1323 
1236 2055 2088 1323 18 
1237 1323 2093 2091 2092 
1238 2093 1311 2094 2091 
1239 2091 2094 1324 2085 
1240 2092 2091 2085 1322 
1241 1310 2074 2095 2081 
1242 2095 2096 1291 2097 
1243 2081 2095 2097 1313 
1244 1324 2099 2098 2086 
1245 2099 2072 2100 2098 
1246 2098 2100 2074 2101 
1247 2086 2098 2101 1310 
1248 2085 2104 2102 2103 
1249 2104 1324 2105 2102 
1250 2102 2105 2086 2106 
1251 2103 2102 2106 2083 
1252 2108 1355 2109 2107 
1253 2107 2109 1312 2110 
1254 2100 2107 2110 2074 
1255 1319 2112 2111 2090 
1256 2112 1321 2113 2111 
1257 2111 2113 1292 2073 
1258 2090 2111 2073 1311 
1259 2073 2116 2114 2115 
1260 2116 1292 2117 2114 
1261 2114 2117 1355 2108 
1262 2115 2114 2108 2072 
1263 2072 2120 2118 2119 
1264 2120 2108 2121 2118 
1265 2118 2121 2107 2122 
1266 2119 2118 2122 2100 
1267 1291 1341 2123 2078 
1268 1341 1293 2124 2123 
1269 2123 2124 1271 2125 
1270 2078 2123 2125 1294 
1271 2126 2127 1341 2128 
1272 2096 2126 2128 1291 
1273 1355 2130 2129 2109 
1274 2130 1354 2131 2129 
1275 2129 2131 1358 2132 
1276 2109 2129 2132 1312 
1277 1354 2137 2136 2131 
1278 2137 1357 2138 2136 
1279 2136 2138 1338 2139 
1280 2131 2136 2139 1358 
1281 2140 2141 1293 2142 
1282 2127 2140 2142 1341 
1283 1357 2144 2143 2138 
1284 2144 2133 2145 2143 
1285 2138 2143 2146 1338 
1286 2133 2148 2147 2145 
1287 2148 1367 2149 2147 
1288 2147 2149 1340 2150 
1289 2145 2147 2150 2135 
1290 1338 2146 2151 2152 
1291 2146 2135 2153 2151 
1292 2151 2153 2140 2154 
1293 2152 2151 2154 2127 
1294 2143 2157 2155 2156 
1295 2157 2145 2158 2155 
1296 2155 2158 2135 2159 
1297 2156 2155 2159 2146 
1298 1293 1362 2160 2124 
1299 2160 1402 1337 2161 
1300 2124 2160 2161 1271 
1301 1370 1359 2163 2162 
1302 2162 2163 1362 2164 
1303 2141 2162 2164 1293 
1304 1367 2166 2165 2149 
1305 2166 1366 2167 2165 
1306 2165 2167 1370 2168 
1307 1340 2168 2169 2170 
1308 2168 1370 2171 2169 
1309 2169 2171 2162 2172 
1310 2170 2169 2172 2141 
1311 2149 2175 2173 2174 
1312 2175 2165 2176 2173 
1313 2173 2176 2168 2177 
1314 2174 2173 2177 1340 
1315 1359 2179 2178 2163 
1316 2163 2178 2181 1362 
1317 1360 2183 2182 1369 
1318 2183 1335 2184 2182 
1319 1369 2182 2179 1359 
1320 2179 2190 2188 2189 
1321 2188 2191 2180 2192 
1322 2189 2188 2192 2178 
1323 1348 2194 2193 1365 
1324 2194 1350 2195 2193 
1325 2193 2195 1176 1376 
1326 1335 2197 2196 2184 
1327 2197 1376 2198 2196 
1328 2182 2201 2199 2200 
1329 2201 2184 2202 2199 
1330 2199 2202 1361 2190 
1331 2200 2199 2190 2179 
1332 1361 2204 2203 2191 
1333 2204 2186 2205 2203 
1334 2203 2205 2185 2206 
1335 2191 2203 2206 2180 
1336 2190 2209 2207 2208 
1337 2209 1361 2210 2207 
1338 2207 2210 2191 2211 
1339 2208 2207 2211 2188 
1340 2213 1375 2214 2212 
1341 2212 2214 1406 2215 
1342 2205 2212 2215 2185 
1343 1376 2217 2216 2198 
1344 2217 1176 2218 2216 
1345 2196 2221 2219 2220 
1346 2221 2198 2222 2219 
1347 2219 2222 1375 2213 
1348 2220 2219 2213 2186 
1349 2186 2225 2223 2224 
1350 2225 2213 2226 2223 
1351 2223 2226 2212 2227 
1352 2224 2223 2227 2205 
1353 1375 2229 2228 2214 
1354 2229 1407 2230 2228 
1355 2228 2230 1405 2231 
1356 2214 2228 2231 1406 
1357 1407 2236 2235 2230 
1358 2235 2237 1408 2238 
1359 2230 2235 2238 1405 
1360 1350 2240 2239 2195 
1361 2240 1379 2241 2239 
1362 2239 2241 1372 1383 
1363 2195 2239 1383 1176 
1364 1176 2243 2242 2218 
1365 2243 1383 2244 2242 
1366 2216 2247 2245 2246 
1367 2247 2218 2248 2245 
1368 2245 2248 1377 2236 
1369 2246 2245 2236 1407 
1370 1377 2250 2249 2237 
1371 2250 2233 2251 2249 
1372 2249 2251 2232 2252 
1373 2237 2249 2252 1408 
1374 2236 2255 2253 2254 
1375 2255 1377 2256 2253 
1376 2253 2256 2237 2257 
1377 2254 2253 2257 2235 
1378 1383 2259 2258 2244 
1379 2259 1372 2260 2258 
1380 1382 2263 2261 2262 
1381 2263 1433 2264 2261 
1382 2261 2264 1431 2265 
1383 2262 2261 2265 1432 
1384 1379 2274 2273 2241 
1385 2274 1381 2275 2273 
1386 2273 2275 1331 1419 
1387 2241 2273 1419 1372 
1388 1372 2277 2276 2260 
1389 2277 1419 2278 2276 
1390 1384 2280 2279 2271 
1391 2280 2267 2281 2279 
1392 2279 2281 2266 2282 
1393 2271 2279 2282 1434 
1394 1385 1435 2283 2284 
1395 1435 1371 2285 2283 
1396 2283 2285 1429 2286 
1397 2284 2283 2286 1428 
1398 1431 2272 2287 2288 
1399 2272 1434 2289 2287 
1400 2287 2289 1371 2290 
1401 2288 2287 2290 1435 
1402 2293 2271 2294 2291 
1403 2291 2294 1434 2295 
1404 2292 2291 2295 2272 
1405 2264 2298 2296 2297 
1406 2298 2269 2292 2296 
1407 2296 2292 2272 2299 
1408 2297 2296 2299 1431 
1409 2258 2302 2300 2301 
1410 2302 2260 2303 2300 
1411 2300 2303 1384 2270 
1412 2301 2300 2270 1433 
1413 2270 2306 2304 2305 
1414 2306 1384 2307 2304 
1415 2304 2307 2271 2293 
1416 2305 2304 2293 2269 
1417 2269 2310 2308 2309 
1418 2310 2293 2311 2308 
1419 2308 2311 2291 2312 
1420 2309 2308 2312 2292 
1421 1419 2314 2313 2278 
1422 2314 1331 2315 2313 
1423 1418 2318 2316 2317 
1424 2318 1451 2319 2316 
1425 2316 2319 1449 2320 
1426 2267 2322 2321 2281 
1427 2322 1418 2317 2321 
1428 2321 2317 1450 2323 
1429 2281 2321 2323 2266 
1430 1421 1453 2324 2325 
1431 1453 1373 2326 2324 
1432 2324 2326 1447 2327 
1433 2325 2324 2327 1446 
1434 1450 2320 2328 2329 
1435 2320 1449 2330 2328 
1436 2328 2330 1453 2331 
1437 2329 2328 2331 1421 
1438 2317 2334 2332 2333 
1439 2334 2316 2335 2332 
1440 2332 2335 2320 2336 
1441 2333 2332 2336 1450 
1442 1451 2341 2340 2319 
1443 2341 1420 2342 2340 
1444 2340 2342 1452 2343 
1445 2319 2340 2343 1449 
1446 1381 2345 2344 2275 
1447 2345 1439 2346 2344 
1448 2344 2346 1415 1443 
1449 2275 2344 1443 1331 
1450 1331 2348 2347 2315 
1451 2348 1443 2349 2347 
1452 2347 2349 1442 2338 
1453 1420 2351 2350 2342 
1454 2351 2338 2352 2350 
1455 2342 2350 2353 1452 
1456 2338 2355 2354 2352 
1457 2355 1442 2356 2354 
1458 2354 2356 1469 2357 
1459 2352 2354 2357 2337 
1460 1373 2339 2358 2326 
1461 2339 1445 2359 2358 
1462 2358 2359 1465 2360 
1463 2326 2358 2360 1447 
1464 1452 2353 2361 2362 
1465 2353 2337 2363 2361 
1466 2361 2363 2339 2364 
1467 2362 2361 2364 1373 
1468 2350 2367 2365 2366 
1469 2367 2352 2368 2365 
1470 2365 2368 2337 2369 
1471 2366 2365 2369 2353 
1472 1443 2371 2370 2349 
1473 2371 1415 2372 2370 
1474 2370 2372 1444 1470 
1475 2349 2370 1470 1442 
1476 1442 2374 2373 2356 
1477 2374 1470 2375 2373 
1478 2373 2375 1468 2376 
1479 1445 1472 2377 2359 
1480 1472 1414 2378 2377 
1481 2377 2378 1466 2379 
1482 2359 2377 2379 1465 
1483 1469 2376 2380 2381 
1484 2376 1468 2382 2380 
1485 2380 2382 1472 2383 
1486 2381 2380 2383 1445 
1487 2356 2386 2384 2385 
1488 2386 2373 2387 2384 
1489 2384 2387 2376 2388 
1490 2385 2384 2388 1469 
1491 1470 2393 2392 2375 
1492 2393 1444 2394 2392 
1493 2392 2394 1471 2395 
1494 2375 2392 2395 1468 
1495 1439 2397 2396 2346 
1496 2397 1441 2398 2396 
1497 2396 2398 612 1459 
1498 2346 2396 1459 1415 
1499 1415 2400 2399 2372 
1500 2400 1459 2401 2399 
1501 2399 2401 1458 2390 
1502 2372 2399 2390 1444 
1503 1444 2403 2402 2394 
1504 2403 2390 2404 2402 
1505 2394 2402 2405 1471 
1506 2390 2407 2406 2404 
1507 2407 1458 2408 2406 
1508 1414 2391 2410 2378 
1509 2391 1461 2411 2410 
1510 2410 2411 1480 2412 
1511 2378 2410 2412 1466 
1512 1471 2405 2413 2414 
1513 2413 2415 2391 2416 
1514 2414 2413 2416 1414 
1515 2402 2419 2417 2418 
1516 2419 2404 2420 2417 
1517 2417 2420 2389 2421 
1518 2418 2417 2421 2405 
1519 1459 2423 2422 2401 
1520 2423 612 2424 2422 
1521 2422 2424 1460 1485 
1522 2401 2422 1485 1458 
1523 1458 2426 2425 2408 
1524 2426 1485 2427 2425 
1525 1461 1487 2429 2411 
1526 1487 1416 2430 2429 
1527 2429 2430 1481 2431 
1528 2411 2429 2431 1480 
1529 2432 2434 1487 2435 
1530 2433 2432 2435 1461 
1531 2408 2438 2436 2437 
1532 2438 2425 2439 2436 
1533 2436 2439 2428 2440 
1534 2441 2433 1461 2442 
1535 2415 2441 2442 2391 
1536 2406 2445 2443 2444 
1537 2445 2408 2437 2443 
1538 2443 2437 1484 2446 
1539 2444 2443 2446 2409 
1540 1484 2440 2447 2448 
1541 2440 2428 2449 2447 
1542 2447 2449 2432 2450 
1543 2448 2447 2450 2433 
1544 2437 2453 2451 2452 
1545 2453 2436 2454 2451 
1546 2451 2454 2440 2455 
1547 2452 2451 2455 1484 
1548 1485 2457 2456 2427 
1549 2457 1460 2458 2456 
1550 2460 2461 1416 2462 
1551 2434 2460 2462 1487 
1552 2427 2465 2463 2464 
1553 2465 2456 2466 2463 
1554 2464 2463 2467 1483 
1555 1441 2469 2468 2398 
1556 2469 1473 2470 2468 
1557 2468 2470 1455 1477 
1558 2398 2468 1477 612 
1559 612 2472 2471 2424 
1560 2472 1477 2473 2471 
1561 2471 2473 1476 1501 
1562 2424 2471 1501 1460 
1563 1460 2475 2474 2458 
1564 2475 1501 2476 2474 
1565 2456 2479 2478 2466 
1566 2479 2458 2480 2478 
1567 2478 2480 1486 2481 
1568 2466 2478 2481 2459 
1569 1483 2467 2482 2483 
1570 2467 2459 2484 2482 
1571 2482 2484 2460 2485 
1572 2483 2482 2485 2434 
1573 2463 2488 2486 2487 
1574 2488 2466 2489 2486 
1575 2486 2489 2459 2490 
1576 2487 2486 2490 2467 
1577 1476 2492 2491 1502 
1578 2492 1478 2493 2491 
1579 2491 2493 1454 2494 
1580 1502 2491 2494 1479 
1581 1501 2496 2495 2476 
1582 2496 1476 2497 2495 
1583 2495 2497 1502 2498 
1584 2476 2495 2498 1500 
1585 1416 1503 2499 2430 
1586 1503 1479 2500 2499 
1587 2499 2500 1497 2501 
1588 2430 2499 2501 1481 
1589 2502 2503 1503 2504 
1590 2461 2502 2504 1416 
1591 2474 2507 2505 2506 
1592 2507 2476 2508 2505 
1593 2505 2508 1500 2509 
1594 2506 2505 2509 2477 
1595 2510 2511 1410 2512 
1596 1498 2510 2512 1457 
1597 1512 2515 2513 2514 
1598 2515 1514 2516 2513 
1599 2513 2516 1456 2517 
1600 2514 2513 2517 1515 
1601 1410 1511 2518 1495 
1602 1511 1412 2519 2518 
1603 2518 2519 1326 2520 
1604 1495 2518 2520 1413 
1605 2521 2522 1511 2523 
1606 2511 2521 2523 1410 
1607 1514 2525 2524 2516 
1608 2525 1522 2526 2524 
1609 2524 2526 1525 2527 
1610 2516 2524 2527 1456 
1611 1522 2532 2531 2526 
1612 2532 1524 2533 2531 
1613 2531 2533 1508 2534 
1614 2526 2531 2534 1525 
1615 2535 2536 1412 2537 
1616 2522 2535 2537 1511 
1617 2528 2540 2538 2539 
1618 2540 1534 2541 2538 
1619 2538 2541 1510 2542 
1620 2539 2538 2542 2530 
1621 1326 1507 2543 1492 
1622 1507 1328 2544 2543 
1623 2543 2544 613 2545 
1624 1492 2543 2545 1329 
1625 1412 1529 2546 2519 
1626 1529 1504 2547 2546 
1627 2546 2547 1507 2548 
1628 2519 2546 2548 1326 
1629 2549 2550 1529 2551 
1630 2536 2549 2551 1412 
1631 1534 2553 2552 2541 
1632 2553 1533 2554 2552 
1633 2552 2554 1537 2555 
1634 2541 2552 2555 1510 
1635 1533 2557 2556 2554 
1636 2557 1536 2558 2556 
1637 2556 2558 1526 2559 
1638 2554 2556 2559 1537 
1639 2560 2561 1504 2562 
1640 2550 2560 2562 1529 
1641 1536 2564 2563 2558 
1642 2564 1542 2565 2563 
1643 2563 2565 1545 2566 
1644 2558 2563 2566 1526 
1645 1504 1541 2567 2547 
1646 1541 1506 2568 2567 
1647 2567 2568 1328 2569 
1648 2547 2567 2569 1507 
1649 2570 2571 1541 2572 
1650 2561 2570 2572 1504 
1651 1544 2575 2573 2574 
1652 2575 1549 2576 2573 
1653 2573 2576 1552 2577 
1654 2574 2573 2577 1528 
1655 2579 8 2580 2578 
1656 2578 2580 1540 2581 
1657 1549 2583 2582 2576 
1658 2583 1551 2584 2582 
1659 2582 2584 1538 2585 
1660 2576 2582 2585 1552 
1661 2581 1540 2587 2586 
1662 2586 2587 1506 2588 
1663 2571 2586 2588 1541 
1664 1551 2590 2589 2584 
1665 2590 2578 2591 2589 
1666 2589 2591 2581 2592 
1667 2584 2589 2592 1538 
1668 1 2595 2593 2594 
1669 2595 12 111 2593 
1670 2593 111 10 62 
1671 2594 2593 62 11 
1672 16 2597 2596 960 
1673 2597 2 2598 2596 
1674 2596 2598 17 632 
1675 960 2596 632 15 
1676 20 94 2599 2600 
1677 94 19 567 2599 
1678 2599 567 22 2601 
1679 2600 2599 2601 4 
1680 10 2604 2602 2603 
1681 2604 25 115 2602 
1682 2602 115 23 66 
1683 2603 2602 66 24 
1684 36 97 2605 2606 
1685 97 35 571 2605 
1686 2605 571 38 2607 
1687 2606 2605 2607 19 
1688 23 2610 2608 2609 
1689 2610 41 119 2608 
1690 2608 119 39 70 
1691 2609 2608 70 40 
1692 52 100 2611 2612 
1693 100 51 575 2611 
1694 2611 575 54 2613 
1695 2612 2611 2613 35 
1696 70 2616 2614 2615 
1697 2616 39 123 2614 
1698 2614 123 56 193 
1699 2615 2614 193 68 
1700 72 622 2617 752 
1701 622 73 2618 2617 
1702 2617 2618 44 2619 
1703 752 2617 2619 74 
1704 98 314 2620 2621 
1705 314 76 693 2620 
1706 2620 693 51 2622 
1707 2621 2620 2622 100 
1708 102 317 2623 2624 
1709 317 101 696 2623 
1710 2623 696 104 2625 
1711 2624 2623 2625 76 
1712 148 2627 2626 850 
1713 2627 150 2628 2626 
1714 2626 2628 88 862 
1715 850 2626 862 137 
1716 2629 699 158 2631 
1717 2630 2629 2631 101 
1718 186 2633 2632 222 
1719 2633 189 2634 2632 
1720 2632 2634 166 845 
1721 222 2632 845 190 
1722 211 1582 2635 2636 
1723 1582 213 1595 2635 
1724 2635 1595 161 2637 
1725 2636 2635 2637 214 
1726 212 1571 2638 2639 
1727 1571 211 2636 2638 
1728 2638 2636 214 2640 
1729 2639 2638 2640 159 
1730 163 223 2641 356 
1731 223 190 844 2641 
1732 2641 844 215 2642 
1733 356 2641 2642 216 
1734 216 2642 2643 2644 
1735 2642 215 2645 2643 
1736 2643 2645 218 1585 
1737 2644 2643 1585 167 
1738 164 353 2646 2647 
1739 353 210 355 2646 
1740 2646 355 224 2648 
1741 2647 2646 2648 225 
1742 224 357 2649 2650 
1743 357 216 2644 2649 
1744 2649 2644 167 2651 
1745 2650 2649 2651 226 
1746 225 2648 2652 2653 
1747 2648 224 2650 2652 
1748 2652 2650 226 1577 
1749 2653 2652 1577 144 
1750 235 2655 2654 266 
1751 2655 234 248 2654 
1752 2654 248 237 2656 
1753 266 2654 2656 203 
1754 241 366 2657 2658 
1755 366 212 2639 2657 
1756 2657 2639 159 2659 
1757 2658 2657 2659 243 
1758 242 374 2660 2661 
1759 374 241 2658 2660 
1760 2660 2658 243 2662 
1761 2661 2660 2662 160 
1762 203 2656 2663 2664 
1763 2656 237 2665 2663 
1764 2663 2665 244 369 
1765 2664 2663 369 245 
1766 237 251 2666 2665 
1767 251 164 2647 2666 
1768 2666 2647 225 2667 
1769 2665 2666 2667 244 
1770 244 2667 2668 370 
1771 2667 225 2653 2668 
1772 2668 2653 144 1573 
1773 370 2668 1573 246 
1774 259 267 2669 2670 
1775 267 203 2664 2669 
1776 2669 2664 245 377 
1777 2670 2669 377 260 
1778 268 2673 2671 2672 
1779 2673 127 272 2671 
1780 2671 272 79 283 
1781 2672 2671 283 197 
1782 278 2675 2674 303 
1783 2675 277 2676 2674 
1784 2674 2676 280 387 
1785 303 2674 387 252 
1786 283 2679 2677 2678 
1787 2679 79 306 2677 
1788 2677 306 200 334 
1789 2678 2677 334 281 
1790 290 2681 2680 330 
1791 2681 289 301 2680 
1792 2680 301 292 2682 
1793 330 2680 2682 253 
1794 2683 373 242 2685 
1795 2684 2683 2685 293 
1796 293 2685 2686 2687 
1797 2685 242 2661 2686 
1798 2686 2661 160 453 
1799 2687 2686 453 295 
1800 294 2689 2688 432 
1801 2689 293 2687 2688 
1802 2688 2687 295 439 
1803 432 2688 439 238 
1804 253 2682 2690 2691 
1805 2682 292 391 2690 
1806 2690 391 296 2692 
1807 2691 2690 2692 297 
1808 315 420 2693 2694 
1809 2693 2630 101 2695 
1810 2694 2693 2695 317 
1811 106 346 2696 2697 
1812 346 288 2698 2696 
1813 2696 2698 321 680 
1814 2697 2696 680 322 
1815 288 326 2699 2698 
1816 326 202 2700 2699 
1817 2699 2700 294 431 
1818 2698 2699 431 321 
1819 311 331 2701 2702 
1820 331 253 2691 2701 
1821 2701 2691 297 2703 
1822 2702 2701 2703 324 
1823 262 378 2704 2705 
1824 378 206 394 2704 
1825 2704 394 364 2706 
1826 2705 2704 2706 372 
1827 83 409 2707 2708 
1828 409 240 457 2707 
1829 2707 457 402 2709 
1830 2708 2707 2709 403 
1831 408 441 2710 2711 
1832 441 410 461 2710 
1833 2710 461 412 2712 
1834 2711 2710 2712 240 
1835 320 424 2713 2714 
1836 424 83 2708 2713 
1837 2713 2708 403 2715 
1838 2714 2713 2715 418 
1839 404 474 2716 2717 
1840 474 446 702 2716 
1841 2716 702 448 2718 
1842 2717 2716 2718 155 
1843 160 2662 2719 454 
1844 2662 243 2720 2719 
1845 2719 2720 449 2721 
1846 454 2719 2721 411 
1847 243 2659 2722 2720 
1848 2659 159 2723 2722 
1849 2722 2723 450 477 
1850 2720 2722 477 449 
1851 411 2721 2724 462 
1852 2721 449 476 2724 
1853 2724 476 451 2725 
1854 462 2724 2725 109 
1855 159 2640 2726 2723 
1856 2640 214 2727 2726 
1857 2726 2727 469 487 
1858 2723 2726 487 450 
1859 214 2637 2728 2727 
1860 2637 161 2729 2728 
1861 2728 2729 470 2730 
1862 2727 2728 2730 469 
1863 469 2730 2731 488 
1864 2730 470 2732 2731 
1865 2731 2732 59 504 
1866 488 2731 504 471 
1867 451 479 2733 2734 
1868 479 162 491 2733 
1869 2733 491 473 2735 
1870 2734 2733 2735 472 
1871 480 529 2736 690 
1872 529 481 724 2736 
1873 2736 724 176 716 
1874 690 2736 716 482 
1875 161 1597 2737 2729 
1876 1597 508 2738 2737 
1877 2737 2738 507 2739 
1878 2729 2737 2739 470 
1879 470 2739 2740 2732 
1880 2739 507 2741 2740 
1881 2740 2741 500 511 
1882 2732 2740 511 59 
1883 134 602 2742 584 
1884 602 514 758 2742 
1885 2742 758 517 2743 
1886 584 2742 2743 77 
1887 522 558 2744 725 
1888 558 524 591 2744 
1889 2744 591 177 732 
1890 725 2744 732 525 
1891 536 925 2745 2746 
1892 925 538 2747 2745 
1893 2745 2747 91 556 
1894 2746 2745 556 523 
1895 2748 2746 523 543 
1896 551 610 2749 592 
1897 610 553 2750 2749 
1898 2749 2750 518 742 
1899 592 2749 742 554 
1900 559 1615 2751 2752 
1901 1615 561 2753 2751 
1902 2751 2753 519 608 
1903 2752 2751 608 552 
1904 538 946 2754 2747 
1905 946 559 2752 2754 
1906 2754 2752 552 563 
1907 2747 2754 563 91 
1908 2755 2756 599 2757 
1909 2758 648 601 2759 
1910 2756 2758 2759 599 
1911 599 2759 2760 2761 
1912 2759 601 762 2760 
1913 2760 762 514 2762 
1914 2761 2760 2762 602 
1915 2757 599 2761 2763 
1916 2763 2761 602 2764 
1917 739 2763 2764 134 
1918 73 1105 2765 2618 
1919 1105 615 2030 2765 
1920 2765 2030 618 2766 
1921 2618 2765 2766 44 
1922 131 667 2767 766 
1923 667 619 2768 2767 
1924 2767 2768 622 2769 
1925 766 2767 2769 72 
1926 623 671 2770 769 
1927 671 625 2771 2770 
1928 2770 2771 131 2772 
1929 769 2770 2772 626 
1930 627 2774 2775 763 
1931 2774 629 772 2775 
1932 2775 772 516 2776 
1933 763 2775 2776 630 
1934 15 2778 2777 1847 
1935 2778 632 2779 2777 
1936 2777 2779 631 1174 
1937 1847 2777 1174 33 
1938 632 2781 2780 2779 
1939 2781 17 2782 2780 
1940 2780 2782 633 1343 
1941 2779 2780 1343 631 
1942 635 2784 2783 1850 
1943 2784 33 2785 2783 
1944 2783 2785 636 1178 
1945 1850 2783 1178 634 
1946 625 1069 2786 2771 
1947 1069 664 2787 2786 
1948 2786 2787 667 2788 
1949 2771 2786 2788 131 
1950 2789 2790 670 2791 
1951 654 819 2792 781 
1952 819 668 2793 2792 
1953 2792 2793 671 2794 
1954 781 2792 2794 623 
1955 673 2796 2795 800 
1956 2796 624 2797 2795 
1957 2795 2797 674 821 
1958 800 2795 821 672 
1959 448 703 2798 2799 
1960 703 157 705 2798 
1961 2798 705 685 2800 
1962 2799 2798 2800 698 
1963 793 1646 2801 2802 
1964 1646 796 2803 2801 
1965 2801 2803 624 2796 
1966 2802 2801 2796 673 
1967 794 1043 2804 2805 
1968 1043 793 2802 2804 
1969 2804 2802 673 799 
1970 2805 2804 799 653 
1971 797 2807 2806 815 
1972 2807 800 2808 2806 
1973 2806 2808 672 825 
1974 815 2806 825 784 
1975 806 1642 2809 2810 
1976 1642 794 2805 2809 
1977 2809 2805 653 811 
1978 2810 2809 811 661 
1979 807 1035 2811 2812 
1980 1035 806 2810 2811 
1981 2811 2810 661 2813 
1982 2812 2811 2813 87 
1983 837 1593 2814 1596 
1984 1593 838 2815 2814 
1985 2814 2815 179 2816 
1986 1596 2814 2816 508 
1987 840 2818 2817 859 
1988 2818 182 876 2817 
1989 2817 876 841 2819 
1990 859 2817 2819 839 
1991 189 2821 2820 2634 
1992 2821 854 2822 2820 
1993 2820 2822 840 858 
1994 2634 2820 858 166 
1995 137 2824 2823 888 
1996 2824 862 2825 2823 
1997 2823 2825 861 898 
1998 888 2823 898 153 
1999 862 2827 2826 2825 
2000 2827 88 2828 2826 
2001 2826 2828 863 912 
2002 2825 2826 912 861 
2003 865 2830 2829 891 
2004 2830 153 2831 2829 
2005 2829 2831 866 902 
2006 891 2829 902 864 
2007 869 2833 2832 878 
2008 2833 184 893 2832 
2009 2832 893 870 2834 
2010 878 2832 2834 868 
2011 838 1605 2835 2815 
2012 1605 880 2836 2835 
2013 2835 2836 540 2837 
2014 2815 2835 2837 179 
2015 866 2839 2838 903 
2016 2839 897 919 2838 
2017 2838 919 900 2840 
2018 903 2838 2840 136 
2019 150 2842 2841 2628 
2020 2842 905 2843 2841 
2021 2841 2843 534 909 
2022 2628 2841 909 88 
2023 88 2845 2844 2828 
2024 2845 909 2846 2844 
2025 2844 2846 908 931 
2026 2828 2844 931 863 
2027 909 2848 2847 2846 
2028 2848 534 2849 2847 
2029 2847 2849 910 941 
2030 2846 2847 941 908 
2031 136 2840 2850 1607 
2032 2840 900 2851 2850 
2033 2850 2851 915 2852 
2034 1607 2850 2852 881 
2035 900 922 2853 2851 
2036 922 537 1610 2853 
2037 2853 1610 916 2854 
2038 2851 2853 2854 915 
2039 905 2856 2855 2843 
2040 2856 907 2857 2855 
2041 2855 2857 90 937 
2042 2843 2855 937 534 
2043 534 2859 2858 2849 
2044 2859 937 2860 2858 
2045 2858 2860 936 955 
2046 2849 2858 955 910 
2047 937 2862 2861 2860 
2048 2862 90 2863 2861 
2049 2861 2863 938 978 
2050 2860 2861 978 936 
2051 561 1618 2864 2753 
2052 1618 952 2865 2864 
2053 2864 2865 604 2866 
2054 2753 2864 2866 519 
2055 907 2868 2867 2857 
2056 2868 970 2869 2867 
2057 2867 2869 935 974 
2058 2857 2867 974 90 
2059 90 2871 2870 2863 
2060 2871 974 2872 2870 
2061 2870 2872 973 985 
2062 2863 2870 985 938 
2063 973 2874 2873 986 
2064 2874 975 2875 2873 
2065 2873 2875 934 1626 
2066 986 2873 1626 976 
2067 975 2877 2876 2875 
2068 2877 992 2878 2876 
2069 2876 2878 989 997 
2070 2875 2876 997 934 
2071 1014 1639 2879 2880 
2072 1639 807 2812 2879 
2073 2879 2812 87 2881 
2074 2880 2879 2881 1016 
2075 1002 1636 2882 2883 
2076 1636 1014 2880 2882 
2077 2882 2880 1016 2884 
2078 2883 2882 2884 628 
2079 796 1652 2885 2803 
2080 1652 1044 2886 2885 
2081 2885 2886 817 2887 
2082 2803 2885 2887 624 
2083 2888 1683 1067 2889 
2084 2790 2888 2889 670 
2085 49 2891 2890 1555 
2086 2891 1075 1852 2890 
2087 2890 1852 1074 1137 
2088 1555 2890 1137 639 
2089 1072 1672 2892 2893 
2090 1672 1086 1687 2892 
2091 2892 1687 1089 2894 
2092 2893 2892 2894 1050 
2093 1085 1128 2895 1700 
2094 1128 620 1724 2895 
2095 2895 1724 1110 2896 
2096 1700 2895 2896 1109 
2097 1112 1698 2897 1703 
2098 1698 1114 2898 2897 
2099 2897 2898 1085 2899 
2100 1703 2897 2899 1115 
2101 1114 1715 2900 2898 
2102 1715 1125 2901 2900 
2103 2900 2901 1128 2902 
2104 2898 2900 2902 1085 
2105 1127 1722 2903 2904 
2106 1722 1132 1728 2903 
2107 2903 1728 1135 2905 
2108 2904 2903 2905 620 
2109 639 2907 2906 1768 
2110 2907 1137 2908 2906 
2111 2906 2908 1136 1159 
2112 1768 2906 1159 1080 
2113 1137 2910 2909 2908 
2114 2910 1074 1856 2909 
2115 2909 1856 1138 1186 
2116 2908 2909 1186 1136 
2117 1080 2912 2911 1801 
2118 2912 1159 2913 2911 
2119 2911 2913 1158 1170 
2120 1801 2911 1170 1142 
2121 1159 2915 2914 2913 
2122 2915 1136 2916 2914 
2123 2914 2916 1160 1190 
2124 2913 2914 1190 1158 
2125 34 1172 2917 1807 
2126 1172 1161 2918 2917 
2127 2917 2918 1166 2919 
2128 1807 2917 2919 1152 
2129 1161 1192 2920 2918 
2130 1192 1139 2921 2920 
2131 2920 2921 1167 2922 
2132 2918 2920 2922 1166 
2133 33 2924 2923 2785 
2134 2924 1174 2925 2923 
2135 2923 2925 1173 1252 
2136 2785 2923 1252 636 
2137 1174 2927 2926 2925 
2138 2927 631 2928 2926 
2139 2926 2928 1175 1346 
2140 2925 2926 1346 1173 
2141 634 2930 2929 1854 
2142 2930 1178 2931 2929 
2143 2929 2931 1177 1218 
2144 1854 2929 1218 1076 
2145 1178 2933 2932 2931 
2146 2933 636 2934 2932 
2147 2932 2934 1179 1256 
2148 2931 2932 1256 1177 
2149 1136 2936 2935 2916 
2150 2936 1186 2937 2935 
2151 2935 2937 1185 1206 
2152 2916 2935 1206 1160 
2153 1186 2939 2938 2937 
2154 2939 1138 2940 2938 
2155 2938 2940 1187 1214 
2156 2937 2938 1214 1185 
2157 1104 1235 2941 2942 
2158 1235 1196 2033 2941 
2159 2941 2033 1198 2943 
2160 2942 2941 2943 615 
2161 1139 1208 2944 2921 
2162 1208 1188 2945 2944 
2163 2944 2945 1202 2946 
2164 2921 2944 2946 1167 
2165 1188 1216 2947 2945 
2166 1216 1077 2948 2947 
2167 2947 2948 1203 2949 
2168 2945 2947 2949 1202 
2169 1138 2951 2950 2940 
2170 2951 1210 1860 2950 
2171 2950 1860 1209 1830 
2172 2940 2950 1830 1187 
2173 1076 2953 2952 1881 
2174 2953 1218 2954 2952 
2175 2952 2954 1217 1244 
2176 1881 2952 1244 1183 
2177 1218 2956 2955 2954 
2178 2956 1177 2957 2955 
2179 2955 2957 1219 1260 
2180 2954 2955 1260 1217 
2181 1222 2959 2958 1884 
2182 2959 1183 2960 2958 
2183 2958 2960 1223 1248 
2184 1884 2958 1248 1221 
2185 1077 1831 2961 2948 
2186 1831 1212 1833 2961 
2187 2961 1833 1225 2962 
2188 2948 2961 2962 1203 
2189 1209 2965 2963 2964 
2190 2965 1230 1864 2963 
2191 2963 1864 1228 1843 
2192 2964 2963 1843 1229 
2193 1183 2967 2966 2960 
2194 2967 1244 2968 2966 
2195 2966 2968 1243 1913 
2196 2960 2966 1913 1223 
2197 1244 2970 2969 2968 
2198 2970 1217 2971 2969 
2199 2969 2971 1245 1268 
2200 2968 2969 1268 1243 
2201 1221 2973 2972 1899 
2202 2973 1248 2974 2972 
2203 2972 2974 1247 1909 
2204 1899 2972 1909 1241 
2205 1248 2976 2975 2974 
2206 2976 1223 2977 2975 
2207 2975 2977 1249 1916 
2208 2974 2975 1916 1247 
2209 636 2979 2978 2934 
2210 2979 1252 2980 2978 
2211 2978 2980 1251 1305 
2212 2934 2978 1305 1179 
2213 1252 2982 2981 2980 
2214 2982 1173 2983 2981 
2215 2981 2983 1253 1349 
2216 2980 2981 1349 1251 
2217 1177 2985 2984 2957 
2218 2985 1256 2986 2984 
2219 2984 2986 1255 1289 
2220 2957 2984 1289 1219 
2221 1256 2988 2987 2986 
2222 2988 1179 2989 2987 
2223 2987 2989 1257 1308 
2224 2986 2987 1308 1255 
2225 1217 2991 2990 2971 
2226 2991 1260 2992 2990 
2227 2990 2992 1259 1281 
2228 2971 2990 1281 1245 
2229 1259 2994 2993 1282 
2230 2994 1261 1981 2993 
2231 2993 1981 1180 1974 
2232 1282 2993 1974 1262 
2233 1234 1287 2995 2996 
2234 1287 1274 2037 2995 
2235 2995 2037 1276 2997 
2236 2996 2995 2997 1196 
2237 1284 1303 2998 2999 
2238 1303 1286 2041 2998 
2239 2998 2041 1274 3000 
2240 2999 2998 3000 1287 
2241 1278 1979 3001 3002 
2242 1979 1284 2999 3001 
2243 3001 2999 1287 3003 
2244 3002 3001 3003 1234 
2245 1299 2015 3004 3005 
2246 2015 1302 2045 3004 
2247 3004 2045 1286 3006 
2248 3005 3004 3006 1303 
2249 1300 2008 3007 3008 
2250 2008 1299 3005 3007 
2251 3007 3005 1303 3009 
2252 3008 3007 3009 1284 
2253 1179 3011 3010 2989 
2254 3011 1305 3012 3010 
2255 3010 3012 1304 1320 
2256 2989 3010 1320 1257 
2257 1305 3014 3013 3012 
2258 3014 1251 3015 3013 
2259 3013 3015 1306 1352 
2260 3012 3013 1352 1304 
2261 631 3017 3016 2928 
2262 3017 1343 3018 3016 
2263 3016 3018 1342 1437 
2264 2928 3016 1437 1175 
2265 1343 3020 3019 3018 
2266 3020 633 3021 3019 
2267 3019 3021 1344 1517 
2268 3018 3019 1517 1342 
2269 1173 3023 3022 2983 
2270 3023 1346 3024 3022 
2271 3022 3024 1345 1380 
2272 2983 3022 1380 1253 
2273 1346 3026 3025 3024 
2274 3026 1175 3027 3025 
2275 3025 3027 1347 1440 
2276 3024 3025 1440 1345 
2277 1251 3029 3028 3015 
2278 3029 1349 3030 3028 
2279 3028 3030 1348 1364 
2280 3015 3028 1364 1306 
2281 1349 3032 3031 3030 
2282 3032 1253 3033 3031 
2283 3031 3033 1350 2194 
2284 3030 3031 2194 1348 
2285 1321 3035 3034 2113 
2286 3035 1351 3036 3034 
2287 3034 3036 1339 1356 
2288 2113 3034 1356 1292 
2289 1292 3038 3037 2117 
2290 3038 1356 3039 3037 
2291 3037 3039 1354 2130 
2292 2117 3037 2130 1355 
2293 1356 3041 3040 3039 
2294 3041 1339 3042 3040 
2295 3040 3042 1357 2137 
2296 3039 3040 2137 1354 
2297 1253 3044 3043 3033 
2298 3044 1380 3045 3043 
2299 3043 3045 1379 2240 
2300 3033 3043 2240 1350 
2301 1380 3047 3046 3045 
2302 3047 1345 3048 3046 
2303 3046 3048 1381 2274 
2304 3045 3046 2274 1379 
2305 1336 2234 3049 3050 
2306 2234 1385 2284 3049 
2307 3049 2284 1428 3051 
2308 3050 3049 3051 1403 
2309 1432 2265 3052 3053 
2310 2265 1431 2288 3052 
2311 3052 2288 1435 3054 
2312 3053 3052 3054 1385 
2313 1175 3056 3055 3027 
2314 3056 1437 3057 3055 
2315 3055 3057 1436 1474 
2316 3027 3055 1474 1347 
2317 1437 3059 3058 3057 
2318 3059 1342 3060 3058 
2319 3058 3060 1438 1520 
2320 3057 3058 1520 1436 
2321 1345 3062 3061 3048 
2322 3062 1440 3063 3061 
2323 3061 3063 1439 2345 
2324 3048 3061 2345 1381 
2325 1440 3065 3064 3063 
2326 3065 1347 3066 3064 
2327 3064 3066 1441 2397 
2328 3063 3064 2397 1439 
2329 1371 2268 3067 2285 
2330 2268 1421 2325 3067 
2331 3067 2325 1446 3068 
2332 2285 3067 3068 1429 
2333 1449 2343 3069 2330 
2334 2343 1452 2362 3069 
2335 3069 2362 1373 3070 
2336 2330 3069 3070 1453 
2337 1468 2395 3071 2382 
2338 2395 1471 2414 3071 
2339 3071 2414 1414 3072 
2340 2382 3071 3072 1472 
2341 1347 3074 3073 3066 
2342 3074 1474 3075 3073 
2343 3073 3075 1473 2469 
2344 3066 3073 2469 1441 
2345 1473 3077 3076 2470 
2346 3077 1475 3078 3076 
2347 3076 3078 1411 1513 
2348 2470 3076 1513 1455 
2349 1477 3080 3079 2473 
2350 3080 1455 3081 3079 
2351 3079 3081 1478 2492 
2352 2473 3079 2492 1476 
2353 1479 2494 3082 2500 
2354 2494 1454 3083 3082 
2355 3082 3083 1498 3084 
2356 2500 3082 3084 1497 
2357 1500 2498 3085 2503 
2358 2498 1502 3086 3085 
2359 3085 3086 1479 3087 
2360 2503 3085 3087 1503 
2361 1478 3089 3088 2493 
2362 3089 1512 2514 3088 
2363 3088 2514 1515 3090 
2364 2493 3088 3090 1454 
2365 1342 3092 3091 3060 
2366 3092 1517 3093 3091 
2367 3091 3093 1516 1531 
2368 3060 3091 1531 1438 
2369 1517 3095 3094 3093 
2370 3095 1344 3096 3094 
2371 3094 3096 1518 1547 
2372 3093 3094 1547 1516 
2373 1475 3098 3097 3078 
2374 3098 1519 3099 3097 
2375 3097 3099 1509 1523 
2376 3078 3097 1523 1411 
2377 1542 3101 3100 2565 
2378 3101 1544 2574 3100 
2379 3100 2574 1528 3102 
2380 2565 3100 3102 1545 
2381 1564 3104 3103 1734 
2382 3104 1567 1750 3103 
2383 3103 1750 1134 3105 
2384 1734 3103 3105 1568 
2385 226 2651 3106 1578 
2386 2651 167 1584 3106 
2387 3106 1584 1570 3107 
2388 1578 3106 3107 1569 
2389 1119 3109 3108 1693 
2390 3109 1678 1706 3108 
2391 3108 1706 1681 3110 
2392 1693 3108 3110 1088 
2393 1739 3112 3111 1752 
2394 3112 1741 1762 3111 
2395 3111 1762 1144 3113 
2396 1752 3111 3113 1742 
2397 1754 3115 3114 1764 
2398 3115 1756 1783 3114 
2399 3114 1783 1146 3116 
2400 1764 3114 3116 1757 
2401 1772 3118 3117 1785 
2402 3118 1774 1795 3117 
2403 3117 1795 1154 3119 
2404 1785 3117 3119 1775 
2405 1787 3121 3120 1797 
2406 3121 1789 1813 3120 
2407 3120 1813 1156 3122 
2408 1797 3120 3122 1790 
2409 1802 3124 3123 1815 
2410 3124 1804 1825 3123 
2411 3123 1825 1162 3125 
2412 1815 3123 3125 1805 
2413 1838 3127 3126 1870 
2414 3127 1231 1889 3126 
2415 3126 1889 1839 3128 
2416 1870 3126 3128 1836 
2417 1876 3130 3129 1891 
2418 3130 1239 1901 3129 
2419 3129 1901 1877 3131 
2420 1891 3129 3131 1875 
2421 1223 3133 3132 2977 
2422 3133 1913 3134 3132 
2423 3132 3134 1912 1923 
2424 2977 3132 1923 1249 
2425 1913 3136 3135 3134 
2426 3136 1243 3137 3135 
2427 3135 3137 1267 1935 
2428 3134 3135 1935 1912 
2429 1914 1936 3138 3139 
2430 1936 1246 1938 3138 
2431 3138 1938 1920 3140 
2432 3139 3138 3140 1919 
2433 1929 3142 3141 1944 
2434 3142 1932 1957 3141 
2435 3141 1957 1270 3143 
2436 1944 3141 3143 1933 
2437 1946 3145 3144 1959 
2438 3145 1948 1969 3144 
2439 3144 1969 1220 3146 
2440 1959 3144 3146 1949 
2441 1977 1988 3147 3148 
2442 1988 1300 3008 3147 
2443 3147 3008 1284 3149 
2444 3148 3147 3149 1979 
2445 1975 1992 3150 3151 
2446 1992 1977 3148 3150 
2447 3150 3148 1979 3152 
2448 3151 3150 3152 1278 
2449 1981 3155 3153 3154 
2450 3155 1980 1997 3153 
2451 3153 1997 1978 1991 
2452 3154 3153 1991 1180 
2453 1983 3157 3156 1999 
2454 3157 1993 3158 3156 
2455 3156 3158 1301 2006 
2456 1999 3156 2006 1285 
2457 2009 2026 3159 2046 
2458 2026 1315 2064 3159 
2459 3159 2064 1295 3160 
2460 2046 3159 3160 2011 
2461 1311 3162 3161 2094 
2462 3162 2073 2115 3161 
2463 3161 2115 2072 2099 
2464 2094 3161 2099 1324 
2465 1358 2139 3163 3164 
2466 2139 1338 2152 3163 
2467 3163 2152 2127 3165 
2468 3164 3163 3165 2126 
2469 1351 3167 3166 3036 
2470 3167 1353 3168 3166 
2471 3166 3168 1254 2134 
2472 3036 3166 2134 1339 
2473 1339 3170 3169 3042 
2474 3170 2134 3171 3169 
2475 3169 3171 2133 2144 
2476 3042 3169 2144 1357 
2477 2134 3173 3172 3171 
2478 3173 1254 3174 3172 
2479 3172 3174 1367 2148 
2480 3171 3172 2148 2133 
2481 2135 2150 3175 2153 
2482 2150 1340 2170 3175 
2483 3175 2170 2141 3176 
2484 2153 3175 3176 2140 
2485 2184 3178 3177 2202 
2486 3178 2196 2220 3177 
2487 3177 2220 2186 2204 
2488 2202 3177 2204 1361 
2489 2198 3180 3179 2222 
2490 3180 2216 2246 3179 
2491 3179 2246 1407 2229 
2492 2222 3179 2229 1375 
2493 2233 3182 3181 2251 
2494 3182 1382 2262 3181 
2495 3181 2262 1432 3183 
2496 2251 3181 3183 2232 
2497 2232 3183 3184 3185 
2498 3183 1432 3053 3184 
2499 3184 3053 1385 3186 
2500 3185 3184 3186 2234 
2501 1408 2252 3187 3188 
2502 2252 2232 3185 3187 
2503 3187 3185 2234 3189 
2504 3188 3187 3189 1336 
2505 2218 3191 3190 2248 
2506 3191 2242 3192 3190 
2507 3190 3192 2233 2250 
2508 2248 3190 2250 1377 
2509 2244 3195 3193 3194 
2510 3195 2258 2301 3193 
2511 3193 2301 1433 2263 
2512 3194 3193 2263 1382 
2513 2266 2323 3196 3197 
2514 2323 1450 2329 3196 
2515 3196 2329 1421 3198 
2516 3197 3196 3198 2268 
2517 1434 2282 3199 2289 
2518 2282 2266 3197 3199 
2519 3199 3197 2268 3200 
2520 2289 3199 3200 1371 
2521 1433 3203 3201 3202 
2522 3203 2270 2305 3201 
2523 3201 2305 2269 2298 
2524 3202 3201 2298 2264 
2525 2260 3205 3204 2303 
2526 3205 2276 3206 3204 
2527 3204 3206 2267 2280 
2528 2303 3204 2280 1384 
2529 2337 2357 3207 2363 
2530 2357 1469 2381 3207 
2531 3207 2381 1445 3208 
2532 2363 3207 3208 2339 
2533 2404 3210 3209 2420 
2534 3210 2406 2444 3209 
2535 3209 2444 2409 3211 
2536 2420 3209 3211 2389 
2537 2425 3213 3212 2439 
2538 3213 2427 2464 3212 
2539 3212 2464 1483 3214 
2540 2439 3212 3214 2428 
2541 2428 3214 3215 2449 
2542 3214 1483 2483 3215 
2543 3215 2483 2434 3216 
2544 2449 3215 3216 2432 
2545 2409 2446 3217 3218 
2546 2446 1484 2448 3217 
2547 3217 2448 2433 3219 
2548 3218 3217 3219 2441 
2549 2459 2481 3220 2484 
2550 2481 1486 3221 3220 
2551 3220 3221 2461 3222 
2552 2484 3220 3222 2460 
2553 2458 3224 3223 2480 
2554 3224 2474 2506 3223 
2555 3223 2506 2477 3225 
2556 2480 3223 3225 1486 
2557 1486 3225 3226 3221 
2558 3225 2477 3227 3226 
2559 3226 3227 2502 3228 
2560 3221 3226 3228 2461 
2561 2477 2509 3229 3227 
2562 2509 1500 3230 3229 
2563 3229 3230 2503 3231 
2564 3227 3229 3231 2502 
2565 1454 3090 3232 3083 
2566 3090 1515 3233 3232 
2567 3232 3233 2510 3234 
2568 3083 3232 3234 1498 
2569 1515 2517 3235 3233 
2570 2517 1456 3236 3235 
2571 3235 3236 2511 3237 
2572 3233 3235 3237 2510 
2573 1456 2527 3238 3236 
2574 2527 1525 3239 3238 
2575 3238 3239 2521 3240 
2576 3236 3238 3240 2511 
2577 1525 2534 3241 3239 
2578 2534 1508 3242 3241 
2579 3241 3242 2522 3243 
2580 3239 3241 3243 2521 
2581 1524 3245 3244 2533 
2582 3245 2528 2539 3244 
2583 3244 2539 2530 3246 
2584 2533 3244 3246 1508 
2585 1508 3246 3247 3242 
2586 3246 2530 3248 3247 
2587 3247 3248 2535 3249 
2588 3242 3247 3249 2522 
2589 2530 2542 3250 3248 
2590 2542 1510 3251 3250 
2591 3250 3251 2536 3252 
2592 3248 3250 3252 2535 
2593 1510 2555 3253 3251 
2594 2555 1537 3254 3253 
2595 3253 3254 2549 3255 
2596 3251 3253 3255 2536 
2597 1537 2559 3256 3254 
2598 2559 1526 3257 3256 
2599 3256 3257 2550 3258 
2600 3254 3256 3258 2549 
2601 1526 2566 3259 3257 
2602 2566 1545 3260 3259 
2603 3259 3260 2560 3261 
2604 3257 3259 3261 2550 
2605 1545 3102 3262 3260 
2606 3102 1528 3263 3262 
2607 3262 3263 2561 3264 
2608 3260 3262 3264 2560 
2609 1528 2577 3265 3263 
2610 2577 1552 3266 3265 
2611 3265 3266 2570 3267 
2612 3263 3265 3267 2561 
2613 1552 2585 3268 3266 
2614 2585 1538 3269 3268 
2615 3268 3269 2571 3270 
2616 3266 3268 3270 2570 
2617 1538 2592 3271 3269 
2618 2592 2581 3272 3271 
2619 3271 3272 2586 3273 
2620 3269 3271 3273 2571 
2621 215 847 3274 2645 
2622 847 217 3275 3274 
2623 3274 3275 108 3276 
2624 2645 3274 3276 218 
2625 204 3279 3277 3278 
2626 3279 259 2670 3277 
2627 3277 2670 260 383 
2628 3278 3277 383 261 
2629 202 299 3280 2700 
2630 3280 2684 293 2689 
2631 2700 3280 2689 294 
2632 285 343 3281 3282 
2633 343 311 2702 3281 
2634 3281 2702 324 3283 
2635 3282 3281 3283 325 
2636 339 350 3284 3285 
2637 350 285 3282 3284 
2638 3284 3282 325 3286 
2639 3285 3284 3286 344 
2640 105 384 3287 3288 
2641 384 262 2705 3287 
2642 3287 2705 372 3289 
2643 3288 3287 3289 373 
2644 280 3291 3290 388 
2645 3291 204 3278 3290 
2646 3290 3278 261 3292 
2647 388 3290 3292 379 
2648 379 3292 3293 3294 
2649 3292 261 382 3293 
2650 3293 382 105 3295 
2651 3294 3293 3295 380 
2652 298 389 3296 3297 
2653 389 379 3294 3296 
2654 3296 3294 380 3298 
2655 3297 3296 3298 255 
2656 402 459 3299 3300 
2657 459 404 2717 3299 
2658 3299 2717 155 3301 
2659 3300 3299 3301 405 
2660 403 2709 3302 3303 
2661 2709 402 3300 3302 
2662 3302 3300 405 3304 
2663 3303 3302 3304 156 
2664 406 417 3305 3306 
2665 417 408 2711 3305 
2666 3305 2711 240 3307 
2667 3306 3305 3307 409 
2668 407 428 3308 3309 
2669 428 406 3306 3308 
2670 3308 3306 409 3310 
2671 3309 3308 3310 83 
2672 418 2715 3311 3312 
2673 2715 403 3303 3311 
2674 3311 3303 156 3313 
2675 3312 3311 3313 420 
2676 109 2725 3314 3315 
2677 2725 451 2734 3314 
2678 3314 2734 472 3316 
2679 3315 3314 3316 458 
2680 508 2816 3317 2738 
2681 2816 179 3318 3317 
2682 3317 3318 509 3319 
2683 2738 3317 3319 507 
2684 507 3319 3320 2741 
2685 3319 509 3321 3320 
2686 3320 3321 181 3322 
2687 2741 3320 3322 500 
2688 179 2837 3323 3318 
2689 2837 540 3324 3323 
2690 3323 3324 539 3325 
2691 3318 3323 3325 509 
2692 509 3325 3326 3321 
2693 3325 539 3327 3326 
2694 3326 3327 527 3328 
2695 3321 3326 3328 181 
2696 519 2866 3329 609 
2697 2866 604 3330 3329 
2698 3329 3330 603 3331 
2699 609 3329 3331 553 
2700 553 3331 3332 2750 
2701 3331 603 3333 3332 
2702 3332 3333 606 3334 
2703 2750 3332 3334 518 
2704 619 1108 3335 2768 
2705 1108 621 3336 3335 
2706 3335 3336 73 3337 
2707 2768 3335 3337 622 
2708 87 2813 3338 3339 
2709 2813 661 810 3338 
2710 3338 810 659 3340 
2711 3339 3338 3340 660 
2712 660 3340 3341 3342 
2713 3340 659 776 3341 
2714 3341 776 663 3343 
2715 3342 3341 3343 629 
2716 664 1111 3344 2787 
2717 1111 666 3345 3344 
2718 3344 3345 619 3346 
2719 2787 3344 3346 667 
2720 668 2791 3347 2793 
2721 2791 670 3348 3347 
2722 3347 3348 625 3349 
2723 2793 3347 3349 671 
2724 155 2718 3350 3351 
2725 2718 448 2799 3350 
2726 3350 2799 698 3352 
2727 3351 3350 3352 699 
2728 518 3334 3353 743 
2729 3334 606 3354 3353 
2730 3353 3354 738 3355 
2731 743 3353 3355 588 
2732 624 2887 3356 2797 
2733 2887 817 3357 3356 
2734 3356 3357 816 3358 
2735 2797 3356 3358 674 
2736 674 3358 3359 822 
2737 3358 816 3360 3359 
2738 3359 3360 819 3361 
2739 822 3359 3361 654 
2740 217 860 3362 3275 
2741 860 839 3363 3362 
2742 3362 3363 842 3364 
2743 3275 3362 3364 108 
2744 854 3366 3365 2822 
2745 3366 856 3367 3365 
2746 3365 3367 182 2818 
2747 2822 3365 2818 840 
2748 856 3369 3368 3367 
2749 3369 872 3370 3368 
2750 3368 3370 869 877 
2751 3367 3368 877 182 
2752 880 1608 3371 2836 
2753 1608 881 3372 3371 
2754 3371 3372 180 3373 
2755 2836 3371 3373 540 
2756 153 3375 3374 2831 
2757 3375 898 3376 3374 
2758 3374 3376 897 2839 
2759 2831 3374 2839 866 
2760 898 3378 3377 3376 
2761 3378 861 3379 3377 
2762 3377 3379 899 920 
2763 3376 3377 920 897 
2764 861 3381 3380 3379 
2765 3381 912 3382 3380 
2766 3380 3382 911 927 
2767 3379 3380 927 899 
2768 881 2852 3383 3372 
2769 2852 915 3384 3383 
2770 3383 3384 917 3385 
2771 3372 3383 3385 180 
2772 952 1621 3386 2865 
2773 1621 953 3387 3386 
2774 3386 3387 5 3388 
2775 2865 3386 3388 604 
2776 970 3390 3389 2869 
2777 3390 972 3391 3389 
2778 3389 3391 530 993 
2779 2869 3389 993 935 
2780 974 3393 3392 2872 
2781 3393 935 3394 3392 
2782 3392 3394 975 2874 
2783 2872 3392 2874 973 
2784 953 1624 3395 3387 
2785 1624 981 3396 3395 
2786 3395 3396 983 3397 
2787 3387 3395 3397 5 
2788 935 3399 3398 3394 
2789 3399 993 3400 3398 
2790 3398 3400 992 2877 
2791 3394 3398 2877 975 
2792 992 3402 3401 2878 
2793 3402 994 3403 3401 
2794 3401 3403 644 1629 
2795 2878 3401 1629 989 
2796 1000 1020 3404 3405 
2797 1020 1002 2883 3404 
2798 3404 2883 628 3406 
2799 3405 3404 3406 649 
2800 990 1013 3407 3408 
2801 1013 1000 3405 3407 
2802 3407 3405 649 3409 
2803 3408 3407 3409 515 
2804 972 3411 3410 3391 
2805 3411 1003 3412 3410 
2806 3410 3412 645 1007 
2807 3391 3410 1007 530 
2808 994 3414 3413 3403 
2809 3414 1006 3415 3413 
2810 3413 3415 1001 1011 
2811 3403 3413 1011 644 
2812 1044 1655 3416 2886 
2813 1655 1046 3417 3416 
2814 3416 3417 669 3418 
2815 2886 3416 3418 817 
2816 1046 1066 3419 3417 
2817 1066 1051 3420 3419 
2818 3419 3420 1054 3421 
2819 3417 3419 3421 669 
2820 670 2889 3422 3348 
2821 2889 1067 3423 3422 
2822 3422 3423 1069 3424 
2823 3348 3422 3424 625 
2824 1070 1669 3425 3426 
2825 1669 1072 2893 3425 
2826 3425 2893 1050 3427 
2827 3426 3425 3427 1073 
2828 1053 1665 3428 3429 
2829 1665 1070 3426 3428 
2830 3428 3426 1073 3430 
2831 3429 3428 3430 50 
2832 1103 1201 3431 3432 
2833 1201 1104 2942 3431 
2834 3431 2942 615 3433 
2835 3432 3431 3433 1105 
2836 621 1150 3434 3336 
2837 1150 1103 3432 3434 
2838 3434 3432 1105 3435 
2839 3336 3434 3435 73 
2840 666 1131 3436 3345 
2841 1131 1106 3437 3436 
2842 3436 3437 1108 3438 
2843 3345 3436 3438 619 
2844 1125 1719 3439 2901 
2845 1719 1127 2904 3439 
2846 3439 2904 620 3440 
2847 2901 3439 3440 1128 
2848 1233 1279 3441 3442 
2849 1279 1234 2996 3441 
2850 3441 2996 1196 3443 
2851 3442 3441 3443 1235 
2852 1200 1265 3444 3445 
2853 1265 1233 3442 3444 
2854 3444 3442 1235 3446 
2855 3445 3444 3446 1104 
2856 1260 3448 3447 2992 
2857 3448 1219 3449 3447 
2858 3447 3449 1261 2994 
2859 2992 3447 2994 1259 
2860 1243 3451 3450 3137 
2861 3451 1268 3452 3450 
2862 3450 3452 1266 1931 
2863 3137 3450 1931 1267 
2864 1268 3454 3453 3452 
2865 3454 1245 3455 3453 
2866 3453 3455 1269 1947 
2867 3452 3453 1947 1266 
2868 1277 1976 3456 3457 
2869 1976 1278 3002 3456 
2870 3456 3002 1234 3458 
2871 3457 3456 3458 1279 
2872 1264 1952 3459 3460 
2873 1952 1277 3457 3459 
2874 3459 3457 1279 3461 
2875 3460 3459 3461 1233 
2876 1245 3463 3462 3455 
2877 3463 1281 3464 3462 
2878 3462 3464 1280 1962 
2879 3455 3462 1962 1269 
2880 1219 3466 3465 3449 
2881 3466 1289 3467 3465 
2882 3465 3467 1288 1982 
2883 3449 3465 1982 1261 
2884 1289 3469 3468 3467 
2885 3469 1255 3470 3468 
2886 3468 3470 1290 1994 
2887 3467 3468 1994 1288 
2888 1255 3472 3471 3470 
2889 3472 1308 3473 3471 
2890 3471 3473 1307 2017 
2891 3470 3471 2017 1290 
2892 1308 3475 3474 3473 
2893 3475 1257 3476 3474 
2894 3474 3476 1309 2054 
2895 3473 3474 2054 1307 
2896 1257 3478 3477 3476 
2897 3478 1320 3479 3477 
2898 3477 3479 1319 2089 
2899 3476 3477 2089 1309 
2900 1320 3481 3480 3479 
2901 3481 1304 3482 3480 
2902 3480 3482 1321 2112 
2903 3479 3480 2112 1319 
2904 1304 3484 3483 3482 
2905 3484 1352 3485 3483 
2906 3483 3485 1351 3035 
2907 3482 3483 3035 1321 
2908 1352 3487 3486 3485 
2909 3487 1306 3488 3486 
2910 3486 3488 1353 3167 
2911 3485 3486 3167 1351 
2912 1353 3490 3489 3168 
2913 3490 1363 3491 3489 
2914 3489 3491 1360 1368 
2915 3168 3489 1368 1254 
2916 1254 3493 3492 3174 
2917 3493 1368 3494 3492 
2918 3492 3494 1366 2166 
2919 3174 3492 2166 1367 
2920 1378 1409 3495 3496 
2921 1409 1336 3050 3495 
2922 3495 3050 1403 3497 
2923 3496 3495 3497 1401 
2924 1405 2238 3498 3499 
2925 2238 1408 3188 3498 
2926 3498 3188 1336 3500 
2927 3499 3498 3500 1409 
2928 1406 2231 3501 3502 
2929 2231 1405 3499 3501 
2930 3501 3499 1409 3503 
2931 3502 3501 3503 1378 
2932 1474 3505 3504 3075 
2933 3505 1436 3506 3504 
2934 3504 3506 1475 3077 
2935 3075 3504 3077 1473 
2936 1455 3508 3507 3081 
2937 3508 1513 3509 3507 
2938 3507 3509 1512 3089 
2939 3081 3507 3089 1478 
2940 1513 3511 3510 3509 
2941 3511 1411 3512 3510 
2942 3510 3512 1514 2515 
2943 3509 3510 2515 1512 
2944 1436 3514 3513 3506 
2945 3514 1520 3515 3513 
2946 3513 3515 1519 3098 
2947 3506 3513 3098 1475 
2948 1519 3517 3516 3099 
2949 3517 1521 3518 3516 
2950 3516 3518 1327 2529 
2951 3099 3516 2529 1509 
2952 1411 3520 3519 3512 
2953 3520 1523 3521 3519 
2954 3519 3521 1522 2525 
2955 3512 3519 2525 1514 
2956 1523 3523 3522 3521 
2957 3523 1509 3524 3522 
2958 3522 3524 1524 2532 
2959 3521 3522 2532 1522 
2960 1521 3526 3525 3518 
2961 3526 1530 3527 3525 
2962 3525 3527 1527 1535 
2963 3518 3525 1535 1327 
2964 218 3276 3528 1586 
2965 3276 108 3529 3528 
2966 3528 3529 1581 3530 
2967 1586 3528 3530 1580 
2968 108 3364 3531 3529 
2969 3364 842 3532 3531 
2970 3531 3532 1588 3533 
2971 3529 3531 3533 1581 
2972 842 3535 3534 3532 
2973 3535 185 3536 3534 
2974 3534 3536 1589 1600 
2975 3532 3534 1600 1588 
2976 1581 3533 3537 3538 
2977 3533 1588 1599 3537 
2978 3537 1599 1590 3539 
2979 3538 3537 3539 213 
2980 616 1925 3540 3541 
2981 1925 1914 3139 3540 
2982 3540 3139 1919 3542 
2983 3541 3540 3542 1906 
2984 1993 3544 3543 3158 
2985 3544 1995 3545 3543 
2986 3543 3545 1258 2013 
2987 3158 3543 2013 1301 
2988 1995 3547 3546 3545 
2989 3547 2016 3548 3546 
2990 3546 3548 2010 2020 
2991 3545 3546 2020 1258 
2992 1312 2132 3549 3550 
2993 2132 1358 3164 3549 
2994 3549 3164 2126 3551 
2995 3550 3549 3551 2096 
2996 1334 2187 3552 3553 
2997 2187 1378 3496 3552 
2998 3552 3496 1401 3554 
2999 3553 3552 3554 1402 
3000 2185 2215 3555 3556 
3001 2215 1406 3502 3555 
3002 3555 3502 1378 3557 
3003 3556 3555 3557 2187 
3004 2180 2206 3558 3559 
3005 2206 2185 3556 3558 
3006 3558 3556 2187 3560 
3007 3559 3558 3560 1334 
3008 2242 3562 3561 3192 
3009 3562 2244 3194 3561 
3010 3561 3194 1382 3182 
3011 3192 3561 3182 2233 
3012 2276 3564 3563 3206 
3013 3564 2278 3565 3563 
3014 3563 3565 1418 2322 
3015 3206 3563 2322 2267 
3016 2278 3567 3566 3565 
3017 3567 2313 3568 3566 
3018 3566 3568 1451 2318 
3019 3565 3566 2318 1418 
3020 2389 3211 3569 3570 
3021 3211 2409 3218 3569 
3022 3569 3218 2441 3571 
3023 3570 3569 3571 2415 
3024 1509 3573 3572 3524 
3025 3573 2529 3574 3572 
3026 3572 3574 2528 3245 
3027 3524 3572 3245 1524 
3028 2529 3576 3575 3574 
3029 3576 1327 3577 3575 
3030 3575 3577 1534 2540 
3031 3574 3575 2540 2528 
3032 405 3301 3578 3579 
3033 3301 155 3351 3578 
3034 3578 3351 699 3580 
3035 3579 3578 3580 2629 
3036 380 3295 3581 3582 
3037 3295 105 3288 3581 
3038 3581 3288 373 3583 
3039 3582 3581 3583 2683 
3040 1016 2881 3584 3585 
3041 2881 87 3339 3584 
3042 3584 3339 660 3586 
3043 3585 3584 3586 2773 
3044 2773 3586 3587 3588 
3045 3586 660 3342 3587 
3046 3587 3342 629 3589 
3047 3588 3587 3589 2774 
3048 257 3592 3590 3591 
3049 3592 256 264 3590 
3050 3590 264 259 3279 
3051 3591 3590 3279 204 
3052 277 3594 3593 2676 
3053 3594 257 3591 3593 
3054 3593 3591 204 3291 
3055 2676 3593 3291 280 
3056 296 392 3595 3596 
3057 392 298 3297 3595 
3058 3595 3297 255 3597 
3059 3596 3595 3597 299 
3060 297 2692 3598 3599 
3061 2692 296 3596 3598 
3062 3598 3596 299 3600 
3063 3599 3598 3600 202 
3064 324 2703 3601 3602 
3065 2703 297 3599 3601 
3066 3601 3599 202 3603 
3067 3602 3601 3603 326 
3068 325 3283 3604 3605 
3069 3283 324 3602 3604 
3070 3604 3602 326 3606 
3071 3605 3604 3606 288 
3072 344 3286 3607 3608 
3073 3286 325 3605 3607 
3074 3607 3605 288 3609 
3075 3608 3607 3609 346 
3076 412 463 3610 3611 
3077 463 109 3315 3610 
3078 3610 3315 458 3612 
3079 3611 3610 3612 456 
3080 500 3322 3613 512 
3081 3322 181 3614 3613 
3082 3613 3614 501 3615 
3083 512 3613 3615 499 
3084 181 3328 3616 3614 
3085 3328 527 547 3616 
3086 3616 547 526 3617 
3087 3614 3616 3617 501 
3088 540 3373 3618 3324 
3089 3373 180 3619 3618 
3090 3618 3619 541 3620 
3091 3324 3618 3620 539 
3092 539 3620 3621 3327 
3093 3620 541 3622 3621 
3094 3621 3622 139 548 
3095 3327 3621 548 527 
3096 604 3388 3623 3330 
3097 3388 5 3624 3623 
3098 3623 3624 605 3625 
3099 3330 3623 3625 603 
3100 603 3625 3626 3333 
3101 3625 605 3627 3626 
3102 3626 3627 520 3628 
3103 3333 3626 3628 606 
3104 606 3628 3629 3354 
3105 3628 520 3630 3629 
3106 3629 3630 739 3631 
3107 3354 3629 3631 738 
3108 817 3418 3632 3357 
3109 3418 669 3633 3632 
3110 3632 3633 818 3634 
3111 3357 3632 3634 816 
3112 816 3634 3635 3360 
3113 3634 818 3636 3635 
3114 3635 3636 668 3637 
3115 3360 3635 3637 819 
3116 839 2819 3638 3363 
3117 2819 841 3639 3638 
3118 3638 3639 185 3535 
3119 3363 3638 3535 842 
3120 841 879 3640 3639 
3121 879 868 3641 3640 
3122 3640 3641 871 3642 
3123 3639 3640 3642 185 
3124 872 3644 3643 3370 
3125 3644 874 3645 3643 
3126 3643 3645 184 2833 
3127 3370 3643 2833 869 
3128 874 3647 3646 3645 
3129 3647 889 3648 3646 
3130 3646 3648 883 894 
3131 3645 3646 894 184 
3132 915 2854 3649 3384 
3133 2854 916 3650 3649 
3134 3649 3650 536 3651 
3135 3384 3649 3651 917 
3136 916 1612 3652 3650 
3137 1612 923 3653 3652 
3138 3652 3653 925 3654 
3139 3650 3652 3654 536 
3140 981 1627 3655 3396 
3141 1627 982 3656 3655 
3142 3655 3656 600 3657 
3143 3396 3655 3657 983 
3144 988 1630 3658 3659 
3145 1630 990 3408 3658 
3146 3658 3408 515 3660 
3147 3659 3658 3660 991 
3148 982 999 3661 3656 
3149 999 988 3659 3661 
3150 3661 3659 991 3662 
3151 3656 3661 3662 600 
3152 993 3664 3663 3400 
3153 3664 530 3665 3663 
3154 3663 3665 994 3402 
3155 3400 3663 3402 992 
3156 1003 3667 3666 3412 
3157 3667 1005 3668 3666 
3158 3666 3668 532 1632 
3159 3412 3666 1632 645 
3160 530 3670 3669 3665 
3161 3670 1007 3671 3669 
3162 3669 3671 1006 3414 
3163 3665 3669 3414 994 
3164 1006 3673 3672 3415 
3165 3673 1008 3674 3672 
3166 3672 3674 643 1018 
3167 3415 3672 1018 1001 
3168 1005 3676 3675 3668 
3169 3676 1024 3677 3675 
3170 3675 3677 657 1029 
3171 3668 3675 1029 532 
3172 1051 1659 3678 3420 
3173 1659 1053 3429 3678 
3174 3678 3429 50 3679 
3175 3420 3678 3679 1054 
3176 1067 1685 3680 3423 
3177 1685 1068 3681 3680 
3178 3680 3681 664 3682 
3179 3423 3680 3682 1069 
3180 1106 1153 3683 3437 
3181 1153 1107 3684 3683 
3182 3683 3684 621 3685 
3183 3437 3683 3685 1108 
3184 1068 1701 3686 3681 
3185 1701 1109 3687 3686 
3186 3686 3687 1111 3688 
3187 3681 3686 3688 664 
3188 1107 1168 3689 3684 
3189 1168 1148 3690 3689 
3190 3689 3690 1150 3691 
3191 3684 3689 3691 621 
3192 1199 1238 3692 3693 
3193 1238 1200 3445 3692 
3194 3692 3445 1104 3694 
3195 3693 3692 3694 1201 
3196 1149 1227 3695 3696 
3197 1227 1199 3693 3695 
3198 3695 3693 1201 3697 
3199 3696 3695 3697 1103 
3200 1263 1928 3698 3699 
3201 1928 1264 3460 3698 
3202 3698 3460 1233 3700 
3203 3699 3698 3700 1265 
3204 1237 1921 3701 3702 
3205 1921 1263 3699 3701 
3206 3701 3699 1265 3703 
3207 3702 3701 3703 1200 
3208 1306 3705 3704 3488 
3209 3705 1364 3706 3704 
3210 3704 3706 1363 3490 
3211 3488 3704 3490 1353 
3212 1363 3708 3707 3491 
3213 3708 1365 3709 3707 
3214 3707 3709 1335 2183 
3215 3491 3707 2183 1360 
3216 1520 3711 3710 3515 
3217 3711 1438 3712 3710 
3218 3710 3712 1521 3517 
3219 3515 3710 3517 1519 
3220 1438 3714 3713 3712 
3221 3714 1531 3715 3713 
3222 3713 3715 1530 3526 
3223 3712 3713 3526 1521 
3224 1530 3717 3716 3527 
3225 3717 1532 3718 3716 
3226 3716 3718 1505 1543 
3227 3527 3716 1543 1527 
3228 1327 3720 3719 3577 
3229 3720 1535 3721 3719 
3230 3719 3721 1533 2553 
3231 3577 3719 2553 1534 
3232 1535 3723 3722 3721 
3233 3723 1527 3724 3722 
3234 3722 3724 1536 2557 
3235 3721 3722 2557 1533 
3236 1527 3726 3725 3724 
3237 3726 1543 3727 3725 
3238 3725 3727 1542 2564 
3239 3724 3725 2564 1536 
3240 1543 3729 3728 3727 
3241 3729 1505 3730 3728 
3242 3728 3730 1544 3101 
3243 3727 3728 3101 1542 
3244 1532 3732 3731 3718 
3245 3732 1546 3733 3731 
3246 3731 3733 1539 1550 
3247 3718 3731 1550 1505 
3248 1505 3735 3734 3730 
3249 3735 1550 3736 3734 
3250 3734 3736 1549 2575 
3251 3730 3734 2575 1544 
3252 1550 3738 3737 3736 
3253 3738 1539 3739 3737 
3254 3737 3739 1551 2583 
3255 3736 3737 2583 1549 
3256 1580 3530 3740 3741 
3257 3530 1581 3538 3740 
3258 3740 3538 213 3742 
3259 3741 3740 3742 1582 
3260 1570 1587 3743 3744 
3261 1587 1580 3741 3743 
3262 3743 3741 1582 3745 
3263 3744 3743 3745 211 
3264 185 3642 3746 3536 
3265 3642 871 3747 3746 
3266 3746 3747 1591 3748 
3267 3536 3746 3748 1589 
3268 1589 3748 3749 1601 
3269 3748 1591 3750 3749 
3270 3749 3750 1593 3751 
3271 1601 3749 3751 837 
3272 1008 3753 3752 3674 
3273 3753 1631 3754 3752 
3274 3752 3754 1015 1634 
3275 3674 3752 1634 643 
3276 1250 1918 3755 3756 
3277 1918 616 3541 3755 
3278 3755 3541 1906 3757 
3279 3756 3755 3757 1905 
3280 2016 3759 3758 3548 
3281 3759 2018 3760 3758 
3282 3758 3760 1296 2024 
3283 3548 3758 2024 2010 
3284 2018 3762 3761 3760 
3285 3762 2053 3763 3761 
3286 3761 3763 1316 2057 
3287 3760 3761 2057 1296 
3288 2074 2110 3764 3765 
3289 2110 1312 3550 3764 
3290 3764 3550 2096 3766 
3291 3765 3764 3766 2095 
3292 1362 2181 3767 3768 
3293 2181 1334 3553 3767 
3294 3767 3553 1402 3769 
3295 3768 3767 3769 2160 
3296 2178 2192 3770 3771 
3297 2192 2180 3559 3770 
3298 3770 3559 1334 3772 
3299 3771 3770 3772 2181 
3300 1365 3774 3773 3709 
3301 3774 2193 3775 3773 
3302 3773 3775 1376 2197 
3303 3709 3773 2197 1335 
3304 2313 3777 3776 3568 
3305 3777 2315 3778 3776 
3306 3776 3778 1420 2341 
3307 3568 3776 2341 1451 
3308 2315 3780 3779 3778 
3309 3780 2347 3781 3779 
3310 3779 3781 2338 2351 
3311 3778 3779 2351 1420 
3312 2405 2421 3782 3783 
3313 2421 2389 3570 3782 
3314 3782 3570 2415 3784 
3315 3783 3782 3784 2413 
3316 1546 3786 3785 3733 
3317 3786 1548 3787 3785 
3318 3785 3787 8 2579 
3319 3733 3785 2579 1539 
3320 1539 3789 3788 3739 
3321 3789 2579 3790 3788 
3322 3788 3790 2578 2590 
3323 3739 3788 2590 1551 
3324 156 3304 3791 3792 
3325 3304 405 3579 3791 
3326 3791 3579 2629 3793 
3327 3792 3791 3793 2630 
3328 255 3298 3794 3795 
3329 3298 380 3582 3794 
3330 3794 3582 2683 3796 
3331 3795 3794 3796 2684 
3332 420 3313 3797 3798 
3333 3313 156 3792 3797 
3334 3797 3792 2630 3799 
3335 3798 3797 3799 2693 
3336 180 3385 3800 3619 
3337 3385 917 3801 3800 
3338 3800 3801 2748 3802 
3339 3619 3800 3802 541 
3340 917 3651 3803 3801 
3341 3651 536 3804 3803 
3342 3803 3804 2746 3805 
3343 3801 3803 3805 2748 
3344 541 3802 3806 3622 
3345 3802 2748 3807 3806 
3346 3806 3807 543 3808 
3347 3622 3806 3808 139 
3348 5 3397 3809 3624 
3349 3397 983 3810 3809 
3350 3809 3810 2755 3811 
3351 3624 3809 3811 605 
3352 983 3657 3812 3810 
3353 3657 600 3813 3812 
3354 3812 3813 2756 3814 
3355 3810 3812 3814 2755 
3356 605 3811 3815 3627 
3357 3811 2755 3816 3815 
3358 3815 3816 2757 3817 
3359 3627 3815 3817 520 
3360 600 3662 3818 3813 
3361 3662 991 3819 3818 
3362 3818 3819 2758 3820 
3363 3813 3818 3820 2756 
3364 991 3660 3821 3819 
3365 3660 515 3822 3821 
3366 3821 3822 648 3823 
3367 3819 3821 3823 2758 
3368 520 3817 3824 3630 
3369 3817 2757 3825 3824 
3370 3824 3825 2763 3826 
3371 3630 3824 3826 739 
3372 628 2884 3827 3828 
3373 2884 1016 3585 3827 
3374 3827 3585 2773 3829 
3375 3828 3827 3829 650 
3376 650 3829 3830 3831 
3377 3829 2773 3588 3830 
3378 3830 3588 2774 3832 
3379 3831 3830 3832 627 
3380 669 3421 3833 3633 
3381 3421 1054 3834 3833 
3382 3833 3834 2789 3835 
3383 3633 3833 3835 818 
3384 1054 3679 3836 3834 
3385 3679 50 3837 3836 
3386 3836 3837 2790 3838 
3387 3834 3836 3838 2789 
3388 818 3835 3839 3636 
3389 3835 2789 3840 3839 
3390 3839 3840 2791 3841 
3391 3636 3839 3841 668 
3392 50 3430 3842 3837 
3393 3430 1073 3843 3842 
3394 3842 3843 2888 3844 
3395 3837 3842 3844 2790 
3396 1073 3427 3845 3843 
3397 3427 1050 3846 3845 
3398 3845 3846 1683 3847 
3399 3843 3845 3847 2888 
3400 299 3597 3848 3849 
3401 3597 255 3795 3848 
3402 3848 3795 2684 3850 
3403 3849 3848 3850 3280 
