Force Coefficients for group 1 --> /home/liukushka/Desktop/Università/Magistrale/ProgettoAerodinamico/progettoAerodinamico/Pythonism/automatizzazioneVSP/analysisOutputCoordinate_X_secondary_wing/Coordinate_X_secondary_wing_-0.15555555555555556/geometry_Coordinate_X_secondary_wing_-0.15555555555555556_DegenGeom 

   Time        Cx         Cy         Cz        Cxo        Cyo        Czo        Cxi        Cyi        Czi        Cmx        Cmy        Cmz        Cmxo       Cmyo       Cmzo       Cmxi       Cmyi       Cmzi        CL         CD         CS        CLo        CDo        CSo        CLi        CDi        CSi 
   1.00000    0.12707    0.00331   -0.57160    0.04727   -0.00002    0.00504    0.07980    0.00334   -0.57664    0.19663    0.25745   -0.42582   -0.00011    0.04332    0.00004    0.19674    0.21413   -0.42587   -0.57160    0.12707    0.00331    0.00504    0.04727   -0.00002   -0.57664    0.07980    0.00334 
   2.00000    0.10797   -0.00035   -0.54328    0.04622   -0.00003    0.00462    0.06175   -0.00032   -0.54790    0.19495    0.26078   -0.46396    0.00000    0.04259   -0.00011    0.19495    0.21819   -0.46385   -0.54328    0.10797   -0.00035    0.00462    0.04622   -0.00003   -0.54790    0.06175   -0.00032 
   3.00000    0.11199   -0.00854   -0.51559    0.04714    0.00000    0.00451    0.06485   -0.00855   -0.52010    0.19468    0.29472   -0.46533   -0.00006    0.04364   -0.00008    0.19474    0.25108   -0.46525   -0.51559    0.11199   -0.00854    0.00451    0.04714    0.00000   -0.52010    0.06485   -0.00855 
   4.00000    0.11676    0.00022   -0.57544    0.04843   -0.00001    0.00469    0.06833    0.00023   -0.58013    0.18779    0.26241   -0.46800   -0.00001    0.04482   -0.00000    0.18780    0.21758   -0.46799   -0.57544    0.11676    0.00022    0.00469    0.04843   -0.00001   -0.58013    0.06833    0.00023 
   5.00000    0.11249   -0.00969   -0.52635    0.04832    0.00005    0.00455    0.06417   -0.00974   -0.53090    0.17788    0.39837   -0.44362   -0.00002    0.04481   -0.00010    0.17790    0.35356   -0.44352   -0.52635    0.11249   -0.00969    0.00455    0.04832    0.00005   -0.53090    0.06417   -0.00974 
   6.00000    0.12250   -0.01077   -0.51042    0.04889    0.00001    0.00461    0.07361   -0.01078   -0.51503    0.21260    0.37401   -0.47868    0.00000    0.04534   -0.00003    0.21259    0.32866   -0.47865   -0.51042    0.12250   -0.01077    0.00461    0.04889    0.00001   -0.51503    0.07361   -0.01078 
   7.00000    0.17904   -0.00968   -0.56524    0.05045    0.00009    0.00450    0.12859   -0.00977   -0.56974    0.18637    0.43946   -0.35784    0.00002    0.04712   -0.00006    0.18635    0.39234   -0.35777   -0.56524    0.17904   -0.00968    0.00450    0.05045    0.00009   -0.56974    0.12859   -0.00977 
   8.00000    0.11303   -0.00085   -0.55065    0.04965    0.00006    0.00472    0.06338   -0.00090   -0.55537    0.20188    0.22855   -0.45627   -0.00001    0.04602   -0.00007    0.20190    0.18253   -0.45619   -0.55065    0.11303   -0.00085    0.00472    0.04965    0.00006   -0.55537    0.06338   -0.00090 
   9.00000    0.11841   -0.00277   -0.55949    0.04951    0.00003    0.00479    0.06890   -0.00281   -0.56428    0.19476    0.39448   -0.46789   -0.00001    0.04581   -0.00007    0.19478    0.34867   -0.46781   -0.55949    0.11841   -0.00277    0.00479    0.04951    0.00003   -0.56428    0.06890   -0.00281 
  10.00000    0.12186   -0.00513   -0.53373    0.04938    0.00006    0.00470    0.07248   -0.00518   -0.53842    0.19616    0.48488   -0.43954   -0.00004    0.04575   -0.00008    0.19619    0.43913   -0.43947   -0.53373    0.12186   -0.00513    0.00470    0.04938    0.00006   -0.53842    0.07248   -0.00518 
  11.00000    0.11910    0.01566   -0.49416    0.04956   -0.00006    0.00465    0.06954    0.01572   -0.49881    0.19191    0.28614   -0.44687   -0.00000    0.04601   -0.00002    0.19191    0.24013   -0.44685   -0.49416    0.11910    0.01566    0.00465    0.04956   -0.00006   -0.49881    0.06954    0.01572 
  12.00000    0.11296    0.00254   -0.56124    0.05022   -0.00002    0.00450    0.06274    0.00256   -0.56574    0.19552    0.33381   -0.46471   -0.00000    0.04690    0.00001    0.19552    0.28691   -0.46472   -0.56124    0.11296    0.00254    0.00450    0.05022   -0.00002   -0.56574    0.06274    0.00256 
  13.00000    0.11639   -0.00628   -0.56000    0.04962   -0.00003    0.00453    0.06677   -0.00625   -0.56452    0.17034    0.29892   -0.44696    0.00001    0.04624    0.00002    0.17033    0.25269   -0.44698   -0.56000    0.11639   -0.00628    0.00453    0.04962   -0.00003   -0.56452    0.06677   -0.00625 
  14.00000    0.12325    0.00603   -0.56954    0.04908   -0.00005    0.00466    0.07416    0.00608   -0.57421    0.17959    0.17798   -0.47496    0.00001    0.04551    0.00013    0.17958    0.13246   -0.47509   -0.56954    0.12325    0.00603    0.00466    0.04908   -0.00005   -0.57421    0.07416    0.00608 
  15.00000    0.12212   -0.00090   -0.54901    0.04931   -0.00002    0.00460    0.07281   -0.00089   -0.55361    0.17565    0.26332   -0.49108   -0.00001    0.04580    0.00008    0.17566    0.21752   -0.49116   -0.54901    0.12212   -0.00090    0.00460    0.04931   -0.00002   -0.55361    0.07281   -0.00089 
  16.00000    0.11471    0.00246   -0.55361    0.05034   -0.00008    0.00453    0.06436    0.00254   -0.55814    0.20263    0.27087   -0.47946   -0.00002    0.04696    0.00012    0.20264    0.22391   -0.47959   -0.55361    0.11471    0.00246    0.00453    0.05034   -0.00008   -0.55814    0.06436    0.00254 


Average over last full revolution: 

  16.00000    0.11471    0.00246   -0.55361    0.05034   -0.00008    0.00453    0.06436    0.00254   -0.55814    0.20263    0.27087   -0.47946   -0.00002    0.04696    0.00012    0.20264    0.22391   -0.47959   -0.55361    0.11471    0.00246    0.00453    0.05034   -0.00008   -0.55814    0.06436    0.00254 



Average loading for wing surface: 1 --> VSP Surface: 1 ... NOTE: values are per area! 

  Station     S       Chord     Area      V/Vref        Cx            Cy            Cz           Cxo           Cyo           Czo          Cxi            Cyi           Czi           Cl            Cd            Cs            Clo           Cdo           Cso           Cli           Cdi           Csi           Cmx           Cmy           Cmz          Cmxo          Cmyo          Cmzo          Cmxi          Cmyi          Cmzi 
        1   0.06064   0.32000   0.01489   1.20108  2.683597e-02 -2.368444e-04  4.833677e-01  2.089635e-02 -2.211363e-04  7.506439e-04  5.939619e-03 -1.570807e-05  4.826171e-01  4.833677e-01  2.683597e-02  2.088065e-02  7.506439e-04  2.089635e-02 -2.211363e-04  4.826171e-01  5.939619e-03 -1.570807e-05  3.529027e-02 -3.258812e-01 -2.189845e-03  2.641710e-04  1.906674e-02 -1.736989e-03  3.502610e-02 -3.449479e-01 -4.528567e-04 
        2   0.15507   0.32000   0.01489   1.20204  2.864376e-02 -1.636352e-04  4.873020e-01  2.094007e-02 -1.463172e-04  7.482211e-04  7.703698e-03 -1.731800e-05  4.865538e-01  4.873020e-01  2.864376e-02  2.092275e-02  7.482211e-04  2.094007e-02 -1.463172e-04  4.865538e-01  7.703698e-03 -1.731800e-05  1.062115e-01 -3.290314e-01 -6.400719e-03  3.015978e-04  1.911062e-02 -4.703510e-03  1.059099e-01 -3.481420e-01 -1.697209e-03 
        3   0.22267   0.32000   0.01489   1.20098  2.389565e-02 -8.429287e-05  4.980993e-01  2.095746e-02 -7.613707e-05  7.495100e-04  2.938197e-03 -8.155802e-06  4.973498e-01  4.980993e-01  2.389565e-02  2.094930e-02  7.495100e-04  2.095746e-02 -7.613707e-05  4.973498e-01  2.938197e-03 -8.155802e-06  1.807562e-01 -3.486374e-01 -8.745403e-03  3.440673e-04  1.912582e-02 -7.677805e-03  1.804121e-01 -3.677632e-01 -1.067598e-03 
        4   0.29026   0.32000   0.01489   1.20351  2.892854e-02 -2.767777e-04  4.914638e-01  2.099744e-02 -2.580167e-04  7.520782e-04  7.931107e-03 -1.876101e-05  4.907117e-01  4.914638e-01  2.892854e-02  2.097868e-02  7.520782e-04  2.099744e-02 -2.580167e-04  4.907117e-01  7.931107e-03 -1.876101e-05  2.498260e-01 -3.365042e-01 -1.496000e-02  6.266032e-04  1.916117e-02 -1.092062e-02  2.491994e-01 -3.556653e-01 -4.039385e-03 
        5   0.35786   0.32000   0.01489   1.20198  2.737575e-02 -2.160695e-04  4.933178e-01  2.096413e-02 -1.589787e-04  7.473826e-04  6.411615e-03 -5.709074e-05  4.925705e-01  4.933178e-01  2.737575e-02  2.090704e-02  7.473826e-04  2.096413e-02 -1.589787e-04  4.925705e-01  6.411615e-03 -5.709074e-05  3.222764e-01 -3.413341e-01 -1.809933e-02  6.387316e-04  1.913428e-02 -1.384634e-02  3.216376e-01 -3.604684e-01 -4.252992e-03 
        6   0.42545   0.32000   0.01489   1.20368  2.770409e-02 -2.224941e-04  5.026825e-01  2.105126e-02 -1.861159e-04  7.515938e-04  6.652830e-03 -3.637815e-05  5.019309e-01  5.026825e-01  2.770409e-02  2.101488e-02  7.515938e-04  2.105126e-02 -1.861159e-04  5.019309e-01  6.652830e-03 -3.637815e-05  4.013376e-01 -3.501759e-01 -2.235243e-02  7.762640e-04  1.921270e-02 -1.698463e-02  4.005613e-01 -3.693885e-01 -5.367796e-03 
        7   0.49304   0.32000   0.01489   1.20596  2.722915e-02  9.360790e-06  5.211971e-01  2.119687e-02 -1.162320e-04  7.513040e-04  6.032277e-03  1.255928e-04  5.204458e-01  5.211971e-01  2.722915e-02  2.132247e-02  7.513040e-04  2.119687e-02 -1.162320e-04  5.204458e-01  6.032277e-03  1.255928e-04  4.915274e-01 -3.669149e-01 -2.566077e-02  8.187630e-04  1.935108e-02 -2.010638e-02  4.907086e-01 -3.862660e-01 -5.554390e-03 
        8   0.56064   0.32000   0.01489   1.20701  2.725662e-02  3.295714e-04  5.496842e-01  2.135666e-02 -1.115124e-04  7.559566e-04  5.899963e-03  4.410838e-04  5.489283e-01  5.496842e-01  2.725662e-02  2.179774e-02  7.559566e-04  2.135666e-02 -1.115124e-04  5.489283e-01  5.899963e-03  4.410838e-04  5.978584e-01 -3.923609e-01 -2.924825e-02  9.283551e-04  1.949796e-02 -2.335094e-02  5.969301e-01 -4.118589e-01 -5.897308e-03 
        9   0.62823   0.32000   0.01489   1.21048  2.741095e-02  7.558116e-04  5.961884e-01  2.167905e-02 -7.744857e-05  7.706912e-04  5.731896e-03  8.332602e-04  5.954177e-01  5.961884e-01  2.741095e-02  2.251231e-02  7.706912e-04  2.167905e-02 -7.744857e-05  5.954177e-01  5.731896e-03  8.332602e-04  7.345718e-01 -4.360338e-01 -3.285332e-02  1.023902e-03  1.978898e-02 -2.681307e-02  7.335478e-01 -4.558228e-01 -6.040254e-03 
       10   0.69583   0.32000   0.01489   1.21467  2.627193e-02  1.274137e-03  6.505440e-01  2.208032e-02 -6.661456e-05  7.777105e-04  4.191605e-03  1.340751e-03  6.497663e-01  6.505440e-01  2.627193e-02  2.342107e-02  7.777105e-04  2.208032e-02 -6.661456e-05  6.497663e-01  4.191605e-03  1.340751e-03  8.955022e-01 -4.870848e-01 -3.460691e-02  1.135120e-03  2.016251e-02 -3.050069e-02  8.943671e-01 -5.072473e-01 -4.106221e-03 
       11   0.76342   0.32000   0.01489   1.21627  2.730094e-02  3.544948e-03  7.117357e-01  2.247352e-02 -5.761017e-05  8.061097e-04  4.827418e-03  3.602559e-03  7.109296e-01  7.117357e-01  2.730094e-02  2.607608e-02  8.061097e-04  2.247352e-02 -5.761017e-05  7.109296e-01  4.827418e-03  3.602559e-03  1.080871e+00 -5.407151e-01 -3.747936e-02  1.282682e-03  2.050701e-02 -3.429429e-02  1.079588e+00 -5.612221e-01 -3.185071e-03 
       12   0.83101   0.32000   0.01489   1.24839  3.583764e-02 -2.908079e-01  8.333949e-01  2.401796e-02 -1.827729e-03  8.398089e-04  1.181968e-02 -2.889802e-01  8.325551e-01  8.333949e-01  3.583764e-02 -2.649622e-01  8.398089e-04  2.401796e-02 -1.827729e-03  8.325551e-01  1.181968e-02 -2.889802e-01  1.666877e+00 -6.234801e-01 -4.182363e-01  3.134571e-03  2.193800e-02 -4.190154e-02  1.663742e+00 -6.454181e-01 -3.763348e-01 
       13   0.89861   0.32000   0.01489   1.10253  4.168667e-02 -2.820362e-01  3.585586e-01  1.767084e-02 -1.271067e-03  7.261180e-04  2.401583e-02 -2.807651e-01  3.578325e-01  3.585586e-01  4.168667e-02 -2.630942e-01  7.261180e-04  1.767084e-02 -1.271067e-03  3.578325e-01  2.401583e-02 -2.807651e-01  9.124925e-01 -1.809728e-01 -4.196949e-01  2.522313e-03  1.603233e-02 -3.331860e-02  9.099702e-01 -1.970052e-01 -3.863763e-01 
       14   0.96620   0.32000   0.01489   1.08243  1.447421e-02  8.166694e-03  1.932689e-01  1.647900e-02 -2.819486e-03  3.850530e-04 -2.004797e-03  1.098618e-02  1.928839e-01  1.932689e-01  1.447421e-02  2.746518e-02  3.850530e-04  1.647900e-02 -2.819486e-03  1.928839e-01 -2.004797e-03  1.098618e-02  3.681296e-01 -9.387422e-02 -1.624402e-02  3.428079e-03  1.524302e-02 -3.509603e-02  3.647015e-01 -1.091172e-01  1.885201e-02 



Average loading for wing surface: 2 --> VSP Surface: 2 ... NOTE: values are per area! 

  Station     S       Chord     Area      V/Vref        Cx            Cy            Cz           Cxo           Cyo           Czo          Cxi            Cyi           Czi           Cl            Cd            Cs            Clo           Cdo           Cso           Cli           Cdi           Csi           Cmx           Cmy           Cmz          Cmxo          Cmyo          Cmzo          Cmxi          Cmyi          Cmzi 
        1   0.06064   0.32000   0.01489   1.20164  2.660269e-02  2.143777e-04  4.845010e-01  2.091675e-02  1.823639e-04  7.576310e-04  5.685931e-03  3.201380e-05  4.837433e-01  4.845010e-01  2.660269e-02  2.094877e-02  7.576310e-04  2.091675e-02  1.823639e-04  4.837433e-01  5.685931e-03  3.201380e-05 -3.535064e-02 -3.273413e-01  2.153684e-03 -2.279077e-04  1.907911e-02  1.699705e-03 -3.512273e-02 -3.464204e-01  4.539784e-04 
        2   0.15507   0.32000   0.01489   1.20277  2.864206e-02  1.459998e-04  4.901268e-01  2.097260e-02  1.037944e-04  7.527938e-04  7.669457e-03  4.220540e-05  4.893740e-01  4.901268e-01  2.864206e-02  2.101481e-02  7.527938e-04  2.097260e-02  1.037944e-04  4.893740e-01  7.669457e-03  4.220540e-05 -1.068088e-01 -3.315243e-01  6.387525e-03 -2.622661e-04  1.913690e-02  4.668077e-03 -1.065465e-01 -3.506612e-01  1.719448e-03 
        3   0.22267   0.32000   0.01489   1.20218  2.393679e-02  5.007780e-05  5.028617e-01  2.101134e-02  3.664721e-05  7.552163e-04  2.925452e-03  1.343059e-05  5.021065e-01  5.028617e-01  2.393679e-02  2.102477e-02  7.552163e-04  2.101134e-02  3.664721e-05  5.021065e-01  2.925452e-03  1.343059e-05 -1.824470e-01 -3.525071e-01  8.726584e-03 -3.086866e-04  1.917122e-02  7.657868e-03 -1.821383e-01 -3.716783e-01  1.068715e-03 
        4   0.29026   0.32000   0.01489   1.20506  2.926015e-02  2.471465e-04  4.981431e-01  2.106964e-02  2.198156e-04  7.582104e-04  8.190505e-03  2.733095e-05  4.973849e-01  4.981431e-01  2.926015e-02  2.109697e-02  7.582104e-04  2.106964e-02  2.198156e-04  4.973849e-01  8.190505e-03  2.733095e-05 -2.531909e-01 -3.412581e-01  1.510115e-02 -5.934889e-04  1.922352e-02  1.091909e-02 -2.525974e-01 -3.604816e-01  4.182061e-03 
        5   0.35786   0.32000   0.01489   1.20271  2.815914e-02  1.994779e-04  5.021198e-01  2.102200e-02  1.233759e-04  7.545245e-04  7.137143e-03  7.610199e-05  5.013653e-01  5.021198e-01  2.815914e-02  2.109810e-02  7.545245e-04  2.102200e-02  1.233759e-04  5.013653e-01  7.137143e-03  7.610199e-05 -3.280115e-01 -3.466186e-01  1.860668e-02 -6.096303e-04  1.918202e-02  1.384852e-02 -3.274019e-01 -3.658006e-01  4.758161e-03 
        6   0.42545   0.32000   0.01489   1.20472  2.877516e-02  1.832971e-04  5.138641e-01  2.112900e-02  1.514064e-04  7.570786e-04  7.646160e-03  3.189079e-05  5.131070e-01  5.138641e-01  2.877516e-02  2.116090e-02  7.570786e-04  2.112900e-02  1.514064e-04  5.131070e-01  7.646160e-03  3.189079e-05 -4.102294e-01 -3.566366e-01  2.318892e-02 -7.477237e-04  1.928095e-02  1.701197e-02 -4.094817e-01 -3.759175e-01  6.176943e-03 
        7   0.49304   0.32000   0.01489   1.20687  2.883633e-02 -8.622099e-05  5.344918e-01  2.128187e-02  8.120480e-05  7.625593e-04  7.554458e-03 -1.674258e-04  5.337292e-01  5.344918e-01  2.883633e-02  2.111444e-02  7.625593e-04  2.128187e-02  8.120480e-05  5.337292e-01  7.554458e-03 -1.674258e-04 -5.039992e-01 -3.738878e-01  2.713236e-02 -7.961592e-04  1.942044e-02  2.015151e-02 -5.032030e-01 -3.933083e-01  6.980846e-03 
        8   0.56064   0.32000   0.01489   1.20822  2.914838e-02 -4.890025e-04  5.652376e-01  2.146326e-02  8.011100e-05  7.707155e-04  7.685126e-03 -5.691135e-04  5.644669e-01  5.652376e-01  2.914838e-02  2.089414e-02  7.707155e-04  2.146326e-02  8.011100e-05  5.644669e-01  7.685126e-03 -5.691135e-04 -6.146418e-01 -4.007334e-01  3.117725e-02 -9.146354e-04  1.958430e-02  2.343554e-02 -6.137272e-01 -4.203177e-01  7.741712e-03 
        9   0.62823   0.32000   0.01489   1.21308  2.876321e-02 -1.036754e-03  6.154069e-01  2.184799e-02  4.569271e-05  7.889449e-04  6.915219e-03 -1.082447e-03  6.146179e-01  6.154069e-01  2.876321e-02  2.076554e-02  7.889449e-04  2.184799e-02  4.569271e-05  6.146179e-01  6.915219e-03 -1.082447e-03 -7.580142e-01 -4.487789e-01  3.424660e-02 -1.016297e-03  1.993094e-02  2.698966e-02 -7.569979e-01 -4.687098e-01  7.256932e-03 
       10   0.69583   0.32000   0.01489   1.21657  2.781266e-02 -1.548468e-03  6.708450e-01  2.224360e-02  4.233403e-05  7.959472e-04  5.569053e-03 -1.590802e-03  6.700490e-01  6.708450e-01  2.781266e-02  2.065280e-02  7.959472e-04  2.224360e-02  4.233403e-05  6.700490e-01  5.569053e-03 -1.590802e-03 -9.232269e-01 -5.002981e-01  3.646740e-02 -1.137230e-03  2.029913e-02  3.070147e-02 -9.220897e-01 -5.205972e-01  5.765930e-03 
       11   0.76342   0.32000   0.01489   1.21890  2.875491e-02 -3.821292e-03  7.285705e-01  2.264527e-02  3.933661e-05  7.976688e-04  6.109644e-03 -3.860629e-03  7.277728e-01  7.285705e-01  2.875491e-02  1.878464e-02  7.976688e-04  2.264527e-02  3.933661e-05  7.277728e-01  6.109644e-03 -3.860629e-03 -1.106249e+00 -5.495844e-01  3.949083e-02 -1.252493e-03  2.067833e-02  3.453766e-02 -1.104997e+00 -5.702627e-01  4.953171e-03 
       12   0.83101   0.32000   0.01489   1.24158  5.887263e-02  2.838919e-01  7.615047e-01  2.336011e-02  1.937237e-03  8.478209e-04  3.551252e-02  2.819547e-01  7.606568e-01  7.615047e-01  5.887263e-02  3.053148e-01  8.478209e-04  2.336011e-02  1.937237e-03  7.606568e-01  3.551252e-02  2.819547e-01 -1.534188e+00 -4.784336e-01  4.400938e-01 -3.251792e-03  2.130611e-02  4.091339e-02 -1.530936e+00 -4.997398e-01  3.991804e-01 
       13   0.89861   0.32000   0.01489   1.12788  1.034658e-01  2.768425e-01  1.264604e-01  1.778742e-02  1.310171e-03  9.198304e-04  8.567835e-02  2.755323e-01  1.255405e-01  1.264604e-01  1.034658e-01  2.933197e-01  9.198304e-04  1.778742e-02  1.310171e-03  1.255405e-01  8.567835e-02  2.755323e-01 -4.906143e-01  2.171296e-01  5.145571e-01 -2.910714e-03  1.594922e-02  3.356912e-02 -4.877036e-01  2.011804e-01  4.809880e-01 
       14   0.96620   0.32000   0.01489   1.10371  2.729639e-02 -6.797838e-03  1.080370e-01  1.696893e-02  2.554995e-03  5.448844e-04  1.032746e-02 -9.352833e-03  1.074921e-01  1.080370e-01  2.729639e-02  7.616098e-03  5.448844e-04  1.696893e-02  2.554995e-03  1.074921e-01  1.032746e-02 -9.352833e-03 -2.026120e-01  3.665726e-02  4.305553e-02 -3.490307e-03  1.554785e-02  3.579122e-02 -1.991217e-01  2.110941e-02  7.264307e-03 



Average loading for wing surface: 3 --> VSP Surface: 3 ... NOTE: values are per area! 

  Station     S       Chord     Area      V/Vref        Cx            Cy            Cz           Cxo           Cyo           Czo          Cxi            Cyi           Czi           Cl            Cd            Cs            Clo           Cdo           Cso           Cli           Cdi           Csi           Cmx           Cmy           Cmz          Cmxo          Cmyo          Cmzo          Cmxi          Cmyi          Cmzi 
        1   0.03103   0.13000   0.00606   1.15532  1.359955e-01 -9.270079e-04 -2.467129e+00  4.947017e-02 -1.073860e-03  1.017845e-02  8.652537e-02  1.468516e-04 -2.477307e+00 -2.467129e+00  1.359955e-01  4.961702e-02  1.017845e-02  4.947017e-02 -1.073860e-03 -2.477307e+00  8.652537e-02  1.468516e-04 -4.381094e-01  5.666691e+00 -2.644401e-02  4.595409e-03  1.038202e-01 -1.138163e-02 -4.427048e-01  5.562871e+00 -1.506238e-02 
        2   0.09814   0.13000   0.00606   1.15626  1.143769e-01 -7.420166e-04 -2.483520e+00  4.971689e-02 -1.096735e-03  1.022363e-02  6.466000e-02  3.547185e-04 -2.493743e+00 -2.483520e+00  1.143769e-01  5.007161e-02  1.022363e-02  4.971689e-02 -1.096735e-03 -2.493743e+00  6.466000e-02  3.547185e-04 -1.328321e+00  5.647354e+00 -6.291949e-02  8.313948e-03  1.043512e-01 -2.923599e-02 -1.336635e+00  5.543002e+00 -3.368350e-02 
        3   0.17029   0.13000   0.00606   1.15223  1.138245e-01 -1.413272e-03 -2.525713e+00  5.069825e-02 -1.608842e-03  1.042823e-02  6.312629e-02  1.955697e-04 -2.536142e+00 -2.525713e+00  1.138245e-01  5.089382e-02  1.042823e-02  5.069825e-02 -1.608842e-03 -2.536142e+00  6.312629e-02  1.955697e-04 -2.251469e+00  5.733588e+00 -1.049402e-01  1.347262e-02  1.064044e-01 -4.908318e-02 -2.264942e+00  5.627184e+00 -5.585705e-02 
        4   0.24244   0.13000   0.00606   1.15275  8.815341e-02 -1.796723e-03 -2.562430e+00  5.139677e-02 -1.663406e-03  1.056491e-02  3.675663e-02 -1.333165e-04 -2.572995e+00 -2.562430e+00  8.815341e-02  5.126346e-02  1.056491e-02  5.139677e-02 -1.663406e-03 -2.572995e+00  3.675663e-02 -1.333165e-04 -3.198415e+00  5.748469e+00 -1.144474e-01  1.750899e-02  1.078870e-01 -6.819231e-02 -3.215924e+00  5.640582e+00 -4.625509e-02 
        5   0.31459   0.13000   0.00606   1.14323  9.145328e-02 -1.182013e-03 -2.605155e+00  5.260096e-02 -9.689910e-04  1.078234e-02  3.885231e-02 -2.130218e-04 -2.615937e+00 -2.605155e+00  9.145328e-02  5.238794e-02  1.078234e-02  5.260096e-02 -9.689910e-04 -2.615937e+00  3.885231e-02 -2.130218e-04 -4.183969e+00  5.851845e+00 -1.498204e-01  1.983531e-02  1.104861e-01 -8.683614e-02 -4.203805e+00  5.741359e+00 -6.298428e-02 
        6   0.38673   0.13000   0.00606   1.14494  8.363102e-02 -9.620332e-04 -2.633535e+00  5.320139e-02 -7.774941e-04  1.089378e-02  3.042964e-02 -1.845391e-04 -2.644429e+00 -2.633535e+00  8.363102e-02  5.301685e-02  1.089378e-02  5.320139e-02 -7.774941e-04 -2.644429e+00  3.042964e-02 -1.845391e-04 -5.170590e+00  5.894835e+00 -1.665883e-01  2.340969e-02  1.117749e-01 -1.063473e-01 -5.194000e+00  5.783061e+00 -6.024098e-02 
        7   0.45888   0.13000   0.00606   1.14686  8.045024e-02 -7.680467e-05 -2.658906e+00  5.375411e-02  1.226014e-04  1.099671e-02  2.669614e-02 -1.994061e-04 -2.669903e+00 -2.658906e+00  8.045024e-02  5.355470e-02  1.099671e-02  5.375411e-02  1.226014e-04 -2.669903e+00  2.669614e-02 -1.994061e-04 -6.172303e+00  5.941513e+00 -1.869797e-01  2.521093e-02  1.129605e-01 -1.244955e-01 -6.197514e+00  5.828553e+00 -6.248420e-02 
        8   0.53103   0.13000   0.00606   1.15035  8.105323e-02  9.837776e-05 -2.693535e+00  5.450900e-02  3.580225e-04  1.113713e-02  2.654424e-02 -2.596447e-04 -2.704672e+00 -2.693535e+00  8.105323e-02  5.424935e-02  1.113713e-02  5.450900e-02  3.580225e-04 -2.704672e+00  2.654424e-02 -2.596447e-04 -7.215137e+00  6.019618e+00 -2.169255e-01  2.890547e-02  1.145801e-01 -1.451569e-01 -7.244043e+00  5.905037e+00 -7.176864e-02 
        9   0.60318   0.13000   0.00606   1.16773  8.209664e-02  6.891023e-04 -2.750091e+00  5.547291e-02  1.023496e-03  1.130855e-02  2.662373e-02 -3.343937e-04 -2.761400e+00 -2.750091e+00  8.209664e-02  5.513852e-02  1.130855e-02  5.547291e-02  1.023496e-03 -2.761400e+00  2.662373e-02 -3.343937e-04 -8.350335e+00  6.148621e+00 -2.476426e-01  3.168198e-02  1.166668e-01 -1.659717e-01 -8.382017e+00  6.031954e+00 -8.167088e-02 
       10   0.67533   0.13000   0.00606   1.17701  9.464505e-02  9.295915e-04 -2.824318e+00  5.710098e-02  1.270262e-03  1.160688e-02  3.754407e-02 -3.406700e-04 -2.835925e+00 -2.824318e+00  9.464505e-02  5.676031e-02  1.160688e-02  5.710098e-02  1.270262e-03 -2.835925e+00  3.754407e-02 -3.406700e-04 -9.584933e+00  6.343224e+00 -3.189635e-01  3.609461e-02  1.201705e-01 -1.907218e-01 -9.621028e+00  6.223054e+00 -1.282416e-01 
       11   0.74748   0.13000   0.00606   1.20921  1.060970e-01  1.289646e-03 -2.919570e+00  5.868824e-02  1.410945e-03  1.192805e-02  4.740872e-02 -1.212989e-04 -2.931498e+00 -2.919570e+00  1.060970e-01  5.856694e-02  1.192805e-02  5.868824e-02  1.410945e-03 -2.931498e+00  4.740872e-02 -1.212989e-04 -1.095193e+01  6.587859e+00 -3.949217e-01  4.108041e-02  1.235144e-01 -2.167335e-01 -1.099301e+01  6.464345e+00 -1.781882e-01 
       12   0.81963   0.13000   0.00606   1.28346  1.986536e-01 -1.846101e-02 -3.091978e+00  6.163206e-02  1.849950e-03  1.240653e-02  1.370216e-01 -2.031096e-02 -3.104384e+00 -3.091978e+00  1.986536e-01  4.132110e-02  1.240653e-02  6.163206e-02  1.849950e-03 -3.104384e+00  1.370216e-01 -2.031096e-02 -1.264984e+01  7.198115e+00 -8.623240e-01  4.617000e-02  1.299942e-01 -2.487428e-01 -1.269601e+01  7.068121e+00 -6.135812e-01 
       13   0.89178   0.13000   0.00606   1.01269  6.376859e-02 -1.669561e-02 -2.032758e+00  4.143477e-02 -2.857262e-03  8.042240e-03  2.233382e-02 -1.383835e-02 -2.040800e+00 -2.032758e+00  6.376859e-02  2.759642e-02  8.042240e-03  4.143477e-02 -2.857262e-03 -2.040800e+00  2.233382e-02 -1.383835e-02 -9.035253e+00  4.508002e+00 -3.279162e-01  4.329394e-02  8.810249e-02 -1.917553e-01 -9.078547e+00  4.419900e+00 -1.361609e-01 
       14   0.96393   0.13000   0.00606   1.02596  1.435064e-01  6.240326e-03 -1.736605e+00  3.523679e-02 -2.700354e-04  7.694446e-03  1.082696e-01  6.510362e-03 -1.744299e+00 -1.736605e+00  1.435064e-01  4.174716e-02  7.694446e-03  3.523679e-02 -2.700354e-04 -1.744299e+00  1.082696e-01  6.510362e-03 -8.386522e+00  4.130640e+00 -6.757360e-01  3.779674e-02  7.289487e-02 -1.705323e-01 -8.424319e+00  4.057745e+00 -5.052037e-01 



Average loading for wing surface: 4 --> VSP Surface: 4 ... NOTE: values are per area! 

  Station     S       Chord     Area      V/Vref        Cx            Cy            Cz           Cxo           Cyo           Czo          Cxi            Cyi           Czi           Cl            Cd            Cs            Clo           Cdo           Cso           Cli           Cdi           Csi           Cmx           Cmy           Cmz          Cmxo          Cmyo          Cmzo          Cmxi          Cmyi          Cmzi 
        1   0.03103   0.13000   0.00606   1.15635  1.354779e-01  7.636097e-04 -2.466090e+00  4.943806e-02  9.531979e-04  1.014806e-02  8.603980e-02 -1.895882e-04 -2.476238e+00 -2.466090e+00  1.354779e-01  4.924847e-02  1.014806e-02  4.943806e-02  9.531979e-04 -2.476238e+00  8.603980e-02 -1.895882e-04  4.383415e-01  5.662005e+00  2.595379e-02 -4.277858e-03  1.038092e-01  1.108964e-02  4.426194e-01  5.558196e+00  1.486416e-02 
        2   0.09814   0.13000   0.00606   1.15727  1.143126e-01  5.499319e-04 -2.489505e+00  4.983690e-02  1.007891e-03  1.024355e-02  6.447569e-02 -4.579587e-04 -2.499749e+00 -2.489505e+00  1.143126e-01  4.937895e-02  1.024355e-02  4.983690e-02  1.007891e-03 -2.499749e+00  6.447569e-02 -4.579587e-04  1.332021e+00  5.659966e+00  6.240190e-02 -8.094799e-03  1.046144e-01  2.908951e-02  1.340116e+00  5.555352e+00  3.331239e-02 
        3   0.17029   0.13000   0.00606   1.15356  1.149897e-01  1.247327e-03 -2.540694e+00  5.102203e-02  1.530808e-03  1.049725e-02  6.396763e-02 -2.834810e-04 -2.551191e+00 -2.540694e+00  1.149897e-01  5.073855e-02  1.049725e-02  5.102203e-02  1.530808e-03 -2.551191e+00  6.396763e-02 -2.834810e-04  2.265284e+00  5.769461e+00  1.055622e-01 -1.333239e-02  1.070782e-01  4.918714e-02  2.278616e+00  5.662382e+00  5.637503e-02 
        4   0.24244   0.13000   0.00606   1.15458  8.670107e-02  1.731067e-03 -2.581865e+00  5.180380e-02  1.571035e-03  1.064999e-02  3.489727e-02  1.600325e-04 -2.592515e+00 -2.581865e+00  8.670107e-02  5.196383e-02  1.064999e-02  5.180380e-02  1.571035e-03 -2.592515e+00  3.489727e-02  1.600325e-04  3.222863e+00  5.785702e+00  1.124888e-01 -1.737639e-02  1.087381e-01  6.848194e-02  3.240240e+00  5.676964e+00  4.400683e-02 
        5   0.31459   0.13000   0.00606   1.14518  9.165491e-02  1.124801e-03 -2.634844e+00  5.326029e-02  8.691886e-04  1.094086e-02  3.839461e-02  2.556123e-04 -2.645785e+00 -2.634844e+00  9.165491e-02  5.351591e-02  1.094086e-02  5.326029e-02  8.691886e-04 -2.645785e+00  3.839461e-02  2.556123e-04  4.231843e+00  5.915193e+00  1.500324e-01 -1.983192e-02  1.118156e-01  8.765900e-02  4.251675e+00  5.803378e+00  6.237340e-02 
        6   0.38673   0.13000   0.00606   1.14741  8.272420e-02  8.546005e-04 -2.671712e+00  5.404788e-02  6.797550e-04  1.109945e-02  2.867632e-02  1.748455e-04 -2.682811e+00 -2.671712e+00  8.272420e-02  5.422273e-02  1.109945e-02  5.404788e-02  6.797550e-04 -2.682811e+00  2.867632e-02  1.748455e-04  5.245871e+00  5.973435e+00  1.645474e-01 -2.356087e-02  1.134767e-01  1.077782e-01  5.269432e+00  5.859959e+00  5.676921e-02 
        7   0.45888   0.13000   0.00606   1.14993  7.960960e-02 -1.219761e-05 -2.705547e+00  5.479035e-02 -2.158990e-04  1.125587e-02  2.481925e-02  2.037014e-04 -2.716803e+00 -2.705547e+00  7.960960e-02  5.499405e-02  1.125587e-02  5.479035e-02 -2.158990e-04 -2.716803e+00  2.481925e-02  2.037014e-04  6.280816e+00  6.037935e+00  1.848185e-01 -2.557123e-02  1.150262e-01  1.266797e-01  6.306387e+00  5.922909e+00  5.813879e-02 
        8   0.53103   0.13000   0.00606   1.15376  7.946243e-02 -1.917278e-04 -2.747262e+00  5.570852e-02 -4.386887e-04  1.143888e-02  2.375392e-02  2.469609e-04 -2.758701e+00 -2.747262e+00  7.946243e-02  5.595548e-02  1.143888e-02  5.570852e-02 -4.386887e-04 -2.758701e+00  2.375392e-02  2.469609e-04  7.359299e+00  6.129198e+00  2.124443e-01 -2.950507e-02  1.169671e-01  1.481785e-01  7.388804e+00  6.012231e+00  6.426584e-02 
        9   0.60318   0.13000   0.00606   1.17160  8.131479e-02 -8.804320e-04 -2.810800e+00  5.681734e-02 -1.131758e-03  1.167077e-02  2.449746e-02  2.513264e-04 -2.822471e+00 -2.810800e+00  8.131479e-02  5.706867e-02  1.167077e-02  5.681734e-02 -1.131758e-03 -2.822471e+00  2.449746e-02  2.513264e-04  8.535130e+00  6.275023e+00  2.447969e-01 -3.250151e-02  1.192852e-01  1.697962e-01  8.567631e+00  6.155737e+00  7.500068e-02 
       10   0.67533   0.13000   0.00606   1.18115  9.473367e-02 -1.167424e-03 -2.890296e+00  5.857746e-02 -1.370354e-03  1.202395e-02  3.615621e-02  2.029305e-04 -2.902320e+00 -2.890296e+00  9.473367e-02  5.878039e-02  1.202395e-02  5.857746e-02 -1.370354e-03 -2.902320e+00  3.615621e-02  2.029305e-04  9.809391e+00  6.482696e+00  3.186707e-01 -3.725077e-02  1.230003e-01  1.954939e-01  9.846641e+00  6.359695e+00  1.231768e-01 
       11   0.74748   0.13000   0.00606   1.21449  1.065596e-01 -1.739581e-03 -2.990042e+00  6.021919e-02 -1.568969e-03  1.235611e-02  4.634039e-02 -1.706120e-04 -3.002398e+00 -2.990042e+00  1.065596e-01  6.004858e-02  1.235611e-02  6.021919e-02 -1.568969e-03 -3.002398e+00  4.634039e-02 -1.706120e-04  1.121740e+01  6.738396e+00  3.955650e-01 -4.227686e-02  1.264591e-01  2.220997e-01  1.125968e+01  6.611936e+00  1.734654e-01 
       12   0.81963   0.13000   0.00606   1.29024  2.070880e-01  1.853674e-02 -3.171116e+00  6.328001e-02 -2.084169e-03  1.296549e-02  1.438080e-01  2.062091e-02 -3.184082e+00 -3.171116e+00  2.070880e-01  8.390091e-02  1.296549e-02  6.328001e-02 -2.084169e-03 -3.184082e+00  1.438080e-01  2.062091e-02  1.297445e+01  7.386793e+00  8.969876e-01 -4.785984e-02  1.329310e-01  2.549555e-01  1.302231e+01  7.253862e+00  6.420321e-01 
       13   0.89178   0.13000   0.00606   1.00847  5.890869e-02  1.797727e-02 -2.069051e+00  4.233730e-02  2.957394e-03  8.239570e-03  1.657139e-02  1.501988e-02 -2.077290e+00 -2.069051e+00  5.890869e-02  5.735717e-02  8.239570e-03  4.233730e-02  2.957394e-03 -2.077290e+00  1.657139e-02  1.501988e-02  9.194270e+00  4.565347e+00  3.090943e-01 -4.443389e-02  8.996897e-02  1.960221e-01  9.238704e+00  4.475378e+00  1.130722e-01 
       14   0.96393   0.13000   0.00606   1.02198  1.451135e-01 -5.681986e-03 -1.768662e+00  3.588177e-02  1.788972e-04  7.912517e-03  1.092318e-01 -5.860883e-03 -1.776575e+00 -1.768662e+00  1.451135e-01  3.002089e-02  7.912517e-03  3.588177e-02  1.788972e-04 -1.776575e+00  1.092318e-01 -5.860883e-03  8.539774e+00  4.196610e+00  6.846542e-01 -3.861240e-02  7.404592e-02  1.734258e-01  8.578386e+00  4.122564e+00  5.112284e-01 



Average loading for wing surface: 5 --> VSP Surface: 5 ... NOTE: values are per area! 

  Station     S       Chord     Area      V/Vref        Cx            Cy            Cz           Cxo           Cyo           Czo          Cxi            Cyi           Czi           Cl            Cd            Cs            Clo           Cdo           Cso           Cli           Cdi           Csi           Cmx           Cmy           Cmz          Cmxo          Cmyo          Cmzo          Cmxi          Cmyi          Cmzi 
        1   0.24304   0.45000   0.01350   1.00896  1.364009e-02 -4.442913e-02  9.750387e-02  1.356676e-02  2.027653e-05 -5.574498e-04  7.332632e-05 -4.444941e-02  9.806132e-02  9.750387e-02  1.364009e-02 -3.088265e-02 -5.574498e-04  1.356676e-02  2.027653e-05  9.806132e-02  7.332632e-05 -4.444941e-02  1.671005e-01 -6.925052e-02 -3.290618e-02 -8.173711e-04  8.616986e-03 -1.957909e-02  1.679179e-01 -7.786750e-02 -1.332710e-02 
        2   0.55031   0.45000   0.01350   1.02801  4.181029e-02 -2.885614e-01  2.289422e-01  1.439628e-02  3.710801e-04 -1.874153e-03  2.741402e-02 -2.889325e-01  2.308164e-01  2.289422e-01  4.181029e-02 -2.745362e-01 -1.874153e-03  1.439628e-02  3.710801e-04  2.308164e-01  2.741402e-02 -2.889325e-01  5.294991e-01 -1.571661e-01 -3.164631e-01 -2.954497e-03  1.120096e-02 -2.047715e-02  5.324536e-01 -1.683671e-01 -2.959859e-01 
        3   0.67879   0.45000   0.01350   0.97264  3.466571e-01 -9.342100e-01 -1.416693e-01  1.719339e-02  5.842991e-04 -6.739552e-03  3.294637e-01 -9.347943e-01 -1.349298e-01 -1.416693e-01  3.466571e-01 -9.176009e-01 -6.739552e-03  1.719339e-02  5.842991e-04 -1.349298e-01  3.294637e-01 -9.347943e-01  4.981545e-01  3.401870e-01 -1.311609e+00 -1.016339e-02  1.837455e-02 -2.433500e-02  5.083179e-01  3.218125e-01 -1.287274e+00 
        4   0.80728   0.45000   0.01350   0.95233 -1.402228e-02 -5.959563e-01 -2.756927e-01  1.442793e-02 -1.066563e-03 -2.434195e-03 -2.845020e-02 -5.948898e-01 -2.732585e-01 -2.756927e-01 -1.402228e-02 -5.804619e-01 -2.434195e-03  1.442793e-02 -1.066563e-03 -2.732585e-01 -2.845020e-02 -5.948898e-01  5.450609e-02  1.843642e-01 -5.294430e-01 -2.662809e-03  1.362493e-02 -2.175284e-02  5.716890e-02  1.707393e-01 -5.076902e-01 
        5   0.93576   0.45000   0.01350   0.94594  1.232536e-02  9.708559e-02 -6.402246e-03  1.211687e-02 -3.964464e-04 -8.285508e-04  2.084903e-04  9.748204e-02 -5.573695e-03 -6.402246e-03  1.232536e-02  1.095989e-01 -8.285508e-04  1.211687e-02 -3.964464e-04 -5.573695e-03  2.084903e-04  9.748204e-02 -9.308758e-02  1.595293e-02  5.252256e-02 -8.532087e-04  1.121016e-02 -1.784133e-02 -9.223438e-02  4.742773e-03  7.036389e-02 



Average loading for wing surface: 6 --> VSP Surface: 6 ... NOTE: values are per area! 

  Station     S       Chord     Area      V/Vref        Cx            Cy            Cz           Cxo           Cyo           Czo          Cxi            Cyi           Czi           Cl            Cd            Cs            Clo           Cdo           Cso           Cli           Cdi           Csi           Cmx           Cmy           Cmz          Cmxo          Cmyo          Cmzo          Cmxi          Cmyi          Cmzi 
        1   0.24304   0.45000   0.01350   1.06639  1.558479e-02  8.781566e-02  8.665664e-02  1.502100e-02  1.330456e-04  2.840412e-04  5.637891e-04  8.768262e-02  8.637260e-02  8.665664e-02  1.558479e-02  1.027036e-01  2.840412e-04  1.502100e-02  1.330456e-04  8.637260e-02  5.637891e-04  8.768262e-02 -1.774929e-01 -5.572393e-02  8.107195e-02 -4.901091e-04  8.769585e-03  2.181082e-02 -1.770028e-01 -6.449351e-02  5.926112e-02 
        2   0.55031   0.45000   0.01350   1.15420  1.797584e-02  2.266097e-01  1.983397e-01  1.747844e-02 -2.883925e-04 -9.936366e-04  4.974018e-04  2.268981e-01  1.993333e-01  1.983397e-01  1.797584e-02  2.443766e-01 -9.936366e-04  1.747844e-02 -2.883925e-04  1.993333e-01  4.974018e-04  2.268981e-01 -4.421550e-01 -1.287249e-01  1.824134e-01  1.627515e-03  1.250241e-02  2.499990e-02 -4.437825e-01 -1.412273e-01  1.574135e-01 
        3   0.67879   0.45000   0.01350   0.93897  3.477547e-01  9.530029e-01 -1.958780e-01  1.685784e-02 -1.488399e-03 -7.182496e-03  3.308969e-01  9.544913e-01 -1.886955e-01 -1.958780e-01  3.477547e-01  9.713492e-01 -7.182496e-03  1.685784e-02 -1.488399e-03 -1.886955e-01  3.308969e-01  9.544913e-01 -4.372300e-01  4.093546e-01  1.299735e+00  1.146621e-02  1.850744e-02  2.307681e-02 -4.486962e-01  3.908472e-01  1.276659e+00 
        4   0.80728   0.45000   0.01350   0.95053 -1.796207e-02  6.558276e-01 -3.079644e-01  1.487420e-02  1.003890e-03 -2.734097e-03 -3.283626e-02  6.548237e-01 -3.052303e-01 -3.079644e-01 -1.796207e-02  6.696979e-01 -2.734097e-03  1.487420e-02  1.003890e-03 -3.052303e-01 -3.283626e-02  6.548237e-01 -5.397945e-02  2.150097e-01  5.792283e-01  3.146140e-03  1.423853e-02  2.234383e-02 -5.712559e-02  2.007712e-01  5.568845e-01 
        5   0.93576   0.45000   0.01350   0.94819  1.327991e-02 -9.696749e-02 -4.349319e-03  1.217742e-02  3.931703e-06 -7.752568e-04  1.102487e-03 -9.697142e-02 -3.574062e-03 -4.349319e-03  1.327991e-02 -8.479400e-02 -7.752568e-04  1.217742e-02  3.931703e-06 -3.574062e-03  1.102487e-03 -9.697142e-02  8.999564e-02  1.429613e-02 -5.630014e-02  1.116408e-03  1.121704e-02  1.759297e-02  8.887924e-02  3.079091e-03 -7.389311e-02 



Average loading for wing surface: 7 --> VSP Surface: 7 ... NOTE: values are per area! 

  Station     S       Chord     Area      V/Vref        Cx            Cy            Cz           Cxo           Cyo           Czo          Cxi            Cyi           Czi           Cl            Cd            Cs            Clo           Cdo           Cso           Cli           Cdi           Csi           Cmx           Cmy           Cmz          Cmxo          Cmyo          Cmzo          Cmxi          Cmyi          Cmzi 
        1   0.11280   0.21979   0.00235   1.40433  6.085011e-02 -4.722596e-01 -2.300640e-01  2.911969e-02  7.277412e-04 -2.276645e-03  3.173042e-02 -4.729873e-01 -2.277874e-01 -2.300640e-01  6.085011e-02 -4.438676e-01 -2.276645e-03  2.911969e-02  7.277412e-04 -2.277874e-01  3.173042e-02 -4.729873e-01  7.573180e-02  4.991901e-01 -8.249111e-01 -6.761803e-03  4.365375e-02 -7.253348e-02  8.249360e-02  4.555363e-01 -7.523776e-01 
        2   0.24711   0.21979   0.00235   1.37412  1.046069e-01 -7.805918e-01 -2.428178e-01  2.944748e-02  6.490903e-04  5.211081e-05  7.515940e-02 -7.812408e-01 -2.428699e-01 -2.428178e-01  1.046069e-01 -7.517934e-01  5.211081e-05  2.944748e-02  6.490903e-04 -2.428699e-01  7.515940e-02 -7.812408e-01  5.120036e-01  5.893761e-01 -1.416104e+00 -8.009784e-04  4.223679e-02 -7.347235e-02  5.128046e-01  5.471393e-01 -1.342631e+00 
        3   0.29013   0.21979   0.00235   1.03382  9.977037e-02 -7.442623e-01 -1.382756e-02  1.973611e-02  1.132570e-03  8.078758e-04  8.003426e-02 -7.453949e-01 -1.463544e-02 -1.382756e-02  9.977037e-02 -7.256588e-01  8.078758e-04  1.973611e-02  1.132570e-03 -1.463544e-02  8.003426e-02 -7.453949e-01  1.069542e+00  1.747377e-01 -1.407966e+00  3.592516e-04  2.816338e-02 -4.825895e-02  1.069183e+00  1.465743e-01 -1.359707e+00 
        4   0.33316   0.21979   0.00235   0.86565  1.134902e-01 -5.695549e-01  5.686617e-03  1.473240e-02  9.757608e-04  9.425322e-04  9.875783e-02 -5.705307e-01  4.744084e-03  5.686617e-03  1.134902e-01 -5.557983e-01  9.425322e-04  1.473240e-02  9.757608e-04  4.744084e-03  9.875783e-02 -5.705307e-01  8.861416e-01  1.656328e-01 -1.208608e+00  8.854894e-04  2.125018e-02 -3.584013e-02  8.852561e-01  1.443826e-01 -1.172768e+00 
        5   0.37618   0.21979   0.00235   0.74888  9.199765e-02 -4.391891e-01  8.595295e-03  1.125341e-02  9.388039e-04  2.181725e-03  8.074425e-02 -4.401279e-01  6.413570e-03  8.595295e-03  9.199765e-02 -4.288745e-01  2.181725e-03  1.125341e-02  9.388039e-04  6.413570e-03  8.074425e-02 -4.401279e-01  7.148224e-01  1.312028e-01 -9.559068e-01  4.027493e-03  1.471052e-02 -2.710392e-02  7.107949e-01  1.164922e-01 -9.288029e-01 
        6   0.41920   0.21979   0.00235   0.77070  1.192283e-01 -2.725707e-01  9.082621e-02  1.028513e-02  1.182091e-03  2.334965e-03  1.089431e-01 -2.737528e-01  8.849125e-02  9.082621e-02  1.192283e-01 -2.634676e-01  2.334965e-03  1.028513e-02  1.182091e-03  8.849125e-02  1.089431e-01 -2.737528e-01  6.697946e-01  3.049355e-02 -7.350546e-01  3.973467e-03  1.345676e-02 -2.431502e-02  6.658212e-01  1.703680e-02 -7.107395e-01 
        7   0.46222   0.21979   0.00235   0.81326 -2.191226e-02 -2.504109e-01  1.370571e-02  1.114803e-02 -2.095320e-05  2.164797e-03 -3.306029e-02 -2.503899e-01  1.154091e-02  1.370571e-02 -2.191226e-02 -2.392419e-01  2.164797e-03  1.114803e-02 -2.095320e-05  1.154091e-02 -3.306029e-02 -2.503899e-01  4.543947e-01 -5.800935e-02 -3.406549e-01  5.503620e-03  1.563567e-02 -2.819059e-02  4.488910e-01 -7.364502e-02 -3.124643e-01 
        8   0.50524   0.21979   0.00235   0.84574 -3.484852e-02 -3.244816e-01 -7.393203e-02  1.230654e-02 -2.377900e-04  1.883138e-03 -4.715505e-02 -3.242439e-01 -7.581517e-02 -7.393203e-02 -3.484852e-02 -3.119373e-01  1.883138e-03  1.230654e-02 -2.377900e-04 -7.581517e-02 -4.715505e-02 -3.242439e-01  3.752322e-01  7.790772e-02 -4.375275e-01  5.166985e-03  1.856407e-02 -3.142274e-02  3.700652e-01  5.934365e-02 -4.061048e-01 
        9   0.54827   0.21979   0.00235   0.86017  4.922036e-02 -3.711427e-01  7.293539e-04  1.299010e-02  4.699989e-04  1.436840e-03  3.623026e-02 -3.716127e-01 -7.074860e-04  7.293539e-04  4.922036e-02 -3.586226e-01  1.436840e-03  1.299010e-02  4.699989e-04 -7.074860e-04  3.623026e-02 -3.716127e-01  6.596401e-01  8.693319e-02 -7.360251e-01  2.796737e-03  2.099387e-02 -3.215179e-02  6.568434e-01  6.593932e-02 -7.038733e-01 
       10   0.59129   0.21979   0.00235   0.86165  6.329288e-02 -3.755842e-01  1.708207e-03  1.306847e-02  6.197895e-04  1.260218e-03  5.022440e-02 -3.762040e-01  4.479891e-04  1.708207e-03  6.329288e-02 -3.631356e-01  1.260218e-03  1.306847e-02  6.197895e-04  4.479891e-04  5.022440e-02 -3.762040e-01  6.878719e-01  1.127405e-01 -7.792417e-01  2.055452e-03  2.200761e-02 -3.213863e-02  6.858164e-01  9.073292e-02 -7.471031e-01 
       11   0.63431   0.21979   0.00235   0.87258  7.363626e-02 -3.783757e-01  1.007506e-03  1.335771e-02  7.010370e-04  8.888439e-04  6.027856e-02 -3.790768e-01  1.186623e-04  1.007506e-03  7.363626e-02 -3.657191e-01  8.888439e-04  1.335771e-02  7.010370e-04  1.186623e-04  6.027856e-02 -3.790768e-01  7.092307e-01  1.361575e-01 -8.106539e-01  9.358810e-04  2.369723e-02 -3.275475e-02  7.082948e-01  1.124603e-01 -7.778991e-01 
       12   0.67733   0.21979   0.00235   0.88971  7.441969e-02 -3.699558e-01  7.978327e-04  1.369858e-02  7.338449e-04  7.641642e-04  6.072111e-02 -3.706896e-01  3.366856e-05  7.978327e-04  7.441969e-02 -3.569910e-01  7.641642e-04  1.369858e-02  7.338449e-04  3.366856e-05  6.072111e-02 -3.706896e-01  7.106815e-01  1.415143e-01 -7.988196e-01  5.245010e-04  2.516576e-02 -3.356959e-02  7.101570e-01  1.163485e-01 -7.652500e-01 
       13   0.72036   0.21979   0.00235   0.89628  6.802892e-02 -3.580117e-01  1.364328e-03  1.378022e-02  7.403242e-04  7.340272e-04  5.424870e-02 -3.587520e-01  6.303008e-04  1.364328e-03  6.802892e-02 -3.449718e-01  7.340272e-04  1.378022e-02  7.403242e-04  6.303008e-04  5.424870e-02 -3.587520e-01  7.064303e-01  1.315071e-01 -7.643173e-01  4.005026e-04  2.602461e-02 -3.376668e-02  7.060297e-01  1.054825e-01 -7.305506e-01 
       14   0.76338   0.21979   0.00235   0.89617  6.615776e-02 -3.469204e-01  1.833164e-03  1.371859e-02  7.376296e-04  6.808321e-04  5.243917e-02 -3.476580e-01  1.152332e-03  1.833164e-03  6.615776e-02 -3.339394e-01  6.808321e-04  1.371859e-02  7.376296e-04  1.152332e-03  5.243917e-02 -3.476580e-01  7.024406e-01  1.301306e-01 -7.434444e-01  2.360899e-04  2.663561e-02 -3.361480e-02  7.022045e-01  1.034950e-01 -7.098297e-01 
       15   0.80640   0.21979   0.00235   0.89681  6.575081e-02 -3.319196e-01  1.761125e-03  1.365420e-02  7.385365e-04  6.659608e-04  5.209661e-02 -3.326581e-01  1.095164e-03  1.761125e-03  6.575081e-02 -3.190039e-01  6.659608e-04  1.365420e-02  7.385365e-04  1.095164e-03  5.209661e-02 -3.326581e-01  6.879851e-01  1.325451e-01 -7.191154e-01  1.613282e-04  2.718100e-02 -3.345087e-02  6.878238e-01  1.053641e-01 -6.856645e-01 
       16   0.84942   0.21979   0.00235   0.91697  6.668173e-02 -3.102067e-01  1.430547e-03  1.403762e-02  7.504596e-04  4.500511e-04  5.264411e-02 -3.109571e-01  9.804959e-04  1.430547e-03  6.668173e-02 -2.969195e-01  4.500511e-04  1.403762e-02  7.504596e-04  9.804959e-04  5.264411e-02 -3.109571e-01  6.572649e-01  1.381065e-01 -6.871588e-01 -4.445784e-04  2.894727e-02 -3.440261e-02  6.577095e-01  1.091592e-01 -6.527562e-01 
       17   0.89244   0.21979   0.00235   0.91834  6.368542e-02 -2.793555e-01  3.544078e-03  1.393546e-02  7.446461e-04  4.144591e-04  4.974996e-02 -2.801001e-01  3.129619e-03  3.544078e-03  6.368542e-02 -2.661646e-01  4.144591e-04  1.393546e-02  7.446461e-04  3.129619e-03  4.974996e-02 -2.801001e-01  6.109266e-01  1.311110e-01 -6.306136e-01 -5.579001e-04  2.944958e-02 -3.415275e-02  6.114845e-01  1.016614e-01 -5.964608e-01 
       18   0.93547   0.21979   0.00235   0.91940  5.608086e-02 -2.337973e-01  1.532093e-02  1.378561e-02  7.400227e-04  4.162099e-04  4.229526e-02 -2.345373e-01  1.490472e-02  1.532093e-02  5.608086e-02 -2.207517e-01  4.162099e-04  1.378561e-02  7.400227e-04  1.490472e-02  4.229526e-02 -2.345373e-01  5.534944e-01  9.690879e-02 -5.383244e-01 -5.789552e-04  2.978438e-02 -3.378071e-02  5.540734e-01  6.712442e-02 -5.045436e-01 
       19   0.97849   0.21979   0.00235   0.91976  5.149050e-02 -1.787343e-01  1.265483e-02  1.362388e-02  7.570784e-04  3.832874e-04  3.786663e-02 -1.794914e-01  1.227155e-02  1.265483e-02  5.149050e-02 -1.658675e-01  3.832874e-04  1.362388e-02  7.570784e-04  1.227155e-02  3.786663e-02 -1.794914e-01  4.344050e-01  9.403287e-02 -4.374715e-01 -7.359553e-04  3.012697e-02 -3.334812e-02  4.351410e-01  6.390589e-02 -4.041234e-01 



Average loading for wing surface: 8 --> VSP Surface: 8 ... NOTE: values are per area! 

  Station     S       Chord     Area      V/Vref        Cx            Cy            Cz           Cxo           Cyo           Czo          Cxi            Cyi           Czi           Cl            Cd            Cs            Clo           Cdo           Cso           Cli           Cdi           Csi           Cmx           Cmy           Cmz          Cmxo          Cmyo          Cmzo          Cmxi          Cmyi          Cmzi 
        1   0.11280   0.21979   0.00235   1.41647  6.335790e-02  4.802448e-01 -2.645117e-01  2.955664e-02 -8.946418e-04 -2.451988e-03  3.380126e-02  4.811394e-01 -2.620597e-01 -2.645117e-01  6.335790e-02  5.106961e-01 -2.451988e-03  2.955664e-02 -8.946418e-04 -2.620597e-01  3.380126e-02  4.811394e-01  9.136726e-04  5.672245e-01  8.378255e-01  7.436548e-03  4.450779e-02  7.340199e-02 -6.522875e-03  5.227167e-01  7.644235e-01 
        2   0.24711   0.21979   0.00235   1.38249  1.022667e-01  7.922385e-01 -2.780107e-01  2.978073e-02 -6.783254e-04 -1.169305e-04  7.248595e-02  7.929168e-01 -2.778938e-01 -2.780107e-01  1.022667e-01  8.226975e-01 -1.169305e-04  2.978073e-02 -6.783254e-04 -2.778938e-01  7.248595e-02  7.929168e-01 -4.396516e-01  6.521446e-01  1.418018e+00  1.269999e-03  4.295389e-02  7.427298e-02 -4.409216e-01  6.091906e-01  1.343745e+00 
        3   0.29013   0.21979   0.00235   1.03270  1.044163e-01  7.685680e-01 -1.467345e-02  1.992708e-02 -1.230024e-03  7.643140e-04  8.448927e-02  7.697981e-01 -1.543777e-02 -1.467345e-02  1.044163e-01  7.897251e-01  7.643140e-04  1.992708e-02 -1.230024e-03 -1.543777e-02  8.448927e-02  7.697981e-01 -1.103490e+00  1.831705e-01  1.452688e+00 -1.045208e-04  2.850832e-02  4.860399e-02 -1.103385e+00  1.546622e-01  1.404084e+00 
        4   0.33316   0.21979   0.00235   0.86093  1.198915e-01  5.890630e-01  4.949882e-03  1.483868e-02 -1.066867e-03  9.135340e-04  1.050528e-01  5.901299e-01  4.036348e-03  4.949882e-03  1.198915e-01  6.049686e-01  9.135340e-04  1.483868e-02 -1.066867e-03  4.036348e-03  1.050528e-01  5.901299e-01 -9.142105e-01  1.764566e-01  1.252767e+00 -6.726091e-04  2.145393e-02  3.598017e-02 -9.135379e-01  1.550027e-01  1.216787e+00 
        5   0.37618   0.21979   0.00235   0.74412  9.601883e-02  4.554004e-01  6.987480e-03  1.132693e-02 -9.892470e-04  2.260604e-03  8.469190e-02  4.563897e-01  4.726876e-03  6.987480e-03  9.601883e-02  4.677166e-01  2.260604e-03  1.132693e-02 -9.892470e-04  4.726876e-03  8.469190e-02  4.563897e-01 -7.364567e-01  1.401091e-01  9.886128e-01 -4.147026e-03  1.471554e-02  2.721855e-02 -7.323096e-01  1.253935e-01  9.613942e-01 
        6   0.41920   0.21979   0.00235   0.76992  1.229934e-01  2.812296e-01  8.363905e-03  1.027759e-02 -1.228483e-03  2.507403e-03  1.127158e-01  2.824581e-01  5.856503e-03  8.363905e-03  1.229934e-01  2.927357e-01  2.507403e-03  1.027759e-02 -1.228483e-03  5.856503e-03  1.127158e-01  2.824581e-01 -4.765027e-01  1.857726e-01  7.524357e-01 -4.333518e-03  1.320142e-02  2.423058e-02 -4.721692e-01  1.725712e-01  7.282052e-01 
        7   0.46222   0.21979   0.00235   0.81198  4.586196e-02  2.676862e-01 -4.366256e-02  1.116121e-02 -4.717699e-04  2.432167e-03  3.470075e-02  2.681580e-01 -4.609473e-02 -4.366256e-02  4.586196e-02  2.793192e-01  2.432167e-03  1.116121e-02 -4.717699e-04 -4.609473e-02  3.470075e-02  2.681580e-01 -3.391695e-01  1.609555e-01  5.349677e-01 -5.353085e-03  1.528090e-02  2.752936e-02 -3.338164e-01  1.456746e-01  5.074384e-01 
        8   0.50524   0.21979   0.00235   0.84570 -9.729792e-03  3.182943e-01 -4.684620e-02  1.230975e-02 -9.659455e-06  1.691738e-03 -2.203954e-02  3.183040e-01 -4.853794e-02 -4.684620e-02 -9.729792e-03  3.306137e-01  1.691738e-03  1.230975e-02 -9.659455e-06 -4.853794e-02 -2.203954e-02  3.183040e-01 -4.320756e-01  7.289182e-02  4.795237e-01 -4.256847e-03  1.883940e-02  3.108206e-02 -4.278188e-01  5.405241e-02  4.484416e-01 
        9   0.54827   0.21979   0.00235   0.85827  5.230755e-02  3.792053e-01  4.169705e-03  1.300739e-02 -5.667295e-04  1.349319e-03  3.930015e-02  3.797720e-01  2.820386e-03  4.169705e-03  5.230755e-02  3.927794e-01  1.349319e-03  1.300739e-02 -5.667295e-04  2.820386e-03  3.930015e-02  3.797720e-01 -6.826415e-01  8.576545e-02  7.498899e-01 -2.404238e-03  2.114789e-02  3.205914e-02 -6.802372e-01  6.461756e-02  7.178307e-01 
       10   0.59129   0.21979   0.00235   0.85836  6.387588e-02  3.846097e-01  1.806894e-03  1.305607e-02 -6.816713e-04  1.227986e-03  5.081981e-02  3.852914e-01  5.789080e-04  1.806894e-03  6.387588e-02  3.983474e-01  1.227986e-03  1.305607e-02 -6.816713e-04  5.789080e-04  5.081981e-02  3.852914e-01 -7.045742e-01  1.135066e-01  7.889172e-01 -1.861409e-03  2.203047e-02  3.202007e-02 -7.027128e-01  9.147610e-02  7.568971e-01 
       11   0.63431   0.21979   0.00235   0.86728  7.575803e-02  3.879568e-01  5.856918e-04  1.330091e-02 -7.624157e-04  8.717165e-04  6.245712e-02  3.887192e-01 -2.860246e-04  5.856918e-04  7.575803e-02  4.020201e-01  8.717165e-04  1.330091e-02 -7.624157e-04 -2.860246e-04  6.245712e-02  3.887192e-01 -7.260736e-01  1.407772e-01  8.255194e-01 -7.779694e-04  2.361529e-02  3.252476e-02 -7.252956e-01  1.171619e-01  7.929946e-01 
       12   0.67733   0.21979   0.00235   0.88501  7.633813e-02  3.787746e-01 -7.328267e-06  1.364333e-02 -7.890997e-04  7.525314e-04  6.269480e-02  3.795637e-01 -7.598596e-04 -7.328267e-06  7.633813e-02  3.932070e-01  7.525314e-04  1.364333e-02 -7.890997e-04 -7.598596e-04  6.269480e-02  3.795637e-01 -7.255636e-01  1.465347e-01  8.122016e-01 -3.892615e-04  2.507631e-02  3.335214e-02 -7.251743e-01  1.214584e-01  7.788495e-01 
       13   0.72036   0.21979   0.00235   0.89270  6.923843e-02  3.659386e-01  5.065086e-04  1.373973e-02 -8.005984e-04  7.419499e-04  5.549870e-02  3.667392e-01 -2.354413e-04  5.065086e-04  6.923843e-02  3.804789e-01  7.419499e-04  1.373973e-02 -8.005984e-04 -2.354413e-04  5.549870e-02  3.667392e-01 -7.198624e-01  1.353177e-01  7.747416e-01 -3.021599e-04  2.593394e-02  3.357945e-02 -7.195602e-01  1.093838e-01  7.411621e-01 
       14   0.76338   0.21979   0.00235   0.89247  6.754629e-02  3.543283e-01  1.073275e-03  1.367017e-02 -8.018124e-04  6.924875e-04  5.387613e-02  3.551301e-01  3.807877e-04  1.073275e-03  6.754629e-02  3.688003e-01  6.924875e-04  1.367017e-02 -8.018124e-04  3.807877e-04  5.387613e-02  3.551301e-01 -7.154557e-01  1.341742e-01  7.538581e-01 -1.364272e-04  2.652178e-02  3.340201e-02 -7.153193e-01  1.076524e-01  7.204561e-01 
       15   0.80640   0.21979   0.00235   0.89302  6.724357e-02  3.382865e-01  9.035055e-04  1.359534e-02 -8.036244e-04  6.811587e-04  5.364822e-02  3.390901e-01  2.223469e-04  9.035055e-04  6.724357e-02  3.526855e-01  6.811587e-04  1.359534e-02 -8.036244e-04  2.223469e-04  5.364822e-02  3.390901e-01 -6.989598e-01  1.370500e-01  7.284480e-01 -6.567626e-05  2.703836e-02  3.321044e-02 -6.988941e-01  1.100117e-01  6.952375e-01 
       16   0.84942   0.21979   0.00235   0.91387  6.761453e-02  3.154811e-01  2.998484e-04  1.398465e-02 -8.027308e-04  4.633935e-04  5.362987e-02  3.162838e-01 -1.635450e-04  2.998484e-04  6.761453e-02  3.302685e-01  4.633935e-04  1.398465e-02 -8.027308e-04 -1.635450e-04  5.362987e-02  3.162838e-01 -6.655609e-01  1.420208e-01  6.938736e-01  5.210260e-04  2.881684e-02  3.419513e-02 -6.660819e-01  1.132039e-01  6.596785e-01 
       17   0.89244   0.21979   0.00235   0.91460  6.368399e-02  2.821807e-01  2.329487e-03  1.385308e-02 -7.847512e-04  4.288291e-04  4.983091e-02  2.829654e-01  1.900658e-03  2.329487e-03  6.368399e-02  2.968185e-01  4.288291e-04  1.385308e-02 -7.847512e-04  1.900658e-03  4.983091e-02  2.829654e-01 -6.139699e-01  1.332121e-01  6.312075e-01  6.080347e-04  2.925177e-02  3.388811e-02 -6.145780e-01  1.039603e-01  5.973193e-01 
       18   0.93547   0.21979   0.00235   0.91602  5.508249e-02  2.340285e-01  1.491680e-02  1.369904e-02 -7.764794e-04  4.351523e-04  4.138344e-02  2.348049e-01  1.448165e-02  1.491680e-02  5.508249e-02  2.485040e-01  4.351523e-04  1.369904e-02 -7.764794e-04  1.448165e-02  4.138344e-02  2.348049e-01 -5.530064e-01  9.532586e-02  5.325382e-01  6.114227e-04  2.956697e-02  3.351066e-02 -5.536177e-01  6.575889e-02  4.990275e-01 
       19   0.97849   0.21979   0.00235   0.91738  5.049135e-02  1.790458e-01  1.282662e-02  1.356140e-02 -7.936678e-04  4.041051e-04  3.692996e-02  1.798394e-01  1.242252e-02  1.282662e-02  5.049135e-02  1.934008e-01  4.041051e-04  1.356140e-02 -7.936678e-04  1.242252e-02  3.692996e-02  1.798394e-01 -4.355995e-01  9.142863e-02  4.330069e-01  7.657304e-04  2.995699e-02  3.313872e-02 -4.363652e-01  6.147164e-02  3.998682e-01 



Time history of loading for wing surface: 1 --> VSP Surface: 1 ... NOTE: values per area! 

  Station    Time       S       Chord     Area      V/Vref        Cx            Cy            Cz           Cxo           Cyo           Czo          Cxi            Cyi           Czi           Cl            Cd            Cs            Clo           Cdo           Cso           Cli           Cdi           Csi           Cmx           Cmy           Cmz          Cmxo          Cmyo          Cmzo          Cmxi          Cmyi          Cmzi 
        1   0.00000   0.06064   0.32000   0.01489   1.20108  2.683597e-02 -2.368444e-04  4.833677e-01  2.089635e-02 -2.211363e-04  7.506439e-04  5.939619e-03 -1.570807e-05  4.826171e-01  4.833677e-01  2.683597e-02  2.088065e-02  7.506439e-04  2.089635e-02 -2.211363e-04  4.826171e-01  5.939619e-03 -1.570807e-05  3.529027e-02 -3.258812e-01 -2.189845e-03  2.641710e-04  1.906674e-02 -1.736989e-03  3.502610e-02 -3.449479e-01 -4.528567e-04 
        2   0.00000   0.15507   0.32000   0.01489   1.20204  2.864376e-02 -1.636352e-04  4.873020e-01  2.094007e-02 -1.463172e-04  7.482211e-04  7.703698e-03 -1.731800e-05  4.865538e-01  4.873020e-01  2.864376e-02  2.092275e-02  7.482211e-04  2.094007e-02 -1.463172e-04  4.865538e-01  7.703698e-03 -1.731800e-05  1.062115e-01 -3.290314e-01 -6.400719e-03  3.015978e-04  1.911062e-02 -4.703510e-03  1.059099e-01 -3.481420e-01 -1.697209e-03 
        3   0.00000   0.22267   0.32000   0.01489   1.20098  2.389565e-02 -8.429287e-05  4.980993e-01  2.095746e-02 -7.613707e-05  7.495100e-04  2.938197e-03 -8.155802e-06  4.973498e-01  4.980993e-01  2.389565e-02  2.094930e-02  7.495100e-04  2.095746e-02 -7.613707e-05  4.973498e-01  2.938197e-03 -8.155802e-06  1.807562e-01 -3.486374e-01 -8.745403e-03  3.440673e-04  1.912582e-02 -7.677805e-03  1.804121e-01 -3.677632e-01 -1.067598e-03 
        4   0.00000   0.29026   0.32000   0.01489   1.20351  2.892854e-02 -2.767777e-04  4.914638e-01  2.099744e-02 -2.580167e-04  7.520782e-04  7.931107e-03 -1.876101e-05  4.907117e-01  4.914638e-01  2.892854e-02  2.097868e-02  7.520782e-04  2.099744e-02 -2.580167e-04  4.907117e-01  7.931107e-03 -1.876101e-05  2.498260e-01 -3.365042e-01 -1.496000e-02  6.266032e-04  1.916117e-02 -1.092062e-02  2.491994e-01 -3.556653e-01 -4.039385e-03 
        5   0.00000   0.35786   0.32000   0.01489   1.20198  2.737575e-02 -2.160695e-04  4.933178e-01  2.096413e-02 -1.589787e-04  7.473826e-04  6.411615e-03 -5.709074e-05  4.925705e-01  4.933178e-01  2.737575e-02  2.090704e-02  7.473826e-04  2.096413e-02 -1.589787e-04  4.925705e-01  6.411615e-03 -5.709074e-05  3.222764e-01 -3.413341e-01 -1.809933e-02  6.387316e-04  1.913428e-02 -1.384634e-02  3.216376e-01 -3.604684e-01 -4.252992e-03 
        6   0.00000   0.42545   0.32000   0.01489   1.20368  2.770409e-02 -2.224941e-04  5.026825e-01  2.105126e-02 -1.861159e-04  7.515938e-04  6.652830e-03 -3.637815e-05  5.019309e-01  5.026825e-01  2.770409e-02  2.101488e-02  7.515938e-04  2.105126e-02 -1.861159e-04  5.019309e-01  6.652830e-03 -3.637815e-05  4.013376e-01 -3.501759e-01 -2.235243e-02  7.762640e-04  1.921270e-02 -1.698463e-02  4.005613e-01 -3.693885e-01 -5.367796e-03 
        7   0.00000   0.49304   0.32000   0.01489   1.20596  2.722915e-02  9.360790e-06  5.211971e-01  2.119687e-02 -1.162320e-04  7.513040e-04  6.032277e-03  1.255928e-04  5.204458e-01  5.211971e-01  2.722915e-02  2.132247e-02  7.513040e-04  2.119687e-02 -1.162320e-04  5.204458e-01  6.032277e-03  1.255928e-04  4.915274e-01 -3.669149e-01 -2.566077e-02  8.187630e-04  1.935108e-02 -2.010638e-02  4.907086e-01 -3.862660e-01 -5.554390e-03 
        8   0.00000   0.56064   0.32000   0.01489   1.20701  2.725662e-02  3.295714e-04  5.496842e-01  2.135666e-02 -1.115124e-04  7.559566e-04  5.899963e-03  4.410838e-04  5.489283e-01  5.496842e-01  2.725662e-02  2.179774e-02  7.559566e-04  2.135666e-02 -1.115124e-04  5.489283e-01  5.899963e-03  4.410838e-04  5.978584e-01 -3.923609e-01 -2.924825e-02  9.283551e-04  1.949796e-02 -2.335094e-02  5.969301e-01 -4.118589e-01 -5.897308e-03 
        9   0.00000   0.62823   0.32000   0.01489   1.21048  2.741095e-02  7.558116e-04  5.961884e-01  2.167905e-02 -7.744857e-05  7.706912e-04  5.731896e-03  8.332602e-04  5.954177e-01  5.961884e-01  2.741095e-02  2.251231e-02  7.706912e-04  2.167905e-02 -7.744857e-05  5.954177e-01  5.731896e-03  8.332602e-04  7.345718e-01 -4.360338e-01 -3.285332e-02  1.023902e-03  1.978898e-02 -2.681307e-02  7.335478e-01 -4.558228e-01 -6.040254e-03 
       10   0.00000   0.69583   0.32000   0.01489   1.21467  2.627193e-02  1.274137e-03  6.505440e-01  2.208032e-02 -6.661456e-05  7.777105e-04  4.191605e-03  1.340751e-03  6.497663e-01  6.505440e-01  2.627193e-02  2.342107e-02  7.777105e-04  2.208032e-02 -6.661456e-05  6.497663e-01  4.191605e-03  1.340751e-03  8.955022e-01 -4.870848e-01 -3.460691e-02  1.135120e-03  2.016251e-02 -3.050069e-02  8.943671e-01 -5.072473e-01 -4.106221e-03 
       11   0.00000   0.76342   0.32000   0.01489   1.21627  2.730094e-02  3.544948e-03  7.117357e-01  2.247352e-02 -5.761017e-05  8.061097e-04  4.827418e-03  3.602559e-03  7.109296e-01  7.117357e-01  2.730094e-02  2.607608e-02  8.061097e-04  2.247352e-02 -5.761017e-05  7.109296e-01  4.827418e-03  3.602559e-03  1.080871e+00 -5.407151e-01 -3.747936e-02  1.282682e-03  2.050701e-02 -3.429429e-02  1.079588e+00 -5.612221e-01 -3.185071e-03 
       12   0.00000   0.83101   0.32000   0.01489   1.24839  3.583764e-02 -2.908079e-01  8.333949e-01  2.401796e-02 -1.827729e-03  8.398089e-04  1.181968e-02 -2.889802e-01  8.325551e-01  8.333949e-01  3.583764e-02 -2.649622e-01  8.398089e-04  2.401796e-02 -1.827729e-03  8.325551e-01  1.181968e-02 -2.889802e-01  1.666877e+00 -6.234801e-01 -4.182363e-01  3.134571e-03  2.193800e-02 -4.190154e-02  1.663742e+00 -6.454181e-01 -3.763348e-01 
       13   0.00000   0.89861   0.32000   0.01489   1.10253  4.168667e-02 -2.820362e-01  3.585586e-01  1.767084e-02 -1.271067e-03  7.261180e-04  2.401583e-02 -2.807651e-01  3.578325e-01  3.585586e-01  4.168667e-02 -2.630942e-01  7.261180e-04  1.767084e-02 -1.271067e-03  3.578325e-01  2.401583e-02 -2.807651e-01  9.124925e-01 -1.809728e-01 -4.196949e-01  2.522313e-03  1.603233e-02 -3.331860e-02  9.099702e-01 -1.970052e-01 -3.863763e-01 
       14   0.00000   0.96620   0.32000   0.01489   1.08243  1.447421e-02  8.166694e-03  1.932689e-01  1.647900e-02 -2.819486e-03  3.850530e-04 -2.004797e-03  1.098618e-02  1.928839e-01  1.932689e-01  1.447421e-02  2.746518e-02  3.850530e-04  1.647900e-02 -2.819486e-03  1.928839e-01 -2.004797e-03  1.098618e-02  3.681296e-01 -9.387422e-02 -1.624402e-02  3.428079e-03  1.524302e-02 -3.509603e-02  3.647015e-01 -1.091172e-01  1.885201e-02 



Time history of loading for wing surface: 2 --> VSP Surface: 2 ... NOTE: values per area! 

  Station    Time       S       Chord     Area      V/Vref        Cx            Cy            Cz           Cxo           Cyo           Czo          Cxi            Cyi           Czi           Cl            Cd            Cs            Clo           Cdo           Cso           Cli           Cdi           Csi           Cmx           Cmy           Cmz          Cmxo          Cmyo          Cmzo          Cmxi          Cmyi          Cmzi 
        1   0.00000   0.06064   0.32000   0.01489   1.20164  2.660269e-02  2.143777e-04  4.845010e-01  2.091675e-02  1.823639e-04  7.576310e-04  5.685931e-03  3.201380e-05  4.837433e-01  4.845010e-01  2.660269e-02  2.094877e-02  7.576310e-04  2.091675e-02  1.823639e-04  4.837433e-01  5.685931e-03  3.201380e-05 -3.535064e-02 -3.273413e-01  2.153684e-03 -2.279077e-04  1.907911e-02  1.699705e-03 -3.512273e-02 -3.464204e-01  4.539784e-04 
        2   0.00000   0.15507   0.32000   0.01489   1.20277  2.864206e-02  1.459998e-04  4.901268e-01  2.097260e-02  1.037944e-04  7.527938e-04  7.669457e-03  4.220540e-05  4.893740e-01  4.901268e-01  2.864206e-02  2.101481e-02  7.527938e-04  2.097260e-02  1.037944e-04  4.893740e-01  7.669457e-03  4.220540e-05 -1.068088e-01 -3.315243e-01  6.387525e-03 -2.622661e-04  1.913690e-02  4.668077e-03 -1.065465e-01 -3.506612e-01  1.719448e-03 
        3   0.00000   0.22267   0.32000   0.01489   1.20218  2.393679e-02  5.007780e-05  5.028617e-01  2.101134e-02  3.664721e-05  7.552163e-04  2.925452e-03  1.343059e-05  5.021065e-01  5.028617e-01  2.393679e-02  2.102477e-02  7.552163e-04  2.101134e-02  3.664721e-05  5.021065e-01  2.925452e-03  1.343059e-05 -1.824470e-01 -3.525071e-01  8.726584e-03 -3.086866e-04  1.917122e-02  7.657868e-03 -1.821383e-01 -3.716783e-01  1.068715e-03 
        4   0.00000   0.29026   0.32000   0.01489   1.20506  2.926015e-02  2.471465e-04  4.981431e-01  2.106964e-02  2.198156e-04  7.582104e-04  8.190505e-03  2.733095e-05  4.973849e-01  4.981431e-01  2.926015e-02  2.109697e-02  7.582104e-04  2.106964e-02  2.198156e-04  4.973849e-01  8.190505e-03  2.733095e-05 -2.531909e-01 -3.412581e-01  1.510115e-02 -5.934889e-04  1.922352e-02  1.091909e-02 -2.525974e-01 -3.604816e-01  4.182061e-03 
        5   0.00000   0.35786   0.32000   0.01489   1.20271  2.815914e-02  1.994779e-04  5.021198e-01  2.102200e-02  1.233759e-04  7.545245e-04  7.137143e-03  7.610199e-05  5.013653e-01  5.021198e-01  2.815914e-02  2.109810e-02  7.545245e-04  2.102200e-02  1.233759e-04  5.013653e-01  7.137143e-03  7.610199e-05 -3.280115e-01 -3.466186e-01  1.860668e-02 -6.096303e-04  1.918202e-02  1.384852e-02 -3.274019e-01 -3.658006e-01  4.758161e-03 
        6   0.00000   0.42545   0.32000   0.01489   1.20472  2.877516e-02  1.832971e-04  5.138641e-01  2.112900e-02  1.514064e-04  7.570786e-04  7.646160e-03  3.189079e-05  5.131070e-01  5.138641e-01  2.877516e-02  2.116090e-02  7.570786e-04  2.112900e-02  1.514064e-04  5.131070e-01  7.646160e-03  3.189079e-05 -4.102294e-01 -3.566366e-01  2.318892e-02 -7.477237e-04  1.928095e-02  1.701197e-02 -4.094817e-01 -3.759175e-01  6.176943e-03 
        7   0.00000   0.49304   0.32000   0.01489   1.20687  2.883633e-02 -8.622099e-05  5.344918e-01  2.128187e-02  8.120480e-05  7.625593e-04  7.554458e-03 -1.674258e-04  5.337292e-01  5.344918e-01  2.883633e-02  2.111444e-02  7.625593e-04  2.128187e-02  8.120480e-05  5.337292e-01  7.554458e-03 -1.674258e-04 -5.039992e-01 -3.738878e-01  2.713236e-02 -7.961592e-04  1.942044e-02  2.015151e-02 -5.032030e-01 -3.933083e-01  6.980846e-03 
        8   0.00000   0.56064   0.32000   0.01489   1.20822  2.914838e-02 -4.890025e-04  5.652376e-01  2.146326e-02  8.011100e-05  7.707155e-04  7.685126e-03 -5.691135e-04  5.644669e-01  5.652376e-01  2.914838e-02  2.089414e-02  7.707155e-04  2.146326e-02  8.011100e-05  5.644669e-01  7.685126e-03 -5.691135e-04 -6.146418e-01 -4.007334e-01  3.117725e-02 -9.146354e-04  1.958430e-02  2.343554e-02 -6.137272e-01 -4.203177e-01  7.741712e-03 
        9   0.00000   0.62823   0.32000   0.01489   1.21308  2.876321e-02 -1.036754e-03  6.154069e-01  2.184799e-02  4.569271e-05  7.889449e-04  6.915219e-03 -1.082447e-03  6.146179e-01  6.154069e-01  2.876321e-02  2.076554e-02  7.889449e-04  2.184799e-02  4.569271e-05  6.146179e-01  6.915219e-03 -1.082447e-03 -7.580142e-01 -4.487789e-01  3.424660e-02 -1.016297e-03  1.993094e-02  2.698966e-02 -7.569979e-01 -4.687098e-01  7.256932e-03 
       10   0.00000   0.69583   0.32000   0.01489   1.21657  2.781266e-02 -1.548468e-03  6.708450e-01  2.224360e-02  4.233403e-05  7.959472e-04  5.569053e-03 -1.590802e-03  6.700490e-01  6.708450e-01  2.781266e-02  2.065280e-02  7.959472e-04  2.224360e-02  4.233403e-05  6.700490e-01  5.569053e-03 -1.590802e-03 -9.232269e-01 -5.002981e-01  3.646740e-02 -1.137230e-03  2.029913e-02  3.070147e-02 -9.220897e-01 -5.205972e-01  5.765930e-03 
       11   0.00000   0.76342   0.32000   0.01489   1.21890  2.875491e-02 -3.821292e-03  7.285705e-01  2.264527e-02  3.933661e-05  7.976688e-04  6.109644e-03 -3.860629e-03  7.277728e-01  7.285705e-01  2.875491e-02  1.878464e-02  7.976688e-04  2.264527e-02  3.933661e-05  7.277728e-01  6.109644e-03 -3.860629e-03 -1.106249e+00 -5.495844e-01  3.949083e-02 -1.252493e-03  2.067833e-02  3.453766e-02 -1.104997e+00 -5.702627e-01  4.953171e-03 
       12   0.00000   0.83101   0.32000   0.01489   1.24158  5.887263e-02  2.838919e-01  7.615047e-01  2.336011e-02  1.937237e-03  8.478209e-04  3.551252e-02  2.819547e-01  7.606568e-01  7.615047e-01  5.887263e-02  3.053148e-01  8.478209e-04  2.336011e-02  1.937237e-03  7.606568e-01  3.551252e-02  2.819547e-01 -1.534188e+00 -4.784336e-01  4.400938e-01 -3.251792e-03  2.130611e-02  4.091339e-02 -1.530936e+00 -4.997398e-01  3.991804e-01 
       13   0.00000   0.89861   0.32000   0.01489   1.12788  1.034658e-01  2.768425e-01  1.264604e-01  1.778742e-02  1.310171e-03  9.198304e-04  8.567835e-02  2.755323e-01  1.255405e-01  1.264604e-01  1.034658e-01  2.933197e-01  9.198304e-04  1.778742e-02  1.310171e-03  1.255405e-01  8.567835e-02  2.755323e-01 -4.906143e-01  2.171296e-01  5.145571e-01 -2.910714e-03  1.594922e-02  3.356912e-02 -4.877036e-01  2.011804e-01  4.809880e-01 
       14   0.00000   0.96620   0.32000   0.01489   1.10371  2.729639e-02 -6.797838e-03  1.080370e-01  1.696893e-02  2.554995e-03  5.448844e-04  1.032746e-02 -9.352833e-03  1.074921e-01  1.080370e-01  2.729639e-02  7.616098e-03  5.448844e-04  1.696893e-02  2.554995e-03  1.074921e-01  1.032746e-02 -9.352833e-03 -2.026120e-01  3.665726e-02  4.305553e-02 -3.490307e-03  1.554785e-02  3.579122e-02 -1.991217e-01  2.110941e-02  7.264307e-03 



Time history of loading for wing surface: 3 --> VSP Surface: 3 ... NOTE: values per area! 

  Station    Time       S       Chord     Area      V/Vref        Cx            Cy            Cz           Cxo           Cyo           Czo          Cxi            Cyi           Czi           Cl            Cd            Cs            Clo           Cdo           Cso           Cli           Cdi           Csi           Cmx           Cmy           Cmz          Cmxo          Cmyo          Cmzo          Cmxi          Cmyi          Cmzi 
        1   0.00000   0.03103   0.13000   0.00606   1.15532  1.359955e-01 -9.270079e-04 -2.467129e+00  4.947017e-02 -1.073860e-03  1.017845e-02  8.652537e-02  1.468516e-04 -2.477307e+00 -2.467129e+00  1.359955e-01  4.961702e-02  1.017845e-02  4.947017e-02 -1.073860e-03 -2.477307e+00  8.652537e-02  1.468516e-04 -4.381094e-01  5.666691e+00 -2.644401e-02  4.595409e-03  1.038202e-01 -1.138163e-02 -4.427048e-01  5.562871e+00 -1.506238e-02 
        2   0.00000   0.09814   0.13000   0.00606   1.15626  1.143769e-01 -7.420166e-04 -2.483520e+00  4.971689e-02 -1.096735e-03  1.022363e-02  6.466000e-02  3.547185e-04 -2.493743e+00 -2.483520e+00  1.143769e-01  5.007161e-02  1.022363e-02  4.971689e-02 -1.096735e-03 -2.493743e+00  6.466000e-02  3.547185e-04 -1.328321e+00  5.647354e+00 -6.291949e-02  8.313948e-03  1.043512e-01 -2.923599e-02 -1.336635e+00  5.543002e+00 -3.368350e-02 
        3   0.00000   0.17029   0.13000   0.00606   1.15223  1.138245e-01 -1.413272e-03 -2.525713e+00  5.069825e-02 -1.608842e-03  1.042823e-02  6.312629e-02  1.955697e-04 -2.536142e+00 -2.525713e+00  1.138245e-01  5.089382e-02  1.042823e-02  5.069825e-02 -1.608842e-03 -2.536142e+00  6.312629e-02  1.955697e-04 -2.251469e+00  5.733588e+00 -1.049402e-01  1.347262e-02  1.064044e-01 -4.908318e-02 -2.264942e+00  5.627184e+00 -5.585705e-02 
        4   0.00000   0.24244   0.13000   0.00606   1.15275  8.815341e-02 -1.796723e-03 -2.562430e+00  5.139677e-02 -1.663406e-03  1.056491e-02  3.675663e-02 -1.333165e-04 -2.572995e+00 -2.562430e+00  8.815341e-02  5.126346e-02  1.056491e-02  5.139677e-02 -1.663406e-03 -2.572995e+00  3.675663e-02 -1.333165e-04 -3.198415e+00  5.748469e+00 -1.144474e-01  1.750899e-02  1.078870e-01 -6.819231e-02 -3.215924e+00  5.640582e+00 -4.625509e-02 
        5   0.00000   0.31459   0.13000   0.00606   1.14323  9.145328e-02 -1.182013e-03 -2.605155e+00  5.260096e-02 -9.689910e-04  1.078234e-02  3.885231e-02 -2.130218e-04 -2.615937e+00 -2.605155e+00  9.145328e-02  5.238794e-02  1.078234e-02  5.260096e-02 -9.689910e-04 -2.615937e+00  3.885231e-02 -2.130218e-04 -4.183969e+00  5.851845e+00 -1.498204e-01  1.983531e-02  1.104861e-01 -8.683614e-02 -4.203805e+00  5.741359e+00 -6.298428e-02 
        6   0.00000   0.38673   0.13000   0.00606   1.14494  8.363102e-02 -9.620332e-04 -2.633535e+00  5.320139e-02 -7.774941e-04  1.089378e-02  3.042964e-02 -1.845391e-04 -2.644429e+00 -2.633535e+00  8.363102e-02  5.301685e-02  1.089378e-02  5.320139e-02 -7.774941e-04 -2.644429e+00  3.042964e-02 -1.845391e-04 -5.170590e+00  5.894835e+00 -1.665883e-01  2.340969e-02  1.117749e-01 -1.063473e-01 -5.194000e+00  5.783061e+00 -6.024098e-02 
        7   0.00000   0.45888   0.13000   0.00606   1.14686  8.045024e-02 -7.680467e-05 -2.658906e+00  5.375411e-02  1.226014e-04  1.099671e-02  2.669614e-02 -1.994061e-04 -2.669903e+00 -2.658906e+00  8.045024e-02  5.355470e-02  1.099671e-02  5.375411e-02  1.226014e-04 -2.669903e+00  2.669614e-02 -1.994061e-04 -6.172303e+00  5.941513e+00 -1.869797e-01  2.521093e-02  1.129605e-01 -1.244955e-01 -6.197514e+00  5.828553e+00 -6.248420e-02 
        8   0.00000   0.53103   0.13000   0.00606   1.15035  8.105323e-02  9.837776e-05 -2.693535e+00  5.450900e-02  3.580225e-04  1.113713e-02  2.654424e-02 -2.596447e-04 -2.704672e+00 -2.693535e+00  8.105323e-02  5.424935e-02  1.113713e-02  5.450900e-02  3.580225e-04 -2.704672e+00  2.654424e-02 -2.596447e-04 -7.215137e+00  6.019618e+00 -2.169255e-01  2.890547e-02  1.145801e-01 -1.451569e-01 -7.244043e+00  5.905037e+00 -7.176864e-02 
        9   0.00000   0.60318   0.13000   0.00606   1.16773  8.209664e-02  6.891023e-04 -2.750091e+00  5.547291e-02  1.023496e-03  1.130855e-02  2.662373e-02 -3.343937e-04 -2.761400e+00 -2.750091e+00  8.209664e-02  5.513852e-02  1.130855e-02  5.547291e-02  1.023496e-03 -2.761400e+00  2.662373e-02 -3.343937e-04 -8.350335e+00  6.148621e+00 -2.476426e-01  3.168198e-02  1.166668e-01 -1.659717e-01 -8.382017e+00  6.031954e+00 -8.167088e-02 
       10   0.00000   0.67533   0.13000   0.00606   1.17701  9.464505e-02  9.295915e-04 -2.824318e+00  5.710098e-02  1.270262e-03  1.160688e-02  3.754407e-02 -3.406700e-04 -2.835925e+00 -2.824318e+00  9.464505e-02  5.676031e-02  1.160688e-02  5.710098e-02  1.270262e-03 -2.835925e+00  3.754407e-02 -3.406700e-04 -9.584933e+00  6.343224e+00 -3.189635e-01  3.609461e-02  1.201705e-01 -1.907218e-01 -9.621028e+00  6.223054e+00 -1.282416e-01 
       11   0.00000   0.74748   0.13000   0.00606   1.20921  1.060970e-01  1.289646e-03 -2.919570e+00  5.868824e-02  1.410945e-03  1.192805e-02  4.740872e-02 -1.212989e-04 -2.931498e+00 -2.919570e+00  1.060970e-01  5.856694e-02  1.192805e-02  5.868824e-02  1.410945e-03 -2.931498e+00  4.740872e-02 -1.212989e-04 -1.095193e+01  6.587859e+00 -3.949217e-01  4.108041e-02  1.235144e-01 -2.167335e-01 -1.099301e+01  6.464345e+00 -1.781882e-01 
       12   0.00000   0.81963   0.13000   0.00606   1.28346  1.986536e-01 -1.846101e-02 -3.091978e+00  6.163206e-02  1.849950e-03  1.240653e-02  1.370216e-01 -2.031096e-02 -3.104384e+00 -3.091978e+00  1.986536e-01  4.132110e-02  1.240653e-02  6.163206e-02  1.849950e-03 -3.104384e+00  1.370216e-01 -2.031096e-02 -1.264984e+01  7.198115e+00 -8.623240e-01  4.617000e-02  1.299942e-01 -2.487428e-01 -1.269601e+01  7.068121e+00 -6.135812e-01 
       13   0.00000   0.89178   0.13000   0.00606   1.01269  6.376859e-02 -1.669561e-02 -2.032758e+00  4.143477e-02 -2.857262e-03  8.042240e-03  2.233382e-02 -1.383835e-02 -2.040800e+00 -2.032758e+00  6.376859e-02  2.759642e-02  8.042240e-03  4.143477e-02 -2.857262e-03 -2.040800e+00  2.233382e-02 -1.383835e-02 -9.035253e+00  4.508002e+00 -3.279162e-01  4.329394e-02  8.810249e-02 -1.917553e-01 -9.078547e+00  4.419900e+00 -1.361609e-01 
       14   0.00000   0.96393   0.13000   0.00606   1.02596  1.435064e-01  6.240326e-03 -1.736605e+00  3.523679e-02 -2.700354e-04  7.694446e-03  1.082696e-01  6.510362e-03 -1.744299e+00 -1.736605e+00  1.435064e-01  4.174716e-02  7.694446e-03  3.523679e-02 -2.700354e-04 -1.744299e+00  1.082696e-01  6.510362e-03 -8.386522e+00  4.130640e+00 -6.757360e-01  3.779674e-02  7.289487e-02 -1.705323e-01 -8.424319e+00  4.057745e+00 -5.052037e-01 



Time history of loading for wing surface: 4 --> VSP Surface: 4 ... NOTE: values per area! 

  Station    Time       S       Chord     Area      V/Vref        Cx            Cy            Cz           Cxo           Cyo           Czo          Cxi            Cyi           Czi           Cl            Cd            Cs            Clo           Cdo           Cso           Cli           Cdi           Csi           Cmx           Cmy           Cmz          Cmxo          Cmyo          Cmzo          Cmxi          Cmyi          Cmzi 
        1   0.00000   0.03103   0.13000   0.00606   1.15635  1.354779e-01  7.636097e-04 -2.466090e+00  4.943806e-02  9.531979e-04  1.014806e-02  8.603980e-02 -1.895882e-04 -2.476238e+00 -2.466090e+00  1.354779e-01  4.924847e-02  1.014806e-02  4.943806e-02  9.531979e-04 -2.476238e+00  8.603980e-02 -1.895882e-04  4.383415e-01  5.662005e+00  2.595379e-02 -4.277858e-03  1.038092e-01  1.108964e-02  4.426194e-01  5.558196e+00  1.486416e-02 
        2   0.00000   0.09814   0.13000   0.00606   1.15727  1.143126e-01  5.499319e-04 -2.489505e+00  4.983690e-02  1.007891e-03  1.024355e-02  6.447569e-02 -4.579587e-04 -2.499749e+00 -2.489505e+00  1.143126e-01  4.937895e-02  1.024355e-02  4.983690e-02  1.007891e-03 -2.499749e+00  6.447569e-02 -4.579587e-04  1.332021e+00  5.659966e+00  6.240190e-02 -8.094799e-03  1.046144e-01  2.908951e-02  1.340116e+00  5.555352e+00  3.331239e-02 
        3   0.00000   0.17029   0.13000   0.00606   1.15356  1.149897e-01  1.247327e-03 -2.540694e+00  5.102203e-02  1.530808e-03  1.049725e-02  6.396763e-02 -2.834810e-04 -2.551191e+00 -2.540694e+00  1.149897e-01  5.073855e-02  1.049725e-02  5.102203e-02  1.530808e-03 -2.551191e+00  6.396763e-02 -2.834810e-04  2.265284e+00  5.769461e+00  1.055622e-01 -1.333239e-02  1.070782e-01  4.918714e-02  2.278616e+00  5.662382e+00  5.637503e-02 
        4   0.00000   0.24244   0.13000   0.00606   1.15458  8.670107e-02  1.731067e-03 -2.581865e+00  5.180380e-02  1.571035e-03  1.064999e-02  3.489727e-02  1.600325e-04 -2.592515e+00 -2.581865e+00  8.670107e-02  5.196383e-02  1.064999e-02  5.180380e-02  1.571035e-03 -2.592515e+00  3.489727e-02  1.600325e-04  3.222863e+00  5.785702e+00  1.124888e-01 -1.737639e-02  1.087381e-01  6.848194e-02  3.240240e+00  5.676964e+00  4.400683e-02 
        5   0.00000   0.31459   0.13000   0.00606   1.14518  9.165491e-02  1.124801e-03 -2.634844e+00  5.326029e-02  8.691886e-04  1.094086e-02  3.839461e-02  2.556123e-04 -2.645785e+00 -2.634844e+00  9.165491e-02  5.351591e-02  1.094086e-02  5.326029e-02  8.691886e-04 -2.645785e+00  3.839461e-02  2.556123e-04  4.231843e+00  5.915193e+00  1.500324e-01 -1.983192e-02  1.118156e-01  8.765900e-02  4.251675e+00  5.803378e+00  6.237340e-02 
        6   0.00000   0.38673   0.13000   0.00606   1.14741  8.272420e-02  8.546005e-04 -2.671712e+00  5.404788e-02  6.797550e-04  1.109945e-02  2.867632e-02  1.748455e-04 -2.682811e+00 -2.671712e+00  8.272420e-02  5.422273e-02  1.109945e-02  5.404788e-02  6.797550e-04 -2.682811e+00  2.867632e-02  1.748455e-04  5.245871e+00  5.973435e+00  1.645474e-01 -2.356087e-02  1.134767e-01  1.077782e-01  5.269432e+00  5.859959e+00  5.676921e-02 
        7   0.00000   0.45888   0.13000   0.00606   1.14993  7.960960e-02 -1.219761e-05 -2.705547e+00  5.479035e-02 -2.158990e-04  1.125587e-02  2.481925e-02  2.037014e-04 -2.716803e+00 -2.705547e+00  7.960960e-02  5.499405e-02  1.125587e-02  5.479035e-02 -2.158990e-04 -2.716803e+00  2.481925e-02  2.037014e-04  6.280816e+00  6.037935e+00  1.848185e-01 -2.557123e-02  1.150262e-01  1.266797e-01  6.306387e+00  5.922909e+00  5.813879e-02 
        8   0.00000   0.53103   0.13000   0.00606   1.15376  7.946243e-02 -1.917278e-04 -2.747262e+00  5.570852e-02 -4.386887e-04  1.143888e-02  2.375392e-02  2.469609e-04 -2.758701e+00 -2.747262e+00  7.946243e-02  5.595548e-02  1.143888e-02  5.570852e-02 -4.386887e-04 -2.758701e+00  2.375392e-02  2.469609e-04  7.359299e+00  6.129198e+00  2.124443e-01 -2.950507e-02  1.169671e-01  1.481785e-01  7.388804e+00  6.012231e+00  6.426584e-02 
        9   0.00000   0.60318   0.13000   0.00606   1.17160  8.131479e-02 -8.804320e-04 -2.810800e+00  5.681734e-02 -1.131758e-03  1.167077e-02  2.449746e-02  2.513264e-04 -2.822471e+00 -2.810800e+00  8.131479e-02  5.706867e-02  1.167077e-02  5.681734e-02 -1.131758e-03 -2.822471e+00  2.449746e-02  2.513264e-04  8.535130e+00  6.275023e+00  2.447969e-01 -3.250151e-02  1.192852e-01  1.697962e-01  8.567631e+00  6.155737e+00  7.500068e-02 
       10   0.00000   0.67533   0.13000   0.00606   1.18115  9.473367e-02 -1.167424e-03 -2.890296e+00  5.857746e-02 -1.370354e-03  1.202395e-02  3.615621e-02  2.029305e-04 -2.902320e+00 -2.890296e+00  9.473367e-02  5.878039e-02  1.202395e-02  5.857746e-02 -1.370354e-03 -2.902320e+00  3.615621e-02  2.029305e-04  9.809391e+00  6.482696e+00  3.186707e-01 -3.725077e-02  1.230003e-01  1.954939e-01  9.846641e+00  6.359695e+00  1.231768e-01 
       11   0.00000   0.74748   0.13000   0.00606   1.21449  1.065596e-01 -1.739581e-03 -2.990042e+00  6.021919e-02 -1.568969e-03  1.235611e-02  4.634039e-02 -1.706120e-04 -3.002398e+00 -2.990042e+00  1.065596e-01  6.004858e-02  1.235611e-02  6.021919e-02 -1.568969e-03 -3.002398e+00  4.634039e-02 -1.706120e-04  1.121740e+01  6.738396e+00  3.955650e-01 -4.227686e-02  1.264591e-01  2.220997e-01  1.125968e+01  6.611936e+00  1.734654e-01 
       12   0.00000   0.81963   0.13000   0.00606   1.29024  2.070880e-01  1.853674e-02 -3.171116e+00  6.328001e-02 -2.084169e-03  1.296549e-02  1.438080e-01  2.062091e-02 -3.184082e+00 -3.171116e+00  2.070880e-01  8.390091e-02  1.296549e-02  6.328001e-02 -2.084169e-03 -3.184082e+00  1.438080e-01  2.062091e-02  1.297445e+01  7.386793e+00  8.969876e-01 -4.785984e-02  1.329310e-01  2.549555e-01  1.302231e+01  7.253862e+00  6.420321e-01 
       13   0.00000   0.89178   0.13000   0.00606   1.00847  5.890869e-02  1.797727e-02 -2.069051e+00  4.233730e-02  2.957394e-03  8.239570e-03  1.657139e-02  1.501988e-02 -2.077290e+00 -2.069051e+00  5.890869e-02  5.735717e-02  8.239570e-03  4.233730e-02  2.957394e-03 -2.077290e+00  1.657139e-02  1.501988e-02  9.194270e+00  4.565347e+00  3.090943e-01 -4.443389e-02  8.996897e-02  1.960221e-01  9.238704e+00  4.475378e+00  1.130722e-01 
       14   0.00000   0.96393   0.13000   0.00606   1.02198  1.451135e-01 -5.681986e-03 -1.768662e+00  3.588177e-02  1.788972e-04  7.912517e-03  1.092318e-01 -5.860883e-03 -1.776575e+00 -1.768662e+00  1.451135e-01  3.002089e-02  7.912517e-03  3.588177e-02  1.788972e-04 -1.776575e+00  1.092318e-01 -5.860883e-03  8.539774e+00  4.196610e+00  6.846542e-01 -3.861240e-02  7.404592e-02  1.734258e-01  8.578386e+00  4.122564e+00  5.112284e-01 



Time history of loading for wing surface: 5 --> VSP Surface: 5 ... NOTE: values per area! 

  Station    Time       S       Chord     Area      V/Vref        Cx            Cy            Cz           Cxo           Cyo           Czo          Cxi            Cyi           Czi           Cl            Cd            Cs            Clo           Cdo           Cso           Cli           Cdi           Csi           Cmx           Cmy           Cmz          Cmxo          Cmyo          Cmzo          Cmxi          Cmyi          Cmzi 
        1   0.00000   0.24304   0.45000   0.01350   1.00896  1.364009e-02 -4.442913e-02  9.750387e-02  1.356676e-02  2.027653e-05 -5.574498e-04  7.332632e-05 -4.444941e-02  9.806132e-02  9.750387e-02  1.364009e-02 -3.088265e-02 -5.574498e-04  1.356676e-02  2.027653e-05  9.806132e-02  7.332632e-05 -4.444941e-02  1.671005e-01 -6.925052e-02 -3.290618e-02 -8.173711e-04  8.616986e-03 -1.957909e-02  1.679179e-01 -7.786750e-02 -1.332710e-02 
        2   0.00000   0.55031   0.45000   0.01350   1.02801  4.181029e-02 -2.885614e-01  2.289422e-01  1.439628e-02  3.710801e-04 -1.874153e-03  2.741402e-02 -2.889325e-01  2.308164e-01  2.289422e-01  4.181029e-02 -2.745362e-01 -1.874153e-03  1.439628e-02  3.710801e-04  2.308164e-01  2.741402e-02 -2.889325e-01  5.294991e-01 -1.571661e-01 -3.164631e-01 -2.954497e-03  1.120096e-02 -2.047715e-02  5.324536e-01 -1.683671e-01 -2.959859e-01 
        3   0.00000   0.67879   0.45000   0.01350   0.97264  3.466571e-01 -9.342100e-01 -1.416693e-01  1.719339e-02  5.842991e-04 -6.739552e-03  3.294637e-01 -9.347943e-01 -1.349298e-01 -1.416693e-01  3.466571e-01 -9.176009e-01 -6.739552e-03  1.719339e-02  5.842991e-04 -1.349298e-01  3.294637e-01 -9.347943e-01  4.981545e-01  3.401870e-01 -1.311609e+00 -1.016339e-02  1.837455e-02 -2.433500e-02  5.083179e-01  3.218125e-01 -1.287274e+00 
        4   0.00000   0.80728   0.45000   0.01350   0.95233 -1.402228e-02 -5.959563e-01 -2.756927e-01  1.442793e-02 -1.066563e-03 -2.434195e-03 -2.845020e-02 -5.948898e-01 -2.732585e-01 -2.756927e-01 -1.402228e-02 -5.804619e-01 -2.434195e-03  1.442793e-02 -1.066563e-03 -2.732585e-01 -2.845020e-02 -5.948898e-01  5.450609e-02  1.843642e-01 -5.294430e-01 -2.662809e-03  1.362493e-02 -2.175284e-02  5.716890e-02  1.707393e-01 -5.076902e-01 
        5   0.00000   0.93576   0.45000   0.01350   0.94594  1.232536e-02  9.708559e-02 -6.402246e-03  1.211687e-02 -3.964464e-04 -8.285508e-04  2.084903e-04  9.748204e-02 -5.573695e-03 -6.402246e-03  1.232536e-02  1.095989e-01 -8.285508e-04  1.211687e-02 -3.964464e-04 -5.573695e-03  2.084903e-04  9.748204e-02 -9.308758e-02  1.595293e-02  5.252256e-02 -8.532087e-04  1.121016e-02 -1.784133e-02 -9.223438e-02  4.742773e-03  7.036389e-02 



Time history of loading for wing surface: 6 --> VSP Surface: 6 ... NOTE: values per area! 

  Station    Time       S       Chord     Area      V/Vref        Cx            Cy            Cz           Cxo           Cyo           Czo          Cxi            Cyi           Czi           Cl            Cd            Cs            Clo           Cdo           Cso           Cli           Cdi           Csi           Cmx           Cmy           Cmz          Cmxo          Cmyo          Cmzo          Cmxi          Cmyi          Cmzi 
        1   0.00000   0.24304   0.45000   0.01350   1.06639  1.558479e-02  8.781566e-02  8.665664e-02  1.502100e-02  1.330456e-04  2.840412e-04  5.637891e-04  8.768262e-02  8.637260e-02  8.665664e-02  1.558479e-02  1.027036e-01  2.840412e-04  1.502100e-02  1.330456e-04  8.637260e-02  5.637891e-04  8.768262e-02 -1.774929e-01 -5.572393e-02  8.107195e-02 -4.901091e-04  8.769585e-03  2.181082e-02 -1.770028e-01 -6.449351e-02  5.926112e-02 
        2   0.00000   0.55031   0.45000   0.01350   1.15420  1.797584e-02  2.266097e-01  1.983397e-01  1.747844e-02 -2.883925e-04 -9.936366e-04  4.974018e-04  2.268981e-01  1.993333e-01  1.983397e-01  1.797584e-02  2.443766e-01 -9.936366e-04  1.747844e-02 -2.883925e-04  1.993333e-01  4.974018e-04  2.268981e-01 -4.421550e-01 -1.287249e-01  1.824134e-01  1.627515e-03  1.250241e-02  2.499990e-02 -4.437825e-01 -1.412273e-01  1.574135e-01 
        3   0.00000   0.67879   0.45000   0.01350   0.93897  3.477547e-01  9.530029e-01 -1.958780e-01  1.685784e-02 -1.488399e-03 -7.182496e-03  3.308969e-01  9.544913e-01 -1.886955e-01 -1.958780e-01  3.477547e-01  9.713492e-01 -7.182496e-03  1.685784e-02 -1.488399e-03 -1.886955e-01  3.308969e-01  9.544913e-01 -4.372300e-01  4.093546e-01  1.299735e+00  1.146621e-02  1.850744e-02  2.307681e-02 -4.486962e-01  3.908472e-01  1.276659e+00 
        4   0.00000   0.80728   0.45000   0.01350   0.95053 -1.796207e-02  6.558276e-01 -3.079644e-01  1.487420e-02  1.003890e-03 -2.734097e-03 -3.283626e-02  6.548237e-01 -3.052303e-01 -3.079644e-01 -1.796207e-02  6.696979e-01 -2.734097e-03  1.487420e-02  1.003890e-03 -3.052303e-01 -3.283626e-02  6.548237e-01 -5.397945e-02  2.150097e-01  5.792283e-01  3.146140e-03  1.423853e-02  2.234383e-02 -5.712559e-02  2.007712e-01  5.568845e-01 
        5   0.00000   0.93576   0.45000   0.01350   0.94819  1.327991e-02 -9.696749e-02 -4.349319e-03  1.217742e-02  3.931703e-06 -7.752568e-04  1.102487e-03 -9.697142e-02 -3.574062e-03 -4.349319e-03  1.327991e-02 -8.479400e-02 -7.752568e-04  1.217742e-02  3.931703e-06 -3.574062e-03  1.102487e-03 -9.697142e-02  8.999564e-02  1.429613e-02 -5.630014e-02  1.116408e-03  1.121704e-02  1.759297e-02  8.887924e-02  3.079091e-03 -7.389311e-02 



Time history of loading for wing surface: 7 --> VSP Surface: 7 ... NOTE: values per area! 

  Station    Time       S       Chord     Area      V/Vref        Cx            Cy            Cz           Cxo           Cyo           Czo          Cxi            Cyi           Czi           Cl            Cd            Cs            Clo           Cdo           Cso           Cli           Cdi           Csi           Cmx           Cmy           Cmz          Cmxo          Cmyo          Cmzo          Cmxi          Cmyi          Cmzi 
        1   0.00000   0.11280   0.21979   0.00235   1.40433  6.085011e-02 -4.722596e-01 -2.300640e-01  2.911969e-02  7.277412e-04 -2.276645e-03  3.173042e-02 -4.729873e-01 -2.277874e-01 -2.300640e-01  6.085011e-02 -4.438676e-01 -2.276645e-03  2.911969e-02  7.277412e-04 -2.277874e-01  3.173042e-02 -4.729873e-01  7.573180e-02  4.991901e-01 -8.249111e-01 -6.761803e-03  4.365375e-02 -7.253348e-02  8.249360e-02  4.555363e-01 -7.523776e-01 
        2   0.00000   0.24711   0.21979   0.00235   1.37412  1.046069e-01 -7.805918e-01 -2.428178e-01  2.944748e-02  6.490903e-04  5.211081e-05  7.515940e-02 -7.812408e-01 -2.428699e-01 -2.428178e-01  1.046069e-01 -7.517934e-01  5.211081e-05  2.944748e-02  6.490903e-04 -2.428699e-01  7.515940e-02 -7.812408e-01  5.120036e-01  5.893761e-01 -1.416104e+00 -8.009784e-04  4.223679e-02 -7.347235e-02  5.128046e-01  5.471393e-01 -1.342631e+00 
        3   0.00000   0.29013   0.21979   0.00235   1.03382  9.977037e-02 -7.442623e-01 -1.382756e-02  1.973611e-02  1.132570e-03  8.078758e-04  8.003426e-02 -7.453949e-01 -1.463544e-02 -1.382756e-02  9.977037e-02 -7.256588e-01  8.078758e-04  1.973611e-02  1.132570e-03 -1.463544e-02  8.003426e-02 -7.453949e-01  1.069542e+00  1.747377e-01 -1.407966e+00  3.592516e-04  2.816338e-02 -4.825895e-02  1.069183e+00  1.465743e-01 -1.359707e+00 
        4   0.00000   0.33316   0.21979   0.00235   0.86565  1.134902e-01 -5.695549e-01  5.686617e-03  1.473240e-02  9.757608e-04  9.425322e-04  9.875783e-02 -5.705307e-01  4.744084e-03  5.686617e-03  1.134902e-01 -5.557983e-01  9.425322e-04  1.473240e-02  9.757608e-04  4.744084e-03  9.875783e-02 -5.705307e-01  8.861416e-01  1.656328e-01 -1.208608e+00  8.854894e-04  2.125018e-02 -3.584013e-02  8.852561e-01  1.443826e-01 -1.172768e+00 
        5   0.00000   0.37618   0.21979   0.00235   0.74888  9.199765e-02 -4.391891e-01  8.595295e-03  1.125341e-02  9.388039e-04  2.181725e-03  8.074425e-02 -4.401279e-01  6.413570e-03  8.595295e-03  9.199765e-02 -4.288745e-01  2.181725e-03  1.125341e-02  9.388039e-04  6.413570e-03  8.074425e-02 -4.401279e-01  7.148224e-01  1.312028e-01 -9.559068e-01  4.027493e-03  1.471052e-02 -2.710392e-02  7.107949e-01  1.164922e-01 -9.288029e-01 
        6   0.00000   0.41920   0.21979   0.00235   0.77070  1.192283e-01 -2.725707e-01  9.082621e-02  1.028513e-02  1.182091e-03  2.334965e-03  1.089431e-01 -2.737528e-01  8.849125e-02  9.082621e-02  1.192283e-01 -2.634676e-01  2.334965e-03  1.028513e-02  1.182091e-03  8.849125e-02  1.089431e-01 -2.737528e-01  6.697946e-01  3.049355e-02 -7.350546e-01  3.973467e-03  1.345676e-02 -2.431502e-02  6.658212e-01  1.703680e-02 -7.107395e-01 
        7   0.00000   0.46222   0.21979   0.00235   0.81326 -2.191226e-02 -2.504109e-01  1.370571e-02  1.114803e-02 -2.095320e-05  2.164797e-03 -3.306029e-02 -2.503899e-01  1.154091e-02  1.370571e-02 -2.191226e-02 -2.392419e-01  2.164797e-03  1.114803e-02 -2.095320e-05  1.154091e-02 -3.306029e-02 -2.503899e-01  4.543947e-01 -5.800935e-02 -3.406549e-01  5.503620e-03  1.563567e-02 -2.819059e-02  4.488910e-01 -7.364502e-02 -3.124643e-01 
        8   0.00000   0.50524   0.21979   0.00235   0.84574 -3.484852e-02 -3.244816e-01 -7.393203e-02  1.230654e-02 -2.377900e-04  1.883138e-03 -4.715505e-02 -3.242439e-01 -7.581517e-02 -7.393203e-02 -3.484852e-02 -3.119373e-01  1.883138e-03  1.230654e-02 -2.377900e-04 -7.581517e-02 -4.715505e-02 -3.242439e-01  3.752322e-01  7.790772e-02 -4.375275e-01  5.166985e-03  1.856407e-02 -3.142274e-02  3.700652e-01  5.934365e-02 -4.061048e-01 
        9   0.00000   0.54827   0.21979   0.00235   0.86017  4.922036e-02 -3.711427e-01  7.293539e-04  1.299010e-02  4.699989e-04  1.436840e-03  3.623026e-02 -3.716127e-01 -7.074860e-04  7.293539e-04  4.922036e-02 -3.586226e-01  1.436840e-03  1.299010e-02  4.699989e-04 -7.074860e-04  3.623026e-02 -3.716127e-01  6.596401e-01  8.693319e-02 -7.360251e-01  2.796737e-03  2.099387e-02 -3.215179e-02  6.568434e-01  6.593932e-02 -7.038733e-01 
       10   0.00000   0.59129   0.21979   0.00235   0.86165  6.329288e-02 -3.755842e-01  1.708207e-03  1.306847e-02  6.197895e-04  1.260218e-03  5.022440e-02 -3.762040e-01  4.479891e-04  1.708207e-03  6.329288e-02 -3.631356e-01  1.260218e-03  1.306847e-02  6.197895e-04  4.479891e-04  5.022440e-02 -3.762040e-01  6.878719e-01  1.127405e-01 -7.792417e-01  2.055452e-03  2.200761e-02 -3.213863e-02  6.858164e-01  9.073292e-02 -7.471031e-01 
       11   0.00000   0.63431   0.21979   0.00235   0.87258  7.363626e-02 -3.783757e-01  1.007506e-03  1.335771e-02  7.010370e-04  8.888439e-04  6.027856e-02 -3.790768e-01  1.186623e-04  1.007506e-03  7.363626e-02 -3.657191e-01  8.888439e-04  1.335771e-02  7.010370e-04  1.186623e-04  6.027856e-02 -3.790768e-01  7.092307e-01  1.361575e-01 -8.106539e-01  9.358810e-04  2.369723e-02 -3.275475e-02  7.082948e-01  1.124603e-01 -7.778991e-01 
       12   0.00000   0.67733   0.21979   0.00235   0.88971  7.441969e-02 -3.699558e-01  7.978327e-04  1.369858e-02  7.338449e-04  7.641642e-04  6.072111e-02 -3.706896e-01  3.366856e-05  7.978327e-04  7.441969e-02 -3.569910e-01  7.641642e-04  1.369858e-02  7.338449e-04  3.366856e-05  6.072111e-02 -3.706896e-01  7.106815e-01  1.415143e-01 -7.988196e-01  5.245010e-04  2.516576e-02 -3.356959e-02  7.101570e-01  1.163485e-01 -7.652500e-01 
       13   0.00000   0.72036   0.21979   0.00235   0.89628  6.802892e-02 -3.580117e-01  1.364328e-03  1.378022e-02  7.403242e-04  7.340272e-04  5.424870e-02 -3.587520e-01  6.303008e-04  1.364328e-03  6.802892e-02 -3.449718e-01  7.340272e-04  1.378022e-02  7.403242e-04  6.303008e-04  5.424870e-02 -3.587520e-01  7.064303e-01  1.315071e-01 -7.643173e-01  4.005026e-04  2.602461e-02 -3.376668e-02  7.060297e-01  1.054825e-01 -7.305506e-01 
       14   0.00000   0.76338   0.21979   0.00235   0.89617  6.615776e-02 -3.469204e-01  1.833164e-03  1.371859e-02  7.376296e-04  6.808321e-04  5.243917e-02 -3.476580e-01  1.152332e-03  1.833164e-03  6.615776e-02 -3.339394e-01  6.808321e-04  1.371859e-02  7.376296e-04  1.152332e-03  5.243917e-02 -3.476580e-01  7.024406e-01  1.301306e-01 -7.434444e-01  2.360899e-04  2.663561e-02 -3.361480e-02  7.022045e-01  1.034950e-01 -7.098297e-01 
       15   0.00000   0.80640   0.21979   0.00235   0.89681  6.575081e-02 -3.319196e-01  1.761125e-03  1.365420e-02  7.385365e-04  6.659608e-04  5.209661e-02 -3.326581e-01  1.095164e-03  1.761125e-03  6.575081e-02 -3.190039e-01  6.659608e-04  1.365420e-02  7.385365e-04  1.095164e-03  5.209661e-02 -3.326581e-01  6.879851e-01  1.325451e-01 -7.191154e-01  1.613282e-04  2.718100e-02 -3.345087e-02  6.878238e-01  1.053641e-01 -6.856645e-01 
       16   0.00000   0.84942   0.21979   0.00235   0.91697  6.668173e-02 -3.102067e-01  1.430547e-03  1.403762e-02  7.504596e-04  4.500511e-04  5.264411e-02 -3.109571e-01  9.804959e-04  1.430547e-03  6.668173e-02 -2.969195e-01  4.500511e-04  1.403762e-02  7.504596e-04  9.804959e-04  5.264411e-02 -3.109571e-01  6.572649e-01  1.381065e-01 -6.871588e-01 -4.445784e-04  2.894727e-02 -3.440261e-02  6.577095e-01  1.091592e-01 -6.527562e-01 
       17   0.00000   0.89244   0.21979   0.00235   0.91834  6.368542e-02 -2.793555e-01  3.544078e-03  1.393546e-02  7.446461e-04  4.144591e-04  4.974996e-02 -2.801001e-01  3.129619e-03  3.544078e-03  6.368542e-02 -2.661646e-01  4.144591e-04  1.393546e-02  7.446461e-04  3.129619e-03  4.974996e-02 -2.801001e-01  6.109266e-01  1.311110e-01 -6.306136e-01 -5.579001e-04  2.944958e-02 -3.415275e-02  6.114845e-01  1.016614e-01 -5.964608e-01 
       18   0.00000   0.93547   0.21979   0.00235   0.91940  5.608086e-02 -2.337973e-01  1.532093e-02  1.378561e-02  7.400227e-04  4.162099e-04  4.229526e-02 -2.345373e-01  1.490472e-02  1.532093e-02  5.608086e-02 -2.207517e-01  4.162099e-04  1.378561e-02  7.400227e-04  1.490472e-02  4.229526e-02 -2.345373e-01  5.534944e-01  9.690879e-02 -5.383244e-01 -5.789552e-04  2.978438e-02 -3.378071e-02  5.540734e-01  6.712442e-02 -5.045436e-01 
       19   0.00000   0.97849   0.21979   0.00235   0.91976  5.149050e-02 -1.787343e-01  1.265483e-02  1.362388e-02  7.570784e-04  3.832874e-04  3.786663e-02 -1.794914e-01  1.227155e-02  1.265483e-02  5.149050e-02 -1.658675e-01  3.832874e-04  1.362388e-02  7.570784e-04  1.227155e-02  3.786663e-02 -1.794914e-01  4.344050e-01  9.403287e-02 -4.374715e-01 -7.359553e-04  3.012697e-02 -3.334812e-02  4.351410e-01  6.390589e-02 -4.041234e-01 



Time history of loading for wing surface: 8 --> VSP Surface: 8 ... NOTE: values per area! 

  Station    Time       S       Chord     Area      V/Vref        Cx            Cy            Cz           Cxo           Cyo           Czo          Cxi            Cyi           Czi           Cl            Cd            Cs            Clo           Cdo           Cso           Cli           Cdi           Csi           Cmx           Cmy           Cmz          Cmxo          Cmyo          Cmzo          Cmxi          Cmyi          Cmzi 
        1   0.00000   0.11280   0.21979   0.00235   1.41647  6.335790e-02  4.802448e-01 -2.645117e-01  2.955664e-02 -8.946418e-04 -2.451988e-03  3.380126e-02  4.811394e-01 -2.620597e-01 -2.645117e-01  6.335790e-02  5.106961e-01 -2.451988e-03  2.955664e-02 -8.946418e-04 -2.620597e-01  3.380126e-02  4.811394e-01  9.136726e-04  5.672245e-01  8.378255e-01  7.436548e-03  4.450779e-02  7.340199e-02 -6.522875e-03  5.227167e-01  7.644235e-01 
        2   0.00000   0.24711   0.21979   0.00235   1.38249  1.022667e-01  7.922385e-01 -2.780107e-01  2.978073e-02 -6.783254e-04 -1.169305e-04  7.248595e-02  7.929168e-01 -2.778938e-01 -2.780107e-01  1.022667e-01  8.226975e-01 -1.169305e-04  2.978073e-02 -6.783254e-04 -2.778938e-01  7.248595e-02  7.929168e-01 -4.396516e-01  6.521446e-01  1.418018e+00  1.269999e-03  4.295389e-02  7.427298e-02 -4.409216e-01  6.091906e-01  1.343745e+00 
        3   0.00000   0.29013   0.21979   0.00235   1.03270  1.044163e-01  7.685680e-01 -1.467345e-02  1.992708e-02 -1.230024e-03  7.643140e-04  8.448927e-02  7.697981e-01 -1.543777e-02 -1.467345e-02  1.044163e-01  7.897251e-01  7.643140e-04  1.992708e-02 -1.230024e-03 -1.543777e-02  8.448927e-02  7.697981e-01 -1.103490e+00  1.831705e-01  1.452688e+00 -1.045208e-04  2.850832e-02  4.860399e-02 -1.103385e+00  1.546622e-01  1.404084e+00 
        4   0.00000   0.33316   0.21979   0.00235   0.86093  1.198915e-01  5.890630e-01  4.949882e-03  1.483868e-02 -1.066867e-03  9.135340e-04  1.050528e-01  5.901299e-01  4.036348e-03  4.949882e-03  1.198915e-01  6.049686e-01  9.135340e-04  1.483868e-02 -1.066867e-03  4.036348e-03  1.050528e-01  5.901299e-01 -9.142105e-01  1.764566e-01  1.252767e+00 -6.726091e-04  2.145393e-02  3.598017e-02 -9.135379e-01  1.550027e-01  1.216787e+00 
        5   0.00000   0.37618   0.21979   0.00235   0.74412  9.601883e-02  4.554004e-01  6.987480e-03  1.132693e-02 -9.892470e-04  2.260604e-03  8.469190e-02  4.563897e-01  4.726876e-03  6.987480e-03  9.601883e-02  4.677166e-01  2.260604e-03  1.132693e-02 -9.892470e-04  4.726876e-03  8.469190e-02  4.563897e-01 -7.364567e-01  1.401091e-01  9.886128e-01 -4.147026e-03  1.471554e-02  2.721855e-02 -7.323096e-01  1.253935e-01  9.613942e-01 
        6   0.00000   0.41920   0.21979   0.00235   0.76992  1.229934e-01  2.812296e-01  8.363905e-03  1.027759e-02 -1.228483e-03  2.507403e-03  1.127158e-01  2.824581e-01  5.856503e-03  8.363905e-03  1.229934e-01  2.927357e-01  2.507403e-03  1.027759e-02 -1.228483e-03  5.856503e-03  1.127158e-01  2.824581e-01 -4.765027e-01  1.857726e-01  7.524357e-01 -4.333518e-03  1.320142e-02  2.423058e-02 -4.721692e-01  1.725712e-01  7.282052e-01 
        7   0.00000   0.46222   0.21979   0.00235   0.81198  4.586196e-02  2.676862e-01 -4.366256e-02  1.116121e-02 -4.717699e-04  2.432167e-03  3.470075e-02  2.681580e-01 -4.609473e-02 -4.366256e-02  4.586196e-02  2.793192e-01  2.432167e-03  1.116121e-02 -4.717699e-04 -4.609473e-02  3.470075e-02  2.681580e-01 -3.391695e-01  1.609555e-01  5.349677e-01 -5.353085e-03  1.528090e-02  2.752936e-02 -3.338164e-01  1.456746e-01  5.074384e-01 
        8   0.00000   0.50524   0.21979   0.00235   0.84570 -9.729792e-03  3.182943e-01 -4.684620e-02  1.230975e-02 -9.659455e-06  1.691738e-03 -2.203954e-02  3.183040e-01 -4.853794e-02 -4.684620e-02 -9.729792e-03  3.306137e-01  1.691738e-03  1.230975e-02 -9.659455e-06 -4.853794e-02 -2.203954e-02  3.183040e-01 -4.320756e-01  7.289182e-02  4.795237e-01 -4.256847e-03  1.883940e-02  3.108206e-02 -4.278188e-01  5.405241e-02  4.484416e-01 
        9   0.00000   0.54827   0.21979   0.00235   0.85827  5.230755e-02  3.792053e-01  4.169705e-03  1.300739e-02 -5.667295e-04  1.349319e-03  3.930015e-02  3.797720e-01  2.820386e-03  4.169705e-03  5.230755e-02  3.927794e-01  1.349319e-03  1.300739e-02 -5.667295e-04  2.820386e-03  3.930015e-02  3.797720e-01 -6.826415e-01  8.576545e-02  7.498899e-01 -2.404238e-03  2.114789e-02  3.205914e-02 -6.802372e-01  6.461756e-02  7.178307e-01 
       10   0.00000   0.59129   0.21979   0.00235   0.85836  6.387588e-02  3.846097e-01  1.806894e-03  1.305607e-02 -6.816713e-04  1.227986e-03  5.081981e-02  3.852914e-01  5.789080e-04  1.806894e-03  6.387588e-02  3.983474e-01  1.227986e-03  1.305607e-02 -6.816713e-04  5.789080e-04  5.081981e-02  3.852914e-01 -7.045742e-01  1.135066e-01  7.889172e-01 -1.861409e-03  2.203047e-02  3.202007e-02 -7.027128e-01  9.147610e-02  7.568971e-01 
       11   0.00000   0.63431   0.21979   0.00235   0.86728  7.575803e-02  3.879568e-01  5.856918e-04  1.330091e-02 -7.624157e-04  8.717165e-04  6.245712e-02  3.887192e-01 -2.860246e-04  5.856918e-04  7.575803e-02  4.020201e-01  8.717165e-04  1.330091e-02 -7.624157e-04 -2.860246e-04  6.245712e-02  3.887192e-01 -7.260736e-01  1.407772e-01  8.255194e-01 -7.779694e-04  2.361529e-02  3.252476e-02 -7.252956e-01  1.171619e-01  7.929946e-01 
       12   0.00000   0.67733   0.21979   0.00235   0.88501  7.633813e-02  3.787746e-01 -7.328267e-06  1.364333e-02 -7.890997e-04  7.525314e-04  6.269480e-02  3.795637e-01 -7.598596e-04 -7.328267e-06  7.633813e-02  3.932070e-01  7.525314e-04  1.364333e-02 -7.890997e-04 -7.598596e-04  6.269480e-02  3.795637e-01 -7.255636e-01  1.465347e-01  8.122016e-01 -3.892615e-04  2.507631e-02  3.335214e-02 -7.251743e-01  1.214584e-01  7.788495e-01 
       13   0.00000   0.72036   0.21979   0.00235   0.89270  6.923843e-02  3.659386e-01  5.065086e-04  1.373973e-02 -8.005984e-04  7.419499e-04  5.549870e-02  3.667392e-01 -2.354413e-04  5.065086e-04  6.923843e-02  3.804789e-01  7.419499e-04  1.373973e-02 -8.005984e-04 -2.354413e-04  5.549870e-02  3.667392e-01 -7.198624e-01  1.353177e-01  7.747416e-01 -3.021599e-04  2.593394e-02  3.357945e-02 -7.195602e-01  1.093838e-01  7.411621e-01 
       14   0.00000   0.76338   0.21979   0.00235   0.89247  6.754629e-02  3.543283e-01  1.073275e-03  1.367017e-02 -8.018124e-04  6.924875e-04  5.387613e-02  3.551301e-01  3.807877e-04  1.073275e-03  6.754629e-02  3.688003e-01  6.924875e-04  1.367017e-02 -8.018124e-04  3.807877e-04  5.387613e-02  3.551301e-01 -7.154557e-01  1.341742e-01  7.538581e-01 -1.364272e-04  2.652178e-02  3.340201e-02 -7.153193e-01  1.076524e-01  7.204561e-01 
       15   0.00000   0.80640   0.21979   0.00235   0.89302  6.724357e-02  3.382865e-01  9.035055e-04  1.359534e-02 -8.036244e-04  6.811587e-04  5.364822e-02  3.390901e-01  2.223469e-04  9.035055e-04  6.724357e-02  3.526855e-01  6.811587e-04  1.359534e-02 -8.036244e-04  2.223469e-04  5.364822e-02  3.390901e-01 -6.989598e-01  1.370500e-01  7.284480e-01 -6.567626e-05  2.703836e-02  3.321044e-02 -6.988941e-01  1.100117e-01  6.952375e-01 
       16   0.00000   0.84942   0.21979   0.00235   0.91387  6.761453e-02  3.154811e-01  2.998484e-04  1.398465e-02 -8.027308e-04  4.633935e-04  5.362987e-02  3.162838e-01 -1.635450e-04  2.998484e-04  6.761453e-02  3.302685e-01  4.633935e-04  1.398465e-02 -8.027308e-04 -1.635450e-04  5.362987e-02  3.162838e-01 -6.655609e-01  1.420208e-01  6.938736e-01  5.210260e-04  2.881684e-02  3.419513e-02 -6.660819e-01  1.132039e-01  6.596785e-01 
       17   0.00000   0.89244   0.21979   0.00235   0.91460  6.368399e-02  2.821807e-01  2.329487e-03  1.385308e-02 -7.847512e-04  4.288291e-04  4.983091e-02  2.829654e-01  1.900658e-03  2.329487e-03  6.368399e-02  2.968185e-01  4.288291e-04  1.385308e-02 -7.847512e-04  1.900658e-03  4.983091e-02  2.829654e-01 -6.139699e-01  1.332121e-01  6.312075e-01  6.080347e-04  2.925177e-02  3.388811e-02 -6.145780e-01  1.039603e-01  5.973193e-01 
       18   0.00000   0.93547   0.21979   0.00235   0.91602  5.508249e-02  2.340285e-01  1.491680e-02  1.369904e-02 -7.764794e-04  4.351523e-04  4.138344e-02  2.348049e-01  1.448165e-02  1.491680e-02  5.508249e-02  2.485040e-01  4.351523e-04  1.369904e-02 -7.764794e-04  1.448165e-02  4.138344e-02  2.348049e-01 -5.530064e-01  9.532586e-02  5.325382e-01  6.114227e-04  2.956697e-02  3.351066e-02 -5.536177e-01  6.575889e-02  4.990275e-01 
       19   0.00000   0.97849   0.21979   0.00235   0.91738  5.049135e-02  1.790458e-01  1.282662e-02  1.356140e-02 -7.936678e-04  4.041051e-04  3.692996e-02  1.798394e-01  1.242252e-02  1.282662e-02  5.049135e-02  1.934008e-01  4.041051e-04  1.356140e-02 -7.936678e-04  1.242252e-02  3.692996e-02  1.798394e-01 -4.355995e-01  9.142863e-02  4.330069e-01  7.657304e-04  2.995699e-02  3.313872e-02 -4.363652e-01  6.147164e-02  3.998682e-01 
