2 0.000000 19.450000 1126.439207
8658 7843 
1 -10.713214 0.000000 -10.118214 19.449922 -0.000060 0.000116 0.000008 
2 13.207857 0.000000 -10.118214 19.449851 0.000401 -0.002610 0.000015 
3 13.207857 0.000000 12.180179 19.449862 0.000285 0.001435 0.000014 
4 -10.713214 0.000000 12.180179 19.449910 -0.000050 -0.000075 0.000009 
5 1.247321 0.000000 1.030982 19.350422 -0.031014 1.738662 0.002220 
6 -10.713214 0.000000 1.030982 19.450305 -0.000036 -0.000065 -0.000031 
7 1.247321 0.000000 -10.118214 19.449060 -0.000367 -0.001409 0.000097 
8 13.207857 0.000000 1.030982 19.449833 -0.066105 1.597544 -0.006741 
9 1.247321 0.000000 12.180179 19.449447 -0.000031 0.000741 0.000057 
10 -4.732946 0.000000 -4.543616 19.449289 -0.000091 0.001205 0.000073 
11 -10.713214 0.000000 -4.543616 19.450135 -0.000032 0.000200 -0.000014 
12 -4.732946 0.000000 -10.118214 19.449471 -0.000051 -0.000013 0.000054 
13 1.247321 0.000000 -4.543616 19.439845 0.000135 -0.016292 0.001043 
14 -4.732946 0.000000 1.030982 19.452756 0.000789 -0.001564 -0.000283 
15 7.227589 0.000000 -4.543616 19.450982 0.002995 -0.022481 -0.000102 
16 7.227589 0.000000 -10.118214 19.449472 -0.000312 -0.002467 0.000054 
17 13.207857 0.000000 -4.543616 19.450225 0.009807 -0.020766 -0.000024 
18 7.227589 0.000000 1.030982 19.511864 -0.150663 1.774853 -0.014758 
19 -4.732946 0.000000 6.605580 19.449105 -0.000088 -0.000416 0.000092 
20 -10.713214 0.000000 6.605580 19.450014 -0.000024 -0.000197 -0.000001 
21 1.247321 0.000000 6.605580 19.446453 -0.002733 0.003951 0.000365 
22 -4.732946 0.000000 12.180179 19.449622 -0.000036 0.000057 0.000039 
23 -1.742813 0.000000 -1.756317 19.443387 0.003261 0.031354 0.000677 
24 -4.732946 0.000000 -1.756317 19.451823 0.000719 0.002192 -0.000187 
25 -1.742813 0.000000 -4.543616 19.443374 0.000642 0.000590 0.000681 
26 1.247321 0.000000 -1.756317 19.382777 0.020601 -0.538300 0.006133 
27 -1.742813 0.000000 1.030982 19.466952 0.003393 -0.038474 -0.001748 
28 7.227589 0.000000 6.605580 19.450907 -0.003457 0.005944 -0.000093 
29 13.207857 0.000000 6.605580 19.450761 0.013396 0.005421 -0.000079 
30 7.227589 0.000000 12.180179 19.449679 0.000075 0.001242 0.000033 
31 4.237455 0.000000 -1.756317 19.436086 0.252418 -0.571888 0.000397 
32 4.237455 0.000000 -4.543616 19.447034 0.000713 -0.022783 0.000304 
33 7.227589 0.000000 -1.756317 19.539758 -0.382166 -1.083820 -0.012742 
34 4.237455 0.000000 1.030982 19.517554 -0.311453 2.089045 -0.018751 
35 -1.742813 0.000000 3.818281 19.440986 0.000774 -0.002349 0.000927 
36 -4.732946 0.000000 3.818281 19.449621 -0.000069 -0.001660 0.000039 
37 1.247321 0.000000 3.818281 19.428815 -0.006978 0.022226 0.002176 
38 -1.742813 0.000000 6.605580 19.447269 -0.000188 0.001121 0.000281 
39 -0.247746 0.000000 -0.362667 19.937705 0.006904 0.174339 -0.050859 
40 -1.742813 0.000000 -0.362667 19.493788 0.002659 0.017025 -0.004509 
41 -0.247746 0.000000 -1.756317 19.267851 0.005125 -0.019305 0.018641 
42 1.247321 0.000000 -0.362667 19.660870 -0.006551 -0.962180 -0.024248 
43 -0.247746 0.000000 1.030982 19.231896 0.006098 -0.374163 0.021931 
44 4.237455 0.000000 3.818281 19.443520 0.014037 0.037343 0.000662 
45 7.227589 0.000000 3.818281 19.452620 0.068506 0.038220 -0.000286 
46 4.237455 0.000000 6.605580 19.448735 -0.003546 0.006402 0.000130 
47 2.742388 0.000000 -0.362667 19.554464 -0.029822 -0.873795 -0.012791 
48 2.742388 0.000000 -1.756317 19.421517 0.070411 -0.496154 0.002263 
49 4.237455 0.000000 -0.362667 19.393440 0.015340 -0.741182 0.004355 
50 2.742388 0.000000 1.030982 19.521474 -0.245382 1.769764 -0.015801 
51 -0.247746 0.000000 2.424632 19.369411 0.005575 0.010580 0.008269 
52 -1.742813 0.000000 2.424632 19.436095 0.003041 -0.018925 0.001428 
53 1.247321 0.000000 2.424632 19.398193 0.012355 0.131331 0.005274 
54 -0.247746 0.000000 3.818281 19.430833 0.000409 0.010115 0.001970 
55 0.499788 0.000000 0.334157 20.503037 0.011200 0.721576 -0.112589 
56 -0.247746 0.000000 0.334157 19.941716 0.006896 -0.152444 -0.051263 
57 0.499788 0.000000 -0.362667 20.558649 0.011701 -0.808408 -0.118977 
58 1.247321 0.000000 0.334157 19.667591 -0.005517 0.879925 -0.024546 
59 0.499788 0.000000 1.030982 17.236411 -0.009852 3.790564 0.176684 
60 -7.723080 0.000000 -1.756317 19.450636 -0.000043 0.000382 -0.000065 
61 -10.713214 0.000000 -1.756317 19.450280 -0.000038 0.000115 -0.000029 
62 -7.723080 0.000000 -4.543616 19.450115 -0.000127 0.000428 -0.000012 
63 -7.723080 0.000000 1.030982 19.450747 -0.000044 -0.000244 -0.000077 
64 -3.237879 0.000000 -0.362667 19.459127 0.001441 0.002311 -0.000939 
65 -4.732946 0.000000 -0.362667 19.453290 0.000825 0.000604 -0.000338 
66 -3.237879 0.000000 -1.756317 19.452701 0.001275 0.006694 -0.000278 
67 -3.237879 0.000000 1.030982 19.456487 0.001319 -0.005550 -0.000667 
68 -0.995279 0.000000 0.334157 19.573273 0.004276 -0.056602 -0.012725 
69 -1.742813 0.000000 0.334157 19.494455 0.002662 -0.015799 -0.004577 
70 -0.995279 0.000000 -0.362667 19.570378 0.004264 0.060896 -0.012426 
71 -0.995279 0.000000 1.030982 19.466574 0.003740 -0.102793 -0.001733 
72 2.742388 0.000000 2.424632 19.424799 0.025772 0.131049 0.002542 
73 4.237455 0.000000 2.424632 19.433607 0.048629 0.152146 0.001618 
74 2.742388 0.000000 3.818281 19.439522 0.035614 0.035208 0.001071 
75 0.499788 0.000000 1.727807 19.170692 0.010045 0.405537 0.028079 
76 -0.247746 0.000000 1.727807 19.260948 0.005188 0.015870 0.019345 
77 1.247321 0.000000 1.727807 19.384175 0.021936 0.566066 0.005909 
78 0.499788 0.000000 2.424632 19.356593 0.008002 0.085927 0.009562 
79 0.126021 0.000000 0.682570 21.353634 0.010788 -1.227417 -0.209308 
80 -0.247746 0.000000 0.682570 19.723735 0.006631 -0.462825 -0.028912 
81 0.126021 0.000000 0.334157 20.475540 0.008322 -0.002849 -0.108234 
82 0.499788 0.000000 0.682570 21.602027 0.017960 2.623866 -0.251730 
83 0.126021 0.000000 1.030982 17.337303 0.012331 -0.440079 0.204933 
84 1.994855 0.000000 0.334157 19.544566 -0.064297 0.750650 -0.011248 
85 1.994855 0.000000 -0.362667 19.544491 -0.070109 -0.824925 -0.011552 
86 2.742388 0.000000 0.334157 19.555384 -0.024861 0.793882 -0.012533 
87 1.994855 0.000000 1.030982 19.776796 -0.018634 -0.237926 -0.034037 
88 0.873555 0.000000 0.682570 19.698239 0.017036 2.318119 -0.039894 
89 0.873555 0.000000 0.334157 19.974829 0.006472 0.954604 -0.057104 
90 1.247321 0.000000 0.682570 19.527281 -0.017683 1.912382 -0.017631 
91 0.873555 0.000000 1.030982 18.894022 -0.002845 2.120745 0.044464 
92 -7.723080 0.000000 3.818281 19.450246 -0.000124 -0.000442 -0.000025 
93 -10.713214 0.000000 3.818281 19.450172 -0.000027 -0.000190 -0.000018 
94 -7.723080 0.000000 6.605580 19.449837 -0.000061 -0.000362 0.000017 
95 -3.237879 0.000000 2.424632 19.449789 0.001056 -0.006156 0.000022 
96 -4.732946 0.000000 2.424632 19.450910 -0.000256 -0.003157 -0.000094 
97 -3.237879 0.000000 3.818281 19.447372 -0.000949 -0.003937 0.000270 
98 -0.995279 0.000000 1.727807 19.405870 0.004662 -0.056449 0.004524 
99 -1.742813 0.000000 1.727807 19.444020 0.003273 -0.031889 0.000612 
100 -0.995279 0.000000 2.424632 19.411467 0.004153 -0.019507 0.003957 
101 0.126021 0.000000 1.379395 18.792946 0.007704 0.245381 0.066263 
102 -0.247746 0.000000 1.379395 19.169715 0.005645 -0.085479 0.028594 
103 0.499788 0.000000 1.379395 18.867655 0.013316 0.971818 0.056488 
104 0.126021 0.000000 1.727807 19.160164 0.006952 0.174849 0.029500 
105 0.312905 0.000000 0.856776 16.651746 -0.003184 2.315636 0.252866 
106 0.126021 0.000000 0.856776 18.640936 0.013963 -2.121363 0.069568 
107 0.312905 0.000000 0.682570 22.625761 0.013148 1.021565 -0.355975 
108 0.499788 0.000000 0.856776 18.893373 0.037636 2.044427 0.045365 
109 0.312905 0.000000 1.030982 16.092353 -0.005646 4.117659 0.270639 
110 -1.742813 0.000000 -7.330915 19.447940 -0.000139 -0.000995 0.000212 
111 -4.732946 0.000000 -7.330915 19.449192 -0.000231 0.000185 0.000083 
112 -1.742813 0.000000 -10.118214 19.449158 -0.000063 -0.000455 0.000087 
113 1.247321 0.000000 -7.330915 19.447755 -0.000267 -0.004030 0.000231 
114 -0.247746 0.000000 -3.149967 19.411556 0.004730 -0.008844 0.003949 
115 -1.742813 0.000000 -3.149967 19.438307 0.001023 0.005694 0.001202 
116 -0.247746 0.000000 -4.543616 19.438739 0.000400 -0.006484 0.001158 
117 1.247321 0.000000 -3.149967 19.417410 0.008166 -0.051081 0.003341 
118 0.499788 0.000000 -1.059492 36.970411 0.005990 -4.689572 -2.671145 
119 -0.247746 0.000000 -1.059492 19.209419 0.006054 0.346231 0.024268 
120 0.499788 0.000000 -1.756317 19.186312 0.009862 -0.382384 0.026544 
121 1.247321 0.000000 -1.059492 38.897618 -0.014143 -3.196178 -3.026514 
122 0.126021 0.000000 -0.014255 20.238445 0.007360 -0.002840 -0.082717 
123 -0.247746 0.000000 -0.014255 19.951189 0.005978 0.006390 -0.052200 
124 0.126021 0.000000 -0.362667 20.510162 0.008482 0.017504 -0.111986 
125 0.499788 0.000000 -0.014255 20.255392 0.009095 -0.026174 -0.084533 
126 0.312905 0.000000 0.508364 21.192612 0.013347 0.620577 -0.188235 
127 0.126021 0.000000 0.508364 20.817356 0.010503 -0.183497 -0.145634 
128 0.312905 0.000000 0.334157 20.621891 0.009913 0.355820 -0.124468 
129 0.499788 0.000000 0.508364 20.894519 0.016590 1.425212 -0.159422 
130 1.994855 0.000000 1.727807 19.428158 0.043306 0.505792 0.001564 
131 2.742388 0.000000 1.727807 19.421477 0.073352 0.516593 0.002211 
132 1.994855 0.000000 2.424632 19.422601 0.018225 0.128361 0.002771 
133 0.873555 0.000000 1.379395 19.233113 0.024770 1.126855 0.018819 
134 1.247321 0.000000 1.379395 19.480707 -0.003141 1.361528 -0.008060 
135 0.873555 0.000000 1.727807 19.282607 0.015083 0.540936 0.016364 
136 0.686671 0.000000 0.856776 18.800579 0.231730 3.725364 0.028836 
137 0.686671 0.000000 0.682570 20.186622 0.022155 2.825720 -0.098287 
138 0.873555 0.000000 0.856776 19.231634 0.013670 2.608717 0.004338 
139 0.686671 0.000000 1.030982 18.262808 -0.004446 2.577564 0.100788 
140 0.406346 0.000000 0.769673 19.598020 0.022382 2.780427 -0.035715 
141 0.312905 0.000000 0.769673 20.033726 0.017861 1.606499 -0.067747 
142 0.406346 0.000000 0.682570 22.189958 0.015039 1.984056 -0.311995 
143 0.499788 0.000000 0.769673 22.308078 0.014476 3.466225 -0.347243 
144 0.406346 0.000000 0.856776 16.096263 -0.003831 2.781704 0.294671 
145 0.873555 0.000000 -0.014255 19.966393 0.006530 -0.037114 -0.053808 
146 0.873555 0.000000 -0.362667 19.972356 0.006048 -1.050872 -0.057353 
147 1.247321 0.000000 -0.014255 19.701684 0.000327 -0.035540 -0.026051 
148 0.686671 0.000000 0.508364 20.320106 0.016067 1.724375 -0.099333 
149 0.686671 0.000000 0.334157 20.229561 0.010112 0.918071 -0.083995 
150 0.873555 0.000000 0.508364 19.922788 0.069319 1.629572 -0.056239 
151 0.593230 0.000000 0.769673 20.746362 0.020919 4.263652 -0.185799 
152 0.593230 0.000000 0.682570 20.835657 0.020798 2.955830 -0.170656 
153 0.686671 0.000000 0.769673 19.737610 0.023941 3.468850 -0.061602 
154 0.593230 0.000000 0.856776 17.224125 0.039643 7.511618 0.066629 
155 0.312905 0.000000 1.205188 18.109160 0.013773 1.175866 0.129468 
156 0.126021 0.000000 1.205188 18.340454 0.009061 0.199404 0.110733 
157 0.499788 0.000000 1.205188 18.675489 -0.004549 2.173527 0.065568 
158 0.312905 0.000000 1.379395 18.722367 0.010017 0.638922 0.072342 
159 0.406346 0.000000 0.943879 15.976040 -0.007555 4.000988 0.283003 
160 0.312905 0.000000 0.943879 16.449098 -0.004278 4.646486 0.227701 
161 0.499788 0.000000 0.943879 16.066525 -0.017314 3.460706 0.285995 
162 0.406346 0.000000 1.030982 16.602756 -0.006884 4.697400 0.213018 
163 0.453067 0.000000 0.813224 18.894136 0.031367 1.830768 0.047479 
164 0.406346 0.000000 0.813224 19.602148 0.022664 2.814227 -0.036643 
165 0.453067 0.000000 0.769673 19.700981 0.024365 3.118716 -0.051686 
166 0.499788 0.000000 0.813224 18.690468 0.035385 1.817047 0.067845 
167 0.453067 0.000000 0.856776 17.243149 0.035507 0.413906 0.213596 
168 0.406346 0.000000 0.595467 21.566493 0.016027 1.439786 -0.234956 
169 0.312905 0.000000 0.595467 21.749038 0.013991 0.766305 -0.251930 
170 0.406346 0.000000 0.508364 21.110704 0.015276 1.070009 -0.181084 
171 0.499788 0.000000 0.595467 21.196878 0.018014 1.925808 -0.197499 
172 0.453067 0.000000 0.726121 22.221094 0.014561 2.707643 -0.324624 
173 0.406346 0.000000 0.726121 22.549911 0.013486 2.352710 -0.358791 
174 0.453067 0.000000 0.682570 21.912501 0.016621 2.330546 -0.283601 
175 0.499788 0.000000 0.726121 21.887163 0.016977 3.055660 -0.290991 
176 0.686671 0.000000 1.205188 19.116018 -0.004148 1.844484 0.025055 
177 0.873555 0.000000 1.205188 19.298988 -0.002743 1.655179 0.008226 
178 0.686671 0.000000 1.379395 19.074157 0.018907 1.108493 0.035025 
179 0.593230 0.000000 0.943879 16.944834 -0.015371 3.362932 0.211116 
180 0.686671 0.000000 0.943879 18.008110 -0.015851 3.061956 0.117987 
181 0.593230 0.000000 1.030982 17.805546 -0.005554 2.971916 0.138600 
182 0.546509 0.000000 0.813224 18.274344 0.038914 5.699978 0.031350 
183 0.546509 0.000000 0.769673 21.747024 0.018108 4.133995 -0.295321 
184 0.593230 0.000000 0.813224 17.224125 0.039643 7.511618 0.066629 
185 0.546509 0.000000 0.856776 17.728687 0.039297 6.672296 0.051480 
186 0.476428 0.000000 0.791449 18.784452 0.032976 1.636060 0.060187 
187 0.453067 0.000000 0.791449 18.892445 0.030630 1.918360 0.046780 
188 0.476428 0.000000 0.769673 22.392738 0.012170 3.239206 -0.353222 
189 0.499788 0.000000 0.791449 19.531852 0.033614 2.308312 -0.022522 
190 0.476428 0.000000 0.813224 19.034395 0.032548 1.859572 0.033135 
191 -0.621512 0.000000 0.682570 19.574982 0.005106 -0.175920 -0.012975 
192 -0.995279 0.000000 0.682570 19.525272 0.004070 -0.097014 -0.007780 
193 -0.621512 0.000000 0.334157 19.684357 0.005045 -0.086730 -0.024264 
194 -0.621512 0.000000 1.030982 19.430556 0.004925 -0.168972 0.001923 
195 -0.060862 0.000000 0.856776 19.332539 0.008198 -0.991664 0.009442 
196 -0.247746 0.000000 0.856776 19.452373 0.006458 -0.503983 -0.000916 
197 -0.060862 0.000000 0.682570 20.025199 0.008415 -0.827963 -0.061833 
198 -0.060862 0.000000 1.030982 18.838747 0.007746 -0.575552 0.060990 
199 0.219463 0.000000 0.769673 20.243750 0.013810 -1.377412 -0.088301 
200 0.126021 0.000000 0.769673 20.825747 0.011338 -2.989160 -0.170087 
201 0.219463 0.000000 0.682570 22.485141 0.011994 -0.352883 -0.336777 
202 0.219463 0.000000 0.856776 17.870509 -0.002760 0.665942 0.154649 
203 0.359625 0.000000 0.813224 19.760394 0.020460 2.380214 -0.047149 
204 0.312905 0.000000 0.813224 19.985338 0.018331 1.779731 -0.064179 
205 0.359625 0.000000 0.769673 19.799678 0.020022 2.287215 -0.050109 
206 0.359625 0.000000 0.856776 16.344715 -0.003739 2.670072 0.274974 
207 0.429707 0.000000 0.791449 19.702215 0.023848 3.042791 -0.050578 
208 0.406346 0.000000 0.791449 19.605984 0.022564 2.804482 -0.036896 
209 0.429707 0.000000 0.769673 19.576520 0.023267 2.925201 -0.035672 
210 0.429707 0.000000 0.813224 18.890305 0.028781 2.121138 0.044829 
211 0.453067 0.000000 0.900327 16.017331 -0.006276 3.207043 0.294638 
212 0.406346 0.000000 0.900327 16.265247 -0.005206 3.256899 0.272631 
213 0.499788 0.000000 0.900327 15.763509 -0.009430 3.233548 0.315510 
214 0.453067 0.000000 0.943879 15.812859 -0.010155 3.822996 0.300396 
215 0.476428 0.000000 0.835000 18.760048 0.033719 1.605210 0.062874 
216 0.453067 0.000000 0.835000 18.804636 0.031902 1.721288 0.057426 
217 0.499788 0.000000 0.835000 18.806387 0.035636 1.901491 0.055525 
218 0.476428 0.000000 0.856776 17.757708 0.036180 0.678276 0.165225 
219 0.464747 0.000000 0.802337 18.811071 0.032208 1.698539 0.056991 
220 0.453067 0.000000 0.802337 18.892749 0.031049 1.858081 0.047351 
221 0.464747 0.000000 0.791449 18.804636 0.031902 1.721288 0.057426 
222 0.476428 0.000000 0.802337 18.803881 0.033214 1.681051 0.057863 
223 0.464747 0.000000 0.813224 18.946693 0.031759 1.857104 0.041965 
224 0.429707 0.000000 0.835000 18.407741 0.031201 1.639472 0.097194 
225 0.406346 0.000000 0.835000 19.588937 0.022680 2.828454 -0.035486 
226 0.429707 0.000000 0.856776 16.007414 -0.003868 2.828968 0.301510 
227 0.441387 0.000000 0.802337 19.002991 0.029512 2.083000 0.033965 
228 0.429707 0.000000 0.802337 19.169841 0.026921 2.437388 0.012895 
229 0.441387 0.000000 0.791449 19.053718 0.028619 2.246238 0.026994 
230 0.441387 0.000000 0.813224 18.968087 0.029921 2.007405 0.038286 
231 0.359625 0.000000 0.726121 22.897591 0.012672 1.908325 -0.395554 
232 0.312905 0.000000 0.726121 23.241668 0.012235 1.296188 -0.432334 
233 0.359625 0.000000 0.682570 22.442446 0.014036 1.559508 -0.337807 
234 0.382986 0.000000 0.791449 19.659518 0.021614 2.619412 -0.039799 
235 0.359625 0.000000 0.791449 19.772077 0.020299 2.353106 -0.048030 
236 0.382986 0.000000 0.769673 19.686321 0.021256 2.560774 -0.041783 
237 0.382986 0.000000 0.813224 19.659518 0.021614 2.619412 -0.039799 
238 0.219463 0.000000 0.943879 16.940296 -0.003292 3.655105 0.206102 
239 0.126021 0.000000 0.943879 17.759112 0.015465 -2.340310 0.151834 
240 0.219463 0.000000 1.030982 15.764978 -0.003530 1.509307 0.337005 
241 0.359625 0.000000 0.900327 16.544120 -0.004313 3.333972 0.247102 
242 0.312905 0.000000 0.900327 16.930244 -0.003678 3.058741 0.217586 
243 0.359625 0.000000 0.943879 16.174112 -0.005013 4.588426 0.252832 
244 0.382986 0.000000 0.835000 19.678947 0.021325 2.576679 -0.041232 
245 0.359625 0.000000 0.835000 16.305752 -0.003653 2.574279 0.279665 
246 0.382986 0.000000 0.856776 16.231789 -0.003880 2.741344 0.283679 
247 0.394666 0.000000 0.802337 19.643953 0.021891 2.678159 -0.039004 
248 0.382986 0.000000 0.802337 19.655706 0.021650 2.636106 -0.039634 
249 0.394666 0.000000 0.791449 19.643953 0.021891 2.678159 -0.039004 
250 0.406346 0.000000 0.802337 19.605984 0.022564 2.804482 -0.036896 
251 0.394666 0.000000 0.813224 19.617322 0.022244 2.757372 -0.037379 
252 0.266184 0.000000 0.813224 20.246912 0.015832 0.588893 -0.084541 
253 0.219463 0.000000 0.813224 20.277289 0.014036 -1.082900 -0.089978 
254 0.266184 0.000000 0.769673 20.228684 0.015890 0.546937 -0.082465 
255 0.266184 0.000000 0.856776 17.226558 -0.002929 1.512258 0.209518 
256 0.336265 0.000000 0.791449 19.891898 0.019181 2.038492 -0.056941 
257 0.312905 0.000000 0.791449 20.018285 0.018035 1.669849 -0.066661 
258 0.336265 0.000000 0.769673 19.890363 0.019190 2.054683 -0.056955 
259 0.336265 0.000000 0.813224 19.890363 0.019190 2.054683 -0.056955 
260 0.336265 0.000000 0.835000 16.564710 -0.003127 2.413115 0.259289 
261 0.312905 0.000000 0.835000 16.583910 -0.003146 2.289973 0.259138 
262 0.336265 0.000000 0.856776 16.517983 -0.003441 2.483289 0.262467 
263 0.347945 0.000000 0.802337 19.839775 0.019667 2.169967 -0.052929 
264 0.336265 0.000000 0.802337 19.891898 0.019181 2.038492 -0.056941 
265 0.347945 0.000000 0.791449 19.829554 0.019734 2.209329 -0.052313 
266 0.359625 0.000000 0.802337 19.772077 0.020299 2.353106 -0.048030 
267 0.347945 0.000000 0.813224 19.846610 0.019612 2.164549 -0.053584 
268 -0.060862 0.000000 0.508364 20.228232 0.008331 -0.391616 -0.082030 
269 -0.247746 0.000000 0.508364 19.887521 0.006834 -0.302914 -0.045738 
270 -0.060862 0.000000 0.334157 20.178311 0.008213 -0.130236 -0.076338 
271 0.219463 0.000000 0.595467 21.589480 0.012189 0.014559 -0.232099 
272 0.126021 0.000000 0.595467 21.085783 0.010765 -0.510031 -0.175965 
273 0.219463 0.000000 0.508364 21.089923 0.011957 0.159041 -0.175806 
274 0.266184 0.000000 0.726121 23.463682 0.012071 0.434250 -0.455801 
275 0.219463 0.000000 0.726121 23.309993 0.011557 -0.670692 -0.437489 
276 0.266184 0.000000 0.682570 22.679773 0.012645 0.363070 -0.360034 
277 0.289544 0.000000 0.791449 20.129730 0.016928 1.253983 -0.075274 
278 0.266184 0.000000 0.791449 20.235351 0.015873 0.565520 -0.083232 
279 0.289544 0.000000 0.769673 20.124670 0.017017 1.242341 -0.074659 
280 0.289544 0.000000 0.813224 20.124670 0.017017 1.242341 -0.074659 
281 0.032580 0.000000 0.769673 19.919818 0.009735 -1.543554 -0.055192 
282 -0.060862 0.000000 0.769673 19.714648 0.008475 -0.995008 -0.030016 
283 0.032580 0.000000 0.682570 20.432800 0.009473 -1.096237 -0.106789 
284 0.032580 0.000000 0.856776 19.165210 0.009916 -1.511401 0.023031 
285 0.172742 0.000000 0.813224 19.539650 0.012238 -4.255118 -0.057101 
286 0.126021 0.000000 0.813224 18.999822 0.011847 -5.058100 -0.021875 
287 0.172742 0.000000 0.769673 19.619700 0.012374 -3.966014 -0.059105 
288 0.172742 0.000000 0.856776 17.981588 0.021540 -1.375970 0.140288 
289 0.242823 0.000000 0.791449 20.281571 0.014983 -0.167288 -0.087411 
290 0.219463 0.000000 0.791449 20.260252 0.013839 -1.303453 -0.089543 
291 0.242823 0.000000 0.769673 20.298481 0.014881 -0.226932 -0.089287 
292 0.242823 0.000000 0.813224 20.298481 0.014881 -0.226932 -0.089287 
293 0.172742 0.000000 0.726121 22.500860 0.011297 -1.669572 -0.345686 
294 0.126021 0.000000 0.726121 21.363076 0.010814 -1.919814 -0.216135 
295 0.172742 0.000000 0.682570 21.991018 0.011372 -0.946884 -0.280725 
296 0.242823 0.000000 0.747897 20.309827 0.015213 0.067900 -0.090381 
297 0.219463 0.000000 0.747897 20.309760 0.013928 -1.081579 -0.093454 
298 0.242823 0.000000 0.726121 23.456326 0.011808 -0.098697 -0.454416 
299 0.266184 0.000000 0.747897 20.252018 0.015833 0.611979 -0.085161 
300 0.254504 0.000000 0.780561 20.278173 0.015219 0.088329 -0.086993 
301 0.242823 0.000000 0.780561 20.281571 0.014983 -0.167288 -0.087411 
302 0.254504 0.000000 0.769673 20.265763 0.015512 0.315162 -0.085905 
303 0.266184 0.000000 0.780561 20.235351 0.015873 0.565520 -0.083232 
304 0.254504 0.000000 0.791449 20.268121 0.015377 0.200433 -0.086002 
305 0.196102 0.000000 0.791449 19.813712 0.012761 -3.212689 -0.065033 
306 0.172742 0.000000 0.791449 19.638455 0.012339 -4.019250 -0.062175 
307 0.196102 0.000000 0.769673 20.026126 0.013026 -2.654825 -0.078750 
308 0.196102 0.000000 0.813224 19.688706 0.012529 -3.677570 -0.060447 
309 0.196102 0.000000 0.747897 23.575898 0.011197 -1.625757 -0.476242 
310 0.172742 0.000000 0.747897 22.885415 0.011243 -2.283988 -0.398243 
311 0.196102 0.000000 0.726121 22.994121 0.011411 -1.225987 -0.401610 
312 0.207783 0.000000 0.780561 20.157477 0.013471 -1.931576 -0.083934 
313 0.196102 0.000000 0.780561 19.785940 0.012743 -3.268490 -0.063082 
314 0.207783 0.000000 0.769673 20.181051 0.013334 -1.971178 -0.086856 
315 0.219463 0.000000 0.780561 20.260252 0.013839 -1.303453 -0.089543 
316 0.207783 0.000000 0.791449 20.163919 0.013432 -1.932434 -0.084630 
317 -0.621512 0.000000 1.379395 19.358163 0.004382 -0.093901 0.009398 
318 -0.995279 0.000000 1.379395 19.425288 0.003438 -0.080730 0.002522 
319 -0.621512 0.000000 1.727807 19.356258 0.003695 -0.057079 0.009607 
320 -0.060862 0.000000 1.205188 18.846603 0.007006 -0.170986 0.061006 
321 -0.247746 0.000000 1.205188 19.154302 0.005831 -0.205624 0.030063 
322 -0.060862 0.000000 1.379395 18.991226 0.006474 0.004467 0.046618 
323 0.032580 0.000000 0.943879 18.622699 0.009586 -1.157411 0.079719 
324 -0.060862 0.000000 0.943879 19.015199 0.007998 -0.823535 0.042417 
325 0.032580 0.000000 1.030982 18.381393 0.009079 -0.652628 0.105738 
326 0.079300 0.000000 0.813224 19.487153 0.010938 -2.124858 -0.015759 
327 0.032580 0.000000 0.813224 19.525889 0.009844 -1.595207 -0.014546 
328 0.079300 0.000000 0.769673 20.157916 0.010517 -2.051515 -0.085244 
329 0.079300 0.000000 0.856776 18.995152 0.011315 -1.889411 0.036787 
330 0.149382 0.000000 0.791449 19.447538 0.012125 -4.542762 -0.054298 
331 0.126021 0.000000 0.791449 19.000125 0.011877 -5.347710 -0.029871 
332 0.149382 0.000000 0.769673 19.342785 0.012033 -4.824893 -0.050543 
333 0.149382 0.000000 0.813224 19.342785 0.012033 -4.824893 -0.050543 
334 0.172742 0.000000 0.900327 19.554130 -0.002534 -0.389599 -0.011137 
335 0.126021 0.000000 0.900327 18.764131 0.015291 -1.974935 0.058972 
336 0.219463 0.000000 0.900327 19.129530 -0.003616 2.480036 0.016423 
337 0.172742 0.000000 0.943879 17.358634 0.000112 0.976884 0.200966 
338 0.149382 0.000000 0.835000 19.071320 0.011845 -4.666292 -0.018998 
339 0.126021 0.000000 0.835000 18.695787 0.013285 -2.534929 0.059064 
340 0.172742 0.000000 0.835000 17.289661 0.017983 -1.946372 0.199791 
341 0.149382 0.000000 0.856776 18.334399 0.016492 -1.925617 0.101623 
342 0.161062 0.000000 0.802337 19.539650 0.012238 -4.255118 -0.057101 
343 0.149382 0.000000 0.802337 19.447538 0.012125 -4.542762 -0.054298 
344 0.161062 0.000000 0.791449 19.539650 0.012238 -4.255118 -0.057101 
345 0.172742 0.000000 0.802337 19.619700 0.012374 -3.966014 -0.059105 
346 0.161062 0.000000 0.813224 19.447538 0.012125 -4.542762 -0.054298 
347 0.032580 0.000000 0.595467 20.548025 0.009310 -0.650580 -0.117214 
348 -0.060862 0.000000 0.595467 20.183344 0.008275 -0.596657 -0.077771 
349 0.032580 0.000000 0.508364 20.500712 0.009352 -0.356851 -0.111297 
350 0.079300 0.000000 0.726121 20.624580 0.010132 -1.652545 -0.131645 
351 0.032580 0.000000 0.726121 20.238364 0.009584 -1.347647 -0.087510 
352 0.079300 0.000000 0.682570 20.808216 0.010095 -1.219932 -0.148473 
353 0.149382 0.000000 0.747897 21.980427 0.011203 -2.548410 -0.294291 
354 0.126021 0.000000 0.747897 21.221557 0.011019 -2.411834 -0.205838 
355 0.149382 0.000000 0.726121 21.909548 0.011125 -1.900519 -0.278449 
356 0.161062 0.000000 0.780561 19.539650 0.012238 -4.255118 -0.057101 
357 0.149382 0.000000 0.780561 19.447538 0.012125 -4.542762 -0.054298 
358 0.161062 0.000000 0.769673 19.539650 0.012238 -4.255118 -0.057101 
359 0.172742 0.000000 0.780561 19.619700 0.012374 -3.966014 -0.059105 
360 0.196102 0.000000 0.835000 16.878477 0.021711 -1.044949 0.244056 
361 0.219463 0.000000 0.835000 16.685135 0.026239 -0.213801 0.263975 
362 0.196102 0.000000 0.856776 18.227619 -0.002630 0.241740 0.121590 
363 0.184422 0.000000 0.802337 19.688706 0.012529 -3.677570 -0.060447 
364 0.184422 0.000000 0.791449 19.753265 0.012554 -3.539637 -0.064547 
365 0.196102 0.000000 0.802337 19.746307 0.012713 -3.389248 -0.061066 
366 0.184422 0.000000 0.813224 19.619700 0.012374 -3.966014 -0.059105 
367 0.166902 0.000000 0.796893 19.579728 0.012310 -4.181778 -0.059610 
368 0.161062 0.000000 0.796893 19.417385 0.012160 -4.494076 -0.050037 
369 0.166902 0.000000 0.791449 19.579728 0.012310 -4.181778 -0.059610 
370 0.172742 0.000000 0.796893 19.638455 0.012339 -4.019250 -0.062175 
371 0.166902 0.000000 0.802337 19.539650 0.012238 -4.255118 -0.057101 
372 0.418026 0.000000 0.802337 19.619759 0.023308 2.939157 -0.040369 
373 0.418026 0.000000 0.791449 19.596692 0.023162 2.903261 -0.037423 
374 0.418026 0.000000 0.813224 19.619759 0.023308 2.939157 -0.040369 
375 0.441387 0.000000 0.824112 18.857884 0.031046 1.839110 0.051016 
376 0.429707 0.000000 0.824112 18.647394 0.029942 1.872863 0.071553 
377 0.453067 0.000000 0.824112 18.811071 0.032208 1.698539 0.056991 
378 0.441387 0.000000 0.835000 18.709985 0.031347 1.731834 0.066716 
379 0.435547 0.000000 0.807780 18.931430 0.029148 2.089738 0.041067 
380 0.429707 0.000000 0.807780 18.997436 0.028105 2.260721 0.032483 
381 0.435547 0.000000 0.802337 19.013261 0.028590 2.207072 0.031526 
382 0.441387 0.000000 0.807780 19.002991 0.029512 2.083000 0.033965 
383 0.435547 0.000000 0.813224 18.835417 0.030022 1.937480 0.052273 
384 1.621088 0.000000 0.682570 19.429965 -0.066959 1.772378 -0.006256 
385 1.621088 0.000000 0.334157 19.531828 -0.026295 0.795630 -0.010107 
386 1.994855 0.000000 0.682570 19.568377 -0.145073 1.737071 -0.020241 
387 1.621088 0.000000 1.030982 19.234694 -0.033310 1.346146 0.017224 
388 1.060438 0.000000 0.856776 19.303629 -0.016502 2.122114 0.003090 
389 1.060438 0.000000 0.682570 19.587505 0.003340 2.042585 -0.025218 
390 1.247321 0.000000 0.856776 19.328450 -0.042175 1.850610 0.003402 
391 1.060438 0.000000 1.030982 19.298744 -0.004418 1.883833 0.006112 
392 0.780113 0.000000 0.769673 19.526039 0.024313 2.883533 -0.029815 
393 0.780113 0.000000 0.682570 19.850289 0.021035 2.549027 -0.058761 
394 0.873555 0.000000 0.769673 19.487380 0.021966 2.540299 -0.020907 
395 0.780113 0.000000 0.856776 19.072616 0.000001 2.995390 0.014712 
396 0.639950 0.000000 0.813224 19.443303 0.019702 4.373704 -0.049879 
397 0.639950 0.000000 0.769673 20.059815 0.022868 3.886739 -0.103623 
398 0.686671 0.000000 0.813224 19.310942 0.022742 3.691779 -0.021781 
399 0.639950 0.000000 0.856776 18.515534 0.067356 4.416455 0.042209 
400 0.546509 0.000000 0.900327 16.006859 -0.013863 3.672826 0.287054 
401 0.593230 0.000000 0.900327 16.992457 -0.014529 3.819779 0.198169 
402 0.546509 0.000000 0.943879 16.327499 -0.018624 3.512434 0.262694 
403 0.569869 0.000000 0.835000 17.621802 0.039393 6.896202 0.053437 
404 0.546509 0.000000 0.835000 17.952454 0.039146 6.273684 0.044016 
405 0.569869 0.000000 0.813224 17.621802 0.039393 6.896202 0.053437 
406 0.593230 0.000000 0.835000 17.311647 0.039607 7.398498 0.063098 
407 0.569869 0.000000 0.856776 17.513750 0.039480 7.092307 0.056221 
408 0.780113 0.000000 0.943879 18.597687 -0.015636 2.680614 0.066726 
409 0.873555 0.000000 0.943879 18.984799 -0.016769 2.303257 0.033240 
410 0.780113 0.000000 1.030982 18.626077 -0.004492 2.330435 0.068572 
411 0.639950 0.000000 0.900327 17.503802 -0.013866 3.602328 0.155808 
412 0.686671 0.000000 0.900327 17.933506 -0.013815 3.346950 0.120247 
413 0.639950 0.000000 0.943879 17.572813 -0.016460 3.254986 0.155705 
414 0.616590 0.000000 0.835000 16.980399 0.039667 7.776529 0.077960 
415 0.616590 0.000000 0.813224 19.660780 0.017898 4.887322 -0.084932 
416 0.639950 0.000000 0.835000 18.986307 0.005085 4.488980 -0.006155 
417 0.616590 0.000000 0.856776 16.980399 0.039667 7.776529 0.077960 
418 0.569869 0.000000 0.878552 17.125702 0.033960 7.106402 0.091225 
419 0.546509 0.000000 0.878552 15.852272 -0.012365 3.752486 0.298509 
420 0.593230 0.000000 0.878552 17.010026 0.035034 7.376364 0.091328 
421 0.569869 0.000000 0.900327 16.427242 -0.014057 3.829902 0.247897 
422 0.581549 0.000000 0.845888 17.375386 0.039572 7.300881 0.061046 
423 0.569869 0.000000 0.845888 17.608813 0.039407 6.927357 0.053508 
424 0.581549 0.000000 0.835000 17.513750 0.039480 7.092307 0.056221 
425 0.593230 0.000000 0.845888 17.311647 0.039607 7.398498 0.063098 
426 0.581549 0.000000 0.856776 17.409029 0.039550 7.259389 0.059550 
427 0.523148 0.000000 0.835000 18.723157 0.038238 3.942259 0.032257 
428 0.523148 0.000000 0.813224 18.845055 0.038001 3.323092 0.032043 
429 0.523148 0.000000 0.856776 18.708565 0.038425 4.621913 0.018315 
430 0.558189 0.000000 0.845888 17.728687 0.039297 6.672296 0.051480 
431 0.546509 0.000000 0.845888 17.828526 0.039188 6.425389 0.050645 
432 0.558189 0.000000 0.835000 17.766438 0.039299 6.648462 0.048777 
433 0.558189 0.000000 0.856776 17.621802 0.039393 6.896202 0.053437 
434 0.593230 0.000000 0.595467 20.737211 0.018557 2.190462 -0.149425 
435 0.593230 0.000000 0.508364 20.609925 0.016792 1.646642 -0.129997 
436 0.686671 0.000000 0.595467 20.317033 0.018652 2.224417 -0.104223 
437 0.546509 0.000000 0.726121 21.422517 0.019127 3.377753 -0.243274 
438 0.546509 0.000000 0.682570 21.235052 0.019270 2.847427 -0.213409 
439 0.593230 0.000000 0.726121 20.842996 0.021198 3.490973 -0.180584 
440 0.523148 0.000000 0.791449 19.025425 0.037961 3.607740 0.008772 
441 0.523148 0.000000 0.769673 22.124655 0.016428 3.810065 -0.332313 
442 0.546509 0.000000 0.791449 22.056035 0.016685 4.719024 -0.344792 
443 0.534829 0.000000 0.824112 18.580562 0.038527 4.810606 0.026227 
444 0.523148 0.000000 0.824112 18.803327 0.038134 3.697684 0.029244 
445 0.534829 0.000000 0.813224 18.644845 0.038429 4.564274 0.026006 
446 0.546509 0.000000 0.824112 18.160564 0.038934 5.750735 0.040771 
447 0.534829 0.000000 0.835000 18.486613 0.038614 5.008978 0.030283 
448 0.488108 0.000000 0.824112 18.747891 0.034805 1.702481 0.063228 
449 0.476428 0.000000 0.824112 18.786556 0.033656 1.694927 0.059460 
450 0.488108 0.000000 0.813224 18.790930 0.034143 1.804740 0.058010 
451 0.499788 0.000000 0.824112 18.727809 0.035577 1.819987 0.064123 
452 0.488108 0.000000 0.835000 18.683807 0.035216 1.654714 0.069993 
453 0.464747 0.000000 0.824112 18.673313 0.033040 1.561588 0.071821 
454 0.464747 0.000000 0.835000 18.784452 0.032976 1.636060 0.060187 
455 0.266184 0.000000 0.900327 17.780345 -0.004182 3.292837 0.135656 
456 0.266184 0.000000 0.943879 16.547602 -0.004044 4.480043 0.223125 
457 0.219463 0.000000 1.118085 17.471107 0.014243 0.832017 0.191303 
458 0.126021 0.000000 1.118085 17.942741 0.010153 0.052991 0.148975 
459 0.312905 0.000000 1.118085 17.163678 -0.004152 2.238988 0.208028 
460 0.219463 0.000000 1.205188 18.126039 0.010713 0.635427 0.130439 
461 0.172742 0.000000 0.987431 14.999519 -0.003040 0.080619 0.405259 
462 0.126021 0.000000 0.987431 17.045500 0.014085 -1.141658 0.228520 
463 0.219463 0.000000 0.987431 14.488557 -0.004800 2.266802 0.431522 
464 0.172742 0.000000 1.030982 16.554079 0.019149 0.213846 0.275491 
465 0.196102 0.000000 0.922103 19.279470 -0.002418 2.383742 0.002438 
466 0.172742 0.000000 0.922103 20.602698 -0.001406 0.494214 -0.122687 
467 0.196102 0.000000 0.900327 19.610575 -0.003132 1.431449 -0.021996 
468 0.219463 0.000000 0.922103 18.204836 -0.003012 3.381574 0.093712 
469 0.196102 0.000000 0.943879 16.930078 -0.002181 2.724226 0.222715 
470 0.079300 0.000000 0.900327 18.675565 0.011479 -1.682279 0.070567 
471 0.032580 0.000000 0.900327 18.869579 0.009776 -1.358988 0.053911 
472 0.079300 0.000000 0.943879 18.287795 0.011205 -1.466522 0.110251 
473 0.149382 0.000000 0.922103 23.220700 -0.003129 -0.489436 -0.425950 
474 0.126021 0.000000 0.922103 18.530421 0.015607 -2.271047 0.078689 
475 0.149382 0.000000 0.900327 19.234790 0.022942 -1.741882 0.013985 
476 0.149382 0.000000 0.943879 15.546146 0.003117 0.342396 0.360829 
477 0.266184 0.000000 0.987431 15.456840 -0.004258 4.240518 0.320925 
478 0.312905 0.000000 0.987431 15.978116 -0.004890 4.830434 0.263464 
479 0.266184 0.000000 1.030982 15.827369 -0.004618 2.614985 0.319741 
480 0.196102 0.000000 0.965655 14.822383 -0.003142 2.249599 0.405862 
481 0.172742 0.000000 0.965655 13.482603 -0.003829 0.257301 0.519308 
482 0.219463 0.000000 0.965655 16.228811 -0.003256 3.743326 0.266759 
483 0.196102 0.000000 0.987431 14.624346 -0.003874 1.239552 0.430593 
484 0.184422 0.000000 0.932991 17.594586 -0.001181 1.932846 0.171813 
485 0.172742 0.000000 0.932991 17.666410 0.000763 0.785506 0.173362 
486 0.184422 0.000000 0.922103 19.514725 -0.001157 1.584566 -0.013304 
487 0.196102 0.000000 0.932991 17.680017 -0.002458 2.744943 0.153805 
488 0.184422 0.000000 0.943879 17.267255 -0.001581 2.078179 0.200436 
489 0.242823 0.000000 0.965655 16.380682 -0.003863 4.250202 0.242958 
490 0.242823 0.000000 0.943879 16.844776 -0.003768 4.070125 0.206158 
491 0.266184 0.000000 0.965655 16.206682 -0.004153 4.495738 0.252270 
492 0.242823 0.000000 0.987431 15.120203 -0.004428 3.423924 0.364678 
493 0.207783 0.000000 0.954767 16.788980 -0.002872 3.251766 0.226958 
494 0.196102 0.000000 0.954767 16.789757 -0.002584 2.663454 0.236088 
495 0.207783 0.000000 0.943879 17.165265 -0.002757 3.151833 0.194876 
496 0.219463 0.000000 0.954767 16.849966 -0.003405 3.645086 0.214364 
497 0.207783 0.000000 0.965655 15.051389 -0.003187 2.869676 0.379387 
498 0.406346 0.000000 1.118085 17.843567 -0.004972 2.885582 0.136354 
499 0.499788 0.000000 1.118085 18.558090 -0.004851 3.093495 0.064314 
500 0.406346 0.000000 1.205188 18.306560 0.020554 1.637779 0.107030 
501 0.359625 0.000000 0.987431 16.149228 -0.006004 4.827637 0.249004 
502 0.406346 0.000000 0.987431 16.250722 -0.006938 4.736144 0.242624 
503 0.359625 0.000000 1.030982 16.397043 -0.005933 4.608451 0.233151 
504 0.289544 0.000000 0.965655 16.131217 -0.004494 4.705954 0.253607 
505 0.289544 0.000000 0.943879 16.650601 -0.004078 4.797473 0.206301 
506 0.312905 0.000000 0.965655 16.024791 -0.004794 4.795950 0.260393 
507 0.289544 0.000000 0.987431 15.923111 -0.004569 4.734730 0.270523 
508 0.453067 0.000000 0.987431 16.295235 -0.009714 4.443030 0.245907 
509 0.499788 0.000000 0.987431 16.362977 -0.014356 3.867012 0.252712 
510 0.453067 0.000000 1.030982 16.853589 -0.008892 4.316994 0.199900 
511 0.359625 0.000000 1.074534 17.085661 -0.005464 3.388084 0.197999 
512 0.312905 0.000000 1.074534 16.746854 -0.004630 2.777205 0.238255 
513 0.406346 0.000000 1.074534 17.624249 -0.006872 3.839891 0.139950 
514 0.359625 0.000000 1.118085 17.591090 -0.004697 2.532682 0.165057 
515 0.382986 0.000000 1.009206 16.305518 -0.006643 4.770075 0.237056 
516 0.359625 0.000000 1.009206 16.207067 -0.005984 4.840235 0.243735 
517 0.382986 0.000000 0.987431 16.233240 -0.006514 4.789318 0.242787 
518 0.406346 0.000000 1.009206 16.454867 -0.007203 4.677730 0.226429 
519 0.382986 0.000000 1.030982 16.560854 -0.006401 4.813197 0.213781 
520 0.593230 0.000000 1.118085 18.874975 -0.005588 2.690099 0.039125 
521 0.686671 0.000000 1.118085 18.925314 -0.005107 2.358157 0.038525 
522 0.593230 0.000000 1.205188 18.974193 -0.004676 1.963052 0.038141 
523 0.453067 0.000000 1.074534 17.810317 -0.006551 3.911467 0.121055 
524 0.499788 0.000000 1.074534 18.001784 -0.006063 3.637591 0.108395 
525 0.453067 0.000000 1.118085 18.152644 -0.004825 3.037658 0.104563 
526 0.429707 0.000000 1.009206 16.560671 -0.008035 4.530971 0.220768 
527 0.429707 0.000000 0.987431 16.354313 -0.008166 4.597420 0.237119 
528 0.453067 0.000000 1.009206 16.714060 -0.008989 4.338716 0.211783 
529 0.429707 0.000000 1.030982 16.677602 -0.008088 4.490447 0.211460 
530 0.546509 0.000000 1.074534 18.165183 -0.005420 3.161630 0.101328 
531 0.546509 0.000000 1.030982 17.540111 -0.007492 3.335132 0.157345 
532 0.593230 0.000000 1.074534 18.069008 -0.005389 2.902090 0.114700 
533 0.546509 0.000000 1.118085 18.957677 -0.005301 2.850575 0.028504 
534 0.546509 0.000000 0.987431 16.799398 -0.011117 3.340666 0.224483 
535 0.593230 0.000000 0.987431 17.119092 -0.008383 3.086245 0.200142 
536 0.523148 0.000000 1.052758 17.537293 -0.008079 3.563761 0.153436 
537 0.499788 0.000000 1.052758 17.429433 -0.009201 3.859183 0.157609 
538 0.523148 0.000000 1.030982 17.270307 -0.008760 3.570033 0.177884 
539 0.546509 0.000000 1.052758 17.622737 -0.006636 3.323057 0.149877 
540 0.523148 0.000000 1.074534 18.077508 -0.005780 3.446416 0.104753 
541 1.621088 0.000000 1.379395 19.716682 -0.000402 0.935205 -0.029922 
542 1.994855 0.000000 1.379395 19.323537 0.085866 0.662911 0.011781 
543 1.621088 0.000000 1.727807 19.437082 0.030484 0.529980 0.000583 
544 1.060438 0.000000 1.205188 19.352101 -0.001478 1.627383 0.003041 
545 1.247321 0.000000 1.205188 19.445250 -0.011884 1.543091 -0.005806 
546 1.060438 0.000000 1.379395 19.366266 -0.001965 1.417353 0.003281 
547 0.780113 0.000000 1.118085 19.110358 -0.003420 2.096147 0.023005 
548 0.873555 0.000000 1.118085 19.167226 -0.001445 1.956300 0.018749 
549 0.780113 0.000000 1.205188 19.214599 -0.003948 1.766649 0.015809 
550 0.639950 0.000000 1.074534 18.288400 -0.005271 2.680382 0.096887 
551 0.639950 0.000000 1.030982 18.137397 -0.005257 2.709551 0.111011 
552 0.686671 0.000000 1.074534 18.537655 -0.004761 2.517714 0.074858 
553 0.639950 0.000000 1.118085 18.882883 -0.005558 2.518503 0.040699 
554 0.639950 0.000000 0.987431 17.339764 -0.009435 2.899467 0.182997 
555 0.686671 0.000000 0.987431 17.824211 -0.010735 2.785103 0.139685 
556 0.733392 0.000000 1.074534 18.689644 -0.003653 2.370228 0.061807 
557 0.733392 0.000000 1.030982 18.342639 -0.004389 2.500888 0.094093 
558 0.780113 0.000000 1.074534 18.872742 -0.002570 2.211985 0.045544 
559 0.733392 0.000000 1.118085 19.038896 -0.004726 2.218637 0.028814 
560 0.663311 0.000000 1.052758 18.417261 -0.004649 2.580590 0.085771 
561 0.639950 0.000000 1.052758 18.288400 -0.005271 2.680382 0.096887 
562 0.663311 0.000000 1.030982 18.096450 -0.004705 2.662176 0.115605 
563 0.686671 0.000000 1.052758 18.433954 -0.004658 2.534758 0.084765 
564 0.663311 0.000000 1.074534 18.460688 -0.004822 2.563355 0.081772 
565 0.966996 0.000000 1.118085 19.240799 0.000083 1.821178 0.012629 
566 0.966996 0.000000 1.030982 19.071222 -0.003065 1.969454 0.028317 
567 1.060438 0.000000 1.118085 19.324078 -0.001359 1.761857 0.004701 
568 0.966996 0.000000 1.205188 19.364022 -0.002302 1.543160 0.002527 
569 0.826834 0.000000 1.074534 18.985730 -0.001591 2.094847 0.035570 
570 0.826834 0.000000 1.030982 18.770256 -0.004032 2.222601 0.055617 
571 0.873555 0.000000 1.074534 19.072505 -0.000672 2.007376 0.027789 
572 0.826834 0.000000 1.118085 19.112987 -0.002698 2.036082 0.023396 
573 0.966996 0.000000 0.943879 19.160174 -0.014382 2.130879 0.017577 
574 0.966996 0.000000 0.856776 19.331686 0.014669 2.386658 -0.002929 
575 1.060438 0.000000 0.943879 19.290116 -0.013669 2.064073 0.005111 
576 0.920276 0.000000 1.074534 19.128396 0.000487 1.930997 0.022940 
577 0.920276 0.000000 1.030982 18.982070 -0.003704 2.042860 0.036506 
578 0.966996 0.000000 1.074534 19.185580 0.000847 1.861694 0.017843 
579 0.920276 0.000000 1.118085 19.197769 -0.000516 1.890034 0.016325 
580 -1.742813 0.000000 9.392880 19.448947 -0.000303 0.000660 0.000108 
581 -4.732946 0.000000 9.392880 19.449396 -0.000064 -0.000025 0.000062 
582 1.247321 0.000000 9.392880 19.448824 -0.000416 0.001876 0.000121 
583 -1.742813 0.000000 12.180179 19.449474 -0.000033 0.000345 0.000054 
584 -0.247746 0.000000 5.211931 19.442536 -0.002098 0.003187 0.000767 
585 -1.742813 0.000000 5.211931 19.444907 -0.001739 -0.000569 0.000524 
586 1.247321 0.000000 5.211931 19.443076 0.000292 0.010166 0.000712 
587 -0.247746 0.000000 6.605580 19.446281 -0.002169 0.001838 0.000382 
588 0.499788 0.000000 3.121456 19.406837 0.006198 0.033881 0.004430 
589 -0.247746 0.000000 3.121456 19.410554 0.004761 0.008981 0.004052 
590 1.247321 0.000000 3.121456 19.416762 0.008248 0.052746 0.003407 
591 0.499788 0.000000 3.818281 19.428086 0.019583 0.018154 0.002250 
592 0.873555 0.000000 2.076219 19.338402 0.011399 0.285814 0.011226 
593 0.499788 0.000000 2.076219 19.298471 0.008325 0.213627 0.015400 
594 1.247321 0.000000 2.076219 19.385473 0.015356 0.315647 0.006360 
595 0.873555 0.000000 2.424632 19.374962 0.009891 0.117508 0.007664 
596 1.060438 0.000000 1.553601 19.332219 0.022229 0.788040 0.010432 
597 0.873555 0.000000 1.553601 19.250080 0.018886 0.774170 0.018866 
598 1.247321 0.000000 1.553601 19.397366 0.026417 0.778458 0.003801 
599 1.060438 0.000000 1.727807 19.337878 0.018066 0.563087 0.010657 
600 0.966996 0.000000 1.292291 19.366985 -0.002058 1.416508 0.003214 
601 0.873555 0.000000 1.292291 19.246857 0.036569 1.361214 0.015878 
602 1.060438 0.000000 1.292291 19.369167 -0.002166 1.450402 0.002734 
603 0.966996 0.000000 1.379395 19.291277 0.027128 1.120609 0.012933 
604 0.920276 0.000000 1.161637 19.381151 -0.004295 1.727471 -0.000821 
605 0.873555 0.000000 1.161637 19.356721 -0.004524 1.797694 0.001026 
606 0.966996 0.000000 1.161637 19.358066 -0.002914 1.712263 0.001681 
607 0.920276 0.000000 1.205188 19.331622 -0.002343 1.603695 0.005337 
608 0.896915 0.000000 1.096309 19.135802 0.000086 1.939981 0.022099 
609 0.873555 0.000000 1.096309 19.089779 -0.000974 1.995305 0.026174 
610 0.896915 0.000000 1.074534 19.116692 -0.000012 1.957311 0.023853 
611 0.920276 0.000000 1.096309 19.157222 -0.000238 1.914893 0.020186 
612 0.896915 0.000000 1.118085 19.210729 -0.000898 1.889918 0.015011 
613 1.434205 0.000000 1.205188 19.485798 -0.011002 1.366112 -0.008618 
614 1.434205 0.000000 1.030982 19.322365 -0.031893 1.607197 0.006251 
615 1.621088 0.000000 1.205188 19.548914 -0.011368 0.951053 -0.012588 
616 1.434205 0.000000 1.379395 19.599209 -0.001848 1.198849 -0.019201 
617 1.153880 0.000000 1.118085 19.369949 -0.009404 1.699655 0.000578 
618 1.153880 0.000000 1.030982 19.336550 -0.015334 1.818635 0.002888 
619 1.247321 0.000000 1.118085 19.404286 -0.018286 1.635421 -0.002376 
620 1.153880 0.000000 1.205188 19.397477 -0.006870 1.598267 -0.001359 
621 1.013717 0.000000 1.074534 19.282537 -0.000020 1.795825 0.008621 
622 1.013717 0.000000 1.030982 19.245617 -0.006584 1.922437 0.011136 
623 1.060438 0.000000 1.074534 19.311959 -0.002188 1.820309 0.005385 
624 1.013717 0.000000 1.118085 19.307943 0.000485 1.752999 0.006431 
625 10.217723 0.000000 3.818281 19.450060 0.012812 0.040064 -0.000011 
626 10.217723 0.000000 1.030982 19.515899 -0.014267 1.928981 -0.016624 
627 13.207857 0.000000 3.818281 19.450248 0.016768 0.037034 -0.000030 
628 10.217723 0.000000 6.605580 19.451149 -0.002564 0.004221 -0.000118 
629 5.732522 0.000000 2.424632 19.462807 0.035520 0.187279 -0.001413 
630 5.732522 0.000000 1.030982 19.299484 0.596745 2.908677 -0.007888 
631 7.227589 0.000000 2.424632 19.527754 0.233901 0.010038 -0.008156 
632 5.732522 0.000000 3.818281 19.448340 0.019266 0.037468 0.000166 
633 3.489922 0.000000 1.727807 19.415584 0.162585 0.547206 0.002674 
634 3.489922 0.000000 1.030982 19.403768 -0.394823 1.822570 -0.004444 
635 4.237455 0.000000 1.727807 19.438362 0.282274 0.590561 0.000064 
636 3.489922 0.000000 2.424632 19.429548 0.037537 0.143778 0.002044 
637 2.368622 0.000000 1.379395 19.440461 0.087617 0.978272 -0.001569 
638 2.368622 0.000000 1.030982 19.731475 -0.086066 1.842852 -0.038150 
639 2.742388 0.000000 1.379395 19.453574 0.040668 0.864500 -0.002347 
640 2.368622 0.000000 1.727807 19.426300 0.057635 0.519535 0.001713 
641 1.807972 0.000000 1.205188 19.514476 0.006148 0.127065 -0.006684 
642 1.807972 0.000000 1.030982 19.112312 -0.022173 0.898516 0.032287 
643 1.994855 0.000000 1.205188 19.031155 0.017986 -1.403168 0.037400 
644 1.807972 0.000000 1.379395 19.690903 0.002468 0.568946 -0.025781 
645 10.217723 0.000000 -1.756317 19.686340 0.646194 -2.100634 -0.037218 
646 10.217723 0.000000 -4.543616 19.450315 0.008026 -0.021362 -0.000034 
647 13.207857 0.000000 -1.756317 19.449887 0.511080 -1.785810 -0.009109 
648 5.732522 0.000000 -0.362667 19.537834 0.293109 -0.654698 -0.010412 
649 5.732522 0.000000 -1.756317 19.710873 -0.312312 -0.371462 -0.027627 
650 7.227589 0.000000 -0.362667 19.484192 0.186940 -0.864651 -0.005588 
651 3.489922 0.000000 0.334157 19.419998 0.057394 0.713789 0.001727 
652 3.489922 0.000000 -0.362667 19.415842 0.054624 -0.782373 0.001883 
653 4.237455 0.000000 0.334157 19.391531 0.023379 0.673425 0.004803 
654 2.368622 0.000000 0.682570 19.652345 -0.207955 1.860899 -0.030183 
655 2.368622 0.000000 0.334157 19.582057 -0.074774 0.779372 -0.015246 
656 2.742388 0.000000 0.682570 19.538197 -0.214340 1.867344 -0.018429 
657 1.807972 0.000000 0.856776 19.416319 -0.065591 1.688917 -0.004091 
658 1.621088 0.000000 0.856776 19.206801 -0.041969 1.668872 0.017484 
659 1.807972 0.000000 0.682570 19.470455 -0.105339 1.729794 -0.010043 
660 1.994855 0.000000 0.856776 19.622343 -0.104251 1.681016 -0.025299 
661 1.714530 0.000000 1.118085 19.350430 -0.018196 0.994194 0.007599 
662 1.621088 0.000000 1.118085 19.387152 -0.020467 1.085241 0.003338 
663 1.714530 0.000000 1.030982 19.230620 -0.030325 1.126411 0.019075 
664 1.807972 0.000000 1.118085 19.338997 0.002033 0.207843 0.011267 
665 1.714530 0.000000 1.205188 19.554086 -0.006585 0.765382 -0.012280 
666 2.181738 0.000000 1.205188 19.131358 0.038072 -1.287911 0.028108 
667 2.181738 0.000000 1.030982 19.424337 0.035594 -1.346145 -0.002156 
668 2.368622 0.000000 1.205188 19.515856 0.057971 1.441128 -0.012282 
669 2.181738 0.000000 1.379395 19.316712 0.093019 0.910646 0.011444 
670 2.181738 0.000000 0.856776 19.744022 -0.153266 1.844909 -0.039522 
671 2.181738 0.000000 0.682570 19.644322 -0.181276 1.794315 -0.028679 
672 2.368622 0.000000 0.856776 19.711754 -0.234343 1.968224 -0.037482 
673 2.088297 0.000000 1.118085 19.198219 0.032778 -1.410070 0.020464 
674 1.994855 0.000000 1.118085 19.210803 0.027307 -1.452499 0.018866 
675 2.088297 0.000000 1.030982 19.948623 -0.016333 -0.712463 -0.053272 
676 2.181738 0.000000 1.118085 19.398430 0.502470 -0.389402 0.004228 
677 2.088297 0.000000 1.205188 18.910872 0.028419 -1.512363 0.048621 
678 3.116155 0.000000 1.379395 19.435004 -0.039763 0.808704 -0.000192 
679 3.116155 0.000000 1.030982 19.381176 -0.346259 1.749529 -0.001343 
680 3.489922 0.000000 1.379395 19.482250 -0.243546 0.718420 -0.004840 
681 3.116155 0.000000 1.727807 19.410645 0.105172 0.526181 0.003282 
682 2.555505 0.000000 1.205188 19.558965 -0.058729 1.306463 -0.015757 
683 2.555505 0.000000 1.030982 19.611360 -0.214782 1.796695 -0.025316 
684 2.742388 0.000000 1.205188 19.490849 -0.136436 1.250407 -0.008387 
685 2.555505 0.000000 1.379395 19.476729 0.061772 0.917503 -0.004986 
686 2.275180 0.000000 1.118085 19.310528 0.628244 -0.262211 0.013065 
687 2.275180 0.000000 1.030982 19.536143 0.973962 0.368911 -0.011745 
688 2.368622 0.000000 1.118085 19.536143 0.973962 0.368911 -0.011745 
689 2.275180 0.000000 1.205188 19.536143 0.973962 0.368911 -0.011745 
690 3.116155 0.000000 0.682570 19.411734 -0.090970 1.796769 -0.004625 
691 3.116155 0.000000 0.334157 19.487390 0.033104 0.763218 -0.005391 
692 3.489922 0.000000 0.682570 19.366254 -0.001631 1.732509 0.000658 
693 2.555505 0.000000 0.856776 19.622363 -0.255750 1.999747 -0.028546 
694 2.555505 0.000000 0.682570 19.606534 -0.189851 1.902209 -0.025821 
695 2.742388 0.000000 0.856776 19.542000 -0.215429 1.994988 -0.020126 
696 2.275180 0.000000 0.943879 19.800550 -0.104639 1.967671 -0.046634 
697 2.181738 0.000000 0.943879 19.854606 -0.050071 1.845312 -0.051045 
698 2.275180 0.000000 0.856776 19.741096 -0.193584 1.920461 -0.040005 
699 2.368622 0.000000 0.943879 19.735777 -0.174345 2.003699 -0.040295 
700 2.228459 0.000000 1.074534 19.398430 0.502470 -0.389402 0.004228 
701 2.181738 0.000000 1.074534 19.398430 0.502470 -0.389402 0.004228 
702 2.228459 0.000000 1.030982 19.658177 0.807597 0.264944 -0.023431 
703 2.275180 0.000000 1.074534 19.616944 0.882432 0.345742 -0.019614 
704 2.228459 0.000000 1.118085 19.398430 0.502470 -0.389402 0.004228 
705 2.088297 0.000000 0.943879 19.829074 -0.017154 1.650001 -0.046557 
706 1.994855 0.000000 0.943879 19.557540 -0.014436 0.414221 -0.011543 
707 2.088297 0.000000 0.856776 19.705414 -0.124436 1.754858 -0.034617 
708 2.135017 0.000000 1.074534 19.303156 0.019721 -1.323814 0.010409 
709 2.088297 0.000000 1.074534 19.241953 0.034913 -1.491754 0.015393 
710 2.135017 0.000000 1.030982 19.529247 0.025679 -1.174583 -0.011814 
711 2.135017 0.000000 1.118085 19.211255 0.022785 -1.328277 0.019734 
712 4.237455 0.000000 9.392880 19.449182 -0.000453 0.002650 0.000084 
713 7.227589 0.000000 9.392880 19.449392 -0.000319 0.003073 0.000062 
714 4.237455 0.000000 12.180179 19.449559 0.000002 0.001058 0.000045 
715 2.742388 0.000000 5.211931 19.445545 0.000446 0.013523 0.000458 
716 4.237455 0.000000 5.211931 19.447955 -0.003772 0.013397 0.000210 
717 2.742388 0.000000 6.605580 19.447452 -0.003209 0.005592 0.000262 
718 1.994855 0.000000 3.121456 19.427408 0.010900 0.059469 0.002312 
719 2.742388 0.000000 3.121456 19.433021 0.013926 0.062833 0.001734 
720 1.994855 0.000000 3.818281 19.438747 -0.000418 0.034589 0.001154 
721 2.368622 0.000000 2.076219 19.426306 0.027783 0.199127 0.002328 
722 1.994855 0.000000 2.076219 19.428736 0.022143 0.202369 0.002076 
723 2.742388 0.000000 2.076219 19.426336 0.135543 0.259227 0.002206 
724 2.368622 0.000000 2.424632 19.425715 0.021739 0.127201 0.002452 
725 2.181738 0.000000 1.553601 19.405097 0.067958 0.678630 0.003382 
726 1.994855 0.000000 1.553601 19.413883 0.058644 0.633681 0.002640 
727 2.368622 0.000000 1.553601 19.427730 0.074599 0.696712 0.000991 
728 2.181738 0.000000 1.727807 19.423509 0.050455 0.513964 0.002017 
729 2.275180 0.000000 1.292291 19.346533 0.099332 1.184193 0.006878 
730 2.181738 0.000000 1.292291 19.176731 0.107353 1.048894 0.024964 
731 2.368622 0.000000 1.292291 19.462780 0.082735 1.183582 -0.005036 
732 2.275180 0.000000 1.379395 19.383460 0.092743 0.972771 0.004306 
733 2.228459 0.000000 1.161637 19.398430 0.502470 -0.389402 0.004228 
734 2.181738 0.000000 1.161637 19.398430 0.502470 -0.389402 0.004228 
735 2.275180 0.000000 1.161637 19.379281 0.847552 0.317756 0.005093 
736 2.228459 0.000000 1.205188 19.301773 0.560992 -0.404348 0.013920 
737 2.205099 0.000000 1.096309 19.398430 0.502470 -0.389402 0.004228 
738 2.181738 0.000000 1.096309 19.398430 0.502470 -0.389402 0.004228 
739 2.205099 0.000000 1.074534 19.398430 0.502470 -0.389402 0.004228 
740 2.228459 0.000000 1.096309 19.398430 0.502470 -0.389402 0.004228 
741 2.205099 0.000000 1.118085 19.398430 0.502470 -0.389402 0.004228 
742 2.462063 0.000000 1.118085 19.631090 -0.078064 1.608047 -0.025559 
743 2.462063 0.000000 1.030982 19.668357 -0.166658 1.811555 -0.031328 
744 2.555505 0.000000 1.118085 19.593247 -0.145649 1.567763 -0.021337 
745 2.462063 0.000000 1.205188 19.569437 0.001323 1.362846 -0.017229 
746 2.321901 0.000000 1.074534 19.536143 0.973962 0.368911 -0.011745 
747 2.321901 0.000000 1.030982 19.536143 0.973962 0.368911 -0.011745 
748 2.368622 0.000000 1.074534 19.536143 0.973962 0.368911 -0.011745 
749 2.321901 0.000000 1.118085 19.536143 0.973962 0.368911 -0.011745 
750 2.251820 0.000000 1.096309 19.398430 0.502470 -0.389402 0.004228 
751 2.251820 0.000000 1.074534 19.426392 0.515228 -0.403070 0.001295 
752 2.275180 0.000000 1.096309 19.646444 0.842498 0.316621 -0.022443 
753 2.251820 0.000000 1.118085 19.398430 0.502470 -0.389402 0.004228 
754 2.088297 0.000000 1.292291 18.585940 0.002885 -0.266488 0.086688 
755 1.994855 0.000000 1.292291 19.028257 0.006235 -0.285694 0.042681 
756 2.088297 0.000000 1.379395 19.283069 0.090159 0.790593 0.015418 
757 2.135017 0.000000 1.161637 19.139217 0.026992 -1.417163 0.026391 
758 2.088297 0.000000 1.161637 19.198219 0.032778 -1.410070 0.020464 
759 2.135017 0.000000 1.205188 19.037655 0.025570 -1.356856 0.037083 
760 2.205099 0.000000 1.139861 19.398430 0.502470 -0.389402 0.004228 
761 2.181738 0.000000 1.139861 19.398430 0.502470 -0.389402 0.004228 
762 2.228459 0.000000 1.139861 19.398430 0.502470 -0.389402 0.004228 
763 2.205099 0.000000 1.161637 19.398430 0.502470 -0.389402 0.004228 
764 2.216779 0.000000 1.107197 19.411987 0.607764 -0.372963 0.002561 
765 2.205099 0.000000 1.107197 19.398430 0.502470 -0.389402 0.004228 
766 2.216779 0.000000 1.096309 19.398430 0.502470 -0.389402 0.004228 
767 2.228459 0.000000 1.107197 19.398430 0.502470 -0.389402 0.004228 
768 2.216779 0.000000 1.118085 19.396978 0.476538 -0.410918 0.004398 
769 0.149382 0.000000 0.878552 18.726553 0.019109 -1.644701 0.065855 
770 0.126021 0.000000 0.878552 18.712189 0.014649 -1.922407 0.064659 
771 0.172742 0.000000 0.878552 18.996407 -0.002361 -0.623213 0.045071 
772 0.161062 0.000000 0.911215 21.036036 -0.002863 -0.088978 -0.169759 
773 0.149382 0.000000 0.911215 20.286047 -0.002693 -0.506159 -0.088494 
774 0.161062 0.000000 0.900327 19.713069 -0.002539 -0.530550 -0.027978 
775 0.172742 0.000000 0.911215 20.869725 -0.002910 0.240902 -0.151469 
776 0.161062 0.000000 0.922103 21.984533 -0.002983 -0.271160 -0.277796 
777 0.686671 0.000000 1.553601 19.149798 0.014102 0.719961 0.029260 
778 0.499788 0.000000 1.553601 19.050567 0.011028 0.601492 0.039694 
779 0.686671 0.000000 1.727807 19.222242 0.012281 0.489791 0.022648 
780 0.593230 0.000000 1.292291 18.915169 0.020529 1.382614 0.049185 
781 0.499788 0.000000 1.292291 18.748213 0.016068 1.299720 0.066395 
782 0.686671 0.000000 1.292291 19.056764 0.025329 1.404428 0.034811 
783 0.593230 0.000000 1.379395 18.973389 0.015664 1.062065 0.045426 
784 0.546509 0.000000 1.161637 18.755230 -0.004692 2.386540 0.055110 
785 0.499788 0.000000 1.161637 18.570636 -0.004757 2.501740 0.071835 
786 0.593230 0.000000 1.161637 18.929639 -0.004944 2.239601 0.039533 
787 0.546509 0.000000 1.205188 18.792296 -0.004450 2.115218 0.054660 
788 0.126021 0.000000 2.076219 19.289379 0.009637 0.111153 0.016415 
789 -0.247746 0.000000 2.076219 19.327320 0.006089 0.004394 0.012575 
790 0.126021 0.000000 2.424632 19.355017 0.006717 0.045801 0.009737 
791 0.312905 0.000000 1.553601 18.996895 0.008831 0.414675 0.045594 
792 0.126021 0.000000 1.553601 19.027844 0.007204 0.214230 0.042817 
793 0.312905 0.000000 1.727807 19.147023 0.008111 0.293329 0.030684 
794 0.406346 0.000000 1.292291 18.588959 0.013159 1.113770 0.083300 
795 0.312905 0.000000 1.292291 18.491576 0.011001 0.833645 0.094287 
796 0.406346 0.000000 1.379395 18.774581 0.011435 0.829388 0.066427 
797 0.453067 0.000000 1.161637 18.330787 -0.004912 2.301264 0.097776 
798 0.406346 0.000000 1.161637 18.042488 -0.004813 2.349595 0.124901 
799 0.453067 0.000000 1.205188 18.464088 0.027365 1.779727 0.090435 
800 0.546509 0.000000 1.248740 18.798908 0.023497 1.583348 0.059201 
801 0.499788 0.000000 1.248740 18.684271 0.020088 1.539939 0.070919 
802 0.593230 0.000000 1.248740 18.901006 0.027226 1.600487 0.048882 
803 0.546509 0.000000 1.292291 18.833497 0.018258 1.352259 0.057554 
804 0.523148 0.000000 1.183413 18.692486 -0.004647 2.166050 0.063974 
805 0.499788 0.000000 1.183413 18.656326 -0.004680 2.184067 0.067337 
806 0.523148 0.000000 1.161637 18.704176 -0.004694 2.393791 0.060074 
807 0.546509 0.000000 1.183413 18.791829 -0.004471 2.115672 0.054701 
808 0.523148 0.000000 1.205188 18.788999 -0.004462 2.113731 0.055004 
809 0.780113 0.000000 1.292291 19.165030 0.030188 1.390377 0.023976 
810 0.780113 0.000000 1.379395 19.161756 0.021993 1.126223 0.026066 
811 0.639950 0.000000 1.248740 18.988556 0.031904 1.598720 0.040127 
812 0.639950 0.000000 1.205188 19.047887 -0.004382 1.886622 0.031512 
813 0.686671 0.000000 1.248740 19.115325 -0.003913 1.811491 0.025443 
814 0.639950 0.000000 1.292291 18.989769 0.022672 1.398942 0.041590 
815 0.733392 0.000000 1.248740 19.172851 -0.003889 1.733323 0.020354 
816 0.733392 0.000000 1.205188 19.163460 -0.004079 1.796189 0.020719 
817 0.780113 0.000000 1.248740 19.206708 -0.003813 1.686677 0.017341 
818 0.733392 0.000000 1.292291 19.115474 0.027212 1.398215 0.028933 
819 0.733392 0.000000 1.161637 19.178639 -0.005092 2.054782 0.016548 
820 0.686671 0.000000 1.161637 19.138536 -0.005182 2.098436 0.020131 
821 0.780113 0.000000 1.161637 19.266236 -0.004788 1.960582 0.008646 
822 0.710032 0.000000 1.226964 19.121032 -0.003983 1.812013 0.024862 
823 0.686671 0.000000 1.226964 19.114296 -0.004010 1.813403 0.025529 
824 0.710032 0.000000 1.205188 19.121730 -0.004194 1.830614 0.024612 
825 0.733392 0.000000 1.226964 19.159714 -0.003917 1.753042 0.021503 
826 0.710032 0.000000 1.248740 19.121032 -0.003983 1.812013 0.024862 
827 0.826834 0.000000 1.248740 19.256859 -0.002942 1.617427 0.012846 
828 0.826834 0.000000 1.205188 19.253509 -0.003330 1.703815 0.012429 
829 0.873555 0.000000 1.248740 19.282291 -0.002485 1.583303 0.010544 
830 0.826834 0.000000 1.292291 19.209213 0.033649 1.375917 0.019599 
831 0.920276 0.000000 1.248740 19.314578 -0.001974 1.526869 0.007714 
832 0.966996 0.000000 1.248740 19.364048 -0.001997 1.457039 0.003207 
833 0.920276 0.000000 1.292291 19.279404 0.039379 1.347675 0.012660 
834 1.153880 0.000000 1.292291 19.431498 -0.003276 1.428985 -0.003496 
835 1.247321 0.000000 1.292291 19.507265 -0.003588 1.369297 -0.010853 
836 1.153880 0.000000 1.379395 19.477732 -0.002879 1.325293 -0.007497 
837 1.013717 0.000000 1.248740 19.376548 -0.002595 1.457889 0.001920 
838 1.013717 0.000000 1.205188 19.384230 -0.002660 1.513741 0.000694 
839 1.060438 0.000000 1.248740 19.368069 -0.003067 1.491831 0.002524 
840 1.013717 0.000000 1.292291 19.369167 -0.002166 1.450402 0.002734 
841 1.621088 0.000000 2.076219 19.416426 0.020403 0.316191 0.003184 
842 1.621088 0.000000 2.424632 19.414551 0.015138 0.131677 0.003595 
843 1.807972 0.000000 1.553601 19.459122 0.047842 0.632691 -0.002002 
844 1.621088 0.000000 1.553601 19.476222 0.038233 0.688465 -0.003955 
845 1.807972 0.000000 1.727807 19.437382 0.036035 0.510174 0.000606 
846 1.714530 0.000000 1.292291 19.754777 -0.000868 0.872146 -0.033596 
847 1.621088 0.000000 1.292291 19.649353 -0.006433 1.021591 -0.023363 
848 1.807972 0.000000 1.292291 19.741442 0.001834 0.461844 -0.030757 
849 1.714530 0.000000 1.379395 19.784445 -0.000781 0.749725 -0.036172 
850 0.032580 0.000000 1.118085 18.450076 0.008315 -0.271010 0.099983 
851 -0.060862 0.000000 1.118085 18.800136 0.007431 -0.343340 0.065396 
852 0.032580 0.000000 1.205188 18.600500 0.007836 -0.060492 0.085435 
853 0.079300 0.000000 0.987431 18.000108 0.010735 -1.050120 0.140617 
854 0.032580 0.000000 0.987431 18.450626 0.009339 -0.908017 0.097944 
855 0.079300 0.000000 1.030982 17.972555 0.010186 -0.635766 0.145084 
856 0.149382 0.000000 0.965655 14.335993 -0.003057 -0.424611 0.456253 
857 0.126021 0.000000 0.965655 17.140908 0.014980 -1.762752 0.215130 
858 0.149382 0.000000 0.987431 16.179199 0.020371 -0.888994 0.305960 
859 0.172742 0.000000 1.074534 17.233955 0.013702 0.332464 0.214597 
860 0.126021 0.000000 1.074534 17.668577 0.011037 -0.116315 0.174755 
861 0.219463 0.000000 1.074534 16.908554 0.020976 1.001908 0.241603 
862 0.172742 0.000000 1.118085 17.673815 0.011623 0.382304 0.173915 
863 0.149382 0.000000 1.009206 16.600996 0.016750 -0.435158 0.270999 
864 0.126021 0.000000 1.009206 17.163041 0.013154 -0.719255 0.219970 
865 0.172742 0.000000 1.009206 15.558844 -0.002910 0.139674 0.360044 
866 0.149382 0.000000 1.030982 16.943769 0.014495 -0.182920 0.241018 
867 0.161062 0.000000 0.976543 14.675976 -0.003039 -0.192345 0.430558 
868 0.149382 0.000000 0.976543 15.938658 0.021972 -1.283245 0.324118 
869 0.161062 0.000000 0.965655 13.141337 -0.003613 -0.343625 0.543189 
870 0.172742 0.000000 0.976543 14.554453 -0.003287 0.176789 0.439963 
871 0.161062 0.000000 0.987431 15.163484 -0.002974 -0.049481 0.392196 
872 8.722656 0.000000 2.424632 19.487039 0.168974 0.244635 -0.004046 
873 8.722656 0.000000 1.030982 19.345705 0.195174 1.891000 0.001143 
874 10.217723 0.000000 2.424632 19.456713 0.037866 0.161179 -0.000763 
875 8.722656 0.000000 3.818281 19.449643 0.008002 0.039799 0.000032 
876 8.722656 0.000000 -0.362667 19.444044 0.080358 -0.777118 -0.001001 
877 8.722656 0.000000 -1.756317 19.009214 0.185074 -0.700385 0.043424 
878 10.217723 0.000000 -0.362667 19.469891 -0.053325 -0.738845 -0.003497 
879 11.712790 0.000000 2.424632 19.450233 0.033058 0.157214 -0.000092 
880 11.712790 0.000000 1.030982 19.453255 -0.068647 1.969380 -0.010599 
881 13.207857 0.000000 2.424632 19.450050 0.094841 0.193978 -0.000128 
882 11.712790 0.000000 3.818281 19.450481 0.012579 0.038233 -0.000054 
883 9.470190 0.000000 1.727807 19.566317 0.072475 0.976507 -0.014531 
884 8.722656 0.000000 1.727807 19.062119 -0.048908 0.740799 0.038030 
885 9.470190 0.000000 1.030982 19.428673 0.165283 1.801691 -0.006461 
886 10.217723 0.000000 1.727807 19.742021 0.827840 2.363823 -0.046835 
887 9.470190 0.000000 2.424632 19.480366 0.044097 0.198632 -0.003234 
888 0.488108 0.000000 0.802337 18.779331 0.033932 1.689968 0.060222 
889 0.488108 0.000000 0.791449 19.054988 0.033343 1.782460 0.031804 
890 0.499788 0.000000 0.802337 19.131842 0.034269 2.055501 0.021276 
891 0.511468 0.000000 0.824112 18.955552 0.037057 2.811774 0.029294 
892 0.511468 0.000000 0.813224 19.136890 0.035876 2.655977 0.013287 
893 0.511468 0.000000 0.835000 18.713296 0.037963 2.802504 0.053554 
894 0.493948 0.000000 0.818668 18.758301 0.034786 1.726442 0.061979 
895 0.488108 0.000000 0.818668 18.792141 0.034308 1.769857 0.058219 
896 0.493948 0.000000 0.813224 18.744287 0.034658 1.735654 0.063284 
897 0.499788 0.000000 0.818668 18.727809 0.035577 1.819987 0.064123 
898 0.493948 0.000000 0.824112 18.763307 0.035080 1.833641 0.060474 
899 0.511468 0.000000 0.802337 19.314586 0.035384 2.610163 -0.004137 
900 0.511468 0.000000 0.791449 19.058871 0.037643 2.570328 0.022347 
901 0.523148 0.000000 0.802337 18.952241 0.037918 3.287453 0.021957 
902 0.517308 0.000000 0.818668 18.791041 0.037971 3.047893 0.042052 
903 0.511468 0.000000 0.818668 19.139181 0.035993 2.669930 0.012859 
904 0.517308 0.000000 0.813224 18.791041 0.037971 3.047893 0.042052 
905 0.523148 0.000000 0.818668 18.761732 0.038132 3.640137 0.034491 
906 0.517308 0.000000 0.824112 18.846939 0.037937 3.075845 0.036038 
907 0.569869 0.000000 0.791449 21.286804 0.018456 4.942645 -0.262371 
908 0.569869 0.000000 0.769673 21.244088 0.019693 4.293504 -0.241720 
909 0.593230 0.000000 0.791449 20.579809 0.019851 4.808054 -0.180659 
910 0.534829 0.000000 0.802337 18.824689 0.038277 4.309975 0.014159 
911 0.534829 0.000000 0.791449 18.982702 0.038118 3.980025 0.005597 
912 0.546509 0.000000 0.802337 18.634393 0.038581 4.977084 0.016624 
913 0.558189 0.000000 0.824112 17.728687 0.039297 6.672296 0.051480 
914 0.558189 0.000000 0.813224 17.964675 0.039194 6.330232 0.040971 
915 0.569869 0.000000 0.824112 17.621802 0.039393 6.896202 0.053437 
916 0.540669 0.000000 0.818668 18.473719 0.038673 5.155695 0.027601 
917 0.534829 0.000000 0.818668 18.644845 0.038429 4.564274 0.026006 
918 0.540669 0.000000 0.813224 18.473719 0.038673 5.155695 0.027601 
919 0.546509 0.000000 0.818668 18.257396 0.038859 5.576384 0.036670 
920 0.540669 0.000000 0.824112 18.391545 0.038767 5.353801 0.030105 
921 0.552349 0.000000 0.829556 17.885643 0.039170 6.373142 0.047020 
922 0.546509 0.000000 0.829556 18.097830 0.038985 5.893223 0.042398 
923 0.552349 0.000000 0.824112 17.901222 0.039162 6.314650 0.047508 
924 0.558189 0.000000 0.829556 17.728687 0.039297 6.672296 0.051480 
925 0.552349 0.000000 0.835000 17.885643 0.039170 6.373142 0.047020 
926 0.581549 0.000000 0.824112 17.409029 0.039550 7.259389 0.059550 
927 0.581549 0.000000 0.813224 17.409029 0.039550 7.259389 0.059550 
928 0.593230 0.000000 0.824112 17.311647 0.039607 7.398498 0.063098 
929 0.733392 0.000000 0.900327 18.463317 -0.012898 2.886716 0.076857 
930 0.733392 0.000000 0.856776 18.961252 -0.038015 3.293713 0.020945 
931 0.780113 0.000000 0.900327 18.632760 -0.011547 2.714250 0.062795 
932 0.733392 0.000000 0.943879 18.395747 -0.015068 2.818833 0.084464 
933 0.733392 0.000000 0.813224 19.293008 0.023698 3.268332 -0.012160 
934 0.733392 0.000000 0.769673 19.592971 0.024451 3.137112 -0.040772 
935 0.780113 0.000000 0.813224 19.308361 0.024610 2.971442 -0.008830 
936 0.826834 0.000000 0.900327 18.800938 -0.012253 2.528723 0.048725 
937 0.826834 0.000000 0.856776 19.160107 0.010363 2.774536 0.009238 
938 0.873555 0.000000 0.900327 19.010935 -0.011540 2.303066 0.030617 
939 0.826834 0.000000 0.943879 18.799851 -0.016618 2.503575 0.049167 
940 0.756753 0.000000 0.878552 18.890842 0.061194 3.081220 0.031564 
941 0.733392 0.000000 0.878552 18.806982 0.039662 3.221526 0.037589 
942 0.756753 0.000000 0.856776 19.021248 -0.011709 3.133086 0.017653 
943 0.780113 0.000000 0.878552 18.960374 0.061941 2.960883 0.026529 
944 0.756753 0.000000 0.900327 18.467955 -0.014228 2.876956 0.076553 
945 0.710032 0.000000 0.878552 18.704486 0.048149 3.379339 0.044997 
946 0.686671 0.000000 0.878552 17.934651 -0.011505 3.347669 0.120125 
947 0.710032 0.000000 0.856776 18.889212 -0.159399 3.485845 0.024646 
948 0.710032 0.000000 0.900327 18.285100 -0.012776 3.043123 0.091717 
949 1.060438 0.000000 0.508364 19.729590 -0.002541 1.476037 -0.034715 
950 1.060438 0.000000 0.334157 19.791931 0.000917 0.923781 -0.037725 
951 1.247321 0.000000 0.508364 19.615799 -0.013969 1.392377 -0.022247 
952 0.966996 0.000000 0.769673 19.489507 0.017248 2.331503 -0.018437 
953 0.966996 0.000000 0.682570 19.628152 0.011357 2.157834 -0.030711 
954 1.060438 0.000000 0.769673 19.495272 0.009115 2.192838 -0.017372 
955 0.826834 0.000000 0.813224 19.333773 0.024383 2.755865 -0.008162 
956 0.826834 0.000000 0.769673 19.497702 0.023383 2.690522 -0.024048 
957 0.873555 0.000000 0.813224 19.362319 0.023377 2.592251 -0.008769 
958 0.756753 0.000000 0.835000 19.160060 0.021011 3.131583 0.003667 
959 0.733392 0.000000 0.835000 19.127836 0.019394 3.295593 0.004142 
960 0.756753 0.000000 0.813224 19.298564 0.024293 3.108051 -0.010025 
961 0.780113 0.000000 0.835000 19.191151 0.022088 2.991313 0.002786 
962 0.745072 0.000000 0.867664 18.919363 0.091373 3.193106 0.026846 
963 0.733392 0.000000 0.867664 18.881197 0.079182 3.273294 0.029294 
964 0.745072 0.000000 0.856776 18.992640 -0.021678 3.209405 0.019247 
965 0.756753 0.000000 0.867664 18.953786 0.109816 3.120206 0.024607 
966 0.745072 0.000000 0.878552 18.850544 0.070886 3.153860 0.034384 
967 0.803473 0.000000 0.878552 19.020989 0.066408 2.854102 0.022083 
968 0.803473 0.000000 0.856776 19.118752 0.006568 2.874821 0.011925 
969 0.826834 0.000000 0.878552 19.074991 0.071921 2.762305 0.018006 
970 0.803473 0.000000 0.900327 18.796219 -0.011223 2.550053 0.048907 
971 0.768433 0.000000 0.867664 18.985917 0.141338 3.050295 0.022504 
972 0.768433 0.000000 0.856776 19.047415 -0.004919 3.062198 0.016181 
973 0.780113 0.000000 0.867664 19.014975 0.208728 2.985835 0.020551 
974 0.768433 0.000000 0.878552 18.927523 0.060719 3.018126 0.028915 
975 0.803473 0.000000 0.835000 19.219972 0.022701 2.871304 0.001719 
976 0.803473 0.000000 0.813224 19.320152 0.024618 2.854542 -0.008234 
977 0.826834 0.000000 0.835000 19.247484 0.022909 2.770266 0.000428 
978 0.791793 0.000000 0.867664 19.043663 0.463608 2.915970 0.018302 
979 0.791793 0.000000 0.856776 19.096423 0.003711 2.933406 0.013281 
980 0.803473 0.000000 0.867664 19.075125 -1.041456 2.791937 0.014704 
981 0.791793 0.000000 0.878552 18.991685 0.063972 2.905884 0.024240 
982 0.920276 0.000000 0.900327 19.190434 0.053134 2.425150 0.010958 
983 0.920276 0.000000 0.856776 19.287236 0.014807 2.480416 0.000403 
984 0.966996 0.000000 0.900327 19.254179 0.045318 2.347045 0.005468 
985 0.920276 0.000000 0.943879 19.085461 -0.014742 2.212720 0.024191 
986 0.850194 0.000000 0.878552 19.124614 0.078745 2.678825 0.014193 
987 0.850194 0.000000 0.856776 19.197992 0.012444 2.686241 0.006671 
988 0.873555 0.000000 0.878552 19.167278 0.090002 2.604719 0.010905 
989 0.850194 0.000000 0.900327 18.800938 -0.012253 2.528723 0.048725 
990 0.815154 0.000000 0.867664 19.093715 -0.211410 2.815326 0.015231 
991 0.815154 0.000000 0.856776 19.139705 0.008739 2.823994 0.010571 
992 0.826834 0.000000 0.867664 19.116981 -0.106351 2.770188 0.013635 
993 0.815154 0.000000 0.878552 19.048670 0.069131 2.806529 0.020009 
994 0.920276 0.000000 0.813224 19.388590 0.022529 2.467143 -0.009786 
995 0.920276 0.000000 0.769673 19.486641 0.020431 2.421321 -0.019270 
996 0.966996 0.000000 0.813224 19.411804 0.019761 2.373437 -0.010968 
997 0.850194 0.000000 0.835000 19.273285 0.022758 2.682327 -0.000932 
998 0.850194 0.000000 0.813224 19.348039 0.023941 2.669594 -0.008383 
999 0.873555 0.000000 0.835000 19.297159 0.022435 2.603870 -0.002269 
1000 0.838514 0.000000 0.867664 19.139552 -0.065700 2.726001 0.012013 
1001 0.838514 0.000000 0.856776 19.179715 0.011530 2.728232 0.007924 
1002 0.850194 0.000000 0.867664 19.160767 -0.044374 2.684267 0.010468 
1003 0.838514 0.000000 0.878552 19.100357 0.074905 2.719756 0.016062 
1004 0.896915 0.000000 0.878552 19.204435 0.109451 2.538095 0.008031 
1005 0.896915 0.000000 0.856776 19.261197 0.014659 2.538667 0.002283 
1006 0.920276 0.000000 0.878552 19.237394 0.144660 2.476956 0.005469 
1007 0.896915 0.000000 0.900327 19.152243 0.056621 2.475937 0.014170 
1008 0.896915 0.000000 0.835000 19.318679 0.022181 2.534216 -0.003520 
1009 0.896915 0.000000 0.813224 19.375800 0.022856 2.523980 -0.009226 
1010 0.920276 0.000000 0.835000 19.338069 0.022016 2.476934 -0.004743 
1011 0.885235 0.000000 0.867664 19.216238 -0.016461 2.573856 0.006380 
1012 0.873555 0.000000 0.867664 19.199187 -0.022637 2.608046 0.007643 
1013 0.885235 0.000000 0.856776 19.246757 0.014104 2.573778 0.003279 
1014 0.896915 0.000000 0.867664 19.232674 -0.011625 2.540346 0.005163 
1015 0.885235 0.000000 0.878552 19.186171 0.098266 2.571425 0.009441 
1016 1.434205 0.000000 0.856776 19.279477 -0.051711 1.810475 0.008786 
1017 1.434205 0.000000 0.682570 19.463533 -0.040593 1.835001 -0.010297 
1018 1.153880 0.000000 0.943879 19.307182 -0.026849 1.927069 0.004813 
1019 1.153880 0.000000 0.856776 19.312150 -0.023097 2.032611 0.003202 
1020 1.247321 0.000000 0.943879 19.313617 -0.040377 1.808438 0.005325 
1021 1.013717 0.000000 0.900327 19.303629 -0.016502 2.122114 0.003090 
1022 1.013717 0.000000 0.856776 19.367260 0.012957 2.304676 -0.005551 
1023 1.060438 0.000000 0.900327 19.296975 -0.017650 2.089632 0.004130 
1024 1.013717 0.000000 0.943879 19.252987 -0.015702 2.110096 0.008385 
1025 0.943636 0.000000 0.878552 19.266401 0.224920 2.420699 0.003167 
1026 0.943636 0.000000 0.856776 19.310605 0.015236 2.431487 -0.001346 
1027 0.966996 0.000000 0.878552 19.298910 0.595861 2.238403 0.001293 
1028 0.943636 0.000000 0.900327 19.224041 0.049217 2.384213 0.008067 
1029 0.908595 0.000000 0.867664 19.247639 -0.008249 2.509159 0.004057 
1030 0.908595 0.000000 0.856776 19.274514 0.014798 2.509169 0.001320 
1031 0.920276 0.000000 0.867664 19.261945 -0.005689 2.480484 0.002979 
1032 0.908595 0.000000 0.878552 19.221170 0.123959 2.506399 0.006745 
1033 1.153880 0.000000 0.769673 19.493610 -0.002307 2.106727 -0.016222 
1034 1.153880 0.000000 0.682570 19.557757 -0.006695 1.966503 -0.021334 
1035 1.247321 0.000000 0.769673 19.478516 -0.015879 2.043599 -0.013975 
1036 1.013717 0.000000 0.813224 19.430500 0.016671 2.292609 -0.011890 
1037 1.013717 0.000000 0.769673 19.492623 0.013830 2.255036 -0.017830 
1038 1.060438 0.000000 0.813224 19.445280 0.012126 2.228339 -0.012641 
1039 0.943636 0.000000 0.835000 19.355788 0.020998 2.427141 -0.005909 
1040 0.943636 0.000000 0.813224 19.400682 0.021302 2.417584 -0.010386 
1041 0.966996 0.000000 0.835000 19.371848 0.019636 2.382490 -0.006986 
1042 0.990357 0.000000 0.878552 19.321752 -0.536009 2.156892 0.000087 
1043 0.990357 0.000000 0.856776 19.350227 0.014121 2.343219 -0.004281 
1044 1.013717 0.000000 0.878552 19.303947 -0.012715 2.126088 0.003013 
1045 0.990357 0.000000 0.900327 19.281509 0.040371 2.310630 0.003133 
1046 0.955316 0.000000 0.867664 19.300142 -0.000330 2.409137 0.000008 
1047 0.943636 0.000000 0.867664 19.287930 -0.001527 2.433387 0.000943 
1048 0.955316 0.000000 0.856776 19.321430 0.014991 2.408263 -0.002155 
1049 0.966996 0.000000 0.867664 19.311566 0.000618 2.387533 -0.000884 
1050 0.955316 0.000000 0.878552 19.280907 0.323915 2.375603 0.002117 
1051 1.107159 0.000000 0.900327 19.296975 -0.017650 2.089632 0.004130 
1052 1.107159 0.000000 0.856776 19.303629 -0.016502 2.122114 0.003090 
1053 1.153880 0.000000 0.900327 19.310043 -0.030709 1.959717 0.004185 
1054 1.107159 0.000000 0.943879 19.305794 -0.026912 1.954269 0.004676 
1055 1.037078 0.000000 0.878552 19.303629 -0.016502 2.122114 0.003090 
1056 1.037078 0.000000 0.856776 19.303947 -0.012715 2.126088 0.003013 
1057 1.060438 0.000000 0.878552 19.303629 -0.016502 2.122114 0.003090 
1058 1.037078 0.000000 0.900327 19.296975 -0.017650 2.089632 0.004130 
1059 1.013717 0.000000 0.987431 19.238619 -0.016725 2.053651 0.010469 
1060 0.966996 0.000000 0.987431 19.132347 -0.015799 2.073303 0.021033 
1061 1.060438 0.000000 0.987431 19.298855 -0.009366 1.929117 0.005644 
1062 0.990357 0.000000 0.922103 19.209724 -0.013402 2.125766 0.012609 
1063 0.966996 0.000000 0.922103 19.159697 -0.012131 2.133883 0.017591 
1064 1.013717 0.000000 0.922103 19.266657 -0.014942 2.105201 0.007048 
1065 0.990357 0.000000 0.943879 19.242368 -0.014352 2.125066 0.009299 
1066 1.002037 0.000000 0.889440 19.309091 0.060108 2.321152 0.000185 
1067 0.990357 0.000000 0.889440 19.297465 0.059519 2.341328 0.001123 
1068 1.002037 0.000000 0.878552 19.327339 -0.281012 2.268288 -0.001236 
1069 1.013717 0.000000 0.889440 19.303629 -0.016502 2.122114 0.003090 
1070 1.002037 0.000000 0.900327 19.303947 -0.012715 2.126088 0.003013 
1071 1.037078 0.000000 0.922103 19.292570 -0.016054 2.099697 0.004468 
1072 1.060438 0.000000 0.922103 19.296975 -0.017650 2.089632 0.004130 
1073 1.037078 0.000000 0.943879 19.287664 -0.014426 2.073506 0.005257 
1074 1.025397 0.000000 0.889440 19.303629 -0.016502 2.122114 0.003090 
1075 1.025397 0.000000 0.878552 19.303629 -0.016502 2.122114 0.003090 
1076 1.037078 0.000000 0.889440 19.303629 -0.016502 2.122114 0.003090 
1077 1.025397 0.000000 0.900327 19.303629 -0.016502 2.122114 0.003090 
1078 1.107159 0.000000 0.813224 19.454593 0.006903 2.180424 -0.013040 
1079 1.107159 0.000000 0.769673 19.495713 0.003830 2.146194 -0.016882 
1080 1.153880 0.000000 0.813224 19.459129 0.000740 2.139569 -0.013040 
1081 1.083798 0.000000 0.878552 19.303629 -0.016502 2.122114 0.003090 
1082 1.083798 0.000000 0.856776 19.303629 -0.016502 2.122114 0.003090 
1083 1.107159 0.000000 0.878552 19.296975 -0.017650 2.089632 0.004130 
1084 1.083798 0.000000 0.900327 19.296975 -0.017650 2.089632 0.004130 
1085 1.048758 0.000000 0.889440 19.303629 -0.016502 2.122114 0.003090 
1086 1.048758 0.000000 0.878552 19.303629 -0.016502 2.122114 0.003090 
1087 1.060438 0.000000 0.889440 19.296975 -0.017650 2.089632 0.004130 
1088 1.048758 0.000000 0.900327 19.296975 -0.017650 2.089632 0.004130 
1089 1.107159 0.000000 0.987431 19.312490 -0.017785 1.872642 0.004819 
1090 1.153880 0.000000 0.987431 19.305356 -0.028169 1.922941 0.005042 
1091 1.107159 0.000000 1.030982 19.313946 -0.014486 1.858052 0.004815 
1092 1.083798 0.000000 0.922103 19.296975 -0.017650 2.089632 0.004130 
1093 1.107159 0.000000 0.922103 19.309565 -0.027460 1.994023 0.003876 
1094 1.083798 0.000000 0.943879 19.292805 -0.014270 2.047618 0.005015 
1095 1.072118 0.000000 0.889440 19.296975 -0.017650 2.089632 0.004130 
1096 1.072118 0.000000 0.878552 19.303629 -0.016502 2.122114 0.003090 
1097 1.083798 0.000000 0.889440 19.296975 -0.017650 2.089632 0.004130 
1098 1.072118 0.000000 0.900327 19.296975 -0.017650 2.089632 0.004130 
1099 1.340763 0.000000 0.943879 19.293842 -0.046825 1.776738 0.007642 
1100 1.340763 0.000000 0.856776 19.296048 -0.046569 1.824852 0.006959 
1101 1.434205 0.000000 0.943879 19.247980 -0.050157 1.711932 0.012912 
1102 1.340763 0.000000 1.030982 19.350381 -0.030763 1.694649 0.002623 
1103 1.200601 0.000000 0.900327 19.315318 -0.032862 1.946727 0.003780 
1104 1.200601 0.000000 0.856776 19.328450 -0.042175 1.850610 0.003402 
1105 1.247321 0.000000 0.900327 19.323112 -0.043769 1.829803 0.004150 
1106 1.200601 0.000000 0.943879 19.311023 -0.030094 1.927853 0.004413 
1107 1.130519 0.000000 0.878552 19.312150 -0.023097 2.032611 0.003202 
1108 1.130519 0.000000 0.856776 19.303629 -0.016502 2.122114 0.003090 
1109 1.153880 0.000000 0.878552 19.316039 -0.029339 1.986362 0.003295 
1110 1.130519 0.000000 0.900327 19.309565 -0.027460 1.994023 0.003876 
1111 1.095479 0.000000 0.889440 19.296975 -0.017650 2.089632 0.004130 
1112 1.095479 0.000000 0.878552 19.296975 -0.017650 2.089632 0.004130 
1113 1.107159 0.000000 0.889440 19.296975 -0.017650 2.089632 0.004130 
1114 1.095479 0.000000 0.900327 19.296975 -0.017650 2.089632 0.004130 
1115 1.083798 0.000000 0.835000 19.427694 0.010294 2.210847 -0.010628 
1116 1.060438 0.000000 0.835000 19.420184 0.012667 2.237513 -0.010171 
1117 1.083798 0.000000 0.813224 19.450565 0.009668 2.202967 -0.012887 
1118 1.107159 0.000000 0.835000 19.303947 -0.012715 2.126088 0.003013 
1119 1.095479 0.000000 0.867664 19.303629 -0.016502 2.122114 0.003090 
1120 1.083798 0.000000 0.867664 19.303629 -0.016502 2.122114 0.003090 
1121 1.095479 0.000000 0.856776 19.303629 -0.016502 2.122114 0.003090 
1122 1.107159 0.000000 0.867664 19.303629 -0.016502 2.122114 0.003090 
1123 1.089639 0.000000 0.883996 19.296975 -0.017650 2.089632 0.004130 
1124 1.083798 0.000000 0.883996 19.296975 -0.017650 2.089632 0.004130 
1125 1.089639 0.000000 0.878552 19.296975 -0.017650 2.089632 0.004130 
1126 1.095479 0.000000 0.883996 19.296975 -0.017650 2.089632 0.004130 
1127 1.089639 0.000000 0.889440 19.296975 -0.017650 2.089632 0.004130 
1128 1.130519 0.000000 0.922103 19.310043 -0.030709 1.959717 0.004185 
1129 1.153880 0.000000 0.922103 19.310043 -0.030709 1.959717 0.004185 
1130 1.130519 0.000000 0.943879 19.305794 -0.026912 1.954269 0.004676 
1131 1.118839 0.000000 0.889440 19.305029 -0.022309 2.030625 0.003950 
1132 1.118839 0.000000 0.878552 19.296975 -0.017650 2.089632 0.004130 
1133 1.130519 0.000000 0.889440 19.309565 -0.027460 1.994023 0.003876 
1134 1.118839 0.000000 0.900327 19.309565 -0.027460 1.994023 0.003876 
1135 4.237455 0.000000 -7.330915 19.449111 -0.000141 -0.005678 0.000091 
1136 4.237455 0.000000 -10.118214 19.449313 -0.000426 -0.002017 0.000071 
1137 7.227589 0.000000 -7.330915 19.449731 0.000351 -0.005803 0.000028 
1138 2.742388 0.000000 -3.149967 19.433261 0.013626 -0.061192 0.001710 
1139 2.742388 0.000000 -4.543616 19.444201 0.000172 -0.021195 0.000595 
1140 4.237455 0.000000 -3.149967 19.440911 0.020504 -0.068293 0.000921 
1141 1.994855 0.000000 -1.059492 38.915896 0.077375 -0.426726 -3.003767 
1142 1.994855 0.000000 -1.756317 19.427762 0.041506 -0.485719 0.001657 
1143 2.742388 0.000000 -1.059492 19.516428 -0.241446 -1.697626 -0.014614 
1144 1.621088 0.000000 -0.014255 19.569813 -0.011949 -0.031832 -0.012361 
1145 1.621088 0.000000 -0.362667 19.524596 -0.029632 -0.871747 -0.009696 
1146 1.994855 0.000000 -0.014255 19.548564 -0.031200 -0.029804 -0.010166 
1147 1.434205 0.000000 0.508364 19.533940 -0.027575 1.330501 -0.013331 
1148 1.434205 0.000000 0.334157 19.580036 -0.013512 0.837320 -0.015270 
1149 1.621088 0.000000 0.508364 19.489311 -0.047201 1.275725 -0.008354 
1150 1.340763 0.000000 0.769673 19.455337 -0.029604 1.994236 -0.011064 
1151 1.340763 0.000000 0.682570 19.495295 -0.029306 1.870251 -0.013911 
1152 1.434205 0.000000 0.769673 19.426809 -0.042625 1.950548 -0.007679 
1153 1.200601 0.000000 0.813224 19.457865 -0.006005 2.104580 -0.012517 
1154 1.200601 0.000000 0.769673 19.487730 -0.008815 2.072811 -0.015241 
1155 1.247321 0.000000 0.813224 19.451726 -0.013139 2.074182 -0.011550 
1156 1.177240 0.000000 0.878552 19.315318 -0.032862 1.946727 0.003780 
1157 1.177240 0.000000 0.856776 19.320282 -0.032355 1.942436 0.003318 
1158 1.200601 0.000000 0.878552 19.318320 -0.036005 1.903874 0.003909 
1159 1.177240 0.000000 0.900327 19.315318 -0.032862 1.946727 0.003780 
1160 1.142200 0.000000 0.889440 19.309565 -0.027460 1.994023 0.003876 
1161 1.142200 0.000000 0.878552 19.316039 -0.029339 1.986362 0.003295 
1162 1.153880 0.000000 0.889440 19.309565 -0.027460 1.994023 0.003876 
1163 1.142200 0.000000 0.900327 19.310043 -0.030709 1.959717 0.004185 
1164 1.200601 0.000000 0.987431 19.337950 -0.023752 1.854662 0.002395 
1165 1.247321 0.000000 0.987431 19.347133 -0.032597 1.761652 0.002343 
1166 1.200601 0.000000 1.030982 19.351352 -0.021804 1.822474 0.001337 
1167 1.177240 0.000000 0.922103 19.311023 -0.030094 1.927853 0.004413 
1168 1.200601 0.000000 0.922103 19.315582 -0.031786 1.911717 0.004111 
1169 1.177240 0.000000 0.943879 19.311023 -0.030094 1.927853 0.004413 
1170 1.165560 0.000000 0.889440 19.315318 -0.032862 1.946727 0.003780 
1171 1.165560 0.000000 0.878552 19.316039 -0.029339 1.986362 0.003295 
1172 1.177240 0.000000 0.889440 19.315318 -0.032862 1.946727 0.003780 
1173 1.165560 0.000000 0.900327 19.310043 -0.030709 1.959717 0.004185 
1174 1.294042 0.000000 0.900327 19.305658 -0.046946 1.822072 0.006006 
1175 1.294042 0.000000 0.856776 19.328450 -0.042175 1.850610 0.003402 
1176 1.340763 0.000000 0.900327 19.297359 -0.048889 1.804303 0.007022 
1177 1.294042 0.000000 0.943879 19.300150 -0.045677 1.794641 0.006830 
1178 1.223961 0.000000 0.878552 19.323112 -0.043769 1.829803 0.004150 
1179 1.223961 0.000000 0.856776 19.328450 -0.042175 1.850610 0.003402 
1180 1.247321 0.000000 0.878552 19.323112 -0.043769 1.829803 0.004150 
1181 1.223961 0.000000 0.900327 19.323112 -0.043769 1.829803 0.004150 
1182 1.188920 0.000000 0.889440 19.315318 -0.032862 1.946727 0.003780 
1183 1.188920 0.000000 0.878552 19.315318 -0.032862 1.946727 0.003780 
1184 1.200601 0.000000 0.889440 19.315318 -0.032862 1.946727 0.003780 
1185 1.188920 0.000000 0.900327 19.315318 -0.032862 1.946727 0.003780 
1186 1.223961 0.000000 0.922103 19.318036 -0.034085 1.870433 0.004272 
1187 1.247321 0.000000 0.922103 19.321559 -0.039428 1.806519 0.004533 
1188 1.223961 0.000000 0.943879 19.315582 -0.031786 1.911717 0.004111 
1189 1.212281 0.000000 0.889440 19.323112 -0.043769 1.829803 0.004150 
1190 1.212281 0.000000 0.878552 19.323112 -0.043769 1.829803 0.004150 
1191 1.223961 0.000000 0.889440 19.323112 -0.043769 1.829803 0.004150 
1192 1.212281 0.000000 0.900327 19.318320 -0.036005 1.903874 0.003909 
1193 1.294042 0.000000 0.813224 19.442979 -0.020254 2.046520 -0.010350 
1194 1.294042 0.000000 0.769673 19.467386 -0.022849 2.017623 -0.012551 
1195 1.340763 0.000000 0.813224 19.432494 -0.026899 2.021215 -0.009002 
1196 1.270682 0.000000 0.878552 19.323112 -0.043769 1.829803 0.004150 
1197 1.270682 0.000000 0.856776 19.328450 -0.042175 1.850610 0.003402 
1198 1.294042 0.000000 0.878552 19.305658 -0.046946 1.822072 0.006006 
1199 1.270682 0.000000 0.900327 19.312796 -0.043869 1.826381 0.005236 
1200 1.235641 0.000000 0.889440 19.323112 -0.043769 1.829803 0.004150 
1201 1.235641 0.000000 0.878552 19.323112 -0.043769 1.829803 0.004150 
1202 1.247321 0.000000 0.889440 19.323112 -0.043769 1.829803 0.004150 
1203 1.235641 0.000000 0.900327 19.323112 -0.043769 1.829803 0.004150 
1204 1.340763 0.000000 1.118085 19.401508 -0.018928 1.619458 -0.001953 
1205 1.434205 0.000000 1.118085 19.398320 -0.021115 1.470336 -0.000409 
1206 1.340763 0.000000 1.205188 19.443209 -0.010695 1.541158 -0.005581 
1207 1.294042 0.000000 0.987431 19.330978 -0.035368 1.751102 0.004092 
1208 1.340763 0.000000 0.987431 19.331952 -0.037368 1.707778 0.004389 
1209 1.294042 0.000000 1.030982 19.358194 -0.027712 1.694047 0.001830 
1210 1.270682 0.000000 0.922103 19.307531 -0.043522 1.807838 0.005952 
1211 1.294042 0.000000 0.922103 19.300150 -0.045677 1.794641 0.006830 
1212 1.270682 0.000000 0.943879 19.300150 -0.045677 1.794641 0.006830 
1213 1.259002 0.000000 0.889440 19.323112 -0.043769 1.829803 0.004150 
1214 1.259002 0.000000 0.878552 19.323112 -0.043769 1.829803 0.004150 
1215 1.270682 0.000000 0.889440 19.323112 -0.043769 1.829803 0.004150 
1216 1.259002 0.000000 0.900327 19.323112 -0.043769 1.829803 0.004150 
1217 1.527646 0.000000 0.943879 19.222443 -0.050420 1.667454 0.015906 
1218 1.527646 0.000000 0.856776 19.200159 -0.052236 1.661917 0.018217 
1219 1.621088 0.000000 0.943879 19.162177 -0.043224 1.512945 0.023322 
1220 1.527646 0.000000 1.030982 19.336503 -0.031972 1.504282 0.005652 
1221 1.387484 0.000000 0.900327 19.271606 -0.054010 1.778802 0.009888 
1222 1.387484 0.000000 0.856776 19.279477 -0.051711 1.810475 0.008786 
1223 1.434205 0.000000 0.900327 19.271606 -0.054010 1.778802 0.009888 
1224 1.387484 0.000000 0.943879 19.290744 -0.046803 1.774830 0.007976 
1225 1.317403 0.000000 0.878552 19.303963 -0.046943 1.830542 0.006097 
1226 1.317403 0.000000 0.856776 19.312917 -0.042840 1.839112 0.005101 
1227 1.340763 0.000000 0.878552 19.294344 -0.049276 1.807525 0.007299 
1228 1.317403 0.000000 0.900327 19.297359 -0.048889 1.804303 0.007022 
1229 1.282362 0.000000 0.889440 19.305658 -0.046946 1.822072 0.006006 
1230 1.282362 0.000000 0.878552 19.312796 -0.043869 1.826381 0.005236 
1231 1.294042 0.000000 0.889440 19.305658 -0.046946 1.822072 0.006006 
1232 1.282362 0.000000 0.900327 19.305658 -0.046946 1.822072 0.006006 
1233 1.317403 0.000000 0.922103 19.297359 -0.048889 1.804303 0.007022 
1234 1.340763 0.000000 0.922103 19.293842 -0.046825 1.776738 0.007642 
1235 1.317403 0.000000 0.943879 19.296725 -0.044273 1.771730 0.007396 
1236 1.305722 0.000000 0.889440 19.305658 -0.046946 1.822072 0.006006 
1237 1.305722 0.000000 0.878552 19.305658 -0.046946 1.822072 0.006006 
1238 1.317403 0.000000 0.889440 19.297359 -0.048889 1.804303 0.007022 
1239 1.305722 0.000000 0.900327 19.297359 -0.048889 1.804303 0.007022 
1240 1.527646 0.000000 0.769673 19.403580 -0.054869 1.908299 -0.004867 
1241 1.527646 0.000000 0.682570 19.439654 -0.052966 1.803113 -0.007538 
1242 1.621088 0.000000 0.769673 19.394934 -0.068171 1.863453 -0.003537 
1243 1.387484 0.000000 0.813224 19.418967 -0.033647 1.996571 -0.007352 
1244 1.387484 0.000000 0.769673 19.441131 -0.036326 1.972322 -0.009375 
1245 1.434205 0.000000 0.813224 19.405150 -0.039524 1.971988 -0.005677 
1246 1.364124 0.000000 0.878552 19.286002 -0.049579 1.797503 0.008245 
1247 1.364124 0.000000 0.856776 19.279477 -0.051711 1.810475 0.008786 
1248 1.387484 0.000000 0.878552 19.271606 -0.054010 1.778802 0.009888 
1249 1.364124 0.000000 0.900327 19.294344 -0.049276 1.807525 0.007299 
1250 1.329083 0.000000 0.889440 19.297359 -0.048889 1.804303 0.007022 
1251 1.329083 0.000000 0.878552 19.303963 -0.046943 1.830542 0.006097 
1252 1.340763 0.000000 0.889440 19.294344 -0.049276 1.807525 0.007299 
1253 1.329083 0.000000 0.900327 19.297359 -0.048889 1.804303 0.007022 
1254 1.387484 0.000000 0.987431 19.348038 -0.031773 1.677945 0.003012 
1255 1.434205 0.000000 0.987431 19.298812 -0.038787 1.639631 0.008375 
1256 1.387484 0.000000 1.030982 19.358628 -0.029680 1.666551 0.002029 
1257 1.364124 0.000000 0.922103 19.293842 -0.046825 1.776738 0.007642 
1258 1.387484 0.000000 0.922103 19.283351 -0.046551 1.760273 0.008866 
1259 1.364124 0.000000 0.943879 19.293842 -0.046825 1.776738 0.007642 
1260 1.352443 0.000000 0.889440 19.294344 -0.049276 1.807525 0.007299 
1261 1.352443 0.000000 0.878552 19.294344 -0.049276 1.807525 0.007299 
1262 1.364124 0.000000 0.889440 19.294344 -0.049276 1.807525 0.007299 
1263 1.352443 0.000000 0.900327 19.294344 -0.049276 1.807525 0.007299 
1264 1.480926 0.000000 0.900327 19.243027 -0.053300 1.732048 0.013232 
1265 1.480926 0.000000 0.856776 19.279477 -0.051711 1.810475 0.008786 
1266 1.527646 0.000000 0.900327 19.223208 -0.053819 1.699889 0.015538 
1267 1.480926 0.000000 0.943879 19.234950 -0.051735 1.689465 0.014439 
1268 1.410844 0.000000 0.878552 19.271606 -0.054010 1.778802 0.009888 
1269 1.410844 0.000000 0.856776 19.279477 -0.051711 1.810475 0.008786 
1270 1.434205 0.000000 0.878552 19.271606 -0.054010 1.778802 0.009888 
1271 1.410844 0.000000 0.900327 19.271606 -0.054010 1.778802 0.009888 
1272 1.410844 0.000000 0.922103 19.271890 -0.049117 1.736940 0.010249 
1273 1.434205 0.000000 0.922103 19.247980 -0.050157 1.711932 0.012912 
1274 1.410844 0.000000 0.943879 19.271890 -0.049117 1.736940 0.010249 
1275 1.399164 0.000000 0.889440 19.271606 -0.054010 1.778802 0.009888 
1276 1.387484 0.000000 0.889440 19.271606 -0.054010 1.778802 0.009888 
1277 1.399164 0.000000 0.878552 19.271606 -0.054010 1.778802 0.009888 
1278 1.410844 0.000000 0.889440 19.271606 -0.054010 1.778802 0.009888 
1279 1.399164 0.000000 0.900327 19.271606 -0.054010 1.778802 0.009888 
1280 1.480926 0.000000 0.813224 19.392287 -0.045508 1.948116 -0.004112 
1281 1.480926 0.000000 0.769673 19.414276 -0.048616 1.929519 -0.006178 
1282 1.527646 0.000000 0.813224 19.380692 -0.050499 1.922646 -0.002664 
1283 1.457565 0.000000 0.878552 19.271606 -0.054010 1.778802 0.009888 
1284 1.457565 0.000000 0.856776 19.279477 -0.051711 1.810475 0.008786 
1285 1.480926 0.000000 0.878552 19.239818 -0.051973 1.736196 0.013520 
1286 1.457565 0.000000 0.900327 19.243027 -0.053300 1.732048 0.013232 
1287 1.422525 0.000000 0.889440 19.271606 -0.054010 1.778802 0.009888 
1288 1.422525 0.000000 0.878552 19.271606 -0.054010 1.778802 0.009888 
1289 1.434205 0.000000 0.889440 19.271606 -0.054010 1.778802 0.009888 
1290 1.422525 0.000000 0.900327 19.271606 -0.054010 1.778802 0.009888 
1291 1.527646 0.000000 1.118085 19.394048 -0.023094 1.429064 0.000345 
1292 1.527646 0.000000 1.205188 19.483448 -0.012076 1.330575 -0.008123 
1293 1.480926 0.000000 0.987431 19.228731 -0.048423 1.660442 0.015329 
1294 1.527646 0.000000 0.987431 19.228731 -0.048423 1.660442 0.015329 
1295 1.480926 0.000000 1.030982 19.321919 -0.033429 1.552409 0.006753 
1296 1.457565 0.000000 0.922103 19.247980 -0.050157 1.711932 0.012912 
1297 1.480926 0.000000 0.922103 19.228651 -0.054617 1.702483 0.014962 
1298 1.457565 0.000000 0.943879 19.234950 -0.051735 1.689465 0.014439 
1299 1.445885 0.000000 0.889440 19.271606 -0.054010 1.778802 0.009888 
1300 1.445885 0.000000 0.878552 19.271606 -0.054010 1.778802 0.009888 
1301 1.457565 0.000000 0.889440 19.255405 -0.051000 1.751320 0.011795 
1302 1.445885 0.000000 0.900327 19.255405 -0.051000 1.751320 0.011795 
1303 1.714530 0.000000 0.943879 19.082242 -0.035888 1.307693 0.032934 
1304 1.714530 0.000000 0.856776 19.355472 -0.055150 1.759435 0.001506 
1305 1.807972 0.000000 0.943879 19.166479 -0.022833 0.985958 0.026370 
1306 1.574367 0.000000 0.900327 19.185696 -0.055225 1.626164 0.019995 
1307 1.574367 0.000000 0.856776 19.200159 -0.052236 1.661917 0.018217 
1308 1.621088 0.000000 0.900327 19.185696 -0.055225 1.626164 0.019995 
1309 1.574367 0.000000 0.943879 19.185571 -0.047728 1.583943 0.020368 
1310 1.504286 0.000000 0.878552 19.239818 -0.051973 1.736196 0.013520 
1311 1.504286 0.000000 0.856776 19.244326 -0.043070 1.742494 0.013006 
1312 1.527646 0.000000 0.878552 19.227390 -0.049548 1.713316 0.014993 
1313 1.504286 0.000000 0.900327 19.228651 -0.054617 1.702483 0.014962 
1314 1.469245 0.000000 0.889440 19.243027 -0.053300 1.732048 0.013232 
1315 1.469245 0.000000 0.878552 19.255405 -0.051000 1.751320 0.011795 
1316 1.480926 0.000000 0.889440 19.243027 -0.053300 1.732048 0.013232 
1317 1.469245 0.000000 0.900327 19.243027 -0.053300 1.732048 0.013232 
1318 1.807972 0.000000 0.508364 19.500337 -0.075336 1.235956 -0.009236 
1319 1.807972 0.000000 0.334157 19.523746 -0.045023 0.762990 -0.009142 
1320 1.994855 0.000000 0.508364 19.550120 -0.106988 1.230446 -0.014354 
1321 1.714530 0.000000 0.769673 19.410484 -0.084525 1.821400 -0.004729 
1322 1.714530 0.000000 0.682570 19.440117 -0.085456 1.746021 -0.007062 
1323 1.807972 0.000000 0.769673 19.453630 -0.104254 1.788083 -0.008854 
1324 1.574367 0.000000 0.813224 19.373085 -0.055057 1.895199 -0.001609 
1325 1.574367 0.000000 0.769673 19.397177 -0.060913 1.886128 -0.003989 
1326 1.621088 0.000000 0.813224 19.370170 -0.061168 1.866155 -0.001024 
1327 1.551007 0.000000 0.878552 19.200159 -0.052236 1.661917 0.018217 
1328 1.551007 0.000000 0.856776 19.200159 -0.052236 1.661917 0.018217 
1329 1.574367 0.000000 0.878552 19.200159 -0.052236 1.661917 0.018217 
1330 1.551007 0.000000 0.900327 19.185696 -0.055225 1.626164 0.019995 
1331 1.504286 0.000000 0.922103 19.228651 -0.054617 1.702483 0.014962 
1332 1.527646 0.000000 0.922103 19.228651 -0.054617 1.702483 0.014962 
1333 1.504286 0.000000 0.943879 19.222443 -0.050420 1.667454 0.015906 
1334 1.515966 0.000000 0.889440 19.239818 -0.051973 1.736196 0.013520 
1335 1.504286 0.000000 0.889440 19.239818 -0.051973 1.736196 0.013520 
1336 1.515966 0.000000 0.878552 19.239818 -0.051973 1.736196 0.013520 
1337 1.527646 0.000000 0.889440 19.223208 -0.053819 1.699889 0.015538 
1338 1.515966 0.000000 0.900327 19.223208 -0.053819 1.699889 0.015538 
1339 1.574367 0.000000 0.987431 19.308825 -0.033380 1.431775 0.009042 
1340 1.621088 0.000000 0.987431 19.141287 -0.042654 1.465550 0.025810 
1341 1.574367 0.000000 1.030982 19.332720 -0.031451 1.391963 0.006899 
1342 1.551007 0.000000 0.922103 19.209734 -0.052462 1.673652 0.017142 
1343 1.574367 0.000000 0.922103 19.185696 -0.055225 1.626164 0.019995 
1344 1.551007 0.000000 0.943879 19.216873 -0.049056 1.659454 0.016543 
1345 1.539327 0.000000 0.889440 19.185696 -0.055225 1.626164 0.019995 
1346 1.539327 0.000000 0.878552 19.200159 -0.052236 1.661917 0.018217 
1347 1.551007 0.000000 0.889440 19.185696 -0.055225 1.626164 0.019995 
1348 1.539327 0.000000 0.900327 19.209734 -0.052462 1.673652 0.017142 
1349 1.667809 0.000000 0.900327 19.157773 -0.043226 1.516433 0.023740 
1350 1.667809 0.000000 0.856776 19.341248 -0.052091 1.800207 0.002578 
1351 1.714530 0.000000 0.900327 19.115388 -0.034216 1.370949 0.029140 
1352 1.667809 0.000000 0.943879 19.133969 -0.045557 1.466929 0.026539 
1353 1.597728 0.000000 0.878552 19.200159 -0.052236 1.661917 0.018217 
1354 1.597728 0.000000 0.856776 19.200159 -0.052236 1.661917 0.018217 
1355 1.621088 0.000000 0.878552 19.200159 -0.052236 1.661917 0.018217 
1356 1.597728 0.000000 0.900327 19.185696 -0.055225 1.626164 0.019995 
1357 1.597728 0.000000 0.922103 19.185696 -0.055225 1.626164 0.019995 
1358 1.621088 0.000000 0.922103 19.157572 -0.046821 1.524078 0.023698 
1359 1.597728 0.000000 0.943879 19.174372 -0.043615 1.544938 0.021827 
1360 1.586048 0.000000 0.889440 19.185696 -0.055225 1.626164 0.019995 
1361 1.574367 0.000000 0.889440 19.185696 -0.055225 1.626164 0.019995 
1362 1.586048 0.000000 0.878552 19.200159 -0.052236 1.661917 0.018217 
1363 1.597728 0.000000 0.889440 19.185696 -0.055225 1.626164 0.019995 
1364 1.586048 0.000000 0.900327 19.185696 -0.055225 1.626164 0.019995 
1365 1.667809 0.000000 0.813224 19.374447 -0.067149 1.837707 -0.001185 
1366 1.667809 0.000000 0.769673 19.399211 -0.075861 1.841240 -0.003761 
1367 1.714530 0.000000 0.813224 19.387614 -0.074085 1.808595 -0.002256 
1368 1.644449 0.000000 0.878552 19.200159 -0.052236 1.661917 0.018217 
1369 1.644449 0.000000 0.856776 19.338013 -0.050476 1.820243 0.002717 
1370 1.667809 0.000000 0.878552 19.168188 -0.034567 1.528895 0.022586 
1371 1.644449 0.000000 0.900327 19.157773 -0.043226 1.516433 0.023740 
1372 1.609408 0.000000 0.889440 19.185696 -0.055225 1.626164 0.019995 
1373 1.609408 0.000000 0.878552 19.200159 -0.052236 1.661917 0.018217 
1374 1.621088 0.000000 0.889440 19.200159 -0.052236 1.661917 0.018217 
1375 1.609408 0.000000 0.900327 19.185696 -0.055225 1.626164 0.019995 
1376 1.901413 0.000000 0.943879 19.399567 -0.014578 0.629858 0.004130 
1377 1.901413 0.000000 0.856776 19.514575 -0.085418 1.656888 -0.013927 
1378 1.901413 0.000000 1.030982 19.338262 -0.012944 0.322913 0.011181 
1379 1.761251 0.000000 0.900327 19.115388 -0.034216 1.370949 0.029140 
1380 1.761251 0.000000 0.856776 19.380620 -0.058402 1.721485 -0.000721 
1381 1.807972 0.000000 0.900327 19.384083 0.085596 1.587057 0.000089 
1382 1.761251 0.000000 0.943879 19.145983 -0.027421 1.122814 0.027683 
1383 1.691169 0.000000 0.878552 19.129574 -0.027165 1.388918 0.027576 
1384 1.691169 0.000000 0.856776 19.346786 -0.053737 1.779622 0.002206 
1385 1.714530 0.000000 0.878552 19.129574 -0.027165 1.388918 0.027576 
1386 1.691169 0.000000 0.900327 19.115388 -0.034216 1.370949 0.029140 
1387 1.667809 0.000000 0.987431 19.124684 -0.038617 1.402330 0.027970 
1388 1.714530 0.000000 0.987431 19.109251 -0.037082 1.367784 0.029783 
1389 1.667809 0.000000 1.030982 19.256836 -0.029743 1.205671 0.015919 
1390 1.644449 0.000000 0.922103 19.157572 -0.046821 1.524078 0.023698 
1391 1.667809 0.000000 0.922103 19.133969 -0.045557 1.466929 0.026539 
1392 1.644449 0.000000 0.943879 19.133969 -0.045557 1.466929 0.026539 
1393 1.656129 0.000000 0.889440 19.176631 -0.043879 1.570917 0.021384 
1394 1.644449 0.000000 0.889440 19.176631 -0.043879 1.570917 0.021384 
1395 1.656129 0.000000 0.878552 19.206801 -0.041969 1.668872 0.017484 
1396 1.667809 0.000000 0.889440 19.157773 -0.043226 1.516433 0.023740 
1397 1.656129 0.000000 0.900327 19.157773 -0.043226 1.516433 0.023740 
1398 1.901413 0.000000 0.769673 19.517883 -0.124984 1.775708 -0.015369 
1399 1.901413 0.000000 0.682570 19.517258 -0.126061 1.726036 -0.014845 
1400 1.994855 0.000000 0.769673 19.587992 -0.144210 1.789881 -0.022763 
1401 1.761251 0.000000 0.813224 19.409069 -0.081538 1.782235 -0.004209 
1402 1.761251 0.000000 0.769673 19.428835 -0.093839 1.803184 -0.006443 
1403 1.807972 0.000000 0.813224 19.438608 -0.090592 1.759973 -0.007039 
1404 1.737890 0.000000 0.878552 19.129574 -0.027165 1.388918 0.027576 
1405 1.737890 0.000000 0.856776 19.366519 -0.056576 1.739565 0.000558 
1406 1.761251 0.000000 0.878552 19.362234 -0.045881 1.680409 0.001534 
1407 1.737890 0.000000 0.900327 19.115388 -0.034216 1.370949 0.029140 
1408 1.691169 0.000000 0.922103 19.129409 -0.042427 1.449382 0.027136 
1409 1.714530 0.000000 0.922103 19.082242 -0.035888 1.307693 0.032934 
1410 1.691169 0.000000 0.943879 19.129409 -0.042427 1.449382 0.027136 
1411 1.702850 0.000000 0.889440 19.115388 -0.034216 1.370949 0.029140 
1412 1.691169 0.000000 0.889440 19.115388 -0.034216 1.370949 0.029140 
1413 1.702850 0.000000 0.878552 19.129574 -0.027165 1.388918 0.027576 
1414 1.714530 0.000000 0.889440 19.115388 -0.034216 1.370949 0.029140 
1415 1.702850 0.000000 0.900327 19.115388 -0.034216 1.370949 0.029140 
1416 1.761251 0.000000 0.987431 19.122401 -0.023394 1.010108 0.030704 
1417 1.807972 0.000000 0.987431 19.141391 -0.025566 1.018495 0.028738 
1418 1.761251 0.000000 1.030982 19.195479 -0.018923 0.812250 0.024256 
1419 1.737890 0.000000 0.922103 19.082242 -0.035888 1.307693 0.032934 
1420 1.761251 0.000000 0.922103 19.115388 -0.034216 1.370949 0.029140 
1421 1.737890 0.000000 0.943879 19.082242 -0.035888 1.307693 0.032934 
1422 1.726210 0.000000 0.889440 19.115388 -0.034216 1.370949 0.029140 
1423 1.726210 0.000000 0.878552 19.129574 -0.027165 1.388918 0.027576 
1424 1.737890 0.000000 0.889440 19.115388 -0.034216 1.370949 0.029140 
1425 1.726210 0.000000 0.900327 19.115388 -0.034216 1.370949 0.029140 
1426 1.854692 0.000000 0.900327 19.257719 -0.011384 0.884749 0.017605 
1427 1.854692 0.000000 0.856776 19.461867 -0.075807 1.665994 -0.008573 
1428 1.901413 0.000000 0.900327 19.510368 0.038303 1.542526 -0.012511 
1429 1.854692 0.000000 0.943879 19.200541 -0.015244 0.729296 0.024080 
1430 1.784611 0.000000 0.878552 19.380344 -0.048732 1.659839 -0.000139 
1431 1.784611 0.000000 0.856776 19.397225 -0.061402 1.704221 -0.002268 
1432 1.807972 0.000000 0.878552 19.401435 -0.053567 1.641238 -0.002140 
1433 1.784611 0.000000 0.900327 19.129574 -0.027165 1.388918 0.027576 
1434 1.784611 0.000000 0.922103 19.178492 -0.024468 1.108222 0.024476 
1435 1.807972 0.000000 0.922103 19.178492 -0.024468 1.108222 0.024476 
1436 1.784611 0.000000 0.943879 19.145983 -0.027421 1.122814 0.027683 
1437 1.772931 0.000000 0.889440 19.129574 -0.027165 1.388918 0.027576 
1438 1.761251 0.000000 0.889440 19.129574 -0.027165 1.388918 0.027576 
1439 1.772931 0.000000 0.878552 19.371040 -0.047039 1.669802 0.000727 
1440 1.784611 0.000000 0.889440 19.370739 -0.057623 1.637019 0.001041 
1441 1.772931 0.000000 0.900327 19.115388 -0.034216 1.370949 0.029140 
1442 1.854692 0.000000 0.813224 19.475048 -0.100758 1.744803 -0.010651 
1443 1.854692 0.000000 0.769673 19.483545 -0.114852 1.778491 -0.011848 
1444 1.901413 0.000000 0.813224 19.516827 -0.110481 1.739476 -0.014914 
1445 1.831332 0.000000 0.878552 19.425975 -0.059547 1.626104 -0.004530 
1446 1.831332 0.000000 0.856776 19.437991 -0.070598 1.675927 -0.006203 
1447 1.854692 0.000000 0.878552 19.452927 -0.064730 1.613984 -0.007198 
1448 1.831332 0.000000 0.900327 19.257719 -0.011384 0.884749 0.017605 
1449 1.901413 0.000000 1.118085 19.297166 0.015619 -0.708657 0.014326 
1450 1.901413 0.000000 1.205188 19.349026 0.021838 -0.782339 0.008737 
1451 1.854692 0.000000 0.987431 19.289612 -0.011727 0.501639 0.015759 
1452 1.901413 0.000000 0.987431 19.370125 -0.015442 0.487378 0.007568 
1453 1.854692 0.000000 1.030982 19.320246 -0.012630 0.416825 0.012838 
1454 1.831332 0.000000 0.922103 19.241595 -0.014720 0.845494 0.019425 
1455 1.854692 0.000000 0.922103 19.241595 -0.014720 0.845494 0.019425 
1456 1.831332 0.000000 0.943879 19.182799 -0.018225 0.894202 0.025172 
1457 1.819652 0.000000 0.889440 19.405471 -0.068060 1.607832 -0.002272 
1458 1.807972 0.000000 0.889440 19.392843 -0.064194 1.616558 -0.001050 
1459 1.819652 0.000000 0.878552 19.413171 -0.056487 1.632883 -0.003273 
1460 1.831332 0.000000 0.889440 19.419059 -0.071806 1.599866 -0.003600 
1461 1.819652 0.000000 0.900327 19.257719 -0.011384 0.884749 0.017605 
1462 1.948134 0.000000 0.900327 19.581893 0.020377 1.546684 -0.019933 
1463 1.948134 0.000000 0.856776 19.569639 -0.094976 1.661519 -0.019661 
1464 1.994855 0.000000 0.900327 19.651063 0.004713 1.573365 -0.027325 
1465 1.948134 0.000000 0.943879 19.557540 -0.014436 0.414221 -0.011543 
1466 1.878053 0.000000 0.878552 19.482361 -0.070148 1.605969 -0.010161 
1467 1.878053 0.000000 0.856776 19.487722 -0.080484 1.660065 -0.011184 
1468 1.901413 0.000000 0.878552 19.512860 -0.075050 1.602043 -0.013273 
1469 1.878053 0.000000 0.900327 19.475831 0.048218 1.547502 -0.008994 
1470 1.878053 0.000000 0.922103 19.241595 -0.014720 0.845494 0.019425 
1471 1.901413 0.000000 0.922103 19.257719 -0.011384 0.884749 0.017605 
1472 1.878053 0.000000 0.943879 19.241595 -0.014720 0.845494 0.019425 
1473 1.866373 0.000000 0.889440 19.463266 -0.081508 1.581390 -0.007993 
1474 1.854692 0.000000 0.889440 19.447845 -0.078300 1.586500 -0.006448 
1475 1.866373 0.000000 0.878552 19.467285 -0.067583 1.609444 -0.008637 
1476 1.878053 0.000000 0.889440 19.479117 -0.084734 1.577166 -0.009591 
1477 1.866373 0.000000 0.900327 19.459089 0.053555 1.551668 -0.007307 
1478 2.368622 0.000000 -0.014255 19.567611 -0.034439 -0.030187 -0.012136 
1479 2.368622 0.000000 -0.362667 19.585126 -0.082170 -0.858891 -0.015911 
1480 2.742388 0.000000 -0.014255 19.554091 -0.000451 -0.031242 -0.010735 
1481 2.181738 0.000000 0.508364 19.596124 -0.129629 1.258786 -0.019315 
1482 2.181738 0.000000 0.334157 19.570462 -0.076508 0.760526 -0.013970 
1483 2.368622 0.000000 0.508364 19.606108 -0.134524 1.298108 -0.020619 
1484 2.088297 0.000000 0.769673 19.646582 -0.163427 1.827669 -0.029217 
1485 2.088297 0.000000 0.682570 19.613236 -0.163110 1.761563 -0.025129 
1486 2.181738 0.000000 0.769673 19.682628 -0.186260 1.875988 -0.033458 
1487 1.948134 0.000000 0.813224 19.560293 -0.120268 1.743641 -0.019448 
1488 1.948134 0.000000 0.769673 19.553417 -0.134862 1.779488 -0.019081 
1489 1.994855 0.000000 0.813224 19.602258 -0.129584 1.757417 -0.023926 
1490 1.924774 0.000000 0.878552 19.543950 -0.080075 1.601833 -0.016483 
1491 1.924774 0.000000 0.856776 19.542041 -0.090337 1.657385 -0.016770 
1492 1.948134 0.000000 0.878552 19.575372 -0.084895 1.606241 -0.019772 
1493 1.924774 0.000000 0.900327 19.545868 0.029016 1.541896 -0.016169 
1494 1.948134 0.000000 0.987431 19.469211 -0.014576 0.405283 -0.002411 
1495 1.994855 0.000000 0.987431 19.776827 -0.020720 0.137118 -0.033940 
1496 1.948134 0.000000 1.030982 19.369086 -0.013896 0.296311 0.008070 
1497 1.924774 0.000000 0.922103 19.562505 -0.010513 0.473232 -0.012194 
1498 1.948134 0.000000 0.922103 19.562505 -0.010513 0.473232 -0.012194 
1499 1.924774 0.000000 0.943879 19.457599 -0.013419 0.571064 -0.001644 
1500 1.913093 0.000000 0.889440 19.528041 -0.094028 1.570653 -0.014585 
1501 1.901413 0.000000 0.889440 19.511580 -0.090882 1.571994 -0.012896 
1502 1.913093 0.000000 0.878552 19.528283 -0.077561 1.601261 -0.014859 
1503 1.924774 0.000000 0.889440 19.544770 -0.097210 1.570752 -0.016316 
1504 1.913093 0.000000 0.900327 19.527907 0.033563 1.541380 -0.014310 
1505 2.041576 0.000000 0.900327 19.711166 -0.009799 1.619691 -0.033970 
1506 2.041576 0.000000 0.856776 19.668714 -0.113707 1.713645 -0.030413 
1507 2.088297 0.000000 0.900327 19.756227 -0.024677 1.680011 -0.039199 
1508 2.041576 0.000000 0.943879 19.770609 -0.005901 1.560462 -0.039676 
1509 1.971494 0.000000 0.878552 19.605934 -0.089795 1.615719 -0.023021 
1510 1.971494 0.000000 0.856776 19.596419 -0.099618 1.669634 -0.022508 
1511 1.994855 0.000000 0.878552 19.635412 -0.094575 1.629035 -0.026195 
1512 1.971494 0.000000 0.900327 19.617128 0.012208 1.557474 -0.023672 
1513 1.971494 0.000000 0.922103 19.562505 -0.010513 0.473232 -0.012194 
1514 1.994855 0.000000 0.922103 19.669168 -0.023793 1.575755 -0.029229 
1515 1.971494 0.000000 0.943879 19.557540 -0.014436 0.414221 -0.011543 
1516 1.959814 0.000000 0.889440 19.594776 -0.106735 1.578590 -0.021560 
1517 1.948134 0.000000 0.889440 19.578379 -0.103424 1.574462 -0.019826 
1518 1.959814 0.000000 0.878552 19.590639 -0.087378 1.610359 -0.021389 
1519 1.971494 0.000000 0.889440 19.611145 -0.109796 1.583656 -0.023300 
1520 1.959814 0.000000 0.900327 19.599569 0.016113 1.551621 -0.021804 
1521 2.041576 0.000000 0.813224 19.639982 -0.139042 1.780304 -0.028060 
1522 2.041576 0.000000 0.769673 19.619637 -0.153513 1.806758 -0.026211 
1523 2.088297 0.000000 0.813224 19.670973 -0.149040 1.808834 -0.031559 
1524 2.018215 0.000000 0.878552 19.663003 -0.099450 1.646646 -0.029216 
1525 2.018215 0.000000 0.856776 19.646682 -0.108834 1.695924 -0.027961 
1526 2.041576 0.000000 0.878552 19.687760 -0.104498 1.667814 -0.031979 
1527 2.018215 0.000000 0.900327 19.682772 -0.002581 1.594484 -0.030799 
1528 2.135017 0.000000 0.900327 19.782764 -0.040268 1.745390 -0.042567 
1529 2.135017 0.000000 0.856776 19.730665 -0.137504 1.800305 -0.037686 
1530 2.181738 0.000000 0.900327 19.791378 -0.057802 1.805513 -0.044037 
1531 2.135017 0.000000 0.943879 19.856464 -0.031640 1.751904 -0.050348 
1532 2.064936 0.000000 0.878552 19.709640 -0.109991 1.691928 -0.034475 
1533 2.064936 0.000000 0.856776 19.688520 -0.118808 1.733564 -0.032658 
1534 2.088297 0.000000 0.878552 19.728120 -0.115870 1.717868 -0.036639 
1535 2.064936 0.000000 0.900327 19.735842 -0.017223 1.648638 -0.036794 
1536 2.041576 0.000000 0.987431 19.897257 -0.024079 0.044252 -0.046526 
1537 2.088297 0.000000 0.987431 20.123735 -0.030508 -0.202394 -0.070589 
1538 2.041576 0.000000 1.030982 19.504471 -0.007323 -1.061945 -0.008590 
1539 2.018215 0.000000 0.922103 19.705814 -0.028896 1.599639 -0.033244 
1540 2.041576 0.000000 0.922103 19.739121 -0.034692 1.629339 -0.036971 
1541 2.018215 0.000000 0.943879 19.562505 -0.010513 0.473232 -0.012194 
1542 2.029896 0.000000 0.889440 19.685673 -0.125119 1.626118 -0.031412 
1543 2.018215 0.000000 0.889440 19.672271 -0.122053 1.615430 -0.029924 
1544 2.029896 0.000000 0.878552 19.675632 -0.101993 1.657002 -0.030621 
1545 2.041576 0.000000 0.889440 19.698603 -0.128291 1.637496 -0.032858 
1546 2.029896 0.000000 0.900327 19.697312 -0.006095 1.606527 -0.032415 
1547 2.275180 0.000000 0.769673 19.693062 -0.213032 1.924904 -0.035064 
1548 2.275180 0.000000 0.682570 19.657178 -0.198286 1.829330 -0.030367 
1549 2.368622 0.000000 0.769673 19.680629 -0.234186 1.963723 -0.034194 
1550 2.135017 0.000000 0.813224 19.694046 -0.160799 1.840925 -0.034279 
1551 2.135017 0.000000 0.769673 19.667613 -0.174164 1.851619 -0.031645 
1552 2.181738 0.000000 0.813224 19.709585 -0.175190 1.873585 -0.036231 
1553 2.111657 0.000000 0.878552 19.743078 -0.122353 1.745444 -0.038456 
1554 2.111657 0.000000 0.856776 19.719786 -0.130615 1.777799 -0.036334 
1555 2.135017 0.000000 0.878552 19.754220 -0.129312 1.772119 -0.039872 
1556 2.111657 0.000000 0.900327 19.771633 -0.032244 1.712682 -0.041103 
1557 2.064936 0.000000 0.922103 19.766674 -0.040183 1.663120 -0.040144 
1558 2.088297 0.000000 0.922103 19.789348 -0.046479 1.700704 -0.042850 
1559 2.064936 0.000000 0.943879 19.803388 -0.011281 1.602497 -0.043457 
1560 2.076616 0.000000 0.889440 19.731939 -0.138093 1.675982 -0.036677 
1561 2.064936 0.000000 0.889440 19.721810 -0.134774 1.662666 -0.035500 
1562 2.076616 0.000000 0.878552 19.719338 -0.112887 1.704555 -0.035601 
1563 2.088297 0.000000 0.889440 19.741092 -0.141366 1.690034 -0.037759 
1564 2.076616 0.000000 0.900327 19.746483 -0.020952 1.663891 -0.038038 
1565 2.228459 0.000000 0.900327 19.785896 -0.078375 1.855671 -0.043956 
1566 2.228459 0.000000 0.856776 19.746723 -0.172334 1.886135 -0.040226 
1567 2.275180 0.000000 0.900327 19.771363 -0.101031 1.891404 -0.042801 
1568 2.228459 0.000000 0.943879 19.832355 -0.074278 1.919692 -0.049459 
1569 2.158378 0.000000 0.878552 19.761603 -0.137083 1.799175 -0.040904 
1570 2.158378 0.000000 0.856776 19.738731 -0.144812 1.822816 -0.038748 
1571 2.181738 0.000000 0.878552 19.765738 -0.145949 1.825079 -0.041591 
1572 2.158378 0.000000 0.900327 19.788984 -0.048584 1.776087 -0.043505 
1573 2.135017 0.000000 0.987431 20.278728 -0.030601 0.044326 -0.087039 
1574 2.181738 0.000000 0.987431 20.424952 -0.032864 0.114048 -0.102802 
1575 2.158378 0.000000 0.922103 19.820493 -0.069194 1.816008 -0.047190 
1576 2.135017 0.000000 0.922103 19.816023 -0.060947 1.779265 -0.046370 
1577 2.181738 0.000000 0.922103 19.820218 -0.078826 1.850834 -0.047503 
1578 2.158378 0.000000 0.943879 19.858613 -0.040038 1.800353 -0.051030 
1579 2.146698 0.000000 0.889440 19.771503 -0.158526 1.762445 -0.041610 
1580 2.135017 0.000000 0.889440 19.767714 -0.154992 1.748426 -0.041081 
1581 2.146698 0.000000 0.878552 19.758323 -0.133003 1.785829 -0.040432 
1582 2.158378 0.000000 0.889440 19.774491 -0.162315 1.776764 -0.042060 
1583 2.146698 0.000000 0.900327 19.786327 -0.044242 1.760564 -0.043081 
1584 2.228459 0.000000 0.813224 19.715728 -0.190960 1.905195 -0.037202 
1585 2.228459 0.000000 0.769673 19.690773 -0.199353 1.901179 -0.034571 
1586 2.275180 0.000000 0.813224 19.714705 -0.208207 1.933518 -0.037401 
1587 2.205099 0.000000 0.878552 19.766705 -0.155558 1.849606 -0.041938 
1588 2.205099 0.000000 0.856776 19.746502 -0.162388 1.866188 -0.039997 
1589 2.228459 0.000000 0.878552 19.765018 -0.166284 1.871949 -0.041991 
1590 2.205099 0.000000 0.900327 19.790143 -0.067530 1.832379 -0.044169 
1591 2.228459 0.000000 0.987431 19.907349 -0.021303 1.805264 -0.056197 
1592 2.275180 0.000000 0.987431 19.839376 -0.052442 1.879440 -0.049784 
1593 2.205099 0.000000 0.922103 19.815569 -0.089584 1.881939 -0.047327 
1594 2.228459 0.000000 0.922103 19.807744 -0.101643 1.908869 -0.046784 
1595 2.205099 0.000000 0.943879 19.845340 -0.061234 1.885547 -0.050473 
1596 2.193419 0.000000 0.889440 19.778252 -0.174567 1.818233 -0.042858 
1597 2.181738 0.000000 0.889440 19.777894 -0.170404 1.804710 -0.042687 
1598 2.193419 0.000000 0.878552 19.766584 -0.150610 1.837710 -0.041806 
1599 2.205099 0.000000 0.889440 19.777912 -0.179010 1.831095 -0.042950 
1600 2.193419 0.000000 0.900327 19.791117 -0.062537 1.819395 -0.044144 
1601 2.462063 0.000000 0.943879 19.674077 -0.225743 2.010156 -0.033990 
1602 2.462063 0.000000 0.856776 19.668417 -0.256942 1.992467 -0.033254 
1603 2.555505 0.000000 0.943879 19.617136 -0.244692 2.007073 -0.028067 
1604 2.321901 0.000000 0.900327 19.751413 -0.125597 1.914438 -0.040964 
1605 2.321901 0.000000 0.856776 19.729330 -0.215373 1.947623 -0.039079 
1606 2.368622 0.000000 0.900327 19.727258 -0.147471 1.927350 -0.038590 
1607 2.321901 0.000000 0.943879 19.767896 -0.139234 1.992816 -0.043505 
1608 2.251820 0.000000 0.878552 19.761425 -0.177581 1.892026 -0.041826 
1609 2.251820 0.000000 0.856776 19.744937 -0.182772 1.904130 -0.040230 
1610 2.275180 0.000000 0.878552 19.755725 -0.189329 1.909507 -0.041417 
1611 2.251820 0.000000 0.900327 19.779608 -0.089468 1.875594 -0.043500 
1612 2.555505 0.000000 0.508364 19.583564 -0.110776 1.322598 -0.018438 
1613 2.555505 0.000000 0.334157 19.575517 -0.056400 0.792638 -0.014617 
1614 2.742388 0.000000 0.508364 19.545031 -0.065164 1.320487 -0.014416 
1615 2.462063 0.000000 0.769673 19.652405 -0.240402 1.989917 -0.031541 
1616 2.462063 0.000000 0.682570 19.633696 -0.205774 1.885910 -0.028492 
1617 2.555505 0.000000 0.769673 19.616897 -0.229480 2.004445 -0.027995 
1618 2.321901 0.000000 0.813224 19.708202 -0.224271 1.957565 -0.036989 
1619 2.321901 0.000000 0.769673 19.689730 -0.225120 1.946219 -0.034949 
1620 2.368622 0.000000 0.813224 19.695756 -0.237363 1.977050 -0.035911 
1621 2.298540 0.000000 0.878552 19.748842 -0.201534 1.924624 -0.040864 
1622 2.298540 0.000000 0.856776 19.735884 -0.204822 1.934984 -0.039621 
1623 2.321901 0.000000 0.878552 19.740344 -0.214022 1.937753 -0.040125 
1624 2.298540 0.000000 0.900327 19.761843 -0.113119 1.904042 -0.041940 
1625 2.251820 0.000000 0.922103 19.797785 -0.114820 1.931067 -0.045974 
1626 2.275180 0.000000 0.922103 19.785899 -0.129155 1.948650 -0.044920 
1627 2.251820 0.000000 0.943879 19.817081 -0.088754 1.946783 -0.048142 
1628 2.263500 0.000000 0.889440 19.766943 -0.204138 1.886381 -0.042373 
1629 2.251820 0.000000 0.889440 19.770256 -0.198893 1.876763 -0.042618 
1630 2.263500 0.000000 0.878552 19.758669 -0.183450 1.901084 -0.041634 
1631 2.275180 0.000000 0.889440 19.763375 -0.209627 1.895410 -0.042096 
1632 2.263500 0.000000 0.900327 19.775764 -0.095115 1.883942 -0.043184 
1633 2.415343 0.000000 0.900327 19.701130 -0.162883 1.932102 -0.035928 
1634 2.415343 0.000000 0.856776 19.690923 -0.248730 1.982618 -0.035481 
1635 2.462063 0.000000 0.900327 19.674201 -0.168442 1.926068 -0.033068 
1636 2.415343 0.000000 0.943879 19.704645 -0.204076 2.008748 -0.037132 
1637 2.345261 0.000000 0.878552 19.730589 -0.225601 1.948968 -0.039236 
1638 2.345261 0.000000 0.856776 19.721127 -0.225376 1.958775 -0.038350 
1639 2.368622 0.000000 0.878552 19.719644 -0.236279 1.957839 -0.038199 
1640 2.345261 0.000000 0.900327 19.739756 -0.137059 1.922455 -0.039836 
1641 2.321901 0.000000 0.987431 19.782756 -0.090551 1.906502 -0.044139 
1642 2.368622 0.000000 0.987431 19.740516 -0.131614 1.910767 -0.039793 
1643 2.345261 0.000000 0.922103 19.746807 -0.175033 1.979887 -0.041196 
1644 2.321901 0.000000 0.922103 19.760530 -0.159562 1.972311 -0.042536 
1645 2.368622 0.000000 0.922103 19.732580 -0.189563 1.984672 -0.039775 
1646 2.345261 0.000000 0.943879 19.751752 -0.156783 1.999431 -0.041902 
1647 2.333581 0.000000 0.889440 19.740858 -0.239208 1.931270 -0.040142 
1648 2.321901 0.000000 0.889440 19.745887 -0.233390 1.925158 -0.040598 
1649 2.333581 0.000000 0.878552 19.735669 -0.219861 1.943572 -0.039703 
1650 2.345261 0.000000 0.889440 19.735301 -0.244870 1.936920 -0.039628 
1651 2.333581 0.000000 0.900327 19.745713 -0.131453 1.918783 -0.040417 
1652 2.415343 0.000000 0.813224 19.679812 -0.246490 1.991407 -0.034414 
1653 2.415343 0.000000 0.769673 19.667885 -0.239599 1.978784 -0.033032 
1654 2.462063 0.000000 0.813224 19.660886 -0.251137 2.002834 -0.032573 
1655 2.391982 0.000000 0.878552 19.708129 -0.245649 1.965579 -0.037091 
1656 2.391982 0.000000 0.856776 19.701559 -0.242376 1.975816 -0.036509 
1657 2.415343 0.000000 0.878552 19.695940 -0.253474 1.972130 -0.035900 
1658 2.391982 0.000000 0.900327 19.714469 -0.156322 1.930774 -0.037299 
1659 2.929272 0.000000 0.856776 19.451068 -0.162802 1.985055 -0.010596 
1660 2.929272 0.000000 0.682570 19.469350 -0.143319 1.847207 -0.011065 
1661 3.116155 0.000000 0.856776 19.378958 -0.113810 1.968432 -0.002985 
1662 2.929272 0.000000 1.030982 19.441261 -0.275582 1.746020 -0.007361 
1663 2.648947 0.000000 0.943879 19.571594 -0.239144 1.994660 -0.023211 
1664 2.648947 0.000000 0.856776 19.580644 -0.239160 1.998411 -0.024187 
1665 2.742388 0.000000 0.943879 19.533436 -0.228099 1.979755 -0.019096 
1666 2.648947 0.000000 1.030982 19.561551 -0.236058 1.784695 -0.020070 
1667 2.508784 0.000000 0.900327 19.648210 -0.163624 1.902968 -0.030129 
1668 2.508784 0.000000 0.856776 19.644393 -0.259582 1.998251 -0.030822 
1669 2.555505 0.000000 0.900327 19.623135 -0.160481 1.853508 -0.027032 
1670 2.508784 0.000000 0.943879 19.645190 -0.238891 2.009426 -0.030996 
1671 2.438703 0.000000 0.878552 19.683979 -0.259463 1.977171 -0.034716 
1672 2.438703 0.000000 0.856776 19.680126 -0.253502 1.988032 -0.034421 
1673 2.462063 0.000000 0.878552 19.671606 -0.263808 1.980879 -0.033473 
1674 2.438703 0.000000 0.900327 19.687898 -0.167166 1.930769 -0.034540 
1675 2.415343 0.000000 0.987431 19.705919 -0.169227 1.909954 -0.036207 
1676 2.462063 0.000000 0.987431 19.673863 -0.198999 1.908351 -0.032883 
1677 2.415343 0.000000 1.030982 19.698036 -0.129352 1.824282 -0.034509 
1678 2.438703 0.000000 0.922103 19.689280 -0.223181 1.992727 -0.035384 
1679 2.415343 0.000000 0.922103 19.703683 -0.213894 1.991304 -0.036859 
1680 2.462063 0.000000 0.922103 19.674583 -0.230411 1.993437 -0.033871 
1681 2.438703 0.000000 0.943879 19.689243 -0.215973 2.009858 -0.035553 
1682 2.427023 0.000000 0.889440 19.692355 -0.275812 1.963471 -0.035468 
1683 2.415343 0.000000 0.889440 19.698697 -0.272607 1.960908 -0.036097 
1684 2.427023 0.000000 0.878552 19.690072 -0.256655 1.974756 -0.035321 
1685 2.438703 0.000000 0.889440 19.685988 -0.278459 1.966094 -0.034836 
1686 2.427023 0.000000 0.900327 19.694505 -0.165420 1.931615 -0.035235 
1687 2.648947 0.000000 0.769673 19.580230 -0.205493 2.011417 -0.024242 
1688 2.648947 0.000000 0.682570 19.570409 -0.248412 1.864806 -0.021775 
1689 2.742388 0.000000 0.769673 19.543052 -0.172509 2.015308 -0.020406 
1690 2.508784 0.000000 0.813224 19.640789 -0.249703 2.009708 -0.030556 
1691 2.508784 0.000000 0.769673 19.635127 -0.236950 1.998419 -0.029832 
1692 2.555505 0.000000 0.813224 19.620654 -0.243910 2.013839 -0.028503 
1693 2.485424 0.000000 0.878552 19.658845 -0.266608 1.983559 -0.032179 
1694 2.485424 0.000000 0.856776 19.656750 -0.258785 1.995483 -0.032075 
1695 2.508784 0.000000 0.878552 19.646432 -0.267791 1.985328 -0.030909 
1696 2.485424 0.000000 0.900327 19.661158 -0.166781 1.916971 -0.031618 
1697 2.602226 0.000000 0.900327 19.601912 -0.201916 1.776534 -0.024132 
1698 2.602226 0.000000 0.856776 19.600584 -0.248727 1.999586 -0.026277 
1699 2.648947 0.000000 0.900327 19.581087 -0.312116 1.770071 -0.022064 
1700 2.602226 0.000000 0.943879 19.592615 -0.243466 2.002223 -0.025472 
1701 2.532145 0.000000 0.878552 19.633529 -0.268102 1.986738 -0.029585 
1702 2.532145 0.000000 0.856776 19.632961 -0.258664 1.999740 -0.029650 
1703 2.555505 0.000000 0.878552 19.621848 -0.266323 1.986708 -0.028370 
1704 2.532145 0.000000 0.900327 19.634979 -0.160716 1.882698 -0.028549 
1705 2.508784 0.000000 0.987431 19.644031 -0.219843 1.906709 -0.029789 
1706 2.555505 0.000000 0.987431 19.615221 -0.232467 1.904355 -0.026791 
1707 2.508784 0.000000 1.030982 19.639919 -0.195098 1.803523 -0.028323 
1708 2.485424 0.000000 0.922103 19.660568 -0.235611 1.993246 -0.032418 
1709 2.508784 0.000000 0.922103 19.646727 -0.239216 1.992331 -0.030975 
1710 2.485424 0.000000 0.943879 19.659171 -0.233260 2.010041 -0.032448 
1711 2.497104 0.000000 0.889440 19.653341 -0.285341 1.974486 -0.031539 
1712 2.485424 0.000000 0.889440 19.659836 -0.284869 1.973246 -0.032200 
1713 2.497104 0.000000 0.878552 19.652556 -0.267339 1.984659 -0.031538 
1714 2.508784 0.000000 0.889440 19.647007 -0.285513 1.975353 -0.030890 
1715 2.497104 0.000000 0.900327 19.654544 -0.165380 1.910815 -0.030867 
1716 2.602226 0.000000 0.813224 19.600700 -0.234911 2.015890 -0.026444 
1717 2.602226 0.000000 0.769673 19.598583 -0.218821 2.008498 -0.026127 
1718 2.648947 0.000000 0.813224 19.581425 -0.223157 2.017191 -0.024448 
1719 2.578865 0.000000 0.878552 19.611074 -0.263227 1.985840 -0.027239 
1720 2.578865 0.000000 0.856776 19.611361 -0.252559 1.999665 -0.027400 
1721 2.602226 0.000000 0.878552 19.599910 -0.259673 1.985065 -0.026069 
1722 2.578865 0.000000 0.900327 19.612135 -0.171080 1.815711 -0.025534 
1723 2.929272 0.000000 1.205188 19.444616 -0.217656 1.241183 -0.003644 
1724 3.116155 0.000000 1.205188 19.420933 -0.336438 1.276014 -0.001616 
1725 2.929272 0.000000 1.379395 19.437701 0.009710 0.833729 -0.000573 
1726 2.835830 0.000000 0.943879 19.491757 -0.216795 1.967185 -0.014652 
1727 2.835830 0.000000 0.856776 19.498559 -0.189572 1.990277 -0.015565 
1728 2.929272 0.000000 0.943879 19.445848 -0.209789 1.959408 -0.009838 
1729 2.835830 0.000000 1.030982 19.482273 -0.256214 1.754759 -0.011634 
1730 2.695668 0.000000 0.900327 19.560812 -0.354491 1.844737 -0.020755 
1731 2.695668 0.000000 0.856776 19.561631 -0.227627 1.996772 -0.022188 
1732 2.742388 0.000000 0.900327 19.539894 -0.338041 1.894802 -0.019057 
1733 2.695668 0.000000 0.943879 19.552826 -0.233866 1.986833 -0.021181 
1734 2.648947 0.000000 1.118085 19.546160 -0.188396 1.546376 -0.016327 
1735 2.742388 0.000000 1.118085 19.505787 -0.216473 1.530096 -0.012057 
1736 2.648947 0.000000 1.205188 19.524424 -0.103216 1.271905 -0.011972 
1737 2.602226 0.000000 0.987431 19.589148 -0.239697 1.901402 -0.024068 
1738 2.648947 0.000000 0.987431 19.567095 -0.242284 1.897246 -0.021747 
1739 2.602226 0.000000 1.030982 19.584688 -0.228141 1.790769 -0.022512 
1740 2.625586 0.000000 0.922103 19.585343 -0.236033 1.980631 -0.024482 
1741 2.602226 0.000000 0.922103 19.596331 -0.238498 1.983567 -0.025654 
1742 2.625586 0.000000 0.900327 19.591581 -0.256134 1.756330 -0.022939 
1743 2.648947 0.000000 0.922103 19.575005 -0.233009 1.977324 -0.023374 
1744 2.625586 0.000000 0.943879 19.581967 -0.241111 1.998824 -0.024331 
1745 2.695668 0.000000 0.987431 19.547305 -0.242673 1.892608 -0.019655 
1746 2.742388 0.000000 0.987431 19.528318 -0.241553 1.887031 -0.017637 
1747 2.695668 0.000000 1.030982 19.540676 -0.241406 1.777758 -0.017854 
1748 2.672307 0.000000 0.922103 19.564912 -0.229450 1.974393 -0.022295 
1749 2.672307 0.000000 0.900327 19.570417 -0.345615 1.807000 -0.021368 
1750 2.695668 0.000000 0.922103 19.556116 -0.225269 1.971329 -0.021348 
1751 2.672307 0.000000 0.943879 19.561612 -0.236750 1.990721 -0.022134 
1752 3.489922 0.000000 -1.059492 19.413321 -0.463030 -1.766226 -0.005045 
1753 3.489922 0.000000 -1.756317 19.417645 0.151854 -0.531164 0.002518 
1754 4.237455 0.000000 -1.059492 19.515837 -0.341423 -2.036550 -0.018053 
1755 3.116155 0.000000 -0.014255 19.504259 0.042725 -0.030402 -0.005594 
1756 3.116155 0.000000 -0.362667 19.483764 0.030573 -0.837789 -0.005333 
1757 3.489922 0.000000 -0.014255 19.441038 0.065692 -0.028537 0.000908 
1758 2.929272 0.000000 0.508364 19.500482 -0.020236 1.294329 -0.009627 
1759 2.929272 0.000000 0.334157 19.523845 0.007687 0.782384 -0.009226 
1760 3.116155 0.000000 0.508364 19.455582 0.012407 1.252029 -0.004718 
1761 2.835830 0.000000 0.769673 19.502371 -0.135342 2.014261 -0.016166 
1762 2.835830 0.000000 0.682570 19.503985 -0.178278 1.861916 -0.014807 
1763 2.929272 0.000000 0.769673 19.460191 -0.096321 2.007163 -0.011722 
1764 2.789109 0.000000 0.900327 19.518559 -0.315245 1.911940 -0.016988 
1765 2.789109 0.000000 0.856776 19.520981 -0.202858 1.992607 -0.017916 
1766 2.835830 0.000000 0.900327 19.496107 -0.293818 1.921823 -0.014738 
1767 2.789109 0.000000 0.943879 19.513210 -0.222042 1.972855 -0.016929 
1768 2.719028 0.000000 0.922103 19.546479 -0.221071 1.968521 -0.020318 
1769 2.719028 0.000000 0.900327 19.550550 -0.349223 1.874747 -0.019979 
1770 2.742388 0.000000 0.922103 19.536444 -0.216739 1.965911 -0.019249 
1771 2.719028 0.000000 0.943879 19.543282 -0.231088 1.983160 -0.020152 
1772 2.695668 0.000000 0.813224 19.563009 -0.209035 2.017805 -0.022532 
1773 2.695668 0.000000 0.769673 19.562350 -0.189630 2.013801 -0.022401 
1774 2.742388 0.000000 0.813224 19.543149 -0.194179 2.018117 -0.020467 
1775 2.719028 0.000000 0.878552 19.550823 -0.235385 1.978428 -0.020887 
1776 2.695668 0.000000 0.878552 19.560426 -0.240784 1.979904 -0.021902 
1777 2.719028 0.000000 0.856776 19.551998 -0.221733 1.995779 -0.021175 
1778 2.742388 0.000000 0.878552 19.540707 -0.229720 1.977145 -0.019822 
1779 2.707348 0.000000 0.911215 19.552593 -0.203625 1.961645 -0.020859 
1780 2.695668 0.000000 0.911215 19.557502 -0.206290 1.963008 -0.021383 
1781 2.707348 0.000000 0.900327 19.555633 -0.353075 1.860901 -0.020375 
1782 2.719028 0.000000 0.911215 19.547786 -0.200846 1.960458 -0.020347 
1783 2.707348 0.000000 0.922103 19.551270 -0.223247 1.969906 -0.020830 
1784 2.835830 0.000000 1.118085 19.471182 -0.245484 1.517772 -0.008428 
1785 2.929272 0.000000 1.118085 19.438719 -0.283418 1.515081 -0.005120 
1786 2.835830 0.000000 1.205188 19.465674 -0.171963 1.239306 -0.005750 
1787 2.789109 0.000000 0.987431 19.508510 -0.240893 1.881364 -0.015535 
1788 2.835830 0.000000 0.987431 19.487642 -0.241264 1.876668 -0.013338 
1789 2.789109 0.000000 1.030982 19.502294 -0.249931 1.761738 -0.013754 
1790 2.765749 0.000000 0.922103 19.526573 -0.212399 1.962964 -0.018194 
1791 2.765749 0.000000 0.900327 19.529263 -0.326171 1.905335 -0.018045 
1792 2.789109 0.000000 0.922103 19.515971 -0.208479 1.960401 -0.017069 
1793 2.765749 0.000000 0.943879 19.523673 -0.224804 1.976112 -0.018046 
1794 4.984989 0.000000 0.334157 19.366994 0.183622 0.662851 0.007267 
1795 4.984989 0.000000 -0.362667 19.360039 0.196210 -0.729935 0.007719 
1796 5.732522 0.000000 0.334157 19.537001 0.277568 0.602880 -0.010131 
1797 4.984989 0.000000 1.030982 19.566891 -0.662021 2.181749 -0.025797 
1798 3.863689 0.000000 0.682570 19.382241 -0.095708 1.682677 -0.000553 
1799 3.863689 0.000000 0.334157 19.387143 0.042866 0.674445 0.005246 
1800 4.237455 0.000000 0.682570 19.457280 -0.047454 1.698149 -0.008377 
1801 3.863689 0.000000 1.030982 19.434796 -0.391991 2.008283 -0.009505 
1802 3.303039 0.000000 0.856776 19.355753 -0.083486 1.967377 -0.000582 
1803 3.303039 0.000000 0.682570 19.383482 0.017536 1.781546 -0.001562 
1804 3.489922 0.000000 0.856776 19.355429 -0.089120 1.991082 -0.000800 
1805 3.303039 0.000000 1.030982 19.376781 -0.408259 1.777993 -0.001282 
1806 3.022713 0.000000 0.943879 19.404812 -0.209972 1.953090 -0.005559 
1807 3.022713 0.000000 0.856776 19.408522 -0.136416 1.976589 -0.006116 
1808 3.116155 0.000000 0.943879 19.377673 -0.213795 1.948766 -0.002736 
1809 3.022713 0.000000 1.030982 19.404781 -0.306919 1.744398 -0.003648 
1810 2.882551 0.000000 0.900327 19.472265 -0.274041 1.928470 -0.012320 
1811 2.882551 0.000000 0.856776 19.475085 -0.176297 1.988192 -0.013112 
1812 2.929272 0.000000 0.900327 19.448562 -0.255953 1.933950 -0.009912 
1813 2.882551 0.000000 0.943879 19.468520 -0.212375 1.962272 -0.012203 
1814 2.812470 0.000000 0.922103 19.505248 -0.204350 1.958098 -0.015935 
1815 2.812470 0.000000 0.900327 19.507563 -0.304384 1.917303 -0.015890 
1816 2.835830 0.000000 0.922103 19.494098 -0.200405 1.955988 -0.014759 
1817 2.812470 0.000000 0.943879 19.502745 -0.219173 1.969950 -0.015816 
1818 2.789109 0.000000 0.813224 19.522498 -0.178450 2.017803 -0.018315 
1819 2.789109 0.000000 0.769673 19.523075 -0.154542 2.015425 -0.018329 
1820 2.835830 0.000000 0.813224 19.500565 -0.161818 2.016764 -0.016027 
1821 2.812470 0.000000 0.878552 19.508673 -0.212863 1.972507 -0.016447 
1822 2.789109 0.000000 0.878552 19.519694 -0.218576 1.974022 -0.017606 
1823 2.812470 0.000000 0.856776 19.510010 -0.196283 1.991502 -0.016766 
1824 2.835830 0.000000 0.878552 19.497244 -0.207106 1.970880 -0.015245 
1825 2.882551 0.000000 0.987431 19.465487 -0.243572 1.873200 -0.011025 
1826 2.929272 0.000000 0.987431 19.443690 -0.248072 1.871844 -0.008776 
1827 2.882551 0.000000 1.030982 19.461618 -0.264431 1.749314 -0.009469 
1828 2.859191 0.000000 0.922103 19.482428 -0.196876 1.954006 -0.013533 
1829 2.859191 0.000000 0.900327 19.484382 -0.283827 1.925436 -0.013551 
1830 2.882551 0.000000 0.922103 19.470602 -0.193362 1.952408 -0.012295 
1831 2.859191 0.000000 0.943879 19.480359 -0.214552 1.964536 -0.013448 
1832 2.824150 0.000000 0.911215 19.500710 -0.176700 1.949647 -0.015352 
1833 2.812470 0.000000 0.911215 19.506278 -0.179329 1.950743 -0.015940 
1834 2.824150 0.000000 0.900327 19.501891 -0.299114 1.919589 -0.015320 
1835 2.835830 0.000000 0.911215 19.494971 -0.173956 1.948669 -0.014747 
1836 2.824150 0.000000 0.922103 19.499686 -0.202357 1.957020 -0.015348 
1837 3.022713 0.000000 0.769673 19.422010 -0.059504 1.991080 -0.007613 
1838 3.022713 0.000000 0.682570 19.437840 -0.113103 1.824579 -0.007584 
1839 3.116155 0.000000 0.769673 19.393182 -0.031095 1.970624 -0.004434 
1840 2.975993 0.000000 0.900327 19.425933 -0.240087 1.937212 -0.007599 
1841 2.975993 0.000000 0.856776 19.428237 -0.149327 1.980983 -0.008196 
1842 3.022713 0.000000 0.900327 19.406375 -0.225593 1.939576 -0.005598 
1843 2.975993 0.000000 0.943879 19.423901 -0.209443 1.955876 -0.007546 
1844 2.905911 0.000000 0.922103 19.458879 -0.190138 1.951705 -0.011078 
1845 2.905911 0.000000 0.900327 19.460539 -0.264715 1.931859 -0.011135 
1846 2.929272 0.000000 0.922103 19.447303 -0.187041 1.950643 -0.009873 
1847 2.905911 0.000000 0.943879 19.457056 -0.210884 1.960347 -0.011002 
1848 4.984989 0.000000 1.727807 19.285911 0.159752 0.760389 0.015206 
1849 5.732522 0.000000 1.727807 19.748994 -0.354816 0.282218 -0.031525 
1850 4.984989 0.000000 2.424632 19.432452 -0.050588 0.212189 0.001678 
1851 3.863689 0.000000 1.379395 19.461033 -0.199096 0.381976 -0.001625 
1852 4.237455 0.000000 1.379395 19.592195 -0.342572 0.298581 -0.015221 
1853 3.863689 0.000000 1.727807 19.426816 0.229069 0.592293 0.001317 
1854 3.303039 0.000000 1.205188 19.436317 -0.491312 1.351649 -0.004061 
1855 3.489922 0.000000 1.205188 19.463674 -0.630071 1.438466 -0.007926 
1856 3.303039 0.000000 1.379395 19.466594 -0.121173 0.775132 -0.003334 
1857 3.022713 0.000000 1.118085 19.411504 -0.333479 1.524489 -0.002483 
1858 3.116155 0.000000 1.118085 19.395647 -0.392461 1.542941 -0.001119 
1859 3.022713 0.000000 1.205188 19.427846 -0.273284 1.253893 -0.002077 
1860 2.975993 0.000000 0.987431 19.422627 -0.255597 1.870481 -0.006608 
1861 3.022713 0.000000 0.987431 19.403954 -0.264699 1.870906 -0.004709 
1862 2.975993 0.000000 1.030982 19.421805 -0.289927 1.744187 -0.005367 
1863 2.952632 0.000000 0.922103 19.435737 -0.184679 1.949365 -0.008669 
1864 2.952632 0.000000 0.900327 19.436824 -0.247868 1.935616 -0.008712 
1865 2.975993 0.000000 0.922103 19.425087 -0.182431 1.948417 -0.007563 
1866 2.952632 0.000000 0.943879 19.434503 -0.209480 1.957494 -0.008652 
1867 2.975993 0.000000 0.813224 19.433029 -0.109487 2.006281 -0.008927 
1868 2.929272 0.000000 0.813224 19.455137 -0.126889 2.011736 -0.011269 
1869 2.975993 0.000000 0.769673 19.439988 -0.077260 2.000242 -0.009563 
1870 3.022713 0.000000 0.813224 19.413825 -0.092981 1.999488 -0.006875 
1871 2.952632 0.000000 0.878552 19.437570 -0.179143 1.964294 -0.009006 
1872 2.929272 0.000000 0.878552 19.449530 -0.184494 1.966062 -0.010259 
1873 2.952632 0.000000 0.856776 19.439274 -0.155889 1.982939 -0.009356 
1874 2.975993 0.000000 0.878552 19.426697 -0.173829 1.962928 -0.007870 
1875 3.209597 0.000000 0.943879 19.365343 -0.214390 1.948705 -0.001473 
1876 3.209597 0.000000 0.856776 19.362435 -0.096108 1.964485 -0.001242 
1877 3.303039 0.000000 0.943879 19.365922 -0.206419 1.955196 -0.001591 
1878 3.209597 0.000000 1.030982 19.372724 -0.383691 1.761760 -0.000663 
1879 3.069434 0.000000 0.900327 19.390236 -0.213001 1.941363 -0.003947 
1880 3.069434 0.000000 0.856776 19.391849 -0.124529 1.972621 -0.004356 
1881 3.116155 0.000000 0.900327 19.377897 -0.202185 1.942628 -0.002683 
1882 3.069434 0.000000 0.943879 19.389254 -0.211656 1.950906 -0.003943 
1883 2.999353 0.000000 0.922103 19.414879 -0.180335 1.947628 -0.006505 
1884 2.999353 0.000000 0.900327 19.415672 -0.232739 1.938559 -0.006550 
1885 3.022713 0.000000 0.922103 19.405716 -0.178219 1.946770 -0.005554 
1886 2.999353 0.000000 0.943879 19.413956 -0.209566 1.954533 -0.006511 
1887 2.964312 0.000000 0.911215 19.430818 -0.144590 1.939525 -0.008028 
1888 2.952632 0.000000 0.911215 19.436300 -0.147354 1.940417 -0.008602 
1889 2.964312 0.000000 0.900327 19.431247 -0.243913 1.936465 -0.008142 
1890 2.975993 0.000000 0.911215 19.425461 -0.141750 1.938801 -0.007468 
1891 2.964312 0.000000 0.922103 19.430337 -0.183512 1.948816 -0.008107 
1892 3.069434 0.000000 0.987431 19.388992 -0.275475 1.872205 -0.003203 
1893 3.116155 0.000000 0.987431 19.377972 -0.286994 1.874052 -0.002109 
1894 3.069434 0.000000 1.030982 19.391057 -0.325918 1.746259 -0.002290 
1895 3.046074 0.000000 0.922103 19.397017 -0.176368 1.946291 -0.004655 
1896 3.046074 0.000000 0.900327 19.397666 -0.219120 1.940659 -0.004708 
1897 3.069434 0.000000 0.922103 19.389961 -0.174696 1.945678 -0.003924 
1898 3.046074 0.000000 0.943879 19.396183 -0.210724 1.952092 -0.004664 
1899 3.303039 0.000000 0.508364 19.418090 0.030284 1.206716 -0.000573 
1900 3.303039 0.000000 0.334157 19.450647 0.050559 0.738917 -0.001517 
1901 3.489922 0.000000 0.508364 19.390243 0.031061 1.164288 0.002549 
1902 3.209597 0.000000 0.769673 19.373766 -0.012733 1.948823 -0.002216 
1903 3.209597 0.000000 0.682570 19.392216 -0.078111 1.766899 -0.002336 
1904 3.303039 0.000000 0.769673 19.361799 -0.006860 1.930911 -0.000807 
1905 3.162876 0.000000 0.900327 19.369039 -0.191944 1.945133 -0.001791 
1906 3.162876 0.000000 0.856776 19.369339 -0.104428 1.966032 -0.001969 
1907 3.209597 0.000000 0.900327 19.363472 -0.182293 1.948016 -0.001241 
1908 3.162876 0.000000 0.943879 19.369478 -0.214894 1.948347 -0.001894 
1909 3.092795 0.000000 0.922103 19.383340 -0.173073 1.944732 -0.003234 
1910 3.092795 0.000000 0.900327 19.383461 -0.207388 1.941601 -0.003248 
1911 3.116155 0.000000 0.922103 19.377981 -0.171525 1.944715 -0.002683 
1912 3.092795 0.000000 0.943879 19.382843 -0.212740 1.949249 -0.003270 
1913 3.209597 0.000000 1.118085 19.392360 -0.456300 1.570311 -0.001150 
1914 3.303039 0.000000 1.118085 19.398287 -0.517493 1.603848 -0.002197 
1915 3.209597 0.000000 1.205188 19.425807 -0.409342 1.308405 -0.002482 
1916 3.162876 0.000000 0.987431 19.370612 -0.297242 1.878182 -0.001412 
1917 3.209597 0.000000 0.987431 19.367542 -0.305097 1.882585 -0.001154 
1918 3.162876 0.000000 1.030982 19.375002 -0.366067 1.755416 -0.000803 
1919 3.139516 0.000000 0.922103 19.373388 -0.169422 1.944790 -0.002211 
1920 3.139516 0.000000 0.900327 19.373329 -0.196992 1.943948 -0.002223 
1921 3.162876 0.000000 0.922103 19.369536 -0.167124 1.945407 -0.001821 
1922 3.139516 0.000000 0.943879 19.373017 -0.214417 1.948249 -0.002255 
1923 3.162876 0.000000 0.813224 19.373781 -0.054051 1.977265 -0.002520 
1924 3.116155 0.000000 0.813224 19.384178 -0.064891 1.984372 -0.003663 
1925 3.162876 0.000000 0.769673 19.382211 -0.020450 1.959503 -0.003192 
1926 3.209597 0.000000 0.813224 19.365742 -0.045512 1.970961 -0.001629 
1927 3.139516 0.000000 0.878552 19.373100 -0.141112 1.956078 -0.002275 
1928 3.116155 0.000000 0.878552 19.377920 -0.145265 1.956128 -0.002772 
1929 3.139516 0.000000 0.856776 19.373798 -0.108939 1.967254 -0.002441 
1930 3.162876 0.000000 0.878552 19.368900 -0.137207 1.955936 -0.001841 
1931 3.676805 0.000000 0.856776 19.360177 -0.152887 2.021828 -0.001652 
1932 3.676805 0.000000 0.682570 19.364482 -0.046790 1.698735 0.001140 
1933 3.863689 0.000000 0.856776 19.389847 -0.221223 2.045382 -0.005012 
1934 3.676805 0.000000 1.030982 19.412944 -0.373514 1.909927 -0.006205 
1935 3.396480 0.000000 0.943879 19.372057 -0.193251 1.967603 -0.002334 
1936 3.396480 0.000000 0.856776 19.354285 -0.079474 1.975817 -0.000518 
1937 3.489922 0.000000 0.943879 19.377240 -0.184428 1.989459 -0.003085 
1938 3.396480 0.000000 1.030982 19.389812 -0.411217 1.796465 -0.002799 
1939 3.256318 0.000000 0.900327 19.360505 -0.172682 1.951748 -0.000967 
1940 3.256318 0.000000 0.856776 19.357772 -0.089016 1.964129 -0.000757 
1941 3.303039 0.000000 0.900327 19.360374 -0.162900 1.959591 -0.001026 
1942 3.256318 0.000000 0.943879 19.364280 -0.211454 1.950088 -0.001376 
1943 3.186236 0.000000 0.922103 19.366614 -0.164587 1.945801 -0.001524 
1944 3.186236 0.000000 0.900327 19.365910 -0.187231 1.946381 -0.001479 
1945 3.209597 0.000000 0.922103 19.364665 -0.161313 1.946733 -0.001331 
1946 3.186236 0.000000 0.943879 19.367008 -0.214970 1.948333 -0.001641 
1947 3.151196 0.000000 0.911215 19.372234 -0.064733 1.896972 -0.001543 
1948 3.139516 0.000000 0.911215 19.374207 -0.074466 1.905157 -0.001831 
1949 3.151196 0.000000 0.900327 19.371196 -0.194468 1.944547 -0.002008 
1950 3.162876 0.000000 0.911215 19.370809 -0.053711 1.885075 -0.001274 
1951 3.151196 0.000000 0.922103 19.371281 -0.168280 1.945268 -0.002000 
1952 3.256318 0.000000 0.987431 19.367161 -0.309826 1.887373 -0.001170 
1953 3.303039 0.000000 0.987431 19.369862 -0.310691 1.894142 -0.001516 
1954 3.256318 0.000000 1.030982 19.373082 -0.398161 1.768712 -0.000795 
1955 3.232957 0.000000 0.922103 19.363373 -0.157555 1.948117 -0.001210 
1956 3.232957 0.000000 0.900327 19.361790 -0.177556 1.950154 -0.001087 
1957 3.256318 0.000000 0.922103 19.362820 -0.152995 1.949065 -0.001159 
1958 3.232957 0.000000 0.943879 19.364344 -0.213314 1.949536 -0.001379 
1959 3.396480 0.000000 0.769673 19.354872 -0.012630 1.916413 0.000049 
1960 3.396480 0.000000 0.682570 19.373252 0.012132 1.754679 -0.000263 
1961 3.489922 0.000000 0.769673 19.351841 -0.030823 1.906776 0.000455 
1962 3.349759 0.000000 0.900327 19.361048 -0.154430 1.967198 -0.001167 
1963 3.349759 0.000000 0.856776 19.354763 -0.080009 1.970728 -0.000514 
1964 3.396480 0.000000 0.900327 19.362553 -0.148211 1.976478 -0.001413 
1965 3.349759 0.000000 0.943879 19.368447 -0.199827 1.960088 -0.001893 
1966 3.279678 0.000000 0.922103 19.363283 -0.148014 1.952820 -0.001241 
1967 3.279678 0.000000 0.900327 19.360814 -0.167755 1.956490 -0.001043 
1968 3.303039 0.000000 0.922103 19.363534 -0.142221 1.954930 -0.001285 
1969 3.279678 0.000000 0.943879 19.364960 -0.209231 1.953356 -0.001476 
1970 3.676805 0.000000 1.205188 19.503849 -0.672572 1.502959 -0.012712 
1971 3.863689 0.000000 1.205188 19.523540 -0.677754 1.578631 -0.015378 
1972 3.676805 0.000000 1.379395 19.458733 -0.274821 0.606806 -0.002071 
1973 3.396480 0.000000 1.118085 19.412417 -0.561613 1.635730 -0.004046 
1974 3.489922 0.000000 1.118085 19.432307 -0.577878 1.665274 -0.006395 
1975 3.396480 0.000000 1.205188 19.448959 -0.570957 1.397764 -0.005919 
1976 3.349759 0.000000 0.987431 19.374455 -0.307764 1.900689 -0.002047 
1977 3.396480 0.000000 0.987431 19.379875 -0.301790 1.909754 -0.002684 
1978 3.349759 0.000000 1.030982 19.382446 -0.412633 1.786131 -0.001949 
1979 3.326399 0.000000 0.922103 19.364279 -0.135785 1.957608 -0.001384 
1980 3.326399 0.000000 0.900327 19.360620 -0.158483 1.962758 -0.001080 
1981 3.349759 0.000000 0.922103 19.365079 -0.128841 1.959991 -0.001485 
1982 3.326399 0.000000 0.943879 19.366959 -0.203271 1.957585 -0.001718 
1983 3.583364 0.000000 0.943879 19.377517 -0.192026 2.015994 -0.003401 
1984 3.583364 0.000000 0.856776 19.355934 -0.114909 2.007828 -0.001042 
1985 3.676805 0.000000 0.943879 19.377172 -0.215413 2.042364 -0.003674 
1986 3.583364 0.000000 1.030982 19.411246 -0.376467 1.861665 -0.005555 
1987 3.443201 0.000000 0.900327 19.364229 -0.145057 1.988268 -0.001705 
1988 3.443201 0.000000 0.856776 19.354884 -0.082300 1.983068 -0.000656 
1989 3.489922 0.000000 0.900327 19.365503 -0.146160 2.000857 -0.001969 
1990 3.443201 0.000000 0.943879 19.375217 -0.187565 1.977805 -0.002758 
1991 3.373120 0.000000 0.922103 19.366376 -0.121080 1.963201 -0.001646 
1992 3.373120 0.000000 0.900327 19.361743 -0.151012 1.971716 -0.001282 
1993 3.396480 0.000000 0.922103 19.367928 -0.112313 1.965274 -0.001821 
1994 3.373120 0.000000 0.943879 19.370201 -0.196584 1.964084 -0.002111 
1995 3.349759 0.000000 0.813224 19.353434 -0.035717 1.959462 -0.000248 
1996 3.303039 0.000000 0.813224 19.356227 -0.036290 1.962727 -0.000567 
1997 3.349759 0.000000 0.769673 19.357671 -0.008188 1.923187 -0.000306 
1998 3.396480 0.000000 0.813224 19.351404 -0.038752 1.958062 -0.000026 
1999 3.373120 0.000000 0.878552 19.357645 -0.108655 1.974083 -0.000858 
2000 3.349759 0.000000 0.878552 19.357479 -0.110427 1.970240 -0.000802 
2001 3.373120 0.000000 0.856776 19.354495 -0.079295 1.973217 -0.000512 
2002 3.396480 0.000000 0.878552 19.358050 -0.107707 1.977995 -0.000940 
2003 3.443201 0.000000 0.987431 19.385289 -0.293778 1.920743 -0.003337 
2004 3.489922 0.000000 0.987431 19.388923 -0.285805 1.934251 -0.003835 
2005 3.443201 0.000000 1.030982 19.397359 -0.404905 1.808061 -0.003669 
2006 3.419841 0.000000 0.922103 19.369122 -0.101827 1.967153 -0.001957 
2007 3.419841 0.000000 0.900327 19.363322 -0.146148 1.982133 -0.001549 
2008 3.443201 0.000000 0.922103 19.370424 -0.089085 1.967158 -0.002084 
2009 3.419841 0.000000 0.943879 19.373599 -0.190129 1.972281 -0.002537 
2010 3.384800 0.000000 0.911215 19.365022 -0.208296 1.961388 -0.001565 
2011 3.373120 0.000000 0.911215 19.364347 -0.214806 1.956411 -0.001452 
2012 3.384800 0.000000 0.900327 19.362275 -0.149582 1.974445 -0.001364 
2013 3.396480 0.000000 0.911215 19.365356 -0.202474 1.965301 -0.001633 
2014 3.384800 0.000000 0.922103 19.367308 -0.116936 1.964625 -0.001754 
2015 3.863689 0.000000 -0.014255 19.399637 0.065293 -0.027013 0.005159 
2016 3.863689 0.000000 -0.362667 19.385520 0.037224 -0.740292 0.005167 
2017 4.237455 0.000000 -0.014255 19.383260 0.060049 -0.026871 0.006840 
2018 3.676805 0.000000 0.508364 19.374510 0.016278 1.130750 0.004367 
2019 3.676805 0.000000 0.334157 19.397192 0.053676 0.690592 0.004155 
2020 3.863689 0.000000 0.508364 19.375474 -0.008310 1.110597 0.004388 
2021 3.583364 0.000000 0.769673 19.351540 -0.059078 1.900588 0.000541 
2022 3.583364 0.000000 0.682570 19.363515 -0.022366 1.713644 0.001109 
2023 3.676805 0.000000 0.769673 19.356223 -0.093377 1.896340 0.000091 
2024 3.536643 0.000000 0.900327 19.365625 -0.152402 2.013966 -0.002126 
2025 3.536643 0.000000 0.856776 19.355641 -0.100044 1.999725 -0.000918 
2026 3.583364 0.000000 0.900327 19.365356 -0.163752 2.026216 -0.002239 
2027 3.536643 0.000000 0.943879 19.377543 -0.185733 2.002460 -0.003254 
2028 3.466561 0.000000 0.922103 19.371801 -0.072408 1.962569 -0.002170 
2029 3.466561 0.000000 0.900327 19.365084 -0.145009 1.994656 -0.001860 
2030 3.489922 0.000000 0.922103 19.373241 -0.048486 1.946265 -0.002142 
2031 3.466561 0.000000 0.943879 19.376415 -0.185594 1.983371 -0.002937 
2032 3.583364 0.000000 1.118085 19.451115 -0.568613 1.699389 -0.008603 
2033 3.676805 0.000000 1.118085 19.462665 -0.553248 1.745835 -0.010169 
2034 3.583364 0.000000 1.205188 19.483627 -0.661489 1.472066 -0.010346 
2035 3.536643 0.000000 0.987431 19.390956 -0.280153 1.950731 -0.004204 
2036 3.583364 0.000000 0.987431 19.391708 -0.279638 1.968937 -0.004469 
2037 3.536643 0.000000 1.030982 19.408543 -0.384344 1.840562 -0.005087 
2038 3.513282 0.000000 0.922103 19.375704 -0.016626 1.893900 -0.001857 
2039 3.513282 0.000000 0.900327 19.365580 -0.148565 2.007422 -0.002049 
2040 3.536643 0.000000 0.922103 19.381700 -0.052398 1.742240 -0.001020 
2041 3.513282 0.000000 0.943879 19.377513 -0.184556 1.995745 -0.003179 
2042 4.611222 0.000000 0.682570 19.442887 -0.028543 1.807292 -0.007905 
2043 4.611222 0.000000 0.334157 19.381259 0.067165 0.702242 0.005740 
2044 4.984989 0.000000 0.682570 19.149282 0.426161 1.864953 0.021009 
2045 4.611222 0.000000 1.030982 19.609371 -0.304386 2.079134 -0.028127 
2046 4.050572 0.000000 0.856776 19.448244 -0.244834 2.073445 -0.011342 
2047 4.050572 0.000000 0.682570 19.411052 -0.040241 1.656487 -0.003257 
2048 4.237455 0.000000 0.856776 19.510756 -0.224876 2.106535 -0.018121 
2049 4.050572 0.000000 1.030982 19.476716 -0.365506 2.074210 -0.014475 
2050 3.770247 0.000000 0.943879 19.385733 -0.242838 2.066277 -0.004844 
2051 3.770247 0.000000 0.856776 19.370810 -0.191099 2.033641 -0.002902 
2052 3.863689 0.000000 0.943879 19.404612 -0.259202 2.088944 -0.007051 
2053 3.770247 0.000000 1.030982 19.419252 -0.384430 1.960720 -0.007394 
2054 3.630084 0.000000 0.900327 19.366070 -0.179364 2.037757 -0.002450 
2055 3.630084 0.000000 0.856776 19.357709 -0.133341 2.015312 -0.001315 
2056 3.676805 0.000000 0.900327 19.367353 -0.196928 2.047963 -0.002709 
2057 3.630084 0.000000 0.943879 19.376943 -0.202308 2.029298 -0.003496 
2058 3.560003 0.000000 0.922103 19.381652 -0.310349 1.759568 -0.001423 
2059 3.560003 0.000000 0.900327 19.365431 -0.157582 2.020190 -0.002177 
2060 3.583364 0.000000 0.922103 19.375983 -0.335251 1.930335 -0.002550 
2061 3.560003 0.000000 0.943879 19.377454 -0.188214 2.009096 -0.003318 
2062 3.630084 0.000000 0.987431 19.391364 -0.283839 1.988127 -0.004641 
2063 3.676805 0.000000 0.987431 19.391422 -0.292697 2.007575 -0.004866 
2064 3.630084 0.000000 1.030982 19.412332 -0.372672 1.884965 -0.005890 
2065 3.606724 0.000000 0.922103 19.373195 -0.299235 1.995077 -0.002876 
2066 3.606724 0.000000 0.900327 19.365755 -0.171354 2.032108 -0.002349 
2067 3.630084 0.000000 0.922103 19.372455 -0.277990 2.020728 -0.003040 
2068 3.606724 0.000000 0.943879 19.377224 -0.196562 2.022611 -0.003447 
2069 3.770247 0.000000 0.769673 19.365931 -0.127207 1.894408 -0.000903 
2070 3.770247 0.000000 0.682570 19.370951 -0.072183 1.688222 0.000564 
2071 3.863689 0.000000 0.769673 19.382426 -0.156067 1.895990 -0.002630 
2072 3.723526 0.000000 0.900327 19.371203 -0.215989 2.056562 -0.003217 
2073 3.723526 0.000000 0.856776 19.364571 -0.172417 2.028078 -0.002186 
2074 3.770247 0.000000 0.900327 19.377081 -0.233793 2.064948 -0.003932 
2075 3.723526 0.000000 0.943879 19.380203 -0.229507 2.054575 -0.004134 
2076 3.653445 0.000000 0.922103 19.371715 -0.269098 2.034331 -0.003097 
2077 3.653445 0.000000 0.900327 19.366519 -0.187958 2.043024 -0.002561 
2078 3.676805 0.000000 0.922103 19.372199 -0.266409 2.043613 -0.003243 
2079 3.653445 0.000000 0.943879 19.376756 -0.208450 2.035979 -0.003555 
2080 4.611222 0.000000 1.379395 19.534360 -0.829314 0.522787 -0.011234 
2081 4.984989 0.000000 1.379395 19.582498 -1.292763 -0.124133 -0.018129 
2082 4.611222 0.000000 1.727807 19.361485 0.305087 0.588114 0.007921 
2083 4.050572 0.000000 1.205188 19.507157 -0.632115 1.635071 -0.014009 
2084 4.237455 0.000000 1.205188 19.500661 -0.550060 1.646651 -0.013183 
2085 4.050572 0.000000 1.379395 19.536143 -0.172096 0.217028 -0.009080 
2086 3.770247 0.000000 1.118085 19.470431 -0.544053 1.801377 -0.011462 
2087 3.863689 0.000000 1.118085 19.479958 -0.534439 1.856797 -0.012951 
2088 3.770247 0.000000 1.205188 19.517921 -0.677205 1.539090 -0.014470 
2089 3.723526 0.000000 0.987431 19.393793 -0.304522 2.026971 -0.005334 
2090 3.770247 0.000000 0.987431 19.398978 -0.319424 2.047081 -0.006107 
2091 3.723526 0.000000 1.030982 19.415034 -0.378326 1.935700 -0.006691 
2092 3.700166 0.000000 0.922103 19.373616 -0.267266 2.051202 -0.003472 
2093 3.700166 0.000000 0.900327 19.369267 -0.206703 2.052284 -0.002962 
2094 3.723526 0.000000 0.922103 19.375616 -0.270609 2.057167 -0.003746 
2095 3.700166 0.000000 0.943879 19.378496 -0.222405 2.048763 -0.003887 
2096 3.957130 0.000000 0.943879 19.431607 -0.252570 2.110940 -0.010057 
2097 3.957130 0.000000 0.856776 19.416840 -0.239393 2.058337 -0.007944 
2098 4.050572 0.000000 0.943879 19.461002 -0.194506 2.142861 -0.013370 
2099 3.957130 0.000000 1.030982 19.455382 -0.385289 2.047318 -0.012026 
2100 3.816968 0.000000 0.900327 19.385536 -0.249331 2.073040 -0.004907 
2101 3.816968 0.000000 0.856776 19.379465 -0.207523 2.039336 -0.003868 
2102 3.863689 0.000000 0.900327 19.396356 -0.261372 2.081095 -0.006120 
2103 3.816968 0.000000 0.943879 19.394212 -0.253439 2.077556 -0.005851 
2104 3.746887 0.000000 0.922103 19.378031 -0.274876 2.062802 -0.004061 
2105 3.746887 0.000000 0.900327 19.373812 -0.225114 2.060765 -0.003541 
2106 3.770247 0.000000 0.922103 19.381202 -0.279561 2.068155 -0.004451 
2107 3.746887 0.000000 0.943879 19.382738 -0.236444 2.060438 -0.004466 
2108 3.816968 0.000000 0.987431 19.406011 -0.309943 2.071913 -0.007083 
2109 3.863689 0.000000 0.987431 19.416521 -0.324655 2.079483 -0.008270 
2110 3.816968 0.000000 1.030982 19.426033 -0.389701 1.985070 -0.008355 
2111 3.793607 0.000000 0.922103 19.385057 -0.284430 2.073312 -0.004910 
2112 3.793607 0.000000 0.900327 19.380762 -0.241876 2.069127 -0.004365 
2113 3.816968 0.000000 0.922103 19.389555 -0.288937 2.078312 -0.005433 
2114 3.793607 0.000000 0.943879 19.389639 -0.248692 2.071884 -0.005314 
2115 4.050572 0.000000 0.508364 19.390142 -0.032446 1.108401 0.002895 
2116 4.050572 0.000000 0.334157 19.386736 0.030135 0.667761 0.005314 
2117 4.237455 0.000000 0.508364 19.410675 -0.044360 1.129185 0.000664 
2118 3.957130 0.000000 0.769673 19.405681 -0.176829 1.903142 -0.005105 
2119 3.957130 0.000000 0.682570 19.390094 -0.026136 1.646972 -0.001021 
2120 4.050572 0.000000 0.769673 19.432982 -0.188788 1.916471 -0.008054 
2121 3.910409 0.000000 0.900327 19.409228 -0.269943 2.088964 -0.007540 
2122 3.910409 0.000000 0.856776 19.402458 -0.231723 2.051610 -0.006386 
2123 3.957130 0.000000 0.900327 19.423955 -0.274703 2.096697 -0.009144 
2124 3.910409 0.000000 0.943879 19.417259 -0.259500 2.099905 -0.008470 
2125 3.840328 0.000000 0.922103 19.394465 -0.292769 2.083083 -0.005994 
2126 3.840328 0.000000 0.900327 19.390504 -0.255541 2.076989 -0.005467 
2127 3.863689 0.000000 0.922103 19.400179 -0.296314 2.087799 -0.006638 
2128 3.840328 0.000000 0.943879 19.398844 -0.257001 2.083351 -0.006394 
2129 3.957130 0.000000 1.118085 19.487657 -0.513827 1.900282 -0.014119 
2130 4.050572 0.000000 1.118085 19.493251 -0.482035 1.925990 -0.014872 
2131 3.957130 0.000000 1.205188 19.517916 -0.664533 1.612724 -0.015038 
2132 3.910409 0.000000 0.987431 19.428336 -0.328867 2.094026 -0.009651 
2133 3.957130 0.000000 0.987431 19.441140 -0.328002 2.107266 -0.011112 
2134 3.910409 0.000000 1.030982 19.444646 -0.390538 2.028930 -0.010734 
2135 3.840328 0.000000 0.965655 19.404676 -0.297028 2.080533 -0.007020 
2136 3.816968 0.000000 0.965655 19.399524 -0.292608 2.074070 -0.006414 
2137 3.863689 0.000000 0.965655 19.410041 -0.300606 2.087230 -0.007650 
2138 3.840328 0.000000 0.987431 19.411260 -0.319509 2.072078 -0.007640 
2139 3.828648 0.000000 0.932991 19.392222 0.825178 2.044786 -0.006920 
2140 3.816968 0.000000 0.932991 19.391535 0.170975 2.052232 -0.005208 
2141 3.828648 0.000000 0.922103 19.391806 -0.290852 2.080625 -0.005692 
2142 3.840328 0.000000 0.932991 19.389218 -2.510538 2.467952 -0.026521 
2143 3.828648 0.000000 0.943879 19.396387 -0.255353 2.080372 -0.006107 
2144 6.480056 0.000000 0.334157 19.550909 0.487072 0.694080 -0.012304 
2145 6.480056 0.000000 -0.362667 19.554552 0.533383 -0.712151 -0.012872 
2146 7.227589 0.000000 0.334157 19.481786 0.179940 0.798583 -0.005043 
2147 6.480056 0.000000 1.030982 19.624691 -0.050126 2.166264 -0.030455 
2148 5.358756 0.000000 0.682570 19.358792 0.752658 1.354996 0.003006 
2149 5.358756 0.000000 0.334157 19.444167 0.250343 0.602401 -0.000525 
2150 5.732522 0.000000 0.682570 19.506997 0.479082 1.282187 -0.010822 
2151 5.358756 0.000000 1.030982 18.813183 -0.352462 3.121612 0.038324 
2152 4.798105 0.000000 0.856776 19.511327 -0.201186 2.380748 -0.021406 
2153 4.611222 0.000000 0.856776 19.548118 -0.170320 2.211340 -0.023118 
2154 4.798105 0.000000 0.682570 19.329524 0.125929 1.887601 0.002890 
2155 4.984989 0.000000 0.856776 19.285351 -0.302315 2.751010 -0.003388 
2156 4.798105 0.000000 1.030982 19.645849 -0.407691 2.119448 -0.032554 
2157 6.480056 0.000000 1.727807 19.633464 -0.535919 0.181512 -0.019800 
2158 7.227589 0.000000 1.727807 19.541159 -0.334960 1.101531 -0.012900 
2159 6.480056 0.000000 2.424632 19.482777 0.088958 0.120757 -0.003433 
2160 5.358756 0.000000 1.379395 19.449219 -0.313025 0.368945 -0.000539 
2161 5.732522 0.000000 1.379395 19.321561 -0.480262 1.042969 0.009678 
2162 5.358756 0.000000 1.727807 19.490286 -0.213674 0.811268 -0.006007 
2163 5.171872 0.000000 0.856776 18.721214 0.444307 3.027241 0.048789 
2164 5.171872 0.000000 0.682570 19.171139 0.738305 1.575131 0.020470 
2165 5.358756 0.000000 0.856776 19.083190 1.206141 2.417289 0.018071 
2166 5.171872 0.000000 1.030982 19.176730 -0.871317 2.472843 0.009731 
2167 4.798105 0.000000 1.205188 19.650476 -0.538091 1.525518 -0.027638 
2168 4.611222 0.000000 1.205188 19.590564 -0.534752 1.577885 -0.021843 
2169 4.984989 0.000000 1.205188 19.643358 -0.540469 1.548283 -0.027090 
2170 4.798105 0.000000 1.379395 19.493963 -1.097903 0.370262 -0.008074 
2171 4.891547 0.000000 0.943879 19.583680 -0.491541 2.370851 -0.029290 
2172 4.798105 0.000000 0.943879 19.605280 -0.361483 2.289189 -0.030229 
2173 4.891547 0.000000 0.856776 19.450080 -0.257627 2.534184 -0.017160 
2174 4.984989 0.000000 0.943879 19.481416 -0.668759 2.485667 -0.020748 
2175 4.891547 0.000000 1.030982 19.633613 -0.517884 2.144565 -0.031836 
2176 4.424339 0.000000 0.856776 19.548693 -0.190606 2.141727 -0.022395 
2177 4.424339 0.000000 0.682570 19.477913 -0.111586 1.727359 -0.010792 
2178 4.424339 0.000000 1.030982 19.560184 -0.280598 2.075778 -0.022960 
2179 4.704664 0.000000 0.943879 19.600251 -0.286118 2.226573 -0.028831 
2180 4.611222 0.000000 0.943879 19.589508 -0.249333 2.182776 -0.027155 
2181 4.704664 0.000000 0.856776 19.535380 -0.174916 2.278198 -0.022599 
2182 4.704664 0.000000 1.030982 19.632631 -0.334320 2.096140 -0.030778 
2183 5.171872 0.000000 1.205188 19.461530 -0.605476 1.704982 -0.009839 
2184 5.358756 0.000000 1.205188 19.229992 -0.664863 1.915027 0.011632 
2185 5.171872 0.000000 1.379395 19.790387 -0.481884 -0.349723 -0.036245 
2186 4.891547 0.000000 1.118085 19.651362 -0.513954 1.855940 -0.030616 
2187 4.798105 0.000000 1.118085 19.657465 -0.457090 1.848991 -0.031036 
2188 4.984989 0.000000 1.118085 19.605427 -0.590665 1.878465 -0.026296 
2189 4.891547 0.000000 1.205188 19.662451 -0.536866 1.518415 -0.028822 
2190 4.844826 0.000000 0.987431 19.629270 -0.423616 2.229561 -0.032133 
2191 4.798105 0.000000 0.987431 19.631472 -0.368105 2.208195 -0.031995 
2192 4.844826 0.000000 0.943879 19.600240 -0.419226 2.327280 -0.030290 
2193 4.891547 0.000000 0.987431 19.616826 -0.491291 2.252766 -0.031281 
2194 4.844826 0.000000 1.030982 19.644567 -0.457779 2.131602 -0.032672 
2195 5.732522 0.000000 -3.149967 19.450591 0.026062 -0.071708 -0.000076 
2196 5.732522 0.000000 -4.543616 19.449303 0.001522 -0.023698 0.000070 
2197 7.227589 0.000000 -3.149967 19.446551 0.050729 -0.057296 0.000339 
2198 4.984989 0.000000 -1.059492 19.581502 -0.643505 -2.078062 -0.026077 
2199 4.984989 0.000000 -1.756317 19.303992 0.152823 -0.744106 0.013432 
2200 5.732522 0.000000 -1.059492 19.270102 0.373017 -2.987820 -0.005553 
2201 4.611222 0.000000 -0.014255 19.378548 0.080734 -0.027291 0.007315 
2202 4.611222 0.000000 -0.362667 19.382535 0.063843 -0.775891 0.005323 
2203 4.984989 0.000000 -0.014255 19.394510 0.128150 -0.026034 0.005653 
2204 4.798105 0.000000 0.508364 19.337968 0.152926 1.207213 0.007573 
2205 4.611222 0.000000 0.508364 19.394042 0.039580 1.209044 0.001878 
2206 4.798105 0.000000 0.334157 19.366393 0.122274 0.695187 0.007262 
2207 4.984989 0.000000 0.508364 19.299756 0.291945 1.127995 0.011801 
2208 4.891547 0.000000 0.769673 19.289483 0.076218 2.314576 0.002261 
2209 4.798105 0.000000 0.769673 19.394476 0.091556 2.230668 -0.007474 
2210 4.891547 0.000000 0.682570 19.239688 0.252417 1.905182 0.011746 
2211 4.984989 0.000000 0.769673 19.123183 0.245619 2.417132 0.017720 
2212 4.844826 0.000000 0.900327 19.552946 -0.338623 2.411589 -0.026290 
2213 4.798105 0.000000 0.900327 19.564696 -0.291527 2.355372 -0.026718 
2214 4.844826 0.000000 0.856776 19.488443 -0.225468 2.450185 -0.019961 
2215 4.891547 0.000000 0.900327 19.527941 -0.400450 2.478435 -0.024692 
2216 5.078431 0.000000 0.943879 19.226416 -0.784368 2.691444 0.002084 
2217 5.078431 0.000000 0.856776 18.967799 -0.131694 2.987592 0.025329 
2218 5.171872 0.000000 0.943879 18.853624 -0.592025 3.028688 0.035210 
2219 5.078431 0.000000 1.030982 19.414546 -0.804319 2.271080 -0.011702 
2220 4.938268 0.000000 0.987431 19.587515 -0.569283 2.279539 -0.028783 
2221 4.938268 0.000000 0.943879 19.547776 -0.577987 2.421684 -0.026465 
2222 4.984989 0.000000 0.987431 19.535393 -0.652201 2.314041 -0.024079 
2223 4.938268 0.000000 1.030982 19.609088 -0.586714 2.160083 -0.029669 
2224 4.868187 0.000000 0.965655 19.611588 -0.500100 2.293203 -0.031247 
2225 4.844826 0.000000 0.965655 19.616685 -0.469110 2.277723 -0.031509 
2226 4.868187 0.000000 0.943879 19.593984 -0.453487 2.348241 -0.029980 
2227 4.891547 0.000000 0.965655 19.602598 -0.535529 2.310005 -0.030616 
2228 4.868187 0.000000 0.987431 19.624844 -0.455894 2.240846 -0.031883 
2229 4.938268 0.000000 0.900327 19.480449 -0.472476 2.558656 -0.021029 
2230 4.938268 0.000000 0.856776 19.386602 -0.289085 2.634911 -0.012065 
2231 4.984989 0.000000 0.900327 19.396070 -0.540657 2.656637 -0.013891 
2232 4.914908 0.000000 0.965655 19.589074 -0.574615 2.328092 -0.029552 
2233 4.914908 0.000000 0.943879 19.568331 -0.532911 2.395233 -0.028121 
2234 4.938268 0.000000 0.965655 19.569985 -0.616497 2.348236 -0.027957 
2235 4.914908 0.000000 0.987431 19.604793 -0.529420 2.265435 -0.030288 
2236 5.078431 0.000000 1.118085 19.507825 -0.678644 1.931443 -0.017033 
2237 5.171872 0.000000 1.118085 19.362290 -0.757568 2.034909 -0.003464 
2238 5.078431 0.000000 1.205188 19.575095 -0.562245 1.617302 -0.020654 
2239 5.031710 0.000000 0.987431 19.453532 -0.728697 2.364061 -0.016540 
2240 5.031710 0.000000 0.943879 19.375513 -0.746673 2.572388 -0.011321 
2241 5.078431 0.000000 0.987431 19.338479 -0.781659 2.437228 -0.005882 
2242 5.031710 0.000000 1.030982 19.502114 -0.736271 2.216828 -0.019789 
2243 4.961628 0.000000 0.965655 19.545233 -0.661465 2.370240 -0.025824 
2244 4.961628 0.000000 0.943879 19.519149 -0.623542 2.451436 -0.024036 
2245 4.984989 0.000000 0.965655 19.511806 -0.706032 2.396561 -0.022865 
2246 4.961628 0.000000 0.987431 19.564612 -0.610333 2.295656 -0.026735 
2247 5.358756 0.000000 -0.014255 19.451586 0.164179 -0.024743 -0.000236 
2248 5.358756 0.000000 -0.362667 19.442178 0.267840 -0.657648 -0.000529 
2249 5.732522 0.000000 -0.014255 19.523808 0.188188 -0.025492 -0.007699 
2250 5.171872 0.000000 0.508364 19.341760 0.384980 1.013354 0.007993 
2251 5.171872 0.000000 0.334157 19.396648 0.228224 0.624703 0.004309 
2252 5.358756 0.000000 0.508364 19.423925 0.403278 0.947644 -0.000124 
2253 5.078431 0.000000 0.769673 18.963365 0.473340 2.413807 0.033420 
2254 5.078431 0.000000 0.682570 19.116547 0.613899 1.740401 0.024991 
2255 5.171872 0.000000 0.769673 18.968761 0.804365 2.186576 0.034524 
2256 5.031710 0.000000 0.900327 19.264910 -0.579639 2.777155 -0.002334 
2257 5.031710 0.000000 0.856776 19.141539 -0.263294 2.875450 0.009428 
2258 5.078431 0.000000 0.900327 19.087819 -0.546139 2.919704 0.013573 
2259 6.106289 0.000000 0.682570 19.463971 0.169778 1.245663 -0.005615 
2260 6.106289 0.000000 0.334157 19.606552 0.377375 0.623008 -0.017565 
2261 6.480056 0.000000 0.682570 19.693735 -0.245839 1.630715 -0.032409 
2262 6.106289 0.000000 1.030982 19.589372 0.362788 2.612027 -0.032766 
2263 5.545639 0.000000 0.856776 19.367120 1.115318 2.058595 -0.005986 
2264 5.545639 0.000000 0.682570 19.469553 0.569330 1.312365 -0.007421 
2265 5.732522 0.000000 0.856776 19.454295 0.963672 1.907680 -0.012516 
2266 5.545639 0.000000 1.030982 19.059483 0.394593 3.154465 0.013038 
2267 5.265314 0.000000 0.943879 18.649396 0.056721 3.285235 0.052092 
2268 5.265314 0.000000 0.856776 18.832958 1.013665 2.744450 0.039816 
2269 5.358756 0.000000 0.943879 18.806030 0.699293 3.188300 0.036958 
2270 5.265314 0.000000 1.030982 18.924239 -0.737986 2.805541 0.031086 
2271 5.125151 0.000000 0.987431 19.193731 -0.789046 2.534463 0.007552 
2272 5.125151 0.000000 0.943879 19.042671 -0.745226 2.847875 0.018539 
2273 5.171872 0.000000 0.987431 19.032264 -0.741452 2.632043 0.022728 
2274 5.125151 0.000000 1.030982 19.304330 -0.854157 2.354186 -0.001656 
2275 5.055070 0.000000 0.965655 19.357165 -0.820679 2.510865 -0.008922 
2276 5.031710 0.000000 0.965655 19.418320 -0.788150 2.465529 -0.014456 
2277 5.055070 0.000000 0.943879 19.306102 -0.772799 2.627148 -0.005081 
2278 5.078431 0.000000 0.965655 19.286437 -0.843302 2.565672 -0.002532 
2279 5.055070 0.000000 0.987431 19.400181 -0.759640 2.397259 -0.011600 
2280 5.125151 0.000000 0.900327 18.889368 -0.394366 3.068367 0.031519 
2281 5.125151 0.000000 0.856776 18.807981 0.115591 3.050365 0.040297 
2282 5.171872 0.000000 0.900327 18.723012 -0.105938 3.183424 0.046539 
2283 5.101791 0.000000 0.965655 19.207373 -0.851871 2.630396 0.004585 
2284 5.101791 0.000000 0.943879 19.137610 -0.776925 2.765262 0.010056 
2285 5.125151 0.000000 0.965655 19.121393 -0.842308 2.705980 0.012273 
2286 5.101791 0.000000 0.987431 19.269469 -0.792480 2.483323 0.000516 
2287 6.106289 0.000000 1.379395 19.364476 -0.487665 1.282948 0.003795 
2288 6.480056 0.000000 1.379395 19.393700 -0.372448 1.340390 0.000665 
2289 6.106289 0.000000 1.727807 19.703237 -0.366704 0.066117 -0.026576 
2290 5.545639 0.000000 1.205188 19.156500 -0.579603 2.154544 0.016793 
2291 5.732522 0.000000 1.205188 19.234258 -0.449747 2.276086 0.007832 
2292 5.545639 0.000000 1.379395 19.331594 -0.417232 0.789396 0.010031 
2293 5.265314 0.000000 1.118085 19.197309 -0.788713 2.207788 0.011286 
2294 5.358756 0.000000 1.118085 19.065228 -0.726541 2.437551 0.022072 
2295 5.265314 0.000000 1.205188 19.335348 -0.648980 1.802222 0.002056 
2296 5.218593 0.000000 0.987431 18.874941 -0.709841 2.765015 0.036716 
2297 5.218593 0.000000 0.943879 18.706093 -0.311046 3.192533 0.047834 
2298 5.265314 0.000000 0.987431 18.757867 -0.538604 3.021844 0.044999 
2299 5.218593 0.000000 1.030982 19.043237 -0.837944 2.627243 0.021287 
2300 5.148512 0.000000 0.965655 19.031204 -0.810355 2.790989 0.020273 
2301 5.148512 0.000000 0.943879 18.946356 -0.684586 2.937242 0.027074 
2302 5.171872 0.000000 0.965655 18.941150 -0.752396 2.883707 0.028161 
2303 5.148512 0.000000 0.987431 19.113737 -0.769951 2.586069 0.015033 
2304 5.265314 0.000000 0.769673 19.118538 0.950967 1.922748 0.021630 
2305 5.265314 0.000000 0.682570 19.268086 0.773657 1.440350 0.011552 
2306 5.358756 0.000000 0.769673 19.271283 0.943381 1.744059 0.007900 
2307 5.218593 0.000000 0.900327 18.648771 0.273955 3.213347 0.053199 
2308 5.218593 0.000000 0.856776 18.737207 0.770444 2.912706 0.047957 
2309 5.265314 0.000000 0.900327 18.686823 0.645062 3.140902 0.049759 
2310 5.195233 0.000000 0.965655 18.856036 -0.664823 2.979642 0.035506 
2311 5.195233 0.000000 0.943879 18.770965 -0.466643 3.116151 0.042361 
2312 5.218593 0.000000 0.965655 18.781391 -0.547834 3.073617 0.041804 
2313 5.195233 0.000000 0.987431 18.951630 -0.722205 2.678735 0.030243 
2314 5.452197 0.000000 0.943879 19.049385 0.983800 2.925314 0.015591 
2315 5.452197 0.000000 0.856776 19.262173 1.188135 2.196082 0.002741 
2316 5.545639 0.000000 0.943879 19.226116 1.044683 2.698404 0.000757 
2317 5.452197 0.000000 1.030982 18.895896 0.093572 3.228023 0.028598 
2318 5.312035 0.000000 0.987431 18.716897 -0.229459 3.197205 0.046802 
2319 5.312035 0.000000 0.943879 18.695695 0.418901 3.277344 0.047203 
2320 5.358756 0.000000 0.987431 18.752959 0.088592 3.264752 0.042195 
2321 5.312035 0.000000 1.030982 18.842799 -0.569424 2.981186 0.037112 
2322 5.452197 0.000000 1.118085 19.016405 -0.564627 2.658792 0.024559 
2323 5.545639 0.000000 1.118085 19.057837 -0.364002 2.798680 0.018864 
2324 5.452197 0.000000 1.205188 19.167548 -0.639175 2.040065 0.016752 
2325 5.312035 0.000000 1.074534 18.995969 -0.749865 2.634887 0.026304 
2326 5.265314 0.000000 1.074534 19.080268 -0.818545 2.481821 0.019604 
2327 5.358756 0.000000 1.074534 18.939840 -0.638035 2.786155 0.030175 
2328 5.312035 0.000000 1.118085 19.123257 -0.771243 2.318733 0.017531 
2329 5.288674 0.000000 1.009206 18.796313 -0.512086 3.047717 0.040841 
2330 5.265314 0.000000 1.009206 18.838099 -0.622480 2.959299 0.037757 
2331 5.288674 0.000000 0.987431 18.726711 -0.390961 3.123708 0.046794 
2332 5.312035 0.000000 1.009206 18.770886 -0.386561 3.124925 0.042405 
2333 5.288674 0.000000 1.030982 18.877451 -0.661518 2.895670 0.034686 
2334 5.405476 0.000000 0.987431 18.837490 0.356935 3.245644 0.033809 
2335 5.405476 0.000000 0.943879 18.932523 0.881160 3.059998 0.025699 
2336 5.452197 0.000000 0.987431 18.941634 0.555065 3.172940 0.024164 
2337 5.405476 0.000000 1.030982 18.835823 -0.120460 3.204323 0.034977 
2338 5.335395 0.000000 1.009206 18.762753 -0.252423 3.186415 0.042412 
2339 5.335395 0.000000 0.987431 18.726808 -0.066704 3.243497 0.045161 
2340 5.358756 0.000000 1.009206 18.770327 -0.115498 3.229913 0.041056 
2341 5.335395 0.000000 1.030982 18.821280 -0.465044 3.057648 0.038320 
2342 5.405476 0.000000 1.074534 18.919189 -0.493192 2.916309 0.030713 
2343 5.452197 0.000000 1.074534 18.933375 -0.333597 3.010955 0.028159 
2344 5.405476 0.000000 1.118085 19.028038 -0.655598 2.554736 0.024530 
2345 5.382116 0.000000 1.009206 18.791516 0.018109 3.254510 0.038565 
2346 5.382116 0.000000 0.987431 18.791198 0.231027 3.264064 0.038292 
2347 5.405476 0.000000 1.009206 18.823673 0.144033 3.261641 0.035191 
2348 5.382116 0.000000 1.030982 18.818951 -0.236143 3.170814 0.037113 
2349 5.919406 0.000000 0.856776 19.477221 0.862858 1.868407 -0.013997 
2350 5.919406 0.000000 0.682570 19.488818 0.380951 1.243347 -0.008466 
2351 6.106289 0.000000 0.856776 19.586029 0.736170 1.967117 -0.025698 
2352 5.919406 0.000000 1.030982 19.459580 0.570770 2.751822 -0.021864 
2353 5.639081 0.000000 0.943879 19.330886 1.023209 2.540004 -0.007611 
2354 5.639081 0.000000 0.856776 19.425768 1.035591 1.969402 -0.010597 
2355 5.732522 0.000000 0.943879 19.392226 0.984239 2.433102 -0.012278 
2356 5.639081 0.000000 1.030982 19.199370 0.538547 3.025593 0.000641 
2357 5.498918 0.000000 0.987431 19.044529 0.685474 3.078145 0.014971 
2358 5.498918 0.000000 0.943879 19.147848 1.031587 2.802894 0.007248 
2359 5.545639 0.000000 0.987431 19.134947 0.761782 2.980727 0.007114 
2360 5.498918 0.000000 1.030982 18.975906 0.267328 3.205200 0.020811 
2361 5.428837 0.000000 1.009206 18.863433 0.258913 3.253668 0.031245 
2362 5.428837 0.000000 0.987431 18.888582 0.464987 3.213749 0.029023 
2363 5.452197 0.000000 1.009206 18.908208 0.360130 3.233265 0.026959 
2364 5.428837 0.000000 1.030982 18.862263 -0.009402 3.223059 0.032063 
2365 5.919406 0.000000 1.205188 19.330533 -0.377085 2.252821 -0.001545 
2366 6.106289 0.000000 1.205188 19.394971 -0.331944 2.135445 -0.006695 
2367 5.919406 0.000000 1.379395 19.338762 -0.504655 1.191114 0.006982 
2368 5.639081 0.000000 1.118085 19.144520 -0.197818 2.844494 0.009674 
2369 5.732522 0.000000 1.118085 19.234455 -0.089169 2.832361 0.000814 
2370 5.639081 0.000000 1.205188 19.185833 -0.509841 2.235647 0.013080 
2371 5.592360 0.000000 0.987431 19.208286 0.801303 2.890619 0.000916 
2372 5.592360 0.000000 0.943879 19.285932 1.038564 2.611759 -0.004083 
2373 5.639081 0.000000 0.987431 19.265499 0.819041 2.811652 -0.003788 
2374 5.592360 0.000000 1.030982 19.135114 0.481443 3.091011 0.006248 
2375 5.498918 0.000000 1.074534 18.975480 -0.179350 3.065380 0.023275 
2376 5.545639 0.000000 1.074534 19.033032 -0.045784 3.083936 0.017270 
2377 5.498918 0.000000 1.118085 19.028051 -0.463695 2.741464 0.022482 
2378 5.522279 0.000000 1.009206 19.049483 0.578225 3.128045 0.014012 
2379 5.498918 0.000000 1.009206 19.002985 0.519505 3.167829 0.018197 
2380 5.522279 0.000000 0.987431 19.091772 0.729208 3.028734 0.010843 
2381 5.545639 0.000000 1.009206 19.093022 0.625015 3.086779 0.010151 
2382 5.522279 0.000000 1.030982 19.018227 0.336739 3.182144 0.016839 
2383 5.592360 0.000000 1.074534 19.095209 0.060941 3.076018 0.011128 
2384 5.639081 0.000000 1.074534 19.154566 0.142363 3.052232 0.005468 
2385 5.592360 0.000000 1.118085 19.098906 -0.274031 2.831349 0.014387 
2386 5.568999 0.000000 1.009206 19.133136 0.661710 3.044931 0.006651 
2387 5.568999 0.000000 0.987431 19.173886 0.785092 2.934499 0.003798 
2388 5.592360 0.000000 1.009206 19.169523 0.689877 3.003983 0.003521 
2389 5.568999 0.000000 1.030982 19.098639 0.442451 3.123500 0.009496 
2390 5.825964 0.000000 0.943879 19.438170 0.942956 2.368602 -0.015964 
2391 5.825964 0.000000 0.856776 19.465956 0.905811 1.871623 -0.013070 
2392 5.919406 0.000000 0.943879 19.488747 0.890617 2.346310 -0.020637 
2393 5.825964 0.000000 1.030982 19.380474 0.606910 2.819518 -0.014851 
2394 5.685802 0.000000 0.987431 19.310783 0.824361 2.744011 -0.007436 
2395 5.685802 0.000000 0.943879 19.364935 1.004140 2.480816 -0.010206 
2396 5.732522 0.000000 0.987431 19.348370 0.822388 2.687585 -0.010458 
2397 5.685802 0.000000 1.030982 19.253172 0.575008 2.963830 -0.003957 
2398 5.615720 0.000000 1.009206 19.202142 0.711335 2.964502 0.000756 
2399 5.615720 0.000000 0.987431 19.238568 0.812239 2.849711 -0.001588 
2400 5.639081 0.000000 1.009206 19.231491 0.727391 2.926966 -0.001702 
2401 5.615720 0.000000 1.030982 19.168762 0.513054 3.058062 0.003294 
2402 5.825964 0.000000 1.118085 19.316039 -0.033659 2.790543 -0.006860 
2403 5.919406 0.000000 1.118085 19.388286 -0.021937 2.724788 -0.013291 
2404 5.825964 0.000000 1.205188 19.285331 -0.406460 2.279733 0.002686 
2405 5.779243 0.000000 0.987431 19.381094 0.814517 2.641143 -0.013120 
2406 5.779243 0.000000 0.943879 19.415615 0.963921 2.395554 -0.014093 
2407 5.825964 0.000000 0.987431 19.413230 0.800466 2.603900 -0.015839 
2408 5.779243 0.000000 1.030982 19.340839 0.607311 2.860572 -0.011412 
2409 5.685802 0.000000 1.074534 19.208703 0.202531 3.020617 0.000431 
2410 5.732522 0.000000 1.074534 19.257429 0.245110 2.986056 -0.004025 
2411 5.685802 0.000000 1.118085 19.190271 -0.136392 2.843443 0.005108 
2412 5.709162 0.000000 1.009206 19.303867 0.753616 2.828565 -0.007680 
2413 5.685802 0.000000 1.009206 19.281770 0.747872 2.858859 -0.005859 
2414 5.709162 0.000000 0.987431 19.330441 0.824059 2.714381 -0.009015 
2415 5.732522 0.000000 1.009206 19.324064 0.757149 2.800721 -0.009342 
2416 5.709162 0.000000 1.030982 19.277210 0.587462 2.935334 -0.006000 
2417 5.779243 0.000000 1.074534 19.302504 0.272227 2.951034 -0.008107 
2418 5.825964 0.000000 1.074534 19.345139 0.285963 2.916143 -0.011942 
2419 5.779243 0.000000 1.118085 19.276406 -0.055415 2.814461 -0.003176 
2420 5.755883 0.000000 1.009206 19.343314 0.758236 2.775089 -0.010937 
2421 5.755883 0.000000 0.987431 19.365075 0.819174 2.663146 -0.011808 
2422 5.779243 0.000000 1.009206 19.361483 0.757272 2.752165 -0.012457 
2423 5.755883 0.000000 1.030982 19.320438 0.603459 2.883641 -0.009665 
2424 7.975123 0.000000 0.334157 19.459674 0.101451 0.775715 -0.002613 
2425 7.975123 0.000000 -0.362667 19.457234 0.104728 -0.841744 -0.002646 
2426 8.722656 0.000000 0.334157 19.446278 0.078513 0.716408 -0.000990 
2427 7.975123 0.000000 1.030982 19.398312 0.103208 1.842662 -0.003696 
2428 6.853823 0.000000 0.682570 19.704810 0.042225 1.536378 -0.032617 
2429 6.853823 0.000000 0.334157 19.506986 0.317991 0.746515 -0.007609 
2430 7.227589 0.000000 0.682570 19.549653 0.076406 1.527044 -0.016453 
2431 6.853823 0.000000 1.030982 19.559280 -0.163576 1.887900 -0.020761 
2432 6.293172 0.000000 0.856776 19.737633 0.384836 2.075725 -0.041576 
2433 6.293172 0.000000 0.682570 19.533323 -0.091694 1.488072 -0.014462 
2434 6.480056 0.000000 0.856776 19.733674 0.033847 2.123971 -0.041310 
2435 6.293172 0.000000 1.030982 19.638826 0.120769 2.397737 -0.034747 
2436 6.012847 0.000000 0.943879 19.554449 0.807299 2.358168 -0.027192 
2437 6.012847 0.000000 0.856776 19.513827 0.819840 1.904861 -0.017942 
2438 6.106289 0.000000 0.943879 19.626421 0.679596 2.375704 -0.034363 
2439 6.012847 0.000000 1.030982 19.533715 0.484427 2.688642 -0.028356 
2440 5.872685 0.000000 0.987431 19.446350 0.779119 2.575224 -0.018760 
2441 5.872685 0.000000 0.943879 19.461928 0.919392 2.352153 -0.018086 
2442 5.919406 0.000000 0.987431 19.481194 0.747462 2.553286 -0.021920 
2443 5.872685 0.000000 1.030982 19.419870 0.595164 2.784069 -0.018330 
2444 7.975123 0.000000 1.727807 19.596310 -0.110187 0.606489 -0.016106 
2445 7.975123 0.000000 2.424632 19.289827 0.432454 0.189402 0.015813 
2446 6.853823 0.000000 1.379395 19.430075 -0.282699 1.252341 -0.002309 
2447 7.227589 0.000000 1.379395 19.489848 -0.318392 1.169540 -0.007985 
2448 6.853823 0.000000 1.727807 19.644180 -0.936540 0.610545 -0.023371 
2449 6.293172 0.000000 1.205188 19.436206 -0.291339 1.988713 -0.009261 
2450 6.480056 0.000000 1.205188 19.464496 -0.265985 1.850020 -0.010725 
2451 6.293172 0.000000 1.379395 19.381870 -0.441882 1.337075 0.001752 
2452 6.012847 0.000000 1.118085 19.446453 -0.042660 2.634007 -0.017980 
2453 6.106289 0.000000 1.118085 19.485689 -0.078591 2.523004 -0.020516 
2454 6.012847 0.000000 1.205188 19.367136 -0.353858 2.201848 -0.004644 
2455 5.872685 0.000000 1.074534 19.386268 0.287042 2.880426 -0.015607 
2456 5.919406 0.000000 1.074534 19.425648 0.275461 2.842166 -0.019051 
2457 5.872685 0.000000 1.118085 19.353532 -0.023027 2.760682 -0.010253 
2458 5.849324 0.000000 1.009206 19.415936 0.741074 2.696593 -0.017174 
2459 5.825964 0.000000 1.009206 19.397668 0.748720 2.713066 -0.015565 
2460 5.849324 0.000000 0.987431 19.429466 0.790978 2.588681 -0.017258 
2461 5.872685 0.000000 1.009206 19.434389 0.730709 2.681657 -0.018816 
2462 5.849324 0.000000 1.030982 19.400192 0.602585 2.801219 -0.016587 
2463 5.966127 0.000000 0.987431 19.517709 0.704644 2.536437 -0.025293 
2464 5.966127 0.000000 0.943879 19.519944 0.854125 2.349298 -0.023723 
2465 6.012847 0.000000 0.987431 19.554272 0.650493 2.521247 -0.028673 
2466 5.966127 0.000000 1.030982 19.498039 0.533538 2.720942 -0.025269 
2467 5.896045 0.000000 1.009206 19.453259 0.717330 2.668180 -0.020514 
2468 5.896045 0.000000 0.987431 19.463429 0.764636 2.563463 -0.020297 
2469 5.919406 0.000000 1.009206 19.472323 0.701062 2.656165 -0.022246 
2470 5.896045 0.000000 1.030982 19.439698 0.584475 2.767610 -0.020091 
2471 5.966127 0.000000 1.074534 19.462151 0.252251 2.800209 -0.022145 
2472 6.012847 0.000000 1.074534 19.494052 0.219354 2.753759 -0.024707 
2473 5.966127 0.000000 1.118085 19.419384 -0.029186 2.682385 -0.015876 
2474 5.942766 0.000000 1.009206 19.491382 0.681758 2.645086 -0.023983 
2475 5.942766 0.000000 0.987431 19.499165 0.727467 2.544531 -0.023576 
2476 5.966127 0.000000 1.009206 19.510420 0.659465 2.634287 -0.025716 
2477 5.942766 0.000000 1.030982 19.479101 0.553713 2.736366 -0.023598 
2478 6.199731 0.000000 0.943879 19.688246 0.515597 2.368946 -0.040185 
2479 6.199731 0.000000 0.856776 19.672575 0.587104 2.028801 -0.034809 
2480 6.293172 0.000000 0.943879 19.727671 0.334499 2.325854 -0.043352 
2481 6.199731 0.000000 1.030982 19.623062 0.235296 2.513577 -0.034722 
2482 6.059568 0.000000 0.987431 19.588523 0.585979 2.504081 -0.031778 
2483 6.059568 0.000000 0.943879 19.590700 0.748752 2.368305 -0.030829 
2484 6.106289 0.000000 0.987431 19.619044 0.514334 2.481571 -0.034436 
2485 6.059568 0.000000 1.030982 19.564282 0.426289 2.653013 -0.030872 
2486 6.199731 0.000000 1.118085 19.510038 -0.113559 2.403720 -0.021490 
2487 6.293172 0.000000 1.118085 19.524700 -0.141821 2.286392 -0.021568 
2488 6.199731 0.000000 1.205188 19.417657 -0.310685 2.062469 -0.008177 
2489 6.059568 0.000000 1.074534 19.520331 0.179391 2.702398 -0.026635 
2490 6.106289 0.000000 1.074534 19.541045 0.136596 2.646611 -0.027949 
2491 6.059568 0.000000 1.118085 19.468450 -0.060113 2.580137 -0.019505 
2492 6.036208 0.000000 1.009206 19.563947 0.575418 2.601165 -0.030512 
2493 6.012847 0.000000 1.009206 19.546869 0.606129 2.612875 -0.029003 
2494 6.036208 0.000000 0.987431 19.571786 0.619222 2.513103 -0.030271 
2495 6.059568 0.000000 1.009206 19.579575 0.542839 2.588724 -0.031862 
2496 6.036208 0.000000 1.030982 19.549863 0.456216 2.671422 -0.029710 
2497 6.153010 0.000000 0.987431 19.644139 0.439570 2.452051 -0.036467 
2498 6.153010 0.000000 0.943879 19.659525 0.600950 2.376660 -0.037547 
2499 6.199731 0.000000 0.987431 19.664723 0.364947 2.413360 -0.037949 
2500 6.153010 0.000000 1.030982 19.608741 0.298161 2.565619 -0.034024 
2501 6.082929 0.000000 1.009206 19.594098 0.508539 2.574689 -0.033079 
2502 6.082929 0.000000 0.987431 19.604341 0.550804 2.493629 -0.033173 
2503 6.106289 0.000000 1.009206 19.607351 0.472892 2.559332 -0.034151 
2504 6.082929 0.000000 1.030982 19.577588 0.394961 2.633072 -0.031902 
2505 6.666939 0.000000 0.856776 19.684630 -0.095543 2.077496 -0.035705 
2506 6.666939 0.000000 0.682570 19.748524 -0.175084 1.599718 -0.037778 
2507 6.853823 0.000000 0.856776 19.639456 -0.113712 1.987311 -0.030050 
2508 6.666939 0.000000 1.030982 19.585191 -0.135455 2.000429 -0.024576 
2509 6.386614 0.000000 0.943879 19.731640 0.159585 2.259273 -0.042730 
2510 6.386614 0.000000 0.856776 19.752954 0.181010 2.109513 -0.043245 
2511 6.480056 0.000000 0.943879 19.705246 0.021548 2.192706 -0.039129 
2512 6.386614 0.000000 1.030982 19.638521 0.024772 2.276231 -0.033177 
2513 6.246452 0.000000 0.987431 19.679872 0.293896 2.366593 -0.038810 
2514 6.246452 0.000000 0.943879 19.711775 0.426045 2.351625 -0.042197 
2515 6.293172 0.000000 0.987431 19.689590 0.227963 2.315975 -0.039104 
2516 6.246452 0.000000 1.030982 19.632724 0.175938 2.457352 -0.034921 
2517 6.153010 0.000000 1.074534 19.556290 0.093576 2.587455 -0.028680 
2518 6.199731 0.000000 1.074534 19.567686 0.053060 2.525729 -0.029008 
2519 6.153010 0.000000 1.118085 19.499400 -0.096742 2.463762 -0.021157 
2520 6.176370 0.000000 1.009206 19.638532 0.364259 2.503308 -0.036396 
2521 6.153010 0.000000 1.009206 19.629548 0.400490 2.523713 -0.035808 
2522 6.176370 0.000000 0.987431 19.655090 0.402064 2.433778 -0.037285 
2523 6.199731 0.000000 1.009206 19.646460 0.328537 2.481133 -0.036862 
2524 6.176370 0.000000 1.030982 19.616426 0.266300 2.540142 -0.034430 
2525 6.666939 0.000000 1.205188 19.480307 -0.256936 1.737694 -0.011275 
2526 6.853823 0.000000 1.205188 19.489453 -0.255675 1.655819 -0.011481 
2527 6.666939 0.000000 1.379395 19.412614 -0.312822 1.305870 -0.000926 
2528 6.386614 0.000000 1.118085 19.533280 -0.164829 2.177666 -0.021189 
2529 6.480056 0.000000 1.118085 19.535607 -0.184527 2.083136 -0.020383 
2530 6.386614 0.000000 1.205188 19.452114 -0.276160 1.917051 -0.010134 
2531 6.246452 0.000000 1.074534 19.575310 0.016041 2.462901 -0.028962 
2532 6.293172 0.000000 1.074534 19.580493 -0.017313 2.400037 -0.028691 
2533 6.246452 0.000000 1.118085 19.518311 -0.128488 2.344275 -0.021607 
2534 6.223091 0.000000 1.009206 19.653054 0.293264 2.457332 -0.037178 
2535 6.223091 0.000000 0.987431 19.672899 0.328706 2.390753 -0.038446 
2536 6.246452 0.000000 1.009206 19.658618 0.259027 2.432158 -0.037381 
2537 6.223091 0.000000 1.030982 19.628403 0.205161 2.486060 -0.034878 
2538 6.339893 0.000000 0.987431 19.693027 0.165454 2.264584 -0.038775 
2539 6.339893 0.000000 0.943879 19.734324 0.244385 2.293685 -0.043515 
2540 6.386614 0.000000 0.987431 19.690236 0.105848 2.213943 -0.037842 
2541 6.339893 0.000000 1.030982 19.640632 0.070437 2.336624 -0.034144 
2542 6.339893 0.000000 1.074534 19.583123 -0.047394 2.338311 -0.028195 
2543 6.386614 0.000000 1.074534 19.583599 -0.074466 2.278753 -0.027526 
2544 6.339893 0.000000 1.118085 19.529638 -0.153957 2.230637 -0.021421 
2545 6.316533 0.000000 1.009206 19.667822 0.162218 2.349745 -0.037188 
2546 6.293172 0.000000 1.009206 19.666082 0.193284 2.377984 -0.037389 
2547 6.316533 0.000000 0.987431 19.692103 0.196415 2.290140 -0.039016 
2548 6.339893 0.000000 1.009206 19.668339 0.132501 2.320972 -0.036863 
2549 6.316533 0.000000 1.030982 19.640242 0.095013 2.367270 -0.034495 
2550 6.573498 0.000000 0.943879 19.670559 -0.067347 2.133872 -0.034857 
2551 6.573498 0.000000 0.856776 19.708101 -0.051946 2.111380 -0.038507 
2552 6.666939 0.000000 0.943879 19.641042 -0.117197 2.079664 -0.031210 
2553 6.573498 0.000000 1.030982 19.604344 -0.102978 2.074880 -0.027342 
2554 6.433335 0.000000 0.987431 19.682128 0.050503 2.164923 -0.036408 
2555 6.433335 0.000000 0.943879 19.720892 0.084519 2.225019 -0.041155 
2556 6.480056 0.000000 0.987431 19.669401 0.000469 2.117755 -0.034543 
2557 6.433335 0.000000 1.030982 19.633016 -0.015374 2.218859 -0.031923 
2558 6.363254 0.000000 1.009206 19.667559 0.104023 2.292315 -0.036415 
2559 6.363254 0.000000 0.987431 19.692419 0.135142 2.239005 -0.038383 
2560 6.386614 0.000000 1.009206 19.665590 0.076901 2.263885 -0.035855 
2561 6.363254 0.000000 1.030982 19.640191 0.047044 2.306301 -0.033719 
2562 6.573498 0.000000 1.118085 19.533099 -0.199728 2.005583 -0.019301 
2563 6.666939 0.000000 1.118085 19.528604 -0.209581 1.944053 -0.018205 
2564 6.573498 0.000000 1.205188 19.473652 -0.259951 1.789779 -0.011080 
2565 6.526777 0.000000 0.987431 19.655199 -0.041007 2.074171 -0.032588 
2566 6.526777 0.000000 0.943879 19.687366 -0.028692 2.162506 -0.036921 
2567 6.573498 0.000000 0.987431 19.641202 -0.075487 2.034595 -0.030715 
2568 6.526777 0.000000 1.030982 19.614672 -0.079546 2.118207 -0.028882 
2569 6.433335 0.000000 1.074534 19.581954 -0.098638 2.223345 -0.026707 
2570 6.480056 0.000000 1.074534 19.577973 -0.119695 2.172528 -0.025717 
2571 6.433335 0.000000 1.118085 19.535213 -0.175055 2.128389 -0.020837 
2572 6.456695 0.000000 1.009206 19.653415 0.005811 2.182932 -0.033622 
2573 6.433335 0.000000 1.009206 19.658295 0.027900 2.208817 -0.034432 
2574 6.456695 0.000000 0.987431 19.676246 0.024498 2.141024 -0.035518 
2575 6.480056 0.000000 1.009206 19.647778 -0.014423 2.157991 -0.032751 
2576 6.456695 0.000000 1.030982 19.629193 -0.033683 2.191820 -0.031213 
2577 6.526777 0.000000 1.074534 19.572698 -0.137485 2.126587 -0.024661 
2578 6.573498 0.000000 1.074534 19.566795 -0.151788 2.085867 -0.023608 
2579 6.526777 0.000000 1.118085 19.534667 -0.192763 2.042065 -0.019846 
2580 6.503416 0.000000 1.009206 19.641766 -0.032821 2.134578 -0.031863 
2581 6.503416 0.000000 0.987431 19.662380 -0.021260 2.095657 -0.033568 
2582 6.526777 0.000000 1.009206 19.635566 -0.049569 2.112274 -0.030973 
2583 6.503416 0.000000 1.030982 19.619865 -0.065788 2.141539 -0.029678 
2584 7.601356 0.000000 0.682570 19.442782 0.106000 1.533369 -0.005503 
2585 7.601356 0.000000 0.334157 19.462975 0.117926 0.800972 -0.003067 
2586 7.975123 0.000000 0.682570 19.415808 0.091977 1.490869 -0.002385 
2587 7.601356 0.000000 1.030982 19.433307 -0.041860 1.797220 -0.006827 
2588 7.040706 0.000000 0.856776 19.589280 -0.087608 1.911268 -0.024050 
2589 7.040706 0.000000 0.682570 19.623793 0.133565 1.549333 -0.024343 
2590 7.227589 0.000000 0.856776 19.529467 -0.045830 1.868242 -0.017420 
2591 7.040706 0.000000 1.030982 19.539428 -0.166496 1.812102 -0.017970 
2592 6.760381 0.000000 0.943879 19.617994 -0.141053 2.029069 -0.028285 
2593 6.760381 0.000000 0.856776 19.662283 -0.112871 2.033192 -0.032909 
2594 6.853823 0.000000 0.943879 19.598466 -0.149438 1.983803 -0.025787 
2595 6.760381 0.000000 1.030982 19.570532 -0.153964 1.939042 -0.022434 
2596 6.620218 0.000000 0.987431 19.627620 -0.103968 1.998745 -0.028937 
2597 6.620218 0.000000 0.943879 19.654750 -0.096286 2.106252 -0.032916 
2598 6.666939 0.000000 0.987431 19.615659 -0.128018 1.966327 -0.027371 
2599 6.620218 0.000000 1.030982 19.594272 -0.121347 2.035678 -0.025883 
2600 7.601356 0.000000 1.379395 19.524723 -0.309957 1.219236 -0.011882 
2601 7.975123 0.000000 1.379395 19.489286 -0.234209 1.355956 -0.009049 
2602 7.601356 0.000000 1.727807 19.481760 -0.210013 1.033139 -0.006207 
2603 7.040706 0.000000 1.205188 19.497743 -0.259985 1.600011 -0.011861 
2604 7.227589 0.000000 1.205188 19.500886 -0.267244 1.572787 -0.011967 
2605 7.040706 0.000000 1.379395 19.457480 -0.286778 1.196217 -0.004769 
2606 6.760381 0.000000 1.118085 19.524702 -0.215633 1.896375 -0.017325 
2607 6.853823 0.000000 1.118085 19.521590 -0.219674 1.859250 -0.016640 
2608 6.760381 0.000000 1.205188 19.485254 -0.255461 1.693469 -0.011382 
2609 6.620218 0.000000 1.074534 19.560591 -0.163018 2.049523 -0.022578 
2610 6.666939 0.000000 1.074534 19.554942 -0.171658 2.017105 -0.021653 
2611 6.620218 0.000000 1.118085 19.530755 -0.205147 1.972920 -0.018721 
2612 6.596858 0.000000 1.009206 19.617324 -0.089807 2.051576 -0.028427 
2613 6.573498 0.000000 1.009206 19.623290 -0.077914 2.070784 -0.029250 
2614 6.596858 0.000000 0.987431 19.634253 -0.090406 2.016240 -0.029804 
2615 6.620218 0.000000 1.009206 19.611403 -0.100189 2.033365 -0.027621 
2616 6.596858 0.000000 1.030982 19.599291 -0.112779 2.054757 -0.026604 
2617 6.713660 0.000000 0.987431 19.605256 -0.148442 1.937237 -0.026007 
2618 6.713660 0.000000 0.943879 19.628957 -0.131536 2.053913 -0.029683 
2619 6.760381 0.000000 0.987431 19.596054 -0.165603 1.912861 -0.024820 
2620 6.713660 0.000000 1.030982 19.577370 -0.146166 1.968260 -0.023437 
2621 6.643579 0.000000 1.009206 19.605827 -0.109284 2.015978 -0.026862 
2622 6.643579 0.000000 0.987431 19.621377 -0.116399 1.982123 -0.028121 
2623 6.666939 0.000000 1.009206 19.600695 -0.117094 1.999636 -0.026162 
2624 6.643579 0.000000 1.030982 19.589599 -0.128935 2.017621 -0.025211 
2625 6.947264 0.000000 0.943879 19.580735 -0.147583 1.945329 -0.023549 
2626 6.947264 0.000000 0.856776 19.615347 -0.103667 1.945594 -0.027109 
2627 7.040706 0.000000 0.943879 19.562258 -0.139378 1.914637 -0.021318 
2628 6.947264 0.000000 1.030982 19.549594 -0.167404 1.845559 -0.019345 
2629 6.807102 0.000000 0.987431 19.587629 -0.179423 1.893080 -0.023761 
2630 6.807102 0.000000 0.943879 19.607876 -0.146782 2.005665 -0.026990 
2631 6.853823 0.000000 0.987431 19.580052 -0.189114 1.877493 -0.022830 
2632 6.807102 0.000000 1.030982 19.564493 -0.159765 1.912274 -0.021542 
2633 6.713660 0.000000 1.074534 19.550011 -0.178657 1.988186 -0.020844 
2634 6.760381 0.000000 1.074534 19.545510 -0.184145 1.962178 -0.020112 
2635 6.713660 0.000000 1.118085 19.526533 -0.213013 1.918767 -0.017737 
2636 6.737020 0.000000 1.009206 19.587289 -0.134183 1.954664 -0.024314 
2637 6.713660 0.000000 1.009206 19.591429 -0.129367 1.968836 -0.024887 
2638 6.737020 0.000000 0.987431 19.600554 -0.157394 1.924503 -0.025397 
2639 6.760381 0.000000 1.009206 19.583415 -0.138266 1.941003 -0.023775 
2640 6.737020 0.000000 1.030982 19.573832 -0.150375 1.953408 -0.022920 
2641 6.947264 0.000000 1.118085 19.518946 -0.222425 1.830719 -0.016092 
2642 7.040706 0.000000 1.118085 19.515662 -0.224999 1.810304 -0.015560 
2643 6.947264 0.000000 1.205188 19.493781 -0.257112 1.624787 -0.011660 
2644 6.807102 0.000000 1.074534 19.541615 -0.188954 1.938620 -0.019472 
2645 6.853823 0.000000 1.074534 19.538259 -0.192534 1.917501 -0.018913 
2646 6.807102 0.000000 1.118085 19.523023 -0.217814 1.876631 -0.016958 
2647 6.783741 0.000000 1.009206 19.579702 -0.141581 1.928071 -0.023261 
2648 6.783741 0.000000 0.987431 19.591798 -0.172916 1.902371 -0.024279 
2649 6.807102 0.000000 1.009206 19.576138 -0.144229 1.915807 -0.022770 
2650 6.783741 0.000000 1.030982 19.567479 -0.157044 1.925373 -0.021981 
2651 6.900543 0.000000 0.987431 19.573077 -0.194663 1.865877 -0.021999 
2652 6.900543 0.000000 0.943879 19.589612 -0.149399 1.963689 -0.024660 
2653 6.947264 0.000000 0.987431 19.566074 -0.196241 1.857132 -0.021190 
2654 6.900543 0.000000 1.030982 19.554409 -0.166128 1.865725 -0.020039 
2655 6.900543 0.000000 1.074534 19.535299 -0.195212 1.898185 -0.018415 
2656 6.947264 0.000000 1.074534 19.532220 -0.197003 1.880635 -0.017924 
2657 6.900543 0.000000 1.118085 19.520282 -0.221220 1.843954 -0.016357 
2658 6.877183 0.000000 1.009206 19.566739 -0.148927 1.882813 -0.021469 
2659 6.853823 0.000000 1.009206 19.569754 -0.147829 1.893169 -0.021884 
2660 6.877183 0.000000 0.987431 19.576615 -0.192340 1.871299 -0.022416 
2661 6.900543 0.000000 1.009206 19.563798 -0.149614 1.872984 -0.021068 
2662 6.877183 0.000000 1.030982 19.556814 -0.165020 1.876582 -0.020394 
2663 7.414473 0.000000 0.856776 19.468319 0.001351 1.852272 -0.010954 
2664 7.414473 0.000000 0.682570 19.483911 0.097446 1.539210 -0.009778 
2665 7.601356 0.000000 0.856776 19.421936 0.047686 1.847323 -0.006143 
2666 7.414473 0.000000 1.030982 19.472682 -0.109592 1.774140 -0.010686 
2667 7.134148 0.000000 0.943879 19.541557 -0.126895 1.892679 -0.018949 
2668 7.134148 0.000000 0.856776 19.560120 -0.067566 1.885633 -0.020766 
2669 7.227589 0.000000 0.943879 19.518144 -0.110284 1.879433 -0.016389 
2670 7.134148 0.000000 1.030982 19.527583 -0.161198 1.788561 -0.016518 
2671 6.993985 0.000000 0.987431 19.558905 -0.194244 1.849861 -0.020375 
2672 6.993985 0.000000 0.943879 19.571670 -0.144074 1.928870 -0.022440 
2673 7.040706 0.000000 0.987431 19.551284 -0.189809 1.843491 -0.019521 
2674 6.993985 0.000000 1.030982 19.544664 -0.167448 1.827676 -0.018662 
2675 7.414473 0.000000 1.205188 19.492582 -0.263218 1.581258 -0.011176 
2676 7.601356 0.000000 1.205188 19.472261 -0.233113 1.624189 -0.009407 
2677 7.414473 0.000000 1.379395 19.515277 -0.334850 1.176637 -0.010680 
2678 7.134148 0.000000 1.118085 19.510987 -0.227205 1.798148 -0.014964 
2679 7.227589 0.000000 1.118085 19.503047 -0.227356 1.794060 -0.014107 
2680 7.134148 0.000000 1.205188 19.500298 -0.264034 1.582379 -0.011982 
2681 6.993985 0.000000 1.074534 19.529108 -0.198122 1.864463 -0.017444 
2682 7.040706 0.000000 1.074534 19.525630 -0.198931 1.849686 -0.016940 
2683 6.993985 0.000000 1.118085 19.517591 -0.223607 1.819378 -0.015844 
2684 6.970625 0.000000 1.009206 19.554832 -0.149203 1.846822 -0.019884 
2685 6.947264 0.000000 1.009206 19.557960 -0.149785 1.855051 -0.020288 
2686 6.970625 0.000000 0.987431 19.562424 -0.195621 1.853338 -0.020775 
2687 6.993985 0.000000 1.009206 19.551893 -0.148340 1.839233 -0.019505 
2688 6.970625 0.000000 1.030982 19.547076 -0.167543 1.836333 -0.018995 
2689 7.087427 0.000000 0.987431 19.543243 -0.183756 1.838005 -0.018630 
2690 7.087427 0.000000 0.943879 19.552260 -0.133666 1.902518 -0.020158 
2691 7.134148 0.000000 0.987431 19.534440 -0.176898 1.833179 -0.017668 
2692 7.087427 0.000000 1.030982 19.533601 -0.164425 1.799008 -0.017242 
2693 7.017346 0.000000 1.009206 19.548770 -0.147218 1.832207 -0.019113 
2694 7.017346 0.000000 0.987431 19.555106 -0.192275 1.846523 -0.019948 
2695 7.040706 0.000000 1.009206 19.545558 -0.145784 1.825758 -0.018718 
2696 7.017346 0.000000 1.030982 19.542103 -0.167083 1.819596 -0.018319 
2697 7.321031 0.000000 0.943879 19.492577 -0.089023 1.873322 -0.013680 
2698 7.321031 0.000000 0.856776 19.498018 -0.022638 1.857926 -0.014070 
2699 7.414473 0.000000 0.943879 19.466958 -0.063225 1.872884 -0.011027 
2700 7.321031 0.000000 1.030982 19.493168 -0.133868 1.770416 -0.012777 
2701 7.180868 0.000000 0.987431 19.525137 -0.168970 1.829810 -0.016667 
2702 7.180868 0.000000 0.943879 19.530176 -0.119139 1.885049 -0.017692 
2703 7.227589 0.000000 0.987431 19.514736 -0.159961 1.827994 -0.015568 
2704 7.180868 0.000000 1.030982 19.520188 -0.156643 1.780473 -0.015675 
2705 7.087427 0.000000 1.074534 19.522119 -0.199242 1.836589 -0.016451 
2706 7.134148 0.000000 1.074534 19.517756 -0.199138 1.825086 -0.015889 
2707 7.087427 0.000000 1.118085 19.513592 -0.226356 1.803271 -0.015281 
2708 7.110787 0.000000 1.009206 19.535023 -0.139735 1.809770 -0.017471 
2709 7.087427 0.000000 1.009206 19.538686 -0.141949 1.814523 -0.017897 
2710 7.110787 0.000000 0.987431 19.538973 -0.180419 1.835502 -0.018162 
2711 7.134148 0.000000 1.009206 19.531367 -0.137104 1.805749 -0.017053 
2712 7.110787 0.000000 1.030982 19.530854 -0.162974 1.793519 -0.016905 
2713 7.321031 0.000000 1.118085 19.491724 -0.222885 1.798055 -0.012972 
2714 7.414473 0.000000 1.118085 19.477638 -0.212243 1.809283 -0.011616 
2715 7.321031 0.000000 1.205188 19.498447 -0.267873 1.572197 -0.011712 
2716 7.180868 0.000000 1.074534 19.512332 -0.197861 1.815562 -0.015237 
2717 7.227589 0.000000 1.074534 19.506366 -0.195622 1.808189 -0.014548 
2718 7.180868 0.000000 1.118085 19.507246 -0.227699 1.794999 -0.014549 
2719 7.157508 0.000000 1.009206 19.527244 -0.134144 1.802209 -0.016592 
2720 7.157508 0.000000 0.987431 19.529975 -0.173023 1.831355 -0.017185 
2721 7.180868 0.000000 1.009206 19.522901 -0.130888 1.799115 -0.016112 
2722 7.157508 0.000000 1.030982 19.523985 -0.159090 1.784202 -0.016104 
2723 7.274310 0.000000 0.987431 19.503757 -0.149385 1.827780 -0.014425 
2724 7.274310 0.000000 0.943879 19.505539 -0.100303 1.875573 -0.015044 
2725 7.321031 0.000000 0.987431 19.492315 -0.137651 1.828963 -0.013248 
2726 7.274310 0.000000 1.030982 19.502954 -0.143098 1.771706 -0.013804 
2727 7.274310 0.000000 1.074534 19.499368 -0.191859 1.802885 -0.013772 
2728 7.321031 0.000000 1.074534 19.491589 -0.186561 1.799524 -0.012933 
2729 7.274310 0.000000 1.118085 19.497752 -0.225776 1.795121 -0.013569 
2730 7.250950 0.000000 1.009206 19.508786 -0.118835 1.792297 -0.014583 
2731 7.227589 0.000000 1.009206 19.513720 -0.123369 1.794215 -0.015113 
2732 7.250950 0.000000 0.987431 19.509268 -0.154877 1.827777 -0.014998 
2733 7.274310 0.000000 1.009206 19.503700 -0.114049 1.790557 -0.014039 
2734 7.250950 0.000000 1.030982 19.507625 -0.147121 1.772988 -0.014301 
2735 11.712790 0.000000 -0.362667 19.452000 -0.082227 -0.926460 -0.002492 
2736 11.712790 0.000000 -1.756317 19.450701 0.468506 -1.785813 -0.009082 
2737 13.207857 0.000000 -0.362667 19.449506 -0.112517 -0.611387 -0.000971 
2738 9.470190 0.000000 0.334157 19.463126 0.016624 0.672297 -0.002546 
2739 9.470190 0.000000 -0.362667 19.462439 0.015420 -0.729040 -0.002685 
2740 10.217723 0.000000 0.334157 19.468875 -0.048061 0.681109 -0.003174 
2741 8.348890 0.000000 0.682570 19.410770 0.170322 1.496880 -0.001970 
2742 8.348890 0.000000 0.334157 19.455102 0.094473 0.746185 -0.002020 
2743 8.722656 0.000000 0.682570 19.399471 0.142651 1.448918 -0.000414 
2744 8.348890 0.000000 1.030982 19.400727 0.110123 1.872956 -0.004245 
2745 7.788239 0.000000 0.856776 19.397764 0.079429 1.841991 -0.003621 
2746 7.788239 0.000000 0.682570 19.422516 0.103022 1.515051 -0.003271 
2747 7.975123 0.000000 0.856776 19.391014 0.089418 1.836505 -0.002880 
2748 7.788239 0.000000 1.030982 19.407784 0.035351 1.824330 -0.004465 
2749 7.507914 0.000000 0.943879 19.443112 -0.034416 1.876269 -0.008601 
2750 7.507914 0.000000 0.856776 19.442369 0.025332 1.849468 -0.008259 
2751 7.601356 0.000000 0.943879 19.423112 -0.003923 1.881347 -0.006593 
2752 7.507914 0.000000 1.030982 19.451934 -0.078194 1.783892 -0.008627 
2753 7.367752 0.000000 0.987431 19.480591 -0.124605 1.831466 -0.012056 
2754 7.367752 0.000000 0.943879 19.479602 -0.076723 1.872531 -0.012331 
2755 7.414473 0.000000 0.987431 19.468902 -0.110267 1.835126 -0.010879 
2756 7.367752 0.000000 1.030982 19.483072 -0.122689 1.771272 -0.011737 
2757 8.348890 0.000000 1.379395 19.438554 -0.220787 1.471078 -0.004673 
2758 8.722656 0.000000 1.379395 19.392390 -0.298327 1.472446 -0.000051 
2759 8.348890 0.000000 1.727807 19.503074 0.331017 1.468407 -0.011454 
2760 7.788239 0.000000 1.205188 19.446371 -0.178143 1.686561 -0.007230 
2761 7.975123 0.000000 1.205188 19.426109 -0.112431 1.748850 -0.005663 
2762 7.788239 0.000000 1.379395 19.511152 -0.267361 1.284346 -0.010847 
2763 7.507914 0.000000 1.118085 19.461915 -0.194839 1.826056 -0.010140 
2764 7.601356 0.000000 1.118085 19.446213 -0.170526 1.846730 -0.008703 
2765 7.507914 0.000000 1.205188 19.483849 -0.251668 1.599113 -0.010411 
2766 7.367752 0.000000 1.074534 19.483226 -0.179232 1.798406 -0.012054 
2767 7.414473 0.000000 1.074534 19.474462 -0.169784 1.799196 -0.011150 
2768 7.367752 0.000000 1.118085 19.484901 -0.218426 1.802761 -0.012309 
2769 7.344391 0.000000 1.009206 19.487817 -0.097158 1.786448 -0.012353 
2770 7.321031 0.000000 1.009206 19.493150 -0.103112 1.787655 -0.012918 
2771 7.344391 0.000000 0.987431 19.486444 -0.131276 1.830072 -0.012650 
2772 7.367752 0.000000 1.009206 19.482345 -0.090772 1.785207 -0.011775 
2773 7.344391 0.000000 1.030982 19.488194 -0.128575 1.770642 -0.012262 
2774 7.461194 0.000000 0.987431 19.457355 -0.094872 1.839680 -0.009727 
2775 7.461194 0.000000 0.943879 19.454579 -0.049174 1.874225 -0.009763 
2776 7.507914 0.000000 0.987431 19.446385 -0.078499 1.844750 -0.008640 
2777 7.461194 0.000000 1.030982 19.462113 -0.094835 1.778462 -0.009631 
2778 7.391112 0.000000 1.009206 19.476927 -0.084179 1.783790 -0.011200 
2779 7.391112 0.000000 0.987431 19.474773 -0.117602 1.833232 -0.011469 
2780 7.414473 0.000000 1.009206 19.471542 -0.077465 1.782024 -0.010627 
2781 7.391112 0.000000 1.030982 19.477796 -0.116459 1.772475 -0.011201 
2782 7.694798 0.000000 0.943879 19.408233 0.026196 1.886870 -0.005123 
2783 7.694798 0.000000 0.856776 19.407225 0.066269 1.844946 -0.004616 
2784 7.788239 0.000000 0.943879 19.398577 0.052925 1.891803 -0.004187 
2785 7.694798 0.000000 1.030982 19.418471 -0.003182 1.811260 -0.005433 
2786 7.554635 0.000000 0.987431 19.436173 -0.061468 1.850241 -0.007638 
2787 7.554635 0.000000 0.943879 19.432463 -0.019209 1.878654 -0.007528 
2788 7.601356 0.000000 0.987431 19.427006 -0.043906 1.856135 -0.006749 
2789 7.554635 0.000000 1.030982 19.442169 -0.060439 1.790231 -0.007676 
2790 7.461194 0.000000 1.074534 19.465448 -0.158382 1.801813 -0.010237 
2791 7.507914 0.000000 1.074534 19.456389 -0.144904 1.805757 -0.009332 
2792 7.461194 0.000000 1.118085 19.470107 -0.204275 1.817294 -0.010909 
2793 7.484554 0.000000 1.009206 19.455540 -0.060318 1.774769 -0.008906 
2794 7.461194 0.000000 1.009206 19.460804 -0.065232 1.777473 -0.009474 
2795 7.484554 0.000000 0.987431 19.451714 -0.086816 1.842131 -0.009166 
2796 7.507914 0.000000 1.009206 19.450514 -0.056757 1.772458 -0.008366 
2797 7.484554 0.000000 1.030982 19.456941 -0.086684 1.781018 -0.009119 
2798 7.694798 0.000000 1.118085 19.431729 -0.139133 1.868053 -0.007398 
2799 7.788239 0.000000 1.118085 19.419615 -0.101952 1.888175 -0.006330 
2800 7.694798 0.000000 1.205188 19.459232 -0.208103 1.654337 -0.008299 
2801 7.648077 0.000000 0.987431 19.419055 -0.026039 1.861978 -0.005987 
2802 7.648077 0.000000 0.943879 19.415079 0.011393 1.884077 -0.005796 
2803 7.694798 0.000000 0.987431 19.412090 -0.008351 1.867714 -0.005327 
2804 7.648077 0.000000 1.030982 19.425372 -0.022765 1.804166 -0.006075 
2805 7.554635 0.000000 1.074534 19.447473 -0.129600 1.810801 -0.008452 
2806 7.601356 0.000000 1.074534 19.439060 -0.112936 1.816810 -0.007634 
2807 7.554635 0.000000 1.118085 19.454111 -0.183488 1.836165 -0.009424 
2808 7.577996 0.000000 1.009206 19.436153 -0.054052 1.773877 -0.006902 
2809 7.554635 0.000000 1.009206 19.440737 -0.053933 1.771366 -0.007350 
2810 7.577996 0.000000 0.987431 19.431323 -0.052725 1.853178 -0.007166 
2811 7.601356 0.000000 1.009206 19.431800 -0.054148 1.778972 -0.006503 
2812 7.577996 0.000000 1.030982 19.437575 -0.051217 1.793559 -0.007233 
2813 7.648077 0.000000 1.074534 19.431406 -0.094930 1.822985 -0.006897 
2814 7.694798 0.000000 1.074534 19.424452 -0.075750 1.829472 -0.006237 
2815 7.648077 0.000000 1.118085 19.438722 -0.155693 1.857476 -0.008025 
2816 7.624716 0.000000 1.009206 19.427443 -0.052888 1.786344 -0.006124 
2817 7.624716 0.000000 0.987431 19.422856 -0.034970 1.859125 -0.006351 
2818 7.648077 0.000000 1.009206 19.423457 -0.049378 1.794775 -0.005794 
2819 7.624716 0.000000 1.030982 19.429230 -0.032394 1.800696 -0.006439 
2820 8.162006 0.000000 0.856776 19.392934 0.086776 1.832131 -0.003034 
2821 8.162006 0.000000 0.682570 19.416418 0.078745 1.465846 -0.002246 
2822 8.348890 0.000000 0.856776 19.394172 0.080566 1.828706 -0.003125 
2823 8.162006 0.000000 1.030982 19.401249 0.155175 1.824897 -0.003860 
2824 7.881681 0.000000 0.943879 19.393331 0.074672 1.896190 -0.003700 
2825 7.881681 0.000000 0.856776 19.393014 0.086843 1.839058 -0.003109 
2826 7.975123 0.000000 0.943879 19.391442 0.091042 1.899765 -0.003550 
2827 7.881681 0.000000 1.030982 19.401141 0.070919 1.835240 -0.003899 
2828 7.741519 0.000000 0.987431 19.406330 0.008577 1.873076 -0.004789 
2829 7.741519 0.000000 0.943879 19.402753 0.040094 1.889450 -0.004589 
2830 7.788239 0.000000 0.987431 19.401873 0.024786 1.878147 -0.004383 
2831 7.741519 0.000000 1.030982 19.412502 0.016251 1.818058 -0.004886 
2832 8.162006 0.000000 1.205188 19.414360 -0.052326 1.798997 -0.004901 
2833 8.348890 0.000000 1.205188 19.404546 -0.006846 1.832491 -0.004208 
2834 8.162006 0.000000 1.379395 19.465616 -0.218095 1.422934 -0.007084 
2835 7.881681 0.000000 1.118085 19.410833 -0.063289 1.905117 -0.005581 
2836 7.975123 0.000000 1.118085 19.405107 -0.025942 1.918027 -0.005115 
2837 7.881681 0.000000 1.205188 19.435007 -0.145490 1.718694 -0.006323 
2838 7.741519 0.000000 1.074534 19.418356 -0.055959 1.835810 -0.005666 
2839 7.788239 0.000000 1.074534 19.413146 -0.035859 1.841543 -0.005182 
2840 7.741519 0.000000 1.118085 19.425383 -0.120989 1.878119 -0.006833 
2841 7.718158 0.000000 1.009206 19.412745 -0.029059 1.819819 -0.004929 
2842 7.694798 0.000000 1.009206 19.416018 -0.036979 1.812039 -0.005192 
2843 7.718158 0.000000 0.987431 19.409051 0.000151 1.870459 -0.005042 
2844 7.741519 0.000000 1.009206 19.409769 -0.020395 1.826865 -0.004691 
2845 7.718158 0.000000 1.030982 19.415336 0.006561 1.814698 -0.005144 
2846 7.834960 0.000000 0.987431 19.398413 0.040091 1.882944 -0.004079 
2847 7.834960 0.000000 0.943879 19.395389 0.064441 1.894123 -0.003887 
2848 7.881681 0.000000 0.987431 19.395991 0.054060 1.887309 -0.003877 
2849 7.834960 0.000000 1.030982 19.403848 0.053491 1.830085 -0.004121 
2850 7.834960 0.000000 1.074534 19.409055 -0.016148 1.846890 -0.004811 
2851 7.881681 0.000000 1.074534 19.405809 0.003346 1.851289 -0.004521 
2852 7.834960 0.000000 1.118085 19.414811 -0.082740 1.897242 -0.005918 
2853 7.811600 0.000000 1.009206 19.402986 0.005886 1.844525 -0.004165 
2854 7.788239 0.000000 1.009206 19.404954 -0.002908 1.839143 -0.004315 
2855 7.811600 0.000000 0.987431 19.400047 0.032561 1.880558 -0.004221 
2856 7.834960 0.000000 1.009206 19.401220 0.014464 1.849340 -0.004031 
2857 7.811600 0.000000 1.030982 19.405700 0.044581 1.827252 -0.004281 
2858 8.068564 0.000000 0.943879 19.391726 0.103174 1.903399 -0.003622 
2859 8.068564 0.000000 0.856776 19.390892 0.088689 1.834229 -0.002845 
2860 8.162006 0.000000 0.943879 19.393879 0.112642 1.907021 -0.003884 
2861 8.068564 0.000000 1.030982 19.398578 0.132897 1.843073 -0.003745 
2862 7.928402 0.000000 0.987431 19.394554 0.066979 1.891293 -0.003774 
2863 7.928402 0.000000 0.943879 19.392059 0.083463 1.898051 -0.003592 
2864 7.975123 0.000000 0.987431 19.393843 0.078551 1.895052 -0.003743 
2865 7.928402 0.000000 1.030982 19.399396 0.087398 1.839511 -0.003768 
2866 7.858321 0.000000 1.009206 19.399682 0.023025 1.853961 -0.003920 
2867 7.858321 0.000000 0.987431 19.397111 0.047222 1.885195 -0.003969 
2868 7.881681 0.000000 1.009206 19.398543 0.031087 1.858252 -0.003846 
2869 7.858321 0.000000 1.030982 19.402408 0.062270 1.832746 -0.004002 
2870 8.068564 0.000000 1.118085 19.402600 0.010227 1.926569 -0.004944 
2871 8.162006 0.000000 1.118085 19.401910 0.044657 1.930277 -0.004916 
2872 8.068564 0.000000 1.205188 19.419393 -0.081022 1.775941 -0.005210 
2873 8.021844 0.000000 0.987431 19.393730 0.089059 1.898648 -0.003772 
2874 8.021844 0.000000 0.943879 19.391341 0.097537 1.901678 -0.003562 
2875 8.068564 0.000000 0.987431 19.394108 0.098739 1.901892 -0.003848 
2876 8.021844 0.000000 1.030982 19.398231 0.118369 1.844059 -0.003710 
2877 7.928402 0.000000 1.074534 19.403493 0.021916 1.854918 -0.004320 
2878 7.975123 0.000000 1.074534 19.402143 0.039938 1.857847 -0.004213 
2879 7.928402 0.000000 1.118085 19.407551 -0.044282 1.912137 -0.005310 
2880 7.951762 0.000000 1.009206 19.396342 0.053860 1.869442 -0.003736 
2881 7.928402 0.000000 1.009206 19.396873 0.046561 1.865979 -0.003754 
2882 7.951762 0.000000 0.987431 19.394155 0.072907 1.893120 -0.003753 
2883 7.975123 0.000000 1.009206 19.395899 0.060898 1.872752 -0.003725 
2884 7.951762 0.000000 1.030982 19.398739 0.095370 1.841267 -0.003722 
2885 9.096423 0.000000 0.682570 19.411850 0.006231 1.438909 -0.001554 
2886 9.096423 0.000000 0.334157 19.450003 0.049766 0.687917 -0.001258 
2887 9.470190 0.000000 0.682570 19.442956 -0.036315 1.407261 -0.004514 
2888 9.096423 0.000000 1.030982 19.345427 0.224095 1.829933 0.001740 
2889 8.535773 0.000000 0.856776 19.383461 0.066789 1.819438 -0.001932 
2890 8.535773 0.000000 0.682570 19.405859 0.159005 1.475068 -0.001285 
2891 8.722656 0.000000 0.856776 19.366965 0.038743 1.796350 -0.000014 
2892 8.535773 0.000000 1.030982 19.377592 0.154060 1.898351 -0.002157 
2893 8.255448 0.000000 0.943879 19.395607 0.119882 1.910791 -0.004104 
2894 8.255448 0.000000 0.856776 19.394831 0.084135 1.830330 -0.003209 
2895 8.348890 0.000000 0.943879 19.394848 0.124047 1.914396 -0.004065 
2896 8.255448 0.000000 1.030982 19.404389 0.111279 1.809903 -0.004007 
2897 8.115285 0.000000 0.987431 19.395035 0.107608 1.905222 -0.003982 
2898 8.115285 0.000000 0.943879 19.392580 0.108297 1.905204 -0.003730 
2899 8.162006 0.000000 0.987431 19.396146 0.115695 1.908392 -0.004132 
2900 8.115285 0.000000 1.030982 19.399668 0.146597 1.837726 -0.003815 
2901 8.021844 0.000000 1.074534 19.401444 0.057242 1.859961 -0.004167 
2902 8.068564 0.000000 1.074534 19.401321 0.073558 1.861448 -0.004174 
2903 8.021844 0.000000 1.118085 19.403546 -0.007688 1.922784 -0.005002 
2904 8.045204 0.000000 1.009206 19.395840 0.080266 1.881668 -0.003815 
2905 8.021844 0.000000 1.009206 19.395702 0.074027 1.878881 -0.003771 
2906 8.045204 0.000000 0.987431 19.393877 0.093992 1.900321 -0.003807 
2907 8.068564 0.000000 1.009206 19.395986 0.086222 1.884337 -0.003859 
2908 8.045204 0.000000 1.030982 19.398295 0.125708 1.844004 -0.003721 
2909 9.096423 0.000000 1.379395 19.372077 -0.429107 1.432193 0.002088 
2910 9.470190 0.000000 1.379395 19.386367 -0.433235 1.550645 -0.000320 
2911 9.096423 0.000000 1.727807 19.403485 0.132026 0.694033 0.003458 
2912 8.535773 0.000000 1.205188 19.381183 0.030486 1.863070 -0.002114 
2913 8.722656 0.000000 1.205188 19.337988 0.103812 1.916032 0.001752 
2914 8.535773 0.000000 1.379395 19.412185 -0.246359 1.487184 -0.002122 
2915 8.255448 0.000000 1.118085 19.401883 0.074226 1.928940 -0.004908 
2916 8.348890 0.000000 1.118085 19.399236 0.098538 1.924309 -0.004601 
2917 8.255448 0.000000 1.205188 19.410107 -0.027355 1.817625 -0.004637 
2918 8.115285 0.000000 1.074534 19.401659 0.088996 1.862447 -0.004225 
2919 8.162006 0.000000 1.074534 19.402068 0.103252 1.863041 -0.004280 
2920 8.115285 0.000000 1.118085 19.402163 0.027860 1.929243 -0.004928 
2921 8.208727 0.000000 1.074534 19.402788 0.116170 1.863230 -0.004364 
2922 8.208727 0.000000 1.030982 19.403412 0.144987 1.804799 -0.003881 
2923 8.255448 0.000000 1.074534 19.403226 0.127293 1.863241 -0.004416 
2924 8.208727 0.000000 1.118085 19.402010 0.060245 1.929947 -0.004927 
2925 8.138646 0.000000 1.052758 19.400977 0.124552 1.851523 -0.004068 
2926 8.115285 0.000000 1.052758 19.400665 0.118247 1.849782 -0.004015 
2927 8.138646 0.000000 1.030982 19.400416 0.151989 1.832496 -0.003846 
2928 8.162006 0.000000 1.052758 19.401259 0.130647 1.853201 -0.004118 
2929 8.138646 0.000000 1.074534 19.401860 0.096255 1.862779 -0.004253 
2930 8.208727 0.000000 0.987431 19.397143 0.122815 1.911359 -0.004269 
2931 8.208727 0.000000 0.943879 19.394970 0.116558 1.908918 -0.004018 
2932 8.255448 0.000000 0.987431 19.397848 0.129056 1.914390 -0.004376 
2933 8.185367 0.000000 1.052758 19.401654 0.136444 1.854754 -0.004178 
2934 8.185367 0.000000 1.030982 19.402310 0.153846 1.814656 -0.003869 
2935 8.208727 0.000000 1.052758 19.402029 0.141941 1.856255 -0.004235 
2936 8.185367 0.000000 1.074534 19.402436 0.109910 1.863153 -0.004323 
2937 8.442331 0.000000 1.118085 19.390667 0.120343 1.917970 -0.003670 
2938 8.442331 0.000000 1.030982 19.391720 0.134626 1.892485 -0.003531 
2939 8.535773 0.000000 1.118085 19.374556 0.147107 1.911365 -0.001972 
2940 8.442331 0.000000 1.205188 19.395689 0.010729 1.846246 -0.003434 
2941 8.302169 0.000000 1.074534 19.403055 0.136952 1.862975 -0.004403 
2942 8.302169 0.000000 1.030982 19.403264 0.098906 1.846645 -0.004240 
2943 8.348890 0.000000 1.074534 19.401608 0.144880 1.862533 -0.004256 
2944 8.302169 0.000000 1.118085 19.401109 0.086964 1.926979 -0.004814 
2945 8.442331 0.000000 0.943879 19.389035 0.125202 1.916334 -0.003490 
2946 8.442331 0.000000 0.856776 19.390535 0.075043 1.825333 -0.002717 
2947 8.535773 0.000000 0.943879 19.378579 0.124105 1.915414 -0.002408 
2948 8.302169 0.000000 0.987431 19.397766 0.134280 1.917471 -0.004403 
2949 8.302169 0.000000 0.943879 19.395724 0.122378 1.912721 -0.004137 
2950 8.348890 0.000000 0.987431 19.396681 0.138698 1.920152 -0.004322 
2951 8.278808 0.000000 1.052758 19.402625 0.156379 1.860778 -0.004352 
2952 8.255448 0.000000 1.052758 19.402609 0.151809 1.859308 -0.004332 
2953 8.278808 0.000000 1.030982 19.404057 0.100397 1.827230 -0.004134 
2954 8.302169 0.000000 1.052758 19.402501 0.160517 1.862034 -0.004355 
2955 8.278808 0.000000 1.074534 19.403221 0.132383 1.863159 -0.004418 
2956 8.395610 0.000000 1.074534 19.398455 0.152381 1.861991 -0.003933 
2957 8.395610 0.000000 1.030982 19.396990 0.123393 1.885685 -0.003996 
2958 8.442331 0.000000 1.074534 19.393027 0.160011 1.861535 -0.003378 
2959 8.395610 0.000000 1.118085 19.395772 0.109315 1.921119 -0.004219 
2960 8.395610 0.000000 0.987431 19.394009 0.142273 1.922398 -0.004073 
2961 8.395610 0.000000 0.943879 19.392626 0.125057 1.915638 -0.003851 
2962 8.442331 0.000000 0.987431 19.389905 0.145432 1.924040 -0.003672 
2963 8.372250 0.000000 1.052758 19.399717 0.172766 1.865846 -0.004118 
2964 8.348890 0.000000 1.052758 19.400967 0.168595 1.864735 -0.004231 
2965 8.372250 0.000000 1.030982 19.398999 0.116947 1.880444 -0.004146 
2966 8.395610 0.000000 1.052758 19.397869 0.177158 1.866754 -0.003941 
2967 8.372250 0.000000 1.074534 19.400155 0.148626 1.862345 -0.004108 
2968 8.909540 0.000000 1.205188 19.292509 0.259370 1.978732 0.005601 
2969 8.909540 0.000000 1.030982 19.330725 0.227602 1.864128 0.002905 
2970 9.096423 0.000000 1.205188 19.291676 0.456431 1.968630 0.005419 
2971 8.909540 0.000000 1.379395 19.380903 -0.368514 1.441585 0.001240 
2972 8.629215 0.000000 1.118085 19.353753 0.184607 1.902454 0.000215 
2973 8.629215 0.000000 1.030982 19.360952 0.173827 1.897520 -0.000462 
2974 8.722656 0.000000 1.118085 19.332290 0.234784 1.888316 0.002496 
2975 8.629215 0.000000 1.205188 19.361158 0.059032 1.885722 -0.000294 
2976 8.489052 0.000000 1.074534 19.386015 0.168704 1.860993 -0.002661 
2977 8.489052 0.000000 1.030982 19.385291 0.144654 1.896429 -0.002919 
2978 8.535773 0.000000 1.074534 19.377494 0.178994 1.859934 -0.001787 
2979 8.489052 0.000000 1.118085 19.383418 0.132674 1.914775 -0.002903 
2980 8.909540 0.000000 0.856776 19.365511 -0.001440 1.757534 0.000504 
2981 8.909540 0.000000 0.682570 19.402109 0.121283 1.419806 -0.000449 
2982 9.096423 0.000000 0.856776 19.383303 -0.033048 1.713999 -0.000922 
2983 8.629215 0.000000 0.943879 19.366267 0.120628 1.910490 -0.001095 
2984 8.629215 0.000000 0.856776 19.374825 0.055010 1.809969 -0.000953 
2985 8.722656 0.000000 0.943879 19.354223 0.113651 1.901739 0.000230 
2986 8.489052 0.000000 0.987431 19.384186 0.148223 1.924846 -0.003096 
2987 8.489052 0.000000 0.943879 19.384184 0.124841 1.916263 -0.002992 
2988 8.535773 0.000000 0.987431 19.377798 0.151249 1.924676 -0.002442 
2989 8.465692 0.000000 1.052758 19.389596 0.193572 1.867190 -0.003113 
2990 8.442331 0.000000 1.052758 19.392734 0.187434 1.867495 -0.003432 
2991 8.465692 0.000000 1.030982 19.388626 0.139754 1.894649 -0.003240 
2992 8.489052 0.000000 1.052758 19.386105 0.200638 1.866218 -0.002753 
2993 8.465692 0.000000 1.074534 19.389770 0.164164 1.861327 -0.003046 
2994 8.582494 0.000000 1.074534 19.368319 0.191412 1.858077 -0.000842 
2995 8.582494 0.000000 1.030982 19.369469 0.163681 1.898660 -0.001336 
2996 8.629215 0.000000 1.074534 19.358630 0.206003 1.855228 0.000163 
2997 8.582494 0.000000 1.118085 19.364501 0.164351 1.907325 -0.000915 
2998 8.582494 0.000000 0.987431 19.370683 0.154378 1.923544 -0.001704 
2999 8.582494 0.000000 0.943879 19.372676 0.122642 1.913474 -0.001783 
3000 8.629215 0.000000 0.987431 19.363282 0.157356 1.921261 -0.000926 
3001 8.559133 0.000000 1.052758 19.374229 0.230764 1.854344 -0.001454 
3002 8.535773 0.000000 1.052758 19.378232 0.218720 1.860640 -0.001912 
3003 8.559133 0.000000 1.030982 19.373626 0.158831 1.898679 -0.001758 
3004 8.582494 0.000000 1.052758 19.370201 0.245218 1.843681 -0.000955 
3005 8.559133 0.000000 1.074534 19.372981 0.184879 1.859081 -0.001322 
3006 8.816098 0.000000 1.118085 19.315637 0.293000 1.865765 0.004340 
3007 8.816098 0.000000 1.030982 19.334246 0.214542 1.879568 0.002407 
3008 8.909540 0.000000 1.118085 19.308142 0.349472 1.833851 0.005321 
3009 8.816098 0.000000 1.205188 19.313251 0.169898 1.950454 0.003880 
3010 8.675935 0.000000 1.074534 19.349034 0.222772 1.851176 0.001165 
3011 8.675935 0.000000 1.030982 19.352681 0.184460 1.894921 0.000400 
3012 8.722656 0.000000 1.074534 19.340281 0.240972 1.845617 0.002093 
3013 8.675935 0.000000 1.118085 19.342856 0.208232 1.896251 0.001367 
3014 8.605854 0.000000 1.052758 19.366376 0.261633 1.825180 -0.000406 
3015 8.605854 0.000000 1.030982 19.365261 0.168587 1.898243 -0.000906 
3016 8.629215 0.000000 1.052758 19.363009 0.275577 1.792219 0.000234 
3017 8.605854 0.000000 1.074534 19.363510 0.198413 1.856761 -0.000344 
3018 8.816098 0.000000 0.943879 19.346966 0.102143 1.889031 0.001106 
3019 8.816098 0.000000 0.856776 19.363272 0.018790 1.778516 0.000536 
3020 8.909540 0.000000 0.943879 19.346204 0.086785 1.872288 0.001358 
3021 8.675935 0.000000 0.987431 19.356101 0.160185 1.917986 -0.000160 
3022 8.675935 0.000000 0.943879 19.359944 0.117730 1.906649 -0.000407 
3023 8.722656 0.000000 0.987431 19.349587 0.162509 1.913768 0.000547 
3024 8.769377 0.000000 1.074534 19.332653 0.259982 1.838421 0.002917 
3025 8.769377 0.000000 1.030982 19.338991 0.205371 1.885812 0.001870 
3026 8.816098 0.000000 1.074534 19.326868 0.278842 1.829818 0.003565 
3027 8.769377 0.000000 1.118085 19.323046 0.263442 1.878139 0.003504 
3028 8.699296 0.000000 1.052758 19.352294 0.141143 1.721691 0.002133 
3029 8.675935 0.000000 1.052758 19.357117 0.209935 1.696286 0.001806 
3030 8.699296 0.000000 1.030982 19.348874 0.189809 1.893077 0.000803 
3031 8.722656 0.000000 1.052758 19.346411 0.123584 1.773238 0.002271 
3032 8.699296 0.000000 1.074534 19.344583 0.231697 1.848583 0.001635 
3033 8.769377 0.000000 0.987431 19.344271 0.163943 1.908588 0.001142 
3034 8.769377 0.000000 0.943879 19.349817 0.108518 1.895930 0.000742 
3035 8.816098 0.000000 0.987431 19.340469 0.164127 1.902535 0.001592 
3036 10.965257 0.000000 1.727807 19.459281 0.683240 2.181545 -0.014769 
3037 10.965257 0.000000 1.030982 19.466015 -0.067297 1.967796 -0.011895 
3038 11.712790 0.000000 1.727807 19.450706 0.650881 2.021080 -0.011990 
3039 10.965257 0.000000 2.424632 19.451012 0.033944 0.157867 -0.000173 
3040 9.843957 0.000000 1.379395 19.474193 -0.265994 1.643426 -0.009816 
3041 9.843957 0.000000 1.030982 19.497033 0.084986 1.854648 -0.013954 
3042 10.217723 0.000000 1.379395 19.553011 -0.228849 1.715732 -0.018540 
3043 9.843957 0.000000 1.727807 20.236763 -0.130648 2.275277 -0.096267 
3044 9.283306 0.000000 1.205188 19.347077 0.557477 1.887947 0.000312 
3045 9.283306 0.000000 1.030982 19.383063 0.196172 1.804573 -0.001839 
3046 9.470190 0.000000 1.205188 19.427563 0.538956 1.831029 -0.007324 
3047 9.283306 0.000000 1.379395 19.375505 -0.458560 1.474095 0.001346 
3048 9.002981 0.000000 1.118085 19.311812 0.392308 1.796434 0.005222 
3049 9.002981 0.000000 1.030982 19.334500 0.230815 1.846921 0.002684 
3050 9.096423 0.000000 1.118085 19.325879 0.415593 1.760645 0.004072 
3051 9.002981 0.000000 1.205188 19.283261 0.362148 1.986957 0.006289 
3052 8.862819 0.000000 1.074534 19.323360 0.296493 1.820052 0.003991 
3053 8.862819 0.000000 1.030982 19.331501 0.222167 1.872270 0.002751 
3054 8.909540 0.000000 1.074534 19.321981 0.312035 1.809243 0.004210 
3055 8.862819 0.000000 1.118085 19.310541 0.322241 1.850843 0.004959 
3056 8.792738 0.000000 1.052758 19.334207 0.167128 1.833718 0.002909 
3057 8.769377 0.000000 1.052758 19.337390 0.151368 1.825059 0.002681 
3058 8.792738 0.000000 1.030982 19.336337 0.210118 1.882780 0.002166 
3059 8.816098 0.000000 1.052758 19.331592 0.181071 1.837584 0.003126 
3060 8.792738 0.000000 1.074534 19.329519 0.269486 1.834333 0.003264 
3061 10.965257 0.000000 0.334157 19.458952 -0.076039 0.702093 -0.002239 
3062 10.965257 0.000000 -0.362667 19.459319 -0.083216 -0.761553 -0.002510 
3063 11.712790 0.000000 0.334157 19.451951 -0.075309 0.872600 -0.002228 
3064 9.843957 0.000000 0.682570 19.472815 0.000695 1.357024 -0.007215 
3065 9.843957 0.000000 0.334157 19.469787 -0.016201 0.670843 -0.003226 
3066 10.217723 0.000000 0.682570 19.486110 -0.061551 1.375476 -0.008728 
3067 9.283306 0.000000 0.856776 19.407683 -0.052914 1.679189 -0.003114 
3068 9.283306 0.000000 0.682570 19.427484 -0.014207 1.420106 -0.003018 
3069 9.470190 0.000000 0.856776 19.432591 -0.072571 1.659509 -0.005504 
3070 9.002981 0.000000 0.943879 19.352057 0.069699 1.852326 0.000963 
3071 9.002981 0.000000 0.856776 19.372764 -0.019118 1.735373 -0.000035 
3072 9.096423 0.000000 0.943879 19.363092 0.052664 1.830660 0.000050 
3073 8.862819 0.000000 0.987431 19.338534 0.162904 1.895538 0.001861 
3074 8.862819 0.000000 0.943879 19.345785 0.094746 1.881266 0.001308 
3075 8.909540 0.000000 0.987431 19.338187 0.160223 1.887634 0.001978 
3076 8.956261 0.000000 1.074534 19.322721 0.324552 1.798032 0.004221 
3077 8.956261 0.000000 1.030982 19.331852 0.230518 1.855708 0.002869 
3078 9.002981 0.000000 1.074534 19.325667 0.333795 1.787005 0.004008 
3079 8.956261 0.000000 1.118085 19.308480 0.373107 1.815352 0.005420 
3080 8.886179 0.000000 1.052758 19.327260 0.214197 1.836244 0.003547 
3081 8.862819 0.000000 1.052758 19.328148 0.204591 1.838157 0.003448 
3082 8.886179 0.000000 1.030982 19.330906 0.225213 1.868297 0.002848 
3083 8.909540 0.000000 1.052758 19.327025 0.222399 1.833593 0.003587 
3084 8.886179 0.000000 1.074534 19.322387 0.304593 1.814709 0.004129 
3085 8.956261 0.000000 0.987431 19.339707 0.156024 1.879216 0.001910 
3086 8.956261 0.000000 0.943879 19.348410 0.078358 1.862683 0.001231 
3087 9.002981 0.000000 0.987431 19.342895 0.150321 1.870175 0.001678 
3088 9.189865 0.000000 1.118085 19.347587 0.421172 1.730685 0.002117 
3089 9.189865 0.000000 1.030982 19.362425 0.211020 1.815215 0.000157 
3090 9.283306 0.000000 1.118085 19.374312 0.415855 1.707262 -0.000394 
3091 9.189865 0.000000 1.205188 19.314991 0.522028 1.931809 0.003249 
3092 9.049702 0.000000 1.074534 19.330690 0.339499 1.776649 0.003582 
3093 9.049702 0.000000 1.030982 19.339152 0.228604 1.838271 0.002295 
3094 9.096423 0.000000 1.074534 19.337648 0.341882 1.767390 0.002954 
3095 9.049702 0.000000 1.118085 19.317675 0.406463 1.778018 0.004767 
3096 8.979621 0.000000 1.052758 19.329006 0.239695 1.822480 0.003471 
3097 8.956261 0.000000 1.052758 19.327885 0.235161 1.826480 0.003553 
3098 8.979621 0.000000 1.030982 19.333042 0.230949 1.851233 0.002790 
3099 9.002981 0.000000 1.052758 19.330565 0.243240 1.818386 0.003347 
3100 8.979621 0.000000 1.074534 19.323871 0.329626 1.792485 0.004147 
3101 9.189865 0.000000 0.943879 19.377799 0.037131 1.810016 -0.001253 
3102 9.189865 0.000000 0.856776 19.395362 -0.043810 1.694922 -0.001988 
3103 9.283306 0.000000 0.943879 19.393962 0.023598 1.793070 -0.002746 
3104 9.049702 0.000000 0.987431 19.347466 0.143494 1.860759 0.001309 
3105 9.049702 0.000000 0.943879 19.357039 0.061028 1.841632 0.000561 
3106 9.096423 0.000000 0.987431 19.353559 0.135802 1.851125 0.000785 
3107 9.143144 0.000000 1.074534 19.346370 0.341654 1.759541 0.002135 
3108 9.143144 0.000000 1.030982 19.353097 0.218002 1.822136 0.001037 
3109 9.189865 0.000000 1.074534 19.356552 0.339811 1.753307 0.001155 
3110 9.143144 0.000000 1.118085 19.336063 0.420177 1.744797 0.003168 
3111 9.073063 0.000000 1.052758 19.338322 0.247841 1.806214 0.002664 
3112 9.049702 0.000000 1.052758 19.335309 0.247268 1.810186 0.002935 
3113 9.073063 0.000000 1.030982 19.342115 0.226577 1.834060 0.002035 
3114 9.096423 0.000000 1.052758 19.341767 0.247630 1.802339 0.002349 
3115 9.073063 0.000000 1.074534 19.333957 0.341072 1.771870 0.003290 
3116 9.026342 0.000000 1.052758 19.332633 0.245760 1.814310 0.003171 
3117 9.026342 0.000000 1.030982 19.336601 0.230023 1.842588 0.002512 
3118 9.026342 0.000000 1.074534 19.327864 0.337062 1.781709 0.003828 
3119 10.217723 0.000000 9.392880 19.449633 -0.000120 0.003405 0.000038 
3120 13.207857 0.000000 9.392880 19.449817 0.000083 0.003527 0.000019 
3121 10.217723 0.000000 12.180179 19.449768 0.000190 0.001376 0.000024 
3122 8.722656 0.000000 5.211931 19.451367 0.015795 0.012029 -0.000142 
3123 7.227589 0.000000 5.211931 19.451454 0.013818 0.013413 -0.000151 
3124 10.217723 0.000000 5.211931 19.450285 0.005183 0.013686 -0.000030 
3125 8.722656 0.000000 6.605580 19.451266 -0.003001 0.005042 -0.000130 
3126 9.470190 0.000000 3.121456 19.457440 0.036144 0.068790 -0.000781 
3127 8.722656 0.000000 3.121456 19.454256 0.049075 0.080619 -0.000461 
3128 10.217723 0.000000 3.121456 19.453180 0.030370 0.062625 -0.000340 
3129 9.470190 0.000000 3.818281 19.449781 0.011272 0.040457 0.000018 
3130 9.096423 0.000000 2.076219 19.456220 -0.731612 0.797180 -0.003734 
3131 8.722656 0.000000 2.076219 19.475109 0.144919 0.733413 -0.004061 
3132 9.470190 0.000000 2.076219 19.553901 -0.551290 1.010267 -0.014214 
3133 9.096423 0.000000 2.424632 19.481515 0.081477 0.219459 -0.003388 
3134 8.909540 0.000000 1.553601 19.306396 -0.309718 0.899942 0.012318 
3135 8.722656 0.000000 1.553601 19.300382 -0.359691 1.039460 0.012128 
3136 9.096423 0.000000 1.553601 19.357478 -0.250333 0.851906 0.007407 
3137 8.909540 0.000000 1.727807 19.252902 0.106994 0.611290 0.019146 
3138 9.002981 0.000000 1.292291 19.339072 -0.181788 1.958422 0.001148 
3139 8.909540 0.000000 1.292291 19.354888 -0.177305 1.873910 0.000391 
3140 9.096423 0.000000 1.292291 19.324212 -0.161358 2.052059 0.001693 
3141 9.002981 0.000000 1.379395 19.375919 -0.402138 1.431226 0.001761 
3142 9.049702 0.000000 1.161637 19.299430 0.465068 1.894135 0.005367 
3143 9.002981 0.000000 1.161637 19.293600 0.434121 1.912137 0.005855 
3144 9.096423 0.000000 1.161637 19.308369 0.489303 1.875212 0.004582 
3145 9.049702 0.000000 1.205188 19.285084 0.412023 1.980864 0.006065 
3146 9.073063 0.000000 1.096309 19.328708 0.365653 1.752697 0.003960 
3147 9.049702 0.000000 1.096309 19.325197 0.363079 1.759460 0.004260 
3148 9.096423 0.000000 1.096309 19.332717 0.367155 1.746208 0.003607 
3149 9.073063 0.000000 1.118085 19.321547 0.411672 1.769147 0.004443 
3150 9.061382 0.000000 1.063646 19.333482 0.594321 1.787284 0.002568 
3151 9.049702 0.000000 1.063646 19.332321 0.537674 1.781846 0.002907 
3152 9.061382 0.000000 1.052758 19.336795 0.247649 1.808212 0.002802 
3153 9.073063 0.000000 1.063646 19.334391 0.681742 1.804745 0.002014 
3154 9.061382 0.000000 1.074534 19.332292 0.340371 1.774249 0.003440 
3155 9.657073 0.000000 1.205188 19.488263 0.453800 1.815441 -0.013195 
3156 9.657073 0.000000 1.030982 19.468941 0.129959 1.820842 -0.010757 
3157 9.843957 0.000000 1.205188 19.532239 0.343087 1.819675 -0.017538 
3158 9.657073 0.000000 1.379395 19.422440 -0.356061 1.614385 -0.004392 
3159 9.657073 0.000000 0.856776 19.456758 -0.100598 1.655322 -0.007965 
3160 9.657073 0.000000 0.682570 19.457582 -0.062687 1.401378 -0.005981 
3161 9.843957 0.000000 0.856776 19.476302 -0.139111 1.662046 -0.010060 
3162 10.591490 0.000000 1.379395 19.488156 -0.243192 1.724021 -0.011940 
3163 10.591490 0.000000 1.030982 19.491376 -0.058492 1.962070 -0.014444 
3164 10.965257 0.000000 1.379395 19.464437 -0.249484 1.713116 -0.009407 
3165 10.591490 0.000000 1.727807 19.472960 0.690494 2.192134 -0.016325 
3166 10.030840 0.000000 1.205188 19.549780 0.235934 1.841130 -0.019394 
3167 10.030840 0.000000 1.030982 19.511283 0.031411 1.894593 -0.015803 
3168 10.217723 0.000000 1.205188 19.545612 0.151064 1.870458 -0.019164 
3169 10.030840 0.000000 1.379395 19.536525 -0.228472 1.663890 -0.016373 
3170 9.750515 0.000000 1.118085 19.502165 0.369985 1.737262 -0.013711 
3171 9.657073 0.000000 1.118085 19.478494 0.402937 1.704955 -0.011045 
3172 9.750515 0.000000 1.030982 19.485070 0.109005 1.836171 -0.012553 
3173 9.843957 0.000000 1.118085 19.518317 0.334049 1.761067 -0.015530 
3174 9.750515 0.000000 1.205188 19.513716 0.400736 1.815243 -0.015697 
3175 10.591490 0.000000 0.682570 19.477230 -0.096502 1.398205 -0.007994 
3176 10.591490 0.000000 0.334157 19.464240 -0.068677 0.694442 -0.002752 
3177 10.965257 0.000000 0.682570 19.463653 -0.106161 1.409081 -0.006683 
3178 10.030840 0.000000 0.856776 19.489526 -0.181287 1.673310 -0.011557 
3179 10.030840 0.000000 0.682570 19.482110 -0.032152 1.364233 -0.008227 
3180 10.217723 0.000000 0.856776 19.496186 -0.214793 1.687455 -0.012404 
3181 9.750515 0.000000 0.943879 19.472948 -0.053953 1.786834 -0.010809 
3182 9.657073 0.000000 0.943879 19.459885 -0.034006 1.779131 -0.009387 
3183 9.750515 0.000000 0.856776 19.467429 -0.118830 1.657755 -0.009095 
3184 9.843957 0.000000 0.943879 19.482951 -0.076870 1.796712 -0.011940 
3185 9.937398 0.000000 1.118085 19.528075 0.299168 1.783910 -0.016693 
3186 9.937398 0.000000 1.030982 19.505242 0.058471 1.874726 -0.014988 
3187 10.030840 0.000000 1.118085 19.533575 0.266343 1.805559 -0.017417 
3188 9.937398 0.000000 1.205188 19.543671 0.286866 1.828414 -0.018710 
3189 9.797236 0.000000 1.074534 19.500681 0.117970 1.801981 -0.013838 
3190 9.750515 0.000000 1.074534 19.493366 0.113597 1.795582 -0.013021 
3191 9.797236 0.000000 1.030982 19.491579 0.097402 1.845074 -0.013304 
3192 9.843957 0.000000 1.074534 19.506654 0.114036 1.811099 -0.014539 
3193 9.797236 0.000000 1.118085 19.511199 0.351986 1.749466 -0.014721 
3194 9.563631 0.000000 1.118085 19.451929 0.401300 1.664780 -0.007950 
3195 9.470190 0.000000 1.118085 19.430985 0.388541 1.673609 -0.005849 
3196 9.563631 0.000000 1.030982 19.449800 0.148338 1.809227 -0.008690 
3197 9.563631 0.000000 1.205188 19.459929 0.500357 1.820563 -0.010444 
3198 9.703794 0.000000 1.074534 19.484569 0.092073 1.798426 -0.012130 
3199 9.657073 0.000000 1.074534 19.473134 0.027466 1.851820 -0.011447 
3200 9.703794 0.000000 1.030982 19.477455 0.119867 1.827975 -0.011696 
3201 9.703794 0.000000 1.118085 19.491151 0.387638 1.723170 -0.012482 
3202 9.843957 0.000000 2.076219 19.547113 -0.041455 0.659042 -0.011164 
3203 10.217723 0.000000 2.076219 19.476143 0.015290 0.512518 -0.003385 
3204 9.843957 0.000000 2.424632 19.468791 0.039647 0.171329 -0.002015 
3205 9.657073 0.000000 1.553601 19.510515 -0.275127 1.030196 -0.009238 
3206 9.470190 0.000000 1.553601 19.451722 -0.234947 0.932339 -0.002621 
3207 9.843957 0.000000 1.553601 19.602693 -0.364060 1.217900 -0.020034 
3208 9.657073 0.000000 1.727807 19.767907 0.001445 1.328583 -0.037623 
3209 9.750515 0.000000 1.292291 19.480361 0.155847 1.959487 -0.013338 
3210 9.657073 0.000000 1.292291 19.449621 0.164595 2.032384 -0.010951 
3211 9.843957 0.000000 1.292291 19.507838 0.131403 1.893970 -0.015484 
3212 9.750515 0.000000 1.379395 19.444672 -0.309835 1.632722 -0.006753 
3213 9.797236 0.000000 1.161637 19.518959 0.375497 1.801759 -0.016057 
3214 9.750515 0.000000 1.161637 19.509467 0.397477 1.795860 -0.015067 
3215 9.843957 0.000000 1.161637 19.526617 0.353087 1.808482 -0.016869 
3216 9.797236 0.000000 1.205188 19.523971 0.372078 1.816906 -0.016713 
3217 9.773875 0.000000 1.096309 19.497369 0.175124 1.614469 -0.011848 
3218 9.750515 0.000000 1.096309 19.494171 0.174816 1.636248 -0.011705 
3219 9.773875 0.000000 1.074534 19.497210 0.117184 1.798216 -0.013444 
3220 9.797236 0.000000 1.096309 19.500437 0.184861 1.594134 -0.012001 
3221 9.773875 0.000000 1.118085 19.506933 0.360992 1.743468 -0.014242 
3222 9.937398 0.000000 0.943879 19.490730 -0.101905 1.807603 -0.012857 
3223 9.937398 0.000000 0.856776 19.483511 -0.160611 1.667321 -0.010866 
3224 10.030840 0.000000 0.943879 19.497184 -0.126436 1.818620 -0.013643 
3225 9.890677 0.000000 1.074534 19.511413 0.106060 1.821089 -0.015121 
3226 9.890677 0.000000 1.030982 19.501487 0.071994 1.864633 -0.014506 
3227 9.937398 0.000000 1.074534 19.515223 0.096101 1.831350 -0.015608 
3228 9.890677 0.000000 1.118085 19.523837 0.316442 1.772553 -0.016177 
3229 9.820596 0.000000 1.096309 19.503436 0.203275 1.580195 -0.012212 
3230 9.820596 0.000000 1.074534 19.503826 0.116713 1.806348 -0.014204 
3231 9.843957 0.000000 1.096309 19.506813 0.226077 1.576564 -0.012556 
3232 9.820596 0.000000 1.118085 19.514971 0.342996 1.755264 -0.015147 
3233 10.404607 0.000000 1.205188 19.522287 0.091229 1.891734 -0.016929 
3234 10.404607 0.000000 1.030982 19.508106 -0.044333 1.951122 -0.016052 
3235 10.591490 0.000000 1.205188 19.495397 0.057548 1.902836 -0.014253 
3236 10.404607 0.000000 1.379395 19.516322 -0.235129 1.735269 -0.014937 
3237 10.124282 0.000000 1.118085 19.535487 0.235868 1.824932 -0.017760 
3238 10.124282 0.000000 1.030982 19.515261 0.006769 1.912915 -0.016395 
3239 10.217723 0.000000 1.118085 19.533697 0.207600 1.840315 -0.017691 
3240 10.124282 0.000000 1.205188 19.550530 0.190650 1.856122 -0.019567 
3241 9.984119 0.000000 1.074534 19.518217 0.085532 1.841531 -0.016011 
3242 9.984119 0.000000 1.030982 19.508436 0.044809 1.884822 -0.015414 
3243 10.030840 0.000000 1.074534 19.520765 0.075294 1.851537 -0.016367 
3244 9.984119 0.000000 1.118085 19.531312 0.282500 1.794968 -0.017106 
3245 10.030840 0.000000 1.553601 19.755939 -0.514741 1.587777 -0.039071 
3246 10.217723 0.000000 1.553601 19.793613 -0.342463 2.268602 -0.049559 
3247 10.030840 0.000000 1.727807 20.505704 0.578998 3.116857 -0.138068 
3248 9.937398 0.000000 1.292291 19.529876 0.097790 1.846467 -0.017268 
3249 10.030840 0.000000 1.292291 19.544968 0.061316 1.817449 -0.018531 
3250 9.937398 0.000000 1.379395 19.507400 -0.238847 1.650701 -0.013265 
3251 9.890677 0.000000 1.161637 19.532453 0.330890 1.815675 -0.017500 
3252 9.937398 0.000000 1.161637 19.536769 0.309265 1.823254 -0.017982 
3253 9.890677 0.000000 1.205188 19.538726 0.314441 1.823536 -0.018196 
3254 9.914038 0.000000 1.096309 19.516631 0.275934 1.616190 -0.013969 
3255 9.890677 0.000000 1.096309 19.513769 0.265357 1.597654 -0.013501 
3256 9.914038 0.000000 1.074534 19.513429 0.101267 1.826218 -0.015376 
3257 9.937398 0.000000 1.096309 19.519389 0.280548 1.635781 -0.014429 
3258 9.914038 0.000000 1.118085 19.526128 0.307762 1.778249 -0.016453 
3259 10.404607 0.000000 0.856776 19.493480 -0.235738 1.702394 -0.012284 
3260 10.404607 0.000000 0.682570 19.483913 -0.083335 1.387900 -0.008600 
3261 10.591490 0.000000 0.856776 19.483428 -0.246569 1.714144 -0.011368 
3262 10.124282 0.000000 0.943879 19.502148 -0.147826 1.829630 -0.014276 
3263 10.124282 0.000000 0.856776 19.493983 -0.199669 1.679985 -0.012094 
3264 10.217723 0.000000 0.943879 19.504443 -0.165133 1.840333 -0.014631 
3265 10.077561 0.000000 1.074534 19.522539 0.065235 1.861195 -0.016641 
3266 10.077561 0.000000 1.030982 19.513648 0.018710 1.904059 -0.016140 
3267 10.124282 0.000000 1.074534 19.523621 0.055419 1.870332 -0.016840 
3268 10.077561 0.000000 1.118085 19.534943 0.250846 1.815608 -0.017634 
3269 9.984119 0.000000 1.161637 19.540012 0.288327 1.831169 -0.018361 
3270 10.030840 0.000000 1.161637 19.542074 0.268232 1.839171 -0.018622 
3271 9.984119 0.000000 1.205188 19.547386 0.260678 1.834335 -0.019113 
3272 10.007479 0.000000 1.096309 19.526181 0.272624 1.686507 -0.015564 
3273 9.984119 0.000000 1.096309 19.524421 0.277880 1.671616 -0.015258 
3274 10.007479 0.000000 1.074534 19.519609 0.080403 1.846596 -0.016201 
3275 10.030840 0.000000 1.096309 19.527693 0.266383 1.699228 -0.015825 
3276 10.007479 0.000000 1.118085 19.532559 0.274340 1.800337 -0.017274 
3277 10.311165 0.000000 1.118085 19.527375 0.180632 1.849357 -0.017099 
3278 10.311165 0.000000 1.030982 19.513457 -0.031454 1.941428 -0.016502 
3279 10.404607 0.000000 1.118085 19.516942 0.156351 1.854597 -0.016052 
3280 10.311165 0.000000 1.205188 19.535719 0.118254 1.882131 -0.018235 
3281 10.171002 0.000000 1.074534 19.523771 0.046392 1.878930 -0.016938 
3282 10.171002 0.000000 1.030982 19.516090 -0.004229 1.921161 -0.016564 
3283 10.217723 0.000000 1.074534 19.522934 0.038298 1.887129 -0.016931 
3284 10.171002 0.000000 1.118085 19.535050 0.221454 1.833212 -0.017778 
3285 10.124282 0.000000 1.292291 19.551543 0.026151 1.802966 -0.019063 
3286 10.217723 0.000000 1.292291 19.547877 -0.004559 1.797103 -0.018627 
3287 10.124282 0.000000 1.379395 19.554306 -0.227364 1.687735 -0.018421 
3288 10.077561 0.000000 1.161637 19.543113 0.248990 1.847102 -0.018780 
3289 10.124282 0.000000 1.161637 19.543113 0.230451 1.854720 -0.018831 
3290 10.077561 0.000000 1.205188 19.550804 0.212656 1.848529 -0.019544 
3291 10.100921 0.000000 1.096309 19.530813 0.247872 1.725502 -0.016360 
3292 10.077561 0.000000 1.096309 19.529995 0.254186 1.718850 -0.016223 
3293 10.100921 0.000000 1.074534 19.523196 0.060246 1.865822 -0.016753 
3294 10.124282 0.000000 1.096309 19.531545 0.240375 1.730034 -0.016467 
3295 10.100921 0.000000 1.118085 19.535323 0.243288 1.820381 -0.017709 
3296 10.311165 0.000000 0.943879 19.503790 -0.178495 1.850159 -0.014672 
3297 10.311165 0.000000 0.856776 19.495963 -0.226781 1.695120 -0.012463 
3298 10.404607 0.000000 0.943879 19.500508 -0.188140 1.858758 -0.014427 
3299 10.264444 0.000000 1.074534 19.521255 0.031781 1.894786 -0.016833 
3300 10.264444 0.000000 1.030982 19.515144 -0.023392 1.935433 -0.016613 
3301 10.311165 0.000000 1.074534 19.518828 0.025646 1.901841 -0.016653 
3302 10.264444 0.000000 1.118085 19.531266 0.193910 1.845462 -0.017476 
3303 10.171002 0.000000 1.161637 19.541905 0.212870 1.861737 -0.018755 
3304 10.217723 0.000000 1.161637 19.539533 0.196189 1.868022 -0.018554 
3305 10.171002 0.000000 1.205188 19.548749 0.170046 1.863570 -0.019437 
3306 10.194363 0.000000 1.096309 19.532017 0.207619 1.733045 -0.016505 
3307 10.171002 0.000000 1.096309 19.532062 0.220898 1.733246 -0.016526 
3308 10.194363 0.000000 1.074534 19.523471 0.042160 1.883117 -0.016948 
3309 10.217723 0.000000 1.096309 19.531758 0.190667 1.733132 -0.016461 
3310 10.194363 0.000000 1.118085 19.534455 0.214436 1.836997 -0.017745 
3311 12.460324 0.000000 1.727807 19.450053 0.693706 2.021308 -0.012078 
3312 12.460324 0.000000 1.030982 19.449775 -0.121838 1.594688 -0.006738 
3313 13.207857 0.000000 1.727807 19.449919 0.693911 2.021167 -0.012063 
3314 12.460324 0.000000 2.424632 19.450027 0.033188 0.156952 -0.000071 
3315 11.339023 0.000000 1.379395 19.456673 -0.250433 1.710552 -0.008587 
3316 11.339023 0.000000 1.030982 19.456903 -0.068686 1.968866 -0.010969 
3317 11.712790 0.000000 1.379395 19.451775 -0.129916 1.574149 -0.006777 
3318 11.339023 0.000000 1.727807 19.454810 0.682396 2.177867 -0.014263 
3319 10.778373 0.000000 1.205188 19.476048 0.048612 1.901609 -0.012245 
3320 10.778373 0.000000 1.030982 19.475759 -0.064810 1.966155 -0.012880 
3321 10.965257 0.000000 1.205188 19.466128 0.046091 1.900305 -0.011210 
3322 10.778373 0.000000 1.379395 19.472782 -0.247608 1.716688 -0.010296 
3323 10.498048 0.000000 1.118085 19.504597 0.138265 1.857809 -0.014796 
3324 10.498048 0.000000 1.030982 19.500440 -0.052815 1.957848 -0.015333 
3325 10.591490 0.000000 1.118085 19.493818 0.128565 1.860440 -0.013704 
3326 10.498048 0.000000 1.205188 19.507877 0.070455 1.899501 -0.015511 
3327 10.357886 0.000000 1.074534 19.515639 0.019588 1.908005 -0.016385 
3328 10.357886 0.000000 1.030982 19.511059 -0.038495 1.946662 -0.016309 
3329 10.404607 0.000000 1.074534 19.511803 0.014122 1.912897 -0.016038 
3330 10.357886 0.000000 1.118085 19.522502 0.168045 1.852469 -0.016615 
3331 11.712790 0.000000 5.211931 19.451666 0.000214 0.007601 -0.000171 
3332 13.207857 0.000000 5.211931 19.451156 -0.000349 0.008635 -0.000119 
3333 11.712790 0.000000 6.605580 19.451062 -0.002152 0.003630 -0.000109 
3334 10.965257 0.000000 3.121456 19.450721 0.028592 0.061934 -0.000086 
3335 11.712790 0.000000 3.121456 19.450077 0.028170 0.061781 -0.000020 
3336 10.965257 0.000000 3.818281 19.450094 0.013551 0.039685 -0.000014 
3337 10.591490 0.000000 2.076219 19.456242 0.107155 0.431200 -0.001164 
3338 10.965257 0.000000 2.076219 19.452263 -0.027458 0.379976 -0.000616 
3339 10.591490 0.000000 2.424632 19.452304 0.035335 0.158757 -0.000307 
3340 10.404607 0.000000 1.553601 19.526174 -0.265875 2.437710 -0.023743 
3341 10.591490 0.000000 1.553601 19.480692 -0.278023 2.434747 -0.019033 
3342 10.404607 0.000000 1.727807 19.508028 0.712819 2.211005 -0.020241 
3343 10.311165 0.000000 1.292291 19.536694 -0.028949 1.792808 -0.017433 
3344 10.404607 0.000000 1.292291 19.522018 -0.047969 1.786749 -0.015864 
3345 10.311165 0.000000 1.379395 19.536018 -0.231372 1.733049 -0.016945 
3346 10.264444 0.000000 1.161637 19.535961 0.180715 1.873350 -0.018222 
3347 10.311165 0.000000 1.161637 19.531165 0.166357 1.877646 -0.017756 
3348 10.264444 0.000000 1.205188 19.541158 0.133895 1.876564 -0.018752 
3349 10.287805 0.000000 1.096309 19.528254 0.125524 1.748351 -0.016185 
3350 10.264444 0.000000 1.096309 19.530066 0.147632 1.740056 -0.016311 
3351 10.287805 0.000000 1.074534 19.520130 0.028704 1.898410 -0.016753 
3352 10.311165 0.000000 1.096309 19.526071 0.105930 1.759136 -0.016047 
3353 10.287805 0.000000 1.118085 19.529496 0.187209 1.847501 -0.017306 
3354 12.460324 0.000000 0.334157 19.450040 -0.093366 0.488367 -0.000658 
3355 12.460324 0.000000 -0.362667 19.450046 -0.101497 -0.531268 -0.000778 
3356 13.207857 0.000000 0.334157 19.449501 -0.104617 0.571566 -0.000841 
3357 11.339023 0.000000 0.682570 19.455390 -0.203516 1.462353 -0.006317 
3358 11.339023 0.000000 0.334157 19.455592 -0.077514 0.704760 -0.001904 
3359 11.712790 0.000000 0.682570 19.452782 -0.203557 1.463867 -0.006060 
3360 10.778373 0.000000 0.856776 19.472347 -0.252317 1.720791 -0.010295 
3361 10.778373 0.000000 0.682570 19.469783 -0.103243 1.404919 -0.007281 
3362 10.965257 0.000000 0.856776 19.464374 -0.254952 1.724309 -0.009510 
3363 10.498048 0.000000 0.943879 19.494931 -0.194388 1.865883 -0.013928 
3364 10.498048 0.000000 0.856776 19.489129 -0.242018 1.708900 -0.011902 
3365 10.591490 0.000000 0.943879 19.487695 -0.198577 1.871205 -0.013240 
3366 10.451327 0.000000 1.074534 19.507281 0.009541 1.916128 -0.015604 
3367 10.451327 0.000000 1.030982 19.504568 -0.048978 1.954831 -0.015727 
3368 10.498048 0.000000 1.074534 19.502698 0.005043 1.918322 -0.015154 
3369 10.451327 0.000000 1.118085 19.510598 0.145964 1.856007 -0.015403 
3370 10.357886 0.000000 1.161637 19.525469 0.153096 1.881067 -0.017191 
3371 10.404607 0.000000 1.161637 19.519114 0.141210 1.883589 -0.016551 
3372 10.357886 0.000000 1.205188 19.529297 0.104041 1.887132 -0.017613 
3373 10.381246 0.000000 1.096309 19.518605 0.065447 1.794979 -0.015595 
3374 10.357886 0.000000 1.096309 19.521236 0.076090 1.783490 -0.015762 
3375 10.381246 0.000000 1.074534 19.513813 0.016750 1.910612 -0.016223 
3376 10.404607 0.000000 1.096309 19.515884 0.056863 1.805216 -0.015409 
3377 10.381246 0.000000 1.118085 19.519796 0.162061 1.853671 -0.016342 
3378 11.152140 0.000000 1.205188 19.460403 0.045157 1.899647 -0.010614 
3379 11.152140 0.000000 1.030982 19.460439 -0.068388 1.968429 -0.011328 
3380 11.339023 0.000000 1.205188 19.456991 0.044906 1.899317 -0.010260 
3381 11.152140 0.000000 1.379395 19.459605 -0.250244 1.711445 -0.008896 
3382 12.086557 0.000000 1.379395 19.450772 -0.246468 1.448493 -0.005786 
3383 12.086557 0.000000 1.030982 19.450570 -0.074637 1.574456 -0.006626 
3384 12.460324 0.000000 1.379395 19.449389 -0.254317 1.475400 -0.005862 
3385 12.086557 0.000000 1.727807 19.449633 0.679673 2.029965 -0.012076 
3386 11.525907 0.000000 1.205188 19.454891 0.044984 1.899184 -0.010043 
3387 11.525907 0.000000 1.030982 19.454682 -0.068659 1.969053 -0.010743 
3388 11.712790 0.000000 1.205188 19.453421 0.045089 1.899096 -0.009891 
3389 11.525907 0.000000 1.379395 19.454643 -0.250383 1.709962 -0.008372 
3390 12.086557 0.000000 0.682570 19.450354 -0.226949 0.993122 -0.002780 
3391 12.086557 0.000000 0.334157 19.449989 -0.093487 0.488135 -0.000652 
3392 12.460324 0.000000 0.682570 19.450132 -0.226951 0.993469 -0.002759 
3393 12.834090 0.000000 1.379395 19.449950 -0.238838 1.464339 -0.005814 
3394 12.834090 0.000000 1.030982 19.449437 -0.083149 1.611792 -0.006828 
3395 13.207857 0.000000 1.379395 19.449908 -0.238758 1.464271 -0.005809 
3396 12.834090 0.000000 1.727807 19.449972 0.693846 2.021247 -0.012069 
3397 12.273440 0.000000 1.205188 19.450497 0.045752 1.573495 -0.006601 
3398 12.086557 0.000000 1.205188 19.450668 0.045734 1.573360 -0.006618 
3399 12.273440 0.000000 1.030982 19.450414 -0.074658 1.574544 -0.006611 
3400 12.460324 0.000000 1.205188 19.449843 0.001708 1.590629 -0.006672 
3401 12.273440 0.000000 1.379395 19.449965 -0.287660 1.463286 -0.005875 
3402 12.834090 0.000000 0.682570 19.449730 -0.281637 1.021870 -0.002942 
3403 12.834090 0.000000 0.334157 19.450012 -0.093378 0.488342 -0.000655 
3404 13.207857 0.000000 0.682570 19.449859 -0.217736 1.028668 -0.002908 
3405 12.647207 0.000000 1.205188 19.449421 0.037528 1.604862 -0.006752 
3406 12.647207 0.000000 1.030982 19.449818 -0.121882 1.594677 -0.006743 
3407 12.834090 0.000000 1.205188 19.449931 0.053763 1.592397 -0.006703 
3408 12.647207 0.000000 1.379395 19.449971 -0.238914 1.464319 -0.005816 
3409 13.020974 0.000000 1.205188 19.449898 0.053786 1.592323 -0.006699 
3410 13.020974 0.000000 1.030982 19.449877 -0.066158 1.597516 -0.006745 
3411 13.207857 0.000000 1.205188 19.449891 0.053856 1.592339 -0.006699 
3412 13.020974 0.000000 1.379395 19.449909 -0.238828 1.464255 -0.005809 
3413 0.616590 0.000000 0.878552 17.071333 -0.012177 3.871928 0.190007 
3414 0.639950 0.000000 0.878552 17.926462 -0.011306 3.354912 0.120773 
3415 0.616590 0.000000 0.900327 17.004536 -0.013317 3.842949 0.196615 
3416 0.604910 0.000000 0.845888 17.147413 0.039666 7.602256 0.069978 
3417 0.604910 0.000000 0.835000 17.147413 0.039666 7.602256 0.069978 
3418 0.616590 0.000000 0.845888 17.026054 0.039681 7.731129 0.075717 
3419 0.604910 0.000000 0.856776 17.147413 0.039666 7.602256 0.069978 
3420 0.663311 0.000000 0.835000 19.020295 0.011908 4.054596 0.000241 
3421 0.663311 0.000000 0.813224 19.350872 0.021931 3.988770 -0.031891 
3422 0.686671 0.000000 0.835000 19.056752 0.015554 3.739181 0.003069 
3423 0.663311 0.000000 0.856776 18.687767 0.090877 4.020349 0.034095 
3424 0.628270 0.000000 0.845888 18.668715 0.509791 4.777474 0.017704 
3425 0.628270 0.000000 0.835000 18.975841 0.000646 4.777190 -0.012164 
3426 0.639950 0.000000 0.845888 18.744653 -0.151822 4.481086 0.018074 
3427 0.628270 0.000000 0.856776 18.385497 0.065123 4.674482 0.048694 
3428 0.663311 0.000000 0.878552 17.926462 -0.011306 3.354912 0.120773 
3429 0.663311 0.000000 0.900327 17.929591 -0.013645 3.350772 0.120550 
3430 0.651631 0.000000 0.845888 18.802872 -0.050002 4.248773 0.017710 
3431 0.651631 0.000000 0.835000 19.002319 0.009340 4.254064 -0.002333 
3432 0.663311 0.000000 0.845888 18.850765 -0.022771 4.052567 0.017254 
3433 0.651631 0.000000 0.856776 18.612710 0.075560 4.202915 0.037534 
3434 0.710032 0.000000 0.835000 19.092932 0.018401 3.494005 0.004108 
3435 0.710032 0.000000 0.813224 19.295701 0.023955 3.458367 -0.015814 
3436 0.674991 0.000000 0.845888 18.891230 -0.010091 3.887389 0.016685 
3437 0.674991 0.000000 0.835000 19.038377 0.013823 3.887299 0.001933 
3438 0.686671 0.000000 0.845888 18.927233 -0.002300 3.740796 0.016042 
3439 0.674991 0.000000 0.856776 18.747970 0.124741 3.864454 0.031368 
3440 3.887049 0.000000 0.922103 19.406775 -0.299429 2.092229 -0.007368 
3441 3.887049 0.000000 0.900327 19.402844 -0.266684 2.084849 -0.006835 
3442 3.910409 0.000000 0.922103 19.412986 -0.301264 2.096780 -0.008059 
3443 3.887049 0.000000 0.943879 19.411026 -0.260474 2.094220 -0.007769 
3444 3.887049 0.000000 0.965655 19.416215 -0.303449 2.093472 -0.008357 
3445 3.910409 0.000000 0.965655 19.422270 -0.304916 2.099228 -0.009045 
3446 3.887049 0.000000 0.987431 19.422601 -0.328038 2.086860 -0.008981 
3447 3.875369 0.000000 0.932991 19.405573 -0.505735 2.110591 -0.007888 
3448 3.863689 0.000000 0.932991 19.402364 -0.598995 2.117744 -0.007911 
3449 3.875369 0.000000 0.922103 19.403570 -0.298157 2.089928 -0.007012 
3450 3.887049 0.000000 0.932991 19.408816 -0.456272 2.108119 -0.008068 
3451 3.875369 0.000000 0.943879 19.407851 -0.260182 2.091438 -0.007412 
3452 4.144014 0.000000 0.943879 19.484313 -0.489321 2.302856 -0.018183 
3453 4.144014 0.000000 0.856776 19.480870 -0.238631 2.089749 -0.014871 
3454 4.237455 0.000000 0.943879 19.519766 -0.307974 2.148665 -0.019641 
3455 4.144014 0.000000 1.030982 19.497594 -0.337581 2.087679 -0.016722 
3456 4.003851 0.000000 0.900327 19.438986 -0.276529 2.104421 -0.010776 
3457 4.003851 0.000000 0.856776 19.432458 -0.243971 2.065454 -0.009631 
3458 4.050572 0.000000 0.900327 19.455717 -0.274040 2.112086 -0.012578 
3459 4.003851 0.000000 0.943879 19.446053 -0.234966 2.123009 -0.011654 
3460 3.933770 0.000000 0.922103 19.420125 -0.302506 2.101108 -0.008842 
3461 3.933770 0.000000 0.900327 19.416198 -0.273654 2.092628 -0.008301 
3462 3.957130 0.000000 0.922103 19.427382 -0.302884 2.105342 -0.009635 
3463 3.933770 0.000000 0.943879 19.424028 -0.257380 2.105272 -0.009222 
3464 4.003851 0.000000 0.987431 19.454643 -0.323089 2.118691 -0.012619 
3465 4.050572 0.000000 0.987431 19.468286 -0.314244 2.127899 -0.014111 
3466 4.003851 0.000000 1.030982 19.466158 -0.376474 2.062468 -0.013281 
3467 3.980491 0.000000 0.922103 19.434955 -0.302271 2.109622 -0.010460 
3468 3.980491 0.000000 0.900327 19.431345 -0.276771 2.100423 -0.009947 
3469 4.003851 0.000000 0.922103 19.442669 -0.300932 2.113539 -0.011294 
3470 3.980491 0.000000 0.943879 19.438605 -0.245839 2.116564 -0.010830 
3471 4.144014 0.000000 0.769673 19.462749 -0.191867 1.935527 -0.011312 
3472 4.144014 0.000000 0.682570 19.434721 -0.048288 1.673517 -0.005839 
3473 4.237455 0.000000 0.769673 19.490489 -0.185426 1.959640 -0.014410 
3474 4.097293 0.000000 0.900327 19.471547 -0.269157 2.118942 -0.014277 
3475 4.097293 0.000000 0.856776 19.464666 -0.242903 2.081632 -0.013119 
3476 4.144014 0.000000 0.900327 19.487454 -0.262080 2.125465 -0.015978 
3477 4.097293 0.000000 0.943879 19.472405 -0.080999 2.240970 -0.015597 
3478 4.027212 0.000000 0.922103 19.450876 -0.298320 2.117499 -0.012178 
3479 4.027212 0.000000 0.900327 19.447380 -0.275487 2.108311 -0.011681 
3480 4.050572 0.000000 0.922103 19.458907 -0.295274 2.121309 -0.013042 
3481 4.027212 0.000000 0.943879 19.453661 -0.218723 2.130906 -0.012506 
3482 4.424339 0.000000 1.205188 19.528209 -0.520056 1.627407 -0.015774 
3483 4.424339 0.000000 1.379395 19.569649 -0.564573 0.458129 -0.013738 
3484 4.144014 0.000000 1.118085 19.499502 -0.445906 1.933629 -0.015506 
3485 4.237455 0.000000 1.118085 19.509479 -0.414586 1.927521 -0.016401 
3486 4.144014 0.000000 1.205188 19.500456 -0.588400 1.644757 -0.013261 
3487 4.097293 0.000000 0.987431 19.481760 -0.303580 2.134215 -0.015552 
3488 4.144014 0.000000 0.987431 19.494659 -0.291073 2.138143 -0.016906 
3489 4.097293 0.000000 1.030982 19.487413 -0.351913 2.082731 -0.015645 
3490 4.073932 0.000000 0.922103 19.466548 -0.291653 2.124550 -0.013859 
3491 4.073932 0.000000 0.900327 19.463480 -0.271822 2.115597 -0.013413 
3492 4.097293 0.000000 0.922103 19.474459 -0.287701 2.127742 -0.014703 
3493 4.073932 0.000000 0.943879 19.467643 -0.153520 2.165750 -0.014276 
3494 4.330897 0.000000 0.943879 19.543208 -0.265350 2.144965 -0.021955 
3495 4.330897 0.000000 0.856776 19.534850 -0.207521 2.122570 -0.020767 
3496 4.424339 0.000000 0.943879 19.561916 -0.243807 2.146778 -0.023881 
3497 4.330897 0.000000 1.030982 19.538721 -0.290625 2.083060 -0.020837 
3498 4.190735 0.000000 0.987431 19.507261 -0.278148 2.139531 -0.018202 
3499 4.190735 0.000000 0.943879 19.505386 -0.354760 2.159676 -0.018365 
3500 4.237455 0.000000 0.987431 19.519628 -0.265533 2.138668 -0.019449 
3501 4.190735 0.000000 1.030982 19.507565 -0.323642 2.089724 -0.017748 
3502 4.190735 0.000000 0.900327 19.502772 -0.253488 2.131104 -0.017609 
3503 4.190735 0.000000 0.856776 19.496696 -0.232573 2.097855 -0.016584 
3504 4.237455 0.000000 0.900327 19.517094 -0.243937 2.136303 -0.019132 
3505 4.330897 0.000000 1.118085 19.525010 -0.394090 1.912429 -0.017806 
3506 4.424339 0.000000 1.118085 19.547417 -0.385417 1.893168 -0.019909 
3507 4.330897 0.000000 1.205188 19.509910 -0.525950 1.640830 -0.014018 
3508 4.284176 0.000000 0.987431 19.531009 -0.254277 2.136490 -0.020584 
3509 4.284176 0.000000 0.943879 19.532040 -0.282484 2.146138 -0.020840 
3510 4.330897 0.000000 0.987431 19.541850 -0.244804 2.133141 -0.021654 
3511 4.284176 0.000000 1.030982 19.528123 -0.299710 2.086681 -0.019797 
3512 4.214095 0.000000 0.965655 19.513751 -0.250300 2.140618 -0.018844 
3513 4.190735 0.000000 0.965655 19.507156 -0.257182 2.140219 -0.018169 
3514 4.214095 0.000000 0.943879 19.512831 -0.326764 2.151960 -0.018995 
3515 4.237455 0.000000 0.965655 19.520038 -0.243358 2.140745 -0.019485 
3516 4.214095 0.000000 0.987431 19.513571 -0.271657 2.139146 -0.018839 
3517 4.424339 0.000000 0.508364 19.419496 -0.025228 1.169993 -0.000486 
3518 4.424339 0.000000 0.334157 19.391533 0.033584 0.689260 0.004744 
3519 4.330897 0.000000 0.769673 19.505758 -0.083259 1.957341 -0.015887 
3520 4.330897 0.000000 0.682570 19.471063 -0.133995 1.691218 -0.009775 
3521 4.424339 0.000000 0.769673 19.516022 -0.061194 1.989523 -0.017273 
3522 4.284176 0.000000 0.900327 19.529997 -0.234149 2.141079 -0.020506 
3523 4.284176 0.000000 0.856776 19.523878 -0.216325 2.114252 -0.019551 
3524 4.330897 0.000000 0.900327 19.540952 -0.225154 2.145438 -0.021676 
3525 4.260816 0.000000 0.965655 19.526232 -0.236818 2.140548 -0.020114 
3526 4.260816 0.000000 0.943879 19.526035 -0.293765 2.147145 -0.020248 
3527 4.284176 0.000000 0.965655 19.532023 -0.230219 2.140099 -0.020699 
3528 4.260816 0.000000 0.987431 19.525410 -0.259772 2.137790 -0.020028 
3529 4.517780 0.000000 0.943879 19.576985 -0.237467 2.157334 -0.025552 
3530 4.517780 0.000000 0.856776 19.552570 -0.177028 2.168990 -0.023094 
3531 4.517780 0.000000 1.030982 19.584290 -0.283219 2.073418 -0.025432 
3532 4.377618 0.000000 0.987431 19.552315 -0.237448 2.130081 -0.022691 
3533 4.377618 0.000000 0.943879 19.553109 -0.252726 2.145339 -0.022966 
3534 4.424339 0.000000 0.987431 19.562568 -0.232278 2.127619 -0.023717 
3535 4.377618 0.000000 1.030982 19.548934 -0.284533 2.079291 -0.021842 
3536 4.307537 0.000000 0.965655 19.537793 -0.223704 2.139553 -0.021281 
3537 4.307537 0.000000 0.943879 19.537955 -0.273013 2.145526 -0.021430 
3538 4.330897 0.000000 0.965655 19.542947 -0.217448 2.139118 -0.021801 
3539 4.307537 0.000000 0.987431 19.536632 -0.249262 2.134867 -0.021140 
3540 4.377618 0.000000 0.900327 19.550043 -0.216984 2.150501 -0.022663 
3541 4.377618 0.000000 0.856776 19.543076 -0.198852 2.131728 -0.021711 
3542 4.424339 0.000000 0.900327 19.557175 -0.210349 2.156432 -0.023460 
3543 4.354257 0.000000 0.965655 19.548054 -0.211349 2.138762 -0.022318 
3544 4.354257 0.000000 0.943879 19.548165 -0.258558 2.145074 -0.022459 
3545 4.377618 0.000000 0.965655 19.553283 -0.205294 2.138566 -0.022849 
3546 4.354257 0.000000 0.987431 19.547127 -0.240856 2.131551 -0.022176 
3547 4.517780 0.000000 1.118085 19.577345 -0.387579 1.873899 -0.022817 
3548 4.611222 0.000000 1.118085 19.609409 -0.397863 1.859406 -0.026017 
3549 4.517780 0.000000 1.205188 19.556177 -0.526532 1.605922 -0.018498 
3550 4.471060 0.000000 0.987431 19.572715 -0.230340 2.127075 -0.024758 
3551 4.471060 0.000000 0.943879 19.569911 -0.238723 2.150591 -0.024745 
3552 4.517780 0.000000 0.987431 19.582350 -0.232066 2.129106 -0.025781 
3553 4.471060 0.000000 1.030982 19.572297 -0.280169 2.073507 -0.024188 
3554 4.400978 0.000000 0.965655 19.558122 -0.199124 2.138559 -0.023343 
3555 4.400978 0.000000 0.943879 19.557711 -0.247714 2.145817 -0.023440 
3556 4.424339 0.000000 0.965655 19.562661 -0.192537 2.139310 -0.023814 
3557 4.400978 0.000000 0.987431 19.557604 -0.234756 2.128610 -0.023218 
3558 4.517780 0.000000 0.769673 19.511810 -0.033586 2.027643 -0.017237 
3559 4.517780 0.000000 0.682570 19.469389 -0.076932 1.765942 -0.010254 
3560 4.611222 0.000000 0.769673 19.491336 -0.000034 2.075588 -0.015643 
3561 4.471060 0.000000 0.900327 19.562460 -0.205567 2.164753 -0.024096 
3562 4.471060 0.000000 0.856776 19.551709 -0.183153 2.153795 -0.022837 
3563 4.517780 0.000000 0.900327 19.566565 -0.203321 2.176357 -0.024652 
3564 4.447699 0.000000 0.965655 19.567243 -0.185316 2.141009 -0.024300 
3565 4.447699 0.000000 0.943879 19.565959 -0.240746 2.148160 -0.024311 
3566 4.471060 0.000000 0.965655 19.571677 -0.176775 2.143918 -0.024784 
3567 4.447699 0.000000 0.987431 19.567623 -0.230956 2.126946 -0.024231 
3568 4.564501 0.000000 0.987431 19.592637 -0.238351 2.133853 -0.026907 
3569 4.564501 0.000000 0.943879 19.583480 -0.240937 2.167728 -0.026347 
3570 4.611222 0.000000 0.987431 19.602086 -0.249239 2.142449 -0.027997 
3571 4.564501 0.000000 1.030982 19.596904 -0.290476 2.075341 -0.026771 
3572 4.494420 0.000000 0.965655 19.575462 -0.166017 2.148524 -0.025218 
3573 4.494420 0.000000 0.943879 19.573193 -0.237510 2.153567 -0.025117 
3574 4.517780 0.000000 0.965655 19.579583 -0.151302 2.156051 -0.025718 
3575 4.494420 0.000000 0.987431 19.577804 -0.230983 2.127590 -0.025292 
3576 4.564501 0.000000 0.900327 19.569117 -0.204264 2.191386 -0.025090 
3577 4.564501 0.000000 0.856776 19.550994 -0.172679 2.187601 -0.023141 
3578 4.611222 0.000000 0.900327 19.570801 -0.208787 2.211420 -0.025503 
3579 4.541141 0.000000 0.965655 19.583667 -0.127986 2.170231 -0.026285 
3580 4.541141 0.000000 0.943879 19.580331 -0.238595 2.162105 -0.025954 
3581 4.564501 0.000000 0.965655 19.586903 -0.086035 2.202060 -0.026965 
3582 4.541141 0.000000 0.987431 19.587681 -0.234751 2.130863 -0.026356 
3583 4.704664 0.000000 1.118085 19.639340 -0.419939 1.850869 -0.029086 
3584 4.704664 0.000000 1.205188 19.624713 -0.538930 1.549005 -0.025156 
3585 4.657943 0.000000 0.987431 19.611809 -0.266341 2.154242 -0.029162 
3586 4.657943 0.000000 0.943879 19.594974 -0.263885 2.202243 -0.027967 
3587 4.704664 0.000000 0.987431 19.620685 -0.290703 2.169600 -0.030294 
3588 4.657943 0.000000 1.030982 19.622457 -0.299601 2.067773 -0.029352 
3589 4.587862 0.000000 0.965655 19.586923 -0.004991 2.311759 -0.028256 
3590 4.587862 0.000000 0.943879 19.586343 -0.244421 2.174651 -0.026728 
3591 4.611222 0.000000 0.965655 19.576364 -0.234733 2.711865 -0.032622 
3592 4.587862 0.000000 0.987431 19.597252 -0.243183 2.137686 -0.027435 
3593 4.704664 0.000000 0.769673 19.454353 0.040235 2.140839 -0.012567 
3594 4.704664 0.000000 0.682570 19.396860 0.036707 1.849213 -0.003586 
3595 4.657943 0.000000 0.900327 19.571609 -0.218065 2.237067 -0.025898 
3596 4.657943 0.000000 0.856776 19.542650 -0.170609 2.241152 -0.022904 
3597 4.704664 0.000000 0.900327 19.571274 -0.233557 2.268928 -0.026262 
3598 4.634583 0.000000 0.965655 19.594519 -0.518710 2.328378 -0.029958 
3599 4.634583 0.000000 0.943879 19.592369 -0.255692 2.192049 -0.027568 
3600 4.657943 0.000000 0.965655 19.602589 -0.432306 2.225002 -0.029332 
3601 4.634583 0.000000 0.987431 19.607256 -0.256999 2.147869 -0.028605 
3602 4.751385 0.000000 0.987431 19.627711 -0.324068 2.187760 -0.031287 
3603 4.751385 0.000000 0.943879 19.604160 -0.317841 2.255607 -0.029631 
3604 4.751385 0.000000 1.030982 19.641276 -0.367187 2.107525 -0.031863 
3605 4.681303 0.000000 0.965655 19.607483 -0.394398 2.208581 -0.029564 
3606 4.681303 0.000000 0.943879 19.597940 -0.273922 2.213856 -0.028424 
3607 4.704664 0.000000 0.965655 19.611095 -0.381249 2.209575 -0.029923 
3608 4.681303 0.000000 0.987431 19.616612 -0.277430 2.161566 -0.029760 
3609 4.751385 0.000000 0.900327 19.569705 -0.257167 2.308200 -0.026605 
3610 4.751385 0.000000 0.856776 19.525615 -0.184513 2.324271 -0.022161 
3611 4.774745 0.000000 0.965655 19.618691 -0.401739 2.236999 -0.031076 
3612 4.751385 0.000000 0.965655 19.616913 -0.388478 2.225827 -0.030732 
3613 4.774745 0.000000 0.943879 19.605046 -0.337947 2.271985 -0.029953 
3614 4.798105 0.000000 0.965655 19.619772 -0.419940 2.249688 -0.031378 
3615 4.774745 0.000000 0.987431 19.629971 -0.344540 2.197720 -0.031673 
3616 4.821466 0.000000 0.965655 19.619243 -0.442369 2.263225 -0.031536 
3617 4.821466 0.000000 0.943879 19.603770 -0.388495 2.307713 -0.030351 
3618 4.821466 0.000000 0.987431 19.631337 -0.394378 2.218749 -0.032158 
3619 9.143144 0.000000 0.987431 19.360780 0.127592 1.841793 0.000143 
3620 9.143144 0.000000 0.943879 19.370065 0.044660 1.820010 -0.000559 
3621 9.189865 0.000000 0.987431 19.369306 0.119355 1.833092 -0.000640 
3622 9.119783 0.000000 1.052758 19.345557 0.246764 1.798615 0.001998 
3623 9.119783 0.000000 1.030982 19.349059 0.221238 1.825932 0.001410 
3624 9.143144 0.000000 1.052758 19.349802 0.245312 1.795133 0.001599 
3625 9.119783 0.000000 1.074534 19.341742 0.342031 1.763264 0.002573 
3626 9.376748 0.000000 1.118085 19.404174 0.403154 1.689811 -0.003271 
3627 9.376748 0.000000 1.030982 19.405803 0.181047 1.799805 -0.004110 
3628 9.376748 0.000000 1.205188 19.388445 0.562610 1.851217 -0.003576 
3629 9.236586 0.000000 1.074534 19.367754 0.337245 1.748935 0.000053 
3630 9.236586 0.000000 1.030982 19.372338 0.203653 1.809276 -0.000793 
3631 9.283306 0.000000 1.074534 19.379898 0.334458 1.746555 -0.001164 
3632 9.236586 0.000000 1.118085 19.360427 0.419556 1.718244 0.000920 
3633 9.376748 0.000000 0.943879 19.411071 0.010923 1.781395 -0.004390 
3634 9.376748 0.000000 0.856776 19.420141 -0.062043 1.667315 -0.004291 
3635 9.470190 0.000000 0.943879 19.428045 -0.002269 1.775496 -0.006077 
3636 9.236586 0.000000 0.987431 19.378253 0.111367 1.825346 -0.001476 
3637 9.236586 0.000000 0.943879 19.385700 0.030167 1.800974 -0.001975 
3638 9.283306 0.000000 0.987431 19.387746 0.103709 1.818688 -0.002381 
3639 9.213225 0.000000 1.052758 19.364671 0.238798 1.786318 0.000169 
3640 9.189865 0.000000 1.052758 19.359557 0.241225 1.789000 0.000664 
3641 9.213225 0.000000 1.030982 19.367225 0.207360 1.812064 -0.000300 
3642 9.236586 0.000000 1.052758 19.370093 0.236151 1.783982 -0.000360 
3643 9.213225 0.000000 1.074534 19.361981 0.338587 1.750882 0.000624 
3644 9.330027 0.000000 1.074534 19.392891 0.331970 1.746592 -0.002491 
3645 9.330027 0.000000 1.030982 19.394256 0.188635 1.801368 -0.002948 
3646 9.376748 0.000000 1.074534 19.406045 0.330544 1.749765 -0.003867 
3647 9.330027 0.000000 1.118085 19.389164 0.410302 1.697837 -0.001819 
3648 9.330027 0.000000 0.987431 19.397606 0.096282 1.813377 -0.003337 
3649 9.330027 0.000000 0.943879 19.402419 0.017247 1.786502 -0.003551 
3650 9.376748 0.000000 0.987431 19.407441 0.088965 1.809625 -0.004306 
3651 9.306667 0.000000 1.052758 19.387344 0.227381 1.778930 -0.002070 
3652 9.283306 0.000000 1.052758 19.381429 0.230400 1.780241 -0.001479 
3653 9.306667 0.000000 1.030982 19.388657 0.192423 1.802806 -0.002391 
3654 9.330027 0.000000 1.052758 19.393484 0.224229 1.778070 -0.002687 
3655 9.306667 0.000000 1.074534 19.386282 0.333179 1.746282 -0.001813 
3656 9.423469 0.000000 1.074534 19.419155 0.331221 1.756786 -0.005279 
3657 9.423469 0.000000 1.030982 19.417297 0.173355 1.799976 -0.005284 
3658 9.470190 0.000000 1.074534 19.431626 0.336404 1.769557 -0.006688 
3659 9.423469 0.000000 1.118085 19.418497 0.395026 1.682331 -0.004657 
3660 9.563631 0.000000 0.943879 19.444686 -0.016933 1.774975 -0.007783 
3661 9.563631 0.000000 0.856776 19.445019 -0.085268 1.655688 -0.006753 
3662 9.423469 0.000000 0.987431 19.417585 0.081647 1.807511 -0.005323 
3663 9.423469 0.000000 0.943879 19.419526 0.004505 1.777679 -0.005222 
3664 9.470190 0.000000 0.987431 19.427288 0.074058 1.806926 -0.006311 
3665 9.400109 0.000000 1.052758 19.411984 0.214124 1.778178 -0.004574 
3666 9.376748 0.000000 1.052758 19.405766 0.217603 1.777674 -0.003935 
3667 9.400109 0.000000 1.030982 19.411539 0.177248 1.799668 -0.004694 
3668 9.423469 0.000000 1.052758 19.418037 0.210534 1.779156 -0.005201 
3669 9.400109 0.000000 1.074534 19.412718 0.330502 1.752690 -0.004579 
3670 9.516911 0.000000 1.074534 19.443301 0.353162 1.794846 -0.008157 
3671 9.516911 0.000000 1.030982 19.439422 0.156964 1.804936 -0.007589 
3672 9.563631 0.000000 1.074534 19.452733 0.397471 1.873868 -0.009981 
3673 9.516911 0.000000 1.118085 19.441709 0.389528 1.664653 -0.006874 
3674 9.516911 0.000000 0.987431 19.436997 0.066298 1.807738 -0.007313 
3675 9.516911 0.000000 0.943879 19.436436 -0.009327 1.774620 -0.006931 
3676 9.563631 0.000000 0.987431 19.446322 0.058149 1.809870 -0.008290 
3677 9.493550 0.000000 1.052758 19.435764 0.198923 1.784391 -0.007058 
3678 9.470190 0.000000 1.052758 19.429967 0.202891 1.782323 -0.006447 
3679 9.493550 0.000000 1.030982 19.433905 0.161143 1.803192 -0.007009 
3680 9.516911 0.000000 1.052758 19.441452 0.194739 1.786778 -0.007661 
3681 9.493550 0.000000 1.074534 19.437685 0.342484 1.779631 -0.007416 
3682 9.610352 0.000000 1.074534 19.454616 0.199171 2.166761 -0.012990 
3683 9.610352 0.000000 1.030982 19.459705 0.139390 1.814546 -0.009753 
3684 9.610352 0.000000 1.118085 19.464740 0.409707 1.682435 -0.009442 
3685 9.563631 0.000000 1.292291 19.417363 0.154155 2.105087 -0.008423 
3686 9.470190 0.000000 1.292291 19.382696 0.119995 2.171728 -0.005597 
3687 9.563631 0.000000 1.379395 19.402648 -0.397552 1.586981 -0.002212 
3688 9.610352 0.000000 1.161637 19.472949 0.458305 1.782490 -0.011315 
3689 9.563631 0.000000 1.161637 19.459398 0.480159 1.776062 -0.009914 
3690 9.657073 0.000000 1.161637 19.485986 0.438622 1.786408 -0.012648 
3691 9.610352 0.000000 1.205188 19.474453 0.477787 1.817416 -0.011851 
3692 9.586992 0.000000 1.096309 19.463331 0.262361 1.701774 -0.009209 
3693 9.563631 0.000000 1.096309 19.458084 0.273609 1.702692 -0.008693 
3694 9.586992 0.000000 1.074534 19.454742 0.405898 2.000565 -0.011503 
3695 9.610352 0.000000 1.096309 19.468622 0.250276 1.700057 -0.009721 
3696 9.586992 0.000000 1.118085 19.458048 0.407171 1.671836 -0.008654 
3697 9.703794 0.000000 1.161637 19.498294 0.418515 1.790794 -0.013912 
3698 9.703794 0.000000 1.205188 19.501557 0.428106 1.814755 -0.014499 
3699 9.680434 0.000000 1.096309 19.482840 0.208741 1.683716 -0.010989 
3700 9.657073 0.000000 1.096309 19.478414 0.223309 1.691653 -0.010620 
3701 9.680434 0.000000 1.074534 19.479371 0.067829 1.811328 -0.011707 
3702 9.703794 0.000000 1.096309 19.486944 0.194200 1.672060 -0.011292 
3703 9.680434 0.000000 1.118085 19.485023 0.395920 1.714654 -0.011791 
3704 9.727154 0.000000 1.096309 19.490703 0.182058 1.655992 -0.011526 
3705 9.727154 0.000000 1.074534 19.489153 0.105929 1.795004 -0.012577 
3706 9.727154 0.000000 1.118085 19.496896 0.378899 1.730621 -0.013125 
3707 0.698352 0.000000 0.867664 18.739611 0.060042 3.558776 0.038226 
3708 0.686671 0.000000 0.867664 18.680622 0.056363 3.675569 0.041829 
3709 0.698352 0.000000 0.856776 18.817110 -3.066732 3.818828 0.000610 
3710 0.710032 0.000000 0.867664 18.792356 0.065061 3.453799 0.034937 
3711 0.698352 0.000000 0.878552 18.642923 0.049982 3.471661 0.049402 
3712 0.721712 0.000000 0.867664 18.838867 0.071545 3.360449 0.031990 
3713 0.721712 0.000000 0.856776 18.926577 -0.068458 3.386004 0.022779 
3714 0.721712 0.000000 0.878552 18.758760 0.047772 3.294995 0.041110 
3715 0.733392 0.000000 0.987431 18.170764 -0.010825 2.644348 0.108731 
3716 0.780113 0.000000 0.987431 18.510467 -0.012673 2.491113 0.077872 
3717 0.756753 0.000000 0.922103 18.465907 -0.013180 2.881913 0.076677 
3718 0.733392 0.000000 0.922103 18.463668 -0.014601 2.883492 0.076872 
3719 0.780113 0.000000 0.922103 18.631549 -0.013438 2.713008 0.062932 
3720 0.756753 0.000000 0.943879 18.527140 -0.017155 2.770253 0.072357 
3721 0.745072 0.000000 0.889440 18.469302 -0.011870 2.878446 0.076399 
3722 0.733392 0.000000 0.889440 18.461811 -0.011083 2.891828 0.076926 
3723 0.756753 0.000000 0.889440 18.469302 -0.011870 2.878446 0.076399 
3724 0.745072 0.000000 0.900327 18.465907 -0.013180 2.881913 0.076677 
3725 0.768433 0.000000 0.889440 18.469302 -0.011870 2.878446 0.076399 
3726 0.780113 0.000000 0.889440 18.912878 0.058763 2.891219 0.032363 
3727 0.768433 0.000000 0.900327 18.467955 -0.014228 2.876956 0.076553 
3728 0.826834 0.000000 0.987431 18.663384 -0.011832 2.346174 0.064699 
3729 0.873555 0.000000 0.987431 18.923785 -0.015727 2.247500 0.040024 
3730 0.803473 0.000000 0.922103 18.797114 -0.014117 2.537823 0.048983 
3731 0.826834 0.000000 0.922103 18.797114 -0.014117 2.537823 0.048983 
3732 0.803473 0.000000 0.943879 18.756074 -0.016411 2.552199 0.052863 
3733 0.791793 0.000000 0.889440 18.947390 0.058071 2.843806 0.029628 
3734 0.803473 0.000000 0.889440 18.979888 0.057560 2.799845 0.027026 
3735 0.791793 0.000000 0.900327 18.796219 -0.011223 2.550053 0.048907 
3736 0.815154 0.000000 0.889440 19.009939 0.056111 2.760901 0.024581 
3737 0.826834 0.000000 0.889440 19.038567 0.053868 2.723496 0.022244 
3738 0.815154 0.000000 0.900327 18.798578 -0.011738 2.539388 0.048816 
3739 0.850194 0.000000 0.922103 18.904907 -0.014341 2.414182 0.039858 
3740 0.873555 0.000000 0.922103 19.010124 -0.014041 2.301156 0.030722 
3741 0.850194 0.000000 0.943879 18.877621 -0.015409 2.416175 0.042558 
3742 0.838514 0.000000 0.889440 19.065463 0.049024 2.689006 0.020030 
3743 0.850194 0.000000 0.889440 19.091033 0.025350 2.657737 0.017898 
3744 0.838514 0.000000 0.900327 18.800938 -0.012253 2.528723 0.048725 
3745 0.861874 0.000000 0.889440 19.115106 0.074707 2.619522 0.015987 
3746 0.861874 0.000000 0.878552 19.147276 0.085202 2.640053 0.012443 
3747 0.873555 0.000000 0.889440 19.137299 0.062774 2.586024 0.014208 
3748 0.861874 0.000000 0.900327 19.010935 -0.011540 2.303066 0.030617 
3749 1.235641 0.000000 0.911215 19.321559 -0.039428 1.806519 0.004533 
3750 1.223961 0.000000 0.911215 19.321559 -0.039428 1.806519 0.004533 
3751 1.247321 0.000000 0.911215 19.321559 -0.039428 1.806519 0.004533 
3752 1.235641 0.000000 0.922103 19.321559 -0.039428 1.806519 0.004533 
3753 1.259002 0.000000 0.911215 19.313617 -0.040377 1.808438 0.005325 
3754 1.270682 0.000000 0.911215 19.307531 -0.043522 1.807838 0.005952 
3755 1.259002 0.000000 0.922103 19.307531 -0.043522 1.807838 0.005952 
3756 1.282362 0.000000 0.911215 19.305658 -0.046946 1.822072 0.006006 
3757 1.294042 0.000000 0.911215 19.297359 -0.048889 1.804303 0.007022 
3758 1.282362 0.000000 0.922103 19.300150 -0.045677 1.794641 0.006830 
3759 1.305722 0.000000 0.911215 19.297359 -0.048889 1.804303 0.007022 
3760 1.317403 0.000000 0.911215 19.297359 -0.048889 1.804303 0.007022 
3761 1.305722 0.000000 0.922103 19.297359 -0.048889 1.804303 0.007022 
3762 1.329083 0.000000 0.911215 19.297359 -0.048889 1.804303 0.007022 
3763 1.340763 0.000000 0.911215 19.297359 -0.048889 1.804303 0.007022 
3764 1.329083 0.000000 0.922103 19.297359 -0.048889 1.804303 0.007022 
3765 1.352443 0.000000 0.911215 19.297359 -0.048889 1.804303 0.007022 
3766 1.364124 0.000000 0.911215 19.294344 -0.049276 1.807525 0.007299 
3767 1.352443 0.000000 0.922103 19.293842 -0.046825 1.776738 0.007642 
3768 1.375804 0.000000 0.911215 19.294344 -0.049276 1.807525 0.007299 
3769 1.375804 0.000000 0.900327 19.286002 -0.049579 1.797503 0.008245 
3770 1.387484 0.000000 0.911215 19.271890 -0.049117 1.736940 0.010249 
3771 1.375804 0.000000 0.922103 19.290744 -0.046803 1.774830 0.007976 
3772 1.399164 0.000000 0.911215 19.271890 -0.049117 1.736940 0.010249 
3773 1.410844 0.000000 0.911215 19.271890 -0.049117 1.736940 0.010249 
3774 1.399164 0.000000 0.922103 19.271890 -0.049117 1.736940 0.010249 
3775 1.445885 0.000000 0.911215 19.243027 -0.053300 1.732048 0.013232 
3776 1.434205 0.000000 0.911215 19.255405 -0.051000 1.751320 0.011795 
3777 1.457565 0.000000 0.911215 19.243027 -0.053300 1.732048 0.013232 
3778 1.445885 0.000000 0.922103 19.247980 -0.050157 1.711932 0.012912 
3779 1.469245 0.000000 0.911215 19.243027 -0.053300 1.732048 0.013232 
3780 1.480926 0.000000 0.911215 19.228651 -0.054617 1.702483 0.014962 
3781 1.469245 0.000000 0.922103 19.228651 -0.054617 1.702483 0.014962 
3782 1.492606 0.000000 0.911215 19.228651 -0.054617 1.702483 0.014962 
3783 1.492606 0.000000 0.900327 19.228651 -0.054617 1.702483 0.014962 
3784 1.504286 0.000000 0.911215 19.228651 -0.054617 1.702483 0.014962 
3785 1.492606 0.000000 0.922103 19.228651 -0.054617 1.702483 0.014962 
3786 1.504286 0.000000 0.965655 19.228731 -0.048423 1.660442 0.015329 
3787 1.480926 0.000000 0.965655 19.228731 -0.048423 1.660442 0.015329 
3788 1.527646 0.000000 0.965655 19.222443 -0.050420 1.667454 0.015906 
3789 1.504286 0.000000 0.987431 19.228731 -0.048423 1.660442 0.015329 
3790 1.515966 0.000000 0.932991 19.228651 -0.054617 1.702483 0.014962 
3791 1.504286 0.000000 0.932991 19.228651 -0.054617 1.702483 0.014962 
3792 1.515966 0.000000 0.922103 19.228651 -0.054617 1.702483 0.014962 
3793 1.527646 0.000000 0.932991 19.228651 -0.054617 1.702483 0.014962 
3794 1.515966 0.000000 0.943879 19.222443 -0.050420 1.667454 0.015906 
3795 1.551007 0.000000 0.965655 19.222443 -0.050420 1.667454 0.015906 
3796 1.574367 0.000000 0.965655 19.185571 -0.047728 1.583943 0.020368 
3797 1.551007 0.000000 0.987431 19.298674 -0.039006 1.526419 0.009337 
3798 1.539327 0.000000 0.932991 19.216873 -0.049056 1.659454 0.016543 
3799 1.539327 0.000000 0.922103 19.223208 -0.053819 1.699889 0.015538 
3800 1.551007 0.000000 0.932991 19.216873 -0.049056 1.659454 0.016543 
3801 1.539327 0.000000 0.943879 19.222443 -0.050420 1.667454 0.015906 
3802 1.597728 0.000000 0.965655 19.162177 -0.043224 1.512945 0.023322 
3803 1.621088 0.000000 0.965655 19.141287 -0.042654 1.465550 0.025810 
3804 1.597728 0.000000 0.987431 19.141287 -0.042654 1.465550 0.025810 
3805 1.586048 0.000000 0.932991 19.185571 -0.047728 1.583943 0.020368 
3806 1.574367 0.000000 0.932991 19.185571 -0.047728 1.583943 0.020368 
3807 1.586048 0.000000 0.922103 19.185696 -0.055225 1.626164 0.019995 
3808 1.597728 0.000000 0.932991 19.174372 -0.043615 1.544938 0.021827 
3809 1.586048 0.000000 0.943879 19.185571 -0.047728 1.583943 0.020368 
3810 1.609408 0.000000 0.932991 19.157572 -0.046821 1.524078 0.023698 
3811 1.609408 0.000000 0.922103 19.171665 -0.048210 1.566853 0.021920 
3812 1.621088 0.000000 0.932991 19.157572 -0.046821 1.524078 0.023698 
3813 1.609408 0.000000 0.943879 19.162177 -0.043224 1.512945 0.023322 
3814 1.644449 0.000000 0.965655 19.141287 -0.042654 1.465550 0.025810 
3815 1.667809 0.000000 0.965655 19.133969 -0.045557 1.466929 0.026539 
3816 1.644449 0.000000 0.987431 19.124684 -0.038617 1.402330 0.027970 
3817 1.632768 0.000000 0.932991 19.157572 -0.046821 1.524078 0.023698 
3818 1.632768 0.000000 0.922103 19.157572 -0.046821 1.524078 0.023698 
3819 1.644449 0.000000 0.932991 19.133969 -0.045557 1.466929 0.026539 
3820 1.632768 0.000000 0.943879 19.133969 -0.045557 1.466929 0.026539 
3821 1.691169 0.000000 0.965655 19.116039 -0.040528 1.394480 0.028901 
3822 1.714530 0.000000 0.965655 19.109251 -0.037082 1.367784 0.029783 
3823 1.691169 0.000000 0.987431 19.116039 -0.040528 1.394480 0.028901 
3824 1.679489 0.000000 0.932991 19.133969 -0.045557 1.466929 0.026539 
3825 1.667809 0.000000 0.932991 19.133969 -0.045557 1.466929 0.026539 
3826 1.679489 0.000000 0.922103 19.129409 -0.042427 1.449382 0.027136 
3827 1.691169 0.000000 0.932991 19.129409 -0.042427 1.449382 0.027136 
3828 1.679489 0.000000 0.943879 19.133969 -0.045557 1.466929 0.026539 
3829 1.702850 0.000000 0.932991 19.129409 -0.042427 1.449382 0.027136 
3830 1.702850 0.000000 0.922103 19.113382 -0.037409 1.397988 0.029144 
3831 1.714530 0.000000 0.932991 19.082242 -0.035888 1.307693 0.032934 
3832 1.702850 0.000000 0.943879 19.129409 -0.042427 1.449382 0.027136 
3833 1.737890 0.000000 0.965655 19.123063 -0.024577 1.095643 0.030161 
3834 1.761251 0.000000 0.965655 19.145983 -0.027421 1.122814 0.027683 
3835 1.737890 0.000000 0.987431 19.123063 -0.024577 1.095643 0.030161 
3836 1.749570 0.000000 0.932991 19.082242 -0.035888 1.307693 0.032934 
3837 1.737890 0.000000 0.932991 19.082242 -0.035888 1.307693 0.032934 
3838 1.749570 0.000000 0.922103 19.082242 -0.035888 1.307693 0.032934 
3839 1.761251 0.000000 0.932991 19.126111 -0.029762 1.201957 0.029206 
3840 1.749570 0.000000 0.943879 19.126111 -0.029762 1.201957 0.029206 
3841 1.784611 0.000000 0.965655 19.141391 -0.025566 1.018495 0.028738 
3842 1.807972 0.000000 0.965655 19.141391 -0.025566 1.018495 0.028738 
3843 1.784611 0.000000 0.987431 19.122401 -0.023394 1.010108 0.030704 
3844 1.796291 0.000000 0.932991 19.178492 -0.024468 1.108222 0.024476 
3845 1.784611 0.000000 0.932991 19.178492 -0.024468 1.108222 0.024476 
3846 1.796291 0.000000 0.922103 19.178492 -0.024468 1.108222 0.024476 
3847 1.807972 0.000000 0.932991 19.178492 -0.024468 1.108222 0.024476 
3848 1.796291 0.000000 0.943879 19.145983 -0.027421 1.122814 0.027683 
3849 1.831332 0.000000 0.965655 19.166479 -0.022833 0.985958 0.026370 
3850 1.854692 0.000000 0.965655 19.200541 -0.015244 0.729296 0.024080 
3851 1.831332 0.000000 0.987431 19.124189 -0.021308 0.872067 0.031210 
3852 1.819652 0.000000 0.932991 19.204255 -0.018868 1.026636 0.022323 
3853 1.819652 0.000000 0.922103 19.241595 -0.014720 0.845494 0.019425 
3854 1.831332 0.000000 0.932991 19.241595 -0.014720 0.845494 0.019425 
3855 1.819652 0.000000 0.943879 19.166479 -0.022833 0.985958 0.026370 
3856 1.878053 0.000000 0.965655 19.343340 -0.014921 0.603266 0.009975 
3857 1.901413 0.000000 0.965655 19.370125 -0.015442 0.487378 0.007568 
3858 1.878053 0.000000 0.987431 19.370125 -0.015442 0.487378 0.007568 
3859 1.866373 0.000000 0.932991 19.241595 -0.014720 0.845494 0.019425 
3860 1.854692 0.000000 0.932991 19.241595 -0.014720 0.845494 0.019425 
3861 1.866373 0.000000 0.922103 19.241595 -0.014720 0.845494 0.019425 
3862 1.878053 0.000000 0.932991 19.241595 -0.014720 0.845494 0.019425 
3863 1.866373 0.000000 0.943879 19.200541 -0.015244 0.729296 0.024080 
3864 1.924774 0.000000 0.965655 19.420464 -0.015272 0.485474 0.002411 
3865 1.948134 0.000000 0.965655 19.539709 -0.015640 0.245460 -0.009406 
3866 1.924774 0.000000 0.987431 19.370125 -0.015442 0.487378 0.007568 
3867 1.913093 0.000000 0.932991 19.410112 -0.010949 0.678991 0.002878 
3868 1.901413 0.000000 0.932991 19.348565 -0.013317 0.721407 0.009027 
3869 1.913093 0.000000 0.922103 19.526885 -0.007200 1.543337 -0.014218 
3870 1.924774 0.000000 0.932991 19.557540 -0.014436 0.414221 -0.011543 
3871 1.913093 0.000000 0.943879 19.399567 -0.014578 0.629858 0.004130 
3872 1.971494 0.000000 0.965655 19.539709 -0.015640 0.245460 -0.009406 
3873 1.994855 0.000000 0.965655 19.539709 -0.015640 0.245460 -0.009406 
3874 1.971494 0.000000 0.987431 19.539709 -0.015640 0.245460 -0.009406 
3875 1.959814 0.000000 0.932991 19.557540 -0.014436 0.414221 -0.011543 
3876 1.948134 0.000000 0.932991 19.557540 -0.014436 0.414221 -0.011543 
3877 1.959814 0.000000 0.922103 19.562505 -0.010513 0.473232 -0.012194 
3878 1.971494 0.000000 0.932991 19.557540 -0.014436 0.414221 -0.011543 
3879 1.959814 0.000000 0.943879 19.557540 -0.014436 0.414221 -0.011543 
3880 2.018215 0.000000 0.965655 19.845022 -0.021387 0.194413 -0.041133 
3881 2.041576 0.000000 0.965655 20.132504 -0.028339 -0.025396 -0.071416 
3882 2.018215 0.000000 0.987431 19.831722 -0.023074 0.021533 -0.039639 
3883 2.006535 0.000000 0.932991 19.698668 -0.016826 1.584156 -0.032368 
3884 1.994855 0.000000 0.932991 19.562505 -0.010513 0.473232 -0.012194 
3885 2.006535 0.000000 0.922103 19.687665 -0.026427 1.586222 -0.031241 
3886 2.018215 0.000000 0.932991 19.718317 -0.018958 1.596950 -0.034523 
3887 2.006535 0.000000 0.943879 19.562505 -0.010513 0.473232 -0.012194 
3888 2.064936 0.000000 0.965655 20.132504 -0.028339 -0.025396 -0.071416 
3889 2.088297 0.000000 0.965655 20.132504 -0.028339 -0.025396 -0.071416 
3890 2.064936 0.000000 0.987431 20.123735 -0.030508 -0.202394 -0.070589 
3891 2.053256 0.000000 0.932991 19.770061 -0.026157 1.644989 -0.040337 
3892 2.041576 0.000000 0.932991 19.754236 -0.023644 1.627483 -0.038532 
3893 2.053256 0.000000 0.922103 19.753745 -0.037445 1.645090 -0.038635 
3894 2.064936 0.000000 0.932991 19.784984 -0.029282 1.664200 -0.042066 
3895 2.053256 0.000000 0.943879 19.788260 -0.008628 1.580127 -0.041685 
3896 2.111657 0.000000 0.922103 19.805586 -0.053668 1.739615 -0.044905 
3897 2.111657 0.000000 0.943879 19.846886 -0.024146 1.700429 -0.048872 
3898 2.111657 0.000000 0.965655 20.129703 -0.020187 0.041417 -0.071119 
3899 2.135017 0.000000 0.965655 19.911721 -0.006176 1.634325 -0.055102 
3900 2.111657 0.000000 0.987431 20.132504 -0.028339 -0.025396 -0.071416 
3901 2.099977 0.000000 0.932991 19.817130 -0.037555 1.725948 -0.045986 
3902 2.088297 0.000000 0.932991 19.808448 -0.034801 1.704717 -0.044883 
3903 2.099977 0.000000 0.922103 19.798091 -0.049955 1.720024 -0.043941 
3904 2.111657 0.000000 0.932991 19.824913 -0.040891 1.747389 -0.046999 
3905 2.099977 0.000000 0.943879 19.838861 -0.020453 1.674876 -0.047802 
3906 2.158378 0.000000 0.965655 19.910239 -0.014217 1.699917 -0.055524 
3907 2.181738 0.000000 0.965655 19.900861 -0.023432 1.760723 -0.055095 
3908 2.158378 0.000000 0.987431 20.424952 -0.032864 0.114048 -0.102802 
3909 2.170058 0.000000 0.932991 19.837623 -0.061007 1.850750 -0.049320 
3910 2.158378 0.000000 0.932991 19.838141 -0.056492 1.831197 -0.049182 
3911 2.170058 0.000000 0.922103 19.820750 -0.074363 1.834062 -0.047393 
3912 2.181738 0.000000 0.932991 19.835865 -0.065962 1.869370 -0.049320 
3913 2.170058 0.000000 0.943879 19.857097 -0.045310 1.823514 -0.051094 
3914 2.205099 0.000000 0.965655 19.885235 -0.034154 1.814390 -0.053960 
3915 2.228459 0.000000 0.965655 19.864921 -0.046745 1.859311 -0.052265 
3916 2.205099 0.000000 0.987431 20.436389 -0.021470 0.168308 -0.104076 
3917 2.216779 0.000000 0.932991 19.824639 -0.082922 1.918093 -0.048638 
3918 2.205099 0.000000 0.932991 19.829381 -0.076778 1.903041 -0.048980 
3919 2.216779 0.000000 0.922103 19.811919 -0.095902 1.896434 -0.047093 
3920 2.228459 0.000000 0.932991 19.819115 -0.089363 1.931966 -0.048203 
3921 2.216779 0.000000 0.943879 19.839115 -0.068013 1.903780 -0.050005 
3922 2.298540 0.000000 0.922103 19.773637 -0.144912 1.962466 -0.043792 
3923 2.298540 0.000000 0.943879 19.784159 -0.122139 1.982836 -0.045088 
3924 2.298540 0.000000 0.965655 19.796560 -0.095117 1.937537 -0.045901 
3925 2.275180 0.000000 0.965655 19.818704 -0.077511 1.920033 -0.048033 
3926 2.321901 0.000000 0.965655 19.775950 -0.113839 1.948831 -0.043871 
3927 2.298540 0.000000 0.987431 19.808799 -0.071307 1.897658 -0.046767 
3928 2.286860 0.000000 0.932991 19.785887 -0.126489 1.979568 -0.045238 
3929 2.275180 0.000000 0.932991 19.793093 -0.118679 1.972521 -0.045913 
3930 2.286860 0.000000 0.922103 19.779820 -0.137272 1.956160 -0.044367 
3931 2.298540 0.000000 0.932991 19.778807 -0.134615 1.985536 -0.044565 
3932 2.286860 0.000000 0.943879 19.792270 -0.113620 1.975974 -0.045860 
3933 2.391982 0.000000 0.922103 19.718527 -0.202810 1.989924 -0.038379 
3934 2.391982 0.000000 0.943879 19.720353 -0.190217 2.007976 -0.038747 
3935 2.345261 0.000000 0.965655 19.756903 -0.132985 1.955701 -0.041964 
3936 2.368622 0.000000 0.965655 19.739126 -0.151787 1.959828 -0.040165 
3937 2.345261 0.000000 0.987431 19.760305 -0.111598 1.911037 -0.041849 
3938 2.356941 0.000000 0.932991 19.742078 -0.175349 2.003687 -0.040953 
3939 2.345261 0.000000 0.932991 19.749464 -0.167361 2.001496 -0.041694 
3940 2.356941 0.000000 0.922103 19.739868 -0.182653 1.983432 -0.040516 
3941 2.368622 0.000000 0.932991 19.734588 -0.183082 2.005472 -0.040198 
3942 2.356941 0.000000 0.943879 19.743941 -0.166026 2.002997 -0.041132 
3943 2.438703 0.000000 0.965655 19.689957 -0.199792 1.963827 -0.035127 
3944 2.415343 0.000000 0.965655 19.705909 -0.185776 1.963167 -0.036767 
3945 2.462063 0.000000 0.965655 19.674564 -0.211670 1.964239 -0.033542 
3946 2.438703 0.000000 0.987431 19.689822 -0.185542 1.909368 -0.034540 
3947 2.427023 0.000000 0.932991 19.696914 -0.215919 2.009100 -0.036344 
3948 2.415343 0.000000 0.932991 19.704461 -0.210321 2.008738 -0.037120 
3949 2.427023 0.000000 0.922103 19.696589 -0.219300 1.992630 -0.036140 
3950 2.438703 0.000000 0.932991 19.689295 -0.220855 2.009018 -0.035556 
3951 2.427023 0.000000 0.943879 19.697138 -0.210804 2.009794 -0.036369 
3952 2.532145 0.000000 0.922103 19.633011 -0.241338 1.991282 -0.029543 
3953 2.555505 0.000000 0.922103 19.619628 -0.242224 1.989332 -0.028135 
3954 2.532145 0.000000 0.943879 19.630865 -0.242691 2.008759 -0.029506 
3955 2.485424 0.000000 0.965655 19.659461 -0.221158 1.964386 -0.031984 
3956 2.508784 0.000000 0.965655 19.644182 -0.228686 1.964404 -0.030406 
3957 2.485424 0.000000 0.987431 19.659056 -0.210768 1.907578 -0.031349 
3958 2.497104 0.000000 0.932991 19.652675 -0.238159 2.006919 -0.031746 
3959 2.485424 0.000000 0.932991 19.660185 -0.235683 2.007554 -0.032530 
3960 2.497104 0.000000 0.922103 19.653296 -0.238082 1.993068 -0.031664 
3961 2.508784 0.000000 0.932991 19.645715 -0.240071 2.006128 -0.031017 
3962 2.497104 0.000000 0.943879 19.651938 -0.236863 2.009909 -0.031700 
3963 2.578865 0.000000 0.922103 19.607642 -0.241279 1.987069 -0.026867 
3964 2.578865 0.000000 0.943879 19.604684 -0.245157 2.005688 -0.026762 
3965 2.625586 0.000000 0.965655 19.580102 -0.242748 1.959248 -0.023726 
3966 2.602226 0.000000 0.965655 19.590952 -0.242559 1.960930 -0.024866 
3967 2.648947 0.000000 0.965655 19.569540 -0.242611 1.957094 -0.022610 
3968 2.625586 0.000000 0.987431 19.578270 -0.241414 1.900109 -0.022931 
3969 2.672307 0.000000 0.965655 19.559637 -0.241903 1.954855 -0.021562 
3970 2.695668 0.000000 0.965655 19.549902 -0.240598 1.952621 -0.020531 
3971 2.672307 0.000000 0.987431 19.557271 -0.242879 1.895176 -0.020711 
3972 2.719028 0.000000 0.965655 19.540448 -0.238613 1.950061 -0.019525 
3973 2.742388 0.000000 0.965655 19.531012 -0.236770 1.947292 -0.018519 
3974 2.719028 0.000000 0.987431 19.537614 -0.242499 1.889976 -0.018627 
3975 2.683987 0.000000 0.954767 19.555874 -0.240881 1.977177 -0.021403 
3976 2.672307 0.000000 0.954767 19.560708 -0.241724 1.978648 -0.021920 
3977 2.683987 0.000000 0.943879 19.557345 -0.235835 1.989421 -0.021678 
3978 2.695668 0.000000 0.954767 19.551141 -0.239849 1.975978 -0.020900 
3979 2.683987 0.000000 0.965655 19.554668 -0.241323 1.953515 -0.021033 
3980 2.765749 0.000000 0.965655 19.521352 -0.234921 1.945082 -0.017497 
3981 2.789109 0.000000 0.965655 19.511274 -0.233109 1.942922 -0.016433 
3982 2.765749 0.000000 0.987431 19.518932 -0.241242 1.883915 -0.016636 
3983 2.812470 0.000000 0.965655 19.501165 -0.231675 1.940734 -0.015366 
3984 2.835830 0.000000 0.965655 19.490226 -0.230514 1.938807 -0.014217 
3985 2.812470 0.000000 0.987431 19.499040 -0.240817 1.878900 -0.014534 
3986 2.777429 0.000000 0.954767 19.517428 -0.231290 1.966611 -0.017310 
3987 2.765749 0.000000 0.954767 19.522592 -0.232488 1.967613 -0.017855 
3988 2.777429 0.000000 0.943879 19.518882 -0.223739 1.974663 -0.017535 
3989 2.789109 0.000000 0.954767 19.512432 -0.230065 1.965341 -0.016780 
3990 2.777429 0.000000 0.965655 19.516276 -0.234104 1.944174 -0.016963 
3991 2.859191 0.000000 0.965655 19.479039 -0.229767 1.937256 -0.013048 
3992 2.882551 0.000000 0.965655 19.467512 -0.229575 1.935729 -0.011846 
3993 2.859191 0.000000 0.987431 19.477415 -0.242350 1.874763 -0.012267 
3994 2.905911 0.000000 0.965655 19.456404 -0.229900 1.934490 -0.010691 
3995 2.929272 0.000000 0.965655 19.445271 -0.230463 1.934274 -0.009544 
3996 2.905911 0.000000 0.987431 19.455302 -0.245743 1.871696 -0.009965 
3997 2.894231 0.000000 0.954767 19.462684 -0.223936 1.957272 -0.011564 
3998 2.882551 0.000000 0.954767 19.468230 -0.224172 1.957848 -0.012141 
3999 2.894231 0.000000 0.943879 19.463622 -0.211871 1.961188 -0.011687 
4000 2.905911 0.000000 0.954767 19.456936 -0.223725 1.956892 -0.010968 
4001 2.894231 0.000000 0.965655 19.462027 -0.229739 1.935024 -0.011274 
4002 2.952632 0.000000 0.965655 19.434373 -0.231779 1.933357 -0.008416 
4003 2.975993 0.000000 0.965655 19.423753 -0.233503 1.932494 -0.007319 
4004 2.952632 0.000000 0.987431 19.433782 -0.251849 1.870816 -0.007752 
4005 2.999353 0.000000 0.965655 19.413863 -0.235554 1.932158 -0.006303 
4006 3.022713 0.000000 0.965655 19.404593 -0.238271 1.931810 -0.005351 
4007 2.999353 0.000000 0.987431 19.413673 -0.260008 1.870285 -0.005693 
4008 3.046074 0.000000 0.965655 19.396357 -0.241468 1.931613 -0.004509 
4009 3.069434 0.000000 0.965655 19.389361 -0.244670 1.931475 -0.003794 
4010 3.046074 0.000000 0.987431 19.396768 -0.269955 1.871273 -0.003983 
4011 3.011033 0.000000 0.954767 19.409425 -0.220460 1.954457 -0.006058 
4012 2.999353 0.000000 0.954767 19.414117 -0.220522 1.955409 -0.006550 
4013 3.011033 0.000000 0.943879 19.410099 -0.209528 1.953872 -0.006109 
4014 3.022713 0.000000 0.954767 19.404918 -0.220961 1.953339 -0.005585 
4015 3.011033 0.000000 0.965655 19.409284 -0.236857 1.932001 -0.005833 
4016 3.092795 0.000000 0.965655 19.382875 -0.247969 1.930819 -0.003127 
4017 3.116155 0.000000 0.965655 19.377730 -0.251321 1.930970 -0.002606 
4018 3.092795 0.000000 0.987431 19.383587 -0.281326 1.872650 -0.002662 
4019 3.139516 0.000000 0.965655 19.373353 -0.254364 1.931330 -0.002165 
4020 3.162876 0.000000 0.965655 19.370027 -0.257078 1.932303 -0.001838 
4021 3.139516 0.000000 0.987431 19.374324 -0.292353 1.875584 -0.001758 
4022 3.186236 0.000000 0.965655 19.367798 -0.259017 1.933067 -0.001620 
4023 3.209597 0.000000 0.965655 19.366252 -0.260731 1.934041 -0.001474 
4024 3.186236 0.000000 0.987431 19.369141 -0.301533 1.879781 -0.001284 
4025 3.174556 0.000000 0.954767 19.368555 -0.233854 1.944986 -0.001787 
4026 3.162876 0.000000 0.954767 19.369944 -0.233203 1.945214 -0.001931 
4027 3.174556 0.000000 0.943879 19.368679 -0.215137 1.947944 -0.001808 
4028 3.186236 0.000000 0.954767 19.367398 -0.234336 1.944942 -0.001669 
4029 3.174556 0.000000 0.965655 19.368619 -0.258139 1.932608 -0.001698 
4030 3.232957 0.000000 0.965655 19.365708 -0.261832 1.935401 -0.001434 
4031 3.256318 0.000000 0.965655 19.365661 -0.262230 1.936604 -0.001442 
4032 3.232957 0.000000 0.987431 19.367334 -0.308163 1.884666 -0.001158 
4033 3.279678 0.000000 0.965655 19.366457 -0.262093 1.940969 -0.001568 
4034 3.303039 0.000000 0.965655 19.367410 -0.260476 1.945053 -0.001705 
4035 3.279678 0.000000 0.987431 19.368558 -0.310861 1.891047 -0.001351 
4036 3.326399 0.000000 0.965655 19.369075 -0.255575 1.950134 -0.001921 
4037 3.349759 0.000000 0.965655 19.371293 -0.248508 1.950611 -0.002144 
4038 3.326399 0.000000 0.987431 19.372152 -0.309673 1.897120 -0.001778 
4039 3.373120 0.000000 0.965655 19.373764 -0.245130 1.950799 -0.002395 
4040 3.396480 0.000000 0.965655 19.375650 -0.242504 1.952740 -0.002605 
4041 3.373120 0.000000 0.987431 19.377167 -0.305084 1.904551 -0.002359 
4042 3.419841 0.000000 0.965655 19.377950 -0.239561 1.956468 -0.002875 
4043 3.443201 0.000000 0.965655 19.379745 -0.236617 1.961150 -0.003104 
4044 3.419841 0.000000 0.987431 19.382642 -0.297866 1.914048 -0.003005 
4045 3.349759 0.000000 1.074534 19.391841 -0.493543 1.702304 -0.002333 
4046 3.303039 0.000000 1.074534 19.385587 -0.478877 1.691185 -0.001554 
4047 3.396480 0.000000 1.074534 19.400030 -0.501335 1.714357 -0.003302 
4048 3.349759 0.000000 1.118085 19.404322 -0.542417 1.619259 -0.003017 
4049 3.373120 0.000000 1.009206 19.381368 -0.361130 1.844214 -0.002290 
4050 3.349759 0.000000 1.009206 19.378470 -0.362628 1.839367 -0.001949 
4051 3.396480 0.000000 1.009206 19.384778 -0.358448 1.849407 -0.002685 
4052 3.373120 0.000000 1.030982 19.385884 -0.412714 1.790715 -0.002345 
4053 3.384800 0.000000 0.976543 19.376443 -0.275802 1.932554 -0.002524 
4054 3.373120 0.000000 0.976543 19.375571 -0.277361 1.930390 -0.002415 
4055 3.384800 0.000000 0.965655 19.374656 -0.243876 1.951899 -0.002496 
4056 3.396480 0.000000 0.976543 19.377722 -0.274112 1.934731 -0.002675 
4057 3.384800 0.000000 0.987431 19.378522 -0.303615 1.906945 -0.002520 
4058 3.466561 0.000000 0.965655 19.381297 -0.233942 1.966667 -0.003317 
4059 3.489922 0.000000 0.965655 19.382701 -0.231898 1.972610 -0.003520 
4060 3.466561 0.000000 0.987431 19.387288 -0.289490 1.926667 -0.003596 
4061 3.513282 0.000000 0.965655 19.383434 -0.230808 1.979090 -0.003661 
4062 3.536643 0.000000 0.965655 19.383760 -0.230636 1.985968 -0.003767 
4063 3.513282 0.000000 0.987431 19.390261 -0.282621 1.941807 -0.004045 
4064 3.560003 0.000000 0.965655 19.384075 -0.232044 1.993502 -0.003880 
4065 3.583364 0.000000 0.965655 19.383939 -0.234212 2.000985 -0.003948 
4066 3.560003 0.000000 0.987431 19.391719 -0.279474 1.959361 -0.004371 
4067 3.606724 0.000000 0.965655 19.383383 -0.237797 2.008654 -0.003976 
4068 3.630084 0.000000 0.965655 19.383264 -0.242463 2.016223 -0.004051 
4069 3.606724 0.000000 0.987431 19.391288 -0.281108 1.978066 -0.004524 
4070 3.653445 0.000000 0.965655 19.383201 -0.247892 2.023835 -0.004132 
4071 3.676805 0.000000 0.965655 19.383513 -0.254139 2.031438 -0.004254 
4072 3.653445 0.000000 0.987431 19.391197 -0.287815 1.997650 -0.004730 
4073 3.700166 0.000000 0.965655 19.384383 -0.260971 2.038826 -0.004432 
4074 3.723526 0.000000 0.965655 19.385956 -0.268126 2.046331 -0.004684 
4075 3.700166 0.000000 0.987431 19.392111 -0.298603 2.017028 -0.005046 
4076 3.723526 0.000000 1.074534 19.440191 -0.462169 1.854366 -0.008646 
4077 3.676805 0.000000 1.074534 19.437615 -0.463360 1.826223 -0.008110 
4078 3.770247 0.000000 1.074534 19.444107 -0.462771 1.882468 -0.009328 
4079 3.723526 0.000000 1.118085 19.466872 -0.547985 1.773047 -0.010839 
4080 3.700166 0.000000 1.009206 19.402030 -0.335314 1.971889 -0.005649 
4081 3.676805 0.000000 1.009206 19.401486 -0.331521 1.960374 -0.005467 
4082 3.723526 0.000000 1.009206 19.403459 -0.339440 1.983745 -0.005927 
4083 3.700166 0.000000 1.030982 19.413513 -0.375845 1.922222 -0.006392 
4084 3.688485 0.000000 0.976543 19.387459 -0.273515 2.026526 -0.004633 
4085 3.676805 0.000000 0.976543 19.387159 -0.270335 2.022430 -0.004554 
4086 3.688485 0.000000 0.965655 19.383848 -0.257502 2.035152 -0.004333 
4087 3.700166 0.000000 0.976543 19.387969 -0.276790 2.030580 -0.004734 
4088 3.688485 0.000000 0.987431 19.391612 -0.295600 2.012241 -0.004939 
4089 3.746887 0.000000 0.965655 19.388147 -0.275197 2.053444 -0.004996 
4090 3.770247 0.000000 0.965655 19.391223 -0.281655 2.060354 -0.005396 
4091 3.746887 0.000000 0.987431 19.395746 -0.311954 2.036625 -0.005651 
4092 3.816968 0.000000 1.074534 19.449590 -0.462949 1.910089 -0.010169 
4093 3.863689 0.000000 1.074534 19.456809 -0.460571 1.935890 -0.011168 
4094 3.816968 0.000000 1.118085 19.475300 -0.540442 1.830054 -0.012228 
4095 3.840328 0.000000 1.009206 19.420207 -0.358758 2.039089 -0.008270 
4096 3.816968 0.000000 1.009206 19.415625 -0.356242 2.028503 -0.007681 
4097 3.863689 0.000000 1.009206 19.425135 -0.360559 2.049169 -0.008888 
4098 3.840328 0.000000 1.030982 19.430257 -0.391899 1.996882 -0.008918 
4099 3.910409 0.000000 1.074534 19.464122 -0.455200 1.958825 -0.012143 
4100 3.957130 0.000000 1.074534 19.471375 -0.446092 1.978182 -0.013069 
4101 3.910409 0.000000 1.118085 19.484258 -0.525779 1.880519 -0.013604 
4102 3.887049 0.000000 1.009206 19.430354 -0.361299 2.058828 -0.009531 
4103 3.910409 0.000000 1.009206 19.435773 -0.360961 2.068183 -0.010189 
4104 3.887049 0.000000 1.030982 19.439683 -0.392129 2.018921 -0.010120 
4105 3.933770 0.000000 1.009206 19.441613 -0.359752 2.076715 -0.010880 
4106 3.933770 0.000000 0.987431 19.434523 -0.329289 2.101088 -0.010365 
4107 3.957130 0.000000 1.009206 19.447812 -0.357568 2.084790 -0.011602 
4108 3.933770 0.000000 1.030982 19.449860 -0.388725 2.038601 -0.011371 
4109 4.751385 0.000000 1.074534 19.648935 -0.402985 1.975132 -0.031302 
4110 4.704664 0.000000 1.074534 19.638970 -0.378276 1.970897 -0.030172 
4111 4.798105 0.000000 1.074534 19.654549 -0.434327 1.980553 -0.032011 
4112 4.751385 0.000000 1.118085 19.650635 -0.436370 1.849014 -0.030278 
4113 4.844826 0.000000 1.074534 19.653863 -0.472868 1.987103 -0.032101 
4114 4.891547 0.000000 1.074534 19.644413 -0.519212 1.994927 -0.031324 
4115 4.844826 0.000000 1.118085 19.658454 -0.482779 1.851114 -0.031224 
4116 4.774745 0.000000 1.052758 19.648921 -0.405032 2.045893 -0.032057 
4117 4.751385 0.000000 1.052758 19.645798 -0.388117 2.041593 -0.031651 
4118 4.774745 0.000000 1.030982 19.644083 -0.386274 2.113420 -0.032258 
4119 4.798105 0.000000 1.052758 19.650938 -0.423924 2.050677 -0.032360 
4120 4.774745 0.000000 1.074534 19.652342 -0.417744 1.977651 -0.031714 
4121 4.821466 0.000000 1.052758 19.651353 -0.445095 2.055434 -0.032503 
4122 4.821466 0.000000 1.030982 19.646252 -0.431468 2.125490 -0.032716 
4123 4.844826 0.000000 1.052758 19.649881 -0.468478 2.060327 -0.032460 
4124 4.821466 0.000000 1.074534 19.655174 -0.452660 1.983712 -0.032152 
4125 4.938268 0.000000 1.074534 19.623606 -0.572217 2.005732 -0.029431 
4126 4.984989 0.000000 1.074534 19.588384 -0.630209 2.022148 -0.026139 
4127 4.938268 0.000000 1.118085 19.634436 -0.549986 1.864541 -0.029044 
4128 4.868187 0.000000 1.052758 19.646134 -0.494060 2.065693 -0.032194 
4129 4.868187 0.000000 1.030982 19.640539 -0.486522 2.137943 -0.032397 
4130 4.891547 0.000000 1.052758 19.639658 -0.521929 2.071183 -0.031657 
4131 4.868187 0.000000 1.074534 19.650420 -0.495032 1.990755 -0.031839 
4132 4.914908 0.000000 1.052758 19.630114 -0.551556 2.077583 -0.030820 
4133 4.914908 0.000000 1.030982 19.623490 -0.551391 2.151892 -0.030963 
4134 4.938268 0.000000 1.052758 19.616969 -0.583007 2.084699 -0.029629 
4135 4.914908 0.000000 1.074534 19.635775 -0.545011 1.999912 -0.030552 
4136 5.031710 0.000000 1.074534 19.537009 -0.689948 2.047840 -0.021311 
4137 5.078431 0.000000 1.074534 19.468237 -0.747647 2.088059 -0.014879 
4138 5.031710 0.000000 1.118085 19.563279 -0.634127 1.900032 -0.022288 
4139 5.008349 0.000000 1.052758 19.552001 -0.683550 2.117388 -0.023602 
4140 4.984989 0.000000 1.052758 19.578220 -0.649523 2.104031 -0.026045 
4141 5.008349 0.000000 1.030982 19.537162 -0.699134 2.197691 -0.023042 
4142 5.031710 0.000000 1.052758 19.520817 -0.717301 2.134273 -0.020696 
4143 5.008349 0.000000 1.074534 19.564766 -0.660037 2.033578 -0.023919 
4144 5.125151 0.000000 1.074534 19.384031 -0.798286 2.147482 -0.007103 
4145 5.171872 0.000000 1.074534 19.285694 -0.833655 2.231898 0.001819 
4146 5.125151 0.000000 1.118085 19.439601 -0.721371 1.975430 -0.010622 
4147 5.055070 0.000000 1.052758 19.484633 -0.750086 2.155568 -0.017334 
4148 5.055070 0.000000 1.030982 19.461356 -0.771806 2.240670 -0.016014 
4149 5.078431 0.000000 1.052758 19.443522 -0.781361 2.181989 -0.013533 
4150 5.055070 0.000000 1.074534 19.504706 -0.719434 2.065799 -0.018282 
4151 5.101791 0.000000 1.052758 19.397678 -0.809454 2.214726 -0.009325 
4152 5.101791 0.000000 1.030982 19.362037 -0.832443 2.308524 -0.006895 
4153 5.125151 0.000000 1.052758 19.347467 -0.833066 2.254674 -0.004757 
4154 5.101791 0.000000 1.074534 19.428046 -0.774327 2.114945 -0.011153 
4155 5.218593 0.000000 1.074534 19.181386 -0.843806 2.344053 0.011024 
4156 5.218593 0.000000 1.118085 19.279267 -0.782155 2.112270 0.004068 
4157 5.148512 0.000000 1.052758 19.293161 -0.850363 2.302208 0.000141 
4158 5.148512 0.000000 1.030982 19.242108 -0.867914 2.409010 0.003931 
4159 5.171872 0.000000 1.052758 19.235891 -0.859794 2.356907 0.005257 
4160 5.148512 0.000000 1.074534 19.336483 -0.818248 2.186356 -0.002767 
4161 5.195233 0.000000 1.052758 19.176472 -0.860716 2.418889 0.010504 
4162 5.195233 0.000000 1.030982 19.109471 -0.862138 2.546135 0.015608 
4163 5.218593 0.000000 1.052758 19.117313 -0.851488 2.488427 0.015632 
4164 5.195233 0.000000 1.074534 19.233823 -0.842606 2.284412 0.006434 
4165 5.288674 0.000000 1.052758 18.959148 -0.746781 2.731625 0.028638 
4166 5.265314 0.000000 1.052758 19.006471 -0.795638 2.646975 0.024893 
4167 5.312035 0.000000 1.052758 18.920397 -0.684080 2.815961 0.031518 
4168 5.288674 0.000000 1.074534 19.035077 -0.789699 2.557455 0.023273 
4169 5.335395 0.000000 1.052758 18.891260 -0.608806 2.896569 0.033471 
4170 5.358756 0.000000 1.052758 18.873331 -0.523066 2.969966 0.034379 
4171 5.335395 0.000000 1.074534 18.963772 -0.698908 2.712099 0.028638 
4172 5.382116 0.000000 1.052758 18.866491 -0.430273 3.033835 0.034281 
4173 5.405476 0.000000 1.052758 18.870037 -0.333126 3.086068 0.033279 
4174 5.382116 0.000000 1.074534 18.925118 -0.568894 2.854943 0.030843 
4175 5.428837 0.000000 1.052758 18.883792 -0.235558 3.125841 0.031400 
4176 5.452197 0.000000 1.052758 18.905579 -0.140544 3.152974 0.028867 
4177 5.428837 0.000000 1.074534 18.922218 -0.413944 2.968636 0.029786 
4178 5.522279 0.000000 1.052758 19.002410 0.104431 3.168943 0.018921 
4179 5.498918 0.000000 1.052758 18.966713 0.031035 3.173003 0.022462 
4180 5.545639 0.000000 1.052758 19.038836 0.168246 3.157813 0.015398 
4181 5.522279 0.000000 1.074534 19.002929 -0.109377 3.078624 0.020357 
4182 5.568999 0.000000 1.052758 19.074775 0.223450 3.141188 0.011997 
4183 5.592360 0.000000 1.052758 19.109378 0.270317 3.120879 0.008779 
4184 5.568999 0.000000 1.074534 19.064233 0.010955 3.082546 0.014156 
4185 5.615720 0.000000 1.052758 19.142001 0.309926 3.098017 0.005796 
4186 5.639081 0.000000 1.052758 19.172772 0.343307 3.074030 0.003013 
4187 5.615720 0.000000 1.074534 19.125400 0.104564 3.065404 0.008231 
4188 5.709162 0.000000 1.052758 19.253104 0.412722 3.000684 -0.004108 
4189 5.685802 0.000000 1.052758 19.227940 0.393978 3.024728 -0.001891 
4190 5.732522 0.000000 1.052758 19.276472 0.427744 2.977478 -0.006154 
4191 5.709162 0.000000 1.074534 19.233854 0.225908 3.003457 -0.001878 
4192 5.755883 0.000000 1.052758 19.298943 0.439195 2.955026 -0.008120 
4193 5.779243 0.000000 1.052758 19.320528 0.447297 2.933705 -0.010010 
4194 5.755883 0.000000 1.074534 19.280415 0.260479 2.968480 -0.006111 
4195 5.802604 0.000000 1.052758 19.341761 0.452228 2.913287 -0.011877 
4196 5.802604 0.000000 1.030982 19.360846 0.608386 2.839232 -0.013141 
4197 5.825964 0.000000 1.052758 19.362544 0.454028 2.893744 -0.013707 
4198 5.802604 0.000000 1.074534 19.324141 0.280689 2.933575 -0.010057 
4199 5.896045 0.000000 1.052758 19.423711 0.440647 2.838066 -0.019103 
4200 5.872685 0.000000 1.052758 19.403427 0.448443 2.856460 -0.017317 
4201 5.919406 0.000000 1.052758 19.443690 0.429668 2.819829 -0.020858 
4202 5.896045 0.000000 1.074534 19.406197 0.282777 2.861542 -0.017357 
4203 5.942766 0.000000 1.052758 19.462996 0.415638 2.801094 -0.022534 
4204 5.966127 0.000000 1.052758 19.481634 0.398290 2.781895 -0.024132 
4205 5.942766 0.000000 1.074534 19.444172 0.265315 2.821738 -0.020634 
4206 6.036208 0.000000 1.052758 19.530790 0.331343 2.718981 -0.028157 
4207 6.012847 0.000000 1.052758 19.515629 0.355884 2.741041 -0.026955 
4208 6.059568 0.000000 1.052758 19.544222 0.305306 2.695651 -0.029167 
4209 6.036208 0.000000 1.074534 19.508024 0.200014 2.728635 -0.025762 
4210 6.082929 0.000000 1.052758 19.556217 0.278220 2.671194 -0.030018 
4211 6.106289 0.000000 1.052758 19.566959 0.250817 2.645563 -0.030730 
4212 6.082929 0.000000 1.074534 19.531359 0.158132 2.674930 -0.027364 
4213 6.129650 0.000000 1.052758 19.575924 0.223117 2.618941 -0.031253 
4214 6.129650 0.000000 1.030982 19.599920 0.330338 2.589471 -0.033489 
4215 6.153010 0.000000 1.052758 19.583877 0.195947 2.591105 -0.031662 
4216 6.129650 0.000000 1.074534 19.549179 0.114904 2.617329 -0.028368 
4217 6.223091 0.000000 1.052758 19.600903 0.118778 2.502065 -0.032163 
4218 6.199731 0.000000 1.052758 19.596221 0.143550 2.532460 -0.032100 
4219 6.246452 0.000000 1.052758 19.604663 0.095022 2.471193 -0.032133 
4220 6.223091 0.000000 1.074534 19.571850 0.034089 2.494437 -0.029020 
4221 6.269812 0.000000 1.052758 19.607787 0.072319 2.439924 -0.032041 
4222 6.269812 0.000000 1.030982 19.636321 0.147785 2.427802 -0.034889 
4223 6.293172 0.000000 1.052758 19.609775 0.050726 2.408464 -0.031837 
4224 6.269812 0.000000 1.074534 19.578301 -0.001110 2.431426 -0.028864 
4225 6.363254 0.000000 1.052758 19.611728 -0.007819 2.314826 -0.030864 
4226 6.339893 0.000000 1.052758 19.611774 0.010660 2.345590 -0.031248 
4227 6.386614 0.000000 1.052758 19.610840 -0.025402 2.284675 -0.030407 
4228 6.363254 0.000000 1.074534 19.583554 -0.061355 2.308049 -0.027872 
4229 6.409975 0.000000 1.052758 19.609375 -0.041802 2.255416 -0.029907 
4230 6.409975 0.000000 1.030982 19.636124 0.004121 2.247010 -0.032577 
4231 6.433335 0.000000 1.052758 19.607323 -0.057311 2.227143 -0.029363 
4232 6.409975 0.000000 1.074534 19.583145 -0.086988 2.250498 -0.027146 
4233 6.503416 0.000000 1.052758 19.597524 -0.097315 2.149982 -0.027471 
4234 6.480056 0.000000 1.052758 19.601090 -0.085108 2.174479 -0.028115 
4235 6.526777 0.000000 1.052758 19.593489 -0.108327 2.126627 -0.026795 
4236 6.503416 0.000000 1.074534 19.575456 -0.129093 2.148937 -0.025193 
4237 6.550137 0.000000 1.052758 19.589335 -0.118129 2.104683 -0.026125 
4238 6.550137 0.000000 1.030982 19.609552 -0.091989 2.095988 -0.028109 
4239 6.573498 0.000000 1.052758 19.585205 -0.126925 2.083896 -0.025473 
4240 6.550137 0.000000 1.074534 19.569802 -0.144999 2.105625 -0.024132 
4241 6.643579 0.000000 1.052758 19.573342 -0.147575 2.028025 -0.023653 
4242 6.620218 0.000000 1.052758 19.577058 -0.141479 2.045658 -0.024223 
4243 6.666939 0.000000 1.052758 19.569723 -0.152844 2.011321 -0.023104 
4244 6.643579 0.000000 1.074534 19.557652 -0.167626 2.032900 -0.022099 
4245 6.690300 0.000000 1.052758 19.566435 -0.157554 1.995378 -0.022599 
4246 6.690300 0.000000 1.030982 19.581165 -0.141146 1.984014 -0.023991 
4247 6.713660 0.000000 1.052758 19.563350 -0.161525 1.980205 -0.022124 
4248 6.690300 0.000000 1.074534 19.552437 -0.175401 2.002243 -0.021240 
4249 6.783741 0.000000 1.052758 19.555223 -0.171006 1.938862 -0.020863 
4250 6.760381 0.000000 1.052758 19.557657 -0.168176 1.952052 -0.021248 
4251 6.807102 0.000000 1.052758 19.552739 -0.173536 1.926353 -0.020481 
4252 6.783741 0.000000 1.074534 19.543592 -0.186624 1.950162 -0.019792 
4253 6.830462 0.000000 1.052758 19.550516 -0.175623 1.914226 -0.020130 
4254 6.830462 0.000000 1.030982 19.561793 -0.161962 1.899776 -0.021138 
4255 6.853823 0.000000 1.052758 19.548407 -0.177301 1.902714 -0.019798 
4256 6.830462 0.000000 1.074534 19.539894 -0.190865 1.927856 -0.019186 
4257 5.732522 0.000000 5.211931 19.450364 -0.003551 0.013417 -0.000038 
4258 5.732522 0.000000 6.605580 19.450024 -0.003619 0.006537 -0.000003 
4259 6.480056 0.000000 3.121456 19.453620 0.036380 0.065026 -0.000387 
4260 5.732522 0.000000 3.121456 19.450762 0.026598 0.073956 -0.000095 
4261 7.227589 0.000000 3.121456 19.446480 0.052856 0.058275 0.000346 
4262 6.480056 0.000000 3.818281 19.451315 0.060364 0.039839 -0.000149 
4263 6.853823 0.000000 2.076219 19.533449 0.224915 0.018412 -0.008734 
4264 6.480056 0.000000 2.076219 19.548117 0.046720 0.197314 -0.010223 
4265 7.227589 0.000000 2.076219 20.527651 -0.093401 -0.766503 -0.115458 
4266 6.853823 0.000000 2.424632 19.473638 0.154326 0.094848 -0.002519 
4267 7.040706 0.000000 1.553601 19.405058 -0.365224 1.012891 0.001551 
4268 6.853823 0.000000 1.553601 19.397355 -0.474110 1.053913 0.001876 
4269 7.227589 0.000000 1.553601 19.496931 -0.405440 1.003643 -0.007929 
4270 7.040706 0.000000 1.727807 19.392824 -0.777808 1.046039 0.001379 
4271 6.947264 0.000000 1.292291 19.468080 -0.267772 1.420499 -0.007383 
4272 6.853823 0.000000 1.292291 19.458834 -0.267247 1.450111 -0.006656 
4273 7.040706 0.000000 1.292291 19.477667 -0.273046 1.396038 -0.008196 
4274 6.947264 0.000000 1.379395 19.442041 -0.279845 1.222251 -0.003338 
4275 6.900543 0.000000 1.161637 19.506326 -0.244465 1.737489 -0.013938 
4276 6.853823 0.000000 1.161637 19.505890 -0.243719 1.753761 -0.014043 
4277 6.947264 0.000000 1.161637 19.506727 -0.245231 1.722959 -0.013848 
4278 6.900543 0.000000 1.205188 19.491625 -0.256209 1.639457 -0.011563 
4279 6.923904 0.000000 1.096309 19.526100 -0.208210 1.882110 -0.017319 
4280 6.900543 0.000000 1.096309 19.527161 -0.207055 1.889798 -0.017504 
4281 6.923904 0.000000 1.074534 19.533778 -0.196201 1.889234 -0.018170 
4282 6.947264 0.000000 1.096309 19.524986 -0.209353 1.874880 -0.017133 
4283 6.923904 0.000000 1.118085 19.519617 -0.221867 1.837098 -0.016223 
4284 6.993985 0.000000 1.161637 19.507209 -0.245894 1.710219 -0.013783 
4285 7.040706 0.000000 1.161637 19.507401 -0.246928 1.699563 -0.013708 
4286 6.993985 0.000000 1.205188 19.495926 -0.258261 1.611488 -0.011769 
4287 7.017346 0.000000 1.096309 19.521273 -0.212757 1.855854 -0.016566 
4288 6.993985 0.000000 1.096309 19.522612 -0.211561 1.861785 -0.016761 
4289 7.017346 0.000000 1.074534 19.527391 -0.198596 1.856888 -0.017192 
4290 7.040706 0.000000 1.096309 19.519909 -0.213790 1.850412 -0.016373 
4291 7.017346 0.000000 1.118085 19.516663 -0.224284 1.814547 -0.015703 
4292 7.134148 0.000000 1.292291 19.487088 -0.281288 1.378344 -0.009048 
4293 7.227589 0.000000 1.292291 19.495132 -0.289995 1.368433 -0.009819 
4294 7.134148 0.000000 1.379395 19.474278 -0.301261 1.178190 -0.006407 
4295 7.087427 0.000000 1.161637 19.507180 -0.248146 1.690833 -0.013608 
4296 7.134148 0.000000 1.161637 19.506326 -0.249159 1.684076 -0.013461 
4297 7.087427 0.000000 1.205188 19.499157 -0.262037 1.590317 -0.011928 
4298 7.064066 0.000000 1.096309 19.518695 -0.214758 1.845338 -0.016200 
4299 7.064066 0.000000 1.074534 19.523877 -0.199155 1.842980 -0.016694 
4300 7.087427 0.000000 1.096309 19.516973 -0.215632 1.840490 -0.015976 
4301 7.064066 0.000000 1.118085 19.514768 -0.225624 1.806545 -0.015433 
4302 7.180868 0.000000 1.161637 19.505068 -0.249893 1.679661 -0.013293 
4303 7.227589 0.000000 1.161637 19.502882 -0.250045 1.677345 -0.013048 
4304 7.180868 0.000000 1.205188 19.500834 -0.265780 1.576428 -0.011990 
4305 7.157508 0.000000 1.096309 19.511312 -0.216923 1.828817 -0.015280 
4306 7.134148 0.000000 1.096309 19.513549 -0.216795 1.832298 -0.015544 
4307 7.157508 0.000000 1.074534 19.515207 -0.198571 1.820043 -0.015577 
4308 7.180868 0.000000 1.096309 19.509049 -0.216868 1.825846 -0.015018 
4309 7.157508 0.000000 1.118085 19.509218 -0.227541 1.796389 -0.014766 
4310 7.204229 0.000000 1.096309 19.506563 -0.216609 1.823169 -0.014735 
4311 7.204229 0.000000 1.074534 19.509502 -0.196940 1.811586 -0.014906 
4312 7.227589 0.000000 1.096309 19.503883 -0.216034 1.821060 -0.014438 
4313 7.204229 0.000000 1.118085 19.505249 -0.227624 1.794240 -0.014336 
4314 7.975123 0.000000 3.121456 19.438892 0.059966 0.074360 0.001118 
4315 7.975123 0.000000 3.818281 19.450861 0.004193 0.039208 -0.000093 
4316 7.601356 0.000000 2.076219 19.585374 -1.003048 -0.143143 -0.016682 
4317 7.975123 0.000000 2.076219 19.667486 -2.490588 0.280720 -0.039094 
4318 7.601356 0.000000 2.424632 19.363041 0.290491 -0.177039 0.008616 
4319 7.414473 0.000000 1.553601 19.534222 -0.454818 1.038347 -0.012076 
4320 7.601356 0.000000 1.553601 19.558808 -0.399247 1.031477 -0.014454 
4321 7.414473 0.000000 1.727807 19.540030 -0.239254 1.083791 -0.012535 
4322 7.321031 0.000000 1.292291 19.501138 -0.296018 1.366591 -0.010434 
4323 7.414473 0.000000 1.292291 19.504014 -0.296463 1.373721 -0.010782 
4324 7.321031 0.000000 1.379395 19.503498 -0.331385 1.168797 -0.009410 
4325 7.274310 0.000000 1.161637 19.499797 -0.249408 1.677534 -0.012730 
4326 7.321031 0.000000 1.161637 19.495937 -0.247494 1.680052 -0.012352 
4327 7.274310 0.000000 1.205188 19.500066 -0.267985 1.571226 -0.011870 
4328 7.297671 0.000000 1.096309 19.494354 -0.211969 1.817147 -0.013413 
4329 7.274310 0.000000 1.096309 19.497731 -0.213701 1.818021 -0.013772 
4330 7.297671 0.000000 1.074534 19.495476 -0.189494 1.800917 -0.013350 
4331 7.321031 0.000000 1.096309 19.490857 -0.209813 1.816768 -0.013047 
4332 7.297671 0.000000 1.118085 19.494874 -0.224506 1.796335 -0.013283 
4333 7.367752 0.000000 1.161637 19.491198 -0.244169 1.685001 -0.011904 
4334 7.414473 0.000000 1.161637 19.485716 -0.239351 1.692286 -0.011398 
4335 7.367752 0.000000 1.205188 19.495987 -0.266251 1.575436 -0.011483 
4336 7.391112 0.000000 1.096309 19.479410 -0.200560 1.818435 -0.011874 
4337 7.367752 0.000000 1.096309 19.483329 -0.204120 1.817402 -0.012271 
4338 7.391112 0.000000 1.074534 19.478926 -0.174825 1.798614 -0.011609 
4339 7.414473 0.000000 1.096309 19.475394 -0.196616 1.819947 -0.011471 
4340 7.391112 0.000000 1.118085 19.481366 -0.215513 1.805807 -0.011971 
4341 7.507914 0.000000 1.292291 19.503384 -0.289502 1.390211 -0.010827 
4342 7.601356 0.000000 1.292291 19.498381 -0.275901 1.415137 -0.010476 
4343 7.507914 0.000000 1.379395 19.523241 -0.326915 1.193681 -0.011594 
4344 7.461194 0.000000 1.161637 19.479697 -0.232538 1.701581 -0.010853 
4345 7.507914 0.000000 1.161637 19.473023 -0.223905 1.712943 -0.010257 
4346 7.461194 0.000000 1.205188 19.488487 -0.258311 1.589113 -0.010813 
4347 7.437833 0.000000 1.096309 19.471320 -0.191978 1.821922 -0.011065 
4348 7.437833 0.000000 1.074534 19.469970 -0.164384 1.800377 -0.010694 
4349 7.461194 0.000000 1.096309 19.467180 -0.186967 1.824229 -0.010656 
4350 7.437833 0.000000 1.118085 19.473881 -0.208414 1.813116 -0.011262 
4351 7.554635 0.000000 1.161637 19.466203 -0.213403 1.725692 -0.009659 
4352 7.601356 0.000000 1.161637 19.459039 -0.201112 1.739756 -0.009037 
4353 7.554635 0.000000 1.205188 19.478323 -0.243267 1.610723 -0.009929 
4354 7.531275 0.000000 1.096309 19.454331 -0.168522 1.832984 -0.009402 
4355 7.507914 0.000000 1.096309 19.458563 -0.175331 1.829830 -0.009813 
4356 7.531275 0.000000 1.074534 19.451822 -0.137480 1.808190 -0.008880 
4357 7.554635 0.000000 1.096309 19.450225 -0.161104 1.836463 -0.009007 
4358 7.531275 0.000000 1.118085 19.457940 -0.189397 1.830899 -0.009773 
4359 7.788239 0.000000 1.553601 19.566448 -0.297657 1.030911 -0.015053 
4360 7.975123 0.000000 1.553601 19.558536 -0.225250 1.091796 -0.014477 
4361 7.788239 0.000000 1.727807 19.493824 -0.278763 0.904661 -0.006880 
4362 7.694798 0.000000 1.292291 19.489351 -0.257464 1.445785 -0.009751 
4363 7.788239 0.000000 1.292291 19.478135 -0.236327 1.479858 -0.008832 
4364 7.694798 0.000000 1.379395 19.520130 -0.288430 1.250263 -0.011576 
4365 7.648077 0.000000 1.161637 19.451682 -0.187206 1.754607 -0.008404 
4366 7.694798 0.000000 1.161637 19.444686 -0.171662 1.769915 -0.007812 
4367 7.648077 0.000000 1.205188 19.465843 -0.221383 1.638940 -0.008860 
4368 7.624716 0.000000 1.096309 19.438215 -0.136718 1.846786 -0.007854 
4369 7.601356 0.000000 1.096309 19.442093 -0.145222 1.843360 -0.008225 
4370 7.624716 0.000000 1.074534 19.435140 -0.104091 1.819905 -0.007256 
4371 7.648077 0.000000 1.096309 19.434569 -0.127951 1.850293 -0.007507 
4372 7.624716 0.000000 1.118085 19.442378 -0.163344 1.852095 -0.008354 
4373 7.671437 0.000000 1.096309 19.431025 -0.118870 1.853809 -0.007171 
4374 7.671437 0.000000 1.074534 19.427799 -0.085450 1.826224 -0.006554 
4375 7.694798 0.000000 1.096309 19.427714 -0.109448 1.857425 -0.006861 
4376 7.671437 0.000000 1.118085 19.435191 -0.147616 1.862845 -0.007708 
4377 7.741519 0.000000 1.161637 19.438023 -0.154667 1.785235 -0.007257 
4378 7.788239 0.000000 1.161637 19.431747 -0.136713 1.800510 -0.006743 
4379 7.741519 0.000000 1.205188 19.452742 -0.193634 1.670296 -0.007756 
4380 7.764879 0.000000 1.096309 19.418567 -0.080199 1.868010 -0.006011 
4381 7.741519 0.000000 1.096309 19.421325 -0.090088 1.864500 -0.006264 
4382 7.764879 0.000000 1.074534 19.415637 -0.045872 1.838678 -0.005412 
4383 7.788239 0.000000 1.096309 19.415975 -0.070219 1.871357 -0.005774 
4384 7.764879 0.000000 1.118085 19.422402 -0.111521 1.883390 -0.006574 
4385 7.881681 0.000000 1.292291 19.466802 -0.214103 1.515489 -0.007921 
4386 7.975123 0.000000 1.292291 19.456202 -0.192733 1.550839 -0.007094 
4387 7.881681 0.000000 1.379395 19.500372 -0.248871 1.319997 -0.009956 
4388 7.834960 0.000000 1.161637 19.426167 -0.118186 1.815259 -0.006298 
4389 7.881681 0.000000 1.161637 19.421188 -0.099327 1.829412 -0.005912 
4390 7.834960 0.000000 1.205188 19.440459 -0.162023 1.702731 -0.006753 
4391 7.858321 0.000000 1.096309 19.409704 -0.040328 1.880368 -0.005211 
4392 7.834960 0.000000 1.096309 19.411514 -0.050285 1.877630 -0.005372 
4393 7.858321 0.000000 1.074534 19.407263 -0.006380 1.849250 -0.004650 
4394 7.881681 0.000000 1.096309 19.407898 -0.030549 1.883089 -0.005051 
4395 7.858321 0.000000 1.118085 19.412671 -0.073067 1.901350 -0.005736 
4396 7.928402 0.000000 1.161637 19.417115 -0.080618 1.842765 -0.005615 
4397 7.975123 0.000000 1.161637 19.413625 -0.062447 1.855451 -0.005374 
4398 7.928402 0.000000 1.205188 19.430293 -0.128991 1.734033 -0.005967 
4399 7.905042 0.000000 1.096309 19.406483 -0.020870 1.885482 -0.004929 
4400 7.905042 0.000000 1.074534 19.404533 0.012682 1.853157 -0.004409 
4401 7.928402 0.000000 1.096309 19.405144 -0.011426 1.887563 -0.004811 
4402 7.905042 0.000000 1.118085 19.409016 -0.053743 1.908793 -0.005429 
4403 8.348890 0.000000 2.076219 19.784433 4.477377 0.380658 -0.088059 
4404 8.348890 0.000000 2.424632 19.449541 0.297249 0.298540 -0.000422 
4405 8.162006 0.000000 1.553601 19.527061 -0.217035 1.178868 -0.011738 
4406 8.348890 0.000000 1.553601 19.458697 -0.267822 1.234112 -0.005110 
4407 8.162006 0.000000 1.727807 19.774154 0.430132 0.720626 -0.035472 
4408 8.068564 0.000000 1.292291 19.446881 -0.173111 1.584493 -0.006395 
4409 8.162006 0.000000 1.292291 19.437892 -0.156669 1.615173 -0.005716 
4410 8.068564 0.000000 1.379395 19.477774 -0.223934 1.390921 -0.008105 
4411 8.021844 0.000000 1.161637 19.410922 -0.044718 1.866998 -0.005205 
4412 8.068564 0.000000 1.161637 19.408755 -0.027518 1.877245 -0.005081 
4413 8.021844 0.000000 1.205188 19.422461 -0.096512 1.762935 -0.005410 
4414 7.998483 0.000000 1.096309 19.402782 0.016286 1.892370 -0.004617 
4415 7.975123 0.000000 1.096309 19.403360 0.007159 1.891041 -0.004663 
4416 7.998483 0.000000 1.074534 19.401680 0.048673 1.859027 -0.004179 
4417 8.021844 0.000000 1.096309 19.402306 0.025202 1.893524 -0.004581 
4418 7.998483 0.000000 1.118085 19.404279 -0.016766 1.920557 -0.005055 
4419 8.115285 0.000000 1.161637 19.407310 -0.011009 1.886500 -0.005023 
4420 8.162006 0.000000 1.161637 19.405944 0.004592 1.894780 -0.004965 
4421 8.115285 0.000000 1.205188 19.416613 -0.066287 1.788085 -0.005033 
4422 8.091925 0.000000 1.139861 19.404308 -0.000679 1.926525 -0.005118 
4423 8.068564 0.000000 1.139861 19.404766 -0.009004 1.923235 -0.005132 
4424 8.091925 0.000000 1.118085 19.402344 0.019128 1.928120 -0.004934 
4425 8.115285 0.000000 1.139861 19.403873 0.007364 1.929518 -0.005104 
4426 8.091925 0.000000 1.161637 19.407985 -0.019120 1.882038 -0.005048 
4427 8.255448 0.000000 1.292291 19.429403 -0.143215 1.641603 -0.005061 
4428 8.348890 0.000000 1.292291 19.421013 -0.134050 1.663368 -0.004383 
4429 8.255448 0.000000 1.379395 19.452343 -0.217083 1.450352 -0.005926 
4430 8.208727 0.000000 1.161637 19.404866 0.019081 1.901965 -0.004928 
4431 8.255448 0.000000 1.161637 19.403653 0.032287 1.907996 -0.004866 
4432 8.208727 0.000000 1.205188 19.412169 -0.039336 1.808868 -0.004767 
4433 8.185367 0.000000 1.139861 19.402744 0.030343 1.936623 -0.005063 
4434 8.162006 0.000000 1.139861 19.403018 0.022884 1.934532 -0.005069 
4435 8.185367 0.000000 1.118085 19.401872 0.052623 1.930255 -0.004913 
4436 8.208727 0.000000 1.139861 19.402514 0.037613 1.938341 -0.005058 
4437 8.185367 0.000000 1.161637 19.405417 0.011983 1.898503 -0.004949 
4438 8.302169 0.000000 1.161637 19.401993 0.044335 1.913029 -0.004749 
4439 8.348890 0.000000 1.161637 19.399469 0.055370 1.917289 -0.004536 
4440 8.302169 0.000000 1.205188 19.407739 -0.016495 1.825380 -0.004468 
4441 8.232087 0.000000 1.139861 19.402160 0.044433 1.939862 -0.005039 
4442 8.232087 0.000000 1.118085 19.401935 0.067341 1.929578 -0.004918 
4443 8.255448 0.000000 1.139861 19.401893 0.051070 1.940936 -0.005025 
4444 8.232087 0.000000 1.161637 19.404277 0.025802 1.905177 -0.004900 
4445 8.535773 0.000000 1.553601 19.365701 -0.337516 1.185572 0.004633 
4446 8.535773 0.000000 1.727807 19.127744 -0.082866 1.249529 0.028717 
4447 8.442331 0.000000 1.292291 19.412210 -0.130007 1.681973 -0.003641 
4448 8.535773 0.000000 1.292291 19.402103 -0.131457 1.700947 -0.002775 
4449 8.442331 0.000000 1.379395 19.425060 -0.230361 1.483418 -0.003394 
4450 8.395610 0.000000 1.161637 19.395626 0.065626 1.920827 -0.004181 
4451 8.442331 0.000000 1.161637 19.390300 0.076328 1.924386 -0.003675 
4452 8.395610 0.000000 1.205188 19.400755 0.002042 1.839162 -0.003884 
4453 8.325529 0.000000 1.139861 19.399705 0.069304 1.942386 -0.004821 
4454 8.302169 0.000000 1.139861 19.400723 0.063476 1.942104 -0.004920 
4455 8.325529 0.000000 1.118085 19.400376 0.092838 1.925669 -0.004729 
4456 8.348890 0.000000 1.139861 19.398482 0.074994 1.942555 -0.004699 
4457 8.325529 0.000000 1.161637 19.400831 0.050010 1.915289 -0.004654 
4458 8.489052 0.000000 1.161637 19.383232 0.088262 1.928277 -0.002996 
4459 8.535773 0.000000 1.161637 19.374272 0.102460 1.932468 -0.002127 
4460 8.489052 0.000000 1.205188 19.389290 0.019935 1.854111 -0.002855 
4461 8.418971 0.000000 1.139861 19.392452 0.091487 1.941919 -0.004082 
4462 8.395610 0.000000 1.139861 19.394903 0.085860 1.942148 -0.004333 
4463 8.418971 0.000000 1.118085 19.393560 0.114726 1.919545 -0.003980 
4464 8.442331 0.000000 1.139861 19.389656 0.097348 1.941695 -0.003796 
4465 8.418971 0.000000 1.161637 19.393225 0.070858 1.922517 -0.003954 
4466 8.629215 0.000000 1.292291 19.391022 -0.137449 1.724890 -0.001859 
4467 8.722656 0.000000 1.292291 19.380033 -0.148010 1.758685 -0.001052 
4468 8.629215 0.000000 1.379395 19.401041 -0.269043 1.483200 -0.000979 
4469 8.582494 0.000000 1.161637 19.363913 0.119673 1.937006 -0.001123 
4470 8.629215 0.000000 1.161637 19.352456 0.141123 1.941779 -0.000015 
4471 8.582494 0.000000 1.205188 19.371749 0.043207 1.873431 -0.001252 
4472 8.512412 0.000000 1.139861 19.378098 0.117502 1.941241 -0.002618 
4473 8.489052 0.000000 1.139861 19.382406 0.110207 1.941378 -0.003056 
4474 8.512412 0.000000 1.118085 19.379108 0.139587 1.913107 -0.002450 
4475 8.535773 0.000000 1.139861 19.373380 0.125525 1.941113 -0.002139 
4476 8.512412 0.000000 1.161637 19.379067 0.094989 1.930333 -0.002593 
4477 8.559133 0.000000 1.139861 19.368329 0.134343 1.940929 -0.001625 
4478 8.559133 0.000000 1.118085 19.369575 0.155337 1.909430 -0.001449 
4479 8.582494 0.000000 1.139861 19.363027 0.143924 1.940648 -0.001087 
4480 8.559133 0.000000 1.161637 19.369252 0.110703 1.934717 -0.001641 
4481 8.675935 0.000000 1.161637 19.340496 0.167192 1.946172 0.001142 
4482 8.722656 0.000000 1.161637 19.328353 0.198046 1.950071 0.002314 
4483 8.675935 0.000000 1.205188 19.349880 0.079141 1.899949 0.000710 
4484 8.652575 0.000000 1.139861 19.346060 0.179564 1.939244 0.000633 
4485 8.629215 0.000000 1.139861 19.351753 0.166557 1.939991 0.000055 
4486 8.652575 0.000000 1.118085 19.348188 0.196021 1.899552 0.000802 
4487 8.675935 0.000000 1.139861 19.340222 0.193807 1.938110 0.001228 
4488 8.652575 0.000000 1.161637 19.346537 0.153596 1.944062 0.000558 
4489 8.816098 0.000000 1.292291 19.368621 -0.162607 1.807237 -0.000353 
4490 8.816098 0.000000 1.379395 19.386186 -0.332465 1.457162 0.000646 
4491 8.769377 0.000000 1.161637 19.316838 0.233351 1.952499 0.003425 
4492 8.816098 0.000000 1.161637 19.306528 0.272731 1.952091 0.004429 
4493 8.769377 0.000000 1.205188 19.325586 0.133858 1.933198 0.002826 
4494 8.746017 0.000000 1.139861 19.323382 0.242430 1.930740 0.002968 
4495 8.722656 0.000000 1.139861 19.328760 0.225424 1.933919 0.002407 
4496 8.746017 0.000000 1.118085 19.327479 0.248881 1.883495 0.003018 
4497 8.769377 0.000000 1.139861 19.318316 0.259947 1.926867 0.003502 
4498 8.746017 0.000000 1.161637 19.322403 0.215210 1.951484 0.002888 
4499 8.862819 0.000000 1.161637 19.298436 0.314589 1.948083 0.005231 
4500 8.909540 0.000000 1.161637 19.293355 0.356939 1.940050 0.005757 
4501 8.862819 0.000000 1.205188 19.301866 0.212021 1.966228 0.004836 
4502 8.839458 0.000000 1.139861 19.306097 0.314254 1.910857 0.004829 
4503 8.816098 0.000000 1.139861 19.309669 0.295954 1.916968 0.004433 
4504 8.839458 0.000000 1.118085 19.312735 0.307754 1.858592 0.004683 
4505 8.862819 0.000000 1.139861 19.303248 0.332507 1.903984 0.005158 
4506 8.839458 0.000000 1.161637 19.302131 0.293433 1.950586 0.004862 
4507 8.956261 0.000000 1.161637 19.291619 0.397463 1.927805 0.005978 
4508 8.956261 0.000000 1.205188 19.285923 0.310256 1.986056 0.006119 
4509 8.932900 0.000000 1.139861 19.299377 0.384361 1.879231 0.005703 
4510 8.909540 0.000000 1.139861 19.299855 0.367777 1.888152 0.005598 
4511 8.932900 0.000000 1.118085 19.308119 0.361847 1.824793 0.005388 
4512 8.956261 0.000000 1.139861 19.299400 0.399873 1.869652 0.005763 
4513 8.932900 0.000000 1.161637 19.292110 0.377554 1.934457 0.005901 
4514 8.979621 0.000000 1.139861 19.300531 0.414336 1.859763 0.005714 
4515 8.979621 0.000000 1.118085 19.309760 0.383356 1.805928 0.005359 
4516 9.002981 0.000000 1.139861 19.302534 0.427438 1.849584 0.005580 
4517 8.979621 0.000000 1.161637 19.291974 0.416394 1.920347 0.005977 
4518 9.283306 0.000000 1.553601 19.407779 -0.225771 0.874248 0.002182 
4519 9.283306 0.000000 1.727807 19.483057 0.109227 0.815383 -0.005191 
4520 9.189865 0.000000 1.292291 19.318712 -0.107772 2.136851 0.001354 
4521 9.283306 0.000000 1.292291 19.326118 -0.029519 2.198347 -0.000079 
4522 9.189865 0.000000 1.379395 19.371787 -0.447329 1.447698 0.001957 
4523 9.143144 0.000000 1.161637 19.319777 0.506586 1.856210 0.003560 
4524 9.189865 0.000000 1.161637 19.332878 0.517585 1.838181 0.002367 
4525 9.143144 0.000000 1.205188 19.302093 0.493394 1.951713 0.004438 
4526 9.073063 0.000000 1.139861 19.312735 0.457950 1.818885 0.004765 
4527 9.049702 0.000000 1.139861 19.308748 0.449302 1.828992 0.005096 
4528 9.096423 0.000000 1.139861 19.317397 0.465158 1.808984 0.004367 
4529 9.073063 0.000000 1.161637 19.303420 0.478022 1.884758 0.005021 
4530 9.703794 0.000000 1.248740 19.493024 0.383147 1.899548 -0.014355 
4531 9.657073 0.000000 1.248740 19.478502 0.409311 1.919950 -0.013120 
4532 9.750515 0.000000 1.248740 19.506640 0.354337 1.880662 -0.015514 
4533 9.703794 0.000000 1.292291 19.465256 0.162517 1.995761 -0.012168 
4534 9.680434 0.000000 1.183413 19.494083 0.433175 1.810339 -0.013697 
4535 9.657073 0.000000 1.183413 19.487631 0.443942 1.808621 -0.013041 
4536 9.680434 0.000000 1.161637 19.492257 0.428723 1.788483 -0.013291 
4537 9.703794 0.000000 1.183413 19.500349 0.421897 1.812399 -0.014337 
4538 9.680434 0.000000 1.205188 19.494966 0.441217 1.814885 -0.013851 
4539 9.797236 0.000000 1.248740 19.518443 0.323563 1.863896 -0.016510 
4540 9.843957 0.000000 1.248740 19.528229 0.292267 1.849411 -0.017327 
4541 9.797236 0.000000 1.292291 19.494662 0.145214 1.924950 -0.014448 
4542 9.773875 0.000000 1.183413 19.517213 0.385968 1.819849 -0.016072 
4543 9.750515 0.000000 1.183413 19.512004 0.398296 1.817079 -0.015533 
4544 9.773875 0.000000 1.161637 19.514462 0.386582 1.798712 -0.015587 
4545 9.797236 0.000000 1.183413 19.521866 0.373417 1.822719 -0.016554 
4546 9.773875 0.000000 1.205188 19.519099 0.386523 1.815928 -0.016230 
4547 9.890677 0.000000 1.248740 19.536344 0.261456 1.837604 -0.018005 
4548 9.937398 0.000000 1.248740 19.542957 0.231824 1.828527 -0.018562 
4549 9.890677 0.000000 1.292291 19.519600 0.115288 1.867761 -0.016426 
4550 9.867317 0.000000 1.183413 19.532971 0.335350 1.832436 -0.017723 
4551 9.843957 0.000000 1.183413 19.529747 0.347982 1.828999 -0.017380 
4552 9.867317 0.000000 1.161637 19.529728 0.341931 1.812013 -0.017203 
4553 9.890677 0.000000 1.183413 19.535818 0.322766 1.836012 -0.018030 
4554 9.867317 0.000000 1.205188 19.535692 0.328670 1.821472 -0.017887 
4555 9.984119 0.000000 1.248740 19.548208 0.203646 1.822090 -0.019010 
4556 10.030840 0.000000 1.248740 19.551884 0.177043 1.818036 -0.019324 
4557 9.984119 0.000000 1.292291 19.538315 0.079554 1.829776 -0.017969 
4558 9.960759 0.000000 1.183413 19.542213 0.286382 1.847723 -0.018746 
4559 9.937398 0.000000 1.183413 19.540387 0.298279 1.843667 -0.018536 
4560 9.960759 0.000000 1.161637 19.538550 0.298680 1.827206 -0.018187 
4561 9.984119 0.000000 1.183413 19.543767 0.274739 1.851897 -0.018930 
4562 9.960759 0.000000 1.205188 19.545693 0.273592 1.831262 -0.018927 
4563 10.077561 0.000000 1.248740 19.553927 0.152160 1.815954 -0.019493 
4564 10.124282 0.000000 1.248740 19.554124 0.128775 1.815189 -0.019489 
4565 10.077561 0.000000 1.292291 19.549482 0.043356 1.808657 -0.018908 
4566 10.054200 0.000000 1.183413 19.546459 0.241496 1.865084 -0.019293 
4567 10.030840 0.000000 1.183413 19.545864 0.252329 1.860624 -0.019201 
4568 10.054200 0.000000 1.161637 19.542713 0.258490 1.843152 -0.018713 
4569 10.077561 0.000000 1.183413 19.546834 0.230962 1.869611 -0.019363 
4570 10.054200 0.000000 1.205188 19.550395 0.224113 1.844776 -0.019479 
4571 10.171002 0.000000 1.248740 19.552453 0.107405 1.815526 -0.019306 
4572 10.217723 0.000000 1.248740 19.548912 0.088170 1.816100 -0.018936 
4573 10.171002 0.000000 1.292291 19.550973 0.010067 1.799395 -0.018969 
4574 10.147642 0.000000 1.183413 19.545985 0.201091 1.883272 -0.019377 
4575 10.124282 0.000000 1.183413 19.546614 0.210600 1.878756 -0.019407 
4576 10.147642 0.000000 1.161637 19.542598 0.221553 1.858321 -0.018803 
4577 10.171002 0.000000 1.183413 19.545051 0.191955 1.887553 -0.019313 
4578 10.147642 0.000000 1.205188 19.549813 0.180189 1.859865 -0.019519 
4579 10.264444 0.000000 1.248740 19.544050 0.071124 1.816731 -0.018432 
4580 10.311165 0.000000 1.248740 19.538086 0.056132 1.817045 -0.017814 
4581 10.264444 0.000000 1.292291 19.542911 -0.017483 1.795087 -0.018095 
4582 10.241084 0.000000 1.183413 19.540476 0.166720 1.897848 -0.018920 
4583 10.217723 0.000000 1.183413 19.542269 0.174861 1.894879 -0.019082 
4584 10.241084 0.000000 1.161637 19.537887 0.188293 1.870798 -0.018403 
4585 10.264444 0.000000 1.183413 19.538300 0.158750 1.900561 -0.018715 
4586 10.241084 0.000000 1.205188 19.543565 0.142273 1.873624 -0.018977 
4587 10.498048 0.000000 1.292291 19.506926 -0.062285 1.779995 -0.014248 
4588 10.591490 0.000000 1.292291 19.493395 -0.071128 1.774420 -0.012803 
4589 10.498048 0.000000 1.379395 19.500365 -0.239480 1.730109 -0.013250 
4590 10.357886 0.000000 1.248740 19.531427 0.042870 1.816839 -0.017121 
4591 10.404607 0.000000 1.248740 19.524092 0.031248 1.816318 -0.016356 
4592 10.357886 0.000000 1.292291 19.529655 -0.039070 1.789994 -0.016681 
4593 10.334525 0.000000 1.183413 19.530229 0.135992 1.907627 -0.017935 
4594 10.311165 0.000000 1.183413 19.533113 0.143336 1.905469 -0.018217 
4595 10.334525 0.000000 1.161637 19.528415 0.159564 1.879480 -0.017484 
4596 10.357886 0.000000 1.183413 19.527029 0.128953 1.909663 -0.017620 
4597 10.334525 0.000000 1.205188 19.532624 0.110953 1.884707 -0.017936 
4598 10.451327 0.000000 1.161637 19.512296 0.130812 1.885547 -0.015859 
4599 10.498048 0.000000 1.161637 19.505993 0.121950 1.887020 -0.015218 
4600 10.451327 0.000000 1.205188 19.514969 0.079993 1.895920 -0.016210 
4601 10.381246 0.000000 1.183413 19.523713 0.122217 1.911539 -0.017292 
4602 10.381246 0.000000 1.161637 19.522358 0.146974 1.882437 -0.016878 
4603 10.404607 0.000000 1.183413 19.520307 0.115854 1.913231 -0.016954 
4604 10.381246 0.000000 1.205188 19.525854 0.097442 1.889497 -0.017278 
4605 10.684932 0.000000 1.118085 19.484246 0.123326 1.861852 -0.012728 
4606 10.684932 0.000000 1.030982 19.482890 -0.062288 1.964686 -0.013599 
4607 10.778373 0.000000 1.118085 19.476212 0.120486 1.862328 -0.011903 
4608 10.684932 0.000000 1.205188 19.484352 0.051527 1.902504 -0.013110 
4609 10.544769 0.000000 1.161637 19.500180 0.114910 1.887989 -0.014624 
4610 10.544769 0.000000 1.118085 19.499096 0.132745 1.859263 -0.014239 
4611 10.591490 0.000000 1.161637 19.494757 0.109720 1.888989 -0.014072 
4612 10.544769 0.000000 1.205188 19.501507 0.062853 1.902032 -0.014877 
4613 10.451327 0.000000 1.248740 19.516498 0.021160 1.815769 -0.015566 
4614 10.498048 0.000000 1.248740 19.509014 0.012714 1.814968 -0.014786 
4615 10.451327 0.000000 1.292291 19.514393 -0.055768 1.783323 -0.015047 
4616 10.474688 0.000000 1.183413 19.509864 0.099107 1.917457 -0.015910 
4617 10.451327 0.000000 1.183413 19.513268 0.104269 1.916189 -0.016251 
4618 10.474688 0.000000 1.161637 19.509058 0.126161 1.886371 -0.015530 
4619 10.498048 0.000000 1.183413 19.506614 0.094430 1.918486 -0.015583 
4620 10.474688 0.000000 1.205188 19.511381 0.074996 1.897817 -0.015857 
4621 10.871815 0.000000 1.118085 19.470484 0.118861 1.862511 -0.011315 
4622 10.871815 0.000000 1.030982 19.470072 -0.066374 1.967156 -0.012306 
4623 10.965257 0.000000 1.118085 19.466272 0.117907 1.862554 -0.010881 
4624 10.871815 0.000000 1.205188 19.470196 0.047006 1.900822 -0.011635 
4625 11.152140 0.000000 0.856776 19.459612 -0.256146 1.726243 -0.009039 
4626 11.152140 0.000000 0.682570 19.458032 -0.203167 1.460805 -0.006576 
4627 11.339023 0.000000 0.856776 19.456347 -0.256458 1.727280 -0.008713 
4628 11.245582 0.000000 1.118085 19.458625 0.116638 1.862585 -0.010094 
4629 11.152140 0.000000 1.118085 19.460540 0.116857 1.862562 -0.010290 
4630 11.245582 0.000000 1.030982 19.458461 -0.068622 1.968686 -0.011128 
4631 11.339023 0.000000 1.118085 19.457021 0.116588 1.862605 -0.009929 
4632 11.245582 0.000000 1.205188 19.458544 0.044953 1.899439 -0.010421 
4633 11.525907 0.000000 0.856776 19.454315 -0.256528 1.727897 -0.008510 
4634 11.525907 0.000000 0.682570 19.453719 -0.203589 1.463249 -0.006152 
4635 11.712790 0.000000 0.856776 19.453098 -0.256481 1.728380 -0.008389 
4636 11.432465 0.000000 1.118085 19.455757 0.116593 1.862579 -0.009798 
4637 11.432465 0.000000 1.030982 19.455683 -0.068699 1.968982 -0.010845 
4638 11.525907 0.000000 1.118085 19.454797 0.116627 1.862630 -0.009700 
4639 11.432465 0.000000 1.205188 19.455802 0.044922 1.899204 -0.010137 
4640 11.899674 0.000000 1.205188 19.450919 0.045811 1.573243 -0.006643 
4641 11.899674 0.000000 1.030982 19.451143 0.016733 1.763573 -0.008340 
4642 11.899674 0.000000 1.379395 19.451038 -0.246423 1.448433 -0.005813 
4643 11.619349 0.000000 1.118085 19.454101 0.116701 1.862671 -0.009629 
4644 11.619349 0.000000 1.030982 19.453946 -0.068630 1.969175 -0.010668 
4645 11.712790 0.000000 1.118085 19.453442 0.116765 1.862741 -0.009562 
4646 11.619349 0.000000 1.205188 19.454089 0.045028 1.899089 -0.009959 
4647 11.899674 0.000000 0.856776 19.452382 -0.256313 1.728690 -0.008318 
4648 11.899674 0.000000 0.682570 19.452070 -0.203475 1.464248 -0.005990 
4649 12.086557 0.000000 0.856776 19.450527 -0.272089 1.277351 -0.004563 
4650 11.806232 0.000000 1.118085 19.452925 0.116760 1.862848 -0.009510 
4651 11.806232 0.000000 1.030982 19.452894 -0.068521 1.969494 -0.010563 
4652 11.899674 0.000000 1.118085 19.450956 0.114649 1.502022 -0.006097 
4653 11.806232 0.000000 1.205188 19.451479 0.155674 1.729276 -0.008121 
4654 12.273440 0.000000 0.856776 19.450305 -0.272144 1.277489 -0.004541 
4655 12.273440 0.000000 0.682570 19.450174 -0.227004 0.993282 -0.002762 
4656 12.460324 0.000000 0.856776 19.450193 -0.272103 1.277664 -0.004531 
4657 12.179999 0.000000 1.118085 19.450531 0.114505 1.502189 -0.006054 
4658 12.086557 0.000000 1.118085 19.450609 0.114525 1.502151 -0.006062 
4659 12.179999 0.000000 1.030982 19.450468 -0.074657 1.574483 -0.006616 
4660 12.273440 0.000000 1.118085 19.450453 0.114476 1.502265 -0.006047 
4661 12.179999 0.000000 1.205188 19.450618 0.045696 1.573415 -0.006613 
4662 12.366882 0.000000 1.118085 19.450363 0.114561 1.502369 -0.006038 
4663 12.366882 0.000000 1.030982 19.450332 -0.074592 1.574676 -0.006603 
4664 12.460324 0.000000 1.118085 19.449788 0.068958 1.520806 -0.006105 
4665 12.366882 0.000000 1.205188 19.449868 0.001721 1.590605 -0.006674 
4666 12.647207 0.000000 0.856776 19.449782 -0.322888 1.301342 -0.004730 
4667 12.647207 0.000000 0.682570 19.450135 -0.226952 0.993464 -0.002759 
4668 12.834090 0.000000 0.856776 19.449790 -0.322894 1.301358 -0.004731 
4669 12.553765 0.000000 1.118085 19.449771 0.068943 1.520853 -0.006103 
4670 12.553765 0.000000 1.030982 19.449768 -0.121847 1.594725 -0.006738 
4671 12.647207 0.000000 1.118085 19.449397 0.106138 1.536391 -0.006207 
4672 12.553765 0.000000 1.205188 19.449325 0.037549 1.604897 -0.006743 
4673 12.740649 0.000000 1.118085 19.449430 0.106173 1.536390 -0.006211 
4674 12.740649 0.000000 1.030982 19.449395 -0.083154 1.611766 -0.006823 
4675 12.834090 0.000000 1.118085 19.450765 0.174551 1.519711 -0.006264 
4676 12.740649 0.000000 1.205188 19.450819 0.103969 1.589149 -0.006788 
4677 13.020974 0.000000 0.856776 19.449854 -0.263268 1.305789 -0.004675 
4678 13.020974 0.000000 0.682570 19.449413 -0.236403 1.047378 -0.002987 
4679 13.207857 0.000000 0.856776 19.449870 -0.263199 1.305797 -0.004677 
4680 13.114416 0.000000 1.118085 19.449887 0.122817 1.523050 -0.006160 
4681 13.020974 0.000000 1.118085 19.449889 0.122788 1.523042 -0.006160 
4682 13.114416 0.000000 1.030982 19.449877 -0.066129 1.597524 -0.006745 
4683 13.207857 0.000000 1.118085 19.449886 0.122860 1.523058 -0.006160 
4684 13.114416 0.000000 1.205188 19.449896 0.053817 1.592330 -0.006699 
4685 0.604910 0.000000 0.867664 17.026054 0.039681 7.731129 0.075717 
4686 0.593230 0.000000 0.867664 17.147413 0.039666 7.602256 0.069978 
4687 0.616590 0.000000 0.867664 16.942061 0.039639 7.812506 0.079916 
4688 0.604910 0.000000 0.878552 16.946681 0.026778 6.821961 0.117823 
4689 0.599070 0.000000 0.851332 17.224125 0.039643 7.511618 0.066629 
4690 0.593230 0.000000 0.851332 17.311647 0.039607 7.398498 0.063098 
4691 0.599070 0.000000 0.845888 17.224125 0.039643 7.511618 0.066629 
4692 0.604910 0.000000 0.851332 17.147413 0.039666 7.602256 0.069978 
4693 0.599070 0.000000 0.856776 17.224125 0.039643 7.511618 0.066629 
4694 0.628270 0.000000 0.867664 18.138742 0.055746 4.527284 0.076101 
4695 0.639950 0.000000 0.867664 18.309530 0.052508 4.304370 0.064851 
4696 0.628270 0.000000 0.878552 17.071333 -0.012177 3.871928 0.190007 
4697 0.651631 0.000000 0.867664 18.438779 0.046295 4.111872 0.056580 
4698 0.663311 0.000000 0.867664 18.542693 0.104817 3.916420 0.050546 
4699 0.651631 0.000000 0.878552 17.926462 -0.011306 3.354912 0.120773 
4700 0.645791 0.000000 0.862220 18.470532 0.061256 4.261160 0.050173 
4701 0.639950 0.000000 0.862220 18.409748 0.065668 4.364516 0.053741 
4702 0.645791 0.000000 0.856776 18.567561 0.071386 4.305837 0.039658 
4703 0.651631 0.000000 0.862220 18.523648 0.059765 4.163385 0.047157 
4704 0.645791 0.000000 0.867664 18.378097 0.050054 4.205705 0.060421 
4705 0.674991 0.000000 0.867664 18.614139 0.055408 3.803309 0.045858 
4706 0.674991 0.000000 0.878552 18.493043 0.053392 3.689395 0.059993 
4707 0.920276 0.000000 0.987431 19.003174 -0.015790 2.176480 0.032896 
4708 0.896915 0.000000 0.922103 19.011689 -0.014348 2.295235 0.030637 
4709 0.920276 0.000000 0.922103 19.061696 -0.013103 2.239144 0.026276 
4710 0.896915 0.000000 0.943879 19.011455 -0.015213 2.294636 0.030667 
4711 0.885235 0.000000 0.889440 19.157420 0.059751 2.556036 0.012580 
4712 0.896915 0.000000 0.889440 19.176738 0.058500 2.526342 0.011021 
4713 0.885235 0.000000 0.900327 19.010935 -0.011540 2.303066 0.030617 
4714 0.908595 0.000000 0.889440 19.194914 0.058351 2.495744 0.009584 
4715 0.920276 0.000000 0.889440 19.212090 0.058118 2.469780 0.008181 
4716 0.908595 0.000000 0.900327 19.171448 0.055989 2.448475 0.012582 
4717 0.943636 0.000000 0.922103 19.109977 -0.012623 2.188479 0.021997 
4718 0.943636 0.000000 0.943879 19.085311 -0.015494 2.212284 0.024211 
4719 0.931956 0.000000 0.889440 19.228045 0.058032 2.446901 0.006857 
4720 0.931956 0.000000 0.878552 19.251611 0.175461 2.449709 0.004351 
4721 0.943636 0.000000 0.889440 19.243202 0.058193 2.424710 0.005602 
4722 0.931956 0.000000 0.900327 19.207227 0.051852 2.402963 0.009537 
4723 0.955316 0.000000 0.889440 19.257452 0.058436 2.404064 0.004415 
4724 0.966996 0.000000 0.889440 19.271373 0.058702 2.382128 0.003274 
4725 0.955316 0.000000 0.900327 19.238586 0.047919 2.366121 0.006816 
4726 0.978677 0.000000 0.889440 19.284560 0.059202 2.361373 0.002190 
4727 0.978677 0.000000 0.878552 19.389086 0.007448 0.306407 0.006005 
4728 0.978677 0.000000 0.900327 19.267625 0.043533 2.328642 0.004326 
4729 1.072118 0.000000 0.911215 19.296975 -0.017650 2.089632 0.004130 
4730 1.060438 0.000000 0.911215 19.296975 -0.017650 2.089632 0.004130 
4731 1.083798 0.000000 0.911215 19.296975 -0.017650 2.089632 0.004130 
4732 1.072118 0.000000 0.922103 19.296975 -0.017650 2.089632 0.004130 
4733 1.142200 0.000000 0.911215 19.310043 -0.030709 1.959717 0.004185 
4734 1.130519 0.000000 0.911215 19.310043 -0.030709 1.959717 0.004185 
4735 1.153880 0.000000 0.911215 19.310043 -0.030709 1.959717 0.004185 
4736 1.142200 0.000000 0.922103 19.310043 -0.030709 1.959717 0.004185 
4737 1.118839 0.000000 0.911215 19.309565 -0.027460 1.994023 0.003876 
4738 1.107159 0.000000 0.911215 19.305029 -0.022309 2.030625 0.003950 
4739 1.118839 0.000000 0.922103 19.309565 -0.027460 1.994023 0.003876 
4740 1.136359 0.000000 0.905771 19.310043 -0.030709 1.959717 0.004185 
4741 1.130519 0.000000 0.905771 19.309565 -0.027460 1.994023 0.003876 
4742 1.136359 0.000000 0.900327 19.309565 -0.027460 1.994023 0.003876 
4743 1.142200 0.000000 0.905771 19.310043 -0.030709 1.959717 0.004185 
4744 1.136359 0.000000 0.911215 19.310043 -0.030709 1.959717 0.004185 
4745 1.165560 0.000000 0.911215 19.310043 -0.030709 1.959717 0.004185 
4746 1.177240 0.000000 0.911215 19.310043 -0.030709 1.959717 0.004185 
4747 1.165560 0.000000 0.922103 19.310043 -0.030709 1.959717 0.004185 
4748 1.188920 0.000000 0.911215 19.310043 -0.030709 1.959717 0.004185 
4749 1.200601 0.000000 0.911215 19.315318 -0.032862 1.946727 0.003780 
4750 1.188920 0.000000 0.922103 19.311023 -0.030094 1.927853 0.004413 
4751 4.003851 0.000000 1.074534 19.478731 -0.433941 1.993556 -0.013960 
4752 4.050572 0.000000 1.074534 19.485227 -0.419342 2.004453 -0.014711 
4753 4.003851 0.000000 1.118085 19.490741 -0.499008 1.915480 -0.014551 
4754 3.980491 0.000000 1.009206 19.453890 -0.354555 2.092222 -0.012304 
4755 3.980491 0.000000 0.987431 19.447854 -0.326340 2.113322 -0.011867 
4756 4.003851 0.000000 1.009206 19.460053 -0.350446 2.098971 -0.013005 
4757 3.980491 0.000000 1.030982 19.461020 -0.381345 2.055431 -0.012686 
4758 4.027212 0.000000 1.009206 19.466265 -0.345776 2.104862 -0.013701 
4759 4.027212 0.000000 0.987431 19.461610 -0.318950 2.123512 -0.013383 
4760 4.050572 0.000000 1.009206 19.471983 -0.340419 2.109818 -0.014335 
4761 4.027212 0.000000 1.030982 19.471444 -0.371148 2.068912 -0.013885 
4762 4.097293 0.000000 1.074534 19.492505 -0.403482 2.011441 -0.015501 
4763 4.144014 0.000000 1.074534 19.499447 -0.387253 2.014241 -0.016212 
4764 4.097293 0.000000 1.118085 19.496214 -0.463966 1.931712 -0.015191 
4765 4.073932 0.000000 1.009206 19.478533 -0.334539 2.114493 -0.015051 
4766 4.073932 0.000000 0.987431 19.475186 -0.309025 2.131487 -0.014853 
4767 4.097293 0.000000 1.009206 19.484277 -0.328768 2.117989 -0.015671 
4768 4.073932 0.000000 1.030982 19.482063 -0.358585 2.079095 -0.015066 
4769 4.120653 0.000000 1.009206 19.490141 -0.322450 2.120826 -0.016296 
4770 4.120653 0.000000 0.987431 19.488148 -0.297230 2.136473 -0.016226 
4771 4.144014 0.000000 1.009206 19.496003 -0.315751 2.123122 -0.016915 
4772 4.120653 0.000000 1.030982 19.492705 -0.344960 2.085465 -0.016207 
4773 4.190735 0.000000 1.074534 19.506471 -0.371653 2.013822 -0.016901 
4774 4.237455 0.000000 1.074534 19.514839 -0.358160 2.010566 -0.017703 
4775 4.190735 0.000000 1.118085 19.503756 -0.429047 1.931722 -0.015886 
4776 4.167374 0.000000 1.009206 19.501786 -0.309849 2.124542 -0.017517 
4777 4.167374 0.000000 0.987431 19.501096 -0.284580 2.139138 -0.017571 
4778 4.190735 0.000000 1.009206 19.507447 -0.303958 2.124800 -0.018094 
4779 4.167374 0.000000 1.030982 19.502559 -0.330517 2.089076 -0.017237 
4780 4.214095 0.000000 1.009206 19.513226 -0.299925 2.123153 -0.018666 
4781 4.237455 0.000000 1.009206 19.519810 -0.292938 2.109866 -0.019185 
4782 4.214095 0.000000 1.030982 19.512925 -0.316903 2.089740 -0.018290 
4783 4.284176 0.000000 1.074534 19.523524 -0.346756 2.005271 -0.018522 
4784 4.330897 0.000000 1.074534 19.533249 -0.337965 1.998164 -0.019435 
4785 4.284176 0.000000 1.118085 19.516477 -0.402777 1.920871 -0.017030 
4786 4.260816 0.000000 1.009206 19.524384 -0.273694 2.120055 -0.019742 
4787 4.284176 0.000000 1.009206 19.529668 -0.271591 2.122139 -0.020308 
4788 4.260816 0.000000 1.030982 19.523173 -0.304837 2.088117 -0.019310 
4789 4.307537 0.000000 1.009206 19.534879 -0.267939 2.121260 -0.020831 
4790 4.330897 0.000000 1.009206 19.540162 -0.264329 2.119503 -0.021352 
4791 4.307537 0.000000 1.030982 19.533331 -0.294749 2.084958 -0.020308 
4792 4.377618 0.000000 1.074534 19.543682 -0.331901 1.990697 -0.020423 
4793 4.424339 0.000000 1.074534 19.555675 -0.328793 1.983168 -0.021578 
4794 4.377618 0.000000 1.118085 19.535232 -0.388232 1.902941 -0.018754 
4795 4.354257 0.000000 1.009206 19.545524 -0.260796 2.117840 -0.021883 
4796 4.377618 0.000000 1.009206 19.550706 -0.257807 2.116347 -0.022397 
4797 4.354257 0.000000 1.030982 19.543738 -0.287407 2.081110 -0.021329 
4798 4.400978 0.000000 1.009206 19.555990 -0.255397 2.114712 -0.022922 
4799 4.424339 0.000000 1.009206 19.561446 -0.253639 2.112970 -0.023464 
4800 4.400978 0.000000 1.030982 19.554568 -0.282195 2.077484 -0.022401 
4801 4.471060 0.000000 1.074534 19.568941 -0.328462 1.976458 -0.022879 
4802 4.517780 0.000000 1.074534 19.583423 -0.330850 1.971136 -0.024327 
4803 4.471060 0.000000 1.118085 19.561499 -0.385299 1.883192 -0.021265 
4804 4.447699 0.000000 1.009206 19.567065 -0.252717 2.111975 -0.024033 
4805 4.471060 0.000000 1.009206 19.572628 -0.252358 2.111550 -0.024604 
4806 4.447699 0.000000 1.030982 19.566243 -0.279909 2.074643 -0.023573 
4807 4.494420 0.000000 1.009206 19.578243 -0.253595 2.111342 -0.025184 
4808 4.517780 0.000000 1.009206 19.583507 -0.254870 2.112017 -0.025738 
4809 4.494420 0.000000 1.030982 19.578359 -0.281360 2.073128 -0.024813 
4810 4.564501 0.000000 1.074534 19.597506 -0.336067 1.968085 -0.025763 
4811 4.611222 0.000000 1.074534 19.612219 -0.345686 1.966985 -0.027293 
4812 4.564501 0.000000 1.118085 19.593656 -0.391705 1.865679 -0.024433 
4813 4.541141 0.000000 1.009206 19.589431 -0.257725 2.112953 -0.026366 
4814 4.564501 0.000000 1.009206 19.595118 -0.261391 2.114851 -0.026981 
4815 4.541141 0.000000 1.030982 19.590368 -0.286106 2.074158 -0.026074 
4816 4.657943 0.000000 1.074534 19.626171 -0.359248 1.968047 -0.028777 
4817 4.657943 0.000000 1.118085 19.625266 -0.407426 1.854395 -0.027632 
4818 4.634583 0.000000 1.009206 19.611982 -0.281310 2.124631 -0.028867 
4819 4.611222 0.000000 1.009206 19.606167 -0.273302 2.120730 -0.028209 
4820 4.657943 0.000000 1.009206 19.617273 -0.290943 2.129350 -0.029484 
4821 4.634583 0.000000 1.030982 19.615430 -0.317325 2.078322 -0.028767 
4822 4.681303 0.000000 1.052758 19.630782 -0.348331 2.030108 -0.029891 
4823 4.657943 0.000000 1.052758 19.624731 -0.338301 2.027203 -0.029214 
4824 4.681303 0.000000 1.030982 19.627067 -0.318590 2.090119 -0.030107 
4825 4.704664 0.000000 1.052758 19.636695 -0.359798 2.033601 -0.030564 
4826 4.681303 0.000000 1.074534 19.632984 -0.367948 1.969302 -0.029514 
4827 4.728024 0.000000 1.052758 19.641730 -0.373132 2.037424 -0.031153 
4828 4.728024 0.000000 1.030982 19.637242 -0.349955 2.101802 -0.031347 
4829 4.728024 0.000000 1.074534 19.644580 -0.389864 1.972792 -0.030798 
4830 9.236586 0.000000 1.161637 19.347226 0.523338 1.821397 0.001047 
4831 9.283306 0.000000 1.161637 19.363105 0.524894 1.806184 -0.000437 
4832 9.236586 0.000000 1.205188 19.329772 0.543116 1.910237 0.001899 
4833 9.166504 0.000000 1.139861 19.334397 0.478464 1.781584 0.002856 
4834 9.143144 0.000000 1.139861 19.328393 0.475289 1.790290 0.003396 
4835 9.166504 0.000000 1.118085 19.341714 0.421037 1.737551 0.002655 
4836 9.189865 0.000000 1.139861 19.340725 0.480564 1.773329 0.002282 
4837 9.166504 0.000000 1.161637 19.326089 0.512807 1.847032 0.002988 
4838 9.376748 0.000000 1.292291 19.349152 0.056102 2.213213 -0.002613 
4839 9.376748 0.000000 1.379395 19.378122 -0.456469 1.509549 0.000803 
4840 9.330027 0.000000 1.161637 19.380112 0.522474 1.793460 -0.002051 
4841 9.376748 0.000000 1.161637 19.397622 0.515846 1.783798 -0.003736 
4842 9.330027 0.000000 1.205188 19.367134 0.564272 1.867509 -0.001558 
4843 9.259946 0.000000 1.139861 19.361623 0.481824 1.751354 0.000345 
4844 9.236586 0.000000 1.139861 19.354406 0.482140 1.758203 0.001020 
4845 9.259946 0.000000 1.118085 19.367279 0.417919 1.712571 0.000273 
4846 9.283306 0.000000 1.139861 19.369133 0.480917 1.745026 -0.000363 
4847 9.259946 0.000000 1.161637 19.355014 0.524631 1.813533 0.000322 
4848 9.423469 0.000000 1.161637 19.414359 0.505569 1.777596 -0.005367 
4849 9.470190 0.000000 1.161637 19.430212 0.491893 1.773996 -0.006925 
4850 9.423469 0.000000 1.205188 19.408988 0.553493 1.839558 -0.005542 
4851 9.353388 0.000000 1.139861 19.392902 0.474507 1.729756 -0.002642 
4852 9.330027 0.000000 1.139861 19.384851 0.477208 1.734138 -0.001863 
4853 9.353388 0.000000 1.118085 19.396627 0.406935 1.693664 -0.002540 
4854 9.376748 0.000000 1.139861 19.400888 0.471329 1.726105 -0.003419 
4855 9.353388 0.000000 1.161637 19.388932 0.519680 1.788241 -0.002897 
4856 9.516911 0.000000 1.161637 19.445395 0.475192 1.760548 -0.008317 
4857 9.516911 0.000000 1.205188 19.444290 0.520877 1.824910 -0.008933 
4858 9.446829 0.000000 1.139861 19.423014 0.460876 1.719995 -0.005609 
4859 9.423469 0.000000 1.139861 19.415928 0.464319 1.721191 -0.004900 
4860 9.446829 0.000000 1.118085 19.425064 0.391297 1.678223 -0.005287 
4861 9.470190 0.000000 1.139861 19.429757 0.457544 1.719899 -0.006292 
4862 9.446829 0.000000 1.161637 19.422351 0.499253 1.775629 -0.006152 
4863 9.610352 0.000000 1.248740 19.463434 0.432690 1.941917 -0.011845 
4864 9.563631 0.000000 1.248740 19.447673 0.453684 1.965136 -0.010513 
4865 9.610352 0.000000 1.292291 19.433748 0.161862 2.068971 -0.009714 
4866 9.586992 0.000000 1.183413 19.467406 0.474112 1.804732 -0.010994 
4867 9.563631 0.000000 1.183413 19.460265 0.483427 1.803895 -0.010275 
4868 9.586992 0.000000 1.161637 19.466195 0.468629 1.780127 -0.010623 
4869 9.610352 0.000000 1.183413 19.474245 0.464378 1.805780 -0.011684 
4870 9.586992 0.000000 1.205188 19.467299 0.489247 1.818814 -0.011157 
4871 8.535773 0.000000 1.902013 18.064120 -3.752750 0.791154 0.098548 
4872 8.348890 0.000000 1.902013 18.649279 -3.349186 2.091934 0.039423 
4873 8.722656 0.000000 1.902013 19.081237 -6.659576 2.014641 -0.090403 
4874 8.535773 0.000000 2.076219 19.556220 0.927634 0.542627 -0.014005 
4875 8.162006 0.000000 1.902013 19.083578 -1.838756 1.542420 0.022097 
4876 7.975123 0.000000 1.902013 19.306571 -1.050499 1.084624 0.008667 
4877 8.162006 0.000000 2.076219 20.042840 -6.559406 1.096592 -0.178802 
4878 8.442331 0.000000 1.814910 18.950402 5.793907 4.997515 -0.104043 
4879 8.348890 0.000000 1.814910 25.002565 25.741362 -10.347611 -2.687047 
4880 8.442331 0.000000 1.727807 19.293315 0.082706 1.456999 0.010417 
4881 8.535773 0.000000 1.814910 18.557829 2.784506 2.562390 0.051784 
4882 8.442331 0.000000 1.902013 18.131592 -4.086018 1.686955 0.079319 
4883 8.255448 0.000000 1.814910 19.405284 -4.337733 -4.089033 -0.089343 
4884 8.162006 0.000000 1.814910 19.155262 -2.326889 -0.674226 0.014564 
4885 8.255448 0.000000 1.727807 19.707948 0.535502 1.179588 -0.031136 
4886 8.255448 0.000000 1.902013 18.909862 -2.499506 1.869813 0.029014 
4887 8.348890 0.000000 2.773044 19.443131 0.106765 0.139948 0.000624 
4888 7.975123 0.000000 2.773044 19.415918 0.123196 0.114962 0.003426 
4889 8.722656 0.000000 2.773044 19.462091 0.082728 0.131453 -0.001307 
4890 8.348890 0.000000 3.121456 19.446614 0.055930 0.082066 0.000322 
4891 8.535773 0.000000 2.250426 19.526640 0.429955 0.405558 -0.008820 
4892 8.348890 0.000000 2.250426 19.495419 0.729532 0.500277 -0.006744 
4893 8.722656 0.000000 2.250426 19.508794 0.252030 0.363940 -0.006573 
4894 8.535773 0.000000 2.424632 19.480987 0.228045 0.271472 -0.003521 
4895 8.442331 0.000000 1.989116 16.765997 0.041587 -3.793723 0.218898 
4896 8.348890 0.000000 1.989116 18.030775 -5.206546 0.932604 0.066655 
4897 8.535773 0.000000 1.989116 18.965690 0.577069 -0.242328 0.048145 
4898 8.442331 0.000000 2.076219 19.649336 1.842578 0.461995 -0.030141 
4899 8.395610 0.000000 1.858462 18.349690 -6.164750 2.557394 -0.007806 
4900 8.348890 0.000000 1.858462 18.482952 -5.271667 2.008715 0.012840 
4901 8.395610 0.000000 1.814910 19.688638 10.825885 6.192408 -0.435857 
4902 8.442331 0.000000 1.858462 18.200068 -7.020915 3.213831 -0.033206 
4903 8.395610 0.000000 1.902013 18.424147 -3.786076 2.021782 0.054008 
4904 8.442331 0.000000 1.640704 19.376057 -0.266126 1.241566 0.003327 
4905 8.348890 0.000000 1.640704 19.463998 -0.190679 1.266029 -0.005773 
4906 8.442331 0.000000 1.553601 19.412562 -0.304172 1.224963 -0.000365 
4907 8.535773 0.000000 1.640704 19.291580 -0.324658 1.154820 0.012420 
4908 8.395610 0.000000 1.771358 19.412745 1.253662 1.821507 -0.009098 
4909 8.348890 0.000000 1.771358 19.659392 1.660137 1.606873 -0.035758 
4910 8.395610 0.000000 1.727807 19.394562 0.200755 1.494599 -0.000319 
4911 8.442331 0.000000 1.771358 19.219693 0.911307 1.803947 0.012744 
4912 8.909540 0.000000 1.902013 19.276670 9.460485 -0.788415 -0.220485 
4913 9.096423 0.000000 1.902013 19.632914 3.070160 0.985003 -0.046378 
4914 8.909540 0.000000 2.076219 19.473493 -0.402445 0.751451 -0.004338 
4915 8.629215 0.000000 1.814910 18.631808 1.794929 1.240400 0.069780 
4916 8.629215 0.000000 1.727807 19.042947 -0.120729 0.968789 0.038899 
4917 8.722656 0.000000 1.814910 18.893868 1.425072 0.731918 0.049584 
4918 8.629215 0.000000 1.902013 18.707212 -3.985275 1.157090 0.029398 
4919 8.489052 0.000000 1.858462 17.974288 -7.985279 4.192893 -0.069039 
4920 8.489052 0.000000 1.814910 18.660921 3.835484 3.645512 0.005477 
4921 8.535773 0.000000 1.858462 17.545213 -9.142160 6.595199 -0.149636 
4922 8.489052 0.000000 1.902013 17.943907 -4.048144 1.145495 0.102085 
4923 8.418971 0.000000 1.836686 16.799452 -13.848484 10.777385 -0.560006 
4924 8.395610 0.000000 1.836686 17.232727 -13.757459 6.122214 -0.384384 
4925 8.418971 0.000000 1.814910 19.219259 7.594978 5.716203 -0.215267 
4926 8.442331 0.000000 1.836686 16.467417 -11.164512 15.588600 -0.688666 
4927 8.418971 0.000000 1.858462 18.279708 -6.592597 2.871853 -0.019971 
4928 8.489052 0.000000 1.771358 19.069835 0.650111 1.653000 0.030369 
4929 8.489052 0.000000 1.727807 19.202910 -0.014013 1.370457 0.020281 
4930 8.535773 0.000000 1.771358 18.963226 0.468530 1.433051 0.043419 
4931 8.629215 0.000000 1.989116 19.258552 -0.146949 0.624195 0.018502 
4932 8.722656 0.000000 1.989116 19.363132 -0.692029 0.922862 0.005395 
4933 8.629215 0.000000 2.076219 19.498430 0.456598 0.648687 -0.006650 
4934 8.582494 0.000000 1.858462 16.284282 -7.902603 13.524014 -0.349523 
4935 8.582494 0.000000 1.814910 18.559641 2.161366 1.773545 0.068795 
4936 8.629215 0.000000 1.858462 15.781920 6.258371 14.992498 -0.356087 
4937 8.582494 0.000000 1.902013 18.385812 -3.642033 0.848512 0.069468 
4938 8.512412 0.000000 1.836686 16.822918 4.764082 13.350653 -0.279259 
4939 8.489052 0.000000 1.836686 16.374163 0.829194 17.207099 -0.493210 
4940 8.512412 0.000000 1.814910 18.594070 3.239108 3.065385 0.033504 
4941 8.535773 0.000000 1.836686 17.264235 6.058130 9.394927 -0.118204 
4942 8.512412 0.000000 1.858462 17.802218 -8.557432 5.089866 -0.099795 
4943 8.629215 0.000000 1.640704 19.228498 -0.344937 1.025066 0.019555 
4944 8.629215 0.000000 1.553601 19.325939 -0.358359 1.119885 0.009062 
4945 8.722656 0.000000 1.640704 19.203364 -0.317191 0.887445 0.022852 
4946 8.582494 0.000000 1.771358 18.902641 0.364764 1.194330 0.051369 
4947 8.582494 0.000000 1.727807 19.072897 -0.118967 1.110125 0.035106 
4948 8.629215 0.000000 1.771358 18.889221 0.329319 0.975134 0.054032 
4949 8.816098 0.000000 1.814910 19.124078 1.163969 0.636943 0.028579 
4950 8.816098 0.000000 1.727807 19.150401 0.046729 0.630036 0.029515 
4951 8.909540 0.000000 1.814910 19.282050 0.948609 0.645638 0.013715 
4952 8.816098 0.000000 1.902013 17.610700 -34.073365 14.886046 -3.474528 
4953 8.675935 0.000000 1.858462 17.635191 8.613222 5.233738 -0.090608 
4954 8.675935 0.000000 1.814910 18.752050 1.578754 0.907372 0.061716 
4955 8.722656 0.000000 1.858462 18.526604 6.149241 2.026008 -0.018108 
4956 8.675935 0.000000 1.902013 18.959276 -4.884088 1.529104 -0.019413 
4957 8.605854 0.000000 1.836686 18.112336 4.679862 3.155775 0.048601 
4958 8.582494 0.000000 1.836686 17.892741 5.336162 4.454449 0.025999 
4959 8.605854 0.000000 1.814910 18.588849 1.952974 1.478558 0.070729 
4960 8.629215 0.000000 1.836686 18.286222 4.111235 2.304141 0.057375 
4961 8.605854 0.000000 1.858462 15.485873 -1.779798 17.391904 -0.441857 
4962 9.096423 0.000000 2.773044 19.466447 0.061179 0.117035 -0.001738 
4963 9.470190 0.000000 2.773044 19.464499 0.046819 0.105112 -0.001526 
4964 9.096423 0.000000 3.121456 19.457714 0.041770 0.074750 -0.000813 
4965 8.909540 0.000000 2.250426 19.490946 0.122264 0.358189 -0.004593 
4966 9.096423 0.000000 2.250426 19.483951 0.030327 0.363841 -0.003846 
4967 8.909540 0.000000 2.424632 19.484578 0.119783 0.228546 -0.003735 
4968 8.816098 0.000000 1.989116 19.437848 -1.185087 1.018421 -0.005205 
4969 8.909540 0.000000 1.989116 19.495711 -1.732956 0.960163 -0.015081 
4970 8.816098 0.000000 2.076219 19.470936 -0.095976 0.785270 -0.003808 
4971 8.769377 0.000000 1.858462 18.890441 4.422593 1.156975 0.001469 
4972 8.769377 0.000000 1.814910 19.021285 1.289975 0.660125 0.038047 
4973 8.816098 0.000000 1.858462 19.069427 3.347792 0.856066 0.007187 
4974 8.769377 0.000000 1.902013 19.048470 -10.903505 3.312279 -0.302402 
4975 8.675935 0.000000 1.945565 19.162746 -1.598460 0.843460 0.020685 
4976 8.629215 0.000000 1.945565 18.993981 -1.294272 0.599436 0.040964 
4977 8.722656 0.000000 1.945565 19.271140 -1.968239 0.986930 0.005492 
4978 8.675935 0.000000 1.989116 19.318722 -0.433595 0.809624 0.011224 
4979 8.699296 0.000000 1.880237 16.733812 -14.216149 15.868245 -0.940036 
4980 8.675935 0.000000 1.880237 17.944013 -11.570973 8.319283 -0.388004 
4981 8.699296 0.000000 1.858462 18.178486 7.342801 3.098415 -0.041427 
4982 8.722656 0.000000 1.880237 13.402958 -4.382425 32.251303 -2.275134 
4983 8.699296 0.000000 1.902013 19.039069 -5.619383 1.735671 -0.049626 
4984 9.283306 0.000000 1.902013 19.730623 2.231057 1.538223 -0.048476 
4985 9.470190 0.000000 1.902013 20.178932 2.163214 2.729670 -0.108425 
4986 9.283306 0.000000 2.076219 19.468344 -0.865574 0.908634 -0.006050 
4987 9.002981 0.000000 1.814910 19.401320 0.791260 0.708854 0.002016 
4988 9.002981 0.000000 1.727807 19.340128 0.130427 0.641711 0.010132 
4989 9.096423 0.000000 1.814910 19.473126 0.684412 0.803267 -0.005323 
4990 9.002981 0.000000 1.902013 19.615244 4.387622 0.362188 -0.068299 
4991 8.862819 0.000000 1.858462 19.186731 2.654464 0.729154 0.006857 
4992 8.862819 0.000000 1.814910 19.208570 1.049212 0.634634 0.020697 
4993 8.909540 0.000000 1.858462 19.285489 2.188425 0.679189 0.002966 
4994 8.862819 0.000000 1.902013 18.519584 25.212353 -0.877001 -1.588952 
4995 8.769377 0.000000 1.945565 19.354087 -2.421394 1.070191 -0.008688 
4996 8.816098 0.000000 1.945565 19.442937 -3.021282 1.087501 -0.026529 
4997 8.769377 0.000000 1.989116 19.401178 -0.937683 0.989354 0.000102 
4998 8.792738 0.000000 1.880237 18.443849 10.757049 2.787812 -0.225637 
4999 8.769377 0.000000 1.880237 17.532894 15.277153 6.556807 -0.543171 
5000 8.792738 0.000000 1.858462 18.992173 3.823713 0.972190 0.005376 
5001 8.816098 0.000000 1.880237 18.805030 8.021679 1.518306 -0.110967 
5002 8.792738 0.000000 1.902013 18.883001 -16.431443 5.359352 -0.732166 
5003 9.283306 0.000000 2.250426 19.490067 -0.017357 0.364904 -0.004477 
5004 9.470190 0.000000 2.250426 19.504692 -0.004775 0.338926 -0.005935 
5005 9.283306 0.000000 2.424632 19.481014 0.056420 0.211147 -0.003318 
5006 9.189865 0.000000 1.989116 19.219343 -4.359449 1.695373 -0.034258 
5007 9.096423 0.000000 1.989116 19.331203 -3.372315 1.037587 -0.020729 
5008 9.189865 0.000000 1.902013 19.645147 2.497751 1.264621 -0.040886 
5009 9.283306 0.000000 1.989116 19.168823 -4.475982 3.077304 -0.049287 
5010 9.189865 0.000000 2.076219 19.456600 -0.834923 0.845159 -0.004410 
5011 9.002981 0.000000 1.989116 19.445696 -2.436477 0.851401 -0.017166 
5012 9.002981 0.000000 2.076219 19.464267 -0.582044 0.765644 -0.003913 
5013 9.189865 0.000000 1.814910 19.518303 0.614536 0.896395 -0.010158 
5014 9.189865 0.000000 1.727807 19.447890 0.123044 0.752915 -0.001322 
5015 9.283306 0.000000 1.814910 19.562292 0.573686 0.996821 -0.015077 
5016 9.143144 0.000000 1.945565 19.938248 18.132474 5.590544 -1.002563 
5017 9.096423 0.000000 1.945565 23.053144 52.068872 -6.443305 -7.681230 
5018 9.143144 0.000000 1.902013 19.628659 2.735311 1.146612 -0.041708 
5019 9.189865 0.000000 1.945565 19.788559 11.060814 4.895576 -0.421866 
5020 9.143144 0.000000 1.989116 19.290485 -3.876212 1.298709 -0.027840 
5021 9.049702 0.000000 1.945565 21.354417 -27.027810 -19.777573 -3.170382 
5022 9.002981 0.000000 1.945565 20.009409 -11.830853 -3.654148 -0.463639 
5023 9.049702 0.000000 1.902013 19.635979 3.572377 0.737601 -0.054388 
5024 9.049702 0.000000 1.989116 19.386922 -2.880147 0.889697 -0.017544 
5025 9.189865 0.000000 2.163322 19.483710 -0.250788 0.577153 -0.004516 
5026 9.096423 0.000000 2.163322 19.479633 -0.202712 0.564639 -0.004001 
5027 9.283306 0.000000 2.163322 19.493771 -0.271853 0.586114 -0.005609 
5028 9.189865 0.000000 2.250426 19.485468 0.000244 0.366056 -0.004005 
5029 9.143144 0.000000 2.032668 19.417718 -1.448854 1.031341 -0.005044 
5030 9.096423 0.000000 2.032668 19.424435 -1.328698 0.977635 -0.004566 
5031 9.189865 0.000000 2.032668 19.409483 -1.546960 1.099615 -0.005360 
5032 9.143144 0.000000 2.076219 19.455690 -0.790309 0.819316 -0.004011 
5033 9.119783 0.000000 1.967340 19.008256 -8.881880 1.536775 -0.169866 
5034 9.096423 0.000000 1.967340 19.128351 -7.642700 0.920462 -0.123841 
5035 9.119783 0.000000 1.945565 20.444402 26.994458 5.058065 -2.098733 
5036 9.143144 0.000000 1.967340 18.878236 -10.230591 2.529654 -0.235656 
5037 9.119783 0.000000 1.989116 19.309888 -3.625223 1.155480 -0.023914 
5038 9.657073 0.000000 1.902013 20.651766 0.207811 4.054213 -0.170955 
5039 9.843957 0.000000 1.902013 20.066151 -0.017226 2.157521 -0.076666 
5040 9.657073 0.000000 2.076219 19.593015 -0.221224 0.836624 -0.016740 
5041 9.376748 0.000000 1.989116 19.467013 -3.186836 3.368117 -0.058583 
5042 9.376748 0.000000 1.902013 19.879816 2.190148 1.962231 -0.067543 
5043 9.470190 0.000000 1.989116 19.685794 -2.014981 2.827185 -0.056254 
5044 9.376748 0.000000 2.076219 19.505305 -0.798583 0.958044 -0.009807 
5045 9.236586 0.000000 1.945565 19.894441 7.906570 4.638567 -0.268347 
5046 9.236586 0.000000 1.902013 19.682477 2.330141 1.388255 -0.043495 
5047 9.283306 0.000000 1.945565 20.044878 6.258390 4.958771 -0.230639 
5048 9.236586 0.000000 1.989116 19.128947 -4.668678 2.365668 -0.039669 
5049 9.236586 0.000000 2.032668 19.401850 -1.608520 1.191732 -0.005649 
5050 9.283306 0.000000 2.032668 19.409418 -1.610660 1.298986 -0.007149 
5051 9.236586 0.000000 2.076219 19.459753 -0.861567 0.875685 -0.004992 
5052 9.213225 0.000000 1.967340 17.988639 -12.397933 10.332829 -0.543916 
5053 9.189865 0.000000 1.967340 18.320560 -12.685266 6.627096 -0.428691 
5054 9.213225 0.000000 1.945565 19.823547 9.202950 4.671228 -0.320339 
5055 9.236586 0.000000 1.967340 18.051000 -9.792075 13.338885 -0.585105 
5056 9.213225 0.000000 1.989116 19.166561 -4.558934 1.995507 -0.036533 
5057 9.376748 0.000000 1.814910 19.621357 0.560998 1.126395 -0.021884 
5058 9.376748 0.000000 1.727807 19.518970 0.092759 0.885984 -0.009202 
5059 9.470190 0.000000 1.814910 19.718451 0.577306 1.321126 -0.033289 
5060 9.330027 0.000000 1.945565 20.197348 5.056134 5.576190 -0.228095 
5061 9.330027 0.000000 1.902013 19.792493 2.190662 1.723938 -0.056070 
5062 9.376748 0.000000 1.945565 20.368902 3.774739 6.229858 -0.236978 
5063 9.330027 0.000000 1.989116 19.314194 -3.873652 3.416297 -0.056600 
5064 9.330027 0.000000 1.858462 19.662065 1.083796 1.262004 -0.029240 
5065 9.283306 0.000000 1.858462 19.624566 1.094029 1.172553 -0.024829 
5066 9.330027 0.000000 1.814910 19.588748 0.563877 1.056295 -0.018108 
5067 9.376748 0.000000 1.858462 19.711765 1.091900 1.371668 -0.035223 
5068 9.306667 0.000000 1.923789 19.877718 3.413639 2.283194 -0.089048 
5069 9.283306 0.000000 1.923789 19.835705 3.506681 2.118278 -0.084421 
5070 9.306667 0.000000 1.902013 19.759196 2.204565 1.625809 -0.051881 
5071 9.330027 0.000000 1.923789 19.926968 3.340307 2.471090 -0.095282 
5072 9.306667 0.000000 1.945565 20.117676 5.643359 5.245118 -0.226742 
5073 9.843957 0.000000 2.773044 19.459347 0.039625 0.096845 -0.000990 
5074 10.217723 0.000000 2.773044 19.454386 0.036174 0.093421 -0.000478 
5075 9.843957 0.000000 3.121456 19.455484 0.032414 0.064620 -0.000578 
5076 9.657073 0.000000 2.250426 19.502679 0.018849 0.297316 -0.005659 
5077 9.843957 0.000000 2.250426 19.487052 0.037916 0.261585 -0.003998 
5078 9.657073 0.000000 2.424632 19.476338 0.040428 0.183517 -0.002803 
5079 9.563631 0.000000 1.989116 19.806936 -1.236934 2.171635 -0.053550 
5080 9.563631 0.000000 1.902013 20.613926 1.598557 3.896258 -0.170149 
5081 9.657073 0.000000 1.989116 19.783142 -0.673929 1.694663 -0.043342 
5082 9.563631 0.000000 2.076219 19.591422 -0.376018 0.939650 -0.017303 
5083 9.423469 0.000000 1.945565 20.507885 2.212925 6.538607 -0.237697 
5084 9.423469 0.000000 1.902013 20.008060 2.198217 2.285046 -0.084783 
5085 9.470190 0.000000 1.945565 20.559584 0.643416 6.157343 -0.218663 
5086 9.423469 0.000000 1.989116 19.579635 -2.559625 3.127152 -0.056543 
5087 9.563631 0.000000 1.814910 19.892927 0.626066 1.641961 -0.054227 
5088 9.563631 0.000000 1.727807 19.642131 0.044986 1.109769 -0.023115 
5089 9.657073 0.000000 1.814910 20.193768 0.668753 2.187210 -0.091770 
5090 9.423469 0.000000 1.858462 19.779236 1.116771 1.513334 -0.043492 
5091 9.423469 0.000000 1.814910 19.663379 0.565206 1.212547 -0.026793 
5092 9.470190 0.000000 1.858462 19.868998 1.157352 1.700964 -0.054737 
5093 9.400109 0.000000 1.923789 20.143675 3.115747 3.210731 -0.125513 
5094 9.376748 0.000000 1.923789 20.056905 3.206948 2.931246 -0.113279 
5095 9.400109 0.000000 1.902013 19.938114 2.195992 2.110335 -0.075341 
5096 9.423469 0.000000 1.923789 20.245788 2.977564 3.524949 -0.139784 
5097 9.400109 0.000000 1.945565 20.447067 3.026766 6.457641 -0.239603 
5098 9.516911 0.000000 1.858462 19.988992 1.211138 1.948603 -0.070106 
5099 9.516911 0.000000 1.814910 19.792256 0.598234 1.460280 -0.042086 
5100 9.563631 0.000000 1.858462 20.151885 1.258259 2.274290 -0.091333 
5101 9.516911 0.000000 1.902013 20.389330 2.011993 3.296662 -0.138351 
5102 9.516911 0.000000 1.945565 20.526092 -0.510667 5.296377 -0.188554 
5103 9.563631 0.000000 1.945565 20.383381 -1.063728 4.298575 -0.150115 
5104 9.516911 0.000000 1.989116 19.774788 -1.585286 2.489568 -0.056703 
5105 9.493550 0.000000 1.880237 20.064199 1.625968 2.224603 -0.084224 
5106 9.470190 0.000000 1.880237 19.990521 1.605809 2.054213 -0.074324 
5107 9.493550 0.000000 1.858462 19.924395 1.183152 1.816250 -0.061796 
5108 9.516911 0.000000 1.880237 20.149353 1.639495 2.420146 -0.095794 
5109 9.493550 0.000000 1.902013 20.278832 2.109178 2.999871 -0.122591 
5110 10.030840 0.000000 1.902013 19.695249 0.120928 1.272817 -0.029699 
5111 10.217723 0.000000 1.902013 19.530335 0.075222 1.016979 -0.011027 
5112 10.030840 0.000000 2.076219 19.503214 0.011647 0.557314 -0.006301 
5113 9.750515 0.000000 1.814910 20.548566 0.624718 2.888113 -0.139234 
5114 9.750515 0.000000 1.727807 19.964967 -0.067484 1.699408 -0.061300 
5115 9.843957 0.000000 1.814910 20.664759 0.551264 3.179902 -0.156344 
5116 9.750515 0.000000 1.902013 20.344593 -0.164192 3.035928 -0.118540 
5117 9.610352 0.000000 1.858462 20.354007 1.244569 2.683617 -0.118249 
5118 9.610352 0.000000 1.814910 20.027191 0.653660 1.881573 -0.070720 
5119 9.657073 0.000000 1.858462 20.551015 1.103730 3.113379 -0.145262 
5120 9.610352 0.000000 1.902013 20.725665 0.879030 4.227530 -0.184761 
5121 9.750515 0.000000 1.640704 19.675538 -0.257899 1.198827 -0.027301 
5122 9.657073 0.000000 1.640704 19.592704 -0.190644 1.045310 -0.017712 
5123 9.750515 0.000000 1.553601 19.551512 -0.311128 1.108026 -0.013967 
5124 9.843957 0.000000 1.640704 19.788303 -0.360742 1.441515 -0.040926 
5125 9.703794 0.000000 1.771358 20.071740 0.229128 1.905079 -0.074687 
5126 9.657073 0.000000 1.771358 19.935014 0.239956 1.652923 -0.057869 
5127 9.703794 0.000000 1.727807 19.856531 -0.029814 1.490391 -0.048114 
5128 9.750515 0.000000 1.771358 20.230911 0.218837 2.212921 -0.094983 
5129 9.703794 0.000000 1.814910 20.378005 0.659736 2.542042 -0.115933 
5130 9.937398 0.000000 1.814910 20.403918 0.558840 2.742556 -0.121203 
5131 9.937398 0.000000 1.727807 20.505269 0.013736 2.931045 -0.134164 
5132 10.030840 0.000000 1.814910 20.041260 0.524206 2.137899 -0.074530 
5133 9.937398 0.000000 1.902013 19.847443 0.093718 1.596662 -0.048048 
5134 9.797236 0.000000 1.771358 20.398231 0.221791 2.555240 -0.117271 
5135 9.797236 0.000000 1.727807 20.093145 -0.106372 1.961944 -0.077431 
5136 9.843957 0.000000 1.771358 20.543759 0.262747 2.875191 -0.137666 
5137 9.797236 0.000000 1.814910 20.657872 0.579349 3.130001 -0.154844 
5138 9.937398 0.000000 1.640704 19.938802 -0.493846 1.813852 -0.060236 
5139 9.937398 0.000000 1.553601 19.667375 -0.437945 1.370130 -0.027946 
5140 10.030840 0.000000 1.640704 20.157732 -0.516052 2.354356 -0.089455 
5141 9.890677 0.000000 1.684255 20.076976 -0.366950 2.024181 -0.076696 
5142 9.843957 0.000000 1.684255 19.966916 -0.312001 1.760317 -0.062308 
5143 9.890677 0.000000 1.640704 19.857529 -0.426277 1.608906 -0.049667 
5144 9.937398 0.000000 1.684255 20.200021 -0.390718 2.335254 -0.093429 
5145 9.890677 0.000000 1.727807 20.382393 -0.106350 2.616908 -0.116306 
5146 9.937398 0.000000 1.466498 19.551675 -0.374496 1.388304 -0.015948 
5147 9.843957 0.000000 1.466498 19.514112 -0.360714 1.313042 -0.011505 
5148 10.030840 0.000000 1.466498 19.593262 -0.393971 1.481820 -0.021000 
5149 10.124282 0.000000 1.640704 20.278321 -0.024530 2.890130 -0.109069 
5150 10.124282 0.000000 1.553601 19.849691 -0.506717 1.912553 -0.051870 
5151 10.217723 0.000000 1.640704 19.943377 0.604544 2.943531 -0.075246 
5152 10.124282 0.000000 1.727807 20.099319 0.893694 2.693659 -0.089174 
5153 9.984119 0.000000 1.597152 19.835256 -0.532649 1.663994 -0.048077 
5154 9.937398 0.000000 1.597152 19.771852 -0.475640 1.509560 -0.039991 
5155 9.984119 0.000000 1.553601 19.708000 -0.479351 1.468159 -0.033011 
5156 10.030840 0.000000 1.597152 19.913621 -0.568699 1.854751 -0.058190 
5157 9.984119 0.000000 1.640704 20.038954 -0.540972 2.062017 -0.073491 
5158 9.890677 0.000000 1.597152 19.720217 -0.417525 1.382710 -0.033493 
5159 9.843957 0.000000 1.597152 19.675895 -0.366290 1.277391 -0.028031 
5160 9.890677 0.000000 1.553601 19.632877 -0.398447 1.287833 -0.023697 
5161 9.984119 0.000000 1.684255 20.333345 -0.326951 2.673272 -0.112068 
5162 10.030840 0.000000 1.684255 20.440427 -0.100022 2.972972 -0.127827 
5163 9.984119 0.000000 1.727807 20.565883 0.261786 3.125722 -0.144043 
5164 9.960759 0.000000 1.618928 19.882918 -0.522482 1.730067 -0.053645 
5165 9.937398 0.000000 1.618928 19.845281 -0.490848 1.636845 -0.048778 
5166 9.960759 0.000000 1.597152 19.801764 -0.505136 1.582858 -0.043796 
5167 9.984119 0.000000 1.618928 19.925307 -0.549450 1.833253 -0.059154 
5168 9.960759 0.000000 1.640704 19.986104 -0.522397 1.932197 -0.066476 
5169 10.124282 0.000000 1.466498 19.625116 -0.405498 1.604440 -0.025327 
5170 10.217723 0.000000 1.466498 19.612878 -0.397618 1.737027 -0.025212 
5171 10.077561 0.000000 1.510049 19.686767 -0.468103 1.574930 -0.031630 
5172 10.030840 0.000000 1.510049 19.656604 -0.452427 1.482282 -0.027706 
5173 10.077561 0.000000 1.466498 19.612253 -0.401969 1.539326 -0.023444 
5174 10.124282 0.000000 1.510049 19.709360 -0.469906 1.684127 -0.034928 
5175 10.077561 0.000000 1.553601 19.807793 -0.530100 1.735475 -0.045834 
5176 10.311165 0.000000 1.466498 19.560435 -0.390162 1.816005 -0.020508 
5177 10.404607 0.000000 1.466498 19.519001 -0.391550 1.838562 -0.016449 
5178 10.311165 0.000000 1.553601 19.611883 -0.261202 2.415800 -0.032323 
5179 10.171002 0.000000 1.510049 19.711596 -0.454529 1.803074 -0.036220 
5180 10.171002 0.000000 1.466498 19.626465 -0.403367 1.673331 -0.026059 
5181 10.217723 0.000000 1.510049 19.683555 -0.429492 1.912385 -0.034315 
5182 10.171002 0.000000 1.553601 19.853184 -0.435186 2.103539 -0.054086 
5183 10.778373 0.000000 1.553601 19.468054 -0.282033 2.428527 -0.017658 
5184 10.965257 0.000000 1.553601 19.462027 -0.283762 2.424689 -0.016991 
5185 10.778373 0.000000 1.727807 19.463584 0.685068 2.185431 -0.015263 
5186 11.339023 0.000000 2.076219 19.453099 0.022680 0.370211 -0.000682 
5187 11.712790 0.000000 2.076219 19.450618 0.009421 0.377895 -0.000441 
5188 11.339023 0.000000 2.424632 19.450585 0.033349 0.157450 -0.000129 
5189 11.525907 0.000000 1.553601 19.454083 -0.284660 2.420343 -0.016119 
5190 11.339023 0.000000 1.553601 19.455881 -0.284678 2.421164 -0.016315 
5191 11.712790 0.000000 1.553601 19.451482 -0.279691 2.211832 -0.013291 
5192 11.525907 0.000000 1.727807 19.452141 0.798374 2.091731 -0.013471 
5193 12.460324 0.000000 3.121456 19.450009 0.029211 0.078434 -0.000019 
5194 13.207857 0.000000 3.121456 19.450316 0.034002 0.074126 -0.000050 
5195 12.460324 0.000000 3.818281 19.450332 0.016468 0.037205 -0.000038 
5196 12.086557 0.000000 2.076219 19.450129 0.009332 0.377814 -0.000391 
5197 12.460324 0.000000 2.076219 19.450076 0.009386 0.377680 -0.000385 
5198 12.086557 0.000000 2.424632 19.450125 0.033129 0.157060 -0.000081 
5199 11.899674 0.000000 1.553601 19.451090 -0.279850 2.211871 -0.013252 
5200 12.086557 0.000000 1.553601 19.450178 -0.318497 2.224616 -0.013368 
5201 11.899674 0.000000 1.727807 19.450386 0.650688 2.021082 -0.011957 
5202 12.273440 0.000000 1.553601 19.449457 -0.287434 2.234995 -0.013367 
5203 12.460324 0.000000 1.553601 19.449979 -0.272691 2.225255 -0.013284 
5204 12.273440 0.000000 1.727807 19.450075 0.693732 2.021308 -0.012080 
5205 12.834090 0.000000 2.076219 19.449965 0.009489 0.377654 -0.000374 
5206 13.207857 0.000000 2.076219 19.449987 0.226400 0.372052 -0.000500 
5207 12.834090 0.000000 2.424632 19.449979 0.033292 0.156915 -0.000066 
5208 13.020974 0.000000 1.553601 19.449929 -0.272609 2.225114 -0.013277 
5209 12.834090 0.000000 1.553601 19.449967 -0.272616 2.225203 -0.013282 
5210 13.207857 0.000000 1.553601 19.449915 -0.272531 2.225128 -0.013276 
5211 13.020974 0.000000 1.727807 19.449930 0.693846 2.021152 -0.012064 
5212 9.446829 0.000000 1.923789 20.356904 2.767499 3.864857 -0.155159 
5213 9.446829 0.000000 1.902013 20.088814 2.189781 2.490854 -0.095843 
5214 9.470190 0.000000 1.923789 20.468232 2.470667 4.208199 -0.170390 
5215 9.446829 0.000000 1.945565 20.544354 1.393736 6.432081 -0.230192 
5216 9.446829 0.000000 1.880237 19.926103 1.584180 1.906720 -0.065800 
5217 9.423469 0.000000 1.880237 19.869641 1.563625 1.780161 -0.058456 
5218 9.446829 0.000000 1.858462 19.821013 1.135046 1.600607 -0.048692 
5219 9.493550 0.000000 1.923789 20.573939 2.080757 4.523442 -0.184444 
5220 9.516911 0.000000 1.923789 20.664181 1.597898 4.768642 -0.195608 
5221 9.493550 0.000000 1.945565 20.555438 0.000827 5.764581 -0.204741 
5222 9.458510 0.000000 1.912901 20.259012 2.475517 3.171345 -0.127704 
5223 9.446829 0.000000 1.912901 20.207371 2.525182 3.023081 -0.120409 
5224 9.458510 0.000000 1.902013 20.132717 2.179242 2.606197 -0.101943 
5225 9.470190 0.000000 1.912901 20.312390 2.413027 3.326742 -0.135290 
5226 9.458510 0.000000 1.923789 20.412816 2.630489 4.037846 -0.162844 
5227 9.481870 0.000000 1.891125 20.115112 1.877637 2.433818 -0.094539 
5228 9.470190 0.000000 1.891125 20.073507 1.876434 2.330407 -0.088805 
5229 9.481870 0.000000 1.880237 20.026065 1.616305 2.136420 -0.079084 
5230 9.493550 0.000000 1.891125 20.159470 1.875457 2.544397 -0.100695 
5231 9.481870 0.000000 1.902013 20.227545 2.140424 2.861034 -0.115299 
5232 9.540271 0.000000 1.880237 20.247453 1.636365 2.642246 -0.109214 
5233 9.540271 0.000000 1.858462 20.064593 1.238086 2.100524 -0.079911 
5234 9.563631 0.000000 1.880237 20.356272 1.601619 2.888626 -0.124199 
5235 9.540271 0.000000 1.902013 20.505776 1.848474 3.605953 -0.154913 
5236 9.563631 0.000000 1.640704 19.534465 -0.147706 0.947149 -0.011133 
5237 9.470190 0.000000 1.640704 19.493957 -0.120394 0.880448 -0.006613 
5238 9.563631 0.000000 1.553601 19.477841 -0.250628 0.974241 -0.005540 
5239 9.516911 0.000000 1.771358 19.675023 0.253834 1.194855 -0.027217 
5240 9.470190 0.000000 1.771358 19.626922 0.257218 1.106457 -0.021686 
5241 9.516911 0.000000 1.727807 19.599543 0.060006 1.035930 -0.018283 
5242 9.563631 0.000000 1.771358 19.739270 0.251101 1.308154 -0.034656 
5243 9.540271 0.000000 1.836686 19.935305 0.885931 1.770873 -0.060890 
5244 9.516911 0.000000 1.836686 19.876417 0.862812 1.660236 -0.053582 
5245 9.540271 0.000000 1.814910 19.838742 0.611553 1.544879 -0.047670 
5246 9.563631 0.000000 1.836686 20.003890 0.909201 1.897954 -0.069474 
5247 9.750515 0.000000 1.989116 19.730199 -0.300164 1.349610 -0.034073 
5248 9.843957 0.000000 1.989116 19.665485 -0.101112 1.090715 -0.025452 
5249 9.750515 0.000000 2.076219 19.572860 -0.109714 0.738846 -0.014148 
5250 9.610352 0.000000 1.945565 20.217523 -1.097808 3.455102 -0.115222 
5251 9.657073 0.000000 1.945565 20.093409 -0.885626 2.840217 -0.090652 
5252 9.610352 0.000000 1.989116 19.802082 -0.934189 1.909343 -0.048475 
5253 9.586992 0.000000 1.880237 20.468647 1.518241 3.148265 -0.139781 
5254 9.586992 0.000000 1.858462 20.249740 1.263666 2.470088 -0.104275 
5255 9.610352 0.000000 1.880237 20.572029 1.373774 3.397897 -0.154212 
5256 9.586992 0.000000 1.902013 20.693178 1.263432 4.119413 -0.180995 
5257 9.551951 0.000000 1.869349 20.195216 1.442279 2.434410 -0.099261 
5258 9.540271 0.000000 1.869349 20.147547 1.437615 2.334025 -0.092877 
5259 9.551951 0.000000 1.858462 20.106768 1.249468 2.184539 -0.085416 
5260 9.563631 0.000000 1.869349 20.245723 1.441590 2.540848 -0.106055 
5261 9.551951 0.000000 1.880237 20.300804 1.624006 2.762796 -0.116548 
5262 9.610352 0.000000 1.771358 19.824634 0.247173 1.456999 -0.044667 
5263 9.610352 0.000000 1.727807 19.697318 0.026022 1.204686 -0.029431 
5264 9.703794 0.000000 1.858462 20.675081 0.841688 3.411490 -0.162577 
5265 9.750515 0.000000 1.858462 20.686806 0.565638 3.450007 -0.163530 
5266 9.703794 0.000000 1.902013 20.498352 -0.113835 3.570529 -0.144439 
5267 9.633713 0.000000 1.836686 20.266020 0.944725 2.389900 -0.103127 
5268 9.610352 0.000000 1.836686 20.170960 0.942899 2.208187 -0.090748 
5269 9.633713 0.000000 1.814910 20.107010 0.663621 2.026389 -0.080718 
5270 9.657073 0.000000 1.836686 20.363947 0.930946 2.582977 -0.116114 
5271 9.633713 0.000000 1.858462 20.457453 1.192443 2.904069 -0.132329 
5272 9.680434 0.000000 1.836686 20.459354 0.899054 2.777436 -0.129011 
5273 9.680434 0.000000 1.814910 20.285229 0.667729 2.360924 -0.103641 
5274 9.703794 0.000000 1.836686 20.545847 0.849139 2.959723 -0.140920 
5275 9.680434 0.000000 1.858462 20.625780 0.982752 3.289361 -0.155711 
5276 9.680434 0.000000 1.793134 20.130237 0.429711 2.032489 -0.082578 
5277 9.657073 0.000000 1.793134 20.051167 0.428614 1.886726 -0.072667 
5278 9.680434 0.000000 1.771358 20.000199 0.234842 1.771658 -0.065819 
5279 9.703794 0.000000 1.793134 20.214806 0.429116 2.192222 -0.093380 
5280 9.668753 0.000000 1.825798 20.323216 0.797246 2.463068 -0.109523 
5281 9.657073 0.000000 1.825798 20.275578 0.801269 2.370657 -0.103247 
5282 9.668753 0.000000 1.814910 20.239116 0.669056 2.272700 -0.097626 
5283 9.680434 0.000000 1.825798 20.370785 0.790263 2.556735 -0.115854 
5284 9.668753 0.000000 1.836686 20.412349 0.917328 2.680799 -0.122626 
5285 9.727154 0.000000 1.793134 20.302923 0.427465 2.362479 -0.104864 
5286 9.727154 0.000000 1.771358 20.149055 0.223364 2.052670 -0.084444 
5287 9.750515 0.000000 1.793134 20.391259 0.425722 2.537591 -0.116630 
5288 9.727154 0.000000 1.814910 20.467711 0.644999 2.721574 -0.128066 
5289 9.797236 0.000000 1.684255 19.870352 -0.252669 1.546269 -0.050180 
5290 9.750515 0.000000 1.684255 19.787918 -0.199773 1.376590 -0.040164 
5291 9.797236 0.000000 1.640704 19.727841 -0.304316 1.306590 -0.033531 
5292 9.773875 0.000000 1.749583 20.160860 0.040381 2.081048 -0.085884 
5293 9.750515 0.000000 1.749583 20.086425 0.051752 1.931348 -0.076380 
5294 9.773875 0.000000 1.727807 20.026732 -0.087413 1.823815 -0.068996 
5295 9.797236 0.000000 1.749583 20.238794 0.032854 2.242478 -0.096050 
5296 9.773875 0.000000 1.771358 20.315010 0.217395 2.382448 -0.106054 
5297 9.890677 0.000000 1.771358 20.624202 0.365983 3.084503 -0.149889 
5298 9.937398 0.000000 1.771358 20.606884 0.521732 3.109294 -0.148773 
5299 9.890677 0.000000 1.814910 20.567001 0.550418 3.026312 -0.143167 
5300 9.820596 0.000000 1.749583 20.318171 0.032636 2.412092 -0.106647 
5301 9.820596 0.000000 1.727807 20.163572 -0.121934 2.113032 -0.086563 
5302 9.843957 0.000000 1.749583 20.395930 0.044373 2.583932 -0.117287 
5303 9.820596 0.000000 1.771358 20.476250 0.235612 2.723122 -0.128060 
5304 9.867317 0.000000 1.706031 20.155619 -0.263644 2.145580 -0.086226 
5305 9.843957 0.000000 1.706031 20.090366 -0.245917 1.993959 -0.077601 
5306 9.867317 0.000000 1.684255 20.020355 -0.341174 1.885937 -0.069218 
5307 9.890677 0.000000 1.706031 20.222969 -0.271508 2.308106 -0.095339 
5308 9.867317 0.000000 1.727807 20.310646 -0.127390 2.445155 -0.106303 
5309 9.914038 0.000000 1.662480 20.003778 -0.442886 1.912705 -0.067944 
5310 9.890677 0.000000 1.662480 19.955000 -0.411646 1.789796 -0.061518 
5311 9.914038 0.000000 1.640704 19.896283 -0.460641 1.706353 -0.054674 
5312 9.937398 0.000000 1.662480 20.056768 -0.468708 2.047441 -0.075028 
5313 9.914038 0.000000 1.684255 20.136803 -0.385359 2.174472 -0.084761 
5314 10.077561 0.000000 1.597152 19.999412 -0.547856 2.086985 -0.069599 
5315 10.124282 0.000000 1.597152 20.061383 -0.428471 2.345152 -0.078878 
5316 10.077561 0.000000 1.640704 20.261540 -0.349320 2.659077 -0.104203 
5317 10.404607 0.000000 1.902013 19.478297 0.039160 0.962780 -0.005366 
5318 10.591490 0.000000 1.902013 19.464421 0.026754 0.949038 -0.003866 
5319 10.404607 0.000000 2.076219 19.463568 0.008649 0.495874 -0.002046 
5320 10.124282 0.000000 1.814910 19.764480 0.407597 1.757044 -0.041199 
5321 10.217723 0.000000 1.814910 19.603320 0.302847 1.581697 -0.022683 
5322 10.124282 0.000000 1.902013 19.593249 0.103346 1.100338 -0.018013 
5323 10.077561 0.000000 1.684255 20.437384 0.276596 3.117959 -0.130008 
5324 10.124282 0.000000 1.684255 20.289371 0.639501 3.058686 -0.113984 
5325 10.077561 0.000000 1.727807 20.323731 0.811813 2.931165 -0.116315 
5326 10.054200 0.000000 1.618928 20.076681 -0.546761 2.209392 -0.079172 
5327 10.030840 0.000000 1.618928 20.023967 -0.568564 2.073260 -0.072107 
5328 10.054200 0.000000 1.597152 19.956847 -0.568144 1.965929 -0.063867 
5329 10.077561 0.000000 1.618928 20.125656 -0.494085 2.352052 -0.085952 
5330 10.054200 0.000000 1.640704 20.215444 -0.454013 2.509530 -0.097450 
5331 10.311165 0.000000 1.640704 19.624028 0.714047 2.870757 -0.041107 
5332 10.404607 0.000000 1.640704 19.523286 0.692675 2.849945 -0.030288 
5333 10.311165 0.000000 1.727807 19.570875 0.749165 2.245375 -0.027279 
5334 10.171002 0.000000 1.597152 20.043515 -0.208408 2.578744 -0.079654 
5335 10.217723 0.000000 1.597152 19.915530 0.019242 2.729866 -0.068142 
5336 10.171002 0.000000 1.640704 20.157147 0.346834 2.972407 -0.097709 
5337 10.147642 0.000000 1.575377 19.956608 -0.434404 2.216342 -0.066255 
5338 10.124282 0.000000 1.575377 19.947183 -0.492711 2.101806 -0.064097 
5339 10.147642 0.000000 1.553601 19.858361 -0.476429 2.008300 -0.053693 
5340 10.171002 0.000000 1.575377 19.946293 -0.360088 2.326158 -0.066330 
5341 10.147642 0.000000 1.597152 20.066051 -0.327665 2.469218 -0.080751 
5342 11.152140 0.000000 1.553601 19.458262 -0.284433 2.422493 -0.016576 
5343 11.152140 0.000000 1.727807 19.456658 0.682570 2.179276 -0.014470 
5344 12.647207 0.000000 1.553601 19.450011 -0.272693 2.225185 -0.013286 
5345 12.647207 0.000000 1.727807 19.450025 0.693768 2.021233 -0.012074 
5346 8.162006 0.000000 2.250426 19.308247 1.161205 0.506988 0.010279 
5347 7.975123 0.000000 2.250426 18.843506 1.656249 -0.129787 0.054096 
5348 8.162006 0.000000 2.424632 19.382720 0.373963 0.289560 0.006315 
5349 8.255448 0.000000 2.163322 19.487071 2.028662 0.837229 -0.016547 
5350 8.162006 0.000000 2.163322 19.027856 3.594691 0.713540 0.007434 
5351 8.255448 0.000000 2.076219 38.653735 17.486274 44.830186 -9.070318 
5352 8.348890 0.000000 2.163322 19.580016 1.322148 0.651571 -0.019157 
5353 8.255448 0.000000 2.250426 19.427046 0.916752 0.538902 -0.000630 
5354 7.601356 0.000000 2.773044 19.423544 0.117677 0.066960 0.002670 
5355 7.227589 0.000000 2.773044 19.450976 0.097678 0.065504 -0.000137 
5356 7.601356 0.000000 3.121456 19.439774 0.058989 0.062735 0.001032 
5357 7.788239 0.000000 2.250426 18.937007 0.559952 -1.174225 0.047581 
5358 7.601356 0.000000 2.250426 19.414073 -0.042868 -0.882779 0.001626 
5359 7.788239 0.000000 2.076219 19.659120 -1.437236 -0.041240 -0.027084 
5360 7.788239 0.000000 2.424632 19.250422 0.398615 -0.024632 0.019995 
5361 8.068564 0.000000 2.163322 17.752015 6.631991 -2.280578 0.036965 
5362 7.975123 0.000000 2.163322 17.768140 -0.728327 -6.623049 0.048111 
5363 8.068564 0.000000 2.076219 19.609244 -3.558409 0.453712 -0.050457 
5364 8.068564 0.000000 2.250426 19.132004 1.459120 0.342108 0.026494 
5365 8.255448 0.000000 1.989116 19.121083 -2.981704 1.633057 0.002985 
5366 8.162006 0.000000 1.989116 19.354977 -2.134112 1.365287 -0.007219 
5367 8.208727 0.000000 2.119771 19.474402 7.402817 2.341345 -0.161864 
5368 8.162006 0.000000 2.119771 16.180870 21.288526 0.139426 -0.890131 
5369 8.208727 0.000000 2.076219 20.885182 -11.979750 4.142676 -0.577751 
5370 8.255448 0.000000 2.119771 19.725039 4.295455 1.443582 -0.082763 
5371 8.208727 0.000000 2.163322 19.319301 2.713443 0.932465 -0.008367 
5372 7.788239 0.000000 1.902013 19.432053 -0.683056 0.836266 -0.001237 
5373 7.601356 0.000000 1.902013 19.479541 -0.572366 0.723085 -0.005288 
5374 8.068564 0.000000 1.989116 19.423925 -1.699639 1.113096 -0.008232 
5375 7.975123 0.000000 1.989116 19.475465 -1.419393 0.917619 -0.010172 
5376 8.068564 0.000000 1.902013 19.218633 -1.374812 1.276084 0.014349 
5377 8.115285 0.000000 2.119771 15.438174 -16.647333 -16.843694 -1.112545 
5378 8.068564 0.000000 2.119771 19.013270 -8.536674 -3.336393 -0.177657 
5379 8.115285 0.000000 2.076219 19.688749 -4.565849 0.530675 -0.080552 
5380 8.115285 0.000000 2.163322 18.647863 4.930817 -0.079917 0.016496 
5381 8.208727 0.000000 2.032668 19.465530 -3.898595 1.541542 -0.048056 
5382 8.162006 0.000000 2.032668 19.531714 -3.094343 1.236004 -0.037769 
5383 8.208727 0.000000 1.989116 19.275003 -2.474027 1.516341 -0.004344 
5384 8.255448 0.000000 2.032668 19.198576 -5.519700 1.832829 -0.063730 
5385 8.185367 0.000000 2.097995 30.957370 -36.362192 22.209393 -6.332293 
5386 8.162006 0.000000 2.097995 21.453366 -17.340210 0.665627 -1.012603 
5387 8.185367 0.000000 2.076219 20.359290 -8.459521 2.006606 -0.295499 
5388 8.208727 0.000000 2.097995 27.434744 22.883235 23.596910 -3.845651 
5389 8.185367 0.000000 2.119771 18.823160 11.246659 2.650637 -0.289509 
5390 8.302169 0.000000 2.032668 17.921943 -10.302320 1.113357 -0.132885 
5391 8.302169 0.000000 1.989116 18.814096 -3.808434 1.594366 0.019260 
5392 8.348890 0.000000 2.032668 8.242399 0.044924 -21.347135 -0.384182 
5393 8.302169 0.000000 2.076219 20.435759 9.457866 0.923709 -0.342642 
5394 8.442331 0.000000 2.163322 19.587185 0.905518 0.535847 -0.017083 
5395 8.535773 0.000000 2.163322 19.563415 0.524666 0.530086 -0.013167 
5396 8.442331 0.000000 2.250426 19.523705 0.583898 0.448437 -0.009026 
5397 8.302169 0.000000 2.119771 19.707260 2.914475 1.001411 -0.051733 
5398 8.348890 0.000000 2.119771 19.666973 2.122248 0.803093 -0.036046 
5399 8.302169 0.000000 2.163322 19.555278 1.622253 0.737269 -0.019248 
5400 8.278808 0.000000 2.054444 18.862679 -20.837271 5.124708 -1.157679 
5401 8.255448 0.000000 2.054444 19.560605 -10.742085 3.261132 -0.344545 
5402 8.278808 0.000000 2.032668 18.844857 -7.155331 1.813665 -0.082776 
5403 8.302169 0.000000 2.054444 -79.702022 -5.215806 -221.449498 -145.495191 
5404 8.278808 0.000000 2.076219 22.516617 17.501918 4.424977 -1.201666 
5405 -7.723080 0.000000 -7.330915 19.449799 -0.000053 0.000301 0.000021 
5406 -10.713214 0.000000 -7.330915 19.449988 -0.000027 0.000183 0.000001 
5407 -7.723080 0.000000 -10.118214 19.449797 -0.000024 0.000131 0.000021 
5408 10.217723 0.000000 -7.330915 19.449875 0.001069 -0.005942 0.000013 
5409 10.217723 0.000000 -10.118214 19.449685 -0.000146 -0.002745 0.000032 
5410 13.207857 0.000000 -7.330915 19.450240 0.001582 -0.005864 -0.000025 
5411 -7.723080 0.000000 9.392880 19.449775 -0.000034 -0.000160 0.000023 
5412 -10.713214 0.000000 9.392880 19.449935 -0.000072 -0.000131 0.000007 
5413 -7.723080 0.000000 12.180179 19.449809 -0.000074 -0.000053 0.000020 
5414 -3.237879 0.000000 -3.149967 19.447994 0.000896 0.004618 0.000206 
5415 -4.732946 0.000000 -3.149967 19.450081 -0.000409 0.002899 -0.000008 
5416 -3.237879 0.000000 -4.543616 19.447330 -0.001034 0.002648 0.000275 
5417 -3.237879 0.000000 5.211931 19.447555 -0.001071 -0.001809 0.000251 
5418 -4.732946 0.000000 5.211931 19.449154 -0.000079 -0.000880 0.000087 
5419 -3.237879 0.000000 6.605580 19.448334 -0.000106 -0.000026 0.000171 
5420 -0.995279 0.000000 -1.059492 19.462286 0.003706 0.101842 -0.001291 
5421 -1.742813 0.000000 -1.059492 19.465806 0.003292 0.038560 -0.001630 
5422 -0.995279 0.000000 -1.756317 19.405437 0.004637 0.054266 0.004569 
5423 -0.995279 0.000000 3.121456 19.424477 0.003596 -0.006252 0.002623 
5424 -1.742813 0.000000 3.121456 19.438206 0.000738 -0.005832 0.001212 
5425 -0.995279 0.000000 3.818281 19.435424 0.000648 0.001761 0.001498 
5426 -0.621512 0.000000 -0.014255 19.712007 0.005602 0.004840 -0.027123 
5427 -0.995279 0.000000 -0.014255 19.589867 0.004268 0.002530 -0.014434 
5428 -0.621512 0.000000 -0.362667 19.678740 0.005016 0.095891 -0.023683 
5429 3.489922 0.000000 3.121456 19.437413 0.017643 0.066837 0.001281 
5430 4.237455 0.000000 3.121456 19.440670 0.021090 0.070222 0.000945 
5431 3.489922 0.000000 3.818281 19.442386 0.041670 0.037612 0.000774 
5432 -0.621512 0.000000 2.076219 19.371930 0.005089 -0.026835 0.008010 
5433 -0.995279 0.000000 2.076219 19.405687 0.004396 -0.033856 0.004548 
5434 -0.621512 0.000000 2.424632 19.391396 0.004740 -0.010719 0.006017 
5435 -0.060862 0.000000 1.553601 19.117071 0.005838 0.063264 0.033931 
5436 -0.247746 0.000000 1.553601 19.215323 0.005713 -0.017841 0.023985 
5437 -0.060862 0.000000 1.727807 19.204855 0.005914 0.078784 0.025032 
5438 0.780113 0.000000 0.595467 20.021132 0.017809 2.126962 -0.071550 
5439 0.780113 0.000000 0.508364 20.087371 0.014042 1.713851 -0.074378 
5440 0.873555 0.000000 0.595467 19.839439 0.013402 2.003080 -0.051053 
5441 0.639950 0.000000 0.726121 20.346636 0.023884 3.375153 -0.124438 
5442 0.639950 0.000000 0.682570 20.470151 0.022568 2.932746 -0.130388 
5443 0.686671 0.000000 0.726121 20.020339 0.024122 3.155445 -0.085828 
5444 0.219463 0.000000 1.292291 18.501880 0.009471 0.519302 0.094404 
5445 0.126021 0.000000 1.292291 18.605637 0.008299 0.244760 0.084781 
5446 0.219463 0.000000 1.379395 18.730961 0.008838 0.431961 0.072077 
5447 0.418026 0.000000 0.824112 19.604296 0.023201 2.912899 -0.038359 
5448 0.406346 0.000000 0.824112 19.589725 0.022969 2.872003 -0.036224 
5449 0.418026 0.000000 0.835000 19.576520 0.023267 2.925201 -0.035672 
5450 0.371306 0.000000 0.802337 19.723461 0.020855 2.471429 -0.044464 
5451 0.371306 0.000000 0.791449 19.723461 0.020855 2.471429 -0.044464 
5452 0.371306 0.000000 0.813224 19.726705 0.020847 2.462341 -0.044684 
5453 0.394666 0.000000 0.824112 19.627353 0.022006 2.708857 -0.037718 
5454 0.382986 0.000000 0.824112 19.686321 0.021256 2.560774 -0.041783 
5455 0.394666 0.000000 0.835000 19.598020 0.022382 2.780427 -0.035715 
5456 0.289544 0.000000 0.835000 17.011538 -0.002858 1.827764 0.226193 
5457 0.266184 0.000000 0.835000 17.011597 -0.002891 1.827864 0.226187 
5458 0.289544 0.000000 0.856776 16.853650 -0.003060 2.026825 0.238299 
5459 0.242823 0.000000 0.835000 16.563053 0.031494 0.469843 0.274241 
5460 0.242823 0.000000 0.856776 17.477715 -0.002911 1.143301 0.189068 
5461 0.289544 0.000000 0.747897 23.803409 0.011478 1.085329 -0.500863 
5462 0.289544 0.000000 0.726121 23.379524 0.012093 0.901300 -0.447029 
5463 0.312905 0.000000 0.747897 23.586953 0.011648 1.513918 -0.476692 
5464 0.231143 0.000000 0.780561 20.285387 0.014389 -0.726823 -0.089143 
5465 0.231143 0.000000 0.769673 20.290805 0.014597 -0.512181 -0.089021 
5466 0.231143 0.000000 0.791449 20.285387 0.014389 -0.726823 -0.089143 
5467 0.184422 0.000000 0.780561 19.688706 0.012529 -3.677570 -0.060447 
5468 0.184422 0.000000 0.769673 19.688706 0.012529 -3.677570 -0.060447 
5469 0.207783 0.000000 0.802337 20.115593 0.013169 -2.297983 -0.083572 
5470 0.219463 0.000000 0.802337 20.243750 0.013810 -1.377412 -0.088301 
5471 0.207783 0.000000 0.813224 20.181051 0.013334 -1.971178 -0.086856 
5472 0.032580 0.000000 1.292291 18.762089 0.007382 0.050356 0.069479 
5473 -0.060862 0.000000 1.292291 18.917173 0.006617 -0.061780 0.054029 
5474 0.032580 0.000000 1.379395 18.888502 0.007171 0.101556 0.056877 
5475 0.196102 0.000000 0.878552 18.659792 -0.002624 0.166368 0.079532 
5476 0.219463 0.000000 0.878552 18.109439 -0.002905 0.984512 0.130534 
5477 0.733392 0.000000 0.726121 19.824836 0.023977 2.932371 -0.061646 
5478 0.733392 0.000000 0.682570 19.984824 0.022388 2.686033 -0.074824 
5479 0.780113 0.000000 0.726121 19.709007 0.023588 2.735542 -0.046593 
5480 0.826834 0.000000 0.726121 19.641985 0.022402 2.578028 -0.037409 
5481 0.826834 0.000000 0.682570 19.760459 0.019727 2.426206 -0.047740 
5482 0.873555 0.000000 0.726121 19.601205 0.020367 2.444155 -0.031401 
5483 0.616590 0.000000 0.791449 20.092740 0.022010 4.490590 -0.120490 
5484 0.616590 0.000000 0.769673 20.345221 0.023254 4.101235 -0.138636 
5485 0.639950 0.000000 0.791449 19.804404 0.023173 4.148893 -0.082277 
5486 0.663311 0.000000 0.791449 19.638477 0.023916 3.848708 -0.058631 
5487 0.663311 0.000000 0.769673 19.866504 0.024315 3.667066 -0.078835 
5488 0.686671 0.000000 0.791449 19.541721 0.024572 3.597881 -0.043673 
5489 0.523148 0.000000 0.878552 15.582037 -0.009588 3.346885 0.328575 
5490 0.499788 0.000000 0.878552 15.606665 -0.008653 3.161226 0.329739 
5491 0.523148 0.000000 0.900327 15.788216 -0.011458 3.416613 0.310231 
5492 0.604910 0.000000 0.824112 17.081581 0.039678 7.674181 0.073030 
5493 0.604910 0.000000 0.813224 19.869788 0.017646 5.192152 -0.114894 
5494 0.616590 0.000000 0.824112 16.883477 0.039525 7.865001 0.082978 
5495 0.628270 0.000000 0.824112 19.268459 0.015453 4.720803 -0.040331 
5496 0.628270 0.000000 0.813224 19.528577 0.019858 4.612812 -0.064343 
5497 0.639950 0.000000 0.824112 19.223868 0.016932 4.450739 -0.029246 
5498 0.581549 0.000000 0.867664 17.311647 0.039607 7.398498 0.063098 
5499 0.569869 0.000000 0.867664 17.333688 0.037116 7.099448 0.072540 
5500 0.581549 0.000000 0.878552 17.046276 0.033269 7.135058 0.097321 
5501 0.534829 0.000000 0.845888 18.362269 0.038772 5.379069 0.032233 
5502 0.523148 0.000000 0.845888 18.672408 0.038327 4.239027 0.030856 
5503 0.534829 0.000000 0.856776 18.274344 0.038914 5.699978 0.031350 
5504 0.511468 0.000000 0.845888 18.791041 0.037971 3.047893 0.042052 
5505 0.499788 0.000000 0.845888 18.546584 0.037827 1.798004 0.082189 
5506 0.511468 0.000000 0.856776 18.952241 0.037918 3.287453 0.021957 
5507 0.528988 0.000000 0.818668 18.672408 0.038327 4.239027 0.030856 
5508 0.528988 0.000000 0.813224 18.773663 0.038198 3.945902 0.027175 
5509 0.528988 0.000000 0.824112 18.696410 0.038311 4.251569 0.028204 
5510 0.540669 0.000000 0.829556 18.304100 0.038846 5.552553 0.032858 
5511 0.534829 0.000000 0.829556 18.580562 0.038527 4.810606 0.026227 
5512 0.540669 0.000000 0.835000 18.304100 0.038846 5.552553 0.032858 
5513 0.528988 0.000000 0.829556 18.696410 0.038311 4.251569 0.028204 
5514 0.523148 0.000000 0.829556 18.803327 0.038134 3.697684 0.029244 
5515 0.528988 0.000000 0.835000 18.600243 0.038418 4.494830 0.032060 
5516 0.242823 0.000000 0.878552 17.747175 -0.003131 1.635850 0.160359 
5517 0.266184 0.000000 0.878552 17.323528 -0.003259 2.122040 0.194804 
5518 0.242823 0.000000 0.900327 18.384868 -0.003934 2.978070 0.083082 
5519 0.289544 0.000000 0.878552 17.115227 -0.003412 2.549136 0.208493 
5520 0.312905 0.000000 0.878552 16.852952 -0.003563 2.807001 0.228392 
5521 0.289544 0.000000 0.900327 17.280427 -0.003658 2.938037 0.187832 
5522 0.289544 0.000000 0.922103 17.459950 -0.004719 3.956734 0.152780 
5523 0.266184 0.000000 0.922103 17.381310 -0.003956 4.064719 0.157732 
5524 0.312905 0.000000 0.922103 16.959333 -0.004722 3.978310 0.197875 
5525 0.242823 0.000000 0.922103 18.027408 -0.003751 3.769496 0.103372 
5526 0.266184 0.000000 1.074534 16.569873 -0.003817 1.945696 0.264223 
5527 0.266184 0.000000 1.118085 17.381758 0.020253 1.352422 0.196529 
5528 0.196102 0.000000 1.009206 15.389110 -0.003254 0.875280 0.371955 
5529 0.219463 0.000000 1.009206 15.349349 -0.003713 1.681552 0.369737 
5530 0.196102 0.000000 1.030982 15.772381 -0.003129 0.991863 0.339809 
5531 0.184422 0.000000 0.911215 20.582534 -0.003209 1.348892 -0.124656 
5532 0.184422 0.000000 0.900327 19.598444 -0.002655 0.045724 -0.015328 
5533 0.196102 0.000000 0.911215 19.891297 -0.003527 2.237376 -0.059125 
5534 0.207783 0.000000 0.932991 17.414583 -0.002753 3.331967 0.168999 
5535 0.207783 0.000000 0.922103 18.852119 -0.003030 2.960976 0.037358 
5536 0.219463 0.000000 0.932991 17.713762 -0.003119 3.680865 0.134750 
5537 0.161062 0.000000 0.932991 18.183666 0.001632 0.568874 0.125120 
5538 0.149382 0.000000 0.932991 23.220700 -0.003129 -0.489436 -0.425950 
5539 0.161062 0.000000 0.943879 17.442617 0.001113 0.380076 0.195381 
5540 0.242823 0.000000 1.009206 15.117166 -0.004952 2.676963 0.376967 
5541 0.266184 0.000000 1.009206 15.258794 -0.005767 3.210719 0.357288 
5542 0.242823 0.000000 1.030982 15.765152 -0.003873 1.959084 0.332867 
5543 0.184422 0.000000 0.954767 15.987467 -0.001167 1.914100 0.314668 
5544 0.172742 0.000000 0.954767 15.056934 -0.000368 0.899683 0.398575 
5545 0.184422 0.000000 0.965655 14.275393 -0.003298 1.383130 0.456255 
5546 0.184422 0.000000 0.976543 14.048243 -0.003900 0.912265 0.476119 
5547 0.196102 0.000000 0.976543 13.908564 -0.004477 1.586407 0.481989 
5548 0.184422 0.000000 0.987431 15.061454 -0.003150 0.421708 0.399884 
5549 0.359625 0.000000 1.161637 17.940114 0.028491 1.796081 0.140702 
5550 0.312905 0.000000 1.161637 17.822129 0.018370 1.458338 0.154763 
5551 0.359625 0.000000 1.205188 18.179705 0.016515 1.428945 0.120958 
5552 0.639950 0.000000 1.161637 19.010602 -0.004977 2.127024 0.032713 
5553 1.434205 0.000000 1.553601 19.448464 0.030989 0.744538 -0.001310 
5554 1.434205 0.000000 1.727807 19.418208 0.025714 0.553410 0.002455 
5555 0.826834 0.000000 1.161637 19.298930 -0.004306 1.879018 0.006141 
5556 1.013717 0.000000 1.161637 19.353010 -0.000697 1.669952 0.002577 
5557 1.060438 0.000000 1.161637 19.343567 -0.000608 1.680913 0.003446 
5558 1.527646 0.000000 1.292291 19.555460 -0.007689 1.237787 -0.014924 
5559 1.434205 0.000000 1.292291 19.548292 -0.006722 1.328726 -0.014800 
5560 1.527646 0.000000 1.379395 19.653532 -0.000889 1.111687 -0.024305 
5561 1.340763 0.000000 1.292291 19.477598 -0.007948 1.436923 -0.008298 
5562 1.340763 0.000000 1.379395 19.528665 -0.002882 1.314134 -0.012670 
5563 1.107159 0.000000 1.074534 19.337297 -0.010975 1.805520 0.002938 
5564 1.153880 0.000000 1.074534 19.344965 -0.014142 1.796741 0.002237 
5565 1.107159 0.000000 1.118085 19.360434 -0.008791 1.735498 0.001227 
5566 1.200601 0.000000 1.074534 19.364654 -0.014764 1.756700 0.000599 
5567 1.247321 0.000000 1.074534 19.382833 -0.022469 1.679791 -0.000565 
5568 1.200601 0.000000 1.118085 19.379789 -0.012170 1.695857 -0.000396 
5569 1.107159 0.000000 1.161637 19.378025 -0.006257 1.655071 0.000146 
5570 1.153880 0.000000 1.161637 19.380649 -0.006985 1.650682 -0.000084 
5571 1.107159 0.000000 1.205188 19.387175 -0.004755 1.612311 -0.000422 
5572 4.984989 0.000000 3.121456 19.444011 0.023367 0.074136 0.000600 
5573 4.984989 0.000000 3.818281 19.446005 0.014771 0.038415 0.000406 
5574 3.116155 0.000000 2.076219 19.428257 0.055090 0.332068 0.001935 
5575 3.489922 0.000000 2.076219 19.435017 0.069610 0.346263 0.001210 
5576 3.116155 0.000000 2.424632 19.426117 0.031185 0.137336 0.002402 
5577 2.555505 0.000000 1.553601 19.437332 0.078789 0.681396 0.000058 
5578 2.742388 0.000000 1.553601 19.428615 0.084898 0.663003 0.001017 
5579 2.555505 0.000000 1.727807 19.426425 0.064385 0.519138 0.001699 
5580 1.901413 0.000000 1.292291 19.459769 0.006454 -0.091674 -0.001027 
5581 1.901413 0.000000 1.379395 19.628961 0.005522 0.381006 -0.018871 
5582 8.722656 0.000000 -3.149967 19.453886 0.047397 -0.077888 -0.000422 
5583 8.722656 0.000000 -4.543616 19.450474 0.005717 -0.021378 -0.000050 
5584 10.217723 0.000000 -3.149967 19.453096 0.029904 -0.060850 -0.000331 
5585 11.712790 0.000000 -3.149967 19.450111 0.027764 -0.059974 -0.000023 
5586 11.712790 0.000000 -4.543616 19.450234 0.009129 -0.021025 -0.000025 
5587 13.207857 0.000000 -3.149967 19.450316 0.032903 -0.071812 -0.000049 
5588 6.480056 0.000000 -1.059492 19.593854 -0.095109 -2.176170 -0.027389 
5589 6.480056 0.000000 -1.756317 19.645678 -0.466871 -0.131483 -0.020844 
5590 7.227589 0.000000 -1.059492 19.508417 -0.182237 -1.791826 -0.014591 
5591 2.041576 0.000000 1.074534 19.239181 0.029578 -1.494701 0.015653 
5592 1.994855 0.000000 1.074534 19.312149 0.013685 -1.392106 0.009001 
5593 2.041576 0.000000 1.118085 19.172377 0.029080 -1.546864 0.022016 
5594 2.041576 0.000000 1.161637 19.155842 0.033220 -1.609577 0.023168 
5595 1.994855 0.000000 1.161637 19.118084 0.032013 -1.541598 0.027554 
5596 2.041576 0.000000 1.205188 19.068184 0.034926 -1.595399 0.032144 
5597 2.929272 0.000000 1.553601 19.417168 0.093898 0.651264 0.002229 
5598 3.116155 0.000000 1.553601 19.410799 0.110534 0.640287 0.002911 
5599 2.929272 0.000000 1.727807 19.415407 0.086189 0.519424 0.002821 
5600 2.462063 0.000000 1.292291 19.511606 0.052802 1.136087 -0.009764 
5601 2.555505 0.000000 1.292291 19.515032 0.017614 1.085821 -0.009816 
5602 2.462063 0.000000 1.379395 19.471206 0.076546 0.952235 -0.004594 
5603 2.321901 0.000000 1.161637 19.536143 0.973962 0.368911 -0.011745 
5604 2.368622 0.000000 1.161637 19.536143 0.973962 0.368911 -0.011745 
5605 2.321901 0.000000 1.205188 19.536143 0.973962 0.368911 -0.011745 
5606 2.251820 0.000000 1.139861 19.398430 0.502470 -0.389402 0.004228 
5607 2.275180 0.000000 1.139861 19.327032 0.709734 -0.033962 0.011270 
5608 2.251820 0.000000 1.161637 19.371816 0.515904 -0.403702 0.006889 
5609 2.415343 0.000000 1.074534 19.675239 -0.082784 1.743921 -0.031352 
5610 2.462063 0.000000 1.074534 19.654274 -0.123897 1.717918 -0.028957 
5611 2.415343 0.000000 1.118085 19.638158 -0.037333 1.644306 -0.026592 
5612 2.508784 0.000000 1.074534 19.629982 -0.158385 1.701686 -0.026314 
5613 2.555505 0.000000 1.074534 19.604309 -0.184780 1.690577 -0.023575 
5614 2.508784 0.000000 1.118085 19.614905 -0.115561 1.584784 -0.023703 
5615 2.415343 0.000000 1.161637 19.595036 0.001224 1.525816 -0.021123 
5616 2.462063 0.000000 1.161637 19.601473 -0.035745 1.486616 -0.021482 
5617 2.415343 0.000000 1.205188 19.554627 0.031593 1.399695 -0.015969 
5618 0.453067 0.000000 1.248740 18.565929 0.017441 1.458409 0.083218 
5619 0.406346 0.000000 1.248740 18.457399 0.015282 1.334687 0.094753 
5620 0.453067 0.000000 1.292291 18.659842 0.014635 1.220353 0.075663 
5621 1.107159 0.000000 1.248740 19.423157 -0.003588 1.452376 -0.002818 
5622 1.153880 0.000000 1.248740 19.416398 -0.007428 1.514393 -0.002610 
5623 1.107159 0.000000 1.292291 19.416342 -0.003099 1.435987 -0.001993 
5624 0.079300 0.000000 1.074534 18.076608 0.009669 -0.344208 0.135923 
5625 0.032580 0.000000 1.074534 18.393349 0.008715 -0.436463 0.105198 
5626 0.079300 0.000000 1.118085 18.216039 0.009136 -0.155124 0.122797 
5627 0.161062 0.000000 0.954767 14.361547 -0.000260 0.015630 0.454790 
5628 0.149382 0.000000 0.954767 11.720508 -0.004072 -0.675074 0.635672 
5629 7.975123 0.000000 -1.059492 19.401174 0.063856 -1.839974 -0.003946 
5630 7.975123 0.000000 -1.756317 19.524265 -0.313281 -0.419596 -0.008376 
5631 8.722656 0.000000 -1.059492 19.342513 0.277104 -1.843401 0.001837 
5632 9.470190 0.000000 -1.059492 19.430532 0.206414 -1.774881 -0.006439 
5633 9.470190 0.000000 -1.756317 19.603365 0.182258 -1.053717 -0.018855 
5634 10.217723 0.000000 -1.059492 19.520510 0.030337 -1.915720 -0.016967 
5635 0.505628 0.000000 0.818668 19.016142 0.035603 2.362074 0.029363 
5636 0.505628 0.000000 0.813224 19.039771 0.035236 2.159092 0.029412 
5637 0.505628 0.000000 0.824112 19.024997 0.035710 2.390032 0.028122 
5638 0.517308 0.000000 0.829556 18.782699 0.038043 3.338745 0.037970 
5639 0.511468 0.000000 0.829556 18.941324 0.037018 2.863109 0.029950 
5640 0.517308 0.000000 0.835000 18.750701 0.038096 3.380527 0.040402 
5641 0.505628 0.000000 0.829556 18.935154 0.036363 2.327056 0.037922 
5642 0.499788 0.000000 0.829556 18.659231 0.036111 1.746547 0.071593 
5643 0.505628 0.000000 0.835000 19.020370 0.036044 2.468010 0.027585 
5644 0.558189 0.000000 0.802337 18.285945 0.039011 5.907727 0.023854 
5645 0.558189 0.000000 0.791449 21.681083 0.018468 4.879477 -0.305513 
5646 0.569869 0.000000 0.802337 17.900200 0.039359 6.637202 0.036562 
5647 0.552349 0.000000 0.818668 18.070289 0.039065 6.047085 0.040175 
5648 0.552349 0.000000 0.813224 18.167777 0.038996 5.884934 0.035951 
5649 0.558189 0.000000 0.818668 17.799121 0.039278 6.572903 0.048345 
5650 0.710032 0.000000 0.922103 18.196477 -0.014387 3.118618 0.099034 
5651 0.686671 0.000000 0.922103 18.151220 -0.015898 3.156863 0.102748 
5652 0.710032 0.000000 0.943879 18.189725 -0.016216 2.968515 0.102098 
5653 0.710032 0.000000 0.791449 19.484191 0.025094 3.389807 -0.033895 
5654 0.710032 0.000000 0.769673 19.650709 0.025171 3.292391 -0.049401 
5655 0.733392 0.000000 0.791449 19.449828 0.025361 3.214912 -0.027305 
5656 0.756753 0.000000 0.791449 19.430773 0.025663 3.065338 -0.022864 
5657 0.756753 0.000000 0.769673 19.552928 0.025339 3.003090 -0.034453 
5658 0.780113 0.000000 0.791449 19.420526 0.025694 2.935767 -0.019756 
5659 0.721712 0.000000 0.889440 18.461811 -0.011083 2.891828 0.076926 
5660 0.710032 0.000000 0.889440 18.198231 -0.011294 3.119748 0.098847 
5661 0.721712 0.000000 0.900327 18.460325 -0.013412 2.890851 0.077086 
5662 0.698352 0.000000 0.889440 17.934651 -0.011505 3.347669 0.120125 
5663 0.686671 0.000000 0.889440 17.934651 -0.011505 3.347669 0.120125 
5664 0.698352 0.000000 0.900327 18.109608 -0.012904 3.195243 0.106092 
5665 0.966996 0.000000 0.595467 19.730084 0.007408 1.893719 -0.038488 
5666 0.966996 0.000000 0.508364 19.810531 0.003247 1.532250 -0.043622 
5667 1.060438 0.000000 0.595467 19.661561 0.000511 1.814134 -0.030572 
5668 0.920276 0.000000 0.726121 19.577043 0.018105 2.341142 -0.027595 
5669 0.920276 0.000000 0.682570 19.657641 0.015051 2.231443 -0.034628 
5670 0.966996 0.000000 0.726121 19.561846 0.014470 2.258288 -0.025015 
5671 1.013717 0.000000 0.726121 19.551138 0.010454 2.186191 -0.023061 
5672 1.013717 0.000000 0.682570 19.604448 0.007402 2.091624 -0.027509 
5673 1.060438 0.000000 0.726121 19.542642 0.005828 2.129963 -0.021541 
5674 0.803473 0.000000 0.791449 19.417334 0.026130 2.824253 -0.017730 
5675 0.803473 0.000000 0.769673 19.508980 0.025388 2.779566 -0.026498 
5676 0.826834 0.000000 0.791449 19.417994 0.025673 2.729030 -0.016400 
5677 0.850194 0.000000 0.791449 19.421501 0.025005 2.645553 -0.015574 
5678 0.850194 0.000000 0.769673 19.491432 0.024033 2.611444 -0.022293 
5679 0.873555 0.000000 0.791449 19.426488 0.024181 2.571103 -0.015060 
5680 0.861874 0.000000 0.867664 19.181324 -0.029785 2.643698 0.008959 
5681 0.861874 0.000000 0.856776 19.216085 0.014673 2.644333 0.005424 
5682 0.896915 0.000000 0.791449 19.431661 0.023124 2.505513 -0.014711 
5683 0.896915 0.000000 0.769673 19.486082 0.021971 2.475357 -0.019912 
5684 0.920276 0.000000 0.791449 19.437768 0.022448 2.448543 -0.014592 
5685 0.943636 0.000000 0.791449 19.444200 0.020978 2.400411 -0.014636 
5686 0.943636 0.000000 0.769673 19.487479 0.019649 2.375812 -0.018779 
5687 0.966996 0.000000 0.791449 19.450607 0.019380 2.357061 -0.014749 
5688 0.931956 0.000000 0.867664 19.274952 -0.002391 2.455064 0.001986 
5689 0.931956 0.000000 0.856776 19.298630 0.016074 2.455411 -0.000433 
5690 1.153880 0.000000 0.595467 19.610952 -0.007263 1.755298 -0.024763 
5691 1.153880 0.000000 0.508364 19.667323 -0.008289 1.430423 -0.027881 
5692 1.247321 0.000000 0.595467 19.568442 -0.015202 1.712103 -0.019965 
5693 1.107159 0.000000 0.726121 19.534827 0.000757 2.084712 -0.020230 
5694 1.107159 0.000000 0.682570 19.572065 -0.001634 2.000705 -0.023172 
5695 1.153880 0.000000 0.726121 19.526111 -0.004847 2.046471 -0.018912 
5696 1.200601 0.000000 0.726121 19.515783 -0.011206 2.015462 -0.017514 
5697 1.200601 0.000000 0.682570 19.542558 -0.012408 1.937124 -0.019460 
5698 1.247321 0.000000 0.726121 19.503663 -0.017339 1.988178 -0.015975 
5699 1.037078 0.000000 0.835000 19.410112 0.014837 2.266838 -0.009486 
5700 1.013717 0.000000 0.835000 19.398509 0.016896 2.300632 -0.008704 
5701 1.037078 0.000000 0.813224 19.438342 0.014467 2.258685 -0.012288 
5702 0.990357 0.000000 0.835000 19.385503 0.018641 2.339211 -0.007844 
5703 0.990357 0.000000 0.813224 19.421047 0.018548 2.330632 -0.011384 
5704 0.978677 0.000000 0.867664 19.321777 0.001761 2.366038 -0.001657 
5705 0.978677 0.000000 0.856776 19.340759 0.014874 2.365103 -0.003585 
5706 0.990357 0.000000 0.867664 19.332071 0.002076 2.345538 -0.002453 
5707 1.002037 0.000000 0.867664 19.341704 0.002304 2.324729 -0.003181 
5708 1.002037 0.000000 0.856776 19.358525 0.013585 2.323686 -0.004889 
5709 1.013717 0.000000 0.867664 19.350899 0.002460 2.305198 -0.003882 
5710 1.025397 0.000000 0.867664 19.303947 -0.012715 2.126088 0.003013 
5711 1.025397 0.000000 0.856776 19.374700 0.012044 2.286606 -0.006094 
5712 1.037078 0.000000 0.867664 19.303629 -0.016502 2.122114 0.003090 
5713 1.048758 0.000000 0.867664 19.303629 -0.016502 2.122114 0.003090 
5714 1.048758 0.000000 0.856776 19.303947 -0.012715 2.126088 0.003013 
5715 1.060438 0.000000 0.867664 19.303629 -0.016502 2.122114 0.003090 
5716 1.048758 0.000000 0.911215 19.296975 -0.017650 2.089632 0.004130 
5717 1.037078 0.000000 0.911215 19.296975 -0.017650 2.089632 0.004130 
5718 1.048758 0.000000 0.922103 19.292570 -0.016054 2.099697 0.004468 
5719 1.130519 0.000000 0.835000 19.438206 0.004659 2.166728 -0.011198 
5720 1.130519 0.000000 0.813224 19.457088 0.003731 2.158109 -0.013040 
5721 1.153880 0.000000 0.835000 19.441052 0.001615 2.146587 -0.011260 
5722 1.072118 0.000000 0.867664 19.303629 -0.016502 2.122114 0.003090 
5723 1.072118 0.000000 0.856776 19.303629 -0.016502 2.122114 0.003090 
5724 1.095479 0.000000 0.911215 19.296975 -0.017650 2.089632 0.004130 
5725 1.095479 0.000000 0.922103 19.296975 -0.017650 2.089632 0.004130 
5726 1.118839 0.000000 0.867664 19.303629 -0.016502 2.122114 0.003090 
5727 1.118839 0.000000 0.856776 19.303629 -0.016502 2.122114 0.003090 
5728 1.130519 0.000000 0.867664 19.303629 -0.016502 2.122114 0.003090 
5729 1.142200 0.000000 0.867664 19.312150 -0.023097 2.032611 0.003202 
5730 1.142200 0.000000 0.856776 19.303629 -0.016502 2.122114 0.003090 
5731 1.153880 0.000000 0.867664 19.316039 -0.029339 1.986362 0.003295 
5732 1.340763 0.000000 0.595467 19.528429 -0.023649 1.677565 -0.015522 
5733 1.340763 0.000000 0.508364 19.571327 -0.019998 1.360445 -0.017408 
5734 1.434205 0.000000 0.595467 19.494006 -0.032846 1.648166 -0.011714 
5735 1.294042 0.000000 0.726121 19.490236 -0.023892 1.964349 -0.014343 
5736 1.294042 0.000000 0.682570 19.511481 -0.023564 1.890102 -0.015777 
5737 1.340763 0.000000 0.726121 19.475975 -0.029606 1.942984 -0.012654 
5738 1.387484 0.000000 0.726121 19.461215 -0.035767 1.922849 -0.010930 
5739 1.387484 0.000000 0.682570 19.479274 -0.034148 1.852063 -0.012083 
5740 1.434205 0.000000 0.726121 19.446859 -0.042061 1.903677 -0.009261 
5741 1.177240 0.000000 0.835000 19.442742 -0.001396 2.128733 -0.011232 
5742 1.177240 0.000000 0.813224 19.458733 -0.002551 2.120206 -0.012781 
5743 1.200601 0.000000 0.835000 19.329191 -0.036285 1.853606 0.003298 
5744 1.165560 0.000000 0.867664 19.316039 -0.029339 1.986362 0.003295 
5745 1.165560 0.000000 0.856776 19.320282 -0.032355 1.942436 0.003318 
5746 1.177240 0.000000 0.867664 19.316039 -0.029339 1.986362 0.003295 
5747 1.188920 0.000000 0.867664 19.320282 -0.032355 1.942436 0.003318 
5748 1.188920 0.000000 0.856776 19.328450 -0.042175 1.850610 0.003402 
5749 1.200601 0.000000 0.867664 19.323112 -0.043769 1.829803 0.004150 
5750 1.223961 0.000000 0.835000 19.328450 -0.042175 1.850610 0.003402 
5751 1.223961 0.000000 0.813224 19.455372 -0.009449 2.088373 -0.012081 
5752 1.247321 0.000000 0.835000 19.328450 -0.042175 1.850610 0.003402 
5753 1.212281 0.000000 0.867664 19.323112 -0.043769 1.829803 0.004150 
5754 1.212281 0.000000 0.856776 19.328450 -0.042175 1.850610 0.003402 
5755 1.223961 0.000000 0.867664 19.323112 -0.043769 1.829803 0.004150 
5756 1.235641 0.000000 0.867664 19.323112 -0.043769 1.829803 0.004150 
5757 1.235641 0.000000 0.856776 19.328450 -0.042175 1.850610 0.003402 
5758 1.247321 0.000000 0.867664 19.323112 -0.043769 1.829803 0.004150 
5759 1.212281 0.000000 0.911215 19.315582 -0.031786 1.911717 0.004111 
5760 1.212281 0.000000 0.922103 19.315582 -0.031786 1.911717 0.004111 
5761 1.270682 0.000000 0.835000 19.328450 -0.042175 1.850610 0.003402 
5762 1.270682 0.000000 0.813224 19.447775 -0.016219 2.059368 -0.010982 
5763 1.294042 0.000000 0.835000 19.329191 -0.036285 1.853606 0.003298 
5764 1.259002 0.000000 0.867664 19.323112 -0.043769 1.829803 0.004150 
5765 1.259002 0.000000 0.856776 19.328450 -0.042175 1.850610 0.003402 
5766 1.270682 0.000000 0.867664 19.323112 -0.043769 1.829803 0.004150 
5767 1.282362 0.000000 0.867664 19.323112 -0.043769 1.829803 0.004150 
5768 1.282362 0.000000 0.856776 19.328450 -0.042175 1.850610 0.003402 
5769 1.294042 0.000000 0.867664 19.312917 -0.042840 1.839112 0.005101 
5770 1.294042 0.000000 1.074534 19.372073 -0.025132 1.676532 0.000565 
5771 1.340763 0.000000 1.074534 19.375155 -0.023338 1.669412 0.000313 
5772 1.294042 0.000000 1.118085 19.400897 -0.019738 1.633730 -0.002014 
5773 1.387484 0.000000 1.074534 19.386655 -0.021145 1.601798 -0.000280 
5774 1.434205 0.000000 1.074534 19.352106 -0.026407 1.541909 0.003754 
5775 1.387484 0.000000 1.118085 19.407972 -0.018321 1.584934 -0.002324 
5776 1.317403 0.000000 0.835000 19.425228 -0.021346 2.038563 -0.008441 
5777 1.317403 0.000000 0.813224 19.437824 -0.022785 2.033300 -0.009678 
5778 1.340763 0.000000 0.835000 19.281851 -0.044171 1.816116 0.008492 
5779 1.305722 0.000000 0.867664 19.303963 -0.046943 1.830542 0.006097 
5780 1.305722 0.000000 0.856776 19.312917 -0.042840 1.839112 0.005101 
5781 1.317403 0.000000 0.867664 19.303963 -0.046943 1.830542 0.006097 
5782 1.329083 0.000000 0.867664 19.303963 -0.046943 1.830542 0.006097 
5783 1.329083 0.000000 0.856776 19.303963 -0.046943 1.830542 0.006097 
5784 1.340763 0.000000 0.867664 19.303963 -0.046943 1.830542 0.006097 
5785 1.527646 0.000000 0.595467 19.467801 -0.043966 1.620546 -0.008778 
5786 1.527646 0.000000 0.508364 19.505579 -0.035606 1.301950 -0.010207 
5787 1.621088 0.000000 0.595467 19.454743 -0.056409 1.595518 -0.007225 
5788 1.480926 0.000000 0.726121 19.433892 -0.048539 1.884927 -0.007742 
5789 1.480926 0.000000 0.682570 19.450694 -0.046754 1.818493 -0.008819 
5790 1.527646 0.000000 0.726121 19.423144 -0.054855 1.866762 -0.006460 
5791 1.574367 0.000000 0.726121 19.416348 -0.062259 1.848916 -0.005589 
5792 1.574367 0.000000 0.682570 19.432649 -0.059665 1.787109 -0.006668 
5793 1.621088 0.000000 0.726121 19.414291 -0.069841 1.831194 -0.005208 
5794 1.364124 0.000000 0.835000 19.281851 -0.044171 1.816116 0.008492 
5795 1.364124 0.000000 0.813224 19.426025 -0.029535 2.008121 -0.008198 
5796 1.387484 0.000000 0.835000 19.279477 -0.051711 1.810475 0.008786 
5797 1.352443 0.000000 0.867664 19.296048 -0.046569 1.824852 0.006959 
5798 1.352443 0.000000 0.856776 19.279477 -0.051711 1.810475 0.008786 
5799 1.364124 0.000000 0.867664 19.279477 -0.051711 1.810475 0.008786 
5800 1.375804 0.000000 0.889440 19.271606 -0.054010 1.778802 0.009888 
5801 1.375804 0.000000 0.878552 19.271606 -0.054010 1.778802 0.009888 
5802 1.422525 0.000000 0.911215 19.271606 -0.054010 1.778802 0.009888 
5803 1.422525 0.000000 0.922103 19.271890 -0.049117 1.736940 0.010249 
5804 1.480926 0.000000 1.074534 19.356747 -0.027606 1.497979 0.003632 
5805 1.527646 0.000000 1.074534 19.352377 -0.029012 1.499426 0.004068 
5806 1.480926 0.000000 1.118085 19.396619 -0.022559 1.472215 -0.000249 
5807 1.574367 0.000000 1.074534 19.374800 -0.026952 1.351199 0.002890 
5808 1.621088 0.000000 1.074534 19.294485 -0.024708 1.192371 0.012167 
5809 1.574367 0.000000 1.118085 19.399424 -0.025047 1.333357 0.000493 
5810 1.457565 0.000000 0.965655 19.234950 -0.051735 1.689465 0.014439 
5811 1.434205 0.000000 0.965655 19.234950 -0.051735 1.689465 0.014439 
5812 1.457565 0.000000 0.987431 19.289345 -0.037658 1.624435 0.009473 
5813 1.492606 0.000000 0.889440 19.239818 -0.051973 1.736196 0.013520 
5814 1.492606 0.000000 0.878552 19.239818 -0.051973 1.736196 0.013520 
5815 1.714530 0.000000 0.595467 19.459471 -0.072964 1.575218 -0.007547 
5816 1.714530 0.000000 0.508364 19.487596 -0.060718 1.252750 -0.008028 
5817 1.807972 0.000000 0.595467 19.481200 -0.090560 1.561570 -0.009678 
5818 1.667809 0.000000 0.726121 19.417782 -0.078117 1.814023 -0.005404 
5819 1.667809 0.000000 0.682570 19.431857 -0.076116 1.758595 -0.006326 
5820 1.714530 0.000000 0.726121 19.426674 -0.087361 1.799552 -0.006183 
5821 1.761251 0.000000 0.726121 19.442484 -0.097483 1.786327 -0.007687 
5822 1.761251 0.000000 0.682570 19.452378 -0.095165 1.737212 -0.008246 
5823 1.807972 0.000000 0.726121 19.463040 -0.108263 1.776259 -0.009712 
5824 1.562687 0.000000 0.889440 19.185696 -0.055225 1.626164 0.019995 
5825 1.562687 0.000000 0.878552 19.200159 -0.052236 1.661917 0.018217 
5826 1.562687 0.000000 0.900327 19.185696 -0.055225 1.626164 0.019995 
5827 1.515966 0.000000 0.911215 19.228651 -0.054617 1.702483 0.014962 
5828 1.527646 0.000000 0.911215 19.223208 -0.053819 1.699889 0.015538 
5829 1.492606 0.000000 0.932991 19.228651 -0.054617 1.702483 0.014962 
5830 1.480926 0.000000 0.932991 19.234950 -0.051735 1.689465 0.014439 
5831 1.492606 0.000000 0.943879 19.234950 -0.051735 1.689465 0.014439 
5832 1.539327 0.000000 0.911215 19.223208 -0.053819 1.699889 0.015538 
5833 1.551007 0.000000 0.911215 19.209734 -0.052462 1.673652 0.017142 
5834 1.562687 0.000000 0.911215 19.185696 -0.055225 1.626164 0.019995 
5835 1.574367 0.000000 0.911215 19.185696 -0.055225 1.626164 0.019995 
5836 1.562687 0.000000 0.922103 19.185696 -0.055225 1.626164 0.019995 
5837 1.562687 0.000000 0.932991 19.185571 -0.047728 1.583943 0.020368 
5838 1.562687 0.000000 0.943879 19.204827 -0.047017 1.630378 0.018019 
5839 1.586048 0.000000 0.911215 19.185696 -0.055225 1.626164 0.019995 
5840 1.597728 0.000000 0.911215 19.185696 -0.055225 1.626164 0.019995 
5841 1.609408 0.000000 0.911215 19.185696 -0.055225 1.626164 0.019995 
5842 1.621088 0.000000 0.911215 19.171665 -0.048210 1.566853 0.021920 
5843 1.632768 0.000000 0.889440 19.200159 -0.052236 1.661917 0.018217 
5844 1.632768 0.000000 0.878552 19.200159 -0.052236 1.661917 0.018217 
5845 1.632768 0.000000 0.900327 19.171665 -0.048210 1.566853 0.021920 
5846 1.679489 0.000000 0.889440 19.145859 -0.036800 1.470257 0.025312 
5847 1.679489 0.000000 0.878552 19.129574 -0.027165 1.388918 0.027576 
5848 1.679489 0.000000 0.900327 19.157773 -0.043226 1.516433 0.023740 
5849 1.632768 0.000000 0.911215 19.157572 -0.046821 1.524078 0.023698 
5850 1.644449 0.000000 0.911215 19.157572 -0.046821 1.524078 0.023698 
5851 1.656129 0.000000 0.911215 19.157572 -0.046821 1.524078 0.023698 
5852 1.667809 0.000000 0.911215 19.157773 -0.043226 1.516433 0.023740 
5853 1.656129 0.000000 0.922103 19.157572 -0.046821 1.524078 0.023698 
5854 1.656129 0.000000 0.932991 19.133969 -0.045557 1.466929 0.026539 
5855 1.656129 0.000000 0.943879 19.133969 -0.045557 1.466929 0.026539 
5856 1.901413 0.000000 0.595467 19.515098 -0.108840 1.559603 -0.013166 
5857 1.901413 0.000000 0.508364 19.520681 -0.008409 1.284621 -0.011644 
5858 1.994855 0.000000 0.595467 19.553978 -0.126718 1.568221 -0.017264 
5859 1.854692 0.000000 0.726121 19.488817 -0.118997 1.769898 -0.012313 
5860 1.854692 0.000000 0.682570 19.492879 -0.115987 1.725832 -0.012323 
5861 1.901413 0.000000 0.726121 19.518377 -0.129516 1.768606 -0.015356 
5862 1.948134 0.000000 0.726121 19.548034 -0.139271 1.772192 -0.018459 
5863 1.948134 0.000000 0.682570 19.542795 -0.136233 1.729126 -0.017517 
5864 1.994855 0.000000 0.726121 19.576640 -0.148663 1.781346 -0.021511 
5865 1.749570 0.000000 0.889440 19.115388 -0.034216 1.370949 0.029140 
5866 1.749570 0.000000 0.878552 19.129574 -0.027165 1.388918 0.027576 
5867 1.749570 0.000000 0.900327 19.115388 -0.034216 1.370949 0.029140 
5868 1.679489 0.000000 0.911215 19.157773 -0.043226 1.516433 0.023740 
5869 1.691169 0.000000 0.911215 19.145859 -0.036800 1.470257 0.025312 
5870 1.702850 0.000000 0.911215 19.115388 -0.034216 1.370949 0.029140 
5871 1.714530 0.000000 0.911215 19.115388 -0.034216 1.370949 0.029140 
5872 1.726210 0.000000 0.911215 19.115388 -0.034216 1.370949 0.029140 
5873 1.737890 0.000000 0.911215 19.115388 -0.034216 1.370949 0.029140 
5874 1.726210 0.000000 0.922103 19.082242 -0.035888 1.307693 0.032934 
5875 1.749570 0.000000 0.911215 19.115388 -0.034216 1.370949 0.029140 
5876 1.761251 0.000000 0.911215 19.115388 -0.034216 1.370949 0.029140 
5877 1.726210 0.000000 0.932991 19.082242 -0.035888 1.307693 0.032934 
5878 1.726210 0.000000 0.943879 19.082242 -0.035888 1.307693 0.032934 
5879 1.796291 0.000000 0.889440 19.380880 -0.060493 1.626420 0.000093 
5880 1.796291 0.000000 0.878552 19.390096 -0.050825 1.650202 -0.001055 
5881 1.796291 0.000000 0.900327 19.129574 -0.027165 1.388918 0.027576 
5882 1.772931 0.000000 0.911215 19.115388 -0.034216 1.370949 0.029140 
5883 1.784611 0.000000 0.911215 19.162831 -0.026605 1.208883 0.025446 
5884 1.772931 0.000000 0.922103 19.162831 -0.026605 1.208883 0.025446 
5885 1.796291 0.000000 0.911215 19.162831 -0.026605 1.208883 0.025446 
5886 1.807972 0.000000 0.911215 19.193646 -0.019275 1.136834 0.022769 
5887 1.772931 0.000000 0.932991 19.145983 -0.027421 1.122814 0.027683 
5888 1.772931 0.000000 0.943879 19.145983 -0.027421 1.122814 0.027683 
5889 1.843012 0.000000 0.889440 19.432953 -0.075515 1.592125 -0.004964 
5890 1.843012 0.000000 0.878552 19.438976 -0.062586 1.618934 -0.005805 
5891 1.843012 0.000000 0.900327 19.257719 -0.011384 0.884749 0.017605 
5892 1.948134 0.000000 1.074534 19.390670 0.006340 -0.712109 0.004751 
5893 1.901413 0.000000 1.074534 19.275808 0.008730 -0.570633 0.016971 
5894 1.948134 0.000000 1.118085 19.234299 0.026710 -1.182818 0.018357 
5895 1.948134 0.000000 1.161637 19.144886 0.023303 -0.967312 0.028653 
5896 1.901413 0.000000 1.161637 19.305643 0.019770 -0.841152 0.012917 
5897 1.948134 0.000000 1.205188 19.126997 0.016489 -0.907706 0.030759 
5898 1.819652 0.000000 0.911215 19.241595 -0.014720 0.845494 0.019425 
5899 1.831332 0.000000 0.911215 19.241595 -0.014720 0.845494 0.019425 
5900 1.843012 0.000000 0.911215 19.241595 -0.014720 0.845494 0.019425 
5901 1.854692 0.000000 0.911215 19.241595 -0.014720 0.845494 0.019425 
5902 1.843012 0.000000 0.922103 19.241595 -0.014720 0.845494 0.019425 
5903 1.843012 0.000000 0.932991 19.241595 -0.014720 0.845494 0.019425 
5904 1.843012 0.000000 0.943879 19.200541 -0.015244 0.729296 0.024080 
5905 1.889733 0.000000 0.889440 19.495349 -0.088500 1.573909 -0.011237 
5906 1.889733 0.000000 0.878552 19.497627 -0.073277 1.603350 -0.011713 
5907 1.889733 0.000000 0.900327 19.493072 0.042443 1.544328 -0.010743 
5908 1.866373 0.000000 0.911215 19.257719 -0.011384 0.884749 0.017605 
5909 1.878053 0.000000 0.911215 19.257719 -0.011384 0.884749 0.017605 
5910 1.889733 0.000000 0.911215 19.257719 -0.011384 0.884749 0.017605 
5911 1.901413 0.000000 0.911215 19.508811 -0.005127 1.540527 -0.012330 
5912 1.889733 0.000000 0.922103 19.241595 -0.014720 0.845494 0.019425 
5913 1.889733 0.000000 0.932991 19.241595 -0.014720 0.845494 0.019425 
5914 1.889733 0.000000 0.943879 19.348565 -0.013317 0.721407 0.009027 
5915 2.088297 0.000000 0.595467 19.589766 -0.142540 1.585797 -0.021125 
5916 2.088297 0.000000 0.508364 19.575836 -0.120399 1.241391 -0.017093 
5917 2.181738 0.000000 0.595467 19.616500 -0.155995 1.610419 -0.024114 
5918 2.041576 0.000000 0.726121 19.603741 -0.158067 1.794513 -0.024450 
5919 2.041576 0.000000 0.682570 19.591489 -0.154629 1.748207 -0.022744 
5920 2.088297 0.000000 0.726121 19.628053 -0.167843 1.811145 -0.027138 
5921 2.135017 0.000000 0.726121 19.646947 -0.177364 1.829791 -0.029288 
5922 2.135017 0.000000 0.682570 19.630321 -0.172571 1.777194 -0.027056 
5923 2.181738 0.000000 0.726121 19.661371 -0.188111 1.850023 -0.030994 
5924 1.936454 0.000000 0.889440 19.561885 -0.100830 1.571570 -0.018094 
5925 1.936454 0.000000 0.878552 19.559916 -0.083072 1.603021 -0.018145 
5926 1.936454 0.000000 0.900327 19.564216 0.024114 1.543193 -0.018076 
5927 1.913093 0.000000 0.911215 19.527769 -0.007577 1.539048 -0.014274 
5928 1.924774 0.000000 0.911215 19.546956 -0.010080 1.539078 -0.016256 
5929 1.936454 0.000000 0.911215 19.566237 -0.012655 1.540668 -0.018263 
5930 1.948134 0.000000 0.911215 19.585269 -0.015405 1.543442 -0.020256 
5931 1.936454 0.000000 0.922103 19.562505 -0.010513 0.473232 -0.012194 
5932 1.936454 0.000000 0.932991 19.557540 -0.014436 0.414221 -0.011543 
5933 1.936454 0.000000 0.943879 19.557540 -0.014436 0.414221 -0.011543 
5934 1.959814 0.000000 0.911215 19.604501 -0.018062 1.548030 -0.022286 
5935 1.971494 0.000000 0.911215 19.623304 -0.020673 1.554264 -0.024287 
5936 1.983175 0.000000 0.932991 19.562505 -0.010513 0.473232 -0.012194 
5937 1.983175 0.000000 0.922103 19.649428 -0.021403 1.565317 -0.027090 
5938 1.983175 0.000000 0.943879 19.557540 -0.014436 0.414221 -0.011543 
5939 2.053256 0.000000 0.889440 19.710990 -0.131750 1.648929 -0.034250 
5940 2.053256 0.000000 0.878552 19.699290 -0.107695 1.678841 -0.033279 
5941 2.053256 0.000000 0.900327 19.724363 -0.013654 1.632971 -0.035460 
5942 2.029896 0.000000 0.932991 19.736951 -0.021238 1.611550 -0.036591 
5943 2.029896 0.000000 0.922103 19.723039 -0.031813 1.613247 -0.035155 
5944 2.029896 0.000000 0.943879 19.752129 -0.003468 1.541234 -0.037588 
5945 2.275180 0.000000 0.595467 19.627239 -0.251080 1.586413 -0.025127 
5946 2.275180 0.000000 0.508364 19.606903 -0.135453 1.279193 -0.020573 
5947 2.368622 0.000000 0.595467 19.625333 -0.254606 1.612298 -0.025153 
5948 2.228459 0.000000 0.726121 19.670142 -0.198942 1.870848 -0.032121 
5949 2.228459 0.000000 0.682570 19.652987 -0.190710 1.811939 -0.029756 
5950 2.275180 0.000000 0.726121 19.673751 -0.209303 1.891063 -0.032709 
5951 2.321901 0.000000 0.726121 19.672398 -0.218068 1.909598 -0.032764 
5952 2.321901 0.000000 0.682570 19.657405 -0.204722 1.846573 -0.030565 
5953 2.368622 0.000000 0.726121 19.666510 -0.223860 1.926411 -0.032329 
5954 2.053256 0.000000 0.911215 19.738435 -0.039353 1.637004 -0.036967 
5955 2.041576 0.000000 0.911215 19.724706 -0.036386 1.621544 -0.035401 
5956 2.064936 0.000000 0.911215 19.750777 -0.042589 1.653497 -0.038399 
5957 2.076616 0.000000 0.911215 19.762543 -0.046044 1.671073 -0.039784 
5958 2.088297 0.000000 0.911215 19.772112 -0.049432 1.689027 -0.040944 
5959 2.076616 0.000000 0.922103 19.779388 -0.043843 1.681559 -0.041637 
5960 2.076616 0.000000 0.932991 19.797059 -0.032248 1.684486 -0.043509 
5961 2.076616 0.000000 0.943879 19.817801 -0.014819 1.625985 -0.045167 
5962 2.170058 0.000000 0.889440 19.776371 -0.166911 1.791229 -0.042397 
5963 2.170058 0.000000 0.878552 19.763811 -0.142060 1.812643 -0.041267 
5964 2.170058 0.000000 0.900327 19.790404 -0.053712 1.791397 -0.043800 
5965 2.170058 0.000000 0.911215 19.804917 -0.076660 1.812218 -0.045525 
5966 2.158378 0.000000 0.911215 19.804004 -0.072043 1.795378 -0.045267 
5967 2.181738 0.000000 0.911215 19.804947 -0.081509 1.828148 -0.045684 
5968 2.251820 0.000000 0.965655 19.842081 -0.061206 1.894624 -0.050222 
5969 2.251820 0.000000 0.987431 19.873128 -0.036293 1.849926 -0.053032 
5970 2.193419 0.000000 0.911215 19.804107 -0.086564 1.843227 -0.045744 
5971 2.205099 0.000000 0.911215 19.802287 -0.092071 1.857599 -0.045697 
5972 2.193419 0.000000 0.922103 19.818184 -0.084473 1.867107 -0.047452 
5973 2.216779 0.000000 0.911215 19.799868 -0.097685 1.871395 -0.045582 
5974 2.216779 0.000000 0.900327 19.788355 -0.073291 1.845032 -0.044108 
5975 2.228459 0.000000 0.911215 19.796483 -0.103774 1.883863 -0.045355 
5976 2.193419 0.000000 0.932991 19.833169 -0.071180 1.886668 -0.049211 
5977 2.193419 0.000000 0.943879 19.850345 -0.055886 1.866406 -0.050807 
5978 2.462063 0.000000 0.595467 19.612407 -0.248680 1.632977 -0.023982 
5979 2.462063 0.000000 0.508364 19.597627 -0.126599 1.313852 -0.019843 
5980 2.555505 0.000000 0.595467 19.591990 -0.232112 1.646471 -0.021962 
5981 2.415343 0.000000 0.726121 19.656197 -0.226400 1.940017 -0.031399 
5982 2.415343 0.000000 0.682570 19.644709 -0.208904 1.874655 -0.029527 
5983 2.462063 0.000000 0.726121 19.643143 -0.225203 1.951465 -0.030160 
5984 2.508784 0.000000 0.726121 19.627948 -0.220186 1.960850 -0.028673 
5985 2.508784 0.000000 0.682570 19.620573 -0.199790 1.895356 -0.027218 
5986 2.555505 0.000000 0.726121 19.612008 -0.211377 1.968211 -0.027086 
5987 2.391982 0.000000 0.965655 19.722246 -0.169571 1.962179 -0.038444 
5988 2.391982 0.000000 0.987431 19.722770 -0.151694 1.911285 -0.037962 
5989 2.427023 0.000000 0.911215 19.695676 -0.213288 1.976245 -0.035866 
5990 2.415343 0.000000 0.911215 19.702746 -0.208875 1.974709 -0.036581 
5991 2.438703 0.000000 0.911215 19.688549 -0.217083 1.977298 -0.035139 
5992 2.648947 0.000000 0.595467 19.564557 -0.125441 1.598027 -0.018606 
5993 2.648947 0.000000 0.508364 19.565284 -0.089152 1.324955 -0.016551 
5994 2.742388 0.000000 0.595467 19.538017 -0.095797 1.595394 -0.015823 
5995 2.602226 0.000000 0.726121 19.594984 -0.199289 1.973746 -0.025367 
5996 2.602226 0.000000 0.682570 19.591022 -0.177076 1.908094 -0.024261 
5997 2.648947 0.000000 0.726121 19.578011 -0.184860 1.977275 -0.023631 
5998 2.695668 0.000000 0.726121 19.560675 -0.168182 1.979058 -0.021841 
5999 2.695668 0.000000 0.682570 19.554369 -0.232385 1.866904 -0.020117 
6000 2.742388 0.000000 0.726121 19.542580 -0.149875 1.980062 -0.019966 
6001 2.625586 0.000000 0.878552 19.589620 -0.255898 1.984952 -0.024997 
6002 2.625586 0.000000 0.856776 19.590671 -0.244120 1.999938 -0.025248 
6003 2.648947 0.000000 0.878552 19.579798 -0.251349 1.983483 -0.023958 
6004 2.532145 0.000000 0.965655 19.629863 -0.234211 1.963944 -0.028921 
6005 2.555505 0.000000 0.965655 19.616314 -0.238317 1.963120 -0.027512 
6006 2.532145 0.000000 0.987431 19.629269 -0.227351 1.905666 -0.028255 
6007 2.497104 0.000000 0.911215 19.653529 -0.228783 1.979877 -0.031538 
6008 2.485424 0.000000 0.911215 19.660264 -0.227497 1.979785 -0.032236 
6009 2.508784 0.000000 0.911215 19.646878 -0.229720 1.979747 -0.030847 
6010 2.672307 0.000000 0.878552 19.570158 -0.246398 1.982167 -0.022940 
6011 2.672307 0.000000 0.856776 19.571468 -0.233945 1.998298 -0.023230 
6012 2.602226 0.000000 1.074534 19.577897 -0.204140 1.682176 -0.020785 
6013 2.648947 0.000000 1.074534 19.554617 -0.217510 1.674571 -0.018324 
6014 2.602226 0.000000 1.118085 19.569183 -0.170200 1.556262 -0.018772 
6015 2.695668 0.000000 1.074534 19.533462 -0.228265 1.666152 -0.016077 
6016 2.742388 0.000000 1.074534 19.513404 -0.237819 1.658053 -0.013947 
6017 2.695668 0.000000 1.118085 19.525267 -0.203222 1.537873 -0.014115 
6018 2.578865 0.000000 0.965655 19.603002 -0.241339 1.962150 -0.026126 
6019 2.578865 0.000000 0.987431 19.602161 -0.236738 1.903668 -0.025435 
6020 2.835830 0.000000 0.595467 19.510840 -0.066004 1.585297 -0.012921 
6021 2.835830 0.000000 0.508364 19.523928 -0.041488 1.309761 -0.012155 
6022 2.929272 0.000000 0.595467 19.483016 -0.039081 1.567427 -0.009896 
6023 2.789109 0.000000 0.726121 19.524467 -0.131021 1.979710 -0.018077 
6024 2.789109 0.000000 0.682570 19.521401 -0.196742 1.866073 -0.016663 
6025 2.835830 0.000000 0.726121 19.505647 -0.111091 1.978021 -0.016105 
6026 2.882551 0.000000 0.813224 19.478659 -0.144334 2.015608 -0.013743 
6027 2.882551 0.000000 0.769673 19.481553 -0.116190 2.012441 -0.013988 
6028 2.765749 0.000000 0.878552 19.530567 -0.224333 1.975237 -0.018748 
6029 2.765749 0.000000 0.856776 19.531917 -0.209322 1.993604 -0.019063 
6030 2.789109 0.000000 1.074534 19.495403 -0.247079 1.650049 -0.012033 
6031 2.835830 0.000000 1.074534 19.476769 -0.258291 1.643387 -0.010070 
6032 2.789109 0.000000 1.118085 19.488534 -0.230642 1.523432 -0.010242 
6033 2.882551 0.000000 1.074534 19.457831 -0.272036 1.638356 -0.008096 
6034 2.929272 0.000000 1.074534 19.439639 -0.288344 1.635518 -0.006226 
6035 2.882551 0.000000 1.118085 19.455267 -0.263398 1.515309 -0.006795 
6036 2.859191 0.000000 0.878552 19.485872 -0.201328 1.969645 -0.014054 
6037 2.859191 0.000000 0.856776 19.487242 -0.182799 1.989187 -0.014381 
6038 2.882551 0.000000 0.878552 19.474083 -0.195630 1.968164 -0.012819 
6039 2.905911 0.000000 0.878552 19.462336 -0.189949 1.967542 -0.011597 
6040 2.905911 0.000000 0.856776 19.463917 -0.169095 1.987030 -0.011944 
6041 3.069434 0.000000 0.813224 19.398463 -0.077638 1.991883 -0.005211 
6042 3.069434 0.000000 0.769673 19.406692 -0.043723 1.980745 -0.005928 
6043 2.999353 0.000000 0.878552 19.417248 -0.168462 1.961342 -0.006879 
6044 2.999353 0.000000 0.856776 19.418834 -0.142619 1.978810 -0.007202 
6045 3.022713 0.000000 0.878552 19.407778 -0.163316 1.960233 -0.005891 
6046 2.975993 0.000000 1.074534 19.422241 -0.308098 1.635880 -0.004473 
6047 3.022713 0.000000 1.074534 19.407380 -0.330706 1.638280 -0.003006 
6048 2.975993 0.000000 1.118085 19.424704 -0.307346 1.519019 -0.003750 
6049 3.069434 0.000000 1.074534 19.395470 -0.355565 1.642902 -0.001870 
6050 3.116155 0.000000 1.074534 19.387273 -0.382110 1.649234 -0.001136 
6051 3.069434 0.000000 1.118085 19.402445 -0.362161 1.532856 -0.001674 
6052 3.046074 0.000000 0.878552 19.399341 -0.158613 1.959046 -0.005009 
6053 3.046074 0.000000 0.856776 19.400452 -0.130183 1.974723 -0.005264 
6054 3.069434 0.000000 0.878552 19.391600 -0.153893 1.957963 -0.004200 
6055 3.092795 0.000000 0.878552 19.384606 -0.149474 1.956378 -0.003463 
6056 3.092795 0.000000 0.856776 19.385852 -0.118974 1.970076 -0.003712 
6057 3.256318 0.000000 0.813224 19.360397 -0.039400 1.966462 -0.001034 
6058 3.256318 0.000000 0.769673 19.367322 -0.008117 1.940081 -0.001466 
6059 3.186236 0.000000 0.878552 19.365612 -0.133425 1.955819 -0.001500 
6060 3.186236 0.000000 0.856776 19.366037 -0.100065 1.964882 -0.001617 
6061 3.209597 0.000000 0.878552 19.362768 -0.129548 1.956357 -0.001212 
6062 3.162876 0.000000 1.074534 19.382376 -0.409389 1.657923 -0.000767 
6063 3.209597 0.000000 1.074534 19.380634 -0.435437 1.668074 -0.000736 
6064 3.162876 0.000000 1.118085 19.393027 -0.424317 1.555758 -0.001024 
6065 3.256318 0.000000 1.074534 19.381703 -0.459166 1.678728 -0.000996 
6066 3.256318 0.000000 1.118085 19.394273 -0.488458 1.585985 -0.001558 
6067 3.232957 0.000000 0.878552 19.360452 -0.125668 1.957309 -0.000982 
6068 3.232957 0.000000 0.856776 19.360025 -0.092125 1.964246 -0.000991 
6069 3.256318 0.000000 0.878552 19.358940 -0.121834 1.958232 -0.000834 
6070 3.279678 0.000000 0.878552 19.358497 -0.118832 1.962168 -0.000828 
6071 3.279678 0.000000 0.856776 19.356775 -0.085912 1.966040 -0.000674 
6072 3.303039 0.000000 0.878552 19.358002 -0.115671 1.964420 -0.000798 
6073 3.443201 0.000000 0.813224 19.350677 -0.044714 1.958736 0.000040 
6074 3.443201 0.000000 0.769673 19.352990 -0.020051 1.910952 0.000296 
6075 3.489922 0.000000 0.813224 19.350235 -0.054231 1.960320 0.000066 
6076 3.326399 0.000000 0.878552 19.357781 -0.112867 1.966593 -0.000797 
6077 3.326399 0.000000 0.856776 19.355579 -0.081405 1.968549 -0.000576 
6078 3.443201 0.000000 1.074534 19.409127 -0.502071 1.726031 -0.004343 
6079 3.489922 0.000000 1.074534 19.418234 -0.496409 1.739889 -0.005390 
6080 3.443201 0.000000 1.118085 19.421727 -0.573293 1.649723 -0.005158 
6081 3.326399 0.000000 1.009206 19.375622 -0.363164 1.835761 -0.001623 
6082 3.303039 0.000000 1.009206 19.373074 -0.362391 1.832130 -0.001326 
6083 3.326399 0.000000 1.030982 19.379417 -0.411064 1.781808 -0.001594 
6084 3.419841 0.000000 0.878552 19.358551 -0.107358 1.982289 -0.001036 
6085 3.419841 0.000000 0.856776 19.354675 -0.080306 1.978799 -0.000590 
6086 3.443201 0.000000 0.878552 19.358779 -0.108042 1.987361 -0.001113 
6087 3.466561 0.000000 0.878552 19.359114 -0.109932 1.993027 -0.001208 
6088 3.466561 0.000000 0.856776 19.354750 -0.085156 1.986736 -0.000683 
6089 3.489922 0.000000 0.878552 19.359407 -0.112802 1.998441 -0.001297 
6090 3.419841 0.000000 1.009206 19.387986 -0.354701 1.854351 -0.003056 
6091 3.443201 0.000000 1.009206 19.391096 -0.350378 1.860796 -0.003430 
6092 3.419841 0.000000 1.030982 19.393498 -0.408704 1.800989 -0.003214 
6093 3.536643 0.000000 0.813224 19.350304 -0.067446 1.962456 0.000033 
6094 3.536643 0.000000 0.769673 19.351162 -0.043829 1.903039 0.000559 
6095 3.583364 0.000000 0.813224 19.351637 -0.083771 1.964788 -0.000134 
6096 3.513282 0.000000 0.878552 19.359695 -0.116935 2.003984 -0.001388 
6097 3.513282 0.000000 0.856776 19.355253 -0.094044 1.995081 -0.000826 
6098 3.536643 0.000000 0.878552 19.359966 -0.122099 2.009482 -0.001477 
6099 3.560003 0.000000 0.878552 19.360110 -0.128497 2.014925 -0.001554 
6100 3.560003 0.000000 0.856776 19.355670 -0.107185 2.003561 -0.000965 
6101 3.583364 0.000000 0.878552 19.360795 -0.136107 2.020216 -0.001686 
6102 3.536643 0.000000 1.074534 19.426080 -0.487555 1.756791 -0.006329 
6103 3.583364 0.000000 1.074534 19.431707 -0.476899 1.776665 -0.007065 
6104 3.536643 0.000000 1.118085 19.442097 -0.575564 1.680996 -0.007533 
6105 3.630084 0.000000 1.074534 19.435262 -0.468407 1.800140 -0.007631 
6106 3.630084 0.000000 1.118085 19.457634 -0.560458 1.720638 -0.009441 
6107 3.630084 0.000000 0.813224 19.353338 -0.101892 1.967045 -0.000341 
6108 3.630084 0.000000 0.769673 19.353348 -0.076006 1.897847 0.000378 
6109 3.676805 0.000000 0.813224 19.356165 -0.120446 1.969726 -0.000669 
6110 3.606724 0.000000 0.878552 19.360828 -0.144470 2.025319 -0.001750 
6111 3.606724 0.000000 0.856776 19.356787 -0.124274 2.011452 -0.001174 
6112 3.630084 0.000000 0.878552 19.361313 -0.153331 2.030117 -0.001858 
6113 3.653445 0.000000 0.878552 19.361897 -0.162729 2.034497 -0.001973 
6114 3.653445 0.000000 0.856776 19.358542 -0.143100 2.018567 -0.001443 
6115 3.676805 0.000000 0.878552 19.363243 -0.172397 2.038769 -0.002165 
6116 3.653445 0.000000 1.009206 19.401153 -0.328683 1.948744 -0.005308 
6117 3.630084 0.000000 1.009206 19.401078 -0.326971 1.937082 -0.005177 
6118 3.653445 0.000000 1.030982 19.412447 -0.372643 1.897094 -0.006023 
6119 3.606724 0.000000 1.009206 19.401036 -0.326196 1.925626 -0.005054 
6120 3.583364 0.000000 1.009206 19.400813 -0.327026 1.914644 -0.004922 
6121 3.606724 0.000000 1.030982 19.411903 -0.373790 1.872705 -0.005726 
6122 3.723526 0.000000 0.813224 19.360988 -0.139302 1.972229 -0.001201 
6123 3.723526 0.000000 0.769673 19.360497 -0.110243 1.894922 -0.000342 
6124 3.770247 0.000000 0.813224 19.367345 -0.157582 1.974432 -0.001889 
6125 3.700166 0.000000 0.878552 19.365043 -0.182508 2.042707 -0.002401 
6126 3.700166 0.000000 0.856776 19.362508 -0.162800 2.025059 -0.001934 
6127 3.723526 0.000000 0.878552 19.367402 -0.192328 2.046527 -0.002694 
6128 3.746887 0.000000 0.878552 19.370460 -0.201777 2.049804 -0.003052 
6129 3.746887 0.000000 0.856776 19.367572 -0.182453 2.030688 -0.002531 
6130 3.770247 0.000000 0.878552 19.373744 -0.211276 2.052940 -0.003433 
6131 3.746887 0.000000 1.009206 19.405471 -0.344041 1.995381 -0.006264 
6132 3.770247 0.000000 1.009206 19.408024 -0.348553 2.006468 -0.006652 
6133 3.746887 0.000000 1.030982 19.416876 -0.381728 1.948148 -0.007014 
6134 3.816968 0.000000 0.813224 19.375442 -0.173992 1.977510 -0.002765 
6135 3.816968 0.000000 0.769673 19.373824 -0.142533 1.894305 -0.001722 
6136 3.863689 0.000000 0.813224 19.385768 -0.188055 1.981235 -0.003876 
6137 3.793607 0.000000 0.878552 19.377606 -0.219896 2.056396 -0.003876 
6138 3.793607 0.000000 0.856776 19.374849 -0.200060 2.036553 -0.003357 
6139 3.816968 0.000000 0.878552 19.382392 -0.227612 2.059854 -0.004413 
6140 3.840328 0.000000 0.878552 19.387290 -0.234606 2.063287 -0.004961 
6141 3.840328 0.000000 0.856776 19.384487 -0.215377 2.042218 -0.004422 
6142 3.863689 0.000000 0.878552 19.393172 -0.240729 2.066767 -0.005610 
6143 3.793607 0.000000 0.965655 19.394876 -0.287866 2.067254 -0.005855 
6144 3.793607 0.000000 0.987431 19.401660 -0.329644 2.065012 -0.006595 
6145 3.793607 0.000000 1.009206 19.411320 -0.352778 2.017651 -0.007117 
6146 3.793607 0.000000 1.030982 19.422301 -0.387716 1.973013 -0.007841 
6147 3.910409 0.000000 0.813224 19.397278 -0.199344 1.985905 -0.005116 
6148 3.910409 0.000000 0.769673 19.393506 -0.167585 1.898869 -0.003805 
6149 3.957130 0.000000 0.813224 19.410827 -0.208148 1.991360 -0.006573 
6150 3.887049 0.000000 0.878552 19.399427 -0.246071 2.070297 -0.006296 
6151 3.887049 0.000000 0.856776 19.396464 -0.227578 2.048222 -0.005729 
6152 3.910409 0.000000 0.878552 19.405715 -0.250644 2.073779 -0.006986 
6153 3.933770 0.000000 0.878552 19.412842 -0.254431 2.077338 -0.007761 
6154 3.933770 0.000000 0.856776 19.409582 -0.236628 2.054763 -0.007157 
6155 3.957130 0.000000 0.878552 19.420043 -0.256798 2.081253 -0.008546 
6156 3.852008 0.000000 0.932991 19.399338 -0.834786 2.141993 -0.008768 
6157 3.852008 0.000000 0.922103 19.397492 -0.295226 2.085241 -0.006332 
6158 3.852008 0.000000 0.943879 19.402040 -0.258680 2.085806 -0.006752 
6159 3.933770 0.000000 0.965655 19.429013 -0.305383 2.104819 -0.009800 
6160 3.957130 0.000000 0.965655 19.436003 -0.304868 2.110190 -0.010578 
6161 6.106289 0.000000 -0.014255 19.564621 0.223577 -0.028822 -0.011955 
6162 6.106289 0.000000 -0.362667 19.608676 0.399079 -0.657342 -0.017946 
6163 6.480056 0.000000 -0.014255 19.533784 0.236623 -0.032999 -0.008785 
6164 6.853823 0.000000 -0.014255 19.493737 0.188088 -0.033462 -0.004599 
6165 6.853823 0.000000 -0.362667 19.513291 0.335325 -0.794607 -0.008485 
6166 7.227589 0.000000 -0.014255 19.475598 0.125803 -0.033759 -0.002679 
6167 5.545639 0.000000 0.508364 19.490627 0.392695 0.928573 -0.006869 
6168 5.545639 0.000000 0.334157 19.493288 0.261024 0.598200 -0.005582 
6169 5.732522 0.000000 0.508364 19.533341 0.387424 0.917698 -0.011211 
6170 6.106289 0.000000 2.076219 19.552269 -0.019179 0.323203 -0.010821 
6171 5.732522 0.000000 2.076219 19.502840 -0.022021 0.439808 -0.005953 
6172 6.106289 0.000000 2.424632 19.482802 0.056776 0.157935 -0.003450 
6173 4.868187 0.000000 1.009206 19.633889 -0.478190 2.192594 -0.032311 
6174 4.844826 0.000000 1.009206 19.638129 -0.446580 2.184364 -0.032578 
6175 4.891547 0.000000 1.009206 19.626556 -0.512775 2.200997 -0.031738 
6176 4.821466 0.000000 1.009206 19.639895 -0.417972 2.176619 -0.032607 
6177 4.798105 0.000000 1.009206 19.639844 -0.392230 2.169047 -0.032460 
6178 4.914908 0.000000 1.009206 19.615424 -0.549785 2.210268 -0.030795 
6179 4.938268 0.000000 1.009206 19.599760 -0.588753 2.220762 -0.029412 
6180 5.008349 0.000000 0.965655 19.469822 -0.749254 2.427913 -0.019105 
6181 5.008349 0.000000 0.943879 19.433890 -0.710582 2.525620 -0.016540 
6182 5.008349 0.000000 0.987431 19.498462 -0.692105 2.336578 -0.020687 
6183 5.055070 0.000000 1.009206 19.433674 -0.789161 2.318585 -0.014179 
6184 5.031710 0.000000 1.009206 19.480411 -0.751990 2.289814 -0.018484 
6185 5.078431 0.000000 1.009206 19.379961 -0.821179 2.355324 -0.009258 
6186 5.008349 0.000000 1.009206 19.519959 -0.712197 2.266517 -0.022127 
6187 4.984989 0.000000 1.009206 19.552447 -0.670739 2.248107 -0.025111 
6188 5.919406 0.000000 0.508364 19.552390 0.392579 0.881634 -0.013018 
6189 5.919406 0.000000 0.334157 19.575377 0.311441 0.610095 -0.014174 
6190 6.106289 0.000000 0.508364 19.540199 0.386244 0.765103 -0.011238 
6191 6.293172 0.000000 0.508364 19.540575 0.313710 0.505941 -0.010272 
6192 6.293172 0.000000 0.334157 19.605052 0.468551 0.658161 -0.017733 
6193 6.480056 0.000000 0.508364 19.636801 0.291315 0.455504 -0.020073 
6194 5.452197 0.000000 0.769673 19.375126 0.879030 1.640458 -0.001472 
6195 5.452197 0.000000 0.682570 19.424988 0.615754 1.338670 -0.003169 
6196 5.545639 0.000000 0.769673 19.437642 0.903011 1.611104 -0.007747 
6197 5.639081 0.000000 0.769673 19.473917 0.830501 1.570921 -0.010807 
6198 5.639081 0.000000 0.682570 19.496503 0.523602 1.295832 -0.009951 
6199 5.732522 0.000000 0.769673 19.487671 0.762173 1.542471 -0.011702 
6200 5.312035 0.000000 0.900327 18.803416 0.920307 2.998821 0.039371 
6201 5.312035 0.000000 0.856776 18.961275 1.151887 2.569817 0.028659 
6202 5.358756 0.000000 0.900327 18.941452 1.080622 2.836522 0.027254 
6203 5.148512 0.000000 1.009206 19.182080 -0.867697 2.520074 0.008582 
6204 5.125151 0.000000 1.009206 19.253253 -0.862910 2.455417 0.002223 
6205 5.171872 0.000000 1.009206 19.107764 -0.858030 2.594769 0.015138 
6206 5.101791 0.000000 1.009206 19.319454 -0.846819 2.400482 -0.003749 
6207 5.195233 0.000000 1.009206 19.032637 -0.830652 2.678704 0.021665 
6208 5.218593 0.000000 1.009206 18.959610 -0.783073 2.769950 0.027887 
6209 5.405476 0.000000 0.900327 19.066241 1.153551 2.684601 0.016503 
6210 5.405476 0.000000 0.856776 19.184018 1.210494 2.293798 0.009382 
6211 5.452197 0.000000 0.900327 19.167422 1.173548 2.555257 0.007946 
6212 5.498918 0.000000 0.900327 19.246350 1.164450 2.449587 0.001385 
6213 5.498918 0.000000 0.856776 19.321907 1.154113 2.119501 -0.002268 
6214 5.545639 0.000000 0.900327 19.306575 1.140195 2.364613 -0.003523 
6215 5.825964 0.000000 0.769673 19.483929 0.701915 1.520922 -0.010909 
6216 5.825964 0.000000 0.682570 19.503868 0.434277 1.265079 -0.010276 
6217 5.919406 0.000000 0.769673 19.471488 0.651299 1.507662 -0.009341 
6218 6.012847 0.000000 0.769673 19.475445 0.601276 1.514413 -0.009636 
6219 6.012847 0.000000 0.682570 19.470845 0.302192 1.227000 -0.006366 
6220 6.106289 0.000000 0.769673 19.520127 0.511980 1.561030 -0.014358 
6221 5.592360 0.000000 0.900327 19.351454 1.109242 2.296377 -0.007084 
6222 5.592360 0.000000 0.856776 19.400635 1.074979 2.009774 -0.008662 
6223 5.639081 0.000000 0.900327 19.384980 1.075990 2.240418 -0.009654 
6224 5.685802 0.000000 0.900327 19.409151 1.043815 2.194342 -0.011412 
6225 5.685802 0.000000 0.856776 19.442665 0.998061 1.935457 -0.011781 
6226 5.732522 0.000000 0.900327 19.427332 1.014049 2.157053 -0.012688 
6227 5.475558 0.000000 1.009206 18.955308 0.446984 3.203847 0.022560 
6228 5.475558 0.000000 0.987431 18.994076 0.627998 3.126778 0.019446 
6229 5.475558 0.000000 1.030982 18.934296 0.186345 3.221310 0.024804 
6230 5.475558 0.000000 1.052758 18.933819 -0.050999 3.168405 0.025830 
6231 5.475558 0.000000 1.074534 18.951506 -0.254698 3.043089 0.025952 
6232 5.779243 0.000000 0.900327 19.441967 0.986942 2.128334 -0.013723 
6233 5.779243 0.000000 0.856776 19.461575 0.932907 1.886063 -0.012894 
6234 5.825964 0.000000 0.900327 19.454789 0.962059 2.109037 -0.014697 
6235 5.872685 0.000000 0.900327 19.468252 0.938501 2.100047 -0.015864 
6236 5.872685 0.000000 0.856776 19.470396 0.882741 1.865256 -0.013355 
6237 5.919406 0.000000 0.900327 19.485454 0.914523 2.101705 -0.017536 
6238 5.662441 0.000000 1.009206 19.257911 0.739388 2.891733 -0.003895 
6239 5.662441 0.000000 0.987431 19.289460 0.822933 2.776387 -0.005726 
6240 5.662441 0.000000 1.030982 19.227574 0.558912 2.994031 -0.001781 
6241 5.802604 0.000000 1.009206 19.379645 0.753961 2.731542 -0.014004 
6242 5.802604 0.000000 0.987431 19.397049 0.808389 2.621458 -0.014456 
6243 5.662441 0.000000 1.052758 19.201392 0.371106 3.049375 0.000456 
6244 5.662441 0.000000 1.074534 19.182339 0.174979 3.037081 0.002870 
6245 7.601356 0.000000 -0.014255 19.470256 0.088483 -0.033475 -0.002108 
6246 7.601356 0.000000 -0.362667 19.461638 0.122200 -0.869937 -0.003237 
6247 7.975123 0.000000 -0.014255 19.471201 0.076636 -0.032619 -0.002200 
6248 8.348890 0.000000 -0.014255 19.467330 0.072576 -0.031639 -0.001799 
6249 8.348890 0.000000 -0.362667 19.452799 0.096942 -0.809086 -0.002043 
6250 8.722656 0.000000 -0.014255 19.460191 0.061556 -0.030399 -0.001061 
6251 6.666939 0.000000 0.508364 19.640824 0.320947 0.740905 -0.021442 
6252 6.666939 0.000000 0.334157 19.518798 0.408829 0.714121 -0.008877 
6253 6.853823 0.000000 0.508364 19.599706 0.291791 0.966771 -0.018149 
6254 7.040706 0.000000 0.508364 19.552494 0.241132 1.104549 -0.013946 
6255 7.040706 0.000000 0.334157 19.494933 0.239638 0.777960 -0.006377 
6256 7.227589 0.000000 0.508364 19.509380 0.192561 1.177112 -0.009876 
6257 6.199731 0.000000 0.769673 19.592173 0.354262 1.655742 -0.022251 
6258 6.199731 0.000000 0.682570 19.483136 -0.016479 1.327507 -0.008069 
6259 6.293172 0.000000 0.769673 19.655210 0.168765 1.780118 -0.029664 
6260 6.386614 0.000000 0.769673 19.693328 0.018638 1.890990 -0.034631 
6261 6.386614 0.000000 0.682570 19.614704 -0.206378 1.588385 -0.023790 
6262 6.480056 0.000000 0.769673 19.714979 -0.072721 1.949588 -0.037494 
6263 5.966127 0.000000 0.900327 19.508235 0.887604 2.114106 -0.019894 
6264 5.966127 0.000000 0.856776 19.491098 0.843715 1.881866 -0.015474 
6265 6.012847 0.000000 0.900327 19.538122 0.852695 2.134537 -0.023048 
6266 6.059568 0.000000 0.900327 19.573687 0.806240 2.159468 -0.026804 
6267 6.059568 0.000000 0.856776 19.546266 0.785480 1.934468 -0.021446 
6268 6.106289 0.000000 0.900327 19.612817 0.747172 2.183890 -0.030895 
6269 6.666939 0.000000 1.553601 19.439383 -0.563986 0.946026 -0.002115 
6270 6.480056 0.000000 1.553601 19.462496 -0.619790 0.779608 -0.003907 
6271 6.666939 0.000000 1.727807 19.656554 -0.706863 0.324088 -0.022951 
6272 5.849324 0.000000 1.052758 19.383140 0.452825 2.874768 -0.015524 
6273 5.849324 0.000000 1.074534 19.365885 0.288016 2.898430 -0.013795 
6274 5.989487 0.000000 1.009206 19.528950 0.634199 2.623830 -0.027396 
6275 5.989487 0.000000 0.987431 19.536164 0.678971 2.528887 -0.027003 
6276 5.989487 0.000000 1.030982 19.516393 0.510395 2.705130 -0.026871 
6277 5.989487 0.000000 1.052758 19.499278 0.378343 2.762002 -0.025617 
6278 5.989487 0.000000 1.074534 19.478714 0.236887 2.777666 -0.023498 
6279 6.153010 0.000000 0.900327 19.652570 0.674678 2.204385 -0.034987 
6280 6.153010 0.000000 0.856776 19.629762 0.669795 1.999408 -0.030323 
6281 6.199731 0.000000 0.900327 19.689729 0.590285 2.217738 -0.038725 
6282 6.246452 0.000000 0.900327 19.721366 0.495960 2.222798 -0.041809 
6283 6.246452 0.000000 0.856776 19.710142 0.490220 2.054106 -0.038717 
6284 6.293172 0.000000 0.900327 19.744306 0.395036 2.220335 -0.043936 
6285 6.129650 0.000000 1.009206 19.619158 0.436894 2.542346 -0.035060 
6286 6.129650 0.000000 0.987431 19.632370 0.477226 2.467917 -0.035542 
6287 6.573498 0.000000 0.769673 19.723822 -0.116658 1.955634 -0.038500 
6288 6.573498 0.000000 0.682570 19.740134 -0.226180 1.622705 -0.037152 
6289 6.666939 0.000000 0.769673 19.719313 -0.128381 1.929906 -0.037773 
6290 6.760381 0.000000 0.769673 19.703389 -0.119268 1.890973 -0.035715 
6291 6.760381 0.000000 0.682570 19.731873 -0.113198 1.581616 -0.035841 
6292 6.853823 0.000000 0.769673 19.679009 -0.097383 1.851502 -0.032774 
6293 6.339893 0.000000 0.900327 19.754916 0.292713 2.212170 -0.044762 
6294 6.339893 0.000000 0.856776 19.751574 0.278541 2.094243 -0.043049 
6295 6.386614 0.000000 0.900327 19.753567 0.196483 2.201263 -0.044369 
6296 6.433335 0.000000 0.900327 19.742897 0.112442 2.188652 -0.043041 
6297 6.433335 0.000000 0.856776 19.745250 0.098852 2.119999 -0.042497 
6298 6.480056 0.000000 0.900327 19.726969 0.043788 2.174487 -0.041187 
6299 6.269812 0.000000 1.009206 19.663010 0.225629 2.405591 -0.037455 
6300 6.269812 0.000000 0.987431 19.685509 0.260340 2.341433 -0.039035 
6301 6.176370 0.000000 1.052758 19.590547 0.169339 2.562187 -0.031933 
6302 6.176370 0.000000 1.074534 19.562421 0.072931 2.556826 -0.028888 
6303 6.760381 0.000000 1.292291 19.449861 -0.270798 1.483053 -0.005994 
6304 6.666939 0.000000 1.292291 19.440806 -0.279290 1.518465 -0.005356 
6305 6.760381 0.000000 1.379395 19.421073 -0.294181 1.281210 -0.001596 
6306 6.573498 0.000000 1.292291 19.429638 -0.292609 1.555669 -0.004531 
6307 6.480056 0.000000 1.292291 19.417081 -0.311905 1.594363 -0.003594 
6308 6.573498 0.000000 1.379395 19.402959 -0.339170 1.326004 -0.000121 
6309 6.316533 0.000000 1.052758 19.611223 0.030156 2.376985 -0.031585 
6310 6.316533 0.000000 1.074534 19.582138 -0.032733 2.368905 -0.028470 
6311 6.526777 0.000000 0.900327 19.709574 -0.009478 2.158321 -0.039184 
6312 6.526777 0.000000 0.856776 19.720724 -0.015543 2.121024 -0.039924 
6313 6.573498 0.000000 0.900327 19.692914 -0.049588 2.139464 -0.037240 
6314 6.620218 0.000000 0.900327 19.677834 -0.078917 2.118644 -0.035447 
6315 6.620218 0.000000 0.856776 19.695899 -0.077779 2.096204 -0.037076 
6316 6.666939 0.000000 0.900327 19.664022 -0.099675 2.096027 -0.033768 
6317 6.409975 0.000000 1.009206 19.662680 0.051674 2.236038 -0.035213 
6318 6.409975 0.000000 0.987431 19.686820 0.077755 2.189240 -0.037185 
6319 6.550137 0.000000 1.009206 19.629425 -0.064580 2.091007 -0.030104 
6320 6.550137 0.000000 0.987431 19.647994 -0.059118 2.053829 -0.031623 
6321 6.456695 0.000000 1.052758 19.604547 -0.071853 2.200226 -0.028765 
6322 6.456695 0.000000 1.074534 19.580256 -0.109596 2.197257 -0.026233 
6323 7.414473 0.000000 0.508364 19.474922 0.157625 1.204670 -0.006466 
6324 7.414473 0.000000 0.334157 19.470246 0.140274 0.805294 -0.003849 
6325 7.601356 0.000000 0.508364 19.453794 0.136400 1.203678 -0.004269 
6326 7.788239 0.000000 0.508364 19.443844 0.123265 1.186666 -0.003130 
6327 7.788239 0.000000 0.334157 19.460330 0.106835 0.789800 -0.002742 
6328 7.975123 0.000000 0.508364 19.440735 0.113870 1.162771 -0.002656 
6329 6.947264 0.000000 0.769673 19.648525 -0.068665 1.817803 -0.029265 
6330 6.947264 0.000000 0.682570 19.665731 0.094042 1.539256 -0.028593 
6331 7.040706 0.000000 0.769673 19.614104 -0.038850 1.793047 -0.025448 
6332 7.134148 0.000000 0.769673 19.577311 -0.010587 1.776989 -0.021481 
6333 7.134148 0.000000 0.682570 19.582220 0.162028 1.561926 -0.020160 
6334 7.227589 0.000000 0.769673 19.539909 0.014360 1.767585 -0.017526 
6335 6.713660 0.000000 0.900327 19.651869 -0.113564 2.072395 -0.032252 
6336 6.713660 0.000000 0.856776 19.673392 -0.106779 2.055999 -0.034307 
6337 6.760381 0.000000 0.900327 19.640430 -0.122422 2.048579 -0.030810 
6338 6.807102 0.000000 0.900327 19.629300 -0.127028 2.025138 -0.029406 
6339 6.807102 0.000000 0.856776 19.650900 -0.115032 2.010043 -0.031480 
6340 6.853823 0.000000 0.900327 19.618675 -0.128243 2.002564 -0.028064 
6341 6.807102 0.000000 1.161637 19.505280 -0.242755 1.772003 -0.014148 
6342 6.760381 0.000000 1.161637 19.504884 -0.241814 1.792220 -0.014297 
6343 6.807102 0.000000 1.205188 19.487401 -0.255411 1.673879 -0.011428 
6344 6.713660 0.000000 1.161637 19.504386 -0.240849 1.814694 -0.014458 
6345 6.666939 0.000000 1.161637 19.503805 -0.239452 1.839535 -0.014637 
6346 6.713660 0.000000 1.205188 19.482906 -0.256079 1.714575 -0.011331 
6347 6.596858 0.000000 1.052758 19.581205 -0.134781 2.064286 -0.024849 
6348 6.596858 0.000000 1.074534 19.563690 -0.157755 2.067162 -0.023086 
6349 6.690300 0.000000 1.009206 19.595882 -0.123655 1.983876 -0.025501 
6350 6.690300 0.000000 0.987431 19.610248 -0.138638 1.951338 -0.026662 
6351 6.900543 0.000000 0.900327 19.608261 -0.126725 1.981295 -0.026759 
6352 6.900543 0.000000 0.856776 19.627677 -0.109809 1.965697 -0.028599 
6353 6.947264 0.000000 0.900327 19.597545 -0.123207 1.961642 -0.025441 
6354 6.993985 0.000000 0.900327 19.586571 -0.118162 1.943981 -0.024119 
6355 6.993985 0.000000 0.856776 19.602458 -0.096255 1.927356 -0.025582 
6356 7.040706 0.000000 0.900327 19.575224 -0.111739 1.928302 -0.022780 
6357 6.830462 0.000000 1.009206 19.572856 -0.146335 1.904117 -0.022314 
6358 6.830462 0.000000 0.987431 19.583813 -0.184826 1.884790 -0.023288 
6359 6.737020 0.000000 1.052758 19.560423 -0.165053 1.965811 -0.021674 
6360 6.737020 0.000000 1.074534 19.547618 -0.181451 1.974920 -0.020460 
6361 6.923904 0.000000 1.009206 19.560862 -0.149873 1.863702 -0.020673 
6362 6.923904 0.000000 0.987431 19.569548 -0.195951 1.861200 -0.021589 
6363 6.923904 0.000000 1.030982 19.552015 -0.166916 1.855309 -0.019690 
6364 6.877183 0.000000 1.052758 19.546463 -0.178870 1.891741 -0.019488 
6365 6.900543 0.000000 1.052758 19.544505 -0.180206 1.881216 -0.019182 
6366 6.877183 0.000000 1.074534 19.536708 -0.194024 1.907542 -0.018654 
6367 6.923904 0.000000 1.052758 19.542648 -0.181332 1.871085 -0.018891 
6368 6.947264 0.000000 1.052758 19.540671 -0.182242 1.861501 -0.018593 
6369 6.877183 0.000000 1.096309 19.528182 -0.205856 1.897810 -0.017688 
6370 6.853823 0.000000 1.096309 19.529310 -0.204427 1.906346 -0.017889 
6371 6.877183 0.000000 1.118085 19.521053 -0.220490 1.851288 -0.016508 
6372 7.321031 0.000000 0.769673 19.503977 0.036129 1.762822 -0.013776 
6373 7.321031 0.000000 0.682570 19.514072 0.089042 1.535387 -0.012852 
6374 7.414473 0.000000 0.769673 19.472112 0.055029 1.759664 -0.010468 
6375 7.507914 0.000000 0.769673 19.445800 0.071449 1.756327 -0.007736 
6376 7.507914 0.000000 0.682570 19.460106 0.103218 1.538450 -0.007324 
6377 7.601356 0.000000 0.769673 19.426045 0.084058 1.751177 -0.005663 
6378 7.087427 0.000000 0.900327 19.563225 -0.104230 1.914777 -0.021397 
6379 7.087427 0.000000 0.856776 19.575166 -0.078053 1.897302 -0.022444 
6380 7.134148 0.000000 0.900327 19.550442 -0.095903 1.903577 -0.019958 
6381 7.180868 0.000000 0.900327 19.536965 -0.086192 1.894361 -0.018468 
6382 7.180868 0.000000 0.856776 19.545026 -0.056925 1.875975 -0.019107 
6383 7.227589 0.000000 0.900327 19.523181 -0.076062 1.887131 -0.016968 
6384 6.970625 0.000000 1.052758 19.538644 -0.182913 1.852290 -0.018294 
6385 6.993985 0.000000 1.052758 19.536734 -0.183410 1.843556 -0.018012 
6386 6.970625 0.000000 1.074534 19.530562 -0.197624 1.872362 -0.017671 
6387 7.017346 0.000000 1.052758 19.534617 -0.183803 1.835351 -0.017714 
6388 7.040706 0.000000 1.052758 19.532420 -0.183960 1.827636 -0.017412 
6389 6.970625 0.000000 1.096309 19.523719 -0.210468 1.868095 -0.016937 
6390 6.970625 0.000000 1.118085 19.518234 -0.222984 1.824717 -0.015962 
6391 7.064066 0.000000 1.009206 19.542104 -0.144022 1.819862 -0.018303 
6392 7.064066 0.000000 0.987431 19.547250 -0.186934 1.840693 -0.019074 
6393 7.064066 0.000000 1.030982 19.536617 -0.165601 1.805250 -0.017614 
6394 7.274310 0.000000 0.900327 19.509065 -0.065310 1.881935 -0.015456 
6395 7.274310 0.000000 0.856776 19.513510 -0.034413 1.862245 -0.015711 
6396 7.321031 0.000000 0.900327 19.494757 -0.053935 1.878110 -0.013939 
6397 7.367752 0.000000 0.900327 19.480647 -0.041471 1.875520 -0.012457 
6398 7.367752 0.000000 0.856776 19.482908 -0.010425 1.854607 -0.012479 
6399 7.414473 0.000000 0.900327 19.466930 -0.028341 1.874183 -0.011029 
6400 7.204229 0.000000 1.009206 19.518284 -0.127379 1.796445 -0.015608 
6401 7.204229 0.000000 0.987431 19.520024 -0.164652 1.828602 -0.016124 
6402 7.204229 0.000000 1.030982 19.516136 -0.153931 1.777337 -0.015225 
6403 7.064066 0.000000 1.052758 19.530144 -0.183923 1.820451 -0.017108 
6404 7.087427 0.000000 1.052758 19.527843 -0.183575 1.813811 -0.016806 
6405 7.110787 0.000000 1.052758 19.525480 -0.183112 1.807678 -0.016503 
6406 7.134148 0.000000 1.052758 19.522715 -0.182320 1.802027 -0.016163 
6407 7.110787 0.000000 1.074534 19.519932 -0.199288 1.830594 -0.016167 
6408 7.110787 0.000000 1.096309 19.515314 -0.216221 1.836211 -0.015764 
6409 7.110787 0.000000 1.118085 19.512375 -0.226899 1.800428 -0.015129 
6410 7.157508 0.000000 1.052758 19.519678 -0.181156 1.796973 -0.015800 
6411 7.180868 0.000000 1.052758 19.516381 -0.179714 1.792490 -0.015416 
6412 7.204229 0.000000 1.052758 19.513016 -0.177901 1.788428 -0.015029 
6413 7.227589 0.000000 1.052758 19.509348 -0.175695 1.784908 -0.014615 
6414 7.297671 0.000000 1.009206 19.498579 -0.108806 1.789113 -0.013494 
6415 7.297671 0.000000 0.987431 19.498207 -0.143559 1.828328 -0.013854 
6416 7.297671 0.000000 1.030982 19.498194 -0.138743 1.770833 -0.013302 
6417 7.250950 0.000000 1.052758 19.505492 -0.173089 1.782064 -0.014188 
6418 7.274310 0.000000 1.052758 19.501353 -0.170147 1.779753 -0.013737 
6419 7.250950 0.000000 1.074534 19.503002 -0.193981 1.805245 -0.014172 
6420 7.297671 0.000000 1.052758 19.496960 -0.166780 1.777835 -0.013263 
6421 7.321031 0.000000 1.052758 19.492580 -0.162857 1.776457 -0.012795 
6422 7.250950 0.000000 1.096309 19.501047 -0.215045 1.819333 -0.014128 
6423 7.250950 0.000000 1.118085 19.500506 -0.226701 1.794359 -0.013847 
6424 10.965257 0.000000 -1.059492 19.466156 -0.025342 -1.952264 -0.011739 
6425 10.965257 0.000000 -1.756317 19.458838 0.500562 -1.940650 -0.011527 
6426 11.712790 0.000000 -1.059492 19.453429 -0.026531 -1.953358 -0.010441 
6427 12.460324 0.000000 -1.059492 19.449785 -0.077927 -1.589189 -0.006670 
6428 12.460324 0.000000 -1.756317 19.450052 0.510916 -1.785974 -0.009127 
6429 13.207857 0.000000 -1.059492 19.449879 -0.022795 -1.591824 -0.006687 
6430 9.096423 0.000000 -0.014255 19.460489 0.042018 -0.029082 -0.001086 
6431 9.096423 0.000000 -0.362667 19.448275 0.050238 -0.746287 -0.001302 
6432 9.470190 0.000000 -0.014255 19.466389 0.019723 -0.028530 -0.001689 
6433 9.843957 0.000000 -0.014255 19.467266 -0.002131 -0.028536 -0.001778 
6434 9.843957 0.000000 -0.362667 19.470188 -0.019302 -0.727453 -0.003477 
6435 10.217723 0.000000 -0.014255 19.463163 -0.021026 -0.028983 -0.001357 
6436 8.162006 0.000000 0.508364 19.440139 0.106452 1.137537 -0.002437 
6437 8.162006 0.000000 0.334157 19.458343 0.098209 0.760730 -0.002413 
6438 8.348890 0.000000 0.508364 19.437948 0.099767 1.115119 -0.002074 
6439 8.535773 0.000000 0.508364 19.433195 0.091647 1.094200 -0.001460 
6440 8.535773 0.000000 0.334157 19.450097 0.088343 0.731628 -0.001446 
6441 8.722656 0.000000 0.508364 19.428589 0.079574 1.072736 -0.000858 
6442 7.694798 0.000000 0.769673 19.412144 0.091879 1.744819 -0.004181 
6443 7.694798 0.000000 0.682570 19.430671 0.105970 1.525401 -0.004194 
6444 7.788239 0.000000 0.769673 19.403155 0.094591 1.737051 -0.003189 
6445 7.881681 0.000000 0.769673 19.398103 0.093053 1.728942 -0.002595 
6446 7.881681 0.000000 0.682570 19.417906 0.098197 1.503294 -0.002702 
6447 7.975123 0.000000 0.769673 19.395972 0.088543 1.720925 -0.002302 
6448 7.461194 0.000000 0.900327 19.453961 -0.015114 1.873785 -0.009689 
6449 7.461194 0.000000 0.856776 19.454714 0.013452 1.850725 -0.009539 
6450 7.507914 0.000000 0.900327 19.441939 -0.001610 1.873818 -0.008453 
6451 7.554635 0.000000 0.900327 19.431092 0.011956 1.874187 -0.007342 
6452 7.554635 0.000000 0.856776 19.431457 0.036950 1.848486 -0.007130 
6453 7.601356 0.000000 0.900327 19.421593 0.025125 1.874797 -0.006374 
6454 7.344391 0.000000 1.052758 19.488038 -0.158522 1.775649 -0.012316 
6455 7.367752 0.000000 1.052758 19.483306 -0.153562 1.775367 -0.011822 
6456 7.344391 0.000000 1.074534 19.487418 -0.183189 1.798690 -0.012492 
6457 7.391112 0.000000 1.052758 19.478618 -0.148138 1.775563 -0.011337 
6458 7.414473 0.000000 1.052758 19.473827 -0.142056 1.776236 -0.010845 
6459 7.344391 0.000000 1.096309 19.487178 -0.207217 1.816870 -0.012666 
6460 7.344391 0.000000 1.118085 19.488374 -0.220870 1.800198 -0.012645 
6461 7.437833 0.000000 1.009206 19.466116 -0.071130 1.779964 -0.010046 
6462 7.437833 0.000000 0.987431 19.463088 -0.102777 1.837372 -0.010298 
6463 7.437833 0.000000 1.030982 19.467363 -0.102488 1.776189 -0.010153 
6464 7.648077 0.000000 0.900327 19.413513 0.037747 1.875449 -0.005553 
6465 7.648077 0.000000 0.856776 19.413850 0.057562 1.846223 -0.005305 
6466 7.694798 0.000000 0.900327 19.406781 0.049593 1.875982 -0.004870 
6467 7.741519 0.000000 0.900327 19.401395 0.060214 1.876341 -0.004324 
6468 7.741519 0.000000 0.856776 19.401844 0.073542 1.843515 -0.004052 
6469 7.788239 0.000000 0.900327 19.397212 0.069454 1.876657 -0.003902 
6470 7.531275 0.000000 1.009206 19.445574 -0.054646 1.771091 -0.007845 
6471 7.531275 0.000000 0.987431 19.441175 -0.070111 1.847501 -0.008128 
6472 7.531275 0.000000 1.030982 19.447023 -0.069441 1.786965 -0.008148 
6473 7.437833 0.000000 1.052758 19.468846 -0.135678 1.777301 -0.010337 
6474 7.461194 0.000000 1.052758 19.463965 -0.128624 1.778688 -0.009843 
6475 7.484554 0.000000 1.052758 19.459114 -0.121084 1.780401 -0.009355 
6476 7.507914 0.000000 1.052758 19.454336 -0.113043 1.782442 -0.008878 
6477 7.484554 0.000000 1.074534 19.460913 -0.151906 1.803633 -0.009783 
6478 7.484554 0.000000 1.096309 19.462910 -0.181406 1.826814 -0.010237 
6479 7.484554 0.000000 1.118085 19.466180 -0.199755 1.821652 -0.010542 
6480 7.671437 0.000000 1.009206 19.419527 -0.043872 1.803582 -0.005473 
6481 7.671437 0.000000 0.987431 19.415393 -0.017174 1.864953 -0.005639 
6482 7.671437 0.000000 1.030982 19.421861 -0.012944 1.807752 -0.005748 
6483 7.531275 0.000000 1.052758 19.449542 -0.104678 1.784744 -0.008402 
6484 7.554635 0.000000 1.052758 19.444994 -0.095958 1.787289 -0.007954 
6485 7.577996 0.000000 1.052758 19.440582 -0.086955 1.789995 -0.007521 
6486 7.601356 0.000000 1.052758 19.436344 -0.077757 1.792872 -0.007109 
6487 7.577996 0.000000 1.074534 19.443159 -0.121430 1.813737 -0.008031 
6488 7.577996 0.000000 1.096309 19.446130 -0.153280 1.839849 -0.008612 
6489 7.577996 0.000000 1.118085 19.450237 -0.177183 1.841332 -0.009070 
6490 7.624716 0.000000 1.052758 19.432299 -0.068286 1.795748 -0.006717 
6491 7.648077 0.000000 1.052758 19.428613 -0.058685 1.798671 -0.006363 
6492 7.671437 0.000000 1.052758 19.424944 -0.048783 1.801784 -0.006013 
6493 7.694798 0.000000 1.052758 19.421616 -0.038771 1.804925 -0.005699 
6494 8.068564 0.000000 0.769673 19.396074 0.082209 1.712718 -0.002235 
6495 8.068564 0.000000 0.682570 19.415668 0.085158 1.478058 -0.002267 
6496 8.162006 0.000000 0.769673 19.397485 0.075785 1.704864 -0.002306 
6497 8.255448 0.000000 0.769673 19.399188 0.069397 1.697275 -0.002410 
6498 8.255448 0.000000 0.682570 19.417158 0.072983 1.453900 -0.002228 
6499 8.348890 0.000000 0.769673 19.399087 0.063636 1.689922 -0.002331 
6500 7.834960 0.000000 0.900327 19.394319 0.077222 1.876926 -0.003611 
6501 7.834960 0.000000 0.856776 19.394959 0.083821 1.840482 -0.003321 
6502 7.881681 0.000000 0.900327 19.392370 0.083633 1.877064 -0.003415 
6503 7.928402 0.000000 0.900327 19.391151 0.088670 1.877356 -0.003295 
6504 7.928402 0.000000 0.856776 19.391716 0.088661 1.837749 -0.002964 
6505 7.975123 0.000000 0.900327 19.390474 0.092399 1.877538 -0.003229 
6506 7.764879 0.000000 1.009206 19.407195 -0.011642 1.833358 -0.004489 
6507 7.764879 0.000000 0.987431 19.403918 0.016803 1.875668 -0.004568 
6508 7.764879 0.000000 1.030982 19.409930 0.025936 1.821258 -0.004654 
6509 7.718158 0.000000 1.052758 19.418537 -0.028574 1.807936 -0.005410 
6510 7.741519 0.000000 1.052758 19.415623 -0.018530 1.811096 -0.005140 
6511 7.718158 0.000000 1.074534 19.421300 -0.065893 1.832649 -0.005941 
6512 7.764879 0.000000 1.052758 19.412986 -0.008407 1.814096 -0.004897 
6513 7.788239 0.000000 1.052758 19.410599 0.001569 1.816887 -0.004679 
6514 7.718158 0.000000 1.096309 19.424375 -0.099869 1.860942 -0.006547 
6515 7.718158 0.000000 1.118085 19.428513 -0.130167 1.872970 -0.007110 
6516 7.811600 0.000000 1.052758 19.408586 0.011575 1.819636 -0.004499 
6517 7.834960 0.000000 1.052758 19.406753 0.021251 1.822379 -0.004338 
6518 7.811600 0.000000 1.074534 19.410912 -0.026082 1.844417 -0.004979 
6519 7.858321 0.000000 1.052758 19.405207 0.030681 1.824901 -0.004205 
6520 7.881681 0.000000 1.052758 19.403795 0.039976 1.827495 -0.004087 
6521 7.811600 0.000000 1.096309 19.413616 -0.060263 1.874571 -0.005561 
6522 7.811600 0.000000 1.118085 19.417134 -0.092323 1.892842 -0.006117 
6523 8.021844 0.000000 0.900327 19.390291 0.095201 1.877922 -0.003216 
6524 8.021844 0.000000 0.856776 19.390715 0.089266 1.835261 -0.002838 
6525 8.068564 0.000000 0.900327 19.390683 0.097312 1.878284 -0.003261 
6526 8.115285 0.000000 0.900327 19.391537 0.098912 1.878725 -0.003353 
6527 8.115285 0.000000 0.856776 19.391652 0.087778 1.833252 -0.002913 
6528 8.162006 0.000000 0.900327 19.392661 0.100333 1.879286 -0.003475 
6529 7.905042 0.000000 1.009206 19.397599 0.038982 1.862234 -0.003790 
6530 7.905042 0.000000 0.987431 19.395152 0.060699 1.889310 -0.003813 
6531 7.905042 0.000000 1.030982 19.400151 0.079287 1.837496 -0.003822 
6532 7.998483 0.000000 1.009206 19.395744 0.067573 1.875922 -0.003743 
6533 7.998483 0.000000 0.987431 19.393705 0.083970 1.896845 -0.003749 
6534 7.998483 0.000000 1.030982 19.398115 0.110867 1.843597 -0.003689 
6535 7.905042 0.000000 1.052758 19.402742 0.048896 1.830011 -0.004005 
6536 7.928402 0.000000 1.052758 19.401840 0.057770 1.832502 -0.003939 
6537 7.951762 0.000000 1.052758 19.401064 0.066242 1.835014 -0.003887 
6538 7.975123 0.000000 1.052758 19.400558 0.074580 1.837378 -0.003861 
6539 7.951762 0.000000 1.074534 19.402755 0.031001 1.856371 -0.004260 
6540 7.951762 0.000000 1.096309 19.404117 -0.002092 1.889433 -0.004724 
6541 7.951762 0.000000 1.118085 19.406112 -0.035085 1.915307 -0.005192 
6542 8.909540 0.000000 0.508364 19.429682 0.063175 1.051227 -0.000844 
6543 8.909540 0.000000 0.334157 19.446066 0.065311 0.701367 -0.000907 
6544 9.096423 0.000000 0.508364 19.437015 0.044136 1.032614 -0.001489 
6545 9.283306 0.000000 0.508364 19.447387 0.023577 1.018466 -0.002475 
6546 9.283306 0.000000 0.334157 19.456635 0.033244 0.678355 -0.001902 
6547 9.470190 0.000000 0.508364 19.457841 0.002014 1.008935 -0.003497 
6548 8.442331 0.000000 0.769673 19.396992 0.057297 1.681451 -0.002039 
6549 8.442331 0.000000 0.682570 19.409037 0.164973 1.486280 -0.001704 
6550 8.535773 0.000000 0.769673 19.392471 0.049545 1.671606 -0.001486 
6551 8.629215 0.000000 0.769673 19.386865 0.039466 1.659300 -0.000801 
6552 8.629215 0.000000 0.682570 19.402090 0.151572 1.462705 -0.000796 
6553 8.722656 0.000000 0.769673 19.382537 0.026688 1.644067 -0.000222 
6554 8.208727 0.000000 0.900327 19.393934 0.101224 1.879804 -0.003611 
6555 8.208727 0.000000 0.856776 19.394090 0.085463 1.831208 -0.003143 
6556 8.255448 0.000000 0.900327 19.394667 0.101850 1.880426 -0.003693 
6557 8.302169 0.000000 0.900327 19.394647 0.101951 1.881143 -0.003698 
6558 8.302169 0.000000 0.856776 19.394824 0.082534 1.829562 -0.003201 
6559 8.348890 0.000000 0.900327 19.393884 0.101468 1.881653 -0.003624 
6560 7.998483 0.000000 1.052758 19.400204 0.082538 1.839684 -0.003851 
6561 8.021844 0.000000 1.052758 19.400122 0.090075 1.841915 -0.003867 
6562 8.045204 0.000000 1.052758 19.400137 0.097408 1.844008 -0.003893 
6563 8.068564 0.000000 1.052758 19.400172 0.104592 1.845983 -0.003920 
6564 8.045204 0.000000 1.074534 19.401304 0.065554 1.860804 -0.004163 
6565 8.045204 0.000000 1.096309 19.401945 0.034002 1.894562 -0.004556 
6566 8.068564 0.000000 1.096309 19.401767 0.042487 1.895234 -0.004546 
6567 8.045204 0.000000 1.118085 19.403063 0.001349 1.924833 -0.004973 
6568 8.091925 0.000000 1.052758 19.400320 0.111520 1.847878 -0.003957 
6569 8.091925 0.000000 1.030982 19.399007 0.139960 1.841096 -0.003775 
6570 8.091925 0.000000 1.074534 19.401373 0.081316 1.861990 -0.004188 
6571 8.091925 0.000000 1.096309 19.401706 0.050793 1.895748 -0.004547 
6572 8.115285 0.000000 1.096309 19.401815 0.058931 1.896073 -0.004564 
6573 8.232087 0.000000 1.052758 19.402331 0.147102 1.857698 -0.004284 
6574 8.232087 0.000000 1.030982 19.404232 0.128636 1.801500 -0.003922 
6575 8.232087 0.000000 1.074534 19.403051 0.122080 1.863243 -0.004395 
6576 8.232087 0.000000 1.096309 19.402658 0.094854 1.894803 -0.004652 
6577 8.208727 0.000000 1.096309 19.402428 0.088313 1.895366 -0.004631 
6578 8.255448 0.000000 1.096309 19.402680 0.100890 1.894113 -0.004651 
6579 8.185367 0.000000 1.096309 19.402191 0.081372 1.895824 -0.004608 
6580 8.162006 0.000000 1.096309 19.402018 0.074145 1.896241 -0.004592 
6581 8.325529 0.000000 1.052758 19.401953 0.164543 1.863474 -0.004316 
6582 8.325529 0.000000 1.030982 19.402013 0.103422 1.862095 -0.004266 
6583 8.325529 0.000000 1.074534 19.402581 0.141032 1.862753 -0.004355 
6584 8.325529 0.000000 1.096309 19.401671 0.117300 1.890801 -0.004523 
6585 8.302169 0.000000 1.096309 19.402293 0.112183 1.892101 -0.004597 
6586 8.348890 0.000000 1.096309 19.400735 0.122061 1.889442 -0.004417 
6587 8.278808 0.000000 1.096309 19.402639 0.106745 1.893130 -0.004640 
6588 8.278808 0.000000 1.118085 19.401652 0.080841 1.928019 -0.004878 
6589 8.395610 0.000000 0.900327 19.392147 0.100373 1.881695 -0.003446 
6590 8.395610 0.000000 0.856776 19.392853 0.078076 1.827312 -0.002975 
6591 8.442331 0.000000 0.900327 19.389111 0.098419 1.881317 -0.003130 
6592 8.489052 0.000000 0.900327 19.385238 0.095882 1.880095 -0.002720 
6593 8.489052 0.000000 0.856776 19.387323 0.071405 1.822840 -0.002362 
6594 8.535773 0.000000 0.900327 19.380466 0.092468 1.878062 -0.002209 
6595 8.418971 0.000000 1.052758 19.395602 0.182043 1.867357 -0.003719 
6596 8.418971 0.000000 1.030982 19.394604 0.129304 1.889549 -0.003794 
6597 8.418971 0.000000 1.074534 19.395888 0.156078 1.861767 -0.003670 
6598 8.418971 0.000000 1.096309 19.394980 0.135708 1.884946 -0.003791 
6599 8.395610 0.000000 1.096309 19.397222 0.131124 1.886453 -0.004033 
6600 8.442331 0.000000 1.096309 19.392190 0.140414 1.883517 -0.003494 
6601 8.372250 0.000000 1.096309 19.399306 0.126687 1.888028 -0.004259 
6602 8.372250 0.000000 1.118085 19.397846 0.104006 1.922769 -0.004446 
6603 8.512412 0.000000 1.052758 19.382266 0.208891 1.864214 -0.002349 
6604 8.512412 0.000000 1.030982 19.381512 0.149268 1.897643 -0.002548 
6605 8.512412 0.000000 1.074534 19.381921 0.173653 1.860521 -0.002242 
6606 8.512412 0.000000 1.096309 19.380775 0.156665 1.878833 -0.002291 
6607 8.489052 0.000000 1.096309 19.385025 0.150737 1.880500 -0.002738 
6608 8.535773 0.000000 1.096309 19.376313 0.163020 1.877095 -0.001821 
6609 8.465692 0.000000 1.096309 19.388821 0.145408 1.882061 -0.003138 
6610 8.465692 0.000000 1.118085 19.387282 0.126303 1.916378 -0.003311 
6611 8.816098 0.000000 0.769673 19.381633 0.011825 1.626594 0.000023 
6612 8.816098 0.000000 0.682570 19.399364 0.132301 1.434324 -0.000284 
6613 8.909540 0.000000 0.769673 19.384570 -0.003024 1.608026 -0.000119 
6614 9.002981 0.000000 0.769673 19.391004 -0.016394 1.590116 -0.000627 
6615 9.002981 0.000000 0.682570 19.407045 0.110415 1.406267 -0.000848 
6616 9.096423 0.000000 0.769673 19.399859 -0.027553 1.574137 -0.001403 
6617 8.582494 0.000000 0.900327 19.375483 0.088264 1.875046 -0.001666 
6618 8.582494 0.000000 0.856776 19.379223 0.061482 1.815205 -0.001455 
6619 8.629215 0.000000 0.900327 19.369937 0.082938 1.870993 -0.001056 
6620 8.675935 0.000000 0.900327 19.364675 0.076577 1.865995 -0.000465 
6621 8.675935 0.000000 0.856776 19.370627 0.047483 1.803688 -0.000461 
6622 8.722656 0.000000 0.900327 19.359965 0.068841 1.859791 0.000081 
6623 8.559133 0.000000 1.096309 19.371575 0.169996 1.875152 -0.001323 
6624 8.582494 0.000000 1.096309 19.366661 0.177679 1.873003 -0.000806 
6625 8.652575 0.000000 1.052758 19.360137 0.268630 1.739212 0.001032 
6626 8.652575 0.000000 1.030982 19.356666 0.179114 1.896398 -0.000017 
6627 8.652575 0.000000 1.074534 19.353727 0.214171 1.853368 0.000674 
6628 8.652575 0.000000 1.096309 19.351261 0.204396 1.865018 0.000822 
6629 8.629215 0.000000 1.096309 19.356487 0.194790 1.867975 0.000269 
6630 8.675935 0.000000 1.096309 19.346236 0.214644 1.861695 0.001358 
6631 8.769377 0.000000 0.900327 19.356460 0.060001 1.852553 0.000514 
6632 8.769377 0.000000 0.856776 19.364322 0.029057 1.787882 0.000339 
6633 8.816098 0.000000 0.900327 19.354499 0.050278 1.844227 0.000799 
6634 8.862819 0.000000 0.900327 19.354131 0.040074 1.834954 0.000929 
6635 8.862819 0.000000 0.856776 19.363637 0.008489 1.768307 0.000595 
6636 8.909540 0.000000 0.900327 19.355433 0.029915 1.824720 0.000897 
6637 8.746017 0.000000 1.052758 19.341455 0.134649 1.807332 0.002448 
6638 8.746017 0.000000 1.030982 19.341915 0.200355 1.888549 0.001549 
6639 8.746017 0.000000 1.074534 19.336262 0.250416 1.842195 0.002525 
6640 8.746017 0.000000 1.096309 19.332300 0.247961 1.849084 0.002866 
6641 8.722656 0.000000 1.096309 19.336735 0.236526 1.853766 0.002381 
6642 8.769377 0.000000 1.096309 19.328317 0.259644 1.843945 0.003307 
6643 8.839458 0.000000 1.052758 19.329618 0.193586 1.838723 0.003304 
6644 8.839458 0.000000 1.030982 19.332668 0.218599 1.876055 0.002599 
6645 8.839458 0.000000 1.074534 19.324814 0.287913 1.825024 0.003808 
6646 8.839458 0.000000 1.096309 19.319451 0.294386 1.825983 0.004336 
6647 8.816098 0.000000 1.096309 19.321745 0.283034 1.832356 0.004058 
6648 8.862819 0.000000 1.096309 19.317636 0.305375 1.819168 0.004570 
6649 10.591490 0.000000 -0.014255 19.459390 -0.033333 -0.029337 -0.000971 
6650 10.591490 0.000000 -0.362667 19.465106 -0.075438 -0.753297 -0.003069 
6651 10.965257 0.000000 -0.014255 19.456910 -0.038240 -0.029706 -0.000717 
6652 11.339023 0.000000 -0.014255 19.454917 -0.039503 -0.029836 -0.000512 
6653 11.339023 0.000000 -0.362667 19.455703 -0.084686 -0.764417 -0.002150 
6654 11.712790 0.000000 -0.014255 19.453104 0.187645 -0.024970 -0.000414 
6655 9.657073 0.000000 0.508364 19.466413 -0.020240 1.004289 -0.004356 
6656 9.657073 0.000000 0.334157 19.467649 0.000356 0.669798 -0.003002 
6657 9.843957 0.000000 0.508364 19.472680 -0.043699 1.004828 -0.005008 
6658 10.030840 0.000000 0.508364 19.476267 -0.068061 1.011002 -0.005417 
6659 10.030840 0.000000 0.334157 19.469738 -0.032596 0.674892 -0.003237 
6660 10.217723 0.000000 0.508364 19.477118 -0.091082 1.020783 -0.005567 
6661 9.189865 0.000000 0.769673 19.409541 -0.037153 1.560339 -0.002283 
6662 9.189865 0.000000 0.682570 19.419512 -0.003873 1.428758 -0.002264 
6663 9.283306 0.000000 0.769673 19.419017 -0.045957 1.548644 -0.003162 
6664 9.376748 0.000000 0.769673 19.428398 -0.055365 1.539252 -0.004051 
6665 9.376748 0.000000 0.682570 19.435150 -0.024818 1.412829 -0.003752 
6666 9.470190 0.000000 0.769673 19.438031 -0.065947 1.532339 -0.004988 
6667 8.956261 0.000000 0.900327 19.358301 0.020197 1.813888 0.000709 
6668 8.956261 0.000000 0.856776 19.368618 -0.010648 1.746508 0.000287 
6669 9.002981 0.000000 0.900327 19.362335 0.010946 1.802596 0.000404 
6670 9.049702 0.000000 0.900327 19.367428 0.002552 1.791188 -0.000008 
6671 9.049702 0.000000 0.856776 19.377753 -0.026542 1.724496 -0.000448 
6672 9.096423 0.000000 0.900327 19.373293 -0.005097 1.779997 -0.000503 
6673 8.932900 0.000000 1.052758 19.327092 0.229376 1.830137 0.003606 
6674 8.932900 0.000000 1.030982 19.331027 0.229371 1.859965 0.002913 
6675 8.932900 0.000000 1.074534 19.322045 0.318718 1.803683 0.004246 
6676 8.979621 0.000000 1.096309 19.317792 0.349014 1.781528 0.004837 
6677 8.956261 0.000000 1.096309 19.316512 0.342160 1.789092 0.004909 
6678 9.002981 0.000000 1.096309 19.319732 0.354776 1.773953 0.004699 
6679 8.932900 0.000000 1.096309 19.315930 0.334334 1.796904 0.004908 
6680 8.909540 0.000000 1.096309 19.315908 0.325521 1.804532 0.004853 
6681 9.026342 0.000000 1.096309 19.322319 0.359472 1.766549 0.004495 
6682 9.026342 0.000000 1.118085 19.314559 0.400068 1.787059 0.005014 
6683 9.143144 0.000000 0.900327 19.379923 -0.011867 1.769150 -0.001081 
6684 9.143144 0.000000 0.856776 19.389307 -0.038741 1.704031 -0.001448 
6685 9.189865 0.000000 0.900327 19.386723 -0.018011 1.759083 -0.001684 
6686 9.236586 0.000000 0.900327 19.393732 -0.023580 1.749939 -0.002319 
6687 9.236586 0.000000 0.856776 19.401469 -0.048429 1.686596 -0.002542 
6688 9.283306 0.000000 0.900327 19.400875 -0.028838 1.741929 -0.002978 
6689 9.166504 0.000000 1.052758 19.354494 0.243405 1.791944 0.001152 
6690 9.166504 0.000000 1.030982 19.357733 0.214595 1.818539 0.000601 
6691 9.166504 0.000000 1.074534 19.351252 0.340859 1.756197 0.001668 
6692 9.166504 0.000000 1.096309 19.347404 0.366578 1.729023 0.002264 
6693 9.143144 0.000000 1.096309 19.342150 0.367505 1.734376 0.002751 
6694 9.189865 0.000000 1.096309 19.352936 0.365064 1.724128 0.001746 
6695 9.119783 0.000000 1.096309 19.337206 0.367754 1.740075 0.003203 
6696 9.119783 0.000000 1.118085 19.330840 0.418395 1.752522 0.003634 
6697 8.816098 0.000000 1.640704 19.220481 -0.256693 0.780320 0.021678 
6698 8.816098 0.000000 1.553601 19.294153 -0.340732 0.960769 0.013214 
6699 8.909540 0.000000 1.640704 19.265613 -0.192048 0.722112 0.017394 
6700 9.026342 0.000000 1.139861 19.305308 0.439140 1.839258 0.005371 
6701 9.026342 0.000000 1.161637 19.296019 0.450390 1.903330 0.005659 
6702 9.563631 0.000000 0.769673 19.447552 -0.078291 1.527938 -0.005936 
6703 9.563631 0.000000 0.682570 19.450464 -0.048901 1.403351 -0.005260 
6704 9.657073 0.000000 0.769673 19.456721 -0.092667 1.526134 -0.006871 
6705 9.750515 0.000000 0.769673 19.465416 -0.109189 1.526630 -0.007778 
6706 9.750515 0.000000 0.682570 19.464433 -0.077751 1.401356 -0.006692 
6707 9.843957 0.000000 0.769673 19.472824 -0.127043 1.528856 -0.008570 
6708 10.404607 0.000000 0.508364 19.475019 -0.109317 1.031759 -0.005420 
6709 10.404607 0.000000 0.334157 19.466907 -0.060341 0.688162 -0.003001 
6710 10.591490 0.000000 0.508364 19.470589 -0.121241 1.041001 -0.005022 
6711 10.778373 0.000000 0.508364 19.465565 -0.127675 1.047484 -0.004545 
6712 10.778373 0.000000 0.334157 19.461402 -0.073583 0.698968 -0.002478 
6713 10.965257 0.000000 0.508364 19.461526 -0.130724 1.051684 -0.004154 
6714 9.937398 0.000000 0.769673 19.479145 -0.145672 1.532419 -0.009263 
6715 9.937398 0.000000 0.682570 19.477982 -0.015817 1.359967 -0.007769 
6716 10.030840 0.000000 0.769673 19.484288 -0.163917 1.537129 -0.009846 
6717 10.124282 0.000000 0.769673 19.487951 -0.180731 1.542765 -0.010284 
6718 10.124282 0.000000 0.682570 19.484862 -0.047616 1.369467 -0.008552 
6719 10.217723 0.000000 0.769673 19.489625 -0.195279 1.549158 -0.010523 
6720 10.030840 0.000000 2.250426 19.472254 0.045736 0.240764 -0.002448 
6721 10.217723 0.000000 2.250426 19.462857 0.046053 0.230510 -0.001469 
6722 10.030840 0.000000 2.424632 19.461607 0.039037 0.164227 -0.001269 
6723 9.563631 0.000000 1.466498 19.438420 -0.346987 1.153027 -0.002642 
6724 9.470190 0.000000 1.466498 19.420577 -0.344755 1.116934 -0.000589 
6725 9.657073 0.000000 1.466498 19.459380 -0.350168 1.196517 -0.005073 
6726 9.750515 0.000000 1.466498 19.483788 -0.354112 1.249342 -0.007935 
6727 9.773875 0.000000 1.139861 19.511327 0.368609 1.761084 -0.014873 
6728 9.750515 0.000000 1.139861 19.506523 0.377781 1.757308 -0.014361 
6729 9.797236 0.000000 1.139861 19.515668 0.359266 1.765040 -0.015340 
6730 9.820596 0.000000 1.139861 19.519530 0.349824 1.769154 -0.015759 
6731 9.843957 0.000000 1.139861 19.522946 0.340338 1.773400 -0.016134 
6732 9.820596 0.000000 1.161637 19.523033 0.364307 1.805025 -0.016487 
6733 9.820596 0.000000 1.183413 19.526040 0.360712 1.825774 -0.016990 
6734 9.820596 0.000000 1.205188 19.528342 0.357556 1.818142 -0.017148 
6735 9.867317 0.000000 1.096309 19.510376 0.248070 1.583256 -0.013007 
6736 9.867317 0.000000 1.074534 19.509198 0.110363 1.816050 -0.014847 
6737 9.867317 0.000000 1.118085 19.521270 0.325158 1.766840 -0.015873 
6738 9.960759 0.000000 1.096309 19.522076 0.280768 1.654583 -0.014870 
6739 9.960759 0.000000 1.074534 19.516781 0.090801 1.836474 -0.015816 
6740 9.960759 0.000000 1.118085 19.529803 0.290766 1.789491 -0.016911 
6741 9.867317 0.000000 1.139861 19.526025 0.330844 1.777818 -0.016477 
6742 9.890677 0.000000 1.139861 19.528625 0.321436 1.782303 -0.016771 
6743 9.914038 0.000000 1.139861 19.530881 0.312159 1.786814 -0.017031 
6744 9.937398 0.000000 1.139861 19.532876 0.302951 1.791470 -0.017266 
6745 9.914038 0.000000 1.161637 19.534753 0.320017 1.819409 -0.017755 
6746 9.914038 0.000000 1.183413 19.538264 0.310427 1.839757 -0.018298 
6747 9.914038 0.000000 1.205188 19.541347 0.300518 1.825826 -0.018466 
6748 10.311165 0.000000 0.769673 19.491677 -0.115736 1.512663 -0.010374 
6749 10.311165 0.000000 0.682570 19.485840 -0.073546 1.381709 -0.008750 
6750 10.404607 0.000000 0.769673 19.489516 -0.125150 1.518953 -0.010208 
6751 10.498048 0.000000 0.769673 19.485809 -0.132263 1.524695 -0.009877 
6752 10.498048 0.000000 0.682570 19.480847 -0.090944 1.393404 -0.008329 
6753 10.591490 0.000000 0.769673 19.481235 -0.137372 1.529589 -0.009449 
6754 10.054200 0.000000 1.096309 19.528930 0.260195 1.710050 -0.016042 
6755 10.054200 0.000000 1.074534 19.521787 0.070225 1.856461 -0.016519 
6756 10.054200 0.000000 1.118085 19.534354 0.258498 1.810648 -0.017536 
6757 9.960759 0.000000 1.139861 19.534574 0.293831 1.796112 -0.017471 
6758 9.984119 0.000000 1.139861 19.536042 0.284857 1.800750 -0.017653 
6759 10.007479 0.000000 1.139861 19.537216 0.276019 1.805372 -0.017805 
6760 10.030840 0.000000 1.139861 19.538137 0.267296 1.809955 -0.017932 
6761 10.007479 0.000000 1.161637 19.541182 0.278184 1.835173 -0.018505 
6762 10.007479 0.000000 1.183413 19.544960 0.263384 1.856224 -0.019080 
6763 10.007479 0.000000 1.205188 19.548750 0.248109 1.837634 -0.019269 
6764 10.147642 0.000000 1.096309 19.531949 0.231595 1.732527 -0.016521 
6765 10.147642 0.000000 1.074534 19.523816 0.050811 1.874679 -0.016902 
6766 10.147642 0.000000 1.118085 19.535434 0.228590 1.829195 -0.017787 
6767 10.054200 0.000000 1.139861 19.538837 0.258752 1.814482 -0.018036 
6768 10.077561 0.000000 1.139861 19.539291 0.250424 1.818922 -0.018114 
6769 10.100921 0.000000 1.139861 19.539545 0.242237 1.823252 -0.018171 
6770 10.124282 0.000000 1.139861 19.539541 0.234206 1.827446 -0.018201 
6771 10.100921 0.000000 1.161637 19.543244 0.239626 1.850957 -0.018819 
6772 10.100921 0.000000 1.183413 19.546878 0.220636 1.874193 -0.019400 
6773 10.100921 0.000000 1.205188 19.550864 0.201468 1.852330 -0.019576 
6774 10.241084 0.000000 1.096309 19.531296 0.170094 1.735092 -0.016411 
6775 10.241084 0.000000 1.074534 19.522164 0.034889 1.890999 -0.016890 
6776 10.241084 0.000000 1.118085 19.532677 0.200730 1.843088 -0.017606 
6777 10.147642 0.000000 1.139861 19.539206 0.226417 1.831437 -0.018196 
6778 10.171002 0.000000 1.139861 19.538680 0.218737 1.835264 -0.018169 
6779 10.194363 0.000000 1.139861 19.537850 0.211333 1.838899 -0.018111 
6780 10.217723 0.000000 1.139861 19.536752 0.204135 1.842212 -0.018022 
6781 10.194363 0.000000 1.161637 19.540873 0.204361 1.865006 -0.018671 
6782 10.194363 0.000000 1.183413 19.543821 0.183205 1.891438 -0.019216 
6783 10.194363 0.000000 1.205188 19.547331 0.160336 1.867101 -0.019316 
6784 10.684932 0.000000 1.292291 19.482357 -0.075762 1.770685 -0.011633 
6785 10.778373 0.000000 1.292291 19.474754 -0.078192 1.768402 -0.010830 
6786 10.684932 0.000000 1.379395 19.479260 -0.245832 1.719578 -0.010987 
6787 10.544769 0.000000 1.074534 19.497768 0.000863 1.920256 -0.014665 
6788 10.544769 0.000000 1.030982 19.495988 -0.055942 1.960224 -0.014900 
6789 10.591490 0.000000 1.074534 19.492747 -0.002370 1.921699 -0.014162 
6790 10.334525 0.000000 1.096309 19.523714 0.089429 1.771252 -0.015909 
6791 10.334525 0.000000 1.074534 19.517313 0.022569 1.905073 -0.016529 
6792 10.334525 0.000000 1.118085 19.524995 0.174240 1.851045 -0.016864 
6793 10.591490 0.000000 2.773044 19.451758 0.034522 0.092636 -0.000207 
6794 10.965257 0.000000 2.773044 19.450832 0.033656 0.092616 -0.000111 
6795 10.591490 0.000000 3.121456 19.451637 0.029196 0.062032 -0.000181 
6796 11.339023 0.000000 2.773044 19.450474 0.033355 0.092497 -0.000074 
6797 11.712790 0.000000 2.773044 19.450247 0.033113 0.092414 -0.000051 
6798 11.339023 0.000000 3.121456 19.450375 0.028305 0.061858 -0.000051 
6799 10.778373 0.000000 1.902013 19.459264 0.022650 0.943189 -0.003306 
6800 10.965257 0.000000 1.902013 19.456725 0.021095 0.940016 -0.003029 
6801 10.778373 0.000000 2.076219 19.453151 0.072450 0.436623 -0.000842 
6802 10.404607 0.000000 2.250426 19.457929 0.043813 0.225900 -0.000955 
6803 10.591490 0.000000 2.250426 19.455535 0.041748 0.223545 -0.000706 
6804 10.404607 0.000000 2.424632 19.453753 0.036494 0.159561 -0.000457 
6805 10.498048 0.000000 1.466498 19.496376 -0.394386 1.839858 -0.014134 
6806 10.591490 0.000000 1.466498 19.483854 -0.396901 1.836289 -0.012814 
6807 10.498048 0.000000 1.553601 19.494570 -0.273677 2.437952 -0.020498 
6808 10.498048 0.000000 1.640704 19.490721 0.679132 2.841731 -0.026757 
6809 10.591490 0.000000 1.640704 19.477128 0.672800 2.836499 -0.025256 
6810 10.498048 0.000000 1.727807 19.483858 0.697496 2.198452 -0.017547 
6811 10.241084 0.000000 1.139861 19.535320 0.197186 1.845264 -0.017896 
6812 10.264444 0.000000 1.139861 19.533635 0.190428 1.847991 -0.017742 
6813 10.287805 0.000000 1.139861 19.531651 0.183895 1.850493 -0.017555 
6814 10.311165 0.000000 1.139861 19.529298 0.177555 1.852756 -0.017328 
6815 10.287805 0.000000 1.161637 19.533684 0.173402 1.875584 -0.018002 
6816 10.287805 0.000000 1.183413 19.535828 0.150948 1.903087 -0.018479 
6817 10.287805 0.000000 1.205188 19.538570 0.125888 1.879416 -0.018507 
6818 12.086557 0.000000 -0.014255 19.449830 -0.048669 -0.020316 0.000010 
6819 12.086557 0.000000 -0.362667 19.450014 -0.101621 -0.531014 -0.000774 
6820 12.460324 0.000000 -0.014255 19.450050 -0.048408 -0.020324 -0.000012 
6821 12.834090 0.000000 -0.014255 19.450005 -0.048495 -0.020326 -0.000008 
6822 12.834090 0.000000 -0.362667 19.450017 -0.101511 -0.531247 -0.000775 
6823 13.207857 0.000000 -0.014255 19.449645 -0.186968 -0.017701 -0.000057 
6824 11.152140 0.000000 0.508364 19.458174 -0.025434 1.127155 -0.004201 
6825 11.152140 0.000000 0.334157 19.457056 -0.077141 0.703765 -0.002051 
6826 11.339023 0.000000 0.508364 19.456059 -0.025653 1.128385 -0.003991 
6827 11.525907 0.000000 0.508364 19.453158 -0.128799 1.190610 -0.004116 
6828 11.525907 0.000000 0.334157 19.454231 0.034718 0.795674 -0.002112 
6829 11.712790 0.000000 0.508364 19.452346 -0.128744 1.191214 -0.004036 
6830 10.684932 0.000000 0.943879 19.480625 -0.201646 1.874729 -0.012550 
6831 10.684932 0.000000 0.856776 19.477644 -0.249949 1.718096 -0.010813 
6832 10.778373 0.000000 0.943879 19.474286 -0.204017 1.877058 -0.011922 
6833 10.334525 0.000000 1.139861 19.526723 0.171490 1.854748 -0.017076 
6834 10.357886 0.000000 1.139861 19.524030 0.165590 1.856565 -0.016811 
6835 10.381246 0.000000 1.139861 19.521107 0.160022 1.858164 -0.016520 
6836 10.404607 0.000000 1.139861 19.518038 0.154763 1.859531 -0.016212 
6837 11.058698 0.000000 1.118085 19.463038 0.117268 1.862533 -0.010548 
6838 11.058698 0.000000 1.030982 19.462963 -0.067899 1.968187 -0.011585 
6839 11.058698 0.000000 1.205188 19.462869 0.045511 1.899907 -0.010871 
6840 11.899674 0.000000 0.508364 19.451836 -0.128702 1.191618 -0.003986 
6841 11.899674 0.000000 0.334157 19.451389 0.005300 0.673264 -0.001341 
6842 12.086557 0.000000 0.508364 19.450203 -0.152750 0.747265 -0.001559 
6843 12.273440 0.000000 0.508364 19.450110 -0.152729 0.747371 -0.001549 
6844 12.273440 0.000000 0.334157 19.450044 -0.093398 0.488180 -0.000658 
6845 12.460324 0.000000 0.508364 19.450094 -0.152706 0.747563 -0.001549 
6846 12.647207 0.000000 0.508364 19.450089 -0.152724 0.747573 -0.001548 
6847 12.647207 0.000000 0.334157 19.450050 -0.093363 0.488327 -0.000659 
6848 12.834090 0.000000 0.508364 19.450039 -0.152730 0.747563 -0.001543 
6849 13.020974 0.000000 0.508364 19.449744 -0.211520 0.782150 -0.001709 
6850 13.020974 0.000000 0.334157 19.449744 -0.156381 0.531031 -0.000784 
6851 13.207857 0.000000 0.508364 19.449853 -0.143428 0.792334 -0.001699 
6852 12.927532 0.000000 1.118085 19.449883 0.122751 1.523060 -0.006160 
6853 12.927532 0.000000 1.030982 19.449869 -0.066196 1.597534 -0.006744 
6854 12.927532 0.000000 1.205188 19.449898 0.053745 1.592328 -0.006700 
6855 0.651631 0.000000 0.824112 19.200238 0.018022 4.225563 -0.021682 
6856 0.651631 0.000000 0.813224 19.387615 0.021243 4.168407 -0.039527 
6857 0.663311 0.000000 0.824112 19.188866 0.019085 4.033664 -0.016338 
6858 0.674991 0.000000 0.824112 19.184906 0.019884 3.867784 -0.012472 
6859 0.674991 0.000000 0.813224 19.326707 0.022357 3.831342 -0.026166 
6860 0.686671 0.000000 0.824112 19.185622 0.020725 3.722319 -0.009626 
6861 0.663311 0.000000 0.922103 17.929269 -0.014392 3.350599 0.120584 
6862 0.639950 0.000000 0.922103 17.601062 -0.016064 3.495203 0.148792 
6863 0.663311 0.000000 0.943879 17.823621 -0.016417 3.194698 0.133265 
6864 0.674991 0.000000 0.889440 17.930556 -0.011405 3.351290 0.120450 
6865 0.663311 0.000000 0.889440 17.928667 -0.012819 3.352285 0.120611 
6866 0.674991 0.000000 0.900327 17.929591 -0.013645 3.350772 0.120550 
6867 0.651631 0.000000 0.889440 17.925675 -0.013476 3.354594 0.120853 
6868 0.639950 0.000000 0.889440 17.640895 -0.013043 3.527038 0.144491 
6869 0.651631 0.000000 0.900327 17.925675 -0.013476 3.354594 0.120853 
6870 0.698352 0.000000 0.845888 18.959903 0.003055 3.611604 0.015281 
6871 0.698352 0.000000 0.835000 19.074853 0.017096 3.609643 0.003761 
6872 0.710032 0.000000 0.845888 18.990407 0.007030 3.495549 0.014401 
6873 4.003851 0.000000 0.813224 19.425664 -0.213816 1.998223 -0.008175 
6874 4.003851 0.000000 0.769673 19.419147 -0.184039 1.908787 -0.006551 
6875 4.050572 0.000000 0.813224 19.440874 -0.216969 2.006434 -0.009828 
6876 3.980491 0.000000 0.878552 19.427649 -0.258603 2.085026 -0.009371 
6877 3.980491 0.000000 0.856776 19.424480 -0.242394 2.061777 -0.008770 
6878 4.003851 0.000000 0.878552 19.435924 -0.259588 2.088711 -0.010264 
6879 4.027212 0.000000 0.878552 19.443931 -0.259404 2.092649 -0.011130 
6880 4.027212 0.000000 0.856776 19.440571 -0.244468 2.069407 -0.010509 
6881 4.050572 0.000000 0.878552 19.452465 -0.258595 2.096449 -0.012048 
6882 3.980491 0.000000 0.965655 19.443116 -0.303322 2.115364 -0.011364 
6883 4.003851 0.000000 0.965655 19.450330 -0.300781 2.119947 -0.012153 
6884 4.027212 0.000000 0.965655 19.457620 -0.296900 2.123962 -0.012942 
6885 4.050572 0.000000 0.965655 19.464927 -0.292507 2.127954 -0.013731 
6886 4.097293 0.000000 0.813224 19.456607 -0.217625 2.015470 -0.011542 
6887 4.097293 0.000000 0.769673 19.447882 -0.191674 1.925366 -0.009678 
6888 4.144014 0.000000 0.813224 19.472479 -0.216048 2.025022 -0.013276 
6889 4.073932 0.000000 0.878552 19.460166 -0.257501 2.100188 -0.012880 
6890 4.073932 0.000000 0.856776 19.456538 -0.244067 2.077531 -0.012239 
6891 4.097293 0.000000 0.878552 19.468315 -0.255487 2.103900 -0.013757 
6892 4.073932 0.000000 0.965655 19.472425 -0.287707 2.131285 -0.014533 
6893 4.097293 0.000000 0.965655 19.479183 -0.282238 2.134171 -0.015253 
6894 4.120653 0.000000 0.965655 19.486670 -0.276555 2.136419 -0.016042 
6895 4.120653 0.000000 0.943879 19.466245 -0.160043 2.560003 -0.019063 
6896 4.144014 0.000000 0.965655 19.493536 -0.270433 2.137992 -0.016758 
6897 4.167374 0.000000 0.965655 19.500365 -0.263957 2.139215 -0.017467 
6898 4.167374 0.000000 0.943879 19.497103 -0.402964 2.184099 -0.017888 
6899 4.587862 0.000000 1.009206 19.600488 -0.266625 2.117602 -0.027576 
6900 4.587862 0.000000 1.030982 19.603142 -0.296307 2.077084 -0.027446 
6901 4.681303 0.000000 1.009206 19.622231 -0.302360 2.134766 -0.030077 
6902 4.704664 0.000000 1.009206 19.627376 -0.315711 2.140711 -0.030700 
6903 4.728024 0.000000 0.965655 19.614284 -0.380977 2.216409 -0.030334 
6904 4.728024 0.000000 0.943879 19.602431 -0.300666 2.240593 -0.029245 
6905 4.728024 0.000000 0.987431 19.624508 -0.306122 2.178334 -0.030816 
6906 4.774745 0.000000 1.009206 19.638085 -0.369116 2.161330 -0.032142 
6907 4.751385 0.000000 1.009206 19.635342 -0.348843 2.154116 -0.031737 
6908 4.728024 0.000000 1.009206 19.631676 -0.331052 2.147207 -0.031246 
6909 9.259946 0.000000 1.052758 19.375695 0.233328 1.781911 -0.000911 
6910 9.259946 0.000000 1.030982 19.377621 0.199913 1.806748 -0.001306 
6911 9.259946 0.000000 1.074534 19.373720 0.335833 1.747465 -0.000542 
6912 9.259946 0.000000 1.096309 19.371521 0.357612 1.711830 -0.000031 
6913 9.236586 0.000000 1.096309 19.365087 0.360527 1.715505 0.000589 
6914 9.283306 0.000000 1.096309 19.378234 0.354339 1.708627 -0.000683 
6915 9.213225 0.000000 1.096309 19.358925 0.363026 1.719628 0.001178 
6916 9.213225 0.000000 1.118085 19.353945 0.420653 1.724209 0.001526 
6917 9.330027 0.000000 0.900327 19.408194 -0.034039 1.735027 -0.003666 
6918 9.330027 0.000000 0.856776 19.413887 -0.057373 1.672709 -0.003695 
6919 9.376748 0.000000 0.900327 19.415492 -0.039305 1.729475 -0.004365 
6920 9.423469 0.000000 0.900327 19.422659 -0.044939 1.725061 -0.005062 
6921 9.423469 0.000000 0.856776 19.426258 -0.067147 1.662832 -0.004881 
6922 9.470190 0.000000 0.900327 19.429982 -0.050836 1.721987 -0.005788 
6923 9.353388 0.000000 1.052758 19.399670 0.220942 1.777639 -0.003314 
6924 9.353388 0.000000 1.030982 19.400047 0.184820 1.800360 -0.003528 
6925 9.353388 0.000000 1.074534 19.399437 0.331109 1.747744 -0.003172 
6926 9.353388 0.000000 1.096309 19.399318 0.341920 1.702078 -0.002762 
6927 9.330027 0.000000 1.096309 19.392209 0.346458 1.703689 -0.002056 
6928 9.376748 0.000000 1.096309 19.406553 0.336809 1.701013 -0.003486 
6929 9.306667 0.000000 1.096309 19.385065 0.350632 1.705914 -0.001352 
6930 9.306667 0.000000 1.118085 19.381665 0.413285 1.702360 -0.001098 
6931 9.446829 0.000000 1.052758 19.423976 0.206780 1.780558 -0.005819 
6932 9.446829 0.000000 1.030982 19.422913 0.169359 1.800730 -0.005864 
6933 9.446829 0.000000 1.074534 19.425563 0.332974 1.762302 -0.005991 
6934 9.446829 0.000000 1.096309 19.427607 0.317984 1.700753 -0.005612 
6935 9.423469 0.000000 1.096309 19.420774 0.324858 1.700408 -0.004919 
6936 9.470190 0.000000 1.096309 19.434158 0.310417 1.701283 -0.006277 
6937 9.400109 0.000000 1.096309 19.413667 0.331132 1.700457 -0.004201 
6938 9.400109 0.000000 1.118085 19.411427 0.399114 1.686076 -0.003973 
6939 9.516911 0.000000 0.900327 19.437233 -0.057287 1.720127 -0.006518 
6940 9.516911 0.000000 0.856776 19.438732 -0.078654 1.657197 -0.006118 
6941 9.563631 0.000000 0.900327 19.444396 -0.064295 1.719286 -0.007249 
6942 9.610352 0.000000 0.987431 19.455177 0.049557 1.813142 -0.009229 
6943 9.610352 0.000000 0.943879 19.452441 -0.025131 1.776538 -0.008595 
6944 9.657073 0.000000 0.987431 19.463576 0.040410 1.817573 -0.010133 
6945 9.493550 0.000000 1.096309 19.440484 0.302194 1.701911 -0.006920 
6946 9.516911 0.000000 1.096309 19.446679 0.293407 1.702522 -0.007548 
6947 9.493550 0.000000 1.118085 19.436539 0.387605 1.668782 -0.006375 
6948 9.633713 0.000000 1.096309 19.473667 0.237226 1.696840 -0.010195 
6949 9.633713 0.000000 1.074534 19.464249 -0.006461 1.981075 -0.011840 
6950 9.633713 0.000000 1.118085 19.471661 0.407962 1.693997 -0.010254 
6951 9.516911 0.000000 1.248740 19.430781 0.471533 1.989688 -0.009077 
6952 9.470190 0.000000 1.248740 19.412423 0.484800 2.015572 -0.007500 
6953 9.516911 0.000000 1.292291 19.400339 0.140602 2.139897 -0.007057 
6954 9.586992 0.000000 1.139861 19.463941 0.434338 1.733443 -0.009876 
6955 9.563631 0.000000 1.139861 19.457041 0.440503 1.729854 -0.009147 
6956 9.610352 0.000000 1.139861 19.470680 0.427418 1.736927 -0.010585 
6957 9.633713 0.000000 1.139861 19.477311 0.419967 1.740271 -0.011282 
6958 9.657073 0.000000 1.139861 19.483649 0.412158 1.743539 -0.011948 
6959 9.633713 0.000000 1.161637 19.479503 0.448416 1.784446 -0.011985 
6960 9.633713 0.000000 1.183413 19.481003 0.454363 1.807104 -0.012369 
6961 9.633713 0.000000 1.205188 19.481393 0.465961 1.816286 -0.012525 
6962 9.680434 0.000000 1.139861 19.489806 0.403996 1.746825 -0.012595 
6963 9.703794 0.000000 1.139861 19.495737 0.395452 1.750246 -0.013220 
6964 9.727154 0.000000 1.139861 19.501285 0.386763 1.753734 -0.013806 
6965 9.727154 0.000000 1.161637 19.504062 0.408139 1.793249 -0.014508 
6966 9.727154 0.000000 1.183413 19.506329 0.410288 1.814626 -0.014950 
6967 9.727154 0.000000 1.205188 19.507841 0.414633 1.814894 -0.015118 
6968 2.099977 0.000000 0.911215 19.781026 -0.052743 1.706847 -0.042037 
6969 2.099977 0.000000 0.900327 19.764863 -0.029204 1.696353 -0.040248 
6970 2.111657 0.000000 0.911215 19.788009 -0.055964 1.724684 -0.042930 
6971 4.961628 0.000000 1.052758 19.599815 -0.615775 2.093369 -0.028051 
6972 4.961628 0.000000 1.030982 19.590351 -0.623720 2.170011 -0.027960 
6973 4.961628 0.000000 1.074534 19.608010 -0.600669 2.012933 -0.027978 
6974 5.241953 0.000000 1.052758 19.059725 -0.830369 2.564986 0.020515 
6975 5.241953 0.000000 1.030982 18.980347 -0.796873 2.714690 0.026551 
6976 5.241953 0.000000 1.074534 19.129598 -0.836249 2.410116 0.015472 
6977 6.853823 0.000000 2.773044 19.457381 0.073204 0.079553 -0.000790 
6978 6.480056 0.000000 2.773044 19.461097 0.052427 0.090400 -0.001170 
6979 6.853823 0.000000 3.121456 19.451419 0.044506 0.060468 -0.000161 
6980 7.414473 0.000000 1.902013 19.485208 -0.689687 0.697843 -0.006168 
6981 7.227589 0.000000 1.902013 19.692720 -1.085216 0.539191 -0.028996 
6982 7.414473 0.000000 2.076219 19.666332 -0.963481 -0.332034 -0.025114 
6983 7.414473 0.000000 2.250426 19.732402 0.075404 -0.640364 -0.030349 
6984 7.227589 0.000000 2.250426 19.768772 0.400148 -0.163262 -0.033541 
6985 7.414473 0.000000 2.424632 19.503329 0.247409 -0.126786 -0.005696 
6986 8.255448 0.000000 1.640704 19.538969 -0.122387 1.225122 -0.013177 
6987 8.162006 0.000000 1.640704 19.584204 -0.086167 1.138674 -0.017294 
6988 8.255448 0.000000 1.553601 19.498138 -0.236524 1.215883 -0.009012 
6989 8.045204 0.000000 1.139861 19.405566 -0.017399 1.919695 -0.005178 
6990 8.021844 0.000000 1.139861 19.406336 -0.025978 1.915735 -0.005218 
6991 8.045204 0.000000 1.161637 19.409833 -0.036004 1.872251 -0.005143 
6992 8.138646 0.000000 1.139861 19.403374 0.015184 1.932184 -0.005081 
6993 8.138646 0.000000 1.118085 19.401982 0.036301 1.929996 -0.004918 
6994 8.138646 0.000000 1.161637 19.406553 -0.003022 1.890775 -0.004988 
6995 8.278808 0.000000 1.139861 19.401392 0.057427 1.941661 -0.004982 
6996 8.278808 0.000000 1.161637 19.402916 0.038555 1.910607 -0.004818 
6997 8.442331 0.000000 1.466498 19.426133 -0.283938 1.316062 -0.002339 
6998 8.348890 0.000000 1.466498 19.451542 -0.263485 1.313683 -0.004904 
6999 8.535773 0.000000 1.466498 19.400893 -0.307196 1.301353 0.000317 
7000 8.629215 0.000000 1.466498 19.378574 -0.329848 1.269493 0.002783 
7001 8.722656 0.000000 1.466498 19.361497 -0.347723 1.224259 0.004798 
7002 8.372250 0.000000 1.139861 19.396748 0.080468 1.942515 -0.004523 
7003 8.372250 0.000000 1.161637 19.397648 0.060495 1.919138 -0.004370 
7004 8.465692 0.000000 1.139861 19.386235 0.103554 1.941536 -0.003447 
7005 8.465692 0.000000 1.161637 19.387038 0.082085 1.926289 -0.003363 
7006 8.605854 0.000000 1.139861 19.357491 0.154691 1.940429 -0.000526 
7007 8.605854 0.000000 1.118085 19.359136 0.174016 1.905026 -0.000352 
7008 8.605854 0.000000 1.161637 19.358284 0.129897 1.939391 -0.000578 
7009 8.699296 0.000000 1.139861 19.334358 0.209126 1.936393 0.001829 
7010 8.699296 0.000000 1.118085 19.337498 0.221211 1.892579 0.001937 
7011 8.699296 0.000000 1.161637 19.334406 0.182011 1.948218 0.001730 
7012 8.792738 0.000000 1.139861 19.313788 0.277817 1.922337 0.003985 
7013 8.792738 0.000000 1.118085 19.319014 0.278205 1.872253 0.003953 
7014 8.792738 0.000000 1.161637 19.311491 0.252630 1.952685 0.003944 
7015 8.886179 0.000000 1.139861 19.301146 0.350427 1.896431 0.005416 
7016 8.886179 0.000000 1.118085 19.308963 0.336232 1.842560 0.005177 
7017 8.886179 0.000000 1.161637 19.295434 0.335834 1.944604 0.005536 
7018 9.376748 0.000000 1.466498 19.405822 -0.343435 1.088240 0.001095 
7019 9.283306 0.000000 1.466498 19.392608 -0.342843 1.069576 0.002558 
7020 9.376748 0.000000 1.553601 19.429443 -0.226659 0.899469 -0.000162 
7021 9.376748 0.000000 1.640704 19.463279 -0.103722 0.830050 -0.003216 
7022 9.283306 0.000000 1.640704 19.435288 -0.096092 0.787849 -0.000153 
7023 9.189865 0.000000 1.640704 19.404449 -0.097916 0.751378 0.003161 
7024 9.096423 0.000000 1.640704 19.366210 -0.111832 0.722269 0.007185 
7025 9.189865 0.000000 1.553601 19.383932 -0.233237 0.857379 0.004695 
7026 9.119783 0.000000 1.139861 19.322738 0.470852 1.799467 0.003898 
7027 9.119783 0.000000 1.161637 19.313787 0.498800 1.865612 0.004099 
7028 10.544769 0.000000 1.248740 19.501848 0.006089 1.813994 -0.014037 
7029 10.591490 0.000000 1.248740 19.495051 0.001328 1.812846 -0.013325 
7030 10.544769 0.000000 1.292291 19.499928 -0.067312 1.776950 -0.013499 
7031 10.427967 0.000000 1.183413 19.516776 0.109874 1.914753 -0.016601 
7032 10.427967 0.000000 1.161637 19.515695 0.135835 1.884581 -0.016204 
7033 10.427967 0.000000 1.205188 19.518627 0.085425 1.893859 -0.016570 
7034 11.993115 0.000000 1.118085 19.450724 0.114553 1.502068 -0.006073 
7035 11.993115 0.000000 1.030982 19.450692 -0.074594 1.574321 -0.006637 
7036 11.993115 0.000000 1.205188 19.450780 0.045753 1.573289 -0.006629 
7037 4.634583 0.000000 1.052758 19.618015 -0.329841 2.024746 -0.028476 
7038 4.611222 0.000000 1.052758 19.611437 -0.322874 2.022842 -0.027761 
7039 4.634583 0.000000 1.074534 19.619342 -0.351835 1.967210 -0.028046 
7040 9.213225 0.000000 1.139861 19.347411 0.481766 1.765577 0.001668 
7041 9.213225 0.000000 1.161637 19.339873 0.521060 1.829631 0.001725 
7042 9.423469 0.000000 1.248740 19.392011 0.491633 2.042177 -0.005709 
7043 9.376748 0.000000 1.248740 19.369334 0.488526 2.068742 -0.003666 
7044 9.423469 0.000000 1.292291 19.365466 0.091795 2.197590 -0.004115 
7045 9.306667 0.000000 1.139861 19.376963 0.479332 1.739256 -0.001108 
7046 9.306667 0.000000 1.161637 19.371494 0.524194 1.799496 -0.001230 
7047 9.400109 0.000000 1.139861 19.408540 0.467893 1.723245 -0.004170 
7048 9.400109 0.000000 1.161637 19.406144 0.511119 1.780226 -0.004563 
7049 9.493550 0.000000 1.139861 19.436577 0.454189 1.721034 -0.006995 
7050 9.516911 0.000000 1.139861 19.443399 0.450429 1.723332 -0.007708 
7051 9.493550 0.000000 1.161637 19.437728 0.482947 1.771255 -0.007648 
7052 9.540271 0.000000 1.139861 19.450143 0.445885 1.726379 -0.008419 
7053 9.540271 0.000000 1.118085 19.446626 0.394551 1.662702 -0.007372 
7054 9.540271 0.000000 1.161637 19.452586 0.490515 1.762418 -0.009113 
7055 9.540271 0.000000 1.183413 19.452926 0.492415 1.803330 -0.009538 
7056 9.516911 0.000000 1.183413 19.445260 0.500827 1.803076 -0.008770 
7057 9.540271 0.000000 1.205188 19.452252 0.510901 1.822593 -0.009702 
7058 9.493550 0.000000 1.183413 19.437612 0.508771 1.803273 -0.008007 
7059 9.470190 0.000000 1.183413 19.429629 0.516179 1.804039 -0.007214 
7060 9.493550 0.000000 1.205188 19.436169 0.530267 1.827745 -0.008152 
7061 8.068564 0.000000 1.814910 19.230746 -1.435934 0.243996 0.016810 
7062 7.975123 0.000000 1.814910 19.284901 -0.928159 0.621206 0.013607 
7063 8.068564 0.000000 1.727807 19.676702 0.134047 0.534905 -0.024251 
7064 8.629215 0.000000 2.163322 19.533962 0.324190 0.511082 -0.009621 
7065 8.722656 0.000000 2.163322 19.511007 0.169734 0.515466 -0.007062 
7066 8.629215 0.000000 2.250426 19.519486 0.333383 0.378009 -0.007829 
7067 8.675935 0.000000 1.771358 18.919185 0.340592 0.801687 0.051832 
7068 8.675935 0.000000 1.727807 19.040243 -0.093644 0.841708 0.039795 
7069 8.722656 0.000000 1.771358 18.980715 0.371078 0.685814 0.046066 
7070 8.465692 0.000000 1.836686 16.272307 -5.451995 18.397660 -0.673227 
7071 8.465692 0.000000 1.814910 18.770463 4.641415 4.294777 -0.037049 
7072 8.465692 0.000000 1.858462 18.102056 -7.476407 3.622907 -0.048649 
7073 8.582494 0.000000 1.945565 18.712180 -1.104678 0.200958 0.071097 
7074 8.535773 0.000000 1.945565 18.212610 -1.235302 -0.364517 0.118806 
7075 8.582494 0.000000 1.989116 19.161333 0.185062 0.314327 0.029111 
7076 8.559133 0.000000 1.836686 17.611738 5.933647 6.440311 -0.022618 
7077 8.559133 0.000000 1.814910 18.547745 2.433196 2.133145 0.062947 
7078 8.559133 0.000000 1.858462 17.094157 -9.392054 9.239481 -0.231260 
7079 8.769377 0.000000 1.771358 19.055929 0.399163 0.622721 0.038665 
7080 8.769377 0.000000 1.727807 19.101242 0.001315 0.670988 0.034350 
7081 8.816098 0.000000 1.771358 19.131474 0.414563 0.597040 0.031089 
7082 8.862819 0.000000 1.771358 19.201417 0.416607 0.594624 0.024004 
7083 8.862819 0.000000 1.727807 19.202520 0.082291 0.612356 0.024277 
7084 8.909540 0.000000 1.771358 19.264142 0.408373 0.606656 0.017606 
7085 8.816098 0.000000 2.163322 19.496153 0.044217 0.526899 -0.005490 
7086 8.909540 0.000000 2.163322 19.486610 -0.061510 0.538242 -0.004544 
7087 8.816098 0.000000 2.250426 19.498805 0.182238 0.358658 -0.005453 
7088 9.002981 0.000000 2.163322 19.479029 -0.126097 0.554432 -0.003842 
7089 9.002981 0.000000 2.250426 19.485762 0.071357 0.360635 -0.004038 
7090 8.862819 0.000000 1.945565 19.561689 -3.878261 0.967324 -0.053750 
7091 8.909540 0.000000 1.945565 19.719567 -5.164057 0.515443 -0.099106 
7092 8.862819 0.000000 1.989116 19.472663 -1.446791 1.009193 -0.010557 
7093 8.746017 0.000000 1.880237 14.882743 18.885016 19.860657 -1.570920 
7094 8.746017 0.000000 1.858462 18.747015 5.183229 1.466349 -0.005721 
7095 8.746017 0.000000 1.902013 19.084189 -8.232133 2.467399 -0.157968 
7096 9.376748 0.000000 2.163322 19.509587 -0.263450 0.585120 -0.007225 
7097 9.470190 0.000000 2.163322 19.526236 -0.230319 0.566992 -0.008845 
7098 9.376748 0.000000 2.250426 19.499463 -0.009686 0.352845 -0.005422 
7099 8.956261 0.000000 1.945565 19.853565 -7.278199 -0.653113 -0.183082 
7100 8.956261 0.000000 1.902013 19.513436 5.902579 -0.180141 -0.098716 
7101 8.956261 0.000000 1.989116 19.488203 -2.056683 0.890841 -0.017211 
7102 9.049702 0.000000 2.032668 19.435847 -1.193421 0.938090 -0.004636 
7103 9.002981 0.000000 2.032668 19.451322 -1.049330 0.917705 -0.005273 
7104 9.049702 0.000000 2.076219 19.459119 -0.661412 0.778872 -0.003698 
7105 8.956261 0.000000 2.032668 19.464535 -0.901775 0.915500 -0.005860 
7106 8.909540 0.000000 2.032668 19.469016 -0.753236 0.922314 -0.005705 
7107 8.956261 0.000000 2.076219 19.469770 -0.495326 0.757452 -0.004199 
7108 9.236586 0.000000 1.858462 19.594021 1.123754 1.097093 -0.021384 
7109 9.189865 0.000000 1.858462 19.568288 1.173155 1.031205 -0.018649 
7110 9.236586 0.000000 1.814910 19.539577 0.590634 0.944338 -0.012512 
7111 9.143144 0.000000 1.858462 19.546874 1.242633 0.968899 -0.016549 
7112 9.096423 0.000000 1.858462 19.526551 1.335469 0.901668 -0.014751 
7113 9.143144 0.000000 1.814910 19.496991 0.645615 0.850163 -0.007850 
7114 9.166504 0.000000 1.967340 18.678657 -11.605479 4.109617 -0.322932 
7115 9.166504 0.000000 1.945565 19.793548 13.742875 5.265109 -0.608164 
7116 9.166504 0.000000 1.989116 19.263461 -4.123211 1.471934 -0.031578 
7117 9.330027 0.000000 2.032668 19.437152 -1.543901 1.393710 -0.010115 
7118 9.376748 0.000000 2.032668 19.478072 -1.418659 1.455437 -0.013808 
7119 9.330027 0.000000 2.076219 19.483942 -0.844323 0.938147 -0.007704 
7120 9.423469 0.000000 1.771358 19.590316 0.261946 1.035626 -0.017497 
7121 9.376748 0.000000 1.771358 19.561474 0.268404 0.977096 -0.014210 
7122 9.423469 0.000000 1.727807 19.540341 0.083247 0.927803 -0.011605 
7123 9.353388 0.000000 1.923789 19.985705 3.275776 2.685895 -0.103279 
7124 9.353388 0.000000 1.902013 19.831959 2.186909 1.835035 -0.061205 
7125 9.353388 0.000000 1.945565 20.283295 4.444791 5.918376 -0.232335 
7126 9.563631 0.000000 2.163322 19.535533 -0.184852 0.531128 -0.009651 
7127 9.657073 0.000000 2.163322 19.532596 -0.140544 0.487413 -0.009191 
7128 9.563631 0.000000 2.250426 19.506182 0.006139 0.319087 -0.006055 
7129 9.750515 0.000000 2.163322 19.521243 -0.105529 0.446790 -0.007896 
7130 9.843957 0.000000 2.163322 19.507531 -0.081674 0.414033 -0.006395 
7131 9.750515 0.000000 2.250426 19.495496 0.029760 0.277518 -0.004890 
7132 9.400109 0.000000 1.880237 19.820758 1.545368 1.672204 -0.052192 
7133 9.376748 0.000000 1.880237 19.779343 1.530936 1.579620 -0.046944 
7134 9.400109 0.000000 1.858462 19.742938 1.102315 1.437662 -0.039025 
7135 9.493550 0.000000 1.836686 19.826181 0.841763 1.563727 -0.047393 
7136 9.470190 0.000000 1.836686 19.783208 0.823760 1.479226 -0.042134 
7137 9.493550 0.000000 1.814910 19.752546 0.586711 1.386259 -0.037342 
7138 9.540271 0.000000 1.923789 20.718478 1.045823 4.889568 -0.200777 
7139 9.563631 0.000000 1.923789 20.718552 0.489737 4.845814 -0.197402 
7140 9.540271 0.000000 1.945565 20.464814 -0.865949 4.793108 -0.169784 
7141 9.937398 0.000000 1.989116 19.604550 -0.010914 0.913302 -0.018160 
7142 10.030840 0.000000 1.989116 19.555748 0.022210 0.800364 -0.012598 
7143 9.937398 0.000000 2.076219 19.523208 -0.004794 0.599244 -0.008491 
7144 9.797236 0.000000 1.858462 20.593534 0.381582 3.236306 -0.149115 
7145 9.843957 0.000000 1.858462 20.435990 0.305800 2.880151 -0.126132 
7146 9.797236 0.000000 1.902013 20.200001 -0.101119 2.555751 -0.095901 
7147 9.586992 0.000000 1.836686 20.082775 0.929522 2.043576 -0.079448 
7148 9.586992 0.000000 1.814910 19.955710 0.640552 1.753686 -0.061891 
7149 9.633713 0.000000 1.880237 20.651331 1.170368 3.604176 -0.165304 
7150 9.657073 0.000000 1.880237 20.695617 0.930181 3.734421 -0.171337 
7151 9.633713 0.000000 1.902013 20.707497 0.508174 4.199858 -0.180794 
7152 9.797236 0.000000 1.597152 19.636782 -0.323408 1.190546 -0.023322 
7153 9.750515 0.000000 1.597152 19.602191 -0.288271 1.119057 -0.019241 
7154 9.797236 0.000000 1.553601 19.575729 -0.335127 1.158372 -0.016814 
7155 9.703794 0.000000 1.684255 19.718928 -0.156321 1.243786 -0.031998 
7156 9.657073 0.000000 1.684255 19.661955 -0.121706 1.140811 -0.025393 
7157 9.703794 0.000000 1.640704 19.630682 -0.220498 1.113190 -0.022070 
7158 9.727154 0.000000 1.749583 20.016795 0.064678 1.795178 -0.067661 
7159 9.703794 0.000000 1.749583 19.952697 0.077717 1.673295 -0.059776 
7160 9.727154 0.000000 1.727807 19.908214 -0.048054 1.588474 -0.054348 
7161 9.984119 0.000000 1.771358 20.489245 0.677315 2.948358 -0.133909 
7162 10.030840 0.000000 1.771358 20.298291 0.763277 2.682937 -0.109698 
7163 9.984119 0.000000 1.814910 20.219382 0.554617 2.423527 -0.097018 
7164 9.890677 0.000000 1.858462 20.259994 0.290938 2.495565 -0.101711 
7165 9.937398 0.000000 1.858462 20.095373 0.291774 2.150267 -0.079910 
7166 9.890677 0.000000 1.902013 19.947796 0.050474 1.841111 -0.060809 
7167 9.773875 0.000000 1.793134 20.475401 0.425753 2.709491 -0.128104 
7168 9.797236 0.000000 1.793134 20.549631 0.429988 2.867184 -0.138488 
7169 9.773875 0.000000 1.814910 20.614047 0.601664 3.028645 -0.148482 
7170 9.867317 0.000000 1.662480 19.909722 -0.378546 1.678306 -0.055655 
7171 9.843957 0.000000 1.662480 19.867320 -0.345720 1.577852 -0.050269 
7172 9.867317 0.000000 1.640704 19.821683 -0.392586 1.520875 -0.045106 
7173 9.914038 0.000000 1.706031 20.291248 -0.263485 2.478114 -0.104791 
7174 9.937398 0.000000 1.706031 20.358793 -0.232143 2.650137 -0.114340 
7175 9.914038 0.000000 1.727807 20.448642 -0.061248 2.782549 -0.125801 
7176 9.984119 0.000000 1.510049 19.626323 -0.429645 1.405122 -0.023920 
7177 9.937398 0.000000 1.510049 19.598642 -0.405407 1.339822 -0.020523 
7178 9.984119 0.000000 1.466498 19.572322 -0.384109 1.432014 -0.018428 
7179 9.890677 0.000000 1.510049 19.573869 -0.382741 1.283339 -0.017519 
7180 9.843957 0.000000 1.510049 19.551637 -0.363250 1.233876 -0.014852 
7181 9.890677 0.000000 1.466498 19.532120 -0.366519 1.349026 -0.013628 
7182 10.171002 0.000000 1.684255 20.064490 0.855320 2.892382 -0.088233 
7183 10.217723 0.000000 1.684255 19.850460 0.932073 2.739105 -0.063731 
7184 10.171002 0.000000 1.727807 19.897271 0.876670 2.496133 -0.065022 
7185 10.007479 0.000000 1.618928 19.972614 -0.566945 1.947506 -0.065337 
7186 10.007479 0.000000 1.597152 19.872613 -0.555192 1.754292 -0.052878 
7187 10.007479 0.000000 1.640704 20.097036 -0.541975 2.203432 -0.081250 
7188 9.914038 0.000000 1.618928 19.811527 -0.457786 1.552374 -0.044445 
7189 9.890677 0.000000 1.618928 19.780787 -0.425253 1.475834 -0.040539 
7190 9.914038 0.000000 1.597152 19.744900 -0.446002 1.443051 -0.036584 
7191 9.867317 0.000000 1.618928 19.752327 -0.394419 1.406440 -0.036969 
7192 9.843957 0.000000 1.618928 19.725696 -0.365776 1.343657 -0.033676 
7193 9.867317 0.000000 1.597152 19.697372 -0.390904 1.327547 -0.030661 
7194 9.960759 0.000000 1.662480 20.114793 -0.483532 2.193695 -0.082866 
7195 9.984119 0.000000 1.662480 20.177808 -0.479033 2.350303 -0.091448 
7196 9.960759 0.000000 1.684255 20.266302 -0.374770 2.503438 -0.102638 
7197 10.007479 0.000000 1.662480 20.243618 -0.444621 2.513797 -0.100497 
7198 10.030840 0.000000 1.662480 20.305990 -0.369727 2.676648 -0.109256 
7199 10.007479 0.000000 1.684255 20.394941 -0.237048 2.834608 -0.120915 
7200 9.960759 0.000000 1.706031 20.422842 -0.168624 2.815689 -0.123569 
7201 9.984119 0.000000 1.706031 20.477478 -0.065130 2.962833 -0.131660 
7202 9.960759 0.000000 1.727807 20.546933 0.122179 3.049802 -0.140602 
7203 10.684932 0.000000 1.466498 19.476053 -0.398859 1.832744 -0.011980 
7204 10.778373 0.000000 1.466498 19.470370 -0.400257 1.829686 -0.011369 
7205 10.684932 0.000000 1.553601 19.472964 -0.280511 2.431354 -0.018197 
7206 10.684932 0.000000 1.640704 19.470145 0.669560 2.833030 -0.024474 
7207 10.778373 0.000000 1.640704 19.465896 0.667740 2.830260 -0.023988 
7208 10.684932 0.000000 1.727807 19.467207 0.686983 2.188357 -0.015677 
7209 11.152140 0.000000 1.902013 19.453425 0.130364 0.868896 -0.002393 
7210 11.339023 0.000000 1.902013 19.451418 -0.009246 0.811173 -0.001885 
7211 11.152140 0.000000 2.076219 19.451487 -0.028104 0.379048 -0.000535 
7212 11.525907 0.000000 1.902013 19.450852 -0.009557 0.810788 -0.001826 
7213 11.712790 0.000000 1.902013 19.450644 -0.009697 0.810562 -0.001803 
7214 11.525907 0.000000 2.076219 19.450774 0.009511 0.378115 -0.000458 
7215 12.086557 0.000000 2.773044 19.450023 0.033110 0.092386 -0.000028 
7216 12.460324 0.000000 2.773044 19.450010 0.033203 0.092317 -0.000026 
7217 12.086557 0.000000 3.121456 19.451293 0.107320 0.041746 -0.000168 
7218 12.834090 0.000000 2.773044 19.450053 0.051386 0.119246 -0.000050 
7219 13.207857 0.000000 2.773044 19.450087 0.053735 0.115151 -0.000052 
7220 12.834090 0.000000 3.121456 19.450247 0.030667 0.076144 -0.000043 
7221 11.899674 0.000000 1.902013 19.451532 0.071096 0.808477 -0.001899 
7222 12.086557 0.000000 1.902013 19.450213 0.030721 0.810518 -0.001761 
7223 11.899674 0.000000 2.076219 19.450350 0.009348 0.377859 -0.000414 
7224 12.273440 0.000000 1.902013 19.450065 0.030762 0.810466 -0.001746 
7225 12.460324 0.000000 1.902013 19.450065 0.030738 0.810468 -0.001746 
7226 12.273440 0.000000 2.076219 19.450092 0.009337 0.377765 -0.000387 
7227 12.647207 0.000000 1.902013 19.450018 0.030798 0.810390 -0.001740 
7228 12.834090 0.000000 1.902013 19.449984 0.030873 0.810382 -0.001737 
7229 12.647207 0.000000 2.076219 19.450018 0.009421 0.377676 -0.000379 
7230 13.020974 0.000000 1.902013 19.449943 0.030888 0.810297 -0.001732 
7231 13.207857 0.000000 1.902013 19.449885 0.458055 0.376300 -0.000917 
7232 13.020974 0.000000 2.076219 19.449951 0.009495 0.377573 -0.000372 
7233 9.458510 0.000000 1.891125 20.034393 1.872820 2.234091 -0.083460 
7234 9.446829 0.000000 1.891125 19.997556 1.867506 2.144606 -0.078473 
7235 9.458510 0.000000 1.880237 19.957261 1.594986 1.977717 -0.069905 
7236 9.481870 0.000000 1.912901 20.367290 2.335907 3.487727 -0.143125 
7237 9.493550 0.000000 1.912901 20.423578 2.242005 3.652212 -0.151163 
7238 9.481870 0.000000 1.923789 20.522123 2.287472 4.371727 -0.177634 
7239 9.610352 0.000000 1.684255 19.615602 -0.094396 1.060805 -0.020099 
7240 9.563631 0.000000 1.684255 19.578365 -0.072893 0.997979 -0.015890 
7241 9.610352 0.000000 1.640704 19.560907 -0.166712 0.990989 -0.014106 
7242 9.516911 0.000000 1.684255 19.548568 -0.055659 0.947674 -0.012543 
7243 9.470190 0.000000 1.684255 19.524527 -0.041865 0.906176 -0.009853 
7244 9.516911 0.000000 1.640704 19.512561 -0.132537 0.910964 -0.008683 
7245 9.703794 0.000000 1.945565 20.008851 -0.624452 2.386499 -0.074377 
7246 9.750515 0.000000 1.945565 19.939140 -0.399009 2.030332 -0.062247 
7247 9.703794 0.000000 1.989116 19.758792 -0.462101 1.510954 -0.038604 
7248 9.797236 0.000000 1.945565 19.871926 -0.229717 1.743032 -0.052027 
7249 9.843957 0.000000 1.945565 19.806508 -0.112335 1.512696 -0.043077 
7250 9.797236 0.000000 1.989116 19.698356 -0.182734 1.209380 -0.029655 
7251 9.586992 0.000000 1.923789 20.665033 0.013517 4.643478 -0.185839 
7252 9.610352 0.000000 1.923789 20.576121 -0.324837 4.333639 -0.169072 
7253 9.586992 0.000000 1.945565 20.297357 -1.128597 3.847335 -0.131524 
7254 9.633713 0.000000 1.923789 20.475581 -0.515577 3.980215 -0.150818 
7255 9.657073 0.000000 1.923789 20.381441 -0.586039 3.630095 -0.133813 
7256 9.633713 0.000000 1.945565 20.149219 -1.007206 3.122194 -0.101641 
7257 9.633713 0.000000 1.793134 19.978905 0.425854 1.756244 -0.063758 
7258 9.610352 0.000000 1.793134 19.914090 0.421590 1.641147 -0.055880 
7259 9.633713 0.000000 1.771358 19.876565 0.244066 1.548406 -0.050839 
7260 9.586992 0.000000 1.793134 19.856874 0.416403 1.540571 -0.049008 
7261 9.563631 0.000000 1.793134 19.806972 0.410884 1.453056 -0.043071 
7262 9.586992 0.000000 1.771358 19.779016 0.249413 1.377455 -0.039298 
7263 9.727154 0.000000 1.836686 20.616824 0.784437 3.114072 -0.150841 
7264 9.750515 0.000000 1.836686 20.665957 0.711175 3.225214 -0.157776 
7265 9.727154 0.000000 1.858462 20.695586 0.697200 3.466315 -0.165228 
7266 9.680434 0.000000 1.880237 20.702933 0.687894 3.770364 -0.171814 
7267 9.703794 0.000000 1.880237 20.678632 0.475802 3.714459 -0.167398 
7268 9.680434 0.000000 1.902013 20.577530 0.002456 3.831145 -0.158101 
7269 9.820596 0.000000 1.706031 20.028296 -0.222719 1.854986 -0.069576 
7270 9.797236 0.000000 1.706031 19.970114 -0.197363 1.729229 -0.062205 
7271 9.820596 0.000000 1.684255 19.916846 -0.281927 1.647285 -0.055964 
7272 9.773875 0.000000 1.706031 19.916204 -0.171799 1.616400 -0.055498 
7273 9.750515 0.000000 1.706031 19.866508 -0.147473 1.516194 -0.049421 
7274 9.773875 0.000000 1.684255 19.827471 -0.225103 1.456168 -0.044930 
7275 9.867317 0.000000 1.749583 20.467841 0.073248 2.749591 -0.127400 
7276 9.890677 0.000000 1.749583 20.528777 0.123942 2.898449 -0.136252 
7277 9.867317 0.000000 1.771358 20.594836 0.306036 2.999439 -0.145215 
7278 9.914038 0.000000 1.749583 20.573763 0.198985 3.018792 -0.143086 
7279 9.937398 0.000000 1.749583 20.598075 0.297826 3.099217 -0.147163 
7280 9.914038 0.000000 1.771358 20.628591 0.439798 3.122168 -0.151143 
7281 10.311165 0.000000 1.814910 19.525050 0.246075 1.514210 -0.013953 
7282 10.404607 0.000000 1.814910 19.491297 0.219849 1.488371 -0.010235 
7283 10.311165 0.000000 1.902013 19.495762 0.052983 0.979731 -0.007256 
7284 10.498048 0.000000 1.814910 19.476119 0.207621 1.476911 -0.008567 
7285 10.591490 0.000000 1.814910 19.468497 0.201523 1.470859 -0.007729 
7286 10.498048 0.000000 1.902013 19.469424 0.031182 0.954126 -0.004407 
7287 10.077561 0.000000 1.771358 20.089971 0.755750 2.416431 -0.083834 
7288 10.124282 0.000000 1.771358 19.908168 0.690650 2.204596 -0.061776 
7289 10.077561 0.000000 1.814910 19.887295 0.470482 1.915740 -0.055758 
7290 10.171002 0.000000 1.771358 19.765737 0.612259 2.056457 -0.044900 
7291 10.217723 0.000000 1.771358 19.661629 0.546076 1.961814 -0.032842 
7292 10.171002 0.000000 1.814910 19.671228 0.349337 1.650149 -0.030398 
7293 10.054200 0.000000 1.662480 20.355037 -0.248163 2.826455 -0.116508 
7294 10.077561 0.000000 1.662480 20.379167 -0.082690 2.947451 -0.120809 
7295 10.054200 0.000000 1.684255 20.457534 0.077558 3.071590 -0.131241 
7296 8.115285 0.000000 2.032668 19.523783 -2.602951 1.029520 -0.028313 
7297 8.068564 0.000000 2.032668 19.522574 -2.265612 0.904406 -0.023207 
7298 8.115285 0.000000 1.989116 19.396125 -1.888385 1.227463 -0.007877 
7299 0.476428 0.000000 0.878552 15.720749 -0.006395 2.987252 0.323119 
7300 0.453067 0.000000 0.878552 15.886139 -0.004656 2.860886 0.311255 
7301 0.476428 0.000000 0.900327 15.910917 -0.007596 3.177859 0.304112 
7302 0.488108 0.000000 0.845888 18.574867 0.035678 1.406915 0.082728 
7303 0.476428 0.000000 0.845888 18.635675 0.034873 1.411489 0.076713 
7304 0.488108 0.000000 0.856776 18.215528 0.035052 1.097693 0.119721 
7305 0.464747 0.000000 0.845888 18.651171 0.033846 1.429173 0.075053 
7306 0.453067 0.000000 0.845888 18.521426 0.033458 1.406261 0.087973 
7307 0.464747 0.000000 0.856776 17.412305 0.033925 0.600891 0.197598 
7308 0.429707 0.000000 0.878552 16.042049 -0.004310 2.846566 0.298312 
7309 0.406346 0.000000 0.878552 16.161191 -0.004084 2.813233 0.288669 
7310 0.429707 0.000000 0.900327 16.149436 -0.005769 3.271666 0.282299 
7311 0.441387 0.000000 0.845888 17.843173 0.034864 0.943849 0.156043 
7312 0.429707 0.000000 0.845888 16.930378 0.032570 0.645343 0.241202 
7313 0.441387 0.000000 0.856776 16.792186 0.027994 0.906789 0.252449 
7314 0.418026 0.000000 0.845888 16.044895 -0.003547 2.873477 0.297664 
7315 0.406346 0.000000 0.845888 16.071369 -0.003794 2.717493 0.297722 
7316 0.418026 0.000000 0.856776 16.089587 -0.003786 2.822495 0.294635 
7317 0.336265 0.000000 0.747897 23.362362 0.011847 1.854292 -0.451850 
7318 0.336265 0.000000 0.726121 23.073116 0.012694 1.627326 -0.414257 
7319 0.359625 0.000000 0.747897 23.136675 0.012019 2.134425 -0.427063 
7320 0.336265 0.000000 0.878552 16.665677 -0.003722 2.856395 0.244246 
7321 0.359625 0.000000 0.878552 16.473150 -0.004013 2.923447 0.260086 
7322 0.336265 0.000000 0.900327 16.725870 -0.003935 3.218307 0.233121 
7323 0.382986 0.000000 0.878552 16.346949 -0.004199 2.927098 0.270978 
7324 0.382986 0.000000 0.900327 16.388064 -0.004689 3.227001 0.262542 
7325 0.336265 0.000000 0.922103 16.635059 -0.005036 4.007384 0.226058 
7326 0.359625 0.000000 0.922103 16.396224 -0.005569 4.037809 0.246264 
7327 0.336265 0.000000 0.943879 16.245244 -0.004586 4.647385 0.245297 
7328 0.371306 0.000000 0.824112 19.717779 0.020876 2.484083 -0.044037 
7329 0.359625 0.000000 0.824112 19.760394 0.020460 2.380214 -0.047149 
7330 0.371306 0.000000 0.835000 19.715351 0.020876 2.494148 -0.043917 
7331 0.394666 0.000000 0.845888 16.163985 -0.003700 2.728871 0.289666 
7332 0.382986 0.000000 0.845888 16.256602 -0.003607 2.740248 0.281564 
7333 0.394666 0.000000 0.856776 16.214838 -0.003835 2.738226 0.285178 
7334 0.371306 0.000000 0.845888 16.281177 -0.003630 2.657263 0.280634 
7335 0.359625 0.000000 0.845888 16.318822 -0.003687 2.642152 0.277602 
7336 0.371306 0.000000 0.856776 16.344715 -0.003739 2.670072 0.274974 
7337 0.347945 0.000000 0.824112 19.799678 0.020022 2.287215 -0.050109 
7338 0.336265 0.000000 0.824112 19.890363 0.019190 2.054683 -0.056955 
7339 0.347945 0.000000 0.835000 16.305752 -0.003653 2.574279 0.279665 
7340 0.347945 0.000000 0.845888 16.421524 -0.003526 2.533108 0.270205 
7341 0.336265 0.000000 0.845888 16.500842 -0.003330 2.464011 0.264215 
7342 0.347945 0.000000 0.856776 16.487135 -0.003466 2.503422 0.264893 
7343 0.231143 0.000000 0.802337 20.273077 0.014335 -0.800420 -0.088120 
7344 0.242823 0.000000 0.802337 20.290805 0.014597 -0.512181 -0.089021 
7345 0.231143 0.000000 0.813224 20.300502 0.014288 -0.793221 -0.091031 
7346 0.616590 0.000000 0.922103 17.281303 -0.016850 3.640283 0.175540 
7347 0.593230 0.000000 0.922103 16.934476 -0.015578 3.660356 0.206521 
7348 0.616590 0.000000 0.943879 17.224103 -0.016482 3.423081 0.184812 
7349 0.558189 0.000000 0.867664 17.440408 0.037260 6.953538 0.068151 
7350 0.546509 0.000000 0.867664 17.741987 0.036632 6.449180 0.057972 
7351 0.558189 0.000000 0.878552 17.104065 0.033028 7.012545 0.096686 
7352 0.493948 0.000000 0.829556 18.707174 0.035477 1.803766 0.066321 
7353 0.488108 0.000000 0.829556 18.747891 0.034805 1.702481 0.063228 
7354 0.493948 0.000000 0.835000 18.690468 0.035385 1.817047 0.067845 
7355 0.266184 0.000000 1.161637 17.791224 0.014271 1.086686 0.160173 
7356 0.219463 0.000000 1.161637 17.845739 0.012026 0.716198 0.156803 
7357 0.266184 0.000000 1.205188 18.086031 0.012123 0.901737 0.133186 
7358 0.172742 0.000000 1.161637 17.986761 0.010532 0.399019 0.144381 
7359 0.126021 0.000000 1.161637 18.160930 0.009518 0.145450 0.128103 
7360 0.172742 0.000000 1.205188 18.212949 0.009772 0.395851 0.122744 
7361 0.207783 0.000000 0.911215 19.779029 -0.003595 2.362812 -0.048877 
7362 0.207783 0.000000 0.900327 19.333302 -0.003378 1.990866 0.001487 
7363 0.219463 0.000000 0.911215 19.246610 -0.003791 2.784779 0.000305 
7364 0.289544 0.000000 1.009206 15.678341 -0.004873 4.140968 0.304900 
7365 0.312905 0.000000 1.009206 15.932507 -0.005295 4.628434 0.272362 
7366 0.289544 0.000000 1.030982 15.784972 -0.005927 3.399494 0.310811 
7367 0.207783 0.000000 0.976543 14.647086 -0.003891 2.250840 0.419503 
7368 0.219463 0.000000 0.976543 15.105009 -0.003599 3.186260 0.370045 
7369 0.207783 0.000000 0.987431 14.441398 -0.004350 1.774393 0.440388 
7370 0.336265 0.000000 0.965655 16.049488 -0.005256 4.856954 0.256743 
7371 0.359625 0.000000 0.965655 16.048759 -0.005275 4.952977 0.254315 
7372 0.336265 0.000000 0.987431 16.089412 -0.005406 4.857950 0.253325 
7373 0.382986 0.000000 0.965655 16.008384 -0.006056 4.764690 0.262573 
7374 0.382986 0.000000 0.943879 16.118227 -0.006000 4.395553 0.262183 
7375 0.406346 0.000000 0.965655 16.027007 -0.006756 4.608453 0.264866 
7376 0.336265 0.000000 1.009206 16.082337 -0.005356 4.894660 0.252981 
7377 0.336265 0.000000 1.030982 16.228472 -0.005601 4.414036 0.252326 
7378 0.429707 0.000000 0.965655 16.034789 -0.008233 4.405568 0.269041 
7379 0.429707 0.000000 0.943879 15.847915 -0.008725 3.921691 0.295442 
7380 0.453067 0.000000 0.965655 16.126586 -0.009249 4.297387 0.263726 
7381 1.200601 0.000000 1.161637 19.388900 -0.010737 1.666266 -0.001067 
7382 1.247321 0.000000 1.161637 19.426198 -0.014338 1.601555 -0.004335 
7383 1.200601 0.000000 1.205188 19.410540 -0.011226 1.591236 -0.002640 
7384 3.863689 0.000000 2.076219 19.439477 0.102918 0.356316 0.000718 
7385 4.237455 0.000000 2.076219 19.437199 0.092252 0.359972 0.000951 
7386 3.863689 0.000000 2.424632 19.433309 0.043617 0.147919 0.001653 
7387 1.667809 0.000000 1.074534 19.289175 -0.024408 1.135205 0.013061 
7388 1.714530 0.000000 1.074534 19.265246 -0.022777 0.970812 0.016415 
7389 1.667809 0.000000 1.118085 19.348623 -0.022612 1.096075 0.007220 
7390 1.761251 0.000000 1.074534 19.246890 -0.008776 0.472208 0.020187 
7391 1.807972 0.000000 1.074534 19.249770 -0.001350 0.341045 0.020176 
7392 1.761251 0.000000 1.118085 19.294980 -0.000429 0.291263 0.015653 
7393 3.303039 0.000000 1.553601 19.415801 0.140289 0.621038 0.002442 
7394 3.489922 0.000000 1.553601 19.415573 0.180981 0.587697 0.002537 
7395 3.303039 0.000000 1.727807 19.412035 0.131722 0.536230 0.003094 
7396 2.648947 0.000000 1.292291 19.496043 -0.012144 1.046541 -0.007636 
7397 2.742388 0.000000 1.292291 19.473108 -0.034988 1.020730 -0.005135 
7398 2.648947 0.000000 1.379395 19.467298 0.049754 0.886958 -0.003866 
7399 2.508784 0.000000 1.161637 19.594305 -0.071248 1.458029 -0.020526 
7400 2.555505 0.000000 1.161637 19.578084 -0.102775 1.436746 -0.018699 
7401 2.508784 0.000000 1.205188 19.569370 -0.029806 1.332416 -0.017007 
7402 0.359625 0.000000 1.248740 18.364943 0.013541 1.170515 0.104840 
7403 0.312905 0.000000 1.248740 18.310841 0.012079 0.978679 0.111175 
7404 0.359625 0.000000 1.292291 18.528136 0.012061 0.983343 0.089990 
7405 1.200601 0.000000 1.248740 19.417858 -0.009766 1.564760 -0.003170 
7406 1.247321 0.000000 1.248740 19.464325 -0.009634 1.526598 -0.007634 
7407 1.200601 0.000000 1.292291 19.441159 -0.003425 1.414117 -0.004377 
7408 0.079300 0.000000 1.161637 18.348814 0.008693 -0.034150 0.110024 
7409 0.032580 0.000000 1.161637 18.523756 0.008096 -0.149041 0.092917 
7410 0.079300 0.000000 1.205188 18.473224 0.008343 0.047913 0.097911 
7411 0.581549 0.000000 0.802337 20.818768 0.018665 5.307822 -0.220173 
7412 0.581549 0.000000 0.791449 20.910651 0.020240 4.911707 -0.219608 
7413 0.593230 0.000000 0.802337 20.426791 0.019562 5.139520 -0.172789 
7414 0.990357 0.000000 0.791449 19.456084 0.017400 2.315915 -0.014804 
7415 0.990357 0.000000 0.769673 19.490508 0.015849 2.291796 -0.018054 
7416 1.013717 0.000000 0.791449 19.461345 0.015417 2.277643 -0.014881 
7417 1.037078 0.000000 0.791449 19.466274 0.013142 2.243795 -0.014983 
7418 1.037078 0.000000 0.769673 19.493850 0.011345 2.222077 -0.017566 
7419 1.060438 0.000000 0.791449 19.469891 0.010708 2.214258 -0.015007 
7420 1.025397 0.000000 0.911215 19.296975 -0.017650 2.089632 0.004130 
7421 1.013717 0.000000 0.911215 19.303629 -0.016502 2.122114 0.003090 
7422 1.025397 0.000000 0.922103 19.292570 -0.016054 2.099697 0.004468 
7423 1.083798 0.000000 0.791449 19.473019 0.008019 2.189538 -0.015041 
7424 1.083798 0.000000 0.769673 19.495474 0.006281 2.168825 -0.017116 
7425 1.107159 0.000000 0.791449 19.475036 0.005271 2.166546 -0.014984 
7426 1.130519 0.000000 0.791449 19.475990 0.002225 2.144602 -0.014832 
7427 1.130519 0.000000 0.769673 19.494630 0.000690 2.124826 -0.016529 
7428 1.153880 0.000000 0.791449 19.475973 -0.000912 2.125660 -0.014617 
7429 1.177240 0.000000 0.791449 19.474809 -0.004146 2.107434 -0.014293 
7430 1.177240 0.000000 0.769673 19.490605 -0.005810 2.088084 -0.015705 
7431 1.200601 0.000000 0.791449 19.472738 -0.007401 2.091478 -0.013902 
7432 1.223961 0.000000 0.791449 19.469693 -0.011036 2.075897 -0.013418 
7433 1.223961 0.000000 0.769673 19.483540 -0.012367 2.057248 -0.014640 
7434 1.247321 0.000000 0.791449 19.465249 -0.014113 2.061204 -0.012800 
7435 1.270682 0.000000 0.791449 19.460725 -0.017728 2.047664 -0.012187 
7436 1.270682 0.000000 0.769673 19.473222 -0.018933 2.029611 -0.013279 
7437 1.294042 0.000000 0.791449 19.455230 -0.021206 2.034447 -0.011480 
7438 1.317403 0.000000 0.791449 19.449873 -0.024250 2.022711 -0.010804 
7439 1.317403 0.000000 0.769673 19.461433 -0.025456 2.005611 -0.011811 
7440 1.340763 0.000000 0.791449 19.443626 -0.027717 2.010588 -0.010033 
7441 1.294042 0.000000 1.161637 19.434291 -0.013040 1.558363 -0.004805 
7442 1.340763 0.000000 1.161637 19.426556 -0.013737 1.565295 -0.004068 
7443 1.294042 0.000000 1.205188 19.440279 -0.012240 1.546330 -0.005322 
7444 1.364124 0.000000 0.791449 19.437384 -0.031143 1.998541 -0.009264 
7445 1.364124 0.000000 0.769673 19.448377 -0.032334 1.982671 -0.010227 
7446 1.387484 0.000000 0.791449 19.430704 -0.034419 1.987016 -0.008457 
7447 1.410844 0.000000 0.835000 19.279477 -0.051711 1.810475 0.008786 
7448 1.410844 0.000000 0.813224 19.412440 -0.035713 1.983736 -0.006547 
7449 1.434205 0.000000 0.835000 19.281851 -0.044171 1.816116 0.008492 
7450 1.375804 0.000000 0.867664 19.271606 -0.054010 1.778802 0.009888 
7451 1.375804 0.000000 0.856776 19.279477 -0.051711 1.810475 0.008786 
7452 1.387484 0.000000 0.867664 19.271606 -0.054010 1.778802 0.009888 
7453 1.410844 0.000000 0.965655 19.258873 -0.047688 1.723326 0.011700 
7454 1.387484 0.000000 0.965655 19.293842 -0.046825 1.776738 0.007642 
7455 1.410844 0.000000 0.987431 19.329623 -0.032184 1.637309 0.005251 
7456 1.399164 0.000000 0.867664 19.271606 -0.054010 1.778802 0.009888 
7457 1.399164 0.000000 0.856776 19.279477 -0.051711 1.810475 0.008786 
7458 1.410844 0.000000 0.867664 19.271606 -0.054010 1.778802 0.009888 
7459 1.422525 0.000000 0.867664 19.271606 -0.054010 1.778802 0.009888 
7460 1.422525 0.000000 0.856776 19.279477 -0.051711 1.810475 0.008786 
7461 1.434205 0.000000 0.867664 19.271606 -0.054010 1.778802 0.009888 
7462 1.457565 0.000000 0.835000 19.281851 -0.044171 1.816116 0.008492 
7463 1.457565 0.000000 0.813224 19.398663 -0.041906 1.959378 -0.004881 
7464 1.480926 0.000000 0.835000 19.379757 -0.042105 1.946832 -0.002814 
7465 1.445885 0.000000 0.867664 19.279477 -0.051711 1.810475 0.008786 
7466 1.445885 0.000000 0.856776 19.279477 -0.051711 1.810475 0.008786 
7467 1.457565 0.000000 0.867664 19.279477 -0.051711 1.810475 0.008786 
7468 1.469245 0.000000 0.867664 19.279477 -0.051711 1.810475 0.008786 
7469 1.469245 0.000000 0.856776 19.279477 -0.051711 1.810475 0.008786 
7470 1.480926 0.000000 0.867664 19.255252 -0.048464 1.763274 0.011700 
7471 1.469245 0.000000 0.932991 19.234950 -0.051735 1.689465 0.014439 
7472 1.457565 0.000000 0.932991 19.234950 -0.051735 1.689465 0.014439 
7473 1.469245 0.000000 0.943879 19.234950 -0.051735 1.689465 0.014439 
7474 1.445885 0.000000 0.932991 19.247980 -0.050157 1.711932 0.012912 
7475 1.434205 0.000000 0.932991 19.247980 -0.050157 1.711932 0.012912 
7476 1.445885 0.000000 0.943879 19.234950 -0.051735 1.689465 0.014439 
7477 1.504286 0.000000 0.835000 19.373357 -0.044338 1.933627 -0.002023 
7478 1.504286 0.000000 0.813224 19.386087 -0.047431 1.935302 -0.003345 
7479 1.527646 0.000000 0.835000 19.367386 -0.046242 1.919054 -0.001264 
7480 1.492606 0.000000 0.867664 19.255252 -0.048464 1.763274 0.011700 
7481 1.492606 0.000000 0.856776 19.281851 -0.044171 1.816116 0.008492 
7482 1.504286 0.000000 0.867664 19.239818 -0.051973 1.736196 0.013520 
7483 1.515966 0.000000 0.867664 19.227390 -0.049548 1.713316 0.014993 
7484 1.515966 0.000000 0.856776 19.206801 -0.041969 1.668872 0.017484 
7485 1.527646 0.000000 0.867664 19.200159 -0.052236 1.661917 0.018217 
7486 1.551007 0.000000 0.835000 19.362777 -0.048642 1.904545 -0.000646 
7487 1.551007 0.000000 0.813224 19.376441 -0.052654 1.908839 -0.002089 
7488 1.574367 0.000000 0.835000 19.358672 -0.050688 1.888636 -0.000067 
7489 1.539327 0.000000 0.867664 19.200159 -0.052236 1.661917 0.018217 
7490 1.539327 0.000000 0.856776 19.200159 -0.052236 1.661917 0.018217 
7491 1.551007 0.000000 0.867664 19.200159 -0.052236 1.661917 0.018217 
7492 1.562687 0.000000 0.867664 19.200159 -0.052236 1.661917 0.018217 
7493 1.562687 0.000000 0.856776 19.200159 -0.052236 1.661917 0.018217 
7494 1.574367 0.000000 0.867664 19.200159 -0.052236 1.661917 0.018217 
7495 1.597728 0.000000 0.835000 19.356012 -0.052581 1.872484 0.000366 
7496 1.597728 0.000000 0.813224 19.370805 -0.057652 1.880418 -0.001229 
7497 1.621088 0.000000 0.835000 19.355501 -0.055074 1.855906 0.000581 
7498 1.586048 0.000000 0.867664 19.200159 -0.052236 1.661917 0.018217 
7499 1.586048 0.000000 0.856776 19.200159 -0.052236 1.661917 0.018217 
7500 1.597728 0.000000 0.867664 19.200159 -0.052236 1.661917 0.018217 
7501 1.609408 0.000000 0.867664 19.200159 -0.052236 1.661917 0.018217 
7502 1.609408 0.000000 0.856776 19.206801 -0.041969 1.668872 0.017484 
7503 1.621088 0.000000 0.867664 19.200159 -0.052236 1.661917 0.018217 
7504 1.644449 0.000000 0.835000 19.356602 -0.057604 1.838775 0.000635 
7505 1.644449 0.000000 0.813224 19.372067 -0.063618 1.851059 -0.001070 
7506 1.667809 0.000000 0.835000 19.359489 -0.059879 1.822442 0.000496 
7507 1.632768 0.000000 0.867664 19.200159 -0.052236 1.661917 0.018217 
7508 1.632768 0.000000 0.856776 19.206801 -0.041969 1.668872 0.017484 
7509 1.644449 0.000000 0.867664 19.206801 -0.041969 1.668872 0.017484 
7510 1.656129 0.000000 0.867664 19.329884 -0.047372 1.797714 0.003764 
7511 1.656129 0.000000 0.856776 19.339773 -0.050928 1.809851 0.002637 
7512 1.667809 0.000000 0.867664 19.331645 -0.047961 1.786707 0.003689 
7513 1.691169 0.000000 0.835000 19.364674 -0.062756 1.805453 0.000128 
7514 1.691169 0.000000 0.813224 19.379788 -0.070403 1.823074 -0.001592 
7515 1.714530 0.000000 0.835000 19.372596 -0.065149 1.788199 -0.000520 
7516 1.679489 0.000000 0.867664 19.333655 -0.048544 1.775603 0.003588 
7517 1.679489 0.000000 0.856776 19.343792 -0.052645 1.789721 0.002417 
7518 1.691169 0.000000 0.867664 19.336675 -0.049097 1.764819 0.003380 
7519 1.702850 0.000000 0.867664 19.340523 -0.049347 1.753599 0.003090 
7520 1.702850 0.000000 0.856776 19.350552 -0.054272 1.769586 0.001914 
7521 1.714530 0.000000 0.867664 19.345086 -0.049306 1.742479 0.002727 
7522 1.737890 0.000000 0.835000 19.383174 -0.068212 1.771873 -0.001452 
7523 1.737890 0.000000 0.813224 19.397140 -0.077623 1.794945 -0.003104 
7524 1.761251 0.000000 0.835000 19.396042 -0.071288 1.756290 -0.002626 
7525 1.726210 0.000000 0.867664 19.350865 -0.049763 1.731893 0.002233 
7526 1.726210 0.000000 0.856776 19.360165 -0.055422 1.749499 0.001117 
7527 1.737890 0.000000 0.867664 19.357035 -0.050035 1.721205 0.001699 
7528 1.749570 0.000000 0.867664 19.364024 -0.050530 1.711079 0.001075 
7529 1.749570 0.000000 0.856776 19.373179 -0.057259 1.730477 -0.000041 
7530 1.761251 0.000000 0.867664 19.371797 -0.051335 1.701010 0.000370 
7531 1.784611 0.000000 0.835000 19.410756 -0.074932 1.742214 -0.004007 
7532 1.784611 0.000000 0.813224 19.422387 -0.085776 1.770338 -0.005467 
7533 1.807972 0.000000 0.835000 19.428084 -0.079288 1.729732 -0.005673 
7534 1.772931 0.000000 0.867664 19.380068 -0.052484 1.691488 -0.000392 
7535 1.772931 0.000000 0.856776 19.388495 -0.059653 1.712430 -0.001447 
7536 1.784611 0.000000 0.867664 19.388788 -0.054026 1.682437 -0.001206 
7537 1.796291 0.000000 0.867664 19.398382 -0.056011 1.673777 -0.002113 
7538 1.796291 0.000000 0.856776 19.405955 -0.063207 1.696387 -0.003094 
7539 1.807972 0.000000 0.867664 19.408774 -0.058439 1.665567 -0.003107 
7540 1.831332 0.000000 0.835000 19.447350 -0.084473 1.718926 -0.007557 
7541 1.831332 0.000000 0.813224 19.455470 -0.095797 1.751324 -0.008694 
7542 1.854692 0.000000 0.835000 19.469035 -0.089536 1.710658 -0.009715 
7543 1.819652 0.000000 0.867664 19.419863 -0.061133 1.657988 -0.004180 
7544 1.819652 0.000000 0.856776 19.426353 -0.068046 1.682087 -0.005061 
7545 1.831332 0.000000 0.867664 19.431615 -0.064036 1.651050 -0.005327 
7546 1.843012 0.000000 0.867664 19.444467 -0.066661 1.645243 -0.006598 
7547 1.843012 0.000000 0.856776 19.449473 -0.073282 1.670533 -0.007337 
7548 1.854692 0.000000 0.867664 19.457563 -0.069479 1.639900 -0.007899 
7549 1.854692 0.000000 1.074534 19.333405 0.006488 -0.125280 0.011912 
7550 1.854692 0.000000 1.118085 19.290029 0.013241 -0.639786 0.015299 
7551 1.854692 0.000000 1.161637 19.317590 0.018412 -0.809541 0.011836 
7552 1.807972 0.000000 1.161637 19.399679 0.005368 0.097410 0.005143 
7553 1.854692 0.000000 1.205188 19.394537 0.016254 -0.349210 0.005372 
7554 1.878053 0.000000 0.835000 19.492042 -0.094771 1.705976 -0.012045 
7555 1.878053 0.000000 0.813224 19.495840 -0.105928 1.741190 -0.012763 
7556 1.901413 0.000000 0.835000 19.516202 -0.099353 1.703708 -0.014518 
7557 1.866373 0.000000 0.867664 19.471299 -0.072219 1.636258 -0.009282 
7558 1.866373 0.000000 0.856776 19.474688 -0.078717 1.662431 -0.009862 
7559 1.878053 0.000000 0.867664 19.485194 -0.074824 1.633223 -0.010688 
7560 1.889733 0.000000 0.867664 19.499573 -0.077047 1.631260 -0.012154 
7561 1.889733 0.000000 0.856776 19.501173 -0.083448 1.658077 -0.012555 
7562 1.901413 0.000000 0.867664 19.514084 -0.079388 1.629751 -0.013638 
7563 1.924774 0.000000 0.835000 19.540600 -0.104464 1.704117 -0.017043 
7564 1.924774 0.000000 0.813224 19.538908 -0.115981 1.739779 -0.017200 
7565 1.948134 0.000000 0.835000 19.564741 -0.109129 1.707766 -0.019574 
7566 1.913093 0.000000 0.867664 19.528811 -0.081934 1.629278 -0.015155 
7567 1.913093 0.000000 0.856776 19.528761 -0.088433 1.656300 -0.015388 
7568 1.924774 0.000000 0.867664 19.543347 -0.084209 1.629831 -0.016662 
7569 1.936454 0.000000 0.867664 19.557951 -0.086684 1.631474 -0.018187 
7570 1.936454 0.000000 0.856776 19.556080 -0.093195 1.658518 -0.018232 
7571 1.948134 0.000000 0.867664 19.572473 -0.089030 1.634240 -0.019714 
7572 1.971494 0.000000 0.835000 19.588417 -0.113970 1.714206 -0.022086 
7573 1.971494 0.000000 0.813224 19.581574 -0.125615 1.748473 -0.021698 
7574 1.994855 0.000000 0.835000 19.611642 -0.118362 1.723829 -0.024582 
7575 1.959814 0.000000 0.867664 19.586835 -0.091488 1.637653 -0.021231 
7576 1.959814 0.000000 0.856776 19.583303 -0.097826 1.664662 -0.021105 
7577 1.971494 0.000000 0.867664 19.601123 -0.093794 1.642442 -0.022754 
7578 1.983175 0.000000 0.911215 19.641504 -0.022804 1.561954 -0.026239 
7579 1.983175 0.000000 0.900327 19.634034 0.008265 1.563963 -0.025479 
7580 1.994855 0.000000 0.911215 19.659500 -0.025496 1.571358 -0.028187 
7581 2.018215 0.000000 0.835000 19.632895 -0.122706 1.736621 -0.026907 
7582 2.018215 0.000000 0.813224 19.621606 -0.134336 1.767450 -0.026029 
7583 2.041576 0.000000 0.835000 19.652792 -0.127839 1.751503 -0.029114 
7584 2.006535 0.000000 0.911215 19.676947 -0.028207 1.581987 -0.030090 
7585 2.006535 0.000000 0.900327 19.667054 0.000885 1.582499 -0.029064 
7586 2.018215 0.000000 0.911215 19.694047 -0.030695 1.593815 -0.031970 
7587 2.029896 0.000000 0.911215 19.709755 -0.033531 1.607242 -0.033720 
7588 2.099977 0.000000 0.889440 19.749319 -0.145561 1.704850 -0.038754 
7589 2.099977 0.000000 0.878552 19.736572 -0.119908 1.731689 -0.037650 
7590 2.111657 0.000000 0.889440 19.756473 -0.148538 1.718729 -0.039629 
7591 2.146698 0.000000 0.911215 19.801764 -0.067661 1.778026 -0.044867 
7592 2.135017 0.000000 0.911215 19.798686 -0.063525 1.760783 -0.044382 
7593 2.146698 0.000000 0.922103 19.818714 -0.065400 1.797384 -0.046824 
7594 2.146698 0.000000 0.932991 19.837066 -0.052289 1.810756 -0.048872 
7595 2.135017 0.000000 0.932991 19.834820 -0.048301 1.790488 -0.048442 
7596 2.146698 0.000000 0.943879 19.858239 -0.036114 1.775890 -0.050759 
7597 2.216779 0.000000 0.889440 19.776855 -0.184213 1.843949 -0.042970 
7598 2.216779 0.000000 0.878552 19.766161 -0.161330 1.861279 -0.042001 
7599 2.228459 0.000000 0.889440 19.775148 -0.189038 1.855625 -0.042910 
7600 2.240139 0.000000 0.889440 19.772835 -0.194202 1.866698 -0.042783 
7601 2.240139 0.000000 0.878552 19.763410 -0.172375 1.882721 -0.041935 
7602 2.240139 0.000000 0.900327 19.782851 -0.084254 1.866687 -0.043749 
7603 2.240139 0.000000 0.911215 19.792638 -0.110003 1.895345 -0.045071 
7604 2.251820 0.000000 0.911215 19.788388 -0.116551 1.905715 -0.044734 
7605 2.240139 0.000000 0.922103 19.802777 -0.108613 1.921135 -0.046392 
7606 2.263500 0.000000 0.911215 19.783767 -0.123347 1.915129 -0.044350 
7607 2.275180 0.000000 0.911215 19.778801 -0.130375 1.923540 -0.043921 
7608 2.263500 0.000000 0.922103 19.791935 -0.122553 1.940816 -0.045466 
7609 2.263500 0.000000 0.932991 19.800008 -0.110928 1.964362 -0.046547 
7610 2.251820 0.000000 0.932991 19.806749 -0.103457 1.954877 -0.047150 
7611 2.263500 0.000000 0.943879 19.809001 -0.097129 1.958403 -0.047419 
7612 2.240139 0.000000 0.932991 19.813173 -0.096246 1.944140 -0.047709 
7613 2.240139 0.000000 0.943879 19.824802 -0.081802 1.934631 -0.048823 
7614 2.835830 0.000000 1.292291 19.457916 -0.061448 1.004316 -0.003490 
7615 2.929272 0.000000 1.292291 19.447314 -0.100125 0.997298 -0.002379 
7616 2.835830 0.000000 1.379395 19.444479 0.028916 0.847428 -0.001333 
7617 2.602226 0.000000 1.161637 19.557707 -0.128781 1.421149 -0.016489 
7618 2.648947 0.000000 1.161637 19.536904 -0.149325 1.408064 -0.014256 
7619 2.602226 0.000000 1.205188 19.543002 -0.083221 1.288049 -0.013990 
7620 3.022713 0.000000 0.595467 19.456080 -0.016224 1.543535 -0.006924 
7621 3.022713 0.000000 0.508364 19.478217 -0.002142 1.274839 -0.007200 
7622 3.116155 0.000000 0.595467 19.432161 0.001049 1.516785 -0.004248 
7623 2.882551 0.000000 0.726121 19.486242 -0.091638 1.973534 -0.014048 
7624 2.882551 0.000000 0.682570 19.486690 -0.160954 1.856033 -0.012951 
7625 2.929272 0.000000 0.726121 19.467284 -0.071973 1.966402 -0.012013 
7626 2.975993 0.000000 0.726121 19.449422 -0.053502 1.957579 -0.010078 
7627 2.975993 0.000000 0.682570 19.453769 -0.127623 1.836827 -0.009349 
7628 3.022713 0.000000 0.726121 19.432918 -0.036638 1.946559 -0.008264 
7629 3.069434 0.000000 0.726121 19.417817 -0.021942 1.933693 -0.006579 
7630 3.069434 0.000000 0.682570 19.424656 -0.101050 1.810984 -0.006092 
7631 3.116155 0.000000 0.726121 19.405117 -0.009912 1.921236 -0.005147 
7632 5.358756 0.000000 2.076219 19.431946 0.027335 0.474871 0.001257 
7633 4.984989 0.000000 2.076219 19.406813 0.078497 0.429249 0.003933 
7634 5.358756 0.000000 2.424632 19.441050 -0.058323 0.226646 0.000775 
7635 4.611222 0.000000 2.076219 19.418946 0.095958 0.381052 0.002783 
7636 4.611222 0.000000 2.424632 19.433767 -0.047027 0.197193 0.001560 
7637 3.676805 0.000000 1.553601 19.387967 0.268217 0.583151 0.005279 
7638 3.863689 0.000000 1.553601 19.392634 0.407777 0.627627 0.004409 
7639 3.676805 0.000000 1.727807 19.417839 0.195930 0.566114 0.002356 
7640 3.209597 0.000000 0.595467 19.412354 0.012731 1.489216 -0.001996 
7641 3.209597 0.000000 0.508364 19.436414 0.022731 1.230222 -0.002605 
7642 3.303039 0.000000 0.595467 19.395252 0.018171 1.460172 -0.000015 
7643 3.162876 0.000000 0.726121 19.394327 -0.001050 1.907179 -0.003898 
7644 3.162876 0.000000 0.682570 19.401510 -0.083433 1.781853 -0.003431 
7645 3.209597 0.000000 0.726121 19.384857 0.005358 1.893228 -0.002787 
7646 3.256318 0.000000 0.726121 19.377806 0.008843 1.881768 -0.001951 
7647 3.256318 0.000000 0.682570 19.384713 -0.075477 1.753432 -0.001440 
7648 3.303039 0.000000 0.726121 19.371931 0.009305 1.869143 -0.001224 
7649 3.279678 0.000000 1.009206 19.371245 -0.360472 1.826714 -0.001082 
7650 3.256318 0.000000 1.009206 19.370016 -0.357337 1.823841 -0.000923 
7651 3.279678 0.000000 1.030982 19.374582 -0.403831 1.771798 -0.000989 
7652 3.232957 0.000000 1.009206 19.369808 -0.353195 1.820985 -0.000866 
7653 3.209597 0.000000 1.009206 19.369939 -0.347895 1.817945 -0.000841 
7654 3.232957 0.000000 1.030982 19.372785 -0.391565 1.764976 -0.000716 
7655 3.396480 0.000000 0.595467 19.381302 0.017593 1.434809 0.001609 
7656 3.396480 0.000000 0.508364 19.402869 0.033037 1.184525 0.001129 
7657 3.489922 0.000000 0.595467 19.370502 0.011651 1.411876 0.002888 
7658 3.349759 0.000000 0.726121 19.366627 0.007421 1.857146 -0.000562 
7659 3.349759 0.000000 0.682570 19.378121 0.016234 1.767104 -0.000878 
7660 3.396480 0.000000 0.726121 19.362740 0.002620 1.846953 -0.000065 
7661 3.443201 0.000000 0.726121 19.359797 -0.004532 1.837378 0.000330 
7662 3.443201 0.000000 0.682570 19.369534 0.006621 1.742776 0.000228 
7663 3.489922 0.000000 0.726121 19.357459 -0.014161 1.829200 0.000648 
7664 3.466561 0.000000 1.009206 19.394002 -0.345502 1.868103 -0.003791 
7665 3.489922 0.000000 1.009206 19.396332 -0.340526 1.875992 -0.004099 
7666 3.466561 0.000000 1.030982 19.400720 -0.399868 1.814209 -0.004062 
7667 3.583364 0.000000 0.595467 19.364022 -0.000223 1.392319 0.003697 
7668 3.583364 0.000000 0.508364 19.380311 0.025421 1.146204 0.003679 
7669 3.676805 0.000000 0.595467 19.361603 -0.015434 1.376067 0.004063 
7670 3.536643 0.000000 0.726121 19.355943 -0.026062 1.821760 0.000874 
7671 3.536643 0.000000 0.682570 19.363825 -0.011013 1.722391 0.000999 
7672 3.583364 0.000000 0.726121 19.355948 -0.039855 1.814988 0.000936 
7673 3.630084 0.000000 0.726121 19.357332 -0.053987 1.809005 0.000848 
7674 3.630084 0.000000 0.682570 19.363443 -0.034150 1.705326 0.001190 
7675 3.676805 0.000000 0.726121 19.359316 -0.068954 1.804282 0.000685 
7676 3.560003 0.000000 1.009206 19.400723 -0.328749 1.904003 -0.004808 
7677 3.536643 0.000000 1.009206 19.399643 -0.331628 1.893743 -0.004599 
7678 3.560003 0.000000 1.030982 19.410192 -0.380108 1.850274 -0.005342 
7679 3.513282 0.000000 1.009206 19.398304 -0.335858 1.884559 -0.004378 
7680 3.513282 0.000000 1.030982 19.406651 -0.389170 1.830528 -0.004805 
7681 3.770247 0.000000 0.595467 19.363967 -0.032759 1.364346 0.003904 
7682 3.770247 0.000000 0.508364 19.373514 0.004692 1.118990 0.004539 
7683 3.863689 0.000000 0.595467 19.370656 -0.050533 1.357090 0.003267 
7684 3.723526 0.000000 0.726121 19.362699 -0.083962 1.800128 0.000372 
7685 3.723526 0.000000 0.682570 19.366880 -0.059333 1.692649 0.000946 
7686 3.770247 0.000000 0.726121 19.367784 -0.098833 1.797040 -0.000126 
7687 3.816968 0.000000 0.726121 19.374286 -0.112609 1.795258 -0.000783 
7688 3.816968 0.000000 0.682570 19.376205 -0.084375 1.684450 0.000055 
7689 3.863689 0.000000 0.726121 19.382203 -0.125116 1.794907 -0.001598 
7690 3.957130 0.000000 0.595467 19.381688 -0.067324 1.355614 0.002142 
7691 3.957130 0.000000 0.508364 19.381180 -0.020950 1.106897 0.003824 
7692 4.050572 0.000000 0.595467 19.396005 -0.081131 1.360765 0.000632 
7693 3.910409 0.000000 0.726121 19.391348 -0.136340 1.796110 -0.002555 
7694 3.910409 0.000000 0.682570 19.390367 -0.106343 1.682064 -0.001386 
7695 3.957130 0.000000 0.726121 19.401795 -0.146121 1.798716 -0.003658 
7696 4.003851 0.000000 0.726121 19.413800 -0.153893 1.803178 -0.004939 
7697 4.003851 0.000000 0.682570 19.400559 -0.034029 1.650676 -0.002128 
7698 4.050572 0.000000 0.726121 19.426170 -0.159989 1.809820 -0.006277 
7699 4.961628 0.000000 1.009206 19.579110 -0.629356 2.233079 -0.027549 
7700 6.293172 0.000000 1.553601 19.502816 -0.625598 0.585343 -0.007379 
7701 6.106289 0.000000 1.553601 19.541270 -0.570487 0.347756 -0.010587 
7702 6.293172 0.000000 1.727807 19.654714 -0.431973 0.103078 -0.021682 
7703 5.919406 0.000000 1.553601 19.599426 -0.473285 0.014629 -0.016017 
7704 5.732522 0.000000 1.553601 19.745297 -0.318736 -0.463748 -0.031432 
7705 5.919406 0.000000 1.727807 19.748556 -0.342340 0.102378 -0.031273 
7706 5.241953 0.000000 1.009206 18.893585 -0.713485 2.865010 0.033353 
7707 5.241953 0.000000 0.987431 18.808274 -0.653050 2.894771 0.041621 
7708 6.386614 0.000000 1.292291 19.403392 -0.336908 1.631397 -0.002548 
7709 6.293172 0.000000 1.292291 19.388837 -0.365647 1.663717 -0.001391 
7710 6.386614 0.000000 1.379395 19.386839 -0.408877 1.345280 0.001258 
7711 6.199731 0.000000 1.292291 19.372786 -0.396578 1.689852 -0.000040 
7712 6.106289 0.000000 1.292291 19.355159 -0.427004 1.709271 0.001524 
7713 6.199731 0.000000 1.379395 19.374767 -0.468431 1.315563 0.002566 
7714 6.620218 0.000000 1.161637 19.502932 -0.237946 1.867029 -0.014814 
7715 6.573498 0.000000 1.161637 19.501921 -0.236393 1.897666 -0.015013 
7716 6.620218 0.000000 1.205188 19.477266 -0.258126 1.762733 -0.011195 
7717 6.526777 0.000000 1.161637 19.499971 -0.234880 1.931255 -0.015150 
7718 6.480056 0.000000 1.161637 19.497342 -0.233243 1.968215 -0.015258 
7719 6.526777 0.000000 1.205188 19.469484 -0.262444 1.818915 -0.010932 
7720 6.830462 0.000000 1.096309 19.530558 -0.202925 1.915281 -0.018106 
7721 6.807102 0.000000 1.096309 19.531826 -0.201189 1.924789 -0.018332 
7722 6.830462 0.000000 1.118085 19.522234 -0.218776 1.867618 -0.016788 
7723 6.783741 0.000000 1.096309 19.533160 -0.199479 1.934775 -0.018570 
7724 6.760381 0.000000 1.096309 19.534565 -0.197498 1.945410 -0.018822 
7725 6.783741 0.000000 1.118085 19.523793 -0.216807 1.886162 -0.017131 
7726 8.091925 0.000000 1.009206 19.396349 0.091904 1.886975 -0.003925 
7727 8.091925 0.000000 0.987431 19.394427 0.103262 1.903557 -0.003900 
7728 8.115285 0.000000 1.009206 19.396838 0.097553 1.889508 -0.004004 
7729 8.138646 0.000000 1.096309 19.401921 0.066684 1.896256 -0.004579 
7730 8.605854 0.000000 1.096309 19.361639 0.185833 1.870586 -0.000275 
7731 8.699296 0.000000 1.096309 19.341303 0.225390 1.857956 0.001887 
7732 8.792738 0.000000 1.096309 19.324782 0.271389 1.838433 0.003706 
7733 8.886179 0.000000 1.096309 19.316481 0.315822 1.811942 0.004740 
7734 8.816098 0.000000 1.466498 19.351999 -0.357934 1.172645 0.006078 
7735 8.909540 0.000000 1.466498 19.350767 -0.359860 1.124339 0.006494 
7736 9.002981 0.000000 1.466498 19.355876 -0.356059 1.087537 0.006194 
7737 9.096423 0.000000 1.466498 19.365842 -0.349816 1.066759 0.005303 
7738 9.002981 0.000000 1.553601 19.329974 -0.276840 0.864030 0.010128 
7739 9.002981 0.000000 1.640704 19.318739 -0.142233 0.707971 0.012073 
7740 9.703794 0.000000 0.987431 19.471218 0.030622 1.822911 -0.010969 
7741 9.703794 0.000000 0.943879 19.466694 -0.043521 1.782555 -0.010122 
7742 9.750515 0.000000 0.987431 19.478010 0.019977 1.829072 -0.011727 
7743 10.871815 0.000000 1.292291 19.469470 -0.079539 1.766866 -0.010272 
7744 10.965257 0.000000 1.292291 19.465346 -0.080393 1.765712 -0.009837 
7745 10.871815 0.000000 1.379395 19.467983 -0.248686 1.714577 -0.009784 
7746 10.778373 0.000000 2.250426 19.454398 0.040368 0.222210 -0.000587 
7747 10.965257 0.000000 2.250426 19.453611 0.039523 0.221225 -0.000505 
7748 10.778373 0.000000 2.424632 19.451521 0.034468 0.158278 -0.000226 
7749 10.684932 0.000000 0.769673 19.476552 -0.141051 1.533313 -0.008999 
7750 10.684932 0.000000 0.682570 19.473405 -0.100457 1.401929 -0.007630 
7751 10.778373 0.000000 0.769673 19.470162 -0.235656 1.580502 -0.008824 
7752 10.871815 0.000000 0.943879 19.469159 -0.205530 1.878655 -0.011412 
7753 10.871815 0.000000 0.856776 19.467792 -0.253887 1.722892 -0.009847 
7754 10.965257 0.000000 0.943879 19.465366 -0.206478 1.879728 -0.011033 
7755 11.058698 0.000000 1.292291 19.462414 -0.080931 1.765027 -0.009529 
7756 11.152140 0.000000 1.292291 19.460111 -0.081269 1.764515 -0.009288 
7757 11.058698 0.000000 1.379395 19.461768 -0.249981 1.712169 -0.009125 
7758 0.628270 0.000000 0.889440 17.363440 -0.013273 3.685012 0.167152 
7759 0.616590 0.000000 0.889440 17.081929 -0.014257 3.850063 0.189497 
7760 0.628270 0.000000 0.900327 17.503802 -0.013866 3.602328 0.155808 
7761 0.604910 0.000000 0.889440 16.984478 -0.013848 3.827415 0.198732 
7762 0.593230 0.000000 0.889440 16.948463 -0.013019 3.827155 0.201968 
7763 0.604910 0.000000 0.900327 16.992457 -0.014529 3.819779 0.198169 
7764 0.698352 0.000000 0.824112 19.189308 0.021525 3.594846 -0.007535 
7765 0.698352 0.000000 0.813224 19.300729 0.023475 3.570529 -0.018411 
7766 0.710032 0.000000 0.824112 19.195374 0.022243 3.480765 -0.006017 
7767 0.721712 0.000000 0.845888 19.017996 0.010032 3.393201 0.013493 
7768 0.721712 0.000000 0.835000 19.110655 0.019503 3.389660 0.004217 
7769 0.733392 0.000000 0.845888 19.044012 0.012467 3.298889 0.012544 
7770 4.144014 0.000000 0.595467 19.412913 -0.090358 1.373169 -0.001196 
7771 4.144014 0.000000 0.508364 19.400565 -0.040916 1.115776 0.001782 
7772 4.237455 0.000000 0.595467 19.428947 -0.093087 1.392850 -0.002987 
7773 4.097293 0.000000 0.726121 19.431180 -0.075884 1.784499 -0.006499 
7774 4.097293 0.000000 0.682570 19.422782 -0.045496 1.664095 -0.004529 
7775 4.144014 0.000000 0.726121 19.444856 -0.077471 1.794869 -0.008003 
7776 4.190735 0.000000 0.813224 19.487812 -0.211956 2.035256 -0.014960 
7777 4.190735 0.000000 0.769673 19.477138 -0.189822 1.947037 -0.012909 
7778 4.237455 0.000000 0.813224 19.501968 -0.205826 2.046191 -0.016531 
7779 4.120653 0.000000 0.922103 19.482323 -0.283210 2.130685 -0.015539 
7780 4.120653 0.000000 0.900327 19.479561 -0.265914 2.122248 -0.015135 
7781 4.144014 0.000000 0.922103 19.490036 -0.278308 2.133289 -0.016356 
7782 4.167374 0.000000 0.922103 19.497567 -0.272833 2.135851 -0.017153 
7783 4.167374 0.000000 0.900327 19.495183 -0.257858 2.128398 -0.016802 
7784 4.190735 0.000000 0.922103 19.505000 -0.267555 2.137991 -0.017936 
7785 4.330897 0.000000 0.595467 19.441369 -0.085897 1.418852 -0.004454 
7786 4.330897 0.000000 0.508364 19.418322 -0.039499 1.147945 -0.000233 
7787 4.424339 0.000000 0.595467 19.444954 -0.066773 1.449257 -0.005045 
7788 4.284176 0.000000 0.813224 19.514647 -0.198506 2.057484 -0.017953 
7789 4.284176 0.000000 0.769673 19.495881 -0.091580 1.942720 -0.014722 
7790 4.330897 0.000000 0.813224 19.524872 -0.190035 2.069294 -0.019128 
7791 9.610352 0.000000 0.900327 19.451201 -0.072068 1.719485 -0.007953 
7792 9.610352 0.000000 0.856776 19.451023 -0.092550 1.655108 -0.007369 
7793 9.657073 0.000000 0.900327 19.457773 -0.080447 1.720622 -0.008642 
7794 9.540271 0.000000 1.096309 19.452501 0.283841 1.702814 -0.008135 
7795 9.540271 0.000000 1.074534 19.448509 0.371162 1.820884 -0.008975 
7796 2.123337 0.000000 0.911215 19.793992 -0.059516 1.742938 -0.043724 
7797 2.123337 0.000000 0.900327 19.777850 -0.036510 1.728785 -0.041900 
7798 2.123337 0.000000 0.922103 19.811638 -0.057302 1.759362 -0.045723 
7799 2.123337 0.000000 0.932991 19.830734 -0.044523 1.768995 -0.047811 
7800 2.123337 0.000000 0.943879 19.852738 -0.027920 1.726067 -0.049719 
7801 2.286860 0.000000 0.911215 19.773378 -0.137432 1.931151 -0.043437 
7802 2.286860 0.000000 0.900327 19.766814 -0.107796 1.898455 -0.042400 
7803 2.298540 0.000000 0.911215 19.767990 -0.144654 1.937910 -0.042948 
7804 6.106289 0.000000 2.773044 19.460762 0.039312 0.103474 -0.001139 
7805 5.732522 0.000000 2.773044 19.454195 0.033279 0.112754 -0.000468 
7806 6.106289 0.000000 3.121456 19.453433 0.030380 0.070136 -0.000369 
7807 7.040706 0.000000 1.902013 19.914744 -0.678607 -0.299718 -0.049814 
7808 6.853823 0.000000 1.902013 19.753102 -0.273023 -0.184403 -0.031697 
7809 7.040706 0.000000 2.076219 19.589716 0.517967 -0.139282 -0.015179 
7810 7.040706 0.000000 2.250426 19.524631 0.341731 0.053590 -0.008005 
7811 6.853823 0.000000 2.250426 19.484133 0.216898 0.069681 -0.003650 
7812 7.040706 0.000000 2.424632 19.487775 0.190384 0.080846 -0.004001 
7813 8.255448 0.000000 1.466498 19.474399 -0.248075 1.296659 -0.007118 
7814 8.162006 0.000000 1.466498 19.494039 -0.239401 1.268578 -0.008939 
7815 8.068564 0.000000 1.640704 19.598784 -0.092430 1.052262 -0.018307 
7816 7.975123 0.000000 1.640704 19.599547 -0.139456 0.992244 -0.018091 
7817 8.068564 0.000000 1.553601 19.546096 -0.212382 1.134886 -0.013430 
7818 7.998483 0.000000 1.139861 19.407311 -0.034738 1.911517 -0.005277 
7819 7.975123 0.000000 1.139861 19.408480 -0.043465 1.906979 -0.005353 
7820 7.998483 0.000000 1.161637 19.412217 -0.053417 1.861390 -0.005285 
7821 9.189865 0.000000 1.466498 19.378914 -0.344617 1.061738 0.004003 
7822 10.427967 0.000000 1.139861 19.514749 0.149872 1.860684 -0.015880 
7823 10.427967 0.000000 1.118085 19.513839 0.150953 1.855265 -0.015734 
7824 10.451327 0.000000 1.139861 19.511439 0.145357 1.861709 -0.015545 
7825 10.474688 0.000000 1.139861 19.508336 0.141224 1.862593 -0.015231 
7826 10.474688 0.000000 1.118085 19.507521 0.141704 1.856872 -0.015091 
7827 10.498048 0.000000 1.139861 19.505402 0.137465 1.863375 -0.014933 
7828 11.058698 0.000000 0.943879 19.462547 -0.207132 1.880492 -0.010752 
7829 11.058698 0.000000 0.856776 19.461621 -0.255662 1.725406 -0.009238 
7830 11.152140 0.000000 0.943879 19.460187 -0.207599 1.881093 -0.010515 
7831 4.587862 0.000000 1.052758 19.604771 -0.317049 2.021461 -0.027046 
7832 4.564501 0.000000 1.052758 19.597993 -0.312283 2.020819 -0.026328 
7833 4.587862 0.000000 1.074534 19.605132 -0.340372 1.967091 -0.026550 
7834 9.330027 0.000000 1.248740 19.345859 0.470808 2.093828 -0.001495 
7835 9.283306 0.000000 1.248740 19.325596 0.437994 2.115186 0.000418 
7836 9.330027 0.000000 1.292291 19.335411 0.014229 2.213910 -0.001209 
7837 9.446829 0.000000 1.183413 19.421066 0.522886 1.805390 -0.006366 
7838 9.423469 0.000000 1.183413 19.412277 0.528793 1.807484 -0.005500 
7839 9.446829 0.000000 1.205188 19.418545 0.546771 1.834969 -0.006459 
7840 9.400109 0.000000 1.183413 19.403115 0.533773 1.810436 -0.004602 
7841 9.376748 0.000000 1.183413 19.393662 0.537658 1.814465 -0.003682 
7842 9.400109 0.000000 1.205188 19.398905 0.558862 1.844867 -0.004575 
7843 8.489052 0.000000 1.945565 17.485994 -2.161726 -0.738972 0.177962 
7844 8.442331 0.000000 1.945565 17.305677 -3.609097 0.094408 0.173886 
7845 8.489052 0.000000 1.989116 18.454742 0.956320 -1.383841 0.092242 
7846 8.862819 0.000000 2.032668 19.463808 -0.603181 0.925035 -0.004644 
7847 8.816098 0.000000 2.032668 19.453112 -0.449295 0.913981 -0.003062 
7848 8.862819 0.000000 2.076219 19.471138 -0.201570 0.799013 -0.003970 
7849 8.769377 0.000000 2.032668 19.441597 -0.287685 0.885202 -0.001426 
7850 8.722656 0.000000 2.032668 19.431721 -0.112515 0.836568 -0.000005 
7851 8.769377 0.000000 2.076219 19.471613 0.018438 0.763516 -0.003766 
7852 9.049702 0.000000 1.858462 19.498559 1.459807 0.826038 -0.012436 
7853 9.002981 0.000000 1.858462 19.451989 1.628967 0.748207 -0.008699 
7854 9.049702 0.000000 1.814910 19.442619 0.732362 0.755134 -0.002166 
7855 8.956261 0.000000 1.858462 19.378622 1.862439 0.689128 -0.003098 
7856 8.956261 0.000000 1.814910 19.347077 0.862864 0.670511 0.007399 
7857 9.423469 0.000000 2.032668 19.524773 -1.252200 1.479684 -0.017636 
7858 9.470190 0.000000 2.032668 19.576114 -1.063654 1.465839 -0.021680 
7859 9.423469 0.000000 2.076219 19.528079 -0.631972 1.020307 -0.011852 
7860 9.330027 0.000000 1.771358 19.537936 0.276393 0.927337 -0.011538 
7861 9.283306 0.000000 1.771358 19.517561 0.286014 0.883385 -0.009238 
7862 9.330027 0.000000 1.727807 19.500360 0.101349 0.849060 -0.007118 
7863 9.353388 0.000000 1.880237 19.744528 1.521647 1.499313 -0.042578 
7864 9.330027 0.000000 1.880237 19.715211 1.518585 1.428547 -0.038947 
7865 9.353388 0.000000 1.858462 19.685015 1.085622 1.313724 -0.031990 
7866 9.306667 0.000000 1.880237 19.690117 1.522589 1.365173 -0.035898 
7867 9.283306 0.000000 1.880237 19.668327 1.534221 1.307909 -0.033320 
7868 9.306667 0.000000 1.858462 19.642179 1.086560 1.215193 -0.026883 
7869 9.516911 0.000000 2.032668 19.623578 -0.873173 1.410294 -0.025201 
7870 9.563631 0.000000 2.032668 19.652819 -0.694165 1.325306 -0.026881 
7871 9.516911 0.000000 2.076219 19.576722 -0.463569 0.982364 -0.016192 
7872 9.446829 0.000000 1.836686 19.746070 0.809254 1.405055 -0.037626 
7873 9.423469 0.000000 1.836686 19.713793 0.797860 1.339878 -0.033737 
7874 9.446829 0.000000 1.814910 19.688989 0.570305 1.263562 -0.029806 
7875 10.124282 0.000000 1.989116 19.519066 0.027634 0.733092 -0.008537 
7876 10.217723 0.000000 1.989116 19.493923 0.021695 0.695999 -0.005803 
7877 10.124282 0.000000 2.076219 19.487563 0.016339 0.529700 -0.004609 
7878 9.703794 0.000000 1.597152 19.571711 -0.259912 1.060796 -0.015708 
7879 9.657073 0.000000 1.597152 19.545256 -0.236815 1.013336 -0.012682 
7880 9.703794 0.000000 1.553601 19.529655 -0.291463 1.065690 -0.011434 
7881 9.680434 0.000000 1.749583 19.894445 0.089911 1.565190 -0.052721 
7882 9.657073 0.000000 1.749583 19.841970 0.101002 1.470107 -0.046451 
7883 9.680434 0.000000 1.727807 19.809889 -0.013378 1.404123 -0.042561 
7884 9.984119 0.000000 1.858462 19.953511 0.287041 1.868523 -0.061892 
7885 10.030840 0.000000 1.858462 19.834960 0.270178 1.652805 -0.047390 
7886 9.984119 0.000000 1.902013 19.764093 0.115452 1.411123 -0.037857 
7887 9.820596 0.000000 1.793134 20.607951 0.441271 2.998330 -0.146893 
7888 9.843957 0.000000 1.793134 20.644553 0.461797 3.090889 -0.152423 
7889 9.820596 0.000000 1.814910 20.675388 0.561633 3.182059 -0.157573 
7890 10.007479 0.000000 1.706031 20.512542 0.080024 3.076080 -0.137273 
7891 10.030840 0.000000 1.706031 20.516684 0.256802 3.140572 -0.138939 
7892 10.007479 0.000000 1.727807 20.553610 0.420939 3.148742 -0.143378 
7893 10.871815 0.000000 1.466498 19.466312 -0.401252 1.827531 -0.010932 
7894 10.965257 0.000000 1.466498 19.463255 -0.402000 1.825866 -0.010603 
7895 10.871815 0.000000 1.553601 19.464615 -0.283109 2.426416 -0.017278 
7896 10.871815 0.000000 1.640704 19.462886 0.666656 2.828052 -0.023642 
7897 10.965257 0.000000 1.640704 19.460640 0.665964 2.826238 -0.023381 
7898 10.871815 0.000000 1.727807 19.461097 0.683954 2.183278 -0.014978 
7899 11.152140 0.000000 2.250426 19.451070 0.026396 0.227743 -0.000249 
7900 11.339023 0.000000 2.250426 19.450778 0.026031 0.227410 -0.000218 
7901 11.152140 0.000000 2.424632 19.450766 0.033531 0.157617 -0.000147 
7902 9.610352 0.000000 1.597152 19.522327 -0.218165 0.974353 -0.010086 
7903 9.563631 0.000000 1.597152 19.502446 -0.202949 0.941882 -0.007854 
7904 9.610352 0.000000 1.553601 19.493206 -0.261708 1.000006 -0.007272 
7905 9.540271 0.000000 1.793134 19.763929 0.405559 1.377019 -0.037988 
7906 9.516911 0.000000 1.793134 19.726888 0.400780 1.310600 -0.033639 
7907 9.540271 0.000000 1.771358 19.704821 0.252477 1.247828 -0.030659 
7908 9.493550 0.000000 1.793134 19.695084 0.397006 1.252194 -0.029922 
7909 9.470190 0.000000 1.793134 19.667653 0.394422 1.200593 -0.026727 
7910 9.493550 0.000000 1.771358 19.649292 0.255294 1.148095 -0.024254 
7911 9.633713 0.000000 1.749583 19.795145 0.110855 1.386941 -0.040923 
7912 9.610352 0.000000 1.749583 19.753714 0.119311 1.314336 -0.036078 
7913 9.633713 0.000000 1.727807 19.730495 0.014506 1.262555 -0.033265 
7914 9.727154 0.000000 1.880237 20.630923 0.312555 3.584362 -0.159338 
7915 9.750515 0.000000 1.880237 20.567042 0.202208 3.402833 -0.148878 
7916 9.727154 0.000000 1.902013 20.420182 -0.161831 3.300102 -0.131107 
7917 9.820596 0.000000 1.662480 19.827705 -0.314368 1.487877 -0.045329 
7918 9.797236 0.000000 1.662480 19.790923 -0.285227 1.407634 -0.040816 
7919 9.820596 0.000000 1.640704 19.756985 -0.331271 1.370285 -0.037069 
7920 9.867317 0.000000 1.793134 20.655243 0.491809 3.135622 -0.154402 
7921 9.890677 0.000000 1.793134 20.638621 0.529101 3.128779 -0.152575 
7922 9.867317 0.000000 1.814910 20.627199 0.548185 3.125338 -0.151326 
7923 10.311165 0.000000 1.989116 19.478352 0.013584 0.676324 -0.004127 
7924 10.404607 0.000000 1.989116 19.469446 0.006785 0.665992 -0.003173 
7925 10.311165 0.000000 2.076219 19.468463 0.012046 0.502188 -0.002566 
7926 10.077561 0.000000 1.858462 19.738407 0.242975 1.495756 -0.035946 
7927 10.124282 0.000000 1.858462 19.662278 0.210944 1.385904 -0.027142 
7928 10.077561 0.000000 1.902013 19.638722 0.115301 1.171993 -0.023166 
7929 10.054200 0.000000 1.706031 20.482922 0.443425 3.148306 -0.135754 
7930 10.077561 0.000000 1.706031 20.412879 0.614185 3.103194 -0.127914 
7931 10.054200 0.000000 1.727807 20.425718 0.713996 3.038895 -0.128606 
7932 11.058698 0.000000 1.466498 19.460916 -0.402448 1.824760 -0.010353 
7933 11.152140 0.000000 1.466498 19.459035 -0.402672 1.823955 -0.010152 
7934 11.058698 0.000000 1.553601 19.459938 -0.284192 2.423450 -0.016761 
7935 11.058698 0.000000 1.640704 19.458900 0.665507 2.824988 -0.023182 
7936 11.152140 0.000000 1.640704 19.457488 0.665264 2.823991 -0.023021 
7937 11.058698 0.000000 1.727807 19.457824 0.682821 2.180297 -0.014603 
7938 0.266184 0.000000 1.248740 18.299953 0.010887 0.773272 0.113180 
7939 0.219463 0.000000 1.248740 18.329362 0.009998 0.571545 0.111049 
7940 0.266184 0.000000 1.292291 18.484812 0.010163 0.678116 0.095570 
7941 0.604910 0.000000 0.802337 20.125154 0.020286 4.921120 -0.134647 
7942 0.604910 0.000000 0.791449 20.307188 0.021860 4.658832 -0.147460 
7943 0.616590 0.000000 0.802337 19.904693 0.020951 4.693283 -0.105528 
7944 0.534829 0.000000 0.867664 18.051844 0.034529 5.689990 0.053016 
7945 0.523148 0.000000 0.867664 18.310631 0.031722 4.504863 0.060080 
7946 0.534829 0.000000 0.878552 15.768854 -0.010937 3.706619 0.306386 
7947 1.294042 0.000000 1.248740 19.465282 -0.009586 1.493383 -0.007467 
7948 1.340763 0.000000 1.248740 19.468320 -0.008295 1.457822 -0.007503 
7949 1.294042 0.000000 1.292291 19.511111 -0.003858 1.379174 -0.011322 
7950 5.358756 0.000000 2.773044 19.445961 0.032006 0.113992 0.000378 
7951 4.984989 0.000000 2.773044 19.440919 0.031985 0.109596 0.000899 
7952 5.358756 0.000000 3.121456 19.447231 0.024584 0.075058 0.000268 
7953 9.937398 0.000000 2.163322 19.494792 -0.067363 0.389039 -0.005023 
7954 10.030840 0.000000 2.163322 19.484106 -0.060118 0.370851 -0.003883 
7955 9.937398 0.000000 2.250426 19.479055 0.043110 0.249505 -0.003159 
7956 10.124282 0.000000 2.163322 19.473508 0.042375 0.303720 -0.002667 
7957 10.217723 0.000000 2.163322 19.467203 0.041972 0.295674 -0.002006 
7958 10.124282 0.000000 2.250426 19.466863 0.046504 0.234667 -0.001886 
7959 9.797236 0.000000 1.510049 19.531734 -0.346955 1.190217 -0.012485 
7960 9.750515 0.000000 1.510049 19.513778 -0.333374 1.152024 -0.010371 
7961 9.797236 0.000000 1.466498 19.498024 -0.356751 1.279875 -0.009611 
7962 9.703794 0.000000 1.510049 19.497621 -0.321956 1.118680 -0.008485 
7963 9.657073 0.000000 1.510049 19.482937 -0.312458 1.089758 -0.006787 
7964 9.703794 0.000000 1.466498 19.470995 -0.352079 1.221554 -0.006432 
7965 10.684932 0.000000 1.814910 19.464139 0.198327 1.467080 -0.007248 
7966 10.778373 0.000000 1.814910 19.461351 0.196549 1.464276 -0.006937 
7967 10.684932 0.000000 1.902013 19.461281 0.024140 0.945649 -0.003526 
7968 10.871815 0.000000 1.814910 19.459389 0.195471 1.462317 -0.006719 
7969 10.965257 0.000000 1.814910 19.457926 0.194802 1.460656 -0.006555 
7970 10.871815 0.000000 1.902013 19.457795 0.021655 0.941421 -0.003146 
7971 10.311165 0.000000 2.163322 19.460134 -0.009393 0.297370 -0.001276 
7972 10.404607 0.000000 2.163322 19.457249 -0.011310 0.294251 -0.000975 
7973 10.311165 0.000000 2.250426 19.460016 0.045035 0.227797 -0.001173 
7974 9.423469 0.000000 1.684255 19.504561 -0.030695 0.870994 -0.007626 
7975 9.376748 0.000000 1.684255 19.487388 -0.021769 0.839909 -0.005714 
7976 9.423469 0.000000 1.640704 19.477911 -0.110953 0.853912 -0.004832 
7977 9.330027 0.000000 1.684255 19.471575 -0.014714 0.811566 -0.003961 
7978 9.283306 0.000000 1.684255 19.456158 -0.009312 0.785296 -0.002264 
7979 9.330027 0.000000 1.640704 19.449296 -0.098876 0.808093 -0.001680 
7980 9.446829 0.000000 1.793134 19.643899 0.392848 1.154737 -0.023970 
7981 9.423469 0.000000 1.793134 19.623118 0.392463 1.113691 -0.021566 
7982 9.446829 0.000000 1.771358 19.607463 0.259374 1.069208 -0.019457 
7983 9.890677 0.000000 1.945565 19.746258 -0.035525 1.330750 -0.035380 
7984 9.937398 0.000000 1.945565 19.693089 0.011756 1.188954 -0.028890 
7985 9.890677 0.000000 1.989116 19.633648 -0.046230 0.992666 -0.021584 
7986 9.984119 0.000000 1.945565 19.647344 0.038412 1.079759 -0.023481 
7987 10.030840 0.000000 1.945565 19.608342 0.050809 0.996605 -0.018980 
7988 9.984119 0.000000 1.989116 19.578479 0.010542 0.850056 -0.015165 
7989 9.773875 0.000000 1.836686 20.688243 0.637773 3.281936 -0.160926 
7990 9.797236 0.000000 1.836686 20.681649 0.572209 3.279033 -0.159945 
7991 9.773875 0.000000 1.858462 20.651223 0.458823 3.368982 -0.157892 
7992 9.820596 0.000000 1.836686 20.647375 0.520143 3.218807 -0.155016 
7993 9.843957 0.000000 1.836686 20.589764 0.483629 3.110200 -0.146822 
7994 9.820596 0.000000 1.858462 20.519664 0.332449 3.068126 -0.138191 
7995 9.773875 0.000000 1.880237 20.492512 0.138704 3.191909 -0.137055 
7996 9.797236 0.000000 1.880237 20.411914 0.110864 2.969319 -0.124696 
7997 9.773875 0.000000 1.902013 20.271218 -0.139436 2.786373 -0.106801 
7998 9.820596 0.000000 1.618928 19.700854 -0.339564 1.286974 -0.030644 
7999 9.797236 0.000000 1.618928 19.677513 -0.315760 1.236063 -0.027834 
8000 9.820596 0.000000 1.597152 19.655758 -0.343795 1.231839 -0.025593 
8001 9.727154 0.000000 1.706031 19.821094 -0.124983 1.427555 -0.043951 
8002 9.703794 0.000000 1.706031 19.779905 -0.104452 1.349529 -0.039054 
8003 9.727154 0.000000 1.684255 19.751816 -0.176988 1.305941 -0.035867 
8004 9.680434 0.000000 1.706031 19.742615 -0.086188 1.280937 -0.034672 
8005 9.657073 0.000000 1.706031 19.709048 -0.069985 1.220767 -0.030767 
8006 9.680434 0.000000 1.684255 19.689001 -0.138022 1.189082 -0.028515 
8007 9.960759 0.000000 1.749583 20.597256 0.415479 3.131062 -0.147820 
8008 9.984119 0.000000 1.749583 20.567434 0.541012 3.110814 -0.144558 
8009 9.960759 0.000000 1.771358 20.559748 0.604113 3.048501 -0.142899 
8010 10.007479 0.000000 1.749583 20.507277 0.658876 3.042442 -0.137288 
8011 10.030840 0.000000 1.749583 20.420901 0.753283 2.937642 -0.126639 
8012 10.007479 0.000000 1.771358 20.399817 0.732273 2.821647 -0.122516 
8013 9.867317 0.000000 1.836686 20.514943 0.460496 2.966403 -0.136325 
8014 9.890677 0.000000 1.836686 20.429457 0.446801 2.801322 -0.124523 
8015 9.867317 0.000000 1.858462 20.347993 0.294227 2.685974 -0.113770 
8016 11.058698 0.000000 1.814910 19.456769 0.194429 1.459489 -0.006427 
8017 11.152140 0.000000 1.814910 19.455839 0.194210 1.458545 -0.006324 
8018 11.058698 0.000000 1.902013 19.455826 0.020731 0.938945 -0.002931 
8019 9.633713 0.000000 1.706031 19.678945 -0.055472 1.168081 -0.027295 
8020 9.610352 0.000000 1.706031 19.652096 -0.042731 1.121695 -0.024220 
8021 9.633713 0.000000 1.684255 19.637535 -0.107219 1.098363 -0.022596 
8022 9.680434 0.000000 1.923789 20.300607 -0.576202 3.305823 -0.119144 
8023 9.703794 0.000000 1.923789 20.231968 -0.520458 3.013414 -0.106744 
8024 9.680434 0.000000 1.945565 20.047830 -0.753740 2.598101 -0.081763 
8025 9.727154 0.000000 1.923789 20.171701 -0.443233 2.751752 -0.096123 
8026 9.750515 0.000000 1.923789 20.116594 -0.359848 2.517541 -0.086815 
8027 9.727154 0.000000 1.945565 19.973239 -0.505047 2.198719 -0.067981 
8028 9.773875 0.000000 1.923789 20.064196 -0.279009 2.308055 -0.078441 
8029 9.797236 0.000000 1.923789 20.013632 -0.205435 2.120950 -0.070799 
8030 9.773875 0.000000 1.945565 19.905485 -0.307327 1.879010 -0.056967 
8031 10.054200 0.000000 1.749583 20.317463 0.814729 2.812545 -0.113853 
8032 10.077561 0.000000 1.749583 20.207399 0.842514 2.682446 -0.100295 
8033 10.054200 0.000000 1.771358 20.192732 0.769735 2.544893 -0.096518 
8034 0.429707 0.000000 0.922103 16.132474 -0.006467 3.422932 0.281069 
8035 0.406346 0.000000 0.922103 16.217731 -0.006122 3.583877 0.270798 
8036 0.453067 0.000000 0.922103 16.032335 -0.008068 3.368933 0.290553 
8037 0.382986 0.000000 0.747897 22.922639 0.011913 2.370177 -0.403811 
8038 0.382986 0.000000 0.726121 22.721155 0.012920 2.143447 -0.376796 
8039 0.406346 0.000000 0.747897 22.720984 0.012131 2.566303 -0.382040 
8040 0.382986 0.000000 0.922103 16.188802 -0.006323 3.927781 0.266447 
8041 0.254504 0.000000 0.802337 20.278173 0.015219 0.088329 -0.086993 
8042 0.266184 0.000000 0.802337 20.225205 0.015963 0.601290 -0.082257 
8043 0.254504 0.000000 0.813224 20.265763 0.015512 0.315162 -0.085905 
8044 0.569869 0.000000 0.922103 16.644698 -0.015976 3.660419 0.232242 
8045 0.546509 0.000000 0.922103 16.266398 -0.016569 3.560257 0.267064 
8046 0.569869 0.000000 0.943879 16.642925 -0.017000 3.481483 0.235776 
8047 0.523148 0.000000 0.922103 16.091569 -0.017312 3.461613 0.283849 
8048 0.499788 0.000000 0.922103 16.021831 -0.014848 3.422193 0.290487 
8049 0.523148 0.000000 0.943879 16.196786 -0.017886 3.470447 0.274707 
8050 0.581549 0.000000 0.889440 16.533644 -0.012819 3.836718 0.238488 
8051 0.569869 0.000000 0.889440 16.405010 -0.013419 3.838594 0.249650 
8052 0.581549 0.000000 0.900327 16.517106 -0.014902 3.819729 0.240276 
8053 0.558189 0.000000 0.889440 16.231912 -0.012745 3.857853 0.264192 
8054 0.546509 0.000000 0.889440 15.907953 -0.013064 3.696063 0.294945 
8055 0.558189 0.000000 0.900327 16.401882 -0.015025 3.798282 0.250735 
8056 1.761251 0.000000 1.161637 19.400871 0.003984 0.153978 0.004983 
8057 1.714530 0.000000 1.161637 19.459384 -0.011183 0.787171 -0.002603 
8058 1.761251 0.000000 1.205188 19.534544 -0.000612 0.268634 -0.008903 
8059 1.667809 0.000000 1.161637 19.442097 -0.015881 1.004579 -0.001856 
8060 1.621088 0.000000 1.161637 19.465575 -0.014556 1.015612 -0.004329 
8061 1.667809 0.000000 1.205188 19.528127 -0.011329 0.951389 -0.010443 
8062 0.745072 0.000000 0.845888 19.067671 0.014338 3.214380 0.011615 
8063 0.745072 0.000000 0.835000 19.144179 0.021229 3.210232 0.003957 
8064 0.756753 0.000000 0.845888 19.089882 0.015953 3.135850 0.010693 
8065 1.002037 0.000000 0.911215 19.303629 -0.016502 2.122114 0.003090 
8066 0.990357 0.000000 0.911215 19.163003 -0.010492 2.127215 0.017332 
8067 1.002037 0.000000 0.922103 19.256754 -0.014499 2.123814 0.007849 
8068 1.387484 0.000000 1.161637 19.424808 -0.014211 1.560254 -0.003847 
8069 1.434205 0.000000 1.161637 19.445750 -0.015174 1.412314 -0.004836 
8070 1.387484 0.000000 1.205188 19.444110 -0.010083 1.506427 -0.005393 
8071 1.410844 0.000000 0.791449 19.423514 -0.037141 1.975343 -0.007596 
8072 1.410844 0.000000 0.769673 19.434158 -0.038638 1.960867 -0.008539 
8073 1.434205 0.000000 0.791449 19.417036 -0.040475 1.964196 -0.006816 
8074 1.364124 0.000000 0.965655 19.293842 -0.046825 1.776738 0.007642 
8075 1.340763 0.000000 0.965655 19.296725 -0.044273 1.771730 0.007396 
8076 1.364124 0.000000 0.987431 19.334674 -0.034892 1.698627 0.004193 
8077 1.422525 0.000000 0.932991 19.258873 -0.047688 1.723326 0.011700 
8078 1.410844 0.000000 0.932991 19.271890 -0.049117 1.736940 0.010249 
8079 1.422525 0.000000 0.943879 19.247980 -0.050157 1.711932 0.012912 
8080 1.399164 0.000000 0.932991 19.271890 -0.049117 1.736940 0.010249 
8081 1.387484 0.000000 0.932991 19.290744 -0.046803 1.774830 0.007976 
8082 1.399164 0.000000 0.943879 19.271890 -0.049117 1.736940 0.010249 
8083 1.457565 0.000000 0.791449 19.410107 -0.043958 1.952838 -0.005988 
8084 1.457565 0.000000 0.769673 19.420722 -0.045089 1.939610 -0.006942 
8085 1.480926 0.000000 0.791449 19.403578 -0.046635 1.941569 -0.005203 
8086 1.504286 0.000000 0.791449 19.397704 -0.049701 1.930479 -0.004488 
8087 1.504286 0.000000 0.769673 19.408607 -0.051362 1.918240 -0.005482 
8088 1.527646 0.000000 0.791449 19.392572 -0.052802 1.918620 -0.003841 
8089 1.574367 0.000000 1.161637 19.449554 -0.020616 1.270598 -0.004223 
8090 1.527646 0.000000 1.161637 19.444247 -0.018139 1.370645 -0.004375 
8091 1.574367 0.000000 1.205188 19.517530 -0.013460 1.181639 -0.010647 
8092 1.480926 0.000000 1.161637 19.445868 -0.015828 1.395050 -0.004720 
8093 1.480926 0.000000 1.205188 19.481413 -0.013019 1.354792 -0.008085 
8094 1.551007 0.000000 0.791449 19.388756 -0.055549 1.906422 -0.003328 
8095 1.551007 0.000000 0.769673 19.399762 -0.057727 1.897346 -0.004366 
8096 1.574367 0.000000 0.791449 19.385654 -0.058607 1.893697 -0.002883 
8097 1.597728 0.000000 0.791449 19.383744 -0.061490 1.881150 -0.002563 
8098 1.597728 0.000000 0.769673 19.395188 -0.063937 1.874399 -0.003670 
8099 1.621088 0.000000 0.791449 19.383761 -0.065015 1.868536 -0.002441 
8100 1.644449 0.000000 0.791449 19.385498 -0.068396 1.855514 -0.002492 
8101 1.644449 0.000000 0.769673 19.396738 -0.071922 1.852482 -0.003616 
8102 1.667809 0.000000 0.791449 19.388141 -0.072183 1.843089 -0.002643 
8103 1.691169 0.000000 0.791449 19.392872 -0.076101 1.831893 -0.003020 
8104 1.691169 0.000000 0.769673 19.403729 -0.079979 1.831589 -0.004132 
8105 1.714530 0.000000 0.791449 19.399470 -0.080055 1.819632 -0.003580 
8106 1.737890 0.000000 0.791449 19.408862 -0.084555 1.808200 -0.004436 
8107 1.737890 0.000000 0.769673 19.418667 -0.089108 1.811901 -0.005480 
8108 1.761251 0.000000 0.791449 19.419691 -0.089015 1.797494 -0.005447 
8109 1.784611 0.000000 0.791449 19.431999 -0.093705 1.787954 -0.006623 
8110 1.784611 0.000000 0.769673 19.439940 -0.098906 1.795212 -0.007511 
8111 1.807972 0.000000 0.791449 19.446384 -0.098728 1.779576 -0.008025 
8112 1.831332 0.000000 0.791449 19.462077 -0.104122 1.772471 -0.009575 
8113 1.831332 0.000000 0.769673 19.467469 -0.109686 1.782606 -0.010229 
8114 1.854692 0.000000 0.791449 19.479711 -0.109410 1.767126 -0.011344 
8115 1.878053 0.000000 0.791449 19.498513 -0.114520 1.764232 -0.013257 
8116 1.878053 0.000000 0.769673 19.500548 -0.120218 1.776209 -0.013582 
8117 1.901413 0.000000 0.791449 19.517817 -0.119596 1.762949 -0.015239 
8118 1.924774 0.000000 0.791449 19.537346 -0.124640 1.763666 -0.017265 
8119 1.924774 0.000000 0.769673 19.535900 -0.130519 1.776073 -0.017236 
8120 1.948134 0.000000 0.791449 19.556730 -0.129357 1.766585 -0.019299 
8121 1.971494 0.000000 0.791449 19.575949 -0.134255 1.771198 -0.021333 
8122 1.971494 0.000000 0.769673 19.570935 -0.140124 1.782956 -0.020929 
8123 1.994855 0.000000 0.791449 19.594527 -0.138829 1.778616 -0.023330 
8124 1.983175 0.000000 0.889440 19.627055 -0.113354 1.588941 -0.024997 
8125 1.983175 0.000000 0.878552 19.620744 -0.092711 1.620940 -0.024602 
8126 1.994855 0.000000 0.889440 19.642310 -0.116118 1.596615 -0.026647 
8127 2.018215 0.000000 0.791449 19.612007 -0.143205 1.787657 -0.025230 
8128 2.018215 0.000000 0.769673 19.603928 -0.149079 1.797360 -0.024489 
8129 2.041576 0.000000 0.791449 19.628593 -0.148142 1.798172 -0.027054 
8130 2.064936 0.000000 0.835000 19.670810 -0.132959 1.768024 -0.031144 
8131 2.064936 0.000000 0.813224 19.656198 -0.144447 1.793857 -0.029877 
8132 2.088297 0.000000 0.835000 19.686861 -0.138542 1.786087 -0.032988 
8133 2.006535 0.000000 0.889440 19.657538 -0.119167 1.605170 -0.028303 
8134 2.006535 0.000000 0.878552 19.649206 -0.097121 1.636773 -0.027695 
8135 2.111657 0.000000 0.835000 19.700290 -0.144647 1.804984 -0.034570 
8136 2.111657 0.000000 0.813224 19.683918 -0.155743 1.824814 -0.033064 
8137 2.135017 0.000000 0.835000 19.711031 -0.150994 1.823707 -0.035873 
8138 2.123337 0.000000 0.889440 19.762388 -0.152006 1.733546 -0.040385 
8139 2.123337 0.000000 0.878552 19.749087 -0.126272 1.758847 -0.039210 
8140 2.286860 0.000000 0.889440 19.759761 -0.216120 1.904095 -0.041813 
8141 2.286860 0.000000 0.878552 19.752549 -0.196374 1.917806 -0.041177 
8142 2.298540 0.000000 0.889440 19.755377 -0.222076 1.911922 -0.041441 
8143 3.022713 0.000000 1.292291 19.438660 -0.146224 0.996412 -0.001515 
8144 3.116155 0.000000 1.292291 19.438736 -0.198021 1.001306 -0.001596 
8145 3.022713 0.000000 1.379395 19.433368 -0.014222 0.821438 -0.000075 
8146 2.695668 0.000000 1.161637 19.516977 -0.166705 1.397647 -0.012136 
8147 2.742388 0.000000 1.161637 19.499072 -0.182287 1.389530 -0.010244 
8148 2.695668 0.000000 1.205188 19.507294 -0.120750 1.259803 -0.010134 
8149 2.789109 0.000000 1.161637 19.482860 -0.198665 1.383284 -0.008544 
8150 2.835830 0.000000 1.161637 19.468423 -0.216409 1.379244 -0.007048 
8151 2.789109 0.000000 1.205188 19.477766 -0.153332 1.243584 -0.007007 
8152 4.050572 0.000000 1.553601 19.454555 0.509386 0.637304 -0.002228 
8153 4.237455 0.000000 1.553601 19.499359 0.537005 0.538939 -0.006612 
8154 4.050572 0.000000 1.727807 19.439902 0.257587 0.602609 -0.000097 
8155 3.209597 0.000000 1.292291 19.451335 -0.262023 1.012202 -0.003027 
8156 3.303039 0.000000 1.292291 19.469734 -0.344274 1.029978 -0.005148 
8157 3.209597 0.000000 1.379395 19.447756 -0.073484 0.794183 -0.001451 
8158 3.186236 0.000000 1.009206 19.371373 -0.341704 1.815141 -0.000949 
8159 3.162876 0.000000 1.009206 19.373287 -0.334748 1.812326 -0.001106 
8160 3.186236 0.000000 1.030982 19.373890 -0.375296 1.757957 -0.000731 
8161 3.139516 0.000000 1.009206 19.376101 -0.327331 1.809748 -0.001356 
8162 3.116155 0.000000 1.009206 19.380119 -0.319560 1.807664 -0.001735 
8163 3.139516 0.000000 1.030982 19.378115 -0.356467 1.751634 -0.001068 
8164 4.424339 0.000000 1.553601 19.481404 0.494076 0.365869 -0.004231 
8165 4.611222 0.000000 1.553601 19.401150 0.361555 0.167624 0.004597 
8166 4.424339 0.000000 1.727807 19.409477 0.303126 0.576221 0.003042 
8167 5.545639 0.000000 1.553601 20.004158 -0.403826 -0.927239 -0.060498 
8168 5.358756 0.000000 1.553601 19.914923 -0.708343 -0.418558 -0.050168 
8169 5.545639 0.000000 1.727807 19.657203 -0.334195 0.574073 -0.022586 
8170 5.171872 0.000000 1.553601 19.324963 -0.330036 0.191360 0.012431 
8171 4.984989 0.000000 1.553601 19.115025 -0.106583 0.030485 0.034116 
8172 5.171872 0.000000 1.727807 19.334675 -0.021712 0.863410 0.009852 
8173 5.241953 0.000000 0.965655 18.723401 -0.403718 3.158333 0.046520 
8174 5.241953 0.000000 0.943879 18.664011 -0.132913 3.250746 0.051208 
8175 5.265314 0.000000 0.965655 18.687580 -0.239092 3.227241 0.049179 
8176 5.288674 0.000000 0.965655 18.676366 -0.064156 3.274535 0.049614 
8177 5.288674 0.000000 0.943879 18.661511 0.244547 3.293573 0.050603 
8178 5.312035 0.000000 0.965655 18.688330 0.110333 3.297899 0.048005 
8179 5.335395 0.000000 0.965655 18.719535 0.274453 3.297732 0.044756 
8180 5.335395 0.000000 0.943879 18.746404 0.571634 3.240481 0.042419 
8181 5.358756 0.000000 0.965655 18.764600 0.421160 3.276734 0.040385 
8182 5.382116 0.000000 0.965655 18.818125 0.547484 3.239673 0.035383 
8183 5.382116 0.000000 0.943879 18.869374 0.801730 3.126683 0.031272 
8184 5.405476 0.000000 0.965655 18.875669 0.652675 3.191002 0.030143 
8185 5.428837 0.000000 0.965655 18.933947 0.737566 3.135362 0.024937 
8186 5.428837 0.000000 0.943879 18.993061 0.940686 2.991724 0.020436 
8187 5.452197 0.000000 0.965655 18.990763 0.804151 3.076666 0.019933 
8188 5.475558 0.000000 0.965655 19.044590 0.854497 3.017514 0.015254 
8189 5.475558 0.000000 0.943879 19.101168 1.013091 2.861985 0.011183 
8190 5.498918 0.000000 0.965655 19.094649 0.891152 2.959946 0.010947 
8191 5.522279 0.000000 0.965655 19.139971 0.916653 2.905062 0.007096 
8192 5.522279 0.000000 0.943879 19.189378 1.041509 2.748236 0.003787 
8193 5.545639 0.000000 0.965655 19.180505 0.932841 2.853719 0.003692 
8194 6.012847 0.000000 1.292291 19.335370 -0.455138 1.721441 0.003372 
8195 5.919406 0.000000 1.292291 19.313459 -0.478535 1.724468 0.005525 
8196 6.012847 0.000000 1.379395 19.351593 -0.500324 1.241458 0.005358 
8197 5.825964 0.000000 1.292291 19.288783 -0.497682 1.713644 0.008092 
8198 5.732522 0.000000 1.292291 19.263025 -0.514967 1.683578 0.010940 
8199 5.825964 0.000000 1.379395 19.328206 -0.498399 1.127104 0.008470 
8200 5.568999 0.000000 0.965655 19.216512 0.942473 2.806059 0.000703 
8201 5.568999 0.000000 0.943879 19.258084 1.043303 2.652949 -0.001845 
8202 5.592360 0.000000 0.965655 19.247911 0.946941 2.762248 -0.001867 
8203 5.615720 0.000000 0.965655 19.275246 0.947814 2.721968 -0.004071 
8204 5.615720 0.000000 0.943879 19.309936 1.031647 2.574142 -0.005978 
8205 5.639081 0.000000 0.965655 19.299149 0.946020 2.685199 -0.005974 
8206 5.662441 0.000000 0.965655 19.320232 0.942506 2.651367 -0.007631 
8207 5.662441 0.000000 0.943879 19.349035 1.013883 2.508982 -0.009002 
8208 5.685802 0.000000 0.965655 19.338844 0.937528 2.620654 -0.009080 
8209 5.709162 0.000000 0.965655 19.355818 0.931891 2.593042 -0.010408 
8210 5.709162 0.000000 0.943879 19.379123 0.994187 2.455764 -0.011280 
8211 5.732522 0.000000 0.965655 19.371314 0.925544 2.568170 -0.011624 
8212 5.755883 0.000000 0.965655 19.385522 0.918495 2.545891 -0.012744 
8213 5.755883 0.000000 0.943879 19.404100 0.974164 2.413064 -0.013186 
8214 5.779243 0.000000 0.965655 19.399426 0.910828 2.526269 -0.013869 
8215 5.802604 0.000000 0.965655 19.412917 0.902411 2.509005 -0.014983 
8216 5.802604 0.000000 0.943879 19.426750 0.953524 2.380764 -0.014997 
8217 5.825964 0.000000 0.965655 19.426828 0.892745 2.494519 -0.016174 
8218 5.849324 0.000000 0.965655 19.440972 0.882304 2.482572 -0.017421 
8219 5.849324 0.000000 0.943879 19.449776 0.931612 2.359226 -0.016984 
8220 5.872685 0.000000 0.965655 19.455594 0.870147 2.473247 -0.018746 
8221 5.896045 0.000000 0.965655 19.470813 0.856259 2.466149 -0.020156 
8222 5.896045 0.000000 0.943879 19.474791 0.905817 2.348144 -0.019295 
8223 5.919406 0.000000 0.965655 19.486785 0.839900 2.461231 -0.021664 
8224 5.942766 0.000000 0.965655 19.503553 0.821405 2.458208 -0.023271 
8225 5.942766 0.000000 0.943879 19.503752 0.873544 2.346923 -0.022112 
8226 5.966127 0.000000 0.965655 19.521117 0.800160 2.456807 -0.024974 
8227 5.989487 0.000000 0.965655 19.539140 0.776081 2.456234 -0.026727 
8228 5.989487 0.000000 0.943879 19.537086 0.832280 2.353257 -0.025445 
8229 6.012847 0.000000 0.965655 19.557149 0.748978 2.456182 -0.028478 
8230 6.036208 0.000000 0.965655 19.574915 0.718935 2.456442 -0.030203 
8231 6.036208 0.000000 0.943879 19.572506 0.779522 2.363350 -0.029007 
8232 6.059568 0.000000 0.965655 19.592651 0.686238 2.456001 -0.031912 
8233 6.082929 0.000000 0.965655 19.609596 0.651057 2.454538 -0.033524 
8234 6.082929 0.000000 0.943879 19.608611 0.715396 2.372515 -0.032608 
8235 6.106289 0.000000 0.965655 19.625822 0.614006 2.451884 -0.035049 
8236 6.129650 0.000000 0.965655 19.641082 0.575114 2.447349 -0.036452 
8237 6.129650 0.000000 0.943879 19.643359 0.641224 2.377169 -0.036006 
8238 6.153010 0.000000 0.965655 19.654939 0.534630 2.440934 -0.037690 
8239 6.176370 0.000000 0.965655 19.668005 0.493199 2.432023 -0.038821 
8240 6.176370 0.000000 0.943879 19.674455 0.559051 2.374121 -0.038939 
8241 6.199731 0.000000 0.965655 19.679728 0.451051 2.420945 -0.039793 
8242 6.223091 0.000000 0.965655 19.690034 0.408390 2.407504 -0.040597 
8243 6.223091 0.000000 0.943879 19.700854 0.471238 2.361469 -0.041289 
8244 6.246452 0.000000 0.965655 19.698838 0.365712 2.391877 -0.041228 
8245 6.269812 0.000000 0.965655 19.706078 0.323002 2.374201 -0.041681 
8246 6.269812 0.000000 0.943879 19.720755 0.380208 2.339640 -0.042887 
8247 6.293172 0.000000 0.965655 19.711434 0.280945 2.354940 -0.041931 
8248 6.433335 0.000000 1.161637 19.493835 -0.231903 2.007918 -0.015312 
8249 6.386614 0.000000 1.161637 19.488802 -0.231142 2.050287 -0.015247 
8250 6.433335 0.000000 1.205188 19.458889 -0.270426 1.882812 -0.010478 
8251 6.339893 0.000000 1.161637 19.482746 -0.231193 2.095317 -0.015117 
8252 6.293172 0.000000 1.161637 19.475715 -0.231706 2.142211 -0.014919 
8253 6.339893 0.000000 1.205188 19.444603 -0.283105 1.952470 -0.009734 
8254 6.316533 0.000000 0.965655 19.714740 0.239428 2.333976 -0.041959 
8255 6.316533 0.000000 0.943879 19.732374 0.289108 2.310273 -0.043576 
8256 6.339893 0.000000 0.965655 19.716156 0.199008 2.312268 -0.041793 
8257 6.363254 0.000000 0.965655 19.715724 0.159950 2.290128 -0.041442 
8258 6.363254 0.000000 0.943879 19.734058 0.200992 2.276551 -0.043229 
8259 6.386614 0.000000 0.965655 19.713135 0.122552 2.267812 -0.040875 
8260 6.409975 0.000000 0.965655 19.708994 0.087613 2.245872 -0.040162 
8261 6.409975 0.000000 0.943879 19.726978 0.120664 2.242043 -0.042010 
8262 6.433335 0.000000 0.965655 19.703299 0.054860 2.224595 -0.039305 
8263 6.456695 0.000000 0.965655 19.696432 0.024814 2.204127 -0.038344 
8264 6.456695 0.000000 0.943879 19.713345 0.051431 2.208613 -0.040164 
8265 6.480056 0.000000 0.965655 19.688920 -0.002516 2.184539 -0.037333 
8266 6.503416 0.000000 0.965655 19.680654 -0.027072 2.166001 -0.036262 
8267 6.503416 0.000000 0.943879 19.696379 -0.005202 2.177514 -0.038029 
8268 6.526777 0.000000 0.965655 19.672470 -0.048808 2.148192 -0.035212 
8269 6.550137 0.000000 0.965655 19.664437 -0.068236 2.131201 -0.034190 
8270 6.550137 0.000000 0.943879 19.678901 -0.049442 2.148056 -0.035879 
8271 6.573498 0.000000 0.965655 19.656594 -0.085205 2.114967 -0.033200 
8272 6.596858 0.000000 0.965655 19.649054 -0.099956 2.099459 -0.032251 
8273 6.596858 0.000000 0.943879 19.662690 -0.083080 2.119988 -0.033889 
8274 6.620218 0.000000 0.965655 19.641597 -0.112541 2.084464 -0.031318 
8275 6.643579 0.000000 0.965655 19.634804 -0.123434 2.070081 -0.030461 
8276 6.643579 0.000000 0.943879 19.647671 -0.107627 2.092787 -0.032037 
8277 6.666939 0.000000 0.965655 19.628439 -0.132591 2.056153 -0.029655 
8278 6.690300 0.000000 0.965655 19.622544 -0.140270 2.042528 -0.028901 
8279 6.690300 0.000000 0.943879 19.634824 -0.125211 2.066633 -0.030427 
8280 6.713660 0.000000 0.965655 19.616965 -0.146488 2.029343 -0.028185 
8281 6.737020 0.000000 0.965655 19.611720 -0.151643 2.016596 -0.027509 
8282 6.737020 0.000000 0.943879 19.623337 -0.136829 2.041325 -0.028968 
8283 6.760381 0.000000 0.965655 19.606747 -0.155848 2.004319 -0.026866 
8284 6.783741 0.000000 0.965655 19.601961 -0.159130 1.992489 -0.026248 
8285 6.783741 0.000000 0.943879 19.612924 -0.144308 2.017168 -0.027634 
8286 6.807102 0.000000 0.965655 19.597324 -0.161716 1.981135 -0.025651 
8287 6.830462 0.000000 0.965655 19.592971 -0.163489 1.970208 -0.025087 
8288 6.830462 0.000000 0.943879 19.603072 -0.148460 1.994504 -0.026376 
8289 6.853823 0.000000 0.965655 19.588749 -0.164622 1.959803 -0.024543 
8290 6.737020 0.000000 1.096309 19.536039 -0.195501 1.956645 -0.019088 
8291 6.713660 0.000000 1.096309 19.537902 -0.193543 1.968726 -0.019404 
8292 6.737020 0.000000 1.118085 19.525591 -0.214326 1.907294 -0.017525 
8293 6.690300 0.000000 1.096309 19.539568 -0.191257 1.981442 -0.019706 
8294 6.666939 0.000000 1.096309 19.541371 -0.188591 1.994934 -0.020032 
8295 6.690300 0.000000 1.118085 19.527598 -0.211418 1.931033 -0.017970 
8296 6.877183 0.000000 0.965655 19.584836 -0.164972 1.949953 -0.024036 
8297 6.877183 0.000000 0.943879 19.594047 -0.149725 1.973494 -0.025221 
8298 6.900543 0.000000 0.965655 19.580862 -0.164863 1.940483 -0.023527 
8299 6.923904 0.000000 0.965655 19.576839 -0.164372 1.931428 -0.023017 
8300 6.923904 0.000000 0.943879 19.585169 -0.148723 1.954246 -0.024101 
8301 6.947264 0.000000 0.965655 19.572817 -0.163478 1.922969 -0.022514 
8302 6.970625 0.000000 0.965655 19.568835 -0.162176 1.914964 -0.022020 
8303 6.970625 0.000000 0.943879 19.576268 -0.145876 1.936801 -0.022998 
8304 6.993985 0.000000 0.965655 19.564700 -0.160670 1.907529 -0.021516 
8305 7.017346 0.000000 0.965655 19.560696 -0.158727 1.900558 -0.021030 
8306 7.017346 0.000000 0.943879 19.567147 -0.141829 1.921433 -0.021895 
8307 7.040706 0.000000 0.965655 19.556332 -0.156590 1.894243 -0.020513 
8308 7.064066 0.000000 0.965655 19.551816 -0.154113 1.888345 -0.019986 
8309 7.064066 0.000000 0.943879 19.557382 -0.136686 1.908364 -0.020749 
8310 7.087427 0.000000 0.965655 19.547367 -0.151479 1.883083 -0.019471 
8311 7.110787 0.000000 0.965655 19.542589 -0.148578 1.878370 -0.018928 
8312 7.110787 0.000000 0.943879 19.546991 -0.130420 1.897318 -0.019559 
8313 7.134148 0.000000 0.965655 19.537657 -0.145388 1.874213 -0.018375 
8314 7.157508 0.000000 0.965655 19.532549 -0.141947 1.870572 -0.017809 
8315 7.157508 0.000000 0.943879 19.535914 -0.123112 1.888574 -0.018322 
8316 7.180868 0.000000 0.965655 19.527296 -0.138198 1.867506 -0.017234 
8317 7.204229 0.000000 0.965655 19.521882 -0.134204 1.864957 -0.016647 
8318 7.204229 0.000000 0.943879 19.524185 -0.114814 1.881948 -0.017040 
8319 7.227589 0.000000 0.965655 19.516146 -0.129956 1.862936 -0.016032 
8320 7.250950 0.000000 0.965655 19.510235 -0.125344 1.861345 -0.015403 
8321 7.250950 0.000000 0.943879 19.511891 -0.105394 1.877378 -0.015720 
8322 7.274310 0.000000 0.965655 19.504309 -0.120340 1.860039 -0.014776 
8323 7.297671 0.000000 0.965655 19.498290 -0.115113 1.859247 -0.014144 
8324 7.297671 0.000000 0.943879 19.499055 -0.094828 1.874241 -0.014360 
8325 7.321031 0.000000 0.965655 19.492156 -0.109432 1.858867 -0.013505 
8326 7.344391 0.000000 0.965655 19.485982 -0.103637 1.858799 -0.012865 
8327 7.344391 0.000000 0.943879 19.486118 -0.082990 1.872720 -0.013006 
8328 7.367752 0.000000 0.965655 19.479800 -0.097297 1.859137 -0.012228 
8329 7.391112 0.000000 0.965655 19.473683 -0.090627 1.859806 -0.011602 
8330 7.391112 0.000000 0.943879 19.473240 -0.070031 1.872570 -0.011673 
8331 7.414473 0.000000 0.965655 19.467620 -0.083776 1.860658 -0.010983 
8332 7.437833 0.000000 0.965655 19.461522 -0.076751 1.861851 -0.010364 
8333 7.437833 0.000000 0.943879 19.460645 -0.056346 1.873521 -0.010382 
8334 7.461194 0.000000 0.965655 19.455626 -0.069417 1.863214 -0.009768 
8335 7.484554 0.000000 0.965655 19.449932 -0.061825 1.864705 -0.009194 
8336 7.484554 0.000000 0.943879 19.448738 -0.041874 1.875203 -0.009170 
8337 7.507914 0.000000 0.965655 19.444397 -0.054094 1.866402 -0.008640 
8338 7.531275 0.000000 0.965655 19.439086 -0.046143 1.868185 -0.008109 
8339 7.531275 0.000000 0.943879 19.437654 -0.026820 1.877353 -0.008049 
8340 7.554635 0.000000 0.965655 19.433991 -0.038087 1.870006 -0.007602 
8341 7.577996 0.000000 0.965655 19.429076 -0.029967 1.872066 -0.007116 
8342 7.577996 0.000000 0.943879 19.427620 -0.011492 1.880079 -0.007044 
8343 7.601356 0.000000 0.965655 19.424739 -0.021746 1.874120 -0.006690 
8344 7.624716 0.000000 0.965655 19.420590 -0.013549 1.876190 -0.006284 
8345 7.624716 0.000000 0.943879 19.418992 0.003822 1.882719 -0.006184 
8346 7.648077 0.000000 0.965655 19.416746 -0.005326 1.878204 -0.005909 
8347 7.671437 0.000000 0.965655 19.413060 0.002780 1.880156 -0.005550 
8348 7.671437 0.000000 0.943879 19.411470 0.018879 1.885497 -0.005440 
8349 7.694798 0.000000 0.965655 19.409766 0.010820 1.882236 -0.005232 
8350 7.718158 0.000000 0.965655 19.406920 0.018686 1.884149 -0.004960 
8351 7.718158 0.000000 0.943879 19.405326 0.033252 1.888196 -0.004839 
8352 7.741519 0.000000 0.965655 19.404239 0.026284 1.886040 -0.004705 
8353 7.764879 0.000000 0.965655 19.401933 0.033674 1.887891 -0.004488 
8354 7.764879 0.000000 0.943879 19.400508 0.046701 1.890731 -0.004373 
8355 7.788239 0.000000 0.965655 19.399819 0.040810 1.889662 -0.004290 
8356 7.811600 0.000000 0.965655 19.398107 0.047612 1.891384 -0.004133 
8357 7.811600 0.000000 0.943879 19.396748 0.058930 1.893041 -0.004014 
8358 7.834960 0.000000 0.965655 19.396640 0.054260 1.893027 -0.004001 
8359 7.858321 0.000000 0.965655 19.395393 0.060407 1.894620 -0.003891 
8360 7.858321 0.000000 0.943879 19.394203 0.069719 1.895172 -0.003778 
8361 7.881681 0.000000 0.965655 19.394455 0.066318 1.896180 -0.003813 
8362 7.905042 0.000000 0.965655 19.393581 0.071914 1.897538 -0.003739 
8363 7.905042 0.000000 0.943879 19.392634 0.079302 1.897105 -0.003640 
8364 7.928402 0.000000 0.965655 19.393080 0.077176 1.898858 -0.003703 
8365 7.951762 0.000000 0.965655 19.392710 0.082072 1.900225 -0.003680 
8366 7.951762 0.000000 0.943879 19.391651 0.087397 1.898868 -0.003561 
8367 7.975123 0.000000 0.965655 19.392446 0.086728 1.901544 -0.003669 
8368 7.998483 0.000000 0.965655 19.392296 0.091086 1.902934 -0.003669 
8369 7.998483 0.000000 0.943879 19.391301 0.094404 1.900774 -0.003547 
8370 8.021844 0.000000 0.965655 19.392364 0.095190 1.904256 -0.003692 
8371 8.045204 0.000000 0.965655 19.392496 0.099127 1.905487 -0.003720 
8372 8.045204 0.000000 0.943879 19.391535 0.100433 1.902571 -0.003592 
8373 8.068564 0.000000 0.965655 19.392736 0.102788 1.906666 -0.003758 
8374 8.091925 0.000000 0.965655 19.393123 0.106386 1.907853 -0.003812 
8375 8.091925 0.000000 0.943879 19.392101 0.105763 1.904306 -0.003671 
8376 8.115285 0.000000 0.965655 19.393566 0.109833 1.909103 -0.003872 
8377 8.138646 0.000000 1.009206 19.397316 0.102825 1.891874 -0.004079 
8378 8.138646 0.000000 0.987431 19.395590 0.111744 1.906800 -0.004057 
8379 8.162006 0.000000 1.009206 19.397841 0.107917 1.894203 -0.004159 
8380 8.185367 0.000000 1.009206 19.398291 0.112783 1.896370 -0.004230 
8381 8.185367 0.000000 0.987431 19.396735 0.119256 1.909899 -0.004210 
8382 8.208727 0.000000 1.009206 19.398708 0.117264 1.898445 -0.004296 
8383 9.703794 0.000000 0.900327 19.463837 -0.089635 1.722594 -0.009288 
8384 9.703794 0.000000 0.856776 19.462271 -0.109421 1.656214 -0.008545 
8385 9.750515 0.000000 0.900327 19.469472 -0.099688 1.725252 -0.009898 
8386 9.797236 0.000000 0.987431 19.483893 0.008562 1.835960 -0.012399 
8387 9.797236 0.000000 0.943879 19.478288 -0.065096 1.791558 -0.011407 
8388 9.843957 0.000000 0.987431 19.488921 -0.003635 1.843230 -0.012987 
8389 9.890677 0.000000 0.987431 19.493171 -0.016383 1.850916 -0.013501 
8390 9.890677 0.000000 0.943879 19.487085 -0.089279 1.802155 -0.012423 
8391 9.937398 0.000000 0.987431 19.496868 -0.029620 1.858695 -0.013960 
8392 10.871815 0.000000 0.769673 19.466146 -0.237450 1.582833 -0.008433 
8393 10.871815 0.000000 0.682570 19.466421 -0.105093 1.407326 -0.006954 
8394 10.965257 0.000000 0.769673 19.463076 -0.238579 1.584573 -0.008133 
8395 10.427967 0.000000 1.096309 19.512876 0.049883 1.813957 -0.015180 
8396 10.427967 0.000000 1.074534 19.509607 0.011710 1.914785 -0.015831 
8397 10.451327 0.000000 1.096309 19.508944 0.045477 1.819609 -0.014828 
8398 11.245582 0.000000 1.292291 19.458319 -0.081440 1.764122 -0.009100 
8399 11.339023 0.000000 1.292291 19.456897 -0.081482 1.763863 -0.008951 
8400 11.245582 0.000000 1.379395 19.458021 -0.250347 1.710944 -0.008729 
8401 11.432465 0.000000 1.292291 19.455750 -0.081429 1.763659 -0.008831 
8402 11.525907 0.000000 1.292291 19.454788 -0.081409 1.763512 -0.008731 
8403 11.432465 0.000000 1.379395 19.455535 -0.250408 1.710178 -0.008466 
8404 0.721712 0.000000 0.824112 19.202952 0.022880 3.377714 -0.004918 
8405 0.721712 0.000000 0.813224 19.293114 0.024356 3.359493 -0.013768 
8406 0.733392 0.000000 0.824112 19.211204 0.023339 3.284685 -0.004117 
8407 4.190735 0.000000 0.726121 19.458067 -0.076733 1.806751 -0.009474 
8408 4.190735 0.000000 0.682570 19.446479 -0.049049 1.684725 -0.007147 
8409 4.237455 0.000000 0.726121 19.470534 -0.073724 1.820454 -0.010887 
8410 4.120653 0.000000 0.878552 19.476483 -0.253045 2.107574 -0.014636 
8411 4.120653 0.000000 0.856776 19.472911 -0.240998 2.085641 -0.014009 
8412 4.144014 0.000000 0.878552 19.484409 -0.249961 2.111275 -0.015489 
8413 4.167374 0.000000 0.878552 19.492238 -0.246385 2.114903 -0.016332 
8414 4.167374 0.000000 0.856776 19.488716 -0.235688 2.093911 -0.015722 
8415 4.190735 0.000000 0.878552 19.499995 -0.242628 2.118204 -0.017163 
8416 4.214095 0.000000 0.922103 19.511962 -0.261956 2.139922 -0.018668 
8417 4.214095 0.000000 0.900327 19.510086 -0.248764 2.133775 -0.018387 
8418 4.237455 0.000000 0.922103 19.518969 -0.256499 2.141616 -0.019402 
8419 4.517780 0.000000 0.595467 19.435933 -0.034100 1.481227 -0.004357 
8420 4.517780 0.000000 0.508364 19.411591 0.000743 1.191981 0.000190 
8421 4.611222 0.000000 0.595467 19.411682 0.013705 1.509283 -0.002086 
8422 4.284176 0.000000 0.726121 19.481926 -0.068138 1.835220 -0.012201 
8423 4.284176 0.000000 0.682570 19.463222 -0.141010 1.675252 -0.008831 
8424 4.330897 0.000000 0.726121 19.490766 -0.060397 1.851042 -0.013263 
8425 4.377618 0.000000 0.813224 19.532451 -0.180656 2.081951 -0.020040 
8426 4.377618 0.000000 0.769673 19.512566 -0.073319 1.972952 -0.016748 
8427 4.424339 0.000000 0.813224 19.536610 -0.170560 2.095544 -0.020611 
8428 4.260816 0.000000 0.922103 19.525536 -0.251091 2.142928 -0.020088 
8429 4.260816 0.000000 0.900327 19.523869 -0.238861 2.138862 -0.019854 
8430 4.284176 0.000000 0.922103 19.531556 -0.245982 2.144210 -0.020717 
8431 4.471060 0.000000 0.813224 19.537982 -0.160244 2.110876 -0.020914 
8432 4.471060 0.000000 0.769673 19.515873 -0.048015 2.007371 -0.017443 
8433 4.517780 0.000000 0.813224 19.535761 -0.149881 2.128974 -0.020879 
8434 9.540271 0.000000 1.052758 19.446988 0.190578 1.789354 -0.008250 
8435 9.540271 0.000000 1.030982 19.444712 0.152690 1.806927 -0.008149 
8436 9.563631 0.000000 1.052758 19.452306 0.186243 1.792199 -0.008819 
8437 9.586992 0.000000 1.052758 19.457547 0.181837 1.795274 -0.009383 
8438 9.586992 0.000000 1.030982 19.454818 0.143903 1.811753 -0.009227 
8439 9.610352 0.000000 1.052758 19.462681 0.177318 1.798556 -0.009938 
8440 9.633713 0.000000 1.052758 19.467525 0.172677 1.802001 -0.010465 
8441 9.633713 0.000000 1.030982 19.464472 0.134732 1.817628 -0.010270 
8442 9.657073 0.000000 1.052758 19.472252 0.167781 1.805636 -0.010982 
8443 6.666939 0.000000 1.902013 19.659394 -0.147332 0.001859 -0.021705 
8444 6.480056 0.000000 1.902013 19.621531 -0.122160 0.108050 -0.017786 
8445 6.666939 0.000000 2.076219 19.541673 0.111017 0.124745 -0.009522 
8446 6.666939 0.000000 2.250426 19.494493 0.142039 0.093719 -0.004657 
8447 6.480056 0.000000 2.250426 19.503139 -0.010783 0.172121 -0.005550 
8448 6.666939 0.000000 2.424632 19.477137 0.116170 0.105123 -0.002857 
8449 7.951762 0.000000 1.139861 19.409914 -0.052357 1.901990 -0.005452 
8450 7.928402 0.000000 1.139861 19.411503 -0.061459 1.896875 -0.005567 
8451 7.951762 0.000000 1.161637 19.415295 -0.071436 1.849161 -0.005487 
8452 8.068564 0.000000 1.466498 19.509728 -0.238313 1.234681 -0.010331 
8453 7.975123 0.000000 1.466498 19.522749 -0.245610 1.198648 -0.011452 
8454 9.236586 0.000000 1.248740 19.311316 0.395162 2.130085 0.001803 
8455 9.189865 0.000000 1.248740 19.301012 0.347543 2.137039 0.002870 
8456 9.236586 0.000000 1.292291 19.320869 -0.070937 2.171096 0.000761 
8457 11.058698 0.000000 0.769673 19.460639 -0.239341 1.585854 -0.007894 
8458 11.058698 0.000000 0.682570 19.461353 -0.106896 1.410211 -0.006455 
8459 11.152140 0.000000 0.769673 19.458944 -0.239828 1.586848 -0.007728 
8460 11.245582 0.000000 0.943879 19.458222 -0.207829 1.881496 -0.010317 
8461 11.245582 0.000000 0.856776 19.457871 -0.256364 1.726859 -0.008866 
8462 11.339023 0.000000 0.943879 19.456644 -0.207910 1.881789 -0.010158 
8463 11.432465 0.000000 0.943879 19.455473 -0.207968 1.882060 -0.010040 
8464 11.432465 0.000000 0.856776 19.455172 -0.256539 1.727597 -0.008595 
8465 11.525907 0.000000 0.943879 19.454551 -0.207922 1.882226 -0.009947 
8466 4.541141 0.000000 1.052758 19.591108 -0.308636 2.020718 -0.025608 
8467 4.517780 0.000000 1.052758 19.584769 -0.306347 2.020916 -0.024950 
8468 4.541141 0.000000 1.074534 19.590819 -0.333252 1.969328 -0.025078 
8469 9.353388 0.000000 1.183413 19.384118 0.540440 1.819612 -0.002761 
8470 9.330027 0.000000 1.183413 19.374502 0.541931 1.825791 -0.001840 
8471 9.353388 0.000000 1.205188 19.377768 0.564466 1.858771 -0.002562 
8472 9.306667 0.000000 1.183413 19.365037 0.542189 1.832984 -0.000941 
8473 9.283306 0.000000 1.183413 19.356056 0.541062 1.840993 -0.000096 
8474 9.306667 0.000000 1.205188 19.356724 0.561958 1.877331 -0.000583 
8475 8.395610 0.000000 1.945565 18.014423 -3.830499 1.318869 0.098786 
8476 8.348890 0.000000 1.945565 18.581069 -3.294139 1.787572 0.050223 
8477 8.395610 0.000000 1.989116 15.829921 -5.610278 -2.494789 0.237950 
8478 8.395610 0.000000 2.032668 18.638269 5.694594 -2.873032 -0.025813 
8479 8.442331 0.000000 2.032668 19.350695 2.844014 -0.693243 -0.012466 
8480 8.395610 0.000000 2.076219 19.686355 2.737319 0.432435 -0.044753 
8481 8.675935 0.000000 2.032668 19.425070 0.085027 0.764273 0.000999 
8482 8.629215 0.000000 2.032668 19.422537 0.318436 0.661522 0.001397 
8483 8.675935 0.000000 2.076219 19.483449 0.288373 0.694905 -0.004939 
8484 8.582494 0.000000 2.032668 19.423948 0.611306 0.515848 0.000986 
8485 8.535773 0.000000 2.032668 19.428095 1.013399 0.301484 -0.000704 
8486 8.582494 0.000000 2.076219 19.522140 0.662217 0.596772 -0.009532 
8487 8.956261 0.000000 1.771358 19.319283 0.394309 0.628894 0.011940 
8488 8.956261 0.000000 1.727807 19.299310 0.122408 0.622407 0.014371 
8489 9.002981 0.000000 1.771358 19.365915 0.377285 0.658933 0.007104 
8490 9.049702 0.000000 1.771358 19.403863 0.359497 0.693749 0.003125 
8491 9.049702 0.000000 1.727807 19.374743 0.133149 0.666413 0.006503 
8492 9.096423 0.000000 1.771358 19.434034 0.342060 0.730515 -0.000079 
8493 9.143144 0.000000 1.771358 19.458476 0.325743 0.767684 -0.002710 
8494 9.143144 0.000000 1.727807 19.427510 0.128371 0.723087 0.000886 
8495 9.189865 0.000000 1.771358 19.479297 0.310777 0.804973 -0.004983 
8496 9.236586 0.000000 1.771358 19.498512 0.297475 0.843119 -0.007108 
8497 9.236586 0.000000 1.727807 19.465983 0.116584 0.783545 -0.003303 
8498 9.610352 0.000000 2.032668 19.662091 -0.532810 1.230326 -0.026679 
8499 9.657073 0.000000 2.032668 19.657493 -0.393105 1.136432 -0.025272 
8500 9.610352 0.000000 2.076219 19.596253 -0.294063 0.889089 -0.017413 
8501 9.400109 0.000000 1.836686 19.685683 0.789614 1.282577 -0.030378 
8502 9.376748 0.000000 1.836686 19.661293 0.784305 1.231788 -0.027482 
8503 9.400109 0.000000 1.814910 19.640951 0.562170 1.167168 -0.024168 
8504 11.525907 0.000000 2.250426 19.450627 0.025982 0.227136 -0.000203 
8505 11.712790 0.000000 2.250426 19.450457 0.025943 0.226998 -0.000185 
8506 11.525907 0.000000 2.424632 19.450545 0.033331 0.157239 -0.000124 
8507 11.899674 0.000000 2.250426 19.450196 0.025804 0.226932 -0.000158 
8508 12.086557 0.000000 2.250426 19.450081 0.025803 0.226891 -0.000146 
8509 11.899674 0.000000 2.424632 19.450135 0.033104 0.157085 -0.000082 
8510 9.516911 0.000000 1.597152 19.485421 -0.190846 0.914600 -0.005953 
8511 9.470190 0.000000 1.597152 19.470663 -0.181165 0.890694 -0.004310 
8512 9.516911 0.000000 1.553601 19.464138 -0.241807 0.951983 -0.004004 
8513 9.703794 0.000000 2.032668 19.644941 -0.277815 1.047605 -0.023251 
8514 9.750515 0.000000 2.032668 19.628223 -0.187344 0.965713 -0.020968 
8515 9.703794 0.000000 2.076219 19.584308 -0.159568 0.785913 -0.015558 
8516 9.586992 0.000000 1.749583 19.717284 0.126589 1.251152 -0.031853 
8517 9.563631 0.000000 1.749583 19.685369 0.132936 1.195929 -0.028176 
8518 9.586992 0.000000 1.727807 19.667940 0.036115 1.154117 -0.026060 
8519 9.773875 0.000000 1.662480 19.756975 -0.258515 1.336092 -0.036710 
8520 9.750515 0.000000 1.662480 19.725490 -0.234297 1.272719 -0.032956 
8521 9.773875 0.000000 1.640704 19.700770 -0.279868 1.249576 -0.030287 
8522 9.914038 0.000000 1.793134 20.596682 0.569610 3.072754 -0.147203 
8523 9.937398 0.000000 1.793134 20.533584 0.608475 2.975399 -0.138907 
8524 9.914038 0.000000 1.814910 20.490518 0.554979 2.894471 -0.132816 
8525 10.498048 0.000000 1.989116 19.464161 0.002150 0.659913 -0.002608 
8526 10.591490 0.000000 1.989116 19.461010 -0.000896 0.656035 -0.002270 
8527 10.498048 0.000000 2.076219 19.460427 0.005892 0.491945 -0.001712 
8528 10.171002 0.000000 1.858462 19.603959 0.179935 1.311651 -0.020527 
8529 10.217723 0.000000 1.858462 19.560784 0.153415 1.263024 -0.015703 
8530 10.171002 0.000000 1.902013 19.557523 0.089176 1.050638 -0.014026 
8531 11.245582 0.000000 1.466498 19.457572 -0.402794 1.823231 -0.009995 
8532 11.339023 0.000000 1.466498 19.456302 -0.402901 1.822742 -0.009860 
8533 11.245582 0.000000 1.553601 19.456967 -0.284571 2.421700 -0.016433 
8534 11.245582 0.000000 1.640704 19.456353 0.665136 2.823169 -0.022891 
8535 11.339023 0.000000 1.640704 19.455338 0.665039 2.822568 -0.022778 
8536 11.245582 0.000000 1.727807 19.455652 0.682460 2.178480 -0.014357 
8537 8.302169 0.000000 1.945565 18.871177 -2.761380 1.852379 0.029407 
8538 8.255448 0.000000 1.945565 19.036489 -2.347192 1.774497 0.019182 
8539 8.302169 0.000000 1.902013 18.799295 -2.905718 2.012414 0.032767 
8540 8.395610 0.000000 2.119771 19.643438 1.608295 0.706492 -0.028147 
8541 8.442331 0.000000 2.119771 19.624775 1.246028 0.646675 -0.023262 
8542 8.395610 0.000000 2.163322 19.588035 1.090514 0.586300 -0.018296 
8543 0.172742 0.000000 1.248740 18.388952 0.009281 0.384340 0.105738 
8544 0.126021 0.000000 1.248740 18.482464 0.008638 0.228380 0.096877 
8545 0.172742 0.000000 1.292291 18.542835 0.008847 0.373392 0.090738 
8546 0.079300 0.000000 1.248740 18.582371 0.008094 0.103355 0.087198 
8547 0.032580 0.000000 1.248740 18.687985 0.007741 0.006744 0.076821 
8548 0.079300 0.000000 1.292291 18.681079 0.007946 0.136400 0.077454 
8549 0.628270 0.000000 0.802337 19.748485 0.021767 4.473041 -0.083818 
8550 0.628270 0.000000 0.791449 19.928691 0.022692 4.317347 -0.099101 
8551 0.639950 0.000000 0.802337 19.637880 0.022349 4.269774 -0.067605 
8552 0.651631 0.000000 0.802337 19.558283 0.022752 4.090721 -0.055401 
8553 0.651631 0.000000 0.791449 19.709862 0.023550 3.995192 -0.069094 
8554 0.663311 0.000000 0.802337 19.501666 0.023240 3.925835 -0.046062 
8555 0.511468 0.000000 0.867664 15.409135 -0.008659 3.242145 0.344564 
8556 0.499788 0.000000 0.867664 15.472232 -0.008124 3.113488 0.341575 
8557 0.511468 0.000000 0.878552 15.523537 -0.008685 3.170956 0.336417 
8558 0.534829 0.000000 0.889440 15.921396 -0.013106 3.660320 0.294509 
8559 0.523148 0.000000 0.889440 15.775743 -0.011708 3.439457 0.310858 
8560 0.534829 0.000000 0.900327 15.921396 -0.013106 3.660320 0.294509 
8561 0.511468 0.000000 0.889440 15.657514 -0.009857 3.286911 0.323394 
8562 0.499788 0.000000 0.889440 15.698577 -0.009037 3.187451 0.321693 
8563 0.511468 0.000000 0.900327 15.839153 -0.011982 3.407150 0.306144 
8564 1.387484 0.000000 1.248740 19.464349 -0.009970 1.475782 -0.007233 
8565 1.434205 0.000000 1.248740 19.528914 -0.007244 1.365081 -0.013057 
8566 1.387484 0.000000 1.292291 19.477274 -0.009868 1.448924 -0.008356 
8567 4.611222 0.000000 2.773044 19.438660 0.031573 0.104190 0.001134 
8568 4.237455 0.000000 2.773044 19.437845 0.029948 0.100555 0.001220 
8569 4.611222 0.000000 3.121456 19.442084 0.022334 0.072070 0.000799 
8570 6.293172 0.000000 1.902013 19.624272 -0.126577 0.184964 -0.018133 
8571 6.106289 0.000000 1.902013 19.633159 -0.136636 0.276303 -0.019174 
8572 6.293172 0.000000 2.076219 19.554301 0.005596 0.258878 -0.010931 
8573 6.293172 0.000000 2.250426 19.507669 -0.042431 0.205682 -0.006055 
8574 6.106289 0.000000 2.250426 19.504530 -0.061957 0.240413 -0.005778 
8575 6.293172 0.000000 2.424632 19.485215 0.069439 0.139037 -0.003688 
8576 9.610352 0.000000 1.510049 19.469522 -0.304442 1.064711 -0.005250 
8577 9.563631 0.000000 1.510049 19.457177 -0.297665 1.042479 -0.003845 
8578 9.610352 0.000000 1.466498 19.448592 -0.348396 1.173764 -0.003818 
8579 9.516911 0.000000 1.510049 19.445955 -0.292252 1.022862 -0.002575 
8580 9.470190 0.000000 1.510049 19.435621 -0.287979 1.005370 -0.001413 
8581 9.516911 0.000000 1.466498 19.429063 -0.345725 1.134209 -0.001565 
8582 10.684932 0.000000 1.989116 19.458860 -0.002817 0.653308 -0.002040 
8583 10.778373 0.000000 1.989116 19.457547 -0.004036 0.651356 -0.001898 
8584 10.684932 0.000000 2.076219 19.453950 0.073469 0.437832 -0.000927 
8585 10.498048 0.000000 2.163322 19.455263 -0.013064 0.292185 -0.000767 
8586 10.591490 0.000000 2.163322 19.453917 -0.014453 0.290694 -0.000627 
8587 10.498048 0.000000 2.250426 19.456405 0.042613 0.224562 -0.000797 
8588 9.423469 0.000000 1.597152 19.457181 -0.174063 0.869634 -0.002818 
8589 9.376748 0.000000 1.597152 19.444426 -0.169109 0.850824 -0.001416 
8590 9.423469 0.000000 1.553601 19.440284 -0.229877 0.914854 -0.001353 
8591 9.236586 0.000000 1.684255 19.440311 -0.005810 0.760439 -0.000533 
8592 9.189865 0.000000 1.684255 19.423048 -0.004432 0.736703 0.001335 
8593 9.236586 0.000000 1.640704 19.420595 -0.095681 0.768955 0.001434 
8594 9.143144 0.000000 1.684255 19.403535 -0.005494 0.713966 0.003425 
8595 9.096423 0.000000 1.684255 19.380975 -0.009731 0.692826 0.005816 
8596 9.143144 0.000000 1.640704 19.386436 -0.103130 0.735588 0.005067 
8597 9.400109 0.000000 1.793134 19.604854 0.393064 1.076760 -0.019460 
8598 9.376748 0.000000 1.793134 19.588687 0.394767 1.043300 -0.017601 
8599 9.400109 0.000000 1.771358 19.575088 0.264945 1.005096 -0.015760 
8600 9.820596 0.000000 1.880237 20.328925 0.106961 2.747930 -0.112411 
8601 9.843957 0.000000 1.880237 20.246578 0.116782 2.536303 -0.100628 
8602 9.820596 0.000000 1.902013 20.131430 -0.058503 2.346040 -0.085855 
8603 9.773875 0.000000 1.618928 19.655684 -0.294175 1.190195 -0.025235 
8604 9.750515 0.000000 1.618928 19.635230 -0.274864 1.148975 -0.022827 
8605 9.773875 0.000000 1.597152 19.619008 -0.304946 1.153005 -0.021214 
8606 9.727154 0.000000 1.662480 19.696609 -0.212565 1.216488 -0.029550 
8607 9.703794 0.000000 1.662480 19.670103 -0.193050 1.166806 -0.026458 
8608 9.727154 0.000000 1.640704 19.652290 -0.238130 1.153519 -0.024576 
8609 9.960759 0.000000 1.793134 20.454110 0.641168 2.847850 -0.128441 
8610 9.984119 0.000000 1.793134 20.363082 0.663212 2.702945 -0.116569 
8611 9.960759 0.000000 1.814910 20.312277 0.559442 2.582264 -0.109085 
8612 9.914038 0.000000 1.836686 20.339292 0.438424 2.627558 -0.112293 
8613 9.937398 0.000000 1.836686 20.249155 0.431945 2.455044 -0.100289 
8614 9.914038 0.000000 1.858462 20.175135 0.291177 2.315701 -0.090353 
8615 9.867317 0.000000 1.880237 20.167190 0.132714 2.339630 -0.089623 
8616 9.890677 0.000000 1.880237 20.092385 0.149470 2.160636 -0.079545 
8617 9.867317 0.000000 1.902013 20.004811 0.019658 1.989552 -0.068328 
8618 11.245582 0.000000 1.814910 19.455025 0.194107 1.457776 -0.006234 
8619 11.339023 0.000000 1.814910 19.452753 0.307043 1.380537 -0.005570 
8620 11.245582 0.000000 1.902013 19.452868 0.130119 0.868324 -0.002333 
8621 9.586992 0.000000 1.706031 19.628223 -0.031480 1.080930 -0.021501 
8622 9.563631 0.000000 1.706031 19.607107 -0.021488 1.044834 -0.019107 
8623 9.586992 0.000000 1.684255 19.595911 -0.082997 1.027539 -0.017869 
8624 9.820596 0.000000 1.923789 19.964858 -0.141397 1.954513 -0.063793 
8625 9.843957 0.000000 1.923789 19.918336 -0.087336 1.807050 -0.057390 
8626 9.820596 0.000000 1.945565 19.838751 -0.165188 1.621242 -0.047394 
8627 0.488108 0.000000 0.867664 15.607840 -0.006086 2.937681 0.333246 
8628 0.476428 0.000000 0.867664 15.682823 -0.005748 2.938379 0.327033 
8629 0.488108 0.000000 0.878552 15.727873 -0.007169 3.040073 0.321685 
8630 0.476428 0.000000 0.922103 15.998368 -0.011209 3.392967 0.292999 
8631 0.476428 0.000000 0.943879 15.848580 -0.015107 3.662456 0.300583 
8632 0.488108 0.000000 0.889440 15.782367 -0.007483 3.070400 0.316657 
8633 0.476428 0.000000 0.889440 15.777301 -0.006672 3.015279 0.317966 
8634 0.488108 0.000000 0.900327 15.884351 -0.009988 3.289747 0.304432 
8635 9.049702 0.000000 1.684255 19.354639 -0.018018 0.674397 0.008579 
8636 9.002981 0.000000 1.684255 19.324377 -0.031312 0.660221 0.011721 
8637 9.049702 0.000000 1.640704 19.343499 -0.124743 0.712408 0.009539 
8638 8.956261 0.000000 1.684255 19.290507 -0.050636 0.652532 0.015201 
8639 8.909540 0.000000 1.684255 19.253831 -0.076966 0.654177 0.018923 
8640 8.956261 0.000000 1.640704 19.292284 -0.164708 0.710562 0.014745 
8641 10.684932 0.000000 2.163322 19.453170 -0.015507 0.289684 -0.000548 
8642 10.778373 0.000000 2.163322 19.452627 -0.016304 0.288934 -0.000492 
8643 10.684932 0.000000 2.250426 19.454909 0.040968 0.222843 -0.000641 
8644 10.077561 0.000000 1.945565 19.575461 0.053837 0.934401 -0.015258 
8645 10.124282 0.000000 1.945565 19.548196 0.050950 0.888817 -0.012218 
8646 10.077561 0.000000 1.989116 19.535882 0.027184 0.762104 -0.010388 
8647 10.171002 0.000000 1.945565 19.526211 0.045047 0.856101 -0.009795 
8648 10.217723 0.000000 1.945565 19.508900 0.037952 0.833079 -0.007904 
8649 10.171002 0.000000 1.989116 19.505176 0.025413 0.711692 -0.007022 
8650 9.727154 0.000000 1.618928 19.616219 -0.257495 1.112034 -0.020609 
8651 9.703794 0.000000 1.618928 19.598446 -0.241936 1.078845 -0.018554 
8652 9.727154 0.000000 1.597152 19.586477 -0.273355 1.088430 -0.017412 
8653 9.960759 0.000000 1.836686 20.161824 0.424870 2.290692 -0.088882 
8654 9.984119 0.000000 1.836686 20.078901 0.415361 2.139200 -0.078267 
8655 9.960759 0.000000 1.858462 20.021462 0.290765 2.000997 -0.070433 
8656 9.867317 0.000000 1.923789 19.874331 -0.042836 1.676795 -0.051546 
8657 9.890677 0.000000 1.923789 19.833177 -0.007228 1.562197 -0.046241 
8658 9.867317 0.000000 1.945565 19.775610 -0.069531 1.416184 -0.039076 
1 11 62 60 61 
2 62 10 24 60 
3 60 24 14 63 
4 61 60 63 6 
5 24 66 64 65 
6 66 23 40 64 
7 64 40 27 67 
8 65 64 67 14 
9 40 70 68 69 
10 69 68 71 27 
11 6 63 92 93 
12 63 14 36 92 
13 92 36 19 94 
14 93 92 94 20 
15 14 67 95 96 
16 67 27 52 95 
17 95 52 35 97 
18 96 95 97 36 
19 27 71 98 99 
20 99 98 100 52 
21 12 112 110 111 
22 112 7 113 110 
23 110 113 13 25 
24 111 110 25 10 
25 25 116 114 115 
26 116 13 117 114 
27 114 117 26 41 
28 115 114 41 23 
29 41 120 118 119 
30 120 26 121 118 
31 118 121 42 57 
32 119 118 57 39 
33 39 124 122 123 
34 124 57 125 122 
35 122 125 55 81 
36 123 122 81 56 
37 81 128 126 127 
38 128 55 129 126 
39 57 146 145 125 
40 146 42 147 145 
41 145 147 58 89 
42 125 145 89 55 
43 55 149 148 129 
44 149 89 150 148 
45 126 170 168 169 
46 170 129 171 168 
47 168 171 82 142 
48 169 168 142 107 
49 142 174 172 173 
50 174 82 175 172 
51 172 175 143 165 
52 173 172 165 140 
53 165 188 186 187 
54 188 143 189 186 
55 68 193 191 192 
56 193 56 80 191 
57 191 80 43 194 
58 192 191 194 71 
59 80 197 195 196 
60 196 195 198 43 
61 140 209 207 208 
62 209 165 187 207 
63 187 221 219 220 
64 221 186 222 219 
65 219 222 190 223 
66 220 219 223 163 
67 207 229 227 228 
68 229 187 220 227 
69 227 220 163 230 
70 107 233 231 232 
71 233 142 173 231 
72 205 236 234 235 
73 236 140 208 234 
74 234 249 247 248 
75 249 208 250 247 
76 247 250 164 251 
77 248 247 251 237 
78 141 258 256 257 
79 258 205 235 256 
80 257 256 259 204 
81 204 259 260 261 
82 261 260 262 105 
83 256 265 263 264 
84 265 235 266 263 
85 263 266 203 267 
86 264 263 267 259 
87 56 270 268 269 
88 270 81 127 268 
89 269 268 197 80 
90 127 273 271 272 
91 273 126 169 271 
92 271 169 107 201 
93 272 271 201 79 
94 201 276 274 275 
95 276 107 232 274 
96 254 279 277 278 
97 279 141 257 277 
98 277 257 204 280 
99 278 277 280 252 
100 197 283 281 282 
101 282 281 284 195 
102 79 295 293 294 
103 295 201 275 293 
104 275 298 296 297 
105 298 274 299 296 
106 296 299 254 291 
107 297 296 291 199 
108 291 302 300 301 
109 302 254 303 300 
110 300 303 278 304 
111 301 300 304 289 
112 293 311 309 310 
113 311 275 297 309 
114 309 297 199 307 
115 310 309 307 287 
116 307 314 312 313 
117 314 199 315 312 
118 312 315 290 316 
119 313 312 316 305 
120 71 194 317 318 
121 194 43 102 317 
122 317 102 76 319 
123 318 317 319 98 
124 43 198 320 321 
125 321 320 322 102 
126 195 284 323 324 
127 324 323 325 198 
128 281 328 326 327 
129 328 200 286 326 
130 326 286 106 329 
131 327 326 329 284 
132 200 332 330 331 
133 331 330 333 286 
134 286 333 338 339 
135 333 285 340 338 
136 338 340 288 341 
137 339 338 341 106 
138 330 344 342 343 
139 342 345 285 346 
140 343 342 346 333 
141 268 349 347 348 
142 349 127 272 347 
143 347 272 79 283 
144 348 347 283 197 
145 283 352 350 351 
146 352 79 294 350 
147 350 294 200 328 
148 351 350 328 281 
149 294 355 353 354 
150 355 293 310 353 
151 353 310 287 332 
152 354 353 332 200 
153 332 358 356 357 
154 358 287 359 356 
155 356 359 306 344 
156 357 356 344 330 
157 285 308 360 340 
158 308 253 361 360 
159 360 361 202 362 
160 340 360 362 288 
161 306 364 363 345 
162 364 305 365 363 
163 363 365 308 366 
164 345 363 366 285 
165 344 369 367 368 
166 369 306 370 367 
167 367 370 345 371 
168 368 367 371 342 
169 208 373 372 250 
170 373 207 228 372 
171 372 228 210 374 
172 250 372 374 164 
173 210 230 375 376 
174 230 163 377 375 
175 375 377 216 378 
176 376 375 378 224 
177 228 381 379 380 
178 381 227 382 379 
179 379 382 230 383 
180 380 379 383 210 
181 403 424 422 423 
182 424 406 425 422 
183 422 425 154 426 
184 423 422 426 407 
185 404 432 430 431 
186 432 403 423 430 
187 430 423 407 433 
188 431 430 433 185 
189 129 435 434 171 
190 435 148 436 434 
191 434 436 137 152 
192 171 434 152 82 
193 82 438 437 175 
194 438 152 439 437 
195 437 439 151 183 
196 175 437 183 143 
197 143 441 440 189 
198 441 183 442 440 
199 190 450 448 449 
200 449 448 452 215 
201 163 223 453 377 
202 223 190 449 453 
203 453 449 215 454 
204 377 453 454 216 
205 284 329 470 471 
206 329 106 335 470 
207 470 335 239 472 
208 471 470 472 323 
209 335 475 473 474 
210 474 473 476 239 
211 466 486 484 485 
212 486 465 487 484 
213 484 487 469 488 
214 485 484 488 337 
215 238 490 489 482 
216 490 456 491 489 
217 489 491 477 492 
218 482 489 492 463 
219 469 495 493 494 
220 495 238 496 493 
221 493 496 482 497 
222 494 493 497 480 
223 456 505 504 491 
224 505 160 506 504 
225 504 506 478 507 
226 491 504 507 477 
227 214 161 509 508 
228 508 509 59 510 
229 109 503 511 512 
230 503 162 513 511 
231 511 513 498 514 
232 512 511 514 459 
233 501 517 515 516 
234 517 502 518 515 
235 515 518 162 519 
236 516 515 519 503 
237 162 510 523 513 
238 510 59 524 523 
239 523 524 499 525 
240 513 523 525 498 
241 502 527 526 518 
242 527 508 528 526 
243 526 528 510 529 
244 518 526 529 162 
245 531 181 532 530 
246 530 532 520 533 
247 524 530 533 499 
248 161 402 534 509 
249 402 179 535 534 
250 534 535 181 531 
251 509 534 531 59 
252 59 538 536 537 
253 538 531 539 536 
254 536 539 530 540 
255 537 536 540 524 
256 181 551 550 532 
257 550 552 521 553 
258 532 550 553 520 
259 179 413 554 535 
260 413 180 555 554 
261 554 555 139 551 
262 535 554 551 181 
263 139 557 556 552 
264 557 410 558 556 
265 556 558 547 559 
266 552 556 559 521 
267 551 562 560 561 
268 562 139 563 560 
269 560 563 552 564 
270 561 560 564 550 
271 410 570 569 558 
272 570 91 571 569 
273 569 571 548 572 
274 558 569 572 547 
275 91 577 576 571 
276 577 566 578 576 
277 576 578 565 579 
278 19 38 580 581 
279 38 21 582 580 
280 580 582 9 583 
281 581 580 583 22 
282 35 54 584 585 
283 54 37 586 584 
284 584 586 21 587 
285 585 584 587 38 
286 51 78 588 589 
287 78 53 590 588 
288 588 590 37 591 
289 589 588 591 54 
290 75 135 592 593 
291 135 77 594 592 
292 592 594 53 595 
293 593 592 595 78 
294 133 546 596 597 
295 546 134 598 596 
296 596 598 77 599 
297 597 596 599 135 
298 600 602 546 603 
299 601 600 603 133 
300 548 579 604 605 
301 579 565 606 604 
302 604 606 568 607 
303 605 604 607 177 
304 571 610 608 609 
305 610 576 611 608 
306 608 611 579 612 
307 609 608 612 548 
308 566 622 621 578 
309 622 391 623 621 
310 621 623 567 624 
311 578 621 624 565 
312 667 702 700 701 
313 702 687 703 700 
314 675 710 708 709 
315 710 667 701 708 
316 708 701 676 711 
317 709 708 711 673 
318 21 46 712 582 
319 46 28 713 712 
320 712 713 30 714 
321 582 712 714 9 
322 37 74 715 586 
323 74 44 716 715 
324 715 716 46 717 
325 586 715 717 21 
326 53 132 718 590 
327 132 72 719 718 
328 718 719 74 720 
329 590 718 720 37 
330 130 640 721 722 
331 640 131 723 721 
332 721 723 72 724 
333 722 721 724 132 
334 542 669 725 726 
335 669 637 727 725 
336 725 727 640 728 
337 726 725 728 130 
338 666 689 729 730 
339 689 668 731 729 
340 729 731 637 732 
341 730 729 732 669 
342 733 735 689 736 
343 734 733 736 666 
344 701 739 737 738 
345 739 700 740 737 
346 738 737 741 676 
347 687 747 746 703 
348 747 638 748 746 
349 746 748 688 749 
350 703 746 749 686 
351 700 751 750 740 
352 751 703 752 750 
353 750 752 686 753 
354 740 750 753 704 
355 643 677 754 755 
356 677 666 730 754 
357 754 730 669 756 
358 755 754 756 542 
359 673 711 757 758 
360 711 676 734 757 
361 757 734 666 759 
362 758 757 759 677 
363 676 741 760 761 
364 741 704 762 760 
365 760 762 733 763 
366 761 760 763 734 
367 737 766 764 765 
368 766 740 767 764 
369 764 767 704 768 
370 765 764 768 741 
371 106 341 769 770 
372 341 288 771 769 
373 769 771 334 475 
374 770 769 475 335 
375 475 774 772 773 
376 774 334 775 772 
377 772 775 466 776 
378 773 772 776 473 
379 103 178 777 778 
380 178 133 597 777 
381 777 597 135 779 
382 778 777 779 75 
383 780 782 178 783 
384 781 780 783 103 
385 499 533 784 785 
386 533 520 786 784 
387 784 786 522 787 
388 76 104 788 789 
389 104 75 593 788 
390 788 593 78 790 
391 789 788 790 51 
392 101 158 791 792 
393 158 103 778 791 
394 791 778 75 793 
395 792 791 793 104 
396 794 781 103 796 
397 795 794 796 158 
398 498 525 797 798 
399 525 499 785 797 
400 797 785 157 799 
401 798 797 799 500 
402 157 787 800 801 
403 787 522 802 800 
404 800 802 780 803 
405 801 800 803 781 
406 785 806 804 805 
407 806 784 807 804 
408 804 807 787 808 
409 805 804 808 157 
410 809 601 133 810 
411 782 809 810 178 
412 522 812 811 802 
413 812 176 813 811 
414 811 813 782 814 
415 802 811 814 780 
416 816 549 817 815 
417 815 817 809 818 
418 813 815 818 782 
419 521 559 819 820 
420 559 547 821 819 
421 819 821 549 816 
422 820 819 816 176 
423 176 824 822 823 
424 824 816 825 822 
425 822 825 815 826 
426 823 822 826 813 
427 549 828 827 817 
428 828 177 829 827 
429 827 829 601 830 
430 817 827 830 809 
431 177 607 831 829 
432 607 568 832 831 
433 831 832 600 833 
434 829 831 833 601 
435 834 835 134 836 
436 602 834 836 546 
437 568 838 837 832 
438 838 544 839 837 
439 837 839 602 840 
440 832 837 840 600 
441 77 543 841 594 
442 543 130 722 841 
443 841 722 132 842 
444 594 841 842 53 
445 541 644 843 844 
446 644 542 726 843 
447 843 726 130 845 
448 844 843 845 543 
449 615 665 846 847 
450 665 641 848 846 
451 846 848 644 849 
452 847 846 849 541 
453 198 325 850 851 
454 851 850 852 320 
455 323 472 853 854 
456 472 239 462 853 
457 853 462 83 855 
458 854 853 855 325 
459 239 476 856 857 
460 857 856 858 462 
461 83 464 859 860 
462 464 240 861 859 
463 859 861 457 862 
464 860 859 862 458 
465 462 858 863 864 
466 858 461 865 863 
467 863 865 464 866 
468 864 863 866 83 
469 856 869 867 868 
470 869 481 870 867 
471 867 870 461 871 
472 868 867 871 858 
473 186 889 888 222 
474 889 189 890 888 
475 888 890 166 450 
476 222 888 450 190 
477 450 896 894 895 
478 896 166 897 894 
479 894 897 451 898 
480 895 894 898 448 
481 189 900 899 890 
482 900 440 901 899 
483 899 901 428 892 
484 890 899 892 166 
485 892 904 902 903 
486 904 428 905 902 
487 902 905 444 906 
488 903 902 906 891 
489 183 908 907 442 
490 908 151 909 907 
491 440 911 910 901 
492 911 442 912 910 
493 910 912 182 445 
494 901 910 445 428 
495 914 405 915 913 
496 913 915 403 432 
497 445 918 916 917 
498 918 182 919 916 
499 916 919 446 920 
500 917 916 920 443 
501 446 923 921 922 
502 923 913 924 921 
503 921 924 432 925 
504 922 921 925 404 
505 405 927 926 915 
506 927 184 928 926 
507 926 928 406 424 
508 915 926 424 403 
509 89 950 949 150 
510 950 58 951 949 
511 933 960 958 959 
512 960 935 961 958 
513 958 961 395 942 
514 930 964 962 963 
515 964 942 965 962 
516 962 965 940 966 
517 963 962 966 941 
518 942 972 971 965 
519 972 395 973 971 
520 971 973 943 974 
521 965 971 974 940 
522 935 976 975 961 
523 976 955 977 975 
524 975 977 937 968 
525 961 975 968 395 
526 395 979 978 973 
527 979 968 980 978 
528 978 980 967 981 
529 973 978 981 943 
530 968 991 990 980 
531 991 937 992 990 
532 990 992 969 993 
533 980 990 993 967 
534 955 998 997 977 
535 998 957 999 997 
536 997 999 138 987 
537 977 997 987 937 
538 937 1001 1000 992 
539 1001 987 1002 1000 
540 1000 1002 986 1003 
541 992 1000 1003 969 
542 957 1009 1008 999 
543 1009 994 1010 1008 
544 1008 1010 983 1005 
545 999 1008 1005 138 
546 138 1013 1011 1012 
547 1013 1005 1014 1011 
548 1011 1014 1004 1015 
549 1012 1011 1015 988 
550 1005 1030 1029 1014 
551 1030 983 1031 1029 
552 1029 1031 1006 1032 
553 1014 1029 1032 1004 
554 994 1040 1039 1010 
555 1040 996 1041 1039 
556 1039 1041 574 1026 
557 1010 1039 1026 983 
558 1026 1048 1046 1047 
559 1048 574 1049 1046 
560 1046 1049 1027 1050 
561 1047 1046 1050 1025 
562 573 1024 1059 1060 
563 1024 575 1061 1059 
564 1059 1061 391 622 
565 1060 1059 622 566 
566 984 1045 1062 1063 
567 1062 1064 1024 1065 
568 1063 1062 1065 573 
569 1042 1068 1066 1067 
570 1068 1044 1069 1066 
571 1066 1069 1021 1070 
572 1067 1066 1070 1045 
573 1071 1072 575 1073 
574 1064 1071 1073 1024 
575 1044 1075 1074 1069 
576 1075 1055 1076 1074 
577 1074 1076 1058 1077 
578 1069 1074 1077 1021 
579 1055 1086 1085 1076 
580 1086 1057 1087 1085 
581 1085 1087 1023 1088 
582 1076 1085 1088 1058 
583 575 1054 1089 1061 
584 1054 1018 1090 1089 
585 1089 1090 618 1091 
586 1061 1089 1091 391 
587 1092 1093 1054 1094 
588 1072 1092 1094 575 
589 1057 1096 1095 1087 
590 1096 1081 1097 1095 
591 1095 1097 1084 1098 
592 1087 1095 1098 1023 
593 1112 1083 1113 1111 
594 1111 1113 1051 1114 
595 1097 1111 1114 1084 
596 1038 1117 1115 1116 
597 1117 1078 1118 1115 
598 1115 1118 1052 1082 
599 1116 1115 1082 388 
600 1082 1121 1119 1120 
601 1121 1052 1122 1119 
602 1119 1122 1083 1112 
603 1120 1119 1112 1081 
604 1081 1125 1123 1124 
605 1125 1112 1126 1123 
606 1123 1126 1111 1127 
607 1124 1123 1127 1097 
608 1128 1129 1018 1130 
609 1093 1128 1130 1054 
610 1083 1132 1131 1113 
611 1132 1107 1133 1131 
612 1131 1133 1110 1134 
613 1113 1131 1134 1051 
614 7 1136 1135 113 
615 1136 16 1137 1135 
616 1135 1137 15 32 
617 113 1135 32 13 
618 13 1139 1138 117 
619 1139 32 1140 1138 
620 1138 1140 31 48 
621 117 1138 48 26 
622 26 1142 1141 121 
623 1142 48 1143 1141 
624 1141 1143 47 85 
625 121 1141 85 42 
626 42 1145 1144 147 
627 1145 85 1146 1144 
628 1144 1146 84 385 
629 147 1144 385 58 
630 58 1148 1147 951 
631 1148 385 1149 1147 
632 1107 1161 1160 1133 
633 1161 1109 1162 1160 
634 1160 1162 1053 1163 
635 1133 1160 1163 1110 
636 1018 1106 1164 1090 
637 1106 1020 1165 1164 
638 1164 1165 5 1166 
639 1090 1164 1166 618 
640 1167 1168 1106 1169 
641 1129 1167 1169 1018 
642 1109 1171 1170 1162 
643 1171 1156 1172 1170 
644 1170 1172 1159 1173 
645 1162 1170 1173 1053 
646 1156 1183 1182 1172 
647 1183 1158 1184 1182 
648 1182 1184 1103 1185 
649 1172 1182 1185 1159 
650 1186 1187 1020 1188 
651 1168 1186 1188 1106 
652 1158 1190 1189 1184 
653 1190 1178 1191 1189 
654 1189 1191 1181 1192 
655 1184 1189 1192 1103 
656 1178 1201 1200 1191 
657 1201 1180 1202 1200 
658 1200 1202 1105 1203 
659 1191 1200 1203 1181 
660 1020 1177 1207 1165 
661 1177 1099 1208 1207 
662 1207 1208 1102 1209 
663 1165 1207 1209 5 
664 1210 1211 1177 1212 
665 1187 1210 1212 1020 
666 1180 1214 1213 1202 
667 1214 1196 1215 1213 
668 1213 1215 1199 1216 
669 1202 1213 1216 1105 
670 1196 1230 1229 1215 
671 1230 1198 1231 1229 
672 1229 1231 1174 1232 
673 1215 1229 1232 1199 
674 1233 1234 1099 1235 
675 1211 1233 1235 1177 
676 1198 1237 1236 1231 
677 1237 1225 1238 1236 
678 1236 1238 1228 1239 
679 1231 1236 1239 1174 
680 1225 1251 1250 1238 
681 1251 1227 1252 1250 
682 1250 1252 1176 1253 
683 1238 1250 1253 1228 
684 1254 1255 614 1256 
685 1208 1254 1256 1102 
686 1257 1258 1224 1259 
687 1234 1257 1259 1099 
688 1227 1261 1260 1252 
689 1261 1246 1262 1260 
690 1260 1262 1249 1263 
691 1252 1260 1263 1176 
692 1248 1277 1275 1276 
693 1277 1268 1278 1275 
694 1275 1278 1271 1279 
695 1276 1275 1279 1221 
696 1268 1288 1287 1278 
697 1288 1270 1289 1287 
698 1287 1289 1223 1290 
699 1278 1287 1290 1271 
700 1293 1294 1220 1295 
701 1255 1293 1295 614 
702 1270 1300 1299 1289 
703 1300 1283 1301 1299 
704 1299 1301 1286 1302 
705 1289 1299 1302 1223 
706 1283 1315 1314 1301 
707 1315 1285 1316 1314 
708 1314 1316 1264 1317 
709 1301 1314 1317 1286 
710 385 1319 1318 1149 
711 1319 84 1320 1318 
712 1310 1336 1334 1335 
713 1336 1312 1337 1334 
714 1334 1337 1266 1338 
715 1335 1334 1338 1313 
716 1339 1340 387 1341 
717 1294 1339 1341 1220 
718 1312 1346 1345 1337 
719 1346 1327 1347 1345 
720 1345 1347 1330 1348 
721 1337 1345 1348 1266 
722 1329 1362 1360 1361 
723 1362 1353 1363 1360 
724 1360 1363 1356 1364 
725 1361 1360 1364 1306 
726 1353 1373 1372 1363 
727 1373 1355 1374 1372 
728 1372 1374 1308 1375 
729 1363 1372 1375 1356 
730 1387 1388 663 1389 
731 1340 1387 1389 387 
732 1368 1395 1393 1394 
733 1395 1370 1396 1393 
734 1393 1396 1349 1397 
735 1394 1393 1397 1371 
736 1383 1413 1411 1412 
737 1413 1385 1414 1411 
738 1411 1414 1351 1415 
739 1412 1411 1415 1386 
740 1416 1417 642 1418 
741 1388 1416 1418 663 
742 1385 1423 1422 1414 
743 1423 1404 1424 1422 
744 1422 1424 1407 1425 
745 1414 1422 1425 1351 
746 1406 1439 1437 1438 
747 1439 1430 1440 1437 
748 1437 1440 1433 1441 
749 1438 1437 1441 1379 
750 1451 1452 1378 1453 
751 1417 1451 1453 642 
752 1432 1459 1457 1458 
753 1459 1445 1460 1457 
754 1457 1460 1448 1461 
755 1458 1457 1461 1381 
756 1447 1475 1473 1474 
757 1475 1466 1476 1473 
758 1473 1476 1469 1477 
759 1474 1473 1477 1426 
760 85 1479 1478 1146 
761 1479 47 1480 1478 
762 1478 1480 86 655 
763 1146 1478 655 84 
764 84 1482 1481 1320 
765 1482 655 1483 1481 
766 1494 1495 87 1496 
767 1452 1494 1496 1378 
768 1468 1502 1500 1501 
769 1502 1490 1503 1500 
770 1500 1503 1493 1504 
771 1501 1500 1504 1428 
772 1510 660 1511 1509 
773 1492 1518 1516 1517 
774 1518 1509 1519 1516 
775 1516 1519 1512 1520 
776 1517 1516 1520 1462 
777 1522 1484 1523 1521 
778 660 1525 1524 1511 
779 1525 1506 1526 1524 
780 1506 1533 1532 1526 
781 1533 707 1534 1532 
782 1536 1537 675 1538 
783 1495 1536 1538 87 
784 1524 1544 1542 1543 
785 1544 1526 1545 1542 
786 1542 1545 1505 1546 
787 1543 1542 1546 1527 
788 1484 1551 1550 1523 
789 1551 1486 1552 1550 
790 1550 1552 670 1529 
791 707 1554 1553 1534 
792 1554 1529 1555 1553 
793 1532 1562 1560 1561 
794 1562 1534 1563 1560 
795 1560 1563 1507 1564 
796 1561 1560 1564 1535 
797 1529 1570 1569 1555 
798 1570 670 1571 1569 
799 1573 1574 667 710 
800 1537 1573 710 675 
801 1555 1581 1579 1580 
802 1581 1569 1582 1579 
803 1579 1582 1572 1583 
804 1580 1579 1583 1528 
805 1486 1585 1584 1552 
806 1585 1547 1586 1584 
807 1584 1586 698 1566 
808 1552 1584 1566 670 
809 670 1588 1587 1571 
810 1588 1566 1589 1587 
811 1591 1592 687 702 
812 1574 1591 702 667 
813 1571 1598 1596 1597 
814 1598 1587 1599 1596 
815 1596 1599 1590 1600 
816 1597 1596 1600 1530 
817 1566 1609 1608 1589 
818 1609 698 1610 1608 
819 655 1613 1612 1483 
820 1613 86 1614 1612 
821 1547 1619 1618 1586 
822 1619 1549 1620 1618 
823 1618 1620 672 1605 
824 1586 1618 1605 698 
825 698 1622 1621 1610 
826 1622 1605 1623 1621 
827 1621 1623 1604 1624 
828 1608 1630 1628 1629 
829 1630 1610 1631 1628 
830 1628 1631 1567 1632 
831 1629 1628 1632 1611 
832 1605 1638 1637 1623 
833 1638 672 1639 1637 
834 1637 1639 1606 1640 
835 1641 1642 638 747 
836 1592 1641 747 687 
837 1604 1640 1643 1644 
838 1640 1606 1645 1643 
839 1644 1643 1646 1607 
840 1623 1649 1647 1648 
841 1649 1637 1650 1647 
842 1647 1650 1640 1651 
843 1648 1647 1651 1604 
844 1549 1653 1652 1620 
845 1653 1615 1654 1652 
846 1652 1654 1602 1634 
847 1620 1652 1634 672 
848 672 1656 1655 1639 
849 1656 1634 1657 1655 
850 1655 1657 1633 1658 
851 1639 1655 1658 1606 
852 1634 1672 1671 1657 
853 1672 1602 1673 1671 
854 1671 1673 1635 1674 
855 1675 1676 743 1677 
856 1642 1675 1677 638 
857 1674 1635 1680 1678 
858 1678 1680 1601 1681 
859 1657 1684 1682 1683 
860 1684 1671 1685 1682 
861 1682 1685 1674 1686 
862 1683 1682 1686 1633 
863 1615 1691 1690 1654 
864 1691 1617 1692 1690 
865 1690 1692 693 1668 
866 1654 1690 1668 1602 
867 1602 1694 1693 1673 
868 1694 1668 1695 1693 
869 1673 1693 1696 1635 
870 1668 1702 1701 1695 
871 1702 693 1703 1701 
872 1701 1703 1669 1704 
873 1695 1701 1704 1667 
874 1705 1706 683 1707 
875 1676 1705 1707 743 
876 1635 1696 1708 1680 
877 1680 1708 1710 1601 
878 1693 1713 1711 1712 
879 1713 1695 1714 1711 
880 1711 1714 1667 1715 
881 1712 1711 1715 1696 
882 1617 1717 1716 1692 
883 1717 1687 1718 1716 
884 1716 1718 1664 1698 
885 1692 1716 1698 693 
886 693 1720 1719 1703 
887 1720 1698 1721 1719 
888 1719 1721 1697 1722 
889 1703 1719 1722 1669 
890 1737 1738 1666 1739 
891 1706 1737 1739 683 
892 1697 1742 1740 1741 
893 1742 1699 1743 1740 
894 1740 1743 1663 1744 
895 1741 1740 1744 1700 
896 1745 1746 50 1747 
897 1738 1745 1747 1666 
898 1699 1749 1748 1743 
899 1749 1730 1750 1748 
900 1748 1750 1733 1751 
901 1743 1748 1751 1663 
902 48 1753 1752 1143 
903 1753 31 1754 1752 
904 1752 1754 49 652 
905 1143 1752 652 47 
906 47 1756 1755 1480 
907 1756 652 1757 1755 
908 1755 1757 651 691 
909 1480 1755 691 86 
910 86 1759 1758 1614 
911 1759 691 1760 1758 
912 1769 1732 1770 1768 
913 1768 1770 1665 1771 
914 1750 1768 1771 1733 
915 1687 1773 1772 1718 
916 1773 1689 1774 1772 
917 1772 1774 695 1731 
918 1718 1772 1731 1664 
919 1731 1777 1775 1776 
920 1777 695 1778 1775 
921 1775 1778 1732 1769 
922 1776 1775 1769 1730 
923 1730 1781 1779 1780 
924 1781 1769 1782 1779 
925 1779 1782 1768 1783 
926 1780 1779 1783 1750 
927 1784 1785 1723 1786 
928 1787 1788 1729 1789 
929 1746 1787 1789 50 
930 1732 1791 1790 1770 
931 1791 1764 1792 1790 
932 1790 1792 1767 1793 
933 1770 1790 1793 1665 
934 1764 1815 1814 1792 
935 1814 1816 1726 1817 
936 1792 1814 1817 1767 
937 1689 1819 1818 1774 
938 1819 1761 1820 1818 
939 1818 1820 1727 1765 
940 1774 1818 1765 695 
941 1765 1823 1821 1822 
942 1823 1727 1824 1821 
943 1821 1824 1766 1815 
944 1822 1821 1815 1764 
945 1825 1826 1662 1827 
946 1788 1825 1827 1729 
947 1766 1829 1828 1816 
948 1829 1810 1830 1828 
949 1828 1830 1813 1831 
950 1816 1828 1831 1726 
951 1815 1834 1832 1833 
952 1834 1766 1835 1832 
953 1832 1835 1816 1836 
954 1833 1832 1836 1814 
955 1810 1845 1844 1830 
956 1845 1812 1846 1844 
957 1844 1846 1728 1847 
958 1830 1844 1847 1813 
959 1854 1855 680 1856 
960 1857 1858 1724 1859 
961 1785 1857 1859 1723 
962 1860 1861 1809 1862 
963 1826 1860 1862 1662 
964 1812 1864 1863 1846 
965 1863 1865 1843 1866 
966 1846 1863 1866 1728 
967 1763 1869 1867 1868 
968 1869 1837 1870 1867 
969 1867 1870 1807 1841 
970 1868 1867 1841 1659 
971 1659 1873 1871 1872 
972 1873 1841 1874 1871 
973 1871 1874 1840 1864 
974 1872 1871 1864 1812 
975 1840 1884 1883 1865 
976 1884 1842 1885 1883 
977 1883 1885 1806 1886 
978 1865 1883 1886 1843 
979 1864 1889 1887 1888 
980 1889 1840 1890 1887 
981 1887 1890 1865 1891 
982 1888 1887 1891 1863 
983 1892 1893 679 1894 
984 1861 1892 1894 1809 
985 1842 1896 1895 1885 
986 1896 1879 1897 1895 
987 1895 1897 1882 1898 
988 1885 1895 1898 1806 
989 691 1900 1899 1760 
990 1900 651 1901 1899 
991 1879 1910 1909 1897 
992 1910 1881 1911 1909 
993 1909 1911 1808 1912 
994 1897 1909 1912 1882 
995 1913 1914 1854 1915 
996 1858 1913 1915 1724 
997 1881 1920 1919 1911 
998 1919 1921 1908 1922 
999 1911 1919 1922 1808 
1000 1839 1925 1923 1924 
1001 1925 1902 1926 1923 
1002 1923 1926 1876 1906 
1003 1924 1923 1906 1661 
1004 1661 1929 1927 1928 
1005 1929 1906 1930 1927 
1006 1927 1930 1905 1920 
1007 1928 1927 1920 1881 
1008 1905 1944 1943 1921 
1009 1944 1907 1945 1943 
1010 1943 1945 1875 1946 
1011 1921 1943 1946 1908 
1012 1920 1949 1947 1948 
1013 1949 1905 1950 1947 
1014 1947 1950 1921 1951 
1015 1948 1947 1951 1919 
1016 1907 1956 1955 1945 
1017 1956 1939 1957 1955 
1018 1955 1957 1942 1958 
1019 1945 1955 1958 1875 
1020 1939 1967 1966 1957 
1021 1967 1941 1968 1966 
1022 1966 1968 1877 1969 
1023 1957 1966 1969 1942 
1024 1970 1971 1851 1972 
1025 1855 1970 1972 680 
1026 1973 1974 1855 1975 
1027 1914 1973 1975 1854 
1028 1941 1980 1979 1968 
1029 1980 1962 1981 1979 
1030 1979 1981 1965 1982 
1031 1968 1979 1982 1877 
1032 1962 1992 1991 1981 
1033 1991 1993 1935 1994 
1034 1981 1991 1994 1965 
1035 1904 1997 1995 1996 
1036 1997 1959 1998 1995 
1037 1995 1998 1936 1963 
1038 1996 1995 1963 1802 
1039 1963 2001 1999 2000 
1040 2001 1936 2002 1999 
1041 1999 2002 1964 1992 
1042 2000 1999 1992 1962 
1043 1964 2007 2006 1993 
1044 2007 1987 2008 2006 
1045 2006 2008 1990 2009 
1046 1993 2006 2009 1935 
1047 1992 2012 2010 2011 
1048 2012 1964 2013 2010 
1049 2010 2013 1993 2014 
1050 2011 2010 2014 1991 
1051 652 2016 2015 1757 
1052 2016 49 2017 2015 
1053 2015 2017 653 1799 
1054 1757 2015 1799 651 
1055 651 2019 2018 1901 
1056 2019 1799 2020 2018 
1057 1987 2029 2028 2008 
1058 2029 1989 2030 2028 
1059 2028 2030 1937 2031 
1060 2008 2028 2031 1990 
1061 2032 2033 1970 2034 
1062 1974 2032 2034 1855 
1063 1989 2039 2038 2030 
1064 2039 2024 2040 2038 
1065 2038 2040 2027 2041 
1066 2030 2038 2041 1937 
1067 2024 2059 2058 2040 
1068 2059 2026 2060 2058 
1069 2058 2060 1983 2061 
1070 2040 2058 2061 2027 
1071 2026 2066 2065 2060 
1072 2066 2054 2067 2065 
1073 2065 2067 2057 2068 
1074 2060 2065 2068 1983 
1075 2054 2077 2076 2067 
1076 2077 2056 2078 2076 
1077 2076 2078 1985 2079 
1078 2067 2076 2079 2057 
1079 2080 2081 1848 2082 
1080 2083 2084 1852 2085 
1081 1971 2083 2085 1851 
1082 2086 2087 1971 2088 
1083 2033 2086 2088 1970 
1084 2056 2093 2092 2078 
1085 2093 2072 2094 2092 
1086 2092 2094 2075 2095 
1087 2078 2092 2095 1985 
1088 2072 2105 2104 2094 
1089 2105 2074 2106 2104 
1090 2104 2106 2050 2107 
1091 2094 2104 2107 2075 
1092 2074 2112 2111 2106 
1093 2112 2100 2113 2111 
1094 2111 2113 2103 2114 
1095 2106 2111 2114 2050 
1096 1799 2116 2115 2020 
1097 2116 653 2117 2115 
1098 2100 2126 2125 2113 
1099 2126 2102 2127 2125 
1100 2129 2130 2083 2131 
1101 2087 2129 2131 1971 
1102 2103 2128 2135 2136 
1103 2128 2052 2137 2135 
1104 2135 2137 2109 2138 
1105 2136 2135 2138 2108 
1106 2113 2141 2139 2140 
1107 2141 2125 2142 2139 
1108 2139 2142 2128 2143 
1109 2140 2139 2143 2103 
1110 2167 2169 2081 2170 
1111 2168 2167 2170 2080 
1112 2183 2184 2160 2185 
1113 2169 2183 2185 2081 
1114 2186 2188 2169 2189 
1115 2187 2186 2189 2167 
1116 32 2196 2195 1140 
1117 2196 15 2197 2195 
1118 2195 2197 33 649 
1119 1140 2195 649 31 
1120 31 2199 2198 1754 
1121 2199 649 2200 2198 
1122 2198 2200 648 1795 
1123 1754 2198 1795 49 
1124 49 2202 2201 2017 
1125 2202 1795 2203 2201 
1126 2201 2203 1794 2043 
1127 2017 2201 2043 653 
1128 2043 2206 2204 2205 
1129 2206 1794 2207 2204 
1130 2204 2207 2044 2154 
1131 2205 2204 2154 2042 
1132 2154 2210 2208 2209 
1133 2210 2044 2211 2208 
1134 2208 2211 2155 2173 
1135 2209 2208 2173 2152 
1136 2152 2214 2212 2213 
1137 2214 2173 2215 2212 
1138 2212 2215 2171 2192 
1139 2213 2212 2192 2172 
1140 2192 2226 2224 2225 
1141 2226 2171 2227 2224 
1142 2224 2227 2193 2228 
1143 2225 2224 2228 2190 
1144 2173 2230 2229 2215 
1145 2230 2155 2231 2229 
1146 2229 2231 2174 2221 
1147 2215 2229 2221 2171 
1148 2171 2233 2232 2227 
1149 2233 2221 2234 2232 
1150 2232 2234 2220 2235 
1151 2227 2232 2235 2193 
1152 2236 2237 2183 2238 
1153 2188 2236 2238 2169 
1154 2221 2244 2243 2234 
1155 2244 2174 2245 2243 
1156 2243 2245 2222 2246 
1157 2234 2243 2246 2220 
1158 1795 2248 2247 2203 
1159 2248 648 2249 2247 
1160 2247 2249 1796 2149 
1161 2203 2247 2149 1794 
1162 1794 2251 2250 2207 
1163 2251 2149 2252 2250 
1164 2250 2252 2148 2164 
1165 2207 2250 2164 2044 
1166 2044 2254 2253 2211 
1167 2254 2164 2255 2253 
1168 2253 2255 2163 2217 
1169 2211 2253 2217 2155 
1170 2155 2257 2256 2231 
1171 2257 2217 2258 2256 
1172 2256 2258 2216 2240 
1173 2231 2256 2240 2174 
1174 2240 2277 2275 2276 
1175 2277 2216 2278 2275 
1176 2275 2278 2241 2279 
1177 2276 2275 2279 2239 
1178 2217 2281 2280 2258 
1179 2281 2163 2282 2280 
1180 2280 2282 2218 2272 
1181 2258 2280 2272 2216 
1182 2216 2284 2283 2278 
1183 2284 2272 2285 2283 
1184 2283 2285 2271 2286 
1185 2278 2283 2286 2241 
1186 2290 2291 2161 2292 
1187 2184 2290 2292 2160 
1188 2293 2294 2184 2295 
1189 2237 2293 2295 2183 
1190 2272 2301 2300 2285 
1191 2301 2218 2302 2300 
1192 2300 2302 2273 2303 
1193 2285 2300 2303 2271 
1194 2164 2305 2304 2255 
1195 2305 2148 2306 2304 
1196 2304 2306 2165 2268 
1197 2255 2304 2268 2163 
1198 2163 2308 2307 2282 
1199 2308 2268 2309 2307 
1200 2307 2309 2267 2297 
1201 2282 2307 2297 2218 
1202 2218 2311 2310 2302 
1203 2311 2297 2312 2310 
1204 2310 2312 2296 2313 
1205 2302 2310 2313 2273 
1206 2322 2323 2290 2324 
1207 2294 2322 2324 2184 
1208 2325 2327 2294 2328 
1209 2326 2325 2328 2293 
1210 2298 2331 2329 2330 
1211 2331 2318 2332 2329 
1212 2329 2332 2321 2333 
1213 2330 2329 2333 2270 
1214 2318 2339 2338 2332 
1215 2339 2320 2340 2338 
1216 2338 2340 2151 2341 
1217 2332 2338 2341 2321 
1218 2342 2343 2322 2344 
1219 2327 2342 2344 2294 
1220 2320 2346 2345 2340 
1221 2346 2334 2347 2345 
1222 2345 2347 2337 2348 
1223 2340 2345 2348 2151 
1224 2334 2362 2361 2347 
1225 2362 2336 2363 2361 
1226 2361 2363 2317 2364 
1227 2347 2361 2364 2337 
1228 2368 2369 2291 2370 
1229 2323 2368 2370 2290 
1230 2375 2376 2323 2377 
1231 2343 2375 2377 2322 
1232 2357 2380 2378 2379 
1233 2380 2359 2381 2378 
1234 2378 2381 2266 2382 
1235 2379 2378 2382 2360 
1236 2383 2384 2368 2385 
1237 2376 2383 2385 2323 
1238 2359 2387 2386 2381 
1239 2387 2371 2388 2386 
1240 2386 2388 2374 2389 
1241 2381 2386 2389 2266 
1242 2371 2399 2398 2388 
1243 2399 2373 2400 2398 
1244 2398 2400 2356 2401 
1245 2388 2398 2401 2374 
1246 2402 2403 2365 2404 
1247 2369 2402 2404 2291 
1248 2409 2410 2369 2411 
1249 2384 2409 2411 2368 
1250 2394 2414 2412 2413 
1251 2414 2396 2415 2412 
1252 2412 2415 630 2416 
1253 2413 2412 2416 2397 
1254 2417 2418 2402 2419 
1255 2410 2417 2419 2369 
1256 2396 2421 2420 2415 
1257 2421 2405 2422 2420 
1258 2420 2422 2408 2423 
1259 2415 2420 2423 630 
1260 2452 2453 2366 2454 
1261 2403 2452 2454 2365 
1262 2455 2456 2403 2457 
1263 2418 2455 2457 2402 
1264 2407 2460 2458 2459 
1265 2460 2440 2461 2458 
1266 2458 2461 2443 2462 
1267 2459 2458 2462 2393 
1268 2440 2468 2467 2461 
1269 2468 2442 2469 2467 
1270 2467 2469 2352 2470 
1271 2461 2467 2470 2443 
1272 2471 2472 2452 2473 
1273 2456 2471 2473 2403 
1274 2442 2475 2474 2469 
1275 2475 2463 2476 2474 
1276 2474 2476 2466 2477 
1277 2469 2474 2477 2352 
1278 2486 2487 2449 2488 
1279 2453 2486 2488 2366 
1280 2489 2490 2453 2491 
1281 2472 2489 2491 2452 
1282 2465 2494 2492 2493 
1283 2494 2482 2495 2492 
1284 2492 2495 2485 2496 
1285 2493 2492 2496 2439 
1286 2482 2502 2501 2495 
1287 2502 2484 2503 2501 
1288 2501 2503 2262 2504 
1289 2495 2501 2504 2485 
1290 2517 2518 2486 2519 
1291 2490 2517 2519 2453 
1292 2497 2522 2520 2521 
1293 2522 2499 2523 2520 
1294 2520 2523 2481 2524 
1295 2521 2520 2524 2500 
1296 2531 2532 2487 2533 
1297 2518 2531 2533 2486 
1298 2499 2535 2534 2523 
1299 2535 2513 2536 2534 
1300 2534 2536 2516 2537 
1301 2523 2534 2537 2481 
1302 2542 2543 2528 2544 
1303 2532 2542 2544 2487 
1304 2515 2547 2545 2546 
1305 2547 2538 2548 2545 
1306 2545 2548 2541 2549 
1307 2546 2545 2549 2435 
1308 2538 2559 2558 2548 
1309 2559 2540 2560 2558 
1310 2558 2560 2512 2561 
1311 2548 2558 2561 2541 
1312 2569 2570 2529 2571 
1313 2543 2569 2571 2528 
1314 2554 2574 2572 2573 
1315 2574 2556 2575 2572 
1316 2572 2575 2147 2576 
1317 2573 2572 2576 2557 
1318 2577 2578 2562 2579 
1319 2570 2577 2579 2529 
1320 2556 2581 2580 2575 
1321 2581 2565 2582 2580 
1322 2580 2582 2568 2583 
1323 2575 2580 2583 2147 
1324 2609 2610 2563 2611 
1325 2578 2609 2611 2562 
1326 2567 2614 2612 2613 
1327 2614 2596 2615 2612 
1328 2612 2615 2599 2616 
1329 2613 2612 2616 2553 
1330 2596 2622 2621 2615 
1331 2622 2598 2623 2621 
1332 2621 2623 2508 2624 
1333 2615 2621 2624 2599 
1334 2617 2638 2636 2637 
1335 2638 2619 2639 2636 
1336 2636 2639 2595 2640 
1337 2637 2636 2640 2620 
1338 2619 2648 2647 2639 
1339 2648 2629 2649 2647 
1340 2647 2649 2632 2650 
1341 2639 2647 2650 2595 
1342 2631 2660 2658 2659 
1343 2660 2651 2661 2658 
1344 2658 2661 2654 2662 
1345 2659 2658 2662 2431 
1346 2653 2686 2684 2685 
1347 2686 2671 2687 2684 
1348 2684 2687 2674 2688 
1349 2685 2684 2688 2628 
1350 2671 2694 2693 2687 
1351 2694 2673 2695 2693 
1352 2693 2695 2591 2696 
1353 2687 2693 2696 2674 
1354 2689 2710 2708 2709 
1355 2710 2691 2711 2708 
1356 2708 2711 2670 2712 
1357 2709 2708 2712 2692 
1358 2691 2720 2719 2711 
1359 2720 2701 2721 2719 
1360 2719 2721 2704 2722 
1361 2711 2719 2722 2670 
1362 2703 2732 2730 2731 
1363 2732 2723 2733 2730 
1364 2730 2733 2726 2734 
1365 2731 2730 2734 18 
1366 2725 2771 2769 2770 
1367 2771 2753 2772 2769 
1368 2769 2772 2756 2773 
1369 2770 2769 2773 2700 
1370 2753 2779 2778 2772 
1371 2779 2755 2780 2778 
1372 2778 2780 2666 2781 
1373 2772 2778 2781 2756 
1374 2774 2795 2793 2794 
1375 2795 2776 2796 2793 
1376 2793 2796 2752 2797 
1377 2794 2793 2797 2777 
1378 2786 2810 2808 2809 
1379 2810 2788 2811 2808 
1380 2808 2811 2587 2812 
1381 2809 2808 2812 2789 
1382 2788 2817 2816 2811 
1383 2817 2801 2818 2816 
1384 2816 2818 2804 2819 
1385 2811 2816 2819 2587 
1386 2803 2843 2841 2842 
1387 2843 2828 2844 2841 
1388 2841 2844 2831 2845 
1389 2842 2841 2845 2785 
1390 2830 2855 2853 2854 
1391 2855 2846 2856 2853 
1392 2853 2856 2849 2857 
1393 2854 2853 2857 2748 
1394 2846 2867 2866 2856 
1395 2867 2848 2868 2866 
1396 2866 2868 2827 2869 
1397 2856 2866 2869 2849 
1398 2862 2882 2880 2881 
1399 2882 2864 2883 2880 
1400 2880 2883 2427 2884 
1401 2881 2880 2884 2865 
1402 2898 2860 2899 2897 
1403 2873 2906 2904 2905 
1404 2906 2875 2907 2904 
1405 2904 2907 2861 2908 
1406 2905 2904 2908 2876 
1407 2900 2927 2925 2926 
1408 2927 2823 2928 2925 
1409 2925 2928 2919 2929 
1410 2926 2925 2929 2918 
1411 2860 2931 2930 2899 
1412 2931 2893 2932 2930 
1413 2930 2932 2896 2922 
1414 2823 2934 2933 2928 
1415 2934 2922 2935 2933 
1416 2933 2935 2921 2936 
1417 2928 2933 2936 2919 
1418 2893 2949 2948 2932 
1419 2949 2895 2950 2948 
1420 2948 2950 2744 2942 
1421 2932 2948 2942 2896 
1422 2896 2953 2951 2952 
1423 2953 2942 2954 2951 
1424 2951 2954 2941 2955 
1425 2952 2951 2955 2923 
1426 2895 2961 2960 2950 
1427 2961 2945 2962 2960 
1428 2960 2962 2938 2957 
1429 2950 2960 2957 2744 
1430 2744 2965 2963 2964 
1431 2965 2957 2966 2963 
1432 2963 2966 2956 2967 
1433 2964 2963 2967 2943 
1434 2945 2987 2986 2962 
1435 2987 2947 2988 2986 
1436 2986 2988 2892 2977 
1437 2962 2986 2977 2938 
1438 2938 2991 2989 2990 
1439 2991 2977 2992 2989 
1440 2989 2992 2976 2993 
1441 2990 2989 2993 2958 
1442 2947 2999 2998 2988 
1443 2999 2983 3000 2998 
1444 2998 3000 2973 2995 
1445 2988 2998 2995 2892 
1446 2892 3003 3001 3002 
1447 3003 2995 3004 3001 
1448 3001 3004 2994 3005 
1449 3002 3001 3005 2978 
1450 2995 3015 3014 3004 
1451 3015 2973 3016 3014 
1452 3014 3016 2996 3017 
1453 3004 3014 3017 2994 
1454 2983 3022 3021 3000 
1455 3022 2985 3023 3021 
1456 3021 3023 873 3011 
1457 3000 3021 3011 2973 
1458 3011 3030 3028 3029 
1459 3030 873 3031 3028 
1460 3028 3031 3012 3032 
1461 3029 3028 3032 3010 
1462 2985 3034 3033 3023 
1463 3034 3018 3035 3033 
1464 3033 3035 3007 3025 
1465 3023 3033 3025 873 
1466 3025 3058 3056 3057 
1467 3058 3007 3059 3056 
1468 3056 3059 3026 3060 
1469 3057 3056 3060 3024 
1470 3018 3074 3073 3035 
1471 3074 3020 3075 3073 
1472 3073 3075 2969 3053 
1473 3035 3073 3053 3007 
1474 3053 3082 3080 3081 
1475 3082 2969 3083 3080 
1476 3080 3083 3054 3084 
1477 3081 3080 3084 3052 
1478 3020 3086 3085 3075 
1479 3086 3070 3087 3085 
1480 3085 3087 3049 3077 
1481 3075 3085 3077 2969 
1482 3077 3098 3096 3097 
1483 3098 3049 3099 3096 
1484 3096 3099 3078 3100 
1485 3097 3096 3100 3076 
1486 3070 3105 3104 3087 
1487 3105 3072 3106 3104 
1488 3104 3106 2888 3093 
1489 3087 3104 3093 3049 
1490 3093 3113 3111 3112 
1491 3113 2888 3114 3111 
1492 3111 3114 3094 3115 
1493 3049 3117 3116 3099 
1494 3117 3093 3112 3116 
1495 3116 3112 3092 3118 
1496 3099 3116 3118 3078 
1497 28 628 3119 713 
1498 628 29 3120 3119 
1499 3119 3120 3 3121 
1500 713 3119 3121 30 
1501 45 875 3122 3123 
1502 875 625 3124 3122 
1503 3122 3124 628 3125 
1504 3123 3122 3125 28 
1505 3126 3128 625 3129 
1506 3127 3126 3129 875 
1507 2968 3051 3138 3139 
1508 3051 2970 3140 3138 
1509 3138 3140 2909 3141 
1510 3139 3138 3141 2971 
1511 3142 3144 2970 3145 
1512 3143 3142 3145 3051 
1513 3092 3115 3146 3147 
1514 3115 3094 3148 3146 
1515 3146 3148 3050 3149 
1516 3147 3146 3149 3095 
1517 3112 3152 3150 3151 
1518 3152 3111 3153 3150 
1519 3150 3153 3115 3154 
1520 3151 3150 3154 3092 
1521 3183 3161 3184 3181 
1522 3172 3191 3189 3190 
1523 3191 3041 3192 3189 
1524 3156 3200 3198 3199 
1525 3200 3172 3190 3198 
1526 3209 3211 3040 3212 
1527 3210 3209 3212 3158 
1528 3190 3219 3217 3218 
1529 3219 3189 3220 3217 
1530 3217 3220 3193 3221 
1531 3218 3217 3221 3170 
1532 3161 3223 3222 3184 
1533 3223 3178 3224 3222 
1534 3222 3224 3167 3186 
1535 3041 3226 3225 3192 
1536 3226 3186 3227 3225 
1537 3189 3230 3229 3220 
1538 3230 3192 3231 3229 
1539 3229 3231 3173 3232 
1540 3220 3229 3232 3193 
1541 3186 3242 3241 3227 
1542 3242 3167 3243 3241 
1543 3248 3249 3169 3250 
1544 3211 3248 3250 3040 
1545 3225 3256 3254 3255 
1546 3256 3227 3257 3254 
1547 3254 3257 3185 3258 
1548 3255 3254 3258 3228 
1549 3178 3263 3262 3224 
1550 3263 3180 3264 3262 
1551 3262 3264 626 3238 
1552 3224 3262 3238 3167 
1553 3167 3266 3265 3243 
1554 3266 3238 3267 3265 
1555 3241 3274 3272 3273 
1556 3274 3243 3275 3272 
1557 3272 3275 3187 3276 
1558 3273 3272 3276 3244 
1559 3238 3282 3281 3267 
1560 3282 626 3283 3281 
1561 3285 3286 3042 3287 
1562 3249 3285 3287 3169 
1563 3265 3293 3291 3292 
1564 3293 3267 3294 3291 
1565 3291 3294 3237 3295 
1566 3292 3291 3295 3268 
1567 3180 3297 3296 3264 
1568 3297 3259 3298 3296 
1569 3296 3298 3234 3278 
1570 3264 3296 3278 626 
1571 626 3300 3299 3283 
1572 3300 3278 3301 3299 
1573 3281 3308 3306 3307 
1574 3308 3283 3309 3306 
1575 3306 3309 3239 3310 
1576 3307 3306 3310 3284 
1577 3278 3328 3327 3301 
1578 3328 3234 3329 3327 
1579 625 882 3331 3124 
1580 882 627 3332 3331 
1581 3331 3332 29 3333 
1582 3124 3331 3333 628 
1583 3334 3335 882 3336 
1584 3128 3334 3336 625 
1585 3343 3344 3236 3345 
1586 3286 3343 3345 3042 
1587 3299 3351 3349 3350 
1588 3351 3301 3352 3349 
1589 3349 3352 3277 3353 
1590 3350 3349 3353 3302 
1591 3259 3364 3363 3298 
1592 3364 3261 3365 3363 
1593 3363 3365 3163 3324 
1594 3298 3363 3324 3234 
1595 3234 3367 3366 3329 
1596 3367 3324 3368 3366 
1597 3366 3368 3323 3369 
1598 3327 3375 3373 3374 
1599 3375 3329 3376 3373 
1600 3373 3376 3279 3377 
1601 3374 3373 3377 3330 
1602 3386 3388 3317 3389 
1603 3397 3400 3384 3401 
1604 3398 3397 3401 3382 
1605 3405 3407 3393 3408 
1606 3400 3405 3408 3384 
1607 3409 3411 3395 3412 
1608 3407 3409 3412 3393 
1609 406 3417 3416 425 
1610 3417 414 3418 3416 
1611 3416 3418 417 3419 
1612 414 3425 3424 3418 
1613 3425 416 3426 3424 
1614 3424 3426 399 3427 
1615 3418 3424 3427 417 
1616 416 3431 3430 3426 
1617 3431 3420 3432 3430 
1618 3430 3432 3423 3433 
1619 3426 3430 3433 399 
1620 3420 3437 3436 3432 
1621 3437 3422 3438 3436 
1622 3436 3438 136 3439 
1623 3432 3436 3439 3423 
1624 2102 3441 3440 2127 
1625 3441 2121 3442 3440 
1626 3440 3442 2124 3443 
1627 2052 3443 3444 2137 
1628 3443 2124 3445 3444 
1629 3444 3445 2132 3446 
1630 2137 3444 3446 2109 
1631 2127 3449 3447 3448 
1632 3449 3440 3450 3447 
1633 3447 3450 3443 3451 
1634 3448 3447 3451 2052 
1635 2121 3461 3460 3442 
1636 3461 2123 3462 3460 
1637 3460 3462 2096 3463 
1638 3442 3460 3463 2124 
1639 2123 3468 3467 3462 
1640 3468 3456 3469 3467 
1641 3467 3469 3459 3470 
1642 3462 3467 3470 2096 
1643 3456 3479 3478 3469 
1644 3479 3458 3480 3478 
1645 3478 3480 2098 3481 
1646 3469 3478 3481 3459 
1647 3482 2168 2080 3483 
1648 2084 3482 3483 1852 
1649 3484 3485 2084 3486 
1650 2130 3484 3486 2083 
1651 3458 3491 3490 3480 
1652 3491 3474 3492 3490 
1653 3490 3492 3477 3493 
1654 3480 3490 3493 2098 
1655 3503 2048 3504 3502 
1656 3505 3506 3482 3507 
1657 3485 3505 3507 2084 
1658 3499 3514 3512 3513 
1659 3514 3454 3515 3512 
1660 3512 3515 3500 3516 
1661 3513 3512 3516 3498 
1662 653 3518 3517 2117 
1663 3518 2043 2205 3517 
1664 3520 2177 3521 3519 
1665 2048 3523 3522 3504 
1666 3523 3495 3524 3522 
1667 3522 3524 3494 3509 
1668 3454 3526 3525 3515 
1669 3526 3509 3527 3525 
1670 3525 3527 3508 3528 
1671 3515 3525 3528 3500 
1672 3509 3537 3536 3527 
1673 3537 3494 3538 3536 
1674 3536 3538 3510 3539 
1675 3527 3536 3539 3508 
1676 3495 3541 3540 3524 
1677 3541 2176 3542 3540 
1678 3540 3542 3496 3533 
1679 3524 3540 3533 3494 
1680 3494 3544 3543 3538 
1681 3544 3533 3545 3543 
1682 3543 3545 3532 3546 
1683 3538 3543 3546 3510 
1684 3547 3548 2168 3549 
1685 3506 3547 3549 3482 
1686 3533 3555 3554 3545 
1687 3555 3496 3556 3554 
1688 3554 3556 3534 3557 
1689 3545 3554 3557 3532 
1690 2177 3559 3558 3521 
1691 3559 2042 3560 3558 
1692 3558 3560 2153 3530 
1693 2176 3562 3561 3542 
1694 3562 3530 3563 3561 
1695 3561 3563 3529 3551 
1696 3542 3561 3551 3496 
1697 3496 3565 3564 3556 
1698 3565 3551 3566 3564 
1699 3564 3566 3550 3567 
1700 3556 3564 3567 3534 
1701 3551 3573 3572 3566 
1702 3573 3529 3574 3572 
1703 3572 3574 3552 3575 
1704 3566 3572 3575 3550 
1705 3530 3577 3576 3563 
1706 3577 2153 3578 3576 
1707 3576 3578 2180 3569 
1708 3563 3576 3569 3529 
1709 3529 3580 3579 3574 
1710 3580 3569 3581 3579 
1711 3579 3581 3568 3582 
1712 3574 3579 3582 3552 
1713 3583 2187 2167 3584 
1714 3548 3583 3584 2168 
1715 3569 3590 3589 3581 
1716 3590 2180 3591 3589 
1717 3589 3591 3570 3592 
1718 3581 3589 3592 3568 
1719 2042 3594 3593 3560 
1720 3594 2154 2209 3593 
1721 3593 2209 2152 2181 
1722 3560 3593 2181 2153 
1723 2153 3596 3595 3578 
1724 3596 2181 3597 3595 
1725 3595 3597 2179 3586 
1726 3578 3595 3586 2180 
1727 2180 3599 3598 3591 
1728 3599 3586 3600 3598 
1729 3598 3600 3585 3601 
1730 3591 3598 3601 3570 
1731 3586 3606 3605 3600 
1732 3606 2179 3607 3605 
1733 3605 3607 3587 3608 
1734 3600 3605 3608 3585 
1735 2181 3610 3609 3597 
1736 3610 2152 2213 3609 
1737 3609 2213 2172 3603 
1738 3597 3609 3603 2179 
1739 3603 3613 3611 3612 
1740 3613 2172 3614 3611 
1741 3611 3614 2191 3615 
1742 3612 3611 3615 3602 
1743 2172 3617 3616 3614 
1744 3617 2192 2225 3616 
1745 3616 2225 2190 3618 
1746 3614 3616 3618 2191 
1747 3072 3620 3619 3106 
1748 3620 3101 3621 3619 
1749 3619 3621 3089 3108 
1750 3106 3619 3108 2888 
1751 2888 3623 3622 3114 
1752 3623 3108 3624 3622 
1753 3622 3624 3107 3625 
1754 3114 3622 3625 3094 
1755 3101 3637 3636 3621 
1756 3637 3103 3638 3636 
1757 3636 3638 3045 3630 
1758 3621 3636 3630 3089 
1759 3089 3641 3639 3640 
1760 3641 3630 3642 3639 
1761 3639 3642 3629 3643 
1762 3640 3639 3643 3109 
1763 3103 3649 3648 3638 
1764 3649 3633 3650 3648 
1765 3648 3650 3627 3645 
1766 3638 3648 3645 3045 
1767 3045 3653 3651 3652 
1768 3653 3645 3654 3651 
1769 3651 3654 3644 3655 
1770 3652 3651 3655 3631 
1771 3633 3663 3662 3650 
1772 3663 3635 3664 3662 
1773 3662 3664 885 3657 
1774 3650 3662 3657 3627 
1775 3627 3667 3665 3666 
1776 3667 3657 3668 3665 
1777 3665 3668 3656 3669 
1778 3666 3665 3669 3646 
1779 3635 3675 3674 3664 
1780 3675 3660 3676 3674 
1781 3674 3676 3196 3671 
1782 3664 3674 3671 885 
1783 885 3679 3677 3678 
1784 3679 3671 3680 3677 
1785 3677 3680 3670 3681 
1786 3678 3677 3681 3658 
1787 3685 3210 3158 3687 
1788 3686 3685 3687 2910 
1789 3672 3694 3692 3693 
1790 3694 3682 3695 3692 
1791 3692 3695 3684 3696 
1792 3693 3692 3696 3194 
1793 3199 3701 3699 3700 
1794 3701 3198 3702 3699 
1795 3699 3702 3201 3703 
1796 3700 3699 3703 3171 
1797 3198 3705 3704 3702 
1798 3705 3190 3218 3704 
1799 3704 3218 3170 3706 
1800 3702 3704 3706 3201 
1801 136 3709 3707 3708 
1802 3709 947 3710 3707 
1803 3707 3710 945 3711 
1804 3708 3707 3711 946 
1805 947 3713 3712 3710 
1806 3713 930 963 3712 
1807 3712 963 941 3714 
1808 3710 3712 3714 945 
1809 180 932 3715 555 
1810 932 408 3716 3715 
1811 3715 3716 410 557 
1812 555 3715 557 139 
1813 929 944 3717 3718 
1814 944 931 3719 3717 
1815 3717 3719 408 3720 
1816 3718 3717 3720 932 
1817 941 966 3721 3722 
1818 966 940 3723 3721 
1819 3721 3723 944 3724 
1820 3722 3721 3724 929 
1821 940 974 3725 3723 
1822 974 943 3726 3725 
1823 3725 3726 931 3727 
1824 3723 3725 3727 944 
1825 408 939 3728 3716 
1826 939 409 3729 3728 
1827 3728 3729 91 570 
1828 3716 3728 570 410 
1829 931 970 3730 3719 
1830 970 936 3731 3730 
1831 3730 3731 939 3732 
1832 3719 3730 3732 408 
1833 943 981 3733 3726 
1834 981 967 3734 3733 
1835 3733 3734 970 3735 
1836 3726 3733 3735 931 
1837 967 993 3736 3734 
1838 993 969 3737 3736 
1839 3736 3737 936 3738 
1840 3734 3736 3738 970 
1841 936 989 3739 3731 
1842 989 938 3740 3739 
1843 3739 3740 409 3741 
1844 3731 3739 3741 939 
1845 969 1003 3742 3737 
1846 1003 986 3743 3742 
1847 3742 3743 989 3744 
1848 3737 3742 3744 936 
1849 986 3746 3745 3743 
1850 3746 988 3747 3745 
1851 3745 3747 938 3748 
1852 3743 3745 3748 989 
1853 1181 1203 3749 3750 
1854 1203 1105 3751 3749 
1855 3749 3751 1187 3752 
1856 3750 3749 3752 1186 
1857 1105 1216 3753 3751 
1858 1216 1199 3754 3753 
1859 3753 3754 1210 3755 
1860 3751 3753 3755 1187 
1861 1199 1232 3756 3754 
1862 1232 1174 3757 3756 
1863 3756 3757 1211 3758 
1864 3754 3756 3758 1210 
1865 1174 1239 3759 3757 
1866 1239 1228 3760 3759 
1867 3759 3760 1233 3761 
1868 3757 3759 3761 1211 
1869 1228 1253 3762 3760 
1870 1253 1176 3763 3762 
1871 3762 3763 1234 3764 
1872 3760 3762 3764 1233 
1873 1176 1263 3765 3763 
1874 1263 1249 3766 3765 
1875 3765 3766 1257 3767 
1876 3763 3765 3767 1234 
1877 1249 3769 3768 3766 
1878 3769 1221 3770 3768 
1879 3768 3770 1258 3771 
1880 3766 3768 3771 1257 
1881 1221 1279 3772 3770 
1882 1279 1271 3773 3772 
1883 3772 3773 1272 3774 
1884 3770 3772 3774 1258 
1885 1223 1302 3775 3776 
1886 1302 1286 3777 3775 
1887 3775 3777 1296 3778 
1888 3776 3775 3778 1273 
1889 1286 1317 3779 3777 
1890 1317 1264 3780 3779 
1891 3779 3780 1297 3781 
1892 3777 3779 3781 1296 
1893 1264 3783 3782 3780 
1894 3783 1313 3784 3782 
1895 3782 3784 1331 3785 
1896 3780 3782 3785 1297 
1897 1267 1333 3786 3787 
1898 1333 1217 3788 3786 
1899 3786 3788 1294 3789 
1900 3787 3786 3789 1293 
1901 1331 3792 3790 3791 
1902 3792 1332 3793 3790 
1903 3790 3793 1217 3794 
1904 3791 3790 3794 1333 
1905 1217 1344 3795 3788 
1906 1344 1309 3796 3795 
1907 3795 3796 1339 3797 
1908 3788 3795 3797 1294 
1909 1332 3799 3798 3793 
1910 3799 1342 3800 3798 
1911 3798 3800 1344 3801 
1912 3793 3798 3801 1217 
1913 1309 1359 3802 3796 
1914 1359 1219 3803 3802 
1915 3802 3803 1340 3804 
1916 3796 3802 3804 1339 
1917 1343 3807 3805 3806 
1918 3807 1357 3808 3805 
1919 3805 3808 1359 3809 
1920 3806 3805 3809 1309 
1921 1357 3811 3810 3808 
1922 3811 1358 3812 3810 
1923 3810 3812 1219 3813 
1924 3808 3810 3813 1359 
1925 1219 1392 3814 3803 
1926 1392 1352 3815 3814 
1927 3814 3815 1387 3816 
1928 3803 3814 3816 1340 
1929 1358 3818 3817 3812 
1930 3818 1390 3819 3817 
1931 3817 3819 1392 3820 
1932 3812 3817 3820 1219 
1933 1352 1410 3821 3815 
1934 1410 1303 3822 3821 
1935 3821 3822 1388 3823 
1936 3815 3821 3823 1387 
1937 1391 3826 3824 3825 
1938 3826 1408 3827 3824 
1939 3824 3827 1410 3828 
1940 3825 3824 3828 1352 
1941 1408 3830 3829 3827 
1942 3830 1409 3831 3829 
1943 3829 3831 1303 3832 
1944 3827 3829 3832 1410 
1945 1303 1421 3833 3822 
1946 1421 1382 3834 3833 
1947 3833 3834 1416 3835 
1948 3822 3833 3835 1388 
1949 1419 3838 3836 3837 
1950 3838 1420 3839 3836 
1951 3836 3839 1382 3840 
1952 3837 3836 3840 1421 
1953 1382 1436 3841 3834 
1954 1436 1305 3842 3841 
1955 3841 3842 1417 3843 
1956 3834 3841 3843 1416 
1957 1434 3846 3844 3845 
1958 3846 1435 3847 3844 
1959 3844 3847 1305 3848 
1960 3845 3844 3848 1436 
1961 1305 1456 3849 3842 
1962 1456 1429 3850 3849 
1963 3849 3850 1451 3851 
1964 3842 3849 3851 1417 
1965 1435 3853 3852 3847 
1966 3853 1454 3854 3852 
1967 3852 3854 1456 3855 
1968 3847 3852 3855 1305 
1969 1429 1472 3856 3850 
1970 1472 1376 3857 3856 
1971 3856 3857 1452 3858 
1972 3850 3856 3858 1451 
1973 1455 3861 3859 3860 
1974 3861 1470 3862 3859 
1975 3859 3862 1472 3863 
1976 3860 3859 3863 1429 
1977 1376 1499 3864 3857 
1978 1499 1465 3865 3864 
1979 3864 3865 1494 3866 
1980 3857 3864 3866 1452 
1981 1471 3869 3867 3868 
1982 3869 1497 3870 3867 
1983 3867 3870 1499 3871 
1984 3868 3867 3871 1376 
1985 1465 1515 3872 3865 
1986 1515 706 3873 3872 
1987 3872 3873 1495 3874 
1988 3865 3872 3874 1494 
1989 1498 3877 3875 3876 
1990 3877 1513 3878 3875 
1991 3875 3878 1515 3879 
1992 3876 3875 3879 1465 
1993 706 1541 3880 3873 
1994 1541 1508 3881 3880 
1995 3880 3881 1536 3882 
1996 3873 3880 3882 1495 
1997 1514 3885 3883 3884 
1998 3885 1539 3886 3883 
1999 3883 3886 1541 3887 
2000 3884 3883 3887 706 
2001 1508 1559 3888 3881 
2002 1559 705 3889 3888 
2003 3888 3889 1537 3890 
2004 3881 3888 3890 1536 
2005 1540 3893 3891 3892 
2006 3893 1557 3894 3891 
2007 3891 3894 1559 3895 
2008 3892 3891 3895 1508 
2009 705 3897 3898 3889 
2010 3897 1531 3899 3898 
2011 3898 3899 1573 3900 
2012 3889 3898 3900 1537 
2013 1558 3903 3901 3902 
2014 3903 3896 3904 3901 
2015 3901 3904 3897 3905 
2016 3902 3901 3905 705 
2017 1531 1578 3906 3899 
2018 1578 697 3907 3906 
2019 3906 3907 1574 3908 
2020 3899 3906 3908 1573 
2021 1575 3911 3909 3910 
2022 3911 1577 3912 3909 
2023 3909 3912 697 3913 
2024 3910 3909 3913 1578 
2025 697 1595 3914 3907 
2026 1595 1568 3915 3914 
2027 3914 3915 1591 3916 
2028 3907 3914 3916 1574 
2029 1593 3919 3917 3918 
2030 3919 1594 3920 3917 
2031 3917 3920 1568 3921 
2032 3918 3917 3921 1595 
2033 1624 1604 1644 3922 
2034 3922 1644 1607 3923 
2035 696 3923 3924 3925 
2036 3923 1607 3926 3924 
2037 3924 3926 1641 3927 
2038 3925 3924 3927 1592 
2039 1626 3930 3928 3929 
2040 3930 3922 3931 3928 
2041 3928 3931 3923 3932 
2042 3929 3928 3932 696 
2043 1606 1658 3933 1645 
2044 1658 1633 1679 3933 
2045 3933 1679 1636 3934 
2046 1645 3933 3934 699 
2047 1607 1646 3935 3926 
2048 1646 699 3936 3935 
2049 3935 3936 1642 3937 
2050 3926 3935 3937 1641 
2051 1643 3940 3938 3939 
2052 3940 1645 3941 3938 
2053 3938 3941 699 3942 
2054 3939 3938 3942 1646 
2055 1636 1681 3943 3944 
2056 1681 1601 3945 3943 
2057 3943 3945 1676 3946 
2058 3944 3943 3946 1675 
2059 1679 3949 3947 3948 
2060 3949 1678 3950 3947 
2061 3947 3950 1681 3951 
2062 3948 3947 3951 1636 
2063 1667 1704 3952 1709 
2064 1704 1669 3953 3952 
2065 3952 3953 1603 3954 
2066 1709 3952 3954 1670 
2067 1601 1710 3955 3945 
2068 1710 1670 3956 3955 
2069 3955 3956 1705 3957 
2070 3945 3955 3957 1676 
2071 1708 3960 3958 3959 
2072 3960 1709 3961 3958 
2073 3958 3961 1670 3962 
2074 3959 3958 3962 1710 
2075 1669 1722 3963 3953 
2076 1722 1697 1741 3963 
2077 3963 1741 1700 3964 
2078 3953 3963 3964 1603 
2079 1700 1744 3965 3966 
2080 1744 1663 3967 3965 
2081 3965 3967 1738 3968 
2082 3966 3965 3968 1737 
2083 1663 1751 3969 3967 
2084 3969 3970 1745 3971 
2085 3967 3969 3971 1738 
2086 1733 1771 3972 3970 
2087 1771 1665 3973 3972 
2088 3972 3973 1746 3974 
2089 3970 3972 3974 1745 
2090 1751 3977 3975 3976 
2091 3977 1733 3978 3975 
2092 3975 3978 3970 3979 
2093 3976 3975 3979 3969 
2094 1665 1793 3980 3973 
2095 3980 3981 1787 3982 
2096 3973 3980 3982 1746 
2097 1767 1817 3983 3981 
2098 1817 1726 3984 3983 
2099 3983 3984 1788 3985 
2100 3981 3983 3985 1787 
2101 1793 3988 3986 3987 
2102 3988 1767 3989 3986 
2103 3986 3989 3981 3990 
2104 3987 3986 3990 3980 
2105 1726 1831 3991 3984 
2106 1831 1813 3992 3991 
2107 3991 3992 1825 3993 
2108 3984 3991 3993 1788 
2109 1847 1728 3995 3994 
2110 3994 3995 1826 3996 
2111 3992 3994 3996 1825 
2112 1813 3999 3997 3998 
2113 3999 1847 4000 3997 
2114 3997 4000 3994 4001 
2115 3998 3997 4001 3992 
2116 1728 1866 4002 3995 
2117 1866 1843 4003 4002 
2118 4002 4003 1860 4004 
2119 3995 4002 4004 1826 
2120 1843 1886 4005 4003 
2121 4005 4006 1861 4007 
2122 4003 4005 4007 1860 
2123 1806 1898 4008 4006 
2124 1898 1882 4009 4008 
2125 4008 4009 1892 4010 
2126 4006 4008 4010 1861 
2127 1886 4013 4011 4012 
2128 4013 1806 4014 4011 
2129 4011 4014 4006 4015 
2130 4012 4011 4015 4005 
2131 1882 1912 4016 4009 
2132 1912 1808 4017 4016 
2133 4016 4017 1893 4018 
2134 4009 4016 4018 1892 
2135 1808 1922 4019 4017 
2136 1922 1908 4020 4019 
2137 4019 4020 1916 4021 
2138 4017 4019 4021 1893 
2139 1946 1875 4023 4022 
2140 4022 4023 1917 4024 
2141 4020 4022 4024 1916 
2142 1908 4027 4025 4026 
2143 4027 1946 4028 4025 
2144 4025 4028 4022 4029 
2145 4026 4025 4029 4020 
2146 1875 1958 4030 4023 
2147 1958 1942 4031 4030 
2148 4030 4031 1952 4032 
2149 4023 4030 4032 1917 
2150 1942 1969 4033 4031 
2151 1969 1877 4034 4033 
2152 4033 4034 1953 4035 
2153 4031 4033 4035 1952 
2154 1877 1982 4036 4034 
2155 1982 1965 4037 4036 
2156 4036 4037 1976 4038 
2157 4034 4036 4038 1953 
2158 1965 1994 4039 4037 
2159 1994 1935 4040 4039 
2160 4037 4039 4041 1976 
2161 1935 2009 4042 4040 
2162 2009 1990 4043 4042 
2163 4042 4043 2003 4044 
2164 4040 4042 4044 1977 
2165 1805 1978 4045 4046 
2166 1978 1938 4047 4045 
2167 4045 4047 1973 4048 
2168 4046 4045 4048 1914 
2169 1976 4041 4049 4050 
2170 4041 1977 4051 4049 
2171 4049 4051 1938 4052 
2172 4050 4049 4052 1978 
2173 4039 4055 4053 4054 
2174 4055 4040 4056 4053 
2175 4053 4056 1977 4057 
2176 4054 4053 4057 4041 
2177 1990 2031 4058 4043 
2178 2031 1937 4059 4058 
2179 4058 4059 2004 4060 
2180 4043 4058 4060 2003 
2181 1937 2041 4061 4059 
2182 2041 2027 4062 4061 
2183 4061 4062 2035 4063 
2184 4059 4061 4063 2004 
2185 2027 2061 4064 4062 
2186 2061 1983 4065 4064 
2187 4064 4065 2036 4066 
2188 4062 4064 4066 2035 
2189 1983 2068 4067 4065 
2190 2068 2057 4068 4067 
2191 4067 4068 2062 4069 
2192 4065 4067 4069 2036 
2193 2057 2079 4070 4068 
2194 2079 1985 4071 4070 
2195 4070 4071 2063 4072 
2196 4068 4070 4072 2062 
2197 1985 2095 4073 4071 
2198 2095 2075 4074 4073 
2199 4073 4074 2089 4075 
2200 1934 2091 4076 4077 
2201 2091 2053 4078 4076 
2202 4076 4078 2086 4079 
2203 4077 4076 4079 2033 
2204 2063 4075 4080 4081 
2205 4075 2089 4082 4080 
2206 4080 4082 2091 4083 
2207 4081 4080 4083 1934 
2208 4071 4086 4084 4085 
2209 4086 4073 4087 4084 
2210 4084 4087 4075 4088 
2211 4085 4084 4088 2063 
2212 2075 2107 4089 4074 
2213 2107 2050 4090 4089 
2214 4089 4090 2090 4091 
2215 4074 4089 4091 2089 
2216 2053 2110 4092 4078 
2217 2110 1801 4093 4092 
2218 4092 4093 2087 4094 
2219 4078 4092 4094 2086 
2220 2108 2138 4095 4096 
2221 2138 2109 4097 4095 
2222 4095 4097 1801 4098 
2223 4096 4095 4098 2110 
2224 1801 2134 4099 4093 
2225 2134 2099 4100 4099 
2226 4099 4100 2129 4101 
2227 4093 4099 4101 2087 
2228 2109 3446 4102 4097 
2229 3446 2132 4103 4102 
2230 4102 4103 2134 4104 
2231 4097 4102 4104 1801 
2232 2132 4106 4105 4103 
2233 4106 2133 4107 4105 
2234 4105 4107 2099 4108 
2235 4103 4105 4108 2134 
2236 4109 4111 2187 4112 
2237 4110 4109 4112 3583 
2238 4113 4114 2186 4115 
2239 4111 4113 4115 2187 
2240 3604 4118 4116 4117 
2241 4118 2156 4119 4116 
2242 4116 4119 4111 4120 
2243 4117 4116 4120 4109 
2244 2156 4122 4121 4119 
2245 4122 2194 4123 4121 
2246 4121 4123 4113 4124 
2247 4119 4121 4124 4111 
2248 4125 4126 2188 4127 
2249 4114 4125 4127 2186 
2250 2194 4129 4128 4123 
2251 4129 2175 4130 4128 
2252 4128 4130 4114 4131 
2253 4123 4128 4131 4113 
2254 2175 4133 4132 4130 
2255 4133 2223 4134 4132 
2256 4132 4134 4125 4135 
2257 4130 4132 4135 4114 
2258 4136 4137 2236 4138 
2259 4126 4136 4138 2188 
2260 1797 4141 4139 4140 
2261 4141 2242 4142 4139 
2262 4139 4142 4136 4143 
2263 4140 4139 4143 4126 
2264 4144 4145 2237 4146 
2265 4137 4144 4146 2236 
2266 2242 4148 4147 4142 
2267 4148 2219 4149 4147 
2268 4147 4149 4137 4150 
2269 4142 4147 4150 4136 
2270 2219 4152 4151 4149 
2271 4152 2274 4153 4151 
2272 4151 4153 4144 4154 
2273 4149 4151 4154 4137 
2274 4155 2326 2293 4156 
2275 4145 4155 4156 2237 
2276 2274 4158 4157 4153 
2277 4158 2166 4159 4157 
2278 4157 4159 4145 4160 
2279 4153 4157 4160 4144 
2280 2166 4162 4161 4159 
2281 4162 2299 4163 4161 
2282 4161 4163 4155 4164 
2283 4159 4161 4164 4145 
2284 2270 2333 4165 4166 
2285 2333 2321 4167 4165 
2286 4165 4167 2325 4168 
2287 4166 4165 4168 2326 
2288 2321 2341 4169 4167 
2289 2341 2151 4170 4169 
2290 4169 4170 2327 4171 
2291 4167 4169 4171 2325 
2292 2151 2348 4172 4170 
2293 2348 2337 4173 4172 
2294 4172 4173 2342 4174 
2295 4170 4172 4174 2327 
2296 2337 2364 4175 4173 
2297 2364 2317 4176 4175 
2298 4175 4176 2343 4177 
2299 4173 4175 4177 2342 
2300 2360 2382 4178 4179 
2301 2382 2266 4180 4178 
2302 4178 4180 2376 4181 
2303 4179 4178 4181 2375 
2304 2266 2389 4182 4180 
2305 2389 2374 4183 4182 
2306 4182 4183 2383 4184 
2307 4180 4182 4184 2376 
2308 2374 2401 4185 4183 
2309 2401 2356 4186 4185 
2310 4185 4186 2384 4187 
2311 4183 4185 4187 2383 
2312 2397 2416 4188 4189 
2313 2416 630 4190 4188 
2314 4188 4190 2410 4191 
2315 4189 4188 4191 2409 
2316 630 2423 4192 4190 
2317 2423 2408 4193 4192 
2318 4192 4193 2417 4194 
2319 4190 4192 4194 2410 
2320 2408 4196 4195 4193 
2321 4196 2393 4197 4195 
2322 4195 4197 2418 4198 
2323 4193 4195 4198 2417 
2324 2443 2470 4199 4200 
2325 2470 2352 4201 4199 
2326 4199 4201 2456 4202 
2327 4200 4199 4202 2455 
2328 2352 2477 4203 4201 
2329 2477 2466 4204 4203 
2330 4203 4204 2471 4205 
2331 4201 4203 4205 2456 
2332 2439 2496 4206 4207 
2333 2496 2485 4208 4206 
2334 4206 4208 2489 4209 
2335 4207 4206 4209 2472 
2336 2485 2504 4210 4208 
2337 2504 2262 4211 4210 
2338 4210 4211 2490 4212 
2339 4208 4210 4212 2489 
2340 2262 4214 4213 4211 
2341 4214 2500 4215 4213 
2342 4213 4215 2517 4216 
2343 4211 4213 4216 2490 
2344 2481 2537 4217 4218 
2345 2537 2516 4219 4217 
2346 4217 4219 2531 4220 
2347 4218 4217 4220 2518 
2348 2516 4222 4221 4219 
2349 4222 2435 4223 4221 
2350 4221 4223 2532 4224 
2351 4219 4221 4224 2531 
2352 2541 2561 4225 4226 
2353 2561 2512 4227 4225 
2354 4225 4227 2543 4228 
2355 4226 4225 4228 2542 
2356 2512 4230 4229 4227 
2357 4230 2557 4231 4229 
2358 4229 4231 2569 4232 
2359 4227 4229 4232 2543 
2360 2147 2583 4233 4234 
2361 2583 2568 4235 4233 
2362 4233 4235 2577 4236 
2363 4234 4233 4236 2570 
2364 2568 4238 4237 4235 
2365 4238 2553 4239 4237 
2366 4237 4239 2578 4240 
2367 4235 4237 4240 2577 
2368 2599 2624 4241 4242 
2369 2624 2508 4243 4241 
2370 4241 4243 2610 4244 
2371 4242 4241 4244 2609 
2372 2508 4246 4245 4243 
2373 4246 2620 4247 4245 
2374 4245 4247 2633 4248 
2375 4243 4245 4248 2610 
2376 2595 2650 4249 4250 
2377 2650 2632 4251 4249 
2378 4249 4251 2644 4252 
2379 4250 4249 4252 2634 
2380 2632 4254 4253 4251 
2381 4254 2431 4255 4253 
2382 4253 4255 2645 4256 
2383 4251 4253 4256 2644 
2384 44 632 4257 716 
2385 632 45 3123 4257 
2386 4257 3123 28 4258 
2387 716 4257 4258 46 
2388 4259 4261 45 4262 
2389 4260 4259 4262 632 
2390 2446 2605 4267 4268 
2391 2605 2447 4269 4267 
2392 4267 4269 2158 4270 
2393 4268 4267 4270 2448 
2394 2526 2643 4271 4272 
2395 2643 2603 4273 4271 
2396 4271 4273 2605 4274 
2397 4272 4271 4274 2446 
2398 2607 2657 4275 4276 
2399 2657 2641 4277 4275 
2400 4275 4277 2643 4278 
2401 4276 4275 4278 2526 
2402 2655 4281 4279 4280 
2403 4281 2656 4282 4279 
2404 4279 4282 2641 4283 
2405 4280 4279 4283 2657 
2406 2641 2683 4284 4277 
2407 2683 2642 4285 4284 
2408 4284 4285 2603 4286 
2409 4277 4284 4286 2643 
2410 2681 4289 4287 4288 
2411 4289 2682 4290 4287 
2412 4287 4290 2642 4291 
2413 4288 4287 4291 2683 
2414 2603 2680 4292 4273 
2415 2680 2604 4293 4292 
2416 4292 4293 2447 4294 
2417 4273 4292 4294 2605 
2418 2642 2707 4295 4285 
2419 2707 2678 4296 4295 
2420 4295 4296 2680 4297 
2421 4285 4295 4297 2603 
2422 2682 4299 4298 4290 
2423 4299 2705 4300 4298 
2424 4298 4300 2707 4301 
2425 4290 4298 4301 2642 
2426 2678 2718 4302 4296 
2427 2718 2679 4303 4302 
2428 4302 4303 2604 4304 
2429 4296 4302 4304 2680 
2430 2706 4307 4305 4306 
2431 4307 2716 4308 4305 
2432 4305 4308 2718 4309 
2433 4306 4305 4309 2678 
2434 2716 4311 4310 4308 
2435 4311 2717 4312 4310 
2436 4310 4312 2679 4313 
2437 4308 4310 4313 2718 
2438 4314 3127 875 4315 
2439 4261 4314 4315 45 
2440 2447 2677 4319 4269 
2441 2677 2600 4320 4319 
2442 4319 4320 2602 4321 
2443 4269 4319 4321 2158 
2444 2604 2715 4322 4293 
2445 2715 2675 4323 4322 
2446 4322 4323 2677 4324 
2447 4293 4322 4324 2447 
2448 2679 2729 4325 4303 
2449 2729 2713 4326 4325 
2450 4325 4326 2715 4327 
2451 4303 4325 4327 2604 
2452 2727 4330 4328 4329 
2453 4330 2728 4331 4328 
2454 4328 4331 2713 4332 
2455 4329 4328 4332 2729 
2456 2713 2768 4333 4326 
2457 2768 2714 4334 4333 
2458 4333 4334 2675 4335 
2459 4326 4333 4335 2715 
2460 2766 4338 4336 4337 
2461 4338 2767 4339 4336 
2462 4336 4339 2714 4340 
2463 4337 4336 4340 2768 
2464 2675 2765 4341 4323 
2465 2765 2676 4342 4341 
2466 4341 4342 2600 4343 
2467 4323 4341 4343 2677 
2468 2714 2792 4344 4334 
2469 2792 2763 4345 4344 
2470 4344 4345 2765 4346 
2471 4334 4344 4346 2675 
2472 2767 4348 4347 4339 
2473 4348 2790 4349 4347 
2474 4347 4349 2792 4350 
2475 4339 4347 4350 2714 
2476 2763 2807 4351 4345 
2477 2807 2764 4352 4351 
2478 4351 4352 2676 4353 
2479 4345 4351 4353 2765 
2480 2791 4356 4354 4355 
2481 4356 2805 4357 4354 
2482 4354 4357 2807 4358 
2483 4355 4354 4358 2763 
2484 2600 2762 4359 4320 
2485 2762 2601 4360 4359 
2486 4359 4360 2444 4361 
2487 4320 4359 4361 2602 
2488 2676 2800 4362 4342 
2489 2800 2760 4363 4362 
2490 4362 4363 2762 4364 
2491 4342 4362 4364 2600 
2492 2764 2815 4365 4352 
2493 2815 2798 4366 4365 
2494 4365 4366 2800 4367 
2495 4352 4365 4367 2676 
2496 2806 4370 4368 4369 
2497 4370 2813 4371 4368 
2498 4368 4371 2815 4372 
2499 4369 4368 4372 2764 
2500 2813 4374 4373 4371 
2501 4374 2814 4375 4373 
2502 4373 4375 2798 4376 
2503 4371 4373 4376 2815 
2504 2798 2840 4377 4366 
2505 2840 2799 4378 4377 
2506 4377 4378 2760 4379 
2507 4366 4377 4379 2800 
2508 2838 4382 4380 4381 
2509 4382 2839 4383 4380 
2510 4380 4383 2799 4384 
2511 4381 4380 4384 2840 
2512 2760 2837 4385 4363 
2513 2837 2761 4386 4385 
2514 4385 4386 2601 4387 
2515 4363 4385 4387 2762 
2516 2799 2852 4388 4378 
2517 2852 2835 4389 4388 
2518 4388 4389 2837 4390 
2519 4378 4388 4390 2760 
2520 2850 4393 4391 4392 
2521 4393 2851 4394 4391 
2522 4391 4394 2835 4395 
2523 4392 4391 4395 2852 
2524 2835 2879 4396 4389 
2525 4396 4397 2761 4398 
2526 4389 4396 4398 2837 
2527 2851 4400 4399 4394 
2528 4400 2877 4401 4399 
2529 4399 4401 2879 4402 
2530 4394 4399 4402 2835 
2531 2761 2872 4408 4386 
2532 2872 2832 4409 4408 
2533 4408 4409 2834 4410 
2534 4386 4408 4410 2601 
2535 4411 4412 2872 4413 
2536 4397 4411 4413 2761 
2537 2878 4416 4414 4415 
2538 4416 2901 4417 4414 
2539 4414 4417 2903 4418 
2540 4415 4414 4418 2836 
2541 4419 4420 2832 4421 
2542 4412 4419 4421 2872 
2543 2870 4424 4422 4423 
2544 4424 2920 4425 4422 
2545 4422 4425 4419 4426 
2546 4423 4422 4426 4412 
2547 2832 2917 4427 4409 
2548 2917 2833 4428 4427 
2549 4427 4428 2757 4429 
2550 4409 4427 4429 2834 
2551 4430 4431 2917 4432 
2552 4420 4430 4432 2832 
2553 2871 4435 4433 4434 
2554 4435 2924 4436 4433 
2555 4433 4436 4430 4437 
2556 4434 4433 4437 4420 
2557 4438 4439 2833 4440 
2558 4431 4438 4440 2917 
2559 2924 4442 4441 4436 
2560 4442 2915 4443 4441 
2561 4441 4443 4431 4444 
2562 4436 4441 4444 4430 
2563 2833 2940 4447 4428 
2564 2940 2912 4448 4447 
2565 4447 4448 2914 4449 
2566 4428 4447 4449 2757 
2567 4450 4451 2940 4452 
2568 4439 4450 4452 2833 
2569 2944 4455 4453 4454 
2570 4455 2916 4456 4453 
2571 4453 4456 4439 4457 
2572 4454 4453 4457 4438 
2573 4458 4459 2912 4460 
2574 4451 4458 4460 2940 
2575 2959 4463 4461 4462 
2576 4463 2937 4464 4461 
2577 4461 4464 4451 4465 
2578 4462 4461 4465 4450 
2579 2912 2975 4466 4448 
2580 2975 2913 4467 4466 
2581 4466 4467 2758 4468 
2582 4448 4466 4468 2914 
2583 4469 4470 2975 4471 
2584 4459 4469 4471 2912 
2585 2979 4474 4472 4473 
2586 4474 2939 4475 4472 
2587 4472 4475 4459 4476 
2588 4473 4472 4476 4458 
2589 2939 4478 4477 4475 
2590 4478 2997 4479 4477 
2591 4477 4479 4469 4480 
2592 4475 4477 4480 4459 
2593 4481 4482 2913 4483 
2594 4470 4481 4483 2975 
2595 2972 4486 4484 4485 
2596 4486 3013 4487 4484 
2597 4484 4487 4481 4488 
2598 4485 4484 4488 4470 
2599 2913 3009 4489 4467 
2600 3009 2968 3139 4489 
2601 4489 3139 2971 4490 
2602 4467 4489 4490 2758 
2603 4491 4492 3009 4493 
2604 4482 4491 4493 2913 
2605 2974 4496 4494 4495 
2606 4496 3027 4497 4494 
2607 4494 4497 4491 4498 
2608 4495 4494 4498 4482 
2609 4499 4500 2968 4501 
2610 4492 4499 4501 3009 
2611 3006 4504 4502 4503 
2612 4504 3055 4505 4502 
2613 4502 4505 4499 4506 
2614 4503 4502 4506 4492 
2615 4507 3143 3051 4508 
2616 4500 4507 4508 2968 
2617 3008 4511 4509 4510 
2618 4511 3079 4512 4509 
2619 4509 4512 4507 4513 
2620 4510 4509 4513 4500 
2621 3079 4515 4514 4512 
2622 4515 3048 4516 4514 
2623 4514 4516 3143 4517 
2624 4512 4514 4517 4507 
2625 2970 3091 4520 3140 
2626 4520 4521 3047 4522 
2627 3140 4520 4522 2909 
2628 4523 4524 3091 4525 
2629 3144 4523 4525 2970 
2630 3095 3149 4526 4527 
2631 3149 3050 4528 4526 
2632 4526 4528 3144 4529 
2633 4527 4526 4529 3142 
2634 3155 3698 4530 4531 
2635 3698 3174 4532 4530 
2636 4530 4532 3209 4533 
2637 4531 4530 4533 3210 
2638 3690 4536 4534 4535 
2639 4536 3697 4537 4534 
2640 4534 4537 3698 4538 
2641 4535 4534 4538 3155 
2642 3174 3216 4539 4532 
2643 3216 3157 4540 4539 
2644 4539 4540 3211 4541 
2645 4532 4539 4541 3209 
2646 3214 4544 4542 4543 
2647 4544 3213 4545 4542 
2648 4542 4545 3216 4546 
2649 4543 4542 4546 3174 
2650 3157 3253 4547 4540 
2651 3253 3188 4548 4547 
2652 4547 4548 3248 4549 
2653 4540 4547 4549 3211 
2654 3215 4552 4550 4551 
2655 4552 3251 4553 4550 
2656 4550 4553 3253 4554 
2657 4551 4550 4554 3157 
2658 3188 3271 4555 4548 
2659 3271 3166 4556 4555 
2660 4555 4556 3249 4557 
2661 4548 4555 4557 3248 
2662 3252 4560 4558 4559 
2663 4560 3269 4561 4558 
2664 4558 4561 3271 4562 
2665 4559 4558 4562 3188 
2666 3166 3290 4563 4556 
2667 3290 3240 4564 4563 
2668 4563 4564 3285 4565 
2669 4556 4563 4565 3249 
2670 3270 4568 4566 4567 
2671 4568 3288 4569 4566 
2672 4566 4569 3290 4570 
2673 4567 4566 4570 3166 
2674 3240 3305 4571 4564 
2675 3305 3168 4572 4571 
2676 4571 4572 3286 4573 
2677 4564 4571 4573 3285 
2678 3289 4576 4574 4575 
2679 4576 3303 4577 4574 
2680 4574 4577 3305 4578 
2681 4575 4574 4578 3240 
2682 3168 3348 4579 4572 
2683 3348 3280 4580 4579 
2684 4579 4580 3343 4581 
2685 4572 4579 4581 3286 
2686 3304 4584 4582 4583 
2687 4584 3346 4585 4582 
2688 4582 4585 3348 4586 
2689 4583 4582 4586 3168 
2690 4587 4588 3162 4589 
2691 3344 4587 4589 3236 
2692 3280 3372 4590 4580 
2693 3372 3233 4591 4590 
2694 4590 4591 3344 4592 
2695 4580 4590 4592 3343 
2696 3347 4595 4593 4594 
2697 4595 3370 4596 4593 
2698 4593 4596 3372 4597 
2699 4594 4593 4597 3280 
2700 3370 4602 4601 4596 
2701 4602 3371 4603 4601 
2702 4601 4603 3233 4604 
2703 4596 4601 4604 3372 
2704 3163 4606 4605 3325 
2705 4606 3320 4607 4605 
2706 4605 4607 3319 4608 
2707 3325 4605 4608 3235 
2708 3323 4610 4609 4599 
2709 4610 3325 4611 4609 
2710 4609 4611 3235 4612 
2711 4599 4609 4612 3326 
2712 3233 4600 4613 4591 
2713 4600 3326 4614 4613 
2714 4613 4614 4587 4615 
2715 4591 4613 4615 3344 
2716 4598 4618 4616 4617 
2717 4618 4599 4619 4616 
2718 4616 4619 3326 4620 
2719 4617 4616 4620 4600 
2720 3320 4622 4621 4607 
2721 4622 3037 4623 4621 
2722 4621 4623 3321 4624 
2723 4607 4621 4624 3319 
2724 4626 3357 4627 4625 
2725 3379 4630 4628 4629 
2726 4630 3316 4631 4628 
2727 4628 4631 3380 4632 
2728 4629 4628 4632 3378 
2729 3357 4634 4633 4627 
2730 4634 3359 4635 4633 
2731 4633 4635 880 3387 
2732 3316 4637 4636 4631 
2733 4637 3387 4638 4636 
2734 4636 4638 3386 4639 
2735 4631 4636 4639 3380 
2736 4640 3398 3382 4642 
2737 3388 4640 4642 3317 
2738 3387 4644 4643 4638 
2739 4644 880 4645 4643 
2740 4643 4645 3388 4646 
2741 4638 4643 4646 3386 
2742 3359 4648 4647 4635 
2743 4648 3390 4649 4647 
2744 4647 4649 3383 4641 
2745 4635 4647 4641 880 
2746 880 4651 4650 4645 
2747 4651 4641 4652 4650 
2748 4650 4652 4640 4653 
2749 4645 4650 4653 3388 
2750 3390 4655 4654 4649 
2751 4655 3392 4656 4654 
2752 4654 4656 3312 3399 
2753 4649 4654 3399 3383 
2754 3383 4659 4657 4658 
2755 4659 3399 4660 4657 
2756 4657 4660 3397 4661 
2757 4658 4657 4661 3398 
2758 3399 4663 4662 4660 
2759 4663 3312 4664 4662 
2760 4662 4664 3400 4665 
2761 4660 4662 4665 3397 
2762 3392 4667 4666 4656 
2763 4667 3402 4668 4666 
2764 4666 4668 3394 3406 
2765 4656 4666 3406 3312 
2766 3312 4670 4669 4664 
2767 4670 3406 4671 4669 
2768 4669 4671 3405 4672 
2769 4664 4669 4672 3400 
2770 3406 4674 4673 4671 
2771 4674 3394 4675 4673 
2772 4673 4675 3407 4676 
2773 4671 4673 4676 3405 
2774 3402 4678 4677 4668 
2775 4678 3404 4679 4677 
2776 4677 4679 8 3410 
2777 4668 4677 3410 3394 
2778 3410 4682 4680 4681 
2779 4682 8 4683 4680 
2780 4680 4683 3411 4684 
2781 4681 4680 4684 3409 
2782 154 3419 4685 4686 
2783 3419 417 4687 4685 
2784 4685 4687 3413 4688 
2785 4686 4685 4688 420 
2786 425 4691 4689 4690 
2787 4691 3416 4692 4689 
2788 4689 4692 3419 4693 
2789 4690 4689 4693 154 
2790 417 3427 4694 4687 
2791 3427 399 4695 4694 
2792 4694 4695 3414 4696 
2793 4687 4694 4696 3413 
2794 3433 3423 4698 4697 
2795 4697 4698 3428 4699 
2796 4695 4697 4699 3414 
2797 399 4702 4700 4701 
2798 4702 3433 4703 4700 
2799 4700 4703 4697 4704 
2800 4701 4700 4704 4695 
2801 3423 3439 4705 4698 
2802 3439 136 3708 4705 
2803 4705 3708 946 4706 
2804 4698 4705 4706 3428 
2805 409 985 4707 3729 
2806 985 573 1060 4707 
2807 4707 1060 566 577 
2808 3729 4707 577 91 
2809 938 1007 4708 3740 
2810 1007 982 4709 4708 
2811 4708 4709 985 4710 
2812 3740 4708 4710 409 
2813 988 1015 4711 3747 
2814 1015 1004 4712 4711 
2815 4711 4712 1007 4713 
2816 3747 4711 4713 938 
2817 1004 1032 4714 4712 
2818 1032 1006 4715 4714 
2819 4714 4715 982 4716 
2820 4712 4714 4716 1007 
2821 982 1028 4717 4709 
2822 1028 984 1063 4717 
2823 4717 1063 573 4718 
2824 4709 4717 4718 985 
2825 1006 4720 4719 4715 
2826 4720 1025 4721 4719 
2827 4719 4721 1028 4722 
2828 4715 4719 4722 982 
2829 1025 1050 4723 4721 
2830 1050 1027 4724 4723 
2831 4723 4724 984 4725 
2832 4721 4723 4725 1028 
2833 1027 4727 4726 4724 
2834 4727 1042 1067 4726 
2835 4726 1067 1045 4728 
2836 4724 4726 4728 984 
2837 1023 1098 4729 4730 
2838 1098 1084 4731 4729 
2839 4729 4731 1092 4732 
2840 4730 4729 4732 1072 
2841 1163 1053 4735 4733 
2842 4733 4735 1129 4736 
2843 4734 4733 4736 1128 
2844 1051 1134 4737 4738 
2845 1134 1110 4734 4737 
2846 4737 4734 1128 4739 
2847 4738 4737 4739 1093 
2848 1110 4742 4740 4741 
2849 4742 1163 4743 4740 
2850 4740 4743 4733 4744 
2851 4741 4740 4744 4734 
2852 1053 1173 4745 4735 
2853 1173 1159 4746 4745 
2854 4745 4746 1167 4747 
2855 4735 4745 4747 1129 
2856 1159 1185 4748 4746 
2857 1185 1103 4749 4748 
2858 4748 4749 1168 4750 
2859 4746 4748 4750 1167 
2860 2099 3466 4751 4100 
2861 3466 2049 4752 4751 
2862 4751 4752 2130 4753 
2863 4100 4751 4753 2129 
2864 2133 4755 4754 4107 
2865 4755 3464 4756 4754 
2866 4754 4756 3466 4757 
2867 4107 4754 4757 2099 
2868 3464 4759 4758 4756 
2869 4759 3465 4760 4758 
2870 4758 4760 2049 4761 
2871 4756 4758 4761 3466 
2872 2049 3489 4762 4752 
2873 3489 3455 4763 4762 
2874 4762 4763 3484 4764 
2875 4752 4762 4764 2130 
2876 3465 4766 4765 4760 
2877 4766 3487 4767 4765 
2878 4765 4767 3489 4768 
2879 4760 4765 4768 2049 
2880 3487 4770 4769 4767 
2881 4770 3488 4771 4769 
2882 4769 4771 3455 4772 
2883 4767 4769 4772 3489 
2884 3455 3501 4773 4763 
2885 3501 34 4774 4773 
2886 4773 4774 3485 4775 
2887 4763 4773 4775 3484 
2888 3488 4777 4776 4771 
2889 4777 3498 4778 4776 
2890 4776 4778 3501 4779 
2891 4771 4776 4779 3455 
2892 3498 3516 4780 4778 
2893 3516 3500 4781 4780 
2894 4780 4781 34 4782 
2895 4778 4780 4782 3501 
2896 34 3511 4783 4774 
2897 3511 3497 4784 4783 
2898 4783 4784 3505 4785 
2899 4774 4783 4785 3485 
2900 3500 3528 4786 4781 
2901 3528 3508 4787 4786 
2902 4786 4787 3511 4788 
2903 4781 4786 4788 34 
2904 3508 3539 4789 4787 
2905 3539 3510 4790 4789 
2906 4789 4790 3497 4791 
2907 4787 4789 4791 3511 
2908 3497 3535 4792 4784 
2909 3535 2178 4793 4792 
2910 4792 4793 3506 4794 
2911 4784 4792 4794 3505 
2912 3510 3546 4795 4790 
2913 3546 3532 4796 4795 
2914 4795 4796 3535 4797 
2915 4790 4795 4797 3497 
2916 3532 3557 4798 4796 
2917 3557 3534 4799 4798 
2918 4798 4799 2178 4800 
2919 4796 4798 4800 3535 
2920 2178 3553 4801 4793 
2921 3553 3531 4802 4801 
2922 4801 4802 3547 4803 
2923 4793 4801 4803 3506 
2924 3534 3567 4804 4799 
2925 3567 3550 4805 4804 
2926 4804 4805 3553 4806 
2927 4799 4804 4806 2178 
2928 3550 3575 4807 4805 
2929 3575 3552 4808 4807 
2930 4807 4808 3531 4809 
2931 4805 4807 4809 3553 
2932 4810 4811 3548 4812 
2933 4802 4810 4812 3547 
2934 3552 3582 4813 4808 
2935 3582 3568 4814 4813 
2936 4813 4814 3571 4815 
2937 4808 4813 4815 3531 
2938 4816 4110 3583 4817 
2939 4811 4816 4817 3548 
2940 3570 3601 4818 4819 
2941 3601 3585 4820 4818 
2942 4818 4820 3588 4821 
2943 4819 4818 4821 2045 
2944 3588 4824 4822 4823 
2945 4824 2182 4825 4822 
2946 4822 4825 4110 4826 
2947 4823 4822 4826 4816 
2948 2182 4828 4827 4825 
2949 4828 3604 4117 4827 
2950 4827 4117 4109 4829 
2951 4825 4827 4829 4110 
2952 4830 4831 3044 4832 
2953 4524 4830 4832 3091 
2954 3110 4835 4833 4834 
2955 4835 3088 4836 4833 
2956 4833 4836 4524 4837 
2957 4834 4833 4837 4523 
2958 4838 3686 2910 4839 
2959 4521 4838 4839 3047 
2960 3632 4845 4843 4844 
2961 4845 3090 4846 4843 
2962 4843 4846 4831 4847 
2963 4844 4843 4847 4830 
2964 3647 4853 4851 4852 
2965 4853 3626 4854 4851 
2966 4851 4854 4841 4855 
2967 4852 4851 4855 4840 
2968 3659 4860 4858 4859 
2969 4860 3195 4861 4858 
2970 4858 4861 4849 4862 
2971 4859 4858 4862 4848 
2972 3197 3691 4863 4864 
2973 3691 3155 4531 4863 
2974 4863 4531 3210 4865 
2975 4864 4863 4865 3685 
2976 3689 4868 4866 4867 
2977 4868 3688 4869 4866 
2978 4866 4869 3691 4870 
2979 4867 4866 4870 3197 
2980 4407 4885 4883 4884 
2981 4885 2759 4879 4883 
2982 4883 4879 4872 4886 
2983 4884 4883 4886 4875 
2984 2445 4404 4887 4888 
2985 4404 872 4889 4887 
2986 4887 4889 3127 4890 
2987 4888 4887 4890 4314 
2988 4891 4893 872 4894 
2989 4892 4891 4894 4404 
2990 4895 4897 4874 4898 
2991 4879 4901 4899 4900 
2992 4899 4902 4882 4903 
2993 4900 4899 4903 4872 
2994 4406 4906 4904 4905 
2995 4906 4445 4907 4904 
2996 4904 4907 4446 4880 
2997 4905 4904 4880 2759 
2998 2759 4910 4908 4909 
2999 4910 4880 4911 4908 
3000 4908 4911 4878 4901 
3001 4909 4908 4901 4879 
3002 4919 4921 4871 4922 
3003 4902 4919 4922 4882 
3004 4901 4925 4923 4924 
3005 4925 4878 4926 4923 
3006 4923 4926 4902 4927 
3007 4924 4923 4927 4899 
3008 4880 4929 4928 4911 
3009 4929 4446 4930 4928 
3010 4928 4930 4881 4920 
3011 4911 4928 4920 4878 
3012 4934 4936 4918 4937 
3013 4921 4934 4937 4871 
3014 4920 4940 4938 4939 
3015 4940 4881 4941 4938 
3016 4938 4941 4921 4942 
3017 4939 4938 4942 4919 
3018 4445 4944 4943 4907 
3019 4944 3135 4945 4943 
3020 4943 4945 884 4916 
3021 4907 4943 4916 4446 
3022 4446 4947 4946 4930 
3023 4947 4916 4948 4946 
3024 4946 4948 4915 4935 
3025 4930 4946 4935 4881 
3026 4915 4954 4953 4936 
3027 4954 4917 4955 4953 
3028 4936 4953 4956 4918 
3029 4935 4959 4957 4958 
3030 4959 4915 4960 4957 
3031 4957 4960 4936 4961 
3032 4958 4957 4961 4934 
3033 872 3133 4962 4889 
3034 3133 887 4963 4962 
3035 4962 4963 3126 4964 
3036 4889 4962 4964 3127 
3037 4965 4966 3133 4967 
3038 4893 4965 4967 872 
3039 4917 4972 4971 4955 
3040 4972 4949 4973 4971 
3041 4918 4956 4975 4976 
3042 4956 4873 4977 4975 
3043 4975 4977 4932 4978 
3044 4976 4975 4978 4931 
3045 4953 4981 4979 4980 
3046 4981 4955 4982 4979 
3047 4979 4982 4873 4983 
3048 4980 4979 4983 4956 
3049 4949 4992 4991 4973 
3050 4992 4951 4993 4991 
3051 4991 4993 4912 4994 
3052 4973 4991 4994 4952 
3053 4873 4974 4995 4977 
3054 4974 4952 4996 4995 
3055 4995 4996 4968 4997 
3056 4977 4995 4997 4932 
3057 4971 5000 4998 4999 
3058 5000 4973 5001 4998 
3059 4998 5001 4952 5002 
3060 4999 4998 5002 4974 
3061 5003 5004 887 5005 
3062 4966 5003 5005 3133 
3063 4913 5018 5016 5017 
3064 5018 5008 5019 5016 
3065 4990 5023 5021 5022 
3066 5023 4913 5017 5021 
3067 5021 5017 5007 5024 
3068 5022 5021 5024 5011 
3069 3130 5010 5025 5026 
3070 5010 4986 5027 5025 
3071 5025 5027 5003 5028 
3072 5026 5025 5028 4966 
3073 5007 5020 5029 5030 
3074 5020 5006 5031 5029 
3075 5029 5031 5010 5032 
3076 5030 5029 5032 3130 
3077 5017 5035 5033 5034 
3078 5035 5016 5036 5033 
3079 5033 5036 5020 5037 
3080 5034 5033 5037 5007 
3081 5008 5046 5045 5019 
3082 5046 4984 5047 5045 
3083 5045 5047 5009 5048 
3084 5006 5048 5049 5031 
3085 5048 5009 5050 5049 
3086 5049 5050 4986 5051 
3087 5031 5049 5051 5010 
3088 5019 5054 5052 5053 
3089 5054 5045 5055 5052 
3090 5052 5055 5048 5056 
3091 5053 5052 5056 5006 
3092 5060 5062 5041 5063 
3093 5047 5060 5063 5009 
3094 5015 5066 5064 5065 
3095 5066 5057 5067 5064 
3096 4984 5070 5068 5069 
3097 5070 5061 5071 5068 
3098 5068 5071 5060 5072 
3099 5069 5068 5072 5047 
3100 887 3204 5073 4963 
3101 3204 874 5074 5073 
3102 5073 5074 3128 5075 
3103 4963 5073 5075 3126 
3104 5076 5077 3204 5078 
3105 5004 5076 5078 887 
3106 5083 5085 5043 5086 
3107 5062 5083 5086 5041 
3108 5042 5095 5093 5094 
3109 5095 5084 5096 5093 
3110 5093 5096 5083 5097 
3111 5094 5093 5097 5062 
3112 5102 5103 5079 5104 
3113 5085 5102 5104 5043 
3114 5092 5107 5105 5106 
3115 5107 5098 5108 5105 
3116 5105 5108 5101 5109 
3117 3040 3250 5146 5147 
3118 3250 3169 5148 5146 
3119 5139 5155 5153 5154 
3120 5155 3245 5156 5153 
3121 3207 5160 5158 5159 
3122 5160 5139 5154 5158 
3123 5154 5166 5164 5165 
3124 5166 5153 5167 5164 
3125 5164 5167 5157 5168 
3126 5165 5164 5168 5138 
3127 3169 3287 5169 5148 
3128 3287 3042 5170 5169 
3129 5148 5173 5171 5172 
3130 5173 5169 5174 5171 
3131 5171 5174 5150 5175 
3132 5172 5171 5175 3245 
3133 3042 3345 5176 5170 
3134 3345 3236 5177 5176 
3135 5176 5177 3340 5178 
3136 5170 5176 5178 3246 
3137 5169 5180 5179 5174 
3138 5180 5170 5181 5179 
3139 5179 5181 3246 5182 
3140 5174 5179 5182 5150 
3141 3315 3389 5189 5190 
3142 3389 3317 5191 5189 
3143 5189 5191 3038 5192 
3144 5190 5189 5192 3318 
3145 5193 5194 627 5195 
3146 3335 5193 5195 882 
3147 5196 5197 3314 5198 
3148 3317 4642 5199 5191 
3149 4642 3382 5200 5199 
3150 5199 5200 3385 5201 
3151 5191 5199 5201 3038 
3152 3382 3401 5202 5200 
3153 3401 3384 5203 5202 
3154 5202 5203 3311 5204 
3155 5200 5202 5204 3385 
3156 5205 5206 881 5207 
3157 5197 5205 5207 3314 
3158 3393 3412 5208 5209 
3159 3412 3395 5210 5208 
3160 5208 5210 3313 5211 
3161 5209 5208 5211 3396 
3162 5084 5213 5212 5096 
3163 5212 5214 5085 5215 
3164 5096 5212 5215 5083 
3165 5090 5218 5216 5217 
3166 5218 5092 5106 5216 
3167 5217 5216 5213 5084 
3168 5109 5101 5220 5219 
3169 5219 5220 5102 5221 
3170 5214 5219 5221 5085 
3171 5213 5224 5222 5223 
3172 5224 4985 5225 5222 
3173 5222 5225 5214 5226 
3174 5223 5222 5226 5212 
3175 5106 5229 5227 5228 
3176 5229 5105 5230 5227 
3177 5227 5230 5109 5231 
3178 5228 5227 5231 4985 
3179 5098 5233 5232 5108 
3180 5232 5234 5080 5235 
3181 5108 5232 5235 5101 
3182 883 5241 5239 5240 
3183 5241 5088 5242 5239 
3184 5099 5245 5243 5244 
3185 5245 5087 5246 5243 
3186 5243 5246 5100 5233 
3187 5244 5243 5233 5098 
3188 5247 5248 3202 5249 
3189 5250 5251 5081 5252 
3190 5103 5250 5252 5079 
3191 5100 5254 5253 5234 
3192 5254 5117 5255 5253 
3193 5253 5255 5120 5256 
3194 5234 5253 5256 5080 
3195 5233 5259 5257 5258 
3196 5259 5100 5260 5257 
3197 5257 5260 5234 5261 
3198 5258 5257 5261 5232 
3199 5118 5269 5267 5268 
3200 5269 5089 5270 5267 
3201 5267 5270 5119 5271 
3202 5268 5267 5271 5117 
3203 5273 5129 5274 5272 
3204 5272 5274 5264 5275 
3205 5270 5272 5275 5119 
3206 5126 5278 5276 5277 
3207 5278 5125 5279 5276 
3208 5276 5279 5129 5273 
3209 5277 5276 5273 5089 
3210 5089 5282 5280 5281 
3211 5282 5273 5283 5280 
3212 5280 5283 5272 5284 
3213 5281 5280 5284 5270 
3214 5125 5286 5285 5279 
3215 5286 5128 5287 5285 
3216 5285 5287 5113 5288 
3217 5279 5285 5288 5129 
3218 5114 5294 5292 5293 
3219 5294 5135 5295 5292 
3220 5292 5295 5134 5296 
3221 5293 5292 5296 5128 
3222 5135 5301 5300 5295 
3223 5301 3043 5302 5300 
3224 5300 5302 5136 5303 
3225 5295 5300 5303 5134 
3226 5142 5306 5304 5305 
3227 5306 5141 5307 5304 
3228 5304 5307 5145 5308 
3229 5305 5304 5308 3043 
3230 5143 5311 5309 5310 
3231 5311 5138 5312 5309 
3232 5309 5312 5144 5313 
3233 5310 5309 5313 5141 
3234 3245 5175 5314 5156 
3235 5175 5150 5315 5314 
3236 5314 5315 5149 5316 
3237 5316 5149 5324 5323 
3238 5323 5324 5152 5325 
3239 5156 5328 5326 5327 
3240 5328 5314 5329 5326 
3241 5326 5329 5316 5330 
3242 5327 5326 5330 5140 
3243 3246 5178 5331 5151 
3244 5178 3340 5332 5331 
3245 5331 5332 3342 5333 
3246 5151 5331 5333 886 
3247 5182 3246 5335 5334 
3248 5334 5335 5151 5336 
3249 5315 5334 5336 5149 
3250 5150 5339 5337 5338 
3251 5339 5182 5340 5337 
3252 5337 5340 5334 5341 
3253 5338 5337 5341 5315 
3254 3384 3408 5344 5203 
3255 3408 3393 5209 5344 
3256 5344 5209 3396 5345 
3257 5203 5344 5345 3311 
3258 5346 4892 4404 5348 
3259 5347 5346 5348 2445 
3260 5349 5352 4892 5353 
3261 5350 5349 5353 5346 
3262 631 4318 5354 5355 
3263 4318 2445 4888 5354 
3264 5354 4888 4314 5356 
3265 5355 5354 5356 4261 
3266 4316 5359 5357 5358 
3267 5359 4317 5347 5357 
3268 5357 5347 2445 5360 
3269 5358 5357 5360 4318 
3270 4317 5363 5361 5362 
3271 5361 5350 5346 5364 
3272 5362 5361 5364 5347 
3273 4875 4886 5365 5366 
3274 5369 5351 5370 5367 
3275 5367 5370 5349 5371 
3276 5368 5367 5371 5350 
3277 2602 4361 5372 5373 
3278 4361 2444 4876 5372 
3279 5372 4876 4317 5359 
3280 5373 5372 5359 4316 
3281 4876 5376 5374 5375 
3282 5376 4875 5366 5374 
3283 5375 5374 5363 4317 
3284 5363 5379 5377 5378 
3285 5379 4877 5368 5377 
3286 5377 5368 5350 5380 
3287 5378 5377 5380 5361 
3288 5366 5383 5381 5382 
3289 5383 5365 5384 5381 
3290 5381 5384 5351 5369 
3291 5382 5381 5369 4877 
3292 4877 5387 5385 5386 
3293 5387 5369 5388 5385 
3294 5385 5388 5367 5389 
3295 5386 5385 5389 5368 
3296 5365 5391 5390 5384 
3297 5391 4896 5392 5390 
3298 5390 5392 4403 5393 
3299 4898 4874 5395 5394 
3300 5394 5395 4891 5396 
3301 5352 5394 5396 4892 
3302 5351 5393 5397 5370 
3303 5393 4403 5398 5397 
3304 5397 5398 5352 5399 
3305 5370 5397 5399 5349 
3306 5384 5402 5400 5401 
3307 5402 5390 5403 5400 
3308 5400 5403 5393 5404 
3309 5401 5400 5404 5351 
3310 1 5407 5405 5406 
3311 5407 12 111 5405 
3312 5405 111 10 62 
3313 5406 5405 62 11 
3314 16 5409 5408 1137 
3315 5409 2 5410 5408 
3316 5408 5410 17 646 
3317 1137 5408 646 15 
3318 20 94 5411 5412 
3319 94 19 581 5411 
3320 5411 581 22 5413 
3321 5412 5411 5413 4 
3322 10 5416 5414 5415 
3323 5416 25 115 5414 
3324 5414 115 23 66 
3325 5415 5414 66 24 
3326 36 97 5417 5418 
3327 97 35 585 5417 
3328 5417 585 38 5419 
3329 5418 5417 5419 19 
3330 23 5422 5420 5421 
3331 5422 41 119 5420 
3332 5420 119 39 70 
3333 5421 5420 70 40 
3334 52 100 5423 5424 
3335 100 51 589 5423 
3336 5423 589 54 5425 
3337 5424 5423 5425 35 
3338 70 5428 5426 5427 
3339 5428 39 123 5426 
3340 5426 123 56 193 
3341 5427 5426 193 68 
3342 72 636 5429 719 
3343 636 73 5430 5429 
3344 5429 5430 44 5431 
3345 719 5429 5431 74 
3346 98 319 5432 5433 
3347 319 76 789 5432 
3348 5432 789 51 5434 
3349 5433 5432 5434 100 
3350 102 322 5435 5436 
3351 322 101 792 5435 
3352 5435 792 104 5437 
3353 5436 5435 5437 76 
3354 148 5439 5438 436 
3355 5439 150 5440 5438 
3356 5438 5440 88 393 
3357 436 5438 393 137 
3358 152 5442 5441 439 
3359 5442 137 5443 5441 
3360 5441 5443 153 397 
3361 439 5441 397 151 
3362 5444 795 158 5446 
3363 5445 5444 5446 101 
3364 164 374 5447 5448 
3365 374 210 376 5447 
3366 5447 376 224 5449 
3367 5448 5447 5449 225 
3368 235 5451 5450 266 
3369 5451 234 248 5450 
3370 5450 248 237 5452 
3371 266 5450 5452 203 
3372 237 251 5453 5454 
3373 251 164 5448 5453 
3374 5453 5448 225 5455 
3375 5454 5453 5455 244 
3376 252 280 5456 5457 
3377 280 204 261 5456 
3378 5456 261 105 5458 
3379 5457 5456 5458 255 
3380 253 292 5459 361 
3381 292 252 5457 5459 
3382 5459 5457 255 5460 
3383 361 5459 5460 202 
3384 274 5462 5461 299 
3385 5462 232 5463 5461 
3386 5461 5463 141 279 
3387 299 5461 279 254 
3388 199 5465 5464 315 
3389 5465 291 301 5464 
3390 5464 301 289 5466 
3391 315 5464 5466 290 
3392 287 5468 5467 359 
3393 5468 307 313 5467 
3394 5467 313 305 364 
3395 359 5467 364 306 
3396 305 316 5469 365 
3397 316 290 5470 5469 
3398 5469 5470 253 5471 
3399 365 5469 5471 308 
3400 320 852 5472 5473 
3401 5472 5445 101 5474 
3402 5473 5472 5474 322 
3403 288 362 5475 771 
3404 362 202 5476 5475 
3405 5475 5476 336 467 
3406 771 5475 467 334 
3407 137 5478 5477 5443 
3408 5478 393 5479 5477 
3409 5477 5479 392 934 
3410 5443 5477 934 153 
3411 393 5481 5480 5479 
3412 5481 88 5482 5480 
3413 5480 5482 394 956 
3414 5479 5480 956 392 
3415 151 5484 5483 909 
3416 5484 397 5485 5483 
3417 397 5487 5486 5485 
3418 5487 153 5488 5486 
3419 5486 5488 398 3421 
3420 184 5493 5492 928 
3421 5493 415 5494 5492 
3422 5492 5494 414 3417 
3423 928 5492 3417 406 
3424 415 5496 5495 5494 
3425 5496 396 5497 5495 
3426 5495 5497 416 3425 
3427 5494 5495 3425 414 
3428 407 426 5498 5499 
3429 426 154 4686 5498 
3430 5498 4686 420 5500 
3431 5499 5498 5500 418 
3432 427 447 5501 5502 
3433 447 404 431 5501 
3434 5501 431 185 5503 
3435 5502 5501 5503 429 
3436 217 893 5504 5505 
3437 893 427 5502 5504 
3438 5504 5502 429 5506 
3439 5505 5504 5506 108 
3440 428 5508 5507 905 
3441 5508 445 917 5507 
3442 5507 917 443 5509 
3443 905 5507 5509 444 
3444 443 920 5510 5511 
3445 920 446 922 5510 
3446 5510 922 404 5512 
3447 5511 5510 5512 447 
3448 444 5509 5513 5514 
3449 5509 443 5511 5513 
3450 5513 5511 447 5515 
3451 5514 5513 5515 427 
3452 202 5460 5516 5476 
3453 5460 255 5517 5516 
3454 5516 5517 455 5518 
3455 5476 5516 5518 336 
3456 255 5458 5519 5517 
3457 5458 105 5520 5519 
3458 5519 5520 242 5521 
3459 5517 5519 5521 455 
3460 455 5521 5522 5523 
3461 5521 242 5524 5522 
3462 5522 5524 160 505 
3463 5523 5522 505 456 
3464 336 5518 5525 468 
3465 5518 455 5523 5525 
3466 5525 5523 456 490 
3467 468 5525 490 238 
3468 240 479 5526 861 
3469 479 109 512 5526 
3470 5526 512 459 5527 
3471 861 5526 5527 457 
3472 461 483 5528 865 
3473 483 463 5529 5528 
3474 5528 5529 240 5530 
3475 865 5528 5530 464 
3476 334 5532 5531 775 
3477 5532 467 5533 5531 
3478 5531 5533 465 486 
3479 775 5531 486 466 
3480 465 5535 5534 487 
3481 5535 468 5536 5534 
3482 5534 5536 238 495 
3483 487 5534 495 469 
3484 473 776 5537 5538 
3485 776 466 485 5537 
3486 5537 485 337 5539 
3487 5538 5537 5539 476 
3488 463 492 5540 5529 
3489 492 477 5541 5540 
3490 5540 5541 479 5542 
3491 5529 5540 5542 240 
3492 337 488 5543 5544 
3493 488 469 494 5543 
3494 5543 494 480 5545 
3495 5544 5543 5545 481 
3496 481 5545 5546 870 
3497 5545 480 5547 5546 
3498 5546 5547 483 5548 
3499 870 5546 5548 461 
3500 459 514 5549 5550 
3501 514 498 798 5549 
3502 5549 798 500 5551 
3503 5550 5549 5551 155 
3504 520 553 5552 786 
3505 553 521 820 5552 
3506 5552 820 176 812 
3507 786 5552 812 522 
3508 134 616 5553 598 
3509 616 541 844 5553 
3510 5553 844 543 5554 
3511 598 5553 5554 77 
3512 547 572 5555 821 
3513 572 548 605 5555 
3514 5555 605 177 828 
3515 821 5555 828 549 
3516 565 624 5556 606 
3517 624 567 5557 5556 
3518 5556 5557 544 838 
3519 606 5556 838 568 
3520 613 1292 5558 5559 
3521 1292 615 847 5558 
3522 5558 847 541 5560 
3523 5559 5558 5560 616 
3524 5561 5559 616 5562 
3525 835 5561 5562 134 
3526 391 1091 5563 623 
3527 1091 618 5564 5563 
3528 5563 5564 617 5565 
3529 623 5563 5565 567 
3530 618 1166 5566 5564 
3531 1166 5 5567 5566 
3532 5566 5567 619 5568 
3533 5564 5566 5568 617 
3534 567 5565 5569 5557 
3535 5565 617 5570 5569 
3536 5569 5570 620 5571 
3537 5557 5569 5571 544 
3538 5572 4260 632 5573 
3539 5430 5572 5573 44 
3540 131 681 5574 723 
3541 681 633 5575 5574 
3542 5574 5575 636 5576 
3543 723 5574 5576 72 
3544 637 685 5577 727 
3545 685 639 5578 5577 
3546 5577 5578 131 5579 
3547 727 5577 5579 640 
3548 641 1450 5580 848 
3549 1450 643 755 5580 
3550 5580 755 542 5581 
3551 848 5580 5581 644 
3552 15 5583 5582 2197 
3553 5583 646 5584 5582 
3554 5582 5584 645 877 
3555 2197 5582 877 33 
3556 646 5586 5585 5584 
3557 5586 17 5587 5585 
3558 5585 5587 647 2736 
3559 5584 5585 2736 645 
3560 649 5589 5588 2200 
3561 5589 33 5590 5588 
3562 5588 5590 650 2145 
3563 2200 5588 2145 648 
3564 87 1538 5591 5592 
3565 1538 675 709 5591 
3566 5591 709 673 5593 
3567 5592 5591 5593 674 
3568 674 5593 5594 5595 
3569 5593 673 758 5594 
3570 5594 758 677 5596 
3571 5595 5594 5596 643 
3572 639 1725 5597 5578 
3573 1725 678 5598 5597 
3574 5597 5598 681 5599 
3575 5578 5597 5599 131 
3576 668 745 5600 731 
3577 745 682 5601 5600 
3578 5600 5601 685 5602 
3579 731 5600 5602 637 
3580 686 749 5603 735 
3581 749 688 5604 5603 
3582 5603 5604 668 5605 
3583 735 5603 5605 689 
3584 704 753 5606 762 
3585 753 686 5607 5606 
3586 5606 5607 735 5608 
3587 762 5606 5608 733 
3588 638 1677 5609 748 
3589 1677 743 5610 5609 
3590 5609 5610 742 5611 
3591 748 5609 5611 688 
3592 743 1707 5612 5610 
3593 1707 683 5613 5612 
3594 5612 5613 744 5614 
3595 5610 5612 5614 742 
3596 688 5611 5615 5604 
3597 5611 742 5616 5615 
3598 5615 5616 745 5617 
3599 5604 5615 5617 668 
3600 500 799 5618 5619 
3601 799 157 801 5618 
3602 5618 801 781 5620 
3603 5619 5618 5620 794 
3604 544 5571 5621 839 
3605 5571 620 5622 5621 
3606 5621 5622 834 5623 
3607 839 5621 5623 602 
3608 325 855 5624 5625 
3609 855 83 860 5624 
3610 5624 860 458 5626 
3611 5625 5624 5626 850 
3612 476 5539 5627 5628 
3613 5539 337 5544 5627 
3614 5627 5544 481 869 
3615 5628 5627 869 856 
3616 33 5630 5629 5590 
3617 5630 877 5631 5629 
3618 5629 5631 876 2425 
3619 5590 5629 2425 650 
3620 877 5633 5632 5631 
3621 5633 645 5634 5632 
3622 5632 5634 878 2739 
3623 5631 5632 2739 876 
3624 166 5636 5635 897 
3625 5636 892 903 5635 
3626 5635 903 891 5637 
3627 897 5635 5637 451 
3628 891 906 5638 5639 
3629 906 444 5514 5638 
3630 5638 5514 427 5640 
3631 5639 5638 5640 893 
3632 451 5637 5641 5642 
3633 5637 891 5639 5641 
3634 5641 5639 893 5643 
3635 5642 5641 5643 217 
3636 442 5645 5644 912 
3637 5645 907 5646 5644 
3638 5644 5646 405 914 
3639 912 5644 914 182 
3640 182 5648 5647 919 
3641 5648 914 5649 5647 
3642 5647 5649 913 923 
3643 919 5647 923 446 
3644 412 948 5650 5651 
3645 948 929 3718 5650 
3646 5650 3718 932 5652 
3647 5651 5650 5652 180 
3648 153 5654 5653 5488 
3649 5654 934 5655 5653 
3650 5653 5655 933 3435 
3651 5488 5653 3435 398 
3652 934 5657 5656 5655 
3653 5657 392 5658 5656 
3654 5656 5658 935 960 
3655 5655 5656 960 933 
3656 945 3714 5659 5660 
3657 3714 941 3722 5659 
3658 5659 3722 929 5661 
3659 5660 5659 5661 948 
3660 946 3711 5662 5663 
3661 3711 945 5660 5662 
3662 5662 5660 948 5664 
3663 5663 5662 5664 412 
3664 150 5666 5665 5440 
3665 5666 949 5667 5665 
3666 5665 5667 389 953 
3667 5440 5665 953 88 
3668 88 5669 5668 5482 
3669 5669 953 5670 5668 
3670 5668 5670 952 995 
3671 5482 5668 995 394 
3672 953 5672 5671 5670 
3673 5672 389 5673 5671 
3674 5671 5673 954 1037 
3675 5670 5671 1037 952 
3676 392 5675 5674 5658 
3677 5675 956 5676 5674 
3678 5674 5676 955 976 
3679 5658 5674 976 935 
3680 956 5678 5677 5676 
3681 5678 394 5679 5677 
3682 5677 5679 957 998 
3683 5676 5677 998 955 
3684 987 5681 5680 1002 
3685 5681 138 1012 5680 
3686 5680 1012 988 3746 
3687 1002 5680 3746 986 
3688 394 5683 5682 5679 
3689 5683 995 5684 5682 
3690 5682 5684 994 1009 
3691 5679 5682 1009 957 
3692 995 5686 5685 5684 
3693 5686 952 5687 5685 
3694 5685 5687 996 1040 
3695 5684 5685 1040 994 
3696 983 5689 5688 1031 
3697 5689 1026 1047 5688 
3698 5688 1047 1025 4720 
3699 1031 5688 4720 1006 
3700 949 5691 5690 5667 
3701 5691 951 5692 5690 
3702 5690 5692 90 1034 
3703 5667 5690 1034 389 
3704 389 5694 5693 5673 
3705 5694 1034 5695 5693 
3706 5693 5695 1033 1079 
3707 5673 5693 1079 954 
3708 1034 5697 5696 5695 
3709 5697 90 5698 5696 
3710 5696 5698 1035 1154 
3711 5695 5696 1154 1033 
3712 1036 5701 5699 5700 
3713 5701 1038 1116 5699 
3714 5699 1116 388 1056 
3715 5700 5699 1056 1022 
3716 996 5703 5702 1041 
3717 5703 1036 5700 5702 
3718 5702 5700 1022 1043 
3719 1041 5702 1043 574 
3720 574 5705 5704 1049 
3721 5705 1043 5706 5704 
3722 5704 5706 1042 4727 
3723 1049 5704 4727 1027 
3724 1043 5708 5707 5706 
3725 5708 1022 5709 5707 
3726 5707 5709 1044 1068 
3727 5706 5707 1068 1042 
3728 1022 5711 5710 5709 
3729 5711 1056 5712 5710 
3730 5710 5712 1055 1075 
3731 5709 5710 1075 1044 
3732 1056 5714 5713 5712 
3733 5714 388 5715 5713 
3734 5713 5715 1057 1086 
3735 5712 5713 1086 1055 
3736 1058 1088 5716 5717 
3737 1088 1023 4730 5716 
3738 5716 4730 1072 5718 
3739 5717 5716 5718 1071 
3740 1078 5720 5719 1118 
3741 5720 1080 5721 5719 
3742 5719 5721 1019 1108 
3743 1118 5719 1108 1052 
3744 388 5723 5722 5715 
3745 5723 1082 1120 5722 
3746 5722 1120 1081 1096 
3747 5715 5722 1096 1057 
3748 1084 1114 5724 4731 
3749 1114 1051 4738 5724 
3750 5724 4738 1093 5725 
3751 4731 5724 5725 1092 
3752 1052 5727 5726 1122 
3753 5727 1108 5728 5726 
3754 5726 5728 1107 1132 
3755 1122 5726 1132 1083 
3756 1108 5730 5729 5728 
3757 5730 1019 5731 5729 
3758 5729 5731 1109 1161 
3759 5728 5729 1161 1107 
3760 951 5733 5732 5692 
3761 5733 1147 5734 5732 
3762 5732 5734 1017 1151 
3763 5692 5732 1151 90 
3764 90 5736 5735 5698 
3765 5736 1151 5737 5735 
3766 5735 5737 1150 1194 
3767 5698 5735 1194 1035 
3768 1151 5739 5738 5737 
3769 5739 1017 5740 5738 
3770 5738 5740 1152 1244 
3771 5737 5738 1244 1150 
3772 1080 5742 5741 5721 
3773 5742 1153 5743 5741 
3774 5741 5743 1104 1157 
3775 5721 5741 1157 1019 
3776 1019 5745 5744 5731 
3777 5745 1157 5746 5744 
3778 5744 5746 1156 1171 
3779 5731 5744 1171 1109 
3780 1157 5748 5747 5746 
3781 5748 1104 5749 5747 
3782 5747 5749 1158 1183 
3783 5746 5747 1183 1156 
3784 1153 5751 5750 5743 
3785 5751 1155 5752 5750 
3786 5750 5752 390 1179 
3787 5743 5750 1179 1104 
3788 1104 5754 5753 5749 
3789 5754 1179 5755 5753 
3790 5753 5755 1178 1190 
3791 5749 5753 1190 1158 
3792 1179 5757 5756 5755 
3793 5757 390 5758 5756 
3794 5756 5758 1180 1201 
3795 5755 5756 1201 1178 
3796 1103 1192 5759 4749 
3797 1192 1181 3750 5759 
3798 5759 3750 1186 5760 
3799 4749 5759 5760 1168 
3800 1155 5762 5761 5752 
3801 5762 1193 5763 5761 
3802 5761 5763 1175 1197 
3803 5752 5761 1197 390 
3804 390 5765 5764 5758 
3805 5765 1197 5766 5764 
3806 5764 5766 1196 1214 
3807 5758 5764 1214 1180 
3808 1197 5768 5767 5766 
3809 5768 1175 5769 5767 
3810 5767 5769 1198 1230 
3811 5766 5767 1230 1196 
3812 5 1209 5770 5567 
3813 1209 1102 5771 5770 
3814 5770 5771 1204 5772 
3815 5567 5770 5772 619 
3816 1102 1256 5773 5771 
3817 1256 614 5774 5773 
3818 5773 5774 1205 5775 
3819 5771 5773 5775 1204 
3820 1193 5777 5776 5763 
3821 5777 1195 5778 5776 
3822 5776 5778 1100 1226 
3823 5763 5776 1226 1175 
3824 1175 5780 5779 5769 
3825 5780 1226 5781 5779 
3826 5779 5781 1225 1237 
3827 5769 5779 1237 1198 
3828 1226 5783 5782 5781 
3829 5783 1100 5784 5782 
3830 5782 5784 1227 1251 
3831 5781 5782 1251 1225 
3832 1147 5786 5785 5734 
3833 5786 1149 5787 5785 
3834 5785 5787 384 1241 
3835 5734 5785 1241 1017 
3836 1017 5789 5788 5740 
3837 5789 1241 5790 5788 
3838 5788 5790 1240 1281 
3839 5740 5788 1281 1152 
3840 1241 5792 5791 5790 
3841 5792 384 5793 5791 
3842 5791 5793 1242 1325 
3843 5790 5791 1325 1240 
3844 1195 5795 5794 5778 
3845 5795 1243 5796 5794 
3846 5794 5796 1222 1247 
3847 5778 5794 1247 1100 
3848 1100 5798 5797 5784 
3849 5798 1247 5799 5797 
3850 5797 5799 1246 1261 
3851 5784 5797 1261 1227 
3852 1246 5801 5800 1262 
3853 5801 1248 1276 5800 
3854 5800 1276 1221 3769 
3855 1262 5800 3769 1249 
3856 1271 1290 5802 3773 
3857 1290 1223 3776 5802 
3858 5802 3776 1273 5803 
3859 3773 5802 5803 1272 
3860 614 1295 5804 5774 
3861 1295 1220 5805 5804 
3862 5804 5805 1291 5806 
3863 5774 5804 5806 1205 
3864 1220 1341 5807 5805 
3865 1341 387 5808 5807 
3866 5807 5808 662 5809 
3867 5805 5807 5809 1291 
3868 1101 1298 5810 5811 
3869 1298 1267 3787 5810 
3870 5810 3787 1293 5812 
3871 5811 5810 5812 1255 
3872 1285 5814 5813 1316 
3873 5814 1310 1335 5813 
3874 5813 1335 1313 3783 
3875 1316 5813 3783 1264 
3876 1149 5816 5815 5787 
3877 5816 1318 5817 5815 
3878 5815 5817 659 1322 
3879 5787 5815 1322 384 
3880 384 5819 5818 5793 
3881 5819 1322 5820 5818 
3882 5818 5820 1321 1366 
3883 5793 5818 1366 1242 
3884 1322 5822 5821 5820 
3885 5822 659 5823 5821 
3886 5821 5823 1323 1402 
3887 5820 5821 1402 1321 
3888 1327 5825 5824 1347 
3889 5825 1329 1361 5824 
3890 5824 1361 1306 5826 
3891 1347 5824 5826 1330 
3892 1313 1338 5827 3784 
3893 1338 1266 5828 5827 
3894 5827 5828 1332 3792 
3895 3784 5827 3792 1331 
3896 1297 3785 5829 5830 
3897 3785 1331 3791 5829 
3898 5829 3791 1333 5831 
3899 5830 5829 5831 1267 
3900 1266 1348 5832 5828 
3901 1348 1330 5833 5832 
3902 5832 5833 1342 3799 
3903 5828 5832 3799 1332 
3904 1330 5826 5834 5833 
3905 5826 1306 5835 5834 
3906 5834 5835 1343 5836 
3907 5833 5834 5836 1342 
3908 1342 5836 5837 3800 
3909 5836 1343 3806 5837 
3910 5837 3806 1309 5838 
3911 3800 5837 5838 1344 
3912 1306 1364 5839 5835 
3913 1364 1356 5840 5839 
3914 5839 5840 1357 3807 
3915 5835 5839 3807 1343 
3916 1356 1375 5841 5840 
3917 1375 1308 5842 5841 
3918 5841 5842 1358 3811 
3919 5840 5841 3811 1357 
3920 1355 5844 5843 1374 
3921 5844 1368 1394 5843 
3922 5843 1394 1371 5845 
3923 1374 5843 5845 1308 
3924 1370 5847 5846 1396 
3925 5847 1383 1412 5846 
3926 5846 1412 1386 5848 
3927 1396 5846 5848 1349 
3928 1308 5845 5849 5842 
3929 5845 1371 5850 5849 
3930 5849 5850 1390 3818 
3931 5842 5849 3818 1358 
3932 1371 1397 5851 5850 
3933 1397 1349 5852 5851 
3934 5851 5852 1391 5853 
3935 5850 5851 5853 1390 
3936 1390 5853 5854 3819 
3937 5853 1391 3825 5854 
3938 5854 3825 1352 5855 
3939 3819 5854 5855 1392 
3940 1318 5857 5856 5817 
3941 5857 1320 5858 5856 
3942 5856 5858 386 1399 
3943 5817 5856 1399 659 
3944 659 5860 5859 5823 
3945 5860 1399 5861 5859 
3946 5859 5861 1398 1443 
3947 5823 5859 1443 1323 
3948 1399 5863 5862 5861 
3949 5863 386 5864 5862 
3950 5862 5864 1400 1488 
3951 5861 5862 1488 1398 
3952 1404 5866 5865 1424 
3953 5866 1406 1438 5865 
3954 5865 1438 1379 5867 
3955 1424 5865 5867 1407 
3956 1349 5848 5868 5852 
3957 5848 1386 5869 5868 
3958 5868 5869 1408 3826 
3959 5852 5868 3826 1391 
3960 1386 1415 5870 5869 
3961 1415 1351 5871 5870 
3962 5870 5871 1409 3830 
3963 5869 5870 3830 1408 
3964 1351 1425 5872 5871 
3965 1425 1407 5873 5872 
3966 5872 5873 1419 5874 
3967 5871 5872 5874 1409 
3968 1407 5867 5875 5873 
3969 5867 1379 5876 5875 
3970 5875 5876 1420 3838 
3971 5873 5875 3838 1419 
3972 1409 5874 5877 3831 
3973 5874 1419 3837 5877 
3974 5877 3837 1421 5878 
3975 3831 5877 5878 1303 
3976 1430 5880 5879 1440 
3977 5880 1432 1458 5879 
3978 5879 1458 1381 5881 
3979 1440 5879 5881 1433 
3980 1379 1441 5882 5876 
3981 1441 1433 5883 5882 
3982 5882 5883 1434 5884 
3983 5876 5882 5884 1420 
3984 1433 5881 5885 5883 
3985 5881 1381 5886 5885 
3986 5885 5886 1435 3846 
3987 5883 5885 3846 1434 
3988 1420 5884 5887 3839 
3989 5884 1434 3845 5887 
3990 5887 3845 1436 5888 
3991 3839 5887 5888 1382 
3992 1445 5890 5889 1460 
3993 5890 1447 1474 5889 
3994 5889 1474 1426 5891 
3995 1460 5889 5891 1448 
3996 1378 1496 5892 5893 
3997 1496 87 5592 5892 
3998 5892 5592 674 5894 
3999 5893 5892 5894 1449 
4000 1449 5894 5895 5896 
4001 5894 674 5595 5895 
4002 5895 5595 643 5897 
4003 5896 5895 5897 1450 
4004 1381 1461 5898 5886 
4005 1461 1448 5899 5898 
4006 5898 5899 1454 3853 
4007 5886 5898 3853 1435 
4008 1448 5891 5900 5899 
4009 5891 1426 5901 5900 
4010 5900 5901 1455 5902 
4011 5899 5900 5902 1454 
4012 1454 5902 5903 3854 
4013 5902 1455 3860 5903 
4014 5903 3860 1429 5904 
4015 3854 5903 5904 1456 
4016 1466 5906 5905 1476 
4017 5906 1468 1501 5905 
4018 5905 1501 1428 5907 
4019 1476 5905 5907 1469 
4020 1426 1477 5908 5901 
4021 1477 1469 5909 5908 
4022 5908 5909 1470 3861 
4023 5901 5908 3861 1455 
4024 1469 5907 5910 5909 
4025 5907 1428 5911 5910 
4026 5910 5911 1471 5912 
4027 5909 5910 5912 1470 
4028 1470 5912 5913 3862 
4029 5912 1471 3868 5913 
4030 5913 3868 1376 5914 
4031 3862 5913 5914 1472 
4032 1320 5916 5915 5858 
4033 5916 1481 5917 5915 
4034 5915 5917 671 1485 
4035 5858 5915 1485 386 
4036 386 5919 5918 5864 
4037 5919 1485 5920 5918 
4038 5918 5920 1484 1522 
4039 5864 5918 1522 1400 
4040 1485 5922 5921 5920 
4041 5922 671 5923 5921 
4042 5921 5923 1486 1551 
4043 5920 5921 1551 1484 
4044 1490 5925 5924 1503 
4045 5925 1492 1517 5924 
4046 5924 1517 1462 5926 
4047 1503 5924 5926 1493 
4048 1428 1504 5927 5911 
4049 1504 1493 5928 5927 
4050 5927 5928 1497 3869 
4051 5911 5927 3869 1471 
4052 1493 5926 5929 5928 
4053 5926 1462 5930 5929 
4054 5929 5930 1498 5931 
4055 5928 5929 5931 1497 
4056 1497 5931 5932 3870 
4057 5931 1498 3876 5932 
4058 5932 3876 1465 5933 
4059 3870 5932 5933 1499 
4060 1462 1520 5934 5930 
4061 1520 1512 5935 5934 
4062 5934 5935 1513 3877 
4063 5930 5934 3877 1498 
4064 1513 5937 5936 3878 
4065 5937 1514 3884 5936 
4066 5936 3884 706 5938 
4067 3878 5936 5938 1515 
4068 1526 5940 5939 1545 
4069 5940 1532 1561 5939 
4070 5939 1561 1535 5941 
4071 1545 5939 5941 1505 
4072 1539 5943 5942 3886 
4073 5943 1540 3892 5942 
4074 5942 3892 1508 5944 
4075 3886 5942 5944 1541 
4076 1481 5946 5945 5917 
4077 5946 1483 5947 5945 
4078 5945 5947 654 1548 
4079 5917 5945 1548 671 
4080 671 5949 5948 5923 
4081 5949 1548 5950 5948 
4082 5948 5950 1547 1585 
4083 5923 5948 1585 1486 
4084 1548 5952 5951 5950 
4085 5952 654 5953 5951 
4086 5951 5953 1549 1619 
4087 5950 5951 1619 1547 
4088 1505 5941 5954 5955 
4089 5941 1535 5956 5954 
4090 5954 5956 1557 3893 
4091 5955 5954 3893 1540 
4092 1535 1564 5957 5956 
4093 1564 1507 5958 5957 
4094 5957 5958 1558 5959 
4095 5956 5957 5959 1557 
4096 1557 5959 5960 3894 
4097 5959 1558 3902 5960 
4098 5960 3902 705 5961 
4099 3894 5960 5961 1559 
4100 1569 5963 5962 1582 
4101 5963 1571 1597 5962 
4102 5962 1597 1530 5964 
4103 1582 5962 5964 1572 
4104 1572 5964 5965 5966 
4105 5964 1530 5967 5965 
4106 5965 5967 1577 3911 
4107 5966 5965 3911 1575 
4108 1568 1627 5968 3915 
4109 1627 696 3925 5968 
4110 5968 3925 1592 5969 
4111 3915 5968 5969 1591 
4112 1530 1600 5970 5967 
4113 1600 1590 5971 5970 
4114 5970 5971 1593 5972 
4115 5967 5970 5972 1577 
4116 1590 5974 5973 5971 
4117 5974 1565 5975 5973 
4118 5973 5975 1594 3919 
4119 5971 5973 3919 1593 
4120 1577 5972 5976 3912 
4121 5972 1593 3918 5976 
4122 5976 3918 1595 5977 
4123 3912 5976 5977 697 
4124 1483 5979 5978 5947 
4125 5979 1612 5980 5978 
4126 5978 5980 694 1616 
4127 5947 5978 1616 654 
4128 654 5982 5981 5953 
4129 5982 1616 5983 5981 
4130 5981 5983 1615 1653 
4131 5953 5981 1653 1549 
4132 1616 5985 5984 5983 
4133 5985 694 5986 5984 
4134 5984 5986 1617 1691 
4135 5983 5984 1691 1615 
4136 699 3934 5987 3936 
4137 3934 1636 3944 5987 
4138 5987 3944 1675 5988 
4139 3936 5987 5988 1642 
4140 1633 1686 5989 5990 
4141 1686 1674 5991 5989 
4142 5989 5991 1678 3949 
4143 5990 5989 3949 1679 
4144 1612 5993 5992 5980 
4145 5993 1614 5994 5992 
4146 5992 5994 656 1688 
4147 5980 5992 1688 694 
4148 694 5996 5995 5986 
4149 5996 1688 5997 5995 
4150 5995 5997 1687 1717 
4151 5986 5995 1717 1617 
4152 1688 5999 5998 5997 
4153 5999 656 6000 5998 
4154 5998 6000 1689 1773 
4155 5997 5998 1773 1687 
4156 1698 6002 6001 1721 
4157 6002 1664 6003 6001 
4158 6001 6003 1699 1742 
4159 1721 6001 1742 1697 
4160 1670 3954 6004 3956 
4161 3954 1603 6005 6004 
4162 6004 6005 1706 6006 
4163 3956 6004 6006 1705 
4164 1696 1715 6007 6008 
4165 1715 1667 6009 6007 
4166 6007 6009 1709 3960 
4167 6008 6007 3960 1708 
4168 1664 6011 6010 6003 
4169 6011 1731 1776 6010 
4170 6010 1776 1730 1749 
4171 6003 6010 1749 1699 
4172 683 1739 6012 5613 
4173 1739 1666 6013 6012 
4174 6012 6013 1734 6014 
4175 5613 6012 6014 744 
4176 1666 1747 6015 6013 
4177 1747 50 6016 6015 
4178 6015 6016 1735 6017 
4179 6013 6015 6017 1734 
4180 1603 3964 6018 6005 
4181 3964 1700 3966 6018 
4182 6018 3966 1737 6019 
4183 6005 6018 6019 1706 
4184 1614 6021 6020 5994 
4185 6021 1758 6022 6020 
4186 6020 6022 1660 1762 
4187 5994 6020 1762 656 
4188 656 6024 6023 6000 
4189 6024 1762 6025 6023 
4190 6023 6025 1761 1819 
4191 6000 6023 1819 1689 
4192 1761 6027 6026 1820 
4193 6027 1763 1868 6026 
4194 6026 1868 1659 1811 
4195 1820 6026 1811 1727 
4196 695 6029 6028 1778 
4197 6029 1765 1822 6028 
4198 6028 1822 1764 1791 
4199 1778 6028 1791 1732 
4200 50 1789 6030 6016 
4201 1789 1729 6031 6030 
4202 6030 6031 1784 6032 
4203 6016 6030 6032 1735 
4204 1729 1827 6033 6031 
4205 1827 1662 6034 6033 
4206 6033 6034 1785 6035 
4207 6031 6033 6035 1784 
4208 1727 6037 6036 1824 
4209 6037 1811 6038 6036 
4210 6036 6038 1810 1829 
4211 1824 6036 1829 1766 
4212 1811 6040 6039 6038 
4213 6040 1659 1872 6039 
4214 6039 1872 1812 1845 
4215 6038 6039 1845 1810 
4216 1837 6042 6041 1870 
4217 6042 1839 1924 6041 
4218 6041 1924 1661 1880 
4219 1870 6041 1880 1807 
4220 1841 6044 6043 1874 
4221 6044 1807 6045 6043 
4222 6043 6045 1842 1884 
4223 1874 6043 1884 1840 
4224 1662 1862 6046 6034 
4225 1862 1809 6047 6046 
4226 6046 6047 1857 6048 
4227 6034 6046 6048 1785 
4228 1809 1894 6049 6047 
4229 1894 679 6050 6049 
4230 6049 6050 1858 6051 
4231 6047 6049 6051 1857 
4232 1807 6053 6052 6045 
4233 6053 1880 6054 6052 
4234 6052 6054 1879 1896 
4235 6045 6052 1896 1842 
4236 1880 6056 6055 6054 
4237 6056 1661 1928 6055 
4238 6055 1928 1881 1910 
4239 6054 6055 1910 1879 
4240 1902 6058 6057 1926 
4241 6058 1904 1996 6057 
4242 6057 1996 1802 1940 
4243 1926 6057 1940 1876 
4244 1906 6060 6059 1930 
4245 6060 1876 6061 6059 
4246 6059 6061 1907 1944 
4247 1930 6059 1944 1905 
4248 679 1918 6062 6050 
4249 1918 1878 6063 6062 
4250 6062 6063 1913 6064 
4251 6050 6062 6064 1858 
4252 1878 1954 6065 6063 
4253 1954 1805 4046 6065 
4254 6065 4046 1914 6066 
4255 6063 6065 6066 1913 
4256 1876 6068 6067 6061 
4257 6068 1940 6069 6067 
4258 6067 6069 1939 1956 
4259 6061 6067 1956 1907 
4260 1940 6071 6070 6069 
4261 6071 1802 6072 6070 
4262 6070 6072 1941 1967 
4263 6069 6070 1967 1939 
4264 1959 6074 6073 1998 
4265 6074 1961 6075 6073 
4266 6073 6075 1804 1988 
4267 1998 6073 1988 1936 
4268 1802 6077 6076 6072 
4269 6077 1963 2000 6076 
4270 6076 2000 1962 1980 
4271 6072 6076 1980 1941 
4272 1938 2005 6078 4047 
4273 2005 634 6079 6078 
4274 6078 6079 1974 6080 
4275 4047 6078 6080 1973 
4276 1953 4038 6081 6082 
4277 4038 1976 4050 6081 
4278 6081 4050 1978 6083 
4279 6082 6081 6083 1805 
4280 1936 6085 6084 2002 
4281 6085 1988 6086 6084 
4282 6084 6086 1987 2007 
4283 2002 6084 2007 1964 
4284 1988 6088 6087 6086 
4285 6088 1804 6089 6087 
4286 6087 6089 1989 2029 
4287 6086 6087 2029 1987 
4288 1977 4044 6090 4051 
4289 4044 2003 6091 6090 
4290 6090 6091 2005 6092 
4291 4051 6090 6092 1938 
4292 1961 6094 6093 6075 
4293 6094 2021 6095 6093 
4294 6093 6095 1984 2025 
4295 6075 6093 2025 1804 
4296 1804 6097 6096 6089 
4297 6097 2025 6098 6096 
4298 6096 6098 2024 2039 
4299 6089 6096 2039 1989 
4300 2025 6100 6099 6098 
4301 6100 1984 6101 6099 
4302 6099 6101 2026 2059 
4303 6098 6099 2059 2024 
4304 634 2037 6102 6079 
4305 2037 1986 6103 6102 
4306 6102 6103 2032 6104 
4307 6079 6102 6104 1974 
4308 1986 2064 6105 6103 
4309 2064 1934 4077 6105 
4310 6105 4077 2033 6106 
4311 6103 6105 6106 2032 
4312 2021 6108 6107 6095 
4313 6108 2023 6109 6107 
4314 6107 6109 1931 2055 
4315 6095 6107 2055 1984 
4316 1984 6111 6110 6101 
4317 6111 2055 6112 6110 
4318 6110 6112 2054 2066 
4319 6101 6110 2066 2026 
4320 2055 6114 6113 6112 
4321 6114 1931 6115 6113 
4322 6113 6115 2056 2077 
4323 6112 6113 2077 2054 
4324 2062 4072 6116 6117 
4325 4072 2063 4081 6116 
4326 6116 4081 1934 6118 
4327 6117 6116 6118 2064 
4328 2036 4069 6119 6120 
4329 4069 2062 6117 6119 
4330 6119 6117 2064 6121 
4331 6120 6119 6121 1986 
4332 2023 6123 6122 6109 
4333 6123 2069 6124 6122 
4334 6122 6124 2051 2073 
4335 6109 6122 2073 1931 
4336 1931 6126 6125 6115 
4337 6126 2073 6127 6125 
4338 6125 6127 2072 2093 
4339 6115 6125 2093 2056 
4340 2073 6129 6128 6127 
4341 6129 2051 6130 6128 
4342 6128 6130 2074 2105 
4343 6127 6128 2105 2072 
4344 2089 4091 6131 4082 
4345 4091 2090 6132 6131 
4346 6131 6132 2053 6133 
4347 4082 6131 6133 2091 
4348 2069 6135 6134 6124 
4349 6135 2071 6136 6134 
4350 6134 6136 1933 2101 
4351 6124 6134 2101 2051 
4352 2051 6138 6137 6130 
4353 6138 2101 6139 6137 
4354 6137 6139 2100 2112 
4355 6130 6137 2112 2074 
4356 2101 6141 6140 6139 
4357 6141 1933 6142 6140 
4358 6140 6142 2102 2126 
4359 6139 6140 2126 2100 
4360 2050 2114 6143 4090 
4361 2114 2103 2136 6143 
4362 6143 2136 2108 6144 
4363 4090 6143 6144 2090 
4364 2090 6144 6145 6132 
4365 6144 2108 4096 6145 
4366 6145 4096 2110 6146 
4367 6132 6145 6146 2053 
4368 2071 6148 6147 6136 
4369 6148 2118 6149 6147 
4370 6147 6149 2097 2122 
4371 6136 6147 2122 1933 
4372 1933 6151 6150 6142 
4373 6151 2122 6152 6150 
4374 6150 6152 2121 3441 
4375 6142 6150 3441 2102 
4376 2122 6154 6153 6152 
4377 6154 2097 6155 6153 
4378 6153 6155 2123 3461 
4379 6152 6153 3461 2121 
4380 2125 6157 6156 2142 
4381 6157 2127 3448 6156 
4382 6156 3448 2052 6158 
4383 2142 6156 6158 2128 
4384 2124 3463 6159 3445 
4385 3463 2096 6160 6159 
4386 6159 6160 2133 4106 
4387 3445 6159 4106 2132 
4388 648 6162 6161 2249 
4389 6162 2145 6163 6161 
4390 6161 6163 2144 2260 
4391 2249 6161 2260 1796 
4392 2145 6165 6164 6163 
4393 6165 650 6166 6164 
4394 6164 6166 2146 2429 
4395 6163 6164 2429 2144 
4396 2149 6168 6167 2252 
4397 6168 1796 6169 6167 
4398 6167 6169 2150 2264 
4399 2252 6167 2264 2148 
4400 1849 2289 6170 6171 
4401 6171 6170 6172 629 
4402 2190 2228 6173 6174 
4403 2228 2193 6175 6173 
4404 6173 6175 2175 4129 
4405 6174 6173 4129 2194 
4406 2191 3618 6176 6177 
4407 3618 2190 6174 6176 
4408 6176 6174 2194 4122 
4409 6177 6176 4122 2156 
4410 2193 2235 6178 6175 
4411 2235 2220 6179 6178 
4412 6178 6179 2223 4133 
4413 6175 6178 4133 2175 
4414 2174 6181 6180 2245 
4415 6181 2240 2276 6180 
4416 6180 2276 2239 6182 
4417 2245 6180 6182 2222 
4418 2239 2279 6183 6184 
4419 2279 2241 6185 6183 
4420 6183 6185 2219 4148 
4421 6184 6183 4148 2242 
4422 2222 6182 6186 6187 
4423 6182 2239 6184 6186 
4424 6186 6184 2242 4141 
4425 6187 6186 4141 1797 
4426 1796 6189 6188 6169 
4427 6189 2260 6190 6188 
4428 6188 6190 2259 2350 
4429 6169 6188 2350 2150 
4430 2260 6192 6191 6190 
4431 6192 2144 6193 6191 
4432 6191 6193 2261 2433 
4433 6190 6191 2433 2259 
4434 2148 6195 6194 2306 
4435 6195 2264 6196 6194 
4436 6194 6196 2263 2315 
4437 2306 6194 2315 2165 
4438 2264 6198 6197 6196 
4439 6198 2150 6199 6197 
4440 6197 6199 2265 2354 
4441 6196 6197 2354 2263 
4442 2268 6201 6200 2309 
4443 6201 2165 6202 6200 
4444 6200 6202 2269 2319 
4445 2309 6200 2319 2267 
4446 2271 2303 6203 6204 
4447 2303 2273 6205 6203 
4448 6203 6205 2166 4158 
4449 6204 6203 4158 2274 
4450 2241 2286 6206 6185 
4451 2286 2271 6204 6206 
4452 6206 6204 2274 4152 
4453 6185 6206 4152 2219 
4454 2273 2313 6207 6205 
4455 2313 2296 6208 6207 
4456 6207 6208 2299 4162 
4457 6205 6207 4162 2166 
4458 2165 6210 6209 6202 
4459 6210 2315 6211 6209 
4460 6209 6211 2314 2335 
4461 6202 6209 2335 2269 
4462 2315 6213 6212 6211 
4463 6213 2263 6214 6212 
4464 6212 6214 2316 2358 
4465 6211 6212 2358 2314 
4466 2150 6216 6215 6199 
4467 6216 2350 6217 6215 
4468 6215 6217 2349 2391 
4469 6199 6215 2391 2265 
4470 2350 6219 6218 6217 
4471 6219 2259 6220 6218 
4472 6218 6220 2351 2437 
4473 6217 6218 2437 2349 
4474 2263 6222 6221 6214 
4475 6222 2354 6223 6221 
4476 6221 6223 2353 2372 
4477 6214 6221 2372 2316 
4478 2354 6225 6224 6223 
4479 6225 2265 6226 6224 
4480 6224 6226 2355 2395 
4481 6223 6224 2395 2353 
4482 2336 6228 6227 2363 
4483 6228 2357 2379 6227 
4484 6227 2379 2360 6229 
4485 2363 6227 6229 2317 
4486 2317 6229 6230 4176 
4487 6229 2360 4179 6230 
4488 6230 4179 2375 6231 
4489 4176 6230 6231 2343 
4490 2265 6233 6232 6226 
4491 6233 2391 6234 6232 
4492 6232 6234 2390 2406 
4493 6226 6232 2406 2355 
4494 2391 6236 6235 6234 
4495 6236 2349 6237 6235 
4496 6235 6237 2392 2441 
4497 6234 6235 2441 2390 
4498 2373 6239 6238 2400 
4499 6239 2394 2413 6238 
4500 6238 2413 2397 6240 
4501 2400 6238 6240 2356 
4502 2405 6242 6241 2422 
4503 6242 2407 2459 6241 
4504 6241 2459 2393 4196 
4505 2422 6241 4196 2408 
4506 2356 6240 6243 4186 
4507 6240 2397 4189 6243 
4508 6243 4189 2409 6244 
4509 4186 6243 6244 2384 
4510 650 6246 6245 6166 
4511 6246 2425 6247 6245 
4512 6245 6247 2424 2585 
4513 6166 6245 2585 2146 
4514 2425 6249 6248 6247 
4515 6249 876 6250 6248 
4516 6248 6250 2426 2742 
4517 6247 6248 2742 2424 
4518 2144 6252 6251 6193 
4519 6252 2429 6253 6251 
4520 6251 6253 2428 2506 
4521 6193 6251 2506 2261 
4522 2429 6255 6254 6253 
4523 6255 2146 6256 6254 
4524 6254 6256 2430 2589 
4525 6253 6254 2589 2428 
4526 2259 6258 6257 6220 
4527 6258 2433 6259 6257 
4528 6257 6259 2432 2479 
4529 6220 6257 2479 2351 
4530 2433 6261 6260 6259 
4531 6261 2261 6262 6260 
4532 6260 6262 2434 2510 
4533 6259 6260 2510 2432 
4534 2349 6264 6263 6237 
4535 6264 2437 6265 6263 
4536 6263 6265 2436 2464 
4537 6237 6263 2464 2392 
4538 2437 6267 6266 6265 
4539 6267 2351 6268 6266 
4540 6266 6268 2438 2483 
4541 6265 6266 2483 2436 
4542 2288 2527 6269 6270 
4543 2527 2446 4268 6269 
4544 6269 4268 2448 6271 
4545 6270 6269 6271 2157 
4546 2393 2462 6272 4197 
4547 2462 2443 4200 6272 
4548 6272 4200 2455 6273 
4549 4197 6272 6273 2418 
4550 2463 6275 6274 2476 
4551 6275 2465 2493 6274 
4552 6274 2493 2439 6276 
4553 2476 6274 6276 2466 
4554 2466 6276 6277 4204 
4555 6276 2439 4207 6277 
4556 6277 4207 2472 6278 
4557 4204 6277 6278 2471 
4558 2351 6280 6279 6268 
4559 6280 2479 6281 6279 
4560 6279 6281 2478 2498 
4561 6268 6279 2498 2438 
4562 2479 6283 6282 6281 
4563 6283 2432 6284 6282 
4564 6282 6284 2480 2514 
4565 6281 6282 2514 2478 
4566 2484 6286 6285 2503 
4567 6286 2497 2521 6285 
4568 6285 2521 2500 4214 
4569 2503 6285 4214 2262 
4570 2261 6288 6287 6262 
4571 6288 2506 6289 6287 
4572 6287 6289 2505 2551 
4573 6262 6287 2551 2434 
4574 2506 6291 6290 6289 
4575 6291 2428 6292 6290 
4576 6290 6292 2507 2593 
4577 6289 6290 2593 2505 
4578 2432 6294 6293 6284 
4579 6294 2510 6295 6293 
4580 6293 6295 2509 2539 
4581 6284 6293 2539 2480 
4582 2510 6297 6296 6295 
4583 6297 2434 6298 6296 
4584 6296 6298 2511 2555 
4585 6295 6296 2555 2509 
4586 2513 6300 6299 2536 
4587 6300 2515 2546 6299 
4588 6299 2546 2435 4222 
4589 2536 6299 4222 2516 
4590 2500 2524 6301 4215 
4591 2524 2481 4218 6301 
4592 6301 4218 2518 6302 
4593 4215 6301 6302 2517 
4594 2525 2608 6303 6304 
4595 2608 2526 4272 6303 
4596 6303 4272 2446 6305 
4597 6304 6303 6305 2527 
4598 2450 2564 6306 6307 
4599 2564 2525 6304 6306 
4600 6306 6304 2527 6308 
4601 6307 6306 6308 2288 
4602 2435 2549 6309 4223 
4603 2549 2541 4226 6309 
4604 6309 4226 2542 6310 
4605 4223 6309 6310 2532 
4606 2434 6312 6311 6298 
4607 6312 2551 6313 6311 
4608 6311 6313 2550 2566 
4609 6298 6311 2566 2511 
4610 2551 6315 6314 6313 
4611 6315 2505 6316 6314 
4612 6314 6316 2552 2597 
4613 6313 6314 2597 2550 
4614 2540 6318 6317 2560 
4615 6318 2554 2573 6317 
4616 6317 2573 2557 4230 
4617 2560 6317 4230 2512 
4618 2565 6320 6319 2582 
4619 6320 2567 2613 6319 
4620 6319 2613 2553 4238 
4621 2582 6319 4238 2568 
4622 2557 2576 6321 4231 
4623 2576 2147 4234 6321 
4624 6321 4234 2570 6322 
4625 4231 6321 6322 2569 
4626 2146 6324 6323 6256 
4627 6324 2585 6325 6323 
4628 6323 6325 2584 2664 
4629 6256 6323 2664 2430 
4630 2585 6327 6326 6325 
4631 6327 2424 6328 6326 
4632 6326 6328 2586 2746 
4633 6325 6326 2746 2584 
4634 2428 6330 6329 6292 
4635 6330 2589 6331 6329 
4636 6329 6331 2588 2626 
4637 6292 6329 2626 2507 
4638 2589 6333 6332 6331 
4639 6333 2430 6334 6332 
4640 6332 6334 2590 2668 
4641 6331 6332 2668 2588 
4642 2505 6336 6335 6316 
4643 6336 2593 6337 6335 
4644 6335 6337 2592 2618 
4645 6316 6335 2618 2552 
4646 2593 6339 6338 6337 
4647 6339 2507 6340 6338 
4648 6338 6340 2594 2630 
4649 6337 6338 2630 2592 
4650 2606 2646 6341 6342 
4651 2646 2607 4276 6341 
4652 6341 4276 2526 6343 
4653 6342 6341 6343 2608 
4654 2563 2635 6344 6345 
4655 2635 2606 6342 6344 
4656 6344 6342 2608 6346 
4657 6345 6344 6346 2525 
4658 2553 2616 6347 4239 
4659 2616 2599 4242 6347 
4660 6347 4242 2609 6348 
4661 4239 6347 6348 2578 
4662 2598 6350 6349 2623 
4663 6350 2617 2637 6349 
4664 6349 2637 2620 4246 
4665 2623 6349 4246 2508 
4666 2507 6352 6351 6340 
4667 6352 2626 6353 6351 
4668 6351 6353 2625 2652 
4669 6340 6351 2652 2594 
4670 2626 6355 6354 6353 
4671 6355 2588 6356 6354 
4672 6354 6356 2627 2672 
4673 6353 6354 2672 2625 
4674 2629 6358 6357 2649 
4675 6358 2631 2659 6357 
4676 6357 2659 2431 4254 
4677 2649 6357 4254 2632 
4678 2620 2640 6359 4247 
4679 2640 2595 4250 6359 
4680 6359 4250 2634 6360 
4681 4247 6359 6360 2633 
4682 2651 6362 6361 2661 
4683 6362 2653 2685 6361 
4684 6361 2685 2628 6363 
4685 2661 6361 6363 2654 
4686 2431 2662 6364 4255 
4687 2662 2654 6365 6364 
4688 6364 6365 2655 6366 
4689 4255 6364 6366 2645 
4690 2654 6363 6367 6365 
4691 6363 2628 6368 6367 
4692 6367 6368 2656 4281 
4693 6365 6367 4281 2655 
4694 2645 6366 6369 6370 
4695 6366 2655 4280 6369 
4696 6369 4280 2657 6371 
4697 6370 6369 6371 2607 
4698 2430 6373 6372 6334 
4699 6373 2664 6374 6372 
4700 6372 6374 2663 2698 
4701 6334 6372 2698 2590 
4702 2664 6376 6375 6374 
4703 6376 2584 6377 6375 
4704 6375 6377 2665 2750 
4705 6374 6375 2750 2663 
4706 2588 6379 6378 6356 
4707 6379 2668 6380 6378 
4708 6378 6380 2667 2690 
4709 6356 6378 2690 2627 
4710 2668 6382 6381 6380 
4711 6382 2590 6383 6381 
4712 6381 6383 2669 2702 
4713 6380 6381 2702 2667 
4714 2628 2688 6384 6368 
4715 2688 2674 6385 6384 
4716 6384 6385 2681 6386 
4717 6368 6384 6386 2656 
4718 2674 2696 6387 6385 
4719 2696 2591 6388 6387 
4720 6387 6388 2682 4289 
4721 6385 6387 4289 2681 
4722 2656 6386 6389 4282 
4723 6386 2681 4288 6389 
4724 6389 4288 2683 6390 
4725 4282 6389 6390 2641 
4726 2673 6392 6391 2695 
4727 6392 2689 2709 6391 
4728 6391 2709 2692 6393 
4729 2695 6391 6393 2591 
4730 2590 6395 6394 6383 
4731 6395 2698 6396 6394 
4732 6394 6396 2697 2724 
4733 6383 6394 2724 2669 
4734 2698 6398 6397 6396 
4735 6398 2663 6399 6397 
4736 6397 6399 2699 2754 
4737 6396 6397 2754 2697 
4738 2701 6401 6400 2721 
4739 6401 2703 2731 6400 
4740 6400 2731 18 6402 
4741 2721 6400 6402 2704 
4742 2591 6393 6403 6388 
4743 6393 2692 6404 6403 
4744 6403 6404 2705 4299 
4745 6388 6403 4299 2682 
4746 2692 2712 6405 6404 
4747 2712 2670 6406 6405 
4748 6405 6406 2706 6407 
4749 6404 6405 6407 2705 
4750 2705 6407 6408 4300 
4751 6407 2706 4306 6408 
4752 6408 4306 2678 6409 
4753 4300 6408 6409 2707 
4754 2670 2722 6410 6406 
4755 2722 2704 6411 6410 
4756 6410 6411 2716 4307 
4757 6406 6410 4307 2706 
4758 2704 6402 6412 6411 
4759 6402 18 6413 6412 
4760 6412 6413 2717 4311 
4761 6411 6412 4311 2716 
4762 2723 6415 6414 2733 
4763 6415 2725 2770 6414 
4764 6414 2770 2700 6416 
4765 2733 6414 6416 2726 
4766 18 2734 6417 6413 
4767 2734 2726 6418 6417 
4768 6417 6418 2727 6419 
4769 6413 6417 6419 2717 
4770 2726 6416 6420 6418 
4771 6416 2700 6421 6420 
4772 6420 6421 2728 4330 
4773 6418 6420 4330 2727 
4774 2717 6419 6422 4312 
4775 6419 2727 4329 6422 
4776 6422 4329 2729 6423 
4777 4312 6422 6423 2679 
4778 645 6425 6424 5634 
4779 6425 2736 6426 6424 
4780 6424 6426 2735 3062 
4781 5634 6424 3062 878 
4782 2736 6428 6427 6426 
4783 6428 647 6429 6427 
4784 6427 6429 2737 3355 
4785 6426 6427 3355 2735 
4786 876 6431 6430 6250 
4787 6431 2739 6432 6430 
4788 6430 6432 2738 2886 
4789 6250 6430 2886 2426 
4790 2739 6434 6433 6432 
4791 6434 878 6435 6433 
4792 6433 6435 2740 3065 
4793 6432 6433 3065 2738 
4794 2424 6437 6436 6328 
4795 6437 2742 6438 6436 
4796 6436 6438 2741 2821 
4797 6328 6436 2821 2586 
4798 2742 6440 6439 6438 
4799 6440 2426 6441 6439 
4800 6439 6441 2743 2890 
4801 6438 6439 2890 2741 
4802 2584 6443 6442 6377 
4803 6443 2746 6444 6442 
4804 6442 6444 2745 2783 
4805 6377 6442 2783 2665 
4806 2746 6446 6445 6444 
4807 6446 2586 6447 6445 
4808 6445 6447 2747 2825 
4809 6444 6445 2825 2745 
4810 2663 6449 6448 6399 
4811 6449 2750 6450 6448 
4812 6448 6450 2749 2775 
4813 6399 6448 2775 2699 
4814 2750 6452 6451 6450 
4815 6452 2665 6453 6451 
4816 6451 6453 2751 2787 
4817 6450 6451 2787 2749 
4818 2700 2773 6454 6421 
4819 2773 2756 6455 6454 
4820 6454 6455 2766 6456 
4821 6421 6454 6456 2728 
4822 2756 2781 6457 6455 
4823 2781 2666 6458 6457 
4824 6457 6458 2767 4338 
4825 6455 6457 4338 2766 
4826 2728 6456 6459 4331 
4827 6456 2766 4337 6459 
4828 6459 4337 2768 6460 
4829 4331 6459 6460 2713 
4830 2755 6462 6461 2780 
4831 6462 2774 2794 6461 
4832 6461 2794 2777 6463 
4833 2780 6461 6463 2666 
4834 2665 6465 6464 6453 
4835 6465 2783 6466 6464 
4836 6464 6466 2782 2802 
4837 6453 6464 2802 2751 
4838 2783 6468 6467 6466 
4839 6468 2745 6469 6467 
4840 6467 6469 2784 2829 
4841 6466 6467 2829 2782 
4842 2776 6471 6470 2796 
4843 6471 2786 2809 6470 
4844 6470 2809 2789 6472 
4845 2796 6470 6472 2752 
4846 2666 6463 6473 6458 
4847 6463 2777 6474 6473 
4848 6473 6474 2790 4348 
4849 6458 6473 4348 2767 
4850 2777 2797 6475 6474 
4851 2797 2752 6476 6475 
4852 6475 6476 2791 6477 
4853 6474 6475 6477 2790 
4854 2790 6477 6478 4349 
4855 6477 2791 4355 6478 
4856 6478 4355 2763 6479 
4857 4349 6478 6479 2792 
4858 2801 6481 6480 2818 
4859 6481 2803 2842 6480 
4860 6480 2842 2785 6482 
4861 2818 6480 6482 2804 
4862 2752 6472 6483 6476 
4863 6472 2789 6484 6483 
4864 6483 6484 2805 4356 
4865 6476 6483 4356 2791 
4866 2789 2812 6485 6484 
4867 2812 2587 6486 6485 
4868 6485 6486 2806 6487 
4869 6484 6485 6487 2805 
4870 2805 6487 6488 4357 
4871 6487 2806 4369 6488 
4872 6488 4369 2764 6489 
4873 4357 6488 6489 2807 
4874 2587 2819 6490 6486 
4875 2819 2804 6491 6490 
4876 6490 6491 2813 4370 
4877 6486 6490 4370 2806 
4878 2804 6482 6492 6491 
4879 6482 2785 6493 6492 
4880 6492 6493 2814 4374 
4881 6491 6492 4374 2813 
4882 2586 6495 6494 6447 
4883 6495 2821 6496 6494 
4884 6494 6496 2820 2859 
4885 6447 6494 2859 2747 
4886 2821 6498 6497 6496 
4887 6498 2741 6499 6497 
4888 6497 6499 2822 2894 
4889 6496 6497 2894 2820 
4890 2745 6501 6500 6469 
4891 6501 2825 6502 6500 
4892 6500 6502 2824 2847 
4893 6469 6500 2847 2784 
4894 2825 6504 6503 6502 
4895 6504 2747 6505 6503 
4896 6503 6505 2826 2863 
4897 6502 6503 2863 2824 
4898 2828 6507 6506 2844 
4899 6507 2830 2854 6506 
4900 6506 2854 2748 6508 
4901 2844 6506 6508 2831 
4902 2785 2845 6509 6493 
4903 2845 2831 6510 6509 
4904 6509 6510 2838 6511 
4905 6493 6509 6511 2814 
4906 2831 6508 6512 6510 
4907 6508 2748 6513 6512 
4908 6512 6513 2839 4382 
4909 6510 6512 4382 2838 
4910 2814 6511 6514 4375 
4911 6511 2838 4381 6514 
4912 6514 4381 2840 6515 
4913 4375 6514 6515 2798 
4914 2748 2857 6516 6513 
4915 2857 2849 6517 6516 
4916 6516 6517 2850 6518 
4917 6513 6516 6518 2839 
4918 2849 2869 6519 6517 
4919 2869 2827 6520 6519 
4920 6519 6520 2851 4393 
4921 6517 6519 4393 2850 
4922 2839 6518 6521 4383 
4923 6518 2850 4392 6521 
4924 6521 4392 2852 6522 
4925 4383 6521 6522 2799 
4926 2747 6524 6523 6505 
4927 6524 2859 6525 6523 
4928 6523 6525 2858 2874 
4929 6505 6523 2874 2826 
4930 2859 6527 6526 6525 
4931 6527 2820 6528 6526 
4932 6526 6528 2860 2898 
4933 6525 6526 2898 2858 
4934 2848 6530 6529 2868 
4935 6530 2862 2881 6529 
4936 6529 2881 2865 6531 
4937 2868 6529 6531 2827 
4938 2864 6533 6532 2883 
4939 6533 2873 2905 6532 
4940 6532 2905 2876 6534 
4941 2883 6532 6534 2427 
4942 2827 6531 6535 6520 
4943 6531 2865 6536 6535 
4944 6535 6536 2877 4400 
4945 6520 6535 4400 2851 
4946 2865 2884 6537 6536 
4947 2884 2427 6538 6537 
4948 6537 6538 2878 6539 
4949 6536 6537 6539 2877 
4950 2877 6539 6540 4401 
4951 6539 2878 4415 6540 
4952 6540 4415 2836 6541 
4953 4401 6540 6541 2879 
4954 2426 6543 6542 6441 
4955 6543 2886 6544 6542 
4956 6542 6544 2885 2981 
4957 6441 6542 2981 2743 
4958 2886 6546 6545 6544 
4959 6546 2738 6547 6545 
4960 6545 6547 2887 3068 
4961 6544 6545 3068 2885 
4962 2741 6549 6548 6499 
4963 6549 2890 6550 6548 
4964 6548 6550 2889 2946 
4965 6499 6548 2946 2822 
4966 2890 6552 6551 6550 
4967 6552 2743 6553 6551 
4968 6551 6553 2891 2984 
4969 6550 6551 2984 2889 
4970 2820 6555 6554 6528 
4971 6555 2894 6556 6554 
4972 6554 6556 2893 2931 
4973 6528 6554 2931 2860 
4974 2894 6558 6557 6556 
4975 6558 2822 6559 6557 
4976 6557 6559 2895 2949 
4977 6556 6557 2949 2893 
4978 2427 6534 6560 6538 
4979 6534 2876 6561 6560 
4980 6560 6561 2901 4416 
4981 6538 6560 4416 2878 
4982 2876 2908 6562 6561 
4983 2908 2861 6563 6562 
4984 6562 6563 2902 6564 
4985 6561 6562 6564 2901 
4986 2901 6564 6565 4417 
4987 6564 2902 6566 6565 
4988 6565 6566 2870 6567 
4989 4417 6565 6567 2903 
4990 2861 6569 6568 6563 
4991 6569 2900 2926 6568 
4992 6568 2926 2918 6570 
4993 6563 6568 6570 2902 
4994 2902 6570 6571 6566 
4995 6570 2918 6572 6571 
4996 6571 6572 2920 4424 
4997 6566 6571 4424 2870 
4998 2922 6574 6573 2935 
4999 6574 2896 2952 6573 
5000 6573 2952 2923 6575 
5001 2935 6573 6575 2921 
5002 2921 6575 6576 6577 
5003 6575 2923 6578 6576 
5004 6576 6578 2915 4442 
5005 6577 6576 4442 2924 
5006 2919 2936 6579 6580 
5007 2936 2921 6577 6579 
5008 6579 6577 2924 4435 
5009 6580 6579 4435 2871 
5010 2942 6582 6581 2954 
5011 6582 2744 2964 6581 
5012 6581 2964 2943 6583 
5013 2954 6581 6583 2941 
5014 2941 6583 6584 6585 
5015 6583 2943 6586 6584 
5016 6584 6586 2916 4455 
5017 6585 6584 4455 2944 
5018 2923 2955 6587 6578 
5019 2955 2941 6585 6587 
5020 6587 6585 2944 6588 
5021 6578 6587 6588 2915 
5022 2822 6590 6589 6559 
5023 6590 2946 6591 6589 
5024 6589 6591 2945 2961 
5025 6559 6589 2961 2895 
5026 2946 6593 6592 6591 
5027 6593 2889 6594 6592 
5028 6592 6594 2947 2987 
5029 6591 6592 2987 2945 
5030 2957 6596 6595 2966 
5031 6596 2938 2990 6595 
5032 6595 2990 2958 6597 
5033 2966 6595 6597 2956 
5034 2956 6597 6598 6599 
5035 6597 2958 6600 6598 
5036 6598 6600 2937 4463 
5037 6599 6598 4463 2959 
5038 2943 2967 6601 6586 
5039 2967 2956 6599 6601 
5040 6601 6599 2959 6602 
5041 6586 6601 6602 2916 
5042 2977 6604 6603 2992 
5043 6604 2892 3002 6603 
5044 6603 3002 2978 6605 
5045 2992 6603 6605 2976 
5046 2976 6605 6606 6607 
5047 6605 2978 6608 6606 
5048 6606 6608 2939 4474 
5049 6607 6606 4474 2979 
5050 2958 2993 6609 6600 
5051 2993 2976 6607 6609 
5052 6609 6607 2979 6610 
5053 6600 6609 6610 2937 
5054 2743 6612 6611 6553 
5055 6612 2981 6613 6611 
5056 6611 6613 2980 3019 
5057 6553 6611 3019 2891 
5058 2981 6615 6614 6613 
5059 6615 2885 6616 6614 
5060 6614 6616 2982 3071 
5061 6613 6614 3071 2980 
5062 2889 6618 6617 6594 
5063 6618 2984 6619 6617 
5064 6617 6619 2983 2999 
5065 6594 6617 2999 2947 
5066 2984 6621 6620 6619 
5067 6621 2891 6622 6620 
5068 6620 6622 2985 3022 
5069 6619 6620 3022 2983 
5070 2978 3005 6623 6608 
5071 3005 2994 6624 6623 
5072 6623 6624 2997 4478 
5073 6608 6623 4478 2939 
5074 2973 6626 6625 3016 
5075 6626 3011 3029 6625 
5076 6625 3029 3010 6627 
5077 3016 6625 6627 2996 
5078 2996 6627 6628 6629 
5079 6627 3010 6630 6628 
5080 6628 6630 3013 4486 
5081 6629 6628 4486 2972 
5082 2891 6632 6631 6622 
5083 6632 3019 6633 6631 
5084 6631 6633 3018 3034 
5085 6622 6631 3034 2985 
5086 3019 6635 6634 6633 
5087 6635 2980 6636 6634 
5088 6634 6636 3020 3074 
5089 6633 6634 3074 3018 
5090 873 6638 6637 3031 
5091 6638 3025 3057 6637 
5092 6637 3057 3024 6639 
5093 3031 6637 6639 3012 
5094 3012 6639 6640 6641 
5095 6639 3024 6642 6640 
5096 6640 6642 3027 4496 
5097 6641 6640 4496 2974 
5098 3007 6644 6643 3059 
5099 6644 3053 3081 6643 
5100 6643 3081 3052 6645 
5101 3059 6643 6645 3026 
5102 3026 6645 6646 6647 
5103 6645 3052 6648 6646 
5104 6646 6648 3055 4504 
5105 6647 6646 4504 3006 
5106 878 6650 6649 6435 
5107 6650 3062 6651 6649 
5108 6649 6651 3061 3176 
5109 6435 6649 3176 2740 
5110 3062 6653 6652 6651 
5111 6653 2735 6654 6652 
5112 6652 6654 3063 3358 
5113 6651 6652 3358 3061 
5114 2738 6656 6655 6547 
5115 6656 3065 6657 6655 
5116 6655 6657 3064 3160 
5117 6547 6655 3160 2887 
5118 3065 6659 6658 6657 
5119 6659 2740 6660 6658 
5120 6658 6660 3066 3179 
5121 6657 6658 3179 3064 
5122 2885 6662 6661 6616 
5123 6662 3068 6663 6661 
5124 6661 6663 3067 3102 
5125 6616 6661 3102 2982 
5126 3068 6665 6664 6663 
5127 6665 2887 6666 6664 
5128 6664 6666 3069 3634 
5129 6663 6664 3634 3067 
5130 2980 6668 6667 6636 
5131 6668 3071 6669 6667 
5132 6667 6669 3070 3086 
5133 6636 6667 3086 3020 
5134 3071 6671 6670 6669 
5135 6671 2982 6672 6670 
5136 6670 6672 3072 3105 
5137 6669 6670 3105 3070 
5138 2969 6674 6673 3083 
5139 6674 3077 3097 6673 
5140 6673 3097 3076 6675 
5141 3083 6673 6675 3054 
5142 3076 3100 6676 6677 
5143 3100 3078 6678 6676 
5144 6676 6678 3048 4515 
5145 6677 6676 4515 3079 
5146 3054 6675 6679 6680 
5147 6675 3076 6677 6679 
5148 6679 6677 3079 4511 
5149 6680 6679 4511 3008 
5150 3078 3118 6681 6678 
5151 3118 3092 3147 6681 
5152 6681 3147 3095 6682 
5153 6678 6681 6682 3048 
5154 2982 6684 6683 6672 
5155 6684 3102 6685 6683 
5156 6683 6685 3101 3620 
5157 6672 6683 3620 3072 
5158 3102 6687 6686 6685 
5159 6687 3067 6688 6686 
5160 6686 6688 3103 3637 
5161 6685 6686 3637 3101 
5162 3108 6690 6689 3624 
5163 6690 3089 3640 6689 
5164 6689 3640 3109 6691 
5165 3624 6689 6691 3107 
5166 3107 6691 6692 6693 
5167 6691 3109 6694 6692 
5168 6692 6694 3088 4835 
5169 6693 6692 4835 3110 
5170 3094 3625 6695 3148 
5171 3625 3107 6693 6695 
5172 6695 6693 3110 6696 
5173 3148 6695 6696 3050 
5174 3135 6698 6697 4945 
5175 6698 3134 6699 6697 
5176 6697 6699 3137 4950 
5177 4945 6697 4950 884 
5178 3048 6682 6700 4516 
5179 6682 3095 4527 6700 
5180 6700 4527 3142 6701 
5181 4516 6700 6701 3143 
5182 2887 6703 6702 6666 
5183 6703 3160 6704 6702 
5184 6702 6704 3159 3661 
5185 6666 6702 3661 3069 
5186 3160 6706 6705 6704 
5187 6706 3064 6707 6705 
5188 6705 6707 3161 3183 
5189 6704 6705 3183 3159 
5190 2740 6709 6708 6660 
5191 6709 3176 6710 6708 
5192 6708 6710 3175 3260 
5193 6660 6708 3260 3066 
5194 3176 6712 6711 6710 
5195 6712 3061 6713 6711 
5196 6711 6713 3177 3361 
5197 6710 6711 3361 3175 
5198 3064 6715 6714 6707 
5199 6715 3179 6716 6714 
5200 6714 6716 3178 3223 
5201 6707 6714 3223 3161 
5202 3179 6718 6717 6716 
5203 6718 3066 6719 6717 
5204 6717 6719 3180 3263 
5205 6716 6717 3263 3178 
5206 6720 6721 874 6722 
5207 5077 6720 6722 3204 
5208 2910 3687 6723 6724 
5209 3687 3158 6725 6723 
5210 3158 3212 6726 6725 
5211 3212 3040 5147 6726 
5212 3170 3221 6727 6728 
5213 3221 3193 6729 6727 
5214 6727 6729 3213 4544 
5215 6728 6727 4544 3214 
5216 3193 3232 6730 6729 
5217 3232 3173 6731 6730 
5218 6730 6731 3215 6732 
5219 6729 6730 6732 3213 
5220 3213 6732 6733 4545 
5221 6732 3215 4551 6733 
5222 6733 4551 3157 6734 
5223 4545 6733 6734 3216 
5224 3192 6736 6735 3231 
5225 6736 3225 3255 6735 
5226 6735 3255 3228 6737 
5227 3231 6735 6737 3173 
5228 3227 6739 6738 3257 
5229 6739 3241 3273 6738 
5230 6738 3273 3244 6740 
5231 3257 6738 6740 3185 
5232 3173 6737 6741 6731 
5233 6737 3228 6742 6741 
5234 6741 6742 3251 4552 
5235 6731 6741 4552 3215 
5236 3228 3258 6743 6742 
5237 3258 3185 6744 6743 
5238 6743 6744 3252 6745 
5239 6742 6743 6745 3251 
5240 3251 6745 6746 4553 
5241 6745 3252 4559 6746 
5242 6746 4559 3188 6747 
5243 4553 6746 6747 3253 
5244 3066 6749 6748 6719 
5245 6749 3260 6750 6748 
5246 6748 6750 3259 3297 
5247 6719 6748 3297 3180 
5248 3260 6752 6751 6750 
5249 6752 3175 6753 6751 
5250 6751 6753 3261 3364 
5251 6750 6751 3364 3259 
5252 3243 6755 6754 3275 
5253 6755 3265 3292 6754 
5254 6754 3292 3268 6756 
5255 3275 6754 6756 3187 
5256 3185 6740 6757 6744 
5257 6740 3244 6758 6757 
5258 6757 6758 3269 4560 
5259 6744 6757 4560 3252 
5260 3244 3276 6759 6758 
5261 3276 3187 6760 6759 
5262 6759 6760 3270 6761 
5263 6758 6759 6761 3269 
5264 3269 6761 6762 4561 
5265 6761 3270 4567 6762 
5266 6762 4567 3166 6763 
5267 4561 6762 6763 3271 
5268 3267 6765 6764 3294 
5269 6765 3281 3307 6764 
5270 6764 3307 3284 6766 
5271 3294 6764 6766 3237 
5272 3187 6756 6767 6760 
5273 6756 3268 6768 6767 
5274 6767 6768 3288 4568 
5275 6760 6767 4568 3270 
5276 3268 3295 6769 6768 
5277 3295 3237 6770 6769 
5278 6769 6770 3289 6771 
5279 6768 6769 6771 3288 
5280 3288 6771 6772 4569 
5281 6771 3289 4575 6772 
5282 6772 4575 3240 6773 
5283 4569 6772 6773 3290 
5284 3283 6775 6774 3309 
5285 6775 3299 3350 6774 
5286 6774 3350 3302 6776 
5287 3309 6774 6776 3239 
5288 3237 6766 6777 6770 
5289 6766 3284 6778 6777 
5290 6777 6778 3303 4576 
5291 6770 6777 4576 3289 
5292 3284 3310 6779 6778 
5293 3310 3239 6780 6779 
5294 6779 6780 3304 6781 
5295 6778 6779 6781 3303 
5296 3303 6781 6782 4577 
5297 6781 3304 4583 6782 
5298 6782 4583 3168 6783 
5299 4577 6782 6783 3305 
5300 3235 4608 6784 4588 
5301 4608 3319 6785 6784 
5302 6784 6785 3322 6786 
5303 4588 6784 6786 3162 
5304 3324 6788 6787 3368 
5305 6788 3163 6789 6787 
5306 6787 6789 3325 4610 
5307 3368 6787 4610 3323 
5308 3301 6791 6790 3352 
5309 6791 3327 3374 6790 
5310 6790 3374 3330 6792 
5311 3352 6790 6792 3277 
5312 874 3339 6793 5074 
5313 3339 3039 6794 6793 
5314 6793 6794 3334 6795 
5315 5074 6793 6795 3128 
5316 3039 5188 6796 6794 
5317 5188 879 6797 6796 
5318 6796 6797 3335 6798 
5319 6794 6796 6798 3334 
5320 6799 6800 3338 6801 
5321 6802 6803 3339 6804 
5322 6721 6802 6804 874 
5323 3236 4589 6805 5177 
5324 4589 3162 6806 6805 
5325 6805 6806 3341 6807 
5326 5177 6805 6807 3340 
5327 3340 6807 6808 5332 
5328 6807 3341 6809 6808 
5329 6808 6809 3165 6810 
5330 5332 6808 6810 3342 
5331 3239 6776 6811 6780 
5332 6776 3302 6812 6811 
5333 6811 6812 3346 4584 
5334 6780 6811 4584 3304 
5335 3302 3353 6813 6812 
5336 3353 3277 6814 6813 
5337 6813 6814 3347 6815 
5338 6812 6813 6815 3346 
5339 3346 6815 6816 4585 
5340 6815 3347 4594 6816 
5341 6816 4594 3280 6817 
5342 4585 6816 6817 3348 
5343 2735 6819 6818 6654 
5344 6819 3355 6820 6818 
5345 6818 6820 3354 3391 
5346 6654 6818 3391 3063 
5347 3355 6822 6821 6820 
5348 6822 2737 6823 6821 
5349 6821 6823 3356 3403 
5350 6820 6821 3403 3354 
5351 3061 6825 6824 6713 
5352 6825 3358 6826 6824 
5353 6824 6826 3357 4626 
5354 6713 6824 4626 3177 
5355 3358 6828 6827 6826 
5356 6828 3063 6829 6827 
5357 6827 6829 3359 4634 
5358 6826 6827 4634 3357 
5359 3261 6831 6830 3365 
5360 6831 3360 6832 6830 
5361 6830 6832 3320 4606 
5362 3365 6830 4606 3163 
5363 3277 6792 6833 6814 
5364 6792 3330 6834 6833 
5365 6833 6834 3370 4595 
5366 6814 6833 4595 3347 
5367 3330 3377 6835 6834 
5368 3377 3279 6836 6835 
5369 6835 6836 3371 4602 
5370 6834 6835 4602 3370 
5371 3037 6838 6837 4623 
5372 6838 3379 4629 6837 
5373 6837 4629 3378 6839 
5374 4623 6837 6839 3321 
5375 3063 6841 6840 6829 
5376 6841 3391 6842 6840 
5377 6840 6842 3390 4648 
5378 6829 6840 4648 3359 
5379 3391 6844 6843 6842 
5380 6844 3354 6845 6843 
5381 6843 6845 3392 4655 
5382 6842 6843 4655 3390 
5383 3354 6847 6846 6845 
5384 6847 3403 6848 6846 
5385 6846 6848 3402 4667 
5386 6845 6846 4667 3392 
5387 3403 6850 6849 6848 
5388 6850 3356 6851 6849 
5389 6849 6851 3404 4678 
5390 6848 6849 4678 3402 
5391 3394 6853 6852 4675 
5392 6853 3410 4681 6852 
5393 6852 4681 3409 6854 
5394 4675 6852 6854 3407 
5395 396 6856 6855 5497 
5396 6856 3421 6857 6855 
5397 6855 6857 3420 3431 
5398 5497 6855 3431 416 
5399 3421 6859 6858 6857 
5400 6859 398 6860 6858 
5401 6858 6860 3422 3437 
5402 6857 6858 3437 3420 
5403 411 3429 6861 6862 
5404 3429 412 5651 6861 
5405 6861 5651 180 6863 
5406 6862 6861 6863 413 
5407 3428 4706 6864 6865 
5408 4706 946 5663 6864 
5409 6864 5663 412 6866 
5410 6865 6864 6866 3429 
5411 3414 4699 6867 6868 
5412 4699 3428 6865 6867 
5413 6867 6865 3429 6869 
5414 6868 6867 6869 411 
5415 3422 6871 6870 3438 
5416 6871 3434 6872 6870 
5417 6870 6872 947 3709 
5418 3438 6870 3709 136 
5419 2118 6874 6873 6149 
5420 6874 2120 6875 6873 
5421 6873 6875 2046 3457 
5422 6149 6873 3457 2097 
5423 2097 6877 6876 6155 
5424 6877 3457 6878 6876 
5425 6876 6878 3456 3468 
5426 6155 6876 3468 2123 
5427 3457 6880 6879 6878 
5428 6880 2046 6881 6879 
5429 6879 6881 3458 3479 
5430 6878 6879 3479 3456 
5431 2096 3470 6882 6160 
5432 3470 3459 6883 6882 
5433 6882 6883 3464 4755 
5434 6160 6882 4755 2133 
5435 3459 3481 6884 6883 
5436 3481 2098 6885 6884 
5437 6884 6885 3465 4759 
5438 6883 6884 4759 3464 
5439 2120 6887 6886 6875 
5440 6887 3471 6888 6886 
5441 6886 6888 3453 3475 
5442 6875 6886 3475 2046 
5443 2046 6890 6889 6881 
5444 6890 3475 6891 6889 
5445 6889 6891 3474 3491 
5446 6881 6889 3491 3458 
5447 2098 3493 6892 6885 
5448 3493 3477 6893 6892 
5449 6892 6893 3487 4766 
5450 6885 6892 4766 3465 
5451 3477 6895 6894 6893 
5452 6895 3452 6896 6894 
5453 6894 6896 3488 4770 
5454 6893 6894 4770 3487 
5455 3452 6898 6897 6896 
5456 6898 3499 3513 6897 
5457 6897 3513 3498 4777 
5458 6896 6897 4777 3488 
5459 3568 3592 6899 4814 
5460 3592 3570 4819 6899 
5461 6899 4819 2045 6900 
5462 4814 6899 6900 3571 
5463 3585 3608 6901 4820 
5464 3608 3587 6902 6901 
5465 6901 6902 2182 4824 
5466 4820 6901 4824 3588 
5467 2179 6904 6903 3607 
5468 6904 3603 3612 6903 
5469 6903 3612 3602 6905 
5470 3607 6903 6905 3587 
5471 3602 3615 6906 6907 
5472 3615 2191 6177 6906 
5473 6906 6177 2156 4118 
5474 6907 6906 4118 3604 
5475 3587 6905 6908 6902 
5476 6905 3602 6907 6908 
5477 6908 6907 3604 4828 
5478 6902 6908 4828 2182 
5479 3630 6910 6909 3642 
5480 6910 3045 3652 6909 
5481 6909 3652 3631 6911 
5482 3642 6909 6911 3629 
5483 3629 6911 6912 6913 
5484 6911 3631 6914 6912 
5485 6912 6914 3090 4845 
5486 6913 6912 4845 3632 
5487 3109 3643 6915 6694 
5488 3643 3629 6913 6915 
5489 6915 6913 3632 6916 
5490 6694 6915 6916 3088 
5491 3067 6918 6917 6688 
5492 6918 3634 6919 6917 
5493 6917 6919 3633 3649 
5494 6688 6917 3649 3103 
5495 3634 6921 6920 6919 
5496 6921 3069 6922 6920 
5497 6920 6922 3635 3663 
5498 6919 6920 3663 3633 
5499 3645 6924 6923 3654 
5500 6924 3627 3666 6923 
5501 6923 3666 3646 6925 
5502 3654 6923 6925 3644 
5503 3644 6925 6926 6927 
5504 6925 3646 6928 6926 
5505 6926 6928 3626 4853 
5506 6927 6926 4853 3647 
5507 3631 3655 6929 6914 
5508 3655 3644 6927 6929 
5509 6929 6927 3647 6930 
5510 6914 6929 6930 3090 
5511 3657 6932 6931 3668 
5512 6932 885 3678 6931 
5513 6931 3678 3658 6933 
5514 3668 6931 6933 3656 
5515 3656 6933 6934 6935 
5516 6933 3658 6936 6934 
5517 6934 6936 3195 4860 
5518 6935 6934 4860 3659 
5519 3646 3669 6937 6928 
5520 3669 3656 6935 6937 
5521 6937 6935 3659 6938 
5522 6928 6937 6938 3626 
5523 3069 6940 6939 6922 
5524 6940 3661 6941 6939 
5525 6939 6941 3660 3675 
5526 6922 6939 3675 3635 
5527 3660 6943 6942 3676 
5528 6943 3182 6944 6942 
5529 6942 6944 3156 3683 
5530 3676 6942 3683 3196 
5531 3658 3681 6945 6936 
5532 3681 3670 6946 6945 
5533 6945 6946 3673 6947 
5534 6936 6945 6947 3195 
5535 3682 6949 6948 3695 
5536 6949 3199 3700 6948 
5537 6948 3700 3171 6950 
5538 3695 6948 6950 3684 
5539 3046 4857 6951 6952 
5540 4857 3197 4864 6951 
5541 6951 4864 3685 6953 
5542 6952 6951 6953 3686 
5543 3194 3696 6954 6955 
5544 3696 3684 6956 6954 
5545 6954 6956 3688 4868 
5546 6955 6954 4868 3689 
5547 3684 6950 6957 6956 
5548 6950 3171 6958 6957 
5549 6957 6958 3690 6959 
5550 6956 6957 6959 3688 
5551 3688 6959 6960 4869 
5552 6959 3690 4535 6960 
5553 6960 4535 3155 6961 
5554 4869 6960 6961 3691 
5555 3171 3703 6962 6958 
5556 3703 3201 6963 6962 
5557 6962 6963 3697 4536 
5558 6958 6962 4536 3690 
5559 3201 3706 6964 6963 
5560 3706 3170 6728 6964 
5561 6964 6728 3214 6965 
5562 6963 6964 6965 3697 
5563 3697 6965 6966 4537 
5564 6965 3214 4543 6966 
5565 6966 4543 3174 6967 
5566 4537 6966 6967 3698 
5567 1507 6969 6968 5958 
5568 6969 1556 6970 6968 
5569 6968 6970 3896 3903 
5570 5958 6968 3903 1558 
5571 2223 6972 6971 4134 
5572 6972 1797 4140 6971 
5573 6971 4140 4126 6973 
5574 4134 6971 6973 4125 
5575 2299 6975 6974 4163 
5576 6975 2270 4166 6974 
5577 6974 4166 2326 6976 
5578 4163 6974 6976 4155 
5579 2159 4266 6977 6978 
5580 4266 631 5355 6977 
5581 6977 5355 4261 6979 
5582 6978 6977 6979 4259 
5583 2158 4321 6980 6981 
5584 4321 2602 5373 6980 
5585 6980 5373 4316 6982 
5586 6981 6980 6982 4265 
5587 4265 6982 6983 6984 
5588 6982 4316 5358 6983 
5589 6983 5358 4318 6985 
5590 6984 6983 6985 631 
5591 4405 6988 6986 6987 
5592 6988 4406 4905 6986 
5593 6986 4905 2759 4885 
5594 6987 6986 4885 4407 
5595 2903 6567 6989 6990 
5596 6567 2870 4423 6989 
5597 6989 4423 4412 6991 
5598 6990 6989 6991 4411 
5599 2920 6993 6992 4425 
5600 6993 2871 4434 6992 
5601 6992 4434 4420 6994 
5602 4425 6992 6994 4419 
5603 2915 6588 6995 4443 
5604 6588 2944 4454 6995 
5605 6995 4454 4438 6996 
5606 4443 6995 6996 4431 
5607 2757 4449 6997 6998 
5608 4449 2914 6999 6997 
5609 6997 6999 4445 4906 
5610 6998 6997 4906 4406 
5611 2914 4468 7000 6999 
5612 4468 2758 7001 7000 
5613 7000 7001 3135 4944 
5614 6999 7000 4944 4445 
5615 2916 6602 7002 4456 
5616 6602 2959 4462 7002 
5617 7002 4462 4450 7003 
5618 4456 7002 7003 4439 
5619 2937 6610 7004 4464 
5620 6610 2979 4473 7004 
5621 7004 4473 4458 7005 
5622 4464 7004 7005 4451 
5623 2997 7007 7006 4479 
5624 7007 2972 4485 7006 
5625 7006 4485 4470 7008 
5626 4479 7006 7008 4469 
5627 3013 7010 7009 4487 
5628 7010 2974 4495 7009 
5629 7009 4495 4482 7011 
5630 4487 7009 7011 4481 
5631 3027 7013 7012 4497 
5632 7013 3006 4503 7012 
5633 7012 4503 4492 7014 
5634 4497 7012 7014 4491 
5635 3055 7016 7015 4505 
5636 7016 3008 4510 7015 
5637 7015 4510 4500 7017 
5638 4505 7015 7017 4499 
5639 3047 4839 7018 7019 
5640 4839 2910 6724 7018 
5641 7018 6724 3206 7020 
5642 7019 7018 7020 4518 
5643 4518 7020 7021 7022 
5644 3136 7025 7023 7024 
5645 7025 4518 7022 7023 
5646 3050 6696 7026 4528 
5647 6696 3110 4834 7026 
5648 7026 4834 4523 7027 
5649 4528 7026 7027 3144 
5650 3326 4612 7028 4614 
5651 4612 3235 7029 7028 
5652 7028 7029 4588 7030 
5653 4614 7028 7030 4587 
5654 3371 7032 7031 4603 
5655 7032 4598 4617 7031 
5656 7031 4617 4600 7033 
5657 4603 7031 7033 3233 
5658 4641 7035 7034 4652 
5659 7035 3383 4658 7034 
5660 7034 4658 3398 7036 
5661 4652 7034 7036 4640 
5662 2045 4821 7037 7038 
5663 4821 3588 4823 7037 
5664 7037 4823 4816 7039 
5665 7038 7037 7039 4811 
5666 3088 6916 7040 4836 
5667 6916 3632 4844 7040 
5668 7040 4844 4830 7041 
5669 4836 7040 7041 4524 
5670 3628 4850 7042 7043 
5671 4850 3046 6952 7042 
5672 7042 6952 3686 7044 
5673 7043 7042 7044 4838 
5674 3090 6930 7045 4846 
5675 6930 3647 4852 7045 
5676 7045 4852 4840 7046 
5677 4846 7045 7046 4831 
5678 3626 6938 7047 4854 
5679 6938 3659 4859 7047 
5680 7047 4859 4848 7048 
5681 4854 7047 7048 4841 
5682 3195 6947 7049 4861 
5683 6947 3673 7050 7049 
5684 7049 7050 4856 7051 
5685 4861 7049 7051 4849 
5686 3673 7053 7052 7050 
5687 7053 3194 6955 7052 
5688 7052 6955 3689 7054 
5689 7050 7052 7054 4856 
5690 4856 7054 7055 7056 
5691 7054 3689 4867 7055 
5692 7055 4867 3197 7057 
5693 7056 7055 7057 4857 
5694 4849 7051 7058 7059 
5695 7051 4856 7056 7058 
5696 7058 7056 4857 7060 
5697 7059 7058 7060 3046 
5698 2444 7063 7061 7062 
5699 7063 4407 4884 7061 
5700 7061 4884 4875 5376 
5701 7062 7061 5376 4876 
5702 4874 4933 7064 5395 
5703 4933 3131 7065 7064 
5704 7064 7065 4893 7066 
5705 5395 7064 7066 4891 
5706 4916 7068 7067 4948 
5707 7068 884 7069 7067 
5708 7067 7069 4917 4954 
5709 4948 7067 4954 4915 
5710 4878 7071 7070 4926 
5711 7071 4920 4939 7070 
5712 7070 4939 4919 7072 
5713 4926 7070 7072 4902 
5714 4871 4937 7073 7074 
5715 4937 4918 4976 7073 
5716 7073 4976 4931 7075 
5717 7074 7073 7075 4897 
5718 4881 7077 7076 4941 
5719 7077 4935 4958 7076 
5720 7076 4958 4934 7078 
5721 4941 7076 7078 4921 
5722 884 7080 7079 7069 
5723 7080 4950 7081 7079 
5724 7079 7081 4949 4972 
5725 7069 7079 4972 4917 
5726 4950 7083 7082 7081 
5727 7083 3137 7084 7082 
5728 7082 7084 4951 4992 
5729 7081 7082 4992 4949 
5730 3131 4970 7085 7065 
5731 4970 4914 7086 7085 
5732 7085 7086 4965 7087 
5733 7065 7085 7087 4893 
5734 4914 5012 7088 7086 
5735 5012 3130 5026 7088 
5736 7088 5026 4966 7089 
5737 7086 7088 7089 4965 
5738 4952 4994 7090 4996 
5739 4994 4912 7091 7090 
5740 7090 7091 4969 7092 
5741 4996 7090 7092 4968 
5742 4955 7094 7093 4982 
5743 7094 4971 4999 7093 
5744 7093 4999 4974 7095 
5745 4982 7093 7095 4873 
5746 4986 5044 7096 5027 
5747 5044 3132 7097 7096 
5748 7096 7097 5004 7098 
5749 5027 7096 7098 5003 
5750 4912 7100 7099 7091 
5751 7100 4990 5022 7099 
5752 7099 5022 5011 7101 
5753 7091 7099 7101 4969 
5754 5011 5024 7102 7103 
5755 5024 5007 5030 7102 
5756 7102 5030 3130 7104 
5757 7103 7102 7104 5012 
5758 4969 7101 7105 7106 
5759 7101 5011 7103 7105 
5760 7105 7103 5012 7107 
5761 7106 7105 7107 4914 
5762 5013 7110 7108 7109 
5763 7110 5015 5065 7108 
5764 7108 5065 4984 5046 
5765 7109 7108 5046 5008 
5766 4989 7113 7111 7112 
5767 7113 5013 7109 7111 
5768 7111 7109 5008 5018 
5769 7112 7111 5018 4913 
5770 5016 7115 7114 5036 
5771 7115 5019 5053 7114 
5772 7114 5053 5006 7116 
5773 5036 7114 7116 5020 
5774 5009 5063 7117 5050 
5775 5063 5041 7118 7117 
5776 7117 7118 5044 7119 
5777 5050 7117 7119 4986 
5778 5058 7122 7120 7121 
5779 7122 883 5240 7120 
5780 5061 7124 7123 5071 
5781 7124 5042 5094 7123 
5782 7123 5094 5062 7125 
5783 5071 7123 7125 5060 
5784 3132 5082 7126 7097 
5785 5082 5040 7127 7126 
5786 7126 7127 5076 7128 
5787 7097 7126 7128 5004 
5788 5040 5249 7129 7127 
5789 5249 3202 7130 7129 
5790 7129 7130 5077 7131 
5791 7127 7129 7131 5076 
5792 5067 7134 7132 7133 
5793 7134 5090 5217 7132 
5794 7132 5217 5084 5095 
5795 7133 7132 5095 5042 
5796 5059 7137 7135 7136 
5797 7137 5099 5244 7135 
5798 7135 5244 5098 5107 
5799 7136 7135 5107 5092 
5800 5101 5235 7138 5220 
5801 5235 5080 7139 7138 
5802 7138 7139 5103 7140 
5803 5220 7138 7140 5102 
5804 7141 7142 5112 7143 
5805 5248 7141 7143 3202 
5806 5087 7148 7147 5246 
5807 7148 5118 5268 7147 
5808 7147 5268 5117 5254 
5809 5246 7147 5254 5100 
5810 5117 5271 7149 5255 
5811 5271 5119 7150 7149 
5812 7149 7150 5038 7151 
5813 5255 7149 7151 5120 
5814 5123 7154 7152 7153 
5815 7154 3207 5159 7152 
5816 5122 7157 7155 7156 
5817 5127 7160 7158 7159 
5818 7160 5114 5293 7158 
5819 7158 5293 5128 5286 
5820 7159 7158 5286 5125 
5821 7161 7162 5132 7163 
5822 7164 7165 5133 7166 
5823 5128 5296 7167 5287 
5824 5296 5134 7168 7167 
5825 7167 7168 5137 7169 
5826 5287 7167 7169 5113 
5827 5124 7172 7170 7171 
5828 7172 5143 5310 7170 
5829 7170 5310 5141 5306 
5830 7171 7170 5306 5142 
5831 5141 5313 7173 5307 
5832 5313 5144 7174 7173 
5833 7173 7174 5131 7175 
5834 5307 7173 7175 5145 
5835 5146 7178 7176 7177 
5836 7178 5148 5172 7176 
5837 7176 5172 3245 5155 
5838 7177 7176 5155 5139 
5839 5147 7181 7179 7180 
5840 7181 5146 7177 7179 
5841 7179 7177 5139 5160 
5842 7180 7179 5160 3207 
5843 5149 5336 7182 5324 
5844 5336 5151 7183 7182 
5845 7182 7183 886 7184 
5846 5324 7182 7184 5152 
5847 5153 7186 7185 5167 
5848 7186 5156 5327 7185 
5849 7185 5327 5140 7187 
5850 5167 7185 7187 5157 
5851 5158 7190 7188 7189 
5852 7190 5154 5165 7188 
5853 7188 5165 5138 5311 
5854 7189 7188 5311 5143 
5855 5159 7193 7191 7192 
5856 7193 5158 7189 7191 
5857 7191 7189 5143 7172 
5858 7192 7191 7172 5124 
5859 5138 5168 7194 5312 
5860 5168 5157 7195 7194 
5861 7194 7195 5161 7196 
5862 5312 7194 7196 5144 
5863 5157 7187 7197 7195 
5864 7187 5140 7198 7197 
5865 7197 7198 5162 7199 
5866 7195 7197 7199 5161 
5867 5144 7196 7200 7174 
5868 7196 5161 7201 7200 
5869 7200 7201 5163 7202 
5870 7174 7200 7202 5131 
5871 3162 6786 7203 6806 
5872 6786 3322 7204 7203 
5873 7203 7204 5183 7205 
5874 6806 7203 7205 3341 
5875 3341 7205 7206 6809 
5876 7205 5183 7207 7206 
5877 7206 7207 5185 7208 
5878 6809 7206 7208 3165 
5879 7209 7210 5186 7211 
5880 6800 7209 7211 3338 
5881 3318 5192 7212 7210 
5882 5192 3038 7213 7212 
5883 7212 7213 5187 7214 
5884 7210 7212 7214 5186 
5885 879 5198 7215 6797 
5886 5198 3314 7216 7215 
5887 7215 7216 5193 7217 
5888 6797 7215 7217 3335 
5889 3314 5207 7218 7216 
5890 5207 881 7219 7218 
5891 7218 7219 5194 7220 
5892 7216 7218 7220 5193 
5893 3038 5201 7221 7213 
5894 5201 3385 7222 7221 
5895 7221 7222 5196 7223 
5896 7213 7221 7223 5187 
5897 3385 5204 7224 7222 
5898 5204 3311 7225 7224 
5899 7224 7225 5197 7226 
5900 7222 7224 7226 5196 
5901 3311 5345 7227 7225 
5902 5345 3396 7228 7227 
5903 7227 7228 5205 7229 
5904 7225 7227 7229 5197 
5905 3396 5211 7230 7228 
5906 5211 3313 7231 7230 
5907 7230 7231 5206 7232 
5908 7228 7230 7232 5205 
5909 5216 7235 7233 7234 
5910 7235 5106 5228 7233 
5911 7233 5228 4985 5224 
5912 7234 7233 5224 5213 
5913 4985 5231 7236 5225 
5914 5231 5109 7237 7236 
5915 7236 7237 5219 7238 
5916 5225 7236 7238 5214 
5917 5236 7241 7239 7240 
5918 7241 5122 7156 7239 
5919 5237 7244 7242 7243 
5920 7244 5236 7240 7242 
5921 7242 7240 5088 5241 
5922 7243 7242 5241 883 
5923 7245 7246 5247 7247 
5924 5251 7245 7247 5081 
5925 7248 7249 5248 7250 
5926 7246 7248 7250 5247 
5927 5080 5256 7251 7139 
5928 5256 5120 7252 7251 
5929 7251 7252 5250 7253 
5930 7139 7251 7253 5103 
5931 5120 7151 7254 7252 
5932 7151 5038 7255 7254 
5933 7254 7255 5251 7256 
5934 7252 7254 7256 5250 
5935 5262 7259 7257 7258 
5936 7259 5126 5277 7257 
5937 7257 5277 5089 5269 
5938 7258 7257 5269 5118 
5939 5242 7262 7260 7261 
5940 7262 5262 7258 7260 
5941 7260 7258 5118 7148 
5942 7261 7260 7148 5087 
5943 5129 5288 7263 5274 
5944 5288 5113 7264 7263 
5945 7263 7264 5265 7265 
5946 5274 7263 7265 5264 
5947 5119 5275 7266 7150 
5948 5275 5264 7267 7266 
5949 7266 7267 5266 7268 
5950 7150 7266 7268 5038 
5951 5289 7271 7269 7270 
5952 7271 5142 5305 7269 
5953 7269 5305 3043 5301 
5954 7270 7269 5301 5135 
5955 5290 7274 7272 7273 
5956 7274 5289 7270 7272 
5957 7272 7270 5135 5294 
5958 7273 7272 5294 5114 
5959 3043 5308 7275 5302 
5960 5308 5145 7276 7275 
5961 7275 7276 5297 7277 
5962 5302 7275 7277 5136 
5963 5145 7175 7278 7276 
5964 7175 5131 7279 7278 
5965 7278 7279 5298 7280 
5966 7276 7278 7280 5297 
5967 886 5333 7281 5321 
5968 5333 3342 7282 7281 
5969 7281 7282 5317 7283 
5970 5321 7281 7283 5111 
5971 3342 6810 7284 7282 
5972 6810 3165 7285 7284 
5973 7284 7285 5318 7286 
5974 7282 7284 7286 5317 
5975 5325 5152 7288 7287 
5976 7287 7288 5320 7289 
5977 7162 7287 7289 5132 
5978 5152 7184 7290 7288 
5979 7184 886 7291 7290 
5980 7290 7291 5321 7292 
5981 7288 7290 7292 5320 
5982 5140 5330 7293 7198 
5983 5330 5316 7294 7293 
5984 7293 7294 5323 7295 
5985 7198 7293 7295 5162 
5986 5374 7298 7296 7297 
5987 7298 5366 5382 7296 
5988 7296 5382 4877 5379 
5989 7297 7296 5379 5363 
5990 167 218 7299 7300 
5991 7300 7299 7301 211 
5992 215 452 7302 7303 
5993 452 217 5505 7302 
5994 7302 5505 108 7304 
5995 7303 7302 7304 218 
5996 216 454 7305 7306 
5997 454 215 7303 7305 
5998 7305 7303 218 7307 
5999 7306 7305 7307 167 
6000 144 226 7308 7309 
6001 226 167 7300 7308 
6002 7308 7300 211 7310 
6003 7309 7308 7310 212 
6004 224 378 7311 7312 
6005 378 216 7306 7311 
6006 7311 7306 167 7313 
6007 7312 7311 7313 226 
6008 225 5449 7314 7315 
6009 5449 224 7312 7314 
6010 7314 7312 226 7316 
6011 7315 7314 7316 144 
6012 232 7318 7317 5463 
6013 7318 231 7319 7317 
6014 7317 7319 205 258 
6015 5463 7317 258 141 
6016 105 262 7320 5520 
6017 262 206 7321 7320 
6018 7320 7321 241 7322 
6019 5520 7320 7322 242 
6020 206 246 7323 7321 
6021 246 144 7309 7323 
6022 7323 7309 212 7324 
6023 7321 7323 7324 241 
6024 242 7322 7325 5524 
6025 7322 241 7326 7325 
6026 7325 7326 243 7327 
6027 5524 7325 7327 160 
6028 203 5452 7328 7329 
6029 5452 237 5454 7328 
6030 7328 5454 244 7330 
6031 7329 7328 7330 245 
6032 244 5455 7331 7332 
6033 5455 225 7315 7331 
6034 7331 7315 144 7333 
6035 7332 7331 7333 246 
6036 245 7330 7334 7335 
6037 7330 244 7332 7334 
6038 7334 7332 246 7336 
6039 7335 7334 7336 206 
6040 259 267 7337 7338 
6041 267 203 7329 7337 
6042 7337 7329 245 7339 
6043 7338 7337 7339 260 
6044 260 7339 7340 7341 
6045 7339 245 7335 7340 
6046 7340 7335 206 7342 
6047 7341 7340 7342 262 
6048 290 5466 7343 5470 
6049 5466 289 7344 7343 
6050 7343 7344 292 7345 
6051 5470 7343 7345 253 
6052 401 3415 7346 7347 
6053 3415 411 6862 7346 
6054 7346 6862 413 7348 
6055 7347 7346 7348 179 
6056 185 433 7349 7350 
6057 433 407 5499 7349 
6058 7349 5499 418 7351 
6059 7350 7349 7351 419 
6060 448 898 7352 7353 
6061 898 451 5642 7352 
6062 7352 5642 217 7354 
6063 7353 7352 7354 452 
6064 457 5527 7355 7356 
6065 5527 459 5550 7355 
6066 7355 5550 155 7357 
6067 7356 7355 7357 460 
6068 458 862 7358 7359 
6069 862 457 7356 7358 
6070 7358 7356 460 7360 
6071 7359 7358 7360 156 
6072 467 7362 7361 5533 
6073 7362 336 7363 7361 
6074 7361 7363 468 5535 
6075 5533 7361 5535 465 
6076 477 507 7364 5541 
6077 507 478 7365 7364 
6078 7364 7365 109 7366 
6079 5541 7364 7366 479 
6080 480 497 7367 5547 
6081 497 482 7368 7367 
6082 7367 7368 463 7369 
6083 5547 7367 7369 483 
6084 160 7327 7370 506 
6085 7327 243 7371 7370 
6086 7370 7371 501 7372 
6087 506 7370 7372 478 
6088 243 7374 7373 7371 
6089 7374 159 7375 7373 
6090 7373 7375 502 517 
6091 7371 7373 517 501 
6092 478 7372 7376 7365 
6093 7372 501 516 7376 
6094 7376 516 503 7377 
6095 7365 7376 7377 109 
6096 159 7379 7378 7375 
6097 7379 214 7380 7378 
6098 7378 7380 508 527 
6099 7375 7378 527 502 
6100 617 5568 7381 5570 
6101 5568 619 7382 7381 
6102 7381 7382 545 7383 
6103 5570 7381 7383 620 
6104 633 1853 7384 5575 
6105 1853 635 7385 7384 
6106 7384 7385 73 7386 
6107 5575 7384 7386 636 
6108 387 1389 7387 5808 
6109 1389 663 7388 7387 
6110 7387 7388 661 7389 
6111 5808 7387 7389 662 
6112 663 1418 7390 7388 
6113 1418 642 7391 7390 
6114 7390 7391 664 7392 
6115 7388 7390 7392 661 
6116 678 1856 7393 5598 
6117 1856 680 7394 7393 
6118 7393 7394 633 7395 
6119 5598 7393 7395 681 
6120 682 1736 7396 5601 
6121 1736 684 7397 7396 
6122 7396 7397 639 7398 
6123 5601 7396 7398 685 
6124 742 5614 7399 5616 
6125 5614 744 7400 7399 
6126 7399 7400 682 7401 
6127 5616 7399 7401 745 
6128 155 5551 7402 7403 
6129 5551 500 5619 7402 
6130 7402 5619 794 7404 
6131 7403 7402 7404 795 
6132 620 7383 7405 5622 
6133 7383 545 7406 7405 
6134 7405 7406 835 7407 
6135 5622 7405 7407 834 
6136 850 5626 7408 7409 
6137 5626 458 7359 7408 
6138 7408 7359 156 7410 
6139 7409 7408 7410 852 
6140 907 7412 7411 5646 
6141 7412 909 7413 7411 
6142 7411 7413 184 927 
6143 5646 7411 927 405 
6144 952 7415 7414 5687 
6145 7415 1037 7416 7414 
6146 7414 7416 1036 5703 
6147 5687 7414 5703 996 
6148 1037 7418 7417 7416 
6149 7418 954 7419 7417 
6150 7417 7419 1038 5701 
6151 7416 7417 5701 1036 
6152 1021 1077 7420 7421 
6153 1077 1058 5717 7420 
6154 7420 5717 1071 7422 
6155 7421 7420 7422 1064 
6156 954 7424 7423 7419 
6157 7424 1079 7425 7423 
6158 7423 7425 1078 1117 
6159 7419 7423 1117 1038 
6160 1079 7427 7426 7425 
6161 7427 1033 7428 7426 
6162 7426 7428 1080 5720 
6163 7425 7426 5720 1078 
6164 1033 7430 7429 7428 
6165 7430 1154 7431 7429 
6166 7429 7431 1153 5742 
6167 7428 7429 5742 1080 
6168 1154 7433 7432 7431 
6169 7433 1035 7434 7432 
6170 7432 7434 1155 5751 
6171 7431 7432 5751 1153 
6172 1035 7436 7435 7434 
6173 7436 1194 7437 7435 
6174 7435 7437 1193 5762 
6175 7434 7435 5762 1155 
6176 1194 7439 7438 7437 
6177 7439 1150 7440 7438 
6178 7438 7440 1195 5777 
6179 7437 7438 5777 1193 
6180 619 5772 7441 7382 
6181 5772 1204 7442 7441 
6182 7441 7442 1206 7443 
6183 7382 7441 7443 545 
6184 1150 7445 7444 7440 
6185 7445 1244 7446 7444 
6186 7444 7446 1243 5795 
6187 7440 7444 5795 1195 
6188 1243 7448 7447 5796 
6189 7448 1245 7449 7447 
6190 7447 7449 1016 1269 
6191 5796 7447 1269 1222 
6192 1247 7451 7450 5799 
6193 7451 1222 7452 7450 
6194 7450 7452 1248 5801 
6195 5799 7450 5801 1246 
6196 1224 1274 7453 7454 
6197 1274 1101 5811 7453 
6198 7453 5811 1255 7455 
6199 7454 7453 7455 1254 
6200 1222 7457 7456 7452 
6201 7457 1269 7458 7456 
6202 7456 7458 1268 1277 
6203 7452 7456 1277 1248 
6204 1269 7460 7459 7458 
6205 7460 1016 7461 7459 
6206 7459 7461 1270 1288 
6207 7458 7459 1288 1268 
6208 1245 7463 7462 7449 
6209 7463 1280 7464 7462 
6210 7462 7464 1265 1284 
6211 7449 7462 1284 1016 
6212 1016 7466 7465 7461 
6213 7466 1284 7467 7465 
6214 7465 7467 1283 1300 
6215 7461 7465 1300 1270 
6216 1284 7469 7468 7467 
6217 7469 1265 7470 7468 
6218 7468 7470 1285 1315 
6219 7467 7468 1315 1283 
6220 1296 3781 7471 7472 
6221 3781 1297 5830 7471 
6222 7471 5830 1267 7473 
6223 7472 7471 7473 1298 
6224 1273 3778 7474 7475 
6225 3778 1296 7472 7474 
6226 7474 7472 1298 7476 
6227 7475 7474 7476 1101 
6228 1280 7478 7477 7464 
6229 7478 1282 7479 7477 
6230 7477 7479 1218 1311 
6231 7464 7477 1311 1265 
6232 1265 7481 7480 7470 
6233 7481 1311 7482 7480 
6234 7480 7482 1310 5814 
6235 7470 7480 5814 1285 
6236 1311 7484 7483 7482 
6237 7484 1218 7485 7483 
6238 7483 7485 1312 1336 
6239 7482 7483 1336 1310 
6240 1282 7487 7486 7479 
6241 7487 1324 7488 7486 
6242 7486 7488 1307 1328 
6243 7479 7486 1328 1218 
6244 1218 7490 7489 7485 
6245 7490 1328 7491 7489 
6246 7489 7491 1327 1346 
6247 7485 7489 1346 1312 
6248 1328 7493 7492 7491 
6249 7493 1307 7494 7492 
6250 7492 7494 1329 5825 
6251 7491 7492 5825 1327 
6252 1324 7496 7495 7488 
6253 7496 1326 7497 7495 
6254 7495 7497 658 1354 
6255 7488 7495 1354 1307 
6256 1307 7499 7498 7494 
6257 7499 1354 7500 7498 
6258 7498 7500 1353 1362 
6259 7494 7498 1362 1329 
6260 1354 7502 7501 7500 
6261 7502 658 7503 7501 
6262 7501 7503 1355 1373 
6263 7500 7501 1373 1353 
6264 1326 7505 7504 7497 
6265 7505 1365 7506 7504 
6266 7504 7506 1350 1369 
6267 7497 7504 1369 658 
6268 658 7508 7507 7503 
6269 7508 1369 7509 7507 
6270 7507 7509 1368 5844 
6271 7503 7507 5844 1355 
6272 1369 7511 7510 7509 
6273 7511 1350 7512 7510 
6274 7510 7512 1370 1395 
6275 7509 7510 1395 1368 
6276 1365 7514 7513 7506 
6277 7514 1367 7515 7513 
6278 7513 7515 1304 1384 
6279 7506 7513 1384 1350 
6280 1350 7517 7516 7512 
6281 7517 1384 7518 7516 
6282 7516 7518 1383 5847 
6283 7512 7516 5847 1370 
6284 1384 7520 7519 7518 
6285 7520 1304 7521 7519 
6286 7519 7521 1385 1413 
6287 7518 7519 1413 1383 
6288 1367 7523 7522 7515 
6289 7523 1401 7524 7522 
6290 7522 7524 1380 1405 
6291 7515 7522 1405 1304 
6292 1304 7526 7525 7521 
6293 7526 1405 7527 7525 
6294 7525 7527 1404 1423 
6295 7521 7525 1423 1385 
6296 1405 7529 7528 7527 
6297 7529 1380 7530 7528 
6298 7528 7530 1406 5866 
6299 7527 7528 5866 1404 
6300 1401 7532 7531 7524 
6301 7532 1403 7533 7531 
6302 7531 7533 657 1431 
6303 7524 7531 1431 1380 
6304 1380 7535 7534 7530 
6305 7535 1431 7536 7534 
6306 7534 7536 1430 1439 
6307 7530 7534 1439 1406 
6308 1431 7538 7537 7536 
6309 7538 657 7539 7537 
6310 7537 7539 1432 5880 
6311 7536 7537 5880 1430 
6312 1403 7541 7540 7533 
6313 7541 1442 7542 7540 
6314 7540 7542 1427 1446 
6315 7533 7540 1446 657 
6316 657 7544 7543 7539 
6317 7544 1446 7545 7543 
6318 7543 7545 1445 1459 
6319 7539 7543 1459 1432 
6320 1446 7547 7546 7545 
6321 7547 1427 7548 7546 
6322 7546 7548 1447 5890 
6323 7545 7546 5890 1445 
6324 642 1453 7549 7391 
6325 1453 1378 5893 7549 
6326 7549 5893 1449 7550 
6327 7391 7549 7550 664 
6328 664 7550 7551 7552 
6329 7550 1449 5896 7551 
6330 7551 5896 1450 7553 
6331 7552 7551 7553 641 
6332 1442 7555 7554 7542 
6333 7555 1444 7556 7554 
6334 7554 7556 1377 1467 
6335 7542 7554 1467 1427 
6336 1427 7558 7557 7548 
6337 7558 1467 7559 7557 
6338 7557 7559 1466 1475 
6339 7548 7557 1475 1447 
6340 1467 7561 7560 7559 
6341 7561 1377 7562 7560 
6342 7560 7562 1468 5906 
6343 7559 7560 5906 1466 
6344 1444 7564 7563 7556 
6345 7564 1487 7565 7563 
6346 7563 7565 1463 1491 
6347 7556 7563 1491 1377 
6348 1377 7567 7566 7562 
6349 7567 1491 7568 7566 
6350 7566 7568 1490 1502 
6351 7562 7566 1502 1468 
6352 1491 7570 7569 7568 
6353 7570 1463 7571 7569 
6354 7569 7571 1492 5925 
6355 7568 7569 5925 1490 
6356 1487 7573 7572 7565 
6357 7573 1489 7574 7572 
6358 7572 7574 660 1510 
6359 7565 7572 1510 1463 
6360 1463 7576 7575 7571 
6361 7576 1510 7577 7575 
6362 7575 7577 1509 1518 
6363 7571 7575 1518 1492 
6364 1512 7579 7578 5935 
6365 7579 1464 7580 7578 
6366 7578 7580 1514 5937 
6367 5935 7578 5937 1513 
6368 1489 7582 7581 7574 
6369 7582 1521 7583 7581 
6370 7581 7583 1506 1525 
6371 7574 7581 1525 660 
6372 1464 7585 7584 7580 
6373 7585 1527 7586 7584 
6374 7584 7586 1539 3885 
6375 7580 7584 3885 1514 
6376 1527 1546 7587 7586 
6377 1546 1505 5955 7587 
6378 7587 5955 1540 5943 
6379 7586 7587 5943 1539 
6380 1534 7589 7588 1563 
6381 7589 1553 7590 7588 
6382 7588 7590 1556 6969 
6383 1563 7588 6969 1507 
6384 1528 1583 7591 7592 
6385 1583 1572 5966 7591 
6386 7591 5966 1575 7593 
6387 7592 7591 7593 1576 
6388 1576 7593 7594 7595 
6389 7593 1575 3910 7594 
6390 7594 3910 1578 7596 
6391 7595 7594 7596 1531 
6392 1587 7598 7597 1599 
6393 7598 1589 7599 7597 
6394 7597 7599 1565 5974 
6395 1599 7597 5974 1590 
6396 1589 7601 7600 7599 
6397 7601 1608 1629 7600 
6398 7600 1629 1611 7602 
6399 7599 7600 7602 1565 
6400 1565 7602 7603 5975 
6401 7602 1611 7604 7603 
6402 7603 7604 1625 7605 
6403 5975 7603 7605 1594 
6404 1611 1632 7606 7604 
6405 1632 1567 7607 7606 
6406 7606 7607 1626 7608 
6407 7604 7606 7608 1625 
6408 1625 7608 7609 7610 
6409 7608 1626 3929 7609 
6410 7609 3929 696 7611 
6411 7610 7609 7611 1627 
6412 1594 7605 7612 3920 
6413 7605 1625 7610 7612 
6414 7612 7610 1627 7613 
6415 3920 7612 7613 1568 
6416 684 1786 7614 7397 
6417 1786 1723 7615 7614 
6418 7614 7615 1725 7616 
6419 7397 7614 7616 639 
6420 744 6014 7617 7400 
6421 6014 1734 7618 7617 
6422 7617 7618 1736 7619 
6423 7400 7617 7619 682 
6424 1758 7621 7620 6022 
6425 7621 1760 7622 7620 
6426 7620 7622 690 1838 
6427 6022 7620 1838 1660 
6428 1762 7624 7623 6025 
6429 7624 1660 7625 7623 
6430 7623 7625 1763 6027 
6431 6025 7623 6027 1761 
6432 1660 7627 7626 7625 
6433 7627 1838 7628 7626 
6434 7626 7628 1837 1869 
6435 7625 7626 1869 1763 
6436 1838 7630 7629 7628 
6437 7630 690 7631 7629 
6438 7629 7631 1839 6042 
6439 7628 7629 6042 1837 
6440 1848 2162 7632 7633 
6441 2162 1849 6171 7632 
6442 7632 6171 629 7634 
6443 7633 7632 7634 1850 
6444 635 2082 7635 7385 
6445 2082 1848 7633 7635 
6446 7635 7633 1850 7636 
6447 7385 7635 7636 73 
6448 680 1972 7637 7394 
6449 1972 1851 7638 7637 
6450 7637 7638 1853 7639 
6451 7394 7637 7639 633 
6452 1760 7641 7640 7622 
6453 7641 1899 7642 7640 
6454 7640 7642 1803 1903 
6455 7622 7640 1903 690 
6456 690 7644 7643 7631 
6457 7644 1903 7645 7643 
6458 7643 7645 1902 1925 
6459 7631 7643 1925 1839 
6460 1903 7647 7646 7645 
6461 7647 1803 7648 7646 
6462 7646 7648 1904 6058 
6463 7645 7646 6058 1902 
6464 1952 4035 7649 7650 
6465 4035 1953 6082 7649 
6466 7649 6082 1805 7651 
6467 7650 7649 7651 1954 
6468 1917 4032 7652 7653 
6469 4032 1952 7650 7652 
6470 7652 7650 1954 7654 
6471 7653 7652 7654 1878 
6472 1899 7656 7655 7642 
6473 7656 1901 7657 7655 
6474 7655 7657 692 1960 
6475 7642 7655 1960 1803 
6476 1803 7659 7658 7648 
6477 7659 1960 7660 7658 
6478 7658 7660 1959 1997 
6479 7648 7658 1997 1904 
6480 1960 7662 7661 7660 
6481 7662 692 7663 7661 
6482 7661 7663 1961 6074 
6483 7660 7661 6074 1959 
6484 2003 4060 7664 6091 
6485 4060 2004 7665 7664 
6486 7664 7665 634 7666 
6487 6091 7664 7666 2005 
6488 1901 7668 7667 7657 
6489 7668 2018 7669 7667 
6490 7667 7669 1932 2022 
6491 7657 7667 2022 692 
6492 692 7671 7670 7663 
6493 7671 2022 7672 7670 
6494 7670 7672 2021 6094 
6495 7663 7670 6094 1961 
6496 2022 7674 7673 7672 
6497 7674 1932 7675 7673 
6498 7673 7675 2023 6108 
6499 7672 7673 6108 2021 
6500 2035 4066 7676 7677 
6501 4066 2036 6120 7676 
6502 7676 6120 1986 7678 
6503 7677 7676 7678 2037 
6504 2004 4063 7679 7665 
6505 4063 2035 7677 7679 
6506 7679 7677 2037 7680 
6507 7665 7679 7680 634 
6508 2018 7682 7681 7669 
6509 7682 2020 7683 7681 
6510 7681 7683 1798 2070 
6511 7669 7681 2070 1932 
6512 1932 7685 7684 7675 
6513 7685 2070 7686 7684 
6514 7684 7686 2069 6123 
6515 7675 7684 6123 2023 
6516 2070 7688 7687 7686 
6517 7688 1798 7689 7687 
6518 7687 7689 2071 6135 
6519 7686 7687 6135 2069 
6520 2020 7691 7690 7683 
6521 7691 2115 7692 7690 
6522 7690 7692 2047 2119 
6523 7683 7690 2119 1798 
6524 1798 7694 7693 7689 
6525 7694 2119 7695 7693 
6526 7693 7695 2118 6148 
6527 7689 7693 6148 2071 
6528 2119 7697 7696 7695 
6529 7697 2047 7698 7696 
6530 7696 7698 2120 6874 
6531 7695 7696 6874 2118 
6532 2220 2246 7699 6179 
6533 2246 2222 6187 7699 
6534 7699 6187 1797 6972 
6535 6179 7699 6972 2223 
6536 2287 2451 7700 7701 
6537 2451 2288 6270 7700 
6538 7700 6270 2157 7702 
6539 7701 7700 7702 2289 
6540 2161 2367 7703 7704 
6541 2367 2287 7701 7703 
6542 7703 7701 2289 7705 
6543 7704 7703 7705 1849 
6544 2296 7707 7706 6208 
6545 7707 2298 2330 7706 
6546 7706 2330 2270 6975 
6547 6208 7706 6975 2299 
6548 2449 2530 7708 7709 
6549 2530 2450 6307 7708 
6550 7708 6307 2288 7710 
6551 7709 7708 7710 2451 
6552 2366 2488 7711 7712 
6553 2488 2449 7709 7711 
6554 7711 7709 2451 7713 
6555 7712 7711 7713 2287 
6556 2562 2611 7714 7715 
6557 2611 2563 6345 7714 
6558 7714 6345 2525 7716 
6559 7715 7714 7716 2564 
6560 2529 2579 7717 7718 
6561 2579 2562 7715 7717 
6562 7717 7715 2564 7719 
6563 7718 7717 7719 2450 
6564 2644 4256 7720 7721 
6565 4256 2645 6370 7720 
6566 7720 6370 2607 7722 
6567 7721 7720 7722 2646 
6568 2634 4252 7723 7724 
6569 4252 2644 7721 7723 
6570 7723 7721 2646 7725 
6571 7724 7723 7725 2606 
6572 2875 7727 7726 2907 
6573 7727 2897 7728 7726 
6574 7726 7728 2900 6569 
6575 2907 7726 6569 2861 
6576 2918 2929 7729 6572 
6577 2929 2919 6580 7729 
6578 7729 6580 2871 6993 
6579 6572 7729 6993 2920 
6580 2994 3017 7730 6624 
6581 3017 2996 6629 7730 
6582 7730 6629 2972 7007 
6583 6624 7730 7007 2997 
6584 3010 3032 7731 6630 
6585 3032 3012 6641 7731 
6586 7731 6641 2974 7010 
6587 6630 7731 7010 3013 
6588 3024 3060 7732 6642 
6589 3060 3026 6647 7732 
6590 7732 6647 3006 7013 
6591 6642 7732 7013 3027 
6592 3052 3084 7733 6648 
6593 3084 3054 6680 7733 
6594 7733 6680 3008 7016 
6595 6648 7733 7016 3055 
6596 2758 4490 7734 7001 
6597 4490 2971 7735 7734 
6598 7734 7735 3134 6698 
6599 7001 7734 6698 3135 
6600 2971 3141 7736 7735 
6601 3141 2909 7737 7736 
6602 7736 7737 3136 7738 
6603 7735 7736 7738 3134 
6604 3134 7738 7739 6699 
6605 7738 3136 7024 7739 
6606 3182 7741 7740 6944 
6607 7741 3181 7742 7740 
6608 7740 7742 3172 3200 
6609 6944 7740 3200 3156 
6610 3319 4624 7743 6785 
6611 4624 3321 7744 7743 
6612 7743 7744 3164 7745 
6613 6785 7743 7745 3322 
6614 6801 3338 7747 7746 
6615 7746 7747 3039 7748 
6616 6803 7746 7748 3339 
6617 3175 7750 7749 6753 
6618 7750 3361 7751 7749 
6619 7749 7751 3360 6831 
6620 6753 7749 6831 3261 
6621 3360 7753 7752 6832 
6622 7753 3362 7754 7752 
6623 7752 7754 3037 4622 
6624 6832 7752 4622 3320 
6625 3321 6839 7755 7744 
6626 6839 3378 7756 7755 
6627 7755 7756 3381 7757 
6628 7744 7755 7757 3164 
6629 3413 4696 7758 7759 
6630 4696 3414 6868 7758 
6631 7758 6868 411 7760 
6632 7759 7758 7760 3415 
6633 420 4688 7761 7762 
6634 4688 3413 7759 7761 
6635 7761 7759 3415 7763 
6636 7762 7761 7763 401 
6637 398 7765 7764 6860 
6638 7765 3435 7766 7764 
6639 7764 7766 3434 6871 
6640 6860 7764 6871 3422 
6641 3434 7768 7767 6872 
6642 7768 959 7769 7767 
6643 7767 7769 930 3713 
6644 6872 7767 3713 947 
6645 2115 7771 7770 7692 
6646 7771 2117 7772 7770 
6647 7770 7772 1800 3472 
6648 7692 7770 3472 2047 
6649 2047 7774 7773 7698 
6650 7774 3472 7775 7773 
6651 7773 7775 3471 6887 
6652 7698 7773 6887 2120 
6653 3471 7777 7776 6888 
6654 7777 3473 7778 7776 
6655 7776 7778 2048 3503 
6656 6888 7776 3503 3453 
6657 3474 7780 7779 3492 
6658 7780 3476 7781 7779 
6659 7779 7781 3452 6895 
6660 3492 7779 6895 3477 
6661 3476 7783 7782 7781 
6662 7783 3502 7784 7782 
6663 7782 7784 3499 6898 
6664 7781 7782 6898 3452 
6665 2117 7786 7785 7772 
6666 7786 3517 7787 7785 
6667 7785 7787 2177 3520 
6668 7772 7785 3520 1800 
6669 3473 7789 7788 7778 
6670 7789 3519 7790 7788 
6671 7788 7790 3495 3523 
6672 7778 7788 3523 2048 
6673 3661 7792 7791 6941 
6674 7792 3159 7793 7791 
6675 7791 7793 3182 6943 
6676 6941 7791 6943 3660 
6677 3670 7795 7794 6946 
6678 7795 3672 3693 7794 
6679 7794 3693 3194 7053 
6680 6946 7794 7053 3673 
6681 1556 7797 7796 6970 
6682 7797 1528 7592 7796 
6683 7796 7592 1576 7798 
6684 6970 7796 7798 3896 
6685 3896 7798 7799 3904 
6686 7798 1576 7595 7799 
6687 7799 7595 1531 7800 
6688 3904 7799 7800 3897 
6689 1567 7802 7801 7607 
6690 7802 1624 7803 7801 
6691 7801 7803 3922 3930 
6692 7607 7801 3930 1626 
6693 629 6172 7804 7805 
6694 6172 2159 6978 7804 
6695 7804 6978 4259 7806 
6696 7805 7804 7806 4260 
6697 2448 4270 7807 7808 
6698 4270 2158 6981 7807 
6699 7807 6981 4265 7809 
6700 7808 7807 7809 4263 
6701 4263 7809 7810 7811 
6702 7809 4265 6984 7810 
6703 7810 6984 631 7812 
6704 7811 7810 7812 4266 
6705 2834 4429 7813 7814 
6706 4429 2757 6998 7813 
6707 7813 6998 4406 6988 
6708 7814 7813 6988 4405 
6709 4360 7817 7815 7816 
6710 7817 4405 6987 7815 
6711 7815 6987 4407 7063 
6712 7816 7815 7063 2444 
6713 2836 4418 7818 7819 
6714 4418 2903 6990 7818 
6715 7818 6990 4411 7820 
6716 7819 7818 7820 4397 
6717 2909 4522 7821 7737 
6718 4522 3047 7019 7821 
6719 7821 7019 4518 7025 
6720 7737 7821 7025 3136 
6721 3279 7823 7822 6836 
6722 7823 3369 7824 7822 
6723 7822 7824 4598 7032 
6724 6836 7822 7032 3371 
6725 3369 7826 7825 7824 
6726 7826 3323 7827 7825 
6727 7825 7827 4599 4618 
6728 7824 7825 4618 4598 
6729 3362 7829 7828 7754 
6730 7829 4625 7830 7828 
6731 7828 7830 3379 6838 
6732 7754 7828 6838 3037 
6733 3571 6900 7831 7832 
6734 6900 2045 7038 7831 
6735 7831 7038 4811 7833 
6736 7832 7831 7833 4810 
6737 3044 4842 7834 7835 
6738 4842 3628 7043 7834 
6739 7834 7043 4838 7836 
6740 7835 7834 7836 4521 
6741 4848 4862 7837 7838 
6742 4862 4849 7059 7837 
6743 7837 7059 3046 7839 
6744 7838 7837 7839 4850 
6745 4841 7048 7840 7841 
6746 7048 4848 7838 7840 
6747 7840 7838 4850 7842 
6748 7841 7840 7842 3628 
6749 4882 4922 7843 7844 
6750 4922 4871 7074 7843 
6751 7843 7074 4897 7845 
6752 7844 7843 7845 4895 
6753 4968 7092 7846 7847 
6754 7092 4969 7106 7846 
6755 7846 7106 4914 7848 
6756 7847 7846 7848 4970 
6757 4932 4997 7849 7850 
6758 4997 4968 7847 7849 
6759 7849 7847 4970 7851 
6760 7850 7849 7851 3131 
6761 4987 7854 7852 7853 
6762 7854 4989 7112 7852 
6763 7852 7112 4913 5023 
6764 7853 7852 5023 4990 
6765 4951 7856 7855 4993 
6766 7856 4987 7853 7855 
6767 7855 7853 4990 7100 
6768 4993 7855 7100 4912 
6769 5041 5086 7857 7118 
6770 5086 5043 7858 7857 
6771 7857 7858 3132 7859 
6772 7118 7857 7859 5044 
6773 4519 7862 7860 7861 
6774 7862 5058 7121 7860 
6775 7860 7121 5057 5066 
6776 7861 7860 5066 5015 
6777 5064 7865 7863 7864 
6778 7865 5067 7133 7863 
6779 7863 7133 5042 7124 
6780 7864 7863 7124 5061 
6781 5065 7868 7866 7867 
6782 7868 5064 7864 7866 
6783 7866 7864 5061 5070 
6784 7867 7866 5070 4984 
6785 5043 5104 7869 7858 
6786 5104 5079 7870 7869 
6787 7869 7870 5082 7871 
6788 7858 7869 7871 3132 
6789 5091 7874 7872 7873 
6790 7874 5059 7136 7872 
6791 7872 7136 5092 5218 
6792 7873 7872 5218 5090 
6793 7875 7876 3203 7877 
6794 7142 7875 7877 5112 
6795 3205 7880 7878 7879 
6796 7880 5123 7153 7878 
6797 7879 7878 7157 5122 
6798 3208 7883 7881 7882 
6799 7883 5127 7159 7881 
6800 7881 7159 5125 5278 
6801 7882 7881 5278 5126 
6802 7163 5132 7885 7884 
6803 7884 7885 5110 7886 
6804 7165 7884 7886 5133 
6805 5134 5303 7887 7168 
6806 5303 5136 7888 7887 
6807 7887 7888 5115 7889 
6808 7168 7887 7889 5137 
6809 5161 7199 7890 7201 
6810 7199 5162 7891 7890 
6811 7890 7891 3247 7892 
6812 7201 7890 7892 5163 
6813 3322 7745 7893 7204 
6814 7745 3164 7894 7893 
6815 7893 7894 5184 7895 
6816 7204 7893 7895 5183 
6817 5183 7895 7896 7207 
6818 7895 5184 7897 7896 
6819 7896 7897 3036 7898 
6820 7207 7896 7898 5185 
6821 3338 7211 7899 7747 
6822 7211 5186 7900 7899 
6823 7899 7900 5188 7901 
6824 7747 7899 7901 3039 
6825 5238 7904 7902 7903 
6826 7904 3205 7879 7902 
6827 7902 7879 5122 7241 
6828 7903 7902 7241 5236 
6829 5239 7907 7905 7906 
6830 7907 5242 7261 7905 
6831 7905 7261 5087 5245 
6832 7906 7905 5245 5099 
6833 5240 7910 7908 7909 
6834 7910 5239 7906 7908 
6835 7908 7906 5099 7137 
6836 7909 7908 7137 5059 
6837 5263 7913 7911 7912 
6838 7913 3208 7882 7911 
6839 7911 7882 5126 7259 
6840 7912 7911 7259 5262 
6841 5264 7265 7914 7267 
6842 7265 5265 7915 7914 
6843 7914 7915 5116 7916 
6844 7267 7914 7916 5266 
6845 5291 7919 7917 7918 
6846 7919 5124 7171 7917 
6847 7917 7171 5142 7271 
6848 7918 7917 7271 5289 
6849 5136 7277 7920 7888 
6850 7277 5297 7921 7920 
6851 7920 7921 5299 7922 
6852 7888 7920 7922 5115 
6853 5111 7283 7923 7876 
6854 7283 5317 7924 7923 
6855 7923 7924 5319 7925 
6856 7876 7923 7925 3203 
6857 5132 7289 7926 7885 
6858 7289 5320 7927 7926 
6859 7926 7927 5322 7928 
6860 7885 7926 7928 5110 
6861 5162 7295 7929 7891 
6862 7295 5323 7930 7929 
6863 7929 7930 5325 7931 
6864 7891 7929 7931 3247 
6865 3164 7757 7932 7894 
6866 7757 3381 7933 7932 
6867 7932 7933 5342 7934 
6868 7894 7932 7934 5184 
6869 5184 7934 7935 7897 
6870 7934 5342 7936 7935 
6871 7935 7936 5343 7937 
6872 7897 7935 7937 3036 
6873 460 7357 7938 7939 
6874 7357 155 7403 7938 
6875 7938 7403 795 7940 
6876 7939 7938 7940 5444 
6877 909 7942 7941 7413 
6878 7942 5483 7943 7941 
6879 7941 7943 415 5493 
6880 7413 7941 5493 184 
6881 429 5503 7944 7945 
6882 5503 185 7350 7944 
6883 7944 7350 419 7946 
6884 7945 7944 7946 5489 
6885 545 7443 7947 7406 
6886 7443 1206 7948 7947 
6887 7947 7948 5561 7949 
6888 7406 7947 7949 835 
6889 1850 7634 7950 7951 
6890 7634 629 7805 7950 
6891 7950 7805 4260 7952 
6892 7951 7950 7952 5572 
6893 3202 7143 7953 7130 
6894 7143 5112 7954 7953 
6895 7953 7954 6720 7955 
6896 7130 7953 7955 5077 
6897 5112 7877 7956 7954 
6898 7877 3203 7957 7956 
6899 7956 7957 6721 7958 
6900 7954 7956 7958 6720 
6901 6726 7961 7959 7960 
6902 7961 5147 7180 7959 
6903 7959 7180 3207 7154 
6904 7960 7959 7154 5123 
6905 6725 7964 7962 7963 
6906 7964 6726 7960 7962 
6907 7962 7960 5123 7880 
6908 7963 7962 7880 3205 
6909 3165 7208 7965 7285 
6910 7208 5185 7966 7965 
6911 7965 7966 6799 7967 
6912 7285 7965 7967 5318 
6913 5185 7898 7968 7966 
6914 7898 3036 7969 7968 
6915 7968 7969 6800 7970 
6916 7966 7968 7970 6799 
6917 3203 7925 7971 7957 
6918 7925 5319 7972 7971 
6919 7971 7972 6802 7973 
6920 7957 7971 7973 6721 
6921 7021 7976 7974 7975 
6922 7976 5237 7243 7974 
6923 7974 7243 883 7122 
6924 7975 7974 7122 5058 
6925 7022 7979 7977 7978 
6926 7979 7021 7975 7977 
6927 7977 7975 5058 7862 
6928 7978 7977 7862 4519 
6929 7120 7982 7980 7981 
6930 7982 5240 7909 7980 
6931 7980 7909 5059 7874 
6932 7981 7980 7874 5091 
6933 7166 5133 7984 7983 
6934 7983 7984 7141 7985 
6935 7249 7983 7985 5248 
6936 5133 7886 7986 7984 
6937 7886 5110 7987 7986 
6938 7986 7987 7142 7988 
6939 7984 7986 7988 7141 
6940 5113 7169 7989 7264 
6941 7169 5137 7990 7989 
6942 7989 7990 7144 7991 
6943 7264 7989 7991 5265 
6944 5137 7889 7992 7990 
6945 7889 5115 7993 7992 
6946 7992 7993 7145 7994 
6947 7990 7992 7994 7144 
6948 5265 7991 7995 7915 
6949 7991 7144 7996 7995 
6950 7995 7996 7146 7997 
6951 7915 7995 7997 5116 
6952 7152 8000 7998 7999 
6953 8000 5159 7192 7998 
6954 7998 7192 5124 7919 
6955 7999 7998 7919 5291 
6956 7155 8003 8001 8002 
6957 8003 5290 7273 8001 
6958 8001 7273 5114 7160 
6959 8002 8001 7160 5127 
6960 7156 8006 8004 8005 
6961 8006 7155 8002 8004 
6962 8004 8002 5127 7883 
6963 8005 8004 7883 3208 
6964 5131 7202 8007 7279 
6965 7202 5163 8008 8007 
6966 8007 8008 7161 8009 
6967 7279 8007 8009 5298 
6968 5163 7892 8010 8008 
6969 7892 3247 8011 8010 
6970 8010 8011 7162 8012 
6971 8008 8010 8012 7161 
6972 5115 7922 8013 7993 
6973 7922 5299 8014 8013 
6974 8013 8014 7164 8015 
6975 7993 8013 8015 7145 
6976 3036 7937 8016 7969 
6977 7937 5343 8017 8016 
6978 8016 8017 7209 8018 
6979 7969 8016 8018 6800 
6980 7239 8021 8019 8020 
6981 8021 7156 8005 8019 
6982 8019 8005 3208 7913 
6983 8020 8019 7913 5263 
6984 5038 7268 8022 7255 
6985 7268 5266 8023 8022 
6986 8022 8023 7245 8024 
6987 7255 8022 8024 5251 
6988 5266 7916 8025 8023 
6989 7916 5116 8026 8025 
6990 8025 8026 7246 8027 
6991 8023 8025 8027 7245 
6992 5116 7997 8028 8026 
6993 7997 7146 8029 8028 
6994 8028 8029 7248 8030 
6995 8026 8028 8030 7246 
6996 3247 7931 8031 8011 
6997 7931 5325 8032 8031 
6998 8031 8032 7287 8033 
6999 8011 8031 8033 7162 
7000 212 7310 8034 8035 
7001 7310 211 8036 8034 
7002 8034 8036 214 7379 
7003 8035 8034 7379 159 
7004 231 8038 8037 7319 
7005 8038 173 8039 8037 
7006 8037 8039 140 236 
7007 7319 8037 236 205 
7008 241 7324 8040 7326 
7009 7324 212 8035 8040 
7010 8040 8035 159 7374 
7011 7326 8040 7374 243 
7012 289 304 8041 7344 
7013 304 278 8042 8041 
7014 8041 8042 252 8043 
7015 7344 8041 8043 292 
7016 400 421 8044 8045 
7017 421 401 7347 8044 
7018 8044 7347 179 8046 
7019 8045 8044 8046 402 
7020 213 5491 8047 8048 
7021 5491 400 8045 8047 
7022 8047 8045 402 8049 
7023 8048 8047 8049 161 
7024 418 5500 8050 8051 
7025 5500 420 7762 8050 
7026 8050 7762 401 8052 
7027 8051 8050 8052 421 
7028 419 7351 8053 8054 
7029 7351 418 8051 8053 
7030 8053 8051 421 8055 
7031 8054 8053 8055 400 
7032 661 7392 8056 8057 
7033 7392 664 7552 8056 
7034 8056 7552 641 8058 
7035 8057 8056 8058 665 
7036 662 7389 8059 8060 
7037 7389 661 8057 8059 
7038 8059 8057 665 8061 
7039 8060 8059 8061 615 
7040 959 8063 8062 7769 
7041 8063 958 8064 8062 
7042 8062 8064 942 964 
7043 7769 8062 964 930 
7044 1045 1070 8065 8066 
7045 1070 1021 7421 8065 
7046 8065 7421 1064 8067 
7047 8066 8065 8067 1062 
7048 1204 5775 8068 7442 
7049 5775 1205 8069 8068 
7050 8068 8069 613 8070 
7051 7442 8068 8070 1206 
7052 1244 8072 8071 7446 
7053 8072 1152 8073 8071 
7054 8071 8073 1245 7448 
7055 7446 8071 7448 1243 
7056 1099 1259 8074 8075 
7057 1259 1224 7454 8074 
7058 8074 7454 1254 8076 
7059 8075 8074 8076 1208 
7060 1272 5803 8077 8078 
7061 5803 1273 7475 8077 
7062 8077 7475 1101 8079 
7063 8078 8077 8079 1274 
7064 1258 3774 8080 8081 
7065 3774 1272 8078 8080 
7066 8080 8078 1274 8082 
7067 8081 8080 8082 1224 
7068 1152 8084 8083 8073 
7069 8084 1281 8085 8083 
7070 8083 8085 1280 7463 
7071 8073 8083 7463 1245 
7072 1281 8087 8086 8085 
7073 8087 1240 8088 8086 
7074 8086 8088 1282 7478 
7075 8085 8086 7478 1280 
7076 1291 5809 8089 8090 
7077 5809 662 8060 8089 
7078 8089 8060 615 8091 
7079 8090 8089 8091 1292 
7080 1205 5806 8092 8069 
7081 5806 1291 8090 8092 
7082 8092 8090 1292 8093 
7083 8069 8092 8093 613 
7084 1240 8095 8094 8088 
7085 8095 1325 8096 8094 
7086 8094 8096 1324 7487 
7087 8088 8094 7487 1282 
7088 1325 8098 8097 8096 
7089 8098 1242 8099 8097 
7090 8097 8099 1326 7496 
7091 8096 8097 7496 1324 
7092 1242 8101 8100 8099 
7093 8101 1366 8102 8100 
7094 8100 8102 1365 7505 
7095 8099 8100 7505 1326 
7096 1366 8104 8103 8102 
7097 8104 1321 8105 8103 
7098 8103 8105 1367 7514 
7099 8102 8103 7514 1365 
7100 1321 8107 8106 8105 
7101 8107 1402 8108 8106 
7102 8106 8108 1401 7523 
7103 8105 8106 7523 1367 
7104 1402 8110 8109 8108 
7105 8110 1323 8111 8109 
7106 8109 8111 1403 7532 
7107 8108 8109 7532 1401 
7108 1323 8113 8112 8111 
7109 8113 1443 8114 8112 
7110 8112 8114 1442 7541 
7111 8111 8112 7541 1403 
7112 1443 8116 8115 8114 
7113 8116 1398 8117 8115 
7114 8115 8117 1444 7555 
7115 8114 8115 7555 1442 
7116 1398 8119 8118 8117 
7117 8119 1488 8120 8118 
7118 8118 8120 1487 7564 
7119 8117 8118 7564 1444 
7120 1488 8122 8121 8120 
7121 8122 1400 8123 8121 
7122 8121 8123 1489 7573 
7123 8120 8121 7573 1487 
7124 1509 8125 8124 1519 
7125 8125 1511 8126 8124 
7126 8124 8126 1464 7579 
7127 1519 8124 7579 1512 
7128 1400 8128 8127 8123 
7129 8128 1522 8129 8127 
7130 8127 8129 1521 7582 
7131 8123 8127 7582 1489 
7132 1521 8131 8130 7583 
7133 8131 1523 8132 8130 
7134 8130 8132 707 1533 
7135 7583 8130 1533 1506 
7136 1511 8134 8133 8126 
7137 8134 1524 1543 8133 
7138 8133 1543 1527 7585 
7139 8126 8133 7585 1464 
7140 1523 8136 8135 8132 
7141 8136 1550 8137 8135 
7142 8135 8137 1529 1554 
7143 8132 8135 1554 707 
7144 1553 8139 8138 7590 
7145 8139 1555 1580 8138 
7146 8138 1580 1528 7797 
7147 7590 8138 7797 1556 
7148 1610 8141 8140 1631 
7149 8141 1621 8142 8140 
7150 8140 8142 1624 7802 
7151 1631 8140 7802 1567 
7152 1723 1859 8143 7615 
7153 1859 1724 8144 8143 
7154 8143 8144 678 8145 
7155 7615 8143 8145 1725 
7156 1734 6017 8146 7618 
7157 6017 1735 8147 8146 
7158 8146 8147 684 8148 
7159 7618 8146 8148 1736 
7160 1735 6032 8149 8147 
7161 6032 1784 8150 8149 
7162 8149 8150 1786 8151 
7163 8147 8149 8151 684 
7164 1851 2085 8152 7638 
7165 2085 1852 8153 8152 
7166 8152 8153 635 8154 
7167 7638 8152 8154 1853 
7168 1724 1915 8155 8144 
7169 1915 1854 8156 8155 
7170 8155 8156 1856 8157 
7171 8144 8155 8157 678 
7172 1916 4024 8158 8159 
7173 4024 1917 7653 8158 
7174 8158 7653 1878 8160 
7175 8159 8158 8160 1918 
7176 1893 4021 8161 8162 
7177 4021 1916 8159 8161 
7178 8161 8159 1918 8163 
7179 8162 8161 8163 679 
7180 1852 3483 8164 8153 
7181 3483 2080 8165 8164 
7182 8164 8165 2082 8166 
7183 8153 8164 8166 635 
7184 2160 2292 8167 8168 
7185 2292 2161 7704 8167 
7186 8167 7704 1849 8169 
7187 8168 8167 8169 2162 
7188 2081 2185 8170 8171 
7189 2185 2160 8168 8170 
7190 8170 8168 2162 8172 
7191 8171 8170 8172 1848 
7192 2297 8174 8173 2312 
7193 8174 2267 8175 8173 
7194 8173 8175 2298 7707 
7195 2312 8173 7707 2296 
7196 2267 8177 8176 8175 
7197 8177 2319 8178 8176 
7198 8176 8178 2318 2331 
7199 8175 8176 2331 2298 
7200 2319 8180 8179 8178 
7201 8180 2269 8181 8179 
7202 8179 8181 2320 2339 
7203 8178 8179 2339 2318 
7204 2269 8183 8182 8181 
7205 8183 2335 8184 8182 
7206 8182 8184 2334 2346 
7207 8181 8182 2346 2320 
7208 2335 8186 8185 8184 
7209 8186 2314 8187 8185 
7210 8185 8187 2336 2362 
7211 8184 8185 2362 2334 
7212 2314 8189 8188 8187 
7213 8189 2358 8190 8188 
7214 8188 8190 2357 6228 
7215 8187 8188 6228 2336 
7216 2358 8192 8191 8190 
7217 8192 2316 8193 8191 
7218 8191 8193 2359 2380 
7219 8190 8191 2380 2357 
7220 2365 2454 8194 8195 
7221 2454 2366 7712 8194 
7222 8194 7712 2287 8196 
7223 8195 8194 8196 2367 
7224 2291 2404 8197 8198 
7225 2404 2365 8195 8197 
7226 8197 8195 2367 8199 
7227 8198 8197 8199 2161 
7228 2316 8201 8200 8193 
7229 8201 2372 8202 8200 
7230 8200 8202 2371 2387 
7231 8193 8200 2387 2359 
7232 2372 8204 8203 8202 
7233 8204 2353 8205 8203 
7234 8203 8205 2373 2399 
7235 8202 8203 2399 2371 
7236 2353 8207 8206 8205 
7237 8207 2395 8208 8206 
7238 8206 8208 2394 6239 
7239 8205 8206 6239 2373 
7240 2395 8210 8209 8208 
7241 8210 2355 8211 8209 
7242 8209 8211 2396 2414 
7243 8208 8209 2414 2394 
7244 2355 8213 8212 8211 
7245 8213 2406 8214 8212 
7246 8212 8214 2405 2421 
7247 8211 8212 2421 2396 
7248 2406 8216 8215 8214 
7249 8216 2390 8217 8215 
7250 8215 8217 2407 6242 
7251 8214 8215 6242 2405 
7252 2390 8219 8218 8217 
7253 8219 2441 8220 8218 
7254 8218 8220 2440 2460 
7255 8217 8218 2460 2407 
7256 2441 8222 8221 8220 
7257 8222 2392 8223 8221 
7258 8221 8223 2442 2468 
7259 8220 8221 2468 2440 
7260 2392 8225 8224 8223 
7261 8225 2464 8226 8224 
7262 8224 8226 2463 2475 
7263 8223 8224 2475 2442 
7264 2464 8228 8227 8226 
7265 8228 2436 8229 8227 
7266 8227 8229 2465 6275 
7267 8226 8227 6275 2463 
7268 2436 8231 8230 8229 
7269 8231 2483 8232 8230 
7270 8230 8232 2482 2494 
7271 8229 8230 2494 2465 
7272 2483 8234 8233 8232 
7273 8234 2438 8235 8233 
7274 8233 8235 2484 2502 
7275 8232 8233 2502 2482 
7276 2438 8237 8236 8235 
7277 8237 2498 8238 8236 
7278 8236 8238 2497 6286 
7279 8235 8236 6286 2484 
7280 2498 8240 8239 8238 
7281 8240 2478 8241 8239 
7282 8239 8241 2499 2522 
7283 8238 8239 2522 2497 
7284 2478 8243 8242 8241 
7285 8243 2514 8244 8242 
7286 8242 8244 2513 2535 
7287 8241 8242 2535 2499 
7288 2514 8246 8245 8244 
7289 8246 2480 8247 8245 
7290 8245 8247 2515 6300 
7291 8244 8245 6300 2513 
7292 2528 2571 8248 8249 
7293 2571 2529 7718 8248 
7294 8248 7718 2450 8250 
7295 8249 8248 8250 2530 
7296 2487 2544 8251 8252 
7297 2544 2528 8249 8251 
7298 8251 8249 2530 8253 
7299 8252 8251 8253 2449 
7300 2480 8255 8254 8247 
7301 8255 2539 8256 8254 
7302 8254 8256 2538 2547 
7303 8247 8254 2547 2515 
7304 2539 8258 8257 8256 
7305 8258 2509 8259 8257 
7306 8257 8259 2540 2559 
7307 8256 8257 2559 2538 
7308 2509 8261 8260 8259 
7309 8261 2555 8262 8260 
7310 8260 8262 2554 6318 
7311 8259 8260 6318 2540 
7312 2555 8264 8263 8262 
7313 8264 2511 8265 8263 
7314 8263 8265 2556 2574 
7315 8262 8263 2574 2554 
7316 2511 8267 8266 8265 
7317 8267 2566 8268 8266 
7318 8266 8268 2565 2581 
7319 8265 8266 2581 2556 
7320 2566 8270 8269 8268 
7321 8270 2550 8271 8269 
7322 8269 8271 2567 6320 
7323 8268 8269 6320 2565 
7324 2550 8273 8272 8271 
7325 8273 2597 8274 8272 
7326 8272 8274 2596 2614 
7327 8271 8272 2614 2567 
7328 2597 8276 8275 8274 
7329 8276 2552 8277 8275 
7330 8275 8277 2598 2622 
7331 8274 8275 2622 2596 
7332 2552 8279 8278 8277 
7333 8279 2618 8280 8278 
7334 8278 8280 2617 6350 
7335 8277 8278 6350 2598 
7336 2618 8282 8281 8280 
7337 8282 2592 8283 8281 
7338 8281 8283 2619 2638 
7339 8280 8281 2638 2617 
7340 2592 8285 8284 8283 
7341 8285 2630 8286 8284 
7342 8284 8286 2629 2648 
7343 8283 8284 2648 2619 
7344 2630 8288 8287 8286 
7345 8288 2594 8289 8287 
7346 8287 8289 2631 6358 
7347 8286 8287 6358 2629 
7348 2633 6360 8290 8291 
7349 6360 2634 7724 8290 
7350 8290 7724 2606 8292 
7351 8291 8290 8292 2635 
7352 2610 4248 8293 8294 
7353 4248 2633 8291 8293 
7354 8293 8291 2635 8295 
7355 8294 8293 8295 2563 
7356 2594 8297 8296 8289 
7357 8297 2652 8298 8296 
7358 8296 8298 2651 2660 
7359 8289 8296 2660 2631 
7360 2652 8300 8299 8298 
7361 8300 2625 8301 8299 
7362 8299 8301 2653 6362 
7363 8298 8299 6362 2651 
7364 2625 8303 8302 8301 
7365 8303 2672 8304 8302 
7366 8302 8304 2671 2686 
7367 8301 8302 2686 2653 
7368 2672 8306 8305 8304 
7369 8306 2627 8307 8305 
7370 8305 8307 2673 2694 
7371 8304 8305 2694 2671 
7372 2627 8309 8308 8307 
7373 8309 2690 8310 8308 
7374 8308 8310 2689 6392 
7375 8307 8308 6392 2673 
7376 2690 8312 8311 8310 
7377 8312 2667 8313 8311 
7378 8311 8313 2691 2710 
7379 8310 8311 2710 2689 
7380 2667 8315 8314 8313 
7381 8315 2702 8316 8314 
7382 8314 8316 2701 2720 
7383 8313 8314 2720 2691 
7384 2702 8318 8317 8316 
7385 8318 2669 8319 8317 
7386 8317 8319 2703 6401 
7387 8316 8317 6401 2701 
7388 2669 8321 8320 8319 
7389 8321 2724 8322 8320 
7390 8320 8322 2723 2732 
7391 8319 8320 2732 2703 
7392 2724 8324 8323 8322 
7393 8324 2697 8325 8323 
7394 8323 8325 2725 6415 
7395 8322 8323 6415 2723 
7396 2697 8327 8326 8325 
7397 8327 2754 8328 8326 
7398 8326 8328 2753 2771 
7399 8325 8326 2771 2725 
7400 2754 8330 8329 8328 
7401 8330 2699 8331 8329 
7402 8329 8331 2755 2779 
7403 8328 8329 2779 2753 
7404 2699 8333 8332 8331 
7405 8333 2775 8334 8332 
7406 8332 8334 2774 6462 
7407 8331 8332 6462 2755 
7408 2775 8336 8335 8334 
7409 8336 2749 8337 8335 
7410 8335 8337 2776 2795 
7411 8334 8335 2795 2774 
7412 2749 8339 8338 8337 
7413 8339 2787 8340 8338 
7414 8338 8340 2786 6471 
7415 8337 8338 6471 2776 
7416 2787 8342 8341 8340 
7417 8342 2751 8343 8341 
7418 8341 8343 2788 2810 
7419 8340 8341 2810 2786 
7420 2751 8345 8344 8343 
7421 8345 2802 8346 8344 
7422 8344 8346 2801 2817 
7423 8343 8344 2817 2788 
7424 2802 8348 8347 8346 
7425 8348 2782 8349 8347 
7426 8347 8349 2803 6481 
7427 8346 8347 6481 2801 
7428 2782 8351 8350 8349 
7429 8351 2829 8352 8350 
7430 8350 8352 2828 2843 
7431 8349 8350 2843 2803 
7432 2829 8354 8353 8352 
7433 8354 2784 8355 8353 
7434 8353 8355 2830 6507 
7435 8352 8353 6507 2828 
7436 2784 8357 8356 8355 
7437 8357 2847 8358 8356 
7438 8356 8358 2846 2855 
7439 8355 8356 2855 2830 
7440 2847 8360 8359 8358 
7441 8360 2824 8361 8359 
7442 8359 8361 2848 2867 
7443 8358 8359 2867 2846 
7444 2824 8363 8362 8361 
7445 8363 2863 8364 8362 
7446 8362 8364 2862 6530 
7447 8361 8362 6530 2848 
7448 2863 8366 8365 8364 
7449 8366 2826 8367 8365 
7450 8365 8367 2864 2882 
7451 8364 8365 2882 2862 
7452 2826 8369 8368 8367 
7453 8369 2874 8370 8368 
7454 8368 8370 2873 6533 
7455 8367 8368 6533 2864 
7456 2874 8372 8371 8370 
7457 8372 2858 8373 8371 
7458 8371 8373 2875 2906 
7459 8370 8371 2906 2873 
7460 2858 8375 8374 8373 
7461 8375 2898 8376 8374 
7462 8374 8376 2897 7727 
7463 8373 8374 7727 2875 
7464 2897 8378 8377 7728 
7465 8378 2899 8379 8377 
7466 8377 8379 2823 2927 
7467 7728 8377 2927 2900 
7468 2899 8381 8380 8379 
7469 8381 2930 8382 8380 
7470 8380 8382 2922 2934 
7471 8379 8380 2934 2823 
7472 3159 8384 8383 7793 
7473 8384 3183 8385 8383 
7474 8383 8385 3181 7741 
7475 7793 8383 7741 3182 
7476 3181 8387 8386 7742 
7477 8387 3184 8388 8386 
7478 8386 8388 3041 3191 
7479 7742 8386 3191 3172 
7480 3184 8390 8389 8388 
7481 8390 3222 8391 8389 
7482 8389 8391 3186 3226 
7483 8388 8389 3226 3041 
7484 3361 8393 8392 7751 
7485 8393 3177 8394 8392 
7486 8392 8394 3362 7753 
7487 7751 8392 7753 3360 
7488 3329 8396 8395 3376 
7489 8396 3366 8397 8395 
7490 8395 8397 3369 7823 
7491 3376 8395 7823 3279 
7492 3378 4632 8398 7756 
7493 4632 3380 8399 8398 
7494 8398 8399 3315 8400 
7495 7756 8398 8400 3381 
7496 3380 4639 8401 8399 
7497 4639 3386 8402 8401 
7498 8401 8402 3389 8403 
7499 8399 8401 8403 3315 
7500 3435 8405 8404 7766 
7501 8405 933 8406 8404 
7502 8404 8406 959 7768 
7503 7766 8404 7768 3434 
7504 3472 8408 8407 7775 
7505 8408 1800 8409 8407 
7506 8407 8409 3473 7777 
7507 7775 8407 7777 3471 
7508 3475 8411 8410 6891 
7509 8411 3453 8412 8410 
7510 8410 8412 3476 7780 
7511 6891 8410 7780 3474 
7512 3453 8414 8413 8412 
7513 8414 3503 8415 8413 
7514 8413 8415 3502 7783 
7515 8412 8413 7783 3476 
7516 3502 8417 8416 7784 
7517 8417 3504 8418 8416 
7518 8416 8418 3454 3514 
7519 7784 8416 3514 3499 
7520 3517 8420 8419 7787 
7521 8420 2205 8421 8419 
7522 8419 8421 2042 3559 
7523 7787 8419 3559 2177 
7524 1800 8423 8422 8409 
7525 8423 3520 8424 8422 
7526 8422 8424 3519 7789 
7527 8409 8422 7789 3473 
7528 3519 8426 8425 7790 
7529 8426 3521 8427 8425 
7530 8425 8427 2176 3541 
7531 7790 8425 3541 3495 
7532 3504 8429 8428 8418 
7533 8429 3522 8430 8428 
7534 8428 8430 3509 3526 
7535 8418 8428 3526 3454 
7536 3521 8432 8431 8427 
7537 8432 3558 8433 8431 
7538 8431 8433 3530 3562 
7539 8427 8431 3562 2176 
7540 3671 8435 8434 3680 
7541 8435 3196 8436 8434 
7542 8434 8436 3672 7795 
7543 3680 8434 7795 3670 
7544 3196 8438 8437 8436 
7545 8438 3683 8439 8437 
7546 8437 8439 3682 3694 
7547 8436 8437 3694 3672 
7548 3683 8441 8440 8439 
7549 8441 3156 8442 8440 
7550 8440 8442 3199 6949 
7551 8439 8440 6949 3682 
7552 2157 6271 8443 8444 
7553 6271 2448 7808 8443 
7554 8443 7808 4263 8445 
7555 8444 8443 8445 4264 
7556 4264 8445 8446 8447 
7557 8445 4263 7811 8446 
7558 8446 7811 4266 8448 
7559 8447 8446 8448 2159 
7560 2879 6541 8449 8450 
7561 6541 2836 7819 8449 
7562 8449 7819 4397 8451 
7563 8450 8449 8451 4396 
7564 2601 4410 8452 8453 
7565 4410 2834 7814 8452 
7566 8452 7814 4405 7817 
7567 8453 8452 7817 4360 
7568 3091 4832 8454 8455 
7569 4832 3044 7835 8454 
7570 8454 7835 4521 8456 
7571 8455 8454 8456 4520 
7572 3177 8458 8457 8394 
7573 8458 4626 8459 8457 
7574 8457 8459 4625 7829 
7575 8394 8457 7829 3362 
7576 4625 8461 8460 7830 
7577 8461 4627 8462 8460 
7578 8460 8462 3316 4630 
7579 7830 8460 4630 3379 
7580 4627 8464 8463 8462 
7581 8464 4633 8465 8463 
7582 8463 8465 3387 4637 
7583 8462 8463 4637 3316 
7584 3531 4815 8466 8467 
7585 4815 3571 7832 8466 
7586 8466 7832 4810 8468 
7587 8467 8466 8468 4802 
7588 4840 4855 8469 8470 
7589 4855 4841 7841 8469 
7590 8469 7841 3628 8471 
7591 8470 8469 8471 4842 
7592 4831 7046 8472 8473 
7593 7046 4840 8470 8472 
7594 8472 8470 4842 8474 
7595 8473 8472 8474 3044 
7596 4872 4903 8475 8476 
7597 4903 4882 7844 8475 
7598 8475 7844 4895 8477 
7599 8476 8475 8477 4896 
7600 4896 8477 8478 5392 
7601 8477 4895 8479 8478 
7602 8478 8479 4898 8480 
7603 5392 8478 8480 4403 
7604 4931 4978 8481 8482 
7605 4978 4932 7850 8481 
7606 8481 7850 3131 8483 
7607 8482 8481 8483 4933 
7608 4897 7075 8484 8485 
7609 7075 4931 8482 8484 
7610 8484 8482 4933 8486 
7611 8485 8484 8486 4874 
7612 3137 8488 8487 7084 
7613 8488 4988 8489 8487 
7614 8487 8489 4987 7856 
7615 7084 8487 7856 4951 
7616 4988 8491 8490 8489 
7617 8491 2911 8492 8490 
7618 8490 8492 4989 7854 
7619 8489 8490 7854 4987 
7620 2911 8494 8493 8492 
7621 8494 5014 8495 8493 
7622 8493 8495 5013 7113 
7623 8492 8493 7113 4989 
7624 5014 8497 8496 8495 
7625 8497 4519 7861 8496 
7626 8496 7861 5015 7110 
7627 8495 8496 7110 5013 
7628 5079 5252 8498 7870 
7629 5252 5081 8499 8498 
7630 8498 8499 5040 8500 
7631 7870 8498 8500 5082 
7632 5057 8503 8501 8502 
7633 8503 5091 7873 8501 
7634 8501 7873 5090 7134 
7635 8502 8501 7134 5067 
7636 5186 7214 8504 7900 
7637 7214 5187 8505 8504 
7638 8504 8505 879 8506 
7639 7900 8504 8506 5188 
7640 5187 7223 8507 8505 
7641 7223 5196 8508 8507 
7642 8507 8508 5198 8509 
7643 8505 8507 8509 879 
7644 3206 8512 8510 8511 
7645 8512 5238 7903 8510 
7646 8510 7903 5236 7244 
7647 8511 8510 7244 5237 
7648 5081 7247 8513 8499 
7649 7247 5247 8514 8513 
7650 8513 8514 5249 8515 
7651 8499 8513 8515 5040 
7652 5088 8518 8516 8517 
7653 8518 5263 7912 8516 
7654 8516 7912 5262 7262 
7655 8517 8516 7262 5242 
7656 5121 8521 8519 8520 
7657 8521 5291 7918 8519 
7658 8519 7918 5289 7274 
7659 8520 8519 7274 5290 
7660 5297 7280 8522 7921 
7661 7280 5298 8523 8522 
7662 8522 8523 5130 8524 
7663 7921 8522 8524 5299 
7664 5317 7286 8525 7924 
7665 7286 5318 8526 8525 
7666 8525 8526 3337 8527 
7667 7924 8525 8527 5319 
7668 5320 7292 8528 7927 
7669 7292 5321 8529 8528 
7670 8528 8529 5111 8530 
7671 7927 8528 8530 5322 
7672 3381 8400 8531 7933 
7673 8400 3315 8532 8531 
7674 8531 8532 5190 8533 
7675 7933 8531 8533 5342 
7676 5342 8533 8534 7936 
7677 8533 5190 8535 8534 
7678 8534 8535 3318 8536 
7679 7936 8534 8536 5343 
7680 4886 8539 8537 8538 
7681 8539 4872 8476 8537 
7682 8537 8476 4896 5391 
7683 8538 8537 5391 5365 
7684 4403 8480 8540 5398 
7685 8480 4898 8541 8540 
7686 8540 8541 5394 8542 
7687 5398 8540 8542 5352 
7688 156 7360 8543 8544 
7689 7360 460 7939 8543 
7690 8543 7939 5444 8545 
7691 8544 8543 8545 5445 
7692 852 7410 8546 8547 
7693 7410 156 8544 8546 
7694 8546 8544 5445 8548 
7695 8547 8546 8548 5472 
7696 5483 8550 8549 7943 
7697 8550 5485 8551 8549 
7698 8549 8551 396 5496 
7699 7943 8549 5496 415 
7700 5485 8553 8552 8551 
7701 8553 5486 8554 8552 
7702 8552 8554 3421 6856 
7703 8551 8552 6856 396 
7704 108 5506 8555 8556 
7705 5506 429 7945 8555 
7706 8555 7945 5489 8557 
7707 8556 8555 8557 5490 
7708 5489 7946 8558 8559 
7709 7946 419 8054 8558 
7710 8558 8054 400 8560 
7711 8559 8558 8560 5491 
7712 5490 8557 8561 8562 
7713 8557 5489 8559 8561 
7714 8561 8559 5491 8563 
7715 8562 8561 8563 213 
7716 1206 8070 8564 7948 
7717 8070 613 8565 8564 
7718 8564 8565 5559 8566 
7719 7948 8564 8566 5561 
7720 73 7636 8567 8568 
7721 7636 1850 7951 8567 
7722 8567 7951 5572 8569 
7723 8568 8567 8569 5430 
7724 2289 7702 8570 8571 
7725 7702 2157 8444 8570 
7726 8570 8444 4264 8572 
7727 8571 8570 8572 6170 
7728 6170 8572 8573 8574 
7729 8572 4264 8447 8573 
7730 8573 8447 2159 8575 
7731 8574 8573 8575 6172 
7732 6723 8578 8576 8577 
7733 8578 6725 7963 8576 
7734 8576 7963 3205 7904 
7735 8577 8576 7904 5238 
7736 6724 8581 8579 8580 
7737 8581 6723 8577 8579 
7738 8579 8577 5238 8512 
7739 8580 8579 8512 3206 
7740 5318 7967 8582 8526 
7741 7967 6799 8583 8582 
7742 8582 8583 6801 8584 
7743 8526 8582 8584 3337 
7744 5319 8527 8585 7972 
7745 8527 3337 8586 8585 
7746 8585 8586 6803 8587 
7747 7972 8585 8587 6802 
7748 7020 8590 8588 8589 
7749 8590 3206 8511 8588 
7750 8588 8511 5237 7976 
7751 8589 8588 7976 7021 
7752 7023 8593 8591 8592 
7753 8593 7022 7978 8591 
7754 8591 7978 4519 8497 
7755 8592 8591 8497 5014 
7756 7024 8596 8594 8595 
7757 8596 7023 8592 8594 
7758 8594 8592 5014 8494 
7759 8595 8594 8494 2911 
7760 7121 8599 8597 8598 
7761 8599 7120 7981 8597 
7762 8597 7981 5091 8503 
7763 8598 8597 8503 5057 
7764 7144 7994 8600 7996 
7765 7994 7145 8601 8600 
7766 8600 8601 5039 8602 
7767 7996 8600 8602 7146 
7768 7153 8605 8603 8604 
7769 8605 7152 7999 8603 
7770 8603 7999 5291 8521 
7771 8604 8603 8521 5121 
7772 7157 8608 8606 8607 
7773 8608 5121 8520 8606 
7774 8606 8520 5290 8003 
7775 8607 8606 8003 7155 
7776 5298 8009 8609 8523 
7777 8009 7161 8610 8609 
7778 8609 8610 7163 8611 
7779 8523 8609 8611 5130 
7780 5299 8524 8612 8014 
7781 8524 5130 8613 8612 
7782 8612 8613 7165 8614 
7783 8014 8612 8614 7164 
7784 7145 8015 8615 8601 
7785 8015 7164 8616 8615 
7786 8615 8616 7166 8617 
7787 8601 8615 8617 5039 
7788 5343 8536 8618 8017 
7789 8536 3318 8619 8618 
7790 8618 8619 7210 8620 
7791 8017 8618 8620 7209 
7792 7240 8623 8621 8622 
7793 8623 7239 8020 8621 
7794 8621 8020 5263 8518 
7795 8622 8621 8518 5088 
7796 7146 8602 8624 8029 
7797 8602 5039 8625 8624 
7798 8624 8625 7249 8626 
7799 8029 8624 8626 7248 
7800 218 7304 8627 8628 
7801 7304 108 8556 8627 
7802 8627 8556 5490 8629 
7803 8628 8627 8629 7299 
7804 211 7301 8630 8036 
7805 7301 213 8048 8630 
7806 8630 8048 161 8631 
7807 8036 8630 8631 214 
7808 7299 8629 8632 8633 
7809 8629 5490 8562 8632 
7810 8632 8562 213 8634 
7811 8633 8632 8634 7301 
7812 7739 8637 8635 8636 
7813 8637 7024 8595 8635 
7814 8635 8595 2911 8491 
7815 8636 8635 8491 4988 
7816 6699 8640 8638 8639 
7817 8640 7739 8636 8638 
7818 8638 8636 4988 8488 
7819 8639 8638 8488 3137 
7820 3337 8584 8641 8586 
7821 8584 6801 8642 8641 
7822 8641 8642 7746 8643 
7823 8586 8641 8643 6803 
7824 5110 7928 8644 7987 
7825 7928 5322 8645 8644 
7826 8644 8645 7875 8646 
7827 7987 8644 8646 7142 
7828 5322 8530 8647 8645 
7829 8530 5111 8648 8647 
7830 8647 8648 7876 8649 
7831 8645 8647 8649 7875 
7832 7878 8652 8650 8651 
7833 8652 7153 8604 8650 
7834 8650 8604 5121 8608 
7835 8651 8650 8608 7157 
7836 5130 8611 8653 8613 
7837 8611 7163 8654 8653 
7838 8653 8654 7884 8655 
7839 8613 8653 8655 7165 
7840 5039 8617 8656 8625 
7841 8617 7166 8657 8656 
7842 8656 8657 7983 8658 
7843 8625 8656 8658 7249 
