"Time_Iter","Outer_Iter","Inner_Iter",     "rms[P]"     ,     "rms[U]"     ,     "rms[V]"     ,     "rms[T]"     ,     "rms[k]"     ,     "rms[w]"     ,    "rms[LM_1]"   ,    "rms[LM_2]"   ,"LinSolIter",    "LinSolRes"   ,"LinSolIterTurb",  "LinSolResTurb" ,"LinSolIterTrans", "LinSolResTrans" ,     "Min DT"     ,     "Max DT"     ,     "Min CFL"    ,     "Max CFL"    ,     "Avg CFL"    ,    "RefForce"    ,       "CD"       ,       "CL"       ,       "CSF"      ,       "CMx"      ,       "CMy"      ,       "CMz"      ,       "CFx"      ,       "CFy"      ,       "CFz"      ,      "CEff"      ,       "HF"       ,      "maxHF"     ,      "Temp"      
          0,           0,           0,      -3.934856356,      -17.92319592,      -21.34371661,      -1.075260025,       -3.94768778,       1.137391526,      -4.165303239,      -2.079341242,          13,       -6.07391497,               4,      -6.095059208,                5,      -6.273880481,    0.001140630883,      0.1038965785,                11,                11,                11,     0.07211527163,       1.468979567,       -3.12833239,                 0,                 0,                 0,      -5.635299894,       1.468979567,       -3.12833239,                 0,      -2.129595578,  -6.708664432e-06,    0.001631591448,                 0
          0,           0,           1,      -4.115210747,       -3.90038852,      -4.065390481,      -1.255614418,      -4.420844476,      0.6713855163,      -4.536166326,      0.1958793578,         100,      -5.315694637,               5,      -6.501583393,                4,      -6.643529408,    0.001105968061,     0.09989256385,              12.1,              12.1,              12.1,     0.07211527163,       1.398731711,      -2.946014881,                 0,                 0,                 0,      -5.262778697,       1.398731711,      -2.946014881,                 0,      -2.106204398,   -3.33176225e-08,   0.0001153194047,                 0
          0,           0,           2,      -4.309211635,      -4.081716933,      -4.099224121,      -1.449615307,       -4.81733729,      0.2836475928,      -4.618750374,      0.3096618214,         100,      -5.389455051,               5,      -6.147030031,                4,      -6.631237607,    0.001146999185,      0.1032296227,             13.31,             13.31,             13.31,     0.07211527163,        1.10701555,      -2.407881106,                 0,                 0,                 0,      -4.240196112,        1.10701555,      -2.407881106,                 0,      -2.175110463,  -7.083924597e-07,   7.752268397e-05,                 0
          0,           0,           3,      -4.453899813,      -4.189464856,      -4.138927302,      -1.594303482,      -5.141600262,    -0.03191177266,      -4.815766868,      0.3637466924,         100,      -5.153437017,               6,      -7.047498443,                4,      -6.716542157,    0.001127598037,      0.1008541238,            14.641,            14.641,            14.641,     0.07211527163,      0.8871798594,      -2.089579043,                 0,                 0,                 0,      -3.594157009,      0.8871798594,      -2.089579043,                 0,      -2.355304869,  -8.790547726e-08,   5.972037749e-05,                 0
          0,           0,           4,       -4.54064249,      -4.252264612,      -4.172215509,      -1.681046158,      -5.393832521,     -0.2768868693,       -4.96490621,      0.3931336889,         100,      -5.433215849,               6,       -6.85330261,                4,      -6.785946247,    0.001144654677,      0.1019693949,           16.1051,           16.1051,           16.1051,     0.07211527163,      0.8352919145,      -2.191763356,                 0,                 0,                 0,      -3.658771237,      0.8352919145,      -2.191763356,                 0,      -2.623948967,   2.030820007e-07,   5.159011237e-05,                 0
          0,           0,           5,      -4.601321411,      -4.283134915,      -4.186368844,      -1.741725078,      -5.594507985,      -0.472373076,      -5.027392642,      0.4171333786,         100,      -5.221546772,               6,      -6.633003097,                4,      -6.829100239,    0.001205273107,      0.1071498269,          17.71561,          17.71561,          17.71561,     0.07211527163,      0.8819362666,      -2.538067434,                 0,                 0,                 0,      -4.121278446,      0.8819362666,      -2.538067434,                 0,      -2.877835429,   2.250234522e-07,   4.639121796e-05,                 0
          0,           0,           6,      -4.643866529,      -4.296835489,       -4.19105307,      -1.784270197,      -5.762039288,     -0.6362243517,      -5.049733576,      0.4464032836,         100,      -5.026610327,               6,      -6.413954436,                4,      -6.865149918,    0.001291309178,      0.1146619193,         19.487171,         19.487171,         19.487171,     0.07211527163,      0.9251779909,       -2.83204623,                 0,                 0,                 0,       -4.50985776,      0.9251779909,       -2.83204623,                 0,      -3.061082579,   3.481966277e-08,    4.27776279e-05,                 0
          0,           0,           7,      -4.675667831,      -4.301403548,      -4.190411643,      -1.816071499,      -5.907842914,     -0.7788348002,      -5.046027668,      0.4985225559,         100,      -4.919008204,               6,      -6.201059098,                4,      -6.915807625,    0.001396895551,      0.1239459543,        21.4358881,        21.4358881,        21.4358881,     0.07211527163,       0.921518562,      -2.921488482,                 0,                 0,                 0,      -4.608606545,       0.921518562,      -2.921488482,                 0,      -3.170298031,   4.596386885e-08,   4.273788694e-05,                 0
          0,           0,           8,      -4.700869393,      -4.300965043,      -4.187739003,      -1.841273062,      -6.038383743,     -0.9066496295,      -5.028037775,      0.6013157496,         100,      -5.047078745,               7,       -6.63732638,                4,      -7.007272922,    0.001525180023,      0.1352846261,       23.57947691,       23.57947691,       23.57947691,     0.07211527163,      0.8778304612,      -2.833218484,                 0,                 0,                 0,      -4.461686105,      0.8778304612,      -2.833218484,                 0,      -3.227523547,  -1.064290843e-07,   4.190378749e-05,                 0
          0,           0,           9,       -4.71912041,      -4.296321018,      -4.185042366,      -1.859524079,       -6.15726401,      -1.024187619,       -4.99611139,      0.6074651398,         100,      -5.365443429,               7,      -6.400519673,                4,      -6.996128914,    0.001680869862,      0.1491066776,        25.9374246,        25.9374246,        25.9374246,     0.07211527163,      0.8135810902,      -2.659928808,                 0,                 0,                 0,      -4.191108177,      0.8135810902,      -2.659928808,                 0,      -3.269408348,  -2.819258543e-07,   4.520645481e-05,                 0
          0,           0,          10,      -4.730161568,      -4.290187408,      -4.183867728,      -1.870565235,      -6.266455641,      -1.134726141,      -4.954571732,      0.5774362685,         100,      -5.175437533,               7,      -6.157920412,                4,       -6.94193379,    0.001867523283,      0.1657367696,       28.53116706,       28.53116706,       28.53116706,     0.07211527163,      0.7447719131,      -2.477968631,                 0,                 0,                 0,      -3.898151612,      0.7447719131,      -2.477968631,                 0,      -3.327151021,  -1.742379861e-07,   4.270155206e-05,                 0
          0,           0,          11,      -4.734982703,      -4.286531248,      -4.186182701,      -1.875386373,      -6.366598893,      -1.240611608,      -4.923387194,        0.53369264,         100,      -5.228934152,             100,      -5.874043979,                4,      -6.861275153,    0.002089864651,      0.1856102886,       31.38428377,       31.38428377,       31.38428377,     0.07211527163,      0.6864813741,      -2.339423032,                 0,                 0,                 0,      -3.666462744,      0.6864813741,      -2.339423032,                 0,      -3.407846332,  -3.062718941e-07,   4.641372427e-05,                 0
          0,           0,          12,      -4.734924263,      -4.285857885,      -4.192246587,       -1.87532793,      -6.456142847,      -1.343583455,      -4.899514535,      0.4845390803,         100,      -5.030277417,             100,      -5.674476889,                4,      -6.784421779,    0.002353919954,      0.2092868078,       34.52271214,       34.52271214,       34.52271214,     0.07211527163,      0.6533439703,      -2.281303506,                 0,                 0,                 0,      -3.566849297,      0.6533439703,      -2.281303506,                 0,      -3.491734232,  -3.187090548e-07,   4.028808251e-05,                 0
          0,           0,          13,      -4.733143926,       -4.28466805,      -4.201419612,      -1.873547596,      -6.531633037,      -1.444926057,      -4.868254114,      0.4350453927,         100,      -5.082921793,             100,      -5.757695918,                4,      -6.707533791,    0.002663274261,      0.2371029573,       37.97498336,       37.97498336,       37.97498336,     0.07211527163,      0.6525383558,      -2.318775183,                 0,                 0,                 0,      -3.629878313,      0.6525383558,      -2.318775183,                 0,      -3.553469558,  -3.673559823e-07,   3.518679729e-05,                 0
          0,           0,          14,       -4.73623059,      -4.278191781,      -4.211910875,      -1.876634258,      -6.585147177,      -1.545402778,      -4.835125174,      0.3925725951,         100,      -4.850719037,             100,      -5.651462799,                4,      -6.691385501,    0.002863052104,      0.2546178652,       41.77248169,       41.77248169,       41.77248169,     0.07211527163,      0.6810176121,      -2.442424218,                 0,                 0,                 0,       -3.83490703,      0.6810176121,      -2.442424218,                 0,      -3.586433265,  -2.763233183e-07,   2.447208172e-05,                 0
          0,           0,          15,       -4.74640152,      -4.272682855,      -4.231930509,      -1.886805188,      -6.609317362,      -1.640793283,      -4.781448971,      0.3501717716,         100,      -4.818838113,               9,      -6.042936591,                4,      -6.689423805,    0.003043932532,      0.2702948891,       45.94972986,       45.94972986,       45.94972986,     0.07211527163,      0.7222508788,      -2.606343009,                 0,                 0,                 0,      -4.099077125,      0.7222508788,      -2.606343009,                 0,      -3.608639443,  -1.814436702e-07,   2.076855846e-05,                 0
          0,           0,          16,      -4.761681232,      -4.277028169,      -4.266507364,      -1.902084899,      -6.603773052,      -1.730540231,      -4.715704363,      0.3075774319,         100,      -4.802096888,             100,      -5.623705962,                4,      -6.691709121,    0.003228739175,      0.2862707844,       50.54470285,       50.54470285,       50.54470285,     0.07211527163,      0.7579543971,      -2.757070694,                 0,                 0,                 0,      -4.332190363,      0.7579543971,      -2.757070694,                 0,      -3.637515271,  -1.616113641e-07,   2.111229962e-05,                 0
          0,           0,          17,      -4.778046434,      -4.303893756,      -4.318697401,      -1.918450105,      -6.575524405,      -1.814337004,      -4.674735428,      0.2641026684,         100,      -4.700509998,              11,      -6.024103514,                4,      -6.694969412,     0.00342383941,      0.3031425239,       55.59917313,       55.59917313,       55.59917313,     0.07211527163,      0.7817975923,      -2.870519743,                 0,                 0,                 0,      -4.501184662,      0.7817975923,      -2.870519743,                 0,      -3.671691715,  -2.450182843e-08,   1.497147223e-05,                 0
          0,           0,          18,      -4.803292388,      -4.357365171,       -4.37745628,      -1.943696058,      -6.533831724,      -1.893717216,      -4.687085315,      0.2292498439,         100,      -4.636854744,             100,      -5.712114253,                4,      -6.700975362,    0.003638910676,      0.3218015464,       61.15909045,       61.15909045,       61.15909045,     0.07211527163,      0.7998264513,      -2.960364361,                 0,                 0,                 0,      -4.636686831,      0.7998264513,      -2.960364361,                 0,      -3.701258386,   8.535443848e-08,   1.409528827e-05,                 0
          0,           0,          19,      -4.851759542,      -4.418264234,      -4.406476226,      -1.992163209,      -6.486394283,      -1.972662698,      -4.761958598,      0.2080634502,         100,      -4.609440938,             100,      -5.716548121,                4,      -6.719777113,     0.00387997954,       0.342785229,       67.27499949,       67.27499949,       67.27499949,     0.07211527163,      0.8177240507,       -3.04581107,                 0,                 0,                 0,      -4.771410591,      0.8177240507,       -3.04581107,                 0,      -3.724741943,   2.409454141e-08,   1.841417129e-05,                 0
          0,           0,          20,      -4.930908372,      -4.447042578,       -4.38108871,       -2.07131204,      -6.437086127,      -2.051830885,      -4.876622196,      0.1944444927,         100,       -4.59299659,             100,      -5.717503653,                4,      -6.744816786,    0.004149158102,      0.3662529278,       74.00249944,       74.00249944,       74.00249944,     0.07211527163,        0.83111804,      -3.118867208,                 0,                 0,                 0,      -4.886136817,        0.83111804,      -3.118867208,                 0,      -3.752616425,   1.766868445e-08,   1.775986602e-05,                 0
          0,           0,          21,      -5.031120558,      -4.443371906,      -4.340500865,      -2.171524222,       -6.38760608,      -2.126628692,      -4.970874402,      0.1714854633,         100,      -4.584160218,             100,      -5.981044532,                4,      -6.765530967,    0.004449062973,      0.3923970411,       81.40274939,       81.40274939,       81.40274939,     0.07211527163,      0.8304664998,      -3.152345506,                 0,                 0,                 0,      -4.929545973,      0.8304664998,      -3.152345506,                 0,      -3.795873171,  -1.962014646e-07,   2.000177398e-05,                 0
          0,           0,          22,      -5.104206995,      -4.446851708,      -4.333177003,      -2.244610662,      -6.338780885,      -2.198682976,       -5.00824944,      0.1315090594,         100,      -4.507841167,             100,      -5.624487899,                4,      -6.767799223,     0.00478621292,      0.4217660929,       89.54302433,       89.54302433,       89.54302433,     0.07211527163,      0.8117306441,      -3.130595044,                 0,                 0,                 0,      -4.874487453,      0.8117306441,      -3.130595044,                 0,      -3.856691954,  -1.962041951e-07,   1.836583697e-05,                 0
          0,           0,          23,      -5.107211491,      -4.472431316,      -4.373653562,      -2.247615154,      -6.289972885,      -2.268534742,      -5.033224163,     0.06927487363,         100,      -4.489300737,             100,      -5.766981573,                4,      -6.752055631,    0.005171318158,      0.4553050331,       98.49732676,       98.49732676,       98.49732676,     0.07211527163,      0.7788519844,      -3.060533703,                 0,                 0,                 0,      -4.735704892,      0.7788519844,      -3.060533703,                 0,       -3.92954472,   -3.69235472e-07,   1.777463848e-05,                 0
          0,           0,          24,      -5.094427278,      -4.495135891,      -4.436803809,      -2.234830942,      -6.239285833,      -2.336287537,      -5.075185947,     0.03221643361,         100,       -4.51216447,             100,      -5.514546026,                4,      -6.745363987,    0.005618673779,      0.4943068735,       108.3470594,       108.3470594,       108.3470594,     0.07211527163,      0.7377116569,      -2.956627605,                 0,                 0,                 0,      -4.540660404,      0.7377116569,      -2.956627605,                 0,      -4.007836364,  -5.203330906e-07,   1.870672202e-05,                 0
          0,           0,          25,      -5.117368683,      -4.481967087,        -4.4703656,      -2.257772354,      -6.184308097,      -2.404859265,      -5.117083792,     0.03989805981,         100,      -4.510895705,             100,      -5.399348153,                4,      -6.759958244,    0.006146220479,      0.5404107289,       119.1817654,       119.1817654,       119.1817654,     0.07211527163,      0.6916882561,      -2.828355338,                 0,                 0,                 0,      -4.305565121,      0.6916882561,      -2.828355338,                 0,      -4.089060806,  -4.669280736e-07,   1.752779737e-05,                 0
          0,           0,          26,      -5.170459171,      -4.451888641,      -4.484128376,      -2.310862844,      -6.124621892,      -2.479383931,      -5.147065707,    0.006790747303,         100,      -4.369534482,             100,      -5.496551704,                4,      -6.717542505,    0.006774092323,      0.5954446418,       131.0999419,       131.0999419,       131.0999419,     0.07211527163,      0.6435691141,      -2.686214343,                 0,                 0,                 0,      -4.045649882,      0.6435691141,      -2.686214343,                 0,      -4.173932969,  -5.292844609e-07,   1.645820671e-05,                 0
          0,           0,          27,      -5.211860974,      -4.439259526,      -4.529825898,      -2.352264646,       -6.06214862,      -2.554222796,      -5.179194474,    -0.04488735093,         100,      -4.278234138,             100,       -5.23976466,                4,      -6.636750402,    0.007513278043,      0.6603592234,       144.2099361,       144.2099361,       144.2099361,     0.07211527163,      0.5994118905,      -2.552762614,                 0,                 0,                 0,      -3.796113233,      0.5994118905,      -2.552762614,                 0,      -4.258778737,  -6.716333546e-07,   1.623889622e-05,                 0
          0,           0,          28,      -5.220392726,      -4.446571693,      -4.588369997,      -2.360796392,      -5.999629883,      -2.603770781,      -5.181846385,    -0.04010911829,         100,      -4.289812624,             100,       -5.50164028,                4,      -6.591049919,    0.008345201646,      0.7333518527,       158.6309297,       158.6309297,       158.6309297,     0.07211527163,      0.5690668581,      -2.461553289,                 0,                 0,                 0,      -3.612866556,      0.5690668581,      -2.461553289,                 0,      -4.325595936,  -6.570832388e-07,   1.364149375e-05,                 0
          0,           0,          29,      -5.213735438,      -4.460219673,       -4.57698104,      -2.354139109,      -5.938411524,      -2.612470842,      -5.097561329,     0.02318903761,         100,      -4.289282409,             100,      -5.265620104,                4,      -6.587332991,    0.009284738945,      0.8156313185,       174.4940227,       174.4940227,       174.4940227,     0.07211527163,      0.5613664223,      -2.441491905,                 0,                 0,                 0,      -3.546259993,      0.5613664223,      -2.441491905,                 0,      -4.349194766,  -6.536604518e-07,   1.603148842e-05,                 0
          0,           0,          30,      -5.206798134,      -4.470966287,      -4.523702942,        -2.3472018,      -5.875906522,      -2.578429097,      -4.983083684,     0.08879453055,         100,      -4.315306448,             100,      -5.256787392,                4,      -6.597818256,     0.01028784009,      0.9031482107,        191.943425,        191.943425,        191.943425,     0.07211527163,       0.580454902,      -2.507184948,                 0,                 0,                 0,      -3.621996958,       0.580454902,      -2.507184948,                 0,      -4.319344948,  -4.145988776e-07,   1.311424672e-05,                 0
          0,           0,          31,      -5.216393489,      -4.475189599,      -4.505812822,      -2.356797155,      -5.811469228,       -2.56129337,      -4.901320168,      0.1590672002,         100,      -4.408256275,             100,      -5.488044185,                4,      -6.640409849,     0.01129995067,      0.9911435898,       211.1377675,       211.1377675,       211.1377675,     0.07211527163,      0.6225784793,      -2.652446042,                 0,                 0,                 0,      -3.828883179,      0.6225784793,      -2.652446042,                 0,      -4.260420381,  -2.832948843e-07,   2.162995959e-05,                 0
          0,           0,          32,      -5.258682351,      -4.465090778,      -4.540549281,      -2.399086024,      -5.746669547,      -2.610091972,      -4.865532167,      0.2063157306,         100,       -4.28318784,             100,      -5.537338287,                4,      -6.681805619,      0.0122708034,       1.075453443,       232.2515442,       232.2515442,       232.2515442,     0.07211527163,      0.6761350875,      -2.849839708,                 0,                 0,                 0,      -4.118636098,      0.6761350875,      -2.849839708,                 0,      -4.214896936,  -1.395411267e-07,   8.219580075e-06,                 0
          0,           0,          33,      -5.321644893,      -4.441319606,       -4.60950146,      -2.462048555,      -5.687725435,      -2.728459357,      -4.867605139,      0.2070585167,         100,      -4.213381291,             100,      -5.635049025,                4,      -6.675494486,     0.01320603819,       1.156929521,       255.4766986,       255.4766986,       255.4766986,     0.07211527163,      0.7228629976,      -3.050529712,                 0,                 0,                 0,      -4.406893069,      0.7228629976,      -3.050529712,                 0,      -4.220066212,  -1.486702113e-07,   1.061131462e-05,                 0
          0,           0,          34,      -5.356620174,      -4.418330034,      -4.658540698,      -2.497023852,      -5.643460971,      -2.854222389,      -4.895008636,      0.1827875656,         100,      -4.083397491,             100,      -5.175481076,                4,      -6.649735415,     0.01416091918,       1.240642173,       281.0243685,       281.0243685,       281.0243685,     0.07211527163,      0.7407401495,      -3.188956762,                 0,                 0,                 0,      -4.581512796,      0.7407401495,      -3.188956762,                 0,      -4.305095064,  -2.910534549e-07,   1.026923559e-05,                 0
          0,           0,          35,       -5.33990203,      -4.409133975,        -4.6496047,      -2.480305691,      -5.621138875,       -2.90510267,      -4.932802975,       0.163169874,         100,      -4.097980101,             100,      -5.026662572,                4,      -6.605887959,      0.0152522959,       1.336979641,       309.1268053,       309.1268053,       309.1268053,     0.07211527163,      0.7112285149,      -3.199563514,                 0,                 0,                 0,      -4.532872157,      0.7112285149,      -3.199563514,                 0,      -4.498643469,  -2.313960511e-07,   1.468788503e-05,                 0
          0,           0,          36,      -5.303302868,      -4.414478528,      -4.620039937,      -2.443706536,      -5.618720741,      -2.922182667,      -4.966095058,      0.1443994451,         100,       -4.14908665,             100,      -5.303150774,                4,      -6.527731056,     0.01668849538,       1.464526248,       340.0394859,       340.0394859,       340.0394859,     0.07211527163,      0.6313493247,      -3.048920586,                 0,                 0,                 0,      -4.212439005,      0.6313493247,      -3.048920586,                 0,      -4.829213347,   -8.35961561e-08,    1.48631403e-05,                 0
          0,           0,          37,      -5.268739423,       -4.42207624,      -4.598832652,      -2.409143076,      -5.630611503,      -2.926204058,      -4.987378796,      0.1187921563,         100,      -4.041038994,             100,      -5.662240704,                4,      -6.466900935,     0.01859490493,        1.63447392,       374.0434344,       374.0434344,       374.0434344,     0.07211527163,       0.522456349,      -2.768022583,                 0,                 0,                 0,      -3.688957803,       0.522456349,      -2.768022583,                 0,      -5.298093494,   4.269122867e-07,   1.882598453e-05,                 0
          0,           0,          38,      -5.239060197,      -4.422861931,      -4.584138573,      -2.379463874,      -5.667512619,      -2.946239965,      -4.996590978,       0.115434879,         100,      -4.126194635,             100,      -5.212868739,                4,      -6.421441535,     0.02102613161,       1.851713239,               400,               400,               400,     0.07211527163,      0.4214192824,      -2.443689103,                 0,                 0,                 0,      -3.130226695,      0.4214192824,      -2.443689103,                 0,      -5.798712127,   5.665513074e-07,   1.704294283e-05,                 0
          0,           0,          39,      -5.222906066,      -4.407131067,      -4.561883934,      -2.363309746,      -5.681069378,      -2.971068194,      -5.017456985,     0.08772541334,         100,      -3.994910925,             100,       -5.24993154,                4,      -6.363009369,     0.02241412289,       1.974931696,               400,               400,               400,     0.07211527163,       0.364309799,      -2.184745954,                 0,                 0,                 0,      -2.733888493,       0.364309799,      -2.184745954,                 0,      -5.996945348,   2.468768691e-07,   1.601973225e-05,                 0
          0,           0,          40,      -5.226010458,      -4.411016388,      -4.576992344,      -2.366414127,      -5.701426458,      -2.994825946,      -5.058334256,     0.05431593329,         100,      -3.892391621,             100,       -5.09213703,                4,      -6.199526443,      0.0227412189,       2.005403909,               400,               400,               400,     0.07211527163,      0.3478632643,       -2.00101793,                 0,                 0,                 0,      -2.519395637,      0.3478632643,       -2.00101793,                 0,      -5.752311713,  -8.603034843e-09,   1.923740287e-05,                 0
          0,           0,          41,      -5.280715664,      -4.431120053,      -4.639226615,      -2.421119332,      -5.735295953,      -2.974790725,      -5.113954425,     0.04294280987,         100,      -3.734948122,             100,      -5.177116992,                5,      -6.991639375,     0.02363274933,       2.087091685,               400,               400,               400,     0.07211527163,      0.3462512344,      -1.844408416,                 0,                 0,                 0,      -2.380330297,      0.3462512344,      -1.844408416,                 0,       -5.32679232,  -3.810409309e-07,   2.370829989e-05,                 0
          0,           0,          42,      -5.381274572,      -4.441554761,      -4.696037039,      -2.521678234,      -5.771512447,      -2.922699298,      -5.161918871,     0.05392934902,         100,      -3.553450937,             100,      -5.039429174,                5,      -6.814519062,     0.02501277192,       2.213451732,               400,               400,               400,     0.07211527163,      0.3429110155,      -1.691319618,                 0,                 0,                 0,      -2.243762904,      0.3429110155,      -1.691319618,                 0,      -4.932240557,  -3.824314526e-07,   2.035554423e-05,                 0
          0,           0,          43,      -5.518355671,      -4.444812146,      -4.723623978,       -2.65875936,       -5.81926782,      -2.906696991,      -5.181822158,     0.07565285481,         100,      -3.388558409,             100,      -4.996856601,                5,      -6.651331905,     0.02631503244,       2.332624697,               400,               400,               400,     0.07211527163,      0.3366307822,      -1.557360032,                 0,                 0,                 0,      -2.112552836,      0.3366307822,      -1.557360032,                 0,      -4.626314985,  -6.511356766e-08,   1.185061706e-05,                 0
          0,           0,          44,      -5.608758566,      -4.439940264,       -4.72547447,      -2.749162238,      -5.884740093,      -2.944907909,      -5.189551737,      0.0982522196,         100,      -3.339935785,             100,      -4.900649487,                5,      -6.549669745,     0.02643891333,       2.342819943,               400,               400,               400,     0.07211527163,      0.3334333466,      -1.467392127,                 0,                 0,                 0,      -2.021702214,      0.3334333466,      -1.467392127,                 0,       -4.40085595,  -3.137752397e-07,   1.396876582e-05,                 0
          0,           0,          45,      -5.577556074,      -4.451473658,      -4.732968433,       -2.71795974,       -5.94946299,      -3.055770363,      -5.196377596,      0.1037742639,         100,      -3.442852128,             100,      -4.724268928,                5,      -6.432658884,     0.02643534439,       2.341360208,               400,               400,               400,     0.07211527163,      0.3343817367,      -1.415773983,                 0,                 0,                 0,       -1.97363321,      0.3343817367,      -1.415773983,                 0,      -4.234005114,  -1.940743684e-07,   1.490530163e-05,                 0
          0,           0,          46,      -5.517569028,         -4.466509,      -4.751648904,      -2.657972698,      -6.013786549,       -3.23108477,      -5.209573839,     0.09082102802,         100,      -3.551316957,             100,      -4.882719608,                5,      -6.295905307,     0.02668613246,       2.363654147,               400,               400,               400,     0.07211527163,      0.3394299998,      -1.394454294,                 0,                 0,                 0,      -1.962679285,      0.3394299998,      -1.394454294,                 0,      -4.108223476,  -1.203123605e-07,   1.380257755e-05,                 0
          0,           0,          47,      -5.476854714,      -4.480197344,      -4.771862719,      -2.617258367,      -6.075393583,      -3.416126421,      -5.229560427,     0.07427677723,         100,      -3.599622823,             100,      -5.109451574,                5,      -6.180694611,     0.02626089546,       2.394032477,               400,               400,               400,     0.07211527163,      0.3482071505,      -1.397960836,                 0,                 0,                 0,      -1.983038388,      0.3482071505,      -1.397960836,                 0,      -4.014739024,  -1.218949792e-07,   1.203905787e-05,                 0
          0,           0,          48,      -5.463355605,      -4.495001525,      -4.795703337,      -2.603759274,      -6.123164513,      -3.426740185,      -5.252420212,     0.06154654848,         100,      -3.603451749,             100,      -4.647492372,                5,      -6.097233155,     0.01909735232,       2.430817698,               400,               400,               400,     0.07211527163,      0.3595930275,      -1.420255997,                 0,                 0,                 0,      -2.026747904,      0.3595930275,      -1.420255997,                 0,      -3.949620511,  -1.383099002e-07,   9.547828196e-06,                 0
          0,           0,          49,      -5.478273376,      -4.510310985,       -4.82669829,      -2.618677057,      -6.151459862,      -3.316809565,      -5.269472566,     0.05766433799,         100,      -3.585122285,             100,      -4.938906826,                5,      -6.037731081,     0.01576289166,        2.46934358,               400,               400,               400,     0.07211527163,      0.3723953363,      -1.455697574,                 0,                 0,                 0,      -2.085996214,      0.3723953363,      -1.455697574,                 0,       -3.90901129,  -1.511444427e-07,   7.440581086e-06,                 0
          0,           0,          50,      -5.519061351,       -4.52681368,       -4.86405738,      -2.659465023,      -6.164755351,      -3.220293382,      -5.269082028,     0.06105815555,         100,      -3.534419141,             100,      -4.531539023,                6,      -6.758649224,     0.01410383821,       2.517520549,               400,               400,               400,     0.07211527163,      0.3853143711,      -1.498277515,                 0,                 0,                 0,      -2.152513749,      0.3853143711,      -1.498277515,                 0,      -3.888454798,   -2.04524028e-07,   7.645036506e-06,                 0
          0,           0,          51,      -5.587633367,      -4.543800383,      -4.905718563,       -2.72803706,      -6.169840456,       -3.16991169,      -5.249239451,     0.06443610899,         100,      -3.477048044,             100,      -4.823494238,                6,       -6.69929188,     0.01060507074,       2.565078571,               400,               400,               400,     0.07211527163,       0.397498914,      -1.543721224,                 0,                 0,                 0,      -2.220233367,       0.397498914,      -1.543721224,                 0,      -3.883586016,  -1.162880902e-07,   4.156192946e-06,                 0
          0,           0,          52,      -5.675752526,      -4.564588628,       -4.95350775,      -2.816156185,      -6.171054854,      -3.145718156,      -5.217682792,     0.06197738517,         100,      -3.421898819,             100,      -5.459015373,                6,      -6.636862295,    0.008646916196,       2.615367273,               400,               400,               400,     0.07211527163,      0.4078932594,      -1.587320719,                 0,                 0,                 0,       -2.28248059,      0.4078932594,      -1.587320719,                 0,      -3.891510052,  -4.718592689e-08,   2.931497142e-06,                 0
          0,           0,          53,      -5.791337106,      -4.584195544,      -4.997196966,      -2.931740785,      -6.175911206,      -3.234054739,      -5.198479984,     0.05225866674,         100,      -3.351349022,             100,      -4.965229324,                6,      -6.606286926,    0.007504160484,       2.594185975,               400,               400,               400,     0.07211527163,      0.4167368869,      -1.629031234,                 0,                 0,                 0,      -2.338618789,      0.4167368869,      -1.629031234,                 0,      -3.909016182,  -1.517980567e-07,   2.803224467e-06,                 0
          0,           0,          54,      -5.883212844,      -4.612182855,      -5.045393454,      -3.023616481,      -6.190984484,      -3.291016605,      -5.186904482,     0.02914167232,         100,      -3.308398446,             100,       -5.07530085,                6,      -6.560320677,    0.006750173452,        2.57253803,               400,               400,               400,     0.07211527163,      0.4221607886,      -1.661365685,                 0,                 0,                 0,      -2.378610952,      0.4221607886,      -1.661365685,                 0,      -3.935386067,   -2.72668361e-08,   5.120784124e-06,                 0
          0,           0,          55,       -5.94559395,      -4.640279615,      -5.087546212,      -3.085997558,      -6.210876826,      -3.353798688,      -5.180550956,   -0.001430566101,         100,      -3.300919367,             100,      -4.951323916,                6,      -6.512583414,    0.006266068031,       2.553646042,               400,               400,               400,     0.07211527163,      0.4236306121,      -1.681208988,                 0,                 0,                 0,      -2.398552289,      0.4236306121,      -1.681208988,                 0,      -3.968572949,  -8.813134948e-09,   3.354231266e-06,                 0
          0,           0,          56,      -5.956338609,      -4.669015695,       -5.12297344,      -3.096742267,      -6.228758806,      -3.421160804,      -5.179684236,    -0.03951006173,         100,      -3.348289824,             100,      -4.874561023,                6,      -6.465860193,    0.005714362193,       2.538736554,               400,               400,               400,     0.07211527163,      0.4212269793,      -1.687286896,                 0,                 0,                 0,      -2.397567517,      0.4212269793,      -1.687286896,                 0,      -4.005647735,      -1.56647e-08,   2.780702347e-06,                 0
          0,           0,          57,      -5.930531865,      -4.697584628,      -5.147812027,      -3.070935501,      -6.247091469,      -3.495541022,      -5.183501561,    -0.08000074857,         100,      -3.442666025,             100,        -4.8645772,                6,      -6.413824463,    0.005281508651,       2.528343891,               400,               400,               400,     0.07211527163,      0.4155229464,      -1.679942465,                 0,                 0,                 0,      -2.377332802,      0.4155229464,      -1.679942465,                 0,      -4.042959551,  -7.339111145e-08,   2.469342886e-06,                 0
          0,           0,          58,      -5.893396978,       -4.72431097,      -5.161433029,      -3.033800638,      -6.269029247,      -3.560527971,      -5.189985202,      -0.117742741,         100,      -3.508634265,             100,      -4.784500405,                6,      -6.348927621,    0.004985433116,       2.524111109,               400,               400,               400,     0.07211527163,      0.4074482204,      -1.660914968,                 0,                 0,                 0,       -2.34162838,      0.4074482204,      -1.660914968,                 0,      -4.076382923,  -8.142521447e-08,   2.009897631e-06,                 0
          0,           0,          59,      -5.861872876,      -4.747691777,      -5.167813115,      -3.002276535,      -6.290949372,      -3.607087832,      -5.197778661,     -0.1490278955,         100,      -3.566441668,             100,      -4.528146517,                6,      -6.277480607,    0.004788148928,       2.526089286,               400,               400,               400,     0.07211527163,      0.3981069312,      -1.633060741,                 0,                 0,                 0,      -2.295580381,      0.3981069312,      -1.633060741,                 0,      -4.102065583,  -1.581738519e-07,   3.400845895e-06,                 0
          0,           0,          60,      -5.844146502,      -4.767109886,      -5.173022188,      -2.984550172,      -6.307935697,      -3.626201994,      -5.205991286,      -0.174284674,         100,      -3.604027203,             100,      -4.763798023,                6,      -6.204551259,    0.004665570482,       2.533481238,               400,               400,               400,     0.07211527163,       0.388494071,      -1.599576002,                 0,                 0,                 0,      -2.244360408,       0.388494071,      -1.599576002,                 0,      -4.117375582,  -2.046342839e-08,   2.640621588e-06,                 0
          0,           0,          61,       -5.84357499,      -4.782903982,      -5.181442491,       -2.98397863,       -6.31868272,      -3.624064176,      -5.214084998,     -0.1941057123,         100,      -3.612394818,             100,      -5.250860326,                6,      -6.136329561,    0.004600337127,        2.54469065,               400,               400,               400,     0.07211527163,      0.3793235511,      -1.563453963,                 0,                 0,                 0,      -2.192228343,      0.3793235511,      -1.563453963,                 0,      -4.121689672,  -1.077313409e-08,    2.62693972e-06,                 0
          0,           0,          62,      -5.860251296,       -4.79595394,      -5.194688427,      -3.000654939,      -6.325701849,      -3.610036136,      -5.221293645,     -0.2084245589,         100,      -3.601109046,             100,       -5.83831309,                6,      -6.074485877,    0.004577838697,       2.559860428,               400,               400,               400,     0.07211527163,       0.370953911,      -1.526957288,                 0,                 0,                 0,      -2.141982536,       0.370953911,      -1.526957288,                 0,      -4.116299202,    1.79497775e-08,    2.10301205e-06,                 0
          0,           0,          63,      -5.893690276,      -4.807175331,      -5.212433387,      -3.034093933,      -6.332559187,      -3.599514302,      -5.227252799,     -0.2199311905,         100,      -3.579512472,             100,       -4.57414667,                6,      -6.017294872,    0.004583828125,        2.57803769,               400,               400,               400,     0.07211527163,      0.3635036023,      -1.491793102,                 0,                 0,                 0,      -2.095276255,      0.3635036023,      -1.491793102,                 0,      -4.103929349,     6.6896481e-08,   2.545222508e-06,                 0
          0,           0,          64,      -5.941846485,      -4.817868589,      -5.233314522,      -3.082250129,      -6.341762037,      -3.592164301,      -5.232051785,     -0.2300889716,         100,      -3.560271294,             100,      -4.687968587,                7,      -6.666821195,    0.004404161777,       2.598305162,               400,               400,               400,     0.07211527163,      0.3569438119,      -1.459091586,                 0,                 0,                 0,      -2.052928722,      0.3569438119,      -1.459091586,                 0,      -4.087734646,   1.440176241e-08,   2.121721193e-06,                 0
          0,           0,          65,       -6.00152029,      -4.829022496,      -5.255765332,      -3.141923927,      -6.353250754,      -3.596509904,      -5.235761239,     -0.2394493117,         100,      -3.532098298,             100,      -4.826508988,                7,      -6.588854865,    0.004082141873,       2.619816807,               400,               400,               400,     0.07211527163,      0.3511991949,      -1.429577642,                 0,                 0,                 0,      -2.015276631,      0.3511991949,      -1.429577642,                 0,      -4.070560704,   3.739694976e-08,   3.021434812e-06,                 0
          0,           0,          66,      -6.068247464,      -4.841549202,      -5.278537495,      -3.208651115,      -6.368748013,      -3.605540378,      -5.238997823,     -0.2497840544,         100,      -3.511328338,             100,      -4.918150084,                7,      -6.513239136,    0.003831028599,       2.641802688,               400,               400,               400,     0.07211527163,      0.3461997596,      -1.403631206,                 0,                 0,                 0,      -1.982422651,      0.3461997596,      -1.403631206,                 0,      -4.054396826,  -5.937592881e-08,   2.418156613e-06,                 0
          0,           0,          67,        -6.1360929,      -4.856028236,      -5.300643787,      -3.276496504,      -6.387363441,      -3.626067664,      -5.242192335,     -0.2609885499,         100,      -3.481367404,             100,      -4.891309801,                7,      -6.417397906,    0.003628838296,       2.663561266,               400,               400,               400,     0.07211527163,      0.3418989607,      -1.381407697,                 0,                 0,                 0,      -1.954328136,      0.3418989607,      -1.381407697,                 0,      -4.040397475,  -6.375483098e-08,   2.354105783e-06,                 0
          0,           0,          68,      -6.198269934,      -4.872827479,      -5.321584798,       -3.33867356,      -6.410687759,      -3.650173559,      -5.245693271,     -0.2749595849,         100,      -3.474185739,             100,      -4.892664943,                7,       -6.31565984,    0.003462139481,        2.68446522,               400,               400,               400,     0.07211527163,       0.338263133,      -1.362849692,                 0,                 0,                 0,      -1.930845185,       0.338263133,      -1.362849692,                 0,      -4.028963131,  -1.525908588e-08,   1.642817246e-06,                 0
          0,           0,          69,      -6.248756304,      -4.892098748,      -5.341218767,      -3.389159978,      -6.433516857,      -3.682521969,      -5.249766594,     -0.2907486214,         100,      -3.457018749,             100,      -4.944481154,                7,      -6.239547609,    0.003322514663,       2.703976024,               400,               400,               400,     0.07211527163,      0.3352597116,      -1.347752638,                 0,                 0,                 0,      -1.911702727,      0.3352597116,      -1.347752638,                 0,      -4.020025644,  -1.544332675e-08,   2.001522881e-06,                 0
          0,           0,          70,      -6.285775441,      -4.913910594,      -5.359852062,      -3.426179089,      -6.457009067,      -3.716967135,      -5.254545228,     -0.3096030003,         100,       -3.44219664,             100,      -4.801063704,                7,       -6.19026273,    0.003204593453,       2.721327381,               400,               400,               400,     0.07211527163,      0.3328485305,      -1.335805381,                 0,                 0,                 0,      -1.896541154,      0.3328485305,      -1.335805381,                 0,      -4.013253051,   -5.07728864e-08,   1.851774279e-06,                 0
          0,           0,          71,      -6.310224021,      -4.938199859,      -5.377688359,      -3.450627621,      -6.480784312,      -3.755519624,       -5.26017776,     -0.3326167036,         100,      -3.486035935,             100,      -4.879360676,                7,       -6.15833963,    0.003104857914,       2.736289299,               400,               400,               400,     0.07211527163,      0.3309764787,      -1.326639444,                 0,                 0,                 0,      -1.884914131,      0.3309764787,      -1.326639444,                 0,      -4.008258983,  -5.016681293e-08,   2.332884941e-06,                 0
          0,           0,          72,      -6.326253797,      -4.964790316,      -5.395356835,      -3.466657438,      -6.504421762,      -3.801721904,      -5.266502838,      -0.358605882,         100,      -3.495664195,             100,      -4.847922779,                7,      -6.142126684,    0.003020913372,       2.749007277,               400,               400,               400,     0.07211527163,      0.3295742039,      -1.319836274,                 0,                 0,                 0,      -1.876312698,      0.3295742039,      -1.319836274,                 0,      -4.004671051,  -4.809941959e-08,   1.545726409e-06,                 0
          0,           0,          73,      -6.340630942,      -4.993419449,      -5.413832814,      -3.481034559,      -6.527711152,      -3.850315815,      -5.273677724,     -0.3881426665,         100,      -3.513610671,             100,      -4.582870096,                7,      -6.131660712,    0.002951021377,       2.758843196,               400,               400,               400,     0.07211527163,      0.3285777132,      -1.315033171,                 0,                 0,                 0,       -1.87027256,      0.3285777132,      -1.315033171,                 0,      -4.002198319,   -4.31041824e-08,   1.634648315e-06,                 0
          0,           0,          74,      -6.353834867,       -5.02389531,      -5.433168723,      -3.494238455,      -6.550557554,      -3.902245753,      -5.281462295,     -0.4201376514,         100,      -3.548893285,             100,       -4.67771146,                7,      -6.122963898,    0.002893836377,       2.766400275,               400,               400,               400,     0.07211527163,      0.3279024894,       -1.31181492,                 0,                 0,                 0,      -1.866265314,      0.3279024894,       -1.31181492,                 0,       -4.00062507,  -4.239456445e-08,   1.465970166e-06,                 0
          0,           0,          75,      -6.368231443,      -5.055911256,       -5.45400534,      -3.508635054,      -6.572909396,      -3.958153708,      -5.289881564,     -0.4544740497,         100,      -3.546445207,             100,      -4.535132773,                7,      -6.115035006,    0.002848231853,       2.772160935,               400,               400,               400,     0.07211527163,      0.3274631992,      -1.309801507,                 0,                 0,                 0,      -1.863777031,      0.3274631992,      -1.309801507,                 0,      -3.999843372,     -2.853723e-08,   1.047728168e-06,                 0
          0,           0,          76,      -6.384462843,      -5.089200563,       -5.47662618,       -3.52486643,      -6.594813527,      -4.017066426,      -5.298642275,     -0.4939552322,         100,      -3.634074986,             100,      -5.125064425,                7,       -6.10266506,    0.002813183546,       2.776397861,               400,               400,               400,     0.07211527163,       0.327175558,      -1.308629555,                 0,                 0,                 0,      -1.862321133,       0.327175558,      -1.308629555,                 0,      -3.999777865,  -1.986424089e-08,   8.255654287e-07,                 0
          0,           0,          77,       -6.40201992,      -5.123467763,      -5.501095996,      -3.542423605,         -6.616372,      -4.077561533,       -5.30776634,     -0.5358154325,         100,      -3.633864815,             100,      -5.189984787,                7,      -6.087063702,    0.002787703521,        2.77940729,               400,               400,               400,     0.07211527163,      0.3269599879,      -1.307973608,                 0,                 0,                 0,      -1.861440392,      0.3269599879,      -1.307973608,                 0,      -4.000408785,  -1.982952907e-08,   8.432460131e-07,                 0
          0,           0,          78,      -6.420109095,      -5.158526018,      -5.527511304,      -3.560512758,      -6.637540019,      -4.136845971,      -5.317342857,     -0.5810515658,         100,      -3.613739555,             100,      -4.854179905,                7,      -6.067228142,    0.002770761199,       2.781492993,               400,               400,               400,     0.07211527163,      0.3267419591,      -1.307518105,                 0,                 0,                 0,      -1.860711572,      0.3267419591,      -1.307518105,                 0,      -4.001684109,  -1.002917059e-08,   7.528479494e-07,                 0
          0,           0,          79,      -6.437817748,      -5.194166197,      -5.555905849,      -3.578221466,      -6.658325366,      -4.193140754,      -5.327012069,     -0.6295667612,         100,      -3.630389834,             100,      -4.932540141,                7,      -6.044360505,    0.002761249275,       2.782951811,               400,               400,               400,     0.07211527163,      0.3264586828,      -1.307002576,                 0,                 0,                 0,      -1.859764626,      0.3264586828,      -1.307002576,                 0,      -4.003577314,  -4.262697464e-09,   5.742893646e-07,                 0
          0,           0,          80,      -6.454305998,      -5.230315094,      -5.586203019,      -3.594709736,      -6.678811484,       -4.24546471,      -5.336711337,     -0.6825680614,         100,      -3.634884216,             100,      -5.008066502,                7,      -6.017067475,    0.002757969284,        2.78406503,               400,               400,               400,     0.07211527163,      0.3260572385,      -1.306185485,                 0,                 0,                 0,      -1.858284939,      0.3260572385,      -1.306185485,                 0,      -4.006000574,   -3.27779299e-09,   4.860231067e-07,                 0
          0,           0,          81,      -6.469115969,      -5.266961631,      -5.618381138,      -3.609519647,      -6.698715197,      -4.292048859,       -5.34673851,     -0.7358955346,         100,      -3.659013222,             100,      -5.237457372,                8,      -6.685322805,    0.002759643052,       2.785082536,               400,               400,               400,     0.07211527163,      0.3255011452,      -1.304893041,                 0,                 0,                 0,      -1.856032082,      0.3255011452,      -1.304893041,                 0,      -4.008873885,  -1.886585818e-10,    4.22856729e-07,                 0
          0,           0,          82,      -6.482126064,      -5.303627117,      -5.652169727,      -3.622529783,      -6.718009444,      -4.332887151,      -5.356579759,     -0.7919655257,         100,       -3.67397965,             100,      -4.765472072,                8,       -6.65558283,    0.002764949383,       2.786218349,               400,               400,               400,     0.07211527163,      0.3247668628,       -1.30297898,                 0,                 0,                 0,      -1.852839146,      0.3247668628,       -1.30297898,                 0,      -4.012044112,   1.769198297e-09,   3.449349793e-07,                 0
          0,           0,          83,      -6.493880419,      -5.340222284,      -5.687428114,      -3.634284059,      -6.736513511,      -4.368745015,      -5.366233545,     -0.8504794695,         100,      -3.706121462,             100,      -4.806384764,                8,      -6.625825907,    0.002772590416,       2.787643219,               400,               400,               400,     0.07211527163,      0.3238474493,      -1.300374285,                 0,                 0,                 0,      -1.848618286,      0.3238474493,      -1.300374285,                 0,      -4.015391469,   1.128122343e-08,   3.772628683e-07,                 0
          0,           0,          84,       -6.50521215,      -5.376454828,      -5.723915235,      -3.645615787,      -6.754099715,      -4.400500821,      -5.375710747,     -0.9109107201,         100,      -3.715850787,             100,      -5.017230529,                8,      -6.600171664,    0.002781378009,        2.78948624,               400,               400,               400,     0.07211527163,      0.3227465386,      -1.297034181,                 0,                 0,                 0,       -1.84335101,      0.3227465386,      -1.297034181,                 0,      -4.018739244,  -9.472743575e-10,   5.075406387e-07,                 0
          0,           0,          85,      -6.517083607,      -5.412056422,      -5.761429647,       -3.65748723,      -6.770607025,      -4.428381281,      -5.385075111,     -0.9715029085,         100,      -3.737552717,             100,       -4.84291433,                8,      -6.572643524,    0.002785538404,       2.791830098,               400,               400,               400,     0.07211527163,      0.3214818481,      -1.292987826,                 0,                 0,                 0,      -1.837089264,      0.3214818481,      -1.292987826,                 0,      -4.021962152,   8.456707827e-09,   5.396706728e-07,                 0
          0,           0,          86,      -6.530349452,       -5.44642933,       -5.79957966,      -3.670753098,      -6.785996985,      -4.451839009,      -5.394202637,      -1.032458549,         100,      -3.717160414,             100,      -5.334641628,                8,      -6.536076102,    0.002763377652,       2.794717795,               400,               400,               400,     0.07211527163,      0.3200776778,       -1.28827807,                 0,                 0,                 0,       -1.82993794,      0.3200776778,       -1.28827807,                 0,      -4.024891953,   1.358174562e-08,   7.421434705e-07,                 0
          0,           0,          87,      -6.545850541,      -5.479131294,      -5.837906068,      -3.686254191,      -6.800263786,      -4.469740829,       -5.40307449,      -1.094296284,         100,      -3.729371366,             100,      -5.065411354,                8,      -6.496219134,    0.002746623389,       2.798153064,               400,               400,               400,     0.07211527163,      0.3185682385,      -1.283012464,                 0,                 0,                 0,      -1.822053733,      0.3185682385,      -1.283012464,                 0,      -4.027433714,   1.719707294e-08,   7.028791427e-07,                 0
          0,           0,          88,      -6.564327224,       -5.50991834,      -5.875879189,      -3.704730872,      -6.813506399,      -4.482708934,      -5.411719967,      -1.155962543,         100,      -3.716483014,             100,      -4.872237773,                8,      -6.451499297,    0.002734856451,       2.802108777,               400,               400,               400,     0.07211527163,      0.3169891652,      -1.277296044,                 0,                 0,                 0,       -1.81362184,      0.3169891652,      -1.277296044,                 0,      -4.029462783,   1.543787562e-08,   5.544436243e-07,                 0
          0,           0,          89,      -6.586618515,      -5.538950462,      -5.913247123,      -3.727022162,       -6.82588484,      -4.489253668,      -5.420175108,      -1.217454928,         100,       -3.71256411,             100,      -4.848933864,                8,       -6.41304075,    0.002727631483,       2.806527544,               400,               400,               400,     0.07211527163,      0.3153813861,      -1.271282588,                 0,                 0,                 0,      -1.804855071,      0.3153813861,      -1.271282588,                 0,      -4.030937285,  -5.333836708e-09,   5.188299992e-07,                 0
          0,           0,          90,        -6.6134233,       -5.56639186,      -5.949859477,      -3.753826953,      -6.837614011,      -4.491339972,      -5.428473001,      -1.277864985,         100,       -3.68652387,             100,      -4.646382582,                8,      -6.369867104,    0.002724472015,       2.811331919,               400,               400,               400,     0.07211527163,      0.3137823917,      -1.265105367,                 0,                 0,                 0,      -1.795968163,      0.3137823917,      -1.265105367,                 0,      -4.031792097,   -3.42841426e-08,   7.206301899e-07,                 0
          0,           0,          91,      -6.645403786,      -5.592489899,      -5.985703287,      -3.785807437,      -6.848889614,      -4.491107691,       -5.43664226,      -1.336626545,         100,      -3.648944186,             100,      -4.721209998,                8,      -6.335007312,    0.002724877722,       2.816425557,               400,               400,               400,     0.07211527163,      0.3122311159,      -1.258931023,                 0,                 0,                 0,      -1.787181066,      0.3122311159,      -1.258931023,                 0,      -4.032048567,  -2.112065924e-08,   7.814031553e-07,                 0
          0,           0,          92,      -6.683066915,      -5.617429941,      -6.020793829,      -3.823470572,      -6.859963444,      -4.491041447,      -5.444712691,      -1.392725653,         100,      -3.622055086,             100,      -4.785514504,                8,      -6.296545131,    0.002728335875,       2.821702567,               400,               400,               400,     0.07211527163,      0.3107593102,      -1.252889741,                 0,                 0,                 0,      -1.778693019,      0.3107593102,      -1.252889741,                 0,      -4.031704602,  -2.069095096e-09,   1.037267075e-06,                 0
          0,           0,          93,      -6.726908599,      -5.641434205,      -6.055216365,      -3.867312276,      -6.871037285,      -4.493017911,       -5.45272227,      -1.445313332,         100,      -3.584016607,             100,      -4.810569306,                8,      -6.260634333,    0.002734336728,       2.827049749,               400,               400,               400,     0.07211527163,      0.3093967182,      -1.247128779,                 0,                 0,                 0,      -1.770686481,      0.3093967182,      -1.247128779,                 0,      -4.030840361,  -8.095158889e-10,   9.006288173e-07,                 0
          0,           0,          94,      -6.777181434,      -5.664717277,      -6.089031418,      -3.917585087,      -6.882240573,       -4.49856377,      -5.460709395,       -1.49335378,         100,      -3.546086567,             100,      -4.749814191,                8,      -6.222842031,     0.00274239366,       2.832355291,               400,               400,               400,     0.07211527163,      0.3081645889,      -1.241750097,                 0,                 0,                 0,      -1.763312048,      0.3081645889,      -1.241750097,                 0,      -4.029502874,  -3.621147559e-09,    1.04858919e-06,                 0
          0,           0,          95,      -6.833900076,      -5.687456043,      -6.122192151,      -3.974303718,      -6.893657108,      -4.508519919,      -5.468714806,      -1.535660133,         100,      -3.509121037,             100,      -4.884057666,                8,      -6.190011445,    0.002752066145,       2.837509836,               400,               400,               400,     0.07211527163,       0.307081187,      -1.236864262,                 0,                 0,                 0,      -1.756694391,       0.307081187,      -1.236864262,                 0,      -4.027808651,  -5.300521562e-09,   5.632799477e-07,                 0
          0,           0,          96,      -6.896368704,       -5.70976949,      -6.154474731,      -4.036772377,      -6.905305887,      -4.523585113,      -5.476781285,      -1.571221366,         100,      -3.461583068,             100,       -4.75669528,                8,      -6.163475688,    0.002762983933,       2.842414245,               400,               400,               400,     0.07211527163,       0.306155396,      -1.232530148,                 0,                 0,                 0,      -1.750917825,       0.306155396,      -1.232530148,                 0,      -4.025831863,  -1.593180404e-08,   6.843234872e-07,                 0
          0,           0,          97,      -6.962993171,      -5.731791336,      -6.185577928,      -4.103396844,      -6.917151972,      -4.544041559,       -5.48494787,      -1.599557548,         100,      -3.418275427,             100,      -4.730979505,                8,      -6.125582767,    0.002774866871,       2.846979499,               400,               400,               400,     0.07211527163,      0.3053932214,      -1.228811181,                 0,                 0,                 0,      -1.746038427,      0.3053932214,      -1.228811181,                 0,      -4.023701559,  -9.306449038e-09,   1.200342841e-06,                 0
          0,           0,          98,      -7.030241732,      -5.753596015,      -6.215082639,      -4.170645367,      -6.929127645,       -4.57019271,      -5.493247604,      -1.621124452,         100,      -3.387127605,             100,      -4.860285508,                8,      -6.129225853,    0.002771192691,       2.851133512,               400,               400,               400,     0.07211527163,      0.3047926378,      -1.225720917,                 0,                 0,                 0,      -1.742075605,      0.3047926378,      -1.225720917,                 0,      -4.021491222,  -6.974097454e-09,   1.062288167e-06,                 0
          0,           0,          99,      -7.092405897,      -5.775213464,      -6.242596722,      -4.232809528,      -6.941144093,      -4.602057927,      -5.501720074,      -1.637302466,         100,       -3.35387655,             100,      -5.088817276,                8,       -6.08919944,    0.002767995564,       2.854819478,               400,               400,               400,     0.07211527163,      0.3043490616,      -1.223276295,                 0,                 0,                 0,      -1.739021077,      0.3043490616,      -1.223276295,                 0,      -4.019320082,  -4.237486386e-09,    4.16688946e-07,                 0
          0,           0,         100,      -7.142063048,      -5.796730924,       -6.26787012,      -4.282466759,      -6.953091749,      -4.639584933,      -5.510390453,      -1.649835845,         100,      -3.346583819,             100,      -4.767284372,                8,      -6.072199827,    0.002767844189,       2.857999563,               400,               400,               400,     0.07211527163,      0.3040516889,      -1.221449505,                 0,                 0,                 0,      -1.736837752,      0.3040516889,      -1.221449505,                 0,      -4.017242953,  -2.255853812e-09,   5.820930733e-07,                 0
          0,           0,         101,      -7.173660672,      -5.818123378,      -6.290778517,      -4.314064374,        -6.9648686,      -4.682264359,      -5.519275261,      -1.660402517,         100,      -3.370878227,             100,       -4.58326376,                8,      -6.101994022,    0.002770510743,        2.86065277,               400,               400,               400,     0.07211527163,      0.3038889498,      -1.220220941,                 0,                 0,                 0,      -1.735469935,      0.3038889498,      -1.220220941,                 0,       -4.01535147,  -8.579360532e-10,   4.127213905e-07,                 0
          0,           0,         102,      -7.187185041,      -5.839409783,      -6.311432319,      -4.327588757,      -6.976393503,      -4.729346438,       -5.52838442,       -1.67075327,         100,      -3.400434428,             100,      -4.838893057,                8,      -6.096783476,    0.002775766791,       2.862776735,               400,               400,               400,     0.07211527163,      0.3038443814,      -1.219531576,                 0,                 0,                 0,      -1.734840159,      0.3038443814,      -1.219531576,                 0,      -4.013671638,  -5.164964552e-09,   3.967856828e-07,                 0
          0,           0,         103,      -7.188467995,      -5.860601253,      -6.330135086,      -4.328871691,      -6.987611605,      -4.779231349,      -5.537728019,      -1.681805411,         100,      -3.443365548,             100,      -4.692913738,                8,      -6.119426111,    0.002783390551,       2.864383086,               400,               400,               400,     0.07211527163,      0.3039026126,      -1.219337144,                 0,                 0,                 0,      -1.734862896,      0.3039026126,      -1.219337144,                 0,      -4.012262788,  -4.107578661e-09,   3.433730229e-07,                 0
          0,           0,         104,      -7.184842623,       -5.88172253,      -6.347324676,      -4.325246304,      -6.998496835,      -4.829641331,      -5.547304978,      -1.694427758,         100,      -3.490859252,             100,       -4.51648168,                8,      -6.124335598,    0.002783141893,        2.86549896,               400,               400,               400,     0.07211527163,      0.3040450291,      -1.219560889,                 0,                 0,                 0,      -1.735440415,      0.3040450291,      -1.219560889,                 0,      -4.011119317,   -2.11063102e-09,   2.563181776e-07,                 0
          0,           0,         105,      -7.182130015,      -5.902768838,      -6.363520877,      -4.322533696,      -7.009044647,      -4.877255428,      -5.557109468,      -1.708597151,         100,      -3.543802875,             100,       -4.50188305,                8,       -6.12373935,     0.00274300656,       2.866161286,               400,               400,               400,     0.07211527163,      0.3042553831,      -1.220146757,                 0,                 0,                 0,      -1.736475133,      0.3042553831,      -1.220146757,                 0,      -4.010271713,  -8.984132692e-09,   2.502938387e-07,                 0
          0,           0,         106,      -7.183764757,      -5.923788324,      -6.379233992,      -4.324168428,      -7.019281151,      -4.918533294,       -5.56713325,      -1.724424354,         100,      -3.563410111,             100,      -4.560171911,                8,      -6.115785041,    0.002705954468,       2.866417469,               400,               400,               400,     0.07211527163,      0.3045155138,      -1.221012456,                 0,                 0,                 0,       -1.73786585,      0.3045155138,      -1.221012456,                 0,      -4.009688835,  -9.299051969e-09,   3.081242305e-07,                 0
          0,           0,         107,      -7.191514751,      -5.944805719,      -6.394945637,      -4.331918439,      -7.029253063,      -4.950716487,      -5.577363524,      -1.741609831,         100,      -3.592413493,             100,      -4.553963032,                8,      -6.115935609,    0.002671829686,       2.866319312,               400,               400,               400,     0.07211527163,      0.3048106159,      -1.222101561,                 0,                 0,                 0,      -1.739518053,      0.3048106159,      -1.222101561,                 0,      -4.009379912,  -1.093711015e-09,   2.887352732e-07,                 0
          0,           0,         108,      -7.206120891,      -5.965852098,       -6.41099219,      -4.346524595,      -7.039026013,      -4.973210666,      -5.587786955,      -1.760071614,         100,      -3.597347188,             100,      -4.423160018,                8,      -6.106126284,      0.0026405005,       2.865924109,               400,               400,               400,     0.07211527163,       0.305124723,      -1.223335479,                 0,                 0,                 0,      -1.741339127,       0.305124723,      -1.223335479,                 0,      -4.009296483,  -2.129062701e-09,   2.818546343e-07,                 0
          0,           0,         109,      -7.227792209,      -5.987027773,      -6.427675861,      -4.368195896,      -7.048660436,      -4.987941131,       -5.59838854,      -1.778882231,         100,      -3.611452868,             100,      -4.443168916,                8,      -6.108330728,    0.002611853633,       2.865288698,               400,               400,               400,     0.07211527163,      0.3054460428,      -1.224666154,                 0,                 0,                 0,      -1.743248696,      0.3054460428,      -1.224666154,                 0,      -4.009435326,    1.33909291e-09,   1.615702861e-07,                 0
          0,           0,         110,      -7.256469159,      -6.008294484,      -6.445076945,      -4.396872867,      -7.058210126,      -4.998037811,      -5.609153929,      -1.797523903,         100,      -3.606384262,             100,      -4.415171195,                8,      -6.100696353,    0.002585790576,       2.864470763,               400,               400,               400,     0.07211527163,      0.3057619843,      -1.226025733,                 0,                 0,                 0,      -1.745171638,      0.3057619843,      -1.226025733,                 0,      -4.009738936,   1.040851917e-09,   2.581270264e-07,                 0
          0,           0,         111,      -7.291864112,      -6.029707566,      -6.463251183,      -4.432267809,      -7.067722732,      -5.007072597,      -5.620068419,      -1.815617024,         100,      -3.585519244,             100,      -4.380925391,                8,      -6.092555836,    0.002562225221,       2.863523542,               400,               400,               400,     0.07211527163,      0.3060645194,      -1.227379737,                 0,                 0,                 0,      -1.747047805,      0.3060645194,      -1.227379737,                 0,      -4.010199353,   1.770045015e-09,   2.598685897e-07,                 0
          0,           0,         112,      -7.333625959,      -6.051220662,      -6.482072567,      -4.474029663,      -7.077228121,       -5.01747194,      -5.631118824,      -1.831851531,         100,      -3.562885867,             100,      -4.474656608,                8,      -6.087612631,    0.002541081502,        2.86249809,               400,               400,               400,     0.07211527163,       0.306344859,      -1.228674654,                 0,                 0,                 0,      -1.748823638,       0.306344859,      -1.228674654,                 0,      -4.010756565,   5.045073191e-09,   2.055777345e-07,                 0
          0,           0,         113,      -7.381051501,      -6.072817578,      -6.501370664,      -4.521455222,      -7.086744724,      -5.031095554,        -5.6423098,      -1.846173707,         100,      -3.527473223,             100,      -4.587201797,                8,       -6.07821273,    0.002522290712,       2.861438236,               400,               400,               400,     0.07211527163,      0.3065989841,      -1.229892109,                 0,                 0,                 0,      -1.750461868,      0.3065989841,      -1.229892109,                 0,      -4.011403078,   1.368140289e-09,   3.053693933e-07,                 0
          0,           0,         114,      -7.433289871,      -6.094442533,      -6.520886999,      -4.573693586,      -7.096274568,       -5.04844215,       -5.65359738,      -1.858226002,         100,      -3.489068726,             100,       -4.50746787,                8,       -6.08109009,    0.002505790544,       2.860383624,               400,               400,               400,     0.07211527163,      0.3068218296,      -1.230994025,                 0,                 0,                 0,      -1.751931141,      0.3068218296,      -1.230994025,                 0,      -4.012080973,   2.695907332e-09,   2.526430802e-07,                 0
          0,           0,         115,      -7.488726442,      -6.116018693,      -6.540342416,      -4.629130143,      -7.105810026,      -5.069761471,       -5.66498677,      -1.867982783,         100,      -3.466768053,             100,      -4.440497606,                8,      -6.073523991,    0.002491523725,       2.859365427,               400,               400,               400,     0.07211527163,      0.3070131276,      -1.231978318,                 0,                 0,                 0,      -1.753216608,      0.3070131276,      -1.231978318,                 0,      -4.012787099,   2.455310182e-09,   1.890138765e-07,                 0
          0,           0,         116,      -7.545419864,      -6.137476533,      -6.559446639,       -4.68582354,      -7.115340344,      -5.094202701,      -5.676468775,      -1.875604773,         100,      -3.435179842,             100,      -4.325111136,                8,      -6.075570159,    0.002479437316,       2.858409975,               400,               400,               400,     0.07211527163,      0.3071710966,      -1.232821493,                 0,                 0,                 0,      -1.754307293,      0.3071710966,      -1.232821493,                 0,      -4.013468412,   5.766651895e-09,   1.954835021e-07,                 0
          0,           0,         117,      -7.600272771,      -6.158746434,      -6.578005813,      -4.740676499,      -7.124850965,      -5.120888437,      -5.688034731,      -1.881596509,         100,      -3.422687034,             100,      -4.318038984,                8,      -6.078822647,    0.002469482941,       2.857535003,               400,               400,               400,     0.07211527163,       0.307298458,      -1.233535581,                 0,                 0,                 0,      -1.755207101,       0.307298458,      -1.233535581,                 0,      -4.014128767,   2.087060582e-09,   1.834697385e-07,                 0
          0,           0,         118,      -7.650344498,        -6.1796331,      -6.595876237,      -4.790748252,      -7.134332346,      -5.148031699,      -5.699676307,      -1.886258452,         100,      -3.403866423,             100,      -4.483379372,                8,      -6.065060281,    0.002461615431,        2.85675379,               400,               400,               400,     0.07211527163,      0.3073959448,      -1.234109369,                 0,                 0,                 0,      -1.755921635,      0.3073959448,      -1.234109369,                 0,      -4.014722349,  -5.506241299e-10,   1.673783373e-07,                 0
          0,           0,         119,      -7.692576881,      -6.199983855,      -6.613028314,      -4.832980676,      -7.143783114,      -5.174076577,      -5.711385515,      -1.890399122,         100,      -3.400948378,             100,      -4.448099172,                8,      -6.066121026,    0.002455793154,       2.856071858,               400,               400,               400,     0.07211527163,      0.3074683435,      -1.234565764,                 0,                 0,                 0,      -1.756468683,      0.3074683435,      -1.234565764,                 0,      -4.015261377,   1.382090607e-09,   1.537034309e-07,                 0
          0,           0,         120,      -7.726151577,      -6.219724948,      -6.629540128,      -4.866555271,      -7.153208824,      -5.197089897,      -5.723154294,      -1.894484698,         100,      -3.381706503,             100,      -4.364862869,                8,      -6.071846768,    0.002451978048,       2.855491475,               400,               400,               400,     0.07211527163,      0.3075177976,      -1.234901892,                 0,                 0,                 0,      -1.756864406,      0.3075177976,      -1.234901892,                 0,      -4.015708689,   2.059918284e-09,   1.350344482e-07,                 0
          0,           0,         121,       -7.75153288,      -6.238811542,      -6.645559769,      -4.891936615,      -7.162623707,      -5.215961765,      -5.734975161,      -1.898880991,         100,      -3.415514183,             100,      -4.339759265,                8,      -6.090052353,    0.002450135328,       2.855008524,               400,               400,               400,     0.07211527163,      0.3075499931,      -1.235147173,                 0,                 0,                 0,      -1.757134065,      0.3075499931,      -1.235147173,                 0,       -4.01608584,    3.38861321e-09,   1.477711523e-07,                 0
          0,           0,         122,      -7.771259187,      -6.257149022,       -6.66125055,      -4.911662962,      -7.172050513,      -5.230071316,      -5.746840164,      -1.903873246,         100,      -3.426484023,             100,      -4.440474734,                8,      -6.084883844,    0.002450235029,       2.854617281,               400,               400,               400,     0.07211527163,      0.3075674702,      -1.235302945,                 0,                 0,                 0,      -1.757298454,      0.3075674702,      -1.235302945,                 0,      -4.016364097,   3.332797965e-09,   1.136509579e-07,                 0
          0,           0,         123,      -7.787800393,      -6.274795038,      -6.676848392,      -4.928204092,      -7.181517167,      -5.239916435,      -5.758742169,      -1.909612968,         100,      -3.432100031,             100,      -4.325010077,                8,      -6.094843864,     0.00245224971,       2.854307502,               400,               400,               400,     0.07211527163,       0.307575773,      -1.235400718,                 0,                 0,                 0,      -1.757384148,       0.307575773,      -1.235400718,                 0,      -4.016573562,   2.509401003e-09,   1.143765874e-07,                 0
          0,           0,         124,      -7.803483319,      -6.291796689,      -6.692489156,      -4.943886919,      -7.191052467,      -5.246490813,       -5.77067355,      -1.916073333,         100,      -3.434315831,             100,      -4.490000816,                8,      -6.097368931,    0.002435344719,       2.854069097,               400,               400,               400,     0.07211527163,      0.3075768622,      -1.235441811,                 0,                 0,                 0,      -1.757410613,      0.3075768622,      -1.235441811,                 0,       -4.01669294,   2.229717071e-09,   1.222279183e-07,                 0
          0,           0,         125,      -7.819517033,      -6.308273415,      -6.708300296,      -4.959920597,      -7.200688099,      -5.251167654,      -5.782627879,      -1.923262254,         100,      -3.400739984,             100,      -4.469937721,                8,      -6.101818122,    0.002406452757,       2.853889094,               400,               400,               400,     0.07211527163,      0.3075753996,      -1.235456154,                 0,                 0,                 0,      -1.757400908,      0.3075753996,      -1.235456154,                 0,      -4.016758672,   2.294573572e-09,   1.344781669e-07,                 0
          0,           0,         126,      -7.836490637,      -6.324323537,      -6.724342092,       -4.97689425,      -7.210449888,      -5.255232031,      -5.794598506,      -1.931017251,         100,      -3.349942628,             100,      -4.427240476,                8,      -6.101352699,    0.002378493113,       2.853756411,               400,               400,               400,     0.07211527163,      0.3075722119,      -1.235441952,                 0,                 0,                 0,      -1.757369203,      0.3075722119,      -1.235441952,                 0,      -4.016754128,   1.610441551e-09,   1.186474318e-07,                 0
          0,           0,         127,      -7.854384578,      -6.340045876,      -6.740606457,       -4.99478823,      -7.220361654,      -5.259658256,      -5.806580093,      -1.939385661,         100,       -3.34078797,             100,      -4.503319658,                8,      -6.104687152,    0.002351420886,       2.853658497,               400,               400,               400,     0.07211527163,      0.3075706874,      -1.235425021,                 0,                 0,                 0,      -1.757331989,      0.3075706874,      -1.235425021,                 0,      -4.016718989,   8.235519689e-10,   1.011646171e-07,                 0
          0,           0,         128,      -7.872909178,      -6.355509319,      -6.757045479,      -5.013312817,      -7.230439342,      -5.265156054,      -5.818567082,      -1.948202942,         100,      -3.313289872,             100,      -4.448244126,                8,      -6.102560662,    0.002325194158,       2.853585874,               400,               400,               400,     0.07211527163,      0.3075703608,      -1.235398796,                 0,                 0,                 0,      -1.757296328,      0.3075703608,      -1.235398796,                 0,       -4.01663799,    6.44051742e-10,   7.721083876e-08,                 0
          0,           0,         129,      -7.891910103,      -6.370795455,      -6.773608681,      -5.032313784,      -7.240697527,      -5.272053382,      -5.830555262,      -1.957645248,         100,      -3.296406624,             100,      -4.455750919,                8,      -6.102812899,    0.002299775508,       2.853528557,               400,               400,               400,     0.07211527163,      0.3075733562,      -1.235384006,                 0,                 0,                 0,      -1.757271367,      0.3075733562,      -1.235384006,                 0,      -4.016550786,   1.038772031e-09,    6.64231162e-08,                 0
          0,           0,         130,      -7.911112231,      -6.385969682,      -6.790234078,      -5.051515799,      -7.251139632,      -5.280406278,      -5.842540194,      -1.967513431,         100,      -3.291796336,             100,      -4.465136837,                8,      -6.094355848,    0.002275129897,        2.85348031,               400,               400,               400,     0.07211527163,       0.307578079,       -1.23536908,                 0,                 0,                 0,      -1.757257238,       0.307578079,       -1.23536908,                 0,      -4.016440585,   1.513733094e-09,   6.019277501e-08,                 0
          0,           0,         131,      -7.930580195,      -6.401064305,      -6.806851176,      -5.070983714,      -7.261771227,      -5.290081768,       -5.85451876,      -1.977964754,         100,      -3.312807056,             100,       -4.54230947,                8,      -6.104399508,    0.002251224597,       2.853434735,               400,               400,               400,     0.07211527163,      0.3075856636,      -1.235370026,                 0,                 0,                 0,       -1.75725671,      0.3075856636,      -1.235370026,                 0,      -4.016344623,   1.453250285e-09,    4.47261684e-08,                 0
          0,           0,         132,      -7.950207044,      -6.416093413,      -6.823384585,      -5.090610645,      -7.272584872,      -5.300800798,      -5.866487705,      -1.989002712,         100,      -3.297012677,             100,      -4.518160274,                8,      -6.086110274,    0.002228029059,       2.853389306,               400,               400,               400,     0.07211527163,      0.3075937419,      -1.235371138,                 0,                 0,                 0,      -1.757264568,      0.3075937419,      -1.235371138,                 0,      -4.016242757,   1.502984296e-09,   4.496456521e-08,                 0
          0,           0,         133,      -7.970105147,      -6.431093666,      -6.839813696,      -5.110508844,      -7.283577778,      -5.312300176,      -5.878419949,      -2.000894564,         100,      -3.296760282,             100,      -4.578600033,                8,      -6.090417493,    0.002205516193,       2.853341258,               400,               400,               400,     0.07211527163,      0.3076028597,      -1.235384957,                 0,                 0,                 0,      -1.757279223,      0.3076028597,      -1.235384957,                 0,      -4.016168634,   1.374383648e-09,   4.039796512e-08,                 0
          0,           0,         134,      -7.989744961,      -6.446049724,      -6.856060062,      -5.130148447,      -7.294736889,      -5.324185202,      -5.890365388,      -2.013156429,         100,      -3.279022675,             100,      -4.585647202,                8,      -6.092139051,    0.002183659531,       2.853291411,               400,               400,               400,     0.07211527163,      0.3076102912,      -1.235393128,                 0,                 0,                 0,      -1.757292365,      0.3076102912,      -1.235393128,                 0,      -4.016098171,    1.28253476e-09,   4.314733069e-08,                 0
          0,           0,         135,       -8.00847033,      -6.460980489,      -6.872139602,      -5.148873882,      -7.306054156,      -5.336214651,      -5.902295607,      -2.025884962,         100,      -3.294325055,             100,      -4.620568459,                8,      -6.095748229,    0.002162434927,       2.853239899,               400,               400,               400,     0.07211527163,      0.3076164133,      -1.235406375,                 0,                 0,                 0,      -1.757300437,      0.3076164133,      -1.235406375,                 0,      -4.016061307,   5.696007343e-10,   3.284683254e-08,                 0
          0,           0,         136,      -8.024902903,        -6.4758457,      -6.887972232,      -5.165306382,      -7.317511328,      -5.348045001,      -5.914209836,      -2.038869435,         100,      -3.286191669,             100,      -4.604463939,                8,      -6.093765002,    0.002141819461,       2.853189908,               400,               400,               400,     0.07211527163,      0.3076185207,       -1.23540535,                 0,                 0,                 0,      -1.757294333,      0.3076185207,       -1.23540535,                 0,      -4.016030462,   6.504474295e-10,   2.792697209e-08,                 0
          0,           0,         137,       -8.03760605,      -6.490667886,      -6.903577674,      -5.178009633,      -7.329097814,       -5.35964297,       -5.92610804,      -2.052046013,         100,        -3.2957188,             100,      -4.596544417,                8,      -6.087194736,    0.002121791753,       2.853143349,               400,               400,               400,     0.07211527163,      0.3076171542,      -1.235400522,                 0,                 0,                 0,      -1.757270647,      0.3076171542,      -1.235400522,                 0,      -4.016032609,   9.074568434e-10,   3.789547261e-08,                 0
          0,           0,         138,      -8.044995631,      -6.505422778,      -6.918903191,      -5.185399241,      -7.340793154,      -5.370680537,      -5.937990141,      -2.065300575,         100,      -3.306225534,             100,      -4.527774508,                8,      -6.084073636,    0.002102331064,       2.853104564,               400,               400,               400,     0.07211527163,      0.3076099068,      -1.235372956,                 0,                 0,                 0,      -1.757221321,      0.3076099068,      -1.235372956,                 0,      -4.016037612,   7.420169711e-10,   2.637597263e-08,                 0
          0,           0,         139,      -8.046172449,      -6.520086583,      -6.933931402,      -5.186576048,      -7.352584523,      -5.381206308,      -5.949856819,      -2.077976373,         100,      -3.329410678,             100,      -4.582660147,                8,      -6.074682064,    0.002083418033,       2.853076006,               400,               400,               400,     0.07211527163,       0.307597701,      -1.235334083,                 0,                 0,                 0,      -1.757144644,       0.307597701,      -1.235334083,                 0,      -4.016070599,   7.115280377e-10,   2.043780689e-08,                 0
          0,           0,         140,      -8.041233119,      -6.534651782,      -6.948642552,      -5.181636682,      -7.364451669,      -5.390913532,      -5.961708508,      -2.090108105,         100,      -3.357044658,             100,      -4.660490915,                8,      -6.071837331,    0.002065033276,       2.853062021,               400,               400,               400,     0.07211527163,      0.3075785718,      -1.235266327,                 0,                 0,                 0,      -1.757034745,      0.3075785718,      -1.235266327,                 0,       -4.01610008,   5.276045632e-10,   2.182406167e-08,                 0
          0,           0,         141,      -8.031309179,      -6.549088682,      -6.963013544,      -5.171712666,      -7.376381981,       -5.39988697,      -5.973546156,      -2.101470332,         100,      -3.388981467,             100,      -4.583380067,                8,      -6.077002504,    0.002047158636,       2.853064577,               400,               400,               400,     0.07211527163,      0.3075539064,      -1.235182769,                 0,                 0,                 0,      -1.756892381,      0.3075539064,      -1.235182769,                 0,       -4.01615048,   9.404354994e-10,   2.321482087e-08,                 0
          0,           0,         142,        -8.0181503,      -6.563386992,      -6.977061859,      -5.158553926,      -7.388356366,      -5.407829257,      -5.985370287,      -2.111880824,         100,      -3.422875778,             100,      -4.406900059,                8,      -6.067382501,    0.002029777086,       2.853087134,               400,               400,               400,     0.07211527163,      0.3075222099,      -1.235067634,                 0,                 0,                 0,      -1.756714306,      0.3075222099,      -1.235067634,                 0,      -4.016190032,    1.23765553e-09,   3.481766337e-08,                 0
          0,           0,         143,      -8.003740438,      -6.577528244,      -6.990796204,      -5.144144069,      -7.400364428,      -5.414807769,      -5.997181631,      -2.121141457,         100,      -3.442129956,             100,      -4.370814465,                8,      -6.065158624,    0.002012872326,       2.853130477,               400,               400,               400,     0.07211527163,      0.3074853124,      -1.234935843,                 0,                 0,                 0,      -1.756503857,      0.3074853124,      -1.234935843,                 0,      -4.016243358,   9.015206223e-10,   2.607532515e-08,                 0
          0,           0,         144,      -7.989682584,      -6.591469585,      -7.004233783,      -5.130086158,       -7.41238983,      -5.420636339,      -6.008980272,      -2.129222805,         100,      -3.463122267,             100,      -4.542205006,                8,      -6.072706254,    0.001996427718,       2.853196685,               400,               400,               400,     0.07211527163,      0.3074421267,      -1.234773429,                 0,                 0,                 0,      -1.756260254,      0.3074421267,      -1.234773429,                 0,      -4.016279233,   2.056537142e-10,   3.418633969e-08,                 0
          0,           0,         145,      -7.977387425,      -6.605189555,      -7.017406794,       -5.11779103,      -7.424425696,      -5.425474227,      -6.020766203,      -2.136121515,         100,      -3.479580157,             100,      -4.471596867,                8,      -6.077977481,    0.001980426774,       2.853285059,               400,               400,               400,     0.07211527163,        0.30739482,      -1.234596917,                 0,                 0,                 0,      -1.755988975,        0.30739482,      -1.234596917,                 0,      -4.016323104,    5.90776481e-10,   1.785616752e-08,                 0
          0,           0,         146,      -7.967590192,       -6.61867569,      -7.030402299,      -5.107993778,      -7.436461887,      -5.429312265,      -6.032538717,      -2.142103229,         100,      -3.514227644,             100,      -4.655399254,                8,       -6.07569248,    0.001964855079,       2.853396171,               400,               400,               400,     0.07211527163,      0.3073425915,      -1.234393799,                 0,                 0,                 0,      -1.755691122,      0.3073425915,      -1.234393799,                 0,      -4.016344734,    2.33759624e-10,   2.233828704e-08,                 0
          0,           0,         147,      -7.960971234,      -6.631891494,      -7.043241399,      -5.101374789,      -7.448492792,      -5.432413766,      -6.044296717,      -2.147018044,         100,      -3.529913225,             100,      -4.488861556,                8,      -6.072613483,    0.001949697509,       2.853527898,               400,               400,               400,     0.07211527163,      0.3072878073,      -1.234181749,                 0,                 0,                 0,       -1.75537361,      0.3072878073,      -1.234181749,                 0,      -4.016370711,   1.333013094e-10,   2.007293038e-08,                 0
          0,           0,         148,      -7.957594729,      -6.644869017,        -7.0560668,      -5.097998353,      -7.460514435,      -5.435015224,      -6.056038466,      -2.151044029,         100,      -3.542981579,             100,      -4.521138059,                8,      -6.083491489,    0.001934940825,       2.853679506,               400,               400,               400,     0.07211527163,      0.3072298096,      -1.233949192,                 0,                 0,                 0,      -1.755038639,      0.3072298096,      -1.233949192,                 0,      -4.016371958,  -1.239157906e-10,   2.953758861e-08,                 0
          0,           0,         149,      -7.957750044,       -6.65758736,      -7.068891348,      -5.098153657,      -7.472524237,      -5.437401772,      -6.067761572,      -2.154525413,         100,      -3.566385173,             100,      -4.545987928,                8,      -6.073575896,    0.001920571308,       2.853847751,               400,               400,               400,     0.07211527163,      0.3071710103,      -1.233714338,                 0,                 0,                 0,      -1.754693686,      0.3071710103,      -1.233714338,                 0,      -4.016376208,  -9.596700416e-10,   2.797931767e-08,                 0
          0,           0,         150,      -7.961082833,      -6.670064437,      -7.081813223,      -5.101486466,      -7.484522204,      -5.439935187,      -6.079463213,      -2.157555051,         100,      -3.545624188,             100,      -4.495451018,                8,       -6.07574394,    0.001906575719,       2.854031015,               400,               400,               400,     0.07211527163,      0.3071107374,      -1.233465911,                 0,                 0,                 0,      -1.754341144,      0.3071107374,      -1.233465911,                 0,      -4.016355539,  -1.914333195e-09,   4.137504965e-08,                 0
          0,           0,         151,      -7.967730624,       -6.68234586,      -7.094889303,      -5.108134259,      -7.496508358,       -5.44284455,      -6.091139609,      -2.160421723,         100,      -3.528053297,             100,      -4.600507946,                8,      -6.079266573,    0.001892941892,       2.854225394,               400,               400,               400,     0.07211527163,      0.3070513243,      -1.233222103,                 0,                 0,                 0,      -1.753988303,      0.3070513243,      -1.233222103,                 0,      -4.016338657,  -1.069808743e-09,   4.731615218e-08,                 0
          0,           0,         152,      -7.977095098,      -6.694454643,      -7.108154797,      -5.117498713,      -7.508483429,      -5.446465206,      -6.102786708,      -2.163212593,         100,      -3.541983664,             100,      -4.614689899,                8,      -6.095008726,    0.001879657151,       2.854428878,               400,               400,               400,     0.07211527163,      0.3069919819,      -1.232971433,                 0,                 0,                 0,      -1.753637082,      0.3069919819,      -1.232971433,                 0,       -4.01629849,  -2.615475729e-10,   2.422623396e-08,                 0
          0,           0,         153,      -7.989228989,      -6.706406984,       -7.12159019,      -5.129632617,      -7.520448458,      -5.450932533,      -6.114399401,      -2.166112187,         100,      -3.537212838,             100,      -4.540880207,                8,      -6.091467795,    0.001866710122,       2.854637421,               400,               400,               400,     0.07211527163,       0.306934857,      -1.232731561,                 0,                 0,                 0,      -1.753293906,       0.306934857,      -1.232731561,                 0,      -4.016264472,  -2.457586517e-10,   1.446232098e-08,                 0
          0,           0,         154,      -8.003399983,      -6.718294393,      -7.135259068,      -5.143803652,      -7.532402276,      -5.456489897,      -6.125972568,       -2.16927858,         100,       -3.52279371,             100,       -4.61706932,                8,      -6.094576076,    0.001854089747,       2.854849082,               400,               400,               400,     0.07211527163,      0.3068789555,      -1.232490359,                 0,                 0,                 0,       -1.75295963,      0.3068789555,      -1.232490359,                 0,      -4.016210093,   4.950172711e-10,   2.426994928e-08,                 0
          0,           0,         155,      -8.019627535,      -6.730124076,       -7.14907921,      -5.160031194,       -7.54434522,      -5.463150046,      -6.137499612,      -2.172795063,         100,      -3.504865417,             100,      -4.532474295,                8,      -6.101332591,    0.001841784877,       2.855060103,               400,               400,               400,     0.07211527163,      0.3068262011,      -1.232264681,                 0,                 0,                 0,      -1.752639506,      0.3068262011,      -1.232264681,                 0,        -4.0161651,   3.996186986e-10,   2.347920582e-08,                 0
          0,           0,         156,      -8.037061653,      -6.741978871,      -7.163063788,      -5.177465335,      -7.556275049,      -5.471019369,      -6.148974234,      -2.176920885,         100,      -3.508670595,             100,      -4.653106941,                8,      -6.088891544,    0.001829785702,       2.855268994,               400,               400,               400,     0.07211527163,      0.3067753823,      -1.232041572,                 0,                 0,                 0,      -1.752333158,      0.3067753823,      -1.232041572,                 0,      -4.016103125,  -4.278954464e-10,   2.993758999e-08,                 0
          0,           0,         157,      -8.055732718,      -6.753832995,       -7.17708541,      -5.196136396,      -7.568189348,      -5.480035888,      -6.160388407,      -2.181375493,         100,      -3.483820415,             100,      -4.590340855,                8,      -6.120145065,    0.001818081538,       2.855472603,               400,               400,               400,     0.07211527163,      0.3067281807,      -1.231836915,                 0,                 0,                 0,      -1.752044476,      0.3067281807,      -1.231836915,                 0,      -4.016053928,  -5.999528972e-10,   2.810051349e-08,                 0
          0,           0,         158,      -8.074756159,      -6.765796303,      -7.191173905,      -5.215159794,      -7.580084532,      -5.490207629,        -6.1717346,      -2.186333139,         100,       -3.48442079,             100,      -4.572440909,                8,      -6.122139885,    0.001806663189,       2.855670121,               400,               400,               400,     0.07211527163,      0.3066831851,      -1.231636903,                 0,                 0,                 0,       -1.75177187,      0.3066831851,      -1.231636903,                 0,      -4.015990971,  -2.401735132e-10,   2.773081273e-08,                 0
          0,           0,         159,      -8.094248753,      -6.777831884,       -7.20520737,      -5.234652432,      -7.591956294,      -5.501393193,      -6.183003306,      -2.191858814,         100,      -3.467954381,             100,      -4.565551269,                8,      -6.123442649,    0.001795521374,       2.855859138,               400,               400,               400,     0.07211527163,      0.3066418788,      -1.231456516,                 0,                 0,                 0,      -1.751518032,      0.3066418788,      -1.231456516,                 0,      -4.015943682,   5.204572748e-10,   1.947971243e-08,                 0
          0,           0,         160,      -8.113314105,      -6.790010926,      -7.219176289,      -5.253717796,      -7.603798983,      -5.513549523,        -6.1941857,      -2.198103754,         100,      -3.457728487,             100,      -4.612131396,                8,       -6.12585415,    0.001784646882,       2.856039612,               400,               400,               400,     0.07211527163,      0.3066026811,      -1.231281166,                 0,                 0,                 0,      -1.751280293,      0.3066026811,      -1.231281166,                 0,      -4.015885188,   1.858677159e-10,   2.536898948e-08,                 0
          0,           0,         161,       -8.13226681,       -6.80231308,      -7.233017361,      -5.272670431,      -7.615608567,      -5.526479809,       -6.20527074,       -2.20463559,         100,      -3.449936924,             100,      -4.711888326,                8,      -6.118336209,    0.001774031002,       2.856209872,               400,               400,               400,     0.07211527163,      0.3065669511,      -1.231125162,                 0,                 0,                 0,      -1.751060519,      0.3065669511,      -1.231125162,                 0,       -4.01584436,  -2.072880793e-10,   5.193378829e-08,                 0
          0,           0,         162,      -8.150247346,      -6.814765982,      -7.246701944,      -5.290651036,      -7.627377509,       -5.54011307,      -6.216248334,      -2.211682745,         100,      -3.466771941,             100,      -4.763547758,                8,      -6.102041263,    0.001763665156,       2.856370593,               400,               400,               400,     0.07211527163,      0.3065330022,      -1.230973348,                 0,                 0,                 0,      -1.750855292,      0.3065330022,      -1.230973348,                 0,      -4.015793861,  -7.732795525e-10,   3.460842579e-08,                 0
          0,           0,         163,      -8.167768155,      -6.827348195,      -7.260207489,      -5.308171771,      -7.639100264,      -5.554263525,      -6.227106012,      -2.219346163,         100,      -3.477595922,             100,      -4.809825363,                8,      -6.122832066,    0.001753541384,       2.856520739,               400,               400,               400,     0.07211527163,      0.3065021163,      -1.230839565,                 0,                 0,                 0,      -1.750665926,      0.3065021163,      -1.230839565,                 0,      -4.015762045,  -1.794762814e-10,   2.218237371e-08,                 0
          0,           0,         164,      -8.184107761,      -6.840093724,      -7.273527771,       -5.32451136,      -7.650770086,      -5.568841026,      -6.237832574,      -2.227276356,         100,      -3.490288023,             100,       -4.89884744,                8,      -6.118423684,    0.001743651921,       2.856661522,               400,               400,               400,     0.07211527163,      0.3064725786,       -1.23070839,                 0,                 0,                 0,      -1.750488705,      0.3064725786,       -1.23070839,                 0,      -4.015721066,  -7.634218998e-10,   2.749907163e-08,                 0
          0,           0,         165,      -8.199901493,      -6.852972742,      -7.286663831,      -5.340305138,      -7.662382175,      -5.583711017,      -6.248414421,      -2.235674124,         100,      -3.474343879,             100,      -4.757940944,                8,        -6.1171187,    0.001733989126,       2.856792351,               400,               400,               400,     0.07211527163,      0.3064456468,      -1.230593427,                 0,                 0,                 0,      -1.750324701,      0.3064456468,      -1.230593427,                 0,      -4.015698836,  -1.071448956e-09,   3.307727676e-08,                 0
          0,           0,         166,      -8.214577005,      -6.865997332,      -7.299621991,      -5.354980695,      -7.673930901,       -5.59873175,      -6.258839646,      -2.244273401,         100,      -3.483637693,             100,      -4.729980158,                8,       -6.11867259,     0.00172454616,       2.856914785,               400,               400,               400,     0.07211527163,      0.3064196181,      -1.230479188,                 0,                 0,                 0,      -1.750170162,      0.3064196181,      -1.230479188,                 0,      -4.015667127,  -1.099234781e-09,   3.669253466e-08,                 0
          0,           0,         167,      -8.228840286,      -6.879123417,      -7.312413221,      -5.369243871,      -7.685410374,        -5.6138281,      -6.269094041,      -2.253060703,         100,       -3.49528794,             100,      -4.934807201,                8,      -6.111764392,    0.001715315812,       2.857028494,               400,               400,               400,     0.07211527163,      0.3063957842,        -1.2303793,                 0,                 0,                 0,      -1.750026278,      0.3063957842,        -1.2303793,                 0,       -4.01565349,  -7.692030557e-10,   3.100458311e-08,                 0
          0,           0,         168,      -8.242203692,      -6.892371401,      -7.325060117,      -5.382607304,      -7.696816558,      -5.628910473,      -6.279165662,      -2.262225051,         100,      -3.482703839,             100,      -4.707575082,                8,      -6.115043757,    0.001706290802,       2.857135181,               400,               400,               400,     0.07211527163,      0.3063724782,      -1.230278363,                 0,                 0,                 0,      -1.749889449,      0.3063724782,      -1.230278363,                 0,      -4.015629504,  -7.433777349e-10,     2.7840858e-08,                 0
          0,           0,         169,      -8.255438674,      -6.905706621,      -7.337601218,       -5.39584225,      -7.708145106,      -5.643905168,       -6.28904048,      -2.271413626,         100,      -3.469484735,             100,      -4.814735824,                8,      -6.112110067,    0.001697465269,       2.857234571,               400,               400,               400,     0.07211527163,      0.3063510442,      -1.230190155,                 0,                 0,                 0,      -1.749761129,      0.3063510442,      -1.230190155,                 0,       -4.01562253,  -7.685965616e-10,   1.998543401e-08,                 0
          0,           0,         170,      -8.268050098,      -6.919119274,      -7.350027804,      -5.408453788,       -7.71939218,      -5.658745605,      -6.298707263,      -2.280430335,         100,      -3.492261817,             100,      -4.718363032,                8,      -6.106212375,    0.001688832523,       2.857328361,               400,               400,               400,     0.07211527163,      0.3063298781,      -1.230099499,                 0,                 0,                 0,      -1.749638046,      0.3063298781,      -1.230099499,                 0,      -4.015604049,  -5.849227691e-10,   2.391706503e-08,                 0
          0,           0,         171,      -8.280815492,      -6.932566382,       -7.36237457,      -5.421219053,      -7.730552015,      -5.673429847,      -6.308153219,      -2.289445598,         100,      -3.479295083,             100,      -4.675297625,                8,      -6.103454691,    0.001680386609,       2.857416207,               400,               400,               400,     0.07211527163,      0.3063103747,      -1.230020376,                 0,                 0,                 0,      -1.749521959,      0.3063103747,      -1.230020376,                 0,      -4.015601422,  -7.564533509e-10,   2.768182246e-08,                 0
          0,           0,         172,      -8.293258844,      -6.946074746,      -7.374664394,      -5.433662418,      -7.741622318,      -5.687902631,      -6.317368905,      -2.298433687,         100,      -3.491098487,             100,      -4.727017962,                8,      -6.104891782,    0.001672121536,       2.857499675,               400,               400,               400,     0.07211527163,      0.3062909913,      -1.229937866,                 0,                 0,                 0,      -1.749409949,      0.3062909913,      -1.229937866,                 0,       -4.01558616,  -9.306267068e-10,   3.517212999e-08,                 0
          0,           0,         173,      -8.306101946,      -6.959586759,      -7.386906048,      -5.446505601,      -7.752598257,      -5.702206945,       -6.32634369,      -2.307280076,         100,      -3.481205423,             100,      -4.748365598,                8,      -6.102738301,    0.001664031238,       2.857578264,               400,               400,               400,     0.07211527163,      0.3062731739,      -1.229866175,                 0,                 0,                 0,      -1.749304096,      0.3062731739,      -1.229866175,                 0,      -4.015585692,  -9.105753563e-10,   2.573412735e-08,                 0
          0,           0,         174,      -8.318835652,      -6.973126008,      -7.399122108,      -5.459239231,      -7.763478721,      -5.716308913,      -6.335070961,      -2.315982569,         100,      -3.517041667,             100,      -4.756946953,                8,      -6.102276671,    0.001656110077,       2.857653365,               400,               400,               400,     0.07211527163,      0.3062554263,      -1.229790611,                 0,                 0,                 0,      -1.749201778,      0.3062554263,      -1.229790611,                 0,      -4.015571662,  -3.276312127e-10,   1.740388192e-08,                 0
          0,           0,         175,      -8.332139331,      -6.986637867,      -7.411317492,      -5.472542994,      -7.774259494,      -5.730286407,      -6.343543263,      -2.324528107,         100,      -3.521742309,             100,      -4.778712191,                8,      -6.095291722,    0.001648352616,       2.857724295,               400,               400,               400,     0.07211527163,      0.3062392291,      -1.229725563,                 0,                 0,                 0,      -1.749105318,      0.3062392291,      -1.229725563,                 0,      -4.015571638,  -3.682594778e-10,   1.371672804e-08,                 0
          0,           0,         176,      -8.345431574,      -7.000156276,      -7.423508856,      -5.485835131,      -7.784939194,      -5.744149127,      -6.351757653,      -2.332915285,         100,      -3.497177368,             100,      -4.741765229,                8,      -6.097167629,    0.001640753621,       2.857792264,               400,               400,               400,     0.07211527163,      0.3062231145,      -1.229656506,                 0,                 0,                 0,      -1.749012297,      0.3062231145,      -1.229656506,                 0,      -4.015557441,  -5.290346473e-10,   2.266403918e-08,                 0
          0,           0,         177,       -8.35939032,      -7.013664581,      -7.435730206,      -5.499793938,      -7.795513325,      -5.757954645,      -6.359710538,      -2.341146841,         100,      -3.494948514,             100,      -4.896734502,                8,      -6.093745028,    0.001633308148,       2.857856424,               400,               400,               400,     0.07211527163,      0.3062085847,      -1.229597957,                 0,                 0,                 0,      -1.748925204,      0.3062085847,      -1.229597957,                 0,      -4.015556775,  -4.101883552e-10,   2.060234329e-08,                 0
          0,           0,         178,      -8.373319028,      -7.027158327,      -7.447955718,      -5.513722654,      -7.805981427,      -5.771741054,      -6.367403155,      -2.349235876,         100,      -3.495363189,             100,      -4.862109057,                8,       -6.09192402,    0.001626011172,       2.857917845,               400,               400,               400,     0.07211527163,      0.3061941793,      -1.229535479,                 0,                 0,                 0,      -1.748841707,      0.3061941793,      -1.229535479,                 0,      -4.015541647,  -3.775322624e-10,   1.869767197e-08,                 0
          0,           0,         179,      -8.387876312,      -7.040623192,      -7.460215285,       -5.52828001,      -7.816339531,      -5.785565553,      -6.374836289,      -2.357202845,         100,      -3.501879106,             100,      -4.784815312,                8,      -6.082859359,    0.001618858349,       2.857975564,               400,               400,               400,     0.07211527163,      0.3061814025,      -1.229483639,                 0,                 0,                 0,       -1.74876435,      0.3061814025,      -1.229483639,                 0,      -4.015539902,  -2.640908073e-10,   1.864183848e-08,                 0
          0,           0,         180,      -8.402293949,        -7.0540842,      -7.472495118,      -5.542697504,      -7.826587219,      -5.799477649,      -6.382015495,      -2.365071502,         100,      -3.494573708,             100,      -4.698842887,                8,      -6.081385595,    0.001611845325,       2.858030561,               400,               400,               400,     0.07211527163,      0.3061687876,       -1.22942802,                 0,                 0,                 0,      -1.748690798,      0.3061687876,       -1.22942802,                 0,       -4.01552369,  -3.507790349e-10,    1.42479526e-08,                 0
          0,           0,         181,       -8.41724113,      -7.067537233,      -7.484829728,      -5.557644762,      -7.836719766,      -5.813524822,      -6.388945756,      -2.372866674,         100,      -3.503652078,             100,      -4.658967672,                8,      -6.077531329,    0.001604967969,       2.858081816,               400,               400,               400,     0.07211527163,      0.3061578248,      -1.229383166,                 0,                 0,                 0,      -1.748623548,      0.3061578248,      -1.229383166,                 0,       -4.01552097,   3.264654158e-11,    1.69413019e-08,                 0
          0,           0,         182,      -8.431881167,      -7.081001681,      -7.497188911,      -5.572284808,      -7.846737715,      -5.827728632,      -6.395636719,      -2.380502528,         100,      -3.528017483,             100,       -4.79130774,                8,      -6.084410484,    0.001598222263,       2.858130278,               400,               400,               400,     0.07211527163,      0.3061470351,      -1.229334637,                 0,                 0,                 0,      -1.748560213,      0.3061470351,      -1.229334637,                 0,      -4.015503979,  -3.821995121e-11,   1.247680629e-08,                 0
          0,           0,         183,      -8.446899287,      -7.094458558,      -7.509593171,      -5.587302883,      -7.856636831,      -5.842155948,      -6.402097178,      -2.388285999,         100,      -3.511436046,             100,      -4.623950835,                8,        -6.0819304,    0.001591604141,       2.858174924,               400,               400,               400,     0.07211527163,      0.3061378834,      -1.229296903,                 0,                 0,                 0,      -1.748503174,      0.3061378834,      -1.229296903,                 0,      -4.015500759,  -5.368702343e-11,   1.397377287e-08,                 0
          0,           0,         184,      -8.461462652,      -7.107962686,      -7.522035911,      -5.601866278,      -7.866417873,      -5.856745731,      -6.408340229,      -2.396067915,         100,      -3.528273488,             100,      -4.781478115,                8,      -6.078950033,    0.001585110187,       2.858216722,               400,               400,               400,     0.07211527163,      0.3061288719,       -1.22925546,                 0,                 0,                 0,      -1.748449941,      0.3061288719,       -1.22925546,                 0,      -4.015483586,   -1.43595724e-10,   1.098066214e-08,                 0
          0,           0,         185,      -8.476268115,      -7.121466068,      -7.534514138,      -5.616671813,      -7.876076786,      -5.871582156,      -6.414377715,      -2.403873955,         100,      -3.515809588,             100,      -4.829930006,                8,      -6.079439469,    0.001578736622,       2.858254691,               400,               400,               400,     0.07211527163,       0.306121445,      -1.229224697,                 0,                 0,                 0,      -1.748402784,       0.306121445,      -1.229224697,                 0,      -4.015480512,  -2.544926395e-10,   1.327063634e-08,                 0
          0,           0,         186,      -8.490507647,      -7.135026033,      -7.547017592,       -5.63091124,      -7.885614623,      -5.886592316,      -6.420225438,      -2.411491047,         100,      -3.526195399,             100,      -4.928347287,                8,      -6.071938997,    0.001572480084,       2.858289852,               400,               400,               400,     0.07211527163,      0.3061140821,      -1.229190022,                 0,                 0,                 0,      -1.748359085,      0.3061140821,      -1.229190022,                 0,      -4.015463822,   -2.28213695e-10,    1.38171212e-08,                 0
          0,           0,         187,      -8.504936002,      -7.148604196,      -7.559569146,      -5.645339632,       -7.89502809,      -5.901803644,      -6.425897406,      -2.419450694,         100,      -3.531859901,             100,      -4.862376405,                8,      -6.073266252,    0.001566337389,       2.858321285,               400,               400,               400,     0.07211527163,      0.3061082076,      -1.229165737,                 0,                 0,                 0,      -1.748320994,      0.3061082076,      -1.229165737,                 0,      -4.015461547,   -6.11525269e-11,   1.902993244e-08,                 0
          0,           0,         188,      -8.518753578,      -7.162234591,       -7.57212197,      -5.659157152,      -7.904318825,      -5.917122152,      -6.431411165,      -2.427197461,         100,      -3.561743193,             100,      -4.890864012,                8,       -6.07101023,     0.00156030555,       2.858350083,               400,               400,               400,     0.07211527163,      0.3061022865,      -1.229137182,                 0,                 0,                 0,        -1.7482858,      0.3061022865,      -1.229137182,                 0,      -4.015445934,  -1.501187122e-10,   1.622403631e-08,                 0
          0,           0,         189,      -8.532745006,      -7.175884036,      -7.584716231,      -5.673148745,      -7.913484157,      -5.932603601,      -6.436782062,      -2.434993068,         100,      -3.552947827,             100,      -4.801350156,                8,      -6.065903842,    0.001554381669,       2.858375396,               400,               400,               400,     0.07211527163,      0.3060977292,      -1.229118586,                 0,                 0,                 0,      -1.748255563,      0.3060977292,      -1.229118586,                 0,      -4.015444966,  -2.257034924e-10,   2.214434332e-08,                 0
          0,           0,         190,      -8.546177214,      -7.189597009,      -7.597313511,       -5.68658086,       -7.92252555,      -5.948110149,      -6.442028471,      -2.442818401,         100,       -3.54438788,             100,      -4.847414045,                8,       -6.06661805,    0.001548562955,       2.858398378,               400,               400,               400,     0.07211527163,      0.3060929924,      -1.229095242,                 0,                 0,                 0,      -1.748227509,      0.3060929924,      -1.229095242,                 0,      -4.015430841,  -3.370928527e-10,    1.69508894e-08,                 0
          0,           0,         191,      -8.559815456,      -7.203324965,      -7.609941918,      -5.700218996,       -7.93144071,      -5.963690289,      -6.447166234,      -2.450654397,         100,      -3.540243909,             100,      -4.757819301,                8,      -6.059064332,     0.00154284659,        2.85841824,               400,               400,               400,     0.07211527163,       0.306089482,       -1.22908134,                 0,                 0,                 0,      -1.748203659,       0.306089482,       -1.22908134,                 0,      -4.015431475,   3.165073059e-11,   9.732956373e-09,                 0
          0,           0,         192,      -8.572960315,      -7.217092942,        -7.6225414,      -5.713363971,       -7.94023322,       -5.97918415,      -6.452213889,      -2.458484146,         100,      -3.540856938,             100,      -4.690503747,                8,       -6.06087185,    0.001537230079,       2.858436184,               400,               400,               400,     0.07211527163,      0.3060856546,      -1.229062153,                 0,                 0,                 0,      -1.748181218,      0.3060856546,      -1.229062153,                 0,         -4.015419,  -5.318862919e-11,   6.873972339e-09,                 0
          0,           0,         193,      -8.586345357,      -7.230866046,      -7.635159392,      -5.726749006,      -7.948898184,      -5.994698657,      -6.457187117,      -2.466295333,         100,      -3.553349599,             100,      -4.954230916,                8,      -6.051968852,    0.001531710939,       2.858451458,               400,               400,               400,     0.07211527163,      0.3060829171,      -1.229051859,                 0,                 0,                 0,      -1.748162203,      0.3060829171,      -1.229051859,                 0,      -4.015421282,   8.675432346e-11,   9.483741673e-09,                 0
          0,           0,         194,       -8.59930467,      -7.244647671,      -7.647694008,      -5.739708412,       -7.95744155,      -6.010041722,      -6.462104041,      -2.474066189,         100,      -3.527066389,             100,      -4.803572455,                8,      -6.055884551,    0.001526286525,        2.85846529,               400,               400,               400,     0.07211527163,      0.3060797332,      -1.229035744,                 0,                 0,                 0,      -1.748143844,      0.3060797332,      -1.229035744,                 0,        -4.0154104,   6.078324365e-11,   1.767552797e-08,                 0
          0,           0,         195,      -8.612539816,      -7.258432358,      -7.660240744,      -5.752943497,      -7.965861117,      -6.025329757,      -6.466979806,      -2.481785123,         100,      -3.548213205,             100,      -4.903128677,                8,      -6.040273082,    0.001520954903,       2.858476937,               400,               400,               400,     0.07211527163,      0.3060775187,      -1.229028007,                 0,                 0,                 0,      -1.748128197,      0.3060775187,      -1.229028007,                 0,      -4.015414174,   1.966805279e-10,   2.157621219e-08,                 0
          0,           0,         196,      -8.625400392,       -7.27220043,      -7.672683179,      -5.765804163,      -7.974162187,      -6.040352267,      -6.471831755,      -2.489431733,         100,       -3.54013035,             100,      -4.771637712,                8,      -6.053010919,    0.001515713667,       2.858487629,               400,               400,               400,     0.07211527163,      0.3060747487,      -1.229013967,                 0,                 0,                 0,       -1.74811255,      0.3060747487,      -1.229013967,                 0,      -4.015404642,   6.210197244e-11,    1.14486837e-08,                 0
          0,           0,         197,      -8.638526715,      -7.285939446,      -7.685100382,      -5.778930388,      -7.982342569,      -6.055305951,      -6.476674212,      -2.496997806,         100,      -3.576331151,             100,      -4.860171391,                8,      -6.048568337,    0.001510560913,       2.858496611,               400,               400,               400,     0.07211527163,       0.306072851,      -1.229007863,                 0,                 0,                 0,      -1.748099019,       0.306072851,      -1.229007863,                 0,      -4.015409597,   1.598223021e-10,   8.366405832e-09,                 0
          0,           0,         198,      -8.651301411,      -7.299639637,      -7.697380678,      -5.791705085,      -7.990408661,      -6.069919838,      -6.481523552,      -2.504463335,         100,      -3.595954764,             100,      -4.869179965,                8,      -6.045087664,    0.001505494443,       2.858505087,               400,               400,               400,     0.07211527163,       0.306070315,      -1.228995068,                 0,                 0,                 0,      -1.748084968,       0.306070315,      -1.228995068,                 0,      -4.015401062,   3.685059765e-11,   9.502281379e-09,                 0
          0,           0,         199,      -8.664329884,      -7.313283706,      -7.709600187,      -5.804733544,       -7.99835833,      -6.084454817,      -6.486393139,      -2.511825398,         100,      -3.575493552,             100,      -4.724121452,                8,       -6.03942759,    0.001500512387,       2.858512271,               400,               400,               400,     0.07211527163,      0.3060685812,       -1.22898987,                 0,                 0,                 0,      -1.748072586,      0.3060685812,       -1.22898987,                 0,      -4.015406825,  -2.566495035e-11,   1.384080349e-08,                 0
          0,           0,         200,      -8.677022186,      -7.326889784,      -7.721682716,       -5.81742585,      -8.006200131,      -6.098607073,      -6.491298333,      -2.519069209,         100,      -3.592185004,             100,      -4.676694983,                8,      -6.038917806,    0.001495612992,        2.85851933,               400,               400,               400,     0.07211527163,      0.3060661539,      -1.228977698,                 0,                 0,                 0,      -1.748059322,      0.3060661539,      -1.228977698,                 0,        -4.0153989,   -1.29482587e-10,    4.78184276e-09,                 0
          0,           0,         201,      -8.689953577,      -7.340405818,      -7.733671713,      -5.830357239,      -8.013929038,      -6.112669949,      -6.496251528,       -2.52619457,         100,      -3.577101959,             100,      -4.680640719,                8,      -6.037420746,    0.001490794429,       2.858525433,               400,               400,               400,     0.07211527163,      0.3060644865,      -1.228972896,                 0,                 0,                 0,       -1.74804744,      0.3060644865,      -1.228972896,                 0,      -4.015405088,  -3.571519385e-10,   2.674813811e-08,                 0
          0,           0,         202,      -8.702536625,       -7.35386433,      -7.745488918,      -5.842940137,      -8.021555792,      -6.126354811,      -6.501267078,       -2.53319351,         100,       -3.57561137,             100,      -4.589635045,                8,      -6.036336085,    0.001486054902,       2.858531702,               400,               400,               400,     0.07211527163,      0.3060620954,      -1.228960947,                 0,                 0,                 0,       -1.74803446,      0.3060620954,      -1.228960947,                 0,      -4.015397417,  -1.591837846e-10,    8.89701941e-09,                 0
          0,           0,         203,      -8.715367407,      -7.367220641,      -7.757192426,      -5.855771112,      -8.029075591,      -6.139963047,      -6.506356441,      -2.540071182,         100,      -3.566450984,             100,      -4.627862973,                8,      -6.036957525,    0.001481392815,       2.858537258,               400,               400,               400,     0.07211527163,      0.3060604438,      -1.228956243,                 0,                 0,                 0,      -1.748022712,      0.3060604438,      -1.228956243,                 0,      -4.015403714,  -1.571864683e-10,   1.221554248e-08,                 0
          0,           0,         204,      -8.727836221,      -7.380505448,      -7.768715601,       -5.86823986,      -8.036500548,      -6.153208277,       -6.51153305,      -2.546822661,         100,      -3.573990692,             100,      -4.689927462,                8,      -6.038713753,    0.001476806469,       2.858543176,               400,               400,               400,     0.07211527163,      0.3060580584,      -1.228944309,                 0,                 0,                 0,      -1.748009779,      0.3060580584,      -1.228944309,                 0,      -4.015396019,   1.522946651e-11,   1.142945681e-08,                 0
          0,           0,         205,      -8.740564578,      -7.393675544,      -7.780104679,      -5.880968215,      -8.043823865,      -6.166407229,      -6.516807493,      -2.553458104,         100,      -3.610623731,             100,      -4.580214683,                8,      -6.034026439,    0.001472294243,       2.858548535,               400,               400,               400,     0.07211527163,      0.3060564094,      -1.228939575,                 0,                 0,                 0,      -1.747998034,      0.3060564094,      -1.228939575,                 0,      -4.015402187,   -1.46566875e-10,   8.978943846e-09,                 0
          0,           0,         206,       -8.75291509,      -7.406772206,      -7.791319584,      -5.893318758,      -8.051059815,      -6.179274318,      -6.522192393,      -2.559977246,         100,      -3.599222612,             100,       -4.59737564,                8,      -6.033448529,    0.001467854801,       2.858554366,               400,               400,               400,     0.07211527163,      0.3060540297,      -1.228927604,                 0,                 0,                 0,      -1.747985105,      0.3060540297,      -1.228927604,                 0,      -4.015394292,  -1.842652551e-11,    1.02296125e-08,                 0
          0,           0,         207,      -8.765541496,      -7.419756028,      -7.802393131,      -5.905945117,      -8.058200413,      -6.192113794,      -6.527697551,      -2.566390937,         100,      -3.567863348,             100,      -4.606462219,                8,      -6.033733119,    0.001463486608,       2.858559713,               400,               400,               400,     0.07211527163,      0.3060523933,      -1.228922843,                 0,                 0,                 0,      -1.747973393,      0.3060523933,      -1.228922843,                 0,      -4.015400205,   3.435424705e-11,   6.986480759e-09,                 0
          0,           0,         208,      -8.777762591,      -7.432674751,      -7.813291945,      -5.918166245,      -8.065260757,      -6.204663517,      -6.533334846,      -2.572701013,         100,       -3.62292771,             100,      -4.532611721,                8,      -6.031775305,    0.001459188233,       2.858565577,               400,               400,               400,     0.07211527163,      0.3060500369,      -1.228910878,                 0,                 0,                 0,      -1.747960552,      0.3060500369,      -1.228910878,                 0,      -4.015392028,   1.526432248e-10,   1.231008952e-08,                 0
          0,           0,         209,      -8.790296974,      -7.445463121,      -7.824053895,       -5.93070065,      -8.072232322,      -6.217206153,      -6.539113347,      -2.578920113,         100,      -3.607047943,             100,      -4.605439812,                8,      -6.031042158,    0.001454958355,       2.858570973,               400,               400,               400,     0.07211527163,      0.3060484349,      -1.228906167,                 0,                 0,                 0,      -1.747948993,      0.3060484349,      -1.228906167,                 0,      -4.015397653,   6.556519581e-12,   9.201687706e-09,                 0
          0,           0,         210,      -8.802384093,       -7.45819371,      -7.834647051,      -5.942787785,      -8.079131373,      -6.229511396,      -6.545044277,      -2.585051143,         100,      -3.617219819,             100,      -4.640411831,                8,      -6.024466787,    0.001450795601,       2.858576884,               400,               400,               400,     0.07211527163,      0.3060461253,      -1.228894305,                 0,                 0,                 0,      -1.747936379,      0.3060461253,      -1.228894305,                 0,      -4.015389197,  -1.529270844e-11,   1.010270837e-08,                 0
          0,           0,         211,      -8.814833977,      -7.470802981,      -7.845119628,      -5.955237642,      -8.085947782,      -6.241838788,      -6.551136065,      -2.591106203,         100,      -3.619920215,             100,      -4.520384654,                8,      -6.023416906,    0.001446698677,       2.858582309,               400,               400,               400,     0.07211527163,      0.3060445813,       -1.22888975,                 0,                 0,                 0,      -1.747925119,      0.3060445813,       -1.22888975,                 0,       -4.01539457,    6.79987363e-11,     1.7857673e-08,                 0
          0,           0,         212,      -8.826795672,      -7.483363959,      -7.855443539,      -5.967199395,      -8.092699602,      -6.253942098,      -6.557399316,      -2.597088333,         100,      -3.670137405,             100,      -4.473781572,                8,      -6.022468052,    0.001442666486,        2.85858822,               400,               400,               400,     0.07211527163,      0.3060423402,      -1.228878097,                 0,                 0,                 0,      -1.747912875,      0.3060423402,      -1.228878097,                 0,      -4.015385898,   1.362626078e-10,   1.491781605e-08,                 0
          0,           0,         213,      -8.839150727,      -7.495807154,      -7.865657107,      -5.979554379,      -8.099374685,      -6.266086947,      -6.563841824,      -2.603008074,         100,      -3.646062278,             100,      -4.528315749,                8,      -6.023637174,    0.001438697774,       2.858593611,               400,               400,               400,     0.07211527163,      0.3060408727,      -1.228873797,                 0,                 0,                 0,      -1.747902044,      0.3060408727,      -1.228873797,                 0,      -4.015391101,  -2.946419175e-11,   1.484998351e-08,                 0
          0,           0,         214,      -8.850988035,      -7.508214772,      -7.875730005,      -5.991391712,      -8.105991551,      -6.278039091,      -6.570588495,      -2.608867174,         100,      -3.637414578,             100,      -4.491555362,                8,      -6.020479043,     0.00143479128,       2.858599451,               400,               400,               400,     0.07211527163,      0.3060387146,       -1.22886244,                 0,                 0,                 0,      -1.747890278,      0.3060387146,       -1.22886244,                 0,      -4.015382308,  -1.815749655e-10,   1.912735499e-08,                 0
          0,           0,         215,       -8.86325538,       -7.52052623,        -7.8857185,      -6.003659106,      -8.112538257,      -6.290011724,      -6.577427816,      -2.613372211,         100,      -3.664056481,             100,      -4.554984862,                8,      -6.020107582,    0.001430945916,       2.858604734,               400,               400,               400,     0.07211527163,      0.3060373342,      -1.228858469,                 0,                 0,                 0,      -1.747879962,      0.3060373342,      -1.228858469,                 0,      -4.015387443,   -3.01813955e-10,   1.535590684e-08,                 0
          0,           0,         216,      -8.874969782,      -7.532789167,      -7.895570698,      -6.015373418,      -8.119034463,      -6.301808178,      -6.584468602,      -2.620465496,         100,      -3.652157362,             100,      -4.523499727,                8,      -6.018126422,    0.001427160514,       2.858610434,               400,               400,               400,     0.07211527163,      0.3060352652,      -1.228847463,                 0,                 0,                 0,      -1.747868736,      0.3060352652,      -1.228847463,                 0,      -4.015378626,  -4.712937254e-11,   2.368984548e-08,                 0
          0,           0,         217,      -8.887156554,      -7.544963108,      -7.905357611,      -6.027560239,      -8.125465928,      -6.313635351,      -6.591719942,      -2.626182681,         100,      -3.622096514,             100,      -4.558506141,                8,      -6.017139426,    0.001423434076,        2.85861555,               400,               400,               400,     0.07211527163,      0.3060339739,      -1.228843856,                 0,                 0,                 0,      -1.747858971,      0.3060339739,      -1.228843856,                 0,      -4.015383785,  -9.523949069e-11,   7.103917513e-09,                 0
          0,           0,         218,      -8.898776451,      -7.557113531,       -7.91503128,      -6.039180047,      -8.131853309,       -6.32526005,      -6.599191596,      -2.631838582,         100,      -3.628752585,             100,      -4.516048546,                8,      -6.016934338,    0.001419765511,       2.858621062,               400,               400,               400,     0.07211527163,      0.3060319924,      -1.228833221,                 0,                 0,                 0,      -1.747848295,      0.3060319924,      -1.228833221,                 0,       -4.01537503,   1.250719933e-10,   1.278315311e-08,                 0
          0,           0,         219,      -8.910891639,      -7.569154816,       -7.92463596,      -6.051295351,      -8.138181083,      -6.336909538,      -6.606889924,      -2.637438544,         100,      -3.634470846,             100,      -4.487482446,                8,      -6.011730264,    0.001416153838,       2.858625975,               400,               400,               400,     0.07211527163,      0.3060307852,      -1.228829982,                 0,                 0,                 0,      -1.747839071,      0.3060307852,      -1.228829982,                 0,      -4.015380287,   7.361783036e-12,   9.257109556e-09,                 0
          0,           0,         220,      -8.922429634,      -7.581183131,      -7.934141685,      -6.062833302,      -8.144471805,      -6.348324695,        -6.6148234,      -2.643049373,         100,        -3.6467744,             100,      -4.447770732,                8,      -6.008772975,    0.001412598063,       2.858631275,               400,               400,               400,     0.07211527163,       0.306028884,      -1.228819705,                 0,                 0,                 0,       -1.74782892,       0.306028884,      -1.228819705,                 0,      -4.015371652,  -9.860302388e-11,   1.473593707e-08,                 0
          0,           0,         221,      -8.934478669,      -7.593091586,      -7.943573747,      -6.074882405,      -8.150707185,      -6.359784487,      -6.622997435,      -2.648606871,         100,      -3.639616342,             100,      -4.516135755,                8,       -6.01386806,    0.001409097234,       2.858635974,               400,               400,               400,     0.07211527163,      0.3060277522,      -1.228816813,                 0,                 0,                 0,      -1.747820197,      0.3060277522,      -1.228816813,                 0,       -4.01537705,   4.520974366e-11,   5.770264601e-09,                 0
          0,           0,         222,      -8.945960839,      -7.605022254,      -7.952922793,      -6.086364594,       -8.15691117,      -6.370982342,      -6.631419675,      -2.654124472,         100,      -3.585582616,             100,      -4.607746191,                8,      -6.012733551,    0.001405650307,       2.858641062,               400,               400,               400,     0.07211527163,       0.306025922,      -1.228806868,                 0,                 0,                 0,      -1.747810523,       0.306025922,      -1.228806868,                 0,      -4.015368567,  -1.575865118e-10,   7.883544935e-09,                 0
          0,           0,         223,      -8.958005192,      -7.616841943,      -7.962206355,      -6.098408808,      -8.163064603,      -6.382200652,      -6.640094754,       -2.65960757,         100,      -3.564925472,             100,      -4.549936883,                8,      -6.005899245,    0.001402256321,       2.858645554,               400,               400,               400,     0.07211527163,      0.3060248563,      -1.228804289,                 0,                 0,                 0,       -1.74780225,      0.3060248563,      -1.228804289,                 0,      -4.015374123,  -2.232346108e-10,   1.654727327e-08,                 0
          0,           0,         224,        -8.9694733,      -7.628665249,      -7.971420427,      -6.109877013,      -8.169193594,      -6.393126775,      -6.649029598,      -2.665054172,         100,      -3.561823926,             100,      -4.541419546,                8,      -6.008260348,    0.001398914477,       2.858650446,               400,               400,               400,     0.07211527163,      0.3060230884,       -1.22879464,                 0,                 0,                 0,      -1.747793002,      0.3060230884,       -1.22879464,                 0,       -4.01536579,  -1.951301218e-10,   1.209086681e-08,                 0
          0,           0,         225,      -8.981537371,      -7.640364854,      -7.980568317,      -6.121941094,      -8.175275502,      -6.404072236,      -6.658228062,       -2.67046728,         100,      -3.562541968,             100,       -4.47967023,                8,      -6.005408344,    0.001395623882,       2.858654753,               400,               400,               400,     0.07211527163,      0.3060220815,      -1.228792341,                 0,                 0,                 0,      -1.747785132,      0.3060220815,      -1.228792341,                 0,      -4.015371489,   1.267320447e-10,   1.831405778e-08,                 0
          0,           0,         226,      -8.992999448,      -7.652059506,      -7.989630829,      -6.133403173,      -8.181338031,      -6.414713682,      -6.667696295,      -2.675845386,         100,      -3.583134542,             100,      -4.432366045,                8,       -6.00719559,    0.001392383728,        2.85865947,               400,               400,               400,     0.07211527163,      0.3060203699,      -1.228782959,                 0,                 0,                 0,      -1.747776269,      0.3060203699,      -1.228782959,                 0,       -4.01536329,   1.551624577e-10,   1.518632107e-08,                 0
          0,           0,         227,      -9.005109304,      -7.663645203,      -7.998635679,      -6.145513058,      -8.187356894,      -6.425350345,      -6.677437353,      -2.681189859,         100,      -3.581144291,             100,      -4.465735969,                8,      -6.008042057,    0.001389193126,       2.858663614,               400,               400,               400,     0.07211527163,      0.3060194175,      -1.228780915,                 0,                 0,                 0,      -1.747768769,      0.3060194175,      -1.228780915,                 0,      -4.015369106,   1.485139551e-10,   1.563656562e-08,                 0
