Force Coefficients for group 1 --> /home/liukushka/Desktop/Università/Magistrale/ProgettoAerodinamico/progettoAerodinamico/Pythonism/automatizzazioneVSP/analysisOutputCoordinate_X_secondary_wing/Coordinate_X_secondary_wing_-0.022222222222222227/geometry_Coordinate_X_secondary_wing_-0.022222222222222227_DegenGeom 

   Time        Cx         Cy         Cz        Cxo        Cyo        Czo        Cxi        Cyi        Czi        Cmx        Cmy        Cmz        Cmxo       Cmyo       Cmzo       Cmxi       Cmyi       Cmzi        CL         CD         CS        CLo        CDo        CSo        CLi        CDi        CSi 
   1.00000    0.09422    0.00810   -0.66435    0.03404   -0.00009    0.00233    0.06017    0.00819   -0.66668    0.17708    0.45569   -0.46985   -0.00007    0.03149    0.00047    0.17715    0.42420   -0.47033   -0.66435    0.09422    0.00810    0.00233    0.03404   -0.00009   -0.66668    0.06017    0.00819 
   2.00000    0.09344   -0.00002   -0.65862    0.03429   -0.00004    0.00244    0.05915    0.00002   -0.66106    0.19690    0.39745   -0.47790   -0.00002    0.03160    0.00011    0.19692    0.36585   -0.47801   -0.65862    0.09344   -0.00002    0.00244    0.03429   -0.00004   -0.66106    0.05915    0.00002 
   3.00000    0.10008    0.00140   -0.64341    0.03479   -0.00002    0.00263    0.06529    0.00142   -0.64604    0.20525    0.42682   -0.46041   -0.00001    0.03186    0.00003    0.20526    0.39496   -0.46045   -0.64341    0.10008    0.00140    0.00263    0.03479   -0.00002   -0.64604    0.06529    0.00142 
   4.00000    0.09788    0.00282   -0.68426    0.03499   -0.00004    0.00269    0.06288    0.00286   -0.68695    0.24721    1.25015   -0.41568    0.00000    0.03198    0.00004    0.24721    1.21817   -0.41572   -0.68426    0.09788    0.00282    0.00269    0.03499   -0.00004   -0.68695    0.06288    0.00286 
   5.00000    0.10535    0.00272   -0.69055    0.03508   -0.00004    0.00268    0.07027    0.00276   -0.69323    0.18090    0.54025   -0.47654   -0.00001    0.03208   -0.00001    0.18091    0.50817   -0.47653   -0.69055    0.10535    0.00272    0.00268    0.03508   -0.00004   -0.69323    0.07027    0.00276 
   6.00000    0.10004   -0.00106   -0.66134    0.03484   -0.00000    0.00269    0.06520   -0.00105   -0.66402    0.18431    0.48755   -0.47376    0.00001    0.03183   -0.00005    0.18430    0.45571   -0.47371   -0.66134    0.10004   -0.00106    0.00269    0.03484   -0.00000   -0.66402    0.06520   -0.00105 
   7.00000    0.09548   -0.00226   -0.68532    0.03482   -0.00002    0.00267    0.06066   -0.00224   -0.68799    0.18676    0.51720   -0.46559    0.00001    0.03182   -0.00004    0.18675    0.48538   -0.46554   -0.68532    0.09548   -0.00226    0.00267    0.03482   -0.00002   -0.68799    0.06066   -0.00224 
   8.00000    0.09771   -0.00250   -0.69315    0.03473    0.00003    0.00266    0.06298   -0.00253   -0.69581    0.19161    0.52414   -0.48467    0.00000    0.03174   -0.00003    0.19161    0.49239   -0.48464   -0.69315    0.09771   -0.00250    0.00266    0.03473    0.00003   -0.69581    0.06298   -0.00253 
   9.00000    0.09845   -0.00045   -0.69318    0.03473    0.00000    0.00266    0.06372   -0.00045   -0.69584    0.18747    0.52774   -0.47166    0.00001    0.03175   -0.00002    0.18746    0.49599   -0.47165   -0.69318    0.09845   -0.00045    0.00266    0.03473    0.00000   -0.69584    0.06372   -0.00045 
  10.00000    0.09542   -0.00025   -0.68998    0.03476   -0.00001    0.00254    0.06066   -0.00023   -0.69252    0.18906    0.53134   -0.47266    0.00001    0.03193   -0.00001    0.18905    0.49941   -0.47266   -0.68998    0.09542   -0.00025    0.00254    0.03476   -0.00001   -0.69252    0.06066   -0.00023 
  11.00000    0.09753    0.02729   -0.65468    0.03487    0.00002    0.00288    0.06266    0.02726   -0.65755    0.18229    0.49872   -0.44439    0.00009    0.03164   -0.00010    0.18221    0.46708   -0.44429   -0.65468    0.09753    0.02729    0.00288    0.03487    0.00002   -0.65755    0.06266    0.02726 
  12.00000    0.23713   -0.00335   -0.68680    0.03512    0.00012    0.00311    0.20201   -0.00346   -0.68991    0.19129    0.68198   -0.44052   -0.00009    0.03160    0.00009    0.19138    0.65038   -0.44061   -0.68680    0.23713   -0.00335    0.00311    0.03512    0.00012   -0.68991    0.20201   -0.00346 
  13.00000    0.15890    0.02873   -0.72464    0.03483   -0.00023    0.00285    0.12407    0.02897   -0.72749    0.19331    0.61963   -0.49833    0.00001    0.03162    0.00008    0.19330    0.58801   -0.49841   -0.72464    0.15890    0.02873    0.00285    0.03483   -0.00023   -0.72749    0.12407    0.02897 
  14.00000    0.09468   -0.03734   -0.71001    0.03512    0.00011    0.00288    0.05956   -0.03745   -0.71289    0.19209    0.60138   -0.49658   -0.00006    0.03188   -0.00005    0.19215    0.56950   -0.49653   -0.71001    0.09468   -0.03734    0.00288    0.03512    0.00011   -0.71289    0.05956   -0.03745 
  15.00000    0.09143    0.00485   -0.69324    0.03504   -0.00003    0.00299    0.05639    0.00488   -0.69623    0.18950    0.48960   -0.49013   -0.00002    0.03166    0.00003    0.18952    0.45794   -0.49015   -0.69324    0.09143    0.00485    0.00299    0.03504   -0.00003   -0.69623    0.05639    0.00488 
  16.00000    0.10284    0.00832   -0.70381    0.03533    0.00001    0.00305    0.06751    0.00831   -0.70686    0.20124    0.56722   -0.47066   -0.00003    0.03188    0.00005    0.20127    0.53534   -0.47072   -0.70381    0.10284    0.00832    0.00305    0.03533    0.00001   -0.70686    0.06751    0.00831 


Average over last full revolution: 

  16.00000    0.10284    0.00832   -0.70381    0.03533    0.00001    0.00305    0.06751    0.00831   -0.70686    0.20124    0.56722   -0.47066   -0.00003    0.03188    0.00005    0.20127    0.53534   -0.47072   -0.70381    0.10284    0.00832    0.00305    0.03533    0.00001   -0.70686    0.06751    0.00831 



Average loading for wing surface: 1 --> VSP Surface: 1 ... NOTE: values are per area! 

  Station     S       Chord     Area      V/Vref        Cx            Cy            Cz           Cxo           Cyo           Czo          Cxi            Cyi           Czi           Cl            Cd            Cs            Clo           Cdo           Cso           Cli           Cdi           Csi           Cmx           Cmy           Cmz          Cmxo          Cmyo          Cmzo          Cmxi          Cmyi          Cmzi 
        1   0.06064   0.32000   0.01489   1.10328  1.518327e-02 -1.940477e-04 -2.819194e-01  1.749128e-02 -2.213780e-04  7.186391e-04 -2.308006e-03  2.733032e-05 -2.826381e-01 -2.819194e-01  1.518327e-02  1.751861e-02  7.186391e-04  1.749128e-02 -2.213780e-04 -2.826381e-01 -2.308006e-03  2.733032e-05 -2.026012e-02  2.242899e-01 -1.293323e-03  2.620784e-04  1.586952e-02 -1.490213e-03 -2.052220e-02  2.084204e-01  1.968893e-04 
        2   0.15507   0.32000   0.01489   1.10365  1.348509e-02 -1.530947e-04 -2.813365e-01  1.749932e-02 -2.081653e-04  7.233899e-04 -4.014229e-03  5.507062e-05 -2.820599e-01 -2.813365e-01  1.348509e-02  1.755439e-02  7.233899e-04  1.749932e-02 -2.081653e-04 -2.820599e-01 -4.014229e-03  5.507062e-05 -6.105582e-02  2.200648e-01 -3.082410e-03  3.548479e-04  1.587239e-02 -4.016527e-03 -6.141067e-02  2.041924e-01  9.341170e-04 
        3   0.22267   0.32000   0.01489   1.10259  1.248897e-02 -2.820207e-04 -2.793142e-01  1.746376e-02 -2.745295e-04  7.270807e-04 -4.974787e-03 -7.491256e-06 -2.800413e-01 -2.793142e-01  1.248897e-02  1.745627e-02  7.270807e-04  1.746376e-02 -2.745295e-04 -2.800413e-01 -4.974787e-03 -7.491256e-06 -1.010503e-01  2.103303e-01 -4.807466e-03  5.240787e-04  1.583497e-02 -6.608917e-03 -1.015744e-01  1.944953e-01  1.801451e-03 
        4   0.29026   0.32000   0.01489   1.10423  9.997864e-03 -3.486002e-04 -2.791162e-01  1.750691e-02 -2.788393e-04  7.299534e-04 -7.509048e-03 -6.976092e-05 -2.798461e-01 -2.791162e-01  9.997864e-03  1.743715e-02  7.299534e-04  1.750691e-02 -2.788393e-04 -2.798461e-01 -7.509048e-03 -6.976092e-05 -1.414012e-01  2.036363e-01 -5.413853e-03  6.351154e-04  1.587303e-02 -9.168921e-03 -1.420363e-01  1.877633e-01  3.755068e-03 
        5   0.35786   0.32000   0.01489   1.10181  1.023112e-02 -2.650484e-04 -2.808224e-01  1.744770e-02 -2.102803e-04  7.296106e-04 -7.216584e-03 -5.476814e-05 -2.815520e-01 -2.808224e-01  1.023112e-02  1.739293e-02  7.296106e-04  1.744770e-02 -2.102803e-04 -2.815520e-01 -7.216584e-03 -5.476814e-05 -1.831333e-01  2.001410e-01 -6.944296e-03  6.757805e-04  1.581722e-02 -1.160176e-02 -1.838091e-01  1.843237e-01  4.657465e-03 
        6   0.42545   0.32000   0.01489   1.10353  9.397187e-03 -2.574400e-04 -2.744958e-01  1.747565e-02 -2.228648e-04  7.318022e-04 -8.078462e-03 -3.457522e-05 -2.752276e-01 -2.744958e-01  9.397187e-03  1.744107e-02  7.318022e-04  1.747565e-02 -2.228648e-04 -2.752276e-01 -8.078462e-03 -3.457522e-05 -2.188150e-01  1.908931e-01 -7.777853e-03  7.953218e-04  1.584153e-02 -1.416810e-02 -2.196103e-01  1.750515e-01  6.390243e-03 
        7   0.49304   0.32000   0.01489   1.10422  8.757768e-03 -1.456168e-04 -2.602087e-01  1.745576e-02 -1.513873e-04  7.334240e-04 -8.697995e-03  5.770561e-06 -2.609421e-01 -2.602087e-01  8.757768e-03  1.746153e-02  7.334240e-04  1.745576e-02 -1.513873e-04 -2.609421e-01 -8.697995e-03  5.770561e-06 -2.452557e-01  1.756249e-01 -8.424539e-03  8.352407e-04  1.582105e-02 -1.661339e-02 -2.460909e-01  1.598039e-01  8.188848e-03 
        8   0.56064   0.32000   0.01489   1.10494  8.418361e-03 -4.617240e-05 -2.381591e-01  1.741884e-02 -1.552092e-04  7.323562e-04 -9.000479e-03  1.090368e-04 -2.388915e-01 -2.381591e-01  8.418361e-03  1.752788e-02  7.323562e-04  1.741884e-02 -1.552092e-04 -2.388915e-01 -9.000479e-03  1.090368e-04 -2.591003e-01  1.530465e-01 -9.206623e-03  9.441142e-04  1.578710e-02 -1.910965e-02 -2.600444e-01  1.372594e-01  9.903029e-03 
        9   0.62823   0.32000   0.01489   1.10663  6.697019e-03  2.324616e-04 -2.037972e-01  1.738803e-02 -3.466107e-05  7.323123e-04 -1.069101e-02  2.671227e-04 -2.045295e-01 -2.037972e-01  6.697019e-03  1.765515e-02  7.323123e-04  1.738803e-02 -3.466107e-05 -2.045295e-01 -1.069101e-02  2.671227e-04 -2.515203e-01  1.175611e-01 -7.986317e-03  9.359935e-04  1.575793e-02 -2.147840e-02 -2.524563e-01  1.018032e-01  1.349208e-02 
       10   0.69583   0.32000   0.01489   1.10896  5.610208e-03  1.154617e-03 -1.566254e-01  1.736545e-02 -3.245867e-05  7.328801e-04 -1.175524e-02  1.187076e-03 -1.573583e-01 -1.566254e-01  5.610208e-03  1.855252e-02  7.328801e-04  1.736545e-02 -3.245867e-05 -1.573583e-01 -1.175524e-02  1.187076e-03 -2.169188e-01  6.908336e-02 -6.255077e-03  1.040937e-03  1.573594e-02 -2.396787e-02 -2.179597e-01  5.334741e-02  1.771279e-02 
       11   0.76342   0.32000   0.01489   1.11209  3.733818e-03  3.698868e-03 -8.481874e-02  1.736405e-02  1.904633e-05  7.361434e-04 -1.363023e-02  3.679822e-03 -8.555488e-02 -8.481874e-02  3.733818e-03  2.104387e-02  7.361434e-04  1.736405e-02  1.904633e-05 -8.555488e-02 -1.363023e-02  3.679822e-03 -1.326498e-01 -5.609112e-03 -9.109644e-04  1.103395e-03  1.573136e-02 -2.643376e-02 -1.337532e-01 -2.134047e-02  2.552280e-02 
       12   0.83101   0.32000   0.01489   1.12384 -1.070799e-02 -6.296072e-02  8.114461e-02  1.768239e-02 -4.708205e-04  7.648317e-04 -2.839038e-02 -6.248990e-02  8.037978e-02  8.114461e-02 -1.070799e-02 -4.480750e-02  7.648317e-04  1.768239e-02 -4.708205e-04  8.037978e-02 -2.839038e-02 -6.248990e-02  1.987909e-01 -2.176353e-01 -6.615813e-02  1.722637e-03  1.600458e-02 -2.997398e-02  1.970683e-01 -2.336398e-01 -3.618415e-02 
       13   0.89861   0.32000   0.01489   1.07252  6.852597e-03 -6.407350e-02 -1.251341e-01  1.632472e-02 -3.022749e-04  6.464427e-04 -9.472122e-03 -6.377123e-02 -1.257805e-01 -1.251341e-01  6.852597e-03 -4.744651e-02  6.464427e-04  1.632472e-02 -3.022749e-04 -1.257805e-01 -9.472122e-03 -6.377123e-02 -1.698661e-01  4.580631e-02 -9.899084e-02  1.459053e-03  1.483538e-02 -2.990870e-02 -1.713251e-01  3.097094e-02 -6.908213e-02 
       14   0.96620   0.32000   0.01489   1.08716  1.242342e-02  1.436863e-03 -1.320641e-01  1.673034e-02  4.725168e-05  7.431854e-04 -4.306929e-03  1.389611e-03 -1.328073e-01 -1.320641e-01  1.242342e-02  1.811996e-02  7.431854e-04  1.673034e-02  4.725168e-05 -1.328073e-01 -4.306929e-03  1.389611e-03 -2.599710e-01  8.393978e-02 -2.279393e-02  1.410856e-03  1.512334e-02 -3.272227e-02 -2.613819e-01  6.881644e-02  9.928346e-03 



Average loading for wing surface: 2 --> VSP Surface: 2 ... NOTE: values are per area! 

  Station     S       Chord     Area      V/Vref        Cx            Cy            Cz           Cxo           Cyo           Czo          Cxi            Cyi           Czi           Cl            Cd            Cs            Clo           Cdo           Cso           Cli           Cdi           Csi           Cmx           Cmy           Cmz          Cmxo          Cmyo          Cmzo          Cmxi          Cmyi          Cmzi 
        1   0.06064   0.32000   0.01489   1.10347  1.520616e-02  1.879974e-04 -2.814767e-01  1.749485e-02  2.181732e-04  7.243933e-04 -2.288695e-03 -3.017573e-05 -2.822011e-01 -2.814767e-01  1.520616e-02  1.746468e-02  7.243933e-04  1.749485e-02  2.181732e-04 -2.822011e-01 -2.288695e-03 -3.017573e-05  2.023319e-02  2.235152e-01  1.289332e-03 -2.594565e-04  1.586715e-02  1.487268e-03  2.049265e-02  2.076480e-01 -1.979352e-04 
        2   0.15507   0.32000   0.01489   1.10398  1.340310e-02  1.423953e-04 -2.806045e-01  1.750614e-02  2.057824e-04  7.262971e-04 -4.103041e-03 -6.338712e-05 -2.813308e-01 -2.806045e-01  1.340310e-02  1.744275e-02  7.262971e-04  1.750614e-02  2.057824e-04 -2.813308e-01 -4.103041e-03 -6.338712e-05  6.090568e-02  2.186965e-01  3.054328e-03 -3.532207e-04  1.587595e-02  4.015628e-03  6.125890e-02  2.028205e-01 -9.613000e-04 
        3   0.22267   0.32000   0.01489   1.10311  1.238481e-02  2.707216e-04 -2.786201e-01  1.747579e-02  2.717599e-04  7.294810e-04 -5.090980e-03 -1.038217e-06 -2.793495e-01 -2.786201e-01  1.238481e-02  1.747476e-02  7.294810e-04  1.747579e-02  2.717599e-04 -2.793495e-01 -5.090980e-03 -1.038217e-06  1.008091e-01  2.088542e-01  4.758349e-03 -5.223227e-04  1.584399e-02  6.610513e-03  1.013314e-01  1.930102e-01 -1.852165e-03 
        4   0.29026   0.32000   0.01489   1.10485  9.868267e-03  3.317163e-04 -2.784489e-01  1.752180e-02  2.758737e-04  7.338222e-04 -7.653535e-03  5.584266e-05 -2.791827e-01 -2.784489e-01  9.868267e-03  1.757764e-02  7.338222e-04  1.752180e-02  2.758737e-04 -2.791827e-01 -7.653535e-03  5.584266e-05  1.410778e-01  2.020157e-01  5.329518e-03 -6.342675e-04  1.588328e-02  9.173517e-03  1.417121e-01  1.861325e-01 -3.843999e-03 
        5   0.35786   0.32000   0.01489   1.10246  1.008413e-02  2.514142e-04 -2.802754e-01  1.746333e-02  2.066055e-04  7.357008e-04 -7.379197e-03  4.480878e-05 -2.810111e-01 -2.802754e-01  1.008413e-02  1.750814e-02  7.357008e-04  1.746333e-02  2.066055e-04 -2.810111e-01 -7.379197e-03  4.480878e-05  1.827896e-01  1.984253e-01  6.834250e-03 -6.762717e-04  1.582595e-02  1.160829e-02  1.834658e-01  1.825994e-01 -4.774041e-03 
        6   0.42545   0.32000   0.01489   1.10429  9.184112e-03  2.758537e-04 -2.737292e-01  1.749391e-02  2.183451e-04  7.395138e-04 -8.309793e-03  5.750857e-05 -2.744687e-01 -2.737292e-01  9.184112e-03  1.755141e-02  7.395138e-04  1.749391e-02  2.183451e-04 -2.744687e-01 -8.309793e-03  5.750857e-05  2.181859e-01  1.886377e-01  7.632783e-03 -7.971892e-04  1.585114e-02  1.417815e-02  2.189830e-01  1.727865e-01 -6.545363e-03 
        7   0.49304   0.32000   0.01489   1.10504  8.432933e-03  2.062631e-04 -2.588806e-01  1.747414e-02  1.434319e-04  7.419000e-04 -9.041205e-03  6.283115e-05 -2.596225e-01 -2.588806e-01  8.432933e-03  1.753697e-02  7.419000e-04  1.747414e-02  1.434319e-04 -2.596225e-01 -9.041205e-03  6.283115e-05  2.439458e-01  1.723254e-01  8.196005e-03 -8.356896e-04  1.583000e-02  1.662276e-02  2.447815e-01  1.564954e-01 -8.426758e-03 
        8   0.56064   0.32000   0.01489   1.10598  7.946265e-03  1.834055e-04 -2.361031e-01  1.744180e-02  1.454768e-04  7.449836e-04 -9.495533e-03  3.792866e-05 -2.368481e-01 -2.361031e-01  7.946265e-03  1.747973e-02  7.449836e-04  1.744180e-02  1.454768e-04 -2.368481e-01 -9.495533e-03  3.792866e-05  2.567317e-01  1.485318e-01  8.870893e-03 -9.486252e-04  1.579625e-02  1.912490e-02  2.576803e-01  1.327356e-01 -1.025401e-02 
        9   0.62823   0.32000   0.01489   1.10843  6.145370e-03  3.384510e-05 -2.010268e-01  1.743073e-02  2.295462e-05  7.542456e-04 -1.128536e-02  1.089049e-05 -2.017811e-01 -2.010268e-01  6.145370e-03  1.744162e-02  7.542456e-04  1.743073e-02  2.295462e-05 -2.017811e-01 -1.128536e-02  1.089049e-05  2.478469e-01  1.121659e-01  7.660978e-03 -9.519408e-04  1.577649e-02  2.151935e-02  2.487989e-01  9.638940e-02 -1.385837e-02 
       10   0.69583   0.32000   0.01489   1.11127  4.878541e-03 -6.999138e-04 -1.517473e-01  1.742037e-02  1.552029e-05  7.630615e-04 -1.254183e-02 -7.154341e-04 -1.525103e-01 -1.517473e-01  4.878541e-03  1.670493e-02  7.630615e-04  1.742037e-02  1.552029e-05 -1.525103e-01 -1.254183e-02 -7.154341e-04  2.097538e-01  6.090840e-02  5.861766e-03 -1.066474e-03  1.575785e-02  2.402663e-02  2.108203e-01  4.515054e-02 -1.816486e-02 
       11   0.76342   0.32000   0.01489   1.11599  2.606573e-03 -3.106720e-03 -7.444521e-02  1.746246e-02 -3.916028e-05  7.787550e-04 -1.485589e-02 -3.067559e-03 -7.522396e-02 -7.444521e-02  2.606573e-03  1.439490e-02  7.787550e-04  1.746246e-02 -3.916028e-05 -7.522396e-02 -1.485589e-02 -3.067559e-03  1.162880e-01 -2.123625e-02 -2.648504e-05 -1.149236e-03  1.578208e-02  2.656357e-02  1.174373e-01 -3.701833e-02 -2.659006e-02 
       12   0.83101   0.32000   0.01489   1.13237 -1.337722e-02  6.229350e-02  1.015365e-01  1.794047e-02  4.588774e-04  7.858491e-04 -3.131769e-02  6.183462e-02  1.007506e-01  1.015365e-01 -1.337722e-02  7.977509e-02  7.858491e-04  1.794047e-02  4.588774e-04  1.007506e-01 -3.131769e-02  6.183462e-02 -2.316451e-01 -2.481055e-01  6.102619e-02 -1.746378e-03  1.622831e-02  3.039265e-02 -2.298987e-01 -2.643338e-01  3.063355e-02 
       13   0.89861   0.32000   0.01489   1.07533  8.285535e-03  6.338739e-02 -1.269116e-01  1.640126e-02  3.144710e-04  6.909914e-04 -8.115725e-03  6.307292e-02 -1.276026e-01 -1.269116e-01  8.285535e-03  7.947417e-02  6.909914e-04  1.640126e-02  3.144710e-04 -1.276026e-01 -8.115725e-03  6.307292e-02  1.731947e-01  5.031586e-02  1.006401e-01 -1.551413e-03  1.486343e-02  3.005971e-02  1.747461e-01  3.545243e-02  7.058041e-02 
       14   0.96620   0.32000   0.01489   1.09111  1.244268e-02 -1.164160e-03 -1.301956e-01  1.683326e-02 -4.975485e-05  7.930475e-04 -4.390582e-03 -1.114406e-03 -1.309886e-01 -1.301956e-01  1.244268e-02  1.571886e-02  7.930475e-04  1.683326e-02 -4.975485e-05 -1.309886e-01 -4.390582e-03 -1.114406e-03  2.560469e-01  8.091996e-02  2.320712e-02 -1.506147e-03  1.517109e-02  3.292136e-02  2.575530e-01  6.574887e-02 -9.714237e-03 



Average loading for wing surface: 3 --> VSP Surface: 3 ... NOTE: values are per area! 

  Station     S       Chord     Area      V/Vref        Cx            Cy            Cz           Cxo           Cyo           Czo          Cxi            Cyi           Czi           Cl            Cd            Cs            Clo           Cdo           Cso           Cli           Cdi           Csi           Cmx           Cmy           Cmz          Cmxo          Cmyo          Cmzo          Cmxi          Cmyi          Cmzi 
        1   0.03103   0.13000   0.00606   0.99504  1.451972e-01 -4.475610e-04 -1.030508e+00  2.364222e-02 -4.950175e-04  4.953981e-03  1.215550e-01  4.745649e-05 -1.035462e+00 -1.030508e+00  1.451972e-01  2.368967e-02  4.953981e-03  2.364222e-02 -4.950175e-04 -1.035462e+00  1.215550e-01  4.745649e-05 -1.828442e-01  3.687779e+00 -2.743762e-02  2.165136e-03  4.432295e-02 -5.903937e-03 -1.850093e-01  3.643457e+00 -2.153368e-02 
        2   0.09814   0.13000   0.00606   0.99592  1.405263e-01 -4.444359e-04 -1.038925e+00  2.374897e-02 -5.411855e-04  4.978783e-03  1.167773e-01  9.674960e-05 -1.043904e+00 -1.038925e+00  1.405263e-01  2.384572e-02  4.978783e-03  2.374897e-02 -5.411855e-04 -1.043904e+00  1.167773e-01  9.674960e-05 -5.553330e-01  3.702371e+00 -7.676639e-02  4.067128e-03  4.451481e-02 -1.456166e-02 -5.594001e-01  3.657856e+00 -6.220473e-02 
        3   0.17029   0.13000   0.00606   1.00270  1.362521e-01 -8.585252e-04 -1.056736e+00  2.406732e-02 -8.453595e-04  5.045402e-03  1.121848e-01 -1.316570e-05 -1.061782e+00 -1.056736e+00  1.362521e-01  2.405415e-02  5.045402e-03  2.406732e-02 -8.453595e-04 -1.061782e+00  1.121848e-01 -1.316570e-05 -9.411970e-01  3.743704e+00 -1.245550e-01  6.691575e-03  4.511193e-02 -2.436128e-02 -9.478886e-01  3.698592e+00 -1.001937e-01 
        4   0.24244   0.13000   0.00606   1.00378  1.323559e-01 -7.904121e-04 -1.092088e+00  2.452876e-02 -8.427879e-04  5.137962e-03  1.078271e-01  5.237582e-05 -1.097226e+00 -1.092088e+00  1.323559e-01  2.458113e-02  5.137962e-03  2.452876e-02 -8.427879e-04 -1.097226e+00  1.078271e-01  5.237582e-05 -1.362987e+00  3.847680e+00 -1.681013e-01  8.602552e-03  4.599105e-02 -3.352482e-02 -1.371590e+00  3.801689e+00 -1.345765e-01 
        5   0.31459   0.13000   0.00606   1.00560  1.477676e-01 -2.681979e-04 -1.134601e+00  2.517476e-02 -5.380802e-04  5.258520e-03  1.225928e-01  2.698823e-04 -1.139859e+00 -1.134601e+00  1.477676e-01  2.544464e-02  5.258520e-03  2.517476e-02 -5.380802e-04 -1.139859e+00  1.225928e-01  2.698823e-04 -1.822976e+00  4.018611e+00 -2.383904e-01  9.843084e-03  4.725243e-02 -4.228787e-02 -1.832819e+00  3.971359e+00 -1.961025e-01 
        6   0.38673   0.13000   0.00606   1.00810  1.436177e-01 -9.076604e-05 -1.162207e+00  2.558089e-02 -3.141590e-04  5.332139e-03  1.180368e-01  2.233930e-04 -1.167539e+00 -1.162207e+00  1.436177e-01  2.580428e-02  5.332139e-03  2.558089e-02 -3.141590e-04 -1.167539e+00  1.180368e-01  2.233930e-04 -2.282750e+00  4.096434e+00 -2.823999e-01  1.128650e-02  4.805283e-02 -5.131571e-02 -2.294036e+00  4.048381e+00 -2.310842e-01 
        7   0.45888   0.13000   0.00606   1.01175  1.420880e-01  3.776501e-04 -1.184276e+00  2.593544e-02  2.644007e-04  5.394499e-03  1.161526e-01  1.132494e-04 -1.189670e+00 -1.184276e+00  1.420880e-01  2.604869e-02  5.394499e-03  2.593544e-02  2.644007e-04 -1.189670e+00  1.161526e-01  1.132494e-04 -2.750237e+00  4.163243e+00 -3.285534e-01  1.183900e-02  4.875808e-02 -5.930882e-02 -2.762076e+00  4.114485e+00 -2.692446e-01 
        8   0.53103   0.13000   0.00606   1.01454  1.439222e-01  6.337443e-04 -1.201813e+00  2.622375e-02  5.445051e-04  5.433592e-03  1.176984e-01  8.923918e-05 -1.207246e+00 -1.201813e+00  1.439222e-01  2.631299e-02  5.433592e-03  2.622375e-02  5.445051e-04 -1.207246e+00  1.176984e-01  8.923918e-05 -3.220818e+00  4.223218e+00 -3.833469e-01  1.314575e-02  4.937103e-02 -6.839191e-02 -3.233964e+00  4.173847e+00 -3.149550e-01 
        9   0.60318   0.13000   0.00606   1.02228  1.439723e-01  1.741876e-03 -1.216100e+00  2.649391e-02  1.659209e-03  5.446308e-03  1.174784e-01  8.266690e-05 -1.221546e+00 -1.216100e+00  1.439723e-01  2.657658e-02  5.446308e-03  2.649391e-02  1.659209e-03 -1.221546e+00  1.174784e-01  8.266690e-05 -3.696287e+00  4.264760e+00 -4.311419e-01  1.224144e-02  5.002666e-02 -7.478981e-02 -3.708529e+00  4.214733e+00 -3.563521e-01 
       10   0.67533   0.13000   0.00606   1.03028  1.484049e-01  2.318506e-03 -1.241603e+00  2.694479e-02  2.254547e-03  5.479809e-03  1.214601e-01  6.395909e-05 -1.247083e+00 -1.241603e+00  1.484049e-01  2.700875e-02  5.479809e-03  2.694479e-02  2.254547e-03 -1.247083e+00  1.214601e-01  6.395909e-05 -4.218430e+00  4.356277e+00 -4.956131e-01  1.276021e-02  5.107914e-02 -8.375868e-02 -4.231190e+00  4.305198e+00 -4.118545e-01 
       11   0.74748   0.13000   0.00606   1.05011  1.395290e-01  4.105553e-03 -1.279735e+00  2.756753e-02  3.912894e-03  5.527536e-03  1.119615e-01  1.926587e-04 -1.285262e+00 -1.279735e+00  1.395290e-01  2.776019e-02  5.527536e-03  2.756753e-02  3.912894e-03 -1.285262e+00  1.119615e-01  1.926587e-04 -4.810699e+00  4.463328e+00 -5.094745e-01  1.060650e-02  5.252784e-02 -9.008187e-02 -4.821306e+00  4.410800e+00 -4.193926e-01 
       12   0.81963   0.13000   0.00606   1.08340  1.755448e-01  7.619828e-03 -1.388569e+00  2.945301e-02  5.748178e-03  5.607944e-03  1.460918e-01  1.871650e-03 -1.394177e+00 -1.388569e+00  1.755448e-01  3.132466e-02  5.607944e-03  2.945301e-02  5.748178e-03 -1.394177e+00  1.460918e-01  1.871650e-03 -5.726443e+00  4.912670e+00 -6.952555e-01  8.163406e-03  5.713192e-02 -1.014349e-01 -5.734607e+00  4.855538e+00 -5.938206e-01 
       13   0.89178   0.13000   0.00606   0.98303  1.258580e-01  6.660386e-03 -1.276279e+00  2.647680e-02  4.567168e-03  5.859591e-03  9.938123e-02  2.093219e-03 -1.282139e+00 -1.276279e+00  1.258580e-01  2.857002e-02  5.859591e-03  2.647680e-02  4.567168e-03 -1.282139e+00  9.938123e-02  2.093219e-03 -5.707793e+00  4.418084e+00 -5.371634e-01  1.434467e-02  4.857803e-02 -1.026804e-01 -5.722138e+00  4.369506e+00 -4.344830e-01 
       14   0.96393   0.13000   0.00606   1.00231  1.378470e-01  4.327978e-03 -1.262063e+00  2.663391e-02  3.939378e-03  5.644282e-03  1.112131e-01  3.886007e-04 -1.267708e+00 -1.262063e+00  1.378470e-01  2.702251e-02  5.644282e-03  2.663391e-02  3.939378e-03 -1.267708e+00  1.112131e-01  3.886007e-04 -6.098523e+00  4.415338e+00 -6.505850e-01  1.702323e-02  4.971608e-02 -1.150272e-01 -6.115546e+00  4.365622e+00 -5.355578e-01 



Average loading for wing surface: 4 --> VSP Surface: 4 ... NOTE: values are per area! 

  Station     S       Chord     Area      V/Vref        Cx            Cy            Cz           Cxo           Cyo           Czo          Cxi            Cyi           Czi           Cl            Cd            Cs            Clo           Cdo           Cso           Cli           Cdi           Csi           Cmx           Cmy           Cmz          Cmxo          Cmyo          Cmzo          Cmxi          Cmyi          Cmzi 
        1   0.03103   0.13000   0.00606   0.99522  1.459784e-01  4.290558e-04 -1.032632e+00  2.367025e-02  4.984339e-04  4.979469e-03  1.223082e-01 -6.937806e-05 -1.037612e+00 -1.032632e+00  1.459784e-01  2.360087e-02  4.979469e-03  2.367025e-02  4.984339e-04 -1.037612e+00  1.223082e-01 -6.937806e-05  1.832649e-01  3.696066e+00  2.750935e-02 -2.178525e-03  4.430886e-02  5.920552e-03  1.854434e-01  3.651757e+00  2.158880e-02 
        2   0.09814   0.13000   0.00606   0.99624  1.413269e-01  4.065087e-04 -1.043654e+00  2.381302e-02  5.431662e-04  5.008308e-03  1.175138e-01 -1.366576e-04 -1.048662e+00 -1.043654e+00  1.413269e-01  2.367636e-02  5.008308e-03  2.381302e-02  5.431662e-04 -1.048662e+00  1.175138e-01 -1.366576e-04  5.579623e-01  3.719095e+00  7.706054e-02 -4.088069e-03  4.458015e-02  1.460270e-02  5.620504e-01  3.674514e+00  6.245783e-02 
        3   0.17029   0.13000   0.00606   1.00309  1.372441e-01  8.006959e-04 -1.063330e+00  2.415731e-02  8.493812e-04  5.077755e-03  1.130867e-01 -4.868537e-05 -1.068408e+00 -1.063330e+00  1.372441e-01  2.410863e-02  5.077755e-03  2.415731e-02  8.493812e-04 -1.068408e+00  1.130867e-01 -4.868537e-05  9.472404e-01  3.767045e+00  1.252322e-01 -6.730864e-03  4.523479e-02  2.445530e-02  9.539713e-01  3.721810e+00  1.007769e-01 
        4   0.24244   0.13000   0.00606   1.00446  1.335363e-01  6.784900e-04 -1.100338e+00  2.464706e-02  8.496151e-04  5.180633e-03  1.088892e-01 -1.711251e-04 -1.105519e+00 -1.100338e+00  1.335363e-01  2.447594e-02  5.180633e-03  2.464706e-02  8.496151e-04 -1.105519e+00  1.088892e-01 -1.711251e-04  1.373580e+00  3.876817e+00  1.691699e-01 -8.673551e-03  4.615207e-02  3.369589e-02  1.382254e+00  3.830665e+00  1.354740e-01 
        5   0.31459   0.13000   0.00606   1.00584  1.497232e-01  1.361578e-04 -1.144717e+00  2.531498e-02  5.471366e-04  5.319734e-03  1.244082e-01 -4.109788e-04 -1.150037e+00 -1.144717e+00  1.497232e-01  2.490400e-02  5.319734e-03  2.531498e-02  5.471366e-04 -1.150037e+00  1.244082e-01 -4.109788e-04  1.839584e+00  4.055416e+00  2.410654e-01 -9.964890e-03  4.740714e-02  4.254400e-02  1.849549e+00  4.008009e+00  1.985214e-01 
        6   0.38673   0.13000   0.00606   1.00845  1.460534e-01 -2.993442e-05 -1.174800e+00  2.575907e-02  3.173403e-04  5.410542e-03  1.202944e-01 -3.472748e-04 -1.180211e+00 -1.174800e+00  1.460534e-01  2.541179e-02  5.410542e-03  2.575907e-02  3.173403e-04 -1.180211e+00  1.202944e-01 -3.472748e-04  2.307809e+00  4.142172e+00  2.867612e-01 -1.144874e-02  4.824732e-02  5.167652e-02  2.319258e+00  4.093925e+00  2.350846e-01 
        7   0.45888   0.13000   0.00606   1.01174  1.450947e-01 -5.075093e-04 -1.200027e+00  2.615608e-02 -2.746296e-04  5.484982e-03  1.189386e-01 -2.328798e-04 -1.205512e+00 -1.200027e+00  1.450947e-01  2.592320e-02  5.484982e-03  2.615608e-02 -2.746296e-04 -1.205512e+00  1.189386e-01 -2.328798e-04  2.787154e+00  4.220300e+00  3.350820e-01 -1.202259e-02  4.902135e-02  5.978626e-02  2.799176e+00  4.171279e+00  2.752957e-01 
        8   0.53103   0.13000   0.00606   1.01471  1.477301e-01 -8.184889e-04 -1.221398e+00  2.650353e-02 -5.640499e-04  5.547834e-03  1.212266e-01 -2.544390e-04 -1.226946e+00 -1.221398e+00  1.477301e-01  2.624909e-02  5.547834e-03  2.650353e-02 -5.640499e-04 -1.226946e+00  1.212266e-01 -2.544390e-04  3.273793e+00  4.294193e+00  3.929074e-01 -1.340120e-02  4.970655e-02  6.907491e-02  3.287194e+00  4.244487e+00  3.238325e-01 
        9   0.60318   0.13000   0.00606   1.02276  1.487426e-01 -2.030383e-03 -1.240773e+00  2.684661e-02 -1.711131e-03  5.593344e-03  1.218960e-01 -3.192521e-04 -1.246366e+00 -1.240773e+00  1.487426e-01  2.652736e-02  5.593344e-03  2.684661e-02 -1.711131e-03 -1.246366e+00  1.218960e-01 -3.192521e-04  3.771996e+00  4.353237e+00  4.446266e-01 -1.255349e-02  5.043936e-02  7.568406e-02  3.784549e+00  4.302798e+00  3.689426e-01 
       10   0.67533   0.13000   0.00606   1.03165  1.548181e-01 -2.643168e-03 -1.275577e+00  2.744003e-02 -2.375527e-03  5.677056e-03  1.273780e-01 -2.676407e-04 -1.281254e+00 -1.275577e+00  1.548181e-01  2.717239e-02  5.677056e-03  2.744003e-02 -2.375527e-03 -1.281254e+00  1.273780e-01 -2.676407e-04  4.334689e+00  4.477932e+00  5.162644e-01 -1.311650e-02  5.168996e-02  8.502787e-02  4.347805e+00  4.426242e+00  4.312365e-01 
       11   0.74748   0.13000   0.00606   1.05715  1.493355e-01 -4.639131e-03 -1.336328e+00  2.843691e-02 -4.227954e-03  5.821794e-03  1.208985e-01 -4.111765e-04 -1.342150e+00 -1.336328e+00  1.493355e-01  2.802574e-02  5.821794e-03  2.843691e-02 -4.227954e-03 -1.342150e+00  1.208985e-01 -4.111765e-04  5.024792e+00  4.670420e+00  5.445513e-01 -1.089498e-02  5.377682e-02  9.227147e-02  5.035687e+00  4.616644e+00  4.522798e-01 
       12   0.81963   0.13000   0.00606   1.09207  1.979709e-01 -7.884275e-03 -1.478991e+00  3.090986e-02 -5.844114e-03  6.194467e-03  1.670610e-01 -2.040161e-03 -1.485185e+00 -1.478991e+00  1.979709e-01  2.886970e-02  6.194467e-03  3.090986e-02 -5.844114e-03 -1.485185e+00  1.670610e-01 -2.040161e-03  6.096624e+00  5.271190e+00  7.858102e-01 -1.032417e-02  5.890741e-02  1.070924e-01  6.106948e+00  5.212283e+00  6.787178e-01 
       13   0.89178   0.13000   0.00606   0.98677  1.269555e-01 -6.358978e-03 -1.314453e+00  2.714826e-02 -4.508772e-03  5.957126e-03  9.980725e-02 -1.850206e-03 -1.320410e+00 -1.314453e+00  1.269555e-01  2.529806e-02  5.957126e-03  2.714826e-02 -4.508772e-03 -1.320410e+00  9.980725e-02 -1.850206e-03  5.878606e+00  4.544400e+00  5.433081e-01 -1.493115e-02  4.998352e-02  1.058764e-01  5.893537e+00  4.494416e+00  4.374317e-01 
       14   0.96393   0.13000   0.00606   1.00974  1.451322e-01 -4.226830e-03 -1.304052e+00  2.736210e-02 -4.101571e-03  5.779578e-03  1.177701e-01 -1.252588e-04 -1.309831e+00 -1.304052e+00  1.451322e-01  2.723684e-02  5.779578e-03  2.736210e-02 -4.101571e-03 -1.309831e+00  1.177701e-01 -1.252588e-04  6.300731e+00  4.571261e+00  6.860927e-01 -1.725600e-02  5.113999e-02  1.179869e-01  6.317987e+00  4.520122e+00  5.681057e-01 



Average loading for wing surface: 5 --> VSP Surface: 5 ... NOTE: values are per area! 

  Station     S       Chord     Area      V/Vref        Cx            Cy            Cz           Cxo           Cyo           Czo          Cxi            Cyi           Czi           Cl            Cd            Cs            Clo           Cdo           Cso           Cli           Cdi           Csi           Cmx           Cmy           Cmz          Cmxo          Cmyo          Cmzo          Cmxi          Cmyi          Cmzi 
        1   0.24304   0.45000   0.01350   1.03522  1.381453e-02 -9.723692e-02  4.030431e-02  1.425994e-02  6.270444e-05 -1.667290e-04 -4.454119e-04 -9.729962e-02  4.047104e-02  4.030431e-02  1.381453e-02 -8.303968e-02 -1.667290e-04  1.425994e-02  6.270444e-05  4.047104e-02 -4.454119e-04 -9.729962e-02  1.168166e-01 -2.163800e-02 -8.589663e-02 -2.784534e-04  8.698611e-03 -2.054405e-02  1.170951e-01 -3.033661e-02 -6.535258e-02 
        2   0.55031   0.45000   0.01350   1.06014  5.391432e-02 -8.818623e-02  6.443450e-02  1.470329e-02 -2.870660e-04  2.187182e-03  3.921103e-02 -8.789917e-02  6.224732e-02  6.443450e-02  5.391432e-02 -7.319588e-02  2.187182e-03  1.470329e-02 -2.870660e-04  6.224732e-02  3.921103e-02 -8.789917e-02  1.517069e-01 -2.061721e-02 -1.218694e-01  3.350641e-03  7.930937e-03 -2.148369e-02  1.483563e-01 -2.854815e-02 -1.003858e-01 
        3   0.67879   0.45000   0.01350   0.99548  2.506094e-01 -1.605117e-01 -1.432648e-01  1.340321e-02 -1.323168e-04 -1.844390e-04  2.372062e-01 -1.603794e-01 -1.430804e-01 -1.432648e-01  2.506094e-01 -1.469762e-01 -1.844390e-04  1.340321e-02 -1.323168e-04 -1.430804e-01  2.372062e-01 -1.603794e-01 -8.295571e-02  3.447768e-01 -5.065242e-01 -1.693795e-04  9.986816e-03 -1.947339e-02 -8.278633e-02  3.347900e-01 -4.870508e-01 
        4   0.80728   0.45000   0.01350   0.89898 -5.055497e-03 -9.011185e-02 -1.644880e-01  1.108762e-02 -3.446826e-04 -1.509726e-04 -1.614312e-02 -8.976717e-02 -1.643370e-01 -1.644880e-01 -5.055497e-03 -7.867955e-02 -1.509726e-04  1.108762e-02 -3.446826e-04 -1.643370e-01 -1.614312e-02 -8.976717e-02 -1.719651e-01  1.812475e-01 -1.437170e-01  5.767455e-05  8.999263e-03 -1.631035e-02 -1.720228e-01  1.722482e-01 -1.274066e-01 
        5   0.93576   0.45000   0.01350   0.92169  1.167052e-02  9.201560e-02  4.373190e-04  1.159787e-02 -1.167930e-05 -8.227554e-05  7.265046e-05  9.202728e-02  5.195945e-04  4.373190e-04  1.167052e-02  1.036252e-01 -8.227554e-05  1.159787e-02 -1.167930e-05  5.195945e-04  7.265046e-05  9.202728e-02 -7.902925e-02  9.889376e-03  4.881236e-02 -1.087204e-04  1.012188e-02 -1.676248e-02 -7.892054e-02 -2.325055e-04  6.557484e-02 



Average loading for wing surface: 6 --> VSP Surface: 6 ... NOTE: values are per area! 

  Station     S       Chord     Area      V/Vref        Cx            Cy            Cz           Cxo           Cyo           Czo          Cxi            Cyi           Czi           Cl            Cd            Cs            Clo           Cdo           Cso           Cli           Cdi           Csi           Cmx           Cmy           Cmz          Cmxo          Cmyo          Cmzo          Cmxi          Cmyi          Cmzi 
        1   0.24304   0.45000   0.01350   1.03790  1.375992e-02  9.022119e-02  4.367365e-02  1.431835e-02 -5.939769e-05 -1.307751e-04 -5.584368e-04  9.028059e-02  4.380442e-02  4.367365e-02  1.375992e-02  1.045989e-01 -1.307751e-04  1.431835e-02 -5.939769e-05  4.380442e-02 -5.584368e-04  9.028059e-02 -1.174909e-01 -2.603374e-02  7.523141e-02  2.245360e-04  8.702898e-03  2.063125e-02 -1.177154e-01 -3.473664e-02  5.460016e-02 
        2   0.55031   0.45000   0.01350   1.06253  8.363649e-02  6.410234e-02  7.490841e-02  1.464567e-02  1.015149e-03  2.585820e-03  6.899082e-02  6.308719e-02  7.232260e-02  7.490841e-02  8.363649e-02  7.773285e-02  2.585820e-03  1.464567e-02  1.015149e-03  7.232260e-02  6.899082e-02  6.308719e-02 -1.509251e-01 -1.232756e-02  1.296809e-01 -4.411840e-03  7.551465e-03  2.202337e-02 -1.465132e-01 -1.987903e-02  1.076576e-01 
        3   0.67879   0.45000   0.01350   1.00011  2.434712e-01  2.931471e-01 -1.942460e-01  1.388832e-02  1.523914e-04  1.488821e-04  2.295829e-01  2.929947e-01 -1.943949e-01 -1.942460e-01  2.434712e-01  3.068830e-01  1.488821e-04  1.388832e-02  1.523914e-04 -1.943949e-01  2.295829e-01  2.929947e-01  5.505909e-02  3.982467e-01  6.471469e-01 -3.268057e-04  1.005739e-02  2.019129e-02  5.538589e-02  3.881894e-01  6.269556e-01 
        4   0.80728   0.45000   0.01350   0.89420  8.865568e-04  2.416732e-01 -2.229862e-01  1.137981e-02  2.402529e-04  4.466281e-05 -1.049325e-02  2.414330e-01 -2.230309e-01 -2.229862e-01  8.865568e-04  2.528128e-01  4.466281e-05  1.137981e-02  2.402529e-04 -2.230309e-01 -1.049325e-02  2.414330e-01  1.396112e-01  2.525011e-01  3.281339e-01 -2.567153e-04  9.065634e-03  1.664305e-02  1.398679e-01  2.434355e-01  3.114908e-01 
        5   0.93576   0.45000   0.01350   0.91918  1.183286e-02 -8.583321e-02 -1.360917e-04  1.153402e-02 -8.763140e-06 -1.828194e-05  2.988439e-04 -8.582444e-02 -1.178098e-04 -1.360917e-04  1.183286e-02 -7.429042e-02 -1.828194e-05  1.153402e-02 -8.763140e-06 -1.178098e-04  2.988439e-04 -8.582444e-02  7.453384e-02  1.080096e-02 -4.123705e-02  3.400196e-05  1.001179e-02  1.665275e-02  7.449984e-02  7.891703e-04 -5.788980e-02 



Average loading for wing surface: 7 --> VSP Surface: 7 ... NOTE: values are per area! 

  Station     S       Chord     Area      V/Vref        Cx            Cy            Cz           Cxo           Cyo           Czo          Cxi            Cyi           Czi           Cl            Cd            Cs            Clo           Cdo           Cso           Cli           Cdi           Csi           Cmx           Cmy           Cmz          Cmxo          Cmyo          Cmzo          Cmxi          Cmyi          Cmzi 
        1   0.11280   0.21979   0.00235   1.04144  5.441892e-02 -2.391885e-01 -6.391328e-02  1.700258e-02  1.180346e-03 -8.106988e-04  3.741634e-02 -2.403688e-01 -6.310258e-02 -6.391328e-02  5.441892e-02 -2.233663e-01 -8.106988e-04  1.700258e-02  1.180346e-03 -6.310258e-02  3.741634e-02 -2.403688e-01  1.706101e-01  1.910357e-01 -5.332752e-01 -3.687302e-03  2.475780e-02 -4.128644e-02  1.742974e-01  1.662779e-01 -4.919888e-01 
        2   0.24711   0.21979   0.00235   1.05592  9.539066e-02 -4.006971e-01 -6.755613e-02  1.800499e-02  1.346696e-03 -5.539868e-04  7.738567e-02 -4.020438e-01 -6.700214e-02 -6.755613e-02  9.539066e-02 -3.840388e-01 -5.539868e-04  1.800499e-02  1.346696e-03 -6.700214e-02  7.738567e-02 -4.020438e-01  4.062340e-01  2.589971e-01 -9.169525e-01 -3.334365e-03  2.665052e-02 -4.358414e-02  4.095684e-01  2.323466e-01 -8.733683e-01 
        3   0.29013   0.21979   0.00235   0.92148  7.228907e-02 -3.530118e-01 -5.031471e-03  1.434883e-02  7.261879e-04 -7.487871e-04  5.794024e-02 -3.537379e-01 -4.282684e-03 -5.031471e-03  7.228907e-02 -3.393891e-01 -7.487871e-04  1.434883e-02  7.261879e-04 -4.282684e-03  5.794024e-02 -3.537379e-01  5.111538e-01  1.157605e-01 -7.657732e-01 -2.969681e-03  2.235914e-02 -3.522298e-02  5.141234e-01  9.340136e-02 -7.305502e-01 
        4   0.33316   0.21979   0.00235   0.88245  5.948785e-02 -3.166865e-01 -1.115200e-03  1.324735e-02  4.890581e-04 -6.740290e-04  4.624049e-02 -3.171756e-01 -4.411712e-04 -1.115200e-03  5.948785e-02 -3.039282e-01 -6.740290e-04  1.324735e-02  4.890581e-04 -4.411712e-04  4.624049e-02 -3.171756e-01  4.826802e-01  9.289949e-02 -6.626276e-01 -2.452191e-03  2.125287e-02 -3.277478e-02  4.851324e-01  7.164662e-02 -6.298528e-01 
        5   0.37618   0.21979   0.00235   0.86936  5.105784e-02 -3.304267e-01 -8.609417e-04  1.302574e-02  5.189473e-04 -4.395505e-04  3.803210e-02 -3.309456e-01 -4.213912e-04 -8.609417e-04  5.105784e-02 -3.179199e-01 -4.395505e-04  1.302574e-02  5.189473e-04 -4.213912e-04  3.803210e-02 -3.309456e-01  5.200948e-01  8.205958e-02 -6.652772e-01 -1.930537e-03  2.120656e-02 -3.217285e-02  5.220253e-01  6.085302e-02 -6.331044e-01 
        6   0.41920   0.21979   0.00235   0.87442  5.285702e-02 -3.405637e-01 -1.090284e-03  1.319769e-02  5.381896e-04 -4.153957e-04  3.965933e-02 -3.411019e-01 -6.748882e-04 -1.090284e-03  5.285702e-02 -3.279042e-01 -4.153957e-04  1.319769e-02  5.381896e-04 -6.748882e-04  3.965933e-02 -3.411019e-01  5.518454e-01  8.787354e-02 -6.874536e-01 -1.925708e-03  2.207636e-02 -3.258008e-02  5.537711e-01  6.579718e-02 -6.548735e-01 
        7   0.46222   0.21979   0.00235   0.89027  6.473096e-02 -3.538871e-01 -5.118969e-04  1.364034e-02  6.170917e-04 -2.245827e-04  5.109063e-02 -3.545042e-01 -2.873142e-04 -5.118969e-04  6.473096e-02 -3.408639e-01 -2.245827e-04  1.364034e-02  6.170917e-04 -2.873142e-04  5.109063e-02 -3.545042e-01  5.919235e-01  1.093515e-01 -7.403154e-01 -1.601732e-03  2.318147e-02 -3.358703e-02  5.935252e-01  8.617001e-02 -7.067284e-01 
        8   0.50524   0.21979   0.00235   0.89020  6.621137e-02 -3.606626e-01 -1.429271e-04  1.367764e-02  6.180874e-04 -2.216329e-04  5.253372e-02 -3.612807e-01  7.870584e-05 -1.429271e-04  6.621137e-02 -3.476031e-01 -2.216329e-04  1.367764e-02  6.180874e-04  7.870584e-05  5.253372e-02 -3.612807e-01  6.214771e-01  1.143447e-01 -7.564173e-01 -1.625552e-03  2.389492e-02 -3.367987e-02  6.231026e-01  9.044976e-02 -7.227375e-01 
        9   0.54827   0.21979   0.00235   0.89849  6.267273e-02 -3.638569e-01  1.304193e-04  1.388560e-02  6.684363e-04 -3.413651e-05  4.878713e-02 -3.645253e-01  1.645558e-04  1.304193e-04  6.267273e-02 -3.506397e-01 -3.413651e-05  1.388560e-02  6.684363e-04  1.645558e-04  4.878713e-02 -3.645253e-01  6.450925e-01  1.108425e-01 -7.552158e-01 -1.270740e-03  2.465422e-02 -3.413423e-02  6.463633e-01  8.618825e-02 -7.210815e-01 
       10   0.59129   0.21979   0.00235   0.89855  6.435480e-02 -3.644486e-01  2.271487e-04  1.389071e-02  6.684813e-04 -3.110547e-05  5.046409e-02 -3.651171e-01  2.582542e-04  2.271487e-04  6.435480e-02 -3.512264e-01 -3.110547e-05  1.389071e-02  6.684813e-04  2.582542e-04  5.046409e-02 -3.651171e-01  6.638381e-01  1.167326e-01 -7.619647e-01 -1.295179e-03  2.532426e-02 -3.414705e-02  6.651333e-01  9.140835e-02 -7.278177e-01 
       11   0.63431   0.21979   0.00235   0.89929  6.513383e-02 -3.630233e-01  2.831059e-04  1.390016e-02  6.700021e-04 -1.970365e-05  5.123367e-02 -3.636933e-01  3.028096e-04  2.831059e-04  6.513383e-02 -3.497932e-01 -1.970365e-05  1.390016e-02  6.700021e-04  3.028096e-04  5.123367e-02 -3.636933e-01  6.787738e-01  1.211697e-01 -7.630972e-01 -1.301233e-03  2.599113e-02 -3.416880e-02  6.800751e-01  9.517854e-02 -7.289284e-01 
       12   0.67733   0.21979   0.00235   0.90392  6.673864e-02 -3.593743e-01  3.718553e-04  1.398743e-02  6.776212e-04  7.104549e-05  5.275121e-02 -3.600519e-01  3.008098e-04  3.718553e-04  6.673864e-02 -3.460645e-01  7.104549e-05  1.398743e-02  6.776212e-04  3.008098e-04  5.275121e-02 -3.600519e-01  6.893910e-01  1.272296e-01 -7.628456e-01 -1.118677e-03  2.669612e-02 -3.437850e-02  6.905096e-01  1.005334e-01 -7.284671e-01 
       13   0.72036   0.21979   0.00235   0.91165  6.798941e-02 -3.531118e-01  4.366974e-04  1.413407e-02  7.114866e-04  7.398417e-05  5.385535e-02 -3.538233e-01  3.627132e-04  4.366974e-04  6.798941e-02 -3.396893e-01  7.398417e-05  1.413407e-02  7.114866e-04  3.627132e-04  5.385535e-02 -3.538233e-01  6.944682e-01  1.327627e-01 -7.576345e-01 -1.210206e-03  2.764982e-02 -3.470118e-02  6.956784e-01  1.051129e-01 -7.229333e-01 
       14   0.76338   0.21979   0.00235   0.91159  6.696939e-02 -3.433998e-01  6.830954e-04  1.408118e-02  7.081879e-04  7.943237e-05  5.288821e-02 -3.441080e-01  6.036630e-04  6.830954e-04  6.696939e-02 -3.300268e-01  7.943237e-05  1.408118e-02  7.081879e-04  6.036630e-04  5.288821e-02 -3.441080e-01  6.924613e-01  1.335293e-01 -7.414520e-01 -1.223884e-03  2.821268e-02 -3.457223e-02  6.936852e-01  1.053166e-01 -7.068798e-01 
       15   0.80640   0.21979   0.00235   0.91183  6.583634e-02 -3.278094e-01  9.444166e-04  1.400726e-02  7.061232e-04  8.491609e-05  5.182908e-02 -3.285155e-01  8.595005e-04  9.444166e-04  6.583634e-02 -3.145083e-01  8.491609e-05  1.400726e-02  7.061232e-04  8.595005e-04  5.182908e-02 -3.285155e-01  6.774637e-01  1.339217e-01 -7.145867e-01 -1.239697e-03  2.872712e-02 -3.438842e-02  6.787034e-01  1.051946e-01 -6.801983e-01 
       16   0.84942   0.21979   0.00235   0.92156  6.502867e-02 -3.069420e-01  1.281107e-03  1.414242e-02  7.211998e-04  1.120511e-04  5.088624e-02 -3.076632e-01  1.169056e-03  1.281107e-03  6.502867e-02 -2.935207e-01  1.120511e-04  1.414242e-02  7.211998e-04  1.169056e-03  5.088624e-02 -3.076632e-01  6.500158e-01  1.348039e-01 -6.801344e-01 -1.236741e-03  2.964456e-02 -3.470860e-02  6.512525e-01  1.051593e-01 -6.454258e-01 
       17   0.89244   0.21979   0.00235   0.92365  6.247029e-02 -2.780069e-01  3.603879e-03  1.406777e-02  7.213401e-04  1.010924e-04  4.840253e-02 -2.787282e-01  3.502786e-03  3.603879e-03  6.247029e-02 -2.646604e-01  1.010924e-04  1.406777e-02  7.213401e-04  3.502786e-03  4.840253e-02 -2.787282e-01  6.081741e-01  1.283538e-01 -6.278085e-01 -1.299267e-03  3.017643e-02 -3.451981e-02  6.094734e-01  9.817739e-02 -5.932887e-01 
       18   0.93547   0.21979   0.00235   0.92487  5.638548e-02 -2.353261e-01  1.471243e-02  1.393500e-02  7.211698e-04  1.028859e-04  4.245048e-02 -2.360473e-01  1.460955e-02  1.471243e-02  5.638548e-02 -2.221123e-01  1.028859e-04  1.393500e-02  7.211698e-04  1.460955e-02  4.245048e-02 -2.360473e-01  5.553488e-01  9.868944e-02 -5.436963e-01 -1.328909e-03  3.055517e-02 -3.418468e-02  5.566777e-01  6.813427e-02 -5.095116e-01 
       19   0.97849   0.21979   0.00235   0.92520  5.106514e-02 -1.768399e-01  1.187300e-02  1.376360e-02  7.386104e-04  6.956501e-05  3.730154e-02 -1.775785e-01  1.180344e-02  1.187300e-02  5.106514e-02 -1.638149e-01  6.956501e-05  1.376360e-02  7.386104e-04  1.180344e-02  3.730154e-02 -1.775785e-01  4.280037e-01  9.441075e-02 -4.343515e-01 -1.486878e-03  3.088372e-02 -3.372713e-02  4.294906e-01  6.352703e-02 -4.006243e-01 



Average loading for wing surface: 8 --> VSP Surface: 8 ... NOTE: values are per area! 

  Station     S       Chord     Area      V/Vref        Cx            Cy            Cz           Cxo           Cyo           Czo          Cxi            Cyi           Czi           Cl            Cd            Cs            Clo           Cdo           Cso           Cli           Cdi           Csi           Cmx           Cmy           Cmz          Cmxo          Cmyo          Cmzo          Cmxi          Cmyi          Cmzi 
        1   0.11280   0.21979   0.00235   1.04715  4.821066e-02  2.228345e-01 -6.871285e-02  1.712034e-02 -1.168317e-03 -7.893538e-04  3.109032e-02  2.240029e-01 -6.792349e-02 -6.871285e-02  4.821066e-02  2.411232e-01 -7.893538e-04  1.712034e-02 -1.168317e-03 -6.792349e-02  3.109032e-02  2.240029e-01 -1.357063e-01  1.915095e-01  4.860971e-01  3.616675e-03  2.489127e-02  4.160087e-02 -1.393230e-01  1.666182e-01  4.444962e-01 
        2   0.24711   0.21979   0.00235   1.06068  9.622274e-02  4.039152e-01 -7.238033e-02  1.814767e-02 -1.380034e-03 -5.426728e-04  7.807506e-02  4.052952e-01 -7.183765e-02 -7.238033e-02  9.622274e-02  4.234429e-01 -5.426728e-04  1.814767e-02 -1.380034e-03 -7.183765e-02  7.807506e-02  4.052952e-01 -3.985698e-01  2.693306e-01  9.242753e-01  3.353684e-03  2.683958e-02  4.389759e-02 -4.019234e-01  2.424910e-01  8.803777e-01 
        3   0.29013   0.21979   0.00235   0.92195  7.267166e-02  3.535413e-01 -4.908960e-03  1.436182e-02 -7.386024e-04 -7.588894e-04  5.830984e-02  3.542799e-01 -4.150070e-03 -4.908960e-03  7.267166e-02  3.686417e-01 -7.588894e-04  1.436182e-02 -7.386024e-04 -4.150070e-03  5.830984e-02  3.542799e-01 -5.122359e-01  1.161120e-01  7.674367e-01  3.013632e-03  2.239267e-02  3.523828e-02 -5.152495e-01  9.371931e-02  7.321984e-01 
        4   0.33316   0.21979   0.00235   0.88176  5.910062e-02  3.151993e-01 -9.765883e-04  1.322285e-02 -4.916754e-04 -6.861627e-04  4.587777e-02  3.156910e-01 -2.904256e-04 -9.765883e-04  5.910062e-02  3.289139e-01 -6.861627e-04  1.322285e-02 -4.916754e-04 -2.904256e-04  4.587777e-02  3.156910e-01 -4.807539e-01  9.204811e-02  6.587114e-01  2.486854e-03  2.123241e-02  3.270919e-02 -4.832407e-01  7.081570e-02  6.260023e-01 
        5   0.37618   0.21979   0.00235   0.86793  5.078138e-02  3.290284e-01 -8.623468e-04  1.298514e-02 -5.228711e-04 -4.474555e-04  3.779624e-02  3.295513e-01 -4.148913e-04 -8.623468e-04  5.078138e-02  3.425364e-01 -4.474555e-04  1.298514e-02 -5.228711e-04 -4.148913e-04  3.779624e-02  3.295513e-01 -5.178812e-01  8.162345e-02  6.617709e-01  1.956707e-03  2.115353e-02  3.206474e-02 -5.198379e-01  6.046992e-02  6.297061e-01 
        6   0.41920   0.21979   0.00235   0.87315  5.260809e-02  3.394030e-01 -1.084266e-03  1.316191e-02 -5.430044e-04 -4.233481e-04  3.944618e-02  3.399460e-01 -6.609175e-04 -1.084266e-03  5.260809e-02  3.531079e-01 -4.233481e-04  1.316191e-02 -5.430044e-04 -6.609175e-04  3.944618e-02  3.399460e-01 -5.499703e-01  8.745559e-02  6.844172e-01  1.953636e-03  2.202930e-02  3.248290e-02 -5.519239e-01  6.542629e-02  6.519343e-01 
        7   0.46222   0.21979   0.00235   0.88934  6.468163e-02  3.531261e-01 -4.917955e-04  1.361438e-02 -6.228680e-04 -2.296771e-04  5.106725e-02  3.537490e-01 -2.621185e-04 -4.917955e-04  6.468163e-02  3.673634e-01 -2.296771e-04  1.361438e-02 -6.228680e-04 -2.621185e-04  5.106725e-02  3.537490e-01 -5.906985e-01  1.092314e-01  7.384639e-01  1.624283e-03  2.314515e-02  3.351333e-02 -5.923228e-01  8.608624e-02  7.049506e-01 
        8   0.50524   0.21979   0.00235   0.88929  6.618928e-02  3.602051e-01 -1.430145e-04  1.365386e-02 -6.248732e-04 -2.265682e-04  5.253542e-02  3.608300e-01  8.355374e-05 -1.430145e-04  6.618928e-02  3.744839e-01 -2.265682e-04  1.365386e-02 -6.248732e-04  8.355374e-05  5.253542e-02  3.608300e-01 -6.206884e-01  1.143035e-01  7.551403e-01  1.649718e-03  2.386087e-02  3.361023e-02 -6.223382e-01  9.044259e-02  7.215301e-01 
        9   0.54827   0.21979   0.00235   0.89762  6.271492e-02  3.635842e-01  1.112692e-04  1.386349e-02 -6.752430e-04 -3.199146e-05  4.885143e-02  3.642594e-01  1.432607e-04  1.112692e-04  6.271492e-02  3.781229e-01 -3.199146e-05  1.386349e-02 -6.752430e-04  1.432607e-04  4.885143e-02  3.642594e-01 -6.445615e-01  1.109505e-01  7.543723e-01  1.277383e-03  2.461200e-02  3.406877e-02 -6.458389e-01  8.633851e-02  7.203035e-01 
       10   0.59129   0.21979   0.00235   0.89767  6.439281e-02  3.644100e-01  2.029466e-04  1.387006e-02 -6.752170e-04 -2.893393e-05  5.052274e-02  3.650852e-01  2.318805e-04  2.029466e-04  6.439281e-02  3.789552e-01 -2.893393e-05  1.387006e-02 -6.752170e-04  2.318805e-04  5.052274e-02  3.650852e-01 -6.637072e-01  1.168443e-01  7.615055e-01  1.301952e-03  2.528362e-02  3.408540e-02 -6.650092e-01  9.156069e-02  7.274201e-01 
       11   0.63431   0.21979   0.00235   0.89846  6.517807e-02  3.631478e-01  2.572785e-04  1.388138e-02 -6.768284e-04 -1.754743e-05  5.129669e-02  3.638246e-01  2.748259e-04  2.572785e-04  6.517807e-02  3.777060e-01 -1.754743e-05  1.388138e-02 -6.768284e-04  2.748259e-04  5.129669e-02  3.638246e-01 -6.789416e-01  1.212980e-01  7.629253e-01  1.308537e-03  2.595301e-02  3.411173e-02 -6.802501e-01  9.534501e-02  7.288136e-01 
       12   0.67733   0.21979   0.00235   0.90301  6.675465e-02  3.596648e-01  3.442987e-04  1.396743e-02 -6.840897e-04  7.344506e-05  5.278722e-02  3.603489e-01  2.708536e-04  3.442987e-04  6.675465e-02  3.743163e-01  7.344506e-05  1.396743e-02 -6.840897e-04  2.708536e-04  5.278722e-02  3.603489e-01 -6.898782e-01  1.273093e-01  7.628945e-01  1.125007e-03  2.665442e-02  3.431887e-02 -6.910032e-01  1.006549e-01  7.285756e-01 
       13   0.72036   0.21979   0.00235   0.91088  6.805508e-02  3.535886e-01  4.136848e-04  1.411815e-02 -7.173596e-04  7.744086e-05  5.393693e-02  3.543059e-01  3.362439e-04  4.136848e-04  6.805508e-02  3.684241e-01  7.744086e-05  1.411815e-02 -7.173596e-04  3.362439e-04  5.393693e-02  3.543059e-01 -6.953466e-01  1.329320e-01  7.581419e-01  1.213007e-03  2.761369e-02  3.465270e-02 -6.965596e-01  1.053183e-01  7.234892e-01 
       14   0.76338   0.21979   0.00235   0.91085  6.708941e-02  3.440539e-01  6.584279e-04  1.406671e-02 -7.146949e-04  8.293359e-05  5.302270e-02  3.447686e-01  5.754944e-04  6.584279e-04  6.708941e-02  3.588353e-01  8.293359e-05  1.406671e-02 -7.146949e-04  5.754944e-04  5.302270e-02  3.447686e-01 -6.937151e-01  1.338145e-01  7.424284e-01  1.228128e-03  2.817864e-02  3.452650e-02 -6.949432e-01  1.056359e-01  7.079019e-01 
       15   0.80640   0.21979   0.00235   0.91108  6.591651e-02  3.284599e-01  9.117256e-04  1.399215e-02 -7.124802e-04  8.845831e-05  5.192436e-02  3.291724e-01  8.232673e-04  9.117256e-04  6.591651e-02  3.431646e-01  8.845831e-05  1.399215e-02 -7.124802e-04  8.232673e-04  5.192436e-02  3.291724e-01 -6.787210e-01  1.341463e-01  7.154701e-01  1.243841e-03  2.869100e-02  3.434128e-02 -6.799648e-01  1.054553e-01  6.811288e-01 
       16   0.84942   0.21979   0.00235   0.92099  6.506171e-02  3.074715e-01  1.271074e-03  1.413059e-02 -7.267661e-04  1.173995e-04  5.093112e-02  3.081983e-01  1.153674e-03  1.271074e-03  6.506171e-02  3.223288e-01  1.173995e-04  1.413059e-02 -7.267661e-04  1.153674e-03  5.093112e-02  3.081983e-01 -6.511067e-01  1.348907e-01  6.806929e-01  1.234960e-03  2.961208e-02  3.467086e-02 -6.523416e-01  1.052786e-01  6.460220e-01 
       17   0.89244   0.21979   0.00235   0.92309  6.248393e-02  2.784844e-01  3.625463e-03  1.405549e-02 -7.263786e-04  1.065261e-04  4.842844e-02  2.792108e-01  3.518936e-03  3.625463e-03  6.248393e-02  2.932663e-01  1.065261e-04  1.405549e-02 -7.263786e-04  3.518936e-03  4.842844e-02  2.792108e-01 -6.092578e-01  1.283421e-01  6.282738e-01  1.296400e-03  3.014231e-02  3.448170e-02 -6.105542e-01  9.819976e-02  5.937921e-01 
       18   0.93547   0.21979   0.00235   0.92431  5.638427e-02  2.356780e-01  1.476926e-02  1.392190e-02 -7.263533e-04  1.084479e-04  4.246237e-02  2.364044e-01  1.466081e-02  1.476926e-02  5.638427e-02  2.503262e-01  1.084479e-04  1.392190e-02 -7.263533e-04  1.466081e-02  4.246237e-02  2.364044e-01 -5.562654e-01  9.858269e-02  5.439713e-01  1.326278e-03  3.051846e-02  3.414427e-02 -5.575917e-01  6.806423e-02  5.098270e-01 
       19   0.97849   0.21979   0.00235   0.92463  5.110167e-02  1.771580e-01  1.191613e-02  1.374954e-02 -7.439879e-04  7.482673e-05  3.735213e-02  1.779020e-01  1.184131e-02  1.191613e-02  5.110167e-02  1.916515e-01  7.482673e-05  1.374954e-02 -7.439879e-04  1.184131e-02  3.735213e-02  1.779020e-01 -4.288313e-01  9.441646e-02  4.347748e-01  1.485692e-03  3.084465e-02  3.368403e-02 -4.303170e-01  6.357181e-02  4.010908e-01 



Time history of loading for wing surface: 1 --> VSP Surface: 1 ... NOTE: values per area! 

  Station    Time       S       Chord     Area      V/Vref        Cx            Cy            Cz           Cxo           Cyo           Czo          Cxi            Cyi           Czi           Cl            Cd            Cs            Clo           Cdo           Cso           Cli           Cdi           Csi           Cmx           Cmy           Cmz          Cmxo          Cmyo          Cmzo          Cmxi          Cmyi          Cmzi 
        1   0.00000   0.06064   0.32000   0.01489   1.10328  1.518327e-02 -1.940477e-04 -2.819194e-01  1.749128e-02 -2.213780e-04  7.186391e-04 -2.308006e-03  2.733032e-05 -2.826381e-01 -2.819194e-01  1.518327e-02  1.751861e-02  7.186391e-04  1.749128e-02 -2.213780e-04 -2.826381e-01 -2.308006e-03  2.733032e-05 -2.026012e-02  2.242899e-01 -1.293323e-03  2.620784e-04  1.586952e-02 -1.490213e-03 -2.052220e-02  2.084204e-01  1.968893e-04 
        2   0.00000   0.15507   0.32000   0.01489   1.10365  1.348509e-02 -1.530947e-04 -2.813365e-01  1.749932e-02 -2.081653e-04  7.233899e-04 -4.014229e-03  5.507062e-05 -2.820599e-01 -2.813365e-01  1.348509e-02  1.755439e-02  7.233899e-04  1.749932e-02 -2.081653e-04 -2.820599e-01 -4.014229e-03  5.507062e-05 -6.105582e-02  2.200648e-01 -3.082410e-03  3.548479e-04  1.587239e-02 -4.016527e-03 -6.141067e-02  2.041924e-01  9.341170e-04 
        3   0.00000   0.22267   0.32000   0.01489   1.10259  1.248897e-02 -2.820207e-04 -2.793142e-01  1.746376e-02 -2.745295e-04  7.270807e-04 -4.974787e-03 -7.491256e-06 -2.800413e-01 -2.793142e-01  1.248897e-02  1.745627e-02  7.270807e-04  1.746376e-02 -2.745295e-04 -2.800413e-01 -4.974787e-03 -7.491256e-06 -1.010503e-01  2.103303e-01 -4.807466e-03  5.240787e-04  1.583497e-02 -6.608917e-03 -1.015744e-01  1.944953e-01  1.801451e-03 
        4   0.00000   0.29026   0.32000   0.01489   1.10423  9.997864e-03 -3.486002e-04 -2.791162e-01  1.750691e-02 -2.788393e-04  7.299534e-04 -7.509048e-03 -6.976092e-05 -2.798461e-01 -2.791162e-01  9.997864e-03  1.743715e-02  7.299534e-04  1.750691e-02 -2.788393e-04 -2.798461e-01 -7.509048e-03 -6.976092e-05 -1.414012e-01  2.036363e-01 -5.413853e-03  6.351154e-04  1.587303e-02 -9.168921e-03 -1.420363e-01  1.877633e-01  3.755068e-03 
        5   0.00000   0.35786   0.32000   0.01489   1.10181  1.023112e-02 -2.650484e-04 -2.808224e-01  1.744770e-02 -2.102803e-04  7.296106e-04 -7.216584e-03 -5.476814e-05 -2.815520e-01 -2.808224e-01  1.023112e-02  1.739293e-02  7.296106e-04  1.744770e-02 -2.102803e-04 -2.815520e-01 -7.216584e-03 -5.476814e-05 -1.831333e-01  2.001410e-01 -6.944296e-03  6.757805e-04  1.581722e-02 -1.160176e-02 -1.838091e-01  1.843237e-01  4.657465e-03 
        6   0.00000   0.42545   0.32000   0.01489   1.10353  9.397187e-03 -2.574400e-04 -2.744958e-01  1.747565e-02 -2.228648e-04  7.318022e-04 -8.078462e-03 -3.457522e-05 -2.752276e-01 -2.744958e-01  9.397187e-03  1.744107e-02  7.318022e-04  1.747565e-02 -2.228648e-04 -2.752276e-01 -8.078462e-03 -3.457522e-05 -2.188150e-01  1.908931e-01 -7.777853e-03  7.953218e-04  1.584153e-02 -1.416810e-02 -2.196103e-01  1.750515e-01  6.390243e-03 
        7   0.00000   0.49304   0.32000   0.01489   1.10422  8.757768e-03 -1.456168e-04 -2.602087e-01  1.745576e-02 -1.513873e-04  7.334240e-04 -8.697995e-03  5.770561e-06 -2.609421e-01 -2.602087e-01  8.757768e-03  1.746153e-02  7.334240e-04  1.745576e-02 -1.513873e-04 -2.609421e-01 -8.697995e-03  5.770561e-06 -2.452557e-01  1.756249e-01 -8.424539e-03  8.352407e-04  1.582105e-02 -1.661339e-02 -2.460909e-01  1.598039e-01  8.188848e-03 
        8   0.00000   0.56064   0.32000   0.01489   1.10494  8.418361e-03 -4.617240e-05 -2.381591e-01  1.741884e-02 -1.552092e-04  7.323562e-04 -9.000479e-03  1.090368e-04 -2.388915e-01 -2.381591e-01  8.418361e-03  1.752788e-02  7.323562e-04  1.741884e-02 -1.552092e-04 -2.388915e-01 -9.000479e-03  1.090368e-04 -2.591003e-01  1.530465e-01 -9.206623e-03  9.441142e-04  1.578710e-02 -1.910965e-02 -2.600444e-01  1.372594e-01  9.903029e-03 
        9   0.00000   0.62823   0.32000   0.01489   1.10663  6.697019e-03  2.324616e-04 -2.037972e-01  1.738803e-02 -3.466107e-05  7.323123e-04 -1.069101e-02  2.671227e-04 -2.045295e-01 -2.037972e-01  6.697019e-03  1.765515e-02  7.323123e-04  1.738803e-02 -3.466107e-05 -2.045295e-01 -1.069101e-02  2.671227e-04 -2.515203e-01  1.175611e-01 -7.986317e-03  9.359935e-04  1.575793e-02 -2.147840e-02 -2.524563e-01  1.018032e-01  1.349208e-02 
       10   0.00000   0.69583   0.32000   0.01489   1.10896  5.610208e-03  1.154617e-03 -1.566254e-01  1.736545e-02 -3.245867e-05  7.328801e-04 -1.175524e-02  1.187076e-03 -1.573583e-01 -1.566254e-01  5.610208e-03  1.855252e-02  7.328801e-04  1.736545e-02 -3.245867e-05 -1.573583e-01 -1.175524e-02  1.187076e-03 -2.169188e-01  6.908336e-02 -6.255077e-03  1.040937e-03  1.573594e-02 -2.396787e-02 -2.179597e-01  5.334741e-02  1.771279e-02 
       11   0.00000   0.76342   0.32000   0.01489   1.11209  3.733818e-03  3.698868e-03 -8.481874e-02  1.736405e-02  1.904633e-05  7.361434e-04 -1.363023e-02  3.679822e-03 -8.555488e-02 -8.481874e-02  3.733818e-03  2.104387e-02  7.361434e-04  1.736405e-02  1.904633e-05 -8.555488e-02 -1.363023e-02  3.679822e-03 -1.326498e-01 -5.609112e-03 -9.109644e-04  1.103395e-03  1.573136e-02 -2.643376e-02 -1.337532e-01 -2.134047e-02  2.552280e-02 
       12   0.00000   0.83101   0.32000   0.01489   1.12384 -1.070799e-02 -6.296072e-02  8.114461e-02  1.768239e-02 -4.708205e-04  7.648317e-04 -2.839038e-02 -6.248990e-02  8.037978e-02  8.114461e-02 -1.070799e-02 -4.480750e-02  7.648317e-04  1.768239e-02 -4.708205e-04  8.037978e-02 -2.839038e-02 -6.248990e-02  1.987909e-01 -2.176353e-01 -6.615813e-02  1.722637e-03  1.600458e-02 -2.997398e-02  1.970683e-01 -2.336398e-01 -3.618415e-02 
       13   0.00000   0.89861   0.32000   0.01489   1.07252  6.852597e-03 -6.407350e-02 -1.251341e-01  1.632472e-02 -3.022749e-04  6.464427e-04 -9.472122e-03 -6.377123e-02 -1.257805e-01 -1.251341e-01  6.852597e-03 -4.744651e-02  6.464427e-04  1.632472e-02 -3.022749e-04 -1.257805e-01 -9.472122e-03 -6.377123e-02 -1.698661e-01  4.580631e-02 -9.899084e-02  1.459053e-03  1.483538e-02 -2.990870e-02 -1.713251e-01  3.097094e-02 -6.908213e-02 
       14   0.00000   0.96620   0.32000   0.01489   1.08716  1.242342e-02  1.436863e-03 -1.320641e-01  1.673034e-02  4.725168e-05  7.431854e-04 -4.306929e-03  1.389611e-03 -1.328073e-01 -1.320641e-01  1.242342e-02  1.811996e-02  7.431854e-04  1.673034e-02  4.725168e-05 -1.328073e-01 -4.306929e-03  1.389611e-03 -2.599710e-01  8.393978e-02 -2.279393e-02  1.410856e-03  1.512334e-02 -3.272227e-02 -2.613819e-01  6.881644e-02  9.928346e-03 



Time history of loading for wing surface: 2 --> VSP Surface: 2 ... NOTE: values per area! 

  Station    Time       S       Chord     Area      V/Vref        Cx            Cy            Cz           Cxo           Cyo           Czo          Cxi            Cyi           Czi           Cl            Cd            Cs            Clo           Cdo           Cso           Cli           Cdi           Csi           Cmx           Cmy           Cmz          Cmxo          Cmyo          Cmzo          Cmxi          Cmyi          Cmzi 
        1   0.00000   0.06064   0.32000   0.01489   1.10347  1.520616e-02  1.879974e-04 -2.814767e-01  1.749485e-02  2.181732e-04  7.243933e-04 -2.288695e-03 -3.017573e-05 -2.822011e-01 -2.814767e-01  1.520616e-02  1.746468e-02  7.243933e-04  1.749485e-02  2.181732e-04 -2.822011e-01 -2.288695e-03 -3.017573e-05  2.023319e-02  2.235152e-01  1.289332e-03 -2.594565e-04  1.586715e-02  1.487268e-03  2.049265e-02  2.076480e-01 -1.979352e-04 
        2   0.00000   0.15507   0.32000   0.01489   1.10398  1.340310e-02  1.423953e-04 -2.806045e-01  1.750614e-02  2.057824e-04  7.262971e-04 -4.103041e-03 -6.338712e-05 -2.813308e-01 -2.806045e-01  1.340310e-02  1.744275e-02  7.262971e-04  1.750614e-02  2.057824e-04 -2.813308e-01 -4.103041e-03 -6.338712e-05  6.090568e-02  2.186965e-01  3.054328e-03 -3.532207e-04  1.587595e-02  4.015628e-03  6.125890e-02  2.028205e-01 -9.613000e-04 
        3   0.00000   0.22267   0.32000   0.01489   1.10311  1.238481e-02  2.707216e-04 -2.786201e-01  1.747579e-02  2.717599e-04  7.294810e-04 -5.090980e-03 -1.038217e-06 -2.793495e-01 -2.786201e-01  1.238481e-02  1.747476e-02  7.294810e-04  1.747579e-02  2.717599e-04 -2.793495e-01 -5.090980e-03 -1.038217e-06  1.008091e-01  2.088542e-01  4.758349e-03 -5.223227e-04  1.584399e-02  6.610513e-03  1.013314e-01  1.930102e-01 -1.852165e-03 
        4   0.00000   0.29026   0.32000   0.01489   1.10485  9.868267e-03  3.317163e-04 -2.784489e-01  1.752180e-02  2.758737e-04  7.338222e-04 -7.653535e-03  5.584266e-05 -2.791827e-01 -2.784489e-01  9.868267e-03  1.757764e-02  7.338222e-04  1.752180e-02  2.758737e-04 -2.791827e-01 -7.653535e-03  5.584266e-05  1.410778e-01  2.020157e-01  5.329518e-03 -6.342675e-04  1.588328e-02  9.173517e-03  1.417121e-01  1.861325e-01 -3.843999e-03 
        5   0.00000   0.35786   0.32000   0.01489   1.10246  1.008413e-02  2.514142e-04 -2.802754e-01  1.746333e-02  2.066055e-04  7.357008e-04 -7.379197e-03  4.480878e-05 -2.810111e-01 -2.802754e-01  1.008413e-02  1.750814e-02  7.357008e-04  1.746333e-02  2.066055e-04 -2.810111e-01 -7.379197e-03  4.480878e-05  1.827896e-01  1.984253e-01  6.834250e-03 -6.762717e-04  1.582595e-02  1.160829e-02  1.834658e-01  1.825994e-01 -4.774041e-03 
        6   0.00000   0.42545   0.32000   0.01489   1.10429  9.184112e-03  2.758537e-04 -2.737292e-01  1.749391e-02  2.183451e-04  7.395138e-04 -8.309793e-03  5.750857e-05 -2.744687e-01 -2.737292e-01  9.184112e-03  1.755141e-02  7.395138e-04  1.749391e-02  2.183451e-04 -2.744687e-01 -8.309793e-03  5.750857e-05  2.181859e-01  1.886377e-01  7.632783e-03 -7.971892e-04  1.585114e-02  1.417815e-02  2.189830e-01  1.727865e-01 -6.545363e-03 
        7   0.00000   0.49304   0.32000   0.01489   1.10504  8.432933e-03  2.062631e-04 -2.588806e-01  1.747414e-02  1.434319e-04  7.419000e-04 -9.041205e-03  6.283115e-05 -2.596225e-01 -2.588806e-01  8.432933e-03  1.753697e-02  7.419000e-04  1.747414e-02  1.434319e-04 -2.596225e-01 -9.041205e-03  6.283115e-05  2.439458e-01  1.723254e-01  8.196005e-03 -8.356896e-04  1.583000e-02  1.662276e-02  2.447815e-01  1.564954e-01 -8.426758e-03 
        8   0.00000   0.56064   0.32000   0.01489   1.10598  7.946265e-03  1.834055e-04 -2.361031e-01  1.744180e-02  1.454768e-04  7.449836e-04 -9.495533e-03  3.792866e-05 -2.368481e-01 -2.361031e-01  7.946265e-03  1.747973e-02  7.449836e-04  1.744180e-02  1.454768e-04 -2.368481e-01 -9.495533e-03  3.792866e-05  2.567317e-01  1.485318e-01  8.870893e-03 -9.486252e-04  1.579625e-02  1.912490e-02  2.576803e-01  1.327356e-01 -1.025401e-02 
        9   0.00000   0.62823   0.32000   0.01489   1.10843  6.145370e-03  3.384510e-05 -2.010268e-01  1.743073e-02  2.295462e-05  7.542456e-04 -1.128536e-02  1.089049e-05 -2.017811e-01 -2.010268e-01  6.145370e-03  1.744162e-02  7.542456e-04  1.743073e-02  2.295462e-05 -2.017811e-01 -1.128536e-02  1.089049e-05  2.478469e-01  1.121659e-01  7.660978e-03 -9.519408e-04  1.577649e-02  2.151935e-02  2.487989e-01  9.638940e-02 -1.385837e-02 
       10   0.00000   0.69583   0.32000   0.01489   1.11127  4.878541e-03 -6.999138e-04 -1.517473e-01  1.742037e-02  1.552029e-05  7.630615e-04 -1.254183e-02 -7.154341e-04 -1.525103e-01 -1.517473e-01  4.878541e-03  1.670493e-02  7.630615e-04  1.742037e-02  1.552029e-05 -1.525103e-01 -1.254183e-02 -7.154341e-04  2.097538e-01  6.090840e-02  5.861766e-03 -1.066474e-03  1.575785e-02  2.402663e-02  2.108203e-01  4.515054e-02 -1.816486e-02 
       11   0.00000   0.76342   0.32000   0.01489   1.11599  2.606573e-03 -3.106720e-03 -7.444521e-02  1.746246e-02 -3.916028e-05  7.787550e-04 -1.485589e-02 -3.067559e-03 -7.522396e-02 -7.444521e-02  2.606573e-03  1.439490e-02  7.787550e-04  1.746246e-02 -3.916028e-05 -7.522396e-02 -1.485589e-02 -3.067559e-03  1.162880e-01 -2.123625e-02 -2.648504e-05 -1.149236e-03  1.578208e-02  2.656357e-02  1.174373e-01 -3.701833e-02 -2.659006e-02 
       12   0.00000   0.83101   0.32000   0.01489   1.13237 -1.337722e-02  6.229350e-02  1.015365e-01  1.794047e-02  4.588774e-04  7.858491e-04 -3.131769e-02  6.183462e-02  1.007506e-01  1.015365e-01 -1.337722e-02  7.977509e-02  7.858491e-04  1.794047e-02  4.588774e-04  1.007506e-01 -3.131769e-02  6.183462e-02 -2.316451e-01 -2.481055e-01  6.102619e-02 -1.746378e-03  1.622831e-02  3.039265e-02 -2.298987e-01 -2.643338e-01  3.063355e-02 
       13   0.00000   0.89861   0.32000   0.01489   1.07533  8.285535e-03  6.338739e-02 -1.269116e-01  1.640126e-02  3.144710e-04  6.909914e-04 -8.115725e-03  6.307292e-02 -1.276026e-01 -1.269116e-01  8.285535e-03  7.947417e-02  6.909914e-04  1.640126e-02  3.144710e-04 -1.276026e-01 -8.115725e-03  6.307292e-02  1.731947e-01  5.031586e-02  1.006401e-01 -1.551413e-03  1.486343e-02  3.005971e-02  1.747461e-01  3.545243e-02  7.058041e-02 
       14   0.00000   0.96620   0.32000   0.01489   1.09111  1.244268e-02 -1.164160e-03 -1.301956e-01  1.683326e-02 -4.975485e-05  7.930475e-04 -4.390582e-03 -1.114406e-03 -1.309886e-01 -1.301956e-01  1.244268e-02  1.571886e-02  7.930475e-04  1.683326e-02 -4.975485e-05 -1.309886e-01 -4.390582e-03 -1.114406e-03  2.560469e-01  8.091996e-02  2.320712e-02 -1.506147e-03  1.517109e-02  3.292136e-02  2.575530e-01  6.574887e-02 -9.714237e-03 



Time history of loading for wing surface: 3 --> VSP Surface: 3 ... NOTE: values per area! 

  Station    Time       S       Chord     Area      V/Vref        Cx            Cy            Cz           Cxo           Cyo           Czo          Cxi            Cyi           Czi           Cl            Cd            Cs            Clo           Cdo           Cso           Cli           Cdi           Csi           Cmx           Cmy           Cmz          Cmxo          Cmyo          Cmzo          Cmxi          Cmyi          Cmzi 
        1   0.00000   0.03103   0.13000   0.00606   0.99504  1.451972e-01 -4.475610e-04 -1.030508e+00  2.364222e-02 -4.950175e-04  4.953981e-03  1.215550e-01  4.745649e-05 -1.035462e+00 -1.030508e+00  1.451972e-01  2.368967e-02  4.953981e-03  2.364222e-02 -4.950175e-04 -1.035462e+00  1.215550e-01  4.745649e-05 -1.828442e-01  3.687779e+00 -2.743762e-02  2.165136e-03  4.432295e-02 -5.903937e-03 -1.850093e-01  3.643457e+00 -2.153368e-02 
        2   0.00000   0.09814   0.13000   0.00606   0.99592  1.405263e-01 -4.444359e-04 -1.038925e+00  2.374897e-02 -5.411855e-04  4.978783e-03  1.167773e-01  9.674960e-05 -1.043904e+00 -1.038925e+00  1.405263e-01  2.384572e-02  4.978783e-03  2.374897e-02 -5.411855e-04 -1.043904e+00  1.167773e-01  9.674960e-05 -5.553330e-01  3.702371e+00 -7.676639e-02  4.067128e-03  4.451481e-02 -1.456166e-02 -5.594001e-01  3.657856e+00 -6.220473e-02 
        3   0.00000   0.17029   0.13000   0.00606   1.00270  1.362521e-01 -8.585252e-04 -1.056736e+00  2.406732e-02 -8.453595e-04  5.045402e-03  1.121848e-01 -1.316570e-05 -1.061782e+00 -1.056736e+00  1.362521e-01  2.405415e-02  5.045402e-03  2.406732e-02 -8.453595e-04 -1.061782e+00  1.121848e-01 -1.316570e-05 -9.411970e-01  3.743704e+00 -1.245550e-01  6.691575e-03  4.511193e-02 -2.436128e-02 -9.478886e-01  3.698592e+00 -1.001937e-01 
        4   0.00000   0.24244   0.13000   0.00606   1.00378  1.323559e-01 -7.904121e-04 -1.092088e+00  2.452876e-02 -8.427879e-04  5.137962e-03  1.078271e-01  5.237582e-05 -1.097226e+00 -1.092088e+00  1.323559e-01  2.458113e-02  5.137962e-03  2.452876e-02 -8.427879e-04 -1.097226e+00  1.078271e-01  5.237582e-05 -1.362987e+00  3.847680e+00 -1.681013e-01  8.602552e-03  4.599105e-02 -3.352482e-02 -1.371590e+00  3.801689e+00 -1.345765e-01 
        5   0.00000   0.31459   0.13000   0.00606   1.00560  1.477676e-01 -2.681979e-04 -1.134601e+00  2.517476e-02 -5.380802e-04  5.258520e-03  1.225928e-01  2.698823e-04 -1.139859e+00 -1.134601e+00  1.477676e-01  2.544464e-02  5.258520e-03  2.517476e-02 -5.380802e-04 -1.139859e+00  1.225928e-01  2.698823e-04 -1.822976e+00  4.018611e+00 -2.383904e-01  9.843084e-03  4.725243e-02 -4.228787e-02 -1.832819e+00  3.971359e+00 -1.961025e-01 
        6   0.00000   0.38673   0.13000   0.00606   1.00810  1.436177e-01 -9.076604e-05 -1.162207e+00  2.558089e-02 -3.141590e-04  5.332139e-03  1.180368e-01  2.233930e-04 -1.167539e+00 -1.162207e+00  1.436177e-01  2.580428e-02  5.332139e-03  2.558089e-02 -3.141590e-04 -1.167539e+00  1.180368e-01  2.233930e-04 -2.282750e+00  4.096434e+00 -2.823999e-01  1.128650e-02  4.805283e-02 -5.131571e-02 -2.294036e+00  4.048381e+00 -2.310842e-01 
        7   0.00000   0.45888   0.13000   0.00606   1.01175  1.420880e-01  3.776501e-04 -1.184276e+00  2.593544e-02  2.644007e-04  5.394499e-03  1.161526e-01  1.132494e-04 -1.189670e+00 -1.184276e+00  1.420880e-01  2.604869e-02  5.394499e-03  2.593544e-02  2.644007e-04 -1.189670e+00  1.161526e-01  1.132494e-04 -2.750237e+00  4.163243e+00 -3.285534e-01  1.183900e-02  4.875808e-02 -5.930882e-02 -2.762076e+00  4.114485e+00 -2.692446e-01 
        8   0.00000   0.53103   0.13000   0.00606   1.01454  1.439222e-01  6.337443e-04 -1.201813e+00  2.622375e-02  5.445051e-04  5.433592e-03  1.176984e-01  8.923918e-05 -1.207246e+00 -1.201813e+00  1.439222e-01  2.631299e-02  5.433592e-03  2.622375e-02  5.445051e-04 -1.207246e+00  1.176984e-01  8.923918e-05 -3.220818e+00  4.223218e+00 -3.833469e-01  1.314575e-02  4.937103e-02 -6.839191e-02 -3.233964e+00  4.173847e+00 -3.149550e-01 
        9   0.00000   0.60318   0.13000   0.00606   1.02228  1.439723e-01  1.741876e-03 -1.216100e+00  2.649391e-02  1.659209e-03  5.446308e-03  1.174784e-01  8.266690e-05 -1.221546e+00 -1.216100e+00  1.439723e-01  2.657658e-02  5.446308e-03  2.649391e-02  1.659209e-03 -1.221546e+00  1.174784e-01  8.266690e-05 -3.696287e+00  4.264760e+00 -4.311419e-01  1.224144e-02  5.002666e-02 -7.478981e-02 -3.708529e+00  4.214733e+00 -3.563521e-01 
       10   0.00000   0.67533   0.13000   0.00606   1.03028  1.484049e-01  2.318506e-03 -1.241603e+00  2.694479e-02  2.254547e-03  5.479809e-03  1.214601e-01  6.395909e-05 -1.247083e+00 -1.241603e+00  1.484049e-01  2.700875e-02  5.479809e-03  2.694479e-02  2.254547e-03 -1.247083e+00  1.214601e-01  6.395909e-05 -4.218430e+00  4.356277e+00 -4.956131e-01  1.276021e-02  5.107914e-02 -8.375868e-02 -4.231190e+00  4.305198e+00 -4.118545e-01 
       11   0.00000   0.74748   0.13000   0.00606   1.05011  1.395290e-01  4.105553e-03 -1.279735e+00  2.756753e-02  3.912894e-03  5.527536e-03  1.119615e-01  1.926587e-04 -1.285262e+00 -1.279735e+00  1.395290e-01  2.776019e-02  5.527536e-03  2.756753e-02  3.912894e-03 -1.285262e+00  1.119615e-01  1.926587e-04 -4.810699e+00  4.463328e+00 -5.094745e-01  1.060650e-02  5.252784e-02 -9.008187e-02 -4.821306e+00  4.410800e+00 -4.193926e-01 
       12   0.00000   0.81963   0.13000   0.00606   1.08340  1.755448e-01  7.619828e-03 -1.388569e+00  2.945301e-02  5.748178e-03  5.607944e-03  1.460918e-01  1.871650e-03 -1.394177e+00 -1.388569e+00  1.755448e-01  3.132466e-02  5.607944e-03  2.945301e-02  5.748178e-03 -1.394177e+00  1.460918e-01  1.871650e-03 -5.726443e+00  4.912670e+00 -6.952555e-01  8.163406e-03  5.713192e-02 -1.014349e-01 -5.734607e+00  4.855538e+00 -5.938206e-01 
       13   0.00000   0.89178   0.13000   0.00606   0.98303  1.258580e-01  6.660386e-03 -1.276279e+00  2.647680e-02  4.567168e-03  5.859591e-03  9.938123e-02  2.093219e-03 -1.282139e+00 -1.276279e+00  1.258580e-01  2.857002e-02  5.859591e-03  2.647680e-02  4.567168e-03 -1.282139e+00  9.938123e-02  2.093219e-03 -5.707793e+00  4.418084e+00 -5.371634e-01  1.434467e-02  4.857803e-02 -1.026804e-01 -5.722138e+00  4.369506e+00 -4.344830e-01 
       14   0.00000   0.96393   0.13000   0.00606   1.00231  1.378470e-01  4.327978e-03 -1.262063e+00  2.663391e-02  3.939378e-03  5.644282e-03  1.112131e-01  3.886007e-04 -1.267708e+00 -1.262063e+00  1.378470e-01  2.702251e-02  5.644282e-03  2.663391e-02  3.939378e-03 -1.267708e+00  1.112131e-01  3.886007e-04 -6.098523e+00  4.415338e+00 -6.505850e-01  1.702323e-02  4.971608e-02 -1.150272e-01 -6.115546e+00  4.365622e+00 -5.355578e-01 



Time history of loading for wing surface: 4 --> VSP Surface: 4 ... NOTE: values per area! 

  Station    Time       S       Chord     Area      V/Vref        Cx            Cy            Cz           Cxo           Cyo           Czo          Cxi            Cyi           Czi           Cl            Cd            Cs            Clo           Cdo           Cso           Cli           Cdi           Csi           Cmx           Cmy           Cmz          Cmxo          Cmyo          Cmzo          Cmxi          Cmyi          Cmzi 
        1   0.00000   0.03103   0.13000   0.00606   0.99522  1.459784e-01  4.290558e-04 -1.032632e+00  2.367025e-02  4.984339e-04  4.979469e-03  1.223082e-01 -6.937806e-05 -1.037612e+00 -1.032632e+00  1.459784e-01  2.360087e-02  4.979469e-03  2.367025e-02  4.984339e-04 -1.037612e+00  1.223082e-01 -6.937806e-05  1.832649e-01  3.696066e+00  2.750935e-02 -2.178525e-03  4.430886e-02  5.920552e-03  1.854434e-01  3.651757e+00  2.158880e-02 
        2   0.00000   0.09814   0.13000   0.00606   0.99624  1.413269e-01  4.065087e-04 -1.043654e+00  2.381302e-02  5.431662e-04  5.008308e-03  1.175138e-01 -1.366576e-04 -1.048662e+00 -1.043654e+00  1.413269e-01  2.367636e-02  5.008308e-03  2.381302e-02  5.431662e-04 -1.048662e+00  1.175138e-01 -1.366576e-04  5.579623e-01  3.719095e+00  7.706054e-02 -4.088069e-03  4.458015e-02  1.460270e-02  5.620504e-01  3.674514e+00  6.245783e-02 
        3   0.00000   0.17029   0.13000   0.00606   1.00309  1.372441e-01  8.006959e-04 -1.063330e+00  2.415731e-02  8.493812e-04  5.077755e-03  1.130867e-01 -4.868537e-05 -1.068408e+00 -1.063330e+00  1.372441e-01  2.410863e-02  5.077755e-03  2.415731e-02  8.493812e-04 -1.068408e+00  1.130867e-01 -4.868537e-05  9.472404e-01  3.767045e+00  1.252322e-01 -6.730864e-03  4.523479e-02  2.445530e-02  9.539713e-01  3.721810e+00  1.007769e-01 
        4   0.00000   0.24244   0.13000   0.00606   1.00446  1.335363e-01  6.784900e-04 -1.100338e+00  2.464706e-02  8.496151e-04  5.180633e-03  1.088892e-01 -1.711251e-04 -1.105519e+00 -1.100338e+00  1.335363e-01  2.447594e-02  5.180633e-03  2.464706e-02  8.496151e-04 -1.105519e+00  1.088892e-01 -1.711251e-04  1.373580e+00  3.876817e+00  1.691699e-01 -8.673551e-03  4.615207e-02  3.369589e-02  1.382254e+00  3.830665e+00  1.354740e-01 
        5   0.00000   0.31459   0.13000   0.00606   1.00584  1.497232e-01  1.361578e-04 -1.144717e+00  2.531498e-02  5.471366e-04  5.319734e-03  1.244082e-01 -4.109788e-04 -1.150037e+00 -1.144717e+00  1.497232e-01  2.490400e-02  5.319734e-03  2.531498e-02  5.471366e-04 -1.150037e+00  1.244082e-01 -4.109788e-04  1.839584e+00  4.055416e+00  2.410654e-01 -9.964890e-03  4.740714e-02  4.254400e-02  1.849549e+00  4.008009e+00  1.985214e-01 
        6   0.00000   0.38673   0.13000   0.00606   1.00845  1.460534e-01 -2.993442e-05 -1.174800e+00  2.575907e-02  3.173403e-04  5.410542e-03  1.202944e-01 -3.472748e-04 -1.180211e+00 -1.174800e+00  1.460534e-01  2.541179e-02  5.410542e-03  2.575907e-02  3.173403e-04 -1.180211e+00  1.202944e-01 -3.472748e-04  2.307809e+00  4.142172e+00  2.867612e-01 -1.144874e-02  4.824732e-02  5.167652e-02  2.319258e+00  4.093925e+00  2.350846e-01 
        7   0.00000   0.45888   0.13000   0.00606   1.01174  1.450947e-01 -5.075093e-04 -1.200027e+00  2.615608e-02 -2.746296e-04  5.484982e-03  1.189386e-01 -2.328798e-04 -1.205512e+00 -1.200027e+00  1.450947e-01  2.592320e-02  5.484982e-03  2.615608e-02 -2.746296e-04 -1.205512e+00  1.189386e-01 -2.328798e-04  2.787154e+00  4.220300e+00  3.350820e-01 -1.202259e-02  4.902135e-02  5.978626e-02  2.799176e+00  4.171279e+00  2.752957e-01 
        8   0.00000   0.53103   0.13000   0.00606   1.01471  1.477301e-01 -8.184889e-04 -1.221398e+00  2.650353e-02 -5.640499e-04  5.547834e-03  1.212266e-01 -2.544390e-04 -1.226946e+00 -1.221398e+00  1.477301e-01  2.624909e-02  5.547834e-03  2.650353e-02 -5.640499e-04 -1.226946e+00  1.212266e-01 -2.544390e-04  3.273793e+00  4.294193e+00  3.929074e-01 -1.340120e-02  4.970655e-02  6.907491e-02  3.287194e+00  4.244487e+00  3.238325e-01 
        9   0.00000   0.60318   0.13000   0.00606   1.02276  1.487426e-01 -2.030383e-03 -1.240773e+00  2.684661e-02 -1.711131e-03  5.593344e-03  1.218960e-01 -3.192521e-04 -1.246366e+00 -1.240773e+00  1.487426e-01  2.652736e-02  5.593344e-03  2.684661e-02 -1.711131e-03 -1.246366e+00  1.218960e-01 -3.192521e-04  3.771996e+00  4.353237e+00  4.446266e-01 -1.255349e-02  5.043936e-02  7.568406e-02  3.784549e+00  4.302798e+00  3.689426e-01 
       10   0.00000   0.67533   0.13000   0.00606   1.03165  1.548181e-01 -2.643168e-03 -1.275577e+00  2.744003e-02 -2.375527e-03  5.677056e-03  1.273780e-01 -2.676407e-04 -1.281254e+00 -1.275577e+00  1.548181e-01  2.717239e-02  5.677056e-03  2.744003e-02 -2.375527e-03 -1.281254e+00  1.273780e-01 -2.676407e-04  4.334689e+00  4.477932e+00  5.162644e-01 -1.311650e-02  5.168996e-02  8.502787e-02  4.347805e+00  4.426242e+00  4.312365e-01 
       11   0.00000   0.74748   0.13000   0.00606   1.05715  1.493355e-01 -4.639131e-03 -1.336328e+00  2.843691e-02 -4.227954e-03  5.821794e-03  1.208985e-01 -4.111765e-04 -1.342150e+00 -1.336328e+00  1.493355e-01  2.802574e-02  5.821794e-03  2.843691e-02 -4.227954e-03 -1.342150e+00  1.208985e-01 -4.111765e-04  5.024792e+00  4.670420e+00  5.445513e-01 -1.089498e-02  5.377682e-02  9.227147e-02  5.035687e+00  4.616644e+00  4.522798e-01 
       12   0.00000   0.81963   0.13000   0.00606   1.09207  1.979709e-01 -7.884275e-03 -1.478991e+00  3.090986e-02 -5.844114e-03  6.194467e-03  1.670610e-01 -2.040161e-03 -1.485185e+00 -1.478991e+00  1.979709e-01  2.886970e-02  6.194467e-03  3.090986e-02 -5.844114e-03 -1.485185e+00  1.670610e-01 -2.040161e-03  6.096624e+00  5.271190e+00  7.858102e-01 -1.032417e-02  5.890741e-02  1.070924e-01  6.106948e+00  5.212283e+00  6.787178e-01 
       13   0.00000   0.89178   0.13000   0.00606   0.98677  1.269555e-01 -6.358978e-03 -1.314453e+00  2.714826e-02 -4.508772e-03  5.957126e-03  9.980725e-02 -1.850206e-03 -1.320410e+00 -1.314453e+00  1.269555e-01  2.529806e-02  5.957126e-03  2.714826e-02 -4.508772e-03 -1.320410e+00  9.980725e-02 -1.850206e-03  5.878606e+00  4.544400e+00  5.433081e-01 -1.493115e-02  4.998352e-02  1.058764e-01  5.893537e+00  4.494416e+00  4.374317e-01 
       14   0.00000   0.96393   0.13000   0.00606   1.00974  1.451322e-01 -4.226830e-03 -1.304052e+00  2.736210e-02 -4.101571e-03  5.779578e-03  1.177701e-01 -1.252588e-04 -1.309831e+00 -1.304052e+00  1.451322e-01  2.723684e-02  5.779578e-03  2.736210e-02 -4.101571e-03 -1.309831e+00  1.177701e-01 -1.252588e-04  6.300731e+00  4.571261e+00  6.860927e-01 -1.725600e-02  5.113999e-02  1.179869e-01  6.317987e+00  4.520122e+00  5.681057e-01 



Time history of loading for wing surface: 5 --> VSP Surface: 5 ... NOTE: values per area! 

  Station    Time       S       Chord     Area      V/Vref        Cx            Cy            Cz           Cxo           Cyo           Czo          Cxi            Cyi           Czi           Cl            Cd            Cs            Clo           Cdo           Cso           Cli           Cdi           Csi           Cmx           Cmy           Cmz          Cmxo          Cmyo          Cmzo          Cmxi          Cmyi          Cmzi 
        1   0.00000   0.24304   0.45000   0.01350   1.03522  1.381453e-02 -9.723692e-02  4.030431e-02  1.425994e-02  6.270444e-05 -1.667290e-04 -4.454119e-04 -9.729962e-02  4.047104e-02  4.030431e-02  1.381453e-02 -8.303968e-02 -1.667290e-04  1.425994e-02  6.270444e-05  4.047104e-02 -4.454119e-04 -9.729962e-02  1.168166e-01 -2.163800e-02 -8.589663e-02 -2.784534e-04  8.698611e-03 -2.054405e-02  1.170951e-01 -3.033661e-02 -6.535258e-02 
        2   0.00000   0.55031   0.45000   0.01350   1.06014  5.391432e-02 -8.818623e-02  6.443450e-02  1.470329e-02 -2.870660e-04  2.187182e-03  3.921103e-02 -8.789917e-02  6.224732e-02  6.443450e-02  5.391432e-02 -7.319588e-02  2.187182e-03  1.470329e-02 -2.870660e-04  6.224732e-02  3.921103e-02 -8.789917e-02  1.517069e-01 -2.061721e-02 -1.218694e-01  3.350641e-03  7.930937e-03 -2.148369e-02  1.483563e-01 -2.854815e-02 -1.003858e-01 
        3   0.00000   0.67879   0.45000   0.01350   0.99548  2.506094e-01 -1.605117e-01 -1.432648e-01  1.340321e-02 -1.323168e-04 -1.844390e-04  2.372062e-01 -1.603794e-01 -1.430804e-01 -1.432648e-01  2.506094e-01 -1.469762e-01 -1.844390e-04  1.340321e-02 -1.323168e-04 -1.430804e-01  2.372062e-01 -1.603794e-01 -8.295571e-02  3.447768e-01 -5.065242e-01 -1.693795e-04  9.986816e-03 -1.947339e-02 -8.278633e-02  3.347900e-01 -4.870508e-01 
        4   0.00000   0.80728   0.45000   0.01350   0.89898 -5.055497e-03 -9.011185e-02 -1.644880e-01  1.108762e-02 -3.446826e-04 -1.509726e-04 -1.614312e-02 -8.976717e-02 -1.643370e-01 -1.644880e-01 -5.055497e-03 -7.867955e-02 -1.509726e-04  1.108762e-02 -3.446826e-04 -1.643370e-01 -1.614312e-02 -8.976717e-02 -1.719651e-01  1.812475e-01 -1.437170e-01  5.767455e-05  8.999263e-03 -1.631035e-02 -1.720228e-01  1.722482e-01 -1.274066e-01 
        5   0.00000   0.93576   0.45000   0.01350   0.92169  1.167052e-02  9.201560e-02  4.373190e-04  1.159787e-02 -1.167930e-05 -8.227554e-05  7.265046e-05  9.202728e-02  5.195945e-04  4.373190e-04  1.167052e-02  1.036252e-01 -8.227554e-05  1.159787e-02 -1.167930e-05  5.195945e-04  7.265046e-05  9.202728e-02 -7.902925e-02  9.889376e-03  4.881236e-02 -1.087204e-04  1.012188e-02 -1.676248e-02 -7.892054e-02 -2.325055e-04  6.557484e-02 



Time history of loading for wing surface: 6 --> VSP Surface: 6 ... NOTE: values per area! 

  Station    Time       S       Chord     Area      V/Vref        Cx            Cy            Cz           Cxo           Cyo           Czo          Cxi            Cyi           Czi           Cl            Cd            Cs            Clo           Cdo           Cso           Cli           Cdi           Csi           Cmx           Cmy           Cmz          Cmxo          Cmyo          Cmzo          Cmxi          Cmyi          Cmzi 
        1   0.00000   0.24304   0.45000   0.01350   1.03790  1.375992e-02  9.022119e-02  4.367365e-02  1.431835e-02 -5.939769e-05 -1.307751e-04 -5.584368e-04  9.028059e-02  4.380442e-02  4.367365e-02  1.375992e-02  1.045989e-01 -1.307751e-04  1.431835e-02 -5.939769e-05  4.380442e-02 -5.584368e-04  9.028059e-02 -1.174909e-01 -2.603374e-02  7.523141e-02  2.245360e-04  8.702898e-03  2.063125e-02 -1.177154e-01 -3.473664e-02  5.460016e-02 
        2   0.00000   0.55031   0.45000   0.01350   1.06253  8.363649e-02  6.410234e-02  7.490841e-02  1.464567e-02  1.015149e-03  2.585820e-03  6.899082e-02  6.308719e-02  7.232260e-02  7.490841e-02  8.363649e-02  7.773285e-02  2.585820e-03  1.464567e-02  1.015149e-03  7.232260e-02  6.899082e-02  6.308719e-02 -1.509251e-01 -1.232756e-02  1.296809e-01 -4.411840e-03  7.551465e-03  2.202337e-02 -1.465132e-01 -1.987903e-02  1.076576e-01 
        3   0.00000   0.67879   0.45000   0.01350   1.00011  2.434712e-01  2.931471e-01 -1.942460e-01  1.388832e-02  1.523914e-04  1.488821e-04  2.295829e-01  2.929947e-01 -1.943949e-01 -1.942460e-01  2.434712e-01  3.068830e-01  1.488821e-04  1.388832e-02  1.523914e-04 -1.943949e-01  2.295829e-01  2.929947e-01  5.505909e-02  3.982467e-01  6.471469e-01 -3.268057e-04  1.005739e-02  2.019129e-02  5.538589e-02  3.881894e-01  6.269556e-01 
        4   0.00000   0.80728   0.45000   0.01350   0.89420  8.865568e-04  2.416732e-01 -2.229862e-01  1.137981e-02  2.402529e-04  4.466281e-05 -1.049325e-02  2.414330e-01 -2.230309e-01 -2.229862e-01  8.865568e-04  2.528128e-01  4.466281e-05  1.137981e-02  2.402529e-04 -2.230309e-01 -1.049325e-02  2.414330e-01  1.396112e-01  2.525011e-01  3.281339e-01 -2.567153e-04  9.065634e-03  1.664305e-02  1.398679e-01  2.434355e-01  3.114908e-01 
        5   0.00000   0.93576   0.45000   0.01350   0.91918  1.183286e-02 -8.583321e-02 -1.360917e-04  1.153402e-02 -8.763140e-06 -1.828194e-05  2.988439e-04 -8.582444e-02 -1.178098e-04 -1.360917e-04  1.183286e-02 -7.429042e-02 -1.828194e-05  1.153402e-02 -8.763140e-06 -1.178098e-04  2.988439e-04 -8.582444e-02  7.453384e-02  1.080096e-02 -4.123705e-02  3.400196e-05  1.001179e-02  1.665275e-02  7.449984e-02  7.891703e-04 -5.788980e-02 



Time history of loading for wing surface: 7 --> VSP Surface: 7 ... NOTE: values per area! 

  Station    Time       S       Chord     Area      V/Vref        Cx            Cy            Cz           Cxo           Cyo           Czo          Cxi            Cyi           Czi           Cl            Cd            Cs            Clo           Cdo           Cso           Cli           Cdi           Csi           Cmx           Cmy           Cmz          Cmxo          Cmyo          Cmzo          Cmxi          Cmyi          Cmzi 
        1   0.00000   0.11280   0.21979   0.00235   1.04144  5.441892e-02 -2.391885e-01 -6.391328e-02  1.700258e-02  1.180346e-03 -8.106988e-04  3.741634e-02 -2.403688e-01 -6.310258e-02 -6.391328e-02  5.441892e-02 -2.233663e-01 -8.106988e-04  1.700258e-02  1.180346e-03 -6.310258e-02  3.741634e-02 -2.403688e-01  1.706101e-01  1.910357e-01 -5.332752e-01 -3.687302e-03  2.475780e-02 -4.128644e-02  1.742974e-01  1.662779e-01 -4.919888e-01 
        2   0.00000   0.24711   0.21979   0.00235   1.05592  9.539066e-02 -4.006971e-01 -6.755613e-02  1.800499e-02  1.346696e-03 -5.539868e-04  7.738567e-02 -4.020438e-01 -6.700214e-02 -6.755613e-02  9.539066e-02 -3.840388e-01 -5.539868e-04  1.800499e-02  1.346696e-03 -6.700214e-02  7.738567e-02 -4.020438e-01  4.062340e-01  2.589971e-01 -9.169525e-01 -3.334365e-03  2.665052e-02 -4.358414e-02  4.095684e-01  2.323466e-01 -8.733683e-01 
        3   0.00000   0.29013   0.21979   0.00235   0.92148  7.228907e-02 -3.530118e-01 -5.031471e-03  1.434883e-02  7.261879e-04 -7.487871e-04  5.794024e-02 -3.537379e-01 -4.282684e-03 -5.031471e-03  7.228907e-02 -3.393891e-01 -7.487871e-04  1.434883e-02  7.261879e-04 -4.282684e-03  5.794024e-02 -3.537379e-01  5.111538e-01  1.157605e-01 -7.657732e-01 -2.969681e-03  2.235914e-02 -3.522298e-02  5.141234e-01  9.340136e-02 -7.305502e-01 
        4   0.00000   0.33316   0.21979   0.00235   0.88245  5.948785e-02 -3.166865e-01 -1.115200e-03  1.324735e-02  4.890581e-04 -6.740290e-04  4.624049e-02 -3.171756e-01 -4.411712e-04 -1.115200e-03  5.948785e-02 -3.039282e-01 -6.740290e-04  1.324735e-02  4.890581e-04 -4.411712e-04  4.624049e-02 -3.171756e-01  4.826802e-01  9.289949e-02 -6.626276e-01 -2.452191e-03  2.125287e-02 -3.277478e-02  4.851324e-01  7.164662e-02 -6.298528e-01 
        5   0.00000   0.37618   0.21979   0.00235   0.86936  5.105784e-02 -3.304267e-01 -8.609417e-04  1.302574e-02  5.189473e-04 -4.395505e-04  3.803210e-02 -3.309456e-01 -4.213912e-04 -8.609417e-04  5.105784e-02 -3.179199e-01 -4.395505e-04  1.302574e-02  5.189473e-04 -4.213912e-04  3.803210e-02 -3.309456e-01  5.200948e-01  8.205958e-02 -6.652772e-01 -1.930537e-03  2.120656e-02 -3.217285e-02  5.220253e-01  6.085302e-02 -6.331044e-01 
        6   0.00000   0.41920   0.21979   0.00235   0.87442  5.285702e-02 -3.405637e-01 -1.090284e-03  1.319769e-02  5.381896e-04 -4.153957e-04  3.965933e-02 -3.411019e-01 -6.748882e-04 -1.090284e-03  5.285702e-02 -3.279042e-01 -4.153957e-04  1.319769e-02  5.381896e-04 -6.748882e-04  3.965933e-02 -3.411019e-01  5.518454e-01  8.787354e-02 -6.874536e-01 -1.925708e-03  2.207636e-02 -3.258008e-02  5.537711e-01  6.579718e-02 -6.548735e-01 
        7   0.00000   0.46222   0.21979   0.00235   0.89027  6.473096e-02 -3.538871e-01 -5.118969e-04  1.364034e-02  6.170917e-04 -2.245827e-04  5.109063e-02 -3.545042e-01 -2.873142e-04 -5.118969e-04  6.473096e-02 -3.408639e-01 -2.245827e-04  1.364034e-02  6.170917e-04 -2.873142e-04  5.109063e-02 -3.545042e-01  5.919235e-01  1.093515e-01 -7.403154e-01 -1.601732e-03  2.318147e-02 -3.358703e-02  5.935252e-01  8.617001e-02 -7.067284e-01 
        8   0.00000   0.50524   0.21979   0.00235   0.89020  6.621137e-02 -3.606626e-01 -1.429271e-04  1.367764e-02  6.180874e-04 -2.216329e-04  5.253372e-02 -3.612807e-01  7.870584e-05 -1.429271e-04  6.621137e-02 -3.476031e-01 -2.216329e-04  1.367764e-02  6.180874e-04  7.870584e-05  5.253372e-02 -3.612807e-01  6.214771e-01  1.143447e-01 -7.564173e-01 -1.625552e-03  2.389492e-02 -3.367987e-02  6.231026e-01  9.044976e-02 -7.227375e-01 
        9   0.00000   0.54827   0.21979   0.00235   0.89849  6.267273e-02 -3.638569e-01  1.304193e-04  1.388560e-02  6.684363e-04 -3.413651e-05  4.878713e-02 -3.645253e-01  1.645558e-04  1.304193e-04  6.267273e-02 -3.506397e-01 -3.413651e-05  1.388560e-02  6.684363e-04  1.645558e-04  4.878713e-02 -3.645253e-01  6.450925e-01  1.108425e-01 -7.552158e-01 -1.270740e-03  2.465422e-02 -3.413423e-02  6.463633e-01  8.618825e-02 -7.210815e-01 
       10   0.00000   0.59129   0.21979   0.00235   0.89855  6.435480e-02 -3.644486e-01  2.271487e-04  1.389071e-02  6.684813e-04 -3.110547e-05  5.046409e-02 -3.651171e-01  2.582542e-04  2.271487e-04  6.435480e-02 -3.512264e-01 -3.110547e-05  1.389071e-02  6.684813e-04  2.582542e-04  5.046409e-02 -3.651171e-01  6.638381e-01  1.167326e-01 -7.619647e-01 -1.295179e-03  2.532426e-02 -3.414705e-02  6.651333e-01  9.140835e-02 -7.278177e-01 
       11   0.00000   0.63431   0.21979   0.00235   0.89929  6.513383e-02 -3.630233e-01  2.831059e-04  1.390016e-02  6.700021e-04 -1.970365e-05  5.123367e-02 -3.636933e-01  3.028096e-04  2.831059e-04  6.513383e-02 -3.497932e-01 -1.970365e-05  1.390016e-02  6.700021e-04  3.028096e-04  5.123367e-02 -3.636933e-01  6.787738e-01  1.211697e-01 -7.630972e-01 -1.301233e-03  2.599113e-02 -3.416880e-02  6.800751e-01  9.517854e-02 -7.289284e-01 
       12   0.00000   0.67733   0.21979   0.00235   0.90392  6.673864e-02 -3.593743e-01  3.718553e-04  1.398743e-02  6.776212e-04  7.104549e-05  5.275121e-02 -3.600519e-01  3.008098e-04  3.718553e-04  6.673864e-02 -3.460645e-01  7.104549e-05  1.398743e-02  6.776212e-04  3.008098e-04  5.275121e-02 -3.600519e-01  6.893910e-01  1.272296e-01 -7.628456e-01 -1.118677e-03  2.669612e-02 -3.437850e-02  6.905096e-01  1.005334e-01 -7.284671e-01 
       13   0.00000   0.72036   0.21979   0.00235   0.91165  6.798941e-02 -3.531118e-01  4.366974e-04  1.413407e-02  7.114866e-04  7.398417e-05  5.385535e-02 -3.538233e-01  3.627132e-04  4.366974e-04  6.798941e-02 -3.396893e-01  7.398417e-05  1.413407e-02  7.114866e-04  3.627132e-04  5.385535e-02 -3.538233e-01  6.944682e-01  1.327627e-01 -7.576345e-01 -1.210206e-03  2.764982e-02 -3.470118e-02  6.956784e-01  1.051129e-01 -7.229333e-01 
       14   0.00000   0.76338   0.21979   0.00235   0.91159  6.696939e-02 -3.433998e-01  6.830954e-04  1.408118e-02  7.081879e-04  7.943237e-05  5.288821e-02 -3.441080e-01  6.036630e-04  6.830954e-04  6.696939e-02 -3.300268e-01  7.943237e-05  1.408118e-02  7.081879e-04  6.036630e-04  5.288821e-02 -3.441080e-01  6.924613e-01  1.335293e-01 -7.414520e-01 -1.223884e-03  2.821268e-02 -3.457223e-02  6.936852e-01  1.053166e-01 -7.068798e-01 
       15   0.00000   0.80640   0.21979   0.00235   0.91183  6.583634e-02 -3.278094e-01  9.444166e-04  1.400726e-02  7.061232e-04  8.491609e-05  5.182908e-02 -3.285155e-01  8.595005e-04  9.444166e-04  6.583634e-02 -3.145083e-01  8.491609e-05  1.400726e-02  7.061232e-04  8.595005e-04  5.182908e-02 -3.285155e-01  6.774637e-01  1.339217e-01 -7.145867e-01 -1.239697e-03  2.872712e-02 -3.438842e-02  6.787034e-01  1.051946e-01 -6.801983e-01 
       16   0.00000   0.84942   0.21979   0.00235   0.92156  6.502867e-02 -3.069420e-01  1.281107e-03  1.414242e-02  7.211998e-04  1.120511e-04  5.088624e-02 -3.076632e-01  1.169056e-03  1.281107e-03  6.502867e-02 -2.935207e-01  1.120511e-04  1.414242e-02  7.211998e-04  1.169056e-03  5.088624e-02 -3.076632e-01  6.500158e-01  1.348039e-01 -6.801344e-01 -1.236741e-03  2.964456e-02 -3.470860e-02  6.512525e-01  1.051593e-01 -6.454258e-01 
       17   0.00000   0.89244   0.21979   0.00235   0.92365  6.247029e-02 -2.780069e-01  3.603879e-03  1.406777e-02  7.213401e-04  1.010924e-04  4.840253e-02 -2.787282e-01  3.502786e-03  3.603879e-03  6.247029e-02 -2.646604e-01  1.010924e-04  1.406777e-02  7.213401e-04  3.502786e-03  4.840253e-02 -2.787282e-01  6.081741e-01  1.283538e-01 -6.278085e-01 -1.299267e-03  3.017643e-02 -3.451981e-02  6.094734e-01  9.817739e-02 -5.932887e-01 
       18   0.00000   0.93547   0.21979   0.00235   0.92487  5.638548e-02 -2.353261e-01  1.471243e-02  1.393500e-02  7.211698e-04  1.028859e-04  4.245048e-02 -2.360473e-01  1.460955e-02  1.471243e-02  5.638548e-02 -2.221123e-01  1.028859e-04  1.393500e-02  7.211698e-04  1.460955e-02  4.245048e-02 -2.360473e-01  5.553488e-01  9.868944e-02 -5.436963e-01 -1.328909e-03  3.055517e-02 -3.418468e-02  5.566777e-01  6.813427e-02 -5.095116e-01 
       19   0.00000   0.97849   0.21979   0.00235   0.92520  5.106514e-02 -1.768399e-01  1.187300e-02  1.376360e-02  7.386104e-04  6.956501e-05  3.730154e-02 -1.775785e-01  1.180344e-02  1.187300e-02  5.106514e-02 -1.638149e-01  6.956501e-05  1.376360e-02  7.386104e-04  1.180344e-02  3.730154e-02 -1.775785e-01  4.280037e-01  9.441075e-02 -4.343515e-01 -1.486878e-03  3.088372e-02 -3.372713e-02  4.294906e-01  6.352703e-02 -4.006243e-01 



Time history of loading for wing surface: 8 --> VSP Surface: 8 ... NOTE: values per area! 

  Station    Time       S       Chord     Area      V/Vref        Cx            Cy            Cz           Cxo           Cyo           Czo          Cxi            Cyi           Czi           Cl            Cd            Cs            Clo           Cdo           Cso           Cli           Cdi           Csi           Cmx           Cmy           Cmz          Cmxo          Cmyo          Cmzo          Cmxi          Cmyi          Cmzi 
        1   0.00000   0.11280   0.21979   0.00235   1.04715  4.821066e-02  2.228345e-01 -6.871285e-02  1.712034e-02 -1.168317e-03 -7.893538e-04  3.109032e-02  2.240029e-01 -6.792349e-02 -6.871285e-02  4.821066e-02  2.411232e-01 -7.893538e-04  1.712034e-02 -1.168317e-03 -6.792349e-02  3.109032e-02  2.240029e-01 -1.357063e-01  1.915095e-01  4.860971e-01  3.616675e-03  2.489127e-02  4.160087e-02 -1.393230e-01  1.666182e-01  4.444962e-01 
        2   0.00000   0.24711   0.21979   0.00235   1.06068  9.622274e-02  4.039152e-01 -7.238033e-02  1.814767e-02 -1.380034e-03 -5.426728e-04  7.807506e-02  4.052952e-01 -7.183765e-02 -7.238033e-02  9.622274e-02  4.234429e-01 -5.426728e-04  1.814767e-02 -1.380034e-03 -7.183765e-02  7.807506e-02  4.052952e-01 -3.985698e-01  2.693306e-01  9.242753e-01  3.353684e-03  2.683958e-02  4.389759e-02 -4.019234e-01  2.424910e-01  8.803777e-01 
        3   0.00000   0.29013   0.21979   0.00235   0.92195  7.267166e-02  3.535413e-01 -4.908960e-03  1.436182e-02 -7.386024e-04 -7.588894e-04  5.830984e-02  3.542799e-01 -4.150070e-03 -4.908960e-03  7.267166e-02  3.686417e-01 -7.588894e-04  1.436182e-02 -7.386024e-04 -4.150070e-03  5.830984e-02  3.542799e-01 -5.122359e-01  1.161120e-01  7.674367e-01  3.013632e-03  2.239267e-02  3.523828e-02 -5.152495e-01  9.371931e-02  7.321984e-01 
        4   0.00000   0.33316   0.21979   0.00235   0.88176  5.910062e-02  3.151993e-01 -9.765883e-04  1.322285e-02 -4.916754e-04 -6.861627e-04  4.587777e-02  3.156910e-01 -2.904256e-04 -9.765883e-04  5.910062e-02  3.289139e-01 -6.861627e-04  1.322285e-02 -4.916754e-04 -2.904256e-04  4.587777e-02  3.156910e-01 -4.807539e-01  9.204811e-02  6.587114e-01  2.486854e-03  2.123241e-02  3.270919e-02 -4.832407e-01  7.081570e-02  6.260023e-01 
        5   0.00000   0.37618   0.21979   0.00235   0.86793  5.078138e-02  3.290284e-01 -8.623468e-04  1.298514e-02 -5.228711e-04 -4.474555e-04  3.779624e-02  3.295513e-01 -4.148913e-04 -8.623468e-04  5.078138e-02  3.425364e-01 -4.474555e-04  1.298514e-02 -5.228711e-04 -4.148913e-04  3.779624e-02  3.295513e-01 -5.178812e-01  8.162345e-02  6.617709e-01  1.956707e-03  2.115353e-02  3.206474e-02 -5.198379e-01  6.046992e-02  6.297061e-01 
        6   0.00000   0.41920   0.21979   0.00235   0.87315  5.260809e-02  3.394030e-01 -1.084266e-03  1.316191e-02 -5.430044e-04 -4.233481e-04  3.944618e-02  3.399460e-01 -6.609175e-04 -1.084266e-03  5.260809e-02  3.531079e-01 -4.233481e-04  1.316191e-02 -5.430044e-04 -6.609175e-04  3.944618e-02  3.399460e-01 -5.499703e-01  8.745559e-02  6.844172e-01  1.953636e-03  2.202930e-02  3.248290e-02 -5.519239e-01  6.542629e-02  6.519343e-01 
        7   0.00000   0.46222   0.21979   0.00235   0.88934  6.468163e-02  3.531261e-01 -4.917955e-04  1.361438e-02 -6.228680e-04 -2.296771e-04  5.106725e-02  3.537490e-01 -2.621185e-04 -4.917955e-04  6.468163e-02  3.673634e-01 -2.296771e-04  1.361438e-02 -6.228680e-04 -2.621185e-04  5.106725e-02  3.537490e-01 -5.906985e-01  1.092314e-01  7.384639e-01  1.624283e-03  2.314515e-02  3.351333e-02 -5.923228e-01  8.608624e-02  7.049506e-01 
        8   0.00000   0.50524   0.21979   0.00235   0.88929  6.618928e-02  3.602051e-01 -1.430145e-04  1.365386e-02 -6.248732e-04 -2.265682e-04  5.253542e-02  3.608300e-01  8.355374e-05 -1.430145e-04  6.618928e-02  3.744839e-01 -2.265682e-04  1.365386e-02 -6.248732e-04  8.355374e-05  5.253542e-02  3.608300e-01 -6.206884e-01  1.143035e-01  7.551403e-01  1.649718e-03  2.386087e-02  3.361023e-02 -6.223382e-01  9.044259e-02  7.215301e-01 
        9   0.00000   0.54827   0.21979   0.00235   0.89762  6.271492e-02  3.635842e-01  1.112692e-04  1.386349e-02 -6.752430e-04 -3.199146e-05  4.885143e-02  3.642594e-01  1.432607e-04  1.112692e-04  6.271492e-02  3.781229e-01 -3.199146e-05  1.386349e-02 -6.752430e-04  1.432607e-04  4.885143e-02  3.642594e-01 -6.445615e-01  1.109505e-01  7.543723e-01  1.277383e-03  2.461200e-02  3.406877e-02 -6.458389e-01  8.633851e-02  7.203035e-01 
       10   0.00000   0.59129   0.21979   0.00235   0.89767  6.439281e-02  3.644100e-01  2.029466e-04  1.387006e-02 -6.752170e-04 -2.893393e-05  5.052274e-02  3.650852e-01  2.318805e-04  2.029466e-04  6.439281e-02  3.789552e-01 -2.893393e-05  1.387006e-02 -6.752170e-04  2.318805e-04  5.052274e-02  3.650852e-01 -6.637072e-01  1.168443e-01  7.615055e-01  1.301952e-03  2.528362e-02  3.408540e-02 -6.650092e-01  9.156069e-02  7.274201e-01 
       11   0.00000   0.63431   0.21979   0.00235   0.89846  6.517807e-02  3.631478e-01  2.572785e-04  1.388138e-02 -6.768284e-04 -1.754743e-05  5.129669e-02  3.638246e-01  2.748259e-04  2.572785e-04  6.517807e-02  3.777060e-01 -1.754743e-05  1.388138e-02 -6.768284e-04  2.748259e-04  5.129669e-02  3.638246e-01 -6.789416e-01  1.212980e-01  7.629253e-01  1.308537e-03  2.595301e-02  3.411173e-02 -6.802501e-01  9.534501e-02  7.288136e-01 
       12   0.00000   0.67733   0.21979   0.00235   0.90301  6.675465e-02  3.596648e-01  3.442987e-04  1.396743e-02 -6.840897e-04  7.344506e-05  5.278722e-02  3.603489e-01  2.708536e-04  3.442987e-04  6.675465e-02  3.743163e-01  7.344506e-05  1.396743e-02 -6.840897e-04  2.708536e-04  5.278722e-02  3.603489e-01 -6.898782e-01  1.273093e-01  7.628945e-01  1.125007e-03  2.665442e-02  3.431887e-02 -6.910032e-01  1.006549e-01  7.285756e-01 
       13   0.00000   0.72036   0.21979   0.00235   0.91088  6.805508e-02  3.535886e-01  4.136848e-04  1.411815e-02 -7.173596e-04  7.744086e-05  5.393693e-02  3.543059e-01  3.362439e-04  4.136848e-04  6.805508e-02  3.684241e-01  7.744086e-05  1.411815e-02 -7.173596e-04  3.362439e-04  5.393693e-02  3.543059e-01 -6.953466e-01  1.329320e-01  7.581419e-01  1.213007e-03  2.761369e-02  3.465270e-02 -6.965596e-01  1.053183e-01  7.234892e-01 
       14   0.00000   0.76338   0.21979   0.00235   0.91085  6.708941e-02  3.440539e-01  6.584279e-04  1.406671e-02 -7.146949e-04  8.293359e-05  5.302270e-02  3.447686e-01  5.754944e-04  6.584279e-04  6.708941e-02  3.588353e-01  8.293359e-05  1.406671e-02 -7.146949e-04  5.754944e-04  5.302270e-02  3.447686e-01 -6.937151e-01  1.338145e-01  7.424284e-01  1.228128e-03  2.817864e-02  3.452650e-02 -6.949432e-01  1.056359e-01  7.079019e-01 
       15   0.00000   0.80640   0.21979   0.00235   0.91108  6.591651e-02  3.284599e-01  9.117256e-04  1.399215e-02 -7.124802e-04  8.845831e-05  5.192436e-02  3.291724e-01  8.232673e-04  9.117256e-04  6.591651e-02  3.431646e-01  8.845831e-05  1.399215e-02 -7.124802e-04  8.232673e-04  5.192436e-02  3.291724e-01 -6.787210e-01  1.341463e-01  7.154701e-01  1.243841e-03  2.869100e-02  3.434128e-02 -6.799648e-01  1.054553e-01  6.811288e-01 
       16   0.00000   0.84942   0.21979   0.00235   0.92099  6.506171e-02  3.074715e-01  1.271074e-03  1.413059e-02 -7.267661e-04  1.173995e-04  5.093112e-02  3.081983e-01  1.153674e-03  1.271074e-03  6.506171e-02  3.223288e-01  1.173995e-04  1.413059e-02 -7.267661e-04  1.153674e-03  5.093112e-02  3.081983e-01 -6.511067e-01  1.348907e-01  6.806929e-01  1.234960e-03  2.961208e-02  3.467086e-02 -6.523416e-01  1.052786e-01  6.460220e-01 
       17   0.00000   0.89244   0.21979   0.00235   0.92309  6.248393e-02  2.784844e-01  3.625463e-03  1.405549e-02 -7.263786e-04  1.065261e-04  4.842844e-02  2.792108e-01  3.518936e-03  3.625463e-03  6.248393e-02  2.932663e-01  1.065261e-04  1.405549e-02 -7.263786e-04  3.518936e-03  4.842844e-02  2.792108e-01 -6.092578e-01  1.283421e-01  6.282738e-01  1.296400e-03  3.014231e-02  3.448170e-02 -6.105542e-01  9.819976e-02  5.937921e-01 
       18   0.00000   0.93547   0.21979   0.00235   0.92431  5.638427e-02  2.356780e-01  1.476926e-02  1.392190e-02 -7.263533e-04  1.084479e-04  4.246237e-02  2.364044e-01  1.466081e-02  1.476926e-02  5.638427e-02  2.503262e-01  1.084479e-04  1.392190e-02 -7.263533e-04  1.466081e-02  4.246237e-02  2.364044e-01 -5.562654e-01  9.858269e-02  5.439713e-01  1.326278e-03  3.051846e-02  3.414427e-02 -5.575917e-01  6.806423e-02  5.098270e-01 
       19   0.00000   0.97849   0.21979   0.00235   0.92463  5.110167e-02  1.771580e-01  1.191613e-02  1.374954e-02 -7.439879e-04  7.482673e-05  3.735213e-02  1.779020e-01  1.184131e-02  1.191613e-02  5.110167e-02  1.916515e-01  7.482673e-05  1.374954e-02 -7.439879e-04  1.184131e-02  3.735213e-02  1.779020e-01 -4.288313e-01  9.441646e-02  4.347748e-01  1.485692e-03  3.084465e-02  3.368403e-02 -4.303170e-01  6.357181e-02  4.010908e-01 
