2 0.000000 19.450000 1126.439207
3311 2929 
1 -10.713214 0.000000 -10.128214 19.449942 0.000067 0.000035 0.000006 
2 13.207857 0.000000 -10.128214 19.449998 0.000956 -0.000970 0.000000 
3 13.207857 0.000000 12.180179 19.450008 0.000611 0.000547 -0.000001 
4 -10.713214 0.000000 12.180179 19.449944 0.000062 -0.000017 0.000006 
5 1.247321 0.000000 1.025982 19.395609 0.002353 1.590422 -0.001101 
6 -10.713214 0.000000 1.025982 19.450094 0.000095 -0.000030 -0.000010 
7 1.247321 0.000000 -10.128214 19.449576 0.000429 -0.000976 0.000044 
8 13.207857 0.000000 1.025982 19.448769 0.025028 0.966225 -0.002343 
9 1.247321 0.000000 12.180179 19.449770 0.000243 0.000415 0.000024 
10 -4.732946 0.000000 -4.551116 19.449341 0.000249 0.000542 0.000068 
11 -10.713214 0.000000 -4.551116 19.450012 0.000093 0.000085 -0.000001 
12 -4.732946 0.000000 -10.128214 19.449723 0.000151 -0.000073 0.000028 
13 1.247321 0.000000 -4.551116 19.446579 0.000143 -0.008748 0.000352 
14 -4.732946 0.000000 1.025982 19.451206 0.000336 -0.000807 -0.000124 
15 7.227589 0.000000 -4.551116 19.451185 0.001666 -0.010292 -0.000122 
16 7.227589 0.000000 -10.128214 19.449945 0.000526 -0.001447 0.000006 
17 13.207857 0.000000 -4.551116 19.450366 0.006651 -0.009958 -0.000038 
18 7.227589 0.000000 1.025982 19.448857 0.038211 0.904605 -0.002049 
19 -4.732946 0.000000 6.603080 19.449439 0.000259 -0.000035 0.000058 
20 -10.713214 0.000000 6.603080 19.449975 0.000090 -0.000070 0.000003 
21 1.247321 0.000000 6.603080 19.448593 -0.000640 0.002861 0.000145 
22 -4.732946 0.000000 12.180179 19.449826 0.000102 0.000085 0.000018 
23 -1.742813 0.000000 -1.762567 19.443736 0.000663 0.015267 0.000643 
24 -4.732946 0.000000 -1.762567 19.450674 0.000313 0.001107 -0.000069 
25 -1.742813 0.000000 -4.551116 19.446324 0.000260 -0.000481 0.000378 
26 1.247321 0.000000 -1.762567 19.489483 0.008432 -0.285454 -0.004280 
27 -1.742813 0.000000 1.025982 19.457595 0.001200 -0.020527 -0.000782 
28 7.227589 0.000000 6.603080 19.450564 -0.000400 0.003082 -0.000058 
29 13.207857 0.000000 6.603080 19.449527 0.002661 0.005778 0.000049 
30 7.227589 0.000000 12.180179 19.449947 0.000427 0.000588 0.000005 
31 4.237455 0.000000 -1.762567 19.444817 0.016744 -0.294679 0.000303 
32 4.237455 0.000000 -4.551116 19.449237 0.000286 -0.009931 0.000078 
33 7.227589 0.000000 -1.762567 19.462924 0.025802 -0.286288 -0.001548 
34 4.237455 0.000000 1.025982 19.463687 -0.011600 0.819012 -0.003181 
35 -1.742813 0.000000 3.814531 19.444725 0.000348 -0.000304 0.000542 
36 -4.732946 0.000000 3.814531 19.449547 0.000196 -0.000693 0.000047 
37 1.247321 0.000000 3.814531 19.446448 -0.008722 0.015916 0.000364 
38 -1.742813 0.000000 6.603080 19.448381 0.000347 0.000875 0.000166 
39 -0.247746 0.000000 -0.368292 19.754833 0.003959 0.108243 -0.031622 
40 -1.742813 0.000000 -0.368292 19.472137 0.001777 0.009998 -0.002278 
41 -0.247746 0.000000 -1.762567 19.326078 0.003540 -0.029903 0.012700 
42 1.247321 0.000000 -0.368292 19.620478 0.012701 -0.693338 -0.018878 
43 -0.247746 0.000000 1.025982 19.308122 0.003920 -0.261814 0.014355 
44 4.237455 0.000000 3.814531 19.448540 -0.012223 0.010626 0.000149 
45 7.227589 0.000000 3.814531 19.450231 0.014450 0.018557 -0.000025 
46 4.237455 0.000000 6.603080 19.449863 -0.000769 0.003595 0.000014 
47 2.742388 0.000000 -0.368292 19.403917 -0.001115 -0.562046 0.003898 
48 2.742388 0.000000 -1.762567 19.435201 0.009333 -0.274509 0.001322 
49 4.237455 0.000000 -0.368292 19.471953 0.017999 -0.622482 -0.003284 
50 2.742388 0.000000 1.025982 19.424532 -0.021086 0.937841 0.000291 
51 -0.247746 0.000000 2.420257 19.403138 -0.000567 0.020178 0.004812 
52 -1.742813 0.000000 2.420257 19.440628 0.000314 -0.007745 0.000963 
53 1.247321 0.000000 2.420257 19.447992 -0.005478 0.075939 0.000191 
54 -0.247746 0.000000 3.814531 19.440313 0.000231 0.007894 0.000996 
55 0.499788 0.000000 0.328845 20.093247 0.000667 0.457852 -0.067791 
56 -0.247746 0.000000 0.328845 19.759558 0.003848 -0.092963 -0.032107 
57 0.499788 0.000000 -0.368292 20.147504 0.000300 -0.540507 -0.073781 
58 1.247321 0.000000 0.328845 19.620901 0.012990 0.609853 -0.018634 
59 0.499788 0.000000 1.025982 17.681478 -0.000179 3.929721 0.132764 
60 -7.723080 0.000000 -1.762567 19.450202 0.000207 0.000160 -0.000021 
61 -10.713214 0.000000 -1.762567 19.450083 0.000094 0.000050 -0.000009 
62 -7.723080 0.000000 -4.551116 19.449941 0.000182 0.000107 0.000006 
63 -7.723080 0.000000 1.025982 19.450260 0.000214 -0.000110 -0.000027 
64 -3.237879 0.000000 -0.368292 19.454318 0.000781 0.001308 -0.000444 
65 -4.732946 0.000000 -0.368292 19.451507 0.000347 0.000321 -0.000155 
66 -3.237879 0.000000 -1.762567 19.450619 0.000637 0.003510 -0.000064 
67 -3.237879 0.000000 1.025982 19.452787 0.000744 -0.003011 -0.000287 
68 -0.995279 0.000000 0.328845 19.520223 0.002739 -0.032926 -0.007237 
69 -1.742813 0.000000 0.328845 19.472709 0.001789 -0.009034 -0.002337 
70 -0.995279 0.000000 -0.368292 19.517736 0.002710 0.036504 -0.006981 
71 -0.995279 0.000000 1.025982 19.453395 0.002045 -0.059809 -0.000359 
72 2.742388 0.000000 2.420257 19.445310 -0.002553 0.059086 0.000473 
73 4.237455 0.000000 2.420257 19.444800 -0.005401 0.064929 0.000523 
74 2.742388 0.000000 3.814531 19.449658 -0.017872 0.011014 0.000034 
75 0.499788 0.000000 1.723119 19.284391 0.004694 0.314469 0.016695 
76 -0.247746 0.000000 1.723119 19.318667 0.003591 0.026730 0.013457 
77 1.247321 0.000000 1.723119 19.496286 0.008380 0.307929 -0.005016 
78 0.499788 0.000000 2.420257 19.409935 -0.001562 0.071384 0.004102 
79 0.126021 0.000000 0.677414 20.682556 0.003576 -0.587511 -0.131669 
80 -0.247746 0.000000 0.677414 19.640720 0.003876 -0.297163 -0.019941 
81 0.126021 0.000000 0.328845 20.089369 0.000967 0.007221 -0.066826 
82 0.499788 0.000000 0.677414 20.746532 -0.000450 1.869787 -0.147005 
83 0.126021 0.000000 1.025982 17.678155 0.006509 -0.468990 0.173315 
84 1.994855 0.000000 0.328845 19.399380 0.007733 0.504134 0.004526 
85 1.994855 0.000000 -0.368292 19.398611 0.005266 -0.576426 0.004399 
86 2.742388 0.000000 0.328845 19.403021 0.000391 0.493833 0.004180 
87 1.994855 0.000000 1.025982 19.472681 -0.004165 -0.602141 -0.003292 
88 0.873555 0.000000 0.677414 19.739367 0.002677 1.414490 -0.035265 
89 0.873555 0.000000 0.328845 19.829130 0.006009 0.591551 -0.040290 
90 1.247321 0.000000 0.677414 19.591325 0.002919 1.320932 -0.019197 
91 0.873555 0.000000 1.025982 19.248054 0.001969 1.993714 0.010151 
92 -7.723080 0.000000 3.814531 19.450000 0.000184 -0.000121 0.000000 
93 -10.713214 0.000000 3.814531 19.450030 0.000093 -0.000084 -0.000003 
94 -7.723080 0.000000 6.603080 19.449867 0.000130 -0.000132 0.000014 
95 -3.237879 0.000000 2.420257 19.449365 0.000450 -0.003183 0.000065 
96 -4.732946 0.000000 2.420257 19.450146 0.000058 -0.001424 -0.000015 
97 -3.237879 0.000000 3.814531 19.448079 -0.000131 -0.001413 0.000198 
98 -0.995279 0.000000 1.723119 19.418716 0.000592 -0.027591 0.003212 
99 -1.742813 0.000000 1.723119 19.444167 0.000677 -0.015738 0.000599 
100 -0.995279 0.000000 2.420257 19.425857 0.000117 -0.005765 0.002481 
101 0.126021 0.000000 1.374551 18.953028 0.004792 0.203741 0.050340 
102 -0.247746 0.000000 1.374551 19.246237 0.003859 -0.056769 0.020834 
103 0.499788 0.000000 1.374551 19.059878 0.005290 0.822345 0.037925 
104 0.126021 0.000000 1.723119 19.247862 0.004965 0.144107 0.020622 
105 0.312905 0.000000 0.851698 17.967931 0.001539 1.505327 0.140602 
106 0.126021 0.000000 0.851698 19.439280 0.006172 -1.448581 -0.004445 
107 0.312905 0.000000 0.677414 21.390416 0.000856 0.600087 -0.210433 
108 0.499788 0.000000 0.851698 18.101481 -0.000527 5.487929 0.054246 
109 0.312905 0.000000 1.025982 16.352961 0.000499 4.145145 0.247688 
110 -1.742813 0.000000 -7.339665 19.448754 0.000298 -0.000746 0.000128 
111 -4.732946 0.000000 -7.339665 19.449493 0.000242 -0.000151 0.000052 
112 -1.742813 0.000000 -10.128214 19.449574 0.000230 -0.000333 0.000044 
113 1.247321 0.000000 -7.339665 19.448681 0.000487 -0.002296 0.000136 
114 -0.247746 0.000000 -3.156842 19.431368 -0.000509 -0.012163 0.001915 
115 -1.742813 0.000000 -3.156842 19.442187 0.000565 0.001527 0.000803 
116 -0.247746 0.000000 -4.551116 19.444761 0.000199 -0.004537 0.000539 
117 1.247321 0.000000 -3.156842 19.444226 -0.001553 -0.029531 0.000591 
118 0.499788 0.000000 -1.065430 37.711601 0.008399 -4.250009 -2.807079 
119 -0.247746 0.000000 -1.065430 19.284158 0.003893 0.236600 0.016832 
120 0.499788 0.000000 -1.762567 19.302784 0.006334 -0.289080 0.014860 
121 1.247321 0.000000 -1.065430 38.903977 -0.012171 -2.355899 -3.015490 
122 0.126021 0.000000 -0.019724 19.938696 0.008945 0.001842 -0.050883 
123 -0.247746 0.000000 -0.019724 19.763607 0.000424 0.008089 -0.032508 
124 0.126021 0.000000 -0.368292 20.122740 0.000773 0.001952 -0.070373 
125 0.499788 0.000000 -0.019724 19.967223 0.003971 -0.022115 -0.053893 
126 0.312905 0.000000 0.503129 20.525004 0.003384 0.429864 -0.114084 
127 0.126021 0.000000 0.503129 20.308048 0.004293 -0.073225 -0.090192 
128 0.312905 0.000000 0.328845 20.168658 0.000694 0.239353 -0.075415 
129 0.499788 0.000000 0.503129 20.337688 0.003235 0.922545 -0.095612 
130 1.994855 0.000000 1.723119 19.448459 0.009043 0.227421 0.000021 
131 2.742388 0.000000 1.723119 19.433799 0.009710 0.295964 0.001433 
132 1.994855 0.000000 2.420257 19.450296 -0.002382 0.057837 -0.000039 
133 0.873555 0.000000 1.374551 19.486301 0.000978 0.892528 -0.005842 
134 1.247321 0.000000 1.374551 19.583886 0.003748 1.107024 -0.017054 
135 0.873555 0.000000 1.723119 19.425314 0.016505 0.380784 0.002153 
136 0.686671 0.000000 0.851698 19.159006 -0.029069 2.111136 0.017915 
137 0.686671 0.000000 0.677414 19.860321 0.000068 1.721941 -0.050475 
138 0.873555 0.000000 0.851698 19.511558 -0.041208 1.498300 -0.012279 
139 0.686671 0.000000 1.025982 18.568704 0.000723 2.525585 0.071708 
140 0.406346 0.000000 0.764556 24.018754 -0.006111 1.633343 -0.532024 
141 0.312905 0.000000 0.764556 20.626309 0.001347 0.537725 -0.125379 
142 0.406346 0.000000 0.677414 21.282640 -0.000080 1.321560 -0.201941 
143 0.499788 0.000000 0.764556 20.942829 -0.002806 3.085937 -0.184568 
144 0.406346 0.000000 0.851698 19.164769 0.003972 2.195839 0.016369 
145 0.873555 0.000000 -0.019724 19.798769 0.009732 -0.037707 -0.036189 
146 0.873555 0.000000 -0.368292 19.832234 0.006322 -0.675914 -0.040898 
147 1.247321 0.000000 -0.019724 19.611688 -0.007452 -0.045263 -0.016701 
148 0.686671 0.000000 0.503129 19.997283 0.005801 1.062253 -0.060051 
149 0.686671 0.000000 0.328845 19.943665 0.002737 0.567549 -0.052258 
150 0.873555 0.000000 0.503129 19.827547 -0.019680 1.007416 -0.041883 
151 0.593230 0.000000 0.764556 19.836532 -0.003553 2.508788 -0.056779 
152 0.593230 0.000000 0.677414 20.168129 -0.000540 1.910768 -0.084858 
153 0.686671 0.000000 0.764556 19.589485 -0.003615 2.015974 -0.025138 
154 0.593230 0.000000 0.851698 18.956594 -0.033179 2.857099 0.028511 
155 0.312905 0.000000 1.200266 18.334931 0.007266 1.075205 0.108317 
156 0.126021 0.000000 1.200266 18.558692 0.005587 0.157716 0.089485 
157 0.499788 0.000000 1.200266 18.789029 -0.001817 2.187932 0.054157 
158 0.312905 0.000000 1.374551 18.899553 0.005262 0.533594 0.055048 
159 0.406346 0.000000 0.938840 16.579702 -0.000204 4.087815 0.229197 
160 0.312905 0.000000 0.938840 17.335269 -0.001918 4.667904 0.148034 
161 0.499788 0.000000 0.938840 17.075234 0.000992 3.588394 0.195247 
162 0.406346 0.000000 1.025982 17.010590 0.000631 4.771498 0.174926 
163 0.453067 0.000000 0.808127 20.796743 -0.007312 3.979135 -0.185131 
164 0.406346 0.000000 0.808127 21.079501 0.000085 2.094372 -0.186172 
165 0.453067 0.000000 0.764556 22.716401 -0.011983 2.937623 -0.386892 
166 0.499788 0.000000 0.808127 19.421142 -0.005882 5.183967 -0.068072 
167 0.453067 0.000000 0.851698 18.375700 -0.000170 4.737227 0.048096 
168 0.406346 0.000000 0.590271 20.797062 0.001903 0.963994 -0.145769 
169 0.312905 0.000000 0.590271 20.878522 0.002419 0.518015 -0.152995 
170 0.406346 0.000000 0.503129 20.473674 0.003083 0.709986 -0.109365 
171 0.499788 0.000000 0.590271 20.528394 0.001491 1.293266 -0.118384 
172 0.453067 0.000000 0.720985 21.386662 -0.001570 2.046216 -0.220125 
173 0.406346 0.000000 0.720985 21.688401 -0.001255 1.539341 -0.249678 
174 0.453067 0.000000 0.677414 21.062723 -0.000572 1.654991 -0.179948 
175 0.499788 0.000000 0.720985 20.875127 -0.001788 2.333291 -0.166303 
176 0.686671 0.000000 1.200266 19.416021 -0.001951 1.818483 -0.005250 
177 0.873555 0.000000 1.200266 19.643530 0.000178 1.601035 -0.026775 
178 0.686671 0.000000 1.374551 19.285372 0.004266 0.921501 0.014612 
179 0.593230 0.000000 0.938840 18.009047 0.001999 2.868819 0.120926 
180 0.686671 0.000000 0.938840 18.596451 0.002871 2.226027 0.072744 
181 0.593230 0.000000 1.025982 18.289834 0.002567 2.996296 0.092008 
182 0.546509 0.000000 0.808127 19.680717 -0.000207 3.380249 -0.054068 
183 0.546509 0.000000 0.764556 20.202212 -0.003412 2.844271 -0.100229 
184 0.593230 0.000000 0.808127 19.457484 -0.002636 2.754173 -0.020821 
185 0.546509 0.000000 0.851698 18.761105 -0.059436 3.601697 0.035283 
186 0.476428 0.000000 0.786341 21.902330 -0.013182 4.017393 -0.310728 
187 0.453067 0.000000 0.786341 22.280979 -0.012307 3.603525 -0.346614 
188 0.476428 0.000000 0.764556 21.467807 -0.002228 2.995564 -0.241969 
189 0.499788 0.000000 0.786341 21.281094 -0.013928 4.889359 -0.260343 
190 0.476428 0.000000 0.808127 20.204212 -0.007790 4.675795 -0.136850 
191 -0.621512 0.000000 0.677414 19.524280 0.002741 -0.111623 -0.007686 
192 -0.995279 0.000000 0.677414 19.490743 0.002504 -0.057104 -0.004203 
193 -0.621512 0.000000 0.328845 19.590953 0.002560 -0.054779 -0.014554 
194 -0.621512 0.000000 1.025982 19.429908 0.002931 -0.109911 0.002033 
195 -0.060862 0.000000 0.851698 19.454580 0.004457 -0.664954 -0.001640 
196 -0.247746 0.000000 0.851698 19.467493 0.003878 -0.341633 -0.002108 
197 -0.060862 0.000000 0.677414 19.867956 0.004174 -0.490515 -0.044075 
198 -0.060862 0.000000 1.025982 19.040751 0.004573 -0.446392 0.041113 
199 0.219463 0.000000 0.764556 20.324778 0.002035 0.016929 -0.091975 
200 0.126021 0.000000 0.764556 20.663349 0.004080 -1.568148 -0.135158 
201 0.219463 0.000000 0.677414 21.234586 0.002348 -0.085934 -0.191943 
202 0.219463 0.000000 0.851698 19.261858 0.000462 1.142384 0.015803 
203 0.359625 0.000000 0.808127 20.621672 0.002934 1.233235 -0.128130 
204 0.312905 0.000000 0.808127 20.558900 0.001456 0.517946 -0.117985 
205 0.359625 0.000000 0.764556 21.878250 -0.000076 0.742892 -0.266737 
206 0.359625 0.000000 0.851698 18.631252 0.005349 1.509208 0.076397 
207 0.429707 0.000000 0.786341 22.981708 -0.010735 2.768668 -0.416392 
208 0.406346 0.000000 0.786341 22.155538 -0.002603 1.998770 -0.308114 
209 0.429707 0.000000 0.764556 23.373600 -0.010007 2.342768 -0.458658 
210 0.429707 0.000000 0.808127 21.361576 -0.005321 3.117660 -0.231916 
211 0.453067 0.000000 0.895269 16.409298 0.001561 3.447244 0.256816 
212 0.406346 0.000000 0.895269 16.444921 0.001410 3.129868 0.259240 
213 0.499788 0.000000 0.895269 17.006680 0.001171 3.685352 0.199559 
214 0.453067 0.000000 0.938840 16.563190 0.000088 3.895915 0.234693 
215 0.476428 0.000000 0.829912 19.325856 -0.004578 4.951665 -0.052089 
216 0.453067 0.000000 0.829912 20.020317 -0.005172 4.283751 -0.108012 
217 0.499788 0.000000 0.829912 18.835238 -0.003620 5.349797 -0.013439 
218 0.476428 0.000000 0.851698 18.214096 -0.000480 5.282940 0.049272 
219 0.464747 0.000000 0.797234 21.365326 -0.010336 3.991559 -0.248762 
220 0.453067 0.000000 0.797234 21.263003 -0.008868 3.833727 -0.233967 
221 0.464747 0.000000 0.786341 22.085490 -0.012803 3.808419 -0.327702 
222 0.476428 0.000000 0.797234 21.902330 -0.013182 4.017393 -0.310728 
223 0.464747 0.000000 0.808127 20.585343 -0.007754 4.226567 -0.167373 
224 0.429707 0.000000 0.829912 20.492478 -0.002300 3.294091 -0.138752 
225 0.406346 0.000000 0.829912 20.375662 0.001591 2.324912 -0.111737 
226 0.429707 0.000000 0.851698 18.907718 0.001012 3.896893 0.014842 
227 0.441387 0.000000 0.797234 21.521020 -0.008063 3.507577 -0.256818 
228 0.429707 0.000000 0.797234 21.766465 -0.005604 2.902292 -0.274648 
229 0.441387 0.000000 0.786341 22.633385 -0.011429 3.188054 -0.380995 
230 0.441387 0.000000 0.808127 21.120053 -0.006772 3.626889 -0.213872 
231 0.359625 0.000000 0.720985 21.751232 -0.000875 1.041450 -0.253496 
232 0.312905 0.000000 0.720985 21.720194 -0.000269 0.635475 -0.248130 
233 0.359625 0.000000 0.677414 21.382472 0.000190 0.956880 -0.211004 
234 0.382986 0.000000 0.786341 21.117155 0.001693 1.487525 -0.184626 
235 0.359625 0.000000 0.786341 22.182692 -0.000599 0.818357 -0.302507 
236 0.382986 0.000000 0.764556 23.514646 -0.002629 1.145471 -0.465099 
237 0.382986 0.000000 0.808127 20.888498 0.001878 1.749935 -0.161482 
238 0.219463 0.000000 0.938840 17.896396 -0.002242 3.869774 0.113788 
239 0.126021 0.000000 0.938840 18.606325 0.007201 -2.308757 0.070781 
240 0.219463 0.000000 1.025982 16.025601 -0.001240 1.507060 0.315122 
241 0.359625 0.000000 0.895269 17.081555 0.000740 2.514915 0.211995 
242 0.312905 0.000000 0.895269 18.062042 0.000403 2.659694 0.118929 
243 0.359625 0.000000 0.938840 16.861915 -0.000234 4.385678 0.197578 
244 0.382986 0.000000 0.829912 20.414854 0.003051 1.853395 -0.110755 
245 0.359625 0.000000 0.829912 19.985051 0.004472 1.476973 -0.061541 
246 0.382986 0.000000 0.851698 19.036794 0.004890 1.839504 0.033093 
247 0.394666 0.000000 0.797234 21.199398 0.000885 1.767167 -0.196231 
248 0.382986 0.000000 0.797234 21.166730 0.001474 1.636122 -0.191394 
249 0.394666 0.000000 0.786341 21.193741 0.000973 1.686993 -0.194865 
250 0.406346 0.000000 0.797234 21.180947 0.000070 1.996615 -0.196447 
251 0.394666 0.000000 0.808127 20.925238 0.001129 1.970088 -0.167708 
252 0.266184 0.000000 0.808127 20.353725 0.001914 0.298733 -0.095323 
253 0.219463 0.000000 0.808127 20.323105 0.002026 -0.196920 -0.091897 
254 0.266184 0.000000 0.764556 20.344492 0.001942 0.288953 -0.094314 
255 0.266184 0.000000 0.851698 18.777666 0.001097 1.530923 0.061744 
256 0.336265 0.000000 0.786341 21.203693 0.000684 0.630971 -0.189510 
257 0.312905 0.000000 0.786341 20.558900 0.001456 0.517946 -0.117985 
258 0.336265 0.000000 0.764556 21.061613 0.000858 0.602777 -0.173545 
259 0.336265 0.000000 0.808127 21.335589 0.000516 0.655089 -0.204424 
260 0.336265 0.000000 0.829912 21.061613 0.000858 0.602777 -0.173545 
261 0.312905 0.000000 0.829912 20.483376 0.001531 0.519115 -0.109795 
262 0.336265 0.000000 0.851698 17.432967 0.001685 1.331500 0.191966 
263 0.347945 0.000000 0.797234 20.644944 0.001816 1.380721 -0.131687 
264 0.336265 0.000000 0.797234 21.203693 0.000684 0.630971 -0.189510 
265 0.347945 0.000000 0.786341 21.470069 0.000355 0.670888 -0.219696 
266 0.359625 0.000000 0.797234 20.656914 0.002770 1.206814 -0.131805 
267 0.347945 0.000000 0.808127 20.192699 0.003311 1.185042 -0.081540 
268 -0.060862 0.000000 0.503129 19.953646 0.004264 -0.225473 -0.052594 
269 -0.247746 0.000000 0.503129 19.733388 0.003937 -0.185822 -0.029444 
270 -0.060862 0.000000 0.328845 19.907435 0.004436 -0.074971 -0.047605 
271 0.219463 0.000000 0.590271 20.760991 0.003266 0.083152 -0.139368 
272 0.126021 0.000000 0.590271 20.476275 0.003855 -0.229446 -0.108453 
273 0.219463 0.000000 0.503129 20.459668 0.004055 0.145582 -0.106573 
274 0.266184 0.000000 0.720985 21.683527 0.000662 0.265561 -0.243042 
275 0.219463 0.000000 0.720985 21.611154 0.001739 -0.182062 -0.234660 
276 0.266184 0.000000 0.677414 21.345155 0.001595 0.263036 -0.204551 
277 0.289544 0.000000 0.786341 20.410053 0.001788 0.431285 -0.101648 
278 0.266184 0.000000 0.786341 20.349719 0.001920 0.288834 -0.094876 
279 0.289544 0.000000 0.764556 20.388957 0.001825 0.438415 -0.099389 
280 0.289544 0.000000 0.808127 20.410053 0.001788 0.431285 -0.101648 
281 0.032580 0.000000 0.764556 19.909726 0.004370 -0.928714 -0.050111 
282 -0.060862 0.000000 0.764556 19.696617 0.004307 -0.618588 -0.026531 
283 0.032580 0.000000 0.677414 20.151310 0.004175 -0.618911 -0.074427 
284 0.032580 0.000000 0.851698 19.456420 0.004839 -1.034329 -0.003488 
285 0.172742 0.000000 0.808127 20.112186 0.002056 -1.697864 -0.076870 
286 0.126021 0.000000 0.808127 19.848298 0.002096 -2.417928 -0.056830 
287 0.172742 0.000000 0.764556 20.085884 0.002055 -1.884857 -0.075847 
288 0.172742 0.000000 0.851698 19.225989 0.008753 -0.794944 0.021231 
289 0.242823 0.000000 0.786341 20.334128 0.001974 0.189977 -0.093075 
290 0.219463 0.000000 0.786341 20.322159 0.002045 -0.161874 -0.091762 
291 0.242823 0.000000 0.764556 20.330730 0.001964 0.193040 -0.092712 
292 0.242823 0.000000 0.808127 20.334128 0.001974 0.189977 -0.093075 
293 0.266184 0.000000 0.895269 19.208161 -0.000202 2.349781 0.010118 
294 0.219463 0.000000 0.895269 20.141742 -0.001052 2.041076 -0.083408 
295 0.266184 0.000000 0.938840 17.867257 -0.004007 4.789648 0.095487 
296 0.242823 0.000000 0.829912 20.330730 0.001964 0.193040 -0.092712 
297 0.219463 0.000000 0.829912 20.323400 0.002074 -0.041877 -0.091831 
298 0.266184 0.000000 0.829912 20.352281 0.001953 0.336756 -0.095231 
299 0.242823 0.000000 0.851698 19.049248 0.000757 1.379033 0.035757 
300 0.254504 0.000000 0.797234 20.337000 0.001983 0.215576 -0.093411 
301 0.242823 0.000000 0.797234 20.332687 0.001985 0.140990 -0.092877 
302 0.254504 0.000000 0.786341 20.339286 0.001958 0.255929 -0.093707 
303 0.266184 0.000000 0.797234 20.349719 0.001920 0.288834 -0.094876 
304 0.254504 0.000000 0.808127 20.336694 0.001960 0.239825 -0.093407 
305 0.172742 0.000000 0.720985 21.311983 0.002833 -0.696644 -0.201911 
306 0.126021 0.000000 0.720985 20.770387 0.003697 -0.950986 -0.142772 
307 0.172742 0.000000 0.677414 21.004650 0.003024 -0.401475 -0.166676 
308 0.196102 0.000000 0.786341 20.164366 0.002057 -1.292236 -0.079220 
309 0.172742 0.000000 0.786341 20.112186 0.002056 -1.697864 -0.076870 
310 0.196102 0.000000 0.764556 20.313291 0.002048 -0.577169 -0.091621 
311 0.196102 0.000000 0.808127 20.150661 0.002060 -1.382226 -0.078395 
312 -0.621512 0.000000 1.374551 19.381950 0.002897 -0.055096 0.006977 
313 -0.995279 0.000000 1.374551 19.427156 0.001553 -0.044254 0.002342 
314 -0.621512 0.000000 1.723119 19.382212 0.001098 -0.023584 0.006957 
315 -0.060862 0.000000 1.200266 19.002220 0.004549 -0.139587 0.045463 
316 -0.247746 0.000000 1.200266 19.241840 0.003987 -0.144201 0.021235 
317 -0.060862 0.000000 1.374551 19.114620 0.004300 0.011521 0.034189 
318 0.032580 0.000000 0.938840 18.990671 0.005121 -0.925386 0.044410 
319 -0.060862 0.000000 0.938840 19.209441 0.004534 -0.599759 0.023632 
320 0.032580 0.000000 1.025982 18.683678 0.005146 -0.563209 0.076408 
321 0.172742 0.000000 0.895269 20.665684 -0.000600 -0.000219 -0.128913 
322 0.126021 0.000000 0.895269 19.570055 0.006890 -1.570858 -0.018906 
323 0.172742 0.000000 0.938840 18.161834 0.000364 1.065820 0.125070 
324 0.196102 0.000000 0.829912 20.310793 0.002027 -0.714825 -0.091823 
325 0.172742 0.000000 0.829912 20.052148 0.002062 -2.088418 -0.074405 
326 0.196102 0.000000 0.851698 19.143789 0.011373 -0.184187 0.031149 
327 0.207783 0.000000 0.797234 20.305182 0.002036 -0.540797 -0.090643 
328 0.196102 0.000000 0.797234 20.177026 0.002052 -1.240335 -0.080222 
329 0.207783 0.000000 0.786341 20.305182 0.002036 -0.540797 -0.090643 
330 0.219463 0.000000 0.797234 20.323150 0.002053 -0.154326 -0.091862 
331 0.207783 0.000000 0.808127 20.302069 0.002027 -0.595710 -0.090474 
332 0.079300 0.000000 0.808127 19.779721 0.004819 -1.321411 -0.038808 
333 0.032580 0.000000 0.808127 19.688243 0.004629 -1.016580 -0.027380 
334 0.079300 0.000000 0.764556 20.132299 0.004378 -1.172697 -0.075025 
335 0.079300 0.000000 0.851698 19.473114 0.005296 -1.292986 -0.006798 
336 0.149382 0.000000 0.786341 20.052148 0.002062 -2.088418 -0.074405 
337 0.126021 0.000000 0.786341 19.848298 0.002096 -2.417928 -0.056830 
338 0.149382 0.000000 0.764556 19.953301 0.002080 -2.484294 -0.068737 
339 0.149382 0.000000 0.808127 20.052148 0.002062 -2.088418 -0.074405 
340 0.184422 0.000000 0.797234 20.163994 0.002055 -1.407161 -0.080000 
341 0.172742 0.000000 0.797234 20.126575 0.002053 -1.713597 -0.078543 
342 0.184422 0.000000 0.786341 20.133296 0.002064 -1.530732 -0.077690 
343 0.184422 0.000000 0.808127 20.133296 0.002064 -1.530732 -0.077690 
344 0.149382 0.000000 0.829912 19.953301 0.002080 -2.484294 -0.068737 
345 0.126021 0.000000 0.829912 19.464993 0.005779 -1.659956 -0.008826 
346 0.149382 0.000000 0.851698 19.343663 0.007114 -1.269854 0.006642 
347 0.161062 0.000000 0.797234 20.043327 0.002063 -2.178329 -0.074484 
348 0.149382 0.000000 0.797234 20.052148 0.002062 -2.088418 -0.074405 
349 0.161062 0.000000 0.786341 20.085884 0.002055 -1.884857 -0.075847 
350 0.161062 0.000000 0.808127 20.085884 0.002055 -1.884857 -0.075847 
351 0.418026 0.000000 0.797234 21.712374 -0.003407 2.468562 -0.262273 
352 0.418026 0.000000 0.786341 22.957280 -0.007095 2.305522 -0.407213 
353 0.418026 0.000000 0.808127 21.393943 -0.002296 2.349653 -0.224474 
354 0.441387 0.000000 0.819020 20.561828 -0.005435 3.851412 -0.156805 
355 0.429707 0.000000 0.819020 20.871396 -0.003375 3.142321 -0.177601 
356 0.453067 0.000000 0.819020 20.498886 -0.006126 4.055496 -0.154239 
357 0.441387 0.000000 0.829912 20.362908 -0.004464 3.826097 -0.134772 
358 0.435547 0.000000 0.802680 21.424385 -0.006329 3.279674 -0.241759 
359 0.429707 0.000000 0.802680 21.361576 -0.005321 3.117660 -0.231916 
360 0.435547 0.000000 0.797234 21.506204 -0.006909 3.326168 -0.251856 
361 0.441387 0.000000 0.802680 21.268370 -0.007097 3.552134 -0.229073 
362 0.435547 0.000000 0.808127 21.133496 -0.005845 3.427875 -0.211663 
363 0.546509 0.000000 0.895269 17.699575 0.001153 3.272937 0.143577 
364 0.593230 0.000000 0.895269 18.222452 0.002363 2.736563 0.102447 
365 0.546509 0.000000 0.938840 17.517118 0.001190 3.264740 0.160704 
366 0.523148 0.000000 0.829912 18.040939 -0.000487 5.614204 0.056325 
367 0.523148 0.000000 0.808127 19.961374 0.003125 3.834106 -0.092133 
368 0.546509 0.000000 0.829912 19.251379 -0.034363 3.560998 -0.013204 
369 0.523148 0.000000 0.851698 18.040939 -0.000487 5.614204 0.056325 
370 0.476428 0.000000 0.873483 17.736706 -0.000064 5.067854 0.100524 
371 0.453067 0.000000 0.873483 17.381552 0.000525 4.290869 0.152715 
372 0.499788 0.000000 0.873483 17.877756 -0.000263 5.290618 0.081146 
373 0.476428 0.000000 0.895269 16.606639 0.001472 3.610751 0.236542 
374 0.488108 0.000000 0.840805 18.710723 -0.002914 5.285850 0.000717 
375 0.476428 0.000000 0.840805 18.893306 -0.003298 5.143750 -0.013515 
376 0.488108 0.000000 0.829912 19.168686 -0.004383 5.092590 -0.039837 
377 0.499788 0.000000 0.840805 18.366326 -0.001758 5.475960 0.029063 
378 0.488108 0.000000 0.851698 18.128384 -0.000530 5.429387 0.053359 
379 0.464747 0.000000 0.840805 19.220268 -0.003990 4.919346 -0.040487 
380 0.453067 0.000000 0.840805 19.812765 -0.004934 4.440194 -0.089765 
381 0.464747 0.000000 0.829912 19.576630 -0.004910 4.718904 -0.071927 
382 0.464747 0.000000 0.851698 18.196161 -0.000335 5.143482 0.054842 
383 0.418026 0.000000 0.819020 20.532755 0.000130 2.470825 -0.130574 
384 0.406346 0.000000 0.819020 20.621440 0.000822 2.279237 -0.137816 
385 0.418026 0.000000 0.829912 20.315784 0.000815 2.516278 -0.107745 
386 0.394666 0.000000 0.819020 20.608451 0.001588 2.094978 -0.134270 
387 0.382986 0.000000 0.819020 20.710692 0.002163 1.787082 -0.142277 
388 0.394666 0.000000 0.829912 20.471810 0.002107 2.099048 -0.119477 
389 0.219463 0.000000 1.113124 17.714978 0.007394 0.768208 0.168891 
390 0.126021 0.000000 1.113124 18.211214 0.005731 0.025310 0.123323 
391 0.312905 0.000000 1.113124 17.386961 -0.001096 2.187350 0.188240 
392 0.219463 0.000000 1.200266 18.359372 0.006239 0.549909 0.108203 
393 0.172742 0.000000 0.982411 15.293769 -0.001016 0.143901 0.381659 
394 0.126021 0.000000 0.982411 17.494278 0.006967 -1.225948 0.187019 
395 0.219463 0.000000 0.982411 15.091370 -0.000808 2.742144 0.378093 
396 0.172742 0.000000 1.025982 16.817448 0.009192 0.172081 0.252301 
397 0.266184 0.000000 0.982411 16.349144 -0.001902 4.651210 0.236251 
398 0.312905 0.000000 0.982411 16.610177 -0.000229 4.929728 0.206455 
399 0.266184 0.000000 1.025982 15.851671 -0.000102 3.072270 0.310831 
400 0.196102 0.000000 0.960626 15.658052 0.000167 2.472790 0.335745 
401 0.172742 0.000000 0.960626 14.386821 0.000833 0.604663 0.451904 
402 0.196102 0.000000 0.938840 18.629561 -0.000924 2.770430 0.062296 
403 0.219463 0.000000 0.960626 17.464500 -0.001745 3.910470 0.153322 
404 0.196102 0.000000 0.982411 14.750041 -0.000616 1.419832 0.419566 
405 0.032580 0.000000 1.113124 18.690983 0.004922 -0.239021 0.076374 
406 -0.060862 0.000000 1.113124 18.983668 0.004526 -0.274546 0.047178 
407 0.032580 0.000000 1.200266 18.803114 0.004941 -0.053794 0.065404 
408 0.079300 0.000000 0.982411 18.427788 0.005716 -0.968173 0.099872 
409 0.032580 0.000000 0.982411 18.793126 0.005166 -0.762312 0.064868 
410 0.079300 0.000000 0.938840 18.811844 0.005744 -1.262774 0.060328 
411 0.079300 0.000000 1.025982 18.320564 0.005609 -0.598221 0.111819 
412 0.149382 0.000000 0.960626 11.892760 0.001360 -0.639459 0.625044 
413 0.126021 0.000000 0.960626 17.758106 0.007152 -1.875810 0.157106 
414 0.149382 0.000000 0.938840 18.254346 0.000807 0.175002 0.119086 
415 0.149382 0.000000 0.982411 16.489899 0.009157 -1.073559 0.278172 
416 0.196102 0.000000 0.917054 21.835370 -0.002755 2.150495 -0.272548 
417 0.172742 0.000000 0.917054 22.655447 -0.002140 0.409307 -0.357212 
418 0.196102 0.000000 0.895269 20.483386 -0.000615 0.901692 -0.111233 
419 0.219463 0.000000 0.917054 20.105947 -0.002763 3.257976 -0.096645 
420 0.184422 0.000000 0.949733 17.869178 -0.000256 2.079300 0.144518 
421 0.172742 0.000000 0.949733 17.461707 0.000643 0.891873 0.191899 
422 0.184422 0.000000 0.938840 18.153770 -0.000333 2.208764 0.115951 
423 0.196102 0.000000 0.949733 17.779873 -0.000960 2.983522 0.140832 
424 0.184422 0.000000 0.960626 15.253775 0.000272 1.863297 0.375765 
425 0.242823 0.000000 0.960626 17.166026 -0.002893 4.432629 0.169129 
426 0.242823 0.000000 0.938840 17.892459 -0.003292 4.340957 0.103934 
427 0.266184 0.000000 0.960626 16.947611 -0.003123 4.661063 0.183333 
428 0.242823 0.000000 0.982411 15.756505 -0.000907 3.843878 0.304676 
429 0.207783 0.000000 0.949733 17.776189 -0.001290 3.358979 0.134884 
430 0.207783 0.000000 0.938840 18.112434 -0.001399 3.317703 0.103713 
431 0.219463 0.000000 0.949733 17.847401 -0.001981 3.842496 0.118974 
432 0.207783 0.000000 0.960626 17.201429 -0.001122 3.496686 0.185530 
433 0.406346 0.000000 1.113124 18.017607 -0.001438 2.877231 0.119983 
434 0.499788 0.000000 1.113124 18.887996 -0.001268 3.131961 0.031025 
435 0.406346 0.000000 1.200266 18.527578 0.009059 1.526530 0.086441 
436 0.359625 0.000000 0.982411 16.643045 0.000309 4.912882 0.204004 
437 0.406346 0.000000 0.982411 16.776066 0.000480 4.859688 0.193627 
438 0.359625 0.000000 1.025982 16.736579 0.000821 4.665296 0.202019 
439 0.289544 0.000000 0.960626 16.814984 -0.002181 4.858096 0.190212 
440 0.289544 0.000000 0.938840 17.747304 -0.003621 4.663742 0.109926 
441 0.312905 0.000000 0.960626 16.628986 -0.000406 4.916924 0.205135 
442 0.289544 0.000000 0.982411 16.459697 -0.000597 4.785821 0.223305 
443 0.266184 0.000000 1.069553 16.728065 -0.001252 1.741982 0.252284 
444 0.219463 0.000000 1.069553 17.132382 0.010069 0.955107 0.221705 
445 0.312905 0.000000 1.069553 16.946442 -0.000754 2.800815 0.220131 
446 0.266184 0.000000 1.113124 17.611857 0.009694 1.300679 0.175608 
447 0.289544 0.000000 1.004197 16.077793 0.000111 4.227168 0.269462 
448 0.266184 0.000000 1.004197 15.859677 -0.000413 3.853739 0.295853 
449 0.312905 0.000000 1.004197 16.322307 0.000555 4.999928 0.229672 
450 0.289544 0.000000 1.025982 16.076103 0.000267 3.420049 0.285921 
451 0.277864 0.000000 0.971518 16.706466 -0.002123 4.818922 0.200830 
452 0.266184 0.000000 0.971518 16.739770 -0.003062 4.658339 0.201908 
453 0.277864 0.000000 0.960626 16.883797 -0.003069 4.713963 0.187729 
454 0.289544 0.000000 0.971518 16.712144 -0.002003 4.772415 0.201507 
455 0.277864 0.000000 0.982411 16.603956 -0.002195 4.813500 0.209994 
456 0.453067 0.000000 0.982411 16.869294 0.000301 4.495427 0.194343 
457 0.499788 0.000000 0.982411 17.116249 0.000013 3.978644 0.183734 
458 0.453067 0.000000 1.025982 17.352690 0.000121 4.402742 0.152794 
459 0.359625 0.000000 1.069553 17.324157 -0.000209 3.785954 0.168761 
460 0.406346 0.000000 1.069553 17.542895 0.000144 4.178195 0.140343 
461 0.359625 0.000000 1.113124 17.749027 -0.001435 2.732439 0.147523 
462 0.382986 0.000000 1.004197 16.775673 0.000543 4.876110 0.193239 
463 0.359625 0.000000 1.004197 16.671896 0.000487 4.930031 0.201017 
464 0.382986 0.000000 0.982411 16.686825 0.000497 4.918633 0.199997 
465 0.406346 0.000000 1.004197 16.867829 0.000493 4.795740 0.187098 
466 0.382986 0.000000 1.025982 16.800292 0.000819 4.911318 0.190143 
467 0.593230 0.000000 1.113124 19.125933 0.001026 2.659747 0.014345 
468 0.686671 0.000000 1.113124 19.250104 -0.001409 2.348868 0.005865 
469 0.593230 0.000000 1.200266 19.095955 -0.001911 2.009200 0.025403 
470 0.453067 0.000000 1.069553 17.931552 -0.000095 4.112237 0.105343 
471 0.499788 0.000000 1.069553 18.226893 0.000380 3.762979 0.084384 
472 0.453067 0.000000 1.113124 18.408151 -0.001316 3.063134 0.079459 
473 0.429707 0.000000 1.004197 17.022491 0.000394 4.658975 0.176661 
474 0.429707 0.000000 0.982411 16.772242 0.000415 4.787594 0.195805 
475 0.453067 0.000000 1.004197 17.247405 0.000136 4.437780 0.161605 
476 0.429707 0.000000 1.025982 17.140692 0.000411 4.604511 0.167320 
477 0.429707 0.000000 1.047768 17.561915 0.000569 4.518634 0.130751 
478 0.406346 0.000000 1.047768 17.318732 0.000529 4.443652 0.154950 
479 0.453067 0.000000 1.047768 17.564201 0.000285 4.352574 0.134433 
480 0.429707 0.000000 1.069553 17.839977 -0.000146 4.094147 0.114394 
481 0.418026 0.000000 1.015089 16.986117 0.000516 4.765498 0.177277 
482 0.406346 0.000000 1.015089 16.959042 0.000520 4.764542 0.179731 
483 0.418026 0.000000 1.004197 16.959564 0.000505 4.780537 0.179280 
484 0.429707 0.000000 1.015089 17.140692 0.000411 4.604511 0.167320 
485 0.418026 0.000000 1.025982 17.137291 0.000449 4.673158 0.165945 
486 0.546509 0.000000 1.069553 18.347181 0.002095 3.324247 0.080974 
487 0.546509 0.000000 1.025982 18.072121 0.001361 3.382092 0.106429 
488 0.593230 0.000000 1.069553 18.510313 0.002976 2.927534 0.071637 
489 0.546509 0.000000 1.113124 19.210030 -0.000329 2.842720 0.003162 
490 0.476428 0.000000 1.047768 17.646658 0.000168 4.117134 0.132030 
491 0.476428 0.000000 1.025982 17.575004 -0.000014 4.159356 0.137777 
492 0.499788 0.000000 1.047768 17.819414 -0.000069 3.820852 0.122051 
493 0.476428 0.000000 1.069553 18.158325 -0.000175 3.918248 0.087827 
494 0.546509 0.000000 0.982411 17.474383 0.000511 3.385767 0.162529 
495 0.593230 0.000000 0.982411 17.625919 0.000283 3.014694 0.154747 
496 0.523148 0.000000 1.047768 17.987917 0.000629 3.601853 0.110398 
497 0.523148 0.000000 1.025982 17.827560 0.000441 3.629403 0.125053 
498 0.546509 0.000000 1.047768 18.135452 0.001501 3.366254 0.100650 
499 0.523148 0.000000 1.069553 18.434039 0.001266 3.476785 0.069787 
500 1.621088 0.000000 1.374551 19.740353 0.003361 0.716497 -0.031436 
501 1.621088 0.000000 1.025982 19.094157 0.001386 1.103319 0.033038 
502 1.994855 0.000000 1.374551 19.364350 -0.014385 0.230440 0.008647 
503 1.621088 0.000000 1.723119 19.485119 0.007621 0.252351 -0.003783 
504 1.060438 0.000000 1.200266 19.658062 -0.005316 1.543289 -0.027805 
505 1.060438 0.000000 1.025982 19.615382 -0.000250 1.654304 -0.024312 
506 1.247321 0.000000 1.200266 19.501218 -0.007105 1.471416 -0.010997 
507 1.060438 0.000000 1.374551 19.674059 -0.002939 1.152559 -0.026684 
508 0.780113 0.000000 1.113124 19.273333 -0.002659 2.102898 0.006394 
509 0.780113 0.000000 1.025982 18.919664 -0.000388 2.196339 0.041038 
510 0.873555 0.000000 1.113124 19.445843 0.000200 1.965008 -0.009779 
511 0.780113 0.000000 1.200266 19.409000 -0.001535 1.700977 -0.003437 
512 0.639950 0.000000 1.069553 18.670488 0.002167 2.669133 0.059717 
513 0.639950 0.000000 1.025982 18.455539 0.002510 2.726657 0.079991 
514 0.686671 0.000000 1.069553 18.848634 -0.000095 2.504347 0.044302 
515 0.639950 0.000000 1.113124 19.128850 0.000992 2.493527 0.016315 
516 1.621088 0.000000 0.677414 19.339208 -0.031852 1.158461 0.007810 
517 1.621088 0.000000 0.328845 19.443302 0.010432 0.553065 -0.000120 
518 1.994855 0.000000 0.677414 19.370939 -0.049202 1.049835 0.005193 
519 1.060438 0.000000 0.851698 19.637455 0.014292 1.449975 -0.024927 
520 1.060438 0.000000 0.677414 19.749317 0.006562 1.334052 -0.035719 
521 1.247321 0.000000 0.851698 19.378026 0.024585 1.455689 0.001784 
522 0.780113 0.000000 0.938840 18.966273 0.004564 1.857904 0.039998 
523 0.780113 0.000000 0.851698 19.338350 -0.033122 1.714922 0.003671 
524 0.873555 0.000000 0.938840 19.378059 0.007906 1.588380 0.000715 
525 0.639950 0.000000 0.982411 18.060819 0.000413 2.642405 0.119288 
526 0.639950 0.000000 0.938840 18.314705 0.001998 2.493263 0.096900 
527 0.686671 0.000000 0.982411 18.444260 0.001712 2.380438 0.085765 
528 0.733392 0.000000 1.069553 19.034997 -0.002452 2.339017 0.027757 
529 0.733392 0.000000 1.025982 18.765779 -0.000648 2.320078 0.054891 
530 0.780113 0.000000 1.069553 19.130446 -0.002731 2.182700 0.019996 
531 0.733392 0.000000 1.113124 19.320141 -0.003522 2.176419 0.000787 
532 0.663311 0.000000 1.047768 18.729607 0.000574 2.573628 0.055196 
533 0.639950 0.000000 1.047768 18.670488 0.002167 2.669133 0.059717 
534 0.663311 0.000000 1.025982 18.473275 0.002395 2.674121 0.079010 
535 0.686671 0.000000 1.047768 18.818520 -0.000083 2.504726 0.047296 
536 0.663311 0.000000 1.069553 18.828949 0.000504 2.552459 0.045620 
537 0.966996 0.000000 1.113124 19.517239 -0.001967 1.822979 -0.015711 
538 0.966996 0.000000 1.025982 19.347042 0.002889 1.795376 0.002038 
539 1.060438 0.000000 1.113124 19.623426 -0.004781 1.671789 -0.025301 
540 0.966996 0.000000 1.200266 19.661230 -0.001355 1.421176 -0.027177 
541 0.826834 0.000000 1.069553 19.257445 -0.001396 2.069576 0.008380 
542 0.826834 0.000000 1.025982 19.089804 0.000367 2.092485 0.025121 
543 0.873555 0.000000 1.069553 19.364542 -0.000163 2.002805 -0.001835 
544 0.826834 0.000000 1.113124 19.346945 -0.001246 2.031284 -0.000338 
545 0.966996 0.000000 0.938840 19.425934 0.008264 1.511225 -0.003564 
546 0.966996 0.000000 0.851698 19.652013 -0.061897 1.379922 -0.025924 
547 1.060438 0.000000 0.938840 19.619892 0.010448 1.519384 -0.023648 
548 0.920276 0.000000 1.069553 19.420550 -0.000306 1.929240 -0.006813 
549 0.920276 0.000000 1.025982 19.315788 0.002115 1.914148 0.004068 
550 0.966996 0.000000 1.069553 19.457965 -0.001351 1.849176 -0.009858 
551 0.920276 0.000000 1.113124 19.483844 -0.000089 1.899029 -0.013016 
552 -1.742813 0.000000 9.391630 19.449452 0.000321 0.000591 0.000056 
553 -4.732946 0.000000 9.391630 19.449681 0.000160 0.000054 0.000033 
554 1.247321 0.000000 9.391630 19.449461 0.000448 0.001265 0.000055 
555 -1.742813 0.000000 12.180179 19.449756 0.000178 0.000225 0.000025 
556 -0.247746 0.000000 5.208806 19.446584 -0.000552 0.002826 0.000351 
557 -1.742813 0.000000 5.208806 19.447075 -0.000352 0.000784 0.000301 
558 1.247321 0.000000 5.208806 19.447397 0.000137 0.005705 0.000268 
559 -0.247746 0.000000 6.603080 19.448258 -0.000476 0.001760 0.000179 
560 0.499788 0.000000 3.117394 19.434136 -0.001079 0.026577 0.001629 
561 -0.247746 0.000000 3.117394 19.430526 -0.000502 0.012569 0.002001 
562 1.247321 0.000000 3.117394 19.442921 -0.001592 0.030442 0.000725 
563 0.499788 0.000000 3.814531 19.441449 -0.000122 0.014045 0.000879 
564 0.873555 0.000000 2.071688 19.434520 0.006426 0.190012 0.001496 
565 0.499788 0.000000 2.071688 19.378322 0.005294 0.160994 0.007288 
566 1.247321 0.000000 2.071688 19.466765 0.007487 0.172676 -0.001804 
567 0.873555 0.000000 2.420257 19.431228 -0.001994 0.082803 0.001911 
568 1.060438 0.000000 1.548835 19.523272 0.001971 0.510164 -0.008237 
569 0.873555 0.000000 1.548835 19.444349 0.003595 0.564951 -0.000263 
570 1.247321 0.000000 1.548835 19.539693 -0.000284 0.447613 -0.009774 
571 1.060438 0.000000 1.723119 19.474393 0.019862 0.356915 -0.002848 
572 0.966996 0.000000 1.287409 19.673862 -0.002982 1.165067 -0.026740 
573 0.873555 0.000000 1.287409 19.526767 -0.004975 1.154481 -0.011433 
574 1.060438 0.000000 1.287409 19.676311 -0.004129 1.283322 -0.027760 
575 0.966996 0.000000 1.374551 19.554185 -0.003066 0.854290 -0.012671 
576 0.920276 0.000000 1.156695 19.616804 0.001151 1.777794 -0.025580 
577 0.873555 0.000000 1.156695 19.674137 0.002672 1.763373 -0.031400 
578 0.966996 0.000000 1.156695 19.631106 -0.002066 1.693922 -0.026294 
579 0.920276 0.000000 1.200266 19.632512 -0.000092 1.556833 -0.025262 
580 0.896915 0.000000 1.091339 19.425465 -0.000264 1.943994 -0.007468 
581 0.873555 0.000000 1.091339 19.392735 -0.000048 1.990042 -0.004589 
582 0.896915 0.000000 1.069553 19.402755 -0.000056 1.959377 -0.005296 
583 0.920276 0.000000 1.091339 19.449766 -0.000131 1.917927 -0.009699 
584 0.896915 0.000000 1.113124 19.468028 0.000141 1.918628 -0.011585 
585 1.434205 0.000000 1.200266 19.472792 -0.014843 1.308576 -0.006872 
586 1.434205 0.000000 1.025982 19.274382 0.000865 1.421270 0.012637 
587 1.621088 0.000000 1.200266 19.500061 -0.014407 0.890522 -0.007251 
588 1.434205 0.000000 1.374551 19.665853 0.003901 0.960796 -0.024759 
589 1.153880 0.000000 1.113124 19.540940 -0.006924 1.655983 -0.016622 
590 1.153880 0.000000 1.025982 19.506847 -0.001915 1.638157 -0.012948 
591 1.247321 0.000000 1.113124 19.455079 -0.006875 1.557580 -0.006935 
592 1.153880 0.000000 1.200266 19.562956 -0.007788 1.517797 -0.017738 
593 1.013717 0.000000 1.069553 19.568946 -0.003760 1.727829 -0.020160 
594 1.013717 0.000000 1.025982 19.547276 0.001405 1.654747 -0.017266 
595 1.060438 0.000000 1.069553 19.622645 -0.001949 1.662479 -0.025137 
596 1.013717 0.000000 1.113124 19.606009 -0.005078 1.700940 -0.023754 
597 10.217723 0.000000 3.814531 19.450069 -0.000519 0.012098 -0.000008 
598 10.217723 0.000000 1.025982 19.440047 0.076685 1.261394 -0.003198 
599 13.207857 0.000000 3.814531 19.450595 0.008472 0.014497 -0.000062 
600 10.217723 0.000000 6.603080 19.450577 0.000194 0.002337 -0.000059 
601 5.732522 0.000000 2.420257 19.445774 0.006338 0.077450 0.000419 
602 5.732522 0.000000 1.025982 19.474281 -0.005506 0.772901 -0.004078 
603 7.227589 0.000000 2.420257 19.455546 0.002513 0.076526 -0.000586 
604 5.732522 0.000000 3.814531 19.449389 -0.018994 0.013576 0.000061 
605 3.489922 0.000000 1.723119 19.440939 0.015080 0.312136 0.000673 
606 3.489922 0.000000 1.025982 19.450645 0.003925 0.879747 -0.002112 
607 4.237455 0.000000 1.723119 19.444579 0.016781 0.316338 0.000292 
608 3.489922 0.000000 2.420257 19.444626 -0.003942 0.062912 0.000542 
609 2.368622 0.000000 1.374551 19.367852 -0.002038 0.558506 0.007605 
610 2.368622 0.000000 1.025982 19.455253 -0.055039 0.985997 -0.003118 
611 2.742388 0.000000 1.374551 19.417809 0.008059 0.588288 0.002392 
612 2.368622 0.000000 1.723119 19.429634 0.015948 0.266948 0.001904 
613 1.807972 0.000000 1.200266 19.475095 -0.012524 0.034171 -0.002586 
614 1.807972 0.000000 1.025982 18.883385 0.013865 0.495377 0.056766 
615 1.994855 0.000000 1.200266 19.069115 -0.015284 -1.621967 0.031827 
616 1.807972 0.000000 1.374551 19.774614 -0.000156 0.310777 -0.033913 
617 10.217723 0.000000 -1.762567 19.459012 0.022725 -0.222930 -0.001060 
618 10.217723 0.000000 -4.551116 19.451924 0.003079 -0.007284 -0.000198 
619 13.207857 0.000000 -1.762567 19.448977 0.017617 -0.196028 0.000003 
620 5.732522 0.000000 -0.368292 19.468444 -0.009805 -0.605563 -0.002867 
621 5.732522 0.000000 -1.762567 19.447678 0.014736 -0.299149 0.000002 
622 7.227589 0.000000 -0.368292 19.425679 -0.070552 -0.607062 0.001512 
623 3.489922 0.000000 0.328845 19.436573 -0.003387 0.523455 0.000656 
624 3.489922 0.000000 -0.368292 19.438668 -0.004208 -0.596344 0.000225 
625 4.237455 0.000000 0.328845 19.471454 0.016992 0.549365 -0.003006 
626 2.368622 0.000000 0.677414 19.409407 -0.036289 1.084364 0.001058 
627 2.368622 0.000000 0.328845 19.396599 0.004369 0.490908 0.004846 
628 2.742388 0.000000 0.677414 19.415198 -0.065008 1.090760 0.000419 
629 1.807972 0.000000 0.851698 19.255717 -0.082717 0.891526 0.017759 
630 1.621088 0.000000 0.851698 19.037792 0.028331 1.098751 0.038744 
631 1.807972 0.000000 0.677414 19.332726 -0.045727 1.073844 0.008969 
632 1.994855 0.000000 0.851698 19.389036 -0.093773 0.849348 0.004329 
633 1.714530 0.000000 1.113124 19.236580 -0.008431 0.882713 0.019765 
634 1.621088 0.000000 1.113124 19.268928 -0.014521 0.985932 0.015962 
635 1.714530 0.000000 1.025982 19.079589 0.009058 0.849268 0.035819 
636 1.807972 0.000000 1.113124 19.183914 -0.010464 0.078062 0.027157 
637 1.714530 0.000000 1.200266 19.472444 -0.011601 0.828571 -0.004124 
638 2.181738 0.000000 1.200266 19.162424 -0.024747 -1.349139 0.024539 
639 2.181738 0.000000 1.025982 19.285166 -0.026217 -1.502877 0.010905 
640 2.368622 0.000000 1.200266 19.349641 -0.030027 0.841428 0.008419 
641 2.181738 0.000000 1.374551 19.297247 -0.006969 0.446201 0.015119 
642 2.181738 0.000000 0.851698 19.462992 -0.088082 0.970817 -0.003848 
643 2.181738 0.000000 0.677414 19.401833 -0.044510 1.061863 0.001961 
644 2.368622 0.000000 0.851698 19.437701 -0.072850 1.060692 -0.001724 
645 2.088297 0.000000 1.113124 19.123994 -0.023489 -1.589999 0.026557 
646 1.994855 0.000000 1.113124 19.132556 -0.016714 -1.614362 0.025486 
647 2.088297 0.000000 1.025982 19.837988 -0.013754 -0.653631 -0.041424 
648 2.181738 0.000000 1.113124 19.251422 -0.016542 -0.706130 0.018996 
649 2.088297 0.000000 1.200266 18.989878 -0.025260 -1.769276 0.038477 
650 3.116155 0.000000 1.374551 19.430209 0.016317 0.596721 0.001092 
651 3.116155 0.000000 1.025982 19.439070 -0.001247 0.909507 -0.001063 
652 3.489922 0.000000 1.374551 19.436955 0.021770 0.600481 0.000387 
653 3.116155 0.000000 1.723119 19.438508 0.012126 0.306013 0.000933 
654 2.555505 0.000000 1.200266 19.403166 -0.017872 0.816110 0.003049 
655 2.555505 0.000000 1.025982 19.421329 -0.036745 0.954785 0.000533 
656 2.742388 0.000000 1.200266 19.415124 -0.008372 0.810810 0.001845 
657 2.555505 0.000000 1.374551 19.404589 0.003011 0.580777 0.003772 
658 2.275180 0.000000 1.113124 19.257202 -0.015545 -0.480208 0.019117 
659 2.275180 0.000000 1.025982 19.340421 -0.008338 -0.063121 0.011225 
660 2.368622 0.000000 1.113124 19.340421 -0.008338 -0.063121 0.011225 
661 2.275180 0.000000 1.200266 19.298037 -0.008716 -0.076545 0.015549 
662 0.079300 0.000000 0.895269 19.218682 0.005599 -1.293803 0.019220 
663 0.032580 0.000000 0.895269 19.227058 0.005019 -1.008545 0.020104 
664 0.149382 0.000000 0.917054 20.617244 0.010122 -2.289019 -0.137477 
665 0.126021 0.000000 0.917054 19.383292 0.007115 -1.987645 -0.003596 
666 0.149382 0.000000 0.895269 20.128652 0.009218 -1.342319 -0.075765 
667 0.686671 0.000000 1.548835 19.319330 0.004392 0.565839 0.012545 
668 0.499788 0.000000 1.548835 19.197336 0.004730 0.481241 0.025200 
669 0.686671 0.000000 1.723119 19.353042 0.004673 0.363326 0.009596 
670 0.593230 0.000000 1.287409 19.134572 0.005605 1.214819 0.028271 
671 0.499788 0.000000 1.287409 18.957728 0.006221 1.148981 0.046489 
672 0.686671 0.000000 1.287409 19.283034 0.004216 1.226313 0.013120 
673 0.593230 0.000000 1.374551 19.174358 0.004998 0.889956 0.026049 
674 0.546509 0.000000 1.156695 19.017161 -0.001543 2.362349 0.029261 
675 0.499788 0.000000 1.156695 18.748677 -0.001643 2.477826 0.054586 
676 0.593230 0.000000 1.156695 19.130401 -0.001278 2.277656 0.018881 
677 0.546509 0.000000 1.200266 19.042203 -0.001834 2.141673 0.029369 
678 0.126021 0.000000 2.071688 19.358253 0.004006 0.097023 0.009387 
679 -0.247746 0.000000 2.071688 19.371896 -0.000290 0.022666 0.008014 
680 0.126021 0.000000 2.420257 19.399762 -0.000828 0.047551 0.005153 
681 0.312905 0.000000 1.548835 19.127487 0.004739 0.333855 0.032594 
682 0.126021 0.000000 1.548835 19.145815 0.004546 0.181882 0.030947 
683 0.312905 0.000000 1.723119 19.251960 0.005795 0.241691 0.020106 
684 0.406346 0.000000 1.287409 18.784285 0.006154 0.982733 0.064730 
685 0.312905 0.000000 1.287409 18.682978 0.005857 0.718365 0.075952 
686 0.406346 0.000000 1.374551 18.955404 0.005382 0.697093 0.048927 
687 0.453067 0.000000 1.156695 18.506790 -0.001918 2.351073 0.080025 
688 0.406346 0.000000 1.156695 18.188403 -0.001743 2.287029 0.111694 
689 0.453067 0.000000 1.200266 18.686455 0.010842 1.665225 0.069642 
690 0.546509 0.000000 1.243838 19.017839 0.007309 1.438131 0.038477 
691 0.499788 0.000000 1.243838 18.899141 0.007406 1.400842 0.050654 
692 0.593230 0.000000 1.243838 19.121319 0.006916 1.451852 0.027940 
693 0.546509 0.000000 1.287409 19.046998 0.006126 1.192870 0.037249 
694 0.523148 0.000000 1.178481 18.909455 -0.001823 2.209560 0.041905 
695 0.499788 0.000000 1.178481 18.819247 -0.001903 2.182663 0.051214 
696 0.523148 0.000000 1.156695 18.958644 -0.001517 2.416732 0.034448 
697 0.546509 0.000000 1.178481 19.049699 -0.001739 2.208651 0.027844 
698 0.523148 0.000000 1.200266 19.039269 -0.001777 2.140952 0.029672 
699 0.780113 0.000000 1.287409 19.412288 0.000151 1.201296 0.000059 
700 0.780113 0.000000 1.374551 19.393363 0.003034 0.917009 0.003592 
701 0.639950 0.000000 1.243838 19.142031 -0.001942 1.917650 0.021696 
702 0.639950 0.000000 1.200266 19.238636 -0.001995 1.895054 0.012123 
703 0.686671 0.000000 1.243838 19.413172 -0.001961 1.775474 -0.004549 
704 0.639950 0.000000 1.287409 19.213752 0.005023 1.223371 0.020189 
705 0.733392 0.000000 1.243838 19.410889 -0.001996 1.711944 -0.003729 
706 0.733392 0.000000 1.200266 19.415437 -0.001744 1.773934 -0.004767 
707 0.780113 0.000000 1.243838 19.405471 -0.001905 1.643909 -0.002570 
708 0.733392 0.000000 1.287409 19.350999 0.002057 1.214350 0.006256 
709 0.733392 0.000000 1.156695 19.463072 -0.002290 1.970749 -0.011611 
710 0.686671 0.000000 1.156695 19.432236 -0.001255 2.049733 -0.009280 
711 0.780113 0.000000 1.156695 19.450668 -0.001632 1.871685 -0.009329 
712 0.710032 0.000000 1.222052 19.414763 -0.002059 1.775700 -0.004715 
713 0.686671 0.000000 1.222052 19.412442 -0.002057 1.777162 -0.004490 
714 0.710032 0.000000 1.200266 19.414732 -0.002121 1.787620 -0.004824 
715 0.733392 0.000000 1.222052 19.410922 -0.002034 1.712387 -0.003737 
716 0.710032 0.000000 1.243838 19.418697 -0.002156 1.774481 -0.005107 
717 0.826834 0.000000 1.243838 19.523432 -0.001501 1.587964 -0.014231 
718 0.826834 0.000000 1.200266 19.542272 -0.000751 1.639322 -0.016614 
719 0.873555 0.000000 1.243838 19.639611 -0.001114 1.536152 -0.025830 
720 0.826834 0.000000 1.287409 19.472166 -0.002201 1.178992 -0.005955 
721 0.920276 0.000000 1.243838 19.626007 -0.001314 1.486426 -0.024021 
722 0.966996 0.000000 1.243838 19.666136 -0.002517 1.285800 -0.026718 
723 0.920276 0.000000 1.287409 19.573571 -0.008091 1.128309 -0.016112 
724 1.153880 0.000000 1.287409 19.603952 0.001911 1.228491 -0.019883 
725 1.247321 0.000000 1.287409 19.594492 0.005057 1.165115 -0.018501 
726 1.153880 0.000000 1.374551 19.565632 0.002533 1.079914 -0.015008 
727 1.013717 0.000000 1.243838 19.689958 -0.003274 1.248366 -0.028946 
728 1.013717 0.000000 1.200266 19.669676 -0.004564 1.459230 -0.028345 
729 1.060438 0.000000 1.243838 19.676311 -0.004129 1.283322 -0.027760 
730 1.013717 0.000000 1.287409 19.676845 -0.002646 1.215204 -0.027366 
731 4.237455 0.000000 9.391630 19.449742 0.000690 0.001670 0.000026 
732 7.227589 0.000000 9.391630 19.450001 0.000930 0.001761 -0.000000 
733 4.237455 0.000000 12.180179 19.449856 0.000328 0.000549 0.000015 
734 2.742388 0.000000 5.208806 19.448658 0.000178 0.006713 0.000138 
735 4.237455 0.000000 5.208806 19.449381 0.000326 0.007055 0.000064 
736 2.742388 0.000000 6.603080 19.449256 -0.000754 0.003475 0.000077 
737 1.994855 0.000000 3.117394 19.447583 -0.001892 0.027636 0.000246 
738 2.742388 0.000000 3.117394 19.447894 -0.002224 0.025932 0.000215 
739 1.994855 0.000000 3.814531 19.449232 -0.002393 0.013137 0.000079 
740 1.621088 0.000000 2.071688 19.463849 0.008807 0.152998 -0.001487 
741 1.994855 0.000000 2.071688 19.453461 0.009506 0.144636 -0.000411 
742 1.621088 0.000000 2.420257 19.452836 -0.002580 0.064147 -0.000303 
743 1.807972 0.000000 1.548835 19.491126 -0.001909 0.287301 -0.004452 
744 1.621088 0.000000 1.548835 19.518655 -0.003241 0.351269 -0.007398 
745 1.994855 0.000000 1.548835 19.432365 0.000663 0.276974 0.001610 
746 1.807972 0.000000 1.723119 19.475343 0.008032 0.224835 -0.002741 
747 1.714530 0.000000 1.287409 19.627901 -0.002887 0.681015 -0.019603 
748 1.621088 0.000000 1.287409 19.632827 -0.003046 0.907707 -0.021066 
749 1.807972 0.000000 1.287409 19.825915 0.000916 0.264586 -0.039213 
750 1.714530 0.000000 1.374551 19.847207 0.003897 0.532995 -0.042012 
751 2.368622 0.000000 2.071688 19.445880 0.010495 0.149837 0.000364 
752 2.742388 0.000000 2.071688 19.444157 0.011161 0.157141 0.000535 
753 2.368622 0.000000 2.420257 19.448373 -0.002342 0.056598 0.000159 
754 2.181738 0.000000 1.548835 19.398614 0.002928 0.330900 0.004987 
755 2.368622 0.000000 1.548835 19.404680 0.005346 0.375348 0.004282 
756 2.181738 0.000000 1.723119 19.432840 0.009596 0.242435 0.001608 
757 2.088297 0.000000 1.287409 18.775736 -0.016046 -0.682579 0.066899 
758 1.994855 0.000000 1.287409 19.194856 -0.007232 -0.582565 0.025167 
759 2.181738 0.000000 1.287409 19.159744 -0.017196 0.503104 0.028954 
760 2.088297 0.000000 1.374551 19.297555 -0.009842 0.333693 0.015320 
761 2.135017 0.000000 1.156695 19.102088 -0.022440 -1.574258 0.028903 
762 2.088297 0.000000 1.156695 19.123994 -0.023489 -1.589999 0.026557 
763 2.135017 0.000000 1.113124 19.142526 -0.022140 -1.544953 0.025056 
764 2.181738 0.000000 1.156695 19.251422 -0.016542 -0.706130 0.018996 
765 2.135017 0.000000 1.200266 19.014794 -0.021969 -1.586408 0.037597 
766 2.275180 0.000000 1.287409 19.272168 -0.013735 0.648044 0.017092 
767 2.368622 0.000000 1.287409 19.348984 -0.009760 0.688879 0.009106 
768 2.275180 0.000000 1.374551 19.332773 -0.004567 0.522023 0.011297 
769 2.228459 0.000000 1.156695 19.251422 -0.016542 -0.706130 0.018996 
770 2.228459 0.000000 1.113124 19.251422 -0.016542 -0.706130 0.018996 
771 2.275180 0.000000 1.156695 19.204547 -0.009533 -0.157827 0.025014 
772 2.228459 0.000000 1.200266 19.176946 -0.016784 -0.714735 0.026529 
773 3.116155 0.000000 0.677414 19.436043 -0.018946 1.096585 -0.001745 
774 3.116155 0.000000 0.328845 19.416474 -0.002975 0.505478 0.002769 
775 3.489922 0.000000 0.677414 19.452975 -0.004527 1.108283 -0.003553 
776 2.555505 0.000000 0.851698 19.423277 -0.054558 1.088991 -0.000397 
777 2.555505 0.000000 0.677414 19.410785 -0.028754 1.097744 0.000841 
778 2.742388 0.000000 0.851698 19.425723 -0.037564 1.104098 -0.000731 
779 2.275180 0.000000 0.938840 19.504843 -0.065481 0.898401 -0.007792 
780 2.181738 0.000000 0.938840 19.556565 -0.073483 0.795535 -0.012675 
781 2.275180 0.000000 0.851698 19.453427 -0.081141 1.027592 -0.003161 
782 2.368622 0.000000 0.938840 19.457851 -0.055509 0.930720 -0.003105 
783 2.228459 0.000000 1.069553 19.251422 -0.016542 -0.706130 0.018996 
784 2.181738 0.000000 1.069553 19.251422 -0.016542 -0.706130 0.018996 
785 2.228459 0.000000 1.025982 19.437301 -0.009342 -0.157382 0.001240 
786 2.275180 0.000000 1.069553 19.374033 -0.008578 -0.074241 0.007782 
787 2.205099 0.000000 1.134910 19.251422 -0.016542 -0.706130 0.018996 
788 2.181738 0.000000 1.134910 19.251422 -0.016542 -0.706130 0.018996 
789 2.205099 0.000000 1.113124 19.251422 -0.016542 -0.706130 0.018996 
790 2.228459 0.000000 1.134910 19.251422 -0.016542 -0.706130 0.018996 
791 2.205099 0.000000 1.156695 19.251422 -0.016542 -0.706130 0.018996 
792 2.088297 0.000000 0.938840 19.541450 -0.078609 0.638900 -0.010521 
793 1.994855 0.000000 0.938840 19.286604 0.008257 -0.065947 0.016719 
794 2.088297 0.000000 0.851698 19.443665 -0.092677 0.901555 -0.001520 
795 2.135017 0.000000 1.069553 19.202960 -0.021625 -1.498271 0.019306 
796 2.088297 0.000000 1.069553 19.155529 -0.023255 -1.622116 0.023094 
797 2.135017 0.000000 1.025982 19.390805 -0.024873 -1.382108 0.001027 
798 2.205099 0.000000 1.091339 19.251422 -0.016542 -0.706130 0.018996 
799 2.181738 0.000000 1.091339 19.251422 -0.016542 -0.706130 0.018996 
800 2.205099 0.000000 1.069553 19.251422 -0.016542 -0.706130 0.018996 
801 2.228459 0.000000 1.091339 19.251422 -0.016542 -0.706130 0.018996 
802 2.462063 0.000000 1.113124 19.407426 -0.033817 0.929976 0.002084 
803 2.462063 0.000000 1.025982 19.426620 -0.045356 0.967162 -0.000075 
804 2.555505 0.000000 1.113124 19.411136 -0.032296 0.913478 0.001784 
805 2.462063 0.000000 1.200266 19.389904 -0.023105 0.823656 0.004375 
806 2.321901 0.000000 1.156695 19.340421 -0.008338 -0.063121 0.011225 
807 2.321901 0.000000 1.113124 19.340421 -0.008338 -0.063121 0.011225 
808 2.368622 0.000000 1.156695 19.340421 -0.008338 -0.063121 0.011225 
809 2.321901 0.000000 1.200266 19.340421 -0.008338 -0.063121 0.011225 
810 2.251820 0.000000 1.134910 19.251422 -0.016542 -0.706130 0.018996 
811 2.251820 0.000000 1.113124 19.251422 -0.016542 -0.706130 0.018996 
812 2.275180 0.000000 1.134910 19.186585 -0.015594 -0.509982 0.026215 
813 2.251820 0.000000 1.156695 19.251422 -0.016542 -0.706130 0.018996 
814 2.216779 0.000000 1.124017 19.237186 -0.020116 -0.716698 0.020405 
815 2.205099 0.000000 1.124017 19.251422 -0.016542 -0.706130 0.018996 
816 2.216779 0.000000 1.113124 19.264135 -0.044415 -0.716840 0.017657 
817 2.228459 0.000000 1.124017 19.251422 -0.016542 -0.706130 0.018996 
818 2.216779 0.000000 1.134910 19.251422 -0.016542 -0.706130 0.018996 
819 0.161062 0.000000 0.949733 16.162922 0.001861 0.734835 0.308014 
820 0.149382 0.000000 0.949733 11.892760 0.001360 -0.639459 0.625044 
821 0.161062 0.000000 0.938840 18.231848 0.000680 0.437494 0.120831 
822 0.161062 0.000000 0.960626 13.051640 0.000640 -0.315736 0.549448 
823 0.780113 0.000000 0.764556 19.575379 -0.003166 1.700362 -0.020577 
824 0.780113 0.000000 0.677414 19.749407 0.001292 1.534090 -0.037245 
825 0.873555 0.000000 0.764556 19.641782 -0.002187 1.523116 -0.025950 
826 0.639950 0.000000 0.808127 19.394285 -0.003747 2.364534 -0.009058 
827 0.639950 0.000000 0.764556 19.666875 -0.003599 2.233678 -0.035614 
828 0.686671 0.000000 0.808127 19.390160 -0.004370 2.086920 -0.005369 
829 0.639950 0.000000 0.851698 19.067233 -0.029267 2.418517 0.023508 
830 0.639950 0.000000 0.895269 18.364854 0.002333 2.506729 0.091860 
831 0.686671 0.000000 0.895269 18.509594 0.002618 2.267121 0.080775 
832 0.616590 0.000000 0.829912 19.221531 0.041893 2.593459 0.005571 
833 0.593230 0.000000 0.829912 19.217788 -0.546391 2.803273 0.002174 
834 0.616590 0.000000 0.808127 19.416398 -0.003718 2.547195 -0.013699 
835 0.639950 0.000000 0.829912 19.235427 0.015227 2.398140 0.006739 
836 0.616590 0.000000 0.851698 19.015446 -0.030459 2.620273 0.026034 
837 0.733392 0.000000 0.808127 19.417154 -0.004881 1.888751 -0.006055 
838 0.733392 0.000000 0.764556 19.567569 -0.003532 1.843439 -0.021109 
839 0.780113 0.000000 0.808127 19.462910 -0.004958 1.726546 -0.009208 
840 0.733392 0.000000 0.851698 19.249101 -0.031034 1.887324 0.011133 
841 0.663311 0.000000 0.829912 19.254692 0.007061 2.236950 0.006755 
842 0.663311 0.000000 0.808127 19.387842 -0.004599 2.215542 -0.006594 
843 0.686671 0.000000 0.829912 19.278002 0.003222 2.102004 0.005928 
844 0.663311 0.000000 0.851698 19.114460 -0.029111 2.251045 0.020808 
845 1.060438 0.000000 0.503129 19.746453 -0.018426 1.001386 -0.033368 
846 1.060438 0.000000 0.328845 19.731219 0.009697 0.610846 -0.030113 
847 1.247321 0.000000 0.503129 19.614122 -0.019764 1.004311 -0.019615 
848 0.966996 0.000000 0.764556 19.715253 -0.000982 1.430241 -0.032869 
849 0.966996 0.000000 0.677414 19.758316 0.004623 1.351756 -0.036785 
850 1.060438 0.000000 0.764556 19.737767 0.000234 1.395892 -0.034960 
851 0.826834 0.000000 0.808127 19.519393 -0.004676 1.612030 -0.014018 
852 0.826834 0.000000 0.764556 19.603640 -0.003162 1.598865 -0.022618 
853 0.873555 0.000000 0.808127 19.580788 -0.004359 1.526917 -0.019657 
854 0.826834 0.000000 0.851698 19.426095 -0.037170 1.592065 -0.004247 
855 0.733392 0.000000 0.895269 18.897591 0.004559 1.940252 0.046045 
856 0.780113 0.000000 0.895269 18.967828 0.005119 1.835185 0.040063 
857 0.733392 0.000000 0.938840 18.872388 0.004318 1.984222 0.048105 
858 0.756753 0.000000 0.829912 19.366749 -0.000932 1.794791 0.000027 
859 0.733392 0.000000 0.829912 19.335206 -0.000003 1.889034 0.002336 
860 0.756753 0.000000 0.808127 19.437499 -0.004963 1.795062 -0.007233 
861 0.780113 0.000000 0.829912 19.402289 -0.001527 1.721028 -0.002930 
862 0.756753 0.000000 0.851698 19.293410 -0.032316 1.789989 0.007565 
863 0.826834 0.000000 0.895269 19.039006 0.005599 1.741454 0.033798 
864 0.873555 0.000000 0.895269 19.433189 0.043555 1.528789 -0.004455 
865 0.826834 0.000000 0.938840 19.028593 0.004550 1.783989 0.034450 
866 0.803473 0.000000 0.829912 19.437602 -0.001776 1.656297 -0.005977 
867 0.803473 0.000000 0.808127 19.490306 -0.004814 1.662884 -0.011458 
868 0.826834 0.000000 0.829912 19.473863 -0.002007 1.603286 -0.009250 
869 0.803473 0.000000 0.851698 19.382887 -0.035309 1.645524 -0.000272 
870 0.920276 0.000000 0.808127 19.638716 -0.003993 1.465176 -0.025174 
871 0.920276 0.000000 0.764556 19.682135 -0.001933 1.467659 -0.029706 
872 0.966996 0.000000 0.808127 19.687027 -0.003222 1.420637 -0.029856 
873 0.920276 0.000000 0.851698 19.588969 -0.048614 1.427644 -0.019735 
874 1.434205 0.000000 0.851698 19.318601 0.023827 1.379496 0.008434 
875 1.434205 0.000000 0.677414 19.416668 -0.012927 1.250346 -0.000708 
876 1.153880 0.000000 0.764556 19.680292 -0.000689 1.387625 -0.028910 
877 1.153880 0.000000 0.677414 19.688276 0.006643 1.336130 -0.029371 
878 1.247321 0.000000 0.764556 19.570723 -0.005467 1.365834 -0.017383 
879 1.153880 0.000000 0.851698 19.509303 0.019537 1.441720 -0.011603 
880 1.013717 0.000000 0.808127 19.717770 -0.002574 1.391982 -0.032846 
881 1.013717 0.000000 0.764556 19.735632 -0.000140 1.407311 -0.034822 
882 1.060438 0.000000 0.808127 19.725941 -0.002507 1.374210 -0.033568 
883 1.013717 0.000000 0.851698 19.694221 -0.094007 1.355561 -0.030151 
884 0.920276 0.000000 0.895269 19.529518 0.046565 1.445095 -0.013719 
885 0.966996 0.000000 0.895269 19.608075 0.050581 1.380182 -0.021363 
886 0.920276 0.000000 0.938840 19.402892 0.008133 1.545504 -0.001476 
887 0.943636 0.000000 0.829912 19.644625 -0.002339 1.421606 -0.025455 
888 0.920276 0.000000 0.829912 19.614626 -0.002494 1.448292 -0.022544 
889 0.943636 0.000000 0.808127 19.664619 -0.003576 1.440396 -0.027675 
890 0.966996 0.000000 0.829912 19.670519 -0.002243 1.400130 -0.027986 
891 0.943636 0.000000 0.851698 19.622558 -0.053923 1.401646 -0.023023 
892 1.153880 0.000000 0.938840 19.497482 0.014467 1.537072 -0.011134 
893 1.247321 0.000000 0.938840 19.362238 0.020446 1.503042 0.003031 
894 1.107159 0.000000 0.895269 19.628358 0.012599 1.495752 -0.024339 
895 1.060438 0.000000 0.895269 19.628358 0.012599 1.495752 -0.024339 
896 1.107159 0.000000 0.851698 19.635052 0.014185 1.469983 -0.024832 
897 1.153880 0.000000 0.895269 19.501067 0.017609 1.491248 -0.011137 
898 1.107159 0.000000 0.938840 19.541352 0.014456 1.508818 -0.015434 
899 1.340763 0.000000 0.938840 19.338902 0.020343 1.459994 0.005756 
900 1.340763 0.000000 0.851698 19.339451 0.024146 1.397485 0.006171 
901 1.434205 0.000000 0.938840 19.218529 0.021808 1.331714 0.018971 
902 1.340763 0.000000 1.025982 19.382740 -0.000221 1.563804 0.000440 
903 1.200601 0.000000 0.895269 19.478286 0.019246 1.480039 -0.008702 
904 1.200601 0.000000 0.851698 19.378026 0.024585 1.455689 0.001784 
905 1.247321 0.000000 0.895269 19.373775 0.022620 1.486744 0.001978 
906 1.200601 0.000000 0.938840 19.481839 0.016567 1.520329 -0.009387 
907 4.237455 0.000000 -7.339665 19.449132 0.000760 -0.003183 0.000089 
908 4.237455 0.000000 -10.128214 19.449767 0.000606 -0.001312 0.000024 
909 7.227589 0.000000 -7.339665 19.449296 0.001215 -0.003650 0.000072 
910 2.742388 0.000000 -3.156842 19.447924 -0.002176 -0.024937 0.000212 
911 2.742388 0.000000 -4.551116 19.448579 0.000171 -0.009538 0.000146 
912 4.237455 0.000000 -3.156842 19.446930 -0.002697 -0.025797 0.000314 
913 1.994855 0.000000 -1.065430 38.663172 -0.072517 0.660951 -2.952612 
914 1.994855 0.000000 -1.762567 19.449037 0.005863 -0.211568 -0.000019 
915 2.742388 0.000000 -1.065430 19.420725 -0.016255 -0.930293 0.000720 
916 1.621088 0.000000 -0.019724 19.492848 -0.003248 -0.023387 -0.004412 
917 1.621088 0.000000 -0.368292 19.436180 0.009296 -0.625718 0.000385 
918 1.994855 0.000000 -0.019724 19.417186 -0.004775 -0.018364 0.003370 
919 1.434205 0.000000 0.503129 19.480766 -0.027119 0.960034 -0.005604 
920 1.434205 0.000000 0.328845 19.511228 0.012723 0.586763 -0.007216 
921 1.621088 0.000000 0.503129 19.406197 -0.036325 0.900960 0.002350 
922 1.340763 0.000000 0.764556 19.460222 -0.014213 1.332957 -0.005749 
923 1.340763 0.000000 0.677414 19.494148 -0.004151 1.292930 -0.008964 
924 1.434205 0.000000 0.764556 19.373950 -0.025927 1.284964 0.003438 
925 1.294042 0.000000 0.895269 19.351706 0.023103 1.443845 0.004570 
926 1.294042 0.000000 0.851698 19.378026 0.024585 1.455689 0.001784 
927 1.340763 0.000000 0.895269 19.338250 0.022925 1.423408 0.006101 
928 1.294042 0.000000 0.938840 19.346142 0.020518 1.480101 0.004859 
929 1.527646 0.000000 0.938840 19.145465 0.021170 1.272500 0.026788 
930 1.527646 0.000000 0.851698 19.037792 0.028331 1.098751 0.038744 
931 1.621088 0.000000 0.938840 18.970282 0.026746 1.016539 0.045987 
932 1.527646 0.000000 1.025982 19.237404 -0.001499 1.286906 0.017364 
933 1.387484 0.000000 0.895269 19.311733 0.021818 1.401888 0.008971 
934 1.387484 0.000000 0.851698 19.318601 0.023827 1.379496 0.008434 
935 1.434205 0.000000 0.895269 19.311733 0.021818 1.401888 0.008971 
936 1.387484 0.000000 0.938840 19.334507 0.020618 1.445184 0.006319 
937 1.527646 0.000000 0.764556 19.319341 -0.038947 1.232306 0.009372 
938 1.527646 0.000000 0.677414 19.365909 -0.022972 1.204565 0.004791 
939 1.621088 0.000000 0.764556 19.291422 -0.051643 1.176027 0.012577 
940 1.480926 0.000000 0.895269 19.199076 0.024352 1.287245 0.021254 
941 1.480926 0.000000 0.851698 19.323396 0.024057 1.360167 0.008084 
942 1.527646 0.000000 0.895269 19.137724 0.024678 1.233544 0.027829 
943 1.480926 0.000000 0.938840 19.186058 0.021468 1.309779 0.022420 
944 1.714530 0.000000 0.938840 18.866453 0.026175 0.827955 0.057291 
945 1.714530 0.000000 0.851698 19.225023 -0.070299 0.968356 0.020508 
946 1.807972 0.000000 0.938840 18.949053 0.018435 0.590034 0.049927 
947 1.807972 0.000000 0.503129 19.376400 -0.009291 0.828833 0.005738 
948 1.807972 0.000000 0.328845 19.412564 0.009119 0.527855 0.003109 
949 1.994855 0.000000 0.503129 19.382551 -0.015532 0.803525 0.005216 
950 1.714530 0.000000 0.764556 19.286881 -0.062377 1.120254 0.013375 
951 1.714530 0.000000 0.677414 19.331061 -0.040005 1.115576 0.008899 
952 1.807972 0.000000 0.764556 19.303977 -0.070650 1.072187 0.011907 
953 1.667809 0.000000 0.895269 18.965044 0.028576 0.976132 0.046724 
954 1.621088 0.000000 0.895269 19.017139 0.025245 1.136242 0.040600 
955 1.667809 0.000000 0.851698 19.223010 -0.062898 1.009521 0.020500 
956 1.714530 0.000000 0.895269 18.899997 0.028998 0.836984 0.053902 
957 1.667809 0.000000 0.938840 18.941796 0.025710 0.982098 0.049023 
958 1.901413 0.000000 0.938840 19.096859 0.008024 0.220512 0.035854 
959 1.901413 0.000000 0.851698 19.315721 -0.090840 0.837519 0.011884 
960 1.901413 0.000000 1.025982 19.083703 0.005652 -0.078071 0.037295 
961 1.761251 0.000000 0.895269 18.899997 0.028998 0.836984 0.053902 
962 1.761251 0.000000 0.851698 19.235945 -0.077086 0.927905 0.019598 
963 1.807972 0.000000 0.895269 19.218551 -0.134351 0.724407 0.022223 
964 1.761251 0.000000 0.938840 18.919115 0.018854 0.634006 0.052781 
965 2.368622 0.000000 -0.019724 19.400744 -0.005375 -0.014751 0.005058 
966 2.368622 0.000000 -0.368292 19.398261 0.002608 -0.556723 0.004494 
967 2.742388 0.000000 -0.019724 19.398316 -0.008038 -0.019361 0.005306 
968 2.181738 0.000000 0.503129 19.393046 -0.015100 0.792546 0.004187 
969 2.181738 0.000000 0.328845 19.396822 0.006127 0.493347 0.004817 
970 2.368622 0.000000 0.503129 19.398982 -0.009291 0.791076 0.003585 
971 2.088297 0.000000 0.764556 19.403277 -0.074983 1.057825 0.001826 
972 1.994855 0.000000 0.764556 19.372391 -0.076841 1.039315 0.005093 
973 2.088297 0.000000 0.677414 19.390927 -0.047668 1.057843 0.003101 
974 2.181738 0.000000 0.764556 19.420102 -0.070549 1.085347 -0.000055 
975 2.041576 0.000000 0.895269 19.451218 -0.132257 0.693521 -0.001443 
976 1.994855 0.000000 0.895269 19.406727 -0.134257 0.660952 0.003242 
977 2.041576 0.000000 0.851698 19.420384 -0.093772 0.870702 0.001016 
978 2.088297 0.000000 0.895269 19.482948 -0.129375 0.741124 -0.004887 
979 2.041576 0.000000 0.938840 19.495886 -0.079792 0.570761 -0.005602 
980 2.275180 0.000000 0.764556 19.422901 -0.064698 1.112213 -0.000496 
981 2.275180 0.000000 0.677414 19.407526 -0.040607 1.074193 0.001308 
982 2.368622 0.000000 0.764556 19.419909 -0.058065 1.131040 -0.000299 
983 2.228459 0.000000 0.895269 19.491831 -0.116519 0.892944 -0.006450 
984 2.181738 0.000000 0.895269 19.501351 -0.121254 0.847592 -0.007225 
985 2.228459 0.000000 0.851698 19.460155 -0.084797 1.002003 -0.003718 
986 2.275180 0.000000 0.895269 19.477076 -0.111682 0.927790 -0.005094 
987 2.228459 0.000000 0.938840 19.533984 -0.069748 0.857013 -0.010609 
988 2.462063 0.000000 0.938840 19.436287 -0.044473 0.933464 -0.000899 
989 2.462063 0.000000 0.851698 19.427125 -0.063967 1.078112 -0.000733 
990 2.555505 0.000000 0.938840 19.429774 -0.032446 0.929988 -0.000210 
991 2.929272 0.000000 0.851698 19.433449 -0.024482 1.116169 -0.001594 
992 2.929272 0.000000 0.677414 19.424157 -0.060458 1.101330 -0.000560 
993 3.116155 0.000000 0.851698 19.440293 -0.015191 1.124573 -0.002346 
994 2.929272 0.000000 1.025982 19.431145 -0.009071 0.924968 -0.000324 
995 2.648947 0.000000 0.938840 19.429242 -0.019862 0.925141 -0.000130 
996 2.648947 0.000000 0.851698 19.423270 -0.045931 1.097035 -0.000440 
997 2.742388 0.000000 0.938840 19.430312 -0.006799 0.917900 -0.000204 
998 2.648947 0.000000 1.025982 19.421761 -0.028541 0.945717 0.000535 
999 2.555505 0.000000 0.503129 19.403424 -0.009010 0.796470 0.003106 
1000 2.555505 0.000000 0.328845 19.400032 0.002483 0.490968 0.004494 
1001 2.742388 0.000000 0.503129 19.408421 -0.009702 0.803103 0.002566 
1002 2.648947 0.000000 0.764556 19.417669 -0.038644 1.156950 -0.000220 
1003 2.555505 0.000000 0.764556 19.416266 -0.044809 1.151055 -0.000042 
1004 2.648947 0.000000 0.677414 19.413094 -0.025787 1.103121 0.000573 
1005 2.742388 0.000000 0.764556 19.420865 -0.032751 1.162012 -0.000578 
1006 2.602226 0.000000 0.895269 19.426411 -0.079425 1.014233 -0.000312 
1007 2.555505 0.000000 0.895269 19.427282 -0.084094 1.004602 -0.000352 
1008 2.602226 0.000000 0.851698 19.423011 -0.050229 1.093377 -0.000393 
1009 2.648947 0.000000 0.895269 19.426254 -0.072483 1.026129 -0.000357 
1010 2.602226 0.000000 0.938840 19.429151 -0.026187 0.927717 -0.000134 
1011 2.929272 0.000000 1.200266 19.422504 -0.000800 0.809327 0.001094 
1012 3.116155 0.000000 1.200266 19.428924 0.004903 0.804806 0.000454 
1013 2.929272 0.000000 1.374551 19.424077 0.012433 0.594542 0.001729 
1014 2.835830 0.000000 0.938840 19.433900 0.005152 0.906427 -0.000517 
1015 2.835830 0.000000 0.851698 19.429027 -0.030435 1.110255 -0.001105 
1016 2.929272 0.000000 0.938840 19.437878 0.010793 0.888704 -0.000842 
1017 2.835830 0.000000 1.025982 19.427214 -0.014579 0.931400 0.000048 
1018 4.984989 0.000000 0.328845 19.484809 0.028169 0.544623 -0.004369 
1019 4.984989 0.000000 -0.368292 19.483973 0.026009 -0.614111 -0.004495 
1020 5.732522 0.000000 0.328845 19.468349 -0.007192 0.539101 -0.002656 
1021 4.984989 0.000000 1.025982 19.474473 -0.024202 0.755463 -0.004028 
1022 3.863689 0.000000 0.677414 19.463669 0.041855 1.118390 -0.004717 
1023 3.863689 0.000000 0.328845 19.456075 0.003009 0.541232 -0.001399 
1024 4.237455 0.000000 0.677414 19.468706 0.043779 1.105165 -0.005158 
1025 3.863689 0.000000 1.025982 19.458182 -0.000150 0.849151 -0.002748 
1026 3.303039 0.000000 0.851698 19.447927 -0.009054 1.131271 -0.003170 
1027 3.303039 0.000000 0.677414 19.444809 -0.014155 1.107140 -0.002707 
1028 3.489922 0.000000 0.851698 19.452686 -0.005504 1.132434 -0.003666 
1029 3.303039 0.000000 1.025982 19.445820 0.002707 0.896092 -0.001693 
1030 3.022713 0.000000 0.938840 19.442657 -0.003429 0.867619 -0.001235 
1031 3.022713 0.000000 0.851698 19.435992 -0.019410 1.121546 -0.001886 
1032 3.116155 0.000000 0.938840 19.446317 -0.032898 0.872246 -0.001635 
1033 3.022713 0.000000 1.025982 19.435268 -0.004685 0.917706 -0.000712 
1034 3.489922 0.000000 -1.065430 19.447314 0.006683 -0.874376 -0.001745 
1035 3.489922 0.000000 -1.762567 19.441560 0.013563 -0.290552 0.000644 
1036 4.237455 0.000000 -1.065430 19.460455 -0.010281 -0.812500 -0.002821 
1037 3.116155 0.000000 -0.019724 19.409835 -0.015895 -0.018984 0.004124 
1038 3.116155 0.000000 -0.368292 19.418115 -0.004389 -0.575921 0.002399 
1039 3.489922 0.000000 -0.019724 19.427597 -0.015619 -0.019787 0.002301 
1040 2.929272 0.000000 0.503129 19.415781 -0.010468 0.812022 0.001772 
1041 2.929272 0.000000 0.328845 19.408101 -0.001506 0.497895 0.003648 
1042 3.116155 0.000000 0.503129 19.425289 -0.010632 0.822542 0.000751 
1043 3.022713 0.000000 0.764556 19.434650 -0.019199 1.174937 -0.002072 
1044 2.929272 0.000000 0.764556 19.429750 -0.023061 1.171255 -0.001547 
1045 3.022713 0.000000 0.677414 19.429163 -0.058437 1.106556 -0.001104 
1046 3.116155 0.000000 0.764556 19.438833 -0.015645 1.178390 -0.002523 
1047 4.984989 0.000000 1.723119 19.443059 0.015089 0.318353 0.000445 
1048 5.732522 0.000000 1.723119 19.447747 0.013925 0.319569 -0.000039 
1049 4.984989 0.000000 2.420257 19.444187 0.004906 0.073486 0.000583 
1050 3.863689 0.000000 1.374551 19.441071 0.030177 0.597784 -0.000029 
1051 4.237455 0.000000 1.374551 19.443801 0.021571 0.591739 -0.000290 
1052 3.863689 0.000000 1.723119 19.443104 0.016624 0.315249 0.000446 
1053 3.303039 0.000000 1.200266 19.434105 0.013772 0.803029 -0.000071 
1054 3.489922 0.000000 1.200266 19.439707 0.016148 0.794312 -0.000610 
1055 3.303039 0.000000 1.374551 19.433766 0.019403 0.600667 0.000714 
1056 3.209597 0.000000 0.938840 19.448948 -0.042561 0.897083 -0.002024 
1057 3.209597 0.000000 0.851698 19.444301 -0.011791 1.127698 -0.002776 
1058 3.303039 0.000000 0.938840 19.451472 -0.038079 0.916398 -0.002375 
1059 3.209597 0.000000 1.025982 19.442524 0.001116 0.902291 -0.001383 
1060 3.069434 0.000000 0.895269 19.440217 -0.012072 1.039585 -0.001852 
1061 3.022713 0.000000 0.895269 19.438184 -0.013648 1.037643 -0.001632 
1062 3.069434 0.000000 0.851698 19.438054 -0.017230 1.122737 -0.002105 
1063 3.116155 0.000000 0.895269 19.442102 -0.010531 1.040759 -0.002052 
1064 3.069434 0.000000 0.938840 19.444665 -0.018918 0.865756 -0.001434 
1065 3.676805 0.000000 0.851698 19.455805 -0.004197 1.132519 -0.003987 
1066 3.676805 0.000000 0.677414 19.460087 0.038482 1.121955 -0.004369 
1067 3.863689 0.000000 0.851698 19.459240 -0.004642 1.130219 -0.004327 
1068 3.676805 0.000000 1.025982 19.455246 0.002762 0.863671 -0.002511 
1069 3.396480 0.000000 0.938840 19.453397 -0.032020 0.926675 -0.002622 
1070 3.396480 0.000000 0.851698 19.450501 -0.006995 1.131615 -0.003437 
1071 3.489922 0.000000 0.938840 19.455061 -0.027290 0.935485 -0.002836 
1072 3.396480 0.000000 1.025982 19.448456 0.003603 0.887777 -0.001925 
1073 3.676805 0.000000 1.200266 19.443089 0.016709 0.786483 -0.000925 
1074 3.863689 0.000000 1.200266 19.445344 0.024063 0.776160 -0.001115 
1075 3.676805 0.000000 1.374551 19.439386 0.023293 0.600122 0.000138 
1076 3.583364 0.000000 0.938840 19.456214 -0.024131 0.944328 -0.002998 
1077 3.583364 0.000000 0.851698 19.454340 -0.004676 1.132670 -0.003838 
1078 3.676805 0.000000 0.938840 19.457201 -0.021008 0.955116 -0.003153 
1079 3.583364 0.000000 1.025982 19.453595 0.003508 0.871110 -0.002376 
1080 4.611222 0.000000 0.677414 19.471650 0.035958 1.094486 -0.005397 
1081 4.611222 0.000000 0.328845 19.480877 0.028753 0.550860 -0.003982 
1082 4.984989 0.000000 0.677414 19.477545 -0.008525 1.102298 -0.006046 
1083 4.611222 0.000000 1.025982 19.469330 -0.023988 0.788506 -0.003634 
1084 4.050572 0.000000 0.851698 19.461296 -0.007136 1.127341 -0.004521 
1085 4.050572 0.000000 0.677414 19.467227 0.043967 1.112328 -0.005048 
1086 4.237455 0.000000 0.851698 19.463589 -0.011761 1.124940 -0.004743 
1087 4.050572 0.000000 1.025982 19.460800 -0.005080 0.833828 -0.002949 
1088 3.770247 0.000000 0.938840 19.458955 -0.013148 0.965548 -0.003386 
1089 3.770247 0.000000 0.851698 19.458058 -0.004246 1.130995 -0.004210 
1090 3.863689 0.000000 0.938840 19.460005 -0.002555 0.968741 -0.003510 
1091 3.770247 0.000000 1.025982 19.456727 0.001500 0.856415 -0.002631 
1092 4.611222 0.000000 1.374551 19.446573 0.017078 0.585796 -0.000556 
1093 4.984989 0.000000 1.374551 19.449955 0.022208 0.570980 -0.000858 
1094 4.611222 0.000000 1.723119 19.445292 0.018508 0.320562 0.000212 
1095 4.050572 0.000000 1.200266 19.447622 0.027242 0.767402 -0.001314 
1096 4.237455 0.000000 1.200266 19.449633 0.022753 0.757090 -0.001479 
1097 4.050572 0.000000 1.374551 19.442631 0.029747 0.595057 -0.000181 
1098 3.957130 0.000000 0.938840 19.461021 0.000780 0.965970 -0.003600 
1099 3.957130 0.000000 0.851698 19.460168 -0.005616 1.128385 -0.004412 
1100 4.050572 0.000000 0.938840 19.462070 -0.000788 0.965952 -0.003708 
1101 3.957130 0.000000 1.025982 19.459500 -0.002338 0.840988 -0.002847 
1102 4.424339 0.000000 0.851698 19.465746 -0.017947 1.121620 -0.004946 
1103 4.424339 0.000000 0.677414 19.470098 0.040683 1.099106 -0.005265 
1104 4.611222 0.000000 0.851698 19.468257 -0.023724 1.120692 -0.005200 
1105 4.424339 0.000000 1.025982 19.466610 -0.018582 0.802596 -0.003412 
1106 4.144014 0.000000 0.938840 19.463163 -0.003774 0.967613 -0.003829 
1107 4.144014 0.000000 0.851698 19.462417 -0.009188 1.126169 -0.004630 
1108 4.237455 0.000000 0.938840 19.464278 -0.007267 0.970173 -0.003957 
1109 4.144014 0.000000 1.025982 19.462196 -0.008190 0.826545 -0.003061 
1110 4.424339 0.000000 1.200266 19.451615 0.011880 0.746565 -0.001640 
1111 4.611222 0.000000 1.200266 19.454094 0.005837 0.735340 -0.001850 
1112 4.424339 0.000000 1.374551 19.445200 0.019488 0.587798 -0.000421 
1113 4.330897 0.000000 0.938840 19.465268 -0.010904 0.971935 -0.004068 
1114 4.330897 0.000000 0.851698 19.464642 -0.014746 1.122688 -0.004839 
1115 4.424339 0.000000 0.938840 19.466263 -0.014486 0.974940 -0.004186 
1116 4.330897 0.000000 1.025982 19.465119 -0.015180 0.810259 -0.003291 
1117 8.722656 0.000000 -0.368292 19.400931 -0.115848 -0.554695 0.004190 
1118 8.722656 0.000000 -1.762567 19.471092 0.019343 -0.251787 -0.002339 
1119 10.217723 0.000000 -0.368292 19.420164 -0.129093 -0.533877 0.002268 
1120 8.722656 0.000000 1.025982 19.466174 0.079185 1.101618 -0.004888 
1121 6.480056 0.000000 0.328845 19.452073 -0.068843 0.531603 -0.000973 
1122 6.480056 0.000000 -0.368292 19.448875 -0.043822 -0.612399 -0.000881 
1123 7.227589 0.000000 0.328845 19.426603 -0.070666 0.537822 0.001627 
1124 6.480056 0.000000 1.025982 19.463350 0.029550 0.833919 -0.003214 
1125 5.358756 0.000000 0.677414 19.480545 -0.005412 1.092843 -0.006300 
1126 5.358756 0.000000 0.328845 19.480470 0.015084 0.538884 -0.003904 
1127 5.732522 0.000000 0.677414 19.470862 -0.003632 1.055796 -0.005093 
1128 5.358756 0.000000 1.025982 19.477274 -0.028567 0.741544 -0.004262 
1129 4.798105 0.000000 0.851698 19.470654 -0.027014 1.117877 -0.005430 
1130 4.798105 0.000000 0.677414 19.474983 -0.006109 1.108332 -0.005818 
1131 4.984989 0.000000 0.851698 19.473290 -0.026593 1.114507 -0.005682 
1132 4.798105 0.000000 1.025982 19.471927 -0.025870 0.772544 -0.003835 
1133 4.517780 0.000000 0.938840 19.467233 -0.017758 0.977695 -0.004300 
1134 4.517780 0.000000 0.851698 19.466882 -0.021028 1.120444 -0.005056 
1135 4.611222 0.000000 0.938840 19.468396 -0.020474 0.981708 -0.004441 
1136 4.517780 0.000000 1.025982 19.468042 -0.021626 0.794845 -0.003527 
1137 8.722656 0.000000 2.420257 19.455117 -0.007209 0.062697 -0.000537 
1138 10.217723 0.000000 2.420257 19.449628 -0.000212 0.058375 0.000029 
1139 8.722656 0.000000 3.814531 19.451105 -0.006656 0.009979 -0.000114 
1140 6.480056 0.000000 1.723119 19.455725 0.018976 0.314882 -0.000852 
1141 7.227589 0.000000 1.723119 19.463455 0.026869 0.305144 -0.001632 
1142 6.480056 0.000000 2.420257 19.451263 -0.000417 0.080498 -0.000147 
1143 5.358756 0.000000 1.374551 19.452399 0.018798 0.554785 -0.001061 
1144 5.732522 0.000000 1.374551 19.457919 0.024733 0.542378 -0.001594 
1145 5.358756 0.000000 1.723119 19.444725 0.014422 0.319522 0.000272 
1146 4.798105 0.000000 1.200266 19.456774 0.000251 0.721458 -0.002073 
1147 4.984989 0.000000 1.200266 19.459816 -0.011880 0.706922 -0.002331 
1148 4.798105 0.000000 1.374551 19.448311 0.014533 0.581157 -0.000720 
1149 4.704664 0.000000 0.938840 19.469365 -0.022573 0.983776 -0.004552 
1150 4.704664 0.000000 0.851698 19.469427 -0.025784 1.119303 -0.005312 
1151 4.798105 0.000000 0.938840 19.470330 -0.023873 0.985507 -0.004660 
1152 4.704664 0.000000 1.025982 19.470680 -0.025501 0.780653 -0.003740 
1153 5.171872 0.000000 0.851698 19.475164 -0.028187 1.107040 -0.005831 
1154 5.171872 0.000000 0.677414 19.479614 -0.008232 1.096887 -0.006228 
1155 5.358756 0.000000 0.851698 19.476303 -0.020450 1.102253 -0.005919 
1156 5.171872 0.000000 1.025982 19.476681 -0.025448 0.740390 -0.004196 
1157 4.891547 0.000000 0.938840 19.471420 -0.024166 0.986821 -0.004780 
1158 4.891547 0.000000 0.851698 19.471963 -0.027319 1.116243 -0.005555 
1159 4.984989 0.000000 0.938840 19.472430 -0.023518 0.987718 -0.004888 
1160 4.891547 0.000000 1.025982 19.473180 -0.025182 0.764131 -0.003930 
1161 6.106289 0.000000 0.677414 19.460153 0.007289 1.056708 -0.003996 
1162 6.106289 0.000000 0.328845 19.460019 -0.050742 0.535143 -0.001794 
1163 6.480056 0.000000 0.677414 19.450045 0.006402 1.058766 -0.002968 
1164 6.106289 0.000000 1.025982 19.469947 0.021046 0.804129 -0.003763 
1165 5.545639 0.000000 0.851698 19.475443 -0.010435 1.097134 -0.005800 
1166 5.545639 0.000000 0.677414 19.475117 0.038025 1.073306 -0.005633 
1167 5.732522 0.000000 0.851698 19.472532 0.000486 1.092494 -0.005473 
1168 5.545639 0.000000 1.025982 19.476120 -0.020315 0.756028 -0.004200 
1169 5.171872 0.000000 1.200266 19.462467 -0.014427 0.691807 -0.002548 
1170 5.358756 0.000000 1.200266 19.464751 -0.014216 0.675725 -0.002725 
1171 5.171872 0.000000 1.374551 19.450469 0.019226 0.560648 -0.000880 
1172 5.265314 0.000000 0.938840 19.474865 -0.015890 0.987996 -0.005139 
1173 5.171872 0.000000 0.938840 19.474269 -0.019269 0.988238 -0.005080 
1174 5.265314 0.000000 0.851698 19.475970 -0.024720 1.104780 -0.005900 
1175 5.358756 0.000000 0.938840 19.474991 -0.011881 0.987471 -0.005149 
1176 5.265314 0.000000 1.025982 19.477259 -0.027966 0.738373 -0.004248 
1177 6.106289 0.000000 1.374551 19.462376 0.023348 0.528913 -0.002014 
1178 6.480056 0.000000 1.374551 19.465149 0.028772 0.513502 -0.002258 
1179 6.106289 0.000000 1.723119 19.451787 0.015814 0.318468 -0.000452 
1180 5.545639 0.000000 1.200266 19.466595 -0.013351 0.661234 -0.002863 
1181 5.732522 0.000000 1.200266 19.468309 -0.010890 0.648265 -0.002995 
1182 5.545639 0.000000 1.374551 19.454434 0.017357 0.546654 -0.001247 
1183 5.452197 0.000000 0.938840 19.474765 -0.007383 0.986725 -0.005122 
1184 5.452197 0.000000 0.851698 19.476194 -0.015608 1.099697 -0.005893 
1185 5.545639 0.000000 0.938840 19.474114 -0.002559 0.985933 -0.005051 
1186 5.452197 0.000000 1.025982 19.476889 -0.025798 0.748063 -0.004248 
1187 5.919406 0.000000 0.851698 19.468566 0.010517 1.089553 -0.005048 
1188 5.919406 0.000000 0.677414 19.465622 0.002498 1.056013 -0.004555 
1189 6.106289 0.000000 0.851698 19.464582 0.017681 1.088931 -0.004635 
1190 5.919406 0.000000 1.025982 19.472224 0.009615 0.789399 -0.003934 
1191 5.639081 0.000000 0.938840 19.473132 0.002396 0.985300 -0.004946 
1192 5.639081 0.000000 0.851698 19.474210 -0.004994 1.094676 -0.005659 
1193 5.732522 0.000000 0.938840 19.471850 0.007319 0.985037 -0.004813 
1194 5.639081 0.000000 1.025982 19.475220 -0.013256 0.764393 -0.004140 
1195 7.975123 0.000000 1.723119 19.471657 0.018635 0.287534 -0.002448 
1196 7.975123 0.000000 1.025982 19.454140 0.064300 0.997507 -0.003067 
1197 8.722656 0.000000 1.723119 19.471921 0.021291 0.270339 -0.002450 
1198 7.975123 0.000000 2.420257 19.455873 -0.006842 0.068747 -0.000617 
1199 6.853823 0.000000 1.374551 19.466699 0.024607 0.515546 -0.002422 
1200 6.853823 0.000000 1.025982 19.453430 0.027949 0.866016 -0.002337 
1201 7.227589 0.000000 1.374551 19.468857 0.032221 0.512783 -0.002638 
1202 6.853823 0.000000 1.723119 19.459595 0.022872 0.309775 -0.001242 
1203 6.293172 0.000000 1.200266 19.471388 0.000562 0.622757 -0.003226 
1204 6.106289 0.000000 1.200266 19.471098 -0.003309 0.628795 -0.003216 
1205 6.293172 0.000000 1.025982 19.467200 0.027075 0.818653 -0.003543 
1206 6.480056 0.000000 1.200266 19.470473 0.004673 0.619542 -0.003121 
1207 6.293172 0.000000 1.374551 19.464014 0.025304 0.520970 -0.002161 
1208 5.919406 0.000000 1.200266 19.470028 -0.007273 0.637329 -0.003134 
1209 5.919406 0.000000 1.374551 19.460250 0.028793 0.536050 -0.001816 
1210 7.975123 0.000000 0.328845 19.405140 -0.094191 0.510191 0.003896 
1211 7.975123 0.000000 -0.368292 19.403785 -0.096704 -0.580075 0.003832 
1212 8.722656 0.000000 0.328845 19.402035 -0.115560 0.482912 0.004274 
1213 6.853823 0.000000 0.677414 19.437276 -0.008297 1.059495 -0.001660 
1214 6.853823 0.000000 0.328845 19.439458 -0.058807 0.541896 0.000298 
1215 7.227589 0.000000 0.677414 19.423241 -0.025115 1.062699 -0.000237 
1216 6.293172 0.000000 0.851698 19.460425 0.020542 1.090426 -0.004216 
1217 6.293172 0.000000 0.677414 19.455139 0.009004 1.057860 -0.003487 
1218 6.480056 0.000000 0.851698 19.455571 0.019123 1.093208 -0.003733 
1219 6.199731 0.000000 1.113124 19.472858 -0.005714 0.673850 -0.003552 
1220 6.106289 0.000000 1.113124 19.473202 -0.007746 0.674402 -0.003590 
1221 6.199731 0.000000 1.025982 19.468747 0.024711 0.811293 -0.003670 
1222 6.293172 0.000000 1.113124 19.472175 -0.004097 0.673931 -0.003482 
1223 6.199731 0.000000 1.200266 19.471364 -0.001316 0.625466 -0.003232 
1224 6.666939 0.000000 1.200266 19.468489 0.009717 0.619569 -0.002917 
1225 6.666939 0.000000 1.025982 19.458183 0.024914 0.848373 -0.002746 
1226 6.853823 0.000000 1.200266 19.466615 0.016133 0.622874 -0.002735 
1227 6.666939 0.000000 1.374551 19.466131 0.022693 0.518472 -0.002371 
1228 6.386614 0.000000 1.113124 19.471115 -0.002572 0.674533 -0.003375 
1229 6.386614 0.000000 1.025982 19.465350 0.028606 0.826172 -0.003385 
1230 6.480056 0.000000 1.113124 19.469910 -0.001087 0.675763 -0.003255 
1231 6.386614 0.000000 1.200266 19.471095 0.002500 0.620852 -0.003189 
1232 6.666939 0.000000 0.851698 19.449764 0.015373 1.097093 -0.003158 
1233 6.666939 0.000000 0.677414 19.444107 0.000108 1.059272 -0.002360 
1234 6.853823 0.000000 0.851698 19.442945 -0.032780 1.086879 -0.002400 
1235 7.601356 0.000000 1.374551 19.473182 0.040863 0.512309 -0.003083 
1236 7.601356 0.000000 1.025982 19.447467 0.050943 0.946321 -0.002114 
1237 7.975123 0.000000 1.374551 19.480985 0.040498 0.516765 -0.003899 
1238 7.601356 0.000000 1.723119 19.468271 0.029031 0.299711 -0.002119 
1239 7.040706 0.000000 1.200266 19.465538 0.022967 0.629053 -0.002646 
1240 7.040706 0.000000 1.025982 19.450129 0.032908 0.884891 -0.002086 
1241 7.227589 0.000000 1.200266 19.465448 0.029169 0.637207 -0.002665 
1242 7.040706 0.000000 1.374551 19.467750 0.029487 0.513170 -0.002524 
1243 6.760381 0.000000 1.113124 19.464885 0.005424 0.682899 -0.002764 
1244 6.666939 0.000000 1.113124 19.466556 0.002690 0.679908 -0.002925 
1245 6.760381 0.000000 1.025982 19.455730 0.026168 0.857066 -0.002533 
1246 6.853823 0.000000 1.113124 19.463326 0.008878 0.686637 -0.002617 
1247 6.760381 0.000000 1.200266 19.467526 0.012771 0.620800 -0.002822 
1248 7.601356 0.000000 0.677414 19.412613 -0.037458 1.076150 0.000776 
1249 7.601356 0.000000 0.328845 19.413954 -0.084996 0.522839 0.002961 
1250 7.975123 0.000000 0.677414 19.405153 -0.039666 1.095259 0.001431 
1251 7.040706 0.000000 0.851698 19.437348 -0.034658 1.093684 -0.001864 
1252 7.040706 0.000000 0.677414 19.430019 -0.017125 1.060167 -0.000918 
1253 7.227589 0.000000 0.851698 19.433622 -0.035453 1.103651 -0.001540 
1254 7.414473 0.000000 1.200266 19.465865 0.034635 0.647052 -0.002742 
1255 7.414473 0.000000 1.025982 19.447981 0.043481 0.924740 -0.002058 
1256 7.601356 0.000000 1.200266 19.467622 0.039664 0.658923 -0.002965 
1257 7.414473 0.000000 1.374551 19.471078 0.037592 0.511743 -0.002865 
1258 7.134148 0.000000 1.113124 19.460655 0.025394 0.704487 -0.002410 
1259 7.040706 0.000000 1.113124 19.461181 0.018790 0.697283 -0.002436 
1260 7.134148 0.000000 1.025982 19.449295 0.035612 0.894679 -0.002047 
1261 7.227589 0.000000 1.113124 19.460362 0.032991 0.713404 -0.002414 
1262 7.134148 0.000000 1.200266 19.465389 0.026186 0.632913 -0.002644 
1263 7.414473 0.000000 0.851698 19.430823 -0.036318 1.117096 -0.001331 
1264 7.414473 0.000000 0.677414 19.417606 -0.032040 1.068337 0.000309 
1265 7.601356 0.000000 0.851698 19.427355 -0.035058 1.132962 -0.001069 
1266 7.321031 0.000000 1.113124 19.459988 0.041352 0.724205 -0.002418 
1267 7.321031 0.000000 1.025982 19.448491 0.040709 0.914632 -0.002061 
1268 7.414473 0.000000 1.113124 19.459597 0.050217 0.736913 -0.002429 
1269 7.321031 0.000000 1.200266 19.465587 0.031928 0.641889 -0.002695 
1270 11.712790 0.000000 2.420257 19.448853 0.006747 0.062429 0.000108 
1271 11.712790 0.000000 1.025982 19.448179 0.048594 1.329445 -0.004491 
1272 13.207857 0.000000 2.420257 19.449562 0.012946 0.088429 0.000024 
1273 11.712790 0.000000 3.814531 19.451119 0.005433 0.014141 -0.000116 
1274 9.470190 0.000000 1.723119 19.468482 0.023406 0.248451 -0.002066 
1275 9.470190 0.000000 1.025982 19.457890 0.086760 1.178727 -0.004504 
1276 10.217723 0.000000 1.723119 19.459074 0.023769 0.241314 -0.001089 
1277 9.470190 0.000000 2.420257 19.452966 -0.008228 0.058980 -0.000314 
1278 8.348890 0.000000 1.374551 19.485154 0.037936 0.517120 -0.004329 
1279 8.348890 0.000000 1.025982 19.462230 0.068016 1.051460 -0.004193 
1280 8.722656 0.000000 1.374551 19.484812 0.038066 0.515921 -0.004290 
1281 8.348890 0.000000 1.723119 19.472709 0.019188 0.278646 -0.002543 
1282 7.788239 0.000000 1.200266 19.471577 0.042247 0.671623 -0.003417 
1283 7.788239 0.000000 1.025982 19.449714 0.059128 0.970804 -0.002471 
1284 7.975123 0.000000 1.200266 19.476351 0.040921 0.682037 -0.003945 
1285 7.788239 0.000000 1.374551 19.477177 0.042639 0.513909 -0.003499 
1286 11.712790 0.000000 -0.368292 19.446905 -0.076698 -0.530637 -0.000442 
1287 11.712790 0.000000 -1.762567 19.448925 0.001231 -0.184537 0.000020 
1288 13.207857 0.000000 -0.368292 19.448881 -0.144029 -0.424672 -0.000416 
1289 9.470190 0.000000 0.328845 19.408007 -0.116838 0.471578 0.003689 
1290 9.470190 0.000000 -0.368292 19.407809 -0.117897 -0.546582 0.003507 
1291 10.217723 0.000000 0.328845 19.420464 -0.118062 0.464759 0.002427 
1292 8.348890 0.000000 0.677414 19.405117 -0.036556 1.123633 0.001269 
1293 8.348890 0.000000 0.328845 19.401350 -0.104418 0.495622 0.004318 
1294 8.722656 0.000000 0.677414 19.411174 -0.034571 1.160284 0.000427 
1295 7.788239 0.000000 0.851698 19.425295 -0.029892 1.152117 -0.000972 
1296 7.788239 0.000000 0.677414 19.408232 -0.040064 1.084948 0.001175 
1297 7.975123 0.000000 0.851698 19.425862 -0.023536 1.176230 -0.001178 
1298 7.694798 0.000000 1.113124 19.460971 0.074980 0.784108 -0.002769 
1299 7.601356 0.000000 1.113124 19.459857 0.067712 0.767260 -0.002582 
1300 7.694798 0.000000 1.025982 19.448159 0.055251 0.958180 -0.002246 
1301 7.788239 0.000000 1.113124 19.462675 0.080284 0.801189 -0.003018 
1302 7.694798 0.000000 1.200266 19.469382 0.041451 0.665322 -0.003169 
1303 8.162006 0.000000 1.200266 19.480986 0.039046 0.684776 -0.004432 
1304 8.162006 0.000000 1.025982 19.458600 0.066519 1.024762 -0.003672 
1305 8.348890 0.000000 1.200266 19.485910 0.055689 0.675008 -0.004909 
1306 8.162006 0.000000 1.374551 19.483656 0.039243 0.517179 -0.004175 
1307 8.162006 0.000000 0.851698 19.428144 -0.018493 1.204882 -0.001592 
1308 8.162006 0.000000 0.677414 19.404142 -0.038003 1.108046 0.001461 
1309 8.348890 0.000000 0.851698 19.431247 -0.014837 1.236370 -0.002114 
1310 8.068564 0.000000 1.113124 19.468723 0.085347 0.848079 -0.003847 
1311 7.975123 0.000000 1.113124 19.466741 0.084970 0.833468 -0.003578 
1312 8.068564 0.000000 1.025982 19.456524 0.065627 1.011088 -0.003385 
1313 8.162006 0.000000 1.113124 19.470454 0.085106 0.861724 -0.004086 
1314 8.068564 0.000000 1.200266 19.478734 0.039514 0.684810 -0.004201 
1315 9.096423 0.000000 1.374551 19.481024 0.034049 0.513129 -0.003892 
1316 9.096423 0.000000 1.025982 19.464273 0.086828 1.141681 -0.004934 
1317 9.470190 0.000000 1.374551 19.476085 0.025644 0.513692 -0.003383 
1318 9.096423 0.000000 1.723119 19.471809 0.022643 0.254738 -0.002417 
1319 8.535773 0.000000 1.200266 19.486241 0.096923 0.702343 -0.005059 
1320 8.535773 0.000000 1.025982 19.465082 0.070384 1.076574 -0.004628 
1321 8.722656 0.000000 1.200266 19.483427 0.098821 0.738399 -0.004907 
1322 8.535773 0.000000 1.374551 19.485486 0.036786 0.517030 -0.004362 
1323 8.255448 0.000000 1.113124 19.471902 0.084716 0.874470 -0.004294 
1324 8.255448 0.000000 1.025982 19.460483 0.067235 1.038233 -0.003940 
1325 8.348890 0.000000 1.113124 19.473136 0.084515 0.886507 -0.004477 
1326 8.255448 0.000000 1.200266 19.483350 0.042304 0.680719 -0.004662 
1327 9.096423 0.000000 0.677414 19.416828 -0.028492 1.199170 -0.000395 
1328 9.096423 0.000000 0.328845 19.403244 -0.123189 0.476625 0.004161 
1329 9.470190 0.000000 0.677414 19.417890 -0.025626 1.235523 -0.000738 
1330 8.909540 0.000000 1.200266 19.481698 0.100488 0.750734 -0.004779 
1331 8.909540 0.000000 1.025982 19.465992 0.083273 1.122489 -0.004994 
1332 9.096423 0.000000 1.200266 19.476601 0.097164 0.766617 -0.004316 
1333 8.909540 0.000000 1.374551 19.482744 0.034560 0.513732 -0.004071 
1334 10.965257 0.000000 1.723119 19.451886 0.023913 0.252190 -0.000364 
1335 10.965257 0.000000 1.025982 19.445419 0.084597 1.306249 -0.004058 
1336 11.712790 0.000000 1.723119 19.448853 0.001386 0.200332 0.000012 
1337 10.965257 0.000000 2.420257 19.448574 -0.000617 0.057971 0.000138 
1338 9.843957 0.000000 1.374551 19.470951 0.006294 0.504275 -0.002828 
1339 9.843957 0.000000 1.025982 19.448008 0.077575 1.219133 -0.003740 
1340 10.217723 0.000000 1.374551 19.462158 0.028052 0.479938 -0.001862 
1341 9.843957 0.000000 1.723119 19.464262 0.023574 0.243610 -0.001625 
1342 9.283306 0.000000 1.200266 19.473571 0.093780 0.779052 -0.004053 
1343 9.283306 0.000000 1.025982 19.461423 0.088358 1.160136 -0.004753 
1344 9.470190 0.000000 1.200266 19.470214 0.089643 0.791683 -0.003758 
1345 9.283306 0.000000 1.374551 19.478628 0.030396 0.513146 -0.003644 
1346 10.217723 0.000000 9.391630 19.450116 0.001171 0.001653 -0.000012 
1347 13.207857 0.000000 9.391630 19.450069 0.001348 0.001582 -0.000007 
1348 10.217723 0.000000 12.180179 19.449991 0.000527 0.000567 0.000001 
1349 8.722656 0.000000 5.208806 19.451292 0.017947 0.007345 -0.000134 
1350 7.227589 0.000000 5.208806 19.450846 0.017034 0.008141 -0.000088 
1351 10.217723 0.000000 5.208806 19.451611 0.012077 0.004845 -0.000166 
1352 8.722656 0.000000 6.603080 19.450655 -0.000101 0.002691 -0.000067 
1353 9.470190 0.000000 3.117394 19.451163 0.003070 0.027153 -0.000122 
1354 8.722656 0.000000 3.117394 19.451437 0.002715 0.028844 -0.000150 
1355 10.217723 0.000000 3.117394 19.450383 0.003322 0.026243 -0.000041 
1356 9.470190 0.000000 3.814531 19.451082 -0.009447 0.008422 -0.000112 
1357 9.096423 0.000000 2.071688 19.465772 0.014859 0.139239 -0.001674 
1358 8.722656 0.000000 2.071688 19.465914 0.010545 0.148285 -0.001696 
1359 9.470190 0.000000 2.071688 19.463878 0.015035 0.133862 -0.001475 
1360 9.096423 0.000000 2.420257 19.454078 -0.007645 0.060451 -0.000429 
1361 8.909540 0.000000 1.548835 19.476430 0.028325 0.361419 -0.003067 
1362 8.722656 0.000000 1.548835 19.482729 0.035340 0.367009 -0.003728 
1363 9.096423 0.000000 1.548835 19.474609 0.029125 0.358596 -0.002874 
1364 8.909540 0.000000 1.723119 19.471044 0.021750 0.266643 -0.002354 
1365 9.002981 0.000000 1.287409 19.482236 0.010301 0.607291 -0.004293 
1366 8.909540 0.000000 1.287409 19.482380 0.019149 0.613240 -0.004327 
1367 9.002981 0.000000 1.200266 19.480428 0.098760 0.758269 -0.004677 
1368 9.096423 0.000000 1.287409 19.483082 -0.001651 0.589034 -0.004322 
1369 9.002981 0.000000 1.374551 19.482065 0.035123 0.512807 -0.003998 
1370 10.965257 0.000000 0.328845 19.438029 -0.112107 0.455943 0.000648 
1371 10.965257 0.000000 -0.368292 19.437869 -0.118753 -0.536558 0.000449 
1372 11.712790 0.000000 0.328845 19.446848 -0.070631 0.462721 -0.000255 
1373 9.843957 0.000000 0.677414 19.413178 -0.031959 1.254699 -0.000381 
1374 9.843957 0.000000 0.328845 19.412447 -0.118504 0.468665 0.003240 
1375 10.217723 0.000000 0.677414 19.413806 -0.051629 1.254445 -0.000448 
1376 9.657073 0.000000 1.200266 19.465919 0.085026 0.806986 -0.003378 
1377 9.657073 0.000000 1.025982 19.453463 0.082403 1.198218 -0.004169 
1378 9.843957 0.000000 1.200266 19.461646 0.083561 0.819162 -0.002990 
1379 9.657073 0.000000 1.374551 19.473814 0.016891 0.511765 -0.003143 
1380 9.283306 0.000000 1.548835 19.472911 0.027485 0.355774 -0.002694 
1381 9.470190 0.000000 1.548835 19.470766 0.027813 0.353965 -0.002470 
1382 9.283306 0.000000 1.723119 19.470241 0.023047 0.251392 -0.002251 
1383 9.376748 0.000000 1.287409 19.480188 0.113912 0.589939 -0.004061 
1384 9.283306 0.000000 1.287409 19.487322 0.096117 0.528807 -0.004605 
1385 9.376748 0.000000 1.200266 19.471791 0.091428 0.785871 -0.003897 
1386 9.470190 0.000000 1.287409 19.476509 0.105921 0.614526 -0.003756 
1387 9.376748 0.000000 1.374551 19.477381 0.028250 0.513533 -0.003517 
1388 10.591490 0.000000 1.374551 19.450036 0.091465 0.540252 -0.000797 
1389 10.591490 0.000000 1.025982 19.442103 0.082277 1.284563 -0.003568 
1390 10.965257 0.000000 1.374551 19.449248 0.098584 0.549474 -0.000746 
1391 10.591490 0.000000 1.723119 19.454561 0.024243 0.241904 -0.000625 
1392 10.030840 0.000000 1.200266 19.456803 0.085015 0.831934 -0.002548 
1393 10.030840 0.000000 1.025982 19.442742 0.075378 1.240997 -0.003340 
1394 10.217723 0.000000 1.200266 19.452415 0.087158 0.842541 -0.002145 
1395 10.030840 0.000000 1.374551 19.468623 -0.000134 0.478895 -0.002522 
1396 9.843957 0.000000 2.071688 19.461361 0.015057 0.129553 -0.001214 
1397 10.217723 0.000000 2.071688 19.458309 0.015030 0.126678 -0.000898 
1398 9.843957 0.000000 2.420257 19.450616 0.000233 0.058328 -0.000072 
1399 9.657073 0.000000 1.548835 19.468376 0.027964 0.352508 -0.002221 
1400 9.843957 0.000000 1.548835 19.465629 0.028133 0.351408 -0.001936 
1401 9.657073 0.000000 1.723119 19.466543 0.023452 0.245761 -0.001863 
1402 9.750515 0.000000 1.287409 19.470310 0.096728 0.631628 -0.003169 
1403 9.657073 0.000000 1.287409 19.471701 0.093427 0.637475 -0.003330 
1404 9.750515 0.000000 1.200266 19.463898 0.083992 0.812993 -0.003195 
1405 9.843957 0.000000 1.287409 19.467939 0.093663 0.638017 -0.002945 
1406 9.750515 0.000000 1.374551 19.472373 0.011986 0.509281 -0.002988 
1407 10.030840 0.000000 1.548835 19.462480 0.028421 0.350947 -0.001611 
1408 10.217723 0.000000 1.548835 19.459027 0.027362 0.353078 -0.001260 
1409 10.030840 0.000000 1.723119 19.461717 0.023645 0.242093 -0.001362 
1410 9.937398 0.000000 1.287409 19.465475 0.091715 0.643617 -0.002709 
1411 9.937398 0.000000 1.200266 19.459259 0.083923 0.825468 -0.002772 
1412 10.030840 0.000000 1.287409 19.462955 0.090756 0.648841 -0.002467 
1413 9.937398 0.000000 1.374551 19.469701 0.000802 0.494697 -0.002674 
1414 10.591490 0.000000 0.677414 19.430574 -0.062457 1.251136 -0.002152 
1415 10.591490 0.000000 0.328845 19.430780 -0.123993 0.456166 0.001385 
1416 10.965257 0.000000 0.677414 19.443015 -0.053875 1.276348 -0.003596 
1417 10.404607 0.000000 1.200266 19.448435 0.092097 0.853239 -0.001786 
1418 10.404607 0.000000 1.025982 19.440261 0.079520 1.276191 -0.003321 
1419 10.591490 0.000000 1.200266 19.446770 0.095279 0.862554 -0.001659 
1420 10.404607 0.000000 1.374551 19.455928 0.086469 0.527831 -0.001366 
1421 12.460324 0.000000 1.723119 19.448484 0.018726 0.212334 0.000036 
1422 12.460324 0.000000 1.025982 19.448929 0.028018 0.959009 -0.002323 
1423 13.207857 0.000000 1.723119 19.448962 0.018899 0.212740 -0.000014 
1424 12.460324 0.000000 2.420257 19.449002 0.007000 0.063044 0.000092 
1425 11.339023 0.000000 1.374551 19.449081 0.094687 0.569135 -0.000785 
1426 11.339023 0.000000 1.025982 19.446782 0.057378 1.344552 -0.004457 
1427 11.712790 0.000000 1.374551 19.449347 0.090215 0.559273 -0.000781 
1428 11.339023 0.000000 1.723119 19.450921 0.021258 0.245256 -0.000255 
1429 10.778373 0.000000 1.200266 19.447241 0.089713 0.877206 -0.001772 
1430 10.778373 0.000000 1.025982 19.444733 0.084238 1.284647 -0.003840 
1431 10.965257 0.000000 1.200266 19.446845 0.105049 0.893131 -0.001813 
1432 10.778373 0.000000 1.374551 19.449262 0.100441 0.550795 -0.000753 
1433 12.460324 0.000000 0.328845 19.448578 -0.088184 0.337932 -0.000176 
1434 12.460324 0.000000 -0.368292 19.448587 -0.095053 -0.391270 -0.000283 
1435 13.207857 0.000000 0.328845 19.449266 -0.066763 0.362501 -0.000284 
1436 11.339023 0.000000 0.677414 19.445742 -0.090409 1.244532 -0.003678 
1437 11.339023 0.000000 0.328845 19.442581 -0.088982 0.438916 0.000233 
1438 11.712790 0.000000 0.677414 19.446926 -0.089490 1.243594 -0.003793 
1439 11.152140 0.000000 1.200266 19.447553 0.105428 0.891619 -0.001879 
1440 11.152140 0.000000 1.025982 19.445844 0.091431 1.323538 -0.004225 
1441 11.339023 0.000000 1.200266 19.448041 0.088012 0.915201 -0.002033 
1442 11.152140 0.000000 1.374551 19.449080 0.093825 0.567833 -0.000781 
1443 12.086557 0.000000 1.374551 19.448646 0.067980 0.438157 -0.000380 
1444 12.086557 0.000000 1.025982 19.448501 0.010197 0.896744 -0.001972 
1445 12.460324 0.000000 1.374551 19.448749 0.076184 0.467941 -0.000466 
1446 12.086557 0.000000 1.723119 19.448381 -0.006186 0.209374 0.000051 
1447 12.086557 0.000000 0.677414 19.448308 -0.051540 0.839146 -0.001694 
1448 12.086557 0.000000 0.328845 19.448170 -0.045619 0.350555 -0.000142 
1449 12.460324 0.000000 0.677414 19.448711 -0.100320 0.862200 -0.001859 
1450 11.899674 0.000000 1.200266 19.448895 0.083599 0.904333 -0.002067 
1451 11.712790 0.000000 1.200266 19.448763 0.083504 0.903728 -0.002050 
1452 11.899674 0.000000 1.025982 19.448445 0.048679 1.330056 -0.004523 
1453 12.086557 0.000000 1.200266 19.448642 0.044158 0.687586 -0.001115 
1454 11.899674 0.000000 1.374551 19.448570 0.059284 0.443179 -0.000381 
1455 12.834090 0.000000 1.374551 19.448572 0.088979 0.471200 -0.000461 
1456 12.834090 0.000000 1.025982 19.448877 0.009908 0.961575 -0.002329 
1457 13.207857 0.000000 1.374551 19.448852 0.089045 0.471338 -0.000490 
1458 12.834090 0.000000 1.723119 19.448750 0.018832 0.212582 0.000008 
1459 12.273440 0.000000 1.200266 19.448698 0.054970 0.696872 -0.001158 
1460 12.273440 0.000000 1.025982 19.448607 0.022216 0.905020 -0.002023 
1461 12.460324 0.000000 1.200266 19.449050 0.078825 0.727967 -0.001320 
1462 12.273440 0.000000 1.374551 19.449035 0.091551 0.466117 -0.000497 
1463 12.834090 0.000000 0.677414 19.449086 -0.100168 0.862336 -0.001898 
1464 12.834090 0.000000 0.328845 19.448999 -0.088030 0.337990 -0.000219 
1465 13.207857 0.000000 0.677414 19.448730 -0.103510 0.872575 -0.001910 
1466 12.647207 0.000000 1.200266 19.448808 0.062188 0.730063 -0.001297 
1467 12.647207 0.000000 1.025982 19.449092 0.028097 0.959108 -0.002340 
1468 12.834090 0.000000 1.200266 19.448492 0.075963 0.733878 -0.001284 
1469 12.647207 0.000000 1.374551 19.448911 0.076268 0.468051 -0.000483 
1470 13.020974 0.000000 1.200266 19.448663 0.076008 0.733953 -0.001302 
1471 13.020974 0.000000 1.025982 19.448612 0.025001 0.966194 -0.002327 
1472 13.207857 0.000000 1.200266 19.448801 0.076035 0.734003 -0.001316 
1473 13.020974 0.000000 1.374551 19.448720 0.089017 0.471286 -0.000476 
1474 0.488108 0.000000 0.819020 19.205983 -0.004634 5.123110 -0.044445 
1475 0.476428 0.000000 0.819020 19.585460 -0.005174 4.793512 -0.074717 
1476 0.488108 0.000000 0.808127 19.952377 -0.007047 4.793444 -0.113063 
1477 0.499788 0.000000 0.819020 19.051280 -0.004324 5.251811 -0.032329 
1478 0.593230 0.000000 0.590271 20.214813 0.002047 1.416742 -0.085496 
1479 0.593230 0.000000 0.503129 20.155983 0.004496 1.042766 -0.076786 
1480 0.686671 0.000000 0.590271 19.971776 0.003183 1.375458 -0.059374 
1481 0.546509 0.000000 0.720985 20.389908 -0.002230 2.335253 -0.113399 
1482 0.546509 0.000000 0.677414 20.425549 -0.000697 1.943537 -0.112814 
1483 0.593230 0.000000 0.720985 20.063535 -0.002450 2.207100 -0.076960 
1484 0.523148 0.000000 0.786341 20.323803 -0.003121 3.407668 -0.122565 
1485 0.523148 0.000000 0.764556 20.513567 -0.003275 3.002766 -0.136189 
1486 0.546509 0.000000 0.786341 19.995673 -0.003507 3.125655 -0.082723 
1487 0.511468 0.000000 0.819020 18.675724 -0.003210 5.489519 -0.001626 
1488 0.511468 0.000000 0.808127 21.143841 -0.014004 5.133303 -0.251414 
1489 0.523148 0.000000 0.819020 18.012524 -0.000394 5.669816 0.057374 
1490 0.511468 0.000000 0.829912 18.079199 -0.000519 5.536896 0.054950 
1491 0.569869 0.000000 0.829912 19.220726 -0.054425 3.136294 -0.002572 
1492 0.569869 0.000000 0.808127 19.536034 -0.001974 3.029127 -0.033121 
1493 0.569869 0.000000 0.851698 18.879282 -0.040397 3.171964 0.031224 
1494 0.569869 0.000000 0.786341 19.793661 -0.003960 2.865679 -0.057358 
1495 0.569869 0.000000 0.764556 19.985457 -0.003750 2.671510 -0.074683 
1496 0.593230 0.000000 0.786341 19.667803 -0.004235 2.647742 -0.041053 
1497 0.558189 0.000000 0.819020 19.422504 0.012923 3.273024 -0.025493 
1498 0.546509 0.000000 0.819020 19.479016 0.024501 3.484679 -0.035086 
1499 0.558189 0.000000 0.808127 19.596905 -0.001273 3.193951 -0.042129 
1500 0.569869 0.000000 0.819020 19.384217 0.007454 3.090884 -0.018501 
1501 0.558189 0.000000 0.829912 19.230872 -0.041024 3.328088 -0.006878 
1502 0.616590 0.000000 0.873483 18.223857 0.002704 2.721682 0.102526 
1503 0.593230 0.000000 0.873483 18.226690 0.002064 2.735179 0.102059 
1504 0.639950 0.000000 0.873483 18.895589 0.172150 2.444794 0.040318 
1505 0.616590 0.000000 0.895269 18.222979 0.002468 2.731788 0.102465 
1506 0.604910 0.000000 0.840805 19.103644 -0.030540 2.714671 0.015815 
1507 0.593230 0.000000 0.840805 19.086902 -0.029210 2.844688 0.015595 
1508 0.604910 0.000000 0.829912 19.217593 0.102353 2.696391 0.004509 
1509 0.616590 0.000000 0.840805 19.119216 -0.032454 2.608605 0.015734 
1510 0.604910 0.000000 0.851698 18.988360 -0.031652 2.727235 0.027242 
1511 0.523148 0.000000 0.873483 17.904173 -0.000164 5.319593 0.077835 
1512 0.546509 0.000000 0.873483 17.697651 0.001114 3.279402 0.143645 
1513 0.523148 0.000000 0.895269 17.386363 0.001100 3.515988 0.168264 
1514 0.569869 0.000000 0.873483 17.979848 0.001718 2.996090 0.121731 
1515 0.569869 0.000000 0.895269 17.976971 0.001723 3.000769 0.121930 
1516 0.558189 0.000000 0.862591 18.636074 0.208866 3.351135 0.052142 
1517 0.546509 0.000000 0.862591 18.533248 0.111052 3.569656 0.058330 
1518 0.558189 0.000000 0.851698 18.827759 -0.047185 3.367775 0.032973 
1519 0.569869 0.000000 0.862591 18.786920 1.798133 2.667157 0.039670 
1520 0.558189 0.000000 0.873483 17.733007 0.001371 3.257002 0.140720 
1521 0.581549 0.000000 0.862591 18.777436 -0.272913 3.002537 0.043935 
1522 0.581549 0.000000 0.851698 18.921467 -0.036132 3.005741 0.029724 
1523 0.593230 0.000000 0.862591 18.828709 -0.132134 2.864604 0.041128 
1524 0.581549 0.000000 0.873483 18.226690 0.002064 2.735179 0.102059 
1525 0.663311 0.000000 0.873483 18.979563 1.830802 2.169237 0.026490 
1526 0.686671 0.000000 0.873483 19.037189 -0.236447 2.131615 0.029839 
1527 0.663311 0.000000 0.895269 18.509159 0.002230 2.275645 0.080716 
1528 0.651631 0.000000 0.862591 19.012812 -0.045121 2.341743 0.029949 
1529 0.639950 0.000000 0.862591 18.981584 -0.050180 2.429695 0.031974 
1530 0.651631 0.000000 0.851698 19.091240 -0.029128 2.331244 0.022182 
1531 0.663311 0.000000 0.862591 19.042680 -0.041558 2.260414 0.027934 
1532 0.651631 0.000000 0.873483 18.934195 0.323224 2.353842 0.037414 
1533 0.710032 0.000000 0.873483 19.101189 -0.121257 2.002929 0.024902 
1534 0.710032 0.000000 0.851698 19.205449 -0.030221 1.983176 0.014590 
1535 0.733392 0.000000 0.873483 19.159082 -0.086422 1.901069 0.020118 
1536 0.710032 0.000000 0.895269 18.767369 0.003830 2.052658 0.057824 
1537 0.803473 0.000000 0.873483 19.325249 -0.053756 1.649403 0.005588 
1538 0.780113 0.000000 0.873483 19.270939 -0.060303 1.718808 0.010509 
1539 0.826834 0.000000 0.873483 19.376147 -0.049233 1.592117 0.000873 
1540 0.803473 0.000000 0.895269 19.035332 0.005021 1.756164 0.034032 
1541 0.896915 0.000000 0.873483 19.518903 -0.041709 1.452998 -0.012683 
1542 0.873555 0.000000 0.873483 19.473690 -0.043564 1.493900 -0.008342 
1543 0.896915 0.000000 0.851698 19.551465 -0.044751 1.460346 -0.016103 
1544 0.920276 0.000000 0.873483 19.560679 -0.040203 1.416765 -0.016723 
1545 0.896915 0.000000 0.895269 19.483284 0.045004 1.484968 -0.009260 
1546 1.013717 0.000000 0.895269 19.635052 0.014185 1.469983 -0.024832 
1547 1.013717 0.000000 0.938840 19.563149 0.012019 1.494354 -0.017572 
1548 1.107159 0.000000 0.808127 19.709782 -0.002632 1.363628 -0.031807 
1549 1.107159 0.000000 0.764556 19.718216 0.000142 1.387699 -0.032861 
1550 1.153880 0.000000 0.808127 19.673268 -0.003407 1.360613 -0.027984 
1551 1.083798 0.000000 0.873483 19.635052 0.014185 1.469983 -0.024832 
1552 1.060438 0.000000 0.873483 19.635052 0.014185 1.469983 -0.024832 
1553 1.083798 0.000000 0.851698 19.635052 0.014185 1.469983 -0.024832 
1554 1.107159 0.000000 0.873483 19.635052 0.014185 1.469983 -0.024832 
1555 1.083798 0.000000 0.895269 19.628358 0.012599 1.495752 -0.024339 
1556 1.130519 0.000000 0.873483 19.550418 0.017717 1.457810 -0.015971 
1557 1.130519 0.000000 0.851698 19.635052 0.014185 1.469983 -0.024832 
1558 1.153880 0.000000 0.873483 19.506539 0.019385 1.462836 -0.011480 
1559 1.130519 0.000000 0.895269 19.528225 0.017393 1.479727 -0.013849 
1560 1.200601 0.000000 0.808127 19.619978 -0.004870 1.349470 -0.022369 
1561 1.200601 0.000000 0.764556 19.628841 -0.001949 1.378095 -0.023495 
1562 1.247321 0.000000 0.808127 19.559109 -0.008430 1.335370 -0.015965 
1563 1.177240 0.000000 0.873483 19.506539 0.019385 1.462836 -0.011480 
1564 1.177240 0.000000 0.851698 19.378026 0.024585 1.455689 0.001784 
1565 1.200601 0.000000 0.873483 19.373775 0.022620 1.486744 0.001978 
1566 1.177240 0.000000 0.895269 19.478286 0.019246 1.480039 -0.008702 
1567 1.223961 0.000000 0.873483 19.373775 0.022620 1.486744 0.001978 
1568 1.223961 0.000000 0.851698 19.378026 0.024585 1.455689 0.001784 
1569 1.247321 0.000000 0.873483 19.373775 0.022620 1.486744 0.001978 
1570 1.223961 0.000000 0.895269 19.373775 0.022620 1.486744 0.001978 
1571 1.294042 0.000000 0.808127 19.498699 -0.012233 1.319797 -0.009619 
1572 1.294042 0.000000 0.764556 19.513593 -0.009136 1.350918 -0.011374 
1573 1.340763 0.000000 0.808127 19.442042 -0.017494 1.301901 -0.003663 
1574 1.270682 0.000000 0.873483 19.373775 0.022620 1.486744 0.001978 
1575 1.270682 0.000000 0.851698 19.378026 0.024585 1.455689 0.001784 
1576 1.294042 0.000000 0.873483 19.361181 0.022979 1.455100 0.003514 
1577 1.270682 0.000000 0.895269 19.361181 0.022979 1.455100 0.003514 
1578 1.317403 0.000000 0.873483 19.348314 0.024206 1.417593 0.005115 
1579 1.317403 0.000000 0.851698 19.359816 0.024409 1.423849 0.003891 
1580 1.340763 0.000000 0.873483 19.348314 0.024206 1.417593 0.005115 
1581 1.317403 0.000000 0.895269 19.342754 0.022219 1.444316 0.005482 
1582 1.574367 0.000000 0.895269 19.017139 0.025245 1.136242 0.040600 
1583 1.574367 0.000000 0.851698 19.030091 0.028154 1.115280 0.039422 
1584 1.574367 0.000000 0.938840 19.020765 0.020684 1.175460 0.039997 
1585 1.901413 0.000000 0.764556 19.333756 -0.075580 1.035437 0.009068 
1586 1.901413 0.000000 0.677414 19.349293 -0.048703 1.051048 0.007402 
1587 1.854692 0.000000 0.895269 19.256427 -0.135303 0.682310 0.018527 
1588 1.854692 0.000000 0.851698 19.283750 -0.087411 0.862766 0.015034 
1589 1.901413 0.000000 0.895269 19.302388 -0.135740 0.647926 0.013963 
1590 1.854692 0.000000 0.938840 18.998108 0.007873 0.343084 0.045616 
1591 1.948134 0.000000 0.895269 19.354653 -0.135475 0.647892 0.008622 
1592 1.948134 0.000000 0.851698 19.352692 -0.092963 0.840535 0.008091 
1593 1.948134 0.000000 0.938840 19.286604 0.008257 -0.065947 0.016719 
1594 2.135017 0.000000 0.895269 19.499899 -0.125607 0.801037 -0.006875 
1595 2.135017 0.000000 0.851698 19.458339 -0.090723 0.941598 -0.003223 
1596 2.135017 0.000000 0.938840 19.561426 -0.076403 0.725104 -0.012896 
1597 2.321901 0.000000 0.895269 19.461661 -0.106713 0.952196 -0.003626 
1598 2.321901 0.000000 0.851698 19.445065 -0.077081 1.046869 -0.002405 
1599 2.368622 0.000000 0.895269 19.448864 -0.101881 0.968441 -0.002390 
1600 2.321901 0.000000 0.938840 19.477822 -0.060702 0.920997 -0.005115 
1601 2.462063 0.000000 0.764556 19.416852 -0.051417 1.143002 -0.000055 
1602 2.462063 0.000000 0.677414 19.409599 -0.032441 1.092058 0.000995 
1603 2.415343 0.000000 0.895269 19.439396 -0.097086 0.979800 -0.001473 
1604 2.415343 0.000000 0.851698 19.431433 -0.068443 1.070744 -0.001135 
1605 2.462063 0.000000 0.895269 19.433060 -0.092647 0.988489 -0.000864 
1606 2.415343 0.000000 0.938840 19.444340 -0.050125 0.933703 -0.001729 
1607 2.508784 0.000000 0.895269 19.429275 -0.088268 0.996458 -0.000515 
1608 2.508784 0.000000 0.851698 19.424555 -0.059313 1.084146 -0.000502 
1609 2.508784 0.000000 0.938840 19.431828 -0.038489 0.932012 -0.000432 
1610 2.695668 0.000000 0.895269 19.426720 -0.059770 1.037319 -0.000461 
1611 2.695668 0.000000 0.851698 19.424377 -0.041701 1.100672 -0.000574 
1612 2.742388 0.000000 0.895269 19.427833 -0.042712 1.042088 -0.000597 
1613 2.695668 0.000000 0.938840 19.430180 -0.013326 0.921472 -0.000208 
1614 2.835830 0.000000 0.764556 19.425050 -0.027619 1.167124 -0.001039 
1615 2.835830 0.000000 0.677414 19.419685 -0.062607 1.096362 -0.000073 
1616 2.789109 0.000000 0.895269 19.429524 -0.029382 1.039205 -0.000753 
1617 2.789109 0.000000 0.851698 19.427201 -0.033910 1.107205 -0.000901 
1618 2.835830 0.000000 0.895269 19.431462 -0.022603 1.035395 -0.000930 
1619 2.789109 0.000000 0.938840 19.431991 -0.000525 0.912823 -0.000352 
1620 2.882551 0.000000 0.895269 19.432350 -0.019284 1.034071 -0.001013 
1621 2.882551 0.000000 0.851698 19.431344 -0.027366 1.113593 -0.001363 
1622 2.929272 0.000000 0.895269 19.434735 -0.017138 1.034652 -0.001261 
1623 2.882551 0.000000 0.938840 19.436093 0.009434 0.898039 -0.000703 
1624 2.975993 0.000000 0.895269 19.436027 -0.015302 1.036028 -0.001402 
1625 2.975993 0.000000 0.851698 19.434404 -0.021801 1.118906 -0.001708 
1626 2.975993 0.000000 0.938840 19.440187 0.007029 0.876865 -0.001024 
1627 3.022713 0.000000 1.113124 19.428961 0.004293 0.890381 0.000067 
1628 2.929272 0.000000 1.113124 19.424820 -0.005232 0.893247 0.000478 
1629 3.116155 0.000000 1.113124 19.432489 0.007252 0.884093 -0.000267 
1630 3.022713 0.000000 1.200266 19.425764 0.002357 0.807670 0.000766 
1631 2.975993 0.000000 0.982411 19.436494 -0.008593 0.919344 -0.000846 
1632 2.929272 0.000000 0.982411 19.434420 -0.011224 0.922749 -0.000650 
1633 3.022713 0.000000 0.982411 19.438568 -0.006224 0.916102 -0.001043 
1634 2.975993 0.000000 1.025982 19.433211 -0.006724 0.921354 -0.000518 
1635 2.952632 0.000000 0.917054 19.436527 -0.048277 0.971209 -0.001115 
1636 2.929272 0.000000 0.917054 19.435698 -0.050242 0.969304 -0.001020 
1637 2.952632 0.000000 0.895269 19.434938 -0.016146 1.035412 -0.001286 
1638 2.975993 0.000000 0.917054 19.437599 -0.046551 0.973298 -0.001235 
1639 2.952632 0.000000 0.938840 19.438965 0.009715 0.882634 -0.000925 
1640 3.069434 0.000000 0.982411 19.440600 -0.004196 0.912778 -0.001236 
1641 3.116155 0.000000 0.982411 19.442525 -0.002340 0.908655 -0.001414 
1642 3.069434 0.000000 1.025982 19.437304 -0.002876 0.914097 -0.000904 
1643 3.046074 0.000000 0.917054 19.440503 -0.042036 0.980092 -0.001568 
1644 3.022713 0.000000 0.917054 19.439557 -0.043421 0.977740 -0.001458 
1645 3.046074 0.000000 0.895269 19.439220 -0.012871 1.038567 -0.001743 
1646 3.069434 0.000000 0.917054 19.441412 -0.040783 0.982556 -0.001673 
1647 3.046074 0.000000 0.938840 19.443656 -0.010951 0.865507 -0.001328 
1648 3.209597 0.000000 1.113124 19.435697 0.009490 0.878473 -0.000570 
1649 3.303039 0.000000 1.113124 19.438624 0.011151 0.873916 -0.000850 
1650 3.209597 0.000000 1.200266 19.431824 0.006995 0.802601 0.000165 
1651 3.256318 0.000000 0.982411 19.447708 0.002060 0.898599 -0.001899 
1652 3.209597 0.000000 0.982411 19.446052 0.000755 0.902077 -0.001745 
1653 3.256318 0.000000 0.938840 19.450072 -0.041014 0.906612 -0.002185 
1654 3.303039 0.000000 0.982411 19.449338 0.003272 0.896618 -0.002057 
1655 3.256318 0.000000 1.025982 19.444243 0.001961 0.898414 -0.001542 
1656 3.770247 0.000000 1.113124 19.449837 0.009925 0.837971 -0.001840 
1657 3.676805 0.000000 1.113124 19.448352 0.011001 0.844731 -0.001717 
1658 3.863689 0.000000 1.113124 19.451274 0.008301 0.831035 -0.001957 
1659 3.770247 0.000000 1.200266 19.444485 0.016433 0.782241 -0.001051 
1660 3.816968 0.000000 0.982411 19.460968 0.013776 0.852212 -0.003048 
1661 3.770247 0.000000 0.982411 19.460244 0.012793 0.856657 -0.002994 
1662 3.816968 0.000000 0.938840 19.459412 -0.007364 0.968501 -0.003448 
1663 3.863689 0.000000 0.982411 19.461749 0.014511 0.847342 -0.003107 
1664 3.816968 0.000000 1.025982 19.457492 0.000775 0.852732 -0.002693 
1665 3.957130 0.000000 1.113124 19.452571 0.006131 0.823131 -0.002055 
1666 4.050572 0.000000 1.113124 19.453871 0.003521 0.815922 -0.002158 
1667 3.957130 0.000000 1.200266 19.446547 0.022888 0.770641 -0.001216 
1668 3.910409 0.000000 0.982411 19.462439 0.014863 0.841052 -0.003150 
1669 3.910409 0.000000 0.938840 19.460456 0.000087 0.966865 -0.003547 
1670 3.957130 0.000000 0.982411 19.463180 0.014458 0.835179 -0.003200 
1671 3.910409 0.000000 1.025982 19.458830 -0.001182 0.844596 -0.002794 
1672 4.003851 0.000000 0.982411 19.463966 0.012803 0.828872 -0.003253 
1673 4.003851 0.000000 0.938840 19.461543 0.000295 0.965697 -0.003652 
1674 4.050572 0.000000 0.982411 19.464697 0.009299 0.822516 -0.003300 
1675 4.003851 0.000000 1.025982 19.460142 -0.003671 0.837407 -0.002897 
1676 4.144014 0.000000 1.113124 19.455167 0.000384 0.808547 -0.002259 
1677 4.237455 0.000000 1.113124 19.456372 -0.003191 0.800998 -0.002351 
1678 4.144014 0.000000 1.200266 19.448660 0.025157 0.762414 -0.001400 
1679 4.097293 0.000000 0.982411 19.465447 0.003559 0.817051 -0.003354 
1680 4.097293 0.000000 0.938840 19.462563 -0.002200 0.966640 -0.003762 
1681 4.144014 0.000000 0.982411 19.466206 -0.004152 0.813638 -0.003417 
1682 4.097293 0.000000 1.025982 19.461506 -0.006604 0.830199 -0.003006 
1683 4.190735 0.000000 0.982411 19.466838 -0.012794 0.813359 -0.003481 
1684 4.190735 0.000000 0.938840 19.463694 -0.005460 0.968819 -0.003890 
1685 4.237455 0.000000 0.982411 19.467306 -0.020817 0.816162 -0.003542 
1686 4.190735 0.000000 1.025982 19.462977 -0.009865 0.822788 -0.003125 
1687 4.330897 0.000000 1.113124 19.457682 -0.006965 0.791978 -0.002448 
1688 4.424339 0.000000 1.113124 19.459049 -0.010867 0.783861 -0.002555 
1689 4.330897 0.000000 1.200266 19.450689 0.020092 0.750325 -0.001560 
1690 4.284176 0.000000 0.982411 19.467627 -0.027159 0.819847 -0.003592 
1691 4.284176 0.000000 0.938840 19.464746 -0.009087 0.970419 -0.004006 
1692 4.330897 0.000000 0.982411 19.467951 -0.031583 0.825705 -0.003652 
1693 4.284176 0.000000 1.025982 19.464395 -0.013407 0.814050 -0.003233 
1694 4.377618 0.000000 0.982411 19.468261 -0.034436 0.831598 -0.003710 
1695 4.377618 0.000000 0.938840 19.465753 -0.012740 0.973457 -0.004126 
1696 4.424339 0.000000 0.982411 19.468607 -0.036247 0.837246 -0.003771 
1697 4.377618 0.000000 1.025982 19.465880 -0.016905 0.806457 -0.003354 
1698 4.517780 0.000000 1.113124 19.460431 -0.014777 0.775549 -0.002663 
1699 4.611222 0.000000 1.113124 19.461846 -0.018541 0.768716 -0.002781 
1700 4.517780 0.000000 1.200266 19.452833 0.008839 0.740297 -0.001740 
1701 4.471060 0.000000 0.982411 19.468996 -0.037365 0.842587 -0.003835 
1702 4.471060 0.000000 0.938840 19.466797 -0.016166 0.976352 -0.004248 
1703 4.517780 0.000000 0.982411 19.469296 -0.038176 0.847560 -0.003888 
1704 4.471060 0.000000 1.025982 19.467340 -0.020158 0.798733 -0.003471 
1705 4.564501 0.000000 0.982411 19.469640 -0.038715 0.852345 -0.003945 
1706 4.564501 0.000000 0.938840 19.467790 -0.019163 0.979003 -0.004365 
1707 4.611222 0.000000 0.982411 19.470031 -0.039027 0.858604 -0.004014 
1708 4.564501 0.000000 1.025982 19.468679 -0.022901 0.790946 -0.003577 
1709 4.704664 0.000000 1.113124 19.463236 -0.021962 0.760327 -0.002891 
1710 4.798105 0.000000 1.113124 19.464581 -0.024914 0.752015 -0.002996 
1711 4.704664 0.000000 1.200266 19.455446 0.002938 0.728503 -0.001963 
1712 4.657943 0.000000 0.982411 19.470263 -0.038999 0.863321 -0.004059 
1713 4.657943 0.000000 0.938840 19.468879 -0.021621 0.982799 -0.004497 
1714 4.704664 0.000000 0.982411 19.470638 -0.038492 0.868161 -0.004120 
1715 4.657943 0.000000 1.025982 19.470028 -0.024882 0.784627 -0.003689 
1716 4.751385 0.000000 0.982411 19.470948 -0.037137 0.872925 -0.004173 
1717 4.751385 0.000000 0.938840 19.469865 -0.023343 0.984693 -0.004608 
1718 4.798105 0.000000 0.982411 19.471229 -0.034792 0.877250 -0.004222 
1719 4.751385 0.000000 1.025982 19.471302 -0.025801 0.776668 -0.003788 
1720 5.078431 0.000000 0.938840 19.473451 -0.021827 0.988124 -0.004995 
1721 5.078431 0.000000 0.851698 19.474549 -0.024820 1.112443 -0.005799 
1722 5.078431 0.000000 1.025982 19.475680 -0.023927 0.746896 -0.004119 
1723 4.891547 0.000000 1.113124 19.465927 -0.027165 0.743822 -0.003103 
1724 4.984989 0.000000 1.113124 19.467304 -0.028731 0.735879 -0.003214 
1725 4.891547 0.000000 1.200266 19.458399 -0.009938 0.714282 -0.002213 
1726 4.938268 0.000000 0.982411 19.472502 -0.024685 0.883477 -0.004380 
1727 4.891547 0.000000 0.982411 19.472032 -0.027959 0.882633 -0.004328 
1728 4.938268 0.000000 0.938840 19.471916 -0.023953 0.987324 -0.004833 
1729 4.984989 0.000000 0.982411 19.472986 -0.022117 0.883642 -0.004430 
1730 4.938268 0.000000 1.025982 19.473838 -0.024662 0.759824 -0.003980 
1731 5.078431 0.000000 1.113124 19.468617 -0.029467 0.728071 -0.003319 
1732 5.171872 0.000000 1.113124 19.469770 -0.029480 0.720485 -0.003408 
1733 5.078431 0.000000 1.200266 19.461188 -0.013371 0.699394 -0.002444 
1734 5.031710 0.000000 0.982411 19.473479 -0.020105 0.883570 -0.004480 
1735 5.031710 0.000000 0.938840 19.472963 -0.022763 0.987955 -0.004944 
1736 5.078431 0.000000 0.982411 19.473954 -0.018479 0.883613 -0.004529 
1737 5.031710 0.000000 1.025982 19.475102 -0.023853 0.751069 -0.004076 
1738 5.265314 0.000000 1.113124 19.470831 -0.028837 0.713144 -0.003490 
1739 5.358756 0.000000 1.113124 19.471645 -0.027681 0.706203 -0.003547 
1740 5.265314 0.000000 1.200266 19.463666 -0.014993 0.684143 -0.002644 
1741 5.218593 0.000000 0.982411 19.474955 -0.013990 0.884748 -0.004637 
1742 5.171872 0.000000 0.982411 19.474655 -0.015528 0.884193 -0.004604 
1743 5.218593 0.000000 0.938840 19.474631 -0.017673 0.988189 -0.005117 
1744 5.265314 0.000000 0.982411 19.475161 -0.012327 0.885361 -0.004661 
1745 5.218593 0.000000 1.025982 19.477059 -0.026756 0.738725 -0.004229 
1746 5.125151 0.000000 0.982411 19.474338 -0.017009 0.883841 -0.004570 
1747 5.125151 0.000000 0.938840 19.473871 -0.020657 0.988252 -0.005039 
1748 5.125151 0.000000 1.025982 19.476201 -0.024477 0.743246 -0.004158 
1749 5.218593 0.000000 1.069553 19.473611 -0.033373 0.731625 -0.003847 
1750 5.171872 0.000000 1.069553 19.473125 -0.034005 0.735161 -0.003811 
1751 5.265314 0.000000 1.069553 19.474035 -0.032564 0.728181 -0.003877 
1752 5.218593 0.000000 1.113124 19.470323 -0.029264 0.716783 -0.003451 
1753 5.195233 0.000000 1.004197 19.475525 -0.033781 0.816841 -0.004393 
1754 5.171872 0.000000 1.004197 19.475446 -0.035164 0.814765 -0.004376 
1755 5.195233 0.000000 0.982411 19.474799 -0.014785 0.884459 -0.004620 
1756 5.218593 0.000000 1.004197 19.475605 -0.032226 0.818874 -0.004410 
1757 5.195233 0.000000 1.025982 19.476887 -0.026100 0.739392 -0.004214 
1758 5.452197 0.000000 1.113124 19.472185 -0.026085 0.699761 -0.003579 
1759 5.545639 0.000000 1.113124 19.472592 -0.024035 0.693945 -0.003599 
1760 5.452197 0.000000 1.200266 19.465734 -0.013995 0.668324 -0.002800 
1761 5.639081 0.000000 1.113124 19.472870 -0.021585 0.688767 -0.003608 
1762 5.732522 0.000000 1.113124 19.473061 -0.018814 0.684346 -0.003612 
1763 5.639081 0.000000 1.200266 19.467472 -0.012304 0.654535 -0.002930 
1764 6.012847 0.000000 1.113124 19.473439 -0.010200 0.675696 -0.003619 
1765 5.919406 0.000000 1.113124 19.473494 -0.012948 0.677806 -0.003632 
1766 6.012847 0.000000 1.025982 19.471169 0.015985 0.796882 -0.003857 
1767 6.012847 0.000000 1.200266 19.470676 -0.005269 0.632722 -0.003186 
1768 6.012847 0.000000 0.938840 19.466972 0.013624 0.984741 -0.004310 
1769 5.919406 0.000000 0.938840 19.468467 0.010062 0.983383 -0.004456 
1770 6.012847 0.000000 0.851698 19.466615 0.014538 1.088910 -0.004844 
1771 6.106289 0.000000 0.938840 19.465459 0.016349 0.986594 -0.004164 
1772 6.059568 0.000000 1.069553 19.474006 -0.002389 0.688377 -0.003723 
1773 6.012847 0.000000 1.069553 19.474273 -0.004334 0.688859 -0.003752 
1774 6.059568 0.000000 1.025982 19.470586 0.018703 0.800511 -0.003813 
1775 6.106289 0.000000 1.069553 19.473637 -0.000565 0.688500 -0.003685 
1776 6.059568 0.000000 1.113124 19.473339 -0.008911 0.674955 -0.003606 
1777 5.825964 0.000000 1.113124 19.473354 -0.015882 0.680662 -0.003628 
1778 5.825964 0.000000 1.025982 19.473191 0.002258 0.781362 -0.004000 
1779 5.825964 0.000000 1.200266 19.469234 -0.009198 0.642535 -0.003070 
1780 5.966127 0.000000 1.069553 19.474499 -0.006415 0.689667 -0.003778 
1781 5.919406 0.000000 1.069553 19.474707 -0.008579 0.690874 -0.003804 
1782 5.966127 0.000000 1.025982 19.471731 0.012931 0.793175 -0.003899 
1783 5.966127 0.000000 1.113124 19.473495 -0.011534 0.676659 -0.003628 
1784 6.199731 0.000000 0.938840 19.463974 0.018166 0.988994 -0.004024 
1785 6.199731 0.000000 0.851698 19.462561 0.019698 1.089446 -0.004431 
1786 6.293172 0.000000 0.938840 19.462173 0.019055 0.991792 -0.003853 
1787 6.059568 0.000000 0.982411 19.468023 0.022163 0.905661 -0.004024 
1788 6.012847 0.000000 0.982411 19.468738 0.020726 0.903686 -0.004088 
1789 6.059568 0.000000 0.938840 19.466251 0.015101 0.985566 -0.004240 
1790 6.106289 0.000000 0.982411 19.467364 0.023382 0.907756 -0.003966 
1791 6.036208 0.000000 1.047768 19.473113 0.006099 0.725039 -0.003768 
1792 6.012847 0.000000 1.047768 19.473421 0.004891 0.722620 -0.003790 
1793 6.036208 0.000000 1.025982 19.470862 0.017392 0.798682 -0.003833 
1794 6.059568 0.000000 1.047768 19.472827 0.007301 0.727574 -0.003748 
1795 6.036208 0.000000 1.069553 19.474181 -0.003341 0.688523 -0.003741 
1796 6.153010 0.000000 1.069553 19.473318 0.001196 0.689124 -0.003654 
1797 6.153010 0.000000 1.025982 19.469428 0.023054 0.807684 -0.003725 
1798 6.199731 0.000000 1.069553 19.472889 0.002891 0.690322 -0.003615 
1799 6.153010 0.000000 1.113124 19.473001 -0.006677 0.674000 -0.003567 
1800 6.246452 0.000000 1.069553 19.472341 0.004633 0.692201 -0.003565 
1801 6.246452 0.000000 1.025982 19.468011 0.026040 0.814919 -0.003610 
1802 6.293172 0.000000 1.069553 19.471700 0.006431 0.694815 -0.003509 
1803 6.246452 0.000000 1.113124 19.472557 -0.004882 0.673831 -0.003521 
1804 6.386614 0.000000 0.938840 19.460145 0.019208 0.994775 -0.003660 
1805 6.386614 0.000000 0.851698 19.458135 0.020304 1.091642 -0.003988 
1806 6.480056 0.000000 0.938840 19.457913 0.018763 0.998147 -0.003448 
1807 6.246452 0.000000 0.982411 19.464811 0.019579 0.912296 -0.003725 
1808 6.199731 0.000000 0.982411 19.466023 0.025214 0.912195 -0.003850 
1809 6.246452 0.000000 0.938840 19.463083 0.018707 0.990348 -0.003939 
1810 6.293172 0.000000 0.982411 19.463936 0.019978 0.914754 -0.003646 
1811 6.339893 0.000000 1.069553 19.470966 0.008318 0.698062 -0.003445 
1812 6.339893 0.000000 1.025982 19.466217 0.027960 0.822379 -0.003458 
1813 6.386614 0.000000 1.069553 19.470033 0.010344 0.701940 -0.003364 
1814 6.339893 0.000000 1.113124 19.471695 -0.003344 0.674224 -0.003434 
1815 6.269812 0.000000 1.047768 19.469787 0.017658 0.752508 -0.003533 
1816 6.246452 0.000000 1.047768 19.470172 0.016593 0.749598 -0.003561 
1817 6.269812 0.000000 1.025982 19.467626 0.026586 0.816792 -0.003579 
1818 6.293172 0.000000 1.047768 19.469347 0.018698 0.755363 -0.003500 
1819 6.269812 0.000000 1.069553 19.472048 0.005522 0.693442 -0.003540 
1820 6.573498 0.000000 1.113124 19.468301 0.000600 0.677531 -0.003096 
1821 6.573498 0.000000 1.025982 19.460922 0.030255 0.841955 -0.003000 
1822 6.573498 0.000000 1.200266 19.469539 0.006992 0.619134 -0.003024 
1823 6.433335 0.000000 1.069553 19.469123 0.012375 0.706474 -0.003287 
1824 6.433335 0.000000 1.025982 19.464365 0.029109 0.830008 -0.003301 
1825 6.480056 0.000000 1.069553 19.468171 0.014455 0.711574 -0.003208 
1826 6.433335 0.000000 1.113124 19.470555 -0.001837 0.675074 -0.003319 
1827 6.573498 0.000000 0.938840 19.455340 0.018130 1.001815 -0.003203 
1828 6.573498 0.000000 0.851698 19.452765 0.017386 1.095016 -0.003455 
1829 6.666939 0.000000 0.938840 19.452585 0.017577 1.005818 -0.002941 
1830 6.620218 0.000000 1.069553 19.464616 0.020849 0.729372 -0.002911 
1831 6.573498 0.000000 1.069553 19.465862 0.018664 0.723090 -0.003015 
1832 6.620218 0.000000 1.025982 19.459465 0.024467 0.844160 -0.002859 
1833 6.666939 0.000000 1.069553 19.463407 0.023125 0.735839 -0.002812 
1834 6.620218 0.000000 1.113124 19.467444 0.001567 0.678638 -0.003012 
1835 6.760381 0.000000 0.938840 19.449776 0.017344 1.010219 -0.002675 
1836 6.760381 0.000000 0.851698 19.446133 -0.031121 1.084316 -0.002713 
1837 6.853823 0.000000 0.938840 19.447068 0.017682 1.014976 -0.002423 
1838 6.713660 0.000000 1.069553 19.462171 0.025539 0.742536 -0.002711 
1839 6.713660 0.000000 1.025982 19.456948 0.025484 0.852666 -0.002638 
1840 6.760381 0.000000 1.069553 19.460970 0.027977 0.749335 -0.002615 
1841 6.713660 0.000000 1.113124 19.465719 0.003979 0.681317 -0.002844 
1842 6.947264 0.000000 1.113124 19.461989 0.013280 0.691363 -0.002497 
1843 6.947264 0.000000 1.025982 19.451455 0.030255 0.875316 -0.002177 
1844 6.947264 0.000000 1.200266 19.465931 0.019559 0.625659 -0.002675 
1845 6.807102 0.000000 1.069553 19.459840 0.030457 0.756215 -0.002526 
1846 6.807102 0.000000 1.025982 19.454539 0.026992 0.861496 -0.002431 
1847 6.853823 0.000000 1.069553 19.458738 0.032950 0.763110 -0.002441 
1848 6.807102 0.000000 1.113124 19.464109 0.007053 0.684659 -0.002691 
1849 7.134148 0.000000 0.938840 19.441704 0.021537 1.032681 -0.001967 
1850 7.040706 0.000000 0.938840 19.442932 0.019994 1.026148 -0.002058 
1851 7.134148 0.000000 0.851698 19.435283 -0.035049 1.098240 -0.001679 
1852 7.227589 0.000000 0.938840 19.440883 0.022925 1.039774 -0.001922 
1853 7.087427 0.000000 1.069553 19.454926 0.044967 0.797015 -0.002191 
1854 7.040706 0.000000 1.069553 19.455427 0.042721 0.790355 -0.002214 
1855 7.087427 0.000000 1.025982 19.449657 0.034272 0.889768 -0.002061 
1856 7.134148 0.000000 1.069553 19.454564 0.047136 0.803584 -0.002182 
1857 7.087427 0.000000 1.113124 19.460869 0.021946 0.700694 -0.002417 
1858 6.947264 0.000000 0.938840 19.444737 0.018592 1.020257 -0.002211 
1859 6.947264 0.000000 0.851698 19.439961 -0.033958 1.089969 -0.002111 
1860 6.993985 0.000000 1.069553 19.456012 0.040361 0.783627 -0.002246 
1861 6.947264 0.000000 1.069553 19.456764 0.037946 0.776841 -0.002295 
1862 6.993985 0.000000 1.025982 19.450724 0.031552 0.880075 -0.002124 
1863 6.993985 0.000000 1.113124 19.461510 0.015882 0.694165 -0.002458 
1864 5.732522 0.000000 5.208806 19.449845 0.011266 0.008945 0.000015 
1865 5.732522 0.000000 6.603080 19.450309 -0.000647 0.003429 -0.000032 
1866 6.480056 0.000000 3.117394 19.447901 -0.000333 0.031921 0.000213 
1867 5.732522 0.000000 3.117394 19.446681 -0.001616 0.030479 0.000339 
1868 7.227589 0.000000 3.117394 19.449587 0.001042 0.032017 0.000040 
1869 6.480056 0.000000 3.814531 19.449142 0.011536 0.018277 0.000087 
1870 6.853823 0.000000 2.071688 19.458725 0.006056 0.176262 -0.000980 
1871 6.480056 0.000000 2.071688 19.455872 0.004739 0.179213 -0.000689 
1872 7.227589 0.000000 2.071688 19.461405 0.007438 0.172229 -0.001252 
1873 6.853823 0.000000 2.420257 19.453629 0.001158 0.079036 -0.000390 
1874 7.040706 0.000000 1.548835 19.464971 0.032225 0.402508 -0.001971 
1875 6.853823 0.000000 1.548835 19.461970 0.026818 0.409978 -0.001677 
1876 7.227589 0.000000 1.548835 19.467123 0.034877 0.399683 -0.002187 
1877 7.040706 0.000000 1.723119 19.461406 0.025067 0.307581 -0.001425 
1878 7.134148 0.000000 1.287409 19.467871 0.030347 0.564549 -0.002683 
1879 7.040706 0.000000 1.287409 19.467529 0.027269 0.563507 -0.002645 
1880 7.227589 0.000000 1.287409 19.468289 0.033311 0.566053 -0.002731 
1881 7.134148 0.000000 1.374551 19.468050 0.029855 0.513150 -0.002555 
1882 7.087427 0.000000 1.156695 19.463303 0.020045 0.668074 -0.002549 
1883 7.040706 0.000000 1.156695 19.463507 0.018588 0.665617 -0.002561 
1884 7.134148 0.000000 1.156695 19.463192 0.021436 0.670604 -0.002547 
1885 7.087427 0.000000 1.200266 19.465423 0.024618 0.630920 -0.002640 
1886 7.064066 0.000000 1.091339 19.458537 0.036373 0.736495 -0.002315 
1887 7.040706 0.000000 1.091339 19.458760 0.034485 0.732939 -0.002324 
1888 7.064066 0.000000 1.069553 19.455163 0.043863 0.793698 -0.002201 
1889 7.087427 0.000000 1.091339 19.458289 0.038186 0.740067 -0.002304 
1890 7.064066 0.000000 1.113124 19.461025 0.020335 0.698945 -0.002426 
1891 7.180868 0.000000 1.069553 19.454291 0.049142 0.810061 -0.002182 
1892 7.180868 0.000000 1.025982 19.449088 0.036959 0.899649 -0.002049 
1893 7.227589 0.000000 1.069553 19.454062 0.051004 0.816456 -0.002187 
1894 7.180868 0.000000 1.113124 19.460516 0.029086 0.708701 -0.002411 
1895 7.507914 0.000000 1.113124 19.459465 0.059180 0.751380 -0.002475 
1896 7.507914 0.000000 1.025982 19.447474 0.046892 0.935211 -0.002058 
1897 7.507914 0.000000 1.200266 19.466440 0.037278 0.652731 -0.002821 
1898 7.975123 0.000000 3.117394 19.450937 0.002123 0.030720 -0.000099 
1899 7.975123 0.000000 3.814531 19.450901 -0.008720 0.010879 -0.000093 
1900 7.601356 0.000000 2.071688 19.463679 0.008601 0.167223 -0.001481 
1901 7.975123 0.000000 2.071688 19.465331 0.009374 0.161247 -0.001646 
1902 7.601356 0.000000 2.420257 19.456807 0.003430 0.073272 -0.000714 
1903 7.788239 0.000000 1.548835 19.474431 0.039093 0.397145 -0.002935 
1904 7.601356 0.000000 1.548835 19.473044 0.038071 0.393737 -0.002785 
1905 7.975123 0.000000 1.548835 19.479490 0.038336 0.385735 -0.003432 
1906 7.788239 0.000000 1.723119 19.470735 0.029139 0.296107 -0.002367 
1907 7.694798 0.000000 1.287409 19.474254 0.051585 0.573536 -0.003372 
1908 7.601356 0.000000 1.287409 19.472293 0.049980 0.570152 -0.003160 
1909 7.788239 0.000000 1.287409 19.476491 0.052276 0.576821 -0.003613 
1910 7.694798 0.000000 1.374551 19.475115 0.041973 0.513153 -0.003285 
1911 7.648077 0.000000 1.156695 19.465587 0.038178 0.700706 -0.002905 
1912 7.601356 0.000000 1.156695 19.464730 0.035936 0.698029 -0.002807 
1913 7.648077 0.000000 1.113124 19.460341 0.071588 0.775647 -0.002668 
1914 7.694798 0.000000 1.156695 19.466622 0.040753 0.703292 -0.003022 
1915 7.648077 0.000000 1.200266 19.468438 0.040645 0.662127 -0.003060 
1916 7.881681 0.000000 1.113124 19.464700 0.083472 0.817773 -0.003298 
1917 7.881681 0.000000 1.025982 19.451811 0.062178 0.983955 -0.002756 
1918 7.881681 0.000000 1.200266 19.473969 0.042021 0.677365 -0.003684 
1919 7.741519 0.000000 1.156695 19.467933 0.043865 0.705742 -0.003167 
1920 7.741519 0.000000 1.113124 19.461769 0.077907 0.792653 -0.002887 
1921 7.788239 0.000000 1.156695 19.469264 0.047660 0.708132 -0.003313 
1922 7.741519 0.000000 1.200266 19.470462 0.041968 0.668498 -0.003291 
1923 7.694798 0.000000 0.938840 19.437418 0.034771 1.083992 -0.001816 
1924 7.601356 0.000000 0.938840 19.437592 0.030876 1.073642 -0.001774 
1925 7.694798 0.000000 0.851698 19.426014 -0.032853 1.141972 -0.000985 
1926 7.788239 0.000000 0.938840 19.438025 0.038865 1.095501 -0.001945 
1927 7.741519 0.000000 1.069553 19.454725 0.072304 0.887038 -0.002580 
1928 7.694798 0.000000 1.069553 19.453946 0.070469 0.880203 -0.002467 
1929 7.741519 0.000000 1.025982 19.448827 0.057267 0.964408 -0.002347 
1930 7.788239 0.000000 1.069553 19.455675 0.073897 0.893938 -0.002710 
1931 7.881681 0.000000 1.287409 19.478732 0.052511 0.580140 -0.003854 
1932 7.975123 0.000000 1.287409 19.480945 0.052226 0.583392 -0.004091 
1933 7.881681 0.000000 1.374551 19.479193 0.042773 0.514521 -0.003709 
1934 7.834960 0.000000 1.156695 19.470730 0.052309 0.710788 -0.003475 
1935 7.834960 0.000000 1.113124 19.463682 0.082106 0.809554 -0.003158 
1936 7.881681 0.000000 1.156695 19.472181 0.058115 0.713975 -0.003639 
1937 7.834960 0.000000 1.200266 19.472769 0.042264 0.674606 -0.003550 
1938 7.764879 0.000000 1.134910 19.466289 0.069879 0.741539 -0.003142 
1939 7.741519 0.000000 1.134910 19.465794 0.067022 0.737666 -0.003075 
1940 7.764879 0.000000 1.113124 19.462222 0.079161 0.796952 -0.002953 
1941 7.788239 0.000000 1.134910 19.466763 0.072552 0.745605 -0.003208 
1942 7.764879 0.000000 1.156695 19.468593 0.045683 0.706926 -0.003239 
1943 8.348890 0.000000 2.071688 19.466138 0.010022 0.154730 -0.001724 
1944 8.348890 0.000000 2.420257 19.455801 -0.006843 0.065534 -0.000608 
1945 8.162006 0.000000 1.548835 19.481658 0.037508 0.381186 -0.003646 
1946 8.348890 0.000000 1.548835 19.482915 0.036732 0.376309 -0.003765 
1947 8.162006 0.000000 1.723119 19.472383 0.018973 0.283054 -0.002516 
1948 8.068564 0.000000 1.287409 19.482688 0.051442 0.586334 -0.004280 
1949 8.162006 0.000000 1.287409 19.484103 0.050423 0.589078 -0.004434 
1950 8.068564 0.000000 1.374551 19.482516 0.039969 0.517012 -0.004057 
1951 8.021844 0.000000 1.156695 19.475695 0.077703 0.731904 -0.004076 
1952 7.975123 0.000000 1.156695 19.474656 0.071379 0.724363 -0.003937 
1953 8.021844 0.000000 1.113124 19.467688 0.085256 0.840892 -0.003708 
1954 8.068564 0.000000 1.156695 19.476392 0.082838 0.740635 -0.004184 
1955 8.021844 0.000000 1.200266 19.477615 0.040213 0.683696 -0.004082 
1956 8.115285 0.000000 1.156695 19.476962 0.086610 0.749952 -0.004281 
1957 8.115285 0.000000 1.113124 19.469632 0.085259 0.855006 -0.003971 
1958 8.162006 0.000000 1.156695 19.477399 0.089053 0.759262 -0.004364 
1959 8.115285 0.000000 1.200266 19.479843 0.039010 0.685184 -0.004316 
1960 8.255448 0.000000 1.287409 19.485101 0.049261 0.591673 -0.004544 
1961 8.348890 0.000000 1.287409 19.483945 0.048154 0.593895 -0.004432 
1962 8.255448 0.000000 1.374551 19.484585 0.038553 0.517192 -0.004271 
1963 8.208727 0.000000 1.156695 19.477887 0.090423 0.768212 -0.004451 
1964 8.208727 0.000000 1.113124 19.471204 0.084901 0.868205 -0.004193 
1965 8.255448 0.000000 1.156695 19.478291 0.091172 0.776737 -0.004528 
1966 8.208727 0.000000 1.200266 19.482161 0.039930 0.683253 -0.004548 
1967 8.535773 0.000000 0.851698 19.434760 -0.011069 1.268552 -0.002688 
1968 8.535773 0.000000 0.677414 19.407776 -0.035636 1.141277 0.000891 
1969 8.722656 0.000000 0.851698 19.437894 -0.006033 1.300076 -0.003223 
1970 8.442331 0.000000 1.113124 19.474118 0.084413 0.897584 -0.004630 
1971 8.442331 0.000000 1.025982 19.463748 0.069066 1.064233 -0.004421 
1972 8.535773 0.000000 1.113124 19.474794 0.084533 0.907868 -0.004749 
1973 8.442331 0.000000 1.200266 19.487202 0.080031 0.680706 -0.005071 
1974 8.302169 0.000000 1.156695 19.478580 0.091347 0.784666 -0.004591 
1975 8.302169 0.000000 1.113124 19.472501 0.084552 0.880602 -0.004384 
1976 8.348890 0.000000 1.156695 19.478851 0.091331 0.791976 -0.004649 
1977 8.302169 0.000000 1.200266 19.484644 0.047218 0.677625 -0.004785 
1978 8.208727 0.000000 1.243838 19.483225 0.047426 0.639744 -0.004507 
1979 8.162006 0.000000 1.243838 19.482564 0.048443 0.637963 -0.004433 
1980 8.255448 0.000000 1.243838 19.483752 0.046292 0.641377 -0.004567 
1981 8.208727 0.000000 1.287409 19.484575 0.049824 0.590437 -0.004487 
1982 8.232087 0.000000 1.178481 19.482338 0.077595 0.709565 -0.004675 
1983 8.208727 0.000000 1.178481 19.482068 0.073499 0.706135 -0.004633 
1984 8.232087 0.000000 1.156695 19.478062 0.090854 0.772522 -0.004487 
1985 8.255448 0.000000 1.178481 19.482465 0.081326 0.713618 -0.004705 
1986 8.232087 0.000000 1.200266 19.482769 0.040904 0.682078 -0.004607 
1987 8.535773 0.000000 1.548835 19.483233 0.035956 0.371557 -0.003788 
1988 8.535773 0.000000 1.723119 19.472551 0.020870 0.274390 -0.002520 
1989 8.629215 0.000000 1.287409 19.484198 0.043048 0.599806 -0.004476 
1990 8.535773 0.000000 1.287409 19.484417 0.045129 0.598137 -0.004493 
1991 8.629215 0.000000 1.200266 19.484746 0.100241 0.723401 -0.004986 
1992 8.722656 0.000000 1.287409 19.483607 0.038519 0.603121 -0.004424 
1993 8.629215 0.000000 1.374551 19.485314 0.038555 0.515949 -0.004342 
1994 8.629215 0.000000 1.113124 19.475122 0.084901 0.917390 -0.004829 
1995 8.629215 0.000000 1.025982 19.465992 0.071957 1.088319 -0.004790 
1996 8.722656 0.000000 1.113124 19.475130 0.085483 0.926187 -0.004873 
1997 8.816098 0.000000 1.287409 19.483166 0.034673 0.603373 -0.004379 
1998 8.816098 0.000000 1.200266 19.483046 0.102393 0.741922 -0.004884 
1999 8.816098 0.000000 1.374551 19.484114 0.037562 0.515961 -0.004218 
2000 8.675935 0.000000 1.243838 19.486153 0.029132 0.625081 -0.004756 
2001 8.629215 0.000000 1.243838 19.487384 0.030384 0.633570 -0.004911 
2002 8.675935 0.000000 1.200266 19.484061 0.099744 0.731566 -0.004947 
2003 8.722656 0.000000 1.243838 19.487569 0.031948 0.611259 -0.004857 
2004 8.675935 0.000000 1.287409 19.484055 0.041791 0.600498 -0.004463 
2005 8.909540 0.000000 0.851698 19.443381 0.045774 1.341868 -0.004085 
2006 8.909540 0.000000 0.677414 19.414523 -0.032273 1.179978 -0.000039 
2007 9.096423 0.000000 0.851698 19.443619 0.053494 1.368124 -0.004299 
2008 8.816098 0.000000 1.113124 19.474701 0.086205 0.934435 -0.004869 
2009 8.816098 0.000000 1.025982 19.466222 0.081215 1.112267 -0.004956 
2010 8.909540 0.000000 1.113124 19.474030 0.086906 0.942256 -0.004839 
2011 8.675935 0.000000 1.156695 19.479191 0.089559 0.830692 -0.004849 
2012 8.629215 0.000000 1.156695 19.479343 0.089709 0.826178 -0.004845 
2013 8.675935 0.000000 1.113124 19.475164 0.085182 0.921878 -0.004855 
2014 8.722656 0.000000 1.156695 19.478992 0.089441 0.834974 -0.004848 
2015 8.769377 0.000000 1.243838 19.489533 0.044702 0.594082 -0.005007 
2016 8.769377 0.000000 1.200266 19.483617 0.103566 0.736984 -0.004924 
2017 8.816098 0.000000 1.243838 19.490846 0.072546 0.585045 -0.005123 
2018 8.769377 0.000000 1.287409 19.483382 0.036780 0.603432 -0.004402 
2019 8.699296 0.000000 1.222052 19.489670 0.106379 0.651201 -0.005234 
2020 8.675935 0.000000 1.222052 19.490370 0.100681 0.643504 -0.005277 
2021 8.699296 0.000000 1.200266 19.483736 0.099309 0.735123 -0.004927 
2022 8.722656 0.000000 1.222052 19.488931 0.110046 0.659178 -0.005188 
2023 8.699296 0.000000 1.243838 19.486799 0.029740 0.618782 -0.004802 
2024 9.002981 0.000000 1.113124 19.473093 0.087532 0.949731 -0.004781 
2025 9.002981 0.000000 1.025982 19.465272 0.085215 1.132224 -0.004979 
2026 9.096423 0.000000 1.113124 19.471922 0.087903 0.956974 -0.004697 
2027 8.956261 0.000000 1.243838 19.484923 0.119802 0.639469 -0.004713 
2028 8.909540 0.000000 1.243838 19.487219 0.117690 0.619478 -0.004882 
2029 8.956261 0.000000 1.200266 19.481122 0.099586 0.754629 -0.004734 
2030 9.002981 0.000000 1.243838 19.482863 0.115628 0.655847 -0.004554 
2031 8.956261 0.000000 1.287409 19.482189 0.015230 0.611073 -0.004300 
2032 9.189865 0.000000 1.287409 19.487322 0.005365 0.537173 -0.004604 
2033 9.189865 0.000000 1.200266 19.475095 0.095496 0.773012 -0.004186 
2034 9.189865 0.000000 1.374551 19.479845 0.032042 0.512754 -0.003769 
2035 9.049702 0.000000 1.243838 19.481367 0.112235 0.665549 -0.004432 
2036 9.049702 0.000000 1.200266 19.479706 0.097950 0.761698 -0.004616 
2037 9.096423 0.000000 1.243838 19.480196 0.109100 0.672736 -0.004335 
2038 9.049702 0.000000 1.287409 19.482439 0.004508 0.600673 -0.004292 
2039 9.283306 0.000000 0.851698 19.442146 0.059802 1.391493 -0.004320 
2040 9.283306 0.000000 0.677414 19.418127 -0.024199 1.216975 -0.000642 
2041 9.470190 0.000000 0.851698 19.439131 0.062014 1.412308 -0.004165 
2042 9.189865 0.000000 1.113124 19.470508 0.087906 0.964147 -0.004588 
2043 9.189865 0.000000 1.025982 19.462941 0.087954 1.150960 -0.004853 
2044 9.283306 0.000000 1.113124 19.469033 0.087494 0.971313 -0.004472 
2045 9.143144 0.000000 1.243838 19.479135 0.106406 0.678547 -0.004245 
2046 9.143144 0.000000 1.200266 19.475853 0.096329 0.769876 -0.004252 
2047 9.189865 0.000000 1.243838 19.477757 0.094413 0.695683 -0.004159 
2048 9.143144 0.000000 1.287409 19.484648 -0.005204 0.568606 -0.004421 
2049 9.002981 0.000000 1.461693 19.481978 0.038976 0.431865 -0.003788 
2050 8.909540 0.000000 1.461693 19.482904 0.039379 0.432939 -0.003886 
2051 9.096423 0.000000 1.461693 19.480916 0.038591 0.430952 -0.003676 
2052 9.002981 0.000000 1.548835 19.475538 0.028779 0.359956 -0.002972 
2053 9.049702 0.000000 1.330980 19.481021 0.029967 0.564491 -0.004037 
2054 9.002981 0.000000 1.330980 19.481355 0.028916 0.565278 -0.004074 
2055 9.096423 0.000000 1.330980 19.480470 0.028528 0.564677 -0.003981 
2056 9.049702 0.000000 1.374551 19.481602 0.034586 0.512972 -0.003951 
2057 9.073063 0.000000 1.265623 19.488578 0.098274 0.570565 -0.004857 
2058 9.049702 0.000000 1.265623 19.489950 0.081134 0.558105 -0.004953 
2059 9.073063 0.000000 1.243838 19.480768 0.110608 0.669357 -0.004383 
2060 9.096423 0.000000 1.265623 19.486895 0.108626 0.585903 -0.004736 
2061 9.073063 0.000000 1.287409 19.482673 0.001391 0.595675 -0.004300 
2062 9.563631 0.000000 1.287409 19.473947 0.098612 0.627803 -0.003531 
2063 9.563631 0.000000 1.200266 19.468538 0.087913 0.797413 -0.003608 
2064 9.563631 0.000000 1.374551 19.475184 0.020917 0.512847 -0.003288 
2065 9.750515 0.000000 1.461693 19.471759 0.033686 0.427147 -0.002724 
2066 9.657073 0.000000 1.461693 19.473407 0.034425 0.427509 -0.002895 
2067 9.843957 0.000000 1.461693 19.469962 0.033035 0.426921 -0.002538 
2068 9.750515 0.000000 1.548835 19.467061 0.028044 0.351912 -0.002085 
2069 9.703794 0.000000 1.330980 19.480951 0.054494 0.471862 -0.003782 
2070 9.657073 0.000000 1.330980 19.482016 0.017998 0.473683 -0.003889 
2071 9.703794 0.000000 1.287409 19.471082 0.100153 0.628701 -0.003240 
2072 9.750515 0.000000 1.330980 19.478063 0.079556 0.488658 -0.003536 
2073 9.703794 0.000000 1.374551 19.473109 0.014564 0.510763 -0.003068 
2074 9.563631 0.000000 1.461693 19.474932 0.035202 0.427926 -0.003053 
2075 9.470190 0.000000 1.461693 19.476287 0.035985 0.428389 -0.003193 
2076 9.563631 0.000000 1.548835 19.469598 0.027893 0.353201 -0.002348 
2077 9.610352 0.000000 1.330980 19.480570 -0.005339 0.497673 -0.003801 
2078 9.563631 0.000000 1.330980 19.478903 -0.010577 0.522844 -0.003697 
2079 9.610352 0.000000 1.287409 19.472842 0.095857 0.632940 -0.003433 
2080 9.610352 0.000000 1.374551 19.474497 0.019009 0.512421 -0.003216 
2081 9.657073 0.000000 0.851698 19.434251 0.058360 1.431256 -0.003805 
2082 9.657073 0.000000 0.677414 19.416200 -0.026600 1.247392 -0.000642 
2083 9.843957 0.000000 0.851698 19.427895 0.049158 1.449315 -0.003287 
2084 9.750515 0.000000 1.113124 19.459609 0.080503 1.009277 -0.003698 
2085 9.657073 0.000000 1.113124 19.461924 0.081950 1.001203 -0.003894 
2086 9.750515 0.000000 1.025982 19.450857 0.079843 1.208486 -0.003966 
2087 9.843957 0.000000 1.113124 19.457067 0.079646 1.017654 -0.003481 
2088 9.703794 0.000000 1.243838 19.468303 0.087510 0.718393 -0.003267 
2089 9.657073 0.000000 1.243838 19.469294 0.088409 0.715779 -0.003360 
2090 9.703794 0.000000 1.200266 19.464936 0.084441 0.809969 -0.003289 
2091 9.750515 0.000000 1.243838 19.467245 0.087746 0.719761 -0.003164 
2092 9.680434 0.000000 1.309194 19.474020 0.103506 0.576319 -0.003378 
2093 9.657073 0.000000 1.309194 19.474778 0.104701 0.571388 -0.003441 
2094 9.680434 0.000000 1.287409 19.471650 0.101220 0.626735 -0.003293 
2095 9.703794 0.000000 1.309194 19.473671 0.101023 0.580104 -0.003352 
2096 9.680434 0.000000 1.330980 19.481794 0.036377 0.469463 -0.003858 
2097 9.797236 0.000000 1.330980 19.475516 0.089995 0.505670 -0.003323 
2098 9.797236 0.000000 1.287409 19.469131 0.095056 0.634955 -0.003058 
2099 9.843957 0.000000 1.330980 19.473668 0.096073 0.518252 -0.003170 
2100 9.797236 0.000000 1.374551 19.471641 0.009209 0.507201 -0.002907 
2101 9.937398 0.000000 1.461693 19.468028 0.032467 0.426779 -0.002339 
2102 10.030840 0.000000 1.461693 19.465934 0.031915 0.426789 -0.002123 
2103 9.937398 0.000000 1.548835 19.464079 0.028238 0.351065 -0.001776 
2104 9.890677 0.000000 1.330980 19.472021 0.102265 0.529405 -0.003034 
2105 9.890677 0.000000 1.287409 19.466719 0.092558 0.640902 -0.002828 
2106 9.937398 0.000000 1.330980 19.470663 0.116499 0.531014 -0.002907 
2107 9.890677 0.000000 1.374551 19.470289 0.003366 0.500197 -0.002749 
2108 10.124282 0.000000 1.287409 19.459881 0.089251 0.657652 -0.002181 
2109 10.124282 0.000000 1.200266 19.454416 0.086261 0.837394 -0.002327 
2110 10.217723 0.000000 1.287409 19.457318 0.089786 0.662402 -0.001934 
2111 10.124282 0.000000 1.374551 19.466781 0.011319 0.464997 -0.002298 
2112 9.984119 0.000000 1.330980 19.468931 0.118193 0.543267 -0.002765 
2113 9.984119 0.000000 1.287409 19.464234 0.091130 0.646269 -0.002590 
2114 10.030840 0.000000 1.330980 19.466898 0.115613 0.554468 -0.002586 
2115 9.984119 0.000000 1.374551 19.469152 -0.000727 0.487452 -0.002598 
2116 9.890677 0.000000 1.418122 19.469120 0.021678 0.465038 -0.002540 
2117 9.843957 0.000000 1.418122 19.470082 0.030041 0.471557 -0.002656 
2118 9.937398 0.000000 1.418122 19.468113 0.020873 0.464912 -0.002436 
2119 9.890677 0.000000 1.461693 19.469015 0.032759 0.426835 -0.002441 
2120 9.914038 0.000000 1.352765 19.474631 0.026788 0.461780 -0.003100 
2121 9.890677 0.000000 1.352765 19.475094 0.017188 0.464910 -0.003154 
2122 9.914038 0.000000 1.330980 19.471160 0.105041 0.535718 -0.002965 
2123 9.937398 0.000000 1.352765 19.473955 0.036085 0.461106 -0.003030 
2124 9.914038 0.000000 1.374551 19.469996 0.002008 0.497664 -0.002712 
2125 11.712790 0.000000 5.208806 19.450761 -0.002134 0.006802 -0.000078 
2126 13.207857 0.000000 5.208806 19.450365 0.001669 0.005022 -0.000038 
2127 11.712790 0.000000 6.603080 19.450444 0.000445 0.002108 -0.000046 
2128 10.965257 0.000000 3.117394 19.449735 0.003570 0.026140 0.000025 
2129 11.712790 0.000000 3.117394 19.449384 0.004489 0.026398 0.000061 
2130 10.965257 0.000000 3.814531 19.450665 -0.013727 0.013323 -0.000069 
2131 10.591490 0.000000 2.071688 19.455346 0.015050 0.125464 -0.000592 
2132 10.965257 0.000000 2.071688 19.453113 0.015137 0.125457 -0.000362 
2133 10.591490 0.000000 2.420257 19.448928 -0.000430 0.058845 0.000101 
2134 10.404607 0.000000 1.548835 19.455779 0.029067 0.352261 -0.000925 
2135 10.591490 0.000000 1.548835 19.453341 0.029699 0.354204 -0.000678 
2136 10.404607 0.000000 1.723119 19.456637 0.024037 0.241368 -0.000838 
2137 10.311165 0.000000 1.287409 19.454877 0.090772 0.666968 -0.001699 
2138 10.311165 0.000000 1.200266 19.450247 0.089606 0.848199 -0.001948 
2139 10.404607 0.000000 1.287409 19.452617 0.092017 0.671248 -0.001483 
2140 10.311165 0.000000 1.374551 19.457285 0.061538 0.523043 -0.001482 
2141 10.124282 0.000000 1.461693 19.460157 0.030961 0.431801 -0.001540 
2142 10.217723 0.000000 1.461693 19.458283 0.030765 0.432354 -0.001348 
2143 10.124282 0.000000 1.548835 19.460789 0.027250 0.352877 -0.001441 
2144 10.171002 0.000000 1.330980 19.461799 0.105167 0.573231 -0.002112 
2145 10.124282 0.000000 1.330980 19.463401 0.108223 0.568690 -0.002264 
2146 10.171002 0.000000 1.287409 19.458601 0.089458 0.660060 -0.002057 
2147 10.217723 0.000000 1.330980 19.460337 0.102744 0.576850 -0.001971 
2148 10.171002 0.000000 1.374551 19.464970 0.020052 0.467058 -0.002118 
2149 10.311165 0.000000 1.461693 19.456350 0.030481 0.433030 -0.001151 
2150 10.404607 0.000000 1.461693 19.454836 0.028134 0.433131 -0.000995 
2151 10.311165 0.000000 1.548835 19.457364 0.027534 0.353535 -0.001090 
2152 10.778373 0.000000 1.548835 19.451785 0.030826 0.356208 -0.000521 
2153 10.965257 0.000000 1.548835 19.450906 0.031167 0.357843 -0.000434 
2154 10.778373 0.000000 1.723119 19.452875 0.024684 0.251725 -0.000465 
2155 10.498048 0.000000 1.461693 19.453230 0.028191 0.434108 -0.000832 
2156 10.498048 0.000000 1.374551 19.453920 0.089711 0.531606 -0.001171 
2157 10.591490 0.000000 1.461693 19.452039 0.027437 0.435408 -0.000713 
2158 10.498048 0.000000 1.548835 19.454368 0.029315 0.353135 -0.000781 
2159 11.339023 0.000000 2.071688 19.451080 0.003221 0.126676 -0.000154 
2160 11.712790 0.000000 2.071688 19.448437 -0.007276 0.109097 0.000129 
2161 11.339023 0.000000 2.420257 19.447998 0.002269 0.064217 0.000195 
2162 11.525907 0.000000 1.548835 19.450002 0.025925 0.362670 -0.000350 
2163 11.339023 0.000000 1.548835 19.450129 0.032037 0.366405 -0.000371 
2164 11.525907 0.000000 1.374551 19.449311 0.090133 0.558572 -0.000775 
2165 11.712790 0.000000 1.548835 19.449873 0.026006 0.363269 -0.000338 
2166 11.525907 0.000000 1.723119 19.450560 0.021331 0.245849 -0.000219 
2167 12.460324 0.000000 3.117394 19.449916 0.015268 0.034166 0.000005 
2168 13.207857 0.000000 3.117394 19.450336 0.001084 0.030261 -0.000037 
2169 12.460324 0.000000 3.814531 19.450739 -0.000549 0.014053 -0.000077 
2170 12.086557 0.000000 2.071688 19.448557 0.010415 0.108842 0.000117 
2171 12.460324 0.000000 2.071688 19.448759 0.010552 0.109172 0.000096 
2172 12.086557 0.000000 2.420257 19.448922 0.006897 0.062792 0.000100 
2173 11.899674 0.000000 1.548835 19.448790 0.001600 0.293550 -0.000103 
2174 12.086557 0.000000 1.548835 19.448731 0.008841 0.302102 -0.000111 
2175 11.899674 0.000000 1.723119 19.448966 0.001330 0.197660 0.000003 
2176 12.273440 0.000000 1.548835 19.448751 0.012783 0.308339 -0.000123 
2177 12.460324 0.000000 1.548835 19.448905 0.012881 0.308498 -0.000139 
2178 12.273440 0.000000 1.723119 19.448920 0.007574 0.210119 -0.000006 
2179 12.834090 0.000000 2.071688 19.448933 0.010636 0.109411 0.000078 
2180 13.207857 0.000000 2.071688 19.449240 -0.007921 0.094959 0.000054 
2181 12.834090 0.000000 2.420257 19.449089 0.007079 0.063257 0.000083 
2182 12.647207 0.000000 1.548835 19.448507 0.024745 0.311124 -0.000104 
2183 12.834090 0.000000 1.548835 19.448659 0.024794 0.311239 -0.000120 
2184 12.647207 0.000000 1.723119 19.448626 0.018788 0.212466 0.000021 
2185 -7.723080 0.000000 -7.339665 19.449853 0.000124 0.000099 0.000015 
2186 -10.713214 0.000000 -7.339665 19.449966 0.000091 0.000063 0.000003 
2187 -7.723080 0.000000 -10.128214 19.449865 0.000109 0.000023 0.000014 
2188 10.217723 0.000000 -7.339665 19.449397 0.001740 -0.004021 0.000062 
2189 10.217723 0.000000 -10.128214 19.450041 0.000682 -0.001385 -0.000004 
2190 13.207857 0.000000 -7.339665 19.449577 0.002062 -0.004411 0.000043 
2191 -7.723080 0.000000 9.391630 19.449853 0.000113 -0.000035 0.000015 
2192 -10.713214 0.000000 9.391630 19.449944 0.000068 -0.000043 0.000006 
2193 -7.723080 0.000000 12.180179 19.449893 0.000081 0.000003 0.000011 
2194 -3.237879 0.000000 -3.156842 19.448484 0.000366 0.002146 0.000156 
2195 -4.732946 0.000000 -3.156842 19.449725 0.000002 0.001237 0.000028 
2196 -3.237879 0.000000 -4.551116 19.448236 -0.000170 0.000748 0.000181 
2197 5.732522 0.000000 -3.156842 19.446788 -0.001568 -0.029177 0.000328 
2198 5.732522 0.000000 -4.551116 19.449986 0.000806 -0.010466 0.000001 
2199 7.227589 0.000000 -3.156842 19.449541 0.001000 -0.030659 0.000045 
2200 -3.237879 0.000000 5.208806 19.448483 -0.000190 -0.000376 0.000156 
2201 -4.732946 0.000000 5.208806 19.449309 0.000239 -0.000369 0.000071 
2202 -3.237879 0.000000 6.603080 19.448918 0.000274 0.000157 0.000111 
2203 -0.995279 0.000000 -1.065430 19.449630 0.001967 0.058752 0.000029 
2204 -1.742813 0.000000 -1.065430 19.456617 0.001113 0.020599 -0.000682 
2205 -0.995279 0.000000 -1.762567 19.418528 0.000550 0.025628 0.003232 
2206 -0.995279 0.000000 3.117394 19.435795 -0.000099 0.000513 0.001460 
2207 -1.742813 0.000000 3.117394 19.442066 0.000569 -0.001686 0.000816 
2208 -0.995279 0.000000 3.814531 19.441920 0.000298 0.002622 0.000831 
2209 -0.621512 0.000000 -0.019724 19.607299 0.003818 0.004007 -0.016240 
2210 -0.995279 0.000000 -0.019724 19.530189 0.002843 0.002106 -0.008263 
2211 -0.621512 0.000000 -0.368292 19.586211 0.002556 0.062744 -0.014066 
2212 3.489922 0.000000 3.117394 19.448729 -0.002595 0.024904 0.000129 
2213 4.237455 0.000000 3.117394 19.446856 -0.002814 0.026938 0.000321 
2214 3.489922 0.000000 3.814531 19.448483 -0.012006 0.010615 0.000155 
2215 -0.621512 0.000000 2.071688 19.399100 0.000019 -0.005090 0.005227 
2216 -0.995279 0.000000 2.071688 19.420288 0.000256 -0.013707 0.003052 
2217 -0.621512 0.000000 2.420257 19.414208 -0.000212 0.003330 0.003677 
2218 -0.060862 0.000000 1.548835 19.210573 0.004100 0.058580 0.024459 
2219 -0.247746 0.000000 1.548835 19.279613 0.003833 -0.005294 0.017444 
2220 -0.060862 0.000000 1.723119 19.277664 0.004325 0.067585 0.017630 
2221 0.780113 0.000000 0.590271 19.850335 0.004228 1.296377 -0.046032 
2222 0.780113 0.000000 0.503129 19.889223 0.007204 1.044590 -0.048559 
2223 0.873555 0.000000 0.590271 19.799862 0.007151 1.229660 -0.040296 
2224 0.639950 0.000000 0.720985 19.860292 -0.002643 2.042056 -0.053657 
2225 0.639950 0.000000 0.677414 19.983350 -0.000851 1.824905 -0.064398 
2226 0.686671 0.000000 0.720985 19.749540 -0.002455 1.887885 -0.040460 
2227 0.219463 0.000000 1.287409 18.689199 0.005472 0.433627 0.076204 
2228 0.126021 0.000000 1.287409 18.787559 0.005058 0.200335 0.066851 
2229 0.219463 0.000000 1.374551 18.903410 0.005063 0.361854 0.055069 
2230 0.488108 0.000000 0.797234 21.734668 -0.013456 4.233903 -0.296111 
2231 0.488108 0.000000 0.786341 21.576701 -0.013661 4.449301 -0.282969 
2232 0.499788 0.000000 0.797234 21.425777 -0.013815 4.661516 -0.270924 
2233 0.429707 0.000000 0.873483 15.864768 0.002271 3.022648 0.310533 
2234 0.406346 0.000000 0.873483 15.773975 0.002618 2.523871 0.325439 
2235 0.429707 0.000000 0.895269 16.314156 0.001602 3.315079 0.267408 
2236 0.464747 0.000000 0.819020 20.144419 -0.006253 4.402706 -0.123919 
2237 0.441387 0.000000 0.840805 19.685279 -0.002594 4.081591 -0.068377 
2238 0.429707 0.000000 0.840805 19.860078 -0.000784 3.549971 -0.075925 
2239 0.441387 0.000000 0.851698 18.402807 0.000309 4.368590 0.054334 
2240 0.418026 0.000000 0.840805 19.643662 0.002991 2.578939 -0.037594 
2241 0.406346 0.000000 0.840805 19.270434 0.003945 2.432932 0.002732 
2242 0.418026 0.000000 0.851698 19.092703 0.002154 3.178902 0.009690 
2243 0.371306 0.000000 0.797234 20.998850 0.002189 1.348331 -0.170412 
2244 0.371306 0.000000 0.786341 21.202622 0.001520 1.300411 -0.192808 
2245 0.371306 0.000000 0.808127 20.938514 0.002273 1.419640 -0.164245 
2246 0.382986 0.000000 0.873483 16.117921 0.002299 1.924616 0.303490 
2247 0.359625 0.000000 0.873483 16.878963 0.001647 1.469513 0.241192 
2248 0.382986 0.000000 0.895269 16.679154 0.001097 2.791589 0.244025 
2249 0.371306 0.000000 0.819020 20.567116 0.002932 1.658032 -0.125436 
2250 0.359625 0.000000 0.819020 20.398969 0.003490 1.388609 -0.105058 
2251 0.371306 0.000000 0.829912 20.288708 0.003632 1.661186 -0.095396 
2252 0.394666 0.000000 0.840805 19.305348 0.004241 2.290876 0.000946 
2253 0.382986 0.000000 0.840805 19.359043 0.004824 1.973986 -0.000969 
2254 0.394666 0.000000 0.851698 19.073021 0.004408 2.125626 0.026445 
2255 0.371306 0.000000 0.840805 19.161733 0.005191 1.674854 0.022007 
2256 0.359625 0.000000 0.840805 19.120634 0.005714 1.547186 0.027253 
2257 0.371306 0.000000 0.851698 18.926579 0.005197 1.580408 0.046496 
2258 0.289544 0.000000 0.829912 20.388957 0.001825 0.438415 -0.099389 
2259 0.289544 0.000000 0.851698 18.414204 0.001454 1.610492 0.096816 
2260 0.347945 0.000000 0.819020 20.085092 0.003608 1.252958 -0.070521 
2261 0.336265 0.000000 0.819020 21.061613 0.000858 0.602777 -0.173545 
2262 0.347945 0.000000 0.829912 19.601007 0.004648 1.393191 -0.020719 
2263 0.336265 0.000000 0.873483 17.606943 0.001141 1.820967 0.171773 
2264 0.312905 0.000000 0.873483 18.146765 0.000954 2.042467 0.118492 
2265 0.336265 0.000000 0.895269 17.641806 0.000505 2.545649 0.160160 
2266 0.347945 0.000000 0.840805 18.357018 0.005500 1.821536 0.100460 
2267 0.336265 0.000000 0.840805 17.862283 0.001851 1.455775 0.150996 
2268 0.347945 0.000000 0.851698 17.391636 0.001864 1.270683 0.196189 
2269 0.032580 0.000000 0.590271 20.170266 0.004060 -0.355923 -0.075770 
2270 -0.060862 0.000000 0.590271 19.942180 0.004075 -0.347327 -0.051569 
2271 0.032580 0.000000 0.503129 20.118250 0.004351 -0.188691 -0.069989 
2272 0.079300 0.000000 0.720985 20.329819 0.003984 -0.893395 -0.094626 
2273 0.032580 0.000000 0.720985 20.065090 0.004196 -0.775255 -0.065837 
2274 0.079300 0.000000 0.677414 20.375937 0.003816 -0.636578 -0.098550 
2275 0.231143 0.000000 0.797234 20.326092 0.002017 0.012048 -0.092116 
2276 0.231143 0.000000 0.786341 20.326092 0.002017 0.012048 -0.092116 
2277 0.231143 0.000000 0.808127 20.328370 0.001995 0.084652 -0.092379 
2278 0.289544 0.000000 0.873483 18.752800 0.000668 2.030373 0.059509 
2279 0.266184 0.000000 0.873483 18.971097 0.000399 1.900711 0.039088 
2280 0.289544 0.000000 0.895269 18.549958 0.000375 2.443509 0.074625 
2281 0.289544 0.000000 0.917054 18.610612 -0.004424 3.873886 0.044781 
2282 0.266184 0.000000 0.917054 19.259581 -0.005506 3.773642 -0.018158 
2283 0.312905 0.000000 0.917054 18.016454 -0.001543 3.909956 0.101565 
2284 0.242823 0.000000 0.917054 19.980991 -0.004100 3.441902 -0.086661 
2285 0.242823 0.000000 0.895269 19.623936 -0.001073 2.381700 -0.032960 
2286 0.032580 0.000000 1.287409 18.931758 0.004689 0.047332 0.052574 
2287 -0.060862 0.000000 1.287409 19.058246 0.004390 -0.045084 0.039872 
2288 0.032580 0.000000 1.374551 19.034286 0.004485 0.090836 0.042268 
2289 0.149382 0.000000 0.873483 19.682518 0.007902 -1.155145 -0.027580 
2290 0.126021 0.000000 0.873483 19.513398 0.006518 -1.403258 -0.011735 
2291 0.172742 0.000000 0.873483 20.111708 -0.000287 -0.094263 -0.069223 
2292 0.196102 0.000000 0.873483 19.856637 -0.000093 0.370654 -0.042614 
2293 0.219463 0.000000 0.873483 19.578974 0.000120 1.170809 -0.016930 
2294 0.534829 0.000000 0.819020 19.564827 0.062277 3.736554 -0.048759 
2295 0.534829 0.000000 0.808127 19.797403 0.001144 3.595338 -0.070211 
2296 0.534829 0.000000 0.829912 17.987188 -0.000319 5.706333 0.058687 
2297 0.511468 0.000000 0.840805 18.079199 -0.000519 5.536896 0.054950 
2298 0.523148 0.000000 0.840805 18.040939 -0.000487 5.614204 0.056325 
2299 0.511468 0.000000 0.851698 18.079199 -0.000519 5.536896 0.054950 
2300 0.172742 0.000000 1.069553 17.503222 0.007133 0.290705 0.189941 
2301 0.126021 0.000000 1.069553 17.964903 0.006082 -0.138765 0.146828 
2302 0.172742 0.000000 1.113124 17.935513 0.006411 0.335258 0.149371 
2303 0.242823 0.000000 1.004197 15.254004 -0.000512 2.884119 0.362936 
2304 0.219463 0.000000 1.004197 15.454169 -0.001159 1.819296 0.359927 
2305 0.242823 0.000000 1.025982 16.024672 -0.001131 2.009983 0.310525 
2306 0.079300 0.000000 1.069553 18.370590 0.005431 -0.328479 0.107628 
2307 0.032580 0.000000 1.069553 18.662957 0.005043 -0.379953 0.078911 
2308 0.079300 0.000000 1.113124 18.475687 0.005364 -0.153188 0.097615 
2309 0.359625 0.000000 1.156695 17.868346 -0.001554 2.378909 0.141066 
2310 0.312905 0.000000 1.156695 18.050141 0.008662 1.381192 0.133721 
2311 0.359625 0.000000 1.200266 18.402960 0.007917 1.322819 0.100141 
2312 0.336265 0.000000 1.004197 16.580721 0.000358 4.938165 0.208819 
2313 0.336265 0.000000 0.982411 16.607085 0.000239 4.939996 0.206458 
2314 0.336265 0.000000 1.025982 16.519679 0.000760 4.673059 0.220895 
2315 0.476428 0.000000 1.004197 17.365413 -0.000086 4.245087 0.155231 
2316 0.476428 0.000000 0.982411 17.011886 0.000227 4.180592 0.188793 
2317 0.499788 0.000000 1.004197 17.403087 0.000222 4.013570 0.156822 
2318 0.382986 0.000000 1.047768 17.089585 0.000627 4.546995 0.173336 
2319 0.359625 0.000000 1.047768 16.942467 0.000445 4.341072 0.191409 
2320 0.382986 0.000000 1.069553 17.544390 -0.000305 3.826605 0.147644 
2321 0.639950 0.000000 1.156695 19.219736 -0.001511 2.067830 0.012234 
2322 0.523148 0.000000 1.004197 17.497905 0.000854 3.716991 0.154135 
2323 0.523148 0.000000 0.982411 17.332556 0.000355 3.628224 0.171083 
2324 0.546509 0.000000 1.004197 17.596113 0.001085 3.499122 0.149181 
2325 1.434205 0.000000 1.548835 19.531991 -0.002481 0.400107 -0.008872 
2326 1.434205 0.000000 1.723119 19.495790 0.008655 0.276272 -0.004916 
2327 0.826834 0.000000 1.156695 19.541147 0.000291 1.801696 -0.017975 
2328 0.826834 0.000000 0.982411 19.044589 0.004020 1.864442 0.032064 
2329 0.780113 0.000000 0.982411 18.895612 0.002958 2.026964 0.045333 
2330 0.873555 0.000000 0.982411 19.299175 0.006148 1.742694 0.007421 
2331 0.733392 0.000000 0.982411 18.724492 0.002890 2.192875 0.060500 
2332 1.013717 0.000000 1.156695 19.661639 -0.005080 1.593400 -0.028592 
2333 1.060438 0.000000 1.156695 19.653941 -0.005416 1.579919 -0.027679 
2334 1.013717 0.000000 0.982411 19.553960 0.009560 1.548226 -0.017055 
2335 0.966996 0.000000 0.982411 19.405285 0.006034 1.609042 -0.002251 
2336 1.060438 0.000000 0.982411 19.610407 0.009503 1.541426 -0.022843 
2337 0.920276 0.000000 0.982411 19.362011 0.006210 1.707643 0.001319 
2338 1.340763 0.000000 1.113124 19.429524 -0.009977 1.561971 -0.004345 
2339 1.434205 0.000000 1.113124 19.369127 -0.013220 1.387764 0.003207 
2340 1.340763 0.000000 1.200266 19.483782 -0.011472 1.481122 -0.009276 
2341 1.527646 0.000000 1.113124 19.336191 -0.015723 1.346116 0.006878 
2342 1.527646 0.000000 1.200266 19.459309 -0.017240 1.268587 -0.005212 
2343 1.527646 0.000000 1.287409 19.549462 -0.003517 1.121188 -0.013577 
2344 1.434205 0.000000 1.287409 19.581549 -0.001912 1.219308 -0.017503 
2345 1.527646 0.000000 1.374551 19.675336 0.003616 0.916714 -0.025526 
2346 1.340763 0.000000 1.287409 19.539592 -0.001547 1.320270 -0.013842 
2347 1.340763 0.000000 1.374551 19.632593 0.004074 1.066700 -0.021872 
2348 4.984989 0.000000 3.117394 19.446425 -0.002515 0.028504 0.000365 
2349 4.984989 0.000000 3.814531 19.448989 -0.018982 0.013228 0.000103 
2350 3.116155 0.000000 2.071688 19.443732 0.000814 0.164564 0.000573 
2351 3.489922 0.000000 2.071688 19.443570 0.000513 0.169075 0.000586 
2352 3.116155 0.000000 2.420257 19.444863 -0.003223 0.061081 0.000518 
2353 2.555505 0.000000 1.548835 19.417115 0.007557 0.397080 0.002962 
2354 2.742388 0.000000 1.548835 19.426268 0.010089 0.407320 0.002000 
2355 2.555505 0.000000 1.723119 19.429946 0.018155 0.278020 0.001856 
2356 1.901413 0.000000 1.113124 19.157524 -0.006249 -0.884314 0.027781 
2357 1.901413 0.000000 1.200266 19.362641 -0.008427 -0.901482 0.006814 
2358 1.901413 0.000000 1.287409 19.590884 -0.003149 -0.279401 -0.014746 
2359 1.901413 0.000000 1.374551 19.732371 -0.003002 0.112119 -0.029280 
2360 8.722656 0.000000 -3.156842 19.451336 0.002617 -0.027710 -0.000139 
2361 8.722656 0.000000 -4.551116 19.452061 0.002489 -0.008963 -0.000212 
2362 10.217723 0.000000 -3.156842 19.450358 0.003224 -0.025190 -0.000039 
2363 11.712790 0.000000 -3.156842 19.449401 0.004601 -0.025292 0.000060 
2364 11.712790 0.000000 -4.551116 19.451178 0.007494 -0.007157 -0.000121 
2365 13.207857 0.000000 -3.156842 19.450344 0.000966 -0.028852 -0.000038 
2366 4.984989 0.000000 -1.065430 19.471166 -0.034888 -0.750781 -0.003671 
2367 4.984989 0.000000 -1.762567 19.443223 0.014817 -0.296937 0.000463 
2368 5.732522 0.000000 -1.065430 19.475221 -0.015774 -0.698727 -0.003886 
2369 6.480056 0.000000 -1.065430 19.467670 0.017226 -0.722723 -0.003199 
2370 6.480056 0.000000 -1.762567 19.455399 0.018488 -0.294757 -0.000786 
2371 7.227589 0.000000 -1.065430 19.453512 0.050725 -0.825866 -0.002171 
2372 3.863689 0.000000 -0.019724 19.447660 0.008097 -0.029003 0.000238 
2373 3.863689 0.000000 -0.368292 19.457705 0.003277 -0.615132 -0.001793 
2374 4.237455 0.000000 -0.019724 19.466165 0.015152 -0.030300 -0.001666 
2375 2.929272 0.000000 1.548835 19.430150 0.018577 0.407868 0.001599 
2376 3.116155 0.000000 1.548835 19.433571 0.019753 0.413652 0.001235 
2377 2.929272 0.000000 1.723119 19.436431 0.010914 0.301793 0.001154 
2378 2.648947 0.000000 1.113124 19.413895 -0.025723 0.906077 0.001537 
2379 2.742388 0.000000 1.113124 19.417683 -0.019853 0.900390 0.001176 
2380 2.648947 0.000000 1.200266 19.410232 -0.012976 0.812682 0.002339 
2381 2.462063 0.000000 1.287409 19.384947 -0.004882 0.695232 0.005400 
2382 2.555505 0.000000 1.287409 19.401403 -0.001287 0.696661 0.003708 
2383 2.462063 0.000000 1.374551 19.390938 0.000515 0.573656 0.005194 
2384 2.321901 0.000000 1.069553 19.340421 -0.008338 -0.063121 0.011225 
2385 2.321901 0.000000 1.025982 19.340421 -0.008338 -0.063121 0.011225 
2386 2.368622 0.000000 1.069553 19.340421 -0.008338 -0.063121 0.011225 
2387 0.453067 0.000000 1.243838 18.778944 0.007084 1.325252 0.063170 
2388 0.406346 0.000000 1.243838 18.671565 0.006887 1.207769 0.074587 
2389 0.453067 0.000000 1.287409 18.869272 0.006154 1.079536 0.055743 
2390 3.303039 0.000000 0.503129 19.436607 -0.009553 0.836307 -0.000472 
2391 3.303039 0.000000 0.328845 19.425941 -0.003660 0.513359 0.001776 
2392 3.489922 0.000000 0.503129 19.446773 -0.006931 0.848851 -0.001573 
2393 2.321901 0.000000 0.982411 19.490555 -0.064944 0.957365 -0.006609 
2394 2.275180 0.000000 0.982411 19.537534 -0.069352 0.933034 -0.011335 
2395 2.368622 0.000000 0.982411 19.460434 -0.060158 0.962557 -0.003532 
2396 2.228459 0.000000 0.982411 19.594476 -0.073420 0.872490 -0.016938 
2397 2.181738 0.000000 0.982411 20.037888 -0.013432 -0.339283 -0.061670 
2398 2.251820 0.000000 1.091339 19.251422 -0.016542 -0.706130 0.018996 
2399 2.251820 0.000000 1.069553 19.315033 -0.016553 -0.724631 0.012441 
2400 2.275180 0.000000 1.091339 19.427310 -0.009030 -0.114074 0.002297 
2401 2.135017 0.000000 0.982411 19.905478 -0.013172 -0.351246 -0.047711 
2402 2.088297 0.000000 0.982411 19.759182 -0.013229 -0.600900 -0.033000 
2403 2.041576 0.000000 0.982411 19.570151 -0.004635 -0.386919 -0.012789 
2404 1.994855 0.000000 0.982411 19.466364 -0.000873 -0.298240 -0.001918 
2405 2.041576 0.000000 1.025982 19.412410 -0.008395 -0.934146 0.001555 
2406 0.733392 0.000000 0.720985 19.688556 -0.001544 1.737264 -0.032659 
2407 0.733392 0.000000 0.677414 19.785850 -0.000237 1.619672 -0.041767 
2408 0.780113 0.000000 0.720985 19.672146 -0.001524 1.632421 -0.030017 
2409 0.826834 0.000000 0.720985 19.676651 -0.000887 1.548003 -0.029776 
2410 0.826834 0.000000 0.677414 19.737625 0.001185 1.468119 -0.035492 
2411 0.873555 0.000000 0.720985 19.695364 -0.000553 1.482866 -0.031202 
2412 0.616590 0.000000 0.786341 19.590637 -0.004491 2.470218 -0.030644 
2413 0.616590 0.000000 0.764556 19.737068 -0.004055 2.365899 -0.044533 
2414 0.639950 0.000000 0.786341 19.540286 -0.004586 2.310875 -0.023422 
2415 0.663311 0.000000 0.786341 19.510930 -0.004826 2.174819 -0.018778 
2416 0.663311 0.000000 0.764556 19.620674 -0.004206 2.116905 -0.029473 
2417 0.686671 0.000000 0.786341 19.495511 -0.004872 2.058718 -0.015889 
2418 0.710032 0.000000 0.829912 19.304593 0.001129 1.987757 0.004451 
2419 0.710032 0.000000 0.808127 19.401552 -0.005038 1.981139 -0.005399 
2420 0.966996 0.000000 0.590271 19.780607 0.009359 1.195736 -0.038064 
2421 0.966996 0.000000 0.503129 19.787087 -0.019508 0.994186 -0.037576 
2422 1.060438 0.000000 0.590271 19.749789 0.011529 1.190697 -0.034812 
2423 0.920276 0.000000 0.720985 19.718846 0.000898 1.436558 -0.033291 
2424 0.920276 0.000000 0.677414 19.749958 0.003619 1.376073 -0.036087 
2425 0.966996 0.000000 0.720985 19.738671 0.002029 1.403868 -0.035113 
2426 1.013717 0.000000 0.720985 19.750449 0.002727 1.387251 -0.036220 
2427 1.013717 0.000000 0.677414 19.759726 0.005570 1.337358 -0.036830 
2428 1.060438 0.000000 0.720985 19.745020 0.003439 1.378390 -0.035589 
2429 0.756753 0.000000 0.873483 19.216188 -0.070005 1.800779 0.015313 
2430 0.756753 0.000000 0.895269 18.900324 0.005216 1.914207 0.046037 
2431 0.850194 0.000000 0.873483 19.426056 -0.045978 1.539767 -0.003812 
2432 0.850194 0.000000 0.851698 19.469614 -0.039296 1.541108 -0.008300 
2433 0.850194 0.000000 0.895269 19.380004 0.042128 1.577026 0.000606 
2434 0.896915 0.000000 0.829912 19.582008 -0.002485 1.477670 -0.019392 
2435 0.873555 0.000000 0.829912 19.547242 -0.002201 1.513453 -0.016079 
2436 0.896915 0.000000 0.808127 19.610593 -0.004230 1.491935 -0.022465 
2437 1.153880 0.000000 0.590271 19.688906 0.011452 1.197469 -0.028508 
2438 1.153880 0.000000 0.503129 19.686248 -0.018372 1.008649 -0.027131 
2439 1.247321 0.000000 0.590271 19.605327 0.010060 1.191923 -0.019791 
2440 1.107159 0.000000 0.720985 19.722412 0.003493 1.373454 -0.033194 
2441 1.107159 0.000000 0.677414 19.724943 0.006581 1.333404 -0.033172 
2442 1.153880 0.000000 0.720985 19.685199 0.002775 1.375028 -0.029329 
2443 1.200601 0.000000 0.720985 19.636026 0.001558 1.368459 -0.024170 
2444 1.200601 0.000000 0.677414 19.641621 0.004631 1.332025 -0.024491 
2445 1.247321 0.000000 0.720985 19.581473 -0.001611 1.357633 -0.018437 
2446 0.943636 0.000000 0.873483 19.598473 -0.038514 1.385704 -0.020405 
2447 0.966996 0.000000 0.873483 19.631636 -0.037285 1.359002 -0.023650 
2448 0.943636 0.000000 0.895269 19.571592 0.048492 1.409558 -0.017800 
2449 1.107159 0.000000 0.982411 19.516198 0.015060 1.514537 -0.012883 
2450 1.153880 0.000000 0.982411 19.497567 0.014963 1.535862 -0.011133 
2451 1.107159 0.000000 1.025982 19.556264 0.005280 1.621026 -0.017903 
2452 1.340763 0.000000 0.590271 19.521417 0.006209 1.168300 -0.010965 
2453 1.340763 0.000000 0.503129 19.541646 -0.022852 0.985677 -0.012016 
2454 1.434205 0.000000 0.590271 19.452130 0.000279 1.133855 -0.003617 
2455 1.294042 0.000000 0.720985 19.527679 -0.004872 1.344973 -0.012785 
2456 1.294042 0.000000 0.677414 19.540760 -0.000542 1.307398 -0.013873 
2457 1.340763 0.000000 0.720985 19.477700 -0.009529 1.326712 -0.007503 
2458 1.387484 0.000000 0.808127 19.392432 -0.023508 1.278575 0.001588 
2459 1.387484 0.000000 0.764556 19.413224 -0.019774 1.310035 -0.000760 
2460 1.434205 0.000000 0.808127 19.351000 -0.030116 1.252750 0.006003 
2461 1.480926 0.000000 0.808127 19.317652 -0.037435 1.225446 0.009589 
2462 1.480926 0.000000 0.764556 19.342536 -0.032649 1.258709 0.006829 
2463 1.527646 0.000000 0.808127 19.292828 -0.044380 1.197283 0.012302 
2464 1.948134 0.000000 0.982411 19.266558 0.007234 -0.190985 0.018677 
2465 1.901413 0.000000 0.982411 19.109540 0.006976 0.040535 0.034698 
2466 1.948134 0.000000 1.025982 19.113259 0.006028 -0.112406 0.034293 
2467 1.854692 0.000000 0.982411 19.086156 0.007333 0.136854 0.037014 
2468 1.807972 0.000000 0.982411 18.909488 0.016447 0.550005 0.054007 
2469 1.854692 0.000000 1.025982 19.063391 0.005751 0.004795 0.039359 
2470 2.415343 0.000000 0.982411 19.443029 -0.055288 0.960372 -0.001729 
2471 2.462063 0.000000 0.982411 19.433551 -0.050471 0.956047 -0.000732 
2472 2.415343 0.000000 1.025982 19.435517 -0.050163 0.975964 -0.001036 
2473 2.835830 0.000000 1.113124 19.421180 -0.009717 0.897883 0.000830 
2474 2.835830 0.000000 1.200266 19.418819 -0.004332 0.809781 0.001470 
2475 2.882551 0.000000 0.982411 19.432297 -0.014037 0.925197 -0.000444 
2476 2.835830 0.000000 0.982411 19.431044 -0.017187 0.927812 -0.000328 
2477 2.882551 0.000000 1.025982 19.429159 -0.011725 0.927979 -0.000135 
2478 2.789109 0.000000 0.982411 19.429255 -0.020619 0.930754 -0.000159 
2479 2.742388 0.000000 0.982411 19.427674 -0.024282 0.933837 -0.000012 
2480 2.789109 0.000000 1.025982 19.425355 -0.017675 0.934760 0.000222 
2481 4.611222 0.000000 -0.019724 19.481986 0.020343 -0.031288 -0.003295 
2482 4.611222 0.000000 -0.368292 19.480374 0.027844 -0.622487 -0.004152 
2483 4.984989 0.000000 -0.019724 19.488881 0.022711 -0.032491 -0.004006 
2484 5.358756 0.000000 -0.019724 19.485716 0.006996 -0.032446 -0.003679 
2485 5.358756 0.000000 -0.368292 19.480023 0.012920 -0.606963 -0.004064 
2486 5.732522 0.000000 -0.019724 19.475547 -0.026318 -0.031954 -0.002633 
2487 3.676805 0.000000 0.503129 19.455271 -0.002784 0.859140 -0.002493 
2488 3.676805 0.000000 0.328845 19.447312 -0.001484 0.532824 -0.000474 
2489 3.863689 0.000000 0.503129 19.462422 0.003360 0.864365 -0.003253 
2490 4.050572 0.000000 0.503129 19.467836 0.010350 0.866762 -0.003821 
2491 4.050572 0.000000 0.328845 19.464462 0.009634 0.547675 -0.002281 
2492 4.237455 0.000000 0.503129 19.472053 0.016349 0.863702 -0.004242 
2493 3.209597 0.000000 0.764556 19.442373 -0.012473 1.181632 -0.002907 
2494 3.209597 0.000000 0.677414 19.440491 -0.016560 1.101122 -0.002228 
2495 3.303039 0.000000 0.764556 19.446769 -0.009621 1.184633 -0.003378 
2496 3.396480 0.000000 0.764556 19.450030 -0.007154 1.185127 -0.003716 
2497 3.396480 0.000000 0.677414 19.449193 -0.006817 1.106174 -0.003152 
2498 3.489922 0.000000 0.764556 19.452852 -0.005152 1.185469 -0.004008 
2499 3.396480 0.000000 1.113124 19.441420 0.011143 0.866259 -0.001102 
2500 3.489922 0.000000 1.113124 19.444748 0.011655 0.858283 -0.001408 
2501 3.396480 0.000000 1.200266 19.437680 0.015154 0.798331 -0.000419 
2502 3.162876 0.000000 0.982411 19.444353 -0.000670 0.905593 -0.001587 
2503 3.162876 0.000000 0.938840 19.447709 -0.040699 0.884890 -0.001839 
2504 3.162876 0.000000 1.025982 19.440915 0.000034 0.906182 -0.001237 
2505 3.583364 0.000000 0.764556 19.455067 -0.003618 1.185005 -0.004233 
2506 3.583364 0.000000 0.677414 19.455998 -0.002569 1.109229 -0.003869 
2507 3.676805 0.000000 0.764556 19.456992 -0.002475 1.183878 -0.004424 
2508 3.770247 0.000000 0.764556 19.458573 -0.001684 1.182167 -0.004576 
2509 3.770247 0.000000 0.677414 19.462160 0.040264 1.121031 -0.004577 
2510 3.863689 0.000000 0.764556 19.460897 -0.001295 1.177867 -0.004788 
2511 3.583364 0.000000 1.113124 19.446653 0.011632 0.851570 -0.001573 
2512 3.583364 0.000000 1.200266 19.441495 0.016648 0.790473 -0.000778 
2513 4.424339 0.000000 0.503129 19.474610 0.019584 0.860519 -0.004491 
2514 4.424339 0.000000 0.328845 19.476589 0.024560 0.550488 -0.003539 
2515 4.611222 0.000000 0.503129 19.476917 0.019635 0.856620 -0.004710 
2516 4.798105 0.000000 0.503129 19.478641 0.017218 0.850066 -0.004858 
2517 4.798105 0.000000 0.328845 19.483618 0.030013 0.548134 -0.004256 
2518 4.984989 0.000000 0.503129 19.479859 0.013274 0.843292 -0.004953 
2519 3.957130 0.000000 0.764556 19.462143 -0.001327 1.175429 -0.004901 
2520 3.957130 0.000000 0.677414 19.466045 0.043160 1.114982 -0.004942 
2521 4.050572 0.000000 0.764556 19.463363 -0.001951 1.172739 -0.005010 
2522 4.144014 0.000000 0.764556 19.464567 -0.003100 1.169971 -0.005117 
2523 4.144014 0.000000 0.677414 19.468210 0.044239 1.109404 -0.005132 
2524 4.237455 0.000000 0.764556 19.465464 -0.004924 1.166019 -0.005185 
2525 4.330897 0.000000 0.764556 19.466636 -0.007309 1.163344 -0.005289 
2526 4.330897 0.000000 0.677414 19.469461 0.042582 1.102102 -0.005218 
2527 4.424339 0.000000 0.764556 19.467706 -0.010149 1.160811 -0.005384 
2528 4.517780 0.000000 0.764556 19.468854 -0.013132 1.158272 -0.005486 
2529 4.517780 0.000000 0.677414 19.470722 0.038425 1.096036 -0.005311 
2530 4.611222 0.000000 0.764556 19.470265 -0.015914 1.157215 -0.005625 
2531 7.975123 0.000000 -1.065430 19.459561 0.077041 -0.929279 -0.003282 
2532 7.975123 0.000000 -1.762567 19.470742 0.018059 -0.268753 -0.002326 
2533 8.722656 0.000000 -1.065430 19.470517 0.082293 -1.024318 -0.004902 
2534 9.470190 0.000000 -1.065430 19.461705 0.086178 -1.093077 -0.004382 
2535 9.470190 0.000000 -1.762567 19.467876 0.022357 -0.230244 -0.001980 
2536 10.217723 0.000000 -1.065430 19.443736 0.081251 -1.168558 -0.002983 
2537 6.106289 0.000000 -0.019724 19.465822 -0.050839 -0.031213 -0.001637 
2538 6.106289 0.000000 -0.368292 19.457568 -0.030578 -0.608849 -0.001761 
2539 6.480056 0.000000 -0.019724 19.455993 -0.065126 -0.030650 -0.000630 
2540 6.853823 0.000000 -0.019724 19.443380 -0.060423 -0.039824 0.000667 
2541 6.853823 0.000000 -0.368292 19.439176 -0.057545 -0.611645 0.000115 
2542 7.227589 0.000000 -0.019724 19.431200 -0.081533 -0.029890 0.001912 
2543 5.171872 0.000000 0.503129 19.479994 0.008696 0.837394 -0.004940 
2544 5.171872 0.000000 0.328845 19.483812 0.021982 0.541609 -0.004256 
2545 5.358756 0.000000 0.503129 19.478277 0.003505 0.833764 -0.004747 
2546 5.545639 0.000000 0.503129 19.474533 -0.002134 0.832907 -0.004358 
2547 5.545639 0.000000 0.328845 19.474869 0.003024 0.536997 -0.003321 
2548 5.732522 0.000000 0.503129 19.469378 -0.008331 0.834309 -0.003834 
2549 4.704664 0.000000 0.764556 19.471382 -0.018234 1.154625 -0.005725 
2550 4.704664 0.000000 0.677414 19.473830 -0.004073 1.111483 -0.005718 
2551 4.798105 0.000000 0.764556 19.472230 -0.025935 1.148362 -0.005775 
2552 4.891547 0.000000 0.764556 19.473615 -0.026807 1.145898 -0.005903 
2553 4.891547 0.000000 0.677414 19.476267 -0.007653 1.105245 -0.005932 
2554 4.984989 0.000000 0.764556 19.474985 -0.026767 1.143418 -0.006029 
2555 6.106289 0.000000 2.071688 19.453062 0.003783 0.181032 -0.000402 
2556 5.732522 0.000000 2.071688 19.450321 0.003530 0.181641 -0.000120 
2557 6.106289 0.000000 2.420257 19.448881 -0.001942 0.080719 0.000098 
2558 5.078431 0.000000 0.764556 19.476239 -0.025709 1.140926 -0.006143 
2559 5.078431 0.000000 0.677414 19.478657 -0.008703 1.099439 -0.006144 
2560 5.171872 0.000000 0.764556 19.477356 -0.023819 1.138555 -0.006243 
2561 5.265314 0.000000 0.764556 19.478217 -0.021072 1.136208 -0.006317 
2562 5.265314 0.000000 0.677414 19.480331 -0.007092 1.094681 -0.006289 
2563 5.358756 0.000000 0.764556 19.478699 -0.017571 1.133938 -0.006353 
2564 4.844826 0.000000 0.982411 19.471597 -0.031528 0.880611 -0.004275 
2565 4.844826 0.000000 0.938840 19.470856 -0.024136 0.986224 -0.004718 
2566 4.844826 0.000000 1.025982 19.472569 -0.025620 0.768399 -0.003885 
2567 5.919406 0.000000 0.503129 19.463763 -0.014283 0.836739 -0.003267 
2568 5.919406 0.000000 0.328845 19.464317 -0.038475 0.536352 -0.002237 
2569 6.106289 0.000000 0.503129 19.458620 -0.019435 0.839032 -0.002748 
2570 6.293172 0.000000 0.503129 19.454046 -0.023887 0.840689 -0.002286 
2571 6.293172 0.000000 0.328845 19.456022 -0.060078 0.533711 -0.001382 
2572 6.480056 0.000000 0.503129 19.449642 -0.028935 0.841424 -0.001837 
2573 5.452197 0.000000 0.764556 19.478550 -0.013514 1.131815 -0.006325 
2574 5.452197 0.000000 0.677414 19.480174 -0.003295 1.091486 -0.006254 
2575 5.545639 0.000000 0.764556 19.477709 -0.008960 1.129722 -0.006225 
2576 5.639081 0.000000 0.764556 19.476298 -0.004088 1.127793 -0.006068 
2577 5.639081 0.000000 0.677414 19.473420 0.041076 1.073032 -0.005458 
2578 5.732522 0.000000 0.764556 19.474384 0.000906 1.126024 -0.005861 
2579 5.825964 0.000000 0.938840 19.469848 0.005830 0.982656 -0.004595 
2580 5.825964 0.000000 0.851698 19.470652 0.005733 1.090756 -0.005270 
2581 6.666939 0.000000 1.548835 19.460259 0.023492 0.412398 -0.001506 
2582 6.480056 0.000000 1.548835 19.458505 0.020399 0.416190 -0.001334 
2583 6.666939 0.000000 1.723119 19.457657 0.020760 0.312236 -0.001046 
2584 7.601356 0.000000 -0.019724 19.417780 -0.086354 -0.029077 0.003288 
2585 7.601356 0.000000 -0.368292 19.413023 -0.081193 -0.597183 0.002838 
2586 7.975123 0.000000 -0.019724 19.408458 -0.091228 -0.028120 0.004243 
2587 8.348890 0.000000 -0.019724 19.404039 -0.097071 -0.027081 0.004694 
2588 8.348890 0.000000 -0.368292 19.399924 -0.104997 -0.566305 0.004266 
2589 8.722656 0.000000 -0.019724 19.403905 -0.106173 -0.027631 0.004702 
2590 6.666939 0.000000 0.503129 19.444595 -0.035132 0.841284 -0.001318 
2591 6.666939 0.000000 0.328845 19.444655 -0.052804 0.541879 -0.000234 
2592 6.853823 0.000000 0.503129 19.438317 -0.042657 0.840231 -0.000670 
2593 7.040706 0.000000 0.503129 19.430930 -0.051675 0.838143 0.000096 
2594 7.040706 0.000000 0.328845 19.433337 -0.064957 0.540708 0.000929 
2595 7.227589 0.000000 0.503129 19.423025 -0.060425 0.835449 0.000917 
2596 7.414473 0.000000 1.548835 19.469688 0.037019 0.397096 -0.002446 
2597 7.414473 0.000000 1.723119 19.465838 0.028280 0.302704 -0.001874 
2598 6.947264 0.000000 1.287409 19.467410 0.024092 0.562950 -0.002630 
2599 6.853823 0.000000 1.287409 19.467520 0.020926 0.562915 -0.002641 
2600 6.947264 0.000000 1.374551 19.467194 0.027035 0.514175 -0.002470 
2601 7.414473 0.000000 0.503129 19.415798 -0.068136 0.832932 0.001668 
2602 7.414473 0.000000 0.328845 19.419930 -0.075636 0.533349 0.002323 
2603 7.601356 0.000000 0.503129 19.410045 -0.074777 0.830841 0.002265 
2604 7.788239 0.000000 0.503129 19.405501 -0.080079 0.828672 0.002738 
2605 7.788239 0.000000 0.328845 19.408969 -0.089558 0.516689 0.003488 
2606 7.975123 0.000000 0.503129 19.401914 -0.084017 0.826062 0.003116 
2607 7.507914 0.000000 1.287409 19.470716 0.047861 0.566954 -0.002987 
2608 7.414473 0.000000 1.287409 19.469560 0.038755 0.570221 -0.002876 
2609 7.507914 0.000000 1.374551 19.472583 0.039438 0.512294 -0.003021 
2610 7.321031 0.000000 1.287409 19.468807 0.036084 0.567879 -0.002791 
2611 7.321031 0.000000 1.374551 19.469769 0.033653 0.513365 -0.002733 
2612 7.180868 0.000000 1.156695 19.463156 0.022768 0.673149 -0.002552 
2613 7.227589 0.000000 1.156695 19.463130 0.024045 0.675773 -0.002559 
2614 7.180868 0.000000 1.200266 19.465395 0.027710 0.635011 -0.002652 
2615 7.507914 0.000000 0.938840 19.438454 0.027781 1.064266 -0.001809 
2616 7.414473 0.000000 0.938840 19.439480 0.025650 1.055641 -0.001866 
2617 7.507914 0.000000 0.851698 19.429091 -0.036171 1.124727 -0.001198 
2618 7.321031 0.000000 0.938840 19.440283 0.024205 1.047518 -0.001903 
2619 7.321031 0.000000 0.851698 19.432246 -0.035943 1.110034 -0.001436 
2620 10.965257 0.000000 -1.065430 19.444705 0.089650 -1.217682 -0.003396 
2621 10.965257 0.000000 -1.762567 19.452035 0.022801 -0.232561 -0.000354 
2622 11.712790 0.000000 -1.065430 19.448314 0.061621 -1.236258 -0.003877 
2623 12.460324 0.000000 -1.065430 19.448956 0.044415 -0.922651 -0.002148 
2624 12.460324 0.000000 -1.762567 19.448518 0.017443 -0.195627 0.000050 
2625 13.207857 0.000000 -1.065430 19.448776 0.041473 -0.929585 -0.002163 
2626 9.096423 0.000000 -0.019724 19.404673 -0.112291 -0.023649 0.004621 
2627 9.096423 0.000000 -0.368292 19.405746 -0.112416 -0.549945 0.003712 
2628 9.470190 0.000000 -0.019724 19.406295 -0.113503 -0.024597 0.004453 
2629 9.843957 0.000000 -0.019724 19.412197 -0.110218 -0.024235 0.003850 
2630 9.843957 0.000000 -0.368292 19.412258 -0.128095 -0.538398 0.003067 
2631 10.217723 0.000000 -0.019724 19.421404 -0.105123 -0.024007 0.002908 
2632 8.162006 0.000000 0.503129 19.399668 -0.086941 0.823218 0.003357 
2633 8.162006 0.000000 0.328845 19.402495 -0.098663 0.503421 0.004183 
2634 8.348890 0.000000 0.503129 19.399094 -0.089469 0.820965 0.003425 
2635 8.535773 0.000000 0.503129 19.400142 -0.092478 0.819825 0.003321 
2636 8.535773 0.000000 0.328845 19.401274 -0.109610 0.488935 0.004340 
2637 8.722656 0.000000 0.503129 19.402047 -0.095970 0.820245 0.003122 
2638 7.881681 0.000000 0.938840 19.439355 0.042607 1.108215 -0.002157 
2639 7.881681 0.000000 0.851698 19.425276 -0.026658 1.163511 -0.001040 
2640 7.975123 0.000000 0.938840 19.441187 0.045678 1.121932 -0.002427 
2641 7.648077 0.000000 1.069553 19.453344 0.068451 0.873455 -0.002373 
2642 7.601356 0.000000 1.069553 19.452973 0.066317 0.866798 -0.002303 
2643 7.648077 0.000000 1.025982 19.447687 0.053101 0.952163 -0.002166 
2644 8.068564 0.000000 0.938840 19.443108 0.048081 1.136427 -0.002711 
2645 8.068564 0.000000 0.851698 19.426831 -0.020789 1.190106 -0.001364 
2646 8.162006 0.000000 0.938840 19.445114 0.049929 1.151406 -0.003009 
2647 8.442331 0.000000 1.287409 19.484365 0.046727 0.596121 -0.004482 
2648 8.442331 0.000000 1.374551 19.485452 0.037360 0.517072 -0.004359 
2649 8.909540 0.000000 0.503129 19.404214 -0.099311 0.822496 0.002888 
2650 8.909540 0.000000 0.328845 19.402951 -0.121701 0.477772 0.004190 
2651 9.096423 0.000000 0.503129 19.406091 -0.101411 0.826399 0.002678 
2652 9.283306 0.000000 0.503129 19.407743 -0.102715 0.831377 0.002486 
2653 9.283306 0.000000 0.328845 19.406938 -0.115021 0.473499 0.003795 
2654 9.470190 0.000000 0.503129 19.409265 -0.103862 0.836762 0.002305 
2655 9.376748 0.000000 1.113124 19.467455 0.086588 0.978504 -0.004346 
2656 9.376748 0.000000 1.025982 19.459734 0.087974 1.169338 -0.004636 
2657 9.470190 0.000000 1.113124 19.465793 0.085255 0.985891 -0.004213 
2658 8.816098 0.000000 1.461693 19.483703 0.039741 0.434130 -0.003971 
2659 8.722656 0.000000 1.461693 19.484321 0.040147 0.435525 -0.004038 
2660 8.816098 0.000000 1.548835 19.482201 0.035048 0.364942 -0.003669 
2661 8.956261 0.000000 1.330980 19.481888 0.029972 0.564915 -0.004128 
2662 8.909540 0.000000 1.330980 19.482363 0.030864 0.564548 -0.004176 
2663 8.956261 0.000000 1.374551 19.482203 0.034254 0.513860 -0.004015 
2664 10.591490 0.000000 -0.019724 19.430592 -0.096681 -0.024503 0.001968 
2665 10.591490 0.000000 -0.368292 19.430740 -0.127943 -0.532426 0.001187 
2666 10.965257 0.000000 -0.019724 19.437543 -0.047402 -0.011296 0.001274 
2667 11.339023 0.000000 -0.019724 19.442435 -0.054866 -0.022598 0.000768 
2668 11.339023 0.000000 -0.368292 19.442654 -0.094729 -0.508514 0.000048 
2669 11.712790 0.000000 -0.019724 19.447557 0.062731 -0.040156 0.000236 
2670 9.657073 0.000000 0.503129 19.410476 -0.105917 0.841082 0.002160 
2671 9.657073 0.000000 0.328845 19.409784 -0.117726 0.470322 0.003510 
2672 9.843957 0.000000 0.503129 19.411488 -0.109302 0.842800 0.002047 
2673 10.030840 0.000000 0.851698 19.422536 0.036317 1.466847 -0.002869 
2674 10.030840 0.000000 0.677414 19.411190 -0.041072 1.256803 -0.000193 
2675 10.217723 0.000000 0.851698 19.422677 0.022719 1.483367 -0.003010 
2676 9.563631 0.000000 1.113124 19.463960 0.083632 0.993417 -0.004063 
2677 9.563631 0.000000 1.025982 19.455825 0.084837 1.188324 -0.004351 
2678 9.189865 0.000000 1.461693 19.479958 0.038010 0.430136 -0.003576 
2679 9.283306 0.000000 1.461693 19.478816 0.037405 0.429466 -0.003457 
2680 9.189865 0.000000 1.548835 19.473594 0.029528 0.357445 -0.002768 
2681 9.376748 0.000000 1.461693 19.477591 0.036732 0.428895 -0.003329 
2682 9.376748 0.000000 1.548835 19.471835 0.027681 0.354851 -0.002581 
2683 9.937398 0.000000 1.113124 19.454435 0.079638 1.026255 -0.003257 
2684 9.937398 0.000000 1.025982 19.445202 0.076016 1.230033 -0.003521 
2685 10.030840 0.000000 1.113124 19.451900 0.080561 1.034939 -0.003044 
2686 10.124282 0.000000 1.113124 19.449654 0.082322 1.043442 -0.002860 
2687 10.124282 0.000000 1.025982 19.440970 0.075664 1.251653 -0.003228 
2688 10.217723 0.000000 1.113124 19.447767 0.084654 1.051309 -0.002711 
2689 9.797236 0.000000 1.243838 19.466151 0.087181 0.722364 -0.003061 
2690 9.797236 0.000000 1.200266 19.462792 0.083694 0.816050 -0.003095 
2691 9.843957 0.000000 1.243838 19.464320 0.085441 0.728811 -0.002896 
2692 9.890677 0.000000 1.243838 19.463203 0.084730 0.730602 -0.002788 
2693 9.890677 0.000000 1.200266 19.460464 0.083636 0.822308 -0.002882 
2694 9.937398 0.000000 1.243838 19.462396 0.083399 0.732429 -0.002711 
2695 9.984119 0.000000 1.243838 19.461176 0.083658 0.735133 -0.002597 
2696 9.984119 0.000000 1.200266 19.458037 0.084381 0.828686 -0.002661 
2697 10.030840 0.000000 1.243838 19.459938 0.084082 0.737866 -0.002480 
2698 10.404607 0.000000 0.851698 19.429655 0.012781 1.496521 -0.003830 
2699 10.404607 0.000000 0.677414 19.421975 -0.060040 1.251082 -0.001267 
2700 10.591490 0.000000 0.851698 19.436885 0.010516 1.503583 -0.004628 
2701 10.311165 0.000000 1.113124 19.446277 0.087182 1.058205 -0.002597 
2702 10.311165 0.000000 1.025982 19.439864 0.078041 1.269687 -0.003236 
2703 10.404607 0.000000 1.113124 19.445268 0.089678 1.063930 -0.002527 
2704 10.498048 0.000000 1.287409 19.451100 0.094738 0.670952 -0.001327 
2705 10.498048 0.000000 1.200266 19.447238 0.094386 0.857623 -0.001684 
2706 10.591490 0.000000 1.287409 19.450151 0.096976 0.672774 -0.001237 
2707 11.525907 0.000000 1.200266 19.448480 0.090012 0.910294 -0.002056 
2708 11.525907 0.000000 1.025982 19.447451 0.057464 1.345529 -0.004532 
2709 11.152140 0.000000 1.548835 19.450272 0.029439 0.370784 -0.000394 
2710 11.152140 0.000000 1.723119 19.451114 0.024050 0.252985 -0.000285 
2711 12.086557 0.000000 -0.019724 19.448553 -0.010671 -0.018201 0.000148 
2712 12.086557 0.000000 -0.368292 19.448174 -0.049747 -0.403302 -0.000249 
2713 12.460324 0.000000 -0.019724 19.448541 -0.050091 -0.017684 0.000143 
2714 12.834090 0.000000 -0.019724 19.448972 -0.049928 -0.017688 0.000098 
2715 12.834090 0.000000 -0.368292 19.449006 -0.094898 -0.391338 -0.000326 
2716 13.207857 0.000000 -0.019724 19.449243 -0.049828 -0.017691 0.000070 
2717 13.020974 0.000000 1.548835 19.448781 0.024827 0.311329 -0.000132 
2718 13.207857 0.000000 1.548835 19.448904 0.024856 0.311385 -0.000145 
2719 13.020974 0.000000 1.723119 19.448860 0.018867 0.212674 -0.000003 
2720 0.511468 0.000000 0.797234 21.143841 -0.014004 5.133303 -0.251414 
2721 0.511468 0.000000 0.786341 20.556914 -0.003059 3.546777 -0.150313 
2722 0.523148 0.000000 0.797234 20.167898 -0.002053 3.622790 -0.109876 
2723 0.581549 0.000000 0.840805 19.069424 -0.028373 2.993001 0.015069 
2724 0.569869 0.000000 0.840805 19.050531 -0.028055 3.163322 0.014201 
2725 0.581549 0.000000 0.829912 19.216347 -0.091085 2.967696 0.000579 
2726 0.558189 0.000000 0.840805 19.029656 -0.028109 3.360305 0.012906 
2727 0.546509 0.000000 0.840805 19.006651 -0.028990 3.601505 0.010780 
2728 0.604910 0.000000 0.862591 18.873416 -0.089602 2.737749 0.038576 
2729 0.616590 0.000000 0.862591 18.911367 -0.069218 2.631623 0.036300 
2730 0.604910 0.000000 0.873483 18.226690 0.002064 2.735179 0.102059 
2731 0.628270 0.000000 0.862591 18.948212 -0.057542 2.523406 0.034091 
2732 0.628270 0.000000 0.851698 19.042304 -0.029687 2.514190 0.024772 
2733 0.628270 0.000000 0.873483 18.223857 0.002704 2.721682 0.102526 
2734 2.999353 0.000000 0.917054 19.438576 -0.044944 0.975499 -0.001346 
2735 2.999353 0.000000 0.895269 19.437099 -0.014491 1.036809 -0.001516 
2736 2.999353 0.000000 0.938840 19.441365 0.002734 0.871729 -0.001121 
2737 5.125151 0.000000 1.069553 19.472618 -0.034427 0.738701 -0.003773 
2738 5.078431 0.000000 1.069553 19.472060 -0.034669 0.742250 -0.003729 
2739 5.125151 0.000000 1.113124 19.469181 -0.029540 0.724252 -0.003362 
2740 5.966127 0.000000 0.982411 19.469355 0.019122 0.901781 -0.004142 
2741 5.919406 0.000000 0.982411 19.469969 0.017375 0.899989 -0.004196 
2742 5.966127 0.000000 0.938840 19.467712 0.011939 0.983986 -0.004382 
2743 6.153010 0.000000 0.982411 19.466766 0.024395 0.909935 -0.003915 
2744 6.153010 0.000000 0.938840 19.464792 0.017372 0.987752 -0.004101 
2745 6.339893 0.000000 0.982411 19.462945 0.020284 0.917148 -0.003556 
2746 6.339893 0.000000 0.938840 19.461099 0.019232 0.993216 -0.003750 
2747 6.386614 0.000000 0.982411 19.462034 0.020430 0.919656 -0.003475 
2748 6.526777 0.000000 1.069553 19.467076 0.016531 0.717125 -0.003117 
2749 6.526777 0.000000 1.025982 19.462167 0.029904 0.837914 -0.003110 
2750 6.526777 0.000000 1.113124 19.469168 -0.000264 0.676570 -0.003182 
2751 6.900543 0.000000 1.069553 19.457657 0.035452 0.769988 -0.002358 
2752 6.900543 0.000000 1.025982 19.452393 0.029041 0.870637 -0.002252 
2753 6.900543 0.000000 1.113124 19.462585 0.010964 0.688873 -0.002549 
2754 6.993985 0.000000 1.156695 19.463805 0.017076 0.663242 -0.002584 
2755 6.947264 0.000000 1.156695 19.464150 0.015535 0.660971 -0.002611 
2756 6.993985 0.000000 1.200266 19.465680 0.021272 0.627276 -0.002654 
2757 6.900543 0.000000 1.156695 19.464571 0.013964 0.658793 -0.002647 
2758 6.853823 0.000000 1.156695 19.465145 0.012422 0.656800 -0.002699 
2759 6.900543 0.000000 1.200266 19.466232 0.017838 0.624176 -0.002701 
2760 7.834960 0.000000 1.069553 19.456715 0.075252 0.900852 -0.002851 
2761 7.834960 0.000000 1.025982 19.450706 0.060759 0.977329 -0.002607 
2762 7.881681 0.000000 1.069553 19.457855 0.076332 0.907767 -0.003001 
2763 7.928402 0.000000 1.156695 19.473464 0.064592 0.718412 -0.003790 
2764 7.928402 0.000000 1.113124 19.465716 0.084384 0.825755 -0.003438 
2765 7.928402 0.000000 1.200266 19.475143 0.041560 0.679897 -0.003814 
2766 8.115285 0.000000 1.243838 19.481789 0.049573 0.636164 -0.004348 
2767 8.068564 0.000000 1.243838 19.480526 0.043914 0.640600 -0.004231 
2768 8.115285 0.000000 1.287409 19.483424 0.050967 0.587731 -0.004360 
2769 8.302169 0.000000 1.243838 19.484318 0.044984 0.642705 -0.004629 
2770 8.348890 0.000000 1.243838 19.484783 0.043610 0.643757 -0.004680 
2771 8.302169 0.000000 1.287409 19.485557 0.048644 0.592695 -0.004594 
2772 8.629215 0.000000 1.461693 19.484801 0.040473 0.436919 -0.004091 
2773 8.535773 0.000000 1.461693 19.484988 0.040873 0.438447 -0.004114 
2774 8.629215 0.000000 1.548835 19.483106 0.035642 0.369240 -0.003771 
2775 8.862819 0.000000 1.243838 19.489799 0.102541 0.596497 -0.005065 
2776 8.862819 0.000000 1.200266 19.482399 0.101392 0.746519 -0.004835 
2777 8.862819 0.000000 1.287409 19.482663 0.022308 0.614312 -0.004360 
2778 8.862819 0.000000 1.330980 19.482866 0.031614 0.564119 -0.004226 
2779 8.816098 0.000000 1.330980 19.483314 0.032278 0.563654 -0.004271 
2780 8.862819 0.000000 1.374551 19.483688 0.037256 0.516012 -0.004175 
2781 8.769377 0.000000 1.330980 19.483698 0.032859 0.563206 -0.004309 
2782 8.722656 0.000000 1.330980 19.484039 0.033402 0.562741 -0.004343 
2783 8.769377 0.000000 1.374551 19.484504 0.037816 0.515926 -0.004259 
2784 8.769377 0.000000 1.156695 19.478698 0.089341 0.839039 -0.004835 
2785 8.769377 0.000000 1.113124 19.474925 0.085836 0.930356 -0.004872 
2786 8.816098 0.000000 1.156695 19.478251 0.089324 0.842871 -0.004806 
2787 9.143144 0.000000 1.330980 19.479925 0.026834 0.564766 -0.003925 
2788 9.189865 0.000000 1.330980 19.479387 0.024814 0.564659 -0.003869 
2789 9.143144 0.000000 1.374551 19.480440 0.033428 0.513318 -0.003832 
2790 9.610352 0.000000 1.243838 19.470234 0.089450 0.713140 -0.003447 
2791 9.563631 0.000000 1.243838 19.471114 0.090623 0.710448 -0.003528 
2792 9.610352 0.000000 1.200266 19.466835 0.085703 0.804037 -0.003460 
2793 9.797236 0.000000 1.418122 19.471007 0.030813 0.471648 -0.002752 
2794 9.750515 0.000000 1.418122 19.471897 0.031565 0.471730 -0.002844 
2795 9.797236 0.000000 1.461693 19.470876 0.033358 0.427016 -0.002633 
2796 9.984119 0.000000 1.418122 19.467080 0.020023 0.464744 -0.002329 
2797 10.030840 0.000000 1.418122 19.466007 0.019110 0.464516 -0.002218 
2798 9.984119 0.000000 1.461693 19.466981 0.032177 0.426773 -0.002231 
2799 10.077561 0.000000 1.330980 19.465082 0.111816 0.562653 -0.002421 
2800 10.077561 0.000000 1.287409 19.461676 0.090611 0.651315 -0.002344 
2801 10.077561 0.000000 1.374551 19.467986 0.003843 0.470284 -0.002435 
2802 10.077561 0.000000 1.418122 19.464914 0.018170 0.464207 -0.002105 
2803 10.124282 0.000000 1.418122 19.463815 0.017188 0.463810 -0.001990 
2804 10.077561 0.000000 1.461693 19.461090 0.031063 0.431568 -0.001636 
2805 10.171002 0.000000 1.418122 19.462734 0.016174 0.463310 -0.001878 
2806 10.217723 0.000000 1.418122 19.461649 0.015199 0.462612 -0.001765 
2807 10.171002 0.000000 1.461693 19.459226 0.030874 0.432065 -0.001445 
2808 0.336265 0.000000 0.917054 17.475897 -0.000664 3.866333 0.153176 
2809 0.359625 0.000000 0.917054 17.043705 -0.000033 3.655022 0.196815 
2810 0.336265 0.000000 0.938840 17.033032 -0.000420 4.563650 0.178036 
2811 0.242823 0.000000 0.873483 19.245950 0.000314 1.707132 0.013168 
2812 0.534829 0.000000 0.840805 17.998574 -0.000360 5.690346 0.058085 
2813 0.534829 0.000000 0.851698 17.998574 -0.000360 5.690346 0.058085 
2814 0.266184 0.000000 1.156695 18.022287 0.007293 1.001351 0.138770 
2815 0.219463 0.000000 1.156695 18.094182 0.006540 0.639730 0.133475 
2816 0.266184 0.000000 1.200266 18.314452 0.006742 0.804237 0.111647 
2817 0.172742 0.000000 1.156695 18.232198 0.005914 0.342638 0.120993 
2818 0.126021 0.000000 1.156695 18.405652 0.005509 0.111517 0.104472 
2819 0.172742 0.000000 1.200266 18.444330 0.005880 0.334801 0.100441 
2820 0.196102 0.000000 1.004197 15.722755 -0.001164 0.794092 0.344875 
2821 0.172742 0.000000 1.004197 15.761443 -0.001167 0.135190 0.343273 
2822 0.196102 0.000000 1.025982 16.059492 -0.001185 0.777255 0.316654 
2823 0.149382 0.000000 1.004197 16.913223 0.008059 -0.514456 0.243140 
2824 0.126021 0.000000 1.004197 17.542039 0.006728 -0.764728 0.185023 
2825 0.149382 0.000000 1.025982 17.248105 0.007308 -0.231061 0.213459 
2826 0.079300 0.000000 1.156695 18.583959 0.005229 -0.042383 0.087066 
2827 0.032580 0.000000 1.156695 18.742728 0.005183 -0.134461 0.071357 
2828 0.079300 0.000000 1.200266 18.687010 0.005291 0.029273 0.076915 
2829 0.336265 0.000000 0.960626 16.665605 -0.000091 5.059057 0.198164 
2830 0.359625 0.000000 0.960626 16.656868 -0.000056 5.023196 0.199890 
2831 0.382986 0.000000 0.960626 16.613007 0.000336 4.823536 0.208944 
2832 0.382986 0.000000 0.938840 16.770075 -0.000439 4.031152 0.213630 
2833 0.406346 0.000000 0.960626 16.600562 0.000611 4.714530 0.212785 
2834 0.429707 0.000000 0.960626 16.652016 0.000565 4.578185 0.211611 
2835 0.429707 0.000000 0.938840 16.524504 -0.000024 4.039569 0.235064 
2836 0.453067 0.000000 0.960626 16.671548 0.000227 4.261776 0.217284 
2837 0.476428 0.000000 0.960626 16.748513 -0.000309 3.989139 0.216431 
2838 0.476428 0.000000 0.938840 16.839801 0.000915 3.673144 0.214727 
2839 0.499788 0.000000 0.960626 16.748006 -0.000549 3.732811 0.221709 
2840 0.336265 0.000000 1.047768 16.758843 0.000299 3.732471 0.220755 
2841 0.312905 0.000000 1.047768 16.529534 -0.000005 3.314408 0.248721 
2842 0.336265 0.000000 1.069553 17.161028 -0.000796 2.967409 0.198244 
2843 0.523148 0.000000 0.960626 17.034816 -0.000308 3.458554 0.201310 
2844 0.523148 0.000000 0.938840 17.364220 0.001041 3.386003 0.172670 
2845 0.546509 0.000000 0.960626 17.279671 0.000260 3.299799 0.181936 
2846 1.107159 0.000000 1.069553 19.552404 -0.001744 1.665519 -0.017890 
2847 1.153880 0.000000 1.069553 19.526284 -0.003093 1.653486 -0.015087 
2848 1.107159 0.000000 1.113124 19.551131 -0.009175 1.673539 -0.017830 
2849 1.107159 0.000000 1.156695 19.567709 -0.009070 1.591246 -0.018834 
2850 1.153880 0.000000 1.156695 19.561766 -0.007360 1.568506 -0.018029 
2851 1.107159 0.000000 1.200266 19.582723 -0.004250 1.517755 -0.019783 
2852 3.863689 0.000000 2.071688 19.443578 0.006927 0.169178 0.000585 
2853 4.237455 0.000000 2.071688 19.444413 0.006357 0.172083 0.000496 
2854 3.863689 0.000000 2.420257 19.445519 -0.004832 0.062953 0.000450 
2855 2.041576 0.000000 1.069553 19.151511 -0.018919 -1.697017 0.022844 
2856 1.994855 0.000000 1.069553 19.204047 -0.013750 -1.569881 0.018616 
2857 2.041576 0.000000 1.113124 19.106703 -0.019007 -1.702631 0.027325 
2858 2.041576 0.000000 1.156695 19.108523 -0.019283 -1.758858 0.026627 
2859 1.994855 0.000000 1.156695 19.119708 -0.017144 -1.645041 0.026521 
2860 2.041576 0.000000 1.200266 19.074606 -0.018899 -1.729073 0.030325 
2861 3.303039 0.000000 1.548835 19.434920 0.016429 0.413020 0.001098 
2862 3.489922 0.000000 1.548835 19.437004 0.017968 0.415703 0.000878 
2863 3.303039 0.000000 1.723119 19.439873 0.013881 0.309721 0.000787 
2864 2.648947 0.000000 1.287409 19.410194 0.002439 0.697808 0.002802 
2865 2.742388 0.000000 1.287409 19.415468 0.003798 0.699633 0.002254 
2866 2.648947 0.000000 1.374551 19.412611 0.005566 0.585145 0.002936 
2867 0.359625 0.000000 1.243838 18.584403 0.006632 1.053046 0.084095 
2868 0.312905 0.000000 1.243838 18.528005 0.006401 0.865115 0.090581 
2869 0.359625 0.000000 1.287409 18.722241 0.006033 0.862380 0.071468 
2870 1.107159 0.000000 1.243838 19.612797 0.000600 1.260889 -0.021013 
2871 1.153880 0.000000 1.243838 19.558972 -0.003343 1.398506 -0.016407 
2872 1.107159 0.000000 1.287409 19.626940 -0.000649 1.223487 -0.022234 
2873 2.415343 0.000000 1.069553 19.423260 -0.042568 0.972601 0.000242 
2874 2.462063 0.000000 1.069553 19.417732 -0.038033 0.959409 0.000878 
2875 2.415343 0.000000 1.113124 19.405661 -0.038215 0.945114 0.002189 
2876 2.415343 0.000000 1.156695 19.387649 -0.033487 0.894240 0.004284 
2877 2.462063 0.000000 1.156695 19.397179 -0.029701 0.881676 0.003367 
2878 2.415343 0.000000 1.200266 19.375609 -0.026196 0.831038 0.005807 
2879 0.628270 0.000000 0.840805 19.135783 -0.035067 2.503528 0.015478 
2880 0.628270 0.000000 0.829912 19.227859 0.023692 2.489955 0.006322 
2881 0.639950 0.000000 0.840805 19.152040 -0.038697 2.409081 0.015059 
2882 0.710032 0.000000 0.786341 19.491305 -0.004930 1.964593 -0.014454 
2883 0.710032 0.000000 0.764556 19.574882 -0.004220 1.922161 -0.022649 
2884 0.733392 0.000000 0.786341 19.495330 -0.004678 1.872785 -0.013938 
2885 0.756753 0.000000 0.786341 19.504488 -0.004654 1.784151 -0.014025 
2886 0.756753 0.000000 0.764556 19.566739 -0.003806 1.762645 -0.020253 
2887 0.780113 0.000000 0.786341 19.520939 -0.004581 1.720084 -0.015129 
2888 0.651631 0.000000 0.840805 19.168548 -0.043895 2.323151 0.014460 
2889 0.651631 0.000000 0.829912 19.244516 0.010231 2.313998 0.006863 
2890 0.663311 0.000000 0.840805 19.185190 -0.051424 2.244399 0.013722 
2891 0.803473 0.000000 0.786341 19.540487 -0.004376 1.658818 -0.016600 
2892 0.803473 0.000000 0.764556 19.587713 -0.003420 1.643791 -0.021353 
2893 0.826834 0.000000 0.786341 19.562786 -0.004178 1.610888 -0.018491 
2894 0.850194 0.000000 0.829912 19.510711 -0.002190 1.556622 -0.012658 
2895 0.850194 0.000000 0.808127 19.549964 -0.004564 1.567764 -0.016803 
2896 1.200601 0.000000 0.982411 19.477109 0.005606 1.602178 -0.009575 
2897 1.247321 0.000000 0.982411 19.378950 0.008651 1.571843 0.000761 
2898 1.200601 0.000000 1.025982 19.478575 0.000469 1.613006 -0.009818 
2899 1.294042 0.000000 0.982411 19.373686 0.008688 1.570361 0.001313 
2900 1.340763 0.000000 0.982411 19.367605 0.008819 1.514016 0.002395 
2901 1.294042 0.000000 1.025982 19.392148 -0.001197 1.586144 -0.000710 
2902 1.527646 0.000000 0.590271 19.404660 -0.006194 1.097122 0.001475 
2903 1.527646 0.000000 0.503129 19.436314 -0.031988 0.930985 -0.000887 
2904 1.621088 0.000000 0.590271 19.376569 -0.012148 1.060112 0.004565 
2905 1.387484 0.000000 0.720985 19.433146 -0.014444 1.304854 -0.002769 
2906 1.387484 0.000000 0.677414 19.452101 -0.008339 1.272684 -0.004498 
2907 1.434205 0.000000 0.720985 19.395974 -0.019815 1.281199 0.001208 
2908 1.480926 0.000000 0.720985 19.366070 -0.025728 1.256483 0.004437 
2909 1.480926 0.000000 0.677414 19.387838 -0.018076 1.227212 0.002400 
2910 1.527646 0.000000 0.720985 19.343588 -0.031327 1.231940 0.006898 
2911 1.574367 0.000000 0.808127 19.274546 -0.051515 1.166960 0.014353 
2912 1.574367 0.000000 0.764556 19.302338 -0.045465 1.204455 0.011286 
2913 1.621088 0.000000 0.808127 19.262722 -0.058422 1.134806 0.015752 
2914 1.761251 0.000000 0.982411 18.895421 0.015481 0.585891 0.055305 
2915 1.714530 0.000000 0.982411 18.911760 0.024087 0.919272 0.052345 
2916 1.761251 0.000000 1.025982 18.883385 0.013865 0.495377 0.056766 
2917 1.667809 0.000000 0.982411 18.936680 0.021369 0.998364 0.049451 
2918 1.621088 0.000000 0.982411 18.954631 0.023037 1.026529 0.047502 
2919 1.667809 0.000000 1.025982 19.126767 0.003168 0.985465 0.030394 
2920 1.714530 0.000000 0.590271 19.363796 -0.017275 1.025768 0.006062 
2921 1.714530 0.000000 0.503129 19.383708 -0.006818 0.852242 0.004885 
2922 1.807972 0.000000 0.590271 19.358701 -0.020780 0.992008 0.006764 
2923 1.667809 0.000000 0.808127 19.257472 -0.064748 1.102250 0.016477 
2924 1.667809 0.000000 0.764556 19.286688 -0.057171 1.147488 0.013233 
2925 1.714530 0.000000 0.808127 19.259139 -0.070678 1.068940 0.016496 
2926 2.508784 0.000000 0.982411 19.428874 -0.045764 0.951647 -0.000228 
2927 2.555505 0.000000 0.982411 19.426931 -0.041203 0.947510 -0.000007 
2928 2.508784 0.000000 1.025982 19.422619 -0.040987 0.960209 0.000372 
2929 2.695668 0.000000 0.982411 19.426357 -0.028217 0.937014 0.000107 
2930 2.648947 0.000000 0.982411 19.425391 -0.032421 0.940748 0.000187 
2931 2.695668 0.000000 1.025982 19.423043 -0.024671 0.941856 0.000424 
2932 2.602226 0.000000 0.982411 19.424942 -0.036590 0.944036 0.000216 
2933 2.602226 0.000000 1.025982 19.421003 -0.032544 0.949909 0.000591 
2934 2.835830 0.000000 1.287409 19.419519 0.006885 0.701310 0.001832 
2935 2.929272 0.000000 1.287409 19.422565 0.009702 0.703209 0.001512 
2936 2.835830 0.000000 1.374551 19.421401 0.010321 0.591375 0.002014 
2937 5.358756 0.000000 2.071688 19.448514 0.008853 0.181610 0.000065 
2938 4.984989 0.000000 2.071688 19.446693 0.009549 0.180056 0.000254 
2939 5.358756 0.000000 2.420257 19.444650 0.005372 0.075581 0.000535 
2940 4.611222 0.000000 2.071688 19.444682 0.005490 0.176908 0.000464 
2941 4.611222 0.000000 2.420257 19.444136 0.004786 0.071476 0.000589 
2942 3.676805 0.000000 1.548835 19.439788 0.028392 0.428775 0.000562 
2943 3.863689 0.000000 1.548835 19.441415 0.029275 0.429174 0.000393 
2944 3.676805 0.000000 1.723119 19.442069 0.015930 0.314403 0.000553 
2945 3.162876 0.000000 0.895269 19.444069 -0.009138 1.043098 -0.002267 
2946 3.162876 0.000000 0.851698 19.442377 -0.013398 1.126377 -0.002570 
2947 3.209597 0.000000 0.895269 19.445829 -0.007873 1.044944 -0.002458 
2948 3.256318 0.000000 0.895269 19.447338 -0.006719 1.046266 -0.002620 
2949 3.256318 0.000000 0.851698 19.445989 -0.010358 1.128339 -0.002953 
2950 3.303039 0.000000 0.895269 19.449019 -0.005615 1.050021 -0.002814 
2951 6.293172 0.000000 1.548835 19.456310 0.017955 0.420119 -0.001116 
2952 6.106289 0.000000 1.548835 19.453878 0.015509 0.423517 -0.000874 
2953 6.293172 0.000000 1.723119 19.453797 0.017242 0.316803 -0.000657 
2954 5.919406 0.000000 1.548835 19.451351 0.014036 0.426787 -0.000621 
2955 5.732522 0.000000 1.548835 19.452727 0.018651 0.429020 -0.000768 
2956 5.919406 0.000000 1.723119 19.449647 0.014695 0.318901 -0.000233 
2957 5.825964 0.000000 0.764556 19.472078 0.005771 1.124586 -0.005615 
2958 5.825964 0.000000 0.677414 19.468350 -0.000525 1.055820 -0.004834 
2959 5.919406 0.000000 0.764556 19.469585 0.010309 1.123445 -0.005351 
2960 6.012847 0.000000 0.764556 19.467090 0.014219 1.122733 -0.005091 
2961 6.012847 0.000000 0.677414 19.462863 0.005167 1.056342 -0.004273 
2962 6.106289 0.000000 0.764556 19.464584 0.017331 1.122463 -0.004832 
2963 6.199731 0.000000 0.764556 19.458081 0.010953 1.093827 -0.003994 
2964 6.199731 0.000000 0.677414 19.457624 0.008670 1.057270 -0.003739 
2965 6.293172 0.000000 0.764556 19.455727 0.011717 1.094493 -0.003756 
2966 6.386614 0.000000 0.764556 19.453277 0.011284 1.095238 -0.003508 
2967 6.386614 0.000000 0.677414 19.452596 0.008259 1.058326 -0.003228 
2968 6.480056 0.000000 0.764556 19.450651 0.015045 1.093011 -0.003226 
2969 6.760381 0.000000 1.287409 19.467771 0.017883 0.563477 -0.002668 
2970 6.666939 0.000000 1.287409 19.468048 0.015077 0.564830 -0.002701 
2971 6.760381 0.000000 1.374551 19.466288 0.022487 0.517023 -0.002383 
2972 6.573498 0.000000 1.287409 19.468354 0.012639 0.566775 -0.002738 
2973 6.480056 0.000000 1.287409 19.468411 0.010533 0.569572 -0.002752 
2974 6.573498 0.000000 1.374551 19.465409 0.030444 0.510436 -0.002276 
2975 6.573498 0.000000 0.764556 19.447770 0.012565 1.093989 -0.002935 
2976 6.573498 0.000000 0.677414 19.447197 0.003629 1.059068 -0.002677 
2977 6.666939 0.000000 0.764556 19.444660 0.009480 1.095057 -0.002621 
2978 6.760381 0.000000 0.764556 19.441348 0.006101 1.096238 -0.002287 
2979 6.760381 0.000000 0.677414 19.440792 -0.003939 1.059422 -0.002020 
2980 6.853823 0.000000 0.764556 19.437960 0.002701 1.097520 -0.001946 
2981 6.807102 0.000000 1.156695 19.465787 0.010913 0.655006 -0.002758 
2982 6.760381 0.000000 1.156695 19.466407 0.009452 0.653364 -0.002816 
2983 6.807102 0.000000 1.200266 19.467067 0.014411 0.621730 -0.002778 
2984 6.713660 0.000000 1.156695 19.467066 0.008048 0.651949 -0.002879 
2985 6.666939 0.000000 1.156695 19.467763 0.006723 0.650711 -0.002947 
2986 6.713660 0.000000 1.200266 19.467987 0.011210 0.620067 -0.002867 
2987 6.947264 0.000000 0.764556 19.434587 -0.000486 1.099162 -0.001609 
2988 6.947264 0.000000 0.677414 19.433618 -0.012746 1.059715 -0.001285 
2989 7.040706 0.000000 0.764556 19.431448 -0.003352 1.101264 -0.001299 
2990 7.134148 0.000000 0.764556 19.428624 -0.005872 1.104117 -0.001026 
2991 7.134148 0.000000 0.677414 19.426496 -0.021241 1.061114 -0.000562 
2992 7.227589 0.000000 0.764556 19.426189 -0.008202 1.107834 -0.000797 
2993 7.321031 0.000000 0.764556 19.424063 -0.010454 1.112616 -0.000607 
2994 7.321031 0.000000 0.677414 19.420272 -0.028718 1.065162 0.000053 
2995 7.414473 0.000000 0.764556 19.422034 -0.012570 1.118189 -0.000432 
2996 7.507914 0.000000 0.764556 19.419940 -0.014284 1.124362 -0.000254 
2997 7.507914 0.000000 0.677414 19.415040 -0.035028 1.072066 0.000550 
2998 7.601356 0.000000 0.764556 19.417788 -0.015238 1.130994 -0.000072 
2999 7.694798 0.000000 0.764556 19.415811 -0.015201 1.138061 0.000088 
3000 7.694798 0.000000 0.677414 19.410355 -0.039199 1.080430 0.000983 
3001 7.788239 0.000000 0.764556 19.414235 -0.014226 1.145807 0.000203 
3002 7.881681 0.000000 0.764556 19.413143 -0.012507 1.154432 0.000263 
3003 7.881681 0.000000 0.677414 19.406449 -0.040162 1.089824 0.001329 
3004 7.975123 0.000000 0.764556 19.412613 -0.010386 1.164106 0.000258 
3005 8.068564 0.000000 0.764556 19.412661 -0.008249 1.174840 0.000187 
3006 8.068564 0.000000 0.677414 19.404354 -0.038866 1.101315 0.001478 
3007 8.162006 0.000000 0.764556 19.413201 -0.006303 1.186557 0.000059 
3008 8.255448 0.000000 0.938840 19.447083 0.051466 1.166714 -0.003305 
3009 8.255448 0.000000 0.851698 19.429584 -0.016589 1.220357 -0.001839 
3010 8.348890 0.000000 0.938840 19.448972 0.052998 1.182151 -0.003596 
3011 10.030840 0.000000 0.503129 19.413509 -0.113370 0.841361 0.001844 
3012 10.030840 0.000000 0.328845 19.415878 -0.118507 0.466798 0.002892 
3013 10.217723 0.000000 0.503129 19.418042 -0.116459 0.838000 0.001391 
3014 10.404607 0.000000 0.503129 19.424492 -0.117256 0.835206 0.000741 
3015 10.404607 0.000000 0.328845 19.425827 -0.125058 0.456369 0.001892 
3016 10.591490 0.000000 0.503129 19.430574 -0.116956 0.834237 0.000121 
3017 10.778373 0.000000 0.851698 19.441390 0.016244 1.509953 -0.005142 
3018 10.778373 0.000000 0.677414 19.436228 -0.062369 1.252705 -0.002743 
3019 10.965257 0.000000 0.851698 19.444580 0.012632 1.520301 -0.005553 
3020 10.498048 0.000000 1.113124 19.444824 0.091984 1.068482 -0.002508 
3021 10.498048 0.000000 1.025982 19.441031 0.080993 1.280998 -0.003433 
3022 10.591490 0.000000 1.113124 19.445224 0.094258 1.065620 -0.002534 
3023 11.152140 0.000000 0.851698 19.445488 0.028560 1.539243 -0.005801 
3024 11.152140 0.000000 0.677414 19.444359 -0.037112 1.283694 -0.003780 
3025 11.339023 0.000000 0.851698 19.446596 -0.039764 1.538656 -0.005912 
3026 0.534829 0.000000 0.797234 19.988127 -0.002479 3.434377 -0.087279 
3027 0.534829 0.000000 0.786341 20.139744 -0.003297 3.264419 -0.100351 
3028 0.546509 0.000000 0.797234 19.852878 -0.002897 3.260534 -0.069958 
3029 0.581549 0.000000 0.819020 19.357646 0.004247 2.932822 -0.013263 
3030 0.581549 0.000000 0.808127 19.491006 -0.002538 2.884524 -0.026215 
3031 0.593230 0.000000 0.819020 19.339916 0.002142 2.794353 -0.009353 
3032 0.558189 0.000000 0.797234 19.750856 -0.003311 3.097481 -0.056537 
3033 0.558189 0.000000 0.786341 19.882733 -0.003775 2.989566 -0.068617 
3034 0.569869 0.000000 0.797234 19.673042 -0.003629 2.952986 -0.046117 
3035 0.534829 0.000000 0.862591 17.987188 -0.000319 5.706333 0.058687 
3036 0.523148 0.000000 0.862591 18.026525 -0.000438 5.644585 0.056795 
3037 0.534829 0.000000 0.873483 17.871309 0.000144 4.916093 0.091860 
3038 5.031710 0.000000 1.069553 19.471447 -0.034732 0.745836 -0.003680 
3039 4.984989 0.000000 1.069553 19.470842 -0.034607 0.749559 -0.003633 
3040 5.031710 0.000000 1.113124 19.467970 -0.029166 0.731915 -0.003267 
3041 6.433335 0.000000 0.982411 19.461037 0.020430 0.922214 -0.003385 
3042 6.433335 0.000000 0.938840 19.459064 0.019035 0.996423 -0.003558 
3043 6.480056 0.000000 0.982411 19.459931 0.020412 0.924850 -0.003284 
3044 6.620218 0.000000 1.156695 19.468478 0.005477 0.649679 -0.003017 
3045 6.573498 0.000000 1.156695 19.469176 0.004305 0.648840 -0.003086 
3046 6.620218 0.000000 1.200266 19.468995 0.008304 0.619267 -0.002968 
3047 6.526777 0.000000 1.156695 19.469896 0.003267 0.648190 -0.003158 
3048 6.480056 0.000000 1.156695 19.470496 0.002256 0.647717 -0.003218 
3049 6.526777 0.000000 1.200266 19.470040 0.005780 0.619219 -0.003075 
3050 6.526777 0.000000 0.982411 19.458730 0.020381 0.927569 -0.003173 
3051 6.526777 0.000000 0.938840 19.456642 0.018471 0.999965 -0.003327 
3052 6.573498 0.000000 0.982411 19.457493 0.020326 0.930320 -0.003060 
3053 7.928402 0.000000 1.069553 19.459028 0.077161 0.914675 -0.003156 
3054 7.928402 0.000000 1.025982 19.452965 0.063349 0.990685 -0.002910 
3055 7.975123 0.000000 1.069553 19.460160 0.077749 0.921521 -0.003306 
3056 8.021844 0.000000 1.243838 19.479614 0.044584 0.638326 -0.004130 
3057 7.975123 0.000000 1.243838 19.478675 0.045120 0.636030 -0.004026 
3058 8.021844 0.000000 1.287409 19.481865 0.051875 0.584882 -0.004191 
3059 8.442331 0.000000 0.938840 19.450798 0.054692 1.197383 -0.003880 
3060 8.442331 0.000000 0.851698 19.432988 -0.013029 1.252450 -0.002398 
3061 8.535773 0.000000 0.938840 19.452465 0.056664 1.212349 -0.004147 
3062 8.442331 0.000000 1.461693 19.485005 0.041408 0.440027 -0.004119 
3063 8.348890 0.000000 1.461693 19.484769 0.041868 0.441671 -0.004099 
3064 8.442331 0.000000 1.548835 19.483218 0.036304 0.373911 -0.003792 
3065 8.675935 0.000000 1.330980 19.484303 0.033870 0.562251 -0.004369 
3066 8.629215 0.000000 1.330980 19.484545 0.034304 0.561757 -0.004393 
3067 8.675935 0.000000 1.374551 19.485067 0.038293 0.515920 -0.004317 
3068 8.862819 0.000000 1.156695 19.477816 0.089250 0.846610 -0.004778 
3069 8.862819 0.000000 1.113124 19.474388 0.086566 0.938379 -0.004857 
3070 8.909540 0.000000 1.156695 19.477343 0.089168 0.850237 -0.004746 
3071 8.956261 0.000000 1.156695 19.476915 0.089067 0.853716 -0.004717 
3072 8.956261 0.000000 1.113124 19.473621 0.087249 0.946041 -0.004816 
3073 9.002981 0.000000 1.156695 19.476331 0.088969 0.857086 -0.004672 
3074 9.703794 0.000000 1.418122 19.472758 0.032323 0.471808 -0.002933 
3075 9.657073 0.000000 1.418122 19.473577 0.033061 0.471865 -0.003017 
3076 9.703794 0.000000 1.461693 19.472605 0.034043 0.427333 -0.002812 
3077 9.610352 0.000000 1.418122 19.474350 0.033775 0.471920 -0.003097 
3078 9.563631 0.000000 1.418122 19.475089 0.034473 0.471952 -0.003173 
3079 9.610352 0.000000 1.461693 19.474188 0.034822 0.427714 -0.002976 
3080 10.077561 0.000000 1.243838 19.458698 0.084685 0.740578 -0.002363 
3081 10.077561 0.000000 1.200266 19.455595 0.085827 0.835139 -0.002439 
3082 10.124282 0.000000 1.243838 19.457471 0.085417 0.743267 -0.002248 
3083 10.171002 0.000000 1.243838 19.456229 0.086260 0.745924 -0.002131 
3084 10.171002 0.000000 1.200266 19.453240 0.087332 0.840504 -0.002221 
3085 10.217723 0.000000 1.243838 19.455004 0.087171 0.748541 -0.002016 
3086 0.266184 0.000000 1.243838 18.518767 0.006048 0.670633 0.092275 
3087 0.219463 0.000000 1.243838 18.545128 0.005745 0.486253 0.090256 
3088 0.266184 0.000000 1.287409 18.673707 0.005629 0.576326 0.077353 
3089 1.948134 0.000000 1.069553 19.243032 -0.005453 -0.997823 0.018537 
3090 1.901413 0.000000 1.069553 19.133869 -0.003141 -0.723517 0.030859 
3091 1.948134 0.000000 1.113124 19.151695 -0.007312 -1.241603 0.026364 
3092 1.948134 0.000000 1.156695 19.150984 -0.010932 -1.119285 0.027199 
3093 1.901413 0.000000 1.156695 19.252020 -0.008354 -0.992320 0.017651 
3094 1.948134 0.000000 1.200266 19.182703 -0.009053 -1.091635 0.024146 
3095 0.476428 0.000000 0.917054 16.779293 0.001150 3.613276 0.221257 
3096 0.453067 0.000000 0.917054 16.605078 0.001225 3.611336 0.236668 
3097 0.499788 0.000000 0.917054 16.996558 0.001064 3.623065 0.201672 
3098 0.429707 0.000000 0.917054 16.476183 0.001324 3.513911 0.249774 
3099 0.406346 0.000000 0.917054 16.477199 0.001276 3.383706 0.252060 
3100 0.382986 0.000000 0.917054 16.677674 0.000887 3.465715 0.233005 
3101 0.523148 0.000000 0.917054 17.326503 0.000998 3.448402 0.175001 
3102 0.546509 0.000000 0.917054 17.613199 0.001286 3.254810 0.151952 
3103 0.289544 0.000000 1.047768 16.553300 -0.000766 2.599295 0.257821 
3104 0.266184 0.000000 1.047768 16.453974 -0.001008 2.166055 0.271945 
3105 0.289544 0.000000 1.069553 16.818564 -0.000838 2.521392 0.235476 
3106 1.200601 0.000000 1.069553 19.497784 -0.008239 1.678744 -0.012369 
3107 1.247321 0.000000 1.069553 19.428423 -0.007309 1.607685 -0.004615 
3108 1.200601 0.000000 1.113124 19.508027 -0.007739 1.633063 -0.013026 
3109 1.200601 0.000000 1.156695 19.518738 -0.010959 1.615755 -0.013982 
3110 1.247321 0.000000 1.156695 19.479779 -0.010104 1.549167 -0.009409 
3111 1.200601 0.000000 1.200266 19.519739 -0.007765 1.503445 -0.013159 
3112 1.200601 0.000000 1.243838 19.531478 -0.008722 1.462946 -0.014053 
3113 1.247321 0.000000 1.243838 19.532359 -0.005978 1.426755 -0.013868 
3114 1.200601 0.000000 1.287409 19.590809 0.002558 1.213994 -0.018427 
3115 2.508784 0.000000 1.069553 19.416056 -0.033821 0.950671 0.001095 
3116 2.555505 0.000000 1.069553 19.416061 -0.029835 0.944442 0.001127 
3117 2.508784 0.000000 1.113124 19.409187 -0.030027 0.920878 0.001948 
3118 2.508784 0.000000 1.156695 19.402912 -0.026503 0.874137 0.002814 
3119 2.555505 0.000000 1.156695 19.406770 -0.023395 0.869241 0.002442 
3120 2.508784 0.000000 1.200266 19.397437 -0.020351 0.819003 0.003623 
3121 0.604910 0.000000 0.819020 19.327963 0.000625 2.671966 -0.006363 
3122 0.604910 0.000000 0.808127 19.433384 -0.003377 2.638857 -0.016700 
3123 0.616590 0.000000 0.819020 19.321034 -0.000489 2.574783 -0.004307 
3124 0.628270 0.000000 0.819020 19.317357 -0.001304 2.472518 -0.002567 
3125 0.628270 0.000000 0.808127 19.403447 -0.003956 2.449503 -0.011079 
3126 0.639950 0.000000 0.819020 19.316610 -0.001952 2.383652 -0.001350 
3127 0.651631 0.000000 0.819020 19.318512 -0.002555 2.302101 -0.000534 
3128 0.651631 0.000000 0.808127 19.389898 -0.004432 2.286364 -0.007648 
3129 0.663311 0.000000 0.819020 19.322282 -0.002982 2.228910 -0.000043 
3130 0.850194 0.000000 0.786341 19.587268 -0.003991 1.569051 -0.020673 
3131 0.850194 0.000000 0.764556 19.622289 -0.002943 1.560515 -0.024232 
3132 0.873555 0.000000 0.786341 19.612646 -0.003759 1.530351 -0.022985 
3133 0.896915 0.000000 0.786341 19.637187 -0.003473 1.499324 -0.025283 
3134 0.896915 0.000000 0.764556 19.662405 -0.002455 1.493631 -0.027858 
3135 0.920276 0.000000 0.786341 19.661163 -0.003144 1.471471 -0.027555 
3136 0.943636 0.000000 0.786341 19.683070 -0.002671 1.449054 -0.029660 
3137 0.943636 0.000000 0.764556 19.700059 -0.001519 1.446629 -0.031410 
3138 0.966996 0.000000 0.786341 19.702062 -0.002196 1.430964 -0.031500 
3139 1.387484 0.000000 0.982411 19.370541 0.007343 1.500680 0.002201 
3140 1.434205 0.000000 0.982411 19.273277 0.008059 1.405088 0.012871 
3141 1.387484 0.000000 1.025982 19.390407 0.001014 1.516727 0.000037 
3142 1.574367 0.000000 0.982411 19.020765 0.020684 1.175460 0.039997 
3143 1.527646 0.000000 0.982411 19.166756 0.019659 1.307696 0.024392 
3144 1.574367 0.000000 1.025982 19.207266 -0.009552 1.225696 0.020833 
3145 1.480926 0.000000 0.982411 19.166756 0.019659 1.307696 0.024392 
3146 1.480926 0.000000 1.025982 19.272459 -0.001578 1.381635 0.013127 
3147 1.574367 0.000000 0.720985 19.327540 -0.037044 1.206388 0.008702 
3148 1.574367 0.000000 0.677414 19.349781 -0.027683 1.181753 0.006585 
3149 1.621088 0.000000 0.720985 19.316650 -0.042398 1.180742 0.009975 
3150 1.901413 0.000000 0.590271 19.366276 -0.022715 0.980048 0.006050 
3151 1.901413 0.000000 0.503129 19.379254 -0.010484 0.818770 0.005489 
3152 1.994855 0.000000 0.590271 19.376170 -0.023198 0.968621 0.005096 
3153 1.667809 0.000000 0.720985 19.311434 -0.047182 1.155966 0.010660 
3154 1.667809 0.000000 0.677414 19.333056 -0.036159 1.136568 0.008571 
3155 1.714530 0.000000 0.720985 19.310219 -0.051671 1.132478 0.010925 
3156 1.761251 0.000000 0.808127 19.267744 -0.076011 1.037462 0.015793 
3157 1.761251 0.000000 0.764556 19.293014 -0.066925 1.094384 0.012900 
3158 1.807972 0.000000 0.808127 19.282783 -0.080435 1.009971 0.014407 
3159 2.088297 0.000000 0.590271 19.386816 -0.029105 0.936449 0.004166 
3160 2.088297 0.000000 0.503129 19.388555 -0.015443 0.795135 0.004636 
3161 2.181738 0.000000 0.590271 19.393424 -0.027348 0.931896 0.003512 
3162 3.022713 0.000000 1.287409 19.425093 0.019883 0.702069 0.001256 
3163 3.116155 0.000000 1.287409 19.427783 0.022155 0.701641 0.000981 
3164 3.022713 0.000000 1.374551 19.426635 0.014464 0.596466 0.001460 
3165 4.050572 0.000000 1.548835 19.442414 0.029595 0.430090 0.000289 
3166 4.237455 0.000000 1.548835 19.443765 0.019502 0.439062 0.000130 
3167 4.050572 0.000000 1.723119 19.443688 0.016428 0.316231 0.000384 
3168 3.209597 0.000000 1.287409 19.430194 0.024160 0.701868 0.000732 
3169 3.303039 0.000000 1.287409 19.433502 0.025945 0.702087 0.000391 
3170 3.209597 0.000000 1.374551 19.432128 0.017885 0.598317 0.000890 
3171 4.424339 0.000000 1.548835 19.444564 0.019133 0.439313 0.000048 
3172 4.611222 0.000000 1.548835 19.445190 0.018578 0.440619 -0.000020 
3173 4.424339 0.000000 1.723119 19.444968 0.016521 0.317361 0.000250 
3174 5.545639 0.000000 1.548835 19.450975 0.018316 0.432314 -0.000595 
3175 5.358756 0.000000 1.548835 19.449569 0.018374 0.435094 -0.000457 
3176 5.545639 0.000000 1.723119 19.446065 0.013694 0.319456 0.000134 
3177 5.171872 0.000000 1.548835 19.448361 0.016653 0.436490 -0.000336 
3178 4.984989 0.000000 1.548835 19.447239 0.017209 0.438392 -0.000225 
3179 5.171872 0.000000 1.723119 19.443794 0.014606 0.319081 0.000368 
3180 6.386614 0.000000 1.287409 19.468442 0.008696 0.572918 -0.002765 
3181 6.293172 0.000000 1.287409 19.468165 0.007186 0.576737 -0.002748 
3182 6.386614 0.000000 1.374551 19.464782 0.026364 0.517230 -0.002230 
3183 6.199731 0.000000 1.287409 19.467564 0.005871 0.581001 -0.002699 
3184 6.106289 0.000000 1.287409 19.466912 0.004574 0.585705 -0.002647 
3185 6.199731 0.000000 1.374551 19.463239 0.024301 0.524910 -0.002092 
3186 6.012847 0.000000 1.287409 19.466088 0.003403 0.590745 -0.002578 
3187 5.919406 0.000000 1.287409 19.465028 0.002346 0.596047 -0.002485 
3188 6.012847 0.000000 1.374551 19.461400 0.029533 0.531822 -0.001923 
3189 5.825964 0.000000 1.287409 19.464190 0.007214 0.601451 -0.002416 
3190 5.732522 0.000000 1.287409 19.462922 0.006439 0.607131 -0.002304 
3191 5.825964 0.000000 1.374551 19.459126 0.025252 0.538177 -0.001706 
3192 6.433335 0.000000 1.156695 19.470996 0.001277 0.647460 -0.003268 
3193 6.386614 0.000000 1.156695 19.471386 0.000327 0.647385 -0.003308 
3194 6.433335 0.000000 1.200266 19.470798 0.003596 0.620040 -0.003156 
3195 6.339893 0.000000 1.156695 19.471822 -0.000667 0.647510 -0.003353 
3196 6.293172 0.000000 1.156695 19.472101 -0.001607 0.647818 -0.003383 
3197 6.339893 0.000000 1.200266 19.471240 0.001517 0.621705 -0.003207 
3198 8.255448 0.000000 0.764556 19.414097 -0.004648 1.199089 -0.000112 
3199 8.255448 0.000000 0.677414 19.404356 -0.037237 1.115484 0.001395 
3200 8.348890 0.000000 0.764556 19.415392 -0.003178 1.212393 -0.000330 
3201 8.021844 0.000000 1.069553 19.461259 0.078184 0.928299 -0.003452 
3202 8.021844 0.000000 1.025982 19.455314 0.065026 1.004308 -0.003224 
3203 8.068564 0.000000 1.069553 19.462476 0.078408 0.934948 -0.003610 
3204 8.115285 0.000000 1.069553 19.463479 0.078560 0.941543 -0.003746 
3205 8.115285 0.000000 1.025982 19.457554 0.066115 1.017943 -0.003528 
3206 8.162006 0.000000 1.069553 19.464437 0.078649 0.948061 -0.003877 
3207 8.208727 0.000000 1.069553 19.465329 0.078731 0.954493 -0.004002 
3208 8.208727 0.000000 1.025982 19.459555 0.066882 1.031530 -0.003807 
3209 8.255448 0.000000 1.069553 19.466153 0.078822 0.960779 -0.004118 
3210 8.302169 0.000000 1.069553 19.466924 0.078914 0.967001 -0.004229 
3211 8.302169 0.000000 1.025982 19.461411 0.067612 1.044840 -0.004072 
3212 8.348890 0.000000 1.069553 19.467684 0.079072 0.973020 -0.004338 
3213 10.778373 0.000000 0.503129 19.435232 -0.119978 0.838350 -0.000378 
3214 10.778373 0.000000 0.328845 19.435184 -0.121867 0.462274 0.000919 
3215 10.965257 0.000000 0.503129 19.439079 -0.117744 0.844143 -0.000798 
3216 11.152140 0.000000 0.503129 19.440806 -0.108702 0.775098 -0.000674 
3217 11.152140 0.000000 0.328845 19.440421 -0.088876 0.438193 0.000456 
3218 11.339023 0.000000 0.503129 19.445144 -0.091150 0.815331 -0.001280 
3219 11.525907 0.000000 0.851698 19.446727 -0.037954 1.542346 -0.005955 
3220 11.525907 0.000000 0.677414 19.446856 -0.090234 1.245158 -0.003797 
3221 11.712790 0.000000 0.851698 19.447426 -0.037725 1.537225 -0.005986 
3222 11.899674 0.000000 0.851698 19.448039 -0.046107 1.524279 -0.005946 
3223 11.899674 0.000000 0.677414 19.447643 -0.096444 1.228411 -0.003771 
3224 12.086557 0.000000 0.851698 19.448382 -0.030827 0.911257 -0.002031 
3225 0.581549 0.000000 0.797234 19.613427 -0.003817 2.823086 -0.037943 
3226 0.581549 0.000000 0.786341 19.723415 -0.004092 2.751533 -0.048325 
3227 0.593230 0.000000 0.797234 19.567458 -0.004050 2.704953 -0.031455 
3228 0.511468 0.000000 0.862591 18.000098 -0.000416 5.476019 0.064267 
3229 0.499788 0.000000 0.862591 18.010481 -0.000438 5.442854 0.064235 
3230 0.511468 0.000000 0.873483 17.854208 -0.000203 5.290752 0.083366 
3231 1.854692 0.000000 0.808127 19.300781 -0.083945 0.980870 0.012723 
3232 1.854692 0.000000 0.764556 19.316052 -0.073534 1.047426 0.010812 
3233 1.901413 0.000000 0.808127 19.325383 -0.086475 0.966786 0.010283 
3234 4.938268 0.000000 1.069553 19.470207 -0.034197 0.753262 -0.003582 
3235 4.891547 0.000000 1.069553 19.469592 -0.033582 0.756952 -0.003533 
3236 4.938268 0.000000 1.113124 19.466609 -0.028052 0.739812 -0.003157 
3237 6.620218 0.000000 0.982411 19.456204 0.020344 0.933162 -0.002941 
3238 6.620218 0.000000 0.938840 19.453960 0.017838 1.003789 -0.003071 
3239 6.666939 0.000000 0.982411 19.454867 0.020407 0.936094 -0.002818 
3240 6.713660 0.000000 0.982411 19.453547 0.020627 0.939085 -0.002697 
3241 6.713660 0.000000 0.938840 19.451175 0.017381 1.007966 -0.002807 
3242 6.760381 0.000000 0.982411 19.452245 0.020947 0.942212 -0.002579 
3243 7.928402 0.000000 1.243838 19.477544 0.045481 0.633648 -0.003901 
3244 7.881681 0.000000 1.243838 19.476509 0.045670 0.631196 -0.003786 
3245 7.928402 0.000000 1.287409 19.479795 0.052394 0.581731 -0.003968 
3246 8.255448 0.000000 1.461693 19.484422 0.041300 0.443303 -0.004067 
3247 8.162006 0.000000 1.461693 19.483589 0.041846 0.444933 -0.003985 
3248 8.255448 0.000000 1.548835 19.482428 0.037111 0.378781 -0.003720 
3249 8.442331 0.000000 0.764556 19.416956 -0.001821 1.226018 -0.000578 
3250 8.442331 0.000000 0.677414 19.406268 -0.036062 1.132198 0.001100 
3251 8.535773 0.000000 0.764556 19.418761 -0.000428 1.239953 -0.000855 
3252 8.629215 0.000000 0.938840 19.453949 0.059001 1.226967 -0.004395 
3253 8.629215 0.000000 0.851698 19.436426 -0.008788 1.284481 -0.002966 
3254 8.722656 0.000000 0.938840 19.454969 0.061700 1.240946 -0.004592 
3255 8.816098 0.000000 0.938840 19.455559 0.064715 1.254412 -0.004742 
3256 8.816098 0.000000 0.851698 19.442522 0.042162 1.327643 -0.003895 
3257 8.909540 0.000000 0.938840 19.455816 0.067958 1.267293 -0.004856 
3258 9.049702 0.000000 1.156695 19.475712 0.088850 0.860422 -0.004624 
3259 9.049702 0.000000 1.113124 19.472539 0.087755 0.953363 -0.004742 
3260 9.096423 0.000000 1.156695 19.475084 0.088680 0.863645 -0.004573 
3261 9.143144 0.000000 1.156695 19.474375 0.088439 0.866851 -0.004515 
3262 9.143144 0.000000 1.113124 19.471243 0.087949 0.960571 -0.004645 
3263 9.189865 0.000000 1.156695 19.473644 0.088133 0.870039 -0.004454 
3264 0.172742 0.000000 1.243838 18.601144 0.005505 0.324439 0.085103 
3265 0.126021 0.000000 1.243838 18.680459 0.005236 0.184301 0.077475 
3266 0.172742 0.000000 1.287409 18.733964 0.005323 0.310693 0.072018 
3267 0.079300 0.000000 1.243838 18.770665 0.005018 0.078150 0.068618 
3268 0.032580 0.000000 1.243838 18.863656 0.004791 0.000282 0.059384 
3269 0.079300 0.000000 1.287409 18.859936 0.005124 0.112194 0.059721 
3270 1.294042 0.000000 1.069553 19.406703 -0.005803 1.586931 -0.002210 
3271 1.340763 0.000000 1.069553 19.402461 -0.008389 1.585742 -0.001765 
3272 1.294042 0.000000 1.113124 19.437109 -0.008485 1.582472 -0.005295 
3273 1.387484 0.000000 1.069553 19.386311 -0.007865 1.532006 0.000334 
3274 1.434205 0.000000 1.069553 19.307837 -0.006911 1.407064 0.009331 
3275 1.387484 0.000000 1.113124 19.438635 -0.009068 1.493398 -0.004727 
3276 1.294042 0.000000 1.156695 19.476038 -0.009704 1.503222 -0.008653 
3277 1.340763 0.000000 1.156695 19.460676 -0.012570 1.520643 -0.007211 
3278 1.294042 0.000000 1.200266 19.490267 -0.008019 1.482595 -0.009955 
3279 1.480926 0.000000 1.069553 19.309207 -0.005704 1.369944 0.009464 
3280 1.527646 0.000000 1.069553 19.299870 -0.006764 1.361601 0.010477 
3281 1.480926 0.000000 1.113124 19.354602 -0.009827 1.367150 0.004845 
3282 1.574367 0.000000 1.069553 19.245929 -0.008184 1.221421 0.016930 
3283 1.621088 0.000000 1.069553 19.169528 -0.002713 1.017458 0.025896 
3284 1.574367 0.000000 1.113124 19.290249 -0.015963 1.202789 0.012535 
3285 1.294042 0.000000 1.243838 19.518221 -0.006549 1.435771 -0.012477 
3286 1.340763 0.000000 1.243838 19.524935 -0.006109 1.357211 -0.012590 
3287 1.294042 0.000000 1.287409 19.596433 0.005383 1.194465 -0.018886 
3288 1.854692 0.000000 1.069553 19.152693 -0.002454 -0.368630 0.029979 
3289 1.807972 0.000000 1.069553 19.083082 0.000450 0.254735 0.037202 
3290 1.854692 0.000000 1.113124 19.177082 -0.006211 -0.786599 0.026231 
3291 1.854692 0.000000 1.156695 19.255014 -0.007761 -0.911776 0.017752 
3292 1.807972 0.000000 1.156695 19.328516 -0.012544 0.028342 0.012450 
3293 1.854692 0.000000 1.200266 19.373060 -0.007200 -0.736258 0.006463 
3294 2.602226 0.000000 1.069553 19.416778 -0.026203 0.939748 0.001077 
3295 2.648947 0.000000 1.069553 19.418023 -0.022518 0.935624 0.000970 
3296 2.602226 0.000000 1.113124 19.412752 -0.028961 0.909102 0.001640 
3297 2.695668 0.000000 1.069553 19.419564 -0.019018 0.932041 0.000830 
3298 2.742388 0.000000 1.069553 19.420435 -0.015723 0.928726 0.000757 
3299 2.695668 0.000000 1.113124 19.415807 -0.022682 0.903278 0.001355 
3300 2.602226 0.000000 1.156695 19.408995 -0.020609 0.866474 0.002226 
3301 2.648947 0.000000 1.156695 19.411640 -0.017806 0.864036 0.001966 
3302 2.602226 0.000000 1.200266 19.406945 -0.015361 0.813982 0.002670 
3303 0.604910 0.000000 0.797234 19.532438 -0.004231 2.599274 -0.026354 
3304 0.604910 0.000000 0.786341 19.623488 -0.004372 2.550535 -0.035115 
3305 0.616590 0.000000 0.797234 19.506552 -0.004404 2.512253 -0.022507 
3306 2.789109 0.000000 1.069553 19.422235 -0.012686 0.925627 0.000588 
3307 2.835830 0.000000 1.069553 19.424084 -0.009858 0.922627 0.000413 
3308 2.789109 0.000000 1.113124 19.419326 -0.012227 0.900043 0.001010 
3309 2.882551 0.000000 1.069553 19.425960 -0.007280 0.919557 0.000235 
3310 2.929272 0.000000 1.069553 19.427856 -0.004848 0.916377 0.000056 
3311 2.882551 0.000000 1.113124 19.422950 -0.007327 0.895571 0.000659 
1 11 62 60 61 
2 62 10 24 60 
3 60 24 14 63 
4 61 60 63 6 
5 24 66 64 65 
6 66 23 40 64 
7 64 40 27 67 
8 65 64 67 14 
9 40 70 68 69 
10 69 68 71 27 
11 6 63 92 93 
12 63 14 36 92 
13 92 36 19 94 
14 93 92 94 20 
15 14 67 95 96 
16 67 27 52 95 
17 95 52 35 97 
18 96 95 97 36 
19 27 71 98 99 
20 99 98 100 52 
21 12 112 110 111 
22 112 7 113 110 
23 110 113 13 25 
24 111 110 25 10 
25 25 116 114 115 
26 116 13 117 114 
27 114 117 26 41 
28 115 114 41 23 
29 41 120 118 119 
30 120 26 121 118 
31 118 121 42 57 
32 119 118 57 39 
33 39 124 122 123 
34 124 57 125 122 
35 122 125 55 81 
36 123 122 81 56 
37 81 128 126 127 
38 128 55 129 126 
39 57 146 145 125 
40 146 42 147 145 
41 145 147 58 89 
42 125 145 89 55 
43 55 149 148 129 
44 149 89 150 148 
45 126 170 168 169 
46 170 129 171 168 
47 168 171 82 142 
48 169 168 142 107 
49 142 174 172 173 
50 174 82 175 172 
51 172 175 143 165 
52 173 172 165 140 
53 165 188 186 187 
54 188 143 189 186 
55 68 193 191 192 
56 193 56 80 191 
57 191 80 43 194 
58 192 191 194 71 
59 80 197 195 196 
60 196 195 198 43 
61 140 209 207 208 
62 209 165 187 207 
63 187 221 219 220 
64 221 186 222 219 
65 219 222 190 223 
66 220 219 223 163 
67 207 229 227 228 
68 229 187 220 227 
69 227 220 163 230 
70 107 233 231 232 
71 233 142 173 231 
72 231 173 140 205 
73 232 231 205 141 
74 205 236 234 235 
75 236 140 208 234 
76 234 249 247 248 
77 249 208 250 247 
78 247 250 164 251 
79 248 247 251 237 
80 141 258 256 257 
81 258 205 235 256 
82 257 256 259 204 
83 204 259 260 261 
84 261 260 262 105 
85 256 265 263 264 
86 265 235 266 263 
87 263 266 203 267 
88 264 263 267 259 
89 56 270 268 269 
90 270 81 127 268 
91 269 268 197 80 
92 127 273 271 272 
93 273 126 169 271 
94 271 169 107 201 
95 272 271 201 79 
96 201 276 274 275 
97 276 107 232 274 
98 274 232 141 254 
99 275 274 254 199 
100 254 279 277 278 
101 279 141 257 277 
102 277 257 204 280 
103 278 277 280 252 
104 197 283 281 282 
105 282 281 284 195 
106 199 291 289 290 
107 291 254 278 289 
108 253 292 296 297 
109 292 252 298 296 
110 296 298 255 299 
111 297 296 299 202 
112 289 302 300 301 
113 302 278 303 300 
114 300 303 252 304 
115 301 300 304 292 
116 79 307 305 306 
117 307 201 275 305 
118 305 275 199 287 
119 306 305 287 200 
120 287 310 308 309 
121 310 199 290 308 
122 71 194 312 313 
123 194 43 102 312 
124 312 102 76 314 
125 313 312 314 98 
126 43 198 315 316 
127 316 315 317 102 
128 195 284 318 319 
129 319 318 320 198 
130 285 311 324 325 
131 311 253 297 324 
132 324 297 202 326 
133 325 324 326 288 
134 308 329 327 328 
135 329 290 330 327 
136 327 330 253 331 
137 328 327 331 311 
138 281 334 332 333 
139 334 200 286 332 
140 332 286 106 335 
141 333 332 335 284 
142 200 338 336 337 
143 338 287 309 336 
144 337 336 339 286 
145 309 342 340 341 
146 342 308 328 340 
147 340 328 311 343 
148 341 340 343 285 
149 286 339 344 345 
150 339 285 325 344 
151 344 325 288 346 
152 345 344 346 106 
153 336 349 347 348 
154 349 309 341 347 
155 347 341 285 350 
156 348 347 350 339 
157 208 352 351 250 
158 352 207 228 351 
159 351 228 210 353 
160 250 351 353 164 
161 210 230 354 355 
162 230 163 356 354 
163 354 356 216 357 
164 355 354 357 224 
165 228 360 358 359 
166 360 227 361 358 
167 358 361 230 362 
168 359 358 362 210 
169 363 364 179 365 
170 167 218 370 371 
171 218 108 372 370 
172 370 372 213 373 
173 371 370 373 211 
174 215 376 374 375 
175 376 217 377 374 
176 374 377 108 378 
177 375 374 378 218 
178 216 381 379 380 
179 381 215 375 379 
180 379 375 218 382 
181 380 379 382 167 
182 164 353 383 384 
183 353 210 355 383 
184 383 355 224 385 
185 384 383 385 225 
186 237 251 386 387 
187 251 164 384 386 
188 386 384 225 388 
189 387 386 388 244 
190 400 403 395 404 
191 401 400 404 393 
192 198 320 405 406 
193 406 405 407 315 
194 318 410 408 409 
195 410 239 394 408 
196 408 394 83 411 
197 409 408 411 320 
198 239 414 412 413 
199 412 401 393 415 
200 413 412 415 394 
201 321 418 416 417 
202 418 294 419 416 
203 416 419 238 402 
204 417 416 402 323 
205 323 422 420 421 
206 422 402 423 420 
207 420 423 400 424 
208 421 420 424 401 
209 238 426 425 403 
210 426 295 427 425 
211 425 427 397 428 
212 403 425 428 395 
213 402 430 429 423 
214 430 238 431 429 
215 429 431 403 432 
216 423 429 432 400 
217 295 440 439 427 
218 440 160 441 439 
219 439 441 398 442 
220 240 399 443 444 
221 443 445 391 446 
222 444 443 446 389 
223 397 442 447 448 
224 442 398 449 447 
225 447 449 109 450 
226 448 447 450 399 
227 427 453 451 452 
228 453 439 454 451 
229 451 454 442 455 
230 452 451 455 397 
231 459 460 433 461 
232 445 459 461 391 
233 436 464 462 463 
234 464 437 465 462 
235 462 465 162 466 
236 463 462 466 438 
237 470 471 434 472 
238 460 470 472 433 
239 437 474 473 465 
240 474 456 475 473 
241 473 475 458 476 
242 162 476 477 478 
243 476 458 479 477 
244 477 479 470 480 
245 478 477 480 460 
246 465 483 481 482 
247 483 473 484 481 
248 481 484 476 485 
249 482 481 485 162 
250 487 181 488 486 
251 486 488 467 489 
252 471 486 489 434 
253 458 491 490 479 
254 491 59 492 490 
255 490 492 471 493 
256 479 490 493 470 
257 365 179 495 494 
258 494 495 181 487 
259 59 497 496 492 
260 497 487 498 496 
261 496 498 486 499 
262 492 496 499 471 
263 181 513 512 488 
264 512 514 468 515 
265 488 512 515 467 
266 179 526 525 495 
267 526 180 527 525 
268 525 527 139 513 
269 495 525 513 181 
270 139 529 528 514 
271 529 509 530 528 
272 528 530 508 531 
273 514 528 531 468 
274 513 534 532 533 
275 534 139 535 532 
276 532 535 514 536 
277 533 532 536 512 
278 509 542 541 530 
279 542 91 543 541 
280 541 543 510 544 
281 530 541 544 508 
282 91 549 548 543 
283 549 538 550 548 
284 548 550 537 551 
285 19 38 552 553 
286 38 21 554 552 
287 552 554 9 555 
288 553 552 555 22 
289 35 54 556 557 
290 54 37 558 556 
291 556 558 21 559 
292 557 556 559 38 
293 51 78 560 561 
294 78 53 562 560 
295 560 562 37 563 
296 561 560 563 54 
297 75 135 564 565 
298 135 77 566 564 
299 564 566 53 567 
300 565 564 567 78 
301 133 507 568 569 
302 507 134 570 568 
303 568 570 77 571 
304 569 568 571 135 
305 572 574 507 575 
306 573 572 575 133 
307 510 551 576 577 
308 551 537 578 576 
309 576 578 540 579 
310 577 576 579 177 
311 543 582 580 581 
312 582 548 583 580 
313 580 583 551 584 
314 581 580 584 510 
315 538 594 593 550 
316 594 505 595 593 
317 593 595 539 596 
318 550 593 596 537 
319 501 635 633 634 
320 635 614 636 633 
321 633 636 613 637 
322 634 633 637 587 
323 284 335 662 663 
324 335 106 322 662 
325 662 322 239 410 
326 663 662 410 318 
327 322 666 664 665 
328 666 321 417 664 
329 664 417 323 414 
330 665 664 414 239 
331 103 178 667 668 
332 178 133 569 667 
333 667 569 135 669 
334 668 667 669 75 
335 670 672 178 673 
336 671 670 673 103 
337 434 489 674 675 
338 489 467 676 674 
339 674 676 469 677 
340 76 104 678 679 
341 104 75 565 678 
342 678 565 78 680 
343 679 678 680 51 
344 101 158 681 682 
345 158 103 668 681 
346 681 668 75 683 
347 682 681 683 104 
348 684 671 103 686 
349 685 684 686 158 
350 433 472 687 688 
351 472 434 675 687 
352 687 675 157 689 
353 688 687 689 435 
354 157 677 690 691 
355 677 469 692 690 
356 690 692 670 693 
357 691 690 693 671 
358 675 696 694 695 
359 696 674 697 694 
360 694 697 677 698 
361 695 694 698 157 
362 699 573 133 700 
363 672 699 700 178 
364 469 702 701 692 
365 702 176 703 701 
366 701 703 672 704 
367 692 701 704 670 
368 706 511 707 705 
369 705 707 699 708 
370 703 705 708 672 
371 468 531 709 710 
372 531 508 711 709 
373 709 711 511 706 
374 710 709 706 176 
375 176 714 712 713 
376 714 706 715 712 
377 712 715 705 716 
378 713 712 716 703 
379 511 718 717 707 
380 718 177 719 717 
381 717 719 573 720 
382 707 717 720 699 
383 177 579 721 719 
384 579 540 722 721 
385 721 722 572 723 
386 719 721 723 573 
387 724 725 134 726 
388 574 724 726 507 
389 540 728 727 722 
390 728 504 729 727 
391 727 729 574 730 
392 722 727 730 572 
393 21 46 731 554 
394 46 28 732 731 
395 731 732 30 733 
396 554 731 733 9 
397 37 74 734 558 
398 74 44 735 734 
399 734 735 46 736 
400 558 734 736 21 
401 53 132 737 562 
402 132 72 738 737 
403 737 738 74 739 
404 562 737 739 37 
405 77 503 740 566 
406 503 130 741 740 
407 740 741 132 742 
408 566 740 742 53 
409 500 616 743 744 
410 616 502 745 743 
411 743 745 130 746 
412 744 743 746 503 
413 587 637 747 748 
414 637 613 749 747 
415 747 749 616 750 
416 748 747 750 500 
417 130 612 751 741 
418 612 131 752 751 
419 751 752 72 753 
420 741 751 753 132 
421 502 641 754 745 
422 641 609 755 754 
423 754 755 612 756 
424 745 754 756 130 
425 615 649 757 758 
426 649 638 759 757 
427 757 759 641 760 
428 758 757 760 502 
429 645 763 761 762 
430 763 648 764 761 
431 761 764 638 765 
432 762 761 765 649 
433 638 661 766 759 
434 661 640 767 766 
435 766 767 609 768 
436 759 766 768 641 
437 769 771 661 772 
438 764 769 772 638 
439 639 785 783 784 
440 785 659 786 783 
441 648 789 787 788 
442 787 790 769 791 
443 788 787 791 764 
444 647 797 795 796 
445 797 639 784 795 
446 795 784 648 763 
447 796 795 763 645 
448 784 800 798 799 
449 800 783 801 798 
450 798 801 770 789 
451 799 798 789 648 
452 658 807 806 771 
453 807 660 808 806 
454 806 808 640 809 
455 771 806 809 661 
456 770 811 810 790 
457 811 658 812 810 
458 810 812 771 813 
459 790 810 813 769 
460 789 816 814 815 
461 816 770 817 814 
462 814 817 790 818 
463 815 814 818 787 
464 414 821 819 820 
465 821 323 421 819 
466 819 421 401 822 
467 820 819 822 412 
468 830 831 180 526 
469 364 830 526 179 
470 842 828 843 841 
471 841 843 136 844 
472 89 846 845 150 
473 846 58 847 845 
474 855 856 522 857 
475 831 855 857 180 
476 837 860 858 859 
477 860 839 861 858 
478 858 861 523 862 
479 859 858 862 840 
480 863 864 524 865 
481 856 863 865 522 
482 839 867 866 861 
483 867 851 868 866 
484 866 868 854 869 
485 861 866 869 523 
486 848 881 880 872 
487 881 850 882 880 
488 880 882 519 883 
489 872 880 883 546 
490 884 885 545 886 
491 864 884 886 524 
492 870 889 887 888 
493 889 872 890 887 
494 887 890 546 891 
495 888 887 891 873 
496 894 897 892 898 
497 895 894 898 547 
498 903 905 893 906 
499 897 903 906 892 
500 7 908 907 113 
501 908 16 909 907 
502 907 909 15 32 
503 113 907 32 13 
504 13 911 910 117 
505 911 32 912 910 
506 910 912 31 48 
507 117 910 48 26 
508 26 914 913 121 
509 914 48 915 913 
510 913 915 47 85 
511 121 913 85 42 
512 42 917 916 147 
513 917 85 918 916 
514 916 918 84 517 
515 147 916 517 58 
516 58 920 919 847 
517 920 517 921 919 
518 925 927 899 928 
519 905 925 928 893 
520 900 934 933 927 
521 934 874 935 933 
522 933 935 901 936 
523 927 933 936 899 
524 874 941 940 935 
525 941 930 942 940 
526 940 942 929 943 
527 935 940 943 901 
528 517 948 947 921 
529 948 84 949 947 
530 951 631 952 950 
531 630 955 953 954 
532 955 945 956 953 
533 953 956 944 957 
534 954 953 957 931 
535 945 962 961 956 
536 962 629 963 961 
537 961 963 946 964 
538 956 961 964 944 
539 85 966 965 918 
540 966 47 967 965 
541 965 967 86 627 
542 918 965 627 84 
543 84 969 968 949 
544 969 627 970 968 
545 968 970 626 643 
546 518 973 971 972 
547 973 643 974 971 
548 971 974 642 794 
549 972 971 794 632 
550 632 977 975 976 
551 977 794 978 975 
552 975 978 792 979 
553 976 975 979 793 
554 643 981 980 974 
555 981 626 982 980 
556 980 982 644 781 
557 974 980 781 642 
558 642 985 983 984 
559 985 781 986 983 
560 983 986 779 987 
561 984 983 987 780 
562 627 1000 999 970 
563 1000 86 1001 999 
564 999 1001 628 777 
565 970 999 777 626 
566 777 1004 1002 1003 
567 1004 628 1005 1002 
568 1002 1005 778 996 
569 1003 1002 996 776 
570 776 1008 1006 1007 
571 1008 996 1009 1006 
572 1006 1009 995 1010 
573 1007 1006 1010 990 
574 48 1035 1034 915 
575 1035 31 1036 1034 
576 1034 1036 49 624 
577 915 1034 624 47 
578 47 1038 1037 967 
579 1038 624 1039 1037 
580 1037 1039 623 774 
581 967 1037 774 86 
582 86 1041 1040 1001 
583 1041 774 1042 1040 
584 1040 1042 773 992 
585 1001 1040 992 628 
586 992 1045 1043 1044 
587 1045 773 1046 1043 
588 1043 1046 993 1031 
589 1044 1043 1031 991 
590 1053 1054 652 1055 
591 1031 1062 1060 1061 
592 1062 993 1063 1060 
593 1060 1063 1032 1064 
594 1026 1070 1069 1058 
595 1070 1028 1071 1069 
596 1069 1071 606 1072 
597 1058 1069 1072 1029 
598 1073 1074 1050 1075 
599 1054 1073 1075 652 
600 1028 1077 1076 1071 
601 1077 1065 1078 1076 
602 1076 1078 1068 1079 
603 1071 1076 1079 606 
604 1065 1089 1088 1078 
605 1089 1067 1090 1088 
606 1078 1088 1091 1068 
607 1092 1093 1047 1094 
608 1095 1096 1051 1097 
609 1074 1095 1097 1050 
610 1067 1099 1098 1090 
611 1099 1084 1100 1098 
612 1084 1107 1106 1100 
613 1107 1086 1108 1106 
614 1110 1111 1092 1112 
615 1096 1110 1112 1051 
616 1086 1114 1113 1108 
617 1114 1102 1115 1113 
618 1102 1134 1133 1115 
619 1134 1104 1135 1133 
620 1146 1147 1093 1148 
621 1111 1146 1148 1092 
622 1104 1150 1149 1135 
623 1150 1129 1151 1149 
624 1129 1158 1157 1151 
625 1158 1131 1159 1157 
626 1169 1170 1143 1171 
627 1147 1169 1171 1093 
628 1153 1174 1172 1173 
629 1174 1155 1175 1172 
630 1172 1175 1128 1176 
631 1180 1181 1144 1182 
632 1170 1180 1182 1143 
633 1155 1184 1183 1175 
634 1184 1165 1185 1183 
635 1183 1185 1168 1186 
636 1175 1183 1186 1128 
637 1165 1192 1191 1185 
638 1192 1167 1193 1191 
639 1191 1193 602 1194 
640 1185 1191 1194 1168 
641 1219 1222 1203 1223 
642 1220 1219 1223 1204 
643 18 1267 1266 1261 
644 1267 1255 1268 1266 
645 1266 1268 1254 1269 
646 1261 1266 1269 1241 
647 28 600 1346 732 
648 600 29 1347 1346 
649 1346 1347 3 1348 
650 732 1346 1348 30 
651 45 1139 1349 1350 
652 1139 597 1351 1349 
653 1349 1351 600 1352 
654 1350 1349 1352 28 
655 1137 1277 1353 1354 
656 1277 1138 1355 1353 
657 1353 1355 597 1356 
658 1354 1353 1356 1139 
659 1197 1318 1357 1358 
660 1318 1274 1359 1357 
661 1357 1359 1277 1360 
662 1358 1357 1360 1137 
663 1361 1363 1318 1364 
664 1362 1361 1364 1197 
665 1380 1381 1274 1382 
666 1363 1380 1382 1318 
667 1342 1385 1383 1384 
668 1385 1344 1386 1383 
669 1383 1386 1317 1387 
670 1384 1383 1387 1345 
671 1274 1341 1396 1359 
672 1341 1276 1397 1396 
673 1396 1397 1138 1398 
674 1359 1396 1398 1277 
675 1399 1400 1341 1401 
676 1381 1399 1401 1274 
677 1407 1408 1276 1409 
678 1400 1407 1409 1341 
679 1389 1430 1429 1419 
680 1430 1335 1431 1429 
681 1429 1431 1390 1432 
682 1419 1429 1432 1388 
683 1437 1372 1438 1436 
684 1335 1440 1439 1431 
685 1440 1426 1441 1439 
686 1439 1441 1425 1442 
687 1431 1439 1442 1390 
688 1372 1448 1447 1438 
689 1448 1433 1449 1447 
690 1447 1449 1422 1444 
691 1271 1452 1450 1451 
692 1452 1444 1453 1450 
693 1450 1453 1443 1454 
694 1451 1450 1454 1427 
695 1444 1460 1459 1453 
696 1460 1422 1461 1459 
697 1459 1461 1445 1462 
698 1453 1459 1462 1443 
699 1433 1464 1463 1449 
700 1464 1435 1465 1463 
701 1463 1465 8 1456 
702 1449 1463 1456 1422 
703 1422 1467 1466 1461 
704 1467 1456 1468 1466 
705 1466 1468 1455 1469 
706 1461 1466 1469 1445 
707 1456 1471 1470 1468 
708 1471 8 1472 1470 
709 1470 1472 1457 1473 
710 1468 1470 1473 1455 
711 190 1476 1474 1475 
712 1476 166 1477 1474 
713 1474 1477 217 376 
714 1475 1474 376 215 
715 129 1479 1478 171 
716 1479 148 1480 1478 
717 1478 1480 137 152 
718 171 1478 152 82 
719 82 1482 1481 175 
720 1482 152 1483 1481 
721 1481 1483 151 183 
722 175 1481 183 143 
723 143 1485 1484 189 
724 1485 183 1486 1484 
725 166 1488 1487 1477 
726 1488 367 1489 1487 
727 1487 1489 366 1490 
728 1477 1487 1490 217 
729 183 1495 1494 1486 
730 1495 151 1496 1494 
731 182 1499 1497 1498 
732 1499 1492 1500 1497 
733 1497 1500 1491 1501 
734 1498 1497 1501 368 
735 1502 1504 830 1505 
736 1503 1502 1505 364 
737 833 1508 1506 1507 
738 1508 832 1509 1506 
739 1506 1509 836 1510 
740 1507 1506 1510 154 
741 1511 1512 363 1513 
742 372 1511 1513 213 
743 1514 1503 364 1515 
744 1512 1514 1515 363 
745 185 1518 1516 1517 
746 1518 1493 1519 1516 
747 1516 1519 1514 1520 
748 1517 1516 1520 1512 
749 1493 1522 1521 1519 
750 1522 154 1523 1521 
751 1521 1523 1503 1524 
752 1519 1521 1524 1514 
753 844 136 1526 1525 
754 1525 1526 831 1527 
755 1504 1525 1527 830 
756 829 1530 1528 1529 
757 1530 844 1531 1528 
758 1528 1531 1525 1532 
759 1529 1528 1532 1504 
760 136 1534 1533 1526 
761 1534 840 1535 1533 
762 1533 1535 855 1536 
763 1526 1533 1536 831 
764 523 869 1537 1538 
765 869 854 1539 1537 
766 1537 1539 863 1540 
767 1538 1537 1540 856 
768 138 1543 1541 1542 
769 1543 873 1544 1541 
770 1541 1544 884 1545 
771 1542 1541 1545 864 
772 546 883 1546 885 
773 883 519 895 1546 
774 1546 895 547 1547 
775 885 1546 1547 545 
776 850 1549 1548 882 
777 1549 876 1550 1548 
778 1548 1550 879 896 
779 882 1548 896 519 
780 519 1553 1551 1552 
781 1553 896 1554 1551 
782 1551 1554 894 1555 
783 1552 1551 1555 895 
784 896 1557 1556 1554 
785 1557 879 1558 1556 
786 1556 1558 897 1559 
787 1554 1556 1559 894 
788 876 1561 1560 1550 
789 1561 878 1562 1560 
790 1560 1562 521 904 
791 1550 1560 904 879 
792 879 1564 1563 1558 
793 1564 904 1565 1563 
794 1563 1565 903 1566 
795 1558 1563 1566 897 
796 904 1568 1567 1565 
797 1568 521 1569 1567 
798 1567 1569 905 1570 
799 1565 1567 1570 903 
800 878 1572 1571 1562 
801 1572 922 1573 1571 
802 1571 1573 900 926 
803 1562 1571 926 521 
804 521 1575 1574 1569 
805 1575 926 1576 1574 
806 1574 1576 925 1577 
807 1569 1574 1577 905 
808 926 1579 1578 1576 
809 1579 900 1580 1578 
810 1578 1580 927 1581 
811 1576 1578 1581 925 
812 930 1583 1582 942 
813 1583 630 954 1582 
814 1582 954 931 1584 
815 942 1582 1584 929 
816 631 1586 1585 952 
817 1586 518 972 1585 
818 1585 972 632 959 
819 629 1588 1587 963 
820 1588 959 1589 1587 
821 1587 1589 958 1590 
822 963 1587 1590 946 
823 959 1592 1591 1589 
824 1592 632 976 1591 
825 1591 976 793 1593 
826 1589 1591 1593 958 
827 794 1595 1594 978 
828 1595 642 984 1594 
829 1594 984 780 1596 
830 978 1594 1596 792 
831 781 1598 1597 986 
832 1598 644 1599 1597 
833 1597 1599 782 1600 
834 986 1597 1600 779 
835 626 1602 1601 982 
836 1602 777 1003 1601 
837 1601 1003 776 989 
838 982 1601 989 644 
839 644 1604 1603 1599 
840 1604 989 1605 1603 
841 1603 1605 988 1606 
842 1599 1603 1606 782 
843 989 1608 1607 1605 
844 1608 776 1007 1607 
845 1607 1007 990 1609 
846 1605 1607 1609 988 
847 996 1611 1610 1009 
848 1611 778 1612 1610 
849 1610 1612 997 1613 
850 1009 1610 1613 995 
851 628 1615 1614 1005 
852 1615 992 1044 1614 
853 1614 1044 991 1015 
854 1005 1614 1015 778 
855 778 1617 1616 1612 
856 1617 1015 1618 1616 
857 1616 1618 1014 1619 
858 1612 1616 1619 997 
859 1015 1621 1620 1618 
860 1621 991 1622 1620 
861 1620 1622 1016 1623 
862 1618 1620 1623 1014 
863 991 1625 1624 1622 
864 1625 1031 1061 1624 
865 994 1033 1627 1628 
866 1033 651 1629 1627 
867 1627 1629 1012 1630 
868 1628 1627 1630 1011 
869 1016 1626 1631 1632 
870 1626 1030 1633 1631 
871 1631 1633 1033 1634 
872 1632 1631 1634 994 
873 1622 1637 1635 1636 
874 1637 1624 1638 1635 
875 1635 1638 1626 1639 
876 1636 1635 1639 1016 
877 1030 1064 1640 1633 
878 1064 1032 1641 1640 
879 1640 1641 651 1642 
880 1633 1640 1642 1033 
881 1061 1645 1643 1644 
882 1645 1060 1646 1643 
883 1643 1646 1064 1647 
884 1644 1643 1647 1030 
885 651 1059 1648 1629 
886 1059 1029 1649 1648 
887 1648 1649 1053 1650 
888 1629 1648 1650 1012 
889 1056 1653 1651 1652 
890 1653 1058 1654 1651 
891 1651 1654 1029 1655 
892 1652 1651 1655 1059 
893 1068 1091 1656 1657 
894 1091 1025 1658 1656 
895 1656 1658 1074 1659 
896 1657 1656 1659 1073 
897 1088 1662 1660 1661 
898 1662 1090 1663 1660 
899 1660 1663 1025 1664 
900 1661 1660 1664 1091 
901 1025 1101 1665 1658 
902 1101 1087 1666 1665 
903 1665 1666 1095 1667 
904 1658 1665 1667 1074 
905 1090 1669 1668 1663 
906 1669 1098 1670 1668 
907 1668 1670 1101 1671 
908 1663 1668 1671 1025 
909 1098 1673 1672 1670 
910 1673 1100 1674 1672 
911 1672 1674 1087 1675 
912 1670 1672 1675 1101 
913 1087 1109 1676 1666 
914 1109 34 1677 1676 
915 1676 1677 1096 1678 
916 1666 1676 1678 1095 
917 1100 1680 1679 1674 
918 1680 1106 1681 1679 
919 1679 1681 1109 1682 
920 1674 1679 1682 1087 
921 1106 1684 1683 1681 
922 1684 1108 1685 1683 
923 1683 1685 34 1686 
924 1681 1683 1686 1109 
925 34 1116 1687 1677 
926 1116 1105 1688 1687 
927 1687 1688 1110 1689 
928 1677 1687 1689 1096 
929 1108 1691 1690 1685 
930 1691 1113 1692 1690 
931 1690 1692 1116 1693 
932 1685 1690 1693 34 
933 1113 1695 1694 1692 
934 1695 1115 1696 1694 
935 1694 1696 1105 1697 
936 1692 1694 1697 1116 
937 1105 1136 1698 1688 
938 1136 1083 1699 1698 
939 1698 1699 1111 1700 
940 1688 1698 1700 1110 
941 1115 1702 1701 1696 
942 1702 1133 1703 1701 
943 1701 1703 1136 1704 
944 1696 1701 1704 1105 
945 1133 1706 1705 1703 
946 1706 1135 1707 1705 
947 1705 1707 1083 1708 
948 1703 1705 1708 1136 
949 1083 1152 1709 1699 
950 1152 1132 1710 1709 
951 1709 1710 1146 1711 
952 1699 1709 1711 1111 
953 1135 1713 1712 1707 
954 1713 1149 1714 1712 
955 1712 1714 1152 1715 
956 1707 1712 1715 1083 
957 1149 1717 1716 1714 
958 1717 1151 1718 1716 
959 1716 1718 1132 1719 
960 1714 1716 1719 1152 
961 1131 1721 1720 1159 
962 1721 1153 1173 1720 
963 1132 1160 1723 1710 
964 1723 1724 1147 1725 
965 1710 1723 1725 1146 
966 1157 1728 1726 1727 
967 1728 1159 1729 1726 
968 1726 1729 1021 1730 
969 1727 1726 1730 1160 
970 1731 1732 1169 1733 
971 1724 1731 1733 1147 
972 1159 1735 1734 1729 
973 1735 1720 1736 1734 
974 1734 1736 1722 1737 
975 1729 1734 1737 1021 
976 1176 1128 1739 1738 
977 1738 1739 1170 1740 
978 1732 1738 1740 1169 
979 1173 1743 1741 1742 
980 1743 1172 1744 1741 
981 1741 1744 1176 1745 
982 1720 1747 1746 1736 
983 1747 1173 1742 1746 
984 1746 1742 1156 1748 
985 1736 1746 1748 1722 
986 1156 1745 1749 1750 
987 1745 1176 1751 1749 
988 1749 1751 1738 1752 
989 1750 1749 1752 1732 
990 1742 1755 1753 1754 
991 1755 1741 1756 1753 
992 1753 1756 1745 1757 
993 1754 1753 1757 1156 
994 1128 1186 1758 1739 
995 1186 1168 1759 1758 
996 1758 1759 1180 1760 
997 1739 1758 1760 1170 
998 1168 1194 1761 1759 
999 1194 602 1762 1761 
1000 1761 1762 1181 1763 
1001 1759 1761 1763 1180 
1002 1764 1220 1204 1767 
1003 1765 1764 1767 1208 
1004 1187 1770 1768 1769 
1005 1770 1189 1771 1768 
1006 1774 1164 1775 1772 
1007 1772 1775 1220 1776 
1008 1773 1772 1776 1764 
1009 602 1778 1777 1762 
1010 1778 1190 1765 1777 
1011 1777 1765 1208 1779 
1012 1762 1777 1779 1181 
1013 1190 1782 1780 1781 
1014 1782 1766 1773 1780 
1015 1780 1773 1764 1783 
1016 1781 1780 1783 1765 
1017 1189 1785 1784 1771 
1018 1785 1216 1786 1784 
1019 1768 1789 1787 1788 
1020 1789 1771 1790 1787 
1021 1787 1790 1164 1774 
1022 1788 1787 1774 1766 
1023 1766 1793 1791 1792 
1024 1793 1774 1794 1791 
1025 1791 1794 1772 1795 
1026 1792 1791 1795 1773 
1027 1164 1797 1796 1775 
1028 1797 1221 1798 1796 
1029 1796 1798 1219 1799 
1030 1775 1796 1799 1220 
1031 1221 1801 1800 1798 
1032 1800 1802 1222 1803 
1033 1798 1800 1803 1219 
1034 1216 1805 1804 1786 
1035 1805 1218 1806 1804 
1036 1784 1809 1807 1808 
1037 1809 1786 1810 1807 
1038 1807 1810 1205 1801 
1039 1808 1807 1801 1221 
1040 1205 1812 1811 1802 
1041 1812 1229 1813 1811 
1042 1811 1813 1228 1814 
1043 1802 1811 1814 1222 
1044 1801 1817 1815 1816 
1045 1817 1205 1818 1815 
1046 1815 1818 1802 1819 
1047 1816 1815 1819 1800 
1048 1229 1824 1823 1813 
1049 1824 1124 1825 1823 
1050 1823 1825 1230 1826 
1051 1813 1823 1826 1228 
1052 1218 1828 1827 1806 
1053 1828 1232 1829 1827 
1054 1821 1832 1830 1831 
1055 1832 1225 1833 1830 
1056 1830 1833 1244 1834 
1057 1831 1830 1834 1820 
1058 1232 1836 1835 1829 
1059 1836 1234 1837 1835 
1060 1835 1837 1200 1245 
1061 1225 1839 1838 1833 
1062 1839 1245 1840 1838 
1063 1838 1840 1243 1841 
1064 1833 1838 1841 1244 
1065 1245 1846 1845 1840 
1066 1846 1200 1847 1845 
1067 1845 1847 1246 1848 
1068 1840 1845 1848 1243 
1069 1251 1851 1849 1850 
1070 1851 1253 1852 1849 
1071 1849 1852 18 1260 
1072 1850 1849 1260 1240 
1073 1240 1855 1853 1854 
1074 1855 1260 1856 1853 
1075 1853 1856 1258 1857 
1076 1234 1859 1858 1837 
1077 1859 1251 1850 1858 
1078 1858 1850 1240 1843 
1079 1837 1858 1843 1200 
1080 1843 1862 1860 1861 
1081 1862 1240 1854 1860 
1082 1860 1854 1259 1863 
1083 1861 1860 1863 1842 
1084 44 604 1864 735 
1085 604 45 1350 1864 
1086 1864 1350 28 1865 
1087 735 1864 1865 46 
1088 601 1142 1866 1867 
1089 1142 603 1868 1866 
1090 1866 1868 45 1869 
1091 1867 1866 1869 604 
1092 1140 1202 1870 1871 
1093 1202 1141 1872 1870 
1094 1870 1872 603 1873 
1095 1871 1870 1873 1142 
1096 1199 1242 1874 1875 
1097 1242 1201 1876 1874 
1098 1874 1876 1141 1877 
1099 1875 1874 1877 1202 
1100 1239 1262 1878 1879 
1101 1262 1241 1880 1878 
1102 1878 1880 1201 1881 
1103 1879 1878 1881 1242 
1104 1259 1857 1882 1883 
1105 1857 1258 1884 1882 
1106 1882 1884 1262 1885 
1107 1883 1882 1885 1239 
1108 1854 1888 1886 1887 
1109 1888 1853 1889 1886 
1110 1886 1889 1857 1890 
1111 1887 1886 1890 1259 
1112 1260 1892 1891 1856 
1113 1892 18 1893 1891 
1114 1891 1893 1261 1894 
1115 1856 1891 1894 1258 
1116 1255 1896 1895 1268 
1117 1896 1236 1299 1895 
1118 1895 1299 1256 1897 
1119 1268 1895 1897 1254 
1120 603 1198 1898 1868 
1121 1198 1137 1354 1898 
1122 1898 1354 1139 1899 
1123 1868 1898 1899 45 
1124 1141 1238 1900 1872 
1125 1238 1195 1901 1900 
1126 1900 1901 1198 1902 
1127 1872 1900 1902 603 
1128 1235 1285 1903 1904 
1129 1285 1237 1905 1903 
1130 1903 1905 1195 1906 
1131 1904 1903 1906 1238 
1132 1256 1302 1907 1908 
1133 1302 1282 1909 1907 
1134 1907 1909 1285 1910 
1135 1908 1907 1910 1235 
1136 1299 1913 1911 1912 
1137 1913 1298 1914 1911 
1138 1911 1914 1302 1915 
1139 1912 1911 1915 1256 
1140 1298 1920 1919 1914 
1141 1919 1921 1282 1922 
1142 1914 1919 1922 1302 
1143 1265 1925 1923 1924 
1144 1925 1295 1926 1923 
1145 1923 1926 1283 1300 
1146 1924 1923 1300 1236 
1147 1300 1929 1927 1928 
1148 1929 1283 1930 1927 
1149 1927 1930 1301 1920 
1150 1928 1927 1920 1298 
1151 1282 1918 1931 1909 
1152 1931 1932 1237 1933 
1153 1909 1931 1933 1285 
1154 1301 1935 1934 1921 
1155 1935 1916 1936 1934 
1156 1934 1936 1918 1937 
1157 1921 1934 1937 1282 
1158 1920 1940 1938 1939 
1159 1940 1301 1941 1938 
1160 1938 1941 1921 1942 
1161 1939 1938 1942 1919 
1162 1195 1281 1943 1901 
1163 1281 1197 1358 1943 
1164 1943 1358 1137 1944 
1165 1901 1943 1944 1198 
1166 1237 1306 1945 1905 
1167 1945 1946 1281 1947 
1168 1905 1945 1947 1195 
1169 1948 1949 1306 1950 
1170 1932 1948 1950 1237 
1171 1311 1953 1951 1952 
1172 1953 1310 1954 1951 
1173 1951 1954 1314 1955 
1174 1952 1951 1955 1284 
1175 1310 1957 1956 1954 
1176 1957 1313 1958 1956 
1177 1956 1958 1303 1959 
1178 1954 1956 1959 1314 
1179 1960 1961 1278 1962 
1180 1949 1960 1962 1306 
1181 1313 1964 1963 1958 
1182 1964 1323 1965 1963 
1183 1958 1963 1966 1303 
1184 1968 1294 1969 1967 
1185 1279 1971 1970 1325 
1186 1971 1320 1972 1970 
1187 1970 1972 1319 1973 
1188 1325 1970 1973 1305 
1189 1323 1975 1974 1965 
1190 1975 1325 1976 1974 
1191 1974 1976 1305 1977 
1192 1965 1974 1977 1326 
1193 1303 1966 1978 1979 
1194 1966 1326 1980 1978 
1195 1978 1980 1960 1981 
1196 1979 1978 1981 1949 
1197 1963 1984 1982 1983 
1198 1984 1965 1985 1982 
1199 1982 1985 1326 1986 
1200 1983 1982 1986 1966 
1201 1987 1362 1197 1988 
1202 1946 1987 1988 1281 
1203 1319 1991 1989 1990 
1204 1990 1989 1993 1322 
1205 1320 1995 1994 1972 
1206 1995 1120 1996 1994 
1207 1972 1994 1991 1319 
1208 1991 2002 2000 2001 
1209 2000 2003 1992 2004 
1210 2001 2000 2004 1989 
1211 1294 2006 2005 1969 
1212 2006 1327 2007 2005 
1213 2005 2007 1316 1331 
1214 1120 2009 2008 1996 
1215 2009 1331 2010 2008 
1216 1994 2013 2011 2012 
1217 2013 1996 2014 2011 
1218 2011 2014 1321 2002 
1219 2012 2011 2002 1991 
1220 1321 2016 2015 2003 
1221 2016 1998 2017 2015 
1222 2015 2017 1997 2018 
1223 2003 2015 2018 1992 
1224 2002 2021 2019 2020 
1225 2021 1321 2022 2019 
1226 2019 2022 2003 2023 
1227 2020 2019 2023 2000 
1228 1331 2025 2024 2010 
1229 2025 1316 2026 2024 
1230 1330 2029 2027 2028 
1231 2029 1367 2030 2027 
1232 2027 2030 1365 2031 
1233 2028 2027 2031 1366 
1234 2033 1342 1384 2032 
1235 2032 1384 1345 2034 
1236 1367 2036 2035 2030 
1237 2036 1332 2037 2035 
1238 2030 2035 2038 1365 
1239 1327 2040 2039 2007 
1240 2040 1329 2041 2039 
1241 2039 2041 1275 1343 
1242 2007 2039 1343 1316 
1243 1316 2043 2042 2026 
1244 2043 1343 2044 2042 
1245 2042 2044 1342 2033 
1246 1332 2046 2045 2037 
1247 2046 2033 2047 2045 
1248 2045 2047 2032 2048 
1249 2037 2045 2048 1368 
1250 1333 1369 2049 2050 
1251 1369 1315 2051 2049 
1252 2049 2051 1363 2052 
1253 2050 2049 2052 1361 
1254 1365 2038 2053 2054 
1255 2038 1368 2055 2053 
1256 2053 2055 1315 2056 
1257 2054 2053 2056 1369 
1258 2035 2059 2057 2058 
1259 2059 2037 2060 2057 
1260 2057 2060 1368 2061 
1261 2058 2057 2061 2038 
1262 1344 2063 2062 1386 
1263 1386 2062 2064 1317 
1264 2065 2067 1400 2068 
1265 2066 2065 2068 1399 
1266 2071 1402 2072 2069 
1267 2069 2072 1406 2073 
1268 2070 2069 2073 1379 
1269 1317 2064 2074 2075 
1270 2074 2066 1399 2076 
1271 2075 2074 2076 1381 
1272 2062 2079 2077 2078 
1273 2079 1403 2070 2077 
1274 2077 2070 1379 2080 
1275 2078 2077 2080 2064 
1276 1329 2082 2081 2041 
1277 2082 1373 2083 2081 
1278 2081 2083 1339 1377 
1279 2041 2081 1377 1275 
1280 1377 2086 2084 2085 
1281 2086 1339 2087 2084 
1282 2084 2087 1378 1404 
1283 2085 2084 1404 1376 
1284 1376 2090 2088 2089 
1285 2090 1404 2091 2088 
1286 2088 2091 1402 2071 
1287 2089 2088 2071 1403 
1288 1403 2094 2092 2093 
1289 2094 2071 2095 2092 
1290 2092 2095 2069 2096 
1291 2093 2092 2096 2070 
1292 1402 2098 2097 2072 
1293 2098 1405 2099 2097 
1294 2097 2099 1338 2100 
1295 2072 2097 2100 1406 
1296 2101 2102 1407 2103 
1297 2067 2101 2103 1400 
1298 1405 2105 2104 2099 
1299 2105 1410 2106 2104 
1300 2099 2104 2107 1338 
1301 1410 2113 2112 2106 
1302 2113 1412 2114 2112 
1303 2112 2114 1395 2115 
1304 2106 2112 2115 1413 
1305 1338 2107 2116 2117 
1306 2107 1413 2118 2116 
1307 2116 2118 2101 2119 
1308 2117 2116 2119 2067 
1309 2104 2122 2120 2121 
1310 2122 2106 2123 2120 
1311 2120 2123 1413 2124 
1312 2121 2120 2124 2107 
1313 597 1273 2125 1351 
1314 1273 599 2126 2125 
1315 2125 2126 29 2127 
1316 1351 2125 2127 600 
1317 1138 1337 2128 1355 
1318 1337 1270 2129 2128 
1319 2128 2129 1273 2130 
1320 1355 2128 2130 597 
1321 1276 1391 2131 1397 
1322 1391 1334 2132 2131 
1323 2131 2132 1337 2133 
1324 1397 2131 2133 1138 
1325 2134 2135 1391 2136 
1326 1408 2134 2136 1276 
1327 1394 2138 2137 2110 
1328 2138 1417 2139 2137 
1329 2137 2139 1420 2140 
1330 2110 2137 2140 1340 
1331 2141 2142 1408 2143 
1332 2102 2141 2143 1407 
1333 2108 2146 2144 2145 
1334 2146 2110 2147 2144 
1335 2144 2147 1340 2148 
1336 2145 2144 2148 2111 
1337 1340 2140 2149 2142 
1338 2140 1420 2150 2149 
1339 2149 2150 2134 2151 
1340 2142 2149 2151 1408 
1341 1388 1432 2152 2135 
1342 1432 1390 2153 2152 
1343 2152 2153 1334 2154 
1344 2135 2152 2154 1391 
1345 1420 2156 2155 2150 
1346 2156 1388 2157 2155 
1347 2155 2157 2135 2158 
1348 2150 2155 2158 2134 
1349 1334 1428 2159 2132 
1350 1428 1336 2160 2159 
1351 2159 2160 1270 2161 
1352 2132 2159 2161 1337 
1353 1425 2164 2162 2163 
1354 2164 1427 2165 2162 
1355 2162 2165 1336 2166 
1356 2163 2162 2166 1428 
1357 1270 1424 2167 2129 
1358 1424 1272 2168 2167 
1359 2167 2168 599 2169 
1360 2129 2167 2169 1273 
1361 1336 1446 2170 2160 
1362 1446 1421 2171 2170 
1363 2170 2171 1424 2172 
1364 2160 2170 2172 1270 
1365 1427 1454 2173 2165 
1366 1454 1443 2174 2173 
1367 2173 2174 1446 2175 
1368 2165 2173 2175 1336 
1369 1443 1462 2176 2174 
1370 1462 1445 2177 2176 
1371 2176 2177 1421 2178 
1372 2174 2176 2178 1446 
1373 1421 1458 2179 2171 
1374 1458 1423 2180 2179 
1375 2179 2180 1272 2181 
1376 2171 2179 2181 1424 
1377 1445 1469 2182 2177 
1378 1469 1455 2183 2182 
1379 2182 2183 1458 2184 
1380 2177 2182 2184 1421 
1381 1 2187 2185 2186 
1382 2187 12 111 2185 
1383 2185 111 10 62 
1384 2186 2185 62 11 
1385 16 2189 2188 909 
1386 2189 2 2190 2188 
1387 2188 2190 17 618 
1388 909 2188 618 15 
1389 20 94 2191 2192 
1390 94 19 553 2191 
1391 2191 553 22 2193 
1392 2192 2191 2193 4 
1393 10 2196 2194 2195 
1394 2196 25 115 2194 
1395 2194 115 23 66 
1396 2195 2194 66 24 
1397 32 2198 2197 912 
1398 2198 15 2199 2197 
1399 2197 2199 33 621 
1400 912 2197 621 31 
1401 36 97 2200 2201 
1402 97 35 557 2200 
1403 2200 557 38 2202 
1404 2201 2200 2202 19 
1405 23 2205 2203 2204 
1406 2205 41 119 2203 
1407 2203 119 39 70 
1408 2204 2203 70 40 
1409 52 100 2206 2207 
1410 100 51 561 2206 
1411 2206 561 54 2208 
1412 2207 2206 2208 35 
1413 70 2211 2209 2210 
1414 2211 39 123 2209 
1415 2209 123 56 193 
1416 2210 2209 193 68 
1417 72 608 2212 738 
1418 608 73 2213 2212 
1419 2212 2213 44 2214 
1420 738 2212 2214 74 
1421 98 314 2215 2216 
1422 314 76 679 2215 
1423 2215 679 51 2217 
1424 2216 2215 2217 100 
1425 102 317 2218 2219 
1426 317 101 682 2218 
1427 2218 682 104 2220 
1428 2219 2218 2220 76 
1429 148 2222 2221 1480 
1430 2222 150 2223 2221 
1431 2221 2223 88 824 
1432 1480 2221 824 137 
1433 152 2225 2224 1483 
1434 2225 137 2226 2224 
1435 2224 2226 153 827 
1436 1483 2224 827 151 
1437 2227 685 158 2229 
1438 2228 2227 2229 101 
1439 186 2231 2230 222 
1440 2231 189 2232 2230 
1441 2230 2232 166 1476 
1442 222 2230 1476 190 
1443 144 226 2233 2234 
1444 226 167 371 2233 
1445 2233 371 211 2235 
1446 2234 2233 2235 212 
1447 163 223 2236 356 
1448 223 190 1475 2236 
1449 2236 1475 215 381 
1450 356 2236 381 216 
1451 224 357 2237 2238 
1452 357 216 380 2237 
1453 2237 380 167 2239 
1454 2238 2237 2239 226 
1455 225 385 2240 2241 
1456 385 224 2238 2240 
1457 2240 2238 226 2242 
1458 2241 2240 2242 144 
1459 235 2244 2243 266 
1460 2244 234 248 2243 
1461 2243 248 237 2245 
1462 266 2243 2245 203 
1463 206 246 2246 2247 
1464 246 144 2234 2246 
1465 2246 2234 212 2248 
1466 2247 2246 2248 241 
1467 203 2245 2249 2250 
1468 2245 237 387 2249 
1469 2249 387 244 2251 
1470 2250 2249 2251 245 
1471 244 388 2252 2253 
1472 388 225 2241 2252 
1473 2252 2241 144 2254 
1474 2253 2252 2254 246 
1475 245 2251 2255 2256 
1476 2251 244 2253 2255 
1477 2255 2253 246 2257 
1478 2256 2255 2257 206 
1479 252 280 2258 298 
1480 280 204 261 2258 
1481 2258 261 105 2259 
1482 298 2258 2259 255 
1483 259 267 2260 2261 
1484 267 203 2250 2260 
1485 2260 2250 245 2262 
1486 2261 2260 2262 260 
1487 105 262 2263 2264 
1488 262 206 2247 2263 
1489 2263 2247 241 2265 
1490 2264 2263 2265 242 
1491 260 2262 2266 2267 
1492 2262 245 2256 2266 
1493 2266 2256 206 2268 
1494 2267 2266 2268 262 
1495 268 2271 2269 2270 
1496 2271 127 272 2269 
1497 2269 272 79 283 
1498 2270 2269 283 197 
1499 283 2274 2272 2273 
1500 2274 79 306 2272 
1501 2272 306 200 334 
1502 2273 2272 334 281 
1503 290 2276 2275 330 
1504 2276 289 301 2275 
1505 2275 301 292 2277 
1506 330 2275 2277 253 
1507 255 2259 2278 2279 
1508 2259 105 2264 2278 
1509 2278 2264 242 2280 
1510 2279 2278 2280 293 
1511 293 2280 2281 2282 
1512 2280 242 2283 2281 
1513 2281 2283 160 440 
1514 2282 2281 440 295 
1515 294 2285 2284 419 
1516 2285 293 2282 2284 
1517 2284 2282 295 426 
1518 419 2284 426 238 
1519 315 407 2286 2287 
1520 2286 2228 101 2288 
1521 2287 2286 2288 317 
1522 106 346 2289 2290 
1523 346 288 2291 2289 
1524 2289 2291 321 666 
1525 2290 2289 666 322 
1526 288 326 2292 2291 
1527 326 202 2293 2292 
1528 2292 2293 294 418 
1529 2291 2292 418 321 
1530 367 2295 2294 1489 
1531 2295 182 1498 2294 
1532 2294 1498 368 2296 
1533 1489 2294 2296 366 
1534 217 1490 2297 377 
1535 1490 366 2298 2297 
1536 2297 2298 369 2299 
1537 377 2297 2299 108 
1538 83 396 2300 2301 
1539 396 240 444 2300 
1540 2300 444 389 2302 
1541 2301 2300 2302 390 
1542 395 428 2303 2304 
1543 428 397 448 2303 
1544 2303 448 399 2305 
1545 2304 2303 2305 240 
1546 320 411 2306 2307 
1547 411 83 2301 2306 
1548 2306 2301 390 2308 
1549 2307 2306 2308 405 
1550 391 461 2309 2310 
1551 461 433 688 2309 
1552 2309 688 435 2311 
1553 2310 2309 2311 155 
1554 398 2313 2312 449 
1555 2313 436 463 2312 
1556 2312 463 438 2314 
1557 449 2312 2314 109 
1558 456 2316 2315 475 
1559 2316 457 2317 2315 
1560 2315 2317 59 491 
1561 475 2315 491 458 
1562 438 466 2318 2319 
1563 466 162 478 2318 
1564 2318 478 460 2320 
1565 2319 2318 2320 459 
1566 467 515 2321 676 
1567 515 468 710 2321 
1568 2321 710 176 702 
1569 676 2321 702 469 
1570 457 2323 2322 2317 
1571 2323 494 2324 2322 
1572 2322 2324 487 497 
1573 2317 2322 497 59 
1574 134 588 2325 570 
1575 588 500 744 2325 
1576 2325 744 503 2326 
1577 570 2325 2326 77 
1578 508 544 2327 711 
1579 544 510 577 2327 
1580 2327 577 177 718 
1581 711 2327 718 511 
1582 522 865 2328 2329 
1583 865 524 2330 2328 
1584 2328 2330 91 542 
1585 2329 2328 542 509 
1586 180 857 2331 527 
1587 857 522 2329 2331 
1588 2331 2329 509 529 
1589 527 2331 529 139 
1590 537 596 2332 578 
1591 596 539 2333 2332 
1592 2332 2333 504 728 
1593 578 2332 728 540 
1594 545 1547 2334 2335 
1595 1547 547 2336 2334 
1596 2334 2336 505 594 
1597 2335 2334 594 538 
1598 524 886 2337 2330 
1599 886 545 2335 2337 
1600 2337 2335 538 549 
1601 2330 2337 549 91 
1602 2338 2339 585 2340 
1603 2341 634 587 2342 
1604 2339 2341 2342 585 
1605 585 2342 2343 2344 
1606 2342 587 748 2343 
1607 2343 748 500 2345 
1608 2344 2343 2345 588 
1609 2340 585 2344 2346 
1610 2346 2344 588 2347 
1611 725 2346 2347 134 
1612 73 1049 2348 2213 
1613 1049 601 1867 2348 
1614 2348 1867 604 2349 
1615 2213 2348 2349 44 
1616 131 653 2350 752 
1617 653 605 2351 2350 
1618 2350 2351 608 2352 
1619 752 2350 2352 72 
1620 609 657 2353 755 
1621 657 611 2354 2353 
1622 2353 2354 131 2355 
1623 755 2353 2355 612 
1624 613 2357 2358 749 
1625 2357 615 758 2358 
1626 2358 758 502 2359 
1627 749 2358 2359 616 
1628 15 2361 2360 2199 
1629 2361 618 2362 2360 
1630 2360 2362 617 1118 
1631 2199 2360 1118 33 
1632 618 2364 2363 2362 
1633 2364 17 2365 2363 
1634 2363 2365 619 1287 
1635 2362 2363 1287 617 
1636 31 2367 2366 1036 
1637 2367 621 2368 2366 
1638 2366 2368 620 1019 
1639 1036 2366 1019 49 
1640 621 2370 2369 2368 
1641 2370 33 2371 2369 
1642 2369 2371 622 1122 
1643 2368 2369 1122 620 
1644 624 2373 2372 1039 
1645 2373 49 2374 2372 
1646 2372 2374 625 1023 
1647 1039 2372 1023 623 
1648 611 1013 2375 2354 
1649 1013 650 2376 2375 
1650 2375 2376 653 2377 
1651 2354 2375 2377 131 
1652 2378 2379 656 2380 
1653 640 805 2381 767 
1654 805 654 2382 2381 
1655 2381 2382 657 2383 
1656 767 2381 2383 609 
1657 659 2385 2384 786 
1658 2385 610 2386 2384 
1659 2384 2386 660 807 
1660 786 2384 807 658 
1661 435 689 2387 2388 
1662 689 157 691 2387 
1663 2387 691 671 2389 
1664 2388 2387 2389 684 
1665 774 2391 2390 1042 
1666 2391 623 2392 2390 
1667 2390 2392 775 1027 
1668 1042 2390 1027 773 
1669 779 1600 2393 2394 
1670 1600 782 2395 2393 
1671 2393 2395 610 2385 
1672 2394 2393 2385 659 
1673 780 987 2396 2397 
1674 987 779 2394 2396 
1675 2396 2394 659 785 
1676 2397 2396 785 639 
1677 783 2399 2398 801 
1678 2399 786 2400 2398 
1679 2398 2400 658 811 
1680 801 2398 811 770 
1681 792 1596 2401 2402 
1682 1596 780 2397 2401 
1683 2401 2397 639 797 
1684 2402 2401 797 647 
1685 793 979 2403 2404 
1686 979 792 2402 2403 
1687 2403 2402 647 2405 
1688 2404 2403 2405 87 
1689 137 2407 2406 2226 
1690 2407 824 2408 2406 
1691 2406 2408 823 838 
1692 2226 2406 838 153 
1693 824 2410 2409 2408 
1694 2410 88 2411 2409 
1695 2409 2411 825 852 
1696 2408 2409 852 823 
1697 151 2413 2412 1496 
1698 2413 827 2414 2412 
1699 2412 2414 826 834 
1700 827 2416 2415 2414 
1701 2416 153 2417 2415 
1702 2415 2417 828 842 
1703 2414 2415 842 826 
1704 828 2419 2418 843 
1705 2419 837 859 2418 
1706 2418 859 840 1534 
1707 843 2418 1534 136 
1708 150 2421 2420 2223 
1709 2421 845 2422 2420 
1710 2420 2422 520 849 
1711 2223 2420 849 88 
1712 88 2424 2423 2411 
1713 2424 849 2425 2423 
1714 2423 2425 848 871 
1715 2411 2423 871 825 
1716 849 2427 2426 2425 
1717 2427 520 2428 2426 
1718 2426 2428 850 881 
1719 2425 2426 881 848 
1720 840 862 2429 1535 
1721 862 523 1538 2429 
1722 2429 1538 856 2430 
1723 1535 2429 2430 855 
1724 854 2432 2431 1539 
1725 2432 138 1542 2431 
1726 2431 1542 864 2433 
1727 1539 2431 2433 863 
1728 853 2436 2434 2435 
1729 2436 870 888 2434 
1730 2434 888 873 1543 
1731 2435 2434 1543 138 
1732 845 2438 2437 2422 
1733 2438 847 2439 2437 
1734 2437 2439 90 877 
1735 2422 2437 877 520 
1736 520 2441 2440 2428 
1737 2441 877 2442 2440 
1738 2440 2442 876 1549 
1739 2428 2440 1549 850 
1740 877 2444 2443 2442 
1741 2444 90 2445 2443 
1742 2443 2445 878 1561 
1743 2442 2443 1561 876 
1744 873 891 2446 1544 
1745 891 546 2447 2446 
1746 2446 2447 885 2448 
1747 1544 2446 2448 884 
1748 547 898 2449 2336 
1749 898 892 2450 2449 
1750 2449 2450 590 2451 
1751 2336 2449 2451 505 
1752 847 2453 2452 2439 
1753 2453 919 2454 2452 
1754 2452 2454 875 923 
1755 2439 2452 923 90 
1756 90 2456 2455 2445 
1757 2456 923 2457 2455 
1758 2455 2457 922 1572 
1759 2445 2455 1572 878 
1760 922 2459 2458 1573 
1761 2459 924 2460 2458 
1762 2458 2460 874 934 
1763 1573 2458 934 900 
1764 924 2462 2461 2460 
1765 2462 937 2463 2461 
1766 2461 2463 930 941 
1767 2460 2461 941 874 
1768 958 1593 2464 2465 
1769 1593 793 2404 2464 
1770 2464 2404 87 2466 
1771 2465 2464 2466 960 
1772 946 1590 2467 2468 
1773 1590 958 2465 2467 
1774 2467 2465 960 2469 
1775 2468 2467 2469 614 
1776 782 1606 2470 2395 
1777 1606 988 2471 2470 
1778 2470 2471 803 2472 
1779 2395 2470 2472 610 
1780 2473 1628 1011 2474 
1781 2379 2473 2474 656 
1782 1014 1623 2475 2476 
1783 1623 1016 1632 2475 
1784 2475 1632 994 2477 
1785 2476 2475 2477 1017 
1786 997 1619 2478 2479 
1787 1619 1014 2476 2478 
1788 2478 2476 1017 2480 
1789 2479 2478 2480 50 
1790 49 2482 2481 2374 
1791 2482 1019 2483 2481 
1792 2481 2483 1018 1081 
1793 2374 2481 1081 625 
1794 1019 2485 2484 2483 
1795 2485 620 2486 2484 
1796 2484 2486 1020 1126 
1797 2483 2484 1126 1018 
1798 623 2488 2487 2392 
1799 2488 1023 2489 2487 
1800 2487 2489 1022 1066 
1801 2392 2487 1066 775 
1802 1023 2491 2490 2489 
1803 2491 625 2492 2490 
1804 2490 2492 1024 1085 
1805 2489 2490 1085 1022 
1806 773 2494 2493 1046 
1807 2494 1027 2495 2493 
1808 2493 2495 1026 1057 
1809 1046 2493 1057 993 
1810 1027 2497 2496 2495 
1811 2497 775 2498 2496 
1812 2496 2498 1028 1070 
1813 2495 2496 1070 1026 
1814 1029 1072 2499 1649 
1815 1072 606 2500 2499 
1816 2499 2500 1054 2501 
1817 1649 2499 2501 1053 
1818 1032 2503 2502 1641 
1819 2503 1056 1652 2502 
1820 2502 1652 1059 2504 
1821 1641 2502 2504 651 
1822 775 2506 2505 2498 
1823 2506 1066 2507 2505 
1824 2505 2507 1065 1077 
1825 2498 2505 1077 1028 
1826 1066 2509 2508 2507 
1827 2509 1022 2510 2508 
1828 2508 2510 1067 1089 
1829 2507 2508 1089 1065 
1830 606 1079 2511 2500 
1831 1079 1068 1657 2511 
1832 2511 1657 1073 2512 
1833 2500 2511 2512 1054 
1834 625 2514 2513 2492 
1835 2514 1081 2515 2513 
1836 2513 2515 1080 1103 
1837 2492 2513 1103 1024 
1838 1081 2517 2516 2515 
1839 2517 1018 2518 2516 
1840 2516 2518 1082 1130 
1841 2515 2516 1130 1080 
1842 1022 2520 2519 2510 
1843 2520 1085 2521 2519 
1844 2519 2521 1084 1099 
1845 2510 2519 1099 1067 
1846 1085 2523 2522 2521 
1847 2523 1024 2524 2522 
1848 2522 2524 1086 1107 
1849 2521 2522 1107 1084 
1850 1024 2526 2525 2524 
1851 2526 1103 2527 2525 
1852 2525 2527 1102 1114 
1853 2524 2525 1114 1086 
1854 1103 2529 2528 2527 
1855 2529 1080 2530 2528 
1856 2528 2530 1104 1134 
1857 2527 2528 1134 1102 
1858 33 2532 2531 2371 
1859 2532 1118 2533 2531 
1860 2531 2533 1117 1211 
1861 2371 2531 1211 622 
1862 1118 2535 2534 2533 
1863 2535 617 2536 2534 
1864 2534 2536 1119 1290 
1865 2533 2534 1290 1117 
1866 620 2538 2537 2486 
1867 2538 1122 2539 2537 
1868 2537 2539 1121 1162 
1869 2486 2537 1162 1020 
1870 1122 2541 2540 2539 
1871 2541 622 2542 2540 
1872 2540 2542 1123 1214 
1873 2539 2540 1214 1121 
1874 1018 2544 2543 2518 
1875 2544 1126 2545 2543 
1876 2543 2545 1125 1154 
1877 2518 2543 1154 1082 
1878 1126 2547 2546 2545 
1879 2547 1020 2548 2546 
1880 2546 2548 1127 1166 
1881 2545 2546 1166 1125 
1882 1080 2550 2549 2530 
1883 2550 1130 2551 2549 
1884 2549 2551 1129 1150 
1885 2530 2549 1150 1104 
1886 1130 2553 2552 2551 
1887 2553 1082 2554 2552 
1888 2552 2554 1131 1158 
1889 2551 2552 1158 1129 
1890 1048 1179 2555 2556 
1891 1179 1140 1871 2555 
1892 2555 1871 1142 2557 
1893 2556 2555 2557 601 
1894 1082 2559 2558 2554 
1895 2559 1154 2560 2558 
1896 2558 2560 1153 1721 
1897 2554 2558 1721 1131 
1898 1154 2562 2561 2560 
1899 2562 1125 2563 2561 
1900 2561 2563 1155 1174 
1901 2560 2561 1174 1153 
1902 1151 2565 2564 1718 
1903 2565 1157 1727 2564 
1904 2564 1727 1160 2566 
1905 1718 2564 2566 1132 
1906 1020 2568 2567 2548 
1907 2568 1162 2569 2567 
1908 2567 2569 1161 1188 
1909 2548 2567 1188 1127 
1910 1162 2571 2570 2569 
1911 2571 1121 2572 2570 
1912 2570 2572 1163 1217 
1913 2569 2570 1217 1161 
1914 1125 2574 2573 2563 
1915 2574 1166 2575 2573 
1916 2573 2575 1165 1184 
1917 2563 2573 1184 1155 
1918 1166 2577 2576 2575 
1919 2577 1127 2578 2576 
1920 2576 2578 1167 1192 
1921 2575 2576 1192 1165 
1922 1167 2580 2579 1193 
1923 2580 1187 1769 2579 
1924 2579 1769 1190 1778 
1925 1193 2579 1778 602 
1926 1178 1227 2581 2582 
1927 1227 1199 1875 2581 
1928 2581 1875 1202 2583 
1929 2582 2581 2583 1140 
1930 622 2585 2584 2542 
1931 2585 1211 2586 2584 
1932 2584 2586 1210 1249 
1933 2542 2584 1249 1123 
1934 1211 2588 2587 2586 
1935 2588 1117 2589 2587 
1936 2587 2589 1212 1293 
1937 2586 2587 1293 1210 
1938 1121 2591 2590 2572 
1939 2591 1214 2592 2590 
1940 2590 2592 1213 1233 
1941 2572 2590 1233 1163 
1942 1214 2594 2593 2592 
1943 2594 1123 2595 2593 
1944 2593 2595 1215 1252 
1945 2592 2593 1252 1213 
1946 1201 1257 2596 1876 
1947 1257 1235 1904 2596 
1948 2596 1904 1238 2597 
1949 1876 2596 2597 1141 
1950 1226 1844 2598 2599 
1951 1844 1239 1879 2598 
1952 2598 1879 1242 2600 
1953 2599 2598 2600 1199 
1954 1123 2602 2601 2595 
1955 2602 1249 2603 2601 
1956 2601 2603 1248 1264 
1957 2595 2601 1264 1215 
1958 1249 2605 2604 2603 
1959 2605 1210 2606 2604 
1960 2604 2606 1250 1296 
1961 2603 2604 1296 1248 
1962 1254 1897 2607 2608 
1963 1897 1256 1908 2607 
1964 2607 1908 1235 2609 
1965 2608 2607 2609 1257 
1966 1241 1269 2610 1880 
1967 1269 1254 2608 2610 
1968 2610 2608 1257 2611 
1969 1880 2610 2611 1201 
1970 1258 1894 2612 1884 
1971 1894 1261 2613 2612 
1972 2612 2613 1241 2614 
1973 1884 2612 2614 1262 
1974 1263 2617 2615 2616 
1975 2617 1265 1924 2615 
1976 2615 1924 1236 1896 
1977 2616 2615 1896 1255 
1978 1253 2619 2618 1852 
1979 2619 1263 2616 2618 
1980 2618 2616 1255 1267 
1981 1852 2618 1267 18 
1982 617 2621 2620 2536 
1983 2621 1287 2622 2620 
1984 2620 2622 1286 1371 
1985 2536 2620 1371 1119 
1986 1287 2624 2623 2622 
1987 2624 619 2625 2623 
1988 2623 2625 1288 1434 
1989 2622 2623 1434 1286 
1990 1117 2627 2626 2589 
1991 2627 1290 2628 2626 
1992 2626 2628 1289 1328 
1993 2589 2626 1328 1212 
1994 1290 2630 2629 2628 
1995 2630 1119 2631 2629 
1996 2629 2631 1291 1374 
1997 2628 2629 1374 1289 
1998 1210 2633 2632 2606 
1999 2633 1293 2634 2632 
2000 2632 2634 1292 1308 
2001 2606 2632 1308 1250 
2002 1293 2636 2635 2634 
2003 2636 1212 2637 2635 
2004 2635 2637 1294 1968 
2005 2634 2635 1968 1292 
2006 1295 2639 2638 1926 
2007 2639 1297 2640 2638 
2008 2638 2640 1196 1917 
2009 1926 2638 1917 1283 
2010 1236 2643 2641 2642 
2011 2643 1300 1928 2641 
2012 2641 1928 1298 1913 
2013 2642 2641 1913 1299 
2014 1297 2645 2644 2640 
2015 2645 1307 2646 2644 
2016 2644 2646 1304 1312 
2017 2640 2644 1312 1196 
2018 1305 1973 2647 1961 
2019 1973 1319 1990 2647 
2020 2647 1990 1322 2648 
2021 1961 2647 2648 1278 
2022 1212 2650 2649 2637 
2023 2650 1328 2651 2649 
2024 2649 2651 1327 2006 
2025 2637 2649 2006 1294 
2026 1328 2653 2652 2651 
2027 2653 1289 2654 2652 
2028 2652 2654 1329 2040 
2029 2651 2652 2040 1327 
2030 1343 2656 2655 2044 
2031 2656 1275 2657 2655 
2032 2655 2657 1344 1385 
2033 2044 2655 1385 1342 
2034 1280 1999 2658 2659 
2035 1999 1333 2050 2658 
2036 2658 2050 1361 2660 
2037 2659 2658 2660 1362 
2038 1366 2031 2661 2662 
2039 2031 1365 2054 2661 
2040 2661 2054 1369 2663 
2041 2662 2661 2663 1333 
2042 1119 2665 2664 2631 
2043 2665 1371 2666 2664 
2044 2664 2666 1370 1415 
2045 2631 2664 1415 1291 
2046 1371 2668 2667 2666 
2047 2668 1286 2669 2667 
2048 2667 2669 1372 1437 
2049 2666 2667 1437 1370 
2050 1289 2671 2670 2654 
2051 2671 1374 2672 2670 
2052 2670 2672 1373 2082 
2053 2654 2670 2082 1329 
2054 1373 2674 2673 2083 
2055 2674 1375 2675 2673 
2056 2673 2675 598 1393 
2057 2083 2673 1393 1339 
2058 1275 2677 2676 2657 
2059 2677 1377 2085 2676 
2060 2676 2085 1376 2063 
2061 2657 2676 2063 1344 
2062 1315 2034 2678 2051 
2063 2034 1345 2679 2678 
2064 2678 2679 1380 2680 
2065 2051 2678 2680 1363 
2066 1345 1387 2681 2679 
2067 1387 1317 2075 2681 
2068 2681 2075 1381 2682 
2069 2679 2681 2682 1380 
2070 1339 2684 2683 2087 
2071 2684 1393 2685 2683 
2072 2683 2685 1392 1411 
2073 2087 2683 1411 1378 
2074 1393 2687 2686 2685 
2075 2687 598 2688 2686 
2076 2686 2688 1394 2109 
2077 2685 2686 2109 1392 
2078 1404 2690 2689 2091 
2079 2690 1378 2691 2689 
2080 2689 2691 1405 2098 
2081 2091 2689 2098 1402 
2082 1378 2693 2692 2691 
2083 2693 1411 2694 2692 
2084 2692 2694 1410 2105 
2085 2691 2692 2105 1405 
2086 1411 2696 2695 2694 
2087 2696 1392 2697 2695 
2088 2695 2697 1412 2113 
2089 2694 2695 2113 1410 
2090 1375 2699 2698 2675 
2091 2699 1414 2700 2698 
2092 2698 2700 1389 1418 
2093 2675 2698 1418 598 
2094 598 2702 2701 2688 
2095 2702 1418 2703 2701 
2096 2701 2703 1417 2138 
2097 2688 2701 2138 1394 
2098 1417 2705 2704 2139 
2099 2705 1419 2706 2704 
2100 2704 2706 1388 2156 
2101 2139 2704 2156 1420 
2102 1426 2708 2707 1441 
2103 2708 1271 1451 2707 
2104 2707 1451 1427 2164 
2105 1441 2707 2164 1425 
2106 1390 1442 2709 2153 
2107 1442 1425 2163 2709 
2108 2709 2163 1428 2710 
2109 2153 2709 2710 1334 
2110 1286 2712 2711 2669 
2111 2712 1434 2713 2711 
2112 2711 2713 1433 1448 
2113 2669 2711 1448 1372 
2114 1434 2715 2714 2713 
2115 2715 1288 2716 2714 
2116 2714 2716 1435 1464 
2117 2713 2714 1464 1433 
2118 1455 1473 2717 2183 
2119 1473 1457 2718 2717 
2120 2717 2718 1423 2719 
2121 2183 2717 2719 1458 
2122 189 2721 2720 2232 
2123 2721 1484 2722 2720 
2124 2720 2722 367 1488 
2125 2232 2720 1488 166 
2126 1491 2725 2723 2724 
2127 2725 833 1507 2723 
2128 2723 1507 154 1522 
2129 2724 2723 1522 1493 
2130 368 1501 2726 2727 
2131 1501 1491 2724 2726 
2132 2726 2724 1493 1518 
2133 2727 2726 1518 185 
2134 154 1510 2728 1523 
2135 1510 836 2729 2728 
2136 2728 2729 1502 2730 
2137 1523 2728 2730 1503 
2138 836 2732 2731 2729 
2139 2732 829 1529 2731 
2140 2731 1529 1504 2733 
2141 2729 2731 2733 1502 
2142 1624 2735 2734 1638 
2143 2735 1061 1644 2734 
2144 2734 1644 1030 2736 
2145 1638 2734 2736 1626 
2146 1722 1748 2737 2738 
2147 1748 1156 1750 2737 
2148 2737 1750 1732 2739 
2149 2738 2737 2739 1731 
2150 1769 2742 2740 2741 
2151 2742 1768 1788 2740 
2152 2740 1788 1766 1782 
2153 2741 2740 1782 1190 
2154 1771 2744 2743 1790 
2155 2744 1784 1808 2743 
2156 2743 1808 1221 1797 
2157 1790 2743 1797 1164 
2158 1786 2746 2745 1810 
2159 2746 1804 2747 2745 
2160 2745 2747 1229 1812 
2161 1810 2745 1812 1205 
2162 1124 2749 2748 1825 
2163 2749 1821 1831 2748 
2164 2748 1831 1820 2750 
2165 1825 2748 2750 1230 
2166 1200 2752 2751 1847 
2167 2752 1843 1861 2751 
2168 2751 1861 1842 2753 
2169 1847 2751 2753 1246 
2170 1842 1863 2754 2755 
2171 1863 1259 1883 2754 
2172 2754 1883 1239 2756 
2173 2755 2754 2756 1844 
2174 1246 2753 2757 2758 
2175 2753 1842 2755 2757 
2176 2757 2755 1844 2759 
2177 2758 2757 2759 1226 
2178 1283 2761 2760 1930 
2179 2761 1917 2762 2760 
2180 2760 2762 1916 1935 
2181 1930 2760 1935 1301 
2182 1916 2764 2763 1936 
2183 2764 1311 1952 2763 
2184 2763 1952 1284 2765 
2185 1936 2763 2765 1918 
2186 1314 1959 2766 2767 
2187 1959 1303 1979 2766 
2188 2766 1979 1949 2768 
2189 2767 2766 2768 1948 
2190 1326 1977 2769 1980 
2191 1977 1305 2770 2769 
2192 2769 2770 1961 2771 
2193 1980 2769 2771 1960 
2194 1322 1993 2772 2773 
2195 1993 1280 2659 2772 
2196 2772 2659 1362 2774 
2197 2773 2772 2774 1987 
2198 1998 2776 2775 2017 
2199 2776 1330 2028 2775 
2200 2775 2028 1366 2777 
2201 2017 2775 2777 1997 
2202 1997 2777 2778 2779 
2203 2777 1366 2662 2778 
2204 2778 2662 1333 2780 
2205 2779 2778 2780 1999 
2206 1992 2018 2781 2782 
2207 2018 1997 2779 2781 
2208 2781 2779 1999 2783 
2209 2782 2781 2783 1280 
2210 1996 2785 2784 2014 
2211 2785 2008 2786 2784 
2212 2784 2786 1998 2016 
2213 2014 2784 2016 1321 
2214 1368 2048 2787 2055 
2215 2048 2032 2788 2787 
2216 2787 2788 2034 2789 
2217 2055 2787 2789 1315 
2218 2063 2792 2790 2791 
2219 2792 1376 2089 2790 
2220 2790 2089 1403 2079 
2221 2791 2790 2079 2062 
2222 1406 2100 2793 2794 
2223 2100 1338 2117 2793 
2224 2793 2117 2067 2795 
2225 2794 2793 2795 2065 
2226 1413 2115 2796 2118 
2227 2115 1395 2797 2796 
2228 2796 2797 2102 2798 
2229 2118 2796 2798 2101 
2230 1412 2800 2799 2114 
2231 2800 2108 2145 2799 
2232 2799 2145 2111 2801 
2233 2114 2799 2801 1395 
2234 1395 2801 2802 2797 
2235 2801 2111 2803 2802 
2236 2802 2803 2141 2804 
2237 2797 2802 2804 2102 
2238 2111 2148 2805 2803 
2239 2148 1340 2806 2805 
2240 2805 2806 2142 2807 
2241 2803 2805 2807 2141 
2242 242 2265 2808 2283 
2243 2265 241 2809 2808 
2244 2808 2809 243 2810 
2245 2283 2808 2810 160 
2246 202 299 2811 2293 
2247 299 255 2279 2811 
2248 2811 2279 293 2285 
2249 2293 2811 2285 294 
2250 366 2296 2812 2298 
2251 2296 368 2727 2812 
2252 2812 2727 185 2813 
2253 2298 2812 2813 369 
2254 389 446 2814 2815 
2255 446 391 2310 2814 
2256 2814 2310 155 2816 
2257 2815 2814 2816 392 
2258 390 2302 2817 2818 
2259 2302 389 2815 2817 
2260 2817 2815 392 2819 
2261 2818 2817 2819 156 
2262 393 404 2820 2821 
2263 404 395 2304 2820 
2264 2820 2304 240 2822 
2265 2821 2820 2822 396 
2266 394 415 2823 2824 
2267 415 393 2821 2823 
2268 2823 2821 396 2825 
2269 2824 2823 2825 83 
2270 405 2308 2826 2827 
2271 2308 390 2818 2826 
2272 2826 2818 156 2828 
2273 2827 2826 2828 407 
2274 160 2810 2829 441 
2275 2810 243 2830 2829 
2276 2829 2830 436 2313 
2277 441 2829 2313 398 
2278 243 2832 2831 2830 
2279 2832 159 2833 2831 
2280 2831 2833 437 464 
2281 2830 2831 464 436 
2282 159 2835 2834 2833 
2283 2835 214 2836 2834 
2284 2834 2836 456 474 
2285 2833 2834 474 437 
2286 214 2838 2837 2836 
2287 2838 161 2839 2837 
2288 2837 2839 457 2316 
2289 2836 2837 2316 456 
2290 109 2314 2840 2841 
2291 2314 438 2319 2840 
2292 2840 2319 459 2842 
2293 2841 2840 2842 445 
2294 161 2844 2843 2839 
2295 2844 365 2845 2843 
2296 2843 2845 494 2323 
2297 2839 2843 2323 457 
2298 505 2451 2846 595 
2299 2451 590 2847 2846 
2300 2846 2847 589 2848 
2301 595 2846 2848 539 
2302 539 2848 2849 2333 
2303 2848 589 2850 2849 
2304 2849 2850 592 2851 
2305 2333 2849 2851 504 
2306 605 1052 2852 2351 
2307 1052 607 2853 2852 
2308 2852 2853 73 2854 
2309 2351 2852 2854 608 
2310 87 2405 2855 2856 
2311 2405 647 796 2855 
2312 2855 796 645 2857 
2313 2856 2855 2857 646 
2314 646 2857 2858 2859 
2315 2857 645 762 2858 
2316 2858 762 649 2860 
2317 2859 2858 2860 615 
2318 650 1055 2861 2376 
2319 1055 652 2862 2861 
2320 2861 2862 605 2863 
2321 2376 2861 2863 653 
2322 654 2380 2864 2382 
2323 2380 656 2865 2864 
2324 2864 2865 611 2866 
2325 2382 2864 2866 657 
2326 155 2311 2867 2868 
2327 2311 435 2388 2867 
2328 2867 2388 684 2869 
2329 2868 2867 2869 685 
2330 504 2851 2870 729 
2331 2851 592 2871 2870 
2332 2870 2871 724 2872 
2333 729 2870 2872 574 
2334 610 2472 2873 2386 
2335 2472 803 2874 2873 
2336 2873 2874 802 2875 
2337 2386 2873 2875 660 
2338 660 2875 2876 808 
2339 2875 802 2877 2876 
2340 2876 2877 805 2878 
2341 808 2876 2878 640 
2342 832 2880 2879 1509 
2343 2880 835 2881 2879 
2344 2879 2881 829 2732 
2345 1509 2879 2732 836 
2346 153 2883 2882 2417 
2347 2883 838 2884 2882 
2348 2882 2884 837 2419 
2349 2417 2882 2419 828 
2350 838 2886 2885 2884 
2351 2886 823 2887 2885 
2352 2885 2887 839 860 
2353 2884 2885 860 837 
2354 835 2889 2888 2881 
2355 2889 841 2890 2888 
2356 2888 2890 844 1530 
2357 2881 2888 1530 829 
2358 823 2892 2891 2887 
2359 2892 852 2893 2891 
2360 2891 2893 851 867 
2361 2887 2891 867 839 
2362 851 2895 2894 868 
2363 2895 853 2435 2894 
2364 2894 2435 138 2432 
2365 868 2894 2432 854 
2366 892 906 2896 2450 
2367 906 893 2897 2896 
2368 2896 2897 5 2898 
2369 2450 2896 2898 590 
2370 893 928 2899 2897 
2371 928 899 2900 2899 
2372 2899 2900 902 2901 
2373 2897 2899 2901 5 
2374 919 2903 2902 2454 
2375 2903 921 2904 2902 
2376 2902 2904 516 938 
2377 2454 2902 938 875 
2378 923 2906 2905 2457 
2379 2906 875 2907 2905 
2380 2905 2907 924 2459 
2381 2457 2905 2459 922 
2382 875 2909 2908 2907 
2383 2909 938 2910 2908 
2384 2908 2910 937 2462 
2385 2907 2908 2462 924 
2386 937 2912 2911 2463 
2387 2912 939 2913 2911 
2388 2911 2913 630 1583 
2389 2463 2911 1583 930 
2390 944 964 2914 2915 
2391 964 946 2468 2914 
2392 2914 2468 614 2916 
2393 2915 2914 2916 635 
2394 931 957 2917 2918 
2395 957 944 2915 2917 
2396 2917 2915 635 2919 
2397 2918 2917 2919 501 
2398 921 2921 2920 2904 
2399 2921 947 2922 2920 
2400 2920 2922 631 951 
2401 2904 2920 951 516 
2402 939 2924 2923 2913 
2403 2924 950 2925 2923 
2404 2923 2925 945 955 
2405 2913 2923 955 630 
2406 988 1609 2926 2471 
2407 1609 990 2927 2926 
2408 2926 2927 655 2928 
2409 2471 2926 2928 803 
2410 995 1613 2929 2930 
2411 1613 997 2479 2929 
2412 2929 2479 50 2931 
2413 2930 2929 2931 998 
2414 990 1010 2932 2927 
2415 1010 995 2930 2932 
2416 2932 2930 998 2933 
2417 2927 2932 2933 655 
2418 656 2474 2934 2865 
2419 2474 1011 2935 2934 
2420 2934 2935 1013 2936 
2421 2865 2934 2936 611 
2422 1047 1145 2937 2938 
2423 1145 1048 2556 2937 
2424 2937 2556 601 2939 
2425 2938 2937 2939 1049 
2426 607 1094 2940 2853 
2427 1094 1047 2938 2940 
2428 2940 2938 1049 2941 
2429 2853 2940 2941 73 
2430 652 1075 2942 2862 
2431 1075 1050 2943 2942 
2432 2942 2943 1052 2944 
2433 2862 2942 2944 605 
2434 993 2946 2945 1063 
2435 2946 1057 2947 2945 
2436 2945 2947 1056 2503 
2437 1063 2945 2503 1032 
2438 1057 2949 2948 2947 
2439 2949 1026 2950 2948 
2440 2948 2950 1058 1653 
2441 2947 2948 1653 1056 
2442 1177 1207 2951 2952 
2443 1207 1178 2582 2951 
2444 2951 2582 1140 2953 
2445 2952 2951 2953 1179 
2446 1144 1209 2954 2955 
2447 1209 1177 2952 2954 
2448 2954 2952 1179 2956 
2449 2955 2954 2956 1048 
2450 1127 2958 2957 2578 
2451 2958 1188 2959 2957 
2452 2957 2959 1187 2580 
2453 2578 2957 2580 1167 
2454 1188 2961 2960 2959 
2455 2961 1161 2962 2960 
2456 2960 2962 1189 1770 
2457 2959 2960 1770 1187 
2458 1161 2964 2963 2962 
2459 2964 1217 2965 2963 
2460 2963 2965 1216 1785 
2461 2962 2963 1785 1189 
2462 1217 2967 2966 2965 
2463 2967 1163 2968 2966 
2464 2966 2968 1218 1805 
2465 2965 2966 1805 1216 
2466 1224 1247 2969 2970 
2467 1247 1226 2599 2969 
2468 2969 2599 1199 2971 
2469 2970 2969 2971 1227 
2470 1206 1822 2972 2973 
2471 1822 1224 2970 2972 
2472 2972 2970 1227 2974 
2473 2973 2972 2974 1178 
2474 1163 2976 2975 2968 
2475 2976 1233 2977 2975 
2476 2975 2977 1232 1828 
2477 2968 2975 1828 1218 
2478 1233 2979 2978 2977 
2479 2979 1213 2980 2978 
2480 2978 2980 1234 1836 
2481 2977 2978 1836 1232 
2482 1243 1848 2981 2982 
2483 1848 1246 2758 2981 
2484 2981 2758 1226 2983 
2485 2982 2981 2983 1247 
2486 1244 1841 2984 2985 
2487 1841 1243 2982 2984 
2488 2984 2982 1247 2986 
2489 2985 2984 2986 1224 
2490 1213 2988 2987 2980 
2491 2988 1252 2989 2987 
2492 2987 2989 1251 1859 
2493 2980 2987 1859 1234 
2494 1252 2991 2990 2989 
2495 2991 1215 2992 2990 
2496 2990 2992 1253 1851 
2497 2989 2990 1851 1251 
2498 1215 2994 2993 2992 
2499 2994 1264 2995 2993 
2500 2993 2995 1263 2619 
2501 2992 2993 2619 1253 
2502 1264 2997 2996 2995 
2503 2997 1248 2998 2996 
2504 2996 2998 1265 2617 
2505 2995 2996 2617 1263 
2506 1248 3000 2999 2998 
2507 3000 1296 3001 2999 
2508 2999 3001 1295 1925 
2509 2998 2999 1925 1265 
2510 1296 3003 3002 3001 
2511 3003 1250 3004 3002 
2512 3002 3004 1297 2639 
2513 3001 3002 2639 1295 
2514 1250 3006 3005 3004 
2515 3006 1308 3007 3005 
2516 3005 3007 1307 2645 
2517 3004 3005 2645 1297 
2518 1307 3009 3008 2646 
2519 3009 1309 3010 3008 
2520 3008 3010 1279 1324 
2521 2646 3008 1324 1304 
2522 1374 3012 3011 2672 
2523 3012 1291 3013 3011 
2524 3011 3013 1375 2674 
2525 2672 3011 2674 1373 
2526 1291 3015 3014 3013 
2527 3015 1415 3016 3014 
2528 3014 3016 1414 2699 
2529 3013 3014 2699 1375 
2530 1414 3018 3017 2700 
2531 3018 1416 3019 3017 
2532 3017 3019 1335 1430 
2533 2700 3017 1430 1389 
2534 1418 3021 3020 2703 
2535 3021 1389 3022 3020 
2536 3020 3022 1419 2705 
2537 2703 3020 2705 1417 
2538 1416 3024 3023 3019 
2539 3024 1436 3025 3023 
2540 3023 3025 1426 1440 
2541 3019 3023 1440 1335 
2542 1484 3027 3026 2722 
2543 3027 1486 3028 3026 
2544 3026 3028 182 2295 
2545 2722 3026 2295 367 
2546 1492 3030 3029 1500 
2547 3030 184 3031 3029 
2548 3029 3031 833 2725 
2549 1500 3029 2725 1491 
2550 1486 3033 3032 3028 
2551 3033 1494 3034 3032 
2552 3032 3034 1492 1499 
2553 3028 3032 1499 182 
2554 369 2813 3035 3036 
2555 2813 185 1517 3035 
2556 3035 1517 1512 3037 
2557 3036 3035 3037 1511 
2558 1021 1737 3038 3039 
2559 1737 1722 2738 3038 
2560 3038 2738 1731 3040 
2561 3039 3038 3040 1724 
2562 1804 3042 3041 2747 
2563 3042 1806 3043 3041 
2564 3041 3043 1124 1824 
2565 2747 3041 1824 1229 
2566 1820 1834 3044 3045 
2567 1834 1244 2985 3044 
2568 3044 2985 1224 3046 
2569 3045 3044 3046 1822 
2570 1230 2750 3047 3048 
2571 2750 1820 3045 3047 
2572 3047 3045 1822 3049 
2573 3048 3047 3049 1206 
2574 1806 3051 3050 3043 
2575 3051 1827 3052 3050 
2576 3050 3052 1821 2749 
2577 3043 3050 2749 1124 
2578 1917 3054 3053 2762 
2579 3054 1196 3055 3053 
2580 3053 3055 1311 2764 
2581 2762 3053 2764 1916 
2582 1284 1955 3056 3057 
2583 1955 1314 2767 3056 
2584 3056 2767 1948 3058 
2585 3057 3056 3058 1932 
2586 1309 3060 3059 3010 
2587 3060 1967 3061 3059 
2588 3059 3061 1320 1971 
2589 3010 3059 1971 1279 
2590 1278 2648 3062 3063 
2591 2648 1322 2773 3062 
2592 3062 2773 1987 3064 
2593 3063 3062 3064 1946 
2594 1989 2004 3065 3066 
2595 2004 1992 2782 3065 
2596 3065 2782 1280 3067 
2597 3066 3065 3067 1993 
2598 2008 3069 3068 2786 
2599 3069 2010 3070 3068 
2600 3068 3070 1330 2776 
2601 2786 3068 2776 1998 
2602 2010 3072 3071 3070 
2603 3072 2024 3073 3071 
2604 3071 3073 1367 2029 
2605 3070 3071 2029 1330 
2606 1379 2073 3074 3075 
2607 2073 1406 2794 3074 
2608 3074 2794 2065 3076 
2609 3075 3074 3076 2066 
2610 2064 2080 3077 3078 
2611 2080 1379 3075 3077 
2612 3077 3075 2066 3079 
2613 3078 3077 3079 2074 
2614 1392 3081 3080 2697 
2615 3081 2109 3082 3080 
2616 3080 3082 2108 2800 
2617 2697 3080 2800 1412 
2618 2109 3084 3083 3082 
2619 3084 1394 3085 3083 
2620 3083 3085 2110 2146 
2621 3082 3083 2146 2108 
2622 392 2816 3086 3087 
2623 2816 155 2868 3086 
2624 3086 2868 685 3088 
2625 3087 3086 3088 2227 
2626 960 2466 3089 3090 
2627 2466 87 2856 3089 
2628 3089 2856 646 3091 
2629 3090 3089 3091 2356 
2630 2356 3091 3092 3093 
2631 3091 646 2859 3092 
2632 3092 2859 615 3094 
2633 3093 3092 3094 2357 
2634 211 373 3095 3096 
2635 373 213 3097 3095 
2636 3095 3097 161 2838 
2637 3096 3095 2838 214 
2638 212 2235 3098 3099 
2639 2235 211 3096 3098 
2640 3098 3096 214 2835 
2641 3099 3098 2835 159 
2642 241 2248 3100 2809 
2643 2248 212 3099 3100 
2644 3100 3099 159 2832 
2645 2809 3100 2832 243 
2646 213 1513 3101 3097 
2647 1513 363 3102 3101 
2648 3101 3102 365 2844 
2649 3097 3101 2844 161 
2650 399 450 3103 3104 
2651 450 109 2841 3103 
2652 3103 2841 445 3105 
2653 3104 3103 3105 443 
2654 590 2898 3106 2847 
2655 2898 5 3107 3106 
2656 3106 3107 591 3108 
2657 2847 3106 3108 589 
2658 589 3108 3109 2850 
2659 3108 591 3110 3109 
2660 3109 3110 506 3111 
2661 2850 3109 3111 592 
2662 592 3111 3112 2871 
2663 3111 506 3113 3112 
2664 3112 3113 725 3114 
2665 2871 3112 3114 724 
2666 803 2928 3115 2874 
2667 2928 655 3116 3115 
2668 3115 3116 804 3117 
2669 2874 3115 3117 802 
2670 802 3117 3118 2877 
2671 3117 804 3119 3118 
2672 3118 3119 654 3120 
2673 2877 3118 3120 805 
2674 184 3122 3121 3031 
2675 3122 834 3123 3121 
2676 3121 3123 832 1508 
2677 3031 3121 1508 833 
2678 834 3125 3124 3123 
2679 3125 826 3126 3124 
2680 3124 3126 835 2880 
2681 3123 3124 2880 832 
2682 826 3128 3127 3126 
2683 3128 842 3129 3127 
2684 3127 3129 841 2889 
2685 3126 3127 2889 835 
2686 852 3131 3130 2893 
2687 3131 825 3132 3130 
2688 3130 3132 853 2895 
2689 2893 3130 2895 851 
2690 825 3134 3133 3132 
2691 3134 871 3135 3133 
2692 3133 3135 870 2436 
2693 3132 3133 2436 853 
2694 871 3137 3136 3135 
2695 3137 848 3138 3136 
2696 3136 3138 872 889 
2697 3135 3136 889 870 
2698 899 936 3139 2900 
2699 936 901 3140 3139 
2700 3139 3140 586 3141 
2701 2900 3139 3141 902 
2702 929 1584 3142 3143 
2703 1584 931 2918 3142 
2704 3142 2918 501 3144 
2705 3143 3142 3144 932 
2706 901 943 3145 3140 
2707 943 929 3143 3145 
2708 3145 3143 932 3146 
2709 3140 3145 3146 586 
2710 938 3148 3147 2910 
2711 3148 516 3149 3147 
2712 3147 3149 939 2912 
2713 2910 3147 2912 937 
2714 947 3151 3150 2922 
2715 3151 949 3152 3150 
2716 3150 3152 518 1586 
2717 2922 3150 1586 631 
2718 516 3154 3153 3149 
2719 3154 951 3155 3153 
2720 3153 3155 950 2924 
2721 3149 3153 2924 939 
2722 950 3157 3156 2925 
2723 3157 952 3158 3156 
2724 3156 3158 629 962 
2725 2925 3156 962 945 
2726 949 3160 3159 3152 
2727 3160 968 3161 3159 
2728 3159 3161 643 973 
2729 3152 3159 973 518 
2730 1011 1630 3162 2935 
2731 1630 1012 3163 3162 
2732 3162 3163 650 3164 
2733 2935 3162 3164 1013 
2734 1050 1097 3165 2943 
2735 1097 1051 3166 3165 
2736 3165 3166 607 3167 
2737 2943 3165 3167 1052 
2738 1012 1650 3168 3163 
2739 1650 1053 3169 3168 
2740 3168 3169 1055 3170 
2741 3163 3168 3170 650 
2742 1051 1112 3171 3166 
2743 1112 1092 3172 3171 
2744 3171 3172 1094 3173 
2745 3166 3171 3173 607 
2746 1143 1182 3174 3175 
2747 1182 1144 2955 3174 
2748 3174 2955 1048 3176 
2749 3175 3174 3176 1145 
2750 1093 1171 3177 3178 
2751 1171 1143 3175 3177 
2752 3177 3175 1145 3179 
2753 3178 3177 3179 1047 
2754 1203 1231 3180 3181 
2755 1231 1206 2973 3180 
2756 3180 2973 1178 3182 
2757 3181 3180 3182 1207 
2758 1204 1223 3183 3184 
2759 1223 1203 3181 3183 
2760 3183 3181 1207 3185 
2761 3184 3183 3185 1177 
2762 1208 1767 3186 3187 
2763 1767 1204 3184 3186 
2764 3186 3184 1177 3188 
2765 3187 3186 3188 1209 
2766 1181 1779 3189 3190 
2767 1779 1208 3187 3189 
2768 3189 3187 1209 3191 
2769 3190 3189 3191 1144 
2770 1228 1826 3192 3193 
2771 1826 1230 3048 3192 
2772 3192 3048 1206 3194 
2773 3193 3192 3194 1231 
2774 1222 1814 3195 3196 
2775 1814 1228 3193 3195 
2776 3195 3193 1231 3197 
2777 3196 3195 3197 1203 
2778 1308 3199 3198 3007 
2779 3199 1292 3200 3198 
2780 3198 3200 1309 3009 
2781 3007 3198 3009 1307 
2782 1196 3202 3201 3055 
2783 3202 1312 3203 3201 
2784 3201 3203 1310 1953 
2785 3055 3201 1953 1311 
2786 1312 3205 3204 3203 
2787 3205 1304 3206 3204 
2788 3204 3206 1313 1957 
2789 3203 3204 1957 1310 
2790 1304 3208 3207 3206 
2791 3208 1324 3209 3207 
2792 3207 3209 1323 1964 
2793 3206 3207 1964 1313 
2794 1324 3211 3210 3209 
2795 3211 1279 3212 3210 
2796 3210 3212 1325 1975 
2797 3209 3210 1975 1323 
2798 1415 3214 3213 3016 
2799 3214 1370 3215 3213 
2800 3213 3215 1416 3018 
2801 3016 3213 3018 1414 
2802 1370 3217 3216 3215 
2803 3217 1437 3218 3216 
2804 3216 3218 1436 3024 
2805 3215 3216 3024 1416 
2806 1436 3220 3219 3025 
2807 3220 1438 3221 3219 
2808 3219 3221 1271 2708 
2809 3025 3219 2708 1426 
2810 1438 3223 3222 3221 
2811 3223 1447 3224 3222 
2812 3222 3224 1444 1452 
2813 3221 3222 1452 1271 
2814 1494 3226 3225 3034 
2815 3226 1496 3227 3225 
2816 3225 3227 184 3030 
2817 3034 3225 3030 1492 
2818 108 2299 3228 3229 
2819 2299 369 3036 3228 
2820 3228 3036 1511 3230 
2821 3229 3228 3230 372 
2822 952 3232 3231 3158 
2823 3232 1585 3233 3231 
2824 3231 3233 959 1588 
2825 3158 3231 1588 629 
2826 1160 1730 3234 3235 
2827 1730 1021 3039 3234 
2828 3234 3039 1724 3236 
2829 3235 3234 3236 1723 
2830 1827 3238 3237 3052 
2831 3238 1829 3239 3237 
2832 3237 3239 1225 1832 
2833 3052 3237 1832 1821 
2834 1829 3241 3240 3239 
2835 3241 1835 3242 3240 
2836 3240 3242 1245 1839 
2837 3239 3240 1839 1225 
2838 1918 2765 3243 3244 
2839 2765 1284 3057 3243 
2840 3243 3057 1932 3245 
2841 3244 3243 3245 1931 
2842 1306 1962 3246 3247 
2843 1962 1278 3063 3246 
2844 3246 3063 1946 3248 
2845 3247 3246 3248 1945 
2846 1292 3250 3249 3200 
2847 3250 1968 3251 3249 
2848 3249 3251 1967 3060 
2849 3200 3249 3060 1309 
2850 1967 3253 3252 3061 
2851 3253 1969 3254 3252 
2852 3252 3254 1120 1995 
2853 3061 3252 1995 1320 
2854 1969 3256 3255 3254 
2855 3256 2005 3257 3255 
2856 3255 3257 1331 2009 
2857 3254 3255 2009 1120 
2858 2024 3259 3258 3073 
2859 3259 2026 3260 3258 
2860 3258 3260 1332 2036 
2861 3073 3258 2036 1367 
2862 2026 3262 3261 3260 
2863 3262 2042 3263 3261 
2864 3261 3263 2033 2046 
2865 3260 3261 2046 1332 
2866 156 2819 3264 3265 
2867 2819 392 3087 3264 
2868 3264 3087 2227 3266 
2869 3265 3264 3266 2228 
2870 407 2828 3267 3268 
2871 2828 156 3265 3267 
2872 3267 3265 2228 3269 
2873 3268 3267 3269 2286 
2874 5 2901 3270 3107 
2875 2901 902 3271 3270 
2876 3270 3271 2338 3272 
2877 3107 3270 3272 591 
2878 902 3141 3273 3271 
2879 3141 586 3274 3273 
2880 3273 3274 2339 3275 
2881 3271 3273 3275 2338 
2882 591 3272 3276 3110 
2883 3272 2338 3277 3276 
2884 3276 3277 2340 3278 
2885 3110 3276 3278 506 
2886 586 3146 3279 3274 
2887 3146 932 3280 3279 
2888 3279 3280 2341 3281 
2889 3274 3279 3281 2339 
2890 932 3144 3282 3280 
2891 3144 501 3283 3282 
2892 3282 3283 634 3284 
2893 3280 3282 3284 2341 
2894 506 3278 3285 3113 
2895 3278 2340 3286 3285 
2896 3285 3286 2346 3287 
2897 3113 3285 3287 725 
2898 614 2469 3288 3289 
2899 2469 960 3090 3288 
2900 3288 3090 2356 3290 
2901 3289 3288 3290 636 
2902 636 3290 3291 3292 
2903 3290 2356 3093 3291 
2904 3291 3093 2357 3293 
2905 3292 3291 3293 613 
2906 655 2933 3294 3116 
2907 2933 998 3295 3294 
2908 3294 3295 2378 3296 
2909 3116 3294 3296 804 
2910 998 2931 3297 3295 
2911 2931 50 3298 3297 
2912 3297 3298 2379 3299 
2913 3295 3297 3299 2378 
2914 804 3296 3300 3119 
2915 3296 2378 3301 3300 
2916 3300 3301 2380 3302 
2917 3119 3300 3302 654 
2918 1496 3304 3303 3227 
2919 3304 2412 3305 3303 
2920 3303 3305 834 3122 
2921 3227 3303 3122 184 
2922 50 2480 3306 3298 
2923 2480 1017 3307 3306 
2924 3306 3307 2473 3308 
2925 3298 3306 3308 2379 
2926 1017 2477 3309 3307 
2927 2477 994 3310 3309 
2928 3309 3310 1628 3311 
2929 3307 3309 3311 2473 
