Force Coefficients for group 1 --> /home/liukushka/Desktop/Università/Magistrale/ProgettoAerodinamico/progettoAerodinamico/MESH/FW_Mark5_DegenGeom 

   Time        Cx         Cy         Cz        Cxo        Cyo        Czo        Cxi        Cyi        Czi        Cmx        Cmy        Cmz        Cmxo       Cmyo       Cmzo       Cmxi       Cmyi       Cmzi        CL         CD         CS        CLo        CDo        CSo        CLi        CDi        CSi 
   1.00000    0.19158    0.01452   -1.14469    0.02434   -0.00003    0.00204    0.16723    0.01455   -1.14673    0.07333    0.19339   -0.29221   -0.00002    0.00075   -0.00014    0.07334    0.19264   -0.29208   -1.14469    0.19158    0.01452    0.00204    0.02434   -0.00003   -1.14673    0.16723    0.01455 
   2.00000    0.20504    0.01124   -1.22517    0.02402   -0.00004    0.00220    0.18103    0.01127   -1.22737    0.06877   -0.07699   -0.43323    0.00003    0.00060   -0.00007    0.06874   -0.07758   -0.43316   -1.22517    0.20504    0.01124    0.00220    0.02402   -0.00004   -1.22737    0.18103    0.01127 
   3.00000    0.22637    0.01177   -1.21349    0.02421   -0.00006    0.00240    0.20216    0.01183   -1.21588    0.05194    0.16504   -0.34772    0.00004    0.00052   -0.00007    0.05191    0.16452   -0.34766   -1.21349    0.22637    0.01177    0.00240    0.02421   -0.00006   -1.21588    0.20216    0.01183 
   4.00000    0.20302    0.00808   -1.13959    0.02380   -0.00020    0.00171    0.17922    0.00828   -1.14130    0.05929   -0.11648   -0.35360    0.00002    0.00067   -0.00005    0.05927   -0.11715   -0.35355   -1.13959    0.20302    0.00808    0.00171    0.02380   -0.00020   -1.14130    0.17922    0.00828 
   5.00000    0.45722    0.06240   -1.25524    0.02623    0.00061    0.00147    0.43098    0.06179   -1.25671    0.07546    0.09273   -0.37904   -0.00017    0.00087   -0.00067    0.07563    0.09186   -0.37837   -1.25524    0.45722    0.06240    0.00147    0.02623    0.00061   -1.25671    0.43098    0.06179 
   6.00000    0.21747    0.00784   -1.32660    0.02383   -0.00013    0.00196    0.19364    0.00796   -1.32856    0.07197    0.09439   -0.34262   -0.00003    0.00057    0.00001    0.07200    0.09382   -0.34264   -1.32660    0.21747    0.00784    0.00196    0.02383   -0.00013   -1.32856    0.19364    0.00796 
   7.00000    0.19480    0.00951   -1.27174    0.02317   -0.00008    0.00196    0.17163    0.00959   -1.27369    0.06922   -0.01861   -0.37360   -0.00003    0.00059   -0.00000    0.06925   -0.01920   -0.37360   -1.27174    0.19480    0.00951    0.00196    0.02317   -0.00008   -1.27369    0.17163    0.00959 
   8.00000    0.20772    0.00153   -1.22187    0.02290    0.00003    0.00167    0.18482    0.00150   -1.22355    0.08570    0.17235   -0.31337   -0.00001    0.00081   -0.00003    0.08571    0.17154   -0.31334   -1.22187    0.20772    0.00153    0.00167    0.02290    0.00003   -1.22355    0.18482    0.00150 
   9.00000    0.20631   -0.02056   -1.26142    0.02314    0.00012    0.00170    0.18317   -0.02068   -1.26312    0.05474    0.01322   -0.40192   -0.00000    0.00076   -0.00003    0.05474    0.01246   -0.40189   -1.26142    0.20631   -0.02056    0.00170    0.02314    0.00012   -1.26312    0.18317   -0.02068 
  10.00000    0.19546   -0.00949   -1.30975    0.02418    0.00004    0.00203    0.17128   -0.00953   -1.31178    0.04149    0.22025   -0.36567   -0.00002    0.00065    0.00011    0.04151    0.21960   -0.36578   -1.30975    0.19546   -0.00949    0.00203    0.02418    0.00004   -1.31178    0.17128   -0.00953 
  11.00000    0.21765    0.00994   -1.26017    0.02572   -0.00014    0.00265    0.19193    0.01008   -1.26282    0.03996    0.17454   -0.37400    0.00001    0.00042   -0.00008    0.03996    0.17412   -0.37392   -1.26017    0.21765    0.00994    0.00265    0.02572   -0.00014   -1.26282    0.19193    0.01008 
  12.00000    0.39384    0.01598   -1.13757    0.02495    0.00018    0.00262    0.36889    0.01580   -1.14019    0.05134    0.00742   -0.43940    0.00007    0.00040   -0.00043    0.05127    0.00703   -0.43897   -1.13757    0.39384    0.01598    0.00262    0.02495    0.00018   -1.14019    0.36889    0.01580 
  13.00000    0.19527    0.05066   -1.15776    0.02387    0.00008    0.00220    0.17141    0.05058   -1.15997    0.03855   -0.03153   -0.32813    0.00015    0.00046   -0.00006    0.03840   -0.03198   -0.32807   -1.15776    0.19527    0.05066    0.00220    0.02387    0.00008   -1.15997    0.17141    0.05058 
  14.00000    0.18381    0.07262   -1.19312    0.02647   -0.00043    0.00124    0.15734    0.07305   -1.19437    0.03249    0.13719   -0.30429    0.00017    0.00114    0.00080    0.03232    0.13605   -0.30509   -1.19312    0.18381    0.07262    0.00124    0.02647   -0.00043   -1.19437    0.15734    0.07305 
  15.00000    0.22817    0.03435   -1.19856    0.02432   -0.00000    0.00183    0.20386    0.03435   -1.20039    0.07568   -0.03010   -0.32445   -0.00004    0.00063    0.00032    0.07572   -0.03073   -0.32478   -1.19856    0.22817    0.03435    0.00183    0.02432   -0.00000   -1.20039    0.20386    0.03435 
  16.00000    0.31350    0.05446   -1.18046    0.02400    0.00029    0.00182    0.28950    0.05417   -1.18228    0.04671   -0.08741   -0.40005    0.00002    0.00080    0.00002    0.04670   -0.08821   -0.40007   -1.18046    0.31350    0.05446    0.00182    0.02400    0.00029   -1.18228    0.28950    0.05417 
  17.00000    0.22812    0.03328   -1.25769    0.02405    0.00010    0.00184    0.20407    0.03319   -1.25953    0.09089   -0.00549   -0.36719    0.00003    0.00072    0.00006    0.09086   -0.00620   -0.36726   -1.25769    0.22812    0.03328    0.00184    0.02405    0.00010   -1.25953    0.20407    0.03319 
  18.00000    0.21719    0.00321   -1.34286    0.02452   -0.00009    0.00189    0.19267    0.00330   -1.34475    0.09905    0.09762   -0.37426    0.00003    0.00068    0.00001    0.09902    0.09694   -0.37426   -1.34286    0.21719    0.00321    0.00189    0.02452   -0.00009   -1.34475    0.19267    0.00330 
  19.00000    0.33914   -0.10985   -1.43396    0.02477    0.00059    0.00169    0.31437   -0.11044   -1.43565    0.05862    0.11707   -0.32123    0.00015    0.00076    0.00009    0.05847    0.11631   -0.32132   -1.43396    0.33914   -0.10985    0.00169    0.02477    0.00059   -1.43565    0.31437   -0.11044 
  20.00000    0.20912   -0.06707   -1.40002    0.02482   -0.00007    0.00216    0.18430   -0.06701   -1.40218    0.05921    0.17080   -0.37447   -0.00003    0.00053    0.00017    0.05924    0.17027   -0.37463   -1.40002    0.20912   -0.06707    0.00216    0.02482   -0.00007   -1.40218    0.18430   -0.06701 
  21.00000    0.22966   -0.08424   -1.36442    0.02490   -0.00012    0.00209    0.20476   -0.08412   -1.36651    0.05905    0.16810   -0.37820    0.00000    0.00058    0.00025    0.05905    0.16752   -0.37845   -1.36442    0.22966   -0.08424    0.00209    0.02490   -0.00012   -1.36651    0.20476   -0.08412 
  22.00000    0.21479    0.28539   -1.32327    0.05112    0.00482    0.00195    0.16367    0.28057   -1.32523    0.04281    0.02478   -0.27311   -0.00007    0.00013    0.01385    0.04288    0.02465   -0.28696   -1.32327    0.21479    0.28539    0.00195    0.05112    0.00482   -1.32523    0.16367    0.28057 
  23.00000    0.20844   -0.12240   -1.27904    0.02481    0.00014    0.00232    0.18363   -0.12254   -1.28135    0.03128    0.07760   -0.34033   -0.00006    0.00050    0.00015    0.03134    0.07710   -0.34048   -1.27904    0.20844   -0.12240    0.00232    0.02481    0.00014   -1.28135    0.18363   -0.12254 
  24.00000    0.16981    0.00349   -1.22740    0.02417    0.00022    0.00216    0.14563    0.00327   -1.22956    0.00467   -0.08133   -0.31941    0.00001    0.00052   -0.00018    0.00467   -0.08185   -0.31923   -1.22740    0.16981    0.00349    0.00216    0.02417    0.00022   -1.22956    0.14563    0.00327 
  25.00000    0.21990    0.05065   -1.25954    0.02437    0.00002    0.00221    0.19553    0.05063   -1.26175    0.00584    0.09755   -0.32819    0.00007    0.00051   -0.00006    0.00577    0.09704   -0.32813   -1.25954    0.21990    0.05065    0.00221    0.02437    0.00002   -1.26175    0.19553    0.05063 


Average over last full revolution: 

  25.00000    0.21990    0.05065   -1.25954    0.02437    0.00002    0.00221    0.19553    0.05063   -1.26175    0.00584    0.09755   -0.32819    0.00007    0.00051   -0.00006    0.00577    0.09704   -0.32813   -1.25954    0.21990    0.05065    0.00221    0.02437    0.00002   -1.26175    0.19553    0.05063 



Average loading for wing surface: 1 --> VSP Surface: 1 ... NOTE: values are per area! 

  Station     S       Chord     Area      V/Vref        Cx            Cy            Cz           Cxo           Cyo           Czo          Cxi            Cyi           Czi           Cl            Cd            Cs            Clo           Cdo           Cso           Cli           Cdi           Csi           Cmx           Cmy           Cmz          Cmxo          Cmyo          Cmzo          Cmxi          Cmyi          Cmzi 
        1   0.06063   0.31995   0.01495   1.05206  3.547032e-02 -1.407893e-04 -9.409785e-01  1.372509e-02 -1.503721e-04  6.879966e-04  2.174523e-02  9.582822e-06 -9.416664e-01 -9.409785e-01  3.547032e-02  1.373468e-02  6.879966e-04  1.372509e-02 -1.503721e-04 -9.416664e-01  2.174523e-02  9.582822e-06 -6.826995e-02 -2.378787e-03 -2.584270e-03  4.930281e-05 -1.088110e-04 -1.007342e-03 -6.831925e-02 -2.269976e-03 -1.576928e-03 
        2   0.15506   0.31995   0.01495   1.05190  3.219844e-02 -1.308426e-04 -9.408704e-01  1.372128e-02 -1.508263e-04  6.882671e-04  1.847716e-02  1.998377e-05 -9.415587e-01 -9.408704e-01  3.219844e-02  1.374127e-02  6.882671e-04  1.372128e-02 -1.508263e-04 -9.415587e-01  1.847716e-02  1.998377e-05 -2.047825e-01 -2.984151e-03 -7.017768e-03  1.491960e-04 -1.088161e-04 -2.998216e-03 -2.049317e-01 -2.875335e-03 -4.019552e-03 
        3   0.22265   0.31995   0.01495   1.04947  3.216603e-02 -2.060294e-04 -9.410248e-01  1.370830e-02 -2.082725e-04  6.914437e-04  1.845773e-02  2.243063e-06 -9.417163e-01 -9.410248e-01  3.216603e-02  1.371054e-02  6.914437e-04  1.370830e-02 -2.082725e-04 -9.417163e-01  1.845773e-02  2.243063e-06 -3.413959e-01 -5.924839e-03 -1.168580e-02  2.499888e-04 -1.090061e-04 -4.989018e-03 -3.416459e-01 -5.815833e-03 -6.696785e-03 
        4   0.29025   0.31995   0.01495   1.04921  2.905730e-02 -1.827806e-04 -9.380001e-01  1.367300e-02 -2.080592e-04  6.901524e-04  1.538430e-02  2.527861e-05 -9.386903e-01 -9.380001e-01  2.905730e-02  1.369828e-02  6.901524e-04  1.367300e-02 -2.080592e-04 -9.386903e-01  1.538430e-02  2.527861e-05 -4.764177e-01 -7.438099e-03 -1.476497e-02  3.496703e-04 -1.087629e-04 -6.960305e-03 -4.767674e-01 -7.329336e-03 -7.804671e-03 
        5   0.35784   0.31995   0.01495   1.04872  3.033651e-02  3.873649e-05 -9.334791e-01  1.362359e-02 -1.532207e-04  6.892646e-04  1.671293e-02  1.919572e-04 -9.341684e-01 -9.334791e-01  3.033651e-02  1.381554e-02  6.892646e-04  1.362359e-02 -1.532207e-04 -9.341684e-01  1.671293e-02  1.919572e-04 -6.095843e-01 -7.441040e-03 -1.976880e-02  4.494640e-04 -1.084927e-04 -8.907951e-03 -6.100338e-01 -7.332547e-03 -1.086085e-02 
        6   0.42544   0.31995   0.01495   1.04946  3.087665e-02  5.147930e-04 -9.170474e-01  1.345593e-02 -1.484056e-04  6.813126e-04  1.742072e-02  6.631986e-04 -9.177287e-01 -9.170474e-01  3.087665e-02  1.411913e-02  6.813126e-04  1.345593e-02 -1.484056e-04 -9.177287e-01  1.742072e-02  6.631986e-04 -7.318950e-01 -7.355005e-03 -2.444440e-02  5.431573e-04 -1.071982e-04 -1.075071e-02 -7.324381e-01 -7.247807e-03 -1.369369e-02 
        7   0.49303   0.31995   0.01495   1.05518  2.708528e-02  1.138429e-03 -8.857782e-01  1.317382e-02 -8.627907e-05  6.735445e-04  1.391145e-02  1.224708e-03 -8.864517e-01 -8.857782e-01  2.708528e-02  1.439853e-02  6.735445e-04  1.317382e-02 -8.627907e-05 -8.864517e-01  1.391145e-02  1.224708e-03 -8.354174e-01 -6.121856e-03 -2.511516e-02  6.349507e-04 -1.054494e-04 -1.243248e-02 -8.360524e-01 -6.016407e-03 -1.268268e-02 
        8   0.56063   0.31995   0.01495   1.05901  3.019042e-02  1.983014e-03 -8.442472e-01  1.280234e-02 -8.834435e-05  6.555894e-04  1.738808e-02  2.071359e-03 -8.449028e-01 -8.442472e-01  3.019042e-02  1.487369e-02  6.555894e-04  1.280234e-02 -8.834435e-05 -8.449028e-01  1.738808e-02  2.071359e-03 -9.186811e-01 -7.737037e-03 -3.202032e-02  7.131402e-04 -1.025553e-04 -1.394001e-02 -9.193942e-01 -7.634481e-03 -1.808032e-02 
        9   0.62823   0.31995   0.01495   1.06617  2.315007e-02  1.457645e-03 -7.810589e-01  1.229156e-02  8.756171e-05  6.439439e-04  1.085851e-02  1.370083e-03 -7.817029e-01 -7.810589e-01  2.315007e-02  1.366164e-02  6.439439e-04  1.229156e-02  8.756171e-05 -7.817029e-01  1.085851e-02  1.370083e-03 -9.632215e-01 -9.185678e-03 -2.799165e-02  7.946293e-04 -9.957405e-05 -1.515430e-02 -9.640161e-01 -9.086105e-03 -1.283735e-02 
       10   0.69582   0.31995   0.01495   1.08338  2.261039e-02  1.448631e-02 -6.860645e-01  1.171014e-02 -1.038287e-04  6.358857e-04  1.090026e-02  1.459014e-02 -6.867004e-01 -6.860645e-01  2.261039e-02  2.630028e-02  6.358857e-04  1.171014e-02 -1.038287e-04 -6.867004e-01  1.090026e-02  1.459014e-02 -9.437490e-01 -1.920607e-02 -3.087600e-02  8.761812e-04 -9.657831e-05 -1.615106e-02 -9.446252e-01 -1.910949e-02 -1.472493e-02 
       11   0.76342   0.31995   0.01495   1.09462 -2.622157e-02 -6.503484e-02 -3.673262e-01  9.962637e-03 -1.467269e-03  6.750325e-04 -3.618421e-02 -6.356758e-02 -3.680012e-01 -3.673262e-01 -2.622157e-02 -5.360494e-02  6.750325e-04  9.962637e-03 -1.467269e-03 -3.680012e-01 -3.618421e-02 -6.356758e-02 -5.500646e-01 -1.001402e-01  2.275120e-02  1.022523e-03 -9.242365e-05 -1.529206e-02 -5.510872e-01 -1.000478e-01  3.804326e-02 
       12   0.83101   0.31995   0.01495   1.01686  8.534927e-02 -6.073209e-02 -3.680012e-01  9.014460e-03 -5.237465e-04  5.321915e-04  7.633481e-02 -6.020834e-02 -3.685334e-01 -3.680012e-01  8.534927e-02 -5.119388e-02  5.321915e-04  9.014460e-03 -5.237465e-04 -3.685334e-01  7.633481e-02 -6.020834e-02 -6.306041e-01 -1.897756e-01 -1.526207e-01  8.859686e-04 -7.761266e-05 -1.508325e-02 -6.314901e-01 -1.896980e-01 -1.375374e-01 
       13   0.89861   0.31995   0.01495   0.96507 -4.495674e-02 -4.472797e-02 -5.490778e-01  9.356360e-03  1.285159e-03  5.895550e-04 -5.431310e-02 -4.601313e-02 -5.496674e-01 -5.490778e-01 -4.495674e-02 -3.665677e-02  5.895550e-04  9.356360e-03  1.285159e-03 -5.496674e-01 -5.431310e-02 -4.601313e-02 -9.988328e-01 -1.531390e-01  5.858612e-02  1.074649e-03 -8.340153e-05 -1.687309e-02 -9.999075e-01 -1.530556e-01  7.545922e-02 
       14   0.96620   0.31995   0.01495   0.94476  5.456525e-02 -6.380320e-02 -8.911529e-01  1.273865e-02  1.405579e-04  6.680982e-04  4.182659e-02 -6.394375e-02 -8.918210e-01 -8.911529e-01  5.456525e-02 -5.120510e-02  6.680982e-04  1.273865e-02  1.405579e-04 -8.918210e-01  4.182659e-02 -6.394375e-02 -1.740538e+00  7.216821e-02 -1.391735e-01  1.309383e-03 -1.032519e-04 -2.494433e-02 -1.741848e+00  7.227146e-02 -1.142292e-01 



Average loading for wing surface: 2 --> VSP Surface: 2 ... NOTE: values are per area! 

  Station     S       Chord     Area      V/Vref        Cx            Cy            Cz           Cxo           Cyo           Czo          Cxi            Cyi           Czi           Cl            Cd            Cs            Clo           Cdo           Cso           Cli           Cdi           Csi           Cmx           Cmy           Cmz          Cmxo          Cmyo          Cmzo          Cmxi          Cmyi          Cmzi 
        1   0.06063   0.31995   0.01495   1.05156  3.558643e-02  1.312288e-04 -9.412161e-01  1.372472e-02  1.462072e-04  6.919385e-04  2.186172e-02 -1.497835e-05 -9.419080e-01 -9.412161e-01  3.558643e-02  1.370974e-02  6.919385e-04  1.372472e-02  1.462072e-04 -9.419080e-01  2.186172e-02 -1.497835e-05  6.828573e-02 -2.489720e-03  2.591446e-03 -4.960586e-05 -1.091112e-04  1.006996e-03  6.833533e-02 -2.380609e-03  1.584450e-03 
        2   0.15506   0.31995   0.01495   1.05152  3.249148e-02  1.144767e-04 -9.417467e-01  1.372837e-02  1.482410e-04  6.944210e-04  1.876311e-02 -3.376430e-05 -9.424411e-01 -9.417467e-01  3.249148e-02  1.369460e-02  6.944210e-04  1.372837e-02  1.482410e-04 -9.424411e-01  1.876311e-02 -3.376430e-05  2.049717e-01 -3.161371e-03  7.080005e-03 -1.505461e-04 -1.093161e-04  2.999560e-03  2.051222e-01 -3.052055e-03  4.080445e-03 
        3   0.22265   0.31995   0.01495   1.04899  3.279417e-02  1.932599e-04 -9.423232e-01  1.371950e-02  2.069169e-04  7.010299e-04  1.907467e-02 -1.365702e-05 -9.430242e-01 -9.423232e-01  3.279417e-02  1.370584e-02  7.010299e-04  1.371950e-02  2.069169e-04 -9.430242e-01  1.907467e-02 -1.365702e-05  3.418658e-01 -6.310943e-03  1.191287e-02 -2.534721e-04 -1.097855e-04  4.992977e-03  3.421193e-01 -6.201158e-03  6.919895e-03 
        4   0.29025   0.31995   0.01495   1.04854  2.996545e-02  2.032668e-04 -9.396453e-01  1.368674e-02  2.072738e-04  7.025568e-04  1.627871e-02 -4.007049e-06 -9.403478e-01 -9.396453e-01  2.996545e-02  1.368273e-02  7.025568e-04  1.368674e-02  2.072738e-04 -9.403478e-01  1.627871e-02 -4.007049e-06  4.772537e-01 -8.043291e-03  1.523499e-02 -3.559736e-04 -1.097684e-04  6.967222e-03  4.776097e-01 -7.933523e-03  8.267767e-03 
        5   0.35784   0.31995   0.01495   1.04600  3.160377e-02  7.702314e-05 -9.359627e-01  1.363459e-02  1.460253e-04  7.107134e-04  1.796918e-02 -6.900219e-05 -9.366734e-01 -9.359627e-01  3.160377e-02  1.356559e-02  7.107134e-04  1.363459e-02  1.460253e-04 -9.366734e-01  1.796918e-02 -6.900219e-05  6.112087e-01 -8.009607e-03  2.064091e-02 -4.634995e-04 -1.101792e-04  8.914585e-03  6.116722e-01 -7.899428e-03  1.172633e-02 
        6   0.42544   0.31995   0.01495   1.04646  3.221282e-02 -2.197269e-04 -9.196750e-01  1.346531e-02  1.397237e-04  7.044087e-04  1.874752e-02 -3.594505e-04 -9.203794e-01 -9.196750e-01  3.221282e-02  1.310585e-02  7.044087e-04  1.346531e-02  1.397237e-04 -9.203794e-01  1.874752e-02 -3.594505e-04  7.339974e-01 -8.199896e-03  2.562336e-02 -5.616261e-04 -1.090040e-04  1.075753e-02  7.345591e-01 -8.090892e-03  1.486583e-02 
        7   0.49303   0.31995   0.01495   1.05163  2.800709e-02 -7.260940e-04 -8.880860e-01  1.317213e-02  7.406964e-05  7.003936e-04  1.483496e-02 -8.001637e-04 -8.887864e-01 -8.880860e-01  2.800709e-02  1.237197e-02  7.003936e-04  1.317213e-02  7.406964e-05 -8.887864e-01  1.483496e-02 -8.001637e-04  8.375977e-01 -7.134783e-03  2.614130e-02 -6.603255e-04 -1.074971e-04  1.242995e-02  8.382581e-01 -7.027286e-03  1.371135e-02 
        8   0.56063   0.31995   0.01495   1.05543  3.185562e-02 -1.054457e-03 -8.483740e-01  1.281322e-02  7.600524e-05  6.904171e-04  1.904240e-02 -1.130462e-03 -8.490644e-01 -8.483740e-01  3.185562e-02  1.168275e-02  6.904171e-04  1.281322e-02  7.600524e-05 -8.490644e-01  1.904240e-02 -1.130462e-03  9.231831e-01 -7.982424e-03  3.425210e-02 -7.510949e-04 -1.052650e-04  1.395090e-02  9.239343e-01 -7.877160e-03  2.030119e-02 
        9   0.62823   0.31995   0.01495   1.06008  2.646137e-02  1.442080e-04 -7.876387e-01  1.229396e-02 -8.601452e-05  6.811361e-04  1.416741e-02  2.302225e-04 -7.883199e-01 -7.876387e-01  2.646137e-02  1.252418e-02  6.811361e-04  1.229396e-02 -8.601452e-05 -7.883199e-01  1.416741e-02  2.302225e-04  9.713148e-01 -8.170737e-03  3.281799e-02 -8.404977e-04 -1.024301e-04  1.515737e-02  9.721553e-01 -8.068307e-03  1.766061e-02 
       10   0.69582   0.31995   0.01495   1.07747  2.668543e-02 -1.111174e-02 -6.950919e-01  1.171244e-02  1.054013e-04  6.774863e-04  1.497299e-02 -1.121714e-02 -6.957694e-01 -6.950919e-01  2.668543e-02  4.952968e-04  6.774863e-04  1.171244e-02  1.054013e-04 -6.957694e-01  1.497299e-02 -1.121714e-02  9.564578e-01 -1.624791e-02  3.774600e-02 -9.335236e-04 -9.977131e-05  1.615436e-02  9.573913e-01 -1.614814e-02  2.159164e-02 
       11   0.76342   0.31995   0.01495   1.08451 -1.736176e-02  8.939309e-02 -3.879304e-01  9.890718e-03  1.509020e-03  7.300596e-04 -2.725248e-02  8.788407e-02 -3.886605e-01 -3.879304e-01 -1.736176e-02  9.777480e-02  7.300596e-04  9.890718e-03  1.509020e-03 -3.886605e-01 -2.725248e-02  8.788407e-02  5.825955e-01 -9.079481e-02  1.393737e-03 -1.106196e-03 -9.634045e-05  1.518568e-02  5.837016e-01 -9.069847e-02 -1.379194e-02 
       12   0.83101   0.31995   0.01495   1.00572  9.187865e-02  8.728697e-02 -3.682538e-01  8.869764e-03  4.963800e-04  5.872131e-04  8.300889e-02  8.679059e-02 -3.688410e-01 -3.682538e-01  9.187865e-02  9.566036e-02  5.872131e-04  8.869764e-03  4.963800e-04 -3.688410e-01  8.300889e-02  8.679059e-02  6.290704e-01 -1.850684e-01  1.749642e-01 -9.778997e-04 -8.123125e-05  1.483969e-02  6.300483e-01 -1.849871e-01  1.601245e-01 
       13   0.89861   0.31995   0.01495   0.94316 -4.196144e-02  9.380575e-02 -4.667125e-01  8.616967e-03 -7.941378e-04  4.713130e-04 -5.057841e-02  9.459988e-02 -4.671838e-01 -4.667125e-01 -4.196144e-02  1.032168e-01  4.713130e-04  8.616967e-03 -7.941378e-04 -4.671838e-01 -5.057841e-02  9.459988e-02  8.505761e-01 -1.844597e-01 -2.718998e-02 -8.581610e-04 -7.132733e-05  1.556949e-02  8.514343e-01 -1.843884e-01 -4.275947e-02 
       14   0.96620   0.31995   0.01495   0.91755  5.897354e-02  1.075990e-01 -8.522919e-01  1.219447e-02 -1.716115e-04  7.802322e-04  4.677906e-02  1.077706e-01 -8.530721e-01 -8.522919e-01  5.897354e-02  1.199651e-01  7.802322e-04  1.219447e-02 -1.716115e-04 -8.530721e-01  4.677906e-02  1.077706e-01  1.662630e+00  5.952523e-02  1.711737e-01 -1.529181e-03 -1.096066e-04  2.387591e-02  1.664159e+00  5.963484e-02  1.472978e-01 



Average loading for wing surface: 3 --> VSP Surface: 3 ... NOTE: values are per area! 

  Station     S       Chord     Area      V/Vref        Cx            Cy            Cz           Cxo           Cyo           Czo          Cxi            Cyi           Czi           Cl            Cd            Cs            Clo           Cdo           Cso           Cli           Cdi           Csi           Cmx           Cmy           Cmz          Cmxo          Cmyo          Cmzo          Cmxi          Cmyi          Cmzi 
        1   0.03092   0.12926   0.00606   0.98135  1.938179e-01 -1.341685e-04 -8.176868e-01  1.328444e-02 -1.272829e-04  2.898580e-03  1.805334e-01 -6.885579e-06 -8.205854e-01 -8.176868e-01  1.938179e-01  1.327756e-02  2.898580e-03  1.328444e-02 -1.272829e-04 -8.205854e-01  1.805334e-01 -6.885579e-06 -1.468307e-01  1.502633e+00 -3.505185e-02  5.506368e-04 -1.988386e-03 -2.610931e-03 -1.473813e-01  1.504621e+00 -3.244092e-02 
        2   0.09793   0.12926   0.00606   0.98128  1.897859e-01 -7.960264e-05 -8.124530e-01  1.322389e-02 -1.345438e-04  2.868279e-03  1.765620e-01  5.494118e-05 -8.153212e-01 -8.124530e-01  1.897859e-01  1.327883e-02  2.868279e-03  1.322389e-02 -1.345438e-04 -8.153212e-01  1.765620e-01  5.494118e-05 -4.377491e-01  1.492300e+00 -1.023833e-01  1.577190e-03 -1.949107e-03 -7.362895e-03 -4.393262e-01  1.494249e+00 -9.502045e-02 
        3   0.17009   0.12926   0.00606   0.98222  1.802079e-01 -1.987458e-04 -7.924805e-01  1.300599e-02 -2.068575e-04  2.817602e-03  1.672020e-01  8.111761e-06 -7.952981e-01 -7.924805e-01  1.802079e-01  1.301410e-02  2.817602e-03  1.300599e-02 -2.068575e-04 -7.952981e-01  1.672020e-01  8.111761e-06 -7.115637e-01  1.449443e+00 -1.621641e-01  2.579038e-03 -1.910955e-03 -1.204508e-02 -7.141427e-01  1.451354e+00 -1.501190e-01 
        4   0.24226   0.12926   0.00606   0.98220  1.912095e-01 -1.737326e-04 -8.177475e-01  1.329112e-02 -1.631786e-04  2.869088e-03  1.779183e-01 -1.055404e-05 -8.206166e-01 -8.177475e-01  1.912095e-01  1.328056e-02  2.869088e-03  1.329112e-02 -1.631786e-04 -8.206166e-01  1.779183e-01 -1.055404e-05 -1.028033e+00  1.505813e+00 -2.407085e-01  3.645531e-03 -1.934666e-03 -1.699804e-02 -1.031679e+00  1.507748e+00 -2.237104e-01 
        5   0.31442   0.12926   0.00606   0.98623  1.890973e-01  3.306777e-04 -7.998004e-01  1.313030e-02  1.431848e-04  2.848948e-03  1.759670e-01  1.874929e-04 -8.026493e-01 -7.998004e-01  1.890973e-01  1.331779e-02  2.848948e-03  1.313030e-02  1.431848e-04 -8.026493e-01  1.759670e-01  1.874929e-04 -1.292806e+00  1.468798e+00 -3.050040e-01  4.571210e-03 -1.937028e-03 -2.097054e-02 -1.297377e+00  1.470735e+00 -2.840334e-01 
        6   0.38659   0.12926   0.00606   0.98731  1.843161e-01  4.904557e-04 -7.911984e-01  1.304388e-02  2.813565e-04  2.811446e-03  1.712722e-01  2.090992e-04 -7.940098e-01 -7.911984e-01  1.843161e-01  1.325298e-02  2.811446e-03  1.304388e-02  2.813565e-04 -7.940098e-01  1.712722e-01  2.090992e-04 -1.563212e+00  1.453250e+00 -3.632183e-01  5.487834e-03 -1.891123e-03 -2.527189e-02 -1.568700e+00  1.455141e+00 -3.379464e-01 
        7   0.45876   0.12926   0.00606   0.99139  1.817510e-01  6.231739e-04 -7.861794e-01  1.300973e-02  5.384125e-04  2.828320e-03  1.687412e-01  8.476146e-05 -7.890078e-01 -7.861794e-01  1.817510e-01  1.309449e-02  2.828320e-03  1.300973e-02  5.384125e-04 -7.890078e-01  1.687412e-01  8.476146e-05 -1.835654e+00  1.443010e+00 -4.231972e-01  6.476402e-03 -1.929024e-03 -2.942297e-02 -1.842131e+00  1.444939e+00 -3.937742e-01 
        8   0.53092   0.12926   0.00606   0.99329  1.894433e-01  9.129876e-04 -7.830095e-01  1.300211e-02  7.258916e-04  2.826302e-03  1.764412e-01  1.870960e-04 -7.858359e-01 -7.830095e-01  1.894433e-01  1.318920e-02  2.826302e-03  1.300211e-02  7.258916e-04 -7.858359e-01  1.764412e-01  1.870960e-04 -2.109842e+00  1.439730e+00 -5.087649e-01  7.442624e-03 -1.927254e-03 -3.374402e-02 -2.117285e+00  1.441657e+00 -4.750209e-01 
        9   0.60309   0.12926   0.00606   0.99663  1.842480e-01  3.467930e-03 -7.910438e-01  1.299278e-02  1.907970e-03  2.778933e-03  1.712552e-01  1.559960e-03 -7.938227e-01 -7.910438e-01  1.842480e-01  1.455275e-02  2.778933e-03  1.299278e-02  1.907970e-03 -7.938227e-01  1.712552e-01  1.559960e-03 -2.416491e+00  1.455137e+00 -5.562029e-01  8.034086e-03 -1.845699e-03 -3.629581e-02 -2.424525e+00  1.456983e+00 -5.199071e-01 
       10   0.67525   0.12926   0.00606   1.00277  2.254957e-01  3.300061e-03 -7.983651e-01  1.311536e-02  2.244380e-03  2.998143e-03  2.123804e-01  1.055681e-03 -8.013633e-01 -7.983651e-01  2.254957e-01  1.417104e-02  2.998143e-03  1.311536e-02  2.244380e-03 -8.013633e-01  2.123804e-01  1.055681e-03 -2.720332e+00  1.491191e+00 -7.625625e-01  9.700871e-03 -2.204354e-03 -4.078624e-02 -2.730033e+00  1.493395e+00 -7.217762e-01 
       11   0.74742   0.12926   0.00606   1.00876  2.776757e-01  3.076170e-02 -7.862375e-01  1.282951e-02  2.664413e-03  3.973257e-03  2.648462e-01  2.809729e-02 -7.902108e-01 -7.862375e-01  2.776757e-01  4.092679e-02  3.973257e-03  1.282951e-02  2.664413e-03 -7.902108e-01  2.648462e-01  2.809729e-02 -2.979859e+00  1.526664e+00 -9.640250e-01  1.435634e-02 -3.995999e-03 -4.367646e-02 -2.994215e+00  1.530660e+00 -9.203485e-01 
       12   0.81959   0.12926   0.00606   0.99556  2.329473e-01  1.179746e-01 -1.103564e+00  1.648630e-02  4.844126e-03  1.498769e-03  2.164610e-01  1.131304e-01 -1.105062e+00 -1.103564e+00  2.329473e-01  1.296167e-01  1.498769e-03  1.648630e-02  4.844126e-03 -1.105062e+00  2.164610e-01  1.131304e-01 -4.618661e+00  2.019878e+00 -7.227504e-01  5.047282e-03  1.242720e-03 -5.953613e-02 -4.623709e+00  2.018635e+00 -6.632143e-01 
       13   0.89175   0.12926   0.00606   1.09323  3.168811e-01  1.126239e-01 -1.433586e+00  1.930374e-02  9.764983e-03  5.256821e-03  2.975774e-01  1.028589e-01 -1.438843e+00 -1.433586e+00  3.168811e-01  1.221626e-01  5.256821e-03  1.930374e-02  9.764983e-03 -1.438843e+00  2.975774e-01  1.028589e-01 -6.460694e+00  2.511181e+00 -1.219372e+00  2.129729e-02 -4.736831e-03 -6.940740e-02 -6.481991e+00  2.515918e+00 -1.149965e+00 
       14   0.96392   0.12926   0.00606   0.96318  4.030373e-01  2.429091e-02 -1.837257e+00  3.092158e-02  6.127967e-03  8.270506e-03  3.721157e-01  1.816294e-02 -1.845527e+00 -1.837257e+00  4.030373e-01  4.908452e-02  8.270506e-03  3.092158e-02  6.127967e-03 -1.845527e+00  3.721157e-01  1.816294e-02 -8.886960e+00  3.214663e+00 -1.901415e+00  3.865821e-02 -7.322262e-03 -1.391091e-01 -8.925618e+00  3.221986e+00 -1.762306e+00 



Average loading for wing surface: 4 --> VSP Surface: 4 ... NOTE: values are per area! 

  Station     S       Chord     Area      V/Vref        Cx            Cy            Cz           Cxo           Cyo           Czo          Cxi            Cyi           Czi           Cl            Cd            Cs            Clo           Cdo           Cso           Cli           Cdi           Csi           Cmx           Cmy           Cmz          Cmxo          Cmyo          Cmzo          Cmxi          Cmyi          Cmzi 
        1   0.03092   0.12926   0.00606   0.98094  1.931980e-01  1.789249e-04 -8.171439e-01  1.327455e-02  1.611670e-04  2.894108e-03  1.799235e-01  1.775791e-05 -8.200380e-01 -8.171439e-01  1.931980e-01  1.329230e-02  2.894108e-03  1.327455e-02  1.611670e-04 -8.200380e-01  1.799235e-01  1.775791e-05  1.467253e-01  1.501446e+00  3.502458e-02 -5.578344e-04 -1.982817e-03  2.669065e-03  1.472831e-01  1.503429e+00  3.235551e-02 
        2   0.09793   0.12926   0.00606   0.98059  1.903425e-01  1.241416e-04 -8.111247e-01  1.320285e-02  1.627105e-04  2.879865e-03  1.771396e-01 -3.856894e-05 -8.140046e-01 -8.111247e-01  1.903425e-01  1.316428e-02  2.879865e-03  1.320285e-02  1.627105e-04 -8.140046e-01  1.771396e-01 -3.856894e-05  4.370289e-01  1.489784e+00  1.027674e-01 -1.590084e-03 -1.974560e-03  7.401362e-03  4.386190e-01  1.491758e+00  9.536602e-02 
        3   0.17009   0.12926   0.00606   0.98135  1.809906e-01  1.867303e-04 -7.890248e-01  1.296118e-02  2.272425e-04  2.831317e-03  1.680294e-01 -4.051218e-05 -7.918561e-01 -7.890248e-01  1.809906e-01  1.292066e-02  2.831317e-03  1.296118e-02  2.272425e-04 -7.918561e-01  1.680294e-01 -4.051218e-05  7.084653e-01  1.443263e+00  1.628380e-01 -2.596168e-03 -1.945787e-03  1.204088e-02  7.110615e-01  1.445209e+00  1.507971e-01 
        4   0.24226   0.12926   0.00606   0.98112  1.914985e-01 -9.418038e-05 -8.088295e-01  1.318539e-02  1.829137e-04  2.875968e-03  1.783131e-01 -2.770941e-04 -8.117055e-01 -8.088295e-01  1.914985e-01  1.290830e-02  2.875968e-03  1.318539e-02  1.829137e-04 -8.117055e-01  1.783131e-01 -2.770941e-04  1.016890e+00  1.490803e+00  2.405608e-01 -3.658840e-03 -1.971793e-03  1.690002e-02  1.020549e+00  1.492775e+00  2.236608e-01 
        5   0.31442   0.12926   0.00606   0.98338  1.774180e-01 -6.808204e-04 -7.747911e-01  1.283351e-02 -7.574544e-05  2.787276e-03  1.645845e-01 -6.050750e-04 -7.775783e-01 -7.747911e-01  1.774180e-01  1.222843e-02  2.787276e-03  1.283351e-02 -7.574544e-05 -7.775783e-01  1.645845e-01 -6.050750e-04  1.252408e+00  1.427486e+00  2.854347e-01 -4.487447e-03 -1.898059e-03  2.061006e-02  1.256895e+00  1.429384e+00  2.648246e-01 
        6   0.38659   0.12926   0.00606   0.98445  1.729317e-01 -7.268419e-04 -7.610643e-01  1.270063e-02 -2.216755e-04  2.745661e-03  1.602311e-01 -5.051664e-04 -7.638100e-01 -7.610643e-01  1.729317e-01  1.219546e-02  2.745661e-03  1.270063e-02 -2.216755e-04 -7.638100e-01  1.602311e-01 -5.051664e-04  1.503688e+00  1.404645e+00  3.402656e-01 -5.371960e-03 -1.855853e-03  2.469929e-02  1.509060e+00  1.406501e+00  3.155663e-01 
        7   0.45876   0.12926   0.00606   0.98743  1.677420e-01 -8.156351e-04 -7.578869e-01  1.268084e-02 -4.765926e-04  2.730823e-03  1.550611e-01 -3.390425e-04 -7.606178e-01 -7.578869e-01  1.677420e-01  1.234180e-02  2.730823e-03  1.268084e-02 -4.765926e-04 -7.606178e-01  1.550611e-01 -3.390425e-04  1.769720e+00  1.401112e+00  3.901222e-01 -6.263362e-03 -1.834289e-03  2.876441e-02  1.775983e+00  1.402946e+00  3.613578e-01 
        8   0.53092   0.12926   0.00606   0.98868  1.715435e-01 -9.157939e-04 -7.535089e-01  1.265699e-02 -6.336804e-04  2.697754e-03  1.588865e-01 -2.821135e-04 -7.562066e-01 -7.535089e-01  1.715435e-01  1.237487e-02  2.697754e-03  1.265699e-02 -6.336804e-04 -7.562066e-01  1.588865e-01 -2.821135e-04  2.030589e+00  1.393718e+00  4.605733e-01 -7.118091e-03 -1.781452e-03  3.297732e-02  2.037707e+00  1.395499e+00  4.275960e-01 
        9   0.60309   0.12926   0.00606   0.99150  1.775644e-01 -3.639115e-03 -7.644082e-01  1.265266e-02 -1.810121e-03  2.882313e-03  1.649117e-01 -1.828994e-03 -7.672905e-01 -7.644082e-01  1.775644e-01  1.082367e-02  2.882313e-03  1.265266e-02 -1.810121e-03 -7.672905e-01  1.649117e-01 -1.828994e-03  2.335294e+00  1.413351e+00  5.354273e-01 -8.372828e-03 -2.108801e-03  3.543036e-02  2.343667e+00  1.415460e+00  4.999969e-01 
       10   0.67525   0.12926   0.00606   0.99779  2.184190e-01 -7.536287e-03 -8.152683e-01  1.321490e-02 -2.301626e-03  3.048123e-03  2.052041e-01 -5.234661e-03 -8.183164e-01 -8.152683e-01  2.184190e-01  7.980237e-03  3.048123e-03  1.321490e-02 -2.301626e-03 -8.183164e-01  2.052041e-01 -5.234661e-03  2.782078e+00  1.537674e+00  7.302523e-01 -9.857902e-03 -2.269222e-03  4.102469e-02  2.791935e+00  1.539943e+00  6.892276e-01 
       11   0.74742   0.12926   0.00606   1.00821  3.688687e-01 -1.514053e-01 -1.118685e+00  1.681461e-02 -3.807000e-03  4.897574e-03  3.520541e-01 -1.475983e-01 -1.123582e+00 -1.118685e+00  3.688687e-01 -1.307837e-01  4.897574e-03  1.681461e-02 -3.807000e-03 -1.123582e+00  3.520541e-01 -1.475983e-01  4.305759e+00  2.224596e+00  1.043193e+00 -1.757269e-02 -4.689365e-03  5.668633e-02  4.323332e+00  2.229286e+00  9.865068e-01 
       12   0.81959   0.12926   0.00606   0.83694  9.459829e-01 -1.030415e-01 -1.766018e+00  3.572855e-02 -1.214516e-02  1.330168e-02  9.102543e-01 -9.089634e-02 -1.779320e+00 -1.766018e+00  9.459829e-01 -5.516779e-02  1.330168e-02  3.572855e-02 -1.214516e-02 -1.779320e+00  9.102543e-01 -9.089634e-02  7.312900e+00  3.622374e+00  3.699585e+00 -5.207858e-02 -1.508311e-02  1.261123e-01  7.364978e+00  3.637457e+00  3.573473e+00 
       13   0.89175   0.12926   0.00606   1.08025  2.461247e-01 -8.951075e-02 -1.200359e+00  1.688516e-02 -6.629264e-03  4.919802e-03  2.292395e-01 -8.288149e-02 -1.205279e+00 -1.200359e+00  2.461247e-01 -6.599633e-02  4.919802e-03  1.688516e-02 -6.629264e-03 -1.205279e+00  2.292395e-01 -8.288149e-02  5.333839e+00  2.035569e+00  1.006312e+00 -2.052450e-02 -4.712009e-03  6.409246e-02  5.354364e+00  2.040281e+00  9.422194e-01 
       14   0.96392   0.12926   0.00606   1.08891 -2.000664e-01 -1.414757e-01 -7.072002e-01  1.192105e-02 -5.433965e-03  7.403682e-06 -2.119875e-01 -1.360417e-01 -7.072076e-01 -7.072002e-01 -2.000664e-01 -1.241207e-01  7.403682e-06  1.192105e-02 -5.433965e-03 -7.072076e-01 -2.119875e-01 -1.360417e-01  3.481109e+00  1.289601e+00 -1.217692e+00  1.247175e-03  2.801727e-03  4.819920e-02  3.479862e+00  1.286799e+00 -1.265892e+00 



Average loading for wing surface: 5 --> VSP Surface: 5 ... NOTE: values are per area! 

  Station     S       Chord     Area      V/Vref        Cx            Cy            Cz           Cxo           Cyo           Czo          Cxi            Cyi           Czi           Cl            Cd            Cs            Clo           Cdo           Cso           Cli           Cdi           Csi           Cmx           Cmy           Cmz          Cmxo          Cmyo          Cmzo          Cmxi          Cmyi          Cmzi 
        1   0.24304   0.45000   0.01350   1.08182  4.743183e-03 -1.334799e-01  4.624592e-01  8.767707e-03  4.836956e-05 -4.808963e-04 -4.024525e-03 -1.335282e-01  4.629401e-01  4.624592e-01  4.743183e-03 -1.247605e-01 -4.808963e-04  8.767707e-03  4.836956e-05  4.629401e-01 -4.024525e-03 -1.335282e-01  6.580349e-01 -8.415625e-02  1.951871e-02 -6.907781e-04 -6.021153e-04 -1.265484e-02  6.587257e-01 -8.355413e-02  3.217355e-02 
        2   0.55031   0.45000   0.01350   1.01686  3.932915e-01  5.878935e-01 -1.373106e+00  9.828829e-03  8.827617e-05  4.914770e-04  3.834627e-01  5.878053e-01 -1.373598e+00 -1.373106e+00  3.932915e-01  5.976341e-01  4.914770e-04  9.828829e-03  8.827617e-05 -1.373598e+00  3.834627e-01  5.878053e-01 -1.996335e+00  5.323386e-01 -2.527969e-01  7.110523e-04 -2.248961e-04 -1.417962e-02 -1.997046e+00  5.325635e-01 -2.386173e-01 
        3   0.67879   0.45000   0.01350   0.87436 -2.432810e-01  4.613445e-01 -1.616897e+00  7.605377e-03  1.819842e-04 -3.784262e-04 -2.508864e-01  4.611625e-01 -1.616519e+00 -1.616897e+00 -2.432810e-01  4.687679e-01 -3.784262e-04  7.605377e-03  1.819842e-04 -1.616519e+00 -2.508864e-01  4.611625e-01 -2.340362e+00  4.290580e-01  4.102111e-01 -5.563954e-04  4.840492e-04 -1.094932e-02 -2.339805e+00  4.285740e-01  4.211604e-01 
        4   0.80728   0.45000   0.01350   0.83579  2.142425e-02  3.467460e-01  2.276974e-01  6.485631e-03 -1.364236e-04 -1.386366e-04  1.493862e-02  3.468824e-01  2.278361e-01  2.276974e-01  2.142425e-02  3.533680e-01 -1.386366e-04  6.485631e-03 -1.364236e-04  2.278361e-01  1.493862e-02  3.468824e-01  2.872788e-01 -1.756167e-01  1.027284e-02 -1.838266e-04  8.085127e-04 -9.395292e-03  2.874626e-01 -1.764252e-01  1.966813e-02 
        5   0.93576   0.45000   0.01350   0.84655  7.273346e-03  2.539207e-01  7.727472e-03  6.102014e-03 -4.275280e-05 -8.958630e-05  1.171332e-03  2.539635e-01  7.817058e-03  7.727472e-03  7.273346e-03  2.600655e-01 -8.958630e-05  6.102014e-03 -4.275280e-05  7.817058e-03  1.171332e-03  2.539635e-01 -3.652520e-02  2.492745e-03  2.840811e-02 -1.214045e-04  1.159359e-03 -8.822531e-03 -3.640380e-02  1.333386e-03  3.723064e-02 



Average loading for wing surface: 6 --> VSP Surface: 6 ... NOTE: values are per area! 

  Station     S       Chord     Area      V/Vref        Cx            Cy            Cz           Cxo           Cyo           Czo          Cxi            Cyi           Czi           Cl            Cd            Cs            Clo           Cdo           Cso           Cli           Cdi           Csi           Cmx           Cmy           Cmz          Cmxo          Cmyo          Cmzo          Cmxi          Cmyi          Cmzi 
        1   0.24304   0.45000   0.01350   1.04589  1.843217e-02  1.596534e-01  4.053028e-01  8.248880e-03 -3.327995e-04 -9.501463e-04  1.018329e-02  1.599862e-01  4.062529e-01  4.053028e-01  1.843217e-02  1.682351e-01 -9.501463e-04  8.248880e-03 -3.327995e-04  4.062529e-01  1.018329e-02  1.599862e-01 -5.746728e-01 -4.687331e-02  4.296777e-02  1.345945e-03 -4.674028e-04  1.184880e-02 -5.760187e-01 -4.640590e-02  3.111897e-02 
        2   0.55031   0.45000   0.01350   1.01842  4.906060e-01  3.912569e-01 -2.546332e-01  8.625236e-03  3.657562e-04 -1.041424e-03  4.819808e-01  3.908911e-01 -2.535918e-01 -2.546332e-01  4.906060e-01  3.995163e-01 -1.041424e-03  8.625236e-03  3.657562e-04 -2.535918e-01  4.819808e-01  3.908911e-01  3.586688e-01 -1.348349e-01  1.013215e+00  1.509008e-03  9.582892e-05  1.253149e-02  3.571598e-01 -1.349307e-01  1.000684e+00 
        3   0.67879   0.45000   0.01350   1.00802  1.634280e-02  2.004503e-01 -7.045987e-01  7.460175e-03  1.565593e-03 -1.970272e-03  8.882627e-03  1.988847e-01 -7.026284e-01 -7.045987e-01  1.634280e-02  2.063449e-01 -1.970272e-03  7.460175e-03  1.565593e-03 -7.026284e-01  8.882627e-03  1.988847e-01  1.021476e+00 -6.015096e-02  4.114093e-01  2.761814e-03  7.931473e-04  1.108748e-02  1.018714e+00 -6.094411e-02  4.003219e-01 
        4   0.80728   0.45000   0.01350   0.91039  3.370640e-02 -3.957162e-01 -1.904263e-02  7.415606e-03 -4.115209e-05 -1.189697e-03  2.629079e-02 -3.956750e-01 -1.785293e-02 -1.904263e-02  3.370640e-02 -3.882594e-01 -1.189697e-03  7.415606e-03 -4.115209e-05 -1.785293e-02  2.629079e-02 -3.956750e-01  7.905467e-02  1.470413e-02 -7.103665e-03  1.723406e-03  1.129731e-03  1.070324e-02  7.733126e-02  1.357440e-02 -1.780690e-02 
        5   0.93576   0.45000   0.01350   0.89243  9.141148e-03 -3.404813e-01  2.421658e-02  6.976333e-03  2.240456e-05 -7.141593e-04  2.164815e-03 -3.405037e-01  2.493074e-02  2.421658e-02  9.141148e-03 -3.335274e-01 -7.141593e-04  6.976333e-03  2.240456e-05  2.493074e-02  2.164815e-03 -3.405037e-01  2.645435e-02 -9.422396e-03 -6.813543e-02  1.027372e-03  1.447259e-03  1.008139e-02  2.542698e-02 -1.086966e-02 -7.821681e-02 



Average loading for wing surface: 7 --> VSP Surface: 7 ... NOTE: values are per area! 

  Station     S       Chord     Area      V/Vref        Cx            Cy            Cz           Cxo           Cyo           Czo          Cxi            Cyi           Czi           Cl            Cd            Cs            Clo           Cdo           Cso           Cli           Cdi           Csi           Cmx           Cmy           Cmz          Cmxo          Cmyo          Cmzo          Cmxi          Cmyi          Cmzi 
        1   0.09614   0.17920   0.00193   0.86235  7.273463e-02 -4.087134e-01 -7.748342e-02  8.055793e-03  1.336814e-03  1.574886e-04  6.467884e-02 -4.100502e-01 -7.764091e-02 -7.748342e-02  7.273463e-02 -4.019944e-01  1.574886e-04  8.055793e-03  1.336814e-03 -7.764091e-02  6.467884e-02 -4.100502e-01 -2.123898e-01  1.821351e-02 -2.206045e-01  4.387265e-04 -1.985579e-05 -2.227302e-02 -2.128286e-01  1.823337e-02 -1.983315e-01 
        2   0.21473   0.17920   0.00193   0.89743  7.743654e-02 -5.012453e-01 -9.318641e-02  9.092862e-03  1.519718e-03  3.035588e-04  6.834368e-02 -5.027650e-01 -9.348997e-02 -9.318641e-02  7.743654e-02 -4.936722e-01  3.035588e-04  9.092862e-03  1.519718e-03 -9.348997e-02  6.834368e-02 -5.027650e-01 -2.268907e-01  2.556034e-02 -2.053675e-01  7.531067e-04  5.157443e-04 -2.514070e-02 -2.276439e-01  2.504460e-02 -1.802268e-01 
        3   0.25960   0.17920   0.00193   0.93236  6.307233e-02 -5.258210e-01 -1.843094e-02  9.625190e-03  1.614392e-03  3.189514e-04  5.344714e-02 -5.274353e-01 -1.874989e-02 -1.843094e-02  6.307233e-02 -5.178102e-01  3.189514e-04  9.625190e-03  1.614392e-03 -1.874989e-02  5.344714e-02 -5.274353e-01  9.987509e-03  1.041506e-02 -1.427318e-01  6.954825e-04  1.111260e-03 -2.661271e-02  9.292026e-03  9.303796e-03 -1.161191e-01 
        4   0.30447   0.17920   0.00193   0.93216  6.591414e-02 -5.479966e-01 -4.128408e-03  9.795065e-03  1.642592e-03  3.133170e-04  5.611907e-02 -5.496392e-01 -4.441725e-03 -4.128408e-03  6.591414e-02 -5.398442e-01  3.133170e-04  9.795065e-03  1.642592e-03 -4.441725e-03  5.611907e-02 -5.496392e-01  8.356888e-02  1.190397e-02 -1.344848e-01  5.802199e-04  1.705890e-03 -2.708239e-02  8.298866e-02  1.019808e-02 -1.074024e-01 
        5   0.34934   0.17920   0.00193   0.94296  4.487380e-02 -5.610932e-01 -4.001962e-03  9.988027e-03  1.674117e-03  2.428768e-04  3.488577e-02 -5.627672e-01 -4.244839e-03 -4.001962e-03  4.487380e-02 -5.527792e-01  2.428768e-04  9.988027e-03  1.674117e-03 -4.244839e-03  3.488577e-02 -5.627672e-01  1.191565e-01  1.125275e-02 -6.837010e-02  2.820395e-04  2.323755e-03 -2.761588e-02  1.188744e-01  8.928995e-03 -4.075422e-02 
        6   0.39422   0.17920   0.00193   0.94239  4.422770e-02 -5.796946e-01 -3.827444e-03  1.012729e-02  1.697084e-03  2.604830e-04  3.410041e-02 -5.813917e-01 -4.087927e-03 -3.827444e-03  4.422770e-02 -5.712644e-01  2.604830e-04  1.012729e-02  1.697084e-03 -4.087927e-03  3.410041e-02 -5.813917e-01  1.579801e-01  1.379004e-02 -6.189508e-02  2.256096e-04  2.951504e-03 -2.800092e-02  1.577545e-01  1.083853e-02 -3.389416e-02 
        7   0.43909   0.17920   0.00193   0.94320  5.370666e-02 -5.968750e-01 -1.251687e-03  1.028614e-02  1.716704e-03  2.682767e-04  4.342052e-02 -5.985917e-01 -1.519964e-03 -1.251687e-03  5.370666e-02 -5.883056e-01  2.682767e-04  1.028614e-02  1.716704e-03 -1.519964e-03  4.342052e-02 -5.985917e-01  2.050159e-01  1.912424e-02 -8.413102e-02  1.405726e-04  3.602142e-03 -2.843991e-02  2.048753e-01  1.552209e-02 -5.569112e-02 
        8   0.48396   0.17920   0.00193   0.94264  5.355366e-02 -6.029068e-01  3.852554e-04  1.033057e-02  1.722313e-03  2.736368e-04  4.322309e-02 -6.046291e-01  1.116187e-04  3.852554e-04  5.355366e-02 -5.942985e-01  2.736368e-04  1.033057e-02  1.722313e-03  1.116187e-04  4.322309e-02 -6.046291e-01  2.470429e-01  2.184295e-02 -8.175313e-02  5.223318e-05  4.224668e-03 -2.856268e-02  2.469907e-01  1.761829e-02 -5.319046e-02 
        9   0.52884   0.17920   0.00193   0.96057  4.588406e-02 -6.033728e-01  1.029735e-03  1.050825e-02  1.730839e-03  2.475523e-04  3.537581e-02 -6.051037e-01  7.821829e-04  1.029735e-03  4.588406e-02 -5.945954e-01  2.475523e-04  1.050825e-02  1.730839e-03  7.821829e-04  3.537581e-02 -6.051037e-01  2.844885e-01  2.127391e-02 -6.201098e-02 -1.248994e-04  4.913616e-03 -2.905327e-02  2.846134e-01  1.636029e-02 -3.295771e-02 
       10   0.57371   0.17920   0.00193   0.96010  4.825296e-02 -6.005173e-01  1.606293e-03  1.048332e-02  1.725130e-03  2.550935e-04  3.776964e-02 -6.022424e-01  1.351199e-03  1.606293e-03  4.825296e-02 -5.917591e-01  2.550935e-04  1.048332e-02  1.725130e-03  1.351199e-03  3.776964e-02 -6.022424e-01  3.199994e-01  2.505291e-02 -6.907512e-02 -2.027608e-04  5.518027e-03 -2.898430e-02  3.202022e-01  1.953488e-02 -4.009082e-02 
       11   0.61858   0.17920   0.00193   0.95854  4.981463e-02 -5.906870e-01  2.043775e-03  1.039132e-02  1.705286e-03  2.683983e-04  3.942331e-02 -5.923922e-01  1.775377e-03  2.043775e-03  4.981463e-02 -5.820009e-01  2.683983e-04  1.039132e-02  1.705286e-03  1.775377e-03  3.942331e-02 -5.923922e-01  3.507238e-01  2.872709e-02 -7.422812e-02 -2.557870e-04  6.080502e-03 -2.872979e-02  3.509796e-01  2.264659e-02 -4.549833e-02 
       12   0.66345   0.17920   0.00193   0.96734  4.534459e-02 -5.768905e-01  2.417005e-03  1.037593e-02  1.692224e-03  2.426695e-04  3.496866e-02 -5.785827e-01  2.174335e-03  2.417005e-03  4.534459e-02 -5.682068e-01  2.426695e-04  1.037593e-02  1.692224e-03  2.174335e-03  3.496866e-02 -5.785827e-01  3.775720e-01  2.871565e-02 -6.485940e-02 -4.185580e-04  6.680178e-03 -2.868688e-02  3.779905e-01  2.203547e-02 -3.617252e-02 
       13   0.70833   0.17920   0.00193   0.97060  4.579026e-02 -5.472737e-01  3.350799e-03  1.019775e-02  1.651180e-03  2.173150e-04  3.559251e-02 -5.489249e-01  3.133484e-03  3.350799e-03  4.579026e-02 -5.387271e-01  2.173150e-04  1.019775e-02  1.651180e-03  3.133484e-03  3.559251e-02 -5.489249e-01  3.932215e-01  3.148560e-02 -6.576146e-02 -5.591235e-04  7.163819e-03 -2.819388e-02  3.937806e-01  2.432178e-02 -3.756758e-02 
       14   0.75320   0.17920   0.00193   0.96885  3.933918e-02 -5.240778e-01  4.221942e-03  1.000967e-02  1.618766e-03  2.223060e-04  2.932950e-02 -5.256966e-01  3.999636e-03  4.221942e-03  3.933918e-02 -5.156869e-01  2.223060e-04  1.000967e-02  1.618766e-03  3.999636e-03  2.932950e-02 -5.256966e-01  4.101255e-01  2.912008e-02 -5.464642e-02 -6.176907e-04  7.619969e-03 -2.767384e-02  4.107432e-01  2.150011e-02 -2.697258e-02 
       15   0.79807   0.17920   0.00193   0.96718  3.965333e-02 -4.814594e-01  4.494708e-03  9.711554e-03  1.561809e-03  1.994397e-04  2.994177e-02 -4.830212e-01  4.295268e-03  4.494708e-03  3.965333e-02 -4.733097e-01  1.994397e-04  9.711554e-03  1.561809e-03  4.295268e-03  2.994177e-02 -4.830212e-01  4.067059e-01  3.162944e-02 -5.615273e-02 -7.292156e-04  7.962974e-03 -2.684935e-02  4.074351e-01  2.366647e-02 -2.930338e-02 
       16   0.84295   0.17920   0.00193   0.97461  3.580369e-02 -4.381624e-01  5.244851e-03  9.547981e-03  1.509655e-03  1.398597e-04  2.625571e-02 -4.396720e-01  5.104991e-03  5.244851e-03  3.580369e-02 -4.301240e-01  1.398597e-04  9.547981e-03  1.509655e-03  5.104991e-03  2.625571e-02 -4.396720e-01  3.989881e-01  3.067679e-02 -5.272532e-02 -9.395787e-04  8.387916e-03 -2.639629e-02  3.999276e-01  2.228888e-02 -2.632903e-02 
       17   0.88782   0.17920   0.00193   0.97232  3.425711e-02 -3.893943e-01  1.065356e-02  9.257063e-03  1.457775e-03  8.056065e-05  2.500005e-02 -3.908521e-01  1.057299e-02  1.065356e-02  3.425711e-02 -3.815950e-01  8.056065e-05  9.257063e-03  1.457775e-03  1.057299e-02  2.500005e-02 -3.908521e-01  3.937826e-01  3.060438e-02 -5.880751e-02 -1.143296e-03  8.674356e-03 -2.559184e-02  3.949259e-01  2.193003e-02 -3.321567e-02 
       18   0.93269   0.17920   0.00193   0.95887  4.114771e-02 -3.355697e-01  4.446117e-02  8.826970e-03  1.355584e-03 -9.755845e-06  3.232074e-02 -3.369253e-01  4.447093e-02  4.446117e-02  4.114771e-02 -3.280983e-01 -9.755845e-06  8.826970e-03  1.355584e-03  4.447093e-02  3.232074e-02 -3.369253e-01  4.557700e-01  3.107124e-02 -9.641343e-02 -1.376427e-03  8.787075e-03 -2.440171e-02  4.571464e-01  2.228417e-02 -7.201172e-02 
       19   0.97756   0.17920   0.00193   0.94692  3.305801e-02 -2.366342e-01  3.667694e-02  8.274444e-03  1.236109e-03 -1.124408e-04  2.478356e-02 -2.378703e-01  3.678938e-02  3.667694e-02  3.305801e-02 -2.295959e-01 -1.124408e-04  8.274444e-03  1.236109e-03  3.678938e-02  2.478356e-02 -2.378703e-01  3.494317e-01  2.574273e-02 -8.362964e-02 -1.613461e-03  8.719793e-03 -2.287317e-02  3.510452e-01  1.702294e-02 -6.075647e-02 



Average loading for wing surface: 8 --> VSP Surface: 8 ... NOTE: values are per area! 

  Station     S       Chord     Area      V/Vref        Cx            Cy            Cz           Cxo           Cyo           Czo          Cxi            Cyi           Czi           Cl            Cd            Cs            Clo           Cdo           Cso           Cli           Cdi           Csi           Cmx           Cmy           Cmz          Cmxo          Cmyo          Cmzo          Cmxi          Cmyi          Cmzi 
        1   0.09614   0.17920   0.00193   0.86175  7.095471e-02  3.979056e-01 -7.525526e-02  7.974744e-03 -1.321317e-03  1.829575e-04  6.297997e-02  3.992269e-01 -7.543822e-02 -7.525526e-02  7.095471e-02  4.072016e-01  1.829575e-04  7.974744e-03 -1.321317e-03 -7.543822e-02  6.297997e-02  3.992269e-01  2.062521e-01  1.788571e-02  2.155077e-01 -5.089607e-04 -1.878988e-05  2.204886e-02  2.067611e-01  1.790450e-02  1.934588e-01 
        2   0.21473   0.17920   0.00193   0.89693  7.588632e-02  4.895460e-01 -9.095804e-02  8.997445e-03 -1.497714e-03  3.186684e-04  6.688888e-02  4.910437e-01 -9.127671e-02 -9.095804e-02  7.588632e-02  5.000411e-01  3.186684e-04  8.997445e-03 -1.497714e-03 -9.127671e-02  6.688888e-02  4.910437e-01  2.215572e-01  2.518758e-02  2.023079e-01 -7.960267e-04  5.109180e-04  2.487669e-02  2.223533e-01  2.467666e-02  1.774312e-01 
        3   0.25960   0.17920   0.00193   0.93124  6.150071e-02  5.122142e-01 -1.872686e-02  9.512522e-03 -1.586620e-03  3.263428e-04  5.198819e-02  5.138008e-01 -1.905320e-02 -1.872686e-02  6.150071e-02  5.233133e-01  3.263428e-04  9.512522e-03 -1.586620e-03 -1.905320e-02  5.198819e-02  5.138008e-01 -7.564992e-03  1.044243e-02  1.398701e-01 -7.190560e-04  1.098609e-03  2.630091e-02 -6.845936e-03  9.343822e-03  1.135692e-01 
        4   0.30447   0.17920   0.00193   0.93089  6.423642e-02  5.339110e-01 -4.587490e-03  9.673125e-03 -1.613244e-03  3.188542e-04  5.456330e-02  5.355242e-01 -4.906344e-03 -4.587490e-03  6.423642e-02  5.451974e-01  3.188542e-04  9.673125e-03 -1.613244e-03 -4.906344e-03  5.456330e-02  5.355242e-01 -7.985125e-02  1.177569e-02  1.320447e-01 -6.005812e-04  1.684955e-03  2.674495e-02 -7.925067e-02  1.009074e-02  1.052998e-01 
        5   0.34934   0.17920   0.00193   0.94187  4.412863e-02  5.468722e-01 -4.221702e-03  9.868063e-03 -1.646963e-03  2.509566e-04  3.426057e-02  5.485192e-01 -4.472659e-03 -4.221702e-03  4.412863e-02  5.583872e-01  2.509566e-04  9.868063e-03 -1.646963e-03 -4.472659e-03  3.426057e-02  5.485192e-01 -1.152500e-01  1.115613e-02  6.903379e-02 -3.106323e-04  2.296197e-03  2.728397e-02 -1.149393e-01  8.859930e-03  4.174982e-02 
        6   0.39422   0.17920   0.00193   0.94129  4.367507e-02  5.653213e-01 -4.035046e-03  1.000301e-02 -1.667675e-03  2.679207e-04  3.367206e-02  5.669889e-01 -4.302967e-03 -4.035046e-03  4.367507e-02  5.769919e-01  2.679207e-04  1.000301e-02 -1.667675e-03 -4.302967e-03  3.367206e-02  5.669889e-01 -1.532273e-01  1.370171e-02  6.346302e-02 -2.546810e-04  2.915623e-03  2.765702e-02 -1.529726e-01  1.078609e-02  3.580600e-02 
        7   0.43909   0.17920   0.00193   0.94168  5.296575e-02  5.821913e-01 -1.435207e-03  1.015176e-02 -1.685745e-03  2.755875e-04  4.281399e-02  5.838770e-01 -1.710794e-03 -1.435207e-03  5.296575e-02  5.940288e-01  2.755875e-04  1.015176e-02 -1.685745e-03 -1.710794e-03  4.281399e-02  5.838770e-01 -1.993785e-01  1.892360e-02  8.541922e-02 -1.715629e-04  3.555428e-03  2.806808e-02 -1.992070e-01  1.536817e-02  5.735113e-02 
        8   0.48396   0.17920   0.00193   0.94113  5.278272e-02  5.881081e-01  3.658970e-04  1.019411e-02 -1.691108e-03  2.813966e-04  4.258862e-02  5.897992e-01  8.450038e-05  3.658970e-04  5.278272e-02  5.999933e-01  2.813966e-04  1.019411e-02 -1.691108e-03  8.450038e-05  4.258862e-02  5.897992e-01 -2.409481e-01  2.154115e-02  8.312378e-02 -8.638130e-05  4.169226e-03  2.818511e-02 -2.408617e-01  1.737192e-02  5.493867e-02 
        9   0.52884   0.17920   0.00193   0.95911  4.545373e-02  5.887371e-01  1.095108e-03  1.037784e-02 -1.701236e-03  2.553872e-04  3.507589e-02  5.904383e-01  8.397206e-04  1.095108e-03  4.545373e-02  6.008161e-01  2.553872e-04  1.037784e-02 -1.701236e-03  8.397206e-04  3.507589e-02  5.904383e-01 -2.778331e-01  2.106788e-02  6.444033e-02  8.945878e-05  4.852985e-03  2.869245e-02 -2.779225e-01  1.621490e-02  3.574788e-02 
       10   0.57371   0.17920   0.00193   0.95869  4.780227e-02  5.860407e-01  1.712236e-03  1.035491e-02 -1.696340e-03  2.627690e-04  3.744736e-02  5.877371e-01  1.449467e-03  1.712236e-03  4.780227e-02  5.980920e-01  2.627690e-04  1.035491e-02 -1.696340e-03  1.449467e-03  3.744736e-02  5.877371e-01 -3.126783e-01  2.480215e-02  7.151306e-02  1.664482e-04  5.450782e-03  2.862903e-02 -3.128447e-01  1.935137e-02  4.288403e-02 
       11   0.61858   0.17920   0.00193   0.95715  4.924884e-02  5.764402e-01  2.214144e-03  1.026615e-02 -1.676693e-03  2.755350e-04  3.898269e-02  5.781169e-01  1.938609e-03  2.214144e-03  4.924884e-02  5.883830e-01  2.755350e-04  1.026615e-02 -1.676693e-03  1.938609e-03  3.898269e-02  5.781169e-01 -3.428623e-01  2.837060e-02  7.636109e-02  2.193852e-04  6.007589e-03  2.838346e-02 -3.430817e-01  2.236302e-02  4.797763e-02 
       12   0.66345   0.17920   0.00193   0.96611  4.477548e-02  5.626640e-01  2.663782e-03  1.025657e-02 -1.665395e-03  2.478911e-04  3.451891e-02  5.643294e-01  2.415890e-03  2.663782e-03  4.477548e-02  5.745860e-01  2.478911e-04  1.025657e-02 -1.665395e-03  2.415890e-03  3.451891e-02  5.643294e-01 -3.690962e-01  2.830451e-02  6.677924e-02  3.868960e-04  6.603595e-03  2.835667e-02 -3.694831e-01  2.170091e-02  3.842257e-02 
       13   0.70833   0.17920   0.00193   0.96942  4.497128e-02  5.332774e-01  3.675493e-03  1.008584e-02 -1.625775e-03  2.208439e-04  3.488544e-02  5.349032e-01  3.454649e-03  3.675493e-03  4.497128e-02  5.449890e-01  2.208439e-04  1.008584e-02 -1.625775e-03  3.454649e-03  3.488544e-02  5.349032e-01 -3.842876e-01  3.084192e-02  6.678113e-02  5.315563e-04  7.085393e-03  2.788425e-02 -3.848191e-01  2.375653e-02  3.889688e-02 
       14   0.75320   0.17920   0.00193   0.96757  3.802069e-02  5.094278e-01  4.755448e-03  9.895975e-03 -1.589878e-03  2.257712e-04  2.812471e-02  5.110177e-01  4.529677e-03  4.755448e-03  3.802069e-02  5.209137e-01  2.257712e-04  9.895975e-03 -1.589878e-03  4.529677e-03  2.812471e-02  5.110177e-01 -4.004504e-01  2.795476e-02  5.351919e-02  5.861581e-04  7.533607e-03  2.735916e-02 -4.010366e-01  2.042116e-02  2.616003e-02 
       15   0.79807   0.17920   0.00193   0.96656  3.828592e-02  4.680089e-01  5.084996e-03  9.620014e-03 -1.540135e-03  2.014882e-04  2.866591e-02  4.695490e-01  4.883508e-03  5.084996e-03  3.828592e-02  4.791690e-01  2.014882e-04  9.620014e-03 -1.540135e-03  4.883508e-03  2.866591e-02  4.695490e-01 -3.973287e-01  3.034644e-02  5.486121e-02  7.058055e-04  7.888042e-03  2.659605e-02 -3.980345e-01  2.245840e-02  2.826517e-02 
       16   0.84295   0.17920   0.00193   0.97366  3.531516e-02  4.274098e-01  5.725728e-03  9.476003e-03 -1.492271e-03  1.379044e-04  2.583915e-02  4.289021e-01  5.587824e-03  5.725728e-03  3.531516e-02  4.383781e-01  1.379044e-04  9.476003e-03 -1.492271e-03  5.587824e-03  2.583915e-02  4.289021e-01 -3.908681e-01  3.012849e-02  5.427972e-02  9.297104e-04  8.324655e-03  2.619711e-02 -3.917978e-01  2.180383e-02  2.808261e-02 
       17   0.88782   0.17920   0.00193   0.97101  3.420503e-02  3.805212e-01  1.114080e-02  9.195816e-03 -1.441868e-03  7.795925e-05  2.500922e-02  3.819631e-01  1.106284e-02  1.114080e-02  3.420503e-02  3.911589e-01  7.795925e-05  9.195816e-03 -1.441868e-03  1.106284e-02  2.500922e-02  3.819631e-01 -3.868191e-01  3.038061e-02  6.141204e-02  1.135573e-03  8.616898e-03  2.542231e-02 -3.879547e-01  2.176372e-02  3.598973e-02 
       18   0.93269   0.17920   0.00193   0.95720  4.070039e-02  3.277725e-01  4.463212e-02  8.770538e-03 -1.336597e-03 -1.080620e-05  3.192985e-02  3.291091e-01  4.464292e-02  4.463212e-02  4.070039e-02  3.378797e-01 -1.080620e-05  8.770538e-03 -1.336597e-03  4.464292e-02  3.192985e-02  3.291091e-01 -4.485675e-01  3.031714e-02  9.714348e-02  1.360424e-03  8.730862e-03  2.424537e-02 -4.499279e-01  2.158627e-02  7.289810e-02 
       19   0.97756   0.17920   0.00193   0.94382  3.208640e-02  2.292755e-01  3.661076e-02  8.210774e-03 -1.192321e-03 -1.090404e-04  2.387562e-02  2.304679e-01  3.671980e-02  3.661076e-02  3.208640e-02  2.386786e-01 -1.090404e-04  8.210774e-03 -1.192321e-03  3.671980e-02  2.387562e-02  2.304679e-01 -3.415923e-01  2.452663e-02  8.131122e-02  1.557914e-03  8.652776e-03  2.269607e-02 -3.431503e-01  1.587385e-02  5.861515e-02 



Average loading for wing surface: 9 --> VSP Surface: 9 ... NOTE: values are per area! 

  Station     S       Chord     Area      V/Vref        Cx            Cy            Cz           Cxo           Cyo           Czo          Cxi            Cyi           Czi           Cl            Cd            Cs            Clo           Cdo           Cso           Cli           Cdi           Csi           Cmx           Cmy           Cmz          Cmxo          Cmyo          Cmzo          Cmxi          Cmyi          Cmzi 
        1   0.07213   0.12602   0.00134   0.71569  3.947968e-01 -8.632323e-01 -5.001715e-01  1.124606e-02  1.027297e-02 -1.681326e-03  3.835508e-01 -8.735053e-01 -4.984901e-01 -5.001715e-01  3.947968e-01 -8.622592e-01 -1.681326e-03  1.124606e-02  1.027297e-02 -4.984901e-01  3.835508e-01 -8.735053e-01 -2.192495e+00  4.748279e-01 -2.409502e+00 -7.227920e-03  1.288371e-03 -4.047414e-02 -2.185267e+00  4.735395e-01 -2.369027e+00 
        2   0.16803   0.12602   0.00134   0.78972  7.351644e-01 -1.128852e+00 -5.443311e-01  1.803351e-02  1.576330e-02  1.921962e-03  7.171309e-01 -1.144615e+00 -5.462531e-01 -5.443311e-01  7.351644e-01 -1.126582e+00  1.921962e-03  1.803351e-02  1.576330e-02 -5.462531e-01  7.171309e-01 -1.144615e+00 -2.306824e+00  5.648898e-01 -4.036279e+00  7.066608e-03 -1.022100e-04 -6.546674e-02 -2.313891e+00  5.649921e-01 -3.970813e+00 
        3   0.21557   0.12602   0.00134   0.82913  6.526007e-01 -1.038690e+00 -5.292136e-02  1.532524e-02  1.296843e-02 -6.416772e-04  6.372755e-01 -1.051659e+00 -5.227968e-02 -5.292136e-02  6.526007e-01 -1.036334e+00 -6.416772e-04  1.532524e-02  1.296843e-02 -5.227968e-02  6.372755e-01 -1.051659e+00 -6.535460e-02  1.547258e-01 -3.500176e+00 -4.885233e-03  3.003400e-03 -5.597511e-02 -6.046937e-02  1.517224e-01 -3.444201e+00 
        4   0.26311   0.12602   0.00134   0.81852  6.857812e-01 -1.026188e+00 -5.141608e-03  1.572512e-02  1.322411e-02 -3.662212e-04  6.700561e-01 -1.039412e+00 -4.775387e-03 -5.141608e-03  6.857812e-01 -1.023687e+00 -3.662212e-04  1.572512e-02  1.322411e-02 -4.775387e-03  6.700561e-01 -1.039412e+00  2.300545e-01  1.733767e-01 -3.584713e+00 -4.839845e-03  4.162765e-03 -5.750148e-02  2.348944e-01  1.692139e-01 -3.527212e+00 
        5   0.31066   0.12602   0.00134   0.83512  6.222732e-01 -1.083004e+00 -2.809351e-04  1.560063e-02  1.297436e-02 -2.948229e-04  6.066726e-01 -1.095978e+00  1.388774e-05 -2.809351e-04  6.222732e-01 -1.080377e+00 -2.948229e-04  1.560063e-02  1.297436e-02  1.388774e-05  6.066726e-01 -1.095978e+00  3.557810e-01  2.054099e-01 -3.352754e+00 -5.553230e-03  5.378402e-03 -5.716169e-02  3.613342e-01  2.000315e-01 -3.295592e+00 
        6   0.35820   0.12602   0.00134   0.83553  6.277290e-01 -1.092052e+00  3.219941e-04  1.577243e-02  1.312055e-02  1.467071e-05  6.119566e-01 -1.105172e+00  3.073234e-04  3.219941e-04  6.277290e-01 -1.089400e+00  1.467071e-05  1.577243e-02  1.312055e-02  3.073234e-04  6.119566e-01 -1.105172e+00  4.525534e-01  2.592531e-01 -3.383487e+00 -5.358565e-03  6.506235e-03 -5.778854e-02  4.579120e-01  2.527468e-01 -3.325699e+00 
        7   0.40574   0.12602   0.00134   0.81894  6.652169e-01 -1.074581e+00  1.498239e-03  1.619540e-02  1.346206e-02  1.076596e-03  6.490215e-01 -1.088043e+00  4.216430e-04  1.498239e-03  6.652169e-01 -1.071847e+00  1.076596e-03  1.619540e-02  1.346206e-02  4.216430e-04  6.490215e-01 -1.088043e+00  5.401849e-01  3.291579e-01 -3.528590e+00 -2.030484e-03  7.188848e-03 -5.934648e-02  5.422154e-01  3.219690e-01 -3.469243e+00 
        8   0.45328   0.12602   0.00134   0.81956  6.589779e-01 -1.061786e+00  4.361065e-03  1.591688e-02  1.323565e-02  1.495443e-03  6.430611e-01 -1.075022e+00  2.865622e-03  4.361065e-03  6.589779e-01 -1.059105e+00  1.495443e-03  1.591688e-02  1.323565e-02  2.865622e-03  6.430611e-01 -1.075022e+00  6.349899e-01  3.783374e-01 -3.491839e+00 -1.211717e-03  8.046731e-03 -5.832183e-02  6.362017e-01  3.702907e-01 -3.433517e+00 
        9   0.50082   0.12602   0.00134   0.85608  6.150377e-01 -1.071955e+00  7.281325e-03  1.498027e-02  1.252633e-02  2.422020e-03  6.000575e-01 -1.084481e+00  4.859304e-03  7.281325e-03  6.150377e-01 -1.069501e+00  2.422020e-03  1.498027e-02  1.252633e-02  4.859304e-03  6.000575e-01 -1.084481e+00  7.435434e-01  4.018447e-01 -3.316900e+00  2.161781e-03  8.017231e-03 -5.483462e-02  7.413816e-01  3.938274e-01 -3.262065e+00 
       10   0.54836   0.12602   0.00134   0.85640  6.226681e-01 -1.058739e+00  7.002502e-03  1.486427e-02  1.242711e-02  2.721755e-03  6.078039e-01 -1.071166e+00  4.280746e-03  7.002502e-03  6.226681e-01 -1.056301e+00  2.721755e-03  1.486427e-02  1.242711e-02  4.280746e-03  6.078039e-01 -1.071166e+00  8.218569e-01  4.590882e-01 -3.340240e+00  2.486228e-03  8.943322e-03 -5.441179e-02  8.193707e-01  4.501448e-01 -3.285828e+00 
       11   0.59590   0.12602   0.00134   0.85946  6.255139e-01 -1.042516e+00  7.090125e-03  1.457230e-02  1.217026e-02  3.502268e-03  6.109416e-01 -1.054687e+00  3.587857e-03  7.090125e-03  6.255139e-01 -1.040114e+00  3.502268e-03  1.457230e-02  1.217026e-02  3.587857e-03  6.109416e-01 -1.054687e+00  8.970226e-01  5.135089e-01 -3.339588e+00  5.037957e-03  9.321274e-03 -5.335313e-02  8.919847e-01  5.041877e-01 -3.286235e+00 
       12   0.64344   0.12602   0.00134   0.87063  6.222805e-01 -1.031459e+00  7.060405e-03  1.424875e-02  1.190281e-02  3.828425e-03  6.080317e-01 -1.043362e+00  3.231980e-03  7.060405e-03  6.222805e-01 -1.029113e+00  3.828425e-03  1.424875e-02  1.190281e-02  3.231980e-03  6.080317e-01 -1.043362e+00  9.738439e-01  5.628740e-01 -3.318676e+00  5.676844e-03  9.983104e-03 -5.216635e-02  9.681671e-01  5.528909e-01 -3.266510e+00 
       13   0.69098   0.12602   0.00134   0.88642  6.103141e-01 -1.005318e+00  8.318780e-03  1.364191e-02  1.140466e-02  4.192213e-03  5.966722e-01 -1.016722e+00  4.126567e-03  8.318780e-03  6.103141e-01 -1.003080e+00  4.192213e-03  1.364191e-02  1.140466e-02  4.126567e-03  5.966722e-01 -1.016722e+00  1.039287e+00  6.014861e-01 -3.243504e+00  6.753422e-03  1.027822e-02 -4.993763e-02  1.032533e+00  5.912079e-01 -3.193566e+00 
       14   0.73852   0.12602   0.00134   0.90378  5.876671e-01 -9.927227e-01  1.005663e-02  1.310627e-02  1.092735e-02  4.715252e-03  5.745608e-01 -1.003650e+00  5.341377e-03  1.005663e-02  5.876671e-01 -9.905438e-01  4.715252e-03  1.310627e-02  1.092735e-02  5.341377e-03  5.745608e-01 -1.003650e+00  1.117760e+00  6.264227e-01 -3.138663e+00  8.579568e-03  1.042226e-02 -4.800037e-02  1.109181e+00  6.160004e-01 -3.090663e+00 
       15   0.78607   0.12602   0.00134   0.90969  5.739462e-01 -9.364908e-01  1.141822e-02  1.235137e-02  1.028600e-02  4.877686e-03  5.615948e-01 -9.467768e-01  6.540535e-03  1.141822e-02  5.739462e-01 -9.344254e-01  4.877686e-03  1.235137e-02  1.028600e-02  6.540535e-03  5.615948e-01 -9.467768e-01  1.140984e+00  6.571931e-01 -3.025054e+00  9.116653e-03  1.050830e-02 -4.524512e-02  1.131867e+00  6.466848e-01 -2.979808e+00 
       16   0.83361   0.12602   0.00134   0.90627  5.096936e-01 -8.417190e-01  1.766196e-02  1.100691e-02  9.129135e-03  4.617553e-03  4.986867e-01 -8.508481e-01  1.304441e-02  1.766196e-02  5.096936e-01 -8.398412e-01  4.617553e-03  1.100691e-02  9.129135e-03  1.304441e-02  4.986867e-01 -8.508481e-01  1.128304e+00  6.178402e-01 -2.663317e+00  8.576582e-03  1.006837e-02 -4.034977e-02  1.119727e+00  6.077719e-01 -2.622967e+00 
       17   0.88115   0.12602   0.00134   0.90333  3.994626e-01 -6.886227e-01  5.086122e-02  9.179322e-03  7.557611e-03  3.848815e-03  3.902833e-01 -6.961803e-01  4.701240e-02  5.086122e-02  3.994626e-01 -6.870009e-01  3.848815e-03  9.179322e-03  7.557611e-03  4.701240e-02  3.902833e-01 -6.961803e-01  1.141263e+00  4.802946e-01 -2.072718e+00  6.581999e-03  9.164976e-03 -3.369443e-02  1.134681e+00  4.711296e-01 -2.039023e+00 
       18   0.92869   0.12602   0.00134   0.87397  1.804680e-01 -4.349784e-01  2.406703e-01  6.602367e-03  5.410966e-03  2.804522e-03  1.738657e-01 -4.403894e-01  2.378658e-01  2.406703e-01  1.804680e-01 -4.337870e-01  2.804522e-03  6.602367e-03  5.410966e-03  2.378658e-01  1.738657e-01 -4.403894e-01  1.679175e+00  1.847263e-02 -9.570616e-01  4.472091e-03  7.114727e-03 -2.425509e-02  1.674703e+00  1.135790e-02 -9.328065e-01 
       19   0.97623   0.12602   0.00134   0.83703  8.630250e-02 -3.197638e-01  2.024802e-01  5.599701e-03  4.539270e-03  2.363804e-03  8.070280e-02 -3.243031e-01  2.001164e-01  2.024802e-01  8.630250e-02 -3.187034e-01  2.363804e-03  5.599701e-03  4.539270e-03  2.001164e-01  8.070280e-02 -3.243031e-01  1.384408e+00 -6.036315e-02 -5.015455e-01  3.420438e-03  6.513769e-03 -2.061135e-02  1.380988e+00 -6.687692e-02 -4.809342e-01 



Average loading for wing surface: 10 --> VSP Surface: 10 ... NOTE: values are per area! 

  Station     S       Chord     Area      V/Vref        Cx            Cy            Cz           Cxo           Cyo           Czo          Cxi            Cyi           Czi           Cl            Cd            Cs            Clo           Cdo           Cso           Cli           Cdi           Csi           Cmx           Cmy           Cmz          Cmxo          Cmyo          Cmzo          Cmxi          Cmyi          Cmzi 
        1   0.07213   0.12602   0.00134   0.70512  4.013826e-01  8.642190e-01 -5.059238e-01  1.156704e-02 -1.034101e-02 -1.702842e-03  3.898155e-01  8.745600e-01 -5.042210e-01 -5.059238e-01  4.013826e-01  8.861271e-01 -1.702842e-03  1.156704e-02 -1.034101e-02 -5.042210e-01  3.898155e-01  8.745600e-01  2.218290e+00  4.819216e-01  2.445969e+00  7.320698e-03  1.304080e-03  4.180853e-02  2.210969e+00  4.806175e-01  2.404160e+00 
        2   0.16803   0.12602   0.00134   0.80090  7.450785e-01  1.148733e+00 -5.573293e-01  1.842024e-02 -1.566449e-02  1.819302e-03  7.266583e-01  1.164397e+00 -5.591486e-01 -5.573293e-01  7.450785e-01  1.182817e+00  1.819302e-03  1.842024e-02 -1.566449e-02 -5.591486e-01  7.266583e-01  1.164397e+00  2.365303e+00  5.790832e-01  4.109088e+00 -6.630339e-03  1.007833e-05  6.721828e-02  2.371933e+00  5.790732e-01  4.041869e+00 
        3   0.21557   0.12602   0.00134   0.83346  6.344479e-01  1.032110e+00 -6.272674e-02  1.510987e-02 -1.253609e-02 -6.287146e-04  6.193380e-01  1.044646e+00 -6.209803e-02 -6.272674e-02  6.344479e-01  1.059756e+00 -6.287146e-04  1.510987e-02 -1.253609e-02 -6.209803e-02  6.193380e-01  1.044646e+00  1.108253e-01  1.626214e-01  3.414541e+00  4.758834e-03  2.958055e-03  5.538749e-02  1.060665e-01  1.596633e-01  3.359154e+00 
        4   0.26311   0.12602   0.00134   0.82131  6.678427e-01  1.019508e+00 -7.562568e-03  1.550740e-02 -1.280479e-02 -4.006763e-04  6.523353e-01  1.032312e+00 -7.161892e-03 -7.562568e-03  6.678427e-01  1.047820e+00 -4.006763e-04  1.550740e-02 -1.280479e-02 -7.161892e-03  6.523353e-01  1.032312e+00 -2.174166e-01  1.716114e-01  3.502745e+00  4.885656e-03  4.136580e-03  5.689334e-02 -2.223023e-01  1.674749e-01  3.445852e+00 
        5   0.31066   0.12602   0.00134   0.84121  6.033245e-01  1.069900e+00  2.192295e-04  1.523362e-02 -1.249901e-02 -2.216332e-04  5.880909e-01  1.082399e+00  4.408627e-04  2.192295e-04  6.033245e-01  1.097633e+00 -2.216332e-04  1.523362e-02 -1.249901e-02  4.408627e-04  5.880909e-01  1.082399e+00 -3.535940e-01  1.987760e-01  3.260463e+00  5.079896e-03  5.199158e-03  5.595233e-02 -3.586739e-01  1.935768e-01  3.204511e+00 
        6   0.35820   0.12602   0.00134   0.84161  6.088061e-01  1.076779e+00  5.503907e-04  1.537079e-02 -1.262022e-02  8.021195e-05  5.934353e-01  1.089399e+00  4.701788e-04  5.503907e-04  6.088061e-01  1.104770e+00  8.021195e-05  1.537079e-02 -1.262022e-02  4.701788e-04  5.934353e-01  1.089399e+00 -4.471816e-01  2.512943e-01  3.289707e+00  4.868285e-03  6.288110e-03  5.644925e-02 -4.520498e-01  2.450062e-01  3.233258e+00 
        7   0.40574   0.12602   0.00134   0.82508  6.449404e-01  1.060459e+00  1.995381e-03  1.576790e-02 -1.292100e-02  1.087039e-03  6.291725e-01  1.073380e+00  9.083426e-04  1.995381e-03  6.449404e-01  1.089148e+00  1.087039e-03  1.576790e-02 -1.292100e-02  9.083426e-04  6.291725e-01  1.073380e+00 -5.353622e-01  3.186221e-01  3.430663e+00  1.716524e-03  6.968169e-03  5.792773e-02 -5.370788e-01  3.116539e-01  3.372735e+00 
        8   0.45328   0.12602   0.00134   0.82580  6.412976e-01  1.048564e+00  5.259281e-03  1.553427e-02 -1.274034e-02  1.484059e-03  6.257634e-01  1.061304e+00  3.775221e-03  5.259281e-03  6.412976e-01  1.076838e+00  1.484059e-03  1.553427e-02 -1.274034e-02  3.775221e-03  6.257634e-01  1.061304e+00 -6.313328e-01  3.672162e-01  3.406489e+00  9.735330e-04  7.833756e-03  5.706082e-02 -6.323063e-01  3.593824e-01  3.349428e+00 
        9   0.50082   0.12602   0.00134   0.86269  6.036548e-01  1.059169e+00  7.500569e-03  1.468671e-02 -1.219450e-02  2.367798e-03  5.889681e-01  1.071363e+00  5.132770e-03  7.500569e-03  6.036548e-01  1.086050e+00  2.367798e-03  1.468671e-02 -1.219450e-02  5.132770e-03  5.889681e-01  1.071363e+00 -7.360022e-01  3.941129e-01  3.259767e+00 -2.147508e-03  7.865498e-03  5.382876e-02 -7.338547e-01  3.862474e-01  3.205938e+00 
       10   0.54836   0.12602   0.00134   0.86295  6.157490e-01  1.048949e+00  6.621219e-03  1.463400e-02 -1.219061e-02  2.668513e-03  6.011150e-01  1.061140e+00  3.952706e-03  6.621219e-03  6.157490e-01  1.075774e+00  2.668513e-03  1.463400e-02 -1.219061e-02  3.952706e-03  6.011150e-01  1.061140e+00 -8.128008e-01  4.543416e-01  3.306108e+00 -2.432661e-03  8.813593e-03  5.360387e-02 -8.103682e-01  4.455280e-01  3.252505e+00 
       11   0.59590   0.12602   0.00134   0.86593  6.211491e-01  1.033942e+00  6.728459e-03  1.438189e-02 -1.198999e-02  3.427577e-03  6.067672e-01  1.045931e+00  3.300882e-03  6.728459e-03  6.211491e-01  1.060313e+00  3.427577e-03  1.438189e-02 -1.198999e-02  3.300882e-03  6.067672e-01  1.045931e+00 -8.882535e-01  5.102623e-01  3.317666e+00 -4.864649e-03  9.222499e-03  5.267292e-02 -8.833888e-01  5.010398e-01  3.264993e+00 
       12   0.64344   0.12602   0.00134   0.87672  6.189634e-01  1.023798e+00  6.760122e-03  1.409147e-02 -1.176486e-02  3.738393e-03  6.048719e-01  1.035563e+00  3.021730e-03  6.760122e-03  6.189634e-01  1.049655e+00  3.738393e-03  1.409147e-02 -1.176486e-02  3.021730e-03  6.048719e-01  1.035563e+00 -9.654840e-01  5.601462e-01  3.301875e+00 -5.413530e-03  9.910917e-03  5.159574e-02 -9.600705e-01  5.502353e-01  3.250279e+00 
       13   0.69098   0.12602   0.00134   0.89178  6.071142e-01  9.982725e-01  8.116135e-03  1.351780e-02 -1.130371e-02  4.080001e-03  5.935964e-01  1.009576e+00  4.036134e-03  8.116135e-03  6.071142e-01  1.023094e+00  4.080001e-03  1.351780e-02 -1.130371e-02  4.036134e-03  5.935964e-01  1.009576e+00 -1.031358e+00  5.984964e-01  3.227221e+00 -6.368757e-03  1.024366e-02  4.948111e-02 -1.024989e+00  5.882527e-01  3.177740e+00 
       14   0.73852   0.12602   0.00134   0.90837  5.856732e-01  9.863592e-01  9.962955e-03  1.300854e-02 -1.087904e-02  4.598713e-03  5.726646e-01  9.972383e-01  5.364243e-03  9.962955e-03  5.856732e-01  1.010247e+00  4.598713e-03  1.300854e-02 -1.087904e-02  5.364243e-03  5.726646e-01  9.972383e-01 -1.110408e+00  6.243923e-01  3.128302e+00 -8.127686e-03  1.040929e-02  4.761604e-02 -1.102281e+00  6.139831e-01  3.080686e+00 
       15   0.78607   0.12602   0.00134   0.91337  5.730782e-01  9.326553e-01  1.121189e-02  1.231410e-02 -1.028634e-02  4.728939e-03  5.607641e-01  9.429416e-01  6.482952e-03  1.121189e-02  5.730782e-01  9.552557e-01  4.728939e-03  1.231410e-02 -1.028634e-02  6.482952e-03  5.607641e-01  9.429416e-01 -1.135545e+00  6.564850e-01  3.023175e+00 -8.472817e-03  1.058323e-02  4.508363e-02 -1.127072e+00  6.459018e-01  2.978092e+00 
       16   0.83361   0.12602   0.00134   0.90869  5.136801e-01  8.397137e-01  1.498626e-02  1.102908e-02 -9.200457e-03  4.471782e-03  5.026510e-01  8.489141e-01  1.051448e-02  1.498626e-02  5.136801e-01  8.599432e-01  4.471782e-03  1.102908e-02 -9.200457e-03  1.051448e-02  5.026510e-01  8.489141e-01 -1.113580e+00  6.259372e-01  2.685843e+00 -7.856961e-03  1.021204e-02  4.038893e-02 -1.105723e+00  6.157252e-01  2.645454e+00 
       17   0.88115   0.12602   0.00134   0.90444  4.047277e-01  6.869062e-01  4.570649e-02  9.201711e-03 -7.634885e-03  3.743291e-03  3.955260e-01  6.945410e-01  4.196320e-02  4.570649e-02  4.047277e-01  7.037427e-01  3.743291e-03  9.201711e-03 -7.634885e-03  4.196320e-02  3.955260e-01  6.945410e-01 -1.115678e+00  4.927664e-01  2.100072e+00 -6.022589e-03  9.278763e-03  3.372979e-02 -1.109656e+00  4.834877e-01  2.066342e+00 
       18   0.92869   0.12602   0.00134   0.87671  1.895538e-01  4.367587e-01  2.300253e-01  6.660198e-03 -5.507623e-03  2.752469e-03  1.828936e-01  4.422663e-01  2.272728e-01  2.300253e-01  1.895538e-01  4.489265e-01  2.752469e-03  6.660198e-03 -5.507623e-03  2.272728e-01  1.828936e-01  4.422663e-01 -1.634993e+00  4.140849e-02  1.002497e+00 -4.110093e-03  7.238009e-03  2.442835e-02 -1.630883e+00  3.417048e-02  9.780688e-01 
       19   0.97623   0.12602   0.00134   0.84098  9.378191e-02  3.195404e-01  1.944533e-01  5.640434e-03 -4.628382e-03  2.338538e-03  8.814148e-02  3.241688e-01  1.921147e-01  1.944533e-01  9.378191e-02  3.298092e-01  2.338538e-03  5.640434e-03 -4.628382e-03  1.921147e-01  8.814148e-02  3.241688e-01 -1.348648e+00 -4.202463e-02  5.367630e-01 -3.177557e-03  6.594937e-03  2.071665e-02 -1.345470e+00 -4.861957e-02  5.160463e-01 



Time history of loading for wing surface: 1 --> VSP Surface: 1 ... NOTE: values per area! 

  Station    Time       S       Chord     Area      V/Vref        Cx            Cy            Cz           Cxo           Cyo           Czo          Cxi            Cyi           Czi           Cl            Cd            Cs            Clo           Cdo           Cso           Cli           Cdi           Csi           Cmx           Cmy           Cmz          Cmxo          Cmyo          Cmzo          Cmxi          Cmyi          Cmzi 
        1   0.00000   0.06063   0.31995   0.01495   1.05206  3.547032e-02 -1.407893e-04 -9.409785e-01  1.372509e-02 -1.503721e-04  6.879966e-04  2.174523e-02  9.582822e-06 -9.416664e-01 -9.409785e-01  3.547032e-02  1.373468e-02  6.879966e-04  1.372509e-02 -1.503721e-04 -9.416664e-01  2.174523e-02  9.582822e-06 -6.826995e-02 -2.378787e-03 -2.584270e-03  4.930281e-05 -1.088110e-04 -1.007342e-03 -6.831925e-02 -2.269976e-03 -1.576928e-03 
        2   0.00000   0.15506   0.31995   0.01495   1.05190  3.219844e-02 -1.308426e-04 -9.408704e-01  1.372128e-02 -1.508263e-04  6.882671e-04  1.847716e-02  1.998377e-05 -9.415587e-01 -9.408704e-01  3.219844e-02  1.374127e-02  6.882671e-04  1.372128e-02 -1.508263e-04 -9.415587e-01  1.847716e-02  1.998377e-05 -2.047825e-01 -2.984151e-03 -7.017768e-03  1.491960e-04 -1.088161e-04 -2.998216e-03 -2.049317e-01 -2.875335e-03 -4.019552e-03 
        3   0.00000   0.22265   0.31995   0.01495   1.04947  3.216603e-02 -2.060294e-04 -9.410248e-01  1.370830e-02 -2.082725e-04  6.914437e-04  1.845773e-02  2.243063e-06 -9.417163e-01 -9.410248e-01  3.216603e-02  1.371054e-02  6.914437e-04  1.370830e-02 -2.082725e-04 -9.417163e-01  1.845773e-02  2.243063e-06 -3.413959e-01 -5.924839e-03 -1.168580e-02  2.499888e-04 -1.090061e-04 -4.989018e-03 -3.416459e-01 -5.815833e-03 -6.696785e-03 
        4   0.00000   0.29025   0.31995   0.01495   1.04921  2.905730e-02 -1.827806e-04 -9.380001e-01  1.367300e-02 -2.080592e-04  6.901524e-04  1.538430e-02  2.527861e-05 -9.386903e-01 -9.380001e-01  2.905730e-02  1.369828e-02  6.901524e-04  1.367300e-02 -2.080592e-04 -9.386903e-01  1.538430e-02  2.527861e-05 -4.764177e-01 -7.438099e-03 -1.476497e-02  3.496703e-04 -1.087629e-04 -6.960305e-03 -4.767674e-01 -7.329336e-03 -7.804671e-03 
        5   0.00000   0.35784   0.31995   0.01495   1.04872  3.033651e-02  3.873649e-05 -9.334791e-01  1.362359e-02 -1.532207e-04  6.892646e-04  1.671293e-02  1.919572e-04 -9.341684e-01 -9.334791e-01  3.033651e-02  1.381554e-02  6.892646e-04  1.362359e-02 -1.532207e-04 -9.341684e-01  1.671293e-02  1.919572e-04 -6.095843e-01 -7.441040e-03 -1.976880e-02  4.494640e-04 -1.084927e-04 -8.907951e-03 -6.100338e-01 -7.332547e-03 -1.086085e-02 
        6   0.00000   0.42544   0.31995   0.01495   1.04946  3.087665e-02  5.147930e-04 -9.170474e-01  1.345593e-02 -1.484056e-04  6.813126e-04  1.742072e-02  6.631986e-04 -9.177287e-01 -9.170474e-01  3.087665e-02  1.411913e-02  6.813126e-04  1.345593e-02 -1.484056e-04 -9.177287e-01  1.742072e-02  6.631986e-04 -7.318950e-01 -7.355005e-03 -2.444440e-02  5.431573e-04 -1.071982e-04 -1.075071e-02 -7.324381e-01 -7.247807e-03 -1.369369e-02 
        7   0.00000   0.49303   0.31995   0.01495   1.05518  2.708528e-02  1.138429e-03 -8.857782e-01  1.317382e-02 -8.627907e-05  6.735445e-04  1.391145e-02  1.224708e-03 -8.864517e-01 -8.857782e-01  2.708528e-02  1.439853e-02  6.735445e-04  1.317382e-02 -8.627907e-05 -8.864517e-01  1.391145e-02  1.224708e-03 -8.354174e-01 -6.121856e-03 -2.511516e-02  6.349507e-04 -1.054494e-04 -1.243248e-02 -8.360524e-01 -6.016407e-03 -1.268268e-02 
        8   0.00000   0.56063   0.31995   0.01495   1.05901  3.019042e-02  1.983014e-03 -8.442472e-01  1.280234e-02 -8.834435e-05  6.555894e-04  1.738808e-02  2.071359e-03 -8.449028e-01 -8.442472e-01  3.019042e-02  1.487369e-02  6.555894e-04  1.280234e-02 -8.834435e-05 -8.449028e-01  1.738808e-02  2.071359e-03 -9.186811e-01 -7.737037e-03 -3.202032e-02  7.131402e-04 -1.025553e-04 -1.394001e-02 -9.193942e-01 -7.634481e-03 -1.808032e-02 
        9   0.00000   0.62823   0.31995   0.01495   1.06617  2.315007e-02  1.457645e-03 -7.810589e-01  1.229156e-02  8.756171e-05  6.439439e-04  1.085851e-02  1.370083e-03 -7.817029e-01 -7.810589e-01  2.315007e-02  1.366164e-02  6.439439e-04  1.229156e-02  8.756171e-05 -7.817029e-01  1.085851e-02  1.370083e-03 -9.632215e-01 -9.185678e-03 -2.799165e-02  7.946293e-04 -9.957405e-05 -1.515430e-02 -9.640161e-01 -9.086105e-03 -1.283735e-02 
       10   0.00000   0.69582   0.31995   0.01495   1.08338  2.261039e-02  1.448631e-02 -6.860645e-01  1.171014e-02 -1.038287e-04  6.358857e-04  1.090026e-02  1.459014e-02 -6.867004e-01 -6.860645e-01  2.261039e-02  2.630028e-02  6.358857e-04  1.171014e-02 -1.038287e-04 -6.867004e-01  1.090026e-02  1.459014e-02 -9.437490e-01 -1.920607e-02 -3.087600e-02  8.761812e-04 -9.657831e-05 -1.615106e-02 -9.446252e-01 -1.910949e-02 -1.472493e-02 
       11   0.00000   0.76342   0.31995   0.01495   1.09462 -2.622157e-02 -6.503484e-02 -3.673262e-01  9.962637e-03 -1.467269e-03  6.750325e-04 -3.618421e-02 -6.356758e-02 -3.680012e-01 -3.673262e-01 -2.622157e-02 -5.360494e-02  6.750325e-04  9.962637e-03 -1.467269e-03 -3.680012e-01 -3.618421e-02 -6.356758e-02 -5.500646e-01 -1.001402e-01  2.275120e-02  1.022523e-03 -9.242365e-05 -1.529206e-02 -5.510872e-01 -1.000478e-01  3.804326e-02 
       12   0.00000   0.83101   0.31995   0.01495   1.01686  8.534927e-02 -6.073209e-02 -3.680012e-01  9.014460e-03 -5.237465e-04  5.321915e-04  7.633481e-02 -6.020834e-02 -3.685334e-01 -3.680012e-01  8.534927e-02 -5.119388e-02  5.321915e-04  9.014460e-03 -5.237465e-04 -3.685334e-01  7.633481e-02 -6.020834e-02 -6.306041e-01 -1.897756e-01 -1.526207e-01  8.859686e-04 -7.761266e-05 -1.508325e-02 -6.314901e-01 -1.896980e-01 -1.375374e-01 
       13   0.00000   0.89861   0.31995   0.01495   0.96507 -4.495674e-02 -4.472797e-02 -5.490778e-01  9.356360e-03  1.285159e-03  5.895550e-04 -5.431310e-02 -4.601313e-02 -5.496674e-01 -5.490778e-01 -4.495674e-02 -3.665677e-02  5.895550e-04  9.356360e-03  1.285159e-03 -5.496674e-01 -5.431310e-02 -4.601313e-02 -9.988328e-01 -1.531390e-01  5.858612e-02  1.074649e-03 -8.340153e-05 -1.687309e-02 -9.999075e-01 -1.530556e-01  7.545922e-02 
       14   0.00000   0.96620   0.31995   0.01495   0.94476  5.456525e-02 -6.380320e-02 -8.911529e-01  1.273865e-02  1.405579e-04  6.680982e-04  4.182659e-02 -6.394375e-02 -8.918210e-01 -8.911529e-01  5.456525e-02 -5.120510e-02  6.680982e-04  1.273865e-02  1.405579e-04 -8.918210e-01  4.182659e-02 -6.394375e-02 -1.740538e+00  7.216821e-02 -1.391735e-01  1.309383e-03 -1.032519e-04 -2.494433e-02 -1.741848e+00  7.227146e-02 -1.142292e-01 



Time history of loading for wing surface: 2 --> VSP Surface: 2 ... NOTE: values per area! 

  Station    Time       S       Chord     Area      V/Vref        Cx            Cy            Cz           Cxo           Cyo           Czo          Cxi            Cyi           Czi           Cl            Cd            Cs            Clo           Cdo           Cso           Cli           Cdi           Csi           Cmx           Cmy           Cmz          Cmxo          Cmyo          Cmzo          Cmxi          Cmyi          Cmzi 
        1   0.00000   0.06063   0.31995   0.01495   1.05156  3.558643e-02  1.312288e-04 -9.412161e-01  1.372472e-02  1.462072e-04  6.919385e-04  2.186172e-02 -1.497835e-05 -9.419080e-01 -9.412161e-01  3.558643e-02  1.370974e-02  6.919385e-04  1.372472e-02  1.462072e-04 -9.419080e-01  2.186172e-02 -1.497835e-05  6.828573e-02 -2.489720e-03  2.591446e-03 -4.960586e-05 -1.091112e-04  1.006996e-03  6.833533e-02 -2.380609e-03  1.584450e-03 
        2   0.00000   0.15506   0.31995   0.01495   1.05152  3.249148e-02  1.144767e-04 -9.417467e-01  1.372837e-02  1.482410e-04  6.944210e-04  1.876311e-02 -3.376430e-05 -9.424411e-01 -9.417467e-01  3.249148e-02  1.369460e-02  6.944210e-04  1.372837e-02  1.482410e-04 -9.424411e-01  1.876311e-02 -3.376430e-05  2.049717e-01 -3.161371e-03  7.080005e-03 -1.505461e-04 -1.093161e-04  2.999560e-03  2.051222e-01 -3.052055e-03  4.080445e-03 
        3   0.00000   0.22265   0.31995   0.01495   1.04899  3.279417e-02  1.932599e-04 -9.423232e-01  1.371950e-02  2.069169e-04  7.010299e-04  1.907467e-02 -1.365702e-05 -9.430242e-01 -9.423232e-01  3.279417e-02  1.370584e-02  7.010299e-04  1.371950e-02  2.069169e-04 -9.430242e-01  1.907467e-02 -1.365702e-05  3.418658e-01 -6.310943e-03  1.191287e-02 -2.534721e-04 -1.097855e-04  4.992977e-03  3.421193e-01 -6.201158e-03  6.919895e-03 
        4   0.00000   0.29025   0.31995   0.01495   1.04854  2.996545e-02  2.032668e-04 -9.396453e-01  1.368674e-02  2.072738e-04  7.025568e-04  1.627871e-02 -4.007049e-06 -9.403478e-01 -9.396453e-01  2.996545e-02  1.368273e-02  7.025568e-04  1.368674e-02  2.072738e-04 -9.403478e-01  1.627871e-02 -4.007049e-06  4.772537e-01 -8.043291e-03  1.523499e-02 -3.559736e-04 -1.097684e-04  6.967222e-03  4.776097e-01 -7.933523e-03  8.267767e-03 
        5   0.00000   0.35784   0.31995   0.01495   1.04600  3.160377e-02  7.702314e-05 -9.359627e-01  1.363459e-02  1.460253e-04  7.107134e-04  1.796918e-02 -6.900219e-05 -9.366734e-01 -9.359627e-01  3.160377e-02  1.356559e-02  7.107134e-04  1.363459e-02  1.460253e-04 -9.366734e-01  1.796918e-02 -6.900219e-05  6.112087e-01 -8.009607e-03  2.064091e-02 -4.634995e-04 -1.101792e-04  8.914585e-03  6.116722e-01 -7.899428e-03  1.172633e-02 
        6   0.00000   0.42544   0.31995   0.01495   1.04646  3.221282e-02 -2.197269e-04 -9.196750e-01  1.346531e-02  1.397237e-04  7.044087e-04  1.874752e-02 -3.594505e-04 -9.203794e-01 -9.196750e-01  3.221282e-02  1.310585e-02  7.044087e-04  1.346531e-02  1.397237e-04 -9.203794e-01  1.874752e-02 -3.594505e-04  7.339974e-01 -8.199896e-03  2.562336e-02 -5.616261e-04 -1.090040e-04  1.075753e-02  7.345591e-01 -8.090892e-03  1.486583e-02 
        7   0.00000   0.49303   0.31995   0.01495   1.05163  2.800709e-02 -7.260940e-04 -8.880860e-01  1.317213e-02  7.406964e-05  7.003936e-04  1.483496e-02 -8.001637e-04 -8.887864e-01 -8.880860e-01  2.800709e-02  1.237197e-02  7.003936e-04  1.317213e-02  7.406964e-05 -8.887864e-01  1.483496e-02 -8.001637e-04  8.375977e-01 -7.134783e-03  2.614130e-02 -6.603255e-04 -1.074971e-04  1.242995e-02  8.382581e-01 -7.027286e-03  1.371135e-02 
        8   0.00000   0.56063   0.31995   0.01495   1.05543  3.185562e-02 -1.054457e-03 -8.483740e-01  1.281322e-02  7.600524e-05  6.904171e-04  1.904240e-02 -1.130462e-03 -8.490644e-01 -8.483740e-01  3.185562e-02  1.168275e-02  6.904171e-04  1.281322e-02  7.600524e-05 -8.490644e-01  1.904240e-02 -1.130462e-03  9.231831e-01 -7.982424e-03  3.425210e-02 -7.510949e-04 -1.052650e-04  1.395090e-02  9.239343e-01 -7.877160e-03  2.030119e-02 
        9   0.00000   0.62823   0.31995   0.01495   1.06008  2.646137e-02  1.442080e-04 -7.876387e-01  1.229396e-02 -8.601452e-05  6.811361e-04  1.416741e-02  2.302225e-04 -7.883199e-01 -7.876387e-01  2.646137e-02  1.252418e-02  6.811361e-04  1.229396e-02 -8.601452e-05 -7.883199e-01  1.416741e-02  2.302225e-04  9.713148e-01 -8.170737e-03  3.281799e-02 -8.404977e-04 -1.024301e-04  1.515737e-02  9.721553e-01 -8.068307e-03  1.766061e-02 
       10   0.00000   0.69582   0.31995   0.01495   1.07747  2.668543e-02 -1.111174e-02 -6.950919e-01  1.171244e-02  1.054013e-04  6.774863e-04  1.497299e-02 -1.121714e-02 -6.957694e-01 -6.950919e-01  2.668543e-02  4.952968e-04  6.774863e-04  1.171244e-02  1.054013e-04 -6.957694e-01  1.497299e-02 -1.121714e-02  9.564578e-01 -1.624791e-02  3.774600e-02 -9.335236e-04 -9.977131e-05  1.615436e-02  9.573913e-01 -1.614814e-02  2.159164e-02 
       11   0.00000   0.76342   0.31995   0.01495   1.08451 -1.736176e-02  8.939309e-02 -3.879304e-01  9.890718e-03  1.509020e-03  7.300596e-04 -2.725248e-02  8.788407e-02 -3.886605e-01 -3.879304e-01 -1.736176e-02  9.777480e-02  7.300596e-04  9.890718e-03  1.509020e-03 -3.886605e-01 -2.725248e-02  8.788407e-02  5.825955e-01 -9.079481e-02  1.393737e-03 -1.106196e-03 -9.634045e-05  1.518568e-02  5.837016e-01 -9.069847e-02 -1.379194e-02 
       12   0.00000   0.83101   0.31995   0.01495   1.00572  9.187865e-02  8.728697e-02 -3.682538e-01  8.869764e-03  4.963800e-04  5.872131e-04  8.300889e-02  8.679059e-02 -3.688410e-01 -3.682538e-01  9.187865e-02  9.566036e-02  5.872131e-04  8.869764e-03  4.963800e-04 -3.688410e-01  8.300889e-02  8.679059e-02  6.290704e-01 -1.850684e-01  1.749642e-01 -9.778997e-04 -8.123125e-05  1.483969e-02  6.300483e-01 -1.849871e-01  1.601245e-01 
       13   0.00000   0.89861   0.31995   0.01495   0.94316 -4.196144e-02  9.380575e-02 -4.667125e-01  8.616967e-03 -7.941378e-04  4.713130e-04 -5.057841e-02  9.459988e-02 -4.671838e-01 -4.667125e-01 -4.196144e-02  1.032168e-01  4.713130e-04  8.616967e-03 -7.941378e-04 -4.671838e-01 -5.057841e-02  9.459988e-02  8.505761e-01 -1.844597e-01 -2.718998e-02 -8.581610e-04 -7.132733e-05  1.556949e-02  8.514343e-01 -1.843884e-01 -4.275947e-02 
       14   0.00000   0.96620   0.31995   0.01495   0.91755  5.897354e-02  1.075990e-01 -8.522919e-01  1.219447e-02 -1.716115e-04  7.802322e-04  4.677906e-02  1.077706e-01 -8.530721e-01 -8.522919e-01  5.897354e-02  1.199651e-01  7.802322e-04  1.219447e-02 -1.716115e-04 -8.530721e-01  4.677906e-02  1.077706e-01  1.662630e+00  5.952523e-02  1.711737e-01 -1.529181e-03 -1.096066e-04  2.387591e-02  1.664159e+00  5.963484e-02  1.472978e-01 



Time history of loading for wing surface: 3 --> VSP Surface: 3 ... NOTE: values per area! 

  Station    Time       S       Chord     Area      V/Vref        Cx            Cy            Cz           Cxo           Cyo           Czo          Cxi            Cyi           Czi           Cl            Cd            Cs            Clo           Cdo           Cso           Cli           Cdi           Csi           Cmx           Cmy           Cmz          Cmxo          Cmyo          Cmzo          Cmxi          Cmyi          Cmzi 
        1   0.00000   0.03092   0.12926   0.00606   0.98135  1.938179e-01 -1.341685e-04 -8.176868e-01  1.328444e-02 -1.272829e-04  2.898580e-03  1.805334e-01 -6.885579e-06 -8.205854e-01 -8.176868e-01  1.938179e-01  1.327756e-02  2.898580e-03  1.328444e-02 -1.272829e-04 -8.205854e-01  1.805334e-01 -6.885579e-06 -1.468307e-01  1.502633e+00 -3.505185e-02  5.506368e-04 -1.988386e-03 -2.610931e-03 -1.473813e-01  1.504621e+00 -3.244092e-02 
        2   0.00000   0.09793   0.12926   0.00606   0.98128  1.897859e-01 -7.960264e-05 -8.124530e-01  1.322389e-02 -1.345438e-04  2.868279e-03  1.765620e-01  5.494118e-05 -8.153212e-01 -8.124530e-01  1.897859e-01  1.327883e-02  2.868279e-03  1.322389e-02 -1.345438e-04 -8.153212e-01  1.765620e-01  5.494118e-05 -4.377491e-01  1.492300e+00 -1.023833e-01  1.577190e-03 -1.949107e-03 -7.362895e-03 -4.393262e-01  1.494249e+00 -9.502045e-02 
        3   0.00000   0.17009   0.12926   0.00606   0.98222  1.802079e-01 -1.987458e-04 -7.924805e-01  1.300599e-02 -2.068575e-04  2.817602e-03  1.672020e-01  8.111761e-06 -7.952981e-01 -7.924805e-01  1.802079e-01  1.301410e-02  2.817602e-03  1.300599e-02 -2.068575e-04 -7.952981e-01  1.672020e-01  8.111761e-06 -7.115637e-01  1.449443e+00 -1.621641e-01  2.579038e-03 -1.910955e-03 -1.204508e-02 -7.141427e-01  1.451354e+00 -1.501190e-01 
        4   0.00000   0.24226   0.12926   0.00606   0.98220  1.912095e-01 -1.737326e-04 -8.177475e-01  1.329112e-02 -1.631786e-04  2.869088e-03  1.779183e-01 -1.055404e-05 -8.206166e-01 -8.177475e-01  1.912095e-01  1.328056e-02  2.869088e-03  1.329112e-02 -1.631786e-04 -8.206166e-01  1.779183e-01 -1.055404e-05 -1.028033e+00  1.505813e+00 -2.407085e-01  3.645531e-03 -1.934666e-03 -1.699804e-02 -1.031679e+00  1.507748e+00 -2.237104e-01 
        5   0.00000   0.31442   0.12926   0.00606   0.98623  1.890973e-01  3.306777e-04 -7.998004e-01  1.313030e-02  1.431848e-04  2.848948e-03  1.759670e-01  1.874929e-04 -8.026493e-01 -7.998004e-01  1.890973e-01  1.331779e-02  2.848948e-03  1.313030e-02  1.431848e-04 -8.026493e-01  1.759670e-01  1.874929e-04 -1.292806e+00  1.468798e+00 -3.050040e-01  4.571210e-03 -1.937028e-03 -2.097054e-02 -1.297377e+00  1.470735e+00 -2.840334e-01 
        6   0.00000   0.38659   0.12926   0.00606   0.98731  1.843161e-01  4.904557e-04 -7.911984e-01  1.304388e-02  2.813565e-04  2.811446e-03  1.712722e-01  2.090992e-04 -7.940098e-01 -7.911984e-01  1.843161e-01  1.325298e-02  2.811446e-03  1.304388e-02  2.813565e-04 -7.940098e-01  1.712722e-01  2.090992e-04 -1.563212e+00  1.453250e+00 -3.632183e-01  5.487834e-03 -1.891123e-03 -2.527189e-02 -1.568700e+00  1.455141e+00 -3.379464e-01 
        7   0.00000   0.45876   0.12926   0.00606   0.99139  1.817510e-01  6.231739e-04 -7.861794e-01  1.300973e-02  5.384125e-04  2.828320e-03  1.687412e-01  8.476146e-05 -7.890078e-01 -7.861794e-01  1.817510e-01  1.309449e-02  2.828320e-03  1.300973e-02  5.384125e-04 -7.890078e-01  1.687412e-01  8.476146e-05 -1.835654e+00  1.443010e+00 -4.231972e-01  6.476402e-03 -1.929024e-03 -2.942297e-02 -1.842131e+00  1.444939e+00 -3.937742e-01 
        8   0.00000   0.53092   0.12926   0.00606   0.99329  1.894433e-01  9.129876e-04 -7.830095e-01  1.300211e-02  7.258916e-04  2.826302e-03  1.764412e-01  1.870960e-04 -7.858359e-01 -7.830095e-01  1.894433e-01  1.318920e-02  2.826302e-03  1.300211e-02  7.258916e-04 -7.858359e-01  1.764412e-01  1.870960e-04 -2.109842e+00  1.439730e+00 -5.087649e-01  7.442624e-03 -1.927254e-03 -3.374402e-02 -2.117285e+00  1.441657e+00 -4.750209e-01 
        9   0.00000   0.60309   0.12926   0.00606   0.99663  1.842480e-01  3.467930e-03 -7.910438e-01  1.299278e-02  1.907970e-03  2.778933e-03  1.712552e-01  1.559960e-03 -7.938227e-01 -7.910438e-01  1.842480e-01  1.455275e-02  2.778933e-03  1.299278e-02  1.907970e-03 -7.938227e-01  1.712552e-01  1.559960e-03 -2.416491e+00  1.455137e+00 -5.562029e-01  8.034086e-03 -1.845699e-03 -3.629581e-02 -2.424525e+00  1.456983e+00 -5.199071e-01 
       10   0.00000   0.67525   0.12926   0.00606   1.00277  2.254957e-01  3.300061e-03 -7.983651e-01  1.311536e-02  2.244380e-03  2.998143e-03  2.123804e-01  1.055681e-03 -8.013633e-01 -7.983651e-01  2.254957e-01  1.417104e-02  2.998143e-03  1.311536e-02  2.244380e-03 -8.013633e-01  2.123804e-01  1.055681e-03 -2.720332e+00  1.491191e+00 -7.625625e-01  9.700871e-03 -2.204354e-03 -4.078624e-02 -2.730033e+00  1.493395e+00 -7.217762e-01 
       11   0.00000   0.74742   0.12926   0.00606   1.00876  2.776757e-01  3.076170e-02 -7.862375e-01  1.282951e-02  2.664413e-03  3.973257e-03  2.648462e-01  2.809729e-02 -7.902108e-01 -7.862375e-01  2.776757e-01  4.092679e-02  3.973257e-03  1.282951e-02  2.664413e-03 -7.902108e-01  2.648462e-01  2.809729e-02 -2.979859e+00  1.526664e+00 -9.640250e-01  1.435634e-02 -3.995999e-03 -4.367646e-02 -2.994215e+00  1.530660e+00 -9.203485e-01 
       12   0.00000   0.81959   0.12926   0.00606   0.99556  2.329473e-01  1.179746e-01 -1.103564e+00  1.648630e-02  4.844126e-03  1.498769e-03  2.164610e-01  1.131304e-01 -1.105062e+00 -1.103564e+00  2.329473e-01  1.296167e-01  1.498769e-03  1.648630e-02  4.844126e-03 -1.105062e+00  2.164610e-01  1.131304e-01 -4.618661e+00  2.019878e+00 -7.227504e-01  5.047282e-03  1.242720e-03 -5.953613e-02 -4.623709e+00  2.018635e+00 -6.632143e-01 
       13   0.00000   0.89175   0.12926   0.00606   1.09323  3.168811e-01  1.126239e-01 -1.433586e+00  1.930374e-02  9.764983e-03  5.256821e-03  2.975774e-01  1.028589e-01 -1.438843e+00 -1.433586e+00  3.168811e-01  1.221626e-01  5.256821e-03  1.930374e-02  9.764983e-03 -1.438843e+00  2.975774e-01  1.028589e-01 -6.460694e+00  2.511181e+00 -1.219372e+00  2.129729e-02 -4.736831e-03 -6.940740e-02 -6.481991e+00  2.515918e+00 -1.149965e+00 
       14   0.00000   0.96392   0.12926   0.00606   0.96318  4.030373e-01  2.429091e-02 -1.837257e+00  3.092158e-02  6.127967e-03  8.270506e-03  3.721157e-01  1.816294e-02 -1.845527e+00 -1.837257e+00  4.030373e-01  4.908452e-02  8.270506e-03  3.092158e-02  6.127967e-03 -1.845527e+00  3.721157e-01  1.816294e-02 -8.886960e+00  3.214663e+00 -1.901415e+00  3.865821e-02 -7.322262e-03 -1.391091e-01 -8.925618e+00  3.221986e+00 -1.762306e+00 



Time history of loading for wing surface: 4 --> VSP Surface: 4 ... NOTE: values per area! 

  Station    Time       S       Chord     Area      V/Vref        Cx            Cy            Cz           Cxo           Cyo           Czo          Cxi            Cyi           Czi           Cl            Cd            Cs            Clo           Cdo           Cso           Cli           Cdi           Csi           Cmx           Cmy           Cmz          Cmxo          Cmyo          Cmzo          Cmxi          Cmyi          Cmzi 
        1   0.00000   0.03092   0.12926   0.00606   0.98094  1.931980e-01  1.789249e-04 -8.171439e-01  1.327455e-02  1.611670e-04  2.894108e-03  1.799235e-01  1.775791e-05 -8.200380e-01 -8.171439e-01  1.931980e-01  1.329230e-02  2.894108e-03  1.327455e-02  1.611670e-04 -8.200380e-01  1.799235e-01  1.775791e-05  1.467253e-01  1.501446e+00  3.502458e-02 -5.578344e-04 -1.982817e-03  2.669065e-03  1.472831e-01  1.503429e+00  3.235551e-02 
        2   0.00000   0.09793   0.12926   0.00606   0.98059  1.903425e-01  1.241416e-04 -8.111247e-01  1.320285e-02  1.627105e-04  2.879865e-03  1.771396e-01 -3.856894e-05 -8.140046e-01 -8.111247e-01  1.903425e-01  1.316428e-02  2.879865e-03  1.320285e-02  1.627105e-04 -8.140046e-01  1.771396e-01 -3.856894e-05  4.370289e-01  1.489784e+00  1.027674e-01 -1.590084e-03 -1.974560e-03  7.401362e-03  4.386190e-01  1.491758e+00  9.536602e-02 
        3   0.00000   0.17009   0.12926   0.00606   0.98135  1.809906e-01  1.867303e-04 -7.890248e-01  1.296118e-02  2.272425e-04  2.831317e-03  1.680294e-01 -4.051218e-05 -7.918561e-01 -7.890248e-01  1.809906e-01  1.292066e-02  2.831317e-03  1.296118e-02  2.272425e-04 -7.918561e-01  1.680294e-01 -4.051218e-05  7.084653e-01  1.443263e+00  1.628380e-01 -2.596168e-03 -1.945787e-03  1.204088e-02  7.110615e-01  1.445209e+00  1.507971e-01 
        4   0.00000   0.24226   0.12926   0.00606   0.98112  1.914985e-01 -9.418038e-05 -8.088295e-01  1.318539e-02  1.829137e-04  2.875968e-03  1.783131e-01 -2.770941e-04 -8.117055e-01 -8.088295e-01  1.914985e-01  1.290830e-02  2.875968e-03  1.318539e-02  1.829137e-04 -8.117055e-01  1.783131e-01 -2.770941e-04  1.016890e+00  1.490803e+00  2.405608e-01 -3.658840e-03 -1.971793e-03  1.690002e-02  1.020549e+00  1.492775e+00  2.236608e-01 
        5   0.00000   0.31442   0.12926   0.00606   0.98338  1.774180e-01 -6.808204e-04 -7.747911e-01  1.283351e-02 -7.574544e-05  2.787276e-03  1.645845e-01 -6.050750e-04 -7.775783e-01 -7.747911e-01  1.774180e-01  1.222843e-02  2.787276e-03  1.283351e-02 -7.574544e-05 -7.775783e-01  1.645845e-01 -6.050750e-04  1.252408e+00  1.427486e+00  2.854347e-01 -4.487447e-03 -1.898059e-03  2.061006e-02  1.256895e+00  1.429384e+00  2.648246e-01 
        6   0.00000   0.38659   0.12926   0.00606   0.98445  1.729317e-01 -7.268419e-04 -7.610643e-01  1.270063e-02 -2.216755e-04  2.745661e-03  1.602311e-01 -5.051664e-04 -7.638100e-01 -7.610643e-01  1.729317e-01  1.219546e-02  2.745661e-03  1.270063e-02 -2.216755e-04 -7.638100e-01  1.602311e-01 -5.051664e-04  1.503688e+00  1.404645e+00  3.402656e-01 -5.371960e-03 -1.855853e-03  2.469929e-02  1.509060e+00  1.406501e+00  3.155663e-01 
        7   0.00000   0.45876   0.12926   0.00606   0.98743  1.677420e-01 -8.156351e-04 -7.578869e-01  1.268084e-02 -4.765926e-04  2.730823e-03  1.550611e-01 -3.390425e-04 -7.606178e-01 -7.578869e-01  1.677420e-01  1.234180e-02  2.730823e-03  1.268084e-02 -4.765926e-04 -7.606178e-01  1.550611e-01 -3.390425e-04  1.769720e+00  1.401112e+00  3.901222e-01 -6.263362e-03 -1.834289e-03  2.876441e-02  1.775983e+00  1.402946e+00  3.613578e-01 
        8   0.00000   0.53092   0.12926   0.00606   0.98868  1.715435e-01 -9.157939e-04 -7.535089e-01  1.265699e-02 -6.336804e-04  2.697754e-03  1.588865e-01 -2.821135e-04 -7.562066e-01 -7.535089e-01  1.715435e-01  1.237487e-02  2.697754e-03  1.265699e-02 -6.336804e-04 -7.562066e-01  1.588865e-01 -2.821135e-04  2.030589e+00  1.393718e+00  4.605733e-01 -7.118091e-03 -1.781452e-03  3.297732e-02  2.037707e+00  1.395499e+00  4.275960e-01 
        9   0.00000   0.60309   0.12926   0.00606   0.99150  1.775644e-01 -3.639115e-03 -7.644082e-01  1.265266e-02 -1.810121e-03  2.882313e-03  1.649117e-01 -1.828994e-03 -7.672905e-01 -7.644082e-01  1.775644e-01  1.082367e-02  2.882313e-03  1.265266e-02 -1.810121e-03 -7.672905e-01  1.649117e-01 -1.828994e-03  2.335294e+00  1.413351e+00  5.354273e-01 -8.372828e-03 -2.108801e-03  3.543036e-02  2.343667e+00  1.415460e+00  4.999969e-01 
       10   0.00000   0.67525   0.12926   0.00606   0.99779  2.184190e-01 -7.536287e-03 -8.152683e-01  1.321490e-02 -2.301626e-03  3.048123e-03  2.052041e-01 -5.234661e-03 -8.183164e-01 -8.152683e-01  2.184190e-01  7.980237e-03  3.048123e-03  1.321490e-02 -2.301626e-03 -8.183164e-01  2.052041e-01 -5.234661e-03  2.782078e+00  1.537674e+00  7.302523e-01 -9.857902e-03 -2.269222e-03  4.102469e-02  2.791935e+00  1.539943e+00  6.892276e-01 
       11   0.00000   0.74742   0.12926   0.00606   1.00821  3.688687e-01 -1.514053e-01 -1.118685e+00  1.681461e-02 -3.807000e-03  4.897574e-03  3.520541e-01 -1.475983e-01 -1.123582e+00 -1.118685e+00  3.688687e-01 -1.307837e-01  4.897574e-03  1.681461e-02 -3.807000e-03 -1.123582e+00  3.520541e-01 -1.475983e-01  4.305759e+00  2.224596e+00  1.043193e+00 -1.757269e-02 -4.689365e-03  5.668633e-02  4.323332e+00  2.229286e+00  9.865068e-01 
       12   0.00000   0.81959   0.12926   0.00606   0.83694  9.459829e-01 -1.030415e-01 -1.766018e+00  3.572855e-02 -1.214516e-02  1.330168e-02  9.102543e-01 -9.089634e-02 -1.779320e+00 -1.766018e+00  9.459829e-01 -5.516779e-02  1.330168e-02  3.572855e-02 -1.214516e-02 -1.779320e+00  9.102543e-01 -9.089634e-02  7.312900e+00  3.622374e+00  3.699585e+00 -5.207858e-02 -1.508311e-02  1.261123e-01  7.364978e+00  3.637457e+00  3.573473e+00 
       13   0.00000   0.89175   0.12926   0.00606   1.08025  2.461247e-01 -8.951075e-02 -1.200359e+00  1.688516e-02 -6.629264e-03  4.919802e-03  2.292395e-01 -8.288149e-02 -1.205279e+00 -1.200359e+00  2.461247e-01 -6.599633e-02  4.919802e-03  1.688516e-02 -6.629264e-03 -1.205279e+00  2.292395e-01 -8.288149e-02  5.333839e+00  2.035569e+00  1.006312e+00 -2.052450e-02 -4.712009e-03  6.409246e-02  5.354364e+00  2.040281e+00  9.422194e-01 
       14   0.00000   0.96392   0.12926   0.00606   1.08891 -2.000664e-01 -1.414757e-01 -7.072002e-01  1.192105e-02 -5.433965e-03  7.403682e-06 -2.119875e-01 -1.360417e-01 -7.072076e-01 -7.072002e-01 -2.000664e-01 -1.241207e-01  7.403682e-06  1.192105e-02 -5.433965e-03 -7.072076e-01 -2.119875e-01 -1.360417e-01  3.481109e+00  1.289601e+00 -1.217692e+00  1.247175e-03  2.801727e-03  4.819920e-02  3.479862e+00  1.286799e+00 -1.265892e+00 



Time history of loading for wing surface: 5 --> VSP Surface: 5 ... NOTE: values per area! 

  Station    Time       S       Chord     Area      V/Vref        Cx            Cy            Cz           Cxo           Cyo           Czo          Cxi            Cyi           Czi           Cl            Cd            Cs            Clo           Cdo           Cso           Cli           Cdi           Csi           Cmx           Cmy           Cmz          Cmxo          Cmyo          Cmzo          Cmxi          Cmyi          Cmzi 
        1   0.00000   0.24304   0.45000   0.01350   1.08182  4.743183e-03 -1.334799e-01  4.624592e-01  8.767707e-03  4.836956e-05 -4.808963e-04 -4.024525e-03 -1.335282e-01  4.629401e-01  4.624592e-01  4.743183e-03 -1.247605e-01 -4.808963e-04  8.767707e-03  4.836956e-05  4.629401e-01 -4.024525e-03 -1.335282e-01  6.580349e-01 -8.415625e-02  1.951871e-02 -6.907781e-04 -6.021153e-04 -1.265484e-02  6.587257e-01 -8.355413e-02  3.217355e-02 
        2   0.00000   0.55031   0.45000   0.01350   1.01686  3.932915e-01  5.878935e-01 -1.373106e+00  9.828829e-03  8.827617e-05  4.914770e-04  3.834627e-01  5.878053e-01 -1.373598e+00 -1.373106e+00  3.932915e-01  5.976341e-01  4.914770e-04  9.828829e-03  8.827617e-05 -1.373598e+00  3.834627e-01  5.878053e-01 -1.996335e+00  5.323386e-01 -2.527969e-01  7.110523e-04 -2.248961e-04 -1.417962e-02 -1.997046e+00  5.325635e-01 -2.386173e-01 
        3   0.00000   0.67879   0.45000   0.01350   0.87436 -2.432810e-01  4.613445e-01 -1.616897e+00  7.605377e-03  1.819842e-04 -3.784262e-04 -2.508864e-01  4.611625e-01 -1.616519e+00 -1.616897e+00 -2.432810e-01  4.687679e-01 -3.784262e-04  7.605377e-03  1.819842e-04 -1.616519e+00 -2.508864e-01  4.611625e-01 -2.340362e+00  4.290580e-01  4.102111e-01 -5.563954e-04  4.840492e-04 -1.094932e-02 -2.339805e+00  4.285740e-01  4.211604e-01 
        4   0.00000   0.80728   0.45000   0.01350   0.83579  2.142425e-02  3.467460e-01  2.276974e-01  6.485631e-03 -1.364236e-04 -1.386366e-04  1.493862e-02  3.468824e-01  2.278361e-01  2.276974e-01  2.142425e-02  3.533680e-01 -1.386366e-04  6.485631e-03 -1.364236e-04  2.278361e-01  1.493862e-02  3.468824e-01  2.872788e-01 -1.756167e-01  1.027284e-02 -1.838266e-04  8.085127e-04 -9.395292e-03  2.874626e-01 -1.764252e-01  1.966813e-02 
        5   0.00000   0.93576   0.45000   0.01350   0.84655  7.273346e-03  2.539207e-01  7.727472e-03  6.102014e-03 -4.275280e-05 -8.958630e-05  1.171332e-03  2.539635e-01  7.817058e-03  7.727472e-03  7.273346e-03  2.600655e-01 -8.958630e-05  6.102014e-03 -4.275280e-05  7.817058e-03  1.171332e-03  2.539635e-01 -3.652520e-02  2.492745e-03  2.840811e-02 -1.214045e-04  1.159359e-03 -8.822531e-03 -3.640380e-02  1.333386e-03  3.723064e-02 



Time history of loading for wing surface: 6 --> VSP Surface: 6 ... NOTE: values per area! 

  Station    Time       S       Chord     Area      V/Vref        Cx            Cy            Cz           Cxo           Cyo           Czo          Cxi            Cyi           Czi           Cl            Cd            Cs            Clo           Cdo           Cso           Cli           Cdi           Csi           Cmx           Cmy           Cmz          Cmxo          Cmyo          Cmzo          Cmxi          Cmyi          Cmzi 
        1   0.00000   0.24304   0.45000   0.01350   1.04589  1.843217e-02  1.596534e-01  4.053028e-01  8.248880e-03 -3.327995e-04 -9.501463e-04  1.018329e-02  1.599862e-01  4.062529e-01  4.053028e-01  1.843217e-02  1.682351e-01 -9.501463e-04  8.248880e-03 -3.327995e-04  4.062529e-01  1.018329e-02  1.599862e-01 -5.746728e-01 -4.687331e-02  4.296777e-02  1.345945e-03 -4.674028e-04  1.184880e-02 -5.760187e-01 -4.640590e-02  3.111897e-02 
        2   0.00000   0.55031   0.45000   0.01350   1.01842  4.906060e-01  3.912569e-01 -2.546332e-01  8.625236e-03  3.657562e-04 -1.041424e-03  4.819808e-01  3.908911e-01 -2.535918e-01 -2.546332e-01  4.906060e-01  3.995163e-01 -1.041424e-03  8.625236e-03  3.657562e-04 -2.535918e-01  4.819808e-01  3.908911e-01  3.586688e-01 -1.348349e-01  1.013215e+00  1.509008e-03  9.582892e-05  1.253149e-02  3.571598e-01 -1.349307e-01  1.000684e+00 
        3   0.00000   0.67879   0.45000   0.01350   1.00802  1.634280e-02  2.004503e-01 -7.045987e-01  7.460175e-03  1.565593e-03 -1.970272e-03  8.882627e-03  1.988847e-01 -7.026284e-01 -7.045987e-01  1.634280e-02  2.063449e-01 -1.970272e-03  7.460175e-03  1.565593e-03 -7.026284e-01  8.882627e-03  1.988847e-01  1.021476e+00 -6.015096e-02  4.114093e-01  2.761814e-03  7.931473e-04  1.108748e-02  1.018714e+00 -6.094411e-02  4.003219e-01 
        4   0.00000   0.80728   0.45000   0.01350   0.91039  3.370640e-02 -3.957162e-01 -1.904263e-02  7.415606e-03 -4.115209e-05 -1.189697e-03  2.629079e-02 -3.956750e-01 -1.785293e-02 -1.904263e-02  3.370640e-02 -3.882594e-01 -1.189697e-03  7.415606e-03 -4.115209e-05 -1.785293e-02  2.629079e-02 -3.956750e-01  7.905467e-02  1.470413e-02 -7.103665e-03  1.723406e-03  1.129731e-03  1.070324e-02  7.733126e-02  1.357440e-02 -1.780690e-02 
        5   0.00000   0.93576   0.45000   0.01350   0.89243  9.141148e-03 -3.404813e-01  2.421658e-02  6.976333e-03  2.240456e-05 -7.141593e-04  2.164815e-03 -3.405037e-01  2.493074e-02  2.421658e-02  9.141148e-03 -3.335274e-01 -7.141593e-04  6.976333e-03  2.240456e-05  2.493074e-02  2.164815e-03 -3.405037e-01  2.645435e-02 -9.422396e-03 -6.813543e-02  1.027372e-03  1.447259e-03  1.008139e-02  2.542698e-02 -1.086966e-02 -7.821681e-02 



Time history of loading for wing surface: 7 --> VSP Surface: 7 ... NOTE: values per area! 

  Station    Time       S       Chord     Area      V/Vref        Cx            Cy            Cz           Cxo           Cyo           Czo          Cxi            Cyi           Czi           Cl            Cd            Cs            Clo           Cdo           Cso           Cli           Cdi           Csi           Cmx           Cmy           Cmz          Cmxo          Cmyo          Cmzo          Cmxi          Cmyi          Cmzi 
        1   0.00000   0.09614   0.17920   0.00193   0.86235  7.273463e-02 -4.087134e-01 -7.748342e-02  8.055793e-03  1.336814e-03  1.574886e-04  6.467884e-02 -4.100502e-01 -7.764091e-02 -7.748342e-02  7.273463e-02 -4.019944e-01  1.574886e-04  8.055793e-03  1.336814e-03 -7.764091e-02  6.467884e-02 -4.100502e-01 -2.123898e-01  1.821351e-02 -2.206045e-01  4.387265e-04 -1.985579e-05 -2.227302e-02 -2.128286e-01  1.823337e-02 -1.983315e-01 
        2   0.00000   0.21473   0.17920   0.00193   0.89743  7.743654e-02 -5.012453e-01 -9.318641e-02  9.092862e-03  1.519718e-03  3.035588e-04  6.834368e-02 -5.027650e-01 -9.348997e-02 -9.318641e-02  7.743654e-02 -4.936722e-01  3.035588e-04  9.092862e-03  1.519718e-03 -9.348997e-02  6.834368e-02 -5.027650e-01 -2.268907e-01  2.556034e-02 -2.053675e-01  7.531067e-04  5.157443e-04 -2.514070e-02 -2.276439e-01  2.504460e-02 -1.802268e-01 
        3   0.00000   0.25960   0.17920   0.00193   0.93236  6.307233e-02 -5.258210e-01 -1.843094e-02  9.625190e-03  1.614392e-03  3.189514e-04  5.344714e-02 -5.274353e-01 -1.874989e-02 -1.843094e-02  6.307233e-02 -5.178102e-01  3.189514e-04  9.625190e-03  1.614392e-03 -1.874989e-02  5.344714e-02 -5.274353e-01  9.987509e-03  1.041506e-02 -1.427318e-01  6.954825e-04  1.111260e-03 -2.661271e-02  9.292026e-03  9.303796e-03 -1.161191e-01 
        4   0.00000   0.30447   0.17920   0.00193   0.93216  6.591414e-02 -5.479966e-01 -4.128408e-03  9.795065e-03  1.642592e-03  3.133170e-04  5.611907e-02 -5.496392e-01 -4.441725e-03 -4.128408e-03  6.591414e-02 -5.398442e-01  3.133170e-04  9.795065e-03  1.642592e-03 -4.441725e-03  5.611907e-02 -5.496392e-01  8.356888e-02  1.190397e-02 -1.344848e-01  5.802199e-04  1.705890e-03 -2.708239e-02  8.298866e-02  1.019808e-02 -1.074024e-01 
        5   0.00000   0.34934   0.17920   0.00193   0.94296  4.487380e-02 -5.610932e-01 -4.001962e-03  9.988027e-03  1.674117e-03  2.428768e-04  3.488577e-02 -5.627672e-01 -4.244839e-03 -4.001962e-03  4.487380e-02 -5.527792e-01  2.428768e-04  9.988027e-03  1.674117e-03 -4.244839e-03  3.488577e-02 -5.627672e-01  1.191565e-01  1.125275e-02 -6.837010e-02  2.820395e-04  2.323755e-03 -2.761588e-02  1.188744e-01  8.928995e-03 -4.075422e-02 
        6   0.00000   0.39422   0.17920   0.00193   0.94239  4.422770e-02 -5.796946e-01 -3.827444e-03  1.012729e-02  1.697084e-03  2.604830e-04  3.410041e-02 -5.813917e-01 -4.087927e-03 -3.827444e-03  4.422770e-02 -5.712644e-01  2.604830e-04  1.012729e-02  1.697084e-03 -4.087927e-03  3.410041e-02 -5.813917e-01  1.579801e-01  1.379004e-02 -6.189508e-02  2.256096e-04  2.951504e-03 -2.800092e-02  1.577545e-01  1.083853e-02 -3.389416e-02 
        7   0.00000   0.43909   0.17920   0.00193   0.94320  5.370666e-02 -5.968750e-01 -1.251687e-03  1.028614e-02  1.716704e-03  2.682767e-04  4.342052e-02 -5.985917e-01 -1.519964e-03 -1.251687e-03  5.370666e-02 -5.883056e-01  2.682767e-04  1.028614e-02  1.716704e-03 -1.519964e-03  4.342052e-02 -5.985917e-01  2.050159e-01  1.912424e-02 -8.413102e-02  1.405726e-04  3.602142e-03 -2.843991e-02  2.048753e-01  1.552209e-02 -5.569112e-02 
        8   0.00000   0.48396   0.17920   0.00193   0.94264  5.355366e-02 -6.029068e-01  3.852554e-04  1.033057e-02  1.722313e-03  2.736368e-04  4.322309e-02 -6.046291e-01  1.116187e-04  3.852554e-04  5.355366e-02 -5.942985e-01  2.736368e-04  1.033057e-02  1.722313e-03  1.116187e-04  4.322309e-02 -6.046291e-01  2.470429e-01  2.184295e-02 -8.175313e-02  5.223318e-05  4.224668e-03 -2.856268e-02  2.469907e-01  1.761829e-02 -5.319046e-02 
        9   0.00000   0.52884   0.17920   0.00193   0.96057  4.588406e-02 -6.033728e-01  1.029735e-03  1.050825e-02  1.730839e-03  2.475523e-04  3.537581e-02 -6.051037e-01  7.821829e-04  1.029735e-03  4.588406e-02 -5.945954e-01  2.475523e-04  1.050825e-02  1.730839e-03  7.821829e-04  3.537581e-02 -6.051037e-01  2.844885e-01  2.127391e-02 -6.201098e-02 -1.248994e-04  4.913616e-03 -2.905327e-02  2.846134e-01  1.636029e-02 -3.295771e-02 
       10   0.00000   0.57371   0.17920   0.00193   0.96010  4.825296e-02 -6.005173e-01  1.606293e-03  1.048332e-02  1.725130e-03  2.550935e-04  3.776964e-02 -6.022424e-01  1.351199e-03  1.606293e-03  4.825296e-02 -5.917591e-01  2.550935e-04  1.048332e-02  1.725130e-03  1.351199e-03  3.776964e-02 -6.022424e-01  3.199994e-01  2.505291e-02 -6.907512e-02 -2.027608e-04  5.518027e-03 -2.898430e-02  3.202022e-01  1.953488e-02 -4.009082e-02 
       11   0.00000   0.61858   0.17920   0.00193   0.95854  4.981463e-02 -5.906870e-01  2.043775e-03  1.039132e-02  1.705286e-03  2.683983e-04  3.942331e-02 -5.923922e-01  1.775377e-03  2.043775e-03  4.981463e-02 -5.820009e-01  2.683983e-04  1.039132e-02  1.705286e-03  1.775377e-03  3.942331e-02 -5.923922e-01  3.507238e-01  2.872709e-02 -7.422812e-02 -2.557870e-04  6.080502e-03 -2.872979e-02  3.509796e-01  2.264659e-02 -4.549833e-02 
       12   0.00000   0.66345   0.17920   0.00193   0.96734  4.534459e-02 -5.768905e-01  2.417005e-03  1.037593e-02  1.692224e-03  2.426695e-04  3.496866e-02 -5.785827e-01  2.174335e-03  2.417005e-03  4.534459e-02 -5.682068e-01  2.426695e-04  1.037593e-02  1.692224e-03  2.174335e-03  3.496866e-02 -5.785827e-01  3.775720e-01  2.871565e-02 -6.485940e-02 -4.185580e-04  6.680178e-03 -2.868688e-02  3.779905e-01  2.203547e-02 -3.617252e-02 
       13   0.00000   0.70833   0.17920   0.00193   0.97060  4.579026e-02 -5.472737e-01  3.350799e-03  1.019775e-02  1.651180e-03  2.173150e-04  3.559251e-02 -5.489249e-01  3.133484e-03  3.350799e-03  4.579026e-02 -5.387271e-01  2.173150e-04  1.019775e-02  1.651180e-03  3.133484e-03  3.559251e-02 -5.489249e-01  3.932215e-01  3.148560e-02 -6.576146e-02 -5.591235e-04  7.163819e-03 -2.819388e-02  3.937806e-01  2.432178e-02 -3.756758e-02 
       14   0.00000   0.75320   0.17920   0.00193   0.96885  3.933918e-02 -5.240778e-01  4.221942e-03  1.000967e-02  1.618766e-03  2.223060e-04  2.932950e-02 -5.256966e-01  3.999636e-03  4.221942e-03  3.933918e-02 -5.156869e-01  2.223060e-04  1.000967e-02  1.618766e-03  3.999636e-03  2.932950e-02 -5.256966e-01  4.101255e-01  2.912008e-02 -5.464642e-02 -6.176907e-04  7.619969e-03 -2.767384e-02  4.107432e-01  2.150011e-02 -2.697258e-02 
       15   0.00000   0.79807   0.17920   0.00193   0.96718  3.965333e-02 -4.814594e-01  4.494708e-03  9.711554e-03  1.561809e-03  1.994397e-04  2.994177e-02 -4.830212e-01  4.295268e-03  4.494708e-03  3.965333e-02 -4.733097e-01  1.994397e-04  9.711554e-03  1.561809e-03  4.295268e-03  2.994177e-02 -4.830212e-01  4.067059e-01  3.162944e-02 -5.615273e-02 -7.292156e-04  7.962974e-03 -2.684935e-02  4.074351e-01  2.366647e-02 -2.930338e-02 
       16   0.00000   0.84295   0.17920   0.00193   0.97461  3.580369e-02 -4.381624e-01  5.244851e-03  9.547981e-03  1.509655e-03  1.398597e-04  2.625571e-02 -4.396720e-01  5.104991e-03  5.244851e-03  3.580369e-02 -4.301240e-01  1.398597e-04  9.547981e-03  1.509655e-03  5.104991e-03  2.625571e-02 -4.396720e-01  3.989881e-01  3.067679e-02 -5.272532e-02 -9.395787e-04  8.387916e-03 -2.639629e-02  3.999276e-01  2.228888e-02 -2.632903e-02 
       17   0.00000   0.88782   0.17920   0.00193   0.97232  3.425711e-02 -3.893943e-01  1.065356e-02  9.257063e-03  1.457775e-03  8.056065e-05  2.500005e-02 -3.908521e-01  1.057299e-02  1.065356e-02  3.425711e-02 -3.815950e-01  8.056065e-05  9.257063e-03  1.457775e-03  1.057299e-02  2.500005e-02 -3.908521e-01  3.937826e-01  3.060438e-02 -5.880751e-02 -1.143296e-03  8.674356e-03 -2.559184e-02  3.949259e-01  2.193003e-02 -3.321567e-02 
       18   0.00000   0.93269   0.17920   0.00193   0.95887  4.114771e-02 -3.355697e-01  4.446117e-02  8.826970e-03  1.355584e-03 -9.755845e-06  3.232074e-02 -3.369253e-01  4.447093e-02  4.446117e-02  4.114771e-02 -3.280983e-01 -9.755845e-06  8.826970e-03  1.355584e-03  4.447093e-02  3.232074e-02 -3.369253e-01  4.557700e-01  3.107124e-02 -9.641343e-02 -1.376427e-03  8.787075e-03 -2.440171e-02  4.571464e-01  2.228417e-02 -7.201172e-02 
       19   0.00000   0.97756   0.17920   0.00193   0.94692  3.305801e-02 -2.366342e-01  3.667694e-02  8.274444e-03  1.236109e-03 -1.124408e-04  2.478356e-02 -2.378703e-01  3.678938e-02  3.667694e-02  3.305801e-02 -2.295959e-01 -1.124408e-04  8.274444e-03  1.236109e-03  3.678938e-02  2.478356e-02 -2.378703e-01  3.494317e-01  2.574273e-02 -8.362964e-02 -1.613461e-03  8.719793e-03 -2.287317e-02  3.510452e-01  1.702294e-02 -6.075647e-02 



Time history of loading for wing surface: 8 --> VSP Surface: 8 ... NOTE: values per area! 

  Station    Time       S       Chord     Area      V/Vref        Cx            Cy            Cz           Cxo           Cyo           Czo          Cxi            Cyi           Czi           Cl            Cd            Cs            Clo           Cdo           Cso           Cli           Cdi           Csi           Cmx           Cmy           Cmz          Cmxo          Cmyo          Cmzo          Cmxi          Cmyi          Cmzi 
        1   0.00000   0.09614   0.17920   0.00193   0.86175  7.095471e-02  3.979056e-01 -7.525526e-02  7.974744e-03 -1.321317e-03  1.829575e-04  6.297997e-02  3.992269e-01 -7.543822e-02 -7.525526e-02  7.095471e-02  4.072016e-01  1.829575e-04  7.974744e-03 -1.321317e-03 -7.543822e-02  6.297997e-02  3.992269e-01  2.062521e-01  1.788571e-02  2.155077e-01 -5.089607e-04 -1.878988e-05  2.204886e-02  2.067611e-01  1.790450e-02  1.934588e-01 
        2   0.00000   0.21473   0.17920   0.00193   0.89693  7.588632e-02  4.895460e-01 -9.095804e-02  8.997445e-03 -1.497714e-03  3.186684e-04  6.688888e-02  4.910437e-01 -9.127671e-02 -9.095804e-02  7.588632e-02  5.000411e-01  3.186684e-04  8.997445e-03 -1.497714e-03 -9.127671e-02  6.688888e-02  4.910437e-01  2.215572e-01  2.518758e-02  2.023079e-01 -7.960267e-04  5.109180e-04  2.487669e-02  2.223533e-01  2.467666e-02  1.774312e-01 
        3   0.00000   0.25960   0.17920   0.00193   0.93124  6.150071e-02  5.122142e-01 -1.872686e-02  9.512522e-03 -1.586620e-03  3.263428e-04  5.198819e-02  5.138008e-01 -1.905320e-02 -1.872686e-02  6.150071e-02  5.233133e-01  3.263428e-04  9.512522e-03 -1.586620e-03 -1.905320e-02  5.198819e-02  5.138008e-01 -7.564992e-03  1.044243e-02  1.398701e-01 -7.190560e-04  1.098609e-03  2.630091e-02 -6.845936e-03  9.343822e-03  1.135692e-01 
        4   0.00000   0.30447   0.17920   0.00193   0.93089  6.423642e-02  5.339110e-01 -4.587490e-03  9.673125e-03 -1.613244e-03  3.188542e-04  5.456330e-02  5.355242e-01 -4.906344e-03 -4.587490e-03  6.423642e-02  5.451974e-01  3.188542e-04  9.673125e-03 -1.613244e-03 -4.906344e-03  5.456330e-02  5.355242e-01 -7.985125e-02  1.177569e-02  1.320447e-01 -6.005812e-04  1.684955e-03  2.674495e-02 -7.925067e-02  1.009074e-02  1.052998e-01 
        5   0.00000   0.34934   0.17920   0.00193   0.94187  4.412863e-02  5.468722e-01 -4.221702e-03  9.868063e-03 -1.646963e-03  2.509566e-04  3.426057e-02  5.485192e-01 -4.472659e-03 -4.221702e-03  4.412863e-02  5.583872e-01  2.509566e-04  9.868063e-03 -1.646963e-03 -4.472659e-03  3.426057e-02  5.485192e-01 -1.152500e-01  1.115613e-02  6.903379e-02 -3.106323e-04  2.296197e-03  2.728397e-02 -1.149393e-01  8.859930e-03  4.174982e-02 
        6   0.00000   0.39422   0.17920   0.00193   0.94129  4.367507e-02  5.653213e-01 -4.035046e-03  1.000301e-02 -1.667675e-03  2.679207e-04  3.367206e-02  5.669889e-01 -4.302967e-03 -4.035046e-03  4.367507e-02  5.769919e-01  2.679207e-04  1.000301e-02 -1.667675e-03 -4.302967e-03  3.367206e-02  5.669889e-01 -1.532273e-01  1.370171e-02  6.346302e-02 -2.546810e-04  2.915623e-03  2.765702e-02 -1.529726e-01  1.078609e-02  3.580600e-02 
        7   0.00000   0.43909   0.17920   0.00193   0.94168  5.296575e-02  5.821913e-01 -1.435207e-03  1.015176e-02 -1.685745e-03  2.755875e-04  4.281399e-02  5.838770e-01 -1.710794e-03 -1.435207e-03  5.296575e-02  5.940288e-01  2.755875e-04  1.015176e-02 -1.685745e-03 -1.710794e-03  4.281399e-02  5.838770e-01 -1.993785e-01  1.892360e-02  8.541922e-02 -1.715629e-04  3.555428e-03  2.806808e-02 -1.992070e-01  1.536817e-02  5.735113e-02 
        8   0.00000   0.48396   0.17920   0.00193   0.94113  5.278272e-02  5.881081e-01  3.658970e-04  1.019411e-02 -1.691108e-03  2.813966e-04  4.258862e-02  5.897992e-01  8.450038e-05  3.658970e-04  5.278272e-02  5.999933e-01  2.813966e-04  1.019411e-02 -1.691108e-03  8.450038e-05  4.258862e-02  5.897992e-01 -2.409481e-01  2.154115e-02  8.312378e-02 -8.638130e-05  4.169226e-03  2.818511e-02 -2.408617e-01  1.737192e-02  5.493867e-02 
        9   0.00000   0.52884   0.17920   0.00193   0.95911  4.545373e-02  5.887371e-01  1.095108e-03  1.037784e-02 -1.701236e-03  2.553872e-04  3.507589e-02  5.904383e-01  8.397206e-04  1.095108e-03  4.545373e-02  6.008161e-01  2.553872e-04  1.037784e-02 -1.701236e-03  8.397206e-04  3.507589e-02  5.904383e-01 -2.778331e-01  2.106788e-02  6.444033e-02  8.945878e-05  4.852985e-03  2.869245e-02 -2.779225e-01  1.621490e-02  3.574788e-02 
       10   0.00000   0.57371   0.17920   0.00193   0.95869  4.780227e-02  5.860407e-01  1.712236e-03  1.035491e-02 -1.696340e-03  2.627690e-04  3.744736e-02  5.877371e-01  1.449467e-03  1.712236e-03  4.780227e-02  5.980920e-01  2.627690e-04  1.035491e-02 -1.696340e-03  1.449467e-03  3.744736e-02  5.877371e-01 -3.126783e-01  2.480215e-02  7.151306e-02  1.664482e-04  5.450782e-03  2.862903e-02 -3.128447e-01  1.935137e-02  4.288403e-02 
       11   0.00000   0.61858   0.17920   0.00193   0.95715  4.924884e-02  5.764402e-01  2.214144e-03  1.026615e-02 -1.676693e-03  2.755350e-04  3.898269e-02  5.781169e-01  1.938609e-03  2.214144e-03  4.924884e-02  5.883830e-01  2.755350e-04  1.026615e-02 -1.676693e-03  1.938609e-03  3.898269e-02  5.781169e-01 -3.428623e-01  2.837060e-02  7.636109e-02  2.193852e-04  6.007589e-03  2.838346e-02 -3.430817e-01  2.236302e-02  4.797763e-02 
       12   0.00000   0.66345   0.17920   0.00193   0.96611  4.477548e-02  5.626640e-01  2.663782e-03  1.025657e-02 -1.665395e-03  2.478911e-04  3.451891e-02  5.643294e-01  2.415890e-03  2.663782e-03  4.477548e-02  5.745860e-01  2.478911e-04  1.025657e-02 -1.665395e-03  2.415890e-03  3.451891e-02  5.643294e-01 -3.690962e-01  2.830451e-02  6.677924e-02  3.868960e-04  6.603595e-03  2.835667e-02 -3.694831e-01  2.170091e-02  3.842257e-02 
       13   0.00000   0.70833   0.17920   0.00193   0.96942  4.497128e-02  5.332774e-01  3.675493e-03  1.008584e-02 -1.625775e-03  2.208439e-04  3.488544e-02  5.349032e-01  3.454649e-03  3.675493e-03  4.497128e-02  5.449890e-01  2.208439e-04  1.008584e-02 -1.625775e-03  3.454649e-03  3.488544e-02  5.349032e-01 -3.842876e-01  3.084192e-02  6.678113e-02  5.315563e-04  7.085393e-03  2.788425e-02 -3.848191e-01  2.375653e-02  3.889688e-02 
       14   0.00000   0.75320   0.17920   0.00193   0.96757  3.802069e-02  5.094278e-01  4.755448e-03  9.895975e-03 -1.589878e-03  2.257712e-04  2.812471e-02  5.110177e-01  4.529677e-03  4.755448e-03  3.802069e-02  5.209137e-01  2.257712e-04  9.895975e-03 -1.589878e-03  4.529677e-03  2.812471e-02  5.110177e-01 -4.004504e-01  2.795476e-02  5.351919e-02  5.861581e-04  7.533607e-03  2.735916e-02 -4.010366e-01  2.042116e-02  2.616003e-02 
       15   0.00000   0.79807   0.17920   0.00193   0.96656  3.828592e-02  4.680089e-01  5.084996e-03  9.620014e-03 -1.540135e-03  2.014882e-04  2.866591e-02  4.695490e-01  4.883508e-03  5.084996e-03  3.828592e-02  4.791690e-01  2.014882e-04  9.620014e-03 -1.540135e-03  4.883508e-03  2.866591e-02  4.695490e-01 -3.973287e-01  3.034644e-02  5.486121e-02  7.058055e-04  7.888042e-03  2.659605e-02 -3.980345e-01  2.245840e-02  2.826517e-02 
       16   0.00000   0.84295   0.17920   0.00193   0.97366  3.531516e-02  4.274098e-01  5.725728e-03  9.476003e-03 -1.492271e-03  1.379044e-04  2.583915e-02  4.289021e-01  5.587824e-03  5.725728e-03  3.531516e-02  4.383781e-01  1.379044e-04  9.476003e-03 -1.492271e-03  5.587824e-03  2.583915e-02  4.289021e-01 -3.908681e-01  3.012849e-02  5.427972e-02  9.297104e-04  8.324655e-03  2.619711e-02 -3.917978e-01  2.180383e-02  2.808261e-02 
       17   0.00000   0.88782   0.17920   0.00193   0.97101  3.420503e-02  3.805212e-01  1.114080e-02  9.195816e-03 -1.441868e-03  7.795925e-05  2.500922e-02  3.819631e-01  1.106284e-02  1.114080e-02  3.420503e-02  3.911589e-01  7.795925e-05  9.195816e-03 -1.441868e-03  1.106284e-02  2.500922e-02  3.819631e-01 -3.868191e-01  3.038061e-02  6.141204e-02  1.135573e-03  8.616898e-03  2.542231e-02 -3.879547e-01  2.176372e-02  3.598973e-02 
       18   0.00000   0.93269   0.17920   0.00193   0.95720  4.070039e-02  3.277725e-01  4.463212e-02  8.770538e-03 -1.336597e-03 -1.080620e-05  3.192985e-02  3.291091e-01  4.464292e-02  4.463212e-02  4.070039e-02  3.378797e-01 -1.080620e-05  8.770538e-03 -1.336597e-03  4.464292e-02  3.192985e-02  3.291091e-01 -4.485675e-01  3.031714e-02  9.714348e-02  1.360424e-03  8.730862e-03  2.424537e-02 -4.499279e-01  2.158627e-02  7.289810e-02 
       19   0.00000   0.97756   0.17920   0.00193   0.94382  3.208640e-02  2.292755e-01  3.661076e-02  8.210774e-03 -1.192321e-03 -1.090404e-04  2.387562e-02  2.304679e-01  3.671980e-02  3.661076e-02  3.208640e-02  2.386786e-01 -1.090404e-04  8.210774e-03 -1.192321e-03  3.671980e-02  2.387562e-02  2.304679e-01 -3.415923e-01  2.452663e-02  8.131122e-02  1.557914e-03  8.652776e-03  2.269607e-02 -3.431503e-01  1.587385e-02  5.861515e-02 



Time history of loading for wing surface: 9 --> VSP Surface: 9 ... NOTE: values per area! 

  Station    Time       S       Chord     Area      V/Vref        Cx            Cy            Cz           Cxo           Cyo           Czo          Cxi            Cyi           Czi           Cl            Cd            Cs            Clo           Cdo           Cso           Cli           Cdi           Csi           Cmx           Cmy           Cmz          Cmxo          Cmyo          Cmzo          Cmxi          Cmyi          Cmzi 
        1   0.00000   0.07213   0.12602   0.00134   0.71569  3.947968e-01 -8.632323e-01 -5.001715e-01  1.124606e-02  1.027297e-02 -1.681326e-03  3.835508e-01 -8.735053e-01 -4.984901e-01 -5.001715e-01  3.947968e-01 -8.622592e-01 -1.681326e-03  1.124606e-02  1.027297e-02 -4.984901e-01  3.835508e-01 -8.735053e-01 -2.192495e+00  4.748279e-01 -2.409502e+00 -7.227920e-03  1.288371e-03 -4.047414e-02 -2.185267e+00  4.735395e-01 -2.369027e+00 
        2   0.00000   0.16803   0.12602   0.00134   0.78972  7.351644e-01 -1.128852e+00 -5.443311e-01  1.803351e-02  1.576330e-02  1.921962e-03  7.171309e-01 -1.144615e+00 -5.462531e-01 -5.443311e-01  7.351644e-01 -1.126582e+00  1.921962e-03  1.803351e-02  1.576330e-02 -5.462531e-01  7.171309e-01 -1.144615e+00 -2.306824e+00  5.648898e-01 -4.036279e+00  7.066608e-03 -1.022100e-04 -6.546674e-02 -2.313891e+00  5.649921e-01 -3.970813e+00 
        3   0.00000   0.21557   0.12602   0.00134   0.82913  6.526007e-01 -1.038690e+00 -5.292136e-02  1.532524e-02  1.296843e-02 -6.416772e-04  6.372755e-01 -1.051659e+00 -5.227968e-02 -5.292136e-02  6.526007e-01 -1.036334e+00 -6.416772e-04  1.532524e-02  1.296843e-02 -5.227968e-02  6.372755e-01 -1.051659e+00 -6.535460e-02  1.547258e-01 -3.500176e+00 -4.885233e-03  3.003400e-03 -5.597511e-02 -6.046937e-02  1.517224e-01 -3.444201e+00 
        4   0.00000   0.26311   0.12602   0.00134   0.81852  6.857812e-01 -1.026188e+00 -5.141608e-03  1.572512e-02  1.322411e-02 -3.662212e-04  6.700561e-01 -1.039412e+00 -4.775387e-03 -5.141608e-03  6.857812e-01 -1.023687e+00 -3.662212e-04  1.572512e-02  1.322411e-02 -4.775387e-03  6.700561e-01 -1.039412e+00  2.300545e-01  1.733767e-01 -3.584713e+00 -4.839845e-03  4.162765e-03 -5.750148e-02  2.348944e-01  1.692139e-01 -3.527212e+00 
        5   0.00000   0.31066   0.12602   0.00134   0.83512  6.222732e-01 -1.083004e+00 -2.809351e-04  1.560063e-02  1.297436e-02 -2.948229e-04  6.066726e-01 -1.095978e+00  1.388774e-05 -2.809351e-04  6.222732e-01 -1.080377e+00 -2.948229e-04  1.560063e-02  1.297436e-02  1.388774e-05  6.066726e-01 -1.095978e+00  3.557810e-01  2.054099e-01 -3.352754e+00 -5.553230e-03  5.378402e-03 -5.716169e-02  3.613342e-01  2.000315e-01 -3.295592e+00 
        6   0.00000   0.35820   0.12602   0.00134   0.83553  6.277290e-01 -1.092052e+00  3.219941e-04  1.577243e-02  1.312055e-02  1.467071e-05  6.119566e-01 -1.105172e+00  3.073234e-04  3.219941e-04  6.277290e-01 -1.089400e+00  1.467071e-05  1.577243e-02  1.312055e-02  3.073234e-04  6.119566e-01 -1.105172e+00  4.525534e-01  2.592531e-01 -3.383487e+00 -5.358565e-03  6.506235e-03 -5.778854e-02  4.579120e-01  2.527468e-01 -3.325699e+00 
        7   0.00000   0.40574   0.12602   0.00134   0.81894  6.652169e-01 -1.074581e+00  1.498239e-03  1.619540e-02  1.346206e-02  1.076596e-03  6.490215e-01 -1.088043e+00  4.216430e-04  1.498239e-03  6.652169e-01 -1.071847e+00  1.076596e-03  1.619540e-02  1.346206e-02  4.216430e-04  6.490215e-01 -1.088043e+00  5.401849e-01  3.291579e-01 -3.528590e+00 -2.030484e-03  7.188848e-03 -5.934648e-02  5.422154e-01  3.219690e-01 -3.469243e+00 
        8   0.00000   0.45328   0.12602   0.00134   0.81956  6.589779e-01 -1.061786e+00  4.361065e-03  1.591688e-02  1.323565e-02  1.495443e-03  6.430611e-01 -1.075022e+00  2.865622e-03  4.361065e-03  6.589779e-01 -1.059105e+00  1.495443e-03  1.591688e-02  1.323565e-02  2.865622e-03  6.430611e-01 -1.075022e+00  6.349899e-01  3.783374e-01 -3.491839e+00 -1.211717e-03  8.046731e-03 -5.832183e-02  6.362017e-01  3.702907e-01 -3.433517e+00 
        9   0.00000   0.50082   0.12602   0.00134   0.85608  6.150377e-01 -1.071955e+00  7.281325e-03  1.498027e-02  1.252633e-02  2.422020e-03  6.000575e-01 -1.084481e+00  4.859304e-03  7.281325e-03  6.150377e-01 -1.069501e+00  2.422020e-03  1.498027e-02  1.252633e-02  4.859304e-03  6.000575e-01 -1.084481e+00  7.435434e-01  4.018447e-01 -3.316900e+00  2.161781e-03  8.017231e-03 -5.483462e-02  7.413816e-01  3.938274e-01 -3.262065e+00 
       10   0.00000   0.54836   0.12602   0.00134   0.85640  6.226681e-01 -1.058739e+00  7.002502e-03  1.486427e-02  1.242711e-02  2.721755e-03  6.078039e-01 -1.071166e+00  4.280746e-03  7.002502e-03  6.226681e-01 -1.056301e+00  2.721755e-03  1.486427e-02  1.242711e-02  4.280746e-03  6.078039e-01 -1.071166e+00  8.218569e-01  4.590882e-01 -3.340240e+00  2.486228e-03  8.943322e-03 -5.441179e-02  8.193707e-01  4.501448e-01 -3.285828e+00 
       11   0.00000   0.59590   0.12602   0.00134   0.85946  6.255139e-01 -1.042516e+00  7.090125e-03  1.457230e-02  1.217026e-02  3.502268e-03  6.109416e-01 -1.054687e+00  3.587857e-03  7.090125e-03  6.255139e-01 -1.040114e+00  3.502268e-03  1.457230e-02  1.217026e-02  3.587857e-03  6.109416e-01 -1.054687e+00  8.970226e-01  5.135089e-01 -3.339588e+00  5.037957e-03  9.321274e-03 -5.335313e-02  8.919847e-01  5.041877e-01 -3.286235e+00 
       12   0.00000   0.64344   0.12602   0.00134   0.87063  6.222805e-01 -1.031459e+00  7.060405e-03  1.424875e-02  1.190281e-02  3.828425e-03  6.080317e-01 -1.043362e+00  3.231980e-03  7.060405e-03  6.222805e-01 -1.029113e+00  3.828425e-03  1.424875e-02  1.190281e-02  3.231980e-03  6.080317e-01 -1.043362e+00  9.738439e-01  5.628740e-01 -3.318676e+00  5.676844e-03  9.983104e-03 -5.216635e-02  9.681671e-01  5.528909e-01 -3.266510e+00 
       13   0.00000   0.69098   0.12602   0.00134   0.88642  6.103141e-01 -1.005318e+00  8.318780e-03  1.364191e-02  1.140466e-02  4.192213e-03  5.966722e-01 -1.016722e+00  4.126567e-03  8.318780e-03  6.103141e-01 -1.003080e+00  4.192213e-03  1.364191e-02  1.140466e-02  4.126567e-03  5.966722e-01 -1.016722e+00  1.039287e+00  6.014861e-01 -3.243504e+00  6.753422e-03  1.027822e-02 -4.993763e-02  1.032533e+00  5.912079e-01 -3.193566e+00 
       14   0.00000   0.73852   0.12602   0.00134   0.90378  5.876671e-01 -9.927227e-01  1.005663e-02  1.310627e-02  1.092735e-02  4.715252e-03  5.745608e-01 -1.003650e+00  5.341377e-03  1.005663e-02  5.876671e-01 -9.905438e-01  4.715252e-03  1.310627e-02  1.092735e-02  5.341377e-03  5.745608e-01 -1.003650e+00  1.117760e+00  6.264227e-01 -3.138663e+00  8.579568e-03  1.042226e-02 -4.800037e-02  1.109181e+00  6.160004e-01 -3.090663e+00 
       15   0.00000   0.78607   0.12602   0.00134   0.90969  5.739462e-01 -9.364908e-01  1.141822e-02  1.235137e-02  1.028600e-02  4.877686e-03  5.615948e-01 -9.467768e-01  6.540535e-03  1.141822e-02  5.739462e-01 -9.344254e-01  4.877686e-03  1.235137e-02  1.028600e-02  6.540535e-03  5.615948e-01 -9.467768e-01  1.140984e+00  6.571931e-01 -3.025054e+00  9.116653e-03  1.050830e-02 -4.524512e-02  1.131867e+00  6.466848e-01 -2.979808e+00 
       16   0.00000   0.83361   0.12602   0.00134   0.90627  5.096936e-01 -8.417190e-01  1.766196e-02  1.100691e-02  9.129135e-03  4.617553e-03  4.986867e-01 -8.508481e-01  1.304441e-02  1.766196e-02  5.096936e-01 -8.398412e-01  4.617553e-03  1.100691e-02  9.129135e-03  1.304441e-02  4.986867e-01 -8.508481e-01  1.128304e+00  6.178402e-01 -2.663317e+00  8.576582e-03  1.006837e-02 -4.034977e-02  1.119727e+00  6.077719e-01 -2.622967e+00 
       17   0.00000   0.88115   0.12602   0.00134   0.90333  3.994626e-01 -6.886227e-01  5.086122e-02  9.179322e-03  7.557611e-03  3.848815e-03  3.902833e-01 -6.961803e-01  4.701240e-02  5.086122e-02  3.994626e-01 -6.870009e-01  3.848815e-03  9.179322e-03  7.557611e-03  4.701240e-02  3.902833e-01 -6.961803e-01  1.141263e+00  4.802946e-01 -2.072718e+00  6.581999e-03  9.164976e-03 -3.369443e-02  1.134681e+00  4.711296e-01 -2.039023e+00 
       18   0.00000   0.92869   0.12602   0.00134   0.87397  1.804680e-01 -4.349784e-01  2.406703e-01  6.602367e-03  5.410966e-03  2.804522e-03  1.738657e-01 -4.403894e-01  2.378658e-01  2.406703e-01  1.804680e-01 -4.337870e-01  2.804522e-03  6.602367e-03  5.410966e-03  2.378658e-01  1.738657e-01 -4.403894e-01  1.679175e+00  1.847263e-02 -9.570616e-01  4.472091e-03  7.114727e-03 -2.425509e-02  1.674703e+00  1.135790e-02 -9.328065e-01 
       19   0.00000   0.97623   0.12602   0.00134   0.83703  8.630250e-02 -3.197638e-01  2.024802e-01  5.599701e-03  4.539270e-03  2.363804e-03  8.070280e-02 -3.243031e-01  2.001164e-01  2.024802e-01  8.630250e-02 -3.187034e-01  2.363804e-03  5.599701e-03  4.539270e-03  2.001164e-01  8.070280e-02 -3.243031e-01  1.384408e+00 -6.036315e-02 -5.015455e-01  3.420438e-03  6.513769e-03 -2.061135e-02  1.380988e+00 -6.687692e-02 -4.809342e-01 



Time history of loading for wing surface: 10 --> VSP Surface: 10 ... NOTE: values per area! 

  Station    Time       S       Chord     Area      V/Vref        Cx            Cy            Cz           Cxo           Cyo           Czo          Cxi            Cyi           Czi           Cl            Cd            Cs            Clo           Cdo           Cso           Cli           Cdi           Csi           Cmx           Cmy           Cmz          Cmxo          Cmyo          Cmzo          Cmxi          Cmyi          Cmzi 
        1   0.00000   0.07213   0.12602   0.00134   0.70512  4.013826e-01  8.642190e-01 -5.059238e-01  1.156704e-02 -1.034101e-02 -1.702842e-03  3.898155e-01  8.745600e-01 -5.042210e-01 -5.059238e-01  4.013826e-01  8.861271e-01 -1.702842e-03  1.156704e-02 -1.034101e-02 -5.042210e-01  3.898155e-01  8.745600e-01  2.218290e+00  4.819216e-01  2.445969e+00  7.320698e-03  1.304080e-03  4.180853e-02  2.210969e+00  4.806175e-01  2.404160e+00 
        2   0.00000   0.16803   0.12602   0.00134   0.80090  7.450785e-01  1.148733e+00 -5.573293e-01  1.842024e-02 -1.566449e-02  1.819302e-03  7.266583e-01  1.164397e+00 -5.591486e-01 -5.573293e-01  7.450785e-01  1.182817e+00  1.819302e-03  1.842024e-02 -1.566449e-02 -5.591486e-01  7.266583e-01  1.164397e+00  2.365303e+00  5.790832e-01  4.109088e+00 -6.630339e-03  1.007833e-05  6.721828e-02  2.371933e+00  5.790732e-01  4.041869e+00 
        3   0.00000   0.21557   0.12602   0.00134   0.83346  6.344479e-01  1.032110e+00 -6.272674e-02  1.510987e-02 -1.253609e-02 -6.287146e-04  6.193380e-01  1.044646e+00 -6.209803e-02 -6.272674e-02  6.344479e-01  1.059756e+00 -6.287146e-04  1.510987e-02 -1.253609e-02 -6.209803e-02  6.193380e-01  1.044646e+00  1.108253e-01  1.626214e-01  3.414541e+00  4.758834e-03  2.958055e-03  5.538749e-02  1.060665e-01  1.596633e-01  3.359154e+00 
        4   0.00000   0.26311   0.12602   0.00134   0.82131  6.678427e-01  1.019508e+00 -7.562568e-03  1.550740e-02 -1.280479e-02 -4.006763e-04  6.523353e-01  1.032312e+00 -7.161892e-03 -7.562568e-03  6.678427e-01  1.047820e+00 -4.006763e-04  1.550740e-02 -1.280479e-02 -7.161892e-03  6.523353e-01  1.032312e+00 -2.174166e-01  1.716114e-01  3.502745e+00  4.885656e-03  4.136580e-03  5.689334e-02 -2.223023e-01  1.674749e-01  3.445852e+00 
        5   0.00000   0.31066   0.12602   0.00134   0.84121  6.033245e-01  1.069900e+00  2.192295e-04  1.523362e-02 -1.249901e-02 -2.216332e-04  5.880909e-01  1.082399e+00  4.408627e-04  2.192295e-04  6.033245e-01  1.097633e+00 -2.216332e-04  1.523362e-02 -1.249901e-02  4.408627e-04  5.880909e-01  1.082399e+00 -3.535940e-01  1.987760e-01  3.260463e+00  5.079896e-03  5.199158e-03  5.595233e-02 -3.586739e-01  1.935768e-01  3.204511e+00 
        6   0.00000   0.35820   0.12602   0.00134   0.84161  6.088061e-01  1.076779e+00  5.503907e-04  1.537079e-02 -1.262022e-02  8.021195e-05  5.934353e-01  1.089399e+00  4.701788e-04  5.503907e-04  6.088061e-01  1.104770e+00  8.021195e-05  1.537079e-02 -1.262022e-02  4.701788e-04  5.934353e-01  1.089399e+00 -4.471816e-01  2.512943e-01  3.289707e+00  4.868285e-03  6.288110e-03  5.644925e-02 -4.520498e-01  2.450062e-01  3.233258e+00 
        7   0.00000   0.40574   0.12602   0.00134   0.82508  6.449404e-01  1.060459e+00  1.995381e-03  1.576790e-02 -1.292100e-02  1.087039e-03  6.291725e-01  1.073380e+00  9.083426e-04  1.995381e-03  6.449404e-01  1.089148e+00  1.087039e-03  1.576790e-02 -1.292100e-02  9.083426e-04  6.291725e-01  1.073380e+00 -5.353622e-01  3.186221e-01  3.430663e+00  1.716524e-03  6.968169e-03  5.792773e-02 -5.370788e-01  3.116539e-01  3.372735e+00 
        8   0.00000   0.45328   0.12602   0.00134   0.82580  6.412976e-01  1.048564e+00  5.259281e-03  1.553427e-02 -1.274034e-02  1.484059e-03  6.257634e-01  1.061304e+00  3.775221e-03  5.259281e-03  6.412976e-01  1.076838e+00  1.484059e-03  1.553427e-02 -1.274034e-02  3.775221e-03  6.257634e-01  1.061304e+00 -6.313328e-01  3.672162e-01  3.406489e+00  9.735330e-04  7.833756e-03  5.706082e-02 -6.323063e-01  3.593824e-01  3.349428e+00 
        9   0.00000   0.50082   0.12602   0.00134   0.86269  6.036548e-01  1.059169e+00  7.500569e-03  1.468671e-02 -1.219450e-02  2.367798e-03  5.889681e-01  1.071363e+00  5.132770e-03  7.500569e-03  6.036548e-01  1.086050e+00  2.367798e-03  1.468671e-02 -1.219450e-02  5.132770e-03  5.889681e-01  1.071363e+00 -7.360022e-01  3.941129e-01  3.259767e+00 -2.147508e-03  7.865498e-03  5.382876e-02 -7.338547e-01  3.862474e-01  3.205938e+00 
       10   0.00000   0.54836   0.12602   0.00134   0.86295  6.157490e-01  1.048949e+00  6.621219e-03  1.463400e-02 -1.219061e-02  2.668513e-03  6.011150e-01  1.061140e+00  3.952706e-03  6.621219e-03  6.157490e-01  1.075774e+00  2.668513e-03  1.463400e-02 -1.219061e-02  3.952706e-03  6.011150e-01  1.061140e+00 -8.128008e-01  4.543416e-01  3.306108e+00 -2.432661e-03  8.813593e-03  5.360387e-02 -8.103682e-01  4.455280e-01  3.252505e+00 
       11   0.00000   0.59590   0.12602   0.00134   0.86593  6.211491e-01  1.033942e+00  6.728459e-03  1.438189e-02 -1.198999e-02  3.427577e-03  6.067672e-01  1.045931e+00  3.300882e-03  6.728459e-03  6.211491e-01  1.060313e+00  3.427577e-03  1.438189e-02 -1.198999e-02  3.300882e-03  6.067672e-01  1.045931e+00 -8.882535e-01  5.102623e-01  3.317666e+00 -4.864649e-03  9.222499e-03  5.267292e-02 -8.833888e-01  5.010398e-01  3.264993e+00 
       12   0.00000   0.64344   0.12602   0.00134   0.87672  6.189634e-01  1.023798e+00  6.760122e-03  1.409147e-02 -1.176486e-02  3.738393e-03  6.048719e-01  1.035563e+00  3.021730e-03  6.760122e-03  6.189634e-01  1.049655e+00  3.738393e-03  1.409147e-02 -1.176486e-02  3.021730e-03  6.048719e-01  1.035563e+00 -9.654840e-01  5.601462e-01  3.301875e+00 -5.413530e-03  9.910917e-03  5.159574e-02 -9.600705e-01  5.502353e-01  3.250279e+00 
       13   0.00000   0.69098   0.12602   0.00134   0.89178  6.071142e-01  9.982725e-01  8.116135e-03  1.351780e-02 -1.130371e-02  4.080001e-03  5.935964e-01  1.009576e+00  4.036134e-03  8.116135e-03  6.071142e-01  1.023094e+00  4.080001e-03  1.351780e-02 -1.130371e-02  4.036134e-03  5.935964e-01  1.009576e+00 -1.031358e+00  5.984964e-01  3.227221e+00 -6.368757e-03  1.024366e-02  4.948111e-02 -1.024989e+00  5.882527e-01  3.177740e+00 
       14   0.00000   0.73852   0.12602   0.00134   0.90837  5.856732e-01  9.863592e-01  9.962955e-03  1.300854e-02 -1.087904e-02  4.598713e-03  5.726646e-01  9.972383e-01  5.364243e-03  9.962955e-03  5.856732e-01  1.010247e+00  4.598713e-03  1.300854e-02 -1.087904e-02  5.364243e-03  5.726646e-01  9.972383e-01 -1.110408e+00  6.243923e-01  3.128302e+00 -8.127686e-03  1.040929e-02  4.761604e-02 -1.102281e+00  6.139831e-01  3.080686e+00 
       15   0.00000   0.78607   0.12602   0.00134   0.91337  5.730782e-01  9.326553e-01  1.121189e-02  1.231410e-02 -1.028634e-02  4.728939e-03  5.607641e-01  9.429416e-01  6.482952e-03  1.121189e-02  5.730782e-01  9.552557e-01  4.728939e-03  1.231410e-02 -1.028634e-02  6.482952e-03  5.607641e-01  9.429416e-01 -1.135545e+00  6.564850e-01  3.023175e+00 -8.472817e-03  1.058323e-02  4.508363e-02 -1.127072e+00  6.459018e-01  2.978092e+00 
       16   0.00000   0.83361   0.12602   0.00134   0.90869  5.136801e-01  8.397137e-01  1.498626e-02  1.102908e-02 -9.200457e-03  4.471782e-03  5.026510e-01  8.489141e-01  1.051448e-02  1.498626e-02  5.136801e-01  8.599432e-01  4.471782e-03  1.102908e-02 -9.200457e-03  1.051448e-02  5.026510e-01  8.489141e-01 -1.113580e+00  6.259372e-01  2.685843e+00 -7.856961e-03  1.021204e-02  4.038893e-02 -1.105723e+00  6.157252e-01  2.645454e+00 
       17   0.00000   0.88115   0.12602   0.00134   0.90444  4.047277e-01  6.869062e-01  4.570649e-02  9.201711e-03 -7.634885e-03  3.743291e-03  3.955260e-01  6.945410e-01  4.196320e-02  4.570649e-02  4.047277e-01  7.037427e-01  3.743291e-03  9.201711e-03 -7.634885e-03  4.196320e-02  3.955260e-01  6.945410e-01 -1.115678e+00  4.927664e-01  2.100072e+00 -6.022589e-03  9.278763e-03  3.372979e-02 -1.109656e+00  4.834877e-01  2.066342e+00 
       18   0.00000   0.92869   0.12602   0.00134   0.87671  1.895538e-01  4.367587e-01  2.300253e-01  6.660198e-03 -5.507623e-03  2.752469e-03  1.828936e-01  4.422663e-01  2.272728e-01  2.300253e-01  1.895538e-01  4.489265e-01  2.752469e-03  6.660198e-03 -5.507623e-03  2.272728e-01  1.828936e-01  4.422663e-01 -1.634993e+00  4.140849e-02  1.002497e+00 -4.110093e-03  7.238009e-03  2.442835e-02 -1.630883e+00  3.417048e-02  9.780688e-01 
       19   0.00000   0.97623   0.12602   0.00134   0.84098  9.378191e-02  3.195404e-01  1.944533e-01  5.640434e-03 -4.628382e-03  2.338538e-03  8.814148e-02  3.241688e-01  1.921147e-01  1.944533e-01  9.378191e-02  3.298092e-01  2.338538e-03  5.640434e-03 -4.628382e-03  1.921147e-01  8.814148e-02  3.241688e-01 -1.348648e+00 -4.202463e-02  5.367630e-01 -3.177557e-03  6.594937e-03  2.071665e-02 -1.345470e+00 -4.861957e-02  5.160463e-01 
