NDIME= 2
NELEM= 21598
5 5070 3227 7670 0
5 2074 3982 4597 1
5 3982 1480 4597 2
5 3416 4384 9608 3
5 1089 3723 5049 4
5 2505 3930 8610 5
5 3919 4176 9370 6
5 1144 6384 8624 7
5 2411 3976 5885 8
5 2724 3773 4802 9
5 2698 5356 5531 10
5 5477 1446 6348 11
5 1825 4647 7293 12
5 4647 3221 7293 13
5 2887 5334 5595 14
5 2069 3834 5827 15
5 858 859 4601 16
5 3919 9370 10122 17
5 1336 4588 10142 18
5 9352 2122 10524 19
5 1410 4453 5791 20
5 4453 2622 5791 21
5 1363 1911 1990 22
5 4032 1539 6636 23
5 4331 1376 4539 24
5 5477 6348 8202 25
5 3181 5776 6118 26
5 1741 3786 6908 27
5 596 597 5544 28
5 2182 3630 6447 29
5 1579 4677 6616 30
5 1200 3293 7043 31
5 4677 2988 6616 32
5 5581 3285 5599 33
5 2122 4861 10524 34
5 1734 3384 6212 35
5 4706 1144 8624 36
5 2788 3222 8172 37
5 1261 4897 5155 38
5 1895 4123 4736 39
5 860 861 4711 40
5 3631 1772 6398 41
5 5145 1915 6880 42
5 4345 2030 10724 43
5 3345 5145 6880 44
5 3462 1156 10622 45
5 5751 1276 5773 46
5 4426 3771 9389 47
5 2627 4828 4842 48
5 5083 2584 6498 49
5 2372 4426 9389 50
5 4120 4345 10724 51
5 1247 4517 8122 52
5 2415 4691 4965 53
5 4691 1116 4965 54
5 5820 3072 8685 55
5 1711 3767 5345 56
5 4582 2235 5149 57
5 3657 2330 5980 58
5 2458 4582 5149 59
5 7210 3794 7252 60
5 2041 3835 4732 61
5 2234 3886 10048 62
5 4096 3055 5997 63
5 1567 4663 7040 64
5 1714 3800 8616 65
5 6702 1204 6890 66
5 3286 1050 6875 67
5 2480 5085 6747 68
5 4687 1888 9450 69
5 3548 2160 5502 70
5 1079 4932 7405 71
5 5085 3256 6747 72
5 1412 4017 5258 73
5 1804 4006 9373 74
5 4932 3410 7405 75
5 2398 4923 7247 76
5 2264 5004 5584 77
5 7040 4663 10770 78
5 3843 1319 8396 79
5 4828 1988 4842 80
5 6825 5554 8687 81
5 5004 2778 5584 82
5 4670 1491 7186 83
5 1482 4715 5901 84
5 3397 6702 6890 85
5 3608 2164 4847 86
5 2714 4428 6324 87
5 6379 1868 9984 88
5 4016 2303 5305 89
5 4603 5951 10006 90
5 2968 3891 8243 91
5 2180 4139 9334 92
5 3730 1371 4979 93
5 4188 2057 5068 94
5 3898 2968 8243 95
5 3681 701 6297 96
5 3787 1141 5001 97
5 2116 7634 8870 98
5 2828 4518 6495 99
5 4006 1804 9845 100
5 4002 2099 5372 101
5 1835 4818 9156 102
5 2600 4929 5219 103
5 4929 2291 5219 104
5 5356 2202 5531 105
5 4306 1321 9524 106
5 3594 1659 6527 107
5 2549 4071 6151 108
5 4273 8966 9223 109
5 3382 5986 7639 110
5 4215 1256 6707 111
5 490 489 4775 112
5 2422 4093 6526 113
5 4476 2203 4845 114
5 5432 2860 6430 115
5 862 863 4771 116
5 1354 3553 9310 117
5 6814 3319 7241 118
5 605 606 4493 119
5 3839 4687 9450 120
5 6300 4503 7698 121
5 192 3660 5884 122
5 2984 4805 6917 123
5 2869 6274 8354 124
5 5832 8224 10096 125
5 446 445 4704 126
5 3734 1851 8913 127
5 1161 3528 5817 128
5 1050 3394 6875 129
5 2513 3633 5172 130
5 4713 1642 8207 131
5 3625 1812 5048 132
5 8122 4517 9176 133
5 3976 1725 5885 134
5 1145 3678 5565 135
5 1542 7695 7759 136
5 1292 6072 8081 137
5 2245 3679 5475 138
5 4176 3919 10615 139
5 2106 4076 4634 140
5 4076 1356 4634 141
5 1859 4022 4558 142
5 135 134 4100 143
5 8325 4757 9055 144
5 3749 129 7094 145
5 680 681 4272 146
5 2362 3605 10468 147
5 4270 1760 8820 148
5 2303 4109 5305 149
5 6294 2094 9549 150
5 4109 1787 5305 151
5 3528 1161 8422 152
5 5564 2234 10048 153
5 1192 4332 4417 154
5 4602 2587 8950 155
5 2487 4625 5216 156
5 4625 2254 5216 157
5 3690 1672 7744 158
5 2728 3690 7744 159
5 1119 4580 5003 160
5 4460 4267 10576 161
5 1266 6065 10402 162
5 1180 3794 7210 163
5 4991 302 5824 164
5 3801 1799 8455 165
5 2639 4658 5631 166
5 3789 2257 7755 167
5 2237 4388 4389 168
5 4388 2021 4389 169
5 4354 2789 6569 170
5 2180 9334 10818 171
5 2860 5432 11259 172
5 969 970 4008 173
5 5356 7233 8707 174
5 1540 2972 5712 175
5 4636 2382 6149 176
5 1874 4355 5057 177
5 2198 4077 4996 178
5 1278 3784 9739 179
5 1424 3856 4762 180
5 3072 5820 9022 181
5 3653 2016 4277 182
5 4658 1138 5631 183
5 4769 2415 4996 184
5 4426 2372 5987 185
5 4018 1369 4680 186
5 184 183 4000 187
5 3050 5891 6116 188
5 1771 3898 8243 189
5 3735 2261 5147 190
5 4225 3758 10388 191
5 5356 1113 7233 192
5 1258 3888 5401 193
5 3174 4662 7411 194
5 1772 4174 6398 195
5 2920 4326 8533 196
5 4273 1929 8966 197
5 4003 2505 4744 198
5 2230 4075 8378 199
5 2571 6548 8305 200
5 2352 3507 8606 201
5 4670 7186 8427 202
5 3562 2371 5591 203
5 596 5544 8505 204
5 4328 1494 4452 205
5 2136 4328 4452 206
5 2116 3989 4804 207
5 3989 1057 4804 208
5 1454 5236 5653 209
5 4080 2628 6685 210
5 1413 4895 6284 211
5 4895 2945 6284 212
5 1954 5358 6305 213
5 3745 1923 6123 214
5 2207 3250 7076 215
5 5125 611 7854 216
5 1865 4964 6578 217
5 2671 3889 7064 218
5 3747 1271 4812 219
5 1884 4790 5416 220
5 4089 2806 7131 221
5 1276 4757 8325 222
5 920 921 4220 223
5 441 440 4749 224
5 916 917 4222 225
5 6317 1030 7328 226
5 5564 3307 8875 227
5 1719 3977 8244 228
5 3694 1711 8163 229
5 1457 3769 5099 230
5 4405 1358 5199 231
5 3350 6587 8889 232
5 4736 2199 5368 233
5 2044 3787 5001 234
5 3889 1705 7064 235
5 2261 4130 5147 236
5 2188 4423 4539 237
5 3464 8475 9079 238
5 3704 3705 9024 239
5 3013 4137 5895 240
5 4224 2061 4843 241
5 3381 1528 9865 242
5 3293 1200 5144 243
5 6607 689 8657 244
5 4213 2120 5042 245
5 1936 3966 4653 246
5 1357 4911 10504 247
5 2073 9733 9734 248
5 9733 9732 9734 249
5 1575 3718 5047 250
5 4008 970 4760 251
5 4050 3414 9247 252
5 1822 4050 9247 253
5 1296 3591 7947 254
5 3707 2717 10495 255
5 5800 4989 9349 256
5 3846 2240 4988 257
5 2844 4599 7478 258
5 1133 4551 8084 259
5 1931 5697 9146 260
5 6498 2584 7117 261
5 4428 1827 6324 262
5 4028 2019 4613 263
5 1527 4089 7131 264
5 5334 2484 5595 265
5 3507 2352 6066 266
5 2160 3548 5959 267
5 3816 2047 5618 268
5 3683 1260 5870 269
5 3196 1175 6337 270
5 4844 2418 5410 271
5 3108 4573 8481 272
5 5951 1221 10006 273
5 4096 5997 10526 274
5 1710 3794 4940 275
5 4391 1377 7003 276
5 83 71 0 277
5 3600 1296 7947 278
5 4527 1383 4899 279
5 1038 3977 5660 280
5 1432 4769 4996 281
5 10466 2112 10912 282
5 691 3940 8657 283
5 4082 1924 4580 284
5 3921 6294 9549 285
5 4855 1687 8032 286
5 6567 972 10893 287
5 1353 4007 6292 288
5 3800 1714 8312 289
5 550 549 4116 290
5 2907 3800 8312 291
5 2637 4722 5618 292
5 1941 4336 5286 293
5 2550 5021 5041 294
5 8918 1710 9548 295
5 1373 6000 6518 296
5 3678 1145 9911 297
5 5021 2075 5041 298
5 3647 1885 9783 299
5 3839 2337 8083 300
5 253 4625 6221 301
5 1506 4360 4990 302
5 4976 2928 7902 303
5 5559 2225 6223 304
5 7703 4653 8692 305
5 2015 3959 6070 306
5 1376 4878 5383 307
5 761 762 4312 308
5 2162 5581 5599 309
5 3605 2362 7750 310
5 955 956 5366 311
5 1868 6379 8577 312
5 5563 6501 10012 313
5 7647 1280 10255 314
5 2683 3667 7754 315
5 1299 5603 8618 316
5 2371 3562 7296 317
5 3553 1354 6210 318
5 985 3459 4319 319
5 215 214 4906 320
5 4628 1374 7148 321
5 4818 3666 9156 322
5 2112 4492 10912 323
5 1948 2794 3682 324
5 5776 2287 6118 325
5 4513 1821 8085 326
5 3324 4513 8085 327
5 4573 3108 6126 328
5 484 483 4877 329
5 436 435 4816 330
5 4204 7282 7398 331
5 5536 3161 6030 332
5 4497 1754 5054 333
5 3970 2632 5494 334
5 2259 5536 6030 335
5 6179 2706 6871 336
5 3871 1068 5695 337
5 2229 4418 4470 338
5 2121 5658 8049 339
5 2373 4303 4386 340
5 5195 1297 7497 341
5 1582 7338 7877 342
5 1009 5533 6925 343
5 4303 1935 4386 344
5 7984 2226 8729 345
5 4406 1587 8165 346
5 5336 3376 7957 347
5 3622 2523 7120 348
5 1348 3833 10730 349
5 4001 2050 4916 350
5 6184 624 7502 351
5 2566 3718 7088 352
5 3718 1575 7088 353
5 3567 2312 5934 354
5 5942 1704 9761 355
5 3480 4976 7902 356
5 5212 1195 5914 357
5 1585 7207 10618 358
5 4096 3404 9435 359
5 2827 1948 3682 360
5 5641 8036 8589 361
5 2070 4534 5038 362
5 3342 2333 5786 363
5 1710 4940 9548 364
5 2059 4274 10757 365
5 8475 1046 9079 366
5 4221 1886 7524 367
5 2312 3567 6454 368
5 4599 3361 7478 369
5 2875 3733 7736 370
5 4451 5907 7394 371
5 6350 1133 8084 372
5 1241 3346 7515 373
5 3592 1208 11047 374
5 5053 2708 5464 375
5 4302 2974 7368 376
5 1918 4302 7368 377
5 3807 111 7382 378
5 3977 1719 5585 379
5 6243 2045 6675 380
5 1070 5053 5464 381
5 2079 4510 5513 382
5 5622 3550 8250 383
5 2021 4388 6293 384
5 2259 4024 7488 385
5 2267 4836 6153 386
5 3712 972 10933 387
5 5049 3723 8616 388
5 6885 4688 7246 389
5 983 3811 4060 390
5 5563 1069 6501 391
5 4772 1250 6550 392
5 768 4310 8284 393
5 992 993 7695 394
5 1691 9167 9339 395
5 1648 5949 6772 396
5 4351 1945 4468 397
5 5113 1098 7154 398
5 4402 2247 4827 399
5 2081 4402 4827 400
5 2139 4745 4939 401
5 1645 3571 6076 402
5 4006 4546 9373 403
5 5475 3679 8001 404
5 4835 2276 6139 405
5 2197 3640 5873 406
5 3766 2119 5196 407
5 169 3901 6681 408
5 10757 4274 11083 409
5 431 430 4857 410
5 3571 1645 6133 411
5 1816 4800 9386 412
5 1953 4616 6731 413
5 4778 1417 6830 414
5 3788 4340 9914 415
5 2384 7018 9313 416
5 5585 1719 7975 417
5 827 828 4023 418
5 4049 1880 9878 419
5 4722 1416 5618 420
5 4035 2219 11168 421
5 6072 3390 8081 422
5 2097 5049 8616 423
5 4284 1888 6563 424
5 1985 3683 5870 425
5 4699 1691 9339 426
5 3362 5762 6832 427
5 4135 2554 4603 428
5 4651 1683 6875 429
5 4340 1116 9914 430
5 1153 4395 7514 431
5 4140 2027 6682 432
5 1602 5390 6736 433
5 5390 3370 6736 434
5 3892 2047 5259 435
5 9336 4443 9502 436
5 1050 3286 5077 437
5 5181 7861 9324 438
5 1514 5641 8589 439
5 3781 2568 7114 440
5 5019 1309 10112 441
5 5543 2264 6077 442
5 6821 3470 7462 443
5 2131 5489 5593 444
5 4479 1351 6359 445
5 5371 1397 6899 446
5 1924 4598 8405 447
5 4148 1580 5593 448
5 2426 4148 5593 449
5 4598 3485 8405 450
5 1618 4092 4902 451
5 1200 4170 5204 452
5 64 6576 6977 453
5 1207 4078 5379 454
5 1088 4347 7357 455
5 1973 4018 4680 456
5 1804 5277 6096 457
5 2647 4156 6763 458
5 5408 695 10509 459
5 5277 3062 6096 460
5 4772 2121 8049 461
5 5308 7460 7721 462
5 3065 5260 6995 463
5 3761 2082 9919 464
5 680 4272 6434 465
5 3741 2060 5972 466
5 2003 4184 5403 467
5 3723 1089 5175 468
5 3986 1264 5086 469
5 2359 3686 7722 470
5 1148 7029 9275 471
5 3822 1209 5028 472
5 1689 3864 5292 473
5 4177 2683 6635 474
5 1834 4177 6635 475
5 2056 3942 5287 476
5 1986 4443 9336 477
5 3147 5543 6077 478
5 5043 7945 9941 479
5 626 3915 7502 480
5 3618 1663 5649 481
5 4402 2081 4469 482
5 7468 5175 7881 483
5 4080 6685 9550 484
5 5043 1597 7945 485
5 1714 8616 9063 486
5 5942 2170 8958 487
5 4652 2194 4739 488
5 3640 2197 8833 489
5 4537 2459 4700 490
5 5236 2761 5653 491
5 5233 314 7386 492
5 4756 3509 9216 493
5 3673 1167 5280 494
5 1760 4270 6131 495
5 2333 3342 7952 496
5 4614 3281 7814 497
5 2995 4614 7814 498
5 3607 5656 9159 499
5 1134 4001 4916 500
5 1156 3462 5711 501
5 3725 5161 9827 502
5 3726 1128 5944 503
5 3711 2521 9126 504
5 2602 1876 4702 505
5 2333 3696 5786 506
5 3729 5720 9536 507
5 1377 4672 7003 508
5 5529 2998 7147 509
5 3330 6142 8169 510
5 4745 2139 6647 511
5 5986 1324 7639 512
5 3135 3994 8629 513
5 2632 3970 7361 514
5 6955 4415 7278 515
5 4672 1377 6347 516
5 2686 4128 6238 517
5 4503 2273 5799 518
5 4694 1424 4762 519
5 2308 4694 4762 520
5 1827 4237 10077 521
5 4058 2058 7019 522
5 1749 3621 5666 523
5 6138 2733 6385 524
5 4662 2050 7411 525
5 6341 3272 6634 526
5 4470 2057 7179 527
5 4075 1836 4806 528
5 2806 5554 6825 529
5 2004 4649 4912 530
5 3778 1038 5109 531
5 2087 3790 8281 532
5 5474 3038 7838 533
5 4974 1455 5171 534
5 2041 5070 7670 535
5 4337 2339 4946 536
5 3338 4855 8032 537
5 1629 4890 5274 538
5 3704 2255 3705 539
5 5412 7716 10691 540
5 4745 2387 4939 541
5 1286 4092 7156 542
5 4897 2286 5155 543
5 1397 5101 6899 544
5 1292 4751 7469 545
5 4751 3241 7469 546
5 1836 4367 7163 547
5 2096 4030 5157 548
5 5997 1183 10526 549
5 1054 4358 7827 550
5 1208 3592 6309 551
5 4316 3226 5375 552
5 2265 4425 6948 553
5 4418 2057 4470 554
5 9864 1978 10950 555
5 3832 2447 6437 556
5 1873 4207 4782 557
5 2219 4035 5167 558
5 1571 4821 5456 559
5 4821 2594 5456 560
5 302 301 5824 561
5 963 964 4247 562
5 6763 4156 9523 563
5 1866 4081 5153 564
5 4264 3204 6375 565
5 5318 2829 9524 566
5 3843 8396 9283 567
5 2082 4832 4859 568
5 7247 4923 8207 569
5 1659 3594 9790 570
5 2072 3909 5067 571
5 5697 3782 9146 572
5 4007 2159 4784 573
5 3340 4011 7892 574
5 4011 3341 7892 575
5 3364 1204 5752 576
5 3668 2525 7060 577
5 1496 3668 7060 578
5 767 768 8284 579
5 5311 3736 8886 580
5 3770 1429 5192 581
5 5949 3424 6772 582
5 2929 3770 5192 583
5 2297 4638 4814 584
5 4638 2153 4814 585
5 1068 3384 5943 586
5 4040 2064 5797 587
5 2498 5195 5830 588
5 4159 40 7199 589
5 3945 1633 5998 590
5 3770 2929 8304 591
5 1312 4005 5211 592
5 4324 2055 8523 593
5 4616 6587 6731 594
5 4005 2212 5211 595
5 4584 1282 11140 596
5 2751 3923 7431 597
5 1978 9864 10652 598
5 3923 2046 7431 599
5 5832 1190 8224 600
5 1579 4564 8778 601
5 645 5004 5543 602
5 166 165 4409 603
5 8165 1587 8977 604
5 5082 2342 6804 605
5 4326 2920 7399 606
5 8090 1385 10078 607
5 4706 2079 5513 608
5 2711 6814 7241 609
5 4311 2480 6747 610
5 3494 2201 5008 611
5 4672 6347 9952 612
5 3987 1302 5347 613
5 4878 2548 5383 614
5 1068 3871 6037 615
5 4587 2021 6293 616
5 2236 3987 5347 617
5 6089 3190 10028 618
5 3015 4772 6550 619
5 2300 4917 5350 620
5 3247 6317 7328 621
5 4917 2583 5350 622
5 1197 4350 5724 623
5 2488 4049 6557 624
5 1990 1911 3179 625
5 3401 1704 6709 626
5 2413 3561 6219 627
5 3810 6089 10028 628
5 4564 8671 8778 629
5 2113 5175 7468 630
5 2829 4306 9524 631
5 3428 4474 8570 632
5 4474 1927 8570 633
5 2342 5868 6804 634
5 7210 2577 8727 635
5 3811 984 4319 636
5 3873 2110 8944 637
5 5891 1194 6116 638
5 2380 4972 5497 639
5 4972 2652 5497 640
5 1609 4188 7269 641
5 4188 2861 7269 642
5 4588 1336 8411 643
5 2230 8378 10296 644
5 1654 4030 4850 645
5 1998 4591 6441 646
5 5266 2282 7777 647
5 4711 861 8479 648
5 253 252 4625 649
5 5195 3257 8294 650
5 5412 2851 7716 651
5 972 3712 10893 652
5 7262 4624 7595 653
5 2109 4494 5099 654
5 4494 2853 5099 655
5 3460 1453 6157 656
5 4639 2793 6287 657
5 1531 4639 6287 658
5 4577 1240 4839 659
5 4086 1166 5315 660
5 2364 4577 4839 661
5 2139 5027 6647 662
5 1215 3510 5515 663
5 4516 2029 5635 664
5 4305 1862 4563 665
5 3639 1431 5716 666
5 3279 5887 6049 667
5 3074 5240 9424 668
5 5887 2475 6049 669
5 4778 6830 9198 670
5 4906 214 8813 671
5 2538 4068 4615 672
5 2564 6233 7384 673
5 3779 2017 5689 674
5 868 869 5065 675
5 1765 4017 5722 676
5 2930 4936 6069 677
5 1617 4815 7781 678
5 1851 3982 8913 679
5 2046 3923 7469 680
5 3611 5733 8038 681
5 3733 1487 7736 682
5 3671 2192 5501 683
5 5408 4049 9878 684
5 7543 4233 8984 685
5 2825 4127 5154 686
5 3630 2182 7525 687
5 5375 3226 8136 688
5 3844 1904 9229 689
5 1274 3925 5299 690
5 3847 2044 10562 691
5 3794 1180 8386 692
5 3621 1749 6685 693
5 2244 3644 6054 694
5 4016 2163 11016 695
5 7328 4724 7900 696
5 4355 1874 6126 697
5 1900 4248 5112 698
5 2083 3946 8937 699
5 3423 6607 8657 700
5 6151 4071 10776 701
5 2377 6206 8889 702
5 4237 4858 10077 703
5 4815 3330 7781 704
5 2631 4920 5487 705
5 4920 2356 5487 706
5 3891 4339 8243 707
5 2612 4355 6126 708
5 2802 3850 5055 709
5 4302 3421 9269 710
5 1258 5401 6574 711
5 6614 7214 10114 712
5 4073 1901 9549 713
5 5313 3065 7056 714
5 1059 3329 9208 715
5 3830 2105 8724 716
5 3997 1093 5558 717
5 2521 3711 5394 718
5 2017 3969 5908 719
5 6723 5732 10260 720
5 4449 2143 9866 721
5 3930 5142 8610 722
5 4605 1290 6981 723
5 920 4220 5510 724
5 145 4141 7583 725
5 870 871 5092 726
5 2816 4233 7543 727
5 4222 917 5512 728
5 6587 3350 9560 729
5 4612 2418 4844 730
5 2972 1540 6712 731
5 4197 1553 8818 732
5 1139 5648 6132 733
5 4867 3721 10433 734
5 5473 2665 8851 735
5 4123 2199 4736 736
5 1704 3401 4981 737
5 5733 1281 8038 738
5 1663 3618 6365 739
5 4670 1998 6441 740
5 5515 3510 8823 741
5 4122 1915 5102 742
5 862 4771 8479 743
5 1546 4531 5254 744
5 618 619 4074 745
5 1282 4153 11140 746
5 6614 3130 7214 747
5 2822 5212 5914 748
5 2464 5166 6818 749
5 9124 4824 9609 750
5 4032 6636 10883 751
5 4603 2554 5951 752
5 2082 3761 6142 753
5 63 64 6977 754
5 2061 4551 4843 755
5 2088 3865 5056 756
5 4255 9372 9423 757
5 1461 4434 5831 758
5 6950 2850 7225 759
5 1141 3787 6911 760
5 4030 2096 4850 761
5 4395 1153 6676 762
5 1222 5124 6540 763
5 6069 4936 10501 764
5 4096 9435 10552 765
5 3697 1655 6902 766
5 4588 3688 10142 767
5 3993 1880 9647 768
5 4373 2265 7612 769
5 1974 4777 4779 770
5 4777 2742 4779 771
5 3992 2776 4894 772
5 2670 4676 8583 773
5 5830 2362 10468 774
5 3688 4588 9179 775
5 9521 4449 9866 776
5 4588 1892 9179 777
5 4255 1318 9372 778
5 2201 3494 10516 779
5 4559 1887 8564 780
5 1570 6723 10260 781
5 5324 1127 8248 782
5 6543 5478 10228 783
5 9549 1901 9635 784
5 4730 2787 5148 785
5 3057 5313 7053 786
5 6972 1275 7774 787
5 315 314 5233 788
5 4919 2571 8305 789
5 2174 5311 8886 790
5 2717 3707 7799 791
5 8265 5027 11029 792
5 1875 5152 8434 793
5 3828 1746 6933 794
5 1543 5027 8265 795
5 6317 3247 6483 796
5 4104 1324 6289 797
5 3775 2344 4886 798
5 4700 1417 6706 799
5 1408 4337 4946 800
5 4493 606 8197 801
5 4907 1039 8507 802
5 4967 9326 9774 803
5 2030 4345 4870 804
5 4423 2112 4539 805
5 3631 1618 9183 806
5 4615 0 5400 807
5 761 4312 7261 808
5 8629 3994 9946 809
5 3291 5288 7440 810
5 4636 6149 8153 811
5 2542 3769 7001 812
5 3928 1097 4994 813
5 3662 1216 5894 814
5 3769 1457 7001 815
5 4761 2346 6867 816
5 10433 10434 10435 817
5 10434 3326 10435 818
5 1322 3858 5576 819
5 5170 1713 6848 820
5 1053 4182 6469 821
5 2398 7247 8381 822
5 1570 5622 8250 823
5 2305 4332 10905 824
5 4084 4481 10704 825
5 4481 1313 10704 826
5 3745 2270 5355 827
5 4817 3038 5474 828
5 4398 1120 8662 829
5 2478 4010 6228 830
5 3376 4398 8662 831
5 4010 1864 6228 832
5 2337 3839 9450 833
5 6359 1351 7728 834
5 4188 1609 5918 835
5 2299 6277 7364 836
5 4967 2141 9326 837
5 858 4601 7433 838
5 3425 1683 4651 839
5 4923 2398 5255 840
5 3798 2322 9869 841
5 3795 5585 7975 842
5 1573 4649 7335 843
5 4586 1886 9716 844
5 2968 3898 8648 845
5 3851 4586 9716 846
5 2194 4567 4739 847
5 7282 4204 11040 848
5 1116 4340 11152 849
5 3800 2907 8351 850
5 3977 2411 5660 851
5 2015 6070 9404 852
5 4049 5408 10509 853
5 4367 1836 7166 854
5 4275 2268 6031 855
5 3786 1741 6481 856
5 7072 2103 7224 857
5 153 152 4101 858
5 701 3681 7771 859
5 4053 2293 4969 860
5 4964 2873 6578 861
5 4549 2242 5676 862
5 4169 1186 8019 863
5 1688 4824 9124 864
5 3811 4319 10051 865
5 4723 2086 7065 866
5 2169 4051 4684 867
5 598 599 4874 868
5 4890 2590 5274 869
5 2389 4740 5617 870
5 3312 6041 6968 871
5 2150 9298 9537 872
5 2699 4199 6181 873
5 1039 4907 7475 874
5 2898 1007 9282 875
5 6004 3542 7867 876
5 2260 3908 5035 877
5 4428 2638 6170 878
5 4384 3416 6944 879
5 4696 2324 4728 880
5 1827 4428 6170 881
5 2192 3671 8123 882
5 1040 3714 6233 883
5 4345 2206 4870 884
5 2873 4964 5710 885
5 1381 4826 5518 886
5 4964 1230 5710 887
5 5533 2093 6925 888
5 1951 4781 7902 889
5 7450 2670 8583 890
5 4279 1275 6972 891
5 3194 5474 8073 892
5 4790 1884 8647 893
5 3609 4166 8454 894
5 3633 2513 9577 895
5 4805 1709 5479 896
5 3774 2103 7072 897
5 4959 2150 9537 898
5 1460 7759 10490 899
5 29 30 4524 900
5 4985 6402 9951 901
5 6065 4063 10402 902
5 3977 1038 7716 903
5 6398 1286 7156 904
5 5901 4715 8691 905
5 2103 3774 6130 906
5 1238 3647 5953 907
5 2718 4008 8109 908
5 5480 3325 6428 909
5 2338 5480 6428 910
5 1616 5336 7957 911
5 4269 2249 10816 912
5 2249 4271 10816 913
5 1209 3947 5028 914
5 5503 2407 7271 915
5 4226 3379 9060 916
5 367 366 4930 917
5 1325 4226 9060 918
5 27 4236 8646 919
5 87 88 4112 920
5 1880 4076 9647 921
5 3667 2683 7205 922
5 2217 4730 5148 923
5 1576 3505 6318 924
5 1431 3639 8869 925
5 2312 3697 9290 926
5 3909 2072 9841 927
5 2061 5506 8084 928
5 1746 3828 5385 929
5 2587 4602 10944 930
5 5005 17 5536 931
5 4649 2386 4912 932
5 3647 1238 6407 933
5 1098 5580 7154 934
5 4034 1059 9208 935
5 3909 1057 5067 936
5 1840 4416 7106 937
5 4836 2797 6153 938
5 2170 5183 8958 939
5 4354 6569 8651 940
5 4426 5987 8568 941
5 4106 2391 4791 942
5 4249 2559 4707 943
5 2797 4835 6139 944
5 879 880 4384 945
5 4876 4875 7257 946
5 2330 3657 6829 947
5 1943 4688 6885 948
5 3977 2851 8244 949
5 3933 2447 8650 950
5 3865 2088 5819 951
5 3683 1985 8748 952
5 6958 3111 7636 953
5 5240 3846 9424 954
5 7367 2410 7513 955
5 3947 2178 5028 956
5 4832 2373 4859 957
5 3494 6008 10516 958
5 1142 3952 6263 959
5 1377 4391 5050 960
5 3897 1891 8914 961
5 697 698 4184 962
5 2681 4783 5081 963
5 2060 3741 7858 964
5 3942 2056 9149 965
5 6707 1256 9324 966
5 2027 4487 6682 967
5 2119 3766 5388 968
5 885 886 4397 969
5 1260 3683 7707 970
5 3902 2639 10484 971
5 2523 3622 6266 972
5 8523 2055 10856 973
5 5960 4665 7565 974
5 903 904 5263 975
5 5387 1566 6715 976
5 3009 5559 6223 977
5 2099 4002 8674 978
5 3283 5387 6715 979
5 4781 3480 7902 980
5 1694 6341 6634 981
5 6052 4227 8054 982
5 2185 6561 10588 983
5 4524 30 9814 984
5 1885 3647 6994 985
5 2105 3830 7798 986
5 2058 4058 6522 987
5 4800 1816 7362 988
5 4363 1316 6584 989
5 2714 4363 6584 990
5 2784 6719 8211 991
5 2339 4527 4899 992
5 4138 1942 7857 993
5 2665 4357 8851 994
5 3364 4628 7148 995
5 2546 3732 7197 996
5 3874 2775 8239 997
5 3864 1689 6383 998
5 1055 4304 4743 999
5 2278 4086 5315 1000
5 1587 4406 7507 1001
5 1710 4185 7252 1002
5 1788 3930 6590 1003
5 1622 4978 5150 1004
5 2322 3798 9226 1005
5 614 3935 10010 1006
5 4289 2905 8873 1007
5 5862 2441 6764 1008
5 3666 1194 5891 1009
5 4978 2520 5150 1010
5 4078 1207 6416 1011
5 3990 1723 4886 1012
5 2534 3817 7113 1013
5 1216 3662 10477 1014
5 3302 4020 5371 1015
5 3533 5862 6764 1016
5 101 5080 7240 1017
5 3732 1464 7197 1018
5 2206 4345 11112 1019
5 1887 4308 4880 1020
5 2157 4632 5303 1021
5 4632 2921 5303 1022
5 1245 3894 5130 1023
5 4092 1618 7156 1024
5 1621 5179 5421 1025
5 3668 1496 8921 1026
5 5179 2686 5421 1027
5 5506 3643 8084 1028
5 1810 8729 10772 1029
5 1704 3537 6709 1030
5 5308 2800 7460 1031
5 4694 2308 5020 1032
5 1941 5286 5781 1033
5 1060 4708 9473 1034
5 164 163 4250 1035
5 1164 3772 5438 1036
5 1167 3673 7270 1037
5 4088 3124 8764 1038
5 856 857 4730 1039
5 3348 4559 8564 1040
5 3756 1178 6572 1041
5 1099 4302 9269 1042
5 6253 3815 10368 1043
5 3111 6922 7021 1044
5 909 910 5278 1045
5 1381 5518 9317 1046
5 2086 4461 6826 1047
5 4810 3599 6885 1048
5 911 912 5281 1049
5 6344 2086 6826 1050
5 7106 4416 10167 1051
5 610 611 5125 1052
5 1080 6821 7462 1053
5 5458 3166 6357 1054
5 2427 5458 6357 1055
5 1110 4019 5910 1056
5 872 873 5213 1057
5 3798 2335 6519 1058
5 5419 2376 5965 1059
5 3625 8512 10745 1060
5 3660 192 9427 1061
5 4790 2438 5416 1062
5 2859 3783 9958 1063
5 2069 6802 7560 1064
5 1824 4682 5082 1065
5 4210 2592 4795 1066
5 4093 5986 8876 1067
5 2980 5419 5965 1068
5 73 4838 10235 1069
5 1336 6362 6462 1070
5 5917 1547 6079 1071
5 1117 4624 7262 1072
5 3846 4988 8372 1073
5 2240 3846 5240 1074
5 2620 6792 11035 1075
5 2086 5045 7065 1076
5 3421 4302 9429 1077
5 4708 8171 9473 1078
5 4367 1331 8170 1079
5 1132 3850 8013 1080
5 3850 2802 8013 1081
5 3962 1348 6093 1082
5 4005 2833 7993 1083
5 2381 3962 6093 1084
5 1127 6156 8248 1085
5 4409 165 6957 1086
5 2103 4031 5201 1087
5 4724 1830 7900 1088
5 4155 1287 6105 1089
5 4369 1407 5497 1090
5 6094 2967 8338 1091
5 1947 3820 8046 1092
5 2652 4369 5497 1093
5 6806 4221 7524 1094
5 4373 1278 9739 1095
5 1117 3878 5189 1096
5 6792 3656 11035 1097
5 4661 2131 5593 1098
5 3705 2255 4244 1099
5 2625 3806 5658 1100
5 4384 880 5499 1101
5 2230 3750 5816 1102
5 1186 4169 10234 1103
5 3750 2230 5867 1104
5 1305 4451 7394 1105
5 4282 1282 4584 1106
5 3991 1312 10780 1107
5 2972 4062 5712 1108
5 4534 2070 9669 1109
5 2173 3766 8680 1110
5 1187 5432 6430 1111
5 2760 5751 5773 1112
5 2851 3977 7716 1113
5 690 691 8657 1114
5 4272 681 10749 1115
5 2230 3728 8737 1116
5 7402 3284 7708 1117
5 4345 4120 11188 1118
5 4162 1400 5857 1119
5 1982 4230 4906 1120
5 275 274 4164 1121
5 3885 2419 6655 1122
5 3949 2132 5570 1123
5 1755 4208 5427 1124
5 5603 1299 8721 1125
5 3888 1982 5401 1126
5 4208 3176 5427 1127
5 3620 1134 8433 1128
5 2501 4989 5800 1129
5 3918 1351 5635 1130
5 2153 6140 6386 1131
5 1589 2576 3065 1132
5 2071 4291 6797 1133
5 3766 5196 8680 1134
5 1848 4201 8146 1135
5 2057 5918 7179 1136
5 8153 5930 9569 1137
5 3857 2102 7725 1138
5 1307 4654 8233 1139
5 2080 4352 7624 1140
5 8173 2084 8588 1141
5 4151 1582 7877 1142
5 2897 3925 8690 1143
5 3384 1068 8661 1144
5 2298 3681 6297 1145
5 2046 4199 5917 1146
5 3561 2413 8883 1147
5 3954 1881 8264 1148
5 3296 4903 8259 1149
5 3889 24 7831 1150
5 4397 886 5516 1151
5 4211 1277 6234 1152
5 1825 3997 10612 1153
5 71 84 70 1154
5 1147 4828 5669 1155
5 2859 4626 6426 1156
5 2112 4423 5488 1157
5 4425 2111 9486 1158
5 3847 1102 7622 1159
5 4788 2801 6980 1160
5 5345 3767 8213 1161
5 2222 5345 8213 1162
5 5361 1238 5953 1163
5 2045 4211 8753 1164
5 1405 4224 4843 1165
5 2574 1828 4731 1166
5 2051 4362 10392 1167
5 4828 2627 5669 1168
5 3930 1788 5142 1169
5 2570 4510 7882 1170
5 3353 6711 7555 1171
5 5196 1454 8680 1172
5 1311 3767 5759 1173
5 3773 2724 7944 1174
5 1534 4496 6861 1175
5 2432 4055 5836 1176
5 3129 5939 6003 1177
5 1207 3456 9204 1178
5 4496 2850 6861 1179
5 5863 3709 10136 1180
5 5986 3382 8876 1181
5 4128 3144 6238 1182
5 3307 5564 8573 1183
5 7890 2290 10092 1184
5 1194 3666 11099 1185
5 3783 2859 9105 1186
5 1741 6908 9110 1187
5 5288 1262 7440 1188
5 2163 4741 11016 1189
5 4331 4539 10466 1190
5 5023 4557 8859 1191
5 1112 6373 8582 1192
5 4169 8019 10712 1193
5 3690 2728 5962 1194
5 1474 4578 7710 1195
5 1050 7076 7212 1196
5 4826 1381 7085 1197
5 1866 4794 8308 1198
5 4022 1213 7636 1199
5 2814 4022 7636 1200
5 1321 7052 9524 1201
5 2105 7798 7907 1202
5 3036 1280 5335 1203
5 7019 2058 11076 1204
5 2083 5093 6419 1205
5 4874 599 10237 1206
5 8729 1810 10223 1207
5 1416 3816 5618 1208
5 6713 4983 9021 1209
5 3510 1170 5509 1210
5 1717 4457 6945 1211
5 101 100 5080 1212
5 2382 4636 5415 1213
5 4806 1836 7163 1214
5 2028 4440 9128 1215
5 2165 4209 11113 1216
5 2567 6243 6675 1217
5 1309 3836 10112 1218
5 4398 3376 5336 1219
5 4348 2491 7572 1220
5 3957 1426 5243 1221
5 3775 4886 8493 1222
5 3949 1651 5611 1223
5 8733 4534 9669 1224
5 1672 3690 6004 1225
5 2247 4278 4827 1226
5 4078 2142 5379 1227
5 1727 3535 8182 1228
5 1228 4311 5430 1229
5 2525 3668 6384 1230
5 4893 7245 8677 1231
5 1356 4076 9703 1232
5 4311 2326 5430 1233
5 3391 2045 8753 1234
5 4957 1348 10730 1235
5 5344 1937 10097 1236
5 5762 1037 6832 1237
5 1721 3774 5545 1238
5 1716 4189 7393 1239
5 5166 2957 6818 1240
5 624 625 7502 1241
5 8185 3541 9353 1242
5 1539 4032 10008 1243
5 3160 5917 6079 1244
5 4568 1353 6292 1245
5 166 4409 5439 1246
5 1230 3908 5710 1247
5 1100 4115 4959 1248
5 916 4222 5643 1249
5 1756 3916 8293 1250
5 3750 2716 7143 1251
5 2903 7703 8692 1252
5 1886 4221 11036 1253
5 778 779 4494 1254
5 3782 2659 7721 1255
5 3736 5311 11266 1256
5 2623 5008 5232 1257
5 1849 4415 6955 1258
5 4988 2958 8372 1259
5 4985 2409 6402 1260
5 3873 1279 7377 1261
5 3550 5622 7958 1262
5 3304 5170 6848 1263
5 2686 6238 7598 1264
5 4328 2136 4758 1265
5 1929 4273 4851 1266
5 3894 1245 8724 1267
5 4729 10895 10949 1268
5 2585 1589 3065 1269
5 4729 1095 10895 1270
5 3013 5895 7899 1271
5 2108 4083 5435 1272
5 2797 6139 6153 1273
5 2147 5758 6336 1274
5 4102 1983 5036 1275
5 4351 1399 5035 1276
5 4644 2148 5621 1277
5 1694 8185 9353 1278
5 2853 4644 5621 1279
5 893 894 5331 1280
5 2598 3907 5224 1281
5 5020 2308 9959 1282
5 4186 1096 5625 1283
5 2238 3724 5858 1284
5 1175 3196 4853 1285
5 3903 2458 6651 1286
5 3732 2546 5808 1287
5 1053 4652 4739 1288
5 3724 2238 5835 1289
5 2349 3848 6267 1290
5 5469 2265 6948 1291
5 1901 4073 6147 1292
5 229 3821 5774 1293
5 4663 3256 9909 1294
5 2040 4756 9216 1295
5 1089 4525 6741 1296
5 4490 1878 5532 1297
5 4845 1637 11025 1298
5 2433 4490 5532 1299
5 7247 2992 8381 1300
5 5218 7315 9633 1301
5 3681 2298 6354 1302
5 2812 6004 7867 1303
5 4237 2813 4858 1304
5 5458 1429 6621 1305
5 4697 3075 7842 1306
5 4011 3340 9834 1307
5 4819 2557 5201 1308
5 4497 1197 5724 1309
5 5177 1088 7357 1310
5 1121 4819 5201 1311
5 1071 5930 8153 1312
5 82 0 4615 1313
5 1422 4844 5410 1314
5 3897 1276 5751 1315
5 4545 1357 7530 1316
5 5028 2178 8514 1317
5 2544 4974 5171 1318
5 4107 1782 5627 1319
5 1807 5800 9349 1320
5 3165 4197 8818 1321
5 2306 4107 5627 1322
5 4362 9801 10392 1323
5 4383 3097 5592 1324
5 1303 3951 5165 1325
5 3951 2177 5165 1326
5 1181 3899 5060 1327
5 2474 3835 5420 1328
5 4174 1772 10427 1329
5 713 714 4865 1330
5 3535 1727 7898 1331
5 5184 2275 5836 1332
5 3908 2260 5710 1333
5 2699 4339 6928 1334
5 2134 4986 6607 1335
5 2925 4918 7784 1336
5 2312 4213 8521 1337
5 3914 750 6051 1338
5 6739 2392 7773 1339
5 2767 1640 7751 1340
5 4624 1117 5189 1341
5 1553 4197 9103 1342
5 2553 4624 5189 1343
5 5141 4663 9909 1344
5 3686 2359 6767 1345
5 3857 1282 5446 1346
5 3793 5713 8840 1347
5 9486 2111 10752 1348
5 4531 2544 5254 1349
5 4155 2572 5108 1350
5 1812 3625 10745 1351
5 1550 4557 5023 1352
5 4654 2332 5708 1353
5 111 3807 6478 1354
5 4076 2106 9647 1355
5 1078 4383 7162 1356
5 3891 2968 8677 1357
5 2178 5142 8514 1358
5 3899 1181 11310 1359
5 5939 2502 6003 1360
5 4274 2059 5294 1361
5 7644 2097 8616 1362
5 4768 1984 5034 1363
5 2597 3828 6933 1364
5 2248 5467 5838 1365
5 2225 3702 6387 1366
5 3715 616 6776 1367
5 3399 2203 6227 1368
5 2333 4560 5075 1369
5 213 212 5950 1370
5 5739 246 6593 1371
5 4698 7812 10176 1372
5 2083 8937 9538 1373
5 4974 2544 7662 1374
5 4230 2420 9108 1375
5 1923 3955 8290 1376
5 4142 2025 7083 1377
5 4690 1696 8474 1378
5 6725 1155 7949 1379
5 135 4100 7317 1380
5 1530 4802 6378 1381
5 4802 2834 6378 1382
5 1297 4674 6300 1383
5 3769 2542 5686 1384
5 5557 3163 6934 1385
5 955 5366 7058 1386
5 4721 2522 6507 1387
5 6931 4826 7085 1388
5 972 973 10933 1389
5 1729 7679 10894 1390
5 3066 5430 6208 1391
5 1155 5503 7949 1392
5 1904 4115 9229 1393
5 2164 3608 5476 1394
5 5430 2326 6208 1395
5 6218 4605 6981 1396
5 2019 4028 9432 1397
5 2136 7099 7803 1398
5 4726 1387 8167 1399
5 2 557 4466 1400
5 1633 3945 9425 1401
5 2441 5235 5996 1402
5 6362 3317 6462 1403
5 1324 5986 6289 1404
5 2702 4105 6217 1405
5 6266 3622 10775 1406
5 7377 1279 10781 1407
5 8224 3302 10096 1408
5 1711 3694 6531 1409
5 5181 2079 7861 1410
5 4182 1053 5309 1411
5 1056 4067 4522 1412
5 1880 4049 5685 1413
5 4049 2488 5685 1414
5 2522 4721 6257 1415
5 2579 4158 5140 1416
5 1655 3697 6454 1417
5 5288 3291 7500 1418
5 3697 2312 6454 1419
5 3982 1851 9791 1420
5 1641 4675 5420 1421
5 6514 201 8121 1422
5 3870 1104 5418 1423
5 1891 3969 8914 1424
5 4675 2474 5420 1425
5 2270 4219 5355 1426
5 1528 3381 4673 1427
5 4185 1710 6961 1428
5 544 4632 5174 1429
5 3981 1303 5165 1430
5 2169 4267 4460 1431
5 5999 2549 8589 1432
5 616 3715 9080 1433
5 715 716 4840 1434
5 8724 2105 9218 1435
5 5235 2881 5996 1436
5 1102 3847 6334 1437
5 2098 4414 4742 1438
5 1801 4066 6128 1439
5 3465 6138 6540 1440
5 1604 4094 6199 1441
5 3741 1129 6970 1442
5 1696 6719 8474 1443
5 5978 3757 8237 1444
5 6602 743 7987 1445
5 3945 2314 5271 1446
5 2442 4419 5668 1447
5 4419 1850 5668 1448
5 1484 4073 6798 1449
5 4951 2305 9023 1450
5 5129 288 9658 1451
5 3501 7210 8727 1452
5 4964 1865 7206 1453
5 1780 5455 5911 1454
5 5455 2937 5911 1455
5 1730 3902 5341 1456
5 2127 4079 9264 1457
5 3303 1800 4776 1458
5 1065 4342 8314 1459
5 4464 2110 8662 1460
5 2490 4447 4680 1461
5 1162 7566 10088 1462
5 1936 4653 7703 1463
5 2711 5311 5449 1464
5 4068 2538 7905 1465
5 5311 2174 5449 1466
5 3037 4112 8831 1467
5 1937 5344 6248 1468
5 7361 3970 8221 1469
5 2006 4272 4926 1470
5 4788 6980 10412 1471
5 3953 5185 9072 1472
5 5185 2002 9072 1473
5 1100 4858 6815 1474
5 1890 4181 10778 1475
5 4952 546 8340 1476
5 5688 2377 8889 1477
5 5950 212 7327 1478
5 1128 3726 7790 1479
5 2212 4005 10099 1480
5 142 3948 8088 1481
5 4189 1716 6846 1482
5 6138 1222 6540 1483
5 1376 4331 10903 1484
5 4252 1183 5997 1485
5 2467 4252 5997 1486
5 3736 1894 5974 1487
5 2563 4810 6885 1488
5 6827 1585 10618 1489
5 1124 4106 4791 1490
5 4700 6706 9625 1491
5 5147 4130 11213 1492
5 1182 4444 9867 1493
5 4085 1801 6128 1494
5 7186 2452 7189 1495
5 4513 2116 8870 1496
5 4213 5042 9654 1497
5 4302 1918 9429 1498
5 8512 3625 9889 1499
5 1464 3732 8301 1500
5 2500 4678 5359 1501
5 4678 2338 5359 1502
5 4736 5368 7970 1503
5 6433 2210 7797 1504
5 1224 4287 4880 1505
5 3767 1311 8213 1506
5 4239 5942 9761 1507
5 3844 9229 9805 1508
5 26 27 8646 1509
5 3178 2090 6422 1510
5 3300 4541 8909 1511
5 2124 4092 5066 1512
5 5549 2720 5803 1513
5 5617 4740 9984 1514
5 4438 1380 5587 1515
5 2414 4438 5587 1516
5 4758 2136 7803 1517
5 7725 2102 8139 1518
5 3000 4009 6395 1519
5 2890 4487 7102 1520
5 2316 4445 5840 1521
5 1129 3741 5972 1522
5 7656 5445 8013 1523
5 5458 6621 8609 1524
5 137 3826 6704 1525
5 2024 4537 4700 1526
5 1679 2767 7751 1527
5 2840 5978 8237 1528
5 4520 1886 11036 1529
5 2044 3847 5790 1530
5 2932 6079 6371 1531
5 121 3882 6862 1532
5 1296 3600 8597 1533
5 1352 10654 10948 1534
5 6009 3167 6823 1535
5 1958 4568 8470 1536
5 2402 3968 6618 1537
5 4568 3335 8470 1538
5 2304 4417 4951 1539
5 2261 3735 7416 1540
5 2563 4103 5063 1541
5 3783 1674 5780 1542
5 2341 4159 5385 1543
5 3505 1576 5758 1544
5 1802 3834 7560 1545
5 2114 3955 6290 1546
5 3790 2087 7820 1547
5 3365 4790 8647 1548
5 1038 3778 7716 1549
5 3384 1734 5943 1550
5 4170 1692 5204 1551
5 901 902 5360 1552
5 201 6514 9599 1553
5 2265 5545 7612 1554
5 2775 3874 9152 1555
5 3456 1207 5754 1556
5 4508 2923 7206 1557
5 4786 1385 8090 1558
5 1302 3987 5217 1559
5 4265 1976 4950 1560
5 6373 3583 8582 1561
5 7903 1357 10504 1562
5 4796 2570 5000 1563
5 3529 1717 6945 1564
5 1651 3949 5700 1565
5 4944 6813 9044 1566
5 4440 5024 9128 1567
5 1043 4659 8277 1568
5 2112 5488 9924 1569
5 2469 4181 6509 1570
5 1851 3734 7146 1571
5 2577 7210 7252 1572
5 552 551 4263 1573
5 7634 4012 8870 1574
5 5923 8365 9939 1575
5 2110 4315 8944 1576
5 7331 2117 7476 1577
5 3532 8015 8101 1578
5 3589 2374 7415 1579
5 2251 3978 10887 1580
5 2482 6738 8377 1581
5 9370 2031 10122 1582
5 6394 2071 6797 1583
5 1371 3730 6314 1584
5 3234 4367 8170 1585
5 2929 5192 6239 1586
5 5192 2406 6239 1587
5 1209 3822 10135 1588
5 5890 1548 8453 1589
5 3815 6253 9287 1590
5 5713 2243 8840 1591
5 1711 5345 11277 1592
5 868 5065 9116 1593
5 1900 5112 10525 1594
5 3718 2566 10148 1595
5 4384 2014 9608 1596
5 2270 3745 8309 1597
5 5638 1512 5875 1598
5 3944 2484 6773 1599
5 4019 1110 5187 1600
5 4630 1352 10948 1601
5 3834 2069 7560 1602
5 2659 3782 7395 1603
5 3648 1713 6215 1604
5 1705 3889 8572 1605
5 5099 3769 9061 1606
5 3450 2348 5507 1607
5 4357 2665 6804 1608
5 1273 4885 8749 1609
5 1864 4010 9018 1610
5 1267 5044 6652 1611
5 4085 1367 6658 1612
5 4396 1539 6792 1613
5 5720 2232 9536 1614
5 2905 7659 8873 1615
5 2527 4467 7234 1616
5 9772 3498 11010 1617
5 5382 2226 7984 1618
5 2497 5613 5624 1619
5 720 721 4259 1620
5 8237 3757 9545 1621
5 7292 3631 9183 1622
5 4583 3568 10248 1623
5 5043 2094 6294 1624
5 1785 4157 5895 1625
5 4157 2369 5895 1626
5 4822 2153 6386 1627
5 4131 1229 5183 1628
5 4975 1189 6698 1629
5 4606 2005 7451 1630
5 5656 4284 6563 1631
5 4417 2305 4951 1632
5 201 200 8121 1633
5 2593 5103 7196 1634
5 3595 2207 7076 1635
5 3989 2116 7706 1636
5 2087 8281 8975 1637
5 73 74 4838 1638
5 3749 7367 7513 1639
5 5381 1340 6515 1640
5 5124 2855 6540 1641
5 3721 4867 9416 1642
5 3965 1060 9473 1643
5 1533 4054 6752 1644
5 6123 1428 8309 1645
5 2008 4205 7165 1646
5 1715 3924 10262 1647
5 9307 4685 9496 1648
5 1213 8629 9946 1649
5 6120 2831 6402 1650
5 5361 5953 8890 1651
5 2374 3589 5671 1652
5 8993 1724 9843 1653
5 5884 2290 7890 1654
5 4899 2202 4946 1655
5 5750 2253 7692 1656
5 3477 1272 5890 1657
5 2349 3974 9559 1658
5 1894 3736 6993 1659
5 3420 2200 8168 1660
5 2134 6607 9548 1661
5 2717 5398 10495 1662
5 4391 1952 10769 1663
5 3894 4391 10769 1664
5 591 592 5059 1665
5 2543 3842 5596 1666
5 3257 5195 7497 1667
5 3806 2625 10250 1668
5 8193 3613 8826 1669
5 2533 4554 5221 1670
5 1733 4503 6300 1671
5 885 4397 5628 1672
5 5103 7150 7196 1673
5 191 190 4435 1674
5 3893 2155 10796 1675
5 1886 4520 9716 1676
5 2172 5445 7656 1677
5 4520 3688 9716 1678
5 3968 2402 5286 1679
5 5397 3153 7216 1680
5 7207 3454 10618 1681
5 4852 3760 9991 1682
5 4248 2909 8584 1683
5 715 4840 7302 1684
5 580 581 5123 1685
5 3431 7072 7224 1686
5 4593 2547 6445 1687
5 4031 1121 5201 1688
5 6419 5093 8621 1689
5 4180 2190 5604 1690
5 3609 8454 9760 1691
5 2017 5908 9855 1692
5 4539 2112 10466 1693
5 4117 1671 8094 1694
5 2507 4095 10654 1695
5 3837 1175 8934 1696
5 4311 6747 7660 1697
5 3733 2875 9000 1698
5 4048 10466 10912 1699
5 1182 4987 6250 1700
5 2232 3964 5310 1701
5 4054 1856 5592 1702
5 2394 4547 5130 1703
5 2247 4402 11088 1704
5 1783 6151 10776 1705
5 4547 1245 5130 1706
5 3227 5070 9960 1707
5 8749 4885 9905 1708
5 3796 2348 6613 1709
5 2154 3990 6102 1710
5 2220 5348 5425 1711
5 6110 2111 9739 1712
5 1642 4713 11057 1713
5 3865 1448 5551 1714
5 4163 1932 7427 1715
5 1108 4316 5375 1716
5 6090 3187 6380 1717
5 1317 4147 7860 1718
5 2912 4117 8094 1719
5 4133 9241 9350 1720
5 4020 3302 10020 1721
5 4905 3435 5288 1722
5 4996 4077 11089 1723
5 6104 5312 10079 1724
5 824 825 4735 1725
5 7286 1065 8314 1726
5 4510 5181 7882 1727
5 876 877 4538 1728
5 4599 2844 6976 1729
5 4092 2124 4902 1730
5 1836 4075 8737 1731
5 3833 1348 7009 1732
5 2512 3833 7009 1733
5 4567 2195 4739 1734
5 5587 1380 6283 1735
5 2109 5099 9061 1736
5 1178 3756 8384 1737
5 5152 3367 8434 1738
5 1118 4037 6886 1739
5 4656 2433 5424 1740
5 1366 4656 5424 1741
5 6027 2762 7961 1742
5 5092 871 9186 1743
5 2229 3840 7449 1744
5 4385 2058 6522 1745
5 5008 2201 5232 1746
5 1649 4685 9307 1747
5 3821 2272 5774 1748
5 3944 9150 10951 1749
5 7662 4531 8463 1750
5 1908 1361 10653 1751
5 5175 2113 5319 1752
5 6426 4626 8585 1753
5 5827 3834 8219 1754
5 4268 7019 11076 1755
5 3948 1703 8503 1756
5 4467 3200 7234 1757
5 1368 4091 6703 1758
5 2917 3948 8503 1759
5 3816 1416 6118 1760
5 2362 5195 8294 1761
5 5203 1092 8065 1762
5 3124 4305 8764 1763
5 784 3903 8640 1764
5 4673 3381 6042 1765
5 4115 1904 9712 1766
5 1965 5876 8026 1767
5 3913 1716 8317 1768
5 3050 4036 5891 1769
5 5923 3495 8365 1770
5 4573 1227 8481 1771
5 1701 3771 6111 1772
5 3956 1094 5368 1773
5 1923 3745 7057 1774
5 2178 3947 8816 1775
5 2495 4041 7687 1776
5 2950 4596 9510 1777
5 2772 2641 5346 1778
5 1898 4210 8864 1779
5 4515 1933 7016 1780
5 6797 1479 8043 1781
5 4698 1122 7812 1782
5 2741 4552 5526 1783
5 3784 1278 7424 1784
5 1822 7282 11040 1785
5 1674 3783 7865 1786
5 1890 5767 6509 1787
5 464 463 5260 1788
5 3420 6739 7773 1789
5 5615 2900 6329 1790
5 2440 4004 9392 1791
5 5656 2274 9159 1792
5 5771 798 5977 1793
5 4340 3788 10700 1794
5 4714 2509 6947 1795
5 4689 3070 5377 1796
5 514 513 4793 1797
5 3808 1088 5473 1798
5 1353 4559 8607 1799
5 4559 3348 8607 1800
5 4918 3492 7784 1801
5 3774 1721 6130 1802
5 6538 1474 7710 1803
5 1501 5098 9644 1804
5 1765 5722 9484 1805
5 4738 1660 7515 1806
5 7643 3790 11243 1807
5 4654 3481 8233 1808
5 3800 7644 8616 1809
5 3027 5503 7271 1810
5 3858 2289 10307 1811
5 4992 7956 8496 1812
5 1380 4784 6283 1813
5 1678 4522 7743 1814
5 1318 4249 9372 1815
5 2120 4213 10178 1816
5 5048 3622 7120 1817
5 2420 6606 9108 1818
5 3745 6123 8309 1819
5 8287 3880 10902 1820
5 4079 2127 6018 1821
5 5667 2396 7255 1822
5 3821 229 10107 1823
5 2130 4154 8233 1824
5 7335 4649 10075 1825
5 2216 3856 5757 1826
5 4132 218 6606 1827
5 3856 1424 5757 1828
5 4105 3219 6217 1829
5 3817 1817 9148 1830
5 1852 4602 5457 1831
5 1059 5863 10136 1832
5 2173 5248 7048 1833
5 1057 3989 9039 1834
5 791 4071 7036 1835
5 2120 4692 9040 1836
5 4360 1506 6439 1837
5 3664 6879 8312 1838
5 4324 2524 6178 1839
5 5496 1977 7482 1840
5 2716 3750 7474 1841
5 3527 5496 7482 1842
5 2152 4136 5329 1843
5 2609 3918 9723 1844
5 5194 3801 8455 1845
5 2032 4924 7493 1846
5 1360 10185 11090 1847
5 3860 1546 10999 1848
5 2294 3952 6111 1849
5 4484 2600 5219 1850
5 1751 3962 6121 1851
5 1370 4484 5219 1852
5 4038 2256 7049 1853
5 2177 3951 8798 1854
5 5566 2259 7488 1855
5 1735 6763 9523 1856
5 4133 1347 9241 1857
5 3771 1701 9389 1858
5 4903 1048 8259 1859
5 2165 4225 10388 1860
5 4141 145 6281 1861
5 202 201 9599 1862
5 3766 2173 8967 1863
5 3903 784 6374 1864
5 4192 1322 5576 1865
5 2117 4115 7476 1866
5 6071 1150 6519 1867
5 3433 6071 6519 1868
5 2610 5126 7274 1869
5 3605 1763 10462 1870
5 4237 1827 6170 1871
5 587 588 4394 1872
5 6041 1588 6968 1873
5 2058 7343 11076 1874
5 5710 2260 5730 1875
5 3767 1711 8347 1876
5 1292 3923 6072 1877
5 4604 9847 9994 1878
5 1848 3154 3155 1879
5 1586 4060 10631 1880
5 5211 3138 8443 1881
5 2850 5669 7225 1882
5 3845 2726 7075 1883
5 4405 5199 9751 1884
5 2889 2978 9583 1885
5 6592 4713 8207 1886
5 3425 4212 10311 1887
5 3315 6208 9659 1888
5 864 865 4422 1889
5 552 4263 5139 1890
5 3330 4815 6142 1891
5 2935 5619 5829 1892
5 5619 2434 5829 1893
5 6561 3704 10588 1894
5 3560 8322 8356 1895
5 4116 549 8480 1896
5 6827 4714 6947 1897
5 3787 2044 5790 1898
5 2166 3931 8068 1899
5 3426 5750 7692 1900
5 1130 4348 7572 1901
5 3414 4050 7033 1902
5 4174 2026 5753 1903
5 4152 1114 5232 1904
5 1051 5392 8790 1905
5 5392 3930 8790 1906
5 547 546 4952 1907
5 5926 2784 8211 1908
5 4291 2071 5009 1909
5 2123 4512 7986 1910
5 3397 6890 8656 1911
5 5173 8890 9597 1912
5 2323 4535 5231 1913
5 1839 4583 10248 1914
5 2055 4324 6178 1915
5 4389 2021 10982 1916
5 2361 5269 5761 1917
5 5269 2780 5761 1918
5 2568 3781 8788 1919
5 1092 6008 8065 1920
5 2337 3801 6050 1921
5 2167 3896 6891 1922
5 4789 2069 5827 1923
5 1724 5283 9843 1924
5 6909 4702 8978 1925
5 3840 2229 8411 1926
5 1099 3896 6716 1927
5 2360 4186 5625 1928
5 713 4865 5731 1929
5 4184 698 5403 1930
5 3876 1042 5847 1931
5 1279 3873 8269 1932
5 4263 2208 5139 1933
5 1093 3997 9032 1934
5 4404 1975 7875 1935
5 4942 5779 7093 1936
5 3457 4726 8167 1937
5 4560 3958 11168 1938
5 6020 3880 8287 1939
5 5283 1724 7988 1940
5 3574 5283 7988 1941
5 5051 3619 9588 1942
5 1270 5827 8219 1943
5 2796 4364 7311 1944
5 1725 4395 5892 1945
5 1739 7643 11243 1946
5 4395 2466 5892 1947
5 4181 2469 6053 1948
5 7712 2489 8283 1949
5 4512 2531 5338 1950
5 1271 4811 4812 1951
5 5211 8443 10733 1952
5 2873 5710 5730 1953
5 4604 2033 9847 1954
5 3921 9549 9635 1955
5 248 247 4326 1956
5 8308 4794 9006 1957
5 4047 2457 9458 1958
5 7426 1561 9035 1959
5 5126 7158 7274 1960
5 4042 1202 6619 1961
5 3820 1947 5968 1962
5 5118 2396 5665 1963
5 2474 4629 5597 1964
5 1521 5514 9021 1965
5 4284 2337 9450 1966
5 3772 1164 6913 1967
5 2159 4007 8574 1968
5 5683 3698 6311 1969
5 7861 3096 9324 1970
5 460 459 5313 1971
5 5831 4434 8397 1972
5 3848 2349 5985 1973
5 2837 4665 7180 1974
5 8662 2110 9259 1975
5 4944 1769 7836 1976
5 6375 3204 9338 1977
5 5582 4654 9745 1978
5 6928 4339 10502 1979
5 1509 5557 6934 1980
5 5161 2317 9827 1981
5 4437 2198 4965 1982
5 1116 4437 4965 1983
5 2143 4449 11278 1984
5 4003 4744 10733 1985
5 2076 5288 7500 1986
5 3947 1792 8816 1987
5 1429 3770 6621 1988
5 1587 7507 9950 1989
5 4434 1461 4953 1990
5 5838 5467 8617 1991
5 4551 2371 4843 1992
5 4051 2169 10306 1993
5 6445 2547 7819 1994
5 5233 2759 5787 1995
5 4340 2368 4993 1996
5 2047 3892 5575 1997
5 2189 4463 4908 1998
5 2320 5015 5742 1999
5 3951 1782 8798 2000
5 2922 6226 6687 2001
5 5258 4017 8509 2002
5 7531 1058 7757 2003
5 5597 4629 10387 2004
5 824 4735 8078 2005
5 2343 5233 5787 2006
5 5575 10015 10160 2007
5 4614 2661 8551 2008
5 2173 7048 7241 2009
5 153 4101 5433 2010
5 1201 4873 5370 2011
5 7311 4364 10223 2012
5 4873 2634 5370 2013
5 4128 1457 5621 2014
5 7162 4383 9188 2015
5 6208 3315 10084 2016
5 4692 7772 9040 2017
5 4181 1890 6509 2018
5 2304 5529 7147 2019
5 3292 4944 7836 2020
5 1312 4744 10780 2021
5 4112 1748 8831 2022
5 2286 4791 5155 2023
5 1817 4968 9378 2024
5 4306 2039 5443 2025
5 4560 2219 5075 2026
5 3794 1710 7252 2027
5 3982 2074 8913 2028
5 4360 2493 4990 2029
5 2129 4601 7465 2030
5 1097 3928 6648 2031
5 5200 1823 7924 2032
5 7381 3236 8254 2033
5 2932 5136 6533 2034
5 631 3848 5985 2035
5 6290 1265 7343 2036
5 5385 4159 8690 2037
5 2080 7624 8357 2038
5 2132 3949 5611 2039
5 4113 3123 8665 2040
5 2227 4195 5898 2041
5 2159 8574 8592 2042
5 2360 3983 6623 2043
5 4354 1609 7140 2044
5 2789 4354 7140 2045
5 2560 5416 5560 2046
5 5348 2634 5425 2047
5 1557 4129 6594 2048
5 4020 1397 5371 2049
5 4129 2537 6594 2050
5 1556 4599 6976 2051
5 231 3819 7223 2052
5 4682 1824 8774 2053
5 8215 5396 10562 2054
5 6802 3601 7560 2055
5 1063 3912 6696 2056
5 1121 4031 7096 2057
5 5044 2886 6652 2058
5 2258 5370 5511 2059
5 3793 2836 6863 2060
5 2229 4258 11024 2061
5 129 3749 7513 2062
5 4729 2220 5425 2063
5 2447 3933 10773 2064
5 9241 3226 9350 2065
5 4105 2702 8837 2066
5 7493 4924 8359 2067
5 5460 8443 9284 2068
5 1541 4270 8322 2069
5 1891 3897 5751 2070
5 2049 4437 4993 2071
5 4270 3051 8322 2072
5 5234 8355 9496 2073
5 2377 5007 5525 2074
5 3848 631 10875 2075
5 2735 4167 8119 2076
5 4277 1487 7365 2077
5 4647 1825 10612 2078
5 702 703 5256 2079
5 2883 4164 8039 2080
5 4612 2081 4827 2081
5 5882 8428 11284 2082
5 4362 2051 9643 2083
5 6511 3434 7683 2084
5 1339 3954 5568 2085
5 570 571 5250 2086
5 3275 4207 9223 2087
5 8616 3723 9063 2088
5 3181 4689 5776 2089
5 4543 2948 7213 2090
5 1427 5063 10069 2091
5 2224 3878 5821 2092
5 5343 2991 7723 2093
5 3878 1117 5821 2094
5 4493 2121 5468 2095
5 3051 4270 8820 2096
5 3614 7984 8729 2097
5 1448 3865 5819 2098
5 5401 2863 6574 2099
5 4075 2230 8737 2100
5 574 575 4459 2101
5 3954 1339 5589 2102
5 2019 4650 7389 2103
5 5136 1090 6533 2104
5 1895 4736 10105 2105
5 1782 3980 8798 2106
5 1513 6009 6823 2107
5 2081 4612 4844 2108
5 4197 3177 9103 2109
5 5758 3363 6336 2110
5 1975 5606 7875 2111
5 1387 4040 5797 2112
5 2502 4322 5039 2113
5 2401 7695 10482 2114
5 2257 3789 6525 2115
5 5170 3304 9168 2116
5 2388 8194 9165 2117
5 3513 1700 7024 2118
5 70 84 10855 2119
5 4297 2442 5668 2120
5 6535 1378 7178 2121
5 3835 2041 7670 2122
5 159 4242 7341 2123
5 5758 1576 6588 2124
5 8107 5723 10571 2125
5 1949 6106 8253 2126
5 6685 1749 9550 2127
5 5460 3891 8677 2128
5 1762 5460 8677 2129
5 2631 4290 7098 2130
5 4167 2735 6774 2131
5 613 614 10010 2132
5 4323 2305 10905 2133
5 4104 2367 6609 2134
5 897 898 4633 2135
5 3320 6589 9133 2136
5 8019 3266 10712 2137
5 2536 5297 5877 2138
5 5297 2824 5877 2139
5 1866 5153 9938 2140
5 2700 3826 8991 2141
5 5020 1139 6132 2142
5 1975 4404 10087 2143
5 7623 4321 7822 2144
5 1086 4923 5255 2145
5 2348 3450 6613 2146
5 3819 231 8894 2147
5 5498 1619 6083 2148
5 2954 5498 6083 2149
5 5244 3626 8290 2150
5 2114 5244 8290 2151
5 5115 1333 9109 2152
5 1772 3631 10624 2153
5 1700 3513 9753 2154
5 4508 7206 9025 2155
5 4818 2836 6580 2156
5 1489 4818 6580 2157
5 4351 4468 11306 2158
5 4164 1835 8039 2159
5 7177 1410 7202 2160
5 1224 4187 5969 2161
5 4363 2714 6324 2162
5 2050 5537 7411 2163
5 2082 4859 9919 2164
5 2515 3956 8706 2165
5 4139 2180 9926 2166
5 2871 3918 5635 2167
5 2160 4105 5694 2168
5 4111 7425 10744 2169
5 6142 1235 8169 2170
5 7212 7076 10321 2171
5 2295 3843 9442 2172
5 3831 1810 6103 2173
5 5444 1948 7228 2174
5 6023 3576 10156 2175
5 4609 1339 8548 2176
5 2836 3793 6580 2177
5 1792 3991 8816 2178
5 8194 3776 9165 2179
5 5656 3607 10288 2180
5 2642 4017 7297 2181
5 5603 2710 8328 2182
5 1086 5255 7845 2183
5 4017 1412 7297 2184
5 2335 3798 7447 2185
5 3862 2410 9519 2186
5 2706 5456 6871 2187
5 752 7586 8522 2188
5 5358 3100 6305 2189
5 1683 3425 10825 2190
5 2169 4460 10306 2191
5 4744 1312 10733 2192
5 2142 4078 4892 2193
5 6722 6024 11127 2194
5 2173 4144 5248 2195
5 5422 1665 8450 2196
5 6331 4367 7166 2197
5 872 5213 9186 2198
5 2250 5135 5380 2199
5 5135 2565 5380 2200
5 1954 3796 5228 2201
5 4494 779 8062 2202
5 1333 5363 9109 2203
5 4690 2123 7986 2204
5 1408 4946 5865 2205
5 199 4364 8121 2206
5 2017 3779 10068 2207
5 1410 4701 7202 2208
5 1352 4630 9567 2209
5 4153 3635 10111 2210
5 4218 6023 10156 2211
5 3943 1730 8659 2212
5 3990 2154 6204 2213
5 6255 756 7092 2214
5 4955 2487 5216 2215
5 2082 4815 6529 2216
5 3105 4175 8635 2217
5 1378 4955 5216 2218
5 4305 4563 8764 2219
5 6649 3944 10951 2220
5 919 920 5510 2221
5 917 918 5512 2222
5 4005 1312 8112 2223
5 5170 9168 10431 2224
5 2833 4005 8112 2225
5 903 5263 9255 2226
5 171 170 5719 2227
5 3833 1688 7290 2228
5 7827 4358 11068 2229
5 3817 2534 7272 2230
5 24 3889 6812 2231
5 2524 4292 5086 2232
5 1817 3817 7272 2233
5 2196 4375 6517 2234
5 3880 2554 5844 2235
5 4493 5468 10085 2236
5 3834 1802 8208 2237
5 3801 2337 6644 2238
5 3191 4545 7530 2239
5 1649 5140 7258 2240
5 5140 3209 7258 2241
5 3826 2700 9776 2242
5 1380 5147 11213 2243
5 2487 3853 6221 2244
5 5114 1529 6553 2245
5 1555 7925 9542 2246
5 7586 3867 8522 2247
5 6181 4199 8808 2248
5 4411 1323 8236 2249
5 2509 3749 7094 2250
5 4881 3203 6346 2251
5 4030 1654 8256 2252
5 4720 1360 11090 2253
5 3438 5723 8107 2254
5 1799 3801 6644 2255
5 3749 2509 6608 2256
5 1971 8668 8930 2257
5 4212 3425 4651 2258
5 8450 1665 8525 2259
5 5961 2869 8354 2260
5 3803 1078 6622 2261
5 3706 8173 8588 2262
5 4396 6792 9594 2263
5 4968 1817 7272 2264
5 4055 2432 7804 2265
5 1073 5961 6441 2266
5 6515 1340 8787 2267
5 146 145 7583 2268
5 1078 3803 6828 2269
5 4909 2111 6110 2270
5 5524 2258 8209 2271
5 2990 4293 8154 2272
5 4293 1764 8154 2273
5 2547 5707 7819 2274
5 1490 4191 6058 2275
5 4808 1415 5394 2276
5 2155 3893 4585 2277
5 4944 3292 6813 2278
5 3983 2360 6766 2279
5 1425 4684 8135 2280
5 5173 2140 8890 2281
5 2083 4645 7002 2282
5 1335 3949 5570 2283
5 3537 1704 5942 2284
5 2638 4990 7766 2285
5 2339 4899 4946 2286
5 1962 4517 5257 2287
5 6105 1287 7803 2288
5 2560 4410 5416 2289
5 4018 1973 5538 2290
5 4761 6867 8056 2291
5 1958 4663 5141 2292
5 3890 1975 10087 2293
5 2153 4638 8299 2294
5 4975 6698 7431 2295
5 2149 4062 4697 2296
5 2925 4458 7669 2297
5 211 4156 7327 2298
5 3886 2234 8326 2299
5 6736 1961 9114 2300
5 1750 5920 7573 2301
5 4682 2342 5082 2302
5 7318 1428 8035 2303
5 4833 1612 10494 2304
5 5920 3719 7573 2305
5 3459 986 10457 2306
5 8209 2258 8398 2307
5 1535 5132 8445 2308
5 1954 3712 5358 2309
5 5278 910 9346 2310
5 2747 5798 7864 2311
5 2009 5375 8136 2312
5 3712 1954 5228 2313
5 4486 2519 5187 2314
5 1315 4867 10433 2315
5 1110 4486 5187 2316
5 911 5281 9346 2317
5 4256 2822 7520 2318
5 4214 2494 5302 2319
5 4922 2800 4924 2320
5 3336 4974 7662 2321
5 1470 4256 7520 2322
5 2032 4922 4924 2323
5 4093 1488 6526 2324
5 2125 4377 6962 2325
5 1976 3868 9778 2326
5 3336 4725 6954 2327
5 4006 1152 7242 2328
5 3394 4651 6875 2329
5 5341 3902 10484 2330
5 3894 8724 9218 2331
5 850 851 4432 2332
5 2064 4040 9756 2333
5 1564 5793 7320 2334
5 4276 1149 6940 2335
5 2820 5268 5937 2336
5 5268 2504 5937 2337
5 3509 4756 10157 2338
5 6940 1149 10362 2339
5 662 4355 7429 2340
5 4435 7846 10545 2341
5 1134 3620 8058 2342
5 591 5059 10474 2343
5 2871 4030 8256 2344
5 9162 4833 10494 2345
5 5118 5665 9806 2346
5 2050 4001 5537 2347
5 1914 5117 10257 2348
5 4978 9822 9866 2349
5 933 934 9094 2350
5 4128 2686 8018 2351
5 8445 5132 10372 2352
5 4407 299 7264 2353
5 2897 4159 7199 2354
5 5572 2320 5742 2355
5 4266 1503 7494 2356
5 4631 1486 8333 2357
5 694 695 5408 2358
5 1810 3831 7311 2359
5 2984 6917 9780 2360
5 1932 4163 10817 2361
5 4992 1135 7956 2362
5 4430 1977 5332 2363
5 2030 4799 10724 2364
5 4799 4110 10724 2365
5 3204 4264 9351 2366
5 4978 1622 9822 2367
5 1858 8237 9545 2368
5 3477 1271 5639 2369
5 544 543 4632 2370
5 4272 2456 6434 2371
5 748 749 4569 2372
5 4226 1325 10070 2373
5 8041 3492 9003 2374
5 4000 183 7492 2375
5 5925 1425 8135 2376
5 4838 3657 10235 2377
5 1432 4996 11089 2378
5 880 881 5499 2379
5 6157 1968 7940 2380
5 5713 3685 10788 2381
5 4022 2814 7400 2382
5 1372 4617 5520 2383
5 4202 1630 11167 2384
5 4440 2450 5024 2385
5 4617 2394 5520 2386
5 4136 1184 5329 2387
5 2298 3885 6354 2388
5 4711 2129 7465 2389
5 4665 2837 7565 2390
5 5161 3725 10344 2391
5 1915 4122 9483 2392
5 3925 1274 9438 2393
5 4235 1806 8268 2394
5 4350 1197 7848 2395
5 7245 1762 8677 2396
5 4136 2404 6226 2397
5 1184 4136 6226 2398
5 4665 1559 7180 2399
5 4593 6445 9921 2400
5 846 847 4999 2401
5 886 887 5516 2402
5 2272 3821 6994 2403
5 1942 2828 2884 2404
5 4867 1995 9416 2405
5 2149 4697 7842 2406
5 2539 6117 6560 2407
5 5091 1430 5584 2408
5 291 5619 7918 2409
5 3980 1142 6423 2410
5 4083 1310 5435 2411
5 9359 2167 9384 2412
5 4268 10757 11083 2413
5 2293 4053 7222 2414
5 5474 1544 8073 2415
5 4151 9864 10950 2416
5 1688 3833 7211 2417
5 5320 148 10131 2418
5 3935 614 5788 2419
5 2283 3935 5788 2420
5 8170 2297 8248 2421
5 9223 4207 10322 2422
5 2289 3858 6230 2423
5 3858 1322 6230 2424
5 1121 7096 11221 2425
5 3288 6713 9021 2426
5 843 844 4945 2427
5 2516 6877 7856 2428
5 4458 1846 7669 2429
5 1293 4876 7257 2430
5 4088 8764 11263 2431
5 2252 4478 5190 2432
5 7798 3564 7907 2433
5 4057 1853 6690 2434
5 7632 3419 8297 2435
5 3885 2298 9566 2436
5 3849 1359 6795 2437
5 4284 1329 5748 2438
5 2337 6050 8083 2439
5 947 948 4536 2440
5 6117 4108 6560 2441
5 289 288 5129 2442
5 2337 4284 5748 2443
5 2755 4019 7862 2444
5 2167 4656 9384 2445
5 4432 2421 5644 2446
5 4858 2813 6815 2447
5 741 742 4889 2448
5 5840 4445 7256 2449
5 2262 4173 8718 2450
5 3833 2512 7211 2451
5 2391 4106 7977 2452
5 4210 1898 9963 2453
5 1682 4897 6034 2454
5 3092 5781 6443 2455
5 326 325 4764 2456
5 2808 4266 7494 2457
5 2778 5091 5584 2458
5 5426 1284 8734 2459
5 589 590 5182 2460
5 6659 2390 6992 2461
5 4009 3000 8857 2462
5 1802 4203 8208 2463
5 4797 1290 5856 2464
5 1614 4286 7491 2465
5 4035 1291 5167 2466
5 4686 1157 6239 2467
5 4258 2229 10236 2468
5 9793 5427 10788 2469
5 4445 2902 7256 2470
5 1369 4018 6387 2471
5 1426 3957 9808 2472
5 1173 2567 6675 2473
5 1330 5549 5803 2474
5 3346 1241 7665 2475
5 1529 4657 5633 2476
5 2158 4240 8076 2477
5 7942 5573 8354 2478
5 4240 2915 8076 2479
5 3963 1569 6672 2480
5 5650 1067 6647 2481
5 4478 1112 5190 2482
5 2446 3963 6672 2483
5 2963 7981 9682 2484
5 5003 4580 8405 2485
5 149 148 5320 2486
5 1285 4233 5339 2487
5 1874 4573 6126 2488
5 3835 2474 10083 2489
5 5077 3286 5801 2490
5 2012 4007 8829 2491
5 4118 281 6852 2492
5 893 5331 9727 2493
5 3856 2216 7254 2494
5 5370 2634 5511 2495
5 1319 3843 6895 2496
5 4932 2019 7389 2497
5 2898 3709 5863 2498
5 9150 3403 10951 2499
5 3635 4153 8460 2500
5 2502 5039 6003 2501
5 4721 6507 9046 2502
5 1456 4357 6804 2503
5 2822 4256 5212 2504
5 2386 4527 5847 2505
5 1145 4881 9911 2506
5 3859 6702 8705 2507
5 2346 4761 5448 2508
5 2958 4988 6887 2509
5 2257 5486 7755 2510
5 4144 1454 5653 2511
5 1703 3948 8451 2512
5 4287 1224 5969 2513
5 2180 4255 9926 2514
5 1156 7018 10622 2515
5 2991 6455 7723 2516
5 5218 1507 7315 2517
5 3826 137 8991 2518
5 2989 4145 8999 2519
5 1871 4113 8665 2520
5 4182 6048 6469 2521
5 1088 3808 8214 2522
5 2510 6300 7698 2523
5 1080 4922 8011 2524
5 4002 5372 6429 2525
5 363 362 5397 2526
5 2396 4182 5309 2527
5 4396 3470 6821 2528
5 983 984 3811 2529
5 6197 6823 11212 2530
5 234 233 4436 2531
5 4988 1310 6887 2532
5 1175 4853 8934 2533
5 1133 5081 5591 2534
5 2616 4330 9464 2535
5 4435 2931 7846 2536
5 1282 3857 7725 2537
5 3868 1976 7782 2538
5 585 586 5225 2539
5 6003 5039 10024 2540
5 3461 4524 9814 2541
5 1239 5465 7017 2542
5 3964 2232 5720 2543
5 3918 2871 8256 2544
5 4540 1901 6147 2545
5 5137 1161 6473 2546
5 2894 5137 6473 2547
5 7764 5000 9281 2548
5 4548 1995 4981 2549
5 4620 2507 10654 2550
5 4105 2160 9385 2551
5 3348 4287 9409 2552
5 3219 4105 9385 2553
5 4287 1872 9409 2554
5 1060 3965 7681 2555
5 3965 2666 7681 2556
5 5074 1826 7043 2557
5 3808 1745 8015 2558
5 3714 1040 7964 2559
5 4332 1192 7516 2560
5 780 781 4644 2561
5 1271 3477 8453 2562
5 4588 2229 11024 2563
5 5688 4606 7451 2564
5 194 7890 8349 2565
5 1346 6400 6937 2566
5 2092 7975 9816 2567
5 5008 1241 7788 2568
5 2447 3832 6553 2569
5 2003 5403 8508 2570
5 734 5994 7599 2571
5 1755 5427 9793 2572
5 754 755 4446 2573
5 2659 4194 6295 2574
5 4062 2972 8413 2575
5 2367 4104 6289 2576
5 2923 4964 7206 2577
5 4754 2529 8541 2578
5 7702 4817 10080 2579
5 4421 2381 5738 2580
5 1761 4421 5738 2581
5 6574 8754 11161 2582
5 2396 5309 7255 2583
5 1756 5615 6329 2584
5 1111 4761 6102 2585
5 1853 4057 9085 2586
5 5279 2065 11113 2587
5 3580 9782 11200 2588
5 6636 2658 10883 2589
5 938 939 4566 2590
5 5355 4219 10908 2591
5 5856 3844 9805 2592
5 1717 3529 7906 2593
5 4298 1838 7999 2594
5 3836 1309 7082 2595
5 2428 4432 5644 2596
5 6653 2910 8752 2597
5 5460 1762 8443 2598
5 3842 2543 8456 2599
5 4042 2133 5562 2600
5 4402 4469 11160 2601
5 4891 3395 6703 2602
5 3984 2601 5703 2603
5 7581 2320 10505 2604
5 4481 4084 11233 2605
5 2654 6791 8909 2606
5 866 867 5261 2607
5 4864 1308 8626 2608
5 1392 5184 5836 2609
5 7343 2058 9304 2610
5 4036 3050 8979 2611
5 5157 4030 7956 2612
5 4249 4707 9372 2613
5 4625 2487 6221 2614
5 4556 1408 5865 2615
5 2250 5380 7849 2616
5 4543 7213 9804 2617
5 4630 8839 9567 2618
5 2726 3845 10476 2619
5 3477 5890 8453 2620
5 2640 4429 8458 2621
5 4290 2631 7062 2622
5 4008 2718 7729 2623
5 3998 1321 8973 2624
5 2387 5084 5119 2625
5 2200 3751 8168 2626
5 5123 581 10014 2627
5 2363 4592 6526 2628
5 5337 1639 5915 2629
5 7338 3258 7877 2630
5 2814 5337 5915 2631
5 8690 3925 9158 2632
5 4281 2987 5222 2633
5 4862 1202 9863 2634
5 3715 6776 7494 2635
5 5958 2384 9313 2636
5 4101 1829 7623 2637
5 1320 4240 8228 2638
5 1983 4102 10283 2639
5 5622 2188 7958 2640
5 4395 2753 7514 2641
5 3635 8460 8822 2642
5 3049 6629 7221 2643
5 4018 2225 6387 2644
5 2586 5312 6104 2645
5 1297 6300 7497 2646
5 3277 5413 9313 2647
5 1729 5314 7679 2648
5 4689 1096 5776 2649
5 4458 2925 7784 2650
5 2893 5732 6723 2651
5 5177 2251 10887 2652
5 2341 5385 8695 2653
5 3373 1681 5708 2654
5 3850 1132 10389 2655
5 1316 4363 6978 2656
5 2387 4745 5084 2657
5 1061 4732 10083 2658
5 4188 5068 7397 2659
5 2047 3816 7735 2660
5 1447 3460 7940 2661
5 2201 4152 5232 2662
5 7304 3526 8037 2663
5 4732 3835 10083 2664
5 4251 2656 7046 2665
5 4144 2173 8680 2666
5 3966 1936 5783 2667
5 1080 8011 8360 2668
5 3658 6479 7017 2669
5 1692 4170 7432 2670
5 7298 2399 7371 2671
5 8754 2027 11161 2672
5 3843 2295 6895 2673
5 1904 3844 6807 2674
5 827 4023 8703 2675
5 4468 1145 6075 2676
5 3549 5344 10097 2677
5 913 914 4590 2678
5 6027 1653 7603 2679
5 3570 6433 7797 2680
5 3728 2230 5816 2681
5 7846 1883 10545 2682
5 2722 1969 5029 2683
5 5934 2312 8521 2684
5 3708 5426 8734 2685
5 6589 2378 9133 2686
5 6331 2341 8695 2687
5 2596 4250 6787 2688
5 3229 5438 8885 2689
5 1364 4533 4733 2690
5 4975 2046 5917 2691
5 4730 857 7433 2692
5 3879 7663 10872 2693
5 2344 3775 6194 2694
5 4343 2461 6113 2695
5 2291 4929 5850 2696
5 985 986 3459 2697
5 9357 2306 10334 2698
5 4883 2427 4927 2699
5 5573 2899 8354 2700
5 882 883 4592 2701
5 4280 2963 9682 2702
5 4026 2192 8123 2703
5 5000 1256 9281 2704
5 2030 4870 11201 2705
5 4870 4278 11201 2706
5 6479 1239 7017 2707
5 5551 2119 9121 2708
5 765 766 7479 2709
5 1582 4151 10915 2710
5 3619 5051 9921 2711
5 1750 4829 6010 2712
5 4829 2619 6010 2713
5 2344 3617 8408 2714
5 1422 4814 5434 2715
5 2806 4089 9762 2716
5 8551 2661 9138 2717
5 6879 2907 8312 2718
5 3994 3135 8027 2719
5 1168 6090 6380 2720
5 2738 6317 6483 2721
5 1096 4689 5377 2722
5 1829 4343 6113 2723
5 2133 4054 5592 2724
5 3912 1063 9610 2725
5 2302 3914 6051 2726
5 5956 2379 8232 2727
5 1157 4686 9710 2728
5 2812 3968 8269 2729
5 775 4044 6858 2730
5 572 573 5340 2731
5 2828 2375 4518 2732
5 1280 8168 10255 2733
5 1446 4854 11056 2734
5 3952 1142 8371 2735
5 1823 5200 8861 2736
5 765 7479 11220 2737
5 1924 4082 10005 2738
5 2684 3915 7917 2739
5 4332 7516 9071 2740
5 4153 1282 9638 2741
5 4541 1136 8909 2742
5 4978 2143 4982 2743
5 2306 5770 10334 2744
5 8548 1339 9242 2745
5 2099 8674 10459 2746
5 2520 4978 4982 2747
5 3931 2166 6420 2748
5 5472 2644 11156 2749
5 4264 1857 9351 2750
5 3250 2207 7292 2751
5 3124 4088 9178 2752
5 2733 4234 7388 2753
5 4234 1493 7388 2754
5 2606 4778 6040 2755
5 4778 1947 6040 2756
5 6044 1535 7868 2757
5 5609 2379 6637 2758
5 3841 6044 7868 2759
5 4657 2511 5633 2760
5 2974 4302 6884 2761
5 4745 1067 5084 2762
5 6312 2250 7849 2763
5 5733 3616 7644 2764
5 1110 5910 10617 2765
5 1281 5733 7644 2766
5 4574 647 10209 2767
5 2132 4191 5570 2768
5 2188 4539 5383 2769
5 2976 5125 7854 2770
5 741 4889 8635 2771
5 3878 2224 8113 2772
5 5195 2362 5830 2773
5 3223 4679 6978 2774
5 2010 4564 5657 2775
5 4695 2831 6120 2776
5 2421 6253 10368 2777
5 10401 4774 10820 2778
5 4638 2297 8170 2779
5 4055 1934 6518 2780
5 2579 4378 9412 2781
5 3495 5923 7063 2782
5 1359 3849 7591 2783
5 4348 1130 7889 2784
5 5923 1421 7063 2785
5 2544 4531 7662 2786
5 2181 4051 6654 2787
5 4004 2440 6660 2788
5 4310 768 5963 2789
5 1322 4192 9744 2790
5 644 645 5543 2791
5 3853 2487 7091 2792
5 5781 2402 6443 2793
5 10185 4178 11090 2794
5 6776 2808 7494 2795
5 1687 4855 10678 2796
5 1211 4458 7784 2797
5 1905 4279 6972 2798
5 1856 4383 5592 2799
5 1930 4404 5470 2800
5 2175 4532 5886 2801
5 4691 2184 9914 2802
5 7691 3202 7720 2803
5 2004 4912 7528 2804
5 4990 6632 7766 2805
5 1104 3870 7459 2806
5 2348 3796 8468 2807
5 2561 3999 7170 2808
5 4017 2642 5722 2809
5 3999 1628 7170 2810
5 834 835 4860 2811
5 2187 4359 5605 2812
5 4917 2300 5872 2813
5 1961 6736 10375 2814
5 4312 2652 7261 2815
5 4860 3264 5561 2816
5 4278 10583 10761 2817
5 4404 1124 5470 2818
5 4278 2247 11201 2819
5 9090 3587 10016 2820
5 8396 2974 9283 2821
5 10015 1604 10160 2822
5 1137 5505 7646 2823
5 5255 2398 7050 2824
5 2204 4476 4845 2825
5 5452 4862 9863 2826
5 3069 5581 7442 2827
5 4014 2336 8920 2828
5 3034 4321 10367 2829
5 4451 1305 10132 2830
5 1829 4321 7623 2831
5 1539 4396 6922 2832
5 4396 2682 6922 2833
5 3882 2726 9770 2834
5 3859 2626 6092 2835
5 2704 5315 5861 2836
5 4210 4795 8864 2837
5 5635 2029 8496 2838
5 4225 2165 6358 2839
5 5413 3277 6835 2840
5 1342 4317 5399 2841
5 4031 2103 8856 2842
5 5169 2516 7856 2843
5 3705 2453 9573 2844
5 2512 3866 7211 2845
5 1342 5399 5550 2846
5 2182 4860 5561 2847
5 3828 2597 6140 2848
5 3644 2244 9213 2849
5 87 4112 8761 2850
5 6257 4721 9004 2851
5 1743 4361 5161 2852
5 2726 3882 8556 2853
5 4707 6369 10555 2854
5 3933 8650 11253 2855
5 3971 2716 8045 2856
5 3892 5259 8140 2857
5 4200 1540 5712 2858
5 4192 2313 9744 2859
5 2322 4661 9869 2860
5 5438 3772 8885 2861
5 4038 99 8289 2862
5 4073 1484 11091 2863
5 5745 3672 8169 2864
5 4380 1379 6897 2865
5 3907 2598 7808 2866
5 2419 3885 7559 2867
5 3069 5650 6647 2868
5 1089 6741 7881 2869
5 2604 4914 7010 2870
5 1142 3980 8501 2871
5 344 343 4942 2872
5 1009 1010 5533 2873
5 4613 1393 5806 2874
5 2110 3873 7377 2875
5 4227 1965 8026 2876
5 5940 3339 6694 2877
5 4197 3165 5935 2878
5 4179 3206 9325 2879
5 5058 2622 5673 2880
5 1380 4438 5147 2881
5 2130 8233 9586 2882
5 2205 4464 6677 2883
5 4549 5676 8066 2884
5 5421 2686 7598 2885
5 6369 1776 10555 2886
5 2376 5940 6694 2887
5 625 626 7502 2888
5 4833 2156 6735 2889
5 291 290 5619 2890
5 2313 4206 9744 2891
5 4592 2422 6526 2892
5 3866 2512 7512 2893
5 623 624 6184 2894
5 4270 1541 6372 2895
5 4494 2109 5902 2896
5 2223 4033 5906 2897
5 4327 2165 11113 2898
5 4307 2501 10349 2899
5 1219 4114 5982 2900
5 1599 5889 8847 2901
5 4114 2307 5982 2902
5 2501 4309 10349 2903
5 3696 2333 6882 2904
5 3806 1250 8049 2905
5 1231 4179 9325 2906
5 5719 170 6681 2907
5 4326 1862 8533 2908
5 848 849 5061 2909
5 3865 5551 9121 2910
5 4543 1650 7673 2911
5 6738 3249 8377 2912
5 2948 4543 7673 2913
5 2382 3979 8641 2914
5 1828 5515 6761 2915
5 5114 2004 7528 2916
5 1358 4405 5301 2917
5 2554 3880 7434 2918
5 2639 3902 7786 2919
5 6645 2942 8391 2920
5 2465 3940 6864 2921
5 4166 3609 10917 2922
5 3896 1099 6356 2923
5 3956 1816 5987 2924
5 4491 2756 7030 2925
5 1743 3746 6414 2926
5 4551 1133 5591 2927
5 2371 4551 5591 2928
5 1847 4491 7030 2929
5 3908 1230 6326 2930
5 3727 2367 6734 2931
5 2307 4114 5991 2932
5 4315 2110 9947 2933
5 4828 1147 6382 2934
5 2500 3872 6631 2935
5 1521 4983 8669 2936
5 3955 2114 8290 2937
5 4289 1341 7219 2938
5 235 6276 6853 2939
5 5112 4248 8584 2940
5 2235 4582 8642 2941
5 4071 791 9020 2942
5 4932 1079 8490 2943
5 1042 3876 7702 2944
5 5720 3729 9309 2945
5 4872 1394 8874 2946
5 4103 1832 10216 2947
5 3787 2629 6911 2948
5 1265 5355 10908 2949
5 5881 3517 7668 2950
5 4800 3316 9386 2951
5 5642 3559 6761 2952
5 2411 3977 5585 2953
5 480 479 5087 2954
5 227 4441 10107 2955
5 1801 4065 8986 2956
5 4066 1801 8986 2957
5 1096 4186 5776 2958
5 2890 7102 8141 2959
5 17 18 5536 2960
5 3872 2500 7182 2961
5 1308 5248 8626 2962
5 6079 1547 6371 2963
5 1383 4403 5531 2964
5 3961 6617 9285 2965
5 2436 4265 10483 2966
5 7425 4111 10997 2967
5 3746 1743 6351 2968
5 3677 6379 9984 2969
5 2046 7469 8808 2970
5 1715 4774 10401 2971
5 2206 4626 10583 2972
5 1141 3792 10183 2973
5 2127 9264 10829 2974
5 3696 5369 9931 2975
5 4697 933 9094 2976
5 711 7087 8780 2977
5 4921 2212 10099 2978
5 1351 4516 5635 2979
5 1406 4379 6080 2980
5 4505 2867 6680 2981
5 6479 2845 6536 2982
5 4645 3415 8953 2983
5 6839 2014 7151 2984
5 1644 4645 8953 2985
5 5084 2296 5119 2986
5 4339 3891 10502 2987
5 6422 2090 8931 2988
5 4001 1134 7415 2989
5 4505 2158 6352 2990
5 2458 3903 6374 2991
5 3974 2349 6442 2992
5 3942 2591 7337 2993
5 4854 4082 11056 2994
5 5093 2083 7002 2995
5 5889 3791 8847 2996
5 4016 5305 8461 2997
5 3187 5638 5875 2998
5 2733 5454 6385 2999
5 949 950 5517 3000
5 1763 3605 7750 3001
5 3895 1731 6497 3002
5 2548 6332 7958 3003
5 7029 3273 9275 3004
5 4076 1880 5685 3005
5 5171 2129 5254 3006
5 4490 8227 8432 3007
5 3918 2609 7728 3008
5 2405 5074 5993 3009
5 3898 1771 7537 3010
5 2161 4883 4927 3011
5 1681 3373 6299 3012
5 102 4125 7392 3013
5 4079 1355 7978 3014
5 2493 6411 7678 3015
5 5681 4362 9643 3016
5 5339 3375 8378 3017
5 2240 5240 7267 3018
5 7214 3936 8486 3019
5 5679 1373 6518 3020
5 4811 1876 4812 3021
5 4282 2210 5446 3022
5 702 5256 6297 3023
5 2016 5098 8002 3024
5 4447 1973 4680 3025
5 2148 4644 10782 3026
5 4725 1706 6954 3027
5 4186 2287 5776 3028
5 4712 2653 4902 3029
5 2174 4565 6350 3030
5 3850 7506 8807 3031
5 4233 2816 8089 3032
5 2193 4694 5020 3033
5 2510 5749 7497 3034
5 3916 2472 7188 3035
5 5315 1166 5861 3036
5 3591 1296 6406 3037
5 1174 4063 8622 3038
5 1186 6024 6722 3039
5 3701 9352 10524 3040
5 5063 3764 10069 3041
5 5686 3309 9061 3042
5 6015 3056 7604 3043
5 5098 3825 9644 3044
5 4567 1445 5718 3045
5 4053 1890 7222 3046
5 3363 5758 6588 3047
5 2288 4545 7203 3048
5 4541 3300 7906 3049
5 4115 2117 9229 3050
5 3796 1954 5402 3051
5 2189 4908 7641 3052
5 6027 7961 10113 3053
5 3969 1891 5879 3054
5 4054 1533 9254 3055
5 4123 1895 10846 3056
5 3914 2302 7079 3057
5 5722 3739 9484 3058
5 2910 5274 8752 3059
5 4063 2823 8622 3060
5 3685 5713 9570 3061
5 4127 1844 9961 3062
5 5058 2468 5791 3063
5 3002 4168 5534 3064
5 1445 4567 5740 3065
5 1386 4503 5799 3066
5 2622 5058 5791 3067
5 8298 1251 9239 3068
5 3407 1968 4262 3069
5 3889 2671 6812 3070
5 5250 571 10558 3071
5 3755 4951 9023 3072
5 4244 1298 5521 3073
5 4008 1795 8109 3074
5 3888 1258 6979 3075
5 3901 169 8051 3076
5 3976 2411 6914 3077
5 3009 6223 6227 3078
5 4737 1094 5121 3079
5 2289 4737 5121 3080
5 3775 2738 11132 3081
5 7022 10383 10432 3082
5 2611 5977 6782 3083
5 7890 3780 8349 3084
5 4332 2305 4417 3085
5 1982 3888 7794 3086
5 3481 9166 10074 3087
5 2865 5909 6197 3088
5 4007 1353 8574 3089
5 2156 4833 5900 3090
5 4833 2558 5900 3091
5 4411 3003 10073 3092
5 6908 3857 9110 3093
5 2107 5051 9588 3094
5 4469 6056 9942 3095
5 5615 2839 7554 3096
5 1503 4266 6429 3097
5 9914 2184 10376 3098
5 1520 5702 6796 3099
5 1200 5204 9221 3100
5 1094 4737 7970 3101
5 4644 6028 10782 3102
5 3144 4128 9274 3103
5 4737 3130 7970 3104
5 3832 6437 9504 3105
5 647 648 10209 3106
5 5725 1074 10811 3107
5 4913 6115 8887 3108
5 5243 1426 5270 3109
5 2228 5321 8613 3110
5 1265 6290 10463 3111
5 3594 5129 9658 3112
5 710 711 8780 3113
5 1602 6736 7141 3114
5 3885 6655 10639 3115
5 3429 7040 10770 3116
5 2829 3847 7622 3117
5 6140 2153 8299 3118
5 3925 2897 7136 3119
5 4597 2878 5651 3120
5 3882 121 8556 3121
5 5003 3485 8590 3122
5 2106 5003 8590 3123
5 2395 5202 5682 3124
5 4127 3071 9008 3125
5 1844 4127 9008 3126
5 5360 902 9255 3127
5 1213 4022 8629 3128
5 3864 1337 11238 3129
5 2220 4465 5348 3130
5 3896 2167 6716 3131
5 3901 2431 6681 3132
5 1351 3918 7728 3133
5 5514 7108 9021 3134
5 2099 4796 5000 3135
5 4128 5621 9274 3136
5 1745 3808 8851 3137
5 1152 4006 5945 3138
5 5621 2148 9274 3139
5 1723 3990 6204 3140
5 6040 1947 8046 3141
5 3948 2917 8088 3142
5 1261 5155 7562 3143
5 3855 6040 8046 3144
5 4454 2703 5569 3145
5 3915 626 7123 3146
5 2601 3984 7463 3147
5 3984 1143 7463 3148
5 940 941 5547 3149
5 4180 2786 5637 3150
5 3902 1730 7013 3151
5 4932 8490 10208 3152
5 5072 8 6802 3153
5 5793 3182 7320 3154
5 1792 3947 8047 3155
5 3125 4116 8480 3156
5 2222 5094 7790 3157
5 164 4250 6957 3158
5 1731 3895 6949 3159
5 3962 2381 6121 3160
5 4823 2156 5900 3161
5 4654 1307 9745 3162
5 7315 3208 9633 3163
5 5114 6553 10116 3164
5 3896 1752 6891 3165
5 4319 3459 9470 3166
5 1752 3896 8366 3167
5 4209 5279 11113 3168
5 6922 2682 7021 3169
5 4700 2459 6321 3170
5 1255 4258 10236 3171
5 2401 1800 7695 3172
5 2137 2978 5687 3173
5 2057 4418 6493 3174
5 8015 1745 8101 3175
5 2116 4513 7706 3176
5 1467 5055 8723 3177
5 1225 9223 10322 3178
5 4342 2807 8314 3179
5 1810 7311 10223 3180
5 1158 3733 9000 3181
5 2121 4772 6041 3182
5 4023 828 6412 3183
5 2053 5936 11014 3184
5 105 104 4553 3185
5 6305 3100 7195 3186
5 4510 2079 5181 3187
5 5592 3097 9618 3188
5 5505 1137 10073 3189
5 4105 1465 5694 3190
5 3905 10278 10746 3191
5 4920 238 5714 3192
5 1626 7214 8486 3193
5 4600 2048 6359 3194
5 3979 2382 10638 3195
5 2320 5979 10505 3196
5 2609 4600 6359 3197
5 2431 3901 8070 3198
5 623 6184 9327 3199
5 2424 4738 5799 3200
5 4870 2206 10583 3201
5 7506 1759 8807 3202
5 4814 2153 5434 3203
5 3060 5243 5270 3204
5 1713 3648 8554 3205
5 2234 5564 8875 3206
5 1250 3806 6115 3207
5 5302 2494 6000 3208
5 687 688 4986 3209
5 1478 6695 6997 3210
5 3503 5611 8428 3211
5 1300 4225 6358 3212
5 4247 964 9248 3213
5 4487 2890 9491 3214
5 2329 1438 8245 3215
5 3915 2684 7502 3216
5 5901 2539 6560 3217
5 2427 4883 5458 3218
5 4883 1429 5458 3219
5 3206 4179 9440 3220
5 4266 2482 6429 3221
5 3021 5609 6637 3222
5 2095 4571 5298 3223
5 5422 2240 7267 3224
5 5098 1277 11247 3225
5 4273 1225 8254 3226
5 5856 1290 10446 3227
5 2926 4273 8254 3228
5 5399 2615 5550 3229
5 5055 3546 8723 3230
5 5755 1079 7405 3231
5 3500 5755 7405 3232
5 6411 3650 7678 3233
5 1890 4053 5767 3234
5 2254 4625 6078 3235
5 2415 4965 4996 3236
5 2172 4144 5653 3237
5 3367 6659 6992 3238
5 4872 8874 10805 3239
5 4093 2422 7887 3240
5 3978 2251 8410 3241
5 4033 1792 5906 3242
5 2219 4560 11168 3243
5 1235 5745 8169 3244
5 2410 3862 6520 3245
5 2153 4822 5434 3246
5 2198 4437 8279 3247
5 9506 3676 10625 3248
5 3952 2294 6263 3249
5 3923 2751 7594 3250
5 6002 1148 9275 3251
5 5419 44 5940 3252
5 4761 1111 5448 3253
5 3943 1344 8722 3254
5 3673 8459 8525 3255
5 1481 5818 9576 3256
5 1424 4694 6320 3257
5 4688 1943 5952 3258
5 3511 7725 8139 3259
5 2528 4688 5952 3260
5 7018 3277 9313 3261
5 1064 5056 5388 3262
5 4078 2020 4892 3263
5 2617 5642 6761 3264
5 4141 1797 7300 3265
5 8574 3777 8592 3266
5 8966 3275 9223 3267
5 8669 4983 9986 3268
5 5936 4296 11014 3269
5 1994 4947 8963 3270
5 2110 4464 9947 3271
5 4947 3560 8963 3272
5 7505 1538 8911 3273
5 4005 7993 10099 3274
5 3920 2389 6753 3275
5 915 916 5643 3276
5 1856 4054 8755 3277
5 4278 4870 10583 3278
5 2203 3399 8569 3279
5 2284 8249 8515 3280
5 8613 5321 10869 3281
5 3916 1756 7347 3282
5 4945 844 10125 3283
5 4858 1100 9537 3284
5 6873 636 8092 3285
5 2208 4621 5803 3286
5 4539 1376 5383 3287
5 6177 4098 7364 3288
5 3161 5692 6625 3289
5 5070 4041 10184 3290
5 1263 5070 10184 3291
5 1486 6627 8333 3292
5 4856 2698 5717 3293
5 7975 2092 11254 3294
5 2524 4324 10175 3295
5 1433 4173 5612 3296
5 239 238 4920 3297
5 4521 1358 5301 3298
5 2263 4145 8079 3299
5 2466 4395 6676 3300
5 5692 2530 6625 3301
5 1204 3364 6890 3302
5 3724 7479 7618 3303
5 5953 3647 9783 3304
5 1057 3909 7484 3305
5 5117 1914 8118 3306
5 5615 7554 9648 3307
5 2189 7641 9911 3308
5 4317 2195 5399 3309
5 5176 1261 7562 3310
5 5416 2438 5560 3311
5 4602 1852 10944 3312
5 2142 4332 9071 3313
5 1149 4066 6784 3314
5 4017 1765 8509 3315
5 3985 2516 7585 3316
5 884 885 5628 3317
5 6199 4094 8557 3318
5 4163 7427 11037 3319
5 4886 1723 8493 3320
5 3923 1292 7469 3321
5 2918 4286 8435 3322
5 5002 3781 7114 3323
5 5038 4534 7811 3324
5 1716 3913 6846 3325
5 2529 6642 8541 3326
5 3168 5999 8589 3327
5 2140 4398 5336 3328
5 3997 1825 11202 3329
5 4072 5811 11112 3330
5 1497 4024 6030 3331
5 2214 4129 7005 3332
5 1934 4055 7804 3333
5 2681 5081 8536 3334
5 6711 2718 7555 3335
5 1358 4752 7818 3336
5 6223 1337 6227 3337
5 4285 4845 11025 3338
5 1746 8690 9158 3339
5 5767 3603 6509 3340
5 15 4572 10245 3341
5 4211 2045 6243 3342
5 2472 3916 7347 3343
5 4024 2259 6030 3344
5 1983 4589 7558 3345
5 3400 4825 7587 3346
5 750 3914 10054 3347
5 4359 2187 8183 3348
5 1878 4954 9916 3349
5 4044 775 8581 3350
5 856 4730 6063 3351
5 3954 2535 7349 3352
5 5882 3503 8428 3353
5 6893 1392 7791 3354
5 3394 1050 7212 3355
5 1184 4061 10590 3356
5 5102 1915 6388 3357
5 4275 2916 8409 3358
5 6964 5773 8325 3359
5 4469 2081 6056 3360
5 3946 2083 6419 3361
5 5764 2464 5834 3362
5 2572 4595 6905 3363
5 16 17 5005 3364
5 2793 7106 10167 3365
5 1170 3510 5928 3366
5 697 4184 6557 3367
5 2793 4639 7106 3368
5 4639 3466 7106 3369
5 5453 1251 8298 3370
5 4488 3041 5800 3371
5 5050 3008 10348 3372
5 2335 6511 7683 3373
5 770 771 6935 3374
5 4033 2223 5988 3375
5 4742 1399 5224 3376
5 4198 2892 8513 3377
5 2199 4123 5759 3378
5 1642 7247 8207 3379
5 122 6862 7301 3380
5 2712 4180 5637 3381
5 4478 2690 5864 3382
5 1270 6420 8858 3383
5 3612 8421 8632 3384
5 3999 2986 9683 3385
5 2776 3992 8295 3386
5 1310 4083 8565 3387
5 2613 4189 7027 3388
5 4759 1424 6320 3389
5 1765 4636 8509 3390
5 1854 6047 7674 3391
5 2163 4016 8461 3392
5 4636 3215 8509 3393
5 4660 1443 5877 3394
5 2635 5913 6932 3395
5 2824 4660 5877 3396
5 807 4719 9300 3397
5 1311 5759 9474 3398
5 4818 1835 7801 3399
5 4999 847 9875 3400
5 1724 5322 7988 3401
5 3682 2794 5772 3402
5 5322 3448 7988 3403
5 7223 3819 8150 3404
5 545 544 5174 3405
5 1630 4868 11167 3406
5 4185 2577 7252 3407
5 2190 4180 9419 3408
5 2389 3920 7895 3409
5 2484 3944 10031 3410
5 2084 5426 8588 3411
5 1351 4479 11050 3412
5 2457 4047 6757 3413
5 5426 3708 8588 3414
5 129 128 7094 3415
5 4353 1158 6322 3416
5 3985 1791 6726 3417
5 4994 1994 9540 3418
5 317 316 4960 3419
5 4687 709 8780 3420
5 1313 4481 11005 3421
5 5309 1053 7615 3422
5 218 4132 8342 3423
5 5182 590 10474 3424
5 1344 3943 6444 3425
5 5539 3488 8504 3426
5 5345 2222 7790 3427
5 4037 1118 6013 3428
5 2535 3954 8429 3429
5 6056 2397 9942 3430
5 5508 1405 6370 3431
5 3924 1715 6879 3432
5 4620 10207 10258 3433
5 1746 5385 8690 3434
5 5703 3122 8865 3435
5 9229 2117 9805 3436
5 2633 4141 7300 3437
5 1909 3118 7701 3438
5 4357 1456 5671 3439
5 4209 2165 10388 3440
5 3879 6400 7663 3441
5 1596 1361 6172 3442
5 6047 3665 7674 3443
5 3008 8260 10348 3444
5 5759 4123 9474 3445
5 1237 4028 9765 3446
5 1888 4687 8087 3447
5 2460 5094 5096 3448
5 1699 4504 8111 3449
5 5094 2222 5096 3450
5 4504 3663 8111 3451
5 4289 7219 8678 3452
5 1215 3698 5683 3453
5 4620 1352 10207 3454
5 1480 3982 8145 3455
5 4414 2260 10974 3456
5 1787 4109 7664 3457
5 4777 1178 6656 3458
5 4727 3116 8671 3459
5 3155 3154 5556 3460
5 2742 4777 6656 3461
5 4022 1859 8855 3462
5 4409 2101 5439 3463
5 10278 3084 10746 3464
5 184 4000 6173 3465
5 2590 4890 5745 3466
5 1321 3998 7055 3467
5 4679 1316 6978 3468
5 4145 2263 5971 3469
5 3968 2812 10341 3470
5 2229 4470 10236 3471
5 2125 6962 10373 3472
5 4024 1497 6077 3473
5 1537 5698 7443 3474
5 585 5225 10840 3475
5 3447 5649 9481 3476
5 6529 4815 7749 3477
5 3784 6110 9739 3478
5 1452 4389 5378 3479
5 6617 2446 9285 3480
5 3024 4741 6959 3481
5 1874 5057 8516 3482
5 3003 4411 8236 3483
5 1101 4423 6355 3484
5 4251 7046 10554 3485
5 2645 5424 5532 3486
5 5424 2433 5532 3487
5 4125 102 7240 3488
5 1577 4455 8457 3489
5 4632 2157 5174 3490
5 3930 2505 8790 3491
5 1143 3984 8190 3492
5 3937 5555 7561 3493
5 2218 6012 7947 3494
5 1111 6102 9670 3495
5 6149 2934 6571 3496
5 2685 5674 7064 3497
5 1165 4194 7395 3498
5 4233 1285 9459 3499
5 4194 2659 7395 3500
5 4263 551 6068 3501
5 1881 3954 7349 3502
5 4965 2198 4996 3503
5 1302 5217 9371 3504
5 4415 1849 6087 3505
5 2250 8305 8612 3506
5 2430 4415 6087 3507
5 1385 4786 9711 3508
5 982 983 4060 3509
5 3439 4803 9523 3510
5 170 169 6681 3511
5 4295 3068 5634 3512
5 2567 1173 9968 3513
5 3327 4690 7986 3514
5 2171 5802 10819 3515
5 3975 1261 5159 3516
5 1266 3747 4329 3517
5 5705 2399 7298 3518
5 5611 1651 8428 3519
5 4208 2862 9995 3520
5 3951 1303 8099 3521
5 4627 3149 7498 3522
5 3959 2015 7844 3523
5 2827 3682 5775 3524
5 2666 3965 6439 3525
5 4860 2182 6447 3526
5 5888 1760 6131 3527
5 3035 5888 6131 3528
5 8968 5561 10298 3529
5 4273 2926 8148 3530
5 3890 7248 9702 3531
5 5568 3954 8264 3532
5 6332 3550 7958 3533
5 2093 5533 5765 3534
5 3935 2283 7135 3535
5 4783 2080 5081 3536
5 1159 7401 7730 3537
5 1142 6263 10000 3538
5 4090 2325 7090 3539
5 1546 3860 7726 3540
5 4189 2613 7393 3541
5 110 7051 7382 3542
5 5558 1093 10310 3543
5 3759 6063 9272 3544
5 4898 10177 10703 3545
5 3049 4350 7848 3546
5 5022 2227 9707 3547
5 5073 3387 9609 3548
5 4330 2616 6315 3549
5 787 788 5111 3550
5 4112 3037 8761 3551
5 4463 2189 6887 3552
5 5779 2722 7093 3553
5 110 109 7051 3554
5 3756 6572 7775 3555
5 4173 2262 9872 3556
5 3940 691 6864 3557
5 2624 6330 8670 3558
5 2203 4476 8437 3559
5 1227 4653 6415 3560
5 6945 4457 7167 3561
5 1166 4086 6876 3562
5 4394 2444 6160 3563
5 3617 2344 6194 3564
5 2986 3999 8218 3565
5 4496 2056 5287 3566
5 2156 5226 6735 3567
5 4000 7492 8765 3568
5 3062 5964 6097 3569
5 5575 3892 10015 3570
5 2716 3971 9759 3571
5 5964 1808 6097 3572
5 3272 4257 6634 3573
5 3940 2465 6961 3574
5 1479 4370 5431 3575
5 6935 771 10500 3576
5 3769 5686 9061 3577
5 2365 4027 10458 3578
5 3118 1910 7701 3579
5 2823 4063 6065 3580
5 5533 2412 5765 3581
5 2053 4525 5936 3582
5 3949 1335 6306 3583
5 4140 2460 5831 3584
5 4191 2132 6058 3585
5 1912 4299 7487 3586
5 4199 1547 5917 3587
5 1500 8060 11018 3588
5 4270 2307 6131 3589
5 4286 1614 8435 3590
5 2443 4394 6160 3591
5 2033 4604 5215 3592
5 2256 4038 6099 3593
5 9371 5217 10661 3594
5 2233 4179 8702 3595
5 4595 2066 5295 3596
5 5144 3356 8587 3597
5 1185 4275 8409 3598
5 4113 1871 5894 3599
5 4101 152 6340 3600
5 3507 5857 8606 3601
5 2826 5307 8699 3602
5 4465 1414 5348 3603
5 2521 6800 9126 3604
5 147 146 6856 3605
5 1506 4990 8369 3606
5 4145 684 8079 3607
5 5956 3205 6510 3608
5 1396 5956 6510 3609
5 1066 5602 6042 3610
5 1312 3991 8112 3611
5 5489 2426 5593 3612
5 2943 8193 8826 3613
5 2347 4263 6068 3614
5 5465 3006 7017 3615
5 2494 4055 6518 3616
5 6191 2849 9676 3617
5 4913 2358 6115 3618
5 2324 4318 6035 3619
5 1306 4696 4728 3620
5 4739 2195 7615 3621
5 2197 4454 8833 3622
5 4894 2776 7606 3623
5 3948 142 7237 3624
5 1628 3999 6323 3625
5 7411 5537 8669 3626
5 2924 7223 8150 3627
5 1544 5474 7838 3628
5 6750 4731 8910 3629
5 4275 6031 7334 3630
5 3947 1209 7266 3631
5 4007 2012 6292 3632
5 2569 4934 5923 3633
5 4934 1421 5923 3634
5 6557 4049 10509 3635
5 1355 4079 6018 3636
5 4410 1884 5416 3637
5 3132 4228 6727 3638
5 2591 3942 7069 3639
5 4194 1165 9402 3640
5 5111 788 8672 3641
5 5323 1086 7845 3642
5 5088 9541 9877 3643
5 2404 4136 6627 3644
5 426 425 5409 3645
5 6695 3603 6963 3646
5 4069 5266 7777 3647
5 6012 3600 7947 3648
5 527 526 5011 3649
5 4029 1241 7515 3650
5 1730 3943 6829 3651
5 1873 6104 10079 3652
5 1994 8345 9540 3653
5 3177 4197 9411 3654
5 4091 1756 10971 3655
5 2577 4598 8727 3656
5 1305 9844 10132 3657
5 2247 4799 11201 3658
5 1094 3956 8364 3659
5 4161 9547 10276 3660
5 111 110 7382 3661
5 8686 3496 10299 3662
5 3969 2017 8914 3663
5 1361 1596 10653 3664
5 4774 1715 10262 3665
5 4180 5604 7850 3666
5 2208 4263 9873 3667
5 8163 1711 11277 3668
5 1391 3976 6914 3669
5 3079 5357 7838 3670
5 3401 4548 4981 3671
5 645 646 5004 3672
5 4160 1697 10460 3673
5 1072 5957 8980 3674
5 1782 3951 7059 3675
5 2538 4615 5400 3676
5 4086 2278 8164 3677
5 4912 2386 5847 3678
5 4206 2313 6048 3679
5 1833 4206 6048 3680
5 1264 3986 6512 3681
5 7640 4682 8774 3682
5 1285 5339 8378 3683
5 4493 2625 5658 3684
5 6919 826 8703 3685
5 4195 2227 6562 3686
5 3771 4426 10668 3687
5 4838 2521 7013 3688
5 2102 3857 6908 3689
5 2761 7402 7708 3690
5 2039 4372 4983 3691
5 963 4247 7226 3692
5 2540 4671 6091 3693
5 4917 5872 9775 3694
5 3085 5006 8595 3695
5 4671 1524 6091 3696
5 2025 4142 6779 3697
5 3820 4634 8046 3698
5 4349 2324 6035 3699
5 78 6794 8420 3700
5 1741 5881 7668 3701
5 6197 1513 6823 3702
5 7860 2228 8986 3703
5 1725 3976 8052 3704
5 800 801 5042 3705
5 4306 2829 8714 3706
5 3560 4947 8322 3707
5 2010 5657 11313 3708
5 5111 2235 8642 3709
5 4010 2478 6328 3710
5 167 166 5439 3711
5 4809 1472 7102 3712
5 1569 3963 6733 3713
5 2863 4809 7102 3714
5 4061 2512 7011 3715
5 5802 4328 10819 3716
5 2529 5721 6642 3717
5 4470 1255 10236 3718
5 1816 3956 7362 3719
5 4246 1861 9490 3720
5 2226 6770 8729 3721
5 3698 1215 9043 3722
5 7443 5698 10034 3723
5 3081 4952 8340 3724
5 5721 3147 6642 3725
5 7682 1608 9369 3726
5 2104 5234 9496 3727
5 16 5005 7342 3728
5 6932 5913 8874 3729
5 3963 2446 6765 3730
5 4499 2359 6650 3731
5 7566 3515 10088 3732
5 1872 4287 9937 3733
5 3955 1923 7057 3734
5 4360 1944 6411 3735
5 2493 4360 6411 3736
5 4253 1 7508 3737
5 2464 5247 5834 3738
5 7184 2579 9412 3739
5 3639 5193 8869 3740
5 2560 6955 7278 3741
5 1277 4211 6243 3742
5 9497 4173 9872 3743
5 3971 35 9759 3744
5 1538 5127 8911 3745
5 3956 2515 7362 3746
5 3235 4246 9490 3747
5 5193 2452 8869 3748
5 5010 2612 7471 3749
5 3038 4817 7702 3750
5 2482 4002 6429 3751
5 182 181 5131 3752
5 734 735 5994 3753
5 4502 2603 5378 3754
5 5188 2508 5851 3755
5 2643 5188 5851 3756
5 5518 3466 9317 3757
5 3111 5337 7636 3758
5 2352 4542 6491 3759
5 1222 6138 6385 3760
5 4370 2565 10920 3761
5 4490 1226 8227 3762
5 4107 2306 8884 3763
5 3816 6118 8402 3764
5 2303 4016 8190 3765
5 4365 2497 6155 3766
5 1727 4196 7898 3767
5 8535 2176 9514 3768
5 687 4986 8222 3769
5 2866 6093 6475 3770
5 4619 1905 6972 3771
5 1126 4198 6463 3772
5 1340 5786 8787 3773
5 822 823 4848 3774
5 4594 2750 7982 3775
5 4575 1264 5273 3776
5 7479 2790 7618 3777
5 4999 3517 5881 3778
5 4910 2115 9757 3779
5 2744 3961 6920 3780
5 2139 8539 11029 3781
5 3695 6434 10931 3782
5 5472 1903 5890 3783
5 6633 3738 11053 3784
5 3493 7318 8035 3785
5 704 705 5194 3786
5 2497 4381 6155 3787
5 4309 2501 6551 3788
5 4452 2601 7463 3789
5 1388 4309 6551 3790
5 2332 4654 5582 3791
5 2681 4565 5974 3792
5 5034 1984 6207 3793
5 2944 5034 6207 3794
5 3961 2744 10377 3795
5 4511 2833 6688 3796
5 5004 2264 5543 3797
5 5407 2564 7384 3798
5 3755 1789 9130 3799
5 947 4536 6054 3800
5 6856 146 7583 3801
5 182 5131 7492 3802
5 831 832 4787 3803
5 1764 4293 9969 3804
5 778 4494 5902 3805
5 8696 4477 8992 3806
5 2265 4373 10365 3807
5 1348 3962 7009 3808
5 5994 735 8394 3809
5 7425 1776 10744 3810
5 4137 3013 8990 3811
5 3962 1751 7011 3812
5 4091 1368 6810 3813
5 5055 1467 6564 3814
5 5397 7193 10101 3815
5 4707 2559 6369 3816
5 1056 4447 6661 3817
5 2227 8758 9707 3818
5 3576 6023 11203 3819
5 5291 2398 8381 3820
5 7492 2848 8765 3821
5 4252 3322 6179 3822
5 35 3971 7174 3823
5 8346 2476 8959 3824
5 1183 4252 6179 3825
5 1155 7107 7227 3826
5 4979 1371 6721 3827
5 8195 3135 8855 3828
5 5629 1555 9542 3829
5 3335 4568 6292 3830
5 5651 1194 7356 3831
5 3369 5651 7356 3832
5 5508 6370 9381 3833
5 5977 3113 6782 3834
5 4184 2488 6557 3835
5 6538 3566 6794 3836
5 6054 3644 7938 3837
5 7434 3880 9820 3838
5 3757 5978 8928 3839
5 2472 4091 6810 3840
5 7979 3457 8167 3841
5 2542 4300 6260 3842
5 2325 4090 9980 3843
5 2384 5773 6964 3844
5 2771 6538 6794 3845
5 5152 1875 8792 3846
5 4783 1468 5855 3847
5 1525 5636 6410 3848
5 5636 3014 6410 3849
5 3427 1682 7006 3850
5 3825 5098 11247 3851
5 4216 13 10245 3852
5 954 7058 9682 3853
5 3864 6383 7312 3854
5 4009 2857 6395 3855
5 1843 4602 8950 3856
5 4350 2036 5724 3857
5 4083 2108 8644 3858
5 5089 2179 6156 3859
5 2921 4949 8352 3860
5 2892 4198 8732 3861
5 1303 3981 6770 3862
5 412 411 5948 3863
5 7963 4798 7982 3864
5 3102 4863 5106 3865
5 7248 3748 9702 3866
5 5961 2899 6441 3867
5 2379 6133 8232 3868
5 4954 2847 5414 3869
5 8281 3703 8975 3870
5 4999 2210 6433 3871
5 3980 1782 10651 3872
5 2336 4014 8313 3873
5 264 263 6670 3874
5 2592 4210 7150 3875
5 4760 2429 8255 3876
5 5036 1983 8016 3877
5 1282 4282 5446 3878
5 5415 4636 8401 3879
5 5088 2123 9541 3880
5 2314 3945 9711 3881
5 5701 1693 6124 3882
5 4459 2469 6440 3883
5 2926 5701 6124 3884
5 550 4116 6068 3885
5 2321 4291 9031 3886
5 4343 1829 7446 3887
5 3179 1911 3368 3888
5 4103 2563 7246 3889
5 6078 4625 11000 3890
5 1329 4284 5656 3891
5 6261 3135 8195 3892
5 5389 3757 8928 3893
5 4338 1 5980 3894
5 2335 4014 6511 3895
5 228 227 10107 3896
5 4192 1823 6095 3897
5 1974 4798 7963 3898
5 5982 3169 6455 3899
5 1219 5982 6455 3900
5 2313 4192 6095 3901
5 2802 5055 6564 3902
5 6400 3879 6937 3903
5 4162 5857 10276 3904
5 4292 1922 10833 3905
5 2761 5445 5653 3906
5 2084 8173 10820 3907
5 5445 2172 5653 3908
5 4881 6346 8063 3909
5 1019 4476 7709 3910
5 2516 3985 6997 3911
5 4027 2365 6404 3912
5 6000 2494 6518 3913
5 4255 2180 11251 3914
5 6703 3395 9636 3915
5 3157 6602 7987 3916
5 3331 5504 6866 3917
5 5504 1244 6866 3918
5 841 842 5262 3919
5 4414 2098 10664 3920
5 4147 5321 7860 3921
5 3599 4810 10742 3922
5 1846 4458 10728 3923
5 4423 1101 5488 3924
5 4014 2335 7447 3925
5 6770 3981 8729 3926
5 4409 6957 11114 3927
5 1002 4987 6082 3928
5 5613 1379 5624 3929
5 1880 3993 6729 3930
5 1269 5389 8928 3931
5 572 5340 10558 3932
5 4019 2755 7600 3933
5 4632 543 8331 3934
5 1416 4722 6161 3935
5 11 4004 7556 3936
5 4837 11191 11245 3937
5 4403 2698 5531 3938
5 1135 5157 7956 3939
5 4600 2609 9777 3940
5 4766 2741 6906 3941
5 1396 4781 6637 3942
5 3451 7712 8283 3943
5 4316 1842 9350 3944
5 3226 4316 9350 3945
5 905 906 4836 3946
5 7275 924 8001 3947
5 5288 3435 9913 3948
5 4065 1801 6257 3949
5 907 908 4835 3950
5 4602 1843 4733 3951
5 4065 7860 8986 3952
5 2261 4190 6036 3953
5 3999 2561 9743 3954
5 1618 3631 7156 3955
5 1155 4299 7107 3956
5 4116 2347 6068 3957
5 2723 5744 7089 3958
5 6787 4250 10731 3959
5 2211 4665 5960 3960
5 4257 3272 9669 3961
5 4085 6658 8310 3962
5 1546 5826 10999 3963
5 7343 4165 11076 3964
5 759 760 4972 3965
5 1611 6781 8332 3966
5 1108 5375 11147 3967
5 4321 6113 10367 3968
5 4252 2467 8915 3969
5 1919 4667 9999 3970
5 3903 6651 9232 3971
5 2685 7064 7671 3972
5 2926 8003 8148 3973
5 4191 2301 7932 3974
5 4552 1451 7164 3975
5 5063 1427 9788 3976
5 5786 1340 6603 3977
5 5786 3696 8787 3978
5 1982 4809 5401 3979
5 4582 2458 10041 3980
5 2933 1910 3937 3981
5 4589 1983 10283 3982
5 4957 2239 6475 3983
5 1208 7114 11047 3984
5 2971 8696 8992 3985
5 4231 1838 6700 3986
5 4164 274 5973 3987
5 1310 4988 6368 3988
5 2222 8213 8881 3989
5 4060 3811 10631 3990
5 4899 1383 5531 3991
5 804 805 7461 3992
5 3991 1792 9271 3993
5 1349 4271 9123 3994
5 5078 665 7244 3995
5 4768 5034 9104 3996
5 6139 1498 6153 3997
5 6879 3664 9832 3998
5 5749 3257 7497 3999
5 2626 5302 6000 4000
5 5603 3893 8618 4001
5 4109 2303 6180 4002
5 6719 2784 9928 4003
5 5743 3596 6773 4004
5 1808 4190 9169 4005
5 3987 2236 10862 4006
5 4190 3083 9169 4007
5 1431 6818 7620 4008
5 8208 4203 10847 4009
5 5918 1609 9955 4010
5 2057 4188 5918 4011
5 3071 4127 8841 4012
5 4525 2053 6741 4013
5 5135 2250 8612 4014
5 7461 805 9300 4015
5 4860 835 9305 4016
5 2136 4452 5493 4017
5 6118 2287 8402 4018
5 3984 5703 8865 4019
5 8213 4027 8881 4020
5 3996 6719 9928 4021
5 4894 7606 9428 4022
5 3874 1729 9152 4023
5 10714 4121 10723 4024
5 4010 5535 9018 4025
5 2393 4623 5817 4026
5 4235 8268 10847 4027
5 4285 2204 4845 4028
5 4002 2482 9493 4029
5 5850 4929 9460 4030
5 4623 1161 5817 4031
5 5369 1899 9931 4032
5 4282 1860 7797 4033
5 5026 2219 5167 4034
5 2307 5991 6131 4035
5 3508 6696 9565 4036
5 5991 3035 6131 4037
5 608 609 6545 4038
5 4004 11 9392 4039
5 2372 5120 5121 4040
5 5120 2289 5121 4041
5 5199 1358 7818 4042
5 5326 3202 7691 4043
5 4322 10070 11120 4044
5 4081 2277 6397 4045
5 1056 7304 8037 4046
5 2860 4773 6430 4047
5 3586 9090 10016 4048
5 14 15 10245 4049
5 4708 1060 7254 4050
5 1438 4444 7568 4051
5 1682 3427 6491 4052
5 3907 5320 10726 4053
5 4418 1554 6493 4054
5 4074 619 6304 4055
5 848 5061 9875 4056
5 4171 116 8108 4057
5 3112 7186 7189 4058
5 1664 8512 9889 4059
5 1279 4336 7619 4060
5 2470 4459 6440 4061
5 2210 4999 5881 4062
5 65 66 6288 4063
5 4413 268 7209 4064
5 221 220 4727 4065
5 2926 6124 8003 4066
5 4250 2596 6957 4067
5 5275 4910 9757 4068
5 1017 1018 4550 4069
5 4028 1237 6591 4070
5 1794 6069 10501 4071
5 2429 5907 8255 4072
5 2506 6876 8791 4073
5 6274 1722 8354 4074
5 5715 261 11115 4075
5 3983 2386 9454 4076
5 804 7461 10995 4077
5 4267 2280 9894 4078
5 4401 2441 8286 4079
5 4825 3083 7587 4080
5 5702 2953 6796 4081
5 4742 4414 10974 4082
5 1493 4234 5858 4083
5 3185 5036 8016 4084
5 1286 4174 5753 4085
5 5432 1187 8389 4086
5 3963 8367 9495 4087
5 1399 4742 10974 4088
5 6462 3840 8411 4089
5 4570 1922 7265 4090
5 1805 3281 4614 4091
5 4314 2738 8493 4092
5 2780 4570 7265 4093
5 4187 2445 5969 4094
5 4326 247 5739 4095
5 1937 4154 10600 4096
5 2814 7388 7400 4097
5 2477 4227 6052 4098
5 1260 4544 6122 4099
5 6347 3615 9952 4100
5 2896 4718 5892 4101
5 1397 4020 9641 4102
5 1229 4131 8713 4103
5 984 985 4319 4104
5 4383 1856 9188 4105
5 5737 2008 7165 4106
5 1904 4471 6472 4107
5 4751 1292 5253 4108
5 1700 4393 7834 4109
5 2284 4751 5253 4110
5 4373 2111 10365 4111
5 2602 6177 7364 4112
5 10070 1325 11120 4113
5 5051 2982 8734 4114
5 200 199 8121 4115
5 2121 4493 5658 4116
5 5857 2000 10276 4117
5 2707 5739 6593 4118
5 4457 1717 9365 4119
5 4747 2541 9923 4120
5 4249 1318 10138 4121
5 4517 1247 9994 4122
5 3530 4517 9994 4123
5 4095 2507 10254 4124
5 6010 3544 8639 4125
5 1213 6958 7636 4126
5 3093 5067 7208 4127
5 4241 635 6873 4128
5 4987 1182 9867 4129
5 2462 4189 6846 4130
5 3379 4226 10195 4131
5 6876 4086 8791 4132
5 4492 2426 5489 4133
5 6434 3695 9830 4134
5 5172 7675 10309 4135
5 1007 2898 7928 4136
5 1298 4244 10329 4137
5 4447 2490 6661 4138
5 4158 2095 11280 4139
5 2266 4427 6272 4140
5 2505 4003 7245 4141
5 1885 5237 9783 4142
5 2794 4956 11095 4143
5 7807 3224 10224 4144
5 2853 4494 8062 4145
5 3284 5495 7708 4146
5 605 4493 10085 4147
5 2133 4042 6619 4148
5 1610 4919 6312 4149
5 2138 3900 5583 4150
5 4874 3648 6215 4151
5 3900 2138 9653 4152
5 5013 1471 6499 4153
5 889 890 7238 4154
5 3019 5013 6499 4155
5 7046 1601 10554 4156
5 1857 4264 5882 4157
5 5985 2349 9559 4158
5 4389 1452 9151 4159
5 2607 4242 7350 4160
5 4167 1775 8119 4161
5 5811 4072 7171 4162
5 3765 5603 8328 4163
5 4811 1877 7713 4164
5 2330 4338 5980 4165
5 7259 945 7938 4166
5 6769 5553 10732 4167
5 2377 5525 6206 4168
5 4954 1878 8432 4169
5 5725 1925 9403 4170
5 1800 2401 4776 4171
5 2305 4323 5616 4172
5 4053 1254 5767 4173
5 281 4118 8561 4174
5 4815 2082 6142 4175
5 2039 4306 8714 4176
5 2281 4406 10794 4177
5 1170 5928 9207 4178
5 1468 4146 6148 4179
5 9372 3355 9423 4180
5 4834 1340 5381 4181
5 7083 2025 9815 4182
5 4863 2036 5106 4183
5 5472 5890 7972 4184
5 4599 1556 7129 4185
5 1792 4033 6688 4186
5 1280 3036 6739 4187
5 6330 3613 8670 4188
5 4294 1098 5770 4189
5 5697 1931 10339 4190
5 5448 7039 10384 4191
5 4501 2764 9912 4192
5 5051 1284 9921 4193
5 6700 1838 9440 4194
5 3717 6191 9676 4195
5 6226 2404 6687 4196
5 5450 2498 5830 4197
5 2066 4155 6105 4198
5 7897 2594 10062 4199
5 10383 3467 10432 4200
5 4766 1779 9536 4201
5 2022 4093 7887 4202
5 4729 3572 9666 4203
5 1095 4729 9666 4204
5 2252 4516 5822 4205
5 10583 1062 10761 4206
5 3356 4400 8263 4207
5 685 686 5220 4208
5 4168 3002 8996 4209
5 3648 4874 10237 4210
5 2794 1948 4956 4211
5 3170 5193 8253 4212
5 3676 5393 10625 4213
5 1837 7434 9820 4214
5 4956 1948 5444 4215
5 5675 3965 9473 4216
5 1393 5016 7894 4217
5 1114 4152 6513 4218
5 3326 10434 10436 4219
5 10434 3110 10436 4220
5 3722 1159 7730 4221
5 2293 4134 6489 4222
5 806 807 9300 4223
5 4190 1808 6036 4224
5 4250 163 5995 4225
5 1209 5316 7266 4226
5 1194 5651 6116 4227
5 5651 2878 6116 4228
5 5175 5319 9063 4229
5 4370 1479 10182 4230
5 7872 3932 8827 4231
5 1923 8290 10052 4232
5 3190 6089 8262 4233
5 759 4972 5804 4234
5 4510 1469 5513 4235
5 2062 5755 8583 4236
5 1899 5369 8296 4237
5 4658 2639 5783 4238
5 4416 2499 6486 4239
5 1146 4416 6486 4240
5 4367 3234 7163 4241
5 1256 4215 9281 4242
5 4190 2261 7416 4243
5 1624 8031 9640 4244
5 1139 4362 5681 4245
5 6914 3795 10197 4246
5 2260 4414 5730 4247
5 4213 2312 10178 4248
5 3419 4618 8297 4249
5 2062 4801 5755 4250
5 1639 5454 5915 4251
5 5454 2733 5915 4252
5 4491 1847 7596 4253
5 4196 1727 6141 4254
5 1724 8993 10092 4255
5 2374 4001 7415 4256
5 3686 5049 7722 4257
5 4695 67 9445 4258
5 5446 2210 5881 4259
5 3584 5432 8389 4260
5 2259 5005 5536 4261
5 4030 2871 7956 4262
5 1304 4535 5169 4263
5 2301 6786 6832 4264
5 2345 4356 10574 4265
5 1540 4200 6007 4266
5 1584 5342 5667 4267
5 5342 2624 5667 4268
5 6136 8242 9598 4269
5 4262 6052 8544 4270
5 4299 2495 7107 4271
5 6102 3990 9670 4272
5 4861 2528 9480 4273
5 4735 2913 8078 4274
5 684 4145 7776 4275
5 3976 1391 9010 4276
5 3782 7721 9147 4277
5 3281 1805 8048 4278
5 2111 4425 10365 4279
5 1889 6094 8338 4280
5 1936 4658 5783 4281
5 3094 6535 7178 4282
5 2803 4898 7959 4283
5 2021 4587 5590 4284
5 5379 2763 5735 4285
5 1781 4068 7905 4286
5 780 4644 8062 4287
5 2159 5178 6283 4288
5 3813 6305 7195 4289
5 5178 2746 6283 4290
5 1103 4157 8995 4291
5 5069 2208 5803 4292
5 816 4570 8029 4293
5 3916 5451 8293 4294
5 1630 4202 6918 4295
5 1233 6082 9867 4296
5 2255 4659 5447 4297
5 2902 4445 7385 4298
5 2347 4116 6296 4299
5 7491 4286 9211 4300
5 4716 2258 5511 4301
5 5807 9084 9674 4302
5 5470 2914 7035 4303
5 5104 1449 5996 4304
5 5398 2717 5932 4305
5 4962 10740 10874 4306
5 5026 1035 5075 4307
5 4047 651 7649 4308
5 4667 1126 7345 4309
5 2857 4009 11182 4310
5 4791 2391 5155 4311
5 1671 4117 8539 4312
5 2619 4217 6010 4313
5 3930 5392 6590 4314
5 128 127 6438 4315
5 3327 4830 5966 4316
5 4041 5070 7687 4317
5 1801 4085 8310 4318
5 8406 5903 8417 4319
5 8937 3803 9538 4320
5 3045 6269 8880 4321
5 8 9 6802 4322
5 4202 2518 6918 4323
5 4558 4022 7400 4324
5 5528 2810 6437 4325
5 6629 2687 7221 4326
5 3496 7041 10299 4327
5 6308 3748 9244 4328
5 2512 4061 7512 4329
5 54 4232 7672 4330
5 4220 921 5992 4331
5 1241 4029 5271 4332
5 4179 6700 9440 4333
5 2263 4335 5971 4334
5 1790 7543 8984 4335
5 2583 4167 10987 4336
5 13 4216 6364 4337
5 7525 2182 8968 4338
5 2804 5053 5284 4339
5 935 7435 9094 4340
5 1223 4462 5699 4341
5 4388 2237 8510 4342
5 5193 3170 8224 4343
5 317 4960 10328 4344
5 4054 2133 6752 4345
5 1394 4039 6932 4346
5 5004 646 7419 4347
5 4044 2583 6858 4348
5 4418 2229 7449 4349
5 4218 1436 6023 4350
5 6587 1107 8889 4351
5 4240 1320 6566 4352
5 5807 2268 9084 4353
5 6335 2436 10483 4354
5 2616 5197 5818 4355
5 2281 4607 5440 4356
5 4607 1345 5440 4357
5 2192 4026 10687 4358
5 5898 4195 7242 4359
5 2881 5104 5996 4360
5 6736 3298 7141 4361
5 4545 1667 7203 4362
5 4715 1447 8691 4363
5 1479 5431 8043 4364
5 3233 7331 7476 4365
5 5944 2068 8163 4366
5 7679 4035 10894 4367
5 3726 5944 8163 4368
5 748 4569 7866 4369
5 1919 4256 6577 4370
5 5586 2279 9155 4371
5 2239 5127 6475 4372
5 4678 2500 9252 4373
5 1336 6462 8411 4374
5 1226 4490 6166 4375
5 4490 2433 6166 4376
5 2202 4899 5531 4377
5 1476 5398 5932 4378
5 2182 5561 8968 4379
5 2814 5915 7388 4380
5 222 6742 7404 4381
5 2530 4754 8541 4382
5 6682 4487 9491 4383
5 5262 842 7642 4384
5 2280 4353 9894 4385
5 7181 1067 7654 4386
5 2880 4586 8475 4387
5 99 4038 7049 4388
5 1790 4266 8025 4389
5 4962 2126 10740 4390
5 4201 1848 6112 4391
5 7089 2672 8906 4392
5 2457 6482 9458 4393
5 1340 4834 6603 4394
5 4363 6324 9298 4395
5 4466 557 7816 4396
5 264 6670 10215 4397
5 3048 4640 5418 4398
5 416 415 5555 4399
5 1296 4390 6406 4400
5 43 5419 7760 4401
5 4799 2247 5363 4402
5 6364 2440 9392 4403
5 2723 7089 7506 4404
5 1494 4328 5802 4405
5 4129 2214 8247 4406
5 5035 1399 10974 4407
5 7198 1919 9999 4408
5 2517 7320 8923 4409
5 1454 4144 8680 4410
5 2583 4044 7616 4411
5 4687 2951 8087 4412
5 1595 1295 7914 4413
5 4266 2808 8025 4414
5 4039 1394 8276 4415
5 4041 2495 8042 4416
5 3783 5780 9958 4417
5 8557 4094 9348 4418
5 4546 4006 11054 4419
5 1202 4042 10426 4420
5 8239 1315 9554 4421
5 9253 4905 9915 4422
5 649 4261 10209 4423
5 4154 2130 10600 4424
5 2923 4508 8687 4425
5 6106 1949 9726 4426
5 3368 5948 7576 4427
5 4358 2664 5879 4428
5 3186 6136 9598 4429
5 1000 4876 7645 4430
5 4921 3156 7858 4431
5 1275 4279 9580 4432
5 3176 4208 9717 4433
5 6865 3754 7967 4434
5 4756 1338 10157 4435
5 4100 134 6686 4436
5 9076 2478 10283 4437
5 8860 5586 9155 4438
5 4874 2196 9316 4439
5 5675 1944 9180 4440
5 3965 5675 9180 4441
5 1451 4552 7229 4442
5 4093 2022 5986 4443
5 5290 2459 5741 4444
5 2611 5771 5977 4445
5 1823 4192 7924 4446
5 8367 3180 9495 4447
5 1737 4483 6714 4448
5 5957 3551 8980 4449
5 6739 3420 8168 4450
5 3346 4738 7515 4451
5 2239 4747 5880 4452
5 800 5042 8634 4453
5 651 4047 9458 4454
5 4692 2312 9290 4455
5 1610 6312 8365 4456
5 4705 2248 6371 4457
5 6781 3699 8332 4458
5 4647 2171 7732 4459
5 4482 1370 6367 4460
5 6204 2154 7604 4461
5 2486 4482 6367 4462
5 2557 6624 7224 4463
5 4552 2741 7229 4464
5 1846 5221 7840 4465
5 4564 3114 9293 4466
5 6269 8503 8880 4467
5 5221 3231 7840 4468
5 5649 3447 7893 4469
5 3132 6727 7026 4470
5 6508 1162 10088 4471
5 2865 5417 5909 4472
5 7072 1278 7612 4473
5 1970 6448 8668 4474
5 3452 4858 9537 4475
5 4004 6660 9240 4476
5 4298 1077 6268 4477
5 4918 2925 7990 4478
5 2154 4668 6291 4479
5 3498 3497 5778 4480
5 970 971 4760 4481
5 3055 4096 10552 4482
5 4055 1392 5836 4483
5 2672 6278 8906 4484
5 2845 4376 8003 4485
5 4376 1526 8003 4486
5 3061 4317 6038 4487
5 4290 7062 10229 4488
5 4805 5479 6549 4489
5 2065 5279 10312 4490
5 4254 2270 8309 4491
5 1577 8457 11131 4492
5 3714 3064 5810 4493
5 5517 950 10403 4494
5 2483 5252 5253 4495
5 1163 7662 8463 4496
5 5252 2284 5253 4497
5 5357 1544 7838 4498
5 2207 3595 9062 4499
5 5728 2322 9226 4500
5 5897 4121 10714 4501
5 4811 1271 6231 4502
5 1697 4160 8760 4503
5 4554 3322 9331 4504
5 1321 4306 5443 4505
5 1699 4554 9331 4506
5 5261 867 9116 4507
5 1350 4228 6183 4508
5 5157 1135 5766 4509
5 1679 1332 8598 4510
5 2445 5896 6485 4511
5 2039 4983 6713 4512
5 4050 1822 7437 4513
5 4803 1735 9523 4514
5 3167 5878 6588 4515
5 4157 1103 6542 4516
5 1763 4914 10462 4517
5 2369 4157 6542 4518
5 2649 4294 9668 4519
5 4502 2021 5590 4520
5 5159 3481 10074 4521
5 2481 7767 11003 4522
5 4336 1279 10958 4523
5 1873 4782 6104 4524
5 1967 4427 5966 4525
5 2262 4450 9872 4526
5 4228 1350 9206 4527
5 4400 2785 8263 4528
5 4414 1442 5730 4529
5 2124 4712 4902 4530
5 4502 1252 6806 4531
5 2603 4502 6806 4532
5 2044 8215 10562 4533
5 1151 6057 7777 4534
5 3792 1141 10528 4535
5 4738 1386 5799 4536
5 1942 4138 7534 4537
5 6437 1188 9504 4538
5 1367 4085 9291 4539
5 841 5262 5841 4540
5 1060 4958 7254 4541
5 6127 3398 6990 4542
5 8241 2856 10352 4543
5 3911 4804 5436 4544
5 4804 1057 5436 4545
5 1415 7786 8166 4546
5 4225 1300 10440 4547
5 2530 6127 6990 4548
5 1876 4811 7713 4549
5 5581 2162 7442 4550
5 5379 2142 9071 4551
5 6156 2179 10053 4552
5 1343 5007 5405 4553
5 5007 2377 5405 4554
5 7917 3915 8599 4555
5 7817 3296 8259 4556
5 1949 4507 9726 4557
5 4116 3125 8977 4558
5 2484 5743 6773 4559
5 1022 1023 6575 4560
5 4071 2549 7036 4561
5 4421 1761 10353 4562
5 1414 4716 5511 4563
5 5187 2519 6207 4564
5 6957 2596 11114 4565
5 5135 1412 5792 4566
5 4468 6075 11306 4567
5 3702 2225 6575 4568
5 5909 1513 6197 4569
5 1264 4575 9276 4570
5 2076 4991 5824 4571
5 2717 5157 5766 4572
5 6813 1091 9044 4573
5 2042 4834 5381 4574
5 2857 4910 5275 4575
5 4261 649 6482 4576
5 7319 4043 10566 4577
5 1099 6716 9407 4578
5 2511 4757 8368 4579
5 4061 1184 7512 4580
5 4755 2689 7563 4581
5 3064 3714 7964 4582
5 4548 2984 9416 4583
5 3667 5694 7754 4584
5 5978 3237 8928 4585
5 8322 3051 8356 4586
5 4425 2265 10365 4587
5 6084 3409 7267 4588
5 1753 4244 5521 4589
5 709 710 8780 4590
5 2955 6255 7092 4591
5 5115 2198 8279 4592
5 2336 4148 6724 4593
5 4333 1524 10538 4594
5 475 474 5365 4595
5 11191 3473 11245 4596
5 7675 3066 10309 4597
5 5948 3937 7577 4598
5 4236 27 6435 4599
5 4375 2196 6215 4600
5 4154 1937 6248 4601
5 4308 1887 9677 4602
5 1379 5613 6897 4603
5 5324 3117 8985 4604
5 2219 5026 5075 4605
5 4148 2336 8313 4606
5 4352 2520 9974 4607
5 1031 1032 4724 4608
5 2064 4651 8852 4609
5 4062 2149 5712 4610
5 2310 5945 6096 4611
5 2520 4352 5855 4612
5 1045 7201 7414 4613
5 1073 5782 5961 4614
5 4419 2442 6347 4615
5 1341 8873 8884 4616
5 4462 2266 5699 4617
5 69 70 4021 4618
5 1596 3222 8138 4619
5 8539 2139 11195 4620
5 1234 4875 4876 4621
5 9514 5466 10432 4622
5 4066 1149 8901 4623
5 5648 2535 6132 4624
5 5059 592 6397 4625
5 2060 4885 5666 4626
5 2076 4905 5288 4627
5 5326 7691 9881 4628
5 2982 7544 8734 4629
5 1301 6928 10502 4630
5 1442 7319 10566 4631
5 3944 6773 9150 4632
5 4429 1695 8458 4633
5 1442 4414 5789 4634
5 1769 6825 8687 4635
5 4228 3132 9155 4636
5 618 4074 6845 4637
5 1480 5343 10289 4638
5 1087 4892 9175 4639
5 4451 1795 5907 4640
5 6561 1043 8277 4641
5 4946 2202 5865 4642
5 2256 5080 7049 4643
5 1667 4545 8189 4644
5 4175 2436 6335 4645
5 1867 4106 5606 4646
5 969 4008 7729 4647
5 4585 3893 10978 4648
5 4665 2211 8406 4649
5 4805 1314 6917 4650
5 3758 4225 6245 4651
5 4234 2733 6138 4652
5 3215 5258 8509 4653
5 4511 1093 9032 4654
5 1666 6773 7686 4655
5 3189 4511 9032 4656
5 5286 2402 5781 4657
5 2326 4311 7660 4658
5 6986 3854 10098 4659
5 3061 5309 7615 4660
5 4803 3439 9983 4661
5 2729 4380 6897 4662
5 4187 1224 6765 4663
5 2446 4187 6765 4664
5 2465 4185 6961 4665
5 116 4171 7843 4666
5 4769 9848 10035 4667
5 9014 5138 9047 4668
5 5506 2061 6643 4669
5 4215 2011 7135 4670
5 733 734 7599 4671
5 5237 1885 8546 4672
5 4182 2396 10479 4673
5 4297 2274 7029 4674
5 2331 8682 9552 4675
5 299 298 7264 4676
5 6451 1895 6614 4677
5 1797 4141 8547 4678
5 3358 6451 6614 4679
5 5109 1038 5672 4680
5 4419 6347 10348 4681
5 1770 4193 9185 4682
5 4254 1428 7318 4683
5 961 962 4980 4684
5 2610 4254 7318 4685
5 1948 2827 7228 4686
5 1933 4515 8198 4687
5 704 5194 7976 4688
5 4896 2817 7031 4689
5 4148 2426 8534 4690
5 580 5123 6489 4691
5 4435 190 8506 4692
5 1337 5538 11238 4693
5 6347 1377 10348 4694
5 4525 1089 10831 4695
5 40 4159 7370 4696
5 4077 2198 9109 4697
5 1134 4916 8433 4698
5 5689 1125 8633 4699
5 1964 9497 9872 4700
5 3774 7072 7612 4701
5 4060 1586 10115 4702
5 6195 2730 7643 4703
5 1091 6084 7267 4704
5 4443 1986 7600 4705
5 4132 2420 6803 4706
5 2420 4132 6606 4707
5 1808 5964 6036 4708
5 5964 2959 6036 4709
5 4291 2321 10417 4710
5 7282 2636 7398 4711
5 1632 4515 8971 4712
5 3514 6273 8512 4713
5 6428 3691 9838 4714
5 2114 5138 9014 4715
5 1484 6798 8177 4716
5 2628 4080 7599 4717
5 5266 4069 7757 4718
5 3123 4113 10550 4719
5 4193 1770 8242 4720
5 4607 2281 10794 4721
5 608 6545 10918 4722
5 4591 1073 6441 4723
5 5342 1584 5703 4724
5 2601 5342 5703 4725
5 4706 2650 6744 4726
5 1144 4706 6744 4727
5 6897 5613 9448 4728
5 312 311 6039 4729
5 6240 2529 7071 4730
5 2841 6015 7604 4731
5 661 662 7429 4732
5 5322 1724 10092 4733
5 8350 5236 8786 4734
5 2158 5316 6352 4735
5 2051 4679 8839 4736
5 1888 4149 6563 4737
5 4227 2477 10305 4738
5 3140 8557 9348 4739
5 4208 1755 8531 4740
5 3868 7132 7574 4741
5 2010 4727 8671 4742
5 3000 6395 7741 4743
5 4679 3223 8839 4744
5 2862 4208 8531 4745
5 1335 4143 6306 4746
5 2601 4452 6941 4747
5 4452 1494 6941 4748
5 2387 4178 10185 4749
5 4082 4854 10005 4750
5 4322 1938 7501 4751
5 2068 6633 11053 4752
5 2862 4622 9995 4753
5 8559 6033 9382 4754
5 3158 6972 7774 4755
5 3551 7989 8980 4756
5 4431 3152 5450 4757
5 3404 4096 7897 4758
5 2686 5179 8018 4759
5 5899 8621 9907 4760
5 5077 5801 10301 4761
5 8233 3481 9586 4762
5 5090 1416 6161 4763
5 2541 6852 9923 4764
5 2104 4685 5490 4765
5 5068 2057 6493 4766
5 2367 3727 6609 4767
5 4601 2787 7433 4768
5 4929 2600 7209 4769
5 1183 6179 6871 4770
5 8635 4175 11235 4771
5 1832 4103 10979 4772
5 4207 3275 8339 4773
5 6100 3255 9589 4774
5 4127 2825 8291 4775
5 1138 4658 5808 4776
5 3699 5860 8332 4777
5 5860 2513 8332 4778
5 3104 4711 8479 4779
5 5292 3526 10147 4780
5 4809 2863 5401 4781
5 2558 4366 5900 4782
5 4656 2167 7885 4783
5 3995 6839 7151 4784
5 4091 2472 7347 4785
5 4823 1131 6386 4786
5 2597 4823 6386 4787
5 5296 3324 8086 4788
5 1206 5296 8086 4789
5 4522 4067 9678 4790
5 2042 4131 8834 4791
5 4855 3338 8927 4792
5 1919 4855 8927 4793
5 4179 1231 8702 4794
5 2650 4706 5513 4795
5 1 4253 9086 4796
5 5585 3795 6914 4797
5 2675 7623 7822 4798
5 1453 3460 7276 4799
5 2029 4516 9081 4800
5 5307 1667 8189 4801
5 5753 2026 6930 4802
5 4911 3558 11022 4803
5 701 702 6297 4804
5 1977 4430 10297 4805
5 4117 2912 8265 4806
5 6191 4137 8990 4807
5 1066 6042 7374 4808
5 7831 25 8646 4809
5 3937 1910 5555 4810
5 4450 2262 6599 4811
5 9468 4142 10267 4812
5 2460 4140 9996 4813
5 1042 4912 5847 4814
5 1514 6191 8990 4815
5 5327 3025 6043 4816
5 1926 5327 6043 4817
5 4335 1495 5971 4818
5 3437 6240 7071 4819
5 7936 4255 11251 4820
5 1061 4600 5586 4821
5 3153 4930 7159 4822
5 3307 5037 6424 4823
5 4223 2901 9286 4824
5 3961 9285 9918 4825
5 161 160 6213 4826
5 720 4259 9292 4827
5 9690 1754 10368 4828
5 2054 4817 5474 4829
5 8705 6702 11302 4830
5 1888 4284 9450 4831
5 5435 1310 6368 4832
5 3555 9289 10879 4833
5 1795 4451 5690 4834
5 1829 4101 7446 4835
5 4803 2104 5490 4836
5 4471 1904 10503 4837
5 5218 3086 7445 4838
5 1507 5218 7445 4839
5 4596 6867 9510 4840
5 4752 3025 8120 4841
5 2186 4752 8120 4842
5 4183 2336 6724 4843
5 1756 4091 7347 4844
5 5015 1139 5681 4845
5 1648 5539 8504 4846
5 2815 6865 7967 4847
5 4840 2703 7302 4848
5 1440 6120 6402 4849
5 4600 1061 5597 4850
5 1412 5258 5792 4851
5 4112 88 6500 4852
5 2467 4504 8915 4853
5 2646 5521 6844 4854
5 1824 3978 8410 4855
5 3011 6233 9725 4856
5 4205 1316 7165 4857
5 6195 7643 8698 4858
5 8729 3981 10772 4859
5 2507 5109 5672 4860
5 1751 6121 9856 4861
5 1345 4607 11189 4862
5 2918 4556 5865 4863
5 1259 5852 7574 4864
5 4865 2197 5731 4865
5 2251 6306 8410 4866
5 7132 1259 7574 4867
5 4836 2267 7809 4868
5 6277 1502 7364 4869
5 4505 6680 9494 4870
5 2541 4118 6852 4871
5 2356 4920 5714 4872
5 520 519 5251 4873
5 805 806 9300 4874
5 7786 3902 8166 4875
5 4287 3348 8564 4876
5 4888 2922 6687 4877
5 1465 4105 8837 4878
5 8122 3489 8900 4879
5 2866 5738 6093 4880
5 5738 2381 6093 4881
5 2151 5144 8587 4882
5 4485 1689 8497 4883
5 4199 2046 8808 4884
5 2968 4893 8677 4885
5 2398 5291 7050 4886
5 6233 3714 9725 4887
5 4424 1199 6785 4888
5 4513 3324 11101 4889
5 4114 1219 8040 4890
5 1928 4097 10647 4891
5 4583 1839 10440 4892
5 4097 1928 7303 4893
5 1335 4334 8580 4894
5 43 44 5419 4895
5 10373 6937 10601 4896
5 3613 6330 8826 4897
5 2301 4191 6786 4898
5 3509 5071 9216 4899
5 7435 936 8022 4900
5 5324 8985 10340 4901
5 6825 3074 7131 4902
5 789 790 5999 4903
5 8125 3015 9351 4904
5 4334 1335 7932 4905
5 1917 4482 7589 4906
5 4889 3105 8635 4907
5 642 5721 6240 4908
5 4089 1527 9487 4909
5 2005 5522 11150 4910
5 7334 1598 7931 4911
5 5119 2296 8129 4912
5 4651 3394 8852 4913
5 1455 4974 6405 4914
5 1580 4148 8313 4915
5 1964 6787 10731 4916
5 123 122 7301 4917
5 6063 2217 9272 4918
5 9536 1779 10161 4919
5 4771 3104 8479 4920
5 6695 3792 6997 4921
5 2825 5154 9890 4922
5 3255 6100 10044 4923
5 2494 4214 7791 4924
5 4769 1432 9848 4925
5 4266 1790 6738 4926
5 3927 2792 6193 4927
5 2003 4710 7684 4928
5 3757 5389 9545 4929
5 4822 2397 5434 4930
5 8080 6022 10608 4931
5 5011 2318 6586 4932
5 2554 4135 10898 4933
5 2612 6850 7471 4934
5 2476 8346 10430 4935
5 9216 5071 11026 4936
5 2482 4266 6738 4937
5 4828 6382 9730 4938
5 7587 1075 9934 4939
5 1791 3824 6726 4940
5 5138 2114 6290 4941
5 4155 2066 8448 4942
5 1906 5238 7192 4943
5 4530 1253 5484 4944
5 4164 2883 8008 4945
5 1868 5617 9984 4946
5 1074 5725 7920 4947
5 2501 5800 6551 4948
5 4542 1682 6491 4949
5 5800 3041 6551 4950
5 4193 3070 9185 4951
5 3971 8045 8819 4952
5 1952 4391 7003 4953
5 4237 6170 9320 4954
5 5098 2016 9160 4955
5 2007 4956 6112 4956
5 2419 4133 10246 4957
5 2599 4664 6639 4958
5 5219 2291 6756 4959
5 4664 1413 6639 4960
5 4007 4784 8829 4961
5 2451 5285 5546 4962
5 3202 5632 7720 4963
5 1257 4982 7553 4964
5 2537 4129 6892 4965
5 4605 3563 6807 4966
5 5491 2205 6677 4967
5 4463 1310 8565 4968
5 4591 2345 10574 4969
5 4343 7446 8175 4970
5 5424 2645 9571 4971
5 5259 1188 8140 4972
5 1347 4133 7559 4973
5 3046 4497 5724 4974
5 5303 1473 9612 4975
5 1422 5410 7263 4976
5 5410 3117 7263 4977
5 5129 3594 6527 4978
5 8873 4107 8884 4979
5 4198 1126 8732 4980
5 6037 3871 8321 4981
5 5180 2609 9723 4982
5 2386 3983 7734 4983
5 2338 4678 9917 4984
5 3867 7586 8231 4985
5 4336 2531 7619 4986
5 4298 2439 6626 4987
5 3223 6978 9462 4988
5 1838 4298 6626 4989
5 4185 2465 10518 4990
5 4333 6097 9169 4991
5 1782 4107 7659 4992
5 1440 4714 6120 4993
5 5080 2725 7240 4994
5 1042 7702 10080 4995
5 3094 4555 10939 4996
5 2436 4175 6615 4997
5 4437 1116 11152 4998
5 5335 1811 6488 4999
5 4714 2492 6120 5000
5 5993 5074 10078 5001
5 1491 5573 5764 5002
5 4136 2152 8333 5003
5 2544 5171 5254 5004
5 4856 7693 10165 5005
5 1887 4559 9903 5006
5 2344 7039 9670 5007
5 4428 2714 9154 5008
5 3327 7986 10342 5009
5 10654 4095 10948 5010
5 4467 2527 6967 5011
5 128 6438 7094 5012
5 3252 9253 9915 5013
5 2463 5015 5681 5014
5 5911 2937 7025 5015
5 3142 5102 6388 5016
5 5689 2677 6582 5017
5 7743 4522 9678 5018
5 204 4571 7184 5019
5 2459 4537 10800 5020
5 2128 4771 7279 5021
5 4960 2343 7686 5022
5 5333 3739 9579 5023
5 3824 1791 6849 5024
5 1457 4128 8018 5025
5 4733 1843 8091 5026
5 5474 3194 9055 5027
5 5482 1489 6580 5028
5 4362 1139 9959 5029
5 2069 5072 6802 5030
5 6290 3955 10463 5031
5 1789 3755 9023 5032
5 4898 1600 10177 5033
5 1038 5660 5672 5034
5 4515 1632 5752 5035
5 4129 1557 7005 5036
5 4158 2579 8383 5037
5 1802 7560 9240 5038
5 143 142 8088 5039
5 7695 993 7759 5040
5 4475 3442 6888 5041
5 4189 2462 10540 5042
5 4921 7858 10628 5043
5 2759 5233 7386 5044
5 4488 5800 10991 5045
5 2316 6037 8321 5046
5 633 4788 10875 5047
5 5972 2060 7305 5048
5 5053 1070 5284 5049
5 6660 1802 9240 5050
5 4115 1100 7476 5051
5 65 6288 10606 5052
5 1523 5620 7748 5053
5 5811 2206 11112 5054
5 3067 6290 7343 5055
5 4321 1829 6113 5056
5 2196 5544 9316 5057
5 160 159 7341 5058
5 6661 5849 9720 5059
5 5015 2320 5648 5060
5 4144 2172 8626 5061
5 1461 4963 5845 5062
5 24 25 7831 5063
5 4963 2483 5845 5064
5 4181 6053 9627 5065
5 5586 4600 9777 5066
5 5464 2708 6148 5067
5 1995 4548 9416 5068
5 2276 4835 7815 5069
5 5547 941 9789 5070
5 4118 2541 7290 5071
5 5343 7458 10289 5072
5 4156 211 8319 5073
5 3010 5291 7646 5074
5 2395 6480 7530 5075
5 1907 4486 6751 5076
5 44 45 5940 5077
5 5339 4233 8089 5078
5 5222 3555 10879 5079
5 6233 3011 7384 5080
5 6402 2831 9951 5081
5 2135 5040 5411 5082
5 4559 1353 10924 5083
5 5798 1043 7864 5084
5 4529 2416 6201 5085
5 4686 3314 9710 5086
5 1462 4529 6201 5087
5 1580 4661 5593 5088
5 3063 4862 5452 5089
5 3236 5701 8254 5090
5 5705 3529 6945 5091
5 2284 5252 8249 5092
5 3293 5074 7043 5093
5 5084 1067 7181 5094
5 4763 2471 5353 5095
5 4177 5715 11115 5096
5 6264 7449 11185 5097
5 4146 1468 6952 5098
5 5323 9489 10311 5099
5 542 541 4949 5100
5 4187 2446 6617 5101
5 4596 2950 9099 5102
5 2720 5069 5803 5103
5 934 935 9094 5104
5 6791 3300 8909 5105
5 4173 1433 6705 5106
5 2053 4953 6741 5107
5 5364 1951 7902 5108
5 1835 4164 7801 5109
5 2807 4342 8952 5110
5 2406 4686 6239 5111
5 5003 3820 10867 5112
5 2371 4335 6370 5113
5 1561 5300 9035 5114
5 4535 2323 6849 5115
5 4654 5708 9166 5116
5 4461 2086 10410 5117
5 1323 4411 7035 5118
5 275 4164 8008 5119
5 2992 5330 8381 5120
5 1225 4273 9223 5121
5 4429 2640 8661 5122
5 4755 1459 5955 5123
5 4522 1678 9531 5124
5 3083 4190 10851 5125
5 1670 7632 8297 5126
5 2291 5300 6756 5127
5 1082 4420 9551 5128
5 4420 3244 9551 5129
5 2689 4755 5955 5130
5 2784 4238 6407 5131
5 4497 5054 7851 5132
5 1892 4588 11024 5133
5 3018 7872 8827 5134
5 5193 3639 8253 5135
5 4149 1888 8087 5136
5 2195 4567 5718 5137
5 2476 5875 8959 5138
5 3460 6157 7940 5139
5 4388 1109 6293 5140
5 2725 4125 7240 5141
5 3523 6555 6959 5142
5 6555 1507 6959 5143
5 2176 8535 10007 5144
5 6715 7554 10931 5145
5 4516 1351 5822 5146
5 3494 5008 7788 5147
5 4342 1065 9391 5148
5 3563 4605 10258 5149
5 4465 2220 6006 5150
5 2101 4409 11114 5151
5 4605 2013 10258 5152
5 4130 2261 8797 5153
5 4256 1919 8927 5154
5 1234 4876 6081 5155
5 6624 3431 7224 5156
5 4179 2233 6700 5157
5 7349 2535 7581 5158
5 4263 2347 9873 5159
5 8621 1236 9907 5160
5 4068 1781 8766 5161
5 665 666 7244 5162
5 6264 1554 7449 5163
5 4886 2344 9670 5164
5 712 713 5731 5165
5 3372 7426 9035 5166
5 1869 4477 8696 5167
5 1361 1908 9430 5168
5 4851 4273 8148 5169
5 4125 2725 7608 5170
5 4302 1099 9407 5171
5 1316 4205 6584 5172
5 2563 6885 7246 5173
5 1389 4798 5726 5174
5 4298 7999 9821 5175
5 1379 4380 8408 5176
5 3237 5437 8928 5177
5 2027 4140 8397 5178
5 3526 7304 9048 5179
5 1417 4700 6321 5180
5 1903 5472 11156 5181
5 6097 1808 9169 5182
5 2020 4935 8773 5183
5 4147 1317 7074 5184
5 4370 2385 6062 5185
5 1266 4329 9644 5186
5 2738 4314 7204 5187
5 1107 4606 5688 5188
5 4512 2123 10592 5189
5 9733 2073 9735 5190
5 41 42 4973 5191
5 1071 6149 6571 5192
5 4203 1802 6660 5193
5 836 837 5134 5194
5 2509 6438 6947 5195
5 6773 3596 7686 5196
5 4761 2748 6102 5197
5 1276 3897 8368 5198
5 6886 4037 11121 5199
5 4174 1286 6398 5200
5 3492 5620 9003 5201
5 4161 1323 9547 5202
5 7569 5276 9067 5203
5 2893 6722 11127 5204
5 4567 2194 5740 5205
5 4831 2655 7121 5206
5 286 6049 6464 5207
5 1636 6022 8080 5208
5 4133 2419 7559 5209
5 5578 1395 5579 5210
5 2884 2828 5696 5211
5 3322 4252 9331 5212
5 2394 5130 6026 5213
5 1367 4954 5414 5214
5 4303 2373 10325 5215
5 6438 3463 6947 5216
5 226 225 5268 5217
5 4427 2266 5966 5218
5 1744 4585 10978 5219
5 2064 4212 4651 5220
5 2216 5031 10594 5221
5 2756 4491 10470 5222
5 6109 1289 7115 5223
5 1512 4789 8959 5224
5 5241 2980 5965 5225
5 3460 1447 6251 5226
5 2458 6374 10041 5227
5 3084 5022 8040 5228
5 2645 6966 9571 5229
5 5320 2098 10726 5230
5 1774 6003 10024 5231
5 2072 5067 8267 5232
5 5158 1956 6966 5233
5 1115 5450 5830 5234
5 2528 5952 9480 5235
5 4106 1867 7977 5236
5 1297 4200 10449 5237
5 5806 1393 7894 5238
5 7537 2284 8515 5239
5 5332 1977 6869 5240
5 3316 4800 9070 5241
5 4800 1268 9070 5242
5 2790 4558 7618 5243
5 3092 4750 5781 5244
5 2128 7279 10507 5245
5 5782 2869 5961 5246
5 4145 2989 7776 5247
5 4526 1907 6751 5248
5 4826 3239 5518 5249
5 2270 4254 10529 5250
5 4305 3124 9387 5251
5 5396 3426 10562 5252
5 4561 2606 6040 5253
5 5573 2704 5764 5254
5 4558 1493 7618 5255
5 6572 2750 7775 5256
5 4372 1102 8731 5257
5 3663 4504 10531 5258
5 4191 1490 6786 5259
5 2229 4588 8411 5260
5 2706 6179 8257 5261
5 1124 4404 7875 5262
5 4092 1286 11141 5263
5 5685 2488 6532 5264
5 1449 5241 5965 5265
5 1603 6428 9057 5266
5 1181 3722 7236 5267
5 3746 5059 6414 5268
5 4205 2008 7911 5269
5 2439 4298 6268 5270
5 1190 5193 8224 5271
5 4021 70 10855 5272
5 7150 4210 9964 5273
5 2364 4839 6043 5274
5 7317 4100 10421 5275
5 4455 1577 8784 5276
5 3032 4455 8784 5277
5 3510 5509 8823 5278
5 5902 2109 10947 5279
5 5818 4150 9576 5280
5 4634 3820 11199 5281
5 2106 4634 11199 5282
5 3836 1175 10415 5283
5 4764 2299 6487 5284
5 5755 3500 8583 5285
5 4820 2486 6069 5286
5 1794 4820 6069 5287
5 3565 6545 7133 5288
5 6545 2532 7133 5289
5 5063 4103 10216 5290
5 5461 3248 7714 5291
5 1564 5461 7714 5292
5 5369 1035 8744 5293
5 6715 1566 7554 5294
5 2538 5400 6730 5295
5 41 4973 7199 5296
5 5354 8498 8979 5297
5 4897 1682 8709 5298
5 4729 5425 9190 5299
5 5117 3574 10257 5300
5 3817 5426 7113 5301
5 2518 4202 9058 5302
5 1054 4831 7121 5303
5 2307 4270 6372 5304
5 2964 5206 6953 5305
5 5289 2194 9212 5306
5 5521 1298 6844 5307
5 3705 4244 7499 5308
5 4738 2424 6817 5309
5 4175 3105 8896 5310
5 1575 5047 7878 5311
5 5307 1572 8699 5312
5 4135 4603 11046 5313
5 4921 1712 8348 5314
5 3156 4921 8348 5315
5 5431 4370 10920 5316
5 1453 3637 6064 5317
5 4258 1255 9182 5318
5 2289 5120 10307 5319
5 5315 2704 5574 5320
5 2224 5101 11267 5321
5 6696 3912 9565 5322
5 2456 4272 6775 5323
5 3171 8414 10883 5324
5 4271 2249 9123 5325
5 4177 1834 8891 5326
5 4272 2006 6775 5327
5 1177 5333 9579 5328
5 5680 1198 7985 5329
5 2636 4753 10469 5330
5 4311 1228 6778 5331
5 2480 4311 6778 5332
5 7025 2937 9027 5333
5 2453 3705 7499 5334
5 1962 5257 6769 5335
5 4173 6705 8718 5336
5 2957 5166 6573 5337
5 3679 2245 7575 5338
5 4141 2633 7583 5339
5 1619 5103 6083 5340
5 3697 6902 11144 5341
5 5103 2593 6083 5342
5 7266 5316 8076 5343
5 2111 4373 9739 5344
5 6785 1199 6868 5345
5 1289 4158 7115 5346
5 3576 6785 6868 5347
5 2268 4275 9084 5348
5 7812 3150 10176 5349
5 2061 4224 6643 5350
5 5272 2448 5391 5351
5 2404 5272 5391 5352
5 4669 1085 6872 5353
5 4157 1785 7983 5354
5 3790 7820 11243 5355
5 3511 5717 8460 5356
5 1754 5276 10368 5357
5 1229 5198 8958 5358
5 6696 3508 11205 5359
5 1718 7917 8599 5360
5 7884 2034 9738 5361
5 7883 7884 9738 5362
5 4879 3532 8101 5363
5 6890 2481 8656 5364
5 2850 4496 8096 5365
5 3442 4475 10172 5366
5 4344 2417 6697 5367
5 4963 1461 5831 5368
5 2460 4963 5831 5369
5 2418 4612 6137 5370
5 4612 1062 6137 5371
5 1709 4805 5762 5372
5 4477 2467 6502 5373
5 4624 2553 6605 5374
5 1940 4624 6605 5375
5 1475 4477 6502 5376
5 1129 4532 6970 5377
5 1105 5033 9393 5378
5 2473 5398 5412 5379
5 3653 7365 8931 5380
5 4094 1604 10659 5381
5 6109 7115 10506 5382
5 8832 5471 10911 5383
5 2457 4261 6482 5384
5 5623 3363 8871 5385
5 3343 4480 9861 5386
5 4480 1902 9861 5387
5 1962 6769 10732 5388
5 1623 6986 10098 5389
5 4557 1550 8957 5390
5 8421 1171 8632 5391
5 1869 4320 8400 5392
5 5942 4239 8282 5393
5 2972 7739 8413 5394
5 1158 4353 6669 5395
5 1695 4429 5840 5396
5 4898 6638 7959 5397
5 1287 4155 7745 5398
5 6485 5896 8739 5399
5 2531 4336 9520 5400
5 2267 6153 7603 5401
5 0 7 10517 5402
5 2839 6547 7554 5403
5 4644 781 6028 5404
5 2011 4215 6707 5405
5 5291 1137 7646 5406
5 4791 2286 9954 5407
5 5741 2459 10800 5408
5 4589 6019 7558 5409
5 4873 2987 8660 5410
5 1007 1008 9282 5411
5 6547 3695 7554 5412
5 3412 9336 9502 5413
5 3844 5856 10446 5414
5 6176 3171 10883 5415
5 4640 1972 11111 5416
5 5784 8994 11296 5417
5 4823 5900 9895 5418
5 3068 4295 9235 5419
5 4156 2647 7327 5420
5 3780 7890 10092 5421
5 6888 1831 7525 5422
5 1191 4344 6530 5423
5 4822 1131 5843 5424
5 2397 4822 5843 5425
5 2805 4259 7627 5426
5 1608 5846 9369 5427
5 4515 7016 8971 5428
5 25 26 8646 5429
5 2249 4269 6463 5430
5 4259 721 7627 5431
5 2572 4155 8448 5432
5 5199 2233 9751 5433
5 5179 7001 8018 5434
5 4145 5971 8999 5435
5 5604 1458 7850 5436
5 248 4326 7399 5437
5 2101 4998 8199 5438
5 1860 4282 8608 5439
5 6319 1950 8535 5440
5 3960 6319 8535 5441
5 1750 6010 8639 5442
5 4440 1378 6535 5443
5 3483 1653 6646 5444
5 2450 4440 6535 5445
5 3410 8447 10533 5446
5 4532 1129 5886 5447
5 1036 5279 9749 5448
5 4360 6439 9180 5449
5 6147 4073 11091 5450
5 2026 4174 5810 5451
5 3236 7269 7473 5452
5 1011 3582 7841 5453
5 4626 2859 11072 5454
5 3994 8027 10991 5455
5 1010 1011 7841 5456
5 2921 4632 8331 5457
5 2095 4158 8383 5458
5 5789 4414 10664 5459
5 1891 4358 5879 5460
5 2781 4371 6232 5461
5 4158 1289 7637 5462
5 5574 1722 10512 5463
5 9185 4689 9257 5464
5 7586 2949 8231 5465
5 2141 4967 5471 5466
5 2912 5453 5807 5467
5 1775 4167 7616 5468
5 4167 2583 7616 5469
5 3387 5073 9243 5470
5 4914 1481 7010 5471
5 4143 1824 8410 5472
5 4659 2255 8277 5473
5 5954 1624 9640 5474
5 7233 2918 8707 5475
5 6276 2891 6853 5476
5 6757 4047 9279 5477
5 2215 5065 7680 5478
5 4170 1200 7043 5479
5 2970 4986 7667 5480
5 4986 2134 7667 5481
5 4090 10279 10961 5482
5 4338 2330 9572 5483
5 6232 4371 9688 5484
5 3799 7980 8746 5485
5 3453 6232 9688 5486
5 6093 1348 6475 5487
5 4355 662 9634 5488
5 812 813 5191 5489
5 1558 5571 7471 5490
5 1653 3483 6749 5491
5 1199 4424 6790 5492
5 105 4553 7549 5493
5 2336 4183 10445 5494
5 4152 2201 7024 5495
5 2488 4184 7684 5496
5 6959 4741 9414 5497
5 2287 4186 10164 5498
5 5848 3259 9735 5499
5 193 192 5884 5500
5 4109 6180 9157 5501
5 5655 3360 5903 5502
5 1505 4908 6504 5503
5 1407 4369 7183 5504
5 2331 4578 10591 5505
5 8129 2296 8557 5506
5 1331 4367 6331 5507
5 3852 6888 7525 5508
5 4390 1296 7565 5509
5 6437 2810 8140 5510
5 4753 1676 6548 5511
5 6786 3362 6832 5512
5 2571 4753 6548 5513
5 4604 1247 8900 5514
5 3137 4604 8900 5515
5 5571 3225 7471 5516
5 4180 2712 9419 5517
5 6420 1270 10954 5518
5 2683 4177 7880 5519
5 6114 2674 7403 5520
5 3817 9148 11146 5521
5 81 82 10921 5522
5 2437 4637 7951 5523
5 6180 1342 9157 5524
5 3463 6114 7403 5525
5 1252 4221 6806 5526
5 8459 3033 8525 5527
5 173 172 5535 5528
5 5398 1476 5412 5529
5 4621 1330 5803 5530
5 6816 4026 8123 5531
5 3222 1596 8172 5532
5 879 4384 6944 5533
5 7208 5067 9039 5534
5 1320 8228 9806 5535
5 9864 3922 10652 5536
5 1938 4322 6900 5537
5 4474 1045 7414 5538
5 85 4985 10855 5539
5 4322 2502 6900 5540
5 5050 4391 9218 5541
5 5039 4322 11120 5542
5 262 261 5715 5543
5 5110 2595 9224 5544
5 6273 2904 8512 5545
5 4594 7982 8908 5546
5 798 799 5977 5547
5 4635 2450 6229 5548
5 1845 4635 6229 5549
5 4420 1082 9966 5550
5 2556 6695 6963 5551
5 5092 2215 7680 5552
5 5109 2013 11085 5553
5 5660 2693 5672 5554
5 1126 6463 10218 5555
5 1660 3642 5946 5556
5 2097 7644 10602 5557
5 2622 4453 10771 5558
5 4025 6998 10515 5559
5 5417 2218 5909 5560
5 4241 2801 10047 5561
5 1748 4112 8905 5562
5 1076 6294 10419 5563
5 5895 2369 7899 5564
5 1861 6816 8123 5565
5 3779 5689 8633 5566
5 3015 6550 9351 5567
5 4825 3400 10355 5568
5 2786 4180 7850 5569
5 5230 1354 9310 5570
5 5574 10512 10860 5571
5 4578 2331 11237 5572
5 2266 4462 6165 5573
5 6065 2567 9968 5574
5 5769 2074 8442 5575
5 2330 4382 9572 5576
5 7098 4290 11288 5577
5 2248 5136 6371 5578
5 2090 3653 8931 5579
5 9844 4283 10132 5580
5 6794 3566 8420 5581
5 287 286 6464 5582
5 302 4991 8395 5583
5 1435 4546 7172 5584
5 2274 4297 9159 5585
5 6420 3538 8858 5586
5 946 947 6054 5587
5 5623 9749 11052 5588
5 2119 5551 6541 5589
5 3785 5522 9246 5590
5 5522 1326 9246 5591
5 5330 2992 9093 5592
5 4526 2586 6956 5593
5 5591 5081 8524 5594
5 5182 3746 6351 5595
5 1407 4526 6956 5596
5 2175 5886 7153 5597
5 5154 4127 9961 5598
5 1350 6183 7971 5599
5 1045 4474 10226 5600
5 4474 3428 10226 5601
5 5448 1111 7039 5602
5 8460 1798 8822 5603
5 2909 4248 9417 5604
5 5515 1483 6761 5605
5 2176 5466 9514 5606
5 6405 4974 10086 5607
5 5405 3641 9001 5608
5 1343 5405 9001 5609
5 4972 2380 5804 5610
5 5061 2428 7668 5611
5 2467 5997 6502 5612
5 5997 3055 6502 5613
5 4403 1383 6766 5614
5 2308 4762 5737 5615
5 4184 2003 7684 5616
5 4199 2699 8161 5617
5 1547 4199 8161 5618
5 4478 2252 10210 5619
5 4914 2604 10462 5620
5 6716 3934 9407 5621
5 4569 2824 7866 5622
5 794 5188 7793 5623
5 3960 8535 9514 5624
5 1743 5161 10344 5625
5 2577 4185 8186 5626
5 2668 4474 7414 5627
5 2664 4358 8014 5628
5 4294 1914 6507 5629
5 2760 5773 5958 5630
5 2836 4818 7801 5631
5 3557 5320 10131 5632
5 5294 2059 7110 5633
5 2448 7054 7630 5634
5 2954 5294 7110 5635
5 2368 4340 10033 5636
5 4359 1375 7298 5637
5 2036 4350 9211 5638
5 2674 6271 7676 5639
5 3535 5919 8182 5640
5 3739 5333 9352 5641
5 8656 2481 11003 5642
5 218 217 6606 5643
5 1806 4235 6757 5644
5 4292 2524 7063 5645
5 7615 2195 9230 5646
5 5665 1320 9806 5647
5 5101 10227 11267 5648
5 1421 4292 7063 5649
5 4813 2874 6101 5650
5 6271 3655 7676 5651
5 4335 2263 9381 5652
5 5086 4292 10833 5653
5 1952 4501 6026 5654
5 5136 2932 6371 5655
5 5240 3074 9044 5656
5 2161 4927 7141 5657
5 4230 1982 7794 5658
5 4854 1446 10667 5659
5 1676 6401 6548 5660
5 4195 2621 7242 5661
5 4782 3212 6104 5662
5 6401 3228 6548 5663
5 4625 252 11000 5664
5 2195 4317 9230 5665
5 4317 3061 9230 5666
5 923 924 7275 5667
5 5014 2972 6712 5668
5 3970 5494 7536 5669
5 5460 2175 5756 5670
5 2738 3775 8493 5671
5 1925 6363 9403 5672
5 3742 10401 10820 5673
5 4219 2270 9811 5674
5 1478 3985 10293 5675
5 8497 1689 10147 5676
5 2861 4188 7397 5677
5 2626 6000 6092 5678
5 7188 675 9478 5679
5 570 5250 6689 5680
5 3653 4277 7365 5681
5 6792 2620 9594 5682
5 1113 4856 10165 5683
5 2445 4187 9034 5684
5 8227 2847 8432 5685
5 4743 1884 7288 5686
5 2764 4743 7288 5687
5 4979 6721 7724 5688
5 6360 1169 10306 5689
5 2565 4370 9342 5690
5 3825 1266 9644 5691
5 3261 7609 7679 5692
5 2895 8041 9003 5693
5 4852 1174 8622 5694
5 5618 2047 7552 5695
5 3458 6919 8703 5696
5 2442 4297 9088 5697
5 4661 2322 5796 5698
5 2131 4661 5796 5699
5 6207 2519 7105 5700
5 746 747 5297 5701
5 5495 2262 8718 5702
5 6937 3879 10601 5703
5 3752 7329 10004 5704
5 338 337 5346 5705
5 2510 4693 5749 5706
5 4602 1217 5457 5707
5 3290 4247 9248 5708
5 2966 4251 6760 5709
5 6046 1784 8511 5710
5 3785 6046 8511 5711
5 2333 5075 6882 5712
5 4489 3040 6309 5713
5 1344 4382 8722 5714
5 4262 2477 6052 5715
5 4873 8660 9530 5716
5 1693 5760 6124 5717
5 5868 3296 7817 5718
5 5760 2845 6124 5719
5 1524 4671 10538 5720
5 4207 1873 8374 5721
5 4183 6724 9555 5722
5 6421 1171 7648 5723
5 2366 4223 11080 5724
5 2651 6394 7407 5725
5 1682 4542 8709 5726
5 6123 1923 9102 5727
5 2724 4274 6833 5728
5 4800 2515 7281 5729
5 4330 5763 9464 5730
5 5504 2002 10530 5731
5 4979 2939 8902 5732
5 1436 4218 10784 5733
5 2171 5558 5802 5734
5 5337 3111 7021 5735
5 4544 2168 6122 5736
5 3360 5947 10097 5737
5 2621 4195 8998 5738
5 3822 6451 10135 5739
5 2154 6102 9053 5740
5 98 2 6596 5741
5 1062 4612 10761 5742
5 840 841 5841 5743
5 4689 3181 9257 5744
5 5060 3899 6250 5745
5 4432 851 6253 5746
5 4622 1917 6059 5747
5 4618 2425 8297 5748
5 4644 2853 8062 5749
5 6307 3478 8159 5750
5 5654 2425 5976 5751
5 2740 5654 5976 5752
5 2210 4282 7797 5753
5 8841 6032 8964 5754
5 1402 4138 8144 5755
5 3924 6879 9832 5756
5 1876 3545 4702 5757
5 5520 2764 9620 5758
5 1468 4783 6952 5759
5 2629 3787 7743 5760
5 3542 6004 8652 5761
5 6623 3983 9454 5762
5 6227 2203 10994 5763
5 4783 2681 6952 5764
5 4944 3074 6825 5765
5 1930 4411 5330 5766
5 2277 4081 7194 5767
5 7219 5289 9212 5768
5 1524 4333 9322 5769
5 2807 5693 8314 5770
5 3711 5395 9303 5771
5 7052 1321 7055 5772
5 4548 1037 8103 5773
5 9527 2327 10069 5774
5 3200 4467 9930 5775
5 145 144 6281 5776
5 4767 2413 6646 5777
5 729 730 5062 5778
5 5007 2328 5525 5779
5 2283 6033 8559 5780
5 3168 5111 8672 5781
5 2734 5553 6769 5782
5 7663 1879 10872 5783
5 810 811 5223 5784
5 3608 4847 10443 5785
5 3176 7116 7521 5786
5 1492 4918 7990 5787
5 7027 4189 10540 5788
5 2813 4237 8485 5789
5 5031 5704 10594 5790
5 5395 2100 9303 5791
5 369 368 5601 5792
5 4261 2457 9582 5793
5 6724 1101 9555 5794
5 855 856 6063 5795
5 3570 4945 10125 5796
5 2811 6307 8159 5797
5 6138 3465 9695 5798
5 2310 6096 6097 5799
5 6096 3062 6097 5800
5 5469 3542 8652 5801
5 3913 8317 10754 5802
5 1047 5469 8652 5803
5 3224 6258 10224 5804
5 6183 3623 7971 5805
5 4458 1211 10027 5806
5 4408 3232 6699 5807
5 4040 2241 6592 5808
5 4232 54 8933 5809
5 4722 2637 11292 5810
5 226 5268 7344 5811
5 4206 1833 9329 5812
5 4669 3541 8185 5813
5 3116 4727 8776 5814
5 5369 3593 8296 5815
5 295 294 5244 5816
5 4321 3034 9194 5817
5 5238 3079 7192 5818
5 1685 6554 7950 5819
5 1252 4502 9701 5820
5 4610 2858 6046 5821
5 4566 2273 6164 5822
5 4715 1482 5509 5823
5 3086 6105 7803 5824
5 5066 2213 5706 5825
5 5128 2666 6439 5826
5 4753 2571 7406 5827
5 2 4466 6596 5828
5 1506 5128 6439 5829
5 5299 3925 7136 5830
5 67 68 9445 5831
5 4291 5009 9031 5832
5 2848 4841 5854 5833
5 5005 2782 7342 5834
5 7427 2783 11037 5835
5 2176 4925 7155 5836
5 5209 2199 8347 5837
5 790 791 7036 5838
5 1225 7381 8254 5839
5 6409 4183 9017 5840
5 1946 6409 9017 5841
5 5403 3136 8508 5842
5 4392 3077 9206 5843
5 5059 3746 10474 5844
5 6772 2476 10430 5845
5 4087 7531 7757 5846
5 5271 2314 7788 5847
5 292 4709 9033 5848
5 2738 6483 11132 5849
5 3470 4396 9594 5850
5 3847 2829 8220 5851
5 4986 2970 8222 5852
5 3852 7525 8968 5853
5 1697 4859 10460 5854
5 5725 3684 9138 5855
5 6665 1772 10624 5856
5 4358 1054 8014 5857
5 1500 5030 8060 5858
5 2845 5760 6536 5859
5 4234 6138 9695 5860
5 3634 1667 6408 5861
5 4013 8239 9554 5862
5 4887 3120 7054 5863
5 6690 1853 9859 5864
5 1486 4887 7054 5865
5 9148 4593 11146 5866
5 1041 6032 8841 5867
5 1058 5266 7757 5868
5 1861 4246 9234 5869
5 3050 5354 8979 5870
5 2126 4962 5567 5871
5 5379 5735 9810 5872
5 3152 4431 11074 5873
5 1526 4376 6389 5874
5 2385 4370 10182 5875
5 5949 1648 8504 5876
5 5800 1807 10991 5877
5 3196 4852 4853 5878
5 284 283 5073 5879
5 2869 5782 6860 5880
5 1523 7748 8899 5881
5 4251 2966 8772 5882
5 954 955 7058 5883
5 965 966 4866 5884
5 4848 2913 5727 5885
5 1119 5003 10867 5886
5 3814 5115 8279 5887
5 7885 2167 10573 5888
5 4798 2832 5726 5889
5 5595 1420 9764 5890
5 5276 3046 9067 5891
5 3520 1768 6854 5892
5 4830 1967 5966 5893
5 4224 1405 9704 5894
5 1768 3520 6855 5895
5 5717 1798 8460 5896
5 3593 5369 8744 5897
5 1628 4905 9253 5898
5 2334 4748 7527 5899
5 3603 6695 8344 5900
5 5289 2619 5740 5901
5 4955 1378 8147 5902
5 309 308 6631 5903
5 3063 4955 8147 5904
5 2194 5289 5740 5905
5 4051 2181 8135 5906
5 8682 3966 9552 5907
5 2147 4941 6534 5908
5 5030 3085 8060 5909
5 7609 1291 7679 5910
5 5485 3810 10028 5911
5 3582 1011 9525 5912
5 2141 5471 8832 5913
5 746 5297 6143 5914
5 1107 4616 6270 5915
5 4616 2430 6270 5916
5 5692 20 6127 5917
5 6121 3928 9856 5918
5 4765 1324 7689 5919
5 3070 4193 8974 5920
5 3956 5368 8706 5921
5 4214 6893 7791 5922
5 6463 4269 10218 5923
5 4427 1615 6272 5924
5 5526 4552 7580 5925
5 4186 2360 6623 5926
5 4786 2314 9711 5927
5 6080 3561 8883 5928
5 5988 1093 9742 5929
5 4221 1252 7423 5930
5 2152 5329 7202 5931
5 3983 6766 7734 5932
5 4750 1941 5781 5933
5 3673 5280 8459 5934
5 6073 3554 8130 5935
5 4201 1364 8146 5936
5 766 767 8284 5937
5 4217 2619 9709 5938
5 2593 4669 6872 5939
5 4001 2374 8664 5940
5 2985 4906 8813 5941
5 5006 1988 8595 5942
5 8244 3731 9007 5943
5 246 245 6593 5944
5 1341 4289 8873 5945
5 1069 4740 6501 5946
5 1280 6739 8168 5947
5 4103 7246 9422 5948
5 2878 4597 8143 5949
5 1418 7150 9964 5950
5 6163 5331 10286 5951
5 4597 1480 8143 5952
5 4960 3596 10328 5953
5 2360 5625 6505 5954
5 2905 4289 8861 5955
5 3744 7349 7581 5956
5 1806 6757 9279 5957
5 4887 1898 8864 5958
5 2013 5109 10174 5959
5 1333 5115 10251 5960
5 5115 3814 10251 5961
5 4484 1370 8272 5962
5 2862 4484 8272 5963
5 1355 4581 6019 5964
5 1136 4467 6967 5965
5 4131 5183 8834 5966
5 7329 3752 10233 5967
5 2656 7262 7595 5968
5 4446 755 6255 5969
5 8048 2358 9708 5970
5 4869 2887 5595 5971
5 1733 4674 7842 5972
5 234 4436 6276 5973
5 6755 656 8462 5974
5 4106 1124 7875 5975
5 212 211 7327 5976
5 4356 2345 8264 5977
5 2233 8702 9751 5978
5 33 4374 8288 5979
5 3776 8194 9421 5980
5 2903 4579 8301 5981
5 5522 2005 8715 5982
5 4472 2937 6432 5983
5 2086 4723 10410 5984
5 5267 2715 9341 5985
5 3898 7537 8515 5986
5 1569 6376 6672 5987
5 6376 3246 6672 5988
5 1269 5437 8738 5989
5 2786 5506 6643 5990
5 4265 2436 7782 5991
5 5570 4191 7932 5992
5 4299 1155 6725 5993
5 3649 8577 8586 5994
5 8768 3360 10097 5995
5 4967 2929 9898 5996
5 2889 9583 10110 5997
5 6372 1541 11151 5998
5 706 6050 9948 5999
5 2930 6367 6756 6000
5 4579 1464 8301 6001
5 2688 4485 8497 6002
5 3055 6061 6502 6003
5 4143 1335 8580 6004
5 6061 1475 6502 6005
5 6337 1175 7082 6006
5 8235 2996 8831 6007
5 4376 2845 6479 6008
5 2915 4240 8261 6009
5 3264 4860 9305 6010
5 1417 4778 6706 6011
5 5956 1396 6637 6012
5 2613 4465 7393 6013
5 4581 2393 6019 6014
5 2985 5950 6453 6015
5 5950 2647 6453 6016
5 1730 5341 8659 6017
5 4778 2606 6706 6018
5 5168 2370 6356 6019
5 1959 5231 9448 6020
5 6106 3170 8253 6021
5 5006 3085 9468 6022
5 5113 2231 5920 6023
5 4869 5595 9764 6024
5 7219 2977 8678 6025
5 4589 1355 6019 6026
5 5864 2690 6537 6027
5 3259 5848 7338 6028
5 2988 8053 8747 6029
5 4335 2371 7296 6030
5 5612 4173 9497 6031
5 1791 3985 7585 6032
5 4460 6360 10306 6033
5 6392 2489 7712 6034
5 2628 5994 6499 6035
5 5994 3019 6499 6036
5 4159 2341 7370 6037
5 5437 3539 8738 6038
5 5172 3633 7675 6039
5 4240 2158 8228 6040
5 4423 2188 6355 6041
5 2479 4848 5727 6042
5 5095 2589 6954 6043
5 4674 1297 10449 6044
5 1927 4474 7535 6045
5 4590 2275 7783 6046
5 4474 2668 7535 6047
5 4348 1773 8960 6048
5 2319 5279 5878 6049
5 8647 4304 9916 6050
5 4089 6326 9762 6051
5 6810 1368 8683 6052
5 3820 5003 11199 6053
5 5333 2122 9352 6054
5 1838 4231 7999 6055
5 3089 5033 7737 6056
5 3551 5588 7989 6057
5 4312 762 8982 6058
5 944 945 7259 6059
5 2612 5010 10537 6060
5 4464 2205 9947 6061
5 2819 5057 8266 6062
5 4246 6810 8683 6063
5 4650 1623 7389 6064
5 553 552 5139 6065
5 1400 4162 8126 6066
5 5131 2848 7492 6067
5 4524 3461 10369 6068
5 3447 4768 9104 6069
5 1232 4562 6357 6070
5 2653 7979 8167 6071
5 1965 4227 6064 6072
5 2075 5236 8350 6073
5 3998 2688 7055 6074
5 4562 2427 6357 6075
5 5067 3093 8267 6076
5 2312 4692 10178 6077
5 4101 6340 7446 6078
5 3805 7742 10649 6079
5 1502 6277 9748 6080
5 6669 2280 7375 6081
5 5559 1022 6575 6082
5 4124 9560 10394 6083
5 5414 2847 7283 6084
5 7107 3251 7227 6085
5 4238 2784 10063 6086
5 1326 4473 6892 6087
5 4473 2537 6892 6088
5 2077 5073 9609 6089
5 4242 2607 7341 6090
5 1339 4609 10812 6091
5 698 699 5403 6092
5 58 6192 6343 6093
5 2020 4078 8373 6094
5 4178 2387 8379 6095
5 6306 4143 8410 6096
5 7479 766 8284 6097
5 4398 2140 8956 6098
5 1925 5725 9138 6099
5 5750 3280 8382 6100
5 4404 1930 10087 6101
5 579 580 6489 6102
5 4081 1866 7194 6103
5 4627 7498 9457 6104
5 2420 4230 7794 6105
5 2764 7288 9620 6106
5 5202 2395 7530 6107
5 4271 1349 9480 6108
5 3510 1215 6241 6109
5 4242 159 8530 6110
5 4480 3343 10045 6111
5 6224 1921 10793 6112
5 4667 1919 6577 6113
5 1414 4465 9922 6114
5 5955 2407 6418 6115
5 2104 4803 9983 6116
5 5852 3172 7574 6117
5 4901 1937 10600 6118
5 692 693 5662 6119
5 7391 1400 8126 6120
5 6501 2791 10012 6121
5 1533 6752 10271 6122
5 4969 2293 6303 6123
5 2500 6631 9252 6124
5 4724 3581 11193 6125
5 4297 1148 9088 6126
5 4276 1849 6955 6127
5 2381 4421 6648 6128
5 3988 6574 11161 6129
5 5237 2820 5937 6130
5 1389 5726 9833 6131
5 2323 4341 6689 6132
5 635 4241 10047 6133
5 1441 5237 5937 6134
5 2145 5729 6668 6135
5 1626 4505 6352 6136
5 3339 6045 7340 6137
5 6009 3591 6406 6138
5 982 4060 8077 6139
5 2559 4249 7487 6140
5 7279 4422 10507 6141
5 632 633 10875 6142
5 5089 2482 8377 6143
5 1428 4254 8309 6144
5 2869 6860 7781 6145
5 4309 1388 6774 6146
5 6045 2713 7340 6147
5 2801 4241 10969 6148
5 4941 2366 11080 6149
5 1820 7208 7706 6150
5 7208 3989 7706 6151
5 5689 2017 9855 6152
5 4248 1900 8155 6153
5 3049 5095 6629 6154
5 5509 4997 8823 6155
5 4293 2990 8775 6156
5 2298 4813 9566 6157
5 3097 4383 9379 6158
5 4383 1078 9379 6159
5 8027 4488 10991 6160
5 1940 4759 10485 6161
5 2996 6190 8831 6162
5 4759 3629 10485 6163
5 2656 4251 7262 6164
5 4279 1905 6987 6165
5 5044 1267 11138 6166
5 4623 1955 6768 6167
5 1085 4669 10259 6168
5 4559 3306 9903 6169
5 6416 1207 9204 6170
5 1912 7033 8042 6171
5 3503 5143 5611 6172
5 2653 4712 7979 6173
5 7033 4041 8042 6174
5 2128 5582 9745 6175
5 2331 4808 11237 6176
5 1598 6108 7931 6177
5 2916 4275 7334 6178
5 4450 1401 8601 6179
5 6026 4501 9912 6180
5 4275 1185 9485 6181
5 3733 1158 6422 6182
5 3464 6344 8475 6183
5 2002 5504 8970 6184
5 4637 3506 7951 6185
5 4511 3189 10627 6186
5 4254 2610 7274 6187
5 5493 4452 7463 6188
5 7193 4387 10101 6189
5 4317 1342 8932 6190
5 3642 1660 6817 6191
5 1274 5226 11071 6192
5 2909 4462 8584 6193
5 4462 1223 8584 6194
5 4055 2494 7791 6195
5 6006 3972 8317 6196
5 1716 6006 8317 6197
5 4806 2179 6568 6198
5 4374 33 8316 6199
5 4259 2805 8343 6200
5 2297 4814 7263 6201
5 4667 7345 9999 6202
5 6080 4379 10504 6203
5 7448 32 8288 6204
5 5180 1654 7997 6205
5 2611 6061 7711 6206
5 2967 4540 6147 6207
5 2810 5528 6754 6208
5 5085 2480 6691 6209
5 5001 1141 10183 6210
5 9899 2614 11155 6211
5 2137 3900 9653 6212
5 7755 242 8846 6213
5 5927 2511 8368 6214
5 3517 4999 9875 6215
5 4033 5988 9742 6216
5 8252 2508 9435 6217
5 3240 4457 9365 6218
5 1565 4401 6694 6219
5 5527 2203 8437 6220
5 4808 5394 9303 6221
5 10913 10914 10916 6222
5 4459 575 6053 6223
5 2037 6080 10504 6224
5 5133 2765 5886 6225
5 1129 5133 5886 6226
5 5568 2345 9242 6227
5 1744 3765 7103 6228
5 889 7238 10619 6229
5 4734 2321 5893 6230
5 3232 4408 9479 6231
5 5348 1414 5511 6232
5 244 243 5486 6233
5 5171 1455 9477 6234
5 4627 1920 9932 6235
5 2583 4917 10040 6236
5 3194 8325 9055 6237
5 1139 5015 5648 6238
5 3389 4627 9932 6239
5 3765 1744 10978 6240
5 4555 9361 9387 6241
5 5159 1261 5176 6242
5 6445 3619 9921 6243
5 107 106 5235 6244
5 4085 6128 9291 6245
5 6128 2438 9291 6246
5 4427 1967 9645 6247
5 2778 5004 7419 6248
5 6554 3829 7950 6249
5 4485 2688 8632 6250
5 3468 7126 8458 6251
5 4723 1237 9765 6252
5 1378 5216 7178 6253
5 7132 3022 7161 6254
5 4246 3235 8951 6255
5 1239 6479 6536 6256
5 727 4506 6905 6257
5 1935 4303 8327 6258
5 1785 5933 7134 6259
5 1434 4888 6687 6260
5 4583 1300 6488 6261
5 6520 3862 10323 6262
5 2608 4797 5856 6263
5 2987 4281 11153 6264
5 4568 1958 7215 6265
5 4553 104 6146 6266
5 4838 7013 8684 6267
5 2501 4307 9967 6268
5 2093 3587 9090 6269
5 8326 2234 9883 6270
5 3184 5400 10517 6271
5 5124 1222 9340 6272
5 5433 4101 7623 6273
5 260 259 7880 6274
5 2275 5184 6855 6275
5 1403 4138 7857 6276
5 2048 4479 6359 6277
5 4353 2280 6669 6278
5 5336 1616 8853 6279
5 592 593 6397 6280
5 783 784 8640 6281
5 4330 2144 5763 6282
5 1744 4726 9278 6283
5 5122 2916 5866 6284
5 1854 4686 6047 6285
5 3645 9817 10632 6286
5 8250 3550 8862 6287
5 2249 6073 9123 6288
5 1876 2602 7904 6289
5 6073 3979 9123 6290
5 5076 2145 5663 6291
5 2037 4911 11022 6292
5 4464 1120 6677 6293
5 4883 2161 5768 6294
5 7742 3805 10886 6295
5 5670 1286 5753 6296
5 6213 160 7341 6297
5 4304 1055 6936 6298
5 4564 1579 10523 6299
5 6218 2473 11085 6300
5 5481 2200 10051 6301
5 3978 1824 7879 6302
5 5528 1605 6754 6303
5 5202 2757 5682 6304
5 309 6631 11230 6305
5 2321 4734 10417 6306
5 5131 181 6162 6307
5 1784 5854 8511 6308
5 5854 3641 8511 6309
5 2058 4385 9304 6310
5 1341 8884 9709 6311
5 1318 4255 7936 6312
5 6838 3841 7868 6313
5 4882 1063 10268 6314
5 5187 6207 11064 6315
5 3624 4882 10268 6316
5 4830 1083 8392 6317
5 2490 5849 6661 6318
5 4683 2944 7373 6319
5 1944 4360 9180 6320
5 1685 5122 5866 6321
5 1691 4699 11174 6322
5 1148 4297 7029 6323
5 1573 6623 9454 6324
5 6045 47 6381 6325
5 4380 2344 8408 6326
5 1375 4359 8183 6327
5 5058 5673 8032 6328
5 2288 5331 6163 6329
5 6940 2537 8688 6330
5 4087 8960 9355 6331
5 4276 6940 8688 6332
5 2278 4890 8164 6333
5 4612 4827 10761 6334
5 4256 1470 10465 6335
5 9242 2345 9396 6336
5 8266 5057 10579 6337
5 1955 4664 6768 6338
5 4277 2818 10221 6339
5 7074 2290 9399 6340
5 4718 1725 5892 6341
5 6593 3385 6857 6342
5 2707 6593 6857 6343
5 1615 4427 10493 6344
5 2473 10691 11085 6345
5 5657 4564 9293 6346
5 3415 6622 7162 6347
5 5068 1084 7397 6348
5 8355 3333 9496 6349
5 1849 4276 8688 6350
5 2003 4433 8631 6351
5 2670 6838 7868 6352
5 371 370 5646 6353
5 2242 5820 8685 6354
5 4491 7596 10577 6355
5 1240 4577 10532 6356
5 5075 1035 6882 6357
5 2085 5571 7991 6358
5 8428 2906 11284 6359
5 1409 5386 7031 6360
5 1966 5255 7050 6361
5 4286 2918 7233 6362
5 2128 9745 10999 6363
5 657 658 5162 6364
5 5480 2338 9917 6365
5 6321 2953 6830 6366
5 5572 2896 5979 6367
5 6625 2530 8541 6368
5 4646 2646 5729 6369
5 4342 1985 8952 6370
5 4300 2542 10146 6371
5 1192 4417 7147 6372
5 6328 2478 9076 6373
5 5662 693 8424 6374
5 6530 4344 10169 6375
5 3065 2576 5260 6376
5 1689 4485 6383 6377
5 2931 4435 8506 6378
5 2417 4344 7717 6379
5 3899 1182 6250 6380
5 4852 3196 10854 6381
5 4801 3265 9671 6382
5 3587 2093 5765 6383
5 2211 5903 8406 6384
5 5334 319 5743 6385
5 5042 3113 8634 6386
5 2124 5066 5706 6387
5 4443 7600 11154 6388
5 4274 2724 8418 6389
5 6096 5945 9845 6390
5 1174 4852 10854 6391
5 4617 1372 7768 6392
5 2650 6927 8196 6393
5 6998 4025 10907 6394
5 4726 3457 9278 6395
5 4575 2055 6178 6396
5 2942 6262 8391 6397
5 4732 1061 8860 6398
5 6562 1611 8998 6399
5 1723 4314 8493 6400
5 4195 6562 8998 6401
5 5546 2407 5955 6402
5 1421 4934 5761 6403
5 5078 2518 5812 6404
5 2495 4299 8042 6405
5 7214 1626 10114 6406
5 4934 2361 5761 6407
5 1329 5656 10288 6408
5 3450 5507 6214 6409
5 1086 5323 10311 6410
5 3138 4532 9284 6411
5 4532 2175 9284 6412
5 2352 5213 10159 6413
5 3132 4732 8860 6414
5 1083 4512 10596 6415
5 2717 5766 5932 6416
5 4537 2024 10269 6417
5 2819 5078 5812 6418
5 3328 4789 5827 6419
5 689 690 8657 6420
5 2318 5011 9888 6421
5 2495 4915 6168 6422
5 4915 1574 6168 6423
5 3241 6181 8808 6424
5 2940 8208 10847 6425
5 1870 4438 6558 6426
5 1976 4265 7782 6427
5 846 4999 6433 6428
5 4993 4437 11152 6429
5 6866 9513 10383 6430
5 6939 5495 8718 6431
5 4571 204 10478 6432
5 3761 8241 10352 6433
5 3597 6530 10169 6434
5 2967 6458 8338 6435
5 5050 2105 7907 6436
5 2448 5272 7054 6437
5 3008 5050 7907 6438
5 3688 4520 10142 6439
5 2023 3498 9772 6440
5 4555 1845 6229 6441
5 4529 1462 6295 6442
5 1944 5044 6411 6443
5 206 4378 8483 6444
5 5044 3650 6411 6445
5 2016 3720 4277 6446
5 5528 2447 10773 6447
5 1989 5578 9546 6448
5 5317 2403 10698 6449
5 6231 1271 8453 6450
5 1149 4276 8500 6451
5 5330 4411 10073 6452
5 2116 4804 6799 6453
5 4134 2293 7222 6454
5 50 6060 6203 6455
5 4719 807 6683 6456
5 4545 2288 8192 6457
5 4508 1344 8857 6458
5 3399 5530 8569 6459
5 2461 4343 8948 6460
5 1813 9687 10314 6461
5 7398 2636 10469 6462
5 4099 2729 6897 6463
5 4555 3124 9178 6464
5 1845 4555 9178 6465
5 6140 2597 6386 6466
5 4391 3894 9218 6467
5 2586 6104 6956 6468
5 4686 2406 6047 6469
5 6104 3212 6956 6470
5 6651 1738 9232 6471
5 1826 3818 6254 6472
5 1360 4720 11290 6473
5 3602 6515 8787 6474
5 1352 4620 10654 6475
5 2315 4918 6883 6476
5 4320 1869 8696 6477
5 5198 3537 8958 6478
5 1922 4292 7265 6479
5 4613 5806 10256 6480
5 8806 5929 8969 6481
5 4501 1952 9989 6482
5 1049 6308 9244 6483
5 4401 1565 6764 6484
5 5726 3904 9833 6485
5 8755 5941 10163 6486
5 2364 4521 9876 6487
5 4492 2112 9924 6488
5 1020 1021 5527 6489
5 4438 2414 6558 6490
5 2491 4348 8960 6491
5 4954 3365 9916 6492
5 3906 5659 9816 6493
5 5999 790 7036 6494
5 2273 4503 7747 6495
5 5258 2285 5792 6496
5 2547 4593 9148 6497
5 750 751 6051 6498
5 3000 4508 8857 6499
5 1754 4497 9012 6500
5 2108 5435 8459 6501
5 7201 3352 7414 6502
5 1862 4305 8533 6503
5 4674 1733 6300 6504
5 4922 2032 8011 6505
5 1922 4570 10447 6506
5 4987 1002 6250 6507
5 6097 4333 10538 6508
5 2602 4702 6909 6509
5 3319 5406 7241 6510
5 2787 4730 7433 6511
5 1877 4811 6231 6512
5 6866 1244 9513 6513
5 6179 3322 8257 6514
5 3114 4499 9293 6515
5 4499 1243 9293 6516
5 1708 5485 10028 6517
5 4347 1088 8214 6518
5 4378 206 9412 6519
5 2327 5326 10069 6520
5 2441 4401 6764 6521
5 5659 2092 9816 6522
5 2911 6541 6656 6523
5 7314 731 7847 6524
5 7943 2744 9028 6525
5 5623 1036 9749 6526
5 2130 5176 8943 6527
5 977 3813 7195 6528
5 299 4407 8388 6529
5 4781 1951 8653 6530
5 5033 8120 9393 6531
5 5031 1381 5704 6532
5 1077 4298 9821 6533
5 5011 2617 9888 6534
5 1073 4591 10574 6535
5 6039 311 9871 6536
5 2023 3497 3498 6537
5 5065 3373 9116 6538
5 4483 1737 7972 6539
5 3314 4666 8983 6540
5 4666 1569 8983 6541
5 2439 4666 6552 6542
5 6182 5171 9477 6543
5 4722 2162 6161 6544
5 4538 877 6819 6545
5 7757 2491 8960 6546
5 974 5358 10933 6547
5 6616 2988 8747 6548
5 2237 4389 9151 6549
5 4533 1364 7401 6550
5 3684 5725 10811 6551
5 3124 4555 9387 6552
5 5712 2149 10449 6553
5 507 506 5556 6554
5 2017 5927 8914 6555
5 1399 4351 8948 6556
5 1398 5777 7028 6557
5 5777 3089 7028 6558
5 9168 1198 10431 6559
5 4410 2560 7278 6560
5 4891 2514 7270 6561
5 2355 5677 5679 6562
5 1135 5083 5766 6563
5 4332 2142 10905 6564
5 6075 2461 11306 6565
5 4455 3032 6579 6566
5 9761 4981 10201 6567
5 768 769 5963 6568
5 259 7205 7880 6569
5 1217 3698 5457 6570
5 1667 3634 7203 6571
5 7405 3410 10533 6572
5 2983 6797 8043 6573
5 138 6704 7250 6574
5 8371 2835 10690 6575
5 9438 1274 11071 6576
5 5015 2463 5742 6577
5 1343 4841 6841 6578
5 4361 1743 6414 6579
5 4528 2525 10844 6580
5 1760 5888 6098 6581
5 1401 4450 6599 6582
5 5888 2825 6098 6583
5 1898 4887 7989 6584
5 3537 5942 8958 6585
5 5663 2145 11268 6586
5 6727 1574 7026 6587
5 5308 2659 6295 6588
5 1462 5308 6295 6589
5 2168 4544 6318 6590
5 7678 3650 10152 6591
5 5220 2263 8079 6592
5 2386 4649 9454 6593
5 4292 1421 9201 6594
5 925 926 5475 6595
5 8553 4684 9286 6596
5 5399 2195 5718 6597
5 2615 5399 5718 6598
5 4725 2351 8866 6599
5 2421 4432 6253 6600
5 6421 7648 8736 6601
5 8040 5022 11216 6602
5 5000 2570 7882 6603
5 2634 5348 5511 6604
5 631 632 10875 6605
5 7183 4369 8494 6606
5 5929 3035 5991 6607
5 1786 5929 5991 6608
5 2339 4337 7657 6609
5 1098 4294 9069 6610
5 5652 2614 6378 6611
5 3035 5929 8806 6612
5 3861 8426 9101 6613
5 2834 5652 6378 6614
5 5419 2980 7760 6615
5 1217 4602 4733 6616
5 3818 1826 7047 6617
5 1063 4882 9610 6618
5 4935 3468 8773 6619
5 4971 3129 6003 6620
5 7420 3346 7665 6621
5 1914 4294 8118 6622
5 6465 3645 10632 6623
5 2013 4605 6218 6624
5 4868 2115 6506 6625
5 6267 3848 10412 6626
5 3414 7033 9699 6627
5 5766 2435 5932 6628
5 6949 2611 7711 6629
5 2199 5759 8347 6630
5 4916 2050 8795 6631
5 876 4538 7481 6632
5 8426 1092 9101 6633
5 5376 1946 7855 6634
5 3689 5376 7855 6635
5 4554 2533 10452 6636
5 1359 5149 10643 6637
5 2497 4365 10655 6638
5 5127 2866 6475 6639
5 2682 4396 6821 6640
5 2327 5206 7109 6641
5 3167 6588 7756 6642
5 4579 2903 10400 6643
5 7246 1248 9422 6644
5 1006 4780 4837 6645
5 2595 7207 9224 6646
5 1946 5376 6409 6647
5 5376 2720 6409 6648
5 3034 5565 7164 6649
5 2546 4868 6506 6650
5 3514 5123 10014 6651
5 2098 4742 10726 6652
5 4294 2649 8118 6653
5 5691 1288 9062 6654
5 5372 1503 6429 6655
5 320 319 5334 6656
5 1288 5246 9062 6657
5 2347 4621 9873 6658
5 4662 3174 9134 6659
5 1257 4352 9974 6660
5 1910 3118 5555 6661
5 1300 8158 9013 6662
5 4591 1998 8603 6663
5 2648 1590 7588 6664
5 4884 612 10010 6665
5 1214 4563 6307 6666
5 1278 4373 7612 6667
5 1575 7878 9056 6668
5 4440 2028 9397 6669
5 4471 3223 9462 6670
5 4573 1874 10400 6671
5 4244 1753 7499 6672
5 6622 1078 7162 6673
5 1921 8799 10793 6674
5 4604 3137 8675 6675
5 5565 2209 7164 6676
5 3394 7212 8852 6677
5 5491 1652 9091 6678
5 2310 6097 10538 6679
5 4417 2304 7147 6680
5 6703 4091 10971 6681
5 3391 5335 7647 6682
5 4381 2497 10674 6683
5 5246 3011 6665 6684
5 4336 1941 9520 6685
5 2740 9049 10004 6686
5 2300 5350 6771 6687
5 4956 2007 11095 6688
5 1874 4579 10400 6689
5 4299 1912 8042 6690
5 4849 1652 6074 6691
5 6742 3141 7404 6692
5 4856 5717 8139 6693
5 6066 2352 10159 6694
5 2670 6319 6838 6695
5 547 4952 6544 6696
5 8540 1669 10270 6697
5 4845 2203 8569 6698
5 1 4338 7508 6699
5 209 208 5234 6700
5 4789 3328 8959 6701
5 1609 4354 9955 6702
5 2589 6405 10086 6703
5 743 744 7987 6704
5 191 4435 9427 6705
5 4825 2325 9980 6706
5 1564 7714 9306 6707
5 5483 2736 6348 6708
5 5544 3145 8505 6709
5 6294 3921 10419 6710
5 1446 5483 6348 6711
5 4866 3290 9248 6712
5 671 672 5306 6713
5 7213 3518 9804 6714
5 7862 4019 11064 6715
5 1569 4666 6376 6716
5 154 153 5433 6717
5 4666 2439 6376 6718
5 4885 1273 10874 6719
5 3149 5941 8755 6720
5 3753 4885 10874 6721
5 935 936 7435 6722
5 3345 4587 6293 6723
5 4577 2364 9876 6724
5 4787 832 9972 6725
5 4594 1691 7775 6726
5 6091 4090 10961 6727
5 1842 4316 7453 6728
5 2750 4594 7775 6729
5 2343 5984 7686 6730
5 4274 5294 6833 6731
5 2759 5716 5787 6732
5 2499 4416 6988 6733
5 5285 2407 5546 6734
5 4416 1840 6988 6735
5 2508 6497 9435 6736
5 5286 4336 10958 6737
5 7721 1690 9147 6738
5 6536 2517 8923 6739
5 5470 7035 9993 6740
5 5242 2088 6663 6741
5 5682 2757 9509 6742
5 1253 4530 10398 6743
5 2736 5242 6663 6744
5 3496 5680 7985 6745
5 3369 5769 8442 6746
5 2393 4581 10391 6747
5 4316 1108 10179 6748
5 2164 5014 6712 6749
5 1941 4750 11271 6750
5 4606 1107 6270 6751
5 4267 2169 6242 6752
5 6617 3961 10377 6753
5 1301 5467 6928 6754
5 1358 4521 7376 6755
5 1689 5292 10147 6756
5 5716 1431 5787 6757
5 4565 1133 6350 6758
5 3365 8647 9916 6759
5 5577 2012 8064 6760
5 2870 4907 8507 6761
5 3556 5815 8425 6762
5 1623 4650 10799 6763
5 5815 2451 8425 6764
5 1945 4351 8756 6765
5 1397 5359 9838 6766
5 6228 1864 9264 6767
5 6071 8935 9719 6768
5 5277 7438 9139 6769
5 5418 4640 11111 6770
5 4079 6228 9264 6771
5 4750 1556 6976 6772
5 8060 3652 11018 6773
5 5329 2868 7202 6774
5 6234 1277 6746 6775
5 1087 9175 9965 6776
5 4609 2656 7595 6777
5 5551 2742 6541 6778
5 4779 1448 7712 6779
5 3351 5332 6869 6780
5 3264 5134 6108 6781
5 4743 4304 8647 6782
5 850 4432 6720 6783
5 5373 2161 7141 6784
5 1953 4617 6459 6785
5 1179 7361 8221 6786
5 4616 1953 6459 6787
5 5370 2258 7125 6788
5 4415 2430 7768 6789
5 1375 4196 6565 6790
5 1495 4335 7296 6791
5 2652 4312 7916 6792
5 8213 1311 10458 6793
5 4771 863 7279 6794
5 268 4413 9117 6795
5 97 1 7870 6796
5 7429 2612 10537 6797
5 5829 1428 6123 6798
5 5986 2022 6289 6799
5 1641 6950 7225 6800
5 4637 2437 7593 6801
5 7460 1690 7721 6802
5 4685 1649 10940 6803
5 3104 4771 5826 6804
5 3856 4958 11145 6805
5 4998 2101 11114 6806
5 4462 2909 10060 6807
5 4958 2008 11145 6808
5 1349 9123 10638 6809
5 636 637 8092 6810
5 2390 4498 6992 6811
5 4447 1056 8037 6812
5 2032 5032 8011 6813
5 1175 3837 10415 6814
5 6379 3109 8577 6815
5 4547 2394 10284 6816
5 1236 5093 9356 6817
5 2325 4933 7090 6818
5 5093 3469 9356 6819
5 92 6396 6461 6820
5 2984 4548 8103 6821
5 5061 3517 9875 6822
5 5787 1431 7620 6823
5 1677 7546 8275 6824
5 569 570 6689 6825
5 4147 7074 9399 6826
5 6423 2177 8798 6827
5 1409 5317 7355 6828
5 5367 1304 7856 6829
5 673 674 5859 6830
5 3980 6423 8798 6831
5 7103 2241 8877 6832
5 3748 7248 11057 6833
5 1049 6014 8328 6834
5 2296 6199 8557 6835
5 4949 541 5876 6836
5 2693 5660 5885 6837
5 669 670 5501 6838
5 2783 7425 10997 6839
5 2564 5407 8321 6840
5 7015 1500 11018 6841
5 3813 977 9426 6842
5 3985 1478 6997 6843
5 10438 4198 11218 6844
5 2214 4610 8247 6845
5 2585 3065 5313 6846
5 1304 5169 7856 6847
5 4441 227 7344 6848
5 5619 2935 7918 6849
5 1102 4372 7622 6850
5 5329 1184 10590 6851
5 2820 4441 7344 6852
5 2200 3420 7579 6853
5 4766 6906 10326 6854
5 2213 5066 5670 6855
5 5239 2410 5871 6856
5 4498 2390 9051 6857
5 1789 4746 9130 6858
5 1125 5689 6582 6859
5 3254 5374 7201 6860
5 3150 4746 10825 6861
5 4968 3160 9378 6862
5 5471 4967 9898 6863
5 1862 4326 9535 6864
5 2600 4484 7625 6865
5 5164 2214 5912 6866
5 4382 1344 9025 6867
5 1074 5143 9558 6868
5 5145 2618 6388 6869
5 1915 5145 6388 6870
5 4356 1881 6910 6871
5 4695 2492 8842 6872
5 4457 3240 6360 6873
5 6779 4142 9468 6874
5 6905 4595 11229 6875
5 4297 5668 9159 6876
5 3223 4471 9567 6877
5 793 794 7793 6878
5 987 3760 10457 6879
5 3742 8173 9718 6880
5 6340 2598 7446 6881
5 1965 4949 5876 6882
5 2715 7466 9341 6883
5 4575 6178 9276 6884
5 2137 5023 9583 6885
5 5377 10111 11017 6886
5 6887 2189 8063 6887
5 2426 4492 9924 6888
5 607 6898 8197 6889
5 1785 5895 10001 6890
5 4555 6229 10939 6891
5 4929 7209 10565 6892
5 5895 4137 10001 6893
5 2145 6668 11268 6894
5 5305 3347 8461 6895
5 1958 5141 10294 6896
5 5221 4554 7769 6897
5 1902 4480 7081 6898
5 5083 2435 5766 6899
5 2245 4628 7575 6900
5 1068 4429 8661 6901
5 4851 1526 8231 6902
5 1119 4500 7688 6903
5 2519 4486 6975 6904
5 5726 2832 7653 6905
5 1344 6444 8857 6906
5 2949 4851 8231 6907
5 6695 1478 8344 6908
5 4486 1907 6975 6909
5 6980 1855 10412 6910
5 2453 5026 5167 6911
5 1386 4738 10980 6912
5 2492 4695 6120 6913
5 4113 8363 8784 6914
5 4505 1626 8486 6915
5 4808 2331 9552 6916
5 9847 3530 9994 6917
5 2867 4505 8486 6918
5 2388 4500 8194 6919
5 3526 5292 8037 6920
5 8249 3540 8515 6921
5 4507 6039 9726 6922
5 7549 4553 8502 6923
5 4581 1955 10391 6924
5 8045 1718 8819 6925
5 4527 2386 7734 6926
5 2805 6279 7315 6927
5 1090 5136 8074 6928
5 122 121 6862 6929
5 2366 4941 6336 6930
5 131 6520 10323 6931
5 8866 2351 9120 6932
5 4927 1602 7141 6933
5 6202 1764 6740 6934
5 3120 4887 8864 6935
5 3137 6202 6740 6936
5 3746 5182 10474 6937
5 7066 3205 9200 6938
5 7025 1216 10477 6939
5 4394 588 7067 6940
5 5746 2934 6149 6941
5 3751 2200 5481 6942
5 2493 4643 6632 6943
5 3057 2585 5313 6944
5 5670 5066 11141 6945
5 4643 1154 6632 6946
5 4560 2333 7952 6947
5 1243 4499 6650 6948
5 5338 2531 9520 6949
5 2698 4403 10919 6950
5 4444 1438 8152 6951
5 5134 2437 6108 6952
5 815 816 8029 6953
5 7212 2471 8852 6954
5 1828 3559 4731 6955
5 281 280 6852 6956
5 1883 5321 11177 6957
5 1975 3890 9702 6958
5 5321 4147 11177 6959
5 2359 6074 6650 6960
5 5571 3197 7991 6961
5 2594 7020 10062 6962
5 4601 859 7465 6963
5 3553 8614 9184 6964
5 2376 5419 5940 6965
5 4339 2699 11248 6966
5 3799 4936 7980 6967
5 6588 5878 8871 6968
5 6364 4216 9456 6969
5 7716 3778 10691 6970
5 3841 5504 10530 6971
5 5003 2106 11199 6972
5 6444 4009 8857 6973
5 5323 3519 10734 6974
5 4556 2918 8435 6975
5 3876 7657 9605 6976
5 1660 4738 6817 6977
5 5649 2697 9481 6978
5 454 453 5809 6979
5 968 969 7729 6980
5 2431 4594 8908 6981
5 1447 6159 8691 6982
5 3272 7361 8733 6983
5 2440 6364 9456 6984
5 4058 9899 11155 6985
5 1176 4976 9031 6986
5 2433 4656 7885 6987
5 1152 5898 7242 6988
5 4379 7903 10504 6989
5 4546 1435 10084 6990
5 2832 4798 7765 6991
5 4798 1974 7765 6992
5 4648 2368 10033 6993
5 2163 5217 6417 6994
5 1680 6851 9724 6995
5 8475 4586 10011 6996
5 1491 5764 5834 6997
5 5523 2527 5600 6998
5 587 4394 7111 6999
5 3370 5390 7078 7000
5 3544 6010 9357 7001
5 4366 2558 9606 7002
5 4089 8465 10705 7003
5 4491 1210 10470 7004
5 4659 1043 9578 7005
5 3488 5539 10124 7006
5 4645 1644 7002 7007
5 606 607 8197 7008
5 5166 2464 5861 7009
5 1828 2574 9330 7010
5 2359 4499 6767 7011
5 3167 6009 10660 7012
5 10916 10914 10950 7013
5 2081 4844 6056 7014
5 4395 1725 8052 7015
5 6000 1373 6092 7016
5 1245 6189 8724 7017
5 10207 3563 10258 7018
5 4378 2579 7547 7019
5 6189 3830 8724 7020
5 665 5078 8266 7021
5 3770 8953 9850 7022
5 2368 4648 6762 7023
5 3427 5092 9186 7024
5 2688 3998 10177 7025
5 3407 4262 8044 7026
5 7489 1531 8302 7027
5 3343 4650 6591 7028
5 4970 2326 7660 7029
5 1956 5158 10404 7030
5 4355 2612 7429 7031
5 2278 5315 5574 7032
5 4925 3344 9402 7033
5 5828 981 8077 7034
5 1165 4925 9402 7035
5 5277 2680 7438 7036
5 2800 4922 7462 7037
5 1531 5652 8302 7038
5 642 643 5721 7039
5 1732 4807 8710 7040
5 641 642 6240 7041
5 4922 1080 7462 7042
5 5987 1816 8568 7043
5 5146 2334 7527 7044
5 4807 3077 8710 7045
5 4006 7242 11054 7046
5 3160 4975 5917 7047
5 2930 6069 6367 7048
5 6069 2486 6367 7049
5 1753 5521 5709 7050
5 5417 1065 9250 7051
5 2243 5713 10788 7052
5 6020 1109 8510 7053
5 3651 6020 8510 7054
5 1955 4623 10391 7055
5 3945 5998 11227 7056
5 4160 7939 8760 7057
5 1166 5166 5861 7058
5 4905 1628 9713 7059
5 3435 4905 9713 7060
5 2428 6481 7668 7061
5 4344 1191 7717 7062
5 4467 1136 9800 7063
5 3387 9124 9609 7064
5 3375 5339 10686 7065
5 2336 5549 8920 7066
5 1960 5624 9587 7067
5 1310 4463 6887 7068
5 3804 8497 10147 7069
5 1035 5026 6236 7070
5 5009 1176 9031 7071
5 5225 3877 10840 7072
5 2359 4849 6074 7073
5 1093 4511 9742 7074
5 4829 1750 7573 7075
5 1422 5434 9410 7076
5 3021 4781 8653 7077
5 2776 4829 7573 7078
5 9435 1731 10552 7079
5 1819 4369 7916 7080
5 4369 2652 7916 7081
5 4352 2080 9447 7082
5 2842 4991 7500 7083
5 4991 2076 7500 7084
5 5482 6580 8840 7085
5 1139 5020 9959 7086
5 2258 5524 7125 7087
5 5377 2146 10111 7088
5 2394 4617 10284 7089
5 2170 4834 8834 7090
5 7122 1590 7257 7091
5 3529 4541 7906 7092
5 1161 5137 8422 7093
5 4382 2330 8722 7094
5 10895 3972 10949 7095
5 5168 1787 7664 7096
5 324 323 5684 7097
5 5737 4762 11145 7098
5 1182 3899 7348 7099
5 2292 5131 6162 7100
5 6552 3206 6626 7101
5 2439 6552 6626 7102
5 4928 1210 6260 7103
5 4407 2561 7170 7104
5 1485 5976 8487 7105
5 493 492 5696 7106
5 7313 3384 8661 7107
5 4352 1257 7624 7108
5 3077 4392 8710 7109
5 2644 5472 5779 7110
5 4572 2782 8072 7111
5 189 188 6969 7112
5 1018 1019 7709 7113
5 4561 2383 7566 7114
5 2427 4562 7291 7115
5 5984 2957 6573 7116
5 4550 2997 8023 7117
5 1982 4906 8576 7118
5 5298 203 9599 7119
5 4422 865 7100 7120
5 1666 5984 6573 7121
5 5598 2506 5600 7122
5 2872 6530 8872 7123
5 8156 1485 8487 7124
5 2835 5200 7924 7125
5 4429 1068 6037 7126
5 4369 1819 8494 7127
5 4458 2533 10728 7128
5 2395 5682 9314 7129
5 4880 4287 8564 7130
5 4843 2371 6370 7131
5 7423 2221 11036 7132
5 5665 2396 5667 7133
5 2624 5665 5667 7134
5 1929 4446 8440 7135
5 2171 4647 10612 7136
5 3233 4392 7331 7137
5 9151 1452 11044 7138
5 4969 3280 8370 7139
5 2674 5110 9224 7140
5 1487 3733 7365 7141
5 2430 4616 6459 7142
5 244 5486 9299 7143
5 5466 2176 7155 7144
5 4529 1902 7081 7145
5 449 448 5869 7146
5 2280 4267 9700 7147
5 4517 3530 9263 7148
5 2225 4018 10370 7149
5 5030 2025 6779 7150
5 2811 6119 7287 7151
5 5257 3383 6769 7152
5 4608 2518 7244 7153
5 5279 1036 5878 7154
5 1444 4863 8611 7155
5 3003 5505 10073 7156
5 5773 2384 5958 7157
5 4751 2284 7537 7158
5 3485 4598 10315 7159
5 2527 5598 5600 7160
5 4639 1531 6446 7161
5 1437 7568 9649 7162
5 1824 4143 8774 7163
5 2762 6027 7603 7164
5 2282 5266 5442 7165
5 2565 5135 5792 7166
5 4557 1233 8859 7167
5 2499 9367 9713 7168
5 706 707 6050 7169
5 4392 3233 9354 7170
5 2615 5540 5550 7171
5 5647 718 11031 7172
5 3248 5461 7379 7173
5 4102 9076 10283 7174
5 2373 4832 10325 7175
5 795 796 5462 7176
5 5969 2445 6484 7177
5 834 4860 6447 7178
5 2821 4606 10281 7179
5 2328 5007 8499 7180
5 2008 5737 11145 7181
5 2561 4407 7264 7182
5 3415 4645 6622 7183
5 5125 2976 6029 7184
5 5503 1155 6418 7185
5 3423 8918 9548 7186
5 5465 1239 8923 7187
5 4740 1069 11079 7188
5 229 228 10107 7189
5 2358 4904 6115 7190
5 2174 6350 11158 7191
5 8961 6993 11266 7192
5 3023 5349 8712 7193
5 4449 2900 6983 7194
5 3095 5152 8792 7195
5 1176 7027 10540 7196
5 5672 2693 6129 7197
5 1556 4750 8904 7198
5 3022 4770 8630 7199
5 4750 3092 8904 7200
5 2444 6351 7200 7201
5 1568 9388 9437 7202
5 4770 1606 8630 7203
5 4393 1700 7253 7204
5 2600 4413 7209 7205
5 6896 1568 9437 7206
5 864 4422 7279 7207
5 1913 4334 9476 7208
5 5487 2356 6889 7209
5 2787 4601 6182 7210
5 5565 3678 10853 7211
5 5833 1601 7946 7212
5 5143 3503 9558 7213
5 3349 5833 7946 7214
5 5505 3382 7646 7215
5 2486 4820 6881 7216
5 4904 1250 6115 7217
5 1397 9838 10227 7218
5 4623 2393 10391 7219
5 5960 1296 8597 7220
5 19 20 5692 7221
5 1109 4388 8510 7222
5 973 974 10933 7223
5 4711 3104 6200 7224
5 1884 4410 7288 7225
5 4364 2796 8121 7226
5 303 302 8395 7227
5 897 4633 7540 7228
5 2467 4477 9098 7229
5 4364 199 8142 7230
5 2657 1591 7621 7231
5 13 14 10245 7232
5 4694 2193 6320 7233
5 6884 4302 9407 7234
5 4633 898 7567 7235
5 555 4618 11124 7236
5 2242 4549 9957 7237
5 1314 4805 6549 7238
5 5143 2132 5611 7239
5 1069 5563 7084 7240
5 5563 2960 7084 7241
5 3824 5250 10558 7242
5 2484 5334 5743 7243
5 5107 2956 8844 7244
5 2400 4639 6446 7245
5 5927 2017 10068 7246
5 4575 2882 8495 7247
5 2055 4575 8495 7248
5 4669 2593 10683 7249
5 5629 2300 6771 7250
5 1939 5104 8502 7251
5 3541 4669 10683 7252
5 4587 3345 10189 7253
5 1036 5623 8871 7254
5 1900 4436 11171 7255
5 4622 2862 8330 7256
5 1917 4622 8330 7257
5 8668 1395 8930 7258
5 4640 3048 8955 7259
5 2866 5354 5738 7260
5 1519 4640 8955 7261
5 1985 4342 6984 7262
5 5354 1761 5738 7263
5 4371 2781 10783 7264
5 1388 6551 6771 7265
5 3778 5109 11085 7266
5 4282 4584 8608 7267
5 1532 4648 6432 7268
5 3466 4639 10510 7269
5 3270 4846 6366 7270
5 4846 1939 6366 7271
5 4639 2400 10510 7272
5 6890 3364 7148 7273
5 2758 4765 7689 7274
5 4762 3856 11145 7275
5 2586 4526 6751 7276
5 78 79 6794 7277
5 2409 5239 5871 7278
5 4025 7066 9200 7279
5 5550 2370 9157 7280
5 3916 7188 9478 7281
5 5685 6532 9703 7282
5 4497 3046 9012 7283
5 3704 7609 10588 7284
5 4357 5671 8415 7285
5 4415 1372 7278 7286
5 1774 4971 6003 7287
5 4468 1945 11232 7288
5 2129 4711 6200 7289
5 2700 7317 10421 7290
5 1136 4541 9800 7291
5 6057 4069 7777 7292
5 4563 1862 10046 7293
5 5925 2181 6835 7294
5 5540 2370 5550 7295
5 2021 4502 10982 7296
5 5250 3824 6849 7297
5 2972 5014 7739 7298
5 1852 5457 8012 7299
5 3636 6843 7443 7300
5 89 6135 6500 7301
5 6843 2920 7443 7302
5 2406 5768 7891 7303
5 1997 5270 10172 7304
5 4131 2042 6836 7305
5 938 4566 6164 7306
5 7603 6153 9515 7307
5 5297 2536 6143 7308
5 2016 3653 9160 7309
5 2144 5690 10132 7310
5 4580 1119 7688 7311
5 6315 3115 7169 7312
5 1654 4850 10996 7313
5 9285 3246 9918 7314
5 6043 4839 10534 7315
5 2533 4458 10027 7316
5 3691 6428 9693 7317
5 5165 2177 6103 7318
5 5660 2411 5885 7319
5 6298 8854 8955 7320
5 4544 1260 7707 7321
5 4714 1440 6608 7322
5 7956 2871 8496 7323
5 4476 2204 7709 7324
5 8539 4117 11029 7325
5 6410 2449 9210 7326
5 3081 4871 6870 7327
5 5191 2361 6076 7328
5 3571 5191 6076 7329
5 4829 2776 8295 7330
5 777 778 5902 7331
5 4704 445 7510 7332
5 4569 749 10054 7333
5 1675 8793 10428 7334
5 1515 5572 5742 7335
5 3629 4759 6320 7336
5 490 4775 6666 7337
5 3386 8968 10298 7338
5 6077 1497 6642 7339
5 7939 2664 8760 7340
5 2383 4561 10029 7341
5 2403 5317 6999 7342
5 1528 4673 8753 7343
5 5235 106 7549 7344
5 4406 2281 7507 7345
5 3390 5845 8081 7346
5 5845 2483 8081 7347
5 5225 2443 8385 7348
5 8315 5317 10698 7349
5 444 443 5904 7350
5 1911 2933 3368 7351
5 2705 6222 6466 7352
5 4891 1665 9721 7353
5 3750 7143 10527 7354
5 1709 5478 5479 7355
5 3361 4599 10231 7356
5 4794 3145 9492 7357
5 829 830 5541 7358
5 4730 2217 6063 7359
5 3568 4583 11129 7360
5 3824 5340 6726 7361
5 2184 6244 8457 7362
5 3109 6379 7294 7363
5 4214 2496 6893 7364
5 9361 1537 9387 7365
5 6159 1447 7940 7366
5 712 5731 10313 7367
5 5535 172 8623 7368
5 2379 5223 6133 7369
5 7980 3080 8746 7370
5 5223 3571 6133 7371
5 1337 3864 7312 7372
5 9413 4308 10009 7373
5 1037 4548 9781 7374
5 718 719 11031 7375
5 1687 7691 7720 7376
5 6126 3108 6850 7377
5 1547 4705 6371 7378
5 5392 3540 10397 7379
5 4652 1053 6469 7380
5 1856 6874 9188 7381
5 4617 1953 10284 7382
5 5287 3942 7337 7383
5 1881 4356 8264 7384
5 2441 5996 8286 7385
5 2400 4708 10594 7386
5 4542 2352 8606 7387
5 3395 4891 9721 7388
5 3186 5090 6161 7389
5 4775 489 6667 7390
5 3147 6077 6642 7391
5 2220 4729 10949 7392
5 4504 2467 9098 7393
5 5017 1509 6934 7394
5 1629 5523 5600 7395
5 4799 5363 11219 7396
5 4675 1641 7225 7397
5 6298 3040 8854 7398
5 5230 3744 10505 7399
5 1172 10242 10603 7400
5 2509 4714 6608 7401
5 5400 3184 6730 7402
5 2939 5262 7642 7403
5 4337 1408 8477 7404
5 5393 3676 9650 7405
5 4782 4207 8339 7406
5 2158 4505 9494 7407
5 4925 1165 7155 7408
5 1393 5393 9650 7409
5 7228 2375 7534 7410
5 2627 4675 7225 7411
5 6866 2552 7731 7412
5 2087 5243 7886 7413
5 8342 4132 8778 7414
5 3543 5307 8189 7415
5 3657 5980 10235 7416
5 2612 6126 6850 7417
5 9711 3945 11227 7418
5 1172 6443 10242 7419
5 4337 1906 7657 7420
5 2324 4696 8627 7421
5 4486 1110 8867 7422
5 3872 7182 8545 7423
5 4506 2572 6905 7424
5 9036 6410 9210 7425
5 2911 5196 6541 7426
5 722 723 6279 7427
5 1735 4803 11257 7428
5 3058 5025 8358 7429
5 4734 2385 10182 7430
5 8749 3716 9590 7431
5 3958 4560 10977 7432
5 1483 5515 8823 7433
5 4616 1107 6587 7434
5 4028 4613 10256 7435
5 1144 4977 6384 7436
5 4977 2525 6384 7437
5 5025 1495 8358 7438
5 4837 4780 11191 7439
5 1120 4398 8028 7440
5 4562 1232 6974 7441
5 2526 4562 6974 7442
5 2318 4108 6586 7443
5 5437 3237 9757 7444
5 1620 5525 7464 7445
5 6064 4227 10305 7446
5 4970 1567 7040 7447
5 2766 4909 6110 7448
5 2680 4970 7040 7449
5 3166 5941 6357 7450
5 5941 1232 6357 7451
5 5156 2256 11130 7452
5 2166 8068 11030 7453
5 4110 4799 11219 7454
5 2293 5123 6303 7455
5 7038 9380 10375 7456
5 5498 2954 9811 7457
5 3244 4420 11027 7458
5 1037 4514 6832 7459
5 3328 5827 8858 7460
5 10789 2368 11004 7461
5 5700 3949 6306 7462
5 1145 4468 9258 7463
5 700 701 7771 7464
5 5176 3802 8943 7465
5 4386 1411 8124 7466
5 3789 7755 8846 7467
5 4889 742 6602 7468
5 4703 2006 7436 7469
5 4773 2435 6498 7470
5 7080 2620 11035 7471
5 9091 1652 10363 7472
5 2343 4960 8353 7473
5 2169 4684 8553 7474
5 31 32 7448 7475
5 6566 1320 8670 7476
5 4998 6581 8199 7477
5 5827 1270 8858 7478
5 1554 4418 7449 7479
5 2454 5290 5741 7480
5 4784 2159 6283 7481
5 3314 4686 9896 7482
5 4686 1854 9896 7483
5 6604 560 10168 7484
5 197 196 5382 7485
5 2253 5750 8382 7486
5 5149 7073 10643 7487
5 8853 1616 9877 7488
5 6552 4666 9896 7489
5 1978 10916 10950 7490
5 9029 2423 9163 7491
5 4198 8513 11218 7492
5 2818 4277 9854 7493
5 4799 2030 11201 7494
5 6323 2499 9713 7495
5 2899 4670 6441 7496
5 1637 4845 8569 7497
5 525 524 5642 7498
5 3698 1217 6311 7499
5 5086 1264 9276 7500
5 2880 6344 6826 7501
5 2746 5587 6283 7502
5 4498 1467 6992 7503
5 5413 1450 9313 7504
5 3630 4787 9972 7505
5 4413 2600 7625 7506
5 487 486 5778 7507
5 812 5191 10253 7508
5 4446 1929 8917 7509
5 6365 9997 10578 7510
5 3647 6407 10273 7511
5 8580 4334 9097 7512
5 4067 1056 6661 7513
5 3041 4488 9318 7514
5 2353 4937 9652 7515
5 1409 7355 7555 7516
5 2684 5017 6934 7517
5 8884 4217 9709 7518
5 5578 1989 8930 7519
5 3305 6691 6778 7520
5 6691 2480 6778 7521
5 2732 7392 10587 7522
5 304 303 6600 7523
5 574 4459 7232 7524
5 2531 4512 10592 7525
5 1255 4470 7179 7526
5 6089 1963 8262 7527
5 1653 4767 6646 7528
5 5243 3060 7886 7529
5 5255 1966 7845 7530
5 4993 2368 10789 7531
5 10101 2038 10535 7532
5 2919 5690 8579 7533
5 1067 4745 6647 7534
5 6993 3736 11266 7535
5 3280 4969 9016 7536
5 2956 5107 9962 7537
5 5699 2266 6272 7538
5 3248 7413 7714 7539
5 4649 2004 10075 7540
5 5545 2265 6630 7541
5 3137 8630 8675 7542
5 1497 6030 6625 7543
5 5266 1583 5442 7544
5 3804 7052 7055 7545
5 29 4524 7545 7546
5 5213 3427 9186 7547
5 439 438 5967 7548
5 2097 4849 7722 7549
5 4574 2778 7419 7550
5 5321 2228 7860 7551
5 8388 4407 9253 7552
5 1242 9468 10267 7553
5 4077 5363 11088 7554
5 5363 2247 11088 7555
5 306 305 5480 7556
5 4487 2863 7102 7557
5 5363 1333 11219 7558
5 6279 3208 7315 7559
5 933 4697 8093 7560
5 1383 4527 7734 7561
5 5235 2441 5862 7562
5 6234 1528 8753 7563
5 1372 4415 7768 7564
5 5047 2122 7878 7565
5 2767 1679 3838 7566
5 2388 5483 11056 7567
5 6773 1666 9150 7568
5 5508 2970 10572 7569
5 3252 8388 9253 7570
5 8363 3032 8784 7571
5 1074 4264 10811 7572
5 4454 2197 8912 7573
5 1286 5670 11141 7574
5 4728 2324 8667 7575
5 4319 5481 10051 7576
5 3964 7070 10697 7577
5 1262 5288 9913 7578
5 4557 1234 6081 7579
5 6030 3161 6625 7580
5 5927 3897 8914 7581
5 5268 2820 7344 7582
5 3359 5949 8504 7583
5 2729 4099 7694 7584
5 5456 2706 6134 7585
5 5832 2246 5833 7586
5 1571 5456 6134 7587
5 5817 3528 8575 7588
5 6312 3278 8365 7589
5 4453 1410 10153 7590
5 3294 4937 9364 7591
5 3349 5832 5833 7592
5 5928 4034 9207 7593
5 6224 3871 10274 7594
5 6624 1564 9306 7595
5 2048 4600 10387 7596
5 647 4574 7419 7597
5 4937 2353 9364 7598
5 2684 6184 7502 7599
5 4416 1146 10167 7600
5 6050 3801 9948 7601
5 5223 2379 11262 7602
5 2211 5655 5903 7603
5 5795 1925 9138 7604
5 4390 2065 10312 7605
5 1356 4710 8825 7606
5 1551 6073 8130 7607
5 4586 3851 10011 7608
5 5745 4890 8777 7609
5 1152 5945 6570 7610
5 8098 2078 10101 7611
5 1029 1030 6317 7612
5 7058 4280 9682 7613
5 6428 3325 9057 7614
5 5207 1640 8098 7615
5 4971 2870 8600 7616
5 5098 1501 8002 7617
5 4939 2387 10185 7618
5 4436 233 7533 7619
5 5104 1939 9741 7620
5 4701 1410 10676 7621
5 6589 960 10264 7622
5 4710 2003 8631 7623
5 9119 2702 10426 7624
5 5247 2452 5834 7625
5 6054 4536 10993 7626
5 4377 2125 9925 7627
5 5210 2365 10458 7628
5 2753 4395 8052 7629
5 4572 15 7342 7630
5 4844 1422 9410 7631
5 7600 2755 11154 7632
5 4477 1869 9098 7633
5 1227 4573 8692 7634
5 1324 4765 7639 7635
5 1386 4693 7698 7636
5 1271 3747 7718 7637
5 2453 5167 9573 7638
5 7975 3584 9816 7639
5 20 21 6127 7640
5 4627 3389 10196 7641
5 2944 6207 7105 7642
5 1429 4883 11136 7643
5 6047 2406 7891 7644
5 4473 1849 8688 7645
5 1681 6299 10897 7646
5 2928 5364 7902 7647
5 7732 2171 10819 7648
5 8328 5805 9807 7649
5 2299 4098 6487 7650
5 2319 6009 6406 7651
5 4410 7278 9620 7652
5 6383 2350 7312 7653
5 559 560 6604 7654
5 277 276 6991 7655
5 1257 7553 10118 7656
5 2425 4618 9294 7657
5 7199 4973 8830 7658
5 1785 7134 7983 7659
5 1123 5683 6311 7660
5 2892 4667 6577 7661
5 4196 1375 8183 7662
5 2388 11056 11173 7663
5 4671 2540 6570 7664
5 4941 2147 6336 7665
5 4749 440 7564 7666
5 3215 8153 9569 7667
5 8200 1677 8628 7668
5 2954 6083 6872 7669
5 2792 2063 10275 7670
5 4958 3856 7254 7671
5 2782 4572 7342 7672
5 2641 2772 7922 7673
5 6313 2073 9734 7674
5 3910 6313 9734 7675
5 2937 4472 9027 7676
5 5194 2874 7976 7677
5 5391 1434 6687 7678
5 107 5235 5862 7679
5 965 4866 9248 7680
5 434 433 6005 7681
5 4594 2431 8070 7682
5 1850 4419 8260 7683
5 2954 6872 10857 7684
5 3098 6426 8585 7685
5 2382 5415 10638 7686
5 4433 2003 8508 7687
5 5733 3611 10003 7688
5 685 5220 8079 7689
5 3272 6341 7361 7690
5 4200 5712 10449 7691
5 2231 5414 7283 7692
5 1908 3119 9430 7693
5 4892 1087 9575 7694
5 2638 4428 8369 7695
5 2900 4449 10120 7696
5 2532 4528 7133 7697
5 836 5134 9305 7698
5 1304 5367 7694 7699
5 5741 1063 6696 7700
5 2400 5704 9317 7701
5 1354 5230 10505 7702
5 3651 5016 7101 7703
5 5623 2366 6336 7704
5 2645 5158 6966 7705
5 6238 1191 7598 7706
5 4473 1326 9973 7707
5 1405 4843 6370 7708
5 3247 7328 7900 7709
5 8168 3751 10255 7710
5 5533 1010 7841 7711
5 4710 1356 6532 7712
5 6235 2272 10273 7713
5 4351 5035 8756 7714
5 10268 1063 10800 7715
5 1343 6841 8499 7716
5 2434 6527 8035 7717
5 1357 4545 8192 7718
5 322 321 8560 7719
5 4662 1253 7120 7720
5 4438 1870 8563 7721
5 860 4711 7465 7722
5 1706 5095 6954 7723
5 230 229 5774 7724
5 4040 1387 8877 7725
5 1391 4655 9010 7726
5 4668 1369 6291 7727
5 4649 1573 9454 7728
5 3814 8279 11198 7729
5 5437 1269 8928 7730
5 4642 2423 9029 7731
5 2981 5825 8315 7732
5 2525 4528 7060 7733
5 4441 2820 8546 7734
5 4887 2838 7989 7735
5 4375 2582 8939 7736
5 6367 1370 6756 7737
5 4477 1475 8992 7738
5 5671 1456 6820 7739
5 6539 3737 10270 7740
5 1205 7806 9225 7741
5 4732 3132 7026 7742
5 3760 987 9991 7743
5 2232 5310 9337 7744
5 4752 1358 7376 7745
5 1022 5559 8488 7746
5 501 500 5772 7747
5 112 111 6478 7748
5 2423 4642 7835 7749
5 2571 7137 7406 7750
5 7137 3693 7406 7751
5 4465 2613 9922 7752
5 4771 2128 5826 7753
5 268 267 7209 7754
5 4907 2605 7475 7755
5 5076 2997 10650 7756
5 3203 4881 9258 7757
5 2978 2889 5883 7758
5 2416 4529 7081 7759
5 5417 9250 11048 7760
5 6365 2416 9997 7761
5 3333 9307 9496 7762
5 3086 5218 6105 7763
5 2855 7183 8494 7764
5 6026 5130 10769 7765
5 5218 2066 6105 7766
5 1517 5763 9979 7767
5 2415 4769 6758 7768
5 473 472 5883 7769
5 499 498 5775 7770
5 3077 6727 9206 7771
5 4514 1913 9476 7772
5 838 4637 7593 7773
5 4385 10492 10648 7774
5 1428 5829 8035 7775
5 1504 5989 10783 7776
5 5989 4371 10783 7777
5 2572 4506 7230 7778
5 103 102 7392 7779
5 6727 4228 9206 7780
5 2523 4662 7120 7781
5 2361 5191 9787 7782
5 5272 2404 6627 7783
5 4436 1900 8484 7784
5 7278 1372 9620 7785
5 6467 3612 8632 7786
5 2146 6314 11094 7787
5 99 98 8289 7788
5 653 654 5463 7789
5 5037 821 7358 7790
5 2806 6825 7131 7791
5 2138 9377 9653 7792
5 4982 2143 7553 7793
5 4742 5224 10726 7794
5 4437 2049 8279 7795
5 1190 5832 8110 7796
5 3026 6873 8092 7797
5 2200 7579 10631 7798
5 3580 2063 9782 7799
5 5932 2435 10126 7800
5 5832 3349 8110 7801
5 1640 2767 7780 7802
5 7870 1 9086 7803
5 1378 4440 8147 7804
5 5504 3331 8970 7805
5 4668 2154 9053 7806
5 8035 6527 10475 7807
5 1830 4724 11193 7808
5 1729 3874 9011 7809
5 1120 4464 8662 7810
5 10074 1681 10897 7811
5 1064 5388 8967 7812
5 5834 2452 7186 7813
5 1247 4604 9994 7814
5 4496 5287 8096 7815
5 6548 3228 8305 7816
5 3137 6740 8630 7817
5 1545 4773 6498 7818
5 7182 1736 8545 7819
5 1131 4822 6386 7820
5 8513 3578 8796 7821
5 4881 1145 9258 7822
5 5530 1637 8569 7823
5 8687 4508 10763 7824
5 3666 4818 6894 7825
5 8320 3877 8385 7826
5 1411 4386 7191 7827
5 2078 3153 5397 7828
5 4740 2389 10827 7829
5 157 156 5720 7830
5 4746 3150 9130 7831
5 7062 1815 10229 7832
5 9457 4295 10442 7833
5 754 4446 8102 7834
5 3689 6024 8814 7835
5 6024 2740 8814 7836
5 1756 6329 10971 7837
5 2356 5846 6889 7838
5 5406 1064 8967 7839
5 4531 1546 7726 7840
5 1612 4833 6735 7841
5 6407 4238 10273 7842
5 5246 1288 7384 7843
5 2226 5283 6770 7844
5 4755 7563 10946 7845
5 9380 4405 10942 7846
5 2881 5235 7549 7847
5 7546 3700 8275 7848
5 6034 4897 9767 7849
5 1469 4510 7444 7850
5 4510 2570 7444 7851
5 2661 4614 10025 7852
5 2338 6428 9838 7853
5 3810 5485 7578 7854
5 1338 4756 7810 7855
5 2193 5020 6132 7856
5 2999 5389 6816 7857
5 1417 6321 6830 7858
5 3356 5144 9343 7859
5 4980 962 7226 7860
5 3119 1909 9430 7861
5 5185 3151 6044 7862
5 2410 5239 9519 7863
5 7657 1906 9605 7864
5 4526 1407 7183 7865
5 2380 5497 6973 7866
5 2056 4496 7396 7867
5 3476 5199 7818 7868
5 1910 6904 7701 7869
5 6592 2846 9756 7870
5 429 428 6067 7871
5 4906 2985 8576 7872
5 1678 5318 9531 7873
5 2645 5532 8817 7874
5 138 137 6704 7875
5 2533 4933 6252 7876
5 2703 4454 8912 7877
5 4839 1240 11035 7878
5 2678 9141 10473 7879
5 3656 4839 11035 7880
5 5207 1212 10753 7881
5 7190 3334 10228 7882
5 1902 4529 9321 7883
5 4832 2082 6529 7884
5 2983 6394 6797 7885
5 6838 6319 10873 7886
5 1153 4832 9852 7887
5 4578 1474 7023 7888
5 2532 5125 6029 7889
5 2655 4831 10295 7890
5 6415 4653 8682 7891
5 484 4877 6718 7892
5 6673 3352 7022 7893
5 1627 6673 7022 7894
5 4601 2129 6182 7895
5 6505 5625 8822 7896
5 3116 8342 8778 7897
5 5713 3793 10455 7898
5 4973 42 7760 7899
5 6998 1160 10515 7900
5 3256 4663 10351 7901
5 4710 6532 7684 7902
5 4482 2486 7589 7903
5 5815 1154 7316 7904
5 4578 7023 10591 7905
5 1261 3975 9767 7906
5 2242 5664 5676 7907
5 2090 3178 8055 7908
5 2525 4913 10844 7909
5 7201 5374 9752 7910
5 5223 811 10253 7911
5 7126 2640 8458 7912
5 1854 6552 9896 7913
5 2875 7298 7371 7914
5 4779 2742 10955 7915
5 1546 5254 6200 7916
5 4506 727 11231 7917
5 2690 4478 10210 7918
5 2537 4473 8688 7919
5 4432 2428 6720 7920
5 5670 2798 5828 7921
5 1668 6948 9486 7922
5 7237 2815 8451 7923
5 2090 6234 6746 7924
5 4358 1891 11068 7925
5 1113 5106 7233 7926
5 2970 7667 10572 7927
5 4648 1532 6762 7928
5 6183 4228 9155 7929
5 1787 5168 9366 7930
5 2589 5095 11250 7931
5 4499 3114 10836 7932
5 5168 3421 9366 7933
5 2518 4608 6918 7934
5 4818 1489 6894 7935
5 4507 2759 7386 7936
5 1402 5444 7228 7937
5 5350 2583 10987 7938
5 5664 3197 5676 7939
5 4827 4278 10761 7940
5 1344 4508 9025 7941
5 3791 5889 10211 7942
5 6948 4425 9486 7943
5 1643 6523 7309 7944
5 5125 2532 9466 7945
5 6523 3392 7309 7946
5 8365 3278 9939 7947
5 4927 2427 7291 7948
5 5729 3012 6668 7949
5 4318 1830 11193 7950
5 1248 4688 6907 7951
5 7543 1790 8025 7952
5 4816 435 7610 7953
5 2213 5670 5828 7954
5 5823 1499 6252 7955
5 4688 2528 6907 7956
5 4877 483 6717 7957
5 4629 2474 7336 7958
5 139 138 7250 7959
5 4264 1074 9558 7960
5 1081 4901 8943 7961
5 8323 1168 9153 7962
5 3359 6755 8462 7963
5 1809 9189 9209 7964
5 2279 6183 9155 7965
5 1606 4770 6615 7966
5 2846 4212 9756 7967
5 4479 2048 8375 7968
5 4341 2323 9737 7969
5 3040 4489 8854 7970
5 6242 1066 9700 7971
5 4900 2734 7504 7972
5 4831 2269 5889 7973
5 7115 4158 11280 7974
5 1443 4900 7504 7975
5 4962 1273 9590 7976
5 2012 5577 10548 7977
5 3337 4962 9590 7978
5 4753 2636 10804 7979
5 4328 4758 10819 7980
5 2423 5012 6516 7981
5 6188 1700 9753 7982
5 9401 3344 9861 7983
5 4635 1845 9512 7984
5 3151 4635 9512 7985
5 4838 74 6800 7986
5 3180 9413 10009 7987
5 4963 2460 6556 7988
5 5269 2361 9787 7989
5 6373 9532 10984 7990
5 3344 4925 6986 7991
5 5230 2545 6910 7992
5 5558 2943 5802 7993
5 1353 4568 10924 7994
5 2410 6520 7513 7995
5 2813 4755 10946 7996
5 5721 643 8529 7997
5 203 202 9599 7998
5 784 785 6374 7999
5 5453 2268 5807 8000
5 2074 5769 8945 8001
5 1084 7379 9463 8002
5 5100 2011 6707 8003
5 3096 5100 6707 8004
5 4919 2250 6312 8005
5 2140 5336 8853 8006
5 2582 4375 10487 8007
5 2626 3859 8705 8008
5 5366 957 10026 8009
5 1701 5120 9389 8010
5 3913 6175 6846 8011
5 6175 2462 6846 8012
5 4610 1326 8247 8013
5 2209 4552 7164 8014
5 2863 4487 8754 8015
5 1391 6914 10197 8016
5 6618 3968 10341 8017
5 4487 2027 8754 8018
5 1204 6702 10439 8019
5 7119 1591 9794 8020
5 4294 5770 9668 8021
5 5061 849 6720 8022
5 6315 2616 7832 8023
5 3928 6121 6648 8024
5 6858 2583 10040 8025
5 446 4704 6912 8026
5 2372 5121 8364 8027
5 1510 5138 8307 8028
5 1210 4491 10577 8029
5 5138 3067 8307 8030
5 1770 9185 9257 8031
5 4664 2599 6768 8032
5 2481 6890 7148 8033
5 8895 5452 9792 8034
5 5088 1616 6338 8035
5 2029 9081 11190 8036
5 2531 5088 6338 8037
5 2625 4493 8197 8038
5 4628 2245 8000 8039
5 5935 1236 9356 8040
5 829 5541 6412 8041
5 3827 5935 9356 8042
5 5721 2529 6240 8043
5 1849 4473 9042 8044
5 4503 1733 7747 8045
5 4152 2555 6513 8046
5 1112 4478 8673 8047
5 4521 2364 7376 8048
5 4693 1386 7420 8049
5 4299 6725 7487 8050
5 3234 8170 8248 8051
5 6920 3961 9918 8052
5 5464 6148 10671 8053
5 373 372 6150 8054
5 2710 5805 8328 8055
5 4074 7543 8025 8056
5 4812 1876 7904 8057
5 5957 2327 7109 8058
5 4545 3191 8189 8059
5 1443 4660 7802 8060
5 4550 1018 7709 8061
5 4238 6235 10273 8062
5 3044 5925 6835 8063
5 2997 5076 8023 8064
5 5695 2864 9576 8065
5 4504 1699 8915 8066
5 5262 2357 5841 8067
5 5331 3634 9727 8068
5 1697 4943 6393 8069
5 7401 4201 7730 8070
5 2507 4620 10174 8071
5 6530 3597 8872 8072
5 2373 4386 8124 8073
5 1178 4777 6572 8074
5 2574 4731 6750 8075
5 2440 4717 7719 8076
5 2227 5898 8758 8077
5 5361 2140 8853 8078
5 4638 1331 8299 8079
5 4500 1119 7631 8080
5 5898 3606 8758 8081
5 3653 2090 6746 8082
5 2623 5232 7480 8083
5 5388 5056 9121 8084
5 4721 3448 10489 8085
5 822 4848 7358 8086
5 1317 4721 10489 8087
5 4824 1688 11104 8088
5 7410 5932 10126 8089
5 1385 5993 10078 8090
5 5263 3483 9255 8091
5 5340 3824 10558 8092
5 2304 4951 7601 8093
5 2651 4716 7483 8094
5 4716 1414 7483 8095
5 1195 5212 10464 8096
5 6978 4363 9298 8097
5 1516 6235 10063 8098
5 6235 4238 10063 8099
5 6071 2281 8935 8100
5 7350 4242 10161 8101
5 5577 1220 8471 8102
5 5207 1419 9288 8103
5 3335 5577 8471 8104
5 3145 4794 9938 8105
5 4986 688 6607 8106
5 4685 3316 9070 8107
5 2150 6978 9298 8108
5 6607 3423 9548 8109
5 6568 2179 8377 8110
5 4330 6315 11139 8111
5 1523 9786 10263 8112
5 3344 7284 9861 8113
5 3445 5177 7357 8114
5 5178 1103 8995 8115
5 5360 2413 10187 8116
5 2541 4747 10718 8117
5 2408 4821 9312 8118
5 19 5692 8472 8119
5 4117 8265 11029 8120
5 3158 4619 6972 8121
5 1433 5612 7352 8122
5 3070 4689 9185 8123
5 6334 3847 10562 8124
5 4193 8242 10497 8125
5 3228 7297 8612 8126
5 4863 3102 8611 8127
5 4757 2511 9769 8128
5 5256 2298 6297 8129
5 4500 2388 7688 8130
5 2353 5249 7590 8131
5 3540 5392 10715 8132
5 3243 5249 7844 8133
5 1983 7558 8016 8134
5 1154 5939 7316 8135
5 3823 8360 9210 8136
5 7558 4056 8016 8137
5 1370 4482 8272 8138
5 4482 1917 8330 8139
5 4484 2862 8531 8140
5 2035 4717 9456 8141
5 3485 5003 8405 8142
5 1254 4053 8370 8143
5 3796 5402 8468 8144
5 4735 825 6919 8145
5 6279 723 8742 8146
5 7269 2861 7473 8147
5 4554 1699 7769 8148
5 4621 2208 9873 8149
5 3997 5558 10612 8150
5 5558 2171 10612 8151
5 3389 6834 6974 8152
5 2379 5609 11262 8153
5 1839 7871 10065 8154
5 6834 2526 6974 8155
5 3520 5278 9346 8156
5 538 537 6052 8157
5 5281 3520 9346 8158
5 648 649 10209 8159
5 4036 8039 9156 8160
5 2660 5795 6016 8161
5 3093 4878 8938 8162
5 4878 1376 8938 8163
5 1295 7112 7324 8164
5 7038 3428 9380 8165
5 375 374 6145 8166
5 6228 4079 7978 8167
5 1316 4679 10300 8168
5 5184 1768 6855 8169
5 4643 1938 6900 8170
5 2238 5858 9695 8171
5 7392 4125 10587 8172
5 5273 3193 9149 8173
5 8104 86 8761 8174
5 6192 2743 6343 8175
5 6649 1420 10031 8176
5 3193 5273 11078 8177
5 4386 1935 9705 8178
5 3306 4559 7215 8179
5 2713 5267 9341 8180
5 2623 7420 7665 8181
5 2045 3391 7647 8182
5 219 218 8342 8183
5 1394 4872 11279 8184
5 181 180 6162 8185
5 8268 2940 10847 8186
5 4677 1579 6803 8187
5 8890 3282 9597 8188
5 2060 5666 7305 8189
5 6953 5206 9527 8190
5 4571 2579 7184 8191
5 2160 5694 10382 8192
5 2618 8287 10902 8193
5 1331 4638 8170 8194
5 4506 3295 9482 8195
5 2875 4359 7298 8196
5 6746 5098 9160 8197
5 8194 1897 9421 8198
5 1951 5364 9673 8199
5 8999 5025 9089 8200
5 4834 2170 6603 8201
5 1254 5396 6963 8202
5 2450 4635 7787 8203
5 4570 816 8578 8204
5 6275 2685 7671 8205
5 2357 5262 7724 8206
5 6490 2910 6653 8207
5 774 775 6858 8208
5 6430 4773 10448 8209
5 7945 3289 9941 8210
5 1878 4490 8432 8211
5 4780 1006 7928 8212
5 5262 2939 7724 8213
5 4555 3094 9361 8214
5 4650 3343 10799 8215
5 3883 6275 7671 8216
5 5844 1404 6921 8217
5 2919 4896 7031 8218
5 4802 3773 6842 8219
5 4523 1484 8177 8220
5 5726 7653 10829 8221
5 2834 4802 6842 8222
5 3868 7574 9778 8223
5 1821 4513 8870 8224
5 1719 8244 9007 8225
5 4857 430 7655 8226
5 5868 1456 6804 8227
5 1987 4819 7351 8228
5 5746 2382 8641 8229
5 5066 4092 11141 8230
5 5231 4099 9448 8231
5 5858 4234 9695 8232
5 2006 4703 6775 8233
5 39 5645 9603 8234
5 2811 7287 7837 8235
5 2406 5192 11136 8236
5 831 4787 8206 8237
5 2455 6587 9560 8238
5 3827 6690 9859 8239
5 4516 2252 9081 8240
5 4834 2042 8834 8241
5 1127 5089 6156 8242
5 600 601 5552 8243
5 1393 4613 10547 8244
5 2301 6832 9476 8245
5 1408 4785 8477 8246
5 4781 3021 6637 8247
5 6490 2654 8909 8248
5 4496 1534 11308 8249
5 4748 3092 11309 8250
5 1707 6645 8391 8251
5 9848 3402 10035 8252
5 2347 6296 8184 8253
5 4528 2532 9516 8254
5 2412 7841 8997 8255
5 1956 4642 6966 8256
5 2444 4394 7067 8257
5 221 4727 6742 8258
5 2713 6045 6381 8259
5 4717 1338 7719 8260
5 4536 948 7456 8261
5 5305 1787 8988 8262
5 8280 3862 9519 8263
5 5522 3785 11150 8264
5 3347 5305 8988 8265
5 3581 4724 10066 8266
5 8269 3968 10958 8267
5 2196 4874 6215 8268
5 2474 4675 7336 8269
5 2407 5285 7271 8270
5 4725 3336 8924 8271
5 2629 4596 6911 8272
5 2769 5064 7390 8273
5 1467 4498 9499 8274
5 3716 8757 8779 8275
5 5064 2001 7390 8276
5 5049 2097 7722 8277
5 6394 2983 7407 8278
5 4659 2412 5447 8279
5 6619 1202 9526 8280
5 9560 3350 10394 8281
5 2701 1592 7829 8282
5 2764 4501 8482 8283
5 4608 3432 10059 8284
5 2901 4223 7871 8285
5 5320 3907 9112 8286
5 6257 1801 8151 8287
5 4500 1897 8194 8288
5 4995 1193 6480 8289
5 8465 1945 10705 8290
5 4643 2493 7678 8291
5 2370 7664 9157 8292
5 4713 2241 6014 8293
5 802 8521 9654 8294
5 2396 5118 10479 8295
5 1897 4500 9619 8296
5 960 961 10264 8297
5 5128 2714 6584 8298
5 2276 6854 8133 8299
5 5767 1254 6963 8300
5 6060 2676 6203 8301
5 1066 7374 9700 8302
5 5784 2392 8994 8303
5 4961 1578 6424 8304
5 2479 4961 6424 8305
5 7164 1451 9194 8306
5 4540 2967 9137 8307
5 5242 9580 9870 8308
5 4679 2051 10392 8309
5 2475 5887 7650 8310
5 660 5010 9172 8311
5 5763 2144 10132 8312
5 5645 39 7370 8313
5 5995 3242 10731 8314
5 5327 1926 8414 8315
5 7925 3430 9542 8316
5 3171 5327 8414 8317
5 5233 2343 8353 8318
5 1237 4723 7065 8319
5 3390 6072 7468 8320
5 6072 2113 7468 8321
5 6517 4375 8939 8322
5 4350 3049 7491 8323
5 5446 5881 9110 8324
5 1001 1002 6082 8325
5 4508 3000 10763 8326
5 3114 4564 10523 8327
5 4517 1962 9176 8328
5 5866 2437 7951 8329
5 4841 2292 6841 8330
5 2643 4931 7793 8331
5 5085 6691 9103 8332
5 2385 4734 10568 8333
5 6711 968 7729 8334
5 4476 1019 8437 8335
5 3554 10438 11218 8336
5 2833 4511 7993 8337
5 5755 4801 9671 8338
5 4253 7508 10751 8339
5 6551 3041 6771 8340
5 4943 3078 6393 8341
5 5722 2642 7570 8342
5 1008 6925 9282 8343
5 5014 2164 5476 8344
5 7522 1460 10490 8345
5 4512 1083 7986 8346
5 4790 1367 9291 8347
5 5117 2649 8099 8348
5 4138 1402 7534 8349
5 2408 9312 9374 8350
5 818 819 5564 8351
5 3295 4506 11231 8352
5 4507 1949 8467 8353
5 5254 2129 6200 8354
5 1493 4558 7400 8355
5 4394 2443 7111 8356
5 5152 1070 6659 8357
5 6244 3479 8457 8358
5 5691 1882 7385 8359
5 4696 1830 8627 8360
5 4787 2956 8206 8361
5 7133 1726 8115 8362
5 3565 7133 8115 8363
5 2457 4756 9582 8364
5 3782 5697 7395 8365
5 2954 7110 9811 8366
5 5501 670 10416 8367
5 3957 5243 8975 8368
5 3941 6976 8392 8369
5 6976 2844 8392 8370
5 2492 4714 6827 8371
5 2759 4507 8467 8372
5 8571 4168 8792 8373
5 4988 2240 6368 8374
5 2413 4767 8883 8375
5 4323 1087 8149 8376
5 4515 3175 8198 8377
5 1384 6070 9652 8378
5 5899 3183 8621 8379
5 2122 5333 7878 8380
5 441 4749 6951 8381
5 6070 3959 9652 8382
5 2321 4976 10158 8383
5 4976 3480 10158 8384
5 5300 2930 6756 8385
5 4953 2053 9729 8386
5 5924 2475 7650 8387
5 4434 4953 9729 8388
5 6658 3001 8310 8389
5 3248 5282 7413 8390
5 8235 1748 10421 8391
5 4709 292 7918 8392
5 5991 4114 11216 8393
5 5589 2193 8429 8394
5 3408 4817 10610 8395
5 4380 2729 10384 8396
5 4657 1529 10089 8397
5 4619 3158 9694 8398
5 4613 2019 7175 8399
5 9587 5624 11196 8400
5 293 292 9033 8401
5 3193 5105 8892 8402
5 7076 3250 10321 8403
5 4904 2358 8048 8404
5 6091 1524 9980 8405
5 4090 6091 9980 8406
5 1203 4285 9073 8407
5 5943 1734 6583 8408
5 6573 5166 9170 8409
5 891 892 5607 8410
5 4365 6155 10190 8411
5 1484 4523 10064 8412
5 2425 5654 8297 8413
5 5105 1578 8892 8414
5 4967 1644 8304 8415
5 961 4980 10264 8416
5 3558 4911 10461 8417
5 2255 3704 8277 8418
5 2929 4967 8304 8419
5 1221 5951 9015 8420
5 942 943 5608 8421
5 5951 3675 9015 8422
5 1522 6404 8249 8423
5 7200 6351 10344 8424
5 6576 3454 7207 8425
5 2689 5955 6418 8426
5 2661 5795 9138 8427
5 1627 5328 6673 8428
5 104 103 6146 8429
5 5328 2668 6673 8430
5 2877 5972 7305 8431
5 4537 10268 10800 8432
5 2595 6576 7207 8433
5 1739 5864 6537 8434
5 1696 4690 10240 8435
5 2469 4459 6053 8436
5 2530 5692 6127 8437
5 4690 3327 10240 8438
5 1145 5565 6075 8439
5 1442 5789 7319 8440
5 3489 6202 8900 8441
5 6155 4381 10198 8442
5 2927 1473 6187 8443
5 7129 1556 9837 8444
5 3302 5371 10096 8445
5 2070 5038 6427 8446
5 5038 2605 6427 8447
5 1669 6196 10270 8448
5 3313 5043 6294 8449
5 8036 3168 8589 8450
5 1901 4540 8552 8451
5 6224 2564 8321 8452
5 4868 2546 11167 8453
5 2248 4705 10292 8454
5 4935 2496 7037 8455
5 5565 3034 6075 8456
5 4552 2209 7580 8457
5 2115 4910 6506 8458
5 8315 5825 10837 8459
5 4698 1957 10333 8460
5 6247 2109 9061 8461
5 22 23 6216 8462
5 5981 1607 8285 8463
5 5922 10506 11070 8464
5 3290 4866 10837 8465
5 4902 2653 7921 8466
5 4979 8902 10106 8467
5 6479 3658 10441 8468
5 3513 7024 10516 8469
5 9167 3436 9339 8470
5 6541 2742 6656 8471
5 205 204 7184 8472
5 2471 4763 11236 8473
5 1906 4337 8643 8474
5 4108 2318 6560 8475
5 5420 3835 7670 8476
5 7308 5328 10339 8477
5 1250 4904 11272 8478
5 6588 1576 7756 8479
5 4519 1299 6805 8480
5 3242 9497 10731 8481
5 2780 5269 10560 8482
5 3905 6781 10278 8483
5 2365 5210 6590 8484
5 5195 2498 7306 8485
5 6811 4611 7588 8486
5 5330 1137 8381 8487
5 1907 4526 8057 8488
5 5064 2769 7440 8489
5 1262 5064 7440 8490
5 6186 6185 7422 8491
5 3056 6204 7604 8492
5 2988 4677 6979 8493
5 4379 1406 8469 8494
5 5105 3193 6512 8495
5 4566 939 7452 8496
5 5279 4209 9749 8497
5 2065 8720 10067 8498
5 5055 3850 8807 8499
5 3256 5085 7486 8500
5 4705 2699 6928 8501
5 3329 1059 11038 8502
5 4769 2018 6758 8503
5 5764 2704 5861 8504
5 2378 5204 9133 8505
5 5270 1997 9532 8506
5 4313 7391 8126 8507
5 5054 1754 9272 8508
5 5074 2405 7047 8509
5 6059 1917 11287 8510
5 2654 6490 6653 8511
5 4523 6059 11287 8512
5 2150 4959 6472 8513
5 7078 5390 9398 8514
5 2825 5888 8291 8515
5 7590 1747 7798 8516
5 1348 4957 6475 8517
5 3357 7915 8769 8518
5 4445 2316 9614 8519
5 5049 3686 10831 8520
5 1089 5049 10831 8521
5 981 982 8077 8522
5 3138 5211 8562 8523
5 542 4949 8331 8524
5 5211 2212 8562 8525
5 3043 5205 6496 8526
5 3952 8371 10690 8527
5 5191 3571 10253 8528
5 2074 4597 8442 8529
5 3467 9514 10432 8530
5 5301 4405 9380 8531
5 1926 6043 10534 8532
5 2912 5807 8265 8533
5 7726 3860 8203 8534
5 7356 1194 11099 8535
5 1612 6735 7332 8536
5 1005 1006 4837 8537
5 7121 2655 7617 8538
5 1882 5077 10301 8539
5 6212 3384 10611 8540
5 6379 1658 7294 8541
5 4900 1987 7351 8542
5 2400 9317 10510 8543
5 1162 4561 7566 8544
5 1969 3687 5029 8545
5 1839 6245 10440 8546
5 1419 5207 8098 8547
5 4868 1630 11176 8548
5 377 376 6256 8549
5 5482 3176 7521 8550
5 5026 2453 6236 8551
5 8037 5292 11013 8552
5 3405 7314 7847 8553
5 5952 1943 10816 8554
5 4949 2921 8331 8555
5 4271 5952 10816 8556
5 621 5040 8602 8557
5 9173 5156 11130 8558
5 6002 3039 6516 8559
5 1148 6002 6516 8560
5 5357 3079 6122 8561
5 4637 838 10792 8562
5 1506 8369 9154 8563
5 4571 2095 8383 8564
5 4692 2120 10178 8565
5 8175 1399 8948 8566
5 3625 5048 10398 8567
5 2882 4575 9471 8568
5 8650 3076 11253 8569
5 2460 5096 6556 8570
5 6413 1523 10263 8571
5 6038 4317 8932 8572
5 5896 1536 8872 8573
5 2437 5134 7593 8574
5 3080 5002 8746 8575
5 1300 4583 10440 8576
5 3597 5896 8872 8577
5 4829 8295 8717 8578
5 5002 1208 8746 8579
5 1887 4880 8564 8580
5 2590 5745 5970 8581
5 1052 6315 7169 8582
5 3149 4627 9611 8583
5 6324 3452 9298 8584
5 752 753 7586 8585
5 3808 5473 8851 8586
5 4532 3138 8562 8587
5 5818 5197 9601 8588
5 5261 3373 5708 8589
5 4122 8033 9005 8590
5 4392 9206 10835 8591
5 2208 5069 10013 8592
5 6969 188 10150 8593
5 4820 1794 10877 8594
5 7879 2665 9233 8595
5 4663 1567 10351 8596
5 4376 6479 10441 8597
5 2753 4655 8327 8598
5 3425 6938 10825 8599
5 4561 1162 9026 8600
5 4159 2897 8690 8601
5 86 87 8761 8602
5 6867 1673 8056 8603
5 5046 2786 6643 8604
5 3480 4781 10656 8605
5 4781 1396 10656 8606
5 2138 4346 9376 8607
5 2105 5050 9218 8608
5 5947 1477 8240 8609
5 6215 1713 10487 8610
5 2413 6219 10187 8611
5 4765 2758 9439 8612
5 4558 2790 8473 8613
5 5633 10068 11179 8614
5 2590 5970 6431 8615
5 7997 1654 10996 8616
5 5152 3095 8542 8617
5 1886 4586 7524 8618
5 5820 1474 9022 8619
5 5809 2648 7421 8620
5 6787 1964 9872 8621
5 6766 1383 7734 8622
5 5654 2740 10004 8623
5 4450 6787 9872 8624
5 6818 2957 7620 8625
5 1197 4497 7851 8626
5 4166 9029 9163 8627
5 5628 4397 7887 8628
5 1070 5152 8542 8629
5 8454 1767 9760 8630
5 3613 6566 8670 8631
5 612 613 10010 8632
5 6025 1167 7270 8633
5 2006 5025 7436 8634
5 1859 4558 8473 8635
5 9398 6834 9728 8636
5 6013 1118 8283 8637
5 198 7984 8142 8638
5 5614 1359 10643 8639
5 756 757 7092 8640
5 4872 2015 11061 8641
5 3624 4872 11061 8642
5 8151 1801 8310 8643
5 8249 6404 10397 8644
5 2606 4561 9026 8645
5 4673 6042 9657 8646
5 1284 5426 11146 8647
5 2768 5492 9629 8648
5 589 5182 7067 8649
5 9978 1734 10037 8650
5 1520 5290 6743 8651
5 4817 3408 10080 8652
5 5210 1311 9474 8653
5 4318 2324 8627 8654
5 2041 4732 10378 8655
5 2351 6353 8240 8656
5 3422 5210 9474 8657
5 6314 2146 9839 8658
5 5129 2434 8430 8659
5 8443 3138 9284 8660
5 3142 6388 6921 8661
5 1423 4629 7336 8662
5 6388 2618 6921 8663
5 3228 6401 7297 8664
5 1495 5025 8999 8665
5 5631 1138 9824 8666
5 379 378 6259 8667
5 6759 2999 8683 8668
5 2168 5357 6122 8669
5 2767 3838 5601 8670
5 8369 4428 9154 8671
5 4582 786 8642 8672
5 1491 4670 9981 8673
5 5190 1112 8582 8674
5 5606 4106 7875 8675
5 1413 4664 7157 8676
5 2034 10714 10723 8677
5 8507 1039 10997 8678
5 7446 2598 8175 8679
5 5745 1235 5970 8680
5 4595 2572 8448 8681
5 5924 1659 9790 8682
5 5581 3069 9436 8683
5 1645 6076 6640 8684
5 236 235 6853 8685
5 684 685 8079 8686
5 1650 4543 11020 8687
5 4804 3911 6799 8688
5 4511 6688 9742 8689
5 7909 3618 8204 8690
5 639 6085 6275 8691
5 5231 4535 10968 8692
5 1101 6355 9555 8693
5 4667 2892 8732 8694
5 1126 4667 8732 8695
5 1563 5811 7171 8696
5 4678 307 9917 8697
5 4880 4308 9413 8698
5 4214 5302 7037 8699
5 39 40 7370 8700
5 5486 3385 9299 8701
5 4661 1580 9869 8702
5 3525 5754 9810 8703
5 2228 6784 8986 8704
5 9326 3469 9774 8705
5 6784 4066 8986 8706
5 8400 4320 10754 8707
5 2236 5347 6125 8708
5 2640 7313 8661 8709
5 4087 7757 8960 8710
5 7758 1686 8067 8711
5 1245 4547 8591 8712
5 4675 2627 7597 8713
5 195 194 8349 8714
5 2273 4566 10716 8715
5 4666 3314 9896 8716
5 3316 4685 10940 8717
5 4768 3447 10564 8718
5 2580 6886 11121 8719
5 5598 1420 6649 8720
5 7172 4546 11054 8721
5 4551 2061 8084 8722
5 1425 6534 11080 8723
5 674 675 7188 8724
5 7601 5682 9509 8725
5 8578 817 10048 8726
5 2721 5983 8230 8727
5 436 4816 7000 8728
5 1043 5798 9578 8729
5 3172 5013 9778 8730
5 2115 4868 7823 8731
5 5817 8575 10852 8732
5 8236 3995 8805 8733
5 4334 1913 9097 8734
5 5215 4604 8675 8735
5 4912 1042 7528 8736
5 3342 5786 6603 8737
5 5756 2175 7153 8738
5 3318 5756 7153 8739
5 5096 2222 8881 8740
5 6035 4318 10168 8741
5 5344 2696 6248 8742
5 1291 4035 7679 8743
5 2868 7177 7202 8744
5 3564 7798 8238 8745
5 4502 5590 9701 8746
5 3830 7590 7798 8747
5 4848 823 8078 8748
5 7750 3516 8258 8749
5 4598 2577 8186 8750
5 1920 4627 9457 8751
5 7116 2694 7521 8752
5 6396 3569 7685 8753
5 7310 2463 10948 8754
5 4008 4760 8255 8755
5 5847 4527 8750 8756
5 2635 6932 7453 8757
5 3108 4549 8066 8758
5 5037 2479 6424 8759
5 3992 4894 11184 8760
5 8184 6296 9927 8761
5 2334 5146 6264 8762
5 2913 4848 8078 8763
5 5290 1520 6796 8764
5 2955 6837 8966 8765
5 2487 4955 7091 8766
5 1965 6064 9217 8767
5 2752 6396 7685 8768
5 4581 1355 9405 8769
5 5954 2380 6973 8770
5 4754 2530 6990 8771
5 4565 2174 8886 8772
5 3649 5723 8577 8773
5 2162 4722 7442 8774
5 3133 5662 8424 8775
5 7641 3678 9911 8776
5 5897 2705 6466 8777
5 2847 4954 8432 8778
5 6057 1151 10966 8779
5 6823 2843 11212 8780
5 2982 5051 8416 8781
5 4872 3624 8273 8782
5 5051 2107 8416 8783
5 2129 5171 6182 8784
5 177 5036 9002 8785
5 2685 6085 7503 8786
5 2399 6945 7167 8787
5 1090 8074 9651 8788
5 6984 4342 9391 8789
5 4646 5729 10650 8790
5 6274 3330 8169 8791
5 1171 4485 8632 8792
5 3207 5112 9005 8793
5 3331 6866 7731 8794
5 5112 1223 9005 8795
5 247 246 5739 8796
5 3322 4554 8270 8797
5 3067 5138 6290 8798
5 6085 3437 7503 8799
5 1332 1679 7751 8800
5 9801 3610 10392 8801
5 3280 5750 8370 8802
5 5430 3066 8552 8803
5 5814 1450 7992 8804
5 2727 1593 7941 8805
5 4483 1272 6337 8806
5 6598 2777 7853 8807
5 5742 2463 7310 8808
5 6719 1696 8211 8809
5 4916 2523 8433 8810
5 4592 883 7629 8811
5 4549 3108 8481 8812
5 5237 3282 9783 8813
5 1613 4754 6990 8814
5 1210 4928 10470 8815
5 5247 2464 6818 8816
5 4590 914 7651 8817
5 3063 5452 8895 8818
5 5146 2766 9363 8819
5 6847 4641 7621 8820
5 3434 6511 10277 8821
5 3569 6598 7853 8822
5 9189 4236 9209 8823
5 4563 1214 8764 8824
5 3327 5966 10605 8825
5 6151 2849 6316 8826
5 3499 9521 9866 8827
5 2549 6151 6316 8828
5 1939 4553 8543 8829
5 7739 5014 11256 8830
5 8510 2237 11299 8831
5 866 5261 7100 8832
5 5837 4068 8766 8833
5 5718 1445 8128 8834
5 2344 4380 7039 8835
5 4869 1727 8182 8836
5 8712 5349 10871 8837
5 1051 4893 8648 8838
5 1290 4797 10630 8839
5 1087 4323 9575 8840
5 4570 2780 8029 8841
5 4893 2968 8648 8842
5 6366 2732 7332 8843
5 3270 6366 7332 8844
5 8713 4131 9360 8845
5 4343 8175 8948 8846
5 1830 4318 8627 8847
5 4934 2569 6640 8848
5 3373 5065 6299 8849
5 5134 3264 9305 8850
5 1947 4778 9198 8851
5 2324 4349 8667 8852
5 1124 4791 9954 8853
5 1133 4565 8536 8854
5 5062 3295 9231 8855
5 5225 586 7111 8856
5 5212 4256 8927 8857
5 2231 5113 7154 8858
5 2358 4913 11276 8859
5 2302 6389 10441 8860
5 5012 1148 6516 8861
5 4615 4068 10921 8862
5 2328 8499 9106 8863
5 1968 3407 6159 8864
5 1326 4610 9246 8865
5 2722 6684 7093 8866
5 3307 6424 10549 8867
5 4747 2239 10718 8868
5 7475 2605 8009 8869
5 4533 1159 11245 8870
5 4541 3529 10360 8871
5 6008 3494 8065 8872
5 4564 2010 8671 8873
5 2521 4838 6800 8874
5 5514 2374 6820 8875
5 5439 2101 9339 8876
5 1833 6048 10479 8877
5 797 798 5771 8878
5 6049 286 10519 8879
5 4553 1939 8502 8880
5 6048 4182 10479 8881
5 3571 5223 10253 8882
5 2526 6834 9398 8883
5 3329 4348 7889 8884
5 1916 4457 11228 8885
5 4985 7908 11264 8886
5 4618 555 9294 8887
5 1293 5160 7645 8888
5 4907 1774 7130 8889
5 2605 4907 7130 8890
5 4684 4051 8135 8891
5 1411 7939 8124 8892
5 882 4592 7727 8893
5 664 665 8266 8894
5 1459 5546 5955 8895
5 112 6478 6801 8896
5 4903 3296 6836 8897
5 5368 1094 7970 8898
5 286 285 10519 8899
5 4624 1940 7595 8900
5 913 4590 7783 8901
5 1401 5021 6581 8902
5 5021 2550 6581 8903
5 9632 4703 10118 8904
5 2529 4754 7071 8905
5 2320 5572 5979 8906
5 4082 4580 11173 8907
5 2668 5328 7308 8908
5 6830 2673 9198 8909
5 4726 1744 7103 8910
5 3274 4792 10482 8911
5 958 959 5983 8912
5 6610 1197 7851 8913
5 3099 5393 7175 8914
5 1607 5981 6924 8915
5 5981 2961 6924 8916
5 2858 4610 9196 8917
5 4562 2526 8520 8918
5 3 558 8730 8919
5 4701 2152 7202 8920
5 4565 2681 8536 8921
5 4349 6035 10200 8922
5 7560 3601 9240 8923
5 2514 4891 6703 8924
5 4431 2481 7148 8925
5 4717 2035 10149 8926
5 7097 3583 7439 8927
5 6881 4820 9065 8928
5 4882 3624 11061 8929
5 8440 2955 8966 8930
5 4597 5651 8442 8931
5 4635 3151 9475 8932
5 6042 3381 7374 8933
5 2035 5071 10149 8934
5 4688 1248 7246 8935
5 7464 5525 10488 8936
5 277 6991 10238 8937
5 4397 2022 7887 8938
5 4596 1673 6867 8939
5 3198 6514 6985 8940
5 2824 4569 8532 8941
5 6514 2796 6985 8942
5 2485 6638 10703 8943
5 1364 4733 8091 8944
5 102 101 7240 8945
5 2913 4735 8735 8946
5 4801 2062 11178 8947
5 5791 2468 10676 8948
5 2725 9933 10494 8949
5 2464 5764 5861 8950
5 85 86 8800 8951
5 1664 4969 6303 8952
5 4375 6215 10487 8953
5 5937 2504 7532 8954
5 7608 2725 10494 8955
5 6098 2825 9890 8956
5 8154 3489 8751 8957
5 2778 4574 9333 8958
5 1201 5370 7125 8959
5 3283 9632 10118 8960
5 5362 3103 6174 8961
5 2561 5362 6174 8962
5 4329 3747 9748 8963
5 4908 4463 11208 8964
5 6353 3549 8240 8965
5 2579 4571 8383 8966
5 5560 2438 8901 8967
5 3532 4879 10882 8968
5 1247 8122 8900 8969
5 2452 5193 7189 8970
5 4655 2753 9010 8971
5 1116 4691 9914 8972
5 3471 9761 10201 8973
5 6310 1675 10428 8974
5 781 782 6028 8975
5 4645 2083 9538 8976
5 4836 906 7044 8977
5 907 4835 7044 8978
5 5178 2159 8592 8979
5 5071 3509 10149 8980
5 1758 5959 9245 8981
5 4848 2479 7358 8982
5 4735 2025 8735 8983
5 4777 1974 7963 8984
5 1338 4717 10157 8985
5 775 776 8581 8986
5 271 270 5713 8987
5 1661 5038 7811 8988
5 3478 6307 10046 8989
5 7457 2942 10076 8990
5 4457 1916 7167 8991
5 238 237 5714 8992
5 1355 4589 7978 8993
5 1957 5323 10734 8994
5 5183 2170 8834 8995
5 6172 1361 7112 8996
5 5013 3172 8431 8997
5 9200 1645 10907 8998
5 5541 2630 6412 8999
5 3787 5790 7743 9000
5 5251 2679 8925 9001
5 385 384 6349 9002
5 4586 2880 8835 9003
5 4998 1401 6581 9004
5 2911 8350 8786 9005
5 1345 4871 10599 9006
5 5763 4283 9979 9007
5 4614 2995 10025 9008
5 4640 1519 9452 9009
5 4754 1613 7071 9010
5 1482 5901 6560 9011
5 1972 4640 9453 9012
5 6484 2445 6485 9013
5 518 517 5916 9014
5 3143 6484 6485 9015
5 1464 4579 9763 9016
5 6170 3556 9320 9017
5 1671 8539 10649 9018
5 5123 3514 6303 9019
5 4580 1924 8405 9020
5 1645 6640 10907 9021
5 8039 1835 9156 9022
5 4512 5338 10596 9023
5 5184 1392 10791 9024
5 1955 4581 8390 9025
5 9886 7190 10228 9026
5 2801 4788 7495 9027
5 5701 3236 7473 9028
5 1535 4676 7868 9029
5 2241 4040 8877 9030
5 3483 5360 9255 9031
5 951 952 5736 9032
5 6001 3267 10232 9033
5 4676 2670 7868 9034
5 431 4857 7045 9035
5 5736 2963 6254 9036
5 1164 5438 7630 9037
5 6587 2455 6731 9038
5 5293 3312 6968 9039
5 5107 8844 9784 9040
5 5479 5485 7901 9041
5 5485 1708 7901 9042
5 7788 2314 8065 9043
5 5378 2603 6503 9044
5 516 515 5905 9045
5 4789 1512 9261 9046
5 6277 1501 9644 9047
5 2332 4422 7100 9048
5 2332 5261 5708 9049
5 1033 3 8730 9050
5 1855 6267 10412 9051
5 6759 8683 9636 9052
5 4483 6337 7082 9053
5 7185 4037 10144 9054
5 786 4582 10041 9055
5 5435 3033 8459 9056
5 8960 1773 9355 9057
5 4220 1933 8005 9058
5 4748 2334 10249 9059
5 2656 4609 8548 9060
5 2054 5474 9055 9061
5 69 4021 7548 9062
5 4222 1934 7804 9063
5 4817 2054 10610 9064
5 4794 1866 9938 9065
5 4579 1874 8516 9066
5 3211 5068 6493 9067
5 4724 1032 10066 9068
5 5464 2390 6659 9069
5 1875 8571 8792 9070
5 1934 4222 8007 9071
5 133 132 10204 9072
5 5869 2657 7470 9073
5 2166 5539 6420 9074
5 3298 6736 9114 9075
5 256 255 8558 9076
5 3931 6420 10954 9077
5 381 380 6391 9078
5 5322 2290 7074 9079
5 5421 2872 6377 9080
5 845 846 6433 9081
5 1691 4594 8070 9082
5 5633 2511 10068 9083
5 3122 6038 8932 9084
5 3257 5749 8010 9085
5 1921 6224 10274 9086
5 1671 7097 7439 9087
5 8648 3898 10715 9088
5 2001 4826 6931 9089
5 5922 2294 10506 9090
5 2574 5251 8925 9091
5 8614 3134 9184 9092
5 4990 2493 6632 9093
5 2849 6191 6316 9094
5 4926 4272 10749 9095
5 6191 1514 6316 9096
5 2173 5406 8967 9097
5 5358 3712 10933 9098
5 1662 5457 9043 9099
5 1330 4621 10277 9100
5 2856 5970 10352 9101
5 5052 3366 10180 9102
5 4618 3419 11124 9103
5 1482 4997 5509 9104
5 2539 6154 6693 9105
5 8692 4573 10400 9106
5 1297 5195 7306 9107
5 2835 5576 7635 9108
5 8128 1445 8295 9109
5 5576 3858 7635 9110
5 4756 2457 7810 9111
5 4788 633 7495 9112
5 1161 4623 10036 9113
5 6018 2127 9461 9114
5 4971 8600 9187 9115
5 2515 6531 7281 9116
5 319 318 5743 9117
5 3986 8326 9883 9118
5 4865 714 7302 9119
5 2102 4856 8139 9120
5 1935 4655 9280 9121
5 5307 2826 6408 9122
5 2351 4725 6353 9123
5 5603 3765 10978 9124
5 1466 5285 7412 9125
5 1504 8159 9220 9126
5 1103 5052 6542 9127
5 3843 7359 9442 9128
5 3269 5699 6272 9129
5 7309 2678 10473 9130
5 8521 4213 9654 9131
5 2152 4701 9689 9132
5 5485 5478 7578 9133
5 4701 3148 9689 9134
5 1704 4981 9761 9135
5 736 4950 8394 9136
5 5281 912 7783 9137
5 6519 2335 7683 9138
5 3433 6519 7683 9139
5 3609 9359 9384 9140
5 5364 1655 8393 9141
5 2330 6829 8722 9142
5 2548 5296 6332 9143
5 5296 1206 6332 9144
5 3126 5364 8393 9145
5 6395 1552 7741 9146
5 61 62 6732 9147
5 2435 4773 10126 9148
5 1477 6840 8240 9149
5 5362 2561 7264 9150
5 583 584 5874 9151
5 1021 1022 8488 9152
5 4726 7103 8877 9153
5 1300 6358 8158 9154
5 3948 7237 8451 9155
5 4598 1924 8727 9156
5 1795 4008 8255 9157
5 4796 2099 10459 9158
5 4212 2846 9077 9159
5 4485 1171 6421 9160
5 3798 6519 9226 9161
5 3486 8993 9843 9162
5 2143 5387 7553 9163
5 4887 1486 8187 9164
5 2838 4887 8187 9165
5 3175 4515 9600 9166
5 7174 3971 8819 9167
5 4856 2102 7693 9168
5 1585 6827 6947 9169
5 3130 4737 7214 9170
5 5454 1639 7930 9171
5 4774 2534 7113 9172
5 2468 5632 7995 9173
5 1938 4643 7678 9174
5 2385 6510 7066 9175
5 6510 3205 7066 9176
5 5205 2431 8908 9177
5 4737 2289 10128 9178
5 1779 4766 10326 9179
5 3239 5064 9561 9180
5 1578 4961 7069 9181
5 4961 2591 7069 9182
5 2066 4595 8448 9183
5 2900 6025 6329 9184
5 6576 2595 6977 9185
5 4913 2525 11276 9186
5 2774 7468 7881 9187
5 1008 1009 6925 9188
5 1762 7245 8443 9189
5 7245 4003 8443 9190
5 3022 6327 7161 9191
5 6362 1336 10142 9192
5 1764 6327 6740 9193
5 6252 1499 10452 9194
5 6327 3022 6740 9195
5 7709 2204 10108 9196
5 4953 2774 6741 9197
5 4548 3401 9781 9198
5 5263 904 7809 9199
5 3398 6216 7551 9200
5 4770 3022 7132 9201
5 7356 2667 7740 9202
5 1279 7619 10781 9203
5 1499 8270 10452 9204
5 2181 5413 6835 9205
5 6088 2906 7985 9206
5 2345 4591 8603 9207
5 4655 1391 7602 9208
5 1967 4830 10739 9209
5 1275 7307 7774 9210
5 5780 1674 8212 9211
5 4750 6976 11271 9212
5 7307 3776 7774 9213
5 2005 4606 8715 9214
5 9698 1124 9954 9215
5 1055 5158 6936 9216
5 6014 3765 8328 9217
5 6665 3011 9725 9218
5 5158 2645 6936 9219
5 49 50 6203 9220
5 6216 2671 7551 9221
5 1742 8201 8836 9222
5 2617 6761 9888 9223
5 5386 2919 7031 9224
5 5391 2448 7953 9225
5 4610 2214 9196 9226
5 2103 5201 7224 9227
5 2495 6168 7107 9228
5 5510 4220 8005 9229
5 2594 4821 7020 9230
5 5880 3552 8911 9231
5 2239 5880 8911 9232
5 975 5 8324 9233
5 1452 5378 6503 9234
5 2267 5263 7809 9235
5 4222 5512 8007 9236
5 7228 2827 11273 9237
5 957 958 10026 9238
5 132 6167 10204 9239
5 3432 4608 8334 9240
5 1920 9457 10442 9241
5 383 382 6403 9242
5 1367 4790 10393 9243
5 2140 5173 8956 9244
5 2435 5083 6498 9245
5 5709 3159 7496 9246
5 4790 3365 10393 9247
5 4985 4021 10855 9248
5 4663 1958 10770 9249
5 4606 2821 8715 9250
5 5768 2406 11136 9251
5 8260 3008 9891 9252
5 2041 4915 7687 9253
5 9272 1754 9690 9254
5 8226 4038 8289 9255
5 5268 225 6539 9256
5 5720 156 11210 9257
5 1290 4605 10446 9258
5 4655 1935 8327 9259
5 8603 1998 11009 9260
5 4642 1956 7835 9261
5 2275 4590 10696 9262
5 3941 5338 11271 9263
5 5338 1941 11271 9264
5 2785 4980 7226 9265
5 1640 5207 7751 9266
5 6389 4376 10441 9267
5 4621 2347 8184 9268
5 1905 4619 11107 9269
5 5750 1254 8370 9270
5 2831 4695 9445 9271
5 4634 1356 10666 9272
5 5492 2752 9629 9273
5 3436 5439 9339 9274
5 1268 4800 7281 9275
5 3218 7181 7654 9276
5 6135 2737 6500 9277
5 424 423 6302 9278
5 274 273 5973 9279
5 1542 1993 10482 9280
5 4962 3337 9319 9281
5 4650 2019 9432 9282
5 6829 3943 8722 9283
5 2468 5058 7720 9284
5 1346 4794 6517 9285
5 7737 5033 10759 9286
5 1070 5464 6659 9287
5 4053 4969 8370 9288
5 4656 1366 9384 9289
5 7834 4393 10252 9290
5 5795 2660 6222 9291
5 1925 5795 6222 9292
5 5242 1275 9580 9293
5 1893 9506 10625 9294
5 61 6732 7095 9295
5 1253 4662 9134 9296
5 909 5278 7815 9297
5 3685 9793 10788 9298
5 614 615 5788 9299
5 2193 6132 8429 9300
5 2997 4550 10108 9301
5 5108 2572 7230 9302
5 6732 3646 7973 9303
5 2901 8553 9286 9304
5 4285 1203 6265 9305
5 3828 8299 8695 9306
5 5243 2087 8975 9307
5 5244 294 10952 9308
5 108 107 5862 9309
5 23 24 6812 9310
5 2795 6732 7973 9311
5 4764 325 6285 9312
5 2994 6348 6663 9313
5 6348 2736 6663 9314
5 2553 5189 6931 9315
5 1075 7268 9934 9316
5 3025 4752 9037 9317
5 4718 2896 8711 9318
5 5970 2856 6431 9319
5 2843 4544 7707 9320
5 4658 1936 9451 9321
5 6088 7985 10374 9322
5 6680 3474 9494 9323
5 2144 4330 8579 9324
5 4888 1434 10928 9325
5 5502 257 10544 9326
5 5239 2409 8210 9327
5 967 968 10285 9328
5 2163 6417 9414 9329
5 635 636 6873 9330
5 5890 1903 7923 9331
5 1210 5686 6260 9332
5 3127 5032 9036 9333
5 5032 1525 9036 9334
5 5094 2460 9996 9335
5 6315 1052 11139 9336
5 1917 7589 11287 9337
5 2490 4680 8897 9338
5 1365 4956 5444 9339
5 422 421 6301 9340
5 7289 1592 10405 9341
5 2534 4774 10262 9342
5 3088 2648 5809 9343
5 1293 7119 9794 9344
5 8577 3109 8586 9345
5 5994 2628 7599 9346
5 4626 2206 8585 9347
5 1769 4944 6825 9348
5 5425 1796 9190 9349
5 1896 4660 8532 9350
5 4660 2824 8532 9351
5 4691 2415 9616 9352
5 992 1439 9236 9353
5 5209 1711 6531 9354
5 1027 6342 9507 9355
5 7447 1580 8313 9356
5 4014 7447 8313 9357
5 2151 4786 8090 9358
5 758 759 5804 9359
5 5840 4429 6037 9360
5 6189 1245 8591 9361
5 1055 4743 8482 9362
5 1486 4631 8187 9363
5 5340 573 7232 9364
5 6648 4421 8879 9365
5 2817 4896 8676 9366
5 8926 5964 9139 9367
5 58 59 6192 9368
5 6396 2752 6461 9369
5 6735 3270 7332 9370
5 5358 974 9557 9371
5 8033 3207 9005 9372
5 4918 1492 6883 9373
5 4514 1037 9781 9374
5 5879 2664 7939 9375
5 4895 1413 7157 9376
5 2504 6196 7532 9377
5 2711 5449 6814 9378
5 9547 4162 10276 9379
5 5517 3818 7047 9380
5 47 48 6381 9381
5 6016 2661 7770 9382
5 5922 3087 6263 9383
5 2294 5922 6263 9384
5 5449 1458 6814 9385
5 1509 5017 7474 9386
5 2429 5228 7394 9387
5 1323 4161 6839 9388
5 5819 2088 9870 9389
5 3373 5261 9116 9390
5 6965 1813 10314 9391
5 1618 4902 7921 9392
5 2478 7978 10283 9393
5 10740 3753 10874 9394
5 6274 8169 10512 9395
5 7625 4484 8531 9396
5 639 640 6085 9397
5 4629 1423 8785 9398
5 5897 1334 10725 9399
5 4121 5897 10725 9400
5 7899 5614 10643 9401
5 5714 3455 9369 9402
5 5096 1522 6556 9403
5 2024 4700 9625 9404
5 1929 4851 8917 9405
5 3552 6991 7505 9406
5 6991 2883 7505 9407
5 2194 4652 9212 9408
5 5160 1294 6345 9409
5 1098 5113 10334 9410
5 4192 5576 7924 9411
5 6936 2645 8817 9412
5 2505 4893 8790 9413
5 5113 3544 10334 9414
5 1229 4682 7640 9415
5 2720 5549 10445 9416
5 2959 5577 8064 9417
5 4685 2104 9496 9418
5 5934 803 10995 9419
5 1607 7366 8285 9420
5 3215 4636 8153 9421
5 3638 6057 10966 9422
5 5017 2716 7474 9423
5 3807 8200 8628 9424
5 7871 4223 10065 9425
5 3818 5517 10403 9426
5 6377 2872 6671 9427
5 4847 2164 11214 9428
5 2525 4977 11276 9429
5 2354 5626 5863 9430
5 2434 5129 6527 9431
5 6832 4514 9476 9432
5 5278 2276 7815 9433
5 2409 4985 11264 9434
5 2885 7817 8259 9435
5 2779 4966 7915 9436
5 2652 4972 7261 9437
5 239 4920 7098 9438
5 1118 6710 8283 9439
5 4966 1996 7915 9440
5 4972 760 7261 9441
5 4920 2631 7098 9442
5 548 547 6544 9443
5 4459 2470 7232 9444
5 2443 6325 8385 9445
5 6679 3232 9479 9446
5 598 4874 9316 9447
5 2515 4800 7362 9448
5 3671 5501 10416 9449
5 7194 1866 8308 9450
5 729 5062 9231 9451
5 1653 6749 7603 9452
5 6323 3999 9683 9453
5 7403 2674 9224 9454
5 1445 5740 8717 9455
5 2462 5264 10540 9456
5 2579 5140 7547 9457
5 2468 8620 10676 9458
5 1135 4992 11286 9459
5 1812 8320 8385 9460
5 95 6559 6598 9461
5 2854 8317 10895 9462
5 116 115 8108 9463
5 5496 2739 6869 9464
5 1977 5496 6869 9465
5 3209 8568 9386 9466
5 6004 3690 8652 9467
5 4783 5855 9447 9468
5 2669 7268 7550 9469
5 4861 2122 8116 9470
5 113 112 6801 9471
5 3382 7639 7646 9472
5 3713 7475 8009 9473
5 9277 3909 9841 9474
5 2665 5082 6804 9475
5 2465 5265 10518 9476
5 1951 4719 8653 9477
5 2167 6891 10573 9478
5 2549 6316 8589 9479
5 5819 3220 6392 9480
5 5462 796 11303 9481
5 4636 1765 8401 9482
5 997 7112 10621 9483
5 8658 4556 8693 9484
5 2799 5548 10061 9485
5 4969 1664 9016 9486
5 2180 5229 8117 9487
5 5498 2270 10529 9488
5 5402 1954 6305 9489
5 1154 4643 9444 9490
5 5973 273 6863 9491
5 7520 6098 9890 9492
5 1786 5991 11216 9493
5 1181 5060 7539 9494
5 82 4615 10921 9495
5 53 7672 7948 9496
5 6012 3374 6840 9497
5 3028 7174 8819 9498
5 2963 4280 9143 9499
5 3731 5432 9007 9500
5 5662 2465 6864 9501
5 2033 4889 9265 9502
5 5643 4222 7804 9503
5 3944 6649 10031 9504
5 6300 2510 7497 9505
5 8140 2810 10015 9506
5 803 804 10995 9507
5 4314 1723 9607 9508
5 5265 3133 6729 9509
5 8291 5888 8806 9510
5 2204 4285 6265 9511
5 5059 2277 6414 9512
5 2414 5933 6790 9513
5 6206 3350 8889 9514
5 5306 672 9145 9515
5 1490 6058 8605 9516
5 4682 1229 8713 9517
5 4825 1524 9322 9518
5 4692 1327 7772 9519
5 3083 4825 9322 9520
5 5027 3069 6647 9521
5 5350 1388 6771 9522
5 3559 1828 6761 9523
5 4741 3024 9262 9524
5 340 339 6017 9525
5 4814 1422 7263 9526
5 4863 1444 9067 9527
5 5886 2765 7153 9528
5 3008 7217 9891 9529
5 1148 5012 9088 9530
5 561 562 6035 9531
5 2221 6362 11036 9532
5 4810 1427 7333 9533
5 6362 4520 11036 9534
5 1632 7575 9901 9535
5 4592 2363 7727 9536
5 4832 1153 10325 9537
5 4719 1951 9673 9538
5 3019 5994 8394 9539
5 6041 4772 8246 9540
5 2804 5284 7805 9541
5 3473 4533 11245 9542
5 2342 8713 9360 9543
5 3028 6460 9222 9544
5 5247 1431 8869 9545
5 5989 2257 9688 9546
5 4989 2501 9967 9547
5 5944 1128 9491 9548
5 2244 6054 10993 9549
5 4662 2523 8795 9550
5 4412 6988 9768 9551
5 1469 6426 6927 9552
5 6426 3098 6927 9553
5 6988 1840 9768 9554
5 4660 1896 9068 9555
5 6010 4217 9357 9556
5 6307 4563 10046 9557
5 3411 7003 10404 9558
5 7003 4672 10404 9559
5 3182 5465 8923 9560
5 2566 8362 9697 9561
5 3122 5703 11084 9562
5 5525 1620 6206 9563
5 9073 4285 11025 9564
5 5065 869 7680 9565
5 7186 3112 8427 9566
5 307 4678 9252 9567
5 6701 1825 7293 9568
5 5727 1500 9431 9569
5 3337 6701 7293 9570
5 3506 4637 10792 9571
5 2275 5281 7783 9572
5 2474 5597 10083 9573
5 2749 7366 8019 9574
5 2887 4869 8182 9575
5 3221 4647 10520 9576
5 6077 2264 10335 9577
5 1407 6956 6973 9578
5 10748 7439 10984 9579
5 5126 2610 6913 9580
5 7382 2715 8200 9581
5 1164 5126 6913 9582
5 5216 2254 7178 9583
5 772 5872 10500 9584
5 4784 1380 11213 9585
5 4839 3656 10534 9586
5 3061 6038 7255 9587
5 2557 4819 7485 9588
5 2233 5199 9975 9589
5 6038 1584 7255 9590
5 5199 3476 9975 9591
5 1324 4104 7689 9592
5 9594 2620 9868 9593
5 1030 1031 7328 9594
5 4883 5768 11136 9595
5 2496 4214 7037 9596
5 7250 2768 7869 9597
5 7797 1860 10684 9598
5 2205 5733 10003 9599
5 4808 9303 11237 9600
5 3754 7250 7869 9601
5 5690 4451 10132 9602
5 5404 1603 7128 9603
5 2769 5404 7128 9604
5 342 341 6021 9605
5 4221 7423 11036 9606
5 4930 366 7159 9607
5 6912 4704 7829 9608
5 1998 4670 8427 9609
5 5316 3358 6352 9610
5 2571 4919 7137 9611
5 1830 4696 7900 9612
5 4919 1610 7137 9613
5 4653 3966 8682 9614
5 2569 6998 10907 9615
5 2395 4995 6480 9616
5 7989 2838 8980 9617
5 3992 8128 8295 9618
5 5310 7229 9337 9619
5 4785 1408 8658 9620
5 2018 4769 10035 9621
5 4535 1304 10968 9622
5 7054 3120 7630 9623
5 7457 4124 10394 9624
5 5214 2791 6501 9625
5 7386 313 11042 9626
5 8131 3825 11247 9627
5 4810 2563 9788 9628
5 4855 1919 7198 9629
5 2555 7834 10252 9630
5 1408 4556 8658 9631
5 5904 2701 7510 9632
5 1679 2952 3838 9633
5 682 4926 10749 9634
5 2496 4935 8373 9635
5 5065 2215 6299 9636
5 1676 4753 10804 9637
5 6062 2385 7066 9638
5 1574 4915 7026 9639
5 2463 9643 10948 9640
5 7858 3741 10628 9641
5 10177 3998 10703 9642
5 4795 2592 9562 9643
5 4609 7595 10485 9644
5 5708 1681 9166 9645
5 5119 1545 8379 9646
5 3692 6461 7758 9647
5 1363 1990 10203 9648
5 1938 7678 10152 9649
5 870 5092 7680 9650
5 1053 4739 7615 9651
5 4371 5989 9688 9652
5 5795 2661 6016 9653
5 5196 2119 6541 9654
5 2325 4825 10355 9655
5 1384 4937 7752 9656
5 3564 6471 8292 9657
5 3163 6184 6934 9658
5 541 540 5876 9659
5 8173 1047 9718 9660
5 3033 5435 6368 9661
5 6461 2752 7758 9662
5 6274 2869 7781 9663
5 5136 2248 8074 9664
5 6222 2660 6466 9665
5 1091 5240 9044 9666
5 3692 7758 8067 9667
5 53 54 7672 9668
5 9449 3184 10517 9669
5 2515 5209 6531 9670
5 6471 1108 8292 9671
5 1327 4692 9290 9672
5 4933 2533 10027 9673
5 5270 3442 10172 9674
5 7808 150 9112 9675
5 3265 4801 10140 9676
5 3085 5030 6779 9677
5 4653 1227 8692 9678
5 3123 8226 8289 9679
5 7453 6932 10957 9680
5 4024 6077 10335 9681
5 3905 7927 9686 9682
5 6684 5029 9302 9683
5 7978 4589 10283 9684
5 6234 2090 8055 9685
5 6679 9479 10346 9686
5 1559 5805 10713 9687
5 4693 2510 7698 9688
5 4664 1955 10584 9689
5 2049 4993 10789 9690
5 2482 5089 9493 9691
5 5884 3660 9399 9692
5 2290 5884 9399 9693
5 163 162 5995 9694
5 6184 2684 6934 9695
5 3697 6175 9290 9696
5 2944 4683 9125 9697
5 5953 3282 8890 9698
5 1398 4966 7430 9699
5 5859 674 7188 9700
5 5979 2896 8251 9701
5 5752 1204 9600 9702
5 2181 6654 11269 9703
5 4717 2440 9456 9704
5 2116 6799 7634 9705
5 4124 7457 10076 9706
5 2903 8692 10400 9707
5 8671 3116 8778 9708
5 4985 85 7908 9709
5 2928 4976 9503 9710
5 1613 6990 7551 9711
5 4846 1274 10480 9712
5 6089 4176 10615 9713
5 1963 6089 10615 9714
5 4830 3327 10342 9715
5 1083 4830 10342 9716
5 2239 4957 10718 9717
5 2409 5871 6402 9718
5 5164 186 8441 9719
5 6295 4194 9321 9720
5 5107 7007 9962 9721
5 2935 4709 7918 9722
5 7606 1226 9428 9723
5 6480 3191 7530 9724
5 5053 2804 9344 9725
5 3163 5557 9885 9726
5 8535 3854 10007 9727
5 4982 1257 9974 9728
5 1299 4327 6805 9729
5 553 5139 9144 9730
5 9749 3758 11052 9731
5 4430 9045 10199 9732
5 2508 5188 9174 9733
5 1396 5893 10656 9734
5 5343 1480 8145 9735
5 4984 1611 8332 9736
5 5548 2795 10061 9737
5 2991 5343 8145 9738
5 89 90 6135 9739
5 1708 8107 10571 9740
5 2491 4069 6057 9741
5 115 114 7697 9742
5 7071 1613 7503 9743
5 6085 2685 6275 9744
5 5707 2547 6533 9745
5 5964 3062 9139 9746
5 2421 5276 7569 9747
5 5186 2117 7331 9748
5 2519 5636 7105 9749
5 4687 3839 8941 9750
5 2715 7051 7466 9751
5 5274 2590 8752 9752
5 709 4687 8941 9753
5 5213 873 10159 9754
5 2741 5526 6906 9755
5 2743 6171 6692 9756
5 1565 6694 7340 9757
5 3212 4782 9982 9758
5 4851 2949 8917 9759
5 1505 5794 7641 9760
5 5690 2144 8579 9761
5 7051 3533 7466 9762
5 3221 5108 9315 9763
5 5108 1656 9315 9764
5 5526 1196 6906 9765
5 478 477 6193 9766
5 6167 3862 8280 9767
5 6699 1568 10009 9768
5 5692 3161 8472 9769
5 4308 6699 10009 9770
5 7163 3234 10053 9771
5 10914 10915 10950 9772
5 7119 1293 7257 9773
5 4676 1535 8445 9774
5 3750 5867 7474 9775
5 1933 4220 7016 9776
5 2277 5059 6397 9777
5 1930 5330 9093 9778
5 3531 5045 10578 9779
5 6208 2326 9659 9780
5 5045 1663 10578 9781
5 1420 5598 7234 9782
5 4483 1309 6714 9783
5 5079 3687 8726 9784
5 3151 5185 9475 9785
5 6528 2566 9697 9786
5 50 51 6060 9787
5 2507 5672 6129 9788
5 2591 4961 7015 9789
5 1436 5851 8252 9790
5 1026 1027 9507 9791
5 5064 1262 9561 9792
5 2945 4895 7185 9793
5 409 408 6476 9794
5 2914 4162 9547 9795
5 4933 1211 7090 9796
5 3400 7587 9934 9797
5 1 72 5980 9798
5 771 772 10500 9799
5 4983 4372 9986 9800
5 1052 4393 8676 9801
5 6129 1515 10254 9802
5 6702 3859 10439 9803
5 1319 6895 8833 9804
5 5018 1118 6886 9805
5 10043 4994 10166 9806
5 3245 8832 10911 9807
5 1942 2884 10892 9808
5 1864 6496 9264 9809
5 2616 5818 7832 9810
5 6496 3904 9264 9811
5 2511 4657 9769 9812
5 5253 1292 8081 9813
5 2699 4705 8161 9814
5 4705 1547 8161 9815
5 3047 6610 7851 9816
5 2696 7726 8203 9817
5 1652 4849 10363 9818
5 5481 4319 9470 9819
5 4893 2505 7245 9820
5 5426 3817 11146 9821
5 4973 7760 8882 9822
5 5963 2830 10058 9823
5 5769 3313 8945 9824
5 5382 3486 9843 9825
5 2602 7364 7904 9826
5 1438 2329 7168 9827
5 5236 2075 7402 9828
5 3404 7897 10062 9829
5 2761 5236 7402 9830
5 4758 1287 7732 9831
5 6063 3759 8849 9832
5 60 61 7095 9833
5 2703 4865 7302 9834
5 3328 8346 8959 9835
5 2056 5273 9149 9836
5 2269 4831 9853 9837
5 2614 5652 6287 9838
5 5870 1260 9593 9839
5 843 4945 7642 9840
5 5652 1531 6287 9841
5 1122 4698 9314 9842
5 2951 4687 8780 9843
5 5153 595 8505 9844
5 1097 6648 8879 9845
5 1505 6504 8697 9846
5 514 4793 6878 9847
5 1969 2722 8741 9848
5 3807 7382 8200 9849
5 7607 5631 9824 9850
5 1674 7865 10743 9851
5 4819 1121 9074 9852
5 2444 5182 6351 9853
5 3309 5686 10557 9854
5 2523 4916 8795 9855
5 2479 5037 7358 9856
5 2438 6128 8901 9857
5 7865 4796 10743 9858
5 420 419 6452 9859
5 3628 9978 10037 9860
5 6294 1076 8946 9861
5 7038 3370 7078 9862
5 1045 7038 7078 9863
5 6082 4987 9867 9864
5 3768 7439 10748 9865
5 4716 2651 9568 9866
5 5100 3096 8921 9867
5 1496 5100 8921 9868
5 52 53 7948 9869
5 619 620 6304 9870
5 8874 3243 10805 9871
5 4708 2400 8171 9872
5 3367 5152 6659 9873
5 326 4764 6487 9874
5 5373 3298 9115 9875
5 1231 5373 9115 9876
5 4819 1987 7485 9877
5 5676 1558 8066 9878
5 1275 5242 7307 9879
5 2620 6788 9868 9880
5 5242 2736 7307 9881
5 3516 6513 8258 9882
5 4785 2807 8952 9883
5 4831 1054 7827 9884
5 2123 4690 8474 9885
5 5149 2235 7073 9886
5 5168 6356 9269 9887
5 4918 2315 10821 9888
5 4431 5450 7767 9889
5 3735 5147 8563 9890
5 3492 4918 10821 9891
5 3335 6292 10548 9892
5 1259 7132 7161 9893
5 4807 1732 7563 9894
5 3427 5213 6491 9895
5 3357 6748 7915 9896
5 4670 2899 9981 9897
5 1287 4758 7803 9898
5 4481 10789 11004 9899
5 4752 2186 7818 9900
5 7070 3964 11210 9901
5 2184 4691 10693 9902
5 2365 5392 10397 9903
5 6841 3472 8499 9904
5 4400 3356 9343 9905
5 2025 4735 9815 9906
5 5457 1662 8012 9907
5 2573 9772 11010 9908
5 5006 1242 7472 9909
5 2730 5006 7472 9910
5 1522 5252 10002 9911
5 4709 2935 9102 9912
5 2770 1594 8134 9913
5 6569 3396 8651 9914
5 7353 2702 9119 9915
5 418 417 6450 9916
5 1238 5361 9433 9917
5 2758 5459 9439 9918
5 5361 3393 9433 9919
5 5959 3548 9245 9920
5 1667 5307 6408 9921
5 4368 2852 8417 9922
5 1826 5074 7047 9923
5 5589 10812 11255 9924
5 1451 5310 7822 9925
5 1702 7873 8157 9926
5 9687 4023 10314 9927
5 2246 5371 6899 9928
5 1250 4772 8049 9929
5 3106 2657 5869 9930
5 7329 3662 7632 9931
5 1670 7329 7632 9932
5 3363 5623 6336 9933
5 2807 4785 8658 9934
5 5515 1828 6477 9935
5 10279 2895 10961 9936
5 6338 1616 7957 9937
5 3378 6338 7957 9938
5 5443 2039 6713 9939
5 3130 4736 7970 9940
5 1114 6513 8010 9941
5 4572 8072 11298 9942
5 1189 4968 8782 9943
5 2567 8131 11247 9944
5 5527 1021 8488 9945
5 3148 4701 8620 9946
5 5664 1168 8323 9947
5 5070 2041 7687 9948
5 2536 5877 7529 9949
5 3014 5636 9335 9950
5 6216 23 6812 9951
5 5423 1475 6782 9952
5 1328 4948 7220 9953
5 8702 3869 9751 9954
5 3113 5423 6782 9955
5 4815 1617 7749 9956
5 5024 2450 7787 9957
5 46 47 6045 9958
5 407 406 6524 9959
5 6207 1984 11064 9960
5 5608 2969 5946 9961
5 1411 5908 9785 9962
5 5248 1308 7048 9963
5 367 4930 7145 9964
5 6862 2799 7301 9965
5 6559 3884 8335 9966
5 2543 4938 8456 9967
5 1727 4869 9691 9968
5 1621 5421 6377 9969
5 2504 5268 6539 9970
5 5440 7422 8936 9971
5 1931 7308 10339 9972
5 4895 7157 11121 9973
5 7596 2735 10577 9974
5 6048 2313 6469 9975
5 2627 4842 7597 9976
5 179 178 7417 9977
5 2069 4789 8176 9978
5 3197 5664 8323 9979
5 4756 2040 9582 9980
5 2103 6130 8856 9981
5 2079 4706 8624 9982
5 175 174 6328 9983
5 5987 2372 8364 9984
5 5434 2397 9410 9985
5 5499 2363 9441 9986
5 1404 6889 6921 9987
5 2619 4829 8717 9988
5 2485 5443 6713 9989
5 1459 4755 8485 9990
5 3059 5524 8130 9991
5 405 404 6521 9992
5 5524 1551 8130 9993
5 4755 2813 8485 9994
5 3147 5721 8529 9995
5 3235 5306 9145 9996
5 5602 3568 6042 9997
5 1156 5429 7934 9998
5 7099 3086 7803 9999
5 4793 513 6674 10000
5 4736 3130 10105 10001
5 4746 1683 10825 10002
5 7132 3868 11165 10003
5 6117 2539 6693 10004
5 9298 3452 9537 10005
5 2785 4400 9987 10006
5 7157 2580 11121 10007
5 7802 4660 9068 10008
5 7939 4160 8124 10009
5 4842 1423 7597 10010
5 4741 2163 9414 10011
5 1742 8625 9122 10012
5 2908 8580 9097 10013
5 1532 5214 7895 10014
5 5202 1357 7903 10015
5 92 93 6396 10016
5 5694 3667 10382 10017
5 4885 3753 9985 10018
5 2777 6559 8335 10019
5 3255 10043 10166 10020
5 2353 9652 11069 10021
5 2434 5619 8430 10022
5 3743 7095 8157 10023
5 5704 2400 10594 10024
5 3036 5335 6488 10025
5 2139 4939 11195 10026
5 6505 4403 6766 10027
5 3143 5052 9215 10028
5 5052 1103 9215 10029
5 5139 3173 9144 10030
5 1584 5667 7255 10031
5 6014 2241 7103 10032
5 6175 1327 9290 10033
5 1805 6375 9338 10034
5 118 117 7277 10035
5 3618 5649 7893 10036
5 7095 2795 8157 10037
5 1004 5813 7539 10038
5 2367 5516 11045 10039
5 2696 4531 7726 10040
5 2548 4878 8050 10041
5 5173 1441 7477 10042
5 5645 3728 9603 10043
5 8490 3099 10208 10044
5 3448 4721 9046 10045
5 2739 5173 7477 10046
5 3572 4729 9190 10047
5 3239 4826 10093 10048
5 4727 2010 9469 10049
5 4826 2001 10093 10050
5 6951 4749 7941 10051
5 2889 2329 9113 10052
5 1984 4768 7862 10053
5 6303 3514 8512 10054
5 9221 2378 9987 10055
5 807 808 6683 10056
5 9782 2573 11200 10057
5 2258 4716 8398 10058
5 7602 4509 10766 10059
5 2677 6011 6582 10060
5 7180 1559 10713 10061
5 1025 1026 6015 10062
5 565 566 6155 10063
5 1714 5319 7273 10064
5 3412 5918 9955 10065
5 5319 2751 7273 10066
5 1349 5415 10524 10067
5 4721 1317 9004 10068
5 2134 4940 9203 10069
5 5415 3701 10524 10070
5 1274 4846 10171 10071
5 4846 3270 10171 10072
5 4313 9698 9954 10073
5 3646 6977 8006 10074
5 4100 8235 10421 10075
5 1081 8943 10937 10076
5 1622 5150 7387 10077
5 763 8318 8982 10078
5 3895 5462 11303 10079
5 5893 1396 6510 10080
5 6977 2595 8006 10081
5 616 617 6776 10082
5 7444 2570 7865 10083
5 3783 7444 7865 10084
5 1655 6454 8393 10085
5 6454 3567 8393 10086
5 949 5517 7456 10087
5 5141 1044 9623 10088
5 6189 2353 7590 10089
5 1176 5009 7027 10090
5 3306 5141 9623 10091
5 5150 2708 7387 10092
5 5095 1706 6629 10093
5 1733 7842 9910 10094
5 5461 1564 7320 10095
5 5666 3621 7305 10096
5 6634 3379 8893 10097
5 5149 1359 7591 10098
5 1974 4779 9655 10099
5 2634 4873 9530 10100
5 2209 5565 10853 10101
5 4527 2339 8750 10102
5 346 345 6684 10103
5 2382 5746 6149 10104
5 8610 2178 10780 10105
5 5454 2449 6385 10106
5 6448 1969 6714 10107
5 2557 5793 6624 10108
5 2734 4900 7351 10109
5 232 231 7223 10110
5 5448 2729 8082 10111
5 2187 7898 8183 10112
5 5009 2071 8888 10113
5 2274 5656 6563 10114
5 3737 6539 10379 10115
5 1536 6617 10377 10116
5 6928 5467 10292 10117
5 6956 3212 6973 10118
5 4948 2558 7220 10119
5 3627 5375 10302 10120
5 94 95 6598 10121
5 5375 2009 10302 10122
5 2750 7963 7982 10123
5 3550 6332 8862 10124
5 630 631 5985 10125
5 2973 8250 8862 10126
5 1522 5096 8881 10127
5 5048 1812 10747 10128
5 5124 1907 8057 10129
5 2855 5124 8057 10130
5 999 1000 7645 10131
5 4891 7270 10141 10132
5 2054 4757 9769 10133
5 4599 7129 10231 10134
5 7129 2221 10231 10135
5 2008 4958 7911 10136
5 3337 9315 9319 10137
5 966 967 6620 10138
5 989 990 8300 10139
5 2935 5829 6123 10140
5 5019 1395 8668 10141
5 6460 8712 9222 10142
5 4849 2097 10602 10143
5 4787 3630 10145 10144
5 185 184 6173 10145
5 1392 4055 7791 10146
5 3964 5720 11210 10147
5 2570 4796 7865 10148
5 6277 4329 9748 10149
5 4953 1461 8178 10150
5 4770 7132 11165 10151
5 6348 2994 8202 10152
5 5088 2531 10592 10153
5 5016 3651 11299 10154
5 3330 6274 7781 10155
5 738 739 6335 10156
5 2782 5005 11289 10157
5 6694 3339 7340 10158
5 1602 4927 7291 10159
5 2513 5860 9577 10160
5 1335 5570 7932 10161
5 8380 2719 11040 10162
5 257 256 10544 10163
5 6554 2357 6721 10164
5 7379 5461 10721 10165
5 4340 4993 11152 10166
5 3644 7259 7938 10167
5 3476 5777 10030 10168
5 4727 220 8776 10169
5 2719 7437 11040 10170
5 9264 3904 10829 10171
5 3679 7275 8001 10172
5 1524 4825 9980 10173
5 4890 2278 8777 10174
5 3822 5028 8514 10175
5 7113 2084 10820 10176
5 4652 8188 9212 10177
5 940 5547 7452 10178
5 5668 3607 9159 10179
5 6023 1436 10425 10180
5 2939 4979 7724 10181
5 1308 5311 7048 10182
5 2682 9977 11123 10183
5 4850 2096 8278 10184
5 5060 1004 7539 10185
5 2225 5559 6575 10186
5 8188 2977 9212 10187
5 1784 7541 8765 10188
5 1725 4718 11240 10189
5 2226 5382 9843 10190
5 1168 6380 9153 10191
5 649 650 6482 10192
5 7029 2274 8567 10193
5 8029 2780 10560 10194
5 3945 5271 9425 10195
5 3524 5804 9640 10196
5 209 5234 8745 10197
5 5539 2166 10124 10198
5 3105 5215 8896 10199
5 1208 5002 7114 10200
5 7153 2765 8341 10201
5 4774 7113 10820 10202
5 6990 3398 7551 10203
5 2558 4948 9606 10204
5 6214 5507 9529 10205
5 1427 4810 9788 10206
5 2317 5161 6678 10207
5 1913 4514 9949 10208
5 3187 5875 6380 10209
5 6177 2602 6909 10210
5 5104 2881 8502 10211
5 2804 7805 8644 10212
5 10051 2200 10631 10213
5 2555 4152 7834 10214
5 57 58 6343 10215
5 10678 4855 10764 10216
5 1930 5470 9993 10217
5 6015 2841 7008 10218
5 4786 2151 11175 10219
5 5630 2164 6712 10220
5 1578 5105 10549 10221
5 612 4884 7854 10222
5 2621 4984 7172 10223
5 2532 6545 9466 10224
5 2807 8658 8693 10225
5 4078 6416 8373 10226
5 755 756 6255 10227
5 9371 3929 10409 10228
5 2534 4968 7272 10229
5 5806 2309 10256 10230
5 5158 3411 10404 10231
5 5257 4517 9263 10232
5 3719 7283 8227 10233
5 6638 4898 10703 10234
5 921 922 5992 10235
5 5411 622 9327 10236
5 4743 2764 8482 10237
5 6245 4225 10440 10238
5 7519 1593 10513 10239
5 5158 1055 9988 10240
5 3411 5158 9988 10241
5 5855 1468 10930 10242
5 2989 4926 8615 10243
5 5893 10158 10656 10244
5 1131 4823 9895 10245
5 2209 5794 7580 10246
5 4798 1389 7982 10247
5 2881 7549 8502 10248
5 9532 1997 10984 10249
5 1273 4962 10874 10250
5 4372 8731 9986 10251
5 4075 4806 10017 10252
5 2698 4856 11008 10253
5 1056 4522 7304 10254
5 1486 5272 6627 10255
5 1448 4779 10955 10256
5 5101 2966 6899 10257
5 2212 4921 10628 10258
5 12 13 6364 10259
5 2207 5246 6665 10260
5 3251 4807 10214 10261
5 91 92 6461 10262
5 4162 2914 8126 10263
5 2428 5061 6720 10264
5 5967 2727 7564 10265
5 1241 5008 7665 10266
5 7377 3378 9259 10267
5 5794 3002 7580 10268
5 235 234 6276 10269
5 2798 5670 5753 10270
5 3241 4751 9064 10271
5 4992 2584 11286 10272
5 2836 5973 6863 10273
5 2914 5470 9698 10274
5 4849 2359 7722 10275
5 3437 7071 7503 10276
5 5351 1102 7692 10277
5 6280 2663 6578 10278
5 996 9038 10609 10279
5 7277 117 7843 10280
5 4122 5102 8033 10281
5 5910 1986 8651 10282
5 4744 2505 8610 10283
5 5109 2507 10174 10284
5 3396 5910 8651 10285
5 1884 4743 8647 10286
5 1034 7979 10371 10287
5 2483 4963 10002 10288
5 5499 881 7727 10289
5 126 125 6114 10290
5 2412 4659 5765 10291
5 4864 2172 7656 10292
5 1381 5031 7085 10293
5 4068 10472 10921 10294
5 2080 4783 9447 10295
5 1309 4483 7082 10296
5 551 550 6068 10297
5 4753 7406 10469 10298
5 2407 5503 6418 10299
5 3092 4748 8904 10300
5 5621 1457 10327 10301
5 5969 6484 9937 10302
5 3007 5018 11126 10303
5 1988 5006 7830 10304
5 1314 6549 8586 10305
5 6549 3649 8586 10306
5 2703 4840 7800 10307
5 6710 2832 7765 10308
5 6169 2547 9148 10309
5 5172 1435 8815 10310
5 3451 6710 7765 10311
5 3410 4932 7389 10312
5 4813 2298 9662 10313
5 5224 1399 8175 10314
5 2744 6377 6671 10315
5 3985 6726 10293 10316
5 6534 4941 11080 10317
5 4871 2157 7658 10318
5 6375 1805 8551 10319
5 1242 5006 9468 10320
5 9303 2100 11237 10321
5 5027 2139 11029 10322
5 2276 8133 9715 10323
5 2179 4806 7163 10324
5 2741 4766 9337 10325
5 6621 3770 9850 10326
5 7317 2700 8991 10327
5 2734 6769 7504 10328
5 6769 3383 7504 10329
5 5045 3531 7065 10330
5 2076 5824 9915 10331
5 7206 1865 9572 10332
5 6419 3183 9452 10333
5 1934 5679 6518 10334
5 5640 3446 9232 10335
5 1357 5202 7530 10336
5 3598 4840 8954 10337
5 4454 8407 8833 10338
5 4840 716 8954 10339
5 5012 2423 11186 10340
5 8477 4785 10927 10341
5 9250 3374 11048 10342
5 4027 8213 10458 10343
5 4858 3452 10077 10344
5 2122 5047 8116 10345
5 5226 3270 6735 10346
5 2826 5607 6408 10347
5 5459 2758 8762 10348
5 5686 2542 6260 10349
5 905 4836 7809 10350
5 2777 5661 9631 10351
5 4954 1367 10393 10352
5 3365 4954 10393 10353
5 2428 5644 8492 10354
5 2830 6935 7925 10355
5 5460 5756 10925 10356
5 2426 5488 8534 10357
5 399 398 6585 10358
5 2199 5209 8706 10359
5 1515 7310 10254 10360
5 1706 4725 8866 10361
5 821 822 7358 10362
5 2774 4953 8178 10363
5 4835 908 7815 10364
5 5539 3538 6420 10365
5 6635 2683 7754 10366
5 5359 1397 9641 10367
5 282 281 8561 10368
5 1911 1363 6822 10369
5 4759 1940 10330 10370
5 5215 1606 8896 10371
5 1767 7359 9283 10372
5 5450 1115 7767 10373
5 8158 2155 11296 10374
5 1424 4759 9539 10375
5 6111 3952 10690 10376
5 4385 6522 10492 10377
5 5080 100 7049 10378
5 5604 3319 6814 10379
5 2111 4909 10752 10380
5 4094 7061 9348 10381
5 2873 6280 6578 10382
5 5858 3724 7618 10383
5 530 529 6117 10384
5 7805 4083 8644 10385
5 5006 2730 7830 10386
5 67 4695 8842 10387
5 4040 6592 9756 10388
5 4779 7712 9655 10389
5 4702 3545 8444 10390
5 2508 5462 6497 10391
5 3845 7075 11102 10392
5 6927 3098 8196 10393
5 115 7697 8108 10394
5 5462 3895 6497 10395
5 6100 2271 7723 10396
5 3169 6100 7723 10397
5 1415 4808 9552 10398
5 2439 6268 6376 10399
5 1370 5219 6756 10400
5 6268 3246 6376 10401
5 2318 9888 11197 10402
5 8483 4378 9307 10403
5 1295 1595 6172 10404
5 4842 1988 7830 10405
5 68 69 7548 10406
5 5769 3369 7740 10407
5 1597 5769 7740 10408
5 5547 3642 6817 10409
5 403 402 6601 10410
5 6805 2065 10067 10411
5 1961 9380 10942 10412
5 2531 6338 7619 10413
5 2356 5714 9369 10414
5 1207 5379 9810 10415
5 4681 2818 6926 10416
5 397 396 6595 10417
5 1738 5640 9232 10418
5 971 972 6567 10419
5 401 400 6597 10420
5 7329 1670 10004 10421
5 5169 4535 11081 10422
5 3932 7872 11252 10423
5 2188 5622 6355 10424
5 1566 5387 6983 10425
5 826 827 8703 10426
5 4864 2936 8961 10427
5 1308 4864 8961 10428
5 256 8558 10544 10429
5 6434 2456 10931 10430
5 5510 2355 7913 10431
5 5873 1560 7584 10432
5 4382 7206 9572 10433
5 2355 5512 7913 10434
5 5974 4565 8886 10435
5 3418 5873 7584 10436
5 4830 8392 10739 10437
5 5041 1178 8384 10438
5 4797 2608 8278 10439
5 3634 5331 7203 10440
5 4212 2064 9756 10441
5 8360 3127 9210 10442
5 8992 5423 9040 10443
5 2492 6288 8842 10444
5 617 618 6845 10445
5 2438 4790 9291 10446
5 4862 3063 9397 10447
5 8407 1319 8833 10448
5 6948 1668 7867 10449
5 2028 4862 9397 10450
5 5537 4001 8664 10451
5 6064 3637 9217 10452
5 1104 6881 9065 10453
5 4200 1297 7306 10454
5 6409 2720 10445 10455
5 5760 1693 9129 10456
5 2724 4802 8418 10457
5 6600 303 8395 10458
5 7869 2768 9629 10459
5 3157 7372 9847 10460
5 7438 1220 9139 10461
5 5668 1850 9714 10462
5 7575 4628 9901 10463
5 3607 5668 9714 10464
5 3642 5547 9789 10465
5 7340 2713 9341 10466
5 4952 3081 10694 10467
5 4231 9975 10030 10468
5 6189 8591 9364 10469
5 5283 3574 10959 10470
5 7541 4000 8765 10471
5 1197 6610 7848 10472
5 2647 5950 7327 10473
5 7992 1450 10864 10474
5 2215 5092 7006 10475
5 2533 5221 10728 10476
5 2873 5730 6280 10477
5 1233 4557 6082 10478
5 10492 2986 10648 10479
5 4807 3251 9862 10480
5 9541 3393 9877 10481
5 9701 6929 10985 10482
5 7258 3209 9386 10483
5 5661 2815 9631 10484
5 5790 3847 8220 10485
5 8242 2754 10497 10486
5 4914 1763 8439 10487
5 5073 283 9243 10488
5 4370 6062 9342 10489
5 5605 7736 10221 10490
5 3469 5093 7002 10491
5 5850 265 10215 10492
5 4823 2597 10945 10493
5 6898 3565 8115 10494
5 3337 7293 9315 10495
5 4422 2332 10507 10496
5 6188 2403 6999 10497
5 1140 4935 7037 10498
5 5780 8212 10868 10499
5 5488 2426 9924 10500
5 6776 617 6845 10501
5 1525 5032 7373 10502
5 9957 4549 10018 10503
5 2553 6931 7085 10504
5 6419 9452 11002 10505
5 9265 3157 9847 10506
5 6976 3941 11271 10507
5 8201 3938 8836 10508
5 1498 5735 6808 10509
5 6889 3142 6921 10510
5 6328 174 10790 10511
5 5622 3311 6355 10512
5 250 249 6843 10513
5 4507 7386 11042 10514
5 4111 8507 10997 10515
5 5392 2365 6590 10516
5 6463 4198 10438 10517
5 5730 1442 6280 10518
5 2662 7602 10766 10519
5 3043 5535 8623 10520
5 1988 4828 9730 10521
5 5706 2213 10115 10522
5 6109 2294 6111 10523
5 5318 1678 8220 10524
5 6747 1567 7660 10525
5 3771 6109 6111 10526
5 5107 1426 7007 10527
5 4928 1996 8160 10528
5 2756 4928 8160 10529
5 3078 7121 7617 10530
5 4966 2779 7430 10531
5 5123 2293 6489 10532
5 5595 2484 10031 10533
5 2788 1595 8274 10534
5 1939 4846 9741 10535
5 4744 8610 10780 10536
5 575 576 6053 10537
5 1665 4891 10141 10538
5 4283 5763 10132 10539
5 7993 1712 10099 10540
5 6381 3700 7546 10541
5 1475 5423 8992 10542
5 2125 10373 10601 10543
5 5076 1016 8023 10544
5 4596 2629 8021 10545
5 3139 2701 5904 10546
5 8631 2383 8825 10547
5 2151 5203 11175 10548
5 3917 7194 8308 10549
5 4928 2756 10470 10550
5 4710 8631 8825 10551
5 2713 6381 7546 10552
5 3542 6948 7867 10553
5 5462 2508 9174 10554
5 3588 10678 10764 10555
5 2376 6694 10453 10556
5 3183 6419 8621 10557
5 4802 1530 8418 10558
5 6084 2840 8237 10559
5 6022 1636 8794 10560
5 2803 5381 6515 10561
5 3472 6022 8794 10562
5 5616 4323 8149 10563
5 2722 5779 8741 10564
5 7283 2847 8227 10565
5 6159 2183 8691 10566
5 6418 1155 7227 10567
5 4167 6774 10987 10568
5 88 89 6500 10569
5 1952 6026 10769 10570
5 5876 540 8026 10571
5 2345 5568 8264 10572
5 5584 1430 7488 10573
5 833 834 6447 10574
5 4915 2041 10378 10575
5 1994 4994 10043 10576
5 4936 3799 10501 10577
5 5853 3300 6791 10578
5 7984 3614 8142 10579
5 6446 1531 7489 10580
5 6056 4844 9410 10581
5 4908 1505 7641 10582
5 4773 2860 10126 10583
5 3626 5244 10952 10584
5 6694 4401 10453 10585
5 2786 5046 11307 10586
5 1545 6498 7117 10587
5 5480 305 9368 10588
5 2829 5318 8220 10589
5 2046 4975 7431 10590
5 6734 2367 11045 10591
5 5394 1415 8166 10592
5 4841 2848 9624 10593
5 3818 5736 6254 10594
5 6807 3563 10503 10595
5 745 746 6143 10596
5 8731 2876 9986 10597
5 2524 5086 9276 10598
5 2623 4693 7420 10599
5 3554 6073 10438 10600
5 1006 1007 7928 10601
5 2584 4992 10396 10602
5 4265 4950 10109 10603
5 5844 6921 10902 10604
5 7352 5612 9161 10605
5 295 5244 6793 10606
5 3723 5175 9063 10607
5 4945 2939 7642 10608
5 3406 6929 9701 10609
5 5200 2905 8861 10610
5 1487 4277 10221 10611
5 1433 5744 6705 10612
5 3829 6554 6721 10613
5 7469 3241 8808 10614
5 5744 2723 6705 10615
5 5232 1114 7480 10616
5 2006 4926 9089 10617
5 5931 3198 6985 10618
5 2458 5149 7591 10619
5 2669 6134 6237 10620
5 1511 5931 6985 10621
5 6134 2706 6237 10622
5 4926 2989 9089 10623
5 2543 5596 7441 10624
5 5040 2135 8089 10625
5 683 684 7776 10626
5 4915 2495 7687 10627
5 2631 5487 8604 10628
5 3169 5982 6372 10629
5 7568 2063 8271 10630
5 4757 1276 8368 10631
5 10333 1957 10734 10632
5 5982 2307 6372 10633
5 27 28 6435 10634
5 5546 1459 8425 10635
5 5290 2454 6743 10636
5 2687 7286 8314 10637
5 4773 1545 10448 10638
5 4884 2976 7854 10639
5 2888 7909 8204 10640
5 1991 3214 9679 10641
5 4900 1443 7802 10642
5 4247 3290 9127 10643
5 4809 1982 8576 10644
5 9769 4657 10610 10645
5 6322 2399 7167 10646
5 1995 4867 6809 10647
5 6185 6187 7777 10648
5 5429 3044 7934 10649
5 4890 1629 8164 10650
5 6507 1914 9046 10651
5 77 5395 10607 10652
5 1364 4201 7401 10653
5 2687 6629 8476 10654
5 7413 2962 7714 10655
5 2043 6870 10794 10656
5 6870 4607 10794 10657
5 2888 7493 8359 10658
5 4859 2373 10460 10659
5 6236 2453 8071 10660
5 5142 2178 8610 10661
5 5331 894 10286 10662
5 3295 5062 10358 10663
5 2708 5150 7789 10664
5 1526 4851 8148 10665
5 9051 4146 9238 10666
5 5046 2562 8386 10667
5 3077 4807 8789 10668
5 5198 2908 9097 10669
5 5671 3589 8415 10670
5 4866 966 6620 10671
5 3455 6853 7682 10672
5 6853 2891 7682 10673
5 3214 1992 9679 10674
5 1472 4809 10486 10675
5 1224 4880 9413 10676
5 3614 8729 10223 10677
5 4821 1571 9312 10678
5 2936 4864 10117 10679
5 5082 2665 7879 10680
5 8903 1205 9995 10681
5 1431 5247 6818 10682
5 3199 6446 7489 10683
5 1795 5690 10685 10684
5 821 5037 10826 10685
5 901 5360 10187 10686
5 3631 6398 7156 10687
5 2658 6636 6958 10688
5 6636 3111 6958 10689
5 742 743 6602 10690
5 2956 4787 8844 10691
5 5072 2069 8176 10692
5 4763 2653 8167 10693
5 2547 6169 6533 10694
5 1488 4093 8876 10695
5 2874 4813 9662 10696
5 1002 1003 6250 10697
5 5284 2191 7805 10698
5 4372 2039 8714 10699
5 5659 3906 9059 10700
5 2528 4861 8116 10701
5 2522 5580 9069 10702
5 1905 7185 10144 10703
5 6335 739 11235 10704
5 4034 5928 10100 10705
5 4760 971 6567 10706
5 4840 3598 10508 10707
5 5083 1135 11286 10708
5 2095 5931 11280 10709
5 6310 2536 7529 10710
5 3188 5104 9741 10711
5 3851 9971 10011 10712
5 2542 5179 10146 10713
5 4731 3559 8336 10714
5 2745 6361 8419 10715
5 1400 4542 8606 10716
5 7795 4218 10156 10717
5 4061 7011 10900 10718
5 2591 6382 7337 10719
5 4697 4062 8093 10720
5 7979 4712 10371 10721
5 1773 4348 7998 10722
5 5325 2626 8705 10723
5 3312 5293 10194 10724
5 1753 5709 7496 10725
5 3047 6405 6610 10726
5 329 328 6177 10727
5 5390 1602 8520 10728
5 7798 1747 8238 10729
5 1848 3155 9142 10730
5 1211 8041 10279 10731
5 2286 7391 9954 10732
5 2856 6393 7077 10733
5 884 5628 7629 10734
5 5436 1057 7484 10735
5 3910 5436 7484 10736
5 7000 4816 8134 10737
5 5228 2429 10893 10738
5 915 5643 7651 10739
5 2077 4888 7954 10740
5 1063 5741 10800 10741
5 5182 2444 7067 10742
5 556 555 11124 10743
5 4865 2703 8912 10744
5 5227 2877 8174 10745
5 4502 5378 10982 10746
5 1471 5227 8174 10747
5 2790 8284 8473 10748
5 8284 4310 8473 10749
5 2101 8199 9339 10750
5 8199 4699 9339 10751
5 2584 5083 11286 10752
5 131 130 6520 10753
5 2472 5859 7188 10754
5 1367 5414 6658 10755
5 5248 4144 8626 10756
5 7873 3743 8157 10757
5 2812 7867 10341 10758
5 4910 1138 10741 10759
5 4821 2408 10425 10760
5 2221 7423 10231 10761
5 8660 1796 9530 10762
5 4359 2875 7736 10763
5 2694 6144 6209 10764
5 6144 2667 6209 10765
5 2251 5700 6306 10766
5 5569 2703 7800 10767
5 6005 2770 7610 10768
5 2886 5044 8528 10769
5 4942 343 7034 10770
5 5044 1944 8528 10771
5 7090 1211 10279 10772
5 3333 8483 9307 10773
5 5198 1229 7640 10774
5 2297 5324 8248 10775
5 2817 6999 7031 10776
5 5677 1373 5679 10777
5 2361 4934 10366 10778
5 1256 5000 7882 10779
5 4958 1060 7681 10780
5 1016 1017 8023 10781
5 5103 2592 7150 10782
5 4465 6006 7393 10783
5 5589 1339 10812 10784
5 2156 4823 8679 10785
5 2592 5103 7158 10786
5 5057 2819 8516 10787
5 2459 5290 6796 10788
5 265 264 10215 10789
5 2223 6566 8193 10790
5 6566 3613 8193 10791
5 7070 2675 10697 10792
5 4931 2643 7795 10793
5 3657 4838 8684 10794
5 3727 7238 8699 10795
5 3722 1181 7539 10796
5 3225 5010 7471 10797
5 9643 4630 10948 10798
5 4913 8887 10844 10799
5 8887 1726 10844 10800
5 5103 1619 7158 10801
5 2871 5635 8496 10802
5 6248 2696 8203 10803
5 7304 2503 9048 10804
5 5179 2542 7001 10805
5 2404 5391 6687 10806
5 2558 4833 9162 10807
5 6061 2611 6782 10808
5 9411 4197 9859 10809
5 659 660 9172 10810
5 534 533 6152 10811
5 2319 6406 10312 10812
5 2695 4882 9404 10813
5 604 5468 9019 10814
5 5064 3239 10093 10815
5 2265 5469 6630 10816
5 3596 4960 7686 10817
5 2830 8195 10058 10818
5 4841 1343 9001 10819
5 2680 7040 7438 10820
5 851 852 6253 10821
5 2451 5546 8425 10822
5 7040 3429 7438 10823
5 5013 1976 9778 10824
5 5835 764 11220 10825
5 1937 4901 8768 10826
5 2157 4871 9592 10827
5 4871 3081 9592 10828
5 2518 5078 7244 10829
5 3369 7356 7740 10830
5 2539 5901 8059 10831
5 5292 3864 11238 10832
5 1559 4665 9270 10833
5 3057 6811 7588 10834
5 5992 2938 7016 10835
5 5025 3058 7436 10836
5 1202 4862 9526 10837
5 4862 2028 9528 10838
5 2816 5040 8089 10839
5 344 4942 7093 10840
5 5571 2085 9197 10841
5 5360 3483 6646 10842
5 4984 2621 8998 10843
5 2854 8400 10754 10844
5 1567 4970 7660 10845
5 2598 6340 7808 10846
5 3975 5159 10074 10847
5 5420 7670 10802 10848
5 986 987 10457 10849
5 5650 3069 7442 10850
5 7498 1533 9235 10851
5 2089 5133 7926 10852
5 4295 7498 9235 10853
5 6986 1623 7284 10854
5 5062 730 7314 10855
5 3344 6986 7284 10856
5 2067 5299 7136 10857
5 2292 4841 9624 10858
5 2981 5747 8426 10859
5 1711 5209 8347 10860
5 5092 3427 7006 10861
5 2680 5277 7239 10862
5 5277 1804 7239 10863
5 532 531 6154 10864
5 849 850 6720 10865
5 4673 3391 8753 10866
5 2563 5063 9788 10867
5 3650 5044 11138 10868
5 5294 1085 6833 10869
5 7127 3663 8400 10870
5 6129 2693 8162 10871
5 4897 1261 9767 10872
5 3308 5333 9472 10873
5 8400 3663 10531 10874
5 5333 1177 9472 10875
5 602 5293 9465 10876
5 4879 1134 8058 10877
5 5368 2199 8706 10878
5 1477 6012 6840 10879
5 5126 2592 7158 10880
5 7844 5249 11069 10881
5 3888 6979 11242 10882
5 4856 1113 11008 10883
5 2042 4903 6836 10884
5 5405 2377 7451 10885
5 2044 5001 8215 10886
5 6158 2676 6205 10887
5 1436 7020 10425 10888
5 6877 2950 7856 10889
5 1215 5683 6241 10890
5 5188 794 9174 10891
5 2793 6286 6287 10892
5 2879 8879 10353 10893
5 5483 2388 9165 10894
5 6286 2614 6287 10895
5 464 5260 7004 10896
5 2605 5038 8009 10897
5 3483 5263 6749 10898
5 2976 4884 9199 10899
5 2405 4536 7456 10900
5 2297 7263 10896 10901
5 9987 2378 10264 10902
5 2588 7329 10233 10903
5 4087 2747 7531 10904
5 4600 5597 10387 10905
5 2637 5618 7552 10906
5 3892 8140 10015 10907
5 1295 6172 7112 10908
5 2447 5528 6437 10909
5 3440 7282 9247 10910
5 5264 2462 6902 10911
5 5317 1409 6999 10912
5 2379 5956 6637 10913
5 6459 4617 7768 10914
5 2552 5374 7731 10915
5 8299 1331 8695 10916
5 6493 1554 10338 10917
5 1712 4921 10099 10918
5 4810 7333 10742 10919
5 5437 2115 7823 10920
5 1423 4842 9295 10921
5 2094 6798 9549 10922
5 5260 463 6995 10923
5 1500 7015 9431 10924
5 6798 4073 9549 10925
5 1755 7625 8531 10926
5 4881 8063 9911 10927
5 4905 2076 9915 10928
5 7379 3547 9463 10929
5 3372 6670 7426 10930
5 6670 2745 7426 10931
5 4871 1345 11189 10932
5 2708 5053 7387 10933
5 1656 5108 7230 10934
5 8080 3185 11097 10935
5 3455 5714 9851 10936
5 5792 2285 10920 10937
5 2691 6158 6205 10938
5 3402 5843 7339 10939
5 7333 2581 10742 10940
5 6935 3430 7925 10941
5 6382 3652 9730 10942
5 4257 9669 10798 10943
5 5347 1302 10409 10944
5 8305 3228 8612 10945
5 3575 5347 10409 10946
5 2443 5225 7111 10947
5 4882 2695 9610 10948
5 5790 1678 7743 10949
5 4866 2052 10837 10950
5 2342 4682 8713 10951
5 7339 4366 9606 10952
5 2018 7339 9606 10953
5 7268 3301 7550 10954
5 5771 2611 6949 10955
5 8063 2189 9911 10956
5 3895 5771 6949 10957
5 3325 5480 9368 10958
5 3351 6869 7477 10959
5 4430 5332 9045 10960
5 3907 7808 9112 10961
5 6869 2739 7477 10962
5 5213 2352 6491 10963
5 2504 6539 10270 10964
5 6414 2277 10972 10965
5 4521 8570 9876 10966
5 3822 8514 10708 10967
5 5306 3671 10416 10968
5 2254 5698 7178 10969
5 4950 736 10109 10970
5 2296 5084 7181 10971
5 1518 5519 6971 10972
5 719 720 9292 10973
5 4889 2033 9685 10974
5 2621 7172 11054 10975
5 1449 5965 8286 10976
5 5383 2548 7958 10977
5 8933 3018 9418 10978
5 3105 4889 9685 10979
5 395 394 6737 10980
5 5291 3010 7050 10981
5 5433 2675 7070 10982
5 1858 6759 7704 10983
5 3596 5743 10328 10984
5 2906 7041 7985 10985
5 6570 5945 10546 10986
5 3354 9030 11037 10987
5 5237 1441 9597 10988
5 3282 5237 9597 10989
5 1585 6947 7403 10990
5 222 221 6742 10991
5 4936 1561 7980 10992
5 8276 1394 11279 10993
5 7138 3578 8513 10994
5 3332 6282 8181 10995
5 6282 1635 8181 10996
5 4859 1697 9919 10997
5 1730 6829 8684 10998
5 10042 2588 10233 10999
5 9206 1350 10835 11000
5 3357 7943 9028 11001
5 5116 2852 9075 11002
5 4873 1201 9308 11003
5 2987 4873 9308 11004
5 8667 1960 9587 11005
5 3491 6427 7130 11006
5 2172 4864 8626 11007
5 6726 2470 10293 11008
5 527 5011 6586 11009
5 3781 5002 10717 11010
5 2308 5737 9801 11011
5 5798 3587 9578 11012
5 595 5153 10657 11013
5 154 5433 7070 11014
5 5737 3610 9801 11015
5 4948 1328 10222 11016
5 7008 3702 10225 11017
5 5975 3026 11066 11018
5 254 253 6221 11019
5 3745 5355 7057 11020
5 4772 3015 8246 11021
5 1647 7973 8006 11022
5 620 621 8602 11023
5 671 5306 10416 11024
5 6103 2177 8114 11025
5 5177 3445 11241 11026
5 4150 1921 10274 11027
5 4150 5695 9576 11028
5 3765 6014 7103 11029
5 2124 5706 8549 11030
5 2560 5560 8500 11031
5 4515 5752 9600 11032
5 1779 7350 10161 11033
5 6759 3395 7704 11034
5 6895 3640 8833 11035
5 393 392 6728 11036
5 2113 6072 7594 11037
5 1973 5292 11238 11038
5 6673 2668 7414 11039
5 1404 5487 6889 11040
5 6072 3923 7594 11041
5 6947 3463 7403 11042
5 6187 1473 8020 11043
5 9045 3487 10199 11044
5 5638 2538 6730 11045
5 2015 4872 10805 11046
5 5928 3510 6241 11047
5 2646 4646 8004 11048
5 1448 5819 6392 11049
5 1763 7750 8258 11050
5 3527 5491 6677 11051
5 638 639 6275 11052
5 5206 1684 7109 11053
5 3974 6442 10871 11054
5 4925 2176 10007 11055
5 6745 2650 8196 11056
5 2260 5035 10974 11057
5 2562 5046 11049 11058
5 3670 7435 8022 11059
5 4520 6362 10142 11060
5 9312 4015 9374 11061
5 2197 4865 8912 11062
5 2363 7151 9441 11063
5 726 727 6905 11064
5 5407 2316 8321 11065
5 1502 4812 7904 11066
5 6979 4677 11242 11067
5 9051 2390 10671 11068
5 7254 2216 10594 11069
5 4708 7254 10594 11070
5 8660 3444 9681 11071
5 1025 6015 7008 11072
5 2852 5116 9270 11073
5 5514 1521 8664 11074
5 5197 2616 9464 11075
5 937 938 6164 11076
5 1605 5659 9059 11077
5 6246 2700 6470 11078
5 1629 5600 8791 11079
5 2724 5842 7944 11080
5 1193 4995 10072 11081
5 5648 2320 7581 11082
5 3808 8015 9925 11083
5 2468 7995 8620 11084
5 3553 6210 8614 11085
5 6049 2475 6464 11086
5 3178 6669 7375 11087
5 6264 5146 9363 11088
5 2658 6958 9946 11089
5 4964 2923 10324 11090
5 1211 4933 10027 11091
5 5908 3969 9785 11092
5 5201 2557 7224 11093
5 6393 3078 7077 11094
5 5644 2421 7569 11095
5 4535 6849 11081 11096
5 3574 5117 10959 11097
5 5117 1303 10959 11098
5 1138 4910 9824 11099
5 7242 2621 11054 11100
5 5754 1207 9810 11101
5 2798 5753 6930 11102
5 692 5662 6864 11103
5 5490 4685 9070 11104
5 3455 7682 9369 11105
5 125 124 6271 11106
5 7160 3444 8660 11107
5 5143 1074 7920 11108
5 5463 654 8907 11109
5 6318 3505 10450 11110
5 1419 8098 10101 11111
5 2650 5513 6927 11112
5 3216 1991 10203 11113
5 4544 2843 9591 11114
5 5392 1051 10715 11115
5 5110 1647 8006 11116
5 5404 2769 8113 11117
5 1405 5163 9704 11118
5 6266 1463 8704 11119
5 4885 2060 9905 11120
5 6468 2719 6777 11121
5 3716 6701 9590 11122
5 5018 2127 7653 11123
5 5204 2378 9221 11124
5 5804 2380 9640 11125
5 8757 3189 8779 11126
5 6106 1736 7888 11127
5 2852 8406 8417 11128
5 5068 3211 9750 11129
5 6277 2299 7778 11130
5 5875 2476 6380 11131
5 5808 2546 10741 11132
5 2946 6468 6777 11133
5 1084 5068 9750 11134
5 8514 1788 10708 11135
5 2885 5514 6820 11136
5 3170 6106 7888 11137
5 1368 6703 9636 11138
5 5925 3044 6534 11139
5 5634 1106 11270 11140
5 5632 2468 7720 11141
5 3088 6847 7621 11142
5 3953 5634 11270 11143
5 1673 4596 8021 11144
5 2625 8115 10250 11145
5 2341 6331 7166 11146
5 4878 3093 10626 11147
5 1447 4715 9267 11148
5 6321 2459 6796 11149
5 2953 6321 6796 11150
5 3281 8048 9708 11151
5 688 689 6607 11152
5 5163 2134 9203 11153
5 3075 4697 9094 11154
5 6166 2433 7885 11155
5 2370 5540 8366 11156
5 3936 7214 10128 11157
5 4542 1400 7391 11158
5 2674 6114 6271 11159
5 2099 5000 7764 11160
5 6284 2945 6743 11161
5 2599 6473 10036 11162
5 2454 6284 6743 11163
5 6149 1071 8153 11164
5 7150 1418 7196 11165
5 3863 8866 9120 11166
5 4622 8903 9995 11167
5 117 116 7843 11168
5 6067 2788 7655 11169
5 5823 3400 8069 11170
5 225 224 6539 11171
5 8935 5440 8936 11172
5 4104 6609 9799 11173
5 764 765 11220 11174
5 2545 5782 8594 11175
5 4155 5108 7745 11176
5 4949 1965 8352 11177
5 7116 1205 9225 11178
5 6849 1791 11081 11179
5 2802 7656 8013 11180
5 4947 1994 10043 11181
5 6609 1572 9799 11182
5 3201 6537 10418 11183
5 2978 2137 9583 11184
5 1195 7249 8356 11185
5 6706 3842 9625 11186
5 4909 2766 10212 11187
5 1090 5707 6533 11188
5 4229 8158 11296 11189
5 3249 6568 8377 11190
5 1824 5082 7879 11191
5 2516 5169 7585 11192
5 3441 8396 8407 11193
5 2692 5190 8582 11194
5 5 976 8324 11195
5 6929 1967 7478 11196
5 3361 6929 7478 11197
5 1904 6472 9712 11198
5 6006 2220 10949 11199
5 4990 2638 8369 11200
5 5542 9235 10271 11201
5 5574 2704 7942 11202
5 2989 8999 9089 11203
5 4137 6191 10001 11204
5 1990 3216 10203 11205
5 6571 2651 7407 11206
5 6114 125 6271 11207
5 5193 1190 7189 11208
5 4466 7816 10102 11209
5 460 5313 7056 11210
5 3164 2727 5967 11211
5 2004 5114 10116 11212
5 5259 2047 7735 11213
5 3651 7101 9820 11214
5 2250 4919 8305 11215
5 8072 2035 11298 11216
5 2145 5076 10650 11217
5 7319 5789 9803 11218
5 2757 4379 8469 11219
5 1985 4785 8952 11220
5 1272 3477 9395 11221
5 1468 7789 10930 11222
5 4803 9797 11257 11223
5 6682 1128 9996 11224
5 4140 6682 9996 11225
5 4424 6558 6790 11226
5 8011 3127 8360 11227
5 2928 5264 8821 11228
5 7041 3496 7985 11229
5 6467 1600 8234 11230
5 653 5463 9795 11231
5 2170 5942 8282 11232
5 6871 2594 7897 11233
5 2955 7092 8031 11234
5 5497 1407 6973 11235
5 5369 3696 6882 11236
5 4888 2077 9066 11237
5 2922 4888 9066 11238
5 5362 297 8850 11239
5 4869 3200 9691 11240
5 5023 1549 9583 11241
5 5513 1469 6927 11242
5 5227 2089 7926 11243
5 5054 2217 8801 11244
5 215 4906 9517 11245
5 2289 6230 10128 11246
5 2397 6056 9410 11247
5 4906 4230 9517 11248
5 6230 3936 10128 11249
5 8061 2658 9946 11250
5 8 5072 9449 11251
5 7045 4857 8274 11252
5 1489 5482 7521 11253
5 5313 459 7053 11254
5 7690 1594 11065 11255
5 1471 5013 8431 11256
5 588 589 7067 11257
5 1031 4724 7328 11258
5 4893 1051 8790 11259
5 3107 8559 9382 11260
5 2908 5198 7640 11261
5 1035 5369 6882 11262
5 4606 6270 10281 11263
5 1283 6962 10143 11264
5 6631 3872 11230 11265
5 2024 4938 8273 11266
5 5579 1395 10112 11267
5 3481 4654 9166 11268
5 3936 7526 8486 11269
5 2628 6499 8306 11270
5 7526 2867 8486 11271
5 5342 2601 6941 11272
5 4765 3010 7639 11273
5 4938 2543 8276 11274
5 3006 7802 9068 11275
5 2217 5054 9272 11276
5 5626 2354 9840 11277
5 4938 8276 11279 11278
5 8030 2799 10061 11279
5 5729 2646 6844 11280
5 1143 8190 11016 11281
5 3709 6925 9090 11282
5 4295 5634 10442 11283
5 5011 526 6780 11284
5 2664 4943 8760 11285
5 5587 2746 7134 11286
5 2414 5587 7134 11287
5 38 39 9603 11288
5 4530 8382 9016 11289
5 1987 4900 8701 11290
5 5278 3520 6854 11291
5 4940 3794 10929 11292
5 6813 3292 7455 11293
5 7927 1851 9686 11294
5 5085 3177 7486 11295
5 3520 5281 6855 11296
5 4911 1357 8192 11297
5 1374 4628 8000 11298
5 7238 2826 8699 11299
5 2947 8477 10927 11300
5 6820 1456 7817 11301
5 9580 3220 9870 11302
5 5214 2389 7895 11303
5 2214 7005 11082 11304
5 1080 8360 9977 11305
5 325 324 6285 11306
5 7359 3843 9283 11307
5 2592 5126 9562 11308
5 6025 2514 6329 11309
5 7641 5794 10853 11310
5 5931 2095 10095 11311
5 586 587 7111 11312
5 6313 3909 9277 11313
5 4924 2800 10471 11314
5 233 232 7533 11315
5 5580 2522 8151 11316
5 6184 3163 9327 11317
5 2824 5297 7866 11318
5 4983 1521 9021 11319
5 4063 1174 5639 11320
5 3001 5580 8151 11321
5 5297 747 7866 11322
5 5760 2517 6536 11323
5 9235 1533 10271 11324
5 3267 6001 6930 11325
5 5272 1486 7054 11326
5 5293 2709 9465 11327
5 6925 2093 9090 11328
5 1867 5116 9075 11329
5 4531 2696 8463 11330
5 6191 3717 10001 11331
5 5261 2332 7100 11332
5 2022 4397 9228 11333
5 4989 1105 9826 11334
5 3171 4989 9826 11335
5 5702 3158 9421 11336
5 1414 5097 7483 11337
5 3622 5048 10747 11338
5 2613 5097 9922 11339
5 4910 2857 9824 11340
5 4344 6697 10169 11341
5 1561 4936 9755 11342
5 4098 2299 7364 11343
5 2752 7685 9629 11344
5 6494 3005 6980 11345
5 334 333 6333 11346
5 5519 3064 6971 11347
5 1996 4966 8160 11348
5 2506 5598 6649 11349
5 9822 3499 9866 11350
5 6528 3323 6915 11351
5 5033 1105 10759 11352
5 2840 6813 7455 11353
5 6786 1490 7190 11354
5 3693 8523 10856 11355
5 511 510 6390 11356
5 3684 6375 8551 11357
5 1365 4201 6112 11358
5 4943 1697 8760 11359
5 5504 3841 6838 11360
5 3003 8236 8805 11361
5 2894 6473 6474 11362
5 6473 2599 6474 11363
5 5319 2113 7594 11364
5 10111 3635 11017 11365
5 2387 5119 8379 11366
5 2751 5319 7594 11367
5 3486 5382 10173 11368
5 5650 2637 7654 11369
5 134 133 6686 11370
5 1996 4928 9602 11371
5 5887 3279 7954 11372
5 626 627 7123 11373
5 5097 2613 8888 11374
5 6146 103 7392 11375
5 3786 8492 8611 11376
5 4984 2513 8815 11377
5 4393 1052 7169 11378
5 1774 4907 9249 11379
5 3788 9914 10376 11380
5 6570 2540 8694 11381
5 5567 4962 9319 11382
5 1193 5459 8762 11383
5 2205 5491 9091 11384
5 5031 3004 9904 11385
5 1913 5198 9097 11386
5 2953 6449 6830 11387
5 5804 3524 10039 11388
5 5806 3881 10803 11389
5 3445 7357 8686 11390
5 5197 1921 9601 11391
5 2309 5806 10803 11392
5 3512 7235 10532 11393
5 5921 2655 6546 11394
5 6084 1091 6813 11395
5 178 177 9002 11396
5 5056 3865 9121 11397
5 8953 3415 9850 11398
5 6829 3657 8684 11399
5 509 508 6399 11400
5 5475 926 7295 11401
5 2654 5921 6546 11402
5 2285 5431 10920 11403
5 7235 10385 10532 11404
5 5844 2554 10898 11405
5 4937 1384 9652 11406
5 4907 2870 9249 11407
5 865 866 7100 11408
5 5494 1418 9964 11409
5 4379 2757 7903 11410
5 3490 5494 9964 11411
5 3978 7879 9233 11412
5 4938 2024 8456 11413
5 2801 6494 6980 11414
5 5880 4747 10151 11415
5 5722 7570 9579 11416
5 1707 9565 10677 11417
5 5010 660 10537 11418
5 6141 9691 9930 11419
5 7624 3058 8357 11420
5 9334 3680 10818 11421
5 1334 5897 6466 11422
5 336 335 6339 11423
5 8762 3543 9556 11424
5 6553 3832 10116 11425
5 4196 6141 6565 11426
5 3958 6425 9152 11427
5 6768 2599 10036 11428
5 5311 2711 7048 11429
5 3838 2952 5646 11430
5 2424 4566 7452 11431
5 5962 2728 7974 11432
5 1639 5337 7021 11433
5 3388 5697 10339 11434
5 4960 316 8353 11435
5 4950 3019 8394 11436
5 232 7223 7533 11437
5 2608 5186 7971 11438
5 5605 4359 7736 11439
5 8338 2965 10181 11440
5 2990 8154 8751 11441
5 863 864 7279 11442
5 152 151 6340 11443
5 1223 5699 9096 11444
5 5058 1687 7720 11445
5 2840 6084 6813 11446
5 4966 1398 11170 11447
5 2668 7308 7535 11448
5 4926 682 8615 11449
5 6969 3449 7715 11450
5 1222 6385 9340 11451
5 2931 6969 7715 11452
5 7308 3512 7535 11453
5 6803 2420 11242 11454
5 5564 819 8573 11455
5 8382 3280 9016 11456
5 8764 1214 11263 11457
5 2235 5641 7073 11458
5 2852 4368 9075 11459
5 5095 3049 7848 11460
5 223 222 7404 11461
5 7301 2799 8030 11462
5 315 5233 8353 11463
5 5456 2594 6871 11464
5 5200 1142 8501 11465
5 2241 4713 6592 11466
5 2965 7459 10181 11467
5 2905 5200 8501 11468
5 4937 3294 9518 11469
5 814 5269 9787 11470
5 4010 6328 10790 11471
5 3230 7448 8288 11472
5 3637 1453 9171 11473
5 3655 7301 8030 11474
5 5607 2826 9195 11475
5 3263 9957 10018 11476
5 4940 2134 9548 11477
5 2337 5748 6644 11478
5 6513 2555 8258 11479
5 5933 1785 10001 11480
5 2054 9769 10610 11481
5 3717 5933 10001 11482
5 5267 2713 7546 11483
5 5170 2582 10487 11484
5 753 754 8102 11485
5 5317 2052 7355 11486
5 5852 1259 10843 11487
5 1253 5048 7120 11488
5 4313 8126 9698 11489
5 2527 5523 6967 11490
5 6559 2777 6598 11491
5 1387 4726 8877 11492
5 7898 4196 8183 11493
5 3293 5144 8090 11494
5 1941 5338 9520 11495
5 5134 837 7593 11496
5 9501 1249 10682 11497
5 5386 1409 7555 11498
5 4680 1369 8897 11499
5 1778 1439 10123 11500
5 5137 2894 7464 11501
5 2109 6247 10947 11502
5 95 96 6559 11503
5 1870 6558 11181 11504
5 5910 4019 7600 11505
5 5729 2145 10650 11506
5 9175 3710 9965 11507
5 3002 5526 7580 11508
5 3115 6315 7832 11509
5 2050 4662 8795 11510
5 7021 2682 11123 11511
5 5304 2568 8788 11512
5 1677 5267 7546 11513
5 5180 2279 9777 11514
5 3445 8686 10299 11515
5 2431 5719 6681 11516
5 1398 7430 10030 11517
5 3184 5072 8176 11518
5 1647 5110 7676 11519
5 5335 1280 7647 11520
5 583 5874 6273 11521
5 5017 2684 7917 11522
5 8109 1795 10685 11523
5 5639 1271 7718 11524
5 7320 3182 8923 11525
5 5340 2470 6726 11526
5 8570 1927 9876 11527
5 4898 2803 9455 11528
5 3424 5949 7991 11529
5 3958 9152 10894 11530
5 5962 3742 9718 11531
5 5240 1091 7267 11532
5 3376 8662 9259 11533
5 2323 5231 9737 11534
5 1244 5504 6838 11535
5 32 33 8288 11536
5 6685 2628 8306 11537
5 2126 5062 10094 11538
5 4175 6335 11235 11539
5 2596 8601 11114 11540
5 3886 8578 10048 11541
5 6202 3489 8154 11542
5 1891 5751 6657 11543
5 7092 3524 8031 11544
5 4933 2325 11058 11545
5 2019 4932 10208 11546
5 5447 2412 8997 11547
5 5777 3476 11098 11548
5 4968 1189 9882 11549
5 5048 1253 10398 11550
5 3413 8548 9242 11551
5 3160 4968 9882 11552
5 6212 3397 10037 11553
5 1277 5098 6746 11554
5 2716 5017 8045 11555
5 5110 2674 7676 11556
5 4959 4115 9712 11557
5 5246 2207 9062 11558
5 582 583 6273 11559
5 9049 3752 10004 11560
5 4095 7310 10948 11561
5 7595 1940 10485 11562
5 5521 2646 5709 11563
5 2463 5681 9643 11564
5 573 574 7232 11565
5 1921 4150 9601 11566
5 6558 4424 11181 11567
5 2709 5293 6968 11568
5 6013 2489 6987 11569
5 2660 6016 7171 11570
5 4318 6604 10168 11571
5 505 504 6456 11572
5 5739 2707 9535 11573
5 2092 5659 8106 11574
5 6764 1565 7466 11575
5 4970 2680 9970 11576
5 3519 5323 7845 11577
5 6999 1409 7031 11578
5 2115 5437 9757 11579
5 5949 2085 7991 11580
5 1147 5287 7337 11581
5 1125 6960 7614 11582
5 1984 7862 11064 11583
5 3386 8298 9239 11584
5 3004 5031 10567 11585
5 5366 2721 7058 11586
5 2992 7248 9093 11587
5 7391 4313 9954 11588
5 5812 2518 9058 11589
5 3972 6006 10949 11590
5 622 623 9327 11591
5 5140 4158 7637 11592
5 4397 5516 9228 11593
5 4936 2930 9755 11594
5 1687 5058 8032 11595
5 3009 5527 8488 11596
5 503 502 6457 11597
5 5032 2032 10551 11598
5 4994 1097 10166 11599
5 1548 7922 8981 11600
5 4803 5490 9797 11601
5 5186 2608 9805 11602
5 4488 8027 9318 11603
5 1273 8749 9590 11604
5 8027 1555 9318 11605
5 5032 3127 8011 11606
5 4950 1976 9415 11607
5 7519 1294 10405 11608
5 3019 4950 9415 11609
5 4973 2067 8830 11610
5 3533 6764 7466 11611
5 1100 4959 9537 11612
5 1189 4975 9882 11613
5 4975 3160 9882 11614
5 6540 2855 8494 11615
5 5968 2673 7631 11616
5 5273 2056 9471 11617
5 1644 4967 9774 11618
5 5008 2623 7665 11619
5 2513 4984 8332 11620
5 2520 4982 9974 11621
5 4503 1386 7698 11622
5 6851 1332 8191 11623
5 1521 5537 8664 11624
5 6674 3128 8950 11625
5 6422 1158 6669 11626
5 5732 1946 9017 11627
5 3311 5732 9017 11628
5 284 5073 7785 11629
5 828 829 6412 11630
5 1260 6122 9802 11631
5 5140 1649 7547 11632
5 1680 2979 3210 11633
5 314 313 7386 11634
5 4805 2984 8103 11635
5 9129 1693 9637 11636
5 2896 5892 10481 11637
5 4831 7827 9853 11638
5 6314 3730 11094 11639
5 1430 5091 11026 11640
5 1172 5146 7527 11641
5 7158 1619 7274 11642
5 7695 1542 10482 11643
5 5144 2151 8090 11644
5 40 41 7199 11645
5 2143 4978 9866 11646
5 8317 2854 10754 11647
5 5038 1661 8009 11648
5 2248 5838 8074 11649
5 8375 3201 10418 11650
5 1694 6634 8893 11651
5 5850 3372 9035 11652
5 5983 3320 8230 11653
5 2291 5850 9035 11654
5 3517 5061 7668 11655
5 497 496 6492 11656
5 5636 6975 9335 11657
5 6220 3018 10357 11658
5 2389 5617 6753 11659
5 4052 9073 11025 11660
5 3091 8308 9006 11661
5 2805 6555 8343 11662
5 2429 4760 6567 11663
5 2948 8122 9176 11664
5 925 5475 8001 11665
5 1105 4989 9967 11666
5 5793 1564 6624 11667
5 1160 5380 9342 11668
5 2535 5648 7581 11669
5 1338 7810 11033 11670
5 4955 3063 8895 11671
5 2001 5064 10093 11672
5 5871 2410 7367 11673
5 3434 9927 9950 11674
5 5314 1729 9011 11675
5 5397 362 7193 11676
5 2587 5905 6878 11677
5 3074 4944 9044 11678
5 6783 3354 11037 11679
5 6187 1151 7777 11680
5 2165 4327 8770 11681
5 2095 5298 10095 11682
5 4991 2842 8395 11683
5 2326 4970 9659 11684
5 3461 7448 7960 11685
5 8513 1803 11218 11686
5 2665 5473 9233 11687
5 7683 3434 9950 11688
5 169 168 8051 11689
5 679 680 6434 11690
5 5575 3218 10981 11691
5 7226 4247 10582 11692
5 3542 5469 6948 11693
5 3642 5608 5946 11694
5 2795 7973 10061 11695
5 3880 6020 9820 11696
5 3600 6012 10640 11697
5 2375 7228 11273 11698
5 5181 1256 7882 11699
5 8950 3128 10824 11700
5 4757 2054 9055 11701
5 1341 5289 7219 11702
5 3726 5345 7790 11703
5 4767 1406 8883 11704
5 74 75 6800 11705
5 5467 3318 8617 11706
5 1299 4519 8721 11707
5 5426 2084 7113 11708
5 3448 5322 10489 11709
5 8601 4998 11114 11710
5 8316 3028 9222 11711
5 2316 5407 9614 11712
5 2377 5688 7451 11713
5 7233 5106 10688 11714
5 1303 5117 8099 11715
5 5249 1747 7590 11716
5 6474 2599 8216 11717
5 4037 7185 11121 11718
5 7097 1671 10649 11719
5 5147 4438 8563 11720
5 4943 2664 8014 11721
5 730 731 7314 11722
5 5033 2186 8120 11723
5 5302 2626 9813 11724
5 7770 2661 10025 11725
5 3277 7018 7934 11726
5 495 494 6495 11727
5 5230 6910 10423 11728
5 3303 4776 7032 11729
5 4677 6803 11242 11730
5 7822 4321 9194 11731
5 250 6843 9812 11732
5 1048 4903 7959 11733
5 1267 6842 9082 11734
5 5005 2259 11289 11735
5 4961 2479 9431 11736
5 5711 3462 11163 11737
5 5545 6630 9809 11738
5 2299 4764 11180 11739
5 2422 4592 7629 11740
5 5094 1128 7790 11741
5 5108 3221 7745 11742
5 8879 4421 10353 11743
5 1068 5943 10104 11744
5 2951 7087 7584 11745
5 7087 3418 7584 11746
5 1479 6797 10417 11747
5 6888 3442 9784 11748
5 6797 4291 10417 11749
5 7143 2716 9759 11750
5 5250 2323 6689 11751
5 6733 3963 9495 11752
5 1684 5206 8743 11753
5 1132 5495 6939 11754
5 5206 2964 8743 11755
5 3041 5629 6771 11756
5 5833 2246 6760 11757
5 1451 7822 9194 11758
5 7426 2745 8419 11759
5 6296 4116 8977 11760
5 1973 4447 11013 11761
5 5382 196 10173 11762
5 3209 5140 7637 11763
5 1274 5299 10480 11764
5 2323 5250 6849 11765
5 4956 1365 6112 11766
5 6031 1598 7334 11767
5 5312 2586 8867 11768
5 5160 7289 10405 11769
5 5921 2654 6653 11770
5 5127 1538 8498 11771
5 4968 2534 8782 11772
5 9775 773 10040 11773
5 2866 5127 8498 11774
5 4977 1144 10675 11775
5 1092 5203 9101 11776
5 3795 7975 11254 11777
5 10490 994 10491 11778
5 5040 2816 8602 11779
5 3309 6247 9061 11780
5 5310 1451 7229 11781
5 7286 2687 8476 11782
5 1508 5921 6653 11783
5 1085 5842 6833 11784
5 5842 2724 6833 11785
5 1102 6334 7692 11786
5 3887 7335 10075 11787
5 3195 2770 6005 11788
5 1439 1800 10123 11789
5 1230 4964 10324 11790
5 6417 3523 9414 11791
5 3544 9357 10334 11792
5 5101 2224 11028 11793
5 1698 8280 9519 11794
5 6798 2993 8177 11795
5 1359 5614 6795 11796
5 2432 4590 7651 11797
5 5808 4658 9451 11798
5 1097 5839 10166 11799
5 6436 3605 10462 11800
5 2576 1589 7418 11801
5 4911 2037 10504 11802
5 1458 5604 6814 11803
5 2970 5220 8222 11804
5 2157 5303 9612 11805
5 5285 1466 7271 11806
5 2870 4971 9249 11807
5 2710 5603 8721 11808
5 5468 604 10085 11809
5 3802 5176 7562 11810
5 3409 5422 7267 11811
5 5220 686 8222 11812
5 6704 2768 7250 11813
5 1530 6378 9899 11814
5 2454 5741 6696 11815
5 3298 5373 7141 11816
5 1925 6222 6363 11817
5 6222 2705 6363 11818
5 1597 5043 10444 11819
5 8317 3972 10895 11820
5 5043 3313 10444 11821
5 7472 1242 8281 11822
5 2314 4786 11175 11823
5 2147 6534 10337 11824
5 3011 5246 7384 11825
5 3208 6279 8742 11826
5 6346 2958 8063 11827
5 6481 2428 8492 11828
5 5857 3507 10878 11829
5 1195 5673 7249 11830
5 4917 9775 10040 11831
5 4971 1774 9249 11832
5 6392 3220 8649 11833
5 2052 5317 8315 11834
5 5541 830 8206 11835
5 5087 479 7354 11836
5 3129 4971 9187 11837
5 2227 5022 10193 11838
5 6513 3516 8010 11839
5 2098 5320 10664 11840
5 5309 3061 7255 11841
5 4322 7501 10070 11842
5 2940 8268 10954 11843
5 3730 4979 10106 11844
5 6317 2738 7204 11845
5 1440 5871 7367 11846
5 3538 5539 10430 11847
5 5023 2137 9653 11848
5 2279 5180 7997 11849
5 2649 7059 8099 11850
5 1529 5114 10089 11851
5 3790 7472 8281 11852
5 5159 5176 9586 11853
5 1294 7519 10513 11854
5 6088 3654 8125 11855
5 1425 5925 6534 11856
5 2641 6017 7014 11857
5 6505 1798 10919 11858
5 6774 1388 10987 11859
5 5396 2556 6963 11860
5 5320 3557 10664 11861
5 1314 6916 6917 11862
5 6916 3110 6917 11863
5 2765 5133 8127 11864
5 5133 2089 8127 11865
5 1439 6612 9236 11866
5 557 556 7816 11867
5 1512 5638 6730 11868
5 4976 2321 9031 11869
5 5256 703 7976 11870
5 3837 989 8300 11871
5 4325 8603 11009 11872
5 4976 1176 9503 11873
5 1625 5785 10319 11874
5 2411 5585 6914 11875
5 363 5397 7216 11876
5 1401 4998 8601 11877
5 35 36 9759 11878
5 9073 4052 10521 11879
5 2470 5340 7232 11880
5 3078 4943 9191 11881
5 5347 3575 10243 11882
5 948 949 7456 11883
5 2812 8269 8376 11884
5 5007 1343 8499 11885
5 5071 2035 8072 11886
5 2186 5033 10244 11887
5 5516 887 11045 11888
5 7289 5160 9794 11889
5 2134 5163 7667 11890
5 2374 5671 6820 11891
5 5860 3699 7146 11892
5 3205 5956 8232 11893
5 6011 2662 6582 11894
5 2235 5111 8036 11895
5 2891 6789 8619 11896
5 5111 3168 8036 11897
5 7048 2711 7241 11898
5 1463 7200 8704 11899
5 3106 6912 7829 11900
5 2370 5168 7664 11901
5 285 284 7785 11902
5 3764 9527 10069 11903
5 545 5174 8340 11904
5 1611 4984 8998 11905
5 4793 6674 8950 11906
5 1586 5706 10115 11907
5 5229 1676 10804 11908
5 7973 3646 8006 11909
5 5276 2421 10368 11910
5 5371 2246 10096 11911
5 2252 5190 7652 11912
5 677 678 6547 11913
5 2818 4681 11281 11914
5 540 539 8026 11915
5 1783 7795 10156 11916
5 2253 5351 7692 11917
5 3448 9046 10257 11918
5 1508 6653 8752 11919
5 6425 1249 9501 11920
5 6621 2578 8609 11921
5 2471 5797 8852 11922
5 4832 6529 9852 11923
5 2655 5921 7617 11924
5 1698 5239 8210 11925
5 4989 3171 9349 11926
5 5144 1200 9343 11927
5 3458 7083 9815 11928
5 2599 6639 8216 11929
5 5174 3081 8340 11930
5 5263 2267 6749 11931
5 5761 2780 9201 11932
5 5069 8156 10013 11933
5 4583 6488 11129 11934
5 2956 5541 8206 11935
5 8345 1994 8963 11936
5 4453 8345 8963 11937
5 5045 2086 10331 11938
5 220 219 8776 11939
5 3225 5571 9197 11940
5 6787 4450 8601 11941
5 2590 6431 8752 11942
5 1663 5045 10332 11943
5 939 940 7452 11944
5 3928 4994 9540 11945
5 3986 5086 10833 11946
5 5069 2720 9773 11947
5 5046 1180 11307 11948
5 5784 1034 7542 11949
5 8278 2096 10709 11950
5 2346 5448 8082 11951
5 4223 2366 10065 11952
5 5090 3186 9598 11953
5 4374 8316 9222 11954
5 3233 6815 7677 11955
5 5699 3269 9096 11956
5 6698 2751 7431 11957
5 7682 2891 8619 11958
5 5069 1485 8156 11959
5 33 34 8316 11960
5 2413 5360 6646 11961
5 4211 6234 8753 11962
5 1678 5790 8220 11963
5 6448 5019 8668 11964
5 1377 5050 10348 11965
5 979 980 6001 11966
5 6169 2932 6533 11967
5 6842 3773 9082 11968
5 2096 5157 7799 11969
5 1011 1012 9525 11970
5 2603 6806 7524 11971
5 271 5713 10455 11972
5 4785 1985 10927 11973
5 5238 1906 8643 11974
5 2067 4973 8882 11975
5 2584 10396 11090 11976
5 76 77 10607 11977
5 5713 270 9570 11978
5 691 692 6864 11979
5 1536 5896 9034 11980
5 5304 2702 7353 11981
5 3334 4126 6543 11982
5 8126 2914 9698 11983
5 5041 2075 8350 11984
5 6542 5052 10180 11985
5 480 5087 7012 11986
5 5122 1685 7950 11987
5 5258 3215 9569 11988
5 2285 5258 9569 11989
5 5021 1401 10336 11990
5 7078 3254 7201 11991
5 5733 2205 9091 11992
5 1045 7078 7201 11993
5 5081 1133 8536 11994
5 5279 2319 10312 11995
5 1832 7807 10224 11996
5 7487 4249 9699 11997
5 1815 6525 10229 11998
5 2648 4611 7421 11999
5 2276 5278 6854 12000
5 4042 9119 10426 12001
5 2963 5736 7981 12002
5 2595 5110 8006 12003
5 5505 1488 8876 12004
5 2550 5041 8384 12005
5 5281 2275 6855 12006
5 5363 4077 9109 12007
5 5231 1959 9737 12008
5 6514 3198 9599 12009
5 186 185 8441 12010
5 5539 1648 10430 12011
5 2311 5341 10484 12012
5 2546 6506 10741 12013
5 1489 6209 6894 12014
5 1545 5119 8129 12015
5 5540 1752 8366 12016
5 5430 8552 11293 12017
5 2614 6286 11155 12018
5 979 6001 10232 12019
5 3026 8767 11066 12020
5 5282 1863 7413 12021
5 1758 8895 9792 12022
5 2073 5848 9735 12023
5 2002 5185 10530 12024
5 3230 6442 7960 12025
5 2271 5343 7723 12026
5 5451 676 10359 12027
5 2108 5280 7409 12028
5 2768 6704 7796 12029
5 5469 1047 11162 12030
5 7536 1684 8743 12031
5 5102 1608 8033 12032
5 3970 7536 8743 12033
5 3747 1266 10402 12034
5 2619 5289 9709 12035
5 2649 5117 8118 12036
5 8322 4947 10044 12037
5 6384 3668 8624 12038
5 2975 5975 11066 12039
5 1541 8322 10044 12040
5 6453 2647 8179 12041
5 5731 2197 10901 12042
5 1664 6303 8512 12043
5 7430 4231 10030 12044
5 6704 3826 7796 12045
5 1180 5046 8386 12046
5 5285 2451 7412 12047
5 2036 4863 9604 12048
5 2952 1680 3210 12049
5 2292 6022 6841 12050
5 2773 5259 7735 12051
5 2179 5089 8377 12052
5 5981 2973 6989 12053
5 5296 2548 8050 12054
5 142 141 7237 12055
5 2729 5448 10384 12056
5 4113 5894 8363 12057
5 2481 4431 7767 12058
5 5002 3080 9692 12059
5 9689 3148 10963 12060
5 3384 7313 10611 12061
5 2864 5943 6583 12062
5 1435 6208 10084 12063
5 1494 6330 11211 12064
5 7493 4683 10551 12065
5 2032 7493 10551 12066
5 1449 5104 9823 12067
5 696 697 6557 12068
5 3604 8080 10608 12069
5 5190 2692 7652 12070
5 6615 4770 11165 12071
5 4952 10694 10838 12072
5 7366 3266 8019 12073
5 1651 5700 10299 12074
5 1898 5588 9963 12075
5 5588 3490 9963 12076
5 5080 2256 8519 12077
5 5715 4177 8891 12078
5 1976 5013 9415 12079
5 5013 3019 9415 12080
5 6442 2349 7960 12081
5 5183 1229 8958 12082
5 2687 5693 7221 12083
5 4831 5889 10295 12084
5 2938 5992 8811 12085
5 3385 5989 6857 12086
5 5989 1504 6857 12087
5 3833 7290 10730 12088
5 5062 2126 10358 12089
5 8694 2540 10263 12090
5 3119 1908 3276 12091
5 2722 5029 6684 12092
5 7075 2726 8556 12093
5 6472 4471 9462 12094
5 5652 2834 8302 12095
5 1019 1020 8437 12096
5 7133 4528 10844 12097
5 883 884 7629 12098
5 4561 6040 10029 12099
5 7504 3383 7529 12100
5 4277 3720 9854 12101
5 5476 928 11294 12102
5 1499 5823 8069 12103
5 5743 318 10328 12104
5 5104 3188 9823 12105
5 2653 4763 7921 12106
5 3801 5194 9948 12107
5 4361 6414 10972 12108
5 3388 5466 7155 12109
5 5194 705 9948 12110
5 5030 1500 8728 12111
5 2737 6246 6470 12112
5 5157 2717 7799 12113
5 5634 3068 8802 12114
5 5036 177 9505 12115
5 10694 2043 10838 12116
5 5010 3225 9172 12117
5 4797 8278 10709 12118
5 8290 3626 10052 12119
5 2980 5241 8882 12120
5 914 915 7651 12121
5 1187 7061 9796 12122
5 5406 2173 7241 12123
5 4575 5273 9471 12124
5 5016 1393 9650 12125
5 7249 3560 8356 12126
5 658 659 7994 12127
5 6744 2650 6745 12128
5 2995 6744 6745 12129
5 928 5476 9177 12130
5 5204 1692 9133 12131
5 5823 6252 11058 12132
5 1894 9051 9238 12133
5 2718 5386 7555 12134
5 5188 2643 7793 12135
5 4411 1930 9993 12136
5 3366 5052 10318 12137
5 5777 1398 10030 12138
5 2025 5030 8735 12139
5 6084 8237 10133 12140
5 5078 2819 8266 12141
5 1188 5259 8759 12142
5 881 882 7727 12143
5 7602 1391 10197 12144
5 5714 237 9851 12145
5 3068 5024 8802 12146
5 919 5510 7913 12147
5 5512 918 7913 12148
5 2127 5018 9461 12149
5 5022 3084 10193 12150
5 7639 3010 7646 12151
5 8935 5441 9719 12152
5 5747 1092 8426 12153
5 1375 5705 7298 12154
5 3956 5987 8364 12155
5 6033 3715 7494 12156
5 1140 5325 7126 12157
5 5241 2067 8882 12158
5 6478 2691 6801 12159
5 5056 1064 8464 12160
5 1713 5170 10487 12161
5 5018 3007 9461 12162
5 1118 5018 10975 12163
5 6824 1633 9425 12164
5 5807 1543 8265 12165
5 1246 5034 9125 12166
5 912 913 7783 12167
5 8425 1459 9320 12168
5 5034 2944 9125 12169
5 5627 1782 7059 12170
5 3159 9073 10521 12171
5 7951 3506 11192 12172
5 1100 6815 7476 12173
5 7507 3433 9950 12174
5 4445 9614 10906 12175
5 5944 2890 7467 12176
5 2068 5944 7467 12177
5 6732 62 10899 12178
5 2757 5202 7903 12179
5 5349 628 10695 12180
5 5035 3908 8756 12181
5 4521 5301 8570 12182
5 4923 1086 9077 12183
5 5494 2632 7696 12184
5 5889 2269 10211 12185
5 5518 9768 11204 12186
5 1912 7487 9699 12187
5 6815 3233 7476 12188
5 6848 2709 7912 12189
5 2696 5344 8463 12190
5 2088 5056 10247 12191
5 6406 4390 10312 12192
5 2820 5237 8546 12193
5 4220 5992 7016 12194
5 1178 5041 9936 12195
5 5538 1337 6223 12196
5 4945 3570 10684 12197
5 1426 5107 10795 12198
5 2436 6615 11165 12199
5 3090 9111 10211 12200
5 8625 3875 9122 12201
5 2566 6915 10148 12202
5 2666 5128 10938 12203
5 5047 3718 10998 12204
5 2018 9606 11108 12205
5 3476 7818 11098 12206
5 1726 7133 10844 12207
5 8674 3659 10459 12208
5 5524 3059 7125 12209
5 2123 5088 10592 12210
5 5352 2108 7409 12211
5 7792 2811 7837 12212
5 5027 1543 9436 12213
5 5609 809 11262 12214
5 7811 4534 9835 12215
5 2075 5021 9202 12216
5 6130 1721 7544 12217
5 3318 7153 8341 12218
5 3224 7811 9835 12219
5 2982 6130 7544 12220
5 8318 3763 8982 12221
5 4595 5295 10992 12222
5 7417 178 9002 12223
5 3764 5063 10216 12224
5 3929 9366 9429 12225
5 2719 8380 8637 12226
5 6691 1553 9103 12227
5 3849 6795 10646 12228
5 6144 2694 7945 12229
5 6960 3101 7614 12230
5 5911 2588 10042 12231
5 5024 3068 9128 12232
5 3981 5165 10772 12233
5 5025 2006 9089 12234
5 5175 1089 7881 12235
5 4746 1789 9684 12236
5 6556 1522 10002 12237
5 2417 7717 10646 12238
5 7759 994 10490 12239
5 3408 5114 7528 12240
5 5938 2023 9772 12241
5 1268 7281 8555 12242
5 2947 5238 8643 12243
5 1356 8825 10666 12244
5 1540 5630 6712 12245
5 6640 6076 10366 12246
5 11257 6633 11260 12247
5 6405 2589 6610 12248
5 7586 753 8102 12249
5 5033 3089 10244 12250
5 4232 8933 9418 12251
5 555 554 9294 12252
5 5133 1129 9696 12253
5 3191 6480 9556 12254
5 600 5552 10237 12255
5 2939 4945 8902 12256
5 7389 1623 10098 12257
5 3231 5221 7769 12258
5 5128 1506 9154 12259
5 1972 5899 8478 12260
5 3313 6294 8946 12261
5 5899 3165 8478 12262
5 7248 3890 9093 12263
5 6507 2522 9069 12264
5 6635 7754 9902 12265
5 5636 2519 6975 12266
5 198 197 7984 12267
5 5042 2120 9758 12268
5 3113 5042 9758 12269
5 1803 8513 8796 12270
5 4728 8667 9587 12271
5 3831 6103 8114 12272
5 5037 3307 10826 12273
5 7930 1639 11123 12274
5 8034 1740 8827 12275
5 2035 9456 11298 12276
5 5185 3953 11270 12277
5 327 326 6487 12278
5 7677 2813 10946 12279
5 5217 3987 11206 12280
5 5302 1140 7037 12281
5 5162 658 7994 12282
5 2796 6514 8121 12283
5 5343 2271 7458 12284
5 5031 2216 10567 12285
5 4457 6360 11228 12286
5 5189 3878 11283 12287
5 6442 1818 10871 12288
5 5798 1773 10016 12289
5 5851 1436 10784 12290
5 2709 6968 7912 12291
5 300 299 8388 12292
5 5034 1246 9104 12293
5 4102 5036 9505 12294
5 5042 801 9654 12295
5 1908 3052 3276 12296
5 4509 7602 10197 12297
5 3139 6951 7941 12298
5 5036 3185 9002 12299
5 1217 4733 11234 12300
5 1811 5335 10514 12301
5 1284 5051 8734 12302
5 656 657 8462 12303
5 1051 8648 10715 12304
5 7143 37 10527 12305
5 6021 2644 7034 12306
5 6070 1384 6662 12307
5 296 295 6793 12308
5 3748 6308 9702 12309
5 2851 5412 8095 12310
5 1385 9711 11227 12311
5 2315 6883 8964 12312
5 5412 1476 8095 12313
5 3222 2788 6067 12314
5 6583 1734 9978 12315
5 4176 6089 10406 12316
5 4763 5353 7921 12317
5 6528 1661 8205 12318
5 3323 6528 8205 12319
5 2773 5990 7335 12320
5 208 207 8355 12321
5 6341 1694 9353 12322
5 4244 2255 10329 12323
5 6821 1080 9977 12324
5 5186 1350 7971 12325
5 5529 1406 8976 12326
5 3552 7505 8911 12327
5 4205 7911 10938 12328
5 1722 7942 8354 12329
5 724 5295 8742 12330
5 1382 1777 9724 12331
5 1752 5540 8700 12332
5 1017 4550 8023 12333
5 2916 5122 8409 12334
5 7449 3840 11185 12335
5 7321 1918 7937 12336
5 3575 7321 7937 12337
5 3031 7843 9251 12338
5 5731 3418 10313 12339
5 2657 4641 7470 12340
5 1419 10101 10535 12341
5 6943 1635 9481 12342
5 3358 5316 10135 12343
5 5316 1209 10135 12344
5 3477 5639 7378 12345
5 491 490 6666 12346
5 6074 3484 6650 12347
5 2960 5563 7118 12348
5 5563 3534 7118 12349
5 5935 3165 9907 12350
5 2094 5043 9941 12351
5 3039 8454 9163 12352
5 6308 1975 9702 12353
5 3546 5055 8807 12354
5 1436 8252 10062 12355
5 2390 5464 10671 12356
5 2424 5547 6817 12357
5 5659 3101 8106 12358
5 2916 7334 7931 12359
5 1714 7273 8312 12360
5 7273 3664 8312 12361
5 8443 4003 10733 12362
5 5990 2287 10164 12363
5 6243 2567 11247 12364
5 9797 3738 11257 12365
5 9606 4948 11108 12366
5 6249 2425 9294 12367
5 6910 2545 8594 12368
5 9192 3772 9563 12369
5 2695 6070 6662 12370
5 7019 1530 9899 12371
5 3819 6235 8150 12372
5 2065 4390 8720 12373
5 5091 2778 9333 12374
5 4585 1744 9278 12375
5 1950 6319 7450 12376
5 5081 2080 8524 12377
5 2164 5630 11214 12378
5 6423 1142 10000 12379
5 8512 2904 10745 12380
5 6360 4460 11228 12381
5 758 5804 10039 12382
5 2545 9310 11225 12383
5 7606 3719 8227 12384
5 7508 2663 10751 12385
5 5782 2545 6860 12386
5 4164 5973 7801 12387
5 825 826 6919 12388
5 4029 6824 9425 12389
5 207 206 8483 12390
5 7823 4868 11176 12391
5 968 6711 10285 12392
5 2994 5734 8202 12393
5 1132 5445 7708 12394
5 5734 2190 8202 12395
5 5445 2761 7708 12396
5 1103 5178 11148 12397
5 735 736 8394 12398
5 5130 3894 10769 12399
5 10418 2690 11050 12400
5 2251 5177 11241 12401
5 4767 1653 10809 12402
5 2649 5627 7059 12403
5 1263 6468 8387 12404
5 489 488 6667 12405
5 5052 3143 9009 12406
5 2517 5461 7320 12407
5 5783 2639 7786 12408
5 2725 5080 8519 12409
5 2256 5156 8519 12410
5 5438 3229 10976 12411
5 8068 3931 8268 12412
5 8803 2781 8863 12413
5 6282 3332 7968 12414
5 7853 2777 9631 12415
5 651 652 7649 12416
5 5732 2893 7855 12417
5 1946 5732 7855 12418
5 7182 4020 10020 12419
5 5983 959 9193 12420
5 904 905 7809 12421
5 7742 2692 10649 12422
5 6285 5684 8689 12423
5 5057 4355 9634 12424
5 6334 3426 7692 12425
5 1806 8068 8268 12426
5 4204 7398 9551 12427
5 7398 1082 9551 12428
5 5072 3184 9449 12429
5 1452 6826 11044 12430
5 6826 4461 11044 12431
5 908 909 7815 12432
5 1142 5200 8371 12433
5 6962 4377 10143 12434
5 1572 5307 11067 12435
5 5200 2835 8371 12436
5 877 878 6819 12437
5 7135 2011 11019 12438
5 3200 4869 9764 12439
5 1024 1025 7008 12440
5 5455 1780 7826 12441
5 2791 5455 7826 12442
5 5400 0 10517 12443
5 9123 3979 10638 12444
5 5293 602 10194 12445
5 1347 7559 9566 12446
5 6141 2340 6565 12447
5 1583 1980 2131 12448
5 6121 2381 6648 12449
5 1985 6984 8748 12450
5 9795 5463 11030 12451
5 5271 4029 9425 12452
5 2647 6763 8179 12453
5 2739 5496 8028 12454
5 5702 9421 10808 12455
5 2754 5122 7950 12456
5 3020 6225 10669 12457
5 3523 6959 9414 12458
5 4264 6375 10811 12459
5 7115 3632 10506 12460
5 8106 4509 11254 12461
5 1125 7614 8633 12462
5 192 191 9427 12463
5 7018 1156 7934 12464
5 1326 5522 9973 12465
5 2858 5164 8441 12466
5 8269 3873 8376 12467
5 6034 2215 7006 12468
5 5121 1094 8364 12469
5 211 210 8319 12470
5 3701 5415 8401 12471
5 1226 7606 8227 12472
5 1629 5274 11285 12473
5 7968 1255 9502 12474
5 4443 7968 9502 12475
5 5641 3013 7073 12476
5 4223 9286 11080 12477
5 151 150 7808 12478
5 5070 1263 9960 12479
5 3146 7827 11068 12480
5 8295 1445 8717 12481
5 5295 2066 9633 12482
5 9475 5185 11270 12483
5 2731 5725 9403 12484
5 3208 5295 9633 12485
5 4980 2785 9987 12486
5 1485 5069 9773 12487
5 3069 5027 9436 12488
5 3702 7008 10910 12489
5 2877 5227 7926 12490
5 5425 2634 9530 12491
5 1457 5099 10327 12492
5 5040 621 10154 12493
5 5599 3285 9485 12494
5 2709 5552 9465 12495
5 186 5164 10941 12496
5 4741 9262 11016 12497
5 5665 2624 8670 12498
5 5871 1440 6402 12499
5 5192 1429 11136 12500
5 5918 3412 7179 12501
5 6931 5189 11283 12502
5 7281 3694 8555 12503
5 5846 3142 6889 12504
5 5580 3001 7154 12505
5 2618 5145 8287 12506
5 1548 5890 7923 12507
5 7448 3230 7960 12508
5 8906 3380 10498 12509
5 3851 7326 9971 12510
5 5337 2814 7636 12511
5 5244 2114 9014 12512
5 5196 2911 8786 12513
5 6690 3827 9326 12514
5 2141 6690 9326 12515
5 5334 2887 8438 12516
5 1454 5196 8786 12517
5 5067 1057 9039 12518
5 5636 1525 7105 12519
5 5440 1345 7422 12520
5 8721 4519 10713 12521
5 6941 1494 11211 12522
5 5674 2671 7064 12523
5 1857 6088 8125 12524
5 7843 4171 9251 12525
5 1384 7752 10076 12526
5 4019 5187 11064 12527
5 5771 3895 11303 12528
5 1452 6503 6826 12529
5 797 5771 11303 12530
5 595 596 8505 12531
5 6503 2880 6826 12532
5 2341 5645 7370 12533
5 10 11 7556 12534
5 2921 8352 8843 12535
5 2846 6592 8207 12536
5 1608 5102 10303 12537
5 1185 5599 9485 12538
5 8173 3742 10820 12539
5 5590 4587 8452 12540
5 1416 5090 10777 12541
5 5602 1066 9595 12542
5 1175 3836 7082 12543
5 8892 3942 9149 12544
5 4069 2491 7757 12545
5 2363 5499 7727 12546
5 5939 3129 7316 12547
5 5873 3640 9836 12548
5 5093 1236 8621 12549
5 6401 1676 9621 12550
5 6608 1440 7367 12551
5 269 268 9117 12552
5 1288 5407 7384 12553
5 10812 3629 11255 12554
5 5527 3009 10994 12555
5 64 65 10606 12556
5 5913 2635 8238 12557
5 3900 2137 5687 12558
5 2766 5146 10212 12559
5 749 750 10054 12560
5 5614 3366 10220 12561
5 3185 8016 11097 12562
5 2659 5308 7721 12563
5 3792 6695 10183 12564
5 8355 207 8483 12565
5 4176 10406 11282 12566
5 5101 1397 10227 12567
5 1028 1029 7204 12568
5 7774 3776 9421 12569
5 554 6249 9294 12570
5 2736 5483 9165 12571
5 2877 7305 8174 12572
5 6860 1617 7781 12573
5 7305 3621 8174 12574
5 5693 1614 7221 12575
5 2461 8948 11306 12576
5 289 5129 8430 12577
5 8300 1212 10415 12578
5 5534 4168 8571 12579
5 6697 1766 10169 12580
5 7509 3015 8125 12581
5 7841 3582 8997 12582
5 2286 4897 8709 12583
5 2872 5421 7598 12584
5 1599 5853 6791 12585
5 7527 4748 11309 12586
5 485 484 6718 12587
5 5387 3283 7553 12588
5 3362 6786 7190 12589
5 3182 5793 9884 12590
5 6019 2393 7558 12591
5 1589 2585 7122 12592
5 5137 2328 8422 12593
5 5073 2077 9766 12594
5 1374 4847 7763 12595
5 5839 2879 7458 12596
5 2271 5839 7458 12597
5 5952 4271 9480 12598
5 5099 2853 10327 12599
5 603 604 9019 12600
5 6880 9956 10189 12601
5 5901 2183 8059 12602
5 5728 1150 7042 12603
5 5442 5728 7042 12604
5 3295 5567 9482 12605
5 4403 6505 10919 12606
5 2815 7967 9631 12607
5 3352 7201 9752 12608
5 1003 1004 5060 12609
5 528 527 6586 12610
5 5226 2156 11071 12611
5 5567 1656 9482 12612
5 10559 1959 10655 12613
5 1223 5112 8584 12614
5 1562 5374 9728 12615
5 2271 6100 9589 12616
5 5374 3254 9728 12617
5 2512 7009 7011 12618
5 7479 3724 11220 12619
5 7009 3962 7011 12620
5 1406 5529 8469 12621
5 1443 7504 7529 12622
5 5106 2036 10688 12623
5 1474 5820 7023 12624
5 1952 7003 9989 12625
5 8031 3524 9640 12626
5 4693 2623 7480 12627
5 6835 3277 7934 12628
5 3368 2933 5948 12629
5 483 482 6717 12630
5 1113 5356 11008 12631
5 3720 2016 8689 12632
5 5465 1987 8701 12633
5 7022 2552 10383 12634
5 787 5111 8642 12635
5 3006 5465 8701 12636
5 2763 7516 7961 12637
5 718 5647 7511 12638
5 1885 6994 10701 12639
5 5351 2253 10127 12640
5 457 456 6811 12641
5 810 5223 11262 12642
5 7316 3129 7412 12643
5 9572 1865 9706 12644
5 1616 5088 9877 12645
5 655 656 6755 12646
5 1128 5094 9996 12647
5 187 5912 10150 12648
5 5029 3687 8740 12649
5 3544 5113 8639 12650
5 1650 6445 7819 12651
5 5980 72 10235 12652
5 8389 1187 9796 12653
5 5470 1124 9698 12654
5 121 120 8556 12655
5 4141 6281 8547 12656
5 6385 8596 9340 12657
5 962 963 7226 12658
5 1863 5282 9746 12659
5 5282 3211 9746 12660
5 5968 1947 9198 12661
5 6046 2858 7541 12662
5 5120 1701 10307 12663
5 6001 2798 6930 12664
5 4114 8040 11216 12665
5 2671 6216 6812 12666
5 3575 10091 10243 12667
5 7128 3291 7440 12668
5 2769 7128 7440 12669
5 6823 3167 7756 12670
5 3098 5811 8196 12671
5 5811 1563 8196 12672
5 5518 3239 9768 12673
5 1460 1992 10681 12674
5 2155 8158 10796 12675
5 5507 1040 9529 12676
5 837 838 7593 12677
5 5142 1788 8514 12678
5 2071 5097 8888 12679
5 6365 3618 7909 12680
5 257 5502 8217 12681
5 5148 2787 9477 12682
5 176 9076 9505 12683
5 5097 1414 9922 12684
5 3620 6266 8704 12685
5 7011 1751 10900 12686
5 5229 2636 8117 12687
5 5494 3490 7536 12688
5 2874 5256 7976 12689
5 3177 5085 9103 12690
5 2715 5267 8200 12691
5 8993 3780 10092 12692
5 4904 9338 11272 12693
5 5951 2554 7434 12694
5 5890 1272 7972 12695
5 387 386 7032 12696
5 6265 2997 10108 12697
5 3111 6636 6922 12698
5 98 6596 8289 12699
5 4013 3874 8239 12700
5 6221 3853 11006 12701
5 5717 2698 10919 12702
5 5984 1666 7686 12703
5 6171 2726 6692 12704
5 6619 3238 6752 12705
5 2133 6619 6752 12706
5 5544 597 9316 12707
5 5105 2234 8875 12708
5 7361 1179 8733 12709
5 6799 4013 7634 12710
5 5882 4264 9558 12711
5 1475 6061 6782 12712
5 6134 2669 7550 12713
5 3047 5054 8801 12714
5 607 608 10918 12715
5 1350 5186 10835 12716
5 1960 10589 10674 12717
5 7200 3725 8704 12718
5 5418 1104 9065 12719
5 1251 5453 8404 12720
5 3229 5924 7650 12721
5 2443 6160 7919 12722
5 452 451 6847 12723
5 2224 5404 8113 12724
5 1412 5135 8612 12725
5 520 5251 6750 12726
5 3135 6261 8027 12727
5 6261 1555 8027 12728
5 5089 1127 9493 12729
5 2124 8549 11133 12730
5 5102 3142 10303 12731
5 6241 5683 9840 12732
5 2598 5224 8175 12733
5 5124 3014 9335 12734
5 878 879 6944 12735
5 1907 5124 9335 12736
5 5751 2760 6657 12737
5 5744 2672 7089 12738
5 5091 2040 9216 12739
5 3840 6462 11185 12740
5 6543 4126 10736 12741
5 1218 6543 10736 12742
5 5839 9589 10166 12743
5 5598 2527 7234 12744
5 513 512 6674 12745
5 6857 1504 9220 12746
5 657 5162 8462 12747
5 2773 7335 8759 12748
5 5472 1737 5779 12749
5 6231 1548 8981 12750
5 1143 5493 7463 12751
5 1853 9411 9859 12752
5 1266 3825 8131 12753
5 1188 6437 8140 12754
5 3990 4886 9670 12755
5 4280 7058 10986 12756
5 5344 1163 8463 12757
5 391 390 7086 12758
5 3018 8827 10357 12759
5 5100 1496 9747 12760
5 5131 2292 9624 12761
5 4794 1346 9006 12762
5 3345 6880 10189 12763
5 3103 9014 9047 12764
5 2966 5101 11028 12765
5 5810 4174 10427 12766
5 7848 6610 11250 12767
5 3291 7330 7500 12768
5 5366 956 11244 12769
5 5097 2071 9908 12770
5 2040 5091 9333 12771
5 5820 3263 7023 12772
5 2797 4836 7044 12773
5 6901 2758 9799 12774
5 4835 2797 7044 12775
5 6356 2370 8366 12776
5 5374 1562 7731 12777
5 2011 5100 9199 12778
5 5514 2885 7108 12779
5 389 388 7068 12780
5 6022 3472 6841 12781
5 7248 1642 11057 12782
5 4218 7795 10784 12783
5 1137 5291 8381 12784
5 817 818 10048 12785
5 3754 6865 10553 12786
5 3744 7581 10505 12787
5 1807 6176 8061 12788
5 2483 5253 8081 12789
5 3932 8034 8827 12790
5 8498 1538 8979 12791
5 10909 1334 11125 12792
5 2234 5105 9883 12793
5 3604 7417 8080 12794
5 7417 3185 8080 12795
5 3107 5372 7764 12796
5 5372 2099 7764 12797
5 6770 5283 10959 12798
5 5077 1882 10230 12799
5 1677 6158 8628 12800
5 2343 5787 7620 12801
5 1439 1778 6612 12802
5 5116 1867 8716 12803
5 108 5862 10057 12804
5 4981 1995 10201 12805
5 4792 2401 10482 12806
5 719 9292 11031 12807
5 292 291 7918 12808
5 8537 6387 10910 12809
5 5113 5920 8639 12810
5 2675 5433 7623 12811
5 3575 7937 10091 12812
5 5304 1465 8837 12813
5 7102 1472 8141 12814
5 906 907 7044 12815
5 5333 3308 7878 12816
5 2758 7689 9799 12817
5 6517 4794 9492 12818
5 1613 5674 7503 12819
5 681 682 10749 12820
5 7959 4903 9829 12821
5 5698 3094 7178 12822
5 2667 6144 7740 12823
5 5141 3306 10294 12824
5 4867 2775 6809 12825
5 5054 3047 7851 12826
5 5438 2448 7630 12827
5 5174 2157 9592 12828
5 6845 4074 8025 12829
5 5631 2311 10484 12830
5 615 616 9080 12831
5 5441 8935 8936 12832
5 1458 5506 7850 12833
5 5506 2786 7850 12834
5 5114 3408 10089 12835
5 8064 2012 8829 12836
5 4393 7253 8676 12837
5 4130 8064 8829 12838
5 2292 6162 10608 12839
5 3891 5460 10925 12840
5 6760 2246 6899 12841
5 1462 8359 10471 12842
5 5226 1274 10171 12843
5 3270 5226 10171 12844
5 2966 6760 6899 12845
5 4847 1374 8000 12846
5 5331 2288 7203 12847
5 2626 5325 9813 12848
5 8158 4229 9013 12849
5 3351 7477 7532 12850
5 7210 3501 7738 12851
5 5655 8597 10640 12852
5 1180 7210 7738 12853
5 7388 1493 7400 12854
5 2803 7959 9829 12855
5 6732 2795 7095 12856
5 1040 5507 7964 12857
5 6611 2238 9695 12858
5 126 6114 9420 12859
5 5127 2239 8911 12860
5 2874 5194 8455 12861
5 4550 7709 10108 12862
5 4424 6785 9374 12863
5 7842 3075 9910 12864
5 5674 1613 7551 12865
5 1647 7676 8030 12866
5 2217 5148 8801 12867
5 6354 1634 8311 12868
5 6325 2443 7919 12869
5 3681 6354 8311 12870
5 68 7548 9445 12871
5 2198 5115 9109 12872
5 1686 5492 7796 12873
5 5669 2627 7225 12874
5 5112 3207 10525 12875
5 1910 2933 6904 12876
5 4782 8339 9982 12877
5 8339 1624 9982 12878
5 9387 1537 10424 12879
5 2279 5586 9777 12880
5 2701 4704 7510 12881
5 6871 7897 10526 12882
5 2791 5214 8491 12883
5 6065 1266 8131 12884
5 5453 2912 8404 12885
5 3610 5737 7165 12886
5 8359 4924 10471 12887
5 4935 2020 8373 12888
5 2752 5492 7758 12889
5 6383 4485 6421 12890
5 4684 1425 9286 12891
5 2808 6845 8025 12892
5 4327 1299 11051 12893
5 3522 7792 7837 12894
5 7499 1753 8071 12895
5 2582 5170 10431 12896
5 5145 3345 10205 12897
5 7676 3655 8030 12898
5 320 5334 8438 12899
5 5492 2768 7796 12900
5 5076 5663 10239 12901
5 6209 1489 7521 12902
5 5859 2472 8951 12903
5 447 446 6912 12904
5 3235 5859 8951 12905
5 6755 3359 8504 12906
5 3488 6755 8504 12907
5 6237 1499 8069 12908
5 2078 5397 10101 12909
5 297 296 8850 12910
5 5990 1573 7335 12911
5 2743 6692 8034 12912
5 6860 2545 11225 12913
5 3555 5222 11001 12914
5 2285 5930 8043 12915
5 5930 2983 8043 12916
5 188 187 10150 12917
5 273 272 6863 12918
5 5879 7939 9785 12919
5 6260 4300 9602 12920
5 5673 2622 7249 12921
5 2748 4761 8056 12922
5 5837 2771 10308 12923
5 3760 4852 8622 12924
5 5146 1172 10212 12925
5 714 715 7302 12926
5 5492 1686 7758 12927
5 1106 5634 8802 12928
5 5666 4885 9985 12929
5 5120 2372 9389 12930
5 3441 5569 10091 12931
5 2405 5517 7047 12932
5 3334 6543 10228 12933
5 5569 1720 10091 12934
5 3759 9272 9690 12935
5 2014 6839 9608 12936
5 3561 6080 11059 12937
5 6777 2719 8637 12938
5 3164 7000 8134 12939
5 2332 5582 10507 12940
5 2549 5999 7036 12941
5 141 140 6865 12942
5 2092 8106 11254 12943
5 5872 2300 9542 12944
5 2412 5533 7841 12945
5 3430 5872 9542 12946
5 2328 5137 10488 12947
5 1695 5840 7256 12948
5 5930 1071 7407 12949
5 2808 6776 6845 12950
5 2983 5930 7407 12951
5 1123 6311 11191 12952
5 2933 3937 5948 12953
5 5287 1147 8096 12954
5 5353 1618 7921 12955
5 6175 3913 10756 12956
5 1327 6175 10756 12957
5 3793 6863 10455 12958
5 3014 5124 9340 12959
5 8454 4166 9163 12960
5 628 5349 8848 12961
5 6011 1935 9280 12962
5 2214 5164 9196 12963
5 5649 1663 7363 12964
5 3737 7404 8540 12965
5 5251 519 6903 12966
5 7404 3141 8540 12967
5 7428 5409 8138 12968
5 2714 5128 9154 12969
5 610 5125 9466 12970
5 5132 1535 10575 12971
5 2007 6112 9142 12972
5 5234 208 8355 12973
5 5126 1164 9562 12974
5 1980 1581 2131 12975
5 3212 5954 6973 12976
5 3120 8864 9375 12977
5 8864 4795 9375 12978
5 2958 6887 8063 12979
5 6722 2893 6723 12980
5 2749 6722 6723 12981
5 4020 7182 9641 12982
5 1028 7204 10541 12983
5 6154 2539 8059 12984
5 10673 4052 11025 12985
5 5380 1160 7849 12986
5 5138 1510 9047 12987
5 8333 2152 9689 12988
5 6083 2593 6872 12989
5 4631 8333 9689 12990
5 2502 5939 9444 12991
5 2375 2828 10960 12992
5 3897 5927 8368 12993
5 6723 1570 7538 12994
5 5252 1522 8249 12995
5 2745 5715 8891 12996
5 6982 3349 7946 12997
5 5295 724 10992 12998
5 5677 2355 8005 12999
5 5215 3105 9685 13000
5 5364 3126 9673 13001
5 2588 5911 7025 13002
5 3744 5230 10423 13003
5 5205 3043 10738 13004
5 2355 5679 8007 13005
5 2801 7495 10047 13006
5 1044 5141 9909 13007
5 629 630 9559 13008
5 6839 3995 8236 13009
5 996 997 10621 13010
5 7568 4444 9649 13011
5 5139 2208 10013 13012
5 3173 5139 10013 13013
5 2498 6007 7306 13014
5 3048 9065 10877 13015
5 2857 5275 11137 13016
5 2848 5131 9624 13017
5 1360 7742 10886 13018
5 4631 9689 10963 13019
5 5736 952 7981 13020
5 5998 2244 11227 13021
5 1065 5417 9391 13022
5 5214 1532 8491 13023
5 5267 1677 8200 13024
5 7554 3695 10931 13025
5 1518 6971 8468 13026
5 5316 2158 8076 13027
5 5356 2698 11008 13028
5 3662 5894 11077 13029
5 3932 6343 8034 13030
5 6777 1534 6861 13031
5 5227 1471 8431 13032
5 1736 6106 8545 13033
5 3102 5106 10165 13034
5 6525 3789 10229 13035
5 1369 4668 8897 13036
5 3107 7764 9281 13037
5 6106 3213 8545 13038
5 5087 2792 10275 13039
5 3125 8165 8977 13040
5 2946 6777 6861 13041
5 2238 6611 10865 13042
5 6343 2743 8034 13043
5 442 441 6951 13044
5 6322 1158 7371 13045
5 2802 6564 10117 13046
5 2785 7226 10582 13047
5 5874 3877 8320 13048
5 5811 3098 8585 13049
5 2206 5811 8585 13050
5 809 810 11262 13051
5 4281 5222 10879 13052
5 1312 5211 10733 13053
5 5429 1156 10451 13054
5 3491 7130 10024 13055
5 3654 7509 8125 13056
5 1189 8782 9832 13057
5 1659 5924 8885 13058
5 5924 3229 8885 13059
5 5178 8592 11148 13060
5 4365 10559 10655 13061
5 1272 4483 7972 13062
5 2340 6141 9930 13063
5 668 7626 8334 13064
5 3815 9690 10368 13065
5 2697 5649 7363 13066
5 157 5720 9309 13067
5 5814 3146 10922 13068
5 669 5501 7626 13069
5 5581 1543 9674 13070
5 3048 5418 9065 13071
5 5596 1162 7441 13072
5 3310 7666 8210 13073
5 1736 7182 10020 13074
5 957 5366 11244 13075
5 2538 5638 7905 13076
5 2817 6188 6999 13077
5 1004 1005 5813 13078
5 2961 5981 6989 13079
5 2792 3927 8245 13080
5 6326 4089 10705 13081
5 4536 2405 10993 13082
5 5862 3533 10057 13083
5 137 136 8991 13084
5 2513 5172 8815 13085
5 3729 9536 10161 13086
5 3719 5920 7283 13087
5 2306 5627 9668 13088
5 3081 5174 9592 13089
5 5517 2405 7456 13090
5 6617 1536 9034 13091
5 3285 5581 9674 13092
5 5645 2341 7166 13093
5 1334 6466 11125 13094
5 213 5950 8813 13095
5 1430 5566 7488 13096
5 3187 6090 10081 13097
5 6816 5389 9544 13098
5 4229 8994 9013 13099
5 9975 3476 10030 13100
5 2223 5906 8261 13101
5 8745 5234 9983 13102
5 2316 5840 6037 13103
5 7760 2980 8882 13104
5 2950 5367 7856 13105
5 10667 2712 10923 13106
5 2085 5162 9197 13107
5 2835 7635 10690 13108
5 2901 5602 9595 13109
5 668 669 7626 13110
5 3539 5437 7823 13111
5 1620 6262 7457 13112
5 6101 2874 8455 13113
5 10589 4381 10674 13114
5 6262 2942 7457 13115
5 1450 5413 10864 13116
5 1742 6205 8201 13117
5 5762 4805 8103 13118
5 5874 584 10840 13119
5 1418 5494 7696 13120
5 7126 5325 7313 13121
5 5198 1913 11118 13122
5 2188 5383 7958 13123
5 1702 5548 7859 13124
5 3482 6788 7080 13125
5 5197 1517 11215 13126
5 4057 8832 9388 13127
5 8492 1444 8611 13128
5 6135 3692 8067 13129
5 54 55 8933 13130
5 5162 2085 9628 13131
5 2979 1777 3268 13132
5 1215 5515 6477 13133
5 10288 4260 11300 13134
5 5607 3634 6408 13135
5 5209 2515 8706 13136
5 2555 5594 8258 13137
5 6884 3934 9760 13138
5 2789 7140 7381 13139
5 7140 3236 7381 13140
5 1767 6884 9760 13141
5 3487 5657 10199 13142
5 46 6045 9078 13143
5 888 889 10619 13144
5 5495 1132 7708 13145
5 5657 1243 10199 13146
5 5173 2739 8956 13147
5 5150 2520 10930 13148
5 197 5382 7984 13149
5 7330 2842 7500 13150
5 2737 6135 8067 13151
5 5221 1846 10728 13152
5 165 164 6957 13153
5 1491 5834 7186 13154
5 5249 2353 11069 13155
5 7953 2448 10976 13156
5 8447 1950 10533 13157
5 2942 6645 6662 13158
5 6114 3463 9420 13159
5 5229 2180 10818 13160
5 6645 2695 6662 13161
5 5548 2799 7859 13162
5 10109 737 10483 13163
5 1606 5215 8675 13164
5 4050 8783 10184 13165
5 3562 5591 8524 13166
5 1600 4898 9455 13167
5 7719 1338 11033 13168
5 7961 1192 10113 13169
5 1434 5391 7953 13170
5 9481 1635 10564 13171
5 5747 2981 10698 13172
5 1046 6942 9079 13173
5 2562 5163 9203 13174
5 2789 7381 10322 13175
5 5164 2858 9196 13176
5 7477 1441 7532 13177
5 601 602 9465 13178
5 2360 6505 6766 13179
5 1921 5197 8799 13180
5 5160 6345 7645 13181
5 5486 243 7755 13182
5 2636 5229 10804 13183
5 8108 3029 9266 13184
5 7666 3310 8104 13185
5 437 436 7000 13186
5 2213 5828 8077 13187
5 4683 7373 10551 13188
5 1909 3119 4288 13189
5 6438 2509 7094 13190
5 324 5684 6285 13191
5 219 8342 8776 13192
5 942 5608 9789 13193
5 2746 5178 8995 13194
5 5545 3774 7612 13195
5 5179 1621 10146 13196
5 1590 2648 7119 13197
5 6045 3339 9078 13198
5 2252 5822 10210 13199
5 2000 5857 10878 13200
5 5163 2562 9704 13201
5 6695 2556 10183 13202
5 5224 3907 10726 13203
5 1072 5632 9227 13204
5 2437 5866 7931 13205
5 5632 3202 9227 13206
5 2263 5220 10644 13207
5 7062 2631 8604 13208
5 1959 5613 10655 13209
5 1846 7840 7874 13210
5 2908 7640 8774 13211
5 5506 1458 11159 13212
5 6576 64 10606 13213
5 3643 5506 11159 13214
5 2028 5542 9528 13215
5 7204 4314 10541 13216
5 5163 1405 10572 13217
5 5542 3238 9528 13218
5 9768 1840 11204 13219
5 6040 3855 10029 13220
5 1777 3131 3268 13221
5 3421 5168 9269 13222
5 521 520 6750 13223
5 7988 3448 10257 13224
5 7160 1492 7990 13225
5 5746 1551 8209 13226
5 3444 7160 7990 13227
5 2839 5451 10359 13228
5 2934 5746 8209 13229
5 5395 77 8420 13230
5 10299 5700 11241 13231
5 5793 2557 7485 13232
5 1473 5303 8843 13233
5 5303 2921 8843 13234
5 3462 8919 11163 13235
5 1784 6046 7541 13236
5 6158 1677 8275 13237
5 1087 7104 8149 13238
5 5270 1426 10795 13239
5 1909 7701 9430 13240
5 8579 4330 11139 13241
5 6078 3636 10034 13242
5 100 99 7049 13243
5 9338 3204 11272 13244
5 2254 6078 10034 13245
5 1173 5481 9470 13246
5 5874 2904 6273 13247
5 307 306 9917 13248
5 794 795 9174 13249
5 2582 6400 8939 13250
5 311 310 9871 13251
5 1311 5210 10458 13252
5 2849 6151 8828 13253
5 1970 4070 5079 13254
5 9997 4480 10399 13255
5 6562 2227 10193 13256
5 3213 6106 9726 13257
5 5984 2343 7620 13258
5 5607 892 9727 13259
5 1321 5443 8973 13260
5 5166 1166 9170 13261
5 6404 1522 8881 13262
5 2799 6862 7859 13263
5 2033 5215 9685 13264
5 5153 4081 10657 13265
5 5594 1763 8258 13266
5 5697 1165 7395 13267
5 5578 5579 9288 13268
5 2132 5143 9328 13269
5 6862 3882 7859 13270
5 1389 5205 8908 13271
5 5222 2987 9308 13272
5 5919 3535 8560 13273
5 2712 5637 7738 13274
5 3551 5957 7109 13275
5 1123 5626 9840 13276
5 5749 1114 8010 13277
5 3603 5767 6963 13278
5 1435 5172 10309 13279
5 3140 8129 8557 13280
5 7914 1295 11065 13281
5 6062 1160 9342 13282
5 6389 3867 8231 13283
5 5299 2067 9825 13284
5 2135 5339 8089 13285
5 5908 1411 7191 13286
5 2876 7411 8669 13287
5 6209 2667 6894 13288
5 5349 3023 8848 13289
5 3592 5785 7303 13290
5 7685 3569 7853 13291
5 3051 5914 8356 13292
5 5914 1195 8356 13293
5 8568 3209 10936 13294
5 5372 3107 9382 13295
5 1503 5372 9382 13296
5 5450 3152 10670 13297
5 1125 6582 6960 13298
5 6062 7066 10515 13299
5 6898 607 10918 13300
5 1441 5173 9597 13301
5 5655 2211 8597 13302
5 432 431 7045 13303
5 3254 7078 9398 13304
5 7051 2715 7382 13305
5 5346 337 6996 13306
5 5933 2414 7134 13307
5 8164 1629 8791 13308
5 2389 5214 10827 13309
5 6762 1532 7895 13310
5 1256 5181 9324 13311
5 6660 2440 7719 13312
5 2117 5186 9805 13313
5 5748 1329 11300 13314
5 3809 5748 11300 13315
5 3442 5270 10795 13316
5 5624 1960 10674 13317
5 2374 5514 8664 13318
5 6599 2262 10511 13319
5 2609 5180 9777 13320
5 3145 5153 8505 13321
5 2255 5447 10329 13322
5 5975 1809 8229 13323
5 2720 5376 9773 13324
5 4980 9987 10264 13325
5 1317 7860 9004 13326
5 7860 4065 9004 13327
5 1466 8600 10320 13328
5 2244 5993 11227 13329
5 2187 5605 11281 13330
5 3188 5299 9825 13331
5 8159 3478 9220 13332
5 5161 4361 9846 13333
5 1515 5742 7310 13334
5 5203 2151 9101 13335
5 214 213 8813 13336
5 5239 1698 9519 13337
5 7690 5428 10513 13338
5 5090 9257 10777 13339
5 6284 2454 11205 13340
5 8994 3036 9013 13341
5 2997 6265 10542 13342
5 1646 7685 7853 13343
5 2023 5938 7839 13344
5 5312 1110 10617 13345
5 3396 5312 10617 13346
5 6955 2560 8500 13347
5 3612 6467 8234 13348
5 5552 3648 10237 13349
5 3118 1909 4288 13350
5 4792 3274 7086 13351
5 5280 2108 8459 13352
5 6579 3788 10376 13353
5 3320 5983 9193 13354
5 1614 5693 8693 13355
5 6965 2630 9808 13356
5 2449 5454 7930 13357
5 7297 1412 8612 13358
5 4876 1293 7645 13359
5 3273 7029 8567 13360
5 2744 6920 9028 13361
5 338 5346 7014 13362
5 3026 5975 8229 13363
5 3405 8132 10740 13364
5 4377 8015 10143 13365
5 5191 813 9787 13366
5 5176 2130 9586 13367
5 5428 7690 11065 13368
5 9020 4931 10776 13369
5 2014 4384 9441 13370
5 1162 5596 9026 13371
5 2677 5908 7191 13372
5 5432 3731 11259 13373
5 2047 5575 7552 13374
5 1159 3722 9953 13375
5 5445 1132 8013 13376
5 6722 2749 8019 13377
5 9065 4820 10877 13378
5 5477 2712 10667 13379
5 9553 4012 9554 13380
5 4011 9553 9554 13381
5 3732 5808 9451 13382
5 5659 1605 8972 13383
5 3500 7450 8583 13384
5 5236 1454 8786 13385
5 3881 7894 9151 13386
5 6148 2708 7789 13387
5 1654 5180 9723 13388
5 2800 5308 10471 13389
5 5853 1599 8847 13390
5 4901 1081 11226 13391
5 7806 3289 9225 13392
5 5431 2285 8043 13393
5 2630 7007 9808 13394
5 1676 5229 11119 13395
5 7982 1389 8908 13396
5 7335 3887 8759 13397
5 2489 6392 8649 13398
5 2712 5477 9419 13399
5 813 814 9787 13400
5 4171 8108 9266 13401
5 1552 5978 7455 13402
5 2065 6805 11113 13403
5 2478 6228 7978 13404
5 6471 3564 8238 13405
5 3195 7045 8274 13406
5 4942 2644 5779 13407
5 3661 9486 10752 13408
5 1546 6200 11166 13409
5 1693 5701 7473 13410
5 7592 4052 10673 13411
5 2909 8211 10060 13412
5 5487 1404 8604 13413
5 6143 2536 10428 13414
5 3762 6143 10428 13415
5 2311 5631 7607 13416
5 4329 6277 9644 13417
5 5797 2064 8852 13418
5 2727 4749 7564 13419
5 2451 5815 7316 13420
5 7355 3353 7555 13421
5 990 5208 8300 13422
5 10094 3405 10740 13423
5 6540 8494 9656 13424
5 2625 6898 8115 13425
5 4813 9092 9566 13426
5 3267 6628 10232 13427
5 5978 2840 7455 13428
5 993 994 7759 13429
5 6066 874 10787 13430
5 10396 4720 11090 13431
5 4446 6255 8440 13432
5 5547 2424 7452 13433
5 9111 3791 10211 13434
5 676 677 10359 13435
5 2514 6703 10971 13436
5 7496 3030 8071 13437
5 1064 5734 8464 13438
5 1891 6657 11068 13439
5 5734 2994 8464 13440
5 3738 6633 11257 13441
5 9669 2070 10798 13442
5 5364 2928 8821 13443
5 5674 2685 7503 13444
5 5610 1281 8351 13445
5 2521 5394 8166 13446
5 1655 5364 8821 13447
5 8307 3067 9304 13448
5 2907 5610 8351 13449
5 4385 8307 9304 13450
5 634 635 10047 13451
5 5325 2118 7313 13452
5 4992 8496 10396 13453
5 7058 2721 10986 13454
5 2110 7377 9259 13455
5 1627 7022 10432 13456
5 1354 5979 8251 13457
5 1911 6822 6904 13458
5 7123 3023 8599 13459
5 155 154 7070 13460
5 5620 2315 7748 13461
5 3915 7123 8599 13462
5 5880 278 10238 13463
5 9092 3674 9241 13464
5 7282 1822 9247 13465
5 5217 2163 10661 13466
5 5770 2306 9668 13467
5 5205 1389 9833 13468
5 7280 3016 7454 13469
5 4183 6409 10445 13470
5 2118 5325 8705 13471
5 1720 5569 7800 13472
5 5866 2916 7931 13473
5 1092 5747 10597 13474
5 7717 4245 10646 13475
5 7671 1705 8767 13476
5 8496 2029 10396 13477
5 8374 2789 10322 13478
5 5210 3422 9296 13479
5 2431 5205 10738 13480
5 5625 1096 11017 13481
5 694 5408 8424 13482
5 3380 7380 10498 13483
5 2430 6459 7768 13484
5 4974 3336 10086 13485
5 6011 2677 9705 13486
5 120 119 7075 13487
5 1235 6142 10352 13488
5 5206 2327 9527 13489
5 8744 3030 9181 13490
5 3064 5519 10965 13491
5 6160 2444 7200 13492
5 2671 5674 7551 13493
5 7118 3534 8526 13494
5 5352 2804 8644 13495
5 2782 5566 9273 13496
5 3030 6236 8071 13497
5 5311 1308 11266 13498
5 5122 2754 9900 13499
5 5284 1070 8542 13500
5 6488 1811 11129 13501
5 3522 7896 8303 13502
5 2809 6641 6754 13503
5 6073 2249 10438 13504
5 1215 6477 9043 13505
5 1281 5610 8038 13506
5 1149 6784 10362 13507
5 6645 1707 10677 13508
5 9262 1143 11016 13509
5 6192 3743 7873 13510
5 240 239 7098 13511
5 2452 5247 8869 13512
5 7691 3588 9881 13513
5 5680 2582 10431 13514
5 3883 7671 8767 13515
5 173 5535 10790 13516
5 3288 7108 10990 13517
5 5535 4010 10790 13518
5 1279 8269 10958 13519
5 1067 5650 7654 13520
5 6435 28 7545 13521
5 3881 5806 7894 13522
5 7894 5016 11299 13523
5 2237 7894 11299 13524
5 5220 2970 10644 13525
5 9092 1347 9566 13526
5 2743 6192 7873 13527
5 5414 2231 11249 13528
5 7840 3572 7874 13529
5 3954 5589 8429 13530
5 3635 5625 11017 13531
5 8976 4767 10809 13532
5 7752 4124 10076 13533
5 9051 1894 10380 13534
5 5409 425 7762 13535
5 3577 7467 8141 13536
5 3096 6707 9324 13537
5 3828 6140 8299 13538
5 8572 2975 11066 13539
5 943 944 8636 13540
5 7467 2890 8141 13541
5 7932 2301 9476 13542
5 5848 3258 7338 13543
5 6865 2815 7237 13544
5 951 5736 10403 13545
5 6362 2221 7129 13546
5 8449 3861 10291 13547
5 3317 6362 7129 13548
5 8633 7614 11253 13549
5 3253 5116 8716 13550
5 4197 5935 9859 13551
5 5503 3027 7949 13552
5 3229 7650 7953 13553
5 3260 7557 9736 13554
5 5301 3428 8570 13555
5 3722 7539 9953 13556
5 3650 8105 10152 13557
5 762 763 8982 13558
5 2678 6327 9969 13559
5 5488 1101 8534 13560
5 6178 2524 9276 13561
5 7033 1912 9699 13562
5 1456 5868 7817 13563
5 1768 5754 8133 13564
5 3383 5257 10767 13565
5 3117 5410 8212 13566
5 4628 3364 9901 13567
5 6915 3323 9422 13568
5 6449 2673 6830 13569
5 3709 2898 9282 13570
5 2635 6471 8238 13571
5 2608 5856 9805 13572
5 2672 5744 9754 13573
5 2368 6762 11004 13574
5 3005 6435 7545 13575
5 5542 3068 9235 13576
5 7091 4955 8895 13577
5 7614 3101 8972 13578
5 6237 2706 8257 13579
5 2181 5925 8135 13580
5 6741 2774 7881 13581
5 526 525 6780 13582
5 4231 6700 9975 13583
5 1267 6652 6842 13584
5 995 996 10609 13585
5 2066 5218 9633 13586
5 5256 2874 9662 13587
5 6016 1563 7171 13588
5 6615 4175 8896 13589
5 5740 2619 8717 13590
5 2000 4538 10953 13591
5 727 728 11231 13592
5 6355 3311 9555 13593
5 2089 5227 9311 13594
5 4071 9020 10776 13595
5 7017 3006 9068 13596
5 7559 3885 9566 13597
5 5995 162 8965 13598
5 3073 3260 11075 13599
5 3242 5995 8965 13600
5 5352 1622 9344 13601
5 366 365 7159 13602
5 3126 7461 9300 13603
5 820 821 10826 13604
5 3656 6792 10008 13605
5 6060 51 11275 13606
5 2672 10454 10629 13607
5 3636 7443 10034 13608
5 2001 6931 11283 13609
5 36 37 7143 13610
5 6278 2672 10629 13611
5 1088 5177 10887 13612
5 5920 2231 7283 13613
5 7286 3863 9250 13614
5 1588 6041 8246 13615
5 9546 5578 10535 13616
5 3712 5228 10893 13617
5 7127 1095 8810 13618
5 8495 4420 10856 13619
5 3663 7127 8810 13620
5 254 6221 11006 13621
5 4455 6579 10376 13622
5 3929 7321 10409 13623
5 3968 5286 10958 13624
5 561 6035 10168 13625
5 465 464 7004 13626
5 6552 1854 7674 13627
5 3206 6552 7674 13628
5 838 839 10792 13629
5 3877 5225 8385 13630
5 717 718 7511 13631
5 3258 9277 9841 13632
5 5818 1481 7832 13633
5 7 8 9449 13634
5 5234 2104 9983 13635
5 816 817 8578 13636
5 8927 3338 10464 13637
5 5212 8927 10464 13638
5 3938 6060 11275 13639
5 1296 5960 7565 13640
5 463 462 6995 13641
5 2973 5981 8285 13642
5 3583 6373 10984 13643
5 567 568 7144 13644
5 3145 5544 9492 13645
5 243 242 7755 13646
5 2879 6107 10289 13647
5 6146 2732 8543 13648
5 3424 8323 9153 13649
5 6501 4740 10827 13650
5 1164 7630 9375 13651
5 7810 4235 11033 13652
5 563 564 7149 13653
5 6558 2414 6790 13654
5 4995 2395 10333 13655
5 531 530 6693 13656
5 5354 2866 8498 13657
5 6035 562 10200 13658
5 6394 2651 9908 13659
5 3233 7677 9354 13660
5 3572 9190 9681 13661
5 149 5320 9112 13662
5 2473 6218 6981 13663
5 2904 5874 8320 13664
5 2272 6235 11274 13665
5 6225 3029 10669 13666
5 1607 7118 8526 13667
5 3406 5590 8452 13668
5 946 6054 7938 13669
5 1488 5505 8805 13670
5 34 35 7174 13671
5 2707 7490 9535 13672
5 276 275 8008 13673
5 1365 5444 7236 13674
5 2681 5974 9238 13675
5 5295 3208 8742 13676
5 8015 3532 10143 13677
5 5249 3243 10354 13678
5 6205 1742 9122 13679
5 6387 3702 10910 13680
5 6545 3565 10918 13681
5 6273 3514 10014 13682
5 5848 2073 9277 13683
5 3258 5848 9277 13684
5 167 5439 9041 13685
5 2690 5822 11050 13686
5 4871 7658 10599 13687
5 5439 3436 9041 13688
5 3700 6203 8275 13689
5 7353 1625 10319 13690
5 8147 4440 9397 13691
5 5637 1180 7738 13692
5 3276 3052 6302 13693
5 6604 4318 11193 13694
5 5345 3726 11277 13695
5 6851 1680 8598 13696
5 1545 7117 8379 13697
5 8052 3976 9010 13698
5 3136 5403 9297 13699
5 5365 474 7322 13700
5 1747 5249 10354 13701
5 5403 699 9297 13702
5 8210 2409 11264 13703
5 926 927 7295 13704
5 6203 2676 8275 13705
5 2798 6001 9332 13706
5 2192 6211 10103 13707
5 2545 5230 9310 13708
5 6851 1382 9724 13709
5 3653 6746 9160 13710
5 475 5365 7152 13711
5 7028 3089 7030 13712
5 2756 7028 7030 13713
5 9888 4997 11197 13714
5 5530 2350 8736 13715
5 6262 1620 7464 13716
5 2894 6262 7464 13717
5 6163 895 10859 13718
5 5294 2954 10857 13719
5 1234 4557 8957 13720
5 1589 7122 10786 13721
5 2088 5242 9870 13722
5 9084 3285 9674 13723
5 6916 3109 7294 13724
5 2915 5906 8047 13725
5 5906 1792 8047 13726
5 5705 1375 10645 13727
5 809 5609 8550 13728
5 6168 3251 7107 13729
5 426 5409 7428 13730
5 2582 5680 7663 13731
5 5451 2839 8293 13732
5 7557 3260 8638 13733
5 7999 2779 9821 13734
5 2969 5608 8636 13735
5 1465 5304 8788 13736
5 1201 7125 8725 13737
5 2559 6725 7949 13738
5 1673 5849 8056 13739
5 9257 3181 10777 13740
5 3866 7512 8804 13741
5 638 6275 10891 13742
5 7512 1184 8804 13743
5 6125 5347 10243 13744
5 1332 6851 8598 13745
5 5735 1498 10287 13746
5 1078 6828 9379 13747
5 4669 8185 10259 13748
5 8185 3377 10259 13749
5 1024 7008 10225 13750
5 171 5719 8623 13751
5 1625 5562 9135 13752
5 5562 3097 9135 13753
5 8343 6555 9534 13754
5 5341 2311 8659 13755
5 4566 2424 10716 13756
5 316 315 8353 13757
5 2399 5705 6945 13758
5 9019 3312 10194 13759
5 5553 2734 9074 13760
5 461 460 7056 13761
5 7915 1996 8769 13762
5 604 605 10085 13763
5 7884 2705 10714 13764
5 5241 1449 9823 13765
5 6906 4064 10326 13766
5 2067 5241 9825 13767
5 1134 4879 9828 13768
5 629 9559 10695 13769
5 2108 5352 8644 13770
5 2190 5477 8202 13771
5 890 891 9195 13772
5 1618 5353 9183 13773
5 2702 5304 8837 13774
5 5613 2497 10655 13775
5 1137 5330 10073 13776
5 7182 2500 9641 13777
5 5353 2471 10321 13778
5 1147 5669 8096 13779
5 3648 5552 8554 13780
5 6199 2296 7181 13781
5 1420 5595 10031 13782
5 5269 814 10560 13783
5 3494 7788 8065 13784
5 5669 2850 8096 13785
5 5638 3187 10081 13786
5 6508 3321 7441 13787
5 5265 2465 10420 13788
5 1162 6508 7441 13789
5 6618 1668 9486 13790
5 3661 6618 9486 13791
5 5538 1973 11238 13792
5 6389 2302 11169 13793
5 1483 4997 9888 13794
5 3479 6244 9173 13795
5 6244 1328 9173 13796
5 1160 6998 7849 13797
5 6998 3278 7849 13798
5 1258 6574 10637 13799
5 4296 5936 8053 13800
5 3349 6982 8110 13801
5 6360 3240 9408 13802
5 3031 6220 10357 13803
5 6574 3988 10637 13804
5 7016 2938 8971 13805
5 459 458 7053 13806
5 5915 2733 7388 13807
5 4133 8361 10246 13808
5 5385 3828 8695 13809
5 1059 4034 10100 13810
5 1619 5498 10529 13811
5 6377 2744 7943 13812
5 2191 5284 11087 13813
5 5396 1254 10422 13814
5 4867 1315 8239 13815
5 1591 2657 7289 13816
5 9614 1288 10906 13817
5 481 480 7012 13818
5 2900 5615 9648 13819
5 6692 2726 10476 13820
5 6982 3112 8110 13821
5 6628 9426 10232 13822
5 5921 1508 7617 13823
5 5907 1795 8255 13824
5 6641 2810 6754 13825
5 5551 1448 10955 13826
5 5576 2835 7924 13827
5 874 6066 10159 13828
5 2497 5624 10674 13829
5 2514 6025 7270 13830
5 5408 3133 8424 13831
5 2453 7499 8071 13832
5 2268 5453 8298 13833
5 5868 2342 9360 13834
5 5259 2773 8759 13835
5 75 76 9126 13836
5 1345 6186 7422 13837
5 5463 8907 10124 13838
5 203 5298 10478 13839
5 278 277 10238 13840
5 8836 3020 10669 13841
5 5298 4571 10478 13842
5 2568 5304 10319 13843
5 1110 5312 8867 13844
5 5252 2483 10002 13845
5 4288 3119 6452 13846
5 5155 2391 7562 13847
5 8028 5496 10848 13848
5 3253 6308 9807 13849
5 731 732 7847 13850
5 2846 4923 9077 13851
5 922 923 8811 13852
5 6843 3636 9812 13853
5 6440 2469 8344 13854
5 1289 6109 10668 13855
5 6109 3771 10668 13856
5 4240 6566 8261 13857
5 6566 2223 8261 13858
5 5407 1288 9614 13859
5 4935 1140 10585 13860
5 6142 3761 10352 13861
5 1463 6160 7200 13862
5 5428 1295 7324 13863
5 2677 5689 9855 13864
5 1476 5932 7410 13865
5 5500 1554 9363 13866
5 1438 7568 8271 13867
5 853 854 7243 13868
5 9489 3425 10311 13869
5 1931 7235 7308 13870
5 7235 3512 7308 13871
5 2451 7316 7412 13872
5 4585 9857 10680 13873
5 2363 6526 9358 13874
5 5365 2889 9113 13875
5 5324 2297 10896 13876
5 5417 2865 9391 13877
5 6253 852 9287 13878
5 3812 7652 7742 13879
5 6275 3883 10891 13880
5 6280 1442 10566 13881
5 6701 3716 8779 13882
5 5694 1465 7754 13883
5 4400 9221 9987 13884
5 2298 5256 9662 13885
5 3062 5277 9139 13886
5 2240 5422 8450 13887
5 577 578 7260 13888
5 2526 5390 8520 13889
5 6494 1809 9209 13890
5 2469 6509 8344 13891
5 5321 1883 10869 13892
5 2566 6528 6915 13893
5 7296 3562 8358 13894
5 3441 7368 8396 13895
5 3805 8539 11195 13896
5 1495 7296 8358 13897
5 760 761 7261 13898
5 2369 5614 7899 13899
5 2063 7568 9782 13900
5 1241 5271 7788 13901
5 130 129 7513 13902
5 1813 6965 9944 13903
5 5300 2291 9035 13904
5 5264 2928 9503 13905
5 5946 2969 6824 13906
5 1701 6111 10690 13907
5 1722 5574 7942 13908
5 5389 2999 9545 13909
5 6547 678 9830 13910
5 7652 2692 7742 13911
5 5520 2394 9912 13912
5 4338 9572 9706 13913
5 5544 2196 9492 13914
5 3737 8540 10270 13915
5 7101 1837 9820 13916
5 2770 4816 7610 13917
5 2161 5373 11295 13918
5 5455 2791 8491 13919
5 5310 3964 10697 13920
5 6555 2805 7315 13921
5 5373 1231 11297 13922
5 5588 1898 7989 13923
5 2604 6436 10462 13924
5 3481 5159 9586 13925
5 6652 2834 6842 13926
5 2543 7441 9118 13927
5 6488 1300 9013 13928
5 1306 4728 9390 13929
5 3133 5265 10420 13930
5 2930 5300 9755 13931
5 745 6143 10692 13932
5 9503 1176 10540 13933
5 6018 3007 9405 13934
5 8600 1466 9187 13935
5 1085 5294 10857 13936
5 3505 5429 10451 13937
5 6248 8203 10429 13938
5 721 722 7627 13939
5 1602 7291 8520 13940
5 679 6434 9830 13941
5 1918 7368 7937 13942
5 3044 6835 7934 13943
5 7368 3441 7937 13944
5 5264 9503 10540 13945
5 7656 2802 10117 13946
5 1544 5357 8919 13947
5 5919 321 8438 13948
5 1551 5524 8209 13949
5 1170 4715 5509 13950
5 6965 3957 9944 13951
5 900 6219 11039 13952
5 6350 3643 11158 13953
5 242 241 8846 13954
5 6734 888 10619 13955
5 991 992 9236 13956
5 8144 4138 11310 13957
5 5228 3796 9622 13958
5 5328 1627 10807 13959
5 2704 5573 7942 13960
5 7674 3665 9325 13961
5 1702 6171 7873 13962
5 1700 6188 7253 13963
5 3545 1876 7713 13964
5 1709 5762 9886 13965
5 628 629 10695 13966
5 5377 3070 9839 13967
5 3128 6674 7124 13968
5 3262 6594 6940 13969
5 6594 2537 6940 13970
5 1388 5350 10987 13971
5 1309 5019 6448 13972
5 594 595 10657 13973
5 5877 1443 7529 13974
5 5548 1702 8157 13975
5 3050 6116 9887 13976
5 2654 6546 6791 13977
5 10542 4646 10650 13978
5 5619 290 8430 13979
5 1686 6246 8067 13980
5 3101 5659 8972 13981
5 2728 5610 7974 13982
5 5299 3188 10480 13983
5 4889 6602 9265 13984
5 4557 6081 6082 13985
5 1573 5990 10164 13986
5 7820 2087 7886 13987
5 297 5362 11096 13988
5 1549 5023 8859 13989
5 2834 6652 8302 13990
5 4538 2000 10878 13991
5 5891 4036 9156 13992
5 3027 10320 10586 13993
5 5319 1714 9063 13994
5 3643 6350 8084 13995
5 6288 3454 10606 13996
5 3136 7771 8311 13997
5 7771 3681 8311 13998
5 4334 7932 9476 13999
5 321 320 8438 14000
5 3695 6547 9830 14001
5 5116 1559 9270 14002
5 1768 5184 10162 14003
5 2795 5548 8157 14004
5 1933 5677 8005 14005
5 5273 1264 11078 14006
5 5900 4366 9895 14007
5 5274 2910 11285 14008
5 5801 1789 10130 14009
5 3231 8810 9666 14010
5 6790 5933 10317 14011
5 8678 1823 8861 14012
5 4289 8678 8861 14013
5 5679 1934 8007 14014
5 7589 3973 11287 14015
5 6244 2184 10693 14016
5 4046 8613 10869 14017
5 5628 2422 7629 14018
5 1188 8759 9504 14019
5 5282 3248 10636 14020
5 5280 1167 11012 14021
5 5332 1669 9045 14022
5 2952 3210 6150 14023
5 5867 1509 7474 14024
5 2042 5381 9829 14025
5 8158 3502 10796 14026
5 5640 3144 9274 14027
5 5643 2432 7651 14028
5 5560 1149 8500 14029
5 2148 5640 9274 14030
5 5707 2990 7819 14031
5 5542 2028 9128 14032
5 136 135 7317 14033
5 3068 5542 9128 14034
5 6155 566 10190 14035
5 1669 5332 10689 14036
5 1444 5644 7569 14037
5 6006 1716 7393 14038
5 5332 3351 10689 14039
5 667 8334 10779 14040
5 2700 6246 9776 14041
5 5308 1462 10471 14042
5 3687 5079 9508 14043
5 2997 10542 10650 14044
5 565 6155 10198 14045
5 3211 5282 9750 14046
5 5283 2226 9843 14047
5 3103 5362 8850 14048
5 3393 5361 8853 14049
5 249 248 7399 14050
5 8058 2317 10882 14051
5 1721 5545 9809 14052
5 1682 6034 7006 14053
5 1064 5406 10407 14054
5 3119 3276 6301 14055
5 4696 1306 10090 14056
5 362 361 7193 14057
5 7558 2393 10852 14058
5 3419 7632 10102 14059
5 5406 3319 10407 14060
5 8162 2693 11240 14061
5 2732 6366 8543 14062
5 4454 5569 8407 14063
5 1065 7286 9250 14064
5 159 158 8530 14065
5 7878 3308 9056 14066
5 2732 6146 7392 14067
5 9289 1844 10879 14068
5 3118 4288 6450 14069
5 6467 2688 10177 14070
5 2425 6249 8487 14071
5 6249 3173 8487 14072
5 5238 2947 9593 14073
5 2154 6291 7604 14074
5 538 6052 8054 14075
5 5346 2641 7014 14076
5 2780 7265 9201 14077
5 5632 1072 7995 14078
5 1882 5691 10230 14079
5 2140 5361 8890 14080
5 6143 3762 10692 14081
5 5552 2709 8554 14082
5 15 16 7342 14083
5 3100 5358 9557 14084
5 4390 7565 8720 14085
5 6071 3433 7507 14086
5 2281 6071 7507 14087
5 5610 2728 8038 14088
5 3579 7820 7886 14089
5 5906 2915 8261 14090
5 1993 3274 10482 14091
5 6795 2417 10646 14092
5 2392 5784 7542 14093
5 2354 6241 9840 14094
5 5959 1758 9792 14095
5 227 226 7344 14096
5 7387 5053 9344 14097
5 3428 5301 9380 14098
5 9737 1959 10559 14099
5 1856 8755 10163 14100
5 231 230 8894 14101
5 875 876 7481 14102
5 2998 5529 8976 14103
5 5375 3627 11147 14104
5 3671 5306 11217 14105
5 857 858 7433 14106
5 2753 8052 9010 14107
5 5387 2143 11278 14108
5 6119 2781 7287 14109
5 5289 1341 9709 14110
5 5813 4837 9953 14111
5 1493 5858 7618 14112
5 2215 6034 10897 14113
5 6100 1541 10044 14114
5 7196 1418 7696 14115
5 9367 4412 9913 14116
5 2868 5329 10590 14117
5 3541 7196 7696 14118
5 6356 1099 9269 14119
5 7352 4045 9754 14120
5 1433 7352 9754 14121
5 5306 3235 9490 14122
5 5106 1113 10165 14123
5 2236 5647 10862 14124
5 5647 3573 10862 14125
5 6636 1539 6922 14126
5 1014 6 10129 14127
5 321 5919 8560 14128
5 6559 96 10849 14129
5 3110 7294 9050 14130
5 3144 5640 9301 14131
5 4903 2042 9829 14132
5 6480 1193 9556 14133
5 5640 1738 9301 14134
5 6630 5469 11162 14135
5 8286 5965 10453 14136
5 3641 10119 11150 14137
5 3324 5296 9660 14138
5 3549 5947 8240 14139
5 7493 2888 11055 14140
5 2142 4892 9575 14141
5 5276 1754 9012 14142
5 6211 2192 10687 14143
5 6582 2662 6960 14144
5 8583 4676 11041 14145
5 5898 1152 8694 14146
5 3060 5270 9532 14147
5 4530 5484 8382 14148
5 5735 2763 6808 14149
5 3437 6085 9585 14150
5 3156 8749 9905 14151
5 4131 6836 9360 14152
5 5393 3099 10625 14153
5 3829 6721 10139 14154
5 764 5835 8318 14155
5 3265 7383 8490 14156
5 7894 2237 9151 14157
5 703 704 7976 14158
5 3938 7948 8836 14159
5 5338 3941 10596 14160
5 8219 2940 10954 14161
5 5300 1561 9755 14162
5 1703 5661 8335 14163
5 2699 6181 11248 14164
5 1435 7172 8815 14165
5 6751 4486 8867 14166
5 7948 3020 8836 14167
5 5641 2235 8036 14168
5 6583 2604 7010 14169
5 6572 4777 7963 14170
5 3031 7277 7843 14171
5 1441 5937 7532 14172
5 7330 1603 9057 14173
5 5376 3689 11073 14174
5 3216 1990 3371 14175
5 7892 3017 8412 14176
5 801 802 9654 14177
5 3218 6199 7181 14178
5 9935 1695 10022 14179
5 6058 2731 8605 14180
5 9809 3706 10932 14181
5 5749 4693 7480 14182
5 3751 5481 9581 14183
5 6085 640 9585 14184
5 1127 5324 10340 14185
5 1050 5077 11157 14186
5 6767 1757 9446 14187
5 644 5543 8529 14188
5 3134 6529 7749 14189
5 3933 7614 8972 14190
5 7185 4895 11121 14191
5 3382 5505 8876 14192
5 3686 6767 9446 14193
5 3407 8044 8645 14194
5 2946 6861 6950 14195
5 5500 2766 8466 14196
5 2556 5396 8215 14197
5 6985 2796 8878 14198
5 6670 3372 10215 14199
5 8015 4377 9925 14200
5 5312 3396 10079 14201
5 3025 5327 9393 14202
5 4930 3153 7780 14203
5 2274 6563 8567 14204
5 2624 5342 11211 14205
5 6428 1603 9693 14206
5 6901 3543 8762 14207
5 6217 1202 10426 14208
5 2775 4867 8239 14209
5 3622 6325 7919 14210
5 519 518 6903 14211
5 6839 4161 9608 14212
5 3202 5326 10134 14213
5 5326 2327 10134 14214
5 1986 5910 7600 14215
5 5602 2901 7871 14216
5 5717 3511 8139 14217
5 3405 7847 9550 14218
5 2498 5450 10670 14219
5 896 897 7540 14220
5 193 5884 7890 14221
5 2259 5566 11289 14222
5 258 257 8217 14223
5 6504 3095 8697 14224
5 8985 3659 10340 14225
5 4426 8568 10936 14226
5 6369 3027 10586 14227
5 9857 1034 10680 14228
5 5536 18 8472 14229
5 1302 9371 10409 14230
5 5018 6886 11126 14231
5 5715 2745 9260 14232
5 515 514 6878 14233
5 3366 5614 10180 14234
5 5614 2369 10180 14235
5 2587 4793 8950 14236
5 6163 3558 10461 14237
5 330 329 6909 14238
5 5894 1871 11077 14239
5 4590 2432 10696 14240
5 9621 1676 11119 14241
5 6053 576 9627 14242
5 5678 2771 8766 14243
5 2466 6210 10481 14244
5 7002 1644 9774 14245
5 3166 5458 8609 14246
5 7155 1165 11109 14247
5 2290 5322 10092 14248
5 6691 3305 7852 14249
5 1553 6691 7852 14250
5 6327 2678 7161 14251
5 5887 1434 7650 14252
5 2697 6942 6943 14253
5 6942 3192 6943 14254
5 646 647 7419 14255
5 7478 1967 10739 14256
5 2399 6322 7371 14257
5 8415 1745 8851 14258
5 1154 5815 7766 14259
5 6309 3040 8517 14260
5 7659 4107 8873 14261
5 6439 3965 9180 14262
5 2971 8992 9040 14263
5 1163 5344 11063 14264
5 927 928 9177 14265
5 3117 5324 10896 14266
5 6470 1748 8905 14267
5 4997 1482 11197 14268
5 1455 5148 9477 14269
5 5673 3338 8032 14270
5 6651 2458 7591 14271
5 1230 5554 9762 14272
5 5378 4389 10982 14273
5 2763 5379 9071 14274
5 8783 1263 10184 14275
5 11 12 9392 14276
5 5327 3171 9826 14277
5 6819 878 6944 14278
5 2975 7831 8646 14279
5 6128 4066 8901 14280
5 5275 9757 9880 14281
5 7275 3679 9345 14282
5 4262 1968 10265 14283
5 898 899 7567 14284
5 6382 1147 7337 14285
5 5853 3240 9365 14286
5 3525 5735 10287 14287
5 9757 3237 9880 14288
5 1259 7161 10843 14289
5 7079 2302 10441 14290
5 525 5642 6780 14291
5 5677 1933 8198 14292
5 696 6557 10509 14293
5 5762 3362 9886 14294
5 5523 2910 10956 14295
5 5998 1633 9213 14296
5 5988 2223 8193 14297
5 7435 3075 9094 14298
5 2943 5988 8193 14299
5 2788 4857 7655 14300
5 9066 2077 9609 14301
5 4824 9066 9609 14302
5 2765 6523 8341 14303
5 994 995 10491 14304
5 1807 8061 10991 14305
5 6052 537 8544 14306
5 2532 6029 9516 14307
5 5843 3402 9942 14308
5 2397 5843 9942 14309
5 997 998 7324 14310
5 7694 5367 8082 14311
5 412 5948 7577 14312
5 2490 8897 9639 14313
5 8839 3223 9567 14314
5 7787 4635 9475 14315
5 1106 7787 9475 14316
5 5298 9599 10095 14317
5 5422 3409 11304 14318
5 9599 3198 10095 14319
5 3101 6960 10766 14320
5 1734 6212 10037 14321
5 3240 5853 8847 14322
5 10506 3632 11070 14323
5 2804 5352 9344 14324
5 3403 6573 9170 14325
5 6427 2605 7130 14326
5 7605 3555 8725 14327
5 3027 6369 7949 14328
5 998 999 6345 14329
5 176 175 9076 14330
5 2146 5377 9839 14331
5 3159 5709 10272 14332
5 6369 2559 7949 14333
5 5388 3766 8967 14334
5 1503 6033 7494 14335
5 5822 2690 10210 14336
5 1373 5677 10806 14337
5 6632 1154 7766 14338
5 5339 2135 10686 14339
5 2327 5957 10134 14340
5 10102 7632 11077 14341
5 3033 8450 8525 14342
5 8320 1812 10745 14343
5 1970 5079 8726 14344
5 5824 3252 9915 14345
5 7911 2666 10938 14346
5 4875 7122 7257 14347
5 4309 7596 10349 14348
5 2710 8721 10713 14349
5 1683 4746 10822 14350
5 2607 6213 7341 14351
5 6304 2816 7543 14352
5 2016 8002 8689 14353
5 5976 1485 8814 14354
5 3740 7852 9675 14355
5 8337 3190 10704 14356
5 364 363 7216 14357
5 6080 2037 11059 14358
5 3193 8892 9149 14359
5 7270 3673 10141 14360
5 4498 9051 10380 14361
5 2477 4262 10265 14362
5 5768 2161 7891 14363
5 7165 1316 10300 14364
5 1877 6231 8981 14365
5 2424 5799 10716 14366
5 3383 6310 7529 14367
5 6219 900 10187 14368
5 9199 4884 11019 14369
5 4854 10667 10923 14370
5 5501 2192 10103 14371
5 1470 9890 11222 14372
5 4134 7222 10778 14373
5 4923 2846 8207 14374
5 611 612 7854 14375
5 6311 3473 11191 14376
5 7566 2383 9722 14377
5 5948 411 7576 14378
5 6755 3488 8907 14379
5 1761 5354 9887 14380
5 1157 5471 9898 14381
5 1228 5430 11293 14382
5 6092 3175 10439 14383
5 2744 6671 10377 14384
5 2473 5412 10691 14385
5 6007 4200 7306 14386
5 5411 5040 10154 14387
5 2747 4087 9355 14388
5 4896 2919 8579 14389
5 2339 7657 8750 14390
5 4712 2124 11133 14391
5 2726 6171 9770 14392
5 1146 6522 11155 14393
5 6522 4058 11155 14394
5 8414 1926 8666 14395
5 4032 8414 8666 14396
5 6254 2963 7432 14397
5 7644 3616 10602 14398
5 4341 9737 10559 14399
5 1517 5197 9464 14400
5 6868 2849 8828 14401
5 2888 8204 11055 14402
5 2118 8705 11302 14403
5 7666 1698 8210 14404
5 3536 5838 10473 14405
5 5838 1643 10473 14406
5 4303 7514 8327 14407
5 655 6755 8907 14408
5 5355 1265 10463 14409
5 183 182 7492 14410
5 2705 5897 10714 14411
5 5765 4659 9578 14412
5 3220 5819 9870 14413
5 3909 6313 7484 14414
5 6196 3351 7532 14415
5 6060 3938 8201 14416
5 7357 1879 8686 14417
5 6775 4703 9632 14418
5 1326 6892 8247 14419
5 633 634 7495 14420
5 3174 5484 9134 14421
5 5691 7385 10906 14422
5 2269 5814 7992 14423
5 7596 1847 10349 14424
5 3161 5536 8472 14425
5 1000 1001 6081 14426
5 2135 5411 9885 14427
5 6173 4000 7541 14428
5 2858 6173 7541 14429
5 5354 3050 9887 14430
5 3300 5853 10414 14431
5 339 338 7014 14432
5 7847 4080 9550 14433
5 1981 8399 9680 14434
5 8399 4472 9680 14435
5 2676 6060 8201 14436
5 859 860 7465 14437
5 8667 4349 10589 14438
5 6361 2745 8891 14439
5 2119 5388 9121 14440
5 6451 3822 9054 14441
5 476 475 7152 14442
5 7744 3611 8038 14443
5 7607 2857 11182 14444
5 6423 3087 8114 14445
5 2177 6423 8114 14446
5 4169 10042 10233 14447
5 2728 7744 8038 14448
5 6736 3370 10375 14449
5 4466 1871 8665 14450
5 3870 5418 11111 14451
5 722 6279 7627 14452
5 1029 6317 7204 14453
5 5384 4243 9546 14454
5 2815 5661 8451 14455
5 4097 6828 10647 14456
5 1622 5352 9822 14457
5 7644 3800 8351 14458
5 1281 7644 8351 14459
5 2085 5949 9628 14460
5 8943 3802 10937 14461
5 2500 5359 9641 14462
5 5896 2445 9034 14463
5 6532 2488 7684 14464
5 737 738 10483 14465
5 3857 5446 9110 14466
5 6024 1186 9049 14467
5 2949 8102 8917 14468
5 7840 3231 9666 14469
5 8102 4446 8917 14470
5 5620 1523 9003 14471
5 2839 5615 8293 14472
5 1763 5594 8439 14473
5 2055 8495 10856 14474
5 5949 3359 9628 14475
5 6095 2977 8188 14476
5 2313 6095 8188 14477
5 8221 3970 8743 14478
5 2964 8221 8743 14479
5 2957 5984 7620 14480
5 7545 4524 10722 14481
5 3392 6523 10841 14482
5 5690 2919 10685 14483
5 8094 3768 8404 14484
5 1180 5637 11307 14485
5 7626 3432 8334 14486
5 5359 2338 9838 14487
5 8228 3474 9806 14488
5 4074 6304 7543 14489
5 7089 1759 7506 14490
5 310 6859 9871 14491
5 3513 5747 9753 14492
5 6342 4314 9607 14493
5 4368 7977 9075 14494
5 1980 1583 10616 14495
5 9076 4102 9505 14496
5 8805 3995 9358 14497
5 5398 2473 10495 14498
5 2281 5440 8935 14499
5 2998 8976 10809 14500
5 937 6164 8022 14501
5 1406 4767 8976 14502
5 6059 4523 8177 14503
5 28 29 7545 14504
5 6483 3247 10090 14505
5 5380 2565 9342 14506
5 5931 3632 11280 14507
5 2136 5493 10988 14508
5 4140 5831 8397 14509
5 6918 4608 10059 14510
5 5423 2120 9040 14511
5 1971 4172 5151 14512
5 5615 1756 8293 14513
5 3073 7531 10345 14514
5 8155 1900 11171 14515
5 5569 3441 8407 14516
5 8334 4608 10779 14517
5 3140 6430 10448 14518
5 106 105 7549 14519
5 2821 5522 8715 14520
5 6590 5210 9296 14521
5 6664 2580 10584 14522
5 416 5555 7833 14523
5 4143 8580 8774 14524
5 1169 6654 10306 14525
5 5105 8875 10549 14526
5 1508 6431 7077 14527
5 5381 2803 9829 14528
5 928 929 11294 14529
5 7175 5393 10547 14530
5 5859 3235 9145 14531
5 7262 4251 8772 14532
5 5557 3375 10686 14533
5 6978 2150 9462 14534
5 6721 1371 10139 14535
5 5457 3698 9043 14536
5 3210 2979 6145 14537
5 6924 2960 7118 14538
5 1607 6924 7118 14539
5 7410 2860 10467 14540
5 9273 1430 11026 14541
5 2771 6794 10308 14542
5 1528 6234 8055 14543
5 5292 1973 11013 14544
5 1957 4698 10176 14545
5 5797 2471 11236 14546
5 3380 5534 8571 14547
5 2937 5455 9646 14548
5 2689 6418 7227 14549
5 9182 3332 11149 14550
5 5394 3711 9303 14551
5 2315 6032 7748 14552
5 5465 3182 9884 14553
5 5128 6584 10938 14554
5 1987 5465 9884 14555
5 5572 1515 8711 14556
5 930 931 7739 14557
5 2796 7311 8878 14558
5 5386 2718 8109 14559
5 673 5859 9145 14560
5 2415 6758 9616 14561
5 5543 3147 8529 14562
5 2432 5836 10696 14563
5 4963 6556 10002 14564
5 2822 6098 7520 14565
5 5374 2552 9752 14566
5 6900 2502 9444 14567
5 2615 5718 8128 14568
5 343 342 7034 14569
5 5707 1090 8775 14570
5 2990 5707 8775 14571
5 723 724 8742 14572
5 1466 7412 9187 14573
5 8396 1319 8407 14574
5 368 367 7145 14575
5 7896 3082 8303 14576
5 6099 4038 8226 14577
5 6247 1775 9574 14578
5 2938 7275 9345 14579
5 3475 6247 9574 14580
5 5748 3809 11043 14581
5 5410 2418 10868 14582
5 5605 2818 11281 14583
5 1859 8473 10058 14584
5 1990 3179 3371 14585
5 1703 8335 8880 14586
5 7795 2643 10784 14587
5 6190 1698 7666 14588
5 6193 2792 7354 14589
5 2243 5482 8840 14590
5 2062 8583 11041 14591
5 337 336 6996 14592
5 5390 2526 9398 14593
5 2912 8094 8404 14594
5 3740 9675 10973 14595
5 4876 1000 6081 14596
5 6850 1558 7471 14597
5 7052 2503 9524 14598
5 786 787 8642 14599
5 3213 6039 9871 14600
5 3141 7408 9906 14601
5 1005 4837 5813 14602
5 5395 3711 10607 14603
5 6861 2850 6950 14604
5 6708 3148 7995 14605
5 6307 2811 7792 14606
5 1072 6708 7995 14607
5 990 991 8191 14608
5 2629 7743 9678 14609
5 2350 5530 10581 14610
5 4146 9051 10671 14611
5 6358 2165 8770 14612
5 5185 6044 10530 14613
5 3786 6481 8492 14614
5 2967 6094 9137 14615
5 8540 3141 9906 14616
5 5449 2174 11158 14617
5 1458 5449 11159 14618
5 2721 5366 10026 14619
5 3059 8130 9131 14620
5 676 5451 9478 14621
5 6721 2357 7724 14622
5 8003 1526 8148 14623
5 1520 9584 9694 14624
5 5582 2128 10507 14625
5 3272 8733 9669 14626
5 3391 4673 10514 14627
5 1420 7234 9764 14628
5 507 5556 7142 14629
5 3772 6913 9563 14630
5 1873 6569 8374 14631
5 2978 7323 9842 14632
5 5805 1559 10282 14633
5 2063 2792 8271 14634
5 1775 7616 9574 14635
5 7616 4044 9574 14636
5 5393 1393 10547 14637
5 5654 1670 8297 14638
5 2100 5395 10642 14639
5 5658 3806 8049 14640
5 5799 2273 10716 14641
5 5922 1511 8809 14642
5 3087 5922 8809 14643
5 3641 5405 10119 14644
5 5208 1332 10753 14645
5 1641 5420 10802 14646
5 8793 3762 10428 14647
5 2769 7390 8113 14648
5 6991 3552 10238 14649
5 252 251 11000 14650
5 6565 10360 10645 14651
5 4305 9387 10424 14652
5 842 843 7642 14653
5 8171 3199 9473 14654
5 5530 3042 10673 14655
5 5432 3584 9007 14656
5 5853 9365 10414 14657
5 1423 6195 8785 14658
5 10437 1283 11060 14659
5 5556 506 7173 14660
5 7712 3451 9655 14661
5 2448 5438 10976 14662
5 6267 3461 7960 14663
5 5264 6902 8821 14664
5 7870 3045 8880 14665
5 7944 5842 10413 14666
5 4023 6412 10314 14667
5 6136 1185 9900 14668
5 6271 124 10350 14669
5 2315 5620 10821 14670
5 6481 1741 7668 14671
5 5620 3492 10821 14672
5 8832 3245 9388 14673
5 8190 3984 8865 14674
5 2303 8190 8865 14675
5 1665 5422 11304 14676
5 6462 2334 11185 14677
5 6431 2856 7077 14678
5 7223 2924 7533 14679
5 3975 10074 10897 14680
5 5389 1269 9544 14681
5 3278 6312 7849 14682
5 1394 6932 8874 14683
5 251 6078 11000 14684
5 1571 6134 7550 14685
5 3016 7084 7454 14686
5 4738 3346 10980 14687
5 5908 2677 9855 14688
5 7151 2363 9358 14689
5 5566 1430 9273 14690
5 1879 7357 10872 14691
5 194 193 7890 14692
5 7001 1457 8018 14693
5 172 171 8623 14694
5 2848 5854 8765 14695
5 345 344 7093 14696
5 650 651 9458 14697
5 10915 4151 10950 14698
5 6198 1210 10577 14699
5 5825 1638 9127 14700
5 6230 1322 7526 14701
5 3936 6230 7526 14702
5 5642 524 8719 14703
5 3884 6559 10849 14704
5 5549 1330 8920 14705
5 5468 3312 9019 14706
5 6162 3604 10608 14707
5 5411 3163 9885 14708
5 9329 2867 11062 14709
5 5415 1349 10638 14710
5 6795 5614 10220 14711
5 3133 5408 9878 14712
5 2809 9059 9796 14713
5 5661 2777 8335 14714
5 5481 1173 9581 14715
5 8065 2314 11175 14716
5 1109 6020 8287 14717
5 4064 6906 10629 14718
5 5701 2926 8254 14719
5 6906 1196 10629 14720
5 5637 2786 11307 14721
5 5532 1878 8817 14722
5 6565 2340 10360 14723
5 9108 216 9517 14724
5 6863 272 10455 14725
5 7473 2861 9637 14726
5 3797 9932 10935 14727
5 5829 2434 8035 14728
5 874 875 10787 14729
5 3523 6417 9534 14730
5 6417 1814 9534 14731
5 1638 5825 8449 14732
5 3157 7987 8793 14733
5 5335 3391 10514 14734
5 6401 2642 7297 14735
5 5609 3021 8550 14736
5 6553 1529 11135 14737
5 5889 1599 10295 14738
5 6009 1513 10702 14739
5 3174 9858 10127 14740
5 10170 6284 11205 14741
5 4479 10418 11050 14742
5 5836 2275 10696 14743
5 6195 3201 8785 14744
5 1603 5404 9693 14745
5 5540 2615 8700 14746
5 3797 7910 9932 14747
5 8511 3641 11150 14748
5 3576 6868 8828 14749
5 8106 3101 10766 14750
5 5404 2224 11267 14751
5 3013 5641 8990 14752
5 5641 1514 8990 14753
5 3163 5411 9327 14754
5 6341 2632 7361 14755
5 7019 4268 11083 14756
5 9446 4525 10831 14757
5 1530 7019 11083 14758
5 7930 3823 9210 14759
5 5973 2836 7801 14760
5 6135 90 10672 14761
5 1859 8195 8855 14762
5 3877 5874 10840 14763
5 7528 1042 10080 14764
5 2719 6468 8783 14765
5 2135 5557 10686 14766
5 3655 6271 10350 14767
5 7215 1958 10294 14768
5 1120 8028 10848 14769
5 9890 5154 11222 14770
5 2120 5423 9758 14771
5 7672 3020 7948 14772
5 5423 3113 9758 14773
5 6509 3603 8344 14774
5 8069 3400 9934 14775
5 6733 2575 11116 14776
5 3867 6389 11169 14777
5 5554 2923 8687 14778
5 763 764 8318 14779
5 2979 3268 6256 14780
5 5153 3145 9938 14781
5 795 5462 9174 14782
5 8499 3472 9106 14783
5 1748 6470 10421 14784
5 5647 2236 10729 14785
5 1796 5425 9530 14786
5 5773 1276 8325 14787
5 5325 1140 9813 14788
5 2794 6457 7187 14789
5 3154 1848 10881 14790
5 1132 6939 10389 14791
5 1034 5784 10680 14792
5 3726 8163 11277 14793
5 2771 5837 8766 14794
5 1627 5466 10807 14795
5 5466 3388 10807 14796
5 1366 5424 9571 14797
5 1592 2701 7519 14798
5 2354 5863 10100 14799
5 5079 4070 9443 14800
5 7946 1601 10023 14801
5 2861 9463 9637 14802
5 7027 5009 8888 14803
5 3692 6135 10672 14804
5 1857 8125 9351 14805
5 5148 1455 9467 14806
5 3218 5575 10160 14807
5 1003 5060 6250 14808
5 895 896 10859 14809
5 1220 5577 8926 14810
5 5936 4525 9446 14811
5 3898 8515 10715 14812
5 5577 2959 8926 14813
5 1108 6471 10179 14814
5 5849 2748 8056 14815
5 9366 3421 9429 14816
5 2213 8077 10115 14817
5 5402 1518 8468 14818
5 4325 7946 10023 14819
5 370 369 7139 14820
5 5516 2367 9228 14821
5 190 189 8506 14822
5 5071 9273 11026 14823
5 1563 6016 7770 14824
5 6032 3053 7748 14825
5 6291 2841 7604 14826
5 2203 5527 10994 14827
5 1551 5746 8641 14828
5 2202 5356 8707 14829
5 2897 7199 8830 14830
5 6525 1815 10038 14831
5 1685 5866 7951 14832
5 5816 38 9603 14833
5 8666 3656 10008 14834
5 2694 6209 7521 14835
5 5983 2721 10026 14836
5 6304 620 8602 14837
5 5838 3536 8074 14838
5 6549 5479 7901 14839
5 3649 6549 7901 14840
5 5990 2773 8402 14841
5 6061 3055 7711 14842
5 2175 5460 9284 14843
5 5651 3369 8442 14844
5 9663 3288 10990 14845
5 899 900 11039 14846
5 3738 8555 11053 14847
5 8083 708 8941 14848
5 6119 2811 8159 14849
5 9634 663 10579 14850
5 5555 415 7561 14851
5 1153 7514 10325 14852
5 7061 4094 10659 14853
5 6910 1881 10423 14854
5 8771 1980 10616 14855
5 1268 5490 9070 14856
5 2868 7176 7177 14857
5 7176 3054 7177 14858
5 3296 5868 9360 14859
5 2244 5998 9213 14860
5 7397 1084 9463 14861
5 3587 5765 9578 14862
5 2180 8117 11251 14863
5 5367 2346 8082 14864
5 6788 2620 7080 14865
5 6012 1477 10640 14866
5 5962 7974 10401 14867
5 5491 3527 11291 14868
5 1652 5491 11291 14869
5 3884 7870 8880 14870
5 3594 6464 9790 14871
5 6464 2475 9790 14872
5 3430 6935 10500 14873
5 2556 8215 10183 14874
5 5661 1703 8451 14875
5 1016 5076 10239 14876
5 5451 3916 9478 14877
5 5522 2821 9973 14878
5 5427 3176 10186 14879
5 7657 3876 8750 14880
5 2457 6757 7810 14881
5 582 6273 10014 14882
5 6748 1077 9821 14883
5 976 977 7195 14884
5 6235 3819 11274 14885
5 4219 7110 11007 14886
5 3046 5276 9012 14887
5 4070 1970 10539 14888
5 7087 2951 8780 14889
5 7822 5310 10697 14890
5 2561 6174 9743 14891
5 5461 2517 10721 14892
5 3618 7893 8204 14893
5 2051 8839 9643 14894
5 2405 5993 10993 14895
5 7893 1246 8204 14896
5 6004 2812 8376 14897
5 6261 2830 7925 14898
5 6531 3694 7281 14899
5 895 6163 10286 14900
5 3736 5974 8886 14901
5 3026 8092 8767 14902
5 5362 7264 11096 14903
5 4283 9844 9979 14904
5 4203 7719 11033 14905
5 3830 6189 7590 14906
5 427 426 7428 14907
5 6946 3244 11027 14908
5 3529 5705 10645 14909
5 9325 3665 11297 14910
5 6319 2670 7450 14911
5 10118 4703 11172 14912
5 8092 3883 8767 14913
5 42 43 7760 14914
5 5473 1088 9233 14915
5 2607 7350 7352 14916
5 2651 7483 9908 14917
5 7350 4045 7352 14918
5 3079 5238 9802 14919
5 4065 6257 9004 14920
5 3115 5594 7169 14921
5 840 5841 9347 14922
5 3566 6538 7710 14923
5 7601 4951 10890 14924
5 7945 2694 9225 14925
5 3072 6090 10785 14926
5 4718 8162 11240 14927
5 5912 2214 11082 14928
5 3293 8090 10078 14929
5 6183 2279 7997 14930
5 5322 7074 10489 14931
5 1857 5882 11284 14932
5 8020 1473 9217 14933
5 6848 1713 8554 14934
5 3934 6884 9407 14935
5 8839 4630 9643 14936
5 5314 3261 7679 14937
5 5483 1446 11056 14938
5 3665 6047 7891 14939
5 6448 1970 8726 14940
5 6192 59 10810 14941
5 5444 1402 8144 14942
5 5793 7485 9884 14943
5 5471 1157 10911 14944
5 5885 1725 11240 14945
5 6268 1077 9918 14946
5 1066 6242 9595 14947
5 3275 6837 8339 14948
5 6762 3920 11004 14949
5 6837 1624 8339 14950
5 7259 3644 9400 14951
5 5968 7631 10867 14952
5 7075 119 11102 14953
5 6313 3910 7484 14954
5 5617 3438 10814 14955
5 667 668 8334 14956
5 6309 3592 9500 14957
5 4489 6309 9500 14958
5 5716 2759 8467 14959
5 3256 7486 9909 14960
5 1605 5528 10773 14961
5 7211 3866 11104 14962
5 5852 2089 9311 14963
5 2586 6751 8867 14964
5 3172 5852 9311 14965
5 869 870 7680 14966
5 6233 2564 8566 14967
5 6232 1221 8863 14968
5 2305 5616 9023 14969
5 2767 5601 7145 14970
5 3743 6192 10810 14971
5 7110 2059 11007 14972
5 5493 1143 9262 14973
5 5600 2506 8791 14974
5 3935 7135 11019 14975
5 5452 3219 9792 14976
5 6181 3241 9064 14977
5 5326 9881 10069 14978
5 1771 6181 9064 14979
5 9881 1427 10069 14980
5 2970 5508 10644 14981
5 707 708 8083 14982
5 5014 5476 11294 14983
5 3375 5557 8949 14984
5 6611 1819 10213 14985
5 7693 2102 8942 14986
5 3763 6611 10213 14987
5 2886 7489 8302 14988
5 5812 1464 9763 14989
5 1402 7228 7534 14990
5 5116 3253 10282 14991
5 1461 5845 8178 14992
5 3219 5452 9863 14993
5 5477 2190 9419 14994
5 5816 3750 10527 14995
5 2011 9199 11019 14996
5 808 809 8550 14997
5 3238 6619 9526 14998
5 4042 5562 9119 14999
5 1039 6783 10997 15000
5 7282 3440 8117 15001
5 855 6063 8849 15002
5 2636 7282 8117 15003
5 2149 7842 10449 15004
5 3449 7005 7715 15005
5 5467 1301 10623 15006
5 4855 7198 10764 15007
5 6492 2827 7218 15008
5 7005 1557 7715 15009
5 3318 5467 10623 15010
5 5535 3043 9018 15011
5 736 737 10109 15012
5 6029 1496 9516 15013
5 1657 7280 7454 15014
5 3465 6611 9695 15015
5 3311 5622 10260 15016
5 5622 1570 10260 15017
5 2751 6698 7273 15018
5 6698 3664 7273 15019
5 1520 6743 9584 15020
5 2784 5926 10063 15021
5 5945 4006 9845 15022
5 4296 8053 10934 15023
5 1507 6555 7315 15024
5 8074 3536 9651 15025
5 2899 5573 9981 15026
5 4533 3473 11234 15027
5 2853 5621 10327 15028
5 3360 5655 10658 15029
5 1837 7101 9268 15030
5 7101 3676 9268 15031
5 7425 2783 7427 15032
5 5780 2418 9958 15033
5 3355 7425 7427 15034
5 1944 5675 8528 15035
5 6651 3849 10496 15036
5 1738 6651 10496 15037
5 3579 8423 8673 15038
5 5466 1627 10432 15039
5 1062 10583 11072 15040
5 7287 2781 8803 15041
5 9895 4366 11209 15042
5 5759 3767 8347 15043
5 8335 3884 8880 15044
5 4201 1365 7730 15045
5 597 598 9316 15046
5 7552 5575 10981 15047
5 6865 140 10553 15048
5 3876 5847 8750 15049
5 1149 5560 8901 15050
5 1023 1024 10225 15051
5 5727 2913 8728 15052
5 3585 9256 10301 15053
5 6511 1330 10277 15054
5 2760 5958 8403 15055
5 1758 7091 8895 15056
5 5562 1625 9119 15057
5 3131 1778 3287 15058
5 57 6343 11252 15059
5 7672 4232 8868 15060
5 2288 6163 10461 15061
5 5057 9634 10579 15062
5 2766 5500 9363 15063
5 622 5411 10154 15064
5 3385 5486 10850 15065
5 3020 7672 8868 15066
5 5486 2257 10850 15067
5 3446 5640 10782 15068
5 8600 4059 10320 15069
5 508 507 7142 15070
5 9380 1961 10375 15071
5 5936 1757 8053 15072
5 2580 7157 10584 15073
5 2982 8416 8856 15074
5 7099 3024 7445 15075
5 3086 7099 7445 15076
5 8416 4031 8856 15077
5 6994 3821 10701 15078
5 5467 2248 10292 15079
5 8473 4310 10058 15080
5 6144 1597 7740 15081
5 49 6203 10706 15082
5 7987 3762 8793 15083
5 1446 5477 10667 15084
5 5802 2943 8826 15085
5 2915 7266 8076 15086
5 7243 3759 9690 15087
5 952 953 7981 15088
5 1992 3214 4442 15089
5 6343 3932 11252 15090
5 3222 7428 8138 15091
5 1772 6665 9725 15092
5 1061 5586 8860 15093
5 5554 1230 10324 15094
5 2263 5508 9381 15095
5 7161 9511 10843 15096
5 5798 2747 9355 15097
5 747 748 7866 15098
5 833 6447 9972 15099
5 5523 1629 11285 15100
5 1027 1028 10541 15101
5 6130 2982 8856 15102
5 1969 6448 8726 15103
5 6539 224 10379 15104
5 8651 1986 9336 15105
5 1991 3216 4448 15106
5 4354 8651 9336 15107
5 5678 1781 9164 15108
5 964 965 9248 15109
5 8024 2009 8681 15110
5 3531 9997 10399 15111
5 2948 7673 8122 15112
5 7673 3489 8122 15113
5 6203 3700 10706 15114
5 3809 8024 8681 15115
5 945 946 7938 15116
5 4348 3329 7998 15117
5 4132 6803 8778 15118
5 6611 3763 10865 15119
5 3332 7571 11149 15120
5 9837 4748 10249 15121
5 55 56 7872 15122
5 2677 7191 9705 15123
5 6924 2961 7733 15124
5 6282 2755 9219 15125
5 539 538 8054 15126
5 5851 2508 8252 15127
5 7784 3492 8041 15128
5 1211 7784 8041 15129
5 6834 3389 7910 15130
5 512 511 7124 15131
5 5496 3527 10848 15132
5 1562 6834 7910 15133
5 2896 5572 8711 15134
5 3297 1992 4442 15135
5 3046 5724 9604 15136
5 506 505 7173 15137
5 7737 4307 10349 15138
5 3072 5678 9164 15139
5 1847 7737 10349 15140
5 1871 4466 10102 15141
5 2898 5626 7928 15142
5 3214 1991 4448 15143
5 5266 1058 10616 15144
5 5677 8198 10806 15145
5 2280 7374 7375 15146
5 1109 8287 10205 15147
5 3409 7704 11304 15148
5 3920 6753 11005 15149
5 7538 1570 8250 15150
5 4492 5489 10699 15151
5 9584 4619 9694 15152
5 7374 2280 9700 15153
5 1058 7531 8771 15154
5 5443 2485 8973 15155
5 306 5480 9917 15156
5 5526 3002 10633 15157
5 1960 8667 10589 15158
5 1543 5581 9436 15159
5 2211 5960 8597 15160
5 2568 5785 11047 15161
5 5625 3635 8822 15162
5 5785 3592 11047 15163
5 6112 1848 9142 15164
5 6986 4925 10007 15165
5 6279 2805 7627 15166
5 5553 1121 11221 15167
5 3518 5553 11221 15168
5 2773 7735 8402 15169
5 1121 5553 9074 15170
5 2943 5558 10310 15171
5 2809 7061 10659 15172
5 1468 6148 7789 15173
5 2630 5541 9962 15174
5 3176 5482 10186 15175
5 4067 6661 9720 15176
5 5165 6103 10772 15177
5 3678 7641 10853 15178
5 5482 2243 10186 15179
5 1395 5578 8930 15180
5 3714 5810 10427 15181
5 6201 2416 7909 15182
5 7326 1892 7571 15183
5 3192 7326 7571 15184
5 5567 3295 10358 15185
5 2672 9754 10454 15186
5 2888 6201 7909 15187
5 5557 1509 8949 15188
5 944 7259 8636 15189
5 9029 1366 9571 15190
5 4642 9029 9571 15191
5 6623 1573 10164 15192
5 9141 2678 9969 15193
5 3804 7055 8497 15194
5 2867 7526 11062 15195
5 2994 6663 10247 15196
5 536 535 8044 15197
5 8372 1527 9424 15198
5 924 925 8001 15199
5 2969 7259 9400 15200
5 627 628 8848 15201
5 6688 4033 9742 15202
5 1811 4673 9657 15203
5 5490 1268 9797 15204
5 4368 8417 10937 15205
5 5693 2687 8314 15206
5 2925 7669 7990 15207
5 2126 5567 10358 15208
5 3269 6272 9956 15209
5 7669 3444 7990 15210
5 959 960 9193 15211
5 502 501 7187 15212
5 7514 4303 10325 15213
5 5664 2242 8685 15214
5 474 473 7322 15215
5 1320 5665 8670 15216
5 2432 5643 7804 15217
5 6628 1518 8947 15218
5 7736 1487 10221 15219
5 2270 5498 9811 15220
5 3211 5500 9746 15221
5 8190 4016 11016 15222
5 6447 3630 9972 15223
5 5640 2148 10782 15224
5 2102 6908 8942 15225
5 5826 1546 11166 15226
5 2566 7088 8362 15227
5 7088 3354 8362 15228
5 1342 5550 9157 15229
5 3002 5534 10633 15230
5 2262 5495 10511 15231
5 1615 8452 10189 15232
5 413 412 7577 15233
5 3881 9151 11044 15234
5 8452 4587 10189 15235
5 6581 2550 8199 15236
5 5782 1073 8594 15237
5 5495 3284 10511 15238
5 2891 6276 8484 15239
5 711 712 10313 15240
5 5484 3174 10127 15241
5 2934 8209 8398 15242
5 5754 3525 8133 15243
5 936 937 8022 15244
5 1698 6190 8280 15245
5 5723 1868 8577 15246
5 3839 8083 8941 15247
5 6172 1595 8172 15248
5 472 471 7323 15249
5 6761 1483 9888 15250
5 2355 5510 8005 15251
5 5608 943 8636 15252
5 5508 2263 10644 15253
5 2781 6119 10783 15254
5 3435 9367 9913 15255
5 5512 2355 8007 15256
5 3024 6959 7445 15257
5 3548 5502 10544 15258
5 6959 1507 7445 15259
5 290 289 8430 15260
5 3319 5604 10408 15261
5 5604 2190 10408 15262
5 3577 8141 8179 15263
5 3466 5518 11204 15264
5 3029 7697 8625 15265
5 1071 6571 7407 15266
5 5484 1253 9134 15267
5 3121 1800 3303 15268
5 6921 2618 10902 15269
5 498 497 7218 15270
5 2910 5523 11285 15271
5 1405 5508 10572 15272
5 7650 1434 7953 15273
5 8597 3600 10640 15274
5 4279 8649 9580 15275
5 5502 2160 10382 15276
5 1372 5520 9620 15277
5 6090 9164 10081 15278
5 7697 3875 8625 15279
5 1481 4914 9976 15280
5 7346 3017 7892 15281
5 3664 6698 9832 15282
5 1554 5500 10338 15283
5 2691 6478 8628 15284
5 2784 6407 9928 15285
5 2160 5959 9385 15286
5 6698 1189 9832 15287
5 6390 3128 7124 15288
5 5947 3549 10097 15289
5 5959 3219 9385 15290
5 5500 3211 10338 15291
5 2168 6318 10450 15292
5 5747 3513 10597 15293
5 1989 4243 5245 15294
5 1778 3121 3287 15295
5 10467 2860 11259 15296
5 3788 6579 10700 15297
5 5841 3506 9347 15298
5 6478 3807 8628 15299
5 66 67 8842 15300
5 6338 3378 7619 15301
5 7290 2541 10730 15302
5 5257 9263 10767 15303
5 9263 1675 10767 15304
5 3537 5198 11118 15305
5 554 553 9144 15306
5 3010 4765 10304 15307
5 1991 9679 10203 15308
5 411 410 7576 15309
5 7554 1566 9648 15310
5 6058 2132 9328 15311
5 7357 4347 10872 15312
5 3815 7243 9690 15313
5 5698 1537 9361 15314
5 6808 2763 7961 15315
5 3094 5698 9361 15316
5 7017 9068 10411 15317
5 3672 5745 8777 15318
5 977 978 9426 15319
5 5580 1098 9069 15320
5 5719 3043 8623 15321
5 2523 6266 8433 15322
5 1747 5913 8238 15323
5 2909 5926 8211 15324
5 5875 1512 8959 15325
5 493 5696 7231 15326
5 988 989 8934 15327
5 6519 1150 9226 15328
5 6115 3806 8887 15329
5 2960 6924 7733 15330
5 3585 7104 9256 15331
5 7096 4031 8416 15332
5 2107 7096 8416 15333
5 7874 3572 9681 15334
5 1339 5568 9242 15335
5 3587 5798 10016 15336
5 5939 1154 9444 15337
5 1263 8387 9960 15338
5 7994 659 9172 15339
5 4294 6507 9069 15340
5 6197 3683 8748 15341
5 77 78 8420 15342
5 155 7070 11210 15343
5 4812 1502 9748 15344
5 7097 2692 8582 15345
5 3728 5816 9603 15346
5 240 7098 11288 15347
5 1985 5870 10927 15348
5 2232 9337 9536 15349
5 6125 1720 10508 15350
5 1361 6055 10621 15351
5 3598 6125 10508 15352
5 8485 4237 9320 15353
5 1459 8485 9320 15354
5 1643 5838 8617 15355
5 3250 5353 10321 15356
5 5251 2574 6750 15357
5 9337 4766 9536 15358
5 3194 6964 8325 15359
5 8948 4351 11306 15360
5 1781 5678 8766 15361
5 3585 5801 10130 15362
5 6087 1849 9042 15363
5 3570 7797 10684 15364
5 5725 2731 7920 15365
5 8539 3805 10649 15366
5 6530 2872 7598 15367
5 199 198 8142 15368
5 2764 5520 9912 15369
5 1748 8235 8831 15370
5 4879 8058 10882 15371
5 455 454 7421 15372
5 1593 2727 7690 15373
5 2730 6195 9295 15374
5 6991 276 8008 15375
5 3577 6633 7467 15376
5 5459 1193 10072 15377
5 6633 2068 7467 15378
5 6108 2437 7931 15379
5 2864 5695 10104 15380
5 5855 4352 9447 15381
5 415 414 7561 15382
5 3710 9935 10022 15383
5 7238 890 9195 15384
5 1658 6379 7955 15385
5 6379 3677 7955 15386
5 9053 2748 9639 15387
5 8799 5197 11215 15388
5 1501 6277 7778 15389
5 1015 1016 10239 15390
5 1212 5207 9288 15391
5 1500 5727 8728 15392
5 7516 1192 7961 15393
5 2830 5963 9831 15394
5 1346 6517 8939 15395
5 2261 6036 8797 15396
5 8650 6553 11135 15397
5 1196 5526 10633 15398
5 494 493 7231 15399
5 2828 6495 7231 15400
5 1469 7444 9105 15401
5 7444 3783 9105 15402
5 724 725 10992 15403
5 9213 1633 9400 15404
5 2350 6383 6421 15405
5 2252 7652 9081 15406
5 185 6173 8441 15407
5 6171 2743 7873 15408
5 5525 2328 10488 15409
5 5696 492 7285 15410
5 5854 1784 8765 15411
5 7861 3668 8921 15412
5 141 6865 7237 15413
5 5562 2133 9618 15414
5 3097 5562 9618 15415
5 530 6117 6693 15416
5 1576 6318 9591 15417
5 8021 2629 9678 15418
5 5823 2325 10355 15419
5 6050 707 8083 15420
5 3400 5823 10355 15421
5 11056 4082 11173 15422
5 2953 5702 10808 15423
5 3299 6166 7885 15424
5 2966 5821 8772 15425
5 1208 6309 8517 15426
5 5821 1117 8772 15427
5 5929 1786 8898 15428
5 7277 3031 8436 15429
5 1277 6243 11247 15430
5 3053 5929 8898 15431
5 5046 6643 11049 15432
5 4758 7732 10819 15433
5 8482 4501 9988 15434
5 1055 8482 9988 15435
5 779 780 8062 15436
5 2422 5628 7887 15437
5 1032 1033 10066 15438
5 5842 1085 10259 15439
5 1146 6286 10167 15440
5 7670 3227 10802 15441
5 3377 5842 10259 15442
5 22 6216 9615 15443
5 3845 7277 8436 15444
5 1656 5567 9319 15445
5 6952 2681 9238 15446
5 6708 1072 8980 15447
5 5629 3041 9318 15448
5 1555 5629 9318 15449
5 3645 8803 8863 15450
5 5815 3556 10719 15451
5 6361 3080 8419 15452
5 6543 1218 7578 15453
5 1792 6688 9271 15454
5 823 824 8078 15455
5 932 933 8093 15456
5 8580 2908 8774 15457
5 4070 5151 9672 15458
5 6164 2273 9992 15459
5 1597 6144 7945 15460
5 8863 1221 9015 15461
5 1093 5988 10310 15462
5 5566 2782 11289 15463
5 263 262 9260 15464
5 259 258 11143 15465
5 1638 8449 10291 15466
5 5894 1216 8363 15467
5 3309 6198 10386 15468
5 3352 6673 7414 15469
5 6124 2845 8003 15470
5 5534 3380 10758 15471
5 3889 7831 8572 15472
5 6216 3398 9615 15473
5 7831 2975 8572 15474
5 62 63 10899 15475
5 6127 21 9615 15476
5 479 478 7354 15477
5 2918 5865 8707 15478
5 6070 2695 9404 15479
5 2287 5990 8402 15480
5 6494 2801 10969 15481
5 4152 7024 7834 15482
5 6417 5217 11206 15483
5 3242 6213 9161 15484
5 6213 2607 9161 15485
5 500 499 8538 15486
5 1867 5606 8716 15487
5 3033 6368 8450 15488
5 5757 1424 9539 15489
5 5878 3167 10660 15490
5 450 449 7470 15491
5 3291 7128 7330 15492
5 3268 3131 6259 15493
5 1993 1542 8838 15494
5 4124 7752 9560 15495
5 7752 2455 9560 15496
5 1037 5762 8103 15497
5 974 975 9557 15498
5 7126 3468 10585 15499
5 3252 5824 10055 15500
5 3042 5530 8736 15501
5 6436 1115 10468 15502
5 8663 3987 10862 15503
5 5612 3242 9161 15504
5 918 919 7913 15505
5 923 7275 8811 15506
5 4733 4533 11234 15507
5 4448 3216 6601 15508
5 6638 1048 7959 15509
5 3253 5805 10282 15510
5 7652 3812 9081 15511
5 3260 3073 8638 15512
5 5601 368 7145 15513
5 2236 6125 10729 15514
5 5561 3264 11128 15515
5 2394 6026 9912 15516
5 2147 5429 10711 15517
5 9858 5351 10127 15518
5 1107 5688 8889 15519
5 1226 6166 9428 15520
5 5931 1511 11070 15521
5 3632 5931 11070 15522
5 6166 3299 9428 15523
5 3398 6127 9615 15524
5 1181 7236 8144 15525
5 5849 1673 9720 15526
5 873 874 10159 15527
5 3449 6969 10150 15528
5 803 5934 8521 15529
5 3214 4448 6597 15530
5 2052 4866 10206 15531
5 987 988 9991 15532
5 7648 3042 8736 15533
5 8017 1173 9470 15534
5 3674 6101 10964 15535
5 5865 2202 8707 15536
5 5639 1174 7378 15537
5 6101 1799 10964 15538
5 1666 6573 9150 15539
5 6898 2625 8197 15540
5 4063 5639 7718 15541
5 5684 323 9564 15542
5 1637 5530 10673 15543
5 7869 1646 7967 15544
5 6925 3709 9282 15545
5 2609 6359 7728 15546
5 4257 8824 9060 15547
5 8824 1325 9060 15548
5 2742 5551 10955 15549
5 7905 5638 10081 15550
5 2964 6258 8221 15551
5 6258 1179 8221 15552
5 7039 4380 10384 15553
5 2879 5839 8879 15554
5 3146 5814 9853 15555
5 492 491 7285 15556
5 1596 6172 8172 15557
5 5478 6543 7578 15558
5 2056 7396 9471 15559
5 900 901 10187 15560
5 1214 6307 7792 15561
5 3190 8262 10704 15562
5 6563 4149 8567 15563
5 1041 8806 8969 15564
5 1198 5680 10431 15565
5 1464 5812 9058 15566
5 5864 3579 8673 15567
5 1191 6530 7598 15568
5 980 981 9332 15569
5 6788 3482 9147 15570
5 3082 10372 11263 15571
5 1690 6788 9147 15572
5 693 694 8424 15573
5 4067 8021 9678 15574
5 8646 4236 9189 15575
5 3247 7900 10090 15576
5 4442 3214 6585 15577
5 3715 6033 11239 15578
5 6033 2283 11239 15579
5 2430 6087 10281 15580
5 6843 249 7399 15581
5 2193 5589 11255 15582
5 5367 2950 9510 15583
5 5673 1195 10464 15584
5 3338 5673 10464 15585
5 6211 3432 10103 15586
5 1448 6392 7712 15587
5 7509 1588 8246 15588
5 3754 7869 7967 15589
5 2975 8646 9189 15590
5 8141 1472 8179 15591
5 3110 9050 10436 15592
5 2295 6002 9275 15593
5 6154 531 6693 15594
5 7105 1525 7373 15595
5 1793 8868 9418 15596
5 6577 4256 10465 15597
5 2100 7710 11237 15598
5 1122 7601 10890 15599
5 4622 6059 8903 15600
5 9817 1893 10632 15601
5 1152 6570 8694 15602
5 4478 5864 8673 15603
5 3082 8445 10372 15604
5 1904 6807 10503 15605
5 6162 180 10217 15606
5 3154 6399 7142 15607
5 3604 6162 10217 15608
5 6354 3885 10639 15609
5 6561 2185 7864 15610
5 8979 1538 9897 15611
5 5552 601 9465 15612
5 5541 2956 9962 15613
5 5429 2147 10337 15614
5 5594 2555 10252 15615
5 5899 1972 9453 15616
5 3183 5899 9453 15617
5 3445 10299 11241 15618
5 3238 5542 10271 15619
5 3491 10024 11120 15620
5 7710 4578 11237 15621
5 1760 6098 10604 15622
5 7195 3100 8324 15623
5 2993 6059 8177 15624
5 501 5772 7187 15625
5 3110 6916 7294 15626
5 5996 1449 8286 15627
5 4099 6897 9448 15628
5 2155 4585 10680 15629
5 5854 4841 9001 15630
5 9166 1681 10074 15631
5 6074 1652 10641 15632
5 7461 3126 8393 15633
5 3567 7461 8393 15634
5 1244 6838 10873 15635
5 1505 8697 8996 15636
5 1494 5802 8826 15637
5 1950 8447 8535 15638
5 5644 1444 8492 15639
5 2803 6515 9455 15640
5 8447 3854 8535 15641
5 8649 3220 9580 15642
5 6537 3201 8698 15643
5 4892 2020 9175 15644
5 1096 5377 11017 15645
5 2641 7923 11021 15646
5 1831 6888 9784 15647
5 3005 7545 10722 15648
5 5553 3518 10732 15649
5 6573 3403 9150 15650
5 5663 10129 10239 15651
5 4896 8579 11139 15652
5 3179 3368 6476 15653
5 2923 5554 10324 15654
5 4230 9108 9517 15655
5 6506 4910 10741 15656
5 8174 3621 8306 15657
5 8697 4168 8996 15658
5 8346 3538 10430 15659
5 445 444 7510 15660
5 5484 2253 8382 15661
5 3591 6009 10702 15662
5 5357 2168 11163 15663
5 4215 8559 9281 15664
5 8559 3107 9281 15665
5 2264 5584 10335 15666
5 2899 5961 8354 15667
5 751 752 8522 15668
5 7877 2072 9864 15669
5 4151 7877 9864 15670
5 5772 500 8538 15671
5 8282 4239 10845 15672
5 3623 6183 7997 15673
5 5549 2336 10445 15674
5 5447 1298 10329 15675
5 2367 6289 9228 15676
5 5573 1491 9981 15677
5 4021 4985 9951 15678
5 3749 6608 7367 15679
5 6579 1981 10700 15680
5 5678 3072 9022 15681
5 488 487 7299 15682
5 5794 1505 8996 15683
5 7104 3585 8149 15684
5 1212 5208 10753 15685
5 5902 3475 10137 15686
5 499 5775 8538 15687
5 777 5902 10137 15688
5 1191 6238 8845 15689
5 6238 3144 8845 15690
5 3002 5794 8996 15691
5 7852 3740 8818 15692
5 8021 4067 9720 15693
5 6758 3521 9616 15694
5 3371 3179 6524 15695
5 1553 7852 8818 15696
5 830 831 8206 15697
5 7704 9721 11304 15698
5 5323 1957 9489 15699
5 5554 2806 9762 15700
5 3959 7844 11069 15701
5 6801 2691 9122 15702
5 6340 151 7808 15703
5 2865 6197 8748 15704
5 5775 498 7218 15705
5 7192 3079 7838 15706
5 3379 6634 9060 15707
5 8733 1179 9835 15708
5 8426 3861 8449 15709
5 9377 1550 9653 15710
5 4534 8733 9835 15711
5 6634 4257 9060 15712
5 4056 7558 10852 15713
5 7697 3029 8108 15714
5 6400 2582 7663 15715
5 2489 6013 8283 15716
5 3875 6801 9122 15717
5 3973 6881 10768 15718
5 6881 1104 10768 15719
5 7735 3816 8402 15720
5 3831 8114 8809 15721
5 1739 6537 8698 15722
5 8114 3087 8809 15723
5 686 687 8222 15724
5 9127 1638 10582 15725
5 5702 1520 9694 15726
5 3158 5702 9694 15727
5 3197 5571 10832 15728
5 6107 2878 8143 15729
5 3060 6373 8423 15730
5 6455 3169 7723 15731
5 2947 5870 9593 15732
5 4719 6683 8653 15733
5 3312 5468 10762 15734
5 10129 1015 10239 15735
5 486 485 7325 15736
5 2902 7104 9965 15737
5 2730 7472 7643 15738
5 7952 1249 10977 15739
5 10068 3779 11179 15740
5 3259 3260 9736 15741
5 6692 1740 8034 15742
5 8378 3375 10296 15743
5 2329 2889 10110 15744
5 3534 5563 10012 15745
5 1555 6261 7925 15746
5 7346 3341 10435 15747
5 2133 5592 9618 15748
5 4357 8415 8851 15749
5 6749 2267 7603 15750
5 3386 6031 8298 15751
5 6293 1109 10205 15752
5 6725 2559 7487 15753
5 7861 2079 8624 15754
5 3668 7861 8624 15755
5 7544 3708 8734 15756
5 769 770 9831 15757
5 523 522 8336 15758
5 7336 4675 7597 15759
5 8053 1757 8747 15760
5 3263 5820 9957 15761
5 818 5564 10048 15762
5 6176 2658 8061 15763
5 6073 1551 8641 15764
5 369 5601 7139 15765
5 4146 6952 9238 15766
5 38 5816 10527 15767
5 9379 6828 11092 15768
5 2920 6843 7399 15769
5 6753 1313 11005 15770
5 7364 1502 7904 15771
5 5820 2242 9957 15772
5 3122 6180 8865 15773
5 1504 6119 8159 15774
5 6714 1969 8741 15775
5 6180 2303 8865 15776
5 3242 5612 9497 15777
5 5151 4172 9661 15778
5 5590 3406 9701 15779
5 5505 3003 8805 15780
5 3236 7140 7269 15781
5 3706 8588 10932 15782
5 1777 1382 6612 15783
5 7472 3790 7643 15784
5 643 644 8529 15785
5 3374 6012 11048 15786
5 6086 3273 9533 15787
5 7481 4538 10878 15788
5 1560 6086 9533 15789
5 2596 6787 8601 15790
5 3029 8625 10669 15791
5 6943 3192 8181 15792
5 1635 6943 8181 15793
5 440 439 7564 15794
5 5571 1558 10832 15795
5 6489 4134 9630 15796
5 4364 8142 10223 15797
5 8142 3614 10223 15798
5 2832 6710 10975 15799
5 6373 1112 8423 15800
5 6609 3727 8699 15801
5 1510 8307 10648 15802
5 8563 1870 10202 15803
5 6249 554 9144 15804
5 5596 3842 11110 15805
5 6088 1857 11284 15806
5 7243 854 8849 15807
5 5754 1768 10162 15808
5 5903 1081 8417 15809
5 5693 2807 8693 15810
5 1243 5657 9293 15811
5 6029 2976 9747 15812
5 2911 6656 9936 15813
5 6962 1283 10437 15814
5 3934 9359 9760 15815
5 7222 1890 10778 15816
5 3113 5977 8634 15817
5 5977 799 8634 15818
5 9953 4837 11245 15819
5 8091 1999 8146 15820
5 4553 6146 8543 15821
5 7127 2854 10895 15822
5 3081 6870 10694 15823
5 2349 6267 7960 15824
5 1577 6099 8226 15825
5 2633 6856 7583 15826
5 3849 6651 7591 15827
5 3670 7747 9910 15828
5 5588 3551 10967 15829
5 487 5778 7299 15830
5 230 5774 8894 15831
5 7793 4931 11164 15832
5 8782 3924 9832 15833
5 2995 6745 7770 15834
5 6745 1563 7770 15835
5 1672 6004 8376 15836
5 6125 3598 10729 15837
5 5887 7954 10928 15838
5 6086 2295 9275 15839
5 6 1015 10129 15840
5 2749 6723 7538 15841
5 8897 4668 9639 15842
5 6288 66 8842 15843
5 3317 9837 10249 15844
5 3871 6224 8321 15845
5 6031 2268 8298 15846
5 7653 2127 10829 15847
5 1515 6129 8162 15848
5 2300 5629 9542 15849
5 5919 2887 8182 15850
5 5318 2503 9531 15851
5 5845 3390 11224 15852
5 699 700 9297 15853
5 5557 2135 9885 15854
5 1046 8475 10011 15855
5 4057 6690 8832 15856
5 5519 2026 10965 15857
5 5778 486 7325 15858
5 5577 3335 10548 15859
5 2491 6057 7572 15860
5 4752 7376 9037 15861
5 1403 5938 7348 15862
5 1471 8174 8306 15863
5 6982 7946 11009 15864
5 2849 6868 9676 15865
5 2567 6065 8131 15866
5 1169 6360 9408 15867
5 5599 1185 11086 15868
5 8345 3054 9540 15869
5 4018 5538 10370 15870
5 3809 10964 11043 15871
5 958 5983 10026 15872
5 5597 1061 10083 15873
5 7030 3089 7737 15874
5 3216 3371 6521 15875
5 6603 2170 8282 15876
5 1847 7030 7737 15877
5 2809 6754 9059 15878
5 1842 8361 9350 15879
5 5993 2244 10993 15880
5 8361 4133 9350 15881
5 5828 2798 9332 15882
5 891 5607 9195 15883
5 3378 7957 9259 15884
5 10181 3870 10973 15885
5 518 5916 6903 15886
5 8279 2049 11198 15887
5 7140 1609 7269 15888
5 5928 2354 10100 15889
5 1805 4614 8551 15890
5 8444 3545 8812 15891
5 3728 5645 11117 15892
5 6262 2894 8391 15893
5 6198 2735 8119 15894
5 6805 4327 11113 15895
5 3325 6600 9057 15896
5 6600 2842 9057 15897
5 2486 6881 7589 15898
5 6094 1889 9675 15899
5 5627 2649 9668 15900
5 6881 3973 7589 15901
5 435 434 7610 15902
5 802 803 8521 15903
5 3305 6094 9675 15904
5 3490 5588 10381 15905
5 2669 6237 8069 15906
5 6246 2737 8067 15907
5 5608 3642 9789 15908
5 6107 8143 10289 15909
5 887 888 11045 15910
5 1529 5633 11135 15911
5 5613 1959 9448 15912
5 548 6544 8480 15913
5 5920 1750 8639 15914
5 3616 5733 9091 15915
5 9107 3687 9508 15916
5 6174 1510 9743 15917
5 8561 4118 9124 15918
5 3126 9300 9673 15919
5 3387 8561 9124 15920
5 6368 2240 8450 15921
5 9300 4719 9673 15922
5 2961 7523 7733 15923
5 2892 6577 10465 15924
5 1193 8762 9556 15925
5 2946 6950 7613 15926
5 6173 2858 8441 15927
5 2416 6365 7909 15928
5 6133 1645 8232 15929
5 5687 2978 9842 15930
5 5616 1789 9023 15931
5 10472 81 10921 15932
5 5976 2425 8487 15933
5 5413 2181 11269 15934
5 1323 6839 8236 15935
5 6971 3064 10842 15936
5 4309 6774 7596 15937
5 6544 3125 8480 15938
5 6381 48 10706 15939
5 482 481 7360 15940
5 1707 6474 8216 15941
5 9286 1425 11080 15942
5 543 542 8331 15943
5 3071 8841 8964 15944
5 1799 6101 8455 15945
5 7251 3016 7280 15946
5 8218 1510 10648 15947
5 853 7243 9287 15948
5 2052 8315 10837 15949
5 5736 3818 10403 15950
5 1773 7998 10016 15951
5 5617 1868 11034 15952
5 3438 5617 11034 15953
5 1673 8021 9720 15954
5 5610 2907 10343 15955
5 18 19 8472 15956
5 1782 7659 10651 15957
5 6523 8127 10841 15958
5 6136 2754 8242 15959
5 5940 45 9078 15960
5 1815 7062 11046 15961
5 546 545 8340 15962
5 7062 4135 11046 15963
5 5905 515 6878 15964
5 2992 7247 7248 15965
5 8287 5145 10205 15966
5 10298 5561 11128 15967
5 8868 4232 9418 15968
5 2931 7715 9617 15969
5 5903 3360 11226 15970
5 3219 5959 9792 15971
5 2378 6589 10264 15972
5 2902 9965 10022 15973
5 8417 1081 10937 15974
5 3353 7355 10206 15975
5 1327 10756 10830 15976
5 3700 6381 10706 15977
5 3701 8401 9484 15978
5 785 786 10041 15979
5 1764 6202 8154 15980
5 6850 3108 8066 15981
5 2851 8095 8244 15982
5 2996 6167 8280 15983
5 7658 2157 9612 15984
5 1102 5351 8731 15985
5 1558 6850 8066 15986
5 7069 3942 8892 15987
5 3853 7091 9245 15988
5 7923 1903 11021 15989
5 7091 1758 9245 15990
5 7148 1374 11074 15991
5 8436 3031 10357 15992
5 3262 6784 8613 15993
5 6784 2228 8613 15994
5 1328 6244 10222 15995
5 6244 3521 10222 15996
5 3131 3287 6391 15997
5 5704 1381 9317 15998
5 6017 339 7014 15999
5 1975 6308 9818 16000
5 262 5715 9260 16001
5 1621 6377 7943 16002
5 3339 5940 9078 16003
5 8203 3860 9745 16004
5 2816 6304 8602 16005
5 9565 3912 10677 16006
5 10369 1855 10722 16007
5 3413 9242 9396 16008
5 7128 1603 7330 16009
5 6654 4051 10306 16010
5 4951 3755 10890 16011
5 3901 8051 9167 16012
5 8051 3436 9167 16013
5 6744 2995 7814 16014
5 1144 6744 7814 16015
5 1150 5728 9226 16016
5 6547 2839 10359 16017
5 4265 10109 10483 16018
5 3606 5898 8694 16019
5 10072 4995 10734 16020
5 6893 2496 9204 16021
5 7339 5843 11209 16022
5 2705 7884 9596 16023
5 3267 6930 8940 16024
5 5839 1097 8879 16025
5 2843 6823 7756 16026
5 5695 1068 10104 16027
5 3199 5675 9473 16028
5 6242 8553 9595 16029
5 6210 1354 8251 16030
5 3265 8490 9671 16031
5 6270 2430 10281 16032
5 5468 2121 10762 16033
5 2828 1942 10960 16034
5 5972 2877 9696 16035
5 8844 1831 9784 16036
5 6156 3234 8248 16037
5 1220 8926 9139 16038
5 3725 7200 10344 16039
5 1342 6180 8932 16040
5 7300 4043 7319 16041
5 6180 3122 8932 16042
5 80 5837 10308 16043
5 6325 1812 8385 16044
5 2810 6641 10015 16045
5 2878 6107 8781 16046
5 5958 1450 8403 16047
5 6210 8251 10481 16048
5 6276 4436 8484 16049
5 3426 5396 10422 16050
5 8725 3555 11001 16051
5 3539 6211 10687 16052
5 6205 2676 8201 16053
5 6520 130 7513 16054
5 7454 2960 7733 16055
5 8053 2988 10934 16056
5 5559 3009 8488 16057
5 7977 1867 9075 16058
5 430 429 7655 16059
5 372 371 7638 16060
5 6157 2477 10265 16061
5 6116 2878 8781 16062
5 4172 1971 10813 16063
5 6235 1516 8150 16064
5 8380 4204 9551 16065
5 6298 1794 8518 16066
5 3040 6298 8518 16067
5 3244 8380 9551 16068
5 7117 2584 11090 16069
5 5814 2269 9853 16070
5 1993 3297 4576 16071
5 2517 5760 9129 16072
5 8077 4060 10115 16073
5 3274 1993 4576 16074
5 3043 6496 9018 16075
5 332 331 8444 16076
5 7064 1705 7671 16077
5 534 6152 8645 16078
5 5896 3597 8739 16079
5 3274 4576 6728 16080
5 1560 5873 9836 16081
5 4156 8319 9523 16082
5 8319 3439 9523 16083
5 6232 3453 10006 16084
5 1221 6232 10006 16085
5 2859 6426 9105 16086
5 7461 3567 10995 16087
5 1598 10298 11128 16088
5 1789 5801 9684 16089
5 2676 6158 8275 16090
5 1462 6201 8359 16091
5 7846 2931 9617 16092
5 6774 2735 7596 16093
5 845 6433 10125 16094
5 6440 1478 10293 16095
5 1657 8137 8412 16096
5 3017 7251 7280 16097
5 2944 7105 7373 16098
5 9141 3536 10473 16099
5 3560 7249 10771 16100
5 8288 4374 9613 16101
5 1020 5527 8437 16102
5 3044 5429 10337 16103
5 2418 6137 9958 16104
5 1369 6387 8537 16105
5 3634 5607 9727 16106
5 5779 1737 8741 16107
5 931 932 8413 16108
5 5863 1059 10100 16109
5 5788 615 9080 16110
5 5642 2617 6780 16111
5 3230 8288 9613 16112
5 6831 1586 7579 16113
5 5907 2429 7394 16114
5 2278 5574 10860 16115
5 7055 2688 8497 16116
5 3809 8681 10964 16117
5 3056 6015 9507 16118
5 3334 7190 9095 16119
5 1604 6641 10659 16120
5 6675 2045 10255 16121
5 1488 8805 9358 16122
5 9691 3200 9930 16123
5 3854 8447 10098 16124
5 5888 3035 8806 16125
5 6783 1039 8929 16126
5 2731 6058 9328 16127
5 3354 6783 8929 16128
5 5630 3152 7763 16129
5 2522 6257 8151 16130
5 3347 9371 10661 16131
5 2639 5631 10484 16132
5 4668 9053 9639 16133
5 5824 301 10055 16134
5 1168 5664 10785 16135
5 3573 5647 11031 16136
5 4793 2587 6878 16137
5 5870 2947 10927 16138
5 6188 2817 7253 16139
5 6686 2996 8235 16140
5 4894 9428 9943 16141
5 9428 3299 9943 16142
5 8590 3485 11311 16143
5 5634 3953 10442 16144
5 7714 2962 9306 16145
5 6057 3638 7572 16146
5 4203 6660 7719 16147
5 2613 7027 8888 16148
5 4081 6397 9920 16149
5 1421 5761 9201 16150
5 7307 2736 9165 16151
5 9334 4139 9472 16152
5 7460 2800 7462 16153
5 3470 7460 7462 16154
5 1159 9953 11245 16155
5 10024 5039 11120 16156
5 2218 5417 11048 16157
5 9581 6675 10255 16158
5 5926 2909 9417 16159
5 3367 6992 8723 16160
5 3493 9192 9563 16161
5 5662 3133 10420 16162
5 6992 1467 8723 16163
5 1670 5654 10004 16164
5 6137 1062 11072 16165
5 1508 7077 7617 16166
5 861 862 8479 16167
5 9838 3691 10227 16168
5 5809 453 7582 16169
5 888 6734 11045 16170
5 3012 5729 6844 16171
5 5719 2431 10738 16172
5 8002 2551 8689 16173
5 2479 5727 9431 16174
5 5476 3608 9177 16175
5 7052 3804 9048 16176
5 8824 4257 10798 16177
5 4076 5685 9703 16178
5 342 6021 7034 16179
5 682 683 8615 16180
5 4610 6046 9246 16181
5 6046 3785 9246 16182
5 454 5809 7421 16183
5 2400 6446 8171 16184
5 6446 3199 8171 16185
5 1752 8700 11184 16186
5 3037 7666 8104 16187
5 524 523 8719 16188
5 3173 8156 8487 16189
5 7437 2719 8783 16190
5 5626 2898 5863 16191
5 4172 5245 9819 16192
5 5916 517 9434 16193
5 6989 1206 7611 16194
5 2216 5757 10567 16195
5 4576 3297 6737 16196
5 5584 7488 10335 16197
5 1554 6264 9363 16198
5 516 5905 9434 16199
5 4043 7300 10543 16200
5 1332 5208 8191 16201
5 549 548 8480 16202
5 2771 5678 11194 16203
5 7300 1797 10543 16204
5 2830 6261 8195 16205
5 6444 2311 11182 16206
5 1540 6007 9667 16207
5 3593 8744 9181 16208
5 6671 2872 8872 16209
5 7538 2973 8285 16210
5 1115 6436 11003 16211
5 6051 751 8522 16212
5 2633 7300 7319 16213
5 535 534 8645 16214
5 374 373 7633 16215
5 537 536 8544 16216
5 3732 7703 8301 16217
5 5821 2966 11028 16218
5 3056 6342 9607 16219
5 1077 6748 9028 16220
5 3540 8249 10397 16221
5 4350 7491 9211 16222
5 7475 3713 8929 16223
5 6748 3357 9028 16224
5 1039 7475 8929 16225
5 5675 3199 11105 16226
5 2640 7126 7313 16227
5 6546 1599 6791 16228
5 8983 6733 11116 16229
5 5914 3051 8820 16230
5 6396 93 10241 16231
5 5867 2230 10296 16232
5 3297 4442 6595 16233
5 3420 6831 7579 16234
5 7176 2868 10900 16235
5 2766 6110 8466 16236
5 4178 7117 11090 16237
5 2868 10590 10900 16238
5 1749 5666 9985 16239
5 3641 5854 9001 16240
5 6236 3030 8744 16241
5 7778 2551 8002 16242
5 5657 3487 11313 16243
5 2762 7603 9515 16244
5 5999 3168 8672 16245
5 6032 1041 8969 16246
5 3053 6032 8969 16247
5 5724 2036 9604 16248
5 789 5999 8672 16249
5 4029 7515 10570 16250
5 3287 3121 6403 16251
5 91 6461 10672 16252
5 6159 3407 8489 16253
5 5864 1739 11243 16254
5 3121 3303 6349 16255
5 6204 3056 9607 16256
5 3340 7892 8412 16257
5 1865 6578 9706 16258
5 6789 2891 8484 16259
5 9844 3450 9979 16260
5 1499 6237 8257 16261
5 6638 2485 10828 16262
5 7084 2960 7454 16263
5 7439 3768 8094 16264
5 5703 1584 11084 16265
5 3739 5722 9579 16266
5 6781 3905 9686 16267
5 1509 5867 8949 16268
5 4384 5499 9441 16269
5 2026 5519 8940 16270
5 2034 7884 10714 16271
5 4253 8989 9086 16272
5 2185 8638 10345 16273
5 7531 2747 10345 16274
5 2927 6186 10599 16275
5 5646 370 7139 16276
5 2540 6091 10961 16277
5 3569 6396 10241 16278
5 4529 6295 9321 16279
5 2837 7180 10067 16280
5 6152 533 11223 16281
5 6810 4246 8951 16282
5 3049 7221 7491 16283
5 8565 2191 11208 16284
5 9971 1046 10011 16285
5 2465 5662 10420 16286
5 1122 5682 7601 16287
5 3617 9587 11196 16288
5 6461 3692 10672 16289
5 5913 3243 8874 16290
5 6620 3353 10206 16291
5 5769 1597 10444 16292
5 1833 6680 9329 16293
5 6831 3420 7773 16294
5 3313 5769 10444 16295
5 7515 1660 10570 16296
5 3333 8355 8483 16297
5 6117 529 10765 16298
5 1594 2770 7914 16299
5 1151 6187 8020 16300
5 3016 7955 9100 16301
5 3037 6190 7666 16302
5 329 6177 6909 16303
5 7438 3429 8471 16304
5 3579 5864 11243 16305
5 1220 7438 8471 16306
5 2887 5919 8438 16307
5 1257 10118 11172 16308
5 3178 7375 9865 16309
5 3485 10315 11311 16310
5 3468 4935 10585 16311
5 4326 5739 9535 16312
5 3646 6732 10899 16313
5 4958 7681 7911 16314
5 1163 6353 8924 16315
5 177 176 9505 16316
5 5706 1586 8549 16317
5 9048 3804 10147 16318
5 6281 2917 8547 16319
5 2894 6474 8391 16320
5 6014 1049 9244 16321
5 819 820 8573 16322
5 8989 3045 9086 16323
5 532 6154 11223 16324
5 2644 4942 7034 16325
5 6395 2857 11137 16326
5 310 309 11230 16327
5 2546 7197 11167 16328
5 6034 3975 10897 16329
5 2718 6711 7729 16330
5 1558 5676 10832 16331
5 1903 3939 11021 16332
5 3404 8252 9435 16333
5 5429 3505 10711 16334
5 3846 8372 9424 16335
5 1731 6949 7711 16336
5 3654 9168 9362 16337
5 8260 4419 10348 16338
5 3593 9181 10056 16339
5 8095 3731 8244 16340
5 3674 8136 9241 16341
5 1671 7439 8094 16342
5 5950 2985 8813 16343
5 2757 8469 9509 16344
5 8336 3559 8719 16345
5 6815 2813 7677 16346
5 3521 6244 10693 16347
5 7197 4202 11167 16348
5 7205 2683 7880 16349
5 9152 1729 10894 16350
5 8064 4130 8797 16351
5 3504 9162 10494 16352
5 3666 6894 11099 16353
5 376 375 7699 16354
5 7998 3586 10016 16355
5 6031 3386 10298 16356
5 6435 3005 9209 16357
5 6036 2959 8797 16358
5 5676 3197 10832 16359
5 3702 6575 10225 16360
5 6477 1828 9330 16361
5 2952 6150 7638 16362
5 473 5883 7322 16363
5 1598 6031 10298 16364
5 3686 9446 10831 16365
5 5698 2254 10034 16366
5 3871 5695 10274 16367
5 6201 2888 8359 16368
5 6107 2879 10353 16369
5 216 215 9517 16370
5 3397 6212 11302 16371
5 2993 6798 7825 16372
5 6798 2094 7825 16373
5 8242 1770 9598 16374
5 7214 4737 10128 16375
5 2346 5367 9510 16376
5 4872 8273 11279 16377
5 7369 3030 7496 16378
5 4084 8262 9498 16379
5 8262 1963 9498 16380
5 6584 4205 10938 16381
5 6710 3451 8283 16382
5 3934 6716 9359 16383
5 7351 4819 9074 16384
5 6025 2900 10120 16385
5 6132 2535 8429 16386
5 1165 5697 11109 16387
5 1834 6635 10717 16388
5 7455 3292 7741 16389
5 6635 3781 10717 16390
5 5441 7042 9719 16391
5 6950 1641 7613 16392
5 6092 1373 10806 16393
5 3628 8656 11003 16394
5 3004 5757 9539 16395
5 9054 3822 10708 16396
5 6571 2934 9568 16397
5 2917 6269 8547 16398
5 462 461 7517 16399
5 4112 6500 8905 16400
5 5686 1210 10557 16401
5 6095 1823 8678 16402
5 2977 6095 8678 16403
5 5883 472 7323 16404
5 5245 4243 9798 16405
5 6211 1630 10059 16406
5 7221 1614 7491 16407
5 340 6017 9543 16408
5 3484 6074 10641 16409
5 7077 3078 7617 16410
5 1950 7450 10533 16411
5 6490 1136 10956 16412
5 1851 7146 9686 16413
5 7146 3699 9686 16414
5 2740 5976 8814 16415
5 4709 9102 10052 16416
5 453 452 7582 16417
5 1552 7455 7741 16418
5 9102 1923 10052 16419
5 9997 3531 10578 16420
5 6380 2476 9153 16421
5 333 332 8812 16422
5 6465 1631 8803 16423
5 2750 6572 7963 16424
5 4652 6469 8188 16425
5 3017 7346 8329 16426
5 7346 3326 8329 16427
5 5869 448 7628 16428
5 449 5869 7470 16429
5 3317 7129 9837 16430
5 3939 1903 11156 16431
5 1043 6561 7864 16432
5 2168 5711 11163 16433
5 2257 6525 9688 16434
5 3432 6211 10059 16435
5 6525 3453 9688 16436
5 1653 6027 10809 16437
5 2063 3580 10275 16438
5 6160 1463 7919 16439
5 5697 3388 11109 16440
5 5537 1521 8669 16441
5 4633 7567 11059 16442
5 4009 6444 11182 16443
5 425 424 7762 16444
5 799 800 8634 16445
5 740 741 8635 16446
5 6258 2964 10224 16447
5 6393 2856 8241 16448
5 3005 6494 9209 16449
5 4997 1483 8823 16450
5 3505 5758 10711 16451
5 8503 1703 8880 16452
5 5074 3293 10078 16453
5 1937 8768 10097 16454
5 2961 6989 7611 16455
5 7343 1265 10908 16456
5 2401 4792 7068 16457
5 4713 6014 9244 16458
5 4165 7343 10908 16459
5 5744 1433 9754 16460
5 2880 6503 8835 16461
5 458 457 7518 16462
5 3000 7741 7836 16463
5 5646 2952 7638 16464
5 8994 4229 11296 16465
5 4260 8024 11300 16466
5 1035 6236 8744 16467
5 1079 5755 9671 16468
5 6021 341 9543 16469
5 6326 1230 9762 16470
5 1203 8004 10542 16471
5 7696 2632 9353 16472
5 2660 7171 11125 16473
5 7350 1779 10561 16474
5 4045 7350 10561 16475
5 1159 4533 7401 16476
5 1012 1013 10499 16477
5 3162 7523 7611 16478
5 7523 2961 7611 16479
5 1868 5723 11034 16480
5 5723 3438 11034 16481
5 3979 6073 8641 16482
5 7741 3292 7836 16483
5 2745 6670 9260 16484
5 8215 5001 10183 16485
5 7260 578 9630 16486
5 3556 8425 9320 16487
5 3759 7243 8849 16488
5 5929 3053 8969 16489
5 378 377 7753 16490
5 3453 6525 10038 16491
5 4776 2401 7068 16492
5 7826 1780 8446 16493
5 3534 7826 8446 16494
5 6757 4235 7810 16495
5 423 422 7761 16496
5 6059 2993 8903 16497
5 788 789 8672 16498
5 6500 2737 8905 16499
5 7540 4633 11022 16500
5 3114 8747 10836 16501
5 577 7260 9627 16502
5 7872 56 11252 16503
5 7287 1631 7837 16504
5 3089 5777 10244 16505
5 8605 3926 9095 16506
5 2392 7542 7773 16507
5 6911 4596 9099 16508
5 5893 6510 10568 16509
5 5630 1540 9667 16510
5 9512 5132 10575 16511
5 3151 9512 10575 16512
5 3639 5716 10834 16513
5 6642 1497 8541 16514
5 3666 5891 9156 16515
5 6282 7968 11154 16516
5 1668 6618 10341 16517
5 2762 6808 7961 16518
5 5752 1632 9901 16519
5 1526 6389 8231 16520
5 7782 2436 11165 16521
5 6643 4224 11049 16522
5 2959 5964 8926 16523
5 5695 4150 10274 16524
5 4231 7430 7999 16525
5 5843 1131 11209 16526
5 5203 8065 11175 16527
5 1052 8676 11139 16528
5 7910 3797 9136 16529
5 6611 3465 9656 16530
5 1562 7910 9136 16531
5 1819 6611 9656 16532
5 3605 6436 10468 16533
5 4245 8845 9301 16534
5 8845 3144 9301 16535
5 1472 6453 8179 16536
5 609 610 9466 16537
5 2673 6449 9619 16538
5 6449 1897 9619 16539
5 3217 6831 7773 16540
5 448 447 7628 16541
5 2917 6281 10866 16542
5 3043 5719 10738 16543
5 2162 5599 10593 16544
5 3644 9213 9400 16545
5 1788 6590 9296 16546
5 371 5646 7638 16547
5 283 282 9243 16548
5 6339 2772 6996 16549
5 7144 568 10192 16550
5 4408 6699 9677 16551
5 5846 2356 9369 16552
5 5723 3649 10571 16553
5 567 7144 10190 16554
5 5732 3311 10260 16555
5 6174 3103 9047 16556
5 1510 6174 9047 16557
5 6684 345 7093 16558
5 6953 3764 10216 16559
5 1832 6953 10216 16560
5 6964 3194 8073 16561
5 3904 5726 10829 16562
5 6226 2922 8804 16563
5 7081 4480 9997 16564
5 251 250 9812 16565
5 563 7149 10200 16566
5 217 216 9108 16567
5 5842 3377 10413 16568
5 3615 6347 10620 16569
5 5933 3717 10317 16570
5 6347 2442 10620 16571
5 7149 564 10198 16572
5 2607 7352 9161 16573
5 2962 7424 8655 16574
5 2138 9376 9377 16575
5 3418 5731 10901 16576
5 6644 5748 11043 16577
5 189 6969 8506 16578
5 6523 2765 8127 16579
5 3192 7571 8181 16580
5 7511 3598 8954 16581
5 7571 3332 8181 16582
5 8130 3554 9131 16583
5 717 7511 8954 16584
5 6469 2313 8188 16585
5 285 7785 10519 16586
5 210 209 8745 16587
5 5756 1301 10925 16588
5 2775 6425 9501 16589
5 6837 2955 8031 16590
5 3576 8828 10156 16591
5 2864 6583 7010 16592
5 1809 5975 9189 16593
5 5734 1064 10407 16594
5 1523 6413 9003 16595
5 1450 5814 8403 16596
5 6078 251 9812 16597
5 2283 5788 11239 16598
5 2190 5734 10408 16599
5 162 161 8965 16600
5 6397 593 9920 16601
5 4735 6919 9815 16602
5 6859 3872 8545 16603
5 6840 2351 8240 16604
5 5344 3549 11063 16605
5 1248 6915 9422 16606
5 6255 2955 8440 16607
5 5971 1495 8999 16608
5 421 420 7824 16609
5 7432 2963 9143 16610
5 6308 1049 9807 16611
5 4026 8738 10687 16612
5 1249 6425 10977 16613
5 9456 4216 11298 16614
5 265 5850 9460 16615
5 6240 3437 9585 16616
5 6824 2969 9400 16617
5 6793 5244 9014 16618
5 6170 2638 10719 16619
5 3556 6170 10719 16620
5 3773 7944 9083 16621
5 6190 2996 8280 16622
5 7944 1841 9083 16623
5 5837 80 10472 16624
5 7776 2989 8615 16625
5 10512 3672 10860 16626
5 2423 6516 9163 16627
5 9929 1390 10518 16628
5 2038 4387 5384 16629
5 7872 3018 8933 16630
5 443 442 7661 16631
5 5265 9929 10518 16632
5 5904 443 7661 16633
5 380 379 7828 16634
5 4598 8186 10315 16635
5 8186 1390 10315 16636
5 6433 3570 10125 16637
5 6748 2779 7915 16638
5 79 80 10308 16639
5 2516 6997 10528 16640
5 782 783 10635 16641
5 1759 7089 8906 16642
5 1301 5756 10623 16643
5 5756 3318 10623 16644
5 9513 3467 10383 16645
5 444 5904 7510 16646
5 5849 2490 9639 16647
5 1626 6352 10114 16648
5 641 6240 9585 16649
5 2790 7479 8284 16650
5 3920 6762 7895 16651
5 419 418 7821 16652
5 3289 7806 7825 16653
5 7806 2993 7825 16654
5 3628 6436 9978 16655
5 1773 5798 9355 16656
5 6967 5523 10956 16657
5 348 347 8740 16658
5 5839 2271 9589 16659
5 5747 2403 9753 16660
5 1236 5935 9907 16661
5 5978 1552 9880 16662
5 1697 6393 8241 16663
5 8759 3887 9504 16664
5 2819 5812 9763 16665
5 6324 1827 10077 16666
5 3669 9795 11030 16667
5 7236 5444 8144 16668
5 3452 6324 10077 16669
5 5478 1709 10228 16670
5 5988 2943 10310 16671
5 7230 4506 9482 16672
5 6346 1527 8372 16673
5 3506 5841 11207 16674
5 5774 2272 11274 16675
5 7085 5031 9904 16676
5 9923 279 10151 16677
5 2949 7586 8102 16678
5 6158 2691 8628 16679
5 417 416 7833 16680
5 3802 7562 9893 16681
5 6599 3284 10336 16682
5 5160 1293 9794 16683
5 6658 5414 11249 16684
5 3658 7079 10441 16685
5 7864 2185 10345 16686
5 2319 5878 10660 16687
5 3602 9931 10720 16688
5 8423 1112 8673 16689
5 2364 6043 9037 16690
5 7321 3929 9429 16691
5 2485 6713 10828 16692
5 6043 3025 9037 16693
5 384 383 7813 16694
5 2311 6444 8659 16695
5 5789 3557 9803 16696
5 1141 6877 10528 16697
5 3896 6356 8366 16698
5 2951 7584 9522 16699
5 5941 3149 9611 16700
5 5238 9593 9802 16701
5 1232 5941 9611 16702
5 5757 3004 10567 16703
5 1735 11257 11260 16704
5 6962 3091 10373 16705
5 2935 6123 9102 16706
5 8457 4455 10376 16707
5 2184 8457 10376 16708
5 7605 1803 8796 16709
5 1101 6724 8534 16710
5 3555 7605 8796 16711
5 2503 5318 9524 16712
5 3764 6953 9527 16713
5 6332 1206 8862 16714
5 7739 931 8413 16715
5 2403 6188 9753 16716
5 2958 6346 8372 16717
5 7171 4072 11125 16718
5 5770 1098 10334 16719
5 3469 7002 9774 16720
5 8058 3620 9827 16721
5 7138 2892 10465 16722
5 3237 5978 9880 16723
5 5860 1076 9577 16724
5 5777 2186 10244 16725
5 6904 1362 7701 16726
5 2009 8136 8681 16727
5 1798 5717 10919 16728
5 8136 3674 8681 16729
5 5700 2251 11241 16730
5 6946 2882 11308 16731
5 6416 2496 8373 16732
5 3125 6544 10838 16733
5 1013 1014 11268 16734
5 6032 2315 8964 16735
5 9059 3906 9796 16736
5 6266 3620 8433 16737
5 3186 6161 10593 16738
5 3198 5931 10095 16739
5 981 5828 9332 16740
5 1583 5266 10616 16741
5 6107 1761 8781 16742
5 7013 2521 8166 16743
5 7435 3670 9910 16744
5 5825 2981 8449 16745
5 854 855 8849 16746
5 3342 8282 10845 16747
5 6504 4908 11208 16748
5 1728 7592 8916 16749
5 5105 6512 9883 16750
5 654 655 8907 16751
5 6961 1710 8918 16752
5 8902 1860 10106 16753
5 1186 6722 8019 16754
5 3940 6961 8918 16755
5 3902 7013 8166 16756
5 2191 6504 11208 16757
5 438 437 7705 16758
5 1599 6546 10295 16759
5 558 559 10280 16760
5 662 663 9634 16761
5 6627 4136 8333 16762
5 6670 263 9260 16763
5 6242 2169 8553 16764
5 5992 922 8811 16765
5 1306 6194 11132 16766
5 5735 3525 9810 16767
5 2186 5777 11098 16768
5 1212 5579 10415 16769
5 579 6489 9630 16770
5 382 381 7876 16771
5 10691 3778 11085 16772
5 1081 5903 11226 16773
5 5785 2568 10319 16774
5 148 147 10131 16775
5 278 5880 10151 16776
5 6269 1797 8547 16777
5 1355 6018 9405 16778
5 1166 6876 9170 16779
5 4549 8481 10018 16780
5 6983 2900 9648 16781
5 7653 2832 10975 16782
5 5975 2975 9189 16783
5 9173 1328 11183 16784
5 5156 9173 11183 16785
5 522 521 8910 16786
5 6177 328 10679 16787
5 6739 3036 8994 16788
5 2351 6840 9120 16789
5 3148 6708 10963 16790
5 2637 5650 11292 16791
5 3966 5783 10563 16792
5 6867 2346 9510 16793
5 773 774 10040 16794
5 6763 3577 8179 16795
5 9137 6094 10050 16796
5 1076 5860 9849 16797
5 2673 5968 9198 16798
5 308 307 9252 16799
5 8068 3669 11030 16800
5 8769 1996 9602 16801
5 4300 8769 9602 16802
5 2740 6024 9049 16803
5 5957 1072 9227 16804
5 8199 2550 10522 16805
5 2408 6023 10425 16806
5 4813 6101 9092 16807
5 2418 5780 10868 16808
5 6245 2366 11052 16809
5 4407 7170 9253 16810
5 8922 3905 10746 16811
5 6017 2641 11021 16812
5 1318 7936 8180 16813
5 7842 4674 10449 16814
5 3171 6176 9349 16815
5 7936 3440 8180 16816
5 6176 1807 9349 16817
5 6876 3403 9170 16818
5 1543 5807 9674 16819
5 1254 5750 10422 16820
5 2476 6772 9153 16821
5 1329 10288 11300 16822
5 4126 3334 9738 16823
5 7130 1774 10024 16824
5 708 709 8941 16825
5 1160 6062 10515 16826
5 6468 2946 8387 16827
5 3446 6028 10635 16828
5 6028 782 10635 16829
5 6001 980 9332 16830
5 4099 5231 10968 16831
5 8630 1606 8675 16832
5 5785 1625 10858 16833
5 7955 3677 9100 16834
5 6458 2965 8338 16835
5 5794 2209 10853 16836
5 4068 5837 10472 16837
5 6247 3475 10947 16838
5 716 717 8954 16839
5 6472 4959 9712 16840
5 4286 7233 10688 16841
5 5184 3456 10162 16842
5 6269 2917 8503 16843
5 1981 6579 8399 16844
5 6579 3032 8399 16845
5 6337 1272 9395 16846
5 2693 5885 11240 16847
5 3142 5846 10303 16848
5 1410 5791 10676 16849
5 7748 3053 8899 16850
5 2985 6453 10486 16851
5 1307 8203 9745 16852
5 2183 5901 8691 16853
5 7654 2637 10981 16854
5 2565 5792 10920 16855
5 3434 8184 9927 16856
5 1875 7380 8571 16857
5 3482 7080 10385 16858
5 6344 2880 8475 16859
5 6499 1471 8306 16860
5 7380 3380 8571 16861
5 3132 8860 9155 16862
5 1737 5472 7972 16863
5 5805 3253 9807 16864
5 3001 8151 8310 16865
5 433 432 7746 16866
5 3244 6946 8637 16867
5 6946 1534 8637 16868
5 9525 3012 10797 16869
5 2967 6147 11091 16870
5 3900 5687 9665 16871
5 301 300 10055 16872
5 1423 7336 7597 16873
5 3016 7251 7955 16874
5 6291 1369 8537 16875
5 365 364 7700 16876
5 5974 1894 9238 16877
5 6169 1817 10316 16878
5 7927 3905 8922 16879
5 5835 2238 10865 16880
5 5841 2357 11207 16881
5 6116 8781 9887 16882
5 5594 3115 8439 16883
5 6831 3217 8549 16884
5 408 407 7935 16885
5 5872 772 9775 16886
5 349 348 9107 16887
5 2662 6011 9280 16888
5 5691 3595 10230 16889
5 1516 5926 9417 16890
5 1595 2788 8172 16891
5 1278 7072 8655 16892
5 7072 3431 8655 16893
5 2246 5832 10096 16894
5 3201 6195 8698 16895
5 5941 3166 10163 16896
5 5062 7314 10094 16897
5 4100 6686 8235 16898
5 3963 6765 8367 16899
5 7238 3727 10619 16900
5 8464 2994 10247 16901
5 4314 6342 10541 16902
5 1728 8916 10056 16903
5 4243 5384 10019 16904
5 1138 5808 10741 16905
5 3507 6066 10787 16906
5 6358 3502 8158 16907
5 336 6339 6996 16908
5 2748 5849 9639 16909
5 1496 6029 9747 16910
5 3407 6152 8489 16911
5 7871 1839 10248 16912
5 2551 4764 6285 16913
5 1200 9221 9343 16914
5 791 792 9020 16915
5 8469 5529 9509 16916
5 5967 438 7705 16917
5 6239 1157 9898 16918
5 439 5967 7564 16919
5 406 405 7933 16920
5 3075 7435 9910 16921
5 675 676 9478 16922
5 1347 9092 9241 16923
5 5881 1741 9110 16924
5 469 468 9237 16925
5 5852 3392 10841 16926
5 2089 5852 10841 16927
5 6151 1783 8828 16928
5 9367 3435 9713 16929
5 6883 1492 10261 16930
5 8245 1438 8271 16931
5 3519 10072 10734 16932
5 6353 4725 8924 16933
5 7243 3815 9287 16934
5 7024 2201 10516 16935
5 346 6684 9302 16936
5 5353 3250 9183 16937
5 168 167 9041 16938
5 2585 3057 9664 16939
5 5822 1351 11050 16940
5 7985 1198 10374 16941
5 2466 6676 8614 16942
5 6015 1026 9507 16943
5 3039 6002 9442 16944
5 1757 5936 9446 16945
5 1658 7251 8329 16946
5 2354 5928 6241 16947
5 6444 3943 8659 16948
5 3067 7343 9304 16949
5 6413 2540 10961 16950
5 7806 1205 8903 16951
5 2197 5873 10901 16952
5 5873 3418 10901 16953
5 6210 2466 8614 16954
5 9652 3959 11069 16955
5 9030 1575 9056 16956
5 6639 3508 8216 16957
5 4163 9030 9056 16958
5 1753 7496 8071 16959
5 5186 7331 10835 16960
5 6474 1707 8391 16961
5 6523 1643 8341 16962
5 8101 1745 8415 16963
5 8380 3244 8637 16964
5 3095 6504 11087 16965
5 4333 9169 9322 16966
5 9169 3083 9322 16967
5 3290 5825 9127 16968
5 7280 1657 8412 16969
5 1657 7454 7733 16970
5 6012 2218 11048 16971
5 2393 5817 10852 16972
5 1496 7060 9516 16973
5 45 46 9078 16974
5 3557 5789 10664 16975
5 5077 10230 11157 16976
5 2224 5821 11028 16977
5 1288 5691 10906 16978
5 6468 1263 8783 16979
5 5682 1122 9314 16980
5 1624 6837 8031 16981
5 2325 5823 11058 16982
5 8854 1519 8955 16983
5 3355 9372 10555 16984
5 331 330 8978 16985
5 3007 8390 9405 16986
5 1962 7213 9176 16987
5 404 403 7969 16988
5 3372 5850 10215 16989
5 3461 6267 10369 16990
5 150 149 9112 16991
5 1141 6911 9099 16992
5 3724 5835 11220 16993
5 6195 1423 9295 16994
5 6316 1514 8589 16995
5 144 143 10866 16996
5 2821 6087 9042 16997
5 10261 1492 11153 16998
5 6366 1939 8543 16999
5 1800 1439 7695 17000
5 2890 5944 9491 17001
5 10583 4626 11072 17002
5 206 205 9412 17003
5 1601 5833 10554 17004
5 6122 3079 9802 17005
5 7079 1896 10755 17006
5 402 401 7965 17007
5 3914 7079 10755 17008
5 5846 1608 10303 17009
5 5930 2285 9569 17010
5 109 108 10057 17011
5 1177 7570 9334 17012
5 6968 1588 7912 17013
5 7570 3680 9334 17014
5 161 6213 8965 17015
5 400 399 7966 17016
5 7995 3148 8620 17017
5 3595 5691 9062 17018
5 7573 3719 7606 17019
5 1968 6159 7940 17020
5 3621 6685 8306 17021
5 6676 3134 8614 17022
5 94 6598 10241 17023
5 6578 2663 9706 17024
5 7622 4372 8714 17025
5 127 126 9420 17026
5 3423 8657 8918 17027
5 6267 1855 10369 17028
5 8657 3940 8918 17029
5 5905 2587 10944 17030
5 5954 3212 9982 17031
5 1624 5954 9982 17032
5 3273 8567 9533 17033
5 398 397 7996 17034
5 8567 4149 9533 17035
5 7046 2656 8548 17036
5 6613 1305 9622 17037
5 3038 7192 7838 17038
5 8884 2306 9357 17039
5 7217 3008 8292 17040
5 1692 7432 9143 17041
5 5711 2168 10450 17042
5 4217 8884 9357 17043
5 3175 6092 10806 17044
5 1688 7211 11104 17045
5 7523 1657 7733 17046
5 6225 3020 8868 17047
5 5530 3399 10581 17048
5 3616 9091 10363 17049
5 1695 7256 10022 17050
5 672 673 9145 17051
5 1542 7759 8838 17052
5 1766 6485 8739 17053
5 1935 6011 9705 17054
5 6719 3996 8474 17055
5 8061 3994 10991 17056
5 1843 8950 10824 17057
5 3969 5879 9785 17058
5 1136 6490 8909 17059
5 4036 8979 9897 17060
5 2423 7835 11186 17061
5 6598 3569 10241 17062
5 772 773 9775 17063
5 1793 6225 8868 17064
5 2366 6245 10065 17065
5 6471 2635 10179 17066
5 1635 9219 10564 17067
5 1404 5844 10898 17068
5 2822 5914 10604 17069
5 3460 6251 8223 17070
5 3880 5844 10902 17071
5 7087 711 10313 17072
5 3165 5899 9907 17073
5 6686 133 10204 17074
5 1184 6226 8804 17075
5 3947 7266 8047 17076
5 7266 2915 8047 17077
5 6705 2723 8718 17078
5 3813 6628 8947 17079
5 3842 6706 11110 17080
5 6706 2606 11110 17081
5 8165 2043 10794 17082
5 4406 8165 10794 17083
5 7441 3321 9118 17084
5 6856 2633 9803 17085
5 3859 6092 10439 17086
5 9126 76 10607 17087
5 4346 2138 5583 17088
5 3610 7165 10300 17089
5 8180 3440 9247 17090
5 6333 333 8812 17091
5 3076 11135 11179 17092
5 6005 433 7746 17093
5 5606 1975 9818 17094
5 8574 1353 8607 17095
5 3777 8574 8607 17096
5 6822 1362 6904 17097
5 7043 1826 11032 17098
5 3679 7575 9345 17099
5 6101 3674 9092 17100
5 6370 4335 9381 17101
5 2643 5851 10784 17102
5 7190 1490 9095 17103
5 978 979 10232 17104
5 3392 5852 10843 17105
5 6879 1715 10343 17106
5 7003 3411 9989 17107
5 6930 2026 8940 17108
5 1580 7447 9869 17109
5 7447 3798 9869 17110
5 2475 5924 9790 17111
5 434 6005 7610 17112
5 867 868 9116 17113
5 1563 6745 8196 17114
5 2569 5923 9939 17115
5 2520 5855 10930 17116
5 6002 2295 9442 17117
5 6460 1718 8599 17118
5 8087 2951 9522 17119
5 3007 6018 9461 17120
5 3557 6856 9803 17121
5 2575 6923 11116 17122
5 726 6905 11229 17123
5 932 8093 8413 17124
5 428 427 7779 17125
5 4747 9923 10151 17126
5 2776 7573 7606 17127
5 6742 4727 9469 17128
5 6202 3137 8900 17129
5 6569 2789 8374 17130
5 991 9236 10580 17131
5 728 729 9231 17132
5 6292 2012 10548 17133
5 6385 2449 8596 17134
5 280 279 9923 17135
5 2380 5954 9640 17136
5 7565 2837 8720 17137
5 2304 7601 9509 17138
5 3090 6654 9111 17139
5 8758 3950 9707 17140
5 740 8635 11235 17141
5 9786 3606 10263 17142
5 3836 5579 10112 17143
5 5872 3430 10500 17144
5 5758 2147 10711 17145
5 3552 5880 10238 17146
5 2688 6467 8632 17147
5 1305 6613 9844 17148
5 1559 5116 10282 17149
5 5893 2321 10158 17150
5 6564 1467 9499 17151
5 989 3837 8934 17152
5 312 6039 11042 17153
5 5583 3900 10032 17154
5 7756 1576 9591 17155
5 8169 3672 10512 17156
5 1723 6204 9607 17157
5 6652 2886 8302 17158
5 7648 1171 8421 17159
5 8768 4901 11226 17160
5 2461 6075 10367 17161
5 4463 8565 11208 17162
5 3023 6460 8599 17163
5 6532 1356 9703 17164
5 3196 6337 9395 17165
5 1177 9334 9472 17166
5 3231 8111 8810 17167
5 6039 4507 11042 17168
5 8111 3663 8810 17169
5 2781 6232 8863 17170
5 6373 3060 9532 17171
5 9977 3823 11123 17172
5 63 6977 10899 17173
5 6033 1503 9382 17174
5 2883 6991 8008 17175
5 2842 6600 8395 17176
5 2449 6410 8596 17177
5 4190 7416 10851 17178
5 7416 1075 10851 17179
5 6165 4462 10060 17180
5 6410 3014 8596 17181
5 630 5985 9559 17182
5 245 244 9299 17183
5 6245 1839 10065 17184
5 1818 8712 10871 17185
5 8963 3560 10771 17186
5 10186 2243 10788 17187
5 6983 5387 11278 17188
5 5427 10186 10788 17189
5 1780 5911 10042 17190
5 2331 6415 8682 17191
5 2841 6291 8537 17192
5 6574 2863 8754 17193
5 5384 4387 9990 17194
5 6613 3450 9844 17195
5 158 157 9309 17196
5 6789 3207 8619 17197
5 9 10 10021 17198
5 6272 1615 9956 17199
5 4605 6807 10446 17200
5 5935 3827 9859 17201
5 3246 6268 9918 17202
5 835 836 9305 17203
5 2644 6021 11156 17204
5 3690 5962 9718 17205
5 6470 2700 10421 17206
5 6596 3123 8289 17207
5 3282 5953 9783 17208
5 2962 7413 9879 17209
5 1041 8291 8806 17210
5 2919 5386 10685 17211
5 1517 6214 11215 17212
5 9219 4768 10564 17213
5 6412 2630 10314 17214
5 1548 6231 8453 17215
5 3617 6194 9390 17216
5 871 872 9186 17217
5 7424 2962 9879 17218
5 3261 5314 9731 17219
5 1129 5972 9696 17220
5 477 476 9383 17221
5 3143 6485 9009 17222
5 6485 1766 9009 17223
5 8517 3799 8746 17224
5 1208 8517 8746 17225
5 6141 1727 9691 17226
5 3687 1969 8726 17227
5 2882 7396 11308 17228
5 2499 6323 9683 17229
5 5167 1291 9573 17230
5 396 395 8097 17231
5 3273 6086 9275 17232
5 6400 1346 8939 17233
5 6591 4650 9432 17234
5 6989 2973 8862 17235
5 5912 3449 10150 17236
5 6044 3151 10575 17237
5 569 6689 10192 17238
5 1637 10673 11025 17239
5 6997 3792 10528 17240
5 3345 6293 10205 17241
5 7191 4386 9705 17242
5 6227 1337 9998 17243
5 4267 6242 9700 17244
5 1450 5958 9313 17245
5 7135 2283 8559 17246
5 4215 7135 8559 17247
5 2477 6157 10305 17248
5 7134 2746 7983 17249
5 2086 6344 10331 17250
5 7750 2362 8294 17251
5 4734 5893 10568 17252
5 6344 3464 10331 17253
5 305 304 9368 17254
5 3000 7836 10763 17255
5 6113 2461 10367 17256
5 8465 4089 9487 17257
5 6664 1955 8390 17258
5 5926 1516 10063 17259
5 4241 6873 8229 17260
5 1463 6266 10775 17261
5 394 393 8075 17262
5 6213 3242 8965 17263
5 852 853 9287 17264
5 3579 7886 8423 17265
5 5963 769 9831 17266
5 3251 6168 9862 17267
5 839 840 9347 17268
5 2257 5989 10850 17269
5 2648 3088 10121 17270
5 6168 1574 9862 17271
5 6269 3045 8989 17272
5 1434 5887 10928 17273
5 7174 3028 8316 17274
5 7235 1931 9146 17275
5 6382 2591 11018 17276
5 3482 7235 9146 17277
5 1114 5749 7480 17278
5 9593 1260 9802 17279
5 80 81 10472 17280
5 5222 9308 11001 17281
5 5892 2466 10481 17282
5 9372 4707 10555 17283
5 6455 2991 8922 17284
5 7675 1901 8552 17285
5 4472 6432 9680 17286
5 776 777 10137 17287
5 660 661 10537 17288
5 4608 7244 10779 17289
5 5772 2794 7187 17290
5 5913 1747 10354 17291
5 4928 6260 9602 17292
5 6654 1169 9111 17293
5 2447 6553 8650 17294
5 132 131 10323 17295
5 3652 6382 11018 17296
5 2755 7862 9219 17297
5 1474 6538 11194 17298
5 1798 6505 8822 17299
5 3185 7417 9002 17300
5 3243 5913 10354 17301
5 1490 8605 9095 17302
5 4307 7737 10759 17303
5 3416 6819 6944 17304
5 902 903 9255 17305
5 5912 187 10941 17306
5 5164 5912 10941 17307
5 334 6333 11023 17308
5 6971 2348 8468 17309
5 7418 1589 10786 17310
5 1308 8961 11266 17311
5 3654 6088 10374 17312
5 1437 5938 9772 17313
5 8825 3855 10666 17314
5 6278 3380 8906 17315
5 5441 2282 5442 17316
5 6186 1345 10599 17317
5 8817 1878 9916 17318
5 3160 6079 9378 17319
5 266 265 9460 17320
5 6443 2402 10242 17321
5 6067 428 7779 17322
5 8055 3178 9865 17323
5 2578 6874 8609 17324
5 6874 3166 8609 17325
5 5650 7442 11292 17326
5 6679 1853 9085 17327
5 6883 3071 8964 17328
5 3558 6163 10859 17329
5 3232 6679 9085 17330
5 3675 5951 10049 17331
5 4287 5969 9937 17332
5 4931 9020 11164 17333
5 3007 6664 8390 17334
5 1797 6269 8989 17335
5 8740 3687 9107 17336
5 3426 6334 10562 17337
5 1817 6169 9148 17338
5 7981 953 9682 17339
5 1298 5447 8997 17340
5 6175 3697 11144 17341
5 6330 1494 8826 17342
5 2818 5605 10221 17343
5 6194 1306 9390 17344
5 6220 1793 9418 17345
5 2551 6285 8689 17346
5 3039 7359 8454 17347
5 429 6067 7655 17348
5 6220 3031 9251 17349
5 1702 7859 9770 17350
5 5910 3396 10617 17351
5 3475 5902 10947 17352
5 3029 6225 9266 17353
5 6090 3072 9164 17354
5 3336 7662 8924 17355
5 6677 1120 10848 17356
5 1936 7703 9451 17357
5 7992 3090 10211 17358
5 6689 4341 10192 17359
5 2633 7319 9803 17360
5 4681 10569 11281 17361
5 1075 7416 8654 17362
5 6988 4412 9367 17363
5 7253 2817 8676 17364
5 7416 3735 8654 17365
5 6339 335 11023 17366
5 6873 3026 8229 17367
5 6935 2830 9831 17368
5 6729 3133 9878 17369
5 3823 7930 11123 17370
5 7189 1190 8110 17371
5 7501 4226 10070 17372
5 279 278 10151 17373
5 3156 8348 8749 17374
5 8348 3716 8749 17375
5 4807 7563 10214 17376
5 1294 5160 10405 17377
5 7703 3732 9451 17378
5 3001 6658 11249 17379
5 4310 5963 10058 17380
5 3304 6848 7912 17381
5 1820 7706 11101 17382
5 7459 2965 10768 17383
5 6425 2775 9152 17384
5 1398 7028 11170 17385
5 3112 7189 8110 17386
5 6352 3358 10114 17387
5 9118 3321 10598 17388
5 7859 3882 9770 17389
5 1330 6511 8920 17390
5 4118 7290 9124 17391
5 7290 1688 9124 17392
5 7205 259 11143 17393
5 8137 3340 8412 17394
5 3449 5912 11082 17395
5 3515 7566 9722 17396
5 4542 7391 8709 17397
5 7792 3522 8303 17398
5 7371 1158 9000 17399
5 6013 6987 10144 17400
5 9020 792 11164 17401
5 386 385 7962 17402
5 8984 4233 9459 17403
5 6458 1484 10064 17404
5 7669 1846 7874 17405
5 7509 3654 9362 17406
5 6699 3232 9087 17407
5 7673 1650 8751 17408
5 1568 6699 9087 17409
5 2942 6662 10076 17410
5 478 6193 7354 17411
5 2691 6205 9122 17412
5 270 269 9570 17413
5 9049 1186 10234 17414
5 7059 3951 8099 17415
5 2827 5775 7218 17416
5 10640 1477 10658 17417
5 910 911 9346 17418
5 3629 6320 11255 17419
5 1584 6038 11084 17420
5 640 641 9585 17421
5 2977 7219 9212 17422
5 517 516 9434 17423
5 6449 2953 10808 17424
5 1869 8400 10531 17425
5 124 123 10350 17426
5 3527 7482 11291 17427
5 4304 8817 9916 17428
5 6020 3651 9820 17429
5 6851 8191 10580 17430
5 6039 3213 9726 17431
5 3652 8595 9730 17432
5 96 97 10849 17433
5 7807 1832 10979 17434
5 6892 4129 8247 17435
5 9772 2573 9782 17436
5 4930 2767 7145 17437
5 6165 1696 10240 17438
5 1185 8409 9900 17439
5 3327 6165 10240 17440
5 4746 9684 10822 17441
5 3152 5630 9667 17442
5 3900 9237 10032 17443
5 7501 3443 11301 17444
5 5307 3543 11067 17445
5 1511 5922 11070 17446
5 4226 7501 11301 17447
5 930 7739 11256 17448
5 770 6935 9831 17449
5 5709 2646 8004 17450
5 9421 1897 10808 17451
5 3224 7807 8205 17452
5 7562 2391 9893 17453
5 7807 3323 8205 17454
5 8414 4032 10883 17455
5 2723 6939 8718 17456
5 3048 6298 8955 17457
5 2511 5927 10068 17458
5 7251 1658 7955 17459
5 6251 1447 9267 17460
5 5878 1036 8871 17461
5 6460 3023 8712 17462
5 21 22 9615 17463
5 6801 3875 11258 17464
5 1156 5711 10451 17465
5 1371 6314 8974 17466
5 3456 5184 10791 17467
5 3704 6561 8277 17468
5 5970 1235 10352 17469
5 3249 6738 8984 17470
5 296 6793 8850 17471
5 5208 990 8191 17472
5 6206 1620 10394 17473
5 8234 3602 10720 17474
5 9081 3812 11190 17475
5 3341 7346 7892 17476
5 1258 10637 10934 17477
5 1587 6296 8977 17478
5 6041 3312 10762 17479
5 7185 1905 11107 17480
5 347 346 9302 17481
5 3652 8060 8595 17482
5 10124 2166 11030 17483
5 414 413 7863 17484
5 8403 5814 10922 17485
5 6884 1767 9283 17486
5 3021 6683 8550 17487
5 511 6390 7124 17488
5 288 287 9658 17489
5 3037 8104 8761 17490
5 3249 8984 9459 17491
5 3547 7379 10721 17492
5 1834 6361 8891 17493
5 8613 4046 9394 17494
5 113 6801 11258 17495
5 3262 8613 9394 17496
5 6765 1224 8367 17497
5 1136 6967 10956 17498
5 5945 2310 10546 17499
5 1635 6282 9219 17500
5 2608 7971 9860 17501
5 8568 1816 9386 17502
5 5463 10124 11030 17503
5 7172 4984 8815 17504
5 8167 1387 11236 17505
5 3870 8708 10973 17506
5 1518 5402 8947 17507
5 1516 9417 10970 17508
5 6436 3628 11003 17509
5 7991 3197 8323 17510
5 3424 7991 8323 17511
5 1497 6625 8541 17512
5 3567 5934 10995 17513
5 3354 7088 9030 17514
5 7268 1075 8654 17515
5 7088 1575 9030 17516
5 392 391 8100 17517
5 2734 7351 9074 17518
5 3301 7268 8654 17519
5 6399 508 7142 17520
5 3786 8611 8942 17521
5 4526 7183 8057 17522
5 4560 7952 10977 17523
5 7013 1730 8684 17524
5 6458 2967 11091 17525
5 7041 2906 8428 17526
5 6431 1508 8752 17527
5 2130 8943 10600 17528
5 3742 5962 10401 17529
5 6629 1706 8476 17530
5 1718 6460 8819 17531
5 6486 2499 9683 17532
5 5965 2376 10453 17533
5 7183 2855 8057 17534
5 7035 2914 9547 17535
5 3439 8745 9983 17536
5 196 195 10173 17537
5 6453 1472 10486 17538
5 4863 9067 9604 17539
5 1535 6044 10575 17540
5 8378 4075 10017 17541
5 266 9460 10565 17542
5 1150 6071 9719 17543
5 7772 2971 9040 17544
5 8676 4896 11139 17545
5 4027 6404 8881 17546
5 2709 6848 8554 17547
5 3589 8101 8415 17548
5 6193 477 9383 17549
5 9460 4929 10565 17550
5 1769 8687 10763 17551
5 6840 3374 9120 17552
5 8212 1674 8985 17553
5 6219 3561 11039 17554
5 6027 2998 10809 17555
5 1650 7819 8751 17556
5 6460 3028 8819 17557
5 8350 2911 9936 17558
5 6785 2408 9374 17559
5 1979 1581 1980 17560
5 4150 5818 9601 17561
5 3645 6465 8803 17562
5 3471 9501 10682 17563
5 1331 6331 8695 17564
5 4399 2183 8489 17565
5 652 653 9795 17566
5 2253 5484 10127 17567
5 1527 6346 9487 17568
5 6639 1413 10170 17569
5 3508 6639 10170 17570
5 6289 2022 9228 17571
5 10768 2965 10884 17572
5 1777 6612 9945 17573
5 5989 3385 10850 17574
5 5966 2266 10605 17575
5 3104 5826 11166 17576
5 30 31 9814 17577
5 410 409 7929 17578
5 6545 609 9466 17579
5 4037 6013 10144 17580
5 3462 6964 8073 17581
5 3173 6249 9144 17582
5 678 679 9830 17583
5 9540 3054 9856 17584
5 6503 2603 8835 17585
5 4356 6910 8594 17586
5 6738 1790 8984 17587
5 4732 7026 10378 17588
5 5017 7917 8045 17589
5 7611 1206 8086 17590
5 2026 5810 10965 17591
5 6346 3203 9487 17592
5 1793 6220 9251 17593
5 3967 1852 10595 17594
5 6208 1435 10309 17595
5 3922 8267 8938 17596
5 3486 8349 8993 17597
5 8349 3780 8993 17598
5 6544 4952 10838 17599
5 237 236 9851 17600
5 9117 4413 9793 17601
5 3685 9117 9793 17602
5 1557 6594 9394 17603
5 6594 3262 9394 17604
5 3592 7303 9500 17605
5 7303 1928 9500 17606
5 6190 3037 8831 17607
5 5626 1123 10536 17608
5 7366 2749 8285 17609
5 1167 6025 10120 17610
5 6225 1793 9266 17611
5 3636 6078 9812 17612
5 6252 4933 11058 17613
5 3820 5968 10867 17614
5 2353 6189 9364 17615
5 4346 5583 9874 17616
5 4138 1403 9132 17617
5 2962 8655 9306 17618
5 7643 1739 8698 17619
5 7917 1718 8045 17620
5 1953 6731 9323 17621
5 6731 3294 9323 17622
5 4524 10369 10722 17623
5 6683 808 8550 17624
5 2183 4399 8059 17625
5 8026 539 8054 17626
5 341 340 9543 17627
5 4621 8184 10277 17628
5 3784 7424 9879 17629
5 6308 3253 9818 17630
5 505 6456 7173 17631
5 3080 7980 8419 17632
5 6432 2937 9646 17633
5 3342 6603 8282 17634
5 8898 3950 8899 17635
5 3053 8898 8899 17636
5 7396 4496 11308 17637
5 6314 3070 8974 17638
5 2964 6953 10224 17639
5 1146 6486 10492 17640
5 1106 9475 11270 17641
5 3831 8809 8878 17642
5 3530 7372 9263 17643
5 175 6328 9076 17644
5 7372 1675 9263 17645
5 8303 3082 11263 17646
5 5763 1517 9464 17647
5 10302 4260 11122 17648
5 7888 3302 8224 17649
5 7274 1619 10529 17650
5 705 706 9948 17651
5 5214 6501 10827 17652
5 2617 5011 6780 17653
5 6152 3407 8645 17654
5 7024 1700 7834 17655
5 6139 2276 9715 17656
5 2402 6618 10242 17657
5 10227 3691 11267 17658
5 814 815 10560 17659
5 6982 1998 8427 17660
5 3112 6982 8427 17661
5 8357 3058 8358 17662
5 3234 6156 10053 17663
5 5857 1400 8606 17664
5 8072 2782 9273 17665
5 3541 7696 9353 17666
5 4 957 11244 17667
5 6724 4148 8534 17668
5 1537 7443 10424 17669
5 3562 8357 8358 17670
5 578 579 9630 17671
5 3645 8863 9015 17672
5 6086 1560 9836 17673
5 8435 1614 8693 17674
5 576 577 9627 17675
5 8386 2562 10929 17676
5 7108 2885 10990 17677
5 294 293 10952 17678
5 621 622 10154 17679
5 7332 2732 10587 17680
5 6320 2193 11255 17681
5 7702 3876 9605 17682
5 832 833 9972 17683
5 6877 1141 9099 17684
5 327 6487 10679 17685
5 1285 8378 10017 17686
5 9626 1631 10140 17687
5 2737 6470 8905 17688
5 4374 9222 9613 17689
5 1686 7796 9776 17690
5 4801 9626 10140 17691
5 1140 5302 9813 17692
5 1852 3967 10944 17693
5 3922 8938 10903 17694
5 4250 5995 10731 17695
5 2121 6041 10762 17696
5 6672 3246 9285 17697
5 2446 6672 9285 17698
5 3350 6206 10394 17699
5 6816 1861 9234 17700
5 3023 7123 8848 17701
5 1219 6455 8922 17702
5 757 758 10039 17703
5 1455 6405 9467 17704
5 3266 7366 8526 17705
5 7366 1607 8526 17706
5 7430 2779 7999 17707
5 6457 502 7187 17708
5 2999 6759 9545 17709
5 1246 9125 11055 17710
5 7830 2730 9295 17711
5 6496 1864 9018 17712
5 1631 7287 8803 17713
5 3740 8478 8818 17714
5 8478 3165 8818 17715
5 6229 2450 10939 17716
5 6522 1146 10492 17717
5 3279 6049 10519 17718
5 1804 6096 9845 17719
5 4134 7260 9630 17720
5 528 6586 10765 17721
5 1900 6789 8484 17722
5 2196 6517 9492 17723
5 37 38 10527 17724
5 1970 8668 10539 17725
5 7796 3826 9776 17726
5 9222 1818 9613 17727
5 3502 6358 8770 17728
5 847 848 9875 17729
5 6413 2895 9003 17730
5 7125 3059 8725 17731
5 5107 9784 10795 17732
5 9365 1717 10414 17733
5 6214 1517 9979 17734
5 7380 1875 8434 17735
5 6199 3218 10160 17736
5 3018 6220 9418 17737
5 7605 3059 9131 17738
5 5680 3496 10361 17739
5 8401 1765 9484 17740
5 3546 7380 8434 17741
5 7265 4292 9201 17742
5 3409 6084 10133 17743
5 8474 3996 9541 17744
5 8604 1404 10898 17745
5 2123 8474 9541 17746
5 3501 10005 10923 17747
5 6079 2932 10316 17748
5 1069 7084 9100 17749
5 1216 9027 11011 17750
5 6606 217 9108 17751
5 1525 6410 9036 17752
5 3008 7907 8292 17753
5 3854 6986 10007 17754
5 953 954 9682 17755
5 3503 5882 9558 17756
5 6970 2212 10628 17757
5 3741 6970 10628 17758
5 6100 3169 11151 17759
5 6298 3048 10877 17760
5 1040 6233 8566 17761
5 6022 2292 10608 17762
5 9308 1201 11001 17763
5 744 745 10692 17764
5 3444 7669 7874 17765
5 6161 2162 10593 17766
5 6605 2553 9904 17767
5 72 73 10235 17768
5 6753 5617 10814 17769
5 8291 1041 8841 17770
5 4127 8291 8841 17771
5 4444 1182 9649 17772
5 180 179 10217 17773
5 6150 372 7638 17774
5 3862 6167 10323 17775
5 1696 6165 10060 17776
5 7805 2191 8565 17777
5 5979 1354 10505 17778
5 3623 7997 10996 17779
5 2317 6678 10882 17780
5 351 350 9443 17781
5 2981 8426 8449 17782
5 4058 7019 9899 17783
5 6442 3230 9613 17784
5 8685 3072 10785 17785
5 6390 510 10760 17786
5 3114 6616 8747 17787
5 9784 3442 10795 17788
5 8107 3190 8337 17789
5 3438 8107 8337 17790
5 811 812 10253 17791
5 6809 2775 9501 17792
5 6885 3599 10219 17793
5 1943 6885 10219 17794
5 497 6492 7218 17795
5 93 94 10241 17796
5 2657 3106 10356 17797
5 892 893 9727 17798
5 304 6600 9368 17799
5 1955 6664 10584 17800
5 6600 3325 9368 17801
5 1243 6650 10188 17802
5 6511 4014 8920 17803
5 3619 6445 11020 17804
5 6580 3793 8840 17805
5 6288 2492 10618 17806
5 6445 1650 11020 17807
5 6926 323 10082 17808
5 6683 3021 8653 17809
5 6044 3841 10530 17810
5 8530 3729 10161 17811
5 4242 8530 10161 17812
5 2885 6820 7817 17813
5 6322 7167 11305 17814
5 2754 6136 9900 17815
5 6094 3305 10050 17816
5 3454 6288 10618 17817
5 1818 6442 9613 17818
5 6028 3446 10782 17819
5 4279 6987 8649 17820
5 509 6399 10760 17821
5 1872 6484 9214 17822
5 6484 3143 9214 17823
5 7108 3288 9021 17824
5 8460 4153 9638 17825
5 6589 3320 9193 17826
5 1453 7276 9171 17827
5 6650 3484 10188 17828
5 593 594 9920 17829
5 3162 7611 8086 17830
5 8162 4718 8711 17831
5 7206 4382 9025 17832
5 2073 6313 9277 17833
5 2578 7162 9188 17834
5 318 317 10328 17835
5 1478 6440 8344 17836
5 2272 6994 10273 17837
5 1895 6451 9054 17838
5 6994 3647 10273 17839
5 1992 1460 9679 17840
5 7681 2666 7911 17841
5 2302 6051 11169 17842
5 941 942 9789 17843
5 6575 1023 10225 17844
5 1306 6483 10090 17845
5 224 223 10379 17846
5 1239 6536 8923 17847
5 844 845 10125 17848
5 1048 6638 9663 17849
5 1940 6605 10330 17850
5 6023 2408 11203 17851
5 6024 3689 11127 17852
5 1179 6258 9835 17853
5 6212 2118 11302 17854
5 6258 3224 9835 17855
5 670 671 10416 17856
5 3231 7769 8111 17857
5 7769 1699 8111 17858
5 6217 3219 9863 17859
5 11135 5633 11179 17860
5 1202 6217 9863 17861
5 7110 4219 9811 17862
5 732 733 11103 17863
5 3181 6118 10777 17864
5 6145 2979 7699 17865
5 8809 1511 8878 17866
5 6740 3022 8630 17867
5 6426 1469 9105 17868
5 7772 1327 10830 17869
5 7390 3878 8113 17870
5 4444 8152 9867 17871
5 6859 310 11230 17872
5 272 271 10455 17873
5 7662 1163 8924 17874
5 350 349 9508 17875
5 4861 9480 10524 17876
5 9480 1349 10524 17877
5 9684 3286 10822 17878
5 2933 1911 6904 17879
5 2979 6256 7699 17880
5 6405 3047 9467 17881
5 6076 2361 10366 17882
5 6171 1702 9770 17883
5 1206 6989 8862 17884
5 204 203 10478 17885
5 6214 3590 11215 17886
5 3080 6361 9692 17887
5 8237 1858 10133 17888
5 2641 7922 7923 17889
5 695 696 10509 17890
5 6758 2018 11108 17891
5 6075 3034 10367 17892
5 5402 6305 8947 17893
5 140 139 10553 17894
5 1390 8186 10518 17895
5 8186 4185 10518 17896
5 6137 2859 9958 17897
5 6527 1659 10475 17898
5 373 6150 7633 17899
5 6087 2821 10281 17900
5 6038 3122 11084 17901
5 6198 8119 10386 17902
5 663 664 10579 17903
5 267 266 10565 17904
5 7531 3073 8771 17905
5 637 638 10891 17906
5 7927 2991 9791 17907
5 3213 6859 8545 17908
5 6939 2723 10389 17909
5 3837 8300 10415 17910
5 4337 8477 8643 17911
5 581 582 10014 17912
5 5519 1518 9642 17913
5 7717 1191 8845 17914
5 4245 7717 8845 17915
5 3707 6981 10630 17916
5 6612 1778 9945 17917
5 5957 9227 10134 17918
5 1550 5023 9653 17919
5 2876 8669 9986 17920
5 6495 494 7231 17921
5 3141 6742 9469 17922
5 7516 2763 9071 17923
5 7542 1034 10371 17924
5 7816 3419 10102 17925
5 6211 3539 11176 17926
5 7229 2741 9337 17927
5 1237 7065 10399 17928
5 6438 127 9420 17929
5 5801 3585 10301 17930
5 8012 2679 10595 17931
5 7747 1733 9910 17932
5 10406 1218 11282 17933
5 6118 1416 10777 17934
5 90 91 10672 17935
5 6145 374 7633 17936
5 1534 6777 8637 17937
5 2792 5087 7354 17938
5 1630 6211 11176 17939
5 1561 7426 8419 17940
5 1600 6467 10177 17941
5 3254 9398 9728 17942
5 1395 5019 10112 17943
5 6916 1314 8586 17944
5 3109 6916 8586 17945
5 666 667 10779 17946
5 2507 6129 10254 17947
5 48 49 10706 17948
5 6318 4544 9591 17949
5 1131 9895 11209 17950
5 3747 4812 9748 17951
5 7160 2987 11153 17952
5 6089 3810 10406 17953
5 9933 5156 11183 17954
5 3379 8225 8893 17955
5 6424 1578 10549 17956
5 174 173 10790 17957
5 3713 8362 8929 17958
5 8362 3354 8929 17959
5 34 7174 8316 17960
5 1606 6615 8896 17961
5 6727 3077 8789 17962
5 2632 6341 9353 17963
5 3547 9129 9637 17964
5 7523 3162 8137 17965
5 1657 7523 8137 17966
5 6979 1258 10934 17967
5 1248 6907 10148 17968
5 1612 7332 10587 17969
5 9125 4683 11055 17970
5 6655 3515 10364 17971
5 602 603 10194 17972
5 59 60 10810 17973
5 6456 504 10839 17974
5 599 600 10237 17975
5 1634 6655 10364 17976
5 7391 2286 8709 17977
5 4853 988 8934 17978
5 1082 7406 9966 17979
5 3504 9933 11183 17980
5 7406 3693 9966 17981
5 3803 6622 9538 17982
5 6516 3039 9163 17983
5 6622 4645 9538 17984
5 6915 1248 10148 17985
5 3730 8608 11094 17986
5 1720 6125 10243 17987
5 4276 6955 8500 17988
5 1108 7217 8292 17989
5 5860 7146 9849 17990
5 6933 1746 9158 17991
5 187 186 10941 17992
5 3410 7389 10098 17993
5 1761 6107 10353 17994
5 1692 9143 10986 17995
5 503 6457 10839 17996
5 3735 8563 10202 17997
5 7260 4181 9627 17998
5 5428 1294 10513 17999
5 6970 4532 8562 18000
5 2580 6664 11126 18001
5 7694 4099 10968 18002
5 7033 4050 10184 18003
5 119 118 11102 18004
5 7117 4178 8379 18005
5 255 254 11006 18006
5 8566 3590 9529 18007
5 313 312 11042 18008
5 6708 2838 10963 18009
5 114 113 11258 18010
5 4236 6435 9209 18011
5 3388 10339 10807 18012
5 10339 5328 10807 18013
5 298 297 11096 18014
5 261 260 11115 18015
5 7220 2558 9162 18016
5 3504 7220 9162 18017
5 3396 6569 10079 18018
5 6569 1873 10079 18019
5 792 793 11164 18020
5 156 155 11210 18021
5 3032 8363 11011 18022
5 3683 6197 11212 18023
5 1825 6701 8779 18024
5 6568 1285 10017 18025
5 6854 1768 8133 18026
5 725 726 11229 18027
5 2373 8124 10460 18028
5 739 740 11235 18029
5 1532 6432 9646 18030
5 796 797 11303 18031
5 6136 3186 11086 18032
5 241 240 11288 18033
5 8794 3528 9106 18034
5 9237 3900 9665 18035
5 3159 7369 7496 18036
5 6969 2931 8506 18037
5 9359 3609 9760 18038
5 6345 1294 8962 18039
5 56 57 11252 18040
5 51 52 11275 18041
5 375 6145 7699 18042
5 6263 3087 10000 18043
5 6981 1290 10630 18044
5 4341 7144 10192 18045
5 12 6364 9392 18046
5 6678 5161 9846 18047
5 8399 3032 11011 18048
5 3693 7137 8523 18049
5 7137 1610 8523 18050
5 6596 4466 8665 18051
5 6844 1298 10797 18052
5 3519 5459 10072 18053
5 2294 6109 10506 18054
5 2854 7127 8400 18055
5 3536 9141 9651 18056
5 9141 4293 9651 18057
5 1604 6199 10160 18058
5 5578 1419 10535 18059
5 6098 2822 10604 18060
5 4431 7148 11074 18061
5 1574 6727 8789 18062
5 7149 4349 10200 18063
5 2787 6182 9477 18064
5 1536 6671 8872 18065
5 6690 2141 8832 18066
5 6793 3103 8850 18067
5 560 561 10168 18068
5 4806 6568 10017 18069
5 6631 308 9252 18070
5 2080 8357 8524 18071
5 2991 8145 9791 18072
5 3917 10437 11060 18073
5 8357 3562 8524 18074
5 8085 1821 8593 18075
5 3507 7481 10878 18076
5 1590 7119 7257 18077
5 354 353 9661 18078
5 1473 8352 9217 18079
5 470 469 9665 18080
5 6246 1686 9776 18081
5 6674 512 7124 18082
5 5529 2304 9509 18083
5 2295 6086 10983 18084
5 7112 997 7324 18085
5 6484 1872 9937 18086
5 568 569 10192 18087
5 353 352 9672 18088
5 7154 3001 11249 18089
5 8230 1692 10986 18090
5 9806 3474 10926 18091
5 3178 6422 6669 18092
5 5118 9806 10926 18093
5 566 567 10190 18094
5 2107 9588 9804 18095
5 559 6604 10280 18096
5 7151 2014 9441 18097
5 9588 4543 9804 18098
5 2496 6416 9204 18099
5 562 563 10200 18100
5 564 565 10198 18101
5 2212 6970 8562 18102
5 287 6464 9658 18103
5 6560 2318 11197 18104
5 6464 3594 9658 18105
5 7251 3017 8329 18106
5 7247 1642 7248 18107
5 3264 6108 11128 18108
5 4673 1811 10514 18109
5 5801 3286 9684 18110
5 10442 3953 10935 18111
5 536 8044 8544 18112
5 8044 535 8645 18113
5 1855 6980 10722 18114
5 7711 3055 10552 18115
5 6492 496 10861 18116
5 1185 6136 11086 18117
5 1968 6157 10265 18118
5 6103 1810 10772 18119
5 5916 2679 6903 18120
5 4170 7043 11032 18121
5 956 4 11244 18122
5 3084 8040 10746 18123
5 2462 6175 11144 18124
5 3393 8853 9877 18125
5 1701 7635 10307 18126
5 7635 3858 10307 18127
5 6167 2996 10204 18128
5 6108 1598 11128 18129
5 7542 3217 7773 18130
5 590 591 10474 18131
5 2929 6239 9898 18132
5 1608 7682 8619 18133
5 7747 3670 9992 18134
5 3995 7151 9358 18135
5 9559 3974 10695 18136
5 1793 9251 9266 18137
5 7759 1460 8838 18138
5 4187 6617 9034 18139
5 6119 1504 10783 18140
5 6702 3397 11302 18141
5 495 6495 10861 18142
5 6731 2455 9518 18143
5 3511 8460 9638 18144
5 3294 6731 9518 18145
5 5783 7786 10563 18146
5 3446 8640 9232 18147
5 8640 3903 9232 18148
5 7144 4365 10190 18149
5 7436 3058 11172 18150
5 2256 6099 11130 18151
5 6099 1577 11131 18152
5 7926 5133 9696 18153
5 2932 6169 10316 18154
5 1541 6100 11151 18155
5 7007 1426 9808 18156
5 1545 8129 10448 18157
5 1438 7168 8152 18158
5 6194 3775 11132 18159
5 9221 4400 9343 18160
5 7271 1466 10320 18161
5 6894 2667 11099 18162
5 3590 6214 9529 18163
5 9663 6638 10828 18164
5 1309 6448 6714 18165
5 3456 5754 10162 18166
5 9251 4171 9266 18167
5 7631 2673 9619 18168
5 1128 6682 9491 18169
5 9373 4546 10084 18170
5 3315 9373 10084 18171
5 8360 3823 9977 18172
5 8594 1073 10574 18173
5 7096 2107 9804 18174
5 3518 7096 9804 18175
5 4381 7149 10198 18176
5 6803 1579 8778 18177
5 4579 8516 9763 18178
5 3413 7046 8548 18179
5 9066 4824 11106 18180
5 2922 9066 11106 18181
5 2604 6583 9978 18182
5 2952 1679 8598 18183
5 6110 3784 11100 18184
5 4699 8199 10522 18185
5 8605 2731 9403 18186
5 6529 3134 9852 18187
5 6055 1362 9038 18188
5 7550 3301 9771 18189
5 2091 7839 7857 18190
5 1796 8660 9681 18191
5 3177 6679 10346 18192
5 6443 1172 11309 18193
5 2419 6508 10088 18194
5 8516 2819 9763 18195
5 1518 6628 9642 18196
5 8611 3102 8942 18197
5 1712 7993 10627 18198
5 3463 6438 9420 18199
5 8702 1231 9115 18200
5 3869 8702 9115 18201
5 521 6750 8910 18202
5 7490 1862 9535 18203
5 6247 3309 10386 18204
5 1775 6247 10386 18205
5 1127 8674 9493 18206
5 8674 4002 9493 18207
5 3324 8085 8086 18208
5 8085 3162 8086 18209
5 4154 6248 10429 18210
5 6196 2504 10270 18211
5 236 6853 9851 18212
5 1498 6808 9515 18213
5 1285 6568 9459 18214
5 8608 4584 11094 18215
5 6853 3455 9851 18216
5 7192 3038 9605 18217
5 5909 2218 11134 18218
5 357 356 9798 18219
5 3034 7164 9194 18220
5 7608 1612 10587 18221
5 6008 1092 10597 18222
5 6363 2705 9596 18223
5 1628 6323 9713 18224
5 6302 3052 7762 18225
5 6148 4146 10671 18226
5 2070 6427 10798 18227
5 6427 3491 10798 18228
5 7394 5228 9622 18229
5 2973 7538 8250 18230
5 5655 10640 10658 18231
5 3186 10593 11086 18232
5 7079 3658 10411 18233
5 1896 7079 10411 18234
5 1715 7974 10343 18235
5 7291 4562 8520 18236
5 120 7075 8556 18237
5 7482 10641 11291 18238
5 3061 7615 9230 18239
5 5538 6223 10370 18240
5 2266 6165 10605 18241
5 6165 3327 10605 18242
5 9027 4472 11011 18243
5 6256 376 7699 18244
5 8558 3853 9245 18245
5 3548 8558 9245 18246
5 1611 6562 10278 18247
5 356 355 9819 18248
5 424 6302 7762 18249
5 3054 7176 9856 18250
5 950 951 10403 18251
5 10005 4854 10923 18252
5 471 470 9842 18253
5 1981 9680 10033 18254
5 9680 4648 10033 18255
5 3363 6588 8871 18256
5 2892 7138 8513 18257
5 2071 6394 9908 18258
5 8124 4160 10460 18259
5 3153 2078 10815 18260
5 1967 6929 9645 18261
5 6929 3406 9645 18262
5 571 572 10558 18263
5 7514 2753 8327 18264
5 2317 8058 9827 18265
5 6496 5205 9833 18266
5 3017 7280 8412 18267
5 4356 8594 10574 18268
5 3134 7749 9184 18269
5 8679 4823 10945 18270
5 8268 3931 10954 18271
5 3066 6208 10309 18272
5 6987 2489 8649 18273
5 2838 6708 8980 18274
5 5696 2828 7231 18275
5 2701 3139 10613 18276
5 6302 423 7761 18277
5 10242 3661 10603 18278
5 7505 2883 9897 18279
5 1971 8930 10813 18280
5 8367 1224 9413 18281
5 2859 6137 11072 18282
5 1572 6609 8699 18283
5 6430 3140 9348 18284
5 1737 6714 8741 18285
5 3583 7097 8582 18286
5 6361 1834 9692 18287
5 4135 7062 8604 18288
5 3326 7346 10435 18289
5 6626 3206 9440 18290
5 1838 6626 9440 18291
5 1477 5947 10658 18292
5 6296 1587 9927 18293
5 8068 1806 9279 18294
5 2150 6472 9462 18295
5 2642 6401 9621 18296
5 377 6256 7753 18297
5 6711 3353 10285 18298
5 894 895 10286 18299
5 1569 6733 8983 18300
5 1187 6430 9348 18301
5 2156 8679 11071 18302
5 584 585 10840 18303
5 422 6301 7761 18304
5 9780 6917 10434 18305
5 2749 7538 8285 18306
5 2663 7508 9706 18307
5 7177 3054 10153 18308
5 3669 8068 9279 18309
5 3058 7624 11172 18310
5 7168 1549 8859 18311
5 1210 6198 10557 18312
5 6752 3238 10271 18313
5 7631 1119 10867 18314
5 7498 4295 9457 18315
5 7811 3224 8205 18316
5 1661 7811 8205 18317
5 2450 6535 10939 18318
5 1283 6678 9846 18319
5 2282 6185 7777 18320
5 491 6666 7285 18321
5 6497 1731 9435 18322
5 7800 4840 10508 18323
5 7326 3851 9179 18324
5 1892 7326 9179 18325
5 6942 2697 9079 18326
5 3082 7896 11041 18327
5 467 466 9874 18328
5 6198 3309 10557 18329
5 323 322 10082 18330
5 5645 7166 11117 18331
5 6593 245 9299 18332
5 3385 6593 9299 18333
5 7368 2974 8396 18334
5 7083 3458 9687 18335
5 2735 6198 10577 18336
5 6482 650 9458 18337
5 5507 2348 10842 18338
5 7099 2136 10988 18339
5 6886 2580 11126 18340
5 6699 4308 9677 18341
5 7511 5647 10729 18342
5 1216 7025 9027 18343
5 6196 1669 10689 18344
5 3351 6196 10689 18345
5 3926 8605 9403 18346
5 1527 7131 9424 18347
5 7908 85 8800 18348
5 6591 1237 10045 18349
5 3343 6591 10045 18350
5 2702 6217 10426 18351
5 2503 7052 9048 18352
5 5556 3154 7142 18353
5 3136 8311 10727 18354
5 6602 3157 9265 18355
5 2651 6571 9568 18356
5 6301 421 7824 18357
5 1269 8738 9544 18358
5 1622 7387 9344 18359
5 3087 6423 10000 18360
5 6902 1655 8821 18361
5 3516 7750 8294 18362
5 6090 1168 10785 18363
5 352 351 10191 18364
5 6432 4648 9680 18365
5 2658 6176 10883 18366
5 8226 3123 10550 18367
5 2941 6251 9267 18368
5 6824 4029 10570 18369
5 5750 3426 10422 18370
5 3863 9120 9250 18371
5 1813 7083 9687 18372
5 3065 6995 7517 18373
5 4378 7547 9307 18374
5 3669 7649 9795 18375
5 1252 9701 10985 18376
5 6415 3263 10018 18377
5 3265 6465 10632 18378
5 4671 6570 10546 18379
5 9660 1820 11101 18380
5 2924 8150 10970 18381
5 6620 967 10285 18382
5 6259 378 7753 18383
5 2106 8590 9647 18384
5 9754 4045 10454 18385
5 8590 3993 9647 18386
5 8155 2924 10970 18387
5 2934 8398 9568 18388
5 2366 5623 11052 18389
5 6327 1764 9969 18390
5 1413 6284 10170 18391
5 1881 7349 10423 18392
5 1227 6415 10018 18393
5 8738 4026 9544 18394
5 6286 2793 10167 18395
5 7056 3065 7517 18396
5 7975 1719 9007 18397
5 7147 2998 10113 18398
5 7578 1218 10406 18399
5 7649 652 9795 18400
5 2027 8397 11161 18401
5 1633 6824 9400 18402
5 1821 9553 9834 18403
5 8397 4434 11161 18404
5 7359 1767 8454 18405
5 7378 3196 9395 18406
5 1634 6354 10639 18407
5 6678 1283 10143 18408
5 8267 3922 9864 18409
5 2072 8267 9864 18410
5 4241 8229 10969 18411
5 2455 7752 9518 18412
5 7752 4937 9518 18413
5 4304 6936 8817 18414
5 6342 1027 10541 18415
5 8907 3488 10124 18416
5 1304 7694 10968 18417
5 2472 6810 8951 18418
5 6667 488 7299 18419
5 6908 3786 8942 18420
5 8024 4260 10302 18421
5 4995 10333 10734 18422
5 7568 1437 9782 18423
5 1588 7509 9362 18424
5 360 359 9990 18425
5 976 7195 8324 18426
5 5624 1379 11196 18427
5 6102 2748 9053 18428
5 3431 6624 9306 18429
5 8477 2947 8643 18430
5 1953 9323 10284 18431
5 3417 7648 8421 18432
5 9323 4547 10284 18433
5 3283 6715 9632 18434
5 379 6259 7828 18435
5 9190 1796 9681 18436
5 3834 8208 8219 18437
5 3718 6907 10998 18438
5 6907 2528 10998 18439
5 147 6856 10131 18440
5 9745 3860 10999 18441
5 7423 3361 10231 18442
5 2946 7613 8387 18443
5 6181 1771 11248 18444
5 7136 2897 8830 18445
5 6715 2456 9632 18446
5 3169 6372 11151 18447
5 3470 9594 9868 18448
5 2533 6252 10452 18449
5 6378 2614 9899 18450
5 8128 3992 8700 18451
5 2615 8128 8700 18452
5 7197 1464 9058 18453
5 359 358 10019 18454
5 7980 1561 8419 18455
5 3606 8694 10263 18456
5 468 467 10032 18457
5 6981 3707 10495 18458
5 1997 10748 10984 18459
5 7180 4519 10067 18460
5 3103 6793 9014 18461
5 6937 3091 9006 18462
5 6655 2419 10088 18463
5 6837 3275 8966 18464
5 1852 8012 10595 18465
5 9583 1549 10110 18466
5 3758 6245 11052 18467
5 8229 1809 10969 18468
5 1638 8263 10582 18469
5 6616 3114 10523 18470
5 2826 7238 9195 18471
5 6546 2655 10295 18472
5 8296 3417 9052 18473
5 3799 8517 8518 18474
5 8517 3040 8518 18475
5 7592 1728 10521 18476
5 2635 7453 10179 18477
5 7318 3493 9563 18478
5 4048 10916 10989 18479
5 2610 7318 9563 18480
5 7349 3744 10423 18481
5 8846 4290 10229 18482
5 3789 8846 10229 18483
5 3810 7578 10406 18484
5 1722 6274 10512 18485
5 1406 6080 8883 18486
5 8508 3136 10727 18487
5 3130 6614 10105 18488
5 330 6909 8978 18489
5 1513 5909 10702 18490
5 4623 6768 10036 18491
5 2470 6440 10293 18492
5 700 7771 9297 18493
5 6425 3958 10977 18494
5 1902 9321 9401 18495
5 9321 4194 9401 18496
5 7819 2990 8751 18497
5 2986 6486 9683 18498
5 3257 8010 8294 18499
5 7383 3099 8490 18500
5 223 7404 10379 18501
5 7404 3737 10379 18502
5 9244 3748 11057 18503
5 7703 2903 8301 18504
5 7288 4410 9620 18505
5 2663 6280 10566 18506
5 2987 7160 8660 18507
5 2277 7194 10972 18508
5 4028 6591 9432 18509
5 1651 7041 8428 18510
5 2348 6971 10842 18511
5 1346 6937 9006 18512
5 6407 1238 9928 18513
5 3170 7888 8224 18514
5 1894 6993 10380 18515
5 3893 5603 10978 18516
5 8165 3125 10838 18517
5 2553 7085 9904 18518
5 2013 6218 11085 18519
5 9067 3046 9604 18520
5 3057 7053 7518 18521
5 2885 8259 10990 18522
5 6374 785 10041 18523
5 6555 3523 9534 18524
5 60 7095 10810 18525
5 7122 4875 10786 18526
5 2936 6564 9499 18527
5 9315 1656 9319 18528
5 1902 9401 9861 18529
5 8362 3713 9697 18530
5 485 6718 7325 18531
5 3408 7528 10080 18532
5 1901 7675 9635 18533
5 7675 3633 9635 18534
5 3380 6278 10758 18535
5 6278 1196 10758 18536
5 3588 7333 9881 18537
5 7333 1427 9881 18538
5 7372 3157 8793 18539
5 8342 3116 8776 18540
5 1883 7846 10869 18541
5 6311 1217 11234 18542
5 7846 4046 10869 18543
5 3070 6314 9839 18544
5 6462 3317 10249 18545
5 6688 2833 9271 18546
5 1511 6985 8878 18547
5 2334 6462 10249 18548
5 7310 4095 10254 18549
5 7613 3227 8387 18550
5 3527 6677 10848 18551
5 3207 8033 8619 18552
5 3127 9036 9210 18553
5 355 354 10395 18554
5 10230 3595 11157 18555
5 3868 7782 11165 18556
5 2723 7506 10389 18557
5 4715 1170 10266 18558
5 7095 3743 10810 18559
5 1510 8218 9743 18560
5 8523 1610 10801 18561
5 4324 8523 10801 18562
5 3582 9525 10797 18563
5 6477 1662 9043 18564
5 7553 3283 10118 18565
5 8703 4023 9687 18566
5 3458 8703 9687 18567
5 6966 4642 9571 18568
5 1470 7520 9890 18569
5 1819 7916 10213 18570
5 1214 7792 8303 18571
5 7916 4312 10213 18572
5 1196 6278 10629 18573
5 6932 4039 10957 18574
5 6436 2604 9978 18575
5 4122 9096 9483 18576
5 6353 1163 11063 18577
5 7587 3083 10851 18578
5 9096 3269 9483 18579
5 6223 2225 10370 18580
5 3465 6540 9656 18581
5 3030 7369 9181 18582
5 3989 7208 9039 18583
5 10320 4059 10586 18584
5 1771 8243 11248 18585
5 8243 4339 11248 18586
5 8943 4901 10600 18587
5 8070 3901 9167 18588
5 9168 3304 9362 18589
5 2536 6310 10428 18590
5 1691 8070 9167 18591
5 3271 6933 9158 18592
5 6680 2867 9329 18593
5 1661 6528 9697 18594
5 6200 3104 11166 18595
5 3090 10864 11269 18596
5 1572 6901 9799 18597
5 6800 75 9126 18598
5 3015 7509 8246 18599
5 3084 6562 10193 18600
5 1255 7179 9502 18601
5 1586 6831 8549 18602
5 1115 5830 10468 18603
5 7179 3412 9502 18604
5 7677 1732 9354 18605
5 9961 3578 11222 18606
5 8208 2940 8219 18607
5 5947 3360 10658 18608
5 84 85 10855 18609
5 8592 3777 10634 18610
5 9231 3295 11231 18611
5 4301 8592 10634 18612
5 6836 3296 9360 18613
5 6568 3249 9459 18614
5 3904 6496 9833 18615
5 9396 4325 10023 18616
5 1387 5797 11236 18617
5 2575 6733 9495 18618
5 5810 3064 10965 18619
5 7986 1083 10342 18620
5 6709 1913 9949 18621
5 420 6452 7824 18622
5 6055 1361 9430 18623
5 3781 6635 9902 18624
5 3573 9292 9940 18625
5 7539 5813 9953 18626
5 385 6349 7962 18627
5 9312 1571 9771 18628
5 4072 10909 11125 18629
5 3680 7570 9621 18630
5 7570 2642 9621 18631
5 929 930 11256 18632
5 4449 6983 11278 18633
5 5951 7434 10049 18634
5 2823 8017 10456 18635
5 6391 380 7828 18636
5 6920 1077 9028 18637
5 3102 7693 8942 18638
5 2473 6981 10495 18639
5 5154 9961 11222 18640
5 3364 5752 9901 18641
5 1853 6679 9411 18642
5 7567 3561 11059 18643
5 960 6589 9193 18644
5 6781 1611 10278 18645
5 7234 3200 9764 18646
5 323 6926 9564 18647
5 6310 3383 10767 18648
5 7907 3564 8292 18649
5 1675 6310 10767 18650
5 6872 1085 10857 18651
5 3946 6419 11002 18652
5 6717 482 7360 18653
5 10454 4064 10629 18654
5 6452 419 7821 18655
5 3334 7883 9738 18656
5 2273 7747 9992 18657
5 2865 6984 9391 18658
5 9561 4412 9768 18659
5 1049 8328 9807 18660
5 3239 9561 9768 18661
5 3777 8607 9409 18662
5 5459 3519 10774 18663
5 2576 7418 9377 18664
5 7010 1481 9576 18665
5 6808 2762 9515 18666
5 6534 3044 10337 18667
5 9046 1914 10257 18668
5 6349 384 7813 18669
5 4086 8164 8791 18670
5 738 6335 10483 18671
5 9087 4057 9388 18672
5 3586 7998 11038 18673
5 6679 3177 9411 18674
5 3558 7540 11022 18675
5 1568 9087 9388 18676
5 3289 7945 9225 18677
5 1578 7069 8892 18678
5 3321 6508 10246 18679
5 6508 2419 10246 18680
5 3134 6676 9852 18681
5 8214 2125 10601 18682
5 3637 8020 9217 18683
5 2334 6264 11185 18684
5 10593 5599 11086 18685
5 3064 7964 10842 18686
5 2936 6993 8961 18687
5 3497 2023 10071 18688
5 1636 8080 11097 18689
5 7943 3357 10663 18690
5 418 6450 7821 18691
5 6716 2167 9359 18692
5 1264 6512 11078 18693
5 2965 6458 10064 18694
5 6538 2771 11194 18695
5 3205 8232 9200 18696
5 3263 6415 10591 18697
5 6152 4399 8489 18698
5 8445 3082 11041 18699
5 6754 1605 9059 18700
5 381 6391 7876 18701
5 8982 3763 10213 18702
5 4312 8982 10213 18703
5 2118 6212 10611 18704
5 358 357 10556 18705
5 3584 7975 9007 18706
5 6473 1161 10036 18707
5 7175 2019 10208 18708
5 3716 8348 8757 18709
5 8575 4056 10852 18710
5 7123 627 8848 18711
5 6512 3986 9883 18712
5 2883 8039 9897 18713
5 6450 417 7833 18714
5 2038 5384 9546 18715
5 7080 1240 10385 18716
5 3975 6034 9767 18717
5 1794 6298 10877 18718
5 6451 3358 10135 18719
5 8757 1712 10627 18720
5 2540 6413 10263 18721
5 7912 1588 9362 18722
5 2755 6282 11154 18723
5 6167 132 10323 18724
5 2350 6421 8736 18725
5 6286 1146 11155 18726
5 6281 144 10866 18727
5 2675 7822 10697 18728
5 6772 3424 9153 18729
5 2999 6816 9234 18730
5 7766 5815 10719 18731
5 8820 1760 10604 18732
5 4070 9672 10191 18733
5 2727 3164 10863 18734
5 1538 7505 9897 18735
5 3093 7208 10626 18736
5 8916 3417 10056 18737
5 7563 1732 10946 18738
5 6880 1915 9483 18739
5 3269 6880 9483 18740
5 1631 6465 10140 18741
5 6465 3265 10140 18742
5 10756 4320 10830 18743
5 1365 7236 7730 18744
5 6550 3204 9351 18745
5 7311 3831 8878 18746
5 1295 5428 11065 18747
5 3908 6326 10705 18748
5 1825 8779 11202 18749
5 328 327 10679 18750
5 466 465 10614 18751
5 3204 6550 11272 18752
5 6404 2365 10397 18753
5 9443 4070 10191 18754
5 8088 2917 10866 18755
5 1512 6730 9261 18756
5 4039 9118 10598 18757
5 6874 2578 9188 18758
5 1663 6365 10578 18759
5 6319 3960 10873 18760
5 3099 7383 10625 18761
5 9199 5100 9747 18762
5 2976 9199 9747 18763
5 7369 1728 9181 18764
5 2860 7410 10126 18765
5 2707 6857 9220 18766
5 4135 8604 10898 18767
5 1776 6369 10586 18768
5 409 6476 7929 18769
5 7971 3623 9860 18770
5 6403 382 7876 18771
5 1117 7262 8772 18772
5 383 6403 7813 18773
5 8272 4482 8330 18774
5 10695 3974 10871 18775
5 2329 3927 9113 18776
5 5833 6760 10554 18777
5 5349 10695 10871 18778
5 1672 8944 10390 18779
5 529 528 10765 18780
5 7065 3531 10399 18781
5 4900 7802 8701 18782
5 7802 3006 8701 18783
5 7626 5501 10103 18784
5 9292 4259 9940 18785
5 4703 7436 11172 18786
5 8009 1661 9697 18787
5 5826 2128 10999 18788
5 3713 8009 9697 18789
5 7408 3141 9469 18790
5 988 4853 9991 18791
5 2941 9267 10266 18792
5 7424 1278 8655 18793
5 1323 7035 9547 18794
5 9417 4248 10970 18795
5 8985 1674 10743 18796
5 7168 2329 10110 18797
5 3413 9396 10023 18798
5 3150 7812 9130 18799
5 1658 8329 9050 18800
5 5825 3290 10837 18801
5 6456 3155 7173 18802
5 6259 3131 7828 18803
5 7277 3845 11102 18804
5 5342 6941 11211 18805
5 1499 8257 8270 18806
5 9765 2309 10410 18807
5 8257 3322 8270 18808
5 4723 9765 10410 18809
5 2060 7858 9905 18810
5 4866 6620 10206 18811
5 6329 2514 10971 18812
5 7207 1585 9224 18813
5 4080 7847 11103 18814
5 7847 732 11103 18815
5 9722 4433 10364 18816
5 4026 6816 9544 18817
5 3131 6391 7828 18818
5 118 7277 11102 18819
5 8104 3310 8800 18820
5 4247 9127 10582 18821
5 3584 8389 9816 18822
5 2067 7136 8830 18823
5 6483 1306 11132 18824
5 8944 4315 10390 18825
5 683 7776 8615 18826
5 3038 7702 9605 18827
5 9800 2340 9930 18828
5 6476 408 7935 18829
5 7548 2831 9445 18830
5 2697 7363 9079 18831
5 3211 6493 10338 18832
5 6452 3119 7824 18833
5 3245 6923 9437 18834
5 5938 1437 9649 18835
5 6923 2575 9437 18836
5 11022 4633 11059 18837
5 4142 7083 9140 18838
5 8558 3548 10544 18839
5 6415 2331 10591 18840
5 2974 6884 9283 18841
5 7886 3060 8423 18842
5 3601 7556 9240 18843
5 1879 7663 10361 18844
5 7007 2630 9962 18845
5 523 8336 8719 18846
5 2875 7371 9000 18847
5 510 509 10760 18848
5 3066 7675 8552 18849
5 3733 6422 8931 18850
5 9181 1728 10056 18851
5 6896 2575 9495 18852
5 7012 3580 7360 18853
5 9404 4882 11061 18854
5 6701 3337 9590 18855
5 2015 9404 11061 18856
5 1957 6938 9489 18857
5 9388 3245 9437 18858
5 4853 4852 9991 18859
5 6330 2624 11211 18860
5 5208 1212 8300 18861
5 6630 3706 9809 18862
5 3863 7286 8476 18863
5 6901 1572 11067 18864
5 6153 1498 9515 18865
5 6877 2516 10528 18866
5 3528 8422 9106 18867
5 4186 6623 10164 18868
5 7689 4104 9799 18869
5 2249 6463 10438 18870
5 390 389 10870 18871
5 2578 6621 9850 18872
5 1692 8230 9133 18873
5 1812 6325 10747 18874
5 388 387 10876 18875
5 1789 5616 10130 18876
5 7104 1087 9965 18877
5 8591 3294 9364 18878
5 8434 3367 8723 18879
5 3546 8434 8723 18880
5 3004 6605 9904 18881
5 2183 6159 8489 18882
5 1401 6599 10336 18883
5 6802 9 10021 18884
5 8456 2024 9625 18885
5 3842 8456 9625 18886
5 4467 9800 9930 18887
5 407 6524 7935 18888
5 2729 7694 8082 18889
5 6009 2319 10660 18890
5 6870 4871 11189 18891
5 4705 6928 10292 18892
5 3085 6779 9468 18893
5 1675 7372 8793 18894
5 6759 1858 9545 18895
5 2245 5475 10155 18896
5 3456 6893 9204 18897
5 2369 6542 10180 18898
5 504 503 10839 18899
5 5022 9707 11216 18900
5 3524 7092 10039 18901
5 9707 1786 11216 18902
5 7092 757 10039 18903
5 4751 7537 9064 18904
5 7537 1771 9064 18905
5 6524 406 7933 18906
5 3166 6874 10163 18907
5 7051 109 10057 18908
5 6743 2945 9584 18909
5 7369 3159 10521 18910
5 4763 8167 11236 18911
5 4399 6154 8059 18912
5 6628 3267 9642 18913
5 4475 6888 9488 18914
5 6938 1957 10176 18915
5 6510 2385 10568 18916
5 3366 6697 10220 18917
5 2996 6686 10204 18918
5 6697 2417 10220 18919
5 7348 5938 9649 18920
5 7556 3601 10021 18921
5 6984 2865 8748 18922
5 10569 2187 11281 18923
5 405 6521 7933 18924
5 2950 6877 9099 18925
5 4647 7732 10520 18926
5 7015 4961 9431 18927
5 496 495 10861 18928
5 7084 3016 9100 18929
5 3119 6301 7824 18930
5 7276 3460 8223 18931
5 6564 2936 10117 18932
5 6641 1604 10015 18933
5 6521 404 7969 18934
5 3450 6214 9979 18935
5 6486 2986 10492 18936
5 332 8444 8812 18937
5 3495 7063 10175 18938
5 7063 2524 10175 18939
5 4050 7437 8783 18940
5 7412 3129 9187 18941
5 6895 2295 10983 18942
5 3640 6895 10983 18943
5 1054 7121 9191 18944
5 6896 3180 10009 18945
5 6730 3184 9261 18946
5 4083 7805 8565 18947
5 3091 6962 10437 18948
5 8700 3992 11184 18949
5 9393 5327 9826 18950
5 1105 9393 9826 18951
5 2403 5747 10698 18952
5 361 360 10885 18953
5 8789 4807 9862 18954
5 3310 7908 8800 18955
5 5304 7353 10319 18956
5 1157 6923 10911 18957
5 2758 6901 8762 18958
5 2895 6413 10961 18959
5 3190 8107 10028 18960
5 8622 2823 10456 18961
5 335 334 11023 18962
5 6923 9710 11116 18963
5 533 532 11223 18964
5 1313 6753 10814 18965
5 7083 1813 9140 18966
5 7116 3176 9717 18967
5 1552 6395 11137 18968
5 5883 2889 7322 18969
5 8476 1706 8866 18970
5 2906 6088 11284 18971
5 2862 8272 8330 18972
5 1897 6449 10808 18973
5 8004 4646 10542 18974
5 2552 7022 9752 18975
5 3395 6759 9636 18976
5 7022 3352 9752 18977
5 6656 1178 9936 18978
5 2857 7607 9824 18979
5 6662 1384 10076 18980
5 7839 2091 10071 18981
5 1877 4439 8527 18982
5 7556 4004 9240 18983
5 3630 7525 10145 18984
5 2910 6490 10956 18985
5 6875 1683 10822 18986
5 7121 3078 9191 18987
5 1585 7403 9224 18988
5 2575 6896 9437 18989
5 7466 1565 9341 18990
5 7664 4109 9157 18991
5 2603 7524 8835 18992
5 4202 7197 9058 18993
5 6870 2043 10694 18994
5 2877 7926 9696 18995
5 6614 1895 10105 18996
5 3497 6667 7299 18997
5 677 6547 10359 18998
5 3118 6450 7833 18999
5 6562 3084 10278 19000
5 8176 4789 9261 19001
5 7295 927 9177 19002
5 2456 6775 9632 19003
5 8276 2543 9118 19004
5 4039 8276 9118 19005
5 8581 3475 9574 19006
5 4044 8581 9574 19007
5 3358 6614 10114 19008
5 4643 6900 9444 19009
5 6537 2690 10418 19010
5 8542 3095 11087 19011
5 7061 1187 9348 19012
5 5805 2710 10713 19013
5 8336 522 8910 19014
5 3059 7605 8725 19015
5 3284 9202 10336 19016
5 3201 8375 10962 19017
5 1199 6790 10317 19018
5 1850 8260 9891 19019
5 7575 1632 9345 19020
5 4580 7688 11173 19021
5 9589 3255 10166 19022
5 6975 1907 9335 19023
5 1814 6417 11206 19024
5 3123 6596 8665 19025
5 7525 1831 10145 19026
5 7928 5626 10536 19027
5 4274 8418 11083 19028
5 8418 1530 11083 19029
5 3399 6227 9998 19030
5 3526 9048 10147 19031
5 8116 5047 10998 19032
5 1929 8440 8966 19033
5 3192 6942 9971 19034
5 6888 3852 9488 19035
5 9623 4408 9903 19036
5 10 7556 10021 19037
5 3306 9623 9903 19038
5 1932 8987 9926 19039
5 9521 1167 10120 19040
5 8987 4139 9926 19041
5 10006 3453 10038 19042
5 3699 6781 9686 19043
5 4603 10006 10038 19044
5 3045 7870 9086 19045
5 3180 6896 9495 19046
5 3777 9409 10634 19047
5 481 7012 7360 19048
5 4449 9521 10120 19049
5 4439 1877 9406 19050
5 4413 7625 9793 19051
5 7625 1755 9793 19052
5 3150 6938 10176 19053
5 3225 7994 9172 19054
5 3477 7378 9395 19055
5 7408 3487 9906 19056
5 2779 6748 9821 19057
5 3599 7345 10218 19058
5 7345 1126 10218 19059
5 3207 6789 10525 19060
5 5500 8466 9746 19061
5 3515 6655 10088 19062
5 8466 1863 9746 19063
5 457 6811 7518 19064
5 8444 331 8978 19065
5 7490 2707 9220 19066
5 3478 7490 9220 19067
5 3622 7919 10775 19068
5 3315 7239 9373 19069
5 6403 3121 7813 19070
5 1766 6697 10318 19071
5 7239 1804 9373 19072
5 6697 3366 10318 19073
5 7524 4586 8835 19074
5 2770 3195 11093 19075
5 2499 6988 9367 19076
5 9030 4163 11037 19077
5 3301 8763 9771 19078
5 1880 6729 9878 19079
5 1484 6458 11091 19080
5 1533 7498 9254 19081
5 6618 3661 10242 19082
5 136 7317 8991 19083
5 6641 2809 10659 19084
5 8576 2985 10486 19085
5 6457 2794 11095 19086
5 2694 7116 9225 19087
5 3928 9540 9856 19088
5 3729 8530 9309 19089
5 3092 6443 11309 19090
5 8530 158 9309 19091
5 6299 2215 10897 19092
5 4347 8214 10601 19093
5 6729 3993 9929 19094
5 399 6585 7966 19095
5 5265 6729 9929 19096
5 3347 8988 9371 19097
5 8988 3929 9371 19098
5 6554 1685 11192 19099
5 6700 2233 9975 19100
5 3568 5602 10248 19101
5 403 6601 7969 19102
5 1841 7944 10413 19103
5 6585 398 7996 19104
5 8346 3328 8858 19105
5 2902 7385 9256 19106
5 6605 3004 10330 19107
5 6466 2660 11125 19108
5 7896 3522 11178 19109
5 7294 1658 9050 19110
5 6601 402 7965 19111
5 8595 1988 9730 19112
5 1515 8162 8711 19113
5 3565 6898 10918 19114
5 3651 8510 11299 19115
5 10158 3480 10656 19116
5 401 6597 7965 19117
5 9661 4172 10395 19118
5 4084 11198 11233 19119
5 2697 6943 9481 19120
5 8093 4062 8413 19121
5 4172 9819 10395 19122
5 6550 1250 11272 19123
5 6597 400 7966 19124
5 6954 2589 10086 19125
5 3489 7673 8751 19126
5 8341 1643 8617 19127
5 3878 7390 11283 19128
5 7390 2001 11283 19129
5 6663 2088 10247 19130
5 7592 3042 8916 19131
5 2357 6554 11207 19132
5 1809 6494 10969 19133
5 1617 6860 11225 19134
5 7028 2756 11170 19135
5 2993 7806 8903 19136
5 7073 3013 10643 19137
5 6913 2610 9563 19138
5 2998 6027 10113 19139
5 397 6595 7996 19140
5 7409 3499 9822 19141
5 2842 7330 9057 19142
5 3911 3910 9011 19143
5 2772 6339 9406 19144
5 1294 5428 8962 19145
5 3874 3911 9011 19146
5 4015 9312 9771 19147
5 2991 7927 8922 19148
5 7355 2052 10206 19149
5 8683 1368 9636 19150
5 2340 9800 10360 19151
5 7213 2948 9176 19152
5 6604 3581 10280 19153
5 4408 9677 9903 19154
5 9677 1887 9903 19155
5 6628 3813 9426 19156
5 6834 1562 9728 19157
5 6676 1153 9852 19158
5 3121 6349 7813 19159
5 8389 3906 9816 19160
5 4441 8546 10701 19161
5 3515 9722 10364 19162
5 8546 1885 10701 19163
5 8549 3217 11133 19164
5 8814 1485 11073 19165
5 8913 2074 8945 19166
5 3734 8913 8945 19167
5 6008 3513 10516 19168
5 1759 8906 10498 19169
5 8252 3404 10062 19170
5 8592 4301 11148 19171
5 6868 1199 9676 19172
5 1567 6747 10351 19173
5 3284 6599 10511 19174
5 3953 9072 10935 19175
5 452 6847 7582 19176
5 8304 1644 8953 19177
5 3770 8304 8953 19178
5 4934 6640 10366 19179
5 3415 7162 9850 19180
5 7162 2578 9850 19181
5 3179 6476 7935 19182
5 6524 3179 7935 19183
5 1291 7609 9024 19184
5 7950 3829 10497 19185
5 3852 9239 9488 19186
5 7376 2364 9037 19187
5 3796 6613 9622 19188
5 7893 3447 9104 19189
5 1246 7893 9104 19190
5 4879 8101 9828 19191
5 7486 3177 10346 19192
5 6993 2936 10380 19193
5 5352 7409 9822 19194
5 6504 2191 11087 19195
5 6342 3056 9507 19196
5 3751 9581 10255 19197
5 10360 3529 10645 19198
5 9708 2358 11276 19199
5 4977 9708 11276 19200
5 6055 9038 10621 19201
5 8230 3320 9133 19202
5 7170 1628 9253 19203
5 7498 3149 9254 19204
5 179 7417 10217 19205
5 3162 8085 8593 19206
5 7570 1177 9579 19207
5 3454 6576 10606 19208
5 7417 3604 10217 19209
5 7658 2927 10599 19210
5 4519 6805 10067 19211
5 6595 396 8097 19212
5 6788 1690 9868 19213
5 2564 6224 10793 19214
5 3543 8189 9556 19215
5 3534 8446 8526 19216
5 6535 3094 10939 19217
5 5024 7787 8802 19218
5 1419 5578 9288 19219
5 7787 1106 8802 19220
5 9933 3504 10494 19221
5 6375 3684 10811 19222
5 1899 8296 9052 19223
5 3417 8421 9052 19224
5 8600 2870 10290 19225
5 1601 7046 10023 19226
5 4059 8600 10290 19227
5 3305 6778 10050 19228
5 6778 1228 10050 19229
5 3357 8769 10663 19230
5 6512 3193 11078 19231
5 7363 3464 9079 19232
5 1579 6616 10523 19233
5 6811 456 11261 19234
5 1707 8216 9565 19235
5 7046 3413 10023 19236
5 8060 3085 8595 19237
5 8033 1608 8619 19238
5 7557 3261 9731 19239
5 2151 8587 9101 19240
5 4904 8048 9338 19241
5 9120 3374 9250 19242
5 1972 8478 8708 19243
5 10212 1172 10603 19244
5 4909 10212 10603 19245
5 4657 10089 10610 19246
5 3950 8758 9786 19247
5 8758 3606 9786 19248
5 8137 3162 8593 19249
5 3927 2329 8245 19250
5 2981 8315 10698 19251
5 3675 9506 9817 19252
5 5938 1403 7839 19253
5 1625 7353 9119 19254
5 3545 6333 8812 19255
5 3429 8470 8471 19256
5 8470 3335 8471 19257
5 3776 7307 9165 19258
5 7101 5016 9650 19259
5 456 455 11261 19260
5 7194 3917 10972 19261
5 3402 9848 9942 19262
5 9848 4469 9942 19263
5 6923 1157 9710 19264
5 10372 4088 11263 19265
5 3401 6709 9949 19266
5 2772 5346 6996 19267
5 8785 3201 10962 19268
5 8388 3252 10055 19269
5 6671 1536 10377 19270
5 6657 2760 10922 19271
5 3340 8137 8593 19272
5 6811 3057 7518 19273
5 9956 1615 10189 19274
5 1228 9137 10050 19275
5 2395 9314 10333 19276
5 2827 6492 11273 19277
5 8838 1460 10681 19278
5 3250 7292 9183 19279
5 8050 4878 10626 19280
5 1820 8050 10626 19281
5 3532 6678 10143 19282
5 7373 5032 10551 19283
5 7275 2938 8811 19284
5 1680 2952 8598 19285
5 3054 8345 10153 19286
5 7974 1715 10401 19287
5 3472 8794 9106 19288
5 451 450 11312 19289
5 1219 8922 10746 19290
5 7450 3500 10533 19291
5 8178 5845 11224 19292
5 6859 3213 9871 19293
5 6792 1539 10008 19294
5 6666 2884 7285 19295
5 4519 7180 10713 19296
5 2392 6739 8994 19297
5 3174 7411 9858 19298
5 7131 3074 9424 19299
5 7060 4528 9516 19300
5 3753 8132 9985 19301
5 8132 1749 9985 19302
5 9952 1956 10404 19303
5 4672 9952 10404 19304
5 10864 5413 11269 19305
5 6760 4251 10554 19306
5 7331 4392 10835 19307
5 4514 9781 9949 19308
5 7763 3152 11074 19309
5 7883 3334 9095 19310
5 3601 6802 10021 19311
5 1870 8763 10202 19312
5 3784 9879 11100 19313
5 6847 451 11312 19314
5 2682 6821 9977 19315
5 3284 7402 9202 19316
5 7402 2075 9202 19317
5 9553 4011 9834 19318
5 6852 280 9923 19319
5 1833 10479 10926 19320
5 10479 5118 10926 19321
5 3355 7427 9423 19322
5 7427 1932 9423 19323
5 5018 7653 10975 19324
5 7579 1586 10631 19325
5 7415 1134 9828 19326
5 1566 6983 9648 19327
5 3299 6891 9943 19328
5 6891 1752 9943 19329
5 2669 8069 9934 19330
5 3012 6844 10797 19331
5 6995 462 7517 19332
5 9522 1560 9533 19333
5 10372 5132 11246 19334
5 9077 1086 10311 19335
5 6919 3458 9815 19336
5 1995 6809 10201 19337
5 7161 2678 9511 19338
5 447 6912 7628 19339
5 1392 6893 10791 19340
5 6767 4499 10836 19341
5 1757 6767 10836 19342
5 3128 6390 10823 19343
5 3240 8847 9408 19344
5 1660 5946 10570 19345
5 9423 1932 9926 19346
5 6680 1833 10926 19347
5 4255 9423 9926 19348
5 2754 7950 10497 19349
5 3474 6680 10926 19350
5 8120 3025 9393 19351
5 7057 5355 10463 19352
5 5616 8149 10130 19353
5 205 7184 9412 19354
5 2695 6645 10677 19355
5 6351 1743 10344 19356
5 4149 9522 9533 19357
5 3797 8970 9136 19358
5 3471 6809 9501 19359
5 8970 3331 9136 19360
5 7649 3669 9279 19361
5 4047 7649 9279 19362
5 6655 1634 10639 19363
5 6784 3262 10362 19364
5 1740 6692 10476 19365
5 6880 3269 9956 19366
5 1979 1980 11075 19367
5 8898 1786 9707 19368
5 3950 8898 9707 19369
5 7359 3039 9442 19370
5 7883 3926 7884 19371
5 4048 10913 10916 19372
5 3513 6008 10597 19373
5 8319 210 8745 19374
5 2503 7304 9531 19375
5 3439 8319 8745 19376
5 1913 6709 11118 19377
5 1183 6871 10526 19378
5 2829 7622 8714 19379
5 1906 7192 9605 19380
5 5395 8420 10642 19381
5 4088 10372 11246 19382
5 6747 3256 10351 19383
5 7260 4134 10778 19384
5 8051 168 9041 19385
5 3436 8051 9041 19386
5 7293 3221 9315 19387
5 8420 3566 10642 19388
5 5143 7920 9328 19389
5 2506 6649 10951 19390
5 774 6858 10040 19391
5 7216 3153 7700 19392
5 7304 4522 9531 19393
5 461 7056 7517 19394
5 7998 3329 11038 19395
5 5663 1014 10129 19396
5 8446 3266 8526 19397
5 1077 6920 9918 19398
5 6960 2662 10766 19399
5 4301 9214 9215 19400
5 9214 3143 9215 19401
5 9394 4046 9617 19402
5 8618 3502 11051 19403
5 3957 6965 9808 19404
5 7038 1045 10226 19405
5 3428 7038 10226 19406
5 10089 3408 10610 19407
5 1568 6896 10009 19408
5 2417 6795 10220 19409
5 8728 2913 8735 19410
5 3580 6717 7360 19411
5 8629 4022 8855 19412
5 3316 7258 9386 19413
5 1192 7147 10113 19414
5 7042 1150 9719 19415
5 4300 10146 10663 19416
5 5052 9009 10318 19417
5 4665 8406 9270 19418
5 4243 10019 10556 19419
5 3389 6974 10196 19420
5 6974 1232 10196 19421
5 6640 2569 10907 19422
5 7259 2969 8636 19423
5 6998 2569 9939 19424
5 395 6737 8097 19425
5 7922 2772 8981 19426
5 6654 3090 11269 19427
5 2739 8028 8956 19428
5 5030 8728 8735 19429
5 8028 4398 8956 19430
5 4681 6926 10082 19431
5 6856 3557 10131 19432
5 4281 10261 11153 19433
5 6657 3146 11068 19434
5 5579 3836 10415 19435
5 1636 8575 8794 19436
5 8575 3528 8794 19437
5 7053 458 7518 19438
5 6678 3532 10882 19439
5 6794 79 10308 19440
5 3286 6875 10822 19441
5 3676 7101 9650 19442
5 442 6951 7661 19443
5 7489 2886 11105 19444
5 7983 2746 8995 19445
5 7086 3274 8100 19446
5 2838 8187 10963 19447
5 1550 7418 8957 19448
5 3521 6758 11108 19449
5 6737 394 8075 19450
5 4353 6322 11305 19451
5 3318 8341 8617 19452
5 5943 2864 10104 19453
5 9798 4243 10556 19454
5 3279 7785 9766 19455
5 6942 1046 9971 19456
5 4585 9278 9857 19457
5 3096 7861 8921 19458
5 9611 4627 10196 19459
5 1232 9611 10196 19460
5 393 6728 8075 19461
5 2959 8064 8797 19462
5 1630 6918 10059 19463
5 1565 7340 9341 19464
5 1646 7853 9631 19465
5 2207 6665 10624 19466
5 7239 3315 9970 19467
5 1656 7230 9482 19468
5 10182 1479 10417 19469
5 4734 10182 10417 19470
5 8899 3950 9786 19471
5 1523 8899 9786 19472
5 6958 1213 9946 19473
5 1799 6644 11043 19474
5 2408 6785 11203 19475
5 6785 3576 11203 19476
5 7732 1287 10520 19477
5 6042 3568 9657 19478
5 1571 7550 9771 19479
5 6763 1735 11260 19480
5 3577 6763 11260 19481
5 6874 1856 10163 19482
5 1803 7605 9131 19483
5 3706 6630 11162 19484
5 1287 7745 10520 19485
5 1040 8566 9529 19486
5 1690 7460 9868 19487
5 7460 3470 9868 19488
5 6399 3154 10880 19489
5 3468 8458 9935 19490
5 55 7872 8933 19491
5 8143 1480 10289 19492
5 2678 7309 9511 19493
5 8446 1780 10712 19494
5 8343 1814 9940 19495
5 3684 8551 9138 19496
5 7104 2902 9256 19497
5 4259 8343 9940 19498
5 3209 7637 10936 19499
5 6325 3622 10747 19500
5 6728 392 8100 19501
5 7326 3192 9971 19502
5 7209 267 10565 19503
5 2689 7227 10214 19504
5 1205 7116 9717 19505
5 476 7152 9383 19506
5 8014 1054 9191 19507
5 7835 1956 9952 19508
5 3615 7835 9952 19509
5 4157 7983 8995 19510
5 6633 3577 11260 19511
5 1918 7321 9429 19512
5 6907 3718 10148 19513
5 465 7004 10614 19514
5 2679 8012 8925 19515
5 3278 6998 9939 19516
5 3331 7731 9136 19517
5 7731 1562 9136 19518
5 3271 9438 11071 19519
5 8105 1267 9082 19520
5 3443 8105 9082 19521
5 8799 3590 10793 19522
5 6929 3361 10985 19523
5 4568 7215 10924 19524
5 9256 1882 10301 19525
5 7648 3417 8916 19526
5 6668 3012 10499 19527
5 2072 7877 9841 19528
5 9860 3623 10996 19529
5 1993 8838 10681 19530
5 348 8740 9107 19531
5 1557 9394 9617 19532
5 5684 3720 8689 19533
5 6807 3844 10446 19534
5 7076 1050 11157 19535
5 7967 1646 9631 19536
5 6664 3007 11126 19537
5 8712 1818 9222 19538
5 3071 6883 10261 19539
5 7250 3754 10553 19540
5 10637 4296 10934 19541
5 4850 9860 10996 19542
5 6612 1382 9236 19543
5 4713 9244 11057 19544
5 9022 1474 11194 19545
5 2679 5251 6903 19546
5 6789 1900 10525 19547
5 6713 3288 10828 19548
5 10633 5534 10758 19549
5 3522 7837 9626 19550
5 7837 1631 9626 19551
5 7812 3755 9130 19552
5 3727 6734 10619 19553
5 1196 10633 10758 19554
5 6526 1488 9358 19555
5 4142 9140 10267 19556
5 3336 6954 10086 19557
5 2308 9801 9959 19558
5 9801 4362 9959 19559
5 2204 6265 10108 19560
5 7630 3120 9375 19561
5 1444 7569 9067 19562
5 3306 7215 10294 19563
5 5296 8050 9660 19564
5 8050 1820 9660 19565
5 7026 4915 10378 19566
5 139 7250 10553 19567
5 6007 2498 10670 19568
5 1980 8771 11075 19569
5 9427 4435 10545 19570
5 3660 9427 10545 19571
5 36 7143 9759 19572
5 7486 1044 9909 19573
5 1780 10042 10712 19574
5 5405 7451 10119 19575
5 7309 3392 9511 19576
5 2907 6879 10343 19577
5 975 8324 9557 19578
5 3422 9054 10708 19579
5 7122 2585 9664 19580
5 1721 9809 10932 19581
5 4655 7602 9280 19582
5 8000 2245 10443 19583
5 2456 6715 10931 19584
5 4181 7260 10778 19585
5 6987 1905 10144 19586
5 2552 6866 10383 19587
5 6710 1118 10975 19588
5 7707 3683 11212 19589
5 8773 3468 9935 19590
5 437 7000 7705 19591
5 7954 3279 9766 19592
5 7547 1649 9307 19593
5 661 7429 10537 19594
5 8392 2844 10739 19595
5 7613 1641 10802 19596
5 5993 1385 11227 19597
5 3329 7889 9208 19598
5 7685 1646 9629 19599
5 3052 1908 10653 19600
5 322 9205 10082 19601
5 8189 3191 9556 19602
5 2995 7770 10025 19603
5 5151 4070 10539 19604
5 4613 7175 10547 19605
5 7534 2375 10960 19606
5 3538 8346 8858 19607
5 3377 8185 8893 19608
5 8796 3578 9289 19609
5 8185 1694 8893 19610
5 7020 1436 10062 19611
5 1841 10195 11301 19612
5 3549 6353 11063 19613
5 1648 6772 10430 19614
5 8324 3100 9557 19615
5 7018 2384 10622 19616
5 6601 3216 7969 19617
5 2861 7397 9463 19618
5 9158 3925 9438 19619
5 7159 365 7700 19620
5 3009 6227 10994 19621
5 9239 1251 9488 19622
5 3535 7898 10569 19623
5 6953 1832 10224 19624
5 7193 361 10885 19625
5 2882 6946 11027 19626
5 3926 7883 9095 19627
5 7396 2882 9471 19628
5 6718 3498 7325 19629
5 7749 1617 9184 19630
5 4475 9488 10889 19631
5 3248 7379 10636 19632
5 8348 1712 8757 19633
5 9310 3553 11225 19634
5 123 7301 10350 19635
5 8152 7168 8859 19636
5 2492 6827 10618 19637
5 10185 1360 10886 19638
5 8847 3791 9408 19639
5 2010 7408 9469 19640
5 2454 6696 11205 19641
5 7146 3734 9849 19642
5 3863 8476 8866 19643
5 8620 4701 10676 19644
5 7050 3010 10304 19645
5 8740 347 9302 19646
5 1999 8091 10824 19647
5 2416 7081 9997 19648
5 1172 7527 11309 19649
5 3533 7051 10057 19650
5 7920 2731 9328 19651
5 3214 6597 7966 19652
5 1255 7968 9182 19653
5 8073 1544 8919 19654
5 3036 6488 9013 19655
5 8478 3740 8708 19656
5 2013 10174 10258 19657
5 2581 7198 9999 19658
5 8552 4540 11293 19659
5 1140 7126 10585 19660
5 7119 2648 10121 19661
5 7718 3747 10402 19662
5 6828 3803 10647 19663
5 2979 1680 9724 19664
5 4084 9498 11198 19665
5 8710 4392 9354 19666
5 7844 2015 10805 19667
5 4943 8014 9191 19668
5 8225 3377 8893 19669
5 6847 3088 7582 19670
5 3926 9403 9596 19671
5 322 8560 9205 19672
5 3262 6940 10362 19673
5 10174 4620 10258 19674
5 2630 6965 10314 19675
5 8326 1922 10447 19676
5 7176 1751 9856 19677
5 3886 8326 10447 19678
5 6585 3214 7966 19679
5 3752 9049 10234 19680
5 8048 1805 9338 19681
5 8345 4453 10153 19682
5 7312 2350 10581 19683
5 3146 6657 10922 19684
5 7263 3117 10896 19685
5 7383 3265 10632 19686
5 7005 3449 11082 19687
5 7061 2809 9796 19688
5 10043 3255 10044 19689
5 4947 10043 10044 19690
5 8655 3431 9306 19691
5 4543 9588 11020 19692
5 4168 8697 8792 19693
5 6933 3271 10945 19694
5 6515 3602 10707 19695
5 432 7045 7746 19696
5 1303 6770 10959 19697
5 9011 3910 9732 19698
5 1728 7369 10521 19699
5 3861 8587 10291 19700
5 9140 3703 10267 19701
5 6891 3299 10573 19702
5 8945 3313 8946 19703
5 3734 8945 8946 19704
5 4540 9137 11293 19705
5 7825 2094 9941 19706
5 9137 1228 11293 19707
5 2843 7756 9591 19708
5 3875 7697 11258 19709
5 7023 3263 10591 19710
5 3307 8573 10826 19711
5 282 8561 9243 19712
5 4556 8435 8693 19713
5 4041 7033 10184 19714
5 8046 4634 10666 19715
5 3794 8386 10929 19716
5 7374 3381 7375 19717
5 8593 1821 9834 19718
5 3091 6937 10373 19719
5 4399 6152 11223 19720
5 31 7448 9814 19721
5 1709 9886 10228 19722
5 3216 6521 7969 19723
5 8938 1376 10903 19724
5 1788 9296 10708 19725
5 4939 10185 10886 19726
5 7697 114 11258 19727
5 6305 3813 8947 19728
5 3206 7674 9325 19729
5 1646 7869 9629 19730
5 6783 2783 10997 19731
5 9800 4541 10360 19732
5 7663 5680 10361 19733
5 6333 3545 8527 19734
5 7217 3627 9891 19735
5 6154 4399 11223 19736
5 1862 7490 10046 19737
5 7490 3478 10046 19738
5 8810 1095 9666 19739
5 2783 6783 11037 19740
5 7380 3546 10498 19741
5 7448 3461 9814 19742
5 1662 6477 9330 19743
5 3543 6901 11067 19744
5 9015 3675 9817 19745
5 1922 8326 10833 19746
5 8326 3986 10833 19747
5 8146 1999 10881 19748
5 1375 6565 10645 19749
5 1851 7927 9791 19750
5 9017 4183 9555 19751
5 8296 3593 10056 19752
5 4139 8987 9472 19753
5 7771 3136 9297 19754
5 364 7216 7700 19755
5 5475 7295 10155 19756
5 2680 7239 9970 19757
5 8392 1083 10596 19758
5 3941 8392 10596 19759
5 2593 7196 10683 19760
5 7196 3541 10683 19761
5 8216 3508 9565 19762
5 9347 3506 10792 19763
5 8267 3093 8938 19764
5 3117 8212 8985 19765
5 8329 3326 9050 19766
5 3627 10302 11122 19767
5 783 8640 10635 19768
5 7862 4768 9219 19769
5 8251 2896 10481 19770
5 143 8088 10866 19771
5 1058 8771 10616 19772
5 8730 558 10280 19773
5 2588 7025 10477 19774
5 3302 7888 10020 19775
5 7584 1560 9522 19776
5 6876 2506 10951 19777
5 9965 3710 10022 19778
5 3658 7017 10411 19779
5 4842 7830 9295 19780
5 7481 3507 10787 19781
5 7557 9731 9736 19782
5 3493 8035 10475 19783
5 7284 3343 9861 19784
5 3370 7038 10375 19785
5 3462 8073 8919 19786
5 9399 3660 11177 19787
5 7020 4821 10425 19788
5 2420 7794 11242 19789
5 7794 3888 11242 19790
5 9488 1251 10889 19791
5 8975 3703 9944 19792
5 1672 8376 8944 19793
5 7968 3332 9182 19794
5 7345 2581 9999 19795
5 1693 7473 9637 19796
5 4090 7090 10279 19797
5 6893 3456 10791 19798
5 4611 2648 7588 19799
5 3298 9114 9115 19800
5 9114 3869 9115 19801
5 2449 7930 9210 19802
5 7994 3225 9197 19803
5 7563 2689 10214 19804
5 1298 8997 10797 19805
5 7268 2669 9934 19806
5 3957 8975 9944 19807
5 6828 4097 11092 19808
5 5162 7994 9197 19809
5 9892 2000 10953 19810
5 3708 7544 10932 19811
5 7544 1721 10932 19812
5 3403 6876 10951 19813
5 1821 8870 9553 19814
5 3418 7087 10313 19815
5 2581 7345 10742 19816
5 7345 3599 10742 19817
5 4025 9200 10907 19818
5 1872 9214 10634 19819
5 9214 4301 10634 19820
5 7109 1684 10967 19821
5 3052 5409 7762 19822
5 4456 1999 10823 19823
5 10116 3832 10888 19824
5 349 9107 9508 19825
5 7765 1974 9655 19826
5 3451 7765 9655 19827
5 3996 9433 9541 19828
5 9433 3393 9541 19829
5 1410 7177 10153 19830
5 7258 3316 10940 19831
5 1999 4456 10880 19832
5 9090 3586 10136 19833
5 7339 2018 10035 19834
5 3402 7339 10035 19835
5 7363 1663 10332 19836
5 1998 6982 11009 19837
5 7169 5594 10252 19838
5 8376 3873 8944 19839
5 7434 1837 10049 19840
5 8112 3991 9271 19841
5 2833 8112 9271 19842
5 9894 4353 11305 19843
5 3620 8704 9827 19844
5 9317 3466 10510 19845
5 8957 7418 10786 19846
5 1889 10181 10973 19847
5 7372 3530 9847 19848
5 3589 7415 9828 19849
5 8022 6164 9992 19850
5 3955 7057 10463 19851
5 6586 4108 10765 19852
5 8421 3612 9052 19853
5 7957 3376 9259 19854
5 7602 2662 9280 19855
5 1844 9008 10879 19856
5 9008 4281 10879 19857
5 8555 3738 9797 19858
5 8904 4748 9837 19859
5 1268 8555 9797 19860
5 6912 3106 7628 19861
5 2889 5365 7322 19862
5 3099 7175 10208 19863
5 2384 6964 10622 19864
5 3013 7899 10643 19865
5 1282 7725 9638 19866
5 3158 7774 9421 19867
5 6923 3245 10911 19868
5 6980 3005 10722 19869
5 2040 9333 11265 19870
5 5241 9823 9825 19871
5 2551 7778 11180 19872
5 3551 7109 10967 19873
5 8697 3095 8792 19874
5 3321 8361 10598 19875
5 3271 9158 9438 19876
5 8115 1726 10250 19877
5 3581 6604 11193 19878
5 7508 4338 9706 19879
5 5091 9216 11026 19880
5 7333 3588 10764 19881
5 2581 7333 10764 19882
5 9333 4574 11265 19883
5 7066 4025 10515 19884
5 4538 6819 10953 19885
5 4243 1989 9546 19886
5 4504 9098 10531 19887
5 9098 1869 10531 19888
5 8801 5148 9467 19889
5 7074 1317 10489 19890
5 3872 6859 11230 19891
5 7789 5150 10930 19892
5 9416 2984 9780 19893
5 9823 3188 9825 19894
5 4607 6870 11189 19895
5 8406 2852 9270 19896
5 1013 6668 10499 19897
5 4765 9439 10304 19898
5 3135 8629 8855 19899
5 6265 1203 10542 19900
5 7443 2920 10424 19901
5 1498 6139 10287 19902
5 10387 4629 10962 19903
5 7365 3733 8931 19904
5 5227 8431 9311 19905
5 8431 3172 9311 19906
5 2125 8214 9925 19907
5 7323 471 9842 19908
5 9463 3547 9637 19909
5 7418 1550 9377 19910
5 3341 1315 10433 19911
5 3457 7979 9857 19912
5 7413 1863 9879 19913
5 3057 7588 9664 19914
5 9990 4387 10885 19915
5 7667 5163 10572 19916
5 4500 7631 9619 19917
5 5284 8542 11087 19918
5 8560 3535 9205 19919
5 3343 7284 10799 19920
5 7227 3251 10214 19921
5 7217 1108 11147 19922
5 6902 2462 11144 19923
5 3627 7217 11147 19924
5 1659 8885 9192 19925
5 2864 7010 9576 19926
5 8885 3772 9192 19927
5 6610 2589 11250 19928
5 4052 7592 10521 19929
5 2927 7658 9612 19930
5 8150 1516 10970 19931
5 7303 5785 10858 19932
5 1305 7394 9622 19933
5 7008 2841 10910 19934
5 2637 7552 10981 19935
5 3464 7363 10332 19936
5 7548 4021 9951 19937
5 1313 8337 10704 19938
5 5071 8072 9273 19939
5 7314 3405 10094 19940
5 3611 7744 10390 19941
5 7744 1672 10390 19942
5 1896 8532 10755 19943
5 8532 4569 10755 19944
5 4641 2657 7621 19945
5 8828 1783 10156 19946
5 2096 7799 10709 19947
5 3518 7213 10732 19948
5 1470 7138 10465 19949
5 7213 1962 10732 19950
5 9455 6515 10707 19951
5 6977 3646 10899 19952
5 7619 3378 10781 19953
5 8101 3589 9828 19954
5 4046 7846 9617 19955
5 4097 7303 10858 19956
5 8136 3226 9241 19957
5 7428 3222 7779 19958
5 1945 8465 11232 19959
5 2179 7163 10053 19960
5 6964 3462 10622 19961
5 7973 1647 10061 19962
5 6809 3471 10201 19963
5 2541 10718 10730 19964
5 2988 6979 10934 19965
5 10718 4957 10730 19966
5 7574 3172 9778 19967
5 3495 10175 10801 19968
5 7799 3707 10709 19969
5 7485 1987 9884 19970
5 1164 9375 9562 19971
5 9375 4795 9562 19972
5 3812 7742 11290 19973
5 7572 3638 11015 19974
5 7715 1557 9617 19975
5 2037 11022 11059 19976
5 7889 1130 9740 19977
5 2692 7097 10649 19978
5 8232 1645 9200 19979
5 7483 5097 9908 19980
5 3522 9626 11178 19981
5 7425 3355 10555 19982
5 1647 8030 10061 19983
5 2791 7826 10012 19984
5 7826 3534 10012 19985
5 7609 3261 10588 19986
5 7289 2657 10356 19987
5 8041 2895 10279 19988
5 1777 2979 9724 19989
5 5245 4172 10813 19990
5 2163 8461 10661 19991
5 3414 8180 9247 19992
5 7540 3558 10859 19993
5 7977 4368 9893 19994
5 3274 6728 8100 19995
5 8494 1819 9656 19996
5 3994 8061 9946 19997
5 1082 7398 10469 19998
5 6737 3297 8097 19999
5 9085 4057 9087 20000
5 3232 9085 9087 20001
5 2391 7977 9893 20002
5 3042 7592 10673 20003
5 7406 1082 10469 20004
5 4640 9452 9453 20005
5 9452 3183 9453 20006
5 7385 1882 9256 20007
5 7482 1977 10297 20008
5 3484 7482 10297 20009
5 2597 6933 10945 20010
5 3088 7621 10121 20011
5 9479 1044 10346 20012
5 6709 3537 11118 20013
5 2023 7839 10071 20014
5 7235 3482 10385 20015
5 3356 8263 10291 20016
5 8422 2328 9106 20017
5 5137 7464 10488 20018
5 4495 2007 10662 20019
5 1173 8017 9968 20020
5 8132 3405 9550 20021
5 1826 6254 11032 20022
5 5428 7324 8962 20023
5 3595 7076 11157 20024
5 2185 7557 8638 20025
5 387 7032 10876 20026
5 3027 7271 10320 20027
5 7157 4664 10584 20028
5 9984 4740 11079 20029
5 3677 9984 11079 20030
5 4108 6117 10765 20031
5 6951 3139 7661 20032
5 4864 7656 10117 20033
5 3660 10545 11177 20034
5 7785 5073 9766 20035
5 2007 4495 11095 20036
5 3362 7190 9886 20037
5 9781 3401 9949 20038
5 1307 8233 10429 20039
5 2591 7015 11018 20040
5 1927 7535 10347 20041
5 7535 3512 10347 20042
5 1534 6946 11308 20043
5 7742 1360 11290 20044
5 8467 1949 10834 20045
5 3561 7567 11039 20046
5 1033 8730 10066 20047
5 5716 8467 10834 20048
5 8846 241 11288 20049
5 4290 8846 11288 20050
5 3361 7423 10985 20051
5 4346 9874 10614 20052
5 4691 9616 10693 20053
5 3153 7159 7700 20054
5 3791 9111 9408 20055
5 7032 386 7962 20056
5 7704 3395 9721 20057
5 3184 8176 9261 20058
5 8010 3516 8294 20059
5 1144 7814 10675 20060
5 1726 8887 10250 20061
5 8017 2823 9968 20062
5 3149 8755 9254 20063
5 2756 8160 11170 20064
5 1669 8540 9906 20065
5 3294 8591 9323 20066
5 8591 4547 9323 20067
5 2843 7707 11212 20068
5 391 7086 8100 20069
5 10091 1720 10243 20070
5 7301 3655 10350 20071
5 7068 388 10876 20072
5 389 7068 10870 20073
5 7086 390 10870 20074
5 10146 1621 10663 20075
5 3924 8782 10262 20076
5 8971 2938 9345 20077
5 8782 2534 10262 20078
5 7411 2876 9858 20079
5 1817 9378 10316 20080
5 9443 350 9508 20081
5 3852 8968 9239 20082
5 8195 1859 10058 20083
5 7313 2118 10611 20084
5 3502 8770 11051 20085
5 7256 2902 10022 20086
5 8273 4938 11279 20087
5 7106 3466 11204 20088
5 1639 7021 11123 20089
5 7495 634 10047 20090
5 3608 7295 9177 20091
5 7451 2005 10119 20092
5 8457 3479 11131 20093
5 7786 1415 10563 20094
5 6938 3150 10825 20095
5 3929 8988 9366 20096
5 8020 3637 10966 20097
5 8436 1740 10476 20098
5 3559 5642 8719 20099
5 5579 1212 9288 20100
5 4931 7795 10776 20101
5 3443 7501 10152 20102
5 3855 8825 10029 20103
5 1697 8241 9919 20104
5 8225 3379 10195 20105
5 7501 1938 10152 20106
5 8825 2383 10029 20107
5 3499 7409 11012 20108
5 3063 8147 9397 20109
5 6938 3425 9489 20110
5 3353 6620 10285 20111
5 7208 1820 10626 20112
5 3024 7099 10988 20113
5 3297 6595 8097 20114
5 3545 7713 8527 20115
5 3217 10371 11133 20116
5 3572 7840 9666 20117
5 7329 2588 10477 20118
5 9084 4275 9485 20119
5 3845 8436 10476 20120
5 1014 5663 11268 20121
5 4911 8192 10461 20122
5 1095 7127 10895 20123
5 7112 1361 10621 20124
5 7321 3575 10409 20125
5 7852 3305 9675 20126
5 1240 7080 11035 20127
5 1966 7050 10304 20128
5 7453 4316 10179 20129
5 7459 3870 10181 20130
5 1685 7951 11192 20131
5 10364 4433 10727 20132
5 3304 7912 9362 20133
5 1328 7220 11183 20134
5 4254 7274 10529 20135
5 9927 1587 9950 20136
5 8683 2999 9234 20137
5 7381 1225 10322 20138
5 1643 7309 10473 20139
5 6157 1453 10305 20140
5 3469 9326 9356 20141
5 9326 3827 9356 20142
5 2886 8528 11105 20143
5 7835 3615 11186 20144
5 3377 8225 10413 20145
5 3444 7874 9681 20146
5 7138 1470 11222 20147
5 2002 8970 9072 20148
5 3578 7138 11222 20149
5 8970 3797 9072 20150
5 7198 2581 10764 20151
5 8095 1476 10467 20152
5 7832 1481 9976 20153
5 9932 1920 10935 20154
5 4246 8683 9234 20155
5 7704 3409 10133 20156
5 3662 7329 10477 20157
5 7536 3490 10381 20158
5 1684 7536 10381 20159
5 3388 7155 11109 20160
5 7114 2568 11047 20161
5 4149 8087 9522 20162
5 3487 9045 9906 20163
5 6487 4098 10679 20164
5 10385 1240 10532 20165
5 7041 1651 10299 20166
5 1337 7312 9998 20167
5 5946 6824 10570 20168
5 455 7421 11261 20169
5 8281 1242 10267 20170
5 9083 1841 11301 20171
5 3703 8281 10267 20172
5 2048 10387 10962 20173
5 3433 7683 9950 20174
5 2821 9042 9973 20175
5 7468 2774 11224 20176
5 1044 9479 9623 20177
5 9479 4408 9623 20178
5 427 7428 7779 20179
5 8652 3690 9718 20180
5 1047 8652 9718 20181
5 4518 2375 11273 20182
5 3131 1777 9945 20183
5 9889 3625 10398 20184
5 3419 7816 11124 20185
5 1374 7763 11074 20186
5 8491 1532 9646 20187
5 7442 4722 11292 20188
5 7458 2879 10289 20189
5 7244 666 10779 20190
5 2574 8925 9330 20191
5 8228 2158 9494 20192
5 3474 8228 9494 20193
5 1751 7176 10900 20194
5 7763 4847 11214 20195
5 4875 1234 10786 20196
5 7754 1465 9902 20197
5 4354 9336 9955 20198
5 3711 9126 10607 20199
5 1476 7410 10467 20200
5 7096 3518 11221 20201
5 1840 7106 11204 20202
5 7420 1386 10980 20203
5 8603 4325 9396 20204
5 1318 8180 10138 20205
5 1362 6055 7701 20206
5 2870 8507 10290 20207
5 8507 4111 10290 20208
5 3432 7626 10103 20209
5 7249 2622 10771 20210
5 1749 8132 9550 20211
5 3615 10620 11186 20212
5 10412 3848 10875 20213
5 10620 5012 11186 20214
5 7901 1708 10571 20215
5 3649 7901 10571 20216
5 4788 10412 10875 20217
5 351 9443 10191 20218
5 7039 1111 9670 20219
5 9164 1781 10081 20220
5 52 7948 11275 20221
5 8352 1965 9217 20222
5 10054 3914 10755 20223
5 4569 10054 10755 20224
5 7812 1122 10890 20225
5 6254 7432 11032 20226
5 8575 1636 11097 20227
5 4056 8575 11097 20228
5 1044 7486 10346 20229
5 7488 4024 10335 20230
5 7948 3938 11275 20231
5 1889 8338 10181 20232
5 4393 7169 10252 20233
5 3607 9714 10288 20234
5 9714 4260 10288 20235
5 7215 4559 10924 20236
5 4252 8915 9331 20237
5 1620 7457 10394 20238
5 8561 3387 9243 20239
5 7725 3511 9638 20240
5 3632 7115 11280 20241
5 4122 9005 9096 20242
5 9005 1223 9096 20243
5 9426 978 10232 20244
5 2077 7954 9766 20245
5 450 7470 11312 20246
5 7889 2941 9208 20247
5 3115 7832 9976 20248
5 8596 3014 9340 20249
5 2429 6567 10893 20250
5 2310 10538 10546 20251
5 10538 4671 10546 20252
5 7775 1691 11174 20253
5 1659 9192 10475 20254
5 7877 3258 9841 20255
5 3756 7775 11174 20256
5 10590 4061 10900 20257
5 875 7481 10787 20258
5 3500 7405 10533 20259
5 2078 8098 10815 20260
5 1465 8788 9902 20261
5 8788 3781 9902 20262
5 9088 5012 10620 20263
5 2442 9088 10620 20264
5 7000 3164 7705 20265
5 1492 7160 11153 20266
5 1930 9093 10087 20267
5 7284 1623 10799 20268
5 7035 4411 9993 20269
5 7939 1411 9785 20270
5 3180 8367 9413 20271
5 3289 7825 9941 20272
5 9675 1889 10973 20273
5 10045 1237 10399 20274
5 4480 10045 10399 20275
5 4704 2701 7829 20276
5 2945 7185 11107 20277
5 7220 3504 11183 20278
5 7858 3156 9905 20279
5 7506 3850 10389 20280
5 3047 8801 9467 20281
5 2941 7889 9740 20282
5 7693 3102 10165 20283
5 9179 3851 9716 20284
5 3688 9179 9716 20285
5 8390 4581 9405 20286
5 7292 2207 10624 20287
5 9289 3578 9961 20288
5 1776 7425 10555 20289
5 7898 2187 10569 20290
5 7383 1893 10625 20291
5 2712 7738 10923 20292
5 2231 7154 11249 20293
5 8775 1090 9651 20294
5 4293 8775 9651 20295
5 7379 1084 10636 20296
5 8256 1654 9723 20297
5 9661 353 9672 20298
5 8631 4433 9722 20299
5 1893 7383 10632 20300
5 469 9237 9665 20301
5 9561 1262 9913 20302
5 4412 9561 9913 20303
5 9082 3773 9083 20304
5 3443 9082 9083 20305
5 4430 10188 10297 20306
5 1649 7258 10940 20307
5 10347 3512 10532 20308
5 6926 2818 9854 20309
5 10188 3484 10297 20310
5 4577 10347 10532 20311
5 3042 7648 8916 20312
5 3731 8095 10467 20313
5 1858 7704 10133 20314
5 9714 1850 11122 20315
5 4258 9182 11149 20316
5 3667 7205 11143 20317
5 4489 9500 11187 20318
5 9500 1928 11187 20319
5 1814 8343 9534 20320
5 9374 4015 11181 20321
5 4424 9374 11181 20322
5 3918 8256 9723 20323
5 4206 9329 11062 20324
5 3359 8462 9628 20325
5 8409 5122 9900 20326
5 7910 3389 9932 20327
5 7519 2701 10613 20328
5 8462 5162 9628 20329
5 3308 8987 10817 20330
5 7900 4696 10090 20331
5 896 7540 10859 20332
5 7264 298 11096 20333
5 9672 352 10191 20334
5 4764 2551 11180 20335
5 2020 8773 9175 20336
5 3106 7829 10356 20337
5 3378 7377 10781 20338
5 9390 4728 9587 20339
5 7818 2186 11098 20340
5 1842 7453 10957 20341
5 1958 8470 10770 20342
5 3155 5556 7173 20343
5 7378 1174 10854 20344
5 733 7599 11103 20345
5 3217 7542 10371 20346
5 1249 7952 10845 20347
5 9056 3308 10817 20348
5 7 9449 10517 20349
5 9236 1382 10580 20350
5 8490 1079 9671 20351
5 8755 4054 9254 20352
5 10916 1978 10989 20353
5 7691 1687 10678 20354
5 3588 7691 10678 20355
5 7888 1736 10020 20356
5 3340 8593 9834 20357
5 1403 7348 9132 20358
5 9237 468 10032 20359
5 10736 4119 11282 20360
5 1501 7778 8002 20361
5 1591 7289 9794 20362
5 2269 7992 10211 20363
5 7482 3484 10641 20364
5 1895 9054 10846 20365
5 3487 7408 11313 20366
5 8145 3982 9791 20367
5 8039 4036 9897 20368
5 8581 776 10137 20369
5 7974 5610 10343 20370
5 4204 8380 11040 20371
5 7045 3195 7746 20372
5 8278 2608 9860 20373
5 5709 8004 10272 20374
5 8587 3861 9101 20375
5 7785 3279 10519 20376
5 8787 3696 9931 20377
5 2045 7647 10255 20378
5 8218 3999 9743 20379
5 9171 3638 10966 20380
5 1382 6851 10580 20381
5 3802 9893 10937 20382
5 4439 6333 8527 20383
5 3346 7420 10980 20384
5 3203 8465 9487 20385
5 1612 7608 10494 20386
5 9205 4681 10082 20387
5 3555 8796 9289 20388
5 4850 8278 9860 20389
5 9876 1927 10347 20390
5 2345 8603 9396 20391
5 4577 9876 10347 20392
5 8398 4716 9568 20393
5 7276 3638 9171 20394
5 8668 1971 10539 20395
5 815 8029 10560 20396
5 3501 8727 10005 20397
5 8607 3348 9409 20398
5 4780 7928 10536 20399
5 8337 1313 10814 20400
5 1104 7459 10768 20401
5 9314 4698 10333 20402
5 2823 6065 9968 20403
5 4301 9215 11148 20404
5 9215 1103 11148 20405
5 2844 7478 10739 20406
5 354 9661 10395 20407
5 4098 6177 10679 20408
5 3416 9608 9892 20409
5 9207 2941 10266 20410
5 8384 3756 10522 20411
5 2550 8384 10522 20412
5 1972 8708 11111 20413
5 10207 4471 10503 20414
5 1732 8710 9354 20415
5 10175 4324 10801 20416
5 3563 10207 10503 20417
5 4293 9141 9969 20418
5 3566 7710 10642 20419
5 8452 1615 10493 20420
5 9513 3960 9514 20421
5 3799 8518 10501 20422
5 3467 9513 9514 20423
5 8518 1794 10501 20424
5 8566 2564 10793 20425
5 9798 356 9819 20426
5 7710 2100 10642 20427
5 9921 1284 11146 20428
5 4593 9921 11146 20429
5 7937 3441 10091 20430
5 2767 4930 7780 20431
5 9600 1204 10439 20432
5 2971 7772 10830 20433
5 3602 8234 10707 20434
5 2178 8816 10780 20435
5 9506 1893 9817 20436
5 8816 3991 10780 20437
5 7567 899 11039 20438
5 9146 3782 9147 20439
5 3482 9146 9147 20440
5 97 7870 10849 20441
5 3598 7511 10729 20442
5 7778 2299 11180 20443
5 2792 8245 8271 20444
5 1634 10364 10727 20445
5 5555 3118 7833 20446
5 10119 2005 11150 20447
5 4125 7608 10587 20448
5 2667 7356 11099 20449
5 1582 1979 3260 20450
5 4749 2727 7941 20451
5 3937 7561 7863 20452
5 7439 3583 10984 20453
5 8618 3893 10796 20454
5 413 7577 7863 20455
5 3479 9173 11130 20456
5 8091 1843 10824 20457
5 8968 3386 9239 20458
5 9497 1964 10731 20459
5 7423 1252 10985 20460
5 7409 5280 11012 20461
5 4366 7339 11209 20462
5 195 8349 10173 20463
5 8214 3808 9925 20464
5 8138 3052 10653 20465
5 2155 10680 11296 20466
5 1916 9894 11305 20467
5 7561 414 7863 20468
5 3811 10051 10631 20469
5 7814 3281 10675 20470
5 1860 8608 10106 20471
5 9819 355 10395 20472
5 9268 3676 9506 20473
5 8804 2922 11106 20474
5 9931 1899 10720 20475
5 7701 6055 9430 20476
5 7144 4341 10559 20477
5 8149 3585 10130 20478
5 9893 4368 10937 20479
5 4365 7144 10559 20480
5 8241 3761 9919 20481
5 998 6345 8962 20482
5 8107 1708 10028 20483
5 3229 7953 10976 20484
5 10665 4489 11187 20485
5 7437 1822 11040 20486
5 8915 1699 9331 20487
5 4315 10003 10390 20488
5 10003 3611 10390 20489
5 4032 8666 10008 20490
5 5630 7763 11214 20491
5 8308 3091 10437 20492
5 4479 8375 10418 20493
5 4212 9077 10311 20494
5 1791 7585 11081 20495
5 2033 9265 9847 20496
5 8273 3624 10269 20497
5 8525 1665 10141 20498
5 8716 5606 9818 20499
5 2024 8273 10269 20500
5 4349 7149 10589 20501
5 7751 5207 10753 20502
5 1151 8020 10966 20503
5 1731 7711 10552 20504
5 7987 744 10692 20505
5 7166 1836 11117 20506
5 3261 7557 10588 20507
5 7149 4381 10589 20508
5 5455 8491 9646 20509
5 7745 3221 10520 20510
5 4436 7533 11171 20511
5 2245 10155 10443 20512
5 7533 2924 11171 20513
5 4387 2038 10101 20514
5 7968 4443 11154 20515
5 4570 8578 10447 20516
5 8578 3886 10447 20517
5 2747 7864 10345 20518
5 3188 9741 10480 20519
5 9741 4846 10480 20520
5 7867 1668 10341 20521
5 8156 3173 10013 20522
5 7635 1701 10690 20523
5 2679 5916 10595 20524
5 1920 10442 10935 20525
5 7659 2905 10651 20526
5 8192 2288 10461 20527
5 3673 8525 10141 20528
5 10371 4712 11133 20529
5 8217 5502 10382 20530
5 1453 6064 10305 20531
5 8949 5867 10296 20532
5 7576 410 7929 20533
5 3344 9401 9402 20534
5 8930 1989 10813 20535
5 9401 4194 9402 20536
5 3227 7613 10802 20537
5 2036 9211 10688 20538
5 8756 3908 10705 20539
5 357 9798 10556 20540
5 2831 7548 9951 20541
5 1075 7587 10851 20542
5 1720 7800 10508 20543
5 9567 4471 10207 20544
5 1352 9567 10207 20545
5 3574 7988 10257 20546
5 3139 7941 10613 20547
5 1069 9100 11079 20548
5 4683 7493 11055 20549
5 4210 9963 9964 20550
5 9963 3490 9964 20551
5 8654 3735 10202 20552
5 3301 8654 10202 20553
5 470 9665 9842 20554
5 8004 1203 10272 20555
5 3973 10768 10884 20556
5 3832 9504 10888 20557
5 1945 8756 10705 20558
5 4245 9301 10496 20559
5 9301 1738 10496 20560
5 8387 3227 9960 20561
5 9439 1966 10304 20562
5 7408 2010 11313 20563
5 3199 7489 11105 20564
5 8105 3443 10152 20565
5 7827 3146 9853 20566
5 8988 1787 9366 20567
5 9751 3869 10942 20568
5 4405 9751 10942 20569
5 7855 2893 11127 20570
5 3689 7855 11127 20571
5 603 9019 10194 20572
5 3734 8946 9849 20573
5 8946 1076 9849 20574
5 7690 2727 10863 20575
5 3721 9416 9780 20576
5 1848 8146 10881 20577
5 4227 8026 8054 20578
5 8211 1696 10060 20579
5 7526 1322 11062 20580
5 9761 3471 10682 20581
5 6185 2282 8936 20582
5 8781 1761 9887 20583
5 3299 7885 10573 20584
5 1871 10102 11077 20585
5 3390 7468 11224 20586
5 6017 3939 9543 20587
5 8152 1233 9867 20588
5 5041 8350 9936 20589
5 2009 8024 10302 20590
5 7577 3937 7863 20591
5 8519 5156 9933 20592
5 7609 3704 9024 20593
5 8824 3491 11120 20594
5 7845 1966 10774 20595
5 8769 4300 10663 20596
5 2517 9129 10721 20597
5 7952 3342 10845 20598
5 10107 4441 10701 20599
5 3821 10107 10701 20600
5 8180 3414 10138 20601
5 3939 6021 9543 20602
5 7738 3501 10923 20603
5 5778 3497 7299 20604
5 7152 3927 9383 20605
5 9990 359 10019 20606
5 4530 9889 10398 20607
5 4676 8445 11041 20608
5 9111 1169 9408 20609
5 7637 1289 10936 20610
5 1173 6675 9581 20611
5 9403 6363 9596 20612
5 9988 4501 9989 20613
5 3411 9988 9989 20614
5 2638 7766 10719 20615
5 2091 7857 10892 20616
5 8365 3495 10801 20617
5 1850 9891 11122 20618
5 1778 3131 9945 20619
5 7897 4096 10526 20620
5 1625 9135 10858 20621
5 9135 4097 10858 20622
5 8318 5835 10865 20623
5 3906 8389 9796 20624
5 3417 8296 10056 20625
5 2721 8230 10986 20626
5 1482 6560 11197 20627
5 10019 358 10556 20628
5 2471 7212 10321 20629
5 793 7793 11164 20630
5 2383 8631 9722 20631
5 8439 3115 9976 20632
5 8608 3730 10106 20633
5 7906 3300 10414 20634
5 9142 3155 10662 20635
5 8528 5675 11105 20636
5 2920 8533 10424 20637
5 8870 4012 9553 20638
5 10188 4430 10199 20639
5 1243 10188 10199 20640
5 7571 1892 11149 20641
5 7599 4080 11103 20642
5 4609 10485 10812 20643
5 10485 3629 10812 20644
5 8987 3308 9472 20645
5 4239 10682 10845 20646
5 269 9117 9570 20647
5 9117 3685 9570 20648
5 6333 4439 11023 20649
5 7585 5169 11081 20650
5 2062 7896 11178 20651
5 8663 3573 9940 20652
5 1732 7677 10946 20653
5 9050 3326 10436 20654
5 1299 8618 11051 20655
5 8704 3725 9827 20656
5 1841 8225 10195 20657
5 4239 9761 10682 20658
5 6668 1013 11268 20659
5 7795 1783 10776 20660
5 9352 3701 9484 20661
5 3739 9352 9484 20662
5 1059 10136 11038 20663
5 2774 8178 11224 20664
5 3680 9621 11119 20665
5 6081 1001 6082 20666
5 3546 8807 10498 20667
5 467 9874 10032 20668
5 7632 3662 11077 20669
5 4681 9205 10569 20670
5 3665 7891 11295 20671
5 2311 7607 11182 20672
5 7922 1548 7923 20673
5 9729 3988 11161 20674
5 4439 6339 11023 20675
5 4434 9729 11161 20676
5 8466 6110 11100 20677
5 1863 8466 11100 20678
5 2000 9892 10276 20679
5 8184 3434 10277 20680
5 9439 5459 10774 20681
5 7836 1769 10763 20682
5 3987 8663 11206 20683
5 8663 1814 11206 20684
5 3004 9539 10330 20685
5 9539 4759 10330 20686
5 8119 1775 10386 20687
5 300 8388 10055 20688
5 3090 7992 10864 20689
5 4207 8374 10322 20690
5 2725 8519 9933 20691
5 10682 1249 10845 20692
5 7624 1257 11172 20693
5 3519 7845 10774 20694
5 8902 4945 10684 20695
5 1167 9521 11012 20696
5 9257 5090 9598 20697
5 1364 8091 8146 20698
5 8763 1870 11181 20699
5 4015 8763 11181 20700
5 4816 2770 8134 20701
5 8656 3628 10037 20702
5 3243 7844 10805 20703
5 9370 4119 10735 20704
5 9184 1617 11225 20705
5 3311 9017 9555 20706
5 3285 9084 9485 20707
5 8481 1227 10018 20708
5 5306 9490 11217 20709
5 9409 1872 10634 20710
5 1621 7943 10663 20711
5 9131 3554 11218 20712
5 2031 9370 10735 20713
5 3076 8650 11135 20714
5 8263 2785 10582 20715
5 8234 1600 10707 20716
5 9874 466 10614 20717
5 8773 3710 9175 20718
5 7993 4511 10627 20719
5 8763 4015 9771 20720
5 3155 6456 10662 20721
5 8349 3486 10173 20722
5 360 9990 10885 20723
5 10396 2029 11190 20724
5 7706 4513 11101 20725
5 8270 4554 10452 20726
5 4119 9370 11282 20727
5 5664 8685 10785 20728
5 8447 3410 10098 20729
5 3667 8217 10382 20730
5 9016 1664 9889 20731
5 7688 2388 11173 20732
5 3397 8656 10037 20733
5 5914 8820 10604 20734
5 3762 7987 10692 20735
5 8363 1216 11011 20736
5 5386 8109 10685 20737
5 3580 7012 10275 20738
5 5905 3967 9434 20739
5 1371 8974 10139 20740
5 3323 7807 10979 20741
5 3967 5916 9434 20742
5 5734 10407 10408 20743
5 10407 3319 10408 20744
5 2884 5696 7285 20745
5 4914 8439 9976 20746
5 1981 10033 10700 20747
5 10033 4340 10700 20748
5 9008 3071 10261 20749
5 8974 4193 10139 20750
5 4281 9008 10261 20751
5 8225 1841 10413 20752
5 1251 8404 10889 20753
5 3602 8787 9931 20754
5 8587 3356 10291 20755
5 664 8266 10579 20756
5 9068 1896 10411 20757
5 8129 3140 10448 20758
5 8307 4385 10648 20759
5 3659 8985 10743 20760
5 3406 8452 10493 20761
5 3218 7654 10981 20762
5 8987 1932 10817 20763
5 1363 7522 10490 20764
5 8708 3870 11111 20765
5 3855 8046 10666 20766
5 8739 3597 10169 20767
5 8361 3321 10246 20768
5 1238 9433 9928 20769
5 9433 3996 9928 20770
5 8404 3768 10889 20771
5 8092 637 10891 20772
5 1814 8663 9940 20773
5 3675 9268 9506 20774
5 9211 4286 10688 20775
5 2218 7947 11134 20776
5 7870 3884 10849 20777
5 9526 4862 9528 20778
5 4720 10396 11190 20779
5 3238 9526 9528 20780
5 3609 9384 10917 20781
5 3479 11130 11131 20782
5 11130 6099 11131 20783
5 5095 7848 11250 20784
5 1800 3121 10123 20785
5 8989 4253 10543 20786
5 4433 8508 10727 20787
5 1549 7168 10110 20788
5 9717 4208 9995 20789
5 1205 9717 9995 20790
5 4420 9966 10856 20791
5 3076 8633 11253 20792
5 7614 3933 11253 20793
5 7891 2161 11295 20794
5 1574 8789 9862 20795
5 7954 4888 10928 20796
5 8040 1219 10746 20797
5 3121 1778 10123 20798
5 4699 10522 11174 20799
5 10522 3756 11174 20800
5 1772 9725 10427 20801
5 3617 9390 9587 20802
5 9292 3573 11031 20803
5 1992 3297 10681 20804
5 3720 5684 9564 20805
5 3917 8308 10437 20806
5 8844 4787 10145 20807
5 8044 4262 8544 20808
5 3710 8773 9935 20809
5 1942 7534 10960 20810
5 8465 3203 11232 20811
5 4509 8106 10766 20812
5 8854 4489 10665 20813
5 3164 8134 10863 20814
5 8731 5351 9858 20815
5 1770 9257 9598 20816
5 8204 1246 11055 20817
5 4401 8286 10453 20818
5 8203 1307 10429 20819
5 7914 2770 11093 20820
5 1577 8226 10550 20821
5 9205 3535 10569 20822
5 5683 1123 9840 20823
5 260 7880 11115 20824
5 7880 4177 11115 20825
5 7295 3608 10155 20826
5 5788 9080 11239 20827
5 8163 2068 11053 20828
5 3694 8163 11053 20829
5 5056 8464 10247 20830
5 2936 9499 10380 20831
5 1556 8904 9837 20832
5 1105 9967 10759 20833
5 9967 4307 10759 20834
5 1797 8989 10543 20835
5 86 8104 8800 20836
5 1740 8436 10357 20837
5 3539 7823 11176 20838
5 8495 2882 11027 20839
5 3475 8581 10137 20840
5 7896 2062 11041 20841
5 8720 2837 10067 20842
5 8727 1924 10005 20843
5 9725 3714 10427 20844
5 3440 7936 11251 20845
5 4097 9135 11092 20846
5 9135 3097 11092 20847
5 8233 4154 10429 20848
5 9998 7312 10581 20849
5 7167 1916 11305 20850
5 1717 7906 10414 20851
5 1366 9029 10917 20852
5 9029 4166 10917 20853
5 7946 4325 11009 20854
5 8132 3753 10740 20855
5 10136 3586 11038 20856
5 3866 8804 11106 20857
5 3682 5772 8538 20858
5 2941 9207 9208 20859
5 3645 9015 9817 20860
5 9577 1076 10419 20861
5 1231 9325 11297 20862
5 5775 3682 8538 20863
5 2986 8218 10648 20864
5 1315 3341 9554 20865
5 7947 3591 11134 20866
5 8501 3980 10651 20867
5 2905 8501 10651 20868
5 1201 8725 11001 20869
5 4857 2788 8274 20870
5 7820 3579 11243 20871
5 9498 1963 9779 20872
5 3814 9498 9779 20873
5 7884 3926 9596 20874
5 8972 1605 10773 20875
5 3911 3874 4013 20876
5 3315 9659 9970 20877
5 3883 8092 10891 20878
5 6339 4439 9406 20879
5 3310 8210 11264 20880
5 8127 2089 10841 20881
5 3946 10665 11187 20882
5 8940 5519 9642 20883
5 7964 5507 10842 20884
5 1047 8173 11162 20885
5 8173 3706 11162 20886
5 7780 3153 10815 20887
5 3271 8679 10945 20888
5 9073 3159 10272 20889
5 2309 9765 10256 20890
5 9765 4028 10256 20891
5 2043 8165 10838 20892
5 3755 7812 10890 20893
5 3599 10218 10219 20894
5 10218 4269 10219 20895
5 3689 8814 11073 20896
5 8262 4084 10704 20897
5 8016 4056 11097 20898
5 2760 8403 10922 20899
5 9278 3457 9857 20900
5 8263 1638 10291 20901
5 9203 4940 10929 20902
5 1837 9268 10049 20903
5 9045 1669 9906 20904
5 8829 4784 11213 20905
5 9779 3919 10251 20906
5 8361 1842 10598 20907
5 2904 8320 10745 20908
5 7385 4445 10906 20909
5 8674 1127 10340 20910
5 3659 8674 10340 20911
5 1766 8739 10169 20912
5 8625 1742 10669 20913
5 2528 8116 10998 20914
5 8117 3440 11251 20915
5 8533 4305 10424 20916
5 9657 3568 11129 20917
5 8212 5410 10868 20918
5 8553 2901 9595 20919
5 4775 2091 10943 20920
5 1592 7519 10405 20921
5 1632 8971 9345 20922
5 293 9033 10952 20923
5 8894 5774 11274 20924
5 5409 3052 8138 20925
5 3189 8757 10627 20926
5 8311 1634 10727 20927
5 4847 8000 10443 20928
5 9042 4473 9973 20929
5 4248 8155 10970 20930
5 1949 8253 10834 20931
5 1781 7905 10081 20932
5 9033 4709 10052 20933
5 3626 9033 10052 20934
5 8253 3639 10834 20935
5 1291 9024 9573 20936
5 8763 3301 10202 20937
5 3498 5778 7325 20938
5 2091 4775 11142 20939
5 9143 4280 10986 20940
5 10964 1799 11043 20941
5 3195 8274 11093 20942
5 6819 3416 10953 20943
5 3473 6311 11234 20944
5 9699 4249 10138 20945
5 3414 9699 10138 20946
5 3631 7292 10624 20947
5 8187 4631 10963 20948
5 1831 8844 10145 20949
5 8696 2971 10830 20950
5 9676 1199 10317 20951
5 6051 8522 11169 20952
5 1267 8105 11138 20953
5 8105 3650 11138 20954
5 6667 3497 11142 20955
5 9140 1813 9944 20956
5 9679 7522 10203 20957
5 8638 3073 10345 20958
5 8024 3809 11300 20959
5 3267 8940 9642 20960
5 3703 9140 9944 20961
5 4453 8963 10771 20962
5 8133 3525 9715 20963
5 9693 5404 11267 20964
5 4809 8576 10486 20965
5 1861 8123 11217 20966
5 8123 3671 11217 20967
5 3496 8686 10361 20968
5 1270 8219 10954 20969
5 3438 8337 10814 20970
5 10172 4475 10748 20971
5 1997 10172 10748 20972
5 3297 1993 10681 20973
5 3763 8318 10865 20974
5 3590 8566 10793 20975
5 8461 3347 10661 20976
5 8730 3581 10066 20977
5 1610 8365 10801 20978
5 1593 7690 10513 20979
5 6251 2941 9740 20980
5 3266 8446 10712 20981
5 3253 8716 9818 20982
5 7919 1463 10775 20983
5 3447 9481 10564 20984
5 2924 8155 11171 20985
5 9582 2040 11265 20986
5 8160 4966 11170 20987
5 8827 1740 10357 20988
5 3927 7152 9113 20989
5 4509 10197 11254 20990
5 8198 3175 10806 20991
5 3656 8666 10534 20992
5 1845 9178 11246 20993
5 9178 4088 11246 20994
5 4261 9582 11265 20995
5 2007 9142 10662 20996
5 2884 6666 10943 20997
5 258 8217 11143 20998
5 8217 3667 11143 20999
5 1742 8836 10669 21000
5 1844 9289 9961 21001
5 3612 8234 10720 21002
5 2004 10116 10888 21003
5 9564 6926 9854 21004
5 7432 4170 11032 21005
5 8777 2278 10860 21006
5 8633 3076 11179 21007
5 7979 1034 9857 21008
5 8470 3429 10770 21009
5 4224 9704 11049 21010
5 9704 2562 11049 21011
5 3731 10467 11259 21012
5 4629 8785 10962 21013
5 9336 3412 9955 21014
5 8408 3617 11196 21015
5 8515 3540 10715 21016
5 3829 10139 10497 21017
5 8666 1926 10534 21018
5 4126 9738 10737 21019
5 9738 2034 10737 21020
5 1170 9207 10266 21021
5 8973 2485 10703 21022
5 2876 8731 9858 21023
5 10904 4110 11219 21024
5 3508 10170 11205 21025
5 3933 8972 10773 21026
5 3375 8949 10296 21027
5 8686 1879 10361 21028
5 1379 8408 11196 21029
5 9773 5376 11073 21030
5 1485 9773 11073 21031
5 8375 2048 10962 21032
5 8937 1928 10647 21033
5 3803 8937 10647 21034
5 9268 3675 10049 21035
5 10195 4226 11301 21036
5 1130 8223 9740 21037
5 1928 8937 11187 21038
5 8937 3946 11187 21039
5 3779 8633 11179 21040
5 5602 7871 10248 21041
5 3088 5809 7582 21042
5 8558 255 11006 21043
5 3853 8558 11006 21044
5 4331 10466 10989 21045
5 10122 4110 10904 21046
5 8981 2772 9406 21047
5 9892 4161 10276 21048
5 8640 3446 10635 21049
5 9378 6079 10316 21050
5 8807 1759 10498 21051
5 4447 8037 11013 21052
5 8784 1577 10550 21053
5 4113 8784 10550 21054
5 7713 1877 8527 21055
5 8737 3728 11117 21056
5 4472 8399 11011 21057
5 9227 3202 10134 21058
5 7375 3381 9865 21059
5 10042 4169 10712 21060
5 9093 3890 10087 21061
5 9009 1766 10318 21062
5 3502 8618 10796 21063
5 4043 10543 10751 21064
5 8573 820 10826 21065
5 9026 5596 11110 21066
5 2606 9026 11110 21067
5 1415 9552 10563 21068
5 7908 3310 11264 21069
5 1322 9744 11062 21070
5 9744 4206 11062 21071
5 9452 1519 11002 21072
5 9552 3966 10563 21073
5 1966 9439 10774 21074
5 1214 8303 11263 21075
5 4456 6390 10760 21076
5 3203 9258 11232 21077
5 1130 7572 11015 21078
5 8767 1705 11066 21079
5 1437 9772 9782 21080
5 4877 2573 11010 21081
5 8875 3307 10549 21082
5 6399 4456 10760 21083
5 11198 2049 11233 21084
5 10139 4193 10497 21085
5 6717 3580 11200 21086
5 8738 3539 10687 21087
5 7767 1115 11003 21088
5 1048 9663 10990 21089
5 9659 4970 9970 21090
5 1943 10219 10816 21091
5 10219 4269 10816 21092
5 8017 3459 10456 21093
5 9054 3422 10846 21094
5 4420 8495 11027 21095
5 2142 9575 10905 21096
5 2573 4877 11200 21097
5 4492 10699 10912 21098
5 10699 1581 10912 21099
5 8458 1695 9935 21100
5 3498 6718 11010 21101
5 8223 6251 9740 21102
5 8588 3708 10932 21103
5 10748 4475 10889 21104
5 4530 9016 9889 21105
5 3670 8022 9992 21106
5 3573 8663 10862 21107
5 4320 8696 10830 21108
5 9202 5021 10336 21109
5 1971 5151 10539 21110
5 10543 4253 10751 21111
5 1519 8854 10665 21112
5 10466 4048 10989 21113
5 3175 9600 10439 21114
5 2126 10094 10740 21115
5 9168 3654 10374 21116
5 8555 3694 11053 21117
5 3106 5869 7628 21118
5 3768 10748 10889 21119
5 3785 8511 11150 21120
5 4063 7718 10402 21121
5 8747 1757 10836 21122
5 8779 3189 11202 21123
5 1705 8572 11066 21124
5 3581 8730 10280 21125
5 4495 6456 10839 21126
5 8522 3867 11169 21127
5 6457 4495 10839 21128
5 3491 8824 10798 21129
5 3633 9577 10419 21130
5 3314 8983 11116 21131
5 9608 4161 9892 21132
5 8681 3674 10964 21133
5 3368 7576 7929 21134
5 1836 8737 11117 21135
5 3459 8017 9470 21136
5 9114 1961 10942 21137
5 3869 9114 10942 21138
5 10251 3919 10904 21139
5 9947 2205 10003 21140
5 4315 9947 10003 21141
5 9192 3493 10475 21142
5 3672 8777 10860 21143
5 9635 3633 10419 21144
5 8259 1048 10990 21145
5 5045 10331 10332 21146
5 10331 3464 10332 21147
5 2841 8537 10910 21148
5 8708 3740 10973 21149
5 9645 3406 10493 21150
5 7557 2185 10588 21151
5 3097 9379 11092 21152
5 7839 1403 7857 21153
5 9521 3499 11012 21154
5 10381 5588 10967 21155
5 8679 3271 11071 21156
5 8770 4327 11051 21157
5 3637 9171 10966 21158
5 4717 10149 10157 21159
5 10880 3154 10881 21160
5 3993 8590 11311 21161
5 3128 10823 10824 21162
5 10149 3509 10157 21163
5 1181 8144 11310 21164
5 9879 1863 11100 21165
5 1218 10736 11282 21166
5 10892 2884 10943 21167
5 4048 10912 10913 21168
5 10912 1581 10913 21169
5 1860 8902 10684 21170
5 4518 6492 10861 21171
5 1198 9168 10374 21172
5 3152 9667 10670 21173
5 3139 5904 7661 21174
5 9499 4498 10380 21175
5 9052 3612 10720 21176
5 6495 4518 10861 21177
5 4245 10496 10646 21178
5 10496 3849 10646 21179
5 3416 9892 10953 21180
5 3189 9032 11202 21181
5 3422 9474 10846 21182
5 7816 556 11124 21183
5 9129 3547 10721 21184
5 10233 3752 10234 21185
5 4169 10233 10234 21186
5 3814 9779 10251 21187
5 4163 9056 10817 21188
5 9513 1244 10873 21189
5 3960 9513 10873 21190
5 3717 9676 10317 21191
5 7857 1942 10892 21192
5 10680 5784 11296 21193
5 3281 9708 10675 21194
5 1301 10502 10925 21195
5 1325 8824 11120 21196
5 1999 10880 10881 21197
5 2978 5883 7323 21198
5 10823 1999 10824 21199
5 5314 9011 9732 21200
5 3921 9635 10419 21201
5 4081 9920 10657 21202
5 10641 1652 11291 21203
5 9033 3626 10952 21204
5 9296 3422 10708 21205
5 9233 1088 10887 21206
5 1877 8981 9406 21207
5 10122 2031 10750 21208
5 4110 10122 10750 21209
5 4361 10972 11060 21210
5 4130 8829 11213 21211
5 9072 3797 10935 21212
5 4595 10992 11229 21213
5 10992 725 11229 21214
5 1203 9073 10272 21215
5 10972 3917 11060 21216
5 10803 3881 11044 21217
5 4461 10803 11044 21218
5 1594 7914 11065 21219
5 3939 6017 11021 21220
5 4427 9645 10493 21221
5 3709 9090 10136 21222
5 10363 4849 10602 21223
5 839 9347 10792 21224
5 1899 9052 10720 21225
5 1989 5245 10813 21226
5 7236 3722 7730 21227
5 9100 3677 11079 21228
5 4331 10652 10903 21229
5 10652 3922 10903 21230
5 7152 5365 9113 21231
5 3819 8894 11274 21232
5 6139 9715 10287 21233
5 3164 5967 7705 21234
5 2562 9203 10929 21235
5 9692 1834 10717 21236
5 5002 9692 10717 21237
5 9750 5282 10636 21238
5 1084 9750 10636 21239
5 4260 9714 11122 21240
5 6021 3939 11156 21241
5 9894 1916 10576 21242
5 3624 10268 10269 21243
5 10268 4537 10269 21244
5 10300 4679 10392 21245
5 3919 9779 10615 21246
5 9779 1963 10615 21247
5 3912 9610 10677 21248
5 9610 2695 10677 21249
5 3967 5905 10944 21250
5 9262 3024 10988 21251
5 4702 8444 8978 21252
5 3012 9525 10499 21253
5 5678 9022 11194 21254
5 10665 3946 11002 21255
5 4796 10459 10743 21256
5 9032 3997 11202 21257
5 9710 3314 11116 21258
5 1590 7122 9664 21259
5 5493 9262 10988 21260
5 9920 594 10657 21261
5 9616 3521 10693 21262
5 5916 3967 10595 21263
5 3973 10884 11287 21264
5 10884 4523 11287 21265
5 1779 10326 10561 21266
5 10326 4064 10561 21267
5 8919 5357 11163 21268
5 11094 4584 11140 21269
5 3324 9660 11101 21270
5 9384 1366 10917 21271
5 10601 3879 10872 21272
5 4059 10290 10744 21273
5 10290 4111 10744 21274
5 10064 4523 10884 21275
5 2965 10064 10884 21276
5 3721 9780 10434 21277
5 3638 7276 11015 21278
5 9474 4123 10846 21279
5 9708 4977 10675 21280
5 10155 3608 10443 21281
5 9080 3715 11239 21282
5 9511 3392 10843 21283
5 10410 2309 10803 21284
5 9504 3887 10888 21285
5 4461 10410 10803 21286
5 4103 9422 10979 21287
5 9422 3323 10979 21288
5 3998 8973 10703 21289
5 1803 9131 11218 21290
5 9267 4715 10266 21291
5 3288 9663 10828 21292
5 9584 2945 11107 21293
5 4619 9584 11107 21294
5 3497 10071 11142 21295
5 10222 3521 11108 21296
5 3195 6005 7746 21297
5 3443 9083 11301 21298
5 3610 10300 10392 21299
5 3553 9184 11225 21300
5 4894 9943 11184 21301
5 9943 1752 11184 21302
5 3988 9729 11014 21303
5 9729 2053 11014 21304
5 3927 6193 9383 21305
5 11190 3812 11290 21306
5 1591 7119 10121 21307
5 3260 1979 11075 21308
5 10111 2146 11140 21309
5 9880 1552 11137 21310
5 2038 9546 10535 21311
5 4720 11190 11290 21312
5 8887 3806 10250 21313
5 6086 9836 10983 21314
5 9836 3640 10983 21315
5 2146 11094 11140 21316
5 3360 8768 11226 21317
5 5275 9880 11137 21318
5 9207 4034 9208 21319
5 728 9231 11231 21320
5 9258 4468 11232 21321
5 3887 10075 10888 21322
5 10454 4045 10561 21323
5 4064 10454 10561 21324
5 9721 1665 11304 21325
5 4387 7193 10885 21326
5 5711 10450 10451 21327
5 5601 3838 7139 21328
5 3222 6067 7779 21329
5 4147 9399 11177 21330
5 4731 8336 8910 21331
5 10010 3935 11019 21332
5 4884 10010 11019 21333
5 9588 3619 11020 21334
5 7004 4346 10614 21335
5 5132 9512 11246 21336
5 4296 10637 11014 21337
5 11295 5373 11297 21338
5 3665 11295 11297 21339
5 4153 10111 11140 21340
5 7276 8223 11015 21341
5 3978 9233 10887 21342
5 1460 7522 9679 21343
5 4909 10603 10752 21344
5 6822 1363 10491 21345
5 9370 4176 11282 21346
5 11192 3506 11207 21347
5 3616 10363 10602 21348
5 1289 10668 10936 21349
5 10668 4426 10936 21350
5 6345 999 7645 21351
5 9966 3693 10856 21352
5 9490 1861 11217 21353
5 9498 3814 11198 21354
5 10315 1390 11311 21355
5 8223 1130 11015 21356
5 7522 1363 10203 21357
5 6390 4456 10823 21358
5 10536 1123 11191 21359
5 1333 10251 10904 21360
5 10566 4043 10751 21361
5 4346 7004 9376 21362
5 9512 1845 11246 21363
5 8012 1662 8925 21364
5 3913 10754 10756 21365
5 10754 4320 10756 21366
5 9024 3705 9573 21367
5 9626 4801 11178 21368
5 1333 10904 11219 21369
5 4456 6399 10880 21370
5 7421 4611 11261 21371
5 5229 10818 11119 21372
5 9846 4361 11060 21373
5 10456 3459 10457 21374
5 5449 11158 11159 21375
5 11158 3643 11159 21376
5 1776 10586 10744 21377
5 4469 9848 11160 21378
5 9848 1432 11160 21379
5 10598 1842 10957 21380
5 10630 4797 10709 21381
5 3838 5646 7139 21382
5 2049 10789 11233 21383
5 10789 4481 11233 21384
5 1362 6822 10609 21385
5 9376 2576 9377 21386
5 10038 1815 11046 21387
5 4603 10038 11046 21388
5 4345 10909 11112 21389
5 10909 4072 11112 21390
5 3919 10122 10904 21391
5 10245 4572 11298 21392
5 4216 10245 11298 21393
5 6554 11192 11207 21394
5 3758 9749 10388 21395
5 10459 3659 10743 21396
5 4165 10757 11076 21397
5 10757 4268 11076 21398
5 10075 2004 10888 21399
5 9575 4323 10905 21400
5 6456 4495 10662 21401
5 4138 9132 11310 21402
5 3691 9693 11267 21403
5 3259 1582 3260 21404
5 4120 10724 10750 21405
5 2091 10892 10943 21406
5 9891 3627 11122 21407
5 1600 9455 10707 21408
5 2663 10566 10751 21409
5 10652 4331 10989 21410
5 10586 4059 10744 21411
5 7470 4641 11312 21412
5 3707 10630 10709 21413
5 10710 4120 10750 21414
5 1182 7348 9649 21415
5 11004 3920 11005 21416
5 4481 11004 11005 21417
5 9749 4209 10388 21418
5 10603 3661 10752 21419
5 10724 4110 10750 21420
5 1592 7289 10356 21421
5 4121 10710 10735 21422
5 10710 4121 10725 21423
5 10710 2031 10735 21424
5 4120 10710 10725 21425
5 4119 10723 10735 21426
5 4495 6457 11095 21427
5 10209 4261 11265 21428
5 11089 4402 11160 21429
5 1432 11089 11160 21430
5 2031 10710 10750 21431
5 4574 10209 11265 21432
5 10736 4126 10737 21433
5 4119 10736 10737 21434
5 10723 4121 10735 21435
5 10723 4119 10737 21436
5 2034 10723 10737 21437
5 9929 3993 11311 21438
5 7004 5260 9376 21439
5 1684 10381 10967 21440
5 4939 10886 11195 21441
5 1528 8055 9865 21442
5 1596 8138 10653 21443
5 9715 3525 10287 21444
5 10502 3891 10925 21445
5 1390 9929 11311 21446
5 4948 10222 11108 21447
5 4347 10601 10872 21448
5 10197 3795 11254 21449
5 10847 4203 11033 21450
5 7012 5087 10275 21451
5 3590 8799 11215 21452
5 4235 10847 11033 21453
5 4039 10598 10957 21454
5 3303 7032 7962 21455
5 3196 7378 10854 21456
5 10071 2091 11142 21457
5 5029 8740 9302 21458
5 10545 1883 11177 21459
5 10576 1916 11228 21460
5 1283 9846 11060 21461
5 9038 1362 10609 21462
5 10450 3505 10451 21463
5 6492 4518 11273 21464
5 10725 1334 11188 21465
5 1978 10652 10989 21466
5 10908 4219 11007 21467
5 3591 10702 11134 21468
5 1519 10665 11002 21469
5 10637 3988 11014 21470
5 10757 4165 11007 21471
5 2059 10757 11007 21472
5 8098 1640 10815 21473
5 3958 10894 11168 21474
5 4267 9894 10576 21475
5 6822 10491 10609 21476
5 9667 6007 10670 21477
5 1334 10909 11188 21478
5 7348 3899 9132 21479
5 1593 7519 10613 21480
5 3720 9564 9854 21481
5 9525 1012 10499 21482
5 8925 1662 9330 21483
5 4077 11088 11089 21484
5 11088 4402 11089 21485
5 4165 10908 11007 21486
5 8997 3582 10797 21487
5 3760 8622 10456 21488
5 3399 9998 10581 21489
5 1811 9657 11129 21490
5 2282 5441 8936 21491
5 7588 1590 9664 21492
5 929 11256 11294 21493
5 10818 3680 11119 21494
5 1892 11024 11149 21495
5 11024 4258 11149 21496
5 7621 1591 10121 21497
5 10909 4345 11188 21498
5 4120 10725 11188 21499
5 10702 5909 11134 21500
5 6666 4775 10943 21501
5 4824 11104 11106 21502
5 11104 3866 11106 21503
5 8771 3073 11075 21504
5 5260 2576 9376 21505
5 10886 3805 11195 21506
5 4775 6667 11142 21507
5 4611 6811 11261 21508
5 6718 4877 11010 21509
5 9132 3899 11310 21510
5 5079 9443 9508 21511
5 4641 6847 11312 21512
5 4877 6717 11200 21513
5 7324 998 8962 21514
5 1594 7690 10863 21515
5 3760 10456 10457 21516
5 7829 1592 10356 21517
5 4460 10576 11228 21518
5 3276 6302 7761 21519
5 6150 3210 7633 21520
5 1233 8152 8859 21521
5 6301 3276 7761 21522
5 3210 6145 7633 21523
5 10894 4035 11168 21524
5 5151 9661 9672 21525
5 1595 7914 11093 21526
5 7941 1593 10613 21527
5 1363 10490 10491 21528
5 6476 3368 7929 21529
5 5245 9798 9819 21530
5 10433 3721 10434 21531
5 6256 3268 7753 21532
5 6349 3303 7962 21533
5 4288 6452 7821 21534
5 6450 4288 7821 21535
5 3268 6259 7753 21536
5 11256 5014 11294 21537
5 8134 1594 10863 21538
5 5384 9990 10019 21539
5 3371 6524 7933 21540
5 6521 3371 7933 21541
5 6391 3287 7876 21542
5 9731 5314 9732 21543
5 3287 6403 7876 21544
5 8274 1595 11093 21545
5 9665 5687 9842 21546
5 1332 7751 10753 21547
5 4442 6585 7996 21548
5 4448 6601 7965 21549
5 6597 4448 7965 21550
5 9874 5583 10032 21551
5 6595 4442 7996 21552
5 8191 991 10580 21553
5 1234 8957 10786 21554
5 4576 6737 8075 21555
5 6728 4576 8075 21556
5 1640 7780 10815 21557
5 4780 10536 11191 21558
5 7032 4776 10876 21559
5 4776 7068 10876 21560
5 7068 4792 10870 21561
5 4792 7086 10870 21562
5 10491 995 10609 21563
5 9038 996 10621 21564
5 6186 2927 6187 21565
5 6185 6186 6187 21566
5 9731 9733 9736 21567
5 9733 9735 9736 21568
5 9735 3259 9736 21569
5 82 83 0 21570
5 83 84 71 21571
5 1439 992 7695 21572
5 1473 2927 9612 21573
5 8352 1473 8843 21574
5 1581 1979 10913 21575
5 2131 1581 10699 21576
5 1979 1582 10915 21577
5 1582 3259 7338 21578
5 1583 2131 5796 21579
5 1583 2322 5442 21580
5 2322 1583 5796 21581
5 10913 1979 10914 21582
5 10914 1979 10915 21583
5 5489 2131 10699 21584
5 5442 2322 5728 21585
5 6917 3110 10434 21586
5 3341 4011 9554 21587
5 3341 10433 10435 21588
5 3910 3911 5436 21589
5 9732 3910 9734 21590
5 3911 4013 6799 21591
5 4013 4012 7634 21592
5 4012 4013 9554 21593
5 5441 5442 7042 21594
5 5479 5478 5485 21595
5 7422 6185 8936 21596
5 9731 9732 9733 21597
NPOIN= 11314
0.4796710883410977 0.08756062949830649 0
0.5876146290581353 0.1251419495730507 1
0.1451710455 0.2038756109 2
-0.5 0 3
3.5 0 4
3.5 0.75 5
-0.5 0.75 6
0.4699437919656446 0.08571376546880226 7
0.4602580654973847 0.08365682056219853 8
0.4505918056948179 0.08151008868179434 9
0.4409375471799181 0.07930994750126986 10
0.4312901526518438 0.07707987329915425 11
0.421645889142745 0.07483629137025481 12
0.4120015816975028 0.07259289684381537 13
0.4023534951073298 0.07036581660151223 14
0.392698485341179 0.06816898416761073 15
0.3830339966037159 0.06601424063031264 16
0.3733562875558971 0.06391968983023318 17
0.3636650688056507 0.06188860493755529 18
0.3539598046613913 0.05992572478938689 19
0.344238867425895 0.05804202664872914 20
0.3345019248675593 0.0562429694452923 21
0.3247470689159535 0.05454371794169074 22
0.3149737204595003 0.05295440014618016 23
0.3051817219376146 0.05148442549411038 24
0.29537000771995 0.05015245962006789 25
0.2855385405930627 0.04897552077003523 26
0.2756875430987108 0.0479753825046495 27
0.2658174783976485 0.04718588792830836 28
0.2559310133653361 0.04664096734193803 29
0.2460329731421019 0.04638227084468819 30
0.2361318217520226 0.04644014139645053 31
0.2262389302624664 0.04684580409169315 32
0.2163689794055278 0.04763113775818513 33
0.2065412366454703 0.04883332067858011 34
0.1967841233259616 0.05051302056026 35
0.1871481148753215 0.05278316921387644 36
0.1777367454706614 0.05584760124613707 37
0.1688273055403369 0.06013668162812487 38
0.1616182241800034 0.06680168918243629 39
0.1634418155910193 0.07473956480783484 40
0.1731085575536044 0.0767525383407744 41
0.182987121615661 0.07740029889419237 42
0.1928861868669857 0.07762082968855878 43
0.2027877016569615 0.07768834183026463 44
0.2126894811783097 0.0776961932699942 45
0.222591258879088 0.07767985393335507 46
0.2324930230465627 0.07765664955432434 47
0.2423948015462328 0.07764015104226585 48
0.2522965914622916 0.07763582274124081 49
0.2621983762065543 0.07764596386488053 50
0.2721001083678549 0.07767983299278122 51
0.2820017313362425 0.07773712230028074 52
0.2919031803350338 0.07781926003746897 53
0.3018043612727795 0.07792890007712304 54
0.3117051890630734 0.0780668309862256 55
0.3216055421486232 0.07823538072960859 56
0.3315053203481652 0.07843485366138496 57
0.3414043618026326 0.07866801543166335 58
0.3513025337782395 0.07893554356773526 59
0.3611996497375053 0.07923962120910313 60
0.3710955177945984 0.07958188371215462 61
0.3809898660377712 0.07996556591844431 62
0.3908824913763584 0.08039134793226543 63
0.4007730522316387 0.08086262008631155 64
0.4106610349167738 0.08138513518595014 65
0.4205458971749294 0.08196367276807509 66
0.4304268218176608 0.08260588745748543 67
0.4403026607653461 0.0833219289428299 68
0.4501717142821927 0.08412592885858843 69
0.4600298810886801 0.08505329332049381 70
0.4698689725408639 0.08616386873585796 71
0.57876991683621 0.1207235082028194 72
0.569839238751168 0.1164815785398401 73
0.5608172678502629 0.1124375586654716 74
0.5516973435390882 0.1086197423719653 75
0.5424723852769255 0.1050634728686482 76
0.5331360575965743 0.1018111682455463 77
0.5236842991711307 0.09891192664520559 78
0.5141168801620952 0.09642157307097921 79
0.5044388247265607 0.09440486266220841 80
0.494661965923638 0.09294322811378269 81
0.4848086609413028 0.09215662670973616 82
0.4749272470590572 0.09227184249849904 83
0.4652123531383612 0.09396937583877585 84
0.4627769068297365 0.1005880186309415 85
0.4722399051465792 0.1032267673390048 86
0.4820854723867711 0.1041024598271158 87
0.4919635586243987 0.1045199526512421 88
0.5018436082851622 0.1048919094679235 89
0.5117143701562404 0.1054540737586732 90
0.521559169733522 0.106360081132402 91
0.5313532408984826 0.1077060927689866 92
0.5410675449363685 0.109540563377017 93
0.5506749329668567 0.1118711347583848 94
0.5601562392060124 0.1146713542651347 95
0.5695049867920587 0.117887231291127 96
0.5787300963177355 0.1214429956633954 97
0.1474451981435954 0.1941555744461936 98
0.151042374460123 0.1848511279264463 99
0.1559204094239544 0.1761487066108756 100
0.1619386308772417 0.1681912104083157 101
0.1690853704710744 0.161227462786711 102
0.1768613493305469 0.1549707665274238 103
0.1852448201958954 0.1495548850431048 104
0.1940735199931712 0.1448977843935573 105
0.2032451202869078 0.1409571176660914 106
0.2126646937720385 0.1376516461641945 107
0.2222682434169014 0.1349242324076466 108
0.2320027666062457 0.1327086707144237 109
0.2418292370384545 0.1309430018893266 110
0.2517202919954195 0.1295844167626327 111
0.2616534516001714 0.128576965027643 112
0.2716141998903322 0.1278935197412488 113
0.2815902590933334 0.1274883358718711 114
0.2915735115893098 0.1273433549135027 115
0.3015575802177495 0.1274229314090342 116
0.3115377473502113 0.1277131497395342 117
0.3215108650577857 0.1281886276690144 118
0.3314743763219886 0.1288346861550644 119
0.3414265489889158 0.1296372289836751 120
0.3513666391043125 0.1305776051053977 121
0.3612931859202567 0.1316518030145704 122
0.3712068825751102 0.1328388047525947 123
0.3811063105217114 0.13413951818171 124
0.3909928598674879 0.135534854348578 125
0.400865642571095 0.1370244498824449 126
0.4107256703912673 0.1385963521998279 127
0.4205735152377933 0.1402428150488656 128
0.4304089629402013 0.1419618544140531 129
0.4402340142389166 0.1437393499940647 130
0.4500477055698142 0.145578553197009 131
0.4598525453772277 0.1474644038923628 132
0.469647895366296 0.1493989299212438 133
0.4794356789719579 0.1513714129994196 134
0.4892166331938423 0.1533774695067731 135
0.4989914066721238 0.1554134542332845 136
0.5087622652999989 0.1574681390824677 137
0.5185289586548002 0.1595425430682179 138
0.5282930692780917 0.1616290395517338 139
0.5380550900323525 0.1637252750548417 140
0.5478311767997779 0.1657548814156719 141
0.557613558283288 0.1677539782851343 142
0.5674057517886659 0.1697043777793843 143
0.5772129040765628 0.1715780564258078 144
0.5870320459447078 0.1733879397927398 145
0.5968608733452127 0.1751444639167972 146
0.606698115490047 0.1768532447053021 147
0.6165434629673924 0.1785147013608619 148
0.6263959546643509 0.1801332639213073 149
0.6362546593443256 0.1817135374662585 150
0.646119379882225 0.1832558208016149 151
0.6559896334273042 0.184762298591733 152
0.6658647369303835 0.1862366484290813 153
0.6757443275681435 0.1876806240478922 154
0.6856283531628332 0.1890939361247794 155
0.6955163145297169 0.1904794348961489 156
0.7054077816556064 0.1918396946632189 157
0.7153027503427916 0.1931742310081084 158
0.7252010133339458 0.1944841200722964 159
0.7351022132664282 0.1957716280892632 160
0.7450061055170857 0.1970382496598508 161
0.7549127681679669 0.1982830248933237 162
0.7648219618380513 0.1995074946824721 163
0.77473342332357 0.2007134668315159 164
0.7846470443092644 0.201901551835968 165
0.7945628815286067 0.2030710038490192 166
0.8044807210013306 0.2042233482917797 167
0.8144003617402596 0.2053600876025962 168
0.8243217809420929 0.2064811917869387 169
0.8342449997527367 0.2075862603835024 170
0.844169841013482 0.2086766636482866 171
0.8540961425640917 0.2097536884024662 172
0.8640239361815013 0.2108168743984236 173
0.8739532132657413 0.2118661154172731 174
0.8838838284069898 0.2129026183005663 175
0.8938156498431725 0.2139274953087532 176
0.9037487365659089 0.2149400374204176 177
0.9136830648936961 0.2159403245408419 178
0.9236185115290106 0.216929444662973 179
0.9335549682787355 0.2179083617891054 180
0.9434925102556558 0.2188762013584029 181
0.9534311030812411 0.2198331938046614 182
0.9633706381535337 0.2207803462061428 183
0.973311029000784 0.2217184740458996 184
0.9832523612529052 0.2226465761684877 185
0.993194587783287 0.2235650493148108 186
1.003137611673977 0.2244748510804935 187
1.013081690402339 0.2253730121575347 188
1.023028770876147 0.2262372828445971 189
1.032974311729793 0.2271190957797215 190
1.042918205401198 0.2280193209978488 191
1.052861353023937 0.2289277840680681 192
1.062804215564933 0.2298393411936655 193
1.072746924188686 0.2307525836196126 194
1.082689534752376 0.2316668901165516 195
1.092632080962856 0.2325819008128623 196
1.102574584075104 0.2334973794322025 197
1.11251706019834 0.2344131556885482 198
1.12245952036324 0.2353290965173577 199
1.13240197593211 0.2362450904522186 200
1.14234443590085 0.2371610371906371 201
1.152286909004767 0.238076840421706 202
1.162229404572053 0.238992401646422 203
1.172171917207505 0.2399077527980241 204
1.182114046300719 0.240827269988544 205
1.192055716387883 0.2417517713064075 206
1.201997070240757 0.2426796489935505 207
1.211938239386968 0.2436094774690995 208
1.221879349067405 0.2445399700016501 209
1.231820507545839 0.2454699439259455 210
1.241761816324329 0.2463982948483788 211
1.251703374494619 0.2473239752834898 212
1.261645274658977 0.2482459760297186 213
1.271587607162392 0.2491633107878137 214
1.281530457873238 0.2500750018429925 215
1.291473913790421 0.2509800674936465 216
1.301418060783906 0.2518775092461413 217
1.311362984705371 0.25276629934228 218
1.321308772696227 0.2536453678718458 219
1.331255144322675 0.2545177951330871 220
1.341201562501485 0.255389708167732 221
1.35114810398681 0.256260210071564 222
1.361094855136967 0.2571283244155934 223
1.371041895322964 0.2579931051916018 224
1.380989306035562 0.2588536251205714 225
1.390937162944029 0.2597089636086262 226
1.400885543103437 0.2605581967205789 227
1.410834521737461 0.261400386583748 228
1.420784174913571 0.2622345712980424 229
1.430734578578033 0.263059754212753 230
1.440685810031947 0.2638748927578858 231
1.450637948186521 0.2646788861619392 232
1.460591073029227 0.2654705616909866 233
1.470545269036885 0.2662486592989914 234
1.480500621338137 0.2670118132021994 235
1.490457142950263 0.267759549260973 236
1.500414212140062 0.2684999772097376 237
1.51037173513944 0.2692342800472672 238
1.52032979163163 0.2699613094723939 239
1.530288461273224 0.2706798916307787 240
1.54024782323388 0.2713888131159905 241
1.550207956918912 0.2720868062579692 242
1.560168941954659 0.2727725330565737 243
1.570130860950722 0.2734445674272016 244
1.580093794076899 0.2741013743286819 245
1.590057827422319 0.2747412864075079 246
1.600023045616104 0.2753624750916947 247
1.609989533042873 0.2759629163579916 248
1.619957382021012 0.2765403490625066 249
1.629926677447517 0.2770922214509917 250
1.639897505103269 0.2776156250748392 251
1.649870286721959 0.2781001771733781 252
1.659846360095695 0.278511226689233 253
1.669825040426992 0.2788533634431633 254
1.679805540526607 0.2791376700375505 255
1.689787248322633 0.2793761401515861 256
1.699769694365223 0.2795817229645723 257
1.70975250676768 0.2797683725317538 258
1.719735395716885 0.2799511022437652 259
1.72971804959606 0.2801460411078362 260
1.739700082231477 0.2803704924531322 261
1.74968090925723 0.2806429892919173 262
1.759659642022803 0.280983343078238 263
1.769634927079305 0.2814126771026847 264
1.779604770682209 0.2819534354019585 265
1.789570616173425 0.2825644640210521 266
1.799535378920474 0.2831929046737084 267
1.809498114901905 0.2838526153403664 268
1.819457658062217 0.284558801408496 269
1.829412546686659 0.2853277156781238 270
1.839360952565736 0.2861762552588312 271
1.849300628137334 0.2871214425950626 272
1.859228873603344 0.2881798166917605 273
1.869142551413427 0.2893667825505442 274
1.879038147747439 0.2906959801930405 275
1.888911887618027 0.2921787415908425 276
1.898759275522154 0.2938272641004338 277
1.908573275549175 0.2956640916225026 278
1.918353184393539 0.2976746958990169 279
1.928100545483019 0.2998377182500536 280
1.937818002558445 0.3021314531824182 281
1.947509155625925 0.3045339862914838 282
1.957178401067554 0.3070232921579439 283
1.966830771213383 0.3095772990894393 284
1.976471772306902 0.3121739256866387 285
1.986107221115828 0.3147910955034434 286
1.99574308435621 0.317406737928495 287
2.00538445411736 0.3200020021311413 288
2.015007670333967 0.3226636013133592 289
2.024603437628854 0.3254225937923149 290
2.034177267948231 0.3282568235753376 291
2.043735220183954 0.3311441837985886 292
2.053283736069004 0.3340626196723117 293
2.062829480590324 0.3369901137880471 294
2.07237918350165 0.3399046605356353 295
2.081939481818096 0.3427842375294249 296
2.091516761510103 0.3456067814886524 297
2.101116996485663 0.348350175916402 298
2.11074558569678 0.3509922585238855 299
2.120386256153983 0.3535901138294433 300
2.13002161052402 0.3562076315817026 301
2.139657608633522 0.3588227766988802 302
2.149300202420147 0.3614134778966046 303
2.158955165618393 0.363957657512586 304
2.168627932249994 0.3664332341762265 305
2.178323434645345 0.36881814114615 306
2.188045939720881 0.3710903669255904 307
2.197798889452155 0.3732280257485736 308
2.207584744088202 0.3752094624153978 309
2.21740483758833 0.3770133967000549 310
2.227296811925843 0.3783351421138825 311
2.237268017954712 0.3788238954797192 312
2.247251984339525 0.3788853158653688 313
2.257234745333178 0.3787034365244351 314
2.267213901083954 0.3783764423659151 315
2.277190133920767 0.3779690026143738 316
2.287165158271063 0.3775327072726392 317
2.297141091178554 0.3771179501426203 318
2.307120071214284 0.3767859652945986 319
2.31710317610723 0.3766307891651536 320
2.327084272554438 0.3768437749994863 321
2.336980060821221 0.3780623006236242 322
2.339813092472193 0.3846754420817433 323
2.331630114083209 0.3903491000613665 324
2.322736980940686 0.3948844939186887 325
2.313655982465023 0.399034207295853 326
2.304484868185995 0.4029813148997665 327
2.295258998886865 0.4067988650194 328
2.285995733267306 0.4105248261046375 329
2.276705061841056 0.4141819550462837 330
2.267393353103399 0.4177851870700718 331
2.258064943680519 0.4213449791120257 332
2.248722962347083 0.4248690058971086 333
2.239369751843695 0.428363120997219 334
2.230007125627786 0.4318319299410969 335
2.220636529062448 0.4352791529650039 336
2.211259143325266 0.4387078660236181 337
2.201875954331828 0.4421206674843406 338
2.192487803250876 0.4455197963097453 339
2.183095422450712 0.4489072194851771 340
2.173699460918291 0.4522846992122441 341
2.164300507930958 0.4556538445537469 342
2.154899107596359 0.4590161555625455 343
2.145495775545693 0.4623730597234115 344
2.136091009920691 0.4657259465601114 345
2.12668530551041 0.469076199850391 346
2.117279166441754 0.4724252316405949 347
2.107873118830442 0.4757745203904979 348
2.098467729115785 0.4791256547751197 349
2.089063622258205 0.4824803901496049 350
2.079661514115314 0.485840719927271 351
2.070262243196451 0.4892089787873641 352
2.06086683259609 0.492587986154676 353
2.051476566657759 0.4959812697774389 354
2.042093141282017 0.4993934125621255 355
2.032718880807824 0.5028306550517977 356
2.023357192011808 0.5063019788296512 357
2.014013452230078 0.5098213149399597 358
2.004697186348752 0.5134126770119473 359
1.995417612751831 0.5170978203612023 360
1.986173504504295 0.5208710200630199 361
1.976971909447425 0.5247467019812071 362
1.96782201116895 0.5287428412380261 363
1.958735059861193 0.5328800440460815 364
1.949722899437702 0.5371776642288515 365
1.94079078378344 0.5416393135012825 366
1.931914628770163 0.5462115132478212 367
1.923002457420831 0.5507125997148473 368
1.913917314312915 0.5548510803547597 369
1.904608128912741 0.5584570564686144 370
1.895127600615802 0.5615868361846827 371
1.88555295672471 0.5644177974419673 372
1.875922939654544 0.5670542085648639 373
1.866239364658712 0.5694864891107904 374
1.856505134327129 0.5717073454386593 375
1.846724274784016 0.5737128850073722 376
1.836901677526458 0.5755028802861222 377
1.8270427711186 0.5770807505863927 378
1.817153169402106 0.5784532686952065 379
1.807238352322249 0.5796300443235733 380
1.797303408326719 0.5806228693031229 381
1.787352866775853 0.581445014883532 382
1.777390395446604 0.5821070160875856 383
1.767415669210436 0.5825443745109844 384
1.75743348524211 0.5827535412994816 385
1.747449069594707 0.5827671225942481 386
1.737465745135141 0.5826160422621318 387
1.727485362685216 0.5823293563473428 388
1.717508662129295 0.5819341899796967 389
1.707535592374664 0.5814557574667325 390
1.697565569219657 0.5809174343795845 391
1.687597669966111 0.5803408579860121 392
1.677630841271746 0.5797460441242542 393
1.667664002248394 0.5791515025701357 394
1.657696135138764 0.5785743486448963 395
1.647726407086717 0.5780304095468118 396
1.637754542186642 0.5775270904363183 397
1.627783433504616 0.5770090323822377 398
1.617813749646633 0.5764642318813369 399
1.607845403510774 0.5758954592268734 400
1.597878311117464 0.5753051242692296 401
1.587912388978884 0.5746953454568646 402
1.577947557115615 0.5740680039296423 403
1.567983736838919 0.5734247860855397 404
1.558020853093891 0.5727672180821974 405
1.548058832836193 0.572096693808721 406
1.53809760498634 0.5714144981938426 407
1.528137099890776 0.5707218268623877 408
1.518177249585081 0.5700198031049835 409
1.50821798673877 0.5693094927044555 410
1.49825924461473 0.5685919173414926 411
1.488300956684664 0.5678680669604758 412
1.478343055582472 0.5671389114911071 413
1.468385809153958 0.5664008879585516 414
1.458429637496583 0.5656484956848825 415
1.448474469075458 0.5648829451889503 416
1.438520229968676 0.564105398429962 417
1.428566850533059 0.5633169247441274 418
1.418614263110882 0.5625185162424263 419
1.408662402111082 0.5617111011799686 420
1.398711204036052 0.5608955556305522 421
1.388760606596429 0.5600727138111833 422
1.378810548279824 0.5592433775134451 423
1.368860967960795 0.5584083249100251 424
1.358911804624276 0.5575683190153324 425
1.348962996667785 0.5567241160164308 426
1.339014480871436 0.5558764737470882 427
1.329066193037888 0.5550261607647313 428
1.319118066234836 0.5541739660154694 429
1.309170030819286 0.5533207098424963 430
1.29922220222955 0.5524650455463362 431
1.289275129044975 0.5516006440624943 432
1.279328787994646 0.5507278570923151 433
1.269383108970907 0.5498475577191806 434
1.259438022844104 0.5489605843371077 435
1.249493461131995 0.5480677511855403 436
1.239549354813049 0.5471698584917611 437
1.229605634384059 0.5462677027793739 438
1.219662228575232 0.5453620875037095 439
1.20971906285572 0.5444538345618898 440
1.199776060570861 0.5435437974804478 441
1.189833139668145 0.5426328763286682 442
1.179890210808573 0.5417220358069234 443
1.169947178080778 0.5408123278961046 444
1.160003935932414 0.5399049202962929 445
1.150060363493549 0.5390011334316858 446
1.140116481813987 0.5381007615791642 447
1.130172693355929 0.5371993530151604 448
1.120229013516804 0.5362967470450613 449
1.110285425831732 0.5353931266664961 450
1.100341915363074 0.5344886552379156 451
1.090398468863459 0.5335834852669125 452
1.080455072426977 0.5326777666799917 453
1.070511710979324 0.5317716564964866 454
1.06056836905728 0.5308653321662631 455
1.050625026882512 0.5299590124666277 456
1.040681657437547 0.5290529966987074 457
1.030738216879506 0.5281477494782014 458
1.020794629982291 0.5272441276446216 459
1.010850699310333 0.5263442899295395 460
1.000906070887503 0.5254522236915825 461
0.9909604800472628 0.52457095325285 462
0.9810168748147882 0.5236675984618628 463
0.9710750580494514 0.5227447076585415 464
0.9611342745875237 0.5218107489164669 465
0.9511945594402336 0.5208654906359176 466
0.941255953684936 0.51990863901048 467
0.9313184215709295 0.5189406987238527 468
0.9213819380479698 0.5179620524331552 469
0.9114465499276398 0.5169723463736289 470
0.9015123113631439 0.515971169980884 471
0.8915792091470949 0.5149587809927164 472
0.8816472026428639 0.5139356988100983 473
0.8717163505521639 0.5129014695148089 474
0.8617867200980655 0.5118555780242151 475
0.8518583355804995 0.5107979250601009 476
0.841931132760558 0.5097292351926649 477
0.8320051781069806 0.5086490154832706 478
0.8220805538728149 0.5075566405406311 479
0.8121573276023807 0.5064516394088336 480
0.8022354243836796 0.5053348190954734 481
0.792314904990606 0.5042057733671828 482
0.7823958716263865 0.5030637465370822 483
0.7724784332651231 0.5019079527321265 484
0.7625625349835506 0.5007390171227529 485
0.7526482134509775 0.4995567837398803 486
0.7427355983322056 0.4983603294315172 487
0.7328248352288784 0.4971486285489843 488
0.7229159300929276 0.4959218276587165 489
0.7130088773505294 0.4946801550366529 490
0.7031038465735335 0.4934224573268483 491
0.6932010299901301 0.4921474450904955 492
0.6833005079177589 0.4908547335251169 493
0.6734022484715485 0.4895448134742066 494
0.6635064760791252 0.4882162333696941 495
0.6536134571414202 0.4868673089524705 496
0.643723342413693 0.4854972509920261 497
0.6338361131810996 0.4841065250100348 498
0.6239520910120413 0.4826931868786775 499
0.6140716668028117 0.481254916323163 500
0.6041950424229491 0.4797907783570675 501
0.594322297253181 0.4783007105212579 502
0.5844539484961851 0.4767818070568154 503
0.5745906109990802 0.4752306970672507 504
0.5647324578494173 0.4736469708146178 505
0.554879948173684 0.4720285154472722 506
0.5450339968845338 0.4703706372713509 507
0.5351954714293512 0.4686692510364112 508
0.5253647461755793 0.4669233653191214 509
0.5155432299527611 0.4651264204205879 510
0.5057325389394125 0.4632712896656214 511
0.4959325925333519 0.461360215459669 512
0.4861475478377598 0.4593743612433765 513
0.4763891384627986 0.4572618507570456 514
0.4666784431043958 0.4549407758721765 515
0.457034173649517 0.4523572527411033 516
0.44745768239767 0.4495328538239386 517
0.437950291343107 0.4464838195811762 518
0.4285166726401762 0.4432136551197638 519
0.4191562065961307 0.4397395347842455 520
0.409872406221399 0.4360654639912268 521
0.4006641480969954 0.4322058768921064 522
0.3915336947670554 0.4281656948903904 523
0.3824800269349048 0.4239561836015391 524
0.3735039759056372 0.4195836359068092 525
0.3646051835059362 0.4150558635708342 526
0.3557829027567536 0.4103807828530629 527
0.3470377445324923 0.4055629293748936 528
0.3383675883228628 0.4006113903234853 529
0.3297739023405923 0.3955282518648971 530
0.3212535652987553 0.3903231104066101 531
0.3128086870046954 0.3849963895229216 532
0.3044355241598192 0.37955763641923 533
0.2961366033361232 0.374006240609128 534
0.2879078878406937 0.3683513018290882 535
0.2797521401441622 0.3625916144513928 536
0.2716652752390476 0.3567356033599081 537
0.2636501900153534 0.3507817192481015 538
0.2557029036522198 0.3447376310142792 539
0.2478264246147698 0.3386015496569145 540
0.2400169712564925 0.3323803858049528 541
0.2322776694309161 0.3260721607688127 542
0.224605073409134 0.3196829709285041 543
0.2170023310150704 0.3132108089295952 544
0.2094667125471205 0.3066606242725005 545
0.2020009408855487 0.3000309267227231 546
0.1946039909948307 0.2933245426415089 547
0.1872771284193725 0.2865416418786306 548
0.1800226397111453 0.2796814020935322 549
0.1728250187408643 0.2727614629723281 550
0.165717232219781 0.265750035078528 551
0.1590924679360137 0.2582857388312161 552
0.1535554111840336 0.2499874939592375 553
0.1492432608478244 0.2409913052255595 554
0.1462384843271927 0.2314782631321235 555
0.1446044803608312 0.2216368467750658 556
0.1444264152491436 0.2116656777931911 557
-0.4900000000000151 0 558
-0.4800000000000303 0 559
-0.4700000000000455 0 560
-0.4600000000000606 0 561
-0.4500000000000758 0 562
-0.440000000000091 0 563
-0.4300000000001061 0 564
-0.4200000000001213 0 565
-0.4100000000001365 0 566
-0.4000000000001538 0 567
-0.3900000000001724 0 568
-0.380000000000191 0 569
-0.3700000000002132 0 570
-0.3600000000002387 0 571
-0.3500000000002643 0 572
-0.3400000000002911 0 573
-0.3300000000003201 0 574
-0.3200000000003492 0 575
-0.3100000000003783 0 576
-0.3000000000004073 0 577
-0.2900000000004364 0 578
-0.2800000000004649 0 579
-0.2700000000004905 0 580
-0.2600000000005161 0 581
-0.2500000000005417 0 582
-0.2400000000005603 0 583
-0.230000000000579 0 584
-0.2200000000005976 0 585
-0.2100000000006131 0 586
-0.2000000000006283 0 587
-0.1900000000006435 0 588
-0.1800000000006586 0 589
-0.1700000000006738 0 590
-0.160000000000689 0 591
-0.1500000000007041 0 592
-0.1400000000007193 0 593
-0.1300000000007345 0 594
-0.1200000000007497 0 595
-0.1100000000007648 0 596
-0.10000000000078 0 597
-0.09000000000079506 0 598
-0.0800000000008102 0 599
-0.07000000000082535 0 600
-0.06000000000084055 0 601
-0.05000000000085569 0 602
-0.04000000000087084 0 603
-0.03000000000088643 0 604
-0.02000000000090507 0 605
-0.01000000000092371 0 606
-9.423017921506016e-13 0 607
0.009999999999032116 0 608
0.01999999999900659 0 609
0.02999999999898095 0 610
0.03999999999895232 0 611
0.04999999999892335 0 612
0.05999999999889438 0 613
0.0699999999988653 0 614
0.07999999999883622 0 615
0.08999999999880726 0 616
0.09999999999877818 0 617
0.1099999999987491 0 618
0.11999999999872 0 619
0.1299999999986911 0 620
0.139999999998662 0 621
0.1499999999986329 0 622
0.1599999999986038 0 623
0.1699999999985748 0 624
0.1799999999985458 0 625
0.1899999999985167 0 626
0.1999999999984877 0 627
0.2099999999984586 0 628
0.2199999999984296 0 629
0.2299999999984006 0 630
0.2399999999983715 0 631
0.2499999999983424 0 632
0.2599999999983134 0 633
0.2699999999982844 0 634
0.2799999999982553 0 635
0.2899999999982262 0 636
0.2999999999981973 0 637
0.3099999999981683 0 638
0.3199999999981392 0 639
0.3299999999981102 0 640
0.3399999999980812 0 641
0.3499999999980521 0 642
0.3599999999980231 0 643
0.369999999997994 0 644
0.379999999997965 0 645
0.3899999999979359 0 646
0.3999999999979069 0 647
0.4099999999978778 0 648
0.4199999999978488 0 649
0.4299999999978198 0 650
0.4399999999977907 0 651
0.4499999999977616 0 652
0.4599999999977326 0 653
0.4699999999977036 0 654
0.4799999999976745 0 655
0.4899999999976454 0 656
0.4999999999976165 0 657
0.5099999999975873 0 658
0.5199999999975584 0 659
0.5299999999975293 0 660
0.5399999999975003 0 661
0.5499999999974712 0 662
0.5599999999974421 0 663
0.569999999997413 0 664
0.5799999999973839 0 665
0.5899999999973551 0 666
0.599999999997326 0 667
0.6099999999972969 0 668
0.6199999999972681 0 669
0.629999999997239 0 670
0.6399999999972099 0 671
0.6499999999971808 0 672
0.6599999999971518 0 673
0.6699999999971227 0 674
0.6799999999970938 0 675
0.6899999999970647 0 676
0.6999999999970357 0 677
0.7099999999970066 0 678
0.7199999999969775 0 679
0.7299999999969484 0 680
0.7399999999969193 0 681
0.7499999999968905 0 682
0.7599999999968614 0 683
0.7699999999968323 0 684
0.7799999999968033 0 685
0.7899999999967742 0 686
0.7999999999967451 0 687
0.809999999996716 0 688
0.8199999999966872 0 689
0.8299999999966581 0 690
0.839999999996629 0 691
0.8499999999965999 0 692
0.8599999999965708 0 693
0.8699999999965418 0 694
0.8799999999965127 0 695
0.8899999999964838 0 696
0.8999999999964547 0 697
0.9099999999964257 0 698
0.9199999999963966 0 699
0.9299999999963675 0 700
0.9399999999963384 0 701
0.9499999999963094 0 702
0.9599999999962805 0 703
0.9699999999962514 0 704
0.9799999999962223 0 705
0.9899999999961933 0 706
0.9999999999961642 0 707
1.009999999996135 0 708
1.019999999996106 0 709
1.029999999996077 0 710
1.039999999996048 0 711
1.049999999996019 0 712
1.05999999999599 0 713
1.069999999995961 0 714
1.079999999995932 0 715
1.089999999995903 0 716
1.099999999995874 0 717
1.109999999995845 0 718
1.119999999995816 0 719
1.129999999995787 0 720
1.139999999995758 0 721
1.149999999995729 0 722
1.1599999999957 0 723
1.169999999995671 0 724
1.179999999995642 0 725
1.189999999995613 0 726
1.199999999995583 0 727
1.209999999995554 0 728
1.219999999995526 0 729
1.229999999995496 0 730
1.239999999995467 0 731
1.249999999995438 0 732
1.259999999995409 0 733
1.26999999999538 0 734
1.279999999995351 0 735
1.289999999995322 0 736
1.299999999995293 0 737
1.309999999995264 0 738
1.319999999995235 0 739
1.329999999995206 0 740
1.339999999995177 0 741
1.349999999995148 0 742
1.359999999995119 0 743
1.36999999999509 0 744
1.379999999995061 0 745
1.389999999995032 0 746
1.399999999995003 0 747
1.409999999994973 0 748
1.419999999994944 0 749
1.429999999994916 0 750
1.439999999994886 0 751
1.449999999994857 0 752
1.459999999994828 0 753
1.469999999994801 0 754
1.479999999994786 0 755
1.489999999994771 0 756
1.499999999994756 0 757
1.509999999994768 0 758
1.519999999994781 0 759
1.529999999994793 0 760
1.539999999994818 0 761
1.549999999994844 0 762
1.559999999994871 0 763
1.569999999994897 0 764
1.579999999994924 0 765
1.58999999999495 0 766
1.599999999994977 0 767
1.609999999995003 0 768
1.619999999995029 0 769
1.629999999995056 0 770
1.639999999995082 0 771
1.649999999995109 0 772
1.659999999995135 0 773
1.669999999995162 0 774
1.679999999995188 0 775
1.689999999995214 0 776
1.699999999995241 0 777
1.709999999995267 0 778
1.719999999995294 0 779
1.72999999999532 0 780
1.739999999995347 0 781
1.749999999995373 0 782
1.7599999999954 0 783
1.769999999995426 0 784
1.779999999995453 0 785
1.789999999995479 0 786
1.799999999995506 0 787
1.809999999995532 0 788
1.819999999995559 0 789
1.829999999995585 0 790
1.839999999995611 0 791
1.849999999995638 0 792
1.859999999995664 0 793
1.869999999995691 0 794
1.879999999995717 0 795
1.889999999995744 0 796
1.89999999999577 0 797
1.909999999995796 0 798
1.919999999995823 0 799
1.929999999995849 0 800
1.939999999995876 0 801
1.949999999995902 0 802
1.959999999995929 0 803
1.969999999995955 0 804
1.979999999995981 0 805
1.989999999996008 0 806
1.999999999996034 0 807
2.009999999996061 0 808
2.019999999996087 0 809
2.029999999996114 0 810
2.03999999999614 0 811
2.049999999996166 0 812
2.059999999996193 0 813
2.06999999999622 0 814
2.079999999996246 0 815
2.089999999996273 0 816
2.099999999996299 0 817
2.109999999996325 0 818
2.119999999996352 0 819
2.129999999996378 0 820
2.139999999996405 0 821
2.149999999996431 0 822
2.159999999996458 0 823
2.169999999996484 0 824
2.179999999996511 0 825
2.189999999996537 0 826
2.199999999996563 0 827
2.20999999999659 0 828
2.219999999996616 0 829
2.229999999996643 0 830
2.239999999996669 0 831
2.249999999996696 0 832
2.259999999996722 0 833
2.269999999996748 0 834
2.279999999996775 0 835
2.289999999996801 0 836
2.299999999996828 0 837
2.309999999996854 0 838
2.319999999996881 0 839
2.329999999996907 0 840
2.339999999996933 0 841
2.34999999999696 0 842
2.359999999996986 0 843
2.369999999997013 0 844
2.379999999997039 0 845
2.389999999997066 0 846
2.399999999997092 0 847
2.409999999997118 0 848
2.419999999997145 0 849
2.429999999997171 0 850
2.439999999997198 0 851
2.449999999997224 0 852
2.459999999997251 0 853
2.469999999997277 0 854
2.479999999997303 0 855
2.48999999999733 0 856
2.499999999997356 0 857
2.509999999997383 0 858
2.519999999997409 0 859
2.529999999997436 0 860
2.539999999997462 0 861
2.549999999997488 0 862
2.559999999997515 0 863
2.569999999997541 0 864
2.579999999997568 0 865
2.589999999997594 0 866
2.599999999997621 0 867
2.609999999997647 0 868
2.619999999997674 0 869
2.6299999999977 0 870
2.639999999997726 0 871
2.649999999997753 0 872
2.659999999997779 0 873
2.669999999997806 0 874
2.679999999997832 0 875
2.689999999997859 0 876
2.699999999997885 0 877
2.709999999997911 0 878
2.719999999997938 0 879
2.729999999997964 0 880
2.739999999997991 0 881
2.749999999998017 0 882
2.759999999998044 0 883
2.76999999999807 0 884
2.779999999998097 0 885
2.789999999998123 0 886
2.79999999999815 0 887
2.809999999998176 0 888
2.819999999998203 0 889
2.829999999998229 0 890
2.839999999998255 0 891
2.849999999998281 0 892
2.859999999998308 0 893
2.869999999998334 0 894
2.879999999998361 0 895
2.889999999998387 0 896
2.899999999998414 0 897
2.90999999999844 0 898
2.919999999998467 0 899
2.929999999998493 0 900
2.93999999999852 0 901
2.949999999998546 0 902
2.959999999998573 0 903
2.969999999998599 0 904
2.979999999998626 0 905
2.989999999998652 0 906
2.999999999998678 0 907
3.009999999998704 0 908
3.019999999998731 0 909
3.029999999998757 0 910
3.039999999998784 0 911
3.04999999999881 0 912
3.059999999998837 0 913
3.069999999998863 0 914
3.07999999999889 0 915
3.089999999998916 0 916
3.099999999998943 0 917
3.109999999998969 0 918
3.119999999998996 0 919
3.129999999999022 0 920
3.139999999999048 0 921
3.149999999999074 0 922
3.159999999999101 0 923
3.169999999999127 0 924
3.179999999999154 0 925
3.18999999999918 0 926
3.199999999999207 0 927
3.209999999999233 0 928
3.21999999999926 0 929
3.229999999999286 0 930
3.239999999999313 0 931
3.249999999999339 0 932
3.259999999999366 0 933
3.269999999999392 0 934
3.279999999999418 0 935
3.289999999999444 0 936
3.299999999999471 0 937
3.309999999999497 0 938
3.319999999999524 0 939
3.32999999999955 0 940
3.339999999999577 0 941
3.349999999999604 0 942
3.35999999999963 0 943
3.369999999999657 0 944
3.379999999999683 0 945
3.38999999999971 0 946
3.399999999999736 0 947
3.409999999999763 0 948
3.419999999999789 0 949
3.429999999999815 0 950
3.439999999999841 0 951
3.449999999999868 0 952
3.459999999999894 0 953
3.469999999999921 0 954
3.479999999999947 0 955
3.489999999999974 0 956
3.5 0.01016820586951841 957
3.5 0.02157711989202335 958
3.5 0.03437812858615008 959
3.5 0.04874110062483514 960
3.5 0.06485661845314378 961
3.5 0.0829385271975146 962
3.5 0.1032267673889044 963
3.5 0.1259905384745798 964
3.5 0.1515319127365377 965
3.5 0.1801898067779518 966
3.5 0.2123444941320231 967
3.5 0.2484226453218047 968
3.5 0.2889030013109666 969
3.5 0.3343226997962674 970
3.5 0.3852844421949581 971
3.5 0.4424644610898767 972
3.5 0.5066214907133244 973
3.5 0.5786068633805767 974
3.5 0.6593758054355345 975
3.399999999999653 0.75 976
3.299999999999306 0.75 977
3.199999999998959 0.75 978
3.099999999998611 0.75 979
2.999999999998352 0.75 980
2.899999999999028 0.75 981
2.799999999999791 0.75 982
2.700000000000554 0.75 983
2.600000000001317 0.75 984
2.50000000000208 0.75 985
2.400000000002843 0.75 986
2.300000000003605 0.75 987
2.200000000004368 0.75 988
2.100000000005132 0.75 989
2.000000000005851 0.75 990
1.900000000006102 0.75 991
1.80000000000631 0.75 992
1.700000000006519 0.75 993
1.600000000006726 0.75 994
1.500000000006891 0.75 995
1.400000000006588 0.75 996
1.300000000006241 0.75 997
1.200000000005894 0.75 998
1.100000000005548 0.75 999
1.000000000005201 0.75 1000
0.9000000000048543 0.75 1001
0.8000000000045078 0.75 1002
0.7000000000041608 0.75 1003
0.6000000000038144 0.75 1004
0.5000000000034674 0.75 1005
0.4000000000031205 0.75 1006
0.3000000000027736 0.75 1007
0.2000000000024271 0.75 1008
0.1000000000020806 0.75 1009
1.733724275254644e-12 0.75 1010
-0.0999999999986132 0.75 1011
-0.1999999999989597 0.75 1012
-0.2999999999993066 0.75 1013
-0.3999999999996531 0.75 1014
-0.5 0.6593758054365415 1015
-0.5 0.5786068633822277 1016
-0.5 0.5066214907150944 1017
-0.5 0.4424644610921245 1018
-0.5 0.3852844421975956 1019
-0.5 0.3343226997986085 1020
-0.5 0.2889030013129222 1021
-0.5 0.2484226453234319 1022
-0.5 0.2123444941333696 1023
-0.5 0.1801898067790594 1024
-0.5 0.1515319127374426 1025
-0.5 0.1259905384753132 1026
-0.5 0.1032267673894544 1027
-0.5 0.08293852719793049 1028
-0.5 0.06485661845346269 1029
-0.5 0.04874110062507331 1030
-0.5 0.03437812858631017 1031
-0.5 0.02157711989211797 1032
-0.5 0.01016820586956024 1033
2.69474797000211 0.3672894807716641 1034
-0.1611404960695652 0.3266598895963522 1035
2.51499999999739 0.2309106218857491 1036
-0.03500000000087864 0.1814877954995449 1037
2.244805267470445 0.1894200862317753 1038
2.079086699551419 0.1671992130390491 1039
3.144320559292858 0.3573532651600856 1040
1.931131103687981 0.1485262435276139 1041
2.385205054033724 0.1445121877572447 1042
0.01630374288039722 0.4824886672496418 1043
1.790830841973748 0.141246212082977 1044
1.650315908963616 0.137489211176371 1045
1.515984762252432 0.1334725559990124 1046
1.385939858487901 0.1293947503640191 1047
-0.1958526944519176 0.1636381095937697 1048
2.684999999997836 0.1779795026936521 1049
2.914281575339935 0.2324555261762153 1050
1.262169982889114 0.1238739385159059 1051
3.304934450575655 0.1937471166053352 1052
1.143843599252514 0.1185678484585709 1053
2.34658040311123 0.2593051183513921 1054
1.031581213489567 0.1138054978919683 1055
-0.3457274635772202 0.1498600807737167 1056
0.02676637842295054 0.3052298147723713 1057
0.1167157780843437 0.3846109062225644 1058
0.2217038084971619 0.5374313344558928 1059
2.153307799074714 0.2486908648328708 1060
2.172633708803034 0.108695770902444 1061
0.06626539672820166 0.1003194497084811 1062
0.9225883485896924 0.109092045564333 1063
0.8197335138048287 0.1030599424581969 1064
2.493446856674101 0.1146989140724805 1065
2.448992407106329 0.3332542592933563 1066
2.28416167103937 0.09981110617015217 1067
3.134142884944922 0.1701423161560592 1068
0.05364988649402149 0.2182739392593968 1069
0.7233938862939971 0.09691902683454806 1070
2.012156818192608 0.09606188382833869 1071
1.997415397329789 0.2183729557722237 1072
2.249928937889882 0.2849761696995475 1073
-0.02450766763724532 0.0919236951331921 1074
1.865117397820192 0.0889266849269343 1075
1.858613131408767 0.1981485422898242 1076
1.720682737038754 0.08831398816551189 1077
1.720196400899547 0.192747649212511 1078
1.581710218696887 0.1885572786475658 1079
1.585064889744819 0.08530097409932405 1080
2.594602689993475 0.1004413879619012 1081
2.093735024612818 0.08198947492151919 1082
1.448603907607259 0.1825802283538201 1083
1.453018943842521 0.08167431226245161 1084
2.070647398110211 0.2544532680195693 1085
2.813276006507278 0.1335145300020894 1086
3.005719047649333 0.1299781147733026 1087
-0.1142885150512457 0.08723651883497872 1088
1.321139317897796 0.1746810953185169 1089
1.325760169862547 0.07884302256254894 1090
0.6491011369111069 0.07715279847513672 1091
3.394135879114184 0.1042339734752698 1092
1.204801049809822 0.07445058941088122 1093
1.200873535736615 0.1672055926789453 1094
1.941569536025852 0.07469076210748249 1095
2.354902888471451 0.07435232768851846 1096
1.925592637901515 0.2252336859485287 1097
1.085023523394174 0.1599587952582533 1098
1.089089651172295 0.0720985590781419 1099
2.173859125154283 0.1804535473965065 1100
0.09540590500037101 0.2949522603263477 1101
-0.2659755105049897 0.09560902860340707 1102
1.797677265104297 0.06949827952735517 1103
1.788616672797546 0.2106633050773724 1104
1.654510019551932 0.0694825844949459 1105
1.649285664625674 0.208817217869359 1106
0.9756761650851592 0.1536795576674853 1107
0.9772495951119942 0.06709149480846875 1108
1.515659452533923 0.2020309747546248 1109
1.519653131272558 0.06837996831826122 1110
-0.4127061324122205 0.08542273065699373 1111
2.224938131541713 0.06924989158892289 1112
2.423344422571912 0.07014824113336517 1113
3.306893005759629 0.0926488708787111 1114
3.215245164671216 0.09001882548833023 1115
0.08913437884792819 0.1630641155892874 1116
2.186656122701962 0.3046959162286542 1117
0.8692607192063639 0.1457175636051116 1118
0.8717952485933886 0.06681748667862965 1119
1.384895562433994 0.1941789089223953 1120
1.389259533329976 0.06577701343682608 1121
2.901891846348267 0.09699769111902069 1122
0.3614001627179736 0.5938707870233498 1123
2.674999999997842 0.08202295844472157 1124
2.320073688415477 0.1881504325724533 1125
1.993135353119654 0.1557901620767513 1126
0.1049719673280274 0.05931502580855248 1127
1.258812203882233 0.1861346711911819 1128
1.265002183224901 0.06252472082608247 1129
0.206024473213814 0.4388752170755754 1130
0.1216232943166734 0.1135204534741872 1131
0.7683037176942522 0.1381749913209838 1132
0.7753976026041812 0.06221701026220465 1133
-0.1866905767974634 0.07042420444086349 1134
2.229740053974462 0.1293420546828827 1135
2.338780047505248 0.3196375716623986 1136
2.754999999998032 0.07987255007929125 1137
0.5907900204908397 0.06012225039286193 1138
2.209827329299918 0.2395157405557723 1139
3.085037928563972 0.09143967801108574 1140
-0.3324959495767467 0.07168777120994348 1141
1.142439121784472 0.177725772160025 1142
1.148129505926089 0.05984065153454302 1143
0.02593418011591843 0.05764230221826609 1144
0.6757059674662951 0.1282033126542357 1145
2.115504449673027 0.2924526333426089 1146
2.145045714805505 0.05736388188234817 1147
1.0345730279656 0.05659713201514528 1148
1.029506264139598 0.1699219611009827 1149
0.1448230553770416 0.3244721430628837 1150
0.1878914415234253 0.3704251370633158 1151
1.874873194748121 0.1446128602708316 1152
2.283944841780466 0.2345680527858653 1153
2.121572070154945 0.2015251183718355 1154
2.129297248848754 0.1462061654015263 1155
2.424449962677585 0.2206251699595084 1156
1.735833428725157 0.1411111683692418 1157
2.394345642387138 0.357316636204362 1158
0.5131719418138498 0.6013581554971696 1159
2.04623621755445 0.05647800554682073 1160
0.9219166633344267 0.1640851989834132 1161
0.9265236029982313 0.05404460280578008 1162
2.534999999997428 0.06411323785141582 1163
2.018982607913298 0.267895999161699 1164
1.59786573691307 0.1373995048216839 1165
2.286089374079357 0.3240489869773873 1166
0.6933083916004927 0.0531604416599096 1167
0.5026497233109776 0.0466437243160782 1168
2.396476105212123 0.2940868733310782 1169
0.2879722894973578 0.476005068566906 1170
-0.2804699914452511 0.2604031576267436 1171
1.438124289895363 0.1328710735699908 1172
2.454342737349323 0.5564188839688138 1173
2.291086957471585 0.5823221820004764 1174
2.150764888370071 0.6152823774141163 1175
1.989561129399326 0.05177386714482235 1176
2.058899939194303 0.1198649673843384 1177
0.8178399877758351 0.1553790713274037 1178
2.048119506407653 0.2082348315983827 1179
0.8242292366538948 0.05109487789678658 1180
0.6265271582613531 0.6195583579330076 1181
0.7588522120737051 0.6288318388326321 1182
1.897548198563886 0.05222602235823851 1183
1.964600962876298 0.254583137844676 1184
2.305420359336241 0.05149286091413045 1185
0.09731693364741759 0.2432983664516799 1186
2.276830706845107 0.1494614643224874 1187
2.330208597185288 0.1304989130584665 1188
1.336193771881989 0.1272117376201915 1189
2.23138799232647 0.3289233027415956 1190
1.753137440943269 0.04968149534174235 1191
2.964183115545711 0.07277619565924551 1192
2.844999999998232 0.06717695879931714 1193
1.878314410572772 0.2434001062198319 1194
1.958187500909927 0.1892690859730961 1195
0.7204902540005542 0.1451934809617491 1196
2.47298452401914 0.0519644087532979 1197
-0.06584022783337706 0.05494923908309299 1198
1.83876206127253 0.04835805726828911 1199
3.444094377311031 0.0528338513794335 1200
1.967508221373979 0.1148384582580062 1201
1.691831356664078 0.230401586802425 1202
-0.3129225954413795 0.446856812195676 1203
3.154999999999089 0.06482411196121209 1204
1.830536756923425 0.2370914173238953 1205
0.05587164824252273 0.2664569726974038 1206
3.027115344667131 0.06191479968168511 1207
1.743774291485391 0.2321409529960228 1208
1.216212609550473 0.1207011778209494 1209
1.695603191992716 0.04796832949712973 1210
1.907708593588623 0.1077877489543706 1211
2.030418850943818 0.6290673085140596 1212
1.612508596384072 0.04676496773243188 1213
1.605077302786161 0.2296567876199297 1214
0.3658090670882873 0.5071326400998775 1215
0.10672410605045 0.2062855879050781 1216
0.4372710827938056 0.5331145532280479 1217
0.02325905850626071 0.1541595383659025 1218
1.903275360767192 0.1837253628552715 1219
1.833528175576369 0.1243562649811847 1220
1.556550973528157 0.2263223207595348 1221
1.560924071287468 0.04606149855440285 1222
1.473758584783432 0.2205504348142566 1223
1.764614302488874 0.1035768184466547 1224
1.479869199801445 0.04528103679188934 1225
1.074604653094417 0.114791651650039 1226
0.5483808957082774 0.04540778311439229 1227
1.818476878052994 0.1755692899639709 1228
-0.117746473650367 0.1689534144205514 1229
0.6316640951641794 0.1185930640512978 1230
1.693844223433843 0.1225797464316658 1231
1.678788892786421 0.1746739066942768 1232
0.8684696310042656 0.6298590844369347 1233
0.9754603188405971 0.6382309295083619 1234
2.296876999847208 0.2790773015948375 1235
1.761320197656658 0.1764265036475768 1236
1.554471690010891 0.1547735228178454 1237
1.422397815352606 0.2186564433025162 1238
1.42936497148872 0.04423834731175447 1239
1.626785999876719 0.1029360958036075 1240
3.353089912518658 0.05712880556777886 1241
2.187286456433049 0.04507043181304334 1242
1.345025420149538 0.211918879749097 1243
1.62291424214853 0.1745255749720408 1244
0.9886102108787924 0.1114011677611417 1245
1.545240410907943 0.1029746806448019 1246
1.352184460308869 0.04348728162420256 1247
2.03579118885716 0.1656801871895734 1248
-0.08421666377406135 0.2648363105935705 1249
-0.01363579869632883 0.04242328824212623 1250
2.264002919088524 0.04456374639174836 1251
1.489383695650477 0.1674299473735659 1252
-0.2350000000005697 0.05243164468517456 1253
-0.285625489919888 0.04974426935167488 1254
1.489351620964029 0.1016650619187803 1255
0.06431162311399398 0.04236485477155068 1256
0.7354267529094126 0.04433425226949596 1257
1.29654063873843 0.2095112472608017 1258
1.303977740771432 0.04226375540176243 1259
2.449096808869812 0.1617098222956508 1260
2.62499999999769 0.05474257012407324 1261
2.148475922714911 0.3174891709780571 1262
2.129981954670841 0.1035985090545208 1263
2.106899087590239 0.04103381894754397 1264
2.072703482881211 0.2965389371312654 1265
2.352481385593986 0.4887083199877629 1266
2.111156655787379 0.2421515768231696 1267
1.222649202821427 0.2028108377481878 1268
0.6283162971669212 0.04122520099393023 1269
0.4616002962759636 0.04148272062376912 1270
2.27062989128039 0.5004860581069611 1271
2.197381386590167 0.5330300325152497 1272
1.230065328209075 0.0416147758370777 1273
0.16041715183862 0.1134820639264905 1274
0.8617424519562999 0.1054679090834372 1275
2.371657727086794 0.2098909629342018 1276
2.409016353287545 0.4357116004653679 1277
1.415202056328358 0.1016067079714569 1278
1.412126019265598 0.1635372307459156 1279
2.542598592567172 0.4432403519791747 1280
1.360482605479679 0.1613848852124215 1281
2.383634896848091 0.04381204320282924 1282
-0.1450000000007117 0.04695710555401781 1283
1.363571157211172 0.0954683380607157 1284
0.1362935814026831 0.03809833054307993 1285
2.928453573272971 0.4943793824785839 1286
1.18388940020699 0.03982986128667562 1287
3.03954259826232 0.2583285276407644 1288
1.176615735140001 0.2000902206933367 1289
2.211223943697502 0.1650345084345259 1290
-0.06446192642797921 0.3751901716917416 1291
1.29844470658523 0.1418913881364332 1292
1.074575072396053 0.6360290263853121 1293
1.174281412528196 0.6418758478385556 1294
1.272635796513293 0.6442623142004389 1295
2.550439801258282 0.1616583031211663 1296
3.26447299698995 0.05142557749913363 1297
-0.1416759824805489 0.5397380203378266 1298
2.611669065005188 0.2419228462771073 1299
2.548147761264989 0.3252285347826614 1300
1.289409494300209 0.0939071095566896 1301
1.114410534979217 0.03730975406506074 1302
1.107303703004422 0.1936858082056686 1303
-0.3723972636965547 0.04930467987595084 1304
3.320909047714274 0.3674585324654674 1305
-0.4553479037708197 0.04442695028463153 1306
2.57541121705011 0.04508074168844526 1307
0.7812553837677785 0.1007755527070164 1308
2.121479042559776 0.5526116215958521 1309
0.6862484119967244 0.0907109262020717 1310
1.23824503494001 0.155038080020639 1311
1.239708196533985 0.09186731560780007 1312
0.05370612589688505 0.1794260155928654 1313
0.01033212936562651 0.1988207703681273 1314
-0.002421887621091729 0.2530828074065059 1315
2.178396330089269 0.2186727601161709 1316
1.062088120252835 0.1910262540287724 1317
2.097479648124424 0.1255933738532652 1318
1.067607932510719 0.04060606172262449 1319
1.182017353291247 0.1048869194271782 1320
-0.2693318706937591 0.1701737330942507 1321
1.166473775948403 0.1502019405301225 1322
2.714876685167058 0.05097516935782474 1323
2.794999999998142 0.04979573237790052 1324
2.086074314027687 0.2136533729288555 1325
0.995321386641093 0.1852593917503814 1326
1.952113059123467 0.03805966523978256 1327
0.1258196895830541 0.1528019619557854 1328
1.002571084247765 0.03566692881845756 1329
0.1344804271913615 0.2871854719633604 1330
0.1304196363099279 0.07814743943919798 1331
1.943181826027867 0.6410350125850207 1332
0.06227583980321993 0.1398427862823926 1333
0.02872459559031498 0.1148369963378687 1334
-0.07032059553480308 0.1301275485892281 1335
1.476282618092911 0.1322853080215321 1336
-0.3840717757552914 0.2471674657888176 1337
0.4243695450860506 0.03721853308806081 1338
2.213755586330865 0.2766651483022952 1339
-0.1616519955350854 0.2304742226530982 1340
1.121137721105569 0.1472217914594959 1341
1.123756353196016 0.08832991745981021 1342
0.9518626722278892 0.1829845842634207 1343
0.6054105835254729 0.09342366879403786 1344
0.1809996704346815 0.3303016981551358 1345
-0.1056417954722731 0.03921011873249026 1346
0.9580128847251181 0.0387437586657722 1347
1.929545565910719 0.263510869848086 1348
2.02190532442778 0.1324295437230277 1349
2.181757684521262 0.1440162326942243 1350
2.206218849860385 0.1003574866900165 1351
2.210392922581264 0.2023567428752311 1352
1.801981970012324 0.1065705920344899 1353
2.249769908155011 0.2476320518669216 1354
0.8882434045850112 0.1765540144850228 1355
0.8950527718803132 0.03595879177446964 1356
2.886405919277053 0.04380644725867299 1357
1.662441415634094 0.1036871513704643 1358
1.783999037762374 0.03540057611368386 1359
2.246905253488376 0.09825673512322436 1360
1.363000379771608 0.638235173558284 1361
1.455284805062719 0.6597620795713122 1362
1.545755994628738 0.6573378005144348 1363
0.5053181006488352 0.5383624369596423 1364
0.5759020785224457 0.5513745666228476 1365
1.055978130393691 0.08753456267300055 1366
1.053215291929355 0.1433850546427223 1367
0.6637204114963604 0.03540162622648474 1368
-0.4214642816154209 0.1643005776925434 1369
1.794981774279927 0.2471342364387509 1370
2.345638899230169 0.03763307723033867 1371
1.007914821336477 0.1412405199401894 1372
3.114999999998934 0.04456031341416115 1373
3.195563417260235 0.04219162644949039 1374
2.358502318037769 0.3502314490450653 1375
0.06368721283532248 0.3014154869635701 1376
1.010904587578658 0.08571176818176876 1377
1.65715689066309 0.242931443957157 1378
-0.4150000000001286 0.03998756774960874 1379
1.827541622733993 0.08255497430520392 1380
2.158754456431152 0.2836638154710526 1381
1.856191432105131 0.6583496796254171 1382
2.391737772708284 0.1013075614751528 1383
0.9542417657151459 0.1241423179676986 1384
3.406031571299942 0.04486151326856515 1385
3.314999999999529 0.04286863283676261 1386
2.782276088947868 0.2569117515369603 1387
1.662898361167415 0.0353627165183699 1388
0.8478924805202817 0.1733253470112677 1389
0.8555112727621698 0.03492623727755862 1390
2.28279239182756 0.1986037150679201 1391
3.064249327878624 0.04199263002942723 1392
1.546339046170077 0.1856279496857716 1393
0.946663692971671 0.0826614366342748 1394
2.068375134320274 0.5546480304346078 1395
2.018193678675957 0.03474524037155819 1396
2.196988754347792 0.3376012759869677 1397
1.688447984575184 0.07993924778412564 1398
0.6457640114261605 0.1482380717616904 1399
2.674999999997842 0.04071247443744233 1400
0.7869818230421727 0.167352245881593 1401
0.6408072335246614 0.5512156081803797 1402
0.7085003102617253 0.5699897352366186 1403
1.522050808879909 0.2357172715932183 1404
0.7951896465788741 0.03444411703638166 1405
2.924943408813973 0.04046369223569087 1406
1.5287597250003 0.03424409363679539 1407
2.436885769824487 0.1158699381088467 1408
3.404581955946387 0.2029724485074429 1409
1.964836781562888 0.2236078660825717 1410
2.321705677398158 0.2267757161003007 1411
2.045139250636181 0.08792627021048875 1412
0.9012885683362272 0.1351556714717607 1413
1.981059746845741 0.08492508965691131 1414
0.5599673623278836 0.076872493089369 1415
2.319641464866631 0.08549191913403283 1416
0.9043721308547467 0.07965626281528634 1417
2.040686077576848 0.239971932301959 1418
2.013300770342628 0.5732731153380665 1419
2.314846488493918 0.3414700390986053 1420
2.073820789479939 0.03362640136707887 1421
0.09716650157208007 0.09150960282367213 1422
2.174530046977761 0.07522295226223467 1423
2.184686389138754 0.2598834354316702 1424
2.446621647639455 0.2769477770858342 1425
2.224233463899524 0.03304877392659242 1426
2.008330813652068 0.1863925527721294 1427
2.038780508935193 0.2951218532414832 1428
1.709197406526803 0.1609240257418567 1429
0.3910728445812473 0.03348786568691153 1430
2.258608498818695 0.3446816691439016 1431
0.09229539245898627 0.1302833251217969 1432
0.7488670961748979 0.1636721142178393 1433
1.987334165661091 0.2807062375193001 1434
1.849702231247354 0.1664763721684173 1435
1.867241035347125 0.0328444344113333 1436
0.769324875109985 0.564411169062517 1437
0.8304584326140635 0.5690058579469008 1438
1.781566284039479 0.6639677047610245 1439
0.4353871267126551 0.1130540185953672 1440
1.390474819927015 0.2267080570704137 1441
0.6130956507227124 0.1451153812087728 1442
1.398450629396315 0.03289371718749053 1443
2.434999999997214 0.03550845869090686 1444
1.111583018796585 0.1167039880120131 1445
0.8419217129677867 0.07769319709110646 1446
0.2668400065256346 0.4234737787638617 1447
0.8396101388289573 0.1298783904908554 1448
0.1927793503777381 0.1101535722293834 1449
2.390896700049725 0.250816825765946 1450
0.6914572746858538 0.156351998119739 1451
1.52008477654299 0.1682314243438363 1452
0.2318251669038195 0.3860277232604926 1453
0.7999244916210185 0.1278107733883127 1454
2.504101283391979 0.03522219009505616 1455
-0.1613215175690803 0.1199287313355042 1456
1.724680051370848 0.03186420658372058 1457
0.8031248678395333 0.07538282188458859 1458
2.141332932582961 0.1754865383865841 1459
1.626390295373144 0.6561107058526581 1460
1.289976415552291 0.1727487201420629 1461
1.574691911695101 0.1158499824235284 1462
-0.1950000000006358 0.03654857835388241 1463
0.5767413298987686 0.03161418396685199 1464
1.716774608357172 0.2477690883512014 1465
2.112367435709419 0.1725347483771343 1466
0.751946625299581 0.1106312926343458 1467
0.7437677853698211 0.07307900831969065 1468
0.05350074865089711 0.071790200615688 1469
1.961910685879633 0.1577716606798752 1470
1.274296881014823 0.03133554087748868 1471
1.266699549222869 0.2180802458295261 1472
0.2078185715784374 0.3466657359607338 1473
0.5270626066236915 0.06883002897937374 1474
1.921431823005795 0.03136951199776753 1475
2.245368247930185 0.1572965780161498 1476
2.545113214175563 0.111940843804476 1477
-0.3270654803146488 0.0358163031309302 1478
2.020410966974928 0.0674450513366477 1479
1.895022369388427 0.2150727736624597 1480
3.224101514914783 0.1760975968652191 1481
0.3116112227901716 0.440137926275728 1482
0.3488680531634612 0.4565999898436368 1483
1.819319674744332 0.2089081113514995 1484
0.1242738188035201 0.2584012786508277 1485
1.993556129953417 0.2486108558667774 1486
2.372310439459784 0.3786417163419588 1487
2.755423324465176 0.04011816105249041 1488
1.853365106659511 0.2557721817910944 1489
-0.02210997015623819 0.1365639631677452 1490
2.257082770131663 0.3140618656746009 1491
1.93601098991234 0.1191575217399022 1492
1.587179303147004 0.03030598776489683 1493
1.174236078200208 0.07454545453294184 1494
0.7641590073913976 0.03025301113227725 1495
0.03603768780707173 0.03028062115169783 1496
0.3614605816175259 0.03046957799652987 1497
2.994718077687864 0.03901184872127482 1498
1.893643309427856 0.08144753145933842 1499
2.159520234356418 0.03016043332937748 1500
2.349625999641293 0.4366226145904111 1501
2.306457160188216 0.451116786768384 1502
0.09216014339544544 0.03028046237880497 1503
1.580547134705482 0.2441353397258101 1504
0.7034991394986254 0.1195123473991252 1505
2.146910012067992 0.2189686445558636 1506
1.155539334755858 0.02993029831314208 1507
2.329004660955861 0.2866960640554776 1508
0.1646334892119306 0.02971730840501288 1509
2.095815106154283 0.3157550453653614 1510
1.147437405962755 0.2074514428267902 1511
0.4798494971695613 0.06093151312404863 1512
2.500852029464385 0.1660753362912479 1513
1.815202237886694 0.02968014661502682 1514
2.235438981100747 0.2178331961853548 1515
1.447543392302213 0.2345276278308591 1516
3.238727917617812 0.2892931886199107 1517
3.215089245684685 0.5447458091901975 1518
1.759299658334125 0.2062967616011279 1519
0.8923620102112694 0.106660959263251 1520
-0.2161834409928229 0.1136926299894968 1521
1.268290025169972 0.1543590600212253 1522
1.903991333358801 0.1373373472833969 1523
1.878050973370935 0.1156813714611178 1524
1.556826906803621 0.07620646714962376 1525
1.455055224301728 0.02921681592015229 1526
0.6577593948191227 0.1051493496577775 1527
2.444002825270249 0.3900341307370643 1528
2.351142185454942 0.1642451499183931 1529
2.09758870923794 0.2682342535646985 1530
2.128291889739133 0.2659726385272377 1531
0.07575218906644834 0.1984473030913208 1532
1.680073418769557 0.2042391018646255 1533
2.12251664573068 0.07554641974382616 1534
1.619501456388311 0.2026233657443459 1535
1.750701608546192 0.07847358045628097 1536
1.628446039725589 0.248097271110164 1537
1.899844658036667 0.2654608071078642 1538
1.613124265272572 0.07653712650494955 1539
3.235210342385276 0.03500665249763207 1540
1.929636308231748 0.196145752446852 1541
1.69319465386525 0.6520010625583662 1542
2.280425058014954 0.06889381701572192 1543
2.408657394935112 0.1837855529034416 1544
2.260542533207186 0.1248575795720389 1545
2.54654392232292 0.03211255485796657 1546
1.316421532752671 0.1058467879703289 1547
2.224064027887571 0.4856723965810462 1548
0.8804771703714729 0.57077021674975 1549
0.9403882323171027 0.5810149419336167 1550
1.996112269382218 0.1194728603124656 1551
0.6208673623221861 0.06924392743649137 1552
1.789975748102721 0.1702060528491184 1553
1.4576175580984 0.1104243839346708 1554
1.635692124687078 0.02771046859655557 1555
1.456565747033775 0.1544285869632007 1556
1.020233922861197 0.1973841074175706 1557
0.5244094499349508 0.02858129092420838 1558
2.621109389987739 0.1644306589221539 1559
1.041959399704681 0.02874663853743364 1560
1.767108970482691 0.2526639431042167 1561
1.650823704101565 0.1678064700280607 1562
0.02900786910311832 0.08720160102556328 1563
1.424864949547434 0.07315021813775689 1564
0.2203056914542399 0.1062940521081387 1565
0.7107746379077199 0.02912260156372749 1566
1.817896895152411 0.1486029494110655 1567
1.762848861052822 0.1323178272345572 1568
1.736884622379044 0.1116437032622629 1569
0.08316486723731542 0.26804422923522 1570
1.870650570097119 0.06157172813272423 1571
2.825473338227843 0.03407789909828041 1572
2.357333597889577 0.109353659030123 1573
2.155547440077218 0.132858310220915 1574
2.055959500345836 0.1479742309013232 1575
2.471545731304114 0.2045412856948865 1576
0.1220969843537514 0.1810799591278666 1577
2.132713768868115 0.02858317269680596 1578
1.319845196995117 0.2251054542446207 1579
0.1182307211927674 0.312063886412021 1580
0.08801743315870683 0.3337230030909508 1581
0.04996345290983697 0.3404063795581834 1582
0.1175958533580207 0.3474219060950536 1583
1.151045086916088 0.09021437747440458 1584
0.408037716791823 0.1082781682741665 1585
2.708280204758449 0.5611760240855856 1586
0.1622364202384238 0.3015975703790703 1587
-0.04483699894883324 0.03179078980728164 1588
0.9915016668768062 0.5693642320699904 1589
1.044185324202101 0.577244126170816 1590
1.093973463716253 0.5811530650302277 1591
1.143739873752003 0.5855611650341414 1592
1.193401865412449 0.5901509239438252 1593
1.243190185318751 0.5946813174068795 1594
1.290580302088824 0.6028996914411882 1595
1.339764606035675 0.6058776375288839 1596
1.856180148566019 0.22691789624212 1597
2.287143968982614 0.02883037853174287 1598
2.361027437219273 0.2924698031525798 1599
-0.2253184298619516 0.2183437562434877 1600
2.216260091444992 0.3045969176428602 1601
1.679175127981159 0.1475673810349314 1602
2.167929004879834 0.3369701990630334 1603
2.29678437575213 0.1295966705612798 1604
2.307855996102063 0.1581697029652563 1605
1.328385650912393 0.028021827078897 1606
0.06955221410532456 0.2432954833757987 1607
1.494586669837837 0.2398220338731369 1608
1.479587272008504 0.07369591134170388 1609
2.072924476874827 0.06305619594774579 1610
1.877043063735873 0.1730031143688444 1611
0.1515441718399425 0.1397676120892782 1612
0.3331454430463446 0.0278334471756256 1613
2.458460445745368 0.08578556322999954 1614
1.485838885757498 0.1958111765888712 1615
1.412809317851315 0.1915647962747872 1616
2.271554761721909 0.2630536599389296 1617
2.873149353809506 0.3744570101280953 1618
2.046910210956487 0.2685728249376924 1619
0.9468660509512907 0.1510563093161857 1620
1.727099054201297 0.05955030072944567 1621
0.7165860464443728 0.07072676527301032 1622
1.582600124040469 0.1607084825156856 1623
1.502281121742429 0.0269908061339016 1624
1.717018720691011 0.2215004373783009 1625
1.193491919395865 0.1378246866084563 1626
1.624451166541768 0.1455834784840226 1627
2.121642430192678 0.3255150623344161 1628
2.311560514399719 0.3104560559677357 1629
0.6019429128562663 0.0285935308982906 1630
1.580267872871943 0.2167454836437324 1631
3.162007024241334 0.03358428482414124 1632
3.37797265133185 0.03297271581453798 1633
0.9335290736857317 0.02736111653471813 1634
1.518288784821196 0.1078340926816464 1635
0.9257771826261747 0.1893390780567976 1636
-0.34525918735372 0.3455427816764944 1637
3.448340040004771 0.1087813639786227 1638
1.587632036525753 0.05794383056509269 1639
1.966227570912191 0.5813913898146351 1640
2.14923967819301 0.08545534144389041 1641
2.747158089429343 0.1483035140113978 1642
1.300246711290511 0.07000056054973543 1643
1.735669271610133 0.1698000153844721 1644
2.044999999996135 0.02693706061426746 1645
0.5396006389592691 0.1367523683419626 1646
0.3810206909070113 0.1070013467629537 1647
0.4844211723953287 0.02678297973737649 1648
1.198613252618008 0.2154154493472662 1649
1.352362358025928 0.07043195864152076 1650
-0.06359319889789841 0.09415283935463008 1651
1.358438373691029 0.1883905975844403 1652
2.954792570467058 0.0307084139633257 1653
2.202597248982412 0.126919276580007 1654
1.976749112625927 0.02686446358322605 1655
1.207308034227402 0.02674622400674707 1656
0.04216905822793945 0.2426402894071097 1657
0.02676622347239019 0.220922600755978 1658
2.0105779665274 0.2957688801921907 1659
3.344774520257917 0.02891976413353435 1660
2.057702975757301 0.1832158297867515 1661
0.4068481681016147 0.486956190538166 1662
1.541685133610627 0.1296034739456882 1663
-0.2574207612905068 0.03047275451892014 1664
0.6698188917140633 0.06179971247295923 1665
2.288035298683748 0.3509387446758361 1666
2.854999999998285 0.02983033493184866 1667
1.411562597828881 0.1374206330293274 1668
1.364580981821068 0.2305043812379996 1669
0.1184792229723282 0.2270504755060461 1670
2.252278986097164 0.06959235565407997 1671
1.386942089132978 0.1541794816862155 1672
-0.3708551003957179 0.1078107222825145 1673
0.07905964271784638 0.07182485694325566 1674
1.373262468006623 0.02572641315057184 1675
2.071685245996897 0.09658159602872485 1676
0.2476816472799178 0.1037083227617801 1677
-0.3107431183694978 0.1209320459113718 1678
1.92648282770641 0.6007444951471972 1679
1.88313638393187 0.6102787650712138 1680
2.606399840311181 0.02862893764951478 1681
2.645147674684754 0.03099910633925472 1682
2.882126951342576 0.1697696153229323 1683
2.024023048912566 0.2195048894765471 1684
2.319199028365012 0.02763188834756613 1685
0.5137683842475996 0.1316614585070714 1686
1.983324363650907 0.195634783264812 1687
1.949266913930399 0.2782066939683684 1688
-0.3235321727760297 0.2161890987020502 1689
1.600267534655096 0.1059726219344112 1690
0.8209501810800526 0.1799925812188497 1691
3.464720270151976 0.03123824159847163 1692
1.455817267865958 0.05570590184835145 1693
2.063826036923947 0.2286713525521131 1694
3.069591212129853 0.161290588441502 1695
1.449739033820137 0.2075883810417164 1696
2.316400173728964 0.2551589561574483 1697
0.4612542225390854 0.123639660374374 1698
1.916280720788476 0.06820507716971022 1699
3.347036307590934 0.1451687792779944 1700
1.170032628176345 0.175724334246572 1701
0.3545863992155691 0.1047525377332239 1702
0.5650549212748046 0.143177263305157 1703
-0.07855014242278065 0.2061059116611002 1704
0.3049999999981826 0.02549974158323267 1705
2.501343453324807 0.07849769308322682 1706
0.9273870541365733 0.1335560296390035 1707
0.02687242425251059 0.1788812377897165 1708
-0.002413573338933475 0.1706982966406719 1709
0.8299894045880367 0.02707155823246935 1710
1.235486343593406 0.1802450187222174 1711
1.22998602033841 0.06748511349057901 1712
-0.07477492140848217 0.02731336501777435 1713
1.335924282408151 0.1531215929984545 1714
1.358013439962607 0.1343680371506873 1715
1.964108884595726 0.06065420169871946 1716
2.368392515829053 0.3217910454507242 1717
0.1900475917863812 0.02570568745961936 1718
2.265648661096898 0.1761402690807808 1719
1.091320368741842 0.02568688436997571 1720
1.388313406057041 0.1033249113341996 1721
2.274892619296732 0.2944577120335192 1722
-0.4570866513758789 0.08860850986197197 1723
1.08319663532084 0.2063046837119534 1724
2.263434607162461 0.2152444940428687 1725
0.007583053490693973 0.02742322275422249 1726
2.337012064189024 0.354844481291287 1727
-0.2527670866741285 0.3471836369864418 1728
-0.0327328485652839 0.3126513952358576 1729
0.5814444338898818 0.09132816548755314 1730
1.895259319947734 0.02379917446370096 1731
2.159668373966874 0.1575460542434102 1732
3.284089111129471 0.031837876938971 1733
3.165182237235623 0.125486925315291 1734
1.240759163171058 0.2208538846541577 1735
2.217993917879276 0.3514705305142134 1736
2.156188470188925 0.5072323191154622 1737
1.761632803782103 0.02579632027940565 1738
2.199259742768871 0.06872761086571282 1739
0.3263948563040474 0.1034112116346476 1740
2.410031634130839 0.02996006890826546 1741
0.2758827942272832 0.102748704470209 1742
-0.1637279979456305 0.0268155416286689 1743
2.700133068221555 0.2629653293348054 1744
-0.1504437879366701 0.08270459629307068 1745
0.1476235427598883 0.09292744845929124 1746
0.970103490238066 0.09249385438893062 1747
0.4866180084071993 0.1271979404165842 1748
1.250331790702956 0.02695156700724484 1749
1.091836722826829 0.1352910705066845 1750
1.942936626296492 0.2430227872298823 1751
1.093581383115992 0.09527504445856408 1752
-0.1781626209312505 0.4454917832137403 1753
2.464351422557599 0.0278510832342897 1754
1.81786513786448 0.2580881899079576 1755
0.6848465788096275 0.02522536412763743 1756
1.322713687329657 0.2001314558532372 1757
1.680129792338589 0.253915270539779 1758
0.7437479352688184 0.1365083708731667 1759
1.93910984373229 0.1727697699467912 1760
1.905757562650367 0.2397201843847579 1761
1.264728831861931 0.09862747418942762 1762
3.255147948684709 0.1325423085619518 1763
1.329009002283313 0.05338562255453549 1764
2.035439223007812 0.1106790574419723 1765
1.771646370433081 0.06559361644869827 1766
1.065651451479661 0.06283224819498338 1767
3.034999999998714 0.03072160411415051 1768
0.6301124787672795 0.09393465331033714 1769
2.330527724187744 0.06006527981386667 1770
1.286653898150383 0.1203196139844963 1771
2.996012444301952 0.3956126178738619 1772
0.1277135185668855 0.4754645632672797 1773
2.091637099784254 0.1880903523111525 1774
1.685817142045698 0.02463773615062851 1775
2.098670349261122 0.1509577082458603 1776
1.837680229977223 0.6229321921555279 1777
1.796796148208728 0.6272962276104518 1778
0.7222584076190866 0.1691625338656067 1779
0.08426054649066535 0.2221364126168466 1780
0.5017864462128759 0.07057160865378687 1781
1.119183281071857 0.173125177495809 1782
1.844809381988291 0.02477177123158015 1783
0.9723864611705108 0.1973851349543441 1784
1.814624556844152 0.05517294388538896 1785
1.911438798692966 0.160638818426387 1786
1.113292535583852 0.06619715739470317 1787
1.238783283795851 0.1289478325409835 1788
2.939666305092174 0.1475404167988394 1789
0.1141346883583201 0.02552194368574089 1790
-0.3544181393792016 0.02763791999576316 1791
1.217950126472287 0.09750156300000137 1792
0.3015504336839447 0.1025436227590679 1793
1.770529594821902 0.2278777816952439 1794
3.396258019971119 0.3047649305118296 1795
1.949932949551156 0.09789385867716673 1796
0.5892560500652004 0.1492882826991249 1797
2.384578190587693 0.07256819979903351 1798
0.980685455623692 0.02463107249370013 1799
1.752499937747251 0.6258850203727392 1800
1.052993890393269 0.168438655321013 1801
0.4412124928426532 0.05482574827101134 1802
1.976810196908704 0.1369831028727249 1803
1.850886867252542 0.1420154884873498 1804
-0.0009954806741386442 0.0698638008114129 1805
0.4436244213994165 0.02488687486849307 1806
1.636629385529447 0.05286238219832457 1807
1.854042651765113 0.1107286438951471 1808
0.2807693090365999 0.0242506647538759 1809
1.123351990544937 0.211000034911755 1810
2.504039395524434 0.3720017363344246 1811
-0.2265552483416896 0.0288444132075473 1812
2.20234115739565 0.02436193271067543 1813
1.131857227964502 0.02443173002401534 1814
1.544122919358182 0.246901324237963 1815
1.202158907116522 0.1907414671855207 1816
1.341220649280599 0.1041463507121094 1817
0.2154578879145627 0.02399741293434282 1818
1.550719407365075 0.02415552400291103 1819
0.04274745499702751 0.2871152805343937 1820
0.02916426252417791 0.2656445595819573 1821
2.107601213759676 0.1035535325000838 1822
1.144122401816853 0.1537316734015021 1823
-0.1098293030868567 0.1275225990368074 1824
1.206040171924528 0.05392577920969568 1825
3.434614486389487 0.02729502990617141 1826
2.1547829490098 0.1963329694229035 1827
0.384620014865905 0.4618553965231529 1828
0.6669328179033482 0.1622132128867684 1829
-0.4722799849478925 0.02486442464921779 1830
2.247428410434011 0.02419054083774613 1831
2.032230950463707 0.188635946710572 1832
1.167428735599989 0.1265146667724699 1833
1.740422671613899 0.2563846955864005 1834
1.874649624635275 0.2667438571168996 1835
0.140026839721638 0.05843373994913845 1836
1.53946624559079 0.2088081195436569 1837
1.701663680279276 0.1000618922441859 1838
2.499930861190079 0.3056425560483884 1839
2.137664716502221 0.2957240237145548 1840
2.087797740245708 0.2368940832478419 1841
0.9570157400111639 0.06165433784759345 1842
0.4829387736595199 0.5031834348656469 1843
1.953010343206221 0.1356231686582382 1844
1.631383580705659 0.2245569101600752 1845
1.926563719119322 0.0932083353500206 1846
1.67469851791959 0.056316161162637 1847
0.543759560038658 0.5124775841862045 1848
1.006329825493615 0.166306258282909 1849
1.001614121238451 0.06216124317067531 1850
1.880868021817971 0.199239496498855 1851
0.4419595507056721 0.4840490297077868 1852
1.771082030841524 0.154744383098995 1853
1.717605385899076 0.1263709359504578 1854
0.2517768078839875 0.02424874068311986 1855
1.697655915993894 0.1911314912900565 1856
-0.03768192853517116 0.06516305036672794 1857
0.6488172937540743 0.05378335694278338 1858
1.608785218919304 0.02518706933047024 1859
2.369323419207126 0.02558492966209086 1860
0.6443476082110159 0.02406697322464434 1861
1.605348176799139 0.2522676016026018 1862
1.436989348182247 0.09831614873543533 1863
0.8669655237887651 0.1874196997344267 1864
0.608792711856551 0.1161727223224985 1865
-0.1249376267754491 0.02405054401057086 1866
2.642671137499659 0.1193632008220979 1867
0.03815771760849541 0.1999146639810159 1868
1.933026505478665 0.0518935574760271 1869
1.847885207618321 0.07033620071306999 1870
0.1251339796693408 0.2058909469766712 1871
1.784246954800629 0.09111314400720201 1872
1.500786159694 0.05000990953661245 1873
0.5554144666040263 0.02303064272593028 1874
0.7272636204641698 0.1197980353964511 1875
2.275660064202985 0.4504076113840317 1876
2.246645446513728 0.4597584089744627 1877
1.053770244361674 0.1197680866908715 1878
-0.09092112318339807 0.06919090005051905 1879
0.875912001561161 0.02596196427546771 1880
2.235060839742339 0.2661721179542659 1881
2.988026103118767 0.2093669386423044 1882
1.043485362440287 0.2031021116802695 1883
1.030379435651479 0.1367590021806781 1884
1.410737548769448 0.2381369371975267 1885
1.492769282285443 0.1480123096220698 1886
1.782171725643128 0.1187650323802815 1887
1.019942570942518 0.02425226632317897 1888
1.799636165275797 0.1913488276672741 1889
-0.295000000000422 0.02566173079263501 1890
2.351851947861899 0.2299314913273401 1891
1.495788773710616 0.1220020999336411 1892
1.56162759479055 0.2039395113700689 1893
0.7599519203806555 0.09025821046415723 1894
1.217445571227003 0.1465563863345688 1895
1.41954412687413 0.02320693093536409 1896
0.8777212149702467 0.08663929291258399 1897
2.016629305113773 0.2415711516538711 1898
-0.2112497324970843 0.2811325901031198 1899
1.467767410124243 0.2430978584538044 1900
1.833974778263207 0.1933951087752753 1901
1.573403830219795 0.1375108898063472 1902
2.190134538510843 0.4818763605540616 1903
2.196841888980651 0.1835392398667387 1904
0.8753914787672478 0.1215642994071481 1905
2.41967019788159 0.1447677730047842 1906
1.538952743932546 0.05468886923418814 1907
1.380403068370633 0.600240090087333 1908
1.420410973564841 0.6025529201001292 1909
1.462159442195864 0.6023488914985323 1910
1.514309597422993 0.620524128424062 1911
2.120345624085263 0.1254410210016855 1912
-0.07380591556641536 0.1703492366193937 1913
1.086515112258986 0.1823246765898912 1914
1.497137451583241 0.2186301876586933 1915
2.397615663555666 0.3262877192606108 1916
1.807956719361607 0.2289683139294693 1917
1.09198556972318 0.0488710917488987 1918
1.980110538358148 0.1718458259497357 1919
1.660189891565686 0.1888205954986171 1920
3.176191139305871 0.242517932940738 1921
2.092741297542119 0.02201208817328908 1922
2.055901498288915 0.3100199390438567 1923
0.8520631609287472 0.05786868359592325 1924
0.002880387213677729 0.1022887915165351 1925
1.636031577189647 0.08201343616793016 1926
1.642929528729129 0.1184770078323407 1927
1.736505365835621 0.2088806573093369 1928
1.476388437150517 0.02242602017174636 1929
2.712839638758029 0.08986124896106316 1930
1.61652182416358 0.1240687131399831 1931
2.075459533706929 0.1360267392338995 1932
3.134739485046779 0.02708284096628619 1933
3.094939938293342 0.02746588293588359 1934
2.300480007585289 0.2147937663280748 1935
0.568442532402179 0.05649250459448729 1936
2.569678414045072 0.07631184439907231 1937
2.10791020859087 0.218557653071853 1938
0.1783575432012725 0.1279054603270912 1939
2.190405331542476 0.2812020944223647 1940
1.434954498419851 0.1639585031914722 1941
0.6817874902565334 0.5327662448675682 1942
2.017256808554717 0.1550640745603435 1943
2.132706278931228 0.2359791740647776 1944
0.6545635013671163 0.1288397741971479 1945
0.106085537679119 0.2720556082417603 1946
0.8946068107664737 0.05972285659679244 1947
0.6135330456208892 0.5196117525432745 1948
2.24015275677367 0.3563239398146195 1949
1.600012791633583 0.1752035189540049 1950
1.999022463229575 0.02264787399956507 1951
1.00977667235966 0.1059205680652366 1952
0.9881705566252595 0.1351617794122165 1953
3.355599263457648 0.5057155605911622 1954
0.8997599229253724 0.1575237560931315 1955
1.033461462840867 0.09080301952686266 1956
2.861516218601346 0.1145730955924494 1957
1.808888141748651 0.1280603133275773 1958
-0.3950000000001633 0.02468274123208654 1959
-0.4339719172785004 0.02480131466966196 1960
1.670607206224986 0.1270438419419848 1961
1.371841732976466 0.04783568018085879 1962
0.04638246740660648 0.1578537406865573 1963
0.7664419211051363 0.1770628957491118 1964
0.2335504994881102 0.3508721142435319 1965
2.808227864538499 0.09235085886947672 1966
1.469912472527235 0.1829033050185831 1967
0.2655636789108525 0.3913366849305956 1968
2.124205984469688 0.5044777720090166 1969
2.094335336973922 0.51206408142573 1970
2.064919613237077 0.5213304643411306 1971
1.776300898555515 0.1925637744230828 1972
-0.3776692870576561 0.1958300655455045 1973
0.8405296510871471 0.1516292901448402 1974
2.688437440037774 0.1216398440154861 1975
1.295102990040812 0.02131455850636214 1976
1.366758489874704 0.2098919663414194 1977
0.06510991672801941 0.3234882497142028 1978
0.07056783894583721 0.3460652223359602 1979
0.09543641252800146 0.3527017968044107 1980
0.09438123169081281 0.1846362166567422 1981
1.285947079802503 0.2280252989514283 1982
0.9002279775347543 0.1941090942565178 1983
1.529625170602023 0.08987337585952554 1984
2.466436629796444 0.1333361401508592 1985
1.502158763771333 0.07960964337538265 1986
1.408276402679709 0.05254361554977807 1987
2.167864809404714 0.05515064125118548 1988
2.03836086783609 0.5334985307247622 1989
1.547364544066352 0.6164433711851249 1990
1.590459142977704 0.6148163935840373 1991
1.630099159034086 0.6193837939073377 1992
1.674498798259261 0.6231658247725191 1993
1.943578079181491 0.2133826829569942 1994
-0.03963778550705128 0.2272430713250749 1995
1.704841055199745 0.06743294013528181 1996
2.239898657813054 0.05064747129222162 1997
2.239649193890264 0.301572783083771 1998
0.5148002977251885 0.4969261249713013 1999
2.694999999997875 0.02496170526239147 2000
2.165958920812227 0.3045085228200271 2001
1.638131282807275 0.1889950555071105 2002
0.9121255653237631 0.02196955008654397 2003
2.359047846754572 0.1377708248703159 2004
0.9760817420573251 0.174491422851296 2005
0.7438397039701663 0.02170652438114398 2006
0.5735196789572801 0.507368488404602 2007
2.172810478953535 0.2392631257269293 2008
0.9810985085451199 0.04666502772638088 2009
1.340114407238133 0.2322648691396117 2010
0.05690386960590767 0.02286685477466095 2011
1.823921439213996 0.1048633893130682 2012
2.223326970743837 0.1845242871553472 2013
2.725967090823048 0.02490026811525272 2014
0.945124443764593 0.1047715767064871 2015
2.360679991073471 0.407634073762744 2016
2.340041218539364 0.2065142024009423 2017
0.111222516854076 0.1354996779087766 2018
1.565197929164364 0.1740910136952241 2019
3.038568949273278 0.1038260405941503 2020
1.506609514098311 0.1834195412562206 2021
2.784457575056325 0.02669400743444795 2022
0.7411074979688937 0.5376931199241543 2023
0.9250779974430655 0.08637075635010209 2024
2.181003378161719 0.02325225987448645 2025
3.071538390429815 0.5240983260723562 2026
1.277415174389247 0.1921241981864027 2027
1.670442357210449 0.2253298473294062 2028
2.22545386874816 0.1051665965838509 2029
0.0516083393457399 0.1189385227991475 2030
0.03744545653816885 0.1352311922821346 2031
1.567540584391639 0.09352035817916439 2032
1.348517478380336 0.02156422950180971 2033
0.01626855523637089 0.1331103606635291 2034
0.4061889971682762 0.04902826641767796 2035
2.449158083808126 0.05796984674098261 2036
2.904641330950163 0.02530497255579364 2037
2.010306810870623 0.5402517834131982 2038
-0.2527527032036404 0.1362588475199323 2039
0.4092541739724095 0.02167115760383598 2040
2.14973431340203 0.1119429974962855 2041
-0.1587386728124598 0.1902119229128616 2042
0.1802031183074151 0.3092847462206118 2043
-0.3031016834171176 0.0845841300413539 2044
2.46706937490977 0.453879385365648 2045
1.314544283177957 0.1274156983545233 2046
2.317868962587404 0.1104711802758964 2047
2.1873159171758 0.09370228536344233 2048
0.06991881343646818 0.1629385574091431 2049
-0.2157570984009201 0.07991535120755555 2050
2.199420980430389 0.2209749214718572 2051
3.444136623963502 0.1664810025736724 2052
1.306053961656034 0.1868182555948813 2053
2.378361970100766 0.1797780549139062 2054
2.094024203198142 0.05905705418962252 2055
2.124612878247896 0.05428718212162015 2056
1.471631501534769 0.0938477134877968 2057
2.09375539085537 0.2896820510576745 2058
2.07672898593017 0.2735916970756377 2059
1.250955392289981 0.04689881943764712 2060
0.7943460928223899 0.05372781888996891 2061
1.597473894777747 0.2028823780297833 2062
0.8030103741233623 0.5430819380599233 2063
2.819503013174748 0.2068987919311743 2064
2.565064973116437 0.2127726622101616 2065
1.174995534644906 0.02087201222876028 2066
0.1751797081523759 0.09802563442554282 2067
1.24546971457857 0.1998685334902073 2068
0.4604835153321794 0.06236609209596852 2069
2.067823419907556 0.1989818247955513 2070
1.997221413542714 0.07082857167277729 2071
0.04207185991451375 0.3169896827764991 2072
0.02170040647893512 0.3323747426111829 2073
1.876322260130064 0.2162732737575227 2074
0.7975888510811263 0.1496426248641972 2075
2.140286535148287 0.337444973947074 2076
1.968574697273301 0.2883454870550556 2077
1.981262761067663 0.5555339388177325 2078
0.04557029611371094 0.05528090321315102 2079
0.7537278505762972 0.05406741207294158 2080
0.08502548034753654 0.1091717028979074 2081
2.295973235798915 0.2574018472418484 2082
1.74435723718622 0.1890247260033008 2083
1.369641085169632 0.115984802334738 2084
0.5048690261152035 0.02075451127786408 2085
1.535868705759079 0.1509440449320534 2086
2.206664750572981 0.04855797311501284 2087
0.8403418260667694 0.1090358327077404 2088
1.283779066897465 0.0501622124184733 2089
2.405463997134321 0.3910277486722485 2090
0.7141304853526275 0.5260638107775299 2091
2.289340112011855 0.1730381627529146 2092
0.075066225794699 0.6093356016445044 2093
1.841835110619369 0.2141220436171968 2094
1.166236443936528 0.2188751963690209 2095
2.214726698716533 0.1425338332714525 2096
1.343121380081955 0.1736509316973951 2097
0.6286700827049159 0.1579000262142955 2098
0.08416193057926757 0.04997925327542782 2099
0.5406553404344095 0.08270682576167351 2100
0.7979804032356539 0.1844167013197875 2101
2.407410684315335 0.05152525974852158 2102
1.397306641843064 0.08470253272927 2103
1.218824120668456 0.2236119370278829 2104
0.9897447234202883 0.09184271266593642 2105
0.8755366657987538 0.04412385340003058 2106
1.373414821439088 0.07692634166419318 2107
0.6960295012892186 0.07346132695080258 2108
1.706438186786612 0.02008482404788124 2109
1.393242506312387 0.1747615395255332 2110
1.42057811523959 0.118616401784933 2111
0.08283366714777769 0.3086553513842887 2112
1.315724237314989 0.154352232255676 2113
2.074899078152336 0.3189915215323459 2114
0.6071377428970155 0.04642478877973042 2115
0.02396385577441476 0.2847271350144651 2116
2.186531657870611 0.1653463700386932 2117
3.128005368751474 0.1015159013146069 2118
0.8187459500488626 0.1232768248588433 2119
1.939976740921808 0.0204872522659796 2120
-0.02463189424884309 0.02185411646163073 2121
2.042273061099649 0.1346220604580368 2122
1.433746082589414 0.1959104578990611 2123
2.788504625041715 0.4663794078735504 2124
-0.1248075499812246 0.06241459650570838 2125
1.226671605388005 0.0205070265286769 2126
0.870756879782382 0.1672506317205915 2127
2.564999999997545 0.0218710504922262 2128
2.52504647797079 0.02052485916656519 2129
2.594211286018205 0.06584163704540097 2130
0.1046642852601297 0.3316921125010695 2131
-0.0430679339655527 0.1156209656841651 2132
1.697765898412575 0.2113643938410113 2133
0.8107746193898459 0.02091282786161959 2134
0.1462264946550286 0.02015713275852667 2135
1.168557548292359 0.05417170054647065 2136
0.9130353642257178 0.5513868480961587 2137
0.9445381308600416 0.5473224330197521 2138
2.266541488139131 0.08589455838267515 2139
1.402916932631811 0.2087295718437816 2140
1.749581971482406 0.1546567470510167 2141
2.998427472554267 0.09315110941865427 2142
0.7163095687817229 0.04879732638061635 2143
3.320729316561881 0.2769578147904282 2144
-0.3487906705163021 0.6176371969344632 2145
2.362661598931368 0.05220680966777332 2146
2.460177547294884 0.2406283128288855 2147
1.742197795575855 0.02067160709567585 2148
3.258270336845725 0.02440115154702482 2149
2.182855800477595 0.196294156342735 2150
3.41189213555149 0.0739138725176452 2151
1.975447312908656 0.2401098702432683 2152
0.1184552911671353 0.09448560425946902 2153
-0.4340800065324151 0.1224568823070293 2154
2.63765072984254 0.3175848139827327 2155
0.1419938784329194 0.1214783169278063 2156
0.2014612723133989 0.3273138745697877 2157
1.193952935438302 0.1200542135064615 2158
1.8096575204033 0.08864149958837977 2159
1.700199348540389 0.2589055257649227 2160
1.697995979932948 0.1430657178660236 2161
2.301350106020783 0.07312563849549086 2162
1.133776247876259 0.0461713763656043 2163
3.214999999999232 0.02290823384357191 2164
2.554503158497336 0.2707763816832213 2165
0.4637920310819419 0.02192851041988102 2166
1.075331550640231 0.08691293442469719 2167
2.440203880785762 0.1934966407348463 2168
2.424056109345894 0.3075527777791063 2169
-0.124929154726061 0.2082249707823432 2170
1.189875095873972 0.05953995088468854 2171
0.7806596617243687 0.1208125894603581 2172
0.8003610778355383 0.1083853042887638 2173
0.7831543817233828 0.07995686627271319 2174
1.273862446861086 0.08020928195960306 2175
1.606735690434138 0.155858718867685 2176
1.12581478126313 0.1909937798735071 2177
1.231242365251031 0.1127925498749377 2178
0.1226687297277412 0.05242888812842044 2179
2.07892982914785 0.1157862657095295 2180
2.416910753415953 0.2718790866921179 2181
2.265973417442981 0.01764712309321238 2182
0.2929965540960855 0.4063331310996794 2183
0.1087310105021201 0.1645465081628465 2184
0.02567119724975634 0.410201537232932 2185
1.667820081969296 0.0849403638459684 2186
2.352052232714202 0.3651537152289027 2187
0.07790337126779276 0.2896012527168559 2188
0.6876367626988557 0.1100428903836595 2189
0.8222182418921031 0.08245726184950918 2190
0.7032064888138065 0.09963207761859072 2191
0.6246852339145427 0.01991849131503638 2192
2.205587476839512 0.257913793643367 2193
1.126306870227715 0.1265691567983231 2194
1.126900198845109 0.1072017565851959 2195
-0.09417924071670999 0.01941679474274623 2196
1.0606813928543 0.02077182432460552 2197
0.07886645143264533 0.1455503456081146 2198
1.221712343159082 0.1662605229923691 2199
2.576791066652741 0.5564302921749438 2200
3.343361007033966 0.0996882414522607 2201
2.418289016752904 0.09635094356952997 2202
-0.4189401141083708 0.3282102345270593 2203
-0.3978836542808564 0.4156469553281671 2204
1.374295633448326 0.17810700840501 2205
0.04760980746016724 0.1009427643718924 2206
2.965227700994246 0.3059194990734475 2207
0.1416476568024602 0.2685588359833314 2208
0.6942415125373049 0.1380387910430343 2209
2.387999021477941 0.02122432077775656 2210
2.578161296638853 0.1371689846938618 2211
1.247563401428027 0.0729829922147978 2212
2.833139696123836 0.5982952709774415 2213
1.001979994252234 0.2039674645516788 2214
2.625324627040378 0.01974684279667016 2215
2.165992298013168 0.2644262890414559 2216
2.485550919441815 0.02125699389172702 2217
2.520734360940736 0.1376848853420607 2218
-0.10286833955719 0.329608353932848 2219
1.961254001646277 0.08122726944300569 2220
1.475714996679728 0.1537547340171821 2221
1.253886873841053 0.1679274418714625 2222
1.198445837879107 0.09258561606756696 2223
2.182402179528164 0.3225083901510192 2224
-0.440125417280825 0.2177530766586698 2225
1.10124028533785 0.2139693364597529 2226
1.890715671734906 0.1588896226957946 2227
1.043922694624013 0.1857421897411654 2228
1.477736729767368 0.1136785956323959 2229
0.1542875465137326 0.04720919092809901 2230
1.074025763551792 0.143803061210604 2231
0.7022565893852978 0.1725298288756318 2232
1.683442965994796 0.1065834351263569 2233
2.112423623159802 0.01849049195267642 2234
1.797768801576393 0.01860195584178754 2235
1.110801658971726 0.0209622660698397 2236
1.524057217919158 0.1859507295608908 2237
1.570251271385317 0.01997306940086338 2238
1.916781037574005 0.2760243019283674 2239
0.6664365415376855 0.08121155366810205 2240
2.741663131966437 0.2115466002064366 2241
0.5231279653605319 0.04731601984227442 2242
1.83574934503142 0.2664369815006253 2243
3.394999999999696 0.02166507697121535 2244
3.184999999999132 0.02189058412132879 2245
2.211156367472862 0.3238329456069416 2246
0.07096618192766034 0.1232113153768159 2247
1.308678251938947 0.08816336075213205 2248
2.004248797450271 0.1406394628496521 2249
2.056804193677491 0.07158604855249653 2250
-0.09177271191564236 0.1061026077244091 2251
2.223061954016309 0.08767476676809337 2252
-0.2608082554707901 0.06658693019590034 2253
1.645414173297443 0.2575903131447592 2254
-0.07224137496068321 0.4809164350909297 2255
0.1390659233317393 0.1700259125708968 2256
1.561730107059957 0.2540199762812093 2257
1.983999730121166 0.1055402448761422 2258
0.3746842259688866 0.04431982432981769 2259
0.631233205113414 0.1380524972960012 2260
1.846132165997574 0.09449179457555754 2261
0.7702851198218381 0.1588640138235269 2262
0.7808556176887862 0.01972182853369952 2263
0.3779613305016714 0.01897082150488291 2264
1.401726304047581 0.1175814089569068 2265
1.468806356417704 0.2014767402756678 2266
2.974676051647139 0.01920588576902164 2267
2.281448339243084 0.04773713239380568 2268
2.371266677347992 0.2682599954291697 2269
2.055520221048631 0.285463722539319 2270
1.913946476151632 0.2094676357003271 2271
1.429253546482534 0.2438073854717636 2272
3.304999999999429 0.02140601664820441 2273
1.020434567608077 0.04290701963272311 2274
3.055213665827197 0.02113058827233745 2275
3.014999999998726 0.02146399898984707 2276
-0.1445354144264877 0.01900267250746115 2277
2.292459141981938 0.3050582282483376 2278
2.184596006313237 0.1239596199402548 2279
2.420602904374639 0.3442099590537809 2280
0.1664590280611457 0.3194371820739969 2281
0.157638846914417 0.3489165388132335 2282
0.07597644943280446 0.01919768229508645 2283
1.28013671308502 0.1387047553392063 2284
2.027814949110595 0.08242518186878113 2285
2.651679329632892 0.0590186527549743 2286
2.344797696654834 0.09352744469905744 2287
2.874999999998362 0.02120071539658551 2288
1.181623949875356 0.1618508854884112 2289
1.064253913323371 0.2103994449945796 2290
1.783459344749294 0.2628506803544488 2291
0.9429603060618954 0.1994175989365686 2292
-0.2750000000004775 0.02013746531017713 2293
1.158747170254993 0.1900985490118664 2294
1.05092434836692 0.04602901384027294 2295
2.278407741548815 0.1184887623963276 2296
0.1098317975227039 0.07709626977171738 2297
0.9510674913411397 0.02034244005404566 2298
2.3198062262064 0.4244336565165275 2299
1.652095138173248 0.01928477067444189 2300
-0.0457260212127051 0.1505375627298726 2301
1.438100418815757 0.01894985019430811 2302
1.1307959508384 0.069190538584114 2303
2.931499463620167 0.07538741752786866 2304
2.961792980669702 0.1073253479630798 2305
1.103831594114724 0.159924884857654 2306
1.9204280988391 0.1777574430202134 2307
2.19276733872353 0.2434228153446362 2308
1.543483727487288 0.1674467001115722 2309
1.864508934649577 0.1298307595732117 2310
0.591271329135286 0.07871389942614232 2311
1.958987249541152 0.01928490991757396 2312
1.153381580393138 0.1375399918077802 2313
3.386262951622998 0.06206786725768655 2314
1.922798147597841 0.1312432474758645 2315
3.090191723222085 0.2169120309388827 2316
-0.1682916288262438 0.05209389220989404 2317
0.338911566600312 0.4264793265045526 2318
2.527390046348298 0.1948359495550002 2319
2.231244013119934 0.237370265888186 2320
2.007767256475853 0.05133548755796188 2321
0.1272450960465026 0.3299214127544732 2322
-0.3750000000002019 0.01993777160879632 2323
-0.4549999863457754 0.02065985909648592 2324
1.890135112190041 0.100811467241675 2325
1.830873520255431 0.1629673292831032 2326
2.011730942852302 0.2052014380525497 2327
0.9393726199673881 0.1686615411980926 2328
0.852580536478188 0.5470987374381719 2329
0.5930539907762296 0.1080915762799392 2330
0.5464801445433347 0.06585840017106326 2331
2.583577244127753 0.01961101601935836 2332
-0.1356204175413975 0.2787984926327024 2333
1.455629002450391 0.1300918702357657 2334
0.1366224534923653 0.3067599656202651 2335
0.1170136698793695 0.293916067472843 2336
1.000630701116156 0.01778769477568697 2337
2.183222143107077 0.3520180031736587 2338
2.409290327629532 0.1208207959845994 2339
2.34426177521281 0.3380671977115048 2340
0.1469026369180192 0.07551862936640853 2341
-0.1394467351233257 0.1453559106672059 2342
2.273418046359966 0.3600789171767134 2343
-0.4325509736413843 0.06243123655629896 2344
2.231623578275919 0.2842109785104298 2345
-0.3840043968664533 0.07783113791244696 2346
0.1549611753399728 0.2800127587357504 2347
3.234483150075292 0.4279841211671079 2348
0.2329386839464473 0.01699283303652872 2349
-0.3335347160041464 0.2715671468723655 2350
2.525179184861852 0.09087359877611863 2351
2.665176289209327 0.02000188339528179 2352
0.9682525566236775 0.1113652531625455 2353
0.2995892676803288 0.5600646412766732 2354
3.114999999998969 0.01988968756775728 2355
1.510002962176048 0.2503124768954567 2356
2.337138751036493 0.01949139602800866 2357
0.005613899994436967 0.04921616604478486 2358
1.33962244952182 0.1929888624657668 2359
2.370690824257345 0.09076460935149086 2360
2.061969929045701 0.0186141112681865 2361
3.24894566869927 0.09458086148991164 2362
2.744465033345864 0.02008451019736326 2363
1.64469691693619 0.1002708233872481 2364
1.250789316541477 0.144014403563849 2365
2.486251010380696 0.26833331092593 2366
2.804999999998163 0.02013514423777648 2367
0.07589622562997506 0.1797027240260476 2368
1.796030138846796 0.05175725637418835 2369
1.105829010390442 0.08237515761778216 2370
0.7769965972399271 0.04254069010492312 2371
1.187744188512059 0.1781329124225596 2372
2.303803173334027 0.2377019555311116 2373
-0.1861237873229321 0.1017533169578795 2374
0.6564429081847841 0.5189255737208731 2375
0.2045442229196273 0.09573788909585033 2376
0.9595097971992798 0.1644666720992165 2377
3.473124389435981 0.05507589199441857 2378
2.029177866979204 0.01810740378563152 2379
1.51843180995113 0.01969471212880123 2380
1.923818615033924 0.2437631512776138 2381
2.013078296637675 0.1181485149055214 2382
0.9141751879914352 0.04268425353621845 2383
2.398981682110965 0.2251021687277162 2384
2.027867753992233 0.05139725074581458 2385
2.377576140711476 0.1201006197532515 2386
2.263659152079308 0.1057024878730892 2387
0.8606420360343877 0.07942042753202637 2388
0.05717995882526326 0.1976450582375572 2389
0.7429444254296361 0.09612718299695701 2390
2.638630267402714 0.08611742229113881 2391
2.632542620767831 0.4097197105114563 2392
0.9069608225297043 0.1742710076298398 2393
1.001579954376456 0.1243141924147955 2394
2.877383111918682 0.07739247796994564 2395
1.160208621277411 0.1080775681622824 2396
0.104693321548149 0.106863004405288 2397
2.776037564044489 0.1124805919799189 2398
2.379071254939586 0.3414198958534201 2399
2.146966957817305 0.269189087797175 2400
1.723593798479693 0.6164490358063761 2401
1.427254444627309 0.1469654507021741 2402
3.389629765431283 0.1552643658098853 2403
1.983083394235537 0.2622067631206069 2404
3.414138642169567 0.01941921920531907 2405
1.715783922236461 0.1444955953492049 2406
2.127501809420225 0.1653552692981367 2407
1.858494713839863 0.04791599697400228 2408
0.4514307477639919 0.1116564714525861 2409
0.4465881849724677 0.1278022636282513 2410
2.263355671491866 0.1959848620156928 2411
-0.04042795708023472 0.5919517406322674 2412
2.934773346109134 0.01978057690206323 2413
1.830167093798511 0.06486939702245946 2414
0.09839428700383508 0.146934592020135 2415
1.561498811087854 0.1265548796515912 2416
1.770146817316186 0.04769375899869403 2417
0.07867890942790848 0.08942195134156655 2418
0.942916930265783 0.04326107922043623 2419
1.302745440447898 0.2349136150448264 2420
2.443962056781781 0.02035091658366819 2421
2.764999999998049 0.01937964844604955 2422
1.040840447823261 0.07408765905481782 2423
3.324091928438452 0.01980362911491429 2424
0.1308007462707987 0.239936562271554 2425
0.09911961517820678 0.3106737663862824 2426
1.689671266884642 0.15968807882435 2427
2.42438350677708 0.01875847771841214 2428
3.411218675171187 0.3885264275584193 2429
0.9932872068927171 0.1517326633264699 2430
0.8379588881912479 0.1889321171432176 2431
3.07405883448865 0.01990673603019919 2432
1.06251939716655 0.1032682513039284 2433
2.024622378406476 0.3076800798446012 2434
2.246867590527412 0.1370180257391533 2435
1.312212906341891 0.01616261819621293 2436
2.303750847131243 0.01782020413768273 2437
1.038001293972859 0.1538865095451627 2438
1.719209400826509 0.1065275018179346 2439
0.4238655554318718 0.05691925724789824 2440
0.2081459241928781 0.1190910431669214 2441
1.018536294800073 0.06603034939349335 2442
-0.2057787775300495 0.01918682057886113 2443
-0.1852716382507999 0.0184153281672042 2444
1.765982374616923 0.08431088987304348 2445
1.748337321352029 0.09727983335150139 2446
2.329019419064339 0.1549659851053671 2447
2.000455433023947 0.2673456744802156 2448
1.570012071985984 0.06105240118930844 2449
1.648321377350506 0.2269615915328008 2450
2.125101245116291 0.1836219282830641 2451
2.249190376873463 0.3296655062588463 2452
-0.1264452373871308 0.3889807912655089 2453
0.9066322758505893 0.1159172945660857 2454
0.9692729519887009 0.1350261827143228 2455
0.7269869925828903 0.01831528140139885 2456
0.4268282823172883 0.01712212370986404 2457
1.779534906580738 0.01679149779673849 2458
0.9075012219721116 0.09774667388413198 2459
1.27127341188725 0.1722072013717863 2460
0.6650459491247589 0.1461837036024727 2461
1.972655770083266 0.04509749310502852 2462
2.218251828179648 0.2229954493270162 2463
2.268255104980827 0.3287298901899099 2464
0.8475545334136938 0.01896680089725989 2465
2.264771296476983 0.2347853915718065 2466
1.916408544208059 0.05059785779316023 2467
1.979926751794932 0.2139662726915943 2468
-0.3150515592340485 0.01982639268456361 2469
-0.3345027192096429 0.01788412902437458 2470
2.844860438904878 0.270718997515852 2471
0.6693170091997489 0.01828103409452649 2472
2.230213186121567 0.1675670403737758 2473
2.165826900836407 0.09258146377317444 2474
1.994104818784232 0.2983075237096141 2475
0.4854065065359261 0.04396388983574126 2476
0.2544503108471027 0.3715384180417704 2477
0.8822278372095824 0.1960540146045668 2478
2.146905764612093 0.01788873252391819 2479
1.807341304646806 0.1634393208667599 2480
3.187386156707824 0.07587245217929496 2481
0.1066672910368194 0.04198217378388278 2482
1.285709178052132 0.1549869883526732 2483
2.306320535725435 0.3564673135937712 2484
-0.2334768126547106 0.1682280437554006 2485
1.788499767391566 0.2300876557499318 2486
1.663162165003373 0.2605841563052144 2487
0.8943754774961303 0.01771956964245616 2488
0.8588111892539625 0.130786927416352 2489
-0.3855102015769344 0.1474744926063128 2490
0.1595614676629752 0.4151799731189793 2491
0.4234816332274277 0.09929339840706881 2492
2.126383883007041 0.2194238412979792 2493
3.08976508060215 0.05238402099148215 2494
2.137535862181054 0.1269719851467982 2495
3.05539842145346 0.07463110896417269 2496
-0.4150000000001286 0.01968118671765214 2497
3.236521688602487 0.06593980353168484 2498
2.124032086718369 0.307929670598318 2499
2.200032079109794 0.3563112438706081 2500
1.657306830829109 0.05335399259214305 2501
2.104547623738931 0.2024997406692909 2502
-0.3060820425631445 0.1546864160705012 2503
1.379696829038894 0.239665995816165 2504
1.25114191170103 0.109961307684629 2505
2.305240076217273 0.3282779871505638 2506
2.228473632063663 0.2008038129880959 2507
1.879074391332074 0.01748689966118046 2508
0.4208539700967727 0.1224237653860615 2509
3.291820634542894 0.05658310828275019 2510
2.35565948739467 0.1880237418778896 2511
1.946387012121199 0.2603370419872151 2512
1.858891043540361 0.1815100193586088 2513
0.6804340158827413 0.04253406561939624 2514
1.217532361881648 0.1845518620136992 2515
-0.3477607385790221 0.0494433995364647 2516
1.438008548341034 0.05978486089465287 2517
0.5885033361993257 0.01883117089477266 2518
1.539050610720119 0.07282477363124476 2519
0.7319705450852075 0.05992685278980139 2520
0.5597961620518012 0.0948636437778701 2521
1.07163627947533 0.1717095020905876 2522
-0.2102738066005558 0.05639258249448817 2523
2.088682745721992 0.04386459327303863 2524
0.02039446994429971 0.04064472692920448 2525
1.668155178184672 0.1606548057444974 2526
2.322532487933741 0.3253515016128363 2527
2.032403046256726 0.1478449590594096 2528
0.3481615818584353 0.01901267852005411 2529
0.3461984907191101 0.03950179973287106 2530
1.426609996376749 0.1797875412483095 2531
0.02370009659126055 0.01772591613860951 2532
1.909094109279924 0.09009181601145769 2533
1.351453072086993 0.1176760149387297 2534
2.222269640793447 0.2534035349723635 2535
1.388466889585767 0.01792623887361603 2536
1.011537737609627 0.1822487252055474 2537
0.487002560094578 0.07429550581637959 2538
0.3143852304633861 0.4111420159129427 2539
1.886870487282473 0.1312650096680557 2540
1.93150131070753 0.2838774139555306 2541
1.7147542160235 0.04705986052836488 2542
0.9317973238863557 0.07144238305946803 2543
2.525592986863879 0.04317792954518909 2544
2.253748999683289 0.2663633273370252 2545
0.5909492687873761 0.04232816356088742 2546
1.342545491808232 0.08567227628610276 2547
0.06003150160696882 0.2835916834116533 2548
1.828577169729663 0.01781957940855254 2549
0.8041091958201247 0.1649842843772422 2550
2.336573252167141 0.4124823831937444 2551
1.635627140209588 0.1602381742876643 2552
2.175604506250119 0.289507384294642 2553
1.535337378096611 0.2270638944505921 2554
3.300696872224933 0.1318951539694419 2555
-0.3094395703646584 0.05754105286736604 2556
1.407682772182561 0.0694705909670017 2557
0.1299376427985549 0.1354741410330313 2558
2.112538309927988 0.1405147497631472 2559
1.021425640564393 0.1539110066158987 2560
2.105264070237188 0.3301987459695277 2561
0.8115955569176029 0.03863680731850598 2562
2.01873470254054 0.1746253884316883 2563
3.113044056075418 0.2827422279444092 2564
2.039595325800167 0.0703301036156786 2565
2.051964356646112 0.1656499613182136 2566
2.414550206791634 0.498115447415968 2567
1.727690841444275 0.2346942952343539 2568
2.058315857480855 0.03909061974177188 2569
0.06638961663333866 0.05995037921603497 2570
2.074695845972613 0.07928843067130717 2571
1.192205471038891 0.01808962588823701 2572
0.7739233039118604 0.5326368818483642 2573
0.4061087205153772 0.4591420959723089 2574
1.747722790677538 0.126335554852171 2575
0.9740631634242467 0.5539695713400972 2576
0.840289433160339 0.04165082805563573 2577
1.709787101723654 0.1787755882212277 2578
1.183025708698596 0.2238736558154915 2579
0.8877467790138147 0.1464320823844747 2580
1.995203284933778 0.1733066579457538 2581
-0.08407111380562488 0.04508903113667423 2582
1.670101323553461 0.01786798335467981 2583
2.242080074965672 0.1192337156531679 2584
1.012968781558982 0.5588427330590076 2585
1.521064915418973 0.05032380073749629 2586
0.4672580386678884 0.4772544528967327 2587
0.1007179690610928 0.2200049544054003 2588
2.497411189990533 0.05598700013606 2589
2.311349084033444 0.291787318303642 2590
2.144817282025389 0.0398825089452339 2591
2.032245551422511 0.2576747474329791 2592
2.054661590447808 0.2517358091021 2593
1.878269894256894 0.04625910846961229 2594
0.3952150458045618 0.09855697611183994 2595
0.7811548107925681 0.1842329784385915 2596
0.1335695978239638 0.1020961300158303 2597
0.6475567717009081 0.1670374434049888 2598
0.9147643601861 0.1465401835937311 2599
1.800762937433856 0.2656994020219138 2600
1.156932656365006 0.07430723344340506 2601
2.289465962394604 0.432970395765527 2602
1.50522362824418 0.1613890722231626 2603
3.208880557257721 0.1354295446133822 2604
2.074698958697254 0.1844588897135935 2605
0.9117619552403365 0.06322634959535683 2606
0.7385317709907508 0.1791659184912446 2607
2.197874476564673 0.1518053470830791 2608
2.193148825130552 0.1103285623625252 2609
2.03284111991552 0.2785814872355343 2610
1.910301669229491 0.01827645655381132 2611
0.537681051903747 0.01636437689400806 2612
1.980377830546738 0.06862945169505826 2613
2.113999277566774 0.2752325155760357 2614
1.110743135411377 0.09919907956496476 2615
3.251252230141963 0.2264169834125149 2616
0.3599947107018001 0.4355778563709805 2617
1.51432501368646 0.219155471536076 2618
1.109530002121283 0.1348850690256127 2619
1.611276658676492 0.09601955443178664 2620
1.867006498247757 0.1607750216629725 2621
1.964678581271946 0.205471814262813 2622
3.327102971031926 0.07046140309367299 2623
1.16872252602113 0.0910738488732912 2624
-0.005569516411880305 0.01898343571729129 2625
3.110813098599198 0.07475429985355062 2626
2.157981441974961 0.06985820531455443 2627
1.264742800734329 0.01676534669290722 2628
-0.3394806825747425 0.1045490704504783 2629
2.218578291894826 0.01770811595530444 2630
1.527045847327923 0.2534487988372246 2631
2.047056443514794 0.2256131904483115 2632
0.6025787450522176 0.1594552970608968 2633
1.966198405316361 0.09774788460950612 2634
0.9641697761452528 0.07677908986145279 2635
2.088051011987284 0.09814596472822444 2636
2.304158678766003 0.09694579483054443 2637
2.140498269621745 0.2040817373073248 2638
0.5769663867377059 0.07131989061658664 2639
3.100377990502896 0.1330409809647947 2640
2.206490657642479 0.4622987311344702 2641
2.055333928762508 0.1029191689858332 2642
1.861091458221027 0.01695085711615542 2643
2.166094784600217 0.477172790698577 2644
1.045198161460843 0.1028346170492123 2645
-0.2473236920902307 0.5184938774378383 2646
1.255135066271262 0.2304076036706672 2647
1.063772731954564 0.5597823930214993 2648
1.101151053663241 0.1763264444401997 2649
0.03654928051416026 0.07161020119807313 2650
1.997513522877724 0.08804255514308658 2651
1.535478127596112 0.01665323889421644 2652
2.790037870745073 0.3497457824699167 2653
2.343891879720738 0.2995502898985528 2654
2.347241698619547 0.2794757993789858 2655
2.202403363141832 0.2944219074468111 2656
1.113497145592559 0.5642594505463759 2657
1.62227624612468 0.05949958350305926 2658
1.591000453955906 0.1218634160159479 2659
0.01980936139741815 0.1015845322610552 2660
0.01106780920053623 0.08619291927256115 2661
2.303939643742741 0.1958337132427854 2662
0.6039702564295261 0.1310835290023072 2663
2.33273157808584 0.244829146037588 2664
-0.1338624737420802 0.1095122587999274 2665
2.156400982672179 0.2322085371228359 2666
1.862497120168586 0.2425099181381652 2667
1.633013930311315 0.1309686130599858 2668
1.87644766849645 0.07757715274570522 2669
1.610118274136952 0.188705127635224 2670
0.3182115233229398 0.03623921762293438 2671
0.7366361353109333 0.1504958361801123 2672
0.887194470450997 0.07470939419257334 2673
0.3932947482649624 0.1179671755874303 2674
0.681097444929061 0.1719354260204702 2675
0.2618553354013161 0.09465124949543134 2676
2.319230534001928 0.2080423040101757 2677
1.312488939397568 0.05760848483252104 2678
0.426539776539024 0.4641584282528188 2679
1.833788997865147 0.141685365041129 2680
0.7615070713084314 0.07322889285207151 2681
1.596292206269862 0.07273359971037879 2682
1.724860285232398 0.264037503222506 2683
0.1757709052794334 0.01646952458626463 2684
0.3196122570185599 0.01788040711894152 2685
1.736162900690128 0.04521393241104489 2686
2.482016477825101 0.09353980035343848 2687
-0.2685441833170906 0.2171392746858094 2688
2.142914879363448 0.157819038357395 2689
2.207395441750825 0.08269281533309546 2690
0.2625362070455883 0.111618759646542 2691
2.238001605124631 0.07998788613812274 2692
2.248559463986112 0.2063206197099805 2693
1.846556604804288 0.2407454710229143 2694
0.9379025989048073 0.11946628933082 2695
2.554137973929902 0.05248261956790938 2696
1.526380115132794 0.1225221381022587 2697
2.404638571585476 0.07861608256853435 2698
1.299538213622518 0.1087288157124892 2699
0.500296861171697 0.1388254193197385 2700
1.16321612397835 0.5687441600379314 2701
1.70756807900491 0.2346942145428086 2702
1.076599000966636 0.01730386242223345 2703
2.27413261862874 0.3116592343509132 2704
0.01225148733980847 0.1176184604046998 2705
1.887081564810629 0.06441785296181346 2706
1.590721256813344 0.2576646633238631 2707
0.7293736908949452 0.08066719556045829 2708
-0.05844501021586451 0.0179850000620701 2709
2.644374965460165 0.2054102991254744 2710
0.7948314358102027 0.09043006462646976 2711
0.8288103616810484 0.06775588414722193 2712
0.2331082884183447 0.09513350648199537 2713
2.162838970556018 0.2114057871468725 2714
0.2349375348942349 0.1142538164960803 2715
0.1793593719958392 0.03867480463128822 2716
2.229924045693405 0.1494572582702931 2717
3.437369814502693 0.254991685362046 2718
2.117184331663049 0.09232466080976873 2719
0.1225195757283906 0.2755287817362864 2720
3.481627839800829 0.01961538654463164 2721
2.138765317998086 0.4881121606941562 2722
0.7555215921815693 0.1485319336554368 2723
2.088512537990665 0.2543151026077454 2724
0.1502011124088805 0.1556396880279151 2725
0.3398428055294364 0.1128776646058876 2726
1.212921112822918 0.5733106428374217 2727
1.371686386236416 0.147744667729643 2728
-0.3979044820509618 0.05777972566594132 2729
2.182948673038902 0.06058792857488522 2730
-0.01923275018715251 0.1132212563690583 2731
0.1676141445512842 0.1408780292903271 2732
1.577280627568585 0.04441399681934347 2733
1.391217606954556 0.04825237690446062 2734
1.680876833090287 0.04074069463018812 2735
0.8492673834169318 0.09381614706006952 2736
0.5004855535680607 0.121537651850485 2737
-0.4710679409683357 0.0660505218131819 2738
1.384519098363883 0.2109865174155758 2739
0.1145254377541548 0.2438768842020935 2740
0.7072882899917949 0.1556413849860097 2741
0.826653042774072 0.1393876694216303 2742
0.3407836762353136 0.09535477328623826 2743
1.734123104694578 0.07650974842675763 2744
1.754523514614273 0.2645376865043286 2745
1.814655979581031 0.07129601369045187 2746
0.0780118392917965 0.4374029240989016 2747
-0.40196988376923 0.114534345088648 2748
0.08320014126569078 0.2517172456048365 2749
0.8323962420410683 0.1671963866025441 2750
1.323930840890553 0.1413710130410923 2751
0.5286194773708833 0.1250501782512617 2752
2.282246172876799 0.2161782594958348 2753
2.321137388818305 0.04514035499851235 2754
1.513092924706524 0.09146777524670932 2755
1.689126145560987 0.06412330221296182 2756
2.906201162573026 0.05992533496006885 2757
2.819604718702168 0.05962343823800645 2758
2.25588200726861 0.3620269825468274 2759
2.375683900438912 0.2338584067164031 2760
0.7861133685563227 0.1363556663454874 2761
2.973404609891265 0.04409472716102084 2762
2.991508625508684 0.06410934213836691 2763
1.019036642190467 0.1258895231380726 2764
1.283803373615158 0.06693218819207741 2765
1.441016785506307 0.1158382425810659 2766
1.939816664415831 0.5740388779610739 2767
0.525020907858972 0.1431664270731477 2768
2.164481477410518 0.3211164578531017 2769
1.262699728593315 0.5778497187535629 2770
0.5145724420188369 0.07985583797985557 2771
2.221852422173551 0.4557715514770296 2772
2.337211320773295 0.1119063363428706 2773
1.306250635844332 0.1692270278383199 2774
-0.03873658154210815 0.267590725792106 2775
1.092464828405025 0.1187535719233395 2776
0.5545292730142983 0.1308261539283772 2777
0.3943598470930423 0.01623164218816379 2778
1.70531112781302 0.08371130799470228 2779
2.078473572158984 0.0157802565558057 2780
1.571608419860788 0.2308680304328267 2781
0.3897964481571822 0.05095745832223732 2782
2.081337506149478 0.1507293183244407 2783
1.439403775224845 0.2215840124969714 2784
3.469904321269285 0.08324794096615713 2785
0.810562695874809 0.06053271200083311 2786
2.505107028627628 0.0172266323710327 2787
1.311155972319624 0.5819011051448919 2788
1.488659169056122 0.05978998987953367 2789
1.595229001199993 0.01590688337088051 2790
0.07044871879115358 0.2131042017025978 2791
0.8244448295114284 0.531706935712544 2792
2.127571225447462 0.281517162604606 2793
0.5999390282987449 0.5011323155999218 2794
0.3685787659145551 0.09682245410657317 2795
1.137032279780777 0.2203405219754476 2796
2.994999999998648 0.0183486849560727 2797
2.977295662743148 0.6185318040317804 2798
0.3668402106221192 0.1149975298307242 2799
1.58234492678983 0.1023960479050026 2800
0.2679066514021735 0.01525246710400341 2801
0.7633338409194478 0.1215609828127879 2802
-0.1938081061357805 0.1995470502097117 2803
0.7087021091300184 0.08405550230954224 2804
1.145477790571159 0.01561188850651198 2805
0.6414796226466177 0.1055974049389206 2806
2.461126691676307 0.1100487606425415 2807
0.1013503211316335 0.01650474139118088 2808
2.294791635956115 0.1450929547208945 2809
2.313306845900735 0.1404112804240045 2810
1.58953228930629 0.2305562085513996 2811
1.402836068728852 0.1501819601435941 2812
2.157896304940936 0.1742893665887323 2813
1.596462951956153 0.04395530207208138 2814
0.5499855637123687 0.1490584739587383 2815
0.1303157360300545 0.01635556405081077 2816
3.356664100890564 0.1882324838613244 2817
2.35496597077643 0.3803955425273214 2818
0.5702015459169 0.01648286703769684 2819
1.395271104088039 0.2438138368445574 2820
0.9897394331782257 0.168387687137328 2821
1.955590078657055 0.1729932909857306 2822
2.37306390742533 0.5761704041645862 2823
1.404819863459647 0.0157740481660207 2824
1.945571302717751 0.1570317768840674 2825
2.836074040312691 0.01763932239934516 2826
0.633062041394503 0.5057281512459235 2827
0.6737243785901805 0.5116538902875323 2828
-0.2813250466280417 0.1245436770432087 2829
1.622917863817383 0.01557096829700565 2830
0.4411857992848633 0.09795253658752759 2831
0.857102793070886 0.1565186678346728 2832
1.226102569603615 0.08355978410755324 2833
2.111045813875688 0.2580574367407408 2834
1.154620471152718 0.1664040987894215 2835
1.859733435320737 0.2717613712670273 2836
2.587547656625437 0.183165072026391 2837
2.001581190333982 0.2344590474238027 2838
0.6991275723117314 0.01580029438297606 2839
0.6367518573459727 0.06678570993938941 2840
-0.460090324951733 0.1523358166213464 2841
2.154230248698949 0.3459924082332578 2842
2.47237627538878 0.1776565948590626 2843
1.459626847755807 0.170155632654324 2844
1.445070693218679 0.04272591764519061 2845
2.789044863751723 0.1712280180728823 2846
1.065544564604271 0.1305776935379713 2847
0.9576622425225758 0.2037150050590184 2848
1.831899412946839 0.0338548534849033 2849
2.138474865144958 0.0720205541594197 2850
2.249705363131846 0.1734679132757737 2851
2.61041363119084 0.1300160382677997 2852
1.724850957629293 0.01639138725619396 2853
1.946920968256109 0.06051283841616086 2854
1.545816064087037 0.04032443923716626 2855
2.314864742603125 0.2749420104534103 2856
0.6049904150231156 0.06896769137599199 2857
0.9858155374970241 0.2065661436351859 2858
0.06270125223129865 0.08561663073302841 2859
2.259987912270579 0.1483840035381715 2860
1.463341366583112 0.07031897088523084 2861
1.81198736500662 0.2443650246224096 2862
1.279921817892337 0.2089520103399798 2863
3.176942516530607 0.164203067107188 2864
2.491896001435524 0.1397056971204075 2865
1.913177095985013 0.256394239683217 2866
1.177550147093198 0.13616668062622 2867
1.96005771135924 0.2386420676065407 2868
2.265805920593465 0.280439398793035 2869
2.094096592716615 0.1735554803576859 2870
2.216974591590082 0.119101578213189 2871
1.743976120663857 0.06292984886215139 2872
0.6184549689603601 0.1287105263081109 2873
0.96662358171577 0.01646655440746126 2874
2.375017188166957 0.3595017859859574 2875
-0.237868102974504 0.09637065968391084 2876
1.267415315104364 0.04610632822767297 2877
1.891790346583416 0.2309682427759931 2878
1.909464767763198 0.2244328252215099 2879
1.516400377102459 0.150757577705422 2880
0.194422336030986 0.1271916663610474 2881
2.111496207693552 0.06372641270644072 2882
1.887904159212222 0.2760773578314468 2883
0.6937541978614776 0.5132055735004026 2884
-0.1889028972394821 0.1330516105377049 2885
2.125153848822426 0.2503006451674207 2886
2.321488108639107 0.3614327605963564 2887
1.558800694801762 0.1104607656581108 2888
0.8742953372452988 0.5361596684686316 2889
1.261642751715134 0.2023261725994958 2890
1.482493619852709 0.2505950921130485 2891
1.977604430660659 0.1543055122059074 2892
0.09670261917767435 0.2602825574039567 2893
0.9313274925313807 0.1491895173114989 2894
1.899883936059692 0.1218120378686515 2895
2.248883361977513 0.229456502338526 2896
0.163033681819601 0.08954670985341655 2897
0.2609138224502755 0.6567979433204647 2898
2.258260225782333 0.2987947667847396 2899
0.6977126768751956 0.03736499274070312 2900
2.458832928577978 0.305459877141859 2901
3.02673373551429 0.1785368911220033 2902
0.5633964553396509 0.03934108437463196 2903
-0.2397880277814277 0.01716959078866478 2904
1.132283083504659 0.1641328684485953 2905
-0.05607134809269035 0.07238375848446003 2906
1.35120520826109 0.1483320614468285 2907
-0.09094269938872158 0.1494372111305646 2908
1.45772071797793 0.222487166861429 2909
2.327042604769223 0.3051816732457991 2910
0.8115504845155275 0.1395544874405832 2911
2.266078345798712 0.06006092004832723 2912
2.165838541187589 0.01548707698857961 2913
2.691957162098607 0.06099989565967538 2914
1.204069420008178 0.1070506294151084 2915
2.301869536199935 0.03516816987275535 2916
0.5746369372888771 0.1559556513545851 2917
2.437374753997487 0.08706506689646362 2918
3.364361062376373 0.2426632407095559 2919
1.618933545992112 0.2606060883773751 2920
0.2186653037332923 0.335123827094407 2921
1.971107300304416 0.2724371060846776 2922
0.6213414931446004 0.1068645852234278 2923
1.454859204252215 0.2482495746804905 2924
1.923630807859661 0.1088973833562471 2925
1.464495905050477 0.04230620078705846 2926
0.1936489543764372 0.3409861499630352 2927
1.989762877018916 0.0360339444604325 2928
1.72945044070449 0.1548806352231602 2929
1.779260853382858 0.2437470536832767 2930
1.028699246969662 0.2113630651640633 2931
1.327332315738578 0.09440688439871456 2932
1.489016538214754 0.6010325237240748 2933
1.999092852943843 0.1044309882439709 2934
2.039573448571284 0.3132939002008341 2935
0.7656943711194836 0.1051020308735485 2936
0.08946681216625486 0.2070844548180332 2937
3.154238909717463 0.0165888405607651 2938
2.353254051987567 0.01613605789455498 2939
0.4472337945002991 0.03969916340547736 2940
0.2452901921277036 0.4612149468192694 2941
0.9423898752125395 0.1356922798012385 2942
1.190802665836824 0.07789317349135713 2943
1.545995527875739 0.08710931553505688 2944
0.8910030267618536 0.1227519209318441 2945
2.133133611105708 0.08735221530914129 2946
2.442305404847968 0.1405221297867362 2947
1.360548152885499 0.05727250686569 2948
1.463317958333365 0.01598750638336496 2949
-0.3597406153122089 0.07142750625111388 2950
1.033197784415954 0.0155306733222199 2951
1.898107838797631 0.5892731186234653 2952
0.8919541367524536 0.09025040615075791 2953
2.06270115312623 0.26766671221412 2954
1.490576878396131 0.01693982181124875 2955
2.234550291269938 0.01478479326814894 2956
2.276187825253112 0.3431431785969773 2957
0.6730865229374983 0.1017590991665005 2958
1.838998302177085 0.109868182585848 2959
0.05555428686167708 0.2342314899521564 2960
0.05590041162865981 0.2505511166750227 2961
1.425108160012069 0.08924709932392486 2962
3.456301212809491 0.01537893457349974 2963
2.032449080807424 0.2061911614483656 2964
1.802658001463916 0.2055873430791566 2965
2.196908055406281 0.3167978009741647 2966
1.815731387486968 0.1933982694486162 2967
1.272904450967264 0.1122871136031523 2968
3.363675606156291 0.01659052488985944 2969
0.7952834558590585 0.01644088345627581 2970
1.937908474532723 0.03649600154696304 2971
3.237226547259295 0.01879181025441468 2972
0.0696865409612534 0.2591954763447305 2973
1.07780456174543 0.0535781148440744 2974
0.2927706564052056 0.03369466838770313 2975
0.04199362645891242 0.01564206428308517 2976
1.136261339327717 0.1398416051660679 2977
0.8957926654009113 0.5351533731110756 2978
1.856930622317865 0.598977553654219 2979
0.1900085189935099 0.09322373677234426 2980
3.419919431309476 0.1316194389673944 2981
1.380987642249687 0.08980766010955428 2982
2.011702252812154 0.08028419941347184 2983
-0.01580177028896104 0.2041002981677355 2984
1.270541943084297 0.2331947398938183 2985
2.108591991099979 0.3067438853086795 2986
1.951175391703765 0.1145560149637978 2987
1.311965852623495 0.2115942164253972 2988
0.7583829120655305 0.01485097044224244 2989
1.336948608039027 0.06695363312549991 2990
1.89798139455934 0.1998025855167457 2991
2.740644528889549 0.1092247982919844 2992
1.827097148617121 0.2217585211451312 2993
0.83302180614689 0.09426930877880205 2994
0.02035161371834465 0.0745946573018076 2995
0.4717925170589781 0.134082783096838 2996
-0.3864493460075184 0.50827675542894 2997
2.945755092874021 0.05293361188008813 2998
0.6466383379074216 0.03887239904489091 2999
0.6179532465685481 0.0844112984777744 3000
1.066846470431064 0.1563045075196104 3001
0.7100245363847209 0.1342321968714995 3002
2.738765601280465 0.05982616289805686 3003
2.177515655570157 0.2739637579703709 3004
0.2656678316872645 0.03146206759472861 3005
1.414874166504772 0.03871979673322225 3006
0.8837363240482 0.1607865321540353 3007
0.9938599332828666 0.07455067835233763 3008
-0.4405419882606523 0.2785726803287428 3009
2.784555485310827 0.07738572385951187 3010
3.055632987859806 0.3290720076971815 3011
-0.2267852363964596 0.6341568498609033 3012
1.801396872111012 0.03705458286594111 3013
1.554157744696013 0.06017086446482998 3014
-0.03289626522942565 0.04526086738422248 3015
0.04089739952195508 0.2275385909807252 3016
0.02790913012824468 0.2361198764680793 3017
0.3140451952439136 0.09340144373413614 3018
1.280321902079268 0.0156179778769276 3019
0.2890292364235363 0.09402448420639542 3020
2.012823786761648 0.01535307367597849 3021
1.318913652480293 0.04094561548191306 3022
0.2020719322105727 0.01514716930393881 3023
1.155451837912376 0.04552898903549935 3024
1.652230264222399 0.08490485391207621 3025
0.2933385631174966 0.01659431968092411 3026
2.11301521938099 0.1564372302947795 3027
0.203174787607678 0.03373911083252857 3028
0.2889578444953206 0.1111236823240868 3029
-0.1994720974861107 0.3747566031905999 3030
0.3137451673465571 0.1117407736173774 3031
0.1075053010426795 0.1883413078098498 3032
0.6805410742620885 0.07438974658151047 3033
0.6803659197210378 0.145575463538027 3034
1.926624971698055 0.1634874941810254 3035
2.560077467823788 0.3935296775785365 3036
0.4745882663111328 0.1177135647225519 3037
2.402722698350339 0.1614130438267833 3038
1.049949811226695 0.06079559585639611 3039
1.756373167061645 0.2215594252373786 3040
1.647778327554448 0.03740307616931887 3041
-0.2991259784605317 0.3108742183886061 3042
0.8530411007621225 0.1942709301830466 3043
2.435469136372994 0.2493688494121869 3044
0.579706726215614 0.1379978857244526 3045
2.453219333213999 0.04037880159928393 3046
2.487054705587563 0.03875032293568635 3047
1.773224721883539 0.2131265436707759 3048
2.475531905886625 0.0736205414467916 3049
1.8933614732485 0.2500431583255948 3050
1.94274181809889 0.1878493437982736 3051
1.364282792817351 0.5826296534738302 3052
1.916095480637713 0.147034830545799 3053
1.95011965398734 0.2280689243326922 3054
1.904757277029032 0.03492289617100258 3055
-0.4678100922686121 0.1187710886104848 3056
1.030689723824697 0.5489660945043572 3057
0.7506087638191976 0.03812771414892022 3058
1.980293713752061 0.1230209669942121 3059
2.224180967013384 0.05184644720286005 3060
1.141209994991274 0.1021067513479176 3061
1.849040513992151 0.1266342407856804 3062
1.673035716347892 0.2402847127519647 3063
3.132635763337343 0.4504736055473215 3064
0.9940834350219739 0.5458879907446057 3065
1.837287011067284 0.1762431017431182 3066
2.086006007428284 0.3041094304348597 3067
1.663547278565393 0.2106737217531845 3068
2.288103797909389 0.0828012710099703 3069
2.346507805652591 0.05454036586047051 3070
1.937606349853209 0.1345279672470906 3071
0.512881046995638 0.05981344041715325 3072
0.06936725919300349 0.3872776133362109 3073
0.6487628977501505 0.09228221828833391 3074
3.274999999999463 0.01649255611049669 3075
2.334881111383978 0.1742152932330049 3076
2.166039453583106 0.1442521651007732 3077
2.332218737608921 0.2687990224259079 3078
2.426173628009248 0.1677953305622314 3079
1.752238671166332 0.2472385839087987 3080
0.1946236024035847 0.3135596219955867 3081
1.608737740189869 0.2136312613745013 3082
1.867522401264283 0.1033888130152604 3083
1.892924728500779 0.1718758272102279 3084
2.172942314524147 0.0394311688028758 3085
1.168671445492256 0.03758701416703913 3086
1.142125995665994 0.1927941314426633 3087
1.083537747492853 0.5538691935073684 3088
1.675110570375794 0.07197838538390104 3089
2.393121997603582 0.273388219853095 3090
-0.1236911226714014 0.0437550496104156 3091
1.443106168409548 0.1465611060199529 3092
0.04703431508088081 0.3012866085085287 3093
1.641336846868402 0.2412610485610298 3094
0.7153658435577354 0.1097279622678441 3095
0.04920441919789272 0.03655345468149623 3096
1.710673820442323 0.2051086668847302 3097
0.04458448070892496 0.08466413216036425 3098
1.56485894573937 0.1904635344879015 3099
3.39462747103424 0.6189913344080555 3100
2.30679987455321 0.1765846316702751 3101
2.427327785981667 0.05282260964673636 3102
2.087217857760363 0.3286590859776624 3103
2.544961334554731 0.01649526153567722 3104
1.335898808656801 0.01497508238713902 3105
1.133263100836434 0.5584054693944018 3106
0.07742128367493142 0.03444541128117123 3107
0.5394383504155812 0.03262399104079555 3108
0.02304790984949978 0.2064478290934211 3109
0.01135684699761907 0.2155504746949114 3110
1.605215590497586 0.06020429090205384 3111
2.240152612202909 0.317532833559063 3112
1.926069518089623 0.01483433092414621 3113
1.329693117083635 0.2135158236827232 3114
3.265044258728935 0.1732252496879955 3115
1.32654710926917 0.2395323686026849 3116
0.09500437526072453 0.07678730898037561 3117
1.440827666333802 0.589825816153657 3118
1.401676621803273 0.5858313415881632 3119
2.009429467864409 0.2550300258793341 3120
1.773561757381857 0.6087524532434925 3121
1.138119411862925 0.0836350907392613 3122
0.1304800393134177 0.1926733058987968 3123
1.619805910520058 0.2351584032613079 3124
0.1745191226714974 0.2949010648306306 3125
1.985895486242867 0.01498224918247239 3126
1.571118387784049 0.07815181161753484 3127
0.4970232941042215 0.4825467519649611 3128
2.110427980408677 0.1877302132204448 3129
1.20338829343957 0.1521788963102184 3130
1.815308685160702 0.6052693198458156 3131
2.167708947338743 0.1252265749422066 3132
0.8626692441118871 0.01538120977127717 3133
2.275658706198551 0.2477126792330854 3134
1.621055917093561 0.03338391850941302 3135
0.9253871926382271 0.01450311671835161 3136
1.337054385070676 0.04048997447546643 3137
1.259635272420446 0.08388969344233296 3138
1.182961534307833 0.5629197986012804 3139
2.272127079844368 0.134135316335757 3140
1.352933521103376 0.24048343333953 3141
1.506988805741281 0.2323621833215785 3142
1.781508992647106 0.07578755808130738 3143
1.749754894352741 0.03384300512837975 3144
-0.110874836838131 0.016401427224738 3145
2.364137239373143 0.2494097401863278 3146
0.3628210414217077 0.01488760843728332 3147
1.985645739346625 0.2277889968073906 3148
1.681477687284025 0.1899953051775972 3149
2.891500856564762 0.133007482672376 3150
1.633200013707197 0.2091141667913831 3151
3.215639710291611 0.0521376284989657 3152
1.963147690542585 0.5527356115638049 3153
0.537240703363097 0.4905328357841893 3154
0.5555304700140342 0.4928746770176612 3155
1.238088566878913 0.0548898249801268 3156
1.362045877378894 0.01620711994186685 3157
0.876612386741304 0.1031722410515069 3158
-0.25460943967524 0.4117635379892495 3159
1.329451622913355 0.1139691807471862 3160
0.3597613197712738 0.04606623356402469 3161
0.04260228253058292 0.2578139720786342 3162
0.1602579373302861 0.01496058145153867 3163
1.232694402314657 0.567474558109346 3164
1.775677221374821 0.1767632664891617 3165
1.695123618824483 0.1759790462491237 3166
2.498798614462532 0.1949077507407678 3167
1.81360621460587 0.01432775507193199 3168
1.915620932964462 0.1937804441106096 3169
2.231203312220899 0.3441725720228679 3170
1.638958330748362 0.06704220825568545 3171
1.289509823454156 0.0356557753536274 3172
0.1389270446609539 0.253711171216578 3173
-0.2394788597045962 0.07487043784520649 3174
3.137629815308834 0.04950105308607319 3175
1.834410358181066 0.251813238615798 3176
1.786098430281018 0.1555888991358054 3177
2.417530940069383 0.374331779138829 3178
1.53163982480534 0.5953145993399414 3179
1.759138053133726 0.1178710636085179 3180
2.335329199656593 0.07740278212495011 3181
1.422886572271778 0.05784650083149744 3182
1.762799255858807 0.1913007524218688 3183
0.4729018410826463 0.07362510538148798 3184
0.9160003909058808 0.2008878218889469 3185
2.314812719166545 0.0641884704694435 3186
0.4938271489515987 0.05763624793362676 3187
0.1779921233509347 0.1127783188907307 3188
1.21548023056408 0.06495428558201674 3189
0.04054954956693488 0.1717186692814838 3190
2.862615226805286 0.05188152296273883 3191
1.510946834227759 0.1208281251970222 3192
2.1214286462261 0.03935160251731427 3193
2.391496117673838 0.1968754629116046 3194
1.282477435826077 0.571956638165602 3195
2.219162449145442 0.6025771344976273 3196
0.511102075009773 0.03435536048119279 3197
1.15150713156329 0.2222106777910389 3198
2.139125179913884 0.2554728824669658 3199
2.329060605134568 0.3405157063625212 3200
2.190024665038912 0.07940546692913651 3201
1.996349593143571 0.2037425567298348 3202
0.6645381628135345 0.1182780876438322 3203
-0.01917407961050086 0.06253027905314186 3204
2.033118301607946 0.03606449419205231 3205
1.706267308627538 0.1145922783549785 3206
1.480086621315854 0.2343503770428006 3207
1.161840785405392 0.01393971251453009 3208
1.191234004080255 0.2024105478446457 3209
1.876626277249465 0.5894291155372519 3210
1.451539693012255 0.09694740915976922 3211
1.513945192753448 0.03632965508242376 3212
2.226969979014437 0.3635054060603577 3213
1.61142268002217 0.6008372051211773 3214
2.027850760346236 0.09813955112207701 3215
1.571375353526496 0.5983809698656344 3216
2.698376384809861 0.4534457155191222 3217
2.296254888728231 0.1119016651023215 3218
1.693120137016086 0.2458253912665407 3219
0.8516956446328203 0.1187175339225577 3220
1.198814575230932 0.03913679677502421 3221
1.33115038704688 0.5794691522086285 3222
2.196036810538646 0.2064385392320405 3223
2.044861521801257 0.1939170273815897 3224
0.5185281229363546 0.01481977180848894 3225
0.9687056344356741 0.05184328322248957 3226
2.143229300879817 0.0985304413760872 3227
2.060367857010573 0.08680513157204639 3228
2.002777094008887 0.2816671746628279 3229
0.2270969170525017 0.03208123328114457 3230
1.92714937429206 0.07834411464383099 3231
1.775797371633406 0.1401522330033608 3232
2.172853474064671 0.1656145745320458 3233
0.1208229699253732 0.06701238952608966 3234
0.6546064223326941 0.01411921658498127 3235
1.472564737232932 0.05790391133884357 3236
0.6210332892563418 0.05450334786361061 3237
1.683248908615314 0.2184595932973351 3238
2.151185535739847 0.3030298035036255 3239
2.378955755657305 0.304570374859332 3240
1.299074160843464 0.1271566368751458 3241
0.7536652071656129 0.1833980111943475 3242
0.9559051144856042 0.09468787738428322 3243
2.108167777834104 0.07796949256496388 3244
1.750936932412803 0.1405489924279037 3245
1.732042924669229 0.0984799984582788 3246
-0.4782206644354576 0.04532974165093246 3247
1.438330451400065 0.08138324327476112 3248
0.1222351079593075 0.03766151912131952 3249
2.908716999774001 0.3034696227281843 3250
2.145053136111476 0.1430208336869134 3251
2.12626985279388 0.3414798263750148 3252
2.655823330458726 0.1534112729821366 3253
1.653999327387397 0.1534872632223238 3254
1.92941947539161 0.2109406422942768 3255
1.803311658487326 0.1486191617859063 3256
3.276354977820114 0.07781714998362518 3257
0.03634385339833748 0.3296466338078926 3258
0.03529657375407044 0.3464379722520644 3259
0.04706103667064197 0.3642599304931965 3260
-0.01180507767965411 0.3660324188264379 3261
1.028316383843985 0.1846573619847937 3262
0.5362222190776669 0.05462156893727136 3263
2.285042348588116 0.01446805897391814 3264
1.576228492026102 0.2024218402250139 3265
0.08161058763402324 0.2366455186567468 3266
3.125202619480322 0.6278670481829149 3267
1.835206265191804 0.5982905903825753 3268
1.484941638773405 0.2109058539502451 3269
0.1599128454650387 0.1282578637598228 3270
0.1460834923627574 0.1071033415635997 3271
2.062419175354776 0.2150052364641798 3272
1.035157738270038 0.04184747058202101 3273
1.691170213631146 0.6050296464273038 3274
1.488437320747133 0.0331176462666554 3275
1.382499770361331 0.5800545002516847 3276
2.41282952416401 0.2446575988221884 3277
2.060515632364512 0.05426648067011204 3278
1.979109524983413 0.2979285914224156 3279
-0.2651685391229405 0.04704269946166908 3280
0.00969628642874721 0.06370708275981335 3281
1.405036712797416 0.2245674321060743 3282
0.7241544439709604 0.03307641701572323 3283
0.7827351970744807 0.1515873681412745 3284
2.292613852882386 0.05991384414962415 3285
2.923987592331153 0.1937500047575706 3286
1.794243415996481 0.6030433583278946 3287
-0.2156376408758577 0.1451462366879114 3288
1.839988235140694 0.2273254149664368 3289
3.466727988964826 0.1370890902792627 3290
2.153914506110448 0.3312736114280765 3291
0.6315586057251926 0.07944108169861923 3292
3.426474715675889 0.04790267148073481 3293
0.9763877065645241 0.1236409391686641 3294
1.21402862387626 0.01345916951625824 3295
-0.1664514063952137 0.1535789365285352 3296
1.651385447534212 0.6026030785114627 3297
1.683378582227857 0.1328316775403237 3298
1.079125492343965 0.1007450962493738 3299
2.3551879580777 0.3125668949537298 3300
1.861946346718168 0.07512272075401907 3301
2.21712762397326 0.3375468861477345 3302
1.752469943732576 0.6038346404495576 3303
-0.06064579647652038 0.03669349908838683 3304
1.803742667316724 0.1775709107206125 3305
1.794629614364531 0.1268970119103507 3306
2.127795944852396 0.01427970700727161 3307
2.061544201669218 0.1342711419704026 3308
1.697906520708676 0.03299315477758309 3309
0.46320674953221 0.11237828891383 3310
0.09313145298779751 0.2795493188966384 3311
-0.03974005719224638 0.01484870699380066 3312
1.860511902713508 0.2131837321487667 3313
1.731859315078038 0.1259455304801837 3314
1.842128313215442 0.1539902988648726 3315
1.207862185298635 0.2053060331448451 3316
1.463929922528191 0.1422315833531912 3317
1.290272580415315 0.08003483139863272 3318
0.810308622116946 0.09162981931523458 3319
3.482961516530046 0.0378317519706273 3320
0.9416804017135766 0.05847050395074059 3321
1.901550276005048 0.06902677618456966 3322
2.043132353944336 0.1787568792681076 3323
0.0417963431588944 0.2728436953352819 3324
2.167538645302071 0.3520785804642707 3325
0.01500591521485677 0.2292947889541175 3326
1.4557723562197 0.1949549620027187 3327
0.471750635884733 0.04994330998627692 3328
0.19647251316109 0.4953982891856301 3329
2.282707435005283 0.2743740103410378 3330
1.637846187847337 0.1744284671851661 3331
1.502624673465517 0.1083279956824174 3332
1.204965014548007 0.2288656459345249 3333
0.003422107966288912 0.146073239581425 3334
1.820147456926617 0.1185354335724405 3335
2.515982607746047 0.06108157113556661 3336
1.215598907350076 0.03868469568515263 3337
1.972512918798171 0.1867545339477212 3338
0.2190006729249191 0.09166731303081617 3339
0.02972257211394876 0.2508559057785269 3340
0.01183552943741524 0.2470414415045913 3341
-0.1233118910564078 0.2527723764567814 3342
1.570560158411987 0.1525712657230928 3343
1.585880927992024 0.1471349975848479 3344
1.501490895830443 0.2024912188510162 3345
3.335716154376604 0.04920560681770811 3346
1.12078957961293 0.05242645562618923 3347
1.787336721834928 0.1052209042466856 3348
2.225749405235813 0.3154852027539405 3349
0.9614262771096491 0.1481619240981124 3350
1.376443880666476 0.2230344762385672 3351
1.638238854440093 0.1460932058578112 3352
3.454352635352469 0.2094542641475285 3353
2.067570848413292 0.1587142110794354 3354
2.089558440549849 0.1401577352777034 3355
3.441942317744617 0.08164222762566661 3356
1.718925447847759 0.07308237608903567 3357
1.20654667649491 0.1334656115816268 3358
0.4919785332032388 0.01443703625441169 3359
2.568149889913558 0.1039796072143902 3360
1.474618384649432 0.1678498006623187 3361
-0.02435491448476191 0.1603633851295634 3362
2.487191502232613 0.2294622989295664 3363
3.174012546229371 0.05274301492498113 3364
1.044826054765932 0.1316025697843538 3365
1.781828557544929 0.0554926938872585 3366
0.7365739598786902 0.1088315127358311 3367
1.509236384813515 0.591215582834879 3368
1.871087106849005 0.2307257987016331 3369
1.665713393688517 0.1399719976067405 3370
1.551216225681402 0.5933618842548429 3371
1.769752575141801 0.2673513344113132 3372
2.6052761947405 0.01738028618306066 3373
2.52135919038215 0.113854616713031 3374
0.1494868893209371 0.03368242199007063 3375
1.399397667069534 0.1912213068587282 3376
2.074865435351168 0.2400093171527416 3377
1.409007242577303 0.1776353770337018 3378
2.079337300380808 0.2262310804527414 3379
0.7298809335279118 0.1339898195939508 3380
2.448206138936623 0.3681518983491059 3381
2.772186880484143 0.05602230551018109 3382
1.384185690699969 0.03513767368174649 3383
3.134935451106296 0.1336075065953629 3384
1.57472898220979 0.2597262000327039 3385
2.27377590749799 0.03519394749913301 3386
1.954403993557237 0.2922409087288207 3387
1.611916202071758 0.1380978409777392 3388
1.664424575742263 0.1751542257986866 3389
1.300170816158006 0.1566043017959702 3390
2.486617922756301 0.4175879047459344 3391
1.297708581087072 0.05524641933873672 3392
1.420376971993343 0.20397128342444 3393
2.870537362241551 0.2170805256582711 3394
0.6624731610043294 0.04904224166750954 3395
1.505816551703573 0.0654259291096087 3396
3.162167018566264 0.09321150115196118 3397
0.3317371541614605 0.04206289675205366 3398
-0.3753027191753625 0.3027173793063577 3399
1.878159805643037 0.09208809478435867 3400
-0.06096288078601318 0.1964471876844721 3401
0.1059601149091773 0.1226086773633332 3402
2.292118576743984 0.3358651269705493 3403
1.884038573412749 0.03346578768205107 3404
1.240043863764251 0.01479046671371054 3405
1.485439008108152 0.1823766787587627 3406
0.2806998601334074 0.3852822589248018 3407
2.371037835823096 0.1602567941919871 3408
0.6561052485533982 0.06550667066969583 3409
1.585840985680543 0.1749779283755257 3410
1.02305240662344 0.1015007405952232 3411
1.486904176634714 0.08571268893839683 3412
2.217413218314622 0.2905391883015771 3413
2.109950773607724 0.1166776240706177 3414
1.72492308809261 0.1802684255916975 3415
2.710866643846833 0.01640518946778848 3416
-0.2508191466937558 0.2980674477397894 3417
1.047871160552197 0.01423817569592979 3418
0.1313496321155758 0.2220093123922076 3419
2.611768333441851 0.4950821312445208 3420
1.099103328623963 0.0613131591058388 3421
1.230725208151992 0.1419120852705529 3422
0.8233043792694511 0.01394891052737112 3423
0.4968748227002038 0.03354045978675763 3424
2.852401572120674 0.1536078754994413 3425
-0.2813035345314067 0.07128358280908831 3426
2.645042991445475 0.01780816477324337 3427
1.655608562400136 0.1253319086995296 3428
1.822658069232897 0.1322030048329734 3429
1.638914210191826 0.0139016338830774 3430
1.412617725412689 0.08420542304322159 3431
0.6099078615817773 0.01429315684373778 3432
0.151239768336266 0.3114356547802714 3433
0.1466723333861115 0.2955120094404831 3434
2.134775513087086 0.3203567269679704 3435
0.8125776258155168 0.1918173586093008 3436
0.3343342031986006 0.01360117403480775 3437
0.04114342147321127 0.1862913949294675 3438
1.230920679606134 0.2312122507091269 3439
2.094191078089206 0.1121355343914678 3440
1.082831321251588 0.03755124468053082 3441
2.239266547545037 0.03616760536789843 3442
2.101569675232313 0.2320535486840682 3443
1.937133374845422 0.1042358155496762 3444
-0.08744034306017882 0.08705029310556052 3445
1.754574119527997 0.01353465558816374 3446
1.532187294565904 0.1087626093915428 3447
1.076483412597082 0.1929286095682674 3448
1.014442301682912 0.2111799591503482 3449
3.247418178530269 0.365150834122958 3450
0.8518359454874349 0.1433368979633536 3451
2.169163898540071 0.1939362613564247 3452
1.555708702876074 0.2404150834398836 3453
0.4093144465687036 0.09456327840614911 3454
1.496485644907896 0.2548073480769405 3455
3.043642910275442 0.04990319198613339 3456
2.740148927185799 0.3074842019911902 3457
2.192332950467934 0.01420186034277884 3458
2.443567997149466 0.6710670593752089 3459
0.2443065101424388 0.4098348917934433 3460
0.2413831546021178 0.03290462484224396 3461
2.415068743183691 0.2056552688777892 3462
0.4062172037145733 0.1238930816508379 3463
1.528781267926607 0.1373401014123249 3464
1.561641048592987 0.03181180838282259 3465
2.143950270498523 0.2832852361258175 3466
1.620172281246796 0.1598053844118755 3467
3.068976796773289 0.119251790591164 3468
1.74933709410858 0.1712416678321613 3469
1.597001598419076 0.09164761529086086 3470
-0.06615478409392812 0.2405264890182034 3471
0.9380083598018123 0.1837459457953902 3472
0.4387184619176229 0.5962489320101421 3473
1.179871762929604 0.118531449488743 3474
1.694533048867915 0.01344353511680276 3475
1.679796070245454 0.09252276212253885 3476
2.236443481827858 0.528545403686532 3477
1.593798174149186 0.2440535854285738 3478
0.1231937868570978 0.1664750734711677 3479
2.004125988987247 0.03640110462521025 3480
2.595461610262049 0.0469585411735611 3481
1.613539824149396 0.1102313416673344 3482
2.954984256507228 0.01707896968760952 3483
1.355281009350089 0.202178009205663 3484
0.8618148421045683 0.04760069543452706 3485
1.088722275733192 0.2188803570811158 3486
1.351011880887034 0.2249279194490983 3487
0.4777921741727503 0.01436349311452006 3488
1.345068238966529 0.05531737660659358 3489
2.02802756774742 0.2329801020839374 3490
2.081798341416593 0.1992681371932321 3491
1.913939166334488 0.1204589846604933 3492
2.025373232204597 0.2907987625325382 3493
3.361737666545212 0.09009441030214071 3494
2.075495676229695 0.04786350773677835 3495
-0.07408982539464343 0.07097378335065367 3496
0.7365385887764664 0.5181656944629585 3497
0.7532649803799311 0.522149792935794 3498
0.7053802053372404 0.06030333981372375 3499
1.595761460483996 0.1884365669147151 3500
0.8374775597008748 0.05631621500285103 3501
2.598082923232522 0.2866051377996718 3502
-0.04431097437068627 0.08868329895964787 3503
0.1388764976590116 0.1474538535458497 3504
2.451262539851857 0.2155469739345962 3505
2.322631462656048 0.01357223511292384 3506
2.679546539808297 0.01699905279071263 3507
0.9142417274903395 0.1288238343828116 3508
0.4104265000591627 0.03565277916616141 3509
0.3270437053827897 0.4893852412676434 3510
2.392199182931441 0.05804959999633947 3511
1.629760734154149 0.1174104812513008 3512
3.367410075521015 0.1242165737007963 3513
-0.2558385791975173 0.01396026522408157 3514
0.9272970524733876 0.0399863141650616 3515
3.279970657845676 0.107752058362819 3516
2.40519741161706 0.01395241881825166 3517
1.376715729649909 0.06264518109404815 3518
2.834478392016146 0.09579020248745893 3519
3.034999999998716 0.01701733269487083 3520
0.111890494673362 0.1510817007449826 3521
1.595367884163385 0.2172462703609288 3522
1.142014658906311 0.03374016929870138 3523
1.505176222972418 0.01321033513310174 3524
3.014990763435139 0.04226623818935159 3525
-0.3292788237047131 0.1787935263005161 3526
1.370875638418976 0.1949017594084982 3527
0.9262275403684324 0.1754554373352013 3528
2.359877702642661 0.332343792641652 3529
1.360094433962123 0.03163278213185164 3530
1.550554751185036 0.1399474301392736 3531
-0.1542603874140821 0.06383513986798539 3532
0.2224744941894985 0.1209304196741198 3533
0.07152363262139928 0.2280376637632268 3534
2.337285016985515 0.3652621705048595 3535
1.313976859650744 0.0715038951670945 3536
-0.09366548205890578 0.188802041579291 3537
0.4735819378945036 0.03470364315636395 3538
0.6165594905341053 0.03274589951773262 3539
1.265377121350395 0.1374995618756925 3540
2.054526331525321 0.2383513248602623 3541
1.39746553420814 0.1369366831023597 3542
2.841354516589534 0.04629472148872679 3543
1.09421142325866 0.1491360677917004 3544
2.261332576699174 0.4396789940646327 3545
0.7420928851658554 0.1230984676130608 3546
1.449375923888269 0.06812005540435181 3547
1.688550276101962 0.2653468126198565 3548
2.545795229249254 0.08299764557902478 3549
0.07110994803048308 0.2746559367537433 3550
2.011665751447046 0.2241298292892819 3551
1.90127068862072 0.2800971610269946 3552
2.260281022686432 0.251570406085899 3553
1.989994781028832 0.1329881792721978 3554
1.965091054760202 0.1290280010198632 3555
2.137674274283092 0.1897636628182362 3556
0.6160159655933436 0.1643116630695382 3557
2.890180524468592 0.0165238034465902 3558
0.3816043457934838 0.4434154608103001 3559
1.949404257650638 0.2000955564665648 3560
2.920424401865255 0.01686498588192493 3561
0.7659705605564202 0.04440891620587506 3562
2.209204421492193 0.1856865783159124 3563
0.9787008589983275 0.08172598438838204 3564
0.009958608528965008 0.01394465686109372 3565
0.5280586976414988 0.08505292403256995 3566
1.971815816223571 0.01382383136247031 3567
2.48869834043085 0.3391404575592987 3568
0.5428343388267082 0.1232249583913018 3569
2.374999999997025 0.01332744130483306 3570
2.045017284846156 0.01471023956683431 3571
1.940281786185136 0.08893322547590987 3572
1.122889337742728 0.01362265734075228 3573
1.092421534425401 0.1951945786540651 3574
1.099307510893633 0.03705105315830494 3575
1.848063828556804 0.03799854606595993 3576
1.252577703085775 0.2135333241256421 3577
1.964084648751571 0.1440355149643724 3578
2.212092442495895 0.06213174485121662 3579
0.7951808408261637 0.5265234986223358 3580
-0.4856624343713377 0.01426720342314615 3581
-0.1256832293873785 0.6445112453862609 3582
2.239579117785605 0.06490181033611161 3583
2.276562327685114 0.1638311681434806 3584
2.979639388385764 0.1676829230066623 3585
0.1537352127963423 0.5422666769244656 3586
0.07595022390241155 0.5508596028348864 3587
1.995007766220186 0.1873286279847287 3588
-0.1728147183303629 0.09044166040516718 3589
3.180982840880917 0.3067250567074456 3590
2.5285621549169 0.1631749403187569 3591
1.736567103703468 0.2227411508180582 3592
-0.2105544143992129 0.324986447200624 3593
2.006574839400386 0.3053296071462052 3594
2.966572926686544 0.2565144146962146 3595
2.291616010643344 0.3644064090494399 3596
1.757520974849053 0.06669411713224549 3597
1.098134788763801 0.01372782621806501 3598
2.005478573236296 0.1631324760113517 3599
2.546238399775794 0.139829550946742 3600
0.4464680439066949 0.06790358920899729 3601
-0.2014806023162226 0.2441598376941494 3602
-0.3069068108451621 0.03947842833988108 3603
0.9295677603816868 0.2049210261908337 3604
3.235260024603495 0.1138208783474658 3605
1.891068050997827 0.1449195835634794 3606
1.008694508790105 0.04955294751152477 3607
3.202036876481496 0.01747884382703652 3608
1.062023848444506 0.07577248155915151 3609
2.186395612719495 0.2291194966295937 3610
1.374222820950621 0.1622747418977094 3611
-0.239168435269855 0.2548451683578774 3612
1.182777521158914 0.09084006198065861 3613
1.113712671084792 0.2210981693278806 3614
1.027563023919945 0.07783506977341235 3615
1.357688008501922 0.1745868554234539 3616
-0.4342785013430493 0.04685364971133356 3617
1.546560623735139 0.1167026792522798 3618
1.35995854633072 0.08207236245086762 3619
-0.1880766739800445 0.0537607770720154 3620
1.259448435632076 0.03272407608495337 3621
-0.2123620437473338 0.04134613533419174 3622
2.192788013948975 0.1371116997224858 3623
0.932150560193676 0.09816808807072523 3624
-0.2394312377753889 0.03432570091573971 3625
2.061843035387184 0.3232824722479722 3626
0.9880816462221684 0.05851615859350354 3627
3.19015858392077 0.1049472310549384 3628
2.198979242146702 0.2703950619953679 3629
2.255943320820525 0.0134341566527941 3630
2.930969897884845 0.3770078790458201 3631
1.160982698668548 0.2052145754596731 3632
1.850137295508694 0.18740066020653 3633
2.855273078898418 0.01696323294731345 3634
2.370863740044006 0.06676642400326556 3635
1.632321195311521 0.2635872952129454 3636
0.2155255136344951 0.3711669055813905 3637
0.2033996748164502 0.4000443889840022 3638
2.246220288832171 0.344003057899458 3639
1.055962388086914 0.03162982709854888 3640
0.9661427322637148 0.1848405431465581 3641
3.344779920630162 0.01670612345802438 3642
0.7911045373503669 0.06878455966967133 3643
3.382392871881564 0.0158054037120177 3644
1.566129649663401 0.2152360629116932 3645
0.3819695624942525 0.09353126712443918 3646
1.420536277487504 0.2307814945651306 3647
-0.07547927278429602 0.01519910734086525 3648
0.02313732314186979 0.1917728213737168 3649
2.117032211155582 0.2298054473077928 3650
1.530448358685123 0.1986946245032316 3651
2.158644602471512 0.04442358630675018 3652
2.382893647251606 0.3976071867708054 3653
-0.04930923176750273 0.04910693344134277 3654
0.379462629490573 0.1206262520181322 3655
1.624301336895431 0.08894358686040116 3656
0.5809720566074096 0.1068528776757779 3657
1.430101893727242 0.03059079339222754 3658
0.09064981593893887 0.06198159758672687 3659
1.051887487725093 0.2161832586881063 3660
1.424133048916718 0.1320030067634264 3661
0.1137499658503866 0.2131227033966142 3662
1.931554152723328 0.06544461842971486 3663
1.340268575599321 0.1402104489963224 3664
1.705023329990971 0.1306499621924495 3665
1.872085557288869 0.2522309888702228 3666
1.713314025680326 0.2657034208426784 3667
0.03386963647567316 0.04177631125836072 3668
0.4526055902812054 0.01323270768730034 3669
3.290553335829637 0.01557079686504236 3670
0.6343394733032736 0.01308312764844858 3671
2.290262020221848 0.2913500230422378 3672
0.6853000483340157 0.05976502156949174 3673
0.9725215802850191 0.03581473670588817 3674
1.551364521518113 0.2130718522921803 3675
1.550254610388534 0.1989692988674172 3676
0.04053178632472358 0.2144873409982544 3677
0.6860232707872711 0.1264499593774037 3678
3.173166466405492 0.01619867185188256 3679
2.066930316451648 0.1089478675786697 3680
0.9394531159273823 0.01350410561959638 3681
0.6165079777663429 0.5005751045943883 3682
2.468643444556482 0.153576072783427 3683
-0.007348085270014038 0.08759443861150099 3684
1.823679874817734 0.2721495385772829 3685
1.329967393642645 0.1874260544231378 3686
2.109001705288226 0.4938163286850165 3687
1.489028438042434 0.1337630690278007 3688
0.1103345808369516 0.2585527474886208 3689
1.382495429690082 0.1443945555824461 3690
2.182497947923883 0.3369551652806815 3691
0.5154923817906676 0.1183421550658044 3692
2.086155857714335 0.07094294881662123 3693
1.232510459641499 0.1919108028117065 3694
0.7137343162980903 0.01262022847748257 3695
-0.1695568544554085 0.2730374663846751 3696
1.965281696105083 0.03128872506251284 3697
0.3995106482966291 0.5277048674021464 3698
1.873481374831889 0.1869215026966574 3699
0.2473511519619445 0.09011835633878991 3700
2.031667524505857 0.1225865949093564 3701
-0.4630449962357435 0.1901753712671798 3702
2.199516389548235 0.03708343966698417 3703
-0.03870403179504849 0.4307472209374351 3704
-0.09361619702068451 0.4291793478504967 3705
1.383457921254153 0.1158342747563715 3706
2.222053423150535 0.1556648055968937 3707
1.374467200762219 0.1033833533066382 3708
0.1919930501109075 0.6289207979725996 3709
3.039379807942495 0.1389278737931949 3710
0.5488170455295523 0.0932724912247061 3711
3.423226213159704 0.4771611134497495 3712
2.066627527109256 0.1731152014378714 3713
3.092535391286289 0.396055627573959 3714
0.08819090181075688 0.01339930019245115 3715
1.223242734616636 0.05308062655811158 3716
1.825624433228524 0.04717882106520523 3717
2.047658851434332 0.1547347747269818 3718
1.080372326377199 0.1286107003777322 3719
2.351578069116815 0.3959024514043273 3720
-0.01002998801284228 0.228760130797039 3721
0.5708381380437253 0.6127284654589569 3722
1.329044040469527 0.1681060644132595 3723
1.57994556928275 0.01515457976920748 3724
-0.1778986861501025 0.03803734226648866 3725
1.249388386273101 0.1850768739923416 3726
2.819739539080457 0.01546078335947882 3727
0.1533771995690185 0.05788283450260882 3728
0.7145652367872735 0.1801426316094638 3729
2.35791684958056 0.03696295560953555 3730
2.260315697273405 0.1619749997709835 3731
0.5792737049161413 0.04247563618107109 3732
2.385548995862913 0.371557518882932 3733
1.8712163638076 0.2030695197621107 3734
1.849985351287133 0.08461616381379619 3735
0.7733555544739481 0.08916722174024895 3736
1.366357562216339 0.2449827692012079 3737
1.234883926247692 0.2074641937292451 3738
2.045629027769544 0.1198548930516417 3739
1.788681947758583 0.1835755820135143 3740
1.253971140061598 0.05937563509639556 3741
1.374296387905776 0.1312823714849941 3742
0.3558398300159789 0.09147575671595766 3743
2.236407678684071 0.2531568217828222 3744
2.053613319640158 0.298239154192127 3745
-0.1647611296423431 0.01650597449090966 3746
2.312112572570828 0.489371176469527 3747
2.711085204355968 0.1526816184098678 3748
0.4315901654082769 0.1288923412239809 3749
0.1684995786119011 0.04567063181957709 3750
2.52633941713256 0.5235277278729829 3751
0.1067714902117855 0.2337679752678471 3752
1.237619163269435 0.03029103079661702 3753
0.5365359373234385 0.1504439430858049 3754
2.926136003526512 0.1218971443666219 3755
0.8184410242071239 0.1654436802933706 3756
0.6346942342526406 0.0526737755311092 3757
2.522677031728358 0.2687929044462535 3758
2.472407145548508 0.0136516225832773 3759
2.320008332027373 0.6740030777056224 3760
2.302916889133267 0.2654032728300628 3761
1.376076189594552 0.01281593985237425 3762
1.558614662015475 0.01332832242544122 3763
2.019878107250572 0.1936685538189411 3764
2.68609978444256 0.229825024362075 3765
0.8089844639391445 0.1175392883638944 3766
1.239834826482801 0.1675981837410591 3767
2.253751281310041 0.05473882342180261 3768
1.713741968196322 0.03493014837271546 3769
1.720886003194608 0.1648732307764962 3770
1.175115182323184 0.186328421131177 3771
2.016949506187482 0.2802938116790951 3772
2.097124083162818 0.2474275058098429 3773
1.39927368882334 0.09781638376060581 3774
-0.4512566480625096 0.065229521125902 3775
0.8651276671980035 0.09261670645389899 3776
1.796327886300969 0.09463034593101172 3777
2.236387267113848 0.1806005684986838 3778
2.336801536702592 0.1923189071099217 3779
1.075688546251843 0.2177474299869228 3780
1.73147903248604 0.2460684269920689 3781
1.601552853784501 0.1205200240549812 3782
0.06865547890652043 0.07616666613654434 3783
1.424988113979502 0.1041826681629536 3784
0.9815450809432873 0.1870997227126434 3785
2.418834876758843 0.03633383893297051 3786
-0.3216272334174382 0.09088137595772719 3787
0.09847212022604263 0.1725842892359745 3788
1.551880889292902 0.257558073086549 3789
2.198300342010232 0.05439974982253616 3790
2.379733906706571 0.2859969057296561 3791
-0.327885193124001 0.05550601752865213 3792
1.848446113909787 0.2737071133732668 3793
0.8254107039093495 0.03833913641197654 3794
2.277406682607332 0.1842651394119279 3795
3.300672555694405 0.4559205447036511 3796
1.649396523004046 0.1810369380076503 3797
0.131364099705888 0.3176850121282699 3798
1.760458817058446 0.2363312837974088 3799
1.346478523048382 0.1585953284620994 3800
0.9869108078853552 0.01364529094209241 3801
2.613755153856181 0.08267268872467957 3802
1.731018127964964 0.1958886885133631 3803
-0.2976058408681404 0.1895450552126361 3804
2.252929358456842 0.08409695435612499 3805
-0.006566619328255097 0.03169639811692598 3806
0.2495284885816688 0.1186172604952869 3807
-0.1333196215328434 0.08195705436192618 3808
0.9881548833589582 0.03541070430794797 3809
0.02762502191540073 0.1651945552844543 3810
2.636489203526134 0.6704692939473835 3811
2.234905377902836 0.09453559707258669 3812
3.282973985610115 0.6380231091241623 3813
0.06004522943906893 0.1529216674037733 3814
2.457609416257531 0.01339857699668159 3815
2.326477229330985 0.0985390900030361 3816
1.352892146096112 0.1057757912126171 3817
3.434684444592465 0.01623230080973711 3818
1.440852703386593 0.2515054823485418 3819
0.8824903344886482 0.05541382325447959 3820
1.41959394506335 0.2497363297507272 3821
1.222376967444681 0.128784251560664 3822
1.58180250681646 0.07032368405689333 3823
-0.3549265003172267 0.01667048718447775 3824
2.375077438143491 0.4663548950898979 3825
0.5101412582911904 0.1443467463218635 3826
1.760953370994301 0.1632665787689683 3827
0.1367831314337409 0.09051559057357408 3828
2.331376726019302 0.03465073064472062 3829
0.9813792312431673 0.09941592130759797 3830
1.134642326360509 0.2041191531682856 3831
2.339924898980178 0.1447282357611215 3832
1.939078808094686 0.2703642515173704 3833
0.4537909650023302 0.05179779681947676 3834
2.15860833068196 0.1030049705238731 3835
2.104258708156366 0.5904325676958943 3836
2.102913451078453 0.6696658135739659 3837
1.917503434149438 0.5778110662356296 3838
1.010915104985212 0.01271429404854799 3839
1.467908020944934 0.1224442049382857 3840
1.625048387197063 0.1906583990538311 3841
0.920713845977788 0.07391904278185821 3842
1.06254749494414 0.04963947717161894 3843
2.199449816398853 0.1705893138227934 3844
0.3289852848808876 0.1162020455688444 3845
0.6635637327402115 0.0905837598027005 3846
-0.2857224741360057 0.09972670158994529 3847
0.2426414286455379 0.01212373889099381 3848
1.774199612006267 0.03353033030907224 3849
0.7579548688207878 0.1323847314311212 3850
1.502669931970656 0.1347593645238933 3851
2.258941133759155 0.03177528264965247 3852
1.672991176221942 0.2659206100081022 3853
1.594613647506992 0.1632160441760608 3854
0.9018049306745706 0.04725125606741314 3855
2.172721307492445 0.2541660615356254 3856
2.399598020647114 0.03988066340422943 3857
1.169782557000241 0.1599275820685331 3858
3.132214113799959 0.07204438269901206 3859
2.558814449423732 0.03734200883808067 3860
3.423670736227787 0.1014116208932659 3861
0.4549820555714891 0.133977810614153 3862
2.505236822639537 0.09779689615220456 3863
-0.3529216960161672 0.2299602298178147 3864
0.8346460302548786 0.1190931739636629 3865
1.955449140286228 0.2668550662151766 3866
1.449993344307799 0.01456475231820587 3867
1.304666481822288 0.02894905641846176 3868
1.681026860331101 0.1202819337493461 3869
1.788726611359334 0.1990997546424876 3870
3.135837151446129 0.2172428586065966 3871
2.210232616795174 0.3619371474162687 3872
1.399365359012227 0.1635764391867146 3873
-0.01393081125320096 0.2879623249440741 3874
0.2761119566531117 0.1156198873867797 3875
2.40098343695685 0.1384016178903477 3876
-0.2246177528433957 0.01307956351565937 3877
2.177877990691411 0.311270204321331 3878
-0.1025162219377389 0.05720427514793594 3879
1.528386773900257 0.2166737274352484 3880
1.533358892088379 0.1744647902395094 3881
0.3517043750161172 0.1177897647033367 3882
0.3061699198669025 0.01248906812290533 3883
0.5685002140645724 0.1307469657723473 3884
0.9473330223604952 0.03187525745779401 3885
2.102939396100556 0.01396533992129355 3886
2.345570364397936 0.1264158119790408 3887
1.295588013043142 0.2213171614044927 3888
0.3061796627597372 0.03796507807756321 3889
2.714743801740859 0.1201953957098823 3890
1.277969050950058 0.1009504153024383 3891
2.315365084617126 0.1226907846113805 3892
2.647991272625343 0.2816046415111441 3893
0.9967247951320055 0.1023320036235693 3894
1.894912201335888 0.0135293982600287 3895
1.087941093157475 0.0847052654292252 3896
2.358241742329973 0.2137724559344881 3897
1.275452497466232 0.1242167085417687 3898
0.6902077942660203 0.6305067967596895 3899
0.9250879442867541 0.5370710636901603 3900
0.8262508503789259 0.1936891226077127 3901
0.5756824174351416 0.08199709265336276 3902
1.768485688686561 0.01276047244009101 3903
0.8606410003490176 0.1760191741643199 3904
1.888388908769855 0.1855667075352349 3905
2.291333644084754 0.1590306097783153 3906
0.6375110131182142 0.1688014168203091 3907
0.6397958032341909 0.1285076116076125 3908
0.03160184438881074 0.3173310709384191 3909
0.01095955996104091 0.3155795563284163 3910
0.006593488731863172 0.2985959419720219 3911
0.9246332227552467 0.1204812520643008 3912
1.957602743902189 0.05181671713009045 3913
1.428813146140749 0.01239579821337518 3914
0.188234504429198 0.01285615644338258 3915
0.6810024114649887 0.01367344700361608 3916
-0.1374951125180581 0.03334739240045742 3917
2.205730115385297 0.1123617684080433 3918
0.04542637538122692 0.1455985798448804 3919
0.06422949730594407 0.1867081375978797 3920
1.845599001682324 0.2009271324159918 3921
0.05643489630880742 0.311587614062877 3922
1.311598689473149 0.1397619172008404 3923
1.349755977025753 0.1306784130703563 3924
0.1599307568629068 0.1008345078470166 3925
-0.002470838662007624 0.1267383008406278 3926
0.8439581237604852 0.5303968537328835 3927
1.934288305702066 0.2303104585600413 3928
1.106631126473902 0.05076350930673865 3929
1.246918124349824 0.1219815363545736 3930
0.45742650232466 0.02847863329680221 3931
0.3265663868596696 0.0903409054790706 3932
2.322631924974623 0.1661667505501657 3933
1.076086465562331 0.07131713062811405 3934
0.0669034059304473 0.01195597499161013 3935
1.183667256962656 0.1483700207695278 3936
1.47182288650212 0.5875680875773373 3937
0.2767446903817576 0.08969328668023753 3938
2.184337360570138 0.4668882821783022 3939
0.8373216901151882 0.01240375235352774 3940
1.446174061504171 0.1703191197526406 3941
2.133763130415229 0.04552298242615917 3942
0.5928788858266458 0.09401393425722229 3943
2.302042370802588 0.345935052279109 3944
3.385542879949504 0.04621508604748734 3945
1.747815620467067 0.199904189405607 3946
1.21934855545107 0.1095769254218431 3947
0.5619153641750232 0.155641574236328 3948
-0.06238435337737799 0.1123596454075955 3949
1.903623654025066 0.1501181044521425 3950
1.115292678793172 0.1848086175551306 3951
1.154893667599078 0.1802637092705349 3952
1.649515540854676 0.1958010142277707 3953
2.22282440018639 0.2664414923864511 3954
2.067675524618979 0.3085110614453724 3955
1.205628661081442 0.1792090914954004 3956
2.214065347724859 0.03318867332584563 3957
-0.07477413495024657 0.2992435164082836 3958
0.9538160705052978 0.1105235580642512 3959
1.611462530358926 0.1689123505389817 3960
1.739364723191024 0.08642368373024534 3961
1.93328841524996 0.2508787375776453 3962
1.749559091491248 0.1092264957640479 3963
0.6928347114838233 0.1778773251903003 3964
2.148564870054543 0.2397477515569223 3965
0.561299951135068 0.062070372400572 3966
0.4473523870660718 0.4674719274819514 3967
1.414994766006098 0.1509648364481198 3968
2.338312726473384 0.222467922453896 3969
2.039449594870009 0.2204171488656036 3970
0.1915907046375067 0.03883260330442419 3971
1.955209721880659 0.07027891122889081 3972
1.798773457705267 0.2192347949394458 3973
0.2236341580910065 0.0140653644488252 3974
2.621288728613503 0.04135296313076715 3975
2.272409060540472 0.2052867050003399 3976
2.255853359325011 0.1836419746475676 3977
-0.1087195219514537 0.1111657398039075 3978
2.009443819702653 0.1269642429789187 3979
1.129584268200865 0.1782804455690671 3980
1.111364468244666 0.2030357461867692 3981
1.885090784919937 0.2096700245974999 3982
2.37380666148168 0.1048125067571997 3983
1.146556654124289 0.07066853357049009 3984
-0.3411082673770186 0.03458561469194795 3985
2.104931594864806 0.03079880738032738 3986
1.117963218012979 0.02817240524576295 3987
1.294630547687793 0.1963520508294107 3988
0.0297532232689208 0.2946324664935128 3989
-0.4369972135498462 0.09758676742276666 3990
1.229163485196667 0.09665410070348593 3991
1.098168439136114 0.1088681577550961 3992
0.8681486083147196 0.0326440734768243 3993
1.623984744235052 0.04325040464806608 3994
2.73607466534772 0.04105009148814157 3995
1.432381540916627 0.2088251106889449 3996
1.202379711117846 0.06287116614428558 3997
-0.2568992128803709 0.192691435209712 3998
2.111448121898718 0.3191453290966247 3999
0.9696135629025122 0.2126213768955302 4000
-0.1982389374374407 0.08710828135692461 4001
0.09594006392109135 0.04597240441436484 4002
1.251553896772402 0.09939696079297745 4003
0.432894014618292 0.06445590388181237 4004
1.236661692901082 0.08117760056679452 4005
1.862018320246283 0.147282099543875 4006
1.812870864963489 0.0991656287146136 4007
3.449355048355625 0.3039735191537157 4008
0.6069226981581932 0.08009583716843385 4009
0.8713794514515573 0.1971632287813903 4010
0.02052777409409557 0.2547731242698669 4011
0.01532889053553797 0.2726036805159419 4012
0.004638271697406292 0.2809427759269312 4013
0.1261788073656416 0.3007728258200379 4014
1.857529411021781 0.06203218617250417 4015
1.134498298798252 0.05781733049051385 4016
2.042732000820392 0.1006884808813379 4017
-0.4129833104954783 0.1974691498989928 4018
1.518440875777383 0.08046508028202159 4019
2.207549282674643 0.3429252414004487 4020
0.4534870360213984 0.09295006964869214 4021
1.606269029543993 0.03630692998629107 4022
2.205412308723386 0.009305467243273314 4023
0.3724135837229417 0.03247972282799056 4024
2.044576808803414 0.04171615299317338 4025
0.6313114982548252 0.02910842174822693 4026
1.250529614759458 0.1548212874441997 4027
1.556158870475417 0.1650803226657276 4028
3.359506076569637 0.04148972613301147 4029
2.214230448608873 0.1313947452113886 4030
1.388770688898702 0.07679007577936178 4031
1.622560082657154 0.07436457481061967 4032
1.208166660367511 0.0882514725381473 4033
0.2555564958285361 0.5142514376589146 4034
-0.07414496241435864 0.3428601622107627 4035
1.886882488637548 0.2591582930922699 4036
0.8767169136389557 0.1368044069966149 4037
0.1391838058925554 0.1808221776125754 4038
0.9474138023592055 0.07189245102369052 4039
2.783231432339087 0.2206430705256858 4040
2.131118941741378 0.1174975050676178 4041
1.700637307095592 0.2226749136047741 4042
0.6001915294842186 0.144525163655528 4043
1.680697073808227 0.01247312749376118 4044
0.7353950902651122 0.1646652351927442 4045
1.033052649265916 0.1969416316881314 4046
0.438762411709471 0.01266412166542177 4047
0.07637527703595511 0.3218931233143134 4048
0.8826591774792316 0.01559613433190817 4049
2.115414189813498 0.1081915385811562 4050
2.418607642854654 0.2898139719326039 4051
-0.2956999028218267 0.3735455623680433 4052
-0.2821333032616191 0.03400089098479164 4053
1.690198803668557 0.2013418602303883 4054
3.080980005076793 0.03523197177453176 4055
0.9139210410953482 0.1851958640227088 4056
1.763581997172564 0.1468333514390827 4057
2.103842716008517 0.2842123665049559 4058
2.10158189666156 0.1628164595777258 4059
2.726623653497291 0.6568916688020909 4060
1.95402862921867 0.251115251729861 4061
3.25068609698739 0.01642254797398959 4062
2.326048323592488 0.5532504448997555 4063
0.7249527449796132 0.1569929497172637 4064
1.055755421427372 0.178369945667119 4065
1.041134669578342 0.1708040409392819 4066
-0.3510942252068893 0.1284046661814119 4067
0.4966975038391285 0.08121026524821642 4068
0.1569010297183719 0.384971756001362 4069
2.080383440985948 0.5026539517393546 4070
1.838959983068768 0.01262734682057403 4071
0.03308897913772373 0.1020141361426553 4072
1.828750489762463 0.2032382038846136 4073
0.1152123954979981 0.009645168809033095 4074
0.143315967837453 0.04804620847573159 4075
0.8835361652805342 0.03448926009135556 4076
0.07853591293124763 0.1356997664355509 4077
3.022831607370822 0.08563917945362789 4078
0.8774262059075034 0.1777028459290471 4079
1.255398669960196 0.01345607226045776 4080
-0.132852804222766 0.01347146620557776 4081
0.8512243490970948 0.06632434026489123 4082
0.6949972563625202 0.08500211115858372 4083
0.05547795052813378 0.1666871827766547 4084
1.050752664446147 0.1555539362299291 4085
2.294324737456255 0.3165288555371943 4086
0.1162769409215968 0.4295035404338958 4087
1.617577584946922 0.2261358489393631 4088
0.6492750852516245 0.1136899471964482 4089
1.891250539678815 0.1125535701834673 4090
0.6732353518908515 0.02919472170690934 4091
2.864155374228907 0.4476784059179175 4092
2.769854474103571 0.03253744869813489 4093
2.287199639181002 0.1333033211270547 4094
2.223129343520604 0.2087435845357635 4095
1.894073969978781 0.03797995239446668 4096
1.726108302019616 0.2090130321226193 4097
2.306883118525147 0.4194703492284248 4098
-0.3915325175951551 0.04271738539025149 4099
0.4854364809221873 0.1441134524293088 4100
0.662924468062052 0.1741482084905391 4101
0.8956119793664412 0.2013251161830795 4102
2.028545171072441 0.1793123430109267 4103
2.807768374823676 0.03758452825604103 4104
1.705292233555754 0.2473710721654799 4105
2.656901866213255 0.09905187750430837 4106
1.11568156654231 0.1617490661168815 4107
0.3353509395695966 0.4165184900216547 4108
1.120731598735619 0.07326214829948915 4109
0.04995269339758013 0.1318172391053492 4110
2.089707839466951 0.1604037089751351 4111
0.486786953592144 0.1157406149538723 4112
0.1216858274609888 0.1964379203234825 4113
1.909588962282828 0.1755469007450456 4114
2.186011450266816 0.1770735759497869 4115
0.1685481456145227 0.2844497271336437 4116
2.262198280799622 0.06905262336551374 4117
1.941179854182551 0.2901634529680701 4118
0.02632074988593522 0.1412638593334613 4119
0.03972445846837967 0.1238158377936398 4120
0.02640381422476611 0.1281092959590807 4121
1.489079286943266 0.2234854129405067 4122
1.223423405044574 0.154784283048893 4123
0.9557755853336189 0.1366411068760894 4124
0.1605310627710551 0.1521991803940567 4125
0.01429873943013603 0.1455001995346349 4126
1.94538948674084 0.1441137934258939 4127
1.737339961999799 0.03313411612533831 4128
1.009499073059311 0.1935794202608601 4129
1.835082353727229 0.09545582252903848 4130
-0.1400684892787013 0.1738091451643544 4131
1.312995905445614 0.2402640931455168 4132
0.9534410499050028 0.04762331830393686 4133
-0.286697814662928 0.01396509097114101 4134
1.535391659458225 0.2378077790526588 4135
1.975925003281218 0.2521429881108326 4136
1.812939080170858 0.04205282080055178 4137
0.6719509759497582 0.5633647475707073 4138
2.070890734453993 0.1236589081780974 4139
1.274276026661891 0.1829269341722541 4140
0.5913511267584488 0.159815074886905 4141
2.187305729403086 0.03136269390547019 4142
-0.09039699959028621 0.1275804283089504 4143
0.792771171271472 0.1174871486262758 4144
0.770158517771917 0.01286136446867207 4145
0.7483377802885867 0.08356918466108233 4146
1.055467064064957 0.1999512178679876 4147
0.1098377406890534 0.3038550137397771 4148
1.027834655192333 0.02953744366174105 4149
3.188691706443233 0.207534878909739 4150
0.05295789057777687 0.3298188140081043 4151
3.320955872768399 0.1127394996066815 4152
2.377391600001062 0.05560048565849267 4153
2.578065648447129 0.06376221092371709 4154
1.185359215108248 0.02792597242270977 4155
1.244227866396271 0.2339710101752395 4156
1.804015830786551 0.05980852340221934 4157
1.176646917549633 0.2121798642965535 4158
0.1565718875443992 0.08138673392749295 4159
2.318547156061316 0.242461941842472 4160
2.709689378555356 0.03769686365575252 4161
2.691871639800386 0.04375261088504181 4162
2.071328265174965 0.1436572528507877 4163
1.876092575698165 0.2785285644170423 4164
2.080318788140968 0.2862597165848018 4165
1.054258332830814 0.07409943256683675 4166
1.675553741363129 0.02932976640134594 4167
0.7155497944858612 0.1251702733402083 4168
0.09424354328016804 0.234400740615855 4169
3.450899860296203 0.03827299367071966 4170
0.3013890491670266 0.1167117605566832 4171
2.052180479969897 0.5123869628750009 4172
0.7601669973876464 0.1656658686647323 4173
3.007751826436012 0.4670622280620827 4174
1.324238465366031 0.01264635970801293 4175
0.03638725858588394 0.150339473302834 4176
1.736131376454027 0.2661424823914901 4177
2.254626168455672 0.1095592975656444 4178
1.694730959192872 0.1114060586099459 4179
0.8176241493224267 0.07083913678337539 4180
-0.3037892156373902 0.0162637436025541 4181
1.153922366555521 0.1181877016225797 4182
0.1080751158069147 0.2859192612475905 4183
0.9052368991864694 0.01154843228085171 4184
0.8412849313166471 0.03006331926418207 4185
2.356143143817677 0.08870399419515192 4186
1.759083712916323 0.09279181796957854 4187
1.469485671551723 0.08067151727597721 4188
1.974429499278345 0.05761144849558733 4189
1.856576087391236 0.1016342872964705 4190
-0.03975996311280501 0.1346782625604502 4191
1.154702352298045 0.1486605332380461 4192
2.335806568382527 0.05100442104435767 4193
1.588210650933217 0.1318170117067333 4194
1.878394928091891 0.1600674570499216 4195
2.347644246556674 0.3527281890610132 4196
1.779226691830215 0.1656702780051028 4197
1.98677906225162 0.1461367621178369 4198
1.309214174007086 0.1158965359163161 4199
3.249218346945419 0.0428769553933037 4200
0.5401318232623679 0.541704311498822 4201
0.5919535479147905 0.02800090099429677 4202
0.4359382086985588 0.04668448460582747 4203
2.102201967036413 0.09111724608906009 4204
2.170247790872864 0.2286039752592474 4205
1.163319260867732 0.13514869541838 4206
1.492812992190824 0.04231907538412123 4207
1.822591854156403 0.2492982633386814 4208
2.545401729590344 0.2402902204928638 4209
2.025923111327963 0.2476272685909043 4210
2.438986085872022 0.4354475764980675 4211
2.820939547181876 0.1733267760112371 4212
1.948661367045295 0.01236043268307815 4213
3.073466900962464 0.06405344287920189 4214
0.06523375581280899 0.03012436448348251 4215
0.4114034856557705 0.06226041815992511 4216
1.108136144290133 0.1465999962905451 4217
1.857286942177858 0.02914686059558309 4218
2.066779968381002 0.2843682092265372 4219
3.1349999999991 0.01277205546820384 4220
1.488550598816376 0.1564251609934631 4221
3.094999999998946 0.01277205546818421 4222
2.473726108834367 0.2867709101672269 4223
0.7991304878616391 0.04477365651323147 4224
2.53757500724687 0.2882423000065807 4225
2.089653683434801 0.2236281899989668 4226
0.2468044122216909 0.3617077021272968 4227
2.174512281297499 0.1345381064575351 4228
2.596462334218216 0.3530333450537623 4229
1.291562808875115 0.2377123505386504 4230
1.693043363400655 0.09369554908792074 4231
0.3018072592498711 0.08891536252305147 4232
0.1295942847543556 0.02790400978163528 4233
1.577843468675649 0.03412062770053017 4234
0.4376090156917202 0.0305954925657102 4235
0.2786396995387941 0.03811536422868611 4236
2.153068945662352 0.1858064238288717 4237
1.435122560566602 0.2321657278735244 4238
-0.0953893450631923 0.2335896127235695 4239
1.192832276082243 0.1080952247590514 4240
0.2780834827911234 0.01219833294107893 4241
0.7276935731165644 0.182400438027561 4242
2.024282934298565 0.5229231519946472 4243
-0.1324986298733902 0.4711429421434385 4244
1.76114077952133 0.0381560571277626 4245
0.653527847814636 0.02368421116403466 4246
3.47918227981234 0.1158122849733468 4247
1.460236282477582 0.2342942612517173 4248
2.106953017745221 0.1310566528429691 4249
0.7718327053681892 0.1900200347772236 4250
2.202658796165865 0.3062882180435429 4251
1.905771047865067 0.05775030939462883 4252
0.5910718847721258 0.1351043599993219 4253
2.042932884179705 0.2841932391057424 4254
2.086207378325045 0.1252729745611068 4255
1.966801858317665 0.1684496313451192 4256
2.073751192709332 0.2122568497042712 4257
1.489327471986274 0.1111074925587263 4258
1.136637555764941 0.009518312720463646 4259
0.9950325096826871 0.04834087663111891 4260
0.418369720213521 0.01124643297243417 4261
0.2687259520526266 0.3754421832406646 4262
0.1539312646955814 0.2694695875614108 4263
-0.02616183498759364 0.07499806311494264 4264
1.301499543728181 0.01302170305029899 4265
0.1040474629999975 0.0283157909975025 4266
2.41929196624659 0.3250453965236763 4267
2.089331790641765 0.2777376439245055 4268
2.004503806827608 0.1498112720208863 4269
1.933036922998457 0.1836794398326542 4270
2.01606266540941 0.1407839798157103 4271
0.7362754392612487 0.01100611771410414 4272
1.473400104685891 0.03507831030752453 4273
2.083265164887008 0.2661024485830623 4274
2.294337785615481 0.04471239505978047 4275
1.01722262452348 0.1704706121051308 4276
2.364617681705095 0.3901603036434698 4277
0.06267080813764457 0.1141186507833572 4278
0.8657599077346588 0.1165410968973156 4279
3.467296249055449 0.01447568728500336 4280
1.947960785836594 0.1243499532218098 4281
2.378884010633513 0.03119147377697447 4282
3.283327649607882 0.3172198388962956 4283
1.007841025599186 0.02757047671569208 4284
-0.3461790483151664 0.4122152510482473 4285
2.448716500554643 0.07811376258220599 4286
1.778139297933286 0.1006608722965 4287
1.421848887356368 0.5832179310251265 4288
1.131557142321539 0.1528675591703556 4289
1.535122242884484 0.258180983694544 4290
2.004565791863684 0.06143583330563247 4291
2.086639825981917 0.03178007327504635 4292
1.327631169369746 0.06334524406750969 4293
1.089718945945552 0.1713502557699149 4294
1.666087698619778 0.1996379332936988 4295
1.306823998803755 0.2007340338893046 4296
1.022408450311498 0.05501429473606598 4297
1.712451884416816 0.09693883029516048 4298
2.12868196687925 0.1339916133434469 4299
1.713606207797763 0.05734022705677217 4300
1.793035967536109 0.08256862157379276 4301
1.088207347959582 0.05925127297821625 4302
2.297271918589651 0.2258419990892127 4303
1.038760304389036 0.1198092944116585 4304
1.614763767108114 0.2452765957089946 4305
-0.2686721114266589 0.1441070862254262 4306
1.662426211264749 0.06032904153356439 4307
1.771824827636498 0.1212519934438248 4308
1.665391474487012 0.04580968702716983 4309
1.607870753193499 0.01097757773217833 4310
1.818265031994323 0.1653859332666022 4311
1.544136269344654 0.009728319208989283 4312
2.672431874598979 0.0592626151788616 4313
-0.4737490143027519 0.08577997885055648 4314
1.384956264483877 0.1681437842454285 4315
0.9671644494455233 0.06122252381715034 4316
1.13179866844506 0.09599480206169309 4317
-0.4669404467372082 0.01430140481156444 4318
2.536506539007663 0.659291773671146 4319
1.942211161943617 0.04871884630901413 4320
0.676776274314282 0.1563868264704922 4321
2.098209583724495 0.2122540314524667 4322
2.983136047426145 0.12108374953327 4323
2.086788971540775 0.05339703270433281 4324
2.226692616367123 0.2983310142563618 4325
1.607263220454939 0.2641356637870115 4326
2.580667544588601 0.2487033038083929 4327
1.176291610319067 0.06229109964342634 4328
2.33300784683632 0.469183677387406 4329
3.292558308983916 0.2422718553724452 4330
0.0684600777014315 0.3096520004996829 4331
2.975642867044082 0.08855305212318673 4332
1.866780662551252 0.1166270246623229 4333
-0.06881012157516793 0.15048206755777 4334
0.7758046992310275 0.03075735486543199 4335
1.42328547022577 0.1676546458285342 4336
2.424932605883769 0.1286266903389291 4337
0.5954367060089469 0.1183341216330861 4338
1.287462182919117 0.107420800427741 4339
0.08687042642267526 0.1739609157782539 4340
-0.3856781615446819 0.01360444669895894 4341
2.476716673858538 0.1180337971513879 4342
0.6610845530300816 0.1553024135060518 4343
1.762216120126508 0.05407955782889272 4344
0.04377589314629422 0.1136514642044577 4345
0.9535499022942047 0.5366351677076239 4346
-0.1092247425300322 0.07476187211059353 4347
0.1743193453408046 0.4556946293099711 4348
-0.445128676724764 0.01386139850820046 4349
2.463672844489059 0.06343697415585112 4350
0.6530523264456618 0.1383012281032202 4351
0.7417005483583794 0.05352477629408274 4352
2.403886466486281 0.3448225943791775 4353
1.489474558564018 0.06942986000880795 4354
0.5493655636149627 0.01212849390632907 4355
2.23980590993652 0.2763223345291825 4356
-0.1516816613111721 0.1072873800877982 4357
2.346293438522078 0.2462288511906451 4358
2.362390652693986 0.3613303273274178 4359
2.13716648901898 0.2250219028023008 4360
-0.1540254232924991 0.03294175479189966 4361
2.201686922588729 0.2297014430488393 4362
2.171986206742655 0.2098286715665464 4363
1.125985864920873 0.2235777000614356 4364
-0.4045400118386602 0.01341313258767691 4365
0.1231098752490259 0.1270527832977113 4366
0.1322421721509183 0.06783747344062752 4367
2.617273724212101 0.1090459046864683 4368
1.53902054474725 0.02775368314619538 4369
2.031048083583047 0.06429716087466671 4370
1.567824162944274 0.2410655841019207 4371
-0.2527549762001384 0.1137001661790994 4372
1.411788003828431 0.1107872566031024 4373
0.2152014770127358 0.03562945782166883 4374
-0.08871182436156584 0.03242867619774818 4375
1.445059142859362 0.03231232269654591 4376
-0.1375759420789603 0.06183375453586835 4377
1.193026803211106 0.2296637124916229 4378
2.908936032843275 0.0435409743613169 4379
-0.4153937414342378 0.05776393624510994 4380
-0.4254599881615998 0.01341313258767813 4381
0.6041944295999822 0.1052304150639287 4382
1.708988352202886 0.1942129140956312 4383
2.723676645805307 0.01299592304792521 4384
2.098868094979617 0.2994695916133708 4385
2.309095740228799 0.2245372513918793 4386
1.998985296853217 0.5327295489042941 4387
1.515450228684805 0.1901285237030305 4388
1.516526493716493 0.1784752455738396 4389
2.555477261400161 0.1895865080762821 4390
1.005420035531355 0.09519324470797132 4391
2.173237582404871 0.1535743294583903 4392
3.317435961904207 0.1644257149904832 4393
-0.1950000000006357 0.01159313331663996 4394
2.273212456022303 0.2254199269493472 4395
1.603089152732016 0.08234605325085101 4396
2.784999999998084 0.01233815986267428 4397
1.394554457971635 0.1989943114315823 4398
0.2998443718474831 0.3957788714050117 4399
3.457217328574522 0.07394272545108937 4400
0.2101125010565652 0.1084748369711108 4401
0.08231916038977659 0.1197676737471046 4402
2.392351992732597 0.08806663844891634 4403
2.692258636348875 0.09663452415553578 4404
1.668372010789063 0.1125664068240215 4405
0.1675482572880018 0.309797487066961 4406
2.113594177371181 0.3392503832207087 4407
1.781094144405907 0.1322481254341921 4408
0.7916664048504487 0.1935658087405862 4409
1.022070055191977 0.1427561278203155 4410
2.721879791253142 0.06955821782573274 4411
2.139195208909955 0.3079722965256462 4412
1.810660435724032 0.2718965615615867 4413
0.6255619772758075 0.1484370342533796 4414
1.005002583008293 0.1532158423221796 4415
2.126562796111152 0.2965896051202375 4416
2.951061305625582 0.08550884532565446 4417
1.468905646142155 0.1054346699636071 4418
1.009175595393752 0.06886715634584969 4419
2.09991862316886 0.07416075833758051 4420
1.915860507938482 0.2374000003645149 4421
2.575604377263271 0.01056858404099164 4422
0.0855439203807834 0.2969398013728097 4423
1.844285520948458 0.05604603227599275 4424
1.41137803408718 0.1247919544854607 4425
1.184847808477375 0.1874588284544974 4426
1.476643054847646 0.1925153087395508 4427
2.152034278299229 0.2055985549333533 4428
3.100964455559647 0.1624603265880408 4429
1.359141048586156 0.2145938361386373 4430
3.202455366357805 0.0646018964991726 4431
2.434844330944907 0.01151770836943322 4432
0.9203531666769097 0.02824749297816481 4433
1.289575368335369 0.1821568520714181 4434
1.037813005069595 0.2173139422620181 4435
1.466711394128582 0.2557407403868588 4436
0.07970367053662697 0.1592918650048698 4437
1.837181224924697 0.0746460930371715 4438
2.240671902548131 0.445707618825705 4439
1.660427973369593 0.2302135109913471 4440
1.403994426338328 0.2496585698841987 4441
1.631585054342806 0.5978584713888282 4442
1.500647008502917 0.08805428868445377 4443
0.7986305830711461 0.6019084915799404 4444
3.050725772639288 0.2076986687404403 4445
1.474999999994791 0.01094251984267125 4446
-0.3678702953714613 0.1663223841718292 4447
1.591659883909682 0.5952492956510254 4448
0.7047226439497991 0.04568956935261056 4449
0.7761379958783314 0.1683547062077138 4450
3.351554297358384 0.3283157170965762 4451
1.16516780247237 0.06651676402069416 4452
1.959023017928981 0.2142115704243848 4453
1.070694331241271 0.0263695453333579 4454
0.1116959444864472 0.1799627142629101 4455
0.5174371671039054 0.482494069111261 4456
2.384312387961088 0.3198427901521371 4457
1.917396797220004 0.1008259057936089 4458
-0.324827577411222 0.01156123433882307 4459
2.408519493914836 0.3103889112383417 4460
1.532304894139529 0.1615531649360935 4461
1.465355692788214 0.2134373488305323 4462
0.6910728599390575 0.1017521501561896 4463
1.383681067587508 0.1830295599237841 4464
1.972354000561192 0.07666429974009478 4465
0.1356571841308959 0.2069606982464363 4466
2.33160780897961 0.3295134850524403 4467
0.6634454070805941 0.1317902526782511 4468
0.09171180379592336 0.1162857619790708 4469
1.479160652545738 0.1027178476986746 4470
2.198642228036021 0.1955271571768398 4471
0.09453654166975044 0.1976431140382602 4472
1.002499804385762 0.1765524166870908 4473
1.644357963554446 0.1294277688130613 4474
2.248351957242285 0.04135560963813257 4475
-0.4409228942464079 0.380888186853624 4476
1.92532222689263 0.04301224125243629 4477
2.217928142857236 0.07747299878981485 4478
2.197550547694924 0.09267949515166163 4479
1.565419748536454 0.142895600763866 4480
0.06144383561944297 0.1740223023565128 4481
1.798972335696088 0.235861124643698 4482
2.162202205001911 0.5419276910089882 4483
1.803612608756669 0.2534731527365329 4484
-0.297436871327569 0.2350402440047671 4485
1.531100034406579 0.06408948900028699 4486
1.271380817873636 0.1999588902898176 4487
1.637301922799231 0.04029227633509967 4488
1.747485032742351 0.2135813113139205 4489
1.064240114151199 0.11455010665315 4490
1.685342419169802 0.05335619299355325 4491
0.09039342188471162 0.317184469134725 4492
-0.01662850638162307 0.01206641495803918 4493
1.71535677317657 0.01091377275247942 4494
0.5767335371071731 0.4925775671737826 4495
2.128990047031308 0.06639653752715183 4496
2.46635882275538 0.04002178415340518 4497
0.752383383415427 0.1007165085129288 4498
1.336865694292816 0.2049839812300558 4499
0.87271157119512 0.07709059521272756 4500
1.016566004278038 0.1149482537424046 4501
1.500471929062756 0.1720856890664607 4502
3.300152613935768 0.03560968821114496 4503
1.922552734112877 0.06056164266127051 4504
1.187856158757149 0.1300723546423307 4505
1.202541235017921 0.01235102258745539 4506
2.244782265779341 0.3662368284261408 4507
0.6168176386102403 0.09606495404329943 4508
2.292449894756121 0.1858393917371431 4509
0.05603470824016563 0.06012508001874681 4510
1.216603490759871 0.0755687374481602 4511
1.437052659301477 0.1852479850512321 4512
0.03219544772816663 0.2753859578836132 4513
-0.05346434743472631 0.1726295882498847 4514
3.148636047570796 0.0365865012615432 4515
2.218080680855432 0.09805016463790357 4516
1.362107186234232 0.04137077299156393 4517
0.6581246710703003 0.5045001112087572 4518
2.6102779453245 0.2096447920770256 4519
1.48390716889215 0.1435853989502374 4520
1.65236244557172 0.1080135903032963 4521
-0.3289840388389568 0.1315027574456992 4522
1.813083530826227 0.2157747171317019 4523
0.2501856183752584 0.03801473522620944 4524
1.315675503048191 0.1848741095247998 4525
1.531676528502134 0.04577567194449465 4526
2.393680374426336 0.1172112103113066 4527
0.02060457152541054 0.02910042584432505 4528
1.572010129542305 0.1270820628249664 4529
-0.247548073859031 0.0482193730170886 4530
2.539831442181518 0.04507217231676294 4531
1.264906299477405 0.0750078930540405 4532
0.4772969026984514 0.5714932001841101 4533
2.059075367028359 0.1997473683666715 4534
-0.3703033102606192 0.0345240568344105 4535
3.405496685540879 0.010729862644332 4536
0.918546665824848 0.09452738865608641 4537
2.694999999997876 0.01198008556144547 4538
0.07460391559811733 0.3015323852296311 4539
1.825098613399394 0.1879809734068108 4540
2.349746389591918 0.3244169531405295 4541
2.660618289762354 0.03475312662828284 4542
1.361358325007585 0.06666358021757805 4543
2.4552056078519 0.1801892774681111 4544
2.869742562572494 0.03714136090007596 4545
1.854050416852761 0.1554568815379387 4546
0.9914044650484612 0.1206613156448171 4547
-0.03847901751487594 0.2026568015064699 4548
0.5329614702256814 0.04247285525279761 4549
-0.4457156702967449 0.4780938664332332 4550
0.7826028455534209 0.05250983902803275 4551
0.6983744283156721 0.1481607201568728 4552
0.1846663732137682 0.1378811635935225 4553
1.909420542280991 0.07775245799011479 4554
1.631942714094237 0.2346620591252325 4555
2.444548518949313 0.1013098369439809 4556
0.9195654530565331 0.6289031498150004 4557
1.598285101088566 0.02689582585640184 4558
1.79335099969682 0.1148970281645345 4559
-0.1033592040345982 0.2995387023170544 4560
0.9148078655193762 0.05245743403972983 4561
1.678838423586245 0.1636369001301464 4562
1.606184277225884 0.240583525823534 4563
1.331635432617646 0.2253242529065407 4564
0.7733232747247215 0.07339934744883143 4565
3.314612938064476 0.01136759134339759 4566
1.12158211096738 0.1170092722878332 4567
1.808755939170142 0.116248217326887 4568
1.413629113403068 0.00926341600480054 4569
2.089163649134604 0.01215516553497037 4570
1.172229065138759 0.2281631959769725 4571
0.3972957184736035 0.05786032851111937 4572
0.5502932848367791 0.03469379876887116 4573
0.4020528082570996 0.01072329947894775 4574
2.105082952173207 0.05348113600551117 4575
1.672183099547463 0.6002165485824915 4576
1.635967759854384 0.1053530400977194 4577
0.537327743482539 0.06938069328295085 4578
0.5654454656795694 0.02831908525139926 4579
0.8617891788020081 0.06392743418408486 4580
0.8966341899814965 0.1688367390687145 4581
1.789187740671801 0.01238609155814125 4582
2.515855069979578 0.3319086237333132 4583
2.373194380020736 0.04068389823892435 4584
2.677751254710238 0.2978094356896621 4585
1.506439611658819 0.1455198374138354 4586
1.499657580345829 0.1915482613023744 4587
1.485298151361385 0.1264720831450844 4588
0.8938686479304525 0.1864203500537048 4589
3.064999999998836 0.01166006030942387 4590
2.240962259109791 0.2910046502045317 4591
2.754974295607379 0.01200257176080004 4592
1.350605514570647 0.09004950814400428 4593
0.8326591762013541 0.177349263585221 4594
1.182448638448987 0.0124404088556575 4595
-0.3573805705663923 0.09071637759602372 4596
1.88615991526021 0.2217735139197144 4597
0.8508113239447164 0.04668638559756717 4598
1.46464539308597 0.1629438435933022 4599
2.182989397186661 0.1044986543356248 4600
2.51490290189103 0.0108514285178504 4601
0.4583362543941938 0.4997297343833086 4602
1.543177364239491 0.2336774932046985 4603
1.34577832422911 0.03358560756592607 4604
2.213982803205975 0.1773488212213962 4605
0.979153998519535 0.164070614672241 4606
0.1763779108222042 0.3217065691837398 4607
0.5985212536874865 0.01303598701725519 4608
2.203985021706099 0.2831602034086668 4609
0.9927105336803269 0.1970524544233992 4610
1.054885304254815 0.5475828666631797 4611
0.07556645801298914 0.1015939743265173 4612
1.553670935274338 0.1766627653662661 4613
0.009079490166149827 0.07460282636731269 4614
0.4863068256771702 0.08388014774158842 4615
0.9836399235891499 0.1449240377231263 4616
0.9988193122495522 0.1348992329143133 4617
0.1353659818503664 0.2306605969420499 4618
0.8808922047752203 0.1131492370126203 4619
2.219424132343209 0.196301627934758 4620
0.1437344494546427 0.2801239808878225 4621
1.816035322382408 0.2343358384299824 4622
0.9099719681059797 0.1631317636680426 4623
2.186331505891359 0.2926589491068712 4624
1.653256993527365 0.2668689269653974 4625
0.05532629753634744 0.0926692561505123 4626
1.671104042489751 0.1845104917228516 4627
3.180932792593719 0.0379373200345532 4628
2.17532174889321 0.08703713048809646 4629
2.207854652664198 0.2117037808764608 4630
1.989415919865233 0.2407452357973757 4631
0.2141433443247368 0.32516300423373 4632
2.904996465141785 0.008756572035114651 4633
0.8872436860853354 0.04469973831793913 4634
1.638788810950707 0.2190704962663762 4635
2.024043003537342 0.1093997836448326 4636
2.312144265090032 0.01167917199723638 4637
0.1195022687472709 0.08316276908698109 4638
2.136597901368118 0.2746121688290647 4639
1.771060163239725 0.2025304597744522 4640
1.104588169348691 0.5521211924036976 4641
1.0426109901945 0.08558008029579771 4642
2.117402780372057 0.2123042508730069 4643
1.735933241981116 0.0115285131220064 4644
1.735428820674414 0.1814734997950785 4645
-0.2954585561829439 0.5231438910399535 4646
1.19617878108362 0.05053412112800975 4647
0.08147813371683595 0.189761725232218 4648
2.363437770434462 0.1231865818835396 4649
1.571455540719403 0.1642223209847711 4650
2.854618990172877 0.1922037302632203 4651
1.137418063444184 0.1263691893523211 4652
0.5574011893642405 0.05251036248987882 4653
2.585205464820044 0.03564532885721899 4654
2.290233403152087 0.2073572432477651 4655
1.063489409892984 0.09292510307905705 4656
2.358957368759287 0.1748077786255148 4657
0.5792449170748721 0.05998440538356896 4658
-0.02211945488687889 0.5237324988736399 4659
1.408456024734075 0.02687149794672019 4660
0.1173893163716482 0.3232946460623909 4661
-0.2248456442207843 0.06607990815421184 4662
1.810309956045787 0.1402676579053216 4663
0.9039046584660088 0.1457983856259814 4664
2.593333273631316 0.1581283123755723 4665
1.727746289143266 0.1156442193978316 4666
1.985515197243634 0.1617657259957735 4667
-0.418865850487401 0.1395443644330377 4668
2.063234467771403 0.2452856400262087 4669
2.250317374921947 0.3059933138596875 4670
1.878594309576586 0.1266505502859844 4671
1.019420853815749 0.08781601632768561 4672
2.473641795577501 0.382738242144426 4673
3.271184453464077 0.03838799703539934 4674
2.159578791181539 0.08163100238757764 4675
1.610745779905439 0.198586130668316 4676
1.311783329967142 0.220805963512034 4677
2.189662328206027 0.3594136053131853 4678
2.189015421246041 0.2157352871609203 4679
-0.3954019393956908 0.1719117825375768 4680
2.347018090805858 0.37579440315198 4681
-0.1188173787931433 0.1467355323829488 4682
1.554123258968632 0.09544680998243789 4683
2.436433785903748 0.2921598245098195 4684
1.210057898354744 0.2156397227863152 4685
1.72546067165055 0.1342759545396967 4686
1.021674627236009 0.01261276427368095 4687
2.026729422758122 0.1578195754042397 4688
2.34371456409853 0.06780291251736209 4689
1.444663156621929 0.1983853186163151 4690
0.09983706381662125 0.1584891693206286 4691
1.949444487883312 0.0267933514035472 4692
3.310304948577847 0.06137875363027109 4693
2.19427138819857 0.2531729683684557 4694
0.4320534344571715 0.09392209409268217 4695
-0.4625996270273388 0.03241244387973159 4696
3.262507055998367 0.01278736674485694 4697
2.880763640710476 0.1028634974694686 4698
0.812003926892812 0.1766953485698395 4699
0.9128829906952167 0.0862477385843404 4700
1.974282305723307 0.2281325073210344 4701
2.275249839471966 0.4323254534136081 4702
0.7372054605053165 0.02963050018659203 4703
1.153619731405585 0.554992623978761 4704
1.306863386312314 0.09923943449245738 4705
0.03644174619729193 0.06164066353549714 4706
2.103881917602875 0.1397434573287388 4707
2.153643282213902 0.2597488219372919 4708
2.047949795494123 0.3206203534959584 4709
0.905414582323269 0.03094842910496992 4710
2.535206914343189 0.01063684270361132 4711
2.767587257392311 0.4037888565522683 4712
2.737809948307611 0.1780950387322681 4713
0.4242616495503421 0.1116858552610113 4714
0.2868401479685892 0.4434326680641376 4715
1.988131372421911 0.09411847314367632 4716
0.4175683765536649 0.04650695518004691 4717
2.25229255992982 0.2198729646141998 4718
1.998304029435049 0.01197929683881661 4719
2.240244445668271 0.1046037626457961 4720
1.070592215986617 0.1832801662853242 4721
2.307430487688291 0.08556046775505338 4722
1.54510561168383 0.1553646194841155 4723
-0.4872749552894798 0.02637923175586297 4724
2.51732301923681 0.07698142619592335 4725
2.740504130809895 0.2667368018101361 4726
1.336626437531015 0.2438817062941902 4727
-0.4500897587558201 0.03290696316732013 4728
1.949313674416367 0.08251242088285357 4729
2.49503761234664 0.01172020712334918 4730
0.3963825085167072 0.448393478780707 4731
2.161447185466069 0.1142942632860409 4732
0.4733678959545413 0.5316538796269941 4733
2.01784321940243 0.05388115519378418 4734
2.17605503521066 0.01113916939369653 4735
1.213968916167306 0.1568470388479859 4736
1.19443887593404 0.15898858152037 4737
3.329948486864577 0.03448148744847373 4738
1.13245223364609 0.1178274920203898 4739
0.05104146675220831 0.2070087749031727 4740
1.145042242478967 0.04739660398290656 4741
0.635653594081572 0.1530927825576564 4742
1.029825563107829 0.1252833857259781 4743
1.243568116777594 0.1015862247396446 4744
2.271927386889153 0.09730289012645188 4745
2.909917999919078 0.1564782670826139 4746
1.921045454923638 0.2864443353371982 4747
1.451537698753278 0.140233599649808 4748
1.20332572028453 0.5595337572485704 4749
1.444541294514552 0.1575151188874314 4750
1.292138671129232 0.1343962838274745 4751
1.659292728319628 0.09157248194282265 4752
2.080941134152809 0.0899064834059054 4753
0.3433675016946084 0.02882642025417525 4754
2.148286108488156 0.1671360859362808 4755
0.4184728800334874 0.02756170967119375 4756
2.371648883468795 0.1946455333467055 4757
1.179149018903382 0.05085458976366444 4758
2.190151464248101 0.2703229025316614 4759
3.45701140680942 0.3588253861696596 4760
-0.3967801126344733 0.0937214473392228 4761
2.183080771565994 0.2484861666086459 4762
2.818374229002306 0.3077162197841901 4763
2.323542212819641 0.4086576467811064 4764
2.801205260716364 0.06700938453868101 4765
0.7135423157094316 0.1650892381628828 4766
2.939839127333502 0.03502851493151919 4767
1.52879374835107 0.09901096830150197 4768
0.100567337499835 0.1358256931625066 4769
1.319679236442799 0.03143559830970973 4770
2.554934739524521 0.01101555521430318 4771
-0.02549960698863437 0.0354602225110899 4772
2.258065784834745 0.1367275099980031 4773
1.360686969443391 0.1243249435487039 4774
0.7163174158648771 0.5084326993544793 4775
1.735938784872982 0.6028333853190746 4776
0.8291441185214032 0.1502046325751074 4777
0.9022395173318321 0.06888673523535233 4778
0.8377394779591913 0.1412062196677482 4779
0.3883939906680655 0.6738847509960398 4780
2.010097460925618 0.02654759425900367 4781
1.503683241533532 0.04030219459991163 4782
0.7530537848196038 0.06541526008392803 4783
1.819710839030895 0.08974344686078201 4784
2.451888124779022 0.1235922312052017 4785
3.403577419509257 0.06080141147983546 4786
2.245202308967587 0.00948756976307287 4787
0.2582705583266988 0.01135326856834476 4788
0.4709811259014117 0.05876205166692911 4789
1.041686012624778 0.1424105633377991 4790
2.654822428935558 0.07807306312247825 4791
1.709454088396837 0.6026360311355194 4792
0.4783974959730698 0.4715795322461044 4793
-0.1134510787416422 0.02793441317338885 4794
2.0217152550198 0.2552606257342179 4795
0.07742618346316482 0.05793751423844536 4796
2.207659645088871 0.1558140924197438 4797
0.8467493659545796 0.1613386087198607 4798
0.06004317453833682 0.1268346565479826 4799
1.213145044275167 0.1958462741638603 4800
1.586822261467868 0.2051860588534909 4801
2.099400933770042 0.2573923193229376 4802
1.229404905271454 0.2203144437914208 4803
0.01980627284230037 0.2960765075919853 4804
-0.002477767832246076 0.1897289807799344 4805
0.133500865891421 0.05163443135844582 4806
2.155353518044089 0.1475788912973059 4807
0.5504929131839416 0.07564860609619954 4808
1.277025522645042 0.2194608102912271 4809
2.008427123563074 0.1745382184327755 4810
2.264657391266418 0.4691587568824379 4811
2.290191449128252 0.468487987532932 4812
0.9610037181594056 0.02518997729477592 4813
0.1084451974608925 0.08808501981063963 4814
2.283804986474995 0.2636878743280402 4815
1.253067922865108 0.5640833684636473 4816
2.386642677062473 0.1649935937021467 4817
1.864956972800848 0.2618602448066308 4818
1.400620771807932 0.06150192631347406 4819
1.780418129808523 0.2247068313517607 4820
1.86869137607596 0.05041672320341199 4821
0.1145806715794458 0.105859582334075 4822
0.1329688613304044 0.1135500433676743 4823
1.957455611627598 0.2798783412823468 4824
1.879098239257073 0.1037875796158753 4825
2.159440549264626 0.2950940615460706 4826
0.07403079917068074 0.1127786174324153 4827
2.156789497349263 0.05933703400657392 4828
1.099562619099959 0.1276690058768102 4829
1.459862093153783 0.1842602179679586 4830
2.356827889934143 0.2693796004041802 4831
2.292444567068016 0.2439817837671126 4832
0.141696365066325 0.1329129169172037 4833
-0.1483399700506562 0.2140831866207014 4834
3.004698091233303 0.01210360976259659 4835
2.98509414458177 0.01142329878479205 4836
0.4648169669265316 0.6785948859093788 4837
0.5688354072095805 0.1045283284225758 4838
1.633271321022027 0.09547052976252965 4839
1.086997109068877 0.01105359883347675 4840
0.9526705423392682 0.1943286429763899 4841
2.167972998659674 0.06562980274060531 4842
0.7893299571877781 0.04431183764431418 4843
0.08833642346350914 0.09737232309844913 4844
-0.3837885923218791 0.369719235844962 4845
0.1689038320332678 0.1211682251502695 4846
3.202810659908666 0.03047953324362093 4847
2.155912070675242 0.009930583926012254 4848
1.347857991073223 0.184057095767501 4849
2.205993143289402 0.137326367537271 4850
1.466010005656471 0.02617063450321096 4851
2.267328207832287 0.6392849056339696 4852
2.199086025996862 0.6649995082836532 4853
0.8421392583794296 0.06811141069768267 4854
1.982091186612237 0.1840988367230904 4855
2.411296367445125 0.06544068936280611 4856
1.302854942053427 0.5684851769246851 4857
2.164677848389949 0.1844143642588901 4858
2.304972791526254 0.2506185779426748 4859
2.275536418558735 0.009877643403674728 4860
2.033516890682745 0.1390590613556832 4861
1.680054803741784 0.232039411530805 4862
2.439403937309558 0.04843976883440424 4863
0.7753199203842837 0.1104078841344867 4864
1.067133690168456 0.01105579939890843 4865
3.472820916715795 0.1619414548025817 4866
-0.02185764511549583 0.2434173867106039 4867
0.601617267391769 0.0384197302426033 4868
2.325956718073177 0.3511783684379328 4869
0.05364195471033304 0.1116121346700505 4870
0.1904695597316761 0.3249545131279458 4871
0.9424533694186995 0.09326583093648383 4872
1.960301945766582 0.1067999533726932 4873
-0.08467971112660191 0.009966275090364617 4874
1.01029100189514 0.6230338949587537 4875
1.019706379262692 0.6639147375891331 4876
0.7759153199344937 0.5155280627180566 4877
0.05540465655882924 0.2939820020756769 4878
-0.1695886118951931 0.06810119976266653 4879
1.772917017909373 0.1113207428265954 4880
0.6735038897891074 0.1179917140206762 4881
0.9332446074028536 0.1089247235018495 4882
1.700843742646466 0.1544862755351989 4883
0.05147131823432392 0.01096068293371598 4884
1.23981475266865 0.03975123850458423 4885
-0.443555063447657 0.07875686522623276 4886
2.005612899324973 0.2451563980715165 4887
1.976889424479932 0.280956453417011 4888
1.346462581342786 0.01081975473629743 4889
2.304134442422296 0.3009110991706098 4890
0.6725518180097056 0.05072495992592282 4891
3.016162126580217 0.1077007876741054 4892
1.262818279258259 0.1132899350798426 4893
1.08925164913994 0.1101520225091259 4894
0.8927596802271746 0.131626918449003 4895
3.345170043693337 0.2175333655287832 4896
2.639854570453905 0.04682405943836805 4897
-0.2180928037295845 0.1945120682835059 4898
2.406406731499509 0.1060772563659972 4899
1.401482308682144 0.04385161808821287 4900
2.585059686458787 0.08533557915750806 4901
2.819327089535686 0.4009411728896846 4902
-0.1764318099013638 0.1745198898132798 4903
-0.005848533749482664 0.05148351699463145 4904
2.131833765324028 0.3289671152541042 4905
1.279200217391446 0.2390031326898982 4906
2.0849092167812 0.1791445914882015 4907
0.6966826250020679 0.1111565728154479 4908
1.431573407143322 0.1205941990085475 4909
0.6020222879283128 0.05693165888679923 4910
2.892283456944568 0.02753717625533218 4911
2.374053734451225 0.1344654260951047 4912
0.00998139156257075 0.03948742134010469 4913
3.233884046239773 0.1494508755134229 4914
2.149470612955855 0.1232817855543933 4915
-0.2016741802747086 0.07073869066805891 4916
1.658653892545187 0.01402503816697421 4917
1.925272823466293 0.1207802817130472 4918
2.067788938967188 0.07091968847462077 4919
1.517114577913054 0.2589821513027368 4920
1.240452102055057 0.06457882772719155 4921
1.577963050932879 0.09420399820041965 4922
2.786438735495717 0.1410025849379425 4923
1.572291303576069 0.1020313513699788 4924
1.597935306521906 0.1487267612050262 4925
0.7479460070017222 0.01114448424760736 4926
1.68966850130186 0.1496908850449852 4927
1.698807290752058 0.05859243853767165 4928
1.791033051298468 0.2706728382212862 4929
1.943266274722764 0.5573469410030851 4930
1.851985369496837 0.01151852912045194 4931
1.576363551556446 0.1800481860404926 4932
1.901304221966536 0.09837270298146003 4933
2.063150405649483 0.03014280280765653 4934
3.062322468564821 0.0967319326362986 4935
1.76911698102885 0.2419555077081662 4936
0.9657710280742556 0.1220672953945433 4937
0.9342268428252176 0.08147269034323151 4938
2.261499289013849 0.0948774851933515 4939
0.8195417714357132 0.02821525592752007 4940
2.468088417679243 0.2595049981806616 4941
2.154617895587732 0.4709198306377436 4942
2.32905863110347 0.2572222784163282 4943
0.6383222178814347 0.08725903756663357 4944
2.36476370971741 0.009912762022202645 4945
2.42185005111267 0.1114449282820448 4946
1.94006418289069 0.2041182333123531 4947
0.1224273271165958 0.1429602583918792 4948
0.2298722372551024 0.3371528113445259 4949
1.290681299218925 0.01168802417507138 4950
2.933475749743014 0.09966184175466516 4951
0.1905266841854569 0.30341241317503 4952
1.29935678008544 0.1782226670825995 4953
1.05572062339142 0.1319767547431779 4954
1.665552202217492 0.2488310920566358 4955
0.5892087310359539 0.5225086426197437 4956
1.924597959850232 0.2720781935053999 4957
2.16552102717089 0.2463053477729349 4958
2.182742023010315 0.1868770984138961 4959
2.282687388006765 0.3688280317587563 4960
2.143114665142161 0.02871039217537743 4961
1.223966408524267 0.03208987815076566 4962
1.28152892711711 0.1651396612561404 4963
0.6206432474324804 0.1178859954617381 4964
0.08858031352108167 0.1519983317529376 4965
1.698835882909026 0.07585562264260415 4966
1.739423627347345 0.1587474091512132 4967
1.340075322257967 0.1163581235434679 4968
-0.2679657160231592 0.03385559872554458 4969
1.828959782655245 0.1518644788938078 4970
2.100224098471349 0.18206018573505 4971
1.525906503933679 0.0109396382203047 4972
0.1772313456606577 0.08678146130172629 4973
2.512925551647256 0.04716233407167997 4974
1.326322367190443 0.1245543132303285 4975
1.997785306745223 0.04375098244392149 4976
0.01871220243573527 0.05118970426103817 4977
0.7205955617044402 0.05991425502022167 4978
2.352282118074119 0.02769862089591897 4979
3.485893690233759 0.07597503224773769 4980
-0.05818172075817223 0.2153879215048685 4981
0.7272482000923191 0.05073790255276017 4982
-0.234541438443992 0.1233690738582102 4983
1.865890002339001 0.1711175922320423 4984
0.4547277375982476 0.1031584706406106 4985
0.8047053199903869 0.01061732398839873 4986
0.7978872338181429 0.6770827118295436 4987
0.6733957254409177 0.09242579642014609 4988
1.648356541793983 0.06124964506030187 4989
2.135846400593384 0.2138610359964378 4990
2.143402474279944 0.3482347964065776 4991
2.23157437382832 0.1187955648292099 4992
0.07774216736880475 0.1689326354128114 4993
1.935621344324749 0.2205680840088571 4994
2.857375525423679 0.08334116163287414 4995
0.08882393933181548 0.1391961901765232 4996
0.3293360456584817 0.4507395568770894 4997
0.7921084662222307 0.176874485344402 4998
2.395845888255028 0.01038226149747497 4999
0.07220973618439164 0.04879754065941318 5000
-0.3165280624691921 0.07529168851766466 5001
1.742097398455437 0.2433180631088141 5002
0.8713727265010773 0.05400741880329157 5003
0.3851724902932446 0.01098742856295973 5004
0.3794953358736453 0.05465228967255333 5005
2.177745575702357 0.04984364256591527 5006
0.9501511644339021 0.1717195026368871 5007
3.346066518596768 0.07705875641717311 5008
1.994419506791495 0.06091314599636637 5009
0.5291164669780374 0.0111660975513352 5010
0.3542818679821045 0.4239030112142409 5011
1.033494179832973 0.06701328340310837 5012
1.284402831137387 0.02606826885092073 5013
3.223432414049302 0.01348905932896174 5014
2.220025831073865 0.2326835551876509 5015
1.537119261779624 0.1914007353538097 5016
0.1753560626193069 0.02762985669859302 5017
0.8734295861391226 0.1561018381573806 5018
2.095361290159089 0.5458326042676385 5019
2.203066040221004 0.2473899774201015 5020
0.7950612263374339 0.1599699511214603 5021
1.898766580761028 0.1652195413357556 5022
0.9073306848893813 0.5777886617793868 5023
1.657249254729952 0.2202325045816 5024
0.753519199903909 0.02811864642739399 5025
-0.1316403452572737 0.3474670620891475 5026
2.276912796319945 0.07917917698897892 5027
1.224660745653496 0.1190283383773363 5028
2.124447248945541 0.4872112983633199 5029
2.170665496400886 0.02964378216036127 5030
2.166367901668619 0.2751428893237621 5031
1.563748268643683 0.08368967592983363 5032
1.664624701490494 0.07423251023836823 5033
1.538205707414312 0.09441368718698977 5034
0.6421298983922716 0.1381367593359019 5035
0.9054644054498238 0.2032182538923988 5036
2.138548309609803 0.01135734492133995 5037
2.065249507327581 0.1904304935898475 5038
2.096028113576752 0.2018613915418569 5039
0.1399948874314482 0.01104182099776091 5040
0.807046506547063 0.1548917866555889 5041
1.936130834870729 0.01047406010600457 5042
1.850818323210526 0.2183160888795416 5043
2.122182013869088 0.239730194402954 5044
1.54218032737079 0.1396378182019204 5045
0.8131621783561718 0.04968302019061228 5046
2.047173806901437 0.1438531632277256 5047
-0.2274723282110267 0.04110745454699791 5048
1.332132584759464 0.1765021589056796 5049
0.9988264385830308 0.08611175759821267 5050
1.369629858399079 0.08629783278073815 5051
1.786294591874613 0.06538145121853658 5052
0.7196178832020839 0.08621428163772843 5053
2.477757304455774 0.03143347398543871 5054
0.7526987186017111 0.1216456971182903 5055
0.8291975625967716 0.1090188823345543 5056
0.5613242771320671 0.01313879761763588 5057
1.975237643355373 0.2035868648967261 5058
-0.1547180051034346 0.01043392155061411 5059
0.6569482797762181 0.6817736604885286 5060
2.414652001458711 0.009520125428249666 5061
1.2249999999955 0.009948190831958397 5062
2.018518697210586 0.1846311405835081 5063
2.157556965081444 0.3117650217595432 5064
2.614847672658871 0.01061461716312318 5065
2.840257822119755 0.5219937758104556 5066
0.03810946502558252 0.3073609660018735 5067
1.459968625270088 0.08926767140840039 5068
0.1309432060729316 0.2669242908541019 5069
2.138751034765656 0.1102845018130218 5070
0.4031675221158538 0.03993599227753059 5071
0.4632523870714147 0.07329244463085327 5072
1.963194389643876 0.2977572540422074 5073
3.42276395819267 0.03270525331420115 5074
-0.1323577496588929 0.3128260836332863 5075
-0.417480643934825 0.5802560119185589 5076
2.952553754757888 0.2113464946915906 5077
0.5798865905565437 0.01108642485913448 5078
2.095989258306527 0.4994225555911715 5079
0.1506561793633591 0.1669517677259794 5080
0.763010445020235 0.06053170894976948 5081
-0.1294871628162052 0.1305022152504818 5082
2.240096606021138 0.1295386357619293 5083
2.275433265867542 0.1083211405081017 5084
1.797605129577236 0.1575958042796534 5085
2.097040390062752 0.03637924824714144 5086
0.8158292926782187 0.5193152946735266 5087
1.424084312401876 0.1912104285601315 5088
0.1116856471350841 0.05136348602292283 5089
2.321557050866262 0.07338344845750067 5090
0.3982591419064027 0.02512834081770586 5091
2.635310597692663 0.01059521989113958 5092
1.751287561549216 0.1803970849359146 5093
1.261291042322078 0.1749287363866567 5094
2.490862187463191 0.06843384067312236 5095
1.264095951776591 0.1643435768504176 5096
1.987330282779168 0.07580132354475427 5097
2.374370029235545 0.4307541878031095 5098
1.717008248548925 0.02368155808899073 5099
0.04707168146465435 0.0285286340031125 5100
2.192291321405281 0.3268823493621074 5101
1.496681812113652 0.2290950411302377 5102
2.044810460152663 0.2570439773018257 5103
0.1864236598544692 0.1195281183076842 5104
2.120751980704211 0.02830465857196488 5105
2.435232430550137 0.0614622597984569 5106
2.232607910223509 0.02490122523469758 5107
1.197255616084292 0.02886708115996278 5108
2.233227387537101 0.1899061505902075 5109
0.3905824455267053 0.1077944167074784 5110
1.804964353100412 0.009667306978403163 5111
1.469889658007912 0.2308862054428545 5112
1.08417730365835 0.1490017117781902 5113
2.358441714090566 0.1531579210353065 5114
0.0672665999034385 0.1466229952683133 5115
2.631923444109525 0.1414616044117068 5116
1.096680846083952 0.1872764510269085 5117
1.168804047058507 0.1118153834975823 5118
2.268322034632389 0.1169345473479859 5119
1.179775153046888 0.1719654779874727 5120
1.190158727827213 0.168749473691177 5121
2.313164786447546 0.0374488080956798 5122
-0.2650727715348655 0.01026430727901092 5123
1.549866566718315 0.04958067747075504 5124
0.03412201007558034 0.00971686827973587 5125
2.03016693397021 0.268407258219963 5126
1.910250020562899 0.2661315770237261 5127
2.157668045821119 0.2215747004544957 5128
2.013089356225055 0.3125857979723969 5129
0.9982658747368293 0.1136683880776576 5130
0.9487513675545401 0.209131973284435 5131
1.621295558211305 0.2111581953489048 5132
1.276443489606269 0.0588151726302205 5133
2.294356320497832 0.009575318448565294 5134
2.046734131037075 0.07644251286834687 5135
1.320799258202411 0.08718396233997318 5136
0.9321597881205314 0.1603444782662592 5137
2.084814534389452 0.3142203570571542 5138
0.1481722742287195 0.2596902094900514 5139
1.188501755191767 0.2126419143830725 5140
1.800345153387306 0.1362081076113578 5141
1.238884601290916 0.1189118362472136 5142
-0.03574250514195365 0.09972249011294282 5143
3.43034497582476 0.06642223850513962 5144
1.505451582427035 0.2124398648530454 5145
1.446670432749044 0.1250978168635225 5146
1.838341633893777 0.08566647685540472 5147
2.496239817868231 0.02579933499474167 5148
1.788498113735726 0.02526733766034634 5149
0.7273649338128785 0.06986936189168529 5150
2.066686280833041 0.5083027777881609 5151
0.7258775470678148 0.108977147169187 5152
-0.1212923115646145 0.01209324925654888 5153
1.953495683030391 0.149904782768756 5154
2.638419732048813 0.06725456282305176 5155
0.1359211699955081 0.161082252713152 5156
2.22427411874255 0.1389868291649274 5157
1.033127774131417 0.1022102617973524 5158
2.611034656052165 0.0509600358460702 5159
1.124466660552679 0.6371808934341952 5160
-0.1656009948414325 0.04018789388860741 5161
0.5049999999976021 0.009775390205737835 5162
0.8047138270147671 0.03007455282355342 5163
0.9948940430065557 0.2127262954714643 5164
1.117324624609843 0.1964839778710204 5165
2.278417623110983 0.3325161057505744 5166
-0.09797492506284612 0.3628816416331628 5167
1.10416270773182 0.07075653727336853 5168
-0.3600404938612132 0.0458840956157542 5169
-0.0714990667833561 0.03890051441768064 5170
2.517083984591852 0.03252237777282166 5171
1.850280578563928 0.1777626108675109 5172
1.394069779994447 0.2163573344953354 5173
0.2051206304191927 0.3167269659684926 5174
1.320743263442635 0.1629293924876846 5175
2.60987600560446 0.06677068523809709 5176
-0.09772456247603725 0.09298236186321325 5177
1.80589298912236 0.07728405828986036 5178
1.726700406882307 0.04870601605855188 5179
2.193298064296274 0.120938713017835 5180
0.05509220759824759 0.04917582650629417 5181
-0.175036111684296 0.01017150676939177 5182
-0.127004564704922 0.1868803614874843 5183
3.049682119171143 0.03569096095022756 5184
1.639237639987801 0.1991575418822802 5185
2.187640963699103 0.1536002861756188 5186
1.528545698881617 0.07494845200154251 5187
1.869893242968089 0.01129423592998997 5188
2.178017655943107 0.2998899063134363 5189
2.228582409536886 0.07864914884772284 5190
2.05382839578651 0.00943111261668308 5191
1.718507775330659 0.1551671971068131 5192
2.239309436334863 0.3370312794215642 5193
0.9760287311096593 0.009586937362420379 5194
3.256079720768682 0.07211385752678659 5195
0.8090543139232713 0.1279711033520628 5196
3.216473841246169 0.2522610587879051 5197
-0.09426186889066683 0.1684490986434685 5198
1.674400414452026 0.1024060921822204 5199
1.143393718427024 0.1655993016419199 5200
1.397600447073121 0.07299344640351782 5201
2.889497569227034 0.0628787534549734 5202
3.397697615110735 0.08432987219378667 5203
3.460883902647537 0.04595402261607545 5204
0.8480931612946542 0.1845454914021443 5205
2.02239638745989 0.2088620033178079 5206
1.995088796826801 0.5999455914044983 5207
1.990414262184479 0.674114578500101 5208
1.225352461617725 0.1764049495290029 5209
1.240294386622221 0.1446191620356851 5210
1.249392597844088 0.08426871710027722 5211
1.961533519966586 0.1797091277101416 5212
2.654600996703805 0.01066463083689004 5213
0.06594289589967438 0.2039231631552256 5214
1.3389708668166 0.0252404025127478 5215
1.655149178843083 0.2540476690237376 5216
1.123512273092206 0.03837224228847786 5217
1.165264847159485 0.02821662150793466 5218
1.793396598223039 0.2585105090925992 5219
0.7863198312841188 0.01027451659672369 5220
1.918882005436959 0.0854620254545124 5221
1.957446912692509 0.122573788752382 5222
2.035033825870744 0.009767446058233079 5223
0.6420935273304441 0.1594736566490473 5224
-0.2153772693188102 0.009399093662184183 5225
0.1537585360132945 0.1214453525952248 5226
1.277239096076534 0.0418339141825602 5227
3.370774891398835 0.4408226478381623 5228
2.079143129270441 0.1040067483374396 5229
2.245827921992718 0.2574232332914089 5230
-0.3834993195070364 0.03101912154818016 5231
3.32617869052425 0.08827238760291559 5232
2.263345813816643 0.3679096392301052 5233
1.217743192596354 0.2341339236082696 5234
0.2039606332567278 0.1295951353331822 5235
0.7962475033573133 0.1382209138233956 5236
1.400031918293929 0.2331708727784518 5237
2.433580282660352 0.1530974849081233 5238
0.4521240222163825 0.1212555274909694 5239
0.6553034283815153 0.08537377978381351 5240
0.1849975055785529 0.1026123514482733 5241
0.8506886615327361 0.1046933331973127 5242
2.217581897283099 0.04331853046655174 5243
2.069723427242858 0.3281319371100573 5244
2.038870155405524 0.5187821190829205 5245
3.01945368605011 0.300472942513941 5246
2.258921262145669 0.334328985796525 5247
0.7894293573778004 0.1073369124470434 5248
0.963803696266802 0.1012346388734863 5249
-0.3651623245903598 0.01060186931089657 5250
0.4195832475968045 0.4529361460468868 5251
1.277202989016344 0.1482543475281877 5252
1.287880718640623 0.1443583423496946 5253
2.53194589387132 0.03296254319151135 5254
2.799470584511905 0.1146910033197111 5255
0.9571435876843464 0.01027904860436878 5256
1.374271723828154 0.03874849831462862 5257
2.034474579739771 0.09186588864628328 5258
2.326509752149764 0.1199262584099146 5259
0.9747332966577514 0.5373468534802407 5260
2.594910734925723 0.01073417461121688 5261
2.344962384059809 0.0106592082103329 5262
2.964846830363663 0.01065143436477398 5263
1.981649359648093 0.04054164156382195 5264
0.856980354002393 0.02372276216557349 5265
0.1369710175261768 0.3655340104062798 5266
0.2377201899989448 0.1043834315514313 5267
1.386859635461643 0.2487582973450081 5268
2.069503514479896 0.01107824743640021 5269
2.231435115344542 0.04285781513843255 5270
3.370721973473902 0.05343231219226351 5271
1.992429213026002 0.2595452452357637 5272
2.115275227322909 0.04849018872439028 5273
2.316927524798717 0.3009677248974533 5274
0.6108374934737223 0.06153791083376814 5275
2.452167638866169 0.02922625821936291 5276
1.843496183044461 0.1356090836777332 5277
3.025117633244375 0.01093172745170522 5278
2.536626450385022 0.2194769331980449 5279
0.6931408320973222 0.06308023898413437 5280
3.044923209295881 0.01089525216983159 5281
1.442906270372796 0.09090611531066456 5282
1.093978569786219 0.205325799711743 5283
0.7120991041482029 0.0946040007351623 5284
2.121334936915845 0.1736388970035062 5285
1.42437761596454 0.1570837660865308 5286
2.134982627786167 0.05653266826230347 5287
2.14361951516652 0.3267200787923551 5288
1.120914205359841 0.1360716882815053 5289
0.902166993929026 0.1071440424282722 5290
2.771341197120341 0.08880250119798713 5291
-0.348425252972159 0.1993479931483966 5292
-0.05013586328690348 0.0113574852654852 5293
2.073122261915476 0.2648374447617948 5294
1.171088297568324 0.01151451121774688 5295
0.05165301372454387 0.2752824676354791 5296
1.395732287373219 0.009927421938622123 5297
1.16289154884888 0.2285079538228677 5298
0.1689534440854622 0.1068570121377624 5299
1.777431735460033 0.2533349785451593 5300
1.659167285819523 0.1151111495787676 5301
3.090627425304083 0.07213686420978295 5302
0.2095419301754983 0.3355171883795409 5303
1.718016271282789 0.2373829119824609 5304
1.123291731381496 0.06108265033170027 5305
0.6447788209371049 0.009671106571135693 5306
2.839698352420814 0.03178254426217191 5307
1.5848652010256 0.1124846750150255 5308
1.148024627179475 0.1096797564894726 5309
0.6945097396519693 0.1672365112155432 5310
0.7846115237646799 0.08984855012994782 5311
1.514051745772308 0.05845461643634967 5312
1.01454725619036 0.5408884982927228 5313
-0.01468436269091468 0.3338067321021137 5314
2.284104819110498 0.3137101962222573 5315
1.205641250297365 0.1232448987281016 5316
3.412932650656885 0.1703094123960056 5317
-0.2995260985260243 0.1338359730534293 5318
1.325135989603972 0.1516259057421024 5319
0.6256451457829239 0.1694336197381928 5320
1.047078841869128 0.1946469275266277 5321
1.072873158511016 0.2029611714940942 5322
2.834254594605994 0.1201129524935074 5323
0.1021706303472726 0.06943027464052566 5324
3.106453129497536 0.09628568711698096 5325
2.004342181627984 0.1974269250183286 5326
1.644104388062369 0.07735307262352006 5327
1.62497514845177 0.1356108182226141 5328
1.96740328338409 0.2457523604616421 5329
2.735503113126503 0.08714228710298093 5330
2.866994493446474 0.01189878240922581 5331
1.366104668376889 0.2200365915771644 5332
2.052234143113947 0.127276995114375 5333
2.312830308960546 0.3660235739760165 5334
2.518837475222114 0.4049057970098955 5335
1.405000709131753 0.1974885593486146 5336
1.595952005516464 0.05366715595376281 5337
1.437199261367352 0.1740261708237681 5338
0.1402608919744785 0.02868014074499109 5339
-0.3448919539874702 0.01013487397675946 5340
0.5836584120131618 0.08295311286170787 5341
1.160106398078942 0.08483710631690751 5342
1.903202435466502 0.209862372875782 5343
2.550594008843059 0.06819671041876163 5344
1.245965539671662 0.1749589791809532 5345
2.210333728721033 0.4503798382787668 5346
1.106709438344857 0.03108542344593125 5347
1.969493527131607 0.08787327813453367 5348
0.210362495219953 0.01091257180260813 5349
1.660823420643421 0.02436838721807489 5350
-0.2560981517198826 0.08238723874951746 5351
0.7067482890065752 0.07380223633757479 5352
2.861452084798253 0.3148308875168193 5353
1.903775667001309 0.2506386957130541 5354
2.06427140472035 0.2939847003519518 5355
2.417971331082853 0.08248133471485089 5356
2.424727109314821 0.1836497306598976 5357
3.418918965840805 0.5524040682538293 5358
2.192798905475688 0.3488606678267438 5359
2.945373377196127 0.01055553892725584 5360
1.415023495264225 0.2124731987598015 5361
2.095028513748427 0.3354734603787185 5362
0.06839309430344885 0.1321310094606895 5363
1.987855799759416 0.02509685825715349 5364
0.8655874422732852 0.5242687530779039 5365
3.488660803030245 0.01131843478358329 5366
-0.3747770183490127 0.06411935044281775 5367
1.211006242152111 0.168281256856502 5368
-0.1898192677719184 0.3009961742006128 5369
1.972316539955216 0.106073364731833 5370
2.207932964920985 0.3329302903967278 5371
0.08726407512929726 0.03893026522058208 5372
1.693079784236446 0.1332029819614344 5373
1.646038767418712 0.1586849343208997 5374
0.9775072332467247 0.05676407468737851 5375
0.113840440364042 0.2679792497957015 5376
2.356202944007288 0.06134425252448654 5377
1.511174895817592 0.1693878252235391 5378
3.0087275236941 0.07120102637062282 5379
2.047474275574636 0.0659961606283893 5380
-0.1718675717719554 0.2087407898586658 5381
1.097395891373274 0.2235826053676425 5382
0.06712445038613224 0.2919896959742537 5383
2.012169714613724 0.529014497529813 5384
0.1461554002750017 0.08482592811323035 5385
3.401428740612051 0.2397876824118359 5386
0.7159102819070439 0.03811763332505576 5387
0.8183719053640174 0.113257985567636 5388
0.6376533565132467 0.04288137732471202 5389
1.668741022577275 0.1498223529618327 5390
1.990069969612747 0.2698991922219205 5391
1.256579141428557 0.1316362610170124 5392
1.555951717416404 0.1915947514948504 5393
0.5560231010642877 0.08551237711446211 5394
0.538258519109746 0.09255025621642901 5395
-0.2937420093458386 0.0625279965143771 5396
1.97746828284104 0.5397736753625089 5397
2.235707701922164 0.1580362229832312 5398
1.120702059121206 0.09798143836025316 5399
0.480376689892985 0.07858403100332972 5400
1.287218263392632 0.2152079727505726 5401
3.284034951032353 0.523825271363655 5402
0.9167507236036883 0.01084021920017714 5403
2.172910179331821 0.3276612878901134 5404
0.9603007183721486 0.1771949706123915 5405
0.8098325455393429 0.1012890258808391 5406
3.08343060856853 0.2591070090022863 5407
0.8735902737003329 0.008716278111422508 5408
1.353649448479291 0.5698105608445625 5409
0.08851156243283552 0.08525104325422353 5410
0.1505198847535547 0.01079312973037728 5411
2.241641549122001 0.1676965839242138 5412
2.405222178586746 0.2579866218188788 5413
1.064481997336136 0.1402341269777687 5414
2.022458403741186 0.1217739809577863 5415
1.029989055171272 0.1473810346192164 5416
2.504252514187415 0.1292727953196758 5417
1.780606123608529 0.2059810344714293 5418
0.1977568166639926 0.08814411630768486 5419
2.15533472468981 0.09316800307516024 5420
1.735518119981044 0.05597479904581303 5421
0.6648030512222419 0.070741127773557 5422
1.929717943108163 0.02464990058788795 5423
1.054813495506579 0.09781241180048379 5424
1.957303804621148 0.09098368572059387 5425
1.365636275490039 0.1050801399277125 5426
1.825932551381381 0.2586311253653236 5427
1.22396810504518 0.6455239948331666 5428
2.442309839997086 0.2317772831179566 5429
1.828943954567493 0.1728493807481796 5430
2.026405318799894 0.07257725083051282 5431
2.269367487940309 0.1561639735044461 5432
0.6734460457731873 0.1782510019445017 5433
0.1070477594185586 0.09765471308484092 5434
0.6872891416355102 0.07921429427604819 5435
0.01747813202310044 0.3057799164995993 5436
0.6186293321725084 0.04363973786028923 5437
2.009576487192127 0.2728740799295264 5438
0.8028274894767027 0.1940181098150497 5439
0.171160868753529 0.3294531958569888 5440
0.153953297556057 0.3364415607116647 5441
0.139816471001038 0.3414503469070264 5442
-0.2521861887071588 0.1574597128315561 5443
0.6106541686198451 0.5474103946264095 5444
0.7775566574319621 0.1300637083594579 5445
2.390888409256914 0.03223849216306766 5446
-0.08236829694864284 0.5382232769400537 5447
-0.4006706829461692 0.07495102444897306 5448
0.7937803490305994 0.08046727533116596 5449
3.218762303504924 0.06952202305026389 5450
0.6907154525849856 0.01028586291020776 5451
1.683109957704224 0.2415297253153982 5452
2.270711831229546 0.05017192804525619 5453
1.577878759950345 0.05469708136156807 5454
0.08020289560652734 0.2123065600202415 5455
1.879607985523396 0.05734290265117392 5456
0.4231950604356961 0.5025382453078123 5457
1.699939125939983 0.1661343588507909 5458
2.828124258622004 0.07744716409123123 5459
1.27213058526519 0.09174767358911634 5460
1.435600739992225 0.07102438970840683 5461
1.886279717211512 0.008858049729678203 5462
0.4650798894606595 0.006915142447569894 5463
0.7328034473231586 0.09003294286679725 5464
1.41895288689895 0.04796800928809598 5465
1.614186360309889 0.1482951814457343 5466
1.297738866641914 0.08749343227812753 5467
-0.02901588136082993 0.01174773068984637 5468
1.393961027727632 0.1274160659751156 5469
2.695312835469088 0.07970055579530536 5470
1.741652652379036 0.1490790792702485 5471
2.174631925442055 0.4935630289435892 5472
-0.1294296825266484 0.0951835962101554 5473
2.394303415365306 0.1793191704192658 5474
3.184238692154822 0.01000786865482852 5475
3.211121099132164 0.01174380411818992 5476
0.8316310118885021 0.07758151329145685 5477
0.0114999357462383 0.1659493329427929 5478
0.009797065900558719 0.1786342984361121 5479
2.175295846963164 0.3583274146523038 5480
2.513659747744008 0.5765003963075368 5481
1.842694861020998 0.2584437271016484 5482
0.8514093877740656 0.08372665746747017 5483
-0.2470856057194915 0.06100163637873361 5484
0.02117475838169715 0.1723802389794693 5485
1.565581517949347 0.2636498772689449 5486
1.519455866784996 0.2468139560719521 5487
0.09236262101236414 0.3037564242689789 5488
0.09928438943381243 0.3200545000394535 5489
1.220495865676038 0.2131671077692869 5490
1.368328648811384 0.1846328075833382 5491
0.5227530107801026 0.1333511264894147 5492
1.158564206500347 0.05837429883826539 5493
2.037839538675954 0.2311931729448669 5494
0.7727923625150735 0.1481276572304638 5495
1.375182280766494 0.2041465603666183 5496
1.527988586912332 0.02315661873515222 5497
2.054955754800256 0.2745236618958563 5498
2.735924310826448 0.01011710960552795 5499
1.447733398720499 0.106657195268095 5500
0.6253132098309551 0.008752800579184544 5501
1.69826889759805 0.268894368434665 5502
2.122791266702293 0.1567025002935031 5503
1.631046683342597 0.1817879079252546 5504
2.755439060348933 0.05803253114458423 5505
0.8006156248001723 0.06488067116455543 5506
3.193966234148593 0.3788526993134694 5507
0.7904112446977213 0.02425395619834614 5508
0.3130145217789463 0.4615345832567571 5509
3.123110176821827 0.01154160725872863 5510
1.976866553632 0.09604638919210043 5511
3.106889823176198 0.01154160725865211 5512
0.04538137212909278 0.06582523481800848 5513
-0.1993065934470979 0.1191008585440095 5514
0.3589217110121254 0.4740495092264854 5515
2.796858907226089 0.01146837975787716 5516
3.424823184558952 0.01034087091904352 5517
2.149906374135678 0.2914179923203275 5518
3.140692442788594 0.5195539635279114 5519
1.008955215820355 0.1310632012558903 5520
-0.1898865623039797 0.5014669670175849 5521
0.9855253422736797 0.1792952913485063 5522
2.321750632452218 0.3147685372272493 5523
1.986855529359114 0.1165494609978097 5524
0.94708947699664 0.1610601211090765 5525
0.7099517488939032 0.145229939939682 5526
-0.4607272384741996 0.3145944734705749 5527
2.318366957942947 0.1513270539860437 5528
2.92836817141021 0.05715231933989111 5529
-0.3385722453738094 0.3096554787538738 5530
2.404825193612869 0.09222651514497512 5531
1.05457750215171 0.1087829853145472 5532
0.03174085860159757 0.6584719189606649 5533
0.7199976535532728 0.1333484069334711 5534
0.8605445885920791 0.2018493670389198 5535
0.3682076644432943 0.05197861883415595 5536
-0.2143366477581635 0.09562069416724023 5537
-0.3957978488439897 0.2210154646405662 5538
0.4751674873478077 0.02430051232837215 5539
1.103127405773907 0.09226977746502189 5540
2.225470082866197 0.009436505257558981 5541
1.673051771961801 0.2158201679537995 5542
0.3725426382783829 0.01058976296321497 5543
-0.1037037176655545 0.01033459287444469 5544
1.396345071912463 0.1085484219542592 5545
2.131416113168593 0.1744090748643622 5546
3.334879488325124 0.0105757105860145 5547
0.3640201566023324 0.1056468060068596 5548
0.1246947199930053 0.2857104389832302 5549
1.113538970649844 0.09040201461568244 5550
0.8294088741405758 0.1290531406883914 5551
-0.06593456000715903 0.009410423825121996 5552
1.384520618163596 0.05692094886027636 5553
0.6320454820433091 0.1077471269896348 5554
1.452391193106923 0.5790610766027385 5555
0.5481078140309705 0.4820944107064109 5556
0.1554380381447724 0.02487748744101005 5557
1.195167194870399 0.0684139606775734 5558
-0.4633907932345636 0.24906055025529 5559
1.029561830785403 0.1590157914930564 5560
2.277285084049243 0.02126763132166454 5561
1.708032702549062 0.2148610251201201 5562
0.06050000503710202 0.2248656479784115 5563
2.116449176631065 0.009389356416662857 5564
0.6845561002523386 0.1360407642384473 5565
0.384799983047646 0.04181097157397341 5566
1.217467026060194 0.02404973343263233 5567
2.224248976961855 0.2767006535293278 5568
1.081674633684483 0.02762691728594535 5569
-0.05454725137049857 0.1269135258407887 5570
0.5150089195360078 0.0246612430026864 5571
2.237811446562691 0.2292202560138735 5572
2.264585523721983 0.306577429560752 5573
2.281009558769863 0.3023270315037793 5574
2.307029919590507 0.1154075708367345 5575
1.159808466882346 0.1579686985744104 5576
1.829875539277278 0.1148358028551532 5577
2.040146458756813 0.5596246772025568 5578
2.062350448556617 0.5957316778524306 5579
1.073980820294882 0.1622231744673926 5580
2.291178787433208 0.07079119071437286 5581
2.575760200544543 0.02775123328628532 5582
0.9396650332904887 0.5349948834347391 5583
0.3866421122698486 0.0240433358402989 5584
2.268505896593703 0.1846230339990278 5585
2.179729232011593 0.1152205370540103 5586
1.824482828184181 0.07318088655968294 5587
2.017808626817235 0.2311839777749695 5588
2.211580781316173 0.2669231606863117 5589
1.495500961157125 0.1823627965854296 5590
0.7710307296440738 0.0524145434705653 5591
1.701293691891008 0.2016572819878832 5592
0.1089848880141281 0.3165928804332095 5593
3.27849052483167 0.1491388055494487 5594
2.316228875350203 0.3525952933484672 5595
0.9250216019361733 0.06439191621597889 5596
2.173369708240727 0.0987396363546859 5597
2.313936911952174 0.331347071964272 5598
2.302828841740781 0.06217980610652583 5599
2.3133052514121 0.3215533494965619 5600
1.923865844990935 0.5646494592291627 5601
2.468326079926676 0.3243919080016773 5602
2.650843958398585 0.2391429768933034 5603
0.8118467816085836 0.08069419237589193 5604
2.359023180509403 0.3707757747266052 5605
2.663831463494541 0.1188347613721173 5606
2.845554035248915 0.009992528853385342 5607
3.354482505398244 0.009868398207920823 5608
2.020941938383764 0.01128084664096325 5609
1.361047825924743 0.1510808112665226 5610
-0.05068772096443686 0.09914839523933373 5611
0.7517491104653893 0.1732788204287048 5612
-0.4080142962382978 0.03082593277513039 5613
1.786972845482806 0.0461065144035538 5614
0.6958830733606051 0.02596776270441302 5615
2.963234204902623 0.1333660101690648 5616
0.04670833395155151 0.1955182933816673 5617
2.314618708122332 0.09695931487090287 5618
2.030819059939214 0.3166888588974178 5619
1.912778810282983 0.1304293708805029 5620
1.732756701815035 0.02348995143077753 5621
0.08146479494552557 0.2781219455504444 5622
2.500243819224402 0.2433468170693094 5623
-0.4230863018960766 0.02983437723363044 5624
2.366380959014349 0.07910284074058695 5625
0.3125898575868298 0.6131277347805998 5626
1.108564962992982 0.1689739051975206 5627
2.773297199682852 0.0107524240755937 5628
1.645798837114537 0.02807440526515264 5629
3.22025543623428 0.03644249710858572 5630
0.5879381807489475 0.06867013016693961 5631
1.990321842087635 0.2115487342077367 5632
2.348720815640624 0.1780182876496655 5633
1.655214790610378 0.2034827148251887 5634
2.216086507871217 0.1082617240800728 5635
1.549584630265855 0.06803535550760977 5636
0.8211594450654134 0.06104487036880466 5637
0.4884336957832717 0.06432936196498321 5638
2.277850595897676 0.5420992385003202 5639
1.75220216241518 0.02362910855253784 5640
1.806254384701341 0.02721095429592176 5641
0.3731168199781321 0.4328084464908998 5642
3.083366538551626 0.01124052604599973 5643
2.434862239562187 0.02420079594344616 5644
0.1527730664307941 0.06601622145967039 5645
1.903936349707929 0.5723459403879345 5646
1.112995176531141 0.01182235189903606 5647
2.221060292350676 0.2430151463758466 5648
1.535252739072558 0.1186297842448445 5649
2.294001832393865 0.09229053607690621 5650
1.880797556087042 0.2331489622811088 5651
2.117288823886146 0.266424231641219 5652
0.7889089245858878 0.1271387930610882 5653
0.121174212972829 0.2372135205407975 5654
2.566962927303587 0.122838023157162 5655
1.011250464483014 0.04051824519879363 5656
1.34133839582435 0.2216260834594945 5657
-0.0137182578676529 0.02355197320616311 5658
2.298737446805459 0.1666299493210953 5659
2.252191610836547 0.1967534275313277 5660
0.5558759967840259 0.1407685362921748 5661
0.8536829168070423 0.009716943570036152 5662
-0.4058996468676279 0.6627003168263506 5663
0.5122225815211334 0.04399969240662208 5664
1.170590610012409 0.10291972399084 5665
1.250647157884494 0.03662778923200897 5666
1.160298320620035 0.09647264140023602 5667
1.011278850167285 0.05793036047676795 5668
2.148234784412081 0.06635392713774962 5669
2.905879255995216 0.5616988975288678 5670
-0.1691764177243305 0.1054672261519828 5671
2.240800142619257 0.1986422356717981 5672
1.966627651634302 0.1952894034026498 5673
0.3231226295925249 0.02733376705026571 5674
2.138779546164511 0.2446373382675361 5675
0.5213144906730981 0.03765959047479599 5676
3.122301809456489 0.0327716774372077 5677
0.5113229522167061 0.06983557758445112 5678
3.107906859086721 0.03177343292355646 5679
-0.07771648080808571 0.0576503637514595 5680
2.211383212589648 0.2292875397846501 5681
2.900009971773877 0.07697390677896487 5682
0.3621481021486402 0.5475898825185181 5683
2.340816335278145 0.3948602786544443 5684
0.8859469393538293 0.0237597994742304 5685
1.704923428448179 0.04134056532516343 5686
0.9110544665245931 0.5345787498960906 5687
0.9689904262990414 0.1616513341908564 5688
2.327681354369233 0.1982719899558014 5689
3.358616489713322 0.2836136101621285 5690
3.003771032445989 0.2427126480923363 5691
0.3512824642692551 0.04908136150331228 5692
2.467664277190861 0.09634273068817922 5693
1.70994589129106 0.2569164920143012 5694
3.160523143829383 0.1913581890517242 5695
0.6866410202267104 0.5026477368655278 5696
1.606230769243267 0.1298040891254094 5697
1.63733844004816 0.2504494514717645 5698
1.475681791667036 0.2110238961899832 5699
-0.07495761617410113 0.1027597831750375 5700
1.463790163480808 0.05157362210169351 5701
0.8858881365669706 0.09854868850181545 5702
1.147833153240558 0.08081619783215024 5703
2.156326801138377 0.273951520935898 5704
2.366169734408206 0.3414292311792632 5705
2.777767172553715 0.541237868117082 5706
1.335202614992561 0.07683760647932841 5707
2.595360423587161 0.02489062460754721 5708
-0.2331044307002872 0.4598944657257689 5709
0.6285887444837477 0.1282594538091204 5710
2.430217315449478 0.207172464915488 5711
3.246970239879045 0.02818001314693303 5712
1.835341220120317 0.2756700829137928 5713
1.504638637618521 0.2591014009467679 5714
1.744862748162077 0.2719451713224368 5715
2.25240620668409 0.3522886415215179 5716
2.396811453162324 0.06956727193171852 5717
1.116590152745164 0.1078656682987047 5718
0.8432535158306185 0.1985778437791227 5719
0.7025930712258228 0.1820401743257592 5720
0.3550495306462719 0.01028017893141645 5721
2.047342958751512 0.1103693078182255 5722
0.03375802834538196 0.1909349459802309 5723
2.45909840945974 0.05099212777489793 5724
-0.01163774290157058 0.09877868598562957 5725
0.8560891263914 0.1667576384640573 5726
2.157186770024107 0.02035530511269212 5727
0.1384559432158553 0.3305614009396571 5728
-0.2728085393825467 0.5795251489128318 5729
0.6210222122201037 0.1382606056208379 5730
1.056878513074346 0.009843506974257014 5731
0.09689027723575538 0.2696965514594309 5732
1.366215146855032 0.1682784878160586 5733
0.8230665139914075 0.09279976212938243 5734
3.002203406548418 0.05178223908117377 5735
3.444999999999855 0.009582404213056429 5736
2.183249560188349 0.2387349241965478 5737
1.913849634506754 0.2465358887215729 5738
1.595131986943663 0.266073025375827 5739
1.116274023782322 0.1260136883128377 5740
0.9119004164153031 0.1083035009919659 5741
2.227806382606488 0.2248777100804023 5742
2.300528437621342 0.3670214399378511 5743
0.7465821197627218 0.1536428797156849 5744
2.299415000662695 0.2894032594623842 5745
2.003744877790379 0.1136191563649051 5746
3.393019263218224 0.129393015283413 5747
0.9957316947007748 0.02945850748800899 5748
3.294735621848162 0.07424651195650715 5749
-0.2728953677733544 0.05901156657230017 5750
2.366589523446611 0.2241269316664571 5751
3.160153525263641 0.04650365016366836 5752
2.985279314665256 0.5437074480834239 5753
3.029434625430922 0.04505174206478158 5754
1.589906917395562 0.1947397412730282 5755
1.282826944854456 0.08617915532544428 5756
2.175453729791842 0.2643262255466383 5757
2.468112177459013 0.2232744043445803 5758
1.231067347047881 0.1612485545223807 5759
1.44613905962803 0.05259378610433191 5760
2.070942825214892 0.02299866507787243 5761
-0.01984943724068823 0.1744544857867346 5762
3.279184693545253 0.2852982359816423 5763
2.2663188018527 0.3183104687208733 5764
0.02559184017150522 0.5770021664195558 5765
2.235482441456318 0.1386646644776272 5766
-0.2954288408960959 0.03795147126266139 5767
1.706976710605494 0.1473540825342506 5768
1.865633274703665 0.2221948552560468 5769
1.094249205273652 0.1630184021482523 5770
1.904122897191999 0.009297398813031698 5771
0.6077106279051341 0.491351568886878 5772
2.383950689017162 0.2207439029511973 5773
1.427726104879205 0.2537115159613851 5774
0.6272225053891625 0.4939977609590018 5775
2.345626032343892 0.08149852493716069 5776
1.678144357094994 0.08189303985539549 5777
0.7462971785623165 0.5105138622201036 5778
2.153425969458021 0.4876978649475017 5779
0.07514556085971386 0.07977130210959694 5780
1.434907212503144 0.1528937580221545 5781
2.256966330874546 0.2762231128338778 5782
0.5697740992616852 0.06545900068086469 5783
2.648827336539873 0.3773731346040053 5784
1.726826820845984 0.2240654997226754 5785
-0.1504301356497396 0.2528662215362826 5786
2.262398980010117 0.3561928830307347 5787
0.07541823354608933 0.008920250118639254 5788
0.6155848561928732 0.1546491448351219 5789
-0.3064783399667256 0.1031016189770325 5790
1.969535416451955 0.2142499207705297 5791
2.037853710849661 0.08057462846398949 5792
1.417912391657676 0.0656584888005102 5793
0.700786831700085 0.1297550190212356 5794
0.0112606017660637 0.09655833125691031 5795
0.1167236377590753 0.3330825193532468 5796
2.813994328486601 0.2426546609047718 5797
0.07698139702996853 0.4835563325804118 5798
3.315270453472907 0.02926230095498137 5799
1.644582178134165 0.0492041170049107 5800
2.951496580803083 0.1775518649028565 5801
1.184406258475395 0.06833586275057797 5802
0.1334276622666681 0.277328200480924 5803
1.513559640132007 0.009769400321436422 5804
2.643261733228669 0.1777003915489612 5805
1.54264844760944 0.17486493854 5806
2.277522254415975 0.05831604451058426 5807
0.5848658675235926 0.0517734001911207 5808
1.074375525824887 0.5443820750785424 5809
3.071692415578652 0.4560446830156577 5810
0.03817490503470653 0.09386899697999102 5811
0.5790221408601601 0.02164950111955176 5812
0.5396954011260238 0.6951800580430043 5813
2.376663037980216 0.2548580232455446 5814
2.129338962472068 0.1923448072149914 5815
0.1621989631283844 0.05381473726944 5816
0.9168022677353945 0.1714783531681197 5817
3.224204915289181 0.2100641785470825 5818
0.8439551515828725 0.1192419187249634 5819
0.5246603290787765 0.05756374802342196 5820
2.187184570529143 0.3140042190453047 5821
2.212627264231905 0.09112285995507055 5822
1.888159286530724 0.08991388198094305 5823
2.134065444776075 0.3468327463094446 5824
3.443311765134747 0.1309394948890886 5825
2.552671200545897 0.02236156827480209 5826
0.4630697082500306 0.04997997367245362 5827
2.898074820996341 0.6548329347439608 5828
2.034445861375949 0.3060898565780489 5829
3.234204373001036 0.08389080786144301 5830
1.281151065181693 0.1765510152606775 5831
2.222823445262736 0.3243302746681964 5832
2.216396663254409 0.3145613693051564 5833
2.257824773418256 0.3240998664027747 5834
1.571525419198969 0.010600620806157 5835
3.065297098602874 0.02934952410956409 5836
0.5061998016758895 0.08450346070648525 5837
1.306390923587712 0.07764636320741085 5838
1.917964988895491 0.2188108508473252 5839
3.080498504261505 0.1865458791757405 5840
2.333190587246353 0.009787014351507054 5841
2.07934868049251 0.2486591027148231 5842
0.1113873076242381 0.116050414590225 5843
1.525963192791282 0.2270528310826456 5844
1.292821903720902 0.1618532033369853 5845
1.504543687593959 0.2411593526633421 5846
2.388527857027708 0.1302607689672975 5847
0.03051269808348401 0.3359770902540679 5848
-0.3837357462059279 0.1246702929796133 5849
1.77940634861956 0.2707009810089539 5850
1.869425394094572 0.02307957428777451 5851
1.29373593673766 0.04532749132111109 5852
2.365941489848956 0.3056228678686251 5853
0.9637987980803373 0.1941541124102923 5854
0.741883909436747 0.06310135894268289 5855
2.20206313616465 0.1617386260209698 5856
2.684926048132815 0.02987811251724876 5857
1.578792123118822 0.02480936844086112 5858
0.6632198404741608 0.009485439702709698 5859
1.864399440705327 0.1902811015077951 5860
2.276083858258501 0.3219135309839306 5861
0.2153613563603786 0.1270081327561096 5862
0.2528673233154628 0.5878727681363811 5863
2.208521383570747 0.07139384432920462 5864
2.431169107803024 0.1000834816632941 5865
2.308541352572135 0.02752592423825744 5866
0.1618119693104445 0.03864246218506754 5867
-0.1560653255832078 0.1383759805843411 5868
1.124096611866045 0.5489130755275203 5869
2.456044537130676 0.1454112114916908 5870
0.4443657874963572 0.1173709342364775 5871
1.648348689967325 0.01103838924061052 5872
1.050284513224998 0.02352446522617269 5873
-0.233710269548481 0.009206115802043729 5874
0.4866425629366374 0.05483585237259449 5875
0.2390110852924335 0.3419159384728531 5876
1.397422003637426 0.02276637985499959 5877
2.512617603971351 0.2095812498119636 5878
2.339227455369706 0.2347938765127558 5879
1.910341951565677 0.2844408609787732 5880
2.399354691158522 0.02255505838142084 5881
-0.0406498202157788 0.07823552290628774 5882
0.8855476755147313 0.5255169781225547 5883
1.060072701788272 0.2197645468742734 5884
2.259324472432167 0.2056971081452487 5885
1.274207308557836 0.06960643146804851 5886
1.987016919006398 0.2910280858108971 5887
1.936772542189227 0.1628761373723863 5888
2.368159077386426 0.2813191555328172 5889
2.204463805996305 0.5042969219011086 5890
1.883009048266611 0.2506885390025914 5891
2.259625972960963 0.2256090094029836 5892
2.015636658281158 0.04373343436781171 5893
0.1163564123092683 0.2050877050222113 5894
1.806032963542893 0.04809621472377106 5895
1.759839139324062 0.0765876825355301 5896
0.02228783105670602 0.1203802913086604 5897
1.883888447631187 0.1508390023789311 5898
1.77032594326028 0.1857327007344246 5899
0.1329318213910224 0.1249461636329676 5900
0.3025391007912705 0.4215183839774798 5901
1.703846445919746 0.009397559966045205 5902
2.584347276726962 0.1169987339267962 5903
1.173806360452888 0.5534249009975332 5904
0.4590626563043042 0.4643222981111139 5905
1.206494509080218 0.09823533966284004 5906
3.38902970923421 0.3498908398458948 5907
2.328479660256165 0.2168990034105807 5908
2.507376450504912 0.1494873044899686 5909
1.510247577640756 0.07455014214285056 5910
0.09280755628882092 0.2166663392024454 5911
1.004652004411709 0.213907560888816 5912
0.9617645303330589 0.08672632424009656 5913
1.951061957435545 0.1820610812444659 5914
1.586697065558198 0.04896891979478063 5915
0.4394425381877803 0.4583678895559847 5916
1.319710078356848 0.1157900916310473 5917
1.479654533137562 0.08423949851775193 5918
2.32840910701293 0.3673629452940521 5919
1.08229401467447 0.137943367154601 5920
2.33999467901431 0.2887731942027193 5921
1.150983556570544 0.1973424761426838 5922
2.068944220734632 0.04164417932428752 5923
2.002048390161599 0.2917754619003344 5924
2.433055071448315 0.2652661852131881 5925
1.448449292767961 0.2254098614505458 5926
2.35185399051722 0.2019656311018733 5927
0.2899084612821787 0.5137566571644178 5928
1.919677047367463 0.1570565263095291 5929
2.018002245037175 0.08830152473219953 5930
1.156184580863795 0.213332203493929 5931
2.242476368574852 0.1475102918605823 5932
1.825150730351714 0.05539316798880299 5933
1.962526965112201 0.009801751363368701 5934
1.768153781188812 0.1698794529022899 5935
1.312642335215231 0.1948071511060064 5936
1.388851566100197 0.2368910000950626 5937
0.740484042576113 0.5654702213466746 5938
2.112912318470492 0.1970997833817233 5939
0.2097832361851027 0.08777874439785432 5940
1.68623518051889 0.1814549836172149 5941
-0.09975186542842393 0.210840508541346 5942
3.157034113794366 0.1473730826251324 5943
1.252858359730866 0.1948780205849014 5944
1.867255612343155 0.1382450427127636 5945
3.354280175048416 0.02141946592390218 5946
2.552504076580176 0.09841974072182637 5947
1.492250990809471 0.5823878517989205 5948
0.4947718711203896 0.02404423735253524 5949
1.260421554668124 0.2379203962104818 5950
1.547252190627707 0.2229670446374142 5951
2.022032825701099 0.1480712003359454 5952
1.413355122000566 0.2223062657371462 5953
1.512085484721597 0.02743383597932077 5954
2.13745928268172 0.1662074084215043 5955
2.026468128997323 0.02923251796266988 5956
2.00664995818223 0.2144833778908563 5957
2.389023838931529 0.2360762463412817 5958
1.68986939287384 0.2552903079636153 5959
2.571823436053085 0.1555303532506375 5960
2.258474438394168 0.2880809722251724 5961
1.373774573781382 0.1394936226848472 5962
1.616346911507138 0.008590712171981433 5963
1.845869469634497 0.1170574755151877 5964
0.1963462025211783 0.1007710399209025 5965
1.466771657445131 0.1916021932248087 5966
1.223525825745451 0.5579815903048718 5967
0.8867453173773812 0.06479259842421575 5968
1.769278082544451 0.09310839894052529 5969
2.307240962867397 0.2820771267134938 5970
0.7707693860099865 0.02263746467177118 5971
1.260729784640636 0.05243858024380972 5972
1.865625503120354 0.2799294187943189 5973
0.7664861604486797 0.08193357265534235 5974
0.2896862807684133 0.02469248052289771 5975
0.1231896274268764 0.2469396061492 5976
1.916500093977413 0.01014880838503207 5977
0.6284396216317736 0.06090818618833201 5978
2.243275197072805 0.2380810955817805 5979
0.5854171499526563 0.1154661482021523 5980
0.06521902611196087 0.2511387182095132 5981
1.912618192171202 0.1849924358269209 5982
3.489509937993102 0.02795559718913999 5983
2.279667262476887 0.3509535299264571 5984
0.2348946648182058 0.008354525141531089 5985
2.782327275851619 0.04234368295091282 5986
1.195635807698609 0.1834124892359941 5987
1.199527046386461 0.08288597756710329 5988
1.571490012860137 0.2494360867466112 5989
2.346270708848879 0.1049227034674824 5990
1.917573964906665 0.1678187256289241 5991
3.145313432733147 0.009401037216135756 5992
3.406643532617813 0.02958680099993358 5993
1.273159853368092 0.01010345982369738 5994
0.7601905917304258 0.1911147762225816 5995
0.198384964523555 0.1185996596682881 5996
1.90368837297552 0.04539107126485445 5997
3.388428599656505 0.03200344020892467 5998
1.822393542423751 0.009933237333884527 5999
3.104709649700158 0.05748877728991131 6000
3.052321178028021 0.6760149157171771 6001
1.044758398712675 0.05419716170994322 6002
2.100684083373455 0.1936215179688413 6003
1.394111091978469 0.145778818726634 6004
1.273277393381849 0.5624732924131586 6005
1.962573446186739 0.0708961317840209 6006
3.238258410030736 0.05041997506724714 6007
3.373752985651943 0.1033276788763567 6008
2.51398159104122 0.1789792373451244 6009
1.099587381837631 0.1407255348488771 6010
2.307668454279685 0.2055317315912915 6011
2.532674962752246 0.1253500027486188 6012
0.8674887871865488 0.1358357053886444 6013
2.706423816593003 0.2012999198190544 6014
-0.4796758533679082 0.1386134659096795 6015
0.02004083418415502 0.09171262624028276 6016
2.191358497106934 0.4571034842803968 6017
0.8809337949294691 0.169022421441067 6018
0.8981434761355905 0.1780024596847547 6019
1.523941976536048 0.2070060991749542 6020
2.172642216269488 0.4641305559654946 6021
0.9343209515007037 0.191796126406061 6022
1.857842447335591 0.0380472340292948 6023
0.1051207236139597 0.2496156378418094 6024
0.6898039531846286 0.04387276830072115 6025
1.007374651048909 0.1152283661172179 6026
2.960933356058049 0.04515664121759224 6027
1.747000913329433 0.007883325655461154 6028
0.03318805221902794 0.02075561393852859 6029
0.3661502462566764 0.03916102760050135 6030
2.283357372981825 0.03784402594035109 6031
1.925205462258668 0.1418630166735039 6032
0.08420540961427077 0.02238759666310471 6033
2.632137913203289 0.03229001744968828 6034
-0.4552955871154314 0.008675497907033232 6035
1.847214279469576 0.1056318214100536 6036
3.111179616343183 0.194900340150317 6037
1.141455708250017 0.09265088699522267 6038
2.234442158574864 0.3700147965727734 6039
0.9048658377835168 0.05640581323256195 6040
-0.03539528453458175 0.02566396100788469 6041
2.464625473113487 0.3508905600680629 6042
1.641660115039856 0.08869733405279623 6043
1.628690114161073 0.1996906348904132 6044
0.2270524922392881 0.08699072180280437 6045
0.9819460499233201 0.196195397582188 6046
1.713859507671259 0.1341714110416214 6047
1.15792931224689 0.1276193563137734 6048
1.986915051402195 0.3025246322059919 6049
0.9950947427383398 0.007948770626379494 6050
1.437244618586464 0.008901507172342265 6051
0.2615923426364667 0.3623527330748382 6052
-0.3143117317958932 0.00901688958685065 6053
3.394509604953703 0.01088303021398982 6054
1.409229590209859 0.6579516627186824 6055
0.09507746133861529 0.1075142684099188 6056
0.1809643966499602 0.3906273435088171 6057
-0.02988092053879157 0.1228597765229662 6058
1.816355776968336 0.2240583595490467 6059
0.2680921023076075 0.08628155075114807 6060
1.912582519594183 0.02882500720930098 6061
2.037374271173428 0.05469423978117339 6062
2.482050333484551 0.01073359370953736 6063
0.2321584893948295 0.3675773732957149 6064
2.377145845884254 0.5288060839470199 6065
2.670636503272128 0.01137571821887159 6066
1.323048642675832 0.5667812468691368 6067
0.1631965673221444 0.2744887142963322 6068
1.777533724950398 0.2346701441477583 6069
0.9480675233257433 0.1164313439637285 6070
0.1541204763860157 0.3200895078353862 6071
1.306341391729932 0.1500833443484332 6072
1.999838546055053 0.1301117280487473 6073
1.350937381302483 0.1942928943371454 6074
0.6718734262390265 0.1388902098300711 6075
2.052156659419267 0.0199707731146282 6076
0.368958784445989 0.02228806445699464 6077
1.641493599946522 0.2665715573524839 6078
1.326264050770198 0.1042223177672526 6079
2.91418287164604 0.02974900654296487 6080
0.9498157173631787 0.6859705165244954 6081
0.8653398788343601 0.6797156566206475 6082
2.054538978795235 0.2620427461832974 6083
0.6466619113105615 0.0679004837050262 6084
0.3257931735974996 0.00916021456346245 6085
1.044512937251296 0.03838843050063021 6086
0.9971356229235464 0.1610095689126567 6087
-0.0492564143767918 0.06176527520910208 6088
0.03671807407850603 0.1603042021431032 6089
0.5021846705401856 0.05601507568193345 6090
1.885364442573035 0.1201201617605273 6091
3.12381642192603 0.05847436867583992 6092
1.922799230459917 0.2538463573041979 6093
1.807314546216176 0.1869263035701567 6094
1.145262403528721 0.1438170885837708 6095
1.856174003160013 0.1335793834489972 6096
1.85857893379344 0.1209742308653478 6097
1.947743632128479 0.1659075306949911 6098
0.1307260441482745 0.1764934532558498 6099
1.921793387561447 0.2026951922133231 6100
0.9714701568836837 0.02635245629940859 6101
-0.4175584450249687 0.1035125314107185 6102
1.125132078394558 0.2012176667351124 6103
1.511739786698183 0.04771798286162965 6104
1.17569404243916 0.032316877934631 6105
2.228959988532382 0.3535678793171791 6106
1.901752253642637 0.2305189203979475 6107
2.292572503903462 0.02035765409350694 6108
1.169599383766635 0.1939282008515769 6109
1.429850531898574 0.1116843581456617 6110
1.165057384757585 0.1837368837079723 6111
0.5635502896089924 0.5238924665485665 6112
0.6685676781205852 0.1532321154724699 6113
0.398120835076253 0.1269758059570817 6114
-0.001965244165408228 0.04179835766670935 6115
1.889333680226519 0.2413109384394072 6116
0.3289802403574564 0.4066759610993222 6117
2.330691837541359 0.08779263340363005 6118
1.580312178972912 0.2344720245228845 6119
0.4326002925031603 0.103779411129804 6120
1.933999961718714 0.2395755647406588 6121
2.439168868253005 0.1761658621943618 6122
2.045236932835897 0.3038684927109754 6123
1.4546468735608 0.0470811374594844 6124
1.100357219200622 0.02211336570401937 6125
0.5447639470130813 0.02430671373670197 6126
0.3396136096699354 0.04749970677123796 6127
1.0436504460108 0.1613335013787639 6128
2.237860834007912 0.2078127786725366 6129
1.389733539996506 0.0933556509134971 6130
1.929052542256759 0.1722220030456699 6131
2.212852876967155 0.2505645947885952 6132
2.038101390136353 0.01968797866586236 6133
1.878171913378232 0.06769521754130819 6134
0.5071995633169308 0.1140104612941895 6135
2.315766906035693 0.05442467289408556 6136
0.06942972907468513 0.09297247773412523 6137
1.567600700343757 0.03947862354086287 6138
3.003316889261024 0.02761967361859222 6139
0.1278877385119681 0.09499931897195013 6140
2.34158113917537 0.3456239677551584 6141
2.293309178428564 0.2709039188352957 6142
1.383806229902768 0.00921378630797951 6143
1.854952026293207 0.2368970431687782 6144
1.864158947273049 0.5828112859918685 6145
0.1767874778150687 0.1445685884928832 6146
1.824540493440594 0.1959864738917552 6147
0.738688823559802 0.08151894339285554 6148
2.010795649697394 0.1055776365993262 6149
1.884044685024703 0.5778145183350294 6150
1.836487886583945 0.023435737643626 6151
0.2948608604883765 0.3848922109292539 6152
2.986734292456885 0.02671762582997063 6153
0.3116355013967109 0.3961012779988655 6154
-0.4150000000001286 0.009205469055638162 6155
0.1140570347789174 0.06019069716441055 6156
0.2495705071975987 0.3881240528588569 6157
0.2578467902126008 0.1032873175330985 6158
0.277704777530456 0.4042007196662996 6159
-0.1950278394946145 0.02441737228408616 6160
2.312006207544594 0.0749744945739817 6161
0.9375102503898423 0.2088359627681691 6162
2.879800669143553 0.01228138054319669 6163
3.30499999999943 0.009045658026473086 6164
1.458721245022177 0.2039953875570041 6165
1.071304511593674 0.1067280890981151 6166
0.4628989240639222 0.138204517475272 6167
2.146090628649924 0.1338022996619469 6168
1.337293783553765 0.09405538777400885 6169
2.145445559751463 0.1946181058489189 6170
0.3447565492404939 0.1043547970776662 6171
1.316111111142785 0.6329765289008356 6172
0.9787581907262585 0.2134779036951454 6173
2.095955697237993 0.3253773397592928 6174
1.961366266255273 0.04154966468514495 6175
1.631952546960868 0.0601333540043362 6176
2.294704628378402 0.41832930845503 6177
2.095031061643813 0.05062436168969954 6178
1.895946690406173 0.06096362917349931 6179
1.128676982064126 0.07982671329103308 6180
1.297754182574027 0.1193740622317591 6181
2.51416680664921 0.02280745334500822 6182
2.184134805831532 0.1345840592602498 6183
0.1673922680387331 0.009768914752745486 6184
0.1732674726643344 0.3471833932468927 6185
0.1833317241989582 0.3405124246778838 6186
0.1880998842282242 0.3531861562856375 6187
3.36525356954736 0.1626855045911367 6188
0.9791104088512106 0.1086877600300266 6189
0.4697429123358503 0.1252119001056567 6190
1.821244180644513 0.03822259838046914 6191
0.3471918207684991 0.08755359221918113 6192
0.8357792173899733 0.520114074221961 6193
-0.4444611179148915 0.05330118685338074 6194
2.18338883655677 0.07066064424675342 6195
1.374098646782584 0.2315257680158628 6196
2.487861358608272 0.1567615786080248 6197
1.690657911290247 0.03900830319793715 6198
2.290041165516685 0.1209548403279802 6199
2.536440587887002 0.02276486122447305 6200
1.565168084148728 0.1183181102798316 6201
1.33660016490419 0.04940531437254595 6202
0.2560974137378813 0.0864307069427498 6203
-0.452709007605328 0.1080254835336112 6204
0.2664566407084111 0.1029345723212136 6205
0.9557362710951904 0.1549404610470971 6206
1.536476407941545 0.08268484747492975 6207
1.839502154162212 0.165146037767215 6208
1.854176365488005 0.2463305621457315 6209
2.258302444079168 0.2420808024642109 6210
0.6132983927344389 0.0235974123999654 6211
3.148168833130319 0.1104025575882872 6212
0.7439948766238119 0.1872534732735659 6213
3.214252926150974 0.3284375629247224 6214
-0.08292605160729974 0.02319376068933023 6215
0.3228775599259896 0.04486291043478167 6216
1.698230735557526 0.2379423174994852 6217
2.223486483687599 0.1746446632401632 6218
2.929232498204978 0.01125685944669014 6219
0.31048830718225 0.1027350834487323 6220
1.665517346568906 0.2706088847984223 6221
0.01181040171014746 0.1069132058518223 6222
-0.4178144556582722 0.2422716096568945 6223
3.141022629069714 0.2498263776539929 6224
0.2925367955546628 0.1025377525315797 6225
1.973462151821494 0.2631741981658394 6226
-0.404501896398429 0.2844927210198642 6227
0.8755820818750732 0.1872903675976888 6228
1.638830081754098 0.2278482339872751 6229
1.177291303175047 0.1533880280663881 6230
2.244320593514438 0.4800917254806819 6231
1.561491018358431 0.2346764675683669 6232
3.094047746673454 0.3346644944527429 6233
2.425446612030491 0.4099566424273062 6234
1.439132055554733 0.2405237240161328 6235
-0.1627108542995387 0.3635289401197119 6236
1.885412598845786 0.07443232310475861 6237
1.745521257987025 0.04266366588516098 6238
1.727336974585214 0.1452853196241981 6239
0.3431354387970171 0.009801562603426038 6240
0.3296475429260085 0.5321228629862913 6241
2.435943034437235 0.3229587554378014 6242
2.427950231536181 0.4647097008900473 6243
0.1176759753299614 0.1591183312437825 6244
2.508291914737968 0.2828520644039005 6245
0.5042154884868367 0.13044320043521 6246
1.696231204313263 0.02284248980348659 6247
2.564512599686657 0.06121539704465917 6248
0.139620937353184 0.2444455494959711 6249
0.7339825866571258 0.6863658346517322 6250
0.2461859254839932 0.4348792897633675 6251
1.89912012534396 0.08882227507237229 6252
2.44776871078689 0.0102382730186165 6253
3.444264263211318 0.021201542335501 6254
1.485279436641529 0.008809496478878669 6255
1.844047600997311 0.5868703841773589 6256
1.06285528133184 0.1746366353174618 6257
2.041517767482905 0.2027640009669753 6258
1.823810555058283 0.5901069426795393 6259
1.705691149744993 0.05202023354335585 6260
1.626005779507754 0.02560457437394259 6261
0.9400203879907344 0.1455171594119654 6262
1.149948369184081 0.1874463857615262 6263
1.45495993089987 0.1198619311169344 6264
-0.3612627735667622 0.4527772933467576 6265
-0.1999504618996344 0.04853831766660707 6266
0.2424794159534791 0.02305991832055221 6267
1.722837779293878 0.09775227703475005 6268
0.5793666082791209 0.1466665049860814 6269
0.9842989966221399 0.154977013606057 6270
0.3870921574300162 0.1261856064391417 6271
1.480021096346109 0.2026342231843137 6272
-0.2463041259586237 0.009734810490323651 6273
2.275918897820934 0.2840713830793161 6274
0.3140192195814968 0.009199290034914962 6275
1.476062421200366 0.257976269223091 6276
2.327002171109033 0.4463420169889237 6277
0.7303250451336285 0.1437681183305951 6278
1.154346405310109 0.009316659952612877 6279
0.6119218111550011 0.134540801038736 6280
0.581404738436276 0.1627986208643124 6281
1.510295758333698 0.1012630193106758 6282
1.816657847805863 0.08069381949686405 6283
0.9009883102223665 0.1246499534238934 6284
2.332080484329074 0.4012062324721173 6285
2.118987616753809 0.2830251508371547 6286
2.123143242978319 0.2742625059799553 6287
0.4162641968693 0.09056094940135243 6288
2.795387521133057 0.03217934500549798 6289
2.076406503758488 0.3055598285472163 6290
-0.4384109716581637 0.1459431154558467 6291
1.815118756854291 0.1095899429585863 6292
1.507899337162016 0.1956473505573271 6293
1.851182236002396 0.2063974176464018 6294
1.58088966262392 0.1229937006446961 6295
0.1600151397228818 0.2903143871528772 6296
0.9476281728553579 0.00903028060654381 6297
1.765375490926149 0.2195786730917181 6298
2.614368671724946 0.02108561500884829 6299
3.284031641058813 0.04576218565812067 6300
1.392759811051935 0.5722880086351773 6301
1.372845230948787 0.5706278977065711 6302
-0.2626702864796174 0.02180418636815651 6303
0.1242816728459393 0.008730413413816076 6304
3.331294202613814 0.5828506630803956 6305
-0.08072463215417409 0.1164134120327445 6306
1.597158496672681 0.2366135027723469 6307
2.683599008011422 0.1525916807071289 6308
1.746267127748291 0.2227269123272914 6309
1.382601572564546 0.02618069699692447 6310
0.4100402652476449 0.5679755723834494 6311
2.063772042470741 0.06214794674023866 6312
0.02153245966103472 0.32227278663887 6313
2.353231522571028 0.04619144529866872 6314
3.280067917321589 0.2026740903552834 6315
1.825000033606671 0.02725073481642704 6316
-0.4852201717650779 0.05647520995737255 6317
2.454497671005295 0.1978662452904843 6318
1.609422452308818 0.1777646223973936 6319
2.196371388742904 0.2628226152621366 6320
0.9019340299330971 0.08898199499767165 6321
2.391303247184783 0.3442156531862897 6322
2.119468031805795 0.3160158687043837 6323
2.164043267406347 0.2013603819532662 6324
-0.2133623785610586 0.02740786163571089 6325
0.6412460089130178 0.1190261790582294 6326
1.319620068509795 0.05074409444605234 6327
0.8781814163339404 0.2050384898223712 6328
0.6875377593547892 0.03487149885526602 6329
1.175905484517687 0.08392758559710352 6330
0.1382736751634217 0.07372054264323988 6331
0.06211323306360104 0.2748762373408484 6332
2.247500203171194 0.4358614799453197 6333
-0.2788130938483295 0.08708927009833414 6334
1.315863698575499 0.007329463344428763 6335
2.478465459673168 0.2445978190408005 6336
2.185154176435045 0.5698043237767176 6337
1.41676464014694 0.1830520147307456 6338
2.228779075532538 0.4429276359416469 6339
0.6524911606774675 0.1752203001338521 6340
2.056927144201028 0.2228185976352734 6341
-0.4805012434273819 0.1043642515323536 6342
0.3351784779946926 0.08718501749695905 6343
1.526105721846525 0.1463503788830924 6344
1.145087820532926 0.6974154995901715 6345
0.6666337709530484 0.1089282363898755 6346
1.017935730576145 0.07764885151476458 6347
0.8397269298303561 0.08745860656876062 6348
1.76268579244545 0.5951150783244562 6349
0.7832734380283124 0.07011041649217009 6350
-0.1743948325975885 0.02190472624482912 6351
1.198131644009835 0.1305883988450008 6352
2.532416788645717 0.07836228016298102 6353
0.9415843990408004 0.0231191709883732 6354
0.08793816221158868 0.2874431913803752 6355
1.096643938915336 0.07766304469321383 6356
1.686891904692963 0.1699298383863205 6357
2.568562601479818 0.293777917277953 6358
2.194064842934718 0.1007318084384104 6359
2.393044063847138 0.3074416518988614 6360
1.749722412033457 0.2561021778355316 6361
1.47392475197171 0.1435748825468616 6362
0.003895677353924217 0.1121422275322077 6363
0.4189037083092135 0.06516851420864128 6364
1.552192695917568 0.1265463078124431 6365
0.1688750725304041 0.1314939676352598 6366
1.788111125087756 0.2401346538186896 6367
0.6774084406552998 0.08176042571021137 6368
2.106385167546529 0.1480727148984892 6369
0.7850184558351705 0.03477617612070417 6370
1.316915504464174 0.09632762611048498 6371
1.92198801574875 0.18734328017692 6372
2.231200640188012 0.06099108124080253 6373
1.776583122464187 0.009099489133792138 6374
-0.01132784149648274 0.07487337118453243 6375
1.728745081837893 0.1063407518270803 6376
1.734876175228888 0.06594214440442692 6377
2.107325276706593 0.2669834294166242 6378
0.03213972247917488 0.2102761164572582 6379
0.4939182163869362 0.04955134317334983 6380
0.2384519881446329 0.08642967410816775 6381
2.150828355913662 0.04875338481421181 6382
-0.3271468336050725 0.2431133097279513 6383
0.02724119928963839 0.04860971131716349 6384
1.567675086255425 0.05151524484957044 6385
0.1247028642807353 0.1048754803056786 6386
-0.4387901999759535 0.1848605022271606 6387
1.506174746050247 0.2231551478109445 6388
1.44640251658593 0.02234624806834083 6389
0.5087790599792569 0.474383356427316 6390
1.803503047476534 0.5924564363173379 6391
0.8500179077439557 0.1263930891859627 6392
2.322454655695157 0.2659632973463815 6393
2.002968988970125 0.07944608987683874 6394
0.6132851674569373 0.07412904026816219 6395
0.5354525493197573 0.1176034951905154 6396
-0.1430236652260489 0.009393727705167242 6397
2.954953991436116 0.4365508205796069 6398
0.5284140592473877 0.4782700859096749 6399
-0.0974453929802394 0.04837341535918446 6400
2.062247701516814 0.09510645015702093 6401
0.4441825312519996 0.1064179332378191 6402
1.783192635480557 0.5941313291022012 6403
1.259462771014397 0.1496236438269662 6404
2.498433633002172 0.04518407965739057 6405
2.537074339760875 0.1807523554185373 6406
1.42932667053621 0.2259516615738972 6407
2.846319901375824 0.0212415926788129 6408
0.1120368408462787 0.2779469238318626 6409
1.561516147406222 0.06680838759211621 6410
2.126018326501394 0.2289280123872943 6411
2.215076606513072 0.008800444037746165 6412
1.896725035438859 0.1305043742058944 6413
-0.1543542691982511 0.02234093766621691 6414
0.5460199651047472 0.05491903779357697 6415
3.038089183612541 0.0744434245168186 6416
1.133946073063729 0.03433680713577596 6417
2.133109461627138 0.1570072058558119 6418
1.754658409025995 0.1920919305344565 6419
0.4654994802929384 0.03210976826026073 6420
-0.3058406800805732 0.2631091591216728 6421
2.400910082364148 0.3708125261883903 6422
1.134854951471754 0.1862105040737716 6423
2.136373219239494 0.0204098203450644 6424
-0.06523235100958902 0.2772255890158746 6425
0.052709579699913 0.08278226165957581 6426
2.074589205566834 0.1940308367827119 6427
2.17509664399879 0.3450827862657827 6428
0.09761036848279295 0.03753103344328283 6429
2.268341704463924 0.1427116913052444 6430
2.318272702067829 0.2843406304816458 6431
0.08548680653961097 0.1982178297244995 6432
2.383433479939534 0.009988042752062568 6433
0.7229468566350588 0.009363833340824119 6434
0.2701692169739879 0.03936461172035506 6435
3.210773095491027 0.1115232257331701 6436
2.327275048761984 0.1413091356902162 6437
0.4140331186499105 0.1295393374274267 6438
2.147789466352644 0.2283229050979639 6439
-0.3252496904381456 0.02411691066077061 6440
2.249598738331398 0.2950704426429083 6441
0.2241167843348638 0.02289207490992475 6442
1.435182634596164 0.1421681513848871 6443
0.5995397771351655 0.08539056961726955 6444
1.352204366998616 0.08077971512240735 6445
2.138041301766221 0.2644858908479233 6446
2.263742192802067 0.007779634341120662 6447
2.112264982266571 0.5252618175745254 6448
0.8862321241572786 0.08399274669241716 6449
1.43261941026779 0.5753770123751937 6450
1.214842140051714 0.1368186015452544 6451
1.412692062630388 0.5737781374660746 6452
1.263656016923724 0.2273504749997154 6453
1.968613261702461 0.02252495499281301 6454
1.90621853318987 0.1924938559594251 6455
0.5679307682068813 0.4848373595555515 6456
0.5881839324625719 0.4881970808034776 6457
1.811973648751689 0.2023066621414282 6458
0.9928272147020941 0.1423069480843659 6459
0.2002925398315028 0.02517060202655493 6460
0.5246063895586619 0.1154298667924617 6461
1.466691109020673 0.1319855398953821 6462
1.997219180309751 0.1473000374966998 6463
1.996168117145551 0.3072815527901 6464
1.573549766548819 0.2113587896639554 6465
0.02013121829819162 0.1112140361458696 6466
-0.2471661730456523 0.2306322078086915 6467
2.126898726425861 0.09407126415817366 6468
1.148271769044247 0.1271889822378061 6469
0.4959283400092175 0.129191393115318 6470
0.9737605327263279 0.07573806292519426 6471
2.190270086062528 0.1917055100483434 6472
0.9233178241949812 0.153343449422317 6473
0.9246181293460267 0.1432131363246223 6474
1.919372937998624 0.2655352645526937 6475
1.522321231267874 0.582230629894573 6476
0.3848425455545915 0.483663132877647 6477
0.2579005281267781 0.1198135679897332 6478
1.435835249543368 0.03789948026101354 6479
2.861508377504724 0.0653712086786562 6480
2.418651823316211 0.02685813011900506 6481
0.4257919822345024 0.008661740050168348 6482
-0.4682308233095047 0.05182063852057995 6483
1.776454250214574 0.08501503043293657 6484
1.771242755617925 0.07518797405904809 6485
2.116722494797134 0.3015875734314488 6486
2.312305835393388 0.410356934442007 6487
2.531153397903563 0.3615270891710354 6488
-0.2769904427340333 0.009550913276444747 6489
2.338145032027841 0.3080922773252503 6490
2.653906102691863 0.02285937593988052 6491
0.6471818118168038 0.4967713700869956 6492
1.460699258007993 0.09993170252377481 6493
0.2709250065746749 0.02426028636091695 6494
0.6672657411366305 0.4978546891874305 6495
0.8586886946069536 0.1847394639040157 6496
1.888563337943578 0.01801455593459593 6497
2.250037685128537 0.1276082336041822 6498
1.272945689991277 0.02180401953887971 6499
0.4962590091333998 0.1133523748093236 6500
0.06065284575468493 0.2121605583775455 6501
1.91403179395087 0.03901976428142034 6502
1.514315096090745 0.1598510478932703 6503
0.7053855845365684 0.1091402179081155 6504
2.380292017017712 0.08306513990252326 6505
0.5987366759794134 0.04774118518603627 6506
1.07966521686231 0.1768720559942739 6507
0.93653200736943 0.05158451413548617 6508
-0.3065518720864919 0.02774549081360467 6509
2.025125527936833 0.04140594779248377 6510
0.1365598479476536 0.2968266609397416 6511
2.11337849072073 0.03472428456892494 6512
3.298965395792107 0.1112677608021596 6513
1.143565614102833 0.2266513584373879 6514
-0.1916169366720885 0.2217993556535476 6515
1.041117645065458 0.06383108491065456 6516
-0.1001539987216676 0.02993768531427735 6517
3.096373951908722 0.04024284675963835 6518
0.1422667055919787 0.3148563880477897 6519
0.4475610857612913 0.1379863295078431 6520
1.562220870750147 0.5849354446701985 6521
2.10525241821542 0.293021597475805 6522
1.293548894275921 0.06248450856966487 6523
1.542267598583391 0.583592045268034 6524
1.552437010378445 0.2486982411511511 6525
2.755477212189394 0.02700065593286934 6526
2.017209123238475 0.3026771054813492 6527
2.050974306050615 0.1762099211517372 6528
2.284566796693439 0.2513546888186531 6529
1.75372932457748 0.06004381242596439 6530
1.226858473004728 0.1853437430583523 6531
0.8962421091703831 0.0265716234133882 6532
1.331488939026348 0.08616652330677944 6533
2.45073441058531 0.258030509708168 6534
1.650528359956052 0.236293546838668 6535
1.437192282867588 0.04825451137051447 6536
2.198955758803476 0.07667606235210508 6537
0.5239510266100162 0.07740748838146526 6538
1.374742430973999 0.2488637228621547 6539
1.555379939507471 0.03846871506791247 6540
0.8192002927269735 0.1335047731543411 6541
1.79419623916296 0.06117512174818454 6542
0.01483135732653253 0.155160664271421 6543
0.1844572562795073 0.2946885991441647 6544
0.01607320781930948 0.009511528423041218 6545
2.350721766319179 0.2906417849410711 6546
0.7058427979112852 0.008626775012987458 6547
2.069183729850418 0.08736531003508205 6548
0.01278573598541445 0.1895537339278916 6549
-0.02342715157005642 0.05048618788802509 6550
1.656265711665414 0.04184957324017833 6551
1.71632563004933 0.116477219432902 6552
2.344256548629796 0.1564028151888761 6553
2.328888533235276 0.02554903578964499 6554
1.146940759634097 0.02571331816569147 6555
1.272675280363115 0.1623598077026265 6556
0.8939176491607912 0.008274451887200447 6557
1.840948536281389 0.06437694078372229 6558
0.562606084163249 0.125018733859986 6559
0.3226871869093311 0.4227884054013391 6560
0.001469511043346843 0.4406160282508046 6561
1.884847113266643 0.167475915285459 6562
1.019138434237226 0.03390451637768502 6563
0.7604270712993606 0.1131051680792764 6564
2.350140450546178 0.3436011849000007 6565
1.18878350045577 0.09770541391675157 6566
3.458536461460489 0.4015357768190199 6567
0.1285492721348576 0.04373655432536597 6568
1.497986223413574 0.06028075438311292 6569
1.877601239222685 0.1358952024174294 6570
2.003448517192651 0.09592363137808955 6571
0.8263639988172627 0.1609440569440753 6572
2.285082948936665 0.3414350897964447 6573
1.289392430812965 0.2035025294398932 6574
-0.4703682319205276 0.2195759711607659 6575
0.401132567551282 0.09225786353023531 6576
1.975308329981617 0.1634197154811695 6577
0.6100757903414451 0.1253921984199105 6578
0.1016213087180242 0.180643441875747 6579
1.85205624078168 0.2656343717852637 6580
0.7962399317932007 0.1687718122145002 6581
2.314636584062536 0.1970723956258325 6582
3.18386984022278 0.1421976403127556 6583
2.167318276964928 0.2195330621073683 6584
1.622156723930385 0.5884826152780498 6585
0.3456461089247046 0.4155138554618817 6586
0.9709635920874471 0.1441340930037174 6587
2.48894685949676 0.2104029549210344 6588
3.48545912054592 0.04917243215191507 6589
1.245688494103184 0.1348347601131992 6590
1.563187489476113 0.1586277472031914 6591
2.769742425759797 0.189780013616112 6592
1.583207374153336 0.2649301486458657 6593
1.019405813306658 0.1880538419345771 6594
1.642147964754747 0.5895176813601222 6595
0.1382828200030308 0.198209931166297 6596
1.602167956680568 0.5873159654292459 6597
0.5518588941589914 0.1215296587068443 6598
0.7802568646227011 0.1606405044017388 6599
2.158451161679809 0.3544404852955507 6600
1.582192668363697 0.5860931857039257 6601
1.356660797673398 0.008620471869486198 6602
-0.1354550791590924 0.2312699912395234 6603
-0.4757175002910744 0.008367119781970651 6604
2.181520512228085 0.2822991112397446 6605
1.305046167633219 0.2449600501394595 6606
0.8160917191615679 0.009495177791467684 6607
0.4297547596760752 0.11974330618484 6608
2.816118892212072 0.02776308240330736 6609
2.485949032763719 0.05076802110238736 6610
1.560226604403366 0.02257970808578156 6611
1.819779946595261 0.6508387031407477 6612
3.286488800077079 0.3984177960610095 6613
1.207072837561823 0.143860645461191 6614
1.320966219726554 0.02229862174356745 6615
1.320493059593769 0.2164072513037585 6616
1.74831528705759 0.08763417596283932 6617
1.419106393594137 0.1400672084409688 6618
1.691180145050415 0.2199088326332145 6619
3.47704720500135 0.1937001808042138 6620
1.709943704716898 0.1701167757772112 6621
1.72832182027932 0.1877985636773851 6622
2.362708281703517 0.1002382902012529 6623
1.415022636947615 0.0758036478289518 6624
0.3555066089299443 0.03827905934318171 6625
1.709589922274273 0.1056744762505173 6626
1.985606231619525 0.2534316894520514 6627
3.205973810331129 0.622578169015051 6628
2.486370916595497 0.08150101689237882 6629
1.392226806812026 0.1179787024226994 6630
2.203084262737859 0.3663459448491814 6631
2.126914383162694 0.2101025525362515 6632
1.243745966455381 0.2086094974329235 6633
2.069920071324465 0.2218647117113181 6634
1.730817402842661 0.2558767118467429 6635
1.61576267799045 0.06639918555170621 6636
2.019386497484165 0.02260037022735401 6637
-0.2150477742317049 0.1723542366075009 6638
0.9099684118889688 0.1369544981807741 6639
2.053823853802364 0.03066072219363702 6640
2.301924757586308 0.1383534760364653 6641
0.3569403251129901 0.02173961111564622 6642
0.8042915119840068 0.05306474458726222 6643
0.9901306991166188 0.02281080271258876 6644
0.9359985430492744 0.1297948638155228 6645
2.946284161253709 0.02286987143374196 6646
2.280274828781809 0.08954658979252242 6647
1.925198269032349 0.2338266514895497 6648
2.307526892227755 0.3380191364186605 6649
1.346366369701089 0.2025075759371165 6650
1.770573501972189 0.02388901279529217 6651
2.115534556996629 0.2505654316214581 6652
2.33325079460167 0.2965318082422662 6653
2.404173217596088 0.2835005936723309 6654
0.9361220561658091 0.03649177547507323 6655
0.8192980004655066 0.1445667287407177 6656
2.364384657068782 0.2372507920877065 6657
1.060194233279672 0.1506683218296472 6658
0.7336773142921356 0.1007747921277785 6659
0.4334143928923496 0.05541522849817478 6660
-0.3670408092722629 0.1399732671245998 6661
0.9449179659695154 0.1260703490693762 6662
0.8410985389544696 0.09901806967470883 6663
0.8905684485973735 0.1543089094154355 6664
3.008762864815673 0.3414597855410305 6665
0.7068013142580525 0.5039354667694919 6666
0.7266462865068759 0.5064222870094964 6667
-0.3005773495370164 0.6685770671776535 6668
2.411169739677374 0.3587815345236216 6669
1.76313740907372 0.271901568007028 6670
1.742733617738394 0.07228165138150931 6671
1.740103557553926 0.1028589115257779 6672
1.632013178280489 0.1398851275073728 6673
0.4898321674365347 0.471906004982848 6674
2.458744157178255 0.5089003356720372 6675
2.274242477595164 0.2377546245565226 6676
1.376675238003179 0.1885203222057775 6677
-0.1566544508761457 0.05169412341725831 6678
1.778748596248259 0.148597655207148 6679
1.177622566355916 0.126728383979376 6680
0.8332060070191244 0.1990533071400988 6681
1.268177324271391 0.1893347312275558 6682
2.006690355150234 0.008526044957772427 6683
2.133608251725145 0.4769750708058317 6684
1.257827762249821 0.02305406709816576 6685
0.4767913515658209 0.1424693740479694 6686
1.980324401019203 0.2715633250882259 6687
1.217345269860675 0.08606011138801135 6688
-0.3768681940942894 0.009434101253579756 6689
1.760089861272733 0.1560220590347233 6690
1.799263072712922 0.1685535168302504 6691
0.3356650738915243 0.1036864725381962 6692
0.3212056879713801 0.3999541234565275 6693
0.2131500066683607 0.09878233602695954 6694
-0.3176600499194852 0.0471476453356202 6695
0.916157187573504 0.1190457381514422 6696
1.772269081371341 0.05637253139533581 6697
1.331941531074377 0.1354296217708304 6698
1.771498049739657 0.1306727514580857 6699
1.692460423599881 0.1027428974002451 6700
1.214837181913927 0.0477320765576329 6701
3.147529816838505 0.07937359042194056 6702
0.6701652879542758 0.0406006916561617 6703
0.5175331783680202 0.1501793899690721 6704
0.7547528873217262 0.1570374238847331 6705
0.9127896930962629 0.07436576779828259 6706
0.05653268834699164 0.03369169490618271 6707
1.995029652788146 0.2268861811865787 6708
-0.07638188728286849 0.1875613157252187 6709
0.8595973325817504 0.1477626430287728 6710
3.46753238420466 0.2407188425791078 6711
3.226372414785954 0.0255718700541124 6712
-0.2352079298151588 0.146337074739549 6713
2.137589902789569 0.5229832288049296 6714
0.7188765612579018 0.02602767640853795 6715
1.080719490003712 0.07753961555098061 6716
0.7862199778307057 0.5134963272239736 6717
0.766358382285639 0.5111814133992469 6718
1.440504322965261 0.2121189604783065 6719
2.425338710796661 0.008408927285079405 6720
2.339813857482428 0.02956576600562496 6721
0.09457805126516444 0.2520908443181004 6722
0.08895096897133546 0.2620548419947148 6723
0.1061145809997168 0.2944923380160125 6724
2.121753991699497 0.1408431920700855 6725
-0.3439204586379677 0.02253999869208561 6726
2.165054886053167 0.1348146335016753 6727
1.681922910356867 0.5916277806052685 6728
0.8658759245114382 0.02427187650904554 6729
0.4806597832528942 0.06936258779461726 6730
0.9775379617568545 0.1339640490227831 6731
0.3752215668326102 0.08915029904018328 6732
1.74450825086783 0.1171802217990884 6733
2.811119574316591 0.01006926783290933 6734
0.1506296484678453 0.1299007371303409 6735
1.674937278505202 0.137130346801096 6736
1.662010040934698 0.5904347912191805 6737
0.1144536118303463 0.03481743328140685 6738
2.589239298774688 0.4323427626473098 6739
1.327889373851604 0.04517644417472166 6740
1.310560497008631 0.1772765752166844 6741
1.346114379367991 0.2473686759731527 6742
0.8973141064437475 0.1152083230788735 6743
0.02791984083430381 0.06768982784653614 6744
0.02863986241104508 0.07773177847018212 6745
2.395498071939292 0.4130664831593256 6746
1.810785458990458 0.1546450649341106 6747
1.71470849217514 0.08149194029686527 6748
2.963542545862415 0.02275523549970349 6749
0.4095075140619123 0.4463816158613327 6750
1.528850284746355 0.05481697963310135 6751
1.687445348280413 0.2110137454996661 6752
0.05469573250682286 0.1885686238787582 6753
2.305149955506724 0.1478088140121576 6754
0.4851968255756393 0.008769221245039465 6755
1.78652987282002 0.2512327447826628 6756
0.4364248698876052 0.02187349670034679 6757
0.1072238832209512 0.143354010125899 6758
0.6527743950555525 0.04613864550078151 6759
2.20636395929938 0.3157583548365017 6760
0.3649049117314566 0.4494263890980826 6761
0.07197463781830273 0.1884037578386831 6762
1.248451842346213 0.2230930561069806 6763
0.2160505908663495 0.1141205996199422 6764
1.755768667039982 0.10226833105327 6765
2.381749140803574 0.09558628449598922 6766
1.331106684925956 0.1959342810950524 6767
0.9092211603387491 0.1534581666089847 6768
1.382164094919759 0.04595362862395921 6769
1.103559755354273 0.2038198009023434 6770
1.654276632719747 0.03105715484758942 6771
0.4888496655278906 0.03416714759088673 6772
2.29535351105249 0.3555264808110254 6773
1.671144805860391 0.03797335701989286 6774
0.7344601124113872 0.02159885101418165 6775
0.09636131567871643 0.008974752284424441 6776
2.124642199551453 0.08479729876139683 6777
1.810223847643447 0.1714899109927676 6778
2.178831460017295 0.03282311226460315 6779
0.3649354804466146 0.4254153443185014 6780
1.879590995937854 0.181346835706764 6781
1.919433927834112 0.02135066927632434 6782
2.075916877176243 0.1583772721122513 6783
1.03570074557513 0.1788925182500509 6784
1.848086887648329 0.0473750177823424 6785
-0.03077742350568425 0.1470127375282642 6786
0.7738361944127272 0.1782002783038076 6787
1.607986810829692 0.1032652875846411 6788
1.478124969169645 0.2429514716793157 6789
1.835406758989122 0.05710417910560234 6790
2.353758943127288 0.3022263874555133 6791
1.614056462380915 0.08723995309024829 6792
2.079243626302299 0.3335487692538374 6793
0.5202754263936358 0.0886144930812803 6794
1.778765605220931 0.04210084392367641 6795
0.8973155656341212 0.09835042758216694 6796
2.010256299464781 0.07103115379180679 6797
1.830275031531006 0.212892111521388 6798
0.01347776030479287 0.2886903336212345 6799
0.55848521358596 0.1042406911997455 6800
0.268078933854026 0.1194843398841102 6801
0.4541078168799837 0.07221755642421651 6802
1.311691796517403 0.2301247386768439 6803
-0.1449870133980667 0.1246407212557284 6804
2.589100403028236 0.224317742876758 6805
1.496498348298522 0.1618576957055706 6806
2.204702935289142 0.1786549603964146 6807
2.986990497765611 0.04967964621999598 6808
-0.04654969807798036 0.2447338092882144 6809
0.663436803123423 0.02657722679987777 6810
1.044717109130518 0.5415512730378568 6811
0.3134848376811563 0.04470120635511397 6812
0.6398055362046731 0.07636498785273621 6813
0.8028712709298966 0.0854587288260881 6814
2.167856377913555 0.1735716043974612 6815
0.6405323145958646 0.0323690610340001 6816
3.335694868903246 0.02209734294819225 6817
2.267398293555837 0.3390260696952174 6818
2.705174945491687 0.008698041411214653 6819
-0.1794340659298169 0.1183224611971842 6820
1.593340848185658 0.08249666599882513 6821
1.499120454750626 0.6613466183903256 6822
2.490183646132272 0.1768335802586361 6823
3.36448832239221 0.02930586814970654 6824
0.6382192545158093 0.09854435991637187 6825
1.524253170802102 0.1575586313588614 6826
0.4167840823499105 0.1071424864363054 6827
1.725007539294687 0.20075041506532 6828
0.5868111123318845 0.1001304479120151 6829
0.8953539406690989 0.07934182665638018 6830
2.670252210207045 0.5018778704143013 6831
-0.03919790142811021 0.1656626045103737 6832
2.078979208679174 0.257673473337399 6833
1.661075702391774 0.1663048516286976 6834
2.421623406887284 0.2545676994015916 6835
-0.1584146089550421 0.1705039261849198 6836
1.493580143133965 0.02604969656146103 6837
1.618728666141865 0.1830573923675816 6838
2.723782989080027 0.0373050335802791 6839
2.532152677552737 0.1064858771801335 6840
0.9442054342494284 0.1888546060887921 6841
2.106310946428868 0.249196012721363 6842
1.625394998036563 0.2677248258071996 6843
-0.2071471047471361 0.5632424348649274 6844
0.105440620422161 0.008919306040298109 6845
1.96603263282296 0.05134590502291414 6846
1.094445465330762 0.5441943516616462 6847
-0.06446503106706841 0.02745935017418283 6848
-0.3632738570294209 0.0241324848838775 6849
0.5336904520066745 0.02551144182373547 6850
1.897492126211426 0.6499645350447829 6851
1.932547443823935 0.2921787955549737 6852
1.488045049089175 0.2587577983933425 6853
3.026698268205855 0.02283776318784602 6854
3.043639521111334 0.02296704096970192 6855
0.6070328281614902 0.1675895561457228 6856
1.581309811773504 0.2533266745467327 6857
1.67287854866896 0.00887375772384205 6858
2.218720904721318 0.3674404195850789 6859
2.264027246470874 0.2699713600033071 6860
2.13146604091294 0.07817504078027479 6861
0.3599250431851275 0.1224540785277649 6862
1.854529898106288 0.2803237127290328 6863
0.8453628448682252 0.008203680635919558 6864
0.5432751589238014 0.1556661075858459 6865
1.630780872337202 0.1694900395566653 6866
-0.3756286490844188 0.09190473401081037 6867
1.838802644541472 0.03903872979501085 6868
1.375633195680491 0.2137608983887549 6869
0.1843722814190081 0.3169757681710484 6870
1.887458231793168 0.05179126463380421 6871
2.061957620847044 0.2561255628552936 6872
0.2875332659637389 0.009039474050773637 6873
1.701215641053558 0.1815959570941325 6874
2.893959416157247 0.1977603772194066 6875
2.294842389311066 0.3274880766365986 6876
-0.3482819742565749 0.06463791759208329 6877
0.4695571545024914 0.4650717819766346 6878
1.348711251499983 0.1398311148491628 6879
1.494756678762267 0.2089860210404961 6880
1.790029038081723 0.2198428553745169 6881
-0.1582185966405498 0.2974408727015509 6882
1.932070866545177 0.1274858666507156 6883
1.075279312153559 0.06251369825090122 6884
2.015431194096614 0.1639715079560572 6885
0.8791744118908588 0.1459979963558406 6886
0.6818036216816981 0.1005658034227794 6887
2.249747140457513 0.03221577037830388 6888
1.513167455140004 0.239390847543827 6889
3.170659057351873 0.07124181651727698 6890
1.084745307962443 0.0934129958234169 6891
1.003859594747324 0.1862521349366389 6892
3.058540873769487 0.05617019445072298 6893
1.86268634076385 0.2508536721211033 6894
1.059117475120804 0.04097889999011807 6895
1.755977753464651 0.1256997536005332 6896
-0.4037427470950503 0.04559068223525393 6897
0.001234508699035887 0.01147093182605255 6898
2.201922592609016 0.3251668229575457 6899
2.108426995983075 0.2101503577815107 6900
2.828523917979002 0.04697744466366086 6901
1.974498817455113 0.03568490906958177 6902
0.430255309315744 0.4534400316989405 6903
1.476385506744078 0.6290388078972904 6904
1.192598388717494 0.008100280235214015 6905
0.717586169244146 0.1544300930966938 6906
2.037433749412526 0.1565355757532775 6907
2.409331640379578 0.04004111720872504 6908
2.283684107323995 0.4212498535921241 6909
2.24363685407069 0.2669654886454207 6910
-0.339915011649795 0.08716884515604245 6911
1.142840093147719 0.5511031372211146 6912
2.024784918660647 0.2756513747159464 6913
2.274817634714975 0.1927405404140117 6914
2.043940419332226 0.1699457992033021 6915
0.01494047867714619 0.2068724866900458 6916
0.00208405202687013 0.2078062421232607 6917
0.5971496952045013 0.02165983930733025 6918
2.185899216210783 0.00809029538864996 6919
1.730443058825504 0.08385904410644873 6920
1.515902791411201 0.2282666774019545 6921
1.60540924611748 0.07084418969596797 6922
1.743571144153338 0.1346942799650939 6923
0.06018057234349058 0.2424635111502081 6924
0.1244684506632143 0.6742205639864002 6925
2.347087092665088 0.3829495168796989 6926
0.04487411819145787 0.07623014067507508 6927
1.295570181239455 0.09859610493365582 6928
1.478279631005853 0.1768382290547622 6929
3.053445753110121 0.5938900820877154 6930
2.169972096527653 0.2965294600149235 6931
0.9556114424529851 0.07722194277875631 6932
0.1423618522165782 0.09982984733406529 6933
0.1675419107865734 0.02057278447154803 6934
1.632718753759308 0.009100185438019263 6935
1.039466706948541 0.1107429554851174 6936
-0.1110875573533372 0.04936283452780209 6937
2.868572925432148 0.1343245164337648 6938
0.7643299278486972 0.1456840426273374 6939
1.020585001425837 0.1780732880056903 6940
1.165050356437256 0.07677819586937247 6941
1.518136003615956 0.125674694264528 6942
1.518524519593061 0.1171295329147513 6943
2.713943647027936 0.007619830785385667 6944
2.374262390842416 0.3314122432647646 6945
2.113700324955928 0.07271887543460974 6946
0.4131199935074685 0.1170290358381844 6947
1.404639368679265 0.1309042080683176 6948
1.90155724039007 0.01861631299177857 6949
2.140865807346838 0.08146989236593477 6950
1.192546022610348 0.5556394892709811 6951
0.7529392357085214 0.07610279113755666 6952
2.026722738756812 0.1980947941358144 6953
2.504576919086366 0.06626232204304078 6954
1.014521016049555 0.1600618836078055 6955
1.522111722551853 0.04068021159286911 6956
0.7817823516080189 0.1928252412535479 6957
1.613265579823514 0.05535263615815594 6958
1.149300364802241 0.03737569784511864 6959
2.31028478968796 0.1868269205219791 6960
0.8383726017653792 0.02123920969857334 6961
-0.1333677307854836 0.05185093091562689 6962
-0.2996822649590501 0.04970034680407704 6963
2.398863478728417 0.2091009393656915 6964
2.211544484291828 0.02432677130155023 6965
1.040835701155928 0.09455364620539559 6966
2.329282238210385 0.3203187857785486 6967
-0.04785435666997396 0.02172668094807535 6968
1.020251148520488 0.2168614549889114 6969
1.256163068868559 0.06873066194612928 6970
3.188075779956329 0.4776417720506184 6971
0.87191081352918 0.1104284672942288 6972
1.520491198390465 0.03008447124742892 6973
1.670960611785022 0.1694271827371533 6974
1.541169804488336 0.06383524720471927 6975
1.452350633888567 0.1649406382595063 6976
0.3911541415298869 0.09013013544125209 6977
2.183505593915078 0.2075196145115131 6978
1.303814639626528 0.2159165518696133 6979
0.2604865702636187 0.02181843077815837 6980
2.220897517943538 0.1656860719122057 6981
2.234256590474824 0.3107973727395899 6982
0.7073075774523058 0.03723173927798781 6983
2.48087697646364 0.1312298463865774 6984
1.145386838351829 0.216440532738411 6985
1.589441856862086 0.1564904456510778 6986
0.8665686927384711 0.1257977827904535 6987
2.132811708040601 0.3030649189373986 6988
0.06030258940045412 0.2585891158171167 6989
0.3380887129154975 0.03544807931416701 6990
1.894267895460826 0.2837590818804443 6991
0.7443234997624892 0.1050223023217642 6992
0.7681499244996155 0.09630852024629655 6993
1.420100762411942 0.2406412448721902 6994
0.9865961510691927 0.5332577136501557 6995
2.218572179762967 0.4446132089372131 6996
-0.334237890352892 0.04552506394475802 6997
2.052269912300306 0.04781633465909103 6998
3.384651767773672 0.1815379874025269 6999
1.242275544120397 0.5601894701582504 7000
1.721581445457043 0.04030643071263471 7001
1.743042835468188 0.1762891808844237 7002
1.015113591727908 0.09668039827325062 7003
0.9634481533205982 0.5318586605987012 7004
1.012850837089881 0.2025674224966789 7005
2.636592760813312 0.02228787024999922 7006
2.224390717411117 0.024272233438021 7007
-0.4785215051202658 0.1685216470887708 7008
1.937645715060683 0.2594640736744193 7009
3.203832548643922 0.1579205930487164 7010
1.943671232262207 0.2515419951030282 7011
0.8061318674204265 0.5153503916143652 7012
0.5708744895903071 0.0930580886708491 7013
2.20050932821063 0.4514845034975439 7014
2.150053640521182 0.03274964323876578 7015
3.145499713244105 0.02173364296769465 7016
1.424074963728235 0.03699741666662965 7017
2.411737842838252 0.2313400315711141 7018
2.096371588750678 0.2782597163127961 7019
1.871873247492019 0.04177445766436074 7020
1.596008114553431 0.06343350434058559 7021
1.631084702572075 0.1513682271326706 7022
0.5339900779825471 0.06273356945359557 7023
3.343538719388188 0.1212537059952195 7024
0.09898610460667343 0.211774539395507 7025
2.15862916097415 0.1241864888353732 7026
1.984831932172333 0.05948575138679563 7027
1.684019151459871 0.07224283491379788 7028
1.029869105015517 0.0478849472343291 7029
1.679943112723033 0.06355338616338135 7030
3.374871028139617 0.2131008367457573 7031
1.742550154193445 0.593250287225015 7032
2.120651179672372 0.1176588178872993 7033
2.162569628756579 0.4656389540955509 7034
2.706410099043751 0.0636066982348874 7035
1.831986139042676 0.008076032712602219 7036
3.071838655179572 0.08013612444476953 7037
1.658684241468954 0.1335095052496313 7038
-0.4159488602145409 0.07135032098880124 7039
1.82282715483499 0.1401986654100958 7040
-0.06469423942327962 0.07938989960751547 7041
0.145722807090971 0.3321676852530328 7042
3.437017558000282 0.039023867417933 7043
2.994999999998649 0.008493094746648526 7044
1.292043378646293 0.564620411221573 7045
2.211182623082635 0.2988378126188622 7046
3.426204943180628 0.02119853483089445 7047
0.791952227594672 0.09918477017836276 7048
0.1471737384943462 0.1757599384893547 7049
2.78955843633902 0.09445875148797397 7050
0.232055911126351 0.1231376802751553 7051
-0.2917169075218987 0.1717911965561488 7052
1.025923589363945 0.5367508431622777 7053
2.001046505509235 0.2556441145955934 7054
-0.2781613356743883 0.193183235507819 7055
1.003653544584352 0.5347694911805809 7056
2.060505105643615 0.3030644189360194 7057
3.474983216355431 0.01039957321686089 7058
1.110258784691288 0.1772992667939932 7059
0.02782196311864783 0.03396591860147923 7060
2.285459208565795 0.1432362709803494 7061
1.536289923382921 0.247816094665363 7062
2.080296596770432 0.04013204166475107 7063
0.3136882443309922 0.02830764434481847 7064
1.54791946188736 0.147110686293609 7065
2.036027176989462 0.04402937204252085 7066
-0.1855468900036241 0.00844234701405407 7067
1.722462381161306 0.5946182025907401 7068
2.1368037056038 0.03599765286668344 7069
0.6841233655432158 0.180204434793502 7070
0.3393491763312232 0.02123808411831867 7071
1.407167120434263 0.09183470799007365 7072
1.797401793696295 0.02885768156182064 7073
1.063612970411558 0.2008933686808238 7074
0.3360483121033062 0.1220419825165414 7075
2.925391582044826 0.2688226905819656 7076
2.325324808294837 0.277187038056899 7077
1.658251631693642 0.1452492350626475 7078
1.428397117222133 0.02226859832814519 7079
1.617084248548108 0.1023351268257194 7080
1.566176589509958 0.1337155055801675 7081
2.145428227748591 0.5747505975566345 7082
2.192384737476337 0.02259818187396907 7083
0.04992720976256604 0.2266498947246391 7084
2.167438535249132 0.2868113376367221 7085
1.701958930015243 0.5921442756814358 7086
1.03974867075427 0.01076832946398472 7087
2.058273644847691 0.1575885327229908 7088
0.7442271679353144 0.1449008586242968 7089
1.897767385593079 0.10680618338562 7090
1.672858961173406 0.2565461796441543 7091
1.49700551975747 0.008836283020982785 7092
2.143667370039228 0.4753006555614594 7093
0.423321353239734 0.132286970078434 7094
0.3641255632279372 0.08805453606876484 7095
1.380332502054898 0.07096751252301091 7096
2.243291642322331 0.07186759295638018 7097
1.527587381880923 0.2628828379011437 7098
1.164663071662943 0.04491210385152215 7099
2.584665001260462 0.008342562831056461 7100
1.53990897373564 0.2006370606211565 7101
1.269981483403333 0.2097454182928724 7102
2.720405108514541 0.2348583319690632 7103
3.005338451251816 0.1613372067083371 7104
1.547083738334254 0.0785565288553691 7105
2.13467601155458 0.2871363569029855 7106
2.137558520902807 0.1389576251005729 7107
-0.204294431425535 0.1345536189111271 7108
2.015733963914891 0.2158944786905151 7109
2.068833477416048 0.2753558386051002 7110
-0.2045495768225746 0.008437870443196955 7111
1.311802266635171 0.6781156613509648 7112
1.361434522931516 0.1153231789107086 7113
1.736433279435861 0.2364060445517298 7114
1.168562664952856 0.2034076122699492 7115
1.836941146493013 0.2425012179768203 7116
2.252304213270806 0.1177773778493578 7117
0.064548174239376 0.2339543508133161 7118
1.067060656472017 0.5868546583949554 7119
-0.2224786140839232 0.05299301010006005 7120
2.343082101498542 0.2696005512817694 7121
1.016346215796877 0.5824741663199383 7122
0.1961197046493105 0.008260651227547528 7123
0.4992333174088874 0.4708651967865446 7124
1.977289234203945 0.1146302840804614 7125
3.090626916079707 0.1130254934296921 7126
1.940496772719829 0.06591382244259281 7127
2.162606389207046 0.3298644334763234 7128
1.466593194642008 0.1520609766172938 7129
2.082594842368609 0.1895888268645907 7130
0.6491530661121563 0.1017046262933552 7131
1.3097718556433 0.03602535726895156 7132
0.01509078234947129 0.0214984962803464 7133
1.82050140021121 0.06407543775688262 7134
0.06618905065616304 0.02102346544415072 7135
0.1675607233174168 0.09728702600383586 7136
2.077787206105913 0.07074056654118695 7137
1.968827204067537 0.1518262044514159 7138
1.912766214414792 0.5656229205352201 7139
1.480791151318682 0.06410259510972913 7140
1.686372542364245 0.140581498374799 7141
0.538798408991068 0.4779874441416075 7142
0.1789803310982844 0.04815897880765695 7143
-0.3950000000001633 0.008048605697707279 7144
1.93185122792284 0.5571595920989264 7145
1.872695012443997 0.194605763432402 7146
2.948669825092954 0.06922537400728715 7147
3.18802180217246 0.05766849112904286 7148
-0.4350000000000988 0.008048605697709073 7149
2.037726412608464 0.2484345132610811 7150
2.735260490065286 0.02918101370700672 7151
0.8558333539276766 0.5206123104942899 7152
1.282669635333331 0.07583150170988233 7153
1.075363128884286 0.1532634442180019 7154
1.60560655511153 0.1442849652020788 7155
2.910336438126469 0.4260146996300048 7156
0.894406437753001 0.14097148732884 7157
2.038895735470694 0.2651518710182757 7158
1.950600681114061 0.5468839231914386 7159
1.942399387233277 0.111666393742329 7160
1.310282272224266 0.0474215907128737 7161
1.716733371573226 0.1851872559829624 7162
0.128420716567272 0.0595010690316262 7163
0.6891649108566907 0.1457236491339675 7164
2.17919181968533 0.2293896007975729 7165
0.1429426936919698 0.06707130984551692 7166
2.387332696657087 0.3327595817100359 7167
0.8561567342776708 0.5699225360244915 7168
3.291705231883665 0.1725448350708114 7169
2.114218999989327 0.3298226681713523 7170
0.02739744941258807 0.09616952234216478 7171
1.859189522695433 0.1635832480796656 7172
0.5582362916549974 0.4810963867083027 7173
0.2003741381147199 0.04169093787305617 7174
1.56050809758308 0.1829264154521948 7175
1.951045026802069 0.236328886126446 7176
1.958331477955108 0.2304336200341789 7177
1.647820648279372 0.2470955788328527 7178
1.483247658738213 0.09327455997102491 7179
2.610061366686442 0.1843895911962614 7180
2.286391322846018 0.1102105974261068 7181
2.209537039538261 0.3530972187515292 7182
1.537823074302193 0.03796984975650952 7183
1.17939220616092 0.2335741214746675 7184
0.8828222853385053 0.1283676954634285 7185
2.24845121695738 0.3184496684979954 7186
0.5988701856685162 0.4877544908337206 7187
0.6741378835830917 0.00815314358674162 7188
2.239863112560412 0.325751821163462 7189
-0.01314187967762429 0.1498944844700632 7190
2.317486632216607 0.218170854401006 7191
2.417111897895536 0.1579678031015113 7192
1.987516757815167 0.5318275706612666 7193
-0.1353245320017328 0.02396990404226787 7194
3.350590034960011 0.6814803720268667 7195
2.048134424768103 0.2447092529777466 7196
0.5859048486166476 0.03500647979373904 7197
1.987480603992603 0.1756819665902049 7198
0.1670775263370707 0.08266439889526309 7199
-0.1839833324049451 0.03047055425482385 7200
1.646666419506673 0.1475092893815834 7201
1.967950374882345 0.2348754637208879 7202
2.86380298811447 0.02274133128697786 7203
-0.4867650661865549 0.07486391726103275 7204
1.719854602382111 0.2709146751258213 7205
0.6124171796929415 0.108057335937307 7206
0.40422562248795 0.1006963843283158 7207
0.04016777213714382 0.295823875572339 7208
1.802458541564831 0.274608207985736 7209
0.8336564615516564 0.04755281264832974 7210
1.947752108146386 0.2695512660332953 7211
2.882428489737219 0.2497863291691136 7212
1.369286673637404 0.05766677596565378 7213
1.194466737323066 0.1469069961608673 7214
1.801106509335939 0.1211003617420399 7215
1.965641616008114 0.5393926996336006 7216
0.9868698134617228 0.06703121778379258 7217
0.6370051628390524 0.4932202116587964 7218
1.12992547415952 0.1428779003401718 7219
0.1304798019508072 0.1447884538817732 7220
2.471258634298014 0.08495013375808873 7221
-0.2847381990107284 0.02384741994936587 7222
1.448349835419913 0.2555325588165336 7223
1.405256020905629 0.07935806041663505 7224
2.149693909291702 0.07608532343506672 7225
3.483531386861213 0.09372895744691009 7226
2.138775514461179 0.1495314745112733 7227
0.6375044262071771 0.5271187029089585 7228
0.6994474368280961 0.1586843699821285 7229
1.201590522711494 0.02105678381554432 7230
0.6772007073090774 0.498894685036226 7231
-0.334513943195186 0.008290120346155838 7232
2.434345812633692 0.07590348133148191 7233
2.322489164725561 0.3349766005870978 7234
1.621042025413678 0.116017179140672 7235
0.5936447654530683 0.5815863240649972 7236
0.5534155789690585 0.1586681895689215 7237
2.826623746794859 0.01030145837469704 7238
1.842454574780497 0.1451703224543018 7239
0.1584824711783221 0.1608418618685956 7240
0.8013952416375429 0.09750523807903465 7241
1.871213890812781 0.1529700632813196 7242
2.464967513225634 0.008381727095031506 7243
0.5886713755896353 0.008944092614972664 7244
1.258457739855549 0.1039020120114845 7245
2.026935043759102 0.1688267743461552 7246
2.755365220957634 0.1278405528842988 7247
2.731892423977477 0.1309871432590006 7248
1.958059345923448 0.198488782193005 7249
0.5276337509844766 0.1521229849436821 7250
0.03185756324367053 0.2281630775444818 7251
0.8339197655382097 0.03630717393643743 7252
3.343460716902082 0.1705486032138439 7253
2.161876234452559 0.2562810691098269 7254
1.15037372653905 0.09986699697825596 7255
3.053740468165778 0.1798016682230616 7256
1.044368568099037 0.6110034848255826 7257
1.199202481595823 0.206750860952903 7258
3.373502182282794 0.009954418844230359 7259
-0.2950583012059422 0.008587190244026207 7260
1.534999999994814 0.007534579114008646 7261
2.195630803738408 0.3003918206494953 7262
0.1006214387293026 0.08315334605896832 7263
2.104598898386642 0.3400204460348807 7264
2.085036005653371 0.02248857503481294 7265
1.210226103884631 0.1133771306683979 7266
0.6568676567408825 0.07449441635818566 7267
1.867963618927249 0.08051592800747127 7268
1.4722742453448 0.06800142398217747 7269
0.682883025593739 0.0512115664871824 7270
2.117748617058264 0.1646787337387194 7271
1.346444441628135 0.1107383315685231 7272
1.332706693094652 0.1448363082047032 7273
2.040317790717141 0.2741287084977744 7274
3.163621068085012 0.01006829230695695 7275
0.2223436028468804 0.4040154601002947 7276
0.3189735474135201 0.1195728280905232 7277
1.014282584313364 0.1479925303682122 7278
2.566475857317769 0.01058028356121686 7279
0.03706097930699007 0.2353523002430166 7280
1.223596481154575 0.1936293324713261 7281
2.097926694377585 0.1012541528870576 7282
1.073673361158133 0.1346930096774485 7283
1.579669252352232 0.1527155716586563 7284
0.6967002817819808 0.5010717359105532 7285
2.493321604700691 0.1009486808375446 7286
1.580040689388699 0.2254791644367597 7287
1.022787054990742 0.133300577095052 7288
1.11741894565974 0.5918099071776755 7289
1.940335934770372 0.2806358283955542 7290
1.682338869048175 0.155371986856077 7291
2.932318658983927 0.3344407893478144 7292
1.206101800245877 0.04407805531441462 7293
0.02002294214490187 0.2143416953950505 7294
3.194999999999244 0.008179821050140458 7295
0.7698117584153336 0.03727117782601048 7296
2.05294838545802 0.09354728872432982 7297
2.369701746068398 0.3512242476868501 7298
0.7370084974813484 0.5061221603346119 7299
0.5973013521469919 0.1515808678588853 7300
0.370131349889907 0.123392136916628 7301
1.075553193533701 0.00783953485854186 7302
1.731320914567219 0.2161561758276589 7303
-0.3257356512403071 0.1538244387047059 7304
1.25958439898415 0.04202981476971168 7305
3.248910232667455 0.05655523380363118 7306
0.8583428372471766 0.09741480805215903 7307
1.62538523128782 0.1254281670515891 7308
1.30281033574717 0.06116354926763558 7309
2.225798514239402 0.2161368435405499 7310
1.131182305599467 0.2136849697809799 7311
-0.3577657121194989 0.2585906910108169 7312
3.115342584984847 0.1199284427697296 7313
1.233826188130039 0.00815366255608032 7314
1.156685058663686 0.02033359621758443 7315
2.119401619693154 0.1906347340785629 7316
0.495211271399934 0.1465545373638723 7317
2.03344342906985 0.2878391328490216 7318
0.6063645087639343 0.1508937520587058 7319
1.429231205642175 0.06338755519728301 7320
1.098909822957113 0.04523696535979176 7321
0.8757437163615865 0.5224260039847789 7322
0.8956275506696234 0.5244740320600325 7323
1.249020727890602 0.6960997516165015 7324
0.7562262579324829 0.5088281738835555 7325
1.503188490927095 0.1253989093674218 7326
1.250649935630921 0.2392042560376515 7327
-0.4885486646412729 0.03978480316682632 7328
0.1105850645989509 0.2234418237349352 7329
2.158353939851774 0.3381121150613612 7330
2.179866769599097 0.1604004203132195 7331
0.1594546003779576 0.1367183933650314 7332
2.000624347752023 0.1801949572258954 7333
2.292765406193297 0.03559818187704311 7334
2.348793410519303 0.1179717071826204 7335
2.168569014522897 0.08217908153598803 7336
2.14188742218919 0.04961108526605131 7337
0.0393171493254682 0.3367696690117462 7338
0.1130129622895598 0.1261031625041602 7339
0.2246719921526905 0.0979956644129881 7340
0.7343687293231258 0.1875234029120363 7341
0.3894782212124406 0.05986153392105521 7342
2.082792536156828 0.2941266336779516 7343
1.396057991987691 0.2525976601613406 7344
1.996160801659467 0.1642306606219171 7345
0.01900374703044386 0.2373463346845777 7346
0.6772665039049179 0.02154361127881206 7347
0.7243765914625679 0.597740704069215 7348
2.229833915380167 0.2585743253809037 7349
0.7308829189264926 0.1722953550848377 7350
1.398733044394455 0.05256509649466726 7351
0.742000649380718 0.1702319964342219 7352
1.714759851632285 0.2292971248044995 7353
0.8260683136027379 0.5169569914146079 7354
3.435805276011934 0.1902821405252237 7355
1.871058782049527 0.238910413060918 7356
-0.09760538848249228 0.0797648514048549 7357
2.146788473274455 0.008391050097443405 7358
1.059187151616295 0.05818378450391114 7359
0.7963241050757029 0.5133007996635393 7360
2.050078218687086 0.2165421483848831 7361
1.209422972441006 0.1874253978561732 7362
1.532270391299185 0.1288612973370747 7363
2.305007421584896 0.4342048155370276 7364
2.381648631519008 0.3846943578993652 7365
0.07813757208521699 0.2440499106628808 7366
0.4374573222724539 0.1237519365812698 7367
1.083321495768034 0.04654035347000587 7368
-0.2347364959500257 0.3786411412656484 7369
0.1561050126834865 0.07326430290663705 7370
2.382727066780216 0.3518466914670937 7371
1.364942693351968 0.0248485378006382 7372
1.554625940063272 0.08533617485490927 7373
2.439750275371126 0.3477011625167589 7374
2.429742402382655 0.36119571217719 7375
1.653736413589685 0.09951707173611501 7376
1.402654010584814 0.1713153957470118 7377
2.250372962041305 0.5678741661407183 7378
1.445783719257853 0.07502830547620619 7379
0.7331667003305858 0.125288726574366 7380
1.480050675724694 0.05380313240659447 7381
0.2412862525335864 0.1220239195160618 7382
1.568411900638698 0.1980975023248498 7383
3.065537375486102 0.2930540877615717 7384
3.017106637008378 0.2084236367914618 7385
2.251798058733492 0.3712484662720795 7386
0.7211687302993131 0.07740184573044964 7387
1.586705312157201 0.0395146916407347 7388
1.577703295713876 0.1706334004657984 7389
2.168565558570308 0.3128775308533693 7390
2.664553970994358 0.0494345949857881 7391
0.1689864016090573 0.1496601489131871 7392
1.970768732233748 0.06689110668269614 7393
3.362037318584425 0.3817112436154436 7394
1.596972092965992 0.1282808091449511 7395
2.120281678185514 0.06199318146870578 7396
1.46041777939296 0.07882071609129623 7397
2.094203325872026 0.09065134897689754 7398
1.615327279938186 0.2687887206569691 7399
1.594768456037619 0.03532331569277575 7400
0.5191182450349124 0.5657186529837359 7401
0.7885724773193434 0.1448553926174866 7402
0.4020061904028485 0.1164766086873769 7403
1.358202942285418 0.2486705000239909 7404
1.588360781693173 0.1836845564100014 7405
2.085180433899893 0.07936450361128354 7406
2.007960681197677 0.0882187963193051 7407
1.348579291718149 0.232901539989551 7408
0.7015387491621793 0.06627574994447513 7409
2.250893816461475 0.1499618368294544 7410
-0.2286373189266494 0.08603063503280629 7411
2.116410377472587 0.1812247765535472 7412
1.433716753664195 0.08996779555005954 7413
1.64069051352837 0.1379260286406274 7414
-0.1843896631791255 0.08570515468773424 7415
1.856687160271013 0.09156257354563505 7416
0.9212575062653656 0.2081268545444913 7417
0.9665747379712784 0.5778204656945388 7418
0.3946515454723726 0.00750074650416057 7419
3.322715440851212 0.05467614256612274 7420
1.063616030969213 0.5415278927747936 7421
0.1747896884103775 0.3372689483247797 7422
1.480906184353889 0.1610485961485547 7423
1.422169869612564 0.09663667452092434 7424
2.08960166982897 0.1504569745047555 7425
1.763896886845764 0.2614744600470574 7426
2.08108796154107 0.1432127844983425 7427
1.341945356106971 0.568653763871131 7428
0.5416745425242386 0.00785807805637722 7429
1.696025523080302 0.08507867177852715 7430
1.321845814615911 0.1327895879402013 7431
3.453900604720669 0.0263701296076066 7432
2.505009508572007 0.007959653602446456 7433
1.537279097086034 0.2174291325004813 7434
3.282934432494889 0.009858412081673873 7435
0.7453907977434484 0.03164825345929616 7436
2.113791892098378 0.1002373573773129 7437
1.831645541383853 0.1326285772331509 7438
2.247805585044241 0.06158154119927332 7439
2.155517733952903 0.3225961947126 7440
0.933186596782842 0.06054247823621992 7441
2.297684383690849 0.08201229102252848 7442
1.62812330867535 0.257120343069817 7443
0.06284154588849357 0.06856236254771206 7444
1.15983177066065 0.0376250047447123 7445
0.6575498133960136 0.1654601527947263 7446
0.1273698276542752 0.3095789769299261 7447
0.2326857129327915 0.03790937650080409 7448
1.46544518906883 0.1145507724383431 7449
1.602552987850971 0.1844747108458346 7450
0.9687335535620447 0.1699680869984831 7451
3.32423123772744 0.008715941377257485 7452
0.9611393659977707 0.06907021806919117 7453
0.04623437452656359 0.2348247942981265 7454
0.6299301050566232 0.07150422156052386 7455
3.414538043472057 0.008388963583935111 7456
0.9482703909375735 0.1413214791732674 7457
1.908735621445002 0.2155539480642551 7458
1.794782376496491 0.2053590015472929 7459
1.592568126575052 0.1024209460677059 7460
1.977918817966772 0.008932443076635788 7461
1.58790731415545 0.09352134699837167 7462
1.15507016507762 0.06594149628147954 7463
0.9395505786548131 0.1547464156679329 7464
2.524999999997433 0.007658634760061725 7465
0.2264795171698619 0.1133522567077568 7466
1.252528782564792 0.2048701752175883 7467
1.308635120239505 0.1606844450210902 7468
1.303908711643178 0.1336466477301891 7469
1.113333469751822 0.5460529812324421 7470
0.5261623813785059 0.01969752168431571 7471
2.187891761818967 0.05296598702923843 7472
1.463622482401743 0.06112750873818557 7473
0.1702008102619927 0.03596040100770462 7474
2.073682548603427 0.175368494338887 7475
2.178035365536998 0.1715328381230515 7476
1.384765645796975 0.2198819786385131 7477
1.468097091532116 0.1729782432393983 7478
1.587380000300148 0.009743657344357672 7479
3.312692767954815 0.07703755416899422 7480
2.685125555463946 0.008807950516672979 7481
1.364614669209426 0.2007356540514008 7482
1.989777572878822 0.08425203137021592 7483
0.02166767489138747 0.3132386290355352 7484
1.409922926835188 0.06140958186679665 7485
1.793121936983532 0.1494594748250186 7486
2.117249054892675 0.1337825607921582 7487
0.3814368438632789 0.03380231992218077 7488
2.13044963240623 0.257424185460418 7489
1.596457579063926 0.2520654509890621 7490
2.463342141372561 0.07531079004534144 7491
0.9595980329948901 0.211840420305725 7492
1.561858249693116 0.1008001439426172 7493
0.09404722599775232 0.02158601340111951 7494
0.2653786139600329 0.007037482423274678 7495
-0.2116493909532957 0.4121170260020324 7496
3.277748972826454 0.06258328689123142 7497
1.67441967029255 0.1962881667055414 7498
-0.1383866753163803 0.4279645460458705 7499
2.149077832676596 0.338697704102579 7500
2.098645549405254 0.2230764004255856 7501
0.1803203852888952 0.008860011720167791 7502
0.3284406389522678 0.01984222273203883 7503
1.392123742583821 0.039136822121217 7504
1.89652013114404 0.2737114260712477 7505
0.75130954750933 0.1385075605793133 7506
0.1593797657205147 0.3117586075153774 7507
0.5965104412974649 0.1283183943209961 7508
-0.04245586843261311 0.04173500215082101 7509
1.164142688209234 0.5494850807532531 7510
1.104581357041289 0.007613099828474678 7511
1.956517042590982 0.2591071699806384 7512
0.4389732892656013 0.1340223458915772 7513
2.286420051704528 0.2250607798906922 7514
3.346413385711907 0.04134604672362328 7515
2.980504684655444 0.07233748126476695 7516
0.995239936322057 0.5327876745039549 7517
1.034920792634246 0.5372685153276625 7518
1.167136441343065 0.5962819200718659 7519
1.956184822257728 0.1642318490218893 7520
1.844690740441147 0.2492677331090011 7521
1.585240486852387 0.6579148610326931 7522
0.0469666608458751 0.2502589833327082 7523
1.499750391058124 0.1544595356206838 7524
2.256293300346222 0.02316729812596274 7525
1.176271359247574 0.1449726352591906 7526
1.446580271043874 0.1336237411720775 7527
2.37075249729959 0.1483350679548152 7528
1.390702241301289 0.02856480790213963 7529
2.876197845275689 0.05673985106376318 7530
0.09684879267883607 0.409061853466566 7531
1.38238856471869 0.2296178793124307 7532
1.457012984418001 0.2566853818675683 7533
0.6607475847363564 0.5386966776091588 7534
1.635628886532768 0.1226516292409266 7535
2.030561812125597 0.2241939071136366 7536
1.283254694644179 0.1289836752500103 7537
0.07909803038608146 0.2600871778735371 7538
0.5939198503534066 0.6610690667326633 7539
2.895274337929577 0.00847190577317047 7540
0.9761572754209311 0.2046895967200133 7541
2.674568063851274 0.411575781663735 7542
0.1206669297113277 0.01950731901796061 7543
1.38099026522886 0.09858196579819417 7544
0.2610293504176665 0.03903105266349827 7545
0.2419969316005788 0.0965978496366601 7546
1.192469180648292 0.2209717096809237 7547
0.4466744201291806 0.09160822044583741 7548
0.1950994893783606 0.1356029230484742 7549
1.869758875836508 0.0714291882086307 7550
0.3268872885320096 0.03470818660758601 7551
2.309119818562888 0.1056283815661429 7552
0.7246235773349122 0.04167143761916932 7553
0.7079306064620439 0.02033505455323845 7554
3.42536852938182 0.2216693125954952 7555
0.4397791939613722 0.07098097355205979 7556
0.01666183187940513 0.3756572457653572 7557
0.9055163193231116 0.1841754548151085 7558
0.9506013124757692 0.03959273314924486 7559
0.4505840692450215 0.06106427967460244 7560
1.464159142737353 0.5750560722066934 7561
2.62488460193433 0.07512936052880356 7562
2.151385369600218 0.1568545083047165 7563
1.213856412228321 0.5540407933414561 7564
2.56985432585761 0.1747655469905119 7565
0.9224393442332084 0.04550933506547226 7566
2.914808840367045 0.008520322466641299 7567
0.7960607875757388 0.5687396530256754 7568
2.441901959384809 0.02963597045884243 7569
2.058572606774212 0.1112178877937975 7570
1.503201262720928 0.1172089717825277 7571
0.1882437391275849 0.4194228744642681 7572
1.088581675159966 0.1277193468443739 7573
1.298939539419262 0.03537523515181262 7574
3.173500213308625 0.02761699866173671 7575
1.503339675301816 0.5783101919540912 7576
1.481237213573068 0.5764066049351201 7577
0.02084639801970344 0.161649995968894 7578
2.632453111705546 0.5432093257028372 7579
0.7026758115663373 0.1390833334064648 7580
2.230011223911169 0.2480101335295073 7581
1.084631619138242 0.5418601660039104 7582
0.598361958251428 0.1664899239915182 7583
1.0413511592656 0.01965796888844971 7584
-0.3522295540019759 0.03857105441697182 7585
1.456415005266844 0.00921376673540656 7586
1.870596898585 0.09560098023513697 7587
1.044339945821398 0.5569554899860663 7588
1.797639119459709 0.2265924227790636 7589
0.9729559425547181 0.101137410339828 7590
1.779361034411459 0.02697575093502662 7591
-0.2830478942595068 0.3427722100231827 7592
2.304050286542557 0.007814938916696882 7593
1.317281150559729 0.1465041906114135 7594
2.19614061499904 0.2883287945033668 7595
1.675879300312874 0.04771582452573262 7596
2.165772427073247 0.07445195601712708 7597
1.744794240473602 0.05340739573481323 7598
1.26298715991589 0.007628259259534656 7599
1.508713541928926 0.0840895717171983 7600
2.917222928580487 0.0862554161652445 7601
2.293390129833442 0.1949891799230179 7602
2.970951751459241 0.03251487819280273 7603
-0.4516473490867985 0.1313494014037218 7604
1.974218461984317 0.1300758982116945 7605
1.083004885211499 0.1191776493801817 7606
0.5965294626414493 0.07117480900476671 7607
0.1532183077494777 0.1478105665695919 7608
-0.0368802698726917 0.3874546511167581 7609
1.263595203731468 0.5585462248166609 7610
0.05142823419881946 0.2581683769914554 7611
1.405250374229073 0.1046958145394008 7612
2.141608369642365 0.08984628831728506 7613
2.317883612816899 0.1775565447289568 7614
1.137994862892933 0.1102358579900522 7615
1.678649775233169 0.02059453783197168 7616
2.336144447665336 0.2784219449002932 7617
1.588412342665616 0.02142189366419163 7618
1.416274858860294 0.1736826434691853 7619
2.269613151079102 0.3490127079283335 7620
1.09493452012862 0.5622745141033162 7621
-0.2686120619481405 0.1113415784653785 7622
0.6738114816018429 0.1682258911744555 7623
0.7465120028147567 0.04564695516367854 7624
1.810073957296584 0.2619676809511332 7625
0.6146888344281292 0.007540415571997871 7626
1.145292350327539 0.0068893722359177 7627
1.134097796204023 0.5467443593474723 7628
2.764116702352734 0.008658353636772692 7629
2.008917174391725 0.2638777621384631 7630
0.8797820958504594 0.07082312575076635 7631
0.1216187544148416 0.2194056468157102 7632
1.873398442772095 0.5773191235079608 7633
0.01438411517743 0.2800123021397636 7634
1.164612347316564 0.1672218467619442 7635
1.604207899886349 0.0485958680225092 7636
1.183022230398599 0.2055740413088752 7637
1.893353886174155 0.5730876421946157 7638
2.786014018755508 0.06177761259385771 7639
-0.1042465134104415 0.1543219321246546 7640
0.6940053307815608 0.1203082754036414 7641
2.354999999996991 0.007387823605565238 7642
2.192644122803681 0.06303543261765392 7643
1.352230828292616 0.1669212005211734 7644
1.077305988792516 0.6890900261664685 7645
2.769734039072963 0.07094722723360446 7646
2.502692623077937 0.4411548427574767 7647
-0.2815575899375801 0.2881366571631507 7648
0.4470367333898568 0.007962693602520049 7649
1.994760674635507 0.2868630329731843 7650
3.074119730445051 0.008668664891861987 7651
2.232018787184602 0.08692046125124864 7652
0.8643359426732369 0.1612906137419177 7653
2.294049204375465 0.1017860700517578 7654
1.313069530820601 0.5649324409593359 7655
0.7722459335286909 0.1196571450499734 7656
2.412174103520014 0.1335190692550502 7657
0.1945055914661484 0.3322274989572909 7658
1.123796289019499 0.1654158196176032 7659
1.821629695597796 0.1567175507215123 7660
1.183807453569558 0.5512678202010771 7661
2.528248069022093 0.05517695076142855 7662
-0.09107626465863741 0.05861468802938687 7663
1.11221834248957 0.07496954356232109 7664
3.339344148694208 0.06265207905236371 7665
0.4666958687810095 0.1185644864124991 7666
0.8021505387306083 0.02153478984120339 7667
2.412045178076403 0.0202673798956008 7668
1.928665891113449 0.1020460467565412 7669
2.150673514423625 0.1032037655294898 7670
0.3106209945843851 0.01907783494182153 7671
0.2944560815982513 0.08615268316115533 7672
1.353052239862242 0.06126245192729182 7673
1.709766866367573 0.1235849023806349 7674
1.841810935890277 0.1834915679116429 7675
0.3854655534999365 0.1142626059102561 7676
2.163593647743082 0.1657396449605446 7677
2.116677130189382 0.2210339558422122 7678
-0.04203019107486894 0.3476917351470533 7679
2.625096579477457 0.008191335970186585 7680
2.157743957709457 0.2409115288096844 7681
1.491442628572487 0.2487327294295686 7682
0.1453108342404664 0.3044824887375722 7683
0.9029224660020585 0.02129772602579752 7684
0.5363900671367536 0.1285314195983579 7685
2.28480465895831 0.358869440749064 7686
2.141758706383401 0.1181682896324861 7687
0.8655778344612176 0.07180541210899097 7688
2.808293935770392 0.05126099963759221 7689
1.216264649421952 0.6001536096043728 7690
1.992873420882201 0.1956547586200481 7691
-0.2689289964899615 0.07741364894984745 7692
2.417945401120773 0.05548024676102462 7693
-0.3852125835970297 0.05315288343705731 7694
1.73009455232885 0.6700750729054573 7695
2.047043249196189 0.2349897854044353 7696
0.2842821961991328 0.1189711887406589 7697
3.302638850181343 0.04944309031883756 7698
1.853508077827702 0.5819439485146868 7699
1.957662606240435 0.542071949907482 7700
1.437647109027209 0.6233151868127317 7701
2.394132834234044 0.1525516621254643 7702
0.5674202914737979 0.0464853404253916 7703
0.6566281504030379 0.05669959171777531 7704
1.233530152275523 0.5558166359687207 7705
0.03425092670807935 0.2849486450976768 7706
2.4631045386853 0.167051561981301 7707
0.7785908279804794 0.1408361550803266 7708
-0.4514393146357389 0.4279123248369818 7709
0.5334161405906847 0.07816266641704583 7710
1.903569839911721 0.02686879821001262 7711
0.8484628461262607 0.1362980711964527 7712
2.259820848130559 0.4531747060793208 7713
1.429308382804707 0.0809955386299815 7714
1.021149590519462 0.2064917365204227 7715
2.244262873223428 0.1791906011538326 7716
1.761225906116564 0.04553296694879057 7717
2.299153868650754 0.5184433453855575 7718
0.4277696206587805 0.04678584528054078 7719
1.985366054527866 0.2043764467180527 7720
1.595360635508499 0.1128929406938796 7721
1.338540359815821 0.1829250206518961 7722
1.910255226918866 0.2013151329724003 7723
2.345750231296889 0.02123148616505762 7724
2.394388667310787 0.04949770880246981 7725
2.551484160237061 0.04239472884284542 7726
2.74563323649208 0.008559584601910447 7727
2.200345461744355 0.1057828720694626 7728
3.469192161945348 0.2694206759702197 7729
0.5521344986883949 0.5757450793544215 7730
1.641877277827867 0.1669669688735833 7731
1.187457546673715 0.0495846410832092 7732
0.05111668233670578 0.2423973946220757 7733
2.384508552438407 0.1102610646021945 7734
2.328248026065179 0.1087341637747078 7735
2.369734916850692 0.3686292261585268 7736
1.6693542692673 0.06407162355513397 7737
0.8294142861118257 0.05814312508933578 7738
3.233443160217628 0.007513015555736908 7739
1.862584347945164 0.2327591384350777 7740
0.6233172169076855 0.07749944250351615 7741
2.242548213653062 0.08967304337967848 7742
-0.3243940367441885 0.1118115404590707 7743
1.37799474144073 0.1543283499301366 7744
1.191513449407868 0.03564530797970016 7745
1.283534823395225 0.5599065758428701 7746
3.294000974765913 0.02410317071521291 7747
1.914913866258067 0.1386463493684508 7748
2.277494592381073 0.2568250773317439 7749
3.261735844747078 0.1118508669113667 7750
1.956366468917667 0.6092227580160687 7751
0.9612870297213452 0.1310546992652461 7752
1.833401773978491 0.5855703096223976 7753
1.720099818016067 0.2568987052416734 7754
1.556350597403733 0.2649186740499809 7755
2.480056289840787 0.1912504149306908 7756
0.1343232161704547 0.4031806917140243 7757
0.5197965372838318 0.1254086015317335 7758
1.661777482166987 0.6959618575732605 7759
0.1874528067442762 0.08539827241242212 7760
1.383135193447661 0.5684572995836122 7761
1.3637100489661 0.5678089511900642 7762
3.208243461939361 0.04092940503985002 7763
0.07848883795051084 0.04241795990615064 7764
0.849538610040346 0.1516026214139087 7765
2.13181981613129 0.2031113187996904 7766
3.204972794714696 0.07899718331518818 7767
0.9998951355333081 0.1448491191013882 7768
1.918740345541683 0.07654147383841506 7769
0.02170191422520569 0.0825688512834418 7770
0.9317837178551449 0.008552447202029611 7771
1.944214884988424 0.03381743587565597 7772
2.650310250539543 0.4558077343968313 7773
0.8685838445113139 0.0997480680755823 7774
0.8254505698279909 0.1720785967800033 7775
0.7627578797771084 0.007258100475662574 7776
0.1697395800427443 0.3659029841903029 7777
2.335333908300647 0.4264945141411592 7778
1.332845011947801 0.5651613594921432 7779
1.957221776524469 0.5663627660787646 7780
2.273021884417146 0.2729431230336126 7781
1.303720400960803 0.02083410530240341 7782
3.055290144290623 0.008709420392654758 7783
1.915504533968319 0.1120286758374064 7784
1.972574476411869 0.3029216854451932 7785
0.5690474323849122 0.07492620191979907 7786
1.648799925088086 0.2169020275694865 7787
3.366504408412308 0.07030912072212493 7788
0.7348723768874299 0.07430200087025272 7789
1.254086071546143 0.1789413405465096 7790
3.075751250184276 0.04906287979642678 7791
1.596818111839943 0.2261235796789366 7792
1.861504993868178 0.008293438263000054 7793
1.295305424007243 0.2300424469186331 7794
1.853254284691386 0.02208310245125389 7795
0.5170846641125143 0.1396559685953654 7796
2.378355826624097 0.02128204321131271 7797
0.9787112859833137 0.09111701092008535 7798
2.221355917089805 0.1476929900372354 7799
1.085481726133732 0.01976530964469955 7800
1.868211622315076 0.2717646912803837 7801
1.407600074757051 0.03629341422794075 7802
1.174073834891942 0.04323698239150378 7803
3.085441910212054 0.02171881159764496 7804
0.7031685860926511 0.09044045560841155 7805
1.832246127911535 0.2288621531146695 7806
2.040050675221262 0.1875703165405279 7807
0.6425052622345873 0.1750784681783635 7808
2.975526424500635 0.00845123793144914 7809
0.4291943730510565 0.02872366146640201 7810
2.054149518160005 0.1922046702421372 7811
2.901087798071415 0.1170424902465815 7812
1.772849249992981 0.5925300502537439 7813
0.01831427149323107 0.06610626202966755 7814
3.01455270552319 0.008734350512636081 7815
0.1372675652009823 0.2163216263655175 7816
-0.1726141883002096 0.1354165034651986 7817
1.669670096681842 0.09385517279823764 7818
1.344097919385842 0.07418534401335877 7819
2.207544210283764 0.05638321264020008 7820
1.422868294779697 0.5716417043705897 7821
0.6848000271310369 0.1635721943686471 7822
0.610785078934073 0.03847064295486876 7823
1.402947360254414 0.5703259292443547 7824
1.835686665976574 0.2204159825447907 7825
0.07572827267781 0.2204167829300679 7826
2.356906304561201 0.2562597515313988 7827
1.813402761883975 0.5891832023722945 7828
1.144429294434569 0.566862138352445 7829
2.174575310910309 0.05965120666425947 7830
0.297428619153175 0.0417709178536286 7831
3.246902973896254 0.1923788907559408 7832
1.442792152654141 0.5735221796553606 7833
3.321455211043862 0.1381021922370774 7834
1.034220041183351 0.08133515093672275 7835
0.6263088143166262 0.08626708557952595 7836
1.588111788656551 0.2218525784748281 7837
2.411990162831682 0.1714642663895038 7838
0.7224106485162568 0.5455956697349496 7839
1.93135029944869 0.08595328032939099 7840
-0.05797033841845166 0.661021239919633 7841
3.270687747511025 0.02675753760872729 7842
0.3086826436631865 0.1195315274661318 7843
0.9542886049711741 0.1028150371069347 7844
2.820506201643385 0.1066986173494287 7845
1.036643519273004 0.2056662304392476 7846
1.24577402902233 0.008037741182232412 7847
2.479733679369363 0.06214865228909466 7848
2.054512045657022 0.05971516279952471 7849
0.8090222187714406 0.06945259070072227 7850
2.478020877916316 0.04258760218604311 7851
1.79443580344457 0.1768846277979327 7852
0.5460298788542906 0.130827554923149 7853
0.04421615268994565 0.007324765329475475 7854
0.104188467681551 0.2641482418393839 7855
-0.3604996840090977 0.0574694915523641 7856
0.7017104960960253 0.5429533935113166 7857
1.246245826672501 0.05521546984824839 7858
0.3582988565875883 0.1124700349888474 7859
1.053492144395035 0.1872380595129025 7860
0.0456042597734902 0.04464757967648842 7861
1.522316008418106 0.0902184382070111 7862
1.472720552770104 0.5754569775021224 7863
0.04272618560047604 0.444868836313571 7864
0.07232079047598902 0.06628888847127917 7865
1.404999999994994 0.007095611803622575 7866
1.404349915266827 0.1416732910725128 7867
1.617170413865213 0.1942744443622081 7868
0.5333924015488007 0.142784971850289 7869
0.5773413304145648 0.1299631893418655 7870
2.477342990463354 0.3046431921453145 7871
0.3180286792803116 0.08610725269346918 7872
0.3495904222926167 0.09700371918958819 7873
1.934570114434163 0.09557819339336492 7874
2.675285881218457 0.1036367930984338 7875
1.793119074811229 0.5903398015868178 7876
0.04432582138899453 0.3272094897543303 7877
2.053359837217949 0.137109032692379 7878
-0.1203228793269991 0.1170581234899453 7879
1.72860133991799 0.2715635832313626 7880
1.313871771638983 0.1692101611091821 7881
0.06280757835402749 0.05208273623440796 7882
0.002471557711051869 0.1351051718131012 7883
0.00845786900881371 0.1276403643763747 7884
1.07131590144214 0.09790070152694734 7885
2.215101755148501 0.05367172703298238 7886
2.775521849767776 0.02034033770338008 7887
2.222554330908515 0.3441213719095396 7888
0.2131940888213864 0.4669481859388099 7889
1.069284419119015 0.2217407124279334 7890
1.706823592663121 0.1393703163745975 7891
0.02366767438956991 0.2448152838665424 7892
1.540696148876749 0.1103391807261775 7893
1.534327888448474 0.1829238505734002 7894
0.06701583578312656 0.1950254839841333 7895
1.600671420585093 0.2113708804790011 7896
1.885401685792337 0.04144803175566632 7897
2.345061589911755 0.3606385114713543 7898
1.796704723268102 0.04383362910251215 7899
-0.4757196984467063 0.03516530596482888 7900
0.01995324128240272 0.1834399300006772 7901
1.997265256447551 0.03112345454839922 7902
2.897383207760054 0.05108087460046701 7903
2.290701925229676 0.4493397254705213 7904
0.4939594808817314 0.07063331952500718 7905
2.358620379017596 0.3212514176284049 7906
0.9881374119105624 0.08259165421615439 7907
0.4608985763131293 0.1068321601698307 7908
1.556023616057266 0.118364006337834 7909
1.655415266426115 0.1746236281816531 7910
2.164249425847761 0.2357341654654181 7911
-0.05465598689382077 0.02894494770458255 7912
3.114999999998992 0.008594580417027603 7913
1.264657278109418 0.6030964953262836 7914
1.708950855712778 0.07504805644868803 7915
1.543268150429306 0.01976200967007721 7916
0.1830502450267896 0.02210451571956272 7917
2.040043578539567 0.3219179386730819 7918
-0.2041524185776807 0.03144505185797589 7919
-0.02312075639320395 0.1024530274046116 7920
2.832468125578165 0.3495382145577412 7921
2.218336753134454 0.4701646662939156 7922
2.206472986749545 0.4815263583785518 7923
1.151329482115397 0.15847286112906 7924
1.633148209108867 0.01905563569165783 7925
1.274631921381249 0.0502234299079366 7926
1.890181092838737 0.1946028604992404 7927
0.3210030777994761 0.683181529057476 7928
1.512577642803874 0.5783573230289593 7929
1.579722016007532 0.06309483632445897 7930
2.298384986876518 0.02718215688991044 7931
-0.05629139364225245 0.1421034447303077 7932
1.552356876189005 0.5813506572167988 7933
2.424736618822868 0.2387227720474243 7934
1.532492671906744 0.5806547199117558 7935
2.09302816556758 0.119000665523356 7936
1.090934368730028 0.04138309471250265 7937
3.384999999999711 0.007635691950119162 7938
2.326167735432199 0.2372475277277284 7939
0.2621217504489609 0.4055081357465071 7940
1.194122791908325 0.5714072651271357 7941
2.272199713938146 0.3017136522339587 7942
1.726514959974409 0.06975668776786921 7943
2.088720369522694 0.2447534000834978 7944
1.847479827204034 0.2294573815858253 7945
2.224619595005625 0.3067244212515364 7946
2.532885813101152 0.1482002994069846 7947
0.2846910254876352 0.08631141227894434 7948
2.1174848938061 0.1484795301374181 7949
2.322558278729621 0.03600678908700736 7950
2.314664274066245 0.02001405831216586 7951
-0.1069932326534428 0.2711551844333708 7952
1.996045750168129 0.2769826100357318 7953
1.977599845135538 0.2897956557869824 7954
0.0355001179379652 0.2201062170308763 7955
2.221505581877789 0.1265301395940992 7956
1.406366969945542 0.1858396504282712 7957
0.07030361151757931 0.2832463295622368 7958
-0.194759938900998 0.1798608110100635 7959
0.2339649473464261 0.02730396819834519 7960
2.973470365931574 0.05800890419812289 7961
1.752517689041658 0.5915441339785517 7962
0.8357075752540344 0.1595887122382711 7963
3.149783361261002 0.4044669100363637 7964
1.592362241810059 0.5837317833020582 7965
1.612281302758106 0.5857990953873368 7966
0.5425257527082415 0.1448393687377642 7967
1.499953559391861 0.09926240758111829 7968
1.572381523513059 0.5827948088070805 7969
1.205745042514096 0.1604460265890227 7970
2.190258341176514 0.1453735838812677 7971
2.178973558643873 0.5160099986968796 7972
0.3766692834953385 0.09941951071810642 7973
1.364943697442127 0.1423067834458214 7974
2.277387958642068 0.1742107415473982 7975
0.9656070728026483 0.007416547765193282 7976
2.633984252233794 0.1029484206360747 7977
0.8848039715550529 0.1859840625731485 7978
2.745584721090055 0.3507601063806291 7979
1.759790836457663 0.2451799372412831 7980
3.455260242561808 0.006246077258755253 7981
0.840940849689693 0.1684778019539037 7982
1.812299951367638 0.06355420497263259 7983
1.107052440118091 0.2254511088347077 7984
-0.06349341435205097 0.06481253562007697 7985
1.444967474860894 0.1903182164179166 7986
1.367610692239609 0.008741804336137554 7987
1.083858554285674 0.1972781575768153 7988
2.010164951210875 0.2351391050799221 7989
1.932185545738407 0.1111305738096238 7990
0.5043340183813858 0.02930577297943438 7991
2.384042571596668 0.2640477502438281 7992
1.226724433783441 0.07486752425364512 7993
0.5140848986806629 0.007926621169267754 7994
1.988052820323174 0.2201262105272452 7995
1.632285543743839 0.5860789781691113 7996
2.192847918618448 0.1295039521557667 7997
0.1585599302711729 0.5002503810143064 7998
1.703373240909017 0.09133320604825787 7999
3.191171165821789 0.03181691596982366 8000
3.174594512922408 0.007450204010738899 8001
2.350714898061861 0.4204359965081942 8002
1.454428692650591 0.0379546074060564 8003
-0.2782430274579855 0.4820107010316878 8004
3.126030294264633 0.02081157373963673 8005
0.3870565597130545 0.1004061623083069 8006
3.104112178965979 0.02102386449091733 8007
1.884961144479906 0.2841379827457148 8008
2.066214270983936 0.1803465543237898 8009
3.287334045455384 0.0916768598599669 8010
1.574304264566652 0.08553322581862752 8011
0.4248088662625152 0.4797757812835122 8012
0.7686650157983068 0.1290605608746543 8013
2.338581287939864 0.2533661155262519 8014
-0.1450016851980815 0.07178315104842978 8015
0.9106016339691572 0.1931087113301972 8016
2.422853412590349 0.6020400758394239 8017
1.729720699273616 0.03929513631453959 8018
0.0880010377206919 0.2418431154310607 8019
0.2032191179550205 0.3628849836253525 8020
-0.3548123765746323 0.1092032926774963 8021
3.294705021732899 0.008077363999525146 8022
-0.4499291320478177 0.5303709975756108 8023
0.9877312149143314 0.04319748890816784 8024
0.1101420696869063 0.01806904499028601 8025
0.2462700104166771 0.3486842792074521 8026
1.631086074639883 0.03584899024819777 8027
1.385340148010658 0.2023110221679902 8028
2.081963510720796 0.007582365475651322 8029
0.3750924260147241 0.1136988314565747 8030
1.499698594950683 0.01878469350369157 8031
1.975958752810198 0.1930728844469999 8032
1.488357513859563 0.2326138272361986 8033
0.3318562625003941 0.09643205135316518 8034
2.028110882835306 0.2989227779802652 8035
1.807568269837597 0.01846550792916164 8036
-0.3465076925701531 0.1714594314817033 8037
1.367962317327281 0.1563903040951882 8038
1.883065049655365 0.2685430559825614 8039
1.901059850014218 0.1743010819236336 8040
1.906443844567775 0.116277073816233 8041
2.128600365056688 0.1251859031188331 8042
2.019575084966696 0.07767747199535077 8043
0.2792999903703796 0.3725484147220341 8044
0.1846160062721767 0.03088673583741741 8045
0.8939493682326057 0.05049105597865864 8046
1.211617742979277 0.1051483176336381 8047
0.001602407827533317 0.05877356797886056 8048
-0.01519475296766296 0.03315950077692836 8049
0.05050560185339821 0.2853898027233812 8050
0.8179991877839368 0.1973027339396123 8051
2.273373832315083 0.2146597284784862 8052
1.314840987784914 0.2035199015736341 8053
0.2548039717884816 0.3536528129343935 8054
2.424800039583712 0.3884597686089231 8055
-0.3869326279205333 0.107948778544403 8056
1.540459566570832 0.04601500248377281 8057
-0.1773190902915311 0.05961490360550516 8058
0.3046029605166772 0.4049551869846327 8059
2.163640716037624 0.0382179110642293 8060
1.627539305174349 0.05288853442455126 8061
1.725228194555518 0.007766734626135956 8062
0.6773605781931308 0.109388063634974 8063
1.832460000337353 0.1041274637630069 8064
3.38114742771631 0.0820725725957069 8065
0.5305558860165042 0.03359392024185827 8066
0.5091198327368318 0.1235413526118786 8067
0.4530365356281801 0.02176617399182827 8068
1.882918845619701 0.08328922418810793 8069
0.828947871158627 0.1855498105418876 8070
-0.1694711460622844 0.402139948306244 8071
0.3987274572533299 0.0489039145871191 8072
2.404189043489959 0.1951699909862475 8073
1.315811288839956 0.07935287407555841 8074
1.672282178871834 0.588235333420266 8075
1.20150725152806 0.1153986374628301 8076
2.819981048274442 0.6698679102862073 8077
2.165561129413287 0.007311366061657678 8078
0.777979050896953 0.008323996165117359 8079
0.9253049960963543 0.1978664539023727 8080
1.293280428852945 0.1509977150472587 8081
-0.3877707009665239 0.06566344557915232 8082
1.004733808287802 0.007136564534399046 8083
0.7879663747900115 0.06082035823963004 8084
0.03785391315160373 0.2651684867410785 8085
0.04658981412302655 0.2653929091055994 8086
1.027539012945663 0.02141453573315569 8087
0.5677598655639335 0.1620330316481042 8088
0.1372784589690731 0.02082773366674495 8089
3.415680030131887 0.05605408083499006 8090
0.4998282841980666 0.5141060373736371 8091
0.2975677591139147 0.008861808053741036 8092
3.253638630596749 0.007301012780812698 8093
2.257216504518389 0.06200508813906305 8094
2.251395691639929 0.1647419350794431 8095
2.139844908115754 0.0635739732780041 8096
1.652221440308376 0.5872803693308902 8097
1.988499456137314 0.573266986928906 8098
1.106137413247215 0.1838793176043801 8099
1.692066036556898 0.5895425873446628 8100
-0.1613896605126249 0.07840073817150879 8101
1.466216554218126 0.008709996425915769 8102
-0.02319717599413142 0.1908679247072597 8103
0.4704827232798903 0.1116327820673078 8104
2.109305154712651 0.2345494114215398 8105
2.296379417249579 0.178181756101617 8106
0.03520000355235139 0.1808677309676044 8107
0.2938926241628869 0.119139896696865 8108
3.410473367635987 0.2730636348782713 8109
2.232372193010527 0.3204701346043078 8110
1.924473580280629 0.07022861805281978 8111
1.231526599213063 0.08906436696471517 8112
2.173247477106444 0.319086774213787 8113
1.133788858316817 0.1956269822103343 8114
0.004890042218915315 0.02011104848889746 8115
2.039184306614989 0.1429628635520795 8116
2.087146513204309 0.1069870712850496 8117
1.093358189727546 0.1790693651717531 8118
1.684801327254744 0.03279849782778683 8119
1.659328095355677 0.08254816635879615 8120
1.13306832229672 0.2282840273394938 8121
1.353588003569932 0.05191075188976462 8122
0.6351725189699836 0.02178465497900257 8123
2.313996279903433 0.2343983742217957 8124
-0.03992989998505879 0.05367211935674837 8125
2.682084820774135 0.05191010625682926 8126
1.285755587318038 0.05862323676440617 8127
1.106707798504071 0.1082502750107075 8128
2.269633138847431 0.1259316403144643 8129
1.988811844202811 0.1250882580728068 8130
2.383052869105017 0.490913859643504 8131
1.242374954670625 0.02408407049137547 8132
3.023433799975596 0.03373068063801719 8133
1.243869668283771 0.5759674147386487 8134
2.430325780252425 0.2792133690867127 8135
0.9728928391001913 0.04432907953886121 8136
0.03813204484245056 0.2503057230720535 8137
1.348485359221038 0.5849595292805767 8138
2.401160587872711 0.05976260531960052 8139
2.320122477987006 0.1319118269770801 8140
1.260344236202946 0.2111902008076835 8141
1.118011781506248 0.2279054186660921 8142
1.896300876505326 0.2238690690262037 8143
0.6341353449384826 0.5770825979984875 8144
1.893315377126607 0.2073433779928204 8145
0.5222183628346367 0.5174671624767965 8146
1.665279095178009 0.2390390834887247 8147
1.462244316912503 0.03408524992790674 8148
2.983595121622383 0.1441372563153922 8149
1.447483021492601 0.2449842974385082 8150
1.06434280424771 0.1655925608749929 8151
0.8415796535741189 0.6003255226001571 8152
2.019860650294595 0.0997154901596868 8153
1.336298553598761 0.05866192339143696 8154
1.459590457277105 0.2431296961586209 8155
0.1326730839393078 0.2589540315958268 8156
0.3601806489324538 0.09824573171142104 8157
2.596045634339832 0.3221778945581222 8158
1.587354793392988 0.2394800516636998 8159
1.696776757758224 0.06754041093824886 8160
1.308009326673647 0.1074278935228979 8161
2.245344669267446 0.2143573956198012 8162
1.242215847791158 0.190301747819171 8163
2.301457944355537 0.3104146363961185 8164
0.1722335196764228 0.3037227222625348 8165
0.5652318274757221 0.08453831620428534 8166
2.777756085007556 0.2994650942183718 8167
2.560374743857295 0.4871798020825219 8168
2.287906620346575 0.2820214132016832 8169
0.1226168466701659 0.07516928466225049 8170
2.144532298893656 0.2598286491655117 8171
1.316179652997955 0.6039643561537958 8172
1.37854781150979 0.1233443744496478 8173
1.268310308353349 0.03738329539217797 8174
0.6515082698438748 0.1570773545162095 8175
0.4683121258872366 0.06682558838783513 8176
1.821226232537404 0.2166783641397534 8177
1.297749711109737 0.1693066371729871 8178
1.257810735675465 0.2206091509233692 8179
2.100153656889136 0.1179286976171628 8180
1.510646972193693 0.1120986229281735 8181
2.329829422126232 0.3598420230362884 8182
2.354626336529068 0.358205099671857 8183
0.1502394424471759 0.2884887326894626 8184
2.06471680030369 0.2373322375771797 8185
0.8492911444708883 0.03742356616200244 8186
1.996632621317496 0.2406617165549352 8187
1.142353046321385 0.134739955548159 8188
2.853694766515665 0.04236430009541454 8189
1.139916486933486 0.06470773552732703 8190
1.93646739841538 0.6943235648114574 8191
2.880567744878146 0.03116302567176322 8192
1.190339981066096 0.08669156351594288 8193
0.8695370809013198 0.08497039567189577 8194
1.617713802278733 0.02365000664620171 8195
0.03630865607113773 0.08272553216567077 8196
-0.006192702819266701 0.008504156500276602 8197
3.13353912762714 0.03858942844565093 8198
0.8032009375069127 0.1750915527155745 8199
0.2438052506552077 0.1118371180951964 8200
0.2713556206463296 0.09531765126765318 8201
0.8299329007498518 0.08691329052358221 8202
2.563821651434167 0.04696917040709194 8203
1.550533050794106 0.1096755800354963 8204
2.048478558489129 0.1853124407284752 8205
2.235044536619406 0.006741773657756158 8206
2.766582338644135 0.1597748751419881 8207
0.4456366043885418 0.04694487957351266 8208
1.993772548308845 0.1106316079525927 8209
0.4582606603512944 0.1175600745203165 8210
1.448833774980369 0.2168250519991827 8211
0.08609213724219544 0.07711186010496429 8212
1.247023670306746 0.161531788096353 8213
-0.1206049570769011 0.07371497338256122 8214
-0.3051568251554562 0.07056950485405049 8215
0.9188236388176649 0.1362256535406407 8216
1.705683396590893 0.2723321260630574 8217
2.10402133450909 0.3140313011695004 8218
0.4534117713448417 0.04339703727331354 8219
-0.296759015525259 0.1164280033149975 8220
2.040278183848601 0.2113563058260947 8221
0.7952617214254167 0.007466544808279647 8222
0.228410970387654 0.4245189821166472 8223
2.226338495040639 0.335959005275366 8224
2.080275375553324 0.2344180220016153 8225
0.1310906194262325 0.184837620579456 8226
1.07177135541454 0.1236113720795469 8227
1.185942357465575 0.1142582319894992 8228
0.284477211147032 0.01745309399774886 8229
3.477073462361204 0.02960398660551658 8230
1.456401357915914 0.02062369912810992 8231
2.035633863893729 0.02737907130298494 8232
2.585317221816644 0.05265167176261491 8233
-0.2220119000246761 0.2403224915671889 8234
0.4816853276330018 0.1347254524223626 8235
2.728168782757461 0.05176400581252798 8236
0.6414657341389369 0.05852316256457348 8237
0.970511456055992 0.08406474967411573 8238
-0.01381320046960472 0.2667482339668071 8239
2.539234204835891 0.09484337712214598 8240
2.312393566158588 0.2656705199835598 8241
2.325491318519553 0.05325930053269905 8242
1.281460474331259 0.1132153011185884 8243
2.258280567185843 0.171012674653623 8244
0.8343248649034458 0.5455531815087512 8245
-0.03621680482681763 0.03598216857225994 8246
1.000439972040828 0.1936207207793151 8247
0.1124476256052935 0.0682417856743588 8248
1.269169945277502 0.1441365589605776 8249
0.07504652319873865 0.2674206474076575 8250
2.251431582320381 0.2380309442231214 8251
1.877174446595397 0.02687126959092267 8252
2.238584548956211 0.347790056563883 8253
1.471742243713822 0.04667625311034214 8254
3.424604769300989 0.3328480800372843 8255
2.208641076076601 0.1209049717161629 8256
1.894081165030786 0.07128897861181535 8257
3.2798201065938 0.1263634305244096 8258
-0.1829673072604452 0.1512431010721363 8259
1.000818657964879 0.06950690994870901 8260
1.198134662424645 0.1011453345105455 8261
0.0471166529363837 0.1658652916016627 8262
3.453732344146627 0.0907920735095904 8263
2.231975501924766 0.2741960492262726 8264
2.272075384320231 0.06907745928670644 8265
0.5719428767920208 0.008218909008378411 8266
0.04839118072256143 0.3100436592157242 8267
0.4478272318639689 0.03156658570923383 8268
1.40651496119496 0.1572901865340785 8269
1.900750252457864 0.07704965677190767 8270
0.8176598577456077 0.5516175132507589 8271
1.803010474498594 0.2434931388071197 8272
0.9334539738445951 0.0899071376370973 8273
1.292563554928091 0.5798226347088979 8274
0.2535403438457444 0.09578583039881505 8275
0.9401627418714906 0.07669785046934063 8276
-0.02543968292504369 0.471393883682953 8277
2.206310318084205 0.1468818006071151 8278
0.06977213013086851 0.1545322847797586 8279
0.4626628074594964 0.1304164174299162 8280
2.196465998535782 0.04531668638356146 8281
-0.1132118610591993 0.2299179037827124 8282
0.8593854948196477 0.1397311922026092 8283
1.599067495360712 0.008389242722192358 8284
0.07414892081925467 0.2515806686785494 8285
0.201184242010321 0.1103516644714774 8286
1.516991809735961 0.2118006728794338 8287
0.2227541883845685 0.03923608686960927 8288
0.1402765749022645 0.1897212688381162 8289
2.066190875588765 0.3168805479480569 8290
1.937838330191977 0.1520000711611508 8291
0.9836581198286378 0.07501231784676902 8292
0.6903150177063876 0.01819054622577007 8293
3.268403485889367 0.09263194235574598 8294
1.10270243986048 0.1175146590082842 8295
-0.2242334095221263 0.3017221510360132 8296
0.1264647584327899 0.2293793524113942 8297
2.274330892673209 0.04243771453955269 8298
0.1278532897906466 0.08635073396607004 8299
2.047493836053073 0.6796275141568525 8300
0.5712313788958056 0.03794487283770508 8301
2.121294094287708 0.258124094859749 8302
1.602863871834024 0.2202299726706791 8303
1.730303624255892 0.1637775498078408 8304
2.063099849697547 0.07885605741928431 8305
1.266261979662612 0.02717772428076212 8306
2.093754334758005 0.307560837292666 8307
-0.1276576504092944 0.03449756043707052 8308
2.046926705153718 0.292067735516267 8309
1.058659747131088 0.1595776804061395 8310
0.9329646348127676 0.01863374004511584 8311
1.342549088985263 0.1474878091595951 8312
0.1185362470690835 0.3034366464164804 8313
2.478121755974663 0.105293799244751 8314
3.428249123508976 0.1498306011621641 8315
0.2085976443093604 0.04074009104743789 8316
1.955367985289134 0.0624182335759352 8317
1.563774516051936 0.007398230243971933 8318
1.235795457771565 0.2380618364040079 8319
-0.2310159550423411 0.01959125995688294 8320
3.112450964120843 0.2367884740494141 8321
1.938477913717563 0.1949530403883614 8322
0.5034228554414923 0.0380977108327142 8323
3.431529109191491 0.6819226246682365 8324
2.383741151875877 0.2047652094034748 8325
2.10255507738004 0.02181256799578331 8326
2.29133031078167 0.2178464096103159 8327
2.670359082347393 0.2000945451179915 8328
0.02341516763321652 0.2290062939166782 8329
1.807592443389064 0.2374046880865358 8330
0.2240116097382535 0.3283619707029027 8331
1.869243643372942 0.1794901412267063 8332
1.982549682280822 0.2453807812370693 8333
0.6046863249482259 0.006689065390521436 8334
0.5618713322007689 0.1351161651650127 8335
0.3926558514343757 0.4378555309250248 8336
0.04507463827445106 0.1790426331310467 8337
1.805595833653648 0.1962654803426975 8338
1.497455975257181 0.03379206943672497 8339
0.2003477140881807 0.3080781104268666 8340
1.291449394081088 0.07215542307034137 8341
1.320392793548175 0.245301290023099 8342
1.138391805457321 0.01927406774481168 8343
-0.3164142438063303 0.03235519516089506 8344
1.949650229234001 0.2192529929802086 8345
0.4768902201000426 0.04288594244433163 8346
1.230690664380179 0.1703514459014058 8347
1.230968263457438 0.05904747930812903 8348
1.080800092999727 0.223169420295423 8349
0.8048920073807073 0.1443787886951821 8350
1.354288998201302 0.1572628573818091 8351
0.2220802910662886 0.3451257588120963 8352
2.272771056637619 0.3706324066291729 8353
2.266378249273411 0.2935468537208297 8354
1.209502357036277 0.2355857988402021 8355
1.950172065178714 0.1917424119668764 8356
0.7564096420922786 0.04528562608673231 8357
0.7594323478967405 0.03718366265639166 8358
1.568256658997986 0.1097914269658197 8359
1.579474187615822 0.0776139621421645 8360
0.9501307512243149 0.05570693613465887 8361
2.062247594159557 0.1662707517780469 8362
0.1119138104610943 0.1966234236236171 8363
1.196147749796084 0.1750594776603834 8364
2.068627182662812 0.05292275135429583 8365
1.09742456627063 0.08645765793276144 8366
1.757997523309347 0.110289757212326 8367
2.362650708843322 0.2020682844657835 8368
2.143840767766064 0.2113521827701468 8369
-0.2757520707201483 0.04365840197600517 8370
1.149949869544982 0.1731287356603785 8371
0.6650148170963295 0.09928272799502703 8372
3.044770621466177 0.0880316307624201 8373
1.493319399967337 0.0528225338987638 8374
2.191648644675628 0.08716529953628517 8375
1.396265174436953 0.1556851263027417 8376
0.1179632349243061 0.04452470055311848 8377
0.144542560037889 0.03981738638510439 8378
2.259890820329072 0.1149662580416232 8379
2.109474456492732 0.08780338225188776 8380
2.755648604022758 0.1008938802560769 8381
-0.2569723115304345 0.05511712254409597 8382
1.174534533830879 0.2207729781145096 8383
0.8116782619652044 0.1620392276581344 8384
-0.2194512302728907 0.01958483542614097 8385
0.8194863370029606 0.04419148119181439 8386
2.135295417316957 0.09605424949732369 8387
2.119385669143342 0.3452856315832202 8388
2.282253557122332 0.1568019200932264 8389
0.8921193031678646 0.1616086701411884 8390
0.9336235803777548 0.1394938310506419 8391
1.4531960846347 0.1751145093097971 8392
1.978620532258549 0.0187030480172879 8393
1.283177233086424 0.007746820360374824 8394
2.149348579467993 0.3535868919579108 8395
1.074179067504303 0.0453395285499087 8396
1.282093311776297 0.1847561712694883 8397
1.992140954883787 0.1020870777986948 8398
0.09958300569058154 0.189867064941607 8399
1.939077104255589 0.05763426829999686 8400
2.029413632956754 0.1162926936413566 8401
2.336424442426463 0.1012526257294423 8402
2.38106759757051 0.2437156000347188 8403
2.261349851432215 0.05269699002091386 8404
0.8598668303809801 0.05530745330532104 8405
2.596339002221729 0.1343949648605981 8406
1.073555228752368 0.03492918467858446 8407
-0.423322297423021 0.04884938172102741 8408
2.306222651195477 0.04271977144882353 8409
-0.09823052548455646 0.1171490954920235 8410
1.475896262703357 0.124915001917937 8411
0.03308082898678507 0.2431787414309523 8412
3.244165739176619 0.008338064427492312 8413
1.633642672616337 0.07422882990800914 8414
-0.1582267162669636 0.09279605006063023 8415
1.380389978629189 0.08095569903791905 8416
2.601608681691681 0.115210322667122 8417
2.091930895852292 0.262835605062358 8418
1.758194500203222 0.2541005281020134 8419
0.5298836413612046 0.09288956958444164 8420
-0.258915242665185 0.2697953541742502 8421
0.9310216951444502 0.1686176046521084 8422
2.220690469472764 0.06109710555927382 8423
0.8647117582709359 0.006903515320855819 8424
2.133712431864351 0.1826507569216144 8425
3.412263045775541 0.1124033594448847 8426
2.242565397689464 0.3108691943480213 8427
-0.05311644867001299 0.08354854650923499 8428
2.215023035220535 0.2590493152954177 8429
2.021628380506713 0.317008186364018 8430
1.281862233520169 0.03487678870629287 8431
1.061852295504746 0.1237488000379041 8432
-0.197848488988373 0.05986862696072028 8433
0.7347347876780482 0.1166938957416377 8434
2.449087623388416 0.0901638545688731 8435
0.3224135015053665 0.1105120596470295 8436
-0.4641180493657957 0.3486600073694925 8437
2.32138299465485 0.369658768806213 8438
3.255248542914387 0.1546886036339361 8439
1.48289897514431 0.01691686801527656 8440
0.9871829440532061 0.2157963936570189 8441
1.876000022605998 0.2248232807832051 8442
1.258922360153978 0.09221599847456416 8443
2.265514523799969 0.4274822351345668 8444
1.613485903583917 0.2077552668515637 8445
0.07962274938625097 0.229127653136065 8446
1.593854553044703 0.1713166144378964 8447
1.183400753658158 0.019841558206067 8448
3.431266801939596 0.1145641295985671 8449
0.6727048078360688 0.07247803273449688 8450
0.5584301947003176 0.1481361596192927 8451
1.490933654468986 0.1896104690186652 8452
2.238171029921876 0.501487066531164 8453
1.057861628663038 0.06690650817932026 8454
0.9749503712484091 0.01857363599283102 8455
0.9273114671456357 0.07858254903611574 8456
0.116116126943953 0.1709685559246912 8457
3.07979606643088 0.1380244206473507 8458
0.6885101652472102 0.06996122905310938 8459
2.383480489528739 0.06328805393524928 8460
1.128190118696898 0.05240592585269868 8461
0.4969234237073082 0.007740049931124974 8462
2.543854908567919 0.05712292550774859 8463
0.8279865275150023 0.1005723529880494 8464
0.6560927846349455 0.1201874699570809 8465
1.439031670542779 0.1066754533560439 8466
2.24780921919374 0.3584452070602742 8467
3.243273838161135 0.4863341052844916 8468
2.917469722621364 0.05208173251288647 8469
1.816950731623739 0.1261684474662127 8470
1.825407496804262 0.1254982994915701 8471
0.3593752643901731 0.05378810872568703 8472
1.603303183412601 0.01819664407415248 8473
1.438154894804738 0.2039734107897048 8474
1.518343164009167 0.1418096037726763 8475
2.496360035831872 0.08978687635201563 8476
2.438964859978218 0.1298461659973967 8477
1.780408644432752 0.1847594130682241 8478
2.545020597683478 0.007629531890718343 8479
0.1789974762572857 0.2880217955801433 8480
0.5415670650798809 0.04072757456307097 8481
1.024601567257619 0.1185386841192854 8482
1.19962732614642 0.234713805777487 8483
1.474231962895109 0.2500722863712236 8484
2.149212027436517 0.1770375335765069 8485
1.185603551688313 0.1401200285770863 8486
0.1315808764091068 0.2503980332299929 8487
-0.4701308629339487 0.2796078390287241 8488
0.2894574173137311 0.3952238885171462 8489
1.573960577373859 0.1914325044702156 8490
0.07452630354885173 0.2065806112035451 8491
2.427166077733586 0.03027148851050724 8492
-0.4603096626593779 0.07622595118945652 8493
1.547046640376786 0.03235834783884469 8494
2.102162679062064 0.06444888372768595 8495
2.224060940787946 0.1145327499474332 8496
-0.2970351168842126 0.2077025955368125 8497
1.904266490525969 0.2593288903834675 8498
0.9437351786888534 0.1785250106045711 8499
1.02254543980591 0.1631431936515786 8500
1.135219661922532 0.1713636278372153 8501
0.1867269411516955 0.1296084951044706 8502
0.5716135350167623 0.1481090667293249 8503
0.4846836479531699 0.01849541074052254 8504
-0.1134003453665642 0.008042673851301555 8505
1.029185335787675 0.2196679008963032 8506
2.087660578334956 0.1672552962283017 8507
0.9203489557106868 0.0198906308871887 8508
2.034707939949945 0.1028202771338291 8509
1.522263613661235 0.1959451270813349 8510
0.9734595101668143 0.1892516081307372 8511
-0.2484550256174332 0.02378781764554004 8512
1.975218653608746 0.1442547603295218 8513
1.231719054423541 0.1237053528778344 8514
1.272966363273115 0.1337169308470513 8515
0.5638923622435952 0.02071576441519544 8516
1.753431546789584 0.2298528582839969 8517
1.762077796272549 0.2282859591440954 8518
0.1434240566236503 0.1616413305653188 8519
1.675132953193066 0.155658115031347 8520
1.954799071449181 0.006772441909647033 8521
1.446112422664036 0.007746743899336346 8522
2.083989973306606 0.06280896477537536 8523
0.762116285404342 0.051800802948398 8524
0.6783458271719499 0.06565754723104278 8525
0.0741658216785985 0.235851763401339 8526
2.251194195412557 0.4468362415778881 8527
2.130787014195063 0.2444344113190228 8528
0.364082642068476 0.007151510066382947 8529
0.7193376347263689 0.1855931130253038 8530
1.812738533554904 0.2527078078721011 8531
1.412582654112143 0.01869679913037061 8532
1.613238396087643 0.2545911715768602 8533
0.1008870481743092 0.3014733002384595 8534
1.603518591905837 0.166134874929496 8535
0.7683095984143923 0.06734423987821928 8536
-0.4442154992292547 0.1635956035694741 8537
0.6178554997659074 0.4901422375526188 8538
2.258109007002964 0.07853428700653095 8539
1.361507382654625 0.2389881766295053 8540
0.3526295653956774 0.02996778350798879 8541
0.7171117494585659 0.1023484319194445 8542
0.1752601222623596 0.1365454418678168 8543
0.2722071400885366 0.3659341097697675 8544
2.219654280845218 0.3595759127895846 8545
1.403276070188093 0.2417157400451911 8546
0.5832030921655847 0.1549048269582018 8547
2.210382657024054 0.2882395849985456 8548
2.731553660422714 0.4954209601666881 8549
2.014091216057559 0.007031993054942834 8550
0.0002675409944360789 0.08034227198404018 8551
1.831989328570383 0.1822506802205162 8552
2.443256259100125 0.3076058923935645 8553
-0.06781975909657403 0.01947344928400291 8554
1.230402030880062 0.201204531592171 8555
0.3440777361484176 0.1225848491829677 8556
2.279261793507063 0.1287458213897596 8557
1.682591975324258 0.2710777388316752 8558
0.07441016273701874 0.0276190084818434 8559
2.334283557635777 0.3717127091342157 8560
1.947250431367205 0.2962695733514643 8561
1.255532128007705 0.07697599155151555 8562
1.845184621994352 0.077810386770405 8563
1.781155969848531 0.1105529649090459 8564
0.6959684127239736 0.09466195383733297 8565
3.141428603742403 0.3166027546403636 8566
1.02814319600447 0.0383784303304763 8567
1.193293482624792 0.1935971612716854 8568
-0.3729460688709128 0.3356003016694299 8569
1.651330920183278 0.1178800352925937 8570
0.7245171131856647 0.1271382761611896 8571
0.3000864624711767 0.03234027358531778 8572
2.125297574138192 0.006112462872924363 8573
1.803652285033674 0.09774112438645613 8574
0.9206672984891855 0.1817349219076674 8575
1.276952828266821 0.2285536187246082 8576
0.02875768732244766 0.1997820752410393 8577
2.097604260430617 0.008131904120493982 8578
3.332066707027274 0.2470907739401382 8579
-0.08229601773788295 0.139566652869664 8580
1.688256848904746 0.008073796988803056 8581
2.234265591083196 0.07094123518467714 8582
1.601134892815359 0.1949722510009944 8583
1.46608466704741 0.2235699047464031 8584
0.0477213521357776 0.09181637851878563 8585
0.01866945142340947 0.199141863007179 8586
3.426275158871871 0.08499045288897457 8587
1.376223621425826 0.1113510659731118 8588
1.817581252249398 0.0215409205450647 8589
0.8676334543083928 0.04174869899465623 8590
0.9826307159783346 0.1180387735229924 8591
1.799707397345197 0.08685536768390784 8592
0.03432440180308587 0.257510167341729 8593
2.248106374086105 0.2758534436970201 8594
2.167088741323883 0.04622610928687493 8595
1.562273818188335 0.05868990545846898 8596
2.562763071289586 0.1421738970315632 8597
1.909680200535041 0.618259185294336 8598
0.1941363600591668 0.01857607623123435 8599
2.102657747422543 0.1712926909060072 8600
0.7833592236739675 0.1761858177978884 8601
0.132918459260959 0.007225559692477553 8602
2.232602950455649 0.29492354216877 8603
1.528201240881784 0.242552838051121 8604
-0.01480086775974706 0.1253981944163478 8605
2.672291845279162 0.02932848956582071 8606
1.79510207321233 0.1020257889344111 8607
2.367852594457565 0.0340794557946139 8608
1.703201838451715 0.1745203452384972 8609
1.241924365914203 0.1111255266756353 8610
2.42826125210782 0.04228535103442368 8611
2.053167622165561 0.08335596953335341 8612
1.036505433893137 0.1901594972796595 8613
2.267067860418059 0.2449759287110126 8614
0.755543655221544 0.006652547298017312 8615
1.338398986799969 0.1650316647698853 8616
1.297486973589874 0.07751835807262271 8617
2.620194827151048 0.2691572620868619 8618
1.485848670434682 0.2415109218956781 8619
1.979796173228099 0.2223199952441987 8620
1.760131975140431 0.1840414778821975 8621
2.33251657841828 0.6111144996604055 8622
0.8508937223088776 0.2023090657516542 8623
0.03577688632762051 0.05159957853648781 8624
0.2810733826839075 0.1096160981430154 8625
0.7835504683054823 0.1131096934401482 8626
-0.4642050112645537 0.02305953310924993 8627
0.2537779077114907 0.1112557334199724 8628
1.615216673832144 0.03963238780197458 8629
1.327881526721528 0.03644709563690386 8630
0.9136387183884167 0.03289780344209878 8631
-0.2676394189047161 0.2415962235398324 8632
2.329236341510577 0.1835053934352651 8633
1.925740089385888 0.00709143988303657 8634
1.334489787129553 0.006794353067720509 8635
3.36399399045062 0.007650669849810488 8636
2.116149399494893 0.08170407021520527 8637
0.04333615022007954 0.3904687710592861 8638
1.089589301660652 0.1427131759927165 8639
1.760822182616415 0.00818451598349779 8640
2.004161364932419 0.121829716545508 8641
1.796015833421523 0.007194338996578948 8642
2.43068780794997 0.13954873805959 8643
0.7013594593888243 0.07967648668811717 8644
0.2877260520820772 0.377191593604892 8645
0.2870559995539644 0.04096045864122084 8646
1.03669859463856 0.1304167335029179 8647
1.268490389514141 0.1202091495585245 8648
0.8590139972279114 0.1225767167064996 8649
2.333311245962829 0.1658076286201559 8650
1.499832453899796 0.07142549866164455 8651
1.389207504444603 0.1365683638514253 8652
2.004725628951547 0.01673488333504624 8653
1.859295174364039 0.08289434438680093 8654
1.416510289504784 0.09108042564627086 8655
3.180582119067971 0.09113849552148068 8656
0.8291397572493137 0.008168513341489771 8657
2.44879403166374 0.1121949139834773 8658
0.5897585676000282 0.08647993632997902 8659
1.948683584549154 0.1046984038790997 8660
3.115044692109118 0.1453030742918845 8661
1.391964596264736 0.1875364617335867 8662
1.12452652487096 0.02183953267035222 8663
-0.2028378813916914 0.1034551562031101 8664
0.1304024919249427 0.2002160591341302 8665
1.627573428322628 0.08163537383015132 8666
-0.4436265048063303 0.02353310124356343 8667
2.081940173226206 0.5296347435284063 8668
-0.2284949695888791 0.1043831338140686 8669
1.177022932457789 0.09668850572614816 8670
1.331548169799513 0.234201514605612 8671
1.814192822024225 0.006785659876843936 8672
2.216628880449084 0.06869174143885849 8673
0.094658446047543 0.05544425617047053 8674
1.335366861571407 0.03261311430071531 8675
3.330913644577346 0.1922305333482808 8676
1.27069205021522 0.1043891446777245 8677
1.138037665176588 0.1478455225991629 8678
0.1413730592324786 0.1130214683900286 8679
0.8006770689915704 0.119649198448617 8680
0.9801877458248129 0.03949474197677255 8681
0.5531018463947946 0.06003985815246843 8682
0.6553933392293033 0.03479133696260431 8683
0.576046444315464 0.09946272366514188 8684
0.5162749676924384 0.05196436408100063 8685
-0.08429700457061852 0.07681851343677686 8686
0.6271668628323146 0.1006763062022019 8687
1.009793197338426 0.1739191675637669 8688
2.345378305403734 0.4048063106369234 8689
0.1546739446016041 0.09063717090528196 8690
0.2848743269641399 0.4200449616149479 8691
0.556965944517147 0.04299245175293465 8692
2.455975817765133 0.09874354559118262 8693
1.884406954119428 0.140731727548222 8694
0.137731294981793 0.08151314401695348 8695
1.93496087193844 0.04265667676766183 8696
0.7114513940326165 0.1172925792629547 8697
2.192854625194342 0.07170104340227235 8698
2.826788529890019 0.02313598226038945 8699
1.101022247360483 0.1012877507439376 8700
1.409802191811181 0.04429546842431023 8701
1.686984405628386 0.1164896051938193 8702
2.197843877883806 0.007914737005840973 8703
-0.1870858685525015 0.04336374495087962 8704
3.12561049575644 0.08561178884966508 8705
1.216744874830372 0.1752411371681814 8706
2.427830004453992 0.08837686163512409 8707
1.784751724420587 0.1912795485112621 8708
2.652370767105653 0.04420590802933361 8709
2.165324000007672 0.1522267286543462 8710
2.24375080336864 0.2225853698053304 8711
0.2089881326798023 0.02021891487906444 8712
-0.1317698004725544 0.1592754584958776 8713
-0.264823379881324 0.125990271086609 8714
0.9825890029297673 0.1714064183833049 8715
2.652733739674054 0.1343340324128649 8716
1.107930420732126 0.1245572820471116 8717
0.7627172661004844 0.1537552356745881 8718
0.3835577116537227 0.4334792472139711 8719
2.573985081335999 0.1924153278833514 8720
2.628754367193682 0.2224800006500275 8721
0.5974691742788579 0.1008710580242387 8722
0.7436442985682371 0.1142773728656146 8723
0.9888327010361666 0.1019014278882712 8724
1.971503751322754 0.1223719939081802 8725
2.10853626166485 0.5083702587782807 8726
0.8442439175261703 0.05213502701246789 8727
2.164815534863646 0.02343683844379845 8728
1.111232086012408 0.2129966879689478 8729
-0.4917153093398459 0.008314457141111176 8730
-0.2506153411013868 0.09629798839637919 8731
1.985756793091183 0.1542769460799152 8732
2.056284513338996 0.2080553309095461 8733
1.37173739910447 0.09586842391461756 8734
2.172289684887861 0.02033228514917246 8735
-0.3134327992018786 0.2883865160906928 8736
0.1470343124651491 0.05435616613715613 8737
0.6249482347791041 0.03376275144117431 8738
1.764882216055422 0.06935767757114021 8739
2.11483254437493 0.4820239748384436 8740
2.139934471223025 0.5045452363865432 8741
1.163662477346348 0.007067143768374438 8742
2.030054934836532 0.213988543692358 8743
-0.1877556886202919 0.3411546699494761 8744
1.226951285943303 0.2371561790383785 8745
1.751627078806437 0.238789776827095 8746
1.321478618287 0.208095657006924 8747
2.479142882172072 0.1429218670098592 8748
1.231396315153347 0.04966470424461955 8749
2.39966840158664 0.1268735519965298 8750
1.345074043601695 0.064448502289357 8751
2.32264122853779 0.2942508698710473 8752
2.45695297603105 0.4149763066759125 8753
1.280817022584239 0.2000857391172265 8754
1.688682153462606 0.1909320854533449 8755
0.6470686053892436 0.1316719892986042 8756
1.222466961406255 0.06166450173998037 8757
1.89551264098363 0.151695952450819 8758
2.337352568979151 0.122792757763004 8759
2.323795435811625 0.2496133612020961 8760
0.478919430721076 0.111294943956533 8761
2.83325210506492 0.06020711002586175 8762
1.85601392057001 0.06888187806744192 8763
1.611848150750933 0.2342583038606186 8764
0.9665360621819596 0.2040676077241538 8765
0.5061158291926875 0.07719535003455905 8766
0.3010284482547229 0.01841253407325257 8767
2.573663760540073 0.09097453344706864 8768
1.712609284767649 0.06632553655303015 8769
2.579922601301528 0.2723647772521368 8770
0.0948328750062348 0.3782066367792081 8771
2.193807669708332 0.3084355949882324 8772
3.050010326328117 0.1196710858118443 8773
-0.09943367419019915 0.1400532054242101 8774
1.330012832858365 0.07122762421405235 8775
1.327226051473452 0.2473757055849814 8776
2.294966955668397 0.2968379213951253 8777
1.321608861028153 0.2339943560557151 8778
1.21465592389726 0.05630615276520216 8779
1.029762681693438 0.008143414626371618 8780
1.897535271274378 0.2375026251080076 8781
1.34544724632543 0.1248989844556482 8782
2.12154939437998 0.1010352688641104 8783
0.1164463559586822 0.1884468139818762 8784
2.181521208584026 0.0797730858215781 8785
0.8042474277817545 0.1350447945671742 8786
-0.1784788639861267 0.2501414552260991 8787
1.723769489652613 0.2434007475465391 8788
2.158675188736728 0.1397473550942782 8789
1.255925487925357 0.1201485957303927 8790
2.303842504570702 0.3191195743477248 8791
0.7197444972679812 0.1172226153766889 8792
1.370709554806702 0.01801779047669826 8793
0.9300644621963472 0.182624541047596 8794
-0.2130517110995095 0.06802350397732698 8795
1.969384336307857 0.1367288344986942 8796
1.840206419097659 0.1016383493031548 8797
1.123309475778442 0.1834513451396027 8798
3.187782648415459 0.2740726669357047 8799
0.466023903041528 0.1067092062192852 8800
2.488202462483658 0.030162492630896 8801
1.655034062656608 0.2120947933025196 8802
1.57266466972167 0.2208126412815962 8803
1.963916597939593 0.2648055200813658 8804
2.746072657613478 0.04839027632956279 8805
1.929854731468645 0.1559952777582345 8806
0.7477255287800382 0.1298039665192083 8807
1.305555170623619 0.1244807750041425 8808
1.141484550406706 0.2013002161920434 8809
1.933607676498538 0.07314580249827851 8810
3.154351268604215 0.007424244279183241 8811
2.256222775930833 0.4300560300819847 8812
1.268679319393047 0.2415055111223461 8813
0.1165730388761255 0.2527767940846082 8814
1.856790675677215 0.172089968541249 8815
1.226172362732278 0.1043736177151613 8816
1.046923600263416 0.1144644383896371 8817
1.784780270582745 0.1764506410521963 8818
0.1954642383675612 0.03174882754988778 8819
1.942877434294795 0.1801820438075918 8820
1.98248644851118 0.03262384771182536 8821
2.376557987637658 0.07352220441920165 8822
0.3354368073991609 0.4664617760943224 8823
2.080459886104073 0.2078925190636786 8824
0.9050223802162185 0.04002773314817416 8825
1.182404683827301 0.07932747765004826 8826
0.3217523084425652 0.09630892750258419 8827
1.841330614184196 0.03148398264974127 8828
1.824363795607745 0.09675566535490827 8829
0.1700165970574244 0.09086104609595694 8830
0.4783819176748847 0.1254764994739906 8831
1.75261118064702 0.1468469674992961 8832
1.064603124761063 0.03254755719130654 8833
-0.1408395100004378 0.1960659728400813 8834
1.508425820830865 0.1543954141712748 8835
0.2813358938853693 0.09583080720356833 8836
1.711912798050156 0.2418043217604877 8837
1.661233888431903 0.6500551451907078 8838
2.20059878567722 0.2130559356654923 8839
1.843857946697719 0.2664685416624388 8840
1.935144470796041 0.1426948343441234 8841
0.4249306540760471 0.08953163093152045 8842
0.2145265241383792 0.3406081275616945 8843
2.241693114668991 0.01980871719575154 8844
1.753974117033574 0.04073555811514994 8845
1.544397221867736 0.2641503129115572 8846
2.373383057103365 0.2950338667749579 8847
0.2037108264153565 0.006864078466818893 8848
2.47459365832577 0.006602899208139965 8849
2.086987281397979 0.3368378287979885 8850
-0.142827323886063 0.09490682263558466 8851
2.847657103786313 0.2298905059070672 8852
1.412508547327027 0.2022923204467993 8853
1.757651186127851 0.2132927983312168 8854
1.613808128333547 0.03163206245487012 8855
1.38743769832343 0.08512232371392045 8856
0.6105072282156965 0.08728265277684458 8857
0.4694696480087542 0.04211080724144142 8858
0.8765747218343003 0.5956745097789655 8859
2.171794756635708 0.1175303968615432 8860
1.137335244641704 0.1585428623542646 8861
0.0656884138161755 0.26686573106025 8862
1.564391619996372 0.22518831660061 8863
2.015891916399088 0.2500890607756852 8864
1.138649773177297 0.07480746825739594 8865
2.509870939905598 0.08643717079330056 8866
1.522521081593082 0.05937412822992064 8867
0.2971861524343734 0.09557640932945083 8868
2.251713274593209 0.3380402191997367 8869
0.02262435956418973 0.273886708103226 8870
2.501257293971812 0.2225116212491499 8871
1.750173486669406 0.07010579863141357 8872
1.12294625548666 0.1568164387262856 8873
0.951833776183004 0.08861128599951147 8874
2.121772782087855 0.01980067290640022 8875
2.766310244482893 0.0458238785890249 8876
2.758037052076539 0.2363158670352182 8877
1.139782825081131 0.2104995559990724 8878
1.917115973846828 0.228855521553202 8879
0.5719220953523154 0.1388252915748917 8880
1.25721481781137 0.158767799685104 8881
0.1822330223338422 0.09357048782625434 8882
2.927859268883465 0.02925386777750341 8883
1.11223712818985 0.1527875435599466 8884
2.010059064755323 0.2859899339788749 8885
0.7751695939530052 0.08127953787957305 8886
0.002994345503319226 0.03431252210136521 8887
1.98883619316649 0.06713164885915036 8888
0.9660110133816997 0.1542114078665976 8889
1.405405293994057 0.2176316776270603 8890
1.745190222054192 0.262959745439703 8891
2.128801830190855 0.0360085685272592 8892
2.072116961611142 0.2316167774891188 8893
1.434777496421351 0.2562515834619398 8894
1.67603582348385 0.2482722545684867 8895
1.329793099821348 0.02032705974330194 8896
-0.4030471182547516 0.1534360607844073 8897
1.911019428456354 0.1533275440900517 8898
1.908332664276329 0.1447201953359001 8899
1.344195096720427 0.04474518759412618 8900
1.035918044779845 0.1640673143576471 8901
2.361381288039786 0.02054930476507348 8902
1.82409753914797 0.2306536605734516 8903
1.450594532169618 0.1486171196956863 8904
0.4932155729420042 0.1214039950291166 8905
0.7371918675584839 0.1395527750558084 8906
0.4749001481457807 0.006752068777876185 8907
0.8418017304582066 0.1789655294869757 8908
2.345783127577884 0.3125066839185217 8909
0.401816485666278 0.4401803932900795 8910
1.907061407467284 0.2744736368166446 8911
1.068777103807666 0.01887525786977633 8912
1.876697995075089 0.2085971655363498 8913
2.346552158932846 0.2150994570302828 8914
1.914277635749548 0.06048965731047493 8915
-0.269984339075619 0.3175458295879732 8916
1.47040576657874 0.0175681690677378 8917
0.8300890405325357 0.01774158265057233 8918
2.416228453143501 0.1930688871480428 8919
0.1280819854794732 0.2929321822546407 8920
0.0421773751500116 0.03632352680570096 8921
1.89713323048632 0.1902023473794852 8922
1.428735174985699 0.05228467600614346 8923
2.525002743723134 0.06801089318145699 8924
0.4136786413323604 0.4700305408974738 8925
1.837864447871222 0.1184048811260479 8926
1.972148215609453 0.1789306600298508 8927
0.6271666084504028 0.04936513329779798 8928
2.070855349168865 0.1665075239642568 8929
2.056335236890897 0.5384900357032267 8930
2.393493854182631 0.3818778302253465 8931
1.131688132940572 0.08798508426324492 8932
0.3085448755445019 0.08540998350435969 8933
2.149502163211649 0.6979177373731504 8934
0.1604079408436658 0.3287047418014943 8935
0.1652030191903968 0.337994729792509 8936
1.738811178810798 0.1991104199124547 8937
0.05532248929623582 0.3043598900750736 8938
-0.09522518090926858 0.03911717917249902 8939
3.111526109339069 0.5685350695250236 8940
1.014440491287715 0.006382039698379178 8941
2.418185273444002 0.04641473722206696 8942
2.599238494100941 0.08062571939798141 8943
1.390833994355876 0.1628567930822686 8944
1.868632799142403 0.2115696132413232 8945
1.862648102502426 0.2051695181249444 8946
3.266078951474894 0.5789659202467804 8947
0.6562418256113738 0.1472443871153574 8948
0.1572728677641077 0.03271633757406653 8949
0.4822386755112837 0.4858144668397537 8950
0.6608715110471372 0.01915293748638575 8951
2.464042030027577 0.1212527322874976 8952
1.727301346696072 0.1721488651862126 8953
1.094999999995878 0.006311272831562513 8954
1.765323494159882 0.2116255351887772 8955
1.392231075139462 0.2079973193086799 8956
0.9578242968334049 0.6081534051712315 8957
-0.1097922774202804 0.1878840698798062 8958
0.4786053005844729 0.05239251967204271 8959
0.1456475539118624 0.4406183638416447 8960
0.773606331939051 0.1013287115380574 8961
1.197850888201168 0.6864977115531392 8962
1.950290049246858 0.2084514702066388 8963
1.930565059410187 0.1355629864782596 8964
0.7510983159297191 0.191329930364726 8965
1.483829909887023 0.02689834610900423 8966
0.8112478096290794 0.1093305090718612 8967
2.268088320032412 0.02791703945104083 8968
1.923992089764551 0.1500394806115099 8969
1.641382761467556 0.1816453340039884 8970
3.154844803493088 0.02668763770459356 8971
2.311706960856583 0.1674673976700012 8972
-0.2494439926032201 0.1748356877157295 8973
2.343447430162563 0.04617325324470326 8974
2.207347555645826 0.03992138148984047 8975
2.935041989686262 0.04676933756982764 8976
0.1664795604090926 0.2950981807574749 8977
2.273709377108077 0.4226049368513309 8978
1.895859426536973 0.2584917259272731 8979
2.003271421386586 0.2263718993088597 8980
2.232803671219125 0.4655542938984804 8981
1.554315212530903 0.007727697357977242 8982
1.736594283728882 0.1195546174784437 8983
0.1214100402655355 0.03000295962753794 8984
0.09068882902866078 0.06923527961628978 8985
1.047464481793448 0.1779000630355579 8986
2.069513202614598 0.1310893188407346 8987
1.113936147191322 0.05661677900069685 8988
0.5861292249965377 0.1412214864381313 8989
1.809154126967212 0.03496717226522106 8990
0.5026806125669888 0.1485216592642453 8991
1.931017097224464 0.03444152340945471 8992
1.08241070196521 0.2147637074755792 8993
2.600390616153268 0.3851920166556829 8994
1.807030350891271 0.06878571998095494 8995
0.7079840960279039 0.126761073714125 8996
-0.1020880700240513 0.5969198781397702 8997
1.873632738479855 0.1664109826840988 8998
0.7627484645849057 0.02235193023055694 8999
2.384642416279508 0.3606706865430113 9000
0.9584262930062758 0.1879589279065303 9001
0.9120713113656391 0.208464016258584 9002
1.905627021007099 0.1261365314525287 9003
1.06095663667874 0.182910212162316 9004
1.479893779834974 0.2261098300430145 9005
-0.1152636580124275 0.03899704139970685 9006
2.268395497497758 0.1668772173448768 9007
1.945641400879708 0.1327771453727651 9008
1.777882251840239 0.0687223916979056 9009
2.281416472331649 0.2076908200930747 9010
-0.007982950997764469 0.3124019763681985 9011
2.459549519575394 0.03442161330577061 9012
2.566217286589016 0.3539214276256395 9013
2.080498230847307 0.3244740106169234 9014
1.557374141229176 0.218534705301771 9015
-0.2574441544372457 0.04091881204578818 9016
0.1017300727528807 0.2787430744883085 9017
0.8608815007301861 0.192630142900622 9018
-0.03690421593962331 0.007114213845026535 9019
1.846011339644194 0.007014522342947769 9020
-0.2187754032274831 0.1293131536335356 9021
0.5188917067835103 0.06573228845154777 9022
2.945661800930655 0.1251213866452352 9023
-0.06400701643071305 0.4050745486855818 9024
0.609818065208048 0.1002832407313786 9025
0.9189228479448837 0.05975237791102368 9026
0.09709407527487993 0.2046107384001598 9027
1.723711139674133 0.07951072957163202 9028
1.049487413385891 0.08014290579274912 9029
2.065004509001064 0.1502577113377778 9030
1.998819798255116 0.05384186328974092 9031
1.20864679484861 0.06760579828084638 9032
2.053818558919327 0.3263482868739991 9033
1.756784424492218 0.08395962935945447 9034
1.775021657817511 0.2615545230071525 9035
1.565010274771984 0.0744516716772729 9036
1.650323287621552 0.09299251300621164 9037
1.422034114274686 0.6931831665074989 9038
0.03359929511582189 0.300929720484757 9039
1.937472624180298 0.02882296034880139 9040
0.8101520195297744 0.1985830756810735 9041
0.9980276515550772 0.1693087387648781 9042
0.3960410978953637 0.5015990152451298 9043
0.6464957294066493 0.08435024813263342 9044
1.357949182630906 0.2230849302207755 9045
1.07997558362412 0.185152503591953 9046
2.088860285277879 0.3216971677552788 9047
-0.3113343628094437 0.172633287861972 9048
0.1066303843603657 0.2413198143528515 9049
0.01817284246102577 0.2220725680105979 9050
0.7520408924769842 0.09148713301319358 9051
-0.2339792319396524 0.2778158247935936 9052
-0.415356784441319 0.1214947716377626 9053
1.223338752345133 0.1394156443902336 9054
2.381853735594933 0.1900545837017294 9055
2.062685114828346 0.1421897382260259 9056
2.163599940735204 0.3454460957305427 9057
0.5843689478010976 0.0272124364729353 9058
2.298947839493718 0.1547908598004129 9059
2.079468960476922 0.2178390120815383 9060
1.706041592833663 0.02931212340263675 9061
2.994410415743629 0.2745126863967617 9062
1.329849312544851 0.1601629240822773 9063
1.291775121468257 0.1260460544337772 9064
1.781006382064546 0.2155334428008823 9065
1.96770037604414 0.2802640126175303 9066
2.444310395217537 0.0387841544659366 9067
1.416049224255246 0.03108095178406563 9068
1.080361857153216 0.1679579407493433 9069
1.215489680898151 0.2067149402030025 9070
2.993209775182008 0.07806597067275717 9071
1.646085566858585 0.188302465207719 9072
-0.2961087510528018 0.4055858552674268 9073
1.392673486114079 0.05701256419889353 9074
2.62571964782193 0.1218926148571211 9075
0.8888052529628085 0.204990478350043 9076
2.806335967925082 0.1549762784215801 9077
0.217942842099074 0.08411942695325428 9078
1.523315950706023 0.1316133984813125 9079
0.08295414587943224 0.007335130237700445 9080
2.227403215266729 0.09559851032283355 9081
2.103531718490176 0.2405449030684121 9082
2.09554657259464 0.2385265372464635 9083
2.287921552285628 0.05436364055383134 9084
1.771416996082438 0.1458434469220191 9085
0.5847581822552116 0.1323524679719452 9086
1.767274232990493 0.1390608376387691 9087
1.026545248046846 0.06286551463999818 9088
0.7520530847870224 0.01985123948671092 9089
0.1309653785041301 0.5859837939004573 9090
1.363887255975874 0.1783504361482853 9091
0.9648075376727125 0.03271297472719137 9092
2.724195468293664 0.1067695703905285 9093
3.270466986491972 0.008862620814333942 9094
-0.007866462728054335 0.1375441725887019 9095
1.482034272653751 0.2180385174129132 9096
-0.08022227014213339 0.1580164537064758 9097
1.925204632020852 0.05123040681394194 9098
-0.3475628242723435 0.07712768356104135 9099
0.0450139173878785 0.2203625678291356 9100
3.410989095108601 0.09354719190230448 9101
2.047519267057724 0.3127078621332872 9102
1.790550751539888 0.1622569034538679 9103
1.537184258550405 0.1027984647693539 9104
0.06014793242405062 0.07705296082797906 9105
0.9347383093612139 0.1762716801054932 9106
2.10556335539077 0.4843276526085172 9107
1.296635893003441 0.2447424051418888 9108
0.07233284837501477 0.1402873606433631 9109
2.400646786029942 0.03161670814757109 9110
2.390212332830314 0.2847561174998265 9111
0.632304909969891 0.1748120433456317 9112
0.8572639297645264 0.5321437234265596 9113
1.678394738286196 0.1271735973022466 9114
1.686118099023971 0.1254265903631393 9115
2.605006920464072 0.007745815591480145 9116
1.817307224927407 0.2768953989977317 9117
0.9404574042659455 0.06678339726387322 9118
1.708487400313131 0.2249699953162149 9119
2.516761009110492 0.1009621722976996 9120
0.8260740644810212 0.1187400014826176 9121
0.2706893729052074 0.1102221326288437 9122
2.010767163903326 0.1346573262373763 9123
1.949626339383119 0.2863135365388468 9124
1.546171301420323 0.09506833409925525 9125
0.5512798872790683 0.1007541827608446 9126
3.459748668787067 0.1207024610002697 9127
1.665031536126209 0.2194349134168984 9128
1.447879997214893 0.06114352762950014 9129
2.913778302764167 0.136699795319193 9130
1.982316516097743 0.1312245772911391 9131
0.6912526879524562 0.5921924278503309 9132
3.472029939439953 0.04028485814479132 9133
-0.2361138802856242 0.06382826040223424 9134
1.716851976942375 0.2122414002211105 9135
1.645782800107027 0.1739549132767849 9136
1.817206202130706 0.1841565763755279 9137
0.001919644419185844 0.09165930105053506 9138
1.840895110513996 0.1269697353340336 9139
2.196397457631954 0.03086220371069778 9140
1.317363748904354 0.06434881157240989 9141
0.5587798658372491 0.5079212059591787 9142
3.462903191867856 0.02171628989243384 9143
0.1456266813008967 0.2494351026197975 9144
0.6548753167273031 0.006303520127900688 9145
1.610791345932111 0.1188203589668304 9146
1.605860778838247 0.1122808066726025 9147
1.345845052836276 0.09652094947573084 9148
2.125307095609619 0.04580762099483594 9149
2.293677706661018 0.3438035004172964 9150
1.525771774855531 0.1769585910951073 9151
-0.04712392950253075 0.2920424672673906 9152
0.4946632354814976 0.04092181995219144 9153
2.154377017658927 0.2139749476984196 9154
2.175943887797607 0.1260659044700085 9155
1.877485840793971 0.2589110692629754 9156
1.117175475508724 0.08206691746785205 9157
0.1509168133393077 0.0999052894321571 9158
1.015608316512773 0.04947297605558707 9159
2.37762825139534 0.4125729257148875 9160
0.7459883229252566 0.1786656439644169 9161
0.1374118510372548 0.1407682545940406 9162
1.04793732389067 0.06948359020049771 9163
0.5054387128570726 0.06408129434949583 9164
0.8572718770600365 0.08908334797481729 9165
2.598564928985398 0.03513272422745843 9166
0.8195759203855326 0.188533082155199 9167
-0.06114364086461235 0.0461170411105888 9168
1.86235608815288 0.1100338325638199 9169
2.286688325474492 0.3320133194668057 9170
0.2149383501999255 0.3879570954644086 9171
0.5221711737585051 0.007222355104378033 9172
0.1279120338560627 0.1603010128497613 9173
1.877042754747178 0.007368757054894309 9174
3.0284606118234 0.1246759147355448 9175
1.364109501471224 0.05082802448013612 9176
3.203631595122269 0.007480493799073379 9177
1.624520384871678 0.2281213971342446 9178
1.495201531427902 0.1301130433821586 9179
2.141001330104381 0.2347418143579001 9180
-0.2214393772139914 0.3503970470902523 9181
1.495410002760938 0.1070483532359814 9182
2.89634059500848 0.3369898865751165 9183
2.269242689396595 0.2541370672915493 9184
2.33883724004476 0.05991550127924762 9185
2.644990917167484 0.0078136031002546 9186
2.108368927527145 0.1792953206759951 9187
1.707200730935858 0.1862204375668283 9188
0.2838084199399885 0.03225084427459747 9189
1.947525146875604 0.09089669634721757 9190
2.337904232252405 0.2616586172003298 9191
2.017948703534625 0.2887839034227594 9192
3.491908148070883 0.04105362426267736 9193
0.6844281436038017 0.15266740658381 9194
2.83669013570172 0.007871160203134244 9195
0.993850027109035 0.205078089520432 9196
0.5108576551622735 0.01539919193883719 9197
0.8932280113191565 0.06949068222106281 9198
0.04905889411953259 0.01941484149953 9199
2.040790076416542 0.03559450134402695 9200
2.078643454769129 0.02619169657465192 9201
0.7904981694649622 0.1531901178095479 9202
0.8126034984039499 0.03078004653750951 9203
3.046621821863689 0.06375511700426592 9204
2.3404827786251 0.3728899331854503 9205
2.173897902325156 0.142745241512275 9206
0.2609498563144121 0.4848757603025289 9207
0.2327277215705668 0.4874842603889233 9208
0.2746914359714285 0.03166705581010034 9209
1.572665084626865 0.07021382208567845 9210
2.453695081876674 0.06811666412818608 9211
1.131644771665867 0.1334192353644432 9212
3.385412223108869 0.02431938326329804 9213
1.785153144945844 0.08325275297467179 9214
1.790272952701506 0.07565239293451466 9215
0.4062550829754802 0.02896258350466497 9216
0.2190587471861969 0.3573821452531366 9217
0.9974398499088236 0.09477109913751389 9218
1.519677919938174 0.09934499655644587 9219
1.588479631970773 0.2495486853954185 9220
3.458632874387965 0.06092063520433742 9221
0.2100567491580013 0.02968542263260747 9222
1.482876321246299 0.03820215701803892 9223
0.3992818113877163 0.1087409813586702 9224
1.839760332280778 0.2349016198156797 9225
0.1368930833952669 0.3233599113645576 9226
1.999731561804592 0.2107725153481395 9227
2.793552375990964 0.02074625066397527 9228
2.191585683390179 0.1714585832975933 9229
1.134132801300362 0.1037057278655265 9230
1.21539258383216 0.006039364938204721 9231
1.761367378866538 0.0178727382658712 9232
-0.1191984833813678 0.1026580755723613 9233
0.6481591861012842 0.03042119119011835 9234
1.672032932027038 0.2064011405750201 9235
1.834791627522617 0.7002073493146705 9236
0.925797745755673 0.5252201242762061 9237
0.7578208655785412 0.08261804362173487 9238
2.265709588326996 0.03663354242827213 9239
0.4404733284746752 0.06259506881506871 9240
0.9642837203437399 0.04353324808793885 9241
2.220012581257477 0.2838984890102524 9242
1.954382544799991 0.2996447889269295 9243
2.708727628012057 0.1747102439252542 9244
1.680965743925844 0.2617609334898978 9245
0.9882261790657197 0.1900087259953107 9246
2.103775931941004 0.1109116794320095 9247
3.485034283466307 0.1386562076200277 9248
2.092716751938354 0.1807126524730225 9249
2.507319207543449 0.1119557231048312 9250
0.3056366177094558 0.1098857868098443 9251
2.195236964744682 0.3654663019470439 9252
2.122299974261451 0.3347687489831043 9253
1.68290985067862 0.1970009061687352 9254
2.955040892812827 0.007657188595927869 9255
2.998203176896538 0.1857164332426821 9256
2.331369708731319 0.06919100977894768 9257
0.6676292827608761 0.1242958524124864 9258
1.400076296301753 0.1815014516555239 9259
1.754372844626021 0.2740021516407897 9260
0.4747594493381583 0.06550053922122705 9261
1.152149974442158 0.05295101141540215 9262
1.368084207041468 0.03232993977658633 9263
0.8675685651750246 0.1785103047728697 9264
1.354810472719425 0.01638795113315372 9265
0.2971230741021301 0.1098510118227615 9266
0.2643329951697235 0.4441309602791758 9267
1.546526092360411 0.2068997255465116 9268
1.096606711906988 0.06880010797983693 9269
2.610813582746801 0.1477280723246359 9270
1.224417610069262 0.0905679852327534 9271
2.475867850918613 0.02154366672876802 9272
0.3942913614458053 0.04133422954496223 9273
1.743781921579243 0.02797040921489347 9274
1.040534418917113 0.04702263094944653 9275
2.098776502781878 0.04377407383085784 9276
0.02989971718752212 0.3265850954140488 9277
2.71242880426552 0.2940167705524005 9278
0.4452484270492891 0.01706434475265171 9279
2.298962631297439 0.2033120803499981 9280
0.07097033698433386 0.03721271584842307 9281
0.2042552271899986 0.6860655286412506 9282
1.069394220740499 0.05563690109951966 9283
1.266966224947439 0.08462619508855247 9284
1.739864283883659 0.09429158959377001 9285
2.452931765102748 0.2907601596588455 9286
2.454999999997204 0.006305220379132052 9287
2.028261065085336 0.5915284740623223 9288
1.960232695036471 0.1360159218704555 9289
1.956266423347656 0.03135757672165914 9290
1.045210188521641 0.1499558490680306 9291
1.126960256215441 0.00780229577186406 9292
1.337647891843596 0.2146705320887316 9293
0.140047806416709 0.2367981914341389 9294
2.176586408805031 0.06654865298087859 9295
1.237204349499824 0.1372756250522537 9296
0.9247843268179651 0.006779156624111673 9297
2.174782823576476 0.1996159178842897 9298
1.574748505868019 0.2671704335406796 9299
1.989903778029917 0.007881206076285206 9300
1.757319938560022 0.03190882417005114 9301
2.123370503399556 0.4775423550997163 9302
0.5482184845881009 0.0854908315462571 9303
2.091110472540903 0.2977349887327395 9304
2.284993376288054 0.006462562565713481 9305
1.420572024038216 0.08241372543501792 9306
1.200313250275746 0.2236942785980118 9307
1.959689191416009 0.1153100804096904 9308
0.7111673532752009 0.1864857119359871 9309
2.254266003672724 0.2575899231201095 9310
1.285126246629026 0.0421921854318817 9311
1.863596916670663 0.05693516920297681 9312
2.400495085151368 0.2424769854854378 9313
2.888693852230771 0.08915876289688456 9314
1.20584307611413 0.03461708371044471 9315
-0.09431112941859805 0.007741325814392429 9316
2.150849995700844 0.2797950270468219 9317
1.64070818267887 0.03394810225169514 9318
1.214022422283839 0.03112404331512651 9319
2.143407695263456 0.184227170230122 9320
1.579376838116883 0.1319468936818544 9321
1.871540241753884 0.1104779971434654 9322
0.9848573799038736 0.126858042194864 9323
0.05481239425771435 0.04140820342679985 9324
1.701395826796967 0.1210656454121785 9325
1.751770803133752 0.1628809676387237 9326
0.1578547375887651 0.007519501039699287 9327
-0.03003626203707173 0.111315367243705 9328
1.171006855798471 0.1331666846063495 9329
0.3978428716702406 0.472852114028542 9330
1.908708501841077 0.06578374391662128 9331
2.963035367614927 0.6886891316096835 9332
0.4022497472676896 0.01835611802401035 9333
2.067411531963681 0.1165585354014161 9334
1.54657115436262 0.05813040190681494 9335
1.493947806359033 0.08052721169667387 9336
0.7050942506874952 0.1649853363021124 9337
-0.008470290846190814 0.06144575169478039 9338
0.8096270005200982 0.1843762566053995 9339
1.556905585296767 0.05281150439852043 9340
0.2290223130443591 0.1051101662336052 9341
2.04074321864078 0.06245476113822827 9342
3.445868534101718 0.06786188830841713 9343
0.7142155258114689 0.07824142842848635 9344
3.1635139494489 0.02195885679449757 9345
3.035008168507303 0.007768862463281529 9346
2.324999999996874 0.006123532521362929 9347
2.27781885570703 0.1393224805453458 9348
1.640139686955139 0.05922359127969059 9349
0.9601235575609032 0.05359727456896132 9350
-0.02894848497911333 0.05884011153675736 9351
2.039983391963466 0.125696514527483 9352
2.054016679116114 0.2300998388934657 9353
2.166935415637434 0.1589402663697475 9354
0.1010678812593192 0.457000934113458 9355
1.757101031859447 0.1700939965534513 9356
1.101777686451854 0.1511838598125247 9357
2.745743128458349 0.03402482909548984 9358
1.070872613670689 0.07781963969265245 9359
-0.1498010876656328 0.1566999186058209 9360
1.634006083659405 0.2430608139058551 9361
-0.05217458723065044 0.03906470221716727 9362
1.449425182850177 0.1143111291893761 9363
0.9746321441385661 0.1160611600212376 9364
2.375591785617798 0.3143258481739842 9365
1.106806741001408 0.05987142566937667 9366
2.133015235564357 0.3123471132648193 9367
2.165286407730463 0.3593546167171575 9368
1.501715355219872 0.2493503359559508 9369
0.03585665534343679 0.1420172185505018 9370
1.115693378668975 0.04608219203920549 9371
2.094858601953353 0.1342255111981666 9372
1.848872106733378 0.1495826611054717 9373
1.853389697600579 0.05518590551251937 9374
2.016177005526871 0.2602447955395321 9375
0.9647272303673624 0.5439654786282105 9376
0.9544756584203703 0.5609396148807195 9377
1.333900999451623 0.107685703040899 9378
1.715311247419959 0.1986952467407759 9379
1.664698531185794 0.1237578460814738 9380
0.7830610052086957 0.02732915095066742 9381
0.08434187936784049 0.03077460910127174 9382
0.8458720326838386 0.5183300797403801 9383
1.064161645544877 0.0834398971134459 9384
1.698003623381029 0.2514794599120515 9385
1.20224819161143 0.1991536987452905 9386
1.623471737289946 0.2427164827040124 9387
1.758066491468027 0.1397259481006155 9388
1.178825197380661 0.1794414400223372 9389
-0.4443501459623936 0.04236998086154575 9390
2.491504947132667 0.1267558066877889 9391
0.4257198640307932 0.06769196800155219 9392
1.652672700776565 0.07709062185474531 9393
1.027084252199279 0.1926079709065077 9394
2.217702891207963 0.560366212123369 9395
2.224598094804952 0.2915936783279223 9396
1.669847989169545 0.2333813132184496 9397
1.661791771436176 0.1554415424416586 9398
1.056514298187867 0.2093137625256038 9399
3.374573976192263 0.02149138577894167 9400
1.582025281279622 0.139094464977103 9401
1.590429956902741 0.1402360945809434 9402
-0.005240903246018759 0.1140270120880521 9403
0.9414438409793033 0.1117720584378137 9404
0.888455251598993 0.1677334430130678 9405
2.234150503597415 0.4539439018234649 9406
1.081876453370296 0.06854405529727081 9407
2.38556430680604 0.2954872354281169 9408
1.788703172291813 0.09753568771243876 9409
0.09877017970133595 0.09951078466035219 9410
1.777853732561504 0.1572854183910071 9411
1.186874594731918 0.2346757639244225 9412
1.76529839417738 0.1130621137693324 9413
1.140551517211578 0.04066733549759956 9414
1.287621011515911 0.0185575648228125 9415
-0.0229981169254278 0.2199150841954744 9416
1.453532684726244 0.2299657422502866 9417
0.3059683878733548 0.09522803270632169 9418
0.82507094119602 0.07465844901789083 9419
0.4059924940806199 0.1312058054235238 9420
0.8752230973102375 0.09488202062397441 9421
2.035762056799764 0.1740089109861192 9422
2.084099344042305 0.1343892159243517 9423
0.6565928894832476 0.09572941030350127 9424
3.371004581157748 0.04165876803885873 9425
3.230923571134785 0.6903421903771051 9426
1.046034640903606 0.2208655522704885 9427
1.080475497437203 0.1087484281231364 9428
1.098239408701357 0.05355041442261073 9429
1.399231779079302 0.6217261297495189 9430
2.150316451383146 0.0250794675946952 9431
1.563999957458824 0.1655053511372285 9432
1.42471088449807 0.2104967723720939 9433
0.4500698875210686 0.4584104443428184 9434
1.887995029608356 0.02708196501229264 9435
2.284155109919374 0.07541636393226099 9436
1.752604019060367 0.1330853411731758 9437
0.1531068788698043 0.1071931657104959 9438
2.812863645375825 0.07824620252998551 9439
1.701638788389809 0.1078132220670638 9440
2.733058714173191 0.01945576493461517 9441
1.053473440973345 0.05376900661642847 9442
2.086466182996586 0.4921052109875345 9443
2.113284479385364 0.2048359252513199 9444
0.4387758818828477 0.09037646794099333 9445
1.322397878104336 0.190885181150988 9446
0.7479518726602797 0.05911739039713138 9447
-0.3975432350989458 0.03439091859282314 9448
0.4685597475264787 0.07874065824402494 9449
1.011984782999275 0.02041108689618479 9450
0.575920247889935 0.05175582133604043 9451
1.762262584678974 0.1982374352508206 9452
1.768851176534698 0.1940711166056685 9453
2.366628243005072 0.1125842025442196 9454
-0.2082532806401135 0.210926760540283 9455
0.4144149943191997 0.05540298659297231 9456
1.667047528627123 0.1918158097567685 9457
0.4328293638934856 0.007355434621614471 9458
0.1285236773317058 0.03576956882078567 9459
1.785452857826139 0.2763895000698027 9460
0.8768747124635297 0.1632187187730485 9461
2.190262103805973 0.1994969954622943 9462
1.455070076495023 0.07268887473622965 9463
3.255639398307023 0.2591082644348836 9464
-0.05720590988337488 0.007535606996015699 9465
0.02477906289682759 0.007390862568277319 9466
2.495561551493177 0.03505092536474254 9467
2.181227036273185 0.04024141160526164 9468
1.344811467552298 0.2397011579304565 9469
2.474408792742083 0.6154045388975091 9470
2.115349788724616 0.05639562020533362 9471
2.063031924026156 0.1261774629894602 9472
2.144884772756967 0.2502465627782029 9473
1.231552817060554 0.1500381357292559 9474
1.642536705048292 0.2091609536256106 9475
-0.05858440904753509 0.1598817011037368 9476
2.50733978422578 0.02671559771573208 9477
0.6846335031694046 0.006250211365988323 9478
1.78358606781156 0.1399309270478331 9479
2.025517753951887 0.1397807307861886 9480
1.526331144570029 0.1138908474851991 9481
1.208627896294987 0.0193087402261378 9482
1.490224936473896 0.2161602319370449 9483
2.037815718342443 0.1184589115371104 9484
2.296926960960533 0.05370942829455199 9485
1.416588929537234 0.1300188693875953 9486
0.6588598396944552 0.1132466181690029 9487
2.257011021609844 0.03899399892823941 9488
2.849179290573139 0.1348160787562745 9489
0.6475131707588544 0.01767641216076339 9490
1.261565070988364 0.1943520090401171 9491
-0.1036639825260596 0.02124544530573129 9492
0.10336034298383 0.05068268212232512 9493
1.185866138055533 0.1220666333632199 9494
1.752483910490723 0.1177671411394474 9495
1.210844755028668 0.2243778816281384 9496
0.7601615214156794 0.1762936307113872 9497
0.05406738248398724 0.1590402250380659 9498
0.7580238232638338 0.1059019280305666 9499
1.740102218766092 0.2156654891306376 9500
-0.06200188411233834 0.25778917539403 9501
1.49262257262437 0.09144686967303098 9502
1.988937113017602 0.04376167943240836 9503
2.339406537448499 0.1340129624705856 9504
0.8986559551171774 0.2078606865052956 9505
1.554480857458465 0.2055040288000179 9506
-0.4847508090623447 0.1198204731746937 9507
2.097425308892682 0.488546298799494 9508
2.919301831766674 0.06728586307592946 9509
-0.3703062500356972 0.07919982124264253 9510
1.305311669607622 0.05365195183630917 9511
1.62973060134885 0.2158041631504756 9512
1.619311661538852 0.1668848497732285 9513
1.613716909837948 0.159685564620234 9514
2.982922737091734 0.03853472154791128 9515
0.02827047425228372 0.02636569913492805 9516
1.286331953564918 0.2439815272783361 9517
0.9705301865288413 0.1281485879309406 9518
0.4553062131876531 0.1273818329132036 9519
1.429848670818551 0.1723775332520945 9520
0.7023038921853102 0.05333483347827819 9521
1.034960138067891 0.02506314182560439 9522
1.238031337383812 0.2281144973336169 9523
-0.2890189036307161 0.1491766024008155 9524
-0.1808658161890268 0.6845575824808884 9525
1.684786005077859 0.2249197429945371 9526
2.01853712528521 0.200404893270528 9527
1.678116209891802 0.2234496206462421 9528
3.178142890874444 0.3397484137483818 9529
1.956796558571723 0.09951269838008234 9530
-0.3142141899075861 0.1389563262371415 9531
2.232418019702435 0.05132190730199924 9532
1.03642467570363 0.03418918449435856 9533
1.138931201937871 0.02711972565724129 9534
1.598984444015002 0.258441281015673 9535
0.7119413397133096 0.1726713159751367 9536
2.174696970743202 0.1881662881521199 9537
1.735877715708524 0.1902247535665254 9538
2.182191527608758 0.2679832651809004 9539
1.942844907308818 0.224390757228362 9540
1.427463019653586 0.2015220714812252 9541
1.643818101364517 0.01963979405170863 9542
2.181026591463112 0.457862848224323 9543
0.6332083467567584 0.03628047451590054 9544
0.6436738919369787 0.04881211948480841 9545
2.024645062943489 0.5400622085407603 9546
2.70253624213517 0.04989364374415607 9547
0.8192976393839326 0.01989828735766756 9548
1.838973175710738 0.2047973443488712 9549
1.247885905417098 0.01810714652122704 9550
2.101355018404171 0.08341201403953169 9551
0.5558437472005644 0.06832057266753896 9552
0.02084995171392904 0.2646538046986547 9553
0.008135047055383949 0.2628351240413284 9554
0.09873254829321157 0.2868499073925455 9555
2.850478555606777 0.0556952796432983 9556
3.450740076831246 0.6184690521374777 9557
-0.03426720177133099 0.08617682979871624 9558
0.2273966092622719 0.007288288298728564 9559
0.9625102007992724 0.140462404435879 9560
2.147541385760363 0.3098584728299479 9561
2.024510721136146 0.2624783810184291 9562
2.025848056736783 0.2833438514933173 9563
2.346470925380128 0.3892641250376581 9564
0.9220352798845853 0.1276148805727502 9565
0.9554709944557734 0.03140952355813734 9566
2.203079052835546 0.203258632808651 9567
1.995890501970524 0.09632962088138353 9568
2.025542981953206 0.09144179647153322 9569
1.824890050929841 0.2790531842167795 9570
1.048535149669463 0.0910545290127371 9571
0.6024078380873631 0.1127400268840176 9572
-0.08930106046587072 0.3922613002252984 9573
1.687727124241296 0.01713462296221376 9574
2.998149733538725 0.1106319756058234 9575
3.195594281185924 0.1812862636772765 9576
1.856381448009168 0.1912268252713129 9577
0.03419857692746819 0.5247089341572686 9578
2.052266886516592 0.1164800265806077 9579
0.8568860392241022 0.1129641695097234 9580
2.489970922521328 0.5337544795136517 9581
0.4166284787644738 0.01845345351134524 9582
0.891421822150311 0.5536899740121201 9583
0.8886689791846275 0.1142910560883758 9584
0.3349095593274809 0.006057867902404042 9585
2.601131317165491 0.0569385667969276 9586
-0.4362758467600912 0.03422549918520957 9587
1.365377124568529 0.07603238749001892 9588
1.921752760484623 0.2119219001538579 9589
1.222417117042299 0.04277435807677542 9590
2.466736315078175 0.190300763648647 9591
0.1979187662169631 0.3206387439154532 9592
2.445169965979164 0.1505007270796011 9593
1.604884676598497 0.09115835284686293 9594
2.454106710668602 0.319448796529917 9595
0.003378658358904002 0.1196332730483924 9596
1.39782846094353 0.2234146567303322 9597
2.323255114247764 0.06312191765325618 9598
1.153405826994665 0.2303813638277226 9599
3.149148691286422 0.05283952728124665 9600
3.201865305192437 0.2280662021280623 9601
1.706452563455741 0.05981998031503322 9602
0.1598011732368342 0.06016661904756406 9603
2.448889360959281 0.04808355694996645 9604
2.40805718242684 0.1485769560092697 9605
0.1197624139264438 0.1349434369749145 9606
-0.466427224661117 0.1006682310241776 9607
2.715555113462715 0.02578970634313308 9608
1.960490784824958 0.2873134953128581 9609
0.9309184195244848 0.1164895418695032 9610
1.678636976655881 0.1828156043945488 9611
0.201395263981984 0.3365420895660777 9612
0.2196632406186048 0.02979896315405269 9613
3.062895783246393 0.2347847184176407 9614
0.3306447386619514 0.04948366607409416 9615
0.1052205774382264 0.1515267392814352 9616
1.02781053018142 0.2017424570226572 9617
1.704482121894421 0.2081055774735448 9618
0.8807282953248203 0.07865103095221367 9619
1.015532584427876 0.1369630957362684 9620
2.063733615846462 0.1031235553696099 9621
3.328451184539937 0.4119945499741645 9622
1.790051380393551 0.1334844348759152 9623
0.9506770128314024 0.2016426068572725 9624
0.9195724124044418 0.08034652303543043 9625
1.587757405414294 0.2133116386032725 9626
-0.3047370355201139 0.006620738367866714 9627
0.4995301492263974 0.01520048014273833 9628
0.5313014389769659 0.1349530038313007 9629
-0.2850000000004507 0.006224389421046882 9630
0.5476665611769769 0.1386687302403063 9631
0.7285543997706717 0.02690078552614451 9632
1.166665802543711 0.01928453995789409 9633
0.5558087857895104 0.006217698944194074 9634
1.843538409416415 0.1935405888273688 9635
0.6609053189479644 0.04119490840270836 9636
1.455724538491048 0.0641468328713483 9637
2.385862387877125 0.05262499448428146 9638
-0.4007103808762781 0.1327671594864184 9639
1.509917695313571 0.01899370600460029 9640
2.200966290017774 0.3476535562909828 9641
3.163152108559078 0.5769547461899343 9642
2.207904032141814 0.2203318645350821 9643
2.354041739119254 0.457113747096185 9644
1.478788746827328 0.1848843262772506 9645
0.08108700138553865 0.204527351771528 9646
0.874516581289065 0.03597167502186958 9647
0.703726953188339 0.02985037897850134 9648
0.7616305372698045 0.5898975302016983 9649
1.545426498989176 0.1935535714074552 9650
1.321797242367957 0.07161065112502248 9651
0.9587528004079602 0.1162084020612987 9652
0.9297932447668107 0.5617417490226749 9653
1.943049323998445 0.007078107655548163 9654
0.8452686761607706 0.1450251424120735 9655
1.555002728049137 0.02987482067565446 9656
2.485392593548845 0.3603189695058151 9657
2.003391970248912 0.3125211395936677 9658
1.8350888553269 0.1565243995938513 9659
0.0448785802845356 0.2798640532615266 9660
2.058092264421679 0.501942620308752 9661
0.9589595947251653 0.0180695050901629 9662
-0.2098374796175145 0.1569291093417361 9663
1.027789481561692 0.5666061865186889 9664
0.9159315753049456 0.5253979596577848 9665
1.937359999531272 0.0811387256721275 9666
3.227822528822401 0.0455629613784586 9667
1.099926568326907 0.1678671836621589 9668
2.066131999506969 0.2067903589571415 9669
-0.4278571279780009 0.0824756403488021 9670
1.581725693392055 0.1964674846938629 9671
2.068950357784365 0.4981759631081952 9672
1.992823503706247 0.01746318372021039 9673
2.285026220385558 0.06233446740458751 9674
1.798189970122923 0.1841243677699811 9675
1.831256788209472 0.04293652798386358 9676
1.778245238170758 0.1252793525278291 9677
-0.3397530719878818 0.1170942654428313 9678
1.606743563561216 0.6344964480809943 9679
0.09013573779720833 0.1907936930026698 9680
1.942804951760565 0.09745790100903554 9681
3.464999999999931 0.006269047507220093 9682
2.116052545263999 0.310284465427891 9683
2.929378025311768 0.1691057893880583 9684
1.342462433799131 0.01814986728449849 9685
1.880714827458267 0.1899685643261601 9686
2.200218997924654 0.01578912582447965 9687
1.561513604453686 0.2454492191684641 9688
1.983389654539086 0.2360824061702236 9689
2.464733699354229 0.01824866355363142 9690
2.333714151184077 0.3470279303212858 9691
1.745032325736532 0.2504261172553914 9692
2.175652871688672 0.3348363002650346 9693
0.8837023854426169 0.1061404868490876 9694
1.56939253608665 0.02879553425862028 9695
1.268700609789712 0.05416489130188453 9696
2.059288505117796 0.1741347032994017 9697
2.680627657467316 0.06913133219497627 9698
2.113351001572206 0.1247190021492193 9699
2.431686068213505 0.3347116972913324 9700
1.489531685158566 0.175874522756689 9701
2.703033761032584 0.1353257382029523 9702
0.8899211946987191 0.03034615060751894 9703
0.8038351657893468 0.03814260534478946 9704
2.309877484025289 0.2143594122913139 9705
0.6028656240035495 0.122006832097136 9706
1.903295132277542 0.1579399573304143 9707
0.01028790834312193 0.05531893009569011 9708
1.114655282108409 0.1425411462101454 9709
1.735848169659548 0.132538346998731 9710
3.396699596000377 0.05037048326386617 9711
2.188966362080077 0.1847988560696913 9712
2.126909343271273 0.318972852322549 9713
1.002177106902652 0.05380289275734935 9714
3.01240089800884 0.03262250626482334 9715
1.495069158382138 0.1390037601462215 9716
1.829440264050993 0.2442891482039015 9717
1.380710260969922 0.1340796730695632 9718
0.1518055154507502 0.3283751277328923 9719
-0.3672867807782138 0.1227085469000257 9720
0.6634339789115453 0.05721781479199205 9721
0.920578427396725 0.03714364879304415 9722
2.200922074881611 0.1193806102608977 9723
1.866286158908703 0.6281005451102322 9724
3.050805015710068 0.370297608175753 9725
2.234735297900422 0.3616662626965143 9726
2.855564321518079 0.007770908841984921 9727
1.654704005926013 0.1609623411786802 9728
1.296578584551259 0.188599058647766 9729
2.160534419922705 0.05147297209031463 9730
0.004131898576952013 0.3508566627231926 9731
0.002961651633435221 0.3299421531823195 9732
0.01235119808784893 0.3400912453064718 9733
0.01390105516445898 0.3280520968134522 9734
0.02368977725550653 0.3426654635717974 9735
0.0209404126780632 0.3558349507260913 9736
-0.3846308537197988 0.02170935236220754 9737
0.01064386702215278 0.137884387112766 9738
1.419980490641218 0.110046978189358 9739
0.2278211300069102 0.4452873243427339 9740
0.1765175206436022 0.1199918401915503 9741
1.210228908003531 0.08065207435074431 9742
2.102500866007454 0.3209015522720614 9743
1.161378561368651 0.1429959280412847 9744
2.569384544331407 0.03511782958779384 9745
1.44422511676755 0.09977848509158126 9746
0.04056726524845422 0.02306521492363424 9747
2.311806556903755 0.4683291471334527 9748
2.526363822136313 0.245342949223295 9749
1.450487915991232 0.08882521899757559 9750
1.678051417597946 0.1130849755466965 9751
1.63942918249941 0.153127669013113 9752
3.374477644351813 0.1432670388305796 9753
0.7412684478630266 0.1597808775547153 9754
1.773229635088608 0.2479253707602047 9755
2.7971490845728 0.1937432860993629 9756
0.6136012330189553 0.05289042379308664 9757
1.932973759247581 0.01761138597100458 9758
0.1869649912236837 0.04562191624490644 9759
1.068499379771546 0.0703351690571767 9760
-0.0760899069406115 0.2265538351646842 9761
0.6383845550729251 0.1124996256637457 9762
0.5717373170566508 0.0239736406597421 9763
2.322294531991662 0.3437652514423981 9764
1.548701160092936 0.1620505260198235 9765
1.971987499474112 0.2952932587950639 9766
2.630120235297153 0.04267682634893432 9767
2.142973432049783 0.300184714177983 9768
2.366900015704866 0.1823957396729246 9769
0.3494359222157756 0.1103751516048782 9770
1.86337313740183 0.06609238207055622 9771
0.7611995859304633 0.5419800549957654 9772
0.1221118124242455 0.2659848238443194 9773
1.74335931293971 0.1675010964027911 9774
1.655580231605605 0.006211759530144475 9775
0.5082929307663983 0.1369570518242973 9776
2.187394604891684 0.115607520374499 9777
1.294524333174781 0.02947257885623693 9778
0.05103896296217104 0.1517712157873374 9779
-0.008259786725304032 0.2163979435955919 9780
-0.04915564731030553 0.1856861406604766 9781
0.7832548443755726 0.5430887328294861 9782
1.409902021264296 0.2300075909845126 9783
2.24108466858403 0.02863706352053685 9784
2.33137675996497 0.2283592636013265 9785
1.899111441412655 0.1442749816793905 9786
2.062654897205955 0.007181628359362137 9787
2.013502834241567 0.1800468250550253 9788
3.344828382870542 0.007430046450391942 9789
2.001646207923635 0.2995604717319498 9790
1.888499687318441 0.2019918061714398 9791
1.684771539883248 0.2488458273650157 9792
1.818530165490749 0.2667208161362229 9793
1.096938156141205 0.6121769488306107 9794
0.4555850476194052 0.006746423089892904 9795
2.288408860723973 0.1512676599051024 9796
1.228365600333299 0.2098495911770098 9797
2.030067610022077 0.5122829717430892 9798
2.817630529619192 0.04288123204948138 9799
2.341949845260708 0.3303642614704323 9800
2.193241661887405 0.2341358670736076 9801
2.437513682072713 0.1642947674841911 9802
0.6098988959306008 0.1593056965102856 9803
1.371080862726236 0.06848362982575049 9804
2.193852395146016 0.1614628876911188 9805
1.176797428655152 0.1119362100439815 9806
2.666623976881147 0.1725776590281238 9807
2.218259993753763 0.02733752332185349 9808
1.388266108577259 0.11032760736987 9809
3.015841423455975 0.05441491662878997 9810
2.061576799766645 0.278047542046831 9811
1.63398557623648 0.270634902106701 9812
3.098448213667854 0.08360764274099672 9813
0.2410488529635947 0.04067203483226101 9814
2.185535063505486 0.01585635337471617 9815
2.285935841058596 0.1655904252727384 9816
1.560071763420077 0.2108467633086643 9817
2.668884996335304 0.1361623182979467 9818
2.040862878836083 0.5083557338135791 9819
1.531446623579649 0.2062226974225609 9820
1.711305496470549 0.08835785456009956 9821
0.7107799591003821 0.06450125151716329 9822
0.1848629321131616 0.1101786564679737 9823
0.5974869890980624 0.06366109252912101 9824
0.1778242040401461 0.105165912448198 9825
1.646878414955229 0.0696954319330379 9826
-0.1773788237736427 0.04784309233223172 9827
-0.174974646142954 0.07861459149358804 9828
-0.1760345571198338 0.1916737402285771 9829
0.7149999999969877 0.00577005955627658 9830
1.624196911811635 0.006660310846861616 9831
1.34151026949781 0.1326831705246768 9832
0.8535125729067986 0.178725350088601 9833
0.02691779244984743 0.2586875123341469 9834
2.050668032369862 0.2008205382442171 9835
1.048818237012872 0.0320891763833176 9836
1.457986442776321 0.1470075374317062 9837
2.186271034587845 0.3436022931623817 9838
2.354971483145052 0.053530136486053 9839
0.3333055244023276 0.5733886721624813 9840
0.03709388264389143 0.323082638451273 9841
0.9053658406603395 0.5250433422841942 9842
1.093378367720318 0.2136121682608374 9843
3.285487290201501 0.3526591082413002 9844
1.859083700750499 0.1402805035482464 9845
-0.1532781103309542 0.04195165628348205 9846
1.355662997372328 0.02575046992996602 9847
0.09765840201010446 0.1245984919288777 9848
1.865914410173623 0.1982548890234153 9849
1.718262435999511 0.1752283569226346 9850
1.495936579568105 0.2620844515458036 9851
2.282171477867127 0.2430743658322478 9852
2.366316694643918 0.2592757516482586 9853
2.353060037368395 0.3879329361680764 9854
2.330199050424381 0.2072435767098159 9855
1.942539080302583 0.2336162297030138 9856
2.705814714903774 0.3257065114909348 9857
-0.2433611882482856 0.08602260618987628 9858
1.768439060382528 0.1618832752647767 9859
2.198816277567005 0.1420015238741644 9860
1.575777873666606 0.1455900614703275 9861
2.152143982323887 0.1394015379922719 9862
1.689992339482313 0.2382983709482177 9863
0.05410777938093107 0.3204857096928916 9864
2.43384594589882 0.3765701592201319 9865
0.7100153051764824 0.05542342926043563 9866
0.8217931987292897 0.6362872176499759 9867
1.601925473084622 0.09879391733319551 9868
0.1233756937733344 0.3179951147849742 9869
0.8483918586724274 0.1125626873423889 9870
2.225734298138227 0.3708950358663964 9871
0.7678382916702264 0.1707402322433799 9872
0.1485686365731642 0.2745412907920787 9873
0.9461150525814364 0.5279979524975966 9874
2.405050677937295 0.006213806963260903 9875
1.64396116130073 0.1101094987239137 9876
1.419259295709888 0.1975849962079692 9877
0.8715557276379278 0.0179102427253222 9878
1.429499028866587 0.09710948350729161 9879
0.6187673468655468 0.06143019624092878 9880
2.001598033061669 0.1899258019880475 9881
1.33344101255672 0.1201223152702271 9882
2.112067058904325 0.02705902606385417 9883
1.415494397053177 0.05642538530763896 9884
0.1531105887209105 0.01769708284536317 9885
-0.01210886827331069 0.1625223541958026 9886
1.89875883397159 0.2446950375980111 9887
0.3461898805186772 0.439967551989468 9888
-0.2486051589439396 0.03683039682677813 9889
1.953730514671234 0.1573055584300111 9890
0.9943460465416024 0.06466320449801306 9891
2.70477748394557 0.02524983985254273 9892
2.623030024074452 0.09253762915712926 9893
2.408065359115166 0.3328769565255103 9894
0.1267925654664905 0.1196328834531829 9895
1.724885127627013 0.1235849817670807 9896
1.891679318870469 0.2669071110021105 9897
1.734544341758471 0.1495392759704618 9898
2.105136824187612 0.2764358064167665 9899
2.312717331406924 0.04611168815924988 9900
3.170195657195702 0.04186425052567495 9901
1.724588070270911 0.2500027359956452 9902
1.78708453442617 0.1245621015871214 9903
2.173918644810195 0.2813693301150009 9904
1.241799310987925 0.04863193388813703 9905
1.356511778215767 0.2312766741283713 9906
1.768398527251687 0.1780409431628472 9907
1.99496235620971 0.07967411432153455 9908
1.7978026818864 0.1433657696796325 9909
3.283089446364775 0.02130935425540304 9910
0.6823726332860367 0.1187307025790984 9911
1.01115148039844 0.1227673505457956 9912
2.140942380279809 0.3153164995128525 9913
0.09640671137724531 0.1652706299407048 9914
2.132071882538465 0.3372961900365807 9915
1.046883061724462 0.1244526466280858 9916
2.18239938944263 0.3624184324215163 9917
1.72964175010329 0.09134511867204939 9918
2.307810662697226 0.2589830734638028 9919
-0.1350000000007269 0.005978965057652576 9920
1.358538596620049 0.08953162251114061 9921
1.980174751407639 0.07676604202211268 9922
1.925012157006775 0.2929096968123623 9923
0.09016731753389885 0.3100409448543776 9924
-0.1322619511736022 0.07034070596689877 9925
2.077516670381787 0.1277039037412866 9926
0.1545781703062032 0.2960005758754111 9927
1.431454168248936 0.2162721601521216 9928
0.8610727586324216 0.0302223261955232 9929
2.3362831158019 0.3369965425978788 9930
-0.1945458511183252 0.2643921781030282 9931
1.659936635183782 0.1812377290558313 9932
0.1417548491099503 0.1539915023962253 9933
1.874188751607979 0.0858016777436575 9934
3.059766571814161 0.1390152844638417 9935
0.8127207735116729 0.1492291447586475 9936
1.776947613087253 0.09266242143409657 9937
-0.1176389634799592 0.02011990841631164 9938
2.061513570639257 0.04646551665134126 9939
1.130210451335982 0.0160814327120432 9940
1.843191874194062 0.2215204817280342 9941
0.1010814018710346 0.1156534364461189 9942
1.086913522565757 0.1012061427959201 9943
2.205202065373058 0.03162406703426562 9944
1.817391252485478 0.6265841106881357 9945
1.619372156597585 0.05009724324782044 9946
1.3821941656406 0.1749958749887539 9947
0.9849999999962109 0.005707169350270061 9948
-0.06457257041671191 0.1805860644458366 9949
0.1534768522848455 0.303770947439415 9950
0.4480515048571379 0.09841744611209735 9951
1.026492701322362 0.08503656176796709 9952
0.5294463434271474 0.6445375051004145 9953
2.663281356256906 0.0667439921373201 9954
1.485863170999117 0.07825892421055075 9955
1.488208464348472 0.2035139752107372 9956
0.5299911481086106 0.04940522989858993 9957
0.07049757058034847 0.08542361406600717 9958
2.200024674589549 0.2393246023253335 9959
2.136892918762315 0.1027159673012479 9960
1.956467989112264 0.142847538236976 9961
2.22687601359284 0.01745045225717749 9962
2.024005968982308 0.2393561516668584 9963
2.032368112819826 0.2399271901416012 9964
3.024525475727887 0.149098526687791 9965
2.091989213716421 0.07465178070357248 9966
1.656420361525268 0.06228226273884468 9967
2.408391222008178 0.5523101790671623 9968
1.321222585692955 0.05788645149460567 9969
1.836484104768646 0.1498469729695925 9970
1.509954109713086 0.1297697004107223 9971
2.254999999996689 0.005718882897042769 9972
0.9942227236067676 0.1757607051376369 9973
0.7340865116113297 0.05213094597653507 9974
1.683836096081736 0.09892965381559038 9975
3.244369982643979 0.1691278525479032 9976
1.587914735141512 0.07546742802972065 9977
3.190795976242304 0.1220871901622736 9978
3.2503702419763 0.3223288273718781 9979
1.884147720812707 0.109931066144732 9980
2.257445270749088 0.3063847788036704 9981
1.506797676588864 0.03303094486019594 9982
1.223548529072521 0.2295191495812715 9983
0.04277156774981803 0.2068386584892145 9984
1.244581725893625 0.031057430145451 9985
-0.23978086125905 0.1100721213547428 9986
3.471700177101226 0.06886737590026334 9987
1.024290902539028 0.1094836804137152 9988
1.017490353776608 0.1057615613945636 9989
2.002784262705992 0.5223315319513164 9990
2.250913310344638 0.7012221942649246 9991
3.298189737256639 0.01548410920931528 9992
2.708603815189216 0.07608626223154485 9993
1.354076256554152 0.03571303862627474 9994
1.822526189579805 0.2402158573246038 9995
1.266602382236675 0.1809651063423983 9996
1.557236632056238 0.1353106182795264 9997
-0.3751851136238378 0.2757010676830158 9998
1.989917711403006 0.1688415553907949 9999
1.142342109526575 0.1860441983594965 10000
1.817984771985003 0.04768953111500998 10001
1.277397510206854 0.1566569918411397 10002
1.377455698447118 0.1690767302759294 10003
0.1143264353937085 0.2333739855984185 10004
0.843708673547626 0.06055361425327938 10005
1.552077010876638 0.2332983328688497 10006
1.59880952628925 0.1571522189036544 10007
1.62032311510574 0.08174412301927399 10008
1.764110916015688 0.123856595717883 10009
0.05909011414341372 0.007507726347728816 10010
1.510141264310485 0.1374714526207218 10011
0.06778800044053515 0.2202086556038524 10012
0.1388582342188656 0.2614684307060249 10013
-0.2553164966704461 0.00656663049886487 10014
2.307696383731569 0.1281606377693603 10015
0.1155811928869535 0.5196988867926731 10016
0.1370155559340671 0.04475075152357614 10017
0.53974891435218 0.04802305545011898 10018
2.013192515559832 0.5187102078724976 10019
2.214994092925136 0.3450073301248154 10020
0.4466120769368093 0.07454145860605632 10021
3.045622878549077 0.1577784721218991 10022
2.219243624158924 0.2976588577201431 10023
2.090017709869477 0.1964530164016634 10024
0.01496113923927596 0.07956759761904122 10025
3.491559298993995 0.01951075051400177 10026
1.90877453083381 0.1000352133262256 10027
0.0316292215550656 0.1729123224336377 10028
0.9090410732030445 0.04736434927619274 10029
1.685952319006271 0.08814715606364495 10030
2.309661972153944 0.3479641600485989 10031
0.9348733585283695 0.5273555602721725 10032
0.0869990058776466 0.1827516480457771 10033
1.637306278898035 0.2584628972897917 10034
0.1062102166416333 0.1297243192254534 10035
0.9158213809629945 0.1564196522448128 10036
3.172842461360542 0.1078789834657053 10037
1.548115869854846 0.2405866062062764 10038
1.5050756513088 0.006018833291585026 10039
1.664894098509214 0.007383935354524805 10040
1.783702142197932 0.006581429232836325 10041
0.0933670230962704 0.2254395204336824 10042
1.936367755638518 0.2108541689801732 10043
1.932158709532669 0.2033645362548831 10044
1.562013766737718 0.1507592150621065 10045
1.599789340782163 0.2451167333232237 10046
0.2722737496299739 0.006897656493671402 10047
2.107729716859785 0.007197425591933379 10048
1.544168130255907 0.2141126075630094 10049
1.811222747541495 0.1791086688102611 10050
2.584074126063169 0.6142258078538779 10051
2.055867955783231 0.3186923419339957 10052
0.121492362749826 0.05978326096263671 10053
1.422167986470916 0.007226251701611277 10054
2.126105507268011 0.3486884947952644 10055
-0.2398126880499378 0.3223496001691342 10056
0.224832554339875 0.127741827165491 10057
1.612867092050667 0.01676895095424171 10058
0.604353566684821 0.0201221628472359 10059
1.456074092917765 0.2128666672579729 10060
0.3723125749139204 0.1062965167354426 10061
1.876278823354947 0.03593574586424902 10062
1.442032278745708 0.2291694251575568 10063
1.810572813373619 0.2092729624485767 10064
2.490030519739005 0.2872009558732799 10065
-0.493383709763598 0.01626048288807132 10066
2.591981189680346 0.2017868501134105 10067
2.346879181237812 0.1924454900064188 10068
2.011818035300438 0.1937096169062074 10069
2.092239652351917 0.216459206521338 10070
0.7283216773357104 0.5307594183336594 10071
2.842555906988958 0.08265802925174921 10072
2.742684240785732 0.07324952501206163 10073
2.609249800282123 0.03892702934737195 10074
2.353702593617944 0.1280201704570973 10075
0.9509074896095818 0.130894999537249 10076
2.161991997989333 0.1926156411815206 10077
3.41575936292999 0.04242277775802016 10078
1.506076093456328 0.05637783846546267 10079
2.381264696214111 0.1547295924508449 10080
0.4976192659139823 0.0641517057308085 10081
2.342446827797032 0.379417051689127 10082
2.166553691625802 0.1032630200730427 10083
1.847371645345476 0.1589670159293258 10084
-0.02272828187898395 0.007266537312920285 10085
2.507237977851865 0.0565618715024879 10086
2.707607671522316 0.1054988672569706 10087
0.9325119980943355 0.04472613842210523 10088
2.361312740070217 0.1642789033119015 10089
-0.4653942943387969 0.04222119068640216 10090
1.089947784845942 0.03312700326091883 10091
1.072486741462492 0.2114437145125904 10092
2.158691613064482 0.3025764300771769 10093
1.23265068935465 0.01555944014273347 10094
1.158662013727801 0.2216495258720881 10095
2.216311376419311 0.3299031747469233 10096
2.558873882683947 0.08672241171114517 10097
1.586306801586052 0.1672522985393377 10098
1.236461276834331 0.07168144440732405 10099
0.2643455013389743 0.5455683442290028 10100
1.997464324926287 0.5485462123500158 10101
0.1286679259903938 0.213716833272782 10102
0.6173761119961207 0.01507843816993397 10103
3.156690693733275 0.1691944845590605 10104
1.21082185353942 0.1498622320088524 10105
2.361133400405218 0.02940827178748028 10106
1.41191488501196 0.2539669389601417 10107
-0.4031418008491239 0.459576117655369 10108
1.297092683265774 0.006681108593898448 10109
0.8704275094532715 0.5546398475435118 10110
2.36659148993734 0.05909026260718048 10111
2.090364924750425 0.5678513003692846 10112
2.958602351100462 0.05962014539246718 10113
1.200330237448047 0.1386262278090282 10114
2.7728190895605 0.6032210479087784 10115
2.350118743783959 0.1453915087322436 10116
0.7677605085054582 0.1131047551290071 10117
0.7317747545612221 0.03598987019448659 10118
0.9687715926856415 0.1778559673904281 10119
0.6972355844586848 0.04534479992260783 10120
1.079687750259078 0.5693879205969501 10121
0.04389210395546299 0.137443505654134 10122
1.776106031844329 0.631475351496927 10123
0.4694873195150221 0.0148210943738123 10124
2.374999999997025 0.005725806186019546 10125
2.252700008203097 0.1427424846696287 10126
-0.2503669235840595 0.07236245228374726 10127
1.18677023992684 0.1550444820370607 10128
-0.4538792338572833 0.7003994782639248 10129
2.962945240683994 0.1540717473100694 10130
0.6143871035990395 0.1713405570039236 10131
3.314258397814642 0.315931836804834 10132
0.6498991861515921 0.06062986410420947 10133
2.003946644804595 0.205529676475505 10134
1.213123928767828 0.1286029082473192 10135
0.1846989555123015 0.5724672418210078 10136
1.695472866334631 0.005992358138188204 10137
2.105577619587742 0.1231950701066468 10138
2.337525067528 0.04025403938379503 10139
1.580277255792511 0.2090717401656608 10140
0.6777799221646947 0.0578317615373198 10141
1.48213270631495 0.1367193209465115 10142
-0.1465171957871036 0.05716292559746614 10143
0.8737976315339456 0.1296739780092579 10144
2.249304378901011 0.01768435766799159 10145
1.720572692142851 0.05491889696570697 10146
-0.3169302973420576 0.1951186651077934 10147
2.043357713136471 0.1625092596382697 10148
0.4108932456261633 0.04201629205680069 10149
1.011462258654167 0.2180560222602319 10150
1.915056496151143 0.2909464848443465 10151
2.107564060582632 0.2266849982306941 10152
1.956392232133664 0.2231149947708072 10153
0.1451061493000713 0.005527012222960402 10154
3.192408574565792 0.01637995791236237 10155
1.849909770804201 0.03060065587705479 10156
0.4171148322338585 0.03895746724258656 10157
2.007757410823913 0.04258558720242925 10158
2.663609457759869 0.007285612437859115 10159
2.299561346663825 0.1212042769195353 10160
0.7211131851481825 0.1770442312646515 10161
3.039439913719056 0.04034187477882326 10162
1.693782501970686 0.1842187127407745 10163
2.353257025732237 0.09809235898640387 10164
2.425630235802916 0.06077573290761492 10165
1.92841270120223 0.2178681165770477 10166
2.124660419908006 0.2881441817615185 10167
-0.4650000000000521 0.005954208260710571 10168
1.763839583754768 0.06222396514698889 10169
0.9071597174515259 0.1295303035016827 10170
0.1614115119299141 0.1209125080436727 10171
2.241976338893154 0.0433030411442613 10172
1.088465766124667 0.2262603839096976 10173
2.225312972367181 0.1917774366753077 10174
2.082130432948861 0.04814539501514668 10175
2.88068828787603 0.1203622164829281 10176
-0.2423441033522355 0.2081187152055241 10177
1.947905510329361 0.0197063062359355 10178
0.9686799564260288 0.06977641831085378 10179
1.789470935816312 0.05536749780497607 10180
1.796815204268243 0.1979446808166749 10181
2.022523657529193 0.05984451770895275 10182
-0.3185256092478134 0.06291002354159404 10183
2.125746333614613 0.1107189939624003 10184
2.254267313967974 0.1017246121345203 10185
1.834773307170284 0.25934335672024 10186
2.936381724138508 0.00731715611406655 10187
1.352314128883567 0.2090617093517059 10188
1.494455829681603 0.198393560709494 10189
-0.4050000000001444 0.005955692292494644 10190
2.077144747815733 0.4935969649099439 10191
-0.3850000000001827 0.005951614672270493 10192
1.891813523565839 0.1658652266318093 10193
-0.04382573377460375 0.006399877295833508 10194
2.086234922655007 0.2304363153193242 10195
1.672783019891868 0.1773162822695034 10196
2.284452781929815 0.1894081212840044 10197
-0.4250000000001139 0.005955692292495916 10198
1.350549150537806 0.2172652904486179 10199
-0.4450000000000835 0.005951614672271249 10200
-0.05442859607097984 0.2310930339552479 10201
1.85338510375867 0.07661028241758884 10202
1.573113466611084 0.6310527070033123 10203
0.4696553817551608 0.1415385681331249 10204
1.508528351478784 0.2042655834766963 10205
3.458300415328439 0.1813532815050342 10206
2.208665902674011 0.1943376777855785 10207
1.568177820283424 0.1837923308292057 10208
0.4106936462348463 0.007440321359997083 10209
2.215509664152414 0.08468148310801109 10210
2.37972265176153 0.2757812889490949 10211
1.438441527014703 0.1244420550345766 10212
1.551982799934746 0.01678456453892001 10213
2.146696483516082 0.1509609492315208 10214
1.771497652465765 0.2741816471646583 10215
2.024926037099723 0.1889920052144231 10216
0.9291310281691763 0.2118941282852428 10217
2.000944080934417 0.1561499872159204 10218
2.009219060479839 0.1561858861005146 10219
1.777358198258228 0.04944182535644292 10220
2.363371792633281 0.3778581878809025 10221
0.1191276188282062 0.1494686164176283 10222
1.120542084720059 0.2182341901054392 10223
2.035880104799422 0.1965168180513981 10224
-0.4845176433414736 0.1962671504562145 10225
1.651511186987531 0.1315767741079811 10226
2.188889147251493 0.3344769923549217 10227
0.0003481799581985482 0.1583830620170294 10228
1.543821033978348 0.2548124242407891 10229
2.974997664564492 0.2314793898551464 10230
1.472495630682205 0.1595315902077303 10231
3.150625658534254 0.6959887751866685 10232
0.1008994496767471 0.2288790236747433 10233
0.1011723602352968 0.2363331840725953 10234
0.5767123113690058 0.1132230764402777 10235
1.482854055298433 0.1081658380701132 10236
-0.07521870878393851 0.006915161251270375 10237
1.902605300673775 0.2874360152753585 10238
-0.4609648865742089 0.6189913344093848 10239
1.451597394074672 0.2011380927109253 10240
0.5445246303613451 0.1162286562757233 10241
1.427992853572633 0.1378742205468115 10242
1.097528464405379 0.02981274598783002 10243
1.671424927732645 0.07826107483090829 10244
0.4044217267404482 0.06326091139866399 10245
0.9445053694878343 0.05129628111054409 10246
0.8344961061928755 0.1027631692803539 10247
2.490030668398107 0.3211453474975984 10248
1.459070361888595 0.137044743952331 10249
0.0006662610945586223 0.02650532543574049 10250
0.05617857798999736 0.1459880388217142 10251
3.299067532386508 0.1531302995826443 10252
2.044839929498283 0.006427267179613048 10253
2.230140260986466 0.2102660431844601 10254
2.504402156230656 0.4849884790169732 10255
1.549365214972289 0.1694067389577423 10256
1.086621960415606 0.1903570095220082 10257
2.216652867137734 0.18832940484805 10258
2.070562556405796 0.2451479130981045 10259
0.08920581446952365 0.2724765586860119 10260
1.940464647700266 0.1261667577700474 10261
1.353467760452349 0.1253705693383467 10262
1.893695550435007 0.1381721706580731 10263
3.487439684637378 0.06182094786013877 10264
0.2599603470038322 0.381428918896021 10265
0.2697218230411924 0.4622815799988129 10266
2.191366511304214 0.03832281118083643 10267
0.9244071275878325 0.1009773346731112 10268
0.9267272649788034 0.09399014107742444 10269
1.37170961384322 0.2396813780877098 10270
1.679652186632012 0.2115709236230388 10271
-0.2712412161955328 0.4458000596004101 10272
1.428760553486224 0.2360347910605859 10273
3.160453154018866 0.2216960474325581 10274
0.8071800516806167 0.5269047361256286 10275
2.698759061430877 0.0346707029595154 10276
0.142337300085389 0.289627371184174 10277
1.886420739325254 0.1769239211648737 10278
1.898685586780289 0.1146287898651883 10279
-0.4846190488004607 0.006189756069245595 10280
0.9897376890241389 0.1604781946409626 10281
2.638029474446165 0.1592509819662396 10282
0.8909242777598486 0.1948138526701767 10283
0.9929796307290311 0.1287510507680612 10284
3.476292693101463 0.2179800466448513 10285
2.874791438630266 0.005981025485200014 10286
3.005263037373713 0.03803193988830864 10287
1.002352089028963 0.04450473708916881 10288
1.902888159701715 0.2202638926111257 10289
2.09510178681276 0.1655327072572695 10290
3.438147268448894 0.09650852188717328 10291
1.302663370381006 0.09308757290084871 10292
-0.3343693231954847 0.02698859124002179 10293
1.801362581243345 0.128452002864728 10294
2.356795573895713 0.2826572286819268 10295
0.1536638185959925 0.0386336815074985 10296
1.36006696122287 0.2073676510778534 10297
2.279135616575044 0.02953799988521686 10298
-0.07526825721679489 0.0872386765235606 10299
2.18497488802022 0.2227485583720213 10300
2.972793596238748 0.1893107303073291 10301
0.9870401677563875 0.05114690659653091 10302
1.500502708155515 0.2356005939796332 10303
2.79866713120265 0.08187986111566554 10304
0.2430452342801825 0.3766401190199383 10305
2.408331525744312 0.2985616515397158 10306
1.172291569186198 0.1684107826684424 10307
0.511742746169438 0.08913870110463049 10308
1.844250575400871 0.1731079654072754 10309
1.197574489225876 0.07591092528672876 10310
2.829397829819007 0.1450590818640216 10311
2.542900552915694 0.2012579670854784 10312
1.046899668874576 0.006970002426834304 10313
2.208861974457236 0.01671530951217154 10314
0.8561229416000063 0.04120400567077676 10315
1.333202359758952 0.1009033287385969 10316
1.831224403657302 0.05057225218126758 10317
1.777919075994995 0.06206004466455507 10318
1.721574687224306 0.2295825050961768 10319
2.109481034220814 0.163403757165257 10320
2.884569919051835 0.281525705502387 10321
1.486570064966614 0.04897077126470793 10322
0.4559507477698493 0.140978488507433 10323
0.6264235794461422 0.1127726929315246 10324
2.292603344114762 0.2339090846028201 10325
0.7211316899653559 0.1621983774573747 10326
1.724823989841025 0.0238567758399207 10327
2.291899355963365 0.3716081836189891 10328
-0.1071960710658163 0.5075051686280621 10329
2.184356898239515 0.2751542262690084 10330
1.533906523031006 0.1418576085472357 10331
1.535764728647643 0.1354600598888488 10332
2.870323360343736 0.09190838366776147 10333
1.092485543270732 0.1558468250485078 10334
0.3779184688545623 0.02641838044293328 10335
0.7871066561083503 0.1585480374711229 10336
2.447404530416168 0.2449923774131789 10337
1.454397476959787 0.1034901727215774 10338
1.617299728053936 0.1323484721705689 10339
0.09702339929722593 0.06305502245130001 10340
1.410569948284959 0.1440615858269045 10341
1.453404946941297 0.1879203074098628 10342
1.357104812274581 0.1437312362790177 10343
-0.173204461788373 0.0306067875163968 10344
0.05791942610759078 0.4149475284687344 10345
1.786326738272303 0.1469840723815212 10346
1.636326603962772 0.1138804268013416 10347
1.005348143157195 0.07784632992535934 10348
1.667133641004937 0.05444161581972234 10349
0.3775347566431613 0.1276267349111279 10350
1.810575992168995 0.148033708509101 10351
2.303805790274312 0.2736732664382422 10352
1.90959720127734 0.2325408118310715 10353
0.9628587532060187 0.09392574887021857 10354
1.883888110905219 0.096650255905713 10355
1.129484288395437 0.5739743984099281 10356
0.3185018788326855 0.1033062170686997 10357
1.22079181382999 0.01699103007738147 10358
0.697492925600663 0.007007027164797701 10359
2.350744916167928 0.3346101240252811 10360
-0.08281907381501435 0.06611263155972319 10361
1.028527098746138 0.1778862823353794 10362
1.35536560137526 0.1808166585206894 10363
0.9283036790820409 0.03263248603986918 10364
1.409722371085092 0.1177770355074489 10365
2.057759341169077 0.02483888940411308 10366
0.6726609771400859 0.1474881658152374 10367
2.453520578802354 0.02004086046936205 10368
0.2478117945431337 0.02983123069406831 10369
-0.4166926623517986 0.2197308687886019 10370
2.719673968551778 0.4057970082736008 10371
1.61596320056777 0.2170333696818434 10372
-0.121579549643241 0.05310000013782737 10373
-0.05726295426310588 0.05538263493588697 10374
1.666368563205588 0.1325597300719669 10375
0.1056550407618951 0.1719175720632986 10376
1.742551210627447 0.07972878750802535 10377
2.154603579740459 0.1180820893756806 10378
1.366542174899373 0.2521108892728188 10379
0.7601113301293779 0.09878643942842633 10380
2.023671750047626 0.2262096421130277 10381
1.705482311940144 0.2645503866239249 10382
1.626267985162619 0.1599490445894569 10383
-0.4067656843585326 0.06516249464054497 10384
1.621632730238675 0.1081601294198363 10385
1.691225043665409 0.02986395537964463 10386
2.179443471387006 0.09395042011643175 10387
2.537304149839844 0.2626889511704428 10388
0.7594839308109272 0.1406566519228385 10389
1.381624162109257 0.1615310873968977 10390
0.9034898768811297 0.1663971361315539 10391
2.192455914482046 0.2254025956261398 10392
1.04859777493262 0.1376224792523395 10393
0.954687603796788 0.1462010158546589 10394
2.048941066233487 0.5036119998673793 10395
2.234683470477141 0.1107220324442871 10396
1.259580759467247 0.1421019840751067 10397
-0.2399064641748842 0.0436774590335473 10398
1.556429747253148 0.1449279388025369 10399
0.5587576242422693 0.03353274671404358 10400
1.366668776306369 0.1324788566361341 10401
2.333388399258462 0.5157158741379246 10402
3.434901525830186 0.00723111518836741 10403
1.02590187747816 0.09449940047285252 10404
1.146891920826002 0.6160180060940389 10405
0.02918282431322344 0.1572763081014811 10406
0.8162576081133373 0.0960835177724042 10407
0.8172151749124336 0.08790777071376696 10408
1.106633204287645 0.04116299144671586 10409
1.539983994823801 0.1607904320056002 10410
1.423633465161397 0.02882893822128642 10411
0.2510417707445629 0.01613770606028497 10412
2.082063805448362 0.2410681724826628 10413
2.364313846336874 0.3148104165444256 10414
2.086313774518582 0.6270404935110594 10415
0.6349999999972247 0.005451470456114117 10416
2.0133187963196 0.06025395845417544 10417
2.198931868831949 0.08465598375448688 10418
1.850908587004627 0.1962735277762382 10419
0.8550456052687118 0.01698903576312511 10420
0.4908627149238727 0.1367680325111974 10421
-0.2835961830928528 0.06056474865354 10422
2.238307789493249 0.2601963799345248 10423
1.621162799146459 0.2514013254245371 10424
1.864828564018111 0.04219976925648063 10425
1.701165974296288 0.2310065066442919 10426
3.043759418662595 0.4170145529402629 10427
1.380578412798248 0.01827448940381192 10428
2.572407586966357 0.0543212914856502 10429
0.4808283808414777 0.03313203339401633 10430
-0.07235966426591171 0.04886974865781867 10431
1.621356477743093 0.1534839407598955 10432
-0.001375863163486943 0.2389509431728787 10433
0.003673705362635493 0.2247205061614371 10434
0.009628606776372882 0.2354708028955205 10435
0.01119443303824379 0.2228806721446361 10436
-0.1353868831714884 0.04139757378053588 10437
1.99418966045357 0.1390765794801532 10438
3.140889809859806 0.0628428390208874 10439
2.521339462308942 0.3084175337352043 10440
1.437316056458965 0.02739454882343018 10441
1.656588413188453 0.1952671619981199 10442
3.194685455355375 0.02360916701483446 10443
1.85828591229843 0.2201531431316188 10444
0.1168679646539475 0.2845587608754525 10445
2.206817426602602 0.1712955495919861 10446
2.09665561165433 0.01557486472790907 10447
2.265155353040783 0.1329783418044071 10448
3.260183674917098 0.03639802110542818 10449
2.44256189317063 0.2057027256960426 10450
2.438160310229327 0.2161649235247184 10451
1.903463269525949 0.08342385071686075 10452
0.2045470728993244 0.1029570802255678 10453
0.7322126688991861 0.1574615306912997 10454
1.844844834546171 0.2812431136527613 10455
2.380459812404696 0.6376070169577304 10456
2.368807228317596 0.6965354308077124 10457
1.244564508848436 0.1511863414786586 10458
0.08579373283755747 0.05778855644640171 10459
2.310396772062312 0.2444330396549475 10460
2.883739962962127 0.02213217900477167 10461
3.227512544109157 0.1318066217672546 10462
2.068312404324529 0.3015317892823651 10463
1.965135628926819 0.1867893411379813 10464
1.969629613388782 0.1591753315876771 10465
0.07619334756464816 0.3137910088534276 10466
2.254958980228436 0.1563202840024296 10467
3.2272171505972 0.09970353194892095 10468
2.087936527547103 0.08721867740216652 10469
1.692219761868891 0.05601006581032911 10470
1.577957569521003 0.109014526652857 10471
0.4990576485696038 0.08812013924397677 10472
1.307557218824327 0.06798937047884632 10473
-0.1649030492862873 0.007422280562183108 10474
2.019968362916124 0.2955003441591393 10475
0.3306603044222524 0.109337890798921 10476
0.106425061109234 0.2152314188744836 10477
1.167380483941799 0.2338928260610716 10478
1.163536704369744 0.1187752417177169 10479
0.1707205688461479 0.1140188306515966 10480
2.25676165911618 0.2334595041376179 10481
1.700466258888611 0.6273613019523893 10482
1.306957893513224 0.006938109055905763 10483
0.5831889688142291 0.07623306449380426 10484
2.198087663974064 0.2781377919859921 10485
1.270977411704768 0.2246645420880248 10486
-0.07990451093167028 0.03446004601339207 10487
0.9398402753383021 0.1613109085926116 10488
1.069034440384956 0.1941745946539908 10489
1.583188438774519 0.6961654015054162 10490
1.533128082131606 0.7025176729612521 10491
2.1082685920009 0.2998861387884707 10492
1.483528670001922 0.1890395918766201 10493
0.1449575935529775 0.1454777705914435 10494
2.22788610053597 0.1602754462995393 10495
1.765601339621393 0.03212186536303442 10496
2.328982557999551 0.04338593928184867 10497
0.7392465370505537 0.1309727425813698 10498
-0.2432147998407035 0.6952442461740488 10499
1.641062005416302 0.007293684779278514 10500
1.76713755988005 0.2341628769117387 10501
1.286026195664548 0.0994145842905335 10502
2.203611475294403 0.1875491227082968 10503
2.900841608946336 0.03609278963047365 10504
2.240688723488982 0.2465816443561769 10505
1.16104550366837 0.1987626450113184 10506
2.573299449944566 0.01903157379336969 10507
1.092458242381775 0.01846939695404728 10508
0.8840334200666704 0.006517372866106224 10509
2.144043404922021 0.2760802778407769 10510
0.7765173860085233 0.154804885899251 10511
2.282421213140768 0.291497542805576 10512
1.196350551104623 0.620918644150478 10513
2.495784147270087 0.3943084200586701 10514
2.043296877364212 0.04894682100455588 10515
3.358333999921993 0.1086117196804649 10516
0.4742906317617704 0.08084483791919028 10517
0.8512316503221579 0.02893418977361292 10518
1.979549074417252 0.3055972658065889 10519
1.191570750520625 0.04294614565052379 10520
-0.2649793868691979 0.3725766649562158 10521
0.8110237198111937 0.1695784679025615 10522
1.325416701572542 0.2200881955344108 10523
2.030481161974164 0.1308200283113979 10524
1.473967164654413 0.2378214781546938 10525
1.893634091820738 0.04576726848140603 10526
0.1709941775238528 0.05323973711106753 10527
-0.3382596977925795 0.05856872112438739 10528
2.048120114089252 0.2774987524956278 10529
1.632111892037798 0.1927918559308057 10530
1.929917483484687 0.05785102238226252 10531
1.629418556115177 0.1096311019535056 10532
1.594397260064494 0.179682315989663 10533
1.631875714312327 0.08778450778696673 10534
2.02118988196683 0.5543554325863045 10535
0.3562076505778643 0.637721761724572 10536
0.5346656523673292 0.006249864714031442 10537
1.86963772472166 0.1236497617194904 10538
2.077652969051238 0.5147972037645564 10539
1.981602269442205 0.0497796894472038 10540
-0.4905532700831637 0.09308264729369244 10541
-0.3311898849380461 0.4909821471959987 10542
0.593470015059907 0.1434536510249963 10543
1.691082095375907 0.2721477951186826 10544
1.044318393851432 0.211582940025131 10545
1.871519564102733 0.1308542633417759 10546
1.554051041871318 0.1843580738453142 10547
1.822265798068046 0.111956142174812 10548
2.127881539150414 0.02227560630550141 10549
0.1240760319040107 0.1884700308041252 10550
1.560182695161032 0.09139109907542936 10551
1.897131087295125 0.0301305572502951 10552
0.5344680496965752 0.1571684744180653 10553
2.210739464195177 0.3089821888781892 10554
2.096828630192297 0.1438944681691057 10555
2.020982740824472 0.5140079250759689 10556
1.697272763109954 0.04032758819945335 10557
-0.3549961557791119 0.007481446094426757 10558
-0.3948899111679748 0.01636567346489691 10559
2.075000474568607 0.005998268146378287 10560
0.7278055867758076 0.1637959970015211 10561
-0.2894345006629826 0.08032016474715614 10562
0.5633390176495489 0.06950229327846671 10563
1.525280294998454 0.1062756855911306 10564
1.794891129067737 0.2775171591695619 10565
0.6056423309330098 0.140562022588875 10566
2.171332396260946 0.2694647904705568 10567
2.021624735052926 0.04774732583348138 10568
2.344862737679238 0.3680397606797851 10569
3.353892495996017 0.03249617421275557 10570
0.02763366371891474 0.1855862762441458 10571
0.7971388155547205 0.02718842689347884 10572
1.077427978492882 0.0939435679376211 10573
2.242771819842461 0.2834367706623083 10574
1.626317707131959 0.2065882310004042 10575
2.406615717848453 0.3221367748210708 10576
1.686241069737213 0.0455132984285478 10577
1.548580931477325 0.1334144532011759 10578
0.5643955040506221 0.005442680867969034 10579
1.887006143985433 0.6981569594850979 10580
-0.356072101259331 0.2836463527252859 10581
3.465739840146884 0.1021775136458161 10582
0.05935630195793596 0.1030710488580187 10583
0.8955890034986399 0.1489512220745858 10584
3.076741027495447 0.1051122236670601 10585
2.104289783163486 0.1566327095119835 10586
0.160224781483129 0.1445056551035787 10587
-0.00726447319581433 0.4017848503549541 10588
-0.4349373968714937 0.01665536741864922 10589
1.960089812617845 0.2459684652577648 10590
0.5404388301822328 0.06046322788456464 10591
1.43108339137008 0.1894956481209439 10592
2.30798507045651 0.06817006144888982 10593
2.1583733987083 0.2664647142029457 10594
0.4360206237522126 0.4707646112564108 10595
1.444255228364915 0.1763670797272305 10596
3.382079550876342 0.115292810333959 10597
0.9486598777283463 0.06346991041980837 10598
0.1878486109500137 0.3344310875894501 10599
2.58542157662496 0.07283421205272655 10600
-0.1131235749432623 0.06246296443037716 10601
1.350840530591113 0.1761840201314848 10602
1.43092073973426 0.1286870665109722 10603
1.947608029237964 0.1747164121587312 10604
1.462517903776178 0.1980073207650498 10605
0.4080034780296403 0.08810147120798903 10606
0.5430938506047758 0.09807050712695964 10607
0.9346834333314669 0.200017676977277 10608
1.468261242705519 0.7028015895717314 10609
2.372664373769213 0.1705571265003812 10610
3.131613059493234 0.1163636020669966 10611
1.196987431949013 0.05829006817131793 10612
1.179180694900658 0.578484483364415 10613
0.9550883884447994 0.5278336040712613 10614
0.04354825524031358 0.1516038837124042 10615
0.1123103873005555 0.3656950512615034 10616
1.512538203676378 0.06698281955774074 10617
0.4137504130844232 0.09984912724616349 10618
2.817544413402283 0.007423814602254108 10619
1.025327657671489 0.07086780272424519 10620
1.367677725150692 0.6945809440225716 10621
2.409820341907782 0.2183647157003639 10622
1.290130407122243 0.08703153708775684 10623
2.965445353977857 0.3473840379119979 10624
1.559830776641872 0.1976783435806298 10625
0.04706924418071586 0.2929059603503245 10626
1.222252227370412 0.06890803250287629 10627
1.248769852941825 0.0646686827473163 10628
0.7264091137080284 0.1502078031982875 10629
2.215306761891459 0.158881916530304 10630
2.646878599283803 0.5986676307282073 10631
1.568217018585627 0.2062046179676826 10632
0.7157408025674449 0.1398957351089038 10633
1.79125907531261 0.08943177040124485 10634
1.754479443092924 0.005920499445424537 10635
1.445828067436928 0.08357252744094631 10636
1.299006170868411 0.2022300477014427 10637
2.016346572166025 0.1268183673039298 10638
0.9396421378132092 0.02971183011398965 10639
2.551473678841351 0.1257186207776805 10640
1.358625172960107 0.1956886046732758 10641
0.5344724208478748 0.08620558152043525 10642
1.792873875068999 0.03612921240003958 10643
0.7879486990409028 0.01751934055431607 10644
2.357639030799105 0.3411527654880465 10645
1.768545015600072 0.03944704649267591 10646
1.731490102785137 0.2027286425846188 10647
2.101553242250312 0.3072411332563414 10648
2.24676564775553 0.07979664322561746 10649
-0.3420296068270303 0.5499701919051243 10650
1.128013316743883 0.170463587793658 10651
0.06285189470725443 0.3154126127032123 10652
1.359643889535573 0.602842942975484 10653
2.218627977684355 0.2036889866104827 10654
-0.4057213747816413 0.0211565280421246 10655
2.010951260842662 0.03380120352240374 10656
-0.1276482561421278 0.00683293407389312 10657
2.556840757362847 0.112579367135107 10658
2.29323192340827 0.1379165386852088 10659
2.51319696395585 0.194576046863214 10660
1.124392319589454 0.04709163843443512 10661
0.5664988640245235 0.4971158596221552 10662
1.720021340287053 0.0636240012961978 10663
0.6216133509262679 0.1600168072193281 10664
1.752050273542956 0.2071150835543783 10665
0.8966146274178087 0.04368571505733094 10666
0.8363282790058473 0.0713992116342417 10667
1.177962857294352 0.1932423214589505 10668
0.2845367883826321 0.1027483412865008 10669
3.227640430451693 0.05649215639350129 10670
0.7421449858056872 0.08821278774100771 10671
0.5161542361546084 0.1111503553616466 10672
-0.3144363453139069 0.3409789264081031 10673
-0.4234929654028084 0.0212138178389419 10674
0.01690421769592249 0.0584008756842694 10675
1.973675485752236 0.2204553124219857 10676
0.9298125197091618 0.1245671428819834 10677
1.988279260309714 0.1894070772504804 10678
2.302631875891856 0.411414500058564 10679
2.665396984147996 0.3395489694925019 10680
1.648721517726521 0.6302637096469371 10681
-0.08141440441440263 0.2470423919727889 10682
2.055139203628158 0.2450205067415794 10683
2.368688417383002 0.01765548049574159 10684
3.38622753606177 0.2687786197347243 10685
0.1478530785238041 0.02684929573364961 10686
0.6221605700434032 0.02782659528442713 10687
2.444229581884654 0.06831320291626269 10688
1.370111574202788 0.2262617987803707 10689
1.160672892202342 0.1747198130320549 10690
2.235972096984556 0.1735903494125666 10691
1.375395702499034 0.00586622209918858 10692
0.1086956341018594 0.1571872710206768 10693
0.1874856659768269 0.3101674713786196 10694
0.2177040698110169 0.007497154376225282 10695
3.064275153461566 0.02065181708459107 10696
0.6881431150489231 0.1719845635683142 10697
3.408750046824969 0.1472833667237725 10698
0.09232514308897778 0.3244897999610329 10699
0.09354409327884941 0.1785551055357081 10700
1.41160293963052 0.2456426267849959 10701
2.513629569355472 0.1614984722803861 10702
-0.2357246198623891 0.1852668356699906 10703
0.05082263823917517 0.1725551033792955 10704
0.6480069647983564 0.1236538285525205 10705
0.2473479949797103 0.08289617500894292 10706
-0.2097362299030105 0.2271104403397313 10707
1.230691269276837 0.1333401319487537 10708
2.214568794003568 0.1512449064104574 10709
0.03511565215636581 0.1294728129694935 10710
2.455395355661658 0.2277427796783345 10711
0.08692043486716214 0.2306991817073254 10712
2.628224870555782 0.1926374541799144 10713
0.01743022503915412 0.1265600447337433 10714
1.266017348325862 0.1297838406175588 10715
3.314169511310641 0.02056492794123432 10716
1.73790765977427 0.2498782090291456 10717
1.925153253110681 0.2791417541691948 10718
2.136955376451931 0.1967839263978324 10719
-0.2177631396597136 0.2606982690785936 10720
1.44304886675468 0.06708388689019715 10721
0.2561596621951549 0.03073437627329715 10722
0.02267309236305163 0.1340267302221081 10723
0.04692776748334659 0.1248860572047896 10724
0.03154309170064643 0.122310079471375 10725
0.6349383602157139 0.1618096666667578 10726
0.9268144504343938 0.02354476386723471 10727
1.918958945856159 0.0926414944392062 10728
1.105339206794324 0.01495704216687857 10729
1.932060359838937 0.275002461931384 10730
0.764972921977508 0.1841809809208655 10731
1.376905769869427 0.05420444294495926 10732
1.248270696881044 0.09259126585513962 10733
2.851139911113232 0.09951718256840697 10734
0.03063590341862073 0.13502018488613 10735
0.02119372823043943 0.1474374493792615 10736
0.0189443727802553 0.1398769867075312 10737
0.8457827648424473 0.1915949761733287 10738
1.462138917920728 0.1770823816380122 10739
1.233514910399905 0.02454486985491753 10740
0.5931629100901219 0.05247037622956824 10741
2.001570070027701 0.1707104864403545 10742
0.08352685699984026 0.06443173960161815 10743
2.096492220865808 0.1578000446787883 10744
-0.2372013642261668 0.02510406493966948 10745
1.895113561862007 0.1809589943556233 10746
-0.2197993438923406 0.03442496577893161 10747
2.24701574076367 0.05065425285197176 10748
0.7423831990261617 0.00661925262434504 10749
0.04217635533321734 0.1304444408349235 10750
0.5984760763293754 0.1371745200986707 10751
1.424901837756682 0.125513604534348 10752
1.98121050800051 0.6329538515368711 10753
1.949524100205657 0.05305808947820122 10754
1.420855690703856 0.01550963238561115 10755
1.950942024141445 0.04562807990195716 10756
2.08335248025636 0.27731285852031 10757
0.7246291303615289 0.1390039294863631 10758
1.661488831897822 0.06652836453279774 10759
0.519107652491778 0.4734394594375923 10760
0.0676067299804228 0.1075675511153243 10761
-0.0321957793341253 0.01852862878829062 10762
0.6236718082190017 0.09227085952262777 10763
1.991447741636757 0.1816696872866922 10764
0.3391968671897161 0.4088972382774135 10765
2.300916838829237 0.1862983288263515 10766
1.377182160141844 0.03154805749292981 10767
1.795910433119131 0.2125312041766916 10768
1.002458460703902 0.1070323188424226 10769
1.815947624293099 0.1334473386938964 10770
1.957453748506909 0.2061893075745722 10771
1.118069331960663 0.2050083730019248 10772
2.316332909887249 0.1596968067842582 10773
2.821844195296838 0.09063838397897907 10774
-0.2031949731979637 0.03965639202892231 10775
1.845948001688443 0.01714397665696974 10776
2.326717067722692 0.08030543391312914 10777
-0.2949210781395903 0.01741843514262344 10778
0.5953581296429737 0.005386916441586148 10779
1.235296482067626 0.1030665558861108 10780
1.410015532822002 0.1715426617489536 10781
1.746381646565916 0.015449442002769 10782
1.574558981040503 0.2389337619187532 10783
1.862292275773621 0.02443649047783702 10784
0.5092425980120746 0.05168725938055752 10785
0.9864422649792927 0.6020896872182954 10786
2.677253774211124 0.007281012082774108 10787
1.828857905749538 0.2665216467962106 10788
0.06927645059811011 0.1723296290722193 10789
0.8695949637709738 0.2055657440717382 10790
3.054028807773674 0.04593924435412779 10791
2.317845483049151 0.006608327029681906 10792
3.153926132246789 0.2821872757549443 10793
0.1739105679671203 0.3133731412340078 10794
2.232338402537746 0.03374467500562547 10795
2.62160978079936 0.2955161184273745 10796
-0.164402615829051 0.6060737456225802 10797
2.074510762327476 0.2028764641072814 10798
1.576071268881023 0.1575544102205515 10799
0.9160672499307652 0.101922263872868 10800
2.078033636107371 0.05485802010069453 10801
2.148017117565725 0.09404076794838255 10802
1.536507094400366 0.167683805453455 10803
2.079955130351858 0.09716019812507358 10804
0.949921061764615 0.09683032162674006 10805
3.126457434863485 0.04477936821178657 10806
1.618716227669248 0.1407964152917036 10807
0.8834037419514374 0.09086263097630978 10808
2.949046466344003 0.04049285527195237 10809
0.3560911341255961 0.08429388176674402 10810
-0.01619663445858126 0.08563365080595954 10811
2.205156777893281 0.2734214826634884 10812
2.050133270667897 0.5248976225454082 10813
0.04825016828000574 0.1856419758601427 10814
1.971951517034596 0.5659846733294699 10815
2.012220660737158 0.1484259792805087 10816
2.068346812847043 0.1377611373648502 10817
2.073382701377264 0.1097835432996534 10818
1.182941750136434 0.05760864691468624 10819
1.368545925544412 0.123789754560821 10820
1.918697236920401 0.125727971182477 10821
2.903111482807214 0.1776549390165426 10822
0.5075877581511665 0.4868263788935955 10823
0.4986254388747132 0.4963116636725654 10824
2.880904061075848 0.1494375514022257 10825
2.1322650358932 0.006751813003270605 10826
0.05834358247342729 0.2050996459734065 10827
-0.222772074243166 0.1573573593974907 10828
0.8629195699154765 0.1691499503599985 10829
1.943725079444686 0.04089611760683911 10830
1.323292312947065 0.1825133843735568 10831
0.5177465155709352 0.03135458725564416 10832
2.097111152781257 0.02861920162762137 10833
2.245034604087976 0.3517701805719505 10834
2.18032112825895 0.1513830259180667 10835
1.328598258933161 0.2042102550390829 10836
3.451580935663781 0.1479993651120396 10837
0.1810412729462582 0.302258069486358 10838
0.5783785594543783 0.4835249023313756 10839
-0.2249325953623607 0.005746897973852243 10840
1.290721163657173 0.05335645070488312 10841
3.185652928220249 0.4262043906423826 10842
1.30025361252712 0.04847040210899637 10843
0.01333885335196164 0.03233137964881802 10844
-0.1014762014742247 0.2510175791724899 10845
1.225132946151899 0.1466643360592009 10846
0.4393100434666252 0.03874074944738969 10847
1.378135981079762 0.1964124100304294 10848
0.5715264575575028 0.1248802715310423 10849
1.568382655019807 0.2567080350823673 10850
1.863299989066345 0.09622266780388744 10851
0.9130925272811468 0.1783641673760678 10852
0.692552401369583 0.1300315380527538 10853
2.256987644122654 0.5980145970681978 10854
0.4592467829352847 0.09514384561590278 10855
2.09299433347083 0.06745060557102357 10856
2.066653464354157 0.2616175611988006 10857
1.723625347013241 0.216595309054473 10858
2.887202659641254 0.007324397189993908 10859
2.288223777956563 0.2974141493990112 10860
0.6578520125490548 0.494692359471669 10861
1.117835183225907 0.01928384264514864 10862
1.228141290470678 0.5833950766926317 10863
2.394892820531844 0.2629986070954266 10864
1.565453296560784 0.01446498259237606 10865
0.5743034680089165 0.1647753697786493 10866
0.8789210838816603 0.06233547687919687 10867
0.08168928624199624 0.08284762660628922 10868
1.039718978164275 0.198045797429245 10869
1.711884046151924 0.5903351025561996 10870
0.2164181890758734 0.01654098080111827 10871
-0.1011159507533841 0.06690914633978279 10872
1.615884138823226 0.1739628578713668 10873
1.231903935928019 0.03418830679766056 10874
0.2499341785763265 0.007214537014978195 10875
1.733180485609618 0.5911294547488608 10876
1.773514643626148 0.2208746493841303 10877
2.688906912486714 0.01848507854335995 10878
1.954058642872307 0.1292494440182098 10879
0.5252677625040965 0.4902443543223338 10880
0.5284465850809036 0.5029986558352424 10881
-0.1647435050578705 0.05937559449842406 10882
1.627525426182975 0.06694462267223597 10883
1.804635880373788 0.2137849730013506 10884
1.993821344233844 0.5252272366194766 10885
2.252922435215972 0.09271278986242479 10886
-0.1084104724442118 0.09879276428900892 10887
2.347961830830515 0.1360565857117341 10888
2.255247128574429 0.04716723687546809 10889
2.916506135050829 0.1052446609061509 10890
0.30536103293603 0.005736972719795761 10891
0.6985908817359918 0.5275741365754539 10892
3.432751248238043 0.4301020853510455 10893
-0.05855516413539542 0.3192912655604006 10894
1.948421476792555 0.07030945459900306 10895
0.1024523181398607 0.07632596148774423 10896
2.618661623627683 0.02997251718897082 10897
1.528973339456732 0.233713128086309 10898
0.3840435256541759 0.08663372309131687 10899
1.951377132247708 0.2436835886720807 10900
1.05392889492646 0.01709449305524125 10901
1.520981230957657 0.2207164797408774 10902
0.06135131416981032 0.3084855208608832 10903
0.0523513451908074 0.1390716178645058 10904
2.983892319948117 0.1033626905100855 10905
3.032588756976898 0.2305694610307593 10906
2.050384307208565 0.0374408569191628 10907
2.074060491265292 0.2892416925450748 10908
0.0346022824801116 0.1103564112969415 10909
-0.4603577190957266 0.171033553337468 10910
1.744921067663471 0.1424560975063568 10911
0.08360695330750449 0.3210894000242895 10912
0.07818218360758733 0.3289613142314693 10913
0.06819309899639191 0.3337025321943833 10914
0.06031081913759509 0.335684157696898 10915
0.07106330716562086 0.3270696526879907 10916
1.057208287293443 0.08004837174420248 10917
0.007649088332040728 0.006980120977616681 10918
2.392070298159311 0.07747423988968914 10919
2.033364028774179 0.07445781357435831 10920
0.4923065209901686 0.08766208141146009 10921
2.371824283741558 0.2431753180774464 10922
0.8363130697377752 0.06371324347076875 10923
1.801200337741227 0.1144173093046381 10924
1.28166826949683 0.09434530586900824 10925
1.172775226921425 0.1200758432435534 10926
2.452379765510941 0.1352458702633239 10927
1.982315412874756 0.2855477909838822 10928
0.8177275735339151 0.0360325454774653 10929
0.7355774973908834 0.06723275099078238 10930
0.7186312483122685 0.01783514623650669 10931
1.38195308721756 0.1071338630897309 10932
3.456926480472878 0.5120381472068272 10933
1.305607244134352 0.207920873182434 10934
1.653408504803534 0.1877946318003731 10935
1.184496019669229 0.1970621868386651 10936
2.608251461321471 0.0967556087658803 10937
2.162978739507707 0.2273259525809769 10938
1.642937369717993 0.2336917369116408 10939
1.203933954466802 0.2107780165578323 10940
0.9989695617188822 0.2186684391888962 10941
1.673525127402514 0.1206514335742949 10942
0.7059188590146053 0.5158423373954716 10943
0.4547937774276261 0.4785654885161787 10944
0.1392713725932365 0.1071201661342396 10945
2.156165960947853 0.1643131320067369 10946
1.700262221471884 0.01644210223355395 10947
2.21599418157304 0.2122796074715123 10948
1.955141533526762 0.07639891233491285 10949
0.05987181425813252 0.328427840387859 10950
2.299296249161382 0.3355807260717537 10951
2.060299647641739 0.3297630859384775 10952
2.702163814655968 0.01745897231107656 10953
0.4554998461004452 0.03612231809480946 10954
0.8333528834256991 0.1348813550671563 10955
2.331362610513697 0.3129743311490586 10956
0.9539680457098942 0.06866177202780796 10957
1.416662849140589 0.1579589466464026 10958
1.099329330811422 0.1963673814334113 10959
0.6683684893084285 0.52577732424371 10960
1.893170753230146 0.1226212512284905 10961
2.18421260929243 0.08683894804249505 10962
1.991949129698428 0.234437263990051 10963
0.9791738752371029 0.03160769939197752 10964
3.103666802622972 0.488596899038559 10965
0.2009897491298794 0.3805176423712144 10966
2.018396932915712 0.2233276407966339 10967
-0.380924331846681 0.04168082587820238 10968
0.2758829694021727 0.01901414089117732 10969
1.45387417375466 0.2391918666017471 10970
0.6792458642894963 0.0348631676348669 10971
-0.1451407390135017 0.02826334419565501 10972
1.792742831041164 0.1904027541907201 10973
0.6360685372578451 0.1451914290409259 10974
0.8650231107359524 0.1530458911710668 10975
2.002430385967604 0.2742829072045392 10976
-0.0869151172843876 0.2823998605536308 10977
2.670966782264996 0.2605759509579706 10978
2.036228163833321 0.1815314828986503 10979
3.32584502052298 0.0453079674172668 10980
2.301207887460976 0.1051844498966096 10981
1.509974378091581 0.1762886318842361 10982
1.051867077167761 0.03782306956257754 10983
2.241247906550131 0.0578812236082911 10984
1.482332105761972 0.1699605967969026 10985
3.471982905277992 0.02113901195865387 10986
1.667013335148999 0.02913765528537849 10987
1.159877327762037 0.05118762073743194 10988
0.0701420666761339 0.3185962995627182 10989
-0.1990017243249422 0.147377419253664 10990
1.633027412044687 0.04648539854573967 10991
1.17706913881548 0.00655795260320005 10992
3.403157693056332 0.01845679800695796 10993
-0.4298946303258667 0.3014507733950028 10994
1.969196113020564 0.007136766897934734 10995
2.198608520481248 0.134572563973939 10996
2.083061334680796 0.1576960762524693 10997
2.040554728134389 0.1494350736595423 10998
2.560001547490674 0.02884246132128141 10999
1.646129596324779 0.2722890716415247 11000
1.964485526108037 0.1219773161037872 11001
1.755217309209823 0.2007290800692781 11002
3.201014982331708 0.09497071935887916 11003
0.06724555482612926 0.1802750522330705 11004
0.06065268198500069 0.1804837625070807 11005
1.67454565955962 0.2734794364306079 11006
2.07501236523164 0.2810216687595769 11007
2.41376559912267 0.07464632964514509 11008
2.231472209216863 0.3028985476401577 11009
0.7661323144884775 0.5246952411794454 11010
0.1028928066982393 0.1972285394530953 11011
0.699134414076509 0.05923092077610422 11012
-0.3592399941215357 0.1841168947340873 11013
1.30262259979708 0.1949234329614686 11014
0.2096844920784767 0.4173753845481575 11015
1.14218572745443 0.05498572098555379 11016
2.36170937358965 0.06846261419657237 11017
2.153988547452726 0.0392838644829186 11018
0.0585571499023855 0.01487690772447699 11019
1.357907548514705 0.07524099888748181 11020
2.195758808115988 0.4699386433051565 11021
2.899690310294212 0.01747786668804514 11022
2.237265611744669 0.4369383571301975 11023
1.48954855444384 0.1184829080194801 11024
-0.3271296680512691 0.3763430987141456 11025
0.3984876828662764 0.033523908782254 11026
2.107054255623555 0.07020856012315703 11027
2.189696531717217 0.320048189883149 11028
2.267167391316379 0.07634762100608104 11029
0.4600589634372518 0.01444651747798425 11030
1.118568954096194 0.006649461002330482 11031
3.444040904088977 0.03051964281139424 11032
0.4321069946844336 0.03808074259591648 11033
0.03994187534466004 0.1931648245680954 11034
1.621882264701824 0.09604306652195038 11035
1.482628830499883 0.1510668470463948 11036
2.073851095286562 0.1509954851897244 11037
0.1842063737642153 0.5286130920546639 11038
2.922666428867737 0.007227606820538498 11039
2.108030092571305 0.09604838865252849 11040
1.60518794370456 0.2049199403501268 11041
2.242291535863657 0.3737285950396004 11042
0.986694836257116 0.02853144786345529 11043
1.528348809619521 0.1675188642487116 11044
2.803610713867586 0.007390560897179479 11045
1.541419547258733 0.2413578594733919 11046
1.734258467382996 0.230009588664568 11047
2.517006452213053 0.1252331067145282 11048
0.8064029801817535 0.04486016679088028 11049
2.205257808380494 0.0922993863025894 11050
2.598107392255777 0.2637506654448341 11051
2.505682914496312 0.2625989186563786 11052
1.237351552371077 0.1986246066422613 11053
1.86224036581113 0.1555078845240776 11054
1.552744106599414 0.1024685535749272 11055
0.8509980267883913 0.07460940121732311 11056
2.730216326731477 0.1595120541953535 11057
1.894679686507815 0.09448008181911259 11058
2.910069287078322 0.01792004456189665 11059
-0.1450701793658059 0.03761959476708961 11060
0.9377453260371166 0.1031622685771288 11061
1.169333326720671 0.1404420940802579 11062
2.540951506683864 0.07341746850304581 11063
1.526703714559691 0.08300137824872589 11064
1.245518852361829 0.6223883169699937 11065
0.297649360852454 0.02535967782124372 11066
2.833706809411053 0.03966499008550935 11067
2.356807508743025 0.2436728586946539 11068
0.9597827457549823 0.1084293778537033 11069
1.154261966893022 0.2043893409592563 11070
0.1485165942292912 0.1144618788381214 11071
0.06261579550569377 0.09492977263683314 11072
0.1174267382609769 0.2607389787728155 11073
3.202945702416939 0.05210367635185948 11074
0.07479404952451739 0.3665374087751366 11075
2.087778134521052 0.2845045803827611 11076
0.1211054076468462 0.2114447670967978 11077
2.114366778981754 0.04112502180411504 11078
0.04660172494172998 0.2133942562958348 11079
2.464090125034048 0.2743737698753329 11080
-0.3598328676289164 0.03542280436892069 11081
1.008132766124247 0.2080364105029424 11082
2.09030677160434 0.2717470876612884 11083
1.144613340067397 0.08682913826025969 11084
2.229267072012182 0.1792323800540204 11085
2.30907747199847 0.058381530222869 11086
0.7100019023193833 0.1028401225309905 11087
0.07694844600544218 0.1277782084309563 11088
0.08479386064925618 0.1292423164987273 11089
2.246111849480773 0.1095943499051714 11090
1.81957328685929 0.2008722016873483 11091
1.718879497526102 0.205046350297698 11092
1.27793098525919 0.5876815355866331 11093
2.364337789658929 0.04336148872329332 11094
0.5854729389445954 0.5002813895479398 11095
2.097843690539698 0.3421831619432641 11096
0.9186587408221374 0.1908210678857306 11097
1.674269869470556 0.08800218532541131 11098
1.869328442168721 0.2455810196820482 11099
1.432071738693938 0.1035936223814772 11100
0.03823103538798555 0.2791782716619694 11101
0.3268216784930756 0.1234369288503599 11102
1.254621635441936 0.00544467678014557 11103
1.954745703151365 0.2737901143685197 11104
2.132859044300423 0.2504538925362727 11105
1.961910226758676 0.2729111454670077 11106
0.8839791224608666 0.1200985442890899 11107
0.1147118734595877 0.1437237701363422 11108
1.605289164001625 0.1373780811354068 11109
0.9184419653373587 0.06715434222712711 11110
1.78170924618147 0.1981364704165009 11111
0.03965751663367003 0.1049414777743465 11112
2.563680643683044 0.2347680966174901 11113
0.7894598862316785 0.1846919469864875 11114
1.735802719272326 0.2740335541012515 11115
1.740017325694196 0.1260414252622853 11116
0.1473623528926421 0.06084687982509598 11117
-0.08471307066187166 0.17861606813852 11118
2.071268060888454 0.1040059177741854 11119
2.089261085867285 0.2068345250147273 11120
0.8856044179770516 0.1383667644963669 11121
0.9948321070795275 0.05621301913906034 11122
1.588169211860994 0.06656603490341154 11123
0.1381329963884595 0.224024684033729 11124
0.02661214376174617 0.105990803012122 11125
0.8833681285800272 0.1528754191243989 11126
0.1025568745844057 0.2568301482565164 11127
2.284990658378508 0.02185663641909594 11128
2.504991065032761 0.351897790081349 11129
0.1300715179291587 0.1680810633655503 11130
0.1242035370006822 0.1730450651157248 11131
-0.4580728868052122 0.05616576371953522 11132
2.743589229491102 0.4466525049326091 11133
2.520637669763834 0.1520091803676314 11134
2.342821084327554 0.1694059568661004 11135
1.710845152053445 0.1533077467602171 11136
0.6141719624827603 0.06704357600265384 11137
2.115647540079298 0.2367666368150172 11138
3.311829285167827 0.2185728186787889 11139
2.371301959232921 0.04912583134974889 11140
2.87982536071322 0.4937174409525671 11141
0.7243908907673116 0.5179687819876246 11142
1.713667985427579 0.2737339393614152 11143
1.968370603269668 0.03820179381214099 11144
2.175526569889665 0.246326066683748 11145
1.356686397112443 0.09814330076755201 11146
0.9820268501340641 0.0622727768696359 11147
1.797730713379794 0.07777046455593668 11148
1.495928951223921 0.1142722573173868 11149
0.9761478539662957 0.1821086630220386 11150
1.922259661126602 0.1949911672369262 11151
0.08360072336020687 0.1668523487320027 11152
1.943497493174567 0.1187020923880013 11153
1.506508472229348 0.09390028367163564 11154
2.111370726625847 0.2852684598483294 11155
2.177568165078548 0.4767262036680049 11156
2.941290532755823 0.2455148554293066 11157
0.7895006271072836 0.07461731914131724 11158
0.7961904294037561 0.07376747794086565 11159
0.0897798921229407 0.1236621484909202 11160
1.28721463430531 0.1925109427945151 11161
1.386667035472465 0.1224834741950878 11162
2.427770718415003 0.1960054920383447 11163
1.854999999995659 0.005072059947371379 11164
1.311836183489606 0.02595089287321781 11165
2.545154261327637 0.02343356147322973 11166
0.5945741149969841 0.03501981211832738 11167
-0.08052491830508379 0.3212583170930557 11168
1.443021567833365 0.01380043717006339 11169
1.691441184452658 0.07194028369834767 11170
1.461188290040029 0.2493806503094686 11171
0.7414759270666229 0.03782109596509608 11172
0.8583426759464797 0.07178702160316054 11173
0.8175738843638346 0.1727577349529249 11174
3.397240802866233 0.07166191744172364 11175
0.6099815616749668 0.03112305837398823 11176
1.050046347697011 0.2063665448106561 11177
1.593618573281677 0.2099994452652953 11178
2.339388740813774 0.181338052603378 11179
2.328661614943369 0.4181980121269974 11180
1.850008715673423 0.06280985725420841 11181
0.5997965998265017 0.07703994056599377 11182
0.133268804591203 0.1528215809970086 11183
1.093787448263657 0.1033578236525288 11184
1.461534491350954 0.1237648873182046 11185
1.033357303696031 0.07428224428469372 11186
1.743794948360814 0.2073761917710558 11187
0.03605353125720555 0.1170658962890423 11188
0.1830548556018924 0.3234846371594675 11189
2.233763196879628 0.1019285897187553 11190
0.4129349769372882 0.62560539600422 11191
2.322731140967019 0.02119848116077711 11192
-0.4781230491356308 0.01747505563689784 11193
0.5185315990027395 0.07261864725333876 11194
2.258681706180031 0.08734455611091509 11195
-0.4263925894844733 0.03995009512016194 11196
0.3297471804953947 0.4360225534096354 11197
0.06196427396565275 0.1606341438482493 11198
0.8811926796944186 0.04842664762109276 11199
0.7828988573757593 0.5262547006484433 11200
0.05852314956697012 0.1198910690103554 11201
1.209440566470465 0.06113263639640931 11202
1.853314023627556 0.04265287091329836 11203
2.142164741019171 0.2909010900031323 11204
0.9096376518141535 0.1232627321087585 11205
1.126361063400875 0.02943054347287687 11206
2.32958668902782 0.01791552138331174 11207
0.6980286361094776 0.1038406695303738 11208
0.1186481015824412 0.120794582427359 11209
0.6912715844812252 0.184796307022192 11210
1.168806460121435 0.08294361348444929 11211
2.476612042492645 0.1653237512856121 11212
1.829008048998728 0.09003527718106749 11213
3.211907673081924 0.03201107063170913 11214
3.20835446226742 0.2957287451307772 11215
1.906073842032962 0.1671637325127888 11216
0.6409659858825535 0.0171376258717195 11217
1.984218145058202 0.1384439935605956 11218
0.05860322944667863 0.1339394618521839 11219
1.577770197754337 0.00709977158394443 11220
1.382707095799595 0.06407766397854038 11221
1.960657842839824 0.1506481590938395 11222
0.304716988979417 0.3882652772550566 11223
1.301186269354381 0.1634360591927089 11224
2.262533188900992 0.260515346387324 11225
2.581437421020989 0.09999994038794449 11226
3.39691223391263 0.03670598264707088 11227
2.399586106410003 0.3160848905572143 11228
1.184999999995622 0.005037929988538453 11229
2.211939732266456 0.3696202992146943 11230
1.208101275343707 0.006636566043090021 11231
0.6610312980554542 0.1250759513733093 11232
0.06361626482956155 0.1673223630925558 11233
0.4445967546979998 0.5632602522931783 11234
1.324999999995214 0.005034097788760937 11235
2.811229928561552 0.2737732037188787 11236
0.5428403587843728 0.07554075543773334 11237
-0.3737208566126152 0.2172079411665288 11238
0.08122990089908523 0.0143167025625374 11239
2.254224683531419 0.2115332315431805 11240
-0.08493625536151247 0.09653696531305865 11241
1.303488107268226 0.2255200795710739 11242
2.203060373988865 0.06267859918775404 11243
3.495000000000003 0.005084102934758673 11244
0.4714264179161595 0.6279992340897946 11245
1.623411818442031 0.2204683140691511 11246
2.397384805022838 0.4589990441753249 11247
1.290573790319461 0.1138117186950148 11248
1.068165911061979 0.1486931845576507 11249
2.488489022396701 0.0593343785501661 11250
2.087512906439023 0.1149726222449636 11251
0.3264550442078043 0.08331729411091075 11252
2.326692093219162 0.1737353205050113 11253
2.286236141199462 0.1808238854725009 11254
2.203825772958592 0.2659958819221809 11255
3.224999999999291 0.005502074565828065 11256
1.237187429639527 0.2138582662215432 11257
0.2763824364738406 0.1224791669358158 11258
2.261338946961572 0.1556683967972555 11259
1.245240222777317 0.2160230983627407 11260
1.054882368058867 0.5382972754217442 11261
2.027742077260299 0.007202174109242371 11262
1.610344641845947 0.2234909240244892 11263
0.4575748336044987 0.1113122131311853 11264
0.4098747624516733 0.01464846382509509 11265
0.7761957436890146 0.09548571127231342 11266
2.182440607854885 0.3305534142173129 11267
-0.3525477680502695 0.697054690288787 11268
2.40373236080669 0.2711246138073329 11269
1.646800956141057 0.2028897121685381 11270
1.442293182329724 0.1646568510489899 11271
-0.01438746988867232 0.05295271030927304 11272
0.6464895253910177 0.5095774938499373 11273
1.433888285230975 0.249106272029133 11274
0.2770221469307959 0.08268145830173217 11275
0.01245296484150298 0.04656171888552323 11276
1.243030340480119 0.1823207188034969 11277
0.7110625180227179 0.04245906708406762 11278
0.9393921241863347 0.08480098920408562 11279
1.1655227947924 0.2107206671175815 11280
2.352054224135026 0.3717671723352042 11281
0.02893091599447855 0.1487245383790149 11282
2.172506666238182 0.3052763362709001 11283
-0.04735519197808902 0.07221923069516256 11284
2.319320319104969 0.3078434978345593 11285
2.235872777197398 0.1242274927317974 11286
1.806112760069657 0.2215396140901214 11287
1.535623370255222 0.2660438924691844 11288
0.38219399826184 0.04793513597464544 11289
2.24022468760355 0.09817573619357377 11290
1.36504949432891 0.1908964688905525 11291
2.300818845634752 0.08920227242125814 11292
1.824342995344194 0.1805613801430011 11293
3.217723893532647 0.006809039215660477 11294
1.700286453049634 0.1357591511103612 11295
2.626328616206319 0.3506635509511639 11296
1.698456199525286 0.1284952804552995 11297
0.4054087299351046 0.05611947094457964 11298
1.5296786301689 0.1916073194827914 11299
0.9952622459889131 0.03942987387381167 11300
2.093241357261287 0.2307691791537083 11301
3.142635692102346 0.09508147523803484 11302
1.895044973674636 0.005956401011781298 11303
0.6627696846445521 0.06373740098846678 11304
2.397640686599797 0.3361925010123248 11305
0.6616643745852611 0.139876697676339 11306
0.8169379128665542 0.05574061137395574 11307
2.119615458290128 0.06869087696759638 11308
1.442906212539645 0.1390915343593433 11309
0.6628147922736141 0.5965409856224445 11310
0.8620710219757436 0.03744565804547318 11311
1.104621772769882 0.5422981822786519 11312
1.345260993916916 0.2279301030094389 11313
NMARK= 7
MARKER_TAG= Airfoil1
MARKER_ELEMS= 66
3 0 7 
3 7 8 
3 8 9 
3 9 10 
3 10 11 
3 11 12 
3 12 13 
3 13 14 
3 14 15 
3 15 16 
3 16 17 
3 17 18 
3 18 19 
3 19 20 
3 20 21 
3 21 22 
3 22 23 
3 23 24 
3 24 25 
3 25 26 
3 26 27 
3 27 28 
3 28 29 
3 29 30 
3 30 31 
3 31 32 
3 32 33 
3 33 34 
3 34 35 
3 35 36 
3 36 37 
3 37 38 
3 38 39 
3 39 40 
3 40 41 
3 41 42 
3 42 43 
3 43 44 
3 44 45 
3 45 46 
3 46 47 
3 47 48 
3 48 49 
3 49 50 
3 50 51 
3 51 52 
3 52 53 
3 53 54 
3 54 55 
3 55 56 
3 56 57 
3 57 58 
3 58 59 
3 59 60 
3 60 61 
3 61 62 
3 62 63 
3 63 64 
3 64 65 
3 65 66 
3 66 67 
3 67 68 
3 68 69 
3 69 70 
3 70 71 
3 71 0 
MARKER_TAG= Airfoil2
MARKER_ELEMS= 27
3 1 72 
3 72 73 
3 73 74 
3 74 75 
3 75 76 
3 76 77 
3 77 78 
3 78 79 
3 79 80 
3 80 81 
3 81 82 
3 82 83 
3 83 84 
3 84 85 
3 85 86 
3 86 87 
3 87 88 
3 88 89 
3 89 90 
3 90 91 
3 91 92 
3 92 93 
3 93 94 
3 94 95 
3 95 96 
3 96 97 
3 97 1 
MARKER_TAG= Nose
MARKER_ELEMS= 461
3 2 98 
3 98 99 
3 99 100 
3 100 101 
3 101 102 
3 102 103 
3 103 104 
3 104 105 
3 105 106 
3 106 107 
3 107 108 
3 108 109 
3 109 110 
3 110 111 
3 111 112 
3 112 113 
3 113 114 
3 114 115 
3 115 116 
3 116 117 
3 117 118 
3 118 119 
3 119 120 
3 120 121 
3 121 122 
3 122 123 
3 123 124 
3 124 125 
3 125 126 
3 126 127 
3 127 128 
3 128 129 
3 129 130 
3 130 131 
3 131 132 
3 132 133 
3 133 134 
3 134 135 
3 135 136 
3 136 137 
3 137 138 
3 138 139 
3 139 140 
3 140 141 
3 141 142 
3 142 143 
3 143 144 
3 144 145 
3 145 146 
3 146 147 
3 147 148 
3 148 149 
3 149 150 
3 150 151 
3 151 152 
3 152 153 
3 153 154 
3 154 155 
3 155 156 
3 156 157 
3 157 158 
3 158 159 
3 159 160 
3 160 161 
3 161 162 
3 162 163 
3 163 164 
3 164 165 
3 165 166 
3 166 167 
3 167 168 
3 168 169 
3 169 170 
3 170 171 
3 171 172 
3 172 173 
3 173 174 
3 174 175 
3 175 176 
3 176 177 
3 177 178 
3 178 179 
3 179 180 
3 180 181 
3 181 182 
3 182 183 
3 183 184 
3 184 185 
3 185 186 
3 186 187 
3 187 188 
3 188 189 
3 189 190 
3 190 191 
3 191 192 
3 192 193 
3 193 194 
3 194 195 
3 195 196 
3 196 197 
3 197 198 
3 198 199 
3 199 200 
3 200 201 
3 201 202 
3 202 203 
3 203 204 
3 204 205 
3 205 206 
3 206 207 
3 207 208 
3 208 209 
3 209 210 
3 210 211 
3 211 212 
3 212 213 
3 213 214 
3 214 215 
3 215 216 
3 216 217 
3 217 218 
3 218 219 
3 219 220 
3 220 221 
3 221 222 
3 222 223 
3 223 224 
3 224 225 
3 225 226 
3 226 227 
3 227 228 
3 228 229 
3 229 230 
3 230 231 
3 231 232 
3 232 233 
3 233 234 
3 234 235 
3 235 236 
3 236 237 
3 237 238 
3 238 239 
3 239 240 
3 240 241 
3 241 242 
3 242 243 
3 243 244 
3 244 245 
3 245 246 
3 246 247 
3 247 248 
3 248 249 
3 249 250 
3 250 251 
3 251 252 
3 252 253 
3 253 254 
3 254 255 
3 255 256 
3 256 257 
3 257 258 
3 258 259 
3 259 260 
3 260 261 
3 261 262 
3 262 263 
3 263 264 
3 264 265 
3 265 266 
3 266 267 
3 267 268 
3 268 269 
3 269 270 
3 270 271 
3 271 272 
3 272 273 
3 273 274 
3 274 275 
3 275 276 
3 276 277 
3 277 278 
3 278 279 
3 279 280 
3 280 281 
3 281 282 
3 282 283 
3 283 284 
3 284 285 
3 285 286 
3 286 287 
3 287 288 
3 288 289 
3 289 290 
3 290 291 
3 291 292 
3 292 293 
3 293 294 
3 294 295 
3 295 296 
3 296 297 
3 297 298 
3 298 299 
3 299 300 
3 300 301 
3 301 302 
3 302 303 
3 303 304 
3 304 305 
3 305 306 
3 306 307 
3 307 308 
3 308 309 
3 309 310 
3 310 311 
3 311 312 
3 312 313 
3 313 314 
3 314 315 
3 315 316 
3 316 317 
3 317 318 
3 318 319 
3 319 320 
3 320 321 
3 321 322 
3 322 323 
3 323 324 
3 324 325 
3 325 326 
3 326 327 
3 327 328 
3 328 329 
3 329 330 
3 330 331 
3 331 332 
3 332 333 
3 333 334 
3 334 335 
3 335 336 
3 336 337 
3 337 338 
3 338 339 
3 339 340 
3 340 341 
3 341 342 
3 342 343 
3 343 344 
3 344 345 
3 345 346 
3 346 347 
3 347 348 
3 348 349 
3 349 350 
3 350 351 
3 351 352 
3 352 353 
3 353 354 
3 354 355 
3 355 356 
3 356 357 
3 357 358 
3 358 359 
3 359 360 
3 360 361 
3 361 362 
3 362 363 
3 363 364 
3 364 365 
3 365 366 
3 366 367 
3 367 368 
3 368 369 
3 369 370 
3 370 371 
3 371 372 
3 372 373 
3 373 374 
3 374 375 
3 375 376 
3 376 377 
3 377 378 
3 378 379 
3 379 380 
3 380 381 
3 381 382 
3 382 383 
3 383 384 
3 384 385 
3 385 386 
3 386 387 
3 387 388 
3 388 389 
3 389 390 
3 390 391 
3 391 392 
3 392 393 
3 393 394 
3 394 395 
3 395 396 
3 396 397 
3 397 398 
3 398 399 
3 399 400 
3 400 401 
3 401 402 
3 402 403 
3 403 404 
3 404 405 
3 405 406 
3 406 407 
3 407 408 
3 408 409 
3 409 410 
3 410 411 
3 411 412 
3 412 413 
3 413 414 
3 414 415 
3 415 416 
3 416 417 
3 417 418 
3 418 419 
3 419 420 
3 420 421 
3 421 422 
3 422 423 
3 423 424 
3 424 425 
3 425 426 
3 426 427 
3 427 428 
3 428 429 
3 429 430 
3 430 431 
3 431 432 
3 432 433 
3 433 434 
3 434 435 
3 435 436 
3 436 437 
3 437 438 
3 438 439 
3 439 440 
3 440 441 
3 441 442 
3 442 443 
3 443 444 
3 444 445 
3 445 446 
3 446 447 
3 447 448 
3 448 449 
3 449 450 
3 450 451 
3 451 452 
3 452 453 
3 453 454 
3 454 455 
3 455 456 
3 456 457 
3 457 458 
3 458 459 
3 459 460 
3 460 461 
3 461 462 
3 462 463 
3 463 464 
3 464 465 
3 465 466 
3 466 467 
3 467 468 
3 468 469 
3 469 470 
3 470 471 
3 471 472 
3 472 473 
3 473 474 
3 474 475 
3 475 476 
3 476 477 
3 477 478 
3 478 479 
3 479 480 
3 480 481 
3 481 482 
3 482 483 
3 483 484 
3 484 485 
3 485 486 
3 486 487 
3 487 488 
3 488 489 
3 489 490 
3 490 491 
3 491 492 
3 492 493 
3 493 494 
3 494 495 
3 495 496 
3 496 497 
3 497 498 
3 498 499 
3 499 500 
3 500 501 
3 501 502 
3 502 503 
3 503 504 
3 504 505 
3 505 506 
3 506 507 
3 507 508 
3 508 509 
3 509 510 
3 510 511 
3 511 512 
3 512 513 
3 513 514 
3 514 515 
3 515 516 
3 516 517 
3 517 518 
3 518 519 
3 519 520 
3 520 521 
3 521 522 
3 522 523 
3 523 524 
3 524 525 
3 525 526 
3 526 527 
3 527 528 
3 528 529 
3 529 530 
3 530 531 
3 531 532 
3 532 533 
3 533 534 
3 534 535 
3 535 536 
3 536 537 
3 537 538 
3 538 539 
3 539 540 
3 540 541 
3 541 542 
3 542 543 
3 543 544 
3 544 545 
3 545 546 
3 546 547 
3 547 548 
3 548 549 
3 549 550 
3 550 551 
3 551 552 
3 552 553 
3 553 554 
3 554 555 
3 555 556 
3 556 557 
3 557 2 
MARKER_TAG= inlet
MARKER_ELEMS= 20
3 6 1015 
3 1015 1016 
3 1016 1017 
3 1017 1018 
3 1018 1019 
3 1019 1020 
3 1020 1021 
3 1021 1022 
3 1022 1023 
3 1023 1024 
3 1024 1025 
3 1025 1026 
3 1026 1027 
3 1027 1028 
3 1028 1029 
3 1029 1030 
3 1030 1031 
3 1031 1032 
3 1032 1033 
3 1033 3 
MARKER_TAG= outlet
MARKER_ELEMS= 20
3 4 957 
3 957 958 
3 958 959 
3 959 960 
3 960 961 
3 961 962 
3 962 963 
3 963 964 
3 964 965 
3 965 966 
3 966 967 
3 967 968 
3 968 969 
3 969 970 
3 970 971 
3 971 972 
3 972 973 
3 973 974 
3 974 975 
3 975 5 
MARKER_TAG= bottom
MARKER_ELEMS= 400
3 3 558 
3 558 559 
3 559 560 
3 560 561 
3 561 562 
3 562 563 
3 563 564 
3 564 565 
3 565 566 
3 566 567 
3 567 568 
3 568 569 
3 569 570 
3 570 571 
3 571 572 
3 572 573 
3 573 574 
3 574 575 
3 575 576 
3 576 577 
3 577 578 
3 578 579 
3 579 580 
3 580 581 
3 581 582 
3 582 583 
3 583 584 
3 584 585 
3 585 586 
3 586 587 
3 587 588 
3 588 589 
3 589 590 
3 590 591 
3 591 592 
3 592 593 
3 593 594 
3 594 595 
3 595 596 
3 596 597 
3 597 598 
3 598 599 
3 599 600 
3 600 601 
3 601 602 
3 602 603 
3 603 604 
3 604 605 
3 605 606 
3 606 607 
3 607 608 
3 608 609 
3 609 610 
3 610 611 
3 611 612 
3 612 613 
3 613 614 
3 614 615 
3 615 616 
3 616 617 
3 617 618 
3 618 619 
3 619 620 
3 620 621 
3 621 622 
3 622 623 
3 623 624 
3 624 625 
3 625 626 
3 626 627 
3 627 628 
3 628 629 
3 629 630 
3 630 631 
3 631 632 
3 632 633 
3 633 634 
3 634 635 
3 635 636 
3 636 637 
3 637 638 
3 638 639 
3 639 640 
3 640 641 
3 641 642 
3 642 643 
3 643 644 
3 644 645 
3 645 646 
3 646 647 
3 647 648 
3 648 649 
3 649 650 
3 650 651 
3 651 652 
3 652 653 
3 653 654 
3 654 655 
3 655 656 
3 656 657 
3 657 658 
3 658 659 
3 659 660 
3 660 661 
3 661 662 
3 662 663 
3 663 664 
3 664 665 
3 665 666 
3 666 667 
3 667 668 
3 668 669 
3 669 670 
3 670 671 
3 671 672 
3 672 673 
3 673 674 
3 674 675 
3 675 676 
3 676 677 
3 677 678 
3 678 679 
3 679 680 
3 680 681 
3 681 682 
3 682 683 
3 683 684 
3 684 685 
3 685 686 
3 686 687 
3 687 688 
3 688 689 
3 689 690 
3 690 691 
3 691 692 
3 692 693 
3 693 694 
3 694 695 
3 695 696 
3 696 697 
3 697 698 
3 698 699 
3 699 700 
3 700 701 
3 701 702 
3 702 703 
3 703 704 
3 704 705 
3 705 706 
3 706 707 
3 707 708 
3 708 709 
3 709 710 
3 710 711 
3 711 712 
3 712 713 
3 713 714 
3 714 715 
3 715 716 
3 716 717 
3 717 718 
3 718 719 
3 719 720 
3 720 721 
3 721 722 
3 722 723 
3 723 724 
3 724 725 
3 725 726 
3 726 727 
3 727 728 
3 728 729 
3 729 730 
3 730 731 
3 731 732 
3 732 733 
3 733 734 
3 734 735 
3 735 736 
3 736 737 
3 737 738 
3 738 739 
3 739 740 
3 740 741 
3 741 742 
3 742 743 
3 743 744 
3 744 745 
3 745 746 
3 746 747 
3 747 748 
3 748 749 
3 749 750 
3 750 751 
3 751 752 
3 752 753 
3 753 754 
3 754 755 
3 755 756 
3 756 757 
3 757 758 
3 758 759 
3 759 760 
3 760 761 
3 761 762 
3 762 763 
3 763 764 
3 764 765 
3 765 766 
3 766 767 
3 767 768 
3 768 769 
3 769 770 
3 770 771 
3 771 772 
3 772 773 
3 773 774 
3 774 775 
3 775 776 
3 776 777 
3 777 778 
3 778 779 
3 779 780 
3 780 781 
3 781 782 
3 782 783 
3 783 784 
3 784 785 
3 785 786 
3 786 787 
3 787 788 
3 788 789 
3 789 790 
3 790 791 
3 791 792 
3 792 793 
3 793 794 
3 794 795 
3 795 796 
3 796 797 
3 797 798 
3 798 799 
3 799 800 
3 800 801 
3 801 802 
3 802 803 
3 803 804 
3 804 805 
3 805 806 
3 806 807 
3 807 808 
3 808 809 
3 809 810 
3 810 811 
3 811 812 
3 812 813 
3 813 814 
3 814 815 
3 815 816 
3 816 817 
3 817 818 
3 818 819 
3 819 820 
3 820 821 
3 821 822 
3 822 823 
3 823 824 
3 824 825 
3 825 826 
3 826 827 
3 827 828 
3 828 829 
3 829 830 
3 830 831 
3 831 832 
3 832 833 
3 833 834 
3 834 835 
3 835 836 
3 836 837 
3 837 838 
3 838 839 
3 839 840 
3 840 841 
3 841 842 
3 842 843 
3 843 844 
3 844 845 
3 845 846 
3 846 847 
3 847 848 
3 848 849 
3 849 850 
3 850 851 
3 851 852 
3 852 853 
3 853 854 
3 854 855 
3 855 856 
3 856 857 
3 857 858 
3 858 859 
3 859 860 
3 860 861 
3 861 862 
3 862 863 
3 863 864 
3 864 865 
3 865 866 
3 866 867 
3 867 868 
3 868 869 
3 869 870 
3 870 871 
3 871 872 
3 872 873 
3 873 874 
3 874 875 
3 875 876 
3 876 877 
3 877 878 
3 878 879 
3 879 880 
3 880 881 
3 881 882 
3 882 883 
3 883 884 
3 884 885 
3 885 886 
3 886 887 
3 887 888 
3 888 889 
3 889 890 
3 890 891 
3 891 892 
3 892 893 
3 893 894 
3 894 895 
3 895 896 
3 896 897 
3 897 898 
3 898 899 
3 899 900 
3 900 901 
3 901 902 
3 902 903 
3 903 904 
3 904 905 
3 905 906 
3 906 907 
3 907 908 
3 908 909 
3 909 910 
3 910 911 
3 911 912 
3 912 913 
3 913 914 
3 914 915 
3 915 916 
3 916 917 
3 917 918 
3 918 919 
3 919 920 
3 920 921 
3 921 922 
3 922 923 
3 923 924 
3 924 925 
3 925 926 
3 926 927 
3 927 928 
3 928 929 
3 929 930 
3 930 931 
3 931 932 
3 932 933 
3 933 934 
3 934 935 
3 935 936 
3 936 937 
3 937 938 
3 938 939 
3 939 940 
3 940 941 
3 941 942 
3 942 943 
3 943 944 
3 944 945 
3 945 946 
3 946 947 
3 947 948 
3 948 949 
3 949 950 
3 950 951 
3 951 952 
3 952 953 
3 953 954 
3 954 955 
3 955 956 
3 956 4 
MARKER_TAG= top
MARKER_ELEMS= 40
3 5 976 
3 976 977 
3 977 978 
3 978 979 
3 979 980 
3 980 981 
3 981 982 
3 982 983 
3 983 984 
3 984 985 
3 985 986 
3 986 987 
3 987 988 
3 988 989 
3 989 990 
3 990 991 
3 991 992 
3 992 993 
3 993 994 
3 994 995 
3 995 996 
3 996 997 
3 997 998 
3 998 999 
3 999 1000 
3 1000 1001 
3 1001 1002 
3 1002 1003 
3 1003 1004 
3 1004 1005 
3 1005 1006 
3 1006 1007 
3 1007 1008 
3 1008 1009 
3 1009 1010 
3 1010 1011 
3 1011 1012 
3 1012 1013 
3 1013 1014 
3 1014 6 
